crmid,email,first_name,last_name,gender,mobile telephone,city,country,zip,state,street address,birthday,creditrating
crmid:6917844239,eller1925@yandex.com,Francis,Cobb,,800-287-7860,Fountain Valley,United States,83216,Virginia,588 Hillway,1963-03-13,1382
crmid:9594347181,allthing1965@outlook.com,Yaeko,Dawson,female,936-901-6004,Cudahy,United States,57690,Kentucky,1239 Merrimac,1952-09-08,2270
crmid:5185360372,appetence1891@yandex.com,Victorina,Church,female,947-667-9780,Charlotte,United States,96851,Vermont,524 Excelsior,1946-10-21,2525
crmid:9565923662,clowder2041@yandex.com,Ezra,Mooney,,865-608-6189,Inglewood,United States,58376,Delaware,750 Seawell,1974-09-26,1931
crmid:5355004462,herbosity2043@yandex.com,Shaunte,Elliott,female,304-371-4018,Providence,United States,94995,Texas,227 Magnolia,1952-08-09,1224
crmid:4301890824,alkanethiol2049@outlook.com,Hung,Ruiz,male,997-961-5262,Plantation,United States,07988,New York,953 Josepha,1930-05-26,2009
crmid:6374186696,postbrachial2045@live.com,Un,Hull,female,304-340-6295,Coon Rapids,United States,54664,Massachusetts,126 Gladstone,1950-09-15,2179
crmid:9897115322,pneumatotactic2012@live.com,Tyron,Sosa,male,373-132-7616,Tinley Park,United States,57975,Nebraska,852 Cunningham,1938-12-31,2927
crmid:4440095882,absit1807@outlook.com,Arturo,Moore,,516-030-0691,Grand Rapids,United States,06807,Ohio,342 Angelos,1967-01-01,1770
crmid:4815110211,cosimo1887@yahoo.com,Etsuko,Holland,female,013-844-8869,Durant,United States,13766,Nevada,631 Danvers,1956-03-14,2128
crmid:5434431917,acephalous1969@outlook.com,Warren,Pearson,male,013-887-6043,Pembroke Pines,United States,07663,Alabama,31 Edgemont,1936-10-25,2146
crmid:3433095984,semihistorical1842@yahoo.com,Tanner,Buckner,,739-394-2905,Waterloo,United States,79696,Delaware,753 Moss,1978-09-22,2038
crmid:9131183400,troutflower1919@outlook.com,Lindsay,Gallegos,,523-473-1409,Paragould,United States,46782,Missouri,646 Morse,1985-09-20,1022
crmid:4394266760,amarvel2006@live.com,Luis,Avila,,100-560-9577,Madison,United States,13001,Oklahoma,840 Arthur,1985-03-07,2513
crmid:7430094603,uvulectomy1929@live.com,Deangelo,Frazier,,175-196-5900,Reno,United States,35014,Kentucky,387 Arch,1977-10-13,934
crmid:9841421827,contemptuous1863@gmail.com,Mitsue,Underwood,female,941-032-1068,New York,United States,79838,Arkansas,729 Crags,1997-12-24,2008
crmid:1103105923,elephant1986@gmail.com,Evelina,Richard,female,188-538-6620,Delaware,United States,10331,Florida,983 Taraval,1954-03-24,2316
crmid:7827574099,flowerlessness1873@gmail.com,Edmundo,Collins,,004-404-8873,Palm Springs,United States,33971,Arkansas,295 Newhall,1974-07-29,1662
crmid:8610101274,overarching1801@gmail.com,Luana,Nichols,female,435-289-3360,Euless,United States,86863,Iowa,173 Salinas,1960-11-28,504
crmid:3245229180,euectic1887@live.com,Lenard,Paul,,360-476-9962,Lakeville,United States,15698,Colorado,952 Encanto,1980-02-15,2129
crmid:7531926852,deuteron1986@live.com,Delmer,Leblanc,,970-757-1322,Fort Worth,United States,76154,Mississippi,1016 Gilman,1963-03-20,1594
crmid:7589989576,sulphurage2006@yahoo.com,Micki,Hooper,female,511-753-3417,Citrus Heights,United States,64057,Montana,1130 Crook,1947-11-12,806
crmid:1024979260,tattooage1800@live.com,Kurt,Vinson,male,844-849-1171,Ansonia,United States,34908,New York,841 Stone,1933-06-30,1628
crmid:7308549940,protoderm1997@yandex.com,Oren,Estrada,male,169-226-3536,Alabaster,United States,46631,South Dakota,509 Oakwood,1930-07-09,617
crmid:4654718241,tupelo2002@yandex.com,Trenton,Key,,231-300-2991,Lomita,United States,10579,Indiana,539 Palou,1984-03-18,1145
crmid:4916726694,endoperidial2015@gmail.com,Rodger,Noble,male,799-564-5212,Ashtabula,United States,41479,Delaware,876 Edward,1934-08-21,2839
crmid:6516919109,kangaroo1814@outlook.com,Sylvie,Rios,female,240-016-9882,Coral Springs,United States,89739,Kentucky,644 Regent,1950-08-25,2809
crmid:8616821483,dispassioned1955@live.com,Stan,Mooney,male,950-899-3960,Carrollton,United States,54389,Pennsylvania,83 Don Chee,1944-09-20,1789
crmid:9351777713,djins1812@yahoo.com,Clair,Gates,male,196-928-8107,Bessemer,United States,09301,Utah,544 Rossmoor,1938-02-11,2950
crmid:8194151203,mediums1819@yandex.com,Newton,Woods,male,556-306-1602,Wayne,United States,09109,North Dakota,1152 Rosemary,1936-07-31,2106
crmid:7768809960,atmospheric1878@live.com,Dane,Harrell,,734-105-6774,Urbana,United States,38071,Nebraska,603 Dr Carlton B Goodlett,1977-12-27,1361
crmid:9233832096,streamliner1830@gmail.com,Byron,Rogers,male,395-810-3201,Bismarck,United States,00718,Illinois,346 Tonquin,1939-02-25,2951
crmid:9992154269,tautousian1835@outlook.com,Demarcus,Evans,,873-594-4353,Foster City,United States,33288,California,37 Brice,1963-06-03,2607
crmid:5429794743,doina1847@outlook.com,Hermina,Mcclure,female,543-277-6075,Perth Amboy,United States,66196,New Hampshire,785 Tevis,1955-11-19,2447
crmid:1826960541,cosmetic2003@outlook.com,Cedric,Diaz,male,653-275-8066,Murfreesboro,United States,12936,Ohio,1338 Long Bridge,1994-02-03,480
crmid:9085001357,interscene2044@yandex.com,Henry,Peck,,686-350-8718,Statesville,United States,34386,Arizona,1326 Shannon,1975-11-16,432
crmid:1935843402,customer1858@yahoo.com,Aubrey,Murray,,399-621-1295,Oceanside,United States,63583,Arizona,954 Leese,1970-09-24,2281
crmid:7594574375,pacas1944@yahoo.com,Omar,Strong,,285-221-6122,Santa Cruz,United States,30794,Nevada,624 Knollview,1978-11-03,1831
crmid:2737543490,couplet1982@gmail.com,Ceola,Carroll,female,108-514-8933,St. Petersburg,United States,99810,Minnesota,329 Diana,1950-02-05,2342
crmid:5972772881,clevie1851@yandex.com,Eduardo,Decker,,053-114-2555,Turlock,United States,95937,Iowa,893 Hollywood,1985-08-10,1506
crmid:3070426250,porpoise1837@outlook.com,Josue,Randall,,080-349-5088,Tulsa,United States,63335,California,42 Normandie,1996-07-09,1930
crmid:2079686065,overdogs1952@outlook.com,Emerson,Marsh,male,416-012-4850,West Springfield,United States,05091,Arkansas,760 Clarendon,1937-03-18,2380
crmid:3833462284,entitledness1885@live.com,Donnetta,Haley,female,006-662-5967,Pearl,United States,13730,Wisconsin,672 Alberta,1952-03-12,585
crmid:6883828575,fortuneteller1938@yandex.com,Hilton,Vaughan,,873-634-8522,Palos Hills,United States,35822,Louisiana,748 Castillo,1970-07-17,1259
crmid:9634011955,costarred2044@live.com,Ty,Tyson,,555-111-7418,Wheaton,United States,74728,South Carolina,640 Shawnee,1982-08-25,1280
crmid:9904855874,schuss1889@yandex.com,Cornelius,Carrillo,,378-883-0618,Garden City,United States,23818,Pennsylvania,357 West Pacific,1965-04-25,2885
crmid:7497173074,adaw2042@gmail.com,Edgar,Burt,,914-441-0869,Madison Heights,United States,27160,New Mexico,994 Old Mason,1985-04-06,1775
crmid:6538960111,accosting1937@live.com,Svetlana,Rowe,female,642-891-8068,Fairhope,United States,47118,Georgia,219 Harkness,1961-08-25,2316
crmid:2791512711,highbrows1978@gmail.com,Ernie,Stafford,,420-648-6544,Scottsdale,United States,48947,Connecticut,1199 Lydia,1986-10-27,414
crmid:4756424440,improve1960@yahoo.com,Wai,Wiggins,female,187-788-6414,Sebastian,United States,29938,Illinois,1194 Gardenside,1959-09-10,697
crmid:1631275236,curate1834@live.com,Stacy,Mcdonald,,366-002-2227,Lemoore,United States,08887,Oregon,932 Saddleback,1982-01-28,1595
crmid:3680987550,untightened1859@outlook.com,Hubert,Hammond,male,908-977-9525,Ardmore,United States,25661,Connecticut,128 Justin,1933-05-12,1503
crmid:3556939416,redictating1939@gmail.com,Parker,Knapp,,045-030-0433,Hot Springs,United States,53460,Mississippi,127 Jones,1973-09-14,538
crmid:7509453736,bursate2002@live.com,Mafalda,Brock,female,977-668-2987,Owatonna,United States,61343,Rhode Island,1263 Aptos,1954-06-04,2732
crmid:3237163679,religion1923@yahoo.com,Sylvie,Kerr,female,383-805-2462,Rosemount,United States,76746,Kansas,626 Birch,1948-08-16,1232
crmid:8629750382,bayesian1904@outlook.com,Richard,Cochran,,609-613-7296,Fond du Lac,United States,08911,Utah,1076 Garfield,1962-01-12,2303
crmid:1347128754,isopoda1880@live.com,Myles,Salas,,532-970-7042,Missoula,United States,32986,Wisconsin,822 Post,1992-07-18,2259
crmid:9443728980,bovid1914@yahoo.com,Rocky,Ramos,,339-613-2007,Muskegon,United States,82743,North Dakota,1313 Green,1994-06-08,2564
crmid:5827153982,costectomy1927@gmail.com,Cyrstal,Miles,female,435-826-2882,St. Joseph,United States,29560,Kansas,878 Easement,1956-10-20,905
crmid:7101236717,electroretinography1888@outlook.com,Williams,Whitney,,829-429-0318,Montclair,United States,00794,Idaho,1068 Clover,1992-01-09,331
crmid:2046177477,sedatives1850@yandex.com,Lupe,Holcomb,,830-071-7349,Walker,United States,83083,Indiana,204 Font,1974-10-04,457
crmid:2001556543,pamperers1879@yahoo.com,Vernon,Patton,,078-071-9529,La Verne,United States,55273,Vermont,1047 Kinzey,1979-09-27,1326
crmid:4587304118,tawer1831@yandex.com,Howard,Hudson,,865-731-7274,North Lauderdale,United States,34289,Vermont,1236 Young,1998-05-05,2478
crmid:3588537662,autographs1997@gmail.com,Perry,Jones,,181-151-2360,Twentynine Palms,United States,41546,Missouri,213 Capra,1992-03-11,2990
crmid:2043384810,uranite1933@gmail.com,Dudley,Meyers,,131-658-0962,North Plainfield,United States,59471,Alaska,410 Irwin,1999-09-21,1622
crmid:5676379219,persuadingly1809@yandex.com,Willard,Valencia,male,410-267-4096,Baltimore,United States,87520,New Hampshire,399 Portal,1935-12-25,2555
crmid:4684731302,allegri2038@yahoo.com,Garland,Head,male,286-358-6186,Bridgeton,United States,23428,South Dakota,284 Morning Glory,1941-04-13,728
crmid:7499281579,bunchberry1926@live.com,Ike,Montgomery,,887-087-7990,Williamsport,United States,41723,Kansas,757 Pleasant,1991-03-06,2485
crmid:5563529440,chien1880@outlook.com,Joseph,Middleton,,690-113-0998,Grandview,United States,20836,South Carolina,322 Robinson,1967-05-24,660
crmid:3407551185,paseos1926@outlook.com,Golden,Jennings,female,203-408-5569,Oakley,United States,52412,Indiana,135 Olmstead,1959-03-15,1649
crmid:8776540468,swingaround1902@live.com,Raymond,Castillo,male,514-915-6969,Texarkana,United States,01595,Delaware,338 Ship,1942-08-05,546
crmid:1153182460,believer2031@gmail.com,Jeanice,Merrill,female,963-426-6031,Crystal,United States,20689,Utah,813 Goettingen,1952-04-20,2261
crmid:4059687836,chandan2017@yandex.com,Benedict,Hester,male,067-766-5259,Americus,United States,01406,Wyoming,296 Merced,1932-01-14,1929
crmid:4308284735,highbrows1897@live.com,Heriberto,Landry,,373-702-6607,Hays,United States,98553,Illinois,671 Ninth,1970-05-29,2226
crmid:7931398519,disorganise2049@yahoo.com,Homer,Gould,male,821-911-0070,Beaumont,United States,83862,Rhode Island,999 Waterloo,1936-05-12,2337
crmid:4063904255,fagottino1931@outlook.com,China,Stephens,female,101-765-0624,Eastpointe,United States,90636,Kentucky,363 Aztec,1957-02-28,1070
crmid:5061737919,storminess1818@yandex.com,Greg,Shepherd,,182-656-1519,Gresham,United States,32820,Georgia,1292 Steuben,1968-06-15,1300
crmid:7783874471,curvilinear1979@live.com,Carmen,Riddle,,837-002-0195,Manhattan Beach,United States,86950,Wyoming,923 Shotwell,1986-07-21,1520
crmid:7901538222,imperatorially2020@outlook.com,Brendon,Miranda,,370-666-2530,Kearney,United States,26064,South Carolina,1183 Rebecca,1976-05-27,394
crmid:2287921586,imply1952@yandex.com,Sammy,David,male,506-133-6076,Allentown,United States,51250,Texas,265 Sampson,1931-09-08,2437
crmid:5284107804,pelecypoda1958@yahoo.com,Isaias,Johnson,male,224-476-4276,Amarillo,United States,64767,Connecticut,405 Hattie,1932-12-09,1779
crmid:6708430794,ravish1926@live.com,Isa,York,female,874-305-9274,Chandler,United States,89656,Nevada,1208 Overlook,1946-04-15,661
crmid:3901080663,quail1864@yahoo.com,Mckinley,Dickerson,male,230-395-9383,New Haven,United States,53746,Massachusetts,159 Jessie West,1996-09-03,1001
crmid:7978811119,cornea1989@outlook.com,Erwin,Clemons,male,244-674-9627,Tualatin,United States,01592,Mississippi,417 Morse,1938-04-06,1866
crmid:2364911008,dogtag1919@outlook.com,Alec,Beasley,male,739-547-2163,Scranton,United States,09527,Minnesota,991 Webster,1936-01-02,1896
crmid:3856908187,potsie1863@gmail.com,Waldo,Ochoa,male,855-837-3115,Cedar City,United States,76018,Pennsylvania,1062 Shrader,1945-12-19,1438
crmid:7685284126,palmiped1967@gmail.com,Temeka,Brock,female,179-355-9510,San Francisco,United States,16741,Arizona,672 Upper,1951-11-18,1036
crmid:7755849343,chamade1934@yandex.com,Edward,Serrano,,368-662-7218,Huntington,United States,29867,Kansas,539 Sherwood,1973-05-27,905
crmid:4098321938,hydronegative1844@yahoo.com,Hal,Warren,,567-444-3647,New Brunswick,United States,26758,Arizona,501 Ridge,1996-05-04,2900
crmid:1463984298,piscators1834@yandex.com,Dane,Holden,male,942-608-1825,Ada,United States,11999,New Jersey,371 Lagunitas,1930-02-14,763
crmid:7788837480,desiri1918@live.com,Clayton,Sweet,male,434-414-3573,Racine,United States,08424,Missouri,1020 Pearl,1935-02-28,2617
crmid:1318174731,soh2053@live.com,Sidney,Kent,male,782-627-7780,Newport News,United States,09544,North Dakota,180 Staples,1997-02-26,2312
crmid:1573811580,archeus1974@yahoo.com,Horacio,Delacruz,male,837-089-8312,Arlington Heights,United States,66233,Maryland,761 Nimitz,1933-11-23,1592
crmid:9561366693,downstreet2036@yahoo.com,Eddie,Summers,male,908-984-7392,American Fork,United States,13749,Alaska,348 Kenneth Rexroth,1932-03-28,395
crmid:6771261151,blizz1939@live.com,Antwan,Mccray,,963-083-3560,Holladay,United States,91064,Minnesota,1254 Margrave,1972-04-04,2733
crmid:5266163388,numbat1957@gmail.com,Alexander,Frazier,male,384-395-2585,Wildwood,United States,03083,Connecticut,457 Santa Marina,1938-01-10,1063
crmid:1870870402,uninspired2068@yandex.com,Setsuko,Cook,female,904-491-0682,Columbia Heights,United States,41950,South Carolina,1106 Anzavista,1949-08-07,1009
crmid:2401394406,nonphysiologically1916@gmail.com,Timothy,Bernard,,428-366-1408,New Albany,United States,98257,Maryland,559 Halleck,1995-06-27,836
crmid:1692914020,raven2062@live.com,Jess,Dixon,,199-515-4636,Freeport,United States,76672,Maryland,967 Hawkins,1964-11-15,1933
crmid:6293726575,ceruleum1946@live.com,Jamika,Witt,female,563-644-5113,West Hollywood,United States,72245,New York,1376 Velasco,1955-12-07,969
crmid:7934751421,lageniform1984@live.com,Bree,Ramos,female,828-167-2134,Des Moines,United States,77438,Kentucky,1236 Corbin,1954-12-02,1201
crmid:2039752957,anaesthetic1864@yahoo.com,Lorenzo,Pitts,,759-421-0703,Maple Valley,United States,03749,Oklahoma,605 Pershing,1986-02-04,677
crmid:5932243329,tupelo1971@yahoo.com,Darron,Vinson,male,259-078-3792,Susanville,United States,01638,Michigan,491 Hansen,1941-03-30,825
crmid:5136889623,efficacious1827@gmail.com,Lucien,Mueller,,939-910-6859,Reading,United States,35066,Massachusetts,1144 Waldo,1977-10-14,1422
crmid:5948674478,encloud1840@live.com,Joan,Hays,male,570-786-8342,Bethel Park,United States,93105,West Virginia,530 Battery,1938-05-13,1253
crmid:2686233318,chaute1831@live.com,Lou,Sandoval,male,330-467-4476,Buckeye,United States,34033,Arkansas,933 Reed,1942-06-26,1255
crmid:8407848181,wolverine1990@outlook.com,Dale,Donaldson,,375-975-1957,Florence,United States,25278,Mississippi,711 Hattie,1962-04-01,949
crmid:1366705826,simmer1831@yahoo.com,Alonso,Shepard,,106-314-1766,White Plains,United States,84969,Illinois,746 Annapolis,1992-07-31,2060
crmid:1901152087,compatibilities1932@yahoo.com,Tim,Talley,,369-967-0037,Kenosha,United States,82066,Vermont,565 Miles,1977-04-02,1082
crmid:1383105112,cogitate1830@gmail.com,Jae,Ochoa,,836-793-7683,Vineland,United States,95402,Texas,992 Chapman,1978-09-19,1920
crmid:4740924912,cocoa1945@outlook.com,Porsha,Wiggins,female,607-080-5012,Clearfield,United States,45260,Washington,234 Cesar Chavez,1948-07-31,2466
crmid:5801523718,azine1800@gmail.com,Rick,Campos,,230-580-4946,Statesboro,United States,30637,New Mexico,180 Darien,1971-01-28,988
crmid:8552550469,woodwaxen1800@live.com,Celena,Cameron,female,725-719-0246,San Clemente,United States,26125,Alabama,1232 Salinas,1957-12-03,1180
crmid:5328231301,belissa1910@live.com,Isreal,Hyde,male,738-558-5033,Texarkana,United States,04427,Missouri,573 Valencia,1939-05-15,929
crmid:4000317662,charrier1959@yahoo.com,Ezequiel,Herrera,,035-159-6323,Pelham,United States,79522,Ohio,483 Los Palmos,1977-08-18,1533
crmid:9814998717,agnatha1917@yandex.com,Natalya,Schwartz,female,819-226-5019,Corinth,United States,93223,Rhode Island,896 Dickinson,1950-11-13,924
crmid:1103334465,asians1869@live.com,Adam,Bonner,,667-708-7182,Fort Myers,United States,39065,California,1265 Hitchcock,1963-06-17,2183
crmid:2538965692,intertarsal1818@gmail.com,Hunter,Pierce,male,978-279-0493,Cedar Park,United States,77060,Washington,437 La Ferrera,1945-12-09,2613
crmid:6342987163,angelfish2049@yahoo.com,Sina,Reyes,female,847-562-5109,DeKalb,United States,77643,New York,198 Scotland,1953-12-23,1752
crmid:1256288242,schizophrenic1868@outlook.com,Elwanda,Foster,female,287-152-3271,Crestview,United States,15128,Wisconsin,677 Fenton,1951-03-10,813
crmid:7150962981,bogland1845@live.com,Beata,Shaffer,female,154-587-8803,West New York,United States,10798,New Hampshire,1335 Saint Francis,1947-01-27,868
crmid:8328104831,resolutionist1966@live.com,Daniel,Mejia,male,598-660-5376,Atlanta,United States,19620,New York,279 Santa Ana,1934-02-20,1672
crmid:1484951368,aggregations2007@outlook.com,Benjamin,Cooke,male,626-329-2937,Atlanta,United States,91324,New York,631 Moncada,1934-01-07,2567
crmid:1029688077,nace1951@gmail.com,Georgann,Gilmore,female,592-080-1026,Crown Point,United States,93022,Kansas,914 Byxbee,1952-03-11,2347
crmid:4203752219,warship1940@outlook.com,Harris,Whitney,male,947-065-5766,Paramus,United States,09897,Nebraska,953 Gillette,1932-04-29,646
crmid:2659384473,inthralled2018@outlook.com,Tamie,Glover,female,695-625-7693,Portsmouth,United States,66876,Michigan,1340 Ralston,1960-12-29,1843
crmid:6463734339,betumbled1937@yahoo.com,Hobert,Graham,,901-088-6617,Jonesboro,United States,68023,Washington,549 Vulcan,1976-11-05,1243
crmid:8317092773,henna1881@outlook.com,Samuel,Perez,female,329-090-9635,San Juan,United States,85455,Delaware,1314 Newman,1946-10-29,1524
crmid:4333727056,genesitic1968@gmail.com,Carli,Robinson,female,452-470-5102,Newburgh,United States,60710,Arizona,112 Vasquez,1997-12-08,1646
crmid:8989797290,anchors2024@yahoo.com,Barry,Campos,,929-554-4348,Honolulu,United States,73712,Oklahoma,1361 Ripley,1973-12-01,558
crmid:4191610584,bandager1911@gmail.com,Booker,Noel,male,061-236-6905,Norfolk,United States,58900,Delaware,447 Miley,1998-10-29,594
crmid:6665839978,solarise1951@yandex.com,Glayds,Leonard,female,368-907-8974,Corcoran,United States,18123,Texas,498 Custer,1950-03-17,785
crmid:3975340632,embryony1881@gmail.com,Byron,Foreman,,724-077-9312,Mount Pleasant,United States,98007,Oregon,375 East Fort Miley,1993-05-26,1096
crmid:7681664719,eccentrics2051@outlook.com,Kendrick,Delaney,,446-998-3065,Kyle,United States,33354,New York,894 Koret,1978-06-15,2715
crmid:7132943612,limbate2008@outlook.com,Peter,Mcpherson,,270-509-9229,Norfolk,United States,35547,Pennsylvania,1120 Zanowitz,1998-06-12,461
crmid:4405801078,koala1801@yahoo.com,Russ,Harmon,male,824-546-8576,Nacogdoches,United States,71329,Alabama,496 Calgary,1995-09-04,1280
crmid:8304938355,decalage1814@outlook.com,Douglass,Stuart,,993-068-0496,Montebello,United States,46150,North Dakota,771 Fair Oaks,1992-08-07,1538
crmid:4090708236,belar1915@outlook.com,Alec,Massey,male,488-982-2789,Salinas,United States,50624,Tennessee,550 Arroyo,1994-01-01,832
crmid:9939159088,detur1974@gmail.com,Donn,Hendrix,,099-429-6368,Mason,United States,45170,Illinois,134 Megan,1987-07-03,451
crmid:6013838066,avgas1867@outlook.com,Francesco,Alford,,946-540-5279,Simpsonville,United States,68998,Montana,434 Annapolis,1979-11-28,2314
crmid:2939841468,sponge1862@gmail.com,Milan,Lee,,486-932-9789,Santa Fe,United States,54955,Alaska,251 Moneta,1991-02-01,1919
crmid:7517421645,quibblers1866@live.com,Ernest,Vang,,453-048-9197,Flower Mound,United States,02140,Florida,91 Santa Ynez,1962-02-26,2883
crmid:2029924323,eyeglasses1879@gmail.com,Randall,Gordon,male,748-004-8255,Bremerton,United States,46089,Michigan,319 Walter U Lum,1941-08-12,395
crmid:7068144809,psychognosy1861@outlook.com,Donn,Farmer,male,602-128-6058,Bentonville,United States,78266,Delaware,1270 Bocana,1938-12-26,1258
crmid:8412430309,unshadily2044@yandex.com,Carlo,Crosby,male,580-896-4583,Wadsworth,United States,68204,Pennsylvania,1257 Carson,1941-02-07,1901
crmid:3405244528,alister1857@yahoo.com,Valentine,Lowery,female,262-189-5463,Sanger,United States,28854,Maryland,431 Hastings,1961-10-26,2469
crmid:3677438529,unboldly1859@yahoo.com,Billy,Nguyen,male,373-990-6453,Redmond,United States,06331,South Dakota,158 Linda,1932-01-21,1957
crmid:5642593647,boneless1969@live.com,Rick,Russo,male,052-566-3951,Racine,United States,04437,Nevada,719 Warren,1931-11-16,1098
crmid:5911383862,bat1971@yahoo.com,Norbert,Durham,male,207-353-7438,Pembroke Pines,United States,68628,Wyoming,573 May,1937-10-14,2146
crmid:1332641232,murras2021@yandex.com,Claude,Snider,,875-594-8544,Minneapolis,United States,24087,Vermont,1085 Summit,1991-05-01,950
crmid:7357507571,misdirects1972@yandex.com,Divina,Knox,female,694-555-6600,Farragut,United States,61136,Wyoming,770 Russell,1961-10-27,1607
crmid:9398422795,aggression1904@gmail.com,Martin,Koch,,253-196-2993,Madisonville,United States,87823,Alabama,531 Garrison,1985-12-07,2508
crmid:3270949089,arrowy1909@outlook.com,Mark,Bowen,male,975-504-0440,Natchitoches,United States,91635,Wyoming,1104 Gladys,1995-11-04,945
crmid:5928806966,phlegmier2037@yahoo.com,Joe,York,,696-599-0843,Northglenn,United States,25163,Virginia,756 Lippard,1999-05-25,2555
crmid:7381910918,brabblingly1856@yandex.com,Tyrell,Sweet,,634-574-8002,Pueblo,United States,37151,Delaware,1260 Crescent,1971-07-26,543
crmid:1302894904,pintada2019@live.com,Josiah,Leblanc,,616-365-1036,Mason City,United States,86275,Alaska,786 Rawles,1987-09-21,1231
crmid:7613888776,hierogamy1821@yahoo.com,Dallas,Huff,female,695-580-7900,Poplar Bluff,United States,91206,North Carolina,1086 Spofford,1948-02-15,2331
crmid:1778183913,empress2059@live.com,Wally,Ball,,605-783-5790,Grapevine,United States,98785,New Mexico,1040 Irving,1967-06-28,1405
crmid:1053689040,cushing2028@yahoo.com,Jeff,Graham,,761-901-8171,Maple Valley,United States,78262,Vermont,713 Lamartine,1986-04-21,2380
crmid:8787334132,dalcassian1991@yandex.com,Dionna,Espinoza,female,412-380-8767,Elmhurst,United States,72178,New Mexico,320 Ewing,1959-12-05,2305
crmid:2590191470,snake1841@yandex.com,Karl,Orr,,445-991-2869,Mineral Wells,United States,54846,Wyoming,213 Candlewood,1991-09-17,350
crmid:4741563475,amylan1929@yandex.com,Dwight,Shelton,male,318-545-4190,Bryan,United States,11395,Virginia,1214 Fenton,1942-03-27,1244
crmid:9472702640,quassiin1848@outlook.com,Emil,Frank,,389-472-5678,Pensacola,United States,53621,Maryland,1262 Vidal,1994-05-29,2284
crmid:9356874597,dabber1982@gmail.com,Emerita,Hooper,female,037-917-1593,Charlottesville,United States,71030,Massachusetts,95 Coventry,1946-03-14,1931
crmid:5693471930,esposito1812@yandex.com,Mervin,Mccray,,101-926-1216,New Bedford,United States,68742,Rhode Island,1176 Parsons,1995-11-17,831
crmid:8542350773,benjamite1850@outlook.com,Adan,Hamilton,,565-289-0018,Knoxville,United States,17372,Arkansas,1112 Tiffany,1978-04-01,803
crmid:6600901266,downcome1805@yandex.com,Vincenzo,Stark,male,454-903-1893,Casselberry,United States,56250,Nebraska,884 Telegraph Hill,1945-10-28,618
crmid:4517754614,puffin1942@yandex.com,Delbert,Frazier,,689-922-0939,Ferguson,United States,25738,Wyoming,282 Kempton,1962-05-30,2517
crmid:9179897085,gluconeogenic1848@yahoo.com,Tony,Contreras,,455-676-1686,Goodlettsville,United States,35537,Connecticut,537 Powhattan,1967-07-31,1061
crmid:5545111449,splay1860@gmail.com,Danny,Valenzuela,,736-175-4450,University Place,United States,21199,Delaware,867 John Muir,1967-05-07,1137
crmid:7222920864,knifelike1805@yahoo.com,Lawana,Lynn,female,982-387-0377,Sedalia,United States,29230,West Virginia,521 Gardenside,1958-12-31,1020
crmid:8537282639,propriety1953@gmail.com,Donnie,Moreno,,157-758-3213,Holly Springs,United States,89010,Louisiana,1173 Legion Of Honor,1972-04-07,1190
crmid:6906952568,nonprotractile1949@gmail.com,Paul,Sullivan,male,133-231-2404,Brownsburg,United States,49802,Hawaii,780 Josiah,1942-08-28,310
crmid:8147465313,indri1998@yandex.com,Waldo,King,,564-703-6666,Lenoir,United States,77788,New York,588 Hollister,1982-04-24,2255
crmid:8822171495,masseurs1910@yahoo.com,Janee,Blackwell,female,574-400-4631,Villa Park,United States,78928,Mississippi,1253 Globe,1946-04-03,2141
crmid:7630746020,celature1978@gmail.com,Rafael,Nielsen,male,355-008-8413,Auburn Hills,United States,96093,Minnesota,1039 Chase,1934-08-21,1454
crmid:6147167441,verisimilitude1904@outlook.com,Cassey,Schmidt,female,145-446-4250,Salem,United States,28726,North Dakota,431 Roscoe,1960-02-26,1659
crmid:4013822176,allard2002@outlook.com,Antwan,Riggs,,602-649-9261,Mokena,United States,41069,Tennessee,1168 Palmetto,1992-08-15,690
crmid:4179869846,ethnobotanic1894@yandex.com,Millard,Little,,603-994-2577,La Habra,United States,96051,Virginia,1315 Banbury,1978-06-20,2968
crmid:8839722145,demiss2041@outlook.com,Kurtis,Frederick,male,989-890-4125,Rock Springs,United States,09361,North Dakota,744 Joost,1932-06-10,2154
crmid:4981207161,credendum1961@live.com,Dominick,Byrd,,106-313-1314,Paducah,United States,46551,Georgia,1005 Crane,1990-10-21,2414
crmid:5078330979,equilibrio1977@yahoo.com,Petrina,Wyatt,female,460-789-0722,Dothan,United States,43923,Louisiana,281 Alvarado,1955-07-12,2942
crmid:4833343754,unmet1819@yandex.com,Odis,Whitley,,656-051-5237,Ozark,United States,90091,Arizona,1289 Safira,1978-01-18,2655
crmid:5116088552,cornishman1993@yahoo.com,Norberto,Moses,,945-603-8192,Temple City,United States,34426,Missouri,14 Pretor,1970-07-15,1563
crmid:2089273208,wound1869@live.com,Ron,Huff,male,060-896-6595,Bedford,United States,44910,Texas,346 Arleta,1937-08-15,1720
crmid:6820763443,blacky2015@outlook.com,Trevor,Stevens,male,624-068-1982,Toledo,United States,80854,Rhode Island,644 Fuente,1937-09-28,765
crmid:6708771087,eupeptically2050@yandex.com,Ervin,Bean,,949-442-3466,Merced,United States,56840,Indiana,534 Spear,1989-10-08,1187
crmid:4054772133,canto1880@live.com,Travis,Strickland,,732-021-5333,Lakewood,United States,28580,Arkansas,706 Morris,1980-05-08,1012
crmid:3942004277,canossa1886@outlook.com,Andreas,Orr,,527-709-2619,Spartanburg,United States,79696,New Jersey,1240 Avenue N,1970-08-01,1315
crmid:3285347945,cembalo1930@outlook.com,Gabriel,Trujillo,male,963-691-7882,Yuba City,United States,90889,Kentucky,1246 Berkshire,1932-04-29,1521
crmid:2235117415,aiwan1909@outlook.com,Edmund,Horton,,164-796-1559,Lincoln,United States,90745,Indiana,317 Milton,1982-02-11,2146
crmid:8836054495,unsolicited1937@yahoo.com,Muoi,Meadows,female,185-084-9517,Elk River,United States,55921,New Hampshire,65 Manzanita,1959-10-13,2533
crmid:4859256533,lubberliness1826@yandex.com,Daniel,Simon,,243-285-5341,Jonesboro,United States,24182,Ohio,687 Bernice,1976-05-22,2365
crmid:6196890439,pacas1910@outlook.com,Chong,Mack,,016-955-5195,Highland Village,United States,51153,Indiana,394 Chabot,1971-09-17,354
crmid:3214770304,dotan1899@outlook.com,Seth,Hood,,401-811-0410,Montebello,United States,01466,Illinois,1010 Jade,1992-02-14,475
crmid:2988493353,carolus1849@yandex.com,Jasper,Burton,,051-280-8985,Horn Lake,United States,47188,Arizona,978 Chenery,1973-07-14,1400
crmid:9474035924,entach2061@live.com,Timothy,Walters,,466-237-7591,Kingston,United States,25494,Massachusetts,1307 Ramsel,1977-04-26,2406
crmid:5824485624,abundant1888@gmail.com,Ulysses,Booker,,419-722-5979,Grand Prairie,United States,26048,Nebraska,212 Elmhurst,1967-05-12,1632
crmid:5515684136,mochy1950@live.com,Chanell,Morton,female,260-460-0590,Oxnard,United States,16422,South Dakota,493 Briarcliff,1950-02-21,535
crmid:3299986889,ravish1838@live.com,Chang,Summers,,649-640-3431,Kettering,United States,82883,California,904 Lake Forest,1977-06-10,970
