crmid,email,first_name,last_name,gender,mobile_telephone,city,country,zip,state,street_address,birthday,creditrating
crmid:4959938625,freezing1857@gmail.com,Dario,Rios,male,504-232-9744,Niagara Falls,United States,71190,Washington,143 Columbia Square,1997-12-18,2466
crmid:9807466170,demeo1996@live.com,Cheree,Kelly,female,590-848-8911,Delaware,United States,50314,Alaska,144 Progress,1954-10-31,2458
crmid:1747402571,repours1969@gmail.com,Dennis,Goff,male,891-719-7004,Americus,United States,10785,Mississippi,974 Diamond Heights,1932-03-11,2137
crmid:8387585838,afrikaans1928@outlook.com,Dung,Frost,female,533-892-0247,Duncanville,United States,17570,Maryland,794 Willow,1956-03-10,1649
crmid:8752724577,epicentral1871@yandex.com,Travis,Porter,,659-465-0892,Spring Valley,United States,73017,California,624 Del Monte,1973-01-07,755
crmid:4940255455,cerite2065@live.com,Norberto,Crane,,034-200-8024,Logansport,United States,66326,Iowa,616 Battery East,1983-11-03,980
crmid:1399235804,sociables1879@live.com,Trey,Stevens,male,269-149-4279,Avon Lake,United States,76807,North Dakota,928 Laussat,1935-11-21,633
crmid:2827039416,planetologic1880@outlook.com,Diego,Barnett,,064-469-0510,Lorain,United States,06098,Hawaii,1396 Arballo,1984-01-04,1641
crmid:1471310662,admissions1828@gmail.com,Frank,Kline,,457-475-4982,Tahlequah,United States,87824,New York,602 Burlwood,1967-04-16,2592
crmid:5460023330,cruth2069@yahoo.com,Max,Meyers,,284-862-2612,Naples,United States,66989,Idaho,1248 Palm,1995-11-21,830
crmid:7292559805,slatemaker1932@outlook.com,Bell,Clayton,female,140-416-7544,Doral,United States,09627,Missouri,60 Spreckels Lake,1955-01-06,725
crmid:1201975534,chitarrone1924@outlook.com,Hugh,Graham,,085-923-6202,Milledgeville,United States,93258,Oklahoma,876 Ankeny,1991-05-13,731
crmid:7000523338,derelict1827@outlook.com,Isaiah,Cochran,,193-726-7263,Indio,United States,97978,Arizona,554 Division,1974-08-26,1552
crmid:8894635766,bragget1861@live.com,Jamal,Strong,,799-490-2909,Ithaca,United States,05623,Delaware,720 Camellia,1975-01-20,2141
crmid:8881745515,claimer1943@live.com,Raymon,Baxter,,116-701-4181,Medina,United States,57194,New York,662 Kendall,1989-10-29,356
crmid:4744634780,interzygapophysial2052@gmail.com,Max,Hutchinson,male,318-390-9894,Wheaton,United States,09440,Indiana,582 Denslowe,1934-11-29,2752
crmid:8998578027,bashalick1967@live.com,Rolando,Trujillo,,714-770-8614,Vestavia Hills,United States,99143,Massachusetts,302 Fort Mason,1966-03-06,913
crmid:8590402573,sculpt1889@gmail.com,Hershel,Mooney,,033-446-9253,Inkster,United States,37261,Texas,91 Estero,1974-07-03,855
crmid:4747254309,hoya1889@live.com,Omar,Humphrey,,847-988-1920,Garland,United States,21432,Nevada,859 Pratt,1965-04-24,1131
crmid:7603103185,hepatolith1846@yahoo.com,Damian,Estes,male,669-248-7160,Spokane Valley,United States,12348,New Jersey,552 Jauss,1943-02-09,2077
crmid:4664113599,schizophrenic1879@yandex.com,Frederick,Gutierrez,male,279-549-1527,Twin Falls,United States,07931,Georgia,605 Goleta,1932-11-25,1779
crmid:4268208020,clarichord2006@outlook.com,Onie,Hays,female,235-822-2107,Cookeville,United States,36810,Rhode Island,584 Lakeshore,1950-07-13,463
crmid:3205190049,djins1877@yahoo.com,Donny,Schneider,,751-682-5663,Westerville,United States,81713,Washington,126 Double Rock,1978-02-03,2213
crmid:7344455620,religionists2030@gmail.com,Merrill,Berry,male,316-222-1966,Pittsburgh,United States,63707,New Hampshire,709 Lurline,1938-07-03,2681
crmid:2471406435,chape2042@gmail.com,Shonta,Floyd,female,905-611-4530,St. Marys,United States,14908,New Hampshire,390 Security Pacific,1950-10-16,2354
crmid:3945499214,intervascular1891@yandex.com,Josef,Mueller,male,475-914-8333,Bremerton,United States,31314,Ohio,595 Cotter,1941-06-21,1755
crmid:4520853515,infirmness1999@yandex.com,Waylon,Callahan,male,803-571-5179,Bremerton,United States,57388,Alaska,674 Mclaren,1941-10-05,1205
crmid:1219691181,annoyed1947@yandex.com,Priscila,Blair,female,751-051-1621,Peabody,United States,75109,Mississippi,231 Laguna,1997-04-14,2530
crmid:5682468904,ape1806@outlook.com,Marquetta,Sellers,female,964-115-5753,Coral Springs,United States,35048,Florida,170 San Leandro,1950-06-26,2770
crmid:7032081270,fantasize1871@outlook.com,Emory,Soto,,752-122-0347,Mount Prospect,United States,12854,Kentucky,416 Pino,1993-03-12,632
crmid:5614874962,disadventure1862@gmail.com,Fausto,Doyle,,018-344-5178,Holly Springs,United States,16241,Arkansas,366 Halyburton,1972-03-10,631
crmid:7920842116,coati1980@yahoo.com,Carlton,Marsh,male,385-879-2263,San Leandro,United States,99093,Minnesota,293 Montalvo,1943-02-18,1675
crmid:1813708130,vises1949@yahoo.com,Conception,Faulkner,female,263-816-6135,Cliffside Park,United States,08228,Mississippi,104 Ozbourn,1948-02-09,978
crmid:5084866638,processor1879@gmail.com,Gayle,Long,,405-953-2151,Saco,United States,34203,Georgia,976 Golf Course,1975-08-14,2516
crmid:7356826506,estelle1900@outlook.com,Jefferson,Larsen,,973-787-3021,San Ramon,United States,44259,Washington,782 Nantucket,1981-02-14,752
crmid:3755647918,clone1911@outlook.com,Simon,Maldonado,,595-946-0359,Shakopee,United States,56265,Montana,1119 Golden,1999-05-20,1793
crmid:9885783185,pensionership1980@yahoo.com,Georgeanna,Vaughan,female,762-278-6121,Salem,United States,19132,Minnesota,1101 San Rafael,1952-12-06,2348
crmid:2237364539,gript2013@outlook.com,Stephen,Sherman,male,851-166-8546,Walnut,United States,05628,Nevada,1222 Anderson,1930-11-17,1767
crmid:3450016278,orthostatic2056@yandex.com,Verlene,Booker,female,589-768-8806,Elmhurst,United States,51895,Ohio,123 Gateview 1,1959-09-03,999
crmid:6665158215,sequentializing2055@outlook.com,Isaura,Howell,female,903-621-5787,Colonial Heights,United States,64599,Illinois,86 Mersey,1949-10-07,559
crmid:4766678642,cherokee1827@outlook.com,Garret,Donaldson,,758-011-7647,Fort Walton Beach,United States,55752,Rhode Island,1222 Santa Ana,1963-09-26,1445
crmid:1340242125,ruff1868@outlook.com,Louvenia,Thompson,female,555-625-4190,Suisun City,United States,28470,Virginia,1323 Inverness,1958-06-29,1830
crmid:8705473833,kickstands1832@gmail.com,Savanna,Hodges,female,114-256-9192,Oklahoma City,United States,24001,Florida,1397 Saint Charles,1956-08-14,1928
crmid:2801724560,barnacle2070@yandex.com,Myung,Sharpe,female,639-367-7191,Chandler,United States,32563,Mississippi,1309 Miguel,1946-07-27,407
crmid:9055953452,masterstroke1902@outlook.com,Scotty,Pruitt,male,124-853-6143,Titusville,United States,85521,Kansas,942 Turk,1945-09-24,1027
crmid:6589394315,bobbery1954@yahoo.com,Richie,Medina,male,204-994-2939,Burleson,United States,43763,Alaska,1262 Security Pacific,1943-08-20,1953
crmid:6507408971,inmeats1839@gmail.com,Neely,Santana,female,062-009-2572,North Olmsted,United States,17171,Idaho,757 John Muir,1999-04-13,626
crmid:2506501690,omophagous1963@live.com,Nestor,Solis,male,286-487-2166,Alpharetta,United States,88843,Iowa,1293 Tocoloma,1931-07-27,2248
crmid:9899260451,interscene1850@yahoo.com,Mario,Brady,,344-936-3147,Santa Barbara,United States,84775,Colorado,93 Liberty,1993-05-24,2018
crmid:3628115008,moirai1999@yandex.com,Isaiah,Aguilar,,756-509-4783,Paragould,United States,28212,South Dakota,635 Genoa,1962-11-29,686
crmid:6671883348,serratospinose2001@live.com,Dino,Meadows,,511-375-1003,Montclair,United States,55916,Nebraska,805 Jordan,1992-09-11,1898
crmid:3507381802,sak2016@yandex.com,Adan,Wright,,313-365-8999,Suffolk,United States,44073,Minnesota,400 Ames,1986-04-16,2422
crmid:1583651623,defoliant2045@gmail.com,Alva,Nunez,,439-772-6888,Gladstone,United States,97820,Wisconsin,635 Chattanooga,1966-07-24,1346
crmid:8879415742,smidgin1908@live.com,Dennis,Salinas,male,845-249-4860,Benicia,United States,18627,Massachusetts,162 Westbrook,1938-03-26,933
crmid:3879530827,sirens2042@outlook.com,Louis,Brown,,136-702-1772,La Vergne,United States,01158,Arizona,1155 Conwell,1979-02-06,386
crmid:4715681573,probonding1999@yahoo.com,Herb,Reyes,male,311-835-1338,Calumet City,United States,82953,Mississippi,1394 El Sereno,1943-05-24,1853
crmid:4175926264,champ1880@yahoo.com,Denver,Taylor,,186-274-4821,San Francisco,United States,60283,Ohio,982 Earl,1964-02-11,2134
crmid:8168886254,bambie1898@yandex.com,Delpha,Stevenson,female,628-528-8341,San Juan,United States,26807,Maine,18 India,1959-11-22,1292
crmid:7127294284,glarry1957@outlook.com,Fe,Robinson,female,474-631-3156,Coachella,United States,15574,Florida,707 Saint Francis,1948-03-25,1472
crmid:7699157913,uninspired1854@yandex.com,Jimmie,Howell,,999-300-5301,Homestead,United States,80368,Connecticut,781 Forest Hill,1973-03-01,1207
crmid:1925038860,rolfers2024@outlook.com,Oda,Best,female,867-860-2849,Del City,United States,30574,Michigan,1308 Wawona,1954-07-03,2789
crmid:8343430928,piques1806@outlook.com,Mathew,Poole,male,823-326-5396,Berwyn,United States,35869,Wyoming,442 Hotaling,1938-07-23,441
crmid:1067922769,alcove2031@yandex.com,Zachary,Durham,,054-944-1281,Lauderdale Lakes,United States,47227,New Hampshire,1220 Bowdoin,1981-07-10,2130
crmid:9587812354,seduced2059@live.com,Shala,Dunlap,female,872-431-4798,Winter Park,United States,94358,Wyoming,480 Montclair,1951-08-09,1330
crmid:5189074260,palmiped1987@gmail.com,Gerald,Head,,887-897-0778,Manteca,United States,12821,Mississippi,266 Second,1986-02-28,506
crmid:2327863272,automatic1834@gmail.com,Judson,Perez,male,658-380-1579,Anchorage,United States,77700,Delaware,1153 Oak Park,1932-11-26,1640
crmid:9941821609,stonelayer1927@yandex.com,Carlo,Richards,,422-140-8077,Johnson City,United States,78812,West Virginia,1026 Gene Friend,1975-12-20,892
crmid:4321938006,semesters1959@yahoo.com,Rodney,Hancock,,857-461-3299,Villa Park,United States,42873,Michigan,1369 Battery Wagner,1988-05-08,1661
crmid:3930006531,huddlingly1839@gmail.com,Humberto,Townsend,male,283-212-4192,Cedar Hill,United States,20028,Michigan,583 Ellis,1945-05-29,2719
crmid:4022524158,zippier1986@gmail.com,Francis,Michael,,178-405-9018,Milwaukee,United States,40960,Mississippi,332 Tomaso,1991-08-22,1018
crmid:7419249539,sensated2018@yandex.com,Jamey,Nielsen,,375-741-5293,Lafayette,United States,27645,Connecticut,824 Marview,1979-05-12,616
crmid:2180775874,reuttering1951@outlook.com,Ken,Hudson,,861-611-5855,Midland,United States,10983,Ohio,1384 Lathrop,1990-02-19,957
crmid:3363445479,teletypewriting1970@yahoo.com,Trevor,Kim,,988-029-5139,Sulphur,United States,32719,New York,1085 Morse,1974-11-08,2751
crmid:8564360699,esterification2063@outlook.com,Irvin,Patterson,,640-714-0132,Long Beach,United States,32258,North Carolina,1383 Decker,1984-06-17,1302
crmid:9721877263,tortoise1817@outlook.com,Hai,Hunter,,636-956-1824,Keene,United States,14542,Alabama,383 Loomis,1976-02-24,1494
crmid:9234526929,cangle2036@live.com,Terrence,Walter,,108-897-8824,Kenmore,United States,97468,Washington,779 Verdi,1977-10-15,1978
crmid:4751612771,reindeer1881@outlook.com,Freddy,Woods,,431-714-7008,Jeffersonville,United States,62285,Kentucky,453 Rosemont,1975-11-05,2627
crmid:7612480304,sided1811@outlook.com,Porsha,Pacheco,female,083-950-3814,Erie,United States,45180,Washington,527 Marin,1960-07-22,1822
crmid:5374591480,gruesome2061@live.com,Rico,Ellison,,291-788-4713,Sierra Vista,United States,67296,New Mexico,992 Inverness,1972-11-08,1908
crmid:8360019946,dingdonging1908@yandex.com,Stacy,Shields,,594-389-3763,Wheaton,United States,63151,Indiana,582 Telegraph,1976-06-25,1306
crmid:8066343072,periappendicitis1805@yahoo.com,Sebastian,Rose,,388-886-9787,Woodbury,United States,58347,Illinois,4 Amador,1980-09-11,2641
crmid:3214471733,eniac1843@yandex.com,Jed,Ewing,,448-206-8312,Havelock,United States,22219,Montana,962 Oneida,1970-05-01,2005
crmid:2144615157,dichter1956@live.com,Enoch,Christensen,male,818-181-9247,Beloit,United States,66113,West Virginia,660 Ellert,1937-12-23,394
crmid:8604370066,stridingly2039@yahoo.com,Alonso,Hamilton,male,926-265-7723,Shelbyville,United States,08680,Kentucky,958 Piper,1934-10-23,2264
crmid:1759065427,saintdom2021@yandex.com,Nolan,Newman,,646-992-8593,Garner,United States,97736,Florida,988 Reed,1965-03-24,545
crmid:6243750228,twinkled1806@live.com,Loyd,Benson,,262-758-9274,Titusville,United States,54343,Nebraska,1325 Freeman,1996-08-28,1309
crmid:1706863541,breaker1861@outlook.com,Malika,Mercado,female,382-242-6564,Painesville,United States,79350,Delaware,738 Federal,1954-12-11,1371
crmid:8842957792,carbineer1938@yahoo.com,Lyman,Mcdonald,male,318-859-3166,Wayne,United States,15823,Idaho,1170 Fern,1943-06-19,492
crmid:9236641159,constanta1849@yandex.com,Austin,Rios,male,994-423-4945,Adrian,United States,02855,Montana,112 Post,1930-01-25,2116
crmid:7364692887,cheques1871@gmail.com,Ronnie,Kirk,,151-670-9275,Foster City,United States,26643,Maryland,580 Evelyn,1963-05-23,788
crmid:3079610437,billiards2040@yandex.com,Reginald,Pate,male,270-461-9969,Auburn,United States,46668,Virginia,328 Ceres,1934-08-23,1355
crmid:3466498777,snakebite1828@live.com,Mabelle,Church,female,573-526-9892,Ocala,United States,63184,Colorado,666 Worth,1958-06-06,483
crmid:7895126684,earlier2036@gmail.com,Nguyet,Mcintyre,female,987-895-2322,Edgewater,United States,30987,Maine,157 Dorcas,1958-07-19,2323
crmid:7153035094,acceptable1952@gmail.com,Jewell,Snider,,140-840-3134,Lakewood,United States,11630,Maryland,245 Pilgrim,1980-03-21,372
crmid:4844337296,hygenics2043@gmail.com,Tim,Winters,,853-716-6757,Martinez,United States,18718,Vermont,390 Belden,1987-03-19,2808
crmid:3429221130,emmett1975@gmail.com,Carter,Welch,male,858-744-9270,West Sacramento,United States,10187,Michigan,284 West Portal,1943-02-04,438
crmid:2499569888,hippidium2043@live.com,Tesha,Mccray,female,002-780-7566,Rapid City,United States,55474,Colorado,28 Merrill,1952-09-19,2485
crmid:9888711939,stengah1915@live.com,Sherilyn,Farley,female,436-494-0673,Coronado,United States,49450,Tennessee,783 Minnesota,1951-08-09,2741
crmid:5483356987,arpita1933@yandex.com,Titus,Moody,,950-096-6144,Northbrook,United States,93505,South Carolina,1227 Gillette,1999-09-13,1636
crmid:3826826962,chinchilla1876@yahoo.com,Claude,Sloan,male,275-711-6910,Albertville,United States,07812,West Virginia,438 Wayland,1931-02-27,2832
crmid:5122204888,incognitos2016@yahoo.com,Ervin,Valencia,male,536-914-1319,Avon,United States,68769,Minnesota,1276 Felton,1935-11-07,384
crmid:9633749457,acanth1965@yandex.com,Ali,Hebert,female,548-272-4295,Diamond Bar,United States,02395,New Mexico,57 Madrone,1955-01-13,2085
crmid:6821669955,cherlyn1964@yandex.com,Wally,Burns,male,437-617-8549,Alamo,United States,58462,Iowa,319 Frank Norris,1930-10-04,2406
crmid:4965217345,ditch1830@outlook.com,Virgil,Mckinney,,681-306-5625,Rockville Centre,United States,96856,Oregon,1185 Zoo,1982-06-20,1774
crmid:4963897880,corporeal1955@gmail.com,Levi,Patton,,570-143-9615,Ferndale,United States,88267,Maryland,476 Surrey,1962-04-29,936
crmid:3895185689,thalamolenticular1823@gmail.com,Lazaro,Merrill,,213-993-8204,Lindenwold,United States,58960,North Dakota,479 Bell,1983-10-03,1313
crmid:1370089539,bronny1941@gmail.com,Calista,Alvarez,female,673-468-4482,Daytona Beach,United States,80052,South Carolina,405 Norfolk,1953-12-02,837
crmid:1241721172,dorelia1878@gmail.com,Kareem,Dotson,,598-550-1907,Stanton,United States,40230,Georgia,1097 Sola,1981-11-04,1316
crmid:2907710410,despiteously1992@yahoo.com,Kum,Jensen,female,686-395-1780,Naples,United States,87285,Oregon,35 Taber,1995-04-24,2017
crmid:3338463176,duenas2061@yahoo.com,Ira,Craig,,694-535-3203,Madison,United States,12235,Connecticut,830 Laura,1985-03-28,1993
crmid:5400382685,dejected2054@live.com,Dave,Jenkins,,470-559-2017,New Lenox,United States,89584,Missouri,1017 Eugenia,1996-07-31,2524
crmid:2488944687,mantoid1851@outlook.com,Antwan,Hammond,,504-637-8640,Shelby,United States,53080,North Carolina,1131 Church,1969-03-03,984
crmid:5648405860,adjuster1805@gmail.com,Domonique,Levy,female,801-967-4388,Colleyville,United States,10074,Hawaii,1085 Racine,1949-03-17,440
crmid:5768175690,debus2032@outlook.com,Dwain,Richards,,668-780-6218,Leesburg,United States,55257,West Virginia,758 Terra Vista,1982-10-30,2580
crmid:6035742897,curvilinear1839@yandex.com,Jarred,Salinas,male,175-540-9521,Alhambra,United States,29101,Oregon,946 Taraval,1931-05-26,508
crmid:5225203660,fowl1831@live.com,Charmain,Leach,female,273-756-8613,Springboro,United States,97540,Louisiana,722 H,1959-02-17,1015
crmid:8871026733,mellic1957@live.com,Octavio,Graham,,381-606-5400,St. Joseph,United States,85818,Minnesota,1021 Southwood,1967-10-05,1271
crmid:1015123890,naturalistic1953@yandex.com,Maxwell,Osborne,,224-100-7499,Fort Pierce,United States,75326,Maryland,503 Gibson,1963-05-18,627
crmid:6489873518,backers1924@yandex.com,Clifford,Wong,,165-067-0666,Miami Gardens,United States,34182,Nevada,479 Francisco,1990-07-06,2267
crmid:2804350519,draconis2013@gmail.com,Almeta,Hahn,female,226-026-4028,De Pere,United States,08604,Kentucky,459 Jason,1953-01-12,1280
crmid:7426315232,byron2047@gmail.com,Lonny,Watts,,554-273-0138,Hopkinsville,United States,58590,New Mexico,1165 China Basin,1973-09-12,1756
crmid:8313934700,nebula1845@yahoo.com,Fernando,Grimes,,099-349-7863,San Jose,United States,35286,Colorado,82 Catherine,1978-07-18,1410
crmid:4840757263,overclamor2000@yandex.com,Malka,Horn,female,034-844-4412,Sandusky,United States,14530,Montana,952 Helena,1952-06-14,1908
crmid:9056328291,relaces1960@yahoo.com,Jaime,Wall,,527-156-7704,Hayward,United States,86893,Massachusetts,1145 Waterloo,1970-02-20,2922
crmid:2535781221,harmonious1841@yandex.com,Napoleon,Hicks,male,753-049-5778,Burleson,United States,74456,Nevada,278 Ware,1943-12-14,1535
crmid:4298031291,chemistry1933@gmail.com,Quincy,Paul,,580-110-5002,Yucca Valley,United States,67556,South Dakota,124 Cesar Chavez,1983-03-19,2381
crmid:3873395947,therblig1824@outlook.com,Myles,Burnett,,246-265-2356,West Palm Beach,United States,33456,Montana,831 Kenneth Rexroth,1979-04-12,1093
crmid:6881395241,mediums1841@outlook.com,Colin,Sims,male,597-496-5405,Shakopee,United States,19860,North Dakota,175 Lottie Bennett,1942-02-27,1859
crmid:6291692087,ozonic1834@gmail.com,Gerry,Lancaster,,120-137-7995,Lenoir,United States,46220,California,335 Elmira,1982-08-26,549
crmid:9260117922,rushland1966@live.com,Orval,Barrera,,552-322-7148,Yorba Linda,United States,87482,Nevada,972 Baxter,1993-05-01,1621
crmid:6578936207,falconry1906@live.com,Keren,Wooten,female,677-938-2505,Chambersburg,United States,28362,Virginia,1080 Getz,1946-05-31,2041
crmid:7387236951,pecky1841@yandex.com,Jesus,Clay,,530-144-1126,Hanover Park,United States,34120,Alaska,780 Torney,1969-07-16,909
crmid:2965878012,british1917@live.com,Carson,Schmidt,,536-377-8144,Leesburg,United States,91049,South Carolina,776 Hancock,1982-06-05,1039
crmid:7274415420,abrasive2000@yahoo.com,Gertrudis,Carter,female,568-231-1932,Dearborn Heights,United States,71115,Indiana,538 Vulcan,1953-12-06,1789
crmid:2316603080,recipe1947@gmail.com,Maynard,Chambers,,530-166-5856,Milford,United States,48182,North Dakota,206 Merchant,1990-07-11,2149
crmid:7782566675,reaper1848@yandex.com,Guadalupe,Bradford,,045-907-4435,Libertyville,United States,70289,Connecticut,82 Peters,1982-12-06,901
crmid:1449140572,pancreatitis1873@live.com,Thurman,Barrera,,065-507-8729,New Britain,United States,77309,Washington,83 Virginia,1996-12-29,2559
crmid:5067629705,amalie1887@yandex.com,Ria,Mckay,female,818-126-0945,Decatur,United States,41986,California,1237 Darrell,1953-07-19,303
crmid:4791315721,briolette1976@live.com,Lawerence,Henry,male,958-562-9456,Stamford,United States,65446,Minnesota,224 Castle Manor,1940-10-12,2502
crmid:2700574852,sperate1952@yandex.com,Darrick,Ratliff,,907-705-9776,South El Monte,United States,39811,Maryland,683 Stone,1972-04-18,412
crmid:1516690867,decking2064@gmail.com,Von,Melendez,,541-362-1011,Medford,United States,27507,South Dakota,394 Stilwell,1988-04-13,1195
crmid:5058329288,forgotten1803@gmail.com,Amado,Forbes,,143-271-1240,Sparks,United States,37601,Ohio,26 Alemany,1970-07-23,1848
crmid:2409054136,photon1976@gmail.com,Morgan,Cannon,,477-142-5023,Tupelo,United States,46865,Nebraska,159 Davenport,1982-12-22,2988
crmid:3514260960,enderle1887@yandex.com,Lindsay,Ballard,,863-416-5590,Grandview,United States,29016,North Carolina,359 Magellan,1967-04-05,1038
crmid:3936542414,alair1880@gmail.com,Rigoberto,Huffman,,887-205-0971,Jupiter,United States,14480,Missouri,1162 Dunshee,1976-03-25,1470
crmid:3918409674,tasty1840@yahoo.com,Bobby,Mercado,male,052-335-7247,Sanger,United States,50696,Wisconsin,433 Bryn Mahr,1999-10-01,2678
crmid:1054764399,multibranchiate2041@gmail.com,Linn,Walter,female,354-594-6963,Yakima,United States,52386,Wisconsin,247 Scotland,1997-11-07,2113
crmid:4812197346,deuterostomata1909@outlook.com,Noe,Craft,,259-011-1256,Shawnee,United States,30459,Nevada,1073 Hooper,1972-04-01,2448
crmid:8714559237,nonmarriageableness2040@gmail.com,Eddy,Porter,,999-820-5892,Moscow,United States,13788,New Mexico,164 Grafton,1993-02-11,865
crmid:5755328361,delaminate2028@live.com,Cristobal,Carpenter,male,779-096-7257,Burnsville,United States,79144,Virginia,997 Fairbanks,1943-02-05,1438
crmid:4421123716,asbest1842@yahoo.com,Loren,Berger,,458-840-6859,Keizer,United States,80960,Ohio,1323 Capp,1976-02-01,2028
crmid:8584731343,trust2025@live.com,Elias,Sweeney,,542-258-9122,Vacaville,United States,28719,New York,543 Roanoke,1966-07-28,1216
crmid:4950855037,bernadin1997@live.com,Audrea,Mayer,female,550-658-4580,San Marcos,United States,17564,Missouri,1111 Dixie,1953-11-26,838
crmid:3187880322,foeship2055@outlook.com,Jarrett,Garrison,,890-707-0209,Pleasant Hill,United States,38892,North Carolina,189 Stilwell,1976-03-27,2371
crmid:7782058629,dabber1883@yandex.com,Abel,Mclaughlin,,300-036-1682,Seal Beach,United States,48680,Hawaii,334 Acton,1986-02-27,1638
crmid:9766885323,too1825@yandex.com,Heath,Watson,male,106-111-3827,Terrell,United States,62786,South Carolina,42 Del Sur,1945-05-30,2742
crmid:3685147663,scoop1920@yandex.com,Matt,Weaver,,502-420-7144,Winona,United States,32392,Kansas,1200 Derby,1970-05-15,333
crmid:6677919962,cagatay2017@gmail.com,Isaiah,Castaneda,male,476-608-0541,Apache Junction,United States,81108,Delaware,925 Cesar Chavez,1933-05-05,2086
crmid:6051467128,astonisher1958@live.com,Danilo,Dickerson,male,697-986-0906,Battle Ground,United States,14369,Tennessee,836 Egbert,1936-02-08,2971
crmid:1412245608,gwerziou1908@outlook.com,Wilmer,Ferrell,,542-548-4873,Pickerington,United States,31567,South Carolina,985 Pfeiffer,1971-07-07,2511
crmid:3066334390,cabinda1975@yandex.com,Argentina,Hogan,female,466-526-6041,Valparaiso,United States,14823,Nevada,1267 Glenbrook,1952-01-14,2340
crmid:9940274204,tinkle2063@outlook.com,Victor,Dixon,female,424-389-4077,Rialto,United States,85785,North Carolina,920 Point Lobos,1948-09-08,553
crmid:4467745849,belanda1856@gmail.com,Angla,Keith,female,966-785-7390,Des Moines,United States,79408,Delaware,964 Mauldin,1954-12-19,2360
crmid:6606169034,twinkled1943@yandex.com,Leonida,Sims,female,285-040-3715,Dixon,United States,32228,Oregon,932 Ada,1955-05-27,2006
crmid:7644437303,dislimns2002@live.com,Mauricio,Vazquez,,796-649-0928,Youngstown,United States,76496,North Dakota,808 Madrid,1990-09-17,474
crmid:5403974044,emmaline2042@live.com,Sylvester,Carrillo,male,678-687-8690,Salinas,United States,70117,Mississippi,1242 Balance,1931-09-05,2414
crmid:1576581147,iguana1856@live.com,Lindsay,Fuentes,,155-469-7922,Madison,United States,79403,Oklahoma,346 Coleridge,1985-12-27,707
crmid:9015070519,ditrematous1975@yahoo.com,Daisey,Wiggins,female,917-370-4607,Dayton,United States,17263,Massachusetts,93 Cook,1953-02-23,553
crmid:6997511248,econometrics1800@gmail.com,Jess,Chapman,,268-583-8725,Mandan,United States,25388,Montana,156 Abbey,1986-04-17,2181
crmid:6659773125,boneless1936@yandex.com,Shane,Irwin,female,006-675-8284,Chino Hills,United States,66445,Nevada,1392 Adair,1947-11-20,2523
crmid:2752030668,cordinar1917@yandex.com,Maximo,Snider,,743-933-1842,Mountlake Terrace,United States,38938,Missouri,962 Hamilton,1994-06-03,1724
crmid:6144924271,costs1863@yandex.com,Luigi,Vang,,219-888-1231,Madisonville,United States,30311,Indiana,1028 Coralino,1985-05-20,496
crmid:6578751070,domination2066@yandex.com,Jackson,Mccray,male,950-050-6836,Americus,United States,22508,New Jersey,861 Carpenter,1932-05-19,2344
crmid:4767456647,anthropogony2064@live.com,Vernon,Fowler,,393-674-3544,Germantown,United States,97619,Oklahoma,850 Laura,1966-06-25,1446
crmid:7954328501,wended2048@yahoo.com,Travis,Atkinson,male,175-976-2230,South San Francisco,United States,05668,Georgia,1273 Vermont,1942-09-01,962
crmid:3815930169,awatch1922@yandex.com,Britt,Mack,,540-164-8917,San Clemente,United States,32201,Kansas,1040 Hemway,1977-05-27,1543
crmid:2066224858,axiomatic1898@live.com,Frederick,Schroeder,,894-260-0790,Goodyear,United States,74269,Illinois,846 Sola,1967-12-12,810
crmid:9781671637,bibliographer1879@outlook.com,Darrell,Alston,,469-150-2740,Naperville,United States,31647,Alabama,1270 Halyburton,1995-06-22,1599
crmid:9915146383,baetuli1967@outlook.com,Al,Conner,,094-940-3832,Modesto,United States,13129,West Virginia,547 Bergen,1992-03-12,2639
crmid:6164992965,ticky2065@outlook.com,Faustina,Cotton,female,773-743-3418,Dunedin,United States,15912,Alaska,14 Parkridge,1956-03-07,2385
crmid:9862543726,analogue2053@outlook.com,Clifford,Delaney,,490-646-4910,Piqua,United States,48877,Connecticut,1102 Halibut,1982-09-26,1220
crmid:7200529690,ultramaximal1846@yandex.com,August,Rocha,,990-359-5983,Wilmington,United States,20940,Hawaii,1383 Adam,1966-01-26,1594
crmid:5408020669,cologs1998@outlook.com,Louanne,Riggs,female,220-920-3139,Dearborn Heights,United States,37400,Idaho,130 Brunswick,1953-06-25,2246
crmid:1301107290,coldish2013@yandex.com,Madalene,Manning,female,584-431-7596,Rancho Cordova,United States,93979,Oregon,333 Potomac,1953-06-18,755
crmid:7307764962,schistous1844@outlook.com,Delmer,Clemons,male,686-901-6712,San Clemente,United States,01195,New Mexico,1358 Cordelia,1934-03-06,2221
crmid:3961556345,restlessness2032@yandex.com,Kurt,Carson,male,274-638-8307,Santa Fe Springs,United States,80124,Louisiana,218 Ramona,1933-06-05,1123
crmid:1364381944,trustees1997@gmail.com,Homer,Mays,male,161-471-7631,Akron,United States,82186,Oklahoma,404 Stern Grove,1930-05-19,1931
crmid:1360608155,millage1818@yahoo.com,Owen,Stephens,,701-676-3178,Joliet,United States,35436,Arkansas,25 Aspen,1976-07-08,1355
crmid:2631516394,avigdor1812@outlook.com,Anthony,Price,male,492-541-3161,South Holland,United States,00541,Montana,429 Carl,1933-10-01,617
crmid:2901500039,xanthindaba2055@outlook.com,Jon,Collins,,727-319-7723,Vernon Hills,United States,33235,Virginia,518 Stockton,1972-06-11,562
crmid:5401749954,amphibia1914@gmail.com,Wyatt,Robles,male,367-200-7355,Torrance,United States,07021,Wyoming,509 Crescent,1930-10-25,2028
crmid:3434482463,interscene1921@live.com,Nancie,Stokes,female,909-828-3792,Phenix City,United States,13842,Arizona,90 Sterling,1948-07-28,2709
crmid:7542755105,shark1874@live.com,Lisabeth,Sosa,female,475-883-7531,San Juan,United States,13891,Georgia,982 Medical Center,1951-05-27,2423
crmid:2114399690,borgh2062@yahoo.com,Yong,Dejesus,,869-990-9864,Westland,United States,65682,Pennsylvania,563 Guy,1981-09-17,2668
crmid:2048811814,insulators1885@outlook.com,Rey,Roy,,431-286-3006,Shelton,United States,46562,Washington,342 Yerba Buena,1988-11-21,1584
crmid:5531950186,downturn1803@yandex.com,Greg,Holder,,856-307-0826,Iowa City,United States,91346,West Virginia,1149 Beeman,1974-02-07,1307
crmid:5247459300,alchimy1971@live.com,Jermaine,James,,934-979-8802,Sachse,United States,63128,Massachusetts,315 Maynard,1980-06-06,1206
crmid:2885508080,optoelectronic1970@outlook.com,Gia,Finch,female,612-078-2494,Elmira,United States,62167,Wyoming,580 Country Club,1959-11-06,2905
crmid:1748902034,polarographically2060@live.com,Ezequiel,Greer,,345-930-1953,Hobbs,United States,82835,Delaware,395 Margrave,1972-09-08,2527
crmid:3387300336,achamma1860@yandex.com,Jed,Macdonald,,459-174-2762,Naples,United States,44211,Nebraska,1191 Granada,1995-08-10,2048
