crmid,email,first_name,last_name,gender,mobile telephone,city,country,zip,state,street address,birthday
crmid:1056872319,hemistater2062@yandex.com,Bert,Newman,,088-094-8921,Muskogee,United States,65574,Arkansas,653 Franklin,1994-11-18
crmid:6026957122,brockman1832@gmail.com,Lenny,Torres,,101-277-3596,Greensboro,United States,56478,West Virginia,813 Borica,1968-10-10
crmid:7302126531,swallow2066@yahoo.com,Delinda,English,female,696-933-3765,Cleburne,United States,13856,Minnesota,623 El Plazuela,1948-02-09
crmid:4554885435,aerobatics2047@outlook.com,Ted,Dillon,,412-077-4916,Santa Fe Springs,United States,37355,Oregon,772 Signal,1971-06-25
crmid:9288460586,compatibilities1952@outlook.com,Vance,Walker,,747-025-5876,Mill Creek,United States,83899,Rhode Island,610 Julius,1990-07-12
crmid:6997429964,macrophyllous1889@live.com,German,Marquez,,515-469-2199,Menomonee Falls,United States,96135,Nebraska,357 Willard,1989-11-21
crmid:9495358725,neurocity1984@outlook.com,Maurice,Dennis,,735-047-6686,Keller,United States,63388,Mississippi,1081 Castle,1977-11-11
crmid:6791768019,conscience1926@yandex.com,Clinton,Horne,,540-252-3911,Santa Rosa,United States,29994,Ohio,741 Hitchcock,1966-02-15
crmid:2827196544,sebasic1925@yahoo.com,Lavonia,Douglas,female,162-303-3221,Downers Grove,United States,65222,Idaho,565 Oak Access,1955-11-23
crmid:2813428755,cringingly2054@live.com,Elmo,Chase,male,194-084-3278,Cape Coral,United States,13805,Nevada,955 Broadway,1944-03-06
crmid:1867486212,oscillancy1935@outlook.com,Dante,Beck,,099-998-0112,Morton Grove,United States,34156,Kentucky,933 Alberta,1993-06-14
crmid:7845727492,precognition1846@outlook.com,Joselyn,Greene,female,400-260-5776,Clarksdale,United States,79278,Colorado,974 Diamond Cove,1948-12-28
crmid:8628539381,ungladness1818@outlook.com,Boyce,Duffy,male,117-012-0508,Andover,United States,05011,Wyoming,12 Brosnan,1932-01-08
crmid:9150577347,douping1809@outlook.com,Lon,Gallegos,,657-944-9132,Thornton,United States,22436,Pennsylvania,691 Arbor,1962-05-08
crmid:6056409699,rockaby2060@yandex.com,Arlie,Cherry,,093-008-8874,Olive Branch,United States,33209,Missouri,1308 Taraval,1977-07-29
crmid:4170265527,upload2057@gmail.com,Rigoberto,Rodgers,male,164-779-7963,Belmont,United States,46710,Maryland,417 Shannon,1937-08-25
crmid:4824198587,pedicab1830@outlook.com,Beau,Sullivan,,257-662-2504,Santa Paula,United States,59548,New Hampshire,1081 Beckett,1999-11-19
crmid:1165214771,fagottino1861@outlook.com,Cletus,Brooks,,482-365-0307,Hutchinson,United States,30813,Georgia,122 Shafter,1974-06-17
crmid:8345619968,coseat2043@outlook.com,Dean,Foreman,,180-941-3971,South Milwaukee,United States,27146,Florida,1060 Larkin,1962-12-20
crmid:5947180641,overincline2056@yandex.com,Monte,Hess,male,583-487-4636,Baltimore,United States,46355,Montana,57 Redfield,1935-07-14
crmid:1585918572,chipchap1981@yandex.com,Dewitt,Watts,male,073-694-4537,Watertown,United States,01980,Wyoming,774 Navajo,1940-03-30
crmid:7475323111,fogger1874@gmail.com,Risa,Young,female,333-389-1161,Dallas,United States,48608,Georgia,715 Niantic,1952-07-26
crmid:6357468988,airflow1992@live.com,Raphael,Kelly,,265-714-8819,Mill Creek,United States,23744,Washington,838 Robinson,1990-04-19
crmid:6881617773,simmer1855@live.com,Coreen,Rojas,female,740-625-2889,Rancho Palos Verdes,United States,19044,Alaska,866 Richards,1949-02-25
crmid:6940070513,carine1811@gmail.com,Lanny,Bryant,,434-649-9368,Springdale,United States,77397,Pennsylvania,378 Ruth,1976-09-23
crmid:2897883166,comfortable1886@yandex.com,Vaughn,Howard,,784-296-5130,Reedley,United States,33526,Hawaii,534 Merrimac,1977-01-12
crmid:9630669533,sophies1920@yahoo.com,Chet,Hall,,481-870-5030,Moorhead,United States,94028,Kansas,950 Drumm,1993-07-14
crmid:4503876532,deathy1877@live.com,Gita,Waller,female,103-271-3829,Deerfield Beach,United States,19577,Massachusetts,1347 Ggp Access Road,1954-03-30
crmid:8865153139,citronella1852@yahoo.com,Hyman,Cunningham,male,877-418-9039,Auburn Hills,United States,26381,South Dakota,859 Newman,1934-05-07
crmid:6962729854,dinny1852@gmail.com,Agueda,Sullivan,female,226-905-6739,Dunedin,United States,08076,Connecticut,749 Highland,1956-01-28
crmid:4454532291,adorable2012@live.com,Samuel,Gregory,,501-664-7839,Lombard,United States,40793,New Hampshire,852 Castillo,1984-08-31
crmid:5137571778,dartman1892@live.com,Rolando,Pratt,,792-941-4135,Nixa,United States,43078,Iowa,104 Faith,1997-07-20
crmid:3344429784,augeri1998@outlook.com,Eugene,Stafford,,134-055-8570,Saratoga,United States,40153,Delaware,785 Avila,1984-02-04
crmid:2413045501,donatistical1842@gmail.com,Cory,Herrera,male,601-329-2198,Barstow,United States,61180,South Dakota,128 May,1936-11-24
crmid:6089148164,dennie1945@yandex.com,Duane,Kent,,785-088-5272,Maryland Heights,United States,95169,Wisconsin,48 Kirkwood,1987-06-18
crmid:7012082145,lactim1834@yandex.com,Hubert,Davenport,male,612-438-1532,Alvin,United States,28665,Illinois,1356 Goldberg,1932-05-07
crmid:7182300378,blazers1951@outlook.com,Joel,Powers,,583-508-7339,Sulphur,United States,97496,Hawaii,629 Cesar Chavez,1990-11-20
crmid:2617027889,discontiguity1809@outlook.com,Truman,Fischer,,567-444-5128,Memphis,United States,92972,Oregon,1324 Connecticut,1989-08-10
crmid:2540402448,deepfreezed1804@live.com,Lynelle,Boyer,female,109-532-8079,Clearfield,United States,60401,Alabama,373 Sumner,1948-11-11
crmid:6021148709,querimans1979@gmail.com,Keven,Donaldson,,513-673-8924,Green Bay,United States,90304,Minnesota,1313 Wood,1968-05-04
crmid:3943253931,burstones1849@yandex.com,Dean,Travis,,638-268-9959,Kenosha,United States,91116,Washington,720 Lombard,1977-05-04
crmid:9314125886,blackens1826@live.com,Garret,Witt,male,587-070-5324,Ashwaubenon,United States,24805,Wisconsin,189 Camp,1934-04-15
crmid:2564989578,bee1916@gmail.com,Eldridge,Bradford,,491-062-6836,Ontario,United States,55217,Delaware,361 Baden,1996-10-10
crmid:9632293551,sexiness1906@live.com,Warner,May,,780-301-2993,Holland,United States,45542,Louisiana,1225 Comerford,1972-07-28
crmid:7114245293,diploptera1981@gmail.com,Harold,Velez,female,412-095-4285,Yonkers,United States,51908,Wyoming,728 Waverly,1994-11-05
crmid:9918755052,paperweight1881@outlook.com,Joaquin,David,,727-164-0918,Huntersville,United States,10358,Florida,555 Clover,1973-03-08
crmid:9769003201,mousse2013@yahoo.com,Dirk,Chambers,,564-829-1381,Hallandale Beach,United States,87111,Maine,1242 Whipple,1969-09-25
crmid:5312332218,contrary1812@yandex.com,Lillia,Hebert,female,942-396-4877,Roanoke,United States,73130,New York,1281 San Antonio,1954-05-13
crmid:1984526673,castoffs1924@outlook.com,Gregg,Beasley,,686-026-7775,Oxford,United States,55624,Kansas,1043 Bigler,1998-05-20
crmid:3425615893,chancery1866@live.com,Cletus,Foreman,male,700-543-9497,Aventura,United States,14170,Arkansas,943 Rosa Parks,1935-02-10
crmid:7686887634,coaly1874@gmail.com,Alisia,Everett,female,102-515-9484,Prichard,United States,17239,Idaho,3 Aladdin,1954-10-25
crmid:2123270147,alexis1946@yandex.com,Mickey,Campos,male,308-068-3012,Athens,United States,41230,Maine,1292 Bertita,1934-07-05
crmid:3959343557,vibrio2059@live.com,Ciera,Fisher,female,101-989-4379,Darien,United States,58246,Hawaii,89 College,1953-10-25
crmid:8665107346,chromatics1930@outlook.com,Stephan,Edwards,male,094-171-2037,Myrtle Beach,United States,02694,Minnesota,610 Sternberg,1995-02-17
crmid:6347664017,baptist1874@outlook.com,Savanna,Bridges,female,581-895-9872,Terre Haute,United States,14726,Oklahoma,406 Lulu,1951-08-04
crmid:9001919318,astonishing2041@yahoo.com,Leonarda,Ayers,female,498-697-3969,Chico,United States,37254,Ohio,1389 Rondel,1947-05-01
crmid:5224218600,orthocentre1998@live.com,Nathan,Wise,,007-133-0298,Sevierville,United States,45964,Arkansas,1314 Avery,1991-10-29
crmid:1174351179,bourcier1981@yandex.com,Byron,Patton,male,839-284-7012,Burton,United States,90156,Pennsylvania,1160 Moneta,1943-02-23
crmid:3861689949,slithery2014@gmail.com,Gavin,Roy,,112-635-4024,Wenatchee,United States,76209,Virginia,949 Cleo Rand,1984-04-24
crmid:7936319051,fumigation1898@live.com,Winford,Pugh,,244-484-2388,Milpitas,United States,96625,Vermont,1369 Powers,1991-04-23
crmid:6620167748,monstrosities2034@outlook.com,Tory,Crane,female,067-134-8702,Point Pleasant,United States,71554,Utah,664 Salmon,1952-09-07
crmid:9419529772,fabio2001@yandex.com,Ross,Stanley,,097-917-4246,Gloucester,United States,61246,Montana,71 China Basin,1966-10-27
crmid:7300722471,utilize1896@live.com,Louis,Shepherd,male,704-986-4791,Murrieta,United States,86824,Iowa,334 Amazon,1994-02-20
crmid:6614320608,unacted1834@gmail.com,Benton,Parrish,male,001-909-0654,Arnold,United States,90770,Colorado,99 Butte,1933-01-23
crmid:9900253820,broccoli1910@yandex.com,Taylor,Long,male,306-871-2562,Brownsburg,United States,51765,Missouri,975 Bush,1942-09-17
crmid:3365132741,guidage1933@outlook.com,Elbert,Brewer,,240-104-1186,Statesville,United States,69166,Idaho,1120 Chenery,1981-03-11
crmid:7665469678,brose1806@yahoo.com,Kevin,Rivera,,830-477-7289,Joplin,United States,87133,Alabama,805 Marne,1976-01-25
crmid:7008628937,earles1859@live.com,Jerald,Dillard,,096-484-9092,Newburyport,United States,21239,Maine,1109 Century,1997-05-09
crmid:7066312300,polyandrism1992@gmail.com,Nancey,Mccormick,female,250-408-8555,Pottstown,United States,13007,Indiana,673 Lendrum,1955-07-19
crmid:8318581189,peteca1885@gmail.com,Pablo,Thomas,,151-203-7311,York,United States,36240,Hawaii,338 Selma,1972-11-01
crmid:6070970598,ascension1969@yahoo.com,Shaun,O'donnell,,588-059-8119,Monroe,United States,54969,Vermont,1326 Martha,1992-09-02
crmid:4716410173,orache2054@live.com,Anja,Mcdonald,female,680-589-6948,Eugene,United States,95446,Kansas,694 Burlwood,1960-01-19
crmid:7831471141,thunderstorm1926@gmail.com,Alva,Puckett,,493-084-8982,Pottstown,United States,67502,Alaska,508 Clipper Cove,1976-10-24
crmid:9518792287,donned1933@gmail.com,Marvin,Cain,male,238-242-6177,Berkeley,United States,71119,New Jersey,417 Amethyst,1938-07-05
crmid:3258641506,clocks2007@outlook.com,Verlene,Bowen,female,361-040-3782,Fair Lawn,United States,50581,Vermont,237 Everglade,1960-09-03
crmid:6481846239,berenices1933@live.com,Jonathon,Burton,male,203-832-4153,Alpharetta,United States,37167,Minnesota,779 Woodhaven,1931-06-04
crmid:1972741652,dermis1805@outlook.com,Rolland,Franklin,male,723-240-2894,Spartanburg,United States,64746,Alabama,876 Kenwood,1930-08-10
crmid:1265470355,descendents1822@gmail.com,Launa,Parks,female,300-093-3620,Doral,United States,29257,New Jersey,941 Avocet,1955-05-22
crmid:8711746436,heartbird1939@gmail.com,Sonny,Joyce,,083-935-7892,Kaysville,United States,95527,New Mexico,1357 Colonial,1976-09-20
crmid:1525204989,chrysops1899@gmail.com,Janett,Hart,female,370-532-9872,El Paso,United States,73674,Washington,105 Bank,1958-12-07
crmid:1289728650,calctufa1918@gmail.com,Greg,Sheppard,,116-114-2105,San Mateo,United States,74581,Iowa,404 Morrell,1980-08-02
crmid:4016693415,folkmooter1838@yahoo.com,Ellsworth,Riggs,male,113-949-4002,Wilsonville,United States,71762,Virginia,63 Crestwell,1933-03-25
crmid:7543964320,brahminic1857@yahoo.com,Valentin,Bryant,,212-289-3787,Haverhill,United States,06612,Delaware,434 Estero,1970-01-19
crmid:3578986983,rousseau1939@live.com,August,Ellison,,526-981-9467,Weatherford,United States,58363,South Dakota,533 Battery Blaney,1998-06-29
crmid:8665107346,unconformableness1863@outlook.com,Cherelle,Stuart,female,173-737-7567,Oregon City,United States,69961,Oregon,1371 Behr,1995-10-27
crmid:4359271273,postimpressionist1838@outlook.com,Ariel,Irwin,male,354-375-8392,Arlington Heights,United States,74400,New Hampshire,1199 Peters,1933-12-01
crmid:1827844881,alert1823@outlook.com,Branden,Heath,male,465-381-6352,Bergenfield,United States,09594,Texas,657 Gateview 3,1938-01-13
crmid:7212109908,secateurs1875@yandex.com,Norbert,Weiss,,079-171-8111,Loveland,United States,78442,Georgia,76 Polk,1984-09-26
crmid:6048038379,festellae2068@yahoo.com,Calvin,Richmond,,615-495-2766,Mountain View,United States,54088,Wisconsin,30 Metson,1994-09-18
crmid:1711323081,resubmitted1959@yandex.com,Galina,Finch,female,436-988-7593,Parkersburg,United States,15254,Washington,1399 Montana,1952-10-06
crmid:9717483154,buttered1958@live.com,Nathaniel,Reilly,,416-030-3339,Huber Heights,United States,76346,Texas,122 San Ramon,1973-01-22
crmid:2091919307,backspace2021@yahoo.com,Eugene,Velazquez,female,560-488-4806,Sapulpa,United States,98213,Nevada,1315 Villa,1957-03-29
crmid:9748592305,buyable1962@yandex.com,Keneth,Greene,,309-277-0323,Laconia,United States,42316,Nebraska,1219 Lobos,1979-08-28
crmid:4578423970,corbett1825@yahoo.com,Man,Terrell,male,334-704-4726,Zanesville,United States,58782,Ohio,705 Berkshire,1945-07-28
crmid:5242818157,passionometer1890@gmail.com,Eric,Stokes,,955-507-9505,Waxahachie,United States,49088,Indiana,1285 Everson,1992-02-10
crmid:8460523939,unshadily2015@yahoo.com,Guy,Long,male,288-703-9492,Ocean Springs,United States,05342,West Virginia,468 Bluestone,1934-04-17
crmid:9167040721,winters1896@yahoo.com,Jamey,Cohen,,505-948-7817,Hickory,United States,25712,North Carolina,1027 Fisher,1971-05-31
crmid:9108958819,horsiest1844@yandex.com,Daren,Pacheco,,052-995-6283,Moore,United States,66376,Georgia,1280 Carrie,1992-12-05
crmid:3231927329,axolotl1942@yandex.com,Saul,Cherry,,314-965-8103,Waco,United States,41719,Wyoming,695 Karen,1990-08-06
crmid:5109748450,bluebill1906@outlook.com,Leif,Stewart,,600-722-9463,Fort Walton Beach,United States,03391,Texas,3 Bucareli,1963-01-28
crmid:7033675756,darkies2067@outlook.com,Cedrick,Casey,,954-069-1396,Longmont,United States,10065,Idaho,1264 Young,1984-02-21
crmid:6329430386,alaite1993@yahoo.com,Helaine,Head,female,014-490-5797,San Diego,United States,58631,Alaska,310 Beacon,1946-11-07
crmid:4527206771,unshunned1872@yandex.com,Jarod,Thompson,male,717-987-2751,Bedford,United States,27799,Washington,359 Columbia Square,1937-05-29
crmid:1859211144,mitten1976@live.com,Gilberto,Bauer,,843-402-0857,Milpitas,United States,78107,New York,330 Merrie,1991-12-10
crmid:8974334077,positive2015@live.com,Viki,Ayers,female,978-924-9125,Coalinga,United States,54849,Wyoming,513 Himmelmann,1948-09-01
crmid:5091207495,northings1990@live.com,Donny,Floyd,,654-336-7553,Indianapolis,United States,97424,Virginia,1151 Stanford,1974-04-26
crmid:2811569651,cogitate1965@outlook.com,Tyrell,Rodriquez,,993-467-4407,Goldsboro,United States,50577,New Mexico,453 Malvina,1967-10-16
crmid:2840138962,gharial1871@gmail.com,Max,Mcbride,,128-155-5935,St. Louis Park,United States,41311,Florida,123 Kirkham,1986-04-06
crmid:6753386187,welcomely1952@live.com,Mckinley,Carroll,male,040-293-6420,Birmingham,United States,83482,Colorado,997 Worcester,1939-10-13
crmid:2748119379,efficient1850@live.com,Edmond,Ross,,432-621-9235,Ogden,United States,94401,Texas,659 Still,1981-09-13
crmid:5931525361,chops1840@yahoo.com,Augustus,Maynard,,484-487-3657,South Euclid,United States,35083,Colorado,1139 San Anselmo,1974-04-17
crmid:2409991102,rabbit1878@gmail.com,Frank,Lopez,male,920-641-8445,Calexico,United States,20344,Pennsylvania,1320 Alta,1943-04-17
crmid:6347843734,tonic1884@gmail.com,Antoine,Cherry,male,977-264-7195,Aiken,United States,70085,Tennessee,366 Rosemary,1930-12-24
crmid:4079599831,spurnwater1991@yandex.com,Peter,Johns,male,719-789-8729,Bethany,United States,41638,Vermont,324 Bernice,1938-08-15
crmid:3028957843,cycloids1929@yandex.com,James,Zamora,,584-697-4216,Westminster,United States,47019,Florida,519 Chicago,1990-12-19
crmid:1545850876,memorableness1877@yandex.com,Donald,Harrington,,413-982-6465,Richland,United States,22012,Georgia,975 Landers,1962-12-07
crmid:2404152554,decimalism1820@yandex.com,Preston,Powers,,961-225-4754,Klamath Falls,United States,12412,West Virginia,751 Battery East,1978-03-17
crmid:9526112478,brogues1971@live.com,Jeffery,Pope,,670-251-8798,South El Monte,United States,39478,Arkansas,1171 Mayfair,1976-01-08
crmid:8766093572,prosecutor1911@yahoo.com,Joey,Cortez,,290-589-1112,Pontiac,United States,64233,Tennessee,448 Walbridge,1984-05-09
crmid:2718244632,bashalick1829@live.com,Filiberto,Chaney,,963-488-9485,Matthews,United States,83516,Ohio,1265 Funston,1988-03-11
crmid:9932095226,dogfish2004@live.com,Charlesetta,Hess,female,722-981-6155,College Park,United States,04169,Pennsylvania,784 Hayward,1949-02-14
crmid:8237806594,alaric2016@gmail.com,Dewayne,Poole,,826-894-6458,Johns Creek,United States,15816,Oklahoma,1166 Vara,1975-02-27
crmid:1610700091,abscess2063@live.com,Clifton,Brock,,242-791-4322,Hudson,United States,60671,New York,1349 Legion,1973-12-10
crmid:3070960870,aboveground1948@yahoo.com,Dane,Sellers,male,304-727-8633,Topeka,United States,71282,Minnesota,17 Greenwood,1930-02-26
crmid:4226046156,bromid1817@gmail.com,Maia,Perez,female,778-328-9950,Rockwall,United States,89300,New York,399 Bellair,1960-12-11
crmid:9677690153,thermoplastics1815@outlook.com,Cesar,Frederick,male,174-256-1481,Temple City,United States,03801,West Virginia,690 Potrero,1934-02-10
crmid:7450258365,dreamlit1861@yandex.com,Merlin,Avila,,423-046-8362,Ridgewood,United States,64753,Idaho,1332 Corbin,1990-12-15
crmid:1073699486,headwaiter1869@yahoo.com,Chung,Woods,male,387-586-2966,Brookings,United States,68802,Washington,101 Darien,1942-11-29
crmid:3041545142,credendum2047@yandex.com,Vivan,Wagner,female,689-264-8187,Edmond,United States,59346,Oregon,864 Jules,1958-09-30
crmid:5195899005,originally1827@gmail.com,Tommie,Rojas,,937-329-8071,Plymouth,United States,91059,Vermont,645 Bessie,1964-03-18
crmid:1978493297,enderle1828@yandex.com,Anjanette,Conway,female,464-860-0383,Crystal Lake,United States,01384,Utah,910 Giants,1952-01-07
crmid:4817353750,dreyfus1912@yandex.com,Dick,Dennis,male,350-216-5602,Belleville,United States,11807,Utah,1095 Bemis,1937-03-08
crmid:2551968316,bonehead2053@yandex.com,Fermin,West,male,383-088-5779,Buena Park,United States,28566,Kentucky,1266 Mallorca,1942-04-30
crmid:4336573951,qqv1987@yahoo.com,Anderson,Blackwell,,676-079-3582,Greensboro,United States,37081,Colorado,550 Flower,1968-05-12
crmid:1612811103,malarkeys1882@live.com,Sammie,Rutledge,,883-642-2467,Mesa,United States,19267,Iowa,588 Edie,1989-04-25
crmid:9211346723,palmetto2052@yahoo.com,Jeffrey,Dyer,,019-538-5562,Kentwood,United States,60723,Wyoming,866 Stanton,1977-11-09
crmid:3003214790,avgas1864@yandex.com,Rigoberto,Mcfarland,,938-710-7670,Honolulu,United States,17644,Florida,257 Frederick,1973-03-22
crmid:7359156138,deodate1845@yahoo.com,Eddie,Nelson,male,303-723-3333,Altus,United States,13033,Illinois,940 Ocean Vista,1932-03-21
crmid:7460324337,rajarshi1962@outlook.com,Rolf,Buckner,,427-416-7843,Middletown,United States,75024,North Carolina,652 Stow Lake,1990-09-21
crmid:8233226412,abrin2046@gmail.com,Rick,Matthews,,825-450-5121,Lauderhill,United States,66295,Wisconsin,204 Baldwin,1981-11-18
crmid:1084339068,warthog1857@yandex.com,Lloyd,Webb,,434-626-1985,Marion,United States,90791,Delaware,1021 Downey,1987-03-02
crmid:3240535764,exposition1924@live.com,Jonathan,Potter,,969-817-4718,Indian Trail,United States,51478,Kansas,321 Arbor,1974-09-18
crmid:2375526812,booking1878@yandex.com,Sung,Cunningham,female,480-810-3664,Colleyville,United States,41148,Alaska,1109 Fratessa,1949-08-07
crmid:7574311210,trytophan2030@yandex.com,Lupe,Peterson,male,901-087-4796,Banning,United States,66787,Alaska,995 Chabot,1936-11-27
crmid:5082022332,creak2006@yahoo.com,Trevor,Rivas,,833-287-3389,San Clemente,United States,97425,South Dakota,947 Lick,1976-07-02
crmid:8325739905,aculeate1971@yahoo.com,Horace,Roach,male,251-147-8488,North Ridgeville,United States,07382,Oklahoma,270 San Buenaventura,1999-01-09
crmid:7394815442,landmark2005@yahoo.com,Buster,Holland,,110-238-6281,Palm Springs,United States,88094,Montana,352 Battery Chamberlin,1986-01-17
crmid:8537256999,pike1944@yandex.com,Jimmie,Bradley,,853-530-8572,Fort Smith,United States,92009,Utah,184 Key,1963-05-14
crmid:6658190946,ironwork1877@yandex.com,Sidney,Lindsay,,317-708-3301,Kernersville,United States,40521,Missouri,350 Walter,1977-07-05
crmid:7561667040,absorbed2004@live.com,Kamala,Robinson,female,942-055-4581,Cupertino,United States,26039,New Jersey,589 Federal,1952-04-25
crmid:3772384470,landmark1954@gmail.com,Jeanmarie,Hicks,female,632-994-7499,Winston-Salem,United States,22673,Texas,649 Eve,1956-12-08
crmid:8995927483,epigrammatic2007@gmail.com,Loyd,Potter,,918-743-9641,New Rochelle,United States,96156,Virginia,829 Bernard,1996-06-23
crmid:1240803301,oppose1803@yahoo.com,Sanford,Wade,,909-468-0345,Lindenhurst,United States,21572,West Virginia,413 Alhambra,1983-04-05
crmid:6251299328,diazide2064@yandex.com,Bula,Pace,female,188-972-5409,Coralville,United States,01558,Michigan,1104 Kendall,1950-01-22
crmid:1426958562,collodion1800@yandex.com,Courtney,Faulkner,male,008-127-5160,Altamonte Springs,United States,16799,Arkansas,1174 Byron,1931-02-09
crmid:4647895530,systemic1815@gmail.com,Yulanda,Terry,female,516-488-8883,Southfield,United States,85020,North Dakota,238 Malvina,1956-09-29
crmid:7481503699,espadon1866@outlook.com,Argelia,Fox,female,612-336-3013,Cornelius,United States,09816,Illinois,529 Double Rock,1950-01-10
crmid:9708052039,dawns2013@yahoo.com,Mitch,Kelly,male,086-346-1716,Nacogdoches,United States,04340,Utah,786 Mesa,1995-01-14
crmid:1367244849,deermeat1808@live.com,Jerome,Conway,male,747-409-7477,Bell,United States,24074,Wisconsin,893 Sterling,1937-05-07
crmid:3885816038,durango1982@yahoo.com,Elvin,Lynch,,014-925-3106,Goodlettsville,United States,22583,Minnesota,1183 Belvedere,1967-05-09
crmid:1819825405,daylights1999@live.com,Crista,Tate,female,949-742-5175,Corona,United States,14394,Washington,971 Niagara,1950-02-28
crmid:4327005970,cruche1944@live.com,Kraig,Hammond,male,889-786-2671,Battle Ground,United States,37489,Idaho,124 Sunset,1936-06-12
crmid:4976529364,amphibological1816@outlook.com,Elliott,Stephenson,male,463-651-9071,Beaverton,United States,15804,Texas,1361 Lexington,1937-03-28
crmid:1432904999,patching1881@outlook.com,Wilton,Rojas,male,260-180-2145,Baytown,United States,56032,Alaska,9 Byxbee,1936-10-25
crmid:7628211646,ambition1879@yandex.com,Waylon,Hooper,,533-858-8211,Miami Lakes,United States,00943,Hawaii,491 Worden,1990-01-25
crmid:4384280955,confab2006@yahoo.com,Mauro,Wilkinson,male,065-314-2638,St. Charles,United States,09246,Illinois,1074 Maple,1935-07-31
crmid:1704488189,equvalent1897@outlook.com,Wilburn,Manning,,870-957-4995,Torrington,United States,24355,Colorado,123 Crescent,1968-12-15
crmid:8230328659,ambsace1807@outlook.com,Kendrick,Figueroa,,722-633-8145,Macon,United States,51626,South Carolina,30 Cottonwood,1985-10-02
crmid:3597869312,strumatic1918@gmail.com,Tiesha,Hubbard,female,131-652-4482,Natchez,United States,29502,Florida,397 Long Bridge,1995-04-27
crmid:9990673762,comprehensibly2051@outlook.com,Warren,Mcintyre,male,122-687-6470,Burton,United States,55623,Kentucky,1287 Columbus,1943-10-19
crmid:6732897316,became2014@live.com,Walter,Cardenas,female,707-986-4371,Oak Harbor,United States,15484,Virginia,580 Boynton,1949-11-18
crmid:5650460072,oyster1913@live.com,Stacy,Rasmussen,,970-571-7885,Yuba City,United States,44354,Iowa,163 Sacramento,1981-07-31
crmid:2050836976,pigwash1917@yahoo.com,Malorie,Davidson,female,913-536-3290,Chelsea,United States,79607,Iowa,303 Nauman,1946-06-08
crmid:7236998437,abyssinian1983@yandex.com,Korey,Rose,male,151-249-6871,Turlock,United States,09397,North Carolina,920 Monument,1931-06-25
crmid:6481846239,portrayal2049@live.com,Wayne,Bell,,376-806-1040,Milledgeville,United States,80568,Vermont,360 Stanyan,1991-08-02
crmid:6513364559,trainbearer1972@yahoo.com,Boris,Wolf,,013-629-9567,League City,United States,96169,Utah,901 Mccormick,1981-11-01
crmid:8721564825,deidre1875@yandex.com,Carmelo,Holden,,647-652-5981,Hempstead,United States,61107,Michigan,1294 Divisadero,1971-10-26
crmid:1413709783,eventfully1880@yahoo.com,Jackson,Witt,,542-572-3409,McAllen,United States,15906,Ohio,587 Sandpiper Cove,1988-03-14
crmid:9449854807,vocalist2039@yandex.com,Solomon,Berry,,700-248-4454,Louisville,United States,21651,West Virginia,45 Saturn,1984-05-31
crmid:5459743496,lovebirds2033@live.com,Jan,Wright,male,463-792-4737,Rocky Mount,United States,09244,New York,1302 Monterey,1940-12-30
crmid:8395749471,gizzard1939@live.com,Jesusa,Hudson,female,865-840-2472,East Providence,United States,87854,Mississippi,258 Johnstone,1957-10-23
crmid:7796951890,intracutaneously2001@outlook.com,Alonzo,Hyde,male,607-471-5864,Nashua,United States,00648,Rhode Island,13 Tunnel,1995-02-24
crmid:4120119133,pilastrade2005@yahoo.com,Henry,Daugherty,male,168-850-1513,Brooklyn Center,United States,29661,Maine,1072 Beideman,1942-05-07
crmid:1210842100,abhorrent2025@yahoo.com,Francesco,Hewitt,,658-485-8981,Lake in the Hills,United States,83672,Kentucky,904 Service,1980-06-21
crmid:3861145531,ultramaximal2032@yandex.com,Sang,Beasley,,479-405-2680,Flower Mound,United States,37004,Texas,687 Norton,1962-06-06
crmid:3333763512,chinamen1935@outlook.com,German,Buckner,,453-061-5506,New Orleans,United States,85948,Oregon,473 Banneker,1996-09-17
crmid:3282380066,mussitation2003@outlook.com,Candyce,Mccoy,female,271-533-1549,Fairview Heights,United States,05932,Washington,264 Anson,1961-02-19
crmid:7842189942,bulldog2059@gmail.com,Huey,Pratt,male,379-248-9495,Pekin,United States,77707,West Virginia,110 Martin Luther King Jr,1942-12-09
crmid:3992560742,toking2012@yandex.com,Hershel,Dyer,,477-674-6077,Herndon,United States,28214,New Mexico,860 Longview,1971-05-13
crmid:3305425973,bitter2061@live.com,Necole,Kelly,female,108-542-6097,Sunnyvale,United States,24218,Illinois,985 Waithman,1959-07-16
crmid:2071826897,dosser1884@yahoo.com,Irvin,Rocha,male,336-638-4612,Bozeman,United States,23133,South Dakota,92 Mccann,1940-05-25
crmid:1962429350,competitioner1889@live.com,Leland,Odom,male,744-965-5648,Bessemer,United States,34823,Washington,565 Priest,1938-06-22
crmid:9458422366,tenant2053@live.com,Lean,Mullins,female,992-523-3485,Ridgewood,United States,91657,Hawaii,421 Gerard,1952-05-21
crmid:1637155339,pedlers1900@gmail.com,Marshall,Rowland,,673-404-6069,Troy,United States,91270,Illinois,1371 Medical Center,1971-03-13
crmid:5459743496,sivaist1925@yandex.com,Carl,Hooper,male,849-471-6806,Alice,United States,78410,Nebraska,348 Stanyan,1931-02-14
crmid:4211763597,couturier2028@gmail.com,Macy,Knapp,female,181-525-3602,Northfield,United States,81444,Georgia,1229 Converse,1999-03-11
crmid:4063110567,racker1958@live.com,Morris,Harrell,male,852-769-0510,Casper,United States,63338,Ohio,614 Castillo,1945-11-14
crmid:4655728659,snapberry2005@live.com,Antoine,Dillard,,597-743-3907,Poplar Bluff,United States,77743,Alaska,850 Hartford,1999-05-15
crmid:6588901123,aloed1928@yahoo.com,Marcelo,Randall,,513-114-5425,University Place,United States,77132,Kentucky,1050 Sunrise,1963-12-06
crmid:2550293517,ineye1814@gmail.com,Royce,Glass,,339-332-7568,Palo Alto,United States,47714,Alabama,1182 Hemdale,1990-12-09
crmid:9531526753,selvas1954@outlook.com,Edgar,Cochran,,006-711-6896,Hercules,United States,35195,New Jersey,1382 Cambon,1971-06-29
crmid:9312239748,highbrows1955@gmail.com,Tod,Santiago,male,483-208-2669,Bremerton,United States,65937,Rhode Island,576 Northgate,1941-11-18
crmid:1949659107,zoobenthoic2067@outlook.com,Lawrence,Burns,male,234-670-1601,Murray,United States,73696,Massachusetts,842 Hampshire,1994-12-04
crmid:2664218836,computerise1923@gmail.com,Chase,Tyson,,637-838-0569,Johnson City,United States,19699,Utah,139 Castro,1975-03-20
crmid:3036180041,colleague1813@outlook.com,Aide,Leblanc,female,009-047-1638,Cypress,United States,79578,West Virginia,890 Bay Shore,1952-12-01
crmid:9351036571,cronet1842@yahoo.com,Josiah,Knox,male,348-226-1838,Ashwaubenon,United States,84493,New Jersey,427 Goettingen,1934-06-16
crmid:6821536684,cannibals1879@live.com,Devin,Glenn,,366-263-9657,Kearny,United States,82179,Arkansas,139 Drummond,1976-04-08
crmid:4939328215,bateman2023@outlook.com,Mozella,Mendoza,female,515-455-9320,Paterson,United States,66197,Rhode Island,1107 Wilder,1950-10-24
crmid:4783460910,pedicle2037@live.com,Gino,Jackson,,035-364-7282,Georgetown,United States,99879,Wisconsin,951 Sickles,1965-01-30
crmid:6211993644,gorgoniaceous1868@live.com,Maxwell,Lang,,068-048-5611,Ridgewood,United States,82799,Nebraska,336 Daggett,1962-08-26
crmid:9437395141,procline1961@yandex.com,Ricardo,Conrad,male,789-330-6728,Scarsdale,United States,01283,Hawaii,710 Henry,1933-08-07
crmid:1191550245,willowweed1953@outlook.com,Antony,Fry,male,545-594-0561,Rahway,United States,00535,New York,1027 Merrimac,1938-01-10
crmid:3534545362,dumbs1982@live.com,Darell,Roberts,,883-076-9836,Loves Park,United States,75019,Tennessee,30 Montcalm,1984-12-21
crmid:2033724870,magirological1847@yahoo.com,Omer,Mercer,,370-254-2132,Tualatin,United States,85463,Nevada,1239 Richards,1998-10-26
crmid:8530471550,standardbred1850@outlook.com,Horacio,Hansen,male,793-181-4852,Belmont,United States,25079,Maryland,351 Medau,1937-05-12
crmid:1471890664,rotted1867@live.com,Wilburn,Chambers,,554-406-6040,Hampton,United States,67514,Florida,1218 Hayward,1969-11-11
crmid:9813033878,tortoise1970@yahoo.com,Annelle,Spence,female,036-374-7202,Corona,United States,70276,Virginia,633 Omar,1950-01-28
crmid:6268294616,skellum2069@yahoo.com,Carroll,Chen,,312-756-8985,Vista,United States,84199,Colorado,692 Elim,1984-08-03
crmid:4590569028,deipnophobia2028@live.com,Dusty,Stokes,,651-055-7531,Thousand Oaks,United States,48031,New Hampshire,1286 Sadowa,1985-10-29
crmid:9324810982,basin1845@live.com,Hassan,Frederick,,205-304-1456,Holladay,United States,47924,Utah,649 Cashmere,1972-08-18
crmid:1473083581,restlessness1823@yahoo.com,Antonia,Rosales,,955-958-0555,Strongsville,United States,47503,Arizona,385 Sunnyside,1981-03-23
crmid:5651452593,earles2070@gmail.com,Virgilio,Lowery,,902-219-0772,Sylvania,United States,45158,Colorado,1195 Underwood,1991-03-18
crmid:5302557349,robbery2060@yandex.com,Carlyn,Cain,female,442-760-5227,Downey,United States,01594,New Hampshire,608 Hillcrest,1955-02-05
crmid:8095620767,warthogs1842@outlook.com,Quentin,Vance,,108-875-7475,Hermosa Beach,United States,07874,Indiana,706 Fanning,1971-01-04
crmid:4431979529,caribou1864@yahoo.com,Moshe,Barron,,507-310-6376,Las Vegas,United States,67040,Florida,1114 Craut,1981-11-28
crmid:3568238993,dreaminess1974@outlook.com,Jamey,Holt,female,702-312-2153,Corinth,United States,25370,Maine,279 Owen,1950-04-14
crmid:4671128341,haspspecs1894@live.com,Albert,Wheeler,,318-702-0527,Monterey,United States,27799,Ohio,828 Felton,1992-04-12
crmid:3813504404,heathrman1957@gmail.com,Justin,Stark,female,146-843-1587,El Centro,United States,20329,Rhode Island,67 Saint Croix,1958-04-28
crmid:7187267014,arock1823@gmail.com,Manual,Freeman,,342-232-6121,Post Falls,United States,92573,Missouri,158 Lindsay,1964-11-17
crmid:8591462947,stodger1902@gmail.com,Jermaine,Bennett,male,288-194-7330,Albuquerque,United States,80061,Iowa,450 Donner,1931-05-02
crmid:9344042226,unfinable1856@gmail.com,Nicolasa,Moran,female,268-797-2065,Clemmons,United States,76858,Indiana,604 Goleta,1948-07-21
crmid:2335302947,reindeer1997@gmail.com,Ardell,Clark,female,857-328-5627,SeaTac,United States,21095,Illinois,1035 Moreland,1955-01-06
crmid:4759533634,semiquadrate1882@gmail.com,Lino,Houston,,771-696-4208,Martinez,United States,92594,Arizona,976 Edie,1987-04-27
crmid:2210076658,minning2005@yahoo.com,Brady,Charles,male,632-088-5306,Schertz,United States,75099,Arkansas,561 Edinburgh,1999-12-03
crmid:3023703703,assuming1815@gmail.com,Bud,Calhoun,,915-364-7067,Hercules,United States,07700,Virginia,1240 Avenue M,1971-01-31
crmid:4417364505,angelfish1941@outlook.com,Margarett,Davenport,female,754-093-6513,Covina,United States,62572,Alabama,1092 Yukon,1951-10-11
crmid:9172805321,woodpecker1905@gmail.com,Keva,Roman,female,452-771-4750,Waukesha,United States,62602,New Jersey,591 Macedonia,1956-05-25
crmid:7409592259,tortoise2041@outlook.com,Ed,Boyer,,056-736-4557,Park Ridge,United States,65341,Rhode Island,965 Harney,1984-10-26
crmid:6840074889,tommed1891@outlook.com,Wilbert,Mosley,male,793-373-1442,Waltham,United States,77566,Idaho,971 Margrave,1940-10-21
crmid:1699216276,chafeweed1955@yandex.com,Eryn,Pugh,female,753-795-5530,Portage,United States,59128,Massachusetts,922 Thor,1954-11-06
crmid:4762505994,arteries1971@gmail.com,Hank,Morrow,male,057-370-7648,Centerville,United States,66120,New Jersey,774 Cityview,1945-11-08
crmid:4529222569,jollier2064@yahoo.com,Grant,Barber,,992-457-9103,Oakland Park,United States,90990,South Carolina,507 Tioga,1980-01-16
crmid:1863523925,semicultivated1866@gmail.com,Clint,Rice,,738-872-6451,Waterloo,United States,21872,Arkansas,808 London,1966-11-04
crmid:4888193193,minning1854@yahoo.com,Lawerence,Silva,,690-716-3011,Lino Lakes,United States,71321,South Carolina,889 Alvarado,1983-12-15
crmid:4549806211,disheart1810@gmail.com,Livia,Dunlap,female,119-535-5829,Eustis,United States,82103,North Carolina,838 Warren,1960-05-09
crmid:1621673890,abundantia1933@yandex.com,Les,Mcbride,,807-605-6311,Mooresville,United States,47139,Pennsylvania,293 Irwin,1993-08-29
crmid:3554169304,abrar1869@yandex.com,Max,Larsen,,089-994-5104,Lawrenceville,United States,47851,Florida,54 Burnside,1981-08-23
crmid:8188496335,banderma2047@yahoo.com,Myesha,Guthrie,female,614-586-4044,Winter Garden,United States,23944,South Dakota,266 Huntington,1961-07-12
crmid:6628745242,dalmatian2033@gmail.com,Gerardo,Workman,,145-816-9620,Solon,United States,41785,Alaska,226 Saint Marys,1985-12-05
crmid:1846961220,cailliach1910@live.com,Pinkie,Lowery,female,034-923-6171,Easton,United States,49725,Utah,1350 Moraga,1957-07-18
crmid:8107495063,binman1996@outlook.com,Vennie,Washington,female,841-000-0143,Sevierville,United States,15828,Wyoming,276 Reardon,1948-09-30
crmid:8377726919,convected2042@yahoo.com,Kyoko,Beard,female,125-765-4167,Salisbury,United States,87074,Hawaii,1218 Hunters Point,1949-05-02
crmid:9893267403,appellations1806@live.com,Cameron,Allen,,257-175-3977,Flower Mound,United States,61098,Alabama,477 Ledyard,1962-11-12
crmid:6037058044,encomic1938@gmail.com,Williams,Klein,,864-701-7921,Wyandotte,United States,44510,Louisiana,836 Peabody,1993-02-15
crmid:5260236709,erwin2062@yahoo.com,Nathan,Barker,,201-121-2339,Frankfort,United States,70102,Ohio,32 The Block,1963-01-18
crmid:9662117069,wakerife1894@yahoo.com,Ellis,Vang,,394-341-7637,Inver Grove Heights,United States,80130,Montana,1373 Nueva,1974-07-02
crmid:5604870302,brachiopode2053@yahoo.com,Lavette,Haley,female,674-376-1463,Vancouver,United States,77236,Virginia,879 Starview,1950-05-12
crmid:7014278600,staurotide1929@gmail.com,Clifford,Reyes,,213-466-5142,Hobart,United States,71970,Alaska,629 Lauren,1972-10-04
crmid:8053081602,rodolphus1965@live.com,Trenton,Ayala,,049-920-8677,Naperville,United States,90054,Maryland,837 Mammon,1995-07-03
crmid:8412197027,einkorn1906@live.com,Vernon,Nunez,,707-755-4435,Lake Elsinore,United States,22768,Texas,427 Whittier,1980-04-23
crmid:1223368007,entomb2055@gmail.com,Lavonia,Irwin,female,156-318-4187,North Charleston,United States,66144,Alabama,1184 Davenport,1998-10-25
crmid:9288392177,aztecs1962@gmail.com,Patrick,Douglas,,166-532-6532,Murfreesboro,United States,77624,Arkansas,652 Bob Kaufman,1994-12-16
crmid:6130672912,uneducate2050@yandex.com,Jean,Kent,,366-587-5694,Monroe,United States,76624,Arkansas,395 Southwood,1992-02-21
crmid:7612933634,vulturelike1837@live.com,Jim,Garcia,,994-322-5875,Nicholasville,United States,85393,Florida,403 Buena Vista,1997-11-17
crmid:4558233769,tennists1974@live.com,Arnold,Davis,male,115-554-5328,Yakima,United States,75078,Iowa,349 Plum,1998-09-29
crmid:8174631085,tinkle1966@live.com,Waldo,Sullivan,,825-489-8530,Mayfield Heights,United States,21843,Louisiana,1184 Hamlin,1988-05-17
crmid:8452458402,immun1877@yandex.com,Bree,Beasley,female,713-800-6069,Charlottesville,United States,07375,Oklahoma,744 Cottage,1946-01-02
crmid:9844586683,regroove1906@yandex.com,Sergio,Lancaster,male,312-795-3689,Boynton Beach,United States,57624,Iowa,733 Morse,1940-09-17
crmid:6962899490,broadmouth1952@live.com,Marylyn,Berry,female,342-858-1034,Corvallis,United States,38823,New Mexico,773 Kramer,1951-06-03
crmid:6192580408,abatis2048@live.com,Xenia,Warner,female,259-261-6569,Columbia Heights,United States,54910,Vermont,475 Southard,1949-09-30
crmid:4760690017,cowkeeper2044@outlook.com,Darell,Forbes,,124-208-9208,Kokomo,United States,72165,New Mexico,334 Fort Funston,1978-12-11
crmid:1850437175,cannikin2044@gmail.com,Fernando,Maddox,male,172-666-3284,Big Spring,United States,95079,Delaware,1256 Commer,1939-04-18
crmid:4099564592,consonance1976@gmail.com,Kieth,Lucas,male,909-639-7668,Bloomington,United States,65039,Arkansas,1396 Blairwood,1939-11-11
crmid:2578687805,flittiness1908@yahoo.com,Cornell,Mercado,,993-574-2791,Provo,United States,81164,Oklahoma,76 Newburg,1971-03-01
crmid:6401311014,amalie1981@yahoo.com,Marshall,Pena,male,898-272-1622,Casper,United States,33938,Rhode Island,1090 John Muir,1945-07-23
crmid:2447740073,ladybird1888@outlook.com,Laverne,Hensley,,780-988-7286,Fresno,United States,77535,Idaho,59 Butte,1964-12-07
crmid:3980259304,norms1868@yandex.com,Aron,Holloway,,206-766-9743,Meriden,United States,74308,Washington,368 Daniel Burnham,1989-12-26
crmid:4996742943,pentachenium1988@outlook.com,Young,Blevins,,043-981-7505,Sahuarita,United States,62168,California,753 Rosemont,1968-05-05
crmid:1342060859,misdeemed1997@live.com,Amberly,Foster,female,998-774-1218,Chesapeake,United States,70339,Missouri,1058 Poppy,1946-12-01
crmid:2856221196,cichlid1969@yandex.com,Von,Joseph,,716-065-5879,Ocean Springs,United States,59393,Delaware,965 Worden,1975-06-01
crmid:3335882700,pheasant2059@gmail.com,Lonny,Webster,male,369-201-1143,Bullhead City,United States,93619,Minnesota,1256 Humboldt,1942-06-30
crmid:7746608928,carine1984@outlook.com,Isaura,Slater,female,282-664-9462,Crystal Lake,United States,68973,Kansas,581 San Andreas,1952-11-07
crmid:1297595434,barbi1880@outlook.com,Hana,Patton,female,903-963-8429,Tallahassee,United States,26317,Kentucky,1251 Loehr,1960-04-23
crmid:8002643536,byroad1849@live.com,Jeffry,Long,,296-440-2192,San Juan,United States,65466,Colorado,1084 Lapham,1970-08-22
crmid:4058783862,preposed1984@yandex.com,Buster,Gaines,,269-337-5443,Hopkins,United States,03082,Mississippi,1370 Le Conte,1973-01-05
crmid:2161863729,bloomed2068@yahoo.com,Jerald,Cobb,,718-214-5123,Hampton,United States,28127,Wyoming,352 Case,1969-04-05
crmid:3157556123,chandan1913@gmail.com,Stefan,Kinney,,678-627-6742,Kearney,United States,37478,Tennessee,1400 Prague,1976-06-06
crmid:1146621151,cobol2038@live.com,Jacinto,Blackburn,male,046-884-7932,Big Spring,United States,27147,New Mexico,913 Tingley,1939-05-03
crmid:2419732070,osmanthus2034@outlook.com,Nathaniel,Mcfadden,,678-076-6740,Park Forest,United States,96945,West Virginia,87 San Anselmo,1978-11-08
crmid:3529798263,sensatory1940@live.com,Ned,Zimmerman,male,699-538-8837,Brawley,United States,89676,New York,562 Walter,1941-12-30
crmid:4408672837,assentatory1959@gmail.com,Brynn,Jordan,female,873-111-6638,Edgewater,United States,00387,Michigan,300 Rainey,1958-01-16
crmid:2249451086,inequality1855@gmail.com,Isaura,Fry,female,566-830-0512,Coppell,United States,72707,Delaware,654 Thomas More,1950-12-29
crmid:1481251414,iatraliptics1859@outlook.com,Winter,Hawkins,female,397-096-6081,Natchez,United States,13613,Wyoming,943 Avenue Of The Palms,1995-03-18
crmid:1186017854,schoolbookish2006@gmail.com,Anton,Burch,,143-590-1692,Moline,United States,47087,Utah,1152 Cleveland,1992-07-19
crmid:1376353860,scroll1916@live.com,Annis,Terry,female,396-111-7172,Wayne,United States,80987,South Dakota,1082 Lomita,1947-01-29
crmid:5374591530,limbate1869@yandex.com,Kieth,Terry,male,554-288-4912,Wildwood,United States,08299,Pennsylvania,871 Vidal,1935-06-29
crmid:1507954920,myoporum1857@live.com,Arturo,Blackwell,,690-960-3799,McDonough,United States,49046,Delaware,1342 Pizarro,1988-08-04
crmid:2946618276,blanch2043@yahoo.com,Perry,Marquez,,217-950-5273,Vancouver,United States,74288,New Hampshire,702 Waverly,1991-02-08
crmid:5373058308,unspecific1979@live.com,Leo,Webster,female,349-527-9049,North Ogden,United States,96534,Minnesota,725 Rankin,1998-03-22
crmid:1853909148,stubbles2061@outlook.com,Boris,Puckett,,512-195-6236,Herriman,United States,35055,Oklahoma,220 Ina,1971-07-18
crmid:3648045416,subalgebraical1863@live.com,Jess,Hyde,,061-753-1433,Mesa,United States,67344,Nevada,464 Craig,1989-11-26
crmid:8212107358,entad2046@yandex.com,Renetta,Norris,female,288-847-9524,Syracuse,United States,26407,New Jersey,270 Davis,1959-07-22
crmid:5673350247,gas1826@outlook.com,Reyes,England,,821-015-1198,Los Gatos,United States,50125,Arkansas,1322 Tomaso,1984-09-20
crmid:5707901356,contribution1941@gmail.com,Toby,Wilder,,422-761-6308,Monrovia,United States,25939,New Hampshire,522 Finley,1992-05-19
crmid:9708300007,indetermined1893@outlook.com,Claud,Eaton,male,851-685-8205,Orinda,United States,02901,Texas,368 Pilgrim,1935-02-09
crmid:5143582086,chemosynthesis1875@outlook.com,Ferdinand,Zimmerman,male,297-537-8713,Caldwell,United States,26967,Washington,1169 Liggett,1943-04-20
crmid:7015665443,dreamlit1824@gmail.com,Bret,Matthews,,033-515-6918,Southgate,United States,26057,Oklahoma,1352 Bank,1963-11-11
crmid:6191584193,kudu2048@yandex.com,Dylan,Maynard,male,497-774-9007,Burlingame,United States,18765,Nevada,900 Mandalay,1943-03-18
crmid:6541059613,unwailing2019@yahoo.com,Yasuko,William,female,528-424-8654,Wheat Ridge,United States,29845,Iowa,908 Pixley,1960-09-12
crmid:1800156095,vanished2069@live.com,Olympia,Vargas,female,988-506-1177,Ozark,United States,17876,Rhode Island,680 Casitas,1950-12-26
crmid:6759588537,unattractive1880@gmail.com,Mirella,Berg,female,656-764-3045,Donna,United States,60216,North Dakota,1241 Panama,1955-11-12
crmid:8816147501,pullover1859@gmail.com,Roosevelt,Russo,male,162-100-3603,Arlington,United States,41688,Connecticut,1397 Curtis,1933-08-26
crmid:7861831019,stounded1956@yandex.com,Edmundo,Hyde,male,133-400-4914,Boulder,United States,17188,Maryland,386 Dartmouth,1940-03-15
crmid:5753497591,dramas1902@live.com,Michal,Sosa,,264-141-9324,Hobbs,United States,51431,South Carolina,438 Hester,1972-09-04
crmid:9334408138,tamias1952@gmail.com,Edmundo,Brewer,,773-714-8261,Warrensburg,United States,26854,Hawaii,183 Chenery,1966-12-21
crmid:3214644005,suedes1957@outlook.com,Alva,Ashley,,230-730-4709,Palm Bay,United States,98209,Alaska,1227 Arellano,1988-05-20
crmid:1380732739,cyanic1838@live.com,Benny,Valentine,male,376-470-8165,Pasco,United States,00694,California,770 Commonwealth,1932-01-29
crmid:7344404351,drugless1835@gmail.com,Stefan,Rowland,,039-999-3584,Tamarac,United States,73270,Tennessee,178 Brown,1972-07-02
crmid:4572438274,straths1869@yandex.com,Emmett,Hartman,male,729-188-9141,Blacksburg,United States,19578,Arizona,394 Clearview,1939-04-13
crmid:3380013762,carlyle1935@yahoo.com,Enoch,Moss,,790-935-3662,West New York,United States,83012,Kentucky,503 Milan,1969-01-03
crmid:5591328580,bradley2052@gmail.com,Modesto,Ramos,,530-471-1007,Grayslake,United States,81401,Utah,838 Stanley,1968-03-07
crmid:4639128374,alogism1903@yahoo.com,Johnson,Rodriquez,male,005-543-0446,Trenton,United States,50870,Texas,1078 Galindo,1997-02-21
crmid:8708399718,corbett1999@live.com,Adan,Higgins,,522-557-1302,Ferguson,United States,88824,New Jersey,800 Moncada,1962-07-27
crmid:2238481042,delectated2049@live.com,Reed,Gross,male,463-636-5477,Orinda,United States,60302,Minnesota,1308 Nadell,1999-01-15
crmid:6497592828,plectridium2025@outlook.com,Tisa,Cooper,female,931-210-0829,Waterbury,United States,21571,New York,379 Lessing,1956-09-07
crmid:4986031127,tartanas2034@outlook.com,Nolan,William,,806-963-0968,Phenix City,United States,24493,New Mexico,919 Brooks,1966-04-15
crmid:5875859190,himalayan2003@yandex.com,Clair,Houston,,674-100-5697,Strongsville,United States,56210,Georgia,1382 Panama,1996-06-23
crmid:8818757170,immolator1871@yandex.com,Nelia,Rocha,female,407-009-8135,East Chicago,United States,31514,Arizona,172 Thornburg,1957-07-25
crmid:2012431506,scissor1806@yahoo.com,Jefferson,Rocha,,997-237-9312,Santa Barbara,United States,33522,Alabama,493 Ewing,1978-12-11
crmid:3443772936,efficacies1964@outlook.com,Arthur,Bradshaw,male,456-280-0628,Athens,United States,80534,North Carolina,1333 Visitacion,1934-01-03
crmid:7688758199,recleansing2066@outlook.com,Anibal,Preston,,077-094-4236,Tulare,United States,52339,Alaska,1273 Troy,1997-05-20
crmid:7951877239,circulate1913@gmail.com,Romelia,Rojas,female,530-578-0443,Cranston,United States,40957,Massachusetts,133 Barcelona,1951-07-25
crmid:5929112455,unjewelled1951@yandex.com,Galen,Spears,,346-184-1936,Frisco,United States,66327,Wisconsin,1186 Laura,1964-11-08
crmid:4354554111,naturalistic1945@yandex.com,Jules,Kramer,male,987-425-8606,Centennial,United States,65715,Rhode Island,948 Mizpah,1945-10-11
crmid:3304427019,ascertainability1908@gmail.com,Virgil,Mcneil,,809-585-8969,Monterey,United States,81854,Indiana,995 Golden Gate,1992-02-04
crmid:3172170554,siums2015@yandex.com,Willy,Fischer,male,982-465-7862,Burlingame,United States,92185,Nebraska,336 Cayuga,1943-10-10
crmid:1718209107,occipitoiliac1956@live.com,Lourie,Dunlap,female,686-983-9712,Thousand Oaks,United States,86388,Maryland,1330 Brannan,1953-06-09
crmid:5504397538,depravities2026@yandex.com,Nichelle,Floyd,female,440-891-9120,Clearfield,United States,37257,New Jersey,125 Pierpoint,1948-07-10
crmid:5882053272,aural1857@gmail.com,Sherlyn,Haney,female,466-342-8953,Pomona,United States,14014,South Carolina,1382 Waverly,1949-08-12
crmid:6054086228,palmira1824@live.com,Andrea,Bass,,492-649-8486,Kerrville,United States,58770,South Carolina,1383 Bengal,1977-09-28
crmid:3006787988,executed1937@gmail.com,Quinn,Camacho,,393-558-3886,Laguna Hills,United States,68660,New Jersey,240 Cutler,1979-12-17
crmid:2814470444,pathogenetic1963@yandex.com,Alayna,Weiss,female,728-199-6920,Fairbanks,United States,01927,North Dakota,29 Entrada,1961-01-30
crmid:7315230491,downbeat1915@yahoo.com,Cecil,Powell,male,778-757-6330,Blue Island,United States,89728,Delaware,718 Vara,1939-02-24
crmid:9292866331,brightly1900@live.com,Mitch,Chavez,,779-204-6984,Soledad,United States,96091,Montana,1103 Franconia,1966-01-14
crmid:2072337688,checksumming1925@gmail.com,Kiley,Pollard,female,922-644-6967,Fairview Heights,United States,21929,Kansas,757 Isola,1961-05-23
crmid:1819853931,coghlan2046@gmail.com,Franklin,Cherry,male,199-879-7109,Bartlesville,United States,71906,North Carolina,539 Edgewood,1936-12-07
crmid:5408588745,slither1994@yandex.com,Reid,Briggs,male,744-994-0520,Ceres,United States,84237,New Hampshire,839 Stanton,1945-08-04
crmid:6340922974,descendents2012@yahoo.com,Harrison,Roth,,040-867-0548,Marlborough,United States,43724,Kansas,446 Standish,1987-08-01
crmid:4885825269,burstones2068@yahoo.com,Arianne,French,female,224-144-6300,Deltona,United States,03522,New Mexico,371 Brompton,1954-01-10
crmid:2833296321,billows1876@outlook.com,Mel,Padilla,,735-757-0562,Rancho Cordova,United States,44665,Illinois,804 Pratt,1984-06-15
crmid:5022305360,uppercutted1965@live.com,Vance,Mckay,,206-068-9525,Glen Ellyn,United States,73574,Massachusetts,601 Albion,1966-12-14
crmid:8194465464,deceive1963@gmail.com,Samuel,Mosley,male,702-741-9149,Bixby,United States,85963,Mississippi,749 Caledonia,1939-09-21
crmid:4216859598,escalus1888@outlook.com,Del,Sexton,,705-688-7311,Pittsburg,United States,96629,Ohio,282 Lathrop,1978-10-30
crmid:6536057088,ultramaximal1822@yandex.com,Demetrius,Espinoza,,747-288-9433,Ypsilanti,United States,45271,Georgia,91 Adam,1988-09-11
crmid:1785203775,dorter1974@gmail.com,Elroy,Shaffer,male,640-235-2275,Summit,United States,91703,Texas,934 Gibbon,1936-03-27
crmid:1418006233,unreluctantly1962@live.com,Loriann,Boyer,female,545-036-2616,Tukwila,United States,23988,Oregon,210 Mabrey,1957-10-11
crmid:6143537097,anaryan1822@yahoo.com,Boris,Turner,,074-154-6733,Plano,United States,85737,Tennessee,1240 Massachusetts,1982-09-16
crmid:1475638374,bunkoed1905@outlook.com,Numbers,Cochran,female,608-763-7843,Cudahy,United States,81713,Washington,667 Peru,1952-07-06
crmid:6071159675,reviviscency2005@live.com,Chong,Guzman,male,105-609-5672,Aberdeen,United States,04681,Colorado,1145 Castenada,1930-02-12
crmid:7792710092,olm2008@yahoo.com,Robert,Douglas,,261-294-7271,Hazleton,United States,62722,Tennessee,508 Peru,1970-11-21
crmid:2917081341,nidus2021@yandex.com,Bart,Rush,,921-569-6723,Lindenwold,United States,59101,Utah,1018 Restani,1983-09-22
crmid:4579800785,berossos1861@outlook.com,Chuck,Andrews,,164-343-0377,Macon,United States,76105,West Virginia,220 Cornwall,1985-07-20
crmid:5266572940,deuterostomata1865@gmail.com,Neil,Thomas,,349-927-0085,Minot,United States,44409,New Mexico,730 Owen,1991-08-02
crmid:1154685000,caffeina1986@gmail.com,Kati,Palmer,female,002-515-9953,El Dorado,United States,72087,Texas,1161 Vista,1958-05-22
crmid:3580621091,chien2015@live.com,Mariano,Bright,,266-308-2131,Suffolk,United States,68555,Utah,74 De Montfort,1998-10-13
crmid:2673848379,overfallen2001@live.com,Walker,Raymond,,094-599-4447,Tigard,United States,99454,Oregon,474 Pacheco,1972-01-16
crmid:5628836637,reefer2050@yandex.com,Ezequiel,Melton,,222-491-1746,Kent,United States,72758,Illinois,1282 Federal,1977-05-26
crmid:6562465551,hieracosphinxes2030@yahoo.com,Marylouise,Flowers,female,313-147-4029,De Pere,United States,36043,Hawaii,794 Colton,1953-06-10
crmid:3834163817,acrorhagus1967@gmail.com,Aurelio,Alston,male,607-620-5356,Burton,United States,80177,Massachusetts,1363 Union,1943-01-01
crmid:4285773858,prerefine1976@outlook.com,Leonida,Morrow,female,675-882-2110,Suisun City,United States,26362,Nevada,778 Towerside,1960-05-21
crmid:6492874638,outplodding1894@live.com,Julian,Pitts,,800-349-7093,Golden Valley,United States,96897,New York,1298 Leland,1966-05-23
crmid:4991761589,doodlebug2022@gmail.com,Mario,O'neill,female,969-289-0556,Davenport,United States,83075,Mississippi,676 Seacliff,1953-10-12
crmid:5475708262,chicomecoatl1943@yahoo.com,Elijah,Martin,male,083-121-9195,Balch Springs,United States,65820,New York,1014 Montclair,1935-11-06
crmid:8184226975,heeler1948@yahoo.com,Brittanie,Valdez,female,033-094-9438,Waterbury,United States,60320,Massachusetts,650 Lassen,1952-01-29
crmid:1940031137,kilohertz1887@yahoo.com,Logan,Fowler,,530-403-9169,Minot,United States,23331,Pennsylvania,1095 Long Bridge,1991-04-28
crmid:7298596149,sarcolytic1835@yandex.com,Tracey,Lee,male,320-644-9195,Paramount,United States,90527,Alabama,603 Marine,1997-02-18
crmid:8945694592,whigling1916@yandex.com,Percy,Michael,,164-465-3885,Forest Grove,United States,79441,Iowa,295 De Haro,1962-07-30
crmid:4514957852,anaconda1944@gmail.com,Augustine,Farrell,,601-319-9702,Lake Jackson,United States,67793,Virginia,559 Battery Cranston,1980-11-17
crmid:4619429966,admissions2018@gmail.com,Victor,Taylor,,503-499-7434,Seminole,United States,77048,Oregon,602 Coldspring,1978-01-25
crmid:8029739973,branch1996@live.com,Mozell,Erickson,female,089-789-5180,Soledad,United States,22856,Missouri,200 Castro,1958-07-09
crmid:4170555424,billiards1874@outlook.com,Keith,Cooper,female,237-782-4599,Pearland,United States,29161,Wyoming,1087 Mercato,1958-05-07
crmid:8117024725,unalimentative1882@outlook.com,Rudolf,Bird,,965-982-9948,Hot Springs,United States,28461,Vermont,1032 Quickstep,1973-05-10
crmid:3151712835,retractor1989@gmail.com,Porter,Hall,,394-733-1401,Natchez,United States,75986,Michigan,788 Balboa,1995-09-25
crmid:8873270455,dendrobatinae2018@outlook.com,Frank,Avery,,503-896-9140,Monterey Park,United States,66927,South Dakota,49 Gladeview,1992-11-03
crmid:6810131320,peery2000@yandex.com,Julio,Downs,,901-841-8558,Moraga,United States,26239,Tennessee,412 Berry,1993-04-05
crmid:8975850709,sequined1812@outlook.com,Aldo,Whitley,,525-259-9976,Lake Jackson,United States,10978,California,665 Valencia,1980-02-07
crmid:2977835168,millistere1867@gmail.com,Azucena,Lindsey,female,200-946-6382,Durham,United States,00746,Alabama,322 Pulaski,1956-01-17
crmid:4226046156,gals2008@live.com,Yong,Delacruz,,648-893-9666,Fountain Hills,United States,78245,Nebraska,724 Pfeiffer,1963-12-17
crmid:9672738341,rubrication1983@outlook.com,Douglas,Boone,,433-600-0396,Goodyear,United States,63165,Ohio,216 Moore,1967-11-10
crmid:3162331985,tralatitious2006@yahoo.com,Gracia,Stuart,female,356-324-3776,San Dimas,United States,91134,Massachusetts,1229 Martha,1954-12-06
crmid:2493173878,dight1902@yahoo.com,Normand,Macdonald,,359-910-2152,Grand Junction,United States,19577,North Carolina,346 Fifth,1967-03-13
crmid:6242086970,barit1935@live.com,Jeni,Larson,female,010-502-9007,Coeur d'Alene,United States,75052,Alaska,391 Garrison,1949-04-17
crmid:7861474533,chaute1892@outlook.com,Kenneth,Fitzgerald,male,299-485-7098,Savannah,United States,81241,Maine,874 Millwright Cottage Access,1944-06-10
crmid:5461086899,californicus1902@gmail.com,Joeann,Harris,female,272-921-9103,Draper,United States,52849,Maine,712 Crestwell,1955-10-24
crmid:9948106810,caseloads1846@gmail.com,Frederic,Flowers,male,659-039-1506,American Fork,United States,92260,Texas,220 Varney,1932-04-10
crmid:1474774569,indisciplinable1902@live.com,Brice,Simon,male,924-596-6131,Bellingham,United States,68729,Maine,963 Van Keuren,1937-12-03
crmid:7370321663,burek1855@live.com,Buddy,Hendricks,,590-721-9162,San Benito,United States,41041,Arizona,880 Torney,1983-03-05
crmid:2969982823,chances1893@gmail.com,Manie,Copeland,female,148-264-1544,El Monte,United States,36205,North Dakota,421 Mary,1958-06-07
crmid:7990630303,convected1971@live.com,Ivan,Trevino,,826-299-6763,Lackawanna,United States,80248,North Dakota,491 Washburn,1979-08-02
crmid:8748587376,lazying1887@yahoo.com,Emilio,Caldwell,male,310-583-8115,Pasco,United States,01313,Delaware,5 Gates,1936-03-05
crmid:6395224179,mechanic2002@yandex.com,Conception,Jensen,female,134-625-7890,Fairbanks,United States,60131,Massachusetts,940 Loraine,1961-11-29
crmid:6498088179,annale1865@live.com,Francis,Alexander,,354-672-8775,Marshalltown,United States,39804,Wyoming,393 Crestmont,1987-06-04
crmid:6414905995,dungs2062@yahoo.com,Tommy,Lloyd,,381-777-6940,Rancho Mirage,United States,89422,Ohio,1350 Turquoise,1993-09-08
crmid:3401291059,exterminatress2001@yahoo.com,Alec,Cobb,male,251-720-3484,Pawtucket,United States,11739,Arkansas,1027 Kingston,1944-01-06
crmid:4659990703,foreordaining1814@yahoo.com,Jarrett,Crane,male,319-929-6034,Anaheim,United States,29830,Missouri,1342 Duboce,1932-05-07
crmid:9432201808,cryptomere1838@yandex.com,Edmundo,Leon,,171-159-7618,Rolling Meadows,United States,64271,Florida,1254 Stoneman,1973-08-20
crmid:6576100206,cephalins2055@live.com,Trent,Bryant,,711-405-2233,Leawood,United States,56765,Connecticut,829 Sparrow,1981-09-27
crmid:5706824405,metaluminic1901@yahoo.com,Stanton,Mills,,714-811-7424,Fullerton,United States,55531,West Virginia,386 Dichiera,1964-09-08
crmid:7027876328,stinkbug1830@yahoo.com,Heath,Collins,male,820-297-6190,Brownsville,United States,61380,Wyoming,199 Irwin,1942-11-09
crmid:5825416224,entach1969@live.com,Tobias,Duke,male,164-878-1204,Bossier City,United States,59938,Michigan,243 Main,1940-09-08
crmid:1289728650,brockie1939@gmail.com,Kendrick,Kim,,418-042-1799,Lima,United States,24312,New Hampshire,788 Fort Funston,1982-05-22
crmid:8392110436,planarian1921@live.com,Shayne,Chaney,female,584-771-4121,East Chicago,United States,86473,South Dakota,142 View,1957-11-26
crmid:1872373960,holocryptic1924@live.com,Michale,Poole,male,244-286-3521,Ankeny,United States,44269,Arizona,1038 Somerset,1932-07-23
crmid:1475638374,subinferred1939@outlook.com,Leland,Holcomb,male,556-811-3128,Bend,United States,94295,Oklahoma,608 Upper Service,1938-06-14
crmid:8885759679,delat1808@outlook.com,Geraldo,Taylor,male,331-909-6673,Rialto,United States,02580,Minnesota,223 Metson,1933-12-08
crmid:3960486811,lark1918@live.com,Roscoe,Serrano,,921-814-6901,Puyallup,United States,43441,Virginia,1314 Hallam,1989-08-12
crmid:6913174343,veratroyl2066@yahoo.com,Grady,Vargas,,693-449-8906,Sacramento,United States,25078,Wyoming,834 Moscow,1966-10-15
crmid:8532899962,betaking2008@yahoo.com,Norris,Farrell,,118-362-7861,Morristown,United States,90434,South Carolina,485 Elm,1993-05-02
crmid:8183146455,dreamworld1846@gmail.com,Renaldo,Padilla,male,502-359-1217,Cabot,United States,40997,Nebraska,422 Apparel,1943-08-22
crmid:1973778989,thick1866@gmail.com,Harold,Mccullough,,878-210-0501,Holland,United States,27581,Virginia,471 Mabini,1972-04-08
crmid:6467502671,circuits1888@outlook.com,Merlyn,Howe,female,144-020-1692,Seminole,United States,14570,New Mexico,174 Randolph,1955-06-15
crmid:4696326703,desires1863@live.com,Darrel,Moses,,691-432-4392,Grand Prairie,United States,42141,Utah,282 Kenny,1967-08-01
crmid:3957273413,carolus1812@live.com,Jessie,Taylor,male,659-441-2801,Sulphur,United States,18023,Maryland,883 Naylor,1944-05-28
crmid:3282908885,asarin2044@outlook.com,Gonzalo,Mitchell,,057-178-8232,Fort Lauderdale,United States,26225,Arkansas,1298 Shakespeare,1963-04-23
crmid:4192607839,arley1884@yandex.com,Orval,York,,695-440-3171,Morristown,United States,83779,Idaho,1176 El Plazuela,1993-12-11
crmid:8088886812,repair2044@outlook.com,Jamal,Foster,,969-909-4396,Wilkinsburg,United States,41254,Nevada,194 Caselli,1987-04-04
crmid:1081139368,twinkled1938@yandex.com,Clinton,Frank,,587-804-7797,Glendale Heights,United States,97833,Illinois,1029 John Muir,1966-12-09
crmid:1270217653,abrar1990@outlook.com,Shad,Cameron,male,995-083-9405,Omaha,United States,01553,New York,1190 Roemer,1939-09-05
crmid:1838137972,piques1864@outlook.com,Rodger,Luna,,325-380-3034,Glen Cove,United States,36154,Florida,799 Selma,1966-06-20
crmid:7933744130,unmercifully1876@yandex.com,Kirk,Hewitt,male,068-334-3412,Plano,United States,65649,Georgia,17 Yosemite,1938-11-11
crmid:7737425607,brockman2051@gmail.com,Keith,Hicks,male,815-922-6342,Atascadero,United States,84039,South Dakota,1290 Dukes,1934-06-14
crmid:4730251144,sawer1861@live.com,Alec,Rojas,male,186-593-4697,Temple Terrace,United States,00361,Delaware,1101 Pacific,1942-11-01
crmid:1493380026,ruewort1831@outlook.com,Barry,Hammond,,691-711-0217,Goodlettsville,United States,78610,Wisconsin,1139 Victoria,1967-07-26
crmid:3017040917,dispirited1818@yahoo.com,Conrad,Parsons,,924-565-5863,Mishawaka,United States,60120,Minnesota,412 Grattan,1991-10-02
crmid:7317710897,proletarianised1961@yahoo.com,Jarod,Mcbride,male,047-136-6395,Boise City,United States,22304,Virginia,708 Colton,1940-05-19
crmid:7182509570,perfecto1955@yandex.com,Rich,Wiley,,035-176-2321,Torrance,United States,59544,New York,421 Sea View,1995-10-20
crmid:3260706307,vituperative1881@yahoo.com,Abe,Dillard,male,664-798-4643,Blue Springs,United States,02166,New Mexico,1057 Tara,1939-01-08
crmid:8644328640,jackal1824@gmail.com,Brooks,Page,,768-669-4662,Huntington Park,United States,19366,Georgia,864 Belvedere,1974-03-22
crmid:4114824762,workaholics2049@live.com,Elton,Lewis,,433-860-3466,Keizer,United States,23587,South Dakota,469 Sotelo,1976-04-17
crmid:7623304429,ant1962@live.com,Siu,Booker,female,285-672-8905,DeKalb,United States,44901,West Virginia,484 De Forest,1953-08-03
crmid:5694921123,cannikin1859@yandex.com,Bo,Lowery,,572-480-7244,Oviedo,United States,86431,Ohio,1359 Hollister,1998-08-24
crmid:8525736372,sacculoutricular2062@live.com,Hershel,Francis,,550-714-1213,Seattle,United States,84029,North Carolina,1131 Williams,1966-07-06
crmid:7545189313,undiscording1841@yandex.com,Laquanda,Stanley,female,155-886-8434,Clifton,United States,22780,Maine,385 Edward,1948-05-28
crmid:9897358574,carayan2058@yahoo.com,Clint,Calhoun,,997-671-4647,Gaithersburg,United States,78417,Maine,1036 Eaton,1964-05-29
crmid:2606076106,extrasterile1968@gmail.com,Monty,Neal,male,602-698-0346,Bakersfield,United States,40993,Louisiana,161 Seville,1935-07-21
crmid:1702955933,acephalous1921@yandex.com,Buddy,Hartman,,752-622-6252,Raytown,United States,83501,Kansas,238 West Broadway,1976-06-25
crmid:5035935409,sprit2028@outlook.com,Delbert,Bates,male,972-317-9486,Asbury Park,United States,19560,Rhode Island,374 Hyde,1934-03-02
crmid:8260030119,demibrassart1932@yahoo.com,Micheal,Hunter,,871-636-4770,Machesney Park,United States,06452,South Dakota,1327 Church,1985-02-16
crmid:6329503175,darnel1949@yandex.com,Lawanna,Klein,female,833-882-6255,Wellington,United States,24254,Mississippi,1043 Palmetto,1958-05-16
crmid:8341782945,scraps1907@yahoo.com,Caroyln,Cleveland,female,552-194-5637,Darien,United States,03255,Louisiana,541 Fifth,1953-02-06
crmid:3144853819,hardline1893@live.com,Willette,Hurley,female,273-921-2637,Eagle,United States,75781,Indiana,723 Nottingham,1956-11-18
crmid:6899343532,erode2032@yahoo.com,Osvaldo,Henderson,male,037-110-3287,Annapolis,United States,63394,Connecticut,788 Hyde,1933-11-15
crmid:2406608910,enchanter1927@yandex.com,Jarred,Hamilton,,918-399-8656,Oxford,United States,64292,Mississippi,241 Darien,1983-10-09
crmid:8591002103,mazard1935@yandex.com,Mao,Fitzgerald,female,885-687-1366,Chelsea,United States,82689,Kansas,543 Millwright Cottage Access,1946-06-10
crmid:7161663512,puffin2055@outlook.com,Jeramy,Bush,,435-563-1233,Schertz,United States,31719,New York,861 Ils,1968-05-06
crmid:6475384589,crescentia1958@yandex.com,Hershel,Wooten,,833-405-3196,Frisco,United States,57747,Kentucky,1165 Cuba,1964-09-28
crmid:5947180641,bakers1937@yahoo.com,Junie,Fisher,female,780-072-2946,West Covina,United States,86293,Louisiana,1288 Ralston,1961-12-29
crmid:8752718734,carlean1993@outlook.com,Herb,Sexton,,730-423-9271,Marshalltown,United States,02689,Missouri,193 Oshaughnessy,1987-01-19
crmid:1260543988,polypage1934@live.com,Zackary,Blanchard,,458-162-9596,Kearny,United States,31542,Nevada,78 Weldon,1976-06-19
crmid:3298762280,redundancies1859@yahoo.com,Melvin,Noble,,776-033-7348,Natchez,United States,74533,North Dakota,665 Continuum,1995-12-16
crmid:5131520760,cantoral1804@yandex.com,Dan,Wooten,,018-866-9894,Kenner,United States,94899,Illinois,125 Alma,1977-05-16
crmid:5585178776,unstupid1813@outlook.com,Antone,Knight,male,517-521-9727,Woodburn,United States,00569,Oklahoma,251 Edgewood,1934-01-16
crmid:9952952916,columbic1922@live.com,Zana,Price,female,613-017-0065,Dinuba,United States,59209,Arizona,785 Meacham,1955-09-24
crmid:6684073357,tubenose1961@outlook.com,Raymundo,Hines,,324-025-0329,Santa Rosa,United States,53448,New York,701 Lundeen,1973-04-15
crmid:8813634288,brevier1816@gmail.com,Bud,Cummings,,832-878-6852,Windsor,United States,58935,California,59 Gerke,1995-08-19
crmid:1707357385,ceara1800@yandex.com,Byron,Herrera,male,572-302-7816,Blue Springs,United States,08907,Kentucky,520 Peter Yorke,1939-02-13
crmid:1846853003,dirigent1812@yahoo.com,Stanford,Santana,,462-223-2256,Perrysburg,United States,44635,Michigan,50 Cherry,1983-12-14
crmid:5184932653,weedlike1814@live.com,Chi,Mckinney,male,310-383-3348,Benbrook,United States,04702,Colorado,841 Colleen,1938-02-19
crmid:9377374906,guernsey2003@yahoo.com,Freddie,Mercado,male,303-333-7191,Aiken,United States,77633,Missouri,658 Arco,1930-12-27
crmid:2584722664,quantifiers1851@live.com,Gavin,Sanders,,450-658-2650,North Augusta,United States,40296,Connecticut,899 Margaret,1998-08-12
crmid:7837376067,endrys1801@gmail.com,Richie,Harmon,,018-367-8997,Lawrence,United States,40369,Arkansas,5 Wawona,1981-08-02
crmid:6697422369,primiparity1949@live.com,Joesph,Small,male,178-057-8959,Big Spring,United States,34515,Alabama,123 Blake,1939-05-27
crmid:7379832723,belar2043@yahoo.com,Brant,Jacobs,male,780-843-8776,Wilmington,United States,70426,New York,55 Custer,1939-01-15
crmid:8988209280,undog2041@yahoo.com,Damon,Dudley,,310-484-1787,Salem,United States,83712,Washington,508 Cortland,1972-10-25
crmid:6430411943,millage1961@yandex.com,Jean,Everett,,089-789-7678,Missoula,United States,02222,Massachusetts,120 Baldwin,1992-01-28
crmid:6770087559,limns1814@gmail.com,Antoine,Alston,,696-130-3620,Hillsboro,United States,74600,Alaska,1392 Gould,1972-01-15
crmid:4585292397,osmundaceae1832@yandex.com,Edwin,Mccray,,933-177-1815,Pflugerville,United States,69435,Georgia,839 Breen,1970-08-15
crmid:1101182438,raincoat1865@outlook.com,Dewitt,Yang,,450-073-4020,Midlothian,United States,02989,Wisconsin,877 Crisp,1990-01-23
crmid:8427519893,scheduler2027@gmail.com,Christoper,Conway,,743-144-9447,University City,United States,37300,New Hampshire,970 Bret Harte,1975-11-24
crmid:2267026285,emissary1987@outlook.com,Wendell,Wong,,228-094-7605,Helena,United States,12959,Georgia,787 Napoleon,1970-02-10
crmid:4389722178,dunderhead1910@gmail.com,Carlos,Moss,,327-647-7349,Mundelein,United States,20366,Texas,307 Church Parking Lot,1994-05-25
crmid:9917050762,parridge1987@gmail.com,Benedict,Ramos,,516-144-2347,Lafayette,United States,34007,Virginia,823 Nantucket,1979-05-01
crmid:5588676275,mudrooms1914@gmail.com,Carlos,Valenzuela,,289-498-4429,Los Gatos,United States,93185,Arizona,16 Jennings,1984-05-09
crmid:2355712074,psychodynamic2017@yahoo.com,Kent,Phelps,,024-522-1417,San Luis,United States,80173,Nevada,1330 Cherry,1966-01-04
crmid:6040422763,ambitious1848@live.com,Virgil,Dorsey,male,460-038-4462,Bartlesville,United States,57570,North Carolina,750 Acton,1936-10-08
crmid:9706824988,bauch1991@outlook.com,Alex,Cantrell,male,012-326-6229,West Des Moines,United States,00843,Alabama,376 Santa Ysabel,1930-12-01
crmid:9941049149,blazon1865@live.com,Martin,Gilliam,male,540-138-9925,Yucaipa,United States,93741,North Dakota,994 Isola,1940-07-11
crmid:8054450847,widegap1827@gmail.com,Reuben,Quinn,male,569-691-0648,Pocatello,United States,04006,New Jersey,41 Otter Cove,1932-08-24
crmid:5419932337,decrepit2049@gmail.com,Sachiko,Head,female,489-014-8094,Dover,United States,49788,Rhode Island,228 South,1955-08-13
crmid:4561291419,spaciously1999@yahoo.com,Phil,Rios,,216-250-8386,Port Chester,United States,21770,Massachusetts,1230 Grant,1966-01-04
crmid:7112664337,awest1814@outlook.com,Jonathon,Gomez,male,280-962-0926,Bethel Park,United States,97354,Oklahoma,964 Avalon,1938-12-21
crmid:1444253675,bhima1910@yandex.com,Eddy,Bentley,male,004-320-6519,Pharr,United States,06065,Indiana,108 Walbridge,1931-12-06
crmid:1188180375,indecency1885@yandex.com,Shiloh,Cline,female,599-313-6007,Collierville,United States,47749,Alaska,720 Garcia,1949-08-06
crmid:9828342919,documentary1988@outlook.com,Trey,Parsons,,063-615-8596,Wasco,United States,33855,New Jersey,47 Nauman,1973-06-19
crmid:8216017516,subsextuple1973@outlook.com,Dominick,Welch,,826-820-4572,Montgomery,United States,29953,New Jersey,756 Godeus,1992-05-14
crmid:5701937816,palmiped1826@live.com,Cesar,Johnston,,715-243-2401,San Juan Capistrano,United States,41254,North Dakota,1322 Bertie Minor,1984-03-27
crmid:5165324292,married1935@live.com,Remona,Morin,female,829-020-3229,Compton,United States,49465,South Carolina,472 Candyland,1949-07-21
crmid:6520353375,bigots2000@yandex.com,Emil,Brennan,,486-596-5916,Margate,United States,77460,Montana,264 Osgood,1986-12-18
crmid:4321346093,ascertainability2054@yandex.com,Florentino,Silva,,586-335-1723,South Bend,United States,93928,Illinois,1018 Roach,1973-02-09
crmid:5471300146,cornhusks2005@gmail.com,Antonina,Swanson,female,514-207-1403,New Berlin,United States,28945,Florida,937 Nelson,1996-04-01
