id,crmid,propensity_score_credit_cards,suggested_credit_card,propensity_score_loan,suggested_loan
3eb72340-4be1-11ea-ba88-b88a60e194fb-1-ps,crmid:5690533405,4,Rewards Card,4,Student Loan
3eb84258-4be1-11ea-b6e4-b88a60e194fb-1-ps,crmid:9932375792,5,Rewards Card,8,Business Loan
3eb94610-4be1-11ea-b7ac-b88a60e194fb-1-ps,crmid:8711746436,4,Platinum Card,3,Personal Loan
3eba307a-4be1-11ea-a5a9-b88a60e194fb-1-ps,crmid:8045271455,3,Student Card,4,Personal Loan
3ebaf3cc-4be1-11ea-a1a3-b88a60e194fb-1-ps,crmid:4431474594,4,Simplicity Card,5,Auto Loan
3ebc0552-4be1-11ea-8877-b88a60e194fb-1-ps,crmid:7394159038,5,Student Card,4,Personal Loan
3edd984a-4be1-11ea-8068-b88a60e194fb-1-ps,crmid:9703586123,3,Platinum Card,3,Personal Loan
3ede8240-4be1-11ea-ab11-b88a60e194fb-1-ps,crmid:2558794684,5,Business Card,2,Business Loan
3edf6c24-4be1-11ea-a541-b88a60e194fb-1-ps,crmid:3220397132,4,Rewards Card,4,Student Loan
3ee02ff8-4be1-11ea-8c21-b88a60e194fb-1-ps,crmid:1280710144,3,Simplicity Card,3,Auto Loan
3ee11936-4be1-11ea-a327-b88a60e194fb-1-ps,crmid:5668881916,3,Platinum Card,5,Business Loan
3ee1ddcc-4be1-11ea-931e-b88a60e194fb-1-ps,crmid:2387690390,7,Simplicity Card,4,Personal Loan
3ee2a14a-4be1-11ea-aef2-b88a60e194fb-1-ps,crmid:2629035218,6,Student Card,3,Business Loan
3f0235de-4be1-11ea-a68b-b88a60e194fb-1-ps,crmid:8806614367,4,Simplicity Card,3,Auto Loan
3f032046-4be1-11ea-a857-b88a60e194fb-1-ps,crmid:5143645958,4,Simplicity Card,3,Personal Loan
3f03e39c-4be1-11ea-bae6-b88a60e194fb-1-ps,crmid:8650967302,5,Rewards Card,5,Auto Loan
3f04cddc-4be1-11ea-8867-b88a60e194fb-1-ps,crmid:7209370411,4,Rewards Card,3,Personal Loan
3f05b850-4be1-11ea-86ae-b88a60e194fb-1-ps,crmid:8856877815,6,Dividend Card,4,Auto Loan
3f067ba2-4be1-11ea-a8d8-b88a60e194fb-1-ps,crmid:9509520942,3,Student Card,5,Auto Loan
3f073ef0-4be1-11ea-b9d3-b88a60e194fb-1-ps,crmid:9129736843,2,Business Card,7,Personal Loan
3f2b419a-4be1-11ea-b6b8-b88a60e194fb-1-ps,crmid:9667638231,5,Dividend Card,3,Auto Loan
3f2c04c8-4be1-11ea-b6e6-b88a60e194fb-1-ps,crmid:4278887473,4,Simplicity Card,4,Student Loan
3f2cc814-4be1-11ea-8e30-b88a60e194fb-1-ps,crmid:3499688625,5,Rewards Card,3,Personal Loan
3f2d8b5e-4be1-11ea-97ea-b88a60e194fb-1-ps,crmid:3298708609,4,Travel Card,5,Personal Loan
3f2e4eb0-4be1-11ea-8590-b88a60e194fb-1-ps,crmid:5204104944,4,Travel Card,5,Student Loan
3f2f1202-4be1-11ea-9dcb-b88a60e194fb-1-ps,crmid:4390311404,5,Business Card,3,Personal Loan
3f2ffc62-4be1-11ea-9ac8-b88a60e194fb-1-ps,crmid:3155649347,4,Simplicity Card,4,Personal Loan
3f53d810-4be1-11ea-9d2c-b88a60e194fb-1-ps,crmid:6604197734,3,Rewards Card,4,Student Loan
3f549cc0-4be1-11ea-bda6-b88a60e194fb-1-ps,crmid:9537269430,5,Dividend Card,3,Business Loan
3f556012-4be1-11ea-8ab5-b88a60e194fb-1-ps,crmid:7490298415,6,Travel Card,4,Personal Loan
3f562358-4be1-11ea-9377-b88a60e194fb-1-ps,crmid:2710291500,5,Business Card,6,Personal Loan
3f57337a-4be1-11ea-a782-b88a60e194fb-1-ps,crmid:3943475923,3,Rewards Card,5,Student Loan
3f57f818-4be1-11ea-b4dd-b88a60e194fb-1-ps,crmid:1800448077,4,Platinum Card,3,Business Loan
3f58bb94-4be1-11ea-9367-b88a60e194fb-1-ps,crmid:6655462706,7,Travel Card,3,Business Loan
3f79af7a-4be1-11ea-99d7-b88a60e194fb-1-ps,crmid:5914441708,2,Business Card,5,Auto Loan
3f7a99f4-4be1-11ea-8a4e-b88a60e194fb-1-ps,crmid:9701480563,3,Platinum Card,3,Auto Loan
3f7b5e68-4be1-11ea-8d26-b88a60e194fb-1-ps,crmid:9480911652,6,Rewards Card,2,Student Loan
3f7bfa9c-4be1-11ea-95be-b88a60e194fb-1-ps,crmid:1220480462,3,Travel Card,4,Personal Loan
3f7d0b3e-4be1-11ea-9436-b88a60e194fb-1-ps,crmid:3779098015,4,Platinum Card,4,Personal Loan
3f7df53a-4be1-11ea-8602-b88a60e194fb-1-ps,crmid:1719501746,5,Simplicity Card,5,Business Loan
3f7eb9f4-4be1-11ea-a325-b88a60e194fb-1-ps,crmid:4210762441,3,Student Card,4,Student Loan
3fa1349e-4be1-11ea-945b-b88a60e194fb-1-ps,crmid:6582415901,4,Platinum Card,3,Auto Loan
3fa1f81a-4be1-11ea-8f18-b88a60e194fb-1-ps,crmid:3108982095,4,Rewards Card,6,Auto Loan
3fa2bba8-4be1-11ea-8b1f-b88a60e194fb-1-ps,crmid:9667638231,4,Business Card,3,Student Loan
3fa3ccd2-4be1-11ea-aba4-b88a60e194fb-1-ps,crmid:2749171412,9,Student Card,4,Personal Loan
3fa49024-4be1-11ea-abc5-b88a60e194fb-1-ps,crmid:2099293215,4,Travel Card,6,Personal Loan
3fa57a5c-4be1-11ea-a812-b88a60e194fb-1-ps,crmid:9709700110,3,Rewards Card,4,Student Loan
3fa6b2d2-4be1-11ea-8bf7-b88a60e194fb-1-ps,crmid:4732340360,2,Student Card,4,Business Loan
3fc9561e-4be1-11ea-9e93-b88a60e194fb-1-ps,crmid:4857828706,3,Travel Card,8,Auto Loan
3fca406c-4be1-11ea-b8a9-b88a60e194fb-1-ps,crmid:8073506445,5,Student Card,6,Auto Loan
3fcb03c6-4be1-11ea-8055-b88a60e194fb-1-ps,crmid:4014228944,3,Dividend Card,5,Student Loan
3fcbee0c-4be1-11ea-b94e-b88a60e194fb-1-ps,crmid:2888741637,8,Simplicity Card,4,Personal Loan
3fccb2c0-4be1-11ea-afdf-b88a60e194fb-1-ps,crmid:2702455756,5,Rewards Card,4,Auto Loan
3fcd74c0-4be1-11ea-bc1b-b88a60e194fb-1-ps,crmid:4951520394,4,Business Card,3,Business Loan
3fce5f22-4be1-11ea-8493-b88a60e194fb-1-ps,crmid:2880829484,5,Student Card,9,Personal Loan
3ff3749a-4be1-11ea-a0e5-b88a60e194fb-1-ps,crmid:9802152120,6,Business Card,4,Personal Loan
3ff4369e-4be1-11ea-bb69-b88a60e194fb-1-ps,crmid:8292398119,5,Travel Card,3,Student Loan
3ff4fb40-4be1-11ea-b0b6-b88a60e194fb-1-ps,crmid:4170650890,2,Travel Card,4,Student Loan
3ff5beae-4be1-11ea-b0cc-b88a60e194fb-1-ps,crmid:9801541525,4,Business Card,5,Personal Loan
3ff6806c-4be1-11ea-a344-b88a60e194fb-1-ps,crmid:9994329927,5,Platinum Card,4,Auto Loan
3ff76ade-4be1-11ea-8e9f-b88a60e194fb-1-ps,crmid:6220796078,3,Platinum Card,4,Personal Loan
3ff82e46-4be1-11ea-bd64-b88a60e194fb-1-ps,crmid:8382325931,4,Travel Card,4,Personal Loan
401ad16c-4be1-11ea-8f62-b88a60e194fb-1-ps,crmid:1150196601,4,Dividend Card,3,Student Loan
401bbbca-4be1-11ea-81c2-b88a60e194fb-1-ps,crmid:3032764018,4,Simplicity Card,5,Business Loan
401c7f10-4be1-11ea-a8a6-b88a60e194fb-1-ps,crmid:4318752493,3,Simplicity Card,5,Business Loan
401d9048-4be1-11ea-bd44-b88a60e194fb-1-ps,crmid:9484009785,4,Simplicity Card,3,Auto Loan
401e2c8c-4be1-11ea-af42-b88a60e194fb-1-ps,crmid:5331276470,3,Student Card,3,Personal Loan
401eefe2-4be1-11ea-962e-b88a60e194fb-1-ps,crmid:3871993295,5,Simplicity Card,4,Business Loan
401fda2c-4be1-11ea-8d8c-b88a60e194fb-1-ps,crmid:1642523056,5,Student Card,7,Student Loan
4042a58a-4be1-11ea-83b1-b88a60e194fb-1-ps,crmid:6899497033,5,Platinum Card,2,Auto Loan
40438f9c-4be1-11ea-9059-b88a60e194fb-1-ps,crmid:2552733937,4,Rewards Card,4,Personal Loan
40442bf6-4be1-11ea-94bc-b88a60e194fb-1-ps,crmid:4079668593,3,Student Card,4,Business Loan
40451622-4be1-11ea-8a21-b88a60e194fb-1-ps,crmid:1353439163,3,Simplicity Card,7,Student Loan
4046011e-4be1-11ea-ab1b-b88a60e194fb-1-ps,crmid:6931708892,3,Dividend Card,4,Student Loan
4046c470-4be1-11ea-aac8-b88a60e194fb-1-ps,crmid:3458672921,5,Travel Card,5,Business Loan
404786f0-4be1-11ea-92ce-b88a60e194fb-1-ps,crmid:2803493061,3,Business Card,7,Student Loan
40693f68-4be1-11ea-8dd7-b88a60e194fb-1-ps,crmid:1290716367,3,Business Card,3,Personal Loan
406a50f0-4be1-11ea-8aad-b88a60e194fb-1-ps,crmid:9220565132,3,Student Card,3,Personal Loan
406b1422-4be1-11ea-9b9a-b88a60e194fb-1-ps,crmid:1143295011,2,Rewards Card,5,Personal Loan
406bff88-4be1-11ea-a16b-b88a60e194fb-1-ps,crmid:6542296415,6,Student Card,5,Personal Loan
406cc1d2-4be1-11ea-92b1-b88a60e194fb-1-ps,crmid:7973149317,4,Dividend Card,4,Personal Loan
406d851c-4be1-11ea-9fef-b88a60e194fb-1-ps,crmid:9750955837,5,Student Card,3,Personal Loan
406e4868-4be1-11ea-a2ff-b88a60e194fb-1-ps,crmid:6344418126,5,Simplicity Card,3,Student Loan
409160ba-4be1-11ea-8d55-b88a60e194fb-1-ps,crmid:9656517820,4,Simplicity Card,4,Business Loan
40922552-4be1-11ea-beab-b88a60e194fb-1-ps,crmid:6513364559,9,Dividend Card,3,Student Loan
4092e73a-4be1-11ea-a0ed-b88a60e194fb-1-ps,crmid:7430286449,5,Travel Card,2,Auto Loan
4093aacc-4be1-11ea-a637-b88a60e194fb-1-ps,crmid:2913821757,4,Travel Card,3,Personal Loan
409494d8-4be1-11ea-852d-b88a60e194fb-1-ps,crmid:5510312301,5,Platinum Card,5,Auto Loan
40957f40-4be1-11ea-a15b-b88a60e194fb-1-ps,crmid:1839910108,2,Rewards Card,2,Auto Loan
4096428a-4be1-11ea-ad04-b88a60e194fb-1-ps,crmid:8782751086,2,Simplicity Card,2,Business Loan
40bc4286-4be1-11ea-950e-b88a60e194fb-1-ps,crmid:6579440578,5,Platinum Card,5,Auto Loan
40bd2b82-4be1-11ea-ba75-b88a60e194fb-1-ps,crmid:6697193353,5,Business Card,7,Personal Loan
40be1740-4be1-11ea-8f69-b88a60e194fb-1-ps,crmid:4203481976,6,Platinum Card,4,Business Loan
40bed98c-4be1-11ea-859f-b88a60e194fb-1-ps,crmid:6171020475,6,Rewards Card,3,Personal Loan
40bf9de8-4be1-11ea-a8a5-b88a60e194fb-1-ps,crmid:2717093948,4,Simplicity Card,5,Personal Loan
40c06100-4be1-11ea-9874-b88a60e194fb-1-ps,crmid:8616855429,8,Dividend Card,5,Personal Loan
40c1235e-4be1-11ea-acc2-b88a60e194fb-1-ps,crmid:7247566379,4,Student Card,4,Business Loan
40e525c0-4be1-11ea-8afd-b88a60e194fb-1-ps,crmid:5742925861,5,Business Card,7,Personal Loan
40e6101e-4be1-11ea-8e6e-b88a60e194fb-1-ps,crmid:2099837167,4,Platinum Card,4,Student Loan
40e6d366-4be1-11ea-a676-b88a60e194fb-1-ps,crmid:1410612708,4,Simplicity Card,9,Student Loan
40e80c10-4be1-11ea-9f00-b88a60e194fb-1-ps,crmid:7664576265,5,Business Card,5,Auto Loan
40e8cf4c-4be1-11ea-99ff-b88a60e194fb-1-ps,crmid:9054316245,4,Rewards Card,4,Business Loan
40e99290-4be1-11ea-8519-b88a60e194fb-1-ps,crmid:9406922953,5,Simplicity Card,4,Personal Loan
40ea5630-4be1-11ea-ae68-b88a60e194fb-1-ps,crmid:3239808897,3,Rewards Card,4,Personal Loan
410bc09e-4be1-11ea-bb73-b88a60e194fb-1-ps,crmid:5696512104,4,Student Card,4,Business Loan
410cac7a-4be1-11ea-a7d9-b88a60e194fb-1-ps,crmid:5142589668,5,Travel Card,3,Personal Loan
410d6f6e-4be1-11ea-a00b-b88a60e194fb-1-ps,crmid:7277760371,3,Business Card,5,Personal Loan
410e59b0-4be1-11ea-a7de-b88a60e194fb-1-ps,crmid:5986993337,4,Simplicity Card,4,Personal Loan
410f1e1c-4be1-11ea-8bb0-b88a60e194fb-1-ps,crmid:6810131320,5,Simplicity Card,4,Auto Loan
4110066e-4be1-11ea-81da-b88a60e194fb-1-ps,crmid:4166798528,4,Business Card,3,Student Loan
4110caec-4be1-11ea-a878-b88a60e194fb-1-ps,crmid:2077147987,4,Rewards Card,8,Personal Loan
41340912-4be1-11ea-bd7c-b88a60e194fb-1-ps,crmid:6010512272,3,Business Card,4,Personal Loan
41351b68-4be1-11ea-af9a-b88a60e194fb-1-ps,crmid:7411380451,3,Rewards Card,3,Personal Loan
4135ddae-4be1-11ea-b0d7-b88a60e194fb-1-ps,crmid:8407325569,5,Business Card,8,Student Loan
4136c976-4be1-11ea-a676-b88a60e194fb-1-ps,crmid:3069196727,5,Dividend Card,5,Personal Loan
413765b6-4be1-11ea-8f7d-b88a60e194fb-1-ps,crmid:9526856764,4,Business Card,3,Business Loan
413828f8-4be1-11ea-ae2a-b88a60e194fb-1-ps,crmid:6739033814,4,Student Card,4,Student Loan
41391366-4be1-11ea-a180-b88a60e194fb-1-ps,crmid:2977835168,3,Business Card,4,Student Loan
415bdd9e-4be1-11ea-a80e-b88a60e194fb-1-ps,crmid:2447740073,6,Simplicity Card,4,Personal Loan
415cc810-4be1-11ea-abf3-b88a60e194fb-1-ps,crmid:2607885934,4,Dividend Card,5,Auto Loan
415d8a0c-4be1-11ea-a594-b88a60e194fb-1-ps,crmid:8232886566,6,Business Card,1,Personal Loan
415e748c-4be1-11ea-b05d-b88a60e194fb-1-ps,crmid:9467722715,4,Simplicity Card,8,Business Loan
415f85b6-4be1-11ea-a519-b88a60e194fb-1-ps,crmid:6926553421,3,Dividend Card,5,Personal Loan
4160713a-4be1-11ea-89c8-b88a60e194fb-1-ps,crmid:5608556176,4,Simplicity Card,4,Auto Loan
41610dc6-4be1-11ea-87a6-b88a60e194fb-1-ps,crmid:2549516575,4,Rewards Card,5,Auto Loan
4185363e-4be1-11ea-812c-b88a60e194fb-1-ps,crmid:1146621151,8,Rewards Card,6,Personal Loan
418621b4-4be1-11ea-98ae-b88a60e194fb-1-ps,crmid:1442686973,6,Business Card,10,Personal Loan
41870aee-4be1-11ea-a662-b88a60e194fb-1-ps,crmid:2656825949,2,Dividend Card,3,Auto Loan
4187cf9e-4be1-11ea-a9b4-b88a60e194fb-1-ps,crmid:2590364421,3,Student Card,4,Auto Loan
41886bb8-4be1-11ea-8511-b88a60e194fb-1-ps,crmid:2594982063,5,Rewards Card,2,Auto Loan
4189571a-4be1-11ea-8887-b88a60e194fb-1-ps,crmid:2336957358,5,Rewards Card,5,Student Loan
418a3f22-4be1-11ea-bb00-b88a60e194fb-1-ps,crmid:2733887484,5,Travel Card,5,Business Loan
41ada594-4be1-11ea-871b-b88a60e194fb-1-ps,crmid:7658886921,9,Dividend Card,6,Personal Loan
41aeb712-4be1-11ea-89bd-b88a60e194fb-1-ps,crmid:6866821367,5,Simplicity Card,2,Personal Loan
41afef9a-4be1-11ea-a57e-b88a60e194fb-1-ps,crmid:8191737362,4,Simplicity Card,8,Auto Loan
41b1010a-4be1-11ea-a874-b88a60e194fb-1-ps,crmid:2791374133,4,Rewards Card,4,Auto Loan
41b1eb4a-4be1-11ea-a1b8-b88a60e194fb-1-ps,crmid:9257344653,3,Rewards Card,9,Personal Loan
41b2fd18-4be1-11ea-925b-b88a60e194fb-1-ps,crmid:9806231639,3,Rewards Card,5,Auto Loan
41b3e768-4be1-11ea-bf37-b88a60e194fb-1-ps,crmid:1261503921,5,Travel Card,4,Personal Loan
41d7eaf6-4be1-11ea-bf6a-b88a60e194fb-1-ps,crmid:5487944157,5,Business Card,5,Auto Loan
41d8ae90-4be1-11ea-8814-b88a60e194fb-1-ps,crmid:6672929464,3,Business Card,2,Personal Loan
41d9c052-4be1-11ea-bc90-b88a60e194fb-1-ps,crmid:5422779816,5,Business Card,4,Auto Loan
41daa902-4be1-11ea-8711-b88a60e194fb-1-ps,crmid:8025740633,3,Platinum Card,4,Student Loan
41db6c66-4be1-11ea-b9b4-b88a60e194fb-1-ps,crmid:2971268304,3,Dividend Card,6,Student Loan
41dc2fb0-4be1-11ea-9d74-b88a60e194fb-1-ps,crmid:6065366271,4,Travel Card,8,Business Loan
41dcf2f6-4be1-11ea-a309-b88a60e194fb-1-ps,crmid:1393911695,5,Travel Card,4,Personal Loan
42019348-4be1-11ea-ab9c-b88a60e194fb-1-ps,crmid:3686604046,3,Dividend Card,5,Student Loan
42025694-4be1-11ea-8cdf-b88a60e194fb-1-ps,crmid:7927994278,5,Simplicity Card,6,Business Loan
420319d0-4be1-11ea-80cd-b88a60e194fb-1-ps,crmid:7211203878,4,Rewards Card,9,Business Loan
4203ddfe-4be1-11ea-9734-b88a60e194fb-1-ps,crmid:4276564489,4,Business Card,4,Business Loan
4204ed24-4be1-11ea-b0b0-b88a60e194fb-1-ps,crmid:2731023404,3,Dividend Card,4,Business Loan
4205b206-4be1-11ea-b4aa-b88a60e194fb-1-ps,crmid:2454921476,3,Platinum Card,5,Business Loan
4206753e-4be1-11ea-a988-b88a60e194fb-1-ps,crmid:8843844586,2,Simplicity Card,5,Personal Loan
422b60d2-4be1-11ea-a244-b88a60e194fb-1-ps,crmid:8977550204,3,Travel Card,3,Personal Loan
422c2424-4be1-11ea-aa88-b88a60e194fb-1-ps,crmid:5490199009,3,Student Card,4,Business Loan
422ce764-4be1-11ea-bcf7-b88a60e194fb-1-ps,crmid:1697945640,3,Dividend Card,4,Auto Loan
422d83c6-4be1-11ea-89e3-b88a60e194fb-1-ps,crmid:1472212518,5,Business Card,4,Personal Loan
422e6e10-4be1-11ea-8c0c-b88a60e194fb-1-ps,crmid:6062583955,5,Student Card,7,Business Loan
422f315a-4be1-11ea-839c-b88a60e194fb-1-ps,crmid:2850022152,5,Travel Card,4,Auto Loan
422ff4ba-4be1-11ea-b0c0-b88a60e194fb-1-ps,crmid:3165414473,10,Travel Card,5,Personal Loan
4251d4c0-4be1-11ea-a8e2-b88a60e194fb-1-ps,crmid:6703561157,4,Student Card,4,Personal Loan
4252bf1c-4be1-11ea-8406-b88a60e194fb-1-ps,crmid:9872100620,4,Rewards Card,3,Personal Loan
4253826e-4be1-11ea-8a1b-b88a60e194fb-1-ps,crmid:6981916472,3,Rewards Card,3,Personal Loan
425445b6-4be1-11ea-874f-b88a60e194fb-1-ps,crmid:1544022830,3,Simplicity Card,7,Business Loan
42550900-4be1-11ea-94a9-b88a60e194fb-1-ps,crmid:8662725468,3,Rewards Card,5,Business Loan
4255ccd2-4be1-11ea-95c1-b88a60e194fb-1-ps,crmid:4269070220,3,Travel Card,4,Personal Loan
4256b6de-4be1-11ea-bd68-b88a60e194fb-1-ps,crmid:4933502354,4,Rewards Card,4,Business Loan
427a6b38-4be1-11ea-9ab7-b88a60e194fb-1-ps,crmid:1449643570,4,Business Card,3,Student Loan
427b559c-4be1-11ea-ac31-b88a60e194fb-1-ps,crmid:6577440426,3,Student Card,4,Business Loan
427c1938-4be1-11ea-8cb0-b88a60e194fb-1-ps,crmid:8613048175,5,Simplicity Card,5,Business Loan
427d0474-4be1-11ea-a116-b88a60e194fb-1-ps,crmid:1550377903,7,Platinum Card,3,Personal Loan
427dc674-4be1-11ea-a266-b88a60e194fb-1-ps,crmid:5590894579,6,Business Card,5,Auto Loan
427eb23e-4be1-11ea-9301-b88a60e194fb-1-ps,crmid:2706298638,5,Student Card,4,Auto Loan
427f746c-4be1-11ea-a85e-b88a60e194fb-1-ps,crmid:2975282732,4,Simplicity Card,5,Personal Loan
42a21734-4be1-11ea-8443-b88a60e194fb-1-ps,crmid:4243594655,5,Business Card,8,Business Loan
42a328b6-4be1-11ea-823f-b88a60e194fb-1-ps,crmid:9567790703,4,Rewards Card,5,Student Loan
42a4615e-4be1-11ea-9566-b88a60e194fb-1-ps,crmid:9400706437,6,Simplicity Card,3,Auto Loan
42a599b6-4be1-11ea-86b0-b88a60e194fb-1-ps,crmid:2722294454,2,Business Card,4,Personal Loan
42a6ab48-4be1-11ea-a295-b88a60e194fb-1-ps,crmid:3976410695,4,Business Card,9,Business Loan
42a76ea2-4be1-11ea-83b5-b88a60e194fb-1-ps,crmid:6528611068,5,Dividend Card,5,Personal Loan
42a858da-4be1-11ea-882c-b88a60e194fb-1-ps,crmid:3067174934,2,Simplicity Card,5,Student Loan
42cc349a-4be1-11ea-a551-b88a60e194fb-1-ps,crmid:4920777372,4,Rewards Card,4,Business Loan
42cd2052-4be1-11ea-9deb-b88a60e194fb-1-ps,crmid:9412896937,3,Student Card,4,Business Loan
42cde252-4be1-11ea-a40a-b88a60e194fb-1-ps,crmid:1316709961,5,Rewards Card,5,Auto Loan
42cea6de-4be1-11ea-9fdc-b88a60e194fb-1-ps,crmid:7948935708,8,Simplicity Card,4,Student Loan
42cf6a22-4be1-11ea-82ba-b88a60e194fb-1-ps,crmid:1967173216,5,Business Card,6,Personal Loan
42d02de6-4be1-11ea-8259-b88a60e194fb-1-ps,crmid:7281206253,4,Dividend Card,4,Personal Loan
42d11724-4be1-11ea-b957-b88a60e194fb-1-ps,crmid:1109359348,4,Travel Card,5,Personal Loan
42f2f7cc-4be1-11ea-9ea7-b88a60e194fb-1-ps,crmid:3516278042,5,Travel Card,3,Personal Loan
42f3e0ca-4be1-11ea-973d-b88a60e194fb-1-ps,crmid:4700033999,3,Travel Card,2,Business Loan
42f4a3f8-4be1-11ea-8861-b88a60e194fb-1-ps,crmid:4304312862,5,Platinum Card,5,Personal Loan
42f568c2-4be1-11ea-82dc-b88a60e194fb-1-ps,crmid:3201023696,4,Platinum Card,9,Personal Loan
42f62c94-4be1-11ea-a126-b88a60e194fb-1-ps,crmid:8096386192,4,Travel Card,8,Business Loan
42f73e22-4be1-11ea-9339-b88a60e194fb-1-ps,crmid:4635453793,4,Dividend Card,3,Personal Loan
42f7ff68-4be1-11ea-8e51-b88a60e194fb-1-ps,crmid:9834900378,3,Business Card,6,Auto Loan
431f0f40-4be1-11ea-898c-b88a60e194fb-1-ps,crmid:8643771128,3,Dividend Card,4,Student Loan
431fd3dc-4be1-11ea-9f07-b88a60e194fb-1-ps,crmid:8537706016,4,Travel Card,5,Business Loan
4320be4a-4be1-11ea-83df-b88a60e194fb-1-ps,crmid:6186653173,3,Simplicity Card,7,Personal Loan
4321819e-4be1-11ea-8812-b88a60e194fb-1-ps,crmid:8450354053,5,Business Card,2,Student Loan
43226bb6-4be1-11ea-bb84-b88a60e194fb-1-ps,crmid:6732087053,6,Platinum Card,5,Personal Loan
43232e1e-4be1-11ea-b4e4-b88a60e194fb-1-ps,crmid:6062583955,3,Travel Card,4,Student Loan
4324193e-4be1-11ea-bc4c-b88a60e194fb-1-ps,crmid:2456071111,3,Dividend Card,8,Personal Loan
434bc48a-4be1-11ea-b542-b88a60e194fb-1-ps,crmid:7790620936,5,Business Card,5,Personal Loan
434caee8-4be1-11ea-9887-b88a60e194fb-1-ps,crmid:6985539562,3,Simplicity Card,5,Business Loan
434d7398-4be1-11ea-ae55-b88a60e194fb-1-ps,crmid:3644029057,4,Student Card,2,Student Loan
434e5dee-4be1-11ea-be37-b88a60e194fb-1-ps,crmid:3335882700,4,Rewards Card,3,Student Loan
434f1fe4-4be1-11ea-9e18-b88a60e194fb-1-ps,crmid:6894950672,4,Dividend Card,4,Personal Loan
434fe44a-4be1-11ea-8bbe-b88a60e194fb-1-ps,crmid:4336977873,4,Platinum Card,5,Auto Loan
4350a692-4be1-11ea-a7f4-b88a60e194fb-1-ps,crmid:2128425650,4,Simplicity Card,4,Personal Loan
4374f74c-4be1-11ea-a2a0-b88a60e194fb-1-ps,crmid:5098149680,7,Travel Card,4,Business Loan
4375ba92-4be1-11ea-ae06-b88a60e194fb-1-ps,crmid:1547119407,4,Travel Card,3,Personal Loan
43767dec-4be1-11ea-bdb0-b88a60e194fb-1-ps,crmid:1034369716,4,Travel Card,4,Student Loan
437741c0-4be1-11ea-8a77-b88a60e194fb-1-ps,crmid:6130262872,3,Business Card,3,Personal Loan
437852b6-4be1-11ea-8f2c-b88a60e194fb-1-ps,crmid:4528838842,5,Dividend Card,8,Auto Loan
4379b240-4be1-11ea-8dc1-b88a60e194fb-1-ps,crmid:1183717131,5,Travel Card,5,Personal Loan
437a9cc6-4be1-11ea-b12a-b88a60e194fb-1-ps,crmid:4294242320,3,Business Card,5,Student Loan
43a3cf74-4be1-11ea-bc8a-b88a60e194fb-1-ps,crmid:3411510404,4,Dividend Card,4,Student Loan
43a4b9da-4be1-11ea-b7a0-b88a60e194fb-1-ps,crmid:5371907388,5,Travel Card,5,Auto Loan
43a57d30-4be1-11ea-b935-b88a60e194fb-1-ps,crmid:4043194015,5,Dividend Card,4,Business Loan
43a6407a-4be1-11ea-b385-b88a60e194fb-1-ps,crmid:4771594245,4,Simplicity Card,3,Auto Loan
43a8b40c-4be1-11ea-824c-b88a60e194fb-1-ps,crmid:1725270141,5,Platinum Card,4,Business Loan
43a99ce8-4be1-11ea-89b2-b88a60e194fb-1-ps,crmid:7026127141,3,Platinum Card,4,Auto Loan
43aaad98-4be1-11ea-8006-b88a60e194fb-1-ps,crmid:2136235243,4,Dividend Card,4,Personal Loan
43d01122-4be1-11ea-8348-b88a60e194fb-1-ps,crmid:5940178230,3,Business Card,4,Auto Loan
43d0d434-4be1-11ea-906e-b88a60e194fb-1-ps,crmid:5391072453,4,Travel Card,6,Student Loan
43d1bd62-4be1-11ea-8984-b88a60e194fb-1-ps,crmid:5330445254,4,Travel Card,4,Student Loan
43d25ad4-4be1-11ea-bea4-b88a60e194fb-1-ps,crmid:4312004761,5,Simplicity Card,5,Auto Loan
43d34562-4be1-11ea-9a8f-b88a60e194fb-1-ps,crmid:3028957843,4,Rewards Card,7,Auto Loan
43d409d2-4be1-11ea-af75-b88a60e194fb-1-ps,crmid:8340504517,4,Dividend Card,3,Student Loan
43d566da-4be1-11ea-923e-b88a60e194fb-1-ps,crmid:4743936576,5,Travel Card,3,Personal Loan
43fa53ca-4be1-11ea-a9c2-b88a60e194fb-1-ps,crmid:9567790703,3,Travel Card,3,Personal Loan
43fb1882-4be1-11ea-9ee1-b88a60e194fb-1-ps,crmid:4626673596,4,Business Card,3,Auto Loan
43fbda64-4be1-11ea-b163-b88a60e194fb-1-ps,crmid:2528942140,3,Rewards Card,3,Personal Loan
43fcec54-4be1-11ea-a512-b88a60e194fb-1-ps,crmid:1578919082,4,Platinum Card,5,Student Loan
43fdaf2c-4be1-11ea-bd0b-b88a60e194fb-1-ps,crmid:1188926477,3,Rewards Card,3,Personal Loan
43fe73c2-4be1-11ea-8a9b-b88a60e194fb-1-ps,crmid:8217899992,2,Business Card,5,Personal Loan
43ff5cb0-4be1-11ea-b32c-b88a60e194fb-1-ps,crmid:4376975514,5,Rewards Card,5,Personal Loan
4422eb64-4be1-11ea-8ad9-b88a60e194fb-1-ps,crmid:3981355563,8,Platinum Card,5,Personal Loan
4423d4ba-4be1-11ea-8a1b-b88a60e194fb-1-ps,crmid:5763548817,4,Platinum Card,8,Auto Loan
4424bf4a-4be1-11ea-ae80-b88a60e194fb-1-ps,crmid:6740757799,3,Dividend Card,5,Student Loan
442583f6-4be1-11ea-b266-b88a60e194fb-1-ps,crmid:2498131399,3,Dividend Card,3,Personal Loan
44264700-4be1-11ea-9e6c-b88a60e194fb-1-ps,crmid:1215503926,5,Travel Card,3,Auto Loan
4426e34a-4be1-11ea-b9df-b88a60e194fb-1-ps,crmid:4854005752,2,Simplicity Card,5,Personal Loan
4427a68c-4be1-11ea-9804-b88a60e194fb-1-ps,crmid:2083048601,2,Rewards Card,3,Student Loan
444d7dee-4be1-11ea-af79-b88a60e194fb-1-ps,crmid:1148496619,3,Business Card,3,Personal Loan
444e6718-4be1-11ea-9b67-b88a60e194fb-1-ps,crmid:4867317828,4,Student Card,4,Auto Loan
444f2a5e-4be1-11ea-86f5-b88a60e194fb-1-ps,crmid:3094437309,5,Platinum Card,8,Personal Loan
444fedb4-4be1-11ea-8a24-b88a60e194fb-1-ps,crmid:3854632039,3,Rewards Card,4,Personal Loan
4450b124-4be1-11ea-8d59-b88a60e194fb-1-ps,crmid:6330570199,4,Rewards Card,6,Personal Loan
44517470-4be1-11ea-a4ae-b88a60e194fb-1-ps,crmid:9579732923,4,Dividend Card,3,Personal Loan
445237b0-4be1-11ea-962a-b88a60e194fb-1-ps,crmid:4155514628,5,Business Card,3,Personal Loan
4482212e-4be1-11ea-8c75-b88a60e194fb-1-ps,crmid:9311000431,5,Simplicity Card,3,Personal Loan
44835ae6-4be1-11ea-b222-b88a60e194fb-1-ps,crmid:4065203580,3,Business Card,4,Personal Loan
44841e54-4be1-11ea-8256-b88a60e194fb-1-ps,crmid:3427035843,6,Platinum Card,2,Business Loan
44852e64-4be1-11ea-becd-b88a60e194fb-1-ps,crmid:2011695423,3,Business Card,4,Personal Loan
448619f8-4be1-11ea-873b-b88a60e194fb-1-ps,crmid:5423967262,4,Platinum Card,4,Personal Loan
44870342-4be1-11ea-a79f-b88a60e194fb-1-ps,crmid:2104706703,8,Student Card,4,Business Loan
44881576-4be1-11ea-aa1e-b88a60e194fb-1-ps,crmid:8537942885,4,Dividend Card,4,Business Loan
44ae3a14-4be1-11ea-9ecb-b88a60e194fb-1-ps,crmid:2718922535,3,Dividend Card,8,Student Loan
44af247a-4be1-11ea-8504-b88a60e194fb-1-ps,crmid:5196658179,4,Student Card,4,Personal Loan
44afe7be-4be1-11ea-88d9-b88a60e194fb-1-ps,crmid:4367960003,4,Rewards Card,5,Business Loan
44b0d240-4be1-11ea-9a94-b88a60e194fb-1-ps,crmid:5025672922,4,Simplicity Card,2,Business Loan
44b1bc8c-4be1-11ea-92b6-b88a60e194fb-1-ps,crmid:1716126307,4,Business Card,3,Personal Loan
44b2813a-4be1-11ea-8e4c-b88a60e194fb-1-ps,crmid:5480483567,4,Dividend Card,9,Personal Loan
44b344c0-4be1-11ea-bf89-b88a60e194fb-1-ps,crmid:1716126307,5,Travel Card,3,Business Loan
44d80964-4be1-11ea-823e-b88a60e194fb-1-ps,crmid:9718589934,4,Travel Card,5,Auto Loan
44d8f3b4-4be1-11ea-ad4d-b88a60e194fb-1-ps,crmid:5943171713,4,Business Card,3,Personal Loan
44d9ddda-4be1-11ea-b0df-b88a60e194fb-1-ps,crmid:3930529984,5,Student Card,5,Personal Loan
44daa128-4be1-11ea-bdcc-b88a60e194fb-1-ps,crmid:4946571296,3,Simplicity Card,5,Business Loan
44db8b92-4be1-11ea-9446-b88a60e194fb-1-ps,crmid:6888316771,4,Business Card,3,Auto Loan
44dc4ed8-4be1-11ea-a7b0-b88a60e194fb-1-ps,crmid:1183075684,4,Simplicity Card,3,Personal Loan
44dd123a-4be1-11ea-b6e1-b88a60e194fb-1-ps,crmid:3881389134,5,Rewards Card,9,Personal Loan
4501ff82-4be1-11ea-94f3-b88a60e194fb-1-ps,crmid:3371788483,4,Platinum Card,5,Student Loan
4502e9e2-4be1-11ea-93ad-b88a60e194fb-1-ps,crmid:8412167747,4,Rewards Card,4,Personal Loan
4503ad14-4be1-11ea-ba5a-b88a60e194fb-1-ps,crmid:1749478738,4,Rewards Card,7,Auto Loan
450497dc-4be1-11ea-8f39-b88a60e194fb-1-ps,crmid:1546693487,5,Business Card,3,Personal Loan
4505a8e2-4be1-11ea-b4d4-b88a60e194fb-1-ps,crmid:2326248747,3,Student Card,4,Personal Loan
4506934c-4be1-11ea-8324-b88a60e194fb-1-ps,crmid:2978931628,2,Travel Card,3,Personal Loan
4507a492-4be1-11ea-9d7d-b88a60e194fb-1-ps,crmid:4752528505,5,Dividend Card,4,Student Loan
452e8eee-4be1-11ea-a106-b88a60e194fb-1-ps,crmid:2030003014,5,Dividend Card,7,Personal Loan
452f5246-4be1-11ea-9277-b88a60e194fb-1-ps,crmid:8036061615,5,Student Card,3,Auto Loan
45303b28-4be1-11ea-88b6-b88a60e194fb-1-ps,crmid:9128864028,5,Business Card,6,Personal Loan
45312758-4be1-11ea-a443-b88a60e194fb-1-ps,crmid:2848216655,5,Travel Card,4,Business Loan
4531ea40-4be1-11ea-b75a-b88a60e194fb-1-ps,crmid:5602246360,5,Rewards Card,5,Business Loan
4532adba-4be1-11ea-84e6-b88a60e194fb-1-ps,crmid:6856219374,4,Rewards Card,4,Personal Loan
453370dc-4be1-11ea-93de-b88a60e194fb-1-ps,crmid:6398486810,4,Platinum Card,8,Personal Loan
455c2e9e-4be1-11ea-b2b6-b88a60e194fb-1-ps,crmid:1992202020,3,Business Card,4,Auto Loan
455d18de-4be1-11ea-99fc-b88a60e194fb-1-ps,crmid:2019046736,3,Dividend Card,4,Auto Loan
455ddadc-4be1-11ea-9683-b88a60e194fb-1-ps,crmid:6099322377,7,Dividend Card,5,Personal Loan
455ec52c-4be1-11ea-8f4d-b88a60e194fb-1-ps,crmid:2526921794,5,Platinum Card,3,Personal Loan
455f62d2-4be1-11ea-a443-b88a60e194fb-1-ps,crmid:2392453595,5,Student Card,4,Personal Loan
45604d26-4be1-11ea-9530-b88a60e194fb-1-ps,crmid:7837758129,3,Rewards Card,4,Personal Loan
45613628-4be1-11ea-a50a-b88a60e194fb-1-ps,crmid:4460001620,4,Rewards Card,3,Personal Loan
4587360c-4be1-11ea-8f2e-b88a60e194fb-1-ps,crmid:5402857795,4,Business Card,2,Auto Loan
4587f94c-4be1-11ea-8f3d-b88a60e194fb-1-ps,crmid:6864746269,5,Rewards Card,3,Student Loan
4588bc9e-4be1-11ea-a6d5-b88a60e194fb-1-ps,crmid:6305330121,3,Simplicity Card,2,Auto Loan
45897ff8-4be1-11ea-8bfe-b88a60e194fb-1-ps,crmid:1949095316,4,Student Card,2,Business Loan
458a4328-4be1-11ea-bd17-b88a60e194fb-1-ps,crmid:5854098974,3,Travel Card,5,Auto Loan
458b5346-4be1-11ea-9ca0-b88a60e194fb-1-ps,crmid:7094018310,4,Rewards Card,4,Student Loan
458c3f18-4be1-11ea-9179-b88a60e194fb-1-ps,crmid:8650030395,3,Dividend Card,3,Auto Loan
45b41264-4be1-11ea-8745-b88a60e194fb-1-ps,crmid:9278412206,5,Business Card,5,Auto Loan
45b4fc9e-4be1-11ea-85fe-b88a60e194fb-1-ps,crmid:6359618501,4,Rewards Card,5,Student Loan
45b5beb4-4be1-11ea-bcbf-b88a60e194fb-1-ps,crmid:8702280935,8,Travel Card,6,Student Loan
45b6aa40-4be1-11ea-8ea2-b88a60e194fb-1-ps,crmid:9948821986,6,Rewards Card,5,Auto Loan
45b794b8-4be1-11ea-80d9-b88a60e194fb-1-ps,crmid:8687273749,8,Business Card,4,Business Loan
45b830da-4be1-11ea-bbe4-b88a60e194fb-1-ps,crmid:6180811670,4,Travel Card,5,Student Loan
45b91a1a-4be1-11ea-b73f-b88a60e194fb-1-ps,crmid:3678702233,3,Rewards Card,4,Student Loan
45e05266-4be1-11ea-9fe8-b88a60e194fb-1-ps,crmid:6947952255,3,Business Card,4,Student Loan
45e11462-4be1-11ea-87e2-b88a60e194fb-1-ps,crmid:9164626548,5,Dividend Card,3,Auto Loan
45e1ff54-4be1-11ea-8ec4-b88a60e194fb-1-ps,crmid:8295647358,3,Simplicity Card,5,Personal Loan
45e31106-4be1-11ea-87dc-b88a60e194fb-1-ps,crmid:5057542927,4,Student Card,3,Personal Loan
45e3ad68-4be1-11ea-b6d7-b88a60e194fb-1-ps,crmid:2154295288,4,Dividend Card,2,Business Loan
45e496c6-4be1-11ea-bb15-b88a60e194fb-1-ps,crmid:9385316156,5,Business Card,4,Business Loan
45e58118-4be1-11ea-be92-b88a60e194fb-1-ps,crmid:8214971131,5,Rewards Card,4,Business Loan
460c913a-4be1-11ea-b2f7-b88a60e194fb-1-ps,crmid:1160575422,3,Travel Card,4,Business Loan
460d548c-4be1-11ea-b45c-b88a60e194fb-1-ps,crmid:9396186087,4,Platinum Card,4,Personal Loan
460e3ef8-4be1-11ea-a80c-b88a60e194fb-1-ps,crmid:5850747641,4,Business Card,6,Business Loan
460f292e-4be1-11ea-84ce-b88a60e194fb-1-ps,crmid:8409990115,4,Student Card,2,Personal Loan
460fed8a-4be1-11ea-bdb0-b88a60e194fb-1-ps,crmid:5723861182,2,Business Card,3,Personal Loan
4610d79c-4be1-11ea-8b4d-b88a60e194fb-1-ps,crmid:9121063484,5,Dividend Card,2,Student Loan
46119bb4-4be1-11ea-b5d7-b88a60e194fb-1-ps,crmid:2146321347,5,Dividend Card,3,Personal Loan
46385be4-4be1-11ea-92fd-b88a60e194fb-1-ps,crmid:6658190946,4,Student Card,3,Auto Loan
463994ca-4be1-11ea-9192-b88a60e194fb-1-ps,crmid:4475244125,4,Simplicity Card,4,Personal Loan
463accec-4be1-11ea-9e14-b88a60e194fb-1-ps,crmid:5141852629,3,Business Card,5,Auto Loan
463bb758-4be1-11ea-997a-b88a60e194fb-1-ps,crmid:4560291381,3,Travel Card,3,Personal Loan
463c7b7a-4be1-11ea-9b76-b88a60e194fb-1-ps,crmid:8119104409,4,Simplicity Card,4,Auto Loan
463d3f4c-4be1-11ea-b780-b88a60e194fb-1-ps,crmid:6684308389,4,Platinum Card,8,Auto Loan
463e293e-4be1-11ea-a816-b88a60e194fb-1-ps,crmid:3127484610,4,Platinum Card,4,Auto Loan
466587c6-4be1-11ea-b5c0-b88a60e194fb-1-ps,crmid:4717254107,4,Student Card,3,Personal Loan
4666721a-4be1-11ea-99c0-b88a60e194fb-1-ps,crmid:1517608433,4,Travel Card,4,Auto Loan
46673564-4be1-11ea-ac2c-b88a60e194fb-1-ps,crmid:6513273158,5,Rewards Card,5,Personal Loan
46681e98-4be1-11ea-addf-b88a60e194fb-1-ps,crmid:3708610074,4,Student Card,5,Student Loan
466908c6-4be1-11ea-8359-b88a60e194fb-1-ps,crmid:1771807952,4,Platinum Card,4,Personal Loan
4669f440-4be1-11ea-8e53-b88a60e194fb-1-ps,crmid:9213560575,6,Dividend Card,5,Personal Loan
466ab792-4be1-11ea-8a9a-b88a60e194fb-1-ps,crmid:4276564489,5,Travel Card,2,Business Loan
4691eefa-4be1-11ea-a2b6-b88a60e194fb-1-ps,crmid:3574098489,3,Rewards Card,3,Personal Loan
4692d7da-4be1-11ea-8e88-b88a60e194fb-1-ps,crmid:9121198840,3,Platinum Card,5,Personal Loan
46939b3a-4be1-11ea-8732-b88a60e194fb-1-ps,crmid:2511438670,3,Platinum Card,3,Auto Loan
46948740-4be1-11ea-9db6-b88a60e194fb-1-ps,crmid:2938700051,2,Student Card,4,Student Loan
4695232e-4be1-11ea-805f-b88a60e194fb-1-ps,crmid:4809526423,4,Simplicity Card,6,Student Loan
46960d9c-4be1-11ea-b255-b88a60e194fb-1-ps,crmid:4574157941,4,Simplicity Card,2,Personal Loan
4696d0ae-4be1-11ea-a03a-b88a60e194fb-1-ps,crmid:5312585733,3,Student Card,5,Student Loan
46be5492-4be1-11ea-b5e5-b88a60e194fb-1-ps,crmid:5502983866,4,Travel Card,4,Auto Loan
46bf1940-4be1-11ea-ab27-b88a60e194fb-1-ps,crmid:3602622021,3,Platinum Card,8,Personal Loan
46bfdc92-4be1-11ea-ba71-b88a60e194fb-1-ps,crmid:4022641917,5,Travel Card,6,Business Loan
46c0c5ca-4be1-11ea-a05d-b88a60e194fb-1-ps,crmid:5085915177,8,Dividend Card,5,Auto Loan
46c1b10c-4be1-11ea-b14e-b88a60e194fb-1-ps,crmid:9107525497,4,Platinum Card,3,Personal Loan
46c24d8c-4be1-11ea-a683-b88a60e194fb-1-ps,crmid:4376416915,5,Dividend Card,3,Business Loan
46c33738-4be1-11ea-b431-b88a60e194fb-1-ps,crmid:4002004497,2,Simplicity Card,4,Business Loan
46eb581c-4be1-11ea-8a70-b88a60e194fb-1-ps,crmid:7284373946,6,Student Card,4,Business Loan
46ec4280-4be1-11ea-af57-b88a60e194fb-1-ps,crmid:5475891932,8,Travel Card,4,Auto Loan
46ecdebe-4be1-11ea-a663-b88a60e194fb-1-ps,crmid:7025843687,4,Student Card,5,Personal Loan
46edf00c-4be1-11ea-93db-b88a60e194fb-1-ps,crmid:3944291058,4,Rewards Card,8,Personal Loan
46eeb35e-4be1-11ea-b6e1-b88a60e194fb-1-ps,crmid:7889488192,7,Rewards Card,6,Business Loan
46ef9dba-4be1-11ea-9ab7-b88a60e194fb-1-ps,crmid:1438053541,5,Business Card,6,Auto Loan
46f0af40-4be1-11ea-8fdc-b88a60e194fb-1-ps,crmid:3319910655,4,Travel Card,4,Personal Loan
47183430-4be1-11ea-8499-b88a60e194fb-1-ps,crmid:4361447438,3,Platinum Card,8,Business Loan
47191e92-4be1-11ea-8a94-b88a60e194fb-1-ps,crmid:1799485129,3,Rewards Card,3,Auto Loan
4719e1dc-4be1-11ea-9bd9-b88a60e194fb-1-ps,crmid:9636830451,4,Simplicity Card,3,Auto Loan
471aa52c-4be1-11ea-922d-b88a60e194fb-1-ps,crmid:9145636534,5,Rewards Card,4,Personal Loan
471b8f8a-4be1-11ea-96c4-b88a60e194fb-1-ps,crmid:9114050591,3,Simplicity Card,4,Auto Loan
471c52d8-4be1-11ea-aa7a-b88a60e194fb-1-ps,crmid:7513854736,4,Dividend Card,3,Business Loan
471d1624-4be1-11ea-9357-b88a60e194fb-1-ps,crmid:8259000971,3,Simplicity Card,5,Personal Loan
47444eac-4be1-11ea-a091-b88a60e194fb-1-ps,crmid:1257611416,6,Rewards Card,3,Student Loan
4745119a-4be1-11ea-8692-b88a60e194fb-1-ps,crmid:5837203107,8,Travel Card,5,Auto Loan
4745d500-4be1-11ea-8919-b88a60e194fb-1-ps,crmid:1345165541,5,Business Card,3,Personal Loan
4746be58-4be1-11ea-9bea-b88a60e194fb-1-ps,crmid:5731331992,5,Travel Card,4,Personal Loan
4747817e-4be1-11ea-b72b-b88a60e194fb-1-ps,crmid:9312491020,4,Travel Card,4,Personal Loan
474844c0-4be1-11ea-a020-b88a60e194fb-1-ps,crmid:9321616715,2,Travel Card,4,Business Loan
47492f7a-4be1-11ea-b07e-b88a60e194fb-1-ps,crmid:2335720083,8,Platinum Card,5,Auto Loan
4771ecd2-4be1-11ea-97b4-b88a60e194fb-1-ps,crmid:6890541923,3,Student Card,3,Personal Loan
4772d740-4be1-11ea-89a0-b88a60e194fb-1-ps,crmid:7810127727,2,Dividend Card,3,Business Loan
47739a8c-4be1-11ea-967f-b88a60e194fb-1-ps,crmid:8931378835,3,Travel Card,5,Personal Loan
4774ad58-4be1-11ea-b06f-b88a60e194fb-1-ps,crmid:8781250686,3,Dividend Card,10,Business Loan
477570a4-4be1-11ea-87ac-b88a60e194fb-1-ps,crmid:3896471205,5,Platinum Card,3,Personal Loan
477659ca-4be1-11ea-8a9d-b88a60e194fb-1-ps,crmid:1493110457,4,Business Card,3,Personal Loan
47771ce2-4be1-11ea-8002-b88a60e194fb-1-ps,crmid:1448477313,4,Rewards Card,3,Auto Loan
479d1b76-4be1-11ea-bb83-b88a60e194fb-1-ps,crmid:8481140544,4,Dividend Card,4,Student Loan
479ddeac-4be1-11ea-8825-b88a60e194fb-1-ps,crmid:6787321087,5,Platinum Card,5,Auto Loan
479ea202-4be1-11ea-956c-b88a60e194fb-1-ps,crmid:3059567289,3,Dividend Card,5,Auto Loan
479f8df6-4be1-11ea-9532-b88a60e194fb-1-ps,crmid:5018417963,5,Rewards Card,4,Auto Loan
47a0511c-4be1-11ea-b3ab-b88a60e194fb-1-ps,crmid:5470290801,4,Student Card,3,Student Loan
47a11476-4be1-11ea-97f1-b88a60e194fb-1-ps,crmid:6317597679,3,Business Card,3,Business Loan
47a1d7ee-4be1-11ea-98f8-b88a60e194fb-1-ps,crmid:6886271715,4,Business Card,5,Personal Loan
47cb7e9a-4be1-11ea-b9d6-b88a60e194fb-1-ps,crmid:7714794942,4,Simplicity Card,5,Personal Loan
47cc4312-4be1-11ea-bf31-b88a60e194fb-1-ps,crmid:6869192929,7,Dividend Card,5,Business Loan
47cd2c14-4be1-11ea-a53a-b88a60e194fb-1-ps,crmid:2300626331,4,Simplicity Card,4,Personal Loan
47cdef70-4be1-11ea-987f-b88a60e194fb-1-ps,crmid:6189783697,4,Rewards Card,4,Business Loan
47ced9be-4be1-11ea-941a-b88a60e194fb-1-ps,crmid:2344640120,4,Rewards Card,7,Auto Loan
47cfc43e-4be1-11ea-9947-b88a60e194fb-1-ps,crmid:4691265849,5,Rewards Card,5,Auto Loan
47d0ae6c-4be1-11ea-84a4-b88a60e194fb-1-ps,crmid:2286199448,4,Business Card,5,Personal Loan
47f80e24-4be1-11ea-a165-b88a60e194fb-1-ps,crmid:6831761177,3,Dividend Card,6,Auto Loan
47f8d01c-4be1-11ea-8d61-b88a60e194fb-1-ps,crmid:6724845212,4,Student Card,4,Auto Loan
47f99402-4be1-11ea-a534-b88a60e194fb-1-ps,crmid:6946042337,3,Platinum Card,5,Personal Loan
47fa57e4-4be1-11ea-93ef-b88a60e194fb-1-ps,crmid:6265184286,4,Rewards Card,3,Auto Loan
47fb40fe-4be1-11ea-b23e-b88a60e194fb-1-ps,crmid:2345559311,6,Student Card,7,Personal Loan
47fc2bca-4be1-11ea-8178-b88a60e194fb-1-ps,crmid:8599075912,3,Rewards Card,6,Student Loan
47fcee8c-4be1-11ea-99b1-b88a60e194fb-1-ps,crmid:7651777398,4,Simplicity Card,7,Personal Loan
482732ca-4be1-11ea-b4e5-b88a60e194fb-1-ps,crmid:4121847655,3,Rewards Card,5,Personal Loan
48281d24-4be1-11ea-a668-b88a60e194fb-1-ps,crmid:1965179024,3,Rewards Card,3,Business Loan
4829079c-4be1-11ea-a1c5-b88a60e194fb-1-ps,crmid:1720409757,4,Business Card,3,Auto Loan
4829cad0-4be1-11ea-904a-b88a60e194fb-1-ps,crmid:4489175130,4,Simplicity Card,3,Auto Loan
482a8e18-4be1-11ea-8589-b88a60e194fb-1-ps,crmid:6765742198,4,Student Card,4,Personal Loan
482b7882-4be1-11ea-b157-b88a60e194fb-1-ps,crmid:6088596877,3,Business Card,3,Auto Loan
482c3bd0-4be1-11ea-aae7-b88a60e194fb-1-ps,crmid:2454921476,3,Student Card,8,Personal Loan
485324a8-4be1-11ea-9829-b88a60e194fb-1-ps,crmid:4017818346,2,Platinum Card,4,Auto Loan
4853e952-4be1-11ea-8f88-b88a60e194fb-1-ps,crmid:6676568195,7,Travel Card,4,Personal Loan
4854d3be-4be1-11ea-8328-b88a60e194fb-1-ps,crmid:5834117667,4,Platinum Card,2,Auto Loan
48559702-4be1-11ea-b93c-b88a60e194fb-1-ps,crmid:5746310195,4,Dividend Card,6,Personal Loan
48568024-4be1-11ea-bed2-b88a60e194fb-1-ps,crmid:3140017623,4,Business Card,5,Auto Loan
485792c0-4be1-11ea-9567-b88a60e194fb-1-ps,crmid:7371769521,3,Business Card,5,Student Loan
48587bee-4be1-11ea-8f58-b88a60e194fb-1-ps,crmid:7766434521,4,Rewards Card,5,Personal Loan
4880762e-4be1-11ea-b472-b88a60e194fb-1-ps,crmid:6055894633,4,Business Card,7,Personal Loan
488160d2-4be1-11ea-9b31-b88a60e194fb-1-ps,crmid:9597638335,3,Dividend Card,3,Personal Loan
48822406-4be1-11ea-acda-b88a60e194fb-1-ps,crmid:8966289930,5,Business Card,4,Personal Loan
4882e75a-4be1-11ea-8493-b88a60e194fb-1-ps,crmid:3203047178,5,Travel Card,5,Auto Loan
4883aaa8-4be1-11ea-a350-b88a60e194fb-1-ps,crmid:6180384166,5,Simplicity Card,3,Student Loan
48849590-4be1-11ea-b460-b88a60e194fb-1-ps,crmid:3750610250,5,Platinum Card,3,Personal Loan
48857f6e-4be1-11ea-8110-b88a60e194fb-1-ps,crmid:5092582934,2,Dividend Card,6,Business Loan
48aed912-4be1-11ea-b206-b88a60e194fb-1-ps,crmid:3779628487,3,Business Card,3,Student Loan
48afc378-4be1-11ea-b3f5-b88a60e194fb-1-ps,crmid:4805095186,4,Platinum Card,5,Auto Loan
48b0ae6c-4be1-11ea-9021-b88a60e194fb-1-ps,crmid:8178095794,3,Business Card,4,Business Loan
48b19834-4be1-11ea-a041-b88a60e194fb-1-ps,crmid:1699024371,6,Dividend Card,4,Auto Loan
48b2346e-4be1-11ea-89cf-b88a60e194fb-1-ps,crmid:2350723946,7,Student Card,4,Student Loan
48b31ee4-4be1-11ea-a7a7-b88a60e194fb-1-ps,crmid:6021523245,4,Dividend Card,5,Personal Loan
48b3e230-4be1-11ea-b829-b88a60e194fb-1-ps,crmid:7689532929,4,Student Card,3,Personal Loan
48dc0382-4be1-11ea-b3ba-b88a60e194fb-1-ps,crmid:8100158968,6,Business Card,1,Personal Loan
48dcede6-4be1-11ea-91ba-b88a60e194fb-1-ps,crmid:7121329177,4,Travel Card,9,Personal Loan
48de2658-4be1-11ea-b36b-b88a60e194fb-1-ps,crmid:9426679401,4,Student Card,3,Personal Loan
48df10d0-4be1-11ea-9233-b88a60e194fb-1-ps,crmid:4855379767,4,Student Card,5,Personal Loan
48dffb28-4be1-11ea-9339-b88a60e194fb-1-ps,crmid:8309623294,6,Student Card,5,Personal Loan
48e0be6e-4be1-11ea-ae98-b88a60e194fb-1-ps,crmid:8922896878,4,Student Card,5,Student Loan
48e181c2-4be1-11ea-81db-b88a60e194fb-1-ps,crmid:4817353750,4,Rewards Card,9,Student Loan
490b7826-4be1-11ea-89e8-b88a60e194fb-1-ps,crmid:9770325438,4,Student Card,3,Personal Loan
490c635a-4be1-11ea-9b92-b88a60e194fb-1-ps,crmid:3703908304,5,Platinum Card,4,Student Loan
490d26fe-4be1-11ea-81e7-b88a60e194fb-1-ps,crmid:2077236858,5,Rewards Card,3,Personal Loan
490e111c-4be1-11ea-9bdd-b88a60e194fb-1-ps,crmid:1013395165,4,Travel Card,3,Personal Loan
490ed466-4be1-11ea-8518-b88a60e194fb-1-ps,crmid:4891300585,4,Student Card,6,Business Loan
490fe9a8-4be1-11ea-a6a6-b88a60e194fb-1-ps,crmid:6640086344,3,Student Card,3,Personal Loan
4910a966-4be1-11ea-abdd-b88a60e194fb-1-ps,crmid:1890751820,4,Dividend Card,3,Personal Loan
4939daca-4be1-11ea-9b30-b88a60e194fb-1-ps,crmid:1991318126,4,Platinum Card,4,Auto Loan
493aecd0-4be1-11ea-9ada-b88a60e194fb-1-ps,crmid:7295157952,3,Dividend Card,5,Personal Loan
493b8880-4be1-11ea-8eba-b88a60e194fb-1-ps,crmid:4573884728,3,Simplicity Card,3,Personal Loan
493c4bca-4be1-11ea-8fa4-b88a60e194fb-1-ps,crmid:2519195729,4,Platinum Card,3,Business Loan
493d0f1e-4be1-11ea-a2c3-b88a60e194fb-1-ps,crmid:3053156979,5,Student Card,4,Personal Loan
493dd25e-4be1-11ea-a9ef-b88a60e194fb-1-ps,crmid:3045393554,6,Simplicity Card,3,Auto Loan
493f0af0-4be1-11ea-af7a-b88a60e194fb-1-ps,crmid:5736032228,3,Travel Card,6,Student Loan
49672dd4-4be1-11ea-8026-b88a60e194fb-1-ps,crmid:8290782818,4,Platinum Card,8,Personal Loan
4967f128-4be1-11ea-872c-b88a60e194fb-1-ps,crmid:2052568447,4,Business Card,4,Business Loan
4968b2ee-4be1-11ea-bbcd-b88a60e194fb-1-ps,crmid:4549699675,7,Platinum Card,5,Auto Loan
4969c5de-4be1-11ea-a152-b88a60e194fb-1-ps,crmid:9630501162,4,Platinum Card,4,Personal Loan
496aaeb4-4be1-11ea-a374-b88a60e194fb-1-ps,crmid:9913697856,4,Simplicity Card,3,Personal Loan
496b73b6-4be1-11ea-b172-b88a60e194fb-1-ps,crmid:7855555276,4,Platinum Card,4,Auto Loan
496c36d2-4be1-11ea-9b7b-b88a60e194fb-1-ps,crmid:7967388503,3,Rewards Card,2,Personal Loan
4995415c-4be1-11ea-a063-b88a60e194fb-1-ps,crmid:6742983017,6,Rewards Card,3,Auto Loan
499604d4-4be1-11ea-bd9b-b88a60e194fb-1-ps,crmid:7549952560,3,Dividend Card,6,Auto Loan
4996c908-4be1-11ea-a4ca-b88a60e194fb-1-ps,crmid:6514391040,8,Business Card,2,Business Loan
49978c76-4be1-11ea-a3fe-b88a60e194fb-1-ps,crmid:8817714428,3,Student Card,3,Personal Loan
49987592-4be1-11ea-95f0-b88a60e194fb-1-ps,crmid:4304312862,4,Student Card,4,Business Loan
4999875c-4be1-11ea-927c-b88a60e194fb-1-ps,crmid:9780413958,5,Rewards Card,4,Auto Loan
499a7168-4be1-11ea-9a66-b88a60e194fb-1-ps,crmid:2433419020,2,Dividend Card,3,Personal Loan
49c48fde-4be1-11ea-9d29-b88a60e194fb-1-ps,crmid:8251924987,3,Rewards Card,4,Personal Loan
49c551ca-4be1-11ea-88ec-b88a60e194fb-1-ps,crmid:9450617479,4,Platinum Card,5,Auto Loan
49c61668-4be1-11ea-8c2c-b88a60e194fb-1-ps,crmid:4537836163,3,Dividend Card,7,Auto Loan
49c6d9c2-4be1-11ea-9717-b88a60e194fb-1-ps,crmid:2304210995,2,Simplicity Card,4,Auto Loan
49c79d02-4be1-11ea-8b23-b88a60e194fb-1-ps,crmid:5455707098,7,Simplicity Card,6,Auto Loan
49c8604c-4be1-11ea-8078-b88a60e194fb-1-ps,crmid:3788882760,5,Rewards Card,5,Personal Loan
49c9224c-4be1-11ea-9e47-b88a60e194fb-1-ps,crmid:6191205188,4,Simplicity Card,10,Business Loan
49f5d774-4be1-11ea-b4f7-b88a60e194fb-1-ps,crmid:7857444189,5,Student Card,4,Auto Loan
49f69acc-4be1-11ea-b638-b88a60e194fb-1-ps,crmid:4176838256,5,Dividend Card,3,Auto Loan
49f75ed0-4be1-11ea-b3fd-b88a60e194fb-1-ps,crmid:3425599051,4,Rewards Card,5,Personal Loan
49f86f88-4be1-11ea-9a82-b88a60e194fb-1-ps,crmid:3631889205,4,Platinum Card,2,Student Loan
49f932e2-4be1-11ea-8346-b88a60e194fb-1-ps,crmid:3212967611,4,Travel Card,3,Auto Loan
49f9f630-4be1-11ea-b4fb-b88a60e194fb-1-ps,crmid:3135580808,5,Rewards Card,2,Personal Loan
49fae08c-4be1-11ea-afef-b88a60e194fb-1-ps,crmid:3069196727,4,Travel Card,3,Student Loan
4a235140-4be1-11ea-9020-b88a60e194fb-1-ps,crmid:9210108345,6,Business Card,4,Student Loan
4a243a86-4be1-11ea-b96e-b88a60e194fb-1-ps,crmid:2103021378,4,Simplicity Card,3,Auto Loan
4a24ff24-4be1-11ea-b0a8-b88a60e194fb-1-ps,crmid:7523844712,5,Business Card,7,Business Loan
4a25c28a-4be1-11ea-a817-b88a60e194fb-1-ps,crmid:8756458994,4,Student Card,5,Personal Loan
4a26869c-4be1-11ea-9c26-b88a60e194fb-1-ps,crmid:8529976704,4,Simplicity Card,5,Personal Loan
4a274962-4be1-11ea-bddf-b88a60e194fb-1-ps,crmid:7838562549,3,Simplicity Card,4,Student Loan
4a28338c-4be1-11ea-9aa2-b88a60e194fb-1-ps,crmid:9754389431,4,Travel Card,4,Auto Loan
4a538912-4be1-11ea-bb2e-b88a60e194fb-1-ps,crmid:4826813518,5,Rewards Card,4,Business Loan
4a54722c-4be1-11ea-a4a2-b88a60e194fb-1-ps,crmid:3630485526,3,Simplicity Card,3,Business Loan
4a553582-4be1-11ea-8637-b88a60e194fb-1-ps,crmid:6011582226,3,Dividend Card,5,Personal Loan
4a562130-4be1-11ea-bc82-b88a60e194fb-1-ps,crmid:6343731668,5,Travel Card,3,Business Loan
4a570aca-4be1-11ea-9736-b88a60e194fb-1-ps,crmid:1006608001,5,Platinum Card,4,Auto Loan
4a57ce8c-4be1-11ea-ac1c-b88a60e194fb-1-ps,crmid:6815178423,4,Travel Card,5,Auto Loan
4a58b83a-4be1-11ea-9f57-b88a60e194fb-1-ps,crmid:5582725482,5,Business Card,6,Personal Loan
4a83bf8a-4be1-11ea-ae2d-b88a60e194fb-1-ps,crmid:9526279113,5,Simplicity Card,2,Student Loan
4a84a9d0-4be1-11ea-acdc-b88a60e194fb-1-ps,crmid:3750070067,5,Platinum Card,5,Personal Loan
4a856d18-4be1-11ea-864c-b88a60e194fb-1-ps,crmid:7790776676,5,Student Card,8,Personal Loan
4a863066-4be1-11ea-af46-b88a60e194fb-1-ps,crmid:1501653736,5,Travel Card,4,Personal Loan
4a86f51e-4be1-11ea-9d9c-b88a60e194fb-1-ps,crmid:5177160068,2,Simplicity Card,3,Auto Loan
4a87b866-4be1-11ea-a806-b88a60e194fb-1-ps,crmid:7665638523,5,Rewards Card,3,Student Loan
4a88a17e-4be1-11ea-9c56-b88a60e194fb-1-ps,crmid:6859166514,4,Student Card,4,Personal Loan
4ab3d006-4be1-11ea-9e38-b88a60e194fb-1-ps,crmid:1189884623,1,Travel Card,3,Personal Loan
4ab4935c-4be1-11ea-a01a-b88a60e194fb-1-ps,crmid:9278412206,5,Simplicity Card,5,Business Loan
4ab57dc2-4be1-11ea-b35e-b88a60e194fb-1-ps,crmid:4363673402,5,Platinum Card,3,Business Loan
4ab640fa-4be1-11ea-b316-b88a60e194fb-1-ps,crmid:6883995031,3,Student Card,4,Auto Loan
