id,timestamp,crmid,orderid,prod_sku,prod_name,prod_category,prod_ownership,purchase_amt,units,currency_type,branchid
3eb72340-4be1-11ea-ba88-b88a60e194fb-1,2020-01-23T05:12:40.000Z,crmid:5690533405,3eb72340-4be1-11ea-ba88-b88a60e194fb,prd1014,CDs: 3 month,Investment,Personal,14679.29,1,USD,branchid:11000
3eb84258-4be1-11ea-b6e4-b88a60e194fb-1,2020-01-29T17:31:55.000Z,crmid:9932375792,3eb84258-4be1-11ea-b6e4-b88a60e194fb,prd1121,Mortgage: 30-yr Fixed,Mortgage,Personal,179683.51,1,USD,branchid:11099
3eb94610-4be1-11ea-b7ac-b88a60e194fb-1,2020-01-30T15:08:00.000Z,crmid:8711746436,3eb94610-4be1-11ea-b7ac-b88a60e194fb,prd1061,Mortgage: 5/1 ARM,Mortgage,Personal,162930.59,1,USD,branchid:11086
3eba307a-4be1-11ea-a5a9-b88a60e194fb-1,2020-01-16T18:29:54.000Z,crmid:8045271455,3eba307a-4be1-11ea-a5a9-b88a60e194fb,prd1041,Mortgage: 7/1 ARM,Mortgage,Personal,132068.55,1,USD,branchid:11098
3ebaf3cc-4be1-11ea-a1a3-b88a60e194fb-1,2020-01-17T22:32:33.000Z,crmid:4431474594,3ebaf3cc-4be1-11ea-a1a3-b88a60e194fb,prd1144,Home Equity Loan,Mortgage,Personal,16090.25,1,USD,branchid:11008
3ebc0552-4be1-11ea-8877-b88a60e194fb-1,2020-01-12T22:39:32.000Z,crmid:7394159038,3ebc0552-4be1-11ea-8877-b88a60e194fb,prd1101,Mortgage: 5/1 ARM,Mortgage,Personal,19398.94,1,USD,branchid:11004
3edd984a-4be1-11ea-8068-b88a60e194fb-1,2020-01-01T00:45:41.000Z,crmid:9703586123,3edd984a-4be1-11ea-8068-b88a60e194fb,prd1148,Mortgage: 10/1 ARM,Mortgage,Personal,16102.4,1,USD,branchid:11044
3ede8240-4be1-11ea-ab11-b88a60e194fb-1,2020-01-24T10:06:53.000Z,crmid:2558794684,3ede8240-4be1-11ea-ab11-b88a60e194fb,prd1060,Traditional IRA,Retirement,Personal,3777536.53,1,USD,branchid:11109
3edf6c24-4be1-11ea-a541-b88a60e194fb-1,2020-01-14T14:36:37.000Z,crmid:3220397132,3edf6c24-4be1-11ea-a541-b88a60e194fb,prd1078,Mortgage: 7/1 ARM,Mortgage,Personal,188739.83,1,USD,branchid:11122
3ee02ff8-4be1-11ea-8c21-b88a60e194fb-1,2020-01-14T08:46:10.000Z,crmid:1280710144,3ee02ff8-4be1-11ea-8c21-b88a60e194fb,prd1189,Overseas Equity Fund,Investment,Personal,193570.39,1,USD,branchid:11121
3ee11936-4be1-11ea-a327-b88a60e194fb-1,2020-01-08T00:07:16.000Z,crmid:5668881916,3ee11936-4be1-11ea-a327-b88a60e194fb,prd1046,Mortgage: VA,Mortgage,Personal,162201.32,1,USD,branchid:11093
3ee1ddcc-4be1-11ea-931e-b88a60e194fb-1,2020-01-17T16:50:27.000Z,crmid:2387690390,3ee1ddcc-4be1-11ea-931e-b88a60e194fb,prd1179,Business Brokerage Account,Investment,Business,13819.11,1,USD,branchid:11031
3ee2a14a-4be1-11ea-aef2-b88a60e194fb-1,2020-01-19T10:59:03.000Z,crmid:2629035218,3ee2a14a-4be1-11ea-aef2-b88a60e194fb,prd1167,Roth IRA,Retirement,Personal,13733.69,1,USD,branchid:11048
3f0235de-4be1-11ea-a68b-b88a60e194fb-1,2020-01-05T11:01:00.000Z,crmid:8806614367,3f0235de-4be1-11ea-a68b-b88a60e194fb,prd1078,Mortgage: 7/1 ARM,Mortgage,Personal,21556.16,1,USD,branchid:11094
3f032046-4be1-11ea-a857-b88a60e194fb-1,2020-01-02T16:29:54.000Z,crmid:5143645958,3f032046-4be1-11ea-a857-b88a60e194fb,prd1008,Traditional IRA,Retirement,Personal,154696.99,1,USD,branchid:11133
3f03e39c-4be1-11ea-bae6-b88a60e194fb-1,2020-01-16T21:11:29.000Z,crmid:8650967302,3f03e39c-4be1-11ea-bae6-b88a60e194fb,prd1120,Mortgage: 10/1 ARM,Mortgage,Personal,182488.44,1,USD,branchid:11147
3f04cddc-4be1-11ea-8867-b88a60e194fb-1,2020-01-01T22:03:17.000Z,crmid:7209370411,3f04cddc-4be1-11ea-8867-b88a60e194fb,prd1179,Business Brokerage Account,Investment,Business,221108.56,1,USD,branchid:11140
3f05b850-4be1-11ea-86ae-b88a60e194fb-1,2020-01-25T17:00:54.000Z,crmid:8856877815,3f05b850-4be1-11ea-86ae-b88a60e194fb,prd1087,Overseas Equity Fund,Investment,Personal,12303.3,1,USD,branchid:11041
3f067ba2-4be1-11ea-a8d8-b88a60e194fb-1,2020-01-08T17:03:34.000Z,crmid:9509520942,3f067ba2-4be1-11ea-a8d8-b88a60e194fb,prd1056,CDs: 5 year,Investment,Personal,14324.67,1,USD,branchid:11052
3f073ef0-4be1-11ea-b9d3-b88a60e194fb-1,2020-01-14T18:28:58.000Z,crmid:9129736843,3f073ef0-4be1-11ea-b9d3-b88a60e194fb,prd1121,Mortgage: 30-yr Fixed,Mortgage,Personal,11471.8,1,USD,branchid:11036
3f2b419a-4be1-11ea-b6b8-b88a60e194fb-1,2020-01-23T04:42:05.000Z,crmid:9667638231,3f2b419a-4be1-11ea-b6b8-b88a60e194fb,prd1035,Pension Account,Retirement,Personal,16733.9,1,USD,branchid:11005
3f2c04c8-4be1-11ea-b6e6-b88a60e194fb-1,2020-01-07T10:34:58.000Z,crmid:4278887473,3f2c04c8-4be1-11ea-b6e6-b88a60e194fb,prd1045,Mortgage: 10/1 ARM,Mortgage,Personal,11191.56,1,USD,branchid:11120
3f2cc814-4be1-11ea-8e30-b88a60e194fb-1,2020-01-15T20:26:58.000Z,crmid:3499688625,3f2cc814-4be1-11ea-8e30-b88a60e194fb,prd1026,Mortgage: 5/1 ARM,Mortgage,Personal,243826.47,1,USD,branchid:11079
3f2d8b5e-4be1-11ea-97ea-b88a60e194fb-1,2020-01-05T03:08:03.000Z,crmid:3298708609,3f2d8b5e-4be1-11ea-97ea-b88a60e194fb,prd1062,Mortgage: VA,Mortgage,Personal,21276.4,1,USD,branchid:11099
3f2e4eb0-4be1-11ea-8590-b88a60e194fb-1,2020-01-31T10:32:07.000Z,crmid:5204104944,3f2e4eb0-4be1-11ea-8590-b88a60e194fb,prd1159,CDs: 3 month,Investment,Personal,4180079.57,1,USD,branchid:11146
3f2f1202-4be1-11ea-9dcb-b88a60e194fb-1,2020-01-07T22:15:51.000Z,crmid:4390311404,3f2f1202-4be1-11ea-9dcb-b88a60e194fb,prd1153,CDs: 1 year,Investment,Personal,14234.29,1,USD,branchid:11049
3f2ffc62-4be1-11ea-9ac8-b88a60e194fb-1,2020-01-17T11:36:20.000Z,crmid:3155649347,3f2ffc62-4be1-11ea-9ac8-b88a60e194fb,prd1181,Mortgage: 5/1 ARM,Mortgage,Personal,222725.36,1,USD,branchid:11064
3f53d810-4be1-11ea-9d2c-b88a60e194fb-1,2020-01-26T21:00:21.000Z,crmid:6604197734,3f53d810-4be1-11ea-9d2c-b88a60e194fb,prd1061,Mortgage: 5/1 ARM,Mortgage,Personal,271514.65,1,USD,branchid:11126
3f549cc0-4be1-11ea-bda6-b88a60e194fb-1,2020-01-08T05:44:21.000Z,crmid:9537269430,3f549cc0-4be1-11ea-bda6-b88a60e194fb,prd1101,Mortgage: 5/1 ARM,Mortgage,Personal,20726.28,1,USD,branchid:11077
3f556012-4be1-11ea-8ab5-b88a60e194fb-1,2020-01-19T00:21:11.000Z,crmid:7490298415,3f556012-4be1-11ea-8ab5-b88a60e194fb,prd1172,Employee Stock Purchase Plans,Investment,Personal,18679.85,1,USD,branchid:11101
3f562358-4be1-11ea-9377-b88a60e194fb-1,2020-01-20T00:40:13.000Z,crmid:2710291500,3f562358-4be1-11ea-9377-b88a60e194fb,prd1125,Mortgage: FHA,Mortgage,Personal,4603093.32,1,USD,branchid:11099
3f57337a-4be1-11ea-a782-b88a60e194fb-1,2020-01-13T22:42:19.000Z,crmid:3943475923,3f57337a-4be1-11ea-a782-b88a60e194fb,prd1029,401k,Retirement,Personal,15270.96,1,USD,branchid:11060
3f57f818-4be1-11ea-b4dd-b88a60e194fb-1,2020-01-16T15:17:27.000Z,crmid:1800448077,3f57f818-4be1-11ea-b4dd-b88a60e194fb,prd1061,Mortgage: 5/1 ARM,Mortgage,Personal,22365.34,1,USD,branchid:11056
3f58bb94-4be1-11ea-9367-b88a60e194fb-1,2020-01-20T09:13:15.000Z,crmid:6655462706,3f58bb94-4be1-11ea-9367-b88a60e194fb,prd1173,Money Market,Investment,Personal,105645.22,1,USD,branchid:11015
3f79af7a-4be1-11ea-99d7-b88a60e194fb-1,2020-01-11T03:17:34.000Z,crmid:5914441708,3f79af7a-4be1-11ea-99d7-b88a60e194fb,prd1111,Pension Account,Retirement,Personal,16208.27,1,USD,branchid:11013
3f7a99f4-4be1-11ea-8a4e-b88a60e194fb-1,2020-01-17T16:25:23.000Z,crmid:9701480563,3f7a99f4-4be1-11ea-8a4e-b88a60e194fb,prd1139,Employee Stock Purchase Plans,Investment,Personal,20436.97,1,USD,branchid:11097
3f7b5e68-4be1-11ea-8d26-b88a60e194fb-1,2020-01-20T21:03:49.000Z,crmid:9480911652,3f7b5e68-4be1-11ea-8d26-b88a60e194fb,prd1184,Fixed Deposit,Investment,Personal,19202.94,1,USD,branchid:11058
3f7bfa9c-4be1-11ea-95be-b88a60e194fb-1,2020-01-28T19:44:59.000Z,crmid:1220480462,3f7bfa9c-4be1-11ea-95be-b88a60e194fb,prd1032,Home Equity Loan,Mortgage,Personal,15097.34,1,USD,branchid:11144
3f7d0b3e-4be1-11ea-9436-b88a60e194fb-1,2020-01-12T11:28:50.000Z,crmid:3779098015,3f7d0b3e-4be1-11ea-9436-b88a60e194fb,prd1144,Home Equity Loan,Mortgage,Personal,197803.06,1,USD,branchid:11036
3f7df53a-4be1-11ea-8602-b88a60e194fb-1,2020-01-26T19:49:18.000Z,crmid:1719501746,3f7df53a-4be1-11ea-8602-b88a60e194fb,prd1061,Mortgage: 5/1 ARM,Mortgage,Personal,224471.43,1,USD,branchid:11143
3f7eb9f4-4be1-11ea-a325-b88a60e194fb-1,2020-01-26T06:07:34.000Z,crmid:4210762441,3f7eb9f4-4be1-11ea-a325-b88a60e194fb,prd1032,Home Equity Loan,Mortgage,Personal,3515081.84,1,USD,branchid:11006
3fa1349e-4be1-11ea-945b-b88a60e194fb-1,2020-01-09T00:48:57.000Z,crmid:6582415901,3fa1349e-4be1-11ea-945b-b88a60e194fb,prd1088,CDs: 1 year,Investment,Personal,19696.18,1,USD,branchid:11117
3fa1f81a-4be1-11ea-8f18-b88a60e194fb-1,2020-01-11T21:38:09.000Z,crmid:3108982095,3fa1f81a-4be1-11ea-8f18-b88a60e194fb,prd1077,Roth IRA,Retirement,Personal,163386.75,1,USD,branchid:11006
3fa2bba8-4be1-11ea-8b1f-b88a60e194fb-1,2020-01-31T19:13:41.000Z,crmid:9667638231,3fa2bba8-4be1-11ea-8b1f-b88a60e194fb,prd1157,Brokerage Account,Investment,Personal,256101.61,1,USD,branchid:11046
3fa3ccd2-4be1-11ea-aba4-b88a60e194fb-1,2020-01-20T23:46:59.000Z,crmid:2749171412,3fa3ccd2-4be1-11ea-aba4-b88a60e194fb,prd1150,Money Market,Investment,Personal,12568.24,1,USD,branchid:11120
3fa49024-4be1-11ea-abc5-b88a60e194fb-1,2020-01-26T23:18:57.000Z,crmid:2099293215,3fa49024-4be1-11ea-abc5-b88a60e194fb,prd1112,Fixed Deposit,Investment,Personal,12046.68,1,USD,branchid:11145
3fa57a5c-4be1-11ea-a812-b88a60e194fb-1,2020-01-27T17:09:56.000Z,crmid:9709700110,3fa57a5c-4be1-11ea-a812-b88a60e194fb,prd1025,Brokerage Account,Investment,Personal,11854.91,1,USD,branchid:11109
3fa6b2d2-4be1-11ea-8bf7-b88a60e194fb-1,2020-01-14T05:01:42.000Z,crmid:4732340360,3fa6b2d2-4be1-11ea-8bf7-b88a60e194fb,prd1083,Pension Account,Retirement,Personal,13195.84,1,USD,branchid:11050
3fc9561e-4be1-11ea-9e93-b88a60e194fb-1,2020-01-08T22:52:34.000Z,crmid:4857828706,3fc9561e-4be1-11ea-9e93-b88a60e194fb,prd1047,Mortgage: 10 yr Fixed,Mortgage,Personal,8677.84,1,USD,branchid:11099
3fca406c-4be1-11ea-b8a9-b88a60e194fb-1,2020-01-02T21:11:35.000Z,crmid:8073506445,3fca406c-4be1-11ea-b8a9-b88a60e194fb,prd1049,Business Brokerage Account,Investment,Business,5547928.96,1,USD,branchid:11133
3fcb03c6-4be1-11ea-8055-b88a60e194fb-1,2020-01-10T21:47:36.000Z,crmid:4014228944,3fcb03c6-4be1-11ea-8055-b88a60e194fb,prd1111,Pension Account,Retirement,Personal,234146.07,1,USD,branchid:11087
3fcbee0c-4be1-11ea-b94e-b88a60e194fb-1,2020-01-14T22:06:35.000Z,crmid:2888741637,3fcbee0c-4be1-11ea-b94e-b88a60e194fb,prd1150,Money Market,Investment,Personal,14903.8,1,USD,branchid:11087
3fccb2c0-4be1-11ea-afdf-b88a60e194fb-1,2020-01-29T00:24:11.000Z,crmid:2702455756,3fccb2c0-4be1-11ea-afdf-b88a60e194fb,prd1083,Pension Account,Retirement,Personal,18030.69,1,USD,branchid:11105
3fcd74c0-4be1-11ea-bc1b-b88a60e194fb-1,2020-01-08T21:27:38.000Z,crmid:4951520394,3fcd74c0-4be1-11ea-bc1b-b88a60e194fb,prd1025,Brokerage Account,Investment,Personal,176015.25,1,USD,branchid:11043
3fce5f22-4be1-11ea-8493-b88a60e194fb-1,2020-01-04T01:56:11.000Z,crmid:2880829484,3fce5f22-4be1-11ea-8493-b88a60e194fb,prd1151,Mortgage: 10 yr Fixed,Mortgage,Personal,11956.65,1,USD,branchid:11116
3ff3749a-4be1-11ea-a0e5-b88a60e194fb-1,2020-01-07T01:44:19.000Z,crmid:9802152120,3ff3749a-4be1-11ea-a0e5-b88a60e194fb,prd1087,Overseas Equity Fund,Investment,Personal,186991.7,1,USD,branchid:11119
3ff4369e-4be1-11ea-bb69-b88a60e194fb-1,2020-01-17T15:55:12.000Z,crmid:8292398119,3ff4369e-4be1-11ea-bb69-b88a60e194fb,prd1183,Fixed Deposit,Investment,Personal,14993.64,1,USD,branchid:11102
3ff4fb40-4be1-11ea-b0b6-b88a60e194fb-1,2020-01-13T01:33:57.000Z,crmid:4170650890,3ff4fb40-4be1-11ea-b0b6-b88a60e194fb,prd1182,Brokerage Account,Investment,Personal,9890.0,1,USD,branchid:11147
3ff5beae-4be1-11ea-b0cc-b88a60e194fb-1,2020-01-16T01:03:23.000Z,crmid:9801541525,3ff5beae-4be1-11ea-b0cc-b88a60e194fb,prd1030,401k,Retirement,Personal,189451.32,1,USD,branchid:11029
3ff6806c-4be1-11ea-a344-b88a60e194fb-1,2020-01-06T20:13:33.000Z,crmid:9994329927,3ff6806c-4be1-11ea-a344-b88a60e194fb,prd1108,401k,Retirement,Personal,91205.47,1,USD,branchid:11031
3ff76ade-4be1-11ea-8e9f-b88a60e194fb-1,2020-01-30T07:33:24.000Z,crmid:6220796078,3ff76ade-4be1-11ea-8e9f-b88a60e194fb,prd1183,Fixed Deposit,Investment,Personal,180896.66,1,USD,branchid:11087
3ff82e46-4be1-11ea-bd64-b88a60e194fb-1,2020-01-06T03:25:42.000Z,crmid:8382325931,3ff82e46-4be1-11ea-bd64-b88a60e194fb,prd1125,Mortgage: FHA,Mortgage,Personal,13387.09,1,USD,branchid:11030
401ad16c-4be1-11ea-8f62-b88a60e194fb-1,2020-01-31T15:15:34.000Z,crmid:1150196601,401ad16c-4be1-11ea-8f62-b88a60e194fb,prd1053,Mortgage: VA,Mortgage,Personal,251202.34,1,USD,branchid:11001
401bbbca-4be1-11ea-81c2-b88a60e194fb-1,2020-01-04T23:05:33.000Z,crmid:3032764018,401bbbca-4be1-11ea-81c2-b88a60e194fb,prd1008,Traditional IRA,Retirement,Personal,15325.66,1,USD,branchid:11029
401c7f10-4be1-11ea-a8a6-b88a60e194fb-1,2020-01-29T16:48:23.000Z,crmid:4318752493,401c7f10-4be1-11ea-a8a6-b88a60e194fb,prd1148,Mortgage: 10/1 ARM,Mortgage,Personal,11111.55,1,USD,branchid:11020
401d9048-4be1-11ea-bd44-b88a60e194fb-1,2020-01-01T07:55:25.000Z,crmid:9484009785,401d9048-4be1-11ea-bd44-b88a60e194fb,prd1060,Traditional IRA,Retirement,Personal,11653.12,1,USD,branchid:11037
401e2c8c-4be1-11ea-af42-b88a60e194fb-1,2020-01-25T09:35:46.000Z,crmid:5331276470,401e2c8c-4be1-11ea-af42-b88a60e194fb,prd1159,CDs: 3 month,Investment,Personal,15233.49,1,USD,branchid:11119
401eefe2-4be1-11ea-962e-b88a60e194fb-1,2020-01-27T09:13:12.000Z,crmid:3871993295,401eefe2-4be1-11ea-962e-b88a60e194fb,prd1060,Traditional IRA,Retirement,Personal,195833.86,1,USD,branchid:11084
401fda2c-4be1-11ea-8d8c-b88a60e194fb-1,2020-01-24T13:00:51.000Z,crmid:1642523056,401fda2c-4be1-11ea-8d8c-b88a60e194fb,prd1123,Mortgage: 10 yr Fixed,Mortgage,Personal,19061.1,1,USD,branchid:11049
4042a58a-4be1-11ea-83b1-b88a60e194fb-1,2020-01-01T20:48:17.000Z,crmid:6899497033,4042a58a-4be1-11ea-83b1-b88a60e194fb,prd1165,Roth IRA,Retirement,Personal,240034.26,1,USD,branchid:11047
40438f9c-4be1-11ea-9059-b88a60e194fb-1,2020-01-14T12:42:19.000Z,crmid:2552733937,40438f9c-4be1-11ea-9059-b88a60e194fb,prd1167,Roth IRA,Retirement,Personal,4786025.56,1,USD,branchid:11140
40442bf6-4be1-11ea-94bc-b88a60e194fb-1,2020-01-26T08:55:56.000Z,crmid:4079668593,40442bf6-4be1-11ea-94bc-b88a60e194fb,prd1155,CDs: 5 year,Investment,Personal,4084798.81,1,USD,branchid:11048
40451622-4be1-11ea-8a21-b88a60e194fb-1,2020-01-21T16:22:54.000Z,crmid:1353439163,40451622-4be1-11ea-8a21-b88a60e194fb,prd1027,Mortgage: 30-yr Fixed,Mortgage,Personal,3510710.42,1,USD,branchid:11057
4046011e-4be1-11ea-ab1b-b88a60e194fb-1,2020-01-12T06:37:55.000Z,crmid:6931708892,4046011e-4be1-11ea-ab1b-b88a60e194fb,prd1131,Employee Stock Purchase Plans,Investment,Personal,15963.02,1,USD,branchid:11082
4046c470-4be1-11ea-aac8-b88a60e194fb-1,2020-01-13T19:01:25.000Z,crmid:3458672921,4046c470-4be1-11ea-aac8-b88a60e194fb,prd1083,Pension Account,Retirement,Personal,158471.14,1,USD,branchid:11054
404786f0-4be1-11ea-92ce-b88a60e194fb-1,2020-01-20T06:36:46.000Z,crmid:2803493061,404786f0-4be1-11ea-92ce-b88a60e194fb,prd1028,CDs: 1 year,Investment,Personal,172436.6,1,USD,branchid:11095
40693f68-4be1-11ea-8dd7-b88a60e194fb-1,2020-01-14T18:53:44.000Z,crmid:1290716367,40693f68-4be1-11ea-8dd7-b88a60e194fb,prd1034,Home Equity Loan,Mortgage,Personal,11682.1,1,USD,branchid:11044
406a50f0-4be1-11ea-8aad-b88a60e194fb-1,2020-01-04T19:42:52.000Z,crmid:9220565132,406a50f0-4be1-11ea-8aad-b88a60e194fb,prd1041,Mortgage: 7/1 ARM,Mortgage,Personal,265836.76,1,USD,branchid:11030
406b1422-4be1-11ea-9b9a-b88a60e194fb-1,2020-01-20T11:03:11.000Z,crmid:1143295011,406b1422-4be1-11ea-9b9a-b88a60e194fb,prd1056,CDs: 5 year,Investment,Personal,15073.59,1,USD,branchid:11098
406bff88-4be1-11ea-a16b-b88a60e194fb-1,2020-01-07T18:38:04.000Z,crmid:6542296415,406bff88-4be1-11ea-a16b-b88a60e194fb,prd1088,CDs: 1 year,Investment,Personal,262223.05,1,USD,branchid:11044
406cc1d2-4be1-11ea-92b1-b88a60e194fb-1,2020-01-01T00:02:49.000Z,crmid:7973149317,406cc1d2-4be1-11ea-92b1-b88a60e194fb,prd1124,CDs: 5 year,Investment,Personal,16306.35,1,USD,branchid:11030
406d851c-4be1-11ea-9fef-b88a60e194fb-1,2020-01-11T17:16:55.000Z,crmid:9750955837,406d851c-4be1-11ea-9fef-b88a60e194fb,prd1184,Fixed Deposit,Investment,Personal,235600.81,1,USD,branchid:11095
406e4868-4be1-11ea-a2ff-b88a60e194fb-1,2020-01-25T08:22:42.000Z,crmid:6344418126,406e4868-4be1-11ea-a2ff-b88a60e194fb,prd1175,401k,Retirement,Personal,18779.5,1,USD,branchid:11032
409160ba-4be1-11ea-8d55-b88a60e194fb-1,2020-01-04T23:05:53.000Z,crmid:9656517820,409160ba-4be1-11ea-8d55-b88a60e194fb,prd1144,Home Equity Loan,Mortgage,Personal,17434.78,1,USD,branchid:11138
40922552-4be1-11ea-beab-b88a60e194fb-1,2020-01-25T13:07:08.000Z,crmid:6513364559,40922552-4be1-11ea-beab-b88a60e194fb,prd1173,Money Market,Investment,Personal,4355421.14,1,USD,branchid:11018
4092e73a-4be1-11ea-a0ed-b88a60e194fb-1,2020-01-16T14:59:36.000Z,crmid:7430286449,4092e73a-4be1-11ea-a0ed-b88a60e194fb,prd1124,CDs: 5 year,Investment,Personal,10821.04,1,USD,branchid:11069
4093aacc-4be1-11ea-a637-b88a60e194fb-1,2020-01-07T11:12:30.000Z,crmid:2913821757,4093aacc-4be1-11ea-a637-b88a60e194fb,prd1034,Home Equity Loan,Mortgage,Personal,15166.37,1,USD,branchid:11104
409494d8-4be1-11ea-852d-b88a60e194fb-1,2020-01-12T11:08:09.000Z,crmid:5510312301,409494d8-4be1-11ea-852d-b88a60e194fb,prd1078,Mortgage: 7/1 ARM,Mortgage,Personal,16320.49,1,USD,branchid:11010
40957f40-4be1-11ea-a15b-b88a60e194fb-1,2020-01-20T13:57:49.000Z,crmid:1839910108,40957f40-4be1-11ea-a15b-b88a60e194fb,prd1179,Business Brokerage Account,Investment,Business,19056.1,1,USD,branchid:11040
4096428a-4be1-11ea-ad04-b88a60e194fb-1,2020-01-19T15:54:43.000Z,crmid:8782751086,4096428a-4be1-11ea-ad04-b88a60e194fb,prd1014,CDs: 3 month,Investment,Personal,15574.14,1,USD,branchid:11076
40bc4286-4be1-11ea-950e-b88a60e194fb-1,2020-01-09T15:35:08.000Z,crmid:6579440578,40bc4286-4be1-11ea-950e-b88a60e194fb,prd1144,Home Equity Loan,Mortgage,Personal,16716.03,1,USD,branchid:11115
40bd2b82-4be1-11ea-ba75-b88a60e194fb-1,2020-01-06T07:03:13.000Z,crmid:6697193353,40bd2b82-4be1-11ea-ba75-b88a60e194fb,prd1154,Mortgage: 30-yr Fixed,Mortgage,Personal,203001.76,1,USD,branchid:11010
40be1740-4be1-11ea-8f69-b88a60e194fb-1,2020-01-04T06:09:40.000Z,crmid:4203481976,40be1740-4be1-11ea-8f69-b88a60e194fb,prd1167,Roth IRA,Retirement,Personal,15600.38,1,USD,branchid:11012
40bed98c-4be1-11ea-859f-b88a60e194fb-1,2020-01-27T22:34:24.000Z,crmid:6171020475,40bed98c-4be1-11ea-859f-b88a60e194fb,prd1013,Mortgage: FHA,Mortgage,Personal,17833.65,1,USD,branchid:11054
40bf9de8-4be1-11ea-a8a5-b88a60e194fb-1,2020-01-15T00:29:53.000Z,crmid:2717093948,40bf9de8-4be1-11ea-a8a5-b88a60e194fb,prd1056,CDs: 5 year,Investment,Personal,13631.58,1,USD,branchid:11141
40c06100-4be1-11ea-9874-b88a60e194fb-1,2020-01-11T06:55:22.000Z,crmid:8616855429,40c06100-4be1-11ea-9874-b88a60e194fb,prd1150,Money Market,Investment,Personal,13277.16,1,USD,branchid:11050
40c1235e-4be1-11ea-acc2-b88a60e194fb-1,2020-01-11T09:24:28.000Z,crmid:7247566379,40c1235e-4be1-11ea-acc2-b88a60e194fb,prd1111,Pension Account,Retirement,Personal,179064.29,1,USD,branchid:11014
40e525c0-4be1-11ea-8afd-b88a60e194fb-1,2020-01-22T11:14:47.000Z,crmid:5742925861,40e525c0-4be1-11ea-8afd-b88a60e194fb,prd1079,Mortgage: 30-yr Fixed,Mortgage,Personal,124257.45,1,USD,branchid:11015
40e6101e-4be1-11ea-8e6e-b88a60e194fb-1,2020-01-31T23:21:28.000Z,crmid:2099837167,40e6101e-4be1-11ea-8e6e-b88a60e194fb,prd1033,Fixed Deposit,Investment,Personal,15099.59,1,USD,branchid:11123
40e6d366-4be1-11ea-a676-b88a60e194fb-1,2020-01-05T04:57:24.000Z,crmid:1410612708,40e6d366-4be1-11ea-a676-b88a60e194fb,prd1121,Mortgage: 30-yr Fixed,Mortgage,Personal,240799.14,1,USD,branchid:11113
40e80c10-4be1-11ea-9f00-b88a60e194fb-1,2020-01-01T05:10:18.000Z,crmid:7664576265,40e80c10-4be1-11ea-9f00-b88a60e194fb,prd1115,Mortgage: VA,Mortgage,Personal,15595.4,1,USD,branchid:11073
40e8cf4c-4be1-11ea-99ff-b88a60e194fb-1,2020-01-05T04:16:39.000Z,crmid:9054316245,40e8cf4c-4be1-11ea-99ff-b88a60e194fb,prd1174,Traditional IRA,Retirement,Personal,16837.95,1,USD,branchid:11021
40e99290-4be1-11ea-8519-b88a60e194fb-1,2020-01-21T11:43:54.000Z,crmid:9406922953,40e99290-4be1-11ea-8519-b88a60e194fb,prd1061,Mortgage: 5/1 ARM,Mortgage,Personal,16230.78,1,USD,branchid:11095
40ea5630-4be1-11ea-ae68-b88a60e194fb-1,2020-01-27T07:49:59.000Z,crmid:3239808897,40ea5630-4be1-11ea-ae68-b88a60e194fb,prd1032,Home Equity Loan,Mortgage,Personal,11707.8,1,USD,branchid:11059
410bc09e-4be1-11ea-bb73-b88a60e194fb-1,2020-01-01T11:43:32.000Z,crmid:5696512104,410bc09e-4be1-11ea-bb73-b88a60e194fb,prd1112,Fixed Deposit,Investment,Personal,234002.33,1,USD,branchid:11038
410cac7a-4be1-11ea-a7d9-b88a60e194fb-1,2020-01-28T23:23:21.000Z,crmid:5142589668,410cac7a-4be1-11ea-a7d9-b88a60e194fb,prd1053,Mortgage: VA,Mortgage,Personal,10032.65,1,USD,branchid:11063
410d6f6e-4be1-11ea-a00b-b88a60e194fb-1,2020-01-06T19:23:53.000Z,crmid:7277760371,410d6f6e-4be1-11ea-a00b-b88a60e194fb,prd1129,Mortgage: 10/1 ARM,Mortgage,Personal,10945.95,1,USD,branchid:11149
410e59b0-4be1-11ea-a7de-b88a60e194fb-1,2020-01-12T20:21:24.000Z,crmid:5986993337,410e59b0-4be1-11ea-a7de-b88a60e194fb,prd1061,Mortgage: 5/1 ARM,Mortgage,Personal,255533.22,1,USD,branchid:11128
410f1e1c-4be1-11ea-8bb0-b88a60e194fb-1,2020-01-08T15:47:29.000Z,crmid:6810131320,410f1e1c-4be1-11ea-8bb0-b88a60e194fb,prd1165,Roth IRA,Retirement,Personal,16199.64,1,USD,branchid:11027
4110066e-4be1-11ea-81da-b88a60e194fb-1,2020-01-30T07:50:11.000Z,crmid:4166798528,4110066e-4be1-11ea-81da-b88a60e194fb,prd1042,Roth IRA,Retirement,Personal,225200.28,1,USD,branchid:11097
4110caec-4be1-11ea-a878-b88a60e194fb-1,2020-01-23T17:32:52.000Z,crmid:2077147987,4110caec-4be1-11ea-a878-b88a60e194fb,prd1154,Mortgage: 30-yr Fixed,Mortgage,Personal,20657.25,1,USD,branchid:11122
41340912-4be1-11ea-bd7c-b88a60e194fb-1,2020-01-23T14:10:12.000Z,crmid:6010512272,41340912-4be1-11ea-bd7c-b88a60e194fb,prd1167,Roth IRA,Retirement,Personal,18683.34,1,USD,branchid:11042
41351b68-4be1-11ea-af9a-b88a60e194fb-1,2020-01-05T12:23:18.000Z,crmid:7411380451,41351b68-4be1-11ea-af9a-b88a60e194fb,prd1124,CDs: 5 year,Investment,Personal,16998.36,1,USD,branchid:11056
4135ddae-4be1-11ea-b0d7-b88a60e194fb-1,2020-01-02T19:21:32.000Z,crmid:8407325569,4135ddae-4be1-11ea-b0d7-b88a60e194fb,prd1121,Mortgage: 30-yr Fixed,Mortgage,Personal,170037.87,1,USD,branchid:11038
4136c976-4be1-11ea-a676-b88a60e194fb-1,2020-01-28T12:34:13.000Z,crmid:3069196727,4136c976-4be1-11ea-a676-b88a60e194fb,prd1112,Fixed Deposit,Investment,Personal,306831.0,1,USD,branchid:11059
413765b6-4be1-11ea-8f7d-b88a60e194fb-1,2020-01-26T08:13:22.000Z,crmid:9526856764,413765b6-4be1-11ea-8f7d-b88a60e194fb,prd1157,Brokerage Account,Investment,Personal,6058508.94,1,USD,branchid:11118
413828f8-4be1-11ea-ae2a-b88a60e194fb-1,2020-01-24T09:45:29.000Z,crmid:6739033814,413828f8-4be1-11ea-ae2a-b88a60e194fb,prd1167,Roth IRA,Retirement,Personal,244374.87,1,USD,branchid:11005
41391366-4be1-11ea-a180-b88a60e194fb-1,2020-01-21T06:34:37.000Z,crmid:2977835168,41391366-4be1-11ea-a180-b88a60e194fb,prd1115,Mortgage: VA,Mortgage,Personal,170043.64,1,USD,branchid:11037
415bdd9e-4be1-11ea-a80e-b88a60e194fb-1,2020-01-22T00:53:33.000Z,crmid:2447740073,415bdd9e-4be1-11ea-a80e-b88a60e194fb,prd1028,CDs: 1 year,Investment,Personal,4052575.39,1,USD,branchid:11095
415cc810-4be1-11ea-abf3-b88a60e194fb-1,2020-01-21T14:18:50.000Z,crmid:2607885934,415cc810-4be1-11ea-abf3-b88a60e194fb,prd1189,Overseas Equity Fund,Investment,Personal,16118.58,1,USD,branchid:11085
415d8a0c-4be1-11ea-a594-b88a60e194fb-1,2020-01-27T17:10:02.000Z,crmid:8232886566,415d8a0c-4be1-11ea-a594-b88a60e194fb,prd1175,401k,Retirement,Personal,15852.19,1,USD,branchid:11100
415e748c-4be1-11ea-b05d-b88a60e194fb-1,2020-01-04T23:51:37.000Z,crmid:9467722715,415e748c-4be1-11ea-b05d-b88a60e194fb,prd1123,Mortgage: 10 yr Fixed,Mortgage,Personal,10344.17,1,USD,branchid:11059
415f85b6-4be1-11ea-a519-b88a60e194fb-1,2020-01-23T00:14:51.000Z,crmid:6926553421,415f85b6-4be1-11ea-a519-b88a60e194fb,prd1034,Home Equity Loan,Mortgage,Personal,19479.92,1,USD,branchid:11098
4160713a-4be1-11ea-89c8-b88a60e194fb-1,2020-01-21T09:04:28.000Z,crmid:5608556176,4160713a-4be1-11ea-89c8-b88a60e194fb,prd1008,Traditional IRA,Retirement,Personal,102512.99,1,USD,branchid:11049
41610dc6-4be1-11ea-87a6-b88a60e194fb-1,2020-01-02T19:09:41.000Z,crmid:2549516575,41610dc6-4be1-11ea-87a6-b88a60e194fb,prd1056,CDs: 5 year,Investment,Personal,191879.48,1,USD,branchid:11071
4185363e-4be1-11ea-812c-b88a60e194fb-1,2020-01-05T16:46:06.000Z,crmid:1146621151,4185363e-4be1-11ea-812c-b88a60e194fb,prd1186,Money Market,Investment,Personal,13213.79,1,USD,branchid:11060
418621b4-4be1-11ea-98ae-b88a60e194fb-1,2020-01-01T18:03:55.000Z,crmid:1442686973,418621b4-4be1-11ea-98ae-b88a60e194fb,prd1151,Mortgage: 10 yr Fixed,Mortgage,Personal,15191.95,1,USD,branchid:11053
41870aee-4be1-11ea-a662-b88a60e194fb-1,2020-01-29T03:25:10.000Z,crmid:2656825949,41870aee-4be1-11ea-a662-b88a60e194fb,prd1087,Overseas Equity Fund,Investment,Personal,15658.49,1,USD,branchid:11014
4187cf9e-4be1-11ea-a9b4-b88a60e194fb-1,2020-01-10T05:27:44.000Z,crmid:2590364421,4187cf9e-4be1-11ea-a9b4-b88a60e194fb,prd1077,Roth IRA,Retirement,Personal,199557.87,1,USD,branchid:11110
41886bb8-4be1-11ea-8511-b88a60e194fb-1,2020-01-16T12:49:19.000Z,crmid:2594982063,41886bb8-4be1-11ea-8511-b88a60e194fb,prd1060,Traditional IRA,Retirement,Personal,11656.79,1,USD,branchid:11035
4189571a-4be1-11ea-8887-b88a60e194fb-1,2020-01-18T18:31:51.000Z,crmid:2336957358,4189571a-4be1-11ea-8887-b88a60e194fb,prd1032,Home Equity Loan,Mortgage,Personal,16217.3,1,USD,branchid:11016
418a3f22-4be1-11ea-bb00-b88a60e194fb-1,2020-01-24T06:31:01.000Z,crmid:2733887484,418a3f22-4be1-11ea-bb00-b88a60e194fb,prd1101,Mortgage: 5/1 ARM,Mortgage,Personal,6938.18,1,USD,branchid:11094
41ada594-4be1-11ea-871b-b88a60e194fb-1,2020-01-13T23:30:41.000Z,crmid:7658886921,41ada594-4be1-11ea-871b-b88a60e194fb,prd1150,Money Market,Investment,Personal,17898.55,1,USD,branchid:11056
41aeb712-4be1-11ea-89bd-b88a60e194fb-1,2020-01-13T21:48:17.000Z,crmid:6866821367,41aeb712-4be1-11ea-89bd-b88a60e194fb,prd1172,Employee Stock Purchase Plans,Investment,Personal,277182.97,1,USD,branchid:11068
41afef9a-4be1-11ea-a57e-b88a60e194fb-1,2020-01-03T11:45:22.000Z,crmid:8191737362,41afef9a-4be1-11ea-a57e-b88a60e194fb,prd1079,Mortgage: 30-yr Fixed,Mortgage,Personal,4138802.83,1,USD,branchid:11029
41b1010a-4be1-11ea-a874-b88a60e194fb-1,2020-01-09T08:29:14.000Z,crmid:2791374133,41b1010a-4be1-11ea-a874-b88a60e194fb,prd1155,CDs: 5 year,Investment,Personal,20564.41,1,USD,branchid:11122
41b1eb4a-4be1-11ea-a1b8-b88a60e194fb-1,2020-01-25T22:38:20.000Z,crmid:9257344653,41b1eb4a-4be1-11ea-a1b8-b88a60e194fb,prd1047,Mortgage: 10 yr Fixed,Mortgage,Personal,11781.35,1,USD,branchid:11063
41b2fd18-4be1-11ea-925b-b88a60e194fb-1,2020-01-27T17:42:58.000Z,crmid:9806231639,41b2fd18-4be1-11ea-925b-b88a60e194fb,prd1176,Overseas Equity Fund,Investment,Personal,12787.94,1,USD,branchid:11056
41b3e768-4be1-11ea-bf37-b88a60e194fb-1,2020-01-25T09:46:24.000Z,crmid:1261503921,41b3e768-4be1-11ea-bf37-b88a60e194fb,prd1083,Pension Account,Retirement,Personal,3094183.02,1,USD,branchid:11078
41d7eaf6-4be1-11ea-bf6a-b88a60e194fb-1,2020-01-15T05:17:45.000Z,crmid:5487944157,41d7eaf6-4be1-11ea-bf6a-b88a60e194fb,prd1046,Mortgage: VA,Mortgage,Personal,127399.72,1,USD,branchid:11059
41d8ae90-4be1-11ea-8814-b88a60e194fb-1,2020-01-28T01:05:31.000Z,crmid:6672929464,41d8ae90-4be1-11ea-8814-b88a60e194fb,prd1108,401k,Retirement,Personal,17880.05,1,USD,branchid:11123
41d9c052-4be1-11ea-bc90-b88a60e194fb-1,2020-01-16T11:21:49.000Z,crmid:5422779816,41d9c052-4be1-11ea-bc90-b88a60e194fb,prd1030,401k,Retirement,Personal,173473.38,1,USD,branchid:11148
41daa902-4be1-11ea-8711-b88a60e194fb-1,2020-01-20T17:42:23.000Z,crmid:8025740633,41daa902-4be1-11ea-8711-b88a60e194fb,prd1175,401k,Retirement,Personal,17086.59,1,USD,branchid:11137
41db6c66-4be1-11ea-b9b4-b88a60e194fb-1,2020-01-14T04:22:52.000Z,crmid:2971268304,41db6c66-4be1-11ea-b9b4-b88a60e194fb,prd1030,401k,Retirement,Personal,11946.03,1,USD,branchid:11075
41dc2fb0-4be1-11ea-9d74-b88a60e194fb-1,2020-01-09T15:53:27.000Z,crmid:6065366271,41dc2fb0-4be1-11ea-9d74-b88a60e194fb,prd1047,Mortgage: 10 yr Fixed,Mortgage,Personal,181555.93,1,USD,branchid:11062
41dcf2f6-4be1-11ea-a309-b88a60e194fb-1,2020-01-01T00:13:12.000Z,crmid:1393911695,41dcf2f6-4be1-11ea-a309-b88a60e194fb,prd1032,Home Equity Loan,Mortgage,Personal,215985.34,1,USD,branchid:11034
42019348-4be1-11ea-ab9c-b88a60e194fb-1,2020-01-06T21:27:50.000Z,crmid:3686604046,42019348-4be1-11ea-ab9c-b88a60e194fb,prd1008,Traditional IRA,Retirement,Personal,206483.57,1,USD,branchid:11028
42025694-4be1-11ea-8cdf-b88a60e194fb-1,2020-01-14T09:56:09.000Z,crmid:7927994278,42025694-4be1-11ea-8cdf-b88a60e194fb,prd1045,Mortgage: 10/1 ARM,Mortgage,Personal,16908.79,1,USD,branchid:11085
420319d0-4be1-11ea-80cd-b88a60e194fb-1,2020-01-24T10:20:47.000Z,crmid:7211203878,420319d0-4be1-11ea-80cd-b88a60e194fb,prd1123,Mortgage: 10 yr Fixed,Mortgage,Personal,10753.9,1,USD,branchid:11023
4203ddfe-4be1-11ea-9734-b88a60e194fb-1,2020-01-16T06:16:45.000Z,crmid:4276564489,4203ddfe-4be1-11ea-9734-b88a60e194fb,prd1062,Mortgage: VA,Mortgage,Personal,14804.67,1,USD,branchid:11085
4204ed24-4be1-11ea-b0b0-b88a60e194fb-1,2020-01-13T08:16:19.000Z,crmid:2731023404,4204ed24-4be1-11ea-b0b0-b88a60e194fb,prd1185,Mortgage: FHA,Mortgage,Personal,16669.87,1,USD,branchid:11006
4205b206-4be1-11ea-b4aa-b88a60e194fb-1,2020-01-07T07:33:31.000Z,crmid:2454921476,4205b206-4be1-11ea-b4aa-b88a60e194fb,prd1046,Mortgage: VA,Mortgage,Personal,14043.44,1,USD,branchid:11054
4206753e-4be1-11ea-a988-b88a60e194fb-1,2020-01-07T00:59:54.000Z,crmid:8843844586,4206753e-4be1-11ea-a988-b88a60e194fb,prd1056,CDs: 5 year,Investment,Personal,246735.63,1,USD,branchid:11106
422b60d2-4be1-11ea-a244-b88a60e194fb-1,2020-01-06T22:09:15.000Z,crmid:8977550204,422b60d2-4be1-11ea-a244-b88a60e194fb,prd1077,Roth IRA,Retirement,Personal,243639.76,1,USD,branchid:11078
422c2424-4be1-11ea-aa88-b88a60e194fb-1,2020-01-25T01:39:03.000Z,crmid:5490199009,422c2424-4be1-11ea-aa88-b88a60e194fb,prd1032,Home Equity Loan,Mortgage,Personal,190928.36,1,USD,branchid:11100
422ce764-4be1-11ea-bcf7-b88a60e194fb-1,2020-01-01T05:14:18.000Z,crmid:1697945640,422ce764-4be1-11ea-bcf7-b88a60e194fb,prd1182,Brokerage Account,Investment,Personal,15289.94,1,USD,branchid:11044
422d83c6-4be1-11ea-89e3-b88a60e194fb-1,2020-01-10T07:34:32.000Z,crmid:1472212518,422d83c6-4be1-11ea-89e3-b88a60e194fb,prd1182,Brokerage Account,Investment,Personal,273163.48,1,USD,branchid:11141
422e6e10-4be1-11ea-8c0c-b88a60e194fb-1,2020-01-15T00:46:41.000Z,crmid:6062583955,422e6e10-4be1-11ea-8c0c-b88a60e194fb,prd1047,Mortgage: 10 yr Fixed,Mortgage,Personal,16067.47,1,USD,branchid:11123
422f315a-4be1-11ea-839c-b88a60e194fb-1,2020-01-11T18:25:55.000Z,crmid:2850022152,422f315a-4be1-11ea-839c-b88a60e194fb,prd1165,Roth IRA,Retirement,Personal,174905.64,1,USD,branchid:11033
422ff4ba-4be1-11ea-b0c0-b88a60e194fb-1,2020-01-11T07:23:28.000Z,crmid:3165414473,422ff4ba-4be1-11ea-b0c0-b88a60e194fb,prd1173,Money Market,Investment,Personal,13361.5,1,USD,branchid:11077
4251d4c0-4be1-11ea-a8e2-b88a60e194fb-1,2020-01-18T17:23:39.000Z,crmid:6703561157,4251d4c0-4be1-11ea-a8e2-b88a60e194fb,prd1148,Mortgage: 10/1 ARM,Mortgage,Personal,9943.22,1,USD,branchid:11072
4252bf1c-4be1-11ea-8406-b88a60e194fb-1,2020-01-02T19:49:46.000Z,crmid:9872100620,4252bf1c-4be1-11ea-8406-b88a60e194fb,prd1153,CDs: 1 year,Investment,Personal,4008636.79,1,USD,branchid:11011
4253826e-4be1-11ea-8a1b-b88a60e194fb-1,2020-01-20T18:19:56.000Z,crmid:6981916472,4253826e-4be1-11ea-8a1b-b88a60e194fb,prd1184,Fixed Deposit,Investment,Personal,181796.71,1,USD,branchid:11038
425445b6-4be1-11ea-874f-b88a60e194fb-1,2020-01-10T04:52:08.000Z,crmid:1544022830,425445b6-4be1-11ea-874f-b88a60e194fb,prd1123,Mortgage: 10 yr Fixed,Mortgage,Personal,22859.44,1,USD,branchid:11026
42550900-4be1-11ea-94a9-b88a60e194fb-1,2020-01-30T20:14:56.000Z,crmid:8662725468,42550900-4be1-11ea-94a9-b88a60e194fb,prd1041,Mortgage: 7/1 ARM,Mortgage,Personal,13968.7,1,USD,branchid:11066
4255ccd2-4be1-11ea-95c1-b88a60e194fb-1,2020-01-22T15:32:31.000Z,crmid:4269070220,4255ccd2-4be1-11ea-95c1-b88a60e194fb,prd1034,Home Equity Loan,Mortgage,Personal,15752.92,1,USD,branchid:11009
4256b6de-4be1-11ea-bd68-b88a60e194fb-1,2020-01-23T15:34:40.000Z,crmid:4933502354,4256b6de-4be1-11ea-bd68-b88a60e194fb,prd1129,Mortgage: 10/1 ARM,Mortgage,Personal,227084.68,1,USD,branchid:11066
427a6b38-4be1-11ea-9ab7-b88a60e194fb-1,2020-01-01T15:25:16.000Z,crmid:1449643570,427a6b38-4be1-11ea-9ab7-b88a60e194fb,prd1068,Mortgage: 7/1 ARM,Mortgage,Personal,9078.33,1,USD,branchid:11005
427b559c-4be1-11ea-ac31-b88a60e194fb-1,2020-01-20T05:20:04.000Z,crmid:6577440426,427b559c-4be1-11ea-ac31-b88a60e194fb,prd1124,CDs: 5 year,Investment,Personal,13768.27,1,USD,branchid:11040
427c1938-4be1-11ea-8cb0-b88a60e194fb-1,2020-01-20T22:48:24.000Z,crmid:8613048175,427c1938-4be1-11ea-8cb0-b88a60e194fb,prd1021,CDs: 5 year,Investment,Personal,279574.47,1,USD,branchid:11107
427d0474-4be1-11ea-a116-b88a60e194fb-1,2020-01-28T12:52:05.000Z,crmid:1550377903,427d0474-4be1-11ea-a116-b88a60e194fb,prd1150,Money Market,Investment,Personal,224466.13,1,USD,branchid:11089
427dc674-4be1-11ea-a266-b88a60e194fb-1,2020-01-09T03:08:09.000Z,crmid:5590894579,427dc674-4be1-11ea-a266-b88a60e194fb,prd1153,CDs: 1 year,Investment,Personal,20075.79,1,USD,branchid:11115
427eb23e-4be1-11ea-9301-b88a60e194fb-1,2020-01-21T22:54:24.000Z,crmid:2706298638,427eb23e-4be1-11ea-9301-b88a60e194fb,prd1097,Employee Stock Purchase Plans,Investment,Personal,11473.96,1,USD,branchid:11100
427f746c-4be1-11ea-a85e-b88a60e194fb-1,2020-01-09T19:22:50.000Z,crmid:2975282732,427f746c-4be1-11ea-a85e-b88a60e194fb,prd1062,Mortgage: VA,Mortgage,Personal,268521.64,1,USD,branchid:11117
42a21734-4be1-11ea-8443-b88a60e194fb-1,2020-01-20T22:52:39.000Z,crmid:4243594655,42a21734-4be1-11ea-8443-b88a60e194fb,prd1151,Mortgage: 10 yr Fixed,Mortgage,Personal,259967.89,1,USD,branchid:11132
42a328b6-4be1-11ea-823f-b88a60e194fb-1,2020-01-22T22:44:35.000Z,crmid:9567790703,42a328b6-4be1-11ea-823f-b88a60e194fb,prd1045,Mortgage: 10/1 ARM,Mortgage,Personal,3020557.49,1,USD,branchid:11080
42a4615e-4be1-11ea-9566-b88a60e194fb-1,2020-01-20T02:37:08.000Z,crmid:9400706437,42a4615e-4be1-11ea-9566-b88a60e194fb,prd1172,Employee Stock Purchase Plans,Investment,Personal,210800.59,1,USD,branchid:11030
42a599b6-4be1-11ea-86b0-b88a60e194fb-1,2020-01-26T02:34:01.000Z,crmid:2722294454,42a599b6-4be1-11ea-86b0-b88a60e194fb,prd1176,Overseas Equity Fund,Investment,Personal,14308.05,1,USD,branchid:11092
42a6ab48-4be1-11ea-a295-b88a60e194fb-1,2020-01-12T18:17:56.000Z,crmid:3976410695,42a6ab48-4be1-11ea-a295-b88a60e194fb,prd1079,Mortgage: 30-yr Fixed,Mortgage,Personal,14037.22,1,USD,branchid:11139
42a76ea2-4be1-11ea-83b5-b88a60e194fb-1,2020-01-18T10:17:02.000Z,crmid:6528611068,42a76ea2-4be1-11ea-83b5-b88a60e194fb,prd1111,Pension Account,Retirement,Personal,15227.74,1,USD,branchid:11136
42a858da-4be1-11ea-882c-b88a60e194fb-1,2020-01-26T10:51:26.000Z,crmid:3067174934,42a858da-4be1-11ea-882c-b88a60e194fb,prd1108,401k,Retirement,Personal,17252.61,1,USD,branchid:11143
42cc349a-4be1-11ea-a551-b88a60e194fb-1,2020-01-03T06:30:59.000Z,crmid:4920777372,42cc349a-4be1-11ea-a551-b88a60e194fb,prd1101,Mortgage: 5/1 ARM,Mortgage,Personal,13758.06,1,USD,branchid:11056
42cd2052-4be1-11ea-9deb-b88a60e194fb-1,2020-01-20T02:55:17.000Z,crmid:9412896937,42cd2052-4be1-11ea-9deb-b88a60e194fb,prd1049,Business Brokerage Account,Investment,Business,186073.24,1,USD,branchid:11135
42cde252-4be1-11ea-a40a-b88a60e194fb-1,2020-01-12T07:49:02.000Z,crmid:1316709961,42cde252-4be1-11ea-a40a-b88a60e194fb,prd1125,Mortgage: FHA,Mortgage,Personal,14968.88,1,USD,branchid:11107
42cea6de-4be1-11ea-9fdc-b88a60e194fb-1,2020-01-16T01:37:51.000Z,crmid:7948935708,42cea6de-4be1-11ea-9fdc-b88a60e194fb,prd1186,Money Market,Investment,Personal,160559.9,1,USD,branchid:11052
42cf6a22-4be1-11ea-82ba-b88a60e194fb-1,2020-01-27T11:12:49.000Z,crmid:1967173216,42cf6a22-4be1-11ea-82ba-b88a60e194fb,prd1047,Mortgage: 10 yr Fixed,Mortgage,Personal,278962.96,1,USD,branchid:11117
42d02de6-4be1-11ea-8259-b88a60e194fb-1,2020-01-30T13:46:47.000Z,crmid:7281206253,42d02de6-4be1-11ea-8259-b88a60e194fb,prd1024,Mortgage: FHA,Mortgage,Personal,14110.23,1,USD,branchid:11126
42d11724-4be1-11ea-b957-b88a60e194fb-1,2020-01-23T18:05:38.000Z,crmid:1109359348,42d11724-4be1-11ea-b957-b88a60e194fb,prd1028,CDs: 1 year,Investment,Personal,17061.94,1,USD,branchid:11071
42f2f7cc-4be1-11ea-9ea7-b88a60e194fb-1,2020-01-13T18:13:06.000Z,crmid:3516278042,42f2f7cc-4be1-11ea-9ea7-b88a60e194fb,prd1185,Mortgage: FHA,Mortgage,Personal,18299.31,1,USD,branchid:11037
42f3e0ca-4be1-11ea-973d-b88a60e194fb-1,2020-01-23T20:13:27.000Z,crmid:4700033999,42f3e0ca-4be1-11ea-973d-b88a60e194fb,prd1153,CDs: 1 year,Investment,Personal,16775.87,1,USD,branchid:11080
42f4a3f8-4be1-11ea-8861-b88a60e194fb-1,2020-01-09T06:05:32.000Z,crmid:4304312862,42f4a3f8-4be1-11ea-8861-b88a60e194fb,prd1028,CDs: 1 year,Investment,Personal,5074808.32,1,USD,branchid:11000
42f568c2-4be1-11ea-82dc-b88a60e194fb-1,2020-01-29T08:39:08.000Z,crmid:3201023696,42f568c2-4be1-11ea-82dc-b88a60e194fb,prd1123,Mortgage: 10 yr Fixed,Mortgage,Personal,22750.75,1,USD,branchid:11080
42f62c94-4be1-11ea-a126-b88a60e194fb-1,2020-01-30T18:44:13.000Z,crmid:8096386192,42f62c94-4be1-11ea-a126-b88a60e194fb,prd1027,Mortgage: 30-yr Fixed,Mortgage,Personal,15550.11,1,USD,branchid:11103
42f73e22-4be1-11ea-9339-b88a60e194fb-1,2020-01-13T13:17:59.000Z,crmid:4635453793,42f73e22-4be1-11ea-9339-b88a60e194fb,prd1172,Employee Stock Purchase Plans,Investment,Personal,18208.24,1,USD,branchid:11018
42f7ff68-4be1-11ea-8e51-b88a60e194fb-1,2020-01-03T22:53:25.000Z,crmid:9834900378,42f7ff68-4be1-11ea-8e51-b88a60e194fb,prd1175,401k,Retirement,Personal,13168.37,1,USD,branchid:11134
431f0f40-4be1-11ea-898c-b88a60e194fb-1,2020-01-03T08:04:47.000Z,crmid:8643771128,431f0f40-4be1-11ea-898c-b88a60e194fb,prd1025,Brokerage Account,Investment,Personal,13454.18,1,USD,branchid:11039
431fd3dc-4be1-11ea-9f07-b88a60e194fb-1,2020-01-25T23:50:30.000Z,crmid:8537706016,431fd3dc-4be1-11ea-9f07-b88a60e194fb,prd1030,401k,Retirement,Personal,205068.81,1,USD,branchid:11150
4320be4a-4be1-11ea-83df-b88a60e194fb-1,2020-01-28T14:59:07.000Z,crmid:6186653173,4320be4a-4be1-11ea-83df-b88a60e194fb,prd1027,Mortgage: 30-yr Fixed,Mortgage,Personal,17332.72,1,USD,branchid:11124
4321819e-4be1-11ea-8812-b88a60e194fb-1,2020-01-10T10:51:14.000Z,crmid:8450354053,4321819e-4be1-11ea-8812-b88a60e194fb,prd1131,Employee Stock Purchase Plans,Investment,Personal,2801865.25,1,USD,branchid:11049
43226bb6-4be1-11ea-bb84-b88a60e194fb-1,2020-01-01T05:19:49.000Z,crmid:6732087053,43226bb6-4be1-11ea-bb84-b88a60e194fb,prd1179,Business Brokerage Account,Investment,Business,13371.71,1,USD,branchid:11084
43232e1e-4be1-11ea-b4e4-b88a60e194fb-1,2020-01-17T17:49:34.000Z,crmid:6062583955,43232e1e-4be1-11ea-b4e4-b88a60e194fb,prd1097,Employee Stock Purchase Plans,Investment,Personal,256729.96,1,USD,branchid:11025
4324193e-4be1-11ea-bc4c-b88a60e194fb-1,2020-01-24T12:17:25.000Z,crmid:2456071111,4324193e-4be1-11ea-bc4c-b88a60e194fb,prd1047,Mortgage: 10 yr Fixed,Mortgage,Personal,14438.65,1,USD,branchid:11005
434bc48a-4be1-11ea-b542-b88a60e194fb-1,2020-01-10T07:37:42.000Z,crmid:7790620936,434bc48a-4be1-11ea-b542-b88a60e194fb,prd1068,Mortgage: 7/1 ARM,Mortgage,Personal,8323.44,1,USD,branchid:11087
434caee8-4be1-11ea-9887-b88a60e194fb-1,2020-01-20T14:13:34.000Z,crmid:6985539562,434caee8-4be1-11ea-9887-b88a60e194fb,prd1120,Mortgage: 10/1 ARM,Mortgage,Personal,18138.02,1,USD,branchid:11062
434d7398-4be1-11ea-ae55-b88a60e194fb-1,2020-01-03T05:07:41.000Z,crmid:3644029057,434d7398-4be1-11ea-ae55-b88a60e194fb,prd1184,Fixed Deposit,Investment,Personal,14172.59,1,USD,branchid:11015
434e5dee-4be1-11ea-be37-b88a60e194fb-1,2020-01-08T16:17:04.000Z,crmid:3335882700,434e5dee-4be1-11ea-be37-b88a60e194fb,prd1073,Business Brokerage Account,Investment,Business,277429.64,1,USD,branchid:11137
434f1fe4-4be1-11ea-9e18-b88a60e194fb-1,2020-01-16T14:13:20.000Z,crmid:6894950672,434f1fe4-4be1-11ea-9e18-b88a60e194fb,prd1029,401k,Retirement,Personal,224451.08,1,USD,branchid:11053
434fe44a-4be1-11ea-8bbe-b88a60e194fb-1,2020-01-02T19:09:47.000Z,crmid:4336977873,434fe44a-4be1-11ea-8bbe-b88a60e194fb,prd1087,Overseas Equity Fund,Investment,Personal,15065.3,1,USD,branchid:11048
4350a692-4be1-11ea-a7f4-b88a60e194fb-1,2020-01-04T14:03:49.000Z,crmid:2128425650,4350a692-4be1-11ea-a7f4-b88a60e194fb,prd1032,Home Equity Loan,Mortgage,Personal,258574.07,1,USD,branchid:11019
4374f74c-4be1-11ea-a2a0-b88a60e194fb-1,2020-01-02T11:26:24.000Z,crmid:5098149680,4374f74c-4be1-11ea-a2a0-b88a60e194fb,prd1173,Money Market,Investment,Personal,14739.79,1,USD,branchid:11136
4375ba92-4be1-11ea-ae06-b88a60e194fb-1,2020-01-09T04:42:57.000Z,crmid:1547119407,4375ba92-4be1-11ea-ae06-b88a60e194fb,prd1175,401k,Retirement,Personal,207672.34,1,USD,branchid:11110
43767dec-4be1-11ea-bdb0-b88a60e194fb-1,2020-01-31T09:43:08.000Z,crmid:1034369716,43767dec-4be1-11ea-bdb0-b88a60e194fb,prd1064,CDs: 3 month,Investment,Personal,18888.73,1,USD,branchid:11118
437741c0-4be1-11ea-8a77-b88a60e194fb-1,2020-01-17T12:24:16.000Z,crmid:6130262872,437741c0-4be1-11ea-8a77-b88a60e194fb,prd1120,Mortgage: 10/1 ARM,Mortgage,Personal,5250600.32,1,USD,branchid:11102
437852b6-4be1-11ea-8f2c-b88a60e194fb-1,2020-01-07T03:37:56.000Z,crmid:4528838842,437852b6-4be1-11ea-8f2c-b88a60e194fb,prd1027,Mortgage: 30-yr Fixed,Mortgage,Personal,16172.53,1,USD,branchid:11113
4379b240-4be1-11ea-8dc1-b88a60e194fb-1,2020-01-22T05:56:28.000Z,crmid:1183717131,4379b240-4be1-11ea-8dc1-b88a60e194fb,prd1049,Business Brokerage Account,Investment,Business,15679.84,1,USD,branchid:11131
437a9cc6-4be1-11ea-b12a-b88a60e194fb-1,2020-01-01T16:05:53.000Z,crmid:4294242320,437a9cc6-4be1-11ea-b12a-b88a60e194fb,prd1172,Employee Stock Purchase Plans,Investment,Personal,19024.75,1,USD,branchid:11063
43a3cf74-4be1-11ea-bc8a-b88a60e194fb-1,2020-01-22T02:41:01.000Z,crmid:3411510404,43a3cf74-4be1-11ea-bc8a-b88a60e194fb,prd1053,Mortgage: VA,Mortgage,Personal,8134.35,1,USD,branchid:11025
43a4b9da-4be1-11ea-b7a0-b88a60e194fb-1,2020-01-24T15:12:01.000Z,crmid:5371907388,43a4b9da-4be1-11ea-b7a0-b88a60e194fb,prd1073,Business Brokerage Account,Investment,Business,4374959.56,1,USD,branchid:11141
43a57d30-4be1-11ea-b935-b88a60e194fb-1,2020-01-15T04:53:41.000Z,crmid:4043194015,43a57d30-4be1-11ea-b935-b88a60e194fb,prd1021,CDs: 5 year,Investment,Personal,23228.61,1,USD,branchid:11054
43a6407a-4be1-11ea-b385-b88a60e194fb-1,2020-01-20T04:20:28.000Z,crmid:4771594245,43a6407a-4be1-11ea-b385-b88a60e194fb,prd1144,Home Equity Loan,Mortgage,Personal,19318.8,1,USD,branchid:11148
43a8b40c-4be1-11ea-824c-b88a60e194fb-1,2020-01-28T13:56:00.000Z,crmid:1725270141,43a8b40c-4be1-11ea-824c-b88a60e194fb,prd1028,CDs: 1 year,Investment,Personal,12352.45,1,USD,branchid:11026
43a99ce8-4be1-11ea-89b2-b88a60e194fb-1,2020-01-07T02:23:48.000Z,crmid:7026127141,43a99ce8-4be1-11ea-89b2-b88a60e194fb,prd1041,Mortgage: 7/1 ARM,Mortgage,Personal,4678212.47,1,USD,branchid:11079
43aaad98-4be1-11ea-8006-b88a60e194fb-1,2020-01-06T12:33:10.000Z,crmid:2136235243,43aaad98-4be1-11ea-8006-b88a60e194fb,prd1182,Brokerage Account,Investment,Personal,13800.12,1,USD,branchid:11098
43d01122-4be1-11ea-8348-b88a60e194fb-1,2020-01-13T21:36:36.000Z,crmid:5940178230,43d01122-4be1-11ea-8348-b88a60e194fb,prd1148,Mortgage: 10/1 ARM,Mortgage,Personal,201918.18,1,USD,branchid:11004
43d0d434-4be1-11ea-906e-b88a60e194fb-1,2020-01-10T06:34:05.000Z,crmid:5391072453,43d0d434-4be1-11ea-906e-b88a60e194fb,prd1073,Business Brokerage Account,Investment,Business,17359.48,1,USD,branchid:11042
43d1bd62-4be1-11ea-8984-b88a60e194fb-1,2020-01-24T14:50:06.000Z,crmid:5330445254,43d1bd62-4be1-11ea-8984-b88a60e194fb,prd1120,Mortgage: 10/1 ARM,Mortgage,Personal,121886.6,1,USD,branchid:11145
43d25ad4-4be1-11ea-bea4-b88a60e194fb-1,2020-01-24T00:52:17.000Z,crmid:4312004761,43d25ad4-4be1-11ea-bea4-b88a60e194fb,prd1182,Brokerage Account,Investment,Personal,11091.48,1,USD,branchid:11057
43d34562-4be1-11ea-9a8f-b88a60e194fb-1,2020-01-19T09:11:34.000Z,crmid:3028957843,43d34562-4be1-11ea-9a8f-b88a60e194fb,prd1123,Mortgage: 10 yr Fixed,Mortgage,Personal,14406.81,1,USD,branchid:11063
43d409d2-4be1-11ea-af75-b88a60e194fb-1,2020-01-22T18:22:31.000Z,crmid:8340504517,43d409d2-4be1-11ea-af75-b88a60e194fb,prd1117,Brokerage Account,Investment,Personal,193476.47,1,USD,branchid:11056
43d566da-4be1-11ea-923e-b88a60e194fb-1,2020-01-15T00:41:54.000Z,crmid:4743936576,43d566da-4be1-11ea-923e-b88a60e194fb,prd1061,Mortgage: 5/1 ARM,Mortgage,Personal,230200.52,1,USD,branchid:11123
43fa53ca-4be1-11ea-a9c2-b88a60e194fb-1,2020-01-31T05:40:00.000Z,crmid:9567790703,43fa53ca-4be1-11ea-a9c2-b88a60e194fb,prd1034,Home Equity Loan,Mortgage,Personal,214395.2,1,USD,branchid:11029
43fb1882-4be1-11ea-9ee1-b88a60e194fb-1,2020-01-03T12:11:18.000Z,crmid:4626673596,43fb1882-4be1-11ea-9ee1-b88a60e194fb,prd1174,Traditional IRA,Retirement,Personal,16083.09,1,USD,branchid:11141
43fbda64-4be1-11ea-b163-b88a60e194fb-1,2020-01-25T20:00:10.000Z,crmid:2528942140,43fbda64-4be1-11ea-b163-b88a60e194fb,prd1024,Mortgage: FHA,Mortgage,Personal,4634002.38,1,USD,branchid:11043
43fcec54-4be1-11ea-a512-b88a60e194fb-1,2020-01-18T02:56:39.000Z,crmid:1578919082,43fcec54-4be1-11ea-a512-b88a60e194fb,prd1125,Mortgage: FHA,Mortgage,Personal,16844.52,1,USD,branchid:11139
43fdaf2c-4be1-11ea-bd0b-b88a60e194fb-1,2020-01-11T17:50:15.000Z,crmid:1188926477,43fdaf2c-4be1-11ea-bd0b-b88a60e194fb,prd1060,Traditional IRA,Retirement,Personal,15046.64,1,USD,branchid:11050
43fe73c2-4be1-11ea-8a9b-b88a60e194fb-1,2020-01-08T02:28:27.000Z,crmid:8217899992,43fe73c2-4be1-11ea-8a9b-b88a60e194fb,prd1144,Home Equity Loan,Mortgage,Personal,14962.8,1,USD,branchid:11042
43ff5cb0-4be1-11ea-b32c-b88a60e194fb-1,2020-01-11T10:27:28.000Z,crmid:4376975514,43ff5cb0-4be1-11ea-b32c-b88a60e194fb,prd1172,Employee Stock Purchase Plans,Investment,Personal,9328.26,1,USD,branchid:11003
4422eb64-4be1-11ea-8ad9-b88a60e194fb-1,2020-01-22T16:42:37.000Z,crmid:3981355563,4422eb64-4be1-11ea-8ad9-b88a60e194fb,prd1186,Money Market,Investment,Personal,4407036.48,1,USD,branchid:11011
4423d4ba-4be1-11ea-8a1b-b88a60e194fb-1,2020-01-10T12:55:35.000Z,crmid:5763548817,4423d4ba-4be1-11ea-8a1b-b88a60e194fb,prd1121,Mortgage: 30-yr Fixed,Mortgage,Personal,13353.05,1,USD,branchid:11074
4424bf4a-4be1-11ea-ae80-b88a60e194fb-1,2020-01-03T03:10:56.000Z,crmid:6740757799,4424bf4a-4be1-11ea-ae80-b88a60e194fb,prd1061,Mortgage: 5/1 ARM,Mortgage,Personal,232941.5,1,USD,branchid:11073
442583f6-4be1-11ea-b266-b88a60e194fb-1,2020-01-23T01:30:28.000Z,crmid:2498131399,442583f6-4be1-11ea-b266-b88a60e194fb,prd1097,Employee Stock Purchase Plans,Investment,Personal,230857.81,1,USD,branchid:11035
44264700-4be1-11ea-9e6c-b88a60e194fb-1,2020-01-19T23:08:36.000Z,crmid:1215503926,44264700-4be1-11ea-9e6c-b88a60e194fb,prd1049,Business Brokerage Account,Investment,Business,173548.69,1,USD,branchid:11090
4426e34a-4be1-11ea-b9df-b88a60e194fb-1,2020-01-31T17:55:27.000Z,crmid:4854005752,4426e34a-4be1-11ea-b9df-b88a60e194fb,prd1155,CDs: 5 year,Investment,Personal,197324.25,1,USD,branchid:11114
4427a68c-4be1-11ea-9804-b88a60e194fb-1,2020-01-03T12:15:39.000Z,crmid:2083048601,4427a68c-4be1-11ea-9804-b88a60e194fb,prd1111,Pension Account,Retirement,Personal,17160.76,1,USD,branchid:11008
444d7dee-4be1-11ea-af79-b88a60e194fb-1,2020-01-04T03:06:04.000Z,crmid:1148496619,444d7dee-4be1-11ea-af79-b88a60e194fb,prd1021,CDs: 5 year,Investment,Personal,9458.85,1,USD,branchid:11082
444e6718-4be1-11ea-9b67-b88a60e194fb-1,2020-01-18T22:27:01.000Z,crmid:4867317828,444e6718-4be1-11ea-9b67-b88a60e194fb,prd1176,Overseas Equity Fund,Investment,Personal,15168.45,1,USD,branchid:11065
444f2a5e-4be1-11ea-86f5-b88a60e194fb-1,2020-01-01T14:10:31.000Z,crmid:3094437309,444f2a5e-4be1-11ea-86f5-b88a60e194fb,prd1123,Mortgage: 10 yr Fixed,Mortgage,Personal,10925.04,1,USD,branchid:11065
444fedb4-4be1-11ea-8a24-b88a60e194fb-1,2020-01-26T12:13:16.000Z,crmid:3854632039,444fedb4-4be1-11ea-8a24-b88a60e194fb,prd1153,CDs: 1 year,Investment,Personal,3766632.4,1,USD,branchid:11072
4450b124-4be1-11ea-8d59-b88a60e194fb-1,2020-01-04T12:22:45.000Z,crmid:6330570199,4450b124-4be1-11ea-8d59-b88a60e194fb,prd1028,CDs: 1 year,Investment,Personal,15020.88,1,USD,branchid:11074
44517470-4be1-11ea-a4ae-b88a60e194fb-1,2020-01-16T15:14:28.000Z,crmid:9579732923,44517470-4be1-11ea-a4ae-b88a60e194fb,prd1024,Mortgage: FHA,Mortgage,Personal,13542.34,1,USD,branchid:11085
445237b0-4be1-11ea-962a-b88a60e194fb-1,2020-01-17T08:22:56.000Z,crmid:4155514628,445237b0-4be1-11ea-962a-b88a60e194fb,prd1088,CDs: 1 year,Investment,Personal,16197.84,1,USD,branchid:11104
4482212e-4be1-11ea-8c75-b88a60e194fb-1,2020-01-02T11:27:33.000Z,crmid:9311000431,4482212e-4be1-11ea-8c75-b88a60e194fb,prd1114,CDs: 3 month,Investment,Personal,4841161.25,1,USD,branchid:11124
44835ae6-4be1-11ea-b222-b88a60e194fb-1,2020-01-20T19:33:17.000Z,crmid:4065203580,44835ae6-4be1-11ea-b222-b88a60e194fb,prd1110,Traditional IRA,Retirement,Personal,198207.22,1,USD,branchid:11022
44841e54-4be1-11ea-8256-b88a60e194fb-1,2020-01-31T06:33:02.000Z,crmid:3427035843,44841e54-4be1-11ea-8256-b88a60e194fb,prd1042,Roth IRA,Retirement,Personal,13051.91,1,USD,branchid:11139
44852e64-4be1-11ea-becd-b88a60e194fb-1,2020-01-17T08:56:14.000Z,crmid:2011695423,44852e64-4be1-11ea-becd-b88a60e194fb,prd1110,Traditional IRA,Retirement,Personal,2148435.21,1,USD,branchid:11014
448619f8-4be1-11ea-873b-b88a60e194fb-1,2020-01-19T04:25:21.000Z,crmid:5423967262,448619f8-4be1-11ea-873b-b88a60e194fb,prd1179,Business Brokerage Account,Investment,Business,10585.4,1,USD,branchid:11077
44870342-4be1-11ea-a79f-b88a60e194fb-1,2020-01-05T23:47:33.000Z,crmid:2104706703,44870342-4be1-11ea-a79f-b88a60e194fb,prd1186,Money Market,Investment,Personal,5108498.02,1,USD,branchid:11005
44881576-4be1-11ea-aa1e-b88a60e194fb-1,2020-01-12T09:21:54.000Z,crmid:8537942885,44881576-4be1-11ea-aa1e-b88a60e194fb,prd1037,Home Equity Loan,Mortgage,Personal,3163322.65,1,USD,branchid:11044
44ae3a14-4be1-11ea-9ecb-b88a60e194fb-1,2020-01-29T23:48:34.000Z,crmid:2718922535,44ae3a14-4be1-11ea-9ecb-b88a60e194fb,prd1027,Mortgage: 30-yr Fixed,Mortgage,Personal,16014.9,1,USD,branchid:11148
44af247a-4be1-11ea-8504-b88a60e194fb-1,2020-01-28T13:27:50.000Z,crmid:5196658179,44af247a-4be1-11ea-8504-b88a60e194fb,prd1045,Mortgage: 10/1 ARM,Mortgage,Personal,8983.09,1,USD,branchid:11084
44afe7be-4be1-11ea-88d9-b88a60e194fb-1,2020-01-12T18:45:39.000Z,crmid:4367960003,44afe7be-4be1-11ea-88d9-b88a60e194fb,prd1120,Mortgage: 10/1 ARM,Mortgage,Personal,14475.67,1,USD,branchid:11019
44b0d240-4be1-11ea-9a94-b88a60e194fb-1,2020-01-20T02:54:17.000Z,crmid:5025672922,44b0d240-4be1-11ea-9a94-b88a60e194fb,prd1184,Fixed Deposit,Investment,Personal,15737.93,1,USD,branchid:11048
44b1bc8c-4be1-11ea-92b6-b88a60e194fb-1,2020-01-28T10:23:55.000Z,crmid:1716126307,44b1bc8c-4be1-11ea-92b6-b88a60e194fb,prd1033,Fixed Deposit,Investment,Personal,14580.71,1,USD,branchid:11043
44b2813a-4be1-11ea-8e4c-b88a60e194fb-1,2020-01-07T17:28:36.000Z,crmid:5480483567,44b2813a-4be1-11ea-8e4c-b88a60e194fb,prd1154,Mortgage: 30-yr Fixed,Mortgage,Personal,16169.5,1,USD,branchid:11030
44b344c0-4be1-11ea-bf89-b88a60e194fb-1,2020-01-04T02:30:55.000Z,crmid:1716126307,44b344c0-4be1-11ea-bf89-b88a60e194fb,prd1179,Business Brokerage Account,Investment,Business,21757.38,1,USD,branchid:11137
44d80964-4be1-11ea-823e-b88a60e194fb-1,2020-01-26T23:40:23.000Z,crmid:9718589934,44d80964-4be1-11ea-823e-b88a60e194fb,prd1034,Home Equity Loan,Mortgage,Personal,17204.22,1,USD,branchid:11085
44d8f3b4-4be1-11ea-ad4d-b88a60e194fb-1,2020-01-03T13:34:06.000Z,crmid:5943171713,44d8f3b4-4be1-11ea-ad4d-b88a60e194fb,prd1068,Mortgage: 7/1 ARM,Mortgage,Personal,10931.53,1,USD,branchid:11027
44d9ddda-4be1-11ea-b0df-b88a60e194fb-1,2020-01-16T10:03:13.000Z,crmid:3930529984,44d9ddda-4be1-11ea-b0df-b88a60e194fb,prd1185,Mortgage: FHA,Mortgage,Personal,4004266.39,1,USD,branchid:11131
44daa128-4be1-11ea-bdcc-b88a60e194fb-1,2020-01-23T21:50:19.000Z,crmid:4946571296,44daa128-4be1-11ea-bdcc-b88a60e194fb,prd1056,CDs: 5 year,Investment,Personal,17255.96,1,USD,branchid:11037
44db8b92-4be1-11ea-9446-b88a60e194fb-1,2020-01-26T18:26:38.000Z,crmid:6888316771,44db8b92-4be1-11ea-9446-b88a60e194fb,prd1028,CDs: 1 year,Investment,Personal,183066.33,1,USD,branchid:11140
44dc4ed8-4be1-11ea-a7b0-b88a60e194fb-1,2020-01-12T12:57:51.000Z,crmid:1183075684,44dc4ed8-4be1-11ea-a7b0-b88a60e194fb,prd1148,Mortgage: 10/1 ARM,Mortgage,Personal,14905.6,1,USD,branchid:11100
44dd123a-4be1-11ea-b6e1-b88a60e194fb-1,2020-01-07T09:58:57.000Z,crmid:3881389134,44dd123a-4be1-11ea-b6e1-b88a60e194fb,prd1121,Mortgage: 30-yr Fixed,Mortgage,Personal,224412.45,1,USD,branchid:11091
4501ff82-4be1-11ea-94f3-b88a60e194fb-1,2020-01-01T12:18:21.000Z,crmid:3371788483,4501ff82-4be1-11ea-94f3-b88a60e194fb,prd1097,Employee Stock Purchase Plans,Investment,Personal,14536.32,1,USD,branchid:11137
4502e9e2-4be1-11ea-93ad-b88a60e194fb-1,2020-01-21T14:26:08.000Z,crmid:8412167747,4502e9e2-4be1-11ea-93ad-b88a60e194fb,prd1182,Brokerage Account,Investment,Personal,305517.26,1,USD,branchid:11079
4503ad14-4be1-11ea-ba5a-b88a60e194fb-1,2020-01-11T08:20:46.000Z,crmid:1749478738,4503ad14-4be1-11ea-ba5a-b88a60e194fb,prd1027,Mortgage: 30-yr Fixed,Mortgage,Personal,199745.88,1,USD,branchid:11062
450497dc-4be1-11ea-8f39-b88a60e194fb-1,2020-01-25T05:32:29.000Z,crmid:1546693487,450497dc-4be1-11ea-8f39-b88a60e194fb,prd1139,Employee Stock Purchase Plans,Investment,Personal,18248.93,1,USD,branchid:11130
4505a8e2-4be1-11ea-b4d4-b88a60e194fb-1,2020-01-15T05:23:00.000Z,crmid:2326248747,4505a8e2-4be1-11ea-b4d4-b88a60e194fb,prd1159,CDs: 3 month,Investment,Personal,15178.36,1,USD,branchid:11081
4506934c-4be1-11ea-8324-b88a60e194fb-1,2020-01-09T17:03:27.000Z,crmid:2978931628,4506934c-4be1-11ea-8324-b88a60e194fb,prd1159,CDs: 3 month,Investment,Personal,4200432.54,1,USD,branchid:11121
4507a492-4be1-11ea-9d7d-b88a60e194fb-1,2020-01-08T02:52:32.000Z,crmid:4752528505,4507a492-4be1-11ea-9d7d-b88a60e194fb,prd1014,CDs: 3 month,Investment,Personal,10962.0,1,USD,branchid:11079
452e8eee-4be1-11ea-a106-b88a60e194fb-1,2020-01-22T21:06:28.000Z,crmid:2030003014,452e8eee-4be1-11ea-a106-b88a60e194fb,prd1121,Mortgage: 30-yr Fixed,Mortgage,Personal,4451890.68,1,USD,branchid:11029
452f5246-4be1-11ea-9277-b88a60e194fb-1,2020-01-30T13:44:47.000Z,crmid:8036061615,452f5246-4be1-11ea-9277-b88a60e194fb,prd1045,Mortgage: 10/1 ARM,Mortgage,Personal,17628.35,1,USD,branchid:11055
45303b28-4be1-11ea-88b6-b88a60e194fb-1,2020-01-22T06:23:09.000Z,crmid:9128864028,45303b28-4be1-11ea-88b6-b88a60e194fb,prd1046,Mortgage: VA,Mortgage,Personal,239046.35,1,USD,branchid:11108
45312758-4be1-11ea-a443-b88a60e194fb-1,2020-01-04T06:01:57.000Z,crmid:2848216655,45312758-4be1-11ea-a443-b88a60e194fb,prd1176,Overseas Equity Fund,Investment,Personal,14488.55,1,USD,branchid:11139
4531ea40-4be1-11ea-b75a-b88a60e194fb-1,2020-01-01T15:33:20.000Z,crmid:5602246360,4531ea40-4be1-11ea-b75a-b88a60e194fb,prd1112,Fixed Deposit,Investment,Personal,13676.15,1,USD,branchid:11051
4532adba-4be1-11ea-84e6-b88a60e194fb-1,2020-01-19T16:16:49.000Z,crmid:6856219374,4532adba-4be1-11ea-84e6-b88a60e194fb,prd1108,401k,Retirement,Personal,9922.43,1,USD,branchid:11121
453370dc-4be1-11ea-93de-b88a60e194fb-1,2020-01-23T04:43:39.000Z,crmid:6398486810,453370dc-4be1-11ea-93de-b88a60e194fb,prd1151,Mortgage: 10 yr Fixed,Mortgage,Personal,186112.02,1,USD,branchid:11130
455c2e9e-4be1-11ea-b2b6-b88a60e194fb-1,2020-01-20T09:45:07.000Z,crmid:1992202020,455c2e9e-4be1-11ea-b2b6-b88a60e194fb,prd1025,Brokerage Account,Investment,Personal,12007.77,1,USD,branchid:11140
455d18de-4be1-11ea-99fc-b88a60e194fb-1,2020-01-14T10:33:58.000Z,crmid:2019046736,455d18de-4be1-11ea-99fc-b88a60e194fb,prd1179,Business Brokerage Account,Investment,Business,243402.32,1,USD,branchid:11109
455ddadc-4be1-11ea-9683-b88a60e194fb-1,2020-01-05T11:29:29.000Z,crmid:6099322377,455ddadc-4be1-11ea-9683-b88a60e194fb,prd1189,Overseas Equity Fund,Investment,Personal,3857041.19,1,USD,branchid:11113
455ec52c-4be1-11ea-8f4d-b88a60e194fb-1,2020-01-13T00:14:05.000Z,crmid:2526921794,455ec52c-4be1-11ea-8f4d-b88a60e194fb,prd1131,Employee Stock Purchase Plans,Investment,Personal,215609.9,1,USD,branchid:11043
455f62d2-4be1-11ea-a443-b88a60e194fb-1,2020-01-22T06:59:08.000Z,crmid:2392453595,455f62d2-4be1-11ea-a443-b88a60e194fb,prd1064,CDs: 3 month,Investment,Personal,17219.41,1,USD,branchid:11095
45604d26-4be1-11ea-9530-b88a60e194fb-1,2020-01-16T20:59:49.000Z,crmid:7837758129,45604d26-4be1-11ea-9530-b88a60e194fb,prd1045,Mortgage: 10/1 ARM,Mortgage,Personal,11059.25,1,USD,branchid:11105
45613628-4be1-11ea-a50a-b88a60e194fb-1,2020-01-01T07:52:32.000Z,crmid:4460001620,45613628-4be1-11ea-a50a-b88a60e194fb,prd1183,Fixed Deposit,Investment,Personal,159760.78,1,USD,branchid:11123
4587360c-4be1-11ea-8f2e-b88a60e194fb-1,2020-01-26T19:56:49.000Z,crmid:5402857795,4587360c-4be1-11ea-8f2e-b88a60e194fb,prd1025,Brokerage Account,Investment,Personal,15150.1,1,USD,branchid:11055
4587f94c-4be1-11ea-8f3d-b88a60e194fb-1,2020-01-04T09:40:36.000Z,crmid:6864746269,4587f94c-4be1-11ea-8f3d-b88a60e194fb,prd1026,Mortgage: 5/1 ARM,Mortgage,Personal,15418.85,1,USD,branchid:11069
4588bc9e-4be1-11ea-a6d5-b88a60e194fb-1,2020-01-24T16:32:24.000Z,crmid:6305330121,4588bc9e-4be1-11ea-a6d5-b88a60e194fb,prd1060,Traditional IRA,Retirement,Personal,14535.84,1,USD,branchid:11022
45897ff8-4be1-11ea-8bfe-b88a60e194fb-1,2020-01-07T13:12:49.000Z,crmid:1949095316,45897ff8-4be1-11ea-8bfe-b88a60e194fb,prd1078,Mortgage: 7/1 ARM,Mortgage,Personal,10085.14,1,USD,branchid:11140
458a4328-4be1-11ea-bd17-b88a60e194fb-1,2020-01-14T23:45:05.000Z,crmid:5854098974,458a4328-4be1-11ea-bd17-b88a60e194fb,prd1035,Pension Account,Retirement,Personal,19286.44,1,USD,branchid:11075
458b5346-4be1-11ea-9ca0-b88a60e194fb-1,2020-01-01T11:54:25.000Z,crmid:7094018310,458b5346-4be1-11ea-9ca0-b88a60e194fb,prd1159,CDs: 3 month,Investment,Personal,17180.89,1,USD,branchid:11131
458c3f18-4be1-11ea-9179-b88a60e194fb-1,2020-01-12T23:28:57.000Z,crmid:8650030395,458c3f18-4be1-11ea-9179-b88a60e194fb,prd1064,CDs: 3 month,Investment,Personal,10645.7,1,USD,branchid:11008
45b41264-4be1-11ea-8745-b88a60e194fb-1,2020-01-15T11:44:04.000Z,crmid:9278412206,45b41264-4be1-11ea-8745-b88a60e194fb,prd1174,Traditional IRA,Retirement,Personal,10216.46,1,USD,branchid:11121
45b4fc9e-4be1-11ea-85fe-b88a60e194fb-1,2020-01-23T13:22:30.000Z,crmid:6359618501,45b4fc9e-4be1-11ea-85fe-b88a60e194fb,prd1148,Mortgage: 10/1 ARM,Mortgage,Personal,11302.9,1,USD,branchid:11057
45b5beb4-4be1-11ea-bcbf-b88a60e194fb-1,2020-01-17T09:00:16.000Z,crmid:8702280935,45b5beb4-4be1-11ea-bcbf-b88a60e194fb,prd1150,Money Market,Investment,Personal,14127.45,1,USD,branchid:11117
45b6aa40-4be1-11ea-8ea2-b88a60e194fb-1,2020-01-09T02:09:49.000Z,crmid:9948821986,45b6aa40-4be1-11ea-8ea2-b88a60e194fb,prd1073,Business Brokerage Account,Investment,Business,218127.64,1,USD,branchid:11099
45b794b8-4be1-11ea-80d9-b88a60e194fb-1,2020-01-20T05:28:31.000Z,crmid:8687273749,45b794b8-4be1-11ea-80d9-b88a60e194fb,prd1186,Money Market,Investment,Personal,4880242.45,1,USD,branchid:11062
45b830da-4be1-11ea-bbe4-b88a60e194fb-1,2020-01-12T14:46:55.000Z,crmid:6180811670,45b830da-4be1-11ea-bbe4-b88a60e194fb,prd1148,Mortgage: 10/1 ARM,Mortgage,Personal,15344.46,1,USD,branchid:11000
45b91a1a-4be1-11ea-b73f-b88a60e194fb-1,2020-01-16T19:51:05.000Z,crmid:3678702233,45b91a1a-4be1-11ea-b73f-b88a60e194fb,prd1024,Mortgage: FHA,Mortgage,Personal,77573.12,1,USD,branchid:11118
45e05266-4be1-11ea-9fe8-b88a60e194fb-1,2020-01-10T20:57:12.000Z,crmid:6947952255,45e05266-4be1-11ea-9fe8-b88a60e194fb,prd1035,Pension Account,Retirement,Personal,204454.51,1,USD,branchid:11150
45e11462-4be1-11ea-87e2-b88a60e194fb-1,2020-01-07T09:37:52.000Z,crmid:9164626548,45e11462-4be1-11ea-87e2-b88a60e194fb,prd1008,Traditional IRA,Retirement,Personal,291928.06,1,USD,branchid:11038
45e1ff54-4be1-11ea-8ec4-b88a60e194fb-1,2020-01-12T15:37:56.000Z,crmid:8295647358,45e1ff54-4be1-11ea-8ec4-b88a60e194fb,prd1008,Traditional IRA,Retirement,Personal,4143283.81,1,USD,branchid:11095
45e31106-4be1-11ea-87dc-b88a60e194fb-1,2020-01-14T06:58:28.000Z,crmid:5057542927,45e31106-4be1-11ea-87dc-b88a60e194fb,prd1026,Mortgage: 5/1 ARM,Mortgage,Personal,14552.83,1,USD,branchid:11081
45e3ad68-4be1-11ea-b6d7-b88a60e194fb-1,2020-01-11T02:24:29.000Z,crmid:2154295288,45e3ad68-4be1-11ea-b6d7-b88a60e194fb,prd1174,Traditional IRA,Retirement,Personal,10857.32,1,USD,branchid:11064
45e496c6-4be1-11ea-bb15-b88a60e194fb-1,2020-01-14T20:10:00.000Z,crmid:9385316156,45e496c6-4be1-11ea-bb15-b88a60e194fb,prd1189,Overseas Equity Fund,Investment,Personal,231136.71,1,USD,branchid:11053
45e58118-4be1-11ea-be92-b88a60e194fb-1,2020-01-11T00:13:12.000Z,crmid:8214971131,45e58118-4be1-11ea-be92-b88a60e194fb,prd1176,Overseas Equity Fund,Investment,Personal,262456.96,1,USD,branchid:11100
460c913a-4be1-11ea-b2f7-b88a60e194fb-1,2020-01-26T14:47:22.000Z,crmid:1160575422,460c913a-4be1-11ea-b2f7-b88a60e194fb,prd1112,Fixed Deposit,Investment,Personal,16015.65,1,USD,branchid:11037
460d548c-4be1-11ea-b45c-b88a60e194fb-1,2020-01-11T12:42:27.000Z,crmid:9396186087,460d548c-4be1-11ea-b45c-b88a60e194fb,prd1087,Overseas Equity Fund,Investment,Personal,4007129.71,1,USD,branchid:11061
460e3ef8-4be1-11ea-a80c-b88a60e194fb-1,2020-01-11T20:56:53.000Z,crmid:5850747641,460e3ef8-4be1-11ea-a80c-b88a60e194fb,prd1021,CDs: 5 year,Investment,Personal,265717.94,1,USD,branchid:11130
460f292e-4be1-11ea-84ce-b88a60e194fb-1,2020-01-21T05:16:49.000Z,crmid:8409990115,460f292e-4be1-11ea-84ce-b88a60e194fb,prd1144,Home Equity Loan,Mortgage,Personal,11811.25,1,USD,branchid:11056
460fed8a-4be1-11ea-bdb0-b88a60e194fb-1,2020-01-08T22:12:48.000Z,crmid:5723861182,460fed8a-4be1-11ea-bdb0-b88a60e194fb,prd1041,Mortgage: 7/1 ARM,Mortgage,Personal,10369.5,1,USD,branchid:11038
4610d79c-4be1-11ea-8b4d-b88a60e194fb-1,2020-01-20T16:53:07.000Z,crmid:9121063484,4610d79c-4be1-11ea-8b4d-b88a60e194fb,prd1101,Mortgage: 5/1 ARM,Mortgage,Personal,238250.14,1,USD,branchid:11120
46119bb4-4be1-11ea-b5d7-b88a60e194fb-1,2020-01-31T07:37:22.000Z,crmid:2146321347,46119bb4-4be1-11ea-b5d7-b88a60e194fb,prd1182,Brokerage Account,Investment,Personal,171578.73,1,USD,branchid:11096
46385be4-4be1-11ea-92fd-b88a60e194fb-1,2020-01-29T18:01:19.000Z,crmid:6658190946,46385be4-4be1-11ea-92fd-b88a60e194fb,prd1120,Mortgage: 10/1 ARM,Mortgage,Personal,10763.15,1,USD,branchid:11090
463994ca-4be1-11ea-9192-b88a60e194fb-1,2020-01-08T08:00:57.000Z,crmid:4475244125,463994ca-4be1-11ea-9192-b88a60e194fb,prd1181,Mortgage: 5/1 ARM,Mortgage,Personal,15277.4,1,USD,branchid:11145
463accec-4be1-11ea-9e14-b88a60e194fb-1,2020-01-02T00:46:29.000Z,crmid:5141852629,463accec-4be1-11ea-9e14-b88a60e194fb,prd1125,Mortgage: FHA,Mortgage,Personal,17589.33,1,USD,branchid:11074
463bb758-4be1-11ea-997a-b88a60e194fb-1,2020-01-08T07:36:11.000Z,crmid:4560291381,463bb758-4be1-11ea-997a-b88a60e194fb,prd1165,Roth IRA,Retirement,Personal,167733.14,1,USD,branchid:11107
463c7b7a-4be1-11ea-9b76-b88a60e194fb-1,2020-01-22T10:10:59.000Z,crmid:8119104409,463c7b7a-4be1-11ea-9b76-b88a60e194fb,prd1155,CDs: 5 year,Investment,Personal,135382.55,1,USD,branchid:11021
463d3f4c-4be1-11ea-b780-b88a60e194fb-1,2020-01-15T04:13:12.000Z,crmid:6684308389,463d3f4c-4be1-11ea-b780-b88a60e194fb,prd1027,Mortgage: 30-yr Fixed,Mortgage,Personal,4111618.13,1,USD,branchid:11102
463e293e-4be1-11ea-a816-b88a60e194fb-1,2020-01-28T10:23:01.000Z,crmid:3127484610,463e293e-4be1-11ea-a816-b88a60e194fb,prd1021,CDs: 5 year,Investment,Personal,310505.32,1,USD,branchid:11000
466587c6-4be1-11ea-b5c0-b88a60e194fb-1,2020-01-17T15:47:37.000Z,crmid:4717254107,466587c6-4be1-11ea-b5c0-b88a60e194fb,prd1172,Employee Stock Purchase Plans,Investment,Personal,11958.24,1,USD,branchid:11074
4666721a-4be1-11ea-99c0-b88a60e194fb-1,2020-01-04T18:40:26.000Z,crmid:1517608433,4666721a-4be1-11ea-99c0-b88a60e194fb,prd1181,Mortgage: 5/1 ARM,Mortgage,Personal,13417.1,1,USD,branchid:11113
46673564-4be1-11ea-ac2c-b88a60e194fb-1,2020-01-17T11:13:51.000Z,crmid:6513273158,46673564-4be1-11ea-ac2c-b88a60e194fb,prd1053,Mortgage: VA,Mortgage,Personal,282930.7,1,USD,branchid:11056
46681e98-4be1-11ea-addf-b88a60e194fb-1,2020-01-11T16:30:55.000Z,crmid:3708610074,46681e98-4be1-11ea-addf-b88a60e194fb,prd1117,Brokerage Account,Investment,Personal,13567.52,1,USD,branchid:11001
466908c6-4be1-11ea-8359-b88a60e194fb-1,2020-01-07T20:31:49.000Z,crmid:1771807952,466908c6-4be1-11ea-8359-b88a60e194fb,prd1073,Business Brokerage Account,Investment,Business,18605.04,1,USD,branchid:11093
4669f440-4be1-11ea-8e53-b88a60e194fb-1,2020-01-31T09:39:57.000Z,crmid:9213560575,4669f440-4be1-11ea-8e53-b88a60e194fb,prd1174,Traditional IRA,Retirement,Personal,3248064.43,1,USD,branchid:11025
466ab792-4be1-11ea-8a9a-b88a60e194fb-1,2020-01-16T14:52:42.000Z,crmid:4276564489,466ab792-4be1-11ea-8a9a-b88a60e194fb,prd1115,Mortgage: VA,Mortgage,Personal,4575006.58,1,USD,branchid:11102
4691eefa-4be1-11ea-a2b6-b88a60e194fb-1,2020-01-26T03:19:12.000Z,crmid:3574098489,4691eefa-4be1-11ea-a2b6-b88a60e194fb,prd1120,Mortgage: 10/1 ARM,Mortgage,Personal,215906.2,1,USD,branchid:11063
4692d7da-4be1-11ea-8e88-b88a60e194fb-1,2020-01-07T19:44:42.000Z,crmid:9121198840,4692d7da-4be1-11ea-8e88-b88a60e194fb,prd1167,Roth IRA,Retirement,Personal,272454.39,1,USD,branchid:11133
46939b3a-4be1-11ea-8732-b88a60e194fb-1,2020-01-16T18:07:14.000Z,crmid:2511438670,46939b3a-4be1-11ea-8732-b88a60e194fb,prd1101,Mortgage: 5/1 ARM,Mortgage,Personal,141821.93,1,USD,branchid:11075
46948740-4be1-11ea-9db6-b88a60e194fb-1,2020-01-27T16:11:21.000Z,crmid:2938700051,46948740-4be1-11ea-9db6-b88a60e194fb,prd1115,Mortgage: VA,Mortgage,Personal,19040.93,1,USD,branchid:11055
4695232e-4be1-11ea-805f-b88a60e194fb-1,2020-01-03T18:36:32.000Z,crmid:4809526423,4695232e-4be1-11ea-805f-b88a60e194fb,prd1144,Home Equity Loan,Mortgage,Personal,13824.48,1,USD,branchid:11081
46960d9c-4be1-11ea-b255-b88a60e194fb-1,2020-01-30T11:32:05.000Z,crmid:4574157941,46960d9c-4be1-11ea-b255-b88a60e194fb,prd1053,Mortgage: VA,Mortgage,Personal,18440.27,1,USD,branchid:11080
4696d0ae-4be1-11ea-a03a-b88a60e194fb-1,2020-01-07T16:25:34.000Z,crmid:5312585733,4696d0ae-4be1-11ea-a03a-b88a60e194fb,prd1042,Roth IRA,Retirement,Personal,12915.73,1,USD,branchid:11117
46be5492-4be1-11ea-b5e5-b88a60e194fb-1,2020-01-03T12:16:07.000Z,crmid:5502983866,46be5492-4be1-11ea-b5e5-b88a60e194fb,prd1157,Brokerage Account,Investment,Personal,17389.09,1,USD,branchid:11029
46bf1940-4be1-11ea-ab27-b88a60e194fb-1,2020-01-17T20:29:37.000Z,crmid:3602622021,46bf1940-4be1-11ea-ab27-b88a60e194fb,prd1027,Mortgage: 30-yr Fixed,Mortgage,Personal,242553.14,1,USD,branchid:11071
46bfdc92-4be1-11ea-ba71-b88a60e194fb-1,2020-01-03T20:24:01.000Z,crmid:4022641917,46bfdc92-4be1-11ea-ba71-b88a60e194fb,prd1088,CDs: 1 year,Investment,Personal,207743.16,1,USD,branchid:11056
46c0c5ca-4be1-11ea-a05d-b88a60e194fb-1,2020-01-31T20:29:56.000Z,crmid:5085915177,46c0c5ca-4be1-11ea-a05d-b88a60e194fb,prd1150,Money Market,Investment,Personal,11269.68,1,USD,branchid:11037
46c1b10c-4be1-11ea-b14e-b88a60e194fb-1,2020-01-24T00:07:11.000Z,crmid:9107525497,46c1b10c-4be1-11ea-b14e-b88a60e194fb,prd1088,CDs: 1 year,Investment,Personal,11784.81,1,USD,branchid:11031
46c24d8c-4be1-11ea-a683-b88a60e194fb-1,2020-01-03T05:07:18.000Z,crmid:4376416915,46c24d8c-4be1-11ea-a683-b88a60e194fb,prd1087,Overseas Equity Fund,Investment,Personal,18289.94,1,USD,branchid:11140
46c33738-4be1-11ea-b431-b88a60e194fb-1,2020-01-14T16:27:32.000Z,crmid:4002004497,46c33738-4be1-11ea-b431-b88a60e194fb,prd1033,Fixed Deposit,Investment,Personal,15558.02,1,USD,branchid:11054
46eb581c-4be1-11ea-8a70-b88a60e194fb-1,2020-01-08T11:51:34.000Z,crmid:7284373946,46eb581c-4be1-11ea-8a70-b88a60e194fb,prd1034,Home Equity Loan,Mortgage,Personal,14505.6,1,USD,branchid:11037
46ec4280-4be1-11ea-af57-b88a60e194fb-1,2020-01-01T18:54:49.000Z,crmid:5475891932,46ec4280-4be1-11ea-af57-b88a60e194fb,prd1186,Money Market,Investment,Personal,9321.44,1,USD,branchid:11148
46ecdebe-4be1-11ea-a663-b88a60e194fb-1,2020-01-03T19:24:47.000Z,crmid:7025843687,46ecdebe-4be1-11ea-a663-b88a60e194fb,prd1025,Brokerage Account,Investment,Personal,147796.06,1,USD,branchid:11001
46edf00c-4be1-11ea-93db-b88a60e194fb-1,2020-01-02T14:52:33.000Z,crmid:3944291058,46edf00c-4be1-11ea-93db-b88a60e194fb,prd1123,Mortgage: 10 yr Fixed,Mortgage,Personal,4263668.54,1,USD,branchid:11074
46eeb35e-4be1-11ea-b6e1-b88a60e194fb-1,2020-01-27T04:58:59.000Z,crmid:7889488192,46eeb35e-4be1-11ea-b6e1-b88a60e194fb,prd1117,Brokerage Account,Investment,Personal,187169.52,1,USD,branchid:11038
46ef9dba-4be1-11ea-9ab7-b88a60e194fb-1,2020-01-09T03:28:09.000Z,crmid:1438053541,46ef9dba-4be1-11ea-9ab7-b88a60e194fb,prd1159,CDs: 3 month,Investment,Personal,297005.11,1,USD,branchid:11085
46f0af40-4be1-11ea-8fdc-b88a60e194fb-1,2020-01-03T14:42:00.000Z,crmid:3319910655,46f0af40-4be1-11ea-8fdc-b88a60e194fb,prd1117,Brokerage Account,Investment,Personal,13401.82,1,USD,branchid:11098
47183430-4be1-11ea-8499-b88a60e194fb-1,2020-01-25T19:44:19.000Z,crmid:4361447438,47183430-4be1-11ea-8499-b88a60e194fb,prd1154,Mortgage: 30-yr Fixed,Mortgage,Personal,16810.11,1,USD,branchid:11037
47191e92-4be1-11ea-8a94-b88a60e194fb-1,2020-01-09T16:11:04.000Z,crmid:1799485129,47191e92-4be1-11ea-8a94-b88a60e194fb,prd1114,CDs: 3 month,Investment,Personal,17217.5,1,USD,branchid:11147
4719e1dc-4be1-11ea-9bd9-b88a60e194fb-1,2020-01-09T17:02:24.000Z,crmid:9636830451,4719e1dc-4be1-11ea-9bd9-b88a60e194fb,prd1008,Traditional IRA,Retirement,Personal,14723.64,1,USD,branchid:11041
471aa52c-4be1-11ea-922d-b88a60e194fb-1,2020-01-16T18:17:37.000Z,crmid:9145636534,471aa52c-4be1-11ea-922d-b88a60e194fb,prd1060,Traditional IRA,Retirement,Personal,11356.94,1,USD,branchid:11149
471b8f8a-4be1-11ea-96c4-b88a60e194fb-1,2020-01-19T02:35:40.000Z,crmid:9114050591,471b8f8a-4be1-11ea-96c4-b88a60e194fb,prd1024,Mortgage: FHA,Mortgage,Personal,17016.54,1,USD,branchid:11115
471c52d8-4be1-11ea-aa7a-b88a60e194fb-1,2020-01-31T00:41:08.000Z,crmid:7513854736,471c52d8-4be1-11ea-aa7a-b88a60e194fb,prd1165,Roth IRA,Retirement,Personal,127110.46,1,USD,branchid:11122
471d1624-4be1-11ea-9357-b88a60e194fb-1,2020-01-12T06:02:22.000Z,crmid:8259000971,471d1624-4be1-11ea-9357-b88a60e194fb,prd1155,CDs: 5 year,Investment,Personal,130687.23,1,USD,branchid:11115
47444eac-4be1-11ea-a091-b88a60e194fb-1,2020-01-16T14:45:17.000Z,crmid:1257611416,47444eac-4be1-11ea-a091-b88a60e194fb,prd1129,Mortgage: 10/1 ARM,Mortgage,Personal,17802.74,1,USD,branchid:11007
4745119a-4be1-11ea-8692-b88a60e194fb-1,2020-01-08T07:36:48.000Z,crmid:5837203107,4745119a-4be1-11ea-8692-b88a60e194fb,prd1186,Money Market,Investment,Personal,16111.02,1,USD,branchid:11140
4745d500-4be1-11ea-8919-b88a60e194fb-1,2020-01-02T15:17:43.000Z,crmid:1345165541,4745d500-4be1-11ea-8919-b88a60e194fb,prd1189,Overseas Equity Fund,Investment,Personal,14359.49,1,USD,branchid:11038
4746be58-4be1-11ea-9bea-b88a60e194fb-1,2020-01-22T09:22:01.000Z,crmid:5731331992,4746be58-4be1-11ea-9bea-b88a60e194fb,prd1060,Traditional IRA,Retirement,Personal,16438.62,1,USD,branchid:11073
4747817e-4be1-11ea-b72b-b88a60e194fb-1,2020-01-28T05:56:28.000Z,crmid:9312491020,4747817e-4be1-11ea-b72b-b88a60e194fb,prd1064,CDs: 3 month,Investment,Personal,215876.42,1,USD,branchid:11100
474844c0-4be1-11ea-a020-b88a60e194fb-1,2020-01-13T23:12:40.000Z,crmid:9321616715,474844c0-4be1-11ea-a020-b88a60e194fb,prd1061,Mortgage: 5/1 ARM,Mortgage,Personal,15188.12,1,USD,branchid:11102
47492f7a-4be1-11ea-b07e-b88a60e194fb-1,2020-01-23T01:39:18.000Z,crmid:2335720083,47492f7a-4be1-11ea-b07e-b88a60e194fb,prd1173,Money Market,Investment,Personal,214080.68,1,USD,branchid:11139
4771ecd2-4be1-11ea-97b4-b88a60e194fb-1,2020-01-03T21:19:28.000Z,crmid:6890541923,4771ecd2-4be1-11ea-97b4-b88a60e194fb,prd1110,Traditional IRA,Retirement,Personal,15156.83,1,USD,branchid:11140
4772d740-4be1-11ea-89a0-b88a60e194fb-1,2020-01-22T00:19:37.000Z,crmid:7810127727,4772d740-4be1-11ea-89a0-b88a60e194fb,prd1108,401k,Retirement,Personal,4093980.98,1,USD,branchid:11040
47739a8c-4be1-11ea-967f-b88a60e194fb-1,2020-01-09T15:53:38.000Z,crmid:8931378835,47739a8c-4be1-11ea-967f-b88a60e194fb,prd1144,Home Equity Loan,Mortgage,Personal,3502654.28,1,USD,branchid:11043
4774ad58-4be1-11ea-b06f-b88a60e194fb-1,2020-01-06T13:07:53.000Z,crmid:8781250686,4774ad58-4be1-11ea-b06f-b88a60e194fb,prd1123,Mortgage: 10 yr Fixed,Mortgage,Personal,14867.46,1,USD,branchid:11033
477570a4-4be1-11ea-87ac-b88a60e194fb-1,2020-01-07T08:33:48.000Z,crmid:3896471205,477570a4-4be1-11ea-87ac-b88a60e194fb,prd1148,Mortgage: 10/1 ARM,Mortgage,Personal,13489.67,1,USD,branchid:11005
477659ca-4be1-11ea-8a9d-b88a60e194fb-1,2020-01-09T07:26:27.000Z,crmid:1493110457,477659ca-4be1-11ea-8a9d-b88a60e194fb,prd1049,Business Brokerage Account,Investment,Business,187818.12,1,USD,branchid:11095
47771ce2-4be1-11ea-8002-b88a60e194fb-1,2020-01-02T20:14:35.000Z,crmid:1448477313,47771ce2-4be1-11ea-8002-b88a60e194fb,prd1060,Traditional IRA,Retirement,Personal,234496.54,1,USD,branchid:11017
479d1b76-4be1-11ea-bb83-b88a60e194fb-1,2020-01-18T06:36:09.000Z,crmid:8481140544,479d1b76-4be1-11ea-bb83-b88a60e194fb,prd1087,Overseas Equity Fund,Investment,Personal,14947.4,1,USD,branchid:11079
479ddeac-4be1-11ea-8825-b88a60e194fb-1,2020-01-03T15:18:05.000Z,crmid:6787321087,479ddeac-4be1-11ea-8825-b88a60e194fb,prd1153,CDs: 1 year,Investment,Personal,210367.38,1,USD,branchid:11090
479ea202-4be1-11ea-956c-b88a60e194fb-1,2020-01-11T01:53:07.000Z,crmid:3059567289,479ea202-4be1-11ea-956c-b88a60e194fb,prd1037,Home Equity Loan,Mortgage,Personal,238345.83,1,USD,branchid:11146
479f8df6-4be1-11ea-9532-b88a60e194fb-1,2020-01-17T09:29:25.000Z,crmid:5018417963,479f8df6-4be1-11ea-9532-b88a60e194fb,prd1125,Mortgage: FHA,Mortgage,Personal,18633.96,1,USD,branchid:11114
47a0511c-4be1-11ea-b3ab-b88a60e194fb-1,2020-01-17T20:34:13.000Z,crmid:5470290801,47a0511c-4be1-11ea-b3ab-b88a60e194fb,prd1032,Home Equity Loan,Mortgage,Personal,14209.4,1,USD,branchid:11135
47a11476-4be1-11ea-97f1-b88a60e194fb-1,2020-01-16T14:59:22.000Z,crmid:6317597679,47a11476-4be1-11ea-97f1-b88a60e194fb,prd1101,Mortgage: 5/1 ARM,Mortgage,Personal,219652.85,1,USD,branchid:11091
47a1d7ee-4be1-11ea-98f8-b88a60e194fb-1,2020-01-20T03:00:59.000Z,crmid:6886271715,47a1d7ee-4be1-11ea-98f8-b88a60e194fb,prd1028,CDs: 1 year,Investment,Personal,20118.48,1,USD,branchid:11139
47cb7e9a-4be1-11ea-b9d6-b88a60e194fb-1,2020-01-26T23:59:49.000Z,crmid:7714794942,47cb7e9a-4be1-11ea-b9d6-b88a60e194fb,prd1042,Roth IRA,Retirement,Personal,260285.22,1,USD,branchid:11087
47cc4312-4be1-11ea-bf31-b88a60e194fb-1,2020-01-26T02:48:48.000Z,crmid:6869192929,47cc4312-4be1-11ea-bf31-b88a60e194fb,prd1139,Employee Stock Purchase Plans,Investment,Personal,4365453.77,1,USD,branchid:11059
47cd2c14-4be1-11ea-a53a-b88a60e194fb-1,2020-01-27T19:03:17.000Z,crmid:2300626331,47cd2c14-4be1-11ea-a53a-b88a60e194fb,prd1117,Brokerage Account,Investment,Personal,15169.12,1,USD,branchid:11045
47cdef70-4be1-11ea-987f-b88a60e194fb-1,2020-01-08T22:16:34.000Z,crmid:6189783697,47cdef70-4be1-11ea-987f-b88a60e194fb,prd1165,Roth IRA,Retirement,Personal,135645.16,1,USD,branchid:11024
47ced9be-4be1-11ea-941a-b88a60e194fb-1,2020-01-04T13:48:11.000Z,crmid:2344640120,47ced9be-4be1-11ea-941a-b88a60e194fb,prd1053,Mortgage: VA,Mortgage,Personal,18579.26,1,USD,branchid:11130
47cfc43e-4be1-11ea-9947-b88a60e194fb-1,2020-01-23T18:08:56.000Z,crmid:4691265849,47cfc43e-4be1-11ea-9947-b88a60e194fb,prd1157,Brokerage Account,Investment,Personal,219073.23,1,USD,branchid:11017
47d0ae6c-4be1-11ea-84a4-b88a60e194fb-1,2020-01-26T15:18:25.000Z,crmid:2286199448,47d0ae6c-4be1-11ea-84a4-b88a60e194fb,prd1182,Brokerage Account,Investment,Personal,17299.79,1,USD,branchid:11069
47f80e24-4be1-11ea-a165-b88a60e194fb-1,2020-01-12T21:19:30.000Z,crmid:6831761177,47f80e24-4be1-11ea-a165-b88a60e194fb,prd1165,Roth IRA,Retirement,Personal,14269.22,1,USD,branchid:11047
47f8d01c-4be1-11ea-8d61-b88a60e194fb-1,2020-01-21T07:16:27.000Z,crmid:6724845212,47f8d01c-4be1-11ea-8d61-b88a60e194fb,prd1033,Fixed Deposit,Investment,Personal,21402.46,1,USD,branchid:11048
47f99402-4be1-11ea-a534-b88a60e194fb-1,2020-01-06T01:55:37.000Z,crmid:6946042337,47f99402-4be1-11ea-a534-b88a60e194fb,prd1167,Roth IRA,Retirement,Personal,17578.61,1,USD,branchid:11032
47fa57e4-4be1-11ea-93ef-b88a60e194fb-1,2020-01-25T10:05:50.000Z,crmid:6265184286,47fa57e4-4be1-11ea-93ef-b88a60e194fb,prd1181,Mortgage: 5/1 ARM,Mortgage,Personal,4817773.28,1,USD,branchid:11135
47fb40fe-4be1-11ea-b23e-b88a60e194fb-1,2020-01-22T21:01:35.000Z,crmid:2345559311,47fb40fe-4be1-11ea-b23e-b88a60e194fb,prd1035,Pension Account,Retirement,Personal,15100.44,1,USD,branchid:11128
47fc2bca-4be1-11ea-8178-b88a60e194fb-1,2020-01-19T21:41:28.000Z,crmid:8599075912,47fc2bca-4be1-11ea-8178-b88a60e194fb,prd1042,Roth IRA,Retirement,Personal,15570.58,1,USD,branchid:11021
47fcee8c-4be1-11ea-99b1-b88a60e194fb-1,2020-01-15T01:48:27.000Z,crmid:7651777398,47fcee8c-4be1-11ea-99b1-b88a60e194fb,prd1154,Mortgage: 30-yr Fixed,Mortgage,Personal,203974.58,1,USD,branchid:11149
482732ca-4be1-11ea-b4e5-b88a60e194fb-1,2020-01-10T22:33:16.000Z,crmid:4121847655,482732ca-4be1-11ea-b4e5-b88a60e194fb,prd1028,CDs: 1 year,Investment,Personal,11434.5,1,USD,branchid:11145
48281d24-4be1-11ea-a668-b88a60e194fb-1,2020-01-09T06:21:32.000Z,crmid:1965179024,48281d24-4be1-11ea-a668-b88a60e194fb,prd1115,Mortgage: VA,Mortgage,Personal,246638.73,1,USD,branchid:11080
4829079c-4be1-11ea-a1c5-b88a60e194fb-1,2020-01-05T04:20:42.000Z,crmid:1720409757,4829079c-4be1-11ea-a1c5-b88a60e194fb,prd1155,CDs: 5 year,Investment,Personal,9949.23,1,USD,branchid:11106
4829cad0-4be1-11ea-904a-b88a60e194fb-1,2020-01-08T04:57:23.000Z,crmid:4489175130,4829cad0-4be1-11ea-904a-b88a60e194fb,prd1185,Mortgage: FHA,Mortgage,Personal,11099.36,1,USD,branchid:11033
482a8e18-4be1-11ea-8589-b88a60e194fb-1,2020-01-22T10:26:07.000Z,crmid:6765742198,482a8e18-4be1-11ea-8589-b88a60e194fb,prd1014,CDs: 3 month,Investment,Personal,192139.31,1,USD,branchid:11112
482b7882-4be1-11ea-b157-b88a60e194fb-1,2020-01-08T04:30:02.000Z,crmid:6088596877,482b7882-4be1-11ea-b157-b88a60e194fb,prd1026,Mortgage: 5/1 ARM,Mortgage,Personal,9887.05,1,USD,branchid:11033
482c3bd0-4be1-11ea-aae7-b88a60e194fb-1,2020-01-15T22:15:53.000Z,crmid:2454921476,482c3bd0-4be1-11ea-aae7-b88a60e194fb,prd1121,Mortgage: 30-yr Fixed,Mortgage,Personal,15833.52,1,USD,branchid:11101
485324a8-4be1-11ea-9829-b88a60e194fb-1,2020-01-26T19:04:44.000Z,crmid:4017818346,485324a8-4be1-11ea-9829-b88a60e194fb,prd1114,CDs: 3 month,Investment,Personal,12864.21,1,USD,branchid:11017
4853e952-4be1-11ea-8f88-b88a60e194fb-1,2020-01-24T05:31:08.000Z,crmid:6676568195,4853e952-4be1-11ea-8f88-b88a60e194fb,prd1173,Money Market,Investment,Personal,184054.73,1,USD,branchid:11134
4854d3be-4be1-11ea-8328-b88a60e194fb-1,2020-01-17T03:31:26.000Z,crmid:5834117667,4854d3be-4be1-11ea-8328-b88a60e194fb,prd1061,Mortgage: 5/1 ARM,Mortgage,Personal,203599.12,1,USD,branchid:11094
48559702-4be1-11ea-b93c-b88a60e194fb-1,2020-01-17T03:48:31.000Z,crmid:5746310195,48559702-4be1-11ea-b93c-b88a60e194fb,prd1120,Mortgage: 10/1 ARM,Mortgage,Personal,14813.63,1,USD,branchid:11078
48568024-4be1-11ea-bed2-b88a60e194fb-1,2020-01-16T09:35:59.000Z,crmid:3140017623,48568024-4be1-11ea-bed2-b88a60e194fb,prd1073,Business Brokerage Account,Investment,Business,219450.31,1,USD,branchid:11107
485792c0-4be1-11ea-9567-b88a60e194fb-1,2020-01-12T23:58:33.000Z,crmid:7371769521,485792c0-4be1-11ea-9567-b88a60e194fb,prd1117,Brokerage Account,Investment,Personal,12044.88,1,USD,branchid:11127
48587bee-4be1-11ea-8f58-b88a60e194fb-1,2020-01-22T22:24:05.000Z,crmid:7766434521,48587bee-4be1-11ea-8f58-b88a60e194fb,prd1184,Fixed Deposit,Investment,Personal,4678148.49,1,USD,branchid:11089
4880762e-4be1-11ea-b472-b88a60e194fb-1,2020-01-21T15:28:18.000Z,crmid:6055894633,4880762e-4be1-11ea-b472-b88a60e194fb,prd1110,Traditional IRA,Retirement,Personal,19094.07,1,USD,branchid:11073
488160d2-4be1-11ea-9b31-b88a60e194fb-1,2020-01-24T02:50:06.000Z,crmid:9597638335,488160d2-4be1-11ea-9b31-b88a60e194fb,prd1176,Overseas Equity Fund,Investment,Personal,2872765.55,1,USD,branchid:11009
48822406-4be1-11ea-acda-b88a60e194fb-1,2020-01-19T14:53:25.000Z,crmid:8966289930,48822406-4be1-11ea-acda-b88a60e194fb,prd1139,Employee Stock Purchase Plans,Investment,Personal,12324.46,1,USD,branchid:11135
4882e75a-4be1-11ea-8493-b88a60e194fb-1,2020-01-16T06:15:57.000Z,crmid:3203047178,4882e75a-4be1-11ea-8493-b88a60e194fb,prd1060,Traditional IRA,Retirement,Personal,16017.21,1,USD,branchid:11106
4883aaa8-4be1-11ea-a350-b88a60e194fb-1,2020-01-06T11:34:39.000Z,crmid:6180384166,4883aaa8-4be1-11ea-a350-b88a60e194fb,prd1032,Home Equity Loan,Mortgage,Personal,14484.57,1,USD,branchid:11023
48849590-4be1-11ea-b460-b88a60e194fb-1,2020-01-20T00:27:45.000Z,crmid:3750610250,48849590-4be1-11ea-b460-b88a60e194fb,prd1053,Mortgage: VA,Mortgage,Personal,13362.55,1,USD,branchid:11099
48857f6e-4be1-11ea-8110-b88a60e194fb-1,2020-01-17T08:00:00.000Z,crmid:5092582934,48857f6e-4be1-11ea-8110-b88a60e194fb,prd1029,401k,Retirement,Personal,13602.37,1,USD,branchid:11116
48aed912-4be1-11ea-b206-b88a60e194fb-1,2020-01-24T15:32:26.000Z,crmid:3779628487,48aed912-4be1-11ea-b206-b88a60e194fb,prd1101,Mortgage: 5/1 ARM,Mortgage,Personal,11327.55,1,USD,branchid:11101
48afc378-4be1-11ea-b3f5-b88a60e194fb-1,2020-01-12T01:26:23.000Z,crmid:4805095186,48afc378-4be1-11ea-b3f5-b88a60e194fb,prd1153,CDs: 1 year,Investment,Personal,194271.47,1,USD,branchid:11095
48b0ae6c-4be1-11ea-9021-b88a60e194fb-1,2020-01-28T19:52:43.000Z,crmid:8178095794,48b0ae6c-4be1-11ea-9021-b88a60e194fb,prd1111,Pension Account,Retirement,Personal,265467.84,1,USD,branchid:11065
48b19834-4be1-11ea-a041-b88a60e194fb-1,2020-01-06T23:08:12.000Z,crmid:1699024371,48b19834-4be1-11ea-a041-b88a60e194fb,prd1144,Home Equity Loan,Mortgage,Personal,83967.66,1,USD,branchid:11091
48b2346e-4be1-11ea-89cf-b88a60e194fb-1,2020-01-10T07:38:11.000Z,crmid:2350723946,48b2346e-4be1-11ea-89cf-b88a60e194fb,prd1150,Money Market,Investment,Personal,224014.07,1,USD,branchid:11053
48b31ee4-4be1-11ea-a7a7-b88a60e194fb-1,2020-01-15T10:26:04.000Z,crmid:6021523245,48b31ee4-4be1-11ea-a7a7-b88a60e194fb,prd1049,Business Brokerage Account,Investment,Business,11918.91,1,USD,branchid:11010
48b3e230-4be1-11ea-b829-b88a60e194fb-1,2020-01-01T12:44:45.000Z,crmid:7689532929,48b3e230-4be1-11ea-b829-b88a60e194fb,prd1060,Traditional IRA,Retirement,Personal,196901.98,1,USD,branchid:11119
48dc0382-4be1-11ea-b3ba-b88a60e194fb-1,2020-01-23T21:32:44.000Z,crmid:8100158968,48dc0382-4be1-11ea-b3ba-b88a60e194fb,prd1021,CDs: 5 year,Investment,Personal,15433.39,1,USD,branchid:11020
48dcede6-4be1-11ea-91ba-b88a60e194fb-1,2020-01-22T10:52:10.000Z,crmid:7121329177,48dcede6-4be1-11ea-91ba-b88a60e194fb,prd1079,Mortgage: 30-yr Fixed,Mortgage,Personal,14867.35,1,USD,branchid:11002
48de2658-4be1-11ea-b36b-b88a60e194fb-1,2020-01-10T18:58:52.000Z,crmid:9426679401,48de2658-4be1-11ea-b36b-b88a60e194fb,prd1114,CDs: 3 month,Investment,Personal,13669.61,1,USD,branchid:11094
48df10d0-4be1-11ea-9233-b88a60e194fb-1,2020-01-18T01:32:24.000Z,crmid:4855379767,48df10d0-4be1-11ea-9233-b88a60e194fb,prd1125,Mortgage: FHA,Mortgage,Personal,13498.69,1,USD,branchid:11082
48dffb28-4be1-11ea-9339-b88a60e194fb-1,2020-01-23T04:45:37.000Z,crmid:8309623294,48dffb28-4be1-11ea-9339-b88a60e194fb,prd1185,Mortgage: FHA,Mortgage,Personal,4396099.65,1,USD,branchid:11030
48e0be6e-4be1-11ea-ae98-b88a60e194fb-1,2020-01-27T00:54:47.000Z,crmid:8922896878,48e0be6e-4be1-11ea-ae98-b88a60e194fb,prd1111,Pension Account,Retirement,Personal,235743.07,1,USD,branchid:11141
48e181c2-4be1-11ea-81db-b88a60e194fb-1,2020-01-20T22:21:41.000Z,crmid:4817353750,48e181c2-4be1-11ea-81db-b88a60e194fb,prd1123,Mortgage: 10 yr Fixed,Mortgage,Personal,12910.05,1,USD,branchid:11138
490b7826-4be1-11ea-89e8-b88a60e194fb-1,2020-01-27T21:25:13.000Z,crmid:9770325438,490b7826-4be1-11ea-89e8-b88a60e194fb,prd1068,Mortgage: 7/1 ARM,Mortgage,Personal,206621.9,1,USD,branchid:11124
490c635a-4be1-11ea-9b92-b88a60e194fb-1,2020-01-31T14:19:06.000Z,crmid:3703908304,490c635a-4be1-11ea-9b92-b88a60e194fb,prd1037,Home Equity Loan,Mortgage,Personal,17268.86,1,USD,branchid:11017
490d26fe-4be1-11ea-81e7-b88a60e194fb-1,2020-01-07T04:17:01.000Z,crmid:2077236858,490d26fe-4be1-11ea-81e7-b88a60e194fb,prd1033,Fixed Deposit,Investment,Personal,201102.55,1,USD,branchid:11128
490e111c-4be1-11ea-9bdd-b88a60e194fb-1,2020-01-25T01:47:55.000Z,crmid:1013395165,490e111c-4be1-11ea-9bdd-b88a60e194fb,prd1157,Brokerage Account,Investment,Personal,10540.26,1,USD,branchid:11031
490ed466-4be1-11ea-8518-b88a60e194fb-1,2020-01-28T09:13:25.000Z,crmid:4891300585,490ed466-4be1-11ea-8518-b88a60e194fb,prd1053,Mortgage: VA,Mortgage,Personal,20065.95,1,USD,branchid:11134
490fe9a8-4be1-11ea-a6a6-b88a60e194fb-1,2020-01-10T01:48:56.000Z,crmid:6640086344,490fe9a8-4be1-11ea-a6a6-b88a60e194fb,prd1013,Mortgage: FHA,Mortgage,Personal,3914054.6,1,USD,branchid:11131
4910a966-4be1-11ea-abdd-b88a60e194fb-1,2020-01-09T12:15:30.000Z,crmid:1890751820,4910a966-4be1-11ea-abdd-b88a60e194fb,prd1125,Mortgage: FHA,Mortgage,Personal,13895.91,1,USD,branchid:11039
4939daca-4be1-11ea-9b30-b88a60e194fb-1,2020-01-07T21:47:47.000Z,crmid:1991318126,4939daca-4be1-11ea-9b30-b88a60e194fb,prd1014,CDs: 3 month,Investment,Personal,16795.01,1,USD,branchid:11094
493aecd0-4be1-11ea-9ada-b88a60e194fb-1,2020-01-26T05:53:57.000Z,crmid:7295157952,493aecd0-4be1-11ea-9ada-b88a60e194fb,prd1035,Pension Account,Retirement,Personal,255673.8,1,USD,branchid:11148
493b8880-4be1-11ea-8eba-b88a60e194fb-1,2020-01-01T01:12:38.000Z,crmid:4573884728,493b8880-4be1-11ea-8eba-b88a60e194fb,prd1189,Overseas Equity Fund,Investment,Personal,13455.59,1,USD,branchid:11132
493c4bca-4be1-11ea-8fa4-b88a60e194fb-1,2020-01-21T10:16:33.000Z,crmid:2519195729,493c4bca-4be1-11ea-8fa4-b88a60e194fb,prd1153,CDs: 1 year,Investment,Personal,20324.92,1,USD,branchid:11073
493d0f1e-4be1-11ea-a2c3-b88a60e194fb-1,2020-01-18T15:20:10.000Z,crmid:3053156979,493d0f1e-4be1-11ea-a2c3-b88a60e194fb,prd1033,Fixed Deposit,Investment,Personal,13683.71,1,USD,branchid:11095
493dd25e-4be1-11ea-a9ef-b88a60e194fb-1,2020-01-24T00:42:14.000Z,crmid:3045393554,493dd25e-4be1-11ea-a9ef-b88a60e194fb,prd1053,Mortgage: VA,Mortgage,Personal,12113.83,1,USD,branchid:11096
493f0af0-4be1-11ea-af7a-b88a60e194fb-1,2020-01-09T17:43:02.000Z,crmid:5736032228,493f0af0-4be1-11ea-af7a-b88a60e194fb,prd1061,Mortgage: 5/1 ARM,Mortgage,Personal,17397.74,1,USD,branchid:11021
49672dd4-4be1-11ea-8026-b88a60e194fb-1,2020-01-30T11:18:09.000Z,crmid:8290782818,49672dd4-4be1-11ea-8026-b88a60e194fb,prd1027,Mortgage: 30-yr Fixed,Mortgage,Personal,226049.49,1,USD,branchid:11102
4967f128-4be1-11ea-872c-b88a60e194fb-1,2020-01-18T14:02:56.000Z,crmid:2052568447,4967f128-4be1-11ea-872c-b88a60e194fb,prd1061,Mortgage: 5/1 ARM,Mortgage,Personal,14076.93,1,USD,branchid:11134
4968b2ee-4be1-11ea-bbcd-b88a60e194fb-1,2020-01-05T16:48:26.000Z,crmid:4549699675,4968b2ee-4be1-11ea-bbcd-b88a60e194fb,prd1186,Money Market,Investment,Personal,13802.84,1,USD,branchid:11057
4969c5de-4be1-11ea-a152-b88a60e194fb-1,2020-01-12T00:28:01.000Z,crmid:9630501162,4969c5de-4be1-11ea-a152-b88a60e194fb,prd1159,CDs: 3 month,Investment,Personal,134560.2,1,USD,branchid:11113
496aaeb4-4be1-11ea-a374-b88a60e194fb-1,2020-01-30T08:06:45.000Z,crmid:9913697856,496aaeb4-4be1-11ea-a374-b88a60e194fb,prd1129,Mortgage: 10/1 ARM,Mortgage,Personal,168129.43,1,USD,branchid:11111
496b73b6-4be1-11ea-b172-b88a60e194fb-1,2020-01-20T14:43:05.000Z,crmid:7855555276,496b73b6-4be1-11ea-b172-b88a60e194fb,prd1088,CDs: 1 year,Investment,Personal,20580.4,1,USD,branchid:11011
496c36d2-4be1-11ea-9b7b-b88a60e194fb-1,2020-01-18T12:10:42.000Z,crmid:7967388503,496c36d2-4be1-11ea-9b7b-b88a60e194fb,prd1125,Mortgage: FHA,Mortgage,Personal,4464672.37,1,USD,branchid:11132
4995415c-4be1-11ea-a063-b88a60e194fb-1,2020-01-01T06:01:26.000Z,crmid:6742983017,4995415c-4be1-11ea-a063-b88a60e194fb,prd1167,Roth IRA,Retirement,Personal,15394.28,1,USD,branchid:11092
499604d4-4be1-11ea-bd9b-b88a60e194fb-1,2020-01-03T12:38:38.000Z,crmid:7549952560,499604d4-4be1-11ea-bd9b-b88a60e194fb,prd1115,Mortgage: VA,Mortgage,Personal,144126.66,1,USD,branchid:11001
4996c908-4be1-11ea-a4ca-b88a60e194fb-1,2020-01-03T20:33:30.000Z,crmid:6514391040,4996c908-4be1-11ea-a4ca-b88a60e194fb,prd1173,Money Market,Investment,Personal,3935477.97,1,USD,branchid:11021
49978c76-4be1-11ea-a3fe-b88a60e194fb-1,2020-01-27T09:48:38.000Z,crmid:8817714428,49978c76-4be1-11ea-a3fe-b88a60e194fb,prd1125,Mortgage: FHA,Mortgage,Personal,3977123.36,1,USD,branchid:11011
49987592-4be1-11ea-95f0-b88a60e194fb-1,2020-01-07T00:23:00.000Z,crmid:4304312862,49987592-4be1-11ea-95f0-b88a60e194fb,prd1125,Mortgage: FHA,Mortgage,Personal,158954.97,1,USD,branchid:11121
4999875c-4be1-11ea-927c-b88a60e194fb-1,2020-01-11T21:53:27.000Z,crmid:9780413958,4999875c-4be1-11ea-927c-b88a60e194fb,prd1148,Mortgage: 10/1 ARM,Mortgage,Personal,16207.42,1,USD,branchid:11063
499a7168-4be1-11ea-9a66-b88a60e194fb-1,2020-01-09T05:29:06.000Z,crmid:2433419020,499a7168-4be1-11ea-9a66-b88a60e194fb,prd1073,Business Brokerage Account,Investment,Business,8574.3,1,USD,branchid:11025
49c48fde-4be1-11ea-9d29-b88a60e194fb-1,2020-01-25T20:03:58.000Z,crmid:8251924987,49c48fde-4be1-11ea-9d29-b88a60e194fb,prd1124,CDs: 5 year,Investment,Personal,16928.24,1,USD,branchid:11086
49c551ca-4be1-11ea-88ec-b88a60e194fb-1,2020-01-20T13:05:47.000Z,crmid:9450617479,49c551ca-4be1-11ea-88ec-b88a60e194fb,prd1185,Mortgage: FHA,Mortgage,Personal,121276.4,1,USD,branchid:11046
49c61668-4be1-11ea-8c2c-b88a60e194fb-1,2020-01-05T05:54:21.000Z,crmid:4537836163,49c61668-4be1-11ea-8c2c-b88a60e194fb,prd1154,Mortgage: 30-yr Fixed,Mortgage,Personal,4757668.46,1,USD,branchid:11064
49c6d9c2-4be1-11ea-9717-b88a60e194fb-1,2020-01-25T22:59:14.000Z,crmid:2304210995,49c6d9c2-4be1-11ea-9717-b88a60e194fb,prd1077,Roth IRA,Retirement,Personal,14524.98,1,USD,branchid:11053
49c79d02-4be1-11ea-8b23-b88a60e194fb-1,2020-01-11T06:07:04.000Z,crmid:5455707098,49c79d02-4be1-11ea-8b23-b88a60e194fb,prd1186,Money Market,Investment,Personal,15883.36,1,USD,branchid:11040
49c8604c-4be1-11ea-8078-b88a60e194fb-1,2020-01-22T00:19:08.000Z,crmid:3788882760,49c8604c-4be1-11ea-8078-b88a60e194fb,prd1026,Mortgage: 5/1 ARM,Mortgage,Personal,16867.14,1,USD,branchid:11148
49c9224c-4be1-11ea-9e47-b88a60e194fb-1,2020-01-31T14:42:43.000Z,crmid:6191205188,49c9224c-4be1-11ea-9e47-b88a60e194fb,prd1047,Mortgage: 10 yr Fixed,Mortgage,Personal,13994.64,1,USD,branchid:11134
49f5d774-4be1-11ea-b4f7-b88a60e194fb-1,2020-01-21T03:32:00.000Z,crmid:7857444189,49f5d774-4be1-11ea-b4f7-b88a60e194fb,prd1026,Mortgage: 5/1 ARM,Mortgage,Personal,185085.85,1,USD,branchid:11147
49f69acc-4be1-11ea-b638-b88a60e194fb-1,2020-01-10T13:45:38.000Z,crmid:4176838256,49f69acc-4be1-11ea-b638-b88a60e194fb,prd1033,Fixed Deposit,Investment,Personal,16722.74,1,USD,branchid:11001
49f75ed0-4be1-11ea-b3fd-b88a60e194fb-1,2020-01-24T23:45:22.000Z,crmid:3425599051,49f75ed0-4be1-11ea-b3fd-b88a60e194fb,prd1181,Mortgage: 5/1 ARM,Mortgage,Personal,13337.95,1,USD,branchid:11138
49f86f88-4be1-11ea-9a82-b88a60e194fb-1,2020-01-12T15:36:14.000Z,crmid:3631889205,49f86f88-4be1-11ea-9a82-b88a60e194fb,prd1026,Mortgage: 5/1 ARM,Mortgage,Personal,2525869.5,1,USD,branchid:11023
49f932e2-4be1-11ea-8346-b88a60e194fb-1,2020-01-13T16:19:15.000Z,crmid:3212967611,49f932e2-4be1-11ea-8346-b88a60e194fb,prd1024,Mortgage: FHA,Mortgage,Personal,12245.15,1,USD,branchid:11054
49f9f630-4be1-11ea-b4fb-b88a60e194fb-1,2020-01-01T06:01:13.000Z,crmid:3135580808,49f9f630-4be1-11ea-b4fb-b88a60e194fb,prd1025,Brokerage Account,Investment,Personal,16629.06,1,USD,branchid:11054
49fae08c-4be1-11ea-afef-b88a60e194fb-1,2020-01-06T06:36:21.000Z,crmid:3069196727,49fae08c-4be1-11ea-afef-b88a60e194fb,prd1062,Mortgage: VA,Mortgage,Personal,198660.5,1,USD,branchid:11024
4a235140-4be1-11ea-9020-b88a60e194fb-1,2020-01-11T23:22:56.000Z,crmid:9210108345,4a235140-4be1-11ea-9020-b88a60e194fb,prd1110,Traditional IRA,Retirement,Personal,229682.01,1,USD,branchid:11086
4a243a86-4be1-11ea-b96e-b88a60e194fb-1,2020-01-08T01:24:10.000Z,crmid:2103021378,4a243a86-4be1-11ea-b96e-b88a60e194fb,prd1049,Business Brokerage Account,Investment,Business,153840.07,1,USD,branchid:11138
4a24ff24-4be1-11ea-b0a8-b88a60e194fb-1,2020-01-27T15:59:24.000Z,crmid:7523844712,4a24ff24-4be1-11ea-b0a8-b88a60e194fb,prd1027,Mortgage: 30-yr Fixed,Mortgage,Personal,18995.99,1,USD,branchid:11060
4a25c28a-4be1-11ea-a817-b88a60e194fb-1,2020-01-21T23:45:44.000Z,crmid:8756458994,4a25c28a-4be1-11ea-a817-b88a60e194fb,prd1056,CDs: 5 year,Investment,Personal,14819.81,1,USD,branchid:11069
4a26869c-4be1-11ea-9c26-b88a60e194fb-1,2020-01-29T09:15:56.000Z,crmid:8529976704,4a26869c-4be1-11ea-9c26-b88a60e194fb,prd1176,Overseas Equity Fund,Investment,Personal,224170.49,1,USD,branchid:11077
4a274962-4be1-11ea-bddf-b88a60e194fb-1,2020-01-23T11:05:29.000Z,crmid:7838562549,4a274962-4be1-11ea-bddf-b88a60e194fb,prd1025,Brokerage Account,Investment,Personal,14208.73,1,USD,branchid:11114
4a28338c-4be1-11ea-9aa2-b88a60e194fb-1,2020-01-03T00:08:21.000Z,crmid:9754389431,4a28338c-4be1-11ea-9aa2-b88a60e194fb,prd1181,Mortgage: 5/1 ARM,Mortgage,Personal,13573.61,1,USD,branchid:11034
4a538912-4be1-11ea-bb2e-b88a60e194fb-1,2020-01-02T01:51:54.000Z,crmid:4826813518,4a538912-4be1-11ea-bb2e-b88a60e194fb,prd1101,Mortgage: 5/1 ARM,Mortgage,Personal,321951.39,1,USD,branchid:11057
4a54722c-4be1-11ea-a4a2-b88a60e194fb-1,2020-01-31T23:47:10.000Z,crmid:3630485526,4a54722c-4be1-11ea-a4a2-b88a60e194fb,prd1042,Roth IRA,Retirement,Personal,14511.09,1,USD,branchid:11142
4a553582-4be1-11ea-8637-b88a60e194fb-1,2020-01-20T05:34:50.000Z,crmid:6011582226,4a553582-4be1-11ea-8637-b88a60e194fb,prd1179,Business Brokerage Account,Investment,Business,14016.31,1,USD,branchid:11045
4a562130-4be1-11ea-bc82-b88a60e194fb-1,2020-01-22T01:08:38.000Z,crmid:6343731668,4a562130-4be1-11ea-bc82-b88a60e194fb,prd1184,Fixed Deposit,Investment,Personal,14238.28,1,USD,branchid:11090
4a570aca-4be1-11ea-9736-b88a60e194fb-1,2020-01-28T03:45:16.000Z,crmid:1006608001,4a570aca-4be1-11ea-9736-b88a60e194fb,prd1062,Mortgage: VA,Mortgage,Personal,15617.81,1,USD,branchid:11115
4a57ce8c-4be1-11ea-ac1c-b88a60e194fb-1,2020-01-25T07:55:53.000Z,crmid:6815178423,4a57ce8c-4be1-11ea-ac1c-b88a60e194fb,prd1148,Mortgage: 10/1 ARM,Mortgage,Personal,180605.3,1,USD,branchid:11092
4a58b83a-4be1-11ea-9f57-b88a60e194fb-1,2020-01-01T17:51:04.000Z,crmid:5582725482,4a58b83a-4be1-11ea-9f57-b88a60e194fb,prd1032,Home Equity Loan,Mortgage,Personal,164263.57,1,USD,branchid:11037
4a83bf8a-4be1-11ea-ae2d-b88a60e194fb-1,2020-01-03T17:02:29.000Z,crmid:9526279113,4a83bf8a-4be1-11ea-ae2d-b88a60e194fb,prd1025,Brokerage Account,Investment,Personal,179080.9,1,USD,branchid:11047
4a84a9d0-4be1-11ea-acdc-b88a60e194fb-1,2020-01-02T01:22:47.000Z,crmid:3750070067,4a84a9d0-4be1-11ea-acdc-b88a60e194fb,prd1024,Mortgage: FHA,Mortgage,Personal,138807.32,1,USD,branchid:11092
4a856d18-4be1-11ea-864c-b88a60e194fb-1,2020-01-25T08:29:54.000Z,crmid:7790776676,4a856d18-4be1-11ea-864c-b88a60e194fb,prd1047,Mortgage: 10 yr Fixed,Mortgage,Personal,14954.61,1,USD,branchid:11036
4a863066-4be1-11ea-af46-b88a60e194fb-1,2020-01-07T04:42:53.000Z,crmid:1501653736,4a863066-4be1-11ea-af46-b88a60e194fb,prd1026,Mortgage: 5/1 ARM,Mortgage,Personal,19210.76,1,USD,branchid:11046
4a86f51e-4be1-11ea-9d9c-b88a60e194fb-1,2020-01-09T09:06:17.000Z,crmid:5177160068,4a86f51e-4be1-11ea-9d9c-b88a60e194fb,prd1101,Mortgage: 5/1 ARM,Mortgage,Personal,14398.69,1,USD,branchid:11137
4a87b866-4be1-11ea-a806-b88a60e194fb-1,2020-01-26T00:47:29.000Z,crmid:7665638523,4a87b866-4be1-11ea-a806-b88a60e194fb,prd1077,Roth IRA,Retirement,Personal,16466.94,1,USD,branchid:11014
4a88a17e-4be1-11ea-9c56-b88a60e194fb-1,2020-01-09T16:12:22.000Z,crmid:6859166514,4a88a17e-4be1-11ea-9c56-b88a60e194fb,prd1077,Roth IRA,Retirement,Personal,252584.04,1,USD,branchid:11019
4ab3d006-4be1-11ea-9e38-b88a60e194fb-1,2020-01-04T20:26:09.000Z,crmid:1189884623,4ab3d006-4be1-11ea-9e38-b88a60e194fb,prd1025,Brokerage Account,Investment,Personal,17290.31,1,USD,branchid:11043
4ab4935c-4be1-11ea-a01a-b88a60e194fb-1,2020-01-02T19:55:44.000Z,crmid:9278412206,4ab4935c-4be1-11ea-a01a-b88a60e194fb,prd1062,Mortgage: VA,Mortgage,Personal,11714.61,1,USD,branchid:11031
4ab57dc2-4be1-11ea-b35e-b88a60e194fb-1,2020-01-30T02:15:47.000Z,crmid:4363673402,4ab57dc2-4be1-11ea-b35e-b88a60e194fb,prd1045,Mortgage: 10/1 ARM,Mortgage,Personal,191617.0,1,USD,branchid:11061
4ab640fa-4be1-11ea-b316-b88a60e194fb-1,2020-01-04T12:42:56.000Z,crmid:6883995031,4ab640fa-4be1-11ea-b316-b88a60e194fb,prd1035,Pension Account,Retirement,Personal,11415.14,1,USD,branchid:11146
