crmid,city,country,zip,state,street address
crmid:6883995031,St. Charles,United States,46177,Kansas,38 Hidalgo
crmid:6883995031,Altus,United States,23818,Arizona,311 Eighth
crmid:6883995031,Huntley,United States,56552,Colorado,350 Myrtle
crmid:6883995031,Rolla,United States,70038,Indiana,265 Steiner
crmid:6883995031,Pontiac,United States,36489,Virginia,1154 Palmetto
crmid:6883995031,McKinney,United States,80773,Vermont,83 Natick
crmid:6883995031,Moreno Valley,United States,98613,Colorado,680 Shawnee
crmid:6883995031,Douglas,United States,12531,West Virginia,1335 Myrtle
crmid:6883995031,Greer,United States,10148,Virginia,1270 Los Palmos
crmid:6883995031,Oak Park,United States,09408,Virginia,463 Boalt
crmid:6883995031,Rosemount,United States,63349,Tennessee,1138 Stigwood
crmid:6883995031,Hillsboro,United States,83508,Utah,69 Garden
crmid:6883995031,Sandusky,United States,71640,Oklahoma,790 Corbett
crmid:6883995031,McAllen,United States,58177,Idaho,501 Garnett
crmid:6883995031,La Habra,United States,84409,North Carolina,1314 Music Concourse Access
crmid:6883995031,Annapolis,United States,29705,South Carolina,871 Daniel Burnham
crmid:6883995031,Missouri City,United States,76077,Kentucky,23 Zanowitz
crmid:6883995031,Yucaipa,United States,57435,Connecticut,276 Zampa
crmid:6883995031,Walnut,United States,92929,New Jersey,1179 Longview
crmid:6883995031,Fayetteville,United States,20006,Wyoming,726 Rio Verde
crmid:6883995031,West Lafayette,United States,34343,Hawaii,1278 West View
crmid:6883995031,Baldwin Park,United States,36287,Florida,1059 Jason
crmid:6883995031,Minot,United States,19344,Maine,1103 Hopkins
crmid:6883995031,Bismarck,United States,24570,Indiana,88 Piedmont
crmid:6883995031,Wheeling,United States,65782,Arizona,1045 Wills
