email,first_name,last_name
breena1809@yandex.com,Grant,Mckay
cequi1885@live.com,Hollis,Mckinney
microlitic1887@gmail.com,Brock,Day
cingulate1910@yahoo.com,Alan,Allison
sarges2002@yandex.com,Caleb,Sloan
kiwi1987@gmail.com,Ned,Perkins
overurbanization1843@yandex.com,Hugh,Carney
eduard1967@yahoo.com,Fae,Rivera
unspecific2032@live.com,Clinton,Richard
centenary1984@gmail.com,Max,Hernandez
aplysia2040@yahoo.com,Jon,Bennett
yammering1904@outlook.com,Darius,Terry
dejan1816@live.com,Dante,Rosa
bannet1871@yandex.com,Gabriel,Coleman
outmantle1986@yandex.com,Charles,Morin
giddier1900@yahoo.com,Gerald,Brewer
artaba1805@outlook.com,Hobert,Velez
overhumanizing1868@gmail.com,Shad,Terry
countess2032@outlook.com,Kimber,Ballard
dolphin1842@gmail.com,Laticia,Hubbard
exterminatress1886@yahoo.com,Porter,Park
apostrophe1860@live.com,Julius,Hickman
aurite2015@live.com,Leigh,Hull
undistinguished1933@live.com,Jere,Mosley
songwriter1991@live.com,Vaughn,Larson
