id,crmid,propensity_premium,propensity_high_speed
0d24e364-83f4-11ea-91ec-b88a60e194fb,crmid:7611474637,8,5
0d272d46-83f4-11ea-a47d-b88a60e194fb,crmid:2516697721,3,8
0d290200-83f4-11ea-8373-b88a60e194fb,crmid:5601299277,5,9
0d2afdd2-83f4-11ea-b513-b88a60e194fb,crmid:1541981181,9,2
0d2cf9ae-83f4-11ea-bbf4-b88a60e194fb,crmid:5935876139,5,6
0d2ece5a-83f4-11ea-99ac-b88a60e194fb,crmid:9899292982,4,8
0d307c5e-83f4-11ea-98ab-b88a60e194fb,crmid:9101363523,5,8
0d3277dc-83f4-11ea-84ac-b88a60e194fb,crmid:4819838685,8,4
0d344d4c-83f4-11ea-9c30-b88a60e194fb,crmid:6443216485,3,9
0d36969e-83f4-11ea-9dfa-b88a60e194fb,crmid:1813897795,4,8
0d3892a8-83f4-11ea-bf5c-b88a60e194fb,crmid:5934098615,4,7
0d3a8e46-83f4-11ea-a438-b88a60e194fb,crmid:5348500989,9,4
0d3c3c18-83f4-11ea-aa1d-b88a60e194fb,crmid:9713737056,10,3
0d3e10be-83f4-11ea-9569-b88a60e194fb,crmid:6662358174,4,7
0d41932e-83f4-11ea-a708-b88a60e194fb,crmid:9866156003,7,4
0d43dd18-83f4-11ea-9c8c-b88a60e194fb,crmid:6528260488,7,5
0d46750a-83f4-11ea-80cb-b88a60e194fb,crmid:8759234041,3,9
0d48beee-83f4-11ea-b64b-b88a60e194fb,crmid:3865478647,6,8
0d4ae1cc-83f4-11ea-b845-b88a60e194fb,crmid:3622025878,2,8
0d4d04b8-83f4-11ea-b085-b88a60e194fb,crmid:7779460470,5,7
0d4f0086-83f4-11ea-bde7-b88a60e194fb,crmid:7390742165,7,4
0d50fc50-83f4-11ea-80af-b88a60e194fb,crmid:9024269859,8,4
0d539454-83f4-11ea-ad13-b88a60e194fb,crmid:3493886098,3,6
0d565376-83f4-11ea-95fe-b88a60e194fb,crmid:2136925026,5,7
0d58c486-83f4-11ea-a82d-b88a60e194fb,crmid:3878394509,2,8
0d5ae750-83f4-11ea-b10f-b88a60e194fb,crmid:3775532148,4,9
0d5d5864-83f4-11ea-b90a-b88a60e194fb,crmid:9549406629,4,10
0d5fa24a-83f4-11ea-a07b-b88a60e194fb,crmid:4489447731,4,8
0d61ec3e-83f4-11ea-835c-b88a60e194fb,crmid:2322111855,9,5
0d63c100-83f4-11ea-8570-b88a60e194fb,crmid:3269562311,8,3
0d65e3fa-83f4-11ea-b2b4-b88a60e194fb,crmid:6481508632,7,4
0d682dbe-83f4-11ea-a47e-b88a60e194fb,crmid:5198794345,6,8
0d69db70-83f4-11ea-b3c0-b88a60e194fb,crmid:7793723705,9,3
0d6bd750-83f4-11ea-92db-b88a60e194fb,crmid:1515433327,5,8
0d6e9666-83f4-11ea-9f48-b88a60e194fb,crmid:5250615361,10,5
0d715622-83f4-11ea-9619-b88a60e194fb,crmid:5705225885,4,8
0d741514-83f4-11ea-89c8-b88a60e194fb,crmid:6237393581,8,5
0d76acae-83f4-11ea-92be-b88a60e194fb,crmid:1123760155,4,9
0d78f688-83f4-11ea-b080-b88a60e194fb,crmid:8544367023,7,3
0d7b678a-83f4-11ea-b72d-b88a60e194fb,crmid:2602489741,4,9
0d7d3c5a-83f4-11ea-83ae-b88a60e194fb,crmid:5125938176,8,4
0d7f5f3a-83f4-11ea-a119-b88a60e194fb,crmid:1561228828,7,4
0d818212-83f4-11ea-9a17-b88a60e194fb,crmid:8353856332,8,5
0d8356d4-83f4-11ea-a0d3-b88a60e194fb,crmid:8457026093,8,4
0d8579c6-83f4-11ea-8fc5-b88a60e194fb,crmid:3815927554,7,5
0d8838d8-83f4-11ea-ab77-b88a60e194fb,crmid:7284033738,4,9
0d8af86e-83f4-11ea-bd50-b88a60e194fb,crmid:2555736789,3,7
0d8e051e-83f4-11ea-8605-b88a60e194fb,crmid:4080955469,8,4
0d91aeba-83f4-11ea-b638-b88a60e194fb,crmid:5687643429,9,3
0d950a1e-83f4-11ea-a6b9-b88a60e194fb,crmid:5211090065,7,4
0d98b41c-83f4-11ea-bba7-b88a60e194fb,crmid:7858453872,4,7
0d9b99a4-83f4-11ea-89de-b88a60e194fb,crmid:6296768910,4,6
0d9ea6ee-83f4-11ea-bb8a-b88a60e194fb,crmid:7989348021,9,4
0da11806-83f4-11ea-a5a6-b88a60e194fb,crmid:6864222960,9,4
0da33ac6-83f4-11ea-a55c-b88a60e194fb,crmid:2251019838,8,4
0da584cc-83f4-11ea-8279-b88a60e194fb,crmid:5106808161,4,8
0da7a7ba-83f4-11ea-8cf3-b88a60e194fb,crmid:5376283104,8,2
0daa66ae-83f4-11ea-bd1c-b88a60e194fb,crmid:5718381538,4,8
0dad73ec-83f4-11ea-befb-b88a60e194fb,crmid:1301117700,8,4
0dafe586-83f4-11ea-8535-b88a60e194fb,crmid:3365997913,8,3
0db2cbb8-83f4-11ea-8aa9-b88a60e194fb,crmid:6558845765,9,2
0db51510-83f4-11ea-899b-b88a60e194fb,crmid:8282999527,7,3
0db75f02-83f4-11ea-8396-b88a60e194fb,crmid:6036788543,8,4
0db9a8f6-83f4-11ea-879d-b88a60e194fb,crmid:1359543279,9,3
0dbbcbca-83f4-11ea-b183-b88a60e194fb,crmid:3630186976,3,8
0dbed92c-83f4-11ea-b826-b88a60e194fb,crmid:6378115344,4,7
0dc171d8-83f4-11ea-ab24-b88a60e194fb,crmid:6850557801,7,4
0dc3bc76-83f4-11ea-a39c-b88a60e194fb,crmid:1754046292,4,8
0dc62cf6-83f4-11ea-aa31-b88a60e194fb,crmid:4876570109,5,8
0dc8762c-83f4-11ea-9fa2-b88a60e194fb,crmid:1052701694,8,4
0dcae736-83f4-11ea-9ff6-b88a60e194fb,crmid:2765170998,4,8
0dce1b86-83f4-11ea-8e79-b88a60e194fb,crmid:4737261405,7,3
0dd1287e-83f4-11ea-ad43-b88a60e194fb,crmid:8172497997,6,10
0dd45cc8-83f4-11ea-a502-b88a60e194fb,crmid:3013292985,4,8
0dd7b828-83f4-11ea-bce7-b88a60e194fb,crmid:8992790020,4,9
0ddbd6f4-83f4-11ea-9d86-b88a60e194fb,crmid:1709005581,5,8
0ddf0b22-83f4-11ea-a118-b88a60e194fb,crmid:6199039484,6,7
0de1a346-83f4-11ea-a9fb-b88a60e194fb,crmid:8674816409,9,4
0de46278-83f4-11ea-a8e5-b88a60e194fb,crmid:5059558886,10,4
0de6d34a-83f4-11ea-82f9-b88a60e194fb,crmid:2767278004,9,4
0de96b80-83f4-11ea-a894-b88a60e194fb,crmid:5285099704,8,3
0dec519e-83f4-11ea-8dff-b88a60e194fb,crmid:5031427037,4,8
0dee9b9c-83f4-11ea-b24c-b88a60e194fb,crmid:8253603097,8,3
0df10c7e-83f4-11ea-8779-b88a60e194fb,crmid:8362141141,6,8
0df41a38-83f4-11ea-88df-b88a60e194fb,crmid:9497007635,8,4
0df74e1a-83f4-11ea-9a03-b88a60e194fb,crmid:8079765429,9,5
0dfa0d26-83f4-11ea-b9f0-b88a60e194fb,crmid:5382723386,9,4
0dfccc98-83f4-11ea-860e-b88a60e194fb,crmid:7294846520,7,7
0dff8c18-83f4-11ea-8996-b88a60e194fb,crmid:2457129127,3,7
0e01fc5c-83f4-11ea-bd30-b88a60e194fb,crmid:7070633347,5,9
0e04e28a-83f4-11ea-91e5-b88a60e194fb,crmid:1576054254,4,8
0e083de8-83f4-11ea-9819-b88a60e194fb,crmid:3586087716,3,7
0e0b9954-83f4-11ea-acce-b88a60e194fb,crmid:1099834093,8,4
0e0e0a40-83f4-11ea-8976-b88a60e194fb,crmid:2476811187,7,4
0e107b3a-83f4-11ea-9c61-b88a60e194fb,crmid:4666829278,9,5
0e13134a-83f4-11ea-9a23-b88a60e194fb,crmid:4285453623,8,5
0e162090-83f4-11ea-ae73-b88a60e194fb,crmid:8694308461,5,7
0e1906e4-83f4-11ea-8aa2-b88a60e194fb,crmid:3125051838,8,4
0e1bc5de-83f4-11ea-8953-b88a60e194fb,crmid:5690730010,3,7
0e1e8522-83f4-11ea-9a94-b88a60e194fb,crmid:6013945239,4,8
0e214422-83f4-11ea-8855-b88a60e194fb,crmid:9042946369,3,8
0e245154-83f4-11ea-91e6-b88a60e194fb,crmid:4818504741,3,9
0e2785a2-83f4-11ea-a621-b88a60e194fb,crmid:2981269866,1,6
0e2a6bde-83f4-11ea-bf4a-b88a60e194fb,crmid:9398728778,6,3
0e2cb5d8-83f4-11ea-86dc-b88a60e194fb,crmid:3504774378,7,5
0e2ed8ae-83f4-11ea-acd5-b88a60e194fb,crmid:6623049554,8,4
0e320cf4-83f4-11ea-80ff-b88a60e194fb,crmid:8906899576,6,5
0e347dec-83f4-11ea-9c2d-b88a60e194fb,crmid:3656164867,8,4
0e3652a6-83f4-11ea-a9eb-b88a60e194fb,crmid:6080426383,9,4
0e38279c-83f4-11ea-b7d0-b88a60e194fb,crmid:5815605728,9,3
0e3ae6b6-83f4-11ea-963d-b88a60e194fb,crmid:3651094518,7,5
0e3da5c8-83f4-11ea-8af4-b88a60e194fb,crmid:1200985880,7,4
0e403e30-83f4-11ea-a10b-b88a60e194fb,crmid:4234657811,5,9
0e467f42-83f4-11ea-80f2-b88a60e194fb,crmid:5713946423,7,4
0e48f05c-83f4-11ea-b271-b88a60e194fb,crmid:5362187934,9,4
0e4bb040-83f4-11ea-8e57-b88a60e194fb,crmid:6750318195,6,6
0e4e6e78-83f4-11ea-b452-b88a60e194fb,crmid:9868660392,7,4
0e5217fa-83f4-11ea-84fe-b88a60e194fb,crmid:3039368370,4,3
0e546350-83f4-11ea-aff5-b88a60e194fb,crmid:6181907009,4,9
0e5684f6-83f4-11ea-be26-b88a60e194fb,crmid:3595932427,5,8
0e5832ae-83f4-11ea-82ba-b88a60e194fb,crmid:3699011332,5,9
0e5a7c6c-83f4-11ea-84aa-b88a60e194fb,crmid:4403793776,9,5
0e5cc66c-83f4-11ea-8da5-b88a60e194fb,crmid:8225577170,9,4
0e5ee952-83f4-11ea-a0b2-b88a60e194fb,crmid:8042268808,4,7
0e609700-83f4-11ea-8e7f-b88a60e194fb,crmid:9052074757,9,4
0e626d12-83f4-11ea-93d9-b88a60e194fb,crmid:7364517027,3,8
0e641ada-83f4-11ea-ab5c-b88a60e194fb,crmid:7266820661,4,8
0e661534-83f4-11ea-9df6-b88a60e194fb,crmid:6966743388,5,8
0e681258-83f4-11ea-a757-b88a60e194fb,crmid:5047779886,8,5
0e69990a-83f4-11ea-9fff-b88a60e194fb,crmid:1669473362,9,3
0e6bbbca-83f4-11ea-a843-b88a60e194fb,crmid:1200509889,4,9
0e6db7a6-83f4-11ea-b6e9-b88a60e194fb,crmid:9081771759,10,5
0e6fb374-83f4-11ea-9890-b88a60e194fb,crmid:3881038354,4,7
0e724a38-83f4-11ea-a036-b88a60e194fb,crmid:9546185944,8,4
0e75a6b4-83f4-11ea-a476-b88a60e194fb,crmid:9888831379,8,4
0e77a1a2-83f4-11ea-92ee-b88a60e194fb,crmid:6457452294,8,6
0e799d4c-83f4-11ea-ba16-b88a60e194fb,crmid:9652460683,3,7
0e7b9a4c-83f4-11ea-8b1f-b88a60e194fb,crmid:4732740817,5,8
0e7d6fc0-83f4-11ea-ace8-b88a60e194fb,crmid:5698833364,7,5
0e7fb80a-83f4-11ea-959f-b88a60e194fb,crmid:4378683120,3,7
0e818e5c-83f4-11ea-a6ff-b88a60e194fb,crmid:9676447848,8,3
0e83d67a-83f4-11ea-8c1d-b88a60e194fb,crmid:3242476559,4,9
0e85ac0c-83f4-11ea-bdc6-b88a60e194fb,crmid:4009069509,10,4
0e87cf46-83f4-11ea-b9f8-b88a60e194fb,crmid:5984750626,9,1
0e8a8e10-83f4-11ea-9cc0-b88a60e194fb,crmid:4050307001,6,9
0e8c8a28-83f4-11ea-a1ca-b88a60e194fb,crmid:1869642284,8,4
0e8ed422-83f4-11ea-b00f-b88a60e194fb,crmid:7154993677,7,4
0e90f6fa-83f4-11ea-8f01-b88a60e194fb,crmid:4988247287,5,7
0e92f2d8-83f4-11ea-ae29-b88a60e194fb,crmid:1772930935,6,6
0e94eeba-83f4-11ea-b93a-b88a60e194fb,crmid:4978073079,4,8
0e973742-83f4-11ea-9602-b88a60e194fb,crmid:1912611838,2,9
0e99a858-83f4-11ea-9424-b88a60e194fb,crmid:4627333683,9,3
0e9b7d10-83f4-11ea-842a-b88a60e194fb,crmid:3458440558,6,4
0e9dc6c8-83f4-11ea-b23a-b88a60e194fb,crmid:7205255935,8,5
0ea0fc88-83f4-11ea-942c-b88a60e194fb,crmid:6156072168,3,10
0ea34512-83f4-11ea-8eea-b88a60e194fb,crmid:2965579909,7,5
0ea519c2-83f4-11ea-965e-b88a60e194fb,crmid:1631147362,3,8
0ea7159e-83f4-11ea-8b94-b88a60e194fb,crmid:5243558481,7,8
0ea939d2-83f4-11ea-900d-b88a60e194fb,crmid:1798046506,8,5
0eab0de4-83f4-11ea-a822-b88a60e194fb,crmid:7982760910,4,9
0ead090a-83f4-11ea-a765-b88a60e194fb,crmid:9344643484,10,6
0eaf2d62-83f4-11ea-8e5a-b88a60e194fb,crmid:3700816738,9,5
0eb10252-83f4-11ea-b242-b88a60e194fb,crmid:5932691484,4,8
0eb372e2-83f4-11ea-8bbf-b88a60e194fb,crmid:2780451586,8,5
0eb56d76-83f4-11ea-b479-b88a60e194fb,crmid:7960428269,8,4
0eb7b758-83f4-11ea-894a-b88a60e194fb,crmid:9290086997,4,10
0eba286e-83f4-11ea-8e54-b88a60e194fb,crmid:4081282072,4,9
0ebc2476-83f4-11ea-8ffe-b88a60e194fb,crmid:9106834991,5,9
0ebe47c6-83f4-11ea-b9fd-b88a60e194fb,crmid:2841910289,7,4
0ec042d8-83f4-11ea-8ce1-b88a60e194fb,crmid:9027783732,7,4
0ec23eae-83f4-11ea-b079-b88a60e194fb,crmid:6849015223,10,4
0ec43b94-83f4-11ea-bde2-b88a60e194fb,crmid:1836678403,5,10
0ec63640-83f4-11ea-84b9-b88a60e194fb,crmid:2761202147,7,5
0ec83206-83f4-11ea-a5e9-b88a60e194fb,crmid:5220313416,8,4
0eca54f8-83f4-11ea-908a-b88a60e194fb,crmid:2288452982,8,4
0ecc77e2-83f4-11ea-a25c-b88a60e194fb,crmid:8158605611,8,4
0ecec1de-83f4-11ea-afaf-b88a60e194fb,crmid:3901207799,5,7
0ed0bda4-83f4-11ea-894b-b88a60e194fb,crmid:7505564916,5,8
0ed2e074-83f4-11ea-81a9-b88a60e194fb,crmid:9393383612,8,4
0ed57886-83f4-11ea-8e9e-b88a60e194fb,crmid:3066737882,4,8
0ed7e978-83f4-11ea-aa13-b88a60e194fb,crmid:4390646071,4,8
0edaf6c0-83f4-11ea-902d-b88a60e194fb,crmid:4843667088,8,2
0edd19a2-83f4-11ea-beec-b88a60e194fb,crmid:5332491182,8,3
0edf1562-83f4-11ea-bba6-b88a60e194fb,crmid:6468328859,4,7
0ee15f76-83f4-11ea-b6a4-b88a60e194fb,crmid:5602392109,6,7
0ee4baac-83f4-11ea-b523-b88a60e194fb,crmid:6424646123,4,8
0ee8b252-83f4-11ea-b3c2-b88a60e194fb,crmid:8175187316,6,2
0eeafc42-83f4-11ea-9237-b88a60e194fb,crmid:8072005639,9,2
0eedbb58-83f4-11ea-85cc-b88a60e194fb,crmid:9210023925,6,8
0eefb728-83f4-11ea-8f7a-b88a60e194fb,crmid:2051308576,3,9
0ef18be4-83f4-11ea-b420-b88a60e194fb,crmid:3814761924,7,4
0ef360a2-83f4-11ea-a53b-b88a60e194fb,crmid:5342964751,9,4
0ef53564-83f4-11ea-9df1-b88a60e194fb,crmid:4453078394,9,5
0ef70a30-83f4-11ea-b4fd-b88a60e194fb,crmid:5885534429,5,7
0ef86b2c-83f4-11ea-a53f-b88a60e194fb,crmid:1620077163,8,5
0ef9f1b8-83f4-11ea-aa7b-b88a60e194fb,crmid:2972462942,5,7
0efb771a-83f4-11ea-96b6-b88a60e194fb,crmid:9920464683,8,4
0efd9b0c-83f4-11ea-80fc-b88a60e194fb,crmid:3372033198,4,10
0eff207a-83f4-11ea-938c-b88a60e194fb,crmid:4443540689,4,9
0f00a728-83f4-11ea-a13a-b88a60e194fb,crmid:2870374255,4,7
