id,crmid,propensity_premium,propensity_high_speed
a92bf336-83cc-11ea-91ec-b88a60e194fb,crmid:7611474637,8,5
a92d7876-83cc-11ea-a47d-b88a60e194fb,crmid:2516697721,3,8
a92eff14-83cc-11ea-8373-b88a60e194fb,crmid:5601299277,5,9
a93086f4-83cc-11ea-b513-b88a60e194fb,crmid:1541981181,9,2
a931e69e-83cc-11ea-bbf4-b88a60e194fb,crmid:5935876139,5,6
a9339506-83cc-11ea-99ac-b88a60e194fb,crmid:9899292982,4,8
a9365352-83cc-11ea-98ab-b88a60e194fb,crmid:9101363523,5,8
a937da22-83cc-11ea-84ac-b88a60e194fb,crmid:4819838685,8,4
a93960b4-83cc-11ea-9c30-b88a60e194fb,crmid:6443216485,3,9
a93b3618-83cc-11ea-9dfa-b88a60e194fb,crmid:1813897795,4,8
a93cbc86-83cc-11ea-bf5c-b88a60e194fb,crmid:5934098615,4,7
a93eb662-83cc-11ea-a438-b88a60e194fb,crmid:5348500989,9,4
a942fc1e-83cc-11ea-aa1d-b88a60e194fb,crmid:9713737056,10,3
a944a9ec-83cc-11ea-9569-b88a60e194fb,crmid:6662358174,4,7
a94631d0-83cc-11ea-a708-b88a60e194fb,crmid:9866156003,7,4
a9480682-83cc-11ea-9c8c-b88a60e194fb,crmid:6528260488,7,5
a9498bee-83cc-11ea-80cb-b88a60e194fb,crmid:8759234041,3,9
a94b13cc-83cc-11ea-b64b-b88a60e194fb,crmid:3865478647,6,8
a94c9b24-83cc-11ea-b845-b88a60e194fb,crmid:3622025878,2,8
a94e2122-83cc-11ea-b085-b88a60e194fb,crmid:7779460470,5,7
a9501b7a-83cc-11ea-bde7-b88a60e194fb,crmid:7390742165,7,4
a951c91c-83cc-11ea-80af-b88a60e194fb,crmid:9024269859,8,4
a9539ef8-83cc-11ea-ad13-b88a60e194fb,crmid:3493886098,3,6
a955248a-83cc-11ea-95fe-b88a60e194fb,crmid:2136925026,5,7
a956faa2-83cc-11ea-a82d-b88a60e194fb,crmid:3878394509,2,8
a9587fec-83cc-11ea-b10f-b88a60e194fb,crmid:3775532148,4,9
a95a0806-83cc-11ea-b90a-b88a60e194fb,crmid:9549406629,4,10
a95bb434-83cc-11ea-a07b-b88a60e194fb,crmid:4489447731,4,8
a95d3c22-83cc-11ea-835c-b88a60e194fb,crmid:2322111855,9,5
a95f0fa2-83cc-11ea-8570-b88a60e194fb,crmid:3269562311,8,3
a960be9c-83cc-11ea-b2b4-b88a60e194fb,crmid:6481508632,7,4
a9626af6-83cc-11ea-a47e-b88a60e194fb,crmid:5198794345,6,8
a9641a0a-83cc-11ea-b3c0-b88a60e194fb,crmid:7793723705,9,3
a965ed66-83cc-11ea-92db-b88a60e194fb,crmid:1515433327,5,8
a9677550-83cc-11ea-9f48-b88a60e194fb,crmid:5250615361,10,5
a9692192-83cc-11ea-9619-b88a60e194fb,crmid:5705225885,4,8
a96af71e-83cc-11ea-89c8-b88a60e194fb,crmid:6237393581,8,5
a96c7e62-83cc-11ea-92be-b88a60e194fb,crmid:1123760155,4,9
a96fd974-83cc-11ea-b080-b88a60e194fb,crmid:8544367023,7,3
a971ad1c-83cc-11ea-b72d-b88a60e194fb,crmid:2602489741,4,9
a9735aba-83cc-11ea-83ae-b88a60e194fb,crmid:5125938176,8,4
a9757da8-83cc-11ea-a119-b88a60e194fb,crmid:1561228828,7,4
a977796e-83cc-11ea-9a17-b88a60e194fb,crmid:8353856332,8,5
a9792718-83cc-11ea-a0d3-b88a60e194fb,crmid:8457026093,8,4
a97b7108-83cc-11ea-8fc5-b88a60e194fb,crmid:3815927554,7,5
a97d45c0-83cc-11ea-ab77-b88a60e194fb,crmid:7284033738,4,9
a97f1a88-83cc-11ea-bd50-b88a60e194fb,crmid:2555736789,3,7
a980a11a-83cc-11ea-8605-b88a60e194fb,crmid:4080955469,8,4
a9829d00-83cc-11ea-b638-b88a60e194fb,crmid:5687643429,9,3
a98498b8-83cc-11ea-a6b9-b88a60e194fb,crmid:5211090065,7,4
a98694a6-83cc-11ea-bba7-b88a60e194fb,crmid:7858453872,4,7
a988423a-83cc-11ea-89de-b88a60e194fb,crmid:6296768910,4,6
a989efe8-83cc-11ea-bb8a-b88a60e194fb,crmid:7989348021,9,4
a98b9dc8-83cc-11ea-a5a6-b88a60e194fb,crmid:6864222960,9,4
a98cfd24-83cc-11ea-a55c-b88a60e194fb,crmid:2251019838,8,4
a98ed1e4-83cc-11ea-8279-b88a60e194fb,crmid:5106808161,4,8
a990589a-83cc-11ea-8cf3-b88a60e194fb,crmid:5376283104,8,2
a992063a-83cc-11ea-bd1c-b88a60e194fb,crmid:5718381538,4,8
a993b3de-83cc-11ea-befb-b88a60e194fb,crmid:1301117700,8,4
a995136e-83cc-11ea-8535-b88a60e194fb,crmid:3365997913,8,3
a9adcbd4-83cc-11ea-8aa9-b88a60e194fb,crmid:6558845765,9,2
a9afa1a8-83cc-11ea-899b-b88a60e194fb,crmid:8282999527,7,3
a9b176c0-83cc-11ea-8396-b88a60e194fb,crmid:6036788543,8,4
a9b324b4-83cc-11ea-879d-b88a60e194fb,crmid:1359543279,9,3
a9b4d1ca-83cc-11ea-b183-b88a60e194fb,crmid:3630186976,3,8
a9b63202-83cc-11ea-b826-b88a60e194fb,crmid:6378115344,4,7
a9b82d06-83cc-11ea-ab24-b88a60e194fb,crmid:6850557801,7,4
a9b9b26e-83cc-11ea-a39c-b88a60e194fb,crmid:1754046292,4,8
a9bb3966-83cc-11ea-aa31-b88a60e194fb,crmid:4876570109,5,8
a9bcc112-83cc-11ea-9fa2-b88a60e194fb,crmid:1052701694,8,4
a9be706c-83cc-11ea-9ff6-b88a60e194fb,crmid:2765170998,4,8
a9bff542-83cc-11ea-8e79-b88a60e194fb,crmid:4737261405,7,3
a9c1ca0a-83cc-11ea-ad43-b88a60e194fb,crmid:8172497997,6,10
a9c37880-83cc-11ea-a502-b88a60e194fb,crmid:3013292985,4,8
a9c5250a-83cc-11ea-bce7-b88a60e194fb,crmid:8992790020,4,9
a9c795fa-83cc-11ea-9d86-b88a60e194fb,crmid:1709005581,5,8
a9c969e4-83cc-11ea-a118-b88a60e194fb,crmid:6199039484,6,7
a9cb17a8-83cc-11ea-a9fb-b88a60e194fb,crmid:8674816409,9,4
a9cc9e06-83cc-11ea-a8e5-b88a60e194fb,crmid:5059558886,10,4
a9cec246-83cc-11ea-82f9-b88a60e194fb,crmid:2767278004,9,4
a9d06ea8-83cc-11ea-a894-b88a60e194fb,crmid:5285099704,8,3
a9d1cf8a-83cc-11ea-8dff-b88a60e194fb,crmid:5031427037,4,8
a9d3a44c-83cc-11ea-b24c-b88a60e194fb,crmid:8253603097,8,3
a9d59ec0-83cc-11ea-8779-b88a60e194fb,crmid:8362141141,6,8
a9d79a90-83cc-11ea-88df-b88a60e194fb,crmid:9497007635,8,4
a9d9482e-83cc-11ea-9a03-b88a60e194fb,crmid:8079765429,9,5
a9daf74a-83cc-11ea-b9f0-b88a60e194fb,crmid:5382723386,9,4
a9dc56d8-83cc-11ea-860e-b88a60e194fb,crmid:7294846520,7,7
a9de52a6-83cc-11ea-8996-b88a60e194fb,crmid:2457129127,3,7
a9dfd9b8-83cc-11ea-bd30-b88a60e194fb,crmid:7070633347,5,9
a9e1acfe-83cc-11ea-91e5-b88a60e194fb,crmid:1576054254,4,8
a9e35bdc-83cc-11ea-9819-b88a60e194fb,crmid:3586087716,3,7
a9e52efe-83cc-11ea-acce-b88a60e194fb,crmid:1099834093,8,4
a9e6dcb4-83cc-11ea-8976-b88a60e194fb,crmid:2476811187,7,4
a9e8b176-83cc-11ea-9c61-b88a60e194fb,crmid:4666829278,9,5
a9eaad38-83cc-11ea-9a23-b88a60e194fb,crmid:4285453623,8,5
a9eca90c-83cc-11ea-ae73-b88a60e194fb,crmid:8694308461,5,7
a9ee56da-83cc-11ea-8aa2-b88a60e194fb,crmid:3125051838,8,4
a9f005de-83cc-11ea-8953-b88a60e194fb,crmid:5690730010,3,7
a9f18c80-83cc-11ea-9a94-b88a60e194fb,crmid:6013945239,4,8
a9f2ec02-83cc-11ea-8855-b88a60e194fb,crmid:9042946369,3,8
a9f47346-83cc-11ea-91e6-b88a60e194fb,crmid:4818504741,3,9
a9f5aba8-83cc-11ea-a621-b88a60e194fb,crmid:2981269866,1,6
a9f77e80-83cc-11ea-bf4a-b88a60e194fb,crmid:9398728778,6,3
a9f92c50-83cc-11ea-86dc-b88a60e194fb,crmid:3504774378,7,5
a9fada00-83cc-11ea-acd5-b88a60e194fb,crmid:6623049554,8,4
a9fcd726-83cc-11ea-80ff-b88a60e194fb,crmid:8906899576,6,5
a9fe5da4-83cc-11ea-9c2d-b88a60e194fb,crmid:3656164867,8,4
a9ffe442-83cc-11ea-a9eb-b88a60e194fb,crmid:6080426383,9,4
aa01b788-83cc-11ea-b7d0-b88a60e194fb,crmid:5815605728,9,3
aa0366e4-83cc-11ea-963d-b88a60e194fb,crmid:3651094518,7,5
aa05130a-83cc-11ea-8af4-b88a60e194fb,crmid:1200985880,7,4
aa069b18-83cc-11ea-a10b-b88a60e194fb,crmid:4234657811,5,9
aa07f99c-83cc-11ea-80f2-b88a60e194fb,crmid:5713946423,7,4
aa09a83a-83cc-11ea-b271-b88a60e194fb,crmid:5362187934,9,4
aa0d776e-83cc-11ea-8e57-b88a60e194fb,crmid:6750318195,6,6
aa0efe1e-83cc-11ea-b452-b88a60e194fb,crmid:9868660392,7,4
aa10f9f4-83cc-11ea-84fe-b88a60e194fb,crmid:3039368370,4,3
aa1343c8-83cc-11ea-aff5-b88a60e194fb,crmid:6181907009,4,9
aa158e4c-83cc-11ea-be26-b88a60e194fb,crmid:3595932427,5,8
aa173b98-83cc-11ea-82ba-b88a60e194fb,crmid:3699011332,5,9
aa189c5e-83cc-11ea-84aa-b88a60e194fb,crmid:4403793776,9,5
aa1a4a8a-83cc-11ea-8da5-b88a60e194fb,crmid:8225577170,9,4
aa1bd0a2-83cc-11ea-a0b2-b88a60e194fb,crmid:8042268808,4,7
aa1d7cde-83cc-11ea-8e7f-b88a60e194fb,crmid:9052074757,9,4
aa1f519e-83cc-11ea-93d9-b88a60e194fb,crmid:7364517027,3,8
aa20b128-83cc-11ea-ab5c-b88a60e194fb,crmid:7266820661,4,8
aa225ed8-83cc-11ea-9df6-b88a60e194fb,crmid:6966743388,5,8
aa23be6c-83cc-11ea-a757-b88a60e194fb,crmid:5047779886,8,5
aa254506-83cc-11ea-9fff-b88a60e194fb,crmid:1669473362,9,3
aa271b18-83cc-11ea-a843-b88a60e194fb,crmid:1200509889,4,9
aa28a1b4-83cc-11ea-b6e9-b88a60e194fb,crmid:9081771759,10,5
aa2a4f5e-83cc-11ea-9890-b88a60e194fb,crmid:3881038354,4,7
aa2bd528-83cc-11ea-a036-b88a60e194fb,crmid:9546185944,8,4
aa31a166-83cc-11ea-a476-b88a60e194fb,crmid:9888831379,8,4
aa330212-83cc-11ea-92ee-b88a60e194fb,crmid:6457452294,8,6
aa34afcc-83cc-11ea-ba16-b88a60e194fb,crmid:9652460683,3,7
aa360df4-83cc-11ea-8b1f-b88a60e194fb,crmid:4732740817,5,8
aa376d64-83cc-11ea-ace8-b88a60e194fb,crmid:5698833364,7,5
aa38f408-83cc-11ea-959f-b88a60e194fb,crmid:4378683120,3,7
aa3a7aa6-83cc-11ea-a6ff-b88a60e194fb,crmid:9676447848,8,3
aa3c0146-83cc-11ea-8c1d-b88a60e194fb,crmid:3242476559,4,9
aa3dd612-83cc-11ea-bdc6-b88a60e194fb,crmid:4009069509,10,4
aa3f5ca4-83cc-11ea-b9f8-b88a60e194fb,crmid:5984750626,9,1
aa41315e-83cc-11ea-9cc0-b88a60e194fb,crmid:4050307001,6,9
aa42df2e-83cc-11ea-a1ca-b88a60e194fb,crmid:1869642284,8,4
aa44b4ac-83cc-11ea-b00f-b88a60e194fb,crmid:7154993677,7,4
aa463bba-83cc-11ea-8f01-b88a60e194fb,crmid:4988247287,5,7
aa47e81e-83cc-11ea-ae29-b88a60e194fb,crmid:1772930935,6,6
aa497008-83cc-11ea-b93a-b88a60e194fb,crmid:4978073079,4,8
aa4af6da-83cc-11ea-9602-b88a60e194fb,crmid:1912611838,2,9
aa4c7c28-83cc-11ea-9424-b88a60e194fb,crmid:4627333683,9,3
aa4e29ae-83cc-11ea-842a-b88a60e194fb,crmid:3458440558,6,4
aa4fd8e2-83cc-11ea-b23a-b88a60e194fb,crmid:7205255935,8,5
aa515f8a-83cc-11ea-942c-b88a60e194fb,crmid:6156072168,3,10
aa530ba2-83cc-11ea-8eea-b88a60e194fb,crmid:2965579909,7,5
aa54e064-83cc-11ea-965e-b88a60e194fb,crmid:1631147362,3,8
aa56b534-83cc-11ea-8b94-b88a60e194fb,crmid:5243558481,7,8
aa5862d4-83cc-11ea-900d-b88a60e194fb,crmid:1798046506,8,5
aa5a1288-83cc-11ea-a822-b88a60e194fb,crmid:7982760910,4,9
aa5b9928-83cc-11ea-a765-b88a60e194fb,crmid:9344643484,10,6
aa5d4648-83cc-11ea-8e5a-b88a60e194fb,crmid:3700816738,9,5
aa5ef3c8-83cc-11ea-b242-b88a60e194fb,crmid:5932691484,4,8
aa607914-83cc-11ea-8bbf-b88a60e194fb,crmid:2780451586,8,5
aa62282e-83cc-11ea-b479-b88a60e194fb,crmid:7960428269,8,4
aa63ad7a-83cc-11ea-894a-b88a60e194fb,crmid:9290086997,4,10
aa653588-83cc-11ea-8e54-b88a60e194fb,crmid:4081282072,4,9
aa670a28-83cc-11ea-8ffe-b88a60e194fb,crmid:9106834991,5,9
aa689042-83cc-11ea-b9fd-b88a60e194fb,crmid:2841910289,7,4
aa6a3e86-83cc-11ea-8ce1-b88a60e194fb,crmid:9027783732,7,4
aa6bec30-83cc-11ea-b079-b88a60e194fb,crmid:6849015223,10,4
aa6d4bc8-83cc-11ea-bde2-b88a60e194fb,crmid:1836678403,5,10
aa6f6d2c-83cc-11ea-84b9-b88a60e194fb,crmid:2761202147,7,5
aa716a80-83cc-11ea-a5e9-b88a60e194fb,crmid:5220313416,8,4
aa7316c0-83cc-11ea-908a-b88a60e194fb,crmid:2288452982,8,4
aa74c47a-83cc-11ea-a25c-b88a60e194fb,crmid:8158605611,8,4
aa76c04a-83cc-11ea-afaf-b88a60e194fb,crmid:3901207799,5,7
aa786f3a-83cc-11ea-894b-b88a60e194fb,crmid:7505564916,5,8
aa7a1b98-83cc-11ea-81a9-b88a60e194fb,crmid:9393383612,8,4
aa7bf1a4-83cc-11ea-8e9e-b88a60e194fb,crmid:3066737882,4,8
aa7d9f6e-83cc-11ea-aa13-b88a60e194fb,crmid:4390646071,4,8
aa7f25fe-83cc-11ea-902d-b88a60e194fb,crmid:4843667088,8,2
aa80aca8-83cc-11ea-beec-b88a60e194fb,crmid:5332491182,8,3
aa8258de-83cc-11ea-bba6-b88a60e194fb,crmid:6468328859,4,7
aa83b9da-83cc-11ea-b6a4-b88a60e194fb,crmid:5602392109,6,7
aa858ea2-83cc-11ea-b523-b88a60e194fb,crmid:6424646123,4,8
aa8761f0-83cc-11ea-b3c2-b88a60e194fb,crmid:8175187316,6,2
aa88e9f6-83cc-11ea-9237-b88a60e194fb,crmid:8072005639,9,2
aa8ae470-83cc-11ea-85cc-b88a60e194fb,crmid:9210023925,6,8
aa8c9224-83cc-11ea-8f7a-b88a60e194fb,crmid:2051308576,3,9
aa8e18b4-83cc-11ea-b420-b88a60e194fb,crmid:3814761924,7,4
aa8feec6-83cc-11ea-a53b-b88a60e194fb,crmid:5342964751,9,4
aa919cb0-83cc-11ea-9df1-b88a60e194fb,crmid:4453078394,9,5
aa92fc0a-83cc-11ea-b4fd-b88a60e194fb,crmid:5885534429,5,7
aa94a9ec-83cc-11ea-a53f-b88a60e194fb,crmid:1620077163,8,5
aa96305a-83cc-11ea-aa7b-b88a60e194fb,crmid:2972462942,5,7
aa97ddf6-83cc-11ea-96b6-b88a60e194fb,crmid:9920464683,8,4
aa99b2be-83cc-11ea-80fc-b88a60e194fb,crmid:3372033198,4,10
aa9b394c-83cc-11ea-938c-b88a60e194fb,crmid:4443540689,4,9
aa9d0dd0-83cc-11ea-a13a-b88a60e194fb,crmid:2870374255,4,7
