crmid,email,first_name,last_name,gender,mobile telephone,city,country,zip,state,street address,birthday,historicalpoints
crmid:5082851688,bicentenarnaries1824@yahoo.com,Talisha,Hobbs,female,109-009-8373,Olive Branch,United States,96420,Delaware,240 Adolph Sutro,1956-12-31,2585
crmid:1599162554,emball1863@yandex.com,Luna,Tyson,female,605-881-2154,Columbia,United States,38170,Arizona,324 Badger,1949-06-29,2846
crmid:5829409405,micromastictora1940@yahoo.com,Thresa,Flores,female,053-886-8111,Eureka,United States,65642,Alabama,1144 Saint Croix,1960-11-20,629
crmid:3073524357,holloo2014@yandex.com,Wilber,Dixon,male,916-828-2232,Cary,United States,51749,Hawaii,462 Carver,1945-10-08,535
crmid:4146872800,occipitoiliac1934@gmail.com,Murray,Nunez,,259-127-0424,Sun Prairie,United States,30409,Kentucky,1282 Gibson,1977-01-02,1783
crmid:4941449841,gritstone2067@live.com,Wilbert,Christensen,,947-682-2718,Lexington,United States,76801,Hawaii,1127 Santa Clara,1982-12-21,1309
crmid:5282098312,beatitude1932@outlook.com,Arnold,Haynes,male,663-513-4899,York,United States,70362,Alabama,1298 Bannock,1941-01-13,2904
crmid:7928843961,cerite1885@live.com,Providencia,Bray,female,342-560-8772,Waxahachie,United States,20467,California,439 Saroyan,1960-07-04,2557
crmid:8612371814,pooled1857@live.com,Shirley,Kelley,,299-013-0288,Florissant,United States,86757,North Dakota,869 Shields,1962-05-21,2359
crmid:3278447398,contribution1989@outlook.com,Clarence,Sparks,,242-635-8932,Hazel Park,United States,90098,Rhode Island,758 Miguel,1970-12-01,1531
crmid:8005336999,betumbled1964@outlook.com,Dane,Salazar,,238-591-8501,Glen Cove,United States,68174,South Carolina,1299 Innes,1966-11-13,2652
crmid:4739618002,alkyds1812@outlook.com,Lyndia,Fitzgerald,female,285-491-9221,Elkhart,United States,62339,Missouri,967 Tocoloma,1959-11-11,893
crmid:9675165792,clam1921@yandex.com,Tobias,Foley,,597-532-8948,Indianapolis,United States,05929,Kansas,1117 Stanley,1974-01-05,2748
crmid:8644783483,pimplinae1825@gmail.com,German,Marsh,,049-523-4567,Wake Forest,United States,74375,Connecticut,102 Candlewood,1982-02-12,1398
crmid:3436971160,shark2031@yahoo.com,Reuben,Craig,,801-040-4505,Miami Gardens,United States,93369,New Jersey,695 Garden,1990-11-13,1903
crmid:6949399959,hastings1933@outlook.com,Otto,Strong,male,582-139-2297,Superior,United States,04589,Vermont,1123 Iris,1933-08-28,1845
crmid:4180460790,brackets1929@outlook.com,Truman,Gamble,,089-435-8251,Menlo Park,United States,91708,Oklahoma,1261 Lyon,1989-12-07,2117
crmid:4887809135,appleton2042@yahoo.com,Douglas,Adkins,,555-566-6912,Monroeville,United States,59480,Maryland,970 Brighton,1992-09-25,525
crmid:7018560965,paperweight2047@gmail.com,Zane,Langley,,967-431-8827,Muskogee,United States,43514,New Hampshire,763 South Park,1994-08-08,2457
crmid:6722857954,paleichthyology1866@gmail.com,Filiberto,Hinton,,862-446-4369,Harker Heights,United States,79622,Alaska,1019 Crystal,1969-12-09,930
crmid:6944272708,blindeyes1991@gmail.com,Tobi,Farley,female,429-545-3571,Tulsa,United States,79221,South Dakota,1381 Santa Paula,1961-09-09,989
crmid:5323245113,otter2054@yahoo.com,Denver,Bass,,233-852-5419,Kokomo,United States,73602,Virginia,414 Stigwood,1978-12-03,393
crmid:2874102982,berlitz1858@live.com,Napoleon,Gross,male,944-571-8260,Racine,United States,07311,Nebraska,1348 Randolph,1932-12-14,909
crmid:4049537517,sharklike1834@live.com,Elijah,Pacheco,,819-833-5218,Melbourne,United States,10640,Wisconsin,175 Cochrane,1989-03-12,1827
crmid:4502645647,proscind1958@live.com,Blair,Gibbs,,365-352-2032,Toledo,United States,80900,New Mexico,246 Lombard,1987-01-23,2038
crmid:1649916422,debatement1855@gmail.com,Bronwyn,Bowers,female,574-292-1877,Plantation,United States,70700,Arkansas,317 Gold Mine,1958-01-03,2428
crmid:8094413874,oedipus1803@yahoo.com,Tim,Romero,,020-091-8531,Rockford,United States,70837,Alaska,1336 Alder,1973-02-05,2764
crmid:5899172541,diazoate2048@gmail.com,Rodolfo,Gilmore,,618-541-4038,Pembroke Pines,United States,27156,Wyoming,686 Signal,1966-09-25,2194
crmid:6560751286,recurrent1845@yahoo.com,Fermin,Cooper,,453-410-8860,Marshalltown,United States,61627,Mississippi,183 Annapolis,1987-12-12,1907
crmid:5348300282,cleistogamously1931@outlook.com,Giovanni,Jennings,,345-339-6048,Haines City,United States,35459,Massachusetts,1044 Schwerin,1969-06-10,2192
crmid:6090440814,hereinabove1930@yandex.com,Kyle,Valentine,,364-924-1707,Longmont,United States,27812,Minnesota,1261 Lurmont,1984-04-16,1986
crmid:6135566537,bigwig1823@live.com,Rubin,Duffy,,378-790-8830,Mansfield,United States,46202,Wisconsin,1105 Dearborn,1986-07-07,1199
crmid:5936778174,stodger2038@live.com,Dawne,Dunlap,female,815-994-2226,SeaTac,United States,21442,Delaware,1030 New Montgomery,1956-02-09,418
crmid:5747545574,arpita1919@outlook.com,Marth,Mcfarland,female,828-736-7501,Eden Prairie,United States,38929,Tennessee,747 Langdon,1957-06-19,584
crmid:7549578454,fairless1892@live.com,Owen,Richardson,,155-451-9654,La Quinta,United States,62496,Indiana,1393 Front,1979-11-03,1775
crmid:2893395473,utriculariaceae2052@live.com,Thao,Malone,female,614-588-1869,Darien,United States,59246,Connecticut,895 Stigwood,1953-09-18,1598
crmid:6262499186,mazard2020@gmail.com,Eliseo,Massey,,772-867-5363,Montclair,United States,43114,Washington,742 Arguello,1992-08-24,489
crmid:9554023421,awoken1943@yandex.com,Ligia,Irwin,female,637-840-5091,Colorado Springs,United States,39826,Minnesota,195 Pixley,1949-05-15,2800
crmid:3576682936,colon1883@gmail.com,Garland,Hull,male,256-796-3574,Baton Rouge,United States,21182,Oregon,1317 Security Pacific,1936-04-15,2492
crmid:8268204953,misdirects1985@outlook.com,Kathrin,Cannon,female,409-864-6157,Raytown,United States,51258,Mississippi,968 Ofarrell,1996-03-23,2241
crmid:7797380055,spurnwater1836@yandex.com,Arron,Hooper,,284-873-3893,Quincy,United States,69202,California,568 Tennessee,1993-02-07,1831
crmid:8972804296,monadiform1914@yahoo.com,Clinton,Hebert,,519-903-0742,Hazel Park,United States,81816,South Dakota,1292 Valletta,1970-03-06,1161
crmid:7294685339,derivedness1818@gmail.com,Jalisa,Serrano,female,755-289-7037,El Paso,United States,20845,Mississippi,62 Wilson,1958-04-26,2894
crmid:3350945403,asbestosis1835@yahoo.com,Abe,Peters,,385-281-1358,Springdale,United States,54403,South Dakota,1201 Brooklyn,1992-07-24,1475
crmid:1349026251,uguisu2027@yandex.com,Stewart,Rich,male,547-842-6108,Carteret,United States,51479,Texas,1010 John F Shelley,1944-09-24,611
crmid:3403341685,burial1939@gmail.com,Casie,Warren,female,447-310-3131,Donna,United States,00244,Virginia,727 Via Ferlinghetti,1955-02-03,1482
crmid:1929399125,bactrian1927@gmail.com,Maria,May,male,444-892-5347,Boca Raton,United States,75082,Utah,704 Science,1940-12-13,1881
crmid:3817320282,ectozoans1831@gmail.com,Ollie,Rivas,male,803-129-1861,Alliance,United States,49008,Arkansas,742 Bowdoin,1931-07-25,348
crmid:6798123234,scenarizing2063@live.com,Damon,Osborn,,560-525-4496,Huntsville,United States,59331,New Hampshire,1149 Thorne,1974-09-23,2198
crmid:7874896281,polyphonist2003@yandex.com,Scott,Russell,male,457-595-8150,White Bear Lake,United States,05194,Pennsylvania,492 Conservatory Access,1935-09-26,792
crmid:6546024677,taunting1976@live.com,Jacinto,Burton,male,993-232-3993,Bullhead City,United States,81339,Montana,590 Ils,1942-05-04,1050
crmid:8938163549,precisionize2061@live.com,Derek,Wilkins,male,264-971-2419,Calexico,United States,17875,Maryland,1267 Rose,1943-03-31,2354
crmid:9181305255,flowerlessness1906@yahoo.com,Whitney,Sweet,male,497-728-0496,Benbrook,United States,88324,Colorado,447 Tonquin,1938-10-28,2866
crmid:2740893909,churring1822@yahoo.com,Jonas,Mcfarland,male,238-555-6316,Berkeley,United States,33203,New York,1100 Vista,1938-06-19,2026
crmid:3237958214,carless1948@yandex.com,Jae,Stuart,,213-527-3034,Gadsden,United States,98786,Maine,521 Mulford,1964-03-29,614
crmid:7962587625,arbacia1989@live.com,Teofila,Ray,female,265-600-3916,Columbus,United States,58383,Kentucky,1278 Capp,1949-09-24,2514
crmid:9126315655,cornada2058@yahoo.com,Sharell,Christensen,female,372-475-0384,Chicago,United States,61635,Hawaii,1163 Naglee,1947-10-15,2093
crmid:8049759838,isobutylene1873@outlook.com,Ulysses,Dillard,,794-765-1974,Moscow,United States,30251,Hawaii,854 Coral,1993-07-12,304
crmid:1490479393,semiliquidity1936@yandex.com,Houston,Rich,,990-792-2387,Frankfort,United States,35216,Louisiana,166 Blanken,1963-07-17,1665
crmid:4324398329,slinking2043@yandex.com,Nicholas,Levy,,200-355-5581,Memphis,United States,56957,Hawaii,1258 Seventh,1989-09-15,1428
crmid:2510132795,transistors1875@live.com,Chance,Cameron,male,098-094-1435,Altamonte Springs,United States,81491,Arkansas,76 Avenue H,1931-02-05,2805
crmid:8386362049,byran1934@gmail.com,Roberto,Mcfadden,,147-826-6792,Lehi,United States,39505,Maryland,243 Sampson,1982-07-17,2803
crmid:9228090469,wongsky1881@yandex.com,Fidel,Sweet,,666-246-0885,Lake Zurich,United States,51398,Illinois,325 Rosa Parks,1980-10-28,777
crmid:9474105670,profaners1819@outlook.com,Irving,Drake,,142-332-0334,Gretna,United States,36328,West Virginia,78 Waterville,1968-06-23,1418
crmid:2761374935,bactrian2021@live.com,Arnold,Barber,male,532-501-3217,Carlsbad,United States,80644,Missouri,763 Wall,1944-01-02,2011
crmid:9698424196,squamipennes1918@outlook.com,Adan,Atkinson,,598-486-1433,Mansfield,United States,44605,Tennessee,395 Hare,1986-08-31,1948
crmid:4193879494,tutelae1851@yahoo.com,Floyd,Lara,,351-113-3265,Lombard,United States,30957,Massachusetts,206 Barcelona,1984-06-29,1307
crmid:9702111839,stampeded1858@outlook.com,Kermit,Schneider,,907-591-8687,West Memphis,United States,85931,Michigan,424 Wills,1995-12-11,2747
crmid:3428853617,unshackled2043@outlook.com,Oscar,Mathews,male,176-183-5261,Rowlett,United States,04744,Utah,48 Craut,1936-08-18,1639
crmid:2425838477,acid1887@gmail.com,Ed,Reynolds,male,705-878-0500,Portage,United States,95101,Utah,146 Lopez,1994-10-04,1434
crmid:4730903239,swallow1819@live.com,Doug,Fuentes,,762-975-3039,Jacksonville,United States,86660,Maryland,1053 South Gate,1975-11-11,1717
crmid:8137773792,astomia1803@live.com,Tristan,Diaz,male,944-125-8897,Avon Lake,United States,54500,Washington,1198 South Hill,1935-09-08,425
crmid:7447798764,apogon2063@gmail.com,Cletus,Decker,,121-395-0464,Menomonee Falls,United States,24105,Oregon,888 Thomas More,1989-04-24,1920
crmid:6800248509,diptera2045@outlook.com,Amira,Miles,female,244-677-1115,Edwardsville,United States,08792,Montana,1326 Pulaski,1958-01-20,1247
crmid:4143495530,fabio1873@yahoo.com,Tom,Thomas,male,361-619-6832,Brentwood,United States,58881,Michigan,328 London,1941-09-29,2237
crmid:4610682053,codeias1982@yahoo.com,Grady,Cannon,,238-299-2621,Santee,United States,28612,Minnesota,603 Doric,1964-02-27,707
crmid:1927712672,thick1910@outlook.com,Glady,Craig,female,793-964-5980,Duarte,United States,79618,Delaware,718 Lenox,1955-12-06,2447
crmid:5856546760,consolute1948@yahoo.com,Bo,Hardin,,128-869-9480,Hot Springs,United States,72030,Washington,1345 Lagunitas,1973-04-15,1161
crmid:9925075648,primiparity2062@yandex.com,Isela,Mcgee,female,508-670-5466,Evans,United States,77758,North Carolina,1106 Bowman,1960-11-23,521
crmid:6436128269,bloodsports2066@gmail.com,Chong,Simpson,,488-176-4434,Nicholasville,United States,96693,Colorado,132 Beachmont,1997-11-12,582
crmid:4498881296,tribromophenol1929@outlook.com,Elliot,Wilkinson,male,306-562-5473,Rowlett,United States,07944,Kentucky,350 Cardenas,1930-03-31,2665
crmid:1496211819,simmer2019@yahoo.com,Shayne,Buckner,female,135-138-2238,Rochester Hills,United States,74243,New Hampshire,174 Miguel,1961-08-04,2414
crmid:2392613491,javanese1920@live.com,Duane,Clemons,,678-019-7936,Norton Shores,United States,64866,New Mexico,1219 Rausch,1999-11-29,2659
crmid:9451086073,budgerigar1965@yahoo.com,Houston,Harvey,male,239-751-1617,Richmond,United States,62766,West Virginia,1225 Jose Sarria,1934-05-13,318
crmid:7763005803,apina1989@gmail.com,Suzi,Reid,female,432-962-8787,East Peoria,United States,57034,Montana,579 Lilac,1957-10-16,1782
crmid:9809827930,soave1896@gmail.com,Salvador,Madden,male,679-036-0490,Central Falls,United States,50167,Arizona,1182 Middle Point,1945-09-18,2221
crmid:5730633007,guppy1949@gmail.com,Oliver,Fulton,,998-132-2594,Glendale Heights,United States,94463,South Dakota,942 Lancaster,1966-10-14,2765
crmid:3495573991,dehaan1831@yandex.com,Lashaun,Bentley,female,638-587-8249,South Euclid,United States,19005,New Hampshire,719 Merchant,1950-10-10,992
crmid:7422145729,chromomere1960@gmail.com,Leland,Faulkner,,604-145-4740,Trotwood,United States,38623,Arkansas,641 Kern,1978-11-27,2065
crmid:8473238800,chaplin1912@gmail.com,Klara,Lynn,female,095-492-2149,Douglasville,United States,20732,Wisconsin,1397 Saddleback,1955-05-18,1751
crmid:2029947023,gunslinger1980@live.com,Sammie,Riggs,,139-900-4887,Millbrae,United States,63479,Minnesota,349 De Soto,1990-11-23,2593
crmid:8477668359,yammering1916@yahoo.com,Nathanial,Cardenas,male,720-179-6881,South Gate,United States,01374,Indiana,46 Berry,1939-07-05,1732
crmid:3558268346,aspherical1807@outlook.com,Elliot,Melton,male,446-281-4023,Baldwin,United States,96066,Alabama,865 Rousseau,1935-03-20,2454
crmid:4597278921,mesosphere1858@outlook.com,Don,Chan,,952-489-8537,Kingman,United States,26314,Illinois,1101 Harney,1977-04-21,1934
crmid:8367299368,predeciding1835@yandex.com,Marshall,Michael,,765-818-3355,Watsonville,United States,36895,Missouri,800 Eve,1977-11-26,2699
crmid:6097883514,bahamian1858@live.com,Les,Conley,,290-011-6830,Grapevine,United States,39034,Washington,609 Concord,1967-05-26,1203
crmid:8727497996,monstrify1927@outlook.com,Rayford,Bentley,,972-041-3035,Gallup,United States,75802,Kansas,1370 Holly Park,1965-06-18,657
crmid:1860899612,pedocalcic1945@yahoo.com,Ward,Suarez,,013-391-9490,Warner Robins,United States,37791,Oregon,175 Mansell,1978-05-24,467
crmid:3770540857,thingumadoodle2014@gmail.com,Von,Joseph,,785-105-5334,Hawthorne,United States,28484,West Virginia,1030 Brook,1970-04-03,647
crmid:4096384784,evenfalls1919@yandex.com,Jonathon,Rutledge,,958-149-3373,Gladstone,United States,92577,Oklahoma,518 Harold,1966-05-26,2961
crmid:8196642928,convolvulus1998@outlook.com,Craig,Goodwin,,902-186-4679,Menlo Park,United States,12376,Kentucky,188 Vidal,1989-03-02,2397
crmid:2683777299,punkwood1804@live.com,Isa,Rivas,female,485-178-3612,Quincy,United States,91692,Nevada,95 Alta,1946-12-22,1576
crmid:3843626842,desirae1950@gmail.com,Eldridge,Hodges,male,090-263-2500,Tamarac,United States,97419,Louisiana,1362 Carroll,1944-12-06,2380
crmid:8625098923,pinta1851@yahoo.com,Hayden,Vang,,151-726-9644,Mason City,United States,44284,Mississippi,428 Commercial,1987-07-02,2485
crmid:9311024238,unimodal2055@outlook.com,Geoffrey,Ortega,,365-795-0989,Port Hueneme,United States,86665,Iowa,877 Sussex,1973-11-17,925
crmid:1035331743,close1813@live.com,Magali,Harrison,female,653-775-8408,Edina,United States,38729,Utah,1075 Moultrie,1958-06-13,2868
crmid:9289220484,outlivers1917@yandex.com,Brett,Hooper,,050-444-9243,Pleasanton,United States,48730,Hawaii,229 Hanover,1983-06-28,834
crmid:8322467414,spiderling2016@yandex.com,Garry,Stark,,448-197-1469,West New York,United States,44092,Georgia,867 Athens,1984-11-16,2386
crmid:8723285322,uniserial2025@outlook.com,Stephen,Henderson,male,904-219-3672,Asbury Park,United States,95654,Illinois,368 Annapolis,1934-09-13,1714
crmid:3580814370,daimen1843@yandex.com,Jamie,Coleman,,705-978-0523,McHenry,United States,60558,Idaho,580 Bernal Heights,1988-10-30,1767
crmid:5836604497,folkmotes2024@outlook.com,Janett,Sparks,female,192-165-6758,Wilmette,United States,25625,Utah,1316 Riley,1961-10-28,377
crmid:3799996876,emball1973@live.com,Eleni,Nguyen,female,230-588-7552,Muskego,United States,26149,Nevada,1303 Julian,1994-04-24,2893
crmid:6675069750,bauch1914@outlook.com,Lionel,Lloyd,male,521-615-8675,Bozeman,United States,36925,Indiana,291 Glen,1940-06-17,1468
crmid:7992025566,ribbons1962@yahoo.com,Aldo,Sexton,,401-484-6397,La Vergne,United States,67103,Utah,852 Mabini,1979-11-19,2238
crmid:5798318555,avenger1986@yandex.com,Brain,Mcconnell,,525-150-0395,League City,United States,51098,Tennessee,710 Myra,1981-09-06,558
crmid:6889381917,quartern2036@yandex.com,Arthur,Vazquez,male,548-223-7184,Beverly,United States,07140,Florida,222 Russell,1939-01-29,915
crmid:8918918056,chromatics1904@outlook.com,Donald,Mcfadden,,694-636-0900,Loveland,United States,60155,Indiana,1079 Castillo,1984-11-02,1665
crmid:9244044519,santalol2023@yahoo.com,Corey,Fuller,,520-871-8971,Lakeville,United States,03129,North Dakota,436 Dr Carlton B Goodlett,1980-02-13,1355
crmid:6853314766,tartanas1880@gmail.com,Chi,Peck,male,829-103-5870,Broomfield,United States,70739,Maryland,284 Gabilan,1942-12-29,710
crmid:2858346263,cambeva2003@live.com,Tynisha,White,female,017-613-5849,East Chicago,United States,54301,Oregon,216 Nimitz,1957-09-14,1746
crmid:8818492281,enkidu1975@live.com,Homer,Cooper,male,682-888-7386,Sumter,United States,01936,Iowa,802 Fortuna,1934-05-07,2090
crmid:8962632068,anything2050@live.com,Cedric,Elliott,,082-140-9815,St. Marys,United States,61829,New York,120 Merrie,1992-03-04,2587
crmid:1593137768,culch1823@live.com,Jake,Stokes,male,209-031-2015,Statesville,United States,56888,Delaware,99 Gellert,1999-02-21,353
crmid:4021465849,heiress1801@live.com,Del,Morton,,684-641-9520,Mount Clemens,United States,80148,Alabama,1361 Perry,1993-02-02,2084
crmid:9559844712,malices1832@live.com,Trent,Harper,,278-212-0341,Mission Viejo,United States,72534,California,1246 Hazelwood,1991-12-10,835
crmid:4892839526,overgratefulness1910@yahoo.com,Arcelia,Sims,female,640-522-4228,Eugene,United States,02264,California,1036 Cassandra,1960-01-27,1708
crmid:5577658065,regularity2058@yahoo.com,Fred,Osborn,male,755-360-4692,Syracuse,United States,02707,Connecticut,1195 Temescal,1933-11-07,510
crmid:4363395674,protocoled1932@outlook.com,Nicolas,Gross,,768-884-9527,Seattle,United States,99829,Nevada,1087 Morgan,1990-05-27,461
crmid:3492709506,highbrows1907@outlook.com,Tenesha,Sanford,female,168-326-0578,Upland,United States,71553,Indiana,315 Vulcan,1996-04-21,937
crmid:7601378053,didine1976@outlook.com,Irvin,Holmes,,810-361-3799,Newport Beach,United States,52325,Wisconsin,244 Merrie,1997-09-14,1267
crmid:4106083409,dotan2029@live.com,Lasandra,Acosta,female,677-727-0676,West Covina,United States,82766,Virginia,731 Nichols,1949-05-01,689
crmid:7634318696,comart1887@live.com,Wilber,Summers,,506-648-2398,Florissant,United States,36839,Oregon,158 Andover,1962-06-11,1534
crmid:3879437648,gript1904@outlook.com,Eusebio,Poole,,102-749-6859,Goodyear,United States,73819,Maine,995 Garnett,1967-01-12,982
crmid:5027501139,immunology1832@outlook.com,Mike,Fuentes,male,833-535-9643,Simi Valley,United States,94508,Missouri,775 Reposa,1930-07-10,1263
crmid:7808525687,unadoptive1948@yandex.com,Albert,Sargent,,112-572-2523,Phoenix,United States,28480,Kansas,942 Lake Forest,1962-08-27,1063
crmid:9984532651,caribous1993@gmail.com,Tom,Howell,,640-453-2439,Tullahoma,United States,46741,Missouri,498 Mill,1984-06-21,2964
crmid:3341014112,subatom1965@yahoo.com,Eugenie,Fowler,female,260-320-6702,North Miami Beach,United States,11773,Washington,233 Hare,1998-03-06,2861
crmid:9023103410,azoic1833@gmail.com,Domingo,Washington,,053-549-3558,Liberty,United States,72769,Alabama,1241 Brentwood,1982-09-08,1710
crmid:4582499326,amphibological1995@yandex.com,Tanner,Montgomery,,158-799-4029,Holladay,United States,40515,Tennessee,782 Wallace,1972-08-05,1565
crmid:7664425975,goladar1875@outlook.com,See,Valenzuela,female,371-646-3825,Converse,United States,76860,Arkansas,1281 London,1950-12-27,2524
crmid:6749565351,annihilates1875@live.com,Ezekiel,Whitney,,120-845-4960,Methuen,United States,29094,Georgia,405 Eucalyptus,1990-04-25,977
crmid:1900335236,nickers1916@outlook.com,Geoffrey,Strickland,male,861-557-2640,Brigham City,United States,78228,Utah,1027 Clipper Cove,1941-04-28,2378
crmid:8843375670,chotts1859@yahoo.com,Linwood,Cruz,,939-955-4630,Gadsden,United States,74622,Delaware,731 Industrial,1964-12-10,632
crmid:9616937736,databank1905@outlook.com,Jewell,Savage,,029-400-3918,Manassas,United States,72352,California,480 Clarkson,1986-12-12,1892
crmid:9528861852,codfish1901@gmail.com,Linh,Moore,female,071-321-0087,Conroe,United States,36631,Colorado,662 Commer,1950-05-20,2486
crmid:3267547121,altiplano1958@gmail.com,Tom,Kim,,074-210-9208,Hastings,United States,02481,West Virginia,871 Jack Kerouac,1970-02-18,2168
crmid:2477284581,deanery1890@live.com,Lane,Haney,,700-528-2480,Galveston,United States,31348,Maine,140 Adair,1965-06-04,1280
crmid:7050518629,elusions1907@outlook.com,Donte,O'neil,,013-153-1875,Roanoke,United States,46861,Washington,21 George,1989-08-21,2310
crmid:5098205825,hellion1809@yandex.com,Mauricio,Chang,male,732-311-6255,Agawam,United States,71080,Virginia,339 Leroy,1930-07-06,1346
crmid:2976842241,middlesplitter1824@live.com,Emerson,Kline,,524-255-9235,Zion,United States,43544,West Virginia,794 Lawton,1987-07-13,1515
crmid:4965683421,ao2014@outlook.com,Josh,Buckner,,651-726-9230,Meriden,United States,05812,Texas,1335 Prentiss,1989-01-01,2450
crmid:1315887293,summational2023@live.com,Elenora,Flores,female,022-376-7994,Duarte,United States,82974,Alabama,817 Hegal,1955-03-10,439
crmid:5602706851,countor1888@yahoo.com,Rachell,Hahn,female,612-672-4889,Christiansburg,United States,53127,Florida,282 Horace,1947-10-14,481
crmid:9871339529,pangasinan2012@gmail.com,Arlen,Valenzuela,male,923-780-9253,Munster,United States,90049,Iowa,340 Mccoppin,1994-01-01,432
crmid:2206202738,deputes2007@yahoo.com,Jay,Melendez,female,108-752-5725,Fairfax,United States,82388,Idaho,303 Boalt,1961-04-20,441
crmid:6334366023,hyena1852@live.com,Houston,Henson,,598-771-7025,Gloucester,United States,43766,Montana,631 School,1966-07-25,1854
crmid:1902108106,gharial2070@live.com,Elijah,Hines,male,006-433-1868,Alsip,United States,17850,Alaska,1380 Hickory,1931-03-14,387
crmid:7951706151,unebriate1823@live.com,Bong,O'donnell,female,352-926-3017,Corona,United States,04043,Maine,709 Issleib,1950-01-22,2299
crmid:1238073763,kabistan1875@live.com,Kizzy,Shaffer,female,378-989-6928,Chico,United States,68778,Kansas,217 Montana,1947-11-09,2079
crmid:2178469333,caddle1852@yahoo.com,Rosario,Avery,,678-502-2645,Las Cruces,United States,38305,Connecticut,1254 Colusa,1981-06-25,2443
crmid:8761110762,greyhen1964@yandex.com,Courtney,Kramer,,383-525-7791,Hemet,United States,54811,Rhode Island,1039 Main,1971-09-21,2458
crmid:5743818428,bathe1847@outlook.com,Keith,Bentley,,751-640-3970,Olive Branch,United States,34709,North Carolina,1060 Central Magazine,1980-01-14,2592
crmid:2110006266,boosters1825@yahoo.com,Kimberlie,Richards,female,077-599-3355,Rancho Cucamonga,United States,52200,Virginia,557 Lucky,1996-03-09,2841
crmid:3193042321,streamliner1975@live.com,Josef,Hawkins,,876-424-1593,Queen Creek,United States,38034,Michigan,168 Ecker,1974-08-02,1740
crmid:7293111858,brachiopode2059@live.com,Deshawn,Hart,male,785-302-1347,Cedar Hill,United States,93854,Missouri,1060 Wanda,1945-03-13,2276
crmid:7644618613,biddie1978@outlook.com,Arnulfo,Bean,,922-144-7731,Whitehall,United States,89082,Texas,108 Balmy,1995-07-01,1354
crmid:6871705930,tropicbird1921@live.com,Walter,Howard,male,854-414-7056,Atlanta,United States,64533,West Virginia,874 Santa Clara,1934-12-19,394
crmid:8135777770,congruism2065@live.com,Geoffrey,Stark,male,984-846-7602,South Euclid,United States,52373,Nevada,197 Ramsell,1995-02-08,2008
crmid:7719457533,discoverer1973@live.com,Kassie,Vance,female,186-201-5803,Crystal,United States,28514,Rhode Island,1187 Harold,1952-05-29,1698
crmid:4627518219,antonin1803@yandex.com,Felipe,Patrick,male,604-825-1174,Alpharetta,United States,21060,Nebraska,570 Marine,1931-04-23,451
crmid:8323376133,oddnesses1901@yahoo.com,Roger,Nieves,male,124-232-8446,Brooklyn Park,United States,86264,Georgia,895 Karen,1942-08-21,2510
crmid:2223896935,concretization1957@yandex.com,Jamal,Solomon,,308-399-8353,Marietta,United States,63781,Maryland,866 Mount Vernon,1987-11-05,2659
crmid:2549560759,cowtail2018@yandex.com,Clay,Alexander,male,148-803-0065,Alsip,United States,09864,Nevada,985 Bernice,1931-02-01,1088
crmid:1689490815,swimy2019@yahoo.com,Williams,Pearson,,428-802-1094,Temecula,United States,43595,Alabama,457 Spring,1983-08-11,2510
crmid:4495043004,corban1976@live.com,Derick,Kinney,male,816-508-3020,Anniston,United States,17762,Virginia,1186 Palace Of Fine Arts,1933-03-16,891
crmid:7957928538,rail1921@live.com,Octavio,Harrison,male,841-573-0268,Alice,United States,44236,Illinois,1146 Fifth,1931-07-13,1240
crmid:3482914375,unconformableness1859@yandex.com,Rickey,Roberson,,251-983-4625,Hammond,United States,67347,Arizona,940 Constanso,1969-11-30,1132
crmid:5880180035,unpostulated1973@yahoo.com,Lawerence,Mueller,,835-099-1316,Lackawanna,United States,41365,Maryland,709 Edgehill,1979-07-22,1209
crmid:2095417407,unincestuous1907@yandex.com,Trent,Frazier,,178-108-8238,Hopewell,United States,48522,Delaware,1376 Grote,1973-08-04,1942
crmid:3336131898,longshoremen2066@outlook.com,Santiago,Foreman,male,147-286-8245,Alameda,United States,58551,New York,564 Crossover,1930-09-10,1234
crmid:8812835093,gasped1929@live.com,Stan,Alvarado,,642-623-1025,Gardena,United States,32042,Rhode Island,921 Wright,1965-06-07,2460
crmid:6216847968,betaking1948@outlook.com,Antony,Welch,,940-776-7806,Sugar Hill,United States,31109,North Carolina,128 Lake Merced,1971-12-04,2753
crmid:4384240041,fogger2024@outlook.com,Scott,Miranda,,984-645-1254,Los Angeles,United States,34868,New Hampshire,960 Delmar,1984-06-24,1835
crmid:8957747397,uppercutted1821@outlook.com,Evelyne,Perez,female,137-293-1520,Westbrook,United States,52159,New York,64 Del Monte,1958-03-23,1060
crmid:3788637384,antibiotic1878@yahoo.com,Bart,Head,male,133-573-5417,Beverly,United States,03133,Iowa,913 Madera,1939-01-13,1863
crmid:1491402136,notifying1889@yandex.com,Reed,Hall,,031-364-6333,Gardner,United States,73047,Hawaii,360 Culebra,1965-06-29,2906
crmid:3168730785,uniembryonate1823@yandex.com,Xavier,Deleon,male,450-142-8556,Alamogordo,United States,51045,California,397 Hays,1930-10-08,605
crmid:9774392828,divest2044@live.com,Joeann,Roman,female,876-875-4219,Orinda,United States,12499,Kentucky,82 Wetmore,1948-11-08,1260
crmid:9513669574,gonzo1973@outlook.com,Hassie,Mcfarland,female,202-953-4497,Chino,United States,75306,Tennessee,1029 Holland,1947-12-07,376
crmid:4363351027,ceruse1881@yandex.com,Mose,Sharpe,,911-348-3356,Michigan City,United States,86158,New Jersey,299 East Crystal Cove,1990-02-21,2770
crmid:7588961072,presecuring1899@yandex.com,Silas,Bowen,,430-256-0977,Huntsville,United States,69258,California,399 Willard,1974-12-19,2750
crmid:2941810019,mongrel1984@outlook.com,Brandon,Morris,female,645-438-1102,Elk Grove,United States,07719,Wyoming,902 Judson,1959-01-21,1980
crmid:3074233336,bemoon2053@outlook.com,Miguel,Stanton,male,135-424-0488,Salem,United States,68089,New York,236 Colin,1936-07-28,383
crmid:5807976118,postimpressionist2064@yahoo.com,Tam,Miranda,female,395-834-1641,Chapel Hill,United States,43853,Oregon,770 Letterman,1946-08-20,2309
crmid:9584103068,woodcock1870@yandex.com,Arlen,Morrison,,215-585-0928,Laramie,United States,79834,South Dakota,428 Farview,1980-12-21,2385
crmid:7105227013,furbished1926@gmail.com,Kareen,Lowe,female,924-347-9831,Pueblo,United States,62502,Indiana,894 Decker,1955-04-18,793
crmid:7400041900,verdurer1864@yandex.com,Quentin,Mcfarland,,098-481-5520,Palisades Park,United States,52485,Kansas,259 Croaker,1965-10-13,926
crmid:3406936905,admonisher1885@yahoo.com,Porsche,Morgan,female,931-108-6391,Sparks,United States,97969,Oklahoma,1222 Ellert,1954-07-21,1184
crmid:2468953945,shmaltzier1975@yahoo.com,Armando,Erickson,,770-050-5946,League City,United States,03275,Louisiana,159 Bowley,1981-01-01,925
crmid:9242247377,ashcake2028@live.com,Adalberto,Munoz,,106-679-9411,Yukon,United States,97166,New York,915 Grace,1978-12-28,1804
