crmid,email,first_name,last_name,gender,mobile telephone,city,country,zip,state,street address,birthday,historicalpoints
crmid:1922847458,garbs1836@yandex.com,Al,Lindsey,,888-908-0203,High Point,United States,90825,Idaho,147 Allen,1971-02-27,1637
crmid:7537619621,betassel1914@yahoo.com,Sonny,Talley,,492-220-2422,Northfield,United States,75549,Michigan,459 Tulip,1999-10-17,2227
crmid:1337838698,avernal1876@yandex.com,Gregg,Lamb,,561-397-4652,Lumberton,United States,27781,Kansas,408 Striped Bass,1985-05-20,771
crmid:2551963180,incaliculate1834@live.com,Breana,Berry,female,539-507-6660,Elko,United States,70405,Mississippi,1379 Ware,1959-01-03,1213
crmid:3441467255,persian2053@live.com,Peter,Lindsay,female,024-664-1685,Clarksdale,United States,44402,Nevada,1265 Ocean,1948-07-17,1865
crmid:2295812275,heartbird1867@live.com,Irvin,Ashley,,462-297-2057,Kingman,United States,00269,Florida,850 Morgan,1977-02-02,1962
crmid:7419979336,archsewer1861@gmail.com,Stacy,Gardner,,779-668-0906,Wheaton,United States,86450,South Dakota,781 Cordelia,1971-11-08,1652
crmid:4513766316,dipietro1960@gmail.com,Elvis,Atkinson,male,448-062-1046,Bolingbrook,United States,60734,Montana,56 Homestead,1940-11-06,2222
crmid:3432444804,boudreau1873@yahoo.com,Sang,Parker,female,495-593-7595,Covington,United States,43149,North Carolina,1096 Lyndhurst,1951-08-22,1136
crmid:3003592428,nete1829@yandex.com,Dimple,Jones,female,470-960-1492,Columbia Heights,United States,11990,Texas,19 Coventry,1949-03-16,2136
crmid:4923385055,duckwalk1815@gmail.com,Toney,Kaufman,,157-127-0735,Niles,United States,94440,Alaska,218 Merriam,1997-06-16,2185
crmid:5212942962,jeopardise1835@outlook.com,Josh,Battle,,830-199-0816,Laredo,United States,48050,Minnesota,35 Everson,1980-08-16,2869
crmid:9435242166,pika1879@yandex.com,Daron,Barber,,333-414-4908,Norco,United States,42198,Hawaii,197 Dunnes,1998-08-15,747
crmid:7687604551,propacifist1858@yandex.com,Columbus,Yang,male,439-504-3224,Buffalo Grove,United States,11184,Massachusetts,268 Beacon,1942-02-05,2895
crmid:6899582478,zapateo1837@yandex.com,Long,Owens,male,137-315-5940,Cedar City,United States,32013,Washington,106 Martinez,1945-06-22,2376
crmid:4203993575,cadwal1927@yandex.com,Tiny,Stone,female,521-408-2762,Elizabeth City,United States,51728,New Jersey,984 Faxon,1959-09-28,1824
crmid:7019904961,sexualized1876@yandex.com,Cedric,Head,,020-691-7511,Montebello,United States,94020,Georgia,729 Adolph Sutro,1992-06-16,2936
crmid:9926693231,jaborin1909@gmail.com,Asa,Allison,male,689-238-4490,Beckley,United States,06161,North Carolina,84 Hampshire,1937-01-01,2109
crmid:2481149983,shaping2041@yahoo.com,Moses,Dunn,,629-663-4992,North Richland Hills,United States,75422,Arizona,1020 Scott,1999-12-28,1958
crmid:1062840424,ballistae1993@outlook.com,Lyle,Mcbride,,826-635-7632,La Mesa,United States,36656,Iowa,444 Northwood,1978-07-29,971
crmid:9213545249,magenta1831@live.com,Ambrose,Miranda,,598-578-3561,Minot,United States,68004,Wyoming,1084 Boyd,1991-10-24,856
crmid:7021357358,prissy1845@yahoo.com,Erlene,Moss,female,339-260-8924,Roy,United States,16406,Florida,437 Greenwood,1947-03-21,2464
crmid:3324593523,vineal1814@outlook.com,Georgetta,Dunn,female,068-008-5283,Eagle,United States,76231,Utah,876 Encline,1956-12-24,1646
crmid:4361767298,business1829@yandex.com,Raul,Austin,,884-349-4205,Hamilton,United States,74400,Maryland,24 Calgary,1969-08-04,1587
crmid:8420582171,byroad1900@live.com,Kattie,Hays,female,267-226-2862,Cincinnati,United States,28712,South Carolina,1371 Juri,1947-05-13,1279
crmid:9866244873,sippingly2052@gmail.com,Pat,Tillman,male,947-510-5815,Prattville,United States,84064,Mississippi,638 Rodriguez,1936-08-29,629
crmid:8296511257,enunciators1938@live.com,Franklin,Hughes,,265-549-5019,Los Banos,United States,13429,Louisiana,1137 Osceola,1984-03-08,1403
crmid:6882943926,precisionize1817@outlook.com,Santiago,May,,452-056-8426,Sioux City,United States,83197,Oklahoma,71 Van Keuren,1975-04-04,1452
crmid:6292224349,rauwolfia1911@yandex.com,Brendan,Bowen,,099-184-1755,Rogers,United States,40019,Indiana,168 Battery Wagner,1988-03-01,1947
crmid:2590434648,peelings2000@outlook.com,Jeff,Barr,,362-311-4119,Hollister,United States,57280,Montana,619 Concord,1972-09-08,2855
crmid:4494328572,ericsson1913@outlook.com,Elton,Pena,,132-809-1229,Harlingen,United States,52489,North Dakota,453 Natoma,1969-09-18,1865
crmid:5035322955,mudrooms1968@gmail.com,Theodore,Lara,,991-822-0748,Pullman,United States,21519,Michigan,375 Utah,1962-06-06,2274
crmid:4144941956,shipwrecky2039@live.com,Sherwood,Hartman,,352-056-1688,Ithaca,United States,62659,Missouri,960 Peralta,1975-11-18,1846
crmid:6092334661,strutting2016@gmail.com,Ethyl,Briggs,female,983-109-2550,Valparaiso,United States,91061,Wisconsin,234 Quartz,1947-03-04,747
crmid:3362082637,dissonancies2051@outlook.com,Melita,Travis,female,366-438-6043,Fairmont,United States,79639,Vermont,1367 Spooner,1961-12-31,1549
crmid:7737577469,deodate1816@outlook.com,Levi,Charles,male,534-533-3722,Adrian,United States,35053,Nevada,1048 Todd,1930-06-06,872
crmid:2698663796,coquets2026@live.com,Elwood,Lucas,male,678-296-1133,Oak Park,United States,71476,New Hampshire,105 Bache,1936-03-18,1685
crmid:2742738889,upseek2021@outlook.com,Loreta,Wiggins,female,761-518-2958,Stamford,United States,53944,Mississippi,1116 Encinal,1998-04-11,2621
crmid:6806761236,couturier1860@gmail.com,Danika,Mcconnell,female,343-665-3450,Enterprise,United States,81094,West Virginia,176 North 15Th,1960-11-04,1822
crmid:2834872611,wivern1955@yahoo.com,Tamie,Lee,female,977-832-1644,Dickinson,United States,43739,Maine,334 Jersey,1955-08-17,2677
crmid:6829389755,facer1969@yahoo.com,Nathaniel,Reyes,,340-943-0935,Wildwood,United States,84143,California,28 Martinez,1988-04-06,2679
crmid:1025400517,electrobath1987@gmail.com,Leonard,Sellers,male,059-014-9671,Aiken,United States,38611,New Hampshire,341 Beach,1930-06-26,2205
crmid:4107645621,trunks1912@yandex.com,Cristie,Bender,female,349-749-7861,Conroe,United States,90812,Minnesota,211 Rhine,1950-02-02,1354
crmid:4887371220,hoops1917@yandex.com,Samara,Rojas,female,415-691-1360,Detroit,United States,49111,New Jersey,1204 Crags,1954-08-25,721
crmid:1434892102,analgesist1837@yandex.com,Nathaniel,Mcclain,,268-137-9225,Tupelo,United States,21465,Kentucky,1240 Gladstone,1964-03-05,1909
crmid:4656824250,globalism2057@yandex.com,Carey,Coffey,,710-326-3572,Woodridge,United States,55312,South Carolina,369 Caledonia,1998-12-17,1363
crmid:1520991121,prowling1961@live.com,Cornelius,Sykes,,886-780-4611,Lodi,United States,13688,Massachusetts,840 Hunt,1983-03-27,375
crmid:2617636599,undistrustfulness1973@live.com,Lili,Delaney,female,341-042-9786,Decatur,United States,39973,Minnesota,277 Quebec,1953-05-08,725
crmid:2866061337,phytosauria2010@outlook.com,Alonzo,Gilbert,male,166-312-1050,West Des Moines,United States,89054,Illinois,1251 Lloyd,1932-12-01,1530
crmid:5479197415,hyperpersonal1857@yahoo.com,Hugo,Dudley,,346-697-2351,Massapequa Park,United States,02234,Delaware,716 Robinson,1988-01-27,2172
crmid:9727447698,weedlike2022@live.com,Barry,Buckner,male,759-654-7471,Bolingbrook,United States,66154,Washington,1204 Rhine,1940-11-30,1487
crmid:7100307906,rhinoceros2060@live.com,Darnell,Rivers,,365-942-1166,La Mirada,United States,64186,New Hampshire,279 Taylor,1978-12-15,339
crmid:6082987354,baldest2055@yandex.com,Lillia,Solis,female,050-489-5154,Troy,United States,61884,New York,1079 Carpenter,1946-12-26,2850
crmid:3429501508,glycerol2060@yahoo.com,Earlie,Neal,female,282-089-0073,Newburgh,United States,26852,Connecticut,169 Lafayette,1997-04-05,2952
crmid:5332257229,pisiform1845@yahoo.com,Gale,Donaldson,,448-027-3204,Loveland,United States,26625,Rhode Island,91 Ringold,1984-05-03,881
crmid:4679788057,bijou1946@yandex.com,Rudolf,Hurley,male,507-046-3464,Alsip,United States,41250,Arkansas,1004 Capra,1931-08-15,653
crmid:3004536769,dingar1850@yandex.com,Raleigh,Baldwin,,335-087-8516,Fremont,United States,50802,Connecticut,676 Shaw,1964-09-01,2368
crmid:1706677016,overlow1802@outlook.com,Hank,Haynes,,692-110-4321,Millbrook,United States,37277,Alabama,1329 Panama,1991-06-12,1373
crmid:7867660388,podagry1960@yandex.com,Lawerence,Bradford,male,931-022-7700,Bossier City,United States,32393,Connecticut,8 Bonview,1940-06-03,1423
crmid:2571050209,kooks1989@yandex.com,Winfred,Boyd,,985-620-6202,Pinellas Park,United States,99605,Hawaii,760 Broadway,1978-07-22,2434
crmid:4174771520,benthos1838@live.com,Barney,Reed,male,400-550-1297,Valdosta,United States,07504,Connecticut,138 Stoneybrook,1941-01-24,562
crmid:7838842472,deloris1837@yahoo.com,Gerard,Glenn,male,695-132-0993,Rockford,United States,90380,Texas,374 Divisadero,1937-04-11,2300
crmid:3135648665,eccentrics1991@yandex.com,Barbar,Hess,female,604-438-4662,Coalinga,United States,02862,Hawaii,830 Peters,1948-01-14,2131
crmid:1694608130,maltese1997@yandex.com,Wendell,Shaw,male,070-960-8076,New Brunswick,United States,65153,California,230 Armory,1996-10-04,775
crmid:5538598424,naturopathy1905@yandex.com,Daren,Rivas,,549-108-2972,Hudson,United States,30172,Utah,169 Gateview 2,1973-06-23,1595
crmid:6074487543,partridge1833@yandex.com,Kerry,Pennington,,851-427-5681,Hobbs,United States,68616,Alabama,300 Brighton,1972-11-21,1148
crmid:7024757523,sciences1993@yahoo.com,Doug,Preston,,523-214-9793,Vancouver,United States,47413,Nevada,911 Northwood,1989-12-26,2617
crmid:1915951107,oversured1929@outlook.com,Eddie,Bonner,,634-991-9301,Kirkland,United States,61164,Delaware,817 Devonshire,1978-11-12,2561
crmid:5651722373,panther1961@gmail.com,Clyde,Foster,,633-749-7160,Freeport,United States,14203,South Carolina,700 Blatchford,1964-03-13,1855
crmid:1862983768,tirrivees1991@yahoo.com,Williams,Lara,male,868-284-1451,Aurora,United States,53386,Florida,472 Indiana,1935-10-17,2891
crmid:4826236682,chrystal1804@gmail.com,Jonas,Holder,,517-578-9288,Santa Fe Springs,United States,69444,Vermont,484 Atalaya,1991-08-12,2790
crmid:7839738591,toprail1924@yahoo.com,Maximo,Hurst,,409-951-8642,Loveland,United States,01943,Kansas,666 Rivera,1984-01-31,1299
crmid:2389109085,bandager2045@live.com,Kim,Blankenship,,400-262-2905,Warner Robins,United States,89113,Nebraska,1140 Miley,1972-03-25,1916
crmid:8215779511,microtome1835@outlook.com,Dario,Adkins,,867-034-3363,University Place,United States,32159,California,65 Hancock,1970-04-10,749
crmid:3495621830,bedlamic1919@yahoo.com,Alexis,Chandler,male,426-660-7103,Westland,United States,88016,Hawaii,675 Ship,1940-01-06,2092
crmid:5601688325,chiseler2037@gmail.com,Galen,Wynn,,289-227-5322,Mattoon,United States,47769,Texas,1238 Barcelona,1988-07-16,1959
crmid:4785739617,telepathically2042@yandex.com,Ethelene,Cole,female,252-885-7919,New Castle,United States,21794,Massachusetts,1062 Jeopardy,1996-04-06,1849
crmid:1288442026,abundantia2029@yahoo.com,Lazaro,Peterson,male,592-824-3099,Belvidere,United States,32459,Kansas,962 Hamerton,1938-06-23,2437
crmid:2062392312,kibbutz1856@live.com,Harold,Price,,546-212-5488,Taylor,United States,73123,Arizona,609 Coleridge,1983-06-29,1546
crmid:4287515095,endocrinopathic1918@gmail.com,Oren,Osborn,male,137-564-4648,Bell,United States,86372,Connecticut,1142 Ney,1937-07-22,742
crmid:5562227600,churinga2011@yandex.com,Youlanda,Eaton,female,904-367-1455,Union City,United States,61219,Hawaii,768 Bancroft,1954-09-09,682
crmid:3547738094,elgar1902@outlook.com,Lucien,Fleming,,180-759-6757,Fort Smith,United States,81351,Louisiana,1190 First,1963-02-06,2027
crmid:6523014476,towelette1874@outlook.com,Michiko,Rivers,female,525-163-0115,Patterson,United States,13590,Kansas,1378 Winn,1955-11-12,1765
crmid:9292488544,coati2029@live.com,Isaac,Anthony,,868-508-8272,Hagerstown,United States,03908,Alabama,1276 Hermann,1969-01-11,643
crmid:2623926963,hypertrophic1812@yandex.com,Ollie,Lancaster,,211-694-2829,Nogales,United States,55034,Iowa,49 Monte Vista,1998-10-15,2777
crmid:4175736716,unadoptive1909@outlook.com,Dwayne,Hardin,male,045-618-1887,Parma,United States,03720,Nevada,392 Westside,1940-03-13,2006
crmid:6889567079,cobhead1870@yahoo.com,Tandy,Kerr,female,058-452-1414,Dyersburg,United States,54344,Arizona,993 Tunnel,1956-10-16,1341
crmid:1685350236,deipnophobia2007@gmail.com,Allyn,Tran,female,923-861-6040,Denison,United States,00454,Virginia,547 Montalvo,1954-01-29,340
crmid:2892741736,bevin1969@yahoo.com,Neida,Gill,female,181-469-0691,Elyria,United States,36206,Wyoming,840 Francis,1959-07-11,1128
crmid:4036421116,blaze2058@yahoo.com,Shona,Byers,female,429-619-9555,Durant,United States,84697,Utah,1036 Westwood,1956-08-04,2040
crmid:3476436989,transubstantiate1875@outlook.com,Yolande,Flowers,female,099-711-6639,Federal Way,United States,75588,Missouri,561 Avenue B,1961-12-18,2601
crmid:8063450635,racker1947@outlook.com,Perry,Hayes,,084-894-6799,Lisle,United States,62146,North Carolina,1391 Miller,1983-11-08,2952
crmid:4648697374,booking2062@outlook.com,Percy,Duran,,170-397-7332,Maricopa,United States,00459,Virginia,1182 Texas,1987-01-22,1438
crmid:6380263043,aluminosis1975@live.com,Randall,Mcdowell,male,497-945-7667,Calabasas,United States,94473,Colorado,455 Sagamore,1943-08-19,1424
crmid:7233615544,boutade1836@yandex.com,Bradly,Harrell,,241-091-3849,Hollywood,United States,45833,Oklahoma,147 Windsor Mill,1972-08-26,1271
crmid:1261065040,cinque1918@outlook.com,Melaine,Gardner,female,034-393-4192,Sandy Springs,United States,77783,Nevada,62 Harkness,1948-06-11,1094
crmid:5633600499,essed1809@outlook.com,Florentino,Church,male,543-328-5132,Athens,United States,81957,Alaska,1183 Lower Fort Mason,1934-04-06,483
crmid:7745453995,ox1885@yandex.com,Josef,Robles,,501-723-8698,Marquette,United States,38431,Hawaii,1029 South Hill,1987-07-22,2715
crmid:6130117476,thieving1876@yandex.com,Kendrick,Butler,,877-571-7201,St. Petersburg,United States,96171,Georgia,1247 Don Chee,1975-03-18,2966
crmid:2166292302,unpermeating2037@outlook.com,Ryan,Sykes,,291-162-9668,Massillon,United States,96642,North Carolina,1371 Larkin,1988-11-22,1982
crmid:6419300017,reinterference1918@outlook.com,Linsey,Hoffman,female,645-077-9036,Winchester,United States,82472,Iowa,1253 Fanning,1961-05-14,2432
crmid:2654473320,atazir1943@yahoo.com,Jacqui,Fuentes,female,275-454-2089,Sycamore,United States,19232,Louisiana,1214 Mississippi,1946-04-10,1119
crmid:3509425116,nonfossiliferous1802@gmail.com,Eddy,Joseph,,776-127-1527,Sarasota,United States,75462,New Mexico,1390 Bowman,1968-08-27,777
crmid:2857893144,shou2014@yandex.com,Emmett,Chambers,,284-044-3600,Madera,United States,87465,West Virginia,321 Fitch,1985-04-25,363
crmid:7125735450,sundering2008@yandex.com,Gustavo,Reilly,,650-851-6452,Woodstock,United States,25147,Iowa,266 Petrarch,1967-12-17,2803
crmid:7048232698,abominated1833@yahoo.com,Ellsworth,Romero,,330-212-7407,Pembroke Pines,United States,49477,Minnesota,629 Bright,1981-09-09,851
crmid:2367522987,mesothetic1861@gmail.com,Frederick,Stephens,,951-346-0372,Prichard,United States,67445,Arkansas,247 Lafayette,1991-11-14,2854
crmid:4937062265,larcenies1960@yahoo.com,Carter,Bonner,,951-472-6554,Goodlettsville,United States,29909,Utah,848 Lower,1967-05-22,2867
crmid:5118407468,phoniatry1998@yahoo.com,Zenobia,Garcia,female,368-631-3658,Naples,United States,82932,Maryland,1176 Merrill,1995-04-21,1003
crmid:8759786539,herve1913@outlook.com,Keith,Kidd,male,438-821-1773,Aventura,United States,35894,Maryland,601 Ora,1935-06-16,581
crmid:1901258544,millipede2002@yandex.com,Sheldon,Holden,,074-764-6471,Laredo,United States,79899,South Dakota,619 Hangah,1980-12-17,2587
crmid:2091846110,periostosis1831@gmail.com,Millard,Burris,,901-057-0879,Phoenix,United States,92918,Nebraska,161 Corbett,1964-08-05,2120
crmid:2843602474,human1979@live.com,Hal,Santana,,521-888-3153,Mauldin,United States,28675,Nebraska,1077 Vandewater,1988-05-13,447
crmid:9950101351,kenticism2016@yandex.com,Kenneth,Salazar,male,232-954-3183,Boynton Beach,United States,87583,New Jersey,601 Moore,1940-06-26,1723
crmid:4981023945,aesthetic2002@live.com,Carrol,Small,,509-015-2196,Raleigh,United States,85800,New Hampshire,140 Pagoda,1980-09-20,1674
crmid:6032327148,uninspired1928@yandex.com,Lloyd,Wells,male,416-694-9307,Algonquin,United States,32852,Maryland,336 Dickinson,1931-06-30,2771
crmid:3464560624,shopkeeperess1827@yahoo.com,Boris,Conway,male,763-643-3616,Schenectady,United States,09156,New Mexico,752 Irving,1930-01-07,882
crmid:4554738106,jungles1924@yandex.com,Julee,Boyle,female,415-241-7630,Cliffside Park,United States,80656,Kansas,911 Megan,1948-04-03,1087
crmid:7153024691,semicultivated1806@outlook.com,Billi,Hines,female,220-735-4790,North Port,United States,18060,Louisiana,173 H,1999-03-30,662
crmid:2527139513,carayan2037@outlook.com,Terrell,Hodge,,606-351-0853,Greeley,United States,19946,New Jersey,29 Sloan,1968-02-02,780
crmid:4592723229,thousand1898@outlook.com,David,Mercer,male,619-605-4775,West Chicago,United States,06796,Hawaii,291 Bigler,1942-03-20,779
crmid:2078181712,blanch1810@yandex.com,Calandra,Hull,female,340-317-3161,Salem,United States,55677,New Hampshire,31 Dalewood,1951-10-22,355
crmid:8432731398,demeo2012@yahoo.com,Nga,Pugh,female,494-354-7248,Citrus Heights,United States,77137,New Jersey,1130 Merrill,1947-12-13,766
crmid:8936895674,puffs1941@outlook.com,Jermaine,Wheeler,,579-120-9301,Saratoga Springs,United States,65492,Oklahoma,1076 Juri,1998-06-16,2736
crmid:6000416840,concrete1941@yandex.com,Curtis,Mcfarland,,464-501-1282,Lima,United States,77655,West Virginia,186 Julius,1982-12-16,1011
crmid:1799357611,levelheaded1824@outlook.com,Matthew,Padilla,,049-105-9741,Twentynine Palms,United States,37093,North Carolina,571 Bengal,1980-03-24,2152
crmid:9562366115,calepin2036@yahoo.com,Bert,Logan,,924-259-4545,Holyoke,United States,13034,South Dakota,231 Grote,1972-03-08,1576
crmid:1984804497,areopagite1824@yandex.com,Lenard,Dyer,,139-533-0662,Somerville,United States,49879,Louisiana,524 Mission Rock,1986-09-29,746
crmid:3490537183,extemporaneity1998@outlook.com,Coy,Perkins,male,665-758-2699,Winter Park,United States,07519,Ohio,505 Storey,1942-02-23,2392
crmid:1440472200,flocoon1963@outlook.com,Roy,Giles,male,471-334-5694,Statesville,United States,90343,Washington,354 Juan Bautista,1937-08-11,2351
crmid:3316445579,chrysanthemum1846@live.com,Cammie,Lucas,female,037-373-8605,Del City,United States,60819,Connecticut,677 Bitting,1954-10-31,1444
crmid:3353426957,parlay1902@outlook.com,Billy,Stokes,,090-321-8908,Queen Creek,United States,43708,South Carolina,409 College,1985-07-20,1393
crmid:7001119994,creaks2017@yandex.com,Burt,Spencer,,485-922-4412,Valdosta,United States,26928,South Dakota,1208 Florence,1966-04-20,1044
crmid:6840720752,caregiver1830@outlook.com,Garrett,Buckley,,168-287-6617,Lynbrook,United States,96812,Oregon,124 Gillette,1985-10-22,1210
crmid:4107554964,dirtbird1958@yandex.com,Dylan,Franco,,296-151-4116,New Castle,United States,74546,New Mexico,339 Diaz,1996-09-13,1057
crmid:5801072869,burgle1845@outlook.com,Odis,Garza,,146-488-3740,Lake in the Hills,United States,41783,Texas,385 Cashmere,1980-08-19,503
crmid:8173316047,cogitate1879@yandex.com,Wilmer,Benjamin,male,014-465-8711,Bessemer,United States,90478,Alabama,358 Sterling,1938-10-02,2954
crmid:4548046986,schizophrenic2011@outlook.com,Garnett,Bowman,female,073-331-7822,Clarksburg,United States,15480,Wyoming,775 Molimo,1948-03-03,2437
crmid:6930348575,badminton1894@outlook.com,Arturo,Weber,male,679-594-4517,Aberdeen,United States,08128,Illinois,1159 Weston,1930-01-30,2724
crmid:9733454915,leesing1836@gmail.com,Christia,Ball,female,029-267-0703,Fairborn,United States,00902,South Carolina,571 Goldberg,1961-02-02,2197
crmid:5429685220,tiptoppishness1825@gmail.com,Gaylord,Reed,,142-558-9708,Laguna Niguel,United States,72200,Connecticut,934 Burnside,1979-05-08,2108
crmid:7191396568,mosks1918@yahoo.com,Genie,Chandler,female,332-325-9014,Sandy Springs,United States,86681,Tennessee,210 Lansdale,1961-03-06,2732
crmid:2557243075,labiduridae1909@yahoo.com,Monroe,French,male,690-016-2295,Rahway,United States,03526,Mississippi,28 Bannock,1939-07-10,2739
crmid:5906981016,regauges1867@outlook.com,Paris,Combs,male,186-770-7987,Albuquerque,United States,71373,Vermont,136 Livingston,1931-12-15,1869
crmid:6848200162,chiasma1816@yahoo.com,Miquel,Molina,,446-469-5940,Vincennes,United States,35863,Arizona,874 Northpoint,1977-01-17,2847
crmid:5697691173,azoic1919@yahoo.com,Moises,Kinney,,230-602-8442,Milpitas,United States,93490,Tennessee,396 Gough,1991-08-13,638
crmid:6953866987,cajaput1996@gmail.com,Alfred,Schultz,male,556-405-8964,Torrington,United States,70603,Oklahoma,1251 Worth,1930-01-26,725
crmid:7674990066,balcom1996@yandex.com,Julian,Harris,,458-900-4647,Tempe,United States,30372,Missouri,931 Bellair,1970-05-01,425
crmid:4104010518,elasmosaur1991@yandex.com,James,Mitchell,,295-253-2661,Woburn,United States,88371,Maine,1179 Frederick,1969-01-23,2185
crmid:7767274534,vilification2048@live.com,Gigi,Roman,female,429-460-1625,Elmhurst,United States,67244,Maine,193 Belle,1959-10-06,2370
crmid:4357348895,akinesia2029@yandex.com,Glenn,Dyer,female,606-082-5231,Plattsburgh,United States,19185,Florida,133 West,1946-11-06,2862
crmid:5787107443,angioleucitis1895@outlook.com,Elliott,Merrill,,529-673-6162,Marquette,United States,83178,Washington,557 Walter U Lum,1987-04-12,542
crmid:7698426313,bloodletting1978@yahoo.com,Brad,Gomez,male,416-582-4301,Bothell,United States,93696,Minnesota,676 Selma,1940-01-11,301
crmid:3181655215,ephemeron1996@live.com,Sylvester,Keith,male,742-282-3438,Battle Creek,United States,84122,Nebraska,411 Guerrero,1936-09-16,751
crmid:7159001896,hysterectomize1895@live.com,Noel,Ward,male,799-743-1455,Burlingame,United States,99317,Montana,741 Samoset,1943-07-30,1892
crmid:5136617238,cheryl1932@yandex.com,Graham,Mendez,male,911-872-4333,Alamo,United States,21253,Alaska,1137 Eucalyptus,1930-04-20,847
crmid:1969004959,anthrol1955@live.com,Winfred,Mosley,,146-338-5270,Griffin,United States,01662,Michigan,237 Farallones,1968-02-20,2922
crmid:8039929986,fortes1967@gmail.com,Sammie,Mcdonald,male,565-451-2550,Warrensburg,United States,87158,Massachusetts,1201 Letterman Hospital Access,1945-09-19,316
crmid:7480227179,completing1959@yandex.com,Terrell,Lane,,895-282-7334,Keller,United States,67895,Georgia,638 Chattanooga,1977-11-26,1580
crmid:3266863482,tetra2036@yahoo.com,Lance,Strickland,male,921-420-7960,Plant City,United States,08796,Arizona,1356 Karen,1932-06-28,1376
crmid:8820550572,subcostae1865@gmail.com,Ariel,Burt,,840-804-5772,Lewisville,United States,02069,Pennsylvania,899 Cross,1982-01-20,1436
crmid:3369647074,plimsol1994@live.com,Frank,England,,065-529-7350,Owensboro,United States,32782,Washington,1018 Richard Henry Dana,1969-01-08,468
crmid:1536146329,ad2014@yahoo.com,Laverne,Morin,,160-781-0271,Flower Mound,United States,08760,Wyoming,1377 Dehon,1962-01-26,517
crmid:5592121957,silaginoid1948@outlook.com,Virgil,Goff,male,790-730-7213,Atwater,United States,56279,Alaska,626 Carson,1934-10-11,2068
crmid:2872930709,salar1878@live.com,Sherrell,William,female,740-217-3776,Colleyville,United States,48977,Georgia,859 Point Lobos,1949-08-31,2443
crmid:5206296296,bogland1908@yandex.com,Denyse,Crawford,female,522-943-9751,Pompano Beach,United States,87712,Indiana,1127 Nichols,1960-02-07,2015
crmid:8939108715,annum1872@outlook.com,Bryan,Hendrix,male,918-208-2537,Parkersburg,United States,06361,Minnesota,992 Fillmore,1941-11-03,2561
crmid:3952705798,utilizer1936@gmail.com,Tayna,Poole,female,646-910-1693,Clifton,United States,49862,South Carolina,898 Robblee,1948-08-23,763
crmid:3480326335,dulcity1936@outlook.com,Jacinto,Russo,,450-702-1449,Holland,United States,98127,Rhode Island,902 Jansen,1972-07-28,2197
crmid:4387990205,subcompletion1933@yahoo.com,Breana,Mcfarland,female,990-553-9700,Chillicothe,United States,08702,Georgia,3 Bonview,1947-01-19,2093
crmid:2284817210,recreations2039@outlook.com,Timothy,Waters,male,003-191-2410,Anchorage,United States,75594,Tennessee,1017 Broadmoor,1932-12-18,827
crmid:5860242099,guineafowl1931@live.com,Robin,Bishop,male,442-870-2561,Belvidere,United States,74424,New Hampshire,157 Lamartine,1938-12-21,2609
crmid:1019548148,strepsiceros1965@outlook.com,Rocky,Petty,,215-216-5993,Oxford,United States,29148,North Dakota,587 Mangels,1967-06-29,1117
crmid:9913215223,restrict1909@yahoo.com,Elvis,Mayer,male,913-659-2651,Alamogordo,United States,16622,New Jersey,579 Country Club,1930-03-18,2684
crmid:3216466911,unbiblical1883@yandex.com,Dick,Harrell,male,429-652-1418,Rutland,United States,58611,Rhode Island,436 Edinburgh,1994-11-26,2824
crmid:4114478121,yealing1806@live.com,Donn,Ortega,male,816-430-8189,Ormond Beach,United States,08628,Louisiana,1022 Fauntleroy,1933-03-22,311
crmid:3047969030,giantpanda1880@live.com,Daron,Hooper,male,328-815-8117,Antioch,United States,19118,Wyoming,406 Miguel,1933-03-14,1358
crmid:5273665552,danielak1811@live.com,Eli,Randall,,839-659-2778,University Place,United States,90376,Idaho,921 Santa Fe,1965-02-28,1578
crmid:3132381008,asmear2070@yahoo.com,Ronald,Mcmillan,,149-830-5463,Harrison,United States,31472,West Virginia,301 Upton,1970-06-16,2427
crmid:9045677940,buccina1862@yandex.com,Moses,Kinney,,142-832-4794,Miami Lakes,United States,67741,Virginia,661 Coso,1990-10-09,413
crmid:8172538552,balthasar1880@yandex.com,Elvina,Snow,female,544-772-8191,East Ridge,United States,71272,West Virginia,980 Ramona,1957-12-22,1189
crmid:6321278388,countenancing1910@yandex.com,Jaime,Lawson,male,641-436-6268,Onalaska,United States,07525,Ohio,32 Gold,1938-11-26,379
crmid:1020975686,equivocal1911@outlook.com,Kaycee,Ford,female,764-670-3552,Fairbanks,United States,25276,New Hampshire,150 Sanches,1961-05-10,356
crmid:7969789847,overexpanded1864@live.com,Felisa,Mooney,female,898-450-8007,East Cleveland,United States,14189,New Jersey,34 Tunnel,1957-03-20,2731
crmid:1534000627,protologist2044@gmail.com,Emil,Fowler,,533-233-5265,Searcy,United States,34190,Virginia,426 Sharp,1969-04-14,846
crmid:8551634963,bactrian1838@outlook.com,Pinkie,Terrell,female,806-829-2555,Roanoke Rapids,United States,56584,Maine,153 Julius,1997-03-23,2879
crmid:9991129568,jimjums1980@yahoo.com,Raphael,Holman,,471-273-8682,Rolla,United States,45488,Minnesota,383 Royal,1987-04-18,2149
crmid:2780250671,chivalric2070@yahoo.com,Dana,Macdonald,,179-173-9031,Salina,United States,37095,Alabama,297 Upton,1978-08-25,1585
crmid:8381483130,deciduate1958@gmail.com,Willette,Cotton,female,419-272-0462,Sterling Heights,United States,19503,New Jersey,353 Masonic,1951-11-29,1820
crmid:4076633003,sociables1858@yandex.com,Lupe,Doyle,male,678-257-5979,Sandusky,United States,02016,Washington,103 Deems,1936-06-08,2142
crmid:9858126202,nonimposition1889@yahoo.com,Quinton,Garza,,820-947-9267,Lawrenceville,United States,36388,Virginia,241 Eugenia,1981-07-03,1271
crmid:2062153222,balcony1865@yahoo.com,Tanner,O'brien,,962-466-1879,West Chester,United States,34753,Florida,1257 Dutch Windmill Access,1980-02-14,1822
crmid:5452313224,antlike1838@yandex.com,Virgilio,Craig,male,403-246-6682,Brigham City,United States,59900,New York,1299 Carson,1941-10-07,1045
crmid:5439076710,undertaken1848@live.com,Eladia,Mcfarland,female,896-113-3890,Prattville,United States,61180,Connecticut,1106 Pond,1953-03-19,1143
crmid:2681504290,rauwolfia1934@yandex.com,Preston,Erickson,,963-412-2657,Loma Linda,United States,85947,New Hampshire,387 Jack Micheline,1983-10-19,2068
crmid:5780168758,rotundness1854@outlook.com,Dorsey,Castaneda,,776-646-2006,Glendale Heights,United States,09816,Illinois,1336 Amatury,1966-02-25,2836
crmid:1897934356,emogene1857@outlook.com,Osvaldo,Higgins,,840-911-2218,San Luis Obispo,United States,64624,Nebraska,711 Wallace,1981-11-01,1264
crmid:4517298247,beatitudes2043@outlook.com,Logan,Cox,,163-065-7793,Manassas,United States,77236,Pennsylvania,1031 Serrano,1986-12-16,424
crmid:1571947737,selachian1997@gmail.com,Lane,Slater,,068-729-2081,Hercules,United States,26858,Missouri,64 Cityview,1971-04-02,2155
crmid:8412066703,naturalistic1944@outlook.com,Darrick,Travis,,074-561-5760,Lake Havasu City,United States,66371,Oregon,39 Keyes,1980-11-18,2819
