id,crmid,propensity_account_upgrade,propensity_premium
bcc655a3-7a33-11ea-bb8b-b88a60e194fb,crmid:4429982108,1,7
bcc78e20-7a33-11ea-9f21-b88a60e194fb,crmid:4429982108,1,7
bcc8c6a2-7a33-11ea-8043-b88a60e194fb,crmid:4429982108,5,8
bccac259-7a33-11ea-b444-b88a60e194fb,crmid:4429982108,1,8
bcccbe03-7a33-11ea-b314-b88a60e194fb,crmid:4429982108,2,6
bcce1ddf-7a33-11ea-833c-b88a60e194fb,crmid:4429982108,2,8
bccfcb75-7a33-11ea-b91c-b88a60e194fb,crmid:4429982108,5,6
bcd12b0c-7a33-11ea-97e8-b88a60e194fb,crmid:4429982108,8,2
bcd2639a-7a33-11ea-a894-b88a60e194fb,crmid:4429982108,8,7
bcd3ea6f-7a33-11ea-bd09-b88a60e194fb,crmid:4429982108,1,2
bcd4fbd5-7a33-11ea-ad8b-b88a60e194fb,crmid:4429982108,3,7
bcd63494-7a33-11ea-ab56-b88a60e194fb,crmid:4429982108,2,2
bcd7bb03-7a33-11ea-b3dc-b88a60e194fb,crmid:4429982108,2,1
bcd91a89-7a33-11ea-837a-b88a60e194fb,crmid:4429982108,3,8
bcdaef4d-7a33-11ea-95ad-b88a60e194fb,crmid:4429982108,6,9
bcdc9cfe-7a33-11ea-9c33-b88a60e194fb,crmid:4429982108,6,7
bcdf5b0b-7a33-11ea-bf13-b88a60e194fb,crmid:4429982108,9,7
bce32b3d-7a33-11ea-b235-b88a60e194fb,crmid:4429982108,5,4
bce54e15-7a33-11ea-b750-b88a60e194fb,crmid:4429982108,1,6
bce6fbd3-7a33-11ea-957c-b88a60e194fb,crmid:4429982108,7,7
bce8d095-7a33-11ea-b72b-b88a60e194fb,crmid:4429982108,1,1
bcea5711-7a33-11ea-94f2-b88a60e194fb,crmid:4429982108,1,2
bceca11d-7a33-11ea-97a9-b88a60e194fb,crmid:4429982108,9,6
bceeeb00-7a33-11ea-a0f7-b88a60e194fb,crmid:4429982108,1,7
bcf182f8-7a33-11ea-8bb9-b88a60e194fb,crmid:4429982108,6,7
bcf330b1-7a33-11ea-854b-b88a60e194fb,crmid:4429982108,9,8
bcf4b743-7a33-11ea-a588-b88a60e194fb,crmid:4429982108,3,3
bcf6da2b-7a33-11ea-a9ba-b88a60e194fb,crmid:4429982108,6,5
bcf887d6-7a33-11ea-b265-b88a60e194fb,crmid:4429982108,7,9
bcfa357f-7a33-11ea-a1b6-b88a60e194fb,crmid:4429982108,7,2
bcfb6e02-7a33-11ea-8422-b88a60e194fb,crmid:4429982108,6,7
bcfcf499-7a33-11ea-ba17-b88a60e194fb,crmid:4429982108,5,5
bcfea249-7a33-11ea-b9c3-b88a60e194fb,crmid:4429982108,7,3
bd004ff8-7a33-11ea-aee8-b88a60e194fb,crmid:4429982108,6,3
bd024bc1-7a33-11ea-b793-b88a60e194fb,crmid:4429982108,2,7
bd05f549-7a33-11ea-a37d-b88a60e194fb,crmid:4429982108,3,7
bd0754d7-7a33-11ea-8928-b88a60e194fb,crmid:4429982108,1,7
bd086648-7a33-11ea-8110-b88a60e194fb,crmid:4429982108,9,2
bd09a11f-7a33-11ea-bec5-b88a60e194fb,crmid:4429982108,2,7
bd0affb7-7a33-11ea-8ace-b88a60e194fb,crmid:4429982108,4,8
bd0cae5d-7a33-11ea-93cc-b88a60e194fb,crmid:4429982108,4,3
bd0ea7e9-7a33-11ea-adac-b88a60e194fb,crmid:4429982108,5,7
bd10cad9-7a33-11ea-bb36-b88a60e194fb,crmid:4429982108,5,7
bd12edef-7a33-11ea-be58-b88a60e194fb,crmid:4429982108,5,9
bd14c24a-7a33-11ea-ab2c-b88a60e194fb,crmid:4429982108,4,2
f471c755-7a33-11ea-8d27-b88a60e194fb,crmid:4429982108,5,3
f47f0c59-7a33-11ea-af1d-b88a60e194fb,crmid:4429982108,5,2
f4817d55-7a33-11ea-ac29-b88a60e194fb,crmid:4429982108,6,9
f4843c58-7a33-11ea-9493-b88a60e194fb,crmid:4429982108,1,3
f485c2f3-7a33-11ea-969a-b88a60e194fb,crmid:4429982108,6,8
f488a933-7a33-11ea-9b39-b88a60e194fb,crmid:4429982108,4,4
f48a7dd9-7a33-11ea-b101-b88a60e194fb,crmid:4429982108,4,4
f48ceeee-7a33-11ea-9e36-b88a60e194fb,crmid:4429982108,9,7
f48e9c89-7a33-11ea-bec5-b88a60e194fb,crmid:4429982108,4,7
f48fd4fa-7a33-11ea-9194-b88a60e194fb,crmid:4429982108,3,8
f491a9bf-7a33-11ea-9728-b88a60e194fb,crmid:4429982108,5,7
f4930951-7a33-11ea-aa58-b88a60e194fb,crmid:4429982108,6,3
f494df83-7a33-11ea-b544-b88a60e194fb,crmid:4429982108,2,3
f4974f1b-7a33-11ea-8d78-b88a60e194fb,crmid:4429982108,9,6
f4992535-7a33-11ea-856a-b88a60e194fb,crmid:4429982108,7,7
f49af8b7-7a33-11ea-95c0-b88a60e194fb,crmid:4429982108,6,7
f49d909b-7a33-11ea-8175-b88a60e194fb,crmid:4429982108,5,9
f49ef01d-7a33-11ea-a4ed-b88a60e194fb,crmid:4429982108,1,5
f4a13a34-7a33-11ea-a06c-b88a60e194fb,crmid:4429982108,3,7
f4a35d25-7a33-11ea-9fa0-b88a60e194fb,crmid:4429982108,7,3
f4a5a728-7a33-11ea-8f80-b88a60e194fb,crmid:4429982108,3,9
f4a86765-7a33-11ea-8ff3-b88a60e194fb,crmid:4429982108,3,7
f4a99f80-7a33-11ea-b412-b88a60e194fb,crmid:4429982108,1,8
f4ab250d-7a33-11ea-9911-b88a60e194fb,crmid:4429982108,8,2
f4acd2e5-7a33-11ea-a5a5-b88a60e194fb,crmid:4429982108,5,9
f4aea791-7a33-11ea-8f11-b88a60e194fb,crmid:4429982108,9,8
f4b0a353-7a33-11ea-bf53-b88a60e194fb,crmid:4429982108,1,7
f4b22b2d-7a33-11ea-b697-b88a60e194fb,crmid:4429982108,1,7
f4b3b089-7a33-11ea-bfd0-b88a60e194fb,crmid:4429982108,3,7
f4b58563-7a33-11ea-96bc-b88a60e194fb,crmid:4429982108,5,2
f4b75b74-7a33-11ea-bb2c-b88a60e194fb,crmid:4429982108,3,8
f4ba1a9e-7a33-11ea-bd6c-b88a60e194fb,crmid:4429982108,6,6
f4bb78d5-7a33-11ea-b131-b88a60e194fb,crmid:4429982108,3,4
f4bd74ba-7a33-11ea-be87-b88a60e194fb,crmid:4429982108,2,8
f4bf2271-7a33-11ea-8a39-b88a60e194fb,crmid:4429982108,4,7
f4c05adb-7a33-11ea-930a-b88a60e194fb,crmid:4429982108,3,7
f4c1e17c-7a33-11ea-b17d-b88a60e194fb,crmid:4429982108,1,4
f4c45247-7a33-11ea-b4af-b88a60e194fb,crmid:4429982108,5,7
f4c5fff8-7a33-11ea-9ab4-b88a60e194fb,crmid:4429982108,3,3
f4c84a01-7a33-11ea-946e-b88a60e194fb,crmid:4429982108,3,6
f4cabae5-7a33-11ea-8612-b88a60e194fb,crmid:4429982108,1,4
f4ccddc9-7a33-11ea-b4fd-b88a60e194fb,crmid:4429982108,2,9
f4cf4f43-7a33-11ea-b915-b88a60e194fb,crmid:4429982108,2,8
f4d198a7-7a33-11ea-bd94-b88a60e194fb,crmid:4429982108,2,9
f4d31f4d-7a33-11ea-a7ff-b88a60e194fb,crmid:4429982108,3,8
f4d4a5e3-7a33-11ea-9efe-b88a60e194fb,crmid:4429982108,4,8
f4d6efca-7a33-11ea-9656-b88a60e194fb,crmid:4429982108,5,7
f4d84f9b-7a33-11ea-9f34-b88a60e194fb,crmid:4429982108,3,8
f4da995b-7a33-11ea-abcb-b88a60e194fb,crmid:4429982108,2,8
f4dd0a59-7a33-11ea-ae5e-b88a60e194fb,crmid:4429982108,5,9
f4dfc99c-7a33-11ea-9aef-b88a60e194fb,crmid:4429982108,2,4
f4e12901-7a33-11ea-bb8c-b88a60e194fb,crmid:4429982108,1,5
f4e3c0fe-7a33-11ea-8a4e-b88a60e194fb,crmid:4429982108,7,3
f4e6802b-7a33-11ea-b7df-b88a60e194fb,crmid:4429982108,1,7
f4e854dc-7a33-11ea-8360-b88a60e194fb,crmid:4429982108,8,3
f4ea50c2-7a33-11ea-8e56-b88a60e194fb,crmid:4429982108,9,7
f4ece902-7a33-11ea-9792-b88a60e194fb,crmid:4429982108,2,4
f4ef32c2-7a33-11ea-ad19-b88a60e194fb,crmid:4429982108,4,5
f4f1557c-7a33-11ea-8c39-b88a60e194fb,crmid:4429982108,1,8
f4f2dc1a-7a33-11ea-99fe-b88a60e194fb,crmid:4429982108,4,2
f4f4b0d3-7a33-11ea-80c2-b88a60e194fb,crmid:4429982108,6,8
f4f63769-7a33-11ea-9baf-b88a60e194fb,crmid:4429982108,7,7
f4f8339f-7a33-11ea-beb5-b88a60e194fb,crmid:4429982108,1,2
f4fa7d37-7a33-11ea-a2c6-b88a60e194fb,crmid:4429982108,1,3
f4fbdcce-7a33-11ea-a59a-b88a60e194fb,crmid:4429982108,3,6
f4fdff95-7a33-11ea-97fb-b88a60e194fb,crmid:4429982108,3,7
f4ff863b-7a33-11ea-959a-b88a60e194fb,crmid:4429982108,6,8
f5010cdf-7a33-11ea-b86e-b88a60e194fb,crmid:4429982108,7,2
f5037def-7a33-11ea-9f21-b88a60e194fb,crmid:4429982108,1,5
f5055296-7a33-11ea-831f-b88a60e194fb,crmid:4429982108,2,2
f506b21a-7a33-11ea-8c7e-b88a60e194fb,crmid:4429982108,7,9
f508d500-7a33-11ea-8d1b-b88a60e194fb,crmid:4429982108,3,8
f50a5bb1-7a33-11ea-8c3a-b88a60e194fb,crmid:4429982108,4,6
f50c7e7b-7a33-11ea-84a9-b88a60e194fb,crmid:4429982108,7,2
f50e5355-7a33-11ea-8203-b88a60e194fb,crmid:4429982108,5,5
f510280b-7a33-11ea-bea5-b88a60e194fb,crmid:4429982108,2,9
f512726b-7a33-11ea-a36f-b88a60e194fb,crmid:4429982108,6,6
f51446a6-7a33-11ea-ab74-b88a60e194fb,crmid:4429982108,2,6
f516699b-7a33-11ea-84bc-b88a60e194fb,crmid:4429982108,4,2
f5183e43-7a33-11ea-a5e4-b88a60e194fb,crmid:4429982108,1,7
f51a1302-7a33-11ea-b637-b88a60e194fb,crmid:4429982108,2,4
f51c5cf8-7a33-11ea-9a37-b88a60e194fb,crmid:4429982108,4,4
f51f6a47-7a33-11ea-bf36-b88a60e194fb,crmid:4429982108,2,4
f52117d9-7a33-11ea-9d39-b88a60e194fb,crmid:4429982108,7,8
f522ec8a-7a33-11ea-b160-b88a60e194fb,crmid:4429982108,1,7
f5253678-7a33-11ea-8a88-b88a60e194fb,crmid:4429982108,9,7
f527806f-7a33-11ea-8efa-b88a60e194fb,crmid:4429982108,3,3
f528e00d-7a33-11ea-ba68-b88a60e194fb,crmid:4429982108,4,6
f52b02e7-7a33-11ea-93b9-b88a60e194fb,crmid:4429982108,5,4
f52cfeb7-7a33-11ea-9617-b88a60e194fb,crmid:4429982108,3,1
f52f4887-7a33-11ea-a7ff-b88a60e194fb,crmid:4429982108,3,3
f531446d-7a33-11ea-b5d5-b88a60e194fb,crmid:4429982108,9,2
f533b575-7a33-11ea-a057-b88a60e194fb,crmid:4429982108,4,8
f5358a54-7a33-11ea-b49b-b88a60e194fb,crmid:4429982108,3,9
f53785e5-7a33-11ea-a60d-b88a60e194fb,crmid:4429982108,4,2
f539a8d3-7a33-11ea-84b1-b88a60e194fb,crmid:4429982108,4,3
f53ae159-7a33-11ea-85d6-b88a60e194fb,crmid:4429982108,4,2
f53c67e7-7a33-11ea-abad-b88a60e194fb,crmid:4429982108,7,2
f53e3c9b-7a33-11ea-9068-b88a60e194fb,crmid:4429982108,4,7
f5403867-7a33-11ea-8f6e-b88a60e194fb,crmid:4429982108,7,6
f54197ef-7a33-11ea-8b3f-b88a60e194fb,crmid:4429982108,4,8
f5436cad-7a33-11ea-a321-b88a60e194fb,crmid:4429982108,3,7
f5451a7c-7a33-11ea-b8c7-b88a60e194fb,crmid:4429982108,5,7
f5473d39-7a33-11ea-be3b-b88a60e194fb,crmid:4429982108,1,8
f549390b-7a33-11ea-95db-b88a60e194fb,crmid:4429982108,2,7
f54b0de7-7a33-11ea-a6c0-b88a60e194fb,crmid:4429982108,2,5
f54d30b5-7a33-11ea-b0f5-b88a60e194fb,crmid:4429982108,4,3
f54f2c6f-7a33-11ea-bb14-b88a60e194fb,crmid:4429982108,2,7
f550da2f-7a33-11ea-a1af-b88a60e194fb,crmid:4429982108,5,9
f553242e-7a33-11ea-9cf6-b88a60e194fb,crmid:4429982108,8,7
f554aab7-7a33-11ea-9b9c-b88a60e194fb,crmid:4429982108,1,7
f556f499-7a33-11ea-b965-b88a60e194fb,crmid:4429982108,8,7
f5593e8a-7a33-11ea-b735-b88a60e194fb,crmid:4429982108,7,7
f55b135a-7a33-11ea-a439-b88a60e194fb,crmid:4429982108,9,7
f55ce801-7a33-11ea-8bf6-b88a60e194fb,crmid:4429982108,7,7
f55e95b4-7a33-11ea-b5c6-b88a60e194fb,crmid:4429982108,4,3
f56154cd-7a33-11ea-9fba-b88a60e194fb,crmid:4429982108,5,6
f5632c94-7a33-11ea-9723-b88a60e194fb,crmid:4429982108,8,3
f564b024-7a33-11ea-a61d-b88a60e194fb,crmid:4429982108,5,3
f56636cd-7a33-11ea-8aa9-b88a60e194fb,crmid:4429982108,1,5
f5680b8b-7a33-11ea-a8d7-b88a60e194fb,crmid:4429982108,5,3
f569e083-7a33-11ea-ae6e-b88a60e194fb,crmid:4429982108,1,2
f56b66df-7a33-11ea-a949-b88a60e194fb,crmid:4429982108,4,7
f56d89c0-7a33-11ea-b3e4-b88a60e194fb,crmid:4429982108,7,7
f56eeb75-7a33-11ea-9916-b88a60e194fb,crmid:4429982108,3,3
f5704909-7a33-11ea-b6dc-b88a60e194fb,crmid:4429982108,7,8
f57551e3-7a33-11ea-abf5-b88a60e194fb,crmid:4429982108,5,7
f576ffa5-7a33-11ea-8c6b-b88a60e194fb,crmid:4429982108,1,3
f5788655-7a33-11ea-8263-b88a60e194fb,crmid:4429982108,5,1
f57aa91f-7a33-11ea-be67-b88a60e194fb,crmid:4429982108,8,7
f57ccbf7-7a33-11ea-af0e-b88a60e194fb,crmid:4429982108,6,2
f57eeedd-7a33-11ea-9695-b88a60e194fb,crmid:4429982108,2,8
f5809c87-7a33-11ea-873a-b88a60e194fb,crmid:4429982108,4,1
f582231f-7a33-11ea-939e-b88a60e194fb,crmid:4429982108,3,7
f583f7cf-7a33-11ea-8e98-b88a60e194fb,crmid:4429982108,6,1
f5861aa9-7a33-11ea-97b7-b88a60e194fb,crmid:4429982108,4,8
f588167b-7a33-11ea-848b-b88a60e194fb,crmid:4429982108,6,8
f58a6076-7a33-11ea-9a4c-b88a60e194fb,crmid:4429982108,3,4
f58be70d-7a33-11ea-bca9-b88a60e194fb,crmid:4429982108,9,9
f58d6da5-7a33-11ea-b92e-b88a60e194fb,crmid:4429982108,3,8
f58f698a-7a33-11ea-8476-b88a60e194fb,crmid:4429982108,2,1
f590f013-7a33-11ea-a188-b88a60e194fb,crmid:4429982108,2,1
f592ebd8-7a33-11ea-806b-b88a60e194fb,crmid:4429982108,4,8
f594c0a1-7a33-11ea-921f-b88a60e194fb,crmid:4429982108,6,7
f5970a93-7a33-11ea-9bed-b88a60e194fb,crmid:4429982108,1,8
f5992d6f-7a33-11ea-8e43-b88a60e194fb,crmid:4429982108,8,5
f59b021f-7a33-11ea-8407-b88a60e194fb,crmid:4429982108,3,1
f59d7327-7a33-11ea-860e-b88a60e194fb,crmid:4429982108,2,7
f59ed2af-7a33-11ea-8093-b88a60e194fb,crmid:4429982108,4,6
f5a0a768-7a33-11ea-8957-b88a60e194fb,crmid:4429982108,2,4
f5a2a34b-7a33-11ea-8865-b88a60e194fb,crmid:4429982108,1,1
f5a53b51-7a33-11ea-975e-b88a60e194fb,crmid:4429982108,1,4
f5a71002-7a33-11ea-bc0d-b88a60e194fb,crmid:4429982108,2,1
f5a896bf-7a33-11ea-950a-b88a60e194fb,crmid:4429982108,2,1
f5aa4459-7a33-11ea-81f9-b88a60e194fb,crmid:4429982108,9,7
