crmid,email,first_name,last_name,gender,mobile_telephone,city,country,zip,state,street_address,birthday,genre
crmid:7214913014,births1835@live.aephandson.com,Thad,Barrett,male,046-790-6538,Buffalo,United States,54500,New Jersey,1269 Connecticut,1942-09-02,History
crmid:1746574263,birken1809@gmail.aephandson.com,Donetta,Jenkins,female,667-050-0762,Downers Grove,United States,11803,North Carolina,1184 Carver,1955-03-15,News
crmid:8649686858,phoniatry1877@yahoo.aephandson.com,Lizeth,Aguirre,female,200-548-7437,Delray Beach,United States,80921,Kentucky,125 Romolo,1954-05-01,News
crmid:2691118543,meanwhile1816@outlook.aephandson.com,Marguerita,Garrison,female,381-747-4101,Suffolk,United States,13983,Texas,1236 Marine,1946-06-11,Biography
crmid:1998599851,coconscious1868@yahoo.aephandson.com,German,Leach,,559-016-2553,McHenry,United States,98826,Vermont,1220 Daggett,1988-03-28,Drama
crmid:1130635337,desires2022@yandex.aephandson.com,Rory,Strickland,male,110-638-3926,Azusa,United States,46194,Nebraska,629 D,1935-08-28,Fantasy
crmid:4169872236,abridged1939@yandex.aephandson.com,Broderick,Miller,male,145-594-5135,Worcester,United States,96022,Idaho,978 Illinois,1932-02-20,Action
crmid:6898769003,darrack2002@live.aephandson.com,Brendon,Russo,,612-388-0047,Huntington Park,United States,84703,Montana,1353 Weatherly,1974-03-16,Sport
crmid:7807355834,acanthurus2035@gmail.aephandson.com,Otha,Palmer,male,337-450-0361,Santa Clara,United States,55063,Arizona,754 Mayflower,1999-09-21,Comedy
crmid:8923383210,barriere2070@gmail.aephandson.com,Arla,Bartlett,female,288-211-1211,Dumont,United States,00560,Indiana,405 Goettingen,1956-01-02,Biography
crmid:3992582414,adriena1877@gmail.aephandson.com,Edmund,Garrett,male,717-739-7837,Port Angeles,United States,13435,Nevada,756 Enterprise,1942-03-11,Thriller
crmid:5685045546,vegetation1975@gmail.aephandson.com,Berry,Merritt,,746-867-2827,Moraga,United States,93606,Tennessee,1223 Merced,1993-06-19,Reality-TV
crmid:5146246307,downless1855@yandex.aephandson.com,Thanh,Puckett,male,592-533-4754,Auburn Hills,United States,87415,Missouri,963 Jerrold,1934-09-24,Action
crmid:9220399931,denominate1808@outlook.aephandson.com,Bradford,Dickson,male,295-414-4898,Wylie,United States,12702,South Dakota,1132 Sycamore,1944-01-08,Drama
crmid:3664307695,tabid1803@yahoo.aephandson.com,Wilber,Mccarty,male,511-119-5172,South Elgin,United States,05105,Idaho,306 Fuente,1940-10-19,Westerns
crmid:8085030605,bombloads2058@live.aephandson.com,Aron,Holman,male,775-822-5783,Vineland,United States,10713,Wyoming,1155 Phelan,1943-01-14,Action
crmid:1132704244,vilification1951@outlook.aephandson.com,Isaias,Benson,male,553-769-6772,Rock Hill,United States,72552,Oklahoma,813 The Embarcadero,1941-05-02,Horror
crmid:6227453830,boards2021@gmail.aephandson.com,Cleo,Rosales,,049-259-8156,Trenton,United States,56840,Michigan,178 Church Parking Lot,1995-11-21,Fantasy
crmid:7267444159,adown1994@gmail.aephandson.com,Monroe,Sutton,,937-222-5513,La Vista,United States,99988,Delaware,445 Nottingham,1979-01-30,Drama
crmid:3626142650,bellwood1966@yandex.aephandson.com,Elsy,Mccall,female,757-511-5773,New Philadelphia,United States,15957,South Carolina,282 Marcy,1996-03-05,Family
crmid:8129547114,peaceable1820@outlook.aephandson.com,Dwain,Clark,,036-757-7557,Gary,United States,41818,Virginia,1375 Lunado,1965-08-13,Thriller
crmid:8384821620,bolete1951@yandex.aephandson.com,Nicolas,Cooke,,828-266-7689,Lehi,United States,48081,South Dakota,607 Varney,1982-07-24,News
crmid:4299305892,ashore1967@yandex.aephandson.com,Isobel,Wells,female,949-303-1440,Youngstown,United States,12173,Tennessee,367 Seminole,1948-04-30,Sport
crmid:2485052712,aymara2007@gmail.aephandson.com,Harley,Paul,male,778-554-4330,Altus,United States,20477,Montana,1062 Windsor Mill,1932-04-23,Reality-TV
crmid:3256331705,giraffe1804@yahoo.aephandson.com,Alejandro,Davenport,,331-112-9527,Wheaton,United States,41072,Alabama,774 Heron,1981-07-06,News
crmid:3643972568,catchpole1965@live.aephandson.com,Shawn,Carr,,502-042-2941,Ventura,United States,21453,Massachusetts,1063 Copper,1967-11-04,Sport
crmid:1286470039,sittidae1843@yahoo.aephandson.com,Tomas,Mercado,,203-414-8951,Grand Island,United States,75955,Kentucky,149 Carpenter,1967-12-29,Reality-TV
crmid:5842717745,inequality1958@live.aephandson.com,Melvin,Wagner,,353-060-5397,Laguna Beach,United States,39490,Maryland,639 Florence,1979-06-25,Biography
crmid:8642421967,dreyfuss2003@gmail.aephandson.com,Tyler,Wilkins,male,449-509-5362,Anniston,United States,57859,Nevada,909 Owens,1933-09-23,Fantasy
crmid:9670248119,average1886@outlook.aephandson.com,Clemente,Rowe,,720-346-2458,Pampa,United States,62917,Vermont,590 Emerson,1968-06-30,Reality-TV
crmid:3448608950,woodenweary1977@gmail.aephandson.com,Clifford,Compton,male,561-098-8423,Bainbridge Island,United States,61035,South Carolina,1117 Ecker,1935-10-04,Horror
crmid:7547030268,backgammon1913@gmail.aephandson.com,Orval,Gaines,male,286-152-0490,New Port Richey,United States,06631,Iowa,520 Crissy Field,1996-02-26,Reality-TV
crmid:9176170368,ustilaginaceous2057@live.aephandson.com,Alvaro,Dillard,male,429-222-1373,Saginaw,United States,60457,Arizona,1325 Habitat,1937-01-08,Drama
crmid:7970841829,unmelted1943@live.aephandson.com,Allan,Carney,,271-534-8714,Lindenwold,United States,51506,Alabama,24 Keppler,1983-09-27,Reality-TV
crmid:9177191144,unchoking2006@yahoo.aephandson.com,Richie,Thomas,,230-899-1648,Newport Beach,United States,30983,Montana,569 Menoher,1997-07-03,Comedy
crmid:6764012948,overstridentness1829@yandex.aephandson.com,Irwin,Quinn,,288-780-8121,Greenacres,United States,33216,West Virginia,1180 Greenwood,1968-05-20,News
crmid:8875444142,branchful2069@yandex.aephandson.com,Kareem,Dudley,,119-117-9495,Florissant,United States,79897,Massachusetts,257 Holladay,1962-12-16,Mystery
crmid:7514773456,cuarenta2019@yahoo.aephandson.com,Barton,Ellison,male,974-271-2948,Snellville,United States,05285,Nebraska,961 Reardon,1932-10-02,Animation
crmid:9400019644,incumbant1859@outlook.aephandson.com,Rosette,Carlson,female,310-774-8787,Cutler Bay,United States,45113,Missouri,936 Battery Safford,1952-07-05,News
crmid:2182744410,lashorn1918@outlook.aephandson.com,Percy,Best,,085-252-2913,North Tonawanda,United States,84564,Rhode Island,1141 Peabody,1999-12-14,News
crmid:2127629421,wakened1877@outlook.aephandson.com,Laurene,Diaz,female,880-457-0044,Eagle Mountain,United States,62251,Montana,112 R,1956-11-10,Action
crmid:6407490760,dilbert1980@outlook.aephandson.com,Arnulfo,Stone,,111-948-0627,Glendale Heights,United States,54086,Pennsylvania,1243 Emma,1966-09-05,Horror
crmid:1501774904,malpractice1925@gmail.aephandson.com,Ezequiel,Cleveland,,217-162-4878,San Mateo,United States,57269,Idaho,1305 Clipper Cove,1996-12-09,Action
crmid:8944804039,acclimatise1911@live.aephandson.com,Benjamin,Le,,957-197-2990,Owasso,United States,56705,North Carolina,1303 Sibley,1987-11-19,Comedy
crmid:5586293284,repassable1972@yahoo.aephandson.com,Gordon,Tate,,161-372-7525,San Francisco,United States,21283,Vermont,50 Eighth,1963-06-05,Reality-TV
crmid:7532254194,prostitute1921@yahoo.aephandson.com,Ian,Garner,,064-233-3579,Lumberton,United States,57752,Maine,961 Hawthorne,1985-09-06,Action
crmid:5748176934,coronet2014@yahoo.aephandson.com,Lasandra,O'donnell,female,438-756-7376,Ypsilanti,United States,26274,Arkansas,129 Southard,1957-05-22,Action
crmid:9309296916,abime1879@live.aephandson.com,Wilson,Gallegos,,607-368-7002,Morgantown,United States,46259,Maine,1383 Dudley,1993-07-22,News
crmid:2124956961,defrance1984@yandex.aephandson.com,Clifford,Ray,,965-279-3389,Point Pleasant,United States,27997,Michigan,291 Clarendon,1967-11-25,Biography
crmid:7498732434,crocodile1853@yahoo.aephandson.com,Donya,Roman,female,225-754-0480,Rutherford,United States,61375,Iowa,1143 Sagamore,1947-03-25,Action
crmid:7590025446,guidage2008@outlook.aephandson.com,Verlie,Cole,female,601-926-6107,San Luis,United States,95546,Alabama,1302 Congdon,1956-09-06,Action
crmid:4922422589,starers2067@yahoo.aephandson.com,Reggie,Chavez,,426-021-7930,Millville,United States,94314,North Dakota,830 Twin Peaks,1991-10-14,History
crmid:3730051814,subelliptic1970@outlook.aephandson.com,Margaretta,Norman,female,410-399-8390,South Milwaukee,United States,26234,Georgia,1221 Bancroft,1958-06-22,Reality-TV
crmid:3256265219,nonimposition2016@gmail.aephandson.com,Remedios,Delgado,female,675-273-7840,Erie,United States,47684,Missouri,1347 Mabrey,1960-07-08,Reality-TV
crmid:6664234665,mavie1982@outlook.aephandson.com,Chery,Garrison,female,106-166-8998,Eagle Mountain,United States,05310,Utah,299 Margrave,1956-02-11,Comedy
crmid:8862075331,dredges2040@yahoo.aephandson.com,Reanna,Russo,female,822-706-5806,Temple Terrace,United States,91972,New Mexico,853 Westmoorland,1951-11-14,Mystery
crmid:8736360458,lemon2018@outlook.aephandson.com,Rosena,Riddle,female,897-502-1406,Woonsocket,United States,67465,Nevada,673 Burlwood,1958-11-14,Biography
crmid:5366676585,drover1983@yahoo.aephandson.com,Corey,Baker,,551-271-0908,Minneapolis,United States,46138,Virginia,335 Ashbury,1991-08-19,Action
crmid:7023232931,seginus1851@yandex.aephandson.com,Dale,Gordon,,238-395-2271,Kirkwood,United States,61317,Georgia,1380 Christmas Tree Point,1978-11-21,Horror
crmid:3268884886,jaborin1823@outlook.aephandson.com,Hector,Blackwell,male,287-970-0170,Adrian,United States,25130,Minnesota,17 Halibut,1930-05-03,News
crmid:3695091504,espied1939@gmail.aephandson.com,Malik,Ferrell,,045-283-5463,Indian Trail,United States,95302,Arizona,1151 Severn,1974-06-17,Animation
crmid:9742903155,esposito2062@outlook.aephandson.com,Honey,Sheppard,female,642-713-7266,Oak Harbor,United States,28612,Nevada,813 South Van Horn,1957-04-27,Thriller
crmid:6584770458,pintada1819@gmail.aephandson.com,Russell,Kirkland,,192-178-7382,Tuscaloosa,United States,35400,Arizona,374 Encanto,1980-05-18,Family
crmid:8530557093,apatornis1810@yahoo.aephandson.com,Roscoe,Wilkinson,,313-044-9564,Glenview,United States,32960,Maryland,1317 Clarkson,1966-06-01,Fantasy
crmid:7918435710,chela1823@yahoo.aephandson.com,Brain,Wallace,,477-099-7603,Miamisburg,United States,96287,Illinois,705 Borica,1990-11-20,News
crmid:1819664236,embryony1917@gmail.aephandson.com,Len,Fields,,638-449-8402,Middletown,United States,72336,Oregon,521 Hampshire,1990-12-21,Fantasy
crmid:7500671276,suzerain1903@outlook.aephandson.com,Xiao,Lindsay,female,469-856-1061,Tampa,United States,15324,South Carolina,200 Perry,1948-09-17,Drama
crmid:1714548429,fossorial1855@outlook.aephandson.com,Seymour,Griffith,,531-057-5102,Merrillville,United States,46398,Oregon,1112 Colby,1989-08-19,News
crmid:4221254442,regains1927@gmail.aephandson.com,Susy,Yang,female,180-357-3483,El Cajon,United States,41218,Alaska,1196 Lindsay,1958-08-04,Sport
crmid:3964367525,chicomecoatl1808@outlook.aephandson.com,Ulysses,Houston,,708-887-1888,Foster City,United States,08359,Rhode Island,1150 Apollo,1963-01-27,Comedy
crmid:7014990888,reticulose1831@live.aephandson.com,Shantay,Justice,female,713-436-5702,Cleveland,United States,44071,Mississippi,269 Rockaway,1948-08-16,Biography
crmid:8674695278,scarfwise1939@outlook.aephandson.com,Herman,Armstrong,,864-045-1797,Wheeling,United States,73610,North Dakota,1075 Jordan,1975-04-20,Comedy
crmid:1137910793,sided1857@outlook.aephandson.com,Joe,Rogers,male,110-118-7154,Thousand Oaks,United States,89361,Hawaii,275 Moss,1933-11-10,Action
crmid:2690452558,charline1873@yandex.aephandson.com,Peter,Nielsen,,370-650-3248,Leander,United States,90065,Oklahoma,394 Muir,1981-10-03,Action
crmid:3616718899,strolling1922@outlook.aephandson.com,Ralph,Rosario,,116-368-5909,Garner,United States,33459,Arizona,1053 Crestwell,1965-06-09,Family
crmid:5337014995,slinking1977@yahoo.aephandson.com,Lenny,Dyer,,612-426-2173,Port Angeles,United States,93527,Hawaii,1148 Mesa,1977-06-16,Sport
crmid:9116098577,scintillator2005@gmail.aephandson.com,Heriberto,Short,male,746-310-2193,Snellville,United States,02792,Missouri,870 Burgoyne,1936-05-27,News
crmid:9925342221,dehaan1847@outlook.aephandson.com,Lonnie,Merrill,,403-438-5965,La Crosse,United States,86039,Arizona,1023 Century,1978-11-09,Reality-TV
crmid:8068013783,dryermen1831@outlook.aephandson.com,Leo,Malone,male,742-563-7387,Aventura,United States,78548,Vermont,811 Ravenwood,1935-12-31,Animation
crmid:5662037657,faller1961@outlook.aephandson.com,Ariel,Knapp,,202-449-0587,Hercules,United States,26488,Tennessee,897 Howth,1971-04-03,Account Cancelation
crmid:7913431058,contrafagotto1914@yandex.aephandson.com,Felix,Maxwell,,645-153-6481,Moscow,United States,10222,Tennessee,21 Serrano,1993-03-21,Fantasy
crmid:1884882264,conservatives1832@gmail.aephandson.com,Exie,Durham,female,616-431-0586,Davenport,United States,17906,Florida,1324 Battery East,1953-03-09,Horror
crmid:7320368652,sleekier1818@outlook.aephandson.com,Shelton,Watts,male,827-399-0587,Tustin,United States,05508,Indiana,234 Moulton,1938-09-30,News
crmid:2670635186,levied1810@outlook.aephandson.com,Bob,Atkinson,,729-461-2416,Huntsville,United States,75370,Indiana,890 Arkansas,1974-09-12,Comedy
crmid:4544006867,demir2019@outlook.aephandson.com,Duncan,Forbes,male,757-428-7016,Brownwood,United States,15475,West Virginia,906 Blake,1942-03-10,News
crmid:4273499836,beccafico2061@yahoo.aephandson.com,Conception,Garza,female,469-682-4620,Cottonwood Heights,United States,79339,Wyoming,1239 Pennsylvania,1951-02-11,Reality-TV
crmid:9602921241,preorganize1878@yandex.aephandson.com,Jeffery,Mcguire,,471-062-2551,Glenview,United States,74852,Georgia,890 Cleveland,1966-12-16,Horror
crmid:5426522219,bechern2015@yandex.aephandson.com,Mason,Burgess,male,073-908-6115,Alsip,United States,38784,Arkansas,385 Warner,1931-07-04,Family
crmid:8753375778,overreached1873@yahoo.aephandson.com,Dale,Vance,,946-305-4318,Fort Lee,United States,89875,Delaware,548 Midway,1963-11-29,History
crmid:9597146750,oenin2055@live.aephandson.com,Major,Hogan,male,549-226-5833,Nicholasville,United States,67850,Nebraska,1118 Sickles,1997-11-29,News
crmid:5227508540,assault2008@yahoo.aephandson.com,Denny,Henry,,127-819-5276,Temple City,United States,73494,Nebraska,240 Brumiss,1980-06-25,News
crmid:9545195570,eskimo1939@gmail.aephandson.com,Chong,Whitley,male,795-164-3719,Bay City,United States,69029,Texas,1201 Sunbeam,1936-11-03,Action
crmid:4926451782,unicist1824@live.aephandson.com,Elvin,Green,male,296-449-4795,O'Fallon,United States,71474,West Virginia,881 Oreilly,1938-03-12,News
crmid:1968917944,pauses1977@yahoo.aephandson.com,Curtis,Whitley,male,240-227-7348,Belleville,United States,19263,Kansas,973 Dicha,1937-02-23,Comedy
crmid:7452083487,anticyclone1848@live.aephandson.com,Debbi,Stuart,female,809-348-9352,Rocklin,United States,28814,South Dakota,757 Bluestone,1959-02-28,News
crmid:1520970935,conjure2056@outlook.aephandson.com,Franklin,Houston,male,061-344-9583,Barstow,United States,94258,Alaska,954 Longview,1936-04-14,Animation
crmid:8483146497,bilbo1924@live.aephandson.com,Josue,Shannon,male,576-201-1251,Alamogordo,United States,38387,Virginia,1318 Hooker,1930-06-27,News
crmid:1657386239,trachea1995@live.aephandson.com,Wonda,Wooten,female,311-781-2131,New Castle,United States,51943,Montana,148 Donahue,1996-09-22,Animation
crmid:2895010929,cyclothyme1812@yahoo.aephandson.com,Lorenzo,Franklin,,753-938-6751,Muskego,United States,53733,Alaska,405 Tulane,1994-10-09,Animation
crmid:8187584659,turnbuckles1972@yandex.aephandson.com,Yon,Gonzalez,female,488-055-5460,Texarkana,United States,92572,Michigan,1002 Navy,1955-09-11,History
crmid:4851477684,apraxia2026@live.aephandson.com,Alberto,Decker,male,599-538-0636,Blaine,United States,04745,Connecticut,1248 Texas,1939-01-08,News
crmid:6150771080,abusive1978@live.aephandson.com,Nathanael,Koch,,666-568-4262,Shaker Heights,United States,66770,Nebraska,858 Stonecrest,1987-12-08,News
crmid:8491477264,narsinga1842@live.aephandson.com,Jerica,Wilder,female,346-268-1220,Elyria,United States,23034,Texas,448 Westwood,1959-04-13,Reality-TV
crmid:3392898693,balcom2028@yandex.aephandson.com,Trevor,Cherry,male,103-742-5895,Stafford,United States,77581,New Hampshire,346 Infantry,1934-09-06,Sport
crmid:3432107533,nonseparable1893@outlook.aephandson.com,Augustus,Travis,,338-533-8744,LaGrange,United States,46788,West Virginia,1062 Farview,1979-07-21,Comedy
crmid:5539443120,suedes1888@yahoo.aephandson.com,Aliza,Hopkins,female,607-224-9598,Crest Hill,United States,70285,Georgia,1336 Castle,1951-12-30,News
crmid:8430671346,sourbellies1998@live.aephandson.com,Brandon,Acevedo,,731-456-2595,Las Cruces,United States,18580,New Mexico,795 Severn,1981-03-22,Biography
crmid:3993697474,burel1953@yahoo.aephandson.com,Jerrold,Moody,,690-783-7101,Lincoln,United States,10667,Maryland,1354 Hudson,1982-03-11,History
crmid:8466485271,eikon1819@gmail.aephandson.com,Bryce,Fuentes,,788-424-5755,Los Gatos,United States,48206,Virginia,883 Calgary,1984-07-21,Mystery
crmid:1093031142,dessa1979@gmail.aephandson.com,Albert,Marshall,,764-954-2385,Fort Dodge,United States,56767,Oklahoma,1141 Conrad,1963-09-11,History
crmid:5568478469,undemocratized2012@yahoo.aephandson.com,Sixta,Lambert,female,031-756-5146,Saginaw,United States,66757,Nebraska,35 Ames,1950-08-17,Fantasy
crmid:9447344442,dupree1868@live.aephandson.com,Milford,Kirkland,,900-572-9724,Rock Island,United States,93034,Nevada,274 Juan Bautista,1973-11-01,Action
crmid:4756753811,entomb1861@outlook.aephandson.com,Minh,Meadows,female,223-714-9227,Superior,United States,93597,Rhode Island,509 Islais,1960-06-20,Biography
crmid:7657983501,longlines1824@gmail.aephandson.com,Ela,Melendez,female,665-879-9005,Clarksville,United States,10066,Oregon,567 Radio,1948-03-20,Comedy
crmid:8194538547,desynonymization2045@outlook.aephandson.com,Steve,Goff,,813-492-4852,Palos Hills,United States,59618,Virginia,694 Upland,1996-06-23,Biography
crmid:4695819484,redissolubleness1933@gmail.aephandson.com,Pauletta,Yang,female,538-998-5742,Newburyport,United States,18916,Wyoming,1304 Iris,1997-03-19,Comedy
crmid:4311341517,landmark1910@yahoo.aephandson.com,Caleb,Ewing,,307-349-4803,Fort Collins,United States,74087,Rhode Island,112 Margaret,1963-12-12,Drama
crmid:4390368505,equiped2043@outlook.aephandson.com,Bernie,Garza,female,893-833-8762,Cleburne,United States,80548,Pennsylvania,641 Orben,1948-12-02,Action
crmid:3807301988,choosey1941@outlook.aephandson.com,Sparkle,Sampson,female,901-903-9791,Cheyenne,United States,77592,Texas,341 Baden,1947-08-26,Action
crmid:5723381418,bornagain1890@yahoo.aephandson.com,Dewitt,Gillespie,,086-336-6008,Gardner,United States,05232,Idaho,117 Campus,1965-02-18,News
crmid:4511095592,burial2059@yahoo.aephandson.com,Seymour,Crane,,176-736-2876,Glendale,United States,29295,Idaho,1071 Montezuma,1966-04-04,Fantasy
crmid:6500304927,turnsoles1980@yahoo.aephandson.com,Hong,Baxter,,151-897-4932,Greenbelt,United States,43293,South Dakota,772 Mission Bay,1968-08-03,News
crmid:9134829398,emera1849@outlook.aephandson.com,Alton,Tanner,male,118-552-0643,Twinsburg,United States,08609,Florida,254 Ellert,1935-01-28,Mystery
crmid:5659062911,contineu1981@outlook.aephandson.com,Ashley,Norris,,642-958-6998,Miami Beach,United States,84206,Rhode Island,726 Via Ferlinghetti,1990-08-17,Horror
crmid:2296462942,creaks1882@yandex.aephandson.com,Linwood,Johnson,male,274-407-2424,West Allis,United States,04212,West Virginia,719 Roscoe,1934-06-15,Reality-TV
crmid:1129032694,exceptionalness1858@yandex.aephandson.com,Stanford,Mcintosh,,643-890-1536,Fridley,United States,66664,West Virginia,1195 Tulane,1964-10-23,Biography
crmid:2226433938,breaststroker1934@yahoo.aephandson.com,Carl,Stanton,,634-219-1895,Michigan City,United States,30022,Rhode Island,845 Loehr,1990-06-23,Biography
crmid:4838637013,lobster2029@yandex.aephandson.com,Else,Strong,female,485-427-8453,Watertown,United States,16125,California,420 Shipley,1954-10-25,Thriller
crmid:2940032259,namelessly1958@gmail.aephandson.com,Marcelo,Lloyd,,889-796-8595,Hurst,United States,82838,Colorado,633 Schwerin,1974-05-11,Action
crmid:9418495802,skreel1815@yahoo.aephandson.com,Wes,Peterson,,978-733-9204,Post Falls,United States,63466,Oregon,62 Kenwood,1974-07-21,History
crmid:6227934869,pulselessness1869@yahoo.aephandson.com,Laurence,Hughes,male,348-488-1590,Angleton,United States,84225,South Carolina,871 Ritch,1932-06-15,Comedy
crmid:7747772127,buckman1932@yahoo.aephandson.com,Warren,Hoover,male,140-253-3134,Anderson,United States,52921,New Jersey,155 Arroyo,1932-10-14,History
crmid:7925671956,centuple1855@live.aephandson.com,Kendall,Maldonado,male,744-264-9056,Warner Robins,United States,83317,New Mexico,974 Stoneridge,1943-06-18,Animation
crmid:5072511936,obfuscable1917@yandex.aephandson.com,Hans,Gutierrez,,997-848-2895,Goleta,United States,92270,Massachusetts,1118 Bennington,1967-02-08,Thriller
crmid:2752791727,epomophorus1981@gmail.aephandson.com,Seth,Singleton,,527-282-5940,Huber Heights,United States,95658,Connecticut,1141 Mono,1973-09-09,Reality-TV
crmid:2671798877,slinking1892@yahoo.aephandson.com,Valene,Moody,female,537-193-9491,Cleburne,United States,53153,Washington,401 Alta Mar,1948-09-20,News
crmid:3147309749,apocalyptic1856@live.aephandson.com,Bradford,Booker,male,876-454-3781,Alsip,United States,04187,Tennessee,1188 Russian Hill,1931-01-03,Fantasy
crmid:1015318469,trichotomize1856@outlook.aephandson.com,Merrill,Barnett,male,556-388-5591,Brunswick,United States,39415,North Carolina,795 Scotland,1942-07-02,Comedy
crmid:3111818769,fly1931@gmail.aephandson.com,Shawnee,Brooks,female,771-487-9259,Clearfield,United States,40925,Kentucky,217 Moneta,1948-08-04,Sport
crmid:4638211178,content1996@live.aephandson.com,Keva,Raymond,female,056-705-2086,Ogden,United States,82766,Oklahoma,747 Beverly,1956-05-24,Family
crmid:5534054496,mitten2063@yandex.aephandson.com,Stevie,Weaver,female,072-523-7509,Chino Hills,United States,79688,North Carolina,84 Farnsworth,1947-12-16,Animation
crmid:6989180578,ardith1806@outlook.aephandson.com,Zack,Wright,,941-956-2242,Gilroy,United States,35565,Alabama,894 Pine,1966-06-09,History
crmid:2925339436,cockeyed2014@live.aephandson.com,Deshawn,Rivas,male,908-790-4541,Ossining,United States,80749,South Carolina,67 Camellia,1938-03-25,News
crmid:1777045261,gubernacular1918@live.aephandson.com,Laurence,Tran,,450-275-9518,Miami,United States,65613,Wisconsin,1125 Saint George,1990-12-20,Animation
crmid:3240817375,belar1872@gmail.aephandson.com,Alton,Richardson,male,261-857-6732,Asbury Park,United States,07601,Louisiana,1259 Vista Verde,1934-01-24,Action
crmid:5133595543,rebend1828@gmail.aephandson.com,Arlie,Francis,male,397-500-5772,Bethlehem,United States,08557,Florida,1166 Garfield,1938-01-10,Fantasy
crmid:1050540790,subcompletion2034@gmail.aephandson.com,Reggie,Gonzalez,male,721-264-2590,Bethlehem,United States,64860,North Carolina,613 Holly,1938-11-22,Mystery
crmid:5067616157,pourer2033@outlook.aephandson.com,Jewell,Workman,male,764-668-7659,Americus,United States,35476,New Mexico,1237 Vasquez,1932-05-31,Mystery
crmid:1952295639,ceriel1924@live.aephandson.com,Lakenya,Bridges,female,959-768-3633,Springfield,United States,59109,South Dakota,500 Verdi,1999-10-05,Family
crmid:4240747023,idiosyncrasy1882@live.aephandson.com,Casimira,Mullins,female,802-095-7053,Rolling Meadows,United States,20461,Louisiana,1165 Cerritos,1957-10-03,Animation
crmid:2654460289,gript2000@live.aephandson.com,Coleman,Mueller,,821-566-2585,Stow,United States,45148,Montana,711 Genebern,1992-03-18,Thriller
crmid:8139132379,predigital2033@yandex.aephandson.com,Demarcus,Carroll,male,823-530-6346,Trotwood,United States,80190,Connecticut,1132 Gibson,1931-03-05,Action
crmid:7847912523,papal1920@yahoo.aephandson.com,Matha,Cardenas,female,115-574-9169,Farmington,United States,33281,Florida,1184 Belden,1961-06-05,Biography
crmid:6692893826,contribution1818@yahoo.aephandson.com,Craig,Mann,,450-605-6812,Melrose,United States,44861,Kentucky,1379 Miguel,1989-08-02,Action
crmid:3193623654,myoporum2050@yahoo.aephandson.com,Herb,Christian,male,039-287-6230,Ashwaubenon,United States,23890,Massachusetts,396 Raccoon,1934-05-06,Mystery
crmid:6283824486,otter1966@yandex.aephandson.com,Randolph,Wilcox,male,393-603-0614,Rosenberg,United States,08972,Massachusetts,812 Racine,1930-12-29,Action
crmid:9576981793,horsiest2030@gmail.aephandson.com,Lenard,Schroeder,male,484-414-5178,Santee,United States,90813,New York,674 Romolo,1936-06-26,Comedy
crmid:5979070030,demised1952@yandex.aephandson.com,Art,Carr,,229-227-0070,Haines City,United States,45012,Kansas,547 Tocoloma,1969-08-11,News
crmid:6523724673,sillago2038@live.aephandson.com,Scottie,Hicks,,268-310-6628,Lakeland,United States,91645,Hawaii,185 Lake Merced,1980-02-12,Comedy
crmid:3187754940,redips2035@outlook.aephandson.com,Les,Vang,male,608-186-7338,Sterling Heights,United States,18654,Utah,193 Burritt,1945-06-29,Family
crmid:7949009369,nontechnically2016@outlook.aephandson.com,Lauren,Gonzalez,,024-425-0057,Highland Park,United States,72739,Nevada,165 Mansfield,1971-03-09,Action
crmid:7091928459,havens2019@yahoo.aephandson.com,Oliver,Murphy,,930-012-2393,Ypsilanti,United States,75770,Nevada,882 Magellan,1977-01-01,News
crmid:3222508476,europeanization1926@outlook.aephandson.com,Daren,Burgess,,084-628-5235,Springville,United States,67739,North Dakota,236 Cresta Vista,1979-05-30,News
crmid:3055991841,archeus1829@yandex.aephandson.com,Arlie,Rivera,male,866-093-2304,Battle Creek,United States,01086,Tennessee,138 Irwin,1936-01-25,News
crmid:9545083004,boosters1826@yandex.aephandson.com,Dustin,Hurley,male,368-431-2472,Bellwood,United States,18493,Ohio,908 Wetmore,1937-03-15,Fantasy
crmid:1986474854,sigmodont2068@live.aephandson.com,Reuben,Collins,,854-395-1965,Hollywood,United States,63934,Montana,1074 Rico,1972-10-31,Sport
crmid:1586151595,uninfluencing2056@live.aephandson.com,Gene,Knapp,male,003-614-1919,Burlingame,United States,74304,Missouri,506 Muir,1943-04-16,Biography
crmid:9968193640,codeias2047@live.aephandson.com,Andres,Shaffer,male,123-926-7756,Santa Barbara,United States,08041,Louisiana,480 Mono,1934-01-27,News
crmid:3100393359,untinctured1839@yandex.aephandson.com,Lawrence,Roth,,689-025-0834,Port Arthur,United States,64901,Minnesota,610 Fulton,1985-09-25,Biography
crmid:1715044774,repentingly1877@yandex.aephandson.com,Brain,Holman,,638-220-2141,Northport,United States,46106,Florida,1252 Oak Hills,1999-08-17,Thriller
crmid:3584183014,molluscans1942@yandex.aephandson.com,Carry,Gilbert,female,672-852-3666,Copperas Cove,United States,09428,Michigan,1144 Jones,1950-02-11,Reality-TV
crmid:1261734738,cornada1953@yandex.aephandson.com,Joeann,Gillespie,female,105-146-4246,Staunton,United States,28219,Florida,129 Farnsworth,1961-10-08,Sport
crmid:2066132633,finalized2020@yahoo.aephandson.com,Archie,Nelson,male,839-198-8532,Bozeman,United States,66364,Iowa,646 Northgate,1940-12-01,Action
crmid:1634210923,partridge2052@live.aephandson.com,Echo,Espinoza,female,394-424-7253,Renton,United States,22705,Arkansas,906 Kalmanovitz,1957-03-09,Mystery
crmid:7404715568,euphonism2041@outlook.aephandson.com,Rebbeca,Landry,female,933-350-0580,Pittsburg,United States,17556,North Carolina,168 Maywood,1948-07-17,Family
crmid:7588637030,vertep2051@yandex.aephandson.com,Harris,Cervantes,,198-489-9570,Tucson,United States,38368,Virginia,320 Holland,1980-07-29,Fantasy
crmid:5826280272,bossman1867@outlook.aephandson.com,Demetrius,Suarez,,961-632-8977,Palos Hills,United States,78979,Iowa,287 La Avanzada,1997-09-09,Action
crmid:4219080721,degenerative2046@gmail.aephandson.com,Jordon,Parsons,male,109-923-3729,Carol Stream,United States,88381,Alabama,101 Collingwood,1944-10-27,Biography
crmid:3365174022,bedrooms1849@outlook.aephandson.com,Anthony,Goodwin,,736-474-3940,Mint Hill,United States,34807,North Dakota,1243 Austin,1991-07-15,Fantasy
crmid:4690809592,amstutz2055@outlook.aephandson.com,Winston,Whitney,male,010-746-5723,Youngstown,United States,05640,Georgia,14 Meacham,1940-10-31,Thriller
crmid:5450283834,alvarez1983@gmail.aephandson.com,Bradford,Pennington,,298-290-1928,Washington,United States,36086,Arkansas,734 Clarke,1973-12-21,Comedy
crmid:8390552013,rothesay2049@live.aephandson.com,Gerry,Riley,,897-489-2507,Norwalk,United States,38758,Iowa,74 Spencer,1999-06-18,Drama
crmid:3986776938,blotto2041@live.aephandson.com,Genia,Ryan,female,250-219-5013,Chicago,United States,19324,Louisiana,1110 Burlwood,1947-03-26,History
crmid:3579192652,signor2034@yahoo.aephandson.com,Rosario,Whitfield,male,881-526-6672,Birmingham,United States,42488,Illinois,1321 Heather,1939-08-31,Family
crmid:4476474562,emollient1976@live.aephandson.com,Carlo,Rowland,,850-959-4900,Long Branch,United States,35049,Oregon,1178 College,1984-06-05,Animation
crmid:6717671456,unconsolable1937@yandex.aephandson.com,Loyd,Olson,,414-073-8269,Salinas,United States,31796,Washington,447 Fifth,1973-07-06,Thriller
crmid:9025667538,chichi2062@outlook.aephandson.com,Leeanne,Madden,female,592-136-8509,Corinth,United States,92553,Arkansas,591 Bonnie Brae,1950-12-10,Mystery
crmid:9050550053,cabasset2021@yandex.aephandson.com,Jessi,Horn,female,530-133-4036,Duluth,United States,84158,Florida,254 Barneveld,1956-04-14,Reality-TV
crmid:6320965027,saucerman1888@outlook.aephandson.com,Randal,Joyce,,399-675-3036,Logansport,United States,35461,Mississippi,1153 First,1983-06-11,History
crmid:5788654572,prolegomenon1886@yahoo.aephandson.com,Jorge,Mckenzie,,377-545-5815,Haltom City,United States,75183,Wisconsin,420 Mccarthy,1969-12-28,Family
crmid:5174098267,penguin1923@yandex.aephandson.com,Garfield,Silva,male,780-147-6602,Wadsworth,United States,08121,Illinois,31 Anza,1938-04-27,News
crmid:9791990193,episarkine1864@yandex.aephandson.com,Junior,Kerr,,025-802-7545,Grand Junction,United States,58203,Indiana,711 Craut,1967-09-21,Action
crmid:9106207621,snails1943@outlook.aephandson.com,Creola,Bradshaw,female,910-421-7254,Paris,United States,97180,Pennsylvania,1127 Kenny,1957-02-03,News
crmid:7942111175,analogue2034@outlook.aephandson.com,Karry,Harris,female,970-636-3687,East Moline,United States,83049,Washington,68 Jessie,1957-05-13,Animation
crmid:3011337200,calefacient1920@yahoo.aephandson.com,Elois,Justice,female,066-580-4040,Torrington,United States,24220,Texas,1384 Dogwood,1959-03-16,News
crmid:3252522868,dories1930@yandex.aephandson.com,Joey,Franco,,739-476-2434,Gardner,United States,35226,Kentucky,382 San Andreas,1965-06-05,Biography
crmid:2366381634,eleanore1852@live.aephandson.com,Moises,Sharpe,male,336-914-5731,Springboro,United States,08991,Minnesota,771 Greenough,1940-07-27,Reality-TV
crmid:5937442641,palmar2031@yahoo.aephandson.com,Lavern,Strong,male,877-693-8311,Biddeford,United States,97895,Tennessee,1279 Old Decatur,1939-12-12,Sport
crmid:6277353394,aspic1957@yahoo.aephandson.com,Frederick,Rojas,,852-995-1763,Roswell,United States,42233,Alaska,421 Tevis,1991-01-08,Biography
crmid:4382454614,havocs1976@live.aephandson.com,Hilton,Snyder,,761-208-4564,Fuquay-Varina,United States,62924,Minnesota,983 Moneta,1964-11-09,News
