id,transactionID,crmid,timestamp,orderType,transactionSKU,transactionName,transactionType,transactionOwnership,transactionAction,transactionMethod,transactionAmount,transactionFlag
a3efda68-942f-11ea-b7ab-b88a60e194fb,transactionid:123337,crmid:8824649619,2020-02-29T21:37:58.000Z,transaction - mobile,prd1010,529 College Savings,College Savings,Personal,credit,call center,3560.0,1
a3f0eb06-942f-11ea-bc30-b88a60e194fb,transactionid:688326,crmid:4816562489,2020-02-16T10:09:33.000Z,transaction - mobile,prd1146,529 College Savings,College Savings,Personal,credit,call center,3075.43,1
a3f298c8-942f-11ea-a8e1-b88a60e194fb,transactionid:497706,crmid:1013715010,2020-02-28T04:26:14.000Z,transaction - mobile,prd1134,Student Loan,Loan,Personal,credit,call center,2861.28,1
a3f432d8-942f-11ea-8b7f-b88a60e194fb,transactionid:753621,crmid:6920637089,2020-02-19T06:31:44.000Z,transaction - mobile,prd1115,Mortgage: VA,Mortgage,Personal,credit,mobile,4124.04,1
a3f5b9c6-942f-11ea-93bd-b88a60e194fb,transactionid:446690,crmid:3762081655,2020-02-28T08:35:04.000Z,transaction - mobile,prd1016,Homeowner's Insurance,Insurance,Personal,credit,mobile,2662.04,1
a3f6f1e8-942f-11ea-bd96-b88a60e194fb,transactionid:187261,crmid:4692294976,2020-02-15T11:22:35.000Z,transaction - mobile,prd1187,Business Savings,Savings,Business,credit,mobile,2021.85,1
a3f804a2-942f-11ea-b860-b88a60e194fb,transactionid:659965,crmid:5698620990,2020-02-28T00:53:54.000Z,transaction - mobile,prd1145,Everyday Checking,Checking,Personal,credit,branch,3125.58,1
a3f962e6-942f-11ea-8e7e-b88a60e194fb,transactionid:365571,crmid:2941997927,2020-02-21T12:19:23.000Z,transaction - mobile,prd1102,Everyday Savings,Savings,Personal,credit,ATM,2543.23,1
a3fafd26-942f-11ea-9065-b88a60e194fb,transactionid:546681,crmid:2995609947,2020-02-20T18:57:04.000Z,transaction - mobile,prd1162,High Interest Savings,Savings,Personal,credit,mobile,2453.89,1
a3fc9742-942f-11ea-b36a-b88a60e194fb,transactionid:253883,crmid:9653264325,2020-02-18T19:03:10.000Z,transaction - mobile,prd1102,Everyday Savings,Savings,Personal,close,ATM,2918.61,1
a3fdf6c0-942f-11ea-8b86-b88a60e194fb,transactionid:246611,crmid:9462507495,2020-02-23T00:58:40.000Z,transaction - mobile,prd1163,Rewards Savings,Savings,Personal,credit,call center,2072.84,1
a3ff2f5e-942f-11ea-9666-b88a60e194fb,transactionid:858693,crmid:2215548213,2020-02-18T20:13:39.000Z,transaction - mobile,prd1106,Business Loan,Loan,Business,debt,mobile,2701.96,1
a4008edc-942f-11ea-bc9d-b88a60e194fb,transactionid:767772,crmid:4088571752,2020-02-26T20:18:47.000Z,transaction - mobile,prd1040,High Interest Savings,Savings,Personal,credit,branch,3280.08,1
a401b3c2-942f-11ea-bd38-b88a60e194fb,transactionid:605068,crmid:3600434496,2020-02-19T12:52:22.000Z,transaction - mobile,prd1104,Health Savings,Savings,Personal,credit,ATM,2190.91,1
a402c540-942f-11ea-b14a-b88a60e194fb,transactionid:458141,crmid:7641669204,2020-02-25T04:10:17.000Z,transaction - mobile,prd1141,Premium Checking,Checking,Personal,credit,call center,3695.65,1
a40424c8-942f-11ea-8735-b88a60e194fb,transactionid:848603,crmid:9951386385,2020-02-26T19:51:27.000Z,transaction - mobile,prd1091,Critical Illness Insurance,Insurance,Personal,credit,call center,2611.95,1
a4053668-942f-11ea-8cf0-b88a60e194fb,transactionid:372295,crmid:8186252347,2020-02-24T04:30:15.000Z,transaction - mobile,prd1126,Merchant Services Account,Merchant Services,Business,debt,broker,1987.13,1
a4068242-942f-11ea-b2d8-b88a60e194fb,transactionid:221100,crmid:9306951981,2020-02-18T03:14:57.000Z,transaction - mobile,prd1147,Business Savings,Savings,Business,credit,mobile,2565.52,1
a4076c9e-942f-11ea-9da7-b88a60e194fb,transactionid:147036,crmid:9763895381,2020-02-25T03:55:21.000Z,transaction - mobile,prd1074,Premium Checking,Checking,Personal,credit,mobile,1452.86,1
a4086a8a-942f-11ea-8eea-b88a60e194fb,transactionid:638780,crmid:1369578151,2020-02-21T21:52:54.000Z,transaction - mobile,prd1149,Auto Loan,Loan,Personal,credit,mobile,3484.16,1
a409dda2-942f-11ea-a817-b88a60e194fb,transactionid:494491,crmid:8369468524,2020-02-20T05:38:56.000Z,transaction - mobile,prd1096,Renter's Insurance,Insurance,Personal,credit,broker,3330.15,1
a40b2a38-942f-11ea-a6e0-b88a60e194fb,transactionid:503943,crmid:5709796223,2020-02-17T22:55:07.000Z,transaction - mobile,prd1173,Money Market,Investment,Personal,credit,mobile,3409.33,1
a40c621e-942f-11ea-b9e9-b88a60e194fb,transactionid:773230,crmid:4011429054,2020-02-24T14:52:16.000Z,transaction - mobile,prd1070,High Interest Savings,Savings,Personal,credit,mobile,2938.63,1
a40de8be-942f-11ea-856d-b88a60e194fb,transactionid:254225,crmid:3837953392,2020-02-25T04:53:53.000Z,transaction - mobile,prd1112,Fixed Deposit,Investment,Personal,credit,call center,4951.72,1
a40f6f64-942f-11ea-98d2-b88a60e194fb,transactionid:197048,crmid:7826908807,2020-02-17T07:10:58.000Z,transaction - mobile,prd1197,Business Card,Credit Card,Business,debt,call center,2802.35,1
a4119242-942f-11ea-afb3-b88a60e194fb,transactionid:699316,crmid:2938381638,2020-02-23T20:09:59.000Z,transaction - mobile,prd1080,Mortgage Insurance,Insurance,Personal,credit,call center,3349.95,1
a412de46-942f-11ea-aadd-b88a60e194fb,transactionid:409647,crmid:9057020223,2020-02-18T20:31:36.000Z,transaction - mobile,prd1010,529 College Savings,College Savings,Personal,credit,ATM,2489.28,1
a4143de2-942f-11ea-b291-b88a60e194fb,transactionid:344456,crmid:3571990582,2020-02-23T02:37:30.000Z,transaction - mobile,prd1136,Student Savings,Savings,Personal,close,call center,3975.88,1
a41562cc-942f-11ea-9ba1-b88a60e194fb,transactionid:564301,crmid:9374524868,2020-02-24T19:48:27.000Z,transaction - mobile,prd1180,529 College Savings,College Savings,Personal,debt,mobile,2164.79,1
a41660a8-942f-11ea-b1d3-b88a60e194fb,transactionid:838499,crmid:6349122019,2020-02-20T04:04:42.000Z,transaction - mobile,prd1011,Rewards Savings,Savings,Personal,credit,call center,3192.3,1
a417ad3e-942f-11ea-bd38-b88a60e194fb,transactionid:532501,crmid:8861039282,2020-02-16T06:18:33.000Z,transaction - mobile,prd1161,Business Checking,Checking,Business,credit,call center,2287.08,1
a418aaae-942f-11ea-bad5-b88a60e194fb,transactionid:573324,crmid:6649287153,2020-02-27T06:46:02.000Z,transaction - mobile,prd1010,529 College Savings,College Savings,Personal,credit,call center,3598.39,1
a419f6b6-942f-11ea-82a5-b88a60e194fb,transactionid:437287,crmid:4859094329,2020-02-26T02:41:29.000Z,transaction - mobile,prd1127,Rewards Card,Credit Card,Personal,credit,mobile,2888.94,1
a41b42ba-942f-11ea-9e53-b88a60e194fb,transactionid:674177,crmid:2227590851,2020-02-25T12:52:21.000Z,transaction - mobile,prd1161,Business Checking,Checking,Business,credit,broker,2747.41,1
a41c9028-942f-11ea-973d-b88a60e194fb,transactionid:679156,crmid:1204872545,2020-02-24T16:58:07.000Z,transaction - mobile,prd1089,Business Card,Credit Card,Business,close,ATM,1317.21,1
a41d79e4-942f-11ea-b598-b88a60e194fb,transactionid:875816,crmid:4672607868,2020-02-28T21:19:48.000Z,transaction - mobile,prd1137,Business Checking,Checking,Business,credit,call center,1820.03,1
a41e8aae-942f-11ea-a863-b88a60e194fb,transactionid:228903,crmid:9181164443,2020-02-28T09:58:56.000Z,transaction - mobile,prd1085,Auto Loan,Loan,Personal,credit,mobile,1924.84,1
a41fb028-942f-11ea-bd8b-b88a60e194fb,transactionid:605670,crmid:5052851328,2020-02-27T04:51:12.000Z,transaction - mobile,prd1141,Premium Checking,Checking,Personal,credit,mobile,1353.65,1
a42170e8-942f-11ea-9822-b88a60e194fb,transactionid:602295,crmid:7243782368,2020-02-21T09:52:10.000Z,transaction - mobile,prd1031,Business Loan,Loan,Business,debt,call center,4630.44,1
a42345ae-942f-11ea-b4ce-b88a60e194fb,transactionid:532288,crmid:5655270846,2020-02-18T23:20:27.000Z,transaction - mobile,prd1092,Rewards Card,Credit Card,Personal,debt,broker,3832.42,1
a424cc24-942f-11ea-895f-b88a60e194fb,transactionid:836927,crmid:7818559367,2020-02-26T23:10:10.000Z,transaction - mobile,prd1001,Personal Loan,Loan,Personal,credit,ATM,2966.9,1
a426c7ec-942f-11ea-84b8-b88a60e194fb,transactionid:724656,crmid:9345619833,2020-02-23T18:15:37.000Z,transaction - mobile,prd1164,Student Card,Credit Card,Personal,credit,mobile,429103.69,1
a4284eb4-942f-11ea-ad6c-b88a60e194fb,transactionid:321955,crmid:5620727022,2020-02-25T01:17:54.000Z,transaction - mobile,prd1026,Mortgage: 5/1 ARM,Mortgage,Personal,credit,ATM,2571.99,1
a429c1a4-942f-11ea-8fba-b88a60e194fb,transactionid:180041,crmid:1777277083,2020-02-26T22:15:37.000Z,transaction - mobile,prd1146,529 College Savings,College Savings,Personal,credit,mobile,3291.12,1
a42b34c6-942f-11ea-9388-b88a60e194fb,transactionid:541371,crmid:7964832518,2020-02-20T23:43:30.000Z,transaction - mobile,prd1128,High Interest Savings,Savings,Personal,credit,branch,2329.11,1
a42c80be-942f-11ea-9fc4-b88a60e194fb,transactionid:210617,crmid:8739949972,2020-02-16T01:31:24.000Z,transaction - mobile,prd1190,Premium Checking,Checking,Personal,credit,call center,3258.22,1
a42d7ea4-942f-11ea-8575-b88a60e194fb,transactionid:923806,crmid:4426344366,2020-02-20T17:59:16.000Z,transaction - mobile,prd1005,Everyday Savings,Savings,Personal,credit,broker,1541.68,1
a42eb71c-942f-11ea-911d-b88a60e194fb,transactionid:634760,crmid:3903039715,2020-02-20T11:55:01.000Z,transaction - mobile,prd1191,Merchant Services Account,Merchant Services,Business,credit,broker,3642.76,1
a4302a46-942f-11ea-9a67-b88a60e194fb,transactionid:430505,crmid:5194778141,2020-02-15T08:26:49.000Z,transaction - mobile,prd1035,Pension Account,Retirement,Personal,credit,branch,3759.82,1
a431eb86-942f-11ea-8a06-b88a60e194fb,transactionid:186447,crmid:8344087966,2020-02-26T04:51:22.000Z,transaction - mobile,prd1005,Everyday Savings,Savings,Personal,credit,broker,3562.9,1
a4334ba8-942f-11ea-bdfa-b88a60e194fb,transactionid:136368,crmid:9983140668,2020-02-25T23:26:37.000Z,transaction - mobile,prd1141,Premium Checking,Checking,Personal,credit,call center,430694.67,1
a4359500-942f-11ea-a405-b88a60e194fb,transactionid:859555,crmid:6414838601,2020-02-25T02:12:56.000Z,transaction - mobile,prd1104,Health Savings,Savings,Personal,credit,call center,2698.71,1
a4371bec-942f-11ea-aa8b-b88a60e194fb,transactionid:461018,crmid:2151657490,2020-02-28T11:44:35.000Z,transaction - mobile,prd1093,Money Market Savings,Savings,Personal,credit,call center,3398.67,1
a439520a-942f-11ea-9cbe-b88a60e194fb,transactionid:493243,crmid:2625049214,2020-02-17T08:59:26.000Z,transaction - mobile,prd1042,Roth IRA,Retirement,Personal,close,mobile,1927.56,1
a43b3a86-942f-11ea-a920-b88a60e194fb,transactionid:212594,crmid:2134516166,2020-02-26T03:10:03.000Z,transaction - mobile,prd1003,Premium Checking,Checking,Personal,debt,call center,1834.42,1
a43d228a-942f-11ea-a441-b88a60e194fb,transactionid:615581,crmid:8695183697,2020-02-18T23:19:08.000Z,transaction - mobile,prd1174,Traditional IRA,Retirement,Personal,credit,ATM,1308.65,1
a43f1e66-942f-11ea-938b-b88a60e194fb,transactionid:506040,crmid:7636475750,2020-02-17T12:17:37.000Z,transaction - mobile,prd1110,Traditional IRA,Retirement,Personal,credit,call center,2708.26,1
a4402fc8-942f-11ea-9e3a-b88a60e194fb,transactionid:668006,crmid:5461166806,2020-02-19T21:57:07.000Z,transaction - mobile,prd1020,Everyday Savings,Savings,Personal,debt,call center,3081.95,1
a4417bd0-942f-11ea-a379-b88a60e194fb,transactionid:442220,crmid:4870297636,2020-02-15T04:54:20.000Z,transaction - mobile,prd1105,Homeowner's Insurance,Insurance,Personal,credit,mobile,2987.8,1
a444891c-942f-11ea-96f5-b88a60e194fb,transactionid:151957,crmid:8581317793,2020-02-22T17:15:26.000Z,transaction - mobile,prd1087,Overseas Equity Fund,Investment,Personal,close,branch,4442.67,1
a446fab0-942f-11ea-991d-b88a60e194fb,transactionid:364627,crmid:9748569288,2020-02-27T03:09:06.000Z,transaction - mobile,prd1025,Brokerage Account,Investment,Personal,credit,call center,2084.51,1
a448e2b0-942f-11ea-a170-b88a60e194fb,transactionid:688701,crmid:3425856731,2020-02-20T06:49:01.000Z,transaction - mobile,prd1086,Auto Insurance,Insurance,Personal,credit,broker,1161.19,1
a44b1914-942f-11ea-a793-b88a60e194fb,transactionid:151554,crmid:8655927489,2020-02-25T22:57:11.000Z,transaction - mobile,prd1067,Everyday Checking,Checking,Personal,close,branch,2323.86,1
a44cda2e-942f-11ea-b474-b88a60e194fb,transactionid:395230,crmid:5390475221,2020-02-27T12:56:44.000Z,transaction - mobile,prd1100,Personal Loan,Loan,Personal,credit,mobile,2153.48,1
a44e4d1c-942f-11ea-a35b-b88a60e194fb,transactionid:707884,crmid:4798842646,2020-02-16T01:33:50.000Z,transaction - mobile,prd1046,Mortgage: VA,Mortgage,Personal,credit,broker,3804.33,1
a44fc040-942f-11ea-aaf3-b88a60e194fb,transactionid:652113,crmid:2897628368,2020-02-18T10:23:53.000Z,transaction - mobile,prd1116,Everyday Checking,Checking,Personal,credit,call center,2207.75,1
a4510c2c-942f-11ea-912a-b88a60e194fb,transactionid:926897,crmid:6288606236,2020-02-22T12:04:24.000Z,transaction - mobile,prd1011,Rewards Savings,Savings,Personal,credit,call center,2268.21,1
a45292e6-942f-11ea-a719-b88a60e194fb,transactionid:587242,crmid:1419081900,2020-02-26T14:18:00.000Z,transaction - mobile,prd1198,Critical Illness Insurance,Insurance,Personal,credit,ATM,4293.81,1
a453f2d2-942f-11ea-bcdb-b88a60e194fb,transactionid:935028,crmid:5803887377,2020-02-25T23:39:51.000Z,transaction - mobile,prd1187,Business Savings,Savings,Business,credit,call center,3176.78,1
a4558c98-942f-11ea-adf0-b88a60e194fb,transactionid:814015,crmid:3328644067,2020-02-24T04:39:12.000Z,transaction - mobile,prd1005,Everyday Savings,Savings,Personal,credit,call center,1947.24,1
a456ec1e-942f-11ea-84f9-b88a60e194fb,transactionid:426244,crmid:3676986211,2020-02-21T14:50:06.000Z,transaction - mobile,prd1003,Premium Checking,Checking,Personal,credit,mobile,398648.27,1
a4584ba6-942f-11ea-8955-b88a60e194fb,transactionid:833748,crmid:6066879791,2020-02-17T15:38:11.000Z,transaction - mobile,prd1158,Preferred Checking,Checking,Personal,credit,broker,2734.08,1
a45a2064-942f-11ea-88a3-b88a60e194fb,transactionid:564310,crmid:2870939844,2020-02-21T13:37:18.000Z,transaction - mobile,prd1004,Business Card,Credit Card,Business,close,mobile,2935.78,1
a45b7ff6-942f-11ea-bb9d-b88a60e194fb,transactionid:972943,crmid:5003700824,2020-02-20T05:20:36.000Z,transaction - mobile,prd1142,Rewards Savings,Savings,Personal,credit,mobile,3249.63,1
a45cdf7a-942f-11ea-b609-b88a60e194fb,transactionid:682530,crmid:3796835893,2020-02-18T13:23:31.000Z,transaction - mobile,prd1099,High Interest Savings,Savings,Personal,credit,call center,2351.07,1
a45e180a-942f-11ea-8cff-b88a60e194fb,transactionid:528853,crmid:4236541647,2020-02-26T15:20:53.000Z,transaction - mobile,prd1090,Business Checking,Checking,Business,credit,mobile,3360.28,1
a45f9eac-942f-11ea-a096-b88a60e194fb,transactionid:427636,crmid:9133989846,2020-02-16T14:46:12.000Z,transaction - mobile,prd1009,Everyday Checking,Checking,Personal,credit,ATM,3780.98,1
a4614c92-942f-11ea-9c95-b88a60e194fb,transactionid:985112,crmid:2155110840,2020-02-21T00:10:44.000Z,transaction - mobile,prd1146,529 College Savings,College Savings,Personal,credit,call center,3668.54,1
a462e67e-942f-11ea-9604-b88a60e194fb,transactionid:121306,crmid:7021206665,2020-02-22T13:28:17.000Z,transaction - mobile,prd1074,Premium Checking,Checking,Personal,close,call center,4114.74,1
a4645a14-942f-11ea-a5fe-b88a60e194fb,transactionid:542688,crmid:4815961642,2020-02-17T12:51:31.000Z,transaction - mobile,prd1145,Everyday Checking,Checking,Personal,credit,branch,4391.42,1
a4659210-942f-11ea-8d88-b88a60e194fb,transactionid:204671,crmid:2248178866,2020-02-21T23:14:09.000Z,transaction - mobile,prd1194,Preferred Checking,Checking,Personal,credit,call center,2696.07,1
a466de1c-942f-11ea-8d7d-b88a60e194fb,transactionid:699465,crmid:7703411986,2020-02-22T06:56:09.000Z,transaction - mobile,prd1154,Mortgage: 30-yr Fixed,Mortgage,Personal,credit,branch,2240.06,1
a4683db8-942f-11ea-a378-b88a60e194fb,transactionid:727486,crmid:3336323012,2020-02-20T16:47:10.000Z,transaction - mobile,prd1125,Mortgage: FHA,Mortgage,Personal,credit,call center,3743.94,1
a46a25fe-942f-11ea-8463-b88a60e194fb,transactionid:313295,crmid:2365249619,2020-02-23T02:16:51.000Z,transaction - mobile,prd1194,Preferred Checking,Checking,Personal,credit,mobile,3746.98,1
a46be7a4-942f-11ea-9a74-b88a60e194fb,transactionid:767034,crmid:9064780073,2020-02-18T10:01:50.000Z,transaction - mobile,prd1021,CDs: 5 year,Investment,Personal,credit,branch,3530.64,1
a46dcf80-942f-11ea-bb1b-b88a60e194fb,transactionid:648563,crmid:8076374000,2020-02-21T22:19:40.000Z,transaction - mobile,prd1138,Money Market Savings,Savings,Personal,credit,mobile,3268.2,1
a46f90b0-942f-11ea-a216-b88a60e194fb,transactionid:827759,crmid:3041851978,2020-02-28T02:28:21.000Z,transaction - mobile,prd1030,401k,Retirement,Personal,debt,mobile,358518.02,1
a4711758-942f-11ea-81c8-b88a60e194fb,transactionid:293312,crmid:6083209715,2020-02-23T21:44:51.000Z,transaction - mobile,prd1010,529 College Savings,College Savings,Personal,credit,ATM,3668.07,1
a472c4fa-942f-11ea-a783-b88a60e194fb,transactionid:984694,crmid:6351657078,2020-02-29T12:42:14.000Z,transaction - mobile,prd1141,Premium Checking,Checking,Personal,credit,call center,3722.27,1
a4747338-942f-11ea-9820-b88a60e194fb,transactionid:936696,crmid:4243240496,2020-02-28T01:01:31.000Z,transaction - mobile,prd1107,Auto Insurance,Insurance,Personal,close,call center,3780.93,1
a4762080-942f-11ea-ae28-b88a60e194fb,transactionid:915648,crmid:6899007700,2020-02-15T06:21:10.000Z,transaction - mobile,prd1106,Business Loan,Loan,Business,credit,call center,2111.93,1
a477a734-942f-11ea-a754-b88a60e194fb,transactionid:843143,crmid:5542259515,2020-02-26T23:15:15.000Z,transaction - mobile,prd1080,Mortgage Insurance,Insurance,Personal,credit,mobile,2570.72,1
a4796898-942f-11ea-b123-b88a60e194fb,transactionid:149179,crmid:9425754133,2020-02-17T19:09:40.000Z,transaction - mobile,prd1116,Everyday Checking,Checking,Personal,debt,ATM,3335.03,1
a47b296c-942f-11ea-94f8-b88a60e194fb,transactionid:136384,crmid:8114386436,2020-02-19T04:58:12.000Z,transaction - mobile,prd1010,529 College Savings,College Savings,Personal,credit,call center,2948.83,1
a47c3ad4-942f-11ea-ba0f-b88a60e194fb,transactionid:897497,crmid:4551151568,2020-02-24T00:35:23.000Z,transaction - mobile,prd1091,Critical Illness Insurance,Insurance,Personal,credit,call center,3204.91,1
a47d86dc-942f-11ea-bbc0-b88a60e194fb,transactionid:583859,crmid:6061477090,2020-02-24T10:29:33.000Z,transaction - mobile,prd1185,Mortgage: FHA,Mortgage,Personal,close,ATM,2429.04,1
a47ebf68-942f-11ea-a86f-b88a60e194fb,transactionid:206769,crmid:6459143393,2020-02-21T17:59:56.000Z,transaction - mobile,prd1087,Overseas Equity Fund,Investment,Personal,credit,mobile,3409.39,1
a47ff7d8-942f-11ea-89d1-b88a60e194fb,transactionid:264156,crmid:1737032547,2020-02-22T20:55:21.000Z,transaction - mobile,prd1120,Mortgage: 10/1 ARM,Mortgage,Personal,credit,call center,2540.16,1
a480f5f4-942f-11ea-9b17-b88a60e194fb,transactionid:397289,crmid:7359659309,2020-02-26T02:18:03.000Z,transaction - mobile,prd1146,529 College Savings,College Savings,Personal,credit,mobile,2910.75,1
a4822e50-942f-11ea-8611-b88a60e194fb,transactionid:694122,crmid:7460565584,2020-02-29T22:29:58.000Z,transaction - mobile,prd1027,Mortgage: 30-yr Fixed,Mortgage,Personal,credit,call center,338843.67,1
a483534c-942f-11ea-9905-b88a60e194fb,transactionid:492681,crmid:9072909355,2020-02-23T01:19:10.000Z,transaction - mobile,prd1062,Mortgage: VA,Mortgage,Personal,credit,call center,2479.34,1
a484c658-942f-11ea-9b07-b88a60e194fb,transactionid:753174,crmid:8678897534,2020-02-17T22:24:10.000Z,transaction - mobile,prd1052,Preferred Checking,Checking,Personal,credit,mobile,335232.44,1
a4869b2e-942f-11ea-8eb7-b88a60e194fb,transactionid:900921,crmid:9769396823,2020-02-17T15:26:40.000Z,transaction - mobile,prd1057,Student Card,Credit Card,Personal,credit,broker,3641.58,1
a48821b8-942f-11ea-90d4-b88a60e194fb,transactionid:567773,crmid:3310785179,2020-02-24T06:10:28.000Z,transaction - mobile,prd1166,Business Checking,Checking,Business,credit,broker,2717.31,1
a48c8ea8-942f-11ea-b7d3-b88a60e194fb,transactionid:723883,crmid:7681853201,2020-02-25T03:23:44.000Z,transaction - mobile,prd1060,Traditional IRA,Retirement,Personal,credit,call center,2059.88,1
a48e9e66-942f-11ea-bc97-b88a60e194fb,transactionid:293228,crmid:7015728002,2020-02-25T04:48:12.000Z,transaction - mobile,prd1134,Student Loan,Loan,Personal,credit,call center,3699.16,1
a4905f26-942f-11ea-a3fc-b88a60e194fb,transactionid:422230,crmid:5707772606,2020-02-18T01:28:49.000Z,transaction - mobile,prd1008,Traditional IRA,Retirement,Personal,credit,call center,4012.34,1
a491e5ae-942f-11ea-a0f9-b88a60e194fb,transactionid:271452,crmid:3951250177,2020-02-18T02:49:16.000Z,transaction - mobile,prd1076,Student Savings,Savings,Personal,credit,call center,2389.88,1
a493ce02-942f-11ea-b6fa-b88a60e194fb,transactionid:497186,crmid:6539823534,2020-02-19T09:46:58.000Z,transaction - mobile,prd1158,Preferred Checking,Checking,Personal,credit,ATM,2133.03,1
a49652c2-942f-11ea-84f8-b88a60e194fb,transactionid:823020,crmid:8772686278,2020-02-16T08:51:43.000Z,transaction - mobile,prd1118,Simplicity Card,Credit Card,Personal,credit,branch,2886.2,1
a49888e2-942f-11ea-8c43-b88a60e194fb,transactionid:522256,crmid:1421703443,2020-02-22T04:34:51.000Z,transaction - mobile,prd1193,Renter's Insurance,Insurance,Personal,credit,call center,457448.5,1
a49ae662-942f-11ea-9bae-b88a60e194fb,transactionid:380603,crmid:4377286685,2020-02-20T23:56:50.000Z,transaction - mobile,prd1023,Health Savings,Savings,Personal,credit,mobile,2762.53,1
a49ccf36-942f-11ea-a778-b88a60e194fb,transactionid:390832,crmid:2939694818,2020-02-24T23:38:17.000Z,transaction - mobile,prd1025,Brokerage Account,Investment,Personal,credit,call center,3597.45,1
a49eca88-942f-11ea-9e8f-b88a60e194fb,transactionid:787761,crmid:1751662910,2020-02-18T12:35:05.000Z,transaction - mobile,prd1138,Money Market Savings,Savings,Personal,credit,mobile,2746.28,1
a4a0d9d2-942f-11ea-a84e-b88a60e194fb,transactionid:554402,crmid:6613056653,2020-02-22T04:39:12.000Z,transaction - mobile,prd1128,High Interest Savings,Savings,Personal,credit,call center,1965.25,1
a4a2606e-942f-11ea-9546-b88a60e194fb,transactionid:261668,crmid:1128607287,2020-02-15T03:35:26.000Z,transaction - mobile,prd1050,Travel Card,Credit Card,Personal,credit,call center,2421.31,1
a4a40e12-942f-11ea-a806-b88a60e194fb,transactionid:233151,crmid:3640213819,2020-02-17T13:06:37.000Z,transaction - mobile,prd1192,Money Market Savings,Savings,Personal,close,mobile,3354.63,1
a4a56db8-942f-11ea-a4f2-b88a60e194fb,transactionid:631925,crmid:3358040620,2020-02-25T10:38:06.000Z,transaction - mobile,prd1130,Money Market Savings,Savings,Personal,credit,call center,2315.22,1
a4a6cd5e-942f-11ea-8a0d-b88a60e194fb,transactionid:746869,crmid:8082096417,2020-02-25T15:15:48.000Z,transaction - mobile,prd1010,529 College Savings,College Savings,Personal,credit,ATM,3794.71,1
a4a87b0a-942f-11ea-92a2-b88a60e194fb,transactionid:111789,crmid:3607642386,2020-02-28T17:54:18.000Z,transaction - mobile,prd1094,Preferred Checking,Checking,Personal,debt,ATM,493.46,1
a4aa152c-942f-11ea-8c55-b88a60e194fb,transactionid:157670,crmid:2001882305,2020-02-23T00:31:23.000Z,transaction - mobile,prd1173,Money Market,Investment,Personal,credit,mobile,2343.0,1
a4ab9bb0-942f-11ea-8f13-b88a60e194fb,transactionid:223326,crmid:8185414923,2020-02-22T06:21:03.000Z,transaction - mobile,prd1113,Personal Loan,Loan,Personal,credit,branch,3615.32,1
a4ad35f4-942f-11ea-a936-b88a60e194fb,transactionid:182617,crmid:7465441813,2020-02-27T14:44:02.000Z,transaction - mobile,prd1162,High Interest Savings,Savings,Personal,credit,branch,2799.31,1
a4aed006-942f-11ea-a002-b88a60e194fb,transactionid:731668,crmid:2622204494,2020-02-25T03:39:45.000Z,transaction - mobile,prd1135,Student Loan,Loan,Personal,close,broker,3597.9,1
a4b056a8-942f-11ea-a4b7-b88a60e194fb,transactionid:756392,crmid:1965799577,2020-02-20T13:09:56.000Z,transaction - mobile,prd1041,Mortgage: 7/1 ARM,Mortgage,Personal,credit,call center,2107.52,1
a4b217dc-942f-11ea-89a9-b88a60e194fb,transactionid:700551,crmid:7930137901,2020-02-25T10:33:11.000Z,transaction - mobile,prd1053,Mortgage: VA,Mortgage,Personal,credit,ATM,3571.26,1
a4b42734-942f-11ea-babe-b88a60e194fb,transactionid:799901,crmid:1434223817,2020-02-22T04:30:56.000Z,transaction - mobile,prd1145,Everyday Checking,Checking,Personal,credit,broker,3875.92,1
a4b5c15e-942f-11ea-820e-b88a60e194fb,transactionid:106742,crmid:4613219636,2020-02-22T13:22:27.000Z,transaction - mobile,prd1033,Fixed Deposit,Investment,Personal,credit,mobile,3360.65,1
a4b70d4c-942f-11ea-a4d7-b88a60e194fb,transactionid:295418,crmid:3028877952,2020-02-27T02:06:26.000Z,transaction - mobile,prd1106,Business Loan,Loan,Business,credit,ATM,2460.25,1
a4b88068-942f-11ea-b15b-b88a60e194fb,transactionid:494425,crmid:8312734557,2020-02-15T05:49:07.000Z,transaction - mobile,prd1137,Business Checking,Checking,Business,debt,call center,3126.2,1
a4b991de-942f-11ea-8f93-b88a60e194fb,transactionid:951770,crmid:7377367634,2020-02-27T10:18:16.000Z,transaction - mobile,prd1067,Everyday Checking,Checking,Personal,credit,mobile,2561.21,1
a4bb04fe-942f-11ea-bee2-b88a60e194fb,transactionid:206651,crmid:2432357197,2020-02-21T07:43:34.000Z,transaction - mobile,prd1052,Preferred Checking,Checking,Personal,close,call center,3946.19,1
a4bc29f0-942f-11ea-a14e-b88a60e194fb,transactionid:947579,crmid:5618377415,2020-02-28T02:59:02.000Z,transaction - mobile,prd1180,529 College Savings,College Savings,Personal,credit,call center,3092.17,1
a4bd627e-942f-11ea-b57f-b88a60e194fb,transactionid:527177,crmid:5962800359,2020-02-29T10:45:42.000Z,transaction - mobile,prd1089,Business Card,Credit Card,Business,close,broker,503551.06,1
a4be8768-942f-11ea-836d-b88a60e194fb,transactionid:293890,crmid:9260036078,2020-02-21T01:38:17.000Z,transaction - mobile,prd1145,Everyday Checking,Checking,Personal,debt,call center,2090.35,1
a4bfd37a-942f-11ea-9905-b88a60e194fb,transactionid:627424,crmid:6932092801,2020-02-19T02:44:21.000Z,transaction - mobile,prd1168,Auto Insurance,Insurance,Personal,credit,call center,3267.18,1
a4c16dc6-942f-11ea-aeaa-b88a60e194fb,transactionid:796905,crmid:6119758408,2020-02-26T17:02:16.000Z,transaction - mobile,prd1036,Simplicity Card,Credit Card,Personal,credit,call center,2055.17,1
a4c2a61e-942f-11ea-aa55-b88a60e194fb,transactionid:955353,crmid:2949918097,2020-02-18T08:54:08.000Z,transaction - mobile,prd1116,Everyday Checking,Checking,Personal,debt,broker,400618.19,1
a4c3b78c-942f-11ea-a3b0-b88a60e194fb,transactionid:732017,crmid:4047884232,2020-02-16T07:57:56.000Z,transaction - mobile,prd1094,Preferred Checking,Checking,Personal,credit,ATM,3212.02,1
a4c50392-942f-11ea-bd2e-b88a60e194fb,transactionid:223446,crmid:5883088770,2020-02-27T02:18:07.000Z,transaction - mobile,prd1029,401k,Retirement,Personal,credit,call center,1814.82,1
a4c6288a-942f-11ea-b77d-b88a60e194fb,transactionid:690074,crmid:9107067028,2020-02-23T15:06:26.000Z,transaction - mobile,prd1043,Business Savings,Savings,Business,credit,ATM,2412.53,1
a4c7881c-942f-11ea-9dee-b88a60e194fb,transactionid:821268,crmid:6584060480,2020-02-20T19:38:49.000Z,transaction - mobile,prd1052,Preferred Checking,Checking,Personal,credit,call center,3648.78,1
a4c8ad14-942f-11ea-b1fe-b88a60e194fb,transactionid:618027,crmid:9262069918,2020-02-24T16:45:46.000Z,transaction - mobile,prd1130,Money Market Savings,Savings,Personal,credit,call center,3422.65,1
a4ca33b6-942f-11ea-a16c-b88a60e194fb,transactionid:765075,crmid:2059816409,2020-02-15T03:52:48.000Z,transaction - mobile,prd1009,Everyday Checking,Checking,Personal,credit,call center,2819.75,1
a4cb6ce6-942f-11ea-9c4c-b88a60e194fb,transactionid:823106,crmid:6878190547,2020-02-28T09:33:45.000Z,transaction - mobile,prd1161,Business Checking,Checking,Business,credit,call center,3259.57,1
a4cd9024-942f-11ea-ac1c-b88a60e194fb,transactionid:163390,crmid:7089106000,2020-02-28T19:05:59.000Z,transaction - mobile,prd1050,Travel Card,Credit Card,Personal,credit,broker,2167.13,1
a4cf3cc0-942f-11ea-a9d9-b88a60e194fb,transactionid:630488,crmid:2037589937,2020-02-17T03:02:53.000Z,transaction - mobile,prd1151,Mortgage: 10 yr Fixed,Mortgage,Personal,credit,broker,3493.52,1
a4d088d8-942f-11ea-9250-b88a60e194fb,transactionid:313258,crmid:3490827089,2020-02-23T04:27:53.000Z,transaction - mobile,prd1139,Employee Stock Purchase Plans,Investment,Personal,credit,mobile,2719.48,1
a4d22308-942f-11ea-8d8b-b88a60e194fb,transactionid:708102,crmid:4764302696,2020-02-22T04:19:48.000Z,transaction - mobile,prd1057,Student Card,Credit Card,Personal,credit,mobile,2798.82,1
a4d3e4a8-942f-11ea-8361-b88a60e194fb,transactionid:798317,crmid:1378006676,2020-02-21T13:29:01.000Z,transaction - mobile,prd1036,Simplicity Card,Credit Card,Personal,credit,broker,3987.4,1
a4d5b97e-942f-11ea-9051-b88a60e194fb,transactionid:641653,crmid:7350950595,2020-02-22T00:15:21.000Z,transaction - mobile,prd1030,401k,Retirement,Personal,credit,mobile,445717.49,1
a4d766b0-942f-11ea-94d5-b88a60e194fb,transactionid:907146,crmid:1437435302,2020-02-20T03:46:08.000Z,transaction - mobile,prd1161,Business Checking,Checking,Business,credit,mobile,3095.72,1
a4d8ed2c-942f-11ea-87b0-b88a60e194fb,transactionid:974829,crmid:2156725760,2020-02-28T05:30:47.000Z,transaction - mobile,prd1169,Business Loan,Loan,Personal,credit,mobile,3174.71,1
a4da9aee-942f-11ea-a369-b88a60e194fb,transactionid:112405,crmid:6811481101,2020-02-23T00:37:31.000Z,transaction - mobile,prd1052,Preferred Checking,Checking,Personal,credit,call center,2107.03,1
a4dc96c0-942f-11ea-8aec-b88a60e194fb,transactionid:511456,crmid:4612326944,2020-02-22T15:38:06.000Z,transaction - mobile,prd1017,Merchant Services Account,Merchant Services,Business,credit,call center,2203.24,1
a4de7f86-942f-11ea-99ca-b88a60e194fb,transactionid:226849,crmid:9077809639,2020-02-22T14:17:01.000Z,transaction - mobile,prd1106,Business Loan,Loan,Business,credit,call center,3129.22,1
a4e08e50-942f-11ea-bdf6-b88a60e194fb,transactionid:377020,crmid:9943991708,2020-02-29T03:28:14.000Z,transaction - mobile,prd1017,Merchant Services Account,Merchant Services,Business,credit,call center,2923.66,1
a4e29dae-942f-11ea-b108-b88a60e194fb,transactionid:218690,crmid:8338852506,2020-02-27T11:33:22.000Z,transaction - mobile,prd1062,Mortgage: VA,Mortgage,Personal,credit,call center,3582.87,1
a4e437ca-942f-11ea-bbf9-b88a60e194fb,transactionid:192283,crmid:6785433521,2020-02-19T07:03:13.000Z,transaction - mobile,prd1067,Everyday Checking,Checking,Personal,credit,broker,2872.81,1
a4e5d20c-942f-11ea-9858-b88a60e194fb,transactionid:599629,crmid:3122107282,2020-02-18T23:29:21.000Z,transaction - mobile,prd1006,Travel Card,Credit Card,Personal,credit,mobile,3296.75,1
a4e7ba3a-942f-11ea-97c8-b88a60e194fb,transactionid:352959,crmid:6120069450,2020-02-26T13:30:17.000Z,transaction - mobile,prd1132,Rewards Savings,Savings,Personal,credit,ATM,4271.94,1
a4e98f12-942f-11ea-a5bc-b88a60e194fb,transactionid:355159,crmid:1826928063,2020-02-20T08:50:37.000Z,transaction - mobile,prd1145,Everyday Checking,Checking,Personal,debt,broker,4317.1,1
a4eb3cf6-942f-11ea-a655-b88a60e194fb,transactionid:115154,crmid:6900668393,2020-02-25T10:35:59.000Z,transaction - mobile,prd1005,Everyday Savings,Savings,Personal,debt,call center,2871.59,1
a4ecfdf0-942f-11ea-9508-b88a60e194fb,transactionid:773170,crmid:3002397650,2020-02-22T01:31:53.000Z,transaction - mobile,prd1146,529 College Savings,College Savings,Personal,credit,broker,4660.74,1
a4ee711a-942f-11ea-b5bf-b88a60e194fb,transactionid:994098,crmid:8813393276,2020-02-28T07:56:47.000Z,transaction - mobile,prd1124,CDs: 5 year,Investment,Personal,credit,call center,3237.36,1
a4f00b24-942f-11ea-8cde-b88a60e194fb,transactionid:152788,crmid:8587299448,2020-02-26T11:55:39.000Z,transaction - mobile,prd1108,401k,Retirement,Personal,credit,call center,2428.23,1
a4f1a554-942f-11ea-89bc-b88a60e194fb,transactionid:558166,crmid:8902731845,2020-02-26T05:19:22.000Z,transaction - mobile,prd1115,Mortgage: VA,Mortgage,Personal,credit,mobile,2301.21,1
a4f352f4-942f-11ea-9a10-b88a60e194fb,transactionid:956353,crmid:9632835988,2020-02-27T23:00:20.000Z,transaction - mobile,prd1042,Roth IRA,Retirement,Personal,debt,broker,3234.92,1
a4f4c62e-942f-11ea-b7d1-b88a60e194fb,transactionid:381077,crmid:3076229114,2020-02-23T02:37:28.000Z,transaction - mobile,prd1039,Dividend Card,Credit Card,Personal,credit,call center,2757.9,1
a4f639ac-942f-11ea-bf39-b88a60e194fb,transactionid:780415,crmid:2962763631,2020-02-19T19:50:39.000Z,transaction - mobile,prd1038,Dividend Card,Credit Card,Personal,credit,ATM,1952.63,1
a4f7bfc0-942f-11ea-a798-b88a60e194fb,transactionid:715701,crmid:7261007627,2020-02-15T13:17:35.000Z,transaction - mobile,prd1003,Premium Checking,Checking,Personal,credit,call center,378822.33,1
a4f90bd4-942f-11ea-96b6-b88a60e194fb,transactionid:729140,crmid:1191310960,2020-02-26T13:05:00.000Z,transaction - mobile,prd1187,Business Savings,Savings,Business,credit,branch,3946.65,1
a4fa926c-942f-11ea-82f8-b88a60e194fb,transactionid:271459,crmid:4392577574,2020-02-26T20:50:06.000Z,transaction - mobile,prd1160,Platinum Card,Credit Card,Personal,credit,broker,272854.86,1
a4fc0598-942f-11ea-9714-b88a60e194fb,transactionid:198168,crmid:2117333398,2020-02-26T15:10:38.000Z,transaction - mobile,prd1149,Auto Loan,Loan,Personal,credit,broker,3123.53,1
a4fdb336-942f-11ea-a29b-b88a60e194fb,transactionid:523620,crmid:8591376640,2020-02-15T19:18:32.000Z,transaction - mobile,prd1181,Mortgage: 5/1 ARM,Mortgage,Personal,credit,broker,2286.9,1
a4ff2698-942f-11ea-b209-b88a60e194fb,transactionid:411394,crmid:5936791691,2020-02-19T01:34:28.000Z,transaction - mobile,prd1036,Simplicity Card,Credit Card,Personal,debt,mobile,581548.82,1
a5009966-942f-11ea-ae38-b88a60e194fb,transactionid:161089,crmid:3699785195,2020-02-27T07:58:32.000Z,transaction - mobile,prd1102,Everyday Savings,Savings,Personal,debt,broker,3581.82,1
a5020c80-942f-11ea-9d4a-b88a60e194fb,transactionid:608705,crmid:5452515747,2020-02-18T11:41:28.000Z,transaction - mobile,prd1150,Money Market,Investment,Personal,credit,call center,547959.37,1
a503a6b8-942f-11ea-bb82-b88a60e194fb,transactionid:714668,crmid:2284381813,2020-02-21T00:08:59.000Z,transaction - mobile,prd1133,High Interest Savings,Savings,Personal,credit,call center,2886.16,1
a505063a-942f-11ea-90a2-b88a60e194fb,transactionid:464673,crmid:1338534481,2020-02-20T17:42:05.000Z,transaction - mobile,prd1146,529 College Savings,College Savings,Personal,credit,mobile,2393.83,1
a50665cc-942f-11ea-aca1-b88a60e194fb,transactionid:188223,crmid:6529344398,2020-02-29T05:23:54.000Z,transaction - mobile,prd1190,Premium Checking,Checking,Personal,credit,broker,3151.77,1
a507b1dc-942f-11ea-84de-b88a60e194fb,transactionid:853669,crmid:3583198626,2020-02-15T05:38:17.000Z,transaction - mobile,prd1046,Mortgage: VA,Mortgage,Personal,credit,mobile,2416.07,1
a508d6e2-942f-11ea-9d31-b88a60e194fb,transactionid:823787,crmid:9084169570,2020-02-19T19:51:00.000Z,transaction - mobile,prd1120,Mortgage: 10/1 ARM,Mortgage,Personal,debt,call center,4311.07,1
a50a22d4-942f-11ea-a54f-b88a60e194fb,transactionid:541203,crmid:2788335760,2020-02-25T09:14:15.000Z,transaction - mobile,prd1110,Traditional IRA,Retirement,Personal,credit,call center,356136.78,1
a50b3440-942f-11ea-b7eb-b88a60e194fb,transactionid:379402,crmid:5188273891,2020-02-27T21:45:23.000Z,transaction - mobile,prd1130,Money Market Savings,Savings,Personal,credit,call center,3074.71,1
a50c8040-942f-11ea-8a1f-b88a60e194fb,transactionid:536964,crmid:9932744206,2020-02-18T00:58:00.000Z,transaction - mobile,prd1059,Platinum Card,Credit Card,Personal,credit,call center,2293.97,1
a50da538-942f-11ea-8d90-b88a60e194fb,transactionid:805441,crmid:5925520903,2020-02-23T09:21:22.000Z,transaction - mobile,prd1024,Mortgage: FHA,Mortgage,Personal,credit,call center,2552.8,1
a50ef176-942f-11ea-b7b0-b88a60e194fb,transactionid:922306,crmid:7061016116,2020-02-29T20:04:16.000Z,transaction - mobile,prd1176,Overseas Equity Fund,Investment,Personal,close,mobile,346309.25,1
a51077e8-942f-11ea-ad91-b88a60e194fb,transactionid:515959,crmid:9069838592,2020-02-15T18:55:13.000Z,transaction - mobile,prd1010,529 College Savings,College Savings,Personal,credit,ATM,2910.92,1
a511eb00-942f-11ea-9163-b88a60e194fb,transactionid:548793,crmid:7684350119,2020-02-28T06:30:50.000Z,transaction - mobile,prd1152,Health Savings,Savings,Personal,credit,broker,1859.74,1
a5134b08-942f-11ea-898e-b88a60e194fb,transactionid:461191,crmid:2131629945,2020-02-15T00:11:09.000Z,transaction - mobile,prd1151,Mortgage: 10 yr Fixed,Mortgage,Personal,credit,broker,2792.99,1
a514aa1e-942f-11ea-9650-b88a60e194fb,transactionid:133731,crmid:9162846464,2020-02-29T17:02:21.000Z,transaction - mobile,prd1146,529 College Savings,College Savings,Personal,credit,broker,2520.46,1
a5164446-942f-11ea-aeea-b88a60e194fb,transactionid:707961,crmid:1296092710,2020-02-27T18:12:23.000Z,transaction - mobile,prd1020,Everyday Savings,Savings,Personal,close,ATM,3605.43,1
a517b77a-942f-11ea-a379-b88a60e194fb,transactionid:852309,crmid:9746741472,2020-02-21T00:45:45.000Z,transaction - mobile,prd1089,Business Card,Credit Card,Business,close,call center,2615.82,1
a519035c-942f-11ea-933f-b88a60e194fb,transactionid:759470,crmid:8496149064,2020-02-24T18:38:38.000Z,transaction - mobile,prd1012,Renter's Insurance,Insurance,Personal,credit,mobile,3072.18,1
a51a14f4-942f-11ea-b796-b88a60e194fb,transactionid:759022,crmid:4694989864,2020-02-20T06:31:09.000Z,transaction - mobile,prd1043,Business Savings,Savings,Business,credit,call center,3651.65,1
a51b4d5c-942f-11ea-baf3-b88a60e194fb,transactionid:781429,crmid:8093755779,2020-02-25T06:45:09.000Z,transaction - mobile,prd1116,Everyday Checking,Checking,Personal,close,call center,1173.26,1
a51c5eda-942f-11ea-a3d3-b88a60e194fb,transactionid:180903,crmid:7049705336,2020-02-15T09:42:10.000Z,transaction - mobile,prd1018,Auto Insurance,Insurance,Personal,credit,call center,423655.59,1
a51d5cac-942f-11ea-97fb-b88a60e194fb,transactionid:232486,crmid:1141069691,2020-02-23T19:02:58.000Z,transaction - mobile,prd1056,CDs: 5 year,Investment,Personal,credit,call center,917.2,1
a51ea8b8-942f-11ea-b966-b88a60e194fb,transactionid:290785,crmid:1000816225,2020-02-25T06:32:42.000Z,transaction - mobile,prd1063,High Interest Savings,Savings,Personal,credit,call center,2487.53,1
