crmid,email,first_name,last_name,gender,mobile_telephone,city,country,zip,state,street_address,birthday,creditrating
crmid:6639540559,esclavage2070@outlook.com,Raphael,Sawyer,,202-427-4243,Rocky Mount,United States,75438,Oregon,1082 Virgil,1969-09-21,2981
crmid:1005922217,shaly1957@yahoo.com,Lowell,Rose,,025-739-1453,Greenbelt,United States,40743,Alaska,545 Hemlock,1968-08-02,1121
crmid:5492623885,rubylike1924@outlook.com,Michael,Simpson,male,844-775-2815,Nampa,United States,95950,Montana,498 Kent,1995-12-17,2670
crmid:2618074201,seaweeds2039@outlook.com,Nichelle,Lane,female,359-195-3815,Chicago Heights,United States,35693,Oregon,1360 Tennessee,1947-07-17,503
crmid:9552588466,coronet1847@gmail.com,Shaunna,Washington,female,537-298-2296,Topeka,United States,71899,Colorado,854 Ceres,1999-03-28,2004
crmid:1015762330,antienvironmentalists1809@live.com,Isaias,Michael,male,994-044-4147,Bowie,United States,96409,North Carolina,1034 Raleigh,1940-05-20,2430
crmid:2921458118,bothersome1950@outlook.com,Lakenya,Thomas,female,137-434-1526,Royal Oak,United States,92575,Illinois,1323 Ordway,1957-05-29,1581
crmid:9748738040,anagoges2027@yandex.com,Bill,Mendez,,276-397-2540,La Mesa,United States,86026,Oklahoma,973 Roemer,1978-11-20,720
crmid:4329765342,shipworms1961@yahoo.com,Many,Haney,female,197-286-4214,Chandler,United States,32684,Mississippi,494 Hamlin,1946-06-12,1197
crmid:8572174550,cercopithecus2041@yandex.com,Sherly,Rivas,female,567-081-0620,Prescott,United States,17482,Arizona,200 Kingston,1953-08-25,1565
crmid:6361326906,dryad1862@live.com,Jamey,Whitehead,,612-191-9871,Glendale,United States,92992,New Mexico,251 Wood,1966-09-07,2926
crmid:2197736741,experimentally1892@outlook.com,Deshawn,Kidd,,891-296-0230,Hallandale Beach,United States,49159,Idaho,685 Stigwood,1969-08-13,2465
crmid:8202140911,unexplainableness2070@outlook.com,Nguyet,Cooke,female,865-226-6035,Chino Hills,United States,93545,Utah,1113 Manor,1947-07-07,1324
crmid:6230292294,detur2009@yahoo.com,Gil,Bradshaw,,513-689-5600,Glen Ellyn,United States,21014,Pennsylvania,350 Chumasero,1966-05-19,311
crmid:8510815633,undiscernibly1805@yandex.com,Danyel,Mccarty,female,489-244-2714,Santa Cruz,United States,15484,Montana,967 La Playa,1949-02-19,396
crmid:7017618518,devenustate1915@gmail.com,Rickey,Lane,male,892-912-2391,West Jordan,United States,84028,Delaware,789 Jackson,1936-08-17,1163
crmid:7033289853,amontillado1822@gmail.com,Jeffry,Reed,,422-033-0241,Mason City,United States,48720,Ohio,89 Ventura,1987-07-02,1895
crmid:1734719572,urinaries1827@yahoo.com,Reiko,Knox,female,564-845-4212,Crestview,United States,43757,Oklahoma,936 Potrero,1951-07-16,710
crmid:5625513529,cousins1987@outlook.com,Ernesto,Atkinson,,466-174-5594,Raymore,United States,27850,Ohio,752 El Dorado,1963-02-25,396
crmid:7855529458,charmeuse2041@live.com,Kory,Mathews,,330-821-6003,Kearny,United States,86643,Wisconsin,712 Rivera,1976-06-20,2918
crmid:5971769735,alkalurops1935@yahoo.com,Hipolito,Patel,,725-453-0821,Lewisville,United States,62998,Kentucky,590 Hunter,1982-11-09,2093
crmid:4366621407,podial1907@yandex.com,Jospeh,Fletcher,,924-564-7768,Portland,United States,54523,Illinois,429 Fortuna,1984-11-18,1807
crmid:3506423005,cooling1838@yandex.com,Dustin,Pope,male,020-955-4371,Sapulpa,United States,61757,California,180 Post,1995-02-06,2999
crmid:2061661306,bondon1815@gmail.com,Allen,Dominguez,male,117-482-1507,Bend,United States,00011,West Virginia,973 Gerke,1938-01-08,1139
crmid:6294377367,misdeemed1899@yahoo.com,Andrew,Sanford,female,472-661-5629,Prior Lake,United States,72721,Nebraska,966 Wilson,1957-01-26,870
crmid:1110635107,abstruseness1817@live.com,Sergio,Scott,male,777-983-0780,Burbank,United States,57910,Washington,1119 Wallace,1942-09-26,1452
crmid:8199302372,breakthrough1827@gmail.com,Tanna,Britt,female,022-687-5780,Fairbanks,United States,40862,Illinois,420 Hill Point,1961-08-04,2191
crmid:1051129406,roving1897@yahoo.com,Hubert,Mosley,,716-848-9801,St. Marys,United States,92346,Pennsylvania,154 Florence,1963-07-11,394
crmid:7751069379,verbiages1856@yandex.com,Duncan,Finch,,415-928-0638,Haines City,United States,01185,Illinois,801 Princeton,1969-01-31,2378
crmid:7505380357,dryad2050@yahoo.com,Trey,Davis,,825-115-6470,Lynbrook,United States,80835,Iowa,1262 Hunter,1985-12-01,1499
crmid:7170382547,idiots1801@live.com,Bud,Vazquez,,158-613-0086,Romulus,United States,39404,Alabama,786 Dudley,1972-01-31,1077
crmid:9618605074,caelus1953@gmail.com,Tommy,Andrews,,992-195-8082,Savannah,United States,96283,Alaska,341 Cesar Chavez,1965-07-26,2175
crmid:8888161443,dutiful2018@live.com,Rickey,Gentry,,662-709-9941,Hagerstown,United States,78908,New Mexico,835 Maple,1969-12-25,1143
crmid:7496606612,slavonian1857@outlook.com,Elliott,Parks,,398-992-6379,Pasadena,United States,58331,South Dakota,231 Stanford Heights,1992-11-13,2955
crmid:4036866737,precomparison1873@yandex.com,Sherell,Glass,female,716-857-9891,Starkville,United States,71389,Louisiana,202 Costa,1955-08-11,1739
crmid:9667022211,competitioner1928@gmail.com,Gustavo,Price,male,895-231-1597,West Linn,United States,02165,South Dakota,573 Sedgewick,1936-10-08,2125
crmid:8112169513,tupelo1966@live.com,Les,England,,737-739-8562,Keizer,United States,29922,Minnesota,1307 Mansell,1976-04-27,1820
crmid:8639296356,outsavoring2050@outlook.com,Hershel,Dalton,male,594-731-0267,Bolingbrook,United States,25459,Nebraska,199 Silliman,1940-05-07,368
crmid:4243619432,chander1915@yahoo.com,Marvis,Kelley,female,913-264-1527,Dunedin,United States,33970,Maine,569 Mangels,1956-06-16,711
crmid:9776193855,immun2069@gmail.com,Deedee,Greer,female,289-507-9297,Cleburne,United States,78905,Iowa,193 Caire,1948-12-24,1219
crmid:9083469454,egality1810@yahoo.com,Les,Luna,,573-662-7701,Hays,United States,92384,Florida,711 Tioga,1970-08-09,835
crmid:5687020819,desynonymization1980@yahoo.com,Marilou,Lewis,female,074-790-4143,Conroe,United States,33862,South Dakota,823 Tamalpais,1950-06-17,488
crmid:4731357884,ergane1878@gmail.com,Ashley,Flores,male,841-401-9498,Anacortes,United States,00184,Georgia,839 Perimeter,1932-01-10,2029
crmid:7401465996,basset1912@live.com,Antony,Mullins,male,648-268-5554,Oakland,United States,90647,Alaska,952 Maxwell,1934-01-21,445
crmid:5503865801,cringingly1914@yandex.com,Marquis,O'neill,male,135-700-4370,Akron,United States,31821,Maryland,899 Trinity,1930-07-22,2715
crmid:6868580775,lashorn1975@live.com,Jonas,Hays,,419-548-3672,Joliet,United States,50687,Montana,824 Saratoga,1976-10-08,1174
crmid:3971408054,proteose1836@live.com,Carmelo,Barr,male,202-717-4173,Northfield,United States,09040,Kansas,72 Virginia,1999-02-03,1889
crmid:6700693773,bigman1813@outlook.com,Antione,Herrera,,339-092-1588,Kernersville,United States,62050,Massachusetts,785 Corona,1977-11-01,604
crmid:6512919648,contineu2063@outlook.com,Anderson,Adams,,528-221-0155,Flint,United States,12079,South Carolina,200 Thornburg,1962-03-04,1635
crmid:9983348705,mongeese2049@live.com,Kory,Mcdonald,male,790-671-6308,Anoka,United States,99939,Kansas,201 Sotelo,1933-06-19,2257
crmid:4765946714,brose1995@live.com,Sydney,Berg,,704-810-2486,La Vergne,United States,33058,Missouri,712 Hemdale,1979-06-15,1433
crmid:6297414039,yatigan1951@outlook.com,Robby,Cochran,,593-746-9149,Machesney Park,United States,70816,Maine,321 Milton I Ross,1985-12-12,2819
crmid:3690999232,proteides1964@yandex.com,Kum,Duran,female,058-007-5352,Dalton,United States,21305,Oklahoma,781 Alpine,1952-05-09,711
crmid:7141942403,belie1975@outlook.com,Marianela,Diaz,female,562-348-4155,Duarte,United States,92593,Oklahoma,1248 Rainey,1955-06-08,2352
crmid:4312038286,agitprop2038@gmail.com,Jules,Lang,,861-172-7454,Mobile,United States,58257,Wisconsin,1395 Persia,1992-09-07,1425
crmid:5088248565,cantalas1803@gmail.com,Damon,Pratt,male,808-412-4489,Bridgeton,United States,97409,California,961 Ash,1941-02-24,992
crmid:8077007225,atwood1944@yahoo.com,Norbert,Thornton,,897-561-3275,Kerrville,United States,20842,Rhode Island,251 Iris,1977-04-02,1445
crmid:8349392451,tarmacadam1877@live.com,Tyree,Mcneil,,124-388-8674,New Iberia,United States,42592,Georgia,452 Eaton,1996-08-01,1786
crmid:1681366130,proteose2041@live.com,Rory,Long,,217-132-8052,Grand Island,United States,49446,New Mexico,467 Dichiera,1967-07-13,2642
crmid:3955899433,unconformableness1932@outlook.com,Shirley,Myers,,516-513-6307,Lorain,United States,43555,New Hampshire,423 Washington,1984-08-30,1669
crmid:9336259232,agalloch1956@yandex.com,Elliott,Villarreal,,188-822-7268,Santa Barbara,United States,26711,Texas,821 Linden,1965-08-20,1914
crmid:7632548090,fossorial2056@gmail.com,Elwood,Howe,,003-500-7652,Pico Rivera,United States,99084,Texas,14 Stoneyford,1987-02-02,1942
crmid:8518706315,caterbrawl1851@outlook.com,Lino,Wallace,male,388-023-8255,Arnold,United States,36138,Missouri,1174 Alpha,1933-06-30,2583
crmid:8959754668,peatery1824@live.com,Alane,Robinson,female,340-488-6374,Waltham,United States,67657,New Mexico,862 Belmont,1954-10-01,1291
crmid:4207457242,jasmined1924@yahoo.com,Von,Faulkner,male,411-347-5124,Peachtree City,United States,77072,Maine,1308 Indiana,1940-10-09,676
crmid:7484169967,catgut2018@yandex.com,Tesha,Beach,female,035-090-5565,Cocoa,United States,57240,Mississippi,1228 Megan,1949-09-02,1088
crmid:2198993933,bommer1816@yahoo.com,Ayako,Conrad,female,638-930-6899,Passaic,United States,85251,Tennessee,347 Middlefield,1956-10-19,1249
crmid:2264495220,chandra1966@yandex.com,Jim,Potter,male,089-012-3359,Agoura Hills,United States,31308,Nevada,1323 Camp,1930-05-23,2502
crmid:3847104902,aboard1885@outlook.com,Isaiah,Hewitt,,735-973-0702,Natchitoches,United States,70667,Louisiana,1122 Piedmont,1995-07-01,1112
crmid:4338440768,combo2049@live.com,So,Mcpherson,female,639-901-4220,Deerfield,United States,85546,Mississippi,896 Alder,1954-08-20,1457
crmid:5977819684,burps1889@yahoo.com,Ernest,Mccarthy,male,963-711-4960,West Jordan,United States,05319,South Dakota,823 Nauman,1939-04-19,2828
crmid:2294022724,tewing2062@live.com,Frankie,Foreman,,529-473-5496,Woodstock,United States,75172,New Jersey,1181 Thomas,1966-02-10,1043
crmid:9163388465,monkey2002@yandex.com,Freddy,Gross,,138-753-8356,Pullman,United States,72031,Pennsylvania,236 Palos,1966-05-01,1489
crmid:3956214237,trillibub1933@yahoo.com,Tad,Potts,,546-308-7909,Lackawanna,United States,46753,Kentucky,1130 Ora,1979-08-11,1225
crmid:6035088596,danielak1863@outlook.com,Deshawn,Berg,,055-281-2825,Taunton,United States,24560,North Carolina,253 Rossmoor,1967-12-16,1567
crmid:6542782715,uprooter1919@outlook.com,Domenic,Barry,male,310-425-5593,Southaven,United States,00778,Missouri,395 Palo Alto,1932-03-02,2747
crmid:4708407527,hangfire1820@yahoo.com,Neda,Arnold,female,925-307-1392,Elmira,United States,76330,Idaho,1103 Hussey,1959-12-27,2704
crmid:9288126876,papillon1959@yandex.com,Douglas,Parsons,,153-807-4053,Sapulpa,United States,44486,Vermont,714 Gibson,1991-10-14,389
crmid:4428574280,shipwrightry2045@yahoo.com,Luke,Adkins,,209-667-1121,Las Cruces,United States,93868,Alabama,772 Meacham,1981-07-27,1968
crmid:4412880859,colleague1948@yandex.com,Denny,Moss,,863-394-8752,Port Huron,United States,20956,South Dakota,441 Frederick,1966-11-01,965
crmid:3347985977,trs2050@yahoo.com,Elden,Donaldson,male,483-471-0385,Revere,United States,91237,New York,765 Reno,1943-03-08,2933
crmid:9131667948,preinspired1958@yahoo.com,Samella,Mcpherson,female,993-881-0882,Elko,United States,46831,West Virginia,635 Santa Fe,1959-08-20,1040
crmid:2686040643,methylglyoxal2048@yahoo.com,Roosevelt,Hines,,014-537-3755,Gresham,United States,14480,Illinois,373 Arelious Walker,1968-03-30,1851
crmid:9356318877,antlike1829@outlook.com,Anya,Kent,female,850-352-4313,Waltham,United States,61403,Oregon,309 Bengal,1949-01-16,559
crmid:5902220147,scandalisation1872@live.com,Cleo,Guzman,male,883-051-5657,Anacortes,United States,14188,Minnesota,50 Wheeler,1932-02-12,670
crmid:7280250463,chops1878@live.com,Marco,Owen,male,399-490-4807,Arvada,United States,38461,Montana,1270 Perimeter,1934-07-22,1738
crmid:5827409822,crankless1847@yahoo.com,Calvin,Hickman,,208-284-4840,Pawtucket,United States,46620,Nebraska,189 Nordhoff,1993-10-20,1647
crmid:4449500690,appellations2038@yandex.com,Thi,Silva,female,271-949-4495,Coppell,United States,55270,Vermont,394 Gateview 2,1950-10-22,2177
crmid:1062531218,arriba1919@outlook.com,Vernon,Navarro,,810-598-8357,Providence,United States,97076,Idaho,1357 Harlow,1972-01-06,356
crmid:3388958000,corporations1865@yandex.com,Blaine,Gould,male,921-525-2830,Oak Creek,United States,09387,Iowa,337 Thornton,1934-01-12,2628
crmid:6471065917,drane1926@yandex.com,Kelvin,Fowler,male,593-441-8022,Bethlehem,United States,88296,Idaho,720 Illinois,1938-11-29,2068
crmid:6955088626,belar2036@yandex.com,Scott,Fleming,female,189-442-9222,Cutler Bay,United States,57424,New Mexico,753 Fell,1952-10-22,1906
crmid:5295894180,redips2035@outlook.com,Philip,Snow,,901-035-3535,Gulfport,United States,01645,New Jersey,1374 Meadowbrook,1969-01-29,1625
crmid:7442381611,convair1874@yandex.com,Gilbert,Hicks,male,156-046-1990,Arvada,United States,74527,Utah,302 Baxter,1934-12-08,1820
crmid:4160715447,alkyds1884@yahoo.com,Todd,Farmer,,400-043-4979,Jupiter,United States,59802,Maryland,205 Elim,1976-09-30,2790
crmid:6039468010,alumnal1927@yahoo.com,Eldridge,Erickson,male,136-137-5924,Bensenville,United States,12213,Utah,774 Dove,1938-03-09,1508
crmid:1620103763,jetteau1855@yahoo.com,Emmaline,Hewitt,female,985-529-2870,Corpus Christi,United States,12198,Oregon,1090 Battery Chamberlin,1951-03-14,1742
crmid:2244119465,internal2013@gmail.com,Malik,Tillman,male,535-639-2195,Belmont,United States,98884,Ohio,811 Powell,1937-07-29,998
crmid:7459399695,discontiguity1923@yandex.com,Luke,Noel,male,514-848-4308,Wake Forest,United States,06125,Hawaii,1154 Sparrow,1936-06-22,798
crmid:5167194218,dorter1844@outlook.com,Zack,Short,,563-062-6914,Normal,United States,61175,Pennsylvania,179 Vassar,1998-11-09,1805
crmid:3439898970,dilbert1871@live.com,Tenisha,Bender,female,942-691-4811,Edmond,United States,59119,Nebraska,489 Atoll,1958-09-02,2733
crmid:4946671365,mistimed2060@outlook.com,Desire,Brock,female,662-370-3272,Everett,United States,11440,Vermont,1225 Healy,1960-02-04,2684
crmid:1151120923,asmear2044@outlook.com,Sal,Suarez,,420-217-7117,Fort Smith,United States,94558,Utah,978 Walnut,1963-08-21,1563
crmid:5561999777,testimony2065@outlook.com,Roscoe,Mccarty,,023-033-0574,Hemet,United States,26275,Wyoming,1372 Fratessa,1971-04-28,856
crmid:2466182654,pylorogastrectomy1866@yahoo.com,Zane,Calhoun,male,658-189-6241,Atwater,United States,58196,Oklahoma,1301 Helen,1934-10-05,2251
crmid:7263787532,dotan1991@gmail.com,Nickie,Mccarty,female,015-377-5427,El Cerrito,United States,89566,Idaho,1031 Sears,1958-10-13,1255
crmid:7434272579,idylls1820@yandex.com,Deeann,Gross,female,650-777-0550,Easley,United States,11777,Maryland,1114 Carrie,1956-02-12,2085
crmid:6380960493,chops1866@gmail.com,Don,Dudley,,393-797-9402,Sachse,United States,27621,Alaska,267 Marne,1966-11-24,1477
crmid:7458793773,silicon1928@gmail.com,Tad,Cash,,748-317-8209,North Miami,United States,35501,South Dakota,883 Dunshee,1998-06-07,415
crmid:9849514365,pirogue1935@live.com,Lino,Cross,,749-058-4409,Jeffersonville,United States,33324,Kentucky,961 Wood,1975-06-21,774
crmid:9302125099,byproducts1800@gmail.com,Gabriel,Conner,,364-109-3748,La Verne,United States,26216,Alabama,713 Deming,1979-05-22,2747
crmid:6175099042,acclimatize1893@yandex.com,Odell,Small,,159-175-0152,Visalia,United States,53889,Nevada,867 Hawkins,1997-11-12,677
crmid:3693007414,didactic1820@yandex.com,Roland,Williams,,637-918-0509,Westfield,United States,93804,Indiana,82 Berry,1975-06-02,534
crmid:8145553141,knifelike1830@yahoo.com,Art,Lara,,219-861-7647,Hilton Head Island,United States,64039,Arkansas,587 Mariposa,1972-10-15,2091
crmid:2677677625,candida1951@live.com,Johnnie,Clay,male,907-369-3363,Bethlehem,United States,71550,Oregon,404 Lower Fort Mason,1938-12-10,2776
crmid:8743183662,overdogs1961@outlook.com,Tomas,White,male,627-041-7308,Altoona,United States,76909,Rhode Island,501 Spruce,1932-12-21,895
crmid:2625605865,obsoletes2017@live.com,Jaime,Schwartz,,440-455-1380,White Bear Lake,United States,49928,Montana,1244 Poplar,1992-03-30,597
crmid:7805372996,cames1864@yandex.com,Kelley,Middleton,,575-799-3940,Maple Heights,United States,07137,Washington,250 Cranleigh,1986-01-26,2923
crmid:8026012683,atlanta1854@yahoo.com,Christoper,Wagner,,160-895-9981,Kyle,United States,74793,Connecticut,379 Pope,1978-12-19,1623
crmid:4479312446,succoring2050@yahoo.com,Adalberto,Baird,male,600-353-4488,Ossining,United States,00746,Pennsylvania,1002 Valdez,1934-01-01,688
crmid:4531651929,impala1829@gmail.com,Vito,Buckley,,495-163-7007,St. Marys,United States,40510,Pennsylvania,750 Blanken,1986-10-02,1016
crmid:3843907891,tiger2058@yahoo.com,Erasmo,Pope,,189-720-3087,Independence,United States,23879,North Carolina,325 Broadmoor,1974-04-28,1488
crmid:2117570377,halomorphic1817@yahoo.com,Kandace,Fuller,female,365-231-7546,Colleyville,United States,27783,Texas,1087 Coso,1949-04-10,1291
crmid:9971170487,arundo1845@yandex.com,Roy,Cash,male,451-076-9967,Sugar Land,United States,74159,New Jersey,310 Weldon,1933-08-05,2874
crmid:5143147706,dress1953@gmail.com,Abram,Puckett,,672-950-3850,San Marcos,United States,83790,Alabama,615 Grace,1976-06-23,2675
crmid:7439108611,credendum2038@yandex.com,Elois,Bates,female,506-987-6131,Parma,United States,21145,Arizona,1237 Edith,1960-03-02,705
crmid:7894667777,ailuropus1864@gmail.com,Broderick,Giles,male,409-974-1956,Twentynine Palms,United States,60191,Wisconsin,458 Buckingham,1930-02-11,2729
crmid:6303282808,boomerang1868@gmail.com,Rhett,Fuller,,905-160-9627,North Port,United States,42730,Florida,445 Mendosa,1999-07-23,2715
crmid:5511682370,bombyx1902@yandex.com,Leonard,Santiago,,467-463-8724,Santee,United States,62137,New York,1379 Friendship,1963-01-06,786
crmid:5814480644,vanished1875@yandex.com,Quincy,Schneider,male,757-230-9104,Bountiful,United States,42563,Ohio,1215 Sunnyside,1940-08-26,1107
crmid:3558109091,castaways2052@gmail.com,Jovan,Oliver,female,236-255-1302,Collinsville,United States,82954,Mississippi,1252 Revere,1949-04-22,692
crmid:3315795444,bolio2016@gmail.com,Bob,Avery,,349-101-0769,Gulfport,United States,14707,Alabama,865 Bennington,1969-03-19,1648
crmid:5416808446,offside1901@yandex.com,Gregory,Cash,,759-778-2252,Laguna Niguel,United States,77942,Florida,408 Reposa,1979-12-11,417
crmid:4502514507,absconsa1955@outlook.com,Frederic,Carson,,058-466-9000,Kernersville,United States,01827,Wisconsin,623 Turquoise,1977-01-28,815
crmid:6181573096,shark1968@live.com,Darnell,Richmond,,517-144-2495,Mauldin,United States,06617,Nevada,1216 El Polin,1988-01-24,1281
crmid:3559490472,bradley1805@gmail.com,Rufus,Sykes,,777-074-0981,Hamilton,United States,76141,Alabama,1312 Saint Louis,1969-12-25,908
crmid:2877477428,scirocco2027@yandex.com,Loan,Stout,female,137-624-5844,Euless,United States,98814,Idaho,713 Marvel,1960-05-28,868
crmid:1965046852,busybody1812@live.com,Raymond,Cleveland,male,642-074-6245,Ankeny,United States,76944,Idaho,1182 Willard,1932-12-28,514
crmid:4853227389,twinkled2057@gmail.com,Lory,Moran,female,841-619-3597,Norwich,United States,77613,New Mexico,1271 Rice,1999-12-06,605
crmid:5034834480,cyrenaic1914@yahoo.com,Delbert,Carey,,050-185-7492,Kalispell,United States,14132,Arizona,1107 Tulare,1976-04-06,2189
crmid:4731387410,experimentally1894@gmail.com,Stewart,Johnson,,506-577-2963,Newport Beach,United States,45799,South Dakota,285 Felix,1997-08-14,2986
crmid:4535755576,coppered2036@outlook.com,Dewitt,Chaney,,657-671-2494,Lynnwood,United States,47158,New Jersey,1229 Hill Point,1985-08-11,1031
crmid:9503826536,raphia2009@gmail.com,Jerrold,Jackson,,875-753-7543,Imperial Beach,United States,77264,Alabama,24 Pinar,1974-12-10,2772
crmid:4304932202,gloms1934@yandex.com,Jude,Daugherty,,253-337-5701,Hutchinson,United States,73763,Iowa,1396 Nimitz,1974-12-04,1948
crmid:7987597319,crumby1877@gmail.com,Daniell,Cleveland,female,599-774-0772,Oceanside,United States,81111,Delaware,81 Agnon,1954-02-06,652
crmid:4361908625,scurfiness1831@yandex.com,Scott,Bonner,,595-327-8719,Miami Gardens,United States,77030,New Jersey,237 Bowman,1990-12-23,1515
crmid:5773350008,jotisi1836@live.com,Jarred,Parsons,male,364-113-6545,Atlanta,United States,96083,Texas,135 Ringold,1934-05-23,2816
crmid:5023344094,vilification1959@yahoo.com,Shenita,Mckenzie,female,799-673-6586,Danville,United States,69523,New York,1244 Sturgeon,1953-11-19,2020
crmid:2679998790,badge1859@live.com,Ernest,Wilson,male,622-749-9757,Cape Girardeau,United States,14296,Kansas,940 Jauss,1944-04-14,1925
crmid:1505216396,creen2069@gmail.com,Abram,Payne,male,310-455-8403,Avon Lake,United States,00731,Tennessee,991 Carnelian,1935-01-23,2617
crmid:5863892963,actiniochrome2002@outlook.com,Claude,Maddox,,764-622-8052,Montrose,United States,49485,Minnesota,462 Paloma,1992-07-30,2198
crmid:6254198893,acrorhagus2045@yandex.com,Yaeko,Mitchell,female,977-183-7954,Costa Mesa,United States,56003,Connecticut,861 Dichiera,1951-10-18,694
crmid:7402794597,fly2015@outlook.com,Chauncey,Patrick,,654-984-6959,Pampa,United States,85950,Rhode Island,1153 Gold Mine,1975-09-01,2710
crmid:7065805760,scoop2049@outlook.com,Brendan,Bernard,,632-184-5311,Kirksville,United States,64605,New York,1374 Wentworth,1978-11-04,2951
crmid:5329645458,crosse1886@outlook.com,Neal,Anderson,,349-349-0136,Monterey,United States,27505,South Dakota,525 Elmwood,1992-04-15,1748
crmid:9655723642,catherina1914@outlook.com,Daniel,Cherry,,283-932-1006,Rancho Cucamonga,United States,35015,Iowa,590 John Maher,1973-10-15,612
crmid:3180080909,aichmophobia1906@yandex.com,Young,Olson,,390-206-1985,Hopewell,United States,54085,Florida,1376 Science,1973-09-18,2217
crmid:8428224446,drive1973@yandex.com,Chong,Wheeler,male,739-990-3915,Windsor,United States,00252,Idaho,492 Liggett,1932-02-08,2512
crmid:6100603482,dungs1929@outlook.com,Elden,Shannon,,910-455-7945,Frederick,United States,48894,Mississippi,345 Ada,1964-08-06,483
crmid:2136177356,churn1956@yandex.com,Scot,Mcintosh,,211-763-9544,Rancho Palos Verdes,United States,30675,Georgia,628 Jules,1974-02-10,436
crmid:7139747464,busch1920@yandex.com,Madalene,Noel,female,953-386-4219,Rancho Mirage,United States,76617,Vermont,438 Stoneyford,1952-11-11,1507
crmid:2237632558,precomparison1850@live.com,Kory,Matthews,male,614-750-3235,Shelbyville,United States,03406,Illinois,659 Sheridan,1930-12-11,2688
crmid:9694762283,workbench2070@gmail.com,Bret,Sexton,male,077-362-5465,Tigard,United States,60014,Wisconsin,969 Veterans,1941-02-26,1621
crmid:2565805320,feoffee1883@gmail.com,Craig,Rowe,male,405-025-7891,Asheboro,United States,10314,California,1091 Alvord,1934-02-25,1998
crmid:9662368669,ethenyl1971@live.com,Connie,Maynard,,758-698-9141,Tinley Park,United States,43417,Nebraska,685 Alert,1984-06-23,1558
crmid:9907445992,biostatistic1850@yandex.com,Shelby,Knight,,993-688-4780,Norton Shores,United States,65988,Iowa,804 Clarkson,1999-10-11,405
crmid:6474151076,cow2051@yahoo.com,Jess,Parks,,497-245-1225,Fond du Lac,United States,47685,Wisconsin,1137 Spooner,1962-07-15,2062
crmid:6705118143,raincoat2053@gmail.com,Frank,Whitfield,,454-362-5683,Kirkland,United States,08894,Arizona,998 Steiner,1978-02-28,1202
crmid:9353588626,forzando1810@gmail.com,Benton,Navarro,,821-767-7777,Melrose Park,United States,42600,Montana,825 Imperial,1989-08-16,1821
crmid:4219139164,beaux1982@live.com,Refugio,Cooke,,916-043-0586,McHenry,United States,12817,Minnesota,578 Metson,1988-03-21,419
crmid:2054735192,legmen1982@outlook.com,Max,Rogers,male,592-476-3157,Susanville,United States,07631,Mississippi,962 Humboldt,1931-07-25,393
crmid:7489418776,pinnacle2064@outlook.com,Bernie,Hensley,male,592-479-5614,Boston,United States,09285,Oregon,983 Guerrero,1940-01-13,385
crmid:5830702684,landshard1883@yahoo.com,Neomi,Rice,female,352-586-0465,Simpsonville,United States,56132,Tennessee,1320 Edward,1951-10-13,2060
crmid:2609887327,quarts1804@yahoo.com,Charley,Howell,,663-218-5003,Huntington Park,United States,44703,New Mexico,919 Aloha,1974-07-20,658
crmid:4845136661,botanical1883@yandex.com,Damien,Sheppard,,799-981-0064,Moreno Valley,United States,58616,Rhode Island,418 Cornwall,1993-10-19,2636
crmid:1567731024,utilizer2066@live.com,Sam,Carson,,461-961-4616,Mankato,United States,82213,Kansas,1017 Trader Vic,1986-05-18,1926
crmid:1830615838,sorest1976@yandex.com,Hiram,Mooney,,397-383-2594,Gulfport,United States,79086,Mississippi,629 Merrill,1969-12-14,1028
crmid:2332746436,pangasinan2005@gmail.com,Abel,Casey,,540-713-4792,Springfield,United States,49481,Indiana,1193 Patten,1985-08-15,1625
crmid:9094496675,street2031@yahoo.com,Edgardo,Sharp,male,495-932-0678,Atlanta,United States,18981,North Dakota,143 Toyon,1934-03-27,2852
crmid:6169326518,baldric1894@outlook.com,Merle,Bartlett,,997-263-4912,Lorain,United States,25357,Delaware,499 Berkeley,1984-04-14,2494
crmid:4374707493,careworn1861@outlook.com,Nathan,Wong,male,843-138-5835,Brownsburg,United States,47680,North Dakota,797 Sloan,1942-07-31,2172
crmid:8976619329,signor2029@gmail.com,Cedric,French,,489-663-5053,Rowlett,United States,28910,Alabama,918 Lansdale,1967-01-30,2209
crmid:6234638654,allida1904@yahoo.com,Theo,Flowers,,627-021-1587,Lake Havasu City,United States,85818,Ohio,1320 Laguna Honda,1980-11-19,1555
crmid:9289018059,dauphine1976@yahoo.com,Jamel,Russo,,114-551-7013,Gastonia,United States,01753,Georgia,398 Upper,1965-02-14,1302
crmid:5515829594,ambiguous2021@yahoo.com,Michaele,Vasquez,female,972-404-3669,Farmington Hills,United States,32841,Louisiana,55 Steuben,1961-06-29,1933
crmid:6409527289,seaward2024@gmail.com,Douglas,Lawson,,578-245-0894,Moorhead,United States,43584,Pennsylvania,404 Pleasant,1993-08-19,1035
crmid:2813509522,entad1992@outlook.com,Lisha,Beard,female,377-116-5379,Shakopee,United States,23853,Michigan,392 Cowell,1958-05-02,2501
crmid:2318161244,ascertainability2050@yandex.com,Chanell,Holmes,female,083-130-1412,Fairmont,United States,74471,Louisiana,329 Midcrest,1961-12-03,1695
crmid:2758718195,bevin2031@gmail.com,Babette,Armstrong,female,731-233-8904,DeKalb,United States,00747,Michigan,368 Watchman,1953-01-01,891
crmid:9928393703,cruising2069@outlook.com,Ginette,Marks,female,083-731-0781,Murrysville,United States,81567,Missouri,504 Catherine,1994-03-06,2737
crmid:2202143782,contemptuous1811@yahoo.com,Margurite,Mccullough,female,748-832-1066,Cuyahoga Falls,United States,73285,Utah,870 School,1952-10-11,1016
crmid:2915976849,semblance2054@yahoo.com,Kenneth,Haley,,978-362-8514,Sammamish,United States,84948,Virginia,754 Marne,1982-03-20,487
crmid:9804055506,unrowdy2022@live.com,Isaias,Fulton,,292-530-4698,Modesto,United States,57723,North Dakota,575 Rhine,1992-09-11,1817
crmid:5657616080,calista1846@live.com,Clint,O'connor,,677-528-5466,Porterville,United States,45469,Texas,689 Schwerin,1983-11-19,861
crmid:6938504093,pantheistical2029@yandex.com,Eliseo,Blevins,,399-243-1027,Greer,United States,09011,Michigan,1206 Ross,1968-02-14,2266
crmid:3687275246,coggly1955@yahoo.com,Jay,Austin,,768-806-4014,Kokomo,United States,29922,West Virginia,1261 Judah,1978-04-19,2470
crmid:9947071752,corkey1941@live.com,Lauren,Warren,,381-177-1955,Sanford,United States,36534,Ohio,61 Julius,1975-11-07,1559
crmid:1476645650,chemosynthesis1898@yahoo.com,Ethelene,Sparks,female,061-737-0050,West Jordan,United States,28821,Illinois,1339 Deming,1960-03-27,980
crmid:4804582556,dragnet1943@yahoo.com,Donn,Blanchard,,131-709-4164,Lockport,United States,71802,Wisconsin,1014 Kenny,1983-12-26,768
crmid:1078575081,wichtisite2006@yandex.com,Jarred,Rojas,,085-585-3204,Milford,United States,25218,Montana,100 Naylor,1990-04-13,1108
