id,crmid,propensity_credit_card,propensity_ReFi
a249937e-942f-11ea-b353-b88a60e194fb,crmid:6639540559,7,3
a24ab988-942f-11ea-85df-b88a60e194fb,crmid:1005922217,3,4
a24bb752-942f-11ea-a67f-b88a60e194fb,crmid:5492623885,5,4
a24c8e58-942f-11ea-967f-b88a60e194fb,crmid:2618074201,8,3
a24d651a-942f-11ea-83eb-b88a60e194fb,crmid:9552588466,4,9
a24e4f92-942f-11ea-a0c7-b88a60e194fb,crmid:1015762330,9,5
a24f38ae-942f-11ea-beb7-b88a60e194fb,crmid:2921458118,7,3
a25036a2-942f-11ea-a428-b88a60e194fb,crmid:9748738040,3,3
a2510d74-942f-11ea-a849-b88a60e194fb,crmid:4329765342,3,4
a25245cc-942f-11ea-8414-b88a60e194fb,crmid:8572174550,7,4
a2534528-942f-11ea-9356-b88a60e194fb,crmid:6361326906,5,4
a2545548-942f-11ea-9adc-b88a60e194fb,crmid:2197736741,5,7
a2552d70-942f-11ea-baad-b88a60e194fb,crmid:8202140911,8,4
a2562ab6-942f-11ea-9bfc-b88a60e194fb,crmid:6230292294,4,9
a2573b4a-942f-11ea-8579-b88a60e194fb,crmid:8510815633,8,4
a25825a8-942f-11ea-83db-b88a60e194fb,crmid:7017618518,7,4
a259100a-942f-11ea-bae0-b88a60e194fb,crmid:7033289853,4,7
a259e6e2-942f-11ea-b0b4-b88a60e194fb,crmid:1734719572,4,4
a25ae4ca-942f-11ea-87b6-b88a60e194fb,crmid:5625513529,9,5
a25bbba2-942f-11ea-9d20-b88a60e194fb,crmid:7855529458,4,5
a25cf58c-942f-11ea-9238-b88a60e194fb,crmid:5971769735,3,9
a25e2e18-942f-11ea-83c8-b88a60e194fb,crmid:4366621407,3,3
a25f04b0-942f-11ea-8cc2-b88a60e194fb,crmid:3506423005,7,4
a25fef2e-942f-11ea-971f-b88a60e194fb,crmid:2061661306,4,4
a260d998-942f-11ea-8b47-b88a60e194fb,crmid:6294377367,9,2
a265450a-942f-11ea-b5be-b88a60e194fb,crmid:1110635107,4,3
a2661bde-942f-11ea-a150-b88a60e194fb,crmid:8199302372,7,4
a2670640-942f-11ea-b88e-b88a60e194fb,crmid:1051129406,5,6
a2680428-942f-11ea-8f26-b88a60e194fb,crmid:7751069379,4,3
a268ee86-942f-11ea-a534-b88a60e194fb,crmid:7505380357,9,4
a26a270a-942f-11ea-a515-b88a60e194fb,crmid:7170382547,5,3
a26b4c24-942f-11ea-b14e-b88a60e194fb,crmid:9618605074,9,4
a26c366e-942f-11ea-b981-b88a60e194fb,crmid:8888161443,8,3
a26d0d46-942f-11ea-9212-b88a60e194fb,crmid:7496606612,8,4
a26de422-942f-11ea-b750-b88a60e194fb,crmid:4036866737,4,4
a26ece7e-942f-11ea-801c-b88a60e194fb,crmid:9667022211,3,7
a26fa562-942f-11ea-83c7-b88a60e194fb,crmid:8112169513,9,4
a2707c2c-942f-11ea-8ccc-b88a60e194fb,crmid:8639296356,5,4
a271a11e-942f-11ea-8b59-b88a60e194fb,crmid:4243619432,2,8
a2727980-942f-11ea-af97-b88a60e194fb,crmid:9776193855,8,5
a2735034-942f-11ea-9ac2-b88a60e194fb,crmid:9083469454,8,3
a2788d2e-942f-11ea-84a2-b88a60e194fb,crmid:5687020819,5,7
a2797788-942f-11ea-af98-b88a60e194fb,crmid:4731357884,5,4
a27a4e9e-942f-11ea-a077-b88a60e194fb,crmid:7401465996,4,3
a27b253a-942f-11ea-a7cb-b88a60e194fb,crmid:5503865801,4,4
a27bfc28-942f-11ea-a4cc-b88a60e194fb,crmid:6868580775,4,4
a27cd19e-942f-11ea-8037-b88a60e194fb,crmid:3971408054,8,4
a27dbd46-942f-11ea-b52d-b88a60e194fb,crmid:6700693773,7,5
a27e9428-942f-11ea-ad91-b88a60e194fb,crmid:6512919648,7,3
a27fa640-942f-11ea-8771-b88a60e194fb,crmid:9983348705,8,5
a2808fee-942f-11ea-87eb-b88a60e194fb,crmid:4765946714,8,4
a283d7d2-942f-11ea-9a09-b88a60e194fb,crmid:6297414039,4,7
a284c230-942f-11ea-8ea6-b88a60e194fb,crmid:3690999232,2,4
a285d246-942f-11ea-923b-b88a60e194fb,crmid:7141942403,4,9
a286f748-942f-11ea-9044-b88a60e194fb,crmid:4312038286,3,2
a287ce14-942f-11ea-a0d7-b88a60e194fb,crmid:5088248565,3,8
a288b87a-942f-11ea-b0c8-b88a60e194fb,crmid:8077007225,3,7
a2898f52-942f-11ea-91d9-b88a60e194fb,crmid:8349392451,3,7
a28a6626-942f-11ea-ac6d-b88a60e194fb,crmid:1681366130,4,4
a28b6518-942f-11ea-964c-b88a60e194fb,crmid:3955899433,8,4
a28c7562-942f-11ea-961e-b88a60e194fb,crmid:9336259232,7,6
a28d7340-942f-11ea-a5dc-b88a60e194fb,crmid:7632548090,3,4
a28e84ae-942f-11ea-bf73-b88a60e194fb,crmid:8518706315,8,5
a28f6f2c-942f-11ea-b057-b88a60e194fb,crmid:8959754668,4,4
a290596e-942f-11ea-beb7-b88a60e194fb,crmid:4207457242,7,4
a2913048-942f-11ea-94b8-b88a60e194fb,crmid:7484169967,9,6
a2924340-942f-11ea-86bf-b88a60e194fb,crmid:2198993933,9,4
a2932e4a-942f-11ea-86aa-b88a60e194fb,crmid:2264495220,5,6
a2942b36-942f-11ea-a9ab-b88a60e194fb,crmid:3847104902,5,10
a29515b4-942f-11ea-a96b-b88a60e194fb,crmid:4338440768,8,4
a295ec9c-942f-11ea-820d-b88a60e194fb,crmid:5977819684,7,4
a296c35e-942f-11ea-888d-b88a60e194fb,crmid:2294022724,3,3
a297e864-942f-11ea-9a51-b88a60e194fb,crmid:9163388465,3,3
a298e648-942f-11ea-972b-b88a60e194fb,crmid:3956214237,3,4
a299e44a-942f-11ea-8a86-b88a60e194fb,crmid:6035088596,5,10
a29af470-942f-11ea-a949-b88a60e194fb,crmid:6542782715,8,4
a29c1948-942f-11ea-9409-b88a60e194fb,crmid:4708407527,2,6
a29d2c1e-942f-11ea-ab0d-b88a60e194fb,crmid:9288126876,2,3
a29e02fa-942f-11ea-809f-b88a60e194fb,crmid:4428574280,2,5
a29eff8c-942f-11ea-a869-b88a60e194fb,crmid:4412880859,8,3
a29ffed2-942f-11ea-96b3-b88a60e194fb,crmid:3347985977,3,4
a2a0e7b6-942f-11ea-997b-b88a60e194fb,crmid:9131667948,7,3
a2a1e636-942f-11ea-b9d6-b88a60e194fb,crmid:2686040643,4,7
a2a34562-942f-11ea-901f-b88a60e194fb,crmid:9356318877,5,3
a2a42fcc-942f-11ea-9387-b88a60e194fb,crmid:5902220147,5,5
a2a51a14-942f-11ea-89c4-b88a60e194fb,crmid:7280250463,3,5
a2a5f0e8-942f-11ea-ad31-b88a60e194fb,crmid:5827409822,2,5
a2a7023e-942f-11ea-9fa1-b88a60e194fb,crmid:4449500690,9,4
a2a80018-942f-11ea-9766-b88a60e194fb,crmid:1062531218,7,4
a2a8ea76-942f-11ea-9f32-b88a60e194fb,crmid:3388958000,5,4
a2a9e948-942f-11ea-9bb7-b88a60e194fb,crmid:6471065917,5,3
a2aad430-942f-11ea-afe8-b88a60e194fb,crmid:6955088626,5,2
a2abe5ca-942f-11ea-9f8e-b88a60e194fb,crmid:5295894180,3,9
a2ad305a-942f-11ea-8668-b88a60e194fb,crmid:7442381611,4,8
a2ae2f9e-942f-11ea-89b4-b88a60e194fb,crmid:4160715447,8,4
a2af064a-942f-11ea-859b-b88a60e194fb,crmid:6039468010,3,8
a2afef92-942f-11ea-9af8-b88a60e194fb,crmid:1620103763,7,4
a2b0ed48-942f-11ea-b952-b88a60e194fb,crmid:2244119465,5,4
a2b1c5a2-942f-11ea-9aee-b88a60e194fb,crmid:7459399695,8,3
a2b2c378-942f-11ea-a0e5-b88a60e194fb,crmid:5167194218,8,4
a2b3adfe-942f-11ea-b5b8-b88a60e194fb,crmid:3439898970,6,6
a2b4bf52-942f-11ea-980c-b88a60e194fb,crmid:4946671365,7,5
a2b5d0c6-942f-11ea-8c0d-b88a60e194fb,crmid:1151120923,7,4
a2b6a638-942f-11ea-9879-b88a60e194fb,crmid:5561999777,4,8
a2b7cc86-942f-11ea-b1c5-b88a60e194fb,crmid:2466182654,4,4
a2b8ca8a-942f-11ea-8ffd-b88a60e194fb,crmid:7263787532,9,4
a2b9a164-942f-11ea-9959-b88a60e194fb,crmid:7434272579,8,4
a2ba9f2e-942f-11ea-9e1d-b88a60e194fb,crmid:6380960493,8,4
a2bb9d0c-942f-11ea-b12e-b88a60e194fb,crmid:7458793773,4,3
a2bcc0cc-942f-11ea-9173-b88a60e194fb,crmid:9849514365,3,8
a2bdbe9e-942f-11ea-97f0-b88a60e194fb,crmid:9302125099,9,2
a2beaa54-942f-11ea-81b1-b88a60e194fb,crmid:6175099042,7,3
a2bf94c8-942f-11ea-8a09-b88a60e194fb,crmid:3693007414,6,4
a2c07f10-942f-11ea-a013-b88a60e194fb,crmid:8145553141,4,3
a2c217ca-942f-11ea-a4aa-b88a60e194fb,crmid:2677677625,3,4
a2c38af4-942f-11ea-a03a-b88a60e194fb,crmid:8743183662,8,5
a2c4ea78-942f-11ea-988b-b88a60e194fb,crmid:2625605865,3,8
a2c622e6-942f-11ea-b90d-b88a60e194fb,crmid:7805372996,7,4
a2c7486e-942f-11ea-aaa9-b88a60e194fb,crmid:8026012683,9,4
a2c893e6-942f-11ea-a3c0-b88a60e194fb,crmid:4479312446,3,5
a2c9cc90-942f-11ea-bb5b-b88a60e194fb,crmid:4531651929,6,1
a2cab6de-942f-11ea-b7ab-b88a60e194fb,crmid:3843907891,8,4
a2cbb4c0-942f-11ea-a284-b88a60e194fb,crmid:2117570377,4,7
a2ccb2b4-942f-11ea-8252-b88a60e194fb,crmid:9971170487,3,6
a2cdfea2-942f-11ea-b4a9-b88a60e194fb,crmid:5143147706,8,4
a2cf73c2-942f-11ea-8e96-b88a60e194fb,crmid:7439108611,2,9
a2d06fb6-942f-11ea-afb0-b88a60e194fb,crmid:7894667777,7,6
a2d15a1a-942f-11ea-8fa8-b88a60e194fb,crmid:6303282808,3,3
a2d258e8-942f-11ea-9038-b88a60e194fb,crmid:5511682370,8,3
a2d36954-942f-11ea-ab20-b88a60e194fb,crmid:5814480644,7,5
a2d48e6e-942f-11ea-b256-b88a60e194fb,crmid:3558109091,9,4
a2d5c886-942f-11ea-8adb-b88a60e194fb,crmid:3315795444,7,3
a2d6c53a-942f-11ea-8953-b88a60e194fb,crmid:5416808446,5,2
a2d7d640-942f-11ea-a236-b88a60e194fb,crmid:4502514507,5,8
a2d8d41c-942f-11ea-8d59-b88a60e194fb,crmid:6181573096,3,4
a2d9d206-942f-11ea-9c21-b88a60e194fb,crmid:3559490472,4,8
a2db58b8-942f-11ea-9ca5-b88a60e194fb,crmid:2877477428,2,8
a2dc6a30-942f-11ea-b153-b88a60e194fb,crmid:1965046852,6,4
a2dd548a-942f-11ea-aaf9-b88a60e194fb,crmid:4853227389,10,5
a2de6606-942f-11ea-a5fc-b88a60e194fb,crmid:5034834480,8,4
a2df505a-942f-11ea-a7e6-b88a60e194fb,crmid:4731387410,6,3
a2e09c62-942f-11ea-9794-b88a60e194fb,crmid:4535755576,8,4
a2e19a4c-942f-11ea-a137-b88a60e194fb,crmid:9503826536,9,4
a2e2ac30-942f-11ea-bddc-b88a60e194fb,crmid:4304932202,3,8
a2e43236-942f-11ea-9a25-b88a60e194fb,crmid:7987597319,2,8
a2e5302c-942f-11ea-b993-b88a60e194fb,crmid:4361908625,4,5
a2e67c3e-942f-11ea-bf06-b88a60e194fb,crmid:5773350008,5,7
a2e7c83a-942f-11ea-9af7-b88a60e194fb,crmid:5023344094,8,5
a2e8c61a-942f-11ea-9276-b88a60e194fb,crmid:2679998790,6,5
a2e9eb0a-942f-11ea-a1b7-b88a60e194fb,crmid:1505216396,9,4
a2eb378a-942f-11ea-a01a-b88a60e194fb,crmid:5863892963,2,9
a2ed32fa-942f-11ea-bce7-b88a60e194fb,crmid:6254198893,4,5
a2ef6962-942f-11ea-9994-b88a60e194fb,crmid:7402794597,5,4
a2f1a10a-942f-11ea-b064-b88a60e194fb,crmid:7065805760,4,8
a2f44b52-942f-11ea-b6a2-b88a60e194fb,crmid:5329645458,8,2
a2f6475c-942f-11ea-8cb2-b88a60e194fb,crmid:9655723642,4,3
a2f82f86-942f-11ea-814e-b88a60e194fb,crmid:3180080909,7,5
a2fadb1e-942f-11ea-9e60-b88a60e194fb,crmid:8428224446,6,4
a2fdc14c-942f-11ea-8066-b88a60e194fb,crmid:6100603482,4,1
a3015728-942f-11ea-b220-b88a60e194fb,crmid:2136177356,9,4
a3051428-942f-11ea-b390-b88a60e194fb,crmid:7139747464,7,3
a3061202-942f-11ea-85e4-b88a60e194fb,crmid:2237632558,7,5
a3075e24-942f-11ea-a7c6-b88a60e194fb,crmid:9694762283,5,8
a30aa5fe-942f-11ea-bf18-b88a60e194fb,crmid:2565805320,8,4
a30c18fe-942f-11ea-82b2-b88a60e194fb,crmid:9662368669,3,4
a3124714-942f-11ea-8d2b-b88a60e194fb,crmid:9907445992,6,10
a313f4e4-942f-11ea-93e3-b88a60e194fb,crmid:6474151076,4,4
a315f094-942f-11ea-a8e5-b88a60e194fb,crmid:6705118143,8,5
a31701fa-942f-11ea-ae50-b88a60e194fb,crmid:9353588626,4,3
a3184e08-942f-11ea-84ad-b88a60e194fb,crmid:4219139164,8,3
a319868a-942f-11ea-bdae-b88a60e194fb,crmid:2054735192,5,7
a31a97fe-942f-11ea-8687-b88a60e194fb,crmid:7489418776,6,4
a31b95e2-942f-11ea-bd33-b88a60e194fb,crmid:5830702684,6,4
a31c93c2-942f-11ea-a4c2-b88a60e194fb,crmid:2609887327,9,5
a31eb69a-942f-11ea-9f89-b88a60e194fb,crmid:4845136661,4,8
a31fa0fa-942f-11ea-96d1-b88a60e194fb,crmid:1567731024,4,6
a3208b5a-942f-11ea-ad1e-b88a60e194fb,crmid:1830615838,3,3
a3216234-942f-11ea-8b38-b88a60e194fb,crmid:2332746436,7,5
a3256d58-942f-11ea-8e08-b88a60e194fb,crmid:9094496675,3,7
a32657c0-942f-11ea-972a-b88a60e194fb,crmid:6169326518,7,4
a327421e-942f-11ea-a3d2-b88a60e194fb,crmid:4374707493,4,7
a32818f8-942f-11ea-8b9a-b88a60e194fb,crmid:8976619329,9,4
a3293dfa-942f-11ea-b19e-b88a60e194fb,crmid:6234638654,5,5
a32a766e-942f-11ea-8dc9-b88a60e194fb,crmid:9289018059,9,5
a32b4ea8-942f-11ea-b39c-b88a60e194fb,crmid:5515829594,8,5
a32c872c-942f-11ea-91a0-b88a60e194fb,crmid:6409527289,4,8
a32d5e48-942f-11ea-b53e-b88a60e194fb,crmid:2813509522,4,3
a32e34fa-942f-11ea-b47c-b88a60e194fb,crmid:2318161244,6,4
a32fcfbe-942f-11ea-a55c-b88a60e194fb,crmid:2758718195,7,5
a33119ae-942f-11ea-ba5f-b88a60e194fb,crmid:9928393703,4,5
a3327aa6-942f-11ea-90f3-b88a60e194fb,crmid:2202143782,2,9
a3335182-942f-11ea-b498-b88a60e194fb,crmid:2915976849,4,5
a3343be4-942f-11ea-b0ee-b88a60e194fb,crmid:9804055506,7,5
a3353a3a-942f-11ea-94f0-b88a60e194fb,crmid:5657616080,5,5
a3369800-942f-11ea-994e-b88a60e194fb,crmid:6938504093,7,3
a33783a6-942f-11ea-9563-b88a60e194fb,crmid:3687275246,8,5
a3386e08-942f-11ea-be77-b88a60e194fb,crmid:9947071752,2,3
a339b938-942f-11ea-8f2f-b88a60e194fb,crmid:1476645650,5,3
a33b5438-942f-11ea-ae23-b88a60e194fb,crmid:4804582556,8,3
a33c792c-942f-11ea-8a06-b88a60e194fb,crmid:1078575081,8,4
