id,transactionID,crmid,timestamp,orderType,transactionSKU,transactionName,transactionType,transactionOwnership,transactionAction,transactionMethod,transactionAmount,transactionFlag
a249937e-942f-11ea-b353-b88a60e194fb,transactionid:867718,crmid:6639540559,2020-02-28T21:45:45.000Z,transaction - mobile,prd1163,Rewards Savings,Savings,Personal,credit,call center,1802.08,1
a24ab988-942f-11ea-85df-b88a60e194fb,transactionid:473210,crmid:1005922217,2020-02-26T06:23:50.000Z,transaction - mobile,prd1115,Mortgage: VA,Mortgage,Personal,credit,broker,3625.43,1
a24bb752-942f-11ea-a67f-b88a60e194fb,transactionid:550371,crmid:5492623885,2020-02-29T04:22:34.000Z,transaction - mobile,prd1168,Auto Insurance,Insurance,Personal,credit,broker,4003.51,1
a24c8e58-942f-11ea-967f-b88a60e194fb,transactionid:398775,crmid:2618074201,2020-02-26T02:04:36.000Z,transaction - mobile,prd1117,Brokerage Account,Investment,Personal,credit,call center,3992.24,1
a24d651a-942f-11ea-83eb-b88a60e194fb,transactionid:190507,crmid:9552588466,2020-02-16T15:28:37.000Z,transaction - mobile,prd1006,Travel Card,Credit Card,Personal,debt,call center,2158.35,1
a24e4f92-942f-11ea-a0c7-b88a60e194fb,transactionid:279280,crmid:1015762330,2020-02-29T14:09:43.000Z,transaction - mobile,prd1132,Rewards Savings,Savings,Personal,debt,call center,2314.53,1
a24f38ae-942f-11ea-beb7-b88a60e194fb,transactionid:535775,crmid:2921458118,2020-02-22T09:00:37.000Z,transaction - mobile,prd1173,Money Market,Investment,Personal,credit,call center,282769.43,1
a25036a2-942f-11ea-a428-b88a60e194fb,transactionid:872576,crmid:9748738040,2020-02-25T01:59:46.000Z,transaction - mobile,prd1083,Pension Account,Retirement,Personal,credit,call center,5583.84,1
a2510d74-942f-11ea-a849-b88a60e194fb,transactionid:444273,crmid:4329765342,2020-02-26T15:00:29.000Z,transaction - mobile,prd1012,Renter's Insurance,Insurance,Personal,credit,broker,492111.83,1
a25245cc-942f-11ea-8414-b88a60e194fb,transactionid:747656,crmid:8572174550,2020-02-26T13:53:08.000Z,transaction - mobile,prd1049,Business Brokerage Account,Investment,Business,credit,call center,1349.36,1
a2534528-942f-11ea-9356-b88a60e194fb,transactionid:992448,crmid:6361326906,2020-02-19T11:27:55.000Z,transaction - mobile,prd1151,Mortgage: 10 yr Fixed,Mortgage,Personal,credit,call center,2664.37,1
a2545548-942f-11ea-9adc-b88a60e194fb,transactionid:251485,crmid:2197736741,2020-02-29T04:17:27.000Z,transaction - mobile,prd1036,Simplicity Card,Credit Card,Personal,credit,ATM,2878.92,1
a2552d70-942f-11ea-baad-b88a60e194fb,transactionid:178139,crmid:8202140911,2020-02-21T18:04:19.000Z,transaction - mobile,prd1009,Everyday Checking,Checking,Personal,debt,branch,4226.05,1
a2562ab6-942f-11ea-9bfc-b88a60e194fb,transactionid:490251,crmid:6230292294,2020-02-28T13:02:20.000Z,transaction - mobile,prd1015,Auto Loan,Loan,Personal,credit,call center,377988.86,1
a2573b4a-942f-11ea-8579-b88a60e194fb,transactionid:793834,crmid:8510815633,2020-02-22T15:16:16.000Z,transaction - mobile,prd1007,Health Savings,Savings,Personal,credit,broker,1879.64,1
a25825a8-942f-11ea-83db-b88a60e194fb,transactionid:772119,crmid:7017618518,2020-02-19T15:12:50.000Z,transaction - mobile,prd1142,Rewards Savings,Savings,Personal,credit,call center,1380.26,1
a259100a-942f-11ea-bae0-b88a60e194fb,transactionid:727652,crmid:7033289853,2020-02-15T19:38:29.000Z,transaction - mobile,prd1197,Business Card,Credit Card,Business,close,branch,3717.83,1
a259e6e2-942f-11ea-b0b4-b88a60e194fb,transactionid:467323,crmid:1734719572,2020-02-26T16:51:21.000Z,transaction - mobile,prd1125,Mortgage: FHA,Mortgage,Personal,credit,mobile,2350.01,1
a25ae4ca-942f-11ea-87b6-b88a60e194fb,transactionid:866664,crmid:5625513529,2020-02-22T09:17:57.000Z,transaction - mobile,prd1070,High Interest Savings,Savings,Personal,credit,call center,434710.2,1
a25bbba2-942f-11ea-9d20-b88a60e194fb,transactionid:308859,crmid:7855529458,2020-02-21T07:34:05.000Z,transaction - mobile,prd1018,Auto Insurance,Insurance,Personal,debt,mobile,3487.34,1
a25cf58c-942f-11ea-9238-b88a60e194fb,transactionid:920973,crmid:5971769735,2020-02-16T23:18:49.000Z,transaction - mobile,prd1113,Personal Loan,Loan,Personal,credit,mobile,3247.75,1
a25e2e18-942f-11ea-83c8-b88a60e194fb,transactionid:294909,crmid:4366621407,2020-02-22T10:59:34.000Z,transaction - mobile,prd1146,529 College Savings,College Savings,Personal,credit,ATM,2626.78,1
a25f04b0-942f-11ea-8cc2-b88a60e194fb,transactionid:914419,crmid:3506423005,2020-02-27T21:14:54.000Z,transaction - mobile,prd1163,Rewards Savings,Savings,Personal,credit,call center,4623.15,1
a25fef2e-942f-11ea-971f-b88a60e194fb,transactionid:579229,crmid:2061661306,2020-02-28T16:54:19.000Z,transaction - mobile,prd1180,529 College Savings,College Savings,Personal,credit,branch,2514.61,1
a260d998-942f-11ea-8b47-b88a60e194fb,transactionid:978101,crmid:6294377367,2020-02-25T08:09:02.000Z,transaction - mobile,prd1009,Everyday Checking,Checking,Personal,credit,mobile,3017.33,1
a265450a-942f-11ea-b5be-b88a60e194fb,transactionid:643010,crmid:1110635107,2020-02-16T01:08:34.000Z,transaction - mobile,prd1110,Traditional IRA,Retirement,Personal,credit,call center,3869.48,1
a2661bde-942f-11ea-a150-b88a60e194fb,transactionid:168945,crmid:8199302372,2020-02-20T17:41:26.000Z,transaction - mobile,prd1136,Student Savings,Savings,Personal,credit,mobile,3560.63,1
a2670640-942f-11ea-b88e-b88a60e194fb,transactionid:831321,crmid:1051129406,2020-02-27T13:29:31.000Z,transaction - mobile,prd1103,Business Card,Credit Card,Business,credit,mobile,414207.79,1
a2680428-942f-11ea-8f26-b88a60e194fb,transactionid:586167,crmid:7751069379,2020-02-19T06:46:49.000Z,transaction - mobile,prd1061,Mortgage: 5/1 ARM,Mortgage,Personal,credit,broker,3178.5,1
a268ee86-942f-11ea-a534-b88a60e194fb,transactionid:552244,crmid:7505380357,2020-02-26T09:12:42.000Z,transaction - mobile,prd1102,Everyday Savings,Savings,Personal,debt,mobile,3410.77,1
a26a270a-942f-11ea-a515-b88a60e194fb,transactionid:595216,crmid:7170382547,2020-02-28T07:46:08.000Z,transaction - mobile,prd1191,Merchant Services Account,Merchant Services,Business,credit,call center,3096.7,1
a26b4c24-942f-11ea-b14e-b88a60e194fb,transactionid:231775,crmid:9618605074,2020-02-20T00:38:53.000Z,transaction - mobile,prd1099,High Interest Savings,Savings,Personal,credit,ATM,3174.2,1
a26c366e-942f-11ea-b981-b88a60e194fb,transactionid:897372,crmid:8888161443,2020-02-20T10:36:13.000Z,transaction - mobile,prd1131,Employee Stock Purchase Plans,Investment,Personal,close,mobile,2697.49,1
a26d0d46-942f-11ea-9212-b88a60e194fb,transactionid:952840,crmid:7496606612,2020-02-23T07:05:23.000Z,transaction - mobile,prd1190,Premium Checking,Checking,Personal,debt,ATM,3158.75,1
a26de422-942f-11ea-b750-b88a60e194fb,transactionid:701376,crmid:4036866737,2020-02-29T22:01:29.000Z,transaction - mobile,prd1035,Pension Account,Retirement,Personal,debt,ATM,3492.43,1
a26ece7e-942f-11ea-801c-b88a60e194fb,transactionid:897361,crmid:9667022211,2020-02-15T19:09:59.000Z,transaction - mobile,prd1044,Rewards Card,Credit Card,Personal,credit,call center,4405.8,1
a26fa562-942f-11ea-83c7-b88a60e194fb,transactionid:895205,crmid:8112169513,2020-02-16T11:46:28.000Z,transaction - mobile,prd1104,Health Savings,Savings,Personal,credit,call center,4322.8,1
a2707c2c-942f-11ea-8ccc-b88a60e194fb,transactionid:531241,crmid:8639296356,2020-02-25T11:20:40.000Z,transaction - mobile,prd1180,529 College Savings,College Savings,Personal,credit,ATM,183023.53,1
a271a11e-942f-11ea-8b59-b88a60e194fb,transactionid:283535,crmid:4243619432,2020-02-22T19:33:05.000Z,transaction - mobile,prd1089,Business Card,Credit Card,Business,credit,ATM,2948.43,1
a2727980-942f-11ea-af97-b88a60e194fb,transactionid:876222,crmid:9776193855,2020-02-26T04:15:36.000Z,transaction - mobile,prd1128,High Interest Savings,Savings,Personal,credit,call center,2385.31,1
a2735034-942f-11ea-9ac2-b88a60e194fb,transactionid:368697,crmid:9083469454,2020-02-17T10:06:43.000Z,transaction - mobile,prd1007,Health Savings,Savings,Personal,credit,broker,3571.47,1
a2788d2e-942f-11ea-84a2-b88a60e194fb,transactionid:722495,crmid:5687020819,2020-02-20T11:45:08.000Z,transaction - mobile,prd1058,Simplicity Card,Credit Card,Personal,credit,ATM,3206.07,1
a2797788-942f-11ea-af98-b88a60e194fb,transactionid:734751,crmid:4731357884,2020-02-28T10:04:57.000Z,transaction - mobile,prd1123,Mortgage: 10 yr Fixed,Mortgage,Personal,credit,branch,3193.95,1
a27a4e9e-942f-11ea-a077-b88a60e194fb,transactionid:334234,crmid:7401465996,2020-02-24T05:02:47.000Z,transaction - mobile,prd1170,Mortgage Insurance,Insurance,Personal,credit,call center,348863.1,1
a27b253a-942f-11ea-a7cb-b88a60e194fb,transactionid:771953,crmid:5503865801,2020-02-27T04:39:06.000Z,transaction - mobile,prd1016,Homeowner's Insurance,Insurance,Personal,credit,mobile,420613.2,1
a27bfc28-942f-11ea-a4cc-b88a60e194fb,transactionid:542449,crmid:6868580775,2020-02-25T19:52:45.000Z,transaction - mobile,prd1146,529 College Savings,College Savings,Personal,credit,call center,3233.94,1
a27cd19e-942f-11ea-8037-b88a60e194fb,transactionid:784611,crmid:3971408054,2020-02-29T21:01:05.000Z,transaction - mobile,prd1188,Business Savings,Savings,Business,credit,call center,2662.27,1
a27dbd46-942f-11ea-b52d-b88a60e194fb,transactionid:171134,crmid:6700693773,2020-02-21T15:40:46.000Z,transaction - mobile,prd1187,Business Savings,Savings,Business,credit,mobile,3020.33,1
a27e9428-942f-11ea-ad91-b88a60e194fb,transactionid:677367,crmid:6512919648,2020-02-21T15:58:42.000Z,transaction - mobile,prd1131,Employee Stock Purchase Plans,Investment,Personal,credit,ATM,3606.39,1
a27fa640-942f-11ea-8771-b88a60e194fb,transactionid:526202,crmid:9983348705,2020-02-15T18:34:20.000Z,transaction - mobile,prd1070,High Interest Savings,Savings,Personal,credit,mobile,2097.75,1
a2808fee-942f-11ea-87eb-b88a60e194fb,transactionid:364578,crmid:4765946714,2020-02-16T02:15:50.000Z,transaction - mobile,prd1052,Preferred Checking,Checking,Personal,debt,mobile,2566.1,1
a283d7d2-942f-11ea-9a09-b88a60e194fb,transactionid:647777,crmid:6297414039,2020-02-22T07:09:20.000Z,transaction - mobile,prd1044,Rewards Card,Credit Card,Personal,credit,ATM,3124.54,1
a284c230-942f-11ea-8ea6-b88a60e194fb,transactionid:743797,crmid:3690999232,2020-02-28T07:34:39.000Z,transaction - mobile,prd1146,529 College Savings,College Savings,Personal,credit,call center,535742.82,1
a285d246-942f-11ea-923b-b88a60e194fb,transactionid:691124,crmid:7141942403,2020-02-17T12:03:54.000Z,transaction - mobile,prd1197,Business Card,Credit Card,Business,credit,call center,2192.5,1
a286f748-942f-11ea-9044-b88a60e194fb,transactionid:152707,crmid:4312038286,2020-02-15T02:24:32.000Z,transaction - mobile,prd1032,Home Equity Loan,Mortgage,Personal,credit,call center,3076.31,1
a287ce14-942f-11ea-a0d7-b88a60e194fb,transactionid:821334,crmid:5088248565,2020-02-26T17:35:42.000Z,transaction - mobile,prd1055,Rewards Card,Credit Card,Personal,credit,broker,1125.28,1
a288b87a-942f-11ea-b0c8-b88a60e194fb,transactionid:891308,crmid:8077007225,2020-02-29T11:23:18.000Z,transaction - mobile,prd1127,Rewards Card,Credit Card,Personal,credit,call center,3153.31,1
a2898f52-942f-11ea-91d9-b88a60e194fb,transactionid:195139,crmid:8349392451,2020-02-20T08:37:09.000Z,transaction - mobile,prd1035,Pension Account,Retirement,Personal,credit,ATM,3806.54,1
a28a6626-942f-11ea-ac6d-b88a60e194fb,transactionid:711596,crmid:1681366130,2020-02-22T13:27:57.000Z,transaction - mobile,prd1079,Mortgage: 30-yr Fixed,Mortgage,Personal,credit,mobile,2769.71,1
a28b6518-942f-11ea-964c-b88a60e194fb,transactionid:516967,crmid:3955899433,2020-02-29T16:21:25.000Z,transaction - mobile,prd1190,Premium Checking,Checking,Personal,debt,mobile,1408.06,1
a28c7562-942f-11ea-961e-b88a60e194fb,transactionid:750230,crmid:9336259232,2020-02-20T12:18:47.000Z,transaction - mobile,prd1137,Business Checking,Checking,Business,credit,ATM,4509.44,1
a28d7340-942f-11ea-a5dc-b88a60e194fb,transactionid:556948,crmid:7632548090,2020-02-19T11:37:05.000Z,transaction - mobile,prd1037,Home Equity Loan,Mortgage,Personal,credit,call center,3067.68,1
a28e84ae-942f-11ea-bf73-b88a60e194fb,transactionid:219459,crmid:8518706315,2020-02-26T00:29:09.000Z,transaction - mobile,prd1040,High Interest Savings,Savings,Personal,credit,call center,2799.33,1
a28f6f2c-942f-11ea-b057-b88a60e194fb,transactionid:464183,crmid:8959754668,2020-02-15T06:51:40.000Z,transaction - mobile,prd1174,Traditional IRA,Retirement,Personal,credit,mobile,3846.52,1
a290596e-942f-11ea-beb7-b88a60e194fb,transactionid:937280,crmid:4207457242,2020-02-22T04:02:23.000Z,transaction - mobile,prd1003,Premium Checking,Checking,Personal,credit,branch,3018.92,1
a2913048-942f-11ea-94b8-b88a60e194fb,transactionid:112226,crmid:7484169967,2020-02-20T10:30:31.000Z,transaction - mobile,prd1014,CDs: 3 month,Investment,Personal,debt,call center,2816.38,1
a2924340-942f-11ea-86bf-b88a60e194fb,transactionid:541478,crmid:2198993933,2020-02-25T13:13:56.000Z,transaction - mobile,prd1009,Everyday Checking,Checking,Personal,credit,call center,361612.32,1
a2932e4a-942f-11ea-86aa-b88a60e194fb,transactionid:701905,crmid:2264495220,2020-02-28T17:38:05.000Z,transaction - mobile,prd1180,529 College Savings,College Savings,Personal,credit,call center,3293.88,1
a2942b36-942f-11ea-a9ab-b88a60e194fb,transactionid:200426,crmid:3847104902,2020-02-16T16:57:05.000Z,transaction - mobile,prd1098,Platinum Card,Credit Card,Personal,credit,call center,2136.08,1
a29515b4-942f-11ea-a96b-b88a60e194fb,transactionid:621944,crmid:4338440768,2020-02-25T18:34:11.000Z,transaction - mobile,prd1190,Premium Checking,Checking,Personal,close,call center,408142.57,1
a295ec9c-942f-11ea-820d-b88a60e194fb,transactionid:323213,crmid:5977819684,2020-02-25T04:43:57.000Z,transaction - mobile,prd1183,Fixed Deposit,Investment,Personal,credit,mobile,2451.14,1
a296c35e-942f-11ea-888d-b88a60e194fb,transactionid:147642,crmid:2294022724,2020-02-16T11:23:44.000Z,transaction - mobile,prd1010,529 College Savings,College Savings,Personal,credit,mobile,4180.86,1
a297e864-942f-11ea-9a51-b88a60e194fb,transactionid:771420,crmid:9163388465,2020-02-28T11:50:47.000Z,transaction - mobile,prd1010,529 College Savings,College Savings,Personal,credit,mobile,3637.67,1
a298e648-942f-11ea-972b-b88a60e194fb,transactionid:714965,crmid:3956214237,2020-02-23T07:01:16.000Z,transaction - mobile,prd1148,Mortgage: 10/1 ARM,Mortgage,Personal,credit,mobile,2216.44,1
a299e44a-942f-11ea-8a86-b88a60e194fb,transactionid:964083,crmid:6035088596,2020-02-18T08:24:46.000Z,transaction - mobile,prd1006,Travel Card,Credit Card,Personal,credit,call center,470428.04,1
a29af470-942f-11ea-a949-b88a60e194fb,transactionid:501637,crmid:6542782715,2020-02-18T14:23:06.000Z,transaction - mobile,prd1067,Everyday Checking,Checking,Personal,credit,mobile,2204.08,1
a29c1948-942f-11ea-9409-b88a60e194fb,transactionid:222864,crmid:4708407527,2020-02-28T02:58:17.000Z,transaction - mobile,prd1123,Mortgage: 10 yr Fixed,Mortgage,Personal,credit,broker,2742.09,1
a29d2c1e-942f-11ea-ab0d-b88a60e194fb,transactionid:474621,crmid:9288126876,2020-02-26T19:02:48.000Z,transaction - mobile,prd1095,529 College Savings,College Savings,Personal,credit,mobile,3387.72,1
a29e02fa-942f-11ea-809f-b88a60e194fb,transactionid:721994,crmid:4428574280,2020-02-17T11:23:23.000Z,transaction - mobile,prd1077,Roth IRA,Retirement,Personal,credit,branch,3756.69,1
a29eff8c-942f-11ea-a869-b88a60e194fb,transactionid:835251,crmid:4412880859,2020-02-16T13:15:04.000Z,transaction - mobile,prd1076,Student Savings,Savings,Personal,credit,ATM,222313.81,1
a29ffed2-942f-11ea-96b3-b88a60e194fb,transactionid:434039,crmid:3347985977,2020-02-26T12:53:03.000Z,transaction - mobile,prd1080,Mortgage Insurance,Insurance,Personal,credit,call center,3394.95,1
a2a0e7b6-942f-11ea-997b-b88a60e194fb,transactionid:265188,crmid:9131667948,2020-02-18T18:19:54.000Z,transaction - mobile,prd1162,High Interest Savings,Savings,Personal,close,ATM,1150.0,1
a2a1e636-942f-11ea-b9d6-b88a60e194fb,transactionid:938919,crmid:2686040643,2020-02-17T05:13:12.000Z,transaction - mobile,prd1015,Auto Loan,Loan,Personal,credit,mobile,3008.77,1
a2a34562-942f-11ea-901f-b88a60e194fb,transactionid:429273,crmid:9356318877,2020-02-18T23:51:33.000Z,transaction - mobile,prd1016,Homeowner's Insurance,Insurance,Personal,credit,mobile,2683.08,1
a2a42fcc-942f-11ea-9387-b88a60e194fb,transactionid:108306,crmid:5902220147,2020-02-20T14:32:41.000Z,transaction - mobile,prd1069,Homeowner's Insurance,Insurance,Personal,credit,call center,2489.1,1
a2a51a14-942f-11ea-89c4-b88a60e194fb,transactionid:402701,crmid:7280250463,2020-02-25T13:29:08.000Z,transaction - mobile,prd1077,Roth IRA,Retirement,Personal,credit,broker,4837.42,1
a2a5f0e8-942f-11ea-ad31-b88a60e194fb,transactionid:123982,crmid:5827409822,2020-02-24T13:10:01.000Z,transaction - mobile,prd1053,Mortgage: VA,Mortgage,Personal,debt,mobile,4424.47,1
a2a7023e-942f-11ea-9fa1-b88a60e194fb,transactionid:956708,crmid:4449500690,2020-02-25T11:10:14.000Z,transaction - mobile,prd1084,Student Savings,Savings,Personal,credit,call center,1590.69,1
a2a80018-942f-11ea-9766-b88a60e194fb,transactionid:812424,crmid:1062531218,2020-02-22T11:01:14.000Z,transaction - mobile,prd1190,Premium Checking,Checking,Personal,credit,call center,3436.49,1
a2a8ea76-942f-11ea-9f32-b88a60e194fb,transactionid:546114,crmid:3388958000,2020-02-17T00:56:56.000Z,transaction - mobile,prd1008,Traditional IRA,Retirement,Personal,credit,call center,4339.93,1
a2a9e948-942f-11ea-9bb7-b88a60e194fb,transactionid:529405,crmid:6471065917,2020-02-26T08:33:26.000Z,transaction - mobile,prd1008,Traditional IRA,Retirement,Personal,credit,mobile,3407.44,1
a2aad430-942f-11ea-afe8-b88a60e194fb,transactionid:410519,crmid:6955088626,2020-02-26T07:55:19.000Z,transaction - mobile,prd1080,Mortgage Insurance,Insurance,Personal,credit,call center,2526.12,1
a2abe5ca-942f-11ea-9f8e-b88a60e194fb,transactionid:207870,crmid:5295894180,2020-02-16T08:22:52.000Z,transaction - mobile,prd1156,Student Card,Credit Card,Personal,debt,branch,3580.12,1
a2ad305a-942f-11ea-8668-b88a60e194fb,transactionid:233482,crmid:7442381611,2020-02-28T21:28:52.000Z,transaction - mobile,prd1092,Rewards Card,Credit Card,Personal,close,call center,2264.13,1
a2ae2f9e-942f-11ea-89b4-b88a60e194fb,transactionid:564674,crmid:4160715447,2020-02-21T08:11:06.000Z,transaction - mobile,prd1074,Premium Checking,Checking,Personal,credit,branch,3307.34,1
a2af064a-942f-11ea-859b-b88a60e194fb,transactionid:763579,crmid:6039468010,2020-02-25T12:35:18.000Z,transaction - mobile,prd1002,Platinum Card,Credit Card,Personal,credit,call center,1924.64,1
a2afef92-942f-11ea-9af8-b88a60e194fb,transactionid:481621,crmid:1620103763,2020-02-20T00:44:56.000Z,transaction - mobile,prd1005,Everyday Savings,Savings,Personal,credit,mobile,2485.66,1
a2b0ed48-942f-11ea-b952-b88a60e194fb,transactionid:927186,crmid:2244119465,2020-02-19T06:33:43.000Z,transaction - mobile,prd1167,Roth IRA,Retirement,Personal,credit,call center,3181.88,1
a2b1c5a2-942f-11ea-9aee-b88a60e194fb,transactionid:910212,crmid:7459399695,2020-02-27T21:12:09.000Z,transaction - mobile,prd1070,High Interest Savings,Savings,Personal,credit,ATM,2733.51,1
a2b2c378-942f-11ea-a0e5-b88a60e194fb,transactionid:276588,crmid:5167194218,2020-02-17T10:11:12.000Z,transaction - mobile,prd1094,Preferred Checking,Checking,Personal,credit,call center,1310.79,1
a2b3adfe-942f-11ea-b5b8-b88a60e194fb,transactionid:878307,crmid:3439898970,2020-02-15T02:13:00.000Z,transaction - mobile,prd1136,Student Savings,Savings,Personal,credit,call center,3043.94,1
a2b4bf52-942f-11ea-980c-b88a60e194fb,transactionid:154448,crmid:4946671365,2020-02-27T15:52:16.000Z,transaction - mobile,prd1147,Business Savings,Savings,Business,credit,broker,4108.12,1
a2b5d0c6-942f-11ea-8c0d-b88a60e194fb,transactionid:663459,crmid:1151120923,2020-02-19T22:58:30.000Z,transaction - mobile,prd1152,Health Savings,Savings,Personal,debt,call center,4678.74,1
a2b6a638-942f-11ea-9879-b88a60e194fb,transactionid:929140,crmid:5561999777,2020-02-24T15:15:28.000Z,transaction - mobile,prd1106,Business Loan,Loan,Business,credit,mobile,1416.9,1
a2b7cc86-942f-11ea-b1c5-b88a60e194fb,transactionid:288391,crmid:2466182654,2020-02-27T07:46:06.000Z,transaction - mobile,prd1016,Homeowner's Insurance,Insurance,Personal,credit,branch,2134.53,1
a2b8ca8a-942f-11ea-8ffd-b88a60e194fb,transactionid:727023,crmid:7263787532,2020-02-27T14:40:15.000Z,transaction - mobile,prd1132,Rewards Savings,Savings,Personal,credit,broker,2620.69,1
a2b9a164-942f-11ea-9959-b88a60e194fb,transactionid:949668,crmid:7434272579,2020-02-23T19:28:55.000Z,transaction - mobile,prd1114,CDs: 3 month,Investment,Personal,credit,call center,2743.59,1
a2ba9f2e-942f-11ea-9e1d-b88a60e194fb,transactionid:616262,crmid:6380960493,2020-02-25T03:20:45.000Z,transaction - mobile,prd1142,Rewards Savings,Savings,Personal,credit,call center,3659.68,1
a2bb9d0c-942f-11ea-b12e-b88a60e194fb,transactionid:184687,crmid:7458793773,2020-02-27T14:02:58.000Z,transaction - mobile,prd1066,Homeowner's Insurance,Insurance,Personal,close,mobile,4611.42,1
a2bcc0cc-942f-11ea-9173-b88a60e194fb,transactionid:747617,crmid:9849514365,2020-02-25T09:55:02.000Z,transaction - mobile,prd1127,Rewards Card,Credit Card,Personal,credit,broker,2723.5,1
a2bdbe9e-942f-11ea-97f0-b88a60e194fb,transactionid:851079,crmid:9302125099,2020-02-22T12:35:27.000Z,transaction - mobile,prd1099,High Interest Savings,Savings,Personal,credit,broker,3417.44,1
a2beaa54-942f-11ea-81b1-b88a60e194fb,transactionid:988839,crmid:6175099042,2020-02-20T08:18:44.000Z,transaction - mobile,prd1040,High Interest Savings,Savings,Personal,credit,call center,3188.42,1
a2bf94c8-942f-11ea-8a09-b88a60e194fb,transactionid:542476,crmid:3693007414,2020-02-20T14:24:17.000Z,transaction - mobile,prd1142,Rewards Savings,Savings,Personal,credit,mobile,3056.6,1
a2c07f10-942f-11ea-a013-b88a60e194fb,transactionid:859822,crmid:8145553141,2020-02-15T17:38:00.000Z,transaction - mobile,prd1017,Merchant Services Account,Merchant Services,Business,credit,mobile,4148.76,1
a2c217ca-942f-11ea-a4aa-b88a60e194fb,transactionid:816737,crmid:2677677625,2020-02-17T02:57:13.000Z,transaction - mobile,prd1146,529 College Savings,College Savings,Personal,credit,mobile,2458.75,1
a2c38af4-942f-11ea-a03a-b88a60e194fb,transactionid:708767,crmid:8743183662,2020-02-26T16:21:51.000Z,transaction - mobile,prd1070,High Interest Savings,Savings,Personal,credit,call center,3313.29,1
a2c4ea78-942f-11ea-988b-b88a60e194fb,transactionid:696971,crmid:2625605865,2020-02-15T20:09:02.000Z,transaction - mobile,prd1050,Travel Card,Credit Card,Personal,credit,call center,3125.95,1
a2c622e6-942f-11ea-b90d-b88a60e194fb,transactionid:890921,crmid:7805372996,2020-02-24T09:43:21.000Z,transaction - mobile,prd1130,Money Market Savings,Savings,Personal,close,broker,2668.19,1
a2c7486e-942f-11ea-aaa9-b88a60e194fb,transactionid:156267,crmid:8026012683,2020-02-25T19:22:54.000Z,transaction - mobile,prd1145,Everyday Checking,Checking,Personal,credit,call center,2305.65,1
a2c893e6-942f-11ea-a3c0-b88a60e194fb,transactionid:521174,crmid:4479312446,2020-02-24T16:01:06.000Z,transaction - mobile,prd1148,Mortgage: 10/1 ARM,Mortgage,Personal,credit,call center,2453.92,1
a2c9cc90-942f-11ea-bb5b-b88a60e194fb,transactionid:458251,crmid:4531651929,2020-02-28T03:13:58.000Z,transaction - mobile,prd1003,Premium Checking,Checking,Personal,credit,mobile,2115.82,1
a2cab6de-942f-11ea-b7ab-b88a60e194fb,transactionid:400053,crmid:3843907891,2020-02-18T02:44:56.000Z,transaction - mobile,prd1049,Business Brokerage Account,Investment,Business,credit,call center,3329.21,1
a2cbb4c0-942f-11ea-a284-b88a60e194fb,transactionid:701473,crmid:2117570377,2020-02-15T19:30:47.000Z,transaction - mobile,prd1004,Business Card,Credit Card,Business,credit,call center,3448.99,1
a2ccb2b4-942f-11ea-8252-b88a60e194fb,transactionid:381978,crmid:9971170487,2020-02-21T17:48:53.000Z,transaction - mobile,prd1171,Personal Loan,Loan,Personal,close,ATM,2968.59,1
a2cdfea2-942f-11ea-b4a9-b88a60e194fb,transactionid:141037,crmid:5143147706,2020-02-19T07:19:16.000Z,transaction - mobile,prd1187,Business Savings,Savings,Business,credit,call center,455666.93,1
a2cf73c2-942f-11ea-8e96-b88a60e194fb,transactionid:647801,crmid:7439108611,2020-02-26T17:56:34.000Z,transaction - mobile,prd1039,Dividend Card,Credit Card,Personal,debt,mobile,484424.22,1
a2d06fb6-942f-11ea-afb0-b88a60e194fb,transactionid:326272,crmid:7894667777,2020-02-19T11:36:44.000Z,transaction - mobile,prd1116,Everyday Checking,Checking,Personal,credit,broker,3802.15,1
a2d15a1a-942f-11ea-8fa8-b88a60e194fb,transactionid:102768,crmid:6303282808,2020-02-23T04:47:49.000Z,transaction - mobile,prd1068,Mortgage: 7/1 ARM,Mortgage,Personal,credit,call center,3422.41,1
a2d258e8-942f-11ea-9038-b88a60e194fb,transactionid:962822,crmid:5511682370,2020-02-24T10:58:46.000Z,transaction - mobile,prd1052,Preferred Checking,Checking,Personal,credit,ATM,2842.64,1
a2d36954-942f-11ea-ab20-b88a60e194fb,transactionid:607074,crmid:5814480644,2020-02-20T22:12:05.000Z,transaction - mobile,prd1084,Student Savings,Savings,Personal,credit,call center,3009.51,1
a2d48e6e-942f-11ea-b256-b88a60e194fb,transactionid:277954,crmid:3558109091,2020-02-19T01:15:54.000Z,transaction - mobile,prd1090,Business Checking,Checking,Business,credit,mobile,2755.22,1
a2d5c886-942f-11ea-8adb-b88a60e194fb,transactionid:765687,crmid:3315795444,2020-02-22T01:52:58.000Z,transaction - mobile,prd1158,Preferred Checking,Checking,Personal,credit,call center,5142.67,1
a2d6c53a-942f-11ea-8953-b88a60e194fb,transactionid:799883,crmid:5416808446,2020-02-24T05:51:44.000Z,transaction - mobile,prd1107,Auto Insurance,Insurance,Personal,credit,call center,3225.34,1
a2d7d640-942f-11ea-a236-b88a60e194fb,transactionid:279799,crmid:4502514507,2020-02-27T14:13:03.000Z,transaction - mobile,prd1019,Personal Loan,Loan,Personal,debt,broker,4928.23,1
a2d8d41c-942f-11ea-8d59-b88a60e194fb,transactionid:388642,crmid:6181573096,2020-02-15T06:00:08.000Z,transaction - mobile,prd1016,Homeowner's Insurance,Insurance,Personal,credit,call center,281478.38,1
a2d9d206-942f-11ea-9c21-b88a60e194fb,transactionid:295396,crmid:3559490472,2020-02-19T04:40:31.000Z,transaction - mobile,prd1134,Student Loan,Loan,Personal,close,broker,1624.54,1
a2db58b8-942f-11ea-9ca5-b88a60e194fb,transactionid:556878,crmid:2877477428,2020-02-19T22:05:28.000Z,transaction - mobile,prd1050,Travel Card,Credit Card,Personal,debt,call center,2003.85,1
a2dc6a30-942f-11ea-b153-b88a60e194fb,transactionid:161931,crmid:1965046852,2020-02-24T02:14:38.000Z,transaction - mobile,prd1152,Health Savings,Savings,Personal,close,branch,3185.51,1
a2dd548a-942f-11ea-aaf9-b88a60e194fb,transactionid:895814,crmid:4853227389,2020-02-24T19:43:57.000Z,transaction - mobile,prd1007,Health Savings,Savings,Personal,credit,call center,2402.62,1
a2de6606-942f-11ea-a5fc-b88a60e194fb,transactionid:981347,crmid:5034834480,2020-02-23T10:56:51.000Z,transaction - mobile,prd1043,Business Savings,Savings,Business,credit,mobile,2701.79,1
a2df505a-942f-11ea-a7e6-b88a60e194fb,transactionid:291346,crmid:4731387410,2020-02-23T07:18:56.000Z,transaction - mobile,prd1105,Homeowner's Insurance,Insurance,Personal,credit,call center,3964.44,1
a2e09c62-942f-11ea-9794-b88a60e194fb,transactionid:608523,crmid:4535755576,2020-02-19T14:04:41.000Z,transaction - mobile,prd1074,Premium Checking,Checking,Personal,credit,call center,3455.72,1
a2e19a4c-942f-11ea-a137-b88a60e194fb,transactionid:354381,crmid:9503826536,2020-02-26T09:37:37.000Z,transaction - mobile,prd1052,Preferred Checking,Checking,Personal,debt,branch,385458.22,1
a2e2ac30-942f-11ea-bddc-b88a60e194fb,transactionid:693323,crmid:4304932202,2020-02-19T11:42:08.000Z,transaction - mobile,prd1149,Auto Loan,Loan,Personal,credit,mobile,2813.04,1
a2e43236-942f-11ea-9a25-b88a60e194fb,transactionid:255729,crmid:7987597319,2020-02-20T19:18:20.000Z,transaction - mobile,prd1048,Business Loan,Loan,Business,credit,ATM,1657.78,1
a2e5302c-942f-11ea-b993-b88a60e194fb,transactionid:592386,crmid:4361908625,2020-02-29T19:46:03.000Z,transaction - mobile,prd1095,529 College Savings,College Savings,Personal,credit,branch,2585.76,1
a2e67c3e-942f-11ea-bf06-b88a60e194fb,transactionid:565343,crmid:5773350008,2020-02-18T04:55:04.000Z,transaction - mobile,prd1050,Travel Card,Credit Card,Personal,credit,ATM,3244.53,1
a2e7c83a-942f-11ea-9af7-b88a60e194fb,transactionid:244455,crmid:5023344094,2020-02-28T20:16:38.000Z,transaction - mobile,prd1009,Everyday Checking,Checking,Personal,credit,mobile,2282.12,1
a2e8c61a-942f-11ea-9276-b88a60e194fb,transactionid:812616,crmid:2679998790,2020-02-27T17:11:49.000Z,transaction - mobile,prd1027,Mortgage: 30-yr Fixed,Mortgage,Personal,credit,call center,2196.45,1
a2e9eb0a-942f-11ea-a1b7-b88a60e194fb,transactionid:345466,crmid:1505216396,2020-02-25T08:09:15.000Z,transaction - mobile,prd1104,Health Savings,Savings,Personal,credit,broker,438926.82,1
a2eb378a-942f-11ea-a01a-b88a60e194fb,transactionid:157938,crmid:5863892963,2020-02-21T06:10:50.000Z,transaction - mobile,prd1081,Simplicity Card,Credit Card,Personal,credit,call center,1903.12,1
a2ed32fa-942f-11ea-bce7-b88a60e194fb,transactionid:290410,crmid:6254198893,2020-02-26T06:41:00.000Z,transaction - mobile,prd1167,Roth IRA,Retirement,Personal,close,call center,3822.5,1
a2ef6962-942f-11ea-9994-b88a60e194fb,transactionid:289808,crmid:7402794597,2020-02-29T19:23:31.000Z,transaction - mobile,prd1010,529 College Savings,College Savings,Personal,credit,call center,3112.25,1
a2f1a10a-942f-11ea-b064-b88a60e194fb,transactionid:889444,crmid:7065805760,2020-02-21T21:45:50.000Z,transaction - mobile,prd1195,Student Card,Credit Card,Personal,credit,branch,4592.01,1
a2f44b52-942f-11ea-b6a2-b88a60e194fb,transactionid:234746,crmid:5329645458,2020-02-20T04:34:35.000Z,transaction - mobile,prd1116,Everyday Checking,Checking,Personal,credit,ATM,3430.26,1
a2f6475c-942f-11ea-8cb2-b88a60e194fb,transactionid:341482,crmid:9655723642,2020-02-20T12:42:09.000Z,transaction - mobile,prd1107,Auto Insurance,Insurance,Personal,credit,ATM,2933.68,1
a2f82f86-942f-11ea-814e-b88a60e194fb,transactionid:766408,crmid:3180080909,2020-02-29T12:13:55.000Z,transaction - mobile,prd1023,Health Savings,Savings,Personal,credit,call center,2544.14,1
a2fadb1e-942f-11ea-9e60-b88a60e194fb,transactionid:249436,crmid:8428224446,2020-02-15T04:44:01.000Z,transaction - mobile,prd1084,Student Savings,Savings,Personal,credit,broker,2184.27,1
a2fdc14c-942f-11ea-8066-b88a60e194fb,transactionid:211597,crmid:6100603482,2020-02-18T01:13:42.000Z,transaction - mobile,prd1082,Mortgage Insurance,Insurance,Personal,debt,ATM,3745.59,1
a3015728-942f-11ea-b220-b88a60e194fb,transactionid:841779,crmid:2136177356,2020-02-27T19:59:10.000Z,transaction - mobile,prd1139,Employee Stock Purchase Plans,Investment,Personal,credit,call center,3909.35,1
a3051428-942f-11ea-b390-b88a60e194fb,transactionid:269769,crmid:7139747464,2020-02-23T11:05:05.000Z,transaction - mobile,prd1178,Everyday Savings,Savings,Personal,credit,ATM,1926.75,1
a3061202-942f-11ea-85e4-b88a60e194fb,transactionid:141746,crmid:2237632558,2020-02-18T11:40:18.000Z,transaction - mobile,prd1116,Everyday Checking,Checking,Personal,credit,call center,2810.68,1
a3075e24-942f-11ea-a7c6-b88a60e194fb,transactionid:762567,crmid:9694762283,2020-02-22T02:37:45.000Z,transaction - mobile,prd1197,Business Card,Credit Card,Business,debt,mobile,3332.26,1
a30aa5fe-942f-11ea-bf18-b88a60e194fb,transactionid:960094,crmid:2565805320,2020-02-23T01:17:39.000Z,transaction - mobile,prd1104,Health Savings,Savings,Personal,credit,mobile,3763.91,1
a30c18fe-942f-11ea-82b2-b88a60e194fb,transactionid:485565,crmid:9662368669,2020-02-25T15:04:33.000Z,transaction - mobile,prd1180,529 College Savings,College Savings,Personal,credit,broker,537117.65,1
a3124714-942f-11ea-8d2b-b88a60e194fb,transactionid:161732,crmid:9907445992,2020-02-28T12:30:47.000Z,transaction - mobile,prd1039,Dividend Card,Credit Card,Personal,debt,ATM,3064.51,1
a313f4e4-942f-11ea-93e3-b88a60e194fb,transactionid:117037,crmid:6474151076,2020-02-18T02:03:57.000Z,transaction - mobile,prd1086,Auto Insurance,Insurance,Personal,credit,call center,3029.58,1
a315f094-942f-11ea-a8e5-b88a60e194fb,transactionid:154765,crmid:6705118143,2020-02-28T04:12:12.000Z,transaction - mobile,prd1065,High Interest Savings,Savings,Personal,credit,call center,3448.02,1
a31701fa-942f-11ea-ae50-b88a60e194fb,transactionid:967518,crmid:9353588626,2020-02-16T03:20:57.000Z,transaction - mobile,prd1032,Home Equity Loan,Mortgage,Personal,credit,broker,1885.4,1
a3184e08-942f-11ea-84ad-b88a60e194fb,transactionid:137624,crmid:4219139164,2020-02-27T18:54:01.000Z,transaction - mobile,prd1187,Business Savings,Savings,Business,credit,ATM,3517.83,1
a319868a-942f-11ea-bdae-b88a60e194fb,transactionid:833523,crmid:2054735192,2020-02-27T16:32:16.000Z,transaction - mobile,prd1140,Travel Card,Credit Card,Personal,credit,ATM,2105.05,1
a31a97fe-942f-11ea-8687-b88a60e194fb,transactionid:310366,crmid:7489418776,2020-02-23T08:09:54.000Z,transaction - mobile,prd1110,Traditional IRA,Retirement,Personal,credit,mobile,3100.15,1
a31b95e2-942f-11ea-bd33-b88a60e194fb,transactionid:525339,crmid:5830702684,2020-02-19T20:21:36.000Z,transaction - mobile,prd1005,Everyday Savings,Savings,Personal,debt,call center,3490.3,1
a31c93c2-942f-11ea-a4c2-b88a60e194fb,transactionid:806948,crmid:2609887327,2020-02-27T13:51:30.000Z,transaction - mobile,prd1070,High Interest Savings,Savings,Personal,credit,call center,3509.19,1
a31eb69a-942f-11ea-9f89-b88a60e194fb,transactionid:653572,crmid:4845136661,2020-02-16T10:15:43.000Z,transaction - mobile,prd1196,Dividend Card,Credit Card,Personal,credit,broker,3472.7,1
a31fa0fa-942f-11ea-96d1-b88a60e194fb,transactionid:855494,crmid:1567731024,2020-02-24T03:19:15.000Z,transaction - mobile,prd1006,Travel Card,Credit Card,Personal,credit,mobile,2164.34,1
a3208b5a-942f-11ea-ad1e-b88a60e194fb,transactionid:681930,crmid:1830615838,2020-02-19T09:21:56.000Z,transaction - mobile,prd1069,Homeowner's Insurance,Insurance,Personal,credit,mobile,2362.82,1
a3216234-942f-11ea-8b38-b88a60e194fb,transactionid:880327,crmid:2332746436,2020-02-22T04:05:45.000Z,transaction - mobile,prd1190,Premium Checking,Checking,Personal,credit,call center,3532.72,1
a3256d58-942f-11ea-8e08-b88a60e194fb,transactionid:549994,crmid:9094496675,2020-02-24T05:18:34.000Z,transaction - mobile,prd1160,Platinum Card,Credit Card,Personal,credit,mobile,558032.25,1
a32657c0-942f-11ea-972a-b88a60e194fb,transactionid:635620,crmid:6169326518,2020-02-24T04:44:28.000Z,transaction - mobile,prd1145,Everyday Checking,Checking,Personal,close,call center,3786.56,1
a327421e-942f-11ea-a3d2-b88a60e194fb,transactionid:960509,crmid:4374707493,2020-02-24T03:29:16.000Z,transaction - mobile,prd1127,Rewards Card,Credit Card,Personal,credit,call center,4646.72,1
a32818f8-942f-11ea-8b9a-b88a60e194fb,transactionid:935123,crmid:8976619329,2020-02-23T23:43:45.000Z,transaction - mobile,prd1074,Premium Checking,Checking,Personal,credit,mobile,2349.69,1
a3293dfa-942f-11ea-b19e-b88a60e194fb,transactionid:290285,crmid:6234638654,2020-02-24T03:22:45.000Z,transaction - mobile,prd1013,Mortgage: FHA,Mortgage,Personal,close,mobile,2146.28,1
a32a766e-942f-11ea-8dc9-b88a60e194fb,transactionid:361701,crmid:9289018059,2020-02-18T16:50:23.000Z,transaction - mobile,prd1194,Preferred Checking,Checking,Personal,credit,call center,406998.98,1
a32b4ea8-942f-11ea-b39c-b88a60e194fb,transactionid:202888,crmid:5515829594,2020-02-20T13:46:51.000Z,transaction - mobile,prd1063,High Interest Savings,Savings,Personal,credit,mobile,1554.65,1
a32c872c-942f-11ea-91a0-b88a60e194fb,transactionid:877234,crmid:6409527289,2020-02-25T03:25:55.000Z,transaction - mobile,prd1001,Personal Loan,Loan,Personal,credit,call center,3054.22,1
a32d5e48-942f-11ea-b53e-b88a60e194fb,transactionid:996289,crmid:2813509522,2020-02-23T12:52:35.000Z,transaction - mobile,prd1198,Critical Illness Insurance,Insurance,Personal,credit,call center,2594.59,1
a32e34fa-942f-11ea-b47c-b88a60e194fb,transactionid:937477,crmid:2318161244,2020-02-26T14:12:45.000Z,transaction - mobile,prd1192,Money Market Savings,Savings,Personal,credit,broker,2138.02,1
a32fcfbe-942f-11ea-a55c-b88a60e194fb,transactionid:119208,crmid:2758718195,2020-02-28T11:08:20.000Z,transaction - mobile,prd1130,Money Market Savings,Savings,Personal,debt,call center,2887.98,1
a33119ae-942f-11ea-ba5f-b88a60e194fb,transactionid:932992,crmid:9928393703,2020-02-26T12:03:54.000Z,transaction - mobile,prd1024,Mortgage: FHA,Mortgage,Personal,credit,call center,2421.86,1
a3327aa6-942f-11ea-90f3-b88a60e194fb,transactionid:892257,crmid:2202143782,2020-02-21T10:07:16.000Z,transaction - mobile,prd1019,Personal Loan,Loan,Personal,credit,mobile,2629.32,1
a3335182-942f-11ea-b498-b88a60e194fb,transactionid:215978,crmid:2915976849,2020-02-15T18:14:24.000Z,transaction - mobile,prd1185,Mortgage: FHA,Mortgage,Personal,credit,call center,2607.3,1
a3343be4-942f-11ea-b0ee-b88a60e194fb,transactionid:430908,crmid:9804055506,2020-02-15T09:01:29.000Z,transaction - mobile,prd1093,Money Market Savings,Savings,Personal,credit,mobile,2770.98,1
a3353a3a-942f-11ea-94f0-b88a60e194fb,transactionid:137245,crmid:5657616080,2020-02-20T08:13:10.000Z,transaction - mobile,prd1017,Merchant Services Account,Merchant Services,Business,credit,mobile,3558.97,1
a3369800-942f-11ea-994e-b88a60e194fb,transactionid:803253,crmid:6938504093,2020-02-20T11:12:38.000Z,transaction - mobile,prd1099,High Interest Savings,Savings,Personal,credit,ATM,2886.18,1
a33783a6-942f-11ea-9563-b88a60e194fb,transactionid:778053,crmid:3687275246,2020-02-23T04:46:49.000Z,transaction - mobile,prd1176,Overseas Equity Fund,Investment,Personal,credit,mobile,295874.07,1
a3386e08-942f-11ea-be77-b88a60e194fb,transactionid:296997,crmid:9947071752,2020-02-24T17:34:52.000Z,transaction - mobile,prd1010,529 College Savings,College Savings,Personal,credit,broker,4916.81,1
a339b938-942f-11ea-8f2f-b88a60e194fb,transactionid:647911,crmid:1476645650,2020-02-24T21:55:11.000Z,transaction - mobile,prd1111,Pension Account,Retirement,Personal,credit,broker,3337.43,1
a33b5438-942f-11ea-ae23-b88a60e194fb,transactionid:250046,crmid:4804582556,2020-02-16T01:50:40.000Z,transaction - mobile,prd1005,Everyday Savings,Savings,Personal,credit,call center,3565.95,1
a33c792c-942f-11ea-8a06-b88a60e194fb,transactionid:376417,crmid:1078575081,2020-02-29T12:03:18.000Z,transaction - mobile,prd1161,Business Checking,Checking,Business,credit,call center,2848.93,1
