crmid,email,first_name,last_name,gender,mobile telephone,city,country,zip,state,street address,birthday,historicalpoints
crmid:1594519084,clubs1836@yandex.com,Jason,Huffman,,023-109-5022,Granite City,United States,11277,Arizona,1334 Brunswick,1967-03-28,1511
crmid:9637473041,coward1818@gmail.com,Charlie,Leonard,,725-915-5691,Huntley,United States,76660,Connecticut,1105 Alvarado,1974-12-03,2630
crmid:2677793699,assimilate1898@yandex.com,Claud,Harrington,,838-035-8899,Fitchburg,United States,06317,Michigan,163 Wyman,1962-01-16,773
crmid:8518436628,angelate2059@yandex.com,Francis,Crawford,male,922-430-3962,Pittsfield,United States,02809,Kansas,432 Douglass,1930-12-07,479
crmid:9185006863,donga1885@yandex.com,Esteban,Lyons,,996-584-1326,Liberal,United States,55721,Washington,342 Delmar,1982-09-17,2149
crmid:4788668699,tiger2066@outlook.com,Duane,Delgado,,241-972-1088,McKeesport,United States,48477,South Carolina,472 Edgemont,1988-08-21,1227
crmid:3922757239,scillipicrin1961@live.com,Titus,Burris,male,359-067-4974,Bloomingdale,United States,69113,Minnesota,318 Stoneyford,1939-11-18,2358
crmid:7891512814,troutiest2046@gmail.com,Gordon,Wyatt,male,317-470-5397,Bellaire,United States,72923,Florida,680 Conwell,1937-11-08,2593
crmid:8541857032,claws1800@gmail.com,Maragaret,Mcleod,female,876-983-5747,Snellville,United States,75391,Alabama,1384 Spofford,1949-06-19,741
crmid:7330074785,barmecide2004@yahoo.com,Simonne,Kelley,female,257-643-8659,Santa Cruz,United States,14732,North Dakota,1247 Oak Grove,1953-08-16,2604
crmid:4766021230,countenancing1843@live.com,Ariel,Moses,,221-630-0360,Kerrville,United States,32904,Colorado,825 Gilman,1977-07-22,411
crmid:9911329558,setiparous2040@yandex.com,Neil,Craig,,602-500-3538,Revere,United States,61025,South Dakota,119 Alta Vista,1981-02-03,2898
crmid:4907580663,dispatching2011@outlook.com,Deshawn,Sanchez,male,964-309-0962,Carteret,United States,16489,Utah,897 Commer,1944-03-26,2055
crmid:4927637596,brimborion1991@gmail.com,Adrien,Sellers,female,700-816-6285,Cortland,United States,00306,South Dakota,985 Ceres,1951-01-26,1283
crmid:3634827950,chignon1948@outlook.com,Jackie,Hutchinson,,134-427-0250,Mauldin,United States,90545,Oklahoma,437 Lake Forest,1988-11-01,2810
crmid:8808762695,buckeye1873@yandex.com,Brett,Schwartz,female,625-533-4186,Staunton,United States,67872,Georgia,1140 J,1950-12-02,1993
crmid:7448270966,sarges2051@yandex.com,Stephan,Marshall,male,136-036-1531,Sioux Falls,United States,96586,Idaho,1339 Spring Valley,1937-09-18,2656
crmid:8673429965,billiards1866@outlook.com,Haywood,Calderon,male,507-768-5894,Burton,United States,92581,Oregon,110 Faith,1943-10-09,1397
crmid:4452293769,landshard2006@live.com,Daryl,Ochoa,female,438-403-0220,Daytona Beach,United States,14691,Illinois,74 Mercedes,1953-02-22,2749
crmid:8180494267,barite1892@live.com,Boyce,Hurst,,404-476-9456,Kingsville,United States,78746,New Hampshire,568 Northwood,1978-04-25,627
crmid:2878737508,unsurrealistic1868@live.com,Melvin,Keller,,396-984-9016,Riverton,United States,66439,New Mexico,274 Silverview,1996-10-22,540
crmid:7805887806,computer1826@yandex.com,Jeff,Hughes,,902-231-3575,Fremont,United States,12943,Massachusetts,190 Clifford,1964-04-12,2279
crmid:3622902026,bonobo2019@outlook.com,Deeanna,Mcgowan,female,745-075-2535,Coeur d'Alene,United States,59168,Nevada,940 De Haro,1949-10-19,528
crmid:8010942938,monikers1975@gmail.com,Ronnie,Golden,,725-072-1255,Indio,United States,20404,Michigan,487 Elmhurst,1974-05-23,2642
crmid:2023142747,comart2045@gmail.com,Steven,Hooper,,004-431-4419,Johns Creek,United States,14504,Arkansas,138 Lincoln,1975-03-24,2181
crmid:7265402137,looseness1841@yahoo.com,Allan,Rasmussen,male,785-421-5085,Rohnert Park,United States,07256,Alaska,1196 Holland,1940-01-24,2935
crmid:5106027048,unfeignedness1807@live.com,Tula,Boyd,female,066-236-8346,St. Matthews,United States,15470,Arkansas,1276 Welsh,1954-09-03,1030
crmid:2431204891,affenpinscher2010@yandex.com,Walker,Levy,,313-180-4892,Jeffersonville,United States,89904,Oregon,480 Trainor,1975-09-30,2622
crmid:1912058408,bardolph2023@gmail.com,Clemente,Nunez,male,269-486-4565,Woodstock,United States,16710,North Carolina,823 Moneta,1945-02-22,1742
crmid:8560172967,article1931@outlook.com,Martin,Holder,male,408-129-0181,Cambridge,United States,35624,California,284 Heritage,1943-07-14,1728
crmid:8464627028,culebra2025@yandex.com,Ethan,Odom,male,702-289-4632,Albuquerque,United States,12699,Alabama,355 Cerritos,1931-04-22,1725
crmid:3350799741,kenticism1937@live.com,Carl,Parrish,,481-255-3042,Roanoke Rapids,United States,38926,Ohio,982 Jennifer,1971-01-13,1506
crmid:3146810089,athenor1937@live.com,Wan,Mason,female,184-922-9017,Mundelein,United States,88657,New Hampshire,550 Giants,1994-04-28,1536
crmid:5917621780,outfame1816@yahoo.com,Rashad,Mueller,male,959-008-1845,Battle Ground,United States,47390,Texas,72 Armstrong,1936-08-21,2239
crmid:1818740402,dropped1800@live.com,Duncan,Vazquez,,340-044-2431,Forest Park,United States,25971,Nevada,2 Dakota,1962-04-22,1116
crmid:5516882575,weld1921@gmail.com,Jeremy,Black,,008-591-0473,North Miami Beach,United States,62752,Alaska,485 Bruce,1998-11-10,2940
crmid:2562424986,struthionine2070@gmail.com,Desmond,Ford,male,496-373-3901,Buena Park,United States,10495,North Dakota,1019 Verdi,1942-03-10,2428
crmid:2012143733,bastioned1839@live.com,Theo,Chan,,493-169-1904,Mokena,United States,96795,Montana,159 Rickard,1992-09-22,1644
crmid:3319378619,dresser1871@live.com,Bert,Mckinney,male,357-060-1778,Boulder,United States,65013,Oregon,59 Northwood,1940-11-02,891
crmid:4281586540,ringdoves1995@outlook.com,Terrance,Cotton,,280-442-1126,San Clemente,United States,66588,Tennessee,412 Venard,1969-10-16,1720
crmid:3072535172,atazir1974@yahoo.com,Zachariah,Kirby,,986-812-6613,Juneau,United States,84257,Florida,853 Melra,1976-08-28,2947
crmid:6959085858,caballero1884@outlook.com,Boyd,Osborn,,840-024-2348,Miramar,United States,74008,Pennsylvania,337 Battery Dynamite,1991-09-14,452
crmid:2725717766,depicting1811@gmail.com,Adam,Shepherd,,241-920-0925,Fort Collins,United States,29300,Alaska,417 Troy,1963-05-19,2938
crmid:9493226788,belar1826@gmail.com,Huey,Jensen,,650-818-7745,Hackensack,United States,76699,Kentucky,34 Santa Ana,1969-12-16,1140
crmid:9982954032,cites2060@yandex.com,Risa,Gordon,female,132-842-9671,Dana Point,United States,64675,Idaho,720 Temple,1952-11-26,332
crmid:6719967706,hymenium1950@live.com,Hugh,Cash,,770-740-8307,Midlothian,United States,01249,South Carolina,1008 Las Villas,1990-01-05,463
crmid:6364396540,benward1948@yandex.com,Criselda,Estes,female,698-042-2005,Virginia Beach,United States,51108,Vermont,1175 Poplar,1946-02-09,2993
crmid:7459363693,compunction1955@yahoo.com,Robert,Cox,,670-359-3849,Poughkeepsie,United States,97525,New Mexico,729 Galilee,1971-11-20,430
crmid:3082034108,unicapsular2002@yandex.com,Lacy,Terry,male,685-922-5354,Carrboro,United States,78759,North Carolina,1046 Taylor,1944-06-29,2397
crmid:8810925539,alligators1806@yahoo.com,Silva,Shepherd,female,610-066-5813,Woburn,United States,58889,Pennsylvania,1274 Ambrose Bierce,1997-03-29,1418
crmid:3594811639,adolphe1940@yandex.com,Donovan,Sheppard,,553-586-9543,Milwaukie,United States,15882,North Carolina,1026 Thornton,1991-03-06,328
crmid:7472115792,downtown1891@yandex.com,Sterling,Farmer,,545-521-3170,Greensboro,United States,06252,Idaho,1065 Maxwell,1968-02-21,1487
crmid:5029713520,engineers1813@outlook.com,Martin,Taylor,male,888-759-4879,Atascadero,United States,35608,Georgia,1081 Edgemont,1934-07-28,1766
crmid:8013224708,lemonweed1907@live.com,Kelly,Reilly,male,096-762-4788,Ardmore,United States,99874,Massachusetts,431 Verna,1933-06-24,395
crmid:1430972697,zappiest1855@outlook.com,Barrett,Castillo,,732-496-2134,Superior,United States,64891,Oklahoma,1186 Costa,1965-07-25,489
crmid:5558991568,cantaloupes1837@yahoo.com,Kristle,Vega,female,279-781-7161,Eastpointe,United States,89998,Maine,1360 Marlin,1957-05-29,758
crmid:8727731949,ornithoscopy1903@yahoo.com,Jonathan,Gray,,139-353-6267,Sylvania,United States,97850,South Carolina,719 Lucerne,1970-01-18,956
crmid:1163256254,centenary1838@yandex.com,Stefan,Haynes,,831-220-1842,Romulus,United States,44452,Oklahoma,435 Bush,1990-10-14,2380
crmid:5558181568,gunkholed1906@yandex.com,Vasiliki,Waters,female,934-483-2496,El Cerrito,United States,69967,Ohio,92 Mckinley,1958-11-29,624
crmid:2749307765,countermandable1820@outlook.com,Preston,Silva,,544-071-4865,McHenry,United States,50188,Ohio,629 Battery Crosby,1988-09-19,364
crmid:6684261610,chrysotherapy1986@yandex.com,Barney,Manning,,447-760-5709,Maple Heights,United States,20651,Mississippi,908 Saratoga,1986-04-20,875
crmid:5317487087,retying1943@outlook.com,Leandro,Norton,,265-048-5146,Longview,United States,98456,North Carolina,118 Kendall,1984-09-27,944
crmid:2899650950,palmar2064@live.com,Dusty,Hood,,790-310-1998,Grand Island,United States,12640,North Dakota,184 California,1967-03-11,2121
crmid:9148545292,buccan1974@live.com,Michael,Baldwin,male,589-867-6344,Boynton Beach,United States,44358,Arizona,243 Craut,1940-07-01,1592
crmid:3541530186,conserver1876@yandex.com,Jeramy,Gill,male,151-719-0745,Bellflower,United States,23011,North Carolina,219 La Bica,1937-05-11,1865
crmid:3320825702,darics1971@live.com,Phillip,Padilla,male,337-868-6818,Stephenville,United States,79622,North Dakota,320 Oscar,1944-08-22,882
crmid:9569647679,processal2063@yandex.com,Dyan,Parsons,female,170-131-7807,Costa Mesa,United States,17151,Wisconsin,1327 Arch,1951-03-23,1791
crmid:1354598729,drainage1890@gmail.com,Abe,Hunt,,185-395-6099,Vero Beach,United States,38184,Delaware,361 Loyola,1970-12-05,2596
crmid:6781674445,bleaching1841@yahoo.com,Duane,Alston,male,483-337-2479,Raytown,United States,07924,Alaska,20 Sheridan,1942-12-06,1316
crmid:2656165886,simplum1960@yahoo.com,Irwin,Curry,,430-741-2188,Morton Grove,United States,55917,Indiana,641 Langdon,1993-10-22,1703
crmid:4354175603,lageniform1884@live.com,Eric,Sexton,female,501-582-2459,Elmwood Park,United States,14136,West Virginia,1043 Fitch,1959-03-26,2374
crmid:2599095640,seduced1980@yandex.com,Doug,Robinson,,104-353-9362,Safety Harbor,United States,68989,Hawaii,1201 Holladay,1966-02-27,996
crmid:4856289907,coquelicot2057@outlook.com,Sebastian,Wall,,000-147-0992,New Philadelphia,United States,72155,South Carolina,1032 Union,1996-05-08,2431
crmid:5795133747,dielike1830@live.com,Kurt,Graham,,532-006-5817,Olathe,United States,62739,Minnesota,123 Santa Ana,1967-04-22,489
crmid:7229217727,unfatuitously1995@yandex.com,Elbert,Ray,,554-734-8565,Shoreview,United States,55759,Idaho,1185 Hemway,1998-10-16,1506
crmid:9724294126,sundering1805@outlook.com,Sang,Kline,female,075-380-1078,Tuscaloosa,United States,91456,Alabama,41 Battery Crosby,1954-11-15,482
crmid:5655149046,contradistinctive2012@live.com,Camie,Mcguire,female,591-011-3076,Peachtree City,United States,89580,Texas,474 Oak Hills,1999-09-19,1337
crmid:1203939419,cercle1844@yahoo.com,Walker,Valenzuela,,040-052-9924,Salinas,United States,87443,Oregon,1142 India,1994-08-12,2328
crmid:9523307143,carburant1935@gmail.com,Ray,Best,,022-156-8745,Gresham,United States,74108,Kentucky,12 Rose,1968-12-11,1851
crmid:5532985793,bitton1812@gmail.com,Herschel,Hancock,,869-287-0380,Oregon,United States,57063,Virginia,50 Warren,1993-12-23,1551
crmid:3915778525,agronomial2054@gmail.com,Billie,Willis,,965-127-4537,Romulus,United States,21092,Utah,1268 Santa Rita,1965-01-05,1301
crmid:8194279103,doina2013@live.com,Samella,Maynard,female,527-468-4020,Weston,United States,81956,Texas,163 Powers,1947-08-18,2573
crmid:1607393998,allgood1805@gmail.com,Woodrow,Riggs,,422-551-2784,Saginaw,United States,70570,Alabama,865 Graymalkin,1972-01-05,1725
crmid:3511533297,cadmium1931@gmail.com,Morgan,Harding,,482-456-7138,Kennesaw,United States,74336,Oklahoma,136 Perasto,1977-09-14,698
crmid:1242512441,shaping1930@yahoo.com,Anton,Walls,,573-052-0397,Marana,United States,17893,Kentucky,737 James,1986-03-12,1216
crmid:6306464010,dodie1829@yahoo.com,Nickole,Floyd,female,596-556-3324,Edgewater,United States,33505,New York,1035 Kamille,1958-07-10,2044
crmid:3868673698,blending1940@yandex.com,Joshua,Ware,,522-456-4276,Lackawanna,United States,11312,North Dakota,227 Jade,1979-03-21,2268
crmid:5639714683,appointment1948@yahoo.com,Calvin,Cote,,182-357-0341,Mineola,United States,28039,Illinois,229 Eutaw,1991-05-06,1096
crmid:1927220222,euphori1897@live.com,Basil,Ratliff,,040-710-2019,Menomonee Falls,United States,80297,Vermont,398 Silverview,1989-01-08,2992
crmid:1248197389,amphibological1939@gmail.com,Connie,Payne,,327-639-1497,Pearland,United States,73166,Nebraska,587 Josiah,1987-05-14,1652
crmid:1967334083,monopodes2009@yahoo.com,Dan,Sykes,,303-586-7768,Fresno,United States,67988,South Dakota,600 Lomita,1964-11-05,744
crmid:7093342253,charlotte2037@live.com,Alfonso,Simon,male,140-651-0269,Arlington Heights,United States,78843,Wyoming,1354 Pinto,1933-12-01,1801
crmid:5083699792,immigrating1824@gmail.com,Mathew,Leach,,377-586-3083,Whittier,United States,68208,North Carolina,1112 Burns,1988-05-26,2739
crmid:1604699067,psychodynamic2001@yahoo.com,Darwin,Davis,male,188-463-7688,Auburn Hills,United States,12318,New Mexico,119 Spear,1934-03-08,841
crmid:7248545807,bondon1892@gmail.com,Glenn,Johnson,,932-838-9630,Lehi,United States,91021,Idaho,1014 Mary Teresa,1982-09-06,878
crmid:8769995850,backspace2020@yahoo.com,Marc,Butler,,041-068-2961,Klamath Falls,United States,52317,Virginia,517 Marview,1978-10-17,2187
crmid:8940826772,periodontology1848@gmail.com,Edmundo,Munoz,,231-057-7256,Golden Valley,United States,48169,Pennsylvania,193 Winn,1966-08-20,2687
crmid:6338125312,barbi1827@yahoo.com,Demetrius,Shepard,male,779-582-7533,Neenah,United States,08350,Illinois,1128 Breen,1995-02-05,2032
crmid:5182374230,corie1937@yahoo.com,Yuko,Boone,female,573-337-9321,Crest Hill,United States,53257,Maryland,639 Mandalay,1951-09-03,467
crmid:2565124552,broody2031@yandex.com,Norris,Walsh,,129-070-1133,Janesville,United States,52499,Hawaii,941 Sabin,1975-10-18,745
crmid:1120650273,transform2007@outlook.com,Wally,Foreman,male,337-141-5816,Carbondale,United States,62919,Minnesota,690 Deems,1944-11-19,2662
crmid:9659230493,charlene1836@yandex.com,Jason,Mcknight,male,690-347-2209,Brockton,United States,95506,New Hampshire,450 Andover,1941-05-19,2533
crmid:7785632832,dight2005@yandex.com,Mario,Snyder,,408-975-8650,Pharr,United States,79317,Missouri,821 Farragut,1971-12-05,775
crmid:9573035371,descended2057@live.com,Brice,William,male,085-675-3492,Blue Springs,United States,99952,Utah,251 Tenny,1939-02-15,1057
crmid:6468219544,axoplasms1892@outlook.com,Noah,Berg,,492-133-9070,Killeen,United States,67724,Ohio,372 Cohen,1977-10-25,2375
crmid:5430621773,stereology1984@live.com,Damon,Blankenship,male,392-950-3890,Pleasant Hill,United States,51333,Pennsylvania,702 Hemdale,1997-01-04,318
crmid:6217214906,lobations2008@live.com,Doria,Murray,female,071-005-1620,Muscatine,United States,21784,Arkansas,393 Sonora,1994-04-18,756
crmid:7864669405,embryon1809@outlook.com,Renaldo,Chaney,,529-220-8433,Westminster,United States,42281,Alaska,1040 Flint,1992-11-07,1807
crmid:6480144144,gunslinger1870@gmail.com,Lonny,Lawson,,017-671-9740,Sioux Falls,United States,55389,Virginia,1049 Myrtle,1997-07-07,709
crmid:2330721870,cololite1851@yandex.com,Monet,Lawson,female,210-843-3040,East Moline,United States,31970,Minnesota,13 Crestmont,1957-07-17,985
crmid:7918776309,stagonospora1828@outlook.com,Cherlyn,Hooper,female,023-482-3322,San Pablo,United States,14501,South Dakota,725 Godeus,1946-02-14,688
crmid:1838778441,agronomial2069@yahoo.com,Jamel,Sawyer,male,039-022-3173,Barstow,United States,68290,Montana,196 Ogden,1936-10-10,2192
crmid:2723538181,arpita2070@yahoo.com,Suk,Hendricks,female,070-504-7855,Fairfield,United States,74295,Colorado,81 Avalon,1961-12-22,653
crmid:1492537574,bulgaria1962@outlook.com,Blair,Hahn,,573-407-5282,Findlay,United States,79643,Arkansas,1342 Lyon,1962-06-23,1404
crmid:4351020322,holloo1985@outlook.com,Maria,Hanson,male,440-406-8558,Mountain Brook,United States,59366,Vermont,174 Willie B Kennedy,1994-10-31,408
crmid:6404579129,dreyfus1977@gmail.com,Royal,Sargent,,485-314-6912,Sun Prairie,United States,86440,Vermont,486 Middlefield,1978-10-02,730
crmid:5077436361,moors2011@gmail.com,Erik,Terry,male,283-299-5080,Muskogee,United States,57185,Maryland,1233 Great,1994-09-19,2364
crmid:8018018940,tabloids1978@gmail.com,Vance,Reid,,053-599-9886,Winter Park,United States,26250,California,668 Miles,1965-03-20,872
crmid:8754580007,chigetais1954@live.com,Tyrell,Pacheco,,206-784-5757,Prior Lake,United States,63454,Maryland,521 San Leandro,1978-03-16,2885
crmid:8509446578,efficience1937@yandex.com,Dewey,Atkins,male,562-968-5450,Rutland,United States,10223,Alaska,230 Leidesdorff,1943-03-01,2718
crmid:6961480013,chegre1832@yandex.com,Hung,Baxter,,929-572-9337,New Albany,United States,76180,Florida,132 Silverview,1995-12-10,2409
crmid:8764722879,alegre1809@yandex.com,Olen,Haney,male,399-387-8136,Albany,United States,63703,Massachusetts,284 Dorado,1930-11-14,1580
crmid:8229904706,bellhop1838@yandex.com,Charley,Stanley,,871-262-4980,Pelham,United States,72983,California,1174 Enterprise,1978-05-19,2422
crmid:7218960073,toelike2050@live.com,Marquis,Morales,male,708-700-5978,Bellflower,United States,34663,Illinois,158 Fitzgerald,1937-07-20,2565
crmid:4166172599,damaris1834@yahoo.com,Rochell,Riggs,female,942-881-8260,Peachtree City,United States,27258,Nebraska,5 Goleta,1959-07-25,606
crmid:3873158683,bromid2002@yahoo.com,Marvin,Cherry,male,255-719-2958,Bell,United States,32325,Ohio,584 Webb,1937-07-06,1971
crmid:8175075565,appleton1842@yahoo.com,Boyd,Landry,male,965-045-7125,Augusta,United States,02096,Pennsylvania,35 Moss,1935-01-17,375
crmid:3774002714,swankiness1821@yandex.com,Leigh,Wise,,895-189-4804,Longview,United States,69131,Arizona,529 Lori,1984-11-26,956
crmid:5622543817,armado1941@outlook.com,Rodger,Fields,,564-653-2675,Jonesboro,United States,17372,Arizona,821 Junipero Serra,1976-03-19,1925
crmid:4877154214,ahead1805@yahoo.com,Homer,Gross,,995-233-8003,Northbrook,United States,94426,Maine,733 Amador,1999-08-14,2657
crmid:8871730791,earlier2046@outlook.com,Tyron,Lambert,,338-518-0745,Maplewood,United States,96075,Vermont,263 Valencia,1986-10-20,2062
crmid:3343888389,asbestosis1884@live.com,Sandy,Flowers,,575-142-6825,Missoula,United States,94626,Pennsylvania,569 El Plazuela,1992-08-10,947
crmid:7184308866,jungles1944@gmail.com,Frances,Franco,,894-004-0328,Soledad,United States,78439,Maryland,1148 Child,1973-08-17,2256
crmid:1792047381,fettuccine1802@outlook.com,Nestor,Willis,male,987-272-9586,Altus,United States,66460,Michigan,498 Granville,1932-11-24,2118
crmid:7402882641,groten2063@outlook.com,Hsiu,Rhodes,female,283-711-3800,Northport,United States,86155,New York,710 Jones,1999-09-22,2949
crmid:9547698093,bewitching1987@live.com,Dallas,Cash,male,837-535-7953,Ashtabula,United States,61558,Minnesota,1099 Rosemary,1934-10-04,2105
crmid:8951978036,piranha2070@yahoo.com,Eliana,Bailey,female,903-136-8961,Englewood,United States,61731,West Virginia,29 Belles,1959-11-23,2021
crmid:8584888414,dotted1989@yandex.com,Jewell,Sykes,male,502-225-3671,Bossier City,United States,89135,Arizona,459 Simonds,1940-05-28,1729
crmid:7011628798,belissa1803@outlook.com,Barrett,Evans,,893-640-5285,Soledad,United States,42125,Alabama,642 Garcia,1991-05-07,883
crmid:2332512953,toxicologist2020@yahoo.com,Brady,Stephenson,,201-547-5200,Lakewood,United States,02087,Mississippi,884 Jansen,1980-02-08,830
crmid:2708151839,snop1893@yahoo.com,Bryant,Hanson,male,031-065-8806,Brook Park,United States,03975,Hawaii,916 Old Harford,1941-02-13,1302
crmid:4669244907,promisable1999@live.com,Wilton,David,male,291-591-0417,Sunrise,United States,98588,Delaware,336 Orsi,1995-02-19,1631
crmid:7288287549,bombings2025@yahoo.com,Max,Simmons,,923-341-7181,Sherwood,United States,20978,Kentucky,903 Paloma,1964-02-02,930
crmid:4502483334,jaborin1845@live.com,Allan,Conway,male,658-946-3264,Wyoming,United States,50915,New Jersey,258 Thomas More,1994-02-01,1657
crmid:8844829344,bookworm1957@outlook.com,Vaughn,Maddox,,069-428-5058,Salisbury,United States,43250,Maryland,115 Ceres,1993-06-06,2733
crmid:2808714875,trickiness1800@live.com,Horacio,Hahn,,438-964-8832,Richfield,United States,30938,Arkansas,997 Acorn,1977-01-18,2506
crmid:8863111751,euktolite1826@gmail.com,Claretha,Vazquez,female,769-186-2902,Toledo,United States,80876,Michigan,977 Edna,1948-02-29,1611
crmid:2845020871,longsomely1912@outlook.com,Sparkle,Elliott,female,361-966-1549,Enterprise,United States,82582,Mississippi,1273 Selma,1960-08-09,471
crmid:1615651584,subglobularly1879@outlook.com,Dave,Strong,male,565-050-1964,Bellingham,United States,91959,Rhode Island,1285 Shannon,1937-11-05,542
crmid:1888693085,algal1936@yahoo.com,Francisco,Gallegos,male,224-689-6601,Attleboro,United States,22988,Indiana,944 Healy,1934-04-11,1741
crmid:8357804505,aluta1935@live.com,Lyndon,Swanson,,720-899-0096,Hutchinson,United States,61339,Vermont,99 La Avanzada,1974-11-13,1627
crmid:1924757918,zimbi2048@yandex.com,Bud,Mccoy,,626-193-8694,Panama City,United States,31451,South Carolina,440 Sonora,1968-11-05,2650
crmid:8227328646,acolapissa1999@live.com,Maire,Marquez,female,119-760-7054,Deer Park,United States,34873,Connecticut,238 Commer,1953-06-18,2474
crmid:1180485781,clone1883@outlook.com,Grisel,Rodriguez,female,107-744-2047,Pearl,United States,58816,Montana,813 Eighth,1960-04-25,581
crmid:5913290508,ineradicability1949@outlook.com,Jasper,Simon,male,247-058-8324,Alamogordo,United States,26224,Wisconsin,1042 Chestnut,1930-05-27,2015
crmid:7918482717,bookworm1802@outlook.com,Timmy,Daniel,,201-603-3974,Moore,United States,15560,Kentucky,169 Kingston,1992-03-18,1613
crmid:7591522907,clevie1884@gmail.com,Willard,Joyce,male,155-184-9153,Aberdeen,United States,84411,Ohio,1051 Bank,1930-10-16,467
crmid:6684131612,hadrons1837@live.com,Elbert,Wood,,781-049-1878,Tuscaloosa,United States,53198,North Carolina,287 Burnett,1986-07-15,2215
crmid:8707420172,aggressive1837@yahoo.com,Harlan,Moody,male,656-567-4915,Riviera Beach,United States,58262,Arizona,1170 Farallones,1942-04-20,2919
crmid:9997379052,latipennate1858@outlook.com,Santos,Ramirez,,084-465-0345,Sand Springs,United States,48155,Delaware,121 Belles,1991-08-29,2766
crmid:1248533145,aiwan1990@outlook.com,Sergio,Hall,male,870-840-4138,Altoona,United States,63526,Illinois,1018 Carmel,1932-11-17,2177
crmid:7858365691,succoring1808@live.com,Christopher,Ware,male,648-346-9456,Tinton Falls,United States,67603,Wisconsin,606 Anzavista,1943-10-22,418
crmid:3488333191,clone1884@outlook.com,Bryant,Roberts,,469-556-3910,Holladay,United States,16674,Hawaii,1397 Raycliff,1972-03-27,1250
crmid:9411527089,temporooccipital1840@yahoo.com,Renato,Terrell,male,640-479-6610,South Milwaukee,United States,84306,Nebraska,55 Arco,1932-08-28,2033
crmid:2622992505,crackback1806@outlook.com,Randall,Preston,,223-603-6348,Mobile,United States,46711,Mississippi,1089 Humboldt,1992-08-01,716
crmid:9583179679,tooroo1935@yandex.com,Mao,Serrano,female,686-371-2516,Downey,United States,57822,Utah,31 Mansfield,1955-10-24,2305
crmid:7241719543,unworshipful1896@outlook.com,Avery,Bullock,,103-891-9784,Lewiston,United States,12096,Minnesota,43 Franconia,1982-03-17,1096
crmid:4015595995,neurin2007@outlook.com,Benito,Goodman,,120-646-0760,Northport,United States,82608,Utah,831 Charter Oak,1999-08-09,2433
crmid:5343943108,mink1903@live.com,Jody,Nunez,,440-091-4006,Mason City,United States,26697,Delaware,845 Rockridge,1987-05-14,1168
crmid:9131902980,internal1889@gmail.com,Luther,Fitzgerald,,882-347-5775,Warrensburg,United States,86392,Tennessee,360 Bigler,1977-11-01,1204
crmid:5336074881,selachian1902@outlook.com,Wiley,Bowers,male,126-160-2597,Prescott Valley,United States,09059,Delaware,464 Healy,1938-10-03,2669
crmid:8608921713,favela1871@gmail.com,Clarence,Frost,,192-998-5599,Lake Havasu City,United States,18539,South Dakota,1399 Decatur,1980-03-18,1944
crmid:3002533017,myelopathy1844@yahoo.com,Simonne,Miranda,female,076-892-6975,Donna,United States,76500,Wisconsin,1288 Newcomb,1955-12-16,1412
crmid:9925133484,arachnida1811@yahoo.com,Buford,Bennett,male,242-008-8422,Vernon Hills,United States,70328,Alaska,605 Jordan,1938-02-02,576
crmid:9962128046,centered1990@yandex.com,Reyes,Barker,,496-809-7538,Maple Valley,United States,05574,Kansas,764 Priest,1986-02-21,2599
crmid:2006661967,cigua1909@live.com,Jean,Bolton,male,675-173-1645,Bixby,United States,24526,Wyoming,1104 Cleary,1939-05-03,1491
crmid:5953090184,corydon2011@live.com,Wilfred,Nunez,male,403-903-2987,Upper Arlington,United States,06444,Alaska,646 Bellevue,1942-10-22,1536
crmid:7680400032,schlock1855@yandex.com,Bo,Harrell,male,903-559-7752,Brigham City,United States,01476,Massachusetts,1393 Ccsf Parking Lot,1941-01-13,2213
crmid:5295869363,diptera1976@yandex.com,Omer,Long,,416-417-7208,Taunton,United States,37856,Virginia,555 Merlin,1972-02-24,1767
crmid:4033906205,devenustate1955@gmail.com,Graham,Phelps,male,939-157-5766,Amarillo,United States,97378,Maryland,263 Mendell,1932-04-23,2277
crmid:8057564134,chavender2037@yandex.com,Seth,Cobb,,165-963-8093,Menomonee Falls,United States,42134,Delaware,1105 Howth,1989-08-01,590
crmid:1585638287,cotte1969@outlook.com,Zandra,Solomon,female,535-451-3432,West Allis,United States,95569,Michigan,711 Mirabel,1946-09-27,2852
crmid:3328189400,spectators1819@yandex.com,Derrick,Curry,,878-179-7339,Huntley,United States,45119,Arizona,299 Escondido,1974-08-21,2809
crmid:3493044687,uniserial1803@live.com,Brant,Key,male,988-464-8677,Rancho Mirage,United States,90049,Oregon,1144 Crestmont,1937-12-02,500
crmid:2513327818,motophone1851@outlook.com,Winston,Haney,male,077-471-0198,Round Lake Beach,United States,76550,Arkansas,988 Short,1937-10-12,2475
crmid:7338025111,repours1816@live.com,Irwin,Vang,,438-994-7686,Idaho Falls,United States,43927,Arizona,955 Brooklyn,1974-08-25,2737
crmid:9671050911,trichogrammatidae1818@outlook.com,Cole,Simmons,,457-417-9334,Hazel Park,United States,96821,Pennsylvania,1205 Bannan,1970-03-21,1748
crmid:2973613130,stickups1816@yandex.com,Edwin,Frazier,,252-961-6950,Rutherford,United States,53951,Utah,212 Fourth,1971-08-30,825
crmid:2251286451,experimentalist2003@gmail.com,Betsey,Gibson,female,818-426-1784,Wayne,United States,23113,Rhode Island,153 Colonial,1956-01-11,2203
crmid:8055695602,sidetracked1870@yahoo.com,Rubin,Fry,,120-362-2136,Holladay,United States,82343,Vermont,1380 De Haro,1972-10-10,2982
crmid:7313028460,cavatina1904@gmail.com,Bryce,Dejesus,,912-631-6241,Montgomery,United States,75500,Texas,1367 Garnett,1992-12-06,1782
crmid:6884499602,cobol1985@gmail.com,Moises,Velez,,722-202-2658,Shelton,United States,49940,Mississippi,953 Carrie,1990-05-30,2931
crmid:4350649287,sexillion1919@yandex.com,Dillon,Mills,male,569-513-0815,Barberton,United States,11256,New Mexico,1268 Elk,1936-03-20,2229
crmid:1691443928,upshove1924@yahoo.com,Miguel,Wagner,,165-879-7881,Lynn,United States,57088,Montana,297 Music Concourse,1985-09-15,771
crmid:1546931291,brahminic1837@outlook.com,Moshe,Sykes,male,505-906-1771,Pascagoula,United States,70898,Utah,631 Burgoyne,1933-07-28,511
crmid:9573822684,cornice2003@outlook.com,Edmundo,Simmons,,334-475-2000,Lake in the Hills,United States,01163,Montana,274 Mahan,1980-02-20,961
crmid:2380755157,camden1903@gmail.com,Shane,Morris,male,400-136-7164,Oakdale,United States,05617,Missouri,34 Piedmont,1940-12-17,1317
crmid:2237201953,centrarchidae2020@gmail.com,Les,Espinoza,,689-531-1245,Knoxville,United States,62318,Ohio,168 Redondo,1978-11-01,1509
crmid:2558396380,quokka2029@live.com,Cletus,Knowles,,854-559-1857,Moore,United States,98226,New York,803 Nottingham,1992-09-09,861
crmid:9400899154,drugless1850@outlook.com,Adalberto,Gill,,979-152-2808,Harrisburg,United States,85216,Michigan,204 Bacon,1970-09-09,2559
