crmid,email,first_name,last_name,gender,mobile telephone,city,country,zip,state,street address,birthday,historicalpoints
crmid:7921441899,thorax1877@outlook.com,Vito,Schroeder,,516-678-6592,Manitowoc,United States,11861,Colorado,222 Warner,1986-03-18,2104
crmid:3710258951,sandpiper2040@yahoo.com,Leandro,Dixon,male,848-130-3739,Cedar City,United States,33484,Iowa,650 Dr Carlton B Goodlett,1945-06-08,326
crmid:5234576088,cuirassed2053@yandex.com,Raul,Alvarado,,241-455-2046,San Fernando,United States,54202,Wisconsin,1371 Gilroy,1976-07-19,2826
crmid:1811433234,manerial1847@outlook.com,Jackie,Blevins,male,181-964-5152,Addison,United States,25018,Delaware,119 Warner,1930-05-03,2185
crmid:5409570454,prolongating1824@gmail.com,Geoffrey,Skinner,,143-164-5486,Sierra Vista,United States,82208,Alabama,98 Bennington,1964-11-08,1824
crmid:3403007652,bowers2027@yandex.com,Clark,Watts,,059-511-3265,Frankfort,United States,11890,Idaho,910 Ramsel,1963-03-31,2947
crmid:7159191969,nonprotractile2033@gmail.com,Larae,Salas,female,254-916-3866,Eagan,United States,28080,Ohio,712 Pretor,1956-05-26,542
crmid:5391004661,discording1882@outlook.com,German,Acosta,,947-377-7447,Lake Worth,United States,97286,Alabama,822 Warren,1980-10-23,637
crmid:7881474872,annum1887@live.com,Jefferson,Spence,male,235-986-9316,Camarillo,United States,67248,Hawaii,510 Marlin,1943-11-26,1541
crmid:4403497309,abusers1979@yahoo.com,Brady,Rose,male,220-105-9365,West Chester,United States,00683,Illinois,428 De Wolf,1936-11-02,1753
crmid:6088837982,therapy2000@gmail.com,Dane,Strong,male,303-529-9237,Aurora,United States,99755,Maine,339 Morse,1935-02-28,2670
crmid:6092314297,deciduate1974@yandex.com,Cicely,Mitchell,female,946-827-6883,Diamond Bar,United States,08341,Maine,415 Hale,1955-02-20,2822
crmid:4937089548,boyar1987@yandex.com,Jaquelyn,Hoover,female,168-090-2360,Shreveport,United States,17408,Florida,1248 San Leandro,1946-12-08,2122
crmid:7115330963,trichogrammatidae2058@yandex.com,Lakendra,Glover,female,500-792-4562,Oak Creek,United States,82152,Utah,796 Burnside,1958-05-11,2517
crmid:8389342129,goalkeeping2019@outlook.com,Mose,Wilkinson,,900-224-8387,Key West,United States,56645,Nevada,185 Bay View,1977-09-09,2389
crmid:7507681539,deckie2006@live.com,Stevie,Henry,,870-462-2533,Palm Beach Gardens,United States,59676,Wisconsin,819 Upton,1972-10-09,858
crmid:5027620824,botanical2006@yandex.com,Vertie,Barnett,female,142-608-1632,Ridgewood,United States,99109,Illinois,948 Pelican Cove,1946-09-02,859
crmid:1237413109,criticism2012@outlook.com,Doug,Olson,male,483-866-4010,Avon,United States,18987,Hawaii,1096 Madrid,1935-03-22,339
crmid:3386187648,plainswomen1959@live.com,Christian,Spencer,,295-762-4288,McAllen,United States,92043,Kansas,49 Yorba,1988-03-10,2121
crmid:8771316812,soaplees1819@outlook.com,Floretta,Sparks,female,038-372-4638,Chillicothe,United States,98916,Virginia,1299 Battery,1947-11-29,789
crmid:4598563087,hare1806@yahoo.com,Darren,Alford,male,289-727-3735,Thomasville,United States,87182,Alabama,472 Flora,1997-12-01,1101
crmid:7076078949,onomatopy1863@gmail.com,Marc,Hooper,,415-455-2156,Grand Rapids,United States,42301,Nebraska,215 Dublin,1967-08-24,486
crmid:3997795325,lacrosse1860@live.com,August,Francis,,683-569-9840,Madison Heights,United States,73626,Iowa,701 Petrarch,1985-11-12,2746
crmid:6390942114,banda2015@outlook.com,Zetta,Mccray,female,432-967-4902,Downey,United States,57746,Michigan,569 De Forest,1955-09-19,2553
crmid:6394865003,boobies1915@outlook.com,Leopoldo,Grant,,628-334-2855,Miamisburg,United States,19379,Minnesota,905 Guttenberg,1990-03-11,368
crmid:2723442017,herbivore1951@outlook.com,Edmundo,Steele,male,377-814-7743,Appleton,United States,15237,Wisconsin,847 Conservatory,1933-03-28,331
crmid:3908477709,phthalein1850@outlook.com,Gavin,Martinez,,197-707-4935,Hoffman Estates,United States,60165,Maine,1200 China Basin,1972-10-31,2917
crmid:2436859636,necking1970@outlook.com,Jewell,Melton,,434-712-6953,Reading,United States,41399,Rhode Island,681 West View,1986-07-04,2434
crmid:3068486814,shelver2005@outlook.com,Zachary,Lawrence,,058-209-8410,Toledo,United States,33057,Indiana,1101 Paul,1980-09-13,1398
crmid:4821669672,auspicious1811@yandex.com,Abel,Holland,male,297-844-9504,Berwyn,United States,04900,Illinois,929 Wabash,1938-01-14,1822
crmid:2680780355,duckers2024@yahoo.com,Hunter,Preston,male,259-261-5212,Castle Rock,United States,72342,Oregon,1239 Georgia,1945-12-21,2251
crmid:8488337518,piperazine1935@gmail.com,Cody,Cain,male,206-918-8933,St. Louis,United States,75761,California,200 James,1930-10-31,475
crmid:2603558156,pennia1834@yandex.com,Junior,Blair,,169-853-6065,Waynesboro,United States,26652,Massachusetts,333 Burke,1966-11-22,757
crmid:4459342175,impulsively2003@live.com,Sherilyn,Summers,female,602-665-5240,Utica,United States,51987,Arkansas,37 Transbay Loop,1949-11-15,1621
crmid:6172663081,arias1929@gmail.com,Angel,Abbott,male,686-264-8066,Riverside,United States,86035,Minnesota,1335 Digby,1940-11-01,1031
crmid:1572077514,snowmobile1884@gmail.com,Donnell,Salazar,male,093-678-6162,Auburn Hills,United States,10610,Vermont,1388 Mason,1934-03-26,2927
crmid:6523381369,thrillingness1927@live.com,Josh,Parks,,921-077-2191,Solon,United States,54562,Massachusetts,889 Science,1981-09-18,944
crmid:6588644336,stowdown1820@yahoo.com,Miquel,Hicks,male,768-241-2864,Ruston,United States,67943,South Dakota,82 Via Bufano,1944-07-14,733
crmid:9306882313,psychodispositional2037@outlook.com,Isiah,Workman,,307-322-6396,Foster City,United States,67086,Vermont,1027 John Muir,1963-12-29,2666
crmid:5245498548,failsafe2017@yandex.com,Tommie,Love,,540-645-6005,Newark,United States,72655,Kansas,872 Gateview 3,1997-12-09,704
crmid:1567396258,divergence1958@yandex.com,Marline,Franco,female,741-602-3704,Citrus Heights,United States,92123,Nevada,114 Fortuna,1947-06-10,2942
crmid:9974575769,elianora1951@live.com,Boyce,Maddox,male,739-453-5092,Alhambra,United States,04897,Missouri,963 Apollo,1931-01-18,2958
crmid:8582076672,augurs1945@outlook.com,Stacy,Gilliam,male,171-861-7240,Spanish Fork,United States,06354,Alabama,947 Don Chee,1938-11-17,2351
crmid:9303607654,cichlid1926@outlook.com,Raisa,Johns,female,975-286-0865,Pleasanton,United States,72455,Arkansas,1164 Hardie,1960-11-14,2483
crmid:1978548882,bulgaria2028@gmail.com,Danille,Wynn,female,778-476-8518,Dayton,United States,10787,New York,123 Rolph,1953-02-02,2696
crmid:1353720489,chlorophane2002@outlook.com,Clark,Mcclain,,379-527-6029,Lino Lakes,United States,82053,Montana,863 Von Schmidt,1983-07-07,809
crmid:4308931659,astrophil1923@gmail.com,Gordon,Vasquez,,501-348-4151,Kankakee,United States,77314,Virginia,169 Havelock,1976-12-23,2887
crmid:9013388610,pauses2046@gmail.com,Loreen,Sharpe,female,260-770-1583,West Jordan,United States,95825,West Virginia,10 Lundeen,1994-11-07,2627
crmid:2649584547,chander1868@gmail.com,Casey,Stephenson,,705-649-6971,Waukesha,United States,82381,Connecticut,276 Stanford,1966-05-25,2534
crmid:4981355501,mavie1920@gmail.com,Dewey,Terry,male,470-880-0255,Tukwila,United States,08906,Texas,481 Wilde,1934-03-29,1091
crmid:1922521158,narsinga2011@yahoo.com,Arden,Austin,,236-817-8794,Melrose Park,United States,45099,Nebraska,516 Innes,1989-07-10,720
crmid:7473556904,spermophile1843@yahoo.com,Kallie,Larson,female,274-151-1567,Springfield,United States,72349,Indiana,865 Bartol,1948-04-17,523
crmid:9073982246,bitumen1968@yandex.com,Elane,Parsons,female,131-348-2243,Corsicana,United States,86763,Delaware,237 Oliver,1951-03-23,2455
crmid:3464727373,ermey2031@live.com,Perry,Sanford,,816-656-2500,Huntington,United States,86274,New Hampshire,79 Ellington,1973-03-22,835
crmid:1233560042,hagmane1815@gmail.com,Beula,Nelson,female,709-297-9798,Cumberland,United States,09221,North Dakota,907 Hillway,1952-01-21,928
crmid:5152777694,cordaites1918@yandex.com,Gary,Bennett,,052-830-2192,Lincoln Park,United States,53470,Kansas,473 Flora,1983-09-12,1311
crmid:1782080183,scumbag1951@outlook.com,Bo,Robbins,,921-156-8250,Gardena,United States,61009,North Carolina,605 Harvard,1965-10-20,719
crmid:8925247018,basnet1847@live.com,Hung,Barker,male,582-620-6420,Atwater,United States,90685,South Dakota,496 Lansing,1934-05-02,2732
crmid:1467282988,woesome1898@yandex.com,Arlen,Fischer,,067-562-0836,Grand Rapids,United States,31244,South Carolina,1071 Kramer,1967-06-13,2946
crmid:4017963042,dreader2055@live.com,Barney,Sanders,,557-733-5595,Santee,United States,30763,Arizona,322 Santa Rita,1981-02-25,2535
crmid:4626306629,training1919@yandex.com,Isaac,Nelson,male,967-682-6066,Arvada,United States,66698,Pennsylvania,394 Harris,1934-10-30,1690
crmid:4346219267,tiffany1902@live.com,Lucio,Howell,,182-716-4989,Palm Springs,United States,75036,South Carolina,412 Vicksburg,1966-09-12,2771
crmid:9593594130,ingots1922@live.com,Ricardo,Nolan,,580-732-8116,Pittsburgh,United States,73404,Texas,69 Stark,1977-09-14,1045
crmid:1464318801,woodcock1913@yandex.com,Bryce,Mitchell,,819-943-7298,Palm Beach Gardens,United States,23880,South Carolina,428 Ezekiel,1963-11-11,1843
crmid:8699080762,binturong2033@yandex.com,Wilford,Sweeney,male,083-566-9476,Berea,United States,59146,Michigan,1272 Walkway,1938-10-28,1303
crmid:4539253782,unmanageably1971@live.com,Hayden,Clarke,male,229-008-8713,Paterson,United States,11577,Wyoming,1073 Gardener,1944-05-06,605
crmid:5268797915,crozier1976@gmail.com,Loyd,Schneider,male,003-989-6957,Biddeford,United States,73037,Tennessee,728 Belgrave,1939-06-26,1428
crmid:1763873210,wallet2009@yahoo.com,Milton,Ewing,male,241-252-7840,Santa Cruz,United States,87219,Nebraska,187 Guttenberg,1936-07-09,2674
crmid:1972297836,pentasulphide1801@gmail.com,Burt,Pearson,,204-528-7022,Kalamazoo,United States,90606,Utah,151 Burns,1976-09-01,2119
crmid:5959709083,escalader1888@outlook.com,Branden,Zimmerman,male,389-090-7154,Annapolis,United States,05653,Mississippi,169 Nellie,1933-01-17,2289
crmid:9923519345,gothish1836@yandex.com,Marcellus,Franks,,230-700-2270,Granite City,United States,76573,Rhode Island,620 Octavia,1967-12-22,2329
crmid:8571006958,semilate1967@live.com,Mikki,Merritt,female,276-306-5577,Evansville,United States,34327,Texas,762 Walnut,1960-06-20,1278
crmid:5490441693,ballistae2065@live.com,Michel,Wise,female,156-561-6490,Tullahoma,United States,19881,Colorado,440 Valparaiso,1946-06-14,564
crmid:4894486506,labiduridae2005@yahoo.com,Garrett,Brock,,397-889-2653,Hallandale Beach,United States,35156,California,62 View,1969-06-02,2195
crmid:7852019457,balcony1825@gmail.com,Steve,Hays,,356-973-4277,Mission,United States,83507,North Carolina,484 Octavia,1991-04-12,2132
crmid:2653658091,batster2056@gmail.com,Theo,Gentry,male,499-075-3820,North Ogden,United States,50379,New Jersey,171 Medau,1998-10-29,2973
crmid:9172491464,treacly1833@yahoo.com,Maris,Sexton,female,949-720-0427,Downey,United States,83271,Wisconsin,868 Spring,1955-10-12,2127
crmid:7841007341,heptarch2051@yahoo.com,Jeremiah,Rutledge,male,170-834-7750,State College,United States,02241,Wisconsin,1274 Brumiss,1937-05-26,745
crmid:1664668198,publicness1862@live.com,Dave,Vang,male,449-949-6691,Waukesha,United States,08372,Virginia,1360 Pennsylvania,1941-03-29,1066
crmid:4612884588,angelo2014@outlook.com,Lyndon,Lee,,322-256-8502,Highland,United States,55823,Pennsylvania,917 Presidio,1971-09-17,2537
crmid:1282323877,fuligulinae1976@gmail.com,Deandrea,Washington,female,012-905-8445,College Park,United States,10764,Ohio,568 Dixie,1949-02-02,2557
crmid:3557388597,chorai1804@gmail.com,Ike,Powell,male,113-612-2060,Banning,United States,20011,Missouri,1340 Berkeley,1936-05-24,649
crmid:8812996371,scandalisation2063@yahoo.com,Houston,Barker,,115-897-3260,Sebastian,United States,79361,New Hampshire,535 Letterman,1975-11-18,2144
crmid:2167822775,relentless2000@yandex.com,Yen,Jones,female,559-581-9837,Tiffin,United States,25430,Oregon,258 Ccsf Parking Lot,1958-10-18,2868
crmid:2281756025,catalysis1885@yahoo.com,Malik,Munoz,,692-977-1770,Marietta,United States,43321,Nevada,411 Carmelita,1987-08-24,756
crmid:5647819462,discus1905@gmail.com,Zane,Colon,,586-603-2538,Roanoke,United States,37590,Pennsylvania,92 Fernandez,1979-12-24,1889
crmid:2930732529,sleekier1800@yandex.com,Chas,Clarke,,523-181-0704,Fresno,United States,68809,Kansas,2 Massachusetts,1964-11-05,1157
crmid:4522561323,burgle1895@yandex.com,Apolonia,Dale,female,766-558-7709,El Centro,United States,80217,South Dakota,1306 Vega,1958-01-07,2847
crmid:5888007529,erroll1973@yandex.com,Gerardo,Walker,,100-521-0901,Modesto,United States,40919,Arkansas,618 Dearborn,1992-08-16,1360
crmid:3712358798,arcanal1945@gmail.com,Max,White,,504-620-6240,Lakeland,United States,05436,Florida,565 Kiska,1980-01-23,2026
crmid:1124020258,cogitate2045@yandex.com,Anika,Britt,female,181-179-4553,Corpus Christi,United States,71413,Mississippi,270 Eighth,1951-01-04,1136
crmid:1428343309,coater1826@outlook.com,Earnest,Mcdaniel,male,536-930-0507,Ridgeland,United States,07957,Oklahoma,1375 Winfield,1930-12-06,1935
crmid:7806512464,undescendent2062@live.com,Antonia,Ramos,male,077-936-5094,New Philadelphia,United States,07919,Utah,1365 Agnon,1996-02-01,1222
crmid:6589713630,unfinable2045@yandex.com,Hayden,Fox,male,557-989-8401,Salina,United States,02158,Nebraska,1030 Peralta,1933-05-10,457
crmid:8486203815,bourlet1883@gmail.com,Edmundo,Newton,male,768-980-6881,Big Spring,United States,91017,South Dakota,234 Crossover,1939-12-06,2607
crmid:4250900028,couplet1871@outlook.com,Homer,Graves,male,451-027-6570,Butte-Silver Bow,United States,72308,South Carolina,286 Whiting,1943-12-09,921
crmid:5832019492,benthos1930@live.com,Cody,Jenkins,,510-315-5697,Midlothian,United States,49684,Pennsylvania,1392 Hunters Point,1990-08-14,2903
crmid:2104493881,mechanic2026@gmail.com,Laure,Keith,female,610-361-6295,Pearland,United States,89273,Maine,281 Allison,1951-05-16,1448
crmid:7644806359,indignity1824@yandex.com,Tyron,Talley,,678-494-5399,Norwood,United States,84960,Oklahoma,1133 Daggett,1983-12-31,1241
crmid:3773327134,regauges2034@yandex.com,Oscar,Mclaughlin,,579-689-5371,Spokane,United States,45961,New Hampshire,739 Georgia,1982-09-25,1532
crmid:4889049433,withery1812@outlook.com,Vance,England,,721-997-4614,Santa Maria,United States,84785,Kentucky,380 Westbrook,1982-04-26,2468
crmid:1046851173,costumes1960@outlook.com,Brendon,Sweet,,253-753-0058,Schertz,United States,45620,Pennsylvania,644 Taraval,1986-10-14,1637
crmid:9249585316,theropod1912@yahoo.com,Hans,Osborn,,858-593-7727,Urbandale,United States,58688,Pennsylvania,503 Waterloo,1987-10-31,344
crmid:8816726699,portment1822@outlook.com,Carlos,Tate,,874-824-6600,Manassas,United States,35808,Washington,91 West Pacific,1986-06-07,1912
crmid:8638655315,dorser1875@yahoo.com,Chong,Ramirez,,147-440-3383,Fountain Valley,United States,04755,Colorado,561 Phoenix,1963-02-04,1472
crmid:4508456273,baetuli1859@gmail.com,Ricky,Jones,male,615-817-4341,Alamogordo,United States,64016,Georgia,617 Summit,1930-10-27,1634
crmid:4934675395,albatross1879@gmail.com,Ollie,Reyes,male,471-438-6381,Burnsville,United States,87505,Tennessee,850 Francisco,1943-07-24,1080
crmid:4805661655,estherian2066@gmail.com,Zachery,Gardner,,118-557-2491,Marquette,United States,98159,Wisconsin,1306 Bartlett,1987-11-27,1271
crmid:2669038007,donica1800@outlook.com,Hildegarde,Orr,female,913-104-8076,Crystal,United States,18009,Georgia,1277 Middle Point,1952-04-22,710
crmid:3515964813,arctalian2015@yandex.com,Danyelle,Bean,female,350-866-0545,Wheaton,United States,85107,Montana,475 Prospect,1949-02-02,328
crmid:9826398312,adapa2063@live.com,Lonny,Malone,,440-512-1000,Los Angeles,United States,11859,Missouri,1056 Ecker,1984-03-10,2283
crmid:9504613727,crassula1958@yahoo.com,Merlene,Diaz,female,203-272-5773,South El Monte,United States,56937,Ohio,975 Long,1959-11-23,985
crmid:1135341783,drooping1944@yahoo.com,Marya,Larsen,female,914-847-6110,North Las Vegas,United States,25529,Hawaii,875 Saint Marys,1998-04-12,794
crmid:5087463015,pyoses1913@live.com,Lynn,Mcfarland,male,413-538-6564,Cedar City,United States,34127,Connecticut,1121 Massachusetts,1945-07-19,2482
crmid:9248285442,eland1836@gmail.com,Ashley,Ashley,,049-253-1794,Kyle,United States,38560,Iowa,744 Brumiss,1978-06-23,2420
crmid:6618207343,carlet1961@yandex.com,Alyse,Fleming,female,890-887-4583,Murray,United States,12053,Connecticut,86 Sunview,1994-04-01,2821
crmid:2522976195,brimborion2031@gmail.com,Jame,Salinas,female,799-291-8095,Erlanger,United States,20479,California,9 Hickory,1960-04-26,2297
crmid:2715417806,carinal1821@yandex.com,Kendall,Gillespie,,653-070-7141,Laurel,United States,50310,Wisconsin,1094 Cochrane,1981-09-08,2508
crmid:3153329261,expressio2066@outlook.com,Dario,Fitzgerald,,981-785-3780,Melbourne,United States,50595,Kansas,1162 Trader Vic,1989-09-26,1068
crmid:7490028577,ammar1974@yandex.com,Bert,Miranda,,545-436-5216,Westland,United States,89982,Indiana,104 Harlow,1999-09-26,622
crmid:4909280610,avenger1986@yandex.com,Amos,Moore,male,847-098-3961,Anoka,United States,96259,Washington,1003 Tara,1933-01-20,1539
crmid:2493315223,bunchberry2000@yahoo.com,Miquel,Warner,,802-165-1246,West New York,United States,35342,Montana,21 East Crystal Cove,1969-11-17,2970
crmid:8209682275,atune2060@yahoo.com,Samuel,Stafford,female,921-530-5812,Saratoga Springs,United States,28576,North Carolina,1322 Rolph,1956-08-28,985
crmid:4159286704,downless1906@gmail.com,Eusebio,Vang,,802-762-2108,Roseville,United States,45498,Montana,126 Genoa,1987-02-19,2148
crmid:3852222230,rachidial2063@gmail.com,Willie,Garcia,,910-225-7167,Leominster,United States,25506,North Carolina,319 Gates,1982-05-31,2107
crmid:8963260914,blowing2034@gmail.com,Alfonso,Quinn,male,147-208-7602,Alameda,United States,77741,Nevada,585 Jack Balestreri,1930-12-01,691
crmid:3222219922,ayatollah1953@yandex.com,Melodee,Chan,female,354-427-2676,Denver,United States,37492,South Dakota,1144 Moraga,1954-06-06,757
crmid:2180738444,rafflesia2065@outlook.com,Lauren,Daniel,,179-594-4809,Lincoln,United States,89629,North Dakota,344 Vista Verde,1982-02-04,2495
crmid:7939903017,polyandrism2015@gmail.com,Willetta,Tran,female,254-100-5632,Fairbanks,United States,55704,Iowa,1318 Surrey,1961-10-26,2712
crmid:3666691171,disorderer1874@gmail.com,Arlie,Holder,,627-953-7886,Keene,United States,71380,Vermont,1 Colonial,1976-12-27,2040
crmid:4374604238,bedrooms1853@yahoo.com,Esteban,Carey,,494-588-4242,Novi,United States,76779,Illinois,708 Del Monte,1980-12-22,770
crmid:1249328271,artifactual2005@gmail.com,Blake,Roberson,female,992-195-8303,East Palo Alto,United States,80049,Michigan,594 Hubbell,1957-11-02,733
crmid:9260292056,craze1835@outlook.com,Scotty,Lowe,,243-186-5011,Raymore,United States,34598,California,734 Issleib,1976-07-15,2491
crmid:8079941585,cambre1869@yahoo.com,Alethea,Hardin,female,126-057-2569,Pelham,United States,23565,Colorado,86 Old Mason,1955-01-13,668
crmid:1837570207,simplum1986@outlook.com,Bradford,Britt,male,355-409-3618,Centerville,United States,71877,Wyoming,988 Myra,1945-01-04,2683
crmid:5597611463,chitter2002@yahoo.com,Antonio,Holder,,383-825-8765,Royal Oak,United States,45203,Ohio,316 Pagoda,1984-11-19,2762
crmid:4751262799,cashbox1863@gmail.com,Hans,Juarez,,139-965-1281,South St. Paul,United States,53170,Kansas,7 Seneca,1997-12-13,2721
crmid:1872269188,stylar1840@live.com,Stuart,Smith,,446-919-1768,Palisades Park,United States,40565,Nevada,1109 Camp,1991-01-26,2337
crmid:9289232392,bluegums1963@gmail.com,Garry,Collins,male,685-568-7010,Amarillo,United States,26036,Montana,127 Woodward,1932-04-06,1978
crmid:5493272160,azine2030@gmail.com,Salvatore,Robbins,,588-028-7193,Fridley,United States,02772,Idaho,593 Williams,1964-01-07,607
crmid:9748498936,chignon2011@live.com,Macy,Mccray,female,535-420-9414,Everett,United States,33494,Oklahoma,707 Park Presidio,1960-06-19,1817
crmid:4972347575,wingding2058@outlook.com,Aaron,George,,856-569-1065,Schaumburg,United States,38070,Oregon,805 Sutro Heights,1971-09-29,2695
crmid:7028060851,alveolate2027@live.com,Josh,Jimenez,,901-345-1238,Great Falls,United States,12634,South Dakota,118 Rolph,1968-03-10,1378
crmid:2687999624,downbeat1820@yandex.com,Antone,Aguirre,male,171-248-6089,Buckeye,United States,01901,West Virginia,376 Persia,1942-01-01,680
crmid:7957145955,too1880@yahoo.com,Alfredo,Stokes,male,677-068-0356,Normal,United States,90263,Mississippi,754 Bannock,1998-02-01,634
crmid:2911612885,supratrochlear1995@live.com,Graham,Galloway,,697-315-2564,Rockville,United States,30034,Missouri,767 Gough,1974-10-02,1798
crmid:1881328881,bedrooms1864@gmail.com,Mauricio,Mcmahon,male,359-569-4398,Ansonia,United States,31683,Pennsylvania,1167 Alert,1933-07-19,653
crmid:2174728065,cites1846@yahoo.com,Boyce,Wiggins,male,756-652-0196,Augusta,United States,69755,New Hampshire,1168 Colusa,1935-11-02,2970
crmid:2989272344,albus2025@yandex.com,Ardelle,Moody,female,438-453-7720,Parkland,United States,69863,New Hampshire,852 Sunbeam,1958-01-20,1210
crmid:2933926988,jayhawker1886@outlook.com,Gwyneth,Pennington,female,616-262-6694,Colonial Heights,United States,66561,Utah,1274 Fanning,1949-11-07,1142
crmid:4781939652,dahoon2003@yahoo.com,Manuel,Williams,,483-777-6127,Waco,United States,26553,Massachusetts,1318 Germania,1964-05-21,1165
crmid:2698412351,mongrel1954@outlook.com,Kizzy,Wade,female,274-662-2737,Enterprise,United States,66953,Kentucky,486 Fisher,1960-11-23,2369
crmid:2786229406,cocaine2060@yandex.com,Damion,Davidson,,973-017-7941,Jonesboro,United States,84720,Washington,1276 Telegraph,1976-03-13,1954
crmid:9136311757,cavum1999@gmail.com,Marcus,Hammond,male,517-112-6558,Avon,United States,37773,Connecticut,90 Del Sur,1935-07-12,516
crmid:8393998499,emperors2009@live.com,Claud,Tran,,182-814-1331,McKeesport,United States,18849,California,730 Coral,1988-02-07,1385
crmid:1002263713,sorts2058@outlook.com,Irvin,Weaver,male,888-924-9447,Tullahoma,United States,80959,Texas,1143 Swiss,1930-05-30,1555
crmid:8251490396,snobby1807@outlook.com,Jerrell,Hess,male,622-070-4769,Aberdeen,United States,25062,Louisiana,149 Gould,1930-05-14,754
crmid:8039304432,winnard2030@yandex.com,Orval,Wilder,,678-859-9950,Winona,United States,22791,New Hampshire,552 Augusta,1965-08-07,1879
crmid:8224002310,splays1833@live.com,Toney,Cote,,597-834-6534,Iowa City,United States,65588,New Hampshire,1148 Bright,1974-11-16,1250
crmid:8127064929,warve1981@outlook.com,Erasmo,Mcgee,,607-570-5565,Logansport,United States,25169,Minnesota,1250 Missouri,1983-04-01,1039
crmid:8624198540,victories1992@live.com,Joaquin,Joseph,,844-577-8141,Hutchinson,United States,92744,Missouri,1174 Gabilan,1974-11-09,1235
crmid:1022680069,proteides1897@live.com,Mason,Guy,male,583-481-3899,Warren,United States,95345,Washington,390 Wilson,1945-07-12,2524
crmid:8161608296,basset1840@gmail.com,Corey,Bernard,,978-384-1388,Willoughby,United States,62970,Maine,1201 California,1983-05-02,1270
crmid:9910664133,minae2042@gmail.com,Carlo,Franklin,male,242-605-6864,Beverly,United States,70011,Kentucky,523 Patton,1939-12-21,1878
crmid:7987127392,overshadow1866@outlook.com,Shalon,Howe,female,294-345-9733,Dubuque,United States,46912,Michigan,1317 San Anselmo,1956-08-15,758
crmid:7630140298,agronomial1995@gmail.com,Toby,Joyner,,004-102-5280,Lansing,United States,97640,Utah,166 Oakhurst,1980-08-25,2088
crmid:2796302570,unreportedly1894@live.com,Quintin,Mcclure,,262-080-8699,Paso Robles,United States,36034,Missouri,377 The Embarcadero,1975-09-22,1716
crmid:1741545773,sanatorium1988@yahoo.com,Les,Munoz,,572-233-1276,Kenmore,United States,09333,Connecticut,460 Vista Verde,1977-02-09,484
crmid:6288881416,plainswomen1978@live.com,Jan,Boyd,male,813-804-6812,Blue Springs,United States,70438,Connecticut,231 Maryland,1939-12-10,2400
crmid:7299079105,castling2052@yandex.com,Kenneth,Morrow,,616-626-4120,West Chicago,United States,90932,South Dakota,1397 Stag Trail,1971-02-13,2763
crmid:7196966814,callorhynchus1993@outlook.com,Lauren,Montoya,,782-377-4045,Greenwood,United States,77362,Minnesota,774 Laidley,1968-12-24,2845
crmid:4950301215,arcane1860@outlook.com,Kathyrn,Frye,female,568-994-2983,Euclid,United States,25145,Nevada,934 Hardie,1960-05-10,582
crmid:7207385698,aloof1936@outlook.com,Phil,Phelps,,691-423-4884,Hermosa Beach,United States,30454,Oklahoma,1111 Jamestown,1971-07-18,1805
crmid:7238858222,excavating1815@yandex.com,Zandra,Knowles,female,438-055-9833,Ellensburg,United States,59204,Massachusetts,322 Ridge,1959-09-16,1426
crmid:5386426065,agitprop1920@yandex.com,Chris,Reese,male,654-432-3652,Bradenton,United States,02772,Michigan,843 Rockaway,1941-02-24,2075
crmid:9051026994,beaucoup2031@outlook.com,Jen,Booker,female,124-706-3316,Orland Park,United States,91068,Idaho,554 Tocoloma,1950-04-03,2438
crmid:5359492932,habanera1856@live.com,Stefany,Norman,female,994-939-2350,East Chicago,United States,44999,Wisconsin,353 Diamond Cove,1957-08-22,2264
crmid:2932450360,deipnophobia1951@yahoo.com,Marielle,Wiggins,female,118-896-1028,Wooster,United States,29421,Illinois,1245 North Hughes,1960-06-10,891
crmid:4107286119,birthmark1851@yahoo.com,Rubin,Sanford,,992-778-9075,Madison,United States,82670,Connecticut,1368 Claremont,1985-11-08,853
crmid:3894081188,disenclose1869@yahoo.com,Emmaline,Kennedy,female,722-733-9378,Darien,United States,12172,Kansas,666 Alvarado,1953-03-16,1942
crmid:9615690565,armando1893@yahoo.com,Asa,Wong,male,706-462-8866,Balch Springs,United States,70830,Oklahoma,244 Farnum,1935-01-31,954
crmid:2973203061,dahoon1825@gmail.com,Silas,Lang,,950-324-7395,Jonesboro,United States,84950,Arkansas,985 Willard,1976-10-16,1340
crmid:2964811447,polybrid2019@outlook.com,Dustin,Burgess,male,050-251-2663,Americus,United States,16440,Oklahoma,1206 Amador,1932-03-04,1958
crmid:2356281662,episcopalian1919@yahoo.com,Stacy,May,,055-381-7436,Jeffersonville,United States,68185,Georgia,942 Harney,1975-11-18,421
crmid:1763669337,approachable1986@yahoo.com,Janae,Dillon,female,240-697-1361,Pompano Beach,United States,92232,Colorado,101 Steuben,1951-04-08,650
crmid:9202074628,reddeer1936@yandex.com,Elton,Weaver,male,716-282-9548,Albert Lea,United States,11236,Vermont,177 Lawton,1931-03-30,2599
crmid:7300717875,dobras1903@yahoo.com,Gary,Hendrix,female,825-398-9767,DeSoto,United States,18052,Utah,966 Truby,1953-03-13,2822
crmid:6017554645,grunting1947@outlook.com,Jenice,Ward,female,174-884-5195,Coon Rapids,United States,25217,New Mexico,435 Julius,1950-04-30,1121
crmid:2600669406,blaze2021@yandex.com,Freeman,Howe,,966-181-3389,Fort Collins,United States,10822,Wyoming,147 Restani,1963-03-31,1610
crmid:5025546684,transact2060@gmail.com,Leon,Santiago,,561-556-5435,Melrose Park,United States,17893,Alaska,345 Telegraph,1989-03-04,2922
crmid:1446140177,sawbucks1812@outlook.com,Kasey,Carver,,011-608-1172,Ormond Beach,United States,40816,Alaska,5 Cotter,1982-02-09,315
crmid:3620250487,anathemas1974@yandex.com,Vincenzo,Stanley,,956-884-1442,Odessa,United States,65378,Wyoming,190 Darrell,1981-10-30,1421
crmid:9734435376,husk1926@yandex.com,Drusilla,Figueroa,female,737-296-8080,Portage,United States,12288,Utah,1017 Long Bridge,1951-03-09,1791
crmid:1405572395,alexas1817@live.com,Garrett,Freeman,male,095-774-9428,Carlsbad,United States,23134,Washington,998 Rome,1944-04-10,1805
crmid:1746202466,phthalein1874@outlook.com,Lincoln,Carey,,748-367-1676,Yucaipa,United States,22793,South Carolina,1220 Langton,1962-06-09,2741
crmid:5477404860,sulphitic1869@yahoo.com,Shela,Maldonado,female,027-083-5293,Chico,United States,88846,Montana,1307 Dartmouth,1947-10-15,2036
crmid:1352877233,fanner1979@yandex.com,Osvaldo,Grimes,,885-864-4159,Monterey,United States,80442,Vermont,12 Mint,1992-11-01,1598
crmid:8249007898,edifier1853@gmail.com,Harold,Whitney,,101-477-3834,Parma,United States,83962,Alabama,215 Penny,1970-06-14,1960
crmid:4673365426,corvettes2060@yandex.com,Conchita,Alford,female,814-815-1147,Elizabeth City,United States,01581,New Hampshire,14 Annapolis,1959-02-01,2992
crmid:8947729978,couma1940@gmail.com,Leonore,Marquez,female,178-577-1130,Newnan,United States,78158,Louisiana,252 Ellert,1997-09-06,1615
