{"_id": "044691a4-53c9-11ea-a6a6-b88a60e194fb", "timestamp": "2019-12-17T15:46:20.000Z", "eventType": "transaction", "_adobeamericaspot3": {"CRMID": "crmid:5237073072", "orderDetails": {"orderID": "orderid:588715", "reservationid": "B1T-WDAP", "orderType": "website"}}}
{"_id": "0447f150-53c9-11ea-8cb7-b88a60e194fb", "timestamp": "2020-01-26T07:05:35.000Z", "eventType": "transaction", "_adobeamericaspot3": {"CRMID": "crmid:8708884100", "orderDetails": {"orderID": "orderid:279552", "reservationid": "MWJ-IZGI", "orderType": "call center"}}}
{"_id": "044977de-53c9-11ea-b0fe-b88a60e194fb", "timestamp": "2019-12-02T17:50:20.000Z", "eventType": "transaction", "_adobeamericaspot3": {"CRMID": "crmid:1935903909", "orderDetails": {"orderID": "orderid:227498", "reservationid": "UEY-AQI6", "orderType": "website"}}}
{"_id": "044ab076-53c9-11ea-8563-b88a60e194fb", "timestamp": "2020-01-16T17:22:32.000Z", "eventType": "transaction", "_adobeamericaspot3": {"CRMID": "crmid:4680346007", "orderDetails": {"orderID": "orderid:881453", "reservationid": "CJG-8RPU", "orderType": "website"}}}
{"_id": "044c1054-53c9-11ea-a230-b88a60e194fb", "timestamp": "2020-01-20T10:15:47.000Z", "eventType": "transaction", "_adobeamericaspot3": {"CRMID": "crmid:7030826440", "orderDetails": {"orderID": "orderid:529847", "reservationid": "P7Z-WDVY", "orderType": "mobile"}}}
{"_id": "044c1055-53c9-11ea-9d1c-b88a60e194fb", "timestamp": "2020-01-29T00:00:00.000Z", "eventType": "transaction", "_adobeamericaspot3": {"CRMID": "crmid:7030826440", "orderDetails": {"orderID": "orderid:585577", "reservationid": "ETP-3A2W", "orderType": "kiosk"}}}
{"_id": "044d6f86-53c9-11ea-906f-b88a60e194fb", "timestamp": "2019-12-16T08:11:55.000Z", "eventType": "transaction", "_adobeamericaspot3": {"CRMID": "crmid:3350621602", "orderDetails": {"orderID": "orderid:554730", "reservationid": "ROY-EEX6", "orderType": "mobile"}}}
{"_id": "044ea7fe-53c9-11ea-afd4-b88a60e194fb", "timestamp": "2020-01-02T12:32:01.000Z", "eventType": "transaction", "_adobeamericaspot3": {"CRMID": "crmid:8352216241", "orderDetails": {"orderID": "orderid:748663", "reservationid": "KDG-3OFH", "orderType": "website"}}}
{"_id": "044fe078-53c9-11ea-ae1d-b88a60e194fb", "timestamp": "2019-12-06T15:04:46.000Z", "eventType": "transaction", "_adobeamericaspot3": {"CRMID": "crmid:2574362364", "orderDetails": {"orderID": "orderid:571917", "reservationid": "DOD-HAXV", "orderType": "website"}}}
{"_id": "04516724-53c9-11ea-9272-b88a60e194fb", "timestamp": "2020-01-28T16:44:15.000Z", "eventType": "transaction", "_adobeamericaspot3": {"CRMID": "crmid:5454403210", "orderDetails": {"orderID": "orderid:871078", "reservationid": "NJU-OM21", "orderType": "kiosk"}}}
{"_id": "045314ca-53c9-11ea-b2c9-b88a60e194fb", "timestamp": "2020-01-08T07:33:24.000Z", "eventType": "transaction", "_adobeamericaspot3": {"CRMID": "crmid:6478915541", "orderDetails": {"orderID": "orderid:105604", "reservationid": "V8P-8SZF", "orderType": "service desk"}}}
{"_id": "04549b6e-53c9-11ea-bcfc-b88a60e194fb", "timestamp": "2019-12-28T06:32:57.000Z", "eventType": "transaction", "_adobeamericaspot3": {"CRMID": "crmid:8317097821", "orderDetails": {"orderID": "orderid:998739", "reservationid": "KEF-KNAD", "orderType": "mobile"}}}
{"_id": "04564918-53c9-11ea-8b86-b88a60e194fb", "timestamp": "2020-01-15T10:07:21.000Z", "eventType": "transaction", "_adobeamericaspot3": {"CRMID": "crmid:7886776217", "orderDetails": {"orderID": "orderid:528360", "reservationid": "RAP-CODW", "orderType": "website"}}}
{"_id": "04581ddc-53c9-11ea-8a03-b88a60e194fb", "timestamp": "2019-12-17T09:15:44.000Z", "eventType": "transaction", "_adobeamericaspot3": {"CRMID": "crmid:9009629926", "orderDetails": {"orderID": "orderid:228671", "reservationid": "JPX-AYUZ", "orderType": "website"}}}
{"_id": "0459cb8c-53c9-11ea-a7da-b88a60e194fb", "timestamp": "2019-12-16T17:55:55.000Z", "eventType": "transaction", "_adobeamericaspot3": {"CRMID": "crmid:2530490031", "orderDetails": {"orderID": "orderid:528334", "reservationid": "TOB-QZNE", "orderType": "website"}}}
{"_id": "045b0424-53c9-11ea-86a0-b88a60e194fb", "timestamp": "2020-01-07T08:52:52.000Z", "eventType": "transaction", "_adobeamericaspot3": {"CRMID": "crmid:7345061961", "orderDetails": {"orderID": "orderid:286038", "reservationid": "R8A-LJYZ", "orderType": "kiosk"}}}
{"_id": "045c3c94-53c9-11ea-9217-b88a60e194fb", "timestamp": "2019-12-31T01:45:38.000Z", "eventType": "transaction", "_adobeamericaspot3": {"CRMID": "crmid:6804353894", "orderDetails": {"orderID": "orderid:514982", "reservationid": "ONR-VQGY", "orderType": "website"}}}
{"_id": "045d7518-53c9-11ea-9eed-b88a60e194fb", "timestamp": "2020-01-06T08:16:09.000Z", "eventType": "transaction", "_adobeamericaspot3": {"CRMID": "crmid:9654999498", "orderDetails": {"orderID": "orderid:248662", "reservationid": "0AT-EHPY", "orderType": "website"}}}
{"_id": "045ead92-53c9-11ea-888a-b88a60e194fb", "timestamp": "2020-01-27T15:30:00.000Z", "eventType": "transaction", "_adobeamericaspot3": {"CRMID": "crmid:8703977873", "orderDetails": {"orderID": "orderid:962951", "reservationid": "AJN-JOKU", "orderType": "call center"}}}
{"_id": "04600d28-53c9-11ea-9574-b88a60e194fb", "timestamp": "2019-12-09T13:20:27.000Z", "eventType": "transaction", "_adobeamericaspot3": {"CRMID": "crmid:7096631998", "orderDetails": {"orderID": "orderid:733410", "reservationid": "SYX-5NRC", "orderType": "call center"}}}
{"_id": "046145ac-53c9-11ea-a15a-b88a60e194fb", "timestamp": "2019-12-21T02:05:43.000Z", "eventType": "transaction", "_adobeamericaspot3": {"CRMID": "crmid:3113746577", "orderDetails": {"orderID": "orderid:953581", "reservationid": "WBT-6P6K", "orderType": "mobile"}}}
{"_id": "04625736-53c9-11ea-b304-b88a60e194fb", "timestamp": "2019-12-09T06:03:55.000Z", "eventType": "transaction", "_adobeamericaspot3": {"CRMID": "crmid:1563828621", "orderDetails": {"orderID": "orderid:225449", "reservationid": "WK3-BH9T", "orderType": "website"}}}
{"_id": "0463b69c-53c9-11ea-90c6-b88a60e194fb", "timestamp": "2020-01-21T02:19:20.000Z", "eventType": "transaction", "_adobeamericaspot3": {"CRMID": "crmid:9326573316", "orderDetails": {"orderID": "orderid:760920", "reservationid": "ICZ-JI5J", "orderType": "website"}}}
{"_id": "04651648-53c9-11ea-a323-b88a60e194fb", "timestamp": "2020-02-02T12:12:52.000Z", "eventType": "transaction", "_adobeamericaspot3": {"CRMID": "crmid:2833563734", "orderDetails": {"orderID": "orderid:622982", "reservationid": "XAU-RVZS", "orderType": "mobile"}}}
{"_id": "0466eb00-53c9-11ea-b3a4-b88a60e194fb", "timestamp": "2020-01-23T20:31:30.000Z", "eventType": "transaction", "_adobeamericaspot3": {"CRMID": "crmid:9181287479", "orderDetails": {"orderID": "orderid:425284", "reservationid": "I8F-ECBQ", "orderType": "kiosk"}}}
{"_id": "04687188-53c9-11ea-9402-b88a60e194fb", "timestamp": "2020-02-02T03:23:10.000Z", "eventType": "transaction", "_adobeamericaspot3": {"CRMID": "crmid:7647616720", "orderDetails": {"orderID": "orderid:428963", "reservationid": "NAL-NZ46", "orderType": "website"}}}
{"_id": "0469aa0a-53c9-11ea-9f4f-b88a60e194fb", "timestamp": "2020-02-10T12:20:27.000Z", "eventType": "transaction", "_adobeamericaspot3": {"CRMID": "crmid:8506810185", "orderDetails": {"orderID": "orderid:676840", "reservationid": "MOK-UPTR", "orderType": "call center"}}}
{"_id": "046b09a4-53c9-11ea-ab19-b88a60e194fb", "timestamp": "2019-12-07T13:25:00.000Z", "eventType": "transaction", "_adobeamericaspot3": {"CRMID": "crmid:6419801494", "orderDetails": {"orderID": "orderid:181027", "reservationid": "CLE-U8B7", "orderType": "website"}}}
{"_id": "046c421c-53c9-11ea-b2c5-b88a60e194fb", "timestamp": "2020-02-06T10:46:26.000Z", "eventType": "transaction", "_adobeamericaspot3": {"CRMID": "crmid:8894155997", "orderDetails": {"orderID": "orderid:338287", "reservationid": "8OD-Y8HL", "orderType": "website"}}}
{"_id": "046df070-53c9-11ea-97ef-b88a60e194fb", "timestamp": "2019-12-19T17:45:21.000Z", "eventType": "transaction", "_adobeamericaspot3": {"CRMID": "crmid:4524190986", "orderDetails": {"orderID": "orderid:840141", "reservationid": "82Z-MK3Y", "orderType": "call center"}}}
{"_id": "046f4f9c-53c9-11ea-a78b-b88a60e194fb", "timestamp": "2020-01-28T15:52:15.000Z", "eventType": "transaction", "_adobeamericaspot3": {"CRMID": "crmid:3988733321", "orderDetails": {"orderID": "orderid:921752", "reservationid": "POS-IQLD", "orderType": "call center"}}}
{"_id": "0470af94-53c9-11ea-adf6-b88a60e194fb", "timestamp": "2020-02-09T15:24:33.000Z", "eventType": "transaction", "_adobeamericaspot3": {"CRMID": "crmid:5588223296", "orderDetails": {"orderID": "orderid:207685", "reservationid": "QED-CSWS", "orderType": "kiosk"}}}
{"_id": "04720e8a-53c9-11ea-b27f-b88a60e194fb", "timestamp": "2019-12-10T12:17:44.000Z", "eventType": "transaction", "_adobeamericaspot3": {"CRMID": "crmid:3266019128", "orderDetails": {"orderID": "orderid:440283", "reservationid": "Q6H-YVN4", "orderType": "kiosk"}}}
{"_id": "04736e18-53c9-11ea-89b3-b88a60e194fb", "timestamp": "2019-12-25T06:04:54.000Z", "eventType": "transaction", "_adobeamericaspot3": {"CRMID": "crmid:7616654154", "orderDetails": {"orderID": "orderid:930080", "reservationid": "SAP-F1UA", "orderType": "kiosk"}}}
{"_id": "0474f4c0-53c9-11ea-be11-b88a60e194fb", "timestamp": "2019-12-22T20:00:57.000Z", "eventType": "transaction", "_adobeamericaspot3": {"CRMID": "crmid:9504953236", "orderDetails": {"orderID": "orderid:939316", "reservationid": "ADM-6WZB", "orderType": "service desk"}}}
{"_id": "04765440-53c9-11ea-b7a4-b88a60e194fb", "timestamp": "2019-12-09T00:41:19.000Z", "eventType": "transaction", "_adobeamericaspot3": {"CRMID": "crmid:6226387715", "orderDetails": {"orderID": "orderid:572328", "reservationid": "XM4-VWLT", "orderType": "website"}}}
{"_id": "0477b3e6-53c9-11ea-939b-b88a60e194fb", "timestamp": "2020-01-16T13:40:52.000Z", "eventType": "transaction", "_adobeamericaspot3": {"CRMID": "crmid:8331215432", "orderDetails": {"orderID": "orderid:108293", "reservationid": "I27-TSIY", "orderType": "website"}}}
{"_id": "04791368-53c9-11ea-8870-b88a60e194fb", "timestamp": "2020-01-28T14:49:38.000Z", "eventType": "transaction", "_adobeamericaspot3": {"CRMID": "crmid:6657290262", "orderDetails": {"orderID": "orderid:833410", "reservationid": "HPG-WEBA", "orderType": "call center"}}}
{"_id": "047a72fe-53c9-11ea-9046-b88a60e194fb", "timestamp": "2019-12-19T21:24:17.000Z", "eventType": "transaction", "_adobeamericaspot3": {"CRMID": "crmid:2168332685", "orderDetails": {"orderID": "orderid:201003", "reservationid": "AXT-BBS6", "orderType": "call center"}}}
{"_id": "047bd292-53c9-11ea-a87b-b88a60e194fb", "timestamp": "2020-02-03T18:03:13.000Z", "eventType": "transaction", "_adobeamericaspot3": {"CRMID": "crmid:5442674896", "orderDetails": {"orderID": "orderid:714884", "reservationid": "VX8-GUHB", "orderType": "kiosk"}}}
{"_id": "047d321a-53c9-11ea-97d5-b88a60e194fb", "timestamp": "2019-12-15T20:53:07.000Z", "eventType": "transaction", "_adobeamericaspot3": {"CRMID": "crmid:3016021437", "orderDetails": {"orderID": "orderid:751741", "reservationid": "MYU-143P", "orderType": "call center"}}}
{"_id": "047e91a4-53c9-11ea-9fc7-b88a60e194fb", "timestamp": "2019-12-03T04:24:24.000Z", "eventType": "transaction", "_adobeamericaspot3": {"CRMID": "crmid:3309109302", "orderDetails": {"orderID": "orderid:795825", "reservationid": "ALP-9VXR", "orderType": "call center"}}}
{"_id": "047ff13a-53c9-11ea-b88f-b88a60e194fb", "timestamp": "2019-12-31T13:30:37.000Z", "eventType": "transaction", "_adobeamericaspot3": {"CRMID": "crmid:5143653466", "orderDetails": {"orderID": "orderid:868918", "reservationid": "A1N-WUAQ", "orderType": "mobile"}}}
{"_id": "048129b6-53c9-11ea-bebb-b88a60e194fb", "timestamp": "2020-01-21T09:58:22.000Z", "eventType": "transaction", "_adobeamericaspot3": {"CRMID": "crmid:7050932570", "orderDetails": {"orderID": "orderid:171037", "reservationid": "HQM-ZD2I", "orderType": "call center"}}}
{"_id": "04823b28-53c9-11ea-9f10-b88a60e194fb", "timestamp": "2019-12-16T03:56:08.000Z", "eventType": "transaction", "_adobeamericaspot3": {"CRMID": "crmid:4622509539", "orderDetails": {"orderID": "orderid:287725", "reservationid": "ENF-U1OR", "orderType": "call center"}}}
{"_id": "04839ab6-53c9-11ea-8c30-b88a60e194fb", "timestamp": "2020-01-17T23:54:46.000Z", "eventType": "transaction", "_adobeamericaspot3": {"CRMID": "crmid:6479609437", "orderDetails": {"orderID": "orderid:228969", "reservationid": "JFS-KPDM", "orderType": "website"}}}
{"_id": "048521b6-53c9-11ea-b965-b88a60e194fb", "timestamp": "2020-02-08T04:44:00.000Z", "eventType": "transaction", "_adobeamericaspot3": {"CRMID": "crmid:9378996997", "orderDetails": {"orderID": "orderid:122925", "reservationid": "CJM-1K7A", "orderType": "call center"}}}
{"_id": "048680de-53c9-11ea-a319-b88a60e194fb", "timestamp": "2020-02-04T21:56:19.000Z", "eventType": "transaction", "_adobeamericaspot3": {"CRMID": "crmid:5054086073", "orderDetails": {"orderID": "orderid:852390", "reservationid": "XFU-YUIA", "orderType": "mobile"}}}
{"_id": "0487e0fa-53c9-11ea-8489-b88a60e194fb", "timestamp": "2020-02-07T22:52:23.000Z", "eventType": "transaction", "_adobeamericaspot3": {"CRMID": "crmid:7379530030", "orderDetails": {"orderID": "orderid:836682", "reservationid": "DGW-YIJN", "orderType": "call center"}}}
{"_id": "0488f1e8-53c9-11ea-8933-b88a60e194fb", "timestamp": "2020-01-17T13:33:24.000Z", "eventType": "transaction", "_adobeamericaspot3": {"CRMID": "crmid:5781398670", "orderDetails": {"orderID": "orderid:135349", "reservationid": "IHG-4IG4", "orderType": "mobile"}}}
{"_id": "048a2a62-53c9-11ea-bd3d-b88a60e194fb", "timestamp": "2020-01-01T08:12:57.000Z", "eventType": "transaction", "_adobeamericaspot3": {"CRMID": "crmid:1046445319", "orderDetails": {"orderID": "orderid:503758", "reservationid": "I48-95OI", "orderType": "kiosk"}}}
{"_id": "048b62de-53c9-11ea-9145-b88a60e194fb", "timestamp": "2020-01-08T07:12:02.000Z", "eventType": "transaction", "_adobeamericaspot3": {"CRMID": "crmid:9508447636", "orderDetails": {"orderID": "orderid:756189", "reservationid": "1IE-PGEV", "orderType": "kiosk"}}}
{"_id": "048c7452-53c9-11ea-b223-b88a60e194fb", "timestamp": "2020-01-17T01:03:46.000Z", "eventType": "transaction", "_adobeamericaspot3": {"CRMID": "crmid:6853670656", "orderDetails": {"orderID": "orderid:588992", "reservationid": "0JN-DBJZ", "orderType": "service desk"}}}
{"_id": "048d85de-53c9-11ea-adc7-b88a60e194fb", "timestamp": "2019-12-28T21:33:59.000Z", "eventType": "transaction", "_adobeamericaspot3": {"CRMID": "crmid:9625819729", "orderDetails": {"orderID": "orderid:852563", "reservationid": "ZWG-UNIO", "orderType": "website"}}}
{"_id": "048e7038-53c9-11ea-a621-b88a60e194fb", "timestamp": "2020-02-08T07:17:17.000Z", "eventType": "transaction", "_adobeamericaspot3": {"CRMID": "crmid:6675784005", "orderDetails": {"orderID": "orderid:840566", "reservationid": "0YS-CCV8", "orderType": "website"}}}
{"_id": "048fa8c0-53c9-11ea-a9be-b88a60e194fb", "timestamp": "2020-01-02T21:59:27.000Z", "eventType": "transaction", "_adobeamericaspot3": {"CRMID": "crmid:2496368821", "orderDetails": {"orderID": "orderid:325355", "reservationid": "WGX-OJ9C", "orderType": "kiosk"}}}
{"_id": "0491cb8a-53c9-11ea-967c-b88a60e194fb", "timestamp": "2020-02-03T09:17:21.000Z", "eventType": "transaction", "_adobeamericaspot3": {"CRMID": "crmid:9695992919", "orderDetails": {"orderID": "orderid:118104", "reservationid": "ZUD-FJMB", "orderType": "service desk"}}}
{"_id": "0493793e-53c9-11ea-81d9-b88a60e194fb", "timestamp": "2020-02-09T06:52:25.000Z", "eventType": "transaction", "_adobeamericaspot3": {"CRMID": "crmid:9530601107", "orderDetails": {"orderID": "orderid:466366", "reservationid": "HND-PFZD", "orderType": "kiosk"}}}
{"_id": "049526e2-53c9-11ea-9101-b88a60e194fb", "timestamp": "2020-01-27T17:45:29.000Z", "eventType": "transaction", "_adobeamericaspot3": {"CRMID": "crmid:4145790306", "orderDetails": {"orderID": "orderid:927663", "reservationid": "XAS-IVBL", "orderType": "call center"}}}
{"_id": "0496fbb0-53c9-11ea-92bd-b88a60e194fb", "timestamp": "2019-12-12T16:23:28.000Z", "eventType": "transaction", "_adobeamericaspot3": {"CRMID": "crmid:8376627505", "orderDetails": {"orderID": "orderid:651925", "reservationid": "FFA-8T9A", "orderType": "call center"}}}
{"_id": "0498a962-53c9-11ea-aa3b-b88a60e194fb", "timestamp": "2019-12-03T14:13:24.000Z", "eventType": "transaction", "_adobeamericaspot3": {"CRMID": "crmid:4616002545", "orderDetails": {"orderID": "orderid:502185", "reservationid": "SJX-D1OW", "orderType": "service desk"}}}
{"_id": "049a08f4-53c9-11ea-9370-b88a60e194fb", "timestamp": "2020-02-10T11:22:41.000Z", "eventType": "transaction", "_adobeamericaspot3": {"CRMID": "crmid:4958798025", "orderDetails": {"orderID": "orderid:936929", "reservationid": "JDG-6EG7", "orderType": "mobile"}}}
{"_id": "049a3000-53c9-11ea-9b65-b88a60e194fb", "timestamp": "2020-02-19T00:00:00.000Z", "eventType": "transaction", "_adobeamericaspot3": {"CRMID": "crmid:4958798025", "orderDetails": {"orderID": "orderid:808454", "reservationid": "O61-YIEX", "orderType": "mobile"}}}
{"_id": "049c52d4-53c9-11ea-a343-b88a60e194fb", "timestamp": "2020-01-15T14:50:51.000Z", "eventType": "transaction", "_adobeamericaspot3": {"CRMID": "crmid:6813102858", "orderDetails": {"orderID": "orderid:131896", "reservationid": "SAD-WJVC", "orderType": "call center"}}}
{"_id": "049db278-53c9-11ea-8cb9-b88a60e194fb", "timestamp": "2019-12-27T06:12:12.000Z", "eventType": "transaction", "_adobeamericaspot3": {"CRMID": "crmid:6884400244", "orderDetails": {"orderID": "orderid:657833", "reservationid": "A7Y-MRXP", "orderType": "kiosk"}}}
{"_id": "049ec3ee-53c9-11ea-936e-b88a60e194fb", "timestamp": "2019-12-14T18:55:25.000Z", "eventType": "transaction", "_adobeamericaspot3": {"CRMID": "crmid:1034247278", "orderDetails": {"orderID": "orderid:961878", "reservationid": "CTX-KN8A", "orderType": "website"}}}
{"_id": "049fd55c-53c9-11ea-b3e6-b88a60e194fb", "timestamp": "2019-12-22T21:24:26.000Z", "eventType": "transaction", "_adobeamericaspot3": {"CRMID": "crmid:5837300639", "orderDetails": {"orderID": "orderid:337402", "reservationid": "MAQ-XSJV", "orderType": "kiosk"}}}
{"_id": "04a10dd2-53c9-11ea-bd98-b88a60e194fb", "timestamp": "2019-12-27T21:07:00.000Z", "eventType": "transaction", "_adobeamericaspot3": {"CRMID": "crmid:4602043012", "orderDetails": {"orderID": "orderid:419316", "reservationid": "SMY-ZQMO", "orderType": "kiosk"}}}
{"_id": "04a21f4a-53c9-11ea-ab86-b88a60e194fb", "timestamp": "2019-12-11T18:43:48.000Z", "eventType": "transaction", "_adobeamericaspot3": {"CRMID": "crmid:1258449185", "orderDetails": {"orderID": "orderid:493510", "reservationid": "LMF-QOF8", "orderType": "mobile"}}}
{"_id": "04a330ae-53c9-11ea-8036-b88a60e194fb", "timestamp": "2019-12-16T08:50:16.000Z", "eventType": "transaction", "_adobeamericaspot3": {"CRMID": "crmid:7718047827", "orderDetails": {"orderID": "orderid:501337", "reservationid": "MCU-D3U1", "orderType": "kiosk"}}}
{"_id": "04a44224-53c9-11ea-a14f-b88a60e194fb", "timestamp": "2019-12-16T17:23:04.000Z", "eventType": "transaction", "_adobeamericaspot3": {"CRMID": "crmid:3166473762", "orderDetails": {"orderID": "orderid:756936", "reservationid": "0D5-YETR", "orderType": "website"}}}
{"_id": "04a52c86-53c9-11ea-b31b-b88a60e194fb", "timestamp": "2020-02-08T14:29:01.000Z", "eventType": "transaction", "_adobeamericaspot3": {"CRMID": "crmid:8416024732", "orderDetails": {"orderID": "orderid:982840", "reservationid": "FOF-QBYA", "orderType": "kiosk"}}}
{"_id": "04a616e2-53c9-11ea-b89d-b88a60e194fb", "timestamp": "2019-12-27T02:58:16.000Z", "eventType": "transaction", "_adobeamericaspot3": {"CRMID": "crmid:1945711979", "orderDetails": {"orderID": "orderid:729405", "reservationid": "ZAX-KS7N", "orderType": "website"}}}
{"_id": "04a72852-53c9-11ea-9f73-b88a60e194fb", "timestamp": "2020-01-04T12:57:40.000Z", "eventType": "transaction", "_adobeamericaspot3": {"CRMID": "crmid:7224227303", "orderDetails": {"orderID": "orderid:720498", "reservationid": "7FG-KLNJ", "orderType": "call center"}}}
{"_id": "04a812ae-53c9-11ea-9759-b88a60e194fb", "timestamp": "2020-02-12T07:19:06.000Z", "eventType": "transaction", "_adobeamericaspot3": {"CRMID": "crmid:5768181237", "orderDetails": {"orderID": "orderid:914778", "reservationid": "TXI-D5TO", "orderType": "call center"}}}
{"_id": "04a9243a-53c9-11ea-a160-b88a60e194fb", "timestamp": "2019-12-31T10:09:28.000Z", "eventType": "transaction", "_adobeamericaspot3": {"CRMID": "crmid:7026802054", "orderDetails": {"orderID": "orderid:480257", "reservationid": "8JM-B205", "orderType": "website"}}}
{"_id": "04aa1014-53c9-11ea-9d4b-b88a60e194fb", "timestamp": "2019-12-11T23:03:22.000Z", "eventType": "transaction", "_adobeamericaspot3": {"CRMID": "crmid:4934083074", "orderDetails": {"orderID": "orderid:257317", "reservationid": "KKE-N8QE", "orderType": "call center"}}}
{"_id": "04ab486c-53c9-11ea-bc32-b88a60e194fb", "timestamp": "2020-01-08T20:26:03.000Z", "eventType": "transaction", "_adobeamericaspot3": {"CRMID": "crmid:5087014347", "orderDetails": {"orderID": "orderid:777032", "reservationid": "I0V-QIPQ", "orderType": "website"}}}
{"_id": "04ac327e-53c9-11ea-a572-b88a60e194fb", "timestamp": "2020-02-06T03:58:23.000Z", "eventType": "transaction", "_adobeamericaspot3": {"CRMID": "crmid:7607564112", "orderDetails": {"orderID": "orderid:428340", "reservationid": "CX6-83PJ", "orderType": "service desk"}}}
{"_id": "04ac59fa-53c9-11ea-a368-b88a60e194fb", "timestamp": "2020-02-11T00:00:00.000Z", "eventType": "transaction", "_adobeamericaspot3": {"CRMID": "crmid:7607564112", "orderDetails": {"orderID": "orderid:125326", "reservationid": "LK5-2QVM", "orderType": "kiosk"}}}
{"_id": "04ad6b9a-53c9-11ea-a0cf-b88a60e194fb", "timestamp": "2020-02-06T03:40:05.000Z", "eventType": "transaction", "_adobeamericaspot3": {"CRMID": "crmid:6698196310", "orderDetails": {"orderID": "orderid:821682", "reservationid": "LHZ-FDFO", "orderType": "call center"}}}
{"_id": "04ae5628-53c9-11ea-9467-b88a60e194fb", "timestamp": "2020-01-31T17:03:11.000Z", "eventType": "transaction", "_adobeamericaspot3": {"CRMID": "crmid:6286495985", "orderDetails": {"orderID": "orderid:543421", "reservationid": "ZLM-AGQI", "orderType": "kiosk"}}}
{"_id": "04af3fba-53c9-11ea-8bb1-b88a60e194fb", "timestamp": "2020-02-07T01:32:38.000Z", "eventType": "transaction", "_adobeamericaspot3": {"CRMID": "crmid:4012990679", "orderDetails": {"orderID": "orderid:376934", "reservationid": "UMG-ASOM", "orderType": "mobile"}}}
{"_id": "04b02a3e-53c9-11ea-bc9e-b88a60e194fb", "timestamp": "2019-12-25T06:07:16.000Z", "eventType": "transaction", "_adobeamericaspot3": {"CRMID": "crmid:8479386229", "orderDetails": {"orderID": "orderid:477759", "reservationid": "VAI-TJDZ", "orderType": "website"}}}
{"_id": "04b114b8-53c9-11ea-8764-b88a60e194fb", "timestamp": "2019-12-11T07:12:31.000Z", "eventType": "transaction", "_adobeamericaspot3": {"CRMID": "crmid:5603179827", "orderDetails": {"orderID": "orderid:341763", "reservationid": "D4U-GP1K", "orderType": "website"}}}
{"_id": "04b1ff1c-53c9-11ea-af08-b88a60e194fb", "timestamp": "2019-12-18T22:23:24.000Z", "eventType": "transaction", "_adobeamericaspot3": {"CRMID": "crmid:3225255081", "orderDetails": {"orderID": "orderid:292328", "reservationid": "CDM-YOFU", "orderType": "kiosk"}}}
{"_id": "04b3379c-53c9-11ea-8301-b88a60e194fb", "timestamp": "2020-01-30T05:33:25.000Z", "eventType": "transaction", "_adobeamericaspot3": {"CRMID": "crmid:8141542636", "orderDetails": {"orderID": "orderid:943489", "reservationid": "P0G-CVNY", "orderType": "mobile"}}}
{"_id": "04b421fe-53c9-11ea-b20b-b88a60e194fb", "timestamp": "2020-01-28T01:23:33.000Z", "eventType": "transaction", "_adobeamericaspot3": {"CRMID": "crmid:4863220479", "orderDetails": {"orderID": "orderid:452166", "reservationid": "SYJ-99WT", "orderType": "call center"}}}
{"_id": "04b50be8-53c9-11ea-93cf-b88a60e194fb", "timestamp": "2019-12-17T16:58:34.000Z", "eventType": "transaction", "_adobeamericaspot3": {"CRMID": "crmid:9905212048", "orderDetails": {"orderID": "orderid:639474", "reservationid": "WPC-9AIB", "orderType": "call center"}}}
{"_id": "04b66bfa-53c9-11ea-9ccc-b88a60e194fb", "timestamp": "2020-02-07T02:11:59.000Z", "eventType": "transaction", "_adobeamericaspot3": {"CRMID": "crmid:1093297030", "orderDetails": {"orderID": "orderid:312767", "reservationid": "5JI-VIKC", "orderType": "kiosk"}}}
{"_id": "04b77d36-53c9-11ea-8315-b88a60e194fb", "timestamp": "2019-12-03T17:07:36.000Z", "eventType": "transaction", "_adobeamericaspot3": {"CRMID": "crmid:4107301431", "orderDetails": {"orderID": "orderid:603002", "reservationid": "BAP-AJ9I", "orderType": "mobile"}}}
{"_id": "04b867b4-53c9-11ea-a4b0-b88a60e194fb", "timestamp": "2020-01-09T02:19:34.000Z", "eventType": "transaction", "_adobeamericaspot3": {"CRMID": "crmid:8594737640", "orderDetails": {"orderID": "orderid:447983", "reservationid": "FGG-PXYL", "orderType": "call center"}}}
{"_id": "04b97936-53c9-11ea-a1e9-b88a60e194fb", "timestamp": "2020-01-24T11:30:56.000Z", "eventType": "transaction", "_adobeamericaspot3": {"CRMID": "crmid:1381721932", "orderDetails": {"orderID": "orderid:638480", "reservationid": "DYP-AUYG", "orderType": "mobile"}}}
{"_id": "04bab168-53c9-11ea-80e0-b88a60e194fb", "timestamp": "2019-12-07T03:34:59.000Z", "eventType": "transaction", "_adobeamericaspot3": {"CRMID": "crmid:5314174155", "orderDetails": {"orderID": "orderid:304225", "reservationid": "NYT-IJMF", "orderType": "call center"}}}
{"_id": "04bbc1e4-53c9-11ea-822f-b88a60e194fb", "timestamp": "2019-12-23T00:54:44.000Z", "eventType": "transaction", "_adobeamericaspot3": {"CRMID": "crmid:1072586812", "orderDetails": {"orderID": "orderid:833100", "reservationid": "RBG-N7LJ", "orderType": "website"}}}
{"_id": "04bcd486-53c9-11ea-90f2-b88a60e194fb", "timestamp": "2019-12-19T09:14:38.000Z", "eventType": "transaction", "_adobeamericaspot3": {"CRMID": "crmid:2167503973", "orderDetails": {"orderID": "orderid:613021", "reservationid": "FYR-VHIO", "orderType": "kiosk"}}}
{"_id": "04bdbee4-53c9-11ea-ba20-b88a60e194fb", "timestamp": "2020-01-30T11:13:10.000Z", "eventType": "transaction", "_adobeamericaspot3": {"CRMID": "crmid:3707288392", "orderDetails": {"orderID": "orderid:792336", "reservationid": "N3U-5XAN", "orderType": "mobile"}}}
{"_id": "04bea90c-53c9-11ea-bb92-b88a60e194fb", "timestamp": "2019-12-05T21:57:56.000Z", "eventType": "transaction", "_adobeamericaspot3": {"CRMID": "crmid:9329473117", "orderDetails": {"orderID": "orderid:470009", "reservationid": "SRW-SYNF", "orderType": "website"}}}
{"_id": "04bfba76-53c9-11ea-9c22-b88a60e194fb", "timestamp": "2020-02-11T13:35:20.000Z", "eventType": "transaction", "_adobeamericaspot3": {"CRMID": "crmid:2012913837", "orderDetails": {"orderID": "orderid:315653", "reservationid": "IA8-EWMM", "orderType": "website"}}}
{"_id": "04c0cc54-53c9-11ea-b467-b88a60e194fb", "timestamp": "2020-01-16T02:30:48.000Z", "eventType": "transaction", "_adobeamericaspot3": {"CRMID": "crmid:1837918269", "orderDetails": {"orderID": "orderid:888070", "reservationid": "VF3-LUGY", "orderType": "call center"}}}
{"_id": "04c1dda2-53c9-11ea-bb66-b88a60e194fb", "timestamp": "2019-12-21T19:15:15.000Z", "eventType": "transaction", "_adobeamericaspot3": {"CRMID": "crmid:3954268288", "orderDetails": {"orderID": "orderid:517604", "reservationid": "TH9-CGG1", "orderType": "website"}}}
{"_id": "04c2ef0c-53c9-11ea-850d-b88a60e194fb", "timestamp": "2019-12-21T15:55:41.000Z", "eventType": "transaction", "_adobeamericaspot3": {"CRMID": "crmid:9897337977", "orderDetails": {"orderID": "orderid:612772", "reservationid": "NWI-FU6W", "orderType": "website"}}}
{"_id": "04c4017e-53c9-11ea-bc9e-b88a60e194fb", "timestamp": "2020-01-08T11:05:21.000Z", "eventType": "transaction", "_adobeamericaspot3": {"CRMID": "crmid:6824695814", "orderDetails": {"orderID": "orderid:211004", "reservationid": "2DS-RTE0", "orderType": "mobile"}}}
{"_id": "04c4eb12-53c9-11ea-afc8-b88a60e194fb", "timestamp": "2020-01-06T13:15:05.000Z", "eventType": "transaction", "_adobeamericaspot3": {"CRMID": "crmid:9225664342", "orderDetails": {"orderID": "orderid:847170", "reservationid": "DAK-R88A", "orderType": "kiosk"}}}
{"_id": "04c5fc52-53c9-11ea-97c6-b88a60e194fb", "timestamp": "2020-02-07T13:32:32.000Z", "eventType": "transaction", "_adobeamericaspot3": {"CRMID": "crmid:2661560881", "orderDetails": {"orderID": "orderid:136361", "reservationid": "EA9-IHMG", "orderType": "kiosk"}}}
{"_id": "04c70dba-53c9-11ea-b906-b88a60e194fb", "timestamp": "2020-01-27T04:47:47.000Z", "eventType": "transaction", "_adobeamericaspot3": {"CRMID": "crmid:7658582902", "orderDetails": {"orderID": "orderid:951164", "reservationid": "WYL-LW9B", "orderType": "website"}}}
{"_id": "04c7f80c-53c9-11ea-9ba8-b88a60e194fb", "timestamp": "2020-02-02T15:40:48.000Z", "eventType": "transaction", "_adobeamericaspot3": {"CRMID": "crmid:3949730085", "orderDetails": {"orderID": "orderid:190873", "reservationid": "0XZ-P8H8", "orderType": "call center"}}}
{"_id": "04c9098c-53c9-11ea-8ebd-b88a60e194fb", "timestamp": "2020-02-14T16:49:04.000Z", "eventType": "transaction", "_adobeamericaspot3": {"CRMID": "crmid:7053471446", "orderDetails": {"orderID": "orderid:830370", "reservationid": "RCU-LAY1", "orderType": "kiosk"}}}
{"_id": "04c9f3e2-53c9-11ea-8d85-b88a60e194fb", "timestamp": "2020-01-03T12:44:19.000Z", "eventType": "transaction", "_adobeamericaspot3": {"CRMID": "crmid:5186545215", "orderDetails": {"orderID": "orderid:207274", "reservationid": "WOD-QYPN", "orderType": "website"}}}
{"_id": "04cb059e-53c9-11ea-a410-b88a60e194fb", "timestamp": "2020-02-14T10:30:40.000Z", "eventType": "transaction", "_adobeamericaspot3": {"CRMID": "crmid:2634515653", "orderDetails": {"orderID": "orderid:922910", "reservationid": "MXM-9BRB", "orderType": "website"}}}
{"_id": "04cc3dda-53c9-11ea-9234-b88a60e194fb", "timestamp": "2020-02-16T20:46:32.000Z", "eventType": "transaction", "_adobeamericaspot3": {"CRMID": "crmid:2850431303", "orderDetails": {"orderID": "orderid:136900", "reservationid": "22P-UTFR", "orderType": "call center"}}}
{"_id": "04cd4f4c-53c9-11ea-b7a0-b88a60e194fb", "timestamp": "2020-02-12T00:08:01.000Z", "eventType": "transaction", "_adobeamericaspot3": {"CRMID": "crmid:5077893223", "orderDetails": {"orderID": "orderid:612724", "reservationid": "F3C-LQTQ", "orderType": "website"}}}
{"_id": "04ce39b4-53c9-11ea-9752-b88a60e194fb", "timestamp": "2020-01-31T14:03:25.000Z", "eventType": "transaction", "_adobeamericaspot3": {"CRMID": "crmid:3698963479", "orderDetails": {"orderID": "orderid:840989", "reservationid": "XTO-ZWNQ", "orderType": "kiosk"}}}
{"_id": "04cf4b1c-53c9-11ea-bee8-b88a60e194fb", "timestamp": "2020-01-01T18:00:52.000Z", "eventType": "transaction", "_adobeamericaspot3": {"CRMID": "crmid:1514415976", "orderDetails": {"orderID": "orderid:460237", "reservationid": "R0B-FNE9", "orderType": "website"}}}
{"_id": "04d03594-53c9-11ea-a0e6-b88a60e194fb", "timestamp": "2020-01-31T22:16:48.000Z", "eventType": "transaction", "_adobeamericaspot3": {"CRMID": "crmid:8096341369", "orderDetails": {"orderID": "orderid:760570", "reservationid": "BNW-EWRP", "orderType": "kiosk"}}}
{"_id": "04d16dfe-53c9-11ea-a43f-b88a60e194fb", "timestamp": "2019-12-01T04:47:41.000Z", "eventType": "transaction", "_adobeamericaspot3": {"CRMID": "crmid:4255355824", "orderDetails": {"orderID": "orderid:446111", "reservationid": "NFP-AOTD", "orderType": "mobile"}}}
{"_id": "04d2ccf4-53c9-11ea-8735-b88a60e194fb", "timestamp": "2020-01-27T18:53:05.000Z", "eventType": "transaction", "_adobeamericaspot3": {"CRMID": "crmid:8200605562", "orderDetails": {"orderID": "orderid:398815", "reservationid": "QZS-DI96", "orderType": "mobile"}}}
{"_id": "04d3ddca-53c9-11ea-874d-b88a60e194fb", "timestamp": "2019-12-28T02:23:42.000Z", "eventType": "transaction", "_adobeamericaspot3": {"CRMID": "crmid:5205794132", "orderDetails": {"orderID": "orderid:591950", "reservationid": "TH5-WWGW", "orderType": "service desk"}}}
{"_id": "04d4ef24-53c9-11ea-960a-b88a60e194fb", "timestamp": "2020-02-14T23:28:14.000Z", "eventType": "transaction", "_adobeamericaspot3": {"CRMID": "crmid:1974171233", "orderDetails": {"orderID": "orderid:496654", "reservationid": "ROQ-YCGG", "orderType": "website"}}}
{"_id": "04d6278a-53c9-11ea-8d91-b88a60e194fb", "timestamp": "2019-12-23T06:14:25.000Z", "eventType": "transaction", "_adobeamericaspot3": {"CRMID": "crmid:6933644547", "orderDetails": {"orderID": "orderid:147699", "reservationid": "Z0W-75H4", "orderType": "call center"}}}
{"_id": "04d7886e-53c9-11ea-9402-b88a60e194fb", "timestamp": "2020-01-16T15:04:56.000Z", "eventType": "transaction", "_adobeamericaspot3": {"CRMID": "crmid:8686001972", "orderDetails": {"orderID": "orderid:536537", "reservationid": "HVQ-LOQB", "orderType": "website"}}}
{"_id": "04dae274-53c9-11ea-a2f2-b88a60e194fb", "timestamp": "2020-02-05T06:41:48.000Z", "eventType": "transaction", "_adobeamericaspot3": {"CRMID": "crmid:7813299980", "orderDetails": {"orderID": "orderid:346780", "reservationid": "S9M-SWJS", "orderType": "website"}}}
{"_id": "04dbf3e6-53c9-11ea-91b0-b88a60e194fb", "timestamp": "2020-02-01T04:03:18.000Z", "eventType": "transaction", "_adobeamericaspot3": {"CRMID": "crmid:4110312820", "orderDetails": {"orderID": "orderid:215239", "reservationid": "VGN-MVJA", "orderType": "website"}}}
{"_id": "04dd0552-53c9-11ea-9193-b88a60e194fb", "timestamp": "2020-01-22T02:53:53.000Z", "eventType": "transaction", "_adobeamericaspot3": {"CRMID": "crmid:5885474464", "orderDetails": {"orderID": "orderid:258711", "reservationid": "NXS-ZSEG", "orderType": "mobile"}}}
{"_id": "04de16c6-53c9-11ea-8d94-b88a60e194fb", "timestamp": "2019-12-06T11:53:06.000Z", "eventType": "transaction", "_adobeamericaspot3": {"CRMID": "crmid:9328296716", "orderDetails": {"orderID": "orderid:976363", "reservationid": "V1L-AYLN", "orderType": "mobile"}}}
{"_id": "04df2836-53c9-11ea-856d-b88a60e194fb", "timestamp": "2020-01-21T15:22:32.000Z", "eventType": "transaction", "_adobeamericaspot3": {"CRMID": "crmid:1610989378", "orderDetails": {"orderID": "orderid:521552", "reservationid": "U0C-QAPS", "orderType": "kiosk"}}}
{"_id": "04e0398a-53c9-11ea-aaaa-b88a60e194fb", "timestamp": "2019-12-18T05:26:19.000Z", "eventType": "transaction", "_adobeamericaspot3": {"CRMID": "crmid:3751182531", "orderDetails": {"orderID": "orderid:949055", "reservationid": "UQG-GVSS", "orderType": "kiosk"}}}
{"_id": "04e14af6-53c9-11ea-a300-b88a60e194fb", "timestamp": "2019-12-27T19:09:07.000Z", "eventType": "transaction", "_adobeamericaspot3": {"CRMID": "crmid:1028446302", "orderDetails": {"orderID": "orderid:426119", "reservationid": "74A-BCLL", "orderType": "website"}}}
{"_id": "04e25c76-53c9-11ea-9185-b88a60e194fb", "timestamp": "2019-12-10T08:37:38.000Z", "eventType": "transaction", "_adobeamericaspot3": {"CRMID": "crmid:7305045177", "orderDetails": {"orderID": "orderid:709194", "reservationid": "SRB-OJZA", "orderType": "call center"}}}
{"_id": "04e28382-53c9-11ea-ba7e-b88a60e194fb", "timestamp": "2019-12-15T00:00:00.000Z", "eventType": "transaction", "_adobeamericaspot3": {"CRMID": "crmid:7305045177", "orderDetails": {"orderID": "orderid:895330", "reservationid": "ECE-J5HE", "orderType": "website"}}}
{"_id": "04e36de6-53c9-11ea-bb14-b88a60e194fb", "timestamp": "2020-02-06T10:32:16.000Z", "eventType": "transaction", "_adobeamericaspot3": {"CRMID": "crmid:6758720609", "orderDetails": {"orderID": "orderid:651790", "reservationid": "OWH-9SJG", "orderType": "call center"}}}
{"_id": "04e45858-53c9-11ea-b673-b88a60e194fb", "timestamp": "2020-02-07T21:09:14.000Z", "eventType": "transaction", "_adobeamericaspot3": {"CRMID": "crmid:7668168465", "orderDetails": {"orderID": "orderid:864950", "reservationid": "ESX-NMIN", "orderType": "website"}}}
{"_id": "04e5b7de-53c9-11ea-bddd-b88a60e194fb", "timestamp": "2020-01-01T06:37:14.000Z", "eventType": "transaction", "_adobeamericaspot3": {"CRMID": "crmid:8901875722", "orderDetails": {"orderID": "orderid:380198", "reservationid": "ZE6-IQIJ", "orderType": "mobile"}}}
{"_id": "04e6c94c-53c9-11ea-898c-b88a60e194fb", "timestamp": "2020-02-02T18:05:55.000Z", "eventType": "transaction", "_adobeamericaspot3": {"CRMID": "crmid:6706318074", "orderDetails": {"orderID": "orderid:473682", "reservationid": "QRU-7MEO", "orderType": "website"}}}
{"_id": "04e6f066-53c9-11ea-90de-b88a60e194fb", "timestamp": "2020-02-06T00:00:00.000Z", "eventType": "transaction", "_adobeamericaspot3": {"CRMID": "crmid:6706318074", "orderDetails": {"orderID": "orderid:101947", "reservationid": "DWH-FXCJ", "orderType": "website"}}}
{"_id": "04e7dac8-53c9-11ea-9bd4-b88a60e194fb", "timestamp": "2020-01-07T08:39:37.000Z", "eventType": "transaction", "_adobeamericaspot3": {"CRMID": "crmid:8757308894", "orderDetails": {"orderID": "orderid:434018", "reservationid": "IZL-TQQG", "orderType": "service desk"}}}
{"_id": "04e8c526-53c9-11ea-8601-b88a60e194fb", "timestamp": "2020-02-09T22:42:47.000Z", "eventType": "transaction", "_adobeamericaspot3": {"CRMID": "crmid:7553299439", "orderDetails": {"orderID": "orderid:959316", "reservationid": "LEP-2BOT", "orderType": "call center"}}}
{"_id": "04e9af98-53c9-11ea-8073-b88a60e194fb", "timestamp": "2020-01-02T18:50:02.000Z", "eventType": "transaction", "_adobeamericaspot3": {"CRMID": "crmid:7866925831", "orderDetails": {"orderID": "orderid:669740", "reservationid": "L8V-ZSWN", "orderType": "kiosk"}}}
{"_id": "04eae80c-53c9-11ea-9b6d-b88a60e194fb", "timestamp": "2019-12-23T06:15:45.000Z", "eventType": "transaction", "_adobeamericaspot3": {"CRMID": "crmid:7714458855", "orderDetails": {"orderID": "orderid:977653", "reservationid": "ZXD-CV5Y", "orderType": "kiosk"}}}
{"_id": "04ebf982-53c9-11ea-a521-b88a60e194fb", "timestamp": "2020-01-24T01:19:22.000Z", "eventType": "transaction", "_adobeamericaspot3": {"CRMID": "crmid:5355551880", "orderDetails": {"orderID": "orderid:343547", "reservationid": "RUF-VVQX", "orderType": "kiosk"}}}
{"_id": "04ece3d8-53c9-11ea-ac2d-b88a60e194fb", "timestamp": "2020-01-14T21:49:50.000Z", "eventType": "transaction", "_adobeamericaspot3": {"CRMID": "crmid:4654278795", "orderDetails": {"orderID": "orderid:654577", "reservationid": "QZO-S2XH", "orderType": "kiosk"}}}
{"_id": "04edce46-53c9-11ea-93ef-b88a60e194fb", "timestamp": "2020-01-15T21:28:41.000Z", "eventType": "transaction", "_adobeamericaspot3": {"CRMID": "crmid:5440984947", "orderDetails": {"orderID": "orderid:424990", "reservationid": "T6C-GNJM", "orderType": "mobile"}}}
{"_id": "04eee04a-53c9-11ea-a501-b88a60e194fb", "timestamp": "2020-02-05T23:34:48.000Z", "eventType": "transaction", "_adobeamericaspot3": {"CRMID": "crmid:6839036537", "orderDetails": {"orderID": "orderid:261200", "reservationid": "QRB-5DAB", "orderType": "website"}}}
{"_id": "04eff118-53c9-11ea-8f28-b88a60e194fb", "timestamp": "2020-02-02T08:43:44.000Z", "eventType": "transaction", "_adobeamericaspot3": {"CRMID": "crmid:2555376325", "orderDetails": {"orderID": "orderid:939462", "reservationid": "YXK-ONYV", "orderType": "service desk"}}}
{"_id": "04f129ae-53c9-11ea-9b0d-b88a60e194fb", "timestamp": "2020-01-03T17:00:08.000Z", "eventType": "transaction", "_adobeamericaspot3": {"CRMID": "crmid:4639869844", "orderDetails": {"orderID": "orderid:427817", "reservationid": "0AW-FYPM", "orderType": "kiosk"}}}
{"_id": "04f21424-53c9-11ea-ac1f-b88a60e194fb", "timestamp": "2020-01-04T23:10:17.000Z", "eventType": "transaction", "_adobeamericaspot3": {"CRMID": "crmid:6379515480", "orderDetails": {"orderID": "orderid:729840", "reservationid": "PHO-LBBK", "orderType": "kiosk"}}}
{"_id": "04f32580-53c9-11ea-8141-b88a60e194fb", "timestamp": "2020-02-02T06:39:57.000Z", "eventType": "transaction", "_adobeamericaspot3": {"CRMID": "crmid:8465808271", "orderDetails": {"orderID": "orderid:225663", "reservationid": "GLI-LDQ0", "orderType": "call center"}}}
{"_id": "04f45e02-53c9-11ea-b920-b88a60e194fb", "timestamp": "2019-12-03T15:52:01.000Z", "eventType": "transaction", "_adobeamericaspot3": {"CRMID": "crmid:9127780304", "orderDetails": {"orderID": "orderid:595891", "reservationid": "KWN-SPQB", "orderType": "kiosk"}}}
{"_id": "04f57018-53c9-11ea-964e-b88a60e194fb", "timestamp": "2020-01-21T23:10:50.000Z", "eventType": "transaction", "_adobeamericaspot3": {"CRMID": "crmid:5219847436", "orderDetails": {"orderID": "orderid:308291", "reservationid": "SHM-TIK9", "orderType": "website"}}}
{"_id": "04f659e2-53c9-11ea-9ce0-b88a60e194fb", "timestamp": "2019-12-16T20:23:19.000Z", "eventType": "transaction", "_adobeamericaspot3": {"CRMID": "crmid:3974626061", "orderDetails": {"orderID": "orderid:147420", "reservationid": "BRS-RYBN", "orderType": "kiosk"}}}
{"_id": "04f74442-53c9-11ea-9e38-b88a60e194fb", "timestamp": "2020-01-22T15:12:19.000Z", "eventType": "transaction", "_adobeamericaspot3": {"CRMID": "crmid:4973152306", "orderDetails": {"orderID": "orderid:340591", "reservationid": "9NR-X7IR", "orderType": "kiosk"}}}
{"_id": "04f8565c-53c9-11ea-855a-b88a60e194fb", "timestamp": "2019-12-25T23:36:43.000Z", "eventType": "transaction", "_adobeamericaspot3": {"CRMID": "crmid:5375163225", "orderDetails": {"orderID": "orderid:963701", "reservationid": "CVF-WSNA", "orderType": "kiosk"}}}
{"_id": "04f9671e-53c9-11ea-8e1d-b88a60e194fb", "timestamp": "2019-12-11T22:00:30.000Z", "eventType": "transaction", "_adobeamericaspot3": {"CRMID": "crmid:2349658515", "orderDetails": {"orderID": "orderid:561095", "reservationid": "2IA-44F7", "orderType": "mobile"}}}
{"_id": "04fa7894-53c9-11ea-b110-b88a60e194fb", "timestamp": "2020-01-09T11:35:31.000Z", "eventType": "transaction", "_adobeamericaspot3": {"CRMID": "crmid:6018184850", "orderDetails": {"orderID": "orderid:908559", "reservationid": "BFA-VYK1", "orderType": "mobile"}}}
{"_id": "04fbff1c-53c9-11ea-b0e9-b88a60e194fb", "timestamp": "2020-02-09T20:41:58.000Z", "eventType": "transaction", "_adobeamericaspot3": {"CRMID": "crmid:9060487184", "orderDetails": {"orderID": "orderid:870207", "reservationid": "VCV-X8IU", "orderType": "website"}}}
{"_id": "04fd37b4-53c9-11ea-a813-b88a60e194fb", "timestamp": "2020-02-01T23:21:29.000Z", "eventType": "transaction", "_adobeamericaspot3": {"CRMID": "crmid:4001640494", "orderDetails": {"orderID": "orderid:698241", "reservationid": "MXF-I3GH", "orderType": "service desk"}}}
{"_id": "04fe4a42-53c9-11ea-98d4-b88a60e194fb", "timestamp": "2019-12-27T03:18:06.000Z", "eventType": "transaction", "_adobeamericaspot3": {"CRMID": "crmid:4799795157", "orderDetails": {"orderID": "orderid:756141", "reservationid": "RAB-XZQB", "orderType": "kiosk"}}}
{"_id": "04ff5bd0-53c9-11ea-b1df-b88a60e194fb", "timestamp": "2019-12-21T17:02:26.000Z", "eventType": "transaction", "_adobeamericaspot3": {"CRMID": "crmid:2490867954", "orderDetails": {"orderID": "orderid:441785", "reservationid": "NGN-5GNT", "orderType": "kiosk"}}}
{"_id": "0500461c-53c9-11ea-a2eb-b88a60e194fb", "timestamp": "2019-12-13T20:27:22.000Z", "eventType": "transaction", "_adobeamericaspot3": {"CRMID": "crmid:4385670939", "orderDetails": {"orderID": "orderid:660437", "reservationid": "XUZ-QXRI", "orderType": "call center"}}}
{"_id": "05013086-53c9-11ea-920b-b88a60e194fb", "timestamp": "2020-01-11T15:36:49.000Z", "eventType": "transaction", "_adobeamericaspot3": {"CRMID": "crmid:6247147721", "orderDetails": {"orderID": "orderid:638895", "reservationid": "SEM-9PDP", "orderType": "website"}}}
{"_id": "05026906-53c9-11ea-9d22-b88a60e194fb", "timestamp": "2020-02-02T05:10:42.000Z", "eventType": "transaction", "_adobeamericaspot3": {"CRMID": "crmid:7897160624", "orderDetails": {"orderID": "orderid:101598", "reservationid": "ALG-MTRW", "orderType": "website"}}}
{"_id": "05035364-53c9-11ea-8a97-b88a60e194fb", "timestamp": "2019-12-23T19:20:01.000Z", "eventType": "transaction", "_adobeamericaspot3": {"CRMID": "crmid:6451233604", "orderDetails": {"orderID": "orderid:553609", "reservationid": "F0S-LITR", "orderType": "kiosk"}}}
{"_id": "05043dd8-53c9-11ea-beaf-b88a60e194fb", "timestamp": "2020-02-06T13:30:15.000Z", "eventType": "transaction", "_adobeamericaspot3": {"CRMID": "crmid:4367232215", "orderDetails": {"orderID": "orderid:304934", "reservationid": "NGM-Y7FA", "orderType": "mobile"}}}
{"_id": "05052828-53c9-11ea-8689-b88a60e194fb", "timestamp": "2020-02-05T02:02:00.000Z", "eventType": "transaction", "_adobeamericaspot3": {"CRMID": "crmid:6154199254", "orderDetails": {"orderID": "orderid:375689", "reservationid": "KOY-YAIK", "orderType": "kiosk"}}}
{"_id": "0506382e-53c9-11ea-b145-b88a60e194fb", "timestamp": "2020-02-13T07:21:47.000Z", "eventType": "transaction", "_adobeamericaspot3": {"CRMID": "crmid:5214692333", "orderDetails": {"orderID": "orderid:429647", "reservationid": "MS2-YCL3", "orderType": "mobile"}}}
{"_id": "0507bedc-53c9-11ea-bc2a-b88a60e194fb", "timestamp": "2019-12-13T13:06:27.000Z", "eventType": "transaction", "_adobeamericaspot3": {"CRMID": "crmid:6920320598", "orderDetails": {"orderID": "orderid:407463", "reservationid": "COH-TZNP", "orderType": "website"}}}
{"_id": "0508f7de-53c9-11ea-b33a-b88a60e194fb", "timestamp": "2019-12-19T02:18:44.000Z", "eventType": "transaction", "_adobeamericaspot3": {"CRMID": "crmid:5810052599", "orderDetails": {"orderID": "orderid:749421", "reservationid": "T5C-F6IK", "orderType": "call center"}}}
{"_id": "050a3158-53c9-11ea-84d8-b88a60e194fb", "timestamp": "2020-02-03T00:14:54.000Z", "eventType": "transaction", "_adobeamericaspot3": {"CRMID": "crmid:3383036602", "orderDetails": {"orderID": "orderid:399844", "reservationid": "ZKZ-00TK", "orderType": "mobile"}}}
{"_id": "050b684c-53c9-11ea-a13f-b88a60e194fb", "timestamp": "2020-01-08T00:12:07.000Z", "eventType": "transaction", "_adobeamericaspot3": {"CRMID": "crmid:1337390306", "orderDetails": {"orderID": "orderid:812942", "reservationid": "DVL-SYMZ", "orderType": "website"}}}
{"_id": "050d3d62-53c9-11ea-aecb-b88a60e194fb", "timestamp": "2019-12-25T19:22:10.000Z", "eventType": "transaction", "_adobeamericaspot3": {"CRMID": "crmid:1609242045", "orderDetails": {"orderID": "orderid:765101", "reservationid": "STP-CT3G", "orderType": "kiosk"}}}
{"_id": "050e75a4-53c9-11ea-8b9e-b88a60e194fb", "timestamp": "2019-12-20T01:45:35.000Z", "eventType": "transaction", "_adobeamericaspot3": {"CRMID": "crmid:3580509051", "orderDetails": {"orderID": "orderid:633388", "reservationid": "DAR-XEPW", "orderType": "kiosk"}}}
{"_id": "050f871c-53c9-11ea-b7e3-b88a60e194fb", "timestamp": "2020-01-03T13:54:10.000Z", "eventType": "transaction", "_adobeamericaspot3": {"CRMID": "crmid:3684686771", "orderDetails": {"orderID": "orderid:666760", "reservationid": "MCE-FMQC", "orderType": "service desk"}}}
{"_id": "051099da-53c9-11ea-bde2-b88a60e194fb", "timestamp": "2020-02-14T11:49:15.000Z", "eventType": "transaction", "_adobeamericaspot3": {"CRMID": "crmid:7245004590", "orderDetails": {"orderID": "orderid:185541", "reservationid": "HSZ-X3HE", "orderType": "kiosk"}}}
{"_id": "0511845a-53c9-11ea-a4e0-b88a60e194fb", "timestamp": "2020-01-30T20:14:17.000Z", "eventType": "transaction", "_adobeamericaspot3": {"CRMID": "crmid:3074493210", "orderDetails": {"orderID": "orderid:273732", "reservationid": "FNP-P4LR", "orderType": "website"}}}
{"_id": "0512bb9a-53c9-11ea-831b-b88a60e194fb", "timestamp": "2020-01-16T23:05:42.000Z", "eventType": "transaction", "_adobeamericaspot3": {"CRMID": "crmid:4838648467", "orderDetails": {"orderID": "orderid:391468", "reservationid": "QM4-RKNT", "orderType": "mobile"}}}
{"_id": "05146914-53c9-11ea-b347-b88a60e194fb", "timestamp": "2020-02-12T17:35:01.000Z", "eventType": "transaction", "_adobeamericaspot3": {"CRMID": "crmid:6286235034", "orderDetails": {"orderID": "orderid:950281", "reservationid": "GL8-UGLM", "orderType": "kiosk"}}}
{"_id": "0515f138-53c9-11ea-9f41-b88a60e194fb", "timestamp": "2019-12-23T21:07:08.000Z", "eventType": "transaction", "_adobeamericaspot3": {"CRMID": "crmid:8444986856", "orderDetails": {"orderID": "orderid:413202", "reservationid": "ZSC-GI0J", "orderType": "website"}}}
{"_id": "05174f40-53c9-11ea-b00f-b88a60e194fb", "timestamp": "2019-12-07T20:55:02.000Z", "eventType": "transaction", "_adobeamericaspot3": {"CRMID": "crmid:6528620512", "orderDetails": {"orderID": "orderid:757895", "reservationid": "KAO-PBKK", "orderType": "kiosk"}}}
{"_id": "0518aeee-53c9-11ea-bd80-b88a60e194fb", "timestamp": "2020-01-17T03:36:07.000Z", "eventType": "transaction", "_adobeamericaspot3": {"CRMID": "crmid:6737044851", "orderDetails": {"orderID": "orderid:111733", "reservationid": "ZCF-BEZF", "orderType": "website"}}}
{"_id": "051a3706-53c9-11ea-966a-b88a60e194fb", "timestamp": "2020-01-12T19:16:07.000Z", "eventType": "transaction", "_adobeamericaspot3": {"CRMID": "crmid:3976849169", "orderDetails": {"orderID": "orderid:316070", "reservationid": "L7K-HH3M", "orderType": "mobile"}}}
{"_id": "051b9506-53c9-11ea-9994-b88a60e194fb", "timestamp": "2019-12-14T16:42:44.000Z", "eventType": "transaction", "_adobeamericaspot3": {"CRMID": "crmid:5129315676", "orderDetails": {"orderID": "orderid:463943", "reservationid": "GDJ-BRTD", "orderType": "kiosk"}}}
{"_id": "051ccd8a-53c9-11ea-9228-b88a60e194fb", "timestamp": "2020-01-05T18:42:43.000Z", "eventType": "transaction", "_adobeamericaspot3": {"CRMID": "crmid:9775655248", "orderDetails": {"orderID": "orderid:961449", "reservationid": "ZLC-LCI5", "orderType": "kiosk"}}}
{"_id": "051e543e-53c9-11ea-ba47-b88a60e194fb", "timestamp": "2020-02-13T14:17:35.000Z", "eventType": "transaction", "_adobeamericaspot3": {"CRMID": "crmid:7254734239", "orderDetails": {"orderID": "orderid:917043", "reservationid": "DSR-KXZB", "orderType": "mobile"}}}
{"_id": "051fb514-53c9-11ea-945e-b88a60e194fb", "timestamp": "2020-02-04T00:37:51.000Z", "eventType": "transaction", "_adobeamericaspot3": {"CRMID": "crmid:7788385975", "orderDetails": {"orderID": "orderid:409422", "reservationid": "XFW-JN8B", "orderType": "call center"}}}
{"_id": "0521134a-53c9-11ea-831a-b88a60e194fb", "timestamp": "2020-02-13T12:25:31.000Z", "eventType": "transaction", "_adobeamericaspot3": {"CRMID": "crmid:9690025495", "orderDetails": {"orderID": "orderid:539326", "reservationid": "AGR-KHUF", "orderType": "mobile"}}}
{"_id": "05224cda-53c9-11ea-8509-b88a60e194fb", "timestamp": "2019-12-06T05:35:20.000Z", "eventType": "transaction", "_adobeamericaspot3": {"CRMID": "crmid:3453299953", "orderDetails": {"orderID": "orderid:146308", "reservationid": "B2S-XTFS", "orderType": "website"}}}
{"_id": "052495ba-53c9-11ea-962c-b88a60e194fb", "timestamp": "2020-02-13T11:50:24.000Z", "eventType": "transaction", "_adobeamericaspot3": {"CRMID": "crmid:8284719686", "orderDetails": {"orderID": "orderid:488328", "reservationid": "AOK-6U1Y", "orderType": "kiosk"}}}
{"_id": "0525ce30-53c9-11ea-939f-b88a60e194fb", "timestamp": "2020-01-25T19:39:02.000Z", "eventType": "transaction", "_adobeamericaspot3": {"CRMID": "crmid:8628633307", "orderDetails": {"orderID": "orderid:747573", "reservationid": "QG6-ZKN7", "orderType": "kiosk"}}}
{"_id": "05272dc2-53c9-11ea-93dc-b88a60e194fb", "timestamp": "2020-01-06T00:25:54.000Z", "eventType": "transaction", "_adobeamericaspot3": {"CRMID": "crmid:1177103191", "orderDetails": {"orderID": "orderid:395957", "reservationid": "GN0-X3OW", "orderType": "website"}}}
{"_id": "0528663a-53c9-11ea-903b-b88a60e194fb", "timestamp": "2019-12-05T11:56:37.000Z", "eventType": "transaction", "_adobeamericaspot3": {"CRMID": "crmid:5809957361", "orderDetails": {"orderID": "orderid:746862", "reservationid": "WX2-CGAD", "orderType": "call center"}}}
{"_id": "052a8918-53c9-11ea-b744-b88a60e194fb", "timestamp": "2019-12-19T11:01:36.000Z", "eventType": "transaction", "_adobeamericaspot3": {"CRMID": "crmid:5212899829", "orderDetails": {"orderID": "orderid:601038", "reservationid": "AC1-GJWQ", "orderType": "call center"}}}
{"_id": "052c8518-53c9-11ea-90c6-b88a60e194fb", "timestamp": "2020-02-08T11:26:52.000Z", "eventType": "transaction", "_adobeamericaspot3": {"CRMID": "crmid:3130589170", "orderDetails": {"orderID": "orderid:588826", "reservationid": "SZP-P9JR", "orderType": "website"}}}
{"_id": "052e0b82-53c9-11ea-9164-b88a60e194fb", "timestamp": "2019-12-17T21:51:38.000Z", "eventType": "transaction", "_adobeamericaspot3": {"CRMID": "crmid:8189755233", "orderDetails": {"orderID": "orderid:456313", "reservationid": "8HP-HVGX", "orderType": "mobile"}}}
{"_id": "052f6b06-53c9-11ea-9ef2-b88a60e194fb", "timestamp": "2020-02-08T03:31:45.000Z", "eventType": "transaction", "_adobeamericaspot3": {"CRMID": "crmid:6804960991", "orderDetails": {"orderID": "orderid:476001", "reservationid": "NY4-XVCP", "orderType": "kiosk"}}}
{"_id": "0530ca9a-53c9-11ea-aa16-b88a60e194fb", "timestamp": "2019-12-12T23:45:11.000Z", "eventType": "transaction", "_adobeamericaspot3": {"CRMID": "crmid:7166715205", "orderDetails": {"orderID": "orderid:594492", "reservationid": "2DN-UXNO", "orderType": "website"}}}
{"_id": "05320314-53c9-11ea-885a-b88a60e194fb", "timestamp": "2020-02-09T10:50:37.000Z", "eventType": "transaction", "_adobeamericaspot3": {"CRMID": "crmid:9901284123", "orderDetails": {"orderID": "orderid:547638", "reservationid": "ED8-YV68", "orderType": "website"}}}
{"_id": "053362cc-53c9-11ea-b423-b88a60e194fb", "timestamp": "2020-01-04T22:48:48.000Z", "eventType": "transaction", "_adobeamericaspot3": {"CRMID": "crmid:9471777981", "orderDetails": {"orderID": "orderid:246606", "reservationid": "YCR-RSDL", "orderType": "mobile"}}}
{"_id": "05351076-53c9-11ea-80fb-b88a60e194fb", "timestamp": "2019-12-19T17:06:21.000Z", "eventType": "transaction", "_adobeamericaspot3": {"CRMID": "crmid:6379865301", "orderDetails": {"orderID": "orderid:812529", "reservationid": "FJG-SXQ4", "orderType": "call center"}}}
{"_id": "05370e06-53c9-11ea-adfa-b88a60e194fb", "timestamp": "2019-12-06T22:16:28.000Z", "eventType": "transaction", "_adobeamericaspot3": {"CRMID": "crmid:7743810325", "orderDetails": {"orderID": "orderid:989255", "reservationid": "EHJ-YZPD", "orderType": "website"}}}
{"_id": "053907f6-53c9-11ea-b765-b88a60e194fb", "timestamp": "2020-02-05T16:39:01.000Z", "eventType": "transaction", "_adobeamericaspot3": {"CRMID": "crmid:7781246362", "orderDetails": {"orderID": "orderid:323746", "reservationid": "4U9-AMZV", "orderType": "website"}}}
{"_id": "053adcc6-53c9-11ea-83b5-b88a60e194fb", "timestamp": "2020-02-10T14:18:15.000Z", "eventType": "transaction", "_adobeamericaspot3": {"CRMID": "crmid:3396513277", "orderDetails": {"orderID": "orderid:277954", "reservationid": "ML2-B7YG", "orderType": "call center"}}}
{"_id": "053c637a-53c9-11ea-8066-b88a60e194fb", "timestamp": "2020-01-29T03:41:48.000Z", "eventType": "transaction", "_adobeamericaspot3": {"CRMID": "crmid:2461656518", "orderDetails": {"orderID": "orderid:307436", "reservationid": "SD4-UYSS", "orderType": "call center"}}}
{"_id": "053dc312-53c9-11ea-aadb-b88a60e194fb", "timestamp": "2020-01-16T15:28:18.000Z", "eventType": "transaction", "_adobeamericaspot3": {"CRMID": "crmid:6685461836", "orderDetails": {"orderID": "orderid:146059", "reservationid": "QRG-BLXY", "orderType": "call center"}}}
{"_id": "053efb9a-53c9-11ea-9cf1-b88a60e194fb", "timestamp": "2019-12-05T21:29:57.000Z", "eventType": "transaction", "_adobeamericaspot3": {"CRMID": "crmid:5799731907", "orderDetails": {"orderID": "orderid:113543", "reservationid": "45F-KWFC", "orderType": "kiosk"}}}
{"_id": "05403410-53c9-11ea-8172-b88a60e194fb", "timestamp": "2019-12-26T14:26:35.000Z", "eventType": "transaction", "_adobeamericaspot3": {"CRMID": "crmid:5773643730", "orderDetails": {"orderID": "orderid:222755", "reservationid": "XC5-RU4D", "orderType": "website"}}}
