{"_id": "orderid:882308", "timestamp": "2019-12-28T14:58:19.000Z", "eventType": "transaction", "_adobeamericaspot3": {"CRMID": "crmid:9113069492", "orderDetails": {"orderID": "orderid:882308", "reservationid": "XGF-JNCU", "orderType": "call center", "hotelSKU": "prd1058", "hotelCheckInUnix": "1579791499", "hotelCheckOutUnix": "1579964299", "hotelCheckInTS": "2020-01-23T14:58:19+00:00", "hotelCheckOutTS": "2020-01-25T14:58:19+00:00", "hotelChain": "Blue Reef Resort", "hotelName": "Blue Reef Resort: Delhi", "hotelLocation": "Delhi", "hotelRoomType": "standard", "hotelRoomCount": "1", "hotelGuestAdultCount": "1", "hotelGuestChildCount": "0", "hotelNightCount": "2", "hotelRoomPrice": "174.84", "hotelFinalPrice": "349.68"}}}
{"_id": "orderid:258657", "timestamp": "2020-01-16T12:02:32.000Z", "eventType": "transaction", "_adobeamericaspot3": {"CRMID": "crmid:2648880771", "orderDetails": {"orderID": "orderid:258657", "reservationid": "ZJM-YWJL", "orderType": "kiosk", "hotelSKU": "prd1021", "hotelCheckInUnix": "1579262552", "hotelCheckOutUnix": "1579348952", "hotelCheckInTS": "2020-01-17T12:02:32+00:00", "hotelCheckOutTS": "2020-01-18T12:02:32+00:00", "hotelChain": "Admiralty Plaza", "hotelName": "Admiralty Plaza: Denver", "hotelLocation": "Denver", "hotelRoomType": "premium", "hotelRoomCount": "1", "hotelGuestAdultCount": "1", "hotelGuestChildCount": "0", "hotelNightCount": "1", "hotelRoomPrice": "161.79", "hotelFinalPrice": "161.79"}}}
{"_id": "orderid:267563", "timestamp": "2019-12-11T10:12:21.000Z", "eventType": "transaction", "_adobeamericaspot3": {"CRMID": "crmid:2252616908", "orderDetails": {"orderID": "orderid:267563", "reservationid": "QWK-9A8V", "orderType": "kiosk", "hotelSKU": "prd1185", "hotelCheckInUnix": "1577268741", "hotelCheckOutUnix": "1578132741", "hotelCheckInTS": "2019-12-25T10:12:21+00:00", "hotelCheckOutTS": "2020-01-04T10:12:21+00:00", "hotelChain": "Sapphire Suites", "hotelName": "Sapphire Suites: New Orleans", "hotelLocation": "New Orleans", "hotelRoomType": "standard", "hotelRoomCount": "1", "hotelGuestAdultCount": "1", "hotelGuestChildCount": "0", "hotelNightCount": "10", "hotelRoomPrice": "131.24", "hotelFinalPrice": "1312.4"}}}
{"_id": "orderid:330759", "timestamp": "2019-12-28T06:00:47.000Z", "eventType": "transaction", "_adobeamericaspot3": {"CRMID": "crmid:4713776000", "orderDetails": {"orderID": "orderid:330759", "reservationid": "VN7-ZSYG", "orderType": "call center", "hotelSKU": "prd1194", "hotelCheckInUnix": "1577599247", "hotelCheckOutUnix": "1577772047", "hotelCheckInTS": "2019-12-29T06:00:47+00:00", "hotelCheckOutTS": "2019-12-31T06:00:47+00:00", "hotelChain": "Restful Nights", "hotelName": "Restful Nights: Tianjin", "hotelLocation": "Tianjin", "hotelRoomType": "standard", "hotelRoomCount": "1", "hotelGuestAdultCount": "1", "hotelGuestChildCount": "0", "hotelNightCount": "2", "hotelRoomPrice": "158.67", "hotelFinalPrice": "317.34"}}}
{"_id": "orderid:757432", "timestamp": "2020-02-15T11:29:36.000Z", "eventType": "transaction", "_adobeamericaspot3": {"CRMID": "crmid:5952785056", "orderDetails": {"orderID": "orderid:757432", "reservationid": "Q23-LH1I", "orderType": "call center", "hotelSKU": "prd1190", "hotelCheckInUnix": "1582543776", "hotelCheckOutUnix": "1583148576", "hotelCheckInTS": "2020-02-24T11:29:36+00:00", "hotelCheckOutTS": "2020-03-02T11:29:36+00:00", "hotelChain": "Blue Reef Resort", "hotelName": "Blue Reef Resort: Aurora", "hotelLocation": "Aurora", "hotelRoomType": "standard", "hotelRoomCount": "1", "hotelGuestAdultCount": "1", "hotelGuestChildCount": "0", "hotelNightCount": "7", "hotelRoomPrice": "115.27", "hotelFinalPrice": "806.89"}}}
{"_id": "orderid:894981", "timestamp": "2020-02-13T18:47:18.000Z", "eventType": "transaction", "_adobeamericaspot3": {"CRMID": "crmid:6449310664", "orderDetails": {"orderID": "orderid:894981", "reservationid": "VTV-W4BT", "orderType": "website", "hotelSKU": "prd1119", "hotelCheckInUnix": "1581878838", "hotelCheckOutUnix": "1581965238", "hotelCheckInTS": "2020-02-16T18:47:18+00:00", "hotelCheckOutTS": "2020-02-17T18:47:18+00:00", "hotelChain": "Hospitality Inn", "hotelName": "Hospitality Inn: Turin", "hotelLocation": "Turin", "hotelRoomType": "standard", "hotelRoomCount": "1", "hotelGuestAdultCount": "1", "hotelGuestChildCount": "0", "hotelNightCount": "1", "hotelRoomPrice": "133.11", "hotelFinalPrice": "133.11"}}}
{"_id": "orderid:652557", "timestamp": "2020-02-18T00:00:00.000Z", "eventType": "transaction", "_adobeamericaspot3": {"CRMID": "crmid:6449310664", "orderDetails": {"orderID": "orderid:652557", "reservationid": "3PQ-1AHB", "orderType": "website", "hotelSKU": "prd1011", "hotelCheckInUnix": "1582070400", "hotelCheckOutUnix": "1582243200", "hotelCheckInTS": "2020-02-19T00:00:00+00:00", "hotelCheckOutTS": "2020-02-21T00:00:00+00:00", "hotelChain": "Hospitality Inn", "hotelName": "Hospitality Inn: Dallas", "hotelLocation": "Dallas", "hotelRoomType": "luxury", "hotelRoomCount": "1", "hotelGuestAdultCount": "1", "hotelGuestChildCount": "0", "hotelNightCount": "2", "hotelRoomPrice": "317.74", "hotelFinalPrice": "635.48"}}}
{"_id": "orderid:894329", "timestamp": "2019-12-11T13:38:20.000Z", "eventType": "transaction", "_adobeamericaspot3": {"CRMID": "crmid:4006592358", "orderDetails": {"orderID": "orderid:894329", "reservationid": "T20-LOCJ", "orderType": "mobile", "hotelSKU": "prd1136", "hotelCheckInUnix": "1576244300", "hotelCheckOutUnix": "1576417100", "hotelCheckInTS": "2019-12-13T13:38:20+00:00", "hotelCheckOutTS": "2019-12-15T13:38:20+00:00", "hotelChain": "Aspen Heights", "hotelName": "Aspen Heights: Osaka", "hotelLocation": "Osaka", "hotelRoomType": "standard", "hotelRoomCount": "1", "hotelGuestAdultCount": "1", "hotelGuestChildCount": "0", "hotelNightCount": "2", "hotelRoomPrice": "156.07", "hotelFinalPrice": "312.14"}}}
{"_id": "orderid:988421", "timestamp": "2020-01-08T20:05:58.000Z", "eventType": "transaction", "_adobeamericaspot3": {"CRMID": "crmid:4900179416", "orderDetails": {"orderID": "orderid:988421", "reservationid": "TCB-FYVS", "orderType": "call center", "hotelSKU": "prd1059", "hotelCheckInUnix": "1580328358", "hotelCheckOutUnix": "1580933158", "hotelCheckInTS": "2020-01-29T20:05:58+00:00", "hotelCheckOutTS": "2020-02-05T20:05:58+00:00", "hotelChain": "Hospitality Inn", "hotelName": "Hospitality Inn: Kinshasa", "hotelLocation": "Kinshasa", "hotelRoomType": "premium", "hotelRoomCount": "1", "hotelGuestAdultCount": "1", "hotelGuestChildCount": "0", "hotelNightCount": "7", "hotelRoomPrice": "136.42", "hotelFinalPrice": "954.94"}}}
{"_id": "orderid:481214", "timestamp": "2019-12-10T00:19:38.000Z", "eventType": "transaction", "_adobeamericaspot3": {"CRMID": "crmid:5445095582", "orderDetails": {"orderID": "orderid:481214", "reservationid": "A7K-4BQA", "orderType": "mobile", "hotelSKU": "prd1077", "hotelCheckInUnix": "1577665178", "hotelCheckOutUnix": "1578269978", "hotelCheckInTS": "2019-12-30T00:19:38+00:00", "hotelCheckOutTS": "2020-01-06T00:19:38+00:00", "hotelChain": "Sapphire Suites", "hotelName": "Sapphire Suites: Cairo", "hotelLocation": "Cairo", "hotelRoomType": "premium", "hotelRoomCount": "1", "hotelGuestAdultCount": "1", "hotelGuestChildCount": "0", "hotelNightCount": "7", "hotelRoomPrice": "133.57", "hotelFinalPrice": "934.99"}}}
{"_id": "orderid:116681", "timestamp": "2020-02-14T16:02:36.000Z", "eventType": "transaction", "_adobeamericaspot3": {"CRMID": "crmid:3490545876", "orderDetails": {"orderID": "orderid:116681", "reservationid": "QEX-J5JZ", "orderType": "kiosk", "hotelSKU": "prd1166", "hotelCheckInUnix": "1581782556", "hotelCheckOutUnix": "1581868956", "hotelCheckInTS": "2020-02-15T16:02:36+00:00", "hotelCheckOutTS": "2020-02-16T16:02:36+00:00", "hotelChain": "Blue Reef Resort", "hotelName": "Blue Reef Resort: Baltimore", "hotelLocation": "Baltimore", "hotelRoomType": "standard", "hotelRoomCount": "1", "hotelGuestAdultCount": "1", "hotelGuestChildCount": "0", "hotelNightCount": "1", "hotelRoomPrice": "112.96", "hotelFinalPrice": "112.96"}}}
{"_id": "orderid:689378", "timestamp": "2020-02-17T00:00:00.000Z", "eventType": "transaction", "_adobeamericaspot3": {"CRMID": "crmid:3490545876", "orderDetails": {"orderID": "orderid:689378", "reservationid": "TXH-BISB", "orderType": "mobile", "hotelSKU": "prd1045", "hotelCheckInUnix": "1581984000", "hotelCheckOutUnix": "1582243200", "hotelCheckInTS": "2020-02-18T00:00:00+00:00", "hotelCheckOutTS": "2020-02-21T00:00:00+00:00", "hotelChain": "Admiralty Plaza", "hotelName": "Admiralty Plaza: Miami", "hotelLocation": "Miami", "hotelRoomType": "premium", "hotelRoomCount": "1", "hotelGuestAdultCount": "1", "hotelGuestChildCount": "0", "hotelNightCount": "3", "hotelRoomPrice": "154.42", "hotelFinalPrice": "463.26"}}}
{"_id": "orderid:263588", "timestamp": "2020-01-28T17:25:21.000Z", "eventType": "transaction", "_adobeamericaspot3": {"CRMID": "crmid:3479188229", "orderDetails": {"orderID": "orderid:263588", "reservationid": "NVG-ZJTL", "orderType": "website", "hotelSKU": "prd1022", "hotelCheckInUnix": "1581701121", "hotelCheckOutUnix": "1582046721", "hotelCheckInTS": "2020-02-14T17:25:21+00:00", "hotelCheckOutTS": "2020-02-18T17:25:21+00:00", "hotelChain": "Blue Reef Resort", "hotelName": "Blue Reef Resort: Washington DC", "hotelLocation": "Washington DC", "hotelRoomType": "standard", "hotelRoomCount": "1", "hotelGuestAdultCount": "1", "hotelGuestChildCount": "2", "hotelNightCount": "4", "hotelRoomPrice": "161.84", "hotelFinalPrice": "647.36"}}}
{"_id": "orderid:907438", "timestamp": "2020-02-12T18:49:04.000Z", "eventType": "transaction", "_adobeamericaspot3": {"CRMID": "crmid:9897195653", "orderDetails": {"orderID": "orderid:907438", "reservationid": "KIL-KS77", "orderType": "call center", "hotelSKU": "prd1127", "hotelCheckInUnix": "1581706144", "hotelCheckOutUnix": "1581792544", "hotelCheckInTS": "2020-02-14T18:49:04+00:00", "hotelCheckOutTS": "2020-02-15T18:49:04+00:00", "hotelChain": "Nesting Box Inn", "hotelName": "Nesting Box Inn: Glasgow", "hotelLocation": "Glasgow", "hotelRoomType": "standard", "hotelRoomCount": "1", "hotelGuestAdultCount": "1", "hotelGuestChildCount": "0", "hotelNightCount": "1", "hotelRoomPrice": "162.29", "hotelFinalPrice": "162.29"}}}
{"_id": "orderid:846974", "timestamp": "2019-12-14T05:42:54.000Z", "eventType": "transaction", "_adobeamericaspot3": {"CRMID": "crmid:5077020324", "orderDetails": {"orderID": "orderid:846974", "reservationid": "Y7Y-U94B", "orderType": "website", "hotelSKU": "prd1133", "hotelCheckInUnix": "1578116574", "hotelCheckOutUnix": "1578721374", "hotelCheckInTS": "2020-01-04T05:42:54+00:00", "hotelCheckOutTS": "2020-01-11T05:42:54+00:00", "hotelChain": "Grandeur Hotels", "hotelName": "Grandeur Hotels: Toronto", "hotelLocation": "Toronto", "hotelRoomType": "standard", "hotelRoomCount": "1", "hotelGuestAdultCount": "1", "hotelGuestChildCount": "4", "hotelNightCount": "7", "hotelRoomPrice": "168.51", "hotelFinalPrice": "1179.57"}}}
{"_id": "orderid:869293", "timestamp": "2019-12-07T07:20:39.000Z", "eventType": "transaction", "_adobeamericaspot3": {"CRMID": "crmid:3346982629", "orderDetails": {"orderID": "orderid:869293", "reservationid": "ZKO-QFRY", "orderType": "website", "hotelSKU": "prd1172", "hotelCheckInUnix": "1576999239", "hotelCheckOutUnix": "1577085639", "hotelCheckInTS": "2019-12-22T07:20:39+00:00", "hotelCheckOutTS": "2019-12-23T07:20:39+00:00", "hotelChain": "Aspen Heights", "hotelName": "Aspen Heights: Mesa", "hotelLocation": "Mesa", "hotelRoomType": "standard", "hotelRoomCount": "1", "hotelGuestAdultCount": "1", "hotelGuestChildCount": "0", "hotelNightCount": "1", "hotelRoomPrice": "142.98", "hotelFinalPrice": "142.98"}}}
{"_id": "orderid:625672", "timestamp": "2019-12-23T23:44:04.000Z", "eventType": "transaction", "_adobeamericaspot3": {"CRMID": "crmid:4789762807", "orderDetails": {"orderID": "orderid:625672", "reservationid": "AIP-D85K", "orderType": "kiosk", "hotelSKU": "prd1130", "hotelCheckInUnix": "1579304644", "hotelCheckOutUnix": "1579823044", "hotelCheckInTS": "2020-01-17T23:44:04+00:00", "hotelCheckOutTS": "2020-01-23T23:44:04+00:00", "hotelChain": "Blue Reef Resort", "hotelName": "Blue Reef Resort: Bremen", "hotelLocation": "Bremen", "hotelRoomType": "standard", "hotelRoomCount": "1", "hotelGuestAdultCount": "1", "hotelGuestChildCount": "0", "hotelNightCount": "6", "hotelRoomPrice": "156.88", "hotelFinalPrice": "941.28"}}}
{"_id": "orderid:595640", "timestamp": "2020-02-11T15:24:13.000Z", "eventType": "transaction", "_adobeamericaspot3": {"CRMID": "crmid:3928410029", "orderDetails": {"orderID": "orderid:595640", "reservationid": "QDC-7X5I", "orderType": "call center", "hotelSKU": "prd1022", "hotelCheckInUnix": "1582039453", "hotelCheckOutUnix": "1582557853", "hotelCheckInTS": "2020-02-18T15:24:13+00:00", "hotelCheckOutTS": "2020-02-24T15:24:13+00:00", "hotelChain": "Blue Reef Resort", "hotelName": "Blue Reef Resort: Washington DC", "hotelLocation": "Washington DC", "hotelRoomType": "luxury", "hotelRoomCount": "1", "hotelGuestAdultCount": "1", "hotelGuestChildCount": "3", "hotelNightCount": "6", "hotelRoomPrice": "429.11", "hotelFinalPrice": "2574.66"}}}
{"_id": "orderid:470548", "timestamp": "2020-01-08T23:11:07.000Z", "eventType": "transaction", "_adobeamericaspot3": {"CRMID": "crmid:5898381041", "orderDetails": {"orderID": "orderid:470548", "reservationid": "YFN-QYRH", "orderType": "service desk", "hotelSKU": "prd1085", "hotelCheckInUnix": "1578697867", "hotelCheckOutUnix": "1578870667", "hotelCheckInTS": "2020-01-10T23:11:07+00:00", "hotelCheckOutTS": "2020-01-12T23:11:07+00:00", "hotelChain": "Grandeur Hotels", "hotelName": "Grandeur Hotels: Saint Petersburg", "hotelLocation": "Saint Petersburg", "hotelRoomType": "standard", "hotelRoomCount": "1", "hotelGuestAdultCount": "1", "hotelGuestChildCount": "0", "hotelNightCount": "2", "hotelRoomPrice": "187.55", "hotelFinalPrice": "375.1"}}}
{"_id": "orderid:741760", "timestamp": "2020-01-14T00:00:00.000Z", "eventType": "transaction", "_adobeamericaspot3": {"CRMID": "crmid:5898381041", "orderDetails": {"orderID": "orderid:741760", "reservationid": "VHK-H0BR", "orderType": "kiosk", "hotelSKU": "prd1183", "hotelCheckInUnix": "1579046400", "hotelCheckOutUnix": "1579132800", "hotelCheckInTS": "2020-01-15T00:00:00+00:00", "hotelCheckOutTS": "2020-01-16T00:00:00+00:00", "hotelChain": "Family Fun Hotels", "hotelName": "Family Fun Hotels: Tulsa", "hotelLocation": "Tulsa", "hotelRoomType": "standard", "hotelRoomCount": "1", "hotelGuestAdultCount": "1", "hotelGuestChildCount": "0", "hotelNightCount": "1", "hotelRoomPrice": "132.3", "hotelFinalPrice": "132.3"}}}
{"_id": "orderid:901011", "timestamp": "2019-12-13T01:05:36.000Z", "eventType": "transaction", "_adobeamericaspot3": {"CRMID": "crmid:3280794183", "orderDetails": {"orderID": "orderid:901011", "reservationid": "O1Q-YICT", "orderType": "website", "hotelSKU": "prd1034", "hotelCheckInUnix": "1578013536", "hotelCheckOutUnix": "1578618336", "hotelCheckInTS": "2020-01-03T01:05:36+00:00", "hotelCheckOutTS": "2020-01-10T01:05:36+00:00", "hotelChain": "Blue Reef Resort", "hotelName": "Blue Reef Resort: Albuquerque", "hotelLocation": "Albuquerque", "hotelRoomType": "standard", "hotelRoomCount": "1", "hotelGuestAdultCount": "1", "hotelGuestChildCount": "0", "hotelNightCount": "7", "hotelRoomPrice": "145.68", "hotelFinalPrice": "1019.76"}}}
{"_id": "orderid:140111", "timestamp": "2020-02-11T13:46:32.000Z", "eventType": "transaction", "_adobeamericaspot3": {"CRMID": "crmid:9599003177", "orderDetails": {"orderID": "orderid:140111", "reservationid": "HNN-7RPR", "orderType": "call center", "hotelSKU": "prd1048", "hotelCheckInUnix": "1581601592", "hotelCheckOutUnix": "1581774392", "hotelCheckInTS": "2020-02-13T13:46:32+00:00", "hotelCheckOutTS": "2020-02-15T13:46:32+00:00", "hotelChain": "Sandhill", "hotelName": "Sandhill: Minneapolis", "hotelLocation": "Minneapolis", "hotelRoomType": "standard", "hotelRoomCount": "1", "hotelGuestAdultCount": "1", "hotelGuestChildCount": "0", "hotelNightCount": "2", "hotelRoomPrice": "87.4", "hotelFinalPrice": "174.8"}}}
{"_id": "orderid:870775", "timestamp": "2019-12-31T13:58:24.000Z", "eventType": "transaction", "_adobeamericaspot3": {"CRMID": "crmid:8791710246", "orderDetails": {"orderID": "orderid:870775", "reservationid": "VSG-LQR6", "orderType": "mobile", "hotelSKU": "prd1142", "hotelCheckInUnix": "1577887104", "hotelCheckOutUnix": "1578059904", "hotelCheckInTS": "2020-01-01T13:58:24+00:00", "hotelCheckOutTS": "2020-01-03T13:58:24+00:00", "hotelChain": "Blue Reef Resort", "hotelName": "Blue Reef Resort: Philadelphia", "hotelLocation": "Philadelphia", "hotelRoomType": "standard", "hotelRoomCount": "1", "hotelGuestAdultCount": "1", "hotelGuestChildCount": "0", "hotelNightCount": "2", "hotelRoomPrice": "139.93", "hotelFinalPrice": "279.86"}}}
{"_id": "orderid:501790", "timestamp": "2019-12-23T13:02:29.000Z", "eventType": "transaction", "_adobeamericaspot3": {"CRMID": "crmid:9777912095", "orderDetails": {"orderID": "orderid:501790", "reservationid": "TDG-CEIO", "orderType": "call center", "hotelSKU": "prd1159", "hotelCheckInUnix": "1577365349", "hotelCheckOutUnix": "1577624549", "hotelCheckInTS": "2019-12-26T13:02:29+00:00", "hotelCheckOutTS": "2019-12-29T13:02:29+00:00", "hotelChain": "Family Fun Hotels", "hotelName": "Family Fun Hotels: Detroit", "hotelLocation": "Detroit", "hotelRoomType": "luxury", "hotelRoomCount": "1", "hotelGuestAdultCount": "1", "hotelGuestChildCount": "0", "hotelNightCount": "3", "hotelRoomPrice": "261.11", "hotelFinalPrice": "783.33"}}}
{"_id": "orderid:458888", "timestamp": "2019-12-18T09:56:10.000Z", "eventType": "transaction", "_adobeamericaspot3": {"CRMID": "crmid:1316912778", "orderDetails": {"orderID": "orderid:458888", "reservationid": "LMA-N2SV", "orderType": "kiosk", "hotelSKU": "prd1167", "hotelCheckInUnix": "1578477370", "hotelCheckOutUnix": "1579082170", "hotelCheckInTS": "2020-01-08T09:56:10+00:00", "hotelCheckOutTS": "2020-01-15T09:56:10+00:00", "hotelChain": "Hospitality Inn", "hotelName": "Hospitality Inn: Milwaukee", "hotelLocation": "Milwaukee", "hotelRoomType": "standard", "hotelRoomCount": "1", "hotelGuestAdultCount": "1", "hotelGuestChildCount": "0", "hotelNightCount": "7", "hotelRoomPrice": "120.15", "hotelFinalPrice": "841.05"}}}
{"_id": "orderid:344781", "timestamp": "2020-01-26T07:03:23.000Z", "eventType": "transaction", "_adobeamericaspot3": {"CRMID": "crmid:1712431149", "orderDetails": {"orderID": "orderid:344781", "reservationid": "HMF-OHW6", "orderType": "call center", "hotelSKU": "prd1159", "hotelCheckInUnix": "1580108603", "hotelCheckOutUnix": "1580195003", "hotelCheckInTS": "2020-01-27T07:03:23+00:00", "hotelCheckOutTS": "2020-01-28T07:03:23+00:00", "hotelChain": "Family Fun Hotels", "hotelName": "Family Fun Hotels: Detroit", "hotelLocation": "Detroit", "hotelRoomType": "standard", "hotelRoomCount": "1", "hotelGuestAdultCount": "1", "hotelGuestChildCount": "0", "hotelNightCount": "1", "hotelRoomPrice": "130.82", "hotelFinalPrice": "130.82"}}}
{"_id": "orderid:855584", "timestamp": "2019-12-26T08:06:34.000Z", "eventType": "transaction", "_adobeamericaspot3": {"CRMID": "crmid:8003322155", "orderDetails": {"orderID": "orderid:855584", "reservationid": "6BZ-DXVO", "orderType": "website", "hotelSKU": "prd1046", "hotelCheckInUnix": "1579334794", "hotelCheckOutUnix": "1579853194", "hotelCheckInTS": "2020-01-18T08:06:34+00:00", "hotelCheckOutTS": "2020-01-24T08:06:34+00:00", "hotelChain": "Blue Reef Resort", "hotelName": "Blue Reef Resort: Virginia Beach", "hotelLocation": "Virginia Beach", "hotelRoomType": "standard", "hotelRoomCount": "1", "hotelGuestAdultCount": "1", "hotelGuestChildCount": "0", "hotelNightCount": "6", "hotelRoomPrice": "75.94", "hotelFinalPrice": "455.64"}}}
{"_id": "orderid:665921", "timestamp": "2020-02-08T17:24:26.000Z", "eventType": "transaction", "_adobeamericaspot3": {"CRMID": "crmid:3344319504", "orderDetails": {"orderID": "orderid:665921", "reservationid": "PUY-XJBW", "orderType": "website", "hotelSKU": "prd1047", "hotelCheckInUnix": "1581355466", "hotelCheckOutUnix": "1581614666", "hotelCheckInTS": "2020-02-10T17:24:26+00:00", "hotelCheckOutTS": "2020-02-13T17:24:26+00:00", "hotelChain": "Hospitality Inn", "hotelName": "Hospitality Inn: Oakland", "hotelLocation": "Oakland", "hotelRoomType": "premium", "hotelRoomCount": "1", "hotelGuestAdultCount": "1", "hotelGuestChildCount": "0", "hotelNightCount": "3", "hotelRoomPrice": "120.77", "hotelFinalPrice": "362.31"}}}
{"_id": "orderid:694509", "timestamp": "2020-01-23T17:16:26.000Z", "eventType": "transaction", "_adobeamericaspot3": {"CRMID": "crmid:3943501351", "orderDetails": {"orderID": "orderid:694509", "reservationid": "H42-MYRX", "orderType": "service desk", "hotelSKU": "prd1076", "hotelCheckInUnix": "1582132586", "hotelCheckOutUnix": "1582478186", "hotelCheckInTS": "2020-02-19T17:16:26+00:00", "hotelCheckOutTS": "2020-02-23T17:16:26+00:00", "hotelChain": "Aspen Heights", "hotelName": "Aspen Heights: Bogota", "hotelLocation": "Bogota", "hotelRoomType": "standard", "hotelRoomCount": "1", "hotelGuestAdultCount": "1", "hotelGuestChildCount": "2", "hotelNightCount": "4", "hotelRoomPrice": "110.97", "hotelFinalPrice": "443.88"}}}
{"_id": "orderid:486519", "timestamp": "2020-01-01T20:47:58.000Z", "eventType": "transaction", "_adobeamericaspot3": {"CRMID": "crmid:4831975166", "orderDetails": {"orderID": "orderid:486519", "reservationid": "PWU-NVUI", "orderType": "kiosk", "hotelSKU": "prd1131", "hotelCheckInUnix": "1580071678", "hotelCheckOutUnix": "1580676478", "hotelCheckInTS": "2020-01-26T20:47:58+00:00", "hotelCheckOutTS": "2020-02-02T20:47:58+00:00", "hotelChain": "Hospitality Inn", "hotelName": "Hospitality Inn: Sheffield", "hotelLocation": "Sheffield", "hotelRoomType": "standard", "hotelRoomCount": "1", "hotelGuestAdultCount": "1", "hotelGuestChildCount": "1", "hotelNightCount": "7", "hotelRoomPrice": "116.14", "hotelFinalPrice": "812.98"}}}
{"_id": "orderid:130633", "timestamp": "2020-01-06T12:17:28.000Z", "eventType": "transaction", "_adobeamericaspot3": {"CRMID": "crmid:4322872947", "orderDetails": {"orderID": "orderid:130633", "reservationid": "EQW-WV3D", "orderType": "kiosk", "hotelSKU": "prd1117", "hotelCheckInUnix": "1580386648", "hotelCheckOutUnix": "1580905048", "hotelCheckInTS": "2020-01-30T12:17:28+00:00", "hotelCheckOutTS": "2020-02-05T12:17:28+00:00", "hotelChain": "Admiralty Plaza", "hotelName": "Admiralty Plaza: Dublin", "hotelLocation": "Dublin", "hotelRoomType": "standard", "hotelRoomCount": "1", "hotelGuestAdultCount": "1", "hotelGuestChildCount": "0", "hotelNightCount": "6", "hotelRoomPrice": "143.07", "hotelFinalPrice": "858.42"}}}
{"_id": "orderid:528746", "timestamp": "2020-01-06T22:24:55.000Z", "eventType": "transaction", "_adobeamericaspot3": {"CRMID": "crmid:4407984191", "orderDetails": {"orderID": "orderid:528746", "reservationid": "WI6-U15X", "orderType": "service desk", "hotelSKU": "prd1185", "hotelCheckInUnix": "1579299895", "hotelCheckOutUnix": "1579904695", "hotelCheckInTS": "2020-01-17T22:24:55+00:00", "hotelCheckOutTS": "2020-01-24T22:24:55+00:00", "hotelChain": "Sapphire Suites", "hotelName": "Sapphire Suites: New Orleans", "hotelLocation": "New Orleans", "hotelRoomType": "premium", "hotelRoomCount": "1", "hotelGuestAdultCount": "1", "hotelGuestChildCount": "2", "hotelNightCount": "7", "hotelRoomPrice": "127.7", "hotelFinalPrice": "893.9"}}}
{"_id": "orderid:124373", "timestamp": "2019-12-11T07:56:27.000Z", "eventType": "transaction", "_adobeamericaspot3": {"CRMID": "crmid:9642930299", "orderDetails": {"orderID": "orderid:124373", "reservationid": "0T9-SEZ0", "orderType": "kiosk", "hotelSKU": "prd1035", "hotelCheckInUnix": "1578124587", "hotelCheckOutUnix": "1579506987", "hotelCheckInTS": "2020-01-04T07:56:27+00:00", "hotelCheckOutTS": "2020-01-20T07:56:27+00:00", "hotelChain": "Hospitality Inn", "hotelName": "Hospitality Inn: Tucson", "hotelLocation": "Tucson", "hotelRoomType": "standard", "hotelRoomCount": "1", "hotelGuestAdultCount": "1", "hotelGuestChildCount": "0", "hotelNightCount": "16", "hotelRoomPrice": "140.02", "hotelFinalPrice": "2240.32"}}}
{"_id": "orderid:465695", "timestamp": "2019-12-16T13:41:09.000Z", "eventType": "transaction", "_adobeamericaspot3": {"CRMID": "crmid:5773887538", "orderDetails": {"orderID": "orderid:465695", "reservationid": "V2R-68L8", "orderType": "kiosk", "hotelSKU": "prd1119", "hotelCheckInUnix": "1578836469", "hotelCheckOutUnix": "1579786869", "hotelCheckInTS": "2020-01-12T13:41:09+00:00", "hotelCheckOutTS": "2020-01-23T13:41:09+00:00", "hotelChain": "Hospitality Inn", "hotelName": "Hospitality Inn: Turin", "hotelLocation": "Turin", "hotelRoomType": "standard", "hotelRoomCount": "1", "hotelGuestAdultCount": "1", "hotelGuestChildCount": "1", "hotelNightCount": "11", "hotelRoomPrice": "89.41", "hotelFinalPrice": "983.51"}}}
{"_id": "orderid:304846", "timestamp": "2019-12-30T16:51:15.000Z", "eventType": "transaction", "_adobeamericaspot3": {"CRMID": "crmid:8788979782", "orderDetails": {"orderID": "orderid:304846", "reservationid": "KY4-GMNE", "orderType": "kiosk", "hotelSKU": "prd1169", "hotelCheckInUnix": "1577811075", "hotelCheckOutUnix": "1577983875", "hotelCheckInTS": "2019-12-31T16:51:15+00:00", "hotelCheckOutTS": "2020-01-02T16:51:15+00:00", "hotelChain": "Grandeur Hotels", "hotelName": "Grandeur Hotels: Tucson", "hotelLocation": "Tucson", "hotelRoomType": "standard", "hotelRoomCount": "1", "hotelGuestAdultCount": "1", "hotelGuestChildCount": "0", "hotelNightCount": "2", "hotelRoomPrice": "122.55", "hotelFinalPrice": "245.1"}}}
{"_id": "orderid:172090", "timestamp": "2019-12-13T16:13:35.000Z", "eventType": "transaction", "_adobeamericaspot3": {"CRMID": "crmid:1356120741", "orderDetails": {"orderID": "orderid:172090", "reservationid": "PHE-VJY7", "orderType": "call center", "hotelSKU": "prd1119", "hotelCheckInUnix": "1576340015", "hotelCheckOutUnix": "1576512815", "hotelCheckInTS": "2019-12-14T16:13:35+00:00", "hotelCheckOutTS": "2019-12-16T16:13:35+00:00", "hotelChain": "Hospitality Inn", "hotelName": "Hospitality Inn: Turin", "hotelLocation": "Turin", "hotelRoomType": "premium", "hotelRoomCount": "1", "hotelGuestAdultCount": "1", "hotelGuestChildCount": "0", "hotelNightCount": "2", "hotelRoomPrice": "135.35", "hotelFinalPrice": "270.7"}}}
{"_id": "orderid:872440", "timestamp": "2020-02-12T14:50:18.000Z", "eventType": "transaction", "_adobeamericaspot3": {"CRMID": "crmid:1543203856", "orderDetails": {"orderID": "orderid:872440", "reservationid": "P6X-FNYB", "orderType": "mobile", "hotelSKU": "prd1055", "hotelCheckInUnix": "1582037418", "hotelCheckOutUnix": "1582469418", "hotelCheckInTS": "2020-02-18T14:50:18+00:00", "hotelCheckOutTS": "2020-02-23T14:50:18+00:00", "hotelChain": "Nesting Box Inn", "hotelName": "Nesting Box Inn: Bakersfield", "hotelLocation": "Bakersfield", "hotelRoomType": "premium", "hotelRoomCount": "1", "hotelGuestAdultCount": "1", "hotelGuestChildCount": "0", "hotelNightCount": "5", "hotelRoomPrice": "104.66", "hotelFinalPrice": "523.3"}}}
{"_id": "orderid:774759", "timestamp": "2020-01-21T22:14:18.000Z", "eventType": "transaction", "_adobeamericaspot3": {"CRMID": "crmid:1387695270", "orderDetails": {"orderID": "orderid:774759", "reservationid": "ESB-EOFX", "orderType": "call center", "hotelSKU": "prd1153", "hotelCheckInUnix": "1581459258", "hotelCheckOutUnix": "1582064058", "hotelCheckInTS": "2020-02-11T22:14:18+00:00", "hotelCheckOutTS": "2020-02-18T22:14:18+00:00", "hotelChain": "Admiralty Plaza", "hotelName": "Admiralty Plaza: Charlotte", "hotelLocation": "Charlotte", "hotelRoomType": "premium", "hotelRoomCount": "1", "hotelGuestAdultCount": "1", "hotelGuestChildCount": "3", "hotelNightCount": "7", "hotelRoomPrice": "131.79", "hotelFinalPrice": "922.53"}}}
{"_id": "orderid:461956", "timestamp": "2020-02-03T17:40:08.000Z", "eventType": "transaction", "_adobeamericaspot3": {"CRMID": "crmid:1783388274", "orderDetails": {"orderID": "orderid:461956", "reservationid": "GMW-NE0W", "orderType": "website", "hotelSKU": "prd1086", "hotelCheckInUnix": "1580838008", "hotelCheckOutUnix": "1581183608", "hotelCheckInTS": "2020-02-04T17:40:08+00:00", "hotelCheckOutTS": "2020-02-08T17:40:08+00:00", "hotelChain": "Restful Nights", "hotelName": "Restful Nights: Johannesburg", "hotelLocation": "Johannesburg", "hotelRoomType": "standard", "hotelRoomCount": "1", "hotelGuestAdultCount": "1", "hotelGuestChildCount": "0", "hotelNightCount": "4", "hotelRoomPrice": "98.87", "hotelFinalPrice": "395.48"}}}
{"_id": "orderid:644179", "timestamp": "2020-02-09T00:00:00.000Z", "eventType": "transaction", "_adobeamericaspot3": {"CRMID": "crmid:1783388274", "orderDetails": {"orderID": "orderid:644179", "reservationid": "3YR-GTQY", "orderType": "website", "hotelSKU": "prd1189", "hotelCheckInUnix": "1581292800", "hotelCheckOutUnix": "1581379200", "hotelCheckInTS": "2020-02-10T00:00:00+00:00", "hotelCheckOutTS": "2020-02-11T00:00:00+00:00", "hotelChain": "Admiralty Plaza", "hotelName": "Admiralty Plaza: Bakersfield", "hotelLocation": "Bakersfield", "hotelRoomType": "standard", "hotelRoomCount": "1", "hotelGuestAdultCount": "1", "hotelGuestChildCount": "0", "hotelNightCount": "1", "hotelRoomPrice": "152.25", "hotelFinalPrice": "152.25"}}}
{"_id": "orderid:906544", "timestamp": "2020-02-02T04:42:09.000Z", "eventType": "transaction", "_adobeamericaspot3": {"CRMID": "crmid:7515083742", "orderDetails": {"orderID": "orderid:906544", "reservationid": "HHJ-AHTN", "orderType": "website", "hotelSKU": "prd1141", "hotelCheckInUnix": "1580704929", "hotelCheckOutUnix": "1580877729", "hotelCheckInTS": "2020-02-03T04:42:09+00:00", "hotelCheckOutTS": "2020-02-05T04:42:09+00:00", "hotelChain": "Admiralty Plaza", "hotelName": "Admiralty Plaza: Phoenix", "hotelLocation": "Phoenix", "hotelRoomType": "standard", "hotelRoomCount": "1", "hotelGuestAdultCount": "1", "hotelGuestChildCount": "0", "hotelNightCount": "2", "hotelRoomPrice": "145.8", "hotelFinalPrice": "291.6"}}}
{"_id": "orderid:553112", "timestamp": "2019-12-30T07:46:13.000Z", "eventType": "transaction", "_adobeamericaspot3": {"CRMID": "crmid:2540979086", "orderDetails": {"orderID": "orderid:553112", "reservationid": "SLV-N8AN", "orderType": "call center", "hotelSKU": "prd1033", "hotelCheckInUnix": "1579419973", "hotelCheckOutUnix": "1581061573", "hotelCheckInTS": "2020-01-19T07:46:13+00:00", "hotelCheckOutTS": "2020-02-07T07:46:13+00:00", "hotelChain": "Admiralty Plaza", "hotelName": "Admiralty Plaza: Milwaukee", "hotelLocation": "Milwaukee", "hotelRoomType": "standard", "hotelRoomCount": "1", "hotelGuestAdultCount": "1", "hotelGuestChildCount": "0", "hotelNightCount": "19", "hotelRoomPrice": "97.82", "hotelFinalPrice": "1858.58"}}}
{"_id": "orderid:234001", "timestamp": "2020-02-15T07:34:13.000Z", "eventType": "transaction", "_adobeamericaspot3": {"CRMID": "crmid:3394191450", "orderDetails": {"orderID": "orderid:234001", "reservationid": "BUL-TIPD", "orderType": "website", "hotelSKU": "prd1107", "hotelCheckInUnix": "1583220853", "hotelCheckOutUnix": "1584171253", "hotelCheckInTS": "2020-03-03T07:34:13+00:00", "hotelCheckOutTS": "2020-03-14T07:34:13+00:00", "hotelChain": "Hospitality Inn", "hotelName": "Hospitality Inn: Kharkiv", "hotelLocation": "Kharkiv", "hotelRoomType": "standard", "hotelRoomCount": "1", "hotelGuestAdultCount": "1", "hotelGuestChildCount": "0", "hotelNightCount": "11", "hotelRoomPrice": "130.81", "hotelFinalPrice": "1438.91"}}}
{"_id": "orderid:170770", "timestamp": "2020-01-26T00:55:28.000Z", "eventType": "transaction", "_adobeamericaspot3": {"CRMID": "crmid:2566574729", "orderDetails": {"orderID": "orderid:170770", "reservationid": "O2K-XSHN", "orderType": "call center", "hotelSKU": "prd1023", "hotelCheckInUnix": "1581987328", "hotelCheckOutUnix": "1582764928", "hotelCheckInTS": "2020-02-18T00:55:28+00:00", "hotelCheckOutTS": "2020-02-27T00:55:28+00:00", "hotelChain": "Hospitality Inn", "hotelName": "Hospitality Inn: Boston", "hotelLocation": "Boston", "hotelRoomType": "premium", "hotelRoomCount": "1", "hotelGuestAdultCount": "1", "hotelGuestChildCount": "3", "hotelNightCount": "9", "hotelRoomPrice": "174.82", "hotelFinalPrice": "1573.38"}}}
{"_id": "orderid:805621", "timestamp": "2020-02-09T20:48:29.000Z", "eventType": "transaction", "_adobeamericaspot3": {"CRMID": "crmid:9402903953", "orderDetails": {"orderID": "orderid:805621", "reservationid": "X46-SDWQ", "orderType": "kiosk", "hotelSKU": "prd1076", "hotelCheckInUnix": "1581367709", "hotelCheckOutUnix": "1581454109", "hotelCheckInTS": "2020-02-10T20:48:29+00:00", "hotelCheckOutTS": "2020-02-11T20:48:29+00:00", "hotelChain": "Aspen Heights", "hotelName": "Aspen Heights: Bogota", "hotelLocation": "Bogota", "hotelRoomType": "luxury", "hotelRoomCount": "1", "hotelGuestAdultCount": "1", "hotelGuestChildCount": "0", "hotelNightCount": "1", "hotelRoomPrice": "313.94", "hotelFinalPrice": "313.94"}}}
{"_id": "orderid:918972", "timestamp": "2020-01-19T07:46:50.000Z", "eventType": "transaction", "_adobeamericaspot3": {"CRMID": "crmid:5951179731", "orderDetails": {"orderID": "orderid:918972", "reservationid": "Q5R-UCWA", "orderType": "service desk", "hotelSKU": "prd1118", "hotelCheckInUnix": "1581148010", "hotelCheckOutUnix": "1581752810", "hotelCheckInTS": "2020-02-08T07:46:50+00:00", "hotelCheckOutTS": "2020-02-15T07:46:50+00:00", "hotelChain": "Blue Reef Resort", "hotelName": "Blue Reef Resort: Cologne", "hotelLocation": "Cologne", "hotelRoomType": "standard", "hotelRoomCount": "1", "hotelGuestAdultCount": "1", "hotelGuestChildCount": "0", "hotelNightCount": "7", "hotelRoomPrice": "159.68", "hotelFinalPrice": "1117.76"}}}
{"_id": "orderid:462929", "timestamp": "2020-01-06T02:10:09.000Z", "eventType": "transaction", "_adobeamericaspot3": {"CRMID": "crmid:5295706261", "orderDetails": {"orderID": "orderid:462929", "reservationid": "DGX-RSQK", "orderType": "website", "hotelSKU": "prd1040", "hotelCheckInUnix": "1580782209", "hotelCheckOutUnix": "1582078209", "hotelCheckInTS": "2020-02-04T02:10:09+00:00", "hotelCheckOutTS": "2020-02-19T02:10:09+00:00", "hotelChain": "Aspen Heights", "hotelName": "Aspen Heights: Atlanta", "hotelLocation": "Atlanta", "hotelRoomType": "premium", "hotelRoomCount": "1", "hotelGuestAdultCount": "1", "hotelGuestChildCount": "0", "hotelNightCount": "15", "hotelRoomPrice": "135.92", "hotelFinalPrice": "2038.8"}}}
{"_id": "orderid:167702", "timestamp": "2020-01-25T09:07:02.000Z", "eventType": "transaction", "_adobeamericaspot3": {"CRMID": "crmid:1157185698", "orderDetails": {"orderID": "orderid:167702", "reservationid": "BQF-TFRF", "orderType": "website", "hotelSKU": "prd1184", "hotelCheckInUnix": "1581066422", "hotelCheckOutUnix": "1582362422", "hotelCheckInTS": "2020-02-07T09:07:02+00:00", "hotelCheckOutTS": "2020-02-22T09:07:02+00:00", "hotelChain": "Aspen Heights", "hotelName": "Aspen Heights: Arlington", "hotelLocation": "Arlington", "hotelRoomType": "standard", "hotelRoomCount": "1", "hotelGuestAdultCount": "1", "hotelGuestChildCount": "4", "hotelNightCount": "15", "hotelRoomPrice": "121.88", "hotelFinalPrice": "1828.2"}}}
{"_id": "orderid:871754", "timestamp": "2020-01-21T02:55:21.000Z", "eventType": "transaction", "_adobeamericaspot3": {"CRMID": "crmid:2826306013", "orderDetails": {"orderID": "orderid:871754", "reservationid": "X3J-JCQZ", "orderType": "call center", "hotelSKU": "prd1064", "hotelCheckInUnix": "1581648921", "hotelCheckOutUnix": "1582340121", "hotelCheckInTS": "2020-02-14T02:55:21+00:00", "hotelCheckOutTS": "2020-02-22T02:55:21+00:00", "hotelChain": "Aspen Heights", "hotelName": "Aspen Heights: Paris", "hotelLocation": "Paris", "hotelRoomType": "standard", "hotelRoomCount": "1", "hotelGuestAdultCount": "1", "hotelGuestChildCount": "0", "hotelNightCount": "8", "hotelRoomPrice": "144.76", "hotelFinalPrice": "1158.08"}}}
{"_id": "orderid:120344", "timestamp": "2020-01-29T23:57:19.000Z", "eventType": "transaction", "_adobeamericaspot3": {"CRMID": "crmid:6172379665", "orderDetails": {"orderID": "orderid:120344", "reservationid": "TGR-6Y6W", "orderType": "service desk", "hotelSKU": "prd1109", "hotelCheckInUnix": "1580515039", "hotelCheckOutUnix": "1580601439", "hotelCheckInTS": "2020-01-31T23:57:19+00:00", "hotelCheckOutTS": "2020-02-01T23:57:19+00:00", "hotelChain": "Grandeur Hotels", "hotelName": "Grandeur Hotels: Belgrade", "hotelLocation": "Belgrade", "hotelRoomType": "standard", "hotelRoomCount": "1", "hotelGuestAdultCount": "1", "hotelGuestChildCount": "0", "hotelNightCount": "1", "hotelRoomPrice": "156.24", "hotelFinalPrice": "156.24"}}}
{"_id": "orderid:577540", "timestamp": "2019-12-24T02:55:16.000Z", "eventType": "transaction", "_adobeamericaspot3": {"CRMID": "crmid:7446190195", "orderDetails": {"orderID": "orderid:577540", "reservationid": "5DQ-XCWF", "orderType": "mobile", "hotelSKU": "prd1086", "hotelCheckInUnix": "1577501716", "hotelCheckOutUnix": "1577674516", "hotelCheckInTS": "2019-12-28T02:55:16+00:00", "hotelCheckOutTS": "2019-12-30T02:55:16+00:00", "hotelChain": "Restful Nights", "hotelName": "Restful Nights: Johannesburg", "hotelLocation": "Johannesburg", "hotelRoomType": "luxury", "hotelRoomCount": "1", "hotelGuestAdultCount": "1", "hotelGuestChildCount": "0", "hotelNightCount": "2", "hotelRoomPrice": "371.63", "hotelFinalPrice": "743.26"}}}
{"_id": "orderid:273997", "timestamp": "2020-01-26T08:57:57.000Z", "eventType": "transaction", "_adobeamericaspot3": {"CRMID": "crmid:4321271009", "orderDetails": {"orderID": "orderid:273997", "reservationid": "XBB-I4RR", "orderType": "kiosk", "hotelSKU": "prd1093", "hotelCheckInUnix": "1582361877", "hotelCheckOutUnix": "1583830677", "hotelCheckInTS": "2020-02-22T08:57:57+00:00", "hotelCheckOutTS": "2020-03-10T08:57:57+00:00", "hotelChain": "Admiralty Plaza", "hotelName": "Admiralty Plaza: Yokohama", "hotelLocation": "Yokohama", "hotelRoomType": "standard", "hotelRoomCount": "1", "hotelGuestAdultCount": "1", "hotelGuestChildCount": "0", "hotelNightCount": "17", "hotelRoomPrice": "74.5", "hotelFinalPrice": "1266.5"}}}
{"_id": "orderid:346703", "timestamp": "2020-01-05T23:00:10.000Z", "eventType": "transaction", "_adobeamericaspot3": {"CRMID": "crmid:9673639912", "orderDetails": {"orderID": "orderid:346703", "reservationid": "AS1-ZTDA", "orderType": "website", "hotelSKU": "prd1024", "hotelCheckInUnix": "1580338810", "hotelCheckOutUnix": "1580943610", "hotelCheckInTS": "2020-01-29T23:00:10+00:00", "hotelCheckOutTS": "2020-02-05T23:00:10+00:00", "hotelChain": "Sandhill", "hotelName": "Sandhill: El Paso", "hotelLocation": "El Paso", "hotelRoomType": "standard", "hotelRoomCount": "1", "hotelGuestAdultCount": "1", "hotelGuestChildCount": "0", "hotelNightCount": "7", "hotelRoomPrice": "146.82", "hotelFinalPrice": "1027.74"}}}
{"_id": "orderid:329055", "timestamp": "2020-01-15T07:38:36.000Z", "eventType": "transaction", "_adobeamericaspot3": {"CRMID": "crmid:1689945315", "orderDetails": {"orderID": "orderid:329055", "reservationid": "RMS-RM8W", "orderType": "service desk", "hotelSKU": "prd1177", "hotelCheckInUnix": "1580888316", "hotelCheckOutUnix": "1582357116", "hotelCheckInTS": "2020-02-05T07:38:36+00:00", "hotelCheckOutTS": "2020-02-22T07:38:36+00:00", "hotelChain": "Admiralty Plaza", "hotelName": "Admiralty Plaza: Raleigh", "hotelLocation": "Raleigh", "hotelRoomType": "standard", "hotelRoomCount": "1", "hotelGuestAdultCount": "1", "hotelGuestChildCount": "4", "hotelNightCount": "17", "hotelRoomPrice": "155.82", "hotelFinalPrice": "2648.94"}}}
{"_id": "orderid:972854", "timestamp": "2020-02-08T19:23:02.000Z", "eventType": "transaction", "_adobeamericaspot3": {"CRMID": "crmid:5571976727", "orderDetails": {"orderID": "orderid:972854", "reservationid": "SEW-GKED", "orderType": "kiosk", "hotelSKU": "prd1148", "hotelCheckInUnix": "1583090582", "hotelCheckOutUnix": "1583695382", "hotelCheckInTS": "2020-03-01T19:23:02+00:00", "hotelCheckOutTS": "2020-03-08T19:23:02+00:00", "hotelChain": "Aspen Heights", "hotelName": "Aspen Heights: Jacksonville", "hotelLocation": "Jacksonville", "hotelRoomType": "standard", "hotelRoomCount": "1", "hotelGuestAdultCount": "1", "hotelGuestChildCount": "4", "hotelNightCount": "7", "hotelRoomPrice": "189.87", "hotelFinalPrice": "1329.09"}}}
{"_id": "orderid:324217", "timestamp": "2020-01-03T17:37:49.000Z", "eventType": "transaction", "_adobeamericaspot3": {"CRMID": "crmid:4131328245", "orderDetails": {"orderID": "orderid:324217", "reservationid": "HLF-HDEK", "orderType": "kiosk", "hotelSKU": "prd1166", "hotelCheckInUnix": "1580146669", "hotelCheckOutUnix": "1580492269", "hotelCheckInTS": "2020-01-27T17:37:49+00:00", "hotelCheckOutTS": "2020-01-31T17:37:49+00:00", "hotelChain": "Blue Reef Resort", "hotelName": "Blue Reef Resort: Baltimore", "hotelLocation": "Baltimore", "hotelRoomType": "standard", "hotelRoomCount": "1", "hotelGuestAdultCount": "1", "hotelGuestChildCount": "0", "hotelNightCount": "4", "hotelRoomPrice": "141.05", "hotelFinalPrice": "564.2"}}}
{"_id": "orderid:354800", "timestamp": "2019-12-10T10:13:38.000Z", "eventType": "transaction", "_adobeamericaspot3": {"CRMID": "crmid:8485278608", "orderDetails": {"orderID": "orderid:354800", "reservationid": "YKM-JM4Q", "orderType": "website", "hotelSKU": "prd1083", "hotelCheckInUnix": "1576059218", "hotelCheckOutUnix": "1576404818", "hotelCheckInTS": "2019-12-11T10:13:38+00:00", "hotelCheckOutTS": "2019-12-15T10:13:38+00:00", "hotelChain": "Hospitality Inn", "hotelName": "Hospitality Inn: Bangkok", "hotelLocation": "Bangkok", "hotelRoomType": "ultra-luxury", "hotelRoomCount": "1", "hotelGuestAdultCount": "1", "hotelGuestChildCount": "0", "hotelNightCount": "4", "hotelRoomPrice": "263.63", "hotelFinalPrice": "1054.52"}}}
{"_id": "orderid:367099", "timestamp": "2019-12-23T08:59:32.000Z", "eventType": "transaction", "_adobeamericaspot3": {"CRMID": "crmid:9452778670", "orderDetails": {"orderID": "orderid:367099", "reservationid": "YAT-Y91Q", "orderType": "call center", "hotelSKU": "prd1014", "hotelCheckInUnix": "1579337972", "hotelCheckOutUnix": "1580374772", "hotelCheckInTS": "2020-01-18T08:59:32+00:00", "hotelCheckOutTS": "2020-01-30T08:59:32+00:00", "hotelChain": "Restful Nights", "hotelName": "Restful Nights: Jacksonville", "hotelLocation": "Jacksonville", "hotelRoomType": "standard", "hotelRoomCount": "1", "hotelGuestAdultCount": "1", "hotelGuestChildCount": "1", "hotelNightCount": "12", "hotelRoomPrice": "113.03", "hotelFinalPrice": "1356.36"}}}
{"_id": "orderid:575266", "timestamp": "2020-01-08T21:03:08.000Z", "eventType": "transaction", "_adobeamericaspot3": {"CRMID": "crmid:4929767796", "orderDetails": {"orderID": "orderid:575266", "reservationid": "ZWP-TCDD", "orderType": "kiosk", "hotelSKU": "prd1045", "hotelCheckInUnix": "1580504588", "hotelCheckOutUnix": "1581454988", "hotelCheckInTS": "2020-01-31T21:03:08+00:00", "hotelCheckOutTS": "2020-02-11T21:03:08+00:00", "hotelChain": "Admiralty Plaza", "hotelName": "Admiralty Plaza: Miami", "hotelLocation": "Miami", "hotelRoomType": "standard", "hotelRoomCount": "1", "hotelGuestAdultCount": "1", "hotelGuestChildCount": "0", "hotelNightCount": "11", "hotelRoomPrice": "111.38", "hotelFinalPrice": "1225.18"}}}
{"_id": "orderid:977025", "timestamp": "2019-12-23T01:38:51.000Z", "eventType": "transaction", "_adobeamericaspot3": {"CRMID": "crmid:8290147424", "orderDetails": {"orderID": "orderid:977025", "reservationid": "QCX-X8PA", "orderType": "website", "hotelSKU": "prd1196", "hotelCheckInUnix": "1579570731", "hotelCheckOutUnix": "1579916331", "hotelCheckInTS": "2020-01-21T01:38:51+00:00", "hotelCheckOutTS": "2020-01-25T01:38:51+00:00", "hotelChain": "Aspen Heights", "hotelName": "Aspen Heights: Moscow", "hotelLocation": "Moscow", "hotelRoomType": "premium", "hotelRoomCount": "1", "hotelGuestAdultCount": "1", "hotelGuestChildCount": "0", "hotelNightCount": "4", "hotelRoomPrice": "115.86", "hotelFinalPrice": "463.44"}}}
{"_id": "orderid:237955", "timestamp": "2019-12-23T13:42:58.000Z", "eventType": "transaction", "_adobeamericaspot3": {"CRMID": "crmid:7976907704", "orderDetails": {"orderID": "orderid:237955", "reservationid": "SCL-K1RY", "orderType": "kiosk", "hotelSKU": "prd1004", "hotelCheckInUnix": "1577194978", "hotelCheckOutUnix": "1577540578", "hotelCheckInTS": "2019-12-24T13:42:58+00:00", "hotelCheckOutTS": "2019-12-28T13:42:58+00:00", "hotelChain": "Aspen Heights", "hotelName": "Aspen Heights: Boulder", "hotelLocation": "Boulder", "hotelRoomType": "standard", "hotelRoomCount": "1", "hotelGuestAdultCount": "1", "hotelGuestChildCount": "0", "hotelNightCount": "4", "hotelRoomPrice": "160.07", "hotelFinalPrice": "640.28"}}}
{"_id": "orderid:310288", "timestamp": "2019-12-23T23:11:19.000Z", "eventType": "transaction", "_adobeamericaspot3": {"CRMID": "crmid:7341207365", "orderDetails": {"orderID": "orderid:310288", "reservationid": "UWG-SBXE", "orderType": "website", "hotelSKU": "prd1098", "hotelCheckInUnix": "1577574679", "hotelCheckOutUnix": "1577833879", "hotelCheckInTS": "2019-12-28T23:11:19+00:00", "hotelCheckOutTS": "2019-12-31T23:11:19+00:00", "hotelChain": "Restful Nights", "hotelName": "Restful Nights: Kiev", "hotelLocation": "Kiev", "hotelRoomType": "standard", "hotelRoomCount": "1", "hotelGuestAdultCount": "1", "hotelGuestChildCount": "0", "hotelNightCount": "3", "hotelRoomPrice": "123.21", "hotelFinalPrice": "369.63"}}}
{"_id": "orderid:149347", "timestamp": "2020-01-30T15:43:08.000Z", "eventType": "transaction", "_adobeamericaspot3": {"CRMID": "crmid:1204749502", "orderDetails": {"orderID": "orderid:149347", "reservationid": "DLU-AR77", "orderType": "call center", "hotelSKU": "prd1083", "hotelCheckInUnix": "1582126988", "hotelCheckOutUnix": "1583077388", "hotelCheckInTS": "2020-02-19T15:43:08+00:00", "hotelCheckOutTS": "2020-03-01T15:43:08+00:00", "hotelChain": "Hospitality Inn", "hotelName": "Hospitality Inn: Bangkok", "hotelLocation": "Bangkok", "hotelRoomType": "standard", "hotelRoomCount": "1", "hotelGuestAdultCount": "1", "hotelGuestChildCount": "2", "hotelNightCount": "11", "hotelRoomPrice": "127.08", "hotelFinalPrice": "1397.88"}}}
{"_id": "orderid:525628", "timestamp": "2020-02-06T15:28:32.000Z", "eventType": "transaction", "_adobeamericaspot3": {"CRMID": "crmid:8173709006", "orderDetails": {"orderID": "orderid:525628", "reservationid": "AI3-WD6Z", "orderType": "mobile", "hotelSKU": "prd1178", "hotelCheckInUnix": "1581089312", "hotelCheckOutUnix": "1581175712", "hotelCheckInTS": "2020-02-07T15:28:32+00:00", "hotelCheckOutTS": "2020-02-08T15:28:32+00:00", "hotelChain": "Blue Reef Resort", "hotelName": "Blue Reef Resort: Colorado Springs", "hotelLocation": "Colorado Springs", "hotelRoomType": "standard", "hotelRoomCount": "1", "hotelGuestAdultCount": "1", "hotelGuestChildCount": "0", "hotelNightCount": "1", "hotelRoomPrice": "143.01", "hotelFinalPrice": "143.01"}}}
{"_id": "orderid:807716", "timestamp": "2020-01-06T20:14:36.000Z", "eventType": "transaction", "_adobeamericaspot3": {"CRMID": "crmid:4472537098", "orderDetails": {"orderID": "orderid:807716", "reservationid": "2IR-FRY2", "orderType": "website", "hotelSKU": "prd1187", "hotelCheckInUnix": "1578946476", "hotelCheckOutUnix": "1579551276", "hotelCheckInTS": "2020-01-13T20:14:36+00:00", "hotelCheckOutTS": "2020-01-20T20:14:36+00:00", "hotelChain": "Nesting Box Inn", "hotelName": "Nesting Box Inn: Cleveland", "hotelLocation": "Cleveland", "hotelRoomType": "standard", "hotelRoomCount": "1", "hotelGuestAdultCount": "1", "hotelGuestChildCount": "0", "hotelNightCount": "7", "hotelRoomPrice": "111.92", "hotelFinalPrice": "783.44"}}}
{"_id": "orderid:995215", "timestamp": "2020-02-05T14:24:08.000Z", "eventType": "transaction", "_adobeamericaspot3": {"CRMID": "crmid:9635657995", "orderDetails": {"orderID": "orderid:995215", "reservationid": "YUO-WY5Z", "orderType": "kiosk", "hotelSKU": "prd1057", "hotelCheckInUnix": "1583245448", "hotelCheckOutUnix": "1583936648", "hotelCheckInTS": "2020-03-03T14:24:08+00:00", "hotelCheckOutTS": "2020-03-11T14:24:08+00:00", "hotelChain": "Admiralty Plaza", "hotelName": "Admiralty Plaza: Mumbai", "hotelLocation": "Mumbai", "hotelRoomType": "standard", "hotelRoomCount": "1", "hotelGuestAdultCount": "1", "hotelGuestChildCount": "0", "hotelNightCount": "8", "hotelRoomPrice": "174.13", "hotelFinalPrice": "1393.04"}}}
{"_id": "orderid:388508", "timestamp": "2020-02-08T23:45:16.000Z", "eventType": "transaction", "_adobeamericaspot3": {"CRMID": "crmid:1831587218", "orderDetails": {"orderID": "orderid:388508", "reservationid": "HGQ-2YCZ", "orderType": "call center", "hotelSKU": "prd1034", "hotelCheckInUnix": "1583538316", "hotelCheckOutUnix": "1584143116", "hotelCheckInTS": "2020-03-06T23:45:16+00:00", "hotelCheckOutTS": "2020-03-13T23:45:16+00:00", "hotelChain": "Blue Reef Resort", "hotelName": "Blue Reef Resort: Albuquerque", "hotelLocation": "Albuquerque", "hotelRoomType": "standard", "hotelRoomCount": "1", "hotelGuestAdultCount": "1", "hotelGuestChildCount": "0", "hotelNightCount": "7", "hotelRoomPrice": "160.87", "hotelFinalPrice": "1126.09"}}}
{"_id": "orderid:728174", "timestamp": "2020-02-10T07:50:04.000Z", "eventType": "transaction", "_adobeamericaspot3": {"CRMID": "crmid:9990829126", "orderDetails": {"orderID": "orderid:728174", "reservationid": "RZB-NYU6", "orderType": "kiosk", "hotelSKU": "prd1055", "hotelCheckInUnix": "1582012204", "hotelCheckOutUnix": "1583049004", "hotelCheckInTS": "2020-02-18T07:50:04+00:00", "hotelCheckOutTS": "2020-03-01T07:50:04+00:00", "hotelChain": "Nesting Box Inn", "hotelName": "Nesting Box Inn: Bakersfield", "hotelLocation": "Bakersfield", "hotelRoomType": "standard", "hotelRoomCount": "1", "hotelGuestAdultCount": "1", "hotelGuestChildCount": "3", "hotelNightCount": "12", "hotelRoomPrice": "138.74", "hotelFinalPrice": "1664.88"}}}
{"_id": "orderid:488231", "timestamp": "2019-12-04T09:42:30.000Z", "eventType": "transaction", "_adobeamericaspot3": {"CRMID": "crmid:8465139233", "orderDetails": {"orderID": "orderid:488231", "reservationid": "9DX-L1L8", "orderType": "website", "hotelSKU": "prd1136", "hotelCheckInUnix": "1577007750", "hotelCheckOutUnix": "1577526150", "hotelCheckInTS": "2019-12-22T09:42:30+00:00", "hotelCheckOutTS": "2019-12-28T09:42:30+00:00", "hotelChain": "Aspen Heights", "hotelName": "Aspen Heights: Osaka", "hotelLocation": "Osaka", "hotelRoomType": "premium", "hotelRoomCount": "1", "hotelGuestAdultCount": "1", "hotelGuestChildCount": "0", "hotelNightCount": "6", "hotelRoomPrice": "160.97", "hotelFinalPrice": "965.82"}}}
{"_id": "orderid:627870", "timestamp": "2019-12-30T00:46:34.000Z", "eventType": "transaction", "_adobeamericaspot3": {"CRMID": "crmid:5502588857", "orderDetails": {"orderID": "orderid:627870", "reservationid": "C4X-DPOS", "orderType": "kiosk", "hotelSKU": "prd1151", "hotelCheckInUnix": "1578789994", "hotelCheckOutUnix": "1579308394", "hotelCheckInTS": "2020-01-12T00:46:34+00:00", "hotelCheckOutTS": "2020-01-18T00:46:34+00:00", "hotelChain": "Nesting Box Inn", "hotelName": "Nesting Box Inn: Fort Worth", "hotelLocation": "Fort Worth", "hotelRoomType": "standard", "hotelRoomCount": "1", "hotelGuestAdultCount": "1", "hotelGuestChildCount": "0", "hotelNightCount": "6", "hotelRoomPrice": "117.56", "hotelFinalPrice": "705.36"}}}
{"_id": "orderid:953927", "timestamp": "2020-01-18T05:06:30.000Z", "eventType": "transaction", "_adobeamericaspot3": {"CRMID": "crmid:6895227196", "orderDetails": {"orderID": "orderid:953927", "reservationid": "QUT-7FCK", "orderType": "kiosk", "hotelSKU": "prd1171", "hotelCheckInUnix": "1579496790", "hotelCheckOutUnix": "1579669590", "hotelCheckInTS": "2020-01-20T05:06:30+00:00", "hotelCheckOutTS": "2020-01-22T05:06:30+00:00", "hotelChain": "Family Fun Hotels", "hotelName": "Family Fun Hotels: Sacramento", "hotelLocation": "Sacramento", "hotelRoomType": "standard", "hotelRoomCount": "1", "hotelGuestAdultCount": "1", "hotelGuestChildCount": "0", "hotelNightCount": "2", "hotelRoomPrice": "126.74", "hotelFinalPrice": "253.48"}}}
{"_id": "orderid:513235", "timestamp": "2020-01-05T04:32:23.000Z", "eventType": "transaction", "_adobeamericaspot3": {"CRMID": "crmid:8218936982", "orderDetails": {"orderID": "orderid:513235", "reservationid": "74M-DZJC", "orderType": "call center", "hotelSKU": "prd1083", "hotelCheckInUnix": "1578285143", "hotelCheckOutUnix": "1578457943", "hotelCheckInTS": "2020-01-06T04:32:23+00:00", "hotelCheckOutTS": "2020-01-08T04:32:23+00:00", "hotelChain": "Hospitality Inn", "hotelName": "Hospitality Inn: Bangkok", "hotelLocation": "Bangkok", "hotelRoomType": "standard", "hotelRoomCount": "1", "hotelGuestAdultCount": "1", "hotelGuestChildCount": "0", "hotelNightCount": "2", "hotelRoomPrice": "139.81", "hotelFinalPrice": "279.62"}}}
{"_id": "orderid:415758", "timestamp": "2020-02-09T10:22:21.000Z", "eventType": "transaction", "_adobeamericaspot3": {"CRMID": "crmid:7317532130", "orderDetails": {"orderID": "orderid:415758", "reservationid": "HUW-UYGV", "orderType": "kiosk", "hotelSKU": "prd1137", "hotelCheckInUnix": "1583490141", "hotelCheckOutUnix": "1584440541", "hotelCheckInTS": "2020-03-06T10:22:21+00:00", "hotelCheckOutTS": "2020-03-17T10:22:21+00:00", "hotelChain": "Sapphire Suites", "hotelName": "Sapphire Suites: Manila", "hotelLocation": "Manila", "hotelRoomType": "standard", "hotelRoomCount": "1", "hotelGuestAdultCount": "1", "hotelGuestChildCount": "0", "hotelNightCount": "11", "hotelRoomPrice": "135.43", "hotelFinalPrice": "1489.73"}}}
{"_id": "orderid:445659", "timestamp": "2020-02-09T10:34:49.000Z", "eventType": "transaction", "_adobeamericaspot3": {"CRMID": "crmid:5390688614", "orderDetails": {"orderID": "orderid:445659", "reservationid": "PJC-TBFW", "orderType": "website", "hotelSKU": "prd1150", "hotelCheckInUnix": "1583145289", "hotelCheckOutUnix": "1583750089", "hotelCheckInTS": "2020-03-02T10:34:49+00:00", "hotelCheckOutTS": "2020-03-09T10:34:49+00:00", "hotelChain": "Sego Lily Suites", "hotelName": "Sego Lily Suites: Columbus", "hotelLocation": "Columbus", "hotelRoomType": "premium", "hotelRoomCount": "1", "hotelGuestAdultCount": "1", "hotelGuestChildCount": "2", "hotelNightCount": "7", "hotelRoomPrice": "180.8", "hotelFinalPrice": "1265.6"}}}
{"_id": "orderid:967718", "timestamp": "2020-02-07T11:26:23.000Z", "eventType": "transaction", "_adobeamericaspot3": {"CRMID": "crmid:5785343613", "orderDetails": {"orderID": "orderid:967718", "reservationid": "PD4-UTXF", "orderType": "mobile", "hotelSKU": "prd1081", "hotelCheckInUnix": "1581161183", "hotelCheckOutUnix": "1581247583", "hotelCheckInTS": "2020-02-08T11:26:23+00:00", "hotelCheckOutTS": "2020-02-09T11:26:23+00:00", "hotelChain": "Admiralty Plaza", "hotelName": "Admiralty Plaza: Rod de Janeiro", "hotelLocation": "Rod de Janeiro", "hotelRoomType": "premium", "hotelRoomCount": "1", "hotelGuestAdultCount": "1", "hotelGuestChildCount": "0", "hotelNightCount": "1", "hotelRoomPrice": "120.01", "hotelFinalPrice": "120.01"}}}
{"_id": "orderid:610519", "timestamp": "2020-02-11T00:00:00.000Z", "eventType": "transaction", "_adobeamericaspot3": {"CRMID": "crmid:5785343613", "orderDetails": {"orderID": "orderid:610519", "reservationid": "XMK-BFOR", "orderType": "call center", "hotelSKU": "prd1001", "hotelCheckInUnix": "1581465600", "hotelCheckOutUnix": "1581552000", "hotelCheckInTS": "2020-02-12T00:00:00+00:00", "hotelCheckOutTS": "2020-02-13T00:00:00+00:00", "hotelChain": "Grandeur Hotels", "hotelName": "Grandeur Hotels: New York", "hotelLocation": "New York", "hotelRoomType": "standard", "hotelRoomCount": "1", "hotelGuestAdultCount": "1", "hotelGuestChildCount": "0", "hotelNightCount": "1", "hotelRoomPrice": "168.76", "hotelFinalPrice": "168.76"}}}
{"_id": "orderid:542305", "timestamp": "2020-01-06T06:01:25.000Z", "eventType": "transaction", "_adobeamericaspot3": {"CRMID": "crmid:7537385157", "orderDetails": {"orderID": "orderid:542305", "reservationid": "WAO-KMEK", "orderType": "kiosk", "hotelSKU": "prd1127", "hotelCheckInUnix": "1580191285", "hotelCheckOutUnix": "1580277685", "hotelCheckInTS": "2020-01-28T06:01:25+00:00", "hotelCheckOutTS": "2020-01-29T06:01:25+00:00", "hotelChain": "Nesting Box Inn", "hotelName": "Nesting Box Inn: Glasgow", "hotelLocation": "Glasgow", "hotelRoomType": "standard", "hotelRoomCount": "1", "hotelGuestAdultCount": "1", "hotelGuestChildCount": "0", "hotelNightCount": "1", "hotelRoomPrice": "190.37", "hotelFinalPrice": "190.37"}}}
{"_id": "orderid:979869", "timestamp": "2019-12-22T13:06:36.000Z", "eventType": "transaction", "_adobeamericaspot3": {"CRMID": "crmid:9909222662", "orderDetails": {"orderID": "orderid:979869", "reservationid": "E9M-EUTV", "orderType": "mobile", "hotelSKU": "prd1124", "hotelCheckInUnix": "1577106396", "hotelCheckOutUnix": "1577279196", "hotelCheckInTS": "2019-12-23T13:06:36+00:00", "hotelCheckOutTS": "2019-12-25T13:06:36+00:00", "hotelChain": "Aspen Heights", "hotelName": "Aspen Heights: Leeds", "hotelLocation": "Leeds", "hotelRoomType": "standard", "hotelRoomCount": "1", "hotelGuestAdultCount": "1", "hotelGuestChildCount": "0", "hotelNightCount": "2", "hotelRoomPrice": "126.48", "hotelFinalPrice": "252.96"}}}
{"_id": "orderid:878252", "timestamp": "2020-01-05T06:57:36.000Z", "eventType": "transaction", "_adobeamericaspot3": {"CRMID": "crmid:2703788907", "orderDetails": {"orderID": "orderid:878252", "reservationid": "ZQZ-Z6JF", "orderType": "website", "hotelSKU": "prd1105", "hotelCheckInUnix": "1580453856", "hotelCheckOutUnix": "1580540256", "hotelCheckInTS": "2020-01-31T06:57:36+00:00", "hotelCheckOutTS": "2020-02-01T06:57:36+00:00", "hotelChain": "Admiralty Plaza", "hotelName": "Admiralty Plaza: Barcelona", "hotelLocation": "Barcelona", "hotelRoomType": "standard", "hotelRoomCount": "1", "hotelGuestAdultCount": "1", "hotelGuestChildCount": "0", "hotelNightCount": "1", "hotelRoomPrice": "84.33", "hotelFinalPrice": "84.33"}}}
{"_id": "orderid:150984", "timestamp": "2019-12-16T01:03:30.000Z", "eventType": "transaction", "_adobeamericaspot3": {"CRMID": "crmid:2047337964", "orderDetails": {"orderID": "orderid:150984", "reservationid": "IKD-6KI3", "orderType": "kiosk", "hotelSKU": "prd1142", "hotelCheckInUnix": "1576544610", "hotelCheckOutUnix": "1576631010", "hotelCheckInTS": "2019-12-17T01:03:30+00:00", "hotelCheckOutTS": "2019-12-18T01:03:30+00:00", "hotelChain": "Blue Reef Resort", "hotelName": "Blue Reef Resort: Philadelphia", "hotelLocation": "Philadelphia", "hotelRoomType": "premium", "hotelRoomCount": "1", "hotelGuestAdultCount": "1", "hotelGuestChildCount": "0", "hotelNightCount": "1", "hotelRoomPrice": "182.13", "hotelFinalPrice": "182.13"}}}
{"_id": "orderid:638103", "timestamp": "2019-12-20T00:00:00.000Z", "eventType": "transaction", "_adobeamericaspot3": {"CRMID": "crmid:2047337964", "orderDetails": {"orderID": "orderid:638103", "reservationid": "VJ9-4R9X", "orderType": "call center", "hotelSKU": "prd1177", "hotelCheckInUnix": "1576886400", "hotelCheckOutUnix": "1576972800", "hotelCheckInTS": "2019-12-21T00:00:00+00:00", "hotelCheckOutTS": "2019-12-22T00:00:00+00:00", "hotelChain": "Admiralty Plaza", "hotelName": "Admiralty Plaza: Raleigh", "hotelLocation": "Raleigh", "hotelRoomType": "premium", "hotelRoomCount": "1", "hotelGuestAdultCount": "1", "hotelGuestChildCount": "0", "hotelNightCount": "1", "hotelRoomPrice": "111.03", "hotelFinalPrice": "111.03"}}}
{"_id": "orderid:813546", "timestamp": "2020-01-29T22:42:40.000Z", "eventType": "transaction", "_adobeamericaspot3": {"CRMID": "crmid:1084375914", "orderDetails": {"orderID": "orderid:813546", "reservationid": "O7A-NJVY", "orderType": "kiosk", "hotelSKU": "prd1113", "hotelCheckInUnix": "1582411360", "hotelCheckOutUnix": "1582929760", "hotelCheckInTS": "2020-02-22T22:42:40+00:00", "hotelCheckOutTS": "2020-02-28T22:42:40+00:00", "hotelChain": "Sapphire Suites", "hotelName": "Sapphire Suites: Kazan", "hotelLocation": "Kazan", "hotelRoomType": "premium", "hotelRoomCount": "1", "hotelGuestAdultCount": "1", "hotelGuestChildCount": "0", "hotelNightCount": "6", "hotelRoomPrice": "126.47", "hotelFinalPrice": "758.82"}}}
{"_id": "orderid:118001", "timestamp": "2020-02-13T23:55:14.000Z", "eventType": "transaction", "_adobeamericaspot3": {"CRMID": "crmid:5521826151", "orderDetails": {"orderID": "orderid:118001", "reservationid": "SUU-BAD7", "orderType": "call center", "hotelSKU": "prd1065", "hotelCheckInUnix": "1584230114", "hotelCheckOutUnix": "1584834914", "hotelCheckInTS": "2020-03-14T23:55:14+00:00", "hotelCheckOutTS": "2020-03-21T23:55:14+00:00", "hotelChain": "Sapphire Suites", "hotelName": "Sapphire Suites: Beijing", "hotelLocation": "Beijing", "hotelRoomType": "premium", "hotelRoomCount": "1", "hotelGuestAdultCount": "1", "hotelGuestChildCount": "1", "hotelNightCount": "7", "hotelRoomPrice": "133.12", "hotelFinalPrice": "931.84"}}}
{"_id": "orderid:893575", "timestamp": "2020-02-07T01:23:09.000Z", "eventType": "transaction", "_adobeamericaspot3": {"CRMID": "crmid:8804020483", "orderDetails": {"orderID": "orderid:893575", "reservationid": "OVM-AOE7", "orderType": "mobile", "hotelSKU": "prd1095", "hotelCheckInUnix": "1583112189", "hotelCheckOutUnix": "1583803389", "hotelCheckInTS": "2020-03-02T01:23:09+00:00", "hotelCheckOutTS": "2020-03-10T01:23:09+00:00", "hotelChain": "Hospitality Inn", "hotelName": "Hospitality Inn: Casablanca", "hotelLocation": "Casablanca", "hotelRoomType": "standard", "hotelRoomCount": "1", "hotelGuestAdultCount": "1", "hotelGuestChildCount": "0", "hotelNightCount": "8", "hotelRoomPrice": "135.55", "hotelFinalPrice": "1084.4"}}}
{"_id": "orderid:351188", "timestamp": "2019-12-06T17:58:25.000Z", "eventType": "transaction", "_adobeamericaspot3": {"CRMID": "crmid:5897180917", "orderDetails": {"orderID": "orderid:351188", "reservationid": "GEB-MOFJ", "orderType": "kiosk", "hotelSKU": "prd1117", "hotelCheckInUnix": "1577815105", "hotelCheckOutUnix": "1578333505", "hotelCheckInTS": "2019-12-31T17:58:25+00:00", "hotelCheckOutTS": "2020-01-06T17:58:25+00:00", "hotelChain": "Admiralty Plaza", "hotelName": "Admiralty Plaza: Dublin", "hotelLocation": "Dublin", "hotelRoomType": "standard", "hotelRoomCount": "1", "hotelGuestAdultCount": "1", "hotelGuestChildCount": "0", "hotelNightCount": "6", "hotelRoomPrice": "136.47", "hotelFinalPrice": "818.82"}}}
{"_id": "orderid:327774", "timestamp": "2020-01-02T04:16:33.000Z", "eventType": "transaction", "_adobeamericaspot3": {"CRMID": "crmid:2202752532", "orderDetails": {"orderID": "orderid:327774", "reservationid": "BH8-OFU7", "orderType": "call center", "hotelSKU": "prd1087", "hotelCheckInUnix": "1578024993", "hotelCheckOutUnix": "1578197793", "hotelCheckInTS": "2020-01-03T04:16:33+00:00", "hotelCheckOutTS": "2020-01-05T04:16:33+00:00", "hotelChain": "Family Fun Hotels", "hotelName": "Family Fun Hotels: Kolkata", "hotelLocation": "Kolkata", "hotelRoomType": "luxury", "hotelRoomCount": "1", "hotelGuestAdultCount": "1", "hotelGuestChildCount": "0", "hotelNightCount": "2", "hotelRoomPrice": "277.97", "hotelFinalPrice": "555.94"}}}
{"_id": "orderid:498180", "timestamp": "2020-01-13T19:55:29.000Z", "eventType": "transaction", "_adobeamericaspot3": {"CRMID": "crmid:7675862720", "orderDetails": {"orderID": "orderid:498180", "reservationid": "ZTI-KQYM", "orderType": "kiosk", "hotelSKU": "prd1124", "hotelCheckInUnix": "1579290929", "hotelCheckOutUnix": "1579722929", "hotelCheckInTS": "2020-01-17T19:55:29+00:00", "hotelCheckOutTS": "2020-01-22T19:55:29+00:00", "hotelChain": "Aspen Heights", "hotelName": "Aspen Heights: Leeds", "hotelLocation": "Leeds", "hotelRoomType": "ultra-luxury", "hotelRoomCount": "1", "hotelGuestAdultCount": "1", "hotelGuestChildCount": "4", "hotelNightCount": "5", "hotelRoomPrice": "358.19", "hotelFinalPrice": "1790.95"}}}
{"_id": "orderid:601139", "timestamp": "2019-12-14T18:17:00.000Z", "eventType": "transaction", "_adobeamericaspot3": {"CRMID": "crmid:6860629244", "orderDetails": {"orderID": "orderid:601139", "reservationid": "N5K-KEU7", "orderType": "call center", "hotelSKU": "prd1048", "hotelCheckInUnix": "1578766620", "hotelCheckOutUnix": "1579285020", "hotelCheckInTS": "2020-01-11T18:17:00+00:00", "hotelCheckOutTS": "2020-01-17T18:17:00+00:00", "hotelChain": "Sandhill", "hotelName": "Sandhill: Minneapolis", "hotelLocation": "Minneapolis", "hotelRoomType": "standard", "hotelRoomCount": "1", "hotelGuestAdultCount": "1", "hotelGuestChildCount": "0", "hotelNightCount": "6", "hotelRoomPrice": "101.25", "hotelFinalPrice": "607.5"}}}
{"_id": "orderid:590066", "timestamp": "2019-12-21T14:42:57.000Z", "eventType": "transaction", "_adobeamericaspot3": {"CRMID": "crmid:1662290286", "orderDetails": {"orderID": "orderid:590066", "reservationid": "6JF-Z9QV", "orderType": "call center", "hotelSKU": "prd1053", "hotelCheckInUnix": "1577025777", "hotelCheckOutUnix": "1577112177", "hotelCheckInTS": "2019-12-22T14:42:57+00:00", "hotelCheckOutTS": "2019-12-23T14:42:57+00:00", "hotelChain": "Sapphire Suites", "hotelName": "Sapphire Suites: Cleveland", "hotelLocation": "Cleveland", "hotelRoomType": "standard", "hotelRoomCount": "1", "hotelGuestAdultCount": "1", "hotelGuestChildCount": "0", "hotelNightCount": "1", "hotelRoomPrice": "141.83", "hotelFinalPrice": "141.83"}}}
{"_id": "orderid:517695", "timestamp": "2019-12-25T00:00:00.000Z", "eventType": "transaction", "_adobeamericaspot3": {"CRMID": "crmid:1662290286", "orderDetails": {"orderID": "orderid:517695", "reservationid": "CPV-972Y", "orderType": "service desk", "hotelSKU": "prd1143", "hotelCheckInUnix": "1577318400", "hotelCheckOutUnix": "1577491200", "hotelCheckInTS": "2019-12-26T00:00:00+00:00", "hotelCheckOutTS": "2019-12-28T00:00:00+00:00", "hotelChain": "Hospitality Inn", "hotelName": "Hospitality Inn: San Antonio", "hotelLocation": "San Antonio", "hotelRoomType": "premium", "hotelRoomCount": "1", "hotelGuestAdultCount": "1", "hotelGuestChildCount": "0", "hotelNightCount": "2", "hotelRoomPrice": "178.12", "hotelFinalPrice": "356.24"}}}
{"_id": "orderid:672190", "timestamp": "2020-02-06T21:19:02.000Z", "eventType": "transaction", "_adobeamericaspot3": {"CRMID": "crmid:7906387129", "orderDetails": {"orderID": "orderid:672190", "reservationid": "8CM-5LUD", "orderType": "mobile", "hotelSKU": "prd1080", "hotelCheckInUnix": "1583615942", "hotelCheckOutUnix": "1584047942", "hotelCheckInTS": "2020-03-07T21:19:02+00:00", "hotelCheckOutTS": "2020-03-12T21:19:02+00:00", "hotelChain": "Repose Resort", "hotelName": "Repose Resort: Hyderabad", "hotelLocation": "Hyderabad", "hotelRoomType": "standard", "hotelRoomCount": "1", "hotelGuestAdultCount": "1", "hotelGuestChildCount": "1", "hotelNightCount": "5", "hotelRoomPrice": "151.16", "hotelFinalPrice": "755.8"}}}
{"_id": "orderid:125253", "timestamp": "2019-12-23T12:51:29.000Z", "eventType": "transaction", "_adobeamericaspot3": {"CRMID": "crmid:8727715483", "orderDetails": {"orderID": "orderid:125253", "reservationid": "LOY-NRJA", "orderType": "kiosk", "hotelSKU": "prd1031", "hotelCheckInUnix": "1577278289", "hotelCheckOutUnix": "1577364689", "hotelCheckInTS": "2019-12-25T12:51:29+00:00", "hotelCheckOutTS": "2019-12-26T12:51:29+00:00", "hotelChain": "Nesting Box Inn", "hotelName": "Nesting Box Inn: Louisville", "hotelLocation": "Louisville", "hotelRoomType": "standard", "hotelRoomCount": "1", "hotelGuestAdultCount": "1", "hotelGuestChildCount": "0", "hotelNightCount": "1", "hotelRoomPrice": "127.97", "hotelFinalPrice": "127.97"}}}
{"_id": "orderid:420324", "timestamp": "2019-12-28T00:00:00.000Z", "eventType": "transaction", "_adobeamericaspot3": {"CRMID": "crmid:8727715483", "orderDetails": {"orderID": "orderid:420324", "reservationid": "NBU-YOHY", "orderType": "mobile", "hotelSKU": "prd1136", "hotelCheckInUnix": "1577750400", "hotelCheckOutUnix": "1577836800", "hotelCheckInTS": "2019-12-31T00:00:00+00:00", "hotelCheckOutTS": "2020-01-01T00:00:00+00:00", "hotelChain": "Aspen Heights", "hotelName": "Aspen Heights: Osaka", "hotelLocation": "Osaka", "hotelRoomType": "standard", "hotelRoomCount": "1", "hotelGuestAdultCount": "1", "hotelGuestChildCount": "0", "hotelNightCount": "1", "hotelRoomPrice": "146.98", "hotelFinalPrice": "146.98"}}}
{"_id": "orderid:681459", "timestamp": "2020-02-14T04:36:47.000Z", "eventType": "transaction", "_adobeamericaspot3": {"CRMID": "crmid:4212739127", "orderDetails": {"orderID": "orderid:681459", "reservationid": "AYS-ZUXI", "orderType": "kiosk", "hotelSKU": "prd1094", "hotelCheckInUnix": "1581741407", "hotelCheckOutUnix": "1581827807", "hotelCheckInTS": "2020-02-15T04:36:47+00:00", "hotelCheckOutTS": "2020-02-16T04:36:47+00:00", "hotelChain": "Blue Reef Resort", "hotelName": "Blue Reef Resort: Berlin", "hotelLocation": "Berlin", "hotelRoomType": "premium", "hotelRoomCount": "1", "hotelGuestAdultCount": "1", "hotelGuestChildCount": "0", "hotelNightCount": "1", "hotelRoomPrice": "174.48", "hotelFinalPrice": "174.48"}}}
{"_id": "orderid:529506", "timestamp": "2020-02-17T00:00:00.000Z", "eventType": "transaction", "_adobeamericaspot3": {"CRMID": "crmid:4212739127", "orderDetails": {"orderID": "orderid:529506", "reservationid": "HZN-XG1M", "orderType": "kiosk", "hotelSKU": "prd1132", "hotelCheckInUnix": "1581984000", "hotelCheckOutUnix": "1582416000", "hotelCheckInTS": "2020-02-18T00:00:00+00:00", "hotelCheckOutTS": "2020-02-23T00:00:00+00:00", "hotelChain": "Sandhill", "hotelName": "Sandhill: Oslo", "hotelLocation": "Oslo", "hotelRoomType": "standard", "hotelRoomCount": "1", "hotelGuestAdultCount": "1", "hotelGuestChildCount": "0", "hotelNightCount": "5", "hotelRoomPrice": "148.27", "hotelFinalPrice": "741.35"}}}
{"_id": "orderid:574045", "timestamp": "2020-02-06T19:27:51.000Z", "eventType": "transaction", "_adobeamericaspot3": {"CRMID": "crmid:8799799713", "orderDetails": {"orderID": "orderid:574045", "reservationid": "WQU-LVGI", "orderType": "mobile", "hotelSKU": "prd1105", "hotelCheckInUnix": "1581622071", "hotelCheckOutUnix": "1582831671", "hotelCheckInTS": "2020-02-13T19:27:51+00:00", "hotelCheckOutTS": "2020-02-27T19:27:51+00:00", "hotelChain": "Admiralty Plaza", "hotelName": "Admiralty Plaza: Barcelona", "hotelLocation": "Barcelona", "hotelRoomType": "standard", "hotelRoomCount": "1", "hotelGuestAdultCount": "1", "hotelGuestChildCount": "0", "hotelNightCount": "14", "hotelRoomPrice": "160.88", "hotelFinalPrice": "2252.32"}}}
{"_id": "orderid:839162", "timestamp": "2020-01-23T23:19:36.000Z", "eventType": "transaction", "_adobeamericaspot3": {"CRMID": "crmid:7963122108", "orderDetails": {"orderID": "orderid:839162", "reservationid": "G06-SB2X", "orderType": "kiosk", "hotelSKU": "prd1058", "hotelCheckInUnix": "1579907976", "hotelCheckOutUnix": "1580253576", "hotelCheckInTS": "2020-01-24T23:19:36+00:00", "hotelCheckOutTS": "2020-01-28T23:19:36+00:00", "hotelChain": "Blue Reef Resort", "hotelName": "Blue Reef Resort: Delhi", "hotelLocation": "Delhi", "hotelRoomType": "standard", "hotelRoomCount": "1", "hotelGuestAdultCount": "1", "hotelGuestChildCount": "0", "hotelNightCount": "4", "hotelRoomPrice": "189.74", "hotelFinalPrice": "758.96"}}}
{"_id": "orderid:880627", "timestamp": "2019-12-10T17:28:44.000Z", "eventType": "transaction", "_adobeamericaspot3": {"CRMID": "crmid:2534363595", "orderDetails": {"orderID": "orderid:880627", "reservationid": "8LB-P9GC", "orderType": "website", "hotelSKU": "prd1124", "hotelCheckInUnix": "1576085324", "hotelCheckOutUnix": "1576344524", "hotelCheckInTS": "2019-12-11T17:28:44+00:00", "hotelCheckOutTS": "2019-12-14T17:28:44+00:00", "hotelChain": "Aspen Heights", "hotelName": "Aspen Heights: Leeds", "hotelLocation": "Leeds", "hotelRoomType": "premium", "hotelRoomCount": "1", "hotelGuestAdultCount": "1", "hotelGuestChildCount": "0", "hotelNightCount": "3", "hotelRoomPrice": "116.0", "hotelFinalPrice": "348.0"}}}
{"_id": "orderid:217853", "timestamp": "2020-01-15T19:20:41.000Z", "eventType": "transaction", "_adobeamericaspot3": {"CRMID": "crmid:4848800570", "orderDetails": {"orderID": "orderid:217853", "reservationid": "7J4-DE2X", "orderType": "call center", "hotelSKU": "prd1114", "hotelCheckInUnix": "1581535241", "hotelCheckOutUnix": "1582485641", "hotelCheckInTS": "2020-02-12T19:20:41+00:00", "hotelCheckOutTS": "2020-02-23T19:20:41+00:00", "hotelChain": "Sego Lily Suites", "hotelName": "Sego Lily Suites: Brussels", "hotelLocation": "Brussels", "hotelRoomType": "premium", "hotelRoomCount": "1", "hotelGuestAdultCount": "1", "hotelGuestChildCount": "0", "hotelNightCount": "11", "hotelRoomPrice": "116.64", "hotelFinalPrice": "1283.04"}}}
{"_id": "orderid:460187", "timestamp": "2019-12-03T19:59:41.000Z", "eventType": "transaction", "_adobeamericaspot3": {"CRMID": "crmid:5389647568", "orderDetails": {"orderID": "orderid:460187", "reservationid": "X7C-Q2O2", "orderType": "call center", "hotelSKU": "prd1007", "hotelCheckInUnix": "1577303981", "hotelCheckOutUnix": "1578686381", "hotelCheckInTS": "2019-12-25T19:59:41+00:00", "hotelCheckOutTS": "2020-01-10T19:59:41+00:00", "hotelChain": "Nesting Box Inn", "hotelName": "Nesting Box Inn: Phoenix", "hotelLocation": "Phoenix", "hotelRoomType": "standard", "hotelRoomCount": "1", "hotelGuestAdultCount": "1", "hotelGuestChildCount": "0", "hotelNightCount": "16", "hotelRoomPrice": "119.04", "hotelFinalPrice": "1904.64"}}}
{"_id": "orderid:803235", "timestamp": "2020-01-19T21:43:59.000Z", "eventType": "transaction", "_adobeamericaspot3": {"CRMID": "crmid:9839866166", "orderDetails": {"orderID": "orderid:803235", "reservationid": "FNN-0JXG", "orderType": "website", "hotelSKU": "prd1184", "hotelCheckInUnix": "1581803039", "hotelCheckOutUnix": "1582494239", "hotelCheckInTS": "2020-02-15T21:43:59+00:00", "hotelCheckOutTS": "2020-02-23T21:43:59+00:00", "hotelChain": "Aspen Heights", "hotelName": "Aspen Heights: Arlington", "hotelLocation": "Arlington", "hotelRoomType": "standard", "hotelRoomCount": "1", "hotelGuestAdultCount": "1", "hotelGuestChildCount": "0", "hotelNightCount": "8", "hotelRoomPrice": "133.49", "hotelFinalPrice": "1067.92"}}}
{"_id": "orderid:988505", "timestamp": "2020-01-30T16:59:08.000Z", "eventType": "transaction", "_adobeamericaspot3": {"CRMID": "crmid:7017217799", "orderDetails": {"orderID": "orderid:988505", "reservationid": "QJJ-DQUD", "orderType": "service desk", "hotelSKU": "prd1190", "hotelCheckInUnix": "1580835548", "hotelCheckOutUnix": "1580921948", "hotelCheckInTS": "2020-02-04T16:59:08+00:00", "hotelCheckOutTS": "2020-02-05T16:59:08+00:00", "hotelChain": "Blue Reef Resort", "hotelName": "Blue Reef Resort: Aurora", "hotelLocation": "Aurora", "hotelRoomType": "standard", "hotelRoomCount": "1", "hotelGuestAdultCount": "1", "hotelGuestChildCount": "0", "hotelNightCount": "1", "hotelRoomPrice": "155.85", "hotelFinalPrice": "155.85"}}}
{"_id": "orderid:232487", "timestamp": "2020-02-12T10:58:52.000Z", "eventType": "transaction", "_adobeamericaspot3": {"CRMID": "crmid:8449730737", "orderDetails": {"orderID": "orderid:232487", "reservationid": "TFU-8OY5", "orderType": "mobile", "hotelSKU": "prd1191", "hotelCheckInUnix": "1583492332", "hotelCheckOutUnix": "1583751532", "hotelCheckInTS": "2020-03-06T10:58:52+00:00", "hotelCheckOutTS": "2020-03-09T10:58:52+00:00", "hotelChain": "Hospitality Inn", "hotelName": "Hospitality Inn: Mumbai", "hotelLocation": "Mumbai", "hotelRoomType": "standard", "hotelRoomCount": "1", "hotelGuestAdultCount": "1", "hotelGuestChildCount": "0", "hotelNightCount": "3", "hotelRoomPrice": "149.02", "hotelFinalPrice": "447.06"}}}
{"_id": "orderid:174975", "timestamp": "2019-12-02T12:39:40.000Z", "eventType": "transaction", "_adobeamericaspot3": {"CRMID": "crmid:1610479095", "orderDetails": {"orderID": "orderid:174975", "reservationid": "1NA-OI5A", "orderType": "website", "hotelSKU": "prd1109", "hotelCheckInUnix": "1575722380", "hotelCheckOutUnix": "1577363980", "hotelCheckInTS": "2019-12-07T12:39:40+00:00", "hotelCheckOutTS": "2019-12-26T12:39:40+00:00", "hotelChain": "Grandeur Hotels", "hotelName": "Grandeur Hotels: Belgrade", "hotelLocation": "Belgrade", "hotelRoomType": "premium", "hotelRoomCount": "1", "hotelGuestAdultCount": "1", "hotelGuestChildCount": "0", "hotelNightCount": "19", "hotelRoomPrice": "124.26", "hotelFinalPrice": "2360.94"}}}
{"_id": "orderid:803136", "timestamp": "2019-12-15T18:42:56.000Z", "eventType": "transaction", "_adobeamericaspot3": {"CRMID": "crmid:6531365803", "orderDetails": {"orderID": "orderid:803136", "reservationid": "GLT-OYHU", "orderType": "kiosk", "hotelSKU": "prd1143", "hotelCheckInUnix": "1579027376", "hotelCheckOutUnix": "1579891376", "hotelCheckInTS": "2020-01-14T18:42:56+00:00", "hotelCheckOutTS": "2020-01-24T18:42:56+00:00", "hotelChain": "Hospitality Inn", "hotelName": "Hospitality Inn: San Antonio", "hotelLocation": "San Antonio", "hotelRoomType": "standard", "hotelRoomCount": "1", "hotelGuestAdultCount": "1", "hotelGuestChildCount": "4", "hotelNightCount": "10", "hotelRoomPrice": "147.63", "hotelFinalPrice": "1476.3"}}}
{"_id": "orderid:537846", "timestamp": "2020-02-01T22:52:02.000Z", "eventType": "transaction", "_adobeamericaspot3": {"CRMID": "crmid:2949254768", "orderDetails": {"orderID": "orderid:537846", "reservationid": "DCC-HZJQ", "orderType": "call center", "hotelSKU": "prd1186", "hotelCheckInUnix": "1582411922", "hotelCheckOutUnix": "1582757522", "hotelCheckInTS": "2020-02-22T22:52:02+00:00", "hotelCheckOutTS": "2020-02-26T22:52:02+00:00", "hotelChain": "Sego Lily Suites", "hotelName": "Sego Lily Suites: Wichita", "hotelLocation": "Wichita", "hotelRoomType": "premium", "hotelRoomCount": "1", "hotelGuestAdultCount": "1", "hotelGuestChildCount": "1", "hotelNightCount": "4", "hotelRoomPrice": "134.35", "hotelFinalPrice": "537.4"}}}
{"_id": "orderid:592149", "timestamp": "2020-02-13T14:45:32.000Z", "eventType": "transaction", "_adobeamericaspot3": {"CRMID": "crmid:6382103666", "orderDetails": {"orderID": "orderid:592149", "reservationid": "QQF-MOSX", "orderType": "kiosk", "hotelSKU": "prd1134", "hotelCheckInUnix": "1582382732", "hotelCheckOutUnix": "1582641932", "hotelCheckInTS": "2020-02-22T14:45:32+00:00", "hotelCheckOutTS": "2020-02-25T14:45:32+00:00", "hotelChain": "Restful Nights", "hotelName": "Restful Nights: Montreal", "hotelLocation": "Montreal", "hotelRoomType": "standard", "hotelRoomCount": "1", "hotelGuestAdultCount": "1", "hotelGuestChildCount": "0", "hotelNightCount": "3", "hotelRoomPrice": "127.91", "hotelFinalPrice": "383.73"}}}
{"_id": "orderid:915921", "timestamp": "2020-01-20T20:21:44.000Z", "eventType": "transaction", "_adobeamericaspot3": {"CRMID": "crmid:4070870081", "orderDetails": {"orderID": "orderid:915921", "reservationid": "0Y2-EUR2", "orderType": "website", "hotelSKU": "prd1088", "hotelCheckInUnix": "1581452504", "hotelCheckOutUnix": "1581884504", "hotelCheckInTS": "2020-02-11T20:21:44+00:00", "hotelCheckOutTS": "2020-02-16T20:21:44+00:00", "hotelChain": "Aspen Heights", "hotelName": "Aspen Heights: Ankara", "hotelLocation": "Ankara", "hotelRoomType": "standard", "hotelRoomCount": "1", "hotelGuestAdultCount": "1", "hotelGuestChildCount": "0", "hotelNightCount": "5", "hotelRoomPrice": "105.59", "hotelFinalPrice": "527.95"}}}
{"_id": "orderid:242160", "timestamp": "2019-12-10T17:05:25.000Z", "eventType": "transaction", "_adobeamericaspot3": {"CRMID": "crmid:7395606991", "orderDetails": {"orderID": "orderid:242160", "reservationid": "LAW-P7PW", "orderType": "website", "hotelSKU": "prd1058", "hotelCheckInUnix": "1577639125", "hotelCheckOutUnix": "1578416725", "hotelCheckInTS": "2019-12-29T17:05:25+00:00", "hotelCheckOutTS": "2020-01-07T17:05:25+00:00", "hotelChain": "Blue Reef Resort", "hotelName": "Blue Reef Resort: Delhi", "hotelLocation": "Delhi", "hotelRoomType": "standard", "hotelRoomCount": "1", "hotelGuestAdultCount": "1", "hotelGuestChildCount": "0", "hotelNightCount": "9", "hotelRoomPrice": "156.66", "hotelFinalPrice": "1409.94"}}}
