id,reservationid,orderid,crmid,timestamporderType,productsku,hotelCheckInUnix,hotelCheckOutUnix,hotelCheckInTS,hotelCheckOutTS,hotelName,hotelChain,hotelLocation,hotelRoomType,hotelRoomCount,hotelGuestAdultCount,hotelGuestChildCount,hotelNightCount,hotelRoomPrice,hotelFinalPrice
orderid:882308,XGF-JNCU,orderid:882308,crmid:9113069492,2019-12-28T14:58:19.000Z,call center,prd1058,1579791499,1579964299,2020-01-23T14:58:19+00:00,2020-01-25T14:58:19+00:00,Blue Reef Resort: Delhi,Blue Reef Resort,Delhi,standard,1,1,0,2,174.84,349.68
orderid:258657,ZJM-YWJL,orderid:258657,crmid:2648880771,2020-01-16T12:02:32.000Z,kiosk,prd1021,1579262552,1579348952,2020-01-17T12:02:32+00:00,2020-01-18T12:02:32+00:00,Admiralty Plaza: Denver,Admiralty Plaza,Denver,premium,1,1,0,1,161.79,161.79
orderid:267563,QWK-9A8V,orderid:267563,crmid:2252616908,2019-12-11T10:12:21.000Z,kiosk,prd1185,1577268741,1578132741,2019-12-25T10:12:21+00:00,2020-01-04T10:12:21+00:00,Sapphire Suites: New Orleans,Sapphire Suites,New Orleans,standard,1,1,0,10,131.24,1312.4
orderid:330759,VN7-ZSYG,orderid:330759,crmid:4713776000,2019-12-28T06:00:47.000Z,call center,prd1194,1577599247,1577772047,2019-12-29T06:00:47+00:00,2019-12-31T06:00:47+00:00,Restful Nights: Tianjin,Restful Nights,Tianjin,standard,1,1,0,2,158.67,317.34
orderid:757432,Q23-LH1I,orderid:757432,crmid:5952785056,2020-02-15T11:29:36.000Z,call center,prd1190,1582543776,1583148576,2020-02-24T11:29:36+00:00,2020-03-02T11:29:36+00:00,Blue Reef Resort: Aurora,Blue Reef Resort,Aurora,standard,1,1,0,7,115.27,806.89
orderid:894981,VTV-W4BT,orderid:894981,crmid:6449310664,2020-02-13T18:47:18.000Z,website,prd1119,1581878838,1581965238,2020-02-16T18:47:18+00:00,2020-02-17T18:47:18+00:00,Hospitality Inn: Turin,Hospitality Inn,Turin,standard,1,1,0,1,133.11,133.11
orderid:652557,3PQ-1AHB,orderid:652557,crmid:6449310664,2020-02-18T00:00:00.000Z,website,prd1011,1582070400,1582243200,2020-02-19T00:00:00+00:00,2020-02-21T00:00:00+00:00,Hospitality Inn: Dallas,Hospitality Inn,Dallas,luxury,1,1,0,2,317.74,635.48
orderid:894329,T20-LOCJ,orderid:894329,crmid:4006592358,2019-12-11T13:38:20.000Z,mobile,prd1136,1576244300,1576417100,2019-12-13T13:38:20+00:00,2019-12-15T13:38:20+00:00,Aspen Heights: Osaka,Aspen Heights,Osaka,standard,1,1,0,2,156.07,312.14
orderid:988421,TCB-FYVS,orderid:988421,crmid:4900179416,2020-01-08T20:05:58.000Z,call center,prd1059,1580328358,1580933158,2020-01-29T20:05:58+00:00,2020-02-05T20:05:58+00:00,Hospitality Inn: Kinshasa,Hospitality Inn,Kinshasa,premium,1,1,0,7,136.42,954.94
orderid:481214,A7K-4BQA,orderid:481214,crmid:5445095582,2019-12-10T00:19:38.000Z,mobile,prd1077,1577665178,1578269978,2019-12-30T00:19:38+00:00,2020-01-06T00:19:38+00:00,Sapphire Suites: Cairo,Sapphire Suites,Cairo,premium,1,1,0,7,133.57,934.99
orderid:116681,QEX-J5JZ,orderid:116681,crmid:3490545876,2020-02-14T16:02:36.000Z,kiosk,prd1166,1581782556,1581868956,2020-02-15T16:02:36+00:00,2020-02-16T16:02:36+00:00,Blue Reef Resort: Baltimore,Blue Reef Resort,Baltimore,standard,1,1,0,1,112.96,112.96
orderid:689378,TXH-BISB,orderid:689378,crmid:3490545876,2020-02-17T00:00:00.000Z,mobile,prd1045,1581984000,1582243200,2020-02-18T00:00:00+00:00,2020-02-21T00:00:00+00:00,Admiralty Plaza: Miami,Admiralty Plaza,Miami,premium,1,1,0,3,154.42,463.26
orderid:263588,NVG-ZJTL,orderid:263588,crmid:3479188229,2020-01-28T17:25:21.000Z,website,prd1022,1581701121,1582046721,2020-02-14T17:25:21+00:00,2020-02-18T17:25:21+00:00,Blue Reef Resort: Washington DC,Blue Reef Resort,Washington DC,standard,1,1,2,4,161.84,647.36
orderid:907438,KIL-KS77,orderid:907438,crmid:9897195653,2020-02-12T18:49:04.000Z,call center,prd1127,1581706144,1581792544,2020-02-14T18:49:04+00:00,2020-02-15T18:49:04+00:00,Nesting Box Inn: Glasgow,Nesting Box Inn,Glasgow,standard,1,1,0,1,162.29,162.29
orderid:846974,Y7Y-U94B,orderid:846974,crmid:5077020324,2019-12-14T05:42:54.000Z,website,prd1133,1578116574,1578721374,2020-01-04T05:42:54+00:00,2020-01-11T05:42:54+00:00,Grandeur Hotels: Toronto,Grandeur Hotels,Toronto,standard,1,1,4,7,168.51,1179.57
orderid:869293,ZKO-QFRY,orderid:869293,crmid:3346982629,2019-12-07T07:20:39.000Z,website,prd1172,1576999239,1577085639,2019-12-22T07:20:39+00:00,2019-12-23T07:20:39+00:00,Aspen Heights: Mesa,Aspen Heights,Mesa,standard,1,1,0,1,142.98,142.98
orderid:625672,AIP-D85K,orderid:625672,crmid:4789762807,2019-12-23T23:44:04.000Z,kiosk,prd1130,1579304644,1579823044,2020-01-17T23:44:04+00:00,2020-01-23T23:44:04+00:00,Blue Reef Resort: Bremen,Blue Reef Resort,Bremen,standard,1,1,0,6,156.88,941.28
orderid:595640,QDC-7X5I,orderid:595640,crmid:3928410029,2020-02-11T15:24:13.000Z,call center,prd1022,1582039453,1582557853,2020-02-18T15:24:13+00:00,2020-02-24T15:24:13+00:00,Blue Reef Resort: Washington DC,Blue Reef Resort,Washington DC,luxury,1,1,3,6,429.11,2574.66
orderid:470548,YFN-QYRH,orderid:470548,crmid:5898381041,2020-01-08T23:11:07.000Z,service desk,prd1085,1578697867,1578870667,2020-01-10T23:11:07+00:00,2020-01-12T23:11:07+00:00,Grandeur Hotels: Saint Petersburg,Grandeur Hotels,Saint Petersburg,standard,1,1,0,2,187.55,375.1
orderid:741760,VHK-H0BR,orderid:741760,crmid:5898381041,2020-01-14T00:00:00.000Z,kiosk,prd1183,1579046400,1579132800,2020-01-15T00:00:00+00:00,2020-01-16T00:00:00+00:00,Family Fun Hotels: Tulsa,Family Fun Hotels,Tulsa,standard,1,1,0,1,132.3,132.3
orderid:901011,O1Q-YICT,orderid:901011,crmid:3280794183,2019-12-13T01:05:36.000Z,website,prd1034,1578013536,1578618336,2020-01-03T01:05:36+00:00,2020-01-10T01:05:36+00:00,Blue Reef Resort: Albuquerque,Blue Reef Resort,Albuquerque,standard,1,1,0,7,145.68,1019.76
orderid:140111,HNN-7RPR,orderid:140111,crmid:9599003177,2020-02-11T13:46:32.000Z,call center,prd1048,1581601592,1581774392,2020-02-13T13:46:32+00:00,2020-02-15T13:46:32+00:00,Sandhill: Minneapolis,Sandhill,Minneapolis,standard,1,1,0,2,87.4,174.8
orderid:870775,VSG-LQR6,orderid:870775,crmid:8791710246,2019-12-31T13:58:24.000Z,mobile,prd1142,1577887104,1578059904,2020-01-01T13:58:24+00:00,2020-01-03T13:58:24+00:00,Blue Reef Resort: Philadelphia,Blue Reef Resort,Philadelphia,standard,1,1,0,2,139.93,279.86
orderid:501790,TDG-CEIO,orderid:501790,crmid:9777912095,2019-12-23T13:02:29.000Z,call center,prd1159,1577365349,1577624549,2019-12-26T13:02:29+00:00,2019-12-29T13:02:29+00:00,Family Fun Hotels: Detroit,Family Fun Hotels,Detroit,luxury,1,1,0,3,261.11,783.33
orderid:458888,LMA-N2SV,orderid:458888,crmid:1316912778,2019-12-18T09:56:10.000Z,kiosk,prd1167,1578477370,1579082170,2020-01-08T09:56:10+00:00,2020-01-15T09:56:10+00:00,Hospitality Inn: Milwaukee,Hospitality Inn,Milwaukee,standard,1,1,0,7,120.15,841.05
orderid:344781,HMF-OHW6,orderid:344781,crmid:1712431149,2020-01-26T07:03:23.000Z,call center,prd1159,1580108603,1580195003,2020-01-27T07:03:23+00:00,2020-01-28T07:03:23+00:00,Family Fun Hotels: Detroit,Family Fun Hotels,Detroit,standard,1,1,0,1,130.82,130.82
orderid:855584,6BZ-DXVO,orderid:855584,crmid:8003322155,2019-12-26T08:06:34.000Z,website,prd1046,1579334794,1579853194,2020-01-18T08:06:34+00:00,2020-01-24T08:06:34+00:00,Blue Reef Resort: Virginia Beach,Blue Reef Resort,Virginia Beach,standard,1,1,0,6,75.94,455.64
orderid:665921,PUY-XJBW,orderid:665921,crmid:3344319504,2020-02-08T17:24:26.000Z,website,prd1047,1581355466,1581614666,2020-02-10T17:24:26+00:00,2020-02-13T17:24:26+00:00,Hospitality Inn: Oakland,Hospitality Inn,Oakland,premium,1,1,0,3,120.77,362.31
orderid:694509,H42-MYRX,orderid:694509,crmid:3943501351,2020-01-23T17:16:26.000Z,service desk,prd1076,1582132586,1582478186,2020-02-19T17:16:26+00:00,2020-02-23T17:16:26+00:00,Aspen Heights: Bogota,Aspen Heights,Bogota,standard,1,1,2,4,110.97,443.88
orderid:486519,PWU-NVUI,orderid:486519,crmid:4831975166,2020-01-01T20:47:58.000Z,kiosk,prd1131,1580071678,1580676478,2020-01-26T20:47:58+00:00,2020-02-02T20:47:58+00:00,Hospitality Inn: Sheffield,Hospitality Inn,Sheffield,standard,1,1,1,7,116.14,812.98
orderid:130633,EQW-WV3D,orderid:130633,crmid:4322872947,2020-01-06T12:17:28.000Z,kiosk,prd1117,1580386648,1580905048,2020-01-30T12:17:28+00:00,2020-02-05T12:17:28+00:00,Admiralty Plaza: Dublin,Admiralty Plaza,Dublin,standard,1,1,0,6,143.07,858.42
orderid:528746,WI6-U15X,orderid:528746,crmid:4407984191,2020-01-06T22:24:55.000Z,service desk,prd1185,1579299895,1579904695,2020-01-17T22:24:55+00:00,2020-01-24T22:24:55+00:00,Sapphire Suites: New Orleans,Sapphire Suites,New Orleans,premium,1,1,2,7,127.7,893.9
orderid:124373,0T9-SEZ0,orderid:124373,crmid:9642930299,2019-12-11T07:56:27.000Z,kiosk,prd1035,1578124587,1579506987,2020-01-04T07:56:27+00:00,2020-01-20T07:56:27+00:00,Hospitality Inn: Tucson,Hospitality Inn,Tucson,standard,1,1,0,16,140.02,2240.32
orderid:465695,V2R-68L8,orderid:465695,crmid:5773887538,2019-12-16T13:41:09.000Z,kiosk,prd1119,1578836469,1579786869,2020-01-12T13:41:09+00:00,2020-01-23T13:41:09+00:00,Hospitality Inn: Turin,Hospitality Inn,Turin,standard,1,1,1,11,89.41,983.51
orderid:304846,KY4-GMNE,orderid:304846,crmid:8788979782,2019-12-30T16:51:15.000Z,kiosk,prd1169,1577811075,1577983875,2019-12-31T16:51:15+00:00,2020-01-02T16:51:15+00:00,Grandeur Hotels: Tucson,Grandeur Hotels,Tucson,standard,1,1,0,2,122.55,245.1
orderid:172090,PHE-VJY7,orderid:172090,crmid:1356120741,2019-12-13T16:13:35.000Z,call center,prd1119,1576340015,1576512815,2019-12-14T16:13:35+00:00,2019-12-16T16:13:35+00:00,Hospitality Inn: Turin,Hospitality Inn,Turin,premium,1,1,0,2,135.35,270.7
orderid:872440,P6X-FNYB,orderid:872440,crmid:1543203856,2020-02-12T14:50:18.000Z,mobile,prd1055,1582037418,1582469418,2020-02-18T14:50:18+00:00,2020-02-23T14:50:18+00:00,Nesting Box Inn: Bakersfield,Nesting Box Inn,Bakersfield,premium,1,1,0,5,104.66,523.3
orderid:774759,ESB-EOFX,orderid:774759,crmid:1387695270,2020-01-21T22:14:18.000Z,call center,prd1153,1581459258,1582064058,2020-02-11T22:14:18+00:00,2020-02-18T22:14:18+00:00,Admiralty Plaza: Charlotte,Admiralty Plaza,Charlotte,premium,1,1,3,7,131.79,922.53
orderid:461956,GMW-NE0W,orderid:461956,crmid:1783388274,2020-02-03T17:40:08.000Z,website,prd1086,1580838008,1581183608,2020-02-04T17:40:08+00:00,2020-02-08T17:40:08+00:00,Restful Nights: Johannesburg,Restful Nights,Johannesburg,standard,1,1,0,4,98.87,395.48
orderid:644179,3YR-GTQY,orderid:644179,crmid:1783388274,2020-02-09T00:00:00.000Z,website,prd1189,1581292800,1581379200,2020-02-10T00:00:00+00:00,2020-02-11T00:00:00+00:00,Admiralty Plaza: Bakersfield,Admiralty Plaza,Bakersfield,standard,1,1,0,1,152.25,152.25
orderid:906544,HHJ-AHTN,orderid:906544,crmid:7515083742,2020-02-02T04:42:09.000Z,website,prd1141,1580704929,1580877729,2020-02-03T04:42:09+00:00,2020-02-05T04:42:09+00:00,Admiralty Plaza: Phoenix,Admiralty Plaza,Phoenix,standard,1,1,0,2,145.8,291.6
orderid:553112,SLV-N8AN,orderid:553112,crmid:2540979086,2019-12-30T07:46:13.000Z,call center,prd1033,1579419973,1581061573,2020-01-19T07:46:13+00:00,2020-02-07T07:46:13+00:00,Admiralty Plaza: Milwaukee,Admiralty Plaza,Milwaukee,standard,1,1,0,19,97.82,1858.58
orderid:234001,BUL-TIPD,orderid:234001,crmid:3394191450,2020-02-15T07:34:13.000Z,website,prd1107,1583220853,1584171253,2020-03-03T07:34:13+00:00,2020-03-14T07:34:13+00:00,Hospitality Inn: Kharkiv,Hospitality Inn,Kharkiv,standard,1,1,0,11,130.81,1438.91
orderid:170770,O2K-XSHN,orderid:170770,crmid:2566574729,2020-01-26T00:55:28.000Z,call center,prd1023,1581987328,1582764928,2020-02-18T00:55:28+00:00,2020-02-27T00:55:28+00:00,Hospitality Inn: Boston,Hospitality Inn,Boston,premium,1,1,3,9,174.82,1573.38
orderid:805621,X46-SDWQ,orderid:805621,crmid:9402903953,2020-02-09T20:48:29.000Z,kiosk,prd1076,1581367709,1581454109,2020-02-10T20:48:29+00:00,2020-02-11T20:48:29+00:00,Aspen Heights: Bogota,Aspen Heights,Bogota,luxury,1,1,0,1,313.94,313.94
orderid:918972,Q5R-UCWA,orderid:918972,crmid:5951179731,2020-01-19T07:46:50.000Z,service desk,prd1118,1581148010,1581752810,2020-02-08T07:46:50+00:00,2020-02-15T07:46:50+00:00,Blue Reef Resort: Cologne,Blue Reef Resort,Cologne,standard,1,1,0,7,159.68,1117.76
orderid:462929,DGX-RSQK,orderid:462929,crmid:5295706261,2020-01-06T02:10:09.000Z,website,prd1040,1580782209,1582078209,2020-02-04T02:10:09+00:00,2020-02-19T02:10:09+00:00,Aspen Heights: Atlanta,Aspen Heights,Atlanta,premium,1,1,0,15,135.92,2038.8
orderid:167702,BQF-TFRF,orderid:167702,crmid:1157185698,2020-01-25T09:07:02.000Z,website,prd1184,1581066422,1582362422,2020-02-07T09:07:02+00:00,2020-02-22T09:07:02+00:00,Aspen Heights: Arlington,Aspen Heights,Arlington,standard,1,1,4,15,121.88,1828.2
orderid:871754,X3J-JCQZ,orderid:871754,crmid:2826306013,2020-01-21T02:55:21.000Z,call center,prd1064,1581648921,1582340121,2020-02-14T02:55:21+00:00,2020-02-22T02:55:21+00:00,Aspen Heights: Paris,Aspen Heights,Paris,standard,1,1,0,8,144.76,1158.08
orderid:120344,TGR-6Y6W,orderid:120344,crmid:6172379665,2020-01-29T23:57:19.000Z,service desk,prd1109,1580515039,1580601439,2020-01-31T23:57:19+00:00,2020-02-01T23:57:19+00:00,Grandeur Hotels: Belgrade,Grandeur Hotels,Belgrade,standard,1,1,0,1,156.24,156.24
orderid:577540,5DQ-XCWF,orderid:577540,crmid:7446190195,2019-12-24T02:55:16.000Z,mobile,prd1086,1577501716,1577674516,2019-12-28T02:55:16+00:00,2019-12-30T02:55:16+00:00,Restful Nights: Johannesburg,Restful Nights,Johannesburg,luxury,1,1,0,2,371.63,743.26
orderid:273997,XBB-I4RR,orderid:273997,crmid:4321271009,2020-01-26T08:57:57.000Z,kiosk,prd1093,1582361877,1583830677,2020-02-22T08:57:57+00:00,2020-03-10T08:57:57+00:00,Admiralty Plaza: Yokohama,Admiralty Plaza,Yokohama,standard,1,1,0,17,74.5,1266.5
orderid:346703,AS1-ZTDA,orderid:346703,crmid:9673639912,2020-01-05T23:00:10.000Z,website,prd1024,1580338810,1580943610,2020-01-29T23:00:10+00:00,2020-02-05T23:00:10+00:00,Sandhill: El Paso,Sandhill,El Paso,standard,1,1,0,7,146.82,1027.74
orderid:329055,RMS-RM8W,orderid:329055,crmid:1689945315,2020-01-15T07:38:36.000Z,service desk,prd1177,1580888316,1582357116,2020-02-05T07:38:36+00:00,2020-02-22T07:38:36+00:00,Admiralty Plaza: Raleigh,Admiralty Plaza,Raleigh,standard,1,1,4,17,155.82,2648.94
orderid:972854,SEW-GKED,orderid:972854,crmid:5571976727,2020-02-08T19:23:02.000Z,kiosk,prd1148,1583090582,1583695382,2020-03-01T19:23:02+00:00,2020-03-08T19:23:02+00:00,Aspen Heights: Jacksonville,Aspen Heights,Jacksonville,standard,1,1,4,7,189.87,1329.09
orderid:324217,HLF-HDEK,orderid:324217,crmid:4131328245,2020-01-03T17:37:49.000Z,kiosk,prd1166,1580146669,1580492269,2020-01-27T17:37:49+00:00,2020-01-31T17:37:49+00:00,Blue Reef Resort: Baltimore,Blue Reef Resort,Baltimore,standard,1,1,0,4,141.05,564.2
orderid:354800,YKM-JM4Q,orderid:354800,crmid:8485278608,2019-12-10T10:13:38.000Z,website,prd1083,1576059218,1576404818,2019-12-11T10:13:38+00:00,2019-12-15T10:13:38+00:00,Hospitality Inn: Bangkok,Hospitality Inn,Bangkok,ultra-luxury,1,1,0,4,263.63,1054.52
orderid:367099,YAT-Y91Q,orderid:367099,crmid:9452778670,2019-12-23T08:59:32.000Z,call center,prd1014,1579337972,1580374772,2020-01-18T08:59:32+00:00,2020-01-30T08:59:32+00:00,Restful Nights: Jacksonville,Restful Nights,Jacksonville,standard,1,1,1,12,113.03,1356.36
orderid:575266,ZWP-TCDD,orderid:575266,crmid:4929767796,2020-01-08T21:03:08.000Z,kiosk,prd1045,1580504588,1581454988,2020-01-31T21:03:08+00:00,2020-02-11T21:03:08+00:00,Admiralty Plaza: Miami,Admiralty Plaza,Miami,standard,1,1,0,11,111.38,1225.18
orderid:977025,QCX-X8PA,orderid:977025,crmid:8290147424,2019-12-23T01:38:51.000Z,website,prd1196,1579570731,1579916331,2020-01-21T01:38:51+00:00,2020-01-25T01:38:51+00:00,Aspen Heights: Moscow,Aspen Heights,Moscow,premium,1,1,0,4,115.86,463.44
orderid:237955,SCL-K1RY,orderid:237955,crmid:7976907704,2019-12-23T13:42:58.000Z,kiosk,prd1004,1577194978,1577540578,2019-12-24T13:42:58+00:00,2019-12-28T13:42:58+00:00,Aspen Heights: Boulder,Aspen Heights,Boulder,standard,1,1,0,4,160.07,640.28
orderid:310288,UWG-SBXE,orderid:310288,crmid:7341207365,2019-12-23T23:11:19.000Z,website,prd1098,1577574679,1577833879,2019-12-28T23:11:19+00:00,2019-12-31T23:11:19+00:00,Restful Nights: Kiev,Restful Nights,Kiev,standard,1,1,0,3,123.21,369.63
orderid:149347,DLU-AR77,orderid:149347,crmid:1204749502,2020-01-30T15:43:08.000Z,call center,prd1083,1582126988,1583077388,2020-02-19T15:43:08+00:00,2020-03-01T15:43:08+00:00,Hospitality Inn: Bangkok,Hospitality Inn,Bangkok,standard,1,1,2,11,127.08,1397.88
orderid:525628,AI3-WD6Z,orderid:525628,crmid:8173709006,2020-02-06T15:28:32.000Z,mobile,prd1178,1581089312,1581175712,2020-02-07T15:28:32+00:00,2020-02-08T15:28:32+00:00,Blue Reef Resort: Colorado Springs,Blue Reef Resort,Colorado Springs,standard,1,1,0,1,143.01,143.01
orderid:807716,2IR-FRY2,orderid:807716,crmid:4472537098,2020-01-06T20:14:36.000Z,website,prd1187,1578946476,1579551276,2020-01-13T20:14:36+00:00,2020-01-20T20:14:36+00:00,Nesting Box Inn: Cleveland,Nesting Box Inn,Cleveland,standard,1,1,0,7,111.92,783.44
orderid:995215,YUO-WY5Z,orderid:995215,crmid:9635657995,2020-02-05T14:24:08.000Z,kiosk,prd1057,1583245448,1583936648,2020-03-03T14:24:08+00:00,2020-03-11T14:24:08+00:00,Admiralty Plaza: Mumbai,Admiralty Plaza,Mumbai,standard,1,1,0,8,174.13,1393.04
orderid:388508,HGQ-2YCZ,orderid:388508,crmid:1831587218,2020-02-08T23:45:16.000Z,call center,prd1034,1583538316,1584143116,2020-03-06T23:45:16+00:00,2020-03-13T23:45:16+00:00,Blue Reef Resort: Albuquerque,Blue Reef Resort,Albuquerque,standard,1,1,0,7,160.87,1126.09
orderid:728174,RZB-NYU6,orderid:728174,crmid:9990829126,2020-02-10T07:50:04.000Z,kiosk,prd1055,1582012204,1583049004,2020-02-18T07:50:04+00:00,2020-03-01T07:50:04+00:00,Nesting Box Inn: Bakersfield,Nesting Box Inn,Bakersfield,standard,1,1,3,12,138.74,1664.88
orderid:488231,9DX-L1L8,orderid:488231,crmid:8465139233,2019-12-04T09:42:30.000Z,website,prd1136,1577007750,1577526150,2019-12-22T09:42:30+00:00,2019-12-28T09:42:30+00:00,Aspen Heights: Osaka,Aspen Heights,Osaka,premium,1,1,0,6,160.97,965.82
orderid:627870,C4X-DPOS,orderid:627870,crmid:5502588857,2019-12-30T00:46:34.000Z,kiosk,prd1151,1578789994,1579308394,2020-01-12T00:46:34+00:00,2020-01-18T00:46:34+00:00,Nesting Box Inn: Fort Worth,Nesting Box Inn,Fort Worth,standard,1,1,0,6,117.56,705.36
orderid:953927,QUT-7FCK,orderid:953927,crmid:6895227196,2020-01-18T05:06:30.000Z,kiosk,prd1171,1579496790,1579669590,2020-01-20T05:06:30+00:00,2020-01-22T05:06:30+00:00,Family Fun Hotels: Sacramento,Family Fun Hotels,Sacramento,standard,1,1,0,2,126.74,253.48
orderid:513235,74M-DZJC,orderid:513235,crmid:8218936982,2020-01-05T04:32:23.000Z,call center,prd1083,1578285143,1578457943,2020-01-06T04:32:23+00:00,2020-01-08T04:32:23+00:00,Hospitality Inn: Bangkok,Hospitality Inn,Bangkok,standard,1,1,0,2,139.81,279.62
orderid:415758,HUW-UYGV,orderid:415758,crmid:7317532130,2020-02-09T10:22:21.000Z,kiosk,prd1137,1583490141,1584440541,2020-03-06T10:22:21+00:00,2020-03-17T10:22:21+00:00,Sapphire Suites: Manila,Sapphire Suites,Manila,standard,1,1,0,11,135.43,1489.73
orderid:445659,PJC-TBFW,orderid:445659,crmid:5390688614,2020-02-09T10:34:49.000Z,website,prd1150,1583145289,1583750089,2020-03-02T10:34:49+00:00,2020-03-09T10:34:49+00:00,Sego Lily Suites: Columbus,Sego Lily Suites,Columbus,premium,1,1,2,7,180.8,1265.6
orderid:967718,PD4-UTXF,orderid:967718,crmid:5785343613,2020-02-07T11:26:23.000Z,mobile,prd1081,1581161183,1581247583,2020-02-08T11:26:23+00:00,2020-02-09T11:26:23+00:00,Admiralty Plaza: Rod de Janeiro,Admiralty Plaza,Rod de Janeiro,premium,1,1,0,1,120.01,120.01
orderid:610519,XMK-BFOR,orderid:610519,crmid:5785343613,2020-02-11T00:00:00.000Z,call center,prd1001,1581465600,1581552000,2020-02-12T00:00:00+00:00,2020-02-13T00:00:00+00:00,Grandeur Hotels: New York,Grandeur Hotels,New York,standard,1,1,0,1,168.76,168.76
orderid:542305,WAO-KMEK,orderid:542305,crmid:7537385157,2020-01-06T06:01:25.000Z,kiosk,prd1127,1580191285,1580277685,2020-01-28T06:01:25+00:00,2020-01-29T06:01:25+00:00,Nesting Box Inn: Glasgow,Nesting Box Inn,Glasgow,standard,1,1,0,1,190.37,190.37
orderid:979869,E9M-EUTV,orderid:979869,crmid:9909222662,2019-12-22T13:06:36.000Z,mobile,prd1124,1577106396,1577279196,2019-12-23T13:06:36+00:00,2019-12-25T13:06:36+00:00,Aspen Heights: Leeds,Aspen Heights,Leeds,standard,1,1,0,2,126.48,252.96
orderid:878252,ZQZ-Z6JF,orderid:878252,crmid:2703788907,2020-01-05T06:57:36.000Z,website,prd1105,1580453856,1580540256,2020-01-31T06:57:36+00:00,2020-02-01T06:57:36+00:00,Admiralty Plaza: Barcelona,Admiralty Plaza,Barcelona,standard,1,1,0,1,84.33,84.33
orderid:150984,IKD-6KI3,orderid:150984,crmid:2047337964,2019-12-16T01:03:30.000Z,kiosk,prd1142,1576544610,1576631010,2019-12-17T01:03:30+00:00,2019-12-18T01:03:30+00:00,Blue Reef Resort: Philadelphia,Blue Reef Resort,Philadelphia,premium,1,1,0,1,182.13,182.13
orderid:638103,VJ9-4R9X,orderid:638103,crmid:2047337964,2019-12-20T00:00:00.000Z,call center,prd1177,1576886400,1576972800,2019-12-21T00:00:00+00:00,2019-12-22T00:00:00+00:00,Admiralty Plaza: Raleigh,Admiralty Plaza,Raleigh,premium,1,1,0,1,111.03,111.03
orderid:813546,O7A-NJVY,orderid:813546,crmid:1084375914,2020-01-29T22:42:40.000Z,kiosk,prd1113,1582411360,1582929760,2020-02-22T22:42:40+00:00,2020-02-28T22:42:40+00:00,Sapphire Suites: Kazan,Sapphire Suites,Kazan,premium,1,1,0,6,126.47,758.82
orderid:118001,SUU-BAD7,orderid:118001,crmid:5521826151,2020-02-13T23:55:14.000Z,call center,prd1065,1584230114,1584834914,2020-03-14T23:55:14+00:00,2020-03-21T23:55:14+00:00,Sapphire Suites: Beijing,Sapphire Suites,Beijing,premium,1,1,1,7,133.12,931.84
orderid:893575,OVM-AOE7,orderid:893575,crmid:8804020483,2020-02-07T01:23:09.000Z,mobile,prd1095,1583112189,1583803389,2020-03-02T01:23:09+00:00,2020-03-10T01:23:09+00:00,Hospitality Inn: Casablanca,Hospitality Inn,Casablanca,standard,1,1,0,8,135.55,1084.4
orderid:351188,GEB-MOFJ,orderid:351188,crmid:5897180917,2019-12-06T17:58:25.000Z,kiosk,prd1117,1577815105,1578333505,2019-12-31T17:58:25+00:00,2020-01-06T17:58:25+00:00,Admiralty Plaza: Dublin,Admiralty Plaza,Dublin,standard,1,1,0,6,136.47,818.82
orderid:327774,BH8-OFU7,orderid:327774,crmid:2202752532,2020-01-02T04:16:33.000Z,call center,prd1087,1578024993,1578197793,2020-01-03T04:16:33+00:00,2020-01-05T04:16:33+00:00,Family Fun Hotels: Kolkata,Family Fun Hotels,Kolkata,luxury,1,1,0,2,277.97,555.94
orderid:498180,ZTI-KQYM,orderid:498180,crmid:7675862720,2020-01-13T19:55:29.000Z,kiosk,prd1124,1579290929,1579722929,2020-01-17T19:55:29+00:00,2020-01-22T19:55:29+00:00,Aspen Heights: Leeds,Aspen Heights,Leeds,ultra-luxury,1,1,4,5,358.19,1790.95
orderid:601139,N5K-KEU7,orderid:601139,crmid:6860629244,2019-12-14T18:17:00.000Z,call center,prd1048,1578766620,1579285020,2020-01-11T18:17:00+00:00,2020-01-17T18:17:00+00:00,Sandhill: Minneapolis,Sandhill,Minneapolis,standard,1,1,0,6,101.25,607.5
orderid:590066,6JF-Z9QV,orderid:590066,crmid:1662290286,2019-12-21T14:42:57.000Z,call center,prd1053,1577025777,1577112177,2019-12-22T14:42:57+00:00,2019-12-23T14:42:57+00:00,Sapphire Suites: Cleveland,Sapphire Suites,Cleveland,standard,1,1,0,1,141.83,141.83
orderid:517695,CPV-972Y,orderid:517695,crmid:1662290286,2019-12-25T00:00:00.000Z,service desk,prd1143,1577318400,1577491200,2019-12-26T00:00:00+00:00,2019-12-28T00:00:00+00:00,Hospitality Inn: San Antonio,Hospitality Inn,San Antonio,premium,1,1,0,2,178.12,356.24
orderid:672190,8CM-5LUD,orderid:672190,crmid:7906387129,2020-02-06T21:19:02.000Z,mobile,prd1080,1583615942,1584047942,2020-03-07T21:19:02+00:00,2020-03-12T21:19:02+00:00,Repose Resort: Hyderabad,Repose Resort,Hyderabad,standard,1,1,1,5,151.16,755.8
orderid:125253,LOY-NRJA,orderid:125253,crmid:8727715483,2019-12-23T12:51:29.000Z,kiosk,prd1031,1577278289,1577364689,2019-12-25T12:51:29+00:00,2019-12-26T12:51:29+00:00,Nesting Box Inn: Louisville,Nesting Box Inn,Louisville,standard,1,1,0,1,127.97,127.97
orderid:420324,NBU-YOHY,orderid:420324,crmid:8727715483,2019-12-28T00:00:00.000Z,mobile,prd1136,1577750400,1577836800,2019-12-31T00:00:00+00:00,2020-01-01T00:00:00+00:00,Aspen Heights: Osaka,Aspen Heights,Osaka,standard,1,1,0,1,146.98,146.98
orderid:681459,AYS-ZUXI,orderid:681459,crmid:4212739127,2020-02-14T04:36:47.000Z,kiosk,prd1094,1581741407,1581827807,2020-02-15T04:36:47+00:00,2020-02-16T04:36:47+00:00,Blue Reef Resort: Berlin,Blue Reef Resort,Berlin,premium,1,1,0,1,174.48,174.48
orderid:529506,HZN-XG1M,orderid:529506,crmid:4212739127,2020-02-17T00:00:00.000Z,kiosk,prd1132,1581984000,1582416000,2020-02-18T00:00:00+00:00,2020-02-23T00:00:00+00:00,Sandhill: Oslo,Sandhill,Oslo,standard,1,1,0,5,148.27,741.35
orderid:574045,WQU-LVGI,orderid:574045,crmid:8799799713,2020-02-06T19:27:51.000Z,mobile,prd1105,1581622071,1582831671,2020-02-13T19:27:51+00:00,2020-02-27T19:27:51+00:00,Admiralty Plaza: Barcelona,Admiralty Plaza,Barcelona,standard,1,1,0,14,160.88,2252.32
orderid:839162,G06-SB2X,orderid:839162,crmid:7963122108,2020-01-23T23:19:36.000Z,kiosk,prd1058,1579907976,1580253576,2020-01-24T23:19:36+00:00,2020-01-28T23:19:36+00:00,Blue Reef Resort: Delhi,Blue Reef Resort,Delhi,standard,1,1,0,4,189.74,758.96
orderid:880627,8LB-P9GC,orderid:880627,crmid:2534363595,2019-12-10T17:28:44.000Z,website,prd1124,1576085324,1576344524,2019-12-11T17:28:44+00:00,2019-12-14T17:28:44+00:00,Aspen Heights: Leeds,Aspen Heights,Leeds,premium,1,1,0,3,116.0,348.0
orderid:217853,7J4-DE2X,orderid:217853,crmid:4848800570,2020-01-15T19:20:41.000Z,call center,prd1114,1581535241,1582485641,2020-02-12T19:20:41+00:00,2020-02-23T19:20:41+00:00,Sego Lily Suites: Brussels,Sego Lily Suites,Brussels,premium,1,1,0,11,116.64,1283.04
orderid:460187,X7C-Q2O2,orderid:460187,crmid:5389647568,2019-12-03T19:59:41.000Z,call center,prd1007,1577303981,1578686381,2019-12-25T19:59:41+00:00,2020-01-10T19:59:41+00:00,Nesting Box Inn: Phoenix,Nesting Box Inn,Phoenix,standard,1,1,0,16,119.04,1904.64
orderid:803235,FNN-0JXG,orderid:803235,crmid:9839866166,2020-01-19T21:43:59.000Z,website,prd1184,1581803039,1582494239,2020-02-15T21:43:59+00:00,2020-02-23T21:43:59+00:00,Aspen Heights: Arlington,Aspen Heights,Arlington,standard,1,1,0,8,133.49,1067.92
orderid:988505,QJJ-DQUD,orderid:988505,crmid:7017217799,2020-01-30T16:59:08.000Z,service desk,prd1190,1580835548,1580921948,2020-02-04T16:59:08+00:00,2020-02-05T16:59:08+00:00,Blue Reef Resort: Aurora,Blue Reef Resort,Aurora,standard,1,1,0,1,155.85,155.85
orderid:232487,TFU-8OY5,orderid:232487,crmid:8449730737,2020-02-12T10:58:52.000Z,mobile,prd1191,1583492332,1583751532,2020-03-06T10:58:52+00:00,2020-03-09T10:58:52+00:00,Hospitality Inn: Mumbai,Hospitality Inn,Mumbai,standard,1,1,0,3,149.02,447.06
orderid:174975,1NA-OI5A,orderid:174975,crmid:1610479095,2019-12-02T12:39:40.000Z,website,prd1109,1575722380,1577363980,2019-12-07T12:39:40+00:00,2019-12-26T12:39:40+00:00,Grandeur Hotels: Belgrade,Grandeur Hotels,Belgrade,premium,1,1,0,19,124.26,2360.94
orderid:803136,GLT-OYHU,orderid:803136,crmid:6531365803,2019-12-15T18:42:56.000Z,kiosk,prd1143,1579027376,1579891376,2020-01-14T18:42:56+00:00,2020-01-24T18:42:56+00:00,Hospitality Inn: San Antonio,Hospitality Inn,San Antonio,standard,1,1,4,10,147.63,1476.3
orderid:537846,DCC-HZJQ,orderid:537846,crmid:2949254768,2020-02-01T22:52:02.000Z,call center,prd1186,1582411922,1582757522,2020-02-22T22:52:02+00:00,2020-02-26T22:52:02+00:00,Sego Lily Suites: Wichita,Sego Lily Suites,Wichita,premium,1,1,1,4,134.35,537.4
orderid:592149,QQF-MOSX,orderid:592149,crmid:6382103666,2020-02-13T14:45:32.000Z,kiosk,prd1134,1582382732,1582641932,2020-02-22T14:45:32+00:00,2020-02-25T14:45:32+00:00,Restful Nights: Montreal,Restful Nights,Montreal,standard,1,1,0,3,127.91,383.73
orderid:915921,0Y2-EUR2,orderid:915921,crmid:4070870081,2020-01-20T20:21:44.000Z,website,prd1088,1581452504,1581884504,2020-02-11T20:21:44+00:00,2020-02-16T20:21:44+00:00,Aspen Heights: Ankara,Aspen Heights,Ankara,standard,1,1,0,5,105.59,527.95
orderid:242160,LAW-P7PW,orderid:242160,crmid:7395606991,2019-12-10T17:05:25.000Z,website,prd1058,1577639125,1578416725,2019-12-29T17:05:25+00:00,2020-01-07T17:05:25+00:00,Blue Reef Resort: Delhi,Blue Reef Resort,Delhi,standard,1,1,0,9,156.66,1409.94
