crmid,email,first_name,last_name,gender,mobile telephone,city,country,zip,state,street address,birthday,historicalpoints
crmid:2996535267,trust2023@yahoo.com,Arturo,Merritt,,075-145-0541,Thomasville,United States,28496,Massachusetts,896 Spring Valley,1964-06-27,1388
crmid:6212202591,tochered1852@gmail.com,Roosevelt,Rosales,,322-692-1147,New Brunswick,United States,95007,South Carolina,214 Clarence,1996-09-09,2847
crmid:2913428309,guineafowl1902@live.com,Linsey,Faulkner,female,662-626-3488,Enterprise,United States,36417,Washington,482 Atalaya,1960-05-09,963
crmid:8844202733,unpaste1984@yandex.com,Billie,Bright,,900-599-9973,Kentwood,United States,21016,South Dakota,46 Magellan,1977-05-24,1575
crmid:1576276429,bigha1821@live.com,Shanita,Fulton,female,618-000-1506,New Rochelle,United States,13488,Utah,226 Garden,1996-03-15,1642
crmid:8238903923,alvera1976@yahoo.com,Fernando,Pollard,,368-681-8047,Westland,United States,54922,Maryland,705 Idora,1981-02-11,789
crmid:8736440208,anthonin1862@outlook.com,Benjamin,Gray,male,639-486-5965,Alsip,United States,06163,New Hampshire,135 Lathrop,1931-01-12,1101
crmid:4709186735,needlewomen2030@yandex.com,Mauricio,Adkins,male,235-648-2476,Boise City,United States,66097,Vermont,105 Ruger,1940-10-26,587
crmid:6469242804,squid1989@yahoo.com,Fernando,Dudley,male,748-722-6523,Atwater,United States,23919,Utah,1350 Pretor,1934-04-08,2566
crmid:3382576064,crista1990@yandex.com,Al,Mcgee,male,661-064-8968,Brunswick,United States,85186,Washington,231 San Miguel,1942-01-19,691
crmid:8937303132,tarsier1901@yandex.com,Courtney,Figueroa,,623-142-4662,Rancho Mirage,United States,87062,Colorado,588 Fredson,1979-01-05,2356
crmid:2736761341,fatuities1835@gmail.com,Tandy,Collier,female,956-975-3093,Chester,United States,74009,Oklahoma,908 Font,1946-08-06,2290
crmid:7811710716,bryophyte2067@gmail.com,Lahoma,Burke,female,002-874-1836,Delaware,United States,20704,Louisiana,1291 Hopkins,1954-05-04,1738
crmid:8665507550,ditone2007@gmail.com,Scottie,Sims,male,610-742-7771,Wichita,United States,06884,South Carolina,30 Farallones,1942-11-17,2834
crmid:9514880923,interlucent1994@yandex.com,Jamal,Wood,,931-192-8756,Fremont,United States,96822,Kansas,777 Hitchcock,1964-11-22,2417
crmid:4551474638,becca1840@yandex.com,Hiedi,Mcleod,female,979-796-0225,Erlanger,United States,16507,New Hampshire,791 Delancey,1960-04-19,473
crmid:5397801625,breaker1854@live.com,Erwin,Franklin,,010-143-7098,Tampa,United States,53813,New Jersey,217 Avenue Of The Palms,1998-08-11,758
crmid:4161578846,iatraliptics2038@live.com,Cherryl,Fisher,female,612-860-0785,Napa,United States,70486,Utah,122 Clover,1995-03-03,921
crmid:7550791499,handbasket1856@outlook.com,Maile,Cox,female,574-780-8081,Faribault,United States,78357,Washington,302 Winn,1961-12-25,1261
crmid:5043688378,miasmatize2005@outlook.com,Rory,Singleton,female,304-775-3674,Clemmons,United States,45430,New Jersey,345 Richard Henry Dana,1948-07-27,2936
crmid:3925684455,remake1986@gmail.com,Yan,Campos,female,910-582-2462,Neenah,United States,95059,Massachusetts,282 Sedgewick,1995-04-18,1845
crmid:2240124985,fortepiano1961@outlook.com,Danilo,Rasmussen,,184-306-0085,Kenner,United States,30190,Delaware,506 Dorado,1977-07-21,564
crmid:4444575843,inkmaking1918@live.com,Sol,Booker,male,356-150-5801,Angleton,United States,53614,Idaho,217 Central Magazine,1932-09-03,863
crmid:7431031946,dentine2034@yandex.com,Genaro,Holt,,625-476-4459,New Berlin,United States,77144,Delaware,1011 San Anselmo,1996-07-25,2863
crmid:5889842464,scheme1876@yandex.com,Reid,Workman,,252-722-2848,Sioux City,United States,62857,Indiana,954 Wentworth,1968-04-27,2987
crmid:4628212357,biotechnological1961@outlook.com,Gregorio,Valentine,,179-953-8613,Haverhill,United States,56129,Oklahoma,646 Edie,1970-09-22,1545
crmid:3299767529,fairish2047@live.com,Nestor,Maldonado,,416-099-1676,Kiryas Joel,United States,87846,Vermont,1348 Ritch,1978-03-23,2006
crmid:5571548973,casuariidae1891@gmail.com,Kim,Crosby,,443-092-9694,Morton Grove,United States,64826,Missouri,1105 Winding,1993-11-07,2280
crmid:1098015506,spratted1941@yahoo.com,Brent,Terrell,male,279-936-6862,Redondo Beach,United States,90322,Wyoming,897 Cortland,1931-02-28,2046
crmid:8527274012,murras1934@yahoo.com,Cristopher,Garner,,032-155-6575,Tooele,United States,44338,South Dakota,51 Isis,1989-11-14,2920
crmid:6392557704,antisociality2058@yandex.com,Jarod,Ellison,male,631-787-8845,Shreveport,United States,60295,North Dakota,378 Linda,1934-05-09,1657
crmid:5091691850,dennie1982@yahoo.com,Alline,Hogan,female,761-400-3659,Edgewater,United States,06700,North Dakota,248 Cargo,1958-01-14,1783
crmid:6233154652,divest1812@live.com,Kathline,West,female,247-327-4014,New Bern,United States,56694,Oklahoma,437 Aspen,1996-09-07,1351
crmid:9286667070,cocobolos2044@outlook.com,Porsche,Bartlett,female,223-532-9647,Pascagoula,United States,98614,Rhode Island,1116 Trainor,1946-12-14,336
crmid:7409705393,waiting1820@yandex.com,Benny,Shelton,,315-860-9569,Hagerstown,United States,78847,Arkansas,51 Dudley,1969-11-27,715
crmid:9774383941,fabler1988@gmail.com,Leopoldo,English,male,309-064-3098,West Chester,United States,05204,Pennsylvania,715 Anson,1937-10-12,1729
crmid:2654203352,brancher1954@yahoo.com,Ashley,Mathis,,586-452-4813,Hinesville,United States,29656,Maryland,1146 Mansell,1972-05-27,1785
crmid:1794881258,kloof2011@yandex.com,Dee,Jackson,,386-241-1555,Gardena,United States,98294,Kentucky,631 Polaris,1965-02-10,1809
crmid:7305046633,centrist1852@live.com,Ellamae,Sykes,female,552-247-5088,Deltona,United States,14914,Michigan,595 Kearny,1954-03-28,2007
crmid:6638321678,changeover1863@live.com,Ebonie,Meyers,female,127-088-4593,Palm Springs,United States,71471,Utah,1091 Davis,1954-03-20,1731
crmid:6614730798,bungerly1891@yahoo.com,Robt,Robinson,male,560-522-6200,Winter Garden,United States,04738,Missouri,7 Sloat,1941-11-16,1151
crmid:5794334965,thoracicohumeral1857@gmail.com,Sharita,Mathis,female,233-963-2144,Cerritos,United States,86419,Kentucky,643 Julian,1946-11-22,1713
crmid:2641571804,hyperpersonal1992@live.com,Noah,Powers,,386-399-1895,Herriman,United States,49447,Alabama,613 Monticello,1971-08-18,2906
crmid:8757779205,phasianinae1894@gmail.com,Jonas,Gardner,,227-363-0240,Fort Lauderdale,United States,19630,Pennsylvania,1294 Fell,1963-03-17,829
crmid:9301456535,unlawyerlike1965@outlook.com,Elroy,Wright,,131-286-3868,Rexburg,United States,62939,South Dakota,563 Malta,1966-05-05,1796
crmid:3564316288,apotropaion1863@yahoo.com,Shawanda,Tanner,female,429-612-9939,Dallas,United States,78514,Maryland,718 John Muir,1952-08-28,2725
crmid:8037510608,sparrow1880@yahoo.com,Taisha,Ellis,female,492-526-7629,Eden Prairie,United States,72157,Hawaii,1014 Stonecrest,1957-08-09,1842
crmid:7579144497,beethovenian1846@live.com,Vern,Gill,,886-668-5192,Frisco,United States,35934,Utah,1060 Castro,1964-07-22,2885
crmid:2980865085,ocelot1869@yahoo.com,Saul,Jordan,,871-242-0956,Radcliff,United States,22531,Washington,280 Berkshire,1966-06-07,2536
crmid:5327605383,bonanzas1963@yahoo.com,Coy,Ballard,male,980-558-2094,Brandon,United States,16278,Massachusetts,1155 Balmy,1941-02-02,2891
crmid:9680853747,tipping2055@gmail.com,Antonetta,Burnett,female,678-939-9556,Enterprise,United States,09874,Texas,920 Blair,1960-01-04,992
crmid:2581012449,dryermen2013@live.com,Jarod,Clay,male,905-834-4334,Camarillo,United States,28470,North Dakota,1144 Century,1943-05-06,1281
crmid:7456640414,anoraks2027@yandex.com,Adolfo,Miller,,137-626-2514,Ocean Springs,United States,28466,Virginia,231 Rodgers,1967-08-16,698
crmid:7506258718,aftercourse1994@live.com,Nerissa,Weber,female,094-343-8022,Douglas,United States,79430,Virginia,288 Quesada,1955-12-13,2037
crmid:9155349170,fiction1890@yandex.com,Cleveland,Rivera,,872-763-8507,Painesville,United States,94906,Connecticut,362 Cuvier,1989-11-28,1488
crmid:2851883817,arulo1888@live.com,Cyrus,Baldwin,,025-444-3772,Milpitas,United States,80148,Idaho,30 Cohen,1991-08-02,2807
crmid:9962773018,byproducts1928@live.com,Alan,Solomon,,906-943-0916,Harvey,United States,99298,New Jersey,605 Homewood,1970-10-31,2804
crmid:4289613883,parridge1986@yandex.com,Jack,Gonzales,female,526-390-7769,Sarasota,United States,82773,North Dakota,1381 Iowa,1960-04-11,2416
crmid:8567311019,aletaster1948@outlook.com,Kelly,Craig,,565-293-9247,Massillon,United States,76336,Maine,1104 Eve,1988-12-22,1169
crmid:8346897775,advocate1969@yahoo.com,Rocky,Hampton,,969-027-0721,Hazleton,United States,94543,Florida,144 Marston,1970-07-31,1918
crmid:2906690981,barclay1880@gmail.com,Tyrone,Trevino,male,156-119-0071,Carol Stream,United States,51115,South Dakota,1095 Craig,1944-09-29,731
crmid:9053034792,ungrappling2067@yandex.com,Hershel,Levy,male,945-053-9552,Boise City,United States,75261,West Virginia,182 Woodacre,1940-05-17,1746
crmid:1791529786,estes1808@live.com,Katheleen,Moses,female,447-975-3084,Texarkana,United States,92402,Kentucky,390 Rockland,1955-05-21,1167
crmid:3892228133,thousand1814@gmail.com,Rey,York,,376-164-4166,Havelock,United States,32400,Mississippi,437 Legion Of Honor,1970-06-13,1773
crmid:7572248926,thoughtfree2057@yahoo.com,Madelene,Talley,female,754-779-5287,Costa Mesa,United States,53295,Wyoming,1071 Colby,1951-10-25,409
crmid:8370927025,bikers1902@gmail.com,Gavin,Garza,male,639-540-9149,Bristol,United States,83621,Massachusetts,437 Frank Norris,1941-04-11,948
crmid:1550517046,benton1914@yandex.com,Emilio,Jacobs,male,318-210-7433,Weatherford,United States,04172,Massachusetts,363 Arroyo,1931-03-15,2546
crmid:7507372317,cherimoya1828@outlook.com,Elenora,Craft,female,771-086-0110,Pittsburg,United States,11686,Minnesota,359 Iowa,1949-11-05,2892
crmid:7807210678,elusory2004@live.com,Catheryn,Allen,female,988-329-6345,Denison,United States,03639,Delaware,677 Badger,1954-02-01,1644
crmid:2100733121,filemaker2053@yandex.com,Garret,Bradford,,779-251-0120,Lexington,United States,65218,New York,950 Edgewood,1982-11-08,2922
crmid:4773710233,suprachorioidal2029@live.com,Noel,Price,male,492-254-5626,Schenectady,United States,07307,Indiana,1128 Jeopardy,1935-07-24,1317
crmid:8850073517,cornual1868@gmail.com,Son,Berg,female,291-572-0403,Corinth,United States,50096,West Virginia,273 Whitfield,1950-09-16,1277
crmid:8843401970,haycart1851@live.com,Gerardo,Brennan,,806-693-5618,Kearney,United States,02249,Connecticut,1346 Birchwood,1976-01-18,2584
crmid:5058872211,garbs1927@yandex.com,Emmitt,Love,,173-296-0634,Hopkins,United States,85707,Illinois,364 Valley,1973-12-18,2850
crmid:7665800444,magirologist1860@yandex.com,Vince,Glenn,male,930-621-4213,Bixby,United States,57082,North Carolina,237 Octavia,1939-10-11,2548
crmid:3849760205,sirens2042@outlook.com,Bernie,Delaney,female,407-102-7143,DeKalb,United States,90544,Arizona,201 East,1953-12-02,2567
crmid:3969564102,fossa2011@live.com,Roni,Bird,female,707-715-5002,Payson,United States,14994,Vermont,177 Ardath,1951-11-14,766
crmid:1611035671,dockyards2070@yandex.com,Broderick,Morse,,516-568-2716,Kirkwood,United States,44625,Oklahoma,311 Ramsel,1978-07-01,702
crmid:9517053145,outthrew2002@outlook.com,Darrel,Logan,,610-260-8738,Howard,United States,73115,Montana,1361 Saint Germain,1973-09-12,1114
crmid:5688172284,botheration1945@gmail.com,Sudie,Atkinson,female,532-676-9487,Deerfield Beach,United States,40629,Ohio,664 Lathrop,1954-08-01,862
crmid:6487566029,dryas2054@gmail.com,Marcos,Hancock,,398-987-4167,Waltham,United States,31394,New York,1121 Palou,1974-02-06,1508
crmid:9083599231,altin1948@yandex.com,Hyman,Duncan,male,466-267-0248,Bonney Lake,United States,21524,Tennessee,1342 Stanley,1940-05-09,885
crmid:9850346881,recurrent1836@gmail.com,Royce,Dillard,,352-871-7943,Gallatin,United States,70720,Michigan,341 Millwright Cottage Access,1965-01-03,1635
crmid:8371623976,crux1914@outlook.com,Leo,Espinoza,,023-900-0556,Roselle,United States,53846,Kentucky,554 Von Schmidt,1973-06-27,938
crmid:8453100254,caregiver1973@outlook.com,Dusty,Maynard,male,848-541-1019,Olympia,United States,05924,New Jersey,1051 Byxbee,1935-03-18,1984
crmid:8859709462,schuss1994@yandex.com,Reggie,Cooley,,674-437-4384,Mason City,United States,55815,Illinois,958 Sheldon,1987-09-07,875
crmid:4548144357,alluvium1864@yandex.com,Warren,Rush,male,951-710-9417,North Ridgeville,United States,07419,North Dakota,694 Donner,1999-02-19,2089
crmid:9414961616,tessera1872@yandex.com,Roland,Tucker,male,213-543-5836,Cedar Falls,United States,42150,Mississippi,446 Martin Luther King Jr,1945-08-29,1785
crmid:7584538827,buder1961@yandex.com,Long,Hopper,,142-886-4365,Lindenhurst,United States,61643,Massachusetts,330 Camp,1983-11-05,2026
crmid:9624338616,chavender1862@live.com,Jay,Hayes,male,096-683-9648,Murfreesboro,United States,03337,Utah,1371 Uranus,1994-02-10,1520
crmid:8958240979,pioneering2044@outlook.com,Miesha,Woodward,female,236-179-5882,Creve Coeur,United States,35940,Massachusetts,209 Battery Cranston,1951-06-18,337
crmid:2344127662,pulper1909@yahoo.com,Marchelle,Fulton,female,705-929-9237,Chelsea,United States,97322,Tennessee,828 Castle Manor,1946-12-24,2881
crmid:8460506055,elevatory1917@outlook.com,Felton,Stuart,male,482-625-8463,Belton,United States,98483,Vermont,509 Cargo,1937-04-28,1448
crmid:4103266902,assailants1808@yahoo.com,Hai,Sparks,,018-341-4869,Prescott Valley,United States,89536,Kansas,1244 Junipero Serra,1984-09-19,1584
crmid:1869726377,nonmannered1813@live.com,Richard,Sutton,,674-614-5998,Loveland,United States,35850,Louisiana,876 Broderick,1984-06-13,2887
crmid:1668534882,undog2046@gmail.com,Al,Bates,,130-123-0880,Grandview,United States,92300,Vermont,135 Sibley,1967-04-23,1422
crmid:2710212604,trijets1896@gmail.com,Patria,Huffman,female,789-494-8367,Chapel Hill,United States,41178,Colorado,563 Rice,1946-07-15,1657
crmid:5618658264,unfavourably1995@yahoo.com,Reggie,Edwards,,840-567-5932,Greenfield,United States,89243,Missouri,924 Capp,1968-08-29,1310
crmid:3947241460,oversshot1807@outlook.com,Zane,Chavez,,862-242-6293,Meriden,United States,83991,Texas,228 Andover,1989-12-11,2470
crmid:3223768684,intradepartment1863@live.com,German,Brooks,male,792-691-6040,Rancho Cordova,United States,62837,Delaware,419 Mary,1945-04-04,593
crmid:9404267910,inconditionate1899@outlook.com,Lowell,Dickson,,290-924-4269,Moore,United States,93936,Illinois,472 Minerva,1992-05-13,1179
crmid:9356674149,spent1838@live.com,Beau,Conway,,280-899-1695,Wheaton,United States,61761,Missouri,154 Nevada,1965-02-10,1663
crmid:2185929607,salangid1817@live.com,Alisia,Skinner,female,387-241-4673,Waltham,United States,18409,Missouri,602 Tulane,1952-01-27,1264
crmid:5871524043,spleetnew1944@gmail.com,Shena,Blackwell,female,458-327-5786,Cortland,United States,46202,Mississippi,494 Mclea,1951-08-03,2791
crmid:2517738891,esurience1866@yahoo.com,Jack,Kim,,843-171-6282,Inglewood,United States,13431,Nevada,952 Naylor,1974-03-18,2470
crmid:1797616925,deipnophobia1870@yahoo.com,Gail,Gordon,,152-897-5006,Klamath Falls,United States,62231,Idaho,1224 Rosemont,1978-10-05,2243
crmid:3498446749,oxides2003@live.com,Rubin,Grimes,male,043-407-5598,Philadelphia,United States,99331,New Jersey,550 Lloyd,1941-08-12,1995
crmid:2993558128,meteorology1825@outlook.com,Noella,Callahan,female,475-920-9607,Corsicana,United States,31598,Connecticut,1399 Robblee,1951-07-05,710
crmid:5362080673,elanor1858@live.com,Jamison,Henderson,,747-641-4264,Maryland Heights,United States,27624,Vermont,271 Concord,1987-04-06,1853
crmid:3414326541,bossman2061@live.com,Solomon,Baker,,527-550-2805,Woonsocket,United States,47353,North Carolina,1143 Perine,1981-09-24,551
crmid:4983484321,urinaries1957@live.com,Jorge,Ryan,male,896-593-5146,Central Point,United States,34389,Utah,1188 Kezar,1945-06-26,499
crmid:7893290149,prats1819@yahoo.com,Queenie,Cohen,female,359-757-4652,Claremont,United States,91531,Arkansas,233 Iron,1947-07-06,679
crmid:9231776643,chignon1974@yandex.com,Hung,Rich,male,013-424-4937,Prattville,United States,90223,Indiana,246 Byron,1939-05-24,818
crmid:6936623234,charlotte1965@yahoo.com,Bao,Vargas,female,847-355-0875,Douglasville,United States,09371,New Hampshire,500 Boardman,1955-01-29,824
crmid:6739105356,synascidian1921@outlook.com,Leonel,Galloway,male,609-949-3339,Sugar Land,United States,16368,Kansas,1288 Lippard,1944-10-29,1745
crmid:5330105782,unpermeating1803@live.com,Florencia,Bell,female,500-227-3303,Eagle,United States,14050,Alabama,535 Paper,1956-03-02,861
crmid:8277772394,elbow1976@live.com,Aaron,Foster,,795-435-1072,Saratoga Springs,United States,24060,New Mexico,706 Bacon,1967-08-24,1182
crmid:4779392423,severality1902@outlook.com,Ladawn,Thompson,female,421-287-0235,Chapel Hill,United States,92517,Oregon,331 Green,1946-05-29,1913
crmid:4336157698,ribbon1856@yandex.com,Dwain,Lara,,722-438-4994,Hoover,United States,80050,Illinois,583 Aztec,1973-02-10,2823
crmid:9831040615,entad1842@yahoo.com,Travis,Avery,,225-710-9989,Westmont,United States,49556,New Mexico,59 Card,1987-03-18,1856
crmid:1936650909,scandalisation2025@gmail.com,Gala,Baxter,female,563-041-7075,Naperville,United States,20314,Maryland,199 Nahua,1995-04-06,340
crmid:9450210604,unspecific1850@yahoo.com,Cordell,Gay,,304-735-4795,Lexington,United States,66339,North Dakota,204 Waldo,1982-11-01,564
crmid:3956055667,cavalero1996@outlook.com,Laurene,Bailey,female,473-117-7655,Des Plaines,United States,25934,West Virginia,752 Gilman,1954-05-01,2659
crmid:6800606403,calabari1899@yahoo.com,Emil,Norman,male,241-810-9941,Beloit,United States,17677,Louisiana,398 Levant,1937-03-22,2718
crmid:5171153398,excitor1866@yandex.com,Zachariah,Doyle,,401-137-6202,Jacksonville,United States,23588,California,1032 Sergeant John V Young,1975-05-27,400
crmid:2144345050,colombian1953@yahoo.com,Christian,Silva,,761-934-9026,Hinesville,United States,86603,Maryland,1313 Anson,1972-04-23,2793
crmid:5513137227,trioxide2048@gmail.com,Lawerence,Hayes,,371-357-4812,Lenoir,United States,19304,Minnesota,901 Montcalm,1982-03-05,1135
crmid:3135556197,glucose1938@live.com,Garland,Stafford,,766-209-2443,Fort Walton Beach,United States,99076,Missouri,1328 John Maher,1963-06-02,1817
crmid:8441473444,downtown1871@gmail.com,Arnette,Mcgowan,female,794-049-1801,San Juan,United States,29536,Texas,307 Spear,1961-01-19,911
crmid:9375484111,darkies1908@live.com,Adan,French,,326-442-6977,Lancaster,United States,56340,New York,1365 Ralston,1980-10-26,2329
crmid:2829982598,vomitorium2054@yandex.com,Vance,Blankenship,,718-801-1677,Maple Heights,United States,62435,Hawaii,1020 Acton,1986-11-30,485
crmid:1074363218,skinkers1965@yandex.com,Vern,Alvarez,,370-934-3557,Mayfield Heights,United States,52594,Massachusetts,656 Elmhurst,1988-09-15,2649
crmid:8410582052,creecy1918@yahoo.com,Renna,Padilla,female,346-144-0660,Port Orange,United States,14223,New Hampshire,838 Ellert,1947-07-22,2461
crmid:8329476302,celsius1987@outlook.com,Ivey,Carpenter,female,879-520-5311,Plum,United States,82667,Mississippi,1371 Glen,1953-04-05,2417
crmid:4049134035,allstate1983@gmail.com,Sean,Sanchez,,878-431-7679,McKinney,United States,10678,Utah,150 Moreland,1988-02-14,826
crmid:3319139885,pokeroot2027@yandex.com,Kareem,Zamora,,841-644-3774,Lake Worth,United States,27391,South Carolina,374 Shrader,1980-04-12,402
crmid:2035329331,erithacus2020@yandex.com,Karole,Francis,female,557-793-6311,Oxnard,United States,69721,Nevada,1162 Murray,1996-04-24,1135
crmid:6313178799,nonsubject1820@yahoo.com,Isidra,Harrington,female,847-486-5499,Tiffin,United States,72356,Texas,923 Putnam,1955-04-13,1722
crmid:7513707010,crabber1957@outlook.com,Hai,Allen,,601-193-2402,Rahway,United States,22627,Pennsylvania,631 Alviso,1965-05-08,1337
crmid:6173304180,doree1858@live.com,Carlos,Sweeney,,926-517-4137,Warrensburg,United States,37800,Montana,544 Concord,1973-11-27,2090
crmid:5047118247,balate2032@outlook.com,Emilio,Hartman,,600-409-9514,Mission Viejo,United States,43394,Missouri,217 Alberta,1991-08-12,486
crmid:6549546406,costard1828@yahoo.com,Clayton,Sharpe,,837-972-7850,Rancho Mirage,United States,78399,Michigan,1155 Fulton,1977-06-01,2362
crmid:5369734438,hereinabove1808@outlook.com,Bennie,Foley,,772-302-8924,Prescott Valley,United States,69482,South Carolina,35 Dakota,1972-02-16,2916
crmid:7698347195,dislimns1958@yandex.com,Hayden,Shaffer,,423-789-9006,Millbrook,United States,77591,Maryland,821 Saul,1991-04-25,788
crmid:3279623490,homologoumena1947@gmail.com,Nicolle,Briggs,female,187-548-8739,Peoria,United States,13121,Arkansas,556 Venus,1952-07-04,683
crmid:6926108376,buxom1903@gmail.com,Heath,Christian,,658-520-7318,Hialeah,United States,24919,Illinois,1164 Agua,1971-05-27,572
crmid:2861843850,unknots1810@live.com,Gordon,Wilkins,male,737-055-3145,Brandon,United States,23039,South Carolina,156 Forsyth,1941-04-13,2650
crmid:2532274520,befoam1860@gmail.com,Solomon,Clayton,male,903-060-5735,Anacortes,United States,56451,Mississippi,1237 Berwick,1932-09-06,2251
crmid:9165194116,acetaminol1883@yandex.com,Arron,Calhoun,,416-854-8320,McKeesport,United States,35611,New Jersey,420 Robert C Levy,1988-06-18,1116
crmid:2236510242,acromegalies1969@yahoo.com,Morgan,Wood,,904-195-2912,Topeka,United States,34446,Maryland,1364 Mars,1973-09-14,1382
crmid:5885742612,scarcity2010@live.com,Theodore,Greer,,036-095-0374,Keene,United States,56085,New Jersey,843 Alpine,1976-09-11,2368
crmid:9521580049,rothesay2041@yahoo.com,Rodney,Cox,,156-257-8839,Fort Pierce,United States,11424,Idaho,1333 Vale,1963-03-04,1360
crmid:2535974923,dimetry1839@yahoo.com,Myron,Wiggins,male,902-865-1625,Baton Rouge,United States,64679,Maine,819 Calgary,1936-11-21,2676
crmid:7554528920,bugbear1989@yandex.com,Reed,Hutchinson,,391-612-3364,Normal,United States,84788,Virginia,927 Sanchez,1998-11-15,1139
crmid:4250026134,jungles2022@outlook.com,Cary,Stein,,698-717-8556,Wilmette,United States,50585,Kansas,1026 Salinas,1994-06-01,2636
crmid:6031193506,shawm1841@yahoo.com,Duane,Gregory,,179-988-7416,Harrisonburg,United States,87637,Wyoming,832 Church Parking Lot,1970-03-24,1063
crmid:3013942888,distressedly1958@gmail.com,Bertram,Leonard,,724-314-1189,Garden Grove,United States,42009,Maryland,553 Temple,1965-08-02,2434
crmid:9862344355,congruism1898@outlook.com,Elke,English,female,510-657-3742,Rialto,United States,67926,Alaska,320 Valerton,1950-03-09,2831
crmid:3949582356,dustuck1994@gmail.com,Wendell,Buck,,165-451-9422,Huntington Beach,United States,30195,Louisiana,994 Cole,1974-06-10,531
crmid:5097502398,birthmark2022@gmail.com,Carlyn,Malone,female,786-732-7435,San Rafael,United States,15064,Wisconsin,111 Reed,1952-02-18,1970
crmid:9560045899,legate1921@outlook.com,Yong,Bell,male,001-355-4777,Ceres,United States,65570,Oklahoma,162 Berry Extension,1945-11-26,1122
crmid:1614497388,sprit1826@outlook.com,Angelo,Browning,female,737-285-0928,Rowlett,United States,10958,Kansas,808 Rosa Parks,1946-01-04,1016
crmid:5435234507,barkery1994@live.com,Merle,Garrison,,099-007-2211,Roanoke Rapids,United States,49946,Massachusetts,436 Pleasant,1993-08-23,1289
crmid:5426190600,cannibal2011@live.com,Freddy,Pickett,,920-719-2290,Walnut Creek,United States,53499,New Mexico,952 Godeus,1995-06-20,2633
crmid:5389426452,escudero1827@live.com,Maxwell,Howard,,120-402-6623,Lacey,United States,79238,Ohio,562 Birch,1979-05-31,743
crmid:8782675544,ephemeron1953@live.com,Bud,Ross,male,920-343-3834,Binghamton,United States,03139,Iowa,177 Hawthorne,1939-02-25,1522
crmid:4752653063,ascension1827@outlook.com,Emerson,Hanson,,171-540-6665,Lindenhurst,United States,50015,Tennessee,817 Bigler,1983-10-25,1316
crmid:3668157706,dropsy1968@yahoo.com,Evelin,Allen,female,005-288-2672,Douglasville,United States,61783,Michigan,407 Carver,1955-10-29,2730
crmid:7609540279,caddle1805@live.com,Abel,Stanley,male,722-594-6585,Burton,United States,70407,Louisiana,1086 Hamilton,1943-12-22,2229
crmid:8675702952,dispatched1951@live.com,Lindsey,Barlow,,951-227-6333,Liberty,United States,83334,Maine,1020 Charles J Brenham,1982-06-14,931
crmid:9125614409,squirrel1820@yandex.com,Philip,Mccullough,,847-036-5133,Manhattan Beach,United States,01652,Arizona,902 Infantry,1986-01-26,2699
crmid:2772031129,tovarish2019@live.com,Mica,Robbins,female,909-911-0901,Danville,United States,34490,Maryland,338 Foerster,1953-06-25,435
crmid:3806180796,bigots1887@yandex.com,Quinton,Anderson,male,229-699-6925,Asbury Park,United States,41860,Tennessee,1294 Germania,1934-08-01,1775
crmid:6941529033,importers1937@outlook.com,Elwood,Rice,,051-999-5227,Round Lake,United States,75856,Nebraska,1181 Federal,1994-06-29,2844
crmid:2977028849,scheduler1852@live.com,Shavon,Zimmerman,female,270-368-0215,Dearborn,United States,74413,Oregon,774 Bernice,1953-12-29,1182
crmid:5593338970,pseudonym2049@live.com,Santos,Wood,,862-658-8323,Peoria,United States,31895,Nevada,998 Marine,1973-11-06,2908
crmid:7501321446,washy1898@outlook.com,Isaac,Harding,male,485-832-4495,Wilkinsburg,United States,09298,Ohio,952 Font,1934-10-31,1439
crmid:8243655317,thalamolenticular1898@yahoo.com,Hal,Bullock,,145-943-5937,Post Falls,United States,91413,Illinois,320 Dixie,1979-03-08,1454
crmid:2985951506,hermele1899@yahoo.com,Claud,Hunt,,007-295-5793,Hobbs,United States,77202,Illinois,1213 Briarcliff,1972-01-24,736
crmid:5509859633,cantaloupes2004@outlook.com,Hubert,Beard,,515-069-7982,Rock Island,United States,66428,Wisconsin,817 San Buenaventura,1976-12-10,1218
crmid:3580524151,erithacus1966@yandex.com,Milda,Lott,female,233-181-8034,Culver City,United States,38338,New Jersey,693 Lettuce,1952-06-17,1134
crmid:3981373078,antisociality2041@gmail.com,Fermin,Powell,male,324-511-3142,Cedar Park,United States,87583,Illinois,938 Cuesta,1945-04-24,668
crmid:4118292857,gibbon1834@gmail.com,Lauryn,Mason,female,027-116-4062,Chesterfield,United States,97513,Vermont,518 Hill Point,1946-10-23,2157
crmid:2316304597,hachment2019@live.com,Gale,Brown,,746-775-4263,North Miami Beach,United States,77639,New Mexico,877 Baxter,1998-08-24,2130
crmid:2385957557,earwig1874@yandex.com,Allan,Pitts,,579-211-7970,LaGrange,United States,86761,Alabama,300 Cresta Vista,1979-11-19,2466
crmid:4962932838,decayed1863@yandex.com,Gaston,Walls,,488-604-6091,Nixa,United States,37749,Kansas,1353 Boyd,1997-06-26,2463
crmid:5265731984,stubbles1904@outlook.com,Shera,Ortiz,female,830-660-8929,Crest Hill,United States,45283,Colorado,1319 Avenue F,1951-08-22,2424
crmid:5980574390,cayapa1828@outlook.com,Trey,Reid,,284-527-3024,Madison Heights,United States,11556,West Virginia,643 Gateview 3,1985-03-26,799
crmid:2166072172,coquitlam1925@yahoo.com,Nakesha,Padilla,female,758-877-5347,Opelika,United States,83392,Wisconsin,1128 Cargo,1949-07-22,2023
crmid:1300706263,angelship2037@yandex.com,Deon,Fields,,149-835-5283,North Tonawanda,United States,54011,New Jersey,337 Casitas,1999-09-14,1578
crmid:7870111438,aswan1809@outlook.com,Roland,Curtis,,846-691-1758,Galesburg,United States,30945,Alaska,261 Arellano,1964-06-25,409
crmid:5417689047,bison2029@yahoo.com,Lenard,Fletcher,male,324-447-3358,Brandon,United States,72683,Iowa,880 Jack Micheline,1941-12-12,2620
crmid:8968136614,doily1815@live.com,Mana,Mcgowan,female,392-522-6775,Dolton,United States,33241,Florida,1072 Joice,1955-06-19,1198
crmid:6703114002,otter2041@gmail.com,Hans,Wilkinson,,562-412-0477,Herriman,United States,37928,Oklahoma,1241 Seawell,1971-06-17,636
crmid:6326640901,chuser2040@gmail.com,Saul,Joseph,,216-394-0789,La Vergne,United States,65255,Texas,210 Battery,1979-11-29,2403
crmid:8933126073,poplars1893@outlook.com,Booker,Franks,male,687-948-6759,Richardson,United States,77059,Idaho,659 Perasto,1940-01-10,2380
crmid:7916316195,alcindor1902@yandex.com,Zackary,Sears,,615-636-3958,Merced,United States,01985,Indiana,412 Mary,1989-01-27,1641
crmid:3908776500,palmiped1986@yandex.com,Julius,Love,male,845-733-9170,Waukesha,United States,05153,South Carolina,125 Still,1933-06-18,1852
crmid:6721034399,whale1850@yandex.com,Angle,Jefferson,female,578-398-0868,Santa Paula,United States,24298,Ohio,975 Southwood,1960-01-15,2790
crmid:8396252225,micromastictora2053@live.com,Wendolyn,Burton,female,573-514-3824,Coral Springs,United States,54457,Maryland,1046 Constanso,1950-09-04,2297
