id,crmid,propensity_room_upgrade,propensity_extended_nights
fe6b17f6-7dd9-11ea-bd5a-b88a60e194fb,crmid:2996535267,3,3
fe6c7776-7dd9-11ea-9128-b88a60e194fb,crmid:6212202591,4,5
fe6e2528-7dd9-11ea-a5f8-b88a60e194fb,crmid:2913428309,6,6
fe6fd2e8-7dd9-11ea-8880-b88a60e194fb,crmid:8844202733,4,4
fe71326e-7dd9-11ea-bc65-b88a60e194fb,crmid:1576276429,6,5
fe732e36-7dd9-11ea-98af-b88a60e194fb,crmid:8238903923,3,4
fe755118-7dd9-11ea-bab5-b88a60e194fb,crmid:8736440208,5,4
fe774cd2-7dd9-11ea-8ef4-b88a60e194fb,crmid:4709186735,3,4
fe78d37a-7dd9-11ea-a295-b88a60e194fb,crmid:6469242804,3,8
fe7a3318-7dd9-11ea-82f6-b88a60e194fb,crmid:3382576064,3,3
fe7c07ac-7dd9-11ea-a2da-b88a60e194fb,crmid:8937303132,6,5
fe7d8eec-7dd9-11ea-916f-b88a60e194fb,crmid:2736761341,4,4
fe7eee4c-7dd9-11ea-98cf-b88a60e194fb,crmid:7811710716,5,4
fe804d94-7dd9-11ea-b2c6-b88a60e194fb,crmid:8665507550,6,4
fe81d440-7dd9-11ea-b428-b88a60e194fb,crmid:9514880923,5,5
fe83a8e6-7dd9-11ea-b297-b88a60e194fb,crmid:4551474638,4,3
fe85a4ac-7dd9-11ea-a415-b88a60e194fb,crmid:5397801625,3,3
fe875266-7dd9-11ea-93eb-b88a60e194fb,crmid:4161578846,7,5
fe890006-7dd9-11ea-8efd-b88a60e194fb,crmid:7550791499,4,4
fe8a86b8-7dd9-11ea-a6d5-b88a60e194fb,crmid:5043688378,8,4
fe8c0dca-7dd9-11ea-97b1-b88a60e194fb,crmid:3925684455,5,5
fe8f8fc6-7dd9-11ea-833d-b88a60e194fb,crmid:2240124985,4,6
fe91165e-7dd9-11ea-85e6-b88a60e194fb,crmid:4444575843,5,3
fe92761a-7dd9-11ea-8f0e-b88a60e194fb,crmid:7431031946,8,3
fe942394-7dd9-11ea-9cfe-b88a60e194fb,crmid:5889842464,4,1
fe961f64-7dd9-11ea-8b05-b88a60e194fb,crmid:4628212357,4,2
fe9757e6-7dd9-11ea-b590-b88a60e194fb,crmid:3299767529,6,5
fe997aae-7dd9-11ea-adf5-b88a60e194fb,crmid:5571548973,5,10
fe9b016c-7dd9-11ea-b085-b88a60e194fb,crmid:1098015506,4,4
fe9c3a80-7dd9-11ea-884b-b88a60e194fb,crmid:8527274012,3,3
fe9dc0b0-7dd9-11ea-a1cb-b88a60e194fb,crmid:6392557704,8,3
fe9f471a-7dd9-11ea-92a1-b88a60e194fb,crmid:5091691850,5,4
fea0cde6-7dd9-11ea-9c40-b88a60e194fb,crmid:6233154652,4,3
fea25494-7dd9-11ea-a2bc-b88a60e194fb,crmid:9286667070,3,3
fea38cf6-7dd9-11ea-a42e-b88a60e194fb,crmid:7409705393,3,4
fea6c152-7dd9-11ea-b797-b88a60e194fb,crmid:9774383941,4,5
fea847d2-7dd9-11ea-9a26-b88a60e194fb,crmid:2654203352,7,4
fea9f5a6-7dd9-11ea-8cad-b88a60e194fb,crmid:1794881258,3,3
feab5522-7dd9-11ea-9299-b88a60e194fb,crmid:7305046633,6,3
feacdbb0-7dd9-11ea-b6ea-b88a60e194fb,crmid:6638321678,3,8
feae3b62-7dd9-11ea-92c7-b88a60e194fb,crmid:6614730798,5,4
feafc1d4-7dd9-11ea-abfc-b88a60e194fb,crmid:5794334965,9,3
feb1216e-7dd9-11ea-99cd-b88a60e194fb,crmid:2641571804,3,4
feb2a82e-7dd9-11ea-bd0d-b88a60e194fb,crmid:8757779205,4,2
feb47d88-7dd9-11ea-9e6c-b88a60e194fb,crmid:9301456535,4,4
feb69f90-7dd9-11ea-8c0c-b88a60e194fb,crmid:3564316288,3,5
feb8265e-7dd9-11ea-b0fd-b88a60e194fb,crmid:8037510608,3,3
feb98766-7dd9-11ea-b34b-b88a60e194fb,crmid:7579144497,8,5
febb5aba-7dd9-11ea-98df-b88a60e194fb,crmid:2980865085,5,3
febce124-7dd9-11ea-b1cb-b88a60e194fb,crmid:5327605383,5,3
febe67d8-7dd9-11ea-889b-b88a60e194fb,crmid:9680853747,3,8
febfc746-7dd9-11ea-bb4c-b88a60e194fb,crmid:2581012449,5,4
fec0ffe4-7dd9-11ea-ad22-b88a60e194fb,crmid:7456640414,3,3
fec28681-7dd9-11ea-915a-b88a60e194fb,crmid:7506258718,6,9
fec40d02-7dd9-11ea-8787-b88a60e194fb,crmid:9155349170,5,9
fec5458a-7dd9-11ea-9518-b88a60e194fb,crmid:2851883817,6,5
fec65862-7dd9-11ea-92e5-b88a60e194fb,crmid:9962773018,4,6
fec78f6c-7dd9-11ea-ad21-b88a60e194fb,crmid:4289613883,4,3
fec8f08c-7dd9-11ea-8bc3-b88a60e194fb,crmid:8567311019,4,4
feca28e8-7dd9-11ea-94ab-b88a60e194fb,crmid:8346897775,9,4
fecb8740-7dd9-11ea-bebf-b88a60e194fb,crmid:2906690981,4,3
fecd0dc2-7dd9-11ea-98b0-b88a60e194fb,crmid:9053034792,3,4
fece6d78-7dd9-11ea-b1cc-b88a60e194fb,crmid:1791529786,4,5
fecff3dc-7dd9-11ea-bcc3-b88a60e194fb,crmid:3892228133,6,4
fed1c8ba-7dd9-11ea-b69a-b88a60e194fb,crmid:7572248926,4,4
fed34f8a-7dd9-11ea-b65b-b88a60e194fb,crmid:8370927025,4,4
fed4af06-7dd9-11ea-8bcd-b88a60e194fb,crmid:1550517046,5,8
fed60e94-7dd9-11ea-a1d1-b88a60e194fb,crmid:7507372317,4,4
fed7e312-7dd9-11ea-96b7-b88a60e194fb,crmid:7807210678,4,9
fed9dee6-7dd9-11ea-a38d-b88a60e194fb,crmid:2100733121,5,4
fedbdac8-7dd9-11ea-8606-b88a60e194fb,crmid:4773710233,5,5
feddd7a6-7dd9-11ea-a948-b88a60e194fb,crmid:8850073517,4,4
fedf5d22-7dd9-11ea-89db-b88a60e194fb,crmid:8843401970,6,3
fee0e3c0-7dd9-11ea-8ba5-b88a60e194fb,crmid:5058872211,3,5
fee26bca-7dd9-11ea-acab-b88a60e194fb,crmid:7665800444,9,3
fee3a468-7dd9-11ea-9360-b88a60e194fb,crmid:3849760205,5,5
fee5509c-7dd9-11ea-a683-b88a60e194fb,crmid:3969564102,4,5
fee74cb6-7dd9-11ea-a0fe-b88a60e194fb,crmid:1611035671,4,3
fee8abf6-7dd9-11ea-8dea-b88a60e194fb,crmid:9517053145,6,5
feea80ac-7dd9-11ea-8f8d-b88a60e194fb,crmid:5688172284,4,5
feec2e6e-7dd9-11ea-b58a-b88a60e194fb,crmid:6487566029,3,3
feed8df0-7dd9-11ea-94df-b88a60e194fb,crmid:9083599231,4,4
feef1494-7dd9-11ea-bdf5-b88a60e194fb,crmid:9850346881,3,4
fef07426-7dd9-11ea-9d61-b88a60e194fb,crmid:8371623976,5,4
fef1faae-7dd9-11ea-a60b-b88a60e194fb,crmid:8453100254,3,4
fef3a9a4-7dd9-11ea-95a2-b88a60e194fb,crmid:8859709462,4,6
fef52fa4-7dd9-11ea-a63f-b88a60e194fb,crmid:4548144357,4,5
fef6b5de-7dd9-11ea-a988-b88a60e194fb,crmid:9414961616,5,3
fef86390-7dd9-11ea-88d8-b88a60e194fb,crmid:7584538827,4,4
fefa3852-7dd9-11ea-a2c0-b88a60e194fb,crmid:9624338616,4,5
fefc0ccc-7dd9-11ea-aeff-b88a60e194fb,crmid:8958240979,3,2
fefd94da-7dd9-11ea-84c5-b88a60e194fb,crmid:2344127662,3,6
feff1a1c-7dd9-11ea-888c-b88a60e194fb,crmid:8460506055,3,6
ff00799c-7dd9-11ea-8bfb-b88a60e194fb,crmid:4103266902,5,4
ff01d950-7dd9-11ea-b551-b88a60e194fb,crmid:1869726377,4,3
ff0338be-7dd9-11ea-93e9-b88a60e194fb,crmid:1668534882,4,3
ff04bf74-7dd9-11ea-903b-b88a60e194fb,crmid:2710212604,4,3
ff064624-7dd9-11ea-b260-b88a60e194fb,crmid:5618658264,6,2
ff07a598-7dd9-11ea-afb9-b88a60e194fb,crmid:3947241460,3,6
ff092c28-7dd9-11ea-8c3b-b88a60e194fb,crmid:3223768684,3,3
ff0ab2ca-7dd9-11ea-88c5-b88a60e194fb,crmid:9404267910,6,3
ff0c60a8-7dd9-11ea-b07e-b88a60e194fb,crmid:9356674149,9,3
ff0de87a-7dd9-11ea-add2-b88a60e194fb,crmid:2185929607,4,7
ff0f6f0a-7dd9-11ea-824d-b88a60e194fb,crmid:5871524043,3,2
ff10a79c-7dd9-11ea-b4af-b88a60e194fb,crmid:2517738891,4,5
ff11deb4-7dd9-11ea-b6b3-b88a60e194fb,crmid:1797616925,7,4
ff13b380-7dd9-11ea-9aa5-b88a60e194fb,crmid:3498446749,3,4
ff15885e-7dd9-11ea-8bb2-b88a60e194fb,crmid:2993558128,5,4
ff16c0de-7dd9-11ea-a728-b88a60e194fb,crmid:5362080673,3,4
ff17d22c-7dd9-11ea-847d-b88a60e194fb,crmid:3414326541,4,5
ff1931d2-7dd9-11ea-8f3d-b88a60e194fb,crmid:4983484321,2,3
ff1d2ab4-7dd9-11ea-b12c-b88a60e194fb,crmid:7893290149,3,6
ff1e61e3-7dd9-11ea-9136-b88a60e194fb,crmid:9231776643,2,5
ff1fe874-7dd9-11ea-b8ab-b88a60e194fb,crmid:6936623234,5,2
ff217066-7dd9-11ea-9ef7-b88a60e194fb,crmid:6739105356,5,6
ff22ceac-7dd9-11ea-b96e-b88a60e194fb,crmid:5330105782,4,3
ff240736-7dd9-11ea-bc8c-b88a60e194fb,crmid:8277772394,5,4
ff2566e4-7dd9-11ea-b42a-b88a60e194fb,crmid:4779392423,3,4
ff269f46-7dd9-11ea-ad41-b88a60e194fb,crmid:4336157698,3,7
ff27ffc0-7dd9-11ea-b7f6-b88a60e194fb,crmid:9831040615,4,5
ff2938b6-7dd9-11ea-b661-b88a60e194fb,crmid:1936650909,8,5
ff2abdf4-7dd9-11ea-a270-b88a60e194fb,crmid:9450210604,4,5
ff2c6ba2-7dd9-11ea-a1fb-b88a60e194fb,crmid:3956055667,3,4
ff2df258-7dd9-11ea-8b21-b88a60e194fb,crmid:6800606403,4,5
ff2f526c-7dd9-11ea-8fd0-b88a60e194fb,crmid:5171153398,4,4
ff30b136-7dd9-11ea-a562-b88a60e194fb,crmid:2144345050,5,2
ff3237fe-7dd9-11ea-a4be-b88a60e194fb,crmid:5513137227,4,4
ff33e624-7dd9-11ea-b6cd-b88a60e194fb,crmid:3135556197,3,6
ff354524-7dd9-11ea-93a1-b88a60e194fb,crmid:8441473444,4,5
ff36cbc8-7dd9-11ea-bbb2-b88a60e194fb,crmid:9375484111,4,4
ff382b52-7dd9-11ea-9a83-b88a60e194fb,crmid:2829982598,5,4
ff398ae4-7dd9-11ea-a660-b88a60e194fb,crmid:1074363218,4,4
ff3b3914-7dd9-11ea-909f-b88a60e194fb,crmid:8410582052,5,4
ff3c9846-7dd9-11ea-92d7-b88a60e194fb,crmid:8329476302,3,5
ff3e1f52-7dd9-11ea-87e5-b88a60e194fb,crmid:4049134035,4,4
ff3fcc5a-7dd9-11ea-b221-b88a60e194fb,crmid:3319139885,4,5
ff4152f8-7dd9-11ea-89db-b88a60e194fb,crmid:2035329331,4,5
ff42b2a4-7dd9-11ea-a472-b88a60e194fb,crmid:6313178799,4,5
ff441230-7dd9-11ea-b430-b88a60e194fb,crmid:7513707010,5,3
ff4598c8-7dd9-11ea-82ee-b88a60e194fb,crmid:6173304180,7,3
ff46d158-7dd9-11ea-b25a-b88a60e194fb,crmid:5047118247,4,5
ff485988-7dd9-11ea-9688-b88a60e194fb,crmid:6549546406,4,3
ff49b800-7dd9-11ea-9e01-b88a60e194fb,crmid:5369734438,4,7
ff4bb33e-7dd9-11ea-8b69-b88a60e194fb,crmid:7698347195,10,4
ff4d611c-7dd9-11ea-8e65-b88a60e194fb,crmid:3279623490,3,7
ff4ec0ac-7dd9-11ea-8cad-b88a60e194fb,crmid:6926108376,4,6
ff4ff92e-7dd9-11ea-bb79-b88a60e194fb,crmid:2861843850,4,5
ff517fd2-7dd9-11ea-9102-b88a60e194fb,crmid:2532274520,5,5
ff53062e-7dd9-11ea-8849-b88a60e194fb,crmid:9165194116,4,4
ff5465b8-7dd9-11ea-85c6-b88a60e194fb,crmid:2236510242,3,3
ff5613b6-7dd9-11ea-b556-b88a60e194fb,crmid:5885742612,4,3
ff57e82e-7dd9-11ea-887a-b88a60e194fb,crmid:9521580049,4,4
ff59bce8-7dd9-11ea-9187-b88a60e194fb,crmid:2535974923,5,4
ff5b1c6c-7dd9-11ea-ac9d-b88a60e194fb,crmid:7554528920,4,3
ff5cca6c-7dd9-11ea-97e4-b88a60e194fb,crmid:4250026134,3,3
ff5e77e4-7dd9-11ea-8549-b88a60e194fb,crmid:6031193506,8,4
ff5ffe78-7dd9-11ea-8461-b88a60e194fb,crmid:3013942888,7,4
ff61851e-7dd9-11ea-8661-b88a60e194fb,crmid:9862344355,4,5
ff62e4b8-7dd9-11ea-9125-b88a60e194fb,crmid:3949582356,4,5
ff641d28-7dd9-11ea-81c2-b88a60e194fb,crmid:5097502398,4,4
ff657cbe-7dd9-11ea-90e6-b88a60e194fb,crmid:9560045899,4,6
ff66dc76-7dd9-11ea-ab96-b88a60e194fb,crmid:1614497388,5,5
ff683c0c-7dd9-11ea-898e-b88a60e194fb,crmid:5435234507,6,4
ff699b82-7dd9-11ea-90b6-b88a60e194fb,crmid:5426190600,6,4
ff6b9728-7dd9-11ea-8a40-b88a60e194fb,crmid:5389426452,5,3
ff6d1dc6-7dd9-11ea-94c1-b88a60e194fb,crmid:8782675544,4,3
ff6e7d78-7dd9-11ea-95e8-b88a60e194fb,crmid:4752653063,5,5
ff7003f6-7dd9-11ea-8c55-b88a60e194fb,crmid:3668157706,5,4
ff713c6e-7dd9-11ea-9886-b88a60e194fb,crmid:7609540279,4,2
ff729c8c-7dd9-11ea-999f-b88a60e194fb,crmid:8675702952,3,3
ff73fbb8-7dd9-11ea-933f-b88a60e194fb,crmid:9125614409,7,4
ff758240-7dd9-11ea-af74-b88a60e194fb,crmid:2772031129,5,4
ff772ff4-7dd9-11ea-bf73-b88a60e194fb,crmid:3806180796,5,4
ff78dda2-7dd9-11ea-bb33-b88a60e194fb,crmid:6941529033,5,4
ff7a3d34-7dd9-11ea-a9aa-b88a60e194fb,crmid:2977028849,4,3
ff7bc3d0-7dd9-11ea-ab3a-b88a60e194fb,crmid:5593338970,8,4
ff7d4b76-7dd9-11ea-b69b-b88a60e194fb,crmid:7501321446,4,4
ff7e840c-7dd9-11ea-a328-b88a60e194fb,crmid:8243655317,5,5
ff800980-7dd9-11ea-84c7-b88a60e194fb,crmid:2985951506,6,4
ff81903a-7dd9-11ea-b7ef-b88a60e194fb,crmid:5509859633,4,2
ff82efd0-7dd9-11ea-a4c2-b88a60e194fb,crmid:3580524151,2,3
ff849d8c-7dd9-11ea-bc5c-b88a60e194fb,crmid:3981373078,8,3
ff85d752-7dd9-11ea-b16d-b88a60e194fb,crmid:4118292857,3,4
ff870e5c-7dd9-11ea-b4d2-b88a60e194fb,crmid:2316304597,4,5
ff886dee-7dd9-11ea-b98d-b88a60e194fb,crmid:2385957557,4,4
ff89f4c2-7dd9-11ea-9ffb-b88a60e194fb,crmid:4962932838,5,4
ff8b2d2c-7dd9-11ea-906d-b88a60e194fb,crmid:5265731984,2,4
ff8c6598-7dd9-11ea-8f78-b88a60e194fb,crmid:5980574390,6,4
ff8dec2e-7dd9-11ea-8167-b88a60e194fb,crmid:2166072172,3,3
ff8f4bf0-7dd9-11ea-99d7-b88a60e194fb,crmid:1300706263,4,5
ff90f96e-7dd9-11ea-9576-b88a60e194fb,crmid:7870111438,4,5
ff928006-7dd9-11ea-874f-b88a60e194fb,crmid:5417689047,6,4
ff9407ba-7dd9-11ea-aac7-b88a60e194fb,crmid:8968136614,4,10
ff958d74-7dd9-11ea-97b6-b88a60e194fb,crmid:6703114002,3,9
ff971652-7dd9-11ea-9413-b88a60e194fb,crmid:6326640901,10,1
ff9873b0-7dd9-11ea-b40c-b88a60e194fb,crmid:8933126073,4,5
ff99fb80-7dd9-11ea-b6ea-b88a60e194fb,crmid:7916316195,3,5
ff9b5ac8-7dd9-11ea-a2a6-b88a60e194fb,crmid:3908776500,3,4
ff9cb964-7dd9-11ea-9fab-b88a60e194fb,crmid:6721034399,5,5
ff9df1d8-7dd9-11ea-bd7e-b88a60e194fb,crmid:8396252225,8,6
