crmid,email,first_name,last_name,gender,mobile telephone,city,country,zip,state,street address,birthday
crmid:8984687314,episarkine1837@yahoo.com,Elwood,Christensen,,753-275-1692,Marion,United States,36113,California,690 Toll Plaza Tunnel,1987-06-29
crmid:3960547335,devenustate1981@live.com,Erwin,Irwin,,265-523-5482,Hayward,United States,98837,Virginia,933 Franconia,1970-10-28
crmid:2847239071,everyone1921@yandex.com,Bobbie,Osborne,male,754-633-7232,Bryan,United States,01239,New Mexico,744 Dutch Windmill Access,1942-01-22
crmid:8765691072,sectored1877@gmail.com,Austin,Ashley,,046-673-2361,South Burlington,United States,49307,Montana,310 Zoo,1986-04-11
crmid:6877702476,pilgrim1983@yandex.com,Chung,Sawyer,,508-598-1242,Riverside,United States,95302,Minnesota,188 Rosella,1991-09-04
crmid:7638102025,samaras2058@outlook.com,Lacy,Douglas,,066-190-7732,San Gabriel,United States,64758,Kansas,1036 Trinity,1968-07-20
crmid:3305425973,anybodies1877@gmail.com,Tennie,Kemp,female,989-012-2680,Fairview Heights,United States,58810,North Carolina,106 Golden Gate,1961-09-16
crmid:5709280933,accable1972@yahoo.com,Jarred,Sellers,male,167-216-0023,Avon Lake,United States,22588,Michigan,334 Lansdale,1935-05-26
crmid:8669340116,saltboxes2002@outlook.com,Robbyn,Alvarado,female,868-116-7338,South Milwaukee,United States,24957,Minnesota,1148 Fairbanks,1961-10-14
crmid:3205825845,didie2023@gmail.com,Tyson,Horton,male,188-957-0296,Paducah,United States,50455,Maryland,1360 Jansen,1998-01-18
crmid:6272939424,thalamolenticular1979@outlook.com,Charlie,Trujillo,,342-088-3114,Mount Juliet,United States,10885,Minnesota,720 Anthony,1993-02-06
crmid:6421162428,holoptic1963@yahoo.com,Hank,Singleton,male,584-592-9165,Bixby,United States,28335,Minnesota,63 Santa Barbara,1939-04-27
crmid:7458503278,crozer2042@yandex.com,Genaro,Alston,male,597-717-2848,Belleville,United States,77801,New Mexico,136 Tunnel,1937-12-25
crmid:8910872696,phies1917@outlook.com,Roscoe,Edwards,male,774-145-5380,Plantation,United States,59452,Washington,925 Cochrane,1935-08-09
crmid:8966580571,barite1834@outlook.com,Morris,Koch,,612-466-2926,Lawrenceville,United States,99024,Utah,138 Kamille,1981-12-19
crmid:1211189690,hamamelidanthemum2033@live.com,Dave,Hendrix,,259-814-2396,Montclair,United States,64134,South Dakota,1072 Kiska,1992-10-04
crmid:1480765550,choctaw1805@live.com,Ronny,Conley,male,033-934-8463,Vero Beach,United States,80440,California,767 Bird,1934-08-07
crmid:1361524004,cavish1863@gmail.com,Sergio,Jacobs,,036-632-7375,Lawrence,United States,32470,Kansas,1317 Cottonwood,1981-06-13
crmid:2932024804,scampers1828@yandex.com,Margaretta,Dickerson,female,793-543-9544,Champlin,United States,72178,Washington,1029 Blair,1946-06-08
crmid:5879206431,cornhusks1807@outlook.com,Cole,Blevins,,395-921-2170,North Tonawanda,United States,42150,Minnesota,1170 Cole,1999-08-04
crmid:3360938034,buffoonish1859@outlook.com,Sook,Conley,female,330-344-7941,Orem,United States,74579,Maryland,767 Sycamore,1950-08-07
crmid:3614582430,kingliest2066@gmail.com,Samella,Pope,female,805-807-8735,Mustang,United States,27258,Alabama,1096 Joy,1995-04-15
crmid:1763359342,schnecken2011@outlook.com,Wendell,Zamora,,807-374-4376,Gallup,United States,15934,South Carolina,1094 Burlwood,1965-03-01
crmid:9881437352,seersucker1888@yandex.com,Dylan,Turner,,804-601-1859,Lake Oswego,United States,80182,Idaho,815 Hallam,1980-01-12
crmid:3925707401,brachial2032@live.com,Wallace,Kent,,807-764-3653,Florissant,United States,81545,New Jersey,143 Peter Yorke,1962-04-05
crmid:4704747401,araks1985@yandex.com,Shannon,Lynch,,316-115-9106,Ocala,United States,39727,North Carolina,439 Verdi,1972-07-31
crmid:5331276470,bromhydric1948@yahoo.com,Britt,Stone,male,890-953-8085,San Diego,United States,78892,New Mexico,605 Junior,1930-02-28
crmid:3802600336,edlin1818@live.com,Colton,Carr,male,236-039-9009,Westlake,United States,91965,Georgia,759 Julian,1943-02-05
crmid:8185802208,branchful2012@outlook.com,Louie,Bass,,350-330-6524,Miami Gardens,United States,20963,Vermont,1271 Whitfield,1990-04-22
crmid:7301052095,prolongating1992@live.com,Marx,Hunt,female,845-651-4773,Santa Maria,United States,28898,New Hampshire,100 Spring,1955-11-28
crmid:2122044895,occults1959@outlook.com,Alonzo,Grimes,male,321-264-9492,Schertz,United States,03309,Iowa,740 Dr Tom Waddell,1940-01-12
crmid:6494225266,cumulate2049@live.com,Robbie,Santiago,male,459-846-9785,Wellington,United States,17976,Florida,883 Zanowitz,1945-08-26
crmid:8409990115,anticlassicalist1829@yahoo.com,Darryl,Leon,,494-026-3780,Seguin,United States,93849,North Dakota,118 Montague,1998-07-10
crmid:6945140285,unvibrating1865@yahoo.com,Camila,Bradford,female,995-331-9711,East Providence,United States,80119,Maine,1113 Tenny,1957-01-03
crmid:1715417984,hyperpersonal1879@yahoo.com,Whitney,Reyes,male,479-480-4542,Bothell,United States,53147,Nevada,1124 Brewster,1940-10-24
crmid:2465250098,suing1923@yahoo.com,Zachery,Wallace,,884-517-9744,Little Elm,United States,01656,Kansas,617 Cameron,1983-01-04
crmid:7102259500,beetle2008@yahoo.com,Long,Cooke,,891-001-6209,Kaysville,United States,31711,Rhode Island,356 Elmwood,1976-06-29
crmid:9032904451,tonlet1930@yandex.com,Rosamond,Donaldson,female,102-744-8856,Cleveland Heights,United States,74170,California,460 Forest Hill,1948-07-08
crmid:3725459005,edifier2020@live.com,Wesley,Riddle,,990-880-8399,West St. Paul,United States,96933,Oregon,829 Spencer,1983-06-10
crmid:8903085224,buttered1968@gmail.com,Weldon,Stark,,859-593-0259,Houston,United States,30868,Arkansas,1374 Mariposa,1973-07-14
crmid:5758087578,improve1995@yahoo.com,Lecia,Mcintosh,female,614-063-6020,Renton,United States,15336,Hawaii,895 Norfolk,1955-05-19
crmid:2874133871,coyan1886@outlook.com,Faviola,Roth,female,447-134-6786,Corinth,United States,69781,Mississippi,962 South Hughes,1950-10-29
crmid:1898102730,rebelong2051@yahoo.com,Carita,Price,female,467-745-1741,Fairview Heights,United States,07824,New York,1252 Crossover,1961-02-24
crmid:5013765832,zootaxy1892@live.com,Ramon,Porter,,022-467-1450,Roanoke,United States,38307,Idaho,153 Erkson,1970-07-10
crmid:9776347969,hamline1960@gmail.com,Jon,Hopper,female,822-914-8740,Davis,United States,27938,Kansas,420 Lindsay,1953-04-14
crmid:9768917698,hemistater1971@outlook.com,Pamila,Chambers,female,259-454-5578,South Pasadena,United States,56453,Indiana,284 Transbay Loop,1950-11-19
crmid:9998388169,bemole1941@outlook.com,Claude,Guthrie,,640-058-0041,Las Cruces,United States,07396,South Dakota,72 Kalmanovitz,1981-02-18
crmid:1333980435,crux1885@yandex.com,Alfred,Gill,,523-476-6698,Tualatin,United States,84178,Michigan,554 Fresno,1969-08-23
crmid:8401289068,velocipeded1889@yandex.com,Marth,Reid,female,646-659-2532,Phenix City,United States,27016,Nebraska,1366 Jade,1960-06-24
crmid:2210124573,craniospinal1865@outlook.com,Alden,Scott,male,250-795-2738,Radcliff,United States,58854,Oregon,1265 Huron,1938-01-26
crmid:2807439041,dogman1940@outlook.com,Joaquin,Doyle,,944-420-6151,Miamisburg,United States,20202,Rhode Island,1284 Spruce,1990-05-17
crmid:8073506445,electrodes1916@outlook.com,Jeremiah,Fischer,,618-478-6204,Mansfield,United States,21725,Iowa,397 Capra,1986-04-22
crmid:5981155552,turnsoles1972@gmail.com,Rea,Gallegos,female,220-668-8693,Palo Alto,United States,54082,Maryland,27 Ship,1958-07-11
crmid:6273068299,ducking1805@outlook.com,Jared,Duffy,male,043-765-6629,Blue Springs,United States,25058,Oklahoma,801 Old Harford,1939-05-08
crmid:5909502272,coast1846@gmail.com,Marquis,Mcknight,,229-921-9674,Morton Grove,United States,77163,Vermont,997 Crags,1993-12-09
crmid:4553404214,dumper1993@yahoo.com,Ray,Burris,,262-509-6748,Lewisville,United States,66542,Wisconsin,704 Northern,1982-10-22
crmid:5058276477,starvation1896@outlook.com,Tamisha,Burton,female,848-350-3816,Draper,United States,45754,North Dakota,1225 Market,1955-08-04
crmid:3223272339,cantaloupes1917@gmail.com,Benedict,Wynn,,228-179-0084,Mesquite,United States,14982,Louisiana,765 Hardie,1990-04-01
crmid:5526551402,loupes2038@outlook.com,Mary,Kelley,,477-087-6059,Melrose Park,United States,33475,Wyoming,1091 Clayton,1989-07-05
crmid:4896671709,cyrtidae1898@live.com,Kermit,Conway,,169-165-5218,Oak Park,United States,64037,Virginia,1369 Forest Knolls,1992-07-30
crmid:1686709094,trust2034@gmail.com,Garfield,Ware,,686-396-1978,Fort Wayne,United States,14626,New York,1303 San Aleso,1963-03-19
crmid:2320407154,cavalero1965@gmail.com,Darrick,Russell,,285-944-7510,Santa Cruz,United States,53291,Colorado,663 Banbury,1997-06-07
crmid:9359786189,vaucheriaceous1861@yahoo.com,Delbert,Bryan,,125-662-9624,Las Vegas,United States,32613,Wisconsin,553 Corbin,1981-07-07
crmid:8476349787,prolongating2025@outlook.com,Dann,Garner,female,992-370-7263,Dolton,United States,13069,Kentucky,213 Harkness,1955-02-11
crmid:3902467384,annalisa1935@live.com,Byron,Olsen,,645-426-1889,West Valley City,United States,56626,Michigan,1393 Jack London,1995-06-20
crmid:2624461459,magistral1931@yandex.com,Herb,Acosta,,959-593-4066,Lawrence,United States,42086,Washington,310 Western Shore,1981-08-09
crmid:7652575300,mallard2028@gmail.com,Cyndy,Morin,female,291-761-7550,Champlin,United States,81709,Nevada,1334 Glenbrook,1946-02-21
crmid:7301673060,chirre2054@live.com,Ezekiel,Wells,,178-265-2512,Highland,United States,06921,New Jersey,1019 Pacheco,1971-01-20
crmid:7248970216,daleth1876@live.com,Janetta,Wise,female,032-303-6477,Euless,United States,79824,Georgia,95 Everson,1960-10-30
crmid:7333697938,unlibellously1976@outlook.com,Theron,Carroll,male,377-635-0374,Algonquin,United States,85538,Michigan,4 Boardman,1931-10-18
crmid:2823299502,benthic1866@yahoo.com,Mckinley,Ewing,,165-866-6555,Martinsburg,United States,02241,Illinois,1161 Kelloch,1987-02-02
crmid:7885733860,spaciously1980@gmail.com,Cruz,Atkins,,497-412-9656,West Valley City,United States,84001,Delaware,723 Alder,1987-12-02
crmid:4216537017,baboonery1867@yandex.com,Bebe,Johnston,female,579-169-6312,Columbia,United States,02157,Tennessee,784 Foote,1949-01-15
crmid:2724917440,completing1953@outlook.com,Alberto,Christensen,male,965-559-5228,Norman,United States,11056,California,1067 Wilder,1998-02-01
crmid:3189823731,douping1952@yahoo.com,Kiera,Sharpe,female,308-264-5653,Wayne,United States,99785,Maryland,1069 Middlefield,1998-03-26
crmid:1563847568,chigger2064@gmail.com,Cole,Fisher,male,010-825-9186,Yakima,United States,90277,Pennsylvania,336 Athens,1942-02-10
crmid:7424865605,legate1928@yandex.com,Ricky,Leon,,081-548-9199,Jeffersonville,United States,62691,Kentucky,29 Grijalva,1975-10-31
crmid:3793370927,unsacrificial1921@live.com,Ashanti,Schwartz,female,638-654-6468,Willmar,United States,10442,Connecticut,1105 Minnesota,1954-01-26
crmid:1412734669,coeducate1904@yandex.com,Charlie,Todd,male,235-624-3999,Portsmouth,United States,71780,Indiana,497 Iris,1945-12-03
crmid:5141852629,coumara1827@gmail.com,Valrie,Burton,female,306-762-3348,Savage,United States,99111,Oklahoma,668 Birch,1948-09-04
crmid:6760481419,inflates1862@outlook.com,Emil,Walls,male,151-469-9405,Canton,United States,18911,Rhode Island,182 Forest,1944-03-30
crmid:8452396776,carpool2013@outlook.com,Peter,Case,,761-905-6055,Raleigh,United States,77786,New Hampshire,1179 Dorantes,1969-04-27
crmid:6702556455,eunice1907@yahoo.com,Allegra,Rice,female,547-834-1900,Charleston,United States,02254,Oregon,845 Marston,1946-01-24
crmid:6191567654,bitterbush1853@yandex.com,Donnell,Medina,male,361-123-1294,Ponca City,United States,08551,Mississippi,1288 Glover,1931-03-20
crmid:1860170767,herve1915@yandex.com,Connie,Weiss,male,498-366-1150,Adelanto,United States,11249,Missouri,1235 Burritt,1930-02-05
crmid:1011081500,rudimentary1886@live.com,James,Webb,male,144-986-2233,Anderson,United States,72877,Texas,1005 Edgardo,1932-05-30
crmid:6336969849,becca2014@yahoo.com,Dale,Stanley,,930-278-9127,Massapequa Park,United States,42175,Montana,813 Thornburg,1988-08-21
crmid:6437142070,recompass1961@live.com,Jeanene,Mcfadden,female,146-467-5344,Roseburg,United States,15733,Georgia,850 Davenport,1947-04-19
crmid:1777996776,dhoul2048@gmail.com,Britteny,Ferguson,female,968-875-5700,Costa Mesa,United States,08849,Rhode Island,849 Ggp Access Road,1951-01-09
crmid:7451575681,achates1822@yahoo.com,Sheryll,Watson,female,306-448-2781,Chelsea,United States,43300,Tennessee,861 Rincon,1946-08-30
crmid:7468277138,aliyos2040@yandex.com,Lashay,Bean,female,539-925-5569,St. Cloud,United States,71908,Kentucky,417 School,1954-05-02
crmid:7404829900,cacara1855@live.com,Ivory,Solis,male,262-035-9535,Bradenton,United States,28812,South Carolina,568 Salinas,1941-05-27
crmid:3725646297,mediums1980@outlook.com,Verena,Franco,female,362-662-9290,Chicago,United States,58668,Colorado,1241 Hattie,1947-09-10
crmid:9212734778,jinkle2006@live.com,Georgianne,Aguilar,female,014-794-2213,Chattanooga,United States,14401,New York,1104 Canby,1946-03-01
crmid:6839445862,severality1984@gmail.com,Frederic,Burks,,227-533-1922,Mequon,United States,18103,Kentucky,508 Kern,1989-03-14
crmid:5408615445,unwhistled1852@yahoo.com,Flo,Frank,female,891-448-2098,Coralville,United States,12105,Pennsylvania,834 Forest Knolls,1950-03-10
crmid:8351527309,sparrow1834@outlook.com,Jerrod,Chen,male,555-301-0549,Belton,United States,62505,Ohio,920 Water,1937-11-26
crmid:5997045069,ramentiferous1839@live.com,Forest,Mclaughlin,,877-280-8317,Liberty,United States,88254,Tennessee,716 Avenue C,1982-01-27
crmid:7476901288,temporooccipital1866@gmail.com,Winfred,Tyler,,966-236-6465,Herriman,United States,80506,Illinois,1306 Newell,1971-03-03
crmid:7222734617,endowed2036@outlook.com,Ricky,Peck,male,080-826-4593,Portland,United States,54884,Colorado,131 Cooper,1942-08-23
crmid:2777603974,colleague1929@outlook.com,Donnell,Fowler,male,479-685-2039,Cedar Rapids,United States,52229,New Hampshire,909 Rivas,1945-10-05
crmid:7986802157,cellule1823@live.com,Hassan,Britt,,664-273-6256,Gaithersburg,United States,86378,Kansas,778 Church Access,1964-11-23
crmid:8060597316,trimethylmethane1971@yandex.com,Alberto,Avila,male,790-899-4639,Springdale,United States,80086,Michigan,638 Sherwood,1930-01-01
crmid:5729982102,spiritually1993@yahoo.com,Jerold,Burt,,754-864-9897,Gresham,United States,15296,Delaware,1089 Marne,1968-03-27
crmid:6420713306,rushland1995@live.com,Dexter,Foreman,,949-474-5138,Springville,United States,30718,New York,691 Oceanview,1977-11-02
crmid:8497502548,skyre2059@yahoo.com,Sammy,Joyce,male,269-021-0651,Aventura,United States,52526,West Virginia,595 Avoca,1935-09-16
crmid:4376984473,anoraks2034@yahoo.com,Shaneka,Reyes,female,147-028-4562,Susanville,United States,17874,Idaho,1142 Santa Monica,1949-08-24
crmid:3243237759,arras2045@live.com,Keven,Parrish,male,267-747-2033,Camas,United States,34792,South Dakota,958 Bartlett,1943-06-23
crmid:4607903663,chouser2057@live.com,Maddie,Banks,female,955-463-1224,Columbus,United States,69046,Montana,639 Wayland,1949-10-20
crmid:1438053541,admedial1978@yahoo.com,Michelina,Gonzalez,female,715-925-0639,Eugene,United States,77863,Tennessee,463 Milan,1960-11-26
crmid:3411288632,nonradiable1946@yandex.com,Rhett,Rowland,,330-178-1300,North Chicago,United States,22397,Hawaii,43 Koret,1998-05-26
crmid:3788882760,phosphate1967@yandex.com,Lane,Little,,992-758-7781,Sierra Vista,United States,34858,Wyoming,672 Darien,1980-06-14
crmid:8853137179,hemoglobin1999@live.com,Galen,Clements,,564-942-4329,Pleasantville,United States,39082,New Mexico,800 Lucy,1976-08-30
crmid:6145359451,cameraman2060@outlook.com,Arlen,Mcfadden,,325-040-1320,Medford,United States,02065,Michigan,452 Merced,1988-02-28
crmid:6215278780,anime1831@outlook.com,Jamie,Acosta,,844-090-4570,Moscow,United States,51905,Arkansas,888 Globe,1993-09-07
crmid:9783117279,apartness1960@live.com,Millard,Carter,,970-770-1538,Morton Grove,United States,20475,Montana,203 Trumbull,1993-04-29
crmid:1375548995,roaming1934@gmail.com,Cedric,Flowers,,202-388-9410,West Bend,United States,94557,Colorado,121 Lafayette,1981-09-25
crmid:6874522161,cornual1952@yandex.com,Rich,Baird,,686-073-0893,Yuba City,United States,56618,Rhode Island,59 Sea View,1972-12-31
crmid:1432770521,cowhand2025@yahoo.com,Mario,Sexton,female,077-789-9965,Davenport,United States,33855,Arizona,1354 Faxon,1953-06-26
crmid:4641278048,fibrinate1984@yahoo.com,Ken,Saunders,,385-190-5232,Liberal,United States,57359,Massachusetts,739 Dearborn,1982-09-19
crmid:3099322426,contineu1962@yahoo.com,Kerry,Melendez,,613-686-2450,Lino Lakes,United States,95883,Rhode Island,1229 Mary Teresa,1983-10-17
crmid:5811055384,ashlar2045@yandex.com,Rebbecca,Holland,female,125-650-0906,Cleveland,United States,44049,Illinois,936 Grenard,1948-07-14
crmid:3602219797,capabler1933@yandex.com,Jovan,Fitzgerald,female,882-204-5139,Cookeville,United States,21288,Iowa,207 Lapham,1950-04-10
crmid:6118209909,beaverish1824@live.com,Ignacio,Townsend,,576-462-9670,Tupelo,United States,41824,Arkansas,1223 Fuente,1984-12-06
crmid:4841049211,alpaca1837@yandex.com,Towanda,Gilmore,female,663-321-3931,St. Cloud,United States,91536,North Carolina,1379 Saint Germain,1995-03-22
crmid:2272443613,comate1987@yahoo.com,Nickie,Burnett,female,322-621-1369,Richland,United States,56105,Maine,1019 Iowa,1954-11-13
crmid:8062994241,refertilizing2025@yandex.com,Karry,Patrick,female,790-747-3453,Dublin,United States,21047,Connecticut,736 Signal,1956-05-23
crmid:3394654698,chances1850@yandex.com,Elisha,Rodriquez,,578-764-3366,Massillon,United States,55418,Louisiana,189 Cherry,1988-09-28
crmid:8134244621,contributiveness1852@yandex.com,Erinn,Hendrix,female,023-133-6903,Oak Harbor,United States,89337,Arkansas,456 Gough,1958-03-13
crmid:6869795526,aspersion1890@gmail.com,Meghann,Mueller,female,788-477-6055,Chillicothe,United States,30517,Alaska,1351 Phelps,1947-06-21
crmid:5329317767,bisquette1823@gmail.com,Raymundo,Rice,,928-557-7504,Mandan,United States,78576,Arizona,1271 Kinzey,1986-06-26
crmid:4243275258,ditone2030@gmail.com,Laurence,Huber,male,636-187-7757,Avon Lake,United States,39560,Texas,254 Carmel,1935-06-15
crmid:3075357427,explorers1936@live.com,Edmundo,Black,,609-578-2086,Leawood,United States,74170,Illinois,1054 Jason,1981-12-23
crmid:3765401583,alcoa2010@yahoo.com,Valentine,Vang,,225-118-5935,Hesperia,United States,63556,Michigan,1158 Cedro,1971-11-01
crmid:9746523099,defrance1916@yahoo.com,Kip,Hartman,,703-009-6363,La Mirada,United States,65383,Iowa,1383 Broderick,1978-10-11
crmid:9709652931,snapberry1894@outlook.com,Collin,Hall,,789-708-6741,Massapequa Park,United States,49151,Michigan,973 Clifford,1988-08-14
crmid:5234569643,retying1826@outlook.com,Brian,David,,561-825-7845,Missoula,United States,05055,Arkansas,1289 Vidal,1992-02-12
crmid:1841909702,ducking1907@yahoo.com,Thomas,Chandler,,187-329-9382,Rowlett,United States,63353,Indiana,301 Battery East,1976-03-11
crmid:2518757124,gritstone2047@yahoo.com,Lee,Alvarado,,287-505-6527,Myrtle Beach,United States,45469,South Dakota,28 Millwright Cottage Access,1995-08-20
crmid:4231291224,achates2017@outlook.com,Tony,Caldwell,,904-487-6470,Matteson,United States,32132,Mississippi,1182 Ashbury,1988-07-14
crmid:7891744696,unmoderated1892@yahoo.com,Sal,Rios,male,935-529-5503,Peekskill,United States,75857,Idaho,94 Montclair,1939-09-25
crmid:6906555043,frangent1939@live.com,Maxima,Sharp,female,513-379-6308,Schertz,United States,73848,Louisiana,1060 Benton,1956-06-27
crmid:6914741991,argument1935@gmail.com,Wayne,Jarvis,male,290-738-3506,Boston,United States,56225,Vermont,875 Battery East,1940-10-15
crmid:2926524257,chuddar1813@gmail.com,Terrell,Serrano,female,894-767-7207,Eau Claire,United States,50089,New Jersey,261 Head,1957-09-26
crmid:4613748328,aggression1819@gmail.com,Hassan,Bartlett,,191-680-2364,Suisun City,United States,68257,Missouri,92 Homer,1968-12-19
crmid:9872100620,capitalism2024@gmail.com,Steve,Dunn,male,146-536-6824,Alamo,United States,50414,South Carolina,845 Lombard,1930-09-09
crmid:4620922348,polystylar1922@yandex.com,Irina,Bishop,female,439-556-6130,Takoma Park,United States,20336,Ohio,1329 The Embarcadero,1958-04-03
crmid:3451711132,oxymomora2000@outlook.com,Dylan,Lindsey,male,566-824-7106,Buena Park,United States,15957,Iowa,1320 Lendrum,1942-03-17
crmid:5241315058,crinkly1876@outlook.com,Grant,Mcclure,,156-166-7678,Westlake,United States,46925,Maryland,999 Don Chee,1987-12-15
crmid:4717331903,daymare2019@outlook.com,Thomas,Drake,,327-076-8815,Killeen,United States,32257,Maryland,524 Oakwood,1977-06-08
crmid:8127616492,gript2063@yandex.com,Idell,Barnett,female,762-314-4766,Enterprise,United States,60186,Iowa,446 Divisadero,1960-10-07
crmid:2733377062,wallet2000@yandex.com,Trey,Livingston,male,983-593-5366,Cartersville,United States,59862,Nebraska,274 Lusk,1944-09-17
crmid:3501901829,bugler2054@outlook.com,Chang,Page,,966-127-6547,Romeoville,United States,99993,Colorado,1096 Perasto,1971-02-20
crmid:6595143824,betaking2060@live.com,Brandon,O'neil,male,110-497-4181,St. Clair Shores,United States,16398,Oregon,347 Tehama,1945-01-22
crmid:4334023369,winterberry1974@gmail.com,Thomasena,Valdez,female,178-960-7316,El Cajon,United States,85031,Pennsylvania,1382 Greenwood,1958-09-29
crmid:2444929828,barse1842@gmail.com,Tameika,Ramirez,female,689-869-5698,Edmond,United States,54006,Virginia,1381 Southard,1958-09-28
crmid:6765361725,bagrationite1928@yahoo.com,Miguel,Colon,,404-017-9958,Vineland,United States,49448,Alaska,1384 Horne,1983-04-16
crmid:4079668593,schematic1837@live.com,Les,Hoffman,,145-729-6064,Kearney,United States,48674,Ohio,265 Burgoyne,1976-08-12
crmid:2137076921,estherian1808@live.com,Ronny,Gallegos,,513-985-4157,West Fargo,United States,85483,South Dakota,795 Apollo,1969-09-06
crmid:4785824724,erythrocyte1985@yandex.com,Rosendo,Mcintosh,male,257-505-1648,Providence,United States,05932,North Dakota,1358 Clipper,1933-08-19
crmid:8767476088,solarise2005@live.com,Brendon,Lawson,male,326-813-4975,Brownsville,United States,04872,Colorado,804 Kansas,1942-02-17
crmid:9539420673,sulphitic1879@gmail.com,Elisha,Briggs,male,309-430-3350,Tyler,United States,50109,Georgia,818 Lori,1933-10-06
crmid:1430328070,pyruloid2065@yahoo.com,Pasquale,Duncan,male,977-345-0875,Ames,United States,43325,Arizona,982 Oshaughnessy,1932-08-09
crmid:8165791097,artur1876@yandex.com,Quinton,Wall,,744-694-5284,Monroeville,United States,01994,Pennsylvania,218 Dolphin,1992-01-15
crmid:7301673060,iters1903@yahoo.com,Philip,Wood,male,594-724-4466,Ames,United States,99251,New Jersey,1011 Wyton,1932-08-31
crmid:6684000615,overdogs2021@outlook.com,Odell,Gallegos,,905-969-0698,Pearland,United States,92749,Massachusetts,205 Tunnel,1964-09-25
crmid:1653977008,please1876@live.com,Bradly,Rush,male,334-216-7596,Berkeley,United States,04977,Nevada,925 La Playa,1938-01-26
crmid:7840141637,jotisi1863@outlook.com,Ashley,Gutierrez,male,209-237-3251,Appleton,United States,06567,Arizona,610 San Leandro,1933-01-12
crmid:9869038440,burrus1918@yahoo.com,Micah,Franklin,,452-007-4015,Moscow,United States,93943,Wyoming,894 Harlan,1993-05-13
crmid:8904172925,umbrellabird1913@yahoo.com,Boris,Mercado,male,227-961-0993,Bend,United States,09322,Maine,1370 Alhambra,1938-01-20
crmid:4138242764,brachylogy1901@yahoo.com,Timmy,Sears,,092-916-1405,Owensboro,United States,36415,Louisiana,1276 Avalon,1970-10-20
crmid:8726019491,chouser1956@gmail.com,Deon,Heath,,042-822-5986,Owensboro,United States,40939,Texas,627 Varney,1990-07-01
crmid:1759057285,orthognathy1969@outlook.com,Otelia,Dalton,female,219-745-5992,West Jordan,United States,91922,Arizona,254 Grace,1951-07-07
crmid:6304239271,citrons2012@yahoo.com,Stevie,Rush,female,826-133-4414,Duarte,United States,43739,Nebraska,289 Chester,1955-08-26
crmid:5273985594,miffs1837@yahoo.com,Guillermo,Lambert,male,771-751-8386,Cathedral City,United States,23077,Florida,1085 Alvord,1945-04-17
crmid:2894673503,cotte1824@gmail.com,Wilton,Rush,,164-704-6017,White Bear Lake,United States,89195,Texas,776 Bemis,1981-01-04
crmid:8907490742,cequi1946@outlook.com,Julee,Reid,female,430-385-5471,Edwardsville,United States,86715,North Dakota,505 Lobos,1958-10-20
crmid:2045303937,derivedness1913@yahoo.com,Jorge,Dotson,,233-223-5932,Mount Vernon,United States,40624,Iowa,427 Parnassus,1994-07-13
crmid:1541973527,careworn2035@yahoo.com,Lincoln,Villarreal,,187-323-2212,Gallatin,United States,59379,Maryland,580 San Bruno,1965-09-26
crmid:4226046156,unjewelled1986@live.com,Matthew,Hodge,,282-673-4558,Lathrop,United States,76683,West Virginia,745 Seventh,1981-12-12
crmid:1449506801,amphibia1838@yahoo.com,Margorie,Alston,female,583-350-6768,North Augusta,United States,23305,Virginia,68 Majestic,1998-04-25
crmid:7672801994,bullen2010@outlook.com,Miki,Burt,female,974-075-9447,Champaign,United States,36749,Vermont,460 Ridge,1946-06-04
crmid:7673051978,wared1854@yahoo.com,Howard,Yates,male,338-179-2906,Bartlett,United States,26317,Alaska,1265 Lockwood,1936-05-21
crmid:8661136855,graybeard1894@outlook.com,Hank,Gallagher,,829-172-0393,Westminster,United States,68229,Massachusetts,424 Fayette,1978-04-07
crmid:2385016224,viceless1821@outlook.com,Maurice,Leach,male,900-683-5081,Banning,United States,35857,Missouri,1231 Ames,1936-07-17
crmid:1590911699,plote1930@gmail.com,Willie,Macias,,525-774-9955,Huntersville,United States,08951,North Carolina,445 Vine,1973-02-05
crmid:1767329566,prohibitionary2011@live.com,Ezequiel,Fischer,,437-815-6532,Hazel Park,United States,73062,New Mexico,846 Stow Lake,1970-12-24
crmid:3092409406,animations1876@live.com,Homer,Nash,male,260-871-1299,Brook Park,United States,23629,Massachusetts,502 Alma,1941-05-21
crmid:8162530943,borneo1841@yahoo.com,Steven,Cherry,,798-806-6222,Geneva,United States,05313,Colorado,840 Ringold,1965-01-25
crmid:3401657925,litotes2069@outlook.com,Shin,Roberson,female,914-642-2810,Eau Claire,United States,97859,Hawaii,858 Eutaw,1957-08-25
crmid:3224877097,anisotropic1906@yandex.com,Claudie,Dale,female,644-832-9693,Temecula,United States,72222,Tennessee,847 Sears,1958-02-07
crmid:2244166199,hysterodynia1822@gmail.com,Carlo,Petty,male,867-607-3369,Bartlett,United States,00562,Mississippi,1261 Blanche,1936-02-23
crmid:5069089730,deanery1917@yandex.com,Gary,Reese,female,409-342-9104,Norwich,United States,11702,New York,926 Boynton,1999-04-22
crmid:7284373946,dorsiventral1890@yahoo.com,Stephen,Buchanan,female,079-374-5182,Deer Park,United States,42788,Arizona,249 Revere,1953-08-04
crmid:9587352300,daylights1850@live.com,Fletcher,Rodriquez,,694-916-7498,Morgan Hill,United States,26739,Connecticut,1275 De Montfort,1993-04-01
crmid:4300823990,timbersome2016@outlook.com,Paris,Atkinson,,601-104-4049,Ocean Springs,United States,94650,Utah,1243 Putnam,1993-01-23
crmid:1211651386,cuirassed2064@yandex.com,Ellis,Orr,,380-197-6246,Hutchinson,United States,35662,Kentucky,260 Tocoloma,1974-06-06
crmid:9933902712,elaterist1972@gmail.com,Sandy,Dillard,,823-866-1395,Fort Smith,United States,46735,Colorado,1339 Arballo,1963-08-25
crmid:9544851915,subarcuation2043@gmail.com,Sam,Herman,male,552-733-6158,St. Charles,United States,90569,Washington,757 Bay View,1936-10-17
crmid:7292868468,imbonity2067@yandex.com,Shirely,Hall,female,537-558-2193,Davis,United States,42679,North Dakota,565 Marvel,1953-08-12
crmid:7410938149,sacculoutricular1858@yandex.com,Hugo,Decker,,783-699-9482,Grand Island,United States,95939,Florida,234 Delaware,1967-03-19
crmid:7545189313,abrus2028@live.com,Tommie,Simpson,,105-675-3182,Milford,United States,96557,Nevada,972 Rome,1990-11-01
crmid:5358700956,basis1980@yandex.com,Wallace,Manning,,256-941-0630,Woodridge,United States,67257,Rhode Island,1121 Yorba,1970-04-21
crmid:9836655723,deek2065@outlook.com,Deonna,Hamilton,female,218-027-9403,Romeoville,United States,19671,Pennsylvania,446 Torney,1947-11-24
crmid:4794826005,erwin2038@live.com,Zachary,Soto,,088-485-8087,Mount Clemens,United States,61585,Wyoming,1243 China Basin,1993-11-28
crmid:2606076106,whigling2004@yahoo.com,Shirleen,Carson,female,689-096-5556,Culver City,United States,43985,Arkansas,954 Wawona,1952-08-05
crmid:2732611282,cupper1841@gmail.com,Len,Terry,,890-528-6626,Forest Grove,United States,29994,South Dakota,148 Mirando,1962-04-30
crmid:6549721977,bullocks2009@yahoo.com,Denver,Farmer,,410-167-7961,North Chicago,United States,75436,Louisiana,997 Monterey,1998-12-20
crmid:7625999487,basin1808@yandex.com,Zachery,Campos,,086-785-2548,Tiffin,United States,72151,New Jersey,172 Aptos,1965-12-07
crmid:4077059504,verbenaceae1830@outlook.com,Veronique,Villarreal,female,364-069-3187,Weston,United States,75165,Vermont,126 Washington,1949-11-22
crmid:1578919082,architeuthis2017@outlook.com,Van,Gonzales,,982-592-7961,Marquette,United States,01328,New Jersey,1137 Kezar,1987-01-13
crmid:1449122686,meanwhile2055@outlook.com,Cruz,Wilder,,924-286-6931,Oviedo,United States,57296,California,1127 Conrad,1965-09-09
crmid:1223388069,codens2015@yahoo.com,Kenneth,Watts,male,732-271-9969,Mountain View,United States,86033,Nebraska,771 Finley,1994-09-20
crmid:7817631956,indignity1962@yahoo.com,Quiana,Powell,female,051-238-4894,Somerville,United States,17255,New Jersey,403 Tubbs,1948-07-24
crmid:3004390061,religiousness1971@live.com,Charis,Hudson,female,273-420-6787,Ossining,United States,16043,Louisiana,233 Crescent,1948-11-26
crmid:5464699707,cithara1832@gmail.com,Hank,Snow,,052-010-9751,Rockville Centre,United States,48902,Arkansas,131 Bellevue,1990-04-28
crmid:7739732572,slavophile2015@yahoo.com,Glen,Petty,,793-078-5934,Wheeling,United States,74325,Kansas,863 Moore,1981-07-08
crmid:2581282145,centrosome1884@live.com,Sindy,Blankenship,female,061-204-3780,Phenix City,United States,91037,Hawaii,156 Brosnan,1952-08-03
crmid:5854596816,couplet2051@outlook.com,Julius,Blanchard,,590-093-0020,Hollywood,United States,04600,North Dakota,1319 Valley,1972-01-22
crmid:4727741304,kilts2035@outlook.com,Prince,Merritt,male,404-679-8880,Berkeley,United States,96544,Arkansas,911 Digby,1938-08-20
crmid:4827490993,massa1836@live.com,Martin,Stone,,265-362-6537,Miami Beach,United States,05393,California,605 Broadway,1990-01-02
crmid:3240239865,scalp1898@live.com,Demetrius,Lambert,female,096-684-9210,Corcoran,United States,14810,New Hampshire,1011 Dudley,1950-02-17
crmid:9782310522,pityriasis1958@gmail.com,Emerson,Skinner,,489-832-3922,Inver Grove Heights,United States,60189,Hawaii,864 Long Bridge,1974-11-10
crmid:3203889030,papal1872@yahoo.com,Randal,Le,,724-237-5478,Little Elm,United States,62463,Indiana,232 Kensington,1983-11-07
crmid:1251424146,signification1968@outlook.com,Barney,Berg,,894-275-0618,Parma Heights,United States,25808,Pennsylvania,675 Burritt,1968-01-17
crmid:3299800551,apophysis1956@yandex.com,Hue,Christian,female,075-419-5223,Cheyenne,United States,17730,Wisconsin,1177 Todd,1947-04-06
crmid:3039407307,cololite1970@outlook.com,Bradford,Larsen,,092-561-0446,Littleton,United States,61653,West Virginia,871 Mary Teresa,1983-12-12
crmid:3902464740,trijets1830@outlook.com,Georgeanna,Holden,female,333-148-3658,Crystal,United States,87480,Maryland,338 Middle West,1952-12-24
crmid:4562907626,proclaimed1881@outlook.com,Sidney,Jordan,,274-514-0291,Hickory,United States,80564,Tennessee,700 Eastwood,1971-06-04
crmid:1364262284,abrupt1879@yandex.com,August,Delaney,,823-961-7378,Fort Lee,United States,32011,New York,770 Kamille,1963-05-10
crmid:4944942816,ad2056@gmail.com,Brock,Potter,,986-526-6054,Holyoke,United States,40005,North Carolina,198 De Long,1972-08-27
crmid:2150053793,dhooras1958@yahoo.com,Earle,Bridges,,288-397-0874,Shoreline,United States,63880,Arkansas,108 Long,1964-05-05
crmid:6674093842,deipnophobia2007@live.com,Francisco,Sanford,female,449-347-2120,Tarpon Springs,United States,27449,Delaware,1112 Maiden,1960-03-26
crmid:3159849638,dacian2061@gmail.com,Kyle,Rose,male,088-423-6858,Anchorage,United States,37151,South Dakota,550 Russ,1932-06-25
crmid:2031767383,tinfoil1842@yandex.com,Carroll,Buck,,779-870-1937,Helena,United States,62202,Colorado,400 Oreilly,1970-11-28
crmid:9203657298,amygdalotome1965@yandex.com,Glen,Prince,,756-266-2912,Pullman,United States,46692,Idaho,1344 Wedemeyer,1981-05-20
crmid:8597535813,greengage1952@yandex.com,Jordon,May,,284-151-6879,Hobart,United States,51736,Maryland,184 Hidalgo,1972-09-12
crmid:2519195729,boons1847@yahoo.com,Jon,Cortez,,010-748-2801,Howard,United States,40016,Maine,323 Cedar,1973-08-20
crmid:4499317907,heteroploidy1869@yahoo.com,Newton,Monroe,,896-594-7751,Huntsville,United States,69447,Tennessee,995 Locust,1974-11-29
crmid:4014228944,quokka1986@outlook.com,Kallie,Frank,female,817-853-8681,Rock Hill,United States,12966,Georgia,1182 Stoneridge,1949-04-10
crmid:7709051961,sabed1873@outlook.com,Ike,Mejia,,442-017-0476,Fort Walton Beach,United States,94452,Minnesota,488 Rondel,1963-08-12
crmid:9212330609,scarped1882@yandex.com,Elly,Estes,female,846-547-4853,Tahlequah,United States,82128,Hawaii,927 Adam,1956-12-05
crmid:4427637816,disobligatory1808@yahoo.com,Nicolasa,Lang,female,783-517-7782,Edinburg,United States,33736,Idaho,23 Linares,1958-07-17
crmid:9181153751,tups1890@yahoo.com,Valentin,Cleveland,male,887-805-0021,Amarillo,United States,81133,Montana,1042 Campton,1932-09-06
crmid:8813634288,azine1943@yandex.com,Cedrick,Michael,,890-843-6529,Herndon,United States,39627,Arkansas,74 Allison,1971-07-15
crmid:4606043079,bluestones1839@outlook.com,Leigh,Bates,,470-473-3993,San Mateo,United States,53136,California,857 Valparaiso,1999-05-10
crmid:2052002843,connelly1927@gmail.com,Catarina,Schroeder,female,503-697-6957,Fairmont,United States,00214,California,1291 Mccarthy,1961-02-26
crmid:4062856972,amril1938@live.com,Armando,Wise,,695-633-1493,Logan,United States,16490,New Hampshire,1121 Cosmo,1983-03-27
crmid:7609146765,angry1828@gmail.com,Cyril,Cruz,male,130-407-6840,Cedar Rapids,United States,17001,Missouri,7 Casitas,1945-02-07
crmid:3135304971,atopy2042@outlook.com,Benton,Byrd,,581-603-1205,Van Buren,United States,64515,New Mexico,243 Walkway,1992-07-04
crmid:9170981530,tripe1991@live.com,Salley,Acosta,female,062-329-0044,Crystal Lake,United States,47330,Utah,620 Jordan,1952-08-01
crmid:9235333791,semihistorical2004@yahoo.com,Jon,Bender,,714-835-8410,Hazel Park,United States,13093,New Jersey,1331 Eureka,1970-03-01
crmid:6911488460,anoraks1954@yahoo.com,Keeley,Carver,female,524-129-1682,Cicero,United States,91735,Kentucky,955 Kirkham,1947-05-05
crmid:1658115683,equilibrio1881@outlook.com,Chassidy,Berg,female,320-358-2791,College Station,United States,97089,Minnesota,182 Galilee,1949-10-25
crmid:9071813291,deidre1978@gmail.com,Chase,Acosta,,690-836-0896,Sand Springs,United States,97426,Washington,6 Catalina,1986-10-09
crmid:7373899721,belanda1952@gmail.com,Lance,Woodward,male,730-834-0405,Arlington,United States,30287,Michigan,993 Avoca,1933-06-02
crmid:9713010434,interregnum1958@yahoo.com,Erasmo,Wiley,male,396-670-0859,Bellevue,United States,18263,Missouri,1318 Nueva,1937-04-26
crmid:6728735804,cybernetic1967@gmail.com,Freddie,Flynn,male,378-754-5383,Blythe,United States,20270,Wyoming,1088 Gerke,1940-04-10
crmid:5610670595,corners1967@gmail.com,Karl,Buchanan,,005-264-7022,Rapid City,United States,63423,Arkansas,671 Knollview,1979-07-27
crmid:3968295115,dutuburi1823@yandex.com,Porsha,Steele,female,797-804-5189,Pekin,United States,99870,Kansas,146 Crown,1948-07-28
crmid:9950753279,depravities2002@yandex.com,Bernardo,Livingston,male,442-653-8111,Augusta,United States,02344,Illinois,1184 Yale,1935-01-17
crmid:5498669492,decagon2050@outlook.com,Irvin,Rosa,,525-962-3227,Mankato,United States,81025,New York,611 Piedmont,1986-04-20
crmid:9999214813,elevator1913@yahoo.com,Irving,Marshall,male,425-434-2547,Balch Springs,United States,95152,New Mexico,105 Third,1935-05-18
crmid:4639128374,dowse1842@yahoo.com,Lenard,Munoz,,663-832-0872,Plattsburgh,United States,78116,Washington,911 Capen,1985-02-02
crmid:8326943433,zebu1878@yandex.com,Dale,Jenkins,male,824-057-7224,Ottawa,United States,14914,Nevada,384 Hubbell,1943-02-15
crmid:6643450817,craft1961@outlook.com,Spencer,Craft,,382-286-1321,North Port,United States,76608,North Dakota,1185 Garcia,1999-11-13
crmid:3188067967,atopy1908@live.com,Edmond,Alvarez,male,451-280-7187,Tigard,United States,60148,Nebraska,614 Walnut,1941-10-06
crmid:6135115711,abiogenesis1919@yahoo.com,Marc,Chaney,,550-911-6065,Gastonia,United States,73933,Iowa,1193 Wills,1965-12-22
crmid:1983195291,troutiest2059@yandex.com,Rogelio,Fischer,male,707-775-3309,Tinton Falls,United States,68978,Maine,603 Gould,1940-08-10
crmid:8046670694,reopen1908@live.com,Jarred,Sandoval,male,161-072-6437,Peekskill,United States,17742,Delaware,240 Texas,1943-05-26
crmid:6908028606,decagon1808@outlook.com,Janise,Ware,female,754-576-5612,Danbury,United States,95797,Pennsylvania,34 Sunglow,1952-11-19
crmid:7323294076,nonesthetic2018@outlook.com,Shandi,Reynolds,female,007-096-2304,Danbury,United States,77540,Colorado,13 Thorne,1952-12-15
crmid:4211646131,unsolicited1936@yandex.com,Glenn,Gonzales,,006-361-9853,Lackawanna,United States,15737,Colorado,121 Canyon,1979-03-22
crmid:1375510316,seconds1940@live.com,Neomi,Castillo,female,617-003-2529,Eugene,United States,71730,California,700 Cuba,1960-07-05
crmid:1023126868,biedermeier1804@outlook.com,Elton,Ramos,,460-437-5458,Poway,United States,56415,Colorado,24 Alma,1999-07-20
crmid:9219876187,precomparison2037@yahoo.com,Calvin,Stone,male,700-072-3928,Casa Grande,United States,09747,Alabama,16 Baltimore,1945-02-28
crmid:4647259664,infectionist1874@yandex.com,Stephen,Estes,male,491-329-2680,Broken Arrow,United States,78277,Michigan,618 Farallones,1941-12-26
crmid:6997298326,unchoking2030@outlook.com,Ivory,Porter,,919-108-6021,Littleton,United States,49826,New Hampshire,1226 Del Vale,1983-07-04
crmid:8030241440,causes2033@gmail.com,Mahalia,William,female,537-957-9520,Northport,United States,89819,Minnesota,632 Saint Louis,1999-11-27
crmid:4969449312,esclavage1811@yahoo.com,Elmer,Horton,,713-042-6563,Maywood,United States,10843,Alaska,785 Fair,1988-03-03
crmid:5498669492,europeanization2031@outlook.com,Richie,Durham,male,204-802-8200,Barstow,United States,48846,New York,1369 Ils,1936-08-09
crmid:9892045090,ditrematous1825@yandex.com,Ted,Fuller,,443-704-1973,Gilroy,United States,74517,Utah,935 San Carlos,1966-12-12
crmid:9070710418,intersoil1876@yandex.com,Davis,French,,963-921-5554,Tukwila,United States,52933,Washington,1313 Paris,1986-04-14
crmid:5346051512,acryl1846@outlook.com,Ervin,Russo,,093-082-5968,McKinney,United States,10667,Tennessee,1113 France,1988-04-01
crmid:7887532611,belowdecks2007@outlook.com,Burl,Doyle,male,531-857-9693,Alexandria,United States,08445,Minnesota,348 Boylston,1931-02-08
crmid:2184536903,consultary2056@yahoo.com,Dorian,Pacheco,female,651-053-1364,Chattanooga,United States,79136,South Carolina,1277 Stoneybrook,1946-11-29
crmid:9763124074,pangamous1984@yandex.com,Philip,Strickland,,498-417-5954,West Lafayette,United States,31347,Iowa,740 Todd,1972-11-05
crmid:7738387765,lallans1865@yahoo.com,Charlena,Donovan,female,691-966-7442,Dunedin,United States,06365,Kentucky,685 Cottage,1956-02-08
crmid:6814030530,anabel1904@yandex.com,Audie,Cameron,female,448-455-5078,Rowlett,United States,51132,Nebraska,1018 Saint Marys,1999-03-02
crmid:9555005851,blackroot2021@yandex.com,Coleman,Reed,,574-893-6705,Peekskill,United States,39221,Georgia,885 Panama,1971-12-22
crmid:3904474464,animations2065@live.com,Clyde,Woodard,,566-928-4821,Hamilton,United States,78169,Oregon,1186 Varney,1969-12-24
crmid:3238783784,travertine1968@yandex.com,James,Stephens,,615-973-0209,Newark,United States,71087,Idaho,636 Mark,1997-12-14
crmid:3030513310,electrolysis1976@outlook.com,Elliott,Park,male,843-705-5148,Arvada,United States,71990,Minnesota,149 Argent,1934-03-22
crmid:6207887708,periostosis1875@yandex.com,Neil,Arnold,,723-976-4381,Fort Pierce,United States,82848,Kentucky,793 Dickinson,1963-05-09
crmid:7009114720,fumous1812@live.com,Gregorio,Bowen,,284-885-4856,Odessa,United States,87722,Montana,50 Cloud,1985-05-25
crmid:9768917698,unexplainableness1821@gmail.com,Morton,Barrera,,480-823-0747,Oswego,United States,34464,Arizona,838 Quebec,1974-08-16
crmid:3510616911,breakless1996@gmail.com,Monty,Underwood,male,143-467-2766,Winter Haven,United States,99849,Georgia,857 Lagunitas,1939-07-29
crmid:1165425525,tinfoil1989@yandex.com,Maria,Case,,308-087-4587,North Richland Hills,United States,34327,Vermont,30 Nelson,1999-07-11
crmid:4089103600,religionists1830@gmail.com,Howard,Wall,,799-606-9690,Milford,United States,92379,Texas,770 Arellano,1990-11-08
crmid:4751781597,dayspring1864@yandex.com,Manda,Rice,female,551-496-0328,Clarksville,United States,32155,Delaware,1018 Brewster,1948-06-24
crmid:8079402464,pantomime2017@live.com,Titus,Oliver,male,741-446-6061,Mountain View,United States,50664,Rhode Island,837 Quintara,1994-09-18
crmid:9512068654,businesswoman1807@live.com,Loren,Combs,male,449-947-9590,Orem,United States,83729,New Jersey,306 Seal Rock,1934-06-06
crmid:1212995197,heathrman1892@gmail.com,Timothy,Mccray,,350-936-7345,Miami Beach,United States,21531,Michigan,1216 Bacon,1990-05-09
crmid:1684540693,antinome1969@outlook.com,Alvin,Zimmerman,male,706-354-0575,Beaverton,United States,79279,Utah,677 Portal,1937-12-01
crmid:6938089078,canamo2033@yahoo.com,Rashad,Hancock,,411-641-9970,Plum,United States,39976,Wisconsin,763 San Felipe,1968-02-24
crmid:8493244396,duress2061@gmail.com,Stephan,Wilkerson,,861-932-6393,Mission,United States,13995,South Carolina,252 George,1991-03-11
crmid:9020890109,angelate1858@yandex.com,Trevor,Duke,male,180-296-1715,Bethlehem,United States,51617,Connecticut,1336 Alpha,1938-09-08
crmid:5779107621,cellmate1996@yandex.com,Jere,Le,,938-764-3013,Safety Harbor,United States,58705,Maine,512 The Embarcadero,1980-09-25
crmid:4219489595,byroad2029@live.com,Kory,Fry,,376-593-9481,Meriden,United States,70934,New Hampshire,819 Avenue E,1989-07-03
crmid:2787168537,clarin1952@yahoo.com,Tam,Holman,female,818-823-9900,Elmwood Park,United States,79843,Montana,1202 Lawton,1959-12-20
crmid:3759909341,acquest1826@outlook.com,Chung,Kidd,,268-236-0576,Salina,United States,89185,New York,519 Tulane,1965-02-22
crmid:7288359124,inbounds2013@yandex.com,Randolph,Gilmore,,025-065-9332,Norwood,United States,42941,Nebraska,123 Peabody,1986-11-08
crmid:2759952713,unlimned2061@outlook.com,Phebe,Fitzgerald,female,069-669-4536,Coachella,United States,45577,Vermont,1340 Ellsworth,1948-07-10
crmid:3284970437,strifes1833@outlook.com,Emmitt,Rutledge,male,310-739-9136,Bismarck,United States,17883,Idaho,48 Opal,1939-04-26
crmid:1911787782,cise1840@yandex.com,Rocky,Jensen,,215-213-2020,Forest Lake,United States,04689,Virginia,952 Ship,1962-01-26
crmid:2719881954,cosimo1975@live.com,Javier,Carey,,548-621-9650,Irving,United States,45194,Michigan,795 Victoria,1975-07-04
crmid:7260811807,esurience1904@live.com,Rozanne,Tate,female,843-899-1676,Shively,United States,81857,Washington,1163 Gates,1950-07-28
crmid:9653724046,calinda1901@yandex.com,Joe,Cochran,male,710-822-6936,Asheville,United States,31171,Arkansas,476 Gaviota,1934-05-06
crmid:1570290786,danceable2004@live.com,Waldo,Duke,,726-224-6593,Garfield Heights,United States,44543,Washington,825 Harlan,1965-08-16
crmid:3865563818,lifts1986@gmail.com,Moshe,O'brien,,187-944-4470,Ottumwa,United States,62327,Texas,1189 Cortes,1994-05-03
crmid:7459222262,carding1812@gmail.com,Clyde,Sloan,female,984-233-2591,El Centro,United States,89788,Ohio,29 Ashburton,1958-02-27
crmid:7942679718,gar1971@yahoo.com,Jamison,Hester,male,715-740-5017,Shelby,United States,96433,Michigan,381 Kiska,1937-11-10
crmid:7749345970,coffin2026@yahoo.com,Ralph,Lowery,,266-538-5045,Morton Grove,United States,88019,Ohio,1243 Navajo,1993-12-27
crmid:1596374921,donned2000@yandex.com,Taylor,Sanders,,366-687-4588,Jackson,United States,46715,Maryland,1374 Florida,1975-08-05
crmid:6847145682,anticyclone1870@yahoo.com,Coy,Meyers,,776-863-4330,Lake Elsinore,United States,20139,South Carolina,194 Retiro,1980-04-08
crmid:6808668438,sighted1905@yandex.com,Barton,Craig,male,162-212-0508,Omaha,United States,96926,Rhode Island,472 Gaven,1939-11-30
crmid:2548906197,effaced2018@yandex.com,Rico,Tran,,453-043-5235,Pensacola,United States,84980,New Mexico,1260 Elmira,1989-12-27
crmid:8898362623,benight2039@yandex.com,Bell,Huber,female,103-141-9340,Shaker Heights,United States,24719,Arkansas,25 Dirk Dirksen,1961-01-15
crmid:4380066804,hyena1970@live.com,Keven,Watson,male,663-545-2312,Rutland,United States,63436,Vermont,1252 Meadowbrook,1933-06-30
crmid:4717331903,ockster1980@live.com,Ria,Mcdowell,female,439-347-3937,Clinton,United States,46053,New Hampshire,715 Cumberland,1948-07-19
crmid:3262921306,backdoor1861@gmail.com,Don,Martin,,319-047-5000,Hobart,United States,79285,Arizona,700 Coronado,1972-02-13
crmid:9224241257,echard1873@gmail.com,Norberto,Mack,,668-460-8736,Methuen,United States,05583,South Carolina,1274 Conrad,1990-01-11
crmid:3281007838,predecessors1971@gmail.com,Iesha,Buckley,female,303-553-2708,East Orange,United States,20573,Colorado,804 Martinez,1957-04-04
crmid:3813504404,irrefragability2065@yandex.com,Nick,Hunter,male,558-898-5732,Birmingham,United States,46865,North Dakota,155 Wayne,1939-07-15
crmid:1118516513,catchpole2007@live.com,Antione,Sandoval,,722-550-2407,Layton,United States,05048,Montana,560 Uranus,1981-01-09
crmid:7880925576,airish2019@gmail.com,Jodee,Marsh,female,967-232-4058,Colton,United States,55075,Tennessee,486 Wayland,1949-09-08
crmid:5947180641,etalon1933@yahoo.com,Denisha,Carey,female,726-778-0288,Royal Palm Beach,United States,18196,Tennessee,329 Mckinnon,1946-09-26
crmid:8721451418,amour1833@yahoo.com,Alessandra,Evans,female,708-144-6035,Santee,United States,26072,Tennessee,1243 Briarcliff,1960-11-18
crmid:6350589565,catie1895@outlook.com,Kenton,Horne,,897-907-2607,Kingsville,United States,50435,South Dakota,398 Filbert,1978-09-27
crmid:5859783068,outlet1897@live.com,Hollis,Mayo,,673-536-6197,Newberg,United States,40754,Illinois,1316 Baltimore,1997-08-13
crmid:7561113412,insect1940@gmail.com,Lawerence,Mcgowan,,362-399-2828,Yuba City,United States,70579,Pennsylvania,624 Circular,1981-01-21
crmid:9711779013,skinkers1983@live.com,Dalton,Bowers,,304-748-4186,Tulsa,United States,67557,Delaware,804 Carnelian,1964-12-23
crmid:7019087707,corium1800@outlook.com,Randall,Bean,,495-748-2424,Pickerington,United States,44290,North Carolina,985 Acorn,1991-08-27
crmid:4884705589,saturants1828@outlook.com,Fabian,Walters,,644-382-1514,Gilroy,United States,13976,Arkansas,1233 Joost,1966-03-04
crmid:7493975346,perturbation1989@outlook.com,Angelo,Maxwell,,326-243-0683,North Olmsted,United States,58205,New Mexico,11 Nelson,1999-10-10
crmid:4296032193,optimacy2058@live.com,Jeneva,Gallegos,female,496-408-1152,Colleyville,United States,83495,New Hampshire,1097 Russian Hill,1949-04-11
crmid:9997657925,schuit2016@yahoo.com,Jeffery,Roach,,120-958-9641,Lancaster,United States,41292,Texas,941 Pulaski,1980-07-24
crmid:6697422369,northeners1844@gmail.com,Renay,Randall,female,033-196-3598,Cornelius,United States,49962,Michigan,1400 Mountview,1950-07-24
crmid:3028693337,scythed1991@live.com,Meda,Reeves,female,276-924-5978,Columbus,United States,77132,Virginia,568 Caledonia,1949-12-12
crmid:6911488460,immerging2038@gmail.com,Francisco,Terry,,047-619-2992,Prairie Village,United States,75733,Indiana,954 Cosmo,1998-07-13
crmid:4120526557,alogism1980@outlook.com,Garrett,Holloway,,651-131-0657,Gillette,United States,33453,South Carolina,1139 Jason,1966-05-11
crmid:2748478166,dorsal1804@gmail.com,Milo,Perez,,180-858-8938,Medina,United States,91770,Alabama,527 Clipper,1989-04-07
crmid:2656825949,launce1913@outlook.com,Virgil,Cruz,male,818-086-4668,Schererville,United States,85555,Wyoming,669 Davis,1936-10-07
crmid:4396102940,unwailing1936@yahoo.com,Morris,Lowery,,775-884-7756,Wauwatosa,United States,43854,Wyoming,1160 Maiden,1990-06-27
crmid:8039042308,parorchis2002@gmail.com,Percy,Warner,male,114-664-1772,Aberdeen,United States,84031,Florida,750 Rankin,1930-10-15
crmid:9543606982,sympathetoblast2046@gmail.com,Glen,Solis,male,090-158-9492,Bristol,United States,20676,Massachusetts,455 Brumiss,1941-04-27
crmid:3332977097,neanderthal1912@live.com,Roger,Mcgowan,male,267-771-1690,Bell Gardens,United States,43226,Washington,1145 San Bruno,1937-08-19
crmid:7209370411,irradiation1882@gmail.com,Shandra,Mendez,female,457-692-9250,Fall River,United States,41145,Washington,1337 Young,1961-08-20
crmid:1324246316,casualist1892@yahoo.com,Carson,Norman,,082-186-3880,Ruston,United States,77929,Texas,520 Humboldt,1981-01-08
crmid:1375007400,ticky1815@yandex.com,Luciano,Flores,male,613-318-2849,Roswell,United States,03103,Delaware,132 Melba,1937-11-12
crmid:4338153486,giantpanda1888@live.com,Sid,Hill,male,985-383-7596,Calabasas,United States,57199,Oklahoma,804 Oceanview,1943-09-14
crmid:5424742316,training2004@yandex.com,Dexter,Russell,male,535-754-9136,Waynesboro,United States,17529,Illinois,200 York,1945-03-26
crmid:1122585094,nonphysiologically1931@yandex.com,Monty,Strong,,002-061-1126,Martinez,United States,09744,Hawaii,528 Liggett,1987-01-24
crmid:9184926891,selvas1900@live.com,Jeneva,Monroe,female,010-878-7283,Dickinson,United States,23554,Connecticut,1140 Oakdale,1955-04-20
crmid:3597737780,caprice1880@outlook.com,Renetta,Savage,female,882-881-2438,Crystal,United States,48888,Alaska,1142 Graystone,1952-07-26
crmid:3121510623,vibrio1903@yandex.com,Jared,Leon,male,416-124-4043,Amsterdam,United States,85922,New Hampshire,643 Elmhurst,1932-05-17
crmid:7652194876,contg2014@outlook.com,Juan,Hinton,,157-685-3175,University Place,United States,38635,Nebraska,336 Newcomb,1969-02-26
crmid:7354135012,bloodsports1920@outlook.com,Dino,Alexander,male,246-558-4517,Beverly,United States,18502,Louisiana,924 Digby,1939-03-01
crmid:7387747287,combinator2014@yandex.com,Bradly,Davis,,951-080-3616,San Bernardino,United States,35047,Iowa,1297 Genebern,1979-09-30
crmid:3958069223,branch2010@yandex.com,George,Tillman,,686-623-7937,Staunton,United States,89777,Alabama,488 Halleck,1967-12-13
crmid:1082547328,blowbacks1844@gmail.com,Jordan,Franklin,,228-592-6186,Pleasant Hill,United States,83470,Massachusetts,149 Letterman Hospital Access,1970-08-30
crmid:6705875662,nonobstetrically1849@live.com,Ray,Riggs,,061-069-9136,Hollister,United States,61874,Ohio,457 Charles J Brenham,1972-11-05
crmid:3880613009,broking1820@yandex.com,Jonathan,Ellis,,321-651-1277,Jeffersonville,United States,23280,Pennsylvania,696 Battery Safford,1975-04-02
crmid:5626893171,downless2019@yandex.com,Davis,Clements,,405-913-8624,Lowell,United States,67111,Washington,1364 Ravenwood,1984-10-16
crmid:6263286243,amril1814@live.com,Gerry,Langley,,745-147-2866,Riverton,United States,32854,Utah,569 Avalon,1973-04-09
crmid:3301934490,bandicoot1883@outlook.com,Johnie,Sherman,,567-683-0626,Janesville,United States,42368,Wyoming,825 Edinburgh,1975-08-21
crmid:1767329566,trafflike1894@live.com,Elmer,Campos,male,215-337-7927,Nicholasville,United States,11901,Indiana,318 Gloria,1997-02-06
crmid:6588901123,seaweeds2004@outlook.com,Neely,Kent,female,588-447-6237,Plymouth,United States,14655,Ohio,820 Vista View,1948-07-16
crmid:6447368588,rykes1804@gmail.com,Kris,Cabrera,,481-062-6373,Stillwater,United States,85451,Alaska,17 Greenspring,1993-10-30
crmid:1536255601,badly1905@yahoo.com,Tyree,Bauer,,541-485-5826,West Jordan,United States,39453,Indiana,1070 Oceanview,1978-10-30
crmid:7901879857,uranolatry2003@yahoo.com,Hiram,Head,,063-137-8263,Pinecrest,United States,34822,Montana,12 Mendell,1973-09-14
crmid:8889149983,antre2032@live.com,Kraig,Rasmussen,,325-478-5664,Grandville,United States,21734,Missouri,440 Church,1967-05-19
crmid:8373660138,songwriter1999@gmail.com,Murray,Ballard,,798-154-0974,Gresham,United States,66402,North Carolina,247 Evans,1968-11-03
crmid:7682877080,unlawyerlike2044@gmail.com,Warner,Horton,male,979-717-2549,Brigham City,United States,56942,West Virginia,107 Hester,1941-10-14
crmid:2571038039,remeant2060@gmail.com,Van,Nielsen,,202-215-1075,Santa Maria,United States,26686,Virginia,1400 Taraval,1967-01-20
crmid:1626804523,eightsmen1885@live.com,Alfonzo,Huffman,male,579-420-5910,Bartow,United States,04157,South Carolina,1008 Portola,1936-01-15
crmid:1632152143,semesters1804@outlook.com,Jacques,Collins,,793-189-3903,Knoxville,United States,32728,Oregon,18 Battery Wagner,1978-05-13
crmid:4517490606,weedlike1957@yandex.com,Belkis,Stephenson,female,958-264-2187,Vancouver,United States,60239,North Carolina,379 Greely,1958-01-28
crmid:4474852141,bashed1962@yandex.com,Grover,Gaines,male,756-947-1851,New York,United States,57348,South Dakota,651 Wedemeyer,1997-09-02
crmid:8029960381,adamczyk1844@live.com,Neil,Davis,,128-600-2336,Lee's Summit,United States,95494,Nevada,1100 Wabash,1982-09-19
crmid:5460047586,expiry2043@yandex.com,Cecil,Pratt,,246-078-2945,North Little Rock,United States,30060,Wisconsin,482 Seymour,1998-07-03
crmid:7933946990,charmeuse1855@yahoo.com,Carlton,Drake,,801-935-3495,Hercules,United States,77875,Kansas,712 Mandalay,1971-03-24
crmid:3469900936,apostrophe1910@live.com,Anderson,Whitehead,,292-855-7827,Miamisburg,United States,04697,South Dakota,489 Santa Ana,1990-01-19
crmid:1771610730,belight1802@gmail.com,Sam,Sullivan,,336-257-1239,Sierra Vista,United States,80159,Wisconsin,666 Ahern,1976-02-09
crmid:9808197696,wivern1900@gmail.com,Lynelle,Schultz,female,726-797-1424,Port Angeles,United States,87680,Illinois,440 Rosewood,1947-11-11
crmid:7339996269,semidiaphanously2061@yahoo.com,Rashad,Cook,,723-824-5143,Oregon,United States,41495,North Carolina,956 Egbert,1981-06-04
crmid:1881622357,platypus1823@yandex.com,Glayds,Owens,female,650-440-6550,St. Marys,United States,16106,Oregon,802 Bayview Park,1949-03-22
crmid:1220036846,byran1825@outlook.com,Jonathan,Patrick,male,208-301-3975,Albuquerque,United States,76082,Colorado,710 Clover,1931-12-11
crmid:9989843786,redoxes1826@yahoo.com,Tamie,Ferrell,female,582-514-0001,Wheat Ridge,United States,14804,Kentucky,445 Nibbi,1954-08-09
crmid:5220313385,faller1900@gmail.com,Morris,Roberts,,511-109-4486,Geneva,United States,74401,Ohio,295 Erie,1965-04-14
crmid:7545189313,concussion2064@outlook.com,Ariel,Conner,,747-919-5249,Tulare,United States,55201,Oregon,1060 Tillman,1994-06-19
crmid:4713295861,countersink1831@yandex.com,Matt,Noble,,155-814-5822,Norman,United States,89796,Kansas,128 Flora,1998-05-30
crmid:9988332959,foreshoulder2003@yandex.com,Rosendo,Parks,,191-499-5979,Great Falls,United States,02678,Montana,222 Sydney,1968-01-02
crmid:9392392279,abatis1939@gmail.com,Martin,Holland,female,255-938-1981,Tracy,United States,29302,Louisiana,1063 Jeopardy,1955-12-12
crmid:2935109817,pangasinan2058@gmail.com,Genaro,Garrison,male,575-271-2280,Pinellas Park,United States,03255,Wyoming,1194 Amatista,1934-04-11
crmid:9201800380,casco1833@yahoo.com,Jacelyn,Smith,female,101-604-1534,Durant,United States,29826,Georgia,313 Byxbee,1956-04-27
crmid:6040422763,bongos2031@live.com,Omer,Velez,,577-711-6204,Hilton Head Island,United States,34944,Pennsylvania,1034 Russia,1972-06-21
crmid:4320275073,milled1893@live.com,Elliott,Stout,,911-357-4482,Idaho Falls,United States,25882,Idaho,1358 Pine,1974-05-05
crmid:7948935708,chemoreceptor1898@outlook.com,Alonzo,Orr,,966-873-7428,Xenia,United States,70007,West Virginia,1018 Fontinella,1983-01-08
crmid:7343284774,davidian1989@live.com,Paul,Flowers,,883-785-7594,Leesburg,United States,97862,California,757 Wilson,1982-06-27
crmid:5833398674,waysider1953@live.com,Donn,Henderson,,613-509-9556,Kalamazoo,United States,01321,Maine,764 Cuvier,1976-01-06
crmid:7965947397,emendating1987@yandex.com,Michel,Kemp,,377-818-9034,Roswell,United States,40140,Mississippi,1187 Newman,1988-01-14
crmid:2014152457,eliminable1979@gmail.com,Lamont,Aguilar,,745-888-0171,Havelock,United States,57101,West Virginia,1257 Miramar,1970-09-15
crmid:3795107916,amorist1990@outlook.com,Claudio,Fletcher,,291-794-6928,Kernersville,United States,36009,Colorado,917 Ney,1977-06-20
crmid:1817692754,sylvanitic2046@yandex.com,Trula,Larson,female,500-922-6329,Cypress,United States,95248,Ohio,120 Williams,1952-09-17
crmid:9512068654,scaled1829@yandex.com,Margaretta,Hooper,female,892-802-5175,The Colony,United States,14164,Louisiana,784 Hayward,1951-06-14
crmid:6009460781,outportion1949@yandex.com,Carmelo,Sandoval,male,026-748-3633,North Richland Hills,United States,07190,Alaska,923 Belvedere,1999-01-03
crmid:3750610250,rushland1992@yandex.com,Dominick,Best,male,474-811-0970,Cape Coral,United States,12347,New Mexico,972 Bishop,1944-03-03
crmid:5726788775,superurgency1801@outlook.com,Billy,Vinson,,629-676-0977,Schererville,United States,53649,Kansas,1195 Adair,1978-04-23
crmid:2019892208,lectures1996@live.com,Jeremy,Carson,female,186-609-1579,Sterling Heights,United States,21431,Nevada,35 Granville,1956-04-05
crmid:7906277254,exacter1821@yandex.com,Beatris,Reed,female,643-621-6212,Colton,United States,97755,North Dakota,672 Rhode Island,1949-01-24
crmid:8681116409,favela1962@yandex.com,Ross,Barnett,,286-155-3471,Olathe,United States,22241,Wyoming,1066 Lysette,1963-04-29
crmid:7182509570,rhizobium1938@outlook.com,Danuta,Levine,female,886-182-9326,Fairhope,United States,69569,South Dakota,320 Bengal,1961-11-04
crmid:1708375238,shadowgraphy2007@live.com,Taylor,Bowman,male,619-419-3325,Tacoma,United States,57804,Montana,398 Gateview 3,1931-12-20
crmid:2941666765,acrorhagus1862@gmail.com,Noble,Leonard,,817-492-0722,San Bruno,United States,43459,Delaware,1186 San Diego,1985-09-13
crmid:1181522120,cames1888@gmail.com,Ismael,Bender,male,693-140-0039,Plattsburgh,United States,58880,Alabama,193 Erie,1941-11-27
crmid:3252411122,cobblerless1987@outlook.com,Kareem,Maynard,,191-352-0322,McDonough,United States,48398,Maryland,316 Nantucket,1988-08-12
crmid:6438790618,sectored2036@live.com,Stephen,Puckett,,558-230-2981,Lomita,United States,97807,Washington,832 South Park,1984-02-25
crmid:3167849691,cementation1925@live.com,Jeff,Fowler,male,381-608-6858,Wentzville,United States,52462,Missouri,387 Laguna,1997-02-10
crmid:1543927907,pharm1972@yahoo.com,Rory,Trujillo,male,984-912-4486,Bellingham,United States,43908,Pennsylvania,1266 Roselyn,1937-08-29
crmid:1276927392,daymare1801@gmail.com,Thaddeus,Floyd,male,432-465-4028,Butte-Silver Bow,United States,52854,Iowa,286 Mariner,1943-09-10
crmid:3682683243,trijets1914@gmail.com,Demetrius,Eaton,male,195-150-4904,West Covina,United States,91078,Texas,658 Emerson,1933-03-09
crmid:6793450599,quietens1838@gmail.com,Joie,Wheeler,female,966-080-9310,El Paso,United States,20096,South Dakota,812 Camp,1958-04-02
crmid:9623743439,wakened1883@yahoo.com,Joey,Heath,,268-751-5573,Muskego,United States,48083,Minnesota,333 Greenview,1994-08-02
crmid:4640986848,conquered1915@outlook.com,Leroy,Ramirez,,347-430-7131,Midvale,United States,55352,Missouri,250 San Marcos,1990-10-14
crmid:9257537540,autographs2027@live.com,Troy,Palmer,,940-087-2987,Millbrook,United States,53586,Louisiana,1121 Severn,1991-10-05
crmid:1297457836,ahead1899@gmail.com,Sammie,Brewer,,981-756-7951,Ferguson,United States,61501,Iowa,375 Elm,1962-10-01
crmid:4140618326,freezing1930@outlook.com,Jules,Stevenson,,676-111-8388,Palisades Park,United States,30350,South Dakota,1346 Hunters Point,1973-07-02
crmid:9458026919,estes2057@yandex.com,Marna,Baxter,female,099-404-7832,Eau Claire,United States,36150,Virginia,987 Stag Trail,1957-06-02
crmid:2989268169,curupira2031@yandex.com,Wilburn,Haynes,male,629-197-1874,Woburn,United States,70386,Nebraska,261 Josiah,1937-10-13
crmid:3011954708,flamingo1953@outlook.com,Ronald,Maddox,male,566-186-3801,Poway,United States,05825,Tennessee,1362 Manseau,1938-08-18
crmid:6979887830,pantopterous1869@gmail.com,Galen,Espinoza,male,198-951-5612,Carson City,United States,21902,New Jersey,1062 Berry Extension,1944-04-09
crmid:1699615893,abrus1893@gmail.com,Johnny,O'donnell,,932-489-6454,Leavenworth,United States,67416,Nevada,492 Fanning,1981-11-23
crmid:6056253705,triceratopses1890@yandex.com,Elijah,Navarro,male,929-143-3493,Bellwood,United States,17065,New York,315 Huntington,1937-03-21
crmid:7596834549,cheetah2036@yandex.com,Teofila,Moss,female,434-239-2834,West Palm Beach,United States,89996,Kansas,975 San Leandro,1952-09-21
crmid:3210989432,intact1935@outlook.com,Trevor,Carrillo,male,183-805-6805,Sherwood,United States,01890,Idaho,1062 Margaret,1932-09-05
crmid:2794387390,assistant1975@outlook.com,Juliane,Bentley,female,940-760-9031,Deer Park,United States,57079,Minnesota,38 Prescott,1953-10-31
crmid:1136888583,codens1877@yahoo.com,Taylor,Branch,,180-103-6238,Palmetto Bay,United States,44521,Hawaii,1400 Mcallister,1983-05-14
crmid:1107694574,whippet2011@outlook.com,Major,Durham,,163-208-9393,Olympia,United States,31435,Wyoming,509 Point Lobos,1976-11-06
crmid:5966507687,simoniac1928@yandex.com,Wilmer,Myers,,212-184-4507,Hesperia,United States,33961,Florida,1267 Waterloo,1971-06-26
crmid:9958971057,beatitudes1918@outlook.com,Cornelius,Wilcox,,091-776-0968,Kearney,United States,13952,Arkansas,105 Concord,1976-03-10
crmid:9117550767,tiger1976@outlook.com,Rupert,Suarez,male,717-782-8045,Wellington,United States,08965,Idaho,912 Fort Mason,1941-08-28
crmid:3676017055,valetudinariness1843@yahoo.com,Saul,Benton,,991-578-2449,Mesquite,United States,23957,Michigan,174 Saint Josephs,1990-05-31
crmid:4167244248,polybrid2068@gmail.com,Ruben,Barron,male,967-938-0583,Tarpon Springs,United States,04047,Missouri,765 Cassandra,1941-08-02
crmid:4033984522,drugless2053@live.com,Donn,Tran,,512-831-5997,Hinsdale,United States,94146,New York,1054 Rosewood,1972-07-14
crmid:2677854719,appleton1929@live.com,Loren,Gallegos,,267-061-3340,Mason City,United States,66613,Wyoming,136 Rossi,1987-11-11
crmid:6551936344,bouzouki1838@outlook.com,Leon,Park,,293-833-9286,Jupiter,United States,72069,Utah,153 Havenside,1976-12-27
crmid:2442239370,chimalapa1948@yahoo.com,Royce,Nunez,male,374-962-7997,Annapolis,United States,96123,Kentucky,879 Payson,1933-08-22
crmid:4968053512,majesty1886@yandex.com,Burl,Wynn,,720-591-2883,Garden Grove,United States,44961,Hawaii,430 Metson,1965-08-13
crmid:5149727032,chemistry1889@yahoo.com,Leonel,Short,male,426-865-7563,New York,United States,09820,Washington,410 San Pablo,1997-01-20
crmid:3512351366,exordia1897@live.com,Tashia,Wilkinson,female,125-342-5218,Vista,United States,24311,Kansas,1066 Bliss,1957-11-16
crmid:3886781779,skims2002@yahoo.com,Benny,Weiss,male,062-205-3237,Atlantic City,United States,03970,Maryland,1299 Kissling,1934-01-30
crmid:1740806285,danny1876@yahoo.com,Teofila,Mosley,female,168-796-1254,Enid,United States,57411,Tennessee,1261 Evergreen,1959-09-21
crmid:3930995625,caslon2034@gmail.com,Stevie,Flynn,,514-524-4662,Mercer Island,United States,02908,New Jersey,1059 Missouri,1989-01-12
crmid:5831503678,dikkop1876@outlook.com,Spencer,Miles,,941-601-3193,Lauderdale Lakes,United States,69455,Georgia,861 Euclid,1981-11-13
crmid:9068651296,console1800@yahoo.com,Kip,O'brien,male,023-582-2782,Schererville,United States,06508,Arkansas,676 Gatun,1938-06-22
crmid:8081932020,irremissibleness1911@yandex.com,Earl,Baird,,594-206-2503,Solon,United States,63821,Alaska,916 Daggett,1988-06-21
crmid:2156671202,mildish1963@live.com,Waldo,Kirkland,,578-136-3838,Homewood,United States,07459,Utah,1174 Worden,1973-01-04
crmid:5593252228,appetence1984@gmail.com,Stephan,Osborne,,169-066-7833,Manitowoc,United States,51561,Mississippi,334 Canyon,1986-09-30
crmid:2320321177,recharger1899@gmail.com,Bryanna,Sweet,female,756-976-1137,Plum,United States,18417,Oklahoma,1308 Seawell,1950-01-28
crmid:3699999636,allan1807@live.com,Emmy,West,female,031-939-1757,Eagan,United States,79866,New York,298 Clarence,1956-03-30
crmid:6024860874,imbued1852@gmail.com,Gail,Mccarty,male,963-497-7847,Bethel Park,United States,28900,Tennessee,729 Pixley,1938-04-19
crmid:8865153139,decoupage1866@outlook.com,Joette,Buckley,female,393-188-9339,New Bern,United States,69216,Oklahoma,289 Cuesta,1996-11-30
crmid:8319384723,espied2011@live.com,Les,Woodard,male,931-748-3952,New Braunfels,United States,03449,Michigan,1031 Del Sur,1996-01-20
crmid:9680564114,imposts2022@gmail.com,Sol,Carney,,405-152-6847,Kyle,United States,40111,Arizona,1144 Golden,1978-07-04
crmid:4950790635,aindrea1971@yahoo.com,Kenyetta,Watson,female,440-079-1280,Revere,United States,19860,New York,305 Bell,1948-05-30
crmid:9924772629,shadowgraphy1803@yahoo.com,Winford,Cain,male,937-238-1514,Riviera Beach,United States,57530,Louisiana,572 Manor,1933-10-05
crmid:1332424899,guars1982@outlook.com,Frances,Marshall,,644-770-2421,Liberty,United States,00825,Minnesota,844 Pemberton,1982-01-17
crmid:8297047311,senna1809@gmail.com,Major,Walsh,,640-143-3446,Shoreline,United States,73707,Missouri,961 Byron,1999-06-23
crmid:6951544130,usself1866@gmail.com,Jewell,Carey,,346-922-3057,San Rafael,United States,68223,West Virginia,175 Brooklyn,1964-05-09
crmid:7243765616,restatement1816@outlook.com,Bo,Witt,,229-040-1629,Fountain,United States,74307,New York,581 Baker,1963-08-14
crmid:2805135561,encephaloscopy1972@yandex.com,Antwan,Armstrong,,648-821-6296,St. Peters,United States,76301,Michigan,1279 Chapman,1977-11-07
crmid:6185272551,bathe1992@gmail.com,Miles,Meyer,,085-921-5134,Hoboken,United States,67019,Rhode Island,772 Columbia Square,1972-11-17
crmid:9029874708,bowered1834@gmail.com,Steven,Carey,,598-821-7713,Milford,United States,90510,Pennsylvania,697 Frank Norris,1990-08-01
crmid:2090902727,gunslinger1905@gmail.com,Antoine,Dejesus,male,674-864-7035,Tustin,United States,00663,Nevada,572 Birch,1940-12-01
crmid:5074647773,depark1930@live.com,Nicolas,Carney,,286-507-0424,Parkersburg,United States,48412,Kentucky,518 Graham,1987-06-28
crmid:7965011956,esson1892@yandex.com,Bryon,Caldwell,,383-895-2727,Petaluma,United States,77361,Massachusetts,369 Walter U Lum,1992-12-12
crmid:8130892960,addressee1889@yahoo.com,Renna,Hebert,female,480-198-0348,Winter Garden,United States,13951,New Hampshire,34 Arbor,1952-07-13
crmid:1376353860,dogman1926@yahoo.com,Cedrick,Merrill,male,609-909-4046,Cedar Rapids,United States,09299,Nevada,62 Merrimac,1945-02-20
crmid:2637298280,tabid1887@gmail.com,Roscoe,Melton,male,791-008-0362,Aberdeen,United States,96917,Nevada,1088 Ecker,1930-08-20
crmid:2625377037,scorer2033@live.com,Larry,Lawrence,,205-977-7641,Mooresville,United States,10344,Oregon,197 Gilbert,1993-02-12
crmid:1777464549,fallacy2021@gmail.com,Kiersten,Lyons,female,106-618-6432,Dickinson,United States,55465,Rhode Island,791 Clover,1955-10-09
crmid:5463821730,sensorium1968@yandex.com,Nick,Witt,,848-791-1754,Riverton,United States,79142,Oregon,606 Mark Twain,1976-03-05
crmid:4281777995,bobcat1839@live.com,Nolan,Zamora,male,886-512-9231,Calexico,United States,79480,Rhode Island,1394 Mersey,1943-12-14
crmid:7689532929,spleetnew1928@gmail.com,Modesto,Byrd,male,147-415-3473,Texas City,United States,11221,New York,1017 Poplar,1943-07-05
crmid:4171541751,lucidity1895@outlook.com,Florrie,Sampson,female,125-187-4249,Dania Beach,United States,18511,Kansas,1087 The Block,1952-03-26
crmid:2718836302,featherfew2049@live.com,Garland,Noble,,495-808-6778,Mishawaka,United States,03626,Utah,334 South Park,1991-02-11
crmid:2234538822,uncircumvented2060@live.com,Leopoldo,Savage,,285-886-5789,Hinsdale,United States,11845,Indiana,756 Lake Merced Hill,1972-02-06
crmid:4356011585,boilerman1990@live.com,Jonah,Williamson,,383-448-2895,Mentor,United States,42347,Wyoming,1383 Marion,1989-08-24
crmid:8125322930,broch1999@live.com,Napoleon,Middleton,,912-804-3424,Ocean Springs,United States,65734,Nebraska,824 Sibley,1995-09-12
