crmid,email,first_name,last_name,gender,mobile telephone,city,country,zip,state,street address,birthday
crmid:6772020776,arlin2051@outlook.com,Todd,Garza,,429-061-1064,Oregon,United States,85255,New York,959 Cesar Chavez,1985-09-02
crmid:9306913233,fumigation1955@outlook.com,Sharda,Pratt,female,866-725-2529,Warrensburg,United States,81994,South Carolina,791 Lilac,1994-03-22
crmid:9947158467,cologs1837@gmail.com,Donnell,Edwards,,611-002-4670,West Hollywood,United States,87891,Georgia,75 Inca,1984-02-25
crmid:3005672075,forger1865@live.com,Orlando,Dudley,,031-298-4986,La Puente,United States,50441,Colorado,788 Detroit,1979-10-01
crmid:4474196366,dassent1881@gmail.com,Jacob,Cash,male,151-858-4719,Balch Springs,United States,20834,Georgia,1297 Wyton,1935-05-05
crmid:3387654626,biggers1809@live.com,Eryn,Mclaughlin,female,795-438-1991,Conroe,United States,14079,North Carolina,1013 Marlin,1950-03-19
crmid:7379612082,aeschylus1851@yahoo.com,Carter,Barnes,male,888-878-7627,Broken Arrow,United States,77016,Connecticut,1315 Plaza,1941-12-21
crmid:9886043502,michelangelo2065@yandex.com,Fritz,Skinner,,414-946-4267,Hagerstown,United States,71274,Vermont,991 South Van Horn,1969-05-05
crmid:9820626884,chiasma2005@yahoo.com,Garret,Cabrera,male,617-536-5643,Apex,United States,29378,Oklahoma,1090 Belgrave,1933-04-05
crmid:6086581255,matutinary1933@yahoo.com,Giuseppe,Hansen,,245-039-0489,Fort Worth,United States,49923,Texas,610 Iris,1963-07-06
crmid:7198298472,rondawel2024@yandex.com,Joan,Wilkins,male,564-162-7380,Rahway,United States,73877,New Hampshire,1202 Blanche,1932-05-31
crmid:5544575939,scheme2039@yandex.com,Lloyd,Berger,,793-631-7914,Hazelwood,United States,37074,Virginia,297 Presidio,1970-06-14
crmid:7295157952,spaciously1801@yahoo.com,Randy,Hyde,male,183-376-6384,Castle Rock,United States,43018,Missouri,1202 North Van Horn,1945-08-15
crmid:6576585208,lanson2055@live.com,Markus,Conner,male,497-360-4125,Myrtle Beach,United States,07143,North Carolina,102 Dolores,1995-02-23
crmid:8423208714,interlucent2064@live.com,Chad,Mcpherson,male,719-616-0782,Roanoke,United States,76595,Illinois,335 Juniper,1937-11-03
crmid:4829938355,ironwork2025@yandex.com,Blair,Hodges,,139-731-6614,Santa Ana,United States,64302,Louisiana,43 Roach,1991-06-12
crmid:9017027295,landings1991@gmail.com,Virgil,Lucas,female,438-303-2249,South Lake Tahoe,United States,99650,Mississippi,971 Pennsylvania,1955-12-23
crmid:9963483836,superstardom1974@live.com,Garfield,Cox,,373-286-0006,Kerrville,United States,18223,Mississippi,636 Oak Park,1977-03-02
crmid:4977274034,antisociality1998@yandex.com,Darryl,Robles,,432-228-1837,San Pablo,United States,92237,North Dakota,1144 Ora,1966-04-02
crmid:6728111920,dogman1947@outlook.com,Chantell,Snyder,female,784-817-7901,Cudahy,United States,05239,Georgia,830 South Gate,1952-02-27
crmid:4475570824,rhamnohexite1826@yahoo.com,Johnie,Mccarthy,,750-627-6909,Natchitoches,United States,84736,North Dakota,1161 Long Bridge,1995-10-14
crmid:4720027290,shearwater2001@gmail.com,Benton,Dominguez,male,493-739-0397,Roselle,United States,12330,Nebraska,636 Mono,1945-01-08
crmid:7077585009,scatt2055@yahoo.com,Krystin,Jacobson,female,359-259-7766,Delaware,United States,92875,Virginia,1183 Ludlow,1954-05-15
crmid:1842391389,nickers1864@live.com,Joesph,Brown,,579-882-6921,Spring Valley,United States,35347,Texas,348 Torrens,1978-08-19
crmid:2608207319,stylobata1802@live.com,Lionel,Hurst,,400-256-0403,Grayslake,United States,85694,Missouri,980 Al Scoma,1968-12-19
crmid:7507760930,setae1845@live.com,Jarvis,Whitley,,072-015-9864,Lauderdale Lakes,United States,07940,Nebraska,1041 Bocana,1981-02-13
crmid:6432410608,delaminate1894@gmail.com,Lavelle,Hudson,female,589-281-7386,Covina,United States,28570,Rhode Island,477 Turk Murphy,1951-05-15
crmid:7234988547,antipodes2021@outlook.com,Luke,Duke,,076-565-9525,Oakland,United States,89292,Oregon,111 Reeves,1969-05-07
crmid:5563847407,electropsychrometer1814@outlook.com,Laurence,Merritt,male,578-091-4948,Atwater,United States,93571,Rhode Island,104 Gardenside,1934-06-20
crmid:5332343146,blabber2020@gmail.com,Terrence,Burris,,168-338-8357,Godfrey,United States,93590,Nevada,314 Cesar Chavez On,1966-02-12
crmid:3422416771,capistrano2053@yandex.com,Sandy,Rasmussen,,886-408-3925,Goldsboro,United States,60751,Oklahoma,784 Starview,1967-10-03
crmid:8686729808,trucker1857@outlook.com,Simon,Wade,,594-249-5066,Hollywood,United States,03551,North Dakota,116 Sampson,1972-01-23
crmid:6398929364,woodwaxen1834@yahoo.com,Rey,Randall,male,321-052-6850,Shawnee,United States,94832,South Dakota,1296 Broderick,1931-08-24
crmid:3211332559,balas1977@gmail.com,Ayanna,Potter,female,604-789-4837,West Des Moines,United States,27069,New York,183 Mcdonald,1959-01-23
crmid:7176121469,columbic1941@live.com,Werner,Valdez,,641-356-2350,Merced,United States,94354,Wyoming,225 Juniper,1989-12-14
crmid:8286954379,sideburns2012@yahoo.com,Ardelle,Hanson,female,122-814-9972,Santa Paula,United States,55357,New York,1001 Gibson,1952-10-01
crmid:8668430168,dickford2029@gmail.com,Jerold,Pratt,,379-467-4243,Rock Hill,United States,43266,Kansas,345 Midway,1990-07-13
crmid:3243237759,saddlers1839@yandex.com,Claud,Barr,,347-931-2921,West Palm Beach,United States,26908,Florida,854 Caine,1966-02-21
crmid:7885733860,phosphate2060@live.com,Efren,Riley,,696-655-3367,South Holland,United States,28917,Nevada,74 Telegraph,1966-04-29
crmid:2768755282,demimark1841@yahoo.com,Woodrow,Cobb,,729-161-6883,Hialeah,United States,06061,New Jersey,848 Campton,1971-02-21
crmid:2159649722,athelia1845@live.com,Lester,Vazquez,,729-977-4355,Lincoln Park,United States,65541,Nebraska,504 Cassandra,1983-11-20
crmid:9860675793,catherina1911@yahoo.com,Otto,Smith,,215-144-2725,Wichita Falls,United States,20432,Illinois,994 Derby,1964-07-02
crmid:3225248891,hydrograph1936@outlook.com,Rene,Sandoval,male,933-664-0989,Newton,United States,04688,New Jersey,782 Wall,1997-01-31
crmid:7566771234,brimful1848@gmail.com,Lazaro,Osborn,male,614-434-6417,Arvada,United States,93810,Florida,976 Beachmont,1934-06-22
crmid:8615090367,gameness1899@outlook.com,Harley,Heath,,648-426-4689,Manhattan,United States,06302,New Hampshire,422 Pierce,1986-01-17
crmid:4655805879,etherize2018@gmail.com,Jerry,Maynard,,045-317-1911,Santa Clara,United States,69686,Colorado,1151 Lenox,1984-01-20
crmid:8527429873,nonanarchic1932@outlook.com,Lyndon,Mcclain,,180-880-3924,Oak Creek,United States,47175,Oregon,234 Ingerson,1984-03-09
crmid:2742978808,novcic1901@live.com,Burt,Justice,male,399-058-0923,Shakopee,United States,50486,Illinois,727 Hyde,1931-02-16
crmid:4371061613,imbrices1884@yahoo.com,Isis,Guzman,female,342-598-3886,Rosemead,United States,12257,Hawaii,765 Reno,1949-04-12
crmid:2155881080,abucco2064@gmail.com,Jarrod,Gill,,392-834-1920,Gretna,United States,74275,Wyoming,833 Molimo,1968-12-16
crmid:5745600716,disturber2001@outlook.com,Clarine,Wallace,female,257-666-4683,Fairfield,United States,05570,Georgia,1240 Junior,1961-02-19
crmid:8132032619,amber2007@outlook.com,Olen,Guerra,,322-847-8715,Lake in the Hills,United States,03450,Oregon,760 Moscow,1980-01-31
crmid:5879206431,bambie1826@live.com,Maisie,Thompson,female,156-391-6584,Solon,United States,18019,Arkansas,1013 Lyell,1949-06-29
crmid:7801163291,pecky1838@outlook.com,Casey,Bird,male,696-982-3432,Benton,United States,60987,Wisconsin,897 Aspen,1938-11-03
crmid:2939509460,index1902@gmail.com,Harvey,Clarke,male,910-873-7118,Arnold,United States,21291,Arkansas,404 Mateo,1933-04-06
crmid:2665185598,incarnate1828@outlook.com,Cary,Barr,,895-818-5372,Garner,United States,48040,Texas,1296 Trinity,1965-08-10
crmid:1437048053,kwashiorkor2063@gmail.com,Rickey,Mejia,,456-379-0059,Novato,United States,25470,North Carolina,876 Weston,1965-03-18
crmid:3517877878,burial1817@gmail.com,Iesha,Farley,female,206-403-7054,Enterprise,United States,82379,Florida,58 San Luis,1960-04-09
crmid:2472214662,woofs1968@live.com,Jc,Cross,,272-706-0668,Los Banos,United States,51024,Michigan,541 Cleo Rand,1984-10-19
crmid:3367197252,bevvy1883@gmail.com,Marcus,James,,392-985-3518,Grandville,United States,82584,Maine,770 El Dorado,1967-04-07
crmid:6502658764,subnetworks2006@outlook.com,Jose,Bonner,,613-820-3090,Frederick,United States,26680,Louisiana,825 Verna,1964-04-26
crmid:5574785414,youse2054@yandex.com,Marcelino,Graves,male,108-493-4995,Winston-Salem,United States,80321,Indiana,887 Aloha,1936-07-12
crmid:7328404781,ditone1842@outlook.com,Harland,Zamora,,118-725-3662,Peachtree City,United States,36828,North Dakota,59 Capistrano,1973-03-21
crmid:1911287053,bombyx2037@gmail.com,Sina,Bradford,female,542-555-2804,Rocky Mount,United States,20449,Connecticut,177 Lawrence,1958-08-03
crmid:8755391089,snarling1974@yahoo.com,Kathaleen,Stanley,female,884-213-2237,Euclid,United States,22388,Nebraska,582 Hunters Point,1960-05-28
crmid:7550850221,repercussively1803@gmail.com,Ezequiel,Lucas,male,900-203-2128,Cabot,United States,62894,South Dakota,1125 Allen,1943-10-07
crmid:4735779556,demeo1853@live.com,Juan,Stephens,male,283-240-3768,Centennial,United States,34128,Maryland,851 Leidesdorff,1945-06-28
crmid:1394180929,outwept1969@yahoo.com,Chad,Wyatt,,668-234-9446,Lynnwood,United States,84295,Alaska,1347 Walnut,1985-07-07
crmid:1207913074,erastus1911@yahoo.com,Adolph,Silva,,821-346-2425,Mayfield Heights,United States,81607,Louisiana,24 Golden,1988-03-07
crmid:8073506445,ditch2019@yahoo.com,Hayden,Landry,,571-719-8194,San Fernando,United States,45285,Kentucky,356 Church Access,1990-06-19
crmid:6706905684,average2042@live.com,Sylvester,Workman,male,339-223-9381,New Braunfels,United States,85452,New Hampshire,1282 Mansfield,1996-01-18
crmid:7906169194,notturni1968@outlook.com,Kyle,Houston,male,598-699-1687,Baldwin Park,United States,36478,New York,210 Newcomb,1935-06-14
crmid:3662660588,segment1937@yandex.com,Williams,Pollard,,971-041-3235,Summit,United States,82717,Wyoming,374 Enterprise,1986-05-21
crmid:3767936688,abrupt1958@live.com,Aide,Navarro,female,049-719-5695,Delray Beach,United States,70649,Wisconsin,900 Antonio,1954-01-21
crmid:1251424146,jasmined2059@outlook.com,Dorethea,Rice,female,636-635-4312,Salt Lake City,United States,99762,North Carolina,796 Forest View,1960-03-24
crmid:9464338796,confers1812@gmail.com,Willard,Calhoun,,664-903-3436,Fort Pierce,United States,96458,Kansas,1120 Atalaya,1963-09-23
crmid:6009128233,neurin1910@yahoo.com,Elmo,Faulkner,,525-469-7434,Matteson,United States,57262,Washington,198 Marvel,1988-09-26
crmid:3135580808,vertebras1862@live.com,Chong,Meadows,male,635-967-8880,Shelby,United States,66047,Alaska,1193 Norton,1940-11-23
crmid:5685050395,paraphrast1865@live.com,Carl,Terrell,,290-290-2596,Willmar,United States,89928,California,828 Calgary,1966-09-07
crmid:8857810409,decaf1897@yandex.com,Anibal,Davenport,,170-889-4919,Hollister,United States,37721,Illinois,180 Encanto,1972-06-27
crmid:7277760371,undialled1971@live.com,Jesenia,Craft,female,716-820-6638,Puyallup,United States,17243,West Virginia,287 Peabody,1947-10-08
crmid:9352732601,periangioma2068@live.com,Criselda,Nielsen,female,305-428-1746,Draper,United States,61460,Minnesota,253 Brice,1955-12-31
crmid:4894802871,damping2064@outlook.com,Donald,Collier,,711-097-8012,Hammond,United States,05159,Utah,1371 Tillman,1969-01-26
crmid:3054824594,anilidic2000@gmail.com,Lloyd,Salazar,,909-189-3522,Sylvania,United States,94398,Vermont,255 Mountview,1990-02-13
crmid:4493796191,dotes1948@yahoo.com,Wallace,Cooper,male,108-061-7914,Broomfield,United States,91434,Washington,480 Baldwin,1942-10-07
crmid:7379832723,caballer2012@outlook.com,Brad,Wallace,male,880-387-9928,Addison,United States,70548,Arizona,804 Bowley,1930-01-30
crmid:1796500974,crureus2004@outlook.com,Grazyna,Pate,female,819-317-2544,Dublin,United States,86538,Delaware,738 Cutler,1956-03-23
crmid:4394732385,bocoy2070@outlook.com,Jessi,Jimenez,female,226-619-8958,Wenatchee,United States,17745,North Dakota,940 Lakeview,1952-10-26
crmid:2442239370,algonquin1998@live.com,Bill,Haynes,,901-253-2116,Kerrville,United States,53004,Tennessee,985 Ophir,1977-09-19
crmid:2947783364,unprematureness1892@live.com,Jerrod,Reynolds,male,487-247-4017,Petersburg,United States,07871,Nebraska,290 Custer,1936-05-24
crmid:6230403544,choices1973@live.com,Raelene,Grimes,female,134-994-2386,Rocky Mount,United States,19331,Michigan,1021 Sumner,1946-07-12
crmid:8943471985,chalon1886@yahoo.com,Alden,Mcgee,,471-100-0861,Stow,United States,34603,Hawaii,970 Myrtle,1972-07-09
crmid:3950888963,grasper1910@live.com,Daryl,Hobbs,,869-390-9968,Methuen,United States,00482,Iowa,956 East,1990-02-13
crmid:9346096789,migraine1953@gmail.com,Micheal,Britt,,576-439-7379,Lansing,United States,07640,South Carolina,616 Villa,1980-01-30
crmid:5361625339,sak1843@outlook.com,Ezra,Spencer,male,995-531-9730,Munster,United States,18875,Pennsylvania,345 Carolina,1994-02-26
crmid:2350698668,insaneness2057@yahoo.com,Darren,Drake,male,566-670-4234,Bedford,United States,16187,Vermont,1383 Yacht,1937-03-08
crmid:1443409730,unmelted1818@outlook.com,Otha,Macdonald,,214-215-4909,Rocky Mount,United States,61650,Kansas,337 Lapham,1991-03-05
crmid:9093891292,reservery1915@yahoo.com,Providencia,Rosario,female,456-376-1707,Chicago Heights,United States,42245,South Dakota,701 Paloma,1947-07-25
ï»¿crmid:7604109539,forger1852@gmail.com,Yen,Case,female,905-380-3890,Opelika,United States,11967,Georgia,382 Ankeny,1949-09-05
crmid:5747703586,contrabandista1815@outlook.com,Marlin,Jordan,,149-834-7398,Onalaska,United States,29593,Oregon,62 Oloran,1964-07-18
crmid:3828305663,suprastandard2030@yahoo.com,Sammie,Vaughan,,318-835-0749,Ocoee,United States,30526,West Virginia,1262 Oliver,1977-04-01
crmid:6816069418,senna1849@outlook.com,Jeffry,Barber,,614-178-9454,Homestead,United States,95843,Maine,1246 Bank,1973-10-17
crmid:6470033578,quebrachos2004@yahoo.com,Dwight,Avery,,608-386-1909,Stockton,United States,64413,Utah,1103 Parkhurst,1982-07-12
crmid:6378335835,fingerlings1849@yahoo.com,Robt,Mcfarland,,343-357-7535,Georgetown,United States,58844,Mississippi,200 Cook,1965-10-03
crmid:6636020396,crinoid2046@yahoo.com,Alfred,Wood,male,064-597-7711,Owensboro,United States,60254,Alabama,933 Ccsf Parking Lot,1939-01-31
crmid:2778977004,barit1816@gmail.com,Hans,Wilkinson,,454-703-9295,Santa Maria,United States,65818,Kansas,42 Carver,1987-10-23
crmid:8026572571,drive2063@outlook.com,Todd,Herman,,637-300-8675,Milpitas,United States,48945,North Carolina,1305 Los Palmos,1991-07-17
crmid:4105584117,stationmaster1856@gmail.com,Rusty,Vinson,,223-838-6328,Miami,United States,92599,Alabama,225 Thornburg,1990-01-07
crmid:4943573199,hump1847@live.com,Archie,Wagner,male,022-240-6527,Alice,United States,04002,Maine,559 Hotaling,1931-01-30
crmid:5099373794,disobligatory2025@gmail.com,Fletcher,Gilbert,,107-627-5137,Sandusky,United States,23536,Michigan,1384 Cardenas,1967-07-29
crmid:6220098969,intendancies2045@gmail.com,Claude,Mckay,,460-276-3974,Hollywood,United States,77480,Colorado,981 Russia,1972-07-25
crmid:4126257940,spiracular2057@live.com,Marshall,Whitley,,090-968-5411,Wheeling,United States,99753,Wyoming,798 Teddy,1993-09-22
crmid:5530475222,nonmannered1846@outlook.com,Frances,Vang,,016-392-7384,Moore,United States,08025,Utah,67 Castro,1992-01-31
crmid:4364740049,sapid1800@live.com,Truman,Hill,,481-867-5272,Homer Glen,United States,68262,Nebraska,27 Page,1972-11-24
crmid:5516192255,sylvanitic1925@live.com,Maire,Mullins,female,379-401-6828,Cottonwood Heights,United States,76923,Connecticut,937 Laskie,1951-06-21
crmid:9141757200,seal1930@live.com,Barbar,Gould,female,183-827-7167,St. Louis Park,United States,28903,Kentucky,374 Mcrae,1957-09-28
crmid:8818974606,hoops2029@gmail.com,Jamison,Jones,male,651-426-0625,Bonney Lake,United States,20877,California,980 Copper,1940-05-16
crmid:9710368258,adown1832@yahoo.com,Tamesha,Reed,female,791-710-6157,North Ridgeville,United States,17897,Ohio,79 Del Vale,1999-03-16
crmid:4613781376,dreamlit2001@yandex.com,Lamar,Cobb,,709-689-6517,Rockville Centre,United States,95773,Tennessee,589 College,1999-10-25
crmid:4254132066,adcox1893@outlook.com,Gita,Herman,female,512-802-2379,Culver City,United States,15151,Louisiana,49 School,1952-03-13
crmid:9557339677,ladybugs1962@live.com,Shawn,Strickland,,304-921-1861,Westbrook,United States,44284,Massachusetts,655 Otis,1983-08-05
crmid:4283918171,seconds1914@live.com,Marna,Whitney,female,013-170-8886,North Platte,United States,19435,Iowa,568 Bret Harte,1999-03-12
crmid:4114209627,multifilament2043@live.com,Magaret,Bennett,female,275-463-4157,Charlottesville,United States,60855,Iowa,825 Winn,1946-11-11
crmid:7933744130,eurytropic1846@live.com,Fredric,Leblanc,male,086-989-5866,Bethel Park,United States,82450,Alaska,1352 Cleveland,1938-10-07
crmid:8102235447,cliffs2015@outlook.com,Luis,Wooten,,732-736-3058,Murrysville,United States,74948,Mississippi,862 Valencia,1994-12-17
crmid:5833398674,arney1960@live.com,Kalyn,Jennings,female,543-156-2354,East Palo Alto,United States,24491,Michigan,521 Peters,1957-04-15
crmid:9894015140,acubens1901@yandex.com,Kathyrn,Nicholson,female,310-697-4681,Pawtucket,United States,52796,Wyoming,1197 Woodacre,1957-11-26
crmid:7841777971,vibrio2031@gmail.com,Jaymie,Dodson,female,086-248-3955,Emporia,United States,20658,Tennessee,479 Alvarado,1959-04-08
crmid:8453529243,stork1920@outlook.com,Coleman,Hicks,,905-355-8126,Port Huron,United States,32945,Kansas,143 Dorantes,1980-03-10
crmid:3772188959,bowwow1934@gmail.com,Jarod,Hurley,male,747-883-2638,Arvada,United States,67205,West Virginia,489 Italy,1934-11-25
crmid:7149772165,brack1838@yandex.com,Margaretta,Montoya,female,899-376-9666,Corcoran,United States,96108,Oregon,1042 New Montgomery,1950-06-20
crmid:7293804816,spaller1968@gmail.com,Deandre,Ware,,622-127-8192,Palestine,United States,67341,Arizona,674 Magellan,1976-08-14
crmid:3782557472,represented1895@live.com,Dorian,Nieves,male,288-123-3943,Oro Valley,United States,06763,Indiana,373 Swiss,1937-03-21
crmid:5938093032,recalcitrating1938@yandex.com,Hal,Cross,,916-216-6249,New Braunfels,United States,73722,Indiana,1343 Lamson,1996-12-19
crmid:6694191920,verbigeration1946@live.com,Ramiro,Dawson,male,145-497-9644,Palmetto Bay,United States,02421,New York,1187 Fell Access,1938-08-08
crmid:4902711472,wising1857@yandex.com,Eugene,Woodward,,430-372-6199,Grand Rapids,United States,68360,Florida,229 Gaven,1967-11-30
crmid:7486196144,scaldweed1912@live.com,Belia,Snyder,female,862-373-8818,Country Club Hills,United States,88492,South Dakota,1267 Megan,1951-01-27
crmid:6704421078,snuffliness1906@outlook.com,Deon,Gilbert,male,419-588-0795,Tinton Falls,United States,19572,North Dakota,604 Exchange,1945-03-11
crmid:2414320344,exaestuate2032@yahoo.com,Alfonso,Dickerson,,018-669-4208,Horn Lake,United States,22826,North Carolina,224 Argent,1973-05-27
crmid:7027818429,mothball2051@live.com,Cornell,Shepherd,,509-630-4711,Millbrae,United States,18844,Oklahoma,19 Aquavista,1990-02-05
crmid:3224649580,drunks2021@live.com,Codi,Neal,female,746-161-1170,Corinth,United States,07347,Montana,355 Stoneyford,1950-02-21
crmid:4933740132,plasmid1998@outlook.com,Gilberto,Hurley,,647-644-3643,Tustin,United States,30647,Kentucky,793 Valencia,1978-04-01
crmid:5190092511,cathole1871@gmail.com,Muoi,Nolan,female,672-749-3239,South Plainfield,United States,16716,Wyoming,244 Harlow,1952-07-22
crmid:2394835971,completing1921@live.com,Milton,Cabrera,,750-184-2118,Plano,United States,94244,Kansas,1145 Jennings,1991-08-08
crmid:1514795675,edomitish2022@yahoo.com,Nathanial,Stanton,,397-576-1304,Kansas City,United States,41424,Minnesota,1034 Ulloa,1976-08-23
crmid:4171686054,ecospecific2042@yahoo.com,Kristofer,Chaney,male,746-519-9450,Brandon,United States,93247,Nebraska,1258 Teddy,1941-06-06
crmid:2442239370,metaluminic2049@live.com,Maragret,Ross,female,140-795-4795,Chula Vista,United States,37811,Ohio,1328 Reddy,1947-06-25
crmid:4978584728,boser1838@yahoo.com,Sherwood,Schneider,male,106-570-4870,Petaluma,United States,59810,Arizona,155 View,1931-09-26
crmid:3761833877,bigha1931@gmail.com,Paul,Hopkins,male,794-588-4776,Bethel Park,United States,48127,Vermont,646 Romain,1938-08-14
crmid:1515861183,phrenology1946@outlook.com,Dave,Reed,,044-584-8043,Wenatchee,United States,22158,Vermont,806 Kohler,1967-04-08
crmid:6480374762,bisquette1879@outlook.com,Donnell,Hampton,male,486-131-0531,Carlsbad,United States,18645,New Mexico,376 Northwood,1944-03-12
crmid:8095996456,immerging2026@gmail.com,Donya,Mason,female,081-834-1584,Sebastian,United States,52516,Pennsylvania,81 Avoca,1994-04-05
crmid:1191445867,uppercutted2057@live.com,Milan,Curry,,226-104-5036,Fountain Valley,United States,26926,Montana,820 Gibson,1963-05-20
crmid:2964280931,hellion1916@outlook.com,Booker,Bray,,102-507-3953,Starkville,United States,69009,Pennsylvania,466 Black,1963-04-02
crmid:3754771424,elk2028@gmail.com,Gilbert,Mcconnell,male,356-538-0874,Boise City,United States,88572,Mississippi,404 Mission Rock,1940-11-29
crmid:5107830952,belar2032@outlook.com,Clemencia,Tucker,female,648-042-3713,Wilsonville,United States,88182,Washington,631 Saint Elmo,1951-02-19
crmid:8423208714,arundo1972@yahoo.com,Jason,Zamora,male,610-865-1556,American Fork,United States,99129,Washington,782 Butte,1932-05-10
crmid:8802578954,havocs1859@outlook.com,Rickie,Atkins,,046-485-5739,Huber Heights,United States,62046,Connecticut,765 Connecticut,1973-11-26
crmid:1519528202,capabler1999@outlook.com,Keneth,Wilkins,,166-095-5309,Lynbrook,United States,12357,North Carolina,1301 Church,1985-02-08
crmid:8049491652,speechlessly1884@yandex.com,Brigida,George,female,253-862-8661,Tamarac,United States,13720,Hawaii,513 Fell,1950-01-11
crmid:8259833097,reuttering1848@yahoo.com,Manual,Merritt,male,179-040-9276,Agoura Hills,United States,32769,Wisconsin,166 Montclair,1930-07-20
crmid:5406005259,loris2034@gmail.com,Lamont,Whitney,,412-798-4578,Inkster,United States,73304,New Mexico,165 Fernwood,1974-12-07
crmid:4920664555,abridged2044@gmail.com,Euna,Curry,female,802-188-3753,Farmers Branch,United States,19288,California,868 Hudson,1961-03-07
crmid:8424062490,improbable2035@gmail.com,Lon,Clark,,868-766-7363,Harker Heights,United States,51374,Tennessee,872 San Bruno,1969-10-10
crmid:9952850655,cytoblast1956@live.com,Donovan,Conner,,166-228-4476,Providence,United States,31314,Maryland,673 Del Vale,1972-12-06
crmid:8617134265,cahoot2022@outlook.com,Granville,Terrell,,551-614-9022,Stamford,United States,40096,Nevada,1088 Ringold,1981-02-01
crmid:2356413035,diallings1901@live.com,Gabriel,Woodard,,122-673-3475,Salem,United States,94229,Nevada,405 Northern,1969-08-06
crmid:1012786279,elfreda2023@yahoo.com,Barbar,Hayden,female,748-955-9444,Rowlett,United States,91363,Alaska,247 Saint George,1952-01-13
crmid:4957024645,catherina1931@yahoo.com,Bryan,Randall,,689-868-7915,West Hollywood,United States,35103,Utah,644 Ignacio,1978-11-19
crmid:7798765628,alliya1848@yahoo.com,Arnold,Nieves,male,603-535-4736,Ames,United States,07738,Montana,130 Martha,1932-01-21
crmid:3881389134,bowlful1919@yahoo.com,Margaretta,Britt,female,890-127-1893,Peachtree City,United States,57108,North Dakota,585 Buena Vista,1998-04-25
crmid:3578986983,phonophoric1946@yandex.com,Telma,Day,female,768-916-3797,Doral,United States,41501,Texas,339 Brompton,1955-08-08
crmid:3336879845,catnapers1865@outlook.com,Elayne,Dillard,female,691-657-8942,Shaker Heights,United States,91812,Iowa,1253 Fairfax,1960-03-08
crmid:4497196545,tiptoppishness1833@live.com,Scott,Noble,,226-927-3330,Glendale,United States,68166,New York,136 Harry,1966-11-21
crmid:8924561988,dropped2044@yandex.com,Timika,Rivas,female,820-918-7627,Oak Lawn,United States,86778,New Mexico,548 Leavenworth,1949-09-25
crmid:4549827725,sectored1833@outlook.com,Louis,Shannon,male,056-076-4835,Bozeman,United States,35005,Texas,3 Jeopardy,1940-06-27
crmid:3134637517,married1892@gmail.com,Elliot,Ballard,,120-423-1253,Minot,United States,82302,Washington,638 Fairmount,1991-04-02
crmid:7771831420,falchion1903@yahoo.com,Loyd,Wilcox,,677-018-7515,Madison,United States,40332,South Carolina,725 Baker,1985-08-19
crmid:5704736085,sclera1882@outlook.com,Carey,Meyer,,574-283-0528,Roanoke,United States,73405,Washington,959 Edie,1976-04-16
crmid:7464673085,galactosis1859@gmail.com,Enrique,Dominguez,male,458-509-9928,Amsterdam,United States,61739,New Hampshire,116 Pacific,1932-11-25
crmid:5477850013,cronet1868@yandex.com,Odis,Rios,male,466-339-5523,Anoka,United States,47194,Nevada,1313 Rincon,1933-07-25
crmid:2358879180,homeothermic1840@yahoo.com,Yi,Erickson,female,984-569-8864,San Mateo,United States,66278,Colorado,889 Norwich,1949-11-18
crmid:8134244621,divinely2061@yahoo.com,Lane,Joyce,,102-704-6503,Forest Lake,United States,56033,Rhode Island,72 Temple,1962-10-17
crmid:1955330031,bayesian1876@yahoo.com,Haywood,Moran,male,226-783-9828,Camarillo,United States,96112,Louisiana,145 Langdon,1943-05-21
crmid:8832882935,minicar1969@outlook.com,Willodean,Hunt,female,351-499-5732,Dickinson,United States,59733,Washington,1181 Dawson,1955-09-15
crmid:4988459871,wipstock2015@yahoo.com,Loan,Francis,female,339-621-1950,Crystal,United States,33454,Oregon,569 Brompton,1952-05-10
crmid:2970970133,drumline2025@gmail.com,Yoko,Melendez,female,663-887-3073,Suisun City,United States,25281,Mississippi,402 Milan,1959-09-20
crmid:7325015563,drumline1820@yahoo.com,Jacquelyne,Langley,female,729-736-2142,Sikeston,United States,12207,Maine,611 Gatun,1951-10-07
crmid:5069089730,aardvark1909@outlook.com,Lashon,Ewing,female,613-099-5722,Cicero,United States,72598,Vermont,230 Bird,1947-05-09
crmid:3371066446,emilios2002@yahoo.com,Merilyn,Hartman,female,675-334-4198,Stockton,United States,13350,West Virginia,701 Wallace,1955-06-13
crmid:2417452541,bachelor1827@yandex.com,Desmond,Cooper,,364-345-4853,Fishers,United States,27712,New York,1375 Bird,1962-05-30
crmid:4534785221,emerized1954@live.com,Josh,Cotton,,570-764-4395,Huber Heights,United States,45293,North Carolina,924 Watt,1973-08-06
crmid:8251924987,efficacious1826@gmail.com,Sam,Hudson,female,370-142-2917,Deerfield,United States,84003,Virginia,20 Prado,1954-10-15
crmid:8025925842,balunda2020@yahoo.com,Williemae,Jarvis,female,235-471-1102,Summit,United States,14672,Maryland,972 Whipple,1954-09-15
crmid:4562907626,tournefortian1811@yahoo.com,Brenton,Hatfield,male,576-719-6125,Sparks,United States,50093,Mississippi,880 Arroyo,1995-02-03
crmid:5128798160,convolutedly1856@outlook.com,Tequila,Adams,female,663-783-9897,Parker,United States,55516,Texas,697 Erie,1995-04-17
crmid:4667343993,jazzing2043@yandex.com,Antonio,Vasquez,,532-487-1626,Mokena,United States,89948,Alaska,1044 Edna,1992-12-30
crmid:4506275233,pommies1870@outlook.com,Roman,Hampton,male,711-143-8685,Augusta,United States,73217,Delaware,257 Folsom,1935-12-16
crmid:1247068347,doodlebug1881@yandex.com,Dann,Saunders,female,772-212-2605,Evanston,United States,61117,Virginia,513 Margaret,1960-10-21
crmid:3626657610,astral1946@live.com,Brooks,Walls,,024-418-2910,Hinsdale,United States,21074,Maine,186 Russell,1972-05-22
crmid:4376984473,drainage1953@gmail.com,Kurtis,Nolan,,373-423-2011,Muskego,United States,35373,New Hampshire,184 Myrtle,1994-06-08
crmid:3343973343,lallans1943@yandex.com,Anja,Sampson,female,803-166-4145,Davie,United States,06135,Tennessee,1189 Loma Vista,1953-01-26
crmid:6280986682,dropping1957@yahoo.com,Berenice,Wilkinson,female,216-442-1496,Pittsfield,United States,19332,Idaho,575 Saint Elmo,1954-01-31
crmid:9166562845,longa1822@yahoo.com,Cordell,Stein,,012-811-6111,Sachse,United States,41136,Washington,1352 Cascade,1989-01-05
crmid:1744445792,novelette2011@gmail.com,Lyman,Ochoa,,196-643-0510,Flagstaff,United States,87576,Maine,679 Plaza,1962-03-17
crmid:6928083595,dextro1934@gmail.com,Ramiro,Anderson,male,154-042-7145,Pontiac,United States,84852,Connecticut,1060 Sierra,1937-08-01
crmid:7324148301,counterdistinct1840@yandex.com,Lanny,Cain,,718-279-7964,Sacramento,United States,34816,Georgia,330 California,1978-07-12
crmid:9861144875,wastiest1911@gmail.com,Elroy,Mcgee,,844-256-2100,Placentia,United States,22112,Nebraska,963 Oxford,1966-06-08
crmid:5758087578,silentest1853@live.com,Johnie,Gilbert,,473-439-5408,Seaside,United States,30341,Nebraska,633 Jeopardy,1979-08-02
crmid:6436292156,dayman2066@yandex.com,Georgiann,Duran,female,291-815-2504,Douglas,United States,72199,Maryland,255 Clarence,1955-12-06
crmid:3722407003,banish1977@outlook.com,Emory,Nixon,,892-201-9898,Jacksonville Beach,United States,95741,Washington,709 Waldo,1975-12-19
crmid:1098719255,daaboul1833@live.com,Rene,Montgomery,,850-433-9675,Loveland,United States,84884,New Jersey,133 Lapham,1984-08-07
crmid:7596531396,solatia1889@live.com,Carl,Bernard,,228-967-3541,Frankfort,United States,45941,Louisiana,518 Castelo,1963-08-08
crmid:9335008646,fireworkless1909@outlook.com,Deandra,Sharpe,female,359-846-4929,Clarksdale,United States,18775,Nevada,438 Valletta,1948-02-27
crmid:2570441797,climbed1836@yahoo.com,Zenobia,Wilkinson,female,105-295-6118,East Providence,United States,59325,Massachusetts,589 Wedemeyer,1957-09-12
crmid:2556545284,imprejudice1828@yandex.com,Oda,Downs,female,125-368-9562,Newnan,United States,23610,Florida,1104 Guerrero,1997-04-30
crmid:9385694562,unpolemically1813@gmail.com,Donetta,Yang,female,433-016-6415,Easley,United States,10043,Missouri,93 Hauser,1956-03-03
crmid:3788882760,impassibly2054@live.com,Dana,Puckett,,295-799-9376,Hastings,United States,14916,New Jersey,56 Stern Grove,1970-02-28
crmid:3100758856,acrid2055@yandex.com,Will,Pate,,522-828-5925,Rancho Mirage,United States,35268,Pennsylvania,90 Drumm,1969-09-23
crmid:9593685177,unhideable1923@yandex.com,Jenine,Lindsay,female,294-610-8579,Waterloo,United States,76751,Wyoming,1279 Hemway,1948-04-17
crmid:9474261049,cypselous1943@yahoo.com,Tama,Nicholson,female,163-158-9805,Federal Way,United States,64221,Texas,789 Genebern,1961-12-31
crmid:7243765616,disestablismentarianism1816@gmail.com,Stacy,Lang,,315-943-5417,Raytown,United States,79771,Georgia,1037 Truett,1979-10-23
crmid:7451928443,confection1838@yandex.com,Mathew,Mcintosh,male,558-024-7745,Stephenville,United States,63818,California,1043 Potomac,1944-07-19
crmid:6210136930,chigetais2038@gmail.com,Akilah,Mcgee,female,255-962-6285,Pleasant Prairie,United States,59572,Tennessee,159 Tunnel,1956-01-19
crmid:6249594588,orthodox1822@gmail.com,Luke,Bridges,,108-595-2224,Las Cruces,United States,64409,Arizona,368 Lessing,1981-11-29
crmid:2201152239,jollier1840@yandex.com,Napoleon,Pittman,,033-120-5209,Hoboken,United States,88996,Virginia,1275 Elizabeth,1972-07-07
crmid:4084839572,trout1822@yahoo.com,Seth,Horton,,189-643-4243,Lincoln,United States,27544,Michigan,278 Cook,1982-04-27
crmid:7797284149,indexical1877@live.com,Owen,Adkins,male,223-045-1000,Amsterdam,United States,70319,Kentucky,613 Gallagher,1932-08-01
crmid:4758788504,bepimpling2058@yandex.com,Jackie,Chan,,995-033-4938,Woodbury,United States,34215,California,1207 Alpine,1974-06-16
crmid:3401046019,intertarsal1966@live.com,Claretha,Banks,female,917-797-1568,Tukwila,United States,80439,Georgia,271 Eddy,1957-02-02
crmid:1451018383,acrorhagus1823@live.com,Reiko,Logan,female,320-169-0845,Romeoville,United States,25403,Louisiana,202 Tandang Sora,1958-07-17
crmid:4157210440,durrie2039@yandex.com,Cleopatra,Branch,female,479-571-5706,Saginaw,United States,16088,Oklahoma,1139 Richard Henry Dana,1953-11-03
crmid:8914358374,flowerer2059@live.com,Hipolito,Johnson,,658-739-3456,Lindenwold,United States,62324,South Dakota,815 Sydney,1983-11-08
crmid:2125229650,adcox1801@yahoo.com,Marco,Pacheco,,444-091-7276,Tamarac,United States,73197,Missouri,1339 Lupine,1974-02-06
crmid:1212401348,chaudry1992@outlook.com,Jeff,Browning,,678-965-8965,Poplar Bluff,United States,63361,Minnesota,1276 North Hughes,1973-09-10
crmid:7990684495,dejan2038@live.com,Chung,Myers,,570-332-4978,Lee's Summit,United States,64836,New Hampshire,954 Merlin,1982-11-26
crmid:2067439767,biker2009@outlook.com,Lindsey,Miller,male,624-543-0606,Oswego,United States,86609,Utah,582 Adair,1932-11-12
crmid:8978690974,babak1883@yahoo.com,Sherell,Delacruz,female,432-626-2097,Crestview,United States,43143,Kansas,701 Hillway,1951-08-08
crmid:7014419562,irony2054@live.com,Merna,Waters,female,127-811-9092,Fairhope,United States,96834,New York,389 Ritch,1961-10-23
crmid:7234320098,nympholept1857@yandex.com,Stanton,Ewing,male,912-275-8943,Brooklyn Park,United States,58791,South Carolina,486 Clipper Cove,1942-09-09
crmid:9570751698,sulphurage1975@live.com,Devorah,Harrison,female,537-914-5000,Corcoran,United States,83335,Minnesota,16 Cora,1950-03-13
crmid:1041890664,aisling1827@live.com,Tandy,Cantu,female,343-200-2731,Dothan,United States,84609,Texas,1063 Beulah,1955-08-05
crmid:9881441646,subalgebraical1910@gmail.com,Lashell,Garrett,female,287-174-1850,Detroit,United States,20452,Rhode Island,312 West,1954-05-11
crmid:7278582852,swilltub1869@yahoo.com,Emile,Ellis,male,439-924-6556,Burleson,United States,16014,Maryland,474 Avery,1943-03-09
crmid:5941170899,lallans1968@yahoo.com,Marshall,Peters,male,559-286-4734,Redding,United States,77839,Delaware,991 Mariposa,1938-07-23
crmid:7018311645,adriena1917@yahoo.com,Devin,Carroll,male,426-398-5389,Beloit,United States,12491,Hawaii,1377 Gallagher,1937-03-05
crmid:1419994560,thanking2052@yandex.com,Marcelino,Salas,,537-656-5792,Shreveport,United States,30381,California,724 Torrens,1977-03-03
crmid:9230064324,engle1886@yandex.com,Garry,Garrison,male,664-156-7080,Azusa,United States,21144,Illinois,347 Patten,1935-04-11
crmid:3223699779,hypotrophy1869@yahoo.com,Huong,Douglas,female,011-202-2841,White Plains,United States,12110,Florida,247 Lafayette,1949-04-08
crmid:5203748723,nitrosify2067@live.com,Myles,Adkins,male,788-228-7138,Radcliff,United States,04745,West Virginia,321 Eastman,1936-07-01
crmid:2690459935,repours1925@live.com,Blake,Dotson,,091-048-3852,Memphis,United States,76306,Kansas,157 Bancroft,1989-12-13
crmid:2760039075,crinkly1976@yahoo.com,Terresa,Riddle,female,141-694-6736,Daly City,United States,75335,New Hampshire,377 Carpenter,1952-12-21
crmid:6957699079,vituperatory1837@live.com,Sterling,Osborn,,485-850-9982,Ottawa,United States,74266,North Dakota,468 Buchanan,1990-04-10
crmid:3342919710,confessions1953@outlook.com,Chasidy,Sanchez,female,973-668-9212,Peabody,United States,79093,Kentucky,380 Montgomery,1950-02-26
crmid:2828905549,carlet1973@gmail.com,Cordell,Dennis,male,802-344-0821,Amsterdam,United States,52088,Alaska,173 Garcia,1932-10-04
crmid:1093002124,subalgebraical1989@yahoo.com,Kimberli,Yates,female,869-692-2216,Elk Grove,United States,26438,Texas,1280 Harlow,1959-05-21
crmid:8792314307,finnmarks2058@yahoo.com,Vern,Barlow,,608-440-2206,Seattle,United States,31689,Oklahoma,692 Barcelona,1979-03-21
crmid:9416661739,behaviour1811@outlook.com,Randal,Watson,,510-782-1650,Melbourne,United States,99734,Oregon,48 Pollock,1989-12-09
crmid:2378672661,signal1988@yandex.com,Ward,Gibson,,710-548-3820,Queen Creek,United States,36095,Idaho,753 Craig,1973-12-09
crmid:3439315964,deprive2052@live.com,Heath,Kelly,,544-470-4729,St. Louis Park,United States,78370,Washington,985 Hopkins,1968-12-25
crmid:9398117915,friseur1970@gmail.com,Vernon,Dorsey,male,849-051-7881,Cartersville,United States,86225,Missouri,6 Shrader,1944-10-21
crmid:3586500494,aback1861@gmail.com,Raul,Cook,,496-915-4875,Spokane Valley,United States,66934,California,246 Alemany,1969-11-18
crmid:5475891932,maltese2060@gmail.com,Kris,Goff,,281-323-4379,West Bend,United States,58787,Delaware,380 Warren,1967-10-29
crmid:4829938355,hooklike2022@gmail.com,Lawerence,Small,male,411-564-7751,Arlington,United States,98344,Idaho,345 Child,1933-06-27
crmid:6649663025,craving1951@yahoo.com,Marion,Horton,,260-165-9092,Lewisville,United States,74338,Pennsylvania,406 Laskie,1982-01-14
crmid:9812275969,crullers2033@gmail.com,Margarito,Hubbard,,376-116-8351,Reynoldsburg,United States,69393,Wisconsin,673 Carnelian,1991-06-19
crmid:1923202679,chankings1834@yahoo.com,Johnny,Herring,female,666-935-9811,Cuyahoga Falls,United States,22066,Utah,1140 Metson,1952-04-13
crmid:7124490051,aggies2056@gmail.com,Darnell,Velasquez,female,842-117-5321,Mountain View,United States,91905,California,1060 Sola,1994-03-04
crmid:6317278817,condurango1997@outlook.com,Alejandro,Rios,male,742-465-3659,Bossier City,United States,67087,Nevada,1161 Iris,1940-11-01
crmid:6970122469,damager1810@outlook.com,Erik,Stephenson,male,106-506-4336,North Ogden,United States,08501,Colorado,204 Wanda,1998-02-07
crmid:2012431506,microcopied2011@yandex.com,Jamel,Andrews,,338-782-0239,South Holland,United States,64160,Maine,413 Plymouth,1971-08-24
crmid:5434954901,chinotti2024@gmail.com,Gino,Kemp,,425-714-0358,Hazelwood,United States,58064,Iowa,483 Riley,1970-09-30
crmid:3376700205,enrapted1876@yandex.com,Derrick,Crawford,,600-851-6041,La Crosse,United States,90629,Arkansas,307 Wawona,1978-08-02
crmid:9396837440,cineraria1800@yandex.com,Shaniqua,Foster,female,078-612-5483,Pinole,United States,98684,West Virginia,853 Evans,1996-10-22
crmid:6607802033,reinfecting1958@live.com,Shandra,Griffith,female,746-219-0760,Dodge City,United States,49455,Rhode Island,595 Jordan,1955-08-12
crmid:5284415916,goldfinch1997@outlook.com,Jacquiline,Wiggins,female,637-553-7678,Chickasha,United States,25696,Montana,1121 Lyell,1947-04-19
crmid:1886227231,descendents1814@yahoo.com,Jenee,Bray,female,197-274-3305,Enid,United States,23019,Virginia,717 Geneva,1959-04-04
crmid:3937319981,emacs1991@live.com,Mardell,Powell,female,144-982-6840,Paramus,United States,61770,Louisiana,695 Ripley,1947-06-24
crmid:4248175506,dewberry1948@yahoo.com,Quentin,Lynn,,263-222-6882,Plant City,United States,41467,Connecticut,1007 Greenwood,1988-03-05
crmid:8712504718,pneumatotactic1837@yahoo.com,Kenda,Kent,female,227-365-1252,Deer Park,United States,79858,New Mexico,268 Huntington,1953-12-23
crmid:3489417152,nonfeverishly2046@yahoo.com,Sherman,Golden,,980-718-1627,Woonsocket,United States,32578,New Mexico,1275 Cedro,1979-08-10
crmid:8265405094,cagatay1944@yandex.com,Glen,Sosa,,614-458-6307,League City,United States,32991,Illinois,1031 Kern,1981-07-25
crmid:6215278780,poeticised1903@outlook.com,Son,Vinson,female,350-758-5204,Tiffin,United States,95911,Oregon,188 Winston,1952-10-16
crmid:7495078932,elkins1964@gmail.com,Francisco,Richmond,,263-280-4159,Monrovia,United States,09212,Oklahoma,799 Magellan,1992-01-01
crmid:2466622611,processor1954@live.com,Gilbert,Hickman,,952-039-3058,Selma,United States,41243,Oklahoma,528 Raycliff,1982-08-05
crmid:2148394153,upseek2047@outlook.com,Florencio,Nieves,,244-164-4594,Richland,United States,27822,Oregon,989 San Andreas,1962-10-25
crmid:8537942885,vertebroiliac1840@yandex.com,Jesus,Nichols,,926-850-3781,Folsom,United States,08629,South Carolina,566 Cameron,1962-02-01
crmid:2114978509,devastating1837@yandex.com,Taisha,Farrell,female,920-615-5506,Texas City,United States,14792,Alaska,444 Silver,1953-08-09
crmid:6775376495,coconscious1957@yandex.com,Lucina,Vang,female,916-165-5848,Park Ridge,United States,99886,South Carolina,1142 Fredela,1949-06-29
crmid:6619555386,lectures1902@yahoo.com,Rudolph,Rasmussen,,144-137-4304,Melrose Park,United States,26722,Florida,521 Robert Kirk,1989-05-03
crmid:2185492450,corders1845@yandex.com,Tracee,Leach,female,693-152-5767,Rocky River,United States,15695,Florida,729 Glenview,1952-09-17
crmid:9972780090,furiosity1979@live.com,Arlen,Wynn,,535-705-0853,High Point,United States,61095,Mississippi,887 Middle Point,1971-10-04
crmid:2262762703,piques2051@outlook.com,Ceola,Davis,female,335-802-2666,Crown Point,United States,05705,North Carolina,968 Armistead,1952-02-08
crmid:2551968316,formaldehyd2013@gmail.com,Doretta,Hicks,female,799-878-0832,Elgin,United States,10479,Virginia,1193 Paulding,1958-03-14
crmid:9067349604,undemocratized1959@gmail.com,Horacio,Mueller,,742-874-3584,Spring Valley,United States,23720,Maryland,869 Lois,1964-06-12
crmid:7889171589,ballots1814@live.com,Marquis,O'connor,,108-643-6265,Highland Village,United States,30837,North Carolina,344 Avenue F,1971-06-11
crmid:1093638382,rhinoplasty1931@live.com,Santo,Benson,,882-741-9170,Lawrenceville,United States,42071,Maine,1363 Jason,1981-07-08
crmid:9597004540,gobio1864@live.com,Jeanett,Christensen,female,264-047-1611,Davenport,United States,24108,New York,984 Aspen,1953-04-06
crmid:5361444250,hamamelidanthemum2010@outlook.com,Jamel,Barr,,244-645-6073,Lowell,United States,38662,Oklahoma,884 Pioche,1984-06-11
crmid:5787494264,atoning1996@yandex.com,Bruna,Freeman,female,144-328-2444,San Dimas,United States,29335,Wyoming,477 Powell,1956-11-02
crmid:5521737094,awave2009@yahoo.com,Claudio,Morton,,734-110-4532,Spartanburg,United States,87020,Mississippi,837 Banneker,1987-12-31
crmid:4174432083,buckling1860@yahoo.com,Keenan,Sargent,male,892-671-7410,Yuma,United States,17921,Indiana,1381 Kalmanovitz,1945-12-25
crmid:4843693155,bleeker1936@outlook.com,Billy,O'donnell,,938-220-9325,Northbrook,United States,31857,Arkansas,225 Jamestown,1999-06-27
crmid:3323700149,plemochoe1965@gmail.com,Glady,Sellers,female,170-212-9379,Eureka,United States,81031,Wyoming,589 Burke,1960-12-06
crmid:4662696993,gouger1943@yahoo.com,Stepanie,Conway,female,842-944-4500,Parma Heights,United States,56182,Idaho,677 Quebec,1954-11-16
crmid:3576968293,overreached1854@yahoo.com,Roosevelt,Keith,,894-017-9435,Minneapolis,United States,79142,Connecticut,682 Pilgrim,1991-09-01
crmid:2098268867,armando2006@live.com,Jerrod,Stone,male,629-495-7410,Bellingham,United States,28090,Kansas,792 Mccann,1937-05-28
crmid:4622036767,buxom1887@live.com,Kazuko,Perkins,female,228-468-8599,Decatur,United States,77412,Iowa,954 Onique,1953-05-23
crmid:3780367050,chunkier1822@yandex.com,Yong,Curtis,,792-197-2009,Rexburg,United States,63445,Georgia,621 Bedford,1968-09-15
crmid:1511631890,benjie2069@live.com,Marianela,Francis,female,164-913-0753,Dumont,United States,32798,Hawaii,1388 Nelson,1956-06-10
crmid:9637790973,chichi1882@yandex.com,Junior,Holland,,347-274-2828,Jefferson City,United States,02471,Maine,1003 Edgemont,1975-01-08
crmid:7973755232,dight1815@outlook.com,Terrell,Montgomery,female,415-874-5807,Clovis,United States,55757,Connecticut,1153 Freelon,1948-09-20
crmid:8447225523,noncorrelating1939@outlook.com,Louie,Sullivan,,090-530-6336,Lindenhurst,United States,46882,California,57 Chatham,1983-07-13
crmid:5873740286,naturalists1964@gmail.com,Analisa,Wilson,female,646-634-8139,Plainview,United States,51908,Georgia,557 Mahan,1955-10-31
crmid:9877234477,pouncing1867@outlook.com,Horace,Conrad,,673-332-5501,Sammamish,United States,36596,Michigan,392 Ingerson,1969-10-22
crmid:8682142505,lefty1925@yandex.com,Ted,Klein,,402-400-8129,Toledo,United States,43522,Louisiana,1114 Reservoir,1981-06-12
crmid:5375309475,intraoral1969@outlook.com,Albert,Gilbert,,774-210-2171,New Smyrna Beach,United States,46405,Michigan,1374 Bass,1997-08-06
crmid:5321708028,blindeyes1961@yandex.com,Hans,Leon,,625-032-0846,Schertz,United States,49722,Wisconsin,257 Goethe,1981-05-30
crmid:2976093031,amelina2067@yandex.com,Erick,Barrett,,505-481-9817,Fountain,United States,72115,Iowa,796 Water,1963-08-09
crmid:1528943043,broking1805@yahoo.com,Dudley,Galloway,male,678-855-9719,Avon Lake,United States,73020,Iowa,542 Weston,1935-03-11
crmid:9582313572,newfoundland1895@live.com,Cecil,Chaney,,874-509-8021,Peachtree City,United States,37861,New Hampshire,1115 Mabini,1975-10-23
crmid:7652575300,precognition2008@yahoo.com,Terrell,White,female,325-425-6502,Duncan,United States,89030,North Carolina,1385 Walker,1956-09-12
crmid:7312337858,outscouring1822@yahoo.com,Wilfred,Fuentes,,958-039-2911,Livonia,United States,97416,Pennsylvania,624 Loomis,1983-12-25
crmid:9567173028,administrate2062@live.com,Winston,Simpson,,785-663-7461,Gadsden,United States,87955,New York,1050 Erkson,1964-03-26
crmid:1610700091,mochy1821@yahoo.com,Erwin,Dalton,male,667-340-0644,Oswego,United States,66179,Florida,496 Baywood,1936-12-23
crmid:4723509971,unsuperstitiousness1804@live.com,Shaun,Frederick,,142-872-7853,Fort Collins,United States,04359,Georgia,1132 Sergeant John V Young,1963-01-07
crmid:7294930379,begladding1851@yahoo.com,George,Newman,,549-962-2650,South Plainfield,United States,36832,Tennessee,245 Kenny,1973-11-12
crmid:8623148365,chromatics1931@yandex.com,Kristofer,Cabrera,,108-263-9212,Lynchburg,United States,20639,Tennessee,964 Inca,1985-05-31
crmid:3419729209,gingeleys2001@live.com,Norbert,Castillo,male,349-087-4658,Boca Raton,United States,84459,Montana,1011 Kern,1940-07-05
crmid:1829313132,badly1948@live.com,Morton,Conway,,919-630-0931,Hopkinsville,United States,76544,Texas,1145 Lakeview,1973-11-12
crmid:8738247819,aptitude2002@yandex.com,Henry,Bentley,,982-252-3337,Kent,United States,18880,Arizona,103 Palace Of Fine Arts,1977-02-27
crmid:8814939305,proteides1941@gmail.com,Denae,Benson,female,645-914-4473,Santa Paula,United States,51086,Arizona,1021 Stillings,1994-04-04
crmid:8546712734,devest1919@yahoo.com,Leslie,Serrano,male,469-829-6517,Brownsville,United States,68322,Washington,487 El Sereno,1942-10-12
crmid:1849468635,dolomites1961@yahoo.com,Sydney,Dunlap,,421-879-2843,Gulfport,United States,89065,Michigan,646 Iris,1969-02-03
crmid:8424062490,barkery2057@yandex.com,Hal,Finch,male,489-302-3425,Nashua,United States,02682,Vermont,1277 St. Paul Street-Calvert,1995-02-08
crmid:5500385784,probonding1969@outlook.com,Samual,Barrera,,933-697-7702,Joplin,United States,74559,Hawaii,658 School,1976-05-14
crmid:3223699779,edwin1915@gmail.com,Henry,Lawrence,,398-921-0150,Howard,United States,99228,Idaho,398 H,1973-04-04
crmid:6673839311,bluely1901@gmail.com,Melvin,Melton,,258-363-1799,The Colony,United States,22364,Massachusetts,322 Harrington,1967-08-09
crmid:6857397596,lag1958@yandex.com,Lakenya,Fischer,female,426-931-4238,New Rochelle,United States,12134,Iowa,1317 Lori,1996-03-09
crmid:3498299239,apparition1804@yandex.com,Dawne,Donaldson,female,975-974-2604,Clarksburg,United States,12768,California,1398 Townsend,1948-02-08
crmid:4438119515,spelter1868@live.com,Winfred,Tucker,,194-140-0327,Rochester,United States,45543,Florida,1241 Fresnel,1986-01-17
crmid:5069401919,interhabitation1983@outlook.com,Charley,Parker,,533-078-4660,Greenfield,United States,81053,South Carolina,267 Yukon,1968-07-05
crmid:3506335214,ayukawa1876@outlook.com,Lino,Michael,,078-136-2479,Hallandale Beach,United States,21354,Georgia,494 Castenada,1969-04-01
crmid:6147451746,pondering1956@outlook.com,Scotty,Mooney,,711-955-9307,Tustin,United States,64455,Maryland,74 Richardson,1984-08-14
crmid:4605434267,endotropic1823@live.com,Porter,Mckee,,453-659-2274,Peachtree City,United States,32648,Delaware,94 Zircon,1980-03-08
crmid:1322879732,heterotricha2026@yandex.com,Franklyn,Mendoza,male,021-628-1482,Bridgeport,United States,92140,Kentucky,359 Cedro,1941-12-07
crmid:1499418174,decayed1906@live.com,Jacob,Small,,250-304-9747,Manhattan,United States,40284,Oregon,239 Gene Friend,1986-07-27
crmid:6322156994,cupper2025@gmail.com,Donnell,Duffy,male,672-823-5317,Bellaire,United States,10443,Louisiana,534 Vicente,1937-03-08
crmid:8013553920,hilum1869@live.com,Tracee,Bond,female,440-636-7217,Denison,United States,90887,Virginia,1261 Ross,1954-09-03
crmid:7054600246,causes1828@live.com,Kennith,Roman,,527-461-9880,Victoria,United States,80234,Arkansas,1156 Hillside,1973-01-04
crmid:6265899469,spiderling2062@yahoo.com,Elza,James,female,851-362-7528,Mountain View,United States,61403,Oregon,381 Science,1994-11-23
crmid:5702351254,creative1834@live.com,Hee,Lindsay,female,259-067-2597,Dana Point,United States,78500,Kansas,890 Ashwood,1952-12-21
crmid:1672013121,civility1867@outlook.com,Graham,Stanton,male,094-545-8103,Alameda,United States,25613,South Carolina,438 San Felipe,1930-04-28
crmid:3852419734,abashed2058@live.com,Cordell,Hancock,,557-966-5582,Kirkland,United States,03375,North Dakota,1091 Pico,1978-02-12
crmid:3305425973,unpostulated1964@yahoo.com,Chuck,Clarke,male,902-045-9848,Albuquerque,United States,07575,Ohio,747 Getz,1931-02-06
crmid:7054600246,rotundness2043@gmail.com,Dick,Branch,male,167-548-8811,Shoreline,United States,10087,Utah,114 English,1944-03-04
crmid:9448732793,pairing1825@outlook.com,Charles,Pope,,842-390-4323,Merrillville,United States,18776,Vermont,402 Berkshire,1989-02-19
crmid:4389520847,allegiances1987@yahoo.com,Ethan,Livingston,,185-077-1935,Methuen,United States,79313,Illinois,223 Naglee,1990-12-05
crmid:7769210889,colts2060@gmail.com,Elvin,Moran,male,243-275-4735,Carlsbad,United States,61054,Wyoming,109 Severn,1944-10-23
crmid:5474922961,peponidas1849@outlook.com,Reggie,Lambert,,930-250-2103,Wilsonville,United States,34159,Virginia,197 Wentworth,1977-08-11
crmid:5024861652,adhesive1803@gmail.com,Tesha,Buckley,female,886-850-4207,Cutler Bay,United States,50908,Rhode Island,1134 Santa Monica,1952-09-04
crmid:1491332594,calefacient1872@yandex.com,Calvin,Bond,,780-937-7251,Salinas,United States,56414,Colorado,1237 Hattie,1991-06-04
crmid:8047378566,plantula1990@yandex.com,Mathew,Nguyen,,107-015-5091,Lynwood,United States,72061,Mississippi,160 Cuvier,1985-08-08
crmid:9585343621,malleating1866@outlook.com,Ute,Buckner,female,241-983-0652,San Marcos,United States,25612,New Mexico,217 Briarcliff,1959-09-04
crmid:9525858329,mitten1963@yahoo.com,Willie,Montoya,,710-963-9148,Rowlett,United States,81075,Tennessee,653 Jose Sarria,1986-03-28
crmid:9749009351,frazzled1876@yandex.com,Clyde,Delacruz,male,288-325-8020,Sidney,United States,56231,Florida,313 Lettuce,1999-02-22
crmid:9489875040,ninjas1997@gmail.com,Buck,Barrera,male,697-503-0983,Normal,United States,50606,Wisconsin,1366 Coso,1998-09-17
crmid:9213214225,thunderstorm1954@gmail.com,Edgardo,Macias,,917-776-4744,Mount Clemens,United States,70410,Washington,478 Lexington,1993-02-19
crmid:3805871384,brogues2025@live.com,Edwin,Parker,,566-853-6471,Pinellas Park,United States,22113,Arkansas,70 Robblee,1962-05-14
crmid:9934486643,annonce1867@outlook.com,Claud,Mercado,,742-369-2896,Tooele,United States,64656,Ohio,1224 Starr King,1995-07-11
crmid:7177195818,anabel1956@outlook.com,Corey,Willis,male,181-406-0846,Roswell,United States,91833,Delaware,10 Clayton,1945-02-27
crmid:1075612803,boisset1967@yandex.com,Blake,Avila,male,436-080-5216,Andover,United States,80537,Wisconsin,686 Anderson,1932-01-01
crmid:7211480999,caterbrawl1886@live.com,Galen,Cook,,238-244-4295,Shawnee,United States,70879,Illinois,575 Ralston,1991-01-23
crmid:1494816578,demotes1967@yahoo.com,Kieth,Jarvis,male,164-570-6525,Apex,United States,93363,Delaware,880 Topeka,1933-06-15
crmid:6293424836,allegiances1956@yandex.com,Cesar,Monroe,,196-809-3616,Hoboken,United States,45961,Maryland,1147 Fern,1972-08-06
crmid:1323436633,agamic1981@yahoo.com,Stanton,Callahan,,198-631-2595,Rolla,United States,40589,Rhode Island,1304 Modoc,1986-02-02
crmid:1095030243,exceedingly1897@gmail.com,Galen,Brennan,,413-007-1509,Gastonia,United States,87504,Illinois,985 Treasury,1965-01-25
crmid:7861474533,acquisita1943@gmail.com,Federico,Fuller,,884-617-1419,Rockledge,United States,27935,Wyoming,1333 Conservatory Access,1964-05-25
crmid:5344714216,slatemaker1836@yandex.com,Emil,Elliott,,078-513-8244,North Tonawanda,United States,94602,Texas,1285 Fairbanks,1999-08-14
crmid:6117553336,undenotative1983@yandex.com,Daron,Hardy,,348-447-3905,Lewisville,United States,30167,Iowa,1169 Valdez,1982-07-22
crmid:1089746483,cames1915@live.com,Jestine,Sanford,female,308-394-4373,Chaska,United States,24274,Wyoming,461 Old Chinatown,1946-04-26
crmid:8190476568,apostrophe1918@yandex.com,Linwood,Hamilton,,533-568-9345,Pflugerville,United States,74432,Tennessee,321 Hare,1982-01-13
crmid:9761922528,incisors1811@live.com,Nathaniel,Hurst,,334-291-1046,Harker Heights,United States,49994,New Jersey,1096 Pueblo,1969-08-30
crmid:8123650199,daaboul1844@live.com,Carita,Peters,female,559-558-5650,Saco,United States,51792,Delaware,1180 Vulcan,1998-12-06
crmid:6122698884,boreades1955@live.com,Maria,Camacho,,975-537-4734,Pleasant Hill,United States,44893,Missouri,18 Liebig,1991-07-28
crmid:4521445954,alike1857@gmail.com,Christeen,Hines,female,560-921-5558,Elizabeth City,United States,00951,Virginia,111 Wisconsin,1959-02-14
crmid:9353234783,crocodile2066@yahoo.com,Jenee,Alexander,female,847-528-1194,Culver City,United States,82814,New York,1234 Keith,1952-12-08
crmid:4759081016,cichlid1826@outlook.com,Russel,Estrada,,827-419-1904,Mercer Island,United States,78484,Louisiana,937 Berwick,1989-12-29
crmid:5103726787,postbrachial1905@outlook.com,Charlie,Daugherty,,505-810-8690,La Habra,United States,73828,Vermont,248 Gateview 2,1978-12-07
crmid:6572447855,awoken1924@outlook.com,Dirk,Horton,,087-152-7116,Stanton,United States,20191,Arizona,266 Campbell,1965-05-03
crmid:4613564093,herbivore1918@live.com,Arnulfo,Guthrie,,989-936-6884,Gastonia,United States,82604,Texas,285 Hardie,1965-07-09
crmid:4805693706,becca1982@yahoo.com,Claude,Green,,283-117-3646,Holyoke,United States,20339,Minnesota,446 Jose Sarria,1972-04-17
crmid:3944291058,conform1870@outlook.com,Bert,Olson,,488-677-9529,Montebello,United States,06661,New York,924 Niagara,1992-01-06
crmid:3525397316,drench1813@gmail.com,Eric,Townsend,male,751-465-8787,Pharr,United States,95108,Pennsylvania,883 Worcester,1999-09-02
crmid:8914445770,zapateo1864@live.com,Terrence,Hayes,,545-757-0009,Maryville,United States,95541,North Dakota,1099 Rotteck,1987-03-18
crmid:9354725157,bahama2068@live.com,Vincenzo,Bass,,422-750-3027,Thousand Oaks,United States,35345,Nebraska,560 Truby,1970-09-27
crmid:7861474533,tochered1982@gmail.com,Chance,Booth,male,818-248-3199,Orinda,United States,78081,West Virginia,116 Fresno,1942-02-03
crmid:1877621975,desiderative2040@yahoo.com,Jeanice,Barron,female,913-094-5876,Doral,United States,80424,Michigan,645 Adair,1955-04-02
crmid:4870915193,sheeting1987@yandex.com,Yong,Hopper,,274-149-7598,Green Bay,United States,20985,Florida,1088 Avenue F,1968-04-21
crmid:7093970291,mallard1801@yahoo.com,Laurena,Atkins,female,477-257-8196,Covington,United States,70204,Washington,870 Gould,1951-12-10
crmid:1186238499,artiste2050@yahoo.com,Rolland,Baker,male,243-000-4231,Bellingham,United States,49834,Maine,671 States,1937-08-01
crmid:7893740465,pangasinan1932@gmail.com,Douglas,Stanton,,519-594-8443,Sedalia,United States,74782,Washington,1301 Surrey,1979-08-03
crmid:7712558138,snakemouths1833@live.com,Santina,Sampson,female,633-245-0989,Tacoma,United States,27409,South Dakota,653 Spear,1960-08-26
crmid:1823445992,tumion1964@yandex.com,Adolfo,Callahan,male,311-227-5831,Redding,United States,01767,Utah,825 Dicha,1941-01-05
crmid:8778910621,groundskeep1887@gmail.com,Billie,Barber,male,912-232-1112,Orange,United States,80011,New Hampshire,336 Florence,1930-01-02
crmid:4102608941,coast2002@live.com,Emmitt,Watts,male,521-955-8379,Pacifica,United States,70936,Montana,1167 Nobles,1939-04-30
crmid:3125008195,epispinal1814@gmail.com,Efren,Schultz,,077-690-3092,Longmont,United States,05820,Arkansas,1351 Nueva,1984-02-05
crmid:2545197087,dosser1810@live.com,Dia,Lynch,female,845-159-9847,Christiansburg,United States,75883,Alaska,831 Mary,1947-03-18
crmid:2644470742,undialled2020@gmail.com,Marcos,Davis,male,067-159-3691,Seguin,United States,71277,Nevada,157 Liebig,1945-07-08
crmid:1329505845,corium1853@gmail.com,Loida,Kinney,female,847-203-4496,Pittsburgh,United States,81894,South Dakota,216 Birchwood,1950-11-26
crmid:1588613867,dekko1901@gmail.com,Raymundo,Bowman,,161-507-7743,Perth Amboy,United States,33048,Virginia,407 Alana,1970-12-11
crmid:9451215280,stork1889@outlook.com,Elanor,Trevino,female,925-089-8349,Vestavia Hills,United States,18098,South Carolina,428 Sergeant John V Young,1948-03-29
crmid:5092786860,boondoggling1914@gmail.com,Keith,Ramirez,,155-603-7091,Hollywood,United States,97706,Indiana,668 Simonds,1972-09-24
crmid:7443363415,corrigan1874@yahoo.com,Winford,Francis,,301-506-9763,Hilliard,United States,45526,North Carolina,978 Old Decatur,1972-07-27
crmid:5506874504,precogitation1976@outlook.com,Loni,Cardenas,female,504-005-8112,Farmers Branch,United States,35929,Kentucky,221 Porter,1961-06-05
crmid:1424365558,laurvikite2036@outlook.com,Marty,Clements,male,810-920-1461,Round Lake,United States,05357,Idaho,295 Montezuma,1940-12-20
crmid:6735779798,outmantle2056@gmail.com,Neville,Olsen,male,282-008-8383,Pleasanton,United States,59860,North Carolina,814 Stow Lake,1996-02-29
crmid:3790625481,harrier1808@gmail.com,Herb,English,,596-329-1101,Scarsdale,United States,81628,Wisconsin,1146 Bluestone,1990-04-14
crmid:8062155626,everyman2023@yandex.com,Senaida,Bryant,female,769-221-1081,Daytona Beach,United States,42973,Delaware,546 Ingleside,1953-08-04
crmid:1693372563,suez2011@gmail.com,Stefania,Burris,female,970-697-4142,Chelsea,United States,46853,Maryland,82 Woolsey,1946-08-04
crmid:4702471889,discriminant1864@gmail.com,Connie,Charles,male,419-244-2747,Avon,United States,19014,Hawaii,414 Sagamore,1935-02-06
crmid:7308773671,jocosities1945@live.com,Lynn,Pratt,male,989-910-5776,Abilene,United States,73792,Iowa,416 Edinburgh,1930-07-24
crmid:2318952460,amber1993@live.com,Rex,Ball,,332-050-2137,Rexburg,United States,46144,Missouri,807 Castelo,1991-04-22
crmid:7788622633,halites1823@outlook.com,Clifford,Castro,,783-798-9993,Greenwood,United States,39411,South Carolina,93 Garden,1968-06-17
crmid:8843844586,spermatogenesis1927@yahoo.com,Armand,Baxter,,836-059-7898,Murrysville,United States,95781,Michigan,103 Baden,1994-10-17
crmid:8051115847,gorilla1884@live.com,Gail,Osborn,,450-829-9987,Pocatello,United States,37326,Utah,339 Rod,1969-06-21
crmid:8622567617,spiring2025@yandex.com,Christia,Dillon,female,905-796-2959,Woodridge,United States,15802,Virginia,699 Robblee,1947-10-24
crmid:1780579750,byproducts1852@gmail.com,Booker,Todd,,213-143-3034,Hamtramck,United States,36007,New Jersey,357 Idora,1969-06-03
crmid:1144442634,seemly1813@yandex.com,Magen,Hughes,female,638-747-7903,Edina,United States,38832,New Hampshire,418 Stanyan,1958-06-15
crmid:4495328059,rook1806@live.com,Justin,Duffy,female,029-874-5172,Sherman,United States,12400,Louisiana,1188 Pennsylvania,1954-10-08
crmid:1158187696,clowder1873@gmail.com,Edmundo,Armstrong,male,266-445-4115,Phoenix,United States,17181,Oklahoma,1275 Globe,1945-12-23
crmid:4357311862,boons1851@yahoo.com,Quinton,Guerrero,,911-170-3235,Hillsboro,United States,24736,Connecticut,690 Hollywood,1972-05-15
crmid:3250475432,cajuputs1865@outlook.com,Ali,Cervantes,male,421-806-9814,Boynton Beach,United States,08591,New York,1268 Hudson,1940-01-05
crmid:9308707850,bobcat2026@yandex.com,Renetta,Mccormick,female,342-666-1678,Pawtucket,United States,15343,Nebraska,1330 Guerrero,1949-07-19
crmid:3231927329,immethodicalness1910@live.com,Dexter,Alvarado,male,528-210-2803,Tigard,United States,00472,Indiana,717 Mistral,1940-03-01
crmid:2768134302,coquets1803@yandex.com,Kemberly,Ware,female,003-019-6337,Champlin,United States,22848,Florida,167 Macarthur,1946-05-30
crmid:6460405574,charrier2029@gmail.com,Sterling,Rice,,607-530-0922,Fort Walton Beach,United States,74592,Indiana,142 Bergen,1963-12-12
crmid:3131808543,dinny1864@yahoo.com,Wilbur,Delacruz,male,908-362-9664,Valdosta,United States,81299,Mississippi,259 Broderick,1996-02-19
crmid:1359792904,pleasurably1980@outlook.com,Theron,Lawson,,963-586-5581,North Chicago,United States,21850,Oregon,818 Mirando,1998-05-31
crmid:5443130478,replenished2068@live.com,Emmett,Walter,,291-970-7583,Shakopee,United States,37314,North Dakota,544 Ripley,1976-12-12
crmid:9755497383,stachydrin2064@yahoo.com,Rosann,Shepard,female,161-224-2402,Porterville,United States,28551,South Carolina,438 Dawnview,1956-07-27
crmid:6421084874,disembodied1938@outlook.com,Carey,Goff,,482-750-9921,Loves Park,United States,19342,New Hampshire,552 Orben,1984-03-02
crmid:8412957177,bandager1974@yandex.com,Mitch,Pollard,,000-604-7078,White Plains,United States,95726,Virginia,714 Detroit,1987-05-06
crmid:3343433034,gunsmithing1985@live.com,Jamison,Barry,,989-057-9556,Pittsburg,United States,82750,Kentucky,90 Kinzey,1966-10-24
crmid:7065397645,akita2049@outlook.com,Nicolas,Walls,,507-597-5289,Harrison,United States,44487,New York,1300 Ventura,1970-07-22
crmid:9205999745,boobies1969@live.com,Rory,Warren,,088-512-3194,Northport,United States,99882,New York,706 Silverview,1999-06-30
crmid:7385310889,protococcales1812@gmail.com,Yong,Nixon,male,388-356-8836,Munster,United States,71581,Alaska,743 Gateview 1,1994-12-04
crmid:6652038833,kerning1945@yahoo.com,Angel,Gilliam,male,014-647-0376,Casper,United States,90376,Iowa,1108 Foerster,1945-01-11
crmid:8170291726,shortcake1887@yahoo.com,Quintin,Acevedo,,538-949-8344,McDonough,United States,08643,Hawaii,1206 Venard,1988-01-20
crmid:4493796191,cowtail1858@outlook.com,Chester,Navarro,male,125-716-0283,Susanville,United States,06011,Kansas,586 Hangah,1932-02-21
crmid:4195162995,binturong2068@outlook.com,Donya,Anthony,female,360-383-5065,Schererville,United States,91653,Rhode Island,804 Battery Dynamite,1949-03-01
crmid:2435329305,semiquadrate2023@yandex.com,Alphonse,Middleton,,616-423-8331,Liberal,United States,56760,Texas,1251 Anthony,1982-10-22
crmid:8470917175,seawan2060@yahoo.com,Robert,Rodgers,male,424-728-8200,Boca Raton,United States,87374,Arkansas,870 Lapidge,1940-08-25
crmid:7501676514,cocooned1966@yandex.com,Judson,Miles,male,307-751-9158,Wasco,United States,07663,Michigan,281 Albion,1937-12-11
crmid:6148982497,fifes2005@outlook.com,Dorian,O'connor,male,779-907-8103,Brandon,United States,71547,Wyoming,47 Russ,1941-03-22
crmid:1348905786,unstocking2063@yandex.com,Hershel,Hewitt,male,042-290-4074,Cambridge,United States,21504,Louisiana,423 Westmoorland,1943-05-14
crmid:2920373813,congregant1913@live.com,Galen,Gould,male,247-696-6666,Attleboro,United States,24973,Kansas,1115 Shaw,1934-04-12
crmid:1215503926,henna1832@live.com,Korey,James,,071-615-8848,San Jacinto,United States,69806,Rhode Island,941 Mccormick,1986-06-02
crmid:4019780859,gharial1814@live.com,Bennie,Kim,,501-014-0076,Russellville,United States,27669,New York,132 Parkridge,1966-05-24
crmid:9059609445,moirai1931@outlook.com,Mckinley,Harper,,150-031-3948,Galt,United States,90393,Maryland,1171 Ignacio,1965-02-12
crmid:2965328092,prats2023@outlook.com,Roy,Grant,,894-294-9904,Northampton,United States,31147,Pennsylvania,308 Richardson,1999-06-05
crmid:1603175447,commanding1856@gmail.com,Claude,Baldwin,female,174-100-9576,Victoria,United States,10066,Virginia,820 Jefferson,1954-10-03
crmid:8315883317,chelone2030@yandex.com,Ute,Crane,female,470-076-6153,Farmington,United States,72144,Washington,94 Nellie,1961-09-07
crmid:2885410280,drainer1846@live.com,Earl,Randall,,451-743-8343,Medford,United States,46730,New York,1159 Haight,1988-08-12
crmid:8591330777,realest2002@yandex.com,Rico,Caldwell,male,367-456-1739,Newport Beach,United States,69601,Idaho,1237 Montague,1997-11-20
crmid:4841515068,anaesthetic1963@live.com,Ross,Gonzales,,153-470-8565,Kalispell,United States,53443,Delaware,669 Harney,1976-10-15
crmid:2028089520,emogene2051@yandex.com,Joslyn,Carson,female,904-799-9616,Chattanooga,United States,69134,Alaska,731 Cassandra,1946-10-26
crmid:4500792306,acclimatise1865@yahoo.com,Oswaldo,Callahan,,639-602-4410,Fountain Hills,United States,80466,Wyoming,770 Staples,1963-01-02
crmid:4665790991,mosso1826@outlook.com,Stacee,Vega,female,016-361-1582,Crystal,United States,49453,Idaho,1266 Lockwood,1952-08-29
crmid:1247142519,revetoed1894@yahoo.com,Emiko,Sutton,female,143-552-6449,Mukilteo,United States,79127,Mississippi,513 Dow,1994-03-05
crmid:3765401583,converse1828@live.com,Osvaldo,Olsen,,503-321-1202,Kankakee,United States,03491,Texas,165 Bitting,1976-02-24
crmid:9366886695,brimful1889@live.com,Joan,Mooney,,469-691-0738,Middletown,United States,26661,South Dakota,886 Rockridge,1990-04-08
crmid:9202678559,casas1909@live.com,Dane,Nash,,927-554-7449,Weslaco,United States,26009,Tennessee,636 Ozbourn,1967-12-22
crmid:4715588035,biosynthesis2008@gmail.com,Vincent,Mcneil,male,699-286-7598,Newburyport,United States,65099,Alaska,458 Steuart,1997-11-01
crmid:8530872579,unaltering1962@outlook.com,Eleni,Buckner,female,486-277-4853,National City,United States,21434,Mississippi,1276 Hanover,1995-04-05
crmid:6673839311,unaffectionate2024@yahoo.com,Carson,Osborn,,187-137-9863,Gary,United States,81103,Rhode Island,796 Rio,1965-10-04
crmid:1865920688,dayman2059@yandex.com,Ladawn,Collins,female,061-244-2410,East Ridge,United States,22680,Utah,404 Peninsula,1957-05-06
crmid:5723861182,aywie1846@live.com,Brett,Stark,male,570-738-6068,Bedford,United States,04057,Connecticut,721 Julius,1937-02-28
crmid:2132100847,connelly2043@gmail.com,Lucio,Blackwell,,574-818-6239,Gloucester,United States,96953,Arkansas,974 Wills,1966-09-22
crmid:1339267275,athene1865@yahoo.com,Andrea,Parsons,,494-047-0212,Nashua,United States,41031,South Dakota,905 Santa Clara,1995-07-08
crmid:7114025211,affenpinscher1834@live.com,Dione,Poole,female,616-751-0221,Duncanville,United States,14061,Rhode Island,1036 Second,1956-03-23
crmid:6085388218,strifes1831@yandex.com,Garnett,Andrews,female,324-319-5407,East Cleveland,United States,10250,Connecticut,901 Kissling,1957-03-01
crmid:2684561388,periangioma1884@outlook.com,Sol,Howard,male,725-053-1812,Arcadia,United States,55562,Oklahoma,1150 Fuente,1933-09-15
crmid:3761734586,redissolubleness1815@yahoo.com,Cammy,Ingram,female,893-751-2203,Eastlake,United States,03089,Mississippi,828 Hidalgo,1957-02-15
crmid:5673350247,clarin1854@yahoo.com,Tran,Bell,female,815-985-0467,Coon Rapids,United States,70398,Florida,1343 Wayne,1950-12-17
crmid:4559523548,branchful1957@yahoo.com,Earlean,Bolton,female,100-990-5562,Pittsburg,United States,20648,Nevada,1134 Ardath,1957-03-03
crmid:3543225891,hiding1920@yahoo.com,Carroll,Copeland,male,931-735-8743,Tacoma,United States,10392,Idaho,707 Cielito,1945-02-07
crmid:3595636047,drumline1812@gmail.com,Gracia,Melendez,female,546-575-0295,Newnan,United States,98960,Pennsylvania,1110 Ash,1997-04-06
crmid:7825159972,cames1817@outlook.com,Jerome,Stevenson,male,631-877-6029,Whitehall,United States,70870,Texas,315 Mill,1936-05-28
crmid:3425615893,billiards1840@yahoo.com,Columbus,Soto,male,419-641-7077,Cedar Rapids,United States,17685,Florida,1310 Richard Henry Dana,1945-02-27
crmid:2522796853,erena1943@yandex.com,Clora,Kramer,female,955-286-6274,Copperas Cove,United States,65229,Ohio,1218 Wright,1950-11-03
crmid:9596379302,proletarianised1891@live.com,Genevive,Wright,female,244-263-4048,Santa Paula,United States,15144,Alaska,945 Latona,1951-11-19
crmid:9411753444,badger1886@yahoo.com,Barrett,Mclaughlin,,091-721-2825,Moscow,United States,42852,Rhode Island,1329 Emerson,1993-08-30
crmid:5798849226,andalusite1882@yandex.com,Kirstie,Molina,female,892-778-0752,Saratoga,United States,26261,Tennessee,490 Gilbert,1957-05-20
crmid:7840134556,betaking2051@outlook.com,Cedric,Osborne,,196-684-3612,Garden Grove,United States,06054,Florida,921 Congdon,1965-01-02
crmid:9458313887,unmentionability1977@outlook.com,Bob,Mullen,male,810-311-6440,Willmar,United States,00853,Minnesota,1354 Copper,1940-10-02
crmid:2828229623,abominable1822@outlook.com,Isaac,Trujillo,,420-116-1549,Yuba City,United States,30687,Alabama,256 Beaver,1972-12-03
crmid:2379650123,beswick1871@yahoo.com,Catheryn,Mccarty,female,589-854-9933,Cookeville,United States,06252,Maine,1047 Cashmere,1950-02-19
crmid:9711397407,esclavage1851@live.com,Rocco,Jensen,,426-430-9154,Redlands,United States,86264,Ohio,1027 Christmas Tree Point,1969-11-18
crmid:1872373960,freemen1803@outlook.com,Kamilah,Ingram,female,708-649-5385,Myrtle Beach,United States,71285,Montana,64 Myrtle,1995-12-27
