id,crmid,propensity_score_credit_cards,suggested_credit_card,propensity_score_loan,suggested_loan
daaca100-492c-11ea-aeeb-b88a60e194fb-1-ps,crmid:4230111326,3,Platinum Card,6,Business Loan
daad654c-492c-11ea-9019-b88a60e194fb-1-ps,crmid:7849936922,5,Rewards Card,3,Business Loan
daae75fa-492c-11ea-8f6a-b88a60e194fb-1-ps,crmid:1697920208,4,Student Card,3,Auto Loan
daaf88b0-492c-11ea-9019-b88a60e194fb-1-ps,crmid:2483462796,4,Student Card,3,Auto Loan
dab072f0-492c-11ea-b7f9-b88a60e194fb-1-ps,crmid:1656395718,2,Dividend Card,2,Business Loan
dab1aa18-492c-11ea-8ad7-b88a60e194fb-1-ps,crmid:5730146031,3,Business Card,4,Auto Loan
dab29488-492c-11ea-a89c-b88a60e194fb-1-ps,crmid:5344689156,2,Platinum Card,9,Business Loan
dab3a75e-492c-11ea-80a7-b88a60e194fb-1-ps,crmid:9761173773,7,Rewards Card,3,Personal Loan
dab553ba-492c-11ea-aa5a-b88a60e194fb-1-ps,crmid:2065505850,5,Platinum Card,4,Student Loan
dab616f4-492c-11ea-8014-b88a60e194fb-1-ps,crmid:6659819337,3,Dividend Card,3,Auto Loan
db595bcc-492c-11ea-918d-b88a60e194fb-1-ps,crmid:3179731723,3,Rewards Card,5,Business Loan
db5a6d4c-492c-11ea-aba8-b88a60e194fb-1-ps,crmid:8129028259,4,Dividend Card,8,Auto Loan
db5b5654-492c-11ea-981d-b88a60e194fb-1-ps,crmid:5535524577,5,Dividend Card,4,Personal Loan
db5c8eb6-492c-11ea-868d-b88a60e194fb-1-ps,crmid:7042661721,4,Student Card,2,Auto Loan
db5d7a7a-492c-11ea-acae-b88a60e194fb-1-ps,crmid:7301673060,2,Rewards Card,4,Student Loan
db5e64ba-492c-11ea-9996-b88a60e194fb-1-ps,crmid:3067292843,5,Dividend Card,6,Student Loan
db5f74ee-492c-11ea-ad9a-b88a60e194fb-1-ps,crmid:7813857145,4,Student Card,2,Business Loan
db6060c0-492c-11ea-8a7d-b88a60e194fb-1-ps,crmid:9315435435,6,Dividend Card,5,Auto Loan
db6149ae-492c-11ea-a9a6-b88a60e194fb-1-ps,crmid:2887310458,5,Travel Card,5,Student Loan
db625aec-492c-11ea-b576-b88a60e194fb-1-ps,crmid:7941866908,3,Travel Card,4,Auto Loan
db634566-492c-11ea-b399-b88a60e194fb-1-ps,crmid:5460047586,2,Student Card,4,Auto Loan
dc0bba3a-492c-11ea-aafd-b88a60e194fb-1-ps,crmid:9276090718,3,Simplicity Card,10,Personal Loan
dc0ccbe8-492c-11ea-873b-b88a60e194fb-1-ps,crmid:7005804770,5,Simplicity Card,3,Personal Loan
dc0f6278-492c-11ea-898d-b88a60e194fb-1-ps,crmid:3743642100,5,Student Card,4,Personal Loan
dc104cde-492c-11ea-9c13-b88a60e194fb-1-ps,crmid:3063961827,4,Student Card,4,Business Loan
dc111024-492c-11ea-921c-b88a60e194fb-1-ps,crmid:1713794398,5,Simplicity Card,4,Personal Loan
dc122170-492c-11ea-ba52-b88a60e194fb-1-ps,crmid:5516939227,4,Student Card,3,Auto Loan
dc130bc2-492c-11ea-ab7a-b88a60e194fb-1-ps,crmid:4871312807,5,Travel Card,5,Personal Loan
dc13f630-492c-11ea-837b-b88a60e194fb-1-ps,crmid:7669685092,4,Rewards Card,8,Student Loan
dc14e086-492c-11ea-a178-b88a60e194fb-1-ps,crmid:6597955667,3,Platinum Card,4,Auto Loan
dc15cae2-492c-11ea-8b6b-b88a60e194fb-1-ps,crmid:1923202679,4,Travel Card,2,Student Loan
dc1704e4-492c-11ea-b051-b88a60e194fb-1-ps,crmid:4019513904,6,Student Card,3,Personal Loan
dc17edbe-492c-11ea-928b-b88a60e194fb-1-ps,crmid:6646121506,5,Student Card,7,Auto Loan
dcbfedca-492c-11ea-b506-b88a60e194fb-1-ps,crmid:2212108905,4,Travel Card,5,Business Loan
dcc0fdda-492c-11ea-aa58-b88a60e194fb-1-ps,crmid:7100886977,4,Student Card,8,Personal Loan
dcc1e82c-492c-11ea-bf35-b88a60e194fb-1-ps,crmid:3028632819,4,Platinum Card,4,Auto Loan
dcc2ab6c-492c-11ea-9261-b88a60e194fb-1-ps,crmid:1495997602,3,Platinum Card,3,Auto Loan
dcc395d8-492c-11ea-a0ab-b88a60e194fb-1-ps,crmid:2453025694,3,Platinum Card,3,Student Loan
dcc4ce40-492c-11ea-94f1-b88a60e194fb-1-ps,crmid:9881441646,5,Travel Card,5,Personal Loan
dcc5e0f0-492c-11ea-a64e-b88a60e194fb-1-ps,crmid:3682683243,5,Platinum Card,4,Business Loan
dcc6ca62-492c-11ea-9d92-b88a60e194fb-1-ps,crmid:6303192897,3,Platinum Card,8,Personal Loan
dcc7b566-492c-11ea-882d-b88a60e194fb-1-ps,crmid:2605245591,4,Business Card,6,Business Loan
dcc878a4-492c-11ea-aa6b-b88a60e194fb-1-ps,crmid:7406760461,3,Business Card,5,Personal Loan
dcc9b174-492c-11ea-859b-b88a60e194fb-1-ps,crmid:3228656574,5,Travel Card,5,Personal Loan
dd6be3a6-492c-11ea-b183-b88a60e194fb-1-ps,crmid:5507856100,9,Dividend Card,4,Personal Loan
dd6cce18-492c-11ea-b898-b88a60e194fb-1-ps,crmid:9598643339,4,Simplicity Card,4,Auto Loan
dd6e066e-492c-11ea-812a-b88a60e194fb-1-ps,crmid:8575734024,4,Travel Card,2,Business Loan
dd6f1664-492c-11ea-a96a-b88a60e194fb-1-ps,crmid:4977029293,5,Rewards Card,6,Student Loan
dd6fd9ae-492c-11ea-9933-b88a60e194fb-1-ps,crmid:5165099731,4,Rewards Card,3,Business Loan
dd70c412-492c-11ea-909e-b88a60e194fb-1-ps,crmid:4612318078,5,Travel Card,5,Personal Loan
dd71ae6c-492c-11ea-add4-b88a60e194fb-1-ps,crmid:4607903663,4,Platinum Card,3,Auto Loan
dd72c010-492c-11ea-af45-b88a60e194fb-1-ps,crmid:4829761853,5,Travel Card,4,Personal Loan
dd73d198-492c-11ea-992e-b88a60e194fb-1-ps,crmid:2930154606,3,Business Card,3,Business Loan
dd74bd0a-492c-11ea-9950-b88a60e194fb-1-ps,crmid:7232808147,4,Dividend Card,5,Student Loan
dd75a774-492c-11ea-9f65-b88a60e194fb-1-ps,crmid:4368612704,4,Platinum Card,3,Auto Loan
dd769082-492c-11ea-95b4-b88a60e194fb-1-ps,crmid:4199947383,5,Travel Card,4,Personal Loan
de1a2346-492c-11ea-b1f5-b88a60e194fb-1-ps,crmid:5131264246,2,Rewards Card,5,Auto Loan
de1b5ab6-492c-11ea-86e7-b88a60e194fb-1-ps,crmid:9309498678,4,Business Card,5,Auto Loan
de1c4630-492c-11ea-b142-b88a60e194fb-1-ps,crmid:3523850807,4,Simplicity Card,3,Business Loan
de1d30d2-492c-11ea-822c-b88a60e194fb-1-ps,crmid:6924953309,5,Business Card,4,Personal Loan
de1df280-492c-11ea-9a15-b88a60e194fb-1-ps,crmid:7542549105,3,Business Card,2,Personal Loan
de1f2b28-492c-11ea-a80d-b88a60e194fb-1-ps,crmid:8943391214,5,Dividend Card,2,Business Loan
de1fefbe-492c-11ea-b19f-b88a60e194fb-1-ps,crmid:1046578945,3,Simplicity Card,4,Personal Loan
de2126f4-492c-11ea-96fc-b88a60e194fb-1-ps,crmid:2058106275,5,Dividend Card,5,Personal Loan
de22129a-492c-11ea-9d89-b88a60e194fb-1-ps,crmid:4132358050,4,Platinum Card,5,Personal Loan
de22d49e-492c-11ea-9aec-b88a60e194fb-1-ps,crmid:8233226412,3,Rewards Card,5,Business Loan
de23e76e-492c-11ea-9969-b88a60e194fb-1-ps,crmid:9575312840,4,Travel Card,5,Personal Loan
de24d1ac-492c-11ea-854f-b88a60e194fb-1-ps,crmid:8916213539,4,Travel Card,3,Business Loan
decad318-492c-11ea-bd93-b88a60e194fb-1-ps,crmid:8477261457,6,Dividend Card,4,Student Loan
decc0ba8-492c-11ea-8473-b88a60e194fb-1-ps,crmid:7353984277,4,Student Card,5,Personal Loan
decd443a-492c-11ea-a9b9-b88a60e194fb-1-ps,crmid:2028966031,6,Simplicity Card,4,Auto Loan
dece2e36-492c-11ea-bf0b-b88a60e194fb-1-ps,crmid:6229596231,2,Simplicity Card,6,Auto Loan
decf3fd2-492c-11ea-ad34-b88a60e194fb-1-ps,crmid:8562774432,4,Student Card,3,Student Loan
ded05292-492c-11ea-8942-b88a60e194fb-1-ps,crmid:1514302400,5,Dividend Card,2,Business Loan
ded162be-492c-11ea-90ec-b88a60e194fb-1-ps,crmid:7129750468,9,Business Card,4,Business Loan
ded24e28-492c-11ea-b922-b88a60e194fb-1-ps,crmid:1244622487,3,Rewards Card,7,Student Loan
ded33768-492c-11ea-ae68-b88a60e194fb-1-ps,crmid:4163585414,4,Business Card,5,Auto Loan
ded421ca-492c-11ea-aacd-b88a60e194fb-1-ps,crmid:9211346723,4,Simplicity Card,4,Student Loan
ded50c2c-492c-11ea-84f2-b88a60e194fb-1-ps,crmid:5523440501,3,Dividend Card,4,Personal Loan
ded61ddc-492c-11ea-9be0-b88a60e194fb-1-ps,crmid:5376590152,5,Platinum Card,3,Personal Loan
df819e6e-492c-11ea-8100-b88a60e194fb-1-ps,crmid:6364764433,4,Rewards Card,3,Personal Loan
df82afdc-492c-11ea-aaca-b88a60e194fb-1-ps,crmid:9491631797,4,Rewards Card,3,Student Loan
df839a3a-492c-11ea-b764-b88a60e194fb-1-ps,crmid:4877662702,3,Rewards Card,2,Personal Loan
df84d406-492c-11ea-be30-b88a60e194fb-1-ps,crmid:2456071111,5,Business Card,5,Personal Loan
df85be46-492c-11ea-9f18-b88a60e194fb-1-ps,crmid:5320389573,3,Travel Card,6,Auto Loan
df86a762-492c-11ea-bace-b88a60e194fb-1-ps,crmid:7757333603,7,Travel Card,2,Auto Loan
df8791c0-492c-11ea-806c-b88a60e194fb-1-ps,crmid:1888515899,3,Student Card,5,Business Loan
df887d28-492c-11ea-9e7d-b88a60e194fb-1-ps,crmid:6925055217,4,Rewards Card,4,Personal Loan
df89dcf4-492c-11ea-8b13-b88a60e194fb-1-ps,crmid:1132639775,5,Dividend Card,4,Personal Loan
df8ac61e-492c-11ea-9d4c-b88a60e194fb-1-ps,crmid:7536398980,4,Student Card,5,Personal Loan
df8bd788-492c-11ea-bbce-b88a60e194fb-1-ps,crmid:7044731877,2,Platinum Card,4,Auto Loan
df8cc1d0-492c-11ea-a64f-b88a60e194fb-1-ps,crmid:4057358434,6,Travel Card,3,Student Loan
e0349a7a-492c-11ea-a38c-b88a60e194fb-1-ps,crmid:6951545951,2,Travel Card,4,Personal Loan
e03584c8-492c-11ea-9ba4-b88a60e194fb-1-ps,crmid:2718351096,5,Dividend Card,4,Student Loan
e0366dec-492c-11ea-92e0-b88a60e194fb-1-ps,crmid:6020129276,3,Simplicity Card,3,Business Loan
e037325c-492c-11ea-acc6-b88a60e194fb-1-ps,crmid:2759952713,3,Simplicity Card,3,Personal Loan
e0381cd4-492c-11ea-8bcc-b88a60e194fb-1-ps,crmid:2497693469,5,Student Card,8,Personal Loan
e038dec8-492c-11ea-8179-b88a60e194fb-1-ps,crmid:9346558989,4,Simplicity Card,4,Personal Loan
e039c91e-492c-11ea-acf7-b88a60e194fb-1-ps,crmid:3371788483,4,Student Card,5,Business Loan
e03ab3f8-492c-11ea-88d9-b88a60e194fb-1-ps,crmid:1111778991,3,Dividend Card,6,Business Loan
e03b9f22-492c-11ea-852e-b88a60e194fb-1-ps,crmid:9669495513,3,Dividend Card,4,Personal Loan
e03c629a-492c-11ea-bf43-b88a60e194fb-1-ps,crmid:3161880976,4,Simplicity Card,4,Business Loan
e03d4c90-492c-11ea-8e06-b88a60e194fb-1-ps,crmid:2645050370,3,Simplicity Card,3,Student Loan
e03eaba4-492c-11ea-a496-b88a60e194fb-1-ps,crmid:8784220433,5,Business Card,5,Auto Loan
e0e41168-492c-11ea-8463-b88a60e194fb-1-ps,crmid:2928360733,4,Student Card,4,Personal Loan
e0e54b4c-492c-11ea-93dc-b88a60e194fb-1-ps,crmid:7158098365,7,Business Card,3,Business Loan
e0e6a992-492c-11ea-b4cd-b88a60e194fb-1-ps,crmid:1257501537,4,Travel Card,3,Personal Loan
e0e7bae4-492c-11ea-b5fa-b88a60e194fb-1-ps,crmid:3195685400,5,Platinum Card,3,Personal Loan
e0e8a540-492c-11ea-8a1f-b88a60e194fb-1-ps,crmid:4098264926,9,Platinum Card,5,Business Loan
e0e9b6ae-492c-11ea-bf22-b88a60e194fb-1-ps,crmid:3846205398,6,Business Card,4,Personal Loan
e0eaa266-492c-11ea-87de-b88a60e194fb-1-ps,crmid:6027942485,8,Simplicity Card,2,Auto Loan
e0eb6482-492c-11ea-80e3-b88a60e194fb-1-ps,crmid:3807767614,7,Travel Card,5,Personal Loan
e0ec76a6-492c-11ea-a9a7-b88a60e194fb-1-ps,crmid:8943391214,4,Travel Card,3,Auto Loan
e0ed603e-492c-11ea-9521-b88a60e194fb-1-ps,crmid:4037968398,4,Platinum Card,3,Business Loan
e0ee4b1c-492c-11ea-a641-b88a60e194fb-1-ps,crmid:1132639775,9,Simplicity Card,5,Student Loan
e0ef5bec-492c-11ea-a297-b88a60e194fb-1-ps,crmid:2335139784,4,Rewards Card,4,Student Loan
e19d9c06-492c-11ea-88c4-b88a60e194fb-1-ps,crmid:7559512749,4,Simplicity Card,3,Personal Loan
e19e87c8-492c-11ea-8c1d-b88a60e194fb-1-ps,crmid:5586784095,3,Travel Card,4,Business Loan
e19f70b8-492c-11ea-8858-b88a60e194fb-1-ps,crmid:2457269862,3,Rewards Card,4,Personal Loan
e1a0a950-492c-11ea-9030-b88a60e194fb-1-ps,crmid:5981155552,4,Travel Card,8,Auto Loan
e1a1bbe6-492c-11ea-8f82-b88a60e194fb-1-ps,crmid:2433102083,4,Student Card,4,Personal Loan
e1a2a5cc-492c-11ea-a37b-b88a60e194fb-1-ps,crmid:6567745358,6,Travel Card,3,Business Loan
e1a3dd88-492c-11ea-9016-b88a60e194fb-1-ps,crmid:3864709275,4,Student Card,2,Business Loan
e1a4a0d2-492c-11ea-89e3-b88a60e194fb-1-ps,crmid:2605245591,5,Business Card,4,Student Loan
e1a58b24-492c-11ea-bd72-b88a60e194fb-1-ps,crmid:5011376078,4,Student Card,3,Auto Loan
e1a6c4f6-492c-11ea-8a54-b88a60e194fb-1-ps,crmid:3396057304,4,Simplicity Card,5,Auto Loan
e1a7d61a-492c-11ea-91b8-b88a60e194fb-1-ps,crmid:1771610730,3,Travel Card,3,Auto Loan
e1a8e7be-492c-11ea-8de5-b88a60e194fb-1-ps,crmid:9860675793,5,Platinum Card,5,Personal Loan
e24c2a1a-492c-11ea-86b9-b88a60e194fb-1-ps,crmid:5753845073,4,Simplicity Card,3,Personal Loan
e24d146c-492c-11ea-9c9d-b88a60e194fb-1-ps,crmid:9546841670,3,Student Card,5,Personal Loan
e24e25f0-492c-11ea-9c94-b88a60e194fb-1-ps,crmid:1404091595,3,Simplicity Card,4,Auto Loan
e24f1036-492c-11ea-891d-b88a60e194fb-1-ps,crmid:3031745470,5,Platinum Card,7,Personal Loan
e24fd49e-492c-11ea-a104-b88a60e194fb-1-ps,crmid:8408827670,5,Dividend Card,4,Student Loan
e250980c-492c-11ea-b046-b88a60e194fb-1-ps,crmid:1526304266,7,Student Card,4,Student Loan
e251aa1e-492c-11ea-897e-b88a60e194fb-1-ps,crmid:1456039280,4,Business Card,4,Auto Loan
e252928a-492c-11ea-9b20-b88a60e194fb-1-ps,crmid:7403741368,3,Platinum Card,2,Auto Loan
e2537dae-492c-11ea-97f9-b88a60e194fb-1-ps,crmid:3188825397,3,Simplicity Card,6,Auto Loan
e254b562-492c-11ea-898f-b88a60e194fb-1-ps,crmid:1558038906,3,Rewards Card,3,Personal Loan
e2557ac0-492c-11ea-b8c4-b88a60e194fb-1-ps,crmid:7293804816,5,Platinum Card,8,Personal Loan
e2568a1a-492c-11ea-b406-b88a60e194fb-1-ps,crmid:4929537528,4,Business Card,4,Personal Loan
e2fd5014-492c-11ea-a2f8-b88a60e194fb-1-ps,crmid:8303849356,4,Dividend Card,4,Personal Loan
e2fe3c5c-492c-11ea-a83e-b88a60e194fb-1-ps,crmid:1392007233,4,Platinum Card,4,Personal Loan
e2ff24c8-492c-11ea-946e-b88a60e194fb-1-ps,crmid:9479599518,3,Platinum Card,5,Auto Loan
e2ffe808-492c-11ea-bb40-b88a60e194fb-1-ps,crmid:3980804683,5,Travel Card,4,Business Loan
e300d3ae-492c-11ea-b705-b88a60e194fb-1-ps,crmid:2335512246,3,Platinum Card,3,Personal Loan
e301e3ba-492c-11ea-bdda-b88a60e194fb-1-ps,crmid:5001086801,4,Simplicity Card,3,Personal Loan
e302cf24-492c-11ea-9fbd-b88a60e194fb-1-ps,crmid:9038988389,3,Platinum Card,3,Student Loan
e30392d2-492c-11ea-ad81-b88a60e194fb-1-ps,crmid:7394815442,2,Travel Card,5,Personal Loan
e304a418-492c-11ea-ab07-b88a60e194fb-1-ps,crmid:4715588035,3,Rewards Card,4,Student Loan
e3056786-492c-11ea-a5e3-b88a60e194fb-1-ps,crmid:6446850279,4,Business Card,4,Personal Loan
e30650c2-492c-11ea-8f97-b88a60e194fb-1-ps,crmid:9576874732,8,Dividend Card,3,Student Loan
e3073c18-492c-11ea-8bf2-b88a60e194fb-1-ps,crmid:8061462475,5,Platinum Card,4,Student Loan
e3acf09e-492c-11ea-b240-b88a60e194fb-1-ps,crmid:1134752173,4,Business Card,4,Auto Loan
e3ae00ca-492c-11ea-b3f4-b88a60e194fb-1-ps,crmid:8451281334,4,Platinum Card,2,Personal Loan
e3aeeb24-492c-11ea-b9c6-b88a60e194fb-1-ps,crmid:8303849356,5,Simplicity Card,4,Personal Loan
e3afd578-492c-11ea-b1b8-b88a60e194fb-1-ps,crmid:7077585009,4,Simplicity Card,4,Student Loan
e3b0bfec-492c-11ea-b8c7-b88a60e194fb-1-ps,crmid:2643843471,4,Dividend Card,4,Personal Loan
e3b1aa40-492c-11ea-932f-b88a60e194fb-1-ps,crmid:1876301013,3,Business Card,4,Personal Loan
e3b2e2ba-492c-11ea-b760-b88a60e194fb-1-ps,crmid:2781516704,5,Rewards Card,5,Personal Loan
e3b3cd18-492c-11ea-93ca-b88a60e194fb-1-ps,crmid:6917785311,3,Student Card,5,Student Loan
e3b4b774-492c-11ea-9f7b-b88a60e194fb-1-ps,crmid:1366784950,4,Travel Card,5,Personal Loan
e3b5c8f8-492c-11ea-bcd7-b88a60e194fb-1-ps,crmid:6567603427,3,Rewards Card,4,Personal Loan
e3b6b400-492c-11ea-b922-b88a60e194fb-1-ps,crmid:9596379302,4,Platinum Card,5,Business Loan
e3b7ebc0-492c-11ea-b3ac-b88a60e194fb-1-ps,crmid:4992711941,4,Business Card,4,Personal Loan
e3b8af0a-492c-11ea-8021-b88a60e194fb-1-ps,crmid:2473437701,5,Platinum Card,3,Auto Loan
e46fa18a-492c-11ea-93db-b88a60e194fb-1-ps,crmid:5553840496,3,Travel Card,5,Personal Loan
e4714f38-492c-11ea-a575-b88a60e194fb-1-ps,crmid:9560007003,5,Travel Card,8,Auto Loan
e472d5f0-492c-11ea-a416-b88a60e194fb-1-ps,crmid:2532686103,4,Business Card,6,Student Loan
e4740e4c-492c-11ea-89db-b88a60e194fb-1-ps,crmid:7431130482,4,Travel Card,4,Personal Loan
e475bc28-492c-11ea-94b8-b88a60e194fb-1-ps,crmid:3949170484,4,Simplicity Card,5,Business Loan
e476cd7a-492c-11ea-84db-b88a60e194fb-1-ps,crmid:4572030034,3,Simplicity Card,4,Business Loan
e4782cf0-492c-11ea-9dac-b88a60e194fb-1-ps,crmid:1942464128,4,Simplicity Card,3,Business Loan
e4798c9a-492c-11ea-9385-b88a60e194fb-1-ps,crmid:2170435811,5,Dividend Card,3,Student Loan
e47b8854-492c-11ea-aec6-b88a60e194fb-1-ps,crmid:9385084673,3,Platinum Card,2,Business Loan
e47dab36-492c-11ea-b327-b88a60e194fb-1-ps,crmid:4001847711,2,Platinum Card,3,Personal Loan
e47ee3b0-492c-11ea-96de-b88a60e194fb-1-ps,crmid:8745402400,4,Simplicity Card,6,Personal Loan
e548c1ac-492c-11ea-be96-b88a60e194fb-1-ps,crmid:4559523548,5,Travel Card,3,Student Loan
e54984f8-492c-11ea-824a-b88a60e194fb-1-ps,crmid:5803857058,5,Simplicity Card,4,Student Loan
e54a6f88-492c-11ea-9384-b88a60e194fb-1-ps,crmid:2528416096,9,Platinum Card,5,Auto Loan
e54b80a2-492c-11ea-b8aa-b88a60e194fb-1-ps,crmid:2351695969,6,Dividend Card,4,Auto Loan
e54c6af6-492c-11ea-b4cf-b88a60e194fb-1-ps,crmid:3931134074,10,Business Card,5,Business Loan
e54d7de4-492c-11ea-a3df-b88a60e194fb-1-ps,crmid:4949784796,5,Business Card,5,Auto Loan
e54e66dc-492c-11ea-87c1-b88a60e194fb-1-ps,crmid:8920127688,5,Platinum Card,6,Personal Loan
e54f2b88-492c-11ea-a598-b88a60e194fb-1-ps,crmid:4597211886,2,Platinum Card,5,Personal Loan
e550149a-492c-11ea-80b2-b88a60e194fb-1-ps,crmid:3710880653,4,Dividend Card,4,Auto Loan
e551260a-492c-11ea-8b6f-b88a60e194fb-1-ps,crmid:2575774650,5,Simplicity Card,5,Personal Loan
e5523774-492c-11ea-8320-b88a60e194fb-1-ps,crmid:3461046903,7,Student Card,4,Personal Loan
e553977a-492c-11ea-9256-b88a60e194fb-1-ps,crmid:4512884803,4,Rewards Card,5,Personal Loan
e61585da-492c-11ea-b534-b88a60e194fb-1-ps,crmid:8679450089,6,Simplicity Card,5,Auto Loan
e616e686-492c-11ea-8dd9-b88a60e194fb-1-ps,crmid:1740489326,5,Simplicity Card,7,Business Loan
e617f6cc-492c-11ea-af63-b88a60e194fb-1-ps,crmid:1194089502,4,Simplicity Card,5,Auto Loan
e6195682-492c-11ea-9f28-b88a60e194fb-1-ps,crmid:9487441787,4,Dividend Card,5,Business Loan
e61a40a4-492c-11ea-8ecd-b88a60e194fb-1-ps,crmid:1083567577,5,Platinum Card,4,Business Loan
e61b5228-492c-11ea-a94e-b88a60e194fb-1-ps,crmid:3374575262,3,Simplicity Card,4,Personal Loan
e61c6390-492c-11ea-8223-b88a60e194fb-1-ps,crmid:4945354537,4,Simplicity Card,2,Auto Loan
e61d26b6-492c-11ea-9833-b88a60e194fb-1-ps,crmid:3949170484,1,Business Card,5,Auto Loan
e61e3836-492c-11ea-9c62-b88a60e194fb-1-ps,crmid:2450214039,4,Rewards Card,4,Business Loan
e61f228c-492c-11ea-8bbb-b88a60e194fb-1-ps,crmid:2461209781,4,Platinum Card,2,Business Loan
e61fe600-492c-11ea-8009-b88a60e194fb-1-ps,crmid:4824262050,3,Platinum Card,4,Auto Loan
e620f76c-492c-11ea-a505-b88a60e194fb-1-ps,crmid:5358700956,2,Simplicity Card,3,Business Loan
e6dec78a-492c-11ea-a6a1-b88a60e194fb-1-ps,crmid:2287011366,10,Student Card,4,Personal Loan
e6e0000a-492c-11ea-bf00-b88a60e194fb-1-ps,crmid:8570732657,3,Simplicity Card,3,Personal Loan
e6e11174-492c-11ea-81fa-b88a60e194fb-1-ps,crmid:5905685987,3,Platinum Card,4,Auto Loan
e6e2980a-492c-11ea-9de8-b88a60e194fb-1-ps,crmid:4364619675,4,Platinum Card,6,Auto Loan
e6e41e9c-492c-11ea-a65e-b88a60e194fb-1-ps,crmid:6012362576,3,Simplicity Card,5,Auto Loan
e6e5a5d4-492c-11ea-a8f1-b88a60e194fb-1-ps,crmid:2394835971,3,Rewards Card,4,Student Loan
e6e6ddd8-492c-11ea-89ae-b88a60e194fb-1-ps,crmid:7414297109,3,Dividend Card,3,Personal Loan
e6e7ef2c-492c-11ea-b162-b88a60e194fb-1-ps,crmid:1319915056,3,Student Card,2,Business Loan
e6e927b8-492c-11ea-a27d-b88a60e194fb-1-ps,crmid:9597638335,4,Platinum Card,4,Personal Loan
e6ea3928-492c-11ea-96bd-b88a60e194fb-1-ps,crmid:2275542714,3,Business Card,3,Business Loan
e6eb238c-492c-11ea-8e56-b88a60e194fb-1-ps,crmid:6742983017,4,Dividend Card,2,Auto Loan
e6ec34fe-492c-11ea-af7f-b88a60e194fb-1-ps,crmid:9997596390,7,Travel Card,4,Personal Loan
e7ab3d80-492c-11ea-a9ab-b88a60e194fb-1-ps,crmid:8079369031,4,Business Card,4,Business Loan
e7ac27c8-492c-11ea-88e4-b88a60e194fb-1-ps,crmid:4031522222,5,Business Card,2,Business Loan
e7ad3948-492c-11ea-b482-b88a60e194fb-1-ps,crmid:3360639687,4,Rewards Card,2,Personal Loan
e7ae98ec-492c-11ea-96e5-b88a60e194fb-1-ps,crmid:9129736843,3,Rewards Card,4,Business Loan
e7af837e-492c-11ea-a042-b88a60e194fb-1-ps,crmid:7261683559,4,Platinum Card,3,Personal Loan
e7b094c2-492c-11ea-a69f-b88a60e194fb-1-ps,crmid:3066113708,6,Platinum Card,3,Auto Loan
e7b1ce9e-492c-11ea-ab29-b88a60e194fb-1-ps,crmid:9839440487,5,Travel Card,3,Auto Loan
e7b2b76c-492c-11ea-a420-b88a60e194fb-1-ps,crmid:8615090367,4,Travel Card,4,Student Loan
e7b3a1d2-492c-11ea-8bea-b88a60e194fb-1-ps,crmid:5705546654,4,Platinum Card,4,Personal Loan
e7b46522-492c-11ea-96e4-b88a60e194fb-1-ps,crmid:5275623823,2,Business Card,6,Student Loan
e7b5769c-492c-11ea-9fc6-b88a60e194fb-1-ps,crmid:6569627431,3,Dividend Card,3,Business Loan
e7b68806-492c-11ea-b9f4-b88a60e194fb-1-ps,crmid:1297595434,4,Travel Card,4,Auto Loan
e8703ac0-492c-11ea-9d68-b88a60e194fb-1-ps,crmid:9868896482,3,Platinum Card,4,Business Loan
e871722e-492c-11ea-a474-b88a60e194fb-1-ps,crmid:4738381410,4,Travel Card,4,Auto Loan
e8725c52-492c-11ea-96a7-b88a60e194fb-1-ps,crmid:6702556455,5,Travel Card,4,Personal Loan
e8736dc6-492c-11ea-8bf9-b88a60e194fb-1-ps,crmid:9488753420,4,Travel Card,4,Auto Loan
e8747f24-492c-11ea-a975-b88a60e194fb-1-ps,crmid:6293870117,4,Platinum Card,4,Personal Loan
e8756980-492c-11ea-b99c-b88a60e194fb-1-ps,crmid:2335302947,3,Rewards Card,5,Personal Loan
e8767b7a-492c-11ea-86f6-b88a60e194fb-1-ps,crmid:9032511401,4,Rewards Card,4,Business Loan
e8776558-492c-11ea-9867-b88a60e194fb-1-ps,crmid:6257168224,5,Rewards Card,3,Business Loan
e8789dde-492c-11ea-842b-b88a60e194fb-1-ps,crmid:7612070486,4,Dividend Card,8,Student Loan
e879af4a-492c-11ea-9d80-b88a60e194fb-1-ps,crmid:2090902727,4,Travel Card,3,Personal Loan
e87a7286-492c-11ea-ab1c-b88a60e194fb-1-ps,crmid:3602219797,4,Business Card,4,Student Loan
e87b83fe-492c-11ea-baf3-b88a60e194fb-1-ps,crmid:4157210440,3,Platinum Card,5,Student Loan
e92bc0f0-492c-11ea-9c3c-b88a60e194fb-1-ps,crmid:5127413888,3,Dividend Card,5,Auto Loan
e92cab36-492c-11ea-b2c5-b88a60e194fb-1-ps,crmid:2979738623,4,Simplicity Card,4,Auto Loan
e92d6e64-492c-11ea-a572-b88a60e194fb-1-ps,crmid:4258437547,4,Simplicity Card,2,Auto Loan
e92ecd02-492c-11ea-b931-b88a60e194fb-1-ps,crmid:3681329156,4,Business Card,3,Auto Loan
e92fb77a-492c-11ea-aeda-b88a60e194fb-1-ps,crmid:1547119407,3,Dividend Card,4,Auto Loan
e930a1ac-492c-11ea-9ce8-b88a60e194fb-1-ps,crmid:3073936390,6,Travel Card,3,Business Loan
e9318bf6-492c-11ea-b10a-b88a60e194fb-1-ps,crmid:7858187624,3,Platinum Card,8,Personal Loan
e932283a-492c-11ea-bdc4-b88a60e194fb-1-ps,crmid:2469144835,3,Travel Card,2,Auto Loan
e93339a6-492c-11ea-a910-b88a60e194fb-1-ps,crmid:7660851156,3,Travel Card,3,Auto Loan
e9347228-492c-11ea-b580-b88a60e194fb-1-ps,crmid:3895783833,4,Simplicity Card,3,Personal Loan
e93583ac-492c-11ea-bbf6-b88a60e194fb-1-ps,crmid:3943541661,9,Travel Card,4,Business Loan
e936481e-492c-11ea-9a55-b88a60e194fb-1-ps,crmid:6917743191,5,Business Card,3,Personal Loan
e9e87e64-492c-11ea-a40b-b88a60e194fb-1-ps,crmid:8025013619,3,Rewards Card,4,Personal Loan
e9e98fd8-492c-11ea-a22e-b88a60e194fb-1-ps,crmid:3672546679,3,Business Card,4,Personal Loan
e9ea7a58-492c-11ea-a6a8-b88a60e194fb-1-ps,crmid:5207195540,5,Travel Card,3,Business Loan
e9ebb400-492c-11ea-99b6-b88a60e194fb-1-ps,crmid:6619555386,5,Simplicity Card,4,Personal Loan
e9ec9d0c-492c-11ea-aa99-b88a60e194fb-1-ps,crmid:4264218415,5,Travel Card,3,Personal Loan
e9edae8a-492c-11ea-b08d-b88a60e194fb-1-ps,crmid:7658886921,5,Rewards Card,5,Student Loan
e9ee71e6-492c-11ea-bd60-b88a60e194fb-1-ps,crmid:2594473521,4,Simplicity Card,3,Personal Loan
e9ef5d7a-492c-11ea-9ec8-b88a60e194fb-1-ps,crmid:9832261249,5,Business Card,5,Student Loan
e9f0bbac-492c-11ea-88d4-b88a60e194fb-1-ps,crmid:2908555917,4,Platinum Card,4,Business Loan
e9f1cd18-492c-11ea-a7af-b88a60e194fb-1-ps,crmid:2979937482,4,Dividend Card,8,Personal Loan
e9f2b780-492c-11ea-bfec-b88a60e194fb-1-ps,crmid:3544605906,5,Dividend Card,3,Personal Loan
e9f3a1da-492c-11ea-a3bb-b88a60e194fb-1-ps,crmid:2450214039,4,Dividend Card,4,Personal Loan
eaa0f8ca-492c-11ea-9955-b88a60e194fb-1-ps,crmid:4456791728,4,Simplicity Card,2,Auto Loan
eaa20912-492c-11ea-b10c-b88a60e194fb-1-ps,crmid:9573569196,5,Student Card,2,Business Loan
eaa31a3e-492c-11ea-9959-b88a60e194fb-1-ps,crmid:6998261721,3,Dividend Card,4,Personal Loan
eaa3dd90-492c-11ea-9175-b88a60e194fb-1-ps,crmid:3633036794,5,Rewards Card,4,Auto Loan
eaa4ef34-492c-11ea-b4e0-b88a60e194fb-1-ps,crmid:5109748450,5,Rewards Card,3,Business Loan
eaa62798-492c-11ea-a4e1-b88a60e194fb-1-ps,crmid:2630950747,3,Platinum Card,3,Business Loan
eaa73a18-492c-11ea-ac6a-b88a60e194fb-1-ps,crmid:5284951944,4,Student Card,4,Auto Loan
eaa7fd42-492c-11ea-ad70-b88a60e194fb-1-ps,crmid:9808197696,4,Platinum Card,5,Business Loan
eaa8c0f0-492c-11ea-8db3-b88a60e194fb-1-ps,crmid:7886132573,5,Rewards Card,3,Business Loan
eaa9a9e8-492c-11ea-97c4-b88a60e194fb-1-ps,crmid:2886835008,3,Student Card,3,Student Loan
eaaa954c-492c-11ea-8e68-b88a60e194fb-1-ps,crmid:7298089588,2,Student Card,5,Personal Loan
eaabce06-492c-11ea-b4ac-b88a60e194fb-1-ps,crmid:2606671481,4,Platinum Card,4,Auto Loan
eb5be15a-492c-11ea-a09a-b88a60e194fb-1-ps,crmid:5257797497,5,Dividend Card,5,Business Loan
eb5cf2e4-492c-11ea-8bc3-b88a60e194fb-1-ps,crmid:1254625579,5,Platinum Card,4,Personal Loan
eb5ddd28-492c-11ea-8962-b88a60e194fb-1-ps,crmid:2688554728,3,Dividend Card,2,Personal Loan
eb5ec782-492c-11ea-9d90-b88a60e194fb-1-ps,crmid:1366784950,5,Dividend Card,3,Personal Loan
eb600006-492c-11ea-90ab-b88a60e194fb-1-ps,crmid:9618682149,4,Rewards Card,7,Auto Loan
eb60ea68-492c-11ea-9808-b88a60e194fb-1-ps,crmid:4344984636,5,Rewards Card,5,Auto Loan
eb61fbcc-492c-11ea-8702-b88a60e194fb-1-ps,crmid:3197710203,4,Student Card,4,Student Loan
eb62e628-492c-11ea-be0e-b88a60e194fb-1-ps,crmid:1574856714,4,Simplicity Card,4,Business Loan
eb63f79c-492c-11ea-b9b6-b88a60e194fb-1-ps,crmid:2204760195,8,Dividend Card,3,Auto Loan
eb650a68-492c-11ea-8cfe-b88a60e194fb-1-ps,crmid:2684977754,4,Business Card,5,Student Loan
eb65cda4-492c-11ea-98d6-b88a60e194fb-1-ps,crmid:9598856058,4,Travel Card,3,Personal Loan
eb66ddd2-492c-11ea-a60f-b88a60e194fb-1-ps,crmid:7481689504,3,Business Card,4,Personal Loan
ec1741f4-492c-11ea-9102-b88a60e194fb-1-ps,crmid:1655079991,4,Student Card,5,Auto Loan
ec191558-492c-11ea-910a-b88a60e194fb-1-ps,crmid:2248876152,5,Travel Card,4,Business Loan
ec1a4ddc-492c-11ea-a94d-b88a60e194fb-1-ps,crmid:7689532929,4,Simplicity Card,5,Personal Loan
ec1b5f30-492c-11ea-8dfd-b88a60e194fb-1-ps,crmid:8184858007,4,Travel Card,4,Business Loan
ec1c4988-492c-11ea-a928-b88a60e194fb-1-ps,crmid:2176645750,3,Dividend Card,4,Personal Loan
ec1d3406-492c-11ea-ba7a-b88a60e194fb-1-ps,crmid:3795106268,4,Dividend Card,4,Business Loan
ec1ebaa8-492c-11ea-acb1-b88a60e194fb-1-ps,crmid:4109490191,7,Business Card,3,Personal Loan
ec1fcc10-492c-11ea-81fe-b88a60e194fb-1-ps,crmid:6646380875,5,Business Card,8,Personal Loan
ec20dd68-492c-11ea-bec9-b88a60e194fb-1-ps,crmid:3459419598,1,Student Card,3,Business Loan
ec21eee4-492c-11ea-8ab6-b88a60e194fb-1-ps,crmid:4651471469,4,Simplicity Card,4,Business Loan
ec230052-492c-11ea-9034-b88a60e194fb-1-ps,crmid:9930515602,3,Student Card,3,Business Loan
ec2411c2-492c-11ea-904f-b88a60e194fb-1-ps,crmid:5345176066,4,Dividend Card,5,Personal Loan
ecd70e1a-492c-11ea-a184-b88a60e194fb-1-ps,crmid:2812467518,4,Simplicity Card,3,Auto Loan
ecd81f6c-492c-11ea-8d4b-b88a60e194fb-1-ps,crmid:5868135499,2,Platinum Card,6,Business Loan
ecd908ac-492c-11ea-810b-b88a60e194fb-1-ps,crmid:6665498779,4,Student Card,3,Business Loan
ecda19be-492c-11ea-8a17-b88a60e194fb-1-ps,crmid:5571626431,5,Platinum Card,5,Student Loan
ecdadcfa-492c-11ea-97f6-b88a60e194fb-1-ps,crmid:9680564114,5,Student Card,3,Personal Loan
ecdba050-492c-11ea-b48a-b88a60e194fb-1-ps,crmid:1127769865,3,Student Card,8,Personal Loan
ecdcffec-492c-11ea-a6bd-b88a60e194fb-1-ps,crmid:2967007681,5,Simplicity Card,5,Personal Loan
ecde8682-492c-11ea-9176-b88a60e194fb-1-ps,crmid:5129104340,5,Dividend Card,4,Student Loan
ece00d54-492c-11ea-977e-b88a60e194fb-1-ps,crmid:8668430168,5,Dividend Card,4,Auto Loan
ece16cd0-492c-11ea-9460-b88a60e194fb-1-ps,crmid:6316544599,5,Dividend Card,6,Personal Loan
ece25868-492c-11ea-97e3-b88a60e194fb-1-ps,crmid:6689868511,6,Platinum Card,5,Personal Loan
ece3418c-492c-11ea-8bd3-b88a60e194fb-1-ps,crmid:4102772793,5,Travel Card,5,Student Loan
ece4a12c-492c-11ea-b055-b88a60e194fb-1-ps,crmid:2790539494,2,Business Card,3,Personal Loan
ed972678-492c-11ea-b26b-b88a60e194fb-1-ps,crmid:1304158044,3,Travel Card,6,Auto Loan
ed981108-492c-11ea-be0f-b88a60e194fb-1-ps,crmid:5454972714,3,Rewards Card,3,Auto Loan
ed994968-492c-11ea-89f1-b88a60e194fb-1-ps,crmid:8325984454,5,Rewards Card,5,Student Loan
ed9a33d8-492c-11ea-a59d-b88a60e194fb-1-ps,crmid:9963483836,4,Business Card,4,Student Loan
ed9b9362-492c-11ea-8f6d-b88a60e194fb-1-ps,crmid:4477924780,2,Dividend Card,5,Personal Loan
ed9ccbee-492c-11ea-a32c-b88a60e194fb-1-ps,crmid:3355946504,4,Dividend Card,5,Auto Loan
ed9e044a-492c-11ea-95c7-b88a60e194fb-1-ps,crmid:6445167912,4,Travel Card,4,Auto Loan
ed9eeea6-492c-11ea-bd73-b88a60e194fb-1-ps,crmid:4481736092,3,Travel Card,3,Auto Loan
ed9fb202-492c-11ea-9aed-b88a60e194fb-1-ps,crmid:2687743924,4,Dividend Card,8,Student Loan
eda09c58-492c-11ea-b549-b88a60e194fb-1-ps,crmid:9858572348,4,Dividend Card,4,Business Loan
eda15fa2-492c-11ea-ae48-b88a60e194fb-1-ps,crmid:4494713086,4,Travel Card,3,Auto Loan
ee4cbae4-492c-11ea-894c-b88a60e194fb-1-ps,crmid:4157210440,3,Platinum Card,3,Personal Loan
ee4da53e-492c-11ea-91c3-b88a60e194fb-1-ps,crmid:6314874957,4,Rewards Card,5,Personal Loan
ee4eb554-492c-11ea-ae02-b88a60e194fb-1-ps,crmid:3073924924,3,Dividend Card,5,Personal Loan
ee4f79e4-492c-11ea-a5b1-b88a60e194fb-1-ps,crmid:3402461799,3,Simplicity Card,9,Personal Loan
ee508a06-492c-11ea-8a37-b88a60e194fb-1-ps,crmid:2110811916,4,Travel Card,4,Student Loan
ee517576-492c-11ea-8c92-b88a60e194fb-1-ps,crmid:3225907393,9,Rewards Card,3,Business Loan
ee5285ba-492c-11ea-8d50-b88a60e194fb-1-ps,crmid:7211259371,3,Student Card,3,Student Loan
ee537010-492c-11ea-a511-b88a60e194fb-1-ps,crmid:9819351348,3,Student Card,9,Business Loan
ee54335c-492c-11ea-81c7-b88a60e194fb-1-ps,crmid:7114663638,5,Platinum Card,5,Student Loan
ee556c14-492c-11ea-8d1a-b88a60e194fb-1-ps,crmid:6280988015,5,Travel Card,6,Personal Loan
ee567d50-492c-11ea-8819-b88a60e194fb-1-ps,crmid:7394654891,3,Student Card,5,Personal Loan
ee57b606-492c-11ea-bd09-b88a60e194fb-1-ps,crmid:3428662658,3,Dividend Card,6,Business Loan
ef0384d2-492c-11ea-bac2-b88a60e194fb-1-ps,crmid:3437904847,5,Business Card,4,Business Loan
ef047088-492c-11ea-9e77-b88a60e194fb-1-ps,crmid:9285186265,3,Dividend Card,6,Student Loan
ef0559ae-492c-11ea-b0c4-b88a60e194fb-1-ps,crmid:1076938331,4,Student Card,5,Personal Loan
ef061cec-492c-11ea-81f3-b88a60e194fb-1-ps,crmid:3310981244,5,Student Card,4,Personal Loan
ef07074c-492c-11ea-9f15-b88a60e194fb-1-ps,crmid:6385850640,5,Simplicity Card,3,Personal Loan
ef081a18-492c-11ea-8fac-b88a60e194fb-1-ps,crmid:8508146696,2,Student Card,3,Auto Loan
ef08dbf8-492c-11ea-82ba-b88a60e194fb-1-ps,crmid:3759338098,5,Rewards Card,8,Personal Loan
ef0a3ba8-492c-11ea-a326-b88a60e194fb-1-ps,crmid:6137127935,4,Simplicity Card,6,Student Loan
ef0b25ec-492c-11ea-9dca-b88a60e194fb-1-ps,crmid:8931440678,3,Travel Card,4,Auto Loan
ef0c389e-492c-11ea-a03e-b88a60e194fb-1-ps,crmid:5502864722,4,Simplicity Card,4,Personal Loan
ef0d48d0-492c-11ea-bd3a-b88a60e194fb-1-ps,crmid:3266459496,4,Platinum Card,4,Personal Loan
ef0e0c24-492c-11ea-b9b0-b88a60e194fb-1-ps,crmid:9046748983,5,Dividend Card,4,Personal Loan
efc23f42-492c-11ea-9dcd-b88a60e194fb-1-ps,crmid:7396364497,3,Simplicity Card,4,Business Loan
efc39edc-492c-11ea-838d-b88a60e194fb-1-ps,crmid:6543721618,3,Travel Card,5,Student Loan
efc52574-492c-11ea-a7ae-b88a60e194fb-1-ps,crmid:8911685006,3,Platinum Card,4,Personal Loan
efc65de2-492c-11ea-8810-b88a60e194fb-1-ps,crmid:5912881584,4,Business Card,4,Personal Loan
efc76f5a-492c-11ea-bebd-b88a60e194fb-1-ps,crmid:3155649347,3,Platinum Card,4,Business Loan
efc880fe-492c-11ea-9249-b88a60e194fb-1-ps,crmid:3874384648,5,Travel Card,8,Business Loan
efc96b18-492c-11ea-a4d7-b88a60e194fb-1-ps,crmid:3234125635,3,Business Card,5,Student Loan
efca7c92-492c-11ea-a666-b88a60e194fb-1-ps,crmid:7770404426,5,Platinum Card,5,Personal Loan
efcb8df8-492c-11ea-b7d3-b88a60e194fb-1-ps,crmid:8637157218,7,Rewards Card,4,Personal Loan
efcc7848-492c-11ea-b947-b88a60e194fb-1-ps,crmid:3427035843,3,Business Card,2,Personal Loan
efcd89d2-492c-11ea-9850-b88a60e194fb-1-ps,crmid:2444929828,4,Travel Card,3,Personal Loan
efce9b7e-492c-11ea-b938-b88a60e194fb-1-ps,crmid:9712795164,5,Student Card,5,Personal Loan
f07fe846-492c-11ea-818c-b88a60e194fb-1-ps,crmid:8599075912,5,Simplicity Card,2,Auto Loan
f080d2a8-492c-11ea-b53b-b88a60e194fb-1-ps,crmid:9932153188,5,Student Card,3,Auto Loan
f081e462-492c-11ea-adcf-b88a60e194fb-1-ps,crmid:6697422369,6,Rewards Card,5,Personal Loan
f082f590-492c-11ea-a427-b88a60e194fb-1-ps,crmid:1557973466,3,Travel Card,9,Auto Loan
f083e002-492c-11ea-84e7-b88a60e194fb-1-ps,crmid:9123453727,5,Student Card,5,Personal Loan
f084ca82-492c-11ea-8e82-b88a60e194fb-1-ps,crmid:9387373583,4,Platinum Card,10,Business Loan
f0860308-492c-11ea-9000-b88a60e194fb-1-ps,crmid:9899448921,4,Simplicity Card,3,Business Loan
f0890ff0-492c-11ea-b257-b88a60e194fb-1-ps,crmid:1653949167,4,Platinum Card,4,Auto Loan
f08a6f92-492c-11ea-9250-b88a60e194fb-1-ps,crmid:8980027225,4,Student Card,9,Business Loan
f08b8224-492c-11ea-8b0b-b88a60e194fb-1-ps,crmid:3855240150,2,Student Card,3,Personal Loan
f08cb9a4-492c-11ea-98c4-b88a60e194fb-1-ps,crmid:7403998085,4,Business Card,3,Personal Loan
f08dcb0c-492c-11ea-8b85-b88a60e194fb-1-ps,crmid:8307452346,5,Student Card,8,Personal Loan
f1422678-492c-11ea-926f-b88a60e194fb-1-ps,crmid:8303955076,8,Dividend Card,5,Auto Loan
f143382c-492c-11ea-92a2-b88a60e194fb-1-ps,crmid:1800448077,4,Business Card,4,Personal Loan
f144214a-492c-11ea-b097-b88a60e194fb-1-ps,crmid:1924410346,5,Platinum Card,4,Business Loan
f1450cc8-492c-11ea-b58d-b88a60e194fb-1-ps,crmid:7699031352,4,Travel Card,4,Business Loan
f145d02e-492c-11ea-b0ce-b88a60e194fb-1-ps,crmid:1492131801,4,Simplicity Card,4,Personal Loan
f146e1a4-492c-11ea-be19-b88a60e194fb-1-ps,crmid:9858572348,7,Student Card,6,Auto Loan
f147cbe6-492c-11ea-8864-b88a60e194fb-1-ps,crmid:6211018806,4,Business Card,5,Auto Loan
f148b506-492c-11ea-8ee4-b88a60e194fb-1-ps,crmid:6996652873,3,Simplicity Card,5,Business Loan
f149eeca-492c-11ea-9aba-b88a60e194fb-1-ps,crmid:6797869216,4,Platinum Card,7,Personal Loan
f14ad812-492c-11ea-ad7f-b88a60e194fb-1-ps,crmid:4664034357,6,Business Card,4,Personal Loan
f14bc234-492c-11ea-9b27-b88a60e194fb-1-ps,crmid:5781831496,4,Platinum Card,5,Business Loan
f14cadd0-492c-11ea-88a2-b88a60e194fb-1-ps,crmid:9584188138,5,Simplicity Card,4,Auto Loan
f214dcfa-492c-11ea-9a96-b88a60e194fb-1-ps,crmid:7345347514,3,Rewards Card,5,Auto Loan
f2163c4c-492c-11ea-9596-b88a60e194fb-1-ps,crmid:4076163593,3,Student Card,8,Personal Loan
f217c2ec-492c-11ea-a6b8-b88a60e194fb-1-ps,crmid:4443213242,4,Rewards Card,4,Personal Loan
f219e5dc-492c-11ea-89c3-b88a60e194fb-1-ps,crmid:9760318881,5,Dividend Card,2,Auto Loan
f21c08b0-492c-11ea-9f2a-b88a60e194fb-1-ps,crmid:6011935517,3,Travel Card,5,Personal Loan
f21e2b98-492c-11ea-9ed8-b88a60e194fb-1-ps,crmid:7329227047,4,Business Card,2,Personal Loan
f2230d7e-492c-11ea-ae20-b88a60e194fb-1-ps,crmid:2619885916,4,Business Card,5,Personal Loan
f24d9f8a-492c-11ea-80d7-b88a60e194fb-1-ps,crmid:8238282007,6,Student Card,3,Personal Loan
f24eb0e6-492c-11ea-b804-b88a60e194fb-1-ps,crmid:8980197043,5,Travel Card,5,Auto Loan
f24fe968-492c-11ea-8e97-b88a60e194fb-1-ps,crmid:9496834993,4,Travel Card,4,Personal Loan
f25121ee-492c-11ea-a558-b88a60e194fb-1-ps,crmid:5291837959,3,Business Card,6,Personal Loan
f2528188-492c-11ea-9dfc-b88a60e194fb-1-ps,crmid:3976521521,5,Platinum Card,5,Personal Loan
f32c6522-492c-11ea-95b2-b88a60e194fb-1-ps,crmid:3149271639,5,Business Card,6,Auto Loan
f32d4f36-492c-11ea-bcea-b88a60e194fb-1-ps,crmid:4583066216,4,Platinum Card,4,Personal Loan
f32e3998-492c-11ea-a2c1-b88a60e194fb-1-ps,crmid:7182509570,5,Platinum Card,8,Personal Loan
f32f258a-492c-11ea-b50d-b88a60e194fb-1-ps,crmid:8322234839,5,Business Card,2,Student Loan
f3300fc8-492c-11ea-9d6e-b88a60e194fb-1-ps,crmid:7804706481,6,Dividend Card,4,Personal Loan
f330fa3a-492c-11ea-bebd-b88a60e194fb-1-ps,crmid:2746025518,3,Student Card,2,Personal Loan
f331e490-492c-11ea-9b1f-b88a60e194fb-1-ps,crmid:1217397759,5,Travel Card,4,Auto Loan
f332cdae-492c-11ea-bd58-b88a60e194fb-1-ps,crmid:9304564305,4,Business Card,3,Personal Loan
f333b940-492c-11ea-8cc2-b88a60e194fb-1-ps,crmid:6689474277,5,Platinum Card,5,Auto Loan
f3347c88-492c-11ea-bb63-b88a60e194fb-1-ps,crmid:6652038833,5,Student Card,7,Student Loan
f3356706-492c-11ea-9b91-b88a60e194fb-1-ps,crmid:9635524364,4,Platinum Card,7,Business Loan
f3367780-492c-11ea-b8f3-b88a60e194fb-1-ps,crmid:5490199009,3,Dividend Card,5,Personal Loan
f3eca622-492c-11ea-ae24-b88a60e194fb-1-ps,crmid:2333772582,5,Rewards Card,5,Personal Loan
f3ed904a-492c-11ea-b8cd-b88a60e194fb-1-ps,crmid:4340030498,4,Travel Card,5,Personal Loan
f3ee7aca-492c-11ea-9a0f-b88a60e194fb-1-ps,crmid:7843145074,5,Rewards Card,8,Business Loan
f3ef8c62-492c-11ea-87b8-b88a60e194fb-1-ps,crmid:5921982706,5,Simplicity Card,4,Auto Loan
f3f09f06-492c-11ea-a22f-b88a60e194fb-1-ps,crmid:1750182546,4,Simplicity Card,3,Student Loan
f3f188de-492c-11ea-803c-b88a60e194fb-1-ps,crmid:7766434521,3,Simplicity Card,3,Business Loan
f3f24c9e-492c-11ea-bb8a-b88a60e194fb-1-ps,crmid:8674991198,3,Simplicity Card,5,Personal Loan
f3f38512-492c-11ea-a669-b88a60e194fb-1-ps,crmid:1122118562,3,Platinum Card,4,Personal Loan
f3f50a98-492c-11ea-b9ae-b88a60e194fb-1-ps,crmid:3143499741,4,Travel Card,4,Auto Loan
f3f5cf12-492c-11ea-b763-b88a60e194fb-1-ps,crmid:9451215280,4,Student Card,2,Business Loan
f3f69262-492c-11ea-bd5c-b88a60e194fb-1-ps,crmid:4733571485,3,Dividend Card,5,Business Loan
f3f77cc2-492c-11ea-bbaa-b88a60e194fb-1-ps,crmid:9690156009,4,Travel Card,5,Business Loan
f4af3102-492c-11ea-b588-b88a60e194fb-1-ps,crmid:3725073625,5,Travel Card,4,Personal Loan
f4b0698c-492c-11ea-81ee-b88a60e194fb-1-ps,crmid:9504872064,5,Travel Card,3,Business Loan
f4b1a212-492c-11ea-a2b4-b88a60e194fb-1-ps,crmid:3701947208,9,Simplicity Card,5,Auto Loan
f4b2b398-492c-11ea-ac26-b88a60e194fb-1-ps,crmid:4349688173,3,Simplicity Card,4,Personal Loan
f4b412f8-492c-11ea-839c-b88a60e194fb-1-ps,crmid:6265899469,5,Dividend Card,4,Personal Loan
f4b572c0-492c-11ea-93fa-b88a60e194fb-1-ps,crmid:3193114275,4,Rewards Card,4,Business Loan
f4b65d10-492c-11ea-b5b7-b88a60e194fb-1-ps,crmid:7514261544,3,Platinum Card,5,Student Loan
f4b76e70-492c-11ea-8ad8-b88a60e194fb-1-ps,crmid:6423339477,4,Platinum Card,3,Personal Loan
f4b8a6ec-492c-11ea-98a2-b88a60e194fb-1-ps,crmid:2070431911,4,Dividend Card,5,Personal Loan
f4b9df6c-492c-11ea-b380-b88a60e194fb-1-ps,crmid:5559212151,5,Dividend Card,5,Personal Loan
f4baf0f0-492c-11ea-9f50-b88a60e194fb-1-ps,crmid:9429726417,5,Rewards Card,4,Business Loan
f4bc0246-492c-11ea-bfa0-b88a60e194fb-1-ps,crmid:6671175444,6,Rewards Card,5,Personal Loan
f569a5e2-492c-11ea-8118-b88a60e194fb-1-ps,crmid:2066860381,4,Dividend Card,4,Personal Loan
f56b2c8a-492c-11ea-b1f5-b88a60e194fb-1-ps,crmid:9119258792,3,Platinum Card,3,Personal Loan
f56c16c6-492c-11ea-9224-b88a60e194fb-1-ps,crmid:6104926072,3,Simplicity Card,4,Auto Loan
f56d50b6-492c-11ea-8637-b88a60e194fb-1-ps,crmid:5152375773,4,Student Card,5,Student Loan
f56e39be-492c-11ea-9d6a-b88a60e194fb-1-ps,crmid:1202251157,2,Rewards Card,5,Business Loan
f56f7226-492c-11ea-9593-b88a60e194fb-1-ps,crmid:9625377144,4,Dividend Card,5,Student Loan
f570d1ae-492c-11ea-b645-b88a60e194fb-1-ps,crmid:3576413428,7,Travel Card,4,Personal Loan
f5720bca-492c-11ea-bef3-b88a60e194fb-1-ps,crmid:6045947583,8,Dividend Card,4,Business Loan
f572ce5e-492c-11ea-9116-b88a60e194fb-1-ps,crmid:1366082964,4,Rewards Card,5,Personal Loan
f573b926-492c-11ea-8807-b88a60e194fb-1-ps,crmid:6180811670,4,Travel Card,5,Personal Loan
f574f064-492c-11ea-97c4-b88a60e194fb-1-ps,crmid:1228511761,3,Platinum Card,10,Student Loan
f575dab4-492c-11ea-a031-b88a60e194fb-1-ps,crmid:8759308582,6,Student Card,2,Business Loan
f623a6f0-492c-11ea-b6a6-b88a60e194fb-1-ps,crmid:3973367047,3,Business Card,4,Business Loan
f62491e2-492c-11ea-8709-b88a60e194fb-1-ps,crmid:3757722058,4,Dividend Card,3,Student Loan
f6257a86-492c-11ea-97e3-b88a60e194fb-1-ps,crmid:1319915056,4,Platinum Card,8,Business Loan
f62665dc-492c-11ea-8a11-b88a60e194fb-1-ps,crmid:8781250686,5,Travel Card,3,Auto Loan
f6274f0a-492c-11ea-b01c-b88a60e194fb-1-ps,crmid:6856219374,3,Student Card,2,Business Loan
f62888f6-492c-11ea-8231-b88a60e194fb-1-ps,crmid:6853017878,4,Dividend Card,4,Auto Loan
f6294c22-492c-11ea-8852-b88a60e194fb-1-ps,crmid:8078437086,4,Dividend Card,3,Personal Loan
f62a3682-492c-11ea-9957-b88a60e194fb-1-ps,crmid:8432962289,6,Platinum Card,5,Personal Loan
f62b94d4-492c-11ea-9149-b88a60e194fb-1-ps,crmid:5774930506,4,Travel Card,5,Personal Loan
f62ca630-492c-11ea-9bb5-b88a60e194fb-1-ps,crmid:5128334393,10,Student Card,2,Business Loan
f62d6ac0-492c-11ea-9d2c-b88a60e194fb-1-ps,crmid:2990302494,5,Platinum Card,4,Personal Loan
f62e7af4-492c-11ea-a50d-b88a60e194fb-1-ps,crmid:2678872907,5,Platinum Card,3,Personal Loan
f62fb35e-492c-11ea-ab84-b88a60e194fb-1-ps,crmid:4479590031,4,Dividend Card,6,Student Loan
f6e5943a-492c-11ea-8795-b88a60e194fb-1-ps,crmid:7806648878,3,Travel Card,2,Business Loan
f6e67ea2-492c-11ea-8f5e-b88a60e194fb-1-ps,crmid:7372888003,7,Travel Card,4,Personal Loan
f6e7de68-492c-11ea-a913-b88a60e194fb-1-ps,crmid:2754754026,5,Travel Card,5,Auto Loan
f6e9650a-492c-11ea-82d0-b88a60e194fb-1-ps,crmid:3946467512,3,Dividend Card,5,Business Loan
f6eb126e-492c-11ea-a976-b88a60e194fb-1-ps,crmid:1590510319,3,Simplicity Card,5,Business Loan
f6ec23f4-492c-11ea-948b-b88a60e194fb-1-ps,crmid:3458581125,3,Dividend Card,4,Personal Loan
f6edab1e-492c-11ea-b251-b88a60e194fb-1-ps,crmid:2212545598,3,Dividend Card,5,Business Loan
f6eebc10-492c-11ea-857f-b88a60e194fb-1-ps,crmid:6819458483,6,Platinum Card,4,Personal Loan
f6eff48a-492c-11ea-9a1e-b88a60e194fb-1-ps,crmid:2294728245,5,Platinum Card,3,Personal Loan
f6f0e048-492c-11ea-aad2-b88a60e194fb-1-ps,crmid:9159050140,5,Platinum Card,4,Personal Loan
f6f217c0-492c-11ea-a323-b88a60e194fb-1-ps,crmid:7197881870,3,Student Card,4,Personal Loan
f7acb328-492c-11ea-9283-b88a60e194fb-1-ps,crmid:4079668593,4,Business Card,8,Personal Loan
f7adeb9c-492c-11ea-8e97-b88a60e194fb-1-ps,crmid:2022648671,4,Simplicity Card,4,Personal Loan
f7afe764-492c-11ea-85f7-b88a60e194fb-1-ps,crmid:6379701877,4,Dividend Card,4,Student Loan
f7f26e14-492c-11ea-b475-b88a60e194fb-1-ps,crmid:7627329528,4,Rewards Card,4,Auto Loan
f8432586-492c-11ea-82c2-b88a60e194fb-1-ps,crmid:4339728099,5,Business Card,3,Student Loan
f844ac36-492c-11ea-abd5-b88a60e194fb-1-ps,crmid:8552797757,5,Business Card,5,Personal Loan
f84659cc-492c-11ea-b2da-b88a60e194fb-1-ps,crmid:6240949640,3,Platinum Card,6,Auto Loan
f847b958-492c-11ea-8caf-b88a60e194fb-1-ps,crmid:2807439041,3,Dividend Card,4,Personal Loan
f848f1e2-492c-11ea-bf0d-b88a60e194fb-1-ps,crmid:9761173773,3,Travel Card,6,Student Loan
f84a7864-492c-11ea-8449-b88a60e194fb-1-ps,crmid:4136730704,5,Student Card,8,Personal Loan
f84b89dc-492c-11ea-a675-b88a60e194fb-1-ps,crmid:9437395141,5,Dividend Card,4,Personal Loan
f84c9b3a-492c-11ea-b28b-b88a60e194fb-1-ps,crmid:3313948202,3,Platinum Card,3,Auto Loan
f8fe5d9e-492c-11ea-98c3-b88a60e194fb-1-ps,crmid:1756491811,9,Dividend Card,5,Auto Loan
f8ff6f3e-492c-11ea-9432-b88a60e194fb-1-ps,crmid:2133180689,5,Platinum Card,2,Business Loan
f9005ab6-492c-11ea-9815-b88a60e194fb-1-ps,crmid:2976198016,5,Simplicity Card,8,Business Loan
f90143c0-492c-11ea-892c-b88a60e194fb-1-ps,crmid:8593962560,8,Rewards Card,3,Personal Loan
f9022f7e-492c-11ea-b250-b88a60e194fb-1-ps,crmid:8429055791,3,Rewards Card,3,Business Loan
f902f2cc-492c-11ea-b55e-b88a60e194fb-1-ps,crmid:1248671627,6,Platinum Card,4,Business Loan
f9040342-492c-11ea-95d7-b88a60e194fb-1-ps,crmid:8478061170,2,Platinum Card,4,Personal Loan
f904c658-492c-11ea-8728-b88a60e194fb-1-ps,crmid:7991261579,4,Student Card,4,Auto Loan
f90625b4-492c-11ea-bb88-b88a60e194fb-1-ps,crmid:1473083581,3,Platinum Card,4,Personal Loan
f906ea5e-492c-11ea-b52b-b88a60e194fb-1-ps,crmid:1766011347,5,Simplicity Card,3,Business Loan
f907ff12-492c-11ea-bf2a-b88a60e194fb-1-ps,crmid:2489613386,4,Business Card,3,Auto Loan
f9095a18-492c-11ea-99b6-b88a60e194fb-1-ps,crmid:9912487905,4,Dividend Card,4,Business Loan
f9bfd776-492c-11ea-985a-b88a60e194fb-1-ps,crmid:5083736341,3,Simplicity Card,5,Student Loan
f9c0c1b4-492c-11ea-b3eb-b88a60e194fb-1-ps,crmid:8771832485,6,Simplicity Card,5,Business Loan
f9c1ac10-492c-11ea-85a2-b88a60e194fb-1-ps,crmid:8371521263,4,Simplicity Card,3,Business Loan
f9c2bd7a-492c-11ea-993f-b88a60e194fb-1-ps,crmid:5714312439,3,Travel Card,4,Student Loan
f9c380c0-492c-11ea-ad03-b88a60e194fb-1-ps,crmid:5220313385,5,Platinum Card,3,Personal Loan
f9c492ca-492c-11ea-a67a-b88a60e194fb-1-ps,crmid:1455893012,2,Business Card,3,Auto Loan
f9c57c9c-492c-11ea-82f0-b88a60e194fb-1-ps,crmid:6732087053,4,Dividend Card,4,Student Loan
f9c666ec-492c-11ea-88f3-b88a60e194fb-1-ps,crmid:7530490496,4,Student Card,5,Personal Loan
f9c79f48-492c-11ea-98b8-b88a60e194fb-1-ps,crmid:7221371723,4,Platinum Card,4,Personal Loan
f9c86294-492c-11ea-a95a-b88a60e194fb-1-ps,crmid:9993385264,5,Rewards Card,4,Business Loan
f9c94cec-492c-11ea-bd2f-b88a60e194fb-1-ps,crmid:3035614591,3,Student Card,3,Student Loan
f9ca374a-492c-11ea-8d63-b88a60e194fb-1-ps,crmid:4068533042,5,Simplicity Card,3,Student Loan
fa8a9f7e-492c-11ea-9d0c-b88a60e194fb-1-ps,crmid:1071014719,5,Dividend Card,4,Business Loan
fa8b8ab4-492c-11ea-97ed-b88a60e194fb-1-ps,crmid:9519951874,5,Business Card,5,Auto Loan
fa8cc286-492c-11ea-bd47-b88a60e194fb-1-ps,crmid:8487356181,5,Rewards Card,7,Personal Loan
fa8dfb12-492c-11ea-a835-b88a60e194fb-1-ps,crmid:2951775475,6,Platinum Card,4,Personal Loan
fa8fa8a2-492c-11ea-b932-b88a60e194fb-1-ps,crmid:6196864188,5,Travel Card,4,Student Loan
fa90ba1a-492c-11ea-bc7d-b88a60e194fb-1-ps,crmid:3380069388,5,Platinum Card,4,Business Loan
fa91a44c-492c-11ea-b5c6-b88a60e194fb-1-ps,crmid:1474512300,3,Rewards Card,5,Business Loan
fa92b5c0-492c-11ea-ad1c-b88a60e194fb-1-ps,crmid:2748830414,3,Travel Card,5,Personal Loan
fa93a014-492c-11ea-8d58-b88a60e194fb-1-ps,crmid:4742905938,5,Travel Card,3,Business Loan
fa94d8b6-492c-11ea-8ca7-b88a60e194fb-1-ps,crmid:5850320739,2,Platinum Card,4,Personal Loan
fa95c314-492c-11ea-a9bd-b88a60e194fb-1-ps,crmid:6668872676,3,Student Card,3,Personal Loan
fa96fb70-492c-11ea-bba8-b88a60e194fb-1-ps,crmid:6812298319,4,Dividend Card,2,Student Loan
fb6fcdb4-492c-11ea-bc6e-b88a60e194fb-1-ps,crmid:9718813781,4,Rewards Card,4,Auto Loan
fbe265d2-492c-11ea-a463-b88a60e194fb-1-ps,crmid:6912240675,5,Travel Card,9,Personal Loan
fd07f648-492c-11ea-babd-b88a60e194fb-1-ps,crmid:3244417015,5,Business Card,3,Personal Loan
fd0adc98-492c-11ea-a820-b88a60e194fb-1-ps,crmid:3409427635,3,Dividend Card,5,Personal Loan
fd0beed4-492c-11ea-aeb3-b88a60e194fb-1-ps,crmid:7353984277,5,Dividend Card,3,Business Loan
fd0cd91c-492c-11ea-8cba-b88a60e194fb-1-ps,crmid:4102811678,5,Platinum Card,3,Business Loan
fd0dc2a6-492c-11ea-9792-b88a60e194fb-1-ps,crmid:8169962557,4,Travel Card,5,Personal Loan
fd0ed410-492c-11ea-9cb6-b88a60e194fb-1-ps,crmid:8072254735,2,Simplicity Card,4,Personal Loan
fd0fe6f6-492c-11ea-bb13-b88a60e194fb-1-ps,crmid:5334496918,5,Travel Card,5,Auto Loan
fd10f838-492c-11ea-9a88-b88a60e194fb-1-ps,crmid:4832814974,8,Dividend Card,5,Personal Loan
fd11ba10-492c-11ea-9025-b88a60e194fb-1-ps,crmid:9516426756,5,Rewards Card,2,Personal Loan
fd12cc24-492c-11ea-9e67-b88a60e194fb-1-ps,crmid:9932153188,5,Student Card,8,Auto Loan
fe1cbf34-492c-11ea-957b-b88a60e194fb-1-ps,crmid:4639128374,5,Platinum Card,6,Auto Loan
fe363a74-492c-11ea-8952-b88a60e194fb-1-ps,crmid:5728073047,3,Platinum Card,4,Business Loan
fe3772f8-492c-11ea-972a-b88a60e194fb-1-ps,crmid:3419232502,4,Rewards Card,4,Auto Loan
fe38847a-492c-11ea-90d6-b88a60e194fb-1-ps,crmid:2544922550,5,Dividend Card,7,Student Loan
fe397022-492c-11ea-8c63-b88a60e194fb-1-ps,crmid:6324916830,3,Simplicity Card,3,Personal Loan
fe3a802e-492c-11ea-b82b-b88a60e194fb-1-ps,crmid:9781031004,5,Travel Card,4,Business Loan
fe3b9188-492c-11ea-858d-b88a60e194fb-1-ps,crmid:2114978509,4,Business Card,4,Personal Loan
fe3c7d40-492c-11ea-b4f2-b88a60e194fb-1-ps,crmid:5538065134,6,Simplicity Card,3,Student Loan
fe3d8ea6-492c-11ea-ad30-b88a60e194fb-1-ps,crmid:9264653405,5,Student Card,4,Personal Loan
fe3eeeca-492c-11ea-b4f1-b88a60e194fb-1-ps,crmid:1228069927,4,Business Card,4,Auto Loan
fe402566-492c-11ea-a6d3-b88a60e194fb-1-ps,crmid:5879206431,5,Travel Card,5,Business Loan
fe4184f4-492c-11ea-ad0f-b88a60e194fb-1-ps,crmid:2272443613,2,Platinum Card,4,Personal Loan
ff0b3c00-492c-11ea-8727-b88a60e194fb-1-ps,crmid:5668881916,4,Simplicity Card,4,Student Loan
ff0c4d88-492c-11ea-94d6-b88a60e194fb-1-ps,crmid:3536565543,5,Business Card,3,Personal Loan
ff0d5eb4-492c-11ea-9f7d-b88a60e194fb-1-ps,crmid:2128425650,7,Business Card,4,Student Loan
ff0e7028-492c-11ea-a50a-b88a60e194fb-1-ps,crmid:1180905448,3,Travel Card,4,Personal Loan
ff3f1ca8-492c-11ea-8da6-b88a60e194fb-1-ps,crmid:4576508122,5,Travel Card,4,Business Loan
ff6fcb18-492c-11ea-827c-b88a60e194fb-1-ps,crmid:3335882700,5,Student Card,4,Business Loan
ff714fdc-492c-11ea-9428-b88a60e194fb-1-ps,crmid:8373660138,3,Travel Card,4,Personal Loan
ff72af7a-492c-11ea-9d19-b88a60e194fb-1-ps,crmid:8889149983,6,Simplicity Card,3,Business Loan
ff73e8f6-492c-11ea-a6a9-b88a60e194fb-1-ps,crmid:6418561891,4,Travel Card,4,Personal Loan
ff75476c-492c-11ea-aaa6-b88a60e194fb-1-ps,crmid:1169054467,5,Travel Card,4,Auto Loan
ff765902-492c-11ea-aa8e-b88a60e194fb-1-ps,crmid:3817645780,6,Rewards Card,5,Auto Loan
ffa4bb7e-492c-11ea-a176-b88a60e194fb-1-ps,crmid:8980197043,4,Travel Card,2,Auto Loan
00824864-492d-11ea-8c56-b88a60e194fb-1-ps,crmid:7522379773,5,Business Card,3,Auto Loan
00a00952-492d-11ea-8de2-b88a60e194fb-1-ps,crmid:4966766426,3,Business Card,3,Personal Loan
00a11ac2-492d-11ea-8b23-b88a60e194fb-1-ps,crmid:5258691732,5,Platinum Card,4,Business Loan
00a25340-492d-11ea-be84-b88a60e194fb-1-ps,crmid:5373706642,3,Travel Card,5,Personal Loan
00a3648c-492d-11ea-beae-b88a60e194fb-1-ps,crmid:3343433034,3,Simplicity Card,4,Personal Loan
00a49d1a-492d-11ea-b385-b88a60e194fb-1-ps,crmid:8534668287,6,Student Card,3,Student Loan
00a5ae98-492d-11ea-851d-b88a60e194fb-1-ps,crmid:1305019936,5,Student Card,4,Personal Loan
00a6c008-492d-11ea-b280-b88a60e194fb-1-ps,crmid:2565280578,3,Travel Card,9,Personal Loan
00aa1b58-492d-11ea-ba5b-b88a60e194fb-1-ps,crmid:7209010504,6,Business Card,5,Auto Loan
00ab2cb6-492d-11ea-b12e-b88a60e194fb-1-ps,crmid:4605765076,4,Rewards Card,4,Auto Loan
00acda68-492d-11ea-8a60-b88a60e194fb-1-ps,crmid:2078369564,4,Travel Card,3,Personal Loan
00ae39f6-492d-11ea-89a9-b88a60e194fb-1-ps,crmid:9175364764,4,Business Card,4,Auto Loan
0174bd3e-492d-11ea-aac5-b88a60e194fb-1-ps,crmid:3174917804,5,Business Card,3,Auto Loan
0175f534-492d-11ea-9457-b88a60e194fb-1-ps,crmid:9349639465,4,Travel Card,5,Auto Loan
01772dc6-492d-11ea-9fd4-b88a60e194fb-1-ps,crmid:3199369333,5,Business Card,4,Business Loan
01783f36-492d-11ea-a324-b88a60e194fb-1-ps,crmid:4628128631,5,Platinum Card,8,Student Loan
017977b0-492d-11ea-8da2-b88a60e194fb-1-ps,crmid:2809297313,4,Simplicity Card,2,Business Loan
017a8910-492d-11ea-8a01-b88a60e194fb-1-ps,crmid:2416861457,2,Simplicity Card,4,Personal Loan
017be892-492d-11ea-9b90-b88a60e194fb-1-ps,crmid:7645969883,3,Rewards Card,3,Personal Loan
017d211a-492d-11ea-b58a-b88a60e194fb-1-ps,crmid:7547767227,4,Business Card,2,Student Loan
017e331c-492d-11ea-bfaa-b88a60e194fb-1-ps,crmid:7265508217,4,Rewards Card,4,Student Loan
017f43e2-492d-11ea-8944-b88a60e194fb-1-ps,crmid:5013002938,7,Travel Card,3,Personal Loan
01807c42-492d-11ea-9e76-b88a60e194fb-1-ps,crmid:1793365996,5,Business Card,4,Auto Loan
01818dee-492d-11ea-b2a7-b88a60e194fb-1-ps,crmid:3684248482,3,Dividend Card,4,Auto Loan
01831470-492d-11ea-9a48-b88a60e194fb-1-ps,crmid:9182962414,5,Rewards Card,6,Personal Loan
024d40a6-492d-11ea-85eb-b88a60e194fb-1-ps,crmid:6992736377,5,Dividend Card,3,Personal Loan
024e7914-492d-11ea-a4c6-b88a60e194fb-1-ps,crmid:9948187984,4,Business Card,5,Auto Loan
024f8a5e-492d-11ea-8324-b88a60e194fb-1-ps,crmid:9114181328,4,Platinum Card,2,Personal Loan
0250c35a-492d-11ea-acec-b88a60e194fb-1-ps,crmid:7105745120,4,Dividend Card,3,Student Loan
0252228c-492d-11ea-83ea-b88a60e194fb-1-ps,crmid:8828956496,5,Platinum Card,3,Personal Loan
02530cb8-492d-11ea-be5a-b88a60e194fb-1-ps,crmid:4760607472,3,Platinum Card,4,Business Loan
0254458a-492d-11ea-aed6-b88a60e194fb-1-ps,crmid:1896402286,5,Simplicity Card,6,Personal Loan
025556c6-492d-11ea-92c6-b88a60e194fb-1-ps,crmid:9830316607,5,Rewards Card,5,Business Loan
02568f7a-492d-11ea-a157-b88a60e194fb-1-ps,crmid:7878233578,4,Student Card,4,Student Loan
0257a0ba-492d-11ea-a55d-b88a60e194fb-1-ps,crmid:4971497682,2,Platinum Card,7,Auto Loan
02588b2c-492d-11ea-957e-b88a60e194fb-1-ps,crmid:5252876044,4,Simplicity Card,3,Student Loan
0259c382-492d-11ea-ae04-b88a60e194fb-1-ps,crmid:8542728386,7,Student Card,5,Business Loan
0355d49a-492d-11ea-8454-b88a60e194fb-1-ps,crmid:5154322235,4,Platinum Card,3,Personal Loan
0357a964-492d-11ea-a559-b88a60e194fb-1-ps,crmid:2465233287,4,Travel Card,5,Personal Loan
03597e12-492d-11ea-8b53-b88a60e194fb-1-ps,crmid:7186332424,3,Rewards Card,6,Auto Loan
035a8f7e-492d-11ea-9570-b88a60e194fb-1-ps,crmid:9219719952,5,Simplicity Card,2,Business Loan
035c1626-492d-11ea-9431-b88a60e194fb-1-ps,crmid:4528838842,9,Student Card,3,Personal Loan
035d4ea2-492d-11ea-8906-b88a60e194fb-1-ps,crmid:9491457159,3,Student Card,3,Personal Loan
035e38ee-492d-11ea-9eb2-b88a60e194fb-1-ps,crmid:8038024970,3,Business Card,2,Auto Loan
035f7182-492d-11ea-83e2-b88a60e194fb-1-ps,crmid:5883892869,5,Business Card,10,Personal Loan
03605bc6-492d-11ea-96cb-b88a60e194fb-1-ps,crmid:2084037447,3,Simplicity Card,4,Student Loan
03616d30-492d-11ea-9323-b88a60e194fb-1-ps,crmid:6089148164,3,Business Card,3,Auto Loan
03625798-492d-11ea-ae5d-b88a60e194fb-1-ps,crmid:1051141631,5,Business Card,4,Auto Loan
036368fa-492d-11ea-8428-b88a60e194fb-1-ps,crmid:8679450089,3,Business Card,4,Business Loan
042fb7fa-492d-11ea-952d-b88a60e194fb-1-ps,crmid:8230150582,4,Platinum Card,3,Business Loan
04318cb4-492d-11ea-8b15-b88a60e194fb-1-ps,crmid:4240058488,4,Travel Card,3,Personal Loan
0432ec4c-492d-11ea-a45b-b88a60e194fb-1-ps,crmid:8217742391,5,Travel Card,3,Student Loan
04344c08-492d-11ea-80b0-b88a60e194fb-1-ps,crmid:2296984468,6,Dividend Card,3,Auto Loan
0435ab58-492d-11ea-8c48-b88a60e194fb-1-ps,crmid:7564083503,4,Business Card,10,Personal Loan
0436bcca-492d-11ea-8a35-b88a60e194fb-1-ps,crmid:7570244404,4,Simplicity Card,3,Student Loan
04381c58-492d-11ea-9763-b88a60e194fb-1-ps,crmid:9938911478,4,Platinum Card,3,Personal Loan
04392dc6-492d-11ea-9bf1-b88a60e194fb-1-ps,crmid:6309091151,5,Simplicity Card,5,Personal Loan
043a6652-492d-11ea-9de6-b88a60e194fb-1-ps,crmid:7176282180,5,Dividend Card,3,Student Loan
043b9f42-492d-11ea-aceb-b88a60e194fb-1-ps,crmid:3725332567,5,Platinum Card,4,Personal Loan
043d737a-492d-11ea-8dec-b88a60e194fb-1-ps,crmid:1179292101,5,Student Card,4,Personal Loan
043eac06-492d-11ea-a713-b88a60e194fb-1-ps,crmid:5146894340,5,Platinum Card,4,Student Loan
05022176-492d-11ea-b526-b88a60e194fb-1-ps,crmid:8308903151,3,Business Card,3,Auto Loan
050359f4-492d-11ea-90a7-b88a60e194fb-1-ps,crmid:9307909841,5,Student Card,3,Personal Loan
0504b9ae-492d-11ea-8817-b88a60e194fb-1-ps,crmid:9775838636,4,Rewards Card,7,Personal Loan
0505f1dc-492d-11ea-9e77-b88a60e194fb-1-ps,crmid:6938870619,3,Business Card,2,Student Loan
05072a62-492d-11ea-9278-b88a60e194fb-1-ps,crmid:1491332594,6,Student Card,2,Auto Loan
05088a0c-492d-11ea-9aff-b88a60e194fb-1-ps,crmid:8478395070,5,Student Card,5,Personal Loan
0509c274-492d-11ea-8612-b88a60e194fb-1-ps,crmid:6011582226,4,Business Card,4,Student Loan
050afae2-492d-11ea-b5fb-b88a60e194fb-1-ps,crmid:4841790753,5,Simplicity Card,4,Personal Loan
050c0c5c-492d-11ea-9be3-b88a60e194fb-1-ps,crmid:8037984796,4,Simplicity Card,4,Personal Loan
050d44e8-492d-11ea-bcfc-b88a60e194fb-1-ps,crmid:9698401333,4,Platinum Card,2,Auto Loan
050e7d5a-492d-11ea-adcb-b88a60e194fb-1-ps,crmid:8169456608,4,Travel Card,4,Auto Loan
050f8ec0-492d-11ea-b075-b88a60e194fb-1-ps,crmid:7906277254,4,Business Card,6,Personal Loan
05107922-492d-11ea-a109-b88a60e194fb-1-ps,crmid:7877608221,5,Student Card,3,Business Loan
05d463f4-492d-11ea-8976-b88a60e194fb-1-ps,crmid:1596374921,8,Simplicity Card,5,Personal Loan
05d59c78-492d-11ea-9dff-b88a60e194fb-1-ps,crmid:9349603052,3,Simplicity Card,5,Business Loan
05d686be-492d-11ea-81db-b88a60e194fb-1-ps,crmid:8642281252,4,Dividend Card,5,Personal Loan
05d74a0c-492d-11ea-88ee-b88a60e194fb-1-ps,crmid:7810127727,3,Business Card,4,Business Loan
05d80d52-492d-11ea-9156-b88a60e194fb-1-ps,crmid:9112092436,3,Dividend Card,3,Auto Loan
05d8f7be-492d-11ea-b147-b88a60e194fb-1-ps,crmid:5215324279,4,Dividend Card,3,Business Loan
05da0918-492d-11ea-b5e3-b88a60e194fb-1-ps,crmid:4231291224,5,Simplicity Card,4,Student Loan
05daf37e-492d-11ea-a100-b88a60e194fb-1-ps,crmid:5001018426,3,Travel Card,3,Auto Loan
05dbddd4-492d-11ea-8136-b88a60e194fb-1-ps,crmid:4991761589,3,Travel Card,5,Auto Loan
05dcc82c-492d-11ea-ace0-b88a60e194fb-1-ps,crmid:7039653568,5,Student Card,9,Personal Loan
05ddd9b0-492d-11ea-8f17-b88a60e194fb-1-ps,crmid:9691591539,2,Student Card,4,Auto Loan
05df3938-492d-11ea-8851-b88a60e194fb-1-ps,crmid:4136391663,4,Travel Card,5,Business Loan
06b7e426-492d-11ea-9f5b-b88a60e194fb-1-ps,crmid:5235483697,5,Rewards Card,4,Student Loan
06b9dfd0-492d-11ea-8cd1-b88a60e194fb-1-ps,crmid:4854989814,4,Business Card,4,Auto Loan
06bbdb92-492d-11ea-90ec-b88a60e194fb-1-ps,crmid:7794624686,6,Platinum Card,5,Student Loan
06bd141e-492d-11ea-82c4-b88a60e194fb-1-ps,crmid:3267595970,6,Business Card,4,Personal Loan
06bec1cc-492d-11ea-babc-b88a60e194fb-1-ps,crmid:1474719232,6,Business Card,5,Business Loan
06c02162-492d-11ea-84d3-b88a60e194fb-1-ps,crmid:5797160754,3,Business Card,4,Student Loan
06c180de-492d-11ea-a9df-b88a60e194fb-1-ps,crmid:4025571549,4,Business Card,8,Auto Loan
06c2e06e-492d-11ea-9534-b88a60e194fb-1-ps,crmid:5455999675,4,Dividend Card,4,Personal Loan
06c43ff8-492d-11ea-b800-b88a60e194fb-1-ps,crmid:9881437352,4,Rewards Card,4,Personal Loan
06c5c68c-492d-11ea-b31c-b88a60e194fb-1-ps,crmid:3461668796,4,Simplicity Card,4,Personal Loan
06c72642-492d-11ea-999f-b88a60e194fb-1-ps,crmid:8127437927,3,Rewards Card,3,Auto Loan
06c8fae6-492d-11ea-ae72-b88a60e194fb-1-ps,crmid:7569911653,4,Rewards Card,3,Business Loan
078dd000-492d-11ea-abf1-b88a60e194fb-1-ps,crmid:1168399299,4,Student Card,4,Personal Loan
078eba50-492d-11ea-a04f-b88a60e194fb-1-ps,crmid:1124846778,4,Rewards Card,4,Auto Loan
078fcc18-492d-11ea-90ca-b88a60e194fb-1-ps,crmid:2145004343,4,Business Card,5,Personal Loan
0790dd22-492d-11ea-b3d9-b88a60e194fb-1-ps,crmid:3872781910,2,Student Card,8,Auto Loan
079215b0-492d-11ea-a64b-b88a60e194fb-1-ps,crmid:8105626919,2,Simplicity Card,2,Personal Loan
07934e1a-492d-11ea-84a9-b88a60e194fb-1-ps,crmid:7278928552,4,Rewards Card,4,Personal Loan
07945f88-492d-11ea-aff2-b88a60e194fb-1-ps,crmid:1035838447,3,Business Card,4,Personal Loan
07954a7a-492d-11ea-ab0a-b88a60e194fb-1-ps,crmid:9791160241,5,Business Card,3,Personal Loan
07965b38-492d-11ea-a553-b88a60e194fb-1-ps,crmid:2018729100,5,Simplicity Card,5,Personal Loan
07976cca-492d-11ea-9940-b88a60e194fb-1-ps,crmid:9104528313,3,Dividend Card,6,Personal Loan
07985708-492d-11ea-904a-b88a60e194fb-1-ps,crmid:5740501203,4,Platinum Card,8,Student Loan
0799417e-492d-11ea-8db5-b88a60e194fb-1-ps,crmid:6256854933,4,Rewards Card,3,Personal Loan
079a2be6-492d-11ea-ad3d-b88a60e194fb-1-ps,crmid:6536260589,3,Dividend Card,5,Business Loan
085bcc68-492d-11ea-82d7-b88a60e194fb-1-ps,crmid:9395235553,5,Travel Card,4,Business Loan
085cdde8-492d-11ea-b845-b88a60e194fb-1-ps,crmid:4593529504,4,Business Card,4,Business Loan
085dc836-492d-11ea-98b1-b88a60e194fb-1-ps,crmid:8030241440,5,Student Card,4,Personal Loan
085f75e2-492d-11ea-9ed6-b88a60e194fb-1-ps,crmid:2104913962,3,Travel Card,2,Auto Loan
0860fc7e-492d-11ea-8878-b88a60e194fb-1-ps,crmid:4652962297,4,Business Card,4,Student Loan
08625cc8-492d-11ea-a19e-b88a60e194fb-1-ps,crmid:5545416613,4,Dividend Card,3,Personal Loan
08636db4-492d-11ea-979d-b88a60e194fb-1-ps,crmid:9654533228,3,Simplicity Card,2,Student Loan
0864a61c-492d-11ea-9f98-b88a60e194fb-1-ps,crmid:9977613775,3,Rewards Card,5,Student Loan
0865b780-492d-11ea-b792-b88a60e194fb-1-ps,crmid:4258591391,4,Travel Card,3,Business Loan
0866a1be-492d-11ea-9386-b88a60e194fb-1-ps,crmid:8422216160,4,Dividend Card,4,Personal Loan
08678c14-492d-11ea-9aab-b88a60e194fb-1-ps,crmid:2032446382,4,Student Card,3,Auto Loan
0868c4a2-492d-11ea-b8fd-b88a60e194fb-1-ps,crmid:1739825060,2,Dividend Card,9,Student Loan
0923aedc-492d-11ea-b7a1-b88a60e194fb-1-ps,crmid:4522966378,4,Business Card,5,Business Loan
09249924-492d-11ea-a9ca-b88a60e194fb-1-ps,crmid:9468723306,4,Business Card,3,Personal Loan
09258388-492d-11ea-9b6f-b88a60e194fb-1-ps,crmid:3778449750,5,Travel Card,2,Business Loan
09266dca-492d-11ea-8e63-b88a60e194fb-1-ps,crmid:8823049472,4,Platinum Card,4,Auto Loan
09277f2e-492d-11ea-8d50-b88a60e194fb-1-ps,crmid:1596303867,2,Business Card,4,Business Loan
09286974-492d-11ea-ba69-b88a60e194fb-1-ps,crmid:9912888086,5,Platinum Card,6,Auto Loan
09292ccc-492d-11ea-9089-b88a60e194fb-1-ps,crmid:2026222387,3,Simplicity Card,6,Auto Loan
092a3e58-492d-11ea-b594-b88a60e194fb-1-ps,crmid:9039441759,4,Travel Card,3,Business Loan
092b0302-492d-11ea-8a90-b88a60e194fb-1-ps,crmid:4600923846,2,Simplicity Card,2,Personal Loan
092c3a28-492d-11ea-8e79-b88a60e194fb-1-ps,crmid:7261683559,5,Platinum Card,7,Student Loan
092d4ce6-492d-11ea-8888-b88a60e194fb-1-ps,crmid:1031251738,3,Dividend Card,4,Business Loan
092e35ee-492d-11ea-8dbe-b88a60e194fb-1-ps,crmid:6179070203,5,Dividend Card,3,Auto Loan
09f554d8-492d-11ea-a9c9-b88a60e194fb-1-ps,crmid:7217401234,3,Simplicity Card,3,Business Loan
09f6665a-492d-11ea-b9c0-b88a60e194fb-1-ps,crmid:5399289827,4,Dividend Card,3,Personal Loan
09f7298c-492d-11ea-9ccd-b88a60e194fb-1-ps,crmid:1909603952,4,Business Card,9,Personal Loan
09f81500-492d-11ea-ab95-b88a60e194fb-1-ps,crmid:6569627431,4,Student Card,2,Personal Loan
09f9256c-492d-11ea-96ac-b88a60e194fb-1-ps,crmid:6670205883,5,Dividend Card,4,Personal Loan
09fa36ae-492d-11ea-a688-b88a60e194fb-1-ps,crmid:3517611089,3,Business Card,4,Business Loan
09fb2130-492d-11ea-8d89-b88a60e194fb-1-ps,crmid:8230150582,4,Platinum Card,4,Personal Loan
09fc0b92-492d-11ea-96bd-b88a60e194fb-1-ps,crmid:9880679442,5,Travel Card,4,Auto Loan
09fd43e2-492d-11ea-a45f-b88a60e194fb-1-ps,crmid:5242934042,4,Simplicity Card,5,Business Loan
09fe7c52-492d-11ea-a1ad-b88a60e194fb-1-ps,crmid:7784187126,6,Simplicity Card,4,Personal Loan
09ff3fac-492d-11ea-8a01-b88a60e194fb-1-ps,crmid:7537246277,3,Platinum Card,5,Personal Loan
0a00511c-492d-11ea-914a-b88a60e194fb-1-ps,crmid:6279651703,5,Student Card,8,Auto Loan
0ad52b8c-492d-11ea-9bab-b88a60e194fb-1-ps,crmid:7821873775,5,Platinum Card,3,Personal Loan
0ad68b26-492d-11ea-9377-b88a60e194fb-1-ps,crmid:6082582079,4,Student Card,5,Student Loan
0ad7c398-492d-11ea-8d1a-b88a60e194fb-1-ps,crmid:6572447855,3,Travel Card,4,Personal Loan
0ad8fc00-492d-11ea-bea3-b88a60e194fb-1-ps,crmid:7611376766,4,Platinum Card,5,Personal Loan
0ada0d74-492d-11ea-b001-b88a60e194fb-1-ps,crmid:7699191535,3,Business Card,7,Personal Loan
0adb6d0c-492d-11ea-bcbe-b88a60e194fb-1-ps,crmid:9192805745,5,Platinum Card,3,Student Loan
0adccc86-492d-11ea-a1d4-b88a60e194fb-1-ps,crmid:8859269851,5,Dividend Card,3,Business Loan
0ade0524-492d-11ea-9eee-b88a60e194fb-1-ps,crmid:3816155068,5,Student Card,5,Personal Loan
0adf169a-492d-11ea-a275-b88a60e194fb-1-ps,crmid:7645969883,5,Platinum Card,3,Business Loan
0ae04f12-492d-11ea-8d71-b88a60e194fb-1-ps,crmid:4870915193,3,Platinum Card,5,Personal Loan
0ae1ae98-492d-11ea-9153-b88a60e194fb-1-ps,crmid:3576768913,3,Student Card,4,Personal Loan
0ae2e6f6-492d-11ea-89cd-b88a60e194fb-1-ps,crmid:2922993966,3,Business Card,7,Personal Loan
0ae446ac-492d-11ea-aed8-b88a60e194fb-1-ps,crmid:8036587574,4,Business Card,5,Business Loan
0ba264d0-492d-11ea-9ff6-b88a60e194fb-1-ps,crmid:8607138789,3,Business Card,8,Student Loan
0ba37648-492d-11ea-b14f-b88a60e194fb-1-ps,crmid:7638102025,4,Travel Card,3,Auto Loan
0ba460b6-492d-11ea-bf48-b88a60e194fb-1-ps,crmid:5002678621,3,Student Card,4,Personal Loan
0ba54af6-492d-11ea-a5a5-b88a60e194fb-1-ps,crmid:2004249851,3,Dividend Card,3,Auto Loan
0ba63550-492d-11ea-883a-b88a60e194fb-1-ps,crmid:4596041428,5,Student Card,2,Personal Loan
0ba746c0-492d-11ea-851e-b88a60e194fb-1-ps,crmid:4144959213,5,Simplicity Card,3,Personal Loan
0ba83114-492d-11ea-affe-b88a60e194fb-1-ps,crmid:2117510416,5,Platinum Card,5,Personal Loan
0ba91b66-492d-11ea-b83a-b88a60e194fb-1-ps,crmid:2077236858,3,Rewards Card,3,Personal Loan
0baa2cec-492d-11ea-966a-b88a60e194fb-1-ps,crmid:6006315891,4,Business Card,4,Auto Loan
0bab3e5a-492d-11ea-bdf9-b88a60e194fb-1-ps,crmid:2687481165,5,Dividend Card,5,Student Loan
0bac01a6-492d-11ea-afaf-b88a60e194fb-1-ps,crmid:6436292156,3,Student Card,4,Business Loan
0bacec0a-492d-11ea-8696-b88a60e194fb-1-ps,crmid:1438053541,5,Business Card,3,Student Loan
0c6f5062-492d-11ea-93ee-b88a60e194fb-1-ps,crmid:6110229773,5,Business Card,8,Personal Loan
0c70d708-492d-11ea-8dd8-b88a60e194fb-1-ps,crmid:3534866543,2,Platinum Card,4,Student Loan
0c725d82-492d-11ea-bec1-b88a60e194fb-1-ps,crmid:9605649187,5,Student Card,3,Business Loan
0c739618-492d-11ea-994b-b88a60e194fb-1-ps,crmid:8909352639,6,Business Card,3,Personal Loan
0c751cd0-492d-11ea-85dd-b88a60e194fb-1-ps,crmid:6338029679,3,Platinum Card,5,Student Loan
0c7654ee-492d-11ea-bc5a-b88a60e194fb-1-ps,crmid:9323357087,6,Rewards Card,4,Business Loan
0c778d78-492d-11ea-bfb5-b88a60e194fb-1-ps,crmid:3627577383,2,Rewards Card,7,Business Loan
0c793b12-492d-11ea-b1ac-b88a60e194fb-1-ps,crmid:1034872349,4,Student Card,4,Student Loan
0c7ae8c6-492d-11ea-8c0b-b88a60e194fb-1-ps,crmid:8991448642,4,Travel Card,3,Personal Loan
0c7c9676-492d-11ea-9cdb-b88a60e194fb-1-ps,crmid:6772020776,5,Simplicity Card,2,Personal Loan
0c7df60c-492d-11ea-9a28-b88a60e194fb-1-ps,crmid:9977613775,3,Travel Card,9,Business Loan
0c7f7c8a-492d-11ea-be81-b88a60e194fb-1-ps,crmid:3202132291,3,Business Card,4,Student Loan
0d4b2f2c-492d-11ea-b40e-b88a60e194fb-1-ps,crmid:4864165069,4,Rewards Card,5,Personal Loan
0d4c199a-492d-11ea-b1bb-b88a60e194fb-1-ps,crmid:1742617244,4,Business Card,5,Personal Loan
0d4cdcda-492d-11ea-ae39-b88a60e194fb-1-ps,crmid:1130918651,4,Dividend Card,4,Business Loan
0d4dc8ae-492d-11ea-92a6-b88a60e194fb-1-ps,crmid:9866092557,3,Platinum Card,3,Personal Loan
0d4ed8a4-492d-11ea-b2c7-b88a60e194fb-1-ps,crmid:9828151295,5,Dividend Card,4,Personal Loan
0d4fc306-492d-11ea-86bb-b88a60e194fb-1-ps,crmid:5175147571,5,Simplicity Card,2,Personal Loan
0d50ae1c-492d-11ea-8aaf-b88a60e194fb-1-ps,crmid:6295227550,4,Travel Card,3,Personal Loan
0d51e74a-492d-11ea-94b1-b88a60e194fb-1-ps,crmid:6192869498,5,Student Card,6,Personal Loan
0d52f782-492d-11ea-b323-b88a60e194fb-1-ps,crmid:6526088247,5,Dividend Card,4,Personal Loan
0d53e31a-492d-11ea-b953-b88a60e194fb-1-ps,crmid:5601374202,5,Dividend Card,3,Auto Loan
0d54a662-492d-11ea-b1b1-b88a60e194fb-1-ps,crmid:6007097124,3,Platinum Card,3,Personal Loan
0d5569b4-492d-11ea-b82a-b88a60e194fb-1-ps,crmid:1863523925,4,Simplicity Card,4,Auto Loan
0e144a02-492d-11ea-9ce9-b88a60e194fb-1-ps,crmid:3998340940,4,Platinum Card,4,Auto Loan
0e1645b0-492d-11ea-a62c-b88a60e194fb-1-ps,crmid:6359618501,5,Student Card,4,Personal Loan
0e17a546-492d-11ea-b71f-b88a60e194fb-1-ps,crmid:3769813664,5,Simplicity Card,5,Business Loan
0e18ddba-492d-11ea-be2b-b88a60e194fb-1-ps,crmid:5150529802,4,Simplicity Card,9,Personal Loan
0e1a3e02-492d-11ea-b010-b88a60e194fb-1-ps,crmid:1149345367,8,Platinum Card,4,Personal Loan
0e1b75ec-492d-11ea-b417-b88a60e194fb-1-ps,crmid:6076545209,3,Rewards Card,4,Personal Loan
0e1cae5a-492d-11ea-bbcb-b88a60e194fb-1-ps,crmid:9929222582,4,Business Card,7,Business Loan
0e1d7190-492d-11ea-8b4d-b88a60e194fb-1-ps,crmid:5151633921,3,Travel Card,4,Personal Loan
0e1eaa0a-492d-11ea-a94a-b88a60e194fb-1-ps,crmid:2519195729,4,Rewards Card,3,Personal Loan
0e1f9466-492d-11ea-b448-b88a60e194fb-1-ps,crmid:1111778991,4,Dividend Card,4,Business Loan
0e207eca-492d-11ea-801c-b88a60e194fb-1-ps,crmid:9545267445,9,Platinum Card,4,Student Loan
0e21692c-492d-11ea-8e08-b88a60e194fb-1-ps,crmid:2012730225,3,Dividend Card,3,Auto Loan
0e227aac-492d-11ea-b21d-b88a60e194fb-1-ps,crmid:7465134991,4,Travel Card,5,Business Loan
0eec0d52-492d-11ea-81f0-b88a60e194fb-1-ps,crmid:4638311983,4,Simplicity Card,4,Personal Loan
0eecfcee-492d-11ea-a3b0-b88a60e194fb-1-ps,crmid:5205482425,3,Travel Card,5,Auto Loan
0eee0a6e-492d-11ea-a945-b88a60e194fb-1-ps,crmid:4425451242,6,Rewards Card,5,Business Loan
0eeef4a6-492d-11ea-bb2e-b88a60e194fb-1-ps,crmid:8341422832,6,Rewards Card,5,Personal Loan
0ef004a6-492d-11ea-9a45-b88a60e194fb-1-ps,crmid:4435604737,5,Platinum Card,3,Student Loan
0ef13d28-492d-11ea-87cb-b88a60e194fb-1-ps,crmid:6218508994,5,Rewards Card,3,Business Loan
0ef2278a-492d-11ea-bdd3-b88a60e194fb-1-ps,crmid:5224510163,4,Rewards Card,4,Auto Loan
0ef31358-492d-11ea-9bdd-b88a60e194fb-1-ps,crmid:2115914169,4,Travel Card,3,Business Loan
0ef3fc68-492d-11ea-93d9-b88a60e194fb-1-ps,crmid:4718407777,4,Simplicity Card,3,Auto Loan
0ef64640-492d-11ea-8b05-b88a60e194fb-1-ps,crmid:7935485999,5,Student Card,5,Personal Loan
0ef7f402-492d-11ea-a08d-b88a60e194fb-1-ps,crmid:9866550973,4,Simplicity Card,6,Personal Loan
0ef97b1e-492d-11ea-acec-b88a60e194fb-1-ps,crmid:4632565922,3,Platinum Card,2,Student Loan
0efa6626-492d-11ea-aabe-b88a60e194fb-1-ps,crmid:6480241240,3,Student Card,2,Auto Loan
0fdc1082-492d-11ea-8d2a-b88a60e194fb-1-ps,crmid:6144199796,3,Travel Card,2,Auto Loan
0fdd6ff0-492d-11ea-b572-b88a60e194fb-1-ps,crmid:6541059613,4,Student Card,4,Business Loan
0fde8168-492d-11ea-a51e-b88a60e194fb-1-ps,crmid:1299447737,6,Simplicity Card,4,Personal Loan
0fdf92c0-492d-11ea-9429-b88a60e194fb-1-ps,crmid:1039735617,4,Platinum Card,7,Auto Loan
0fe0a45e-492d-11ea-b42d-b88a60e194fb-1-ps,crmid:9126848222,7,Platinum Card,5,Business Loan
0fe1b600-492d-11ea-b3ed-b88a60e194fb-1-ps,crmid:3217532557,2,Simplicity Card,6,Personal Loan
0fe278ee-492d-11ea-a8c6-b88a60e194fb-1-ps,crmid:2741838619,3,Dividend Card,5,Auto Loan
0fe3b186-492d-11ea-bf41-b88a60e194fb-1-ps,crmid:8935892602,5,Dividend Card,4,Auto Loan
0fe49bd4-492d-11ea-a563-b88a60e194fb-1-ps,crmid:1188926477,6,Dividend Card,2,Personal Loan
0fe5865c-492d-11ea-8167-b88a60e194fb-1-ps,crmid:3868132861,4,Simplicity Card,2,Business Loan
0fe6979c-492d-11ea-8852-b88a60e194fb-1-ps,crmid:2284391735,5,Student Card,4,Business Loan
0fe78200-492d-11ea-82e8-b88a60e194fb-1-ps,crmid:3449493301,3,Travel Card,2,Business Loan
10b97646-492d-11ea-a5ff-b88a60e194fb-1-ps,crmid:5061000834,3,Business Card,5,Business Loan
10ba60d0-492d-11ea-a92d-b88a60e194fb-1-ps,crmid:4785911463,5,Travel Card,4,Auto Loan
10bb2418-492d-11ea-a291-b88a60e194fb-1-ps,crmid:5750698941,4,Travel Card,5,Personal Loan
10bc0e66-492d-11ea-8772-b88a60e194fb-1-ps,crmid:3508755095,6,Platinum Card,5,Personal Loan
10bcf8ba-492d-11ea-a952-b88a60e194fb-1-ps,crmid:6931708892,5,Travel Card,4,Personal Loan
10be0a18-492d-11ea-bd10-b88a60e194fb-1-ps,crmid:9765658313,3,Platinum Card,6,Personal Loan
10bf1d06-492d-11ea-8163-b88a60e194fb-1-ps,crmid:8293679222,4,Platinum Card,4,Personal Loan
10bfe028-492d-11ea-a799-b88a60e194fb-1-ps,crmid:7081560508,4,Student Card,5,Auto Loan
10c13e66-492d-11ea-af71-b88a60e194fb-1-ps,crmid:2107547166,3,Dividend Card,5,Business Loan
10c27708-492d-11ea-a711-b88a60e194fb-1-ps,crmid:3992181814,4,Simplicity Card,6,Business Loan
10c3fda4-492d-11ea-ad12-b88a60e194fb-1-ps,crmid:5564390915,4,Simplicity Card,5,Student Loan
10c50f00-492d-11ea-9589-b88a60e194fb-1-ps,crmid:4533790184,5,Rewards Card,3,Personal Loan
10c5fa9a-492d-11ea-a20f-b88a60e194fb-1-ps,crmid:7913000390,2,Platinum Card,2,Auto Loan
118bb88c-492d-11ea-98dd-b88a60e194fb-1-ps,crmid:8165791097,4,Simplicity Card,4,Business Loan
118ca2dc-492d-11ea-a45c-b88a60e194fb-1-ps,crmid:2783084640,4,Business Card,4,Personal Loan
118db452-492d-11ea-9a3d-b88a60e194fb-1-ps,crmid:3045486368,4,Rewards Card,2,Auto Loan
118eecdc-492d-11ea-aba9-b88a60e194fb-1-ps,crmid:5859886596,3,Dividend Card,4,Personal Loan
11902548-492d-11ea-a081-b88a60e194fb-1-ps,crmid:8408574929,3,Business Card,3,Personal Loan
11910fb4-492d-11ea-8e95-b88a60e194fb-1-ps,crmid:6399253083,4,Dividend Card,5,Personal Loan
1191fa12-492d-11ea-9f36-b88a60e194fb-1-ps,crmid:5962159421,2,Rewards Card,6,Student Loan
119359b8-492d-11ea-8bf4-b88a60e194fb-1-ps,crmid:6596800512,4,Student Card,5,Personal Loan
1194e03a-492d-11ea-8bcd-b88a60e194fb-1-ps,crmid:2847239071,5,Student Card,4,Student Loan
1195f194-492d-11ea-b3c0-b88a60e194fb-1-ps,crmid:2808366950,4,Business Card,5,Personal Loan
1196dc18-492d-11ea-8411-b88a60e194fb-1-ps,crmid:3670884745,9,Simplicity Card,3,Personal Loan
1198147e-492d-11ea-9ea7-b88a60e194fb-1-ps,crmid:9335008646,5,Platinum Card,9,Personal Loan
11994d1a-492d-11ea-9dd2-b88a60e194fb-1-ps,crmid:9706824988,6,Travel Card,4,Business Loan
1286b85c-492d-11ea-9048-b88a60e194fb-1-ps,crmid:4261529520,6,Dividend Card,5,Student Loan
1287a2ae-492d-11ea-837f-b88a60e194fb-1-ps,crmid:5635545323,4,Simplicity Card,4,Personal Loan
12892948-492d-11ea-aab4-b88a60e194fb-1-ps,crmid:1340190037,3,Travel Card,3,Auto Loan
128a88e8-492d-11ea-8287-b88a60e194fb-1-ps,crmid:4920970434,5,Student Card,5,Personal Loan
128b7376-492d-11ea-bf05-b88a60e194fb-1-ps,crmid:1469259106,8,Rewards Card,5,Business Loan
128c8490-492d-11ea-b9e9-b88a60e194fb-1-ps,crmid:5713524985,4,Student Card,5,Student Loan
128e3246-492d-11ea-9ac9-b88a60e194fb-1-ps,crmid:2884827644,6,Dividend Card,6,Student Loan
1290071a-492d-11ea-ba14-b88a60e194fb-1-ps,crmid:4877662702,9,Student Card,5,Business Loan
12911864-492d-11ea-9fa1-b88a60e194fb-1-ps,crmid:9654643168,3,Business Card,3,Personal Loan
129229d8-492d-11ea-bbcc-b88a60e194fb-1-ps,crmid:4156723389,3,Simplicity Card,3,Auto Loan
12936274-492d-11ea-bc65-b88a60e194fb-1-ps,crmid:9542927381,5,Dividend Card,4,Personal Loan
129473cc-492d-11ea-81c9-b88a60e194fb-1-ps,crmid:6089274948,6,Dividend Card,5,Student Loan
1353077e-492d-11ea-9252-b88a60e194fb-1-ps,crmid:2893526111,5,Travel Card,5,Personal Loan
13544146-492d-11ea-979a-b88a60e194fb-1-ps,crmid:8470345861,4,Dividend Card,4,Personal Loan
13557824-492d-11ea-9454-b88a60e194fb-1-ps,crmid:8956106177,4,Student Card,4,Business Loan
135689d0-492d-11ea-964a-b88a60e194fb-1-ps,crmid:1182696028,4,Rewards Card,3,Personal Loan
13579c68-492d-11ea-b72f-b88a60e194fb-1-ps,crmid:6971126988,4,Rewards Card,4,Student Loan
135886d2-492d-11ea-94f8-b88a60e194fb-1-ps,crmid:6820186155,4,Business Card,5,Personal Loan
13594a1e-492d-11ea-b109-b88a60e194fb-1-ps,crmid:5599840378,5,Dividend Card,3,Auto Loan
135a5a3a-492d-11ea-b0a9-b88a60e194fb-1-ps,crmid:5117996225,4,Dividend Card,6,Auto Loan
135b45e2-492d-11ea-a7da-b88a60e194fb-1-ps,crmid:8151419192,4,Dividend Card,5,Auto Loan
135c305e-492d-11ea-a9ee-b88a60e194fb-1-ps,crmid:2283558456,6,Business Card,4,Business Loan
135d407a-492d-11ea-aa71-b88a60e194fb-1-ps,crmid:8380598154,4,Business Card,4,Personal Loan
135e5308-492d-11ea-9de3-b88a60e194fb-1-ps,crmid:7211203878,3,Business Card,4,Business Loan
135f3c68-492d-11ea-b0a8-b88a60e194fb-1-ps,crmid:7596952753,4,Travel Card,3,Personal Loan
14193bc8-492d-11ea-80ee-b88a60e194fb-1-ps,crmid:2883333284,5,Travel Card,4,Auto Loan
141a276e-492d-11ea-8e8e-b88a60e194fb-1-ps,crmid:4164819473,4,Student Card,4,Personal Loan
141b3786-492d-11ea-a28d-b88a60e194fb-1-ps,crmid:3422416080,2,Dividend Card,4,Personal Loan
141bfbca-492d-11ea-b7f5-b88a60e194fb-1-ps,crmid:9498114849,4,Simplicity Card,4,Student Loan
141ce5ca-492d-11ea-8b91-b88a60e194fb-1-ps,crmid:5099373794,6,Dividend Card,8,Business Loan
141df6e6-492d-11ea-bcf2-b88a60e194fb-1-ps,crmid:2022746493,4,Business Card,5,Personal Loan
141f0906-492d-11ea-9d49-b88a60e194fb-1-ps,crmid:3766572716,5,Business Card,5,Business Loan
14204192-492d-11ea-9a7b-b88a60e194fb-1-ps,crmid:1968087233,3,Student Card,8,Business Loan
1421053a-492d-11ea-a5d9-b88a60e194fb-1-ps,crmid:6704365190,4,Dividend Card,4,Auto Loan
1421ee5a-492d-11ea-8b00-b88a60e194fb-1-ps,crmid:9912648729,3,Student Card,7,Personal Loan
1422d9f4-492d-11ea-80b0-b88a60e194fb-1-ps,crmid:4170637354,4,Rewards Card,4,Business Loan
1423eb90-492d-11ea-8215-b88a60e194fb-1-ps,crmid:4929774691,5,Rewards Card,6,Business Loan
1425229e-492d-11ea-baf2-b88a60e194fb-1-ps,crmid:4562646008,4,Platinum Card,4,Personal Loan
14dd9ba4-492d-11ea-a574-b88a60e194fb-1-ps,crmid:9612813056,4,Travel Card,5,Student Loan
14ded408-492d-11ea-8be4-b88a60e194fb-1-ps,crmid:2838936148,4,Simplicity Card,4,Auto Loan
14df9794-492d-11ea-b0db-b88a60e194fb-1-ps,crmid:9472661010,4,Business Card,2,Student Loan
14e081cc-492d-11ea-a603-b88a60e194fb-1-ps,crmid:5383481787,5,Dividend Card,2,Personal Loan
14e1945c-492d-11ea-94cd-b88a60e194fb-1-ps,crmid:9590971204,5,Dividend Card,5,Student Loan
14e27d8c-492d-11ea-b03f-b88a60e194fb-1-ps,crmid:8361793832,3,Simplicity Card,3,Personal Loan
14e38ee4-492d-11ea-aec8-b88a60e194fb-1-ps,crmid:6652038833,3,Rewards Card,7,Student Loan
14e47a4c-492d-11ea-89b6-b88a60e194fb-1-ps,crmid:8714994161,4,Student Card,3,Personal Loan
14e56394-492d-11ea-a12e-b88a60e194fb-1-ps,crmid:2794719921,5,Rewards Card,6,Auto Loan
14e6751e-492d-11ea-bd2a-b88a60e194fb-1-ps,crmid:3186389799,4,Dividend Card,3,Auto Loan
14e739b8-492d-11ea-b31f-b88a60e194fb-1-ps,crmid:7973149317,4,Student Card,3,Business Loan
14e7fc82-492d-11ea-bc4f-b88a60e194fb-1-ps,crmid:7813847092,3,Student Card,2,Auto Loan
15be0eb0-492d-11ea-987a-b88a60e194fb-1-ps,crmid:5197307195,4,Rewards Card,5,Auto Loan
15bf2018-492d-11ea-98d9-b88a60e194fb-1-ps,crmid:3577409471,4,Simplicity Card,2,Business Loan
15c00a8c-492d-11ea-b5be-b88a60e194fb-1-ps,crmid:7875787361,5,Platinum Card,5,Student Loan
15c142d4-492d-11ea-b9ac-b88a60e194fb-1-ps,crmid:1168399299,5,Dividend Card,4,Auto Loan
15c2548c-492d-11ea-a1cf-b88a60e194fb-1-ps,crmid:8480225378,3,Student Card,3,Auto Loan
15c31780-492d-11ea-9e0e-b88a60e194fb-1-ps,crmid:6436292156,3,Rewards Card,6,Personal Loan
15c4506e-492d-11ea-a8b2-b88a60e194fb-1-ps,crmid:4928542717,3,Student Card,3,Auto Loan
15c588b4-492d-11ea-b410-b88a60e194fb-1-ps,crmid:2702455756,5,Business Card,3,Business Loan
15c6c102-492d-11ea-a23b-b88a60e194fb-1-ps,crmid:9936074797,6,Student Card,5,Business Loan
15c7d32c-492d-11ea-9a4b-b88a60e194fb-1-ps,crmid:8956237173,9,Simplicity Card,4,Personal Loan
15c90ae6-492d-11ea-9502-b88a60e194fb-1-ps,crmid:8344799299,5,Rewards Card,4,Student Loan
15ca1cfa-492d-11ea-84ea-b88a60e194fb-1-ps,crmid:6408226338,3,Business Card,5,Auto Loan
15cb7c90-492d-11ea-b13f-b88a60e194fb-1-ps,crmid:4886782697,3,Platinum Card,3,Auto Loan
1697df9e-492d-11ea-a026-b88a60e194fb-1-ps,crmid:4562646008,6,Platinum Card,3,Personal Loan
1698f23a-492d-11ea-86d0-b88a60e194fb-1-ps,crmid:8754324556,3,Student Card,3,Personal Loan
169a0252-492d-11ea-946b-b88a60e194fb-1-ps,crmid:8191747359,3,Platinum Card,5,Personal Loan
169aeca8-492d-11ea-a140-b88a60e194fb-1-ps,crmid:1604861668,5,Student Card,5,Student Loan
169c4c50-492d-11ea-9fa0-b88a60e194fb-1-ps,crmid:7639238027,4,Business Card,4,Auto Loan
169d5dae-492d-11ea-a255-b88a60e194fb-1-ps,crmid:8190476568,6,Business Card,4,Auto Loan
169e9648-492d-11ea-8a52-b88a60e194fb-1-ps,crmid:8544734205,3,Travel Card,4,Auto Loan
169f8092-492d-11ea-bbb4-b88a60e194fb-1-ps,crmid:3450954188,3,Platinum Card,4,Student Loan
16a06afe-492d-11ea-be6f-b88a60e194fb-1-ps,crmid:1082194982,4,Dividend Card,7,Student Loan
16a1a380-492d-11ea-84d5-b88a60e194fb-1-ps,crmid:1333400520,3,Platinum Card,4,Business Loan
16a2b4ae-492d-11ea-a466-b88a60e194fb-1-ps,crmid:6090230563,4,Rewards Card,7,Student Loan
16a3c658-492d-11ea-a7aa-b88a60e194fb-1-ps,crmid:8728095250,2,Platinum Card,9,Auto Loan
16a4feba-492d-11ea-9b05-b88a60e194fb-1-ps,crmid:5970262755,5,Dividend Card,6,Personal Loan
17678b1c-492d-11ea-ba25-b88a60e194fb-1-ps,crmid:8988209280,4,Simplicity Card,3,Personal Loan
17689cb8-492d-11ea-a90b-b88a60e194fb-1-ps,crmid:5271160992,4,Platinum Card,5,Personal Loan
176985b6-492d-11ea-ae24-b88a60e194fb-1-ps,crmid:9013657702,4,Student Card,3,Personal Loan
176a48e8-492d-11ea-aca7-b88a60e194fb-1-ps,crmid:2513818743,5,Student Card,4,Personal Loan
176b333a-492d-11ea-b97d-b88a60e194fb-1-ps,crmid:1820495631,4,Dividend Card,5,Personal Loan
176c44d2-492d-11ea-9fe8-b88a60e194fb-1-ps,crmid:7852329407,4,Platinum Card,5,Personal Loan
176d07f8-492d-11ea-83c3-b88a60e194fb-1-ps,crmid:9148050722,6,Dividend Card,8,Student Loan
176e67a2-492d-11ea-9950-b88a60e194fb-1-ps,crmid:5788808422,5,Travel Card,3,Personal Loan
176f5312-492d-11ea-a923-b88a60e194fb-1-ps,crmid:5126597482,3,Platinum Card,4,Auto Loan
17706330-492d-11ea-b7f7-b88a60e194fb-1-ps,crmid:4923132611,3,Platinum Card,4,Personal Loan
17714dca-492d-11ea-913d-b88a60e194fb-1-ps,crmid:5651452593,4,Platinum Card,9,Personal Loan
1772863a-492d-11ea-bd16-b88a60e194fb-1-ps,crmid:7601702072,2,Platinum Card,5,Personal Loan
177398e2-492d-11ea-85b4-b88a60e194fb-1-ps,crmid:2264390538,4,Dividend Card,6,Personal Loan
18469d28-492d-11ea-b24a-b88a60e194fb-1-ps,crmid:9137629177,4,Platinum Card,2,Personal Loan
1847d598-492d-11ea-833c-b88a60e194fb-1-ps,crmid:4533790184,2,Rewards Card,4,Business Loan
18490e58-492d-11ea-bb89-b88a60e194fb-1-ps,crmid:7818994532,3,Simplicity Card,4,Student Loan
184a6db4-492d-11ea-a0bc-b88a60e194fb-1-ps,crmid:5529278670,3,Rewards Card,8,Auto Loan
184bcd3a-492d-11ea-a0e0-b88a60e194fb-1-ps,crmid:7807732378,6,Rewards Card,3,Personal Loan
184cdeec-492d-11ea-94b0-b88a60e194fb-1-ps,crmid:3517138270,3,Student Card,5,Auto Loan
184df022-492d-11ea-aea7-b88a60e194fb-1-ps,crmid:1693372563,5,Student Card,5,Student Loan
184eda88-492d-11ea-a1bd-b88a60e194fb-1-ps,crmid:8314621896,5,Rewards Card,4,Personal Loan
184febdc-492d-11ea-b462-b88a60e194fb-1-ps,crmid:6684979834,5,Student Card,8,Auto Loan
18514b74-492d-11ea-9343-b88a60e194fb-1-ps,crmid:9562174885,4,Platinum Card,5,Auto Loan
185235d4-492d-11ea-9daa-b88a60e194fb-1-ps,crmid:8202475808,5,Rewards Card,5,Auto Loan
1853473a-492d-11ea-8477-b88a60e194fb-1-ps,crmid:2195578018,5,Platinum Card,5,Student Loan
191a6612-492d-11ea-be3f-b88a60e194fb-1-ps,crmid:2011816313,4,Dividend Card,4,Auto Loan
191b7790-492d-11ea-98ef-b88a60e194fb-1-ps,crmid:1547119407,3,Rewards Card,3,Auto Loan
191c61de-492d-11ea-b117-b88a60e194fb-1-ps,crmid:3862911252,4,Platinum Card,4,Personal Loan
191d4c38-492d-11ea-8587-b88a60e194fb-1-ps,crmid:3671411825,5,Travel Card,5,Business Loan
191e5db4-492d-11ea-8d48-b88a60e194fb-1-ps,crmid:4343633417,4,Student Card,4,Auto Loan
191f480a-492d-11ea-a135-b88a60e194fb-1-ps,crmid:3683063025,5,Simplicity Card,4,Student Loan
19203274-492d-11ea-b3cd-b88a60e194fb-1-ps,crmid:8290271955,5,Simplicity Card,7,Student Loan
192143dc-492d-11ea-bdb5-b88a60e194fb-1-ps,crmid:7847866188,4,Business Card,7,Auto Loan
1922a3e8-492d-11ea-aa98-b88a60e194fb-1-ps,crmid:3312335261,3,Travel Card,8,Auto Loan
1923dbe4-492d-11ea-a31d-b88a60e194fb-1-ps,crmid:8694023338,4,Business Card,1,Personal Loan
19251466-492d-11ea-b2ad-b88a60e194fb-1-ps,crmid:3306444191,4,Simplicity Card,5,Student Loan
192673f0-492d-11ea-a0f4-b88a60e194fb-1-ps,crmid:5846101849,4,Travel Card,4,Personal Loan
192848ba-492d-11ea-9742-b88a60e194fb-1-ps,crmid:9323538829,3,Travel Card,4,Business Loan
19e889f0-492d-11ea-85e3-b88a60e194fb-1-ps,crmid:4960409338,3,Rewards Card,8,Personal Loan
19e975a8-492d-11ea-8644-b88a60e194fb-1-ps,crmid:4928100464,2,Dividend Card,4,Personal Loan
19ea85e8-492d-11ea-9a31-b88a60e194fb-1-ps,crmid:7319299301,4,Simplicity Card,9,Business Loan
19eb4a7a-492d-11ea-b9ce-b88a60e194fb-1-ps,crmid:3951308674,3,Rewards Card,4,Auto Loan
19ec3482-492d-11ea-b17d-b88a60e194fb-1-ps,crmid:2817058392,3,Simplicity Card,4,Personal Loan
19ed1f0a-492d-11ea-8016-b88a60e194fb-1-ps,crmid:2784757236,3,Business Card,3,Personal Loan
19ee307a-492d-11ea-a888-b88a60e194fb-1-ps,crmid:2594754033,5,Student Card,3,Personal Loan
19ef67ba-492d-11ea-9180-b88a60e194fb-1-ps,crmid:7189434346,4,Travel Card,5,Student Loan
19f05374-492d-11ea-9f2c-b88a60e194fb-1-ps,crmid:1221630493,2,Platinum Card,4,Personal Loan
19f13dac-492d-11ea-9f11-b88a60e194fb-1-ps,crmid:9748970518,6,Simplicity Card,4,Personal Loan
19f27608-492d-11ea-82e0-b88a60e194fb-1-ps,crmid:5020470827,3,Travel Card,5,Personal Loan
19f387b6-492d-11ea-9b2c-b88a60e194fb-1-ps,crmid:8304782401,5,Platinum Card,4,Business Loan
19f497a8-492d-11ea-82b9-b88a60e194fb-1-ps,crmid:5017407731,4,Business Card,4,Business Loan
1ab74b38-492d-11ea-b7dd-b88a60e194fb-1-ps,crmid:7476403082,5,Platinum Card,4,Business Loan
1ab85ca4-492d-11ea-a659-b88a60e194fb-1-ps,crmid:3614593164,4,Platinum Card,5,Business Loan
1ab94702-492d-11ea-9744-b88a60e194fb-1-ps,crmid:8973122359,6,Simplicity Card,4,Auto Loan
1aba3152-492d-11ea-8b8a-b88a60e194fb-1-ps,crmid:1962652904,3,Business Card,2,Auto Loan
1abb1bb0-492d-11ea-9ea5-b88a60e194fb-1-ps,crmid:5752908645,4,Simplicity Card,5,Personal Loan
1abbdf06-492d-11ea-9bee-b88a60e194fb-1-ps,crmid:3482601013,3,Rewards Card,4,Auto Loan
1abcf064-492d-11ea-a662-b88a60e194fb-1-ps,crmid:9714013869,4,Business Card,3,Auto Loan
1abddae4-492d-11ea-85f9-b88a60e194fb-1-ps,crmid:9355610209,5,Student Card,4,Auto Loan
1abec678-492d-11ea-a6e2-b88a60e194fb-1-ps,crmid:5590157697,2,Business Card,3,Auto Loan
1abfb05a-492d-11ea-9b60-b88a60e194fb-1-ps,crmid:9618682149,3,Rewards Card,4,Business Loan
1ac09b1e-492d-11ea-99ae-b88a60e194fb-1-ps,crmid:1019077545,4,Business Card,6,Personal Loan
1ac1ab64-492d-11ea-9959-b88a60e194fb-1-ps,crmid:2101057834,4,Business Card,3,Personal Loan
1ac295ac-492d-11ea-8298-b88a60e194fb-1-ps,crmid:7403741368,4,Rewards Card,3,Personal Loan
1b887c50-492d-11ea-a272-b88a60e194fb-1-ps,crmid:1852789759,5,Platinum Card,5,Personal Loan
1b89b4a4-492d-11ea-8f00-b88a60e194fb-1-ps,crmid:2920377307,5,Rewards Card,3,Personal Loan
1b8b6262-492d-11ea-a720-b88a60e194fb-1-ps,crmid:4099564592,4,Business Card,3,Student Loan
1b8ce8ee-492d-11ea-b779-b88a60e194fb-1-ps,crmid:4613748328,5,Simplicity Card,2,Student Loan
1b8e969c-492d-11ea-a697-b88a60e194fb-1-ps,crmid:9486859517,5,Dividend Card,4,Auto Loan
1c03c59a-492d-11ea-b11b-b88a60e194fb-1-ps,crmid:5979685027,3,Dividend Card,6,Personal Loan
1c04d84c-492d-11ea-af1d-b88a60e194fb-1-ps,crmid:7052506584,3,Simplicity Card,4,Personal Loan
1c05c14c-492d-11ea-90cb-b88a60e194fb-1-ps,crmid:2784757236,5,Travel Card,4,Auto Loan
1c06849e-492d-11ea-9733-b88a60e194fb-1-ps,crmid:4219407566,5,Simplicity Card,4,Student Loan
1c07bd30-492d-11ea-a6eb-b88a60e194fb-1-ps,crmid:8264212412,4,Business Card,5,Auto Loan
1c08ce92-492d-11ea-a811-b88a60e194fb-1-ps,crmid:2591365500,1,Simplicity Card,4,Auto Loan
1c09ba46-492d-11ea-9159-b88a60e194fb-1-ps,crmid:2024733120,4,Simplicity Card,2,Personal Loan
1c0af17e-492d-11ea-ad2c-b88a60e194fb-1-ps,crmid:7457112268,5,Travel Card,5,Student Loan
1cc3df98-492d-11ea-b1f2-b88a60e194fb-1-ps,crmid:3770587554,1,Dividend Card,5,Business Loan
1cc51818-492d-11ea-bc79-b88a60e194fb-1-ps,crmid:6925384722,4,Travel Card,5,Personal Loan
1cc629dc-492d-11ea-a8a2-b88a60e194fb-1-ps,crmid:8921767817,3,Travel Card,4,Personal Loan
1cc713e2-492d-11ea-bcf6-b88a60e194fb-1-ps,crmid:7508619371,5,Dividend Card,3,Auto Loan
1cc7d730-492d-11ea-b604-b88a60e194fb-1-ps,crmid:3229255321,5,Rewards Card,6,Auto Loan
1cc8c190-492d-11ea-a450-b88a60e194fb-1-ps,crmid:7120230125,4,Simplicity Card,4,Personal Loan
1cc9abec-492d-11ea-bf64-b88a60e194fb-1-ps,crmid:2365160830,6,Dividend Card,5,Student Loan
1ccb0ba4-492d-11ea-9ead-b88a60e194fb-1-ps,crmid:4287238609,5,Platinum Card,5,Business Loan
1ccc1d1a-492d-11ea-9151-b88a60e194fb-1-ps,crmid:2296869820,6,Platinum Card,3,Business Loan
1ccce068-492d-11ea-bfd6-b88a60e194fb-1-ps,crmid:4062384994,4,Simplicity Card,5,Auto Loan
1ccdf30c-492d-11ea-a122-b88a60e194fb-1-ps,crmid:4549448632,3,Simplicity Card,4,Personal Loan
1cceb658-492d-11ea-8ad7-b88a60e194fb-1-ps,crmid:6866494701,3,Business Card,3,Auto Loan
1ccfc64c-492d-11ea-9b23-b88a60e194fb-1-ps,crmid:8856789070,5,Travel Card,5,Business Loan
1d875530-492d-11ea-8992-b88a60e194fb-1-ps,crmid:8865153139,4,Platinum Card,4,Student Loan
1d883f8a-492d-11ea-9fde-b88a60e194fb-1-ps,crmid:8696516643,4,Rewards Card,4,Student Loan
1d8902d4-492d-11ea-970c-b88a60e194fb-1-ps,crmid:1375969252,5,Business Card,4,Personal Loan
1d89ed46-492d-11ea-8f6b-b88a60e194fb-1-ps,crmid:3516313706,5,Simplicity Card,3,Auto Loan
1d8ad7a4-492d-11ea-a8fb-b88a60e194fb-1-ps,crmid:4492456204,4,Business Card,5,Business Loan
1d8b9aec-492d-11ea-b03f-b88a60e194fb-1-ps,crmid:1693621656,4,Dividend Card,4,Auto Loan
1d8cd4a4-492d-11ea-b74f-b88a60e194fb-1-ps,crmid:3997714333,3,Simplicity Card,3,Business Loan
1d8d96ac-492d-11ea-83d6-b88a60e194fb-1-ps,crmid:1850437175,4,Platinum Card,4,Personal Loan
1d8ea81e-492d-11ea-9c29-b88a60e194fb-1-ps,crmid:5954665028,3,Dividend Card,3,Personal Loan
1d8f9298-492d-11ea-93f2-b88a60e194fb-1-ps,crmid:7460775180,6,Platinum Card,4,Personal Loan
1d914046-492d-11ea-8145-b88a60e194fb-1-ps,crmid:8351086487,6,Simplicity Card,4,Business Loan
1d9278ae-492d-11ea-8fe9-b88a60e194fb-1-ps,crmid:3244256096,3,Travel Card,4,Business Loan
1d938a7e-492d-11ea-90ac-b88a60e194fb-1-ps,crmid:5590157697,4,Platinum Card,3,Auto Loan
1e561512-492d-11ea-b28a-b88a60e194fb-1-ps,crmid:8953851856,5,Dividend Card,6,Business Loan
1e574d78-492d-11ea-850a-b88a60e194fb-1-ps,crmid:4422273174,5,Rewards Card,5,Business Loan
1e58ad42-492d-11ea-a7a8-b88a60e194fb-1-ps,crmid:1098966630,6,Rewards Card,4,Personal Loan
1e59be66-492d-11ea-ba08-b88a60e194fb-1-ps,crmid:7288359124,3,Dividend Card,3,Personal Loan
1e5b4510-492d-11ea-afba-b88a60e194fb-1-ps,crmid:6456757039,3,Simplicity Card,5,Auto Loan
1e5c5698-492d-11ea-a9f8-b88a60e194fb-1-ps,crmid:4541350746,3,Platinum Card,4,Auto Loan
1e5d4106-492d-11ea-940f-b88a60e194fb-1-ps,crmid:7011575910,4,Platinum Card,4,Personal Loan
1e5e5252-492d-11ea-a282-b88a60e194fb-1-ps,crmid:8237364697,3,Simplicity Card,3,Auto Loan
1e5f63c8-492d-11ea-a194-b88a60e194fb-1-ps,crmid:4751781597,5,Student Card,8,Business Loan
1e604e3e-492d-11ea-9f1b-b88a60e194fb-1-ps,crmid:6871741491,5,Travel Card,5,Student Loan
1e6186a6-492d-11ea-aabf-b88a60e194fb-1-ps,crmid:7369193986,4,Dividend Card,4,Student Loan
1e62bf12-492d-11ea-b1d4-b88a60e194fb-1-ps,crmid:4025488079,4,Student Card,4,Personal Loan
1e63d0a8-492d-11ea-9212-b88a60e194fb-1-ps,crmid:1051141631,5,Travel Card,3,Personal Loan
