id,crmid,propensity_room_upgrade,propensity_extended_nights
db1b00b6-914c-11ea-acf2-b88a60e194fb,crmid:3355481099,8,4
db1c8876-914c-11ea-a5e1-b88a60e194fb,crmid:6923239711,9,4
db1dfb5c-914c-11ea-9b23-b88a60e194fb,crmid:4825607824,3,7
db1fbbdc-914c-11ea-a35b-b88a60e194fb,crmid:9680972170,9,2
db21a3d0-914c-11ea-8b82-b88a60e194fb,crmid:6462187976,6,4
db23c6b0-914c-11ea-a212-b88a60e194fb,crmid:8455930611,7,5
db2587d2-914c-11ea-8dd2-b88a60e194fb,crmid:3743187657,9,4
db282018-914c-11ea-83bf-b88a60e194fb,crmid:2358012239,4,7
db2adefe-914c-11ea-b33d-b88a60e194fb,crmid:2784550040,4,4
db2db1a8-914c-11ea-85e7-b88a60e194fb,crmid:8662295919,4,3
db3022ac-914c-11ea-9aca-b88a60e194fb,crmid:2986298265,5,4
db3280b0-914c-11ea-a445-b88a60e194fb,crmid:9797013708,7,3
db353f30-914c-11ea-89cb-b88a60e194fb,crmid:2214720693,9,3
db374e8c-914c-11ea-afc8-b88a60e194fb,crmid:7434298218,8,5
db399862-914c-11ea-876e-b88a60e194fb,crmid:6884829981,10,3
db3ba7be-914c-11ea-b3a9-b88a60e194fb,crmid:4671148272,8,3
db3e66f8-914c-11ea-89c1-b88a60e194fb,crmid:4535534096,4,5
db404f1c-914c-11ea-a783-b88a60e194fb,crmid:2251634550,8,3
db435c66-914c-11ea-a4c5-b88a60e194fb,crmid:4175124932,8,4
db45b9c6-914c-11ea-b539-b88a60e194fb,crmid:6877862291,8,5
db4803ae-914c-11ea-a38a-b88a60e194fb,crmid:9052210160,5,2
db4a4da2-914c-11ea-b15a-b88a60e194fb,crmid:5824291807,2,8
db4cab22-914c-11ea-986b-b88a60e194fb,crmid:3019716340,3,2
db4ea6e4-914c-11ea-bc6f-b88a60e194fb,crmid:2781334330,9,4
db508f8c-914c-11ea-993c-b88a60e194fb,crmid:9310612904,7,7
db54adf8-914c-11ea-b222-b88a60e194fb,crmid:9147820149,8,5
db573254-914c-11ea-8e39-b88a60e194fb,crmid:4765196012,3,4
db59ca68-914c-11ea-8f7d-b88a60e194fb,crmid:6513086811,6,8
db5c627e-914c-11ea-83ff-b88a60e194fb,crmid:6522383849,8,4
db5f5c82-914c-11ea-92fc-b88a60e194fb,crmid:3916536327,5,4
db61cd30-914c-11ea-87f3-b88a60e194fb,crmid:4029741053,9,4
db63a1cc-914c-11ea-8b7a-b88a60e194fb,crmid:3319039058,5,5
db65015e-914c-11ea-bd87-b88a60e194fb,crmid:2019623316,7,4
db66e9ae-914c-11ea-b2e4-b88a60e194fb,crmid:6249943996,7,6
db68f902-914c-11ea-917e-b88a60e194fb,crmid:6862916187,7,3
db6b2f68-914c-11ea-9b8c-b88a60e194fb,crmid:3727575474,4,3
db6db3f0-914c-11ea-99e2-b88a60e194fb,crmid:5063547341,8,3
db70730a-914c-11ea-88e4-b88a60e194fb,crmid:8879038620,4,5
db7345c0-914c-11ea-a268-b88a60e194fb,crmid:2489793781,5,3
db79873a-914c-11ea-86bd-b88a60e194fb,crmid:5039885247,6,3
db7cf62e-914c-11ea-bb57-b88a60e194fb,crmid:4937493717,3,3
db7f5380-914c-11ea-8b84-b88a60e194fb,crmid:6713716206,7,4
db8114ba-914c-11ea-be74-b88a60e194fb,crmid:3087483427,7,4
db833798-914c-11ea-a3dc-b88a60e194fb,crmid:4675692056,9,3
db856e1a-914c-11ea-8112-b88a60e194fb,crmid:8752514682,8,4
db8819be-914c-11ea-b643-b88a60e194fb,crmid:1040843187,9,4
db8a3c74-914c-11ea-b5c1-b88a60e194fb,crmid:5589947073,4,8
db8c1124-914c-11ea-825a-b88a60e194fb,crmid:3578928665,7,4
db8ed050-914c-11ea-bbfb-b88a60e194fb,crmid:5842795031,9,4
db916848-914c-11ea-9a99-b88a60e194fb,crmid:6692555420,8,3
db938b48-914c-11ea-90dc-b88a60e194fb,crmid:5980630565,6,2
db958726-914c-11ea-900d-b88a60e194fb,crmid:8235406457,8,3
db970d9c-914c-11ea-8a1b-b88a60e194fb,crmid:1037382700,10,0
db996b22-914c-11ea-8723-b88a60e194fb,crmid:7478266816,8,4
db9ba176-914c-11ea-abee-b88a60e194fb,crmid:9605340814,5,3
db9deb70-914c-11ea-9163-b88a60e194fb,crmid:4747974319,9,5
dba05c54-914c-11ea-90cc-b88a60e194fb,crmid:9732760756,8,3
dba2cd8c-914c-11ea-a622-b88a60e194fb,crmid:7751503485,7,5
dba58c82-914c-11ea-9d0d-b88a60e194fb,crmid:2887661066,4,5
dba79bd0-914c-11ea-80db-b88a60e194fb,crmid:3552817247,7,4
dbaa2062-914c-11ea-8a5b-b88a60e194fb,crmid:3293280030,6,4
dbaccbe8-914c-11ea-9b15-b88a60e194fb,crmid:8055363587,10,5
dbaf15cc-914c-11ea-ae15-b88a60e194fb,crmid:5860747692,8,5
dbb1119c-914c-11ea-8d95-b88a60e194fb,crmid:8451406740,6,2
dbb3480c-914c-11ea-bd9a-b88a60e194fb,crmid:9566897753,9,6
dbb55766-914c-11ea-b5f4-b88a60e194fb,crmid:2325985976,8,4
dbb7ef6e-914c-11ea-ae2a-b88a60e194fb,crmid:9840282324,8,4
dbb9feb8-914c-11ea-b8de-b88a60e194fb,crmid:6339446968,5,8
dbbc0e24-914c-11ea-84ba-b88a60e194fb,crmid:7815426960,4,8
dbbe447e-914c-11ea-8f06-b88a60e194fb,crmid:1257758696,7,4
dbc0dc94-914c-11ea-8b3a-b88a60e194fb,crmid:3865532652,9,4
dbc77fa8-914c-11ea-b383-b88a60e194fb,crmid:6903694599,8,4
dbc9546c-914c-11ea-916c-b88a60e194fb,crmid:3924252531,8,5
dbcb5036-914c-11ea-9c88-b88a60e194fb,crmid:4492948063,8,4
dbcdc12e-914c-11ea-a532-b88a60e194fb,crmid:7460687711,4,4
dbcfa982-914c-11ea-bdd1-b88a60e194fb,crmid:3041034195,9,5
dbd191dc-914c-11ea-bd43-b88a60e194fb,crmid:8391366281,5,8
dbd429be-914c-11ea-a2bd-b88a60e194fb,crmid:2762042121,3,4
dbd7e6dc-914c-11ea-902d-b88a60e194fb,crmid:6670784330,7,3
dbda9258-914c-11ea-ad80-b88a60e194fb,crmid:3671943499,6,3
dbdcc8b6-914c-11ea-9e24-b88a60e194fb,crmid:5290337655,3,6
dbdf747a-914c-11ea-8613-b88a60e194fb,crmid:4869754785,4,5
dbe28192-914c-11ea-9e50-b88a60e194fb,crmid:4442607028,6,9
dbe4df02-914c-11ea-b96b-b88a60e194fb,crmid:9541382555,4,8
dbe763dc-914c-11ea-abb4-b88a60e194fb,crmid:6956440890,6,5
dbea97e2-914c-11ea-9d0f-b88a60e194fb,crmid:7299091753,3,7
dbed4352-914c-11ea-9181-b88a60e194fb,crmid:5883922940,3,4
dbef2ba6-914c-11ea-a451-b88a60e194fb,crmid:2870339661,8,3
dbf1758c-914c-11ea-b370-b88a60e194fb,crmid:8169775913,9,4
dbf38500-914c-11ea-822f-b88a60e194fb,crmid:6769860665,5,10
dbf5ced2-914c-11ea-b623-b88a60e194fb,crmid:5860870385,8,2
dbf768fa-914c-11ea-99af-b88a60e194fb,crmid:7090098035,7,4
dbf9ed98-914c-11ea-8471-b88a60e194fb,crmid:9364687978,5,8
dbfc7218-914c-11ea-958b-b88a60e194fb,crmid:8868128387,9,5
dbff0a18-914c-11ea-8f7a-b88a60e194fb,crmid:7133792909,9,4
dc012cf4-914c-11ea-8421-b88a60e194fb,crmid:9990332786,8,5
dc033c46-914c-11ea-8934-b88a60e194fb,crmid:2974956998,4,7
dc05110a-914c-11ea-8c94-b88a60e194fb,crmid:2625585230,9,4
dc06f958-914c-11ea-91a2-b88a60e194fb,crmid:1290212990,7,3
dc096a50-914c-11ea-86bf-b88a60e194fb,crmid:4502431347,3,10
dc0b6612-914c-11ea-816e-b88a60e194fb,crmid:6729066028,4,5
dc0deac6-914c-11ea-8919-b88a60e194fb,crmid:7763596313,6,5
dc106f08-914c-11ea-a53f-b88a60e194fb,crmid:4820725799,7,4
dc129246-914c-11ea-a043-b88a60e194fb,crmid:9956880668,4,6
dc148dc2-914c-11ea-91b1-b88a60e194fb,crmid:4449733135,5,3
dc164f00-914c-11ea-bc59-b88a60e194fb,crmid:3681786118,4,9
dc198346-914c-11ea-bfb7-b88a60e194fb,crmid:2327456986,8,5
dc1c2edc-914c-11ea-8704-b88a60e194fb,crmid:5703087255,5,5
dc1eda64-914c-11ea-8dbb-b88a60e194fb,crmid:9481048880,3,5
dc2137f6-914c-11ea-80a5-b88a60e194fb,crmid:6657562759,3,2
dc24f4f4-914c-11ea-8d17-b88a60e194fb,crmid:5930275179,4,3
dc2765cc-914c-11ea-8694-b88a60e194fb,crmid:2610790123,3,9
dc29c3c2-914c-11ea-827c-b88a60e194fb,crmid:3192522037,3,4
dc2cbd12-914c-11ea-ab2a-b88a60e194fb,crmid:4350796489,9,4
dc2edff0-914c-11ea-8d1e-b88a60e194fb,crmid:6288107609,8,4
dc318b70-914c-11ea-9357-b88a60e194fb,crmid:6160473795,8,4
dc33e8e4-914c-11ea-9758-b88a60e194fb,crmid:7801696549,7,5
dc365a1c-914c-11ea-a748-b88a60e194fb,crmid:9854305797,4,3
dc38f24c-914c-11ea-bde1-b88a60e194fb,crmid:3938118094,5,5
dc3b14c8-914c-11ea-b68c-b88a60e194fb,crmid:1579930572,4,7
dc3cc298-914c-11ea-8ede-b88a60e194fb,crmid:3434403065,4,4
dc3e701e-914c-11ea-87e9-b88a60e194fb,crmid:1608449355,4,8
dc407f8a-914c-11ea-9474-b88a60e194fb,crmid:7584654270,7,4
dc42b61c-914c-11ea-aba9-b88a60e194fb,crmid:2109152072,7,3
dc44c54a-914c-11ea-ae79-b88a60e194fb,crmid:3427256719,6,5
dc468662-914c-11ea-acdc-b88a60e194fb,crmid:7866519124,6,4
dc486eae-914c-11ea-b453-b88a60e194fb,crmid:9398246031,5,9
dc4a9190-914c-11ea-b518-b88a60e194fb,crmid:8885312567,8,5
dc4ca0e2-914c-11ea-8939-b88a60e194fb,crmid:3916201625,5,9
dc4e891a-914c-11ea-9a59-b88a60e194fb,crmid:9507098882,2,3
dc50ac14-914c-11ea-ad86-b88a60e194fb,crmid:9957586094,8,6
dc52f5f8-914c-11ea-95af-b88a60e194fb,crmid:1705223674,4,6
dc552c58-914c-11ea-91c3-b88a60e194fb,crmid:6130014697,9,3
dc56d9f0-914c-11ea-8bfb-b88a60e194fb,crmid:5083192350,8,5
dc58d5c0-914c-11ea-98a6-b88a60e194fb,crmid:2172229325,4,3
dc5b46d2-914c-11ea-a7cb-b88a60e194fb,crmid:6277287532,9,5
dc5dcb5c-914c-11ea-9c9f-b88a60e194fb,crmid:3623866426,5,7
dc5fee34-914c-11ea-9b1c-b88a60e194fb,crmid:4305619431,5,4
dc622482-914c-11ea-95c1-b88a60e194fb,crmid:5412469375,5,2
dc6433da-914c-11ea-8ff4-b88a60e194fb,crmid:1393340510,8,2
dc666a52-914c-11ea-b9d7-b88a60e194fb,crmid:8852899610,7,4
dc68db4c-914c-11ea-aa01-b88a60e194fb,crmid:2054341040,3,2
dc6afe26-914c-11ea-9326-b88a60e194fb,crmid:9958295099,4,8
dc6cd2d2-914c-11ea-9f4f-b88a60e194fb,crmid:1775145509,4,6
dc6f1cca-914c-11ea-bdf7-b88a60e194fb,crmid:1797394649,8,5
dc71058c-914c-11ea-a37c-b88a60e194fb,crmid:7278970925,8,6
dc72ed4c-914c-11ea-8129-b88a60e194fb,crmid:2485029054,9,3
dc751046-914c-11ea-a0fb-b88a60e194fb,crmid:2162880921,8,2
dc7746b6-914c-11ea-a18a-b88a60e194fb,crmid:9736210352,8,4
dc797ce8-914c-11ea-9bc6-b88a60e194fb,crmid:6651181660,5,6
dc7b78c6-914c-11ea-b2fd-b88a60e194fb,crmid:7791447897,6,3
dc7d9b98-914c-11ea-9f44-b88a60e194fb,crmid:3741202339,5,3
dc7faaf6-914c-11ea-9c31-b88a60e194fb,crmid:2990605927,3,4
dc81cdd4-914c-11ea-ac62-b88a60e194fb,crmid:4145633603,3,5
dc83a290-914c-11ea-9bbb-b88a60e194fb,crmid:3596466543,8,5
dc85c5dc-914c-11ea-89d4-b88a60e194fb,crmid:6949468853,8,4
dc87c136-914c-11ea-a90e-b88a60e194fb,crmid:2435458179,6,7
dc8a45be-914c-11ea-ad9d-b88a60e194fb,crmid:1612373325,3,5
dc8d04d8-914c-11ea-98a2-b88a60e194fb,crmid:2193650188,3,4
dc8fd786-914c-11ea-bb12-b88a60e194fb,crmid:2487698133,8,5
dc92e4c2-914c-11ea-9b74-b88a60e194fb,crmid:8487995420,8,3
dc95f200-914c-11ea-b7ec-b88a60e194fb,crmid:8912181360,8,4
dc988a02-914c-11ea-95d8-b88a60e194fb,crmid:3633183512,6,9
dc9b2236-914c-11ea-8ccc-b88a60e194fb,crmid:2227702620,3,9
dc9e69e8-914c-11ea-b43a-b88a60e194fb,crmid:2653444370,9,3
dca12900-914c-11ea-b1b4-b88a60e194fb,crmid:1450602750,3,4
dca81a46-914c-11ea-9a7c-b88a60e194fb,crmid:4367415356,4,5
dcaa9ec6-914c-11ea-9636-b88a60e194fb,crmid:1937987054,4,3
dcad5dec-914c-11ea-b8fe-b88a60e194fb,crmid:4301160701,3,4
dcafbb64-914c-11ea-9ad9-b88a60e194fb,crmid:5419634653,4,4
dcb23ffe-914c-11ea-b112-b88a60e194fb,crmid:4245128590,9,5
dcb44f36-914c-11ea-9777-b88a60e194fb,crmid:2926613537,6,3
dcb6c024-914c-11ea-b827-b88a60e194fb,crmid:1913463897,4,4
dcb8cf9c-914c-11ea-bd50-b88a60e194fb,crmid:6421817693,3,4
dcbb5408-914c-11ea-8cc2-b88a60e194fb,crmid:8623208559,7,4
dcbdc4fe-914c-11ea-9fc5-b88a60e194fb,crmid:4936238138,9,5
dcc03602-914c-11ea-91e9-b88a60e194fb,crmid:2271361673,7,3
dcc2a6f4-914c-11ea-b09b-b88a60e194fb,crmid:6193616115,3,8
dcc4dd58-914c-11ea-b3ed-b88a60e194fb,crmid:4795538178,3,7
dcc74e64-914c-11ea-9b38-b88a60e194fb,crmid:8014472895,7,3
dcc9ac36-914c-11ea-8f1e-b88a60e194fb,crmid:6338044213,10,5
dccbf5b6-914c-11ea-935b-b88a60e194fb,crmid:2394807847,9,4
dcce0528-914c-11ea-9ac0-b88a60e194fb,crmid:1799196145,9,5
dcd089a2-914c-11ea-aa39-b88a60e194fb,crmid:1572230068,6,4
dcd2ac7a-914c-11ea-b378-b88a60e194fb,crmid:7889787107,7,3
dcd54488-914c-11ea-937e-b88a60e194fb,crmid:4986267414,4,3
dcd7f024-914c-11ea-8818-b88a60e194fb,crmid:9045081543,9,4
dcdb7282-914c-11ea-a868-b88a60e194fb,crmid:7962635671,5,4
dcde7fba-914c-11ea-bc32-b88a60e194fb,crmid:8527787155,8,4
dce13ed4-914c-11ea-8425-b88a60e194fb,crmid:5680642044,7,3
dce388be-914c-11ea-b9f3-b88a60e194fb,crmid:9754681220,9,3
dce5e6c2-914c-11ea-b78c-b88a60e194fb,crmid:4032893038,2,4
dce86acc-914c-11ea-a87a-b88a60e194fb,crmid:2399776274,10,5
dcea8d9a-914c-11ea-bc65-b88a60e194fb,crmid:3129636893,4,9
dcecc406-914c-11ea-b909-b88a60e194fb,crmid:3565707155,5,4
dcef0dfe-914c-11ea-9dcf-b88a60e194fb,crmid:4572236428,9,4
dcf16b64-914c-11ea-89ad-b88a60e194fb,crmid:8752731810,5,8
dcf3c8d2-914c-11ea-adb4-b88a60e194fb,crmid:7811971267,7,4
dcf77254-914c-11ea-ab9a-b88a60e194fb,crmid:6606617266,8,3
dcfa7f8c-914c-11ea-978b-b88a60e194fb,crmid:7942177192,4,9
