id,timestamp,crmid,orderid,prod_sku,prod_name,prod_category,prod_ownership,purchase_amt,units,currency_type,branchid
20a52368-4c73-11ea-8a31-b88a60e194fb-1,2020-01-28T06:31:31.000Z,crmid:6772020776,20a52368-4c73-11ea-8a31-b88a60e194fb,prd1062,Mortgage: VA,Mortgage,Personal,15511.34,1,USD,branchid:11024
20a5e624-4c73-11ea-abbe-b88a60e194fb-1,2020-01-19T13:38:46.000Z,crmid:9306913233,20a5e624-4c73-11ea-abbe-b88a60e194fb,prd1174,Traditional IRA,Retirement,Personal,229065.51,1,USD,branchid:11129
20a6cf46-4c73-11ea-824c-b88a60e194fb-1,2020-01-31T20:32:16.000Z,crmid:9947158467,20a6cf46-4c73-11ea-824c-b88a60e194fb,prd1185,Mortgage: FHA,Mortgage,Personal,3138709.72,1,USD,branchid:11008
20a7bae2-4c73-11ea-8cc9-b88a60e194fb-1,2020-01-12T04:58:02.000Z,crmid:3005672075,20a7bae2-4c73-11ea-8cc9-b88a60e194fb,prd1155,CDs: 5 year,Investment,Personal,3225815.72,1,USD,branchid:11108
20a8cc52-4c73-11ea-8f48-b88a60e194fb-1,2020-01-07T10:15:06.000Z,crmid:4474196366,20a8cc52-4c73-11ea-8f48-b88a60e194fb,prd1150,Money Market,Investment,Personal,228638.56,1,USD,branchid:11034
20a9b68c-4c73-11ea-afb5-b88a60e194fb-1,2020-01-23T19:27:22.000Z,crmid:3387654626,20a9b68c-4c73-11ea-afb5-b88a60e194fb,prd1046,Mortgage: VA,Mortgage,Personal,3020170.12,1,USD,branchid:11093
20fdefda-4c73-11ea-85c2-b88a60e194fb-1,2020-01-02T14:58:09.000Z,crmid:7379612082,20fdefda-4c73-11ea-85c2-b88a60e194fb,prd1110,Traditional IRA,Retirement,Personal,3161328.62,1,USD,branchid:11046
20fedb3a-4c73-11ea-bf1c-b88a60e194fb-1,2020-01-22T18:01:54.000Z,crmid:9886043502,20fedb3a-4c73-11ea-bf1c-b88a60e194fb,prd1131,Employee Stock Purchase Plans,Investment,Personal,217812.89,1,USD,branchid:11148
210087f8-4c73-11ea-ae13-b88a60e194fb-1,2020-01-03T07:43:29.000Z,crmid:9820626884,210087f8-4c73-11ea-ae13-b88a60e194fb,prd1013,Mortgage: FHA,Mortgage,Personal,12429.06,1,USD,branchid:11043
21020e94-4c73-11ea-9a7f-b88a60e194fb-1,2020-01-02T15:11:10.000Z,crmid:6086581255,21020e94-4c73-11ea-9a7f-b88a60e194fb,prd1153,CDs: 1 year,Investment,Personal,19227.19,1,USD,branchid:11003
2102f94c-4c73-11ea-be0c-b88a60e194fb-1,2020-01-14T09:44:11.000Z,crmid:7198298472,2102f94c-4c73-11ea-be0c-b88a60e194fb,prd1114,CDs: 3 month,Investment,Personal,18317.19,1,USD,branchid:11135
2103bd7a-4c73-11ea-b12e-b88a60e194fb-1,2020-01-06T11:48:17.000Z,crmid:5544575939,2103bd7a-4c73-11ea-b12e-b88a60e194fb,prd1155,CDs: 5 year,Investment,Personal,91417.5,1,USD,branchid:11092
2104a692-4c73-11ea-85e9-b88a60e194fb-1,2020-01-28T06:55:30.000Z,crmid:7295157952,2104a692-4c73-11ea-85e9-b88a60e194fb,prd1120,Mortgage: 10/1 ARM,Mortgage,Personal,18759.21,1,USD,branchid:11095
215c3c30-4c73-11ea-86c0-b88a60e194fb-1,2020-01-30T03:00:18.000Z,crmid:6576585208,215c3c30-4c73-11ea-86c0-b88a60e194fb,prd1062,Mortgage: VA,Mortgage,Personal,208729.19,1,USD,branchid:11053
215d4d92-4c73-11ea-a8be-b88a60e194fb-1,2020-01-22T14:17:06.000Z,crmid:8423208714,215d4d92-4c73-11ea-a8be-b88a60e194fb,prd1181,Mortgage: 5/1 ARM,Mortgage,Personal,15629.65,1,USD,branchid:11019
215e8614-4c73-11ea-b781-b88a60e194fb-1,2020-01-29T00:28:07.000Z,crmid:4829938355,215e8614-4c73-11ea-b781-b88a60e194fb,prd1056,CDs: 5 year,Investment,Personal,10569.45,1,USD,branchid:11122
215f9862-4c73-11ea-b6a9-b88a60e194fb-1,2020-01-30T01:23:43.000Z,crmid:9017027295,215f9862-4c73-11ea-b6a9-b88a60e194fb,prd1151,Mortgage: 10 yr Fixed,Mortgage,Personal,13085.08,1,USD,branchid:11076
2160a90a-4c73-11ea-8931-b88a60e194fb-1,2020-01-26T20:45:31.000Z,crmid:9963483836,2160a90a-4c73-11ea-8931-b88a60e194fb,prd1182,Brokerage Account,Investment,Personal,230597.76,1,USD,branchid:11092
2161ba9e-4c73-11ea-a594-b88a60e194fb-1,2020-01-07T00:18:07.000Z,crmid:4977274034,2161ba9e-4c73-11ea-a594-b88a60e194fb,prd1045,Mortgage: 10/1 ARM,Mortgage,Personal,193695.65,1,USD,branchid:11127
216319fe-4c73-11ea-874e-b88a60e194fb-1,2020-01-26T20:22:43.000Z,crmid:6728111920,216319fe-4c73-11ea-874e-b88a60e194fb,prd1045,Mortgage: 10/1 ARM,Mortgage,Personal,149626.59,1,USD,branchid:11052
21bb9a24-4c73-11ea-a810-b88a60e194fb-1,2020-01-29T06:54:00.000Z,crmid:4475570824,21bb9a24-4c73-11ea-a810-b88a60e194fb,prd1159,CDs: 3 month,Investment,Personal,12451.1,1,USD,branchid:11012
21bc5d62-4c73-11ea-8719-b88a60e194fb-1,2020-01-07T01:02:42.000Z,crmid:4720027290,21bc5d62-4c73-11ea-8719-b88a60e194fb,prd1112,Fixed Deposit,Investment,Personal,201026.24,1,USD,branchid:11022
21bd20b8-4c73-11ea-920c-b88a60e194fb-1,2020-01-01T18:15:07.000Z,crmid:7077585009,21bd20b8-4c73-11ea-920c-b88a60e194fb,prd1068,Mortgage: 7/1 ARM,Mortgage,Personal,206245.82,1,USD,branchid:11026
21bde406-4c73-11ea-9792-b88a60e194fb-1,2020-01-11T02:35:01.000Z,crmid:1842391389,21bde406-4c73-11ea-9792-b88a60e194fb,prd1035,Pension Account,Retirement,Personal,239403.08,1,USD,branchid:11052
21bece6c-4c73-11ea-85b1-b88a60e194fb-1,2020-01-03T06:38:39.000Z,crmid:2608207319,21bece6c-4c73-11ea-85b1-b88a60e194fb,prd1030,401k,Retirement,Personal,15146.92,1,USD,branchid:11113
21bf91c6-4c73-11ea-9d65-b88a60e194fb-1,2020-01-05T14:22:25.000Z,crmid:7507760930,21bf91c6-4c73-11ea-9d65-b88a60e194fb,prd1027,Mortgage: 30-yr Fixed,Mortgage,Personal,10363.66,1,USD,branchid:11103
21c07c1e-4c73-11ea-b533-b88a60e194fb-1,2020-01-27T11:47:49.000Z,crmid:6432410608,21c07c1e-4c73-11ea-b533-b88a60e194fb,prd1181,Mortgage: 5/1 ARM,Mortgage,Personal,279493.09,1,USD,branchid:11019
22194aae-4c73-11ea-a827-b88a60e194fb-1,2020-01-19T14:42:22.000Z,crmid:7234988547,22194aae-4c73-11ea-a827-b88a60e194fb,prd1062,Mortgage: VA,Mortgage,Personal,19573.2,1,USD,branchid:11098
221a0db6-4c73-11ea-946c-b88a60e194fb-1,2020-01-12T23:01:20.000Z,crmid:5563847407,221a0db6-4c73-11ea-946c-b88a60e194fb,prd1032,Home Equity Loan,Mortgage,Personal,155593.41,1,USD,branchid:11059
221af80c-4c73-11ea-9c81-b88a60e194fb-1,2020-01-28T13:53:18.000Z,crmid:5332343146,221af80c-4c73-11ea-9c81-b88a60e194fb,prd1042,Roth IRA,Retirement,Personal,170452.03,1,USD,branchid:11119
221be26c-4c73-11ea-a840-b88a60e194fb-1,2020-01-18T11:12:32.000Z,crmid:3422416771,221be26c-4c73-11ea-a840-b88a60e194fb,prd1155,CDs: 5 year,Investment,Personal,14471.46,1,USD,branchid:11144
221cccf6-4c73-11ea-8e08-b88a60e194fb-1,2020-01-24T22:46:24.000Z,crmid:8686729808,221cccf6-4c73-11ea-8e08-b88a60e194fb,prd1110,Traditional IRA,Retirement,Personal,12868.34,1,USD,branchid:11133
221d917a-4c73-11ea-a35a-b88a60e194fb-1,2020-01-13T19:51:11.000Z,crmid:6398929364,221d917a-4c73-11ea-a35a-b88a60e194fb,prd1176,Overseas Equity Fund,Investment,Personal,171964.78,1,USD,branchid:11084
221e54e2-4c73-11ea-b8ff-b88a60e194fb-1,2020-01-10T09:14:24.000Z,crmid:3211332559,221e54e2-4c73-11ea-b8ff-b88a60e194fb,prd1025,Brokerage Account,Investment,Personal,12368.64,1,USD,branchid:11145
227a2eee-4c73-11ea-b5c2-b88a60e194fb-1,2020-01-28T19:33:13.000Z,crmid:7176121469,227a2eee-4c73-11ea-b5c2-b88a60e194fb,prd1175,401k,Retirement,Personal,12809.65,1,USD,branchid:11017
227b4086-4c73-11ea-8bc5-b88a60e194fb-1,2020-01-20T03:27:56.000Z,crmid:8286954379,227b4086-4c73-11ea-8bc5-b88a60e194fb,prd1155,CDs: 5 year,Investment,Personal,15952.2,1,USD,branchid:11022
227c03d0-4c73-11ea-bb4c-b88a60e194fb-1,2020-01-16T14:02:51.000Z,crmid:8668430168,227c03d0-4c73-11ea-bb4c-b88a60e194fb,prd1049,Business Brokerage Account,Investment,Business,17876.52,1,USD,branchid:11016
227d1554-4c73-11ea-8d2e-b88a60e194fb-1,2020-01-29T06:46:30.000Z,crmid:3243237759,227d1554-4c73-11ea-8d2e-b88a60e194fb,prd1185,Mortgage: FHA,Mortgage,Personal,11142.85,1,USD,branchid:11133
227e004c-4c73-11ea-9c5c-b88a60e194fb-1,2020-01-13T08:49:58.000Z,crmid:7885733860,227e004c-4c73-11ea-9c5c-b88a60e194fb,prd1045,Mortgage: 10/1 ARM,Mortgage,Personal,4558905.59,1,USD,branchid:11121
227eeae8-4c73-11ea-be92-b88a60e194fb-1,2020-01-14T07:39:38.000Z,crmid:2768755282,227eeae8-4c73-11ea-be92-b88a60e194fb,prd1008,Traditional IRA,Retirement,Personal,9756.91,1,USD,branchid:11069
227ffcc0-4c73-11ea-b28f-b88a60e194fb-1,2020-01-02T06:40:33.000Z,crmid:2159649722,227ffcc0-4c73-11ea-b28f-b88a60e194fb,prd1060,Traditional IRA,Retirement,Personal,96637.96,1,USD,branchid:11087
22f1a8c6-4c73-11ea-9b8e-b88a60e194fb-1,2020-01-13T17:57:36.000Z,crmid:9860675793,22f1a8c6-4c73-11ea-9b8e-b88a60e194fb,prd1047,Mortgage: 10 yr Fixed,Mortgage,Personal,16490.64,1,USD,branchid:11047
22f37d88-4c73-11ea-a03b-b88a60e194fb-1,2020-01-24T10:56:10.000Z,crmid:3225248891,22f37d88-4c73-11ea-a03b-b88a60e194fb,prd1032,Home Equity Loan,Mortgage,Personal,15431.03,1,USD,branchid:11013
22f4dd18-4c73-11ea-befb-b88a60e194fb-1,2020-01-01T20:53:41.000Z,crmid:7566771234,22f4dd18-4c73-11ea-befb-b88a60e194fb,prd1097,Employee Stock Purchase Plans,Investment,Personal,16868.28,1,USD,branchid:11119
22f6b1dc-4c73-11ea-a7a5-b88a60e194fb-1,2020-01-21T00:21:36.000Z,crmid:8615090367,22f6b1dc-4c73-11ea-a7a5-b88a60e194fb,prd1078,Mortgage: 7/1 ARM,Mortgage,Personal,14775.75,1,USD,branchid:11128
22fa0d4c-4c73-11ea-8b89-b88a60e194fb-1,2020-01-03T06:46:54.000Z,crmid:4655805879,22fa0d4c-4c73-11ea-8b89-b88a60e194fb,prd1025,Brokerage Account,Investment,Personal,18783.54,1,USD,branchid:11094
22fbbae4-4c73-11ea-bdc8-b88a60e194fb-1,2020-01-17T13:27:06.000Z,crmid:8527429873,22fbbae4-4c73-11ea-bdc8-b88a60e194fb,prd1125,Mortgage: FHA,Mortgage,Personal,12924.42,1,USD,branchid:11002
22fd1a74-4c73-11ea-bbab-b88a60e194fb-1,2020-01-01T15:41:09.000Z,crmid:2742978808,22fd1a74-4c73-11ea-bbab-b88a60e194fb,prd1077,Roth IRA,Retirement,Personal,158493.77,1,USD,branchid:11006
2359b92c-4c73-11ea-a8f5-b88a60e194fb-1,2020-01-21T11:32:14.000Z,crmid:4371061613,2359b92c-4c73-11ea-a8f5-b88a60e194fb,prd1101,Mortgage: 5/1 ARM,Mortgage,Personal,208897.79,1,USD,branchid:11075
235af1f6-4c73-11ea-9d0f-b88a60e194fb-1,2020-01-28T20:56:59.000Z,crmid:2155881080,235af1f6-4c73-11ea-9d0f-b88a60e194fb,prd1026,Mortgage: 5/1 ARM,Mortgage,Personal,265560.26,1,USD,branchid:11111
235c0388-4c73-11ea-91cb-b88a60e194fb-1,2020-01-22T01:37:12.000Z,crmid:5745600716,235c0388-4c73-11ea-91cb-b88a60e194fb,prd1131,Employee Stock Purchase Plans,Investment,Personal,4764034.42,1,USD,branchid:11036
235d62b0-4c73-11ea-bbfb-b88a60e194fb-1,2020-01-04T05:00:07.000Z,crmid:8132032619,235d62b0-4c73-11ea-bbfb-b88a60e194fb,prd1179,Business Brokerage Account,Investment,Business,179667.68,1,USD,branchid:11003
235e740c-4c73-11ea-a077-b88a60e194fb-1,2020-01-04T09:38:48.000Z,crmid:5879206431,235e740c-4c73-11ea-a077-b88a60e194fb,prd1111,Pension Account,Retirement,Personal,141418.59,1,USD,branchid:11100
235fadf8-4c73-11ea-b6b9-b88a60e194fb-1,2020-01-13T13:40:18.000Z,crmid:7801163291,235fadf8-4c73-11ea-b6b9-b88a60e194fb,prd1045,Mortgage: 10/1 ARM,Mortgage,Personal,210897.89,1,USD,branchid:11017
2360e512-4c73-11ea-af49-b88a60e194fb-1,2020-01-19T23:44:16.000Z,crmid:2939509460,2360e512-4c73-11ea-af49-b88a60e194fb,prd1159,CDs: 3 month,Investment,Personal,172457.16,1,USD,branchid:11113
23d3cb18-4c73-11ea-994f-b88a60e194fb-1,2020-01-15T17:46:01.000Z,crmid:2665185598,23d3cb18-4c73-11ea-994f-b88a60e194fb,prd1120,Mortgage: 10/1 ARM,Mortgage,Personal,16305.92,1,USD,branchid:11133
23d59fd4-4c73-11ea-85ce-b88a60e194fb-1,2020-01-14T04:16:16.000Z,crmid:1437048053,23d59fd4-4c73-11ea-85ce-b88a60e194fb,prd1032,Home Equity Loan,Mortgage,Personal,9601.99,1,USD,branchid:11081
23d72676-4c73-11ea-97de-b88a60e194fb-1,2020-01-07T18:16:05.000Z,crmid:3517877878,23d72676-4c73-11ea-97de-b88a60e194fb,prd1176,Overseas Equity Fund,Investment,Personal,147752.64,1,USD,branchid:11126
23d8d41c-4c73-11ea-b216-b88a60e194fb-1,2020-01-24T18:19:21.000Z,crmid:2472214662,23d8d41c-4c73-11ea-b216-b88a60e194fb,prd1184,Fixed Deposit,Investment,Personal,12627.56,1,USD,branchid:11130
23da81e4-4c73-11ea-a10a-b88a60e194fb-1,2020-01-12T10:16:36.000Z,crmid:3367197252,23da81e4-4c73-11ea-a10a-b88a60e194fb,prd1028,CDs: 1 year,Investment,Personal,18559.79,1,USD,branchid:11021
23dc0880-4c73-11ea-9541-b88a60e194fb-1,2020-01-23T20:54:46.000Z,crmid:6502658764,23dc0880-4c73-11ea-9541-b88a60e194fb,prd1037,Home Equity Loan,Mortgage,Personal,2588583.98,1,USD,branchid:11050
23dd67f6-4c73-11ea-b820-b88a60e194fb-1,2020-01-24T11:41:18.000Z,crmid:5574785414,23dd67f6-4c73-11ea-b820-b88a60e194fb,prd1139,Employee Stock Purchase Plans,Investment,Personal,160321.63,1,USD,branchid:11127
2446b0f8-4c73-11ea-8882-b88a60e194fb-1,2020-01-12T23:12:15.000Z,crmid:7328404781,2446b0f8-4c73-11ea-8882-b88a60e194fb,prd1079,Mortgage: 30-yr Fixed,Mortgage,Personal,16900.94,1,USD,branchid:11014
24479b40-4c73-11ea-b598-b88a60e194fb-1,2020-01-06T02:21:03.000Z,crmid:1911287053,24479b40-4c73-11ea-b598-b88a60e194fb,prd1088,CDs: 1 year,Investment,Personal,14654.32,1,USD,branchid:11032
244885a4-4c73-11ea-a452-b88a60e194fb-1,2020-01-31T22:58:32.000Z,crmid:8755391089,244885a4-4c73-11ea-a452-b88a60e194fb,prd1108,401k,Retirement,Personal,14084.96,1,USD,branchid:11080
2449971a-4c73-11ea-8227-b88a60e194fb-1,2020-01-30T13:22:50.000Z,crmid:7550850221,2449971a-4c73-11ea-8227-b88a60e194fb,prd1042,Roth IRA,Retirement,Personal,15979.16,1,USD,branchid:11029
244af6a8-4c73-11ea-8d6d-b88a60e194fb-1,2020-01-12T17:54:31.000Z,crmid:4735779556,244af6a8-4c73-11ea-8d6d-b88a60e194fb,prd1077,Roth IRA,Retirement,Personal,13960.56,1,USD,branchid:11085
244cf28c-4c73-11ea-b739-b88a60e194fb-1,2020-01-22T23:07:01.000Z,crmid:1394180929,244cf28c-4c73-11ea-b739-b88a60e194fb,prd1008,Traditional IRA,Retirement,Personal,16512.58,1,USD,branchid:11118
244e03dc-4c73-11ea-b76f-b88a60e194fb-1,2020-01-27T12:15:55.000Z,crmid:1207913074,244e03dc-4c73-11ea-b76f-b88a60e194fb,prd1155,CDs: 5 year,Investment,Personal,165911.74,1,USD,branchid:11053
24ad88f8-4c73-11ea-bd60-b88a60e194fb-1,2020-01-02T08:57:02.000Z,crmid:8073506445,24ad88f8-4c73-11ea-bd60-b88a60e194fb,prd1060,Traditional IRA,Retirement,Personal,152722.09,1,USD,branchid:11117
24aee886-4c73-11ea-8f50-b88a60e194fb-1,2020-01-09T06:41:20.000Z,crmid:6706905684,24aee886-4c73-11ea-8f50-b88a60e194fb,prd1030,401k,Retirement,Personal,16390.83,1,USD,branchid:11039
24b0497e-4c73-11ea-a2ff-b88a60e194fb-1,2020-01-21T15:42:34.000Z,crmid:7906169194,24b0497e-4c73-11ea-a2ff-b88a60e194fb,prd1165,Roth IRA,Retirement,Personal,168883.43,1,USD,branchid:11083
24b1a7a4-4c73-11ea-8dfa-b88a60e194fb-1,2020-01-04T11:58:41.000Z,crmid:3662660588,24b1a7a4-4c73-11ea-8dfa-b88a60e194fb,prd1183,Fixed Deposit,Investment,Personal,3308719.29,1,USD,branchid:11115
24b32e4c-4c73-11ea-a31b-b88a60e194fb-1,2020-01-30T01:28:08.000Z,crmid:3767936688,24b32e4c-4c73-11ea-a31b-b88a60e194fb,prd1014,CDs: 3 month,Investment,Personal,17619.26,1,USD,branchid:11061
24b4dbf0-4c73-11ea-9fcf-b88a60e194fb-1,2020-01-17T02:02:01.000Z,crmid:1251424146,24b4dbf0-4c73-11ea-9fcf-b88a60e194fb,prd1117,Brokerage Account,Investment,Personal,10324.03,1,USD,branchid:11126
24b63b80-4c73-11ea-a695-b88a60e194fb-1,2020-01-05T21:24:01.000Z,crmid:9464338796,24b63b80-4c73-11ea-a695-b88a60e194fb,prd1123,Mortgage: 10 yr Fixed,Mortgage,Personal,278528.82,1,USD,branchid:11059
25187f86-4c73-11ea-9d6a-b88a60e194fb-1,2020-01-03T04:41:39.000Z,crmid:6009128233,25187f86-4c73-11ea-9d6a-b88a60e194fb,prd1068,Mortgage: 7/1 ARM,Mortgage,Personal,14501.81,1,USD,branchid:11048
251942dc-4c73-11ea-bee9-b88a60e194fb-1,2020-01-12T04:36:48.000Z,crmid:3135580808,251942dc-4c73-11ea-bee9-b88a60e194fb,prd1083,Pension Account,Retirement,Personal,16613.11,1,USD,branchid:11049
251aa28a-4c73-11ea-a86b-b88a60e194fb-1,2020-01-19T04:48:27.000Z,crmid:5685050395,251aa28a-4c73-11ea-a86b-b88a60e194fb,prd1032,Home Equity Loan,Mortgage,Personal,4213936.43,1,USD,branchid:11047
251b8cec-4c73-11ea-a8e0-b88a60e194fb-1,2020-01-14T13:12:49.000Z,crmid:8857810409,251b8cec-4c73-11ea-a8e0-b88a60e194fb,prd1121,Mortgage: 30-yr Fixed,Mortgage,Personal,15913.1,1,USD,branchid:11081
251c7768-4c73-11ea-a3cd-b88a60e194fb-1,2020-01-01T01:49:36.000Z,crmid:7277760371,251c7768-4c73-11ea-a3cd-b88a60e194fb,prd1083,Pension Account,Retirement,Personal,23516.2,1,USD,branchid:11035
251d6186-4c73-11ea-b734-b88a60e194fb-1,2020-01-03T23:11:56.000Z,crmid:9352732601,251d6186-4c73-11ea-b734-b88a60e194fb,prd1078,Mortgage: 7/1 ARM,Mortgage,Personal,16595.81,1,USD,branchid:11098
251e4c1e-4c73-11ea-9130-b88a60e194fb-1,2020-01-03T09:09:48.000Z,crmid:4894802871,251e4c1e-4c73-11ea-9130-b88a60e194fb,prd1110,Traditional IRA,Retirement,Personal,15714.52,1,USD,branchid:11143
257a9c98-4c73-11ea-8614-b88a60e194fb-1,2020-01-24T23:45:41.000Z,crmid:3054824594,257a9c98-4c73-11ea-8614-b88a60e194fb,prd1046,Mortgage: VA,Mortgage,Personal,12547.38,1,USD,branchid:11103
257bfc34-4c73-11ea-8d2a-b88a60e194fb-1,2020-01-13T13:57:59.000Z,crmid:4493796191,257bfc34-4c73-11ea-8d2a-b88a60e194fb,prd1061,Mortgage: 5/1 ARM,Mortgage,Personal,176314.06,1,USD,branchid:11088
257d0ddc-4c73-11ea-b7d3-b88a60e194fb-1,2020-01-25T13:29:20.000Z,crmid:7379832723,257d0ddc-4c73-11ea-b7d3-b88a60e194fb,prd1042,Roth IRA,Retirement,Personal,14587.06,1,USD,branchid:11052
257e6d2e-4c73-11ea-a3ee-b88a60e194fb-1,2020-01-06T02:14:58.000Z,crmid:1796500974,257e6d2e-4c73-11ea-a3ee-b88a60e194fb,prd1167,Roth IRA,Retirement,Personal,3954415.51,1,USD,branchid:11144
257f31d4-4c73-11ea-b975-b88a60e194fb-1,2020-01-22T22:31:35.000Z,crmid:4394732385,257f31d4-4c73-11ea-b975-b88a60e194fb,prd1030,401k,Retirement,Personal,19275.93,1,USD,branchid:11090
25804208-4c73-11ea-a7ba-b88a60e194fb-1,2020-01-22T10:19:34.000Z,crmid:2442239370,25804208-4c73-11ea-a7ba-b88a60e194fb,prd1024,Mortgage: FHA,Mortgage,Personal,124445.72,1,USD,branchid:11027
25810536-4c73-11ea-b33d-b88a60e194fb-1,2020-01-10T10:14:53.000Z,crmid:2947783364,25810536-4c73-11ea-b33d-b88a60e194fb,prd1184,Fixed Deposit,Investment,Personal,19532.98,1,USD,branchid:11050
25d8e94c-4c73-11ea-8173-b88a60e194fb-1,2020-01-01T00:33:02.000Z,crmid:6230403544,25d8e94c-4c73-11ea-8173-b88a60e194fb,prd1056,CDs: 5 year,Investment,Personal,221141.49,1,USD,branchid:11112
25d9d376-4c73-11ea-bfbc-b88a60e194fb-1,2020-01-01T04:11:14.000Z,crmid:8943471985,25d9d376-4c73-11ea-bfbc-b88a60e194fb,prd1108,401k,Retirement,Personal,17279.54,1,USD,branchid:11069
25da96c6-4c73-11ea-aad0-b88a60e194fb-1,2020-01-07T21:39:48.000Z,crmid:3950888963,25da96c6-4c73-11ea-aad0-b88a60e194fb,prd1029,401k,Retirement,Personal,17838.1,1,USD,branchid:11031
25dba850-4c73-11ea-b1e8-b88a60e194fb-1,2020-01-16T15:11:15.000Z,crmid:9346096789,25dba850-4c73-11ea-b1e8-b88a60e194fb,prd1124,CDs: 5 year,Investment,Personal,3983607.69,1,USD,branchid:11076
25dc6ce2-4c73-11ea-925f-b88a60e194fb-1,2020-01-20T18:42:27.000Z,crmid:5361625339,25dc6ce2-4c73-11ea-925f-b88a60e194fb,prd1029,401k,Retirement,Personal,90137.97,1,USD,branchid:11139
25dd2f00-4c73-11ea-bb97-b88a60e194fb-1,2020-01-14T20:25:02.000Z,crmid:2350698668,25dd2f00-4c73-11ea-bb97-b88a60e194fb,prd1117,Brokerage Account,Investment,Personal,16090.85,1,USD,branchid:11116
25de194c-4c73-11ea-a7f2-b88a60e194fb-1,2020-01-15T01:35:53.000Z,crmid:1443409730,25de194c-4c73-11ea-a7f2-b88a60e194fb,prd1179,Business Brokerage Account,Investment,Business,12333.1,1,USD,branchid:11150
2641e402-4c73-11ea-ae9e-b88a60e194fb-1,2020-01-25T12:16:42.000Z,crmid:9093891292,2641e402-4c73-11ea-ae9e-b88a60e194fb,prd1175,401k,Retirement,Personal,12822.34,1,USD,branchid:11081
2642f570-4c73-11ea-94d2-b88a60e194fb-1,2020-01-08T15:49:50.000Z,ï»¿crmid:7604109539,2642f570-4c73-11ea-94d2-b88a60e194fb,prd1125,Mortgage: FHA,Mortgage,Personal,13657.39,1,USD,branchid:11136
264454f0-4c73-11ea-824c-b88a60e194fb-1,2020-01-01T03:52:19.000Z,crmid:5747703586,264454f0-4c73-11ea-824c-b88a60e194fb,prd1176,Overseas Equity Fund,Investment,Personal,17530.58,1,USD,branchid:11065
2645665c-4c73-11ea-b753-b88a60e194fb-1,2020-01-22T01:26:51.000Z,crmid:3828305663,2645665c-4c73-11ea-b753-b88a60e194fb,prd1045,Mortgage: 10/1 ARM,Mortgage,Personal,14966.51,1,USD,branchid:11025
2646ed00-4c73-11ea-8f55-b88a60e194fb-1,2020-01-24T22:05:50.000Z,crmid:6816069418,2646ed00-4c73-11ea-8f55-b88a60e194fb,prd1025,Brokerage Account,Investment,Personal,8983.71,1,USD,branchid:11070
2647fe82-4c73-11ea-b063-b88a60e194fb-1,2020-01-17T08:32:48.000Z,crmid:6470033578,2647fe82-4c73-11ea-b063-b88a60e194fb,prd1157,Brokerage Account,Investment,Personal,14244.31,1,USD,branchid:11100
26493700-4c73-11ea-8e7b-b88a60e194fb-1,2020-01-09T21:02:06.000Z,crmid:6378335835,26493700-4c73-11ea-8e7b-b88a60e194fb,prd1150,Money Market,Investment,Personal,11893.87,1,USD,branchid:11137
26a69938-4c73-11ea-9b6d-b88a60e194fb-1,2020-01-25T02:26:01.000Z,crmid:6636020396,26a69938-4c73-11ea-9b6d-b88a60e194fb,prd1167,Roth IRA,Retirement,Personal,9363.53,1,USD,branchid:11076
26a75c52-4c73-11ea-968a-b88a60e194fb-1,2020-01-27T05:42:49.000Z,crmid:2778977004,26a75c52-4c73-11ea-968a-b88a60e194fb,prd1120,Mortgage: 10/1 ARM,Mortgage,Personal,267976.11,1,USD,branchid:11032
26a846a8-4c73-11ea-8fee-b88a60e194fb-1,2020-01-16T15:02:29.000Z,crmid:8026572571,26a846a8-4c73-11ea-8fee-b88a60e194fb,prd1060,Traditional IRA,Retirement,Personal,279689.99,1,USD,branchid:11038
26a98012-4c73-11ea-bf13-b88a60e194fb-1,2020-01-24T15:42:35.000Z,crmid:4105584117,26a98012-4c73-11ea-bf13-b88a60e194fb,prd1185,Mortgage: FHA,Mortgage,Personal,106951.49,1,USD,branchid:11100
26aa90c6-4c73-11ea-9e42-b88a60e194fb-1,2020-01-23T01:02:10.000Z,crmid:4943573199,26aa90c6-4c73-11ea-9e42-b88a60e194fb,prd1124,CDs: 5 year,Investment,Personal,14155.55,1,USD,branchid:11088
26abc950-4c73-11ea-a6e0-b88a60e194fb-1,2020-01-14T07:36:10.000Z,crmid:5099373794,26abc950-4c73-11ea-a6e0-b88a60e194fb,prd1024,Mortgage: FHA,Mortgage,Personal,199370.62,1,USD,branchid:11003
26acda9e-4c73-11ea-87ff-b88a60e194fb-1,2020-01-20T00:42:32.000Z,crmid:6220098969,26acda9e-4c73-11ea-87ff-b88a60e194fb,prd1139,Employee Stock Purchase Plans,Investment,Personal,14366.54,1,USD,branchid:11070
27064524-4c73-11ea-ab77-b88a60e194fb-1,2020-01-23T13:17:54.000Z,crmid:4126257940,27064524-4c73-11ea-ab77-b88a60e194fb,prd1060,Traditional IRA,Retirement,Personal,4049851.61,1,USD,branchid:11052
270756b8-4c73-11ea-8057-b88a60e194fb-1,2020-01-18T01:15:07.000Z,crmid:5530475222,270756b8-4c73-11ea-8057-b88a60e194fb,prd1060,Traditional IRA,Retirement,Personal,16797.01,1,USD,branchid:11128
27081a7a-4c73-11ea-991b-b88a60e194fb-1,2020-01-04T15:47:23.000Z,crmid:4364740049,27081a7a-4c73-11ea-991b-b88a60e194fb,prd1047,Mortgage: 10 yr Fixed,Mortgage,Personal,10901.99,1,USD,branchid:11042
2708de8c-4c73-11ea-ba2c-b88a60e194fb-1,2020-01-08T01:09:37.000Z,crmid:5516192255,2708de8c-4c73-11ea-ba2c-b88a60e194fb,prd1176,Overseas Equity Fund,Investment,Personal,19648.32,1,USD,branchid:11139
2709c7b4-4c73-11ea-b2cc-b88a60e194fb-1,2020-01-24T09:12:12.000Z,crmid:9141757200,2709c7b4-4c73-11ea-b2cc-b88a60e194fb,prd1049,Business Brokerage Account,Investment,Business,13443.09,1,USD,branchid:11149
270ab1da-4c73-11ea-8ca4-b88a60e194fb-1,2020-01-13T16:24:48.000Z,crmid:8818974606,270ab1da-4c73-11ea-8ca4-b88a60e194fb,prd1101,Mortgage: 5/1 ARM,Mortgage,Personal,13285.88,1,USD,branchid:11136
270b7536-4c73-11ea-a935-b88a60e194fb-1,2020-01-22T08:51:14.000Z,crmid:9710368258,270b7536-4c73-11ea-a935-b88a60e194fb,prd1027,Mortgage: 30-yr Fixed,Mortgage,Personal,247383.7,1,USD,branchid:11031
27638046-4c73-11ea-a307-b88a60e194fb-1,2020-01-12T00:50:23.000Z,crmid:4613781376,27638046-4c73-11ea-a307-b88a60e194fb,prd1033,Fixed Deposit,Investment,Personal,8230.55,1,USD,branchid:11108
2764436e-4c73-11ea-a2f2-b88a60e194fb-1,2020-01-19T18:09:38.000Z,crmid:4254132066,2764436e-4c73-11ea-a2f2-b88a60e194fb,prd1077,Roth IRA,Retirement,Personal,15052.98,1,USD,branchid:11108
27652df4-4c73-11ea-8e74-b88a60e194fb-1,2020-01-07T05:23:07.000Z,crmid:9557339677,27652df4-4c73-11ea-8e74-b88a60e194fb,prd1049,Business Brokerage Account,Investment,Business,112405.25,1,USD,branchid:11032
27663f76-4c73-11ea-b905-b88a60e194fb-1,2020-01-14T13:25:09.000Z,crmid:4283918171,27663f76-4c73-11ea-b905-b88a60e194fb,prd1064,CDs: 3 month,Investment,Personal,13030.49,1,USD,branchid:11016
276729d8-4c73-11ea-9b6a-b88a60e194fb-1,2020-01-05T08:49:33.000Z,crmid:4114209627,276729d8-4c73-11ea-9b6a-b88a60e194fb,prd1129,Mortgage: 10/1 ARM,Mortgage,Personal,15068.46,1,USD,branchid:11075
27683bd0-4c73-11ea-99d4-b88a60e194fb-1,2020-01-06T20:32:47.000Z,crmid:7933744130,27683bd0-4c73-11ea-99d4-b88a60e194fb,prd1183,Fixed Deposit,Investment,Personal,202492.75,1,USD,branchid:11066
276926dc-4c73-11ea-bc3c-b88a60e194fb-1,2020-01-03T18:40:52.000Z,crmid:8102235447,276926dc-4c73-11ea-bc3c-b88a60e194fb,prd1153,CDs: 1 year,Investment,Personal,214272.43,1,USD,branchid:11107
27bdae0c-4c73-11ea-8cbd-b88a60e194fb-1,2020-01-19T17:39:20.000Z,crmid:5833398674,27bdae0c-4c73-11ea-8cbd-b88a60e194fb,prd1045,Mortgage: 10/1 ARM,Mortgage,Personal,14603.3,1,USD,branchid:11129
27be715a-4c73-11ea-84d9-b88a60e194fb-1,2020-01-18T14:05:05.000Z,crmid:9894015140,27be715a-4c73-11ea-84d9-b88a60e194fb,prd1046,Mortgage: VA,Mortgage,Personal,12763.97,1,USD,branchid:11076
27bf5cb6-4c73-11ea-9072-b88a60e194fb-1,2020-01-14T22:44:48.000Z,crmid:7841777971,27bf5cb6-4c73-11ea-9072-b88a60e194fb,prd1049,Business Brokerage Account,Investment,Business,199598.39,1,USD,branchid:11068
27c02010-4c73-11ea-bb5a-b88a60e194fb-1,2020-01-22T19:21:25.000Z,crmid:8453529243,27c02010-4c73-11ea-bb5a-b88a60e194fb,prd1179,Business Brokerage Account,Investment,Business,184284.87,1,USD,branchid:11052
27c0e30c-4c73-11ea-980e-b88a60e194fb-1,2020-01-15T05:23:33.000Z,crmid:3772188959,27c0e30c-4c73-11ea-980e-b88a60e194fb,prd1079,Mortgage: 30-yr Fixed,Mortgage,Personal,18046.45,1,USD,branchid:11080
27c1a6b8-4c73-11ea-9ff4-b88a60e194fb-1,2020-01-21T01:03:57.000Z,crmid:7149772165,27c1a6b8-4c73-11ea-9ff4-b88a60e194fb,prd1030,401k,Retirement,Personal,13794.0,1,USD,branchid:11064
27c2b71e-4c73-11ea-a508-b88a60e194fb-1,2020-01-03T22:29:44.000Z,crmid:7293804816,27c2b71e-4c73-11ea-a508-b88a60e194fb,prd1079,Mortgage: 30-yr Fixed,Mortgage,Personal,20548.01,1,USD,branchid:11008
28193b7a-4c73-11ea-b807-b88a60e194fb-1,2020-01-13T12:33:43.000Z,crmid:3782557472,28193b7a-4c73-11ea-b807-b88a60e194fb,prd1167,Roth IRA,Retirement,Personal,13523.61,1,USD,branchid:11024
281a4ce4-4c73-11ea-b0e9-b88a60e194fb-1,2020-01-11T07:54:24.000Z,crmid:5938093032,281a4ce4-4c73-11ea-b0e9-b88a60e194fb,prd1026,Mortgage: 5/1 ARM,Mortgage,Personal,12917.18,1,USD,branchid:11084
281b374c-4c73-11ea-8c03-b88a60e194fb-1,2020-01-18T22:57:23.000Z,crmid:6694191920,281b374c-4c73-11ea-8c03-b88a60e194fb,prd1155,CDs: 5 year,Investment,Personal,315078.04,1,USD,branchid:11077
281c2246-4c73-11ea-9285-b88a60e194fb-1,2020-01-25T08:46:00.000Z,crmid:4902711472,281c2246-4c73-11ea-9285-b88a60e194fb,prd1041,Mortgage: 7/1 ARM,Mortgage,Personal,12990.49,1,USD,branchid:11094
281d0c00-4c73-11ea-bb3e-b88a60e194fb-1,2020-01-09T02:37:45.000Z,crmid:7486196144,281d0c00-4c73-11ea-bb3e-b88a60e194fb,prd1045,Mortgage: 10/1 ARM,Mortgage,Personal,98846.12,1,USD,branchid:11041
281da842-4c73-11ea-b355-b88a60e194fb-1,2020-01-23T04:09:15.000Z,crmid:6704421078,281da842-4c73-11ea-b355-b88a60e194fb,prd1115,Mortgage: VA,Mortgage,Personal,17207.38,1,USD,branchid:11051
281f07e8-4c73-11ea-aee0-b88a60e194fb-1,2020-01-19T04:56:24.000Z,crmid:2414320344,281f07e8-4c73-11ea-aee0-b88a60e194fb,prd1114,CDs: 3 month,Investment,Personal,14009.04,1,USD,branchid:11016
2886cb90-4c73-11ea-989f-b88a60e194fb-1,2020-01-25T15:26:49.000Z,crmid:7027818429,2886cb90-4c73-11ea-989f-b88a60e194fb,prd1186,Money Market,Investment,Personal,14855.27,1,USD,branchid:11034
2888041c-4c73-11ea-87b7-b88a60e194fb-1,2020-01-17T12:46:26.000Z,crmid:3224649580,2888041c-4c73-11ea-87b7-b88a60e194fb,prd1120,Mortgage: 10/1 ARM,Mortgage,Personal,5156196.11,1,USD,branchid:11097
28893b1a-4c73-11ea-bf7b-b88a60e194fb-1,2020-01-13T20:45:08.000Z,crmid:4933740132,28893b1a-4c73-11ea-bf7b-b88a60e194fb,prd1068,Mortgage: 7/1 ARM,Mortgage,Personal,12456.72,1,USD,branchid:11001
288a4d18-4c73-11ea-9725-b88a60e194fb-1,2020-01-07T20:39:44.000Z,crmid:5190092511,288a4d18-4c73-11ea-9725-b88a60e194fb,prd1183,Fixed Deposit,Investment,Personal,10344.92,1,USD,branchid:11053
288b36e2-4c73-11ea-be95-b88a60e194fb-1,2020-01-20T01:48:27.000Z,crmid:2394835971,288b36e2-4c73-11ea-be95-b88a60e194fb,prd1175,401k,Retirement,Personal,13486.81,1,USD,branchid:11139
288c2136-4c73-11ea-ad11-b88a60e194fb-1,2020-01-08T04:22:14.000Z,crmid:1514795675,288c2136-4c73-11ea-ad11-b88a60e194fb,prd1008,Traditional IRA,Retirement,Personal,4572666.79,1,USD,branchid:11139
288ce482-4c73-11ea-bcbc-b88a60e194fb-1,2020-01-18T05:15:29.000Z,crmid:4171686054,288ce482-4c73-11ea-bcbc-b88a60e194fb,prd1064,CDs: 3 month,Investment,Personal,16718.64,1,USD,branchid:11123
28e4533a-4c73-11ea-9fb2-b88a60e194fb-1,2020-01-07T13:47:00.000Z,crmid:2442239370,28e4533a-4c73-11ea-9fb2-b88a60e194fb,prd1008,Traditional IRA,Retirement,Personal,271596.37,1,USD,branchid:11140
28e517dc-4c73-11ea-a742-b88a60e194fb-1,2020-01-27T15:02:39.000Z,crmid:4978584728,28e517dc-4c73-11ea-a742-b88a60e194fb,prd1078,Mortgage: 7/1 ARM,Mortgage,Personal,211066.22,1,USD,branchid:11118
28e6023e-4c73-11ea-aec9-b88a60e194fb-1,2020-01-16T20:55:30.000Z,crmid:3761833877,28e6023e-4c73-11ea-aec9-b88a60e194fb,prd1032,Home Equity Loan,Mortgage,Personal,225248.94,1,USD,branchid:11126
28e69e5e-4c73-11ea-bdd5-b88a60e194fb-1,2020-01-22T06:01:13.000Z,crmid:1515861183,28e69e5e-4c73-11ea-bdd5-b88a60e194fb,prd1046,Mortgage: VA,Mortgage,Personal,14122.92,1,USD,branchid:11047
28e7fdb6-4c73-11ea-a66d-b88a60e194fb-1,2020-01-14T01:13:09.000Z,crmid:6480374762,28e7fdb6-4c73-11ea-a66d-b88a60e194fb,prd1060,Traditional IRA,Retirement,Personal,14358.37,1,USD,branchid:11058
28e8c0b4-4c73-11ea-a2a1-b88a60e194fb-1,2020-01-14T17:13:00.000Z,crmid:8095996456,28e8c0b4-4c73-11ea-a2a1-b88a60e194fb,prd1184,Fixed Deposit,Investment,Personal,15824.79,1,USD,branchid:11029
28e9d1b0-4c73-11ea-a004-b88a60e194fb-1,2020-01-22T18:28:14.000Z,crmid:1191445867,28e9d1b0-4c73-11ea-a004-b88a60e194fb,prd1027,Mortgage: 30-yr Fixed,Mortgage,Personal,248619.67,1,USD,branchid:11017
29422b52-4c73-11ea-a61b-b88a60e194fb-1,2020-01-28T13:50:35.000Z,crmid:2964280931,29422b52-4c73-11ea-a61b-b88a60e194fb,prd1112,Fixed Deposit,Investment,Personal,20554.57,1,USD,branchid:11059
2942c830-4c73-11ea-9b13-b88a60e194fb-1,2020-01-24T03:06:47.000Z,crmid:3754771424,2942c830-4c73-11ea-9b13-b88a60e194fb,prd1033,Fixed Deposit,Investment,Personal,12074.06,1,USD,branchid:11075
2943b2b6-4c73-11ea-a8c7-b88a60e194fb-1,2020-01-18T04:36:23.000Z,crmid:5107830952,2943b2b6-4c73-11ea-a8c7-b88a60e194fb,prd1013,Mortgage: FHA,Mortgage,Personal,17488.29,1,USD,branchid:11100
29449cf4-4c73-11ea-af2a-b88a60e194fb-1,2020-01-20T11:37:02.000Z,crmid:8423208714,29449cf4-4c73-11ea-af2a-b88a60e194fb,prd1068,Mortgage: 7/1 ARM,Mortgage,Personal,14276.42,1,USD,branchid:11001
29456046-4c73-11ea-ab9a-b88a60e194fb-1,2020-01-19T09:23:31.000Z,crmid:8802578954,29456046-4c73-11ea-ab9a-b88a60e194fb,prd1021,CDs: 5 year,Investment,Personal,237423.37,1,USD,branchid:11033
2946495a-4c73-11ea-8d69-b88a60e194fb-1,2020-01-27T08:39:53.000Z,crmid:1519528202,2946495a-4c73-11ea-8d69-b88a60e194fb,prd1026,Mortgage: 5/1 ARM,Mortgage,Personal,13779.57,1,USD,branchid:11101
29470de4-4c73-11ea-983e-b88a60e194fb-1,2020-01-09T20:09:17.000Z,crmid:8049491652,29470de4-4c73-11ea-983e-b88a60e194fb,prd1035,Pension Account,Retirement,Personal,177015.08,1,USD,branchid:11123
299de042-4c73-11ea-b78f-b88a60e194fb-1,2020-01-19T16:56:55.000Z,crmid:8259833097,299de042-4c73-11ea-b78f-b88a60e194fb,prd1124,CDs: 5 year,Investment,Personal,218612.5,1,USD,branchid:11048
299ea394-4c73-11ea-b403-b88a60e194fb-1,2020-01-21T01:51:11.000Z,crmid:5406005259,299ea394-4c73-11ea-b403-b88a60e194fb,prd1101,Mortgage: 5/1 ARM,Mortgage,Personal,18652.19,1,USD,branchid:11005
299f8de4-4c73-11ea-954b-b88a60e194fb-1,2020-01-28T05:53:33.000Z,crmid:4920664555,299f8de4-4c73-11ea-954b-b88a60e194fb,prd1123,Mortgage: 10 yr Fixed,Mortgage,Personal,250861.83,1,USD,branchid:11077
29a09e0c-4c73-11ea-81cc-b88a60e194fb-1,2020-01-05T09:52:06.000Z,crmid:8424062490,29a09e0c-4c73-11ea-81cc-b88a60e194fb,prd1046,Mortgage: VA,Mortgage,Personal,168710.2,1,USD,branchid:11111
29a188cc-4c73-11ea-8c59-b88a60e194fb-1,2020-01-12T16:43:53.000Z,crmid:9952850655,29a188cc-4c73-11ea-8c59-b88a60e194fb,prd1165,Roth IRA,Retirement,Personal,220877.69,1,USD,branchid:11124
29a224c6-4c73-11ea-9868-b88a60e194fb-1,2020-01-21T00:46:42.000Z,crmid:8617134265,29a224c6-4c73-11ea-9868-b88a60e194fb,prd1028,CDs: 1 year,Investment,Personal,5226084.62,1,USD,branchid:11038
29a30f4c-4c73-11ea-8db6-b88a60e194fb-1,2020-01-17T21:49:55.000Z,crmid:2356413035,29a30f4c-4c73-11ea-8db6-b88a60e194fb,prd1101,Mortgage: 5/1 ARM,Mortgage,Personal,181459.6,1,USD,branchid:11063
29f8aa80-4c73-11ea-bb32-b88a60e194fb-1,2020-01-26T16:04:57.000Z,crmid:1012786279,29f8aa80-4c73-11ea-bb32-b88a60e194fb,prd1079,Mortgage: 30-yr Fixed,Mortgage,Personal,19329.71,1,USD,branchid:11145
29f994e2-4c73-11ea-91ed-b88a60e194fb-1,2020-01-15T09:14:38.000Z,crmid:4957024645,29f994e2-4c73-11ea-91ed-b88a60e194fb,prd1165,Roth IRA,Retirement,Personal,14486.91,1,USD,branchid:11090
29fa7f1e-4c73-11ea-b2e2-b88a60e194fb-1,2020-01-30T20:54:33.000Z,crmid:7798765628,29fa7f1e-4c73-11ea-b2e2-b88a60e194fb,prd1153,CDs: 1 year,Investment,Personal,243308.6,1,USD,branchid:11049
29fb6850-4c73-11ea-a4c8-b88a60e194fb-1,2020-01-11T05:36:34.000Z,crmid:3881389134,29fb6850-4c73-11ea-a4c8-b88a60e194fb,prd1114,CDs: 3 month,Investment,Personal,8072.12,1,USD,branchid:11055
29fc2bb6-4c73-11ea-a0e3-b88a60e194fb-1,2020-01-20T23:40:32.000Z,crmid:3578986983,29fc2bb6-4c73-11ea-a0e3-b88a60e194fb,prd1097,Employee Stock Purchase Plans,Investment,Personal,225629.04,1,USD,branchid:11048
29fd642e-4c73-11ea-a6f4-b88a60e194fb-1,2020-01-02T00:14:50.000Z,crmid:3336879845,29fd642e-4c73-11ea-a6f4-b88a60e194fb,prd1123,Mortgage: 10 yr Fixed,Mortgage,Personal,18667.07,1,USD,branchid:11026
29fe4e8c-4c73-11ea-b98e-b88a60e194fb-1,2020-01-07T12:00:30.000Z,crmid:4497196545,29fe4e8c-4c73-11ea-b98e-b88a60e194fb,prd1028,CDs: 1 year,Investment,Personal,20468.73,1,USD,branchid:11044
2a565992-4c73-11ea-b474-b88a60e194fb-1,2020-01-15T09:45:00.000Z,crmid:8924561988,2a565992-4c73-11ea-b474-b88a60e194fb,prd1110,Traditional IRA,Retirement,Personal,14078.1,1,USD,branchid:11083
2a571c8a-4c73-11ea-95e0-b88a60e194fb-1,2020-01-24T20:58:27.000Z,crmid:4549827725,2a571c8a-4c73-11ea-95e0-b88a60e194fb,prd1064,CDs: 3 month,Investment,Personal,277821.75,1,USD,branchid:11010
2a57dfe2-4c73-11ea-815e-b88a60e194fb-1,2020-01-22T22:50:52.000Z,crmid:3134637517,2a57dfe2-4c73-11ea-815e-b88a60e194fb,prd1021,CDs: 5 year,Investment,Personal,184791.69,1,USD,branchid:11016
2a58ca74-4c73-11ea-9159-b88a60e194fb-1,2020-01-21T21:02:58.000Z,crmid:7771831420,2a58ca74-4c73-11ea-9159-b88a60e194fb,prd1108,401k,Retirement,Personal,12563.05,1,USD,branchid:11022
2a59dbcc-4c73-11ea-bf92-b88a60e194fb-1,2020-01-24T07:49:53.000Z,crmid:5704736085,2a59dbcc-4c73-11ea-bf92-b88a60e194fb,prd1025,Brokerage Account,Investment,Personal,17231.02,1,USD,branchid:11098
2a5a9f14-4c73-11ea-8262-b88a60e194fb-1,2020-01-21T17:27:58.000Z,crmid:7464673085,2a5a9f14-4c73-11ea-8262-b88a60e194fb,prd1077,Roth IRA,Retirement,Personal,18252.9,1,USD,branchid:11079
2a5b8a78-4c73-11ea-9681-b88a60e194fb-1,2020-01-25T17:47:47.000Z,crmid:5477850013,2a5b8a78-4c73-11ea-9681-b88a60e194fb,prd1139,Employee Stock Purchase Plans,Investment,Personal,219227.55,1,USD,branchid:11045
2ab31f42-4c73-11ea-8fce-b88a60e194fb-1,2020-01-01T21:12:41.000Z,crmid:2358879180,2ab31f42-4c73-11ea-8fce-b88a60e194fb,prd1159,CDs: 3 month,Investment,Personal,2977218.17,1,USD,branchid:11073
2ab409b0-4c73-11ea-8c83-b88a60e194fb-1,2020-01-24T19:08:26.000Z,crmid:8134244621,2ab409b0-4c73-11ea-8c83-b88a60e194fb,prd1014,CDs: 3 month,Investment,Personal,18251.22,1,USD,branchid:11135
2ab4f408-4c73-11ea-9096-b88a60e194fb-1,2020-01-26T04:38:35.000Z,crmid:1955330031,2ab4f408-4c73-11ea-9096-b88a60e194fb,prd1027,Mortgage: 30-yr Fixed,Mortgage,Personal,17205.57,1,USD,branchid:11039
2ab5b74c-4c73-11ea-9d67-b88a60e194fb-1,2020-01-01T15:04:55.000Z,crmid:8832882935,2ab5b74c-4c73-11ea-9d67-b88a60e194fb,prd1125,Mortgage: FHA,Mortgage,Personal,4257666.51,1,USD,branchid:11002
2ab67bd2-4c73-11ea-a61d-b88a60e194fb-1,2020-01-10T03:40:22.000Z,crmid:4988459871,2ab67bd2-4c73-11ea-a61d-b88a60e194fb,prd1165,Roth IRA,Retirement,Personal,15483.6,1,USD,branchid:11106
2ab73f3a-4c73-11ea-bbe8-b88a60e194fb-1,2020-01-10T05:27:42.000Z,crmid:2970970133,2ab73f3a-4c73-11ea-bbe8-b88a60e194fb,prd1121,Mortgage: 30-yr Fixed,Mortgage,Personal,206033.9,1,USD,branchid:11149
2ab8285c-4c73-11ea-b533-b88a60e194fb-1,2020-01-16T21:23:02.000Z,crmid:7325015563,2ab8285c-4c73-11ea-b533-b88a60e194fb,prd1030,401k,Retirement,Personal,9392.47,1,USD,branchid:11140
2b1a46c8-4c73-11ea-aa18-b88a60e194fb-1,2020-01-04T06:07:23.000Z,crmid:5069089730,2b1a46c8-4c73-11ea-aa18-b88a60e194fb,prd1053,Mortgage: VA,Mortgage,Personal,16542.09,1,USD,branchid:11131
2b1b3112-4c73-11ea-857c-b88a60e194fb-1,2020-01-13T21:44:07.000Z,crmid:3371066446,2b1b3112-4c73-11ea-857c-b88a60e194fb,prd1027,Mortgage: 30-yr Fixed,Mortgage,Personal,231479.24,1,USD,branchid:11083
2b1bf322-4c73-11ea-8c6d-b88a60e194fb-1,2020-01-01T04:30:05.000Z,crmid:2417452541,2b1bf322-4c73-11ea-8c6d-b88a60e194fb,prd1028,CDs: 1 year,Investment,Personal,16013.71,1,USD,branchid:11149
2b1d059a-4c73-11ea-bfa7-b88a60e194fb-1,2020-01-27T07:13:25.000Z,crmid:4534785221,2b1d059a-4c73-11ea-bfa7-b88a60e194fb,prd1121,Mortgage: 30-yr Fixed,Mortgage,Personal,187226.76,1,USD,branchid:11121
2b1e15c6-4c73-11ea-a039-b88a60e194fb-1,2020-01-20T01:18:54.000Z,crmid:8251924987,2b1e15c6-4c73-11ea-a039-b88a60e194fb,prd1030,401k,Retirement,Personal,230488.81,1,USD,branchid:11014
2b1f2754-4c73-11ea-aaf6-b88a60e194fb-1,2020-01-15T20:06:55.000Z,crmid:8025925842,2b1f2754-4c73-11ea-aaf6-b88a60e194fb,prd1165,Roth IRA,Retirement,Personal,17769.94,1,USD,branchid:11061
2b2011cc-4c73-11ea-b8af-b88a60e194fb-1,2020-01-09T13:42:55.000Z,crmid:4562907626,2b2011cc-4c73-11ea-b8af-b88a60e194fb,prd1155,CDs: 5 year,Investment,Personal,10840.85,1,USD,branchid:11150
2b766f08-4c73-11ea-9b09-b88a60e194fb-1,2020-01-14T16:49:05.000Z,crmid:5128798160,2b766f08-4c73-11ea-9b09-b88a60e194fb,prd1049,Business Brokerage Account,Investment,Business,19997.37,1,USD,branchid:11130
2b77594a-4c73-11ea-9150-b88a60e194fb-1,2020-01-06T13:10:34.000Z,crmid:4667343993,2b77594a-4c73-11ea-9150-b88a60e194fb,prd1062,Mortgage: VA,Mortgage,Personal,15259.1,1,USD,branchid:11143
2b786ada-4c73-11ea-a3cf-b88a60e194fb-1,2020-01-21T08:33:36.000Z,crmid:4506275233,2b786ada-4c73-11ea-a3cf-b88a60e194fb,prd1060,Traditional IRA,Retirement,Personal,17280.97,1,USD,branchid:11111
2b795554-4c73-11ea-8973-b88a60e194fb-1,2020-01-10T03:07:36.000Z,crmid:1247068347,2b795554-4c73-11ea-8973-b88a60e194fb,prd1045,Mortgage: 10/1 ARM,Mortgage,Personal,16373.67,1,USD,branchid:11093
2b7a668a-4c73-11ea-91de-b88a60e194fb-1,2020-01-04T19:11:27.000Z,crmid:3626657610,2b7a668a-4c73-11ea-91de-b88a60e194fb,prd1008,Traditional IRA,Retirement,Personal,14414.86,1,USD,branchid:11045
2b7b29fa-4c73-11ea-957c-b88a60e194fb-1,2020-01-27T18:14:50.000Z,crmid:4376984473,2b7b29fa-4c73-11ea-957c-b88a60e194fb,prd1129,Mortgage: 10/1 ARM,Mortgage,Personal,124986.65,1,USD,branchid:11083
2b7c1492-4c73-11ea-b084-b88a60e194fb-1,2020-01-21T02:20:04.000Z,crmid:3343973343,2b7c1492-4c73-11ea-b084-b88a60e194fb,prd1111,Pension Account,Retirement,Personal,14524.08,1,USD,branchid:11115
2bd88bf6-4c73-11ea-8d42-b88a60e194fb-1,2020-01-30T17:59:52.000Z,crmid:6280986682,2bd88bf6-4c73-11ea-8d42-b88a60e194fb,prd1053,Mortgage: VA,Mortgage,Personal,216299.0,1,USD,branchid:11001
2bd94f40-4c73-11ea-8b1b-b88a60e194fb-1,2020-01-17T14:10:34.000Z,crmid:9166562845,2bd94f40-4c73-11ea-8b1b-b88a60e194fb,prd1013,Mortgage: FHA,Mortgage,Personal,14453.04,1,USD,branchid:11144
2bda3a30-4c73-11ea-9418-b88a60e194fb-1,2020-01-11T19:13:42.000Z,crmid:1744445792,2bda3a30-4c73-11ea-9418-b88a60e194fb,prd1064,CDs: 3 month,Investment,Personal,3116320.05,1,USD,branchid:11035
2bdb2634-4c73-11ea-bf3c-b88a60e194fb-1,2020-01-29T17:35:45.000Z,crmid:6928083595,2bdb2634-4c73-11ea-bf3c-b88a60e194fb,prd1101,Mortgage: 5/1 ARM,Mortgage,Personal,12779.39,1,USD,branchid:11113
2bdc0e50-4c73-11ea-b88e-b88a60e194fb-1,2020-01-24T06:08:13.000Z,crmid:7324148301,2bdc0e50-4c73-11ea-b88e-b88a60e194fb,prd1150,Money Market,Investment,Personal,184668.22,1,USD,branchid:11041
2bdd1fdc-4c73-11ea-b0fc-b88a60e194fb-1,2020-01-30T06:28:44.000Z,crmid:9861144875,2bdd1fdc-4c73-11ea-b0fc-b88a60e194fb,prd1047,Mortgage: 10 yr Fixed,Mortgage,Personal,203373.51,1,USD,branchid:11033
2bde0a28-4c73-11ea-aec3-b88a60e194fb-1,2020-01-09T11:47:29.000Z,crmid:5758087578,2bde0a28-4c73-11ea-aec3-b88a60e194fb,prd1179,Business Brokerage Account,Investment,Business,14506.19,1,USD,branchid:11042
2c33f25c-4c73-11ea-ac74-b88a60e194fb-1,2020-01-13T15:09:03.000Z,crmid:6436292156,2c33f25c-4c73-11ea-ac74-b88a60e194fb,prd1073,Business Brokerage Account,Investment,Business,223583.94,1,USD,branchid:11090
2c34b6d8-4c73-11ea-837f-b88a60e194fb-1,2020-01-23T20:11:18.000Z,crmid:3722407003,2c34b6d8-4c73-11ea-837f-b88a60e194fb,prd1150,Money Market,Investment,Personal,15120.79,1,USD,branchid:11047
2c357a4c-4c73-11ea-ac75-b88a60e194fb-1,2020-01-15T10:01:38.000Z,crmid:1098719255,2c357a4c-4c73-11ea-ac75-b88a60e194fb,prd1167,Roth IRA,Retirement,Personal,91517.09,1,USD,branchid:11144
2c366358-4c73-11ea-a857-b88a60e194fb-1,2020-01-12T04:11:33.000Z,crmid:7596531396,2c366358-4c73-11ea-a857-b88a60e194fb,prd1131,Employee Stock Purchase Plans,Investment,Personal,151182.97,1,USD,branchid:11053
2c374db0-4c73-11ea-a4ff-b88a60e194fb-1,2020-01-04T00:28:40.000Z,crmid:9335008646,2c374db0-4c73-11ea-a4ff-b88a60e194fb,prd1083,Pension Account,Retirement,Personal,15609.68,1,USD,branchid:11083
2c38396e-4c73-11ea-9dae-b88a60e194fb-1,2020-01-26T08:40:25.000Z,crmid:2570441797,2c38396e-4c73-11ea-9dae-b88a60e194fb,prd1114,CDs: 3 month,Investment,Personal,11592.87,1,USD,branchid:11070
2c38fb6c-4c73-11ea-9d13-b88a60e194fb-1,2020-01-20T04:16:01.000Z,crmid:2556545284,2c38fb6c-4c73-11ea-9d13-b88a60e194fb,prd1032,Home Equity Loan,Mortgage,Personal,12884.62,1,USD,branchid:11094
2c915482-4c73-11ea-a5de-b88a60e194fb-1,2020-01-16T14:41:41.000Z,crmid:9385694562,2c915482-4c73-11ea-a5de-b88a60e194fb,prd1110,Traditional IRA,Retirement,Personal,13914.56,1,USD,branchid:11108
2c926600-4c73-11ea-8fec-b88a60e194fb-1,2020-01-04T07:42:06.000Z,crmid:3788882760,2c926600-4c73-11ea-8fec-b88a60e194fb,prd1189,Overseas Equity Fund,Investment,Personal,3551755.2,1,USD,branchid:11117
2c93504c-4c73-11ea-8595-b88a60e194fb-1,2020-01-09T16:41:29.000Z,crmid:3100758856,2c93504c-4c73-11ea-8595-b88a60e194fb,prd1189,Overseas Equity Fund,Investment,Personal,18611.49,1,USD,branchid:11113
2c941392-4c73-11ea-86a2-b88a60e194fb-1,2020-01-04T05:32:40.000Z,crmid:9593685177,2c941392-4c73-11ea-86a2-b88a60e194fb,prd1008,Traditional IRA,Retirement,Personal,13699.76,1,USD,branchid:11140
2c952592-4c73-11ea-84ea-b88a60e194fb-1,2020-01-27T22:51:33.000Z,crmid:9474261049,2c952592-4c73-11ea-84ea-b88a60e194fb,prd1123,Mortgage: 10 yr Fixed,Mortgage,Personal,4256661.63,1,USD,branchid:11092
2c960f64-4c73-11ea-b64a-b88a60e194fb-1,2020-01-31T16:20:22.000Z,crmid:7243765616,2c960f64-4c73-11ea-b64a-b88a60e194fb,prd1124,CDs: 5 year,Investment,Personal,14704.76,1,USD,branchid:11125
2c9720d0-4c73-11ea-9c29-b88a60e194fb-1,2020-01-15T19:59:16.000Z,crmid:7451928443,2c9720d0-4c73-11ea-9c29-b88a60e194fb,prd1182,Brokerage Account,Investment,Personal,258256.72,1,USD,branchid:11037
2cf03d5c-4c73-11ea-8275-b88a60e194fb-1,2020-01-14T07:51:34.000Z,crmid:6210136930,2cf03d5c-4c73-11ea-8275-b88a60e194fb,prd1027,Mortgage: 30-yr Fixed,Mortgage,Personal,11359.73,1,USD,branchid:11014
2cf1005c-4c73-11ea-a460-b88a60e194fb-1,2020-01-14T17:10:32.000Z,crmid:6249594588,2cf1005c-4c73-11ea-a460-b88a60e194fb,prd1079,Mortgage: 30-yr Fixed,Mortgage,Personal,226724.41,1,USD,branchid:11001
2cf1ecb4-4c73-11ea-a286-b88a60e194fb-1,2020-01-02T04:00:01.000Z,crmid:2201152239,2cf1ecb4-4c73-11ea-a286-b88a60e194fb,prd1021,CDs: 5 year,Investment,Personal,15652.72,1,USD,branchid:11035
2cf2d562-4c73-11ea-af45-b88a60e194fb-1,2020-01-08T08:06:20.000Z,crmid:4084839572,2cf2d562-4c73-11ea-af45-b88a60e194fb,prd1056,CDs: 5 year,Investment,Personal,202172.36,1,USD,branchid:11136
2cf3c0e6-4c73-11ea-959c-b88a60e194fb-1,2020-01-02T23:47:22.000Z,crmid:7797284149,2cf3c0e6-4c73-11ea-959c-b88a60e194fb,prd1014,CDs: 3 month,Investment,Personal,4673799.98,1,USD,branchid:11077
2cf4aa0a-4c73-11ea-94e4-b88a60e194fb-1,2020-01-15T08:19:59.000Z,crmid:4758788504,2cf4aa0a-4c73-11ea-94e4-b88a60e194fb,prd1150,Money Market,Investment,Personal,11051.41,1,USD,branchid:11130
2cf5bb66-4c73-11ea-85c7-b88a60e194fb-1,2020-01-08T07:55:21.000Z,crmid:3401046019,2cf5bb66-4c73-11ea-85c7-b88a60e194fb,prd1111,Pension Account,Retirement,Personal,12224.2,1,USD,branchid:11067
2d4bf188-4c73-11ea-a48a-b88a60e194fb-1,2020-01-16T17:56:33.000Z,crmid:1451018383,2d4bf188-4c73-11ea-a48a-b88a60e194fb,prd1175,401k,Retirement,Personal,242298.46,1,USD,branchid:11037
2d4cdbe2-4c73-11ea-a6c3-b88a60e194fb-1,2020-01-09T08:59:19.000Z,crmid:4157210440,2d4cdbe2-4c73-11ea-a6c3-b88a60e194fb,prd1117,Brokerage Account,Investment,Personal,149193.66,1,USD,branchid:11054
2d4e1468-4c73-11ea-8bb8-b88a60e194fb-1,2020-01-14T21:18:30.000Z,crmid:8914358374,2d4e1468-4c73-11ea-8bb8-b88a60e194fb,prd1129,Mortgage: 10/1 ARM,Mortgage,Personal,13728.27,1,USD,branchid:11019
2d4f25e6-4c73-11ea-a47e-b88a60e194fb-1,2020-01-30T10:22:54.000Z,crmid:2125229650,2d4f25e6-4c73-11ea-a47e-b88a60e194fb,prd1030,401k,Retirement,Personal,192889.08,1,USD,branchid:11141
2d50ac7e-4c73-11ea-a836-b88a60e194fb-1,2020-01-18T10:19:47.000Z,crmid:1212401348,2d50ac7e-4c73-11ea-a836-b88a60e194fb,prd1088,CDs: 1 year,Investment,Personal,3409393.85,1,USD,branchid:11003
2d523312-4c73-11ea-964e-b88a60e194fb-1,2020-01-15T08:58:33.000Z,crmid:7990684495,2d523312-4c73-11ea-964e-b88a60e194fb,prd1154,Mortgage: 30-yr Fixed,Mortgage,Personal,14655.75,1,USD,branchid:11143
2d534498-4c73-11ea-bd0c-b88a60e194fb-1,2020-01-29T23:08:42.000Z,crmid:2067439767,2d534498-4c73-11ea-bd0c-b88a60e194fb,prd1060,Traditional IRA,Retirement,Personal,235606.69,1,USD,branchid:11071
2dac6112-4c73-11ea-8ee8-b88a60e194fb-1,2020-01-23T10:29:28.000Z,crmid:8978690974,2dac6112-4c73-11ea-8ee8-b88a60e194fb,prd1079,Mortgage: 30-yr Fixed,Mortgage,Personal,3699204.49,1,USD,branchid:11114
2dad4b6e-4c73-11ea-8859-b88a60e194fb-1,2020-01-15T18:24:08.000Z,crmid:7014419562,2dad4b6e-4c73-11ea-8859-b88a60e194fb,prd1155,CDs: 5 year,Investment,Personal,15150.74,1,USD,branchid:11073
2dae35e4-4c73-11ea-964a-b88a60e194fb-1,2020-01-07T01:03:46.000Z,crmid:7234320098,2dae35e4-4c73-11ea-964a-b88a60e194fb,prd1062,Mortgage: VA,Mortgage,Personal,273674.06,1,USD,branchid:11133
2daefa26-4c73-11ea-b2d2-b88a60e194fb-1,2020-01-23T05:06:42.000Z,crmid:9570751698,2daefa26-4c73-11ea-b2d2-b88a60e194fb,prd1032,Home Equity Loan,Mortgage,Personal,170899.56,1,USD,branchid:11134
2db00a8a-4c73-11ea-9e1f-b88a60e194fb-1,2020-01-04T20:51:53.000Z,crmid:1041890664,2db00a8a-4c73-11ea-9e1f-b88a60e194fb,prd1174,Traditional IRA,Retirement,Personal,194196.42,1,USD,branchid:11120
2db11c24-4c73-11ea-b6cd-b88a60e194fb-1,2020-01-28T17:03:42.000Z,crmid:9881441646,2db11c24-4c73-11ea-b6cd-b88a60e194fb,prd1030,401k,Retirement,Personal,15013.23,1,USD,branchid:11128
2db1df48-4c73-11ea-b7a1-b88a60e194fb-1,2020-01-01T17:33:08.000Z,crmid:7278582852,2db1df48-4c73-11ea-b7a1-b88a60e194fb,prd1062,Mortgage: VA,Mortgage,Personal,113665.45,1,USD,branchid:11026
2e0e7f52-4c73-11ea-9e70-b88a60e194fb-1,2020-01-01T04:56:35.000Z,crmid:5941170899,2e0e7f52-4c73-11ea-9e70-b88a60e194fb,prd1179,Business Brokerage Account,Investment,Business,226878.89,1,USD,branchid:11037
2e0fb692-4c73-11ea-bd22-b88a60e194fb-1,2020-01-13T08:32:40.000Z,crmid:7018311645,2e0fb692-4c73-11ea-bd22-b88a60e194fb,prd1189,Overseas Equity Fund,Investment,Personal,235315.49,1,USD,branchid:11113
2e10c94a-4c73-11ea-8b29-b88a60e194fb-1,2020-01-15T04:58:24.000Z,crmid:1419994560,2e10c94a-4c73-11ea-8b29-b88a60e194fb,prd1189,Overseas Equity Fund,Investment,Personal,204814.33,1,USD,branchid:11084
2e124ea6-4c73-11ea-b78b-b88a60e194fb-1,2020-01-03T08:43:19.000Z,crmid:9230064324,2e124ea6-4c73-11ea-b78b-b88a60e194fb,prd1123,Mortgage: 10 yr Fixed,Mortgage,Personal,13674.4,1,USD,branchid:11086
2e13602e-4c73-11ea-adef-b88a60e194fb-1,2020-01-11T11:54:26.000Z,crmid:3223699779,2e13602e-4c73-11ea-adef-b88a60e194fb,prd1110,Traditional IRA,Retirement,Personal,18076.3,1,USD,branchid:11122
2e144bb0-4c73-11ea-9402-b88a60e194fb-1,2020-01-12T01:19:28.000Z,crmid:5203748723,2e144bb0-4c73-11ea-9402-b88a60e194fb,prd1060,Traditional IRA,Retirement,Personal,16947.16,1,USD,branchid:11110
2e15368a-4c73-11ea-893c-b88a60e194fb-1,2020-01-03T08:42:55.000Z,crmid:2690459935,2e15368a-4c73-11ea-893c-b88a60e194fb,prd1088,CDs: 1 year,Investment,Personal,165548.16,1,USD,branchid:11064
2e6cf17a-4c73-11ea-b8d5-b88a60e194fb-1,2020-01-12T21:09:26.000Z,crmid:2760039075,2e6cf17a-4c73-11ea-b8d5-b88a60e194fb,prd1176,Overseas Equity Fund,Investment,Personal,16072.32,1,USD,branchid:11032
2e6ddc10-4c73-11ea-b4ef-b88a60e194fb-1,2020-01-10T08:02:27.000Z,crmid:6957699079,2e6ddc10-4c73-11ea-b4ef-b88a60e194fb,prd1037,Home Equity Loan,Mortgage,Personal,5219185.86,1,USD,branchid:11140
2e6ec7a6-4c73-11ea-bb08-b88a60e194fb-1,2020-01-15T13:32:41.000Z,crmid:3342919710,2e6ec7a6-4c73-11ea-bb08-b88a60e194fb,prd1186,Money Market,Investment,Personal,20449.83,1,USD,branchid:11029
2e6f8af0-4c73-11ea-ba7a-b88a60e194fb-1,2020-01-25T03:18:15.000Z,crmid:2828905549,2e6f8af0-4c73-11ea-ba7a-b88a60e194fb,prd1073,Business Brokerage Account,Investment,Business,22140.94,1,USD,branchid:11115
2e70741a-4c73-11ea-9e0e-b88a60e194fb-1,2020-01-07T00:43:16.000Z,crmid:1093002124,2e70741a-4c73-11ea-9e0e-b88a60e194fb,prd1083,Pension Account,Retirement,Personal,19486.38,1,USD,branchid:11086
2e713764-4c73-11ea-b8d8-b88a60e194fb-1,2020-01-31T03:33:05.000Z,crmid:8792314307,2e713764-4c73-11ea-b8d8-b88a60e194fb,prd1185,Mortgage: FHA,Mortgage,Personal,176574.9,1,USD,branchid:11073
2e71fbe8-4c73-11ea-88b9-b88a60e194fb-1,2020-01-26T00:17:18.000Z,crmid:9416661739,2e71fbe8-4c73-11ea-88b9-b88a60e194fb,prd1045,Mortgage: 10/1 ARM,Mortgage,Personal,15698.99,1,USD,branchid:11139
2ecaa2d4-4c73-11ea-82b6-b88a60e194fb-1,2020-01-14T07:22:10.000Z,crmid:2378672661,2ecaa2d4-4c73-11ea-82b6-b88a60e194fb,prd1111,Pension Account,Retirement,Personal,229479.68,1,USD,branchid:11016
2ecb8d1c-4c73-11ea-8de4-b88a60e194fb-1,2020-01-10T13:20:07.000Z,crmid:3439315964,2ecb8d1c-4c73-11ea-8de4-b88a60e194fb,prd1068,Mortgage: 7/1 ARM,Mortgage,Personal,179989.63,1,USD,branchid:11060
2ecc9d9e-4c73-11ea-bc4a-b88a60e194fb-1,2020-01-15T10:17:37.000Z,crmid:9398117915,2ecc9d9e-4c73-11ea-bc4a-b88a60e194fb,prd1176,Overseas Equity Fund,Investment,Personal,14283.27,1,USD,branchid:11033
2ecd60ee-4c73-11ea-81f4-b88a60e194fb-1,2020-01-22T23:00:46.000Z,crmid:3586500494,2ecd60ee-4c73-11ea-81f4-b88a60e194fb,prd1150,Money Market,Investment,Personal,191066.6,1,USD,branchid:11017
2ece7286-4c73-11ea-b125-b88a60e194fb-1,2020-01-26T20:52:56.000Z,crmid:5475891932,2ece7286-4c73-11ea-b125-b88a60e194fb,prd1173,Money Market,Investment,Personal,9895.0,1,USD,branchid:11129
2ecf368a-4c73-11ea-92b1-b88a60e194fb-1,2020-01-10T11:30:24.000Z,crmid:4829938355,2ecf368a-4c73-11ea-92b1-b88a60e194fb,prd1042,Roth IRA,Retirement,Personal,4437155.3,1,USD,branchid:11032
2ecff8f8-4c73-11ea-b302-b88a60e194fb-1,2020-01-10T05:56:35.000Z,crmid:6649663025,2ecff8f8-4c73-11ea-b302-b88a60e194fb,prd1165,Roth IRA,Retirement,Personal,12639.2,1,USD,branchid:11078
2f2bad4c-4c73-11ea-857a-b88a60e194fb-1,2020-01-30T11:52:05.000Z,crmid:9812275969,2f2bad4c-4c73-11ea-857a-b88a60e194fb,prd1029,401k,Retirement,Personal,11017.11,1,USD,branchid:11078
2f2c9982-4c73-11ea-9747-b88a60e194fb-1,2020-01-30T22:51:07.000Z,crmid:1923202679,2f2c9982-4c73-11ea-9747-b88a60e194fb,prd1027,Mortgage: 30-yr Fixed,Mortgage,Personal,16428.24,1,USD,branchid:11137
2f2d822c-4c73-11ea-9ba4-b88a60e194fb-1,2020-01-27T20:09:56.000Z,crmid:7124490051,2f2d822c-4c73-11ea-9ba4-b88a60e194fb,prd1064,CDs: 3 month,Investment,Personal,3475744.48,1,USD,branchid:11017
2f2e6ca4-4c73-11ea-bd38-b88a60e194fb-1,2020-01-14T10:11:51.000Z,crmid:6317278817,2f2e6ca4-4c73-11ea-bd38-b88a60e194fb,prd1056,CDs: 5 year,Investment,Personal,17522.25,1,USD,branchid:11082
2f2f7f36-4c73-11ea-9a76-b88a60e194fb-1,2020-01-27T23:44:45.000Z,crmid:6970122469,2f2f7f36-4c73-11ea-9a76-b88a60e194fb,prd1024,Mortgage: FHA,Mortgage,Personal,4297195.97,1,USD,branchid:11048
2f30dd86-4c73-11ea-9ae5-b88a60e194fb-1,2020-01-14T03:57:25.000Z,crmid:2012431506,2f30dd86-4c73-11ea-9ae5-b88a60e194fb,prd1139,Employee Stock Purchase Plans,Investment,Personal,164156.81,1,USD,branchid:11007
2f31eefe-4c73-11ea-8835-b88a60e194fb-1,2020-01-10T20:11:09.000Z,crmid:5434954901,2f31eefe-4c73-11ea-8835-b88a60e194fb,prd1182,Brokerage Account,Investment,Personal,173704.06,1,USD,branchid:11138
2f8ce010-4c73-11ea-baf1-b88a60e194fb-1,2020-01-05T07:29:04.000Z,crmid:3376700205,2f8ce010-4c73-11ea-baf1-b88a60e194fb,prd1129,Mortgage: 10/1 ARM,Mortgage,Personal,19192.91,1,USD,branchid:11084
2f8df190-4c73-11ea-8695-b88a60e194fb-1,2020-01-30T04:44:50.000Z,crmid:9396837440,2f8df190-4c73-11ea-8695-b88a60e194fb,prd1150,Money Market,Investment,Personal,258991.36,1,USD,branchid:11091
2f8edbca-4c73-11ea-87eb-b88a60e194fb-1,2020-01-22T08:00:09.000Z,crmid:6607802033,2f8edbca-4c73-11ea-87eb-b88a60e194fb,prd1173,Money Market,Investment,Personal,8526.17,1,USD,branchid:11096
2f8f9f64-4c73-11ea-ba79-b88a60e194fb-1,2020-01-03T02:01:57.000Z,crmid:5284415916,2f8f9f64-4c73-11ea-ba79-b88a60e194fb,prd1173,Money Market,Investment,Personal,4129308.34,1,USD,branchid:11017
2f90b094-4c73-11ea-868e-b88a60e194fb-1,2020-01-29T15:56:13.000Z,crmid:1886227231,2f90b094-4c73-11ea-868e-b88a60e194fb,prd1025,Brokerage Account,Investment,Personal,11598.31,1,USD,branchid:11023
2f917538-4c73-11ea-a526-b88a60e194fb-1,2020-01-01T13:46:58.000Z,crmid:3937319981,2f917538-4c73-11ea-a526-b88a60e194fb,prd1182,Brokerage Account,Investment,Personal,16917.88,1,USD,branchid:11123
2f925ef8-4c73-11ea-be52-b88a60e194fb-1,2020-01-12T19:45:49.000Z,crmid:4248175506,2f925ef8-4c73-11ea-be52-b88a60e194fb,prd1176,Overseas Equity Fund,Investment,Personal,107181.53,1,USD,branchid:11127
2fe8e2c8-4c73-11ea-af14-b88a60e194fb-1,2020-01-02T18:13:46.000Z,crmid:8712504718,2fe8e2c8-4c73-11ea-af14-b88a60e194fb,prd1124,CDs: 5 year,Investment,Personal,16178.06,1,USD,branchid:11086
2fe9cd2e-4c73-11ea-9a31-b88a60e194fb-1,2020-01-26T23:09:47.000Z,crmid:3489417152,2fe9cd2e-4c73-11ea-9a31-b88a60e194fb,prd1013,Mortgage: FHA,Mortgage,Personal,10721.62,1,USD,branchid:11102
2fea925e-4c73-11ea-83b4-b88a60e194fb-1,2020-01-17T21:36:05.000Z,crmid:8265405094,2fea925e-4c73-11ea-83b4-b88a60e194fb,prd1064,CDs: 3 month,Investment,Personal,15699.29,1,USD,branchid:11062
2feb7c0c-4c73-11ea-9a70-b88a60e194fb-1,2020-01-14T11:11:59.000Z,crmid:6215278780,2feb7c0c-4c73-11ea-9a70-b88a60e194fb,prd1028,CDs: 1 year,Investment,Personal,238360.55,1,USD,branchid:11104
2fec8c12-4c73-11ea-a4ae-b88a60e194fb-1,2020-01-23T03:27:13.000Z,crmid:7495078932,2fec8c12-4c73-11ea-a4ae-b88a60e194fb,prd1115,Mortgage: VA,Mortgage,Personal,17978.96,1,USD,branchid:11083
2fed7674-4c73-11ea-be48-b88a60e194fb-1,2020-01-16T23:15:03.000Z,crmid:2466622611,2fed7674-4c73-11ea-be48-b88a60e194fb,prd1110,Traditional IRA,Retirement,Personal,13424.56,1,USD,branchid:11124
2fee60cc-4c73-11ea-97fa-b88a60e194fb-1,2020-01-16T04:59:18.000Z,crmid:2148394153,2fee60cc-4c73-11ea-97fa-b88a60e194fb,prd1045,Mortgage: 10/1 ARM,Mortgage,Personal,213262.95,1,USD,branchid:11026
304b26d4-4c73-11ea-a594-b88a60e194fb-1,2020-01-17T22:15:09.000Z,crmid:8537942885,304b26d4-4c73-11ea-a594-b88a60e194fb,prd1186,Money Market,Investment,Personal,3426573.16,1,USD,branchid:11071
304c384a-4c73-11ea-bdf8-b88a60e194fb-1,2020-01-13T02:54:15.000Z,crmid:2114978509,304c384a-4c73-11ea-bdf8-b88a60e194fb,prd1083,Pension Account,Retirement,Personal,4673811.08,1,USD,branchid:11046
304d49b8-4c73-11ea-b035-b88a60e194fb-1,2020-01-17T07:04:15.000Z,crmid:6775376495,304d49b8-4c73-11ea-b035-b88a60e194fb,prd1129,Mortgage: 10/1 ARM,Mortgage,Personal,186949.05,1,USD,branchid:11127
304e3958-4c73-11ea-bba7-b88a60e194fb-1,2020-01-03T23:54:32.000Z,crmid:6619555386,304e3958-4c73-11ea-bba7-b88a60e194fb,prd1185,Mortgage: FHA,Mortgage,Personal,12995.13,1,USD,branchid:11143
304f1f80-4c73-11ea-90eb-b88a60e194fb-1,2020-01-31T20:22:00.000Z,crmid:2185492450,304f1f80-4c73-11ea-90eb-b88a60e194fb,prd1157,Brokerage Account,Investment,Personal,3844637.87,1,USD,branchid:11103
30502fe8-4c73-11ea-b3b1-b88a60e194fb-1,2020-01-29T01:33:09.000Z,crmid:9972780090,30502fe8-4c73-11ea-b3b1-b88a60e194fb,prd1088,CDs: 1 year,Investment,Personal,16941.64,1,USD,branchid:11009
3050f30c-4c73-11ea-8f3a-b88a60e194fb-1,2020-01-13T06:46:10.000Z,crmid:2262762703,3050f30c-4c73-11ea-8f3a-b88a60e194fb,prd1083,Pension Account,Retirement,Personal,11165.22,1,USD,branchid:11054
30bad842-4c73-11ea-a88a-b88a60e194fb-1,2020-01-26T10:20:24.000Z,crmid:2551968316,30bad842-4c73-11ea-a88a-b88a60e194fb,prd1181,Mortgage: 5/1 ARM,Mortgage,Personal,13850.79,1,USD,branchid:11133
30bb9b90-4c73-11ea-95bc-b88a60e194fb-1,2020-01-01T08:19:17.000Z,crmid:9067349604,30bb9b90-4c73-11ea-95bc-b88a60e194fb,prd1061,Mortgage: 5/1 ARM,Mortgage,Personal,4073348.59,1,USD,branchid:11111
30bc85f8-4c73-11ea-a3c8-b88a60e194fb-1,2020-01-14T08:55:34.000Z,crmid:7889171589,30bc85f8-4c73-11ea-a3c8-b88a60e194fb,prd1029,401k,Retirement,Personal,113539.05,1,USD,branchid:11090
30bd4946-4c73-11ea-9450-b88a60e194fb-1,2020-01-12T09:56:59.000Z,crmid:1093638382,30bd4946-4c73-11ea-9450-b88a60e194fb,prd1173,Money Market,Investment,Personal,17457.68,1,USD,branchid:11127
30be33a4-4c73-11ea-a444-b88a60e194fb-1,2020-01-16T16:50:15.000Z,crmid:9597004540,30be33a4-4c73-11ea-a444-b88a60e194fb,prd1047,Mortgage: 10 yr Fixed,Mortgage,Personal,5121150.43,1,USD,branchid:11011
30bef6fa-4c73-11ea-b646-b88a60e194fb-1,2020-01-10T03:17:15.000Z,crmid:5361444250,30bef6fa-4c73-11ea-b646-b88a60e194fb,prd1073,Business Brokerage Account,Investment,Business,20015.49,1,USD,branchid:11119
30bfe15a-4c73-11ea-9e53-b88a60e194fb-1,2020-01-10T09:35:28.000Z,crmid:5787494264,30bfe15a-4c73-11ea-9e53-b88a60e194fb,prd1111,Pension Account,Retirement,Personal,12792.36,1,USD,branchid:11062
31199a1c-4c73-11ea-be0a-b88a60e194fb-1,2020-01-25T02:16:14.000Z,crmid:5521737094,31199a1c-4c73-11ea-be0a-b88a60e194fb,prd1101,Mortgage: 5/1 ARM,Mortgage,Personal,10343.63,1,USD,branchid:11050
311ad280-4c73-11ea-abae-b88a60e194fb-1,2020-01-19T15:49:56.000Z,crmid:4174432083,311ad280-4c73-11ea-abae-b88a60e194fb,prd1148,Mortgage: 10/1 ARM,Mortgage,Personal,11423.26,1,USD,branchid:11128
311bbcdc-4c73-11ea-ad86-b88a60e194fb-1,2020-01-11T01:22:27.000Z,crmid:4843693155,311bbcdc-4c73-11ea-ad86-b88a60e194fb,prd1028,CDs: 1 year,Investment,Personal,169959.81,1,USD,branchid:11088
311cce54-4c73-11ea-971f-b88a60e194fb-1,2020-01-02T05:57:31.000Z,crmid:3323700149,311cce54-4c73-11ea-971f-b88a60e194fb,prd1123,Mortgage: 10 yr Fixed,Mortgage,Personal,248225.56,1,USD,branchid:11037
311ddfb4-4c73-11ea-8e8b-b88a60e194fb-1,2020-01-07T04:43:53.000Z,crmid:4662696993,311ddfb4-4c73-11ea-8e8b-b88a60e194fb,prd1097,Employee Stock Purchase Plans,Investment,Personal,216442.69,1,USD,branchid:11045
311ecff6-4c73-11ea-9421-b88a60e194fb-1,2020-01-29T11:57:55.000Z,crmid:3576968293,311ecff6-4c73-11ea-9421-b88a60e194fb,prd1013,Mortgage: FHA,Mortgage,Personal,10100.1,1,USD,branchid:11105
311fdcf6-4c73-11ea-b5be-b88a60e194fb-1,2020-01-06T05:48:45.000Z,crmid:2098268867,311fdcf6-4c73-11ea-b5be-b88a60e194fb,prd1034,Home Equity Loan,Mortgage,Personal,211607.32,1,USD,branchid:11039
317bde1c-4c73-11ea-ac5a-b88a60e194fb-1,2020-01-04T22:51:05.000Z,crmid:4622036767,317bde1c-4c73-11ea-ac5a-b88a60e194fb,prd1047,Mortgage: 10 yr Fixed,Mortgage,Personal,3197030.4,1,USD,branchid:11015
317d64a8-4c73-11ea-8b0a-b88a60e194fb-1,2020-01-16T05:50:10.000Z,crmid:3780367050,317d64a8-4c73-11ea-8b0a-b88a60e194fb,prd1139,Employee Stock Purchase Plans,Investment,Personal,10534.07,1,USD,branchid:11028
317ec470-4c73-11ea-9c23-b88a60e194fb-1,2020-01-19T08:16:27.000Z,crmid:1511631890,317ec470-4c73-11ea-9c23-b88a60e194fb,prd1148,Mortgage: 10/1 ARM,Mortgage,Personal,84742.09,1,USD,branchid:11047
317fb018-4c73-11ea-ab37-b88a60e194fb-1,2020-01-21T17:28:46.000Z,crmid:9637790973,317fb018-4c73-11ea-ab37-b88a60e194fb,prd1079,Mortgage: 30-yr Fixed,Mortgage,Personal,12103.27,1,USD,branchid:11042
3180991e-4c73-11ea-8ca6-b88a60e194fb-1,2020-01-15T00:01:02.000Z,crmid:7973755232,3180991e-4c73-11ea-8ca6-b88a60e194fb,prd1078,Mortgage: 7/1 ARM,Mortgage,Personal,12175.97,1,USD,branchid:11020
3181aa92-4c73-11ea-83a1-b88a60e194fb-1,2020-01-08T20:04:41.000Z,crmid:8447225523,3181aa92-4c73-11ea-83a1-b88a60e194fb,prd1151,Mortgage: 10 yr Fixed,Mortgage,Personal,3824481.97,1,USD,branchid:11071
31829636-4c73-11ea-af32-b88a60e194fb-1,2020-01-03T16:05:58.000Z,crmid:5873740286,31829636-4c73-11ea-af32-b88a60e194fb,prd1173,Money Market,Investment,Personal,21268.58,1,USD,branchid:11081
31de2226-4c73-11ea-905e-b88a60e194fb-1,2020-01-23T03:10:46.000Z,crmid:9877234477,31de2226-4c73-11ea-905e-b88a60e194fb,prd1185,Mortgage: FHA,Mortgage,Personal,4975125.47,1,USD,branchid:11038
31df0c8a-4c73-11ea-a686-b88a60e194fb-1,2020-01-07T10:44:36.000Z,crmid:8682142505,31df0c8a-4c73-11ea-a686-b88a60e194fb,prd1108,401k,Retirement,Personal,10691.94,1,USD,branchid:11071
31e01e10-4c73-11ea-b972-b88a60e194fb-1,2020-01-02T17:28:50.000Z,crmid:5375309475,31e01e10-4c73-11ea-b972-b88a60e194fb,prd1030,401k,Retirement,Personal,12604.36,1,USD,branchid:11116
31e12f88-4c73-11ea-ab5f-b88a60e194fb-1,2020-01-08T16:05:02.000Z,crmid:5321708028,31e12f88-4c73-11ea-ab5f-b88a60e194fb,prd1151,Mortgage: 10 yr Fixed,Mortgage,Personal,21527.1,1,USD,branchid:11012
31e219e8-4c73-11ea-bc31-b88a60e194fb-1,2020-01-03T05:57:09.000Z,crmid:2976093031,31e219e8-4c73-11ea-bc31-b88a60e194fb,prd1056,CDs: 5 year,Investment,Personal,14871.42,1,USD,branchid:11062
31e37986-4c73-11ea-880f-b88a60e194fb-1,2020-01-30T16:35:00.000Z,crmid:1528943043,31e37986-4c73-11ea-880f-b88a60e194fb,prd1154,Mortgage: 30-yr Fixed,Mortgage,Personal,17992.13,1,USD,branchid:11094
31e46530-4c73-11ea-983a-b88a60e194fb-1,2020-01-28T12:27:51.000Z,crmid:9582313572,31e46530-4c73-11ea-983a-b88a60e194fb,prd1153,CDs: 1 year,Investment,Personal,13783.15,1,USD,branchid:11062
32423c8a-4c73-11ea-b411-b88a60e194fb-1,2020-01-19T03:26:56.000Z,crmid:7652575300,32423c8a-4c73-11ea-b411-b88a60e194fb,prd1114,CDs: 3 month,Investment,Personal,4569991.75,1,USD,branchid:11033
3242ffcc-4c73-11ea-b7d9-b88a60e194fb-1,2020-01-13T12:32:38.000Z,crmid:7312337858,3242ffcc-4c73-11ea-b7d9-b88a60e194fb,prd1110,Traditional IRA,Retirement,Personal,15006.22,1,USD,branchid:11052
3243e8e2-4c73-11ea-93be-b88a60e194fb-1,2020-01-31T23:24:30.000Z,crmid:9567173028,3243e8e2-4c73-11ea-93be-b88a60e194fb,prd1185,Mortgage: FHA,Mortgage,Personal,241411.07,1,USD,branchid:11124
3244fae2-4c73-11ea-bdd9-b88a60e194fb-1,2020-01-02T11:50:34.000Z,crmid:1610700091,3244fae2-4c73-11ea-bdd9-b88a60e194fb,prd1117,Brokerage Account,Investment,Personal,10808.9,1,USD,branchid:11113
3245e57a-4c73-11ea-8a82-b88a60e194fb-1,2020-01-04T11:57:01.000Z,crmid:4723509971,3245e57a-4c73-11ea-8a82-b88a60e194fb,prd1035,Pension Account,Retirement,Personal,4195867.19,1,USD,branchid:11003
3246d01c-4c73-11ea-9981-b88a60e194fb-1,2020-01-27T02:38:51.000Z,crmid:7294930379,3246d01c-4c73-11ea-9981-b88a60e194fb,prd1151,Mortgage: 10 yr Fixed,Mortgage,Personal,17423.11,1,USD,branchid:11110
3247ba74-4c73-11ea-9dfd-b88a60e194fb-1,2020-01-29T21:59:47.000Z,crmid:8623148365,3247ba74-4c73-11ea-9dfd-b88a60e194fb,prd1087,Overseas Equity Fund,Investment,Personal,11968.47,1,USD,branchid:11044
32a7b376-4c73-11ea-8010-b88a60e194fb-1,2020-01-10T14:46:04.000Z,crmid:3419729209,32a7b376-4c73-11ea-8010-b88a60e194fb,prd1151,Mortgage: 10 yr Fixed,Mortgage,Personal,17179.18,1,USD,branchid:11094
32a8c4e8-4c73-11ea-815d-b88a60e194fb-1,2020-01-02T16:52:56.000Z,crmid:1829313132,32a8c4e8-4c73-11ea-815d-b88a60e194fb,prd1167,Roth IRA,Retirement,Personal,4850571.59,1,USD,branchid:11028
32a9d650-4c73-11ea-995a-b88a60e194fb-1,2020-01-04T17:34:33.000Z,crmid:8738247819,32a9d650-4c73-11ea-995a-b88a60e194fb,prd1123,Mortgage: 10 yr Fixed,Mortgage,Personal,161229.48,1,USD,branchid:11090
32aa999e-4c73-11ea-b414-b88a60e194fb-1,2020-01-27T06:47:11.000Z,crmid:8814939305,32aa999e-4c73-11ea-b414-b88a60e194fb,prd1008,Traditional IRA,Retirement,Personal,6495925.63,1,USD,branchid:11109
32ab5cf4-4c73-11ea-b5fe-b88a60e194fb-1,2020-01-27T02:18:42.000Z,crmid:8546712734,32ab5cf4-4c73-11ea-b5fe-b88a60e194fb,prd1056,CDs: 5 year,Investment,Personal,17995.05,1,USD,branchid:11112
32ac7006-4c73-11ea-9e4f-b88a60e194fb-1,2020-01-29T10:13:20.000Z,crmid:1849468635,32ac7006-4c73-11ea-9e4f-b88a60e194fb,prd1013,Mortgage: FHA,Mortgage,Personal,3999552.49,1,USD,branchid:11111
32ad331a-4c73-11ea-ad5d-b88a60e194fb-1,2020-01-30T19:38:55.000Z,crmid:8424062490,32ad331a-4c73-11ea-ad5d-b88a60e194fb,prd1046,Mortgage: VA,Mortgage,Personal,19260.44,1,USD,branchid:11078
3307611c-4c73-11ea-a5f3-b88a60e194fb-1,2020-01-30T05:30:58.000Z,crmid:5500385784,3307611c-4c73-11ea-a5f3-b88a60e194fb,prd1155,CDs: 5 year,Investment,Personal,11092.08,1,USD,branchid:11096
33084b4c-4c73-11ea-a4d1-b88a60e194fb-1,2020-01-28T23:19:38.000Z,crmid:3223699779,33084b4c-4c73-11ea-a4d1-b88a60e194fb,prd1068,Mortgage: 7/1 ARM,Mortgage,Personal,18197.5,1,USD,branchid:11056
33093458-4c73-11ea-a2e9-b88a60e194fb-1,2020-01-08T12:03:10.000Z,crmid:6673839311,33093458-4c73-11ea-a2e9-b88a60e194fb,prd1045,Mortgage: 10/1 ARM,Mortgage,Personal,194286.55,1,USD,branchid:11060
330a1efa-4c73-11ea-8ecb-b88a60e194fb-1,2020-01-24T11:45:22.000Z,crmid:6857397596,330a1efa-4c73-11ea-8ecb-b88a60e194fb,prd1111,Pension Account,Retirement,Personal,152670.24,1,USD,branchid:11116
330b0918-4c73-11ea-9cae-b88a60e194fb-1,2020-01-23T23:35:39.000Z,crmid:3498299239,330b0918-4c73-11ea-9cae-b88a60e194fb,prd1078,Mortgage: 7/1 ARM,Mortgage,Personal,140301.03,1,USD,branchid:11140
330bda12-4c73-11ea-b18e-b88a60e194fb-1,2020-01-15T17:30:35.000Z,crmid:4438119515,330bda12-4c73-11ea-b18e-b88a60e194fb,prd1097,Employee Stock Purchase Plans,Investment,Personal,12644.6,1,USD,branchid:11064
330cdde8-4c73-11ea-88b8-b88a60e194fb-1,2020-01-17T03:57:15.000Z,crmid:5069401919,330cdde8-4c73-11ea-88b8-b88a60e194fb,prd1129,Mortgage: 10/1 ARM,Mortgage,Personal,17242.64,1,USD,branchid:11079
336a8e24-4c73-11ea-8674-b88a60e194fb-1,2020-01-14T20:43:41.000Z,crmid:3506335214,336a8e24-4c73-11ea-8674-b88a60e194fb,prd1025,Brokerage Account,Investment,Personal,18580.08,1,USD,branchid:11056
336bedc0-4c73-11ea-b2f9-b88a60e194fb-1,2020-01-30T09:31:28.000Z,crmid:6147451746,336bedc0-4c73-11ea-b2f9-b88a60e194fb,prd1064,CDs: 3 month,Investment,Personal,117339.18,1,USD,branchid:11076
336d4d50-4c73-11ea-ba3c-b88a60e194fb-1,2020-01-13T18:35:34.000Z,crmid:4605434267,336d4d50-4c73-11ea-ba3c-b88a60e194fb,prd1014,CDs: 3 month,Investment,Personal,3237996.29,1,USD,branchid:11025
336e5e9e-4c73-11ea-a984-b88a60e194fb-1,2020-01-29T03:30:16.000Z,crmid:1322879732,336e5e9e-4c73-11ea-a984-b88a60e194fb,prd1064,CDs: 3 month,Investment,Personal,15322.22,1,USD,branchid:11149
336f701e-4c73-11ea-b1c7-b88a60e194fb-1,2020-01-26T07:27:06.000Z,crmid:1499418174,336f701e-4c73-11ea-b1c7-b88a60e194fb,prd1124,CDs: 5 year,Investment,Personal,17447.42,1,USD,branchid:11109
33708186-4c73-11ea-b061-b88a60e194fb-1,2020-01-23T12:59:29.000Z,crmid:6322156994,33708186-4c73-11ea-b061-b88a60e194fb,prd1033,Fixed Deposit,Investment,Personal,129245.28,1,USD,branchid:11136
33719312-4c73-11ea-876f-b88a60e194fb-1,2020-01-01T12:11:20.000Z,crmid:8013553920,33719312-4c73-11ea-876f-b88a60e194fb,prd1173,Money Market,Investment,Personal,15867.05,1,USD,branchid:11064
33d69608-4c73-11ea-a5ef-b88a60e194fb-1,2020-01-16T18:43:45.000Z,crmid:7054600246,33d69608-4c73-11ea-a5ef-b88a60e194fb,prd1110,Traditional IRA,Retirement,Personal,17591.27,1,USD,branchid:11075
33d7596c-4c73-11ea-a6b6-b88a60e194fb-1,2020-01-07T06:56:20.000Z,crmid:6265899469,33d7596c-4c73-11ea-a6b6-b88a60e194fb,prd1165,Roth IRA,Retirement,Personal,176427.47,1,USD,branchid:11150
33d86adc-4c73-11ea-b691-b88a60e194fb-1,2020-01-20T11:10:04.000Z,crmid:5702351254,33d86adc-4c73-11ea-b691-b88a60e194fb,prd1189,Overseas Equity Fund,Investment,Personal,17274.76,1,USD,branchid:11135
33d95526-4c73-11ea-9041-b88a60e194fb-1,2020-01-30T23:04:29.000Z,crmid:1672013121,33d95526-4c73-11ea-9041-b88a60e194fb,prd1115,Mortgage: VA,Mortgage,Personal,244765.8,1,USD,branchid:11062
33da1874-4c73-11ea-85d5-b88a60e194fb-1,2020-01-27T11:09:18.000Z,crmid:3852419734,33da1874-4c73-11ea-85d5-b88a60e194fb,prd1062,Mortgage: VA,Mortgage,Personal,13427.24,1,USD,branchid:11019
33db030c-4c73-11ea-b32e-b88a60e194fb-1,2020-01-19T14:29:24.000Z,crmid:3305425973,33db030c-4c73-11ea-b32e-b88a60e194fb,prd1124,CDs: 5 year,Investment,Personal,362367.68,1,USD,branchid:11145
33dbc874-4c73-11ea-a448-b88a60e194fb-1,2020-01-18T00:48:47.000Z,crmid:7054600246,33dbc874-4c73-11ea-a448-b88a60e194fb,prd1112,Fixed Deposit,Investment,Personal,14638.77,1,USD,branchid:11123
343a61dc-4c73-11ea-96c5-b88a60e194fb-1,2020-01-18T03:48:08.000Z,crmid:9448732793,343a61dc-4c73-11ea-96c5-b88a60e194fb,prd1172,Employee Stock Purchase Plans,Investment,Personal,19321.91,1,USD,branchid:11033
343b4c1e-4c73-11ea-9c77-b88a60e194fb-1,2020-01-29T01:47:16.000Z,crmid:4389520847,343b4c1e-4c73-11ea-9c77-b88a60e194fb,prd1186,Money Market,Investment,Personal,13359.69,1,USD,branchid:11044
343c359c-4c73-11ea-b43b-b88a60e194fb-1,2020-01-10T09:55:31.000Z,crmid:7769210889,343c359c-4c73-11ea-b43b-b88a60e194fb,prd1035,Pension Account,Retirement,Personal,17153.25,1,USD,branchid:11025
343d2006-4c73-11ea-b9a3-b88a60e194fb-1,2020-01-14T12:35:35.000Z,crmid:5474922961,343d2006-4c73-11ea-b9a3-b88a60e194fb,prd1115,Mortgage: VA,Mortgage,Personal,215945.82,1,USD,branchid:11102
343e7fd0-4c73-11ea-b718-b88a60e194fb-1,2020-01-25T10:58:57.000Z,crmid:5024861652,343e7fd0-4c73-11ea-b718-b88a60e194fb,prd1173,Money Market,Investment,Personal,20546.57,1,USD,branchid:11038
343fb94a-4c73-11ea-af5c-b88a60e194fb-1,2020-01-19T01:05:30.000Z,crmid:1491332594,343fb94a-4c73-11ea-af5c-b88a60e194fb,prd1154,Mortgage: 30-yr Fixed,Mortgage,Personal,20305.43,1,USD,branchid:11032
344117ac-4c73-11ea-b36b-b88a60e194fb-1,2020-01-04T08:27:57.000Z,crmid:8047378566,344117ac-4c73-11ea-b36b-b88a60e194fb,prd1047,Mortgage: 10 yr Fixed,Mortgage,Personal,16202.57,1,USD,branchid:11077
349fd980-4c73-11ea-a8f6-b88a60e194fb-1,2020-01-23T01:36:31.000Z,crmid:9585343621,349fd980-4c73-11ea-a8f6-b88a60e194fb,prd1121,Mortgage: 30-yr Fixed,Mortgage,Personal,219067.28,1,USD,branchid:11097
34a111ee-4c73-11ea-98c9-b88a60e194fb-1,2020-01-20T23:27:41.000Z,crmid:9525858329,34a111ee-4c73-11ea-98c9-b88a60e194fb,prd1027,Mortgage: 30-yr Fixed,Mortgage,Personal,11921.78,1,USD,branchid:11142
34a1d65e-4c73-11ea-804c-b88a60e194fb-1,2020-01-08T06:47:49.000Z,crmid:9749009351,34a1d65e-4c73-11ea-804c-b88a60e194fb,prd1097,Employee Stock Purchase Plans,Investment,Personal,13869.4,1,USD,branchid:11064
34a29880-4c73-11ea-9759-b88a60e194fb-1,2020-01-16T00:37:51.000Z,crmid:9489875040,34a29880-4c73-11ea-9759-b88a60e194fb,prd1062,Mortgage: VA,Mortgage,Personal,10100.61,1,USD,branchid:11015
34a3a9c6-4c73-11ea-ac6f-b88a60e194fb-1,2020-01-15T06:32:03.000Z,crmid:9213214225,34a3a9c6-4c73-11ea-ac6f-b88a60e194fb,prd1079,Mortgage: 30-yr Fixed,Mortgage,Personal,150198.53,1,USD,branchid:11039
34a4941e-4c73-11ea-9563-b88a60e194fb-1,2020-01-07T02:59:26.000Z,crmid:3805871384,34a4941e-4c73-11ea-9563-b88a60e194fb,prd1153,CDs: 1 year,Investment,Personal,13027.9,1,USD,branchid:11014
34a558e4-4c73-11ea-84b1-b88a60e194fb-1,2020-01-18T02:04:27.000Z,crmid:9934486643,34a558e4-4c73-11ea-84b1-b88a60e194fb,prd1167,Roth IRA,Retirement,Personal,16212.63,1,USD,branchid:11057
35015a34-4c73-11ea-9084-b88a60e194fb-1,2020-01-21T22:16:17.000Z,crmid:7177195818,35015a34-4c73-11ea-9084-b88a60e194fb,prd1179,Business Brokerage Account,Investment,Business,13250.19,1,USD,branchid:11023
3502446e-4c73-11ea-9c85-b88a60e194fb-1,2020-01-20T04:00:14.000Z,crmid:1075612803,3502446e-4c73-11ea-9c85-b88a60e194fb,prd1073,Business Brokerage Account,Investment,Business,16262.26,1,USD,branchid:11094
350307f4-4c73-11ea-9429-b88a60e194fb-1,2020-01-20T21:53:14.000Z,crmid:7211480999,350307f4-4c73-11ea-9429-b88a60e194fb,prd1026,Mortgage: 5/1 ARM,Mortgage,Personal,163408.69,1,USD,branchid:11017
35041936-4c73-11ea-be26-b88a60e194fb-1,2020-01-18T09:42:51.000Z,crmid:1494816578,35041936-4c73-11ea-be26-b88a60e194fb,prd1159,CDs: 3 month,Investment,Personal,19229.25,1,USD,branchid:11081
350503b8-4c73-11ea-93b2-b88a60e194fb-1,2020-01-01T09:38:29.000Z,crmid:6293424836,350503b8-4c73-11ea-93b2-b88a60e194fb,prd1049,Business Brokerage Account,Investment,Business,265263.26,1,USD,branchid:11021
3505edee-4c73-11ea-98d5-b88a60e194fb-1,2020-01-08T22:20:47.000Z,crmid:1323436633,3505edee-4c73-11ea-98d5-b88a60e194fb,prd1049,Business Brokerage Account,Investment,Business,222318.91,1,USD,branchid:11105
3506ff7e-4c73-11ea-be57-b88a60e194fb-1,2020-01-08T09:54:26.000Z,crmid:1095030243,3506ff7e-4c73-11ea-be57-b88a60e194fb,prd1185,Mortgage: FHA,Mortgage,Personal,17003.79,1,USD,branchid:11071
356461be-4c73-11ea-bde6-b88a60e194fb-1,2020-01-19T17:26:48.000Z,crmid:7861474533,356461be-4c73-11ea-bde6-b88a60e194fb,prd1049,Business Brokerage Account,Investment,Business,194224.12,1,USD,branchid:11086
35654c08-4c73-11ea-8a8b-b88a60e194fb-1,2020-01-19T23:19:36.000Z,crmid:5344714216,35654c08-4c73-11ea-8a8b-b88a60e194fb,prd1181,Mortgage: 5/1 ARM,Mortgage,Personal,161855.17,1,USD,branchid:11031
35661098-4c73-11ea-a6b5-b88a60e194fb-1,2020-01-20T14:50:30.000Z,crmid:6117553336,35661098-4c73-11ea-a6b5-b88a60e194fb,prd1049,Business Brokerage Account,Investment,Business,15346.22,1,USD,branchid:11046
3567209a-4c73-11ea-b759-b88a60e194fb-1,2020-01-10T12:24:24.000Z,crmid:1089746483,3567209a-4c73-11ea-b759-b88a60e194fb,prd1025,Brokerage Account,Investment,Personal,19986.72,1,USD,branchid:11024
3567e3ec-4c73-11ea-8d2c-b88a60e194fb-1,2020-01-09T02:55:32.000Z,crmid:8190476568,3567e3ec-4c73-11ea-8d2c-b88a60e194fb,prd1123,Mortgage: 10 yr Fixed,Mortgage,Personal,189913.86,1,USD,branchid:11078
3568cfa8-4c73-11ea-8202-b88a60e194fb-1,2020-01-10T18:38:12.000Z,crmid:9761922528,3568cfa8-4c73-11ea-8202-b88a60e194fb,prd1108,401k,Retirement,Personal,204946.38,1,USD,branchid:11096
3569bae8-4c73-11ea-b7ad-b88a60e194fb-1,2020-01-28T02:44:05.000Z,crmid:8123650199,3569bae8-4c73-11ea-b7ad-b88a60e194fb,prd1061,Mortgage: 5/1 ARM,Mortgage,Personal,13411.5,1,USD,branchid:11145
35d68412-4c73-11ea-a659-b88a60e194fb-1,2020-01-14T16:49:39.000Z,crmid:6122698884,35d68412-4c73-11ea-a659-b88a60e194fb,prd1035,Pension Account,Retirement,Personal,10436.72,1,USD,branchid:11135
35d76eba-4c73-11ea-a263-b88a60e194fb-1,2020-01-26T05:06:00.000Z,crmid:4521445954,35d76eba-4c73-11ea-a263-b88a60e194fb,prd1144,Home Equity Loan,Mortgage,Personal,11922.54,1,USD,branchid:11100
35d858e8-4c73-11ea-9bce-b88a60e194fb-1,2020-01-15T07:53:32.000Z,crmid:9353234783,35d858e8-4c73-11ea-9bce-b88a60e194fb,prd1101,Mortgage: 5/1 ARM,Mortgage,Personal,4312647.91,1,USD,branchid:11101
35da2d8a-4c73-11ea-a89e-b88a60e194fb-1,2020-01-06T00:45:07.000Z,crmid:4759081016,35da2d8a-4c73-11ea-a89e-b88a60e194fb,prd1041,Mortgage: 7/1 ARM,Mortgage,Personal,16803.38,1,USD,branchid:11047
35db8d3e-4c73-11ea-8064-b88a60e194fb-1,2020-01-09T22:09:59.000Z,crmid:5103726787,35db8d3e-4c73-11ea-8064-b88a60e194fb,prd1073,Business Brokerage Account,Investment,Business,206043.93,1,USD,branchid:11147
35dd13cc-4c73-11ea-9481-b88a60e194fb-1,2020-01-31T15:44:34.000Z,crmid:6572447855,35dd13cc-4c73-11ea-9481-b88a60e194fb,prd1033,Fixed Deposit,Investment,Personal,18957.12,1,USD,branchid:11126
35de9a82-4c73-11ea-aed5-b88a60e194fb-1,2020-01-29T06:05:05.000Z,crmid:4613564093,35de9a82-4c73-11ea-aed5-b88a60e194fb,prd1087,Overseas Equity Fund,Investment,Personal,15309.26,1,USD,branchid:11079
3648a6a4-4c73-11ea-b266-b88a60e194fb-1,2020-01-18T20:12:50.000Z,crmid:4805693706,3648a6a4-4c73-11ea-b266-b88a60e194fb,prd1014,CDs: 3 month,Investment,Personal,189079.52,1,USD,branchid:11069
3649df18-4c73-11ea-b3c9-b88a60e194fb-1,2020-01-19T22:07:53.000Z,crmid:3944291058,3649df18-4c73-11ea-b3c9-b88a60e194fb,prd1073,Business Brokerage Account,Investment,Business,13455.2,1,USD,branchid:11028
364b3eb6-4c73-11ea-b501-b88a60e194fb-1,2020-01-08T23:16:25.000Z,crmid:3525397316,364b3eb6-4c73-11ea-b501-b88a60e194fb,prd1131,Employee Stock Purchase Plans,Investment,Personal,16550.8,1,USD,branchid:11028
364c7736-4c73-11ea-9fb7-b88a60e194fb-1,2020-01-28T07:27:31.000Z,crmid:8914445770,364c7736-4c73-11ea-9fb7-b88a60e194fb,prd1034,Home Equity Loan,Mortgage,Personal,14000.75,1,USD,branchid:11118
364d61c0-4c73-11ea-9c70-b88a60e194fb-1,2020-01-06T19:12:26.000Z,crmid:9354725157,364d61c0-4c73-11ea-9c70-b88a60e194fb,prd1056,CDs: 5 year,Investment,Personal,12725.47,1,USD,branchid:11139
364e730a-4c73-11ea-803a-b88a60e194fb-1,2020-01-01T07:40:35.000Z,crmid:7861474533,364e730a-4c73-11ea-803a-b88a60e194fb,prd1174,Traditional IRA,Retirement,Personal,154793.87,1,USD,branchid:11136
364f5d64-4c73-11ea-ab3a-b88a60e194fb-1,2020-01-07T10:40:15.000Z,crmid:1877621975,364f5d64-4c73-11ea-ab3a-b88a60e194fb,prd1030,401k,Retirement,Personal,209664.65,1,USD,branchid:11107
36b3eb92-4c73-11ea-84ee-b88a60e194fb-1,2020-01-13T07:01:44.000Z,crmid:4870915193,36b3eb92-4c73-11ea-84ee-b88a60e194fb,prd1151,Mortgage: 10 yr Fixed,Mortgage,Personal,14596.49,1,USD,branchid:11119
36b4fcd2-4c73-11ea-bbe9-b88a60e194fb-1,2020-01-15T22:36:07.000Z,crmid:7093970291,36b4fcd2-4c73-11ea-bbe9-b88a60e194fb,prd1027,Mortgage: 30-yr Fixed,Mortgage,Personal,15601.3,1,USD,branchid:11080
36b5c03a-4c73-11ea-a54d-b88a60e194fb-1,2020-01-26T02:25:54.000Z,crmid:1186238499,36b5c03a-4c73-11ea-a54d-b88a60e194fb,prd1167,Roth IRA,Retirement,Personal,13978.43,1,USD,branchid:11019
36b6f8b4-4c73-11ea-9e9e-b88a60e194fb-1,2020-01-22T04:10:48.000Z,crmid:7893740465,36b6f8b4-4c73-11ea-9e9e-b88a60e194fb,prd1172,Employee Stock Purchase Plans,Investment,Personal,15177.52,1,USD,branchid:11047
36b83138-4c73-11ea-a595-b88a60e194fb-1,2020-01-09T21:57:32.000Z,crmid:7712558138,36b83138-4c73-11ea-a595-b88a60e194fb,prd1179,Business Brokerage Account,Investment,Business,239553.17,1,USD,branchid:11115
36b969b8-4c73-11ea-8bc8-b88a60e194fb-1,2020-01-24T04:54:03.000Z,crmid:1823445992,36b969b8-4c73-11ea-8bc8-b88a60e194fb,prd1061,Mortgage: 5/1 ARM,Mortgage,Personal,18440.57,1,USD,branchid:11017
36ba5428-4c73-11ea-9310-b88a60e194fb-1,2020-01-12T13:37:27.000Z,crmid:8778910621,36ba5428-4c73-11ea-9310-b88a60e194fb,prd1125,Mortgage: FHA,Mortgage,Personal,5139349.67,1,USD,branchid:11116
3721051c-4c73-11ea-bcb3-b88a60e194fb-1,2020-01-23T12:06:31.000Z,crmid:4102608941,3721051c-4c73-11ea-bcb3-b88a60e194fb,prd1079,Mortgage: 30-yr Fixed,Mortgage,Personal,151963.21,1,USD,branchid:11148
37223e46-4c73-11ea-8448-b88a60e194fb-1,2020-01-05T07:35:25.000Z,crmid:3125008195,37223e46-4c73-11ea-8448-b88a60e194fb,prd1014,CDs: 3 month,Investment,Personal,6169731.27,1,USD,branchid:11005
37243976-4c73-11ea-a394-b88a60e194fb-1,2020-01-16T12:41:41.000Z,crmid:2545197087,37243976-4c73-11ea-a394-b88a60e194fb,prd1125,Mortgage: FHA,Mortgage,Personal,15798.81,1,USD,branchid:11150
37257326-4c73-11ea-9255-b88a60e194fb-1,2020-01-26T00:26:18.000Z,crmid:2644470742,37257326-4c73-11ea-9255-b88a60e194fb,prd1008,Traditional IRA,Retirement,Personal,160113.2,1,USD,branchid:11094
3726d1a2-4c73-11ea-abd4-b88a60e194fb-1,2020-01-29T14:53:00.000Z,crmid:1329505845,3726d1a2-4c73-11ea-abd4-b88a60e194fb,prd1101,Mortgage: 5/1 ARM,Mortgage,Personal,11680.86,1,USD,branchid:11118
3727bbdc-4c73-11ea-8d66-b88a60e194fb-1,2020-01-05T19:36:26.000Z,crmid:1588613867,3727bbdc-4c73-11ea-8d66-b88a60e194fb,prd1179,Business Brokerage Account,Investment,Business,11394.7,1,USD,branchid:11018
3728f46c-4c73-11ea-88b5-b88a60e194fb-1,2020-01-20T06:41:49.000Z,crmid:9451215280,3728f46c-4c73-11ea-88b5-b88a60e194fb,prd1182,Brokerage Account,Investment,Personal,4382701.88,1,USD,branchid:11065
378433b6-4c73-11ea-b58a-b88a60e194fb-1,2020-01-28T11:33:11.000Z,crmid:5092786860,378433b6-4c73-11ea-b58a-b88a60e194fb,prd1013,Mortgage: FHA,Mortgage,Personal,13443.89,1,USD,branchid:11135
37851dee-4c73-11ea-839b-b88a60e194fb-1,2020-01-20T10:29:25.000Z,crmid:7443363415,37851dee-4c73-11ea-839b-b88a60e194fb,prd1097,Employee Stock Purchase Plans,Investment,Personal,135368.26,1,USD,branchid:11065
3785e206-4c73-11ea-ac44-b88a60e194fb-1,2020-01-07T04:23:21.000Z,crmid:5506874504,3785e206-4c73-11ea-ac44-b88a60e194fb,prd1151,Mortgage: 10 yr Fixed,Mortgage,Personal,12677.84,1,USD,branchid:11000
37867e80-4c73-11ea-915a-b88a60e194fb-1,2020-01-19T13:57:35.000Z,crmid:1424365558,37867e80-4c73-11ea-915a-b88a60e194fb,prd1144,Home Equity Loan,Mortgage,Personal,18179.59,1,USD,branchid:11144
37876852-4c73-11ea-b73d-b88a60e194fb-1,2020-01-02T01:37:21.000Z,crmid:6735779798,37876852-4c73-11ea-b73d-b88a60e194fb,prd1148,Mortgage: 10/1 ARM,Mortgage,Personal,15213.8,1,USD,branchid:11120
37882b3a-4c73-11ea-8439-b88a60e194fb-1,2020-01-15T12:32:07.000Z,crmid:3790625481,37882b3a-4c73-11ea-8439-b88a60e194fb,prd1062,Mortgage: VA,Mortgage,Personal,17691.51,1,USD,branchid:11012
37891702-4c73-11ea-8499-b88a60e194fb-1,2020-01-06T11:01:48.000Z,crmid:8062155626,37891702-4c73-11ea-8499-b88a60e194fb,prd1025,Brokerage Account,Investment,Personal,16092.59,1,USD,branchid:11051
37e39310-4c73-11ea-b560-b88a60e194fb-1,2020-01-07T13:52:48.000Z,crmid:1693372563,37e39310-4c73-11ea-b560-b88a60e194fb,prd1013,Mortgage: FHA,Mortgage,Personal,13018.46,1,USD,branchid:11072
37e47d48-4c73-11ea-8440-b88a60e194fb-1,2020-01-27T00:58:03.000Z,crmid:4702471889,37e47d48-4c73-11ea-8440-b88a60e194fb,prd1027,Mortgage: 30-yr Fixed,Mortgage,Personal,12607.23,1,USD,branchid:11015
37e53f36-4c73-11ea-9a93-b88a60e194fb-1,2020-01-07T00:02:29.000Z,crmid:7308773671,37e53f36-4c73-11ea-9a93-b88a60e194fb,prd1030,401k,Retirement,Personal,12344.35,1,USD,branchid:11010
37e6ee3a-4c73-11ea-82c4-b88a60e194fb-1,2020-01-25T05:00:55.000Z,crmid:2318952460,37e6ee3a-4c73-11ea-82c4-b88a60e194fb,prd1073,Business Brokerage Account,Investment,Business,12726.3,1,USD,branchid:11059
37e7b034-4c73-11ea-8658-b88a60e194fb-1,2020-01-24T22:18:19.000Z,crmid:7788622633,37e7b034-4c73-11ea-8658-b88a60e194fb,prd1101,Mortgage: 5/1 ARM,Mortgage,Personal,275677.23,1,USD,branchid:11089
37e89a90-4c73-11ea-9fb9-b88a60e194fb-1,2020-01-26T02:07:22.000Z,crmid:8843844586,37e89a90-4c73-11ea-9fb9-b88a60e194fb,prd1115,Mortgage: VA,Mortgage,Personal,17344.53,1,USD,branchid:11059
37e95ee8-4c73-11ea-ad95-b88a60e194fb-1,2020-01-16T10:50:55.000Z,crmid:8051115847,37e95ee8-4c73-11ea-ad95-b88a60e194fb,prd1167,Roth IRA,Retirement,Personal,11452.37,1,USD,branchid:11090
3845afa4-4c73-11ea-8aee-b88a60e194fb-1,2020-01-26T08:49:24.000Z,crmid:8622567617,3845afa4-4c73-11ea-8aee-b88a60e194fb,prd1176,Overseas Equity Fund,Investment,Personal,12534.91,1,USD,branchid:11039
384671e6-4c73-11ea-8c5a-b88a60e194fb-1,2020-01-23T22:52:59.000Z,crmid:1780579750,384671e6-4c73-11ea-8c5a-b88a60e194fb,prd1049,Business Brokerage Account,Investment,Business,12824.8,1,USD,branchid:11114
38475d88-4c73-11ea-88dc-b88a60e194fb-1,2020-01-31T03:48:21.000Z,crmid:1144442634,38475d88-4c73-11ea-88dc-b88a60e194fb,prd1013,Mortgage: FHA,Mortgage,Personal,16727.36,1,USD,branchid:11136
384820ee-4c73-11ea-a46b-b88a60e194fb-1,2020-01-05T02:16:04.000Z,crmid:4495328059,384820ee-4c73-11ea-a46b-b88a60e194fb,prd1087,Overseas Equity Fund,Investment,Personal,10229.81,1,USD,branchid:11062
384909f6-4c73-11ea-a2a1-b88a60e194fb-1,2020-01-17T09:59:30.000Z,crmid:1158187696,384909f6-4c73-11ea-a2a1-b88a60e194fb,prd1033,Fixed Deposit,Investment,Personal,248420.18,1,USD,branchid:11062
384a1b5a-4c73-11ea-811e-b88a60e194fb-1,2020-01-09T00:25:42.000Z,crmid:4357311862,384a1b5a-4c73-11ea-811e-b88a60e194fb,prd1186,Money Market,Investment,Personal,22289.74,1,USD,branchid:11019
384adeb0-4c73-11ea-b910-b88a60e194fb-1,2020-01-25T01:17:23.000Z,crmid:3250475432,384adeb0-4c73-11ea-b910-b88a60e194fb,prd1079,Mortgage: 30-yr Fixed,Mortgage,Personal,101839.0,1,USD,branchid:11009
38a8b5e2-4c73-11ea-9f47-b88a60e194fb-1,2020-01-12T17:44:13.000Z,crmid:9308707850,38a8b5e2-4c73-11ea-9f47-b88a60e194fb,prd1111,Pension Account,Retirement,Personal,4537829.51,1,USD,branchid:11127
38aa63a6-4c73-11ea-93b1-b88a60e194fb-1,2020-01-10T01:35:38.000Z,crmid:3231927329,38aa63a6-4c73-11ea-93b1-b88a60e194fb,prd1108,401k,Retirement,Personal,16672.78,1,USD,branchid:11134
38ac118a-4c73-11ea-9108-b88a60e194fb-1,2020-01-30T11:01:28.000Z,crmid:2768134302,38ac118a-4c73-11ea-9108-b88a60e194fb,prd1174,Traditional IRA,Retirement,Personal,18433.11,1,USD,branchid:11036
38ad7178-4c73-11ea-a460-b88a60e194fb-1,2020-01-09T03:49:31.000Z,crmid:6460405574,38ad7178-4c73-11ea-a460-b88a60e194fb,prd1179,Business Brokerage Account,Investment,Business,10682.1,1,USD,branchid:11028
38aef774-4c73-11ea-ab3c-b88a60e194fb-1,2020-01-20T15:13:33.000Z,crmid:3131808543,38aef774-4c73-11ea-ab3c-b88a60e194fb,prd1034,Home Equity Loan,Mortgage,Personal,215913.89,1,USD,branchid:11147
38b03002-4c73-11ea-913a-b88a60e194fb-1,2020-01-15T06:09:43.000Z,crmid:1359792904,38b03002-4c73-11ea-913a-b88a60e194fb,prd1035,Pension Account,Retirement,Personal,15160.68,1,USD,branchid:11136
38b18f70-4c73-11ea-aeee-b88a60e194fb-1,2020-01-27T04:35:04.000Z,crmid:5443130478,38b18f70-4c73-11ea-aeee-b88a60e194fb,prd1024,Mortgage: FHA,Mortgage,Personal,14304.76,1,USD,branchid:11131
391052c6-4c73-11ea-8104-b88a60e194fb-1,2020-01-03T09:52:54.000Z,crmid:9755497383,391052c6-4c73-11ea-8104-b88a60e194fb,prd1165,Roth IRA,Retirement,Personal,20199.24,1,USD,branchid:11019
39113bc0-4c73-11ea-a314-b88a60e194fb-1,2020-01-16T17:52:05.000Z,crmid:6421084874,39113bc0-4c73-11ea-a314-b88a60e194fb,prd1101,Mortgage: 5/1 ARM,Mortgage,Personal,270909.8,1,USD,branchid:11134
3912271c-4c73-11ea-931e-b88a60e194fb-1,2020-01-21T05:41:47.000Z,crmid:8412957177,3912271c-4c73-11ea-931e-b88a60e194fb,prd1125,Mortgage: FHA,Mortgage,Personal,4492228.81,1,USD,branchid:11087
3912c3a8-4c73-11ea-83ea-b88a60e194fb-1,2020-01-14T00:54:11.000Z,crmid:3343433034,3912c3a8-4c73-11ea-83ea-b88a60e194fb,prd1042,Roth IRA,Retirement,Personal,3829314.25,1,USD,branchid:11097
3913aca8-4c73-11ea-b0d0-b88a60e194fb-1,2020-01-05T06:11:58.000Z,crmid:7065397645,3913aca8-4c73-11ea-b0d0-b88a60e194fb,prd1179,Business Brokerage Account,Investment,Business,345027.06,1,USD,branchid:11030
39149822-4c73-11ea-9166-b88a60e194fb-1,2020-01-10T14:59:44.000Z,crmid:9205999745,39149822-4c73-11ea-9166-b88a60e194fb,prd1046,Mortgage: VA,Mortgage,Personal,211395.93,1,USD,branchid:11080
39155b50-4c73-11ea-b329-b88a60e194fb-1,2020-01-19T04:38:17.000Z,crmid:7385310889,39155b50-4c73-11ea-b329-b88a60e194fb,prd1027,Mortgage: 30-yr Fixed,Mortgage,Personal,10543.65,1,USD,branchid:11040
397296b4-4c73-11ea-9fba-b88a60e194fb-1,2020-01-22T07:31:34.000Z,crmid:6652038833,397296b4-4c73-11ea-9fba-b88a60e194fb,prd1079,Mortgage: 30-yr Fixed,Mortgage,Personal,14928.01,1,USD,branchid:11127
39737ff6-4c73-11ea-bb50-b88a60e194fb-1,2020-01-03T11:13:52.000Z,crmid:8170291726,39737ff6-4c73-11ea-bb50-b88a60e194fb,prd1028,CDs: 1 year,Investment,Personal,15984.42,1,USD,branchid:11068
3974445c-4c73-11ea-b86e-b88a60e194fb-1,2020-01-05T20:53:56.000Z,crmid:4493796191,3974445c-4c73-11ea-b86e-b88a60e194fb,prd1125,Mortgage: FHA,Mortgage,Personal,19448.55,1,USD,branchid:11028
39752d66-4c73-11ea-8250-b88a60e194fb-1,2020-01-10T03:42:19.000Z,crmid:4195162995,39752d66-4c73-11ea-8250-b88a60e194fb,prd1167,Roth IRA,Retirement,Personal,184954.78,1,USD,branchid:11135
3975f0d0-4c73-11ea-b19b-b88a60e194fb-1,2020-01-18T13:59:04.000Z,crmid:2435329305,3975f0d0-4c73-11ea-b19b-b88a60e194fb,prd1174,Traditional IRA,Retirement,Personal,14384.03,1,USD,branchid:11016
3976b508-4c73-11ea-a859-b88a60e194fb-1,2020-01-13T20:58:34.000Z,crmid:8470917175,3976b508-4c73-11ea-a859-b88a60e194fb,prd1114,CDs: 3 month,Investment,Personal,255250.69,1,USD,branchid:11094
39779fca-4c73-11ea-9306-b88a60e194fb-1,2020-01-29T17:55:49.000Z,crmid:7501676514,39779fca-4c73-11ea-9306-b88a60e194fb,prd1064,CDs: 3 month,Investment,Personal,18362.97,1,USD,branchid:11116
39d290f4-4c73-11ea-a483-b88a60e194fb-1,2020-01-08T11:20:35.000Z,crmid:6148982497,39d290f4-4c73-11ea-a483-b88a60e194fb,prd1184,Fixed Deposit,Investment,Personal,14867.64,1,USD,branchid:11116
39d3a112-4c73-11ea-a1a5-b88a60e194fb-1,2020-01-02T18:53:29.000Z,crmid:1348905786,39d3a112-4c73-11ea-a1a5-b88a60e194fb,prd1047,Mortgage: 10 yr Fixed,Mortgage,Personal,15564.23,1,USD,branchid:11060
39d465b0-4c73-11ea-b303-b88a60e194fb-1,2020-01-03T02:20:22.000Z,crmid:2920373813,39d465b0-4c73-11ea-b303-b88a60e194fb,prd1112,Fixed Deposit,Investment,Personal,187212.75,1,USD,branchid:11147
39d54e98-4c73-11ea-af5e-b88a60e194fb-1,2020-01-25T19:35:43.000Z,crmid:1215503926,39d54e98-4c73-11ea-af5e-b88a60e194fb,prd1176,Overseas Equity Fund,Investment,Personal,18177.13,1,USD,branchid:11046
39d61306-4c73-11ea-b6ee-b88a60e194fb-1,2020-01-23T03:58:49.000Z,crmid:4019780859,39d61306-4c73-11ea-b6ee-b88a60e194fb,prd1110,Traditional IRA,Retirement,Personal,158617.6,1,USD,branchid:11113
39d6d562-4c73-11ea-aa08-b88a60e194fb-1,2020-01-31T05:04:53.000Z,crmid:9059609445,39d6d562-4c73-11ea-aa08-b88a60e194fb,prd1087,Overseas Equity Fund,Investment,Personal,17502.05,1,USD,branchid:11071
39d7e6b8-4c73-11ea-984b-b88a60e194fb-1,2020-01-13T05:06:28.000Z,crmid:2965328092,39d7e6b8-4c73-11ea-984b-b88a60e194fb,prd1150,Money Market,Investment,Personal,11639.22,1,USD,branchid:11113
3a36333a-4c73-11ea-8311-b88a60e194fb-1,2020-01-18T07:29:52.000Z,crmid:1603175447,3a36333a-4c73-11ea-8311-b88a60e194fb,prd1124,CDs: 5 year,Investment,Personal,145904.11,1,USD,branchid:11149
3a371dba-4c73-11ea-aef8-b88a60e194fb-1,2020-01-26T08:13:02.000Z,crmid:8315883317,3a371dba-4c73-11ea-aef8-b88a60e194fb,prd1062,Mortgage: VA,Mortgage,Personal,14746.98,1,USD,branchid:11002
3a37e1e8-4c73-11ea-b875-b88a60e194fb-1,2020-01-30T23:35:37.000Z,crmid:2885410280,3a37e1e8-4c73-11ea-b875-b88a60e194fb,prd1167,Roth IRA,Retirement,Personal,16455.48,1,USD,branchid:11115
3a38cc06-4c73-11ea-a630-b88a60e194fb-1,2020-01-30T06:38:14.000Z,crmid:8591330777,3a38cc06-4c73-11ea-a630-b88a60e194fb,prd1108,401k,Retirement,Personal,3443081.12,1,USD,branchid:11113
3a39b6ee-4c73-11ea-a1cf-b88a60e194fb-1,2020-01-09T03:06:49.000Z,crmid:4841515068,3a39b6ee-4c73-11ea-a1cf-b88a60e194fb,prd1049,Business Brokerage Account,Investment,Business,12316.85,1,USD,branchid:11028
3a3ac6fa-4c73-11ea-bb58-b88a60e194fb-1,2020-01-02T14:59:35.000Z,crmid:2028089520,3a3ac6fa-4c73-11ea-bb58-b88a60e194fb,prd1185,Mortgage: FHA,Mortgage,Personal,111412.81,1,USD,branchid:11117
3a3c26ca-4c73-11ea-9fed-b88a60e194fb-1,2020-01-20T20:39:47.000Z,crmid:4500792306,3a3c26ca-4c73-11ea-9fed-b88a60e194fb,prd1029,401k,Retirement,Personal,9393.15,1,USD,branchid:11083
3a9a74a4-4c73-11ea-a00b-b88a60e194fb-1,2020-01-17T23:28:51.000Z,crmid:4665790991,3a9a74a4-4c73-11ea-a00b-b88a60e194fb,prd1083,Pension Account,Retirement,Personal,12940.37,1,USD,branchid:11109
3a9b5d94-4c73-11ea-a8f6-b88a60e194fb-1,2020-01-24T04:05:07.000Z,crmid:1247142519,3a9b5d94-4c73-11ea-a8f6-b88a60e194fb,prd1182,Brokerage Account,Investment,Personal,16171.24,1,USD,branchid:11085
3a9c20d8-4c73-11ea-a860-b88a60e194fb-1,2020-01-31T23:04:04.000Z,crmid:3765401583,3a9c20d8-4c73-11ea-a860-b88a60e194fb,prd1060,Traditional IRA,Retirement,Personal,224792.05,1,USD,branchid:11080
3a9d0bee-4c73-11ea-98dc-b88a60e194fb-1,2020-01-19T15:24:09.000Z,crmid:9366886695,3a9d0bee-4c73-11ea-98dc-b88a60e194fb,prd1061,Mortgage: 5/1 ARM,Mortgage,Personal,155766.03,1,USD,branchid:11002
3a9df59a-4c73-11ea-8f65-b88a60e194fb-1,2020-01-31T04:12:46.000Z,crmid:9202678559,3a9df59a-4c73-11ea-8f65-b88a60e194fb,prd1024,Mortgage: FHA,Mortgage,Personal,130082.47,1,USD,branchid:11017
3a9ee142-4c73-11ea-81c3-b88a60e194fb-1,2020-01-23T23:46:41.000Z,crmid:4715588035,3a9ee142-4c73-11ea-81c3-b88a60e194fb,prd1153,CDs: 1 year,Investment,Personal,4690567.43,1,USD,branchid:11042
3a9fca34-4c73-11ea-ac4a-b88a60e194fb-1,2020-01-07T18:38:58.000Z,crmid:8530872579,3a9fca34-4c73-11ea-ac4a-b88a60e194fb,prd1032,Home Equity Loan,Mortgage,Personal,16401.4,1,USD,branchid:11140
3aff2868-4c73-11ea-ae2b-b88a60e194fb-1,2020-01-15T14:21:57.000Z,crmid:6673839311,3aff2868-4c73-11ea-ae2b-b88a60e194fb,prd1157,Brokerage Account,Investment,Personal,12810.68,1,USD,branchid:11113
3b0012c6-4c73-11ea-aec9-b88a60e194fb-1,2020-01-09T09:00:14.000Z,crmid:1865920688,3b0012c6-4c73-11ea-aec9-b88a60e194fb,prd1060,Traditional IRA,Retirement,Personal,140651.03,1,USD,branchid:11016
3b00fe2e-4c73-11ea-bc05-b88a60e194fb-1,2020-01-27T12:35:50.000Z,crmid:5723861182,3b00fe2e-4c73-11ea-bc05-b88a60e194fb,prd1033,Fixed Deposit,Investment,Personal,2467874.62,1,USD,branchid:11099
3b020e90-4c73-11ea-90e2-b88a60e194fb-1,2020-01-24T06:54:09.000Z,crmid:2132100847,3b020e90-4c73-11ea-90e2-b88a60e194fb,prd1183,Fixed Deposit,Investment,Personal,11469.91,1,USD,branchid:11100
3b02d1b4-4c73-11ea-8364-b88a60e194fb-1,2020-01-27T06:47:12.000Z,crmid:1339267275,3b02d1b4-4c73-11ea-8364-b88a60e194fb,prd1073,Business Brokerage Account,Investment,Business,18241.65,1,USD,branchid:11035
3b03bc12-4c73-11ea-93bd-b88a60e194fb-1,2020-01-19T04:06:26.000Z,crmid:7114025211,3b03bc12-4c73-11ea-93bd-b88a60e194fb,prd1117,Brokerage Account,Investment,Personal,180063.25,1,USD,branchid:11084
3b04cd9a-4c73-11ea-a728-b88a60e194fb-1,2020-01-26T11:10:38.000Z,crmid:6085388218,3b04cd9a-4c73-11ea-a728-b88a60e194fb,prd1131,Employee Stock Purchase Plans,Investment,Personal,15962.03,1,USD,branchid:11141
3b61455c-4c73-11ea-a4f2-b88a60e194fb-1,2020-01-23T22:52:38.000Z,crmid:2684561388,3b61455c-4c73-11ea-a4f2-b88a60e194fb,prd1030,401k,Retirement,Personal,16055.29,1,USD,branchid:11013
3b6230ba-4c73-11ea-8a42-b88a60e194fb-1,2020-01-03T02:35:40.000Z,crmid:3761734586,3b6230ba-4c73-11ea-8a42-b88a60e194fb,prd1024,Mortgage: FHA,Mortgage,Personal,10796.93,1,USD,branchid:11015
3b631a08-4c73-11ea-a546-b88a60e194fb-1,2020-01-02T01:42:14.000Z,crmid:5673350247,3b631a08-4c73-11ea-a546-b88a60e194fb,prd1097,Employee Stock Purchase Plans,Investment,Personal,3445347.15,1,USD,branchid:11085
3b63b646-4c73-11ea-ae3e-b88a60e194fb-1,2020-01-10T07:05:12.000Z,crmid:4559523548,3b63b646-4c73-11ea-ae3e-b88a60e194fb,prd1033,Fixed Deposit,Investment,Personal,12354.86,1,USD,branchid:11115
3b64c7b0-4c73-11ea-b9e6-b88a60e194fb-1,2020-01-16T02:36:14.000Z,crmid:3543225891,3b64c7b0-4c73-11ea-b9e6-b88a60e194fb,prd1030,401k,Retirement,Personal,3527390.08,1,USD,branchid:11104
3b65b24a-4c73-11ea-aaa4-b88a60e194fb-1,2020-01-23T01:41:13.000Z,crmid:3595636047,3b65b24a-4c73-11ea-aaa4-b88a60e194fb,prd1030,401k,Retirement,Personal,240179.43,1,USD,branchid:11033
3b669c90-4c73-11ea-837c-b88a60e194fb-1,2020-01-10T18:19:52.000Z,crmid:7825159972,3b669c90-4c73-11ea-837c-b88a60e194fb,prd1175,401k,Retirement,Personal,11071.03,1,USD,branchid:11075
3bc97cc8-4c73-11ea-9795-b88a60e194fb-1,2020-01-23T01:28:32.000Z,crmid:3425615893,3bc97cc8-4c73-11ea-9795-b88a60e194fb,prd1029,401k,Retirement,Personal,18095.06,1,USD,branchid:11129
3bcab53e-4c73-11ea-8725-b88a60e194fb-1,2020-01-05T01:35:41.000Z,crmid:2522796853,3bcab53e-4c73-11ea-8725-b88a60e194fb,prd1150,Money Market,Investment,Personal,13923.98,1,USD,branchid:11020
3bcb9fae-4c73-11ea-be53-b88a60e194fb-1,2020-01-02T21:01:27.000Z,crmid:9596379302,3bcb9fae-4c73-11ea-be53-b88a60e194fb,prd1060,Traditional IRA,Retirement,Personal,15895.21,1,USD,branchid:11076
3bcc89fa-4c73-11ea-9411-b88a60e194fb-1,2020-01-13T09:27:43.000Z,crmid:9411753444,3bcc89fa-4c73-11ea-9411-b88a60e194fb,prd1056,CDs: 5 year,Investment,Personal,12134.48,1,USD,branchid:11045
3bcdc29c-4c73-11ea-a891-b88a60e194fb-1,2020-01-13T12:31:32.000Z,crmid:5798849226,3bcdc29c-4c73-11ea-a891-b88a60e194fb,prd1049,Business Brokerage Account,Investment,Business,3558654.68,1,USD,branchid:11122
3bce85da-4c73-11ea-bd86-b88a60e194fb-1,2020-01-30T07:09:19.000Z,crmid:7840134556,3bce85da-4c73-11ea-bd86-b88a60e194fb,prd1025,Brokerage Account,Investment,Personal,15314.67,1,USD,branchid:11039
3bcfbe58-4c73-11ea-b089-b88a60e194fb-1,2020-01-05T10:31:25.000Z,crmid:9458313887,3bcfbe58-4c73-11ea-b089-b88a60e194fb,prd1176,Overseas Equity Fund,Investment,Personal,17712.55,1,USD,branchid:11040
3c32ece8-4c73-11ea-a53c-b88a60e194fb-1,2020-01-02T00:04:52.000Z,crmid:2828229623,3c32ece8-4c73-11ea-a53c-b88a60e194fb,prd1053,Mortgage: VA,Mortgage,Personal,158251.76,1,USD,branchid:11108
3c33d73a-4c73-11ea-b04a-b88a60e194fb-1,2020-01-31T23:00:48.000Z,crmid:2379650123,3c33d73a-4c73-11ea-b04a-b88a60e194fb,prd1078,Mortgage: 7/1 ARM,Mortgage,Personal,2846927.78,1,USD,branchid:11134
3c350fc0-4c73-11ea-a670-b88a60e194fb-1,2020-01-30T06:11:34.000Z,crmid:9711397407,3c350fc0-4c73-11ea-a670-b88a60e194fb,prd1034,Home Equity Loan,Mortgage,Personal,18181.26,1,USD,branchid:11056
3c362142-4c73-11ea-bd62-b88a60e194fb-1,2020-01-17T03:52:37.000Z,crmid:1872373960,3c362142-4c73-11ea-bd62-b88a60e194fb,prd1115,Mortgage: VA,Mortgage,Personal,16794.94,1,USD,branchid:11025
