crmid,city,country,zip,state,street address
crmid:8125322930,Marion,United States,36113,California,690 Toll Plaza Tunnel
crmid:8125322930,Hayward,United States,98837,Virginia,933 Franconia
crmid:8125322930,Bryan,United States,01239,New Mexico,744 Dutch Windmill Access
crmid:8125322930,South Burlington,United States,49307,Montana,310 Zoo
crmid:8125322930,Riverside,United States,95302,Minnesota,188 Rosella
crmid:8125322930,San Gabriel,United States,64758,Kansas,1036 Trinity
crmid:8125322930,Fairview Heights,United States,58810,North Carolina,106 Golden Gate
crmid:8125322930,Avon Lake,United States,22588,Michigan,334 Lansdale
crmid:8125322930,South Milwaukee,United States,24957,Minnesota,1148 Fairbanks
crmid:8125322930,Paducah,United States,50455,Maryland,1360 Jansen
crmid:8125322930,Mount Juliet,United States,10885,Minnesota,720 Anthony
crmid:8125322930,Bixby,United States,28335,Minnesota,63 Santa Barbara
crmid:8125322930,Belleville,United States,77801,New Mexico,136 Tunnel
crmid:8125322930,Plantation,United States,59452,Washington,925 Cochrane
crmid:8125322930,Lawrenceville,United States,99024,Utah,138 Kamille
crmid:8125322930,Montclair,United States,64134,South Dakota,1072 Kiska
crmid:8125322930,Vero Beach,United States,80440,California,767 Bird
crmid:8125322930,Lawrence,United States,32470,Kansas,1317 Cottonwood
crmid:8125322930,Champlin,United States,72178,Washington,1029 Blair
crmid:8125322930,North Tonawanda,United States,42150,Minnesota,1170 Cole
crmid:8125322930,Orem,United States,74579,Maryland,767 Sycamore
crmid:8125322930,Mustang,United States,27258,Alabama,1096 Joy
crmid:8125322930,Gallup,United States,15934,South Carolina,1094 Burlwood
crmid:8125322930,Lake Oswego,United States,80182,Idaho,815 Hallam
crmid:8125322930,Florissant,United States,81545,New Jersey,143 Peter Yorke
