crm_id,SubscriptionSKU,bookType,bookPrice,bookYear,date
crmid:1159035044,prod:2337,Chemistry,10.96,2000,2020-01-10T22:29:31Z
crmid:6844570760,prod:1750,Art,13.55,1996,2020-01-08T02:39:09Z
crmid:5340403501,prod:1469,Math,17.57,2001,2019-12-28T13:53:19Z
crmid:6844570760,prod:5756,History,15.06,2009,2020-01-09T21:52:02Z
crmid:3265165852,prod:7230,Biology,5.51,1999,2019-12-29T07:33:57Z
crmid:8924306870,prod:7958,Chemistry,13.24,1999,2019-12-27T11:07:53Z
crmid:6844570760,prod:5582,Chemistry,14.54,2009,2020-01-05T16:05:02Z
crmid:4700512353,prod:2267,Art,12.83,2000,2020-01-12T06:06:12Z
crmid:6080016322,prod:1182,Art,7.73,1996,2020-01-09T21:25:07Z
crmid:5340403501,prod:6063,Biology,16.19,2013,2020-01-07T23:28:07Z
crmid:8924306870,prod:7221,History,5.45,2011,2019-12-29T15:58:04Z
crmid:8754501856,prod:8067,Music,13.51,2010,2020-01-06T03:50:50Z
crmid:9725000918,prod:8277,Math,4.70,1999,2020-01-12T04:48:52Z
crmid:3265165852,prod:7503,History,12.80,2003,2019-12-27T19:22:50Z
crmid:7775523473,prod:3822,History,4.43,2009,2020-01-01T21:03:26Z
crmid:8684754342,prod:9169,Chemistry,3.07,2008,2019-12-27T09:18:52Z
crmid:1159035044,prod:5204,Biology,16.16,2002,2020-01-03T02:57:23Z
crmid:9725000918,prod:6700,Music,12.12,2007,2019-12-26T05:33:09Z
crmid:8735992685,prod:9522,Music,5.68,2004,2019-12-28T16:23:53Z
crmid:1159035044,prod:5259,Math,8.63,2005,2019-12-27T21:25:01Z
crmid:8684754342,prod:8256,Chemistry,12.73,1995,2019-12-26T16:12:34Z
crmid:3265165852,prod:1048,Biology,12.95,1997,2020-01-04T12:42:01Z
crmid:2711514694,prod:9889,Music,13.66,1996,2019-12-24T08:58:27Z
crmid:9725000918,prod:3713,Physics,10.57,1996,2020-01-11T03:43:14Z
crmid:1116398008,prod:3166,Biology,6.28,2011,2019-12-23T15:40:42Z
crmid:6844570760,prod:0467,Physics,17.82,2015,2020-01-11T16:49:29Z
crmid:5340403501,prod:2618,Physics,11.88,1996,2019-12-26T07:28:46Z
crmid:7775523473,prod:8250,Chemistry,4.00,2002,2019-12-23T09:36:30Z
crmid:9725000918,prod:2898,Art,14.79,2013,2020-01-08T22:23:10Z
crmid:2772322877,prod:4929,Physics,8.77,2007,2020-01-05T07:00:27Z
crmid:8684754342,prod:4159,Art,9.46,1996,2019-12-30T15:45:36Z
crmid:1821963491,prod:8805,Physics,12.13,2010,2020-01-08T08:07:43Z
crmid:5340403501,prod:7640,Math,16.33,2004,2019-12-30T13:23:00Z
crmid:1724939372,prod:4997,Chemistry,8.16,2011,2019-12-28T10:33:33Z
crmid:1159035044,prod:7642,Music,7.12,2001,2020-01-01T14:03:12Z
crmid:9725000918,prod:1202,Biology,5.26,2015,2020-01-02T20:08:10Z
crmid:3250475432,prod:7837,Art,10.02,2009,2019-12-31T02:57:12Z
crmid:2772322877,prod:6221,Music,5.88,2010,2019-12-27T15:24:10Z
crmid:4700512353,prod:5078,Biology,3.43,2014,2020-01-08T04:13:58Z
crmid:5340403501,prod:1730,Biology,10.88,1998,2019-12-24T00:09:37Z
crmid:1724939372,prod:7770,History,17.75,2001,2020-01-05T02:13:29Z
crmid:6844570760,prod:9889,Art,4.60,1998,2019-12-26T19:35:18Z
crmid:3250475432,prod:2566,Biology,13.99,2006,2020-01-04T06:31:45Z
crmid:6080016322,prod:9711,Biology,17.76,2005,2020-01-11T01:04:26Z
crmid:3250475432,prod:9697,Math,5.78,2012,2020-01-12T04:45:07Z
crmid:5128924932,prod:0839,Art,7.85,2011,2020-01-09T04:31:53Z
crmid:2772322877,prod:7050,Physics,8.78,2006,2020-01-08T12:43:11Z
crmid:9285937959,prod:4669,Chemistry,6.86,2006,2020-01-03T09:04:48Z
crmid:8735992685,prod:2074,Music,6.98,2017,2020-01-11T17:29:37Z
crmid:4700512353,prod:4211,Biology,15.76,2001,2019-12-25T11:17:35Z
crmid:5128924932,prod:7721,Chemistry,7.02,2017,2019-12-26T05:58:08Z
crmid:3250475432,prod:9054,Art,14.35,1999,2019-12-26T17:56:04Z
crmid:2711514694,prod:2232,History,4.17,2011,2020-01-07T17:32:46Z
crmid:8924306870,prod:8498,Math,11.78,1996,2019-12-28T07:09:17Z
crmid:2711514694,prod:9517,Physics,15.07,2008,2019-12-30T10:57:00Z
crmid:9725000918,prod:3345,Chemistry,13.83,2011,2019-12-28T11:02:44Z
crmid:5340403501,prod:3221,Math,5.71,1998,2019-12-25T10:16:13Z
crmid:6080016322,prod:4841,Physics,7.43,2011,2020-01-05T13:02:07Z
crmid:1821963491,prod:0311,Physics,11.18,1996,2020-01-08T14:23:23Z
crmid:1821963491,prod:6553,Music,5.64,1996,2020-01-11T19:49:12Z
crmid:3265165852,prod:2456,Music,11.68,2017,2019-12-25T08:30:56Z
crmid:5230032545,prod:6457,Music,11.53,2004,2020-01-10T01:59:24Z
crmid:3250475432,prod:1020,Chemistry,17.13,2017,2020-01-10T00:56:37Z
crmid:1821963491,prod:8508,Art,7.55,1998,2020-01-02T13:22:53Z
crmid:8684754342,prod:6170,Math,3.89,2013,2019-12-30T12:45:14Z
crmid:3265165852,prod:8893,Chemistry,8.59,2016,2019-12-30T20:36:45Z
crmid:7775523473,prod:6186,Chemistry,17.68,1997,2020-01-02T20:29:06Z
crmid:7406712590,prod:7238,Art,14.51,2014,2020-01-05T08:07:32Z
crmid:7775523473,prod:2129,Music,16.27,2006,2019-12-30T23:06:43Z
crmid:1159035044,prod:5331,Math,12.48,2009,2020-01-04T08:08:02Z
crmid:8371521263,prod:7361,History,8.74,1995,2020-01-08T09:09:22Z
crmid:9725000918,prod:8698,Math,12.02,2015,2020-01-08T20:25:17Z
crmid:8684754342,prod:5179,Music,3.66,2015,2019-12-31T22:34:59Z
crmid:7775523473,prod:3229,Math,8.75,2008,2020-01-06T04:20:48Z
crmid:9725000918,prod:8560,Chemistry,12.15,2013,2020-01-04T15:55:15Z
crmid:8924306870,prod:4345,Math,13.13,2017,2020-01-09T18:25:51Z
crmid:2772322877,prod:1567,Biology,8.92,2011,2019-12-25T05:12:56Z
crmid:2022362367,prod:7517,Math,17.62,1996,2019-12-28T03:34:14Z
crmid:1159035044,prod:8338,Chemistry,5.27,2007,2020-01-10T21:22:52Z
crmid:1159035044,prod:0999,Math,9.37,2003,2020-01-12T11:18:45Z
crmid:8735992685,prod:7180,Chemistry,15.42,1995,2020-01-06T16:41:34Z
crmid:5128924932,prod:3435,Math,12.95,2005,2019-12-23T22:04:59Z
crmid:8371521263,prod:1601,Math,3.47,2003,2020-01-11T02:32:13Z
crmid:2022362367,prod:1857,Math,5.26,2014,2020-01-10T03:19:24Z
crmid:1116398008,prod:1101,History,3.52,2016,2019-12-26T18:31:46Z
crmid:5340403501,prod:3570,History,7.98,1997,2020-01-01T05:22:58Z
crmid:2022362367,prod:4700,Chemistry,11.81,2017,2019-12-28T17:38:10Z
crmid:5340403501,prod:7594,Music,8.59,2008,2019-12-31T03:57:43Z
crmid:2772322877,prod:4707,Biology,4.76,2008,2019-12-31T21:40:00Z
crmid:7406712590,prod:0838,Art,3.96,1996,2020-01-12T14:06:18Z
crmid:8924306870,prod:7360,History,11.39,2009,2019-12-29T02:20:34Z
crmid:7406712590,prod:9184,Physics,9.42,1998,2019-12-24T09:54:52Z
crmid:1116398008,prod:0097,Math,14.70,2008,2020-01-08T06:25:54Z
crmid:7406712590,prod:0127,Math,3.60,2004,2020-01-10T12:54:58Z
crmid:2022362367,prod:2277,Math,6.53,2014,2019-12-30T11:49:30Z
crmid:5128924932,prod:9555,Physics,6.48,2012,2019-12-30T16:19:42Z
crmid:3250475432,prod:9088,Art,6.35,2003,2020-01-12T20:21:46Z
crmid:6080016322,prod:9997,Physics,12.03,1998,2020-01-02T21:11:01Z
crmid:8924306870,prod:5009,Music,16.90,2010,2020-01-02T22:26:22Z
crmid:6080016322,prod:4473,Chemistry,8.47,2010,2020-01-08T04:56:14Z
crmid:8924306870,prod:3006,Music,16.43,2010,2019-12-23T07:17:16Z
crmid:8684754342,prod:2204,Music,5.09,2014,2020-01-11T18:23:48Z
crmid:4700512353,prod:3649,Art,12.99,2004,2019-12-24T17:02:51Z
crmid:4700512353,prod:7063,Biology,3.98,1995,2020-01-06T21:01:45Z
crmid:6080016322,prod:8997,Chemistry,14.40,1999,2019-12-26T14:16:33Z
crmid:8924306870,prod:1406,Math,4.32,1995,2019-12-28T14:31:29Z
crmid:6080016322,prod:4693,Art,8.71,2004,2019-12-31T17:04:28Z
crmid:8684754342,prod:6211,Biology,3.26,2014,2019-12-23T02:24:04Z
crmid:5230032545,prod:9772,Math,15.50,2004,2019-12-31T00:36:38Z
crmid:8371521263,prod:7228,Art,4.78,1999,2020-01-01T23:03:13Z
crmid:7775523473,prod:4740,Biology,7.00,1998,2019-12-25T08:14:21Z
crmid:3250475432,prod:6139,Physics,6.10,2004,2020-01-12T12:37:21Z
crmid:8735992685,prod:8785,Chemistry,9.39,2016,2020-01-07T04:06:36Z
crmid:6080016322,prod:9129,Math,17.58,2003,2020-01-05T01:04:37Z
crmid:2711514694,prod:6361,Physics,4.57,1995,2019-12-23T13:29:12Z
crmid:4700512353,prod:8073,History,9.87,2003,2019-12-23T03:17:34Z
crmid:7775523473,prod:3204,Physics,13.63,2014,2020-01-08T00:43:47Z
crmid:5340403501,prod:5062,History,4.92,2013,2019-12-31T11:09:17Z
crmid:8924306870,prod:9143,Biology,3.59,2004,2019-12-29T05:28:38Z
crmid:2022362367,prod:0331,Art,8.01,2014,2020-01-09T01:44:55Z
crmid:8735992685,prod:7362,Chemistry,6.93,2008,2019-12-27T21:07:34Z
crmid:1724939372,prod:7802,Physics,16.47,1998,2019-12-25T20:30:09Z
crmid:3265165852,prod:3342,Math,9.86,1998,2019-12-29T21:40:58Z
crmid:2711514694,prod:9983,Physics,3.60,2010,2020-01-09T12:53:46Z
crmid:2772322877,prod:0483,Chemistry,13.99,1999,2020-01-10T13:59:01Z
crmid:1724939372,prod:4827,Math,7.91,2017,2020-01-01T00:52:17Z
crmid:8684754342,prod:1673,Art,15.09,2017,2019-12-29T20:59:26Z
crmid:1724939372,prod:8435,Chemistry,17.29,2013,2020-01-03T07:49:38Z
crmid:9285937959,prod:0996,Math,12.69,1995,2020-01-02T01:22:53Z
crmid:2772322877,prod:7337,Art,11.34,2017,2020-01-08T04:57:07Z
crmid:9285937959,prod:0739,History,16.13,2012,2020-01-07T21:26:56Z
crmid:8684754342,prod:5330,Math,9.86,2004,2020-01-02T15:46:01Z
crmid:9285937959,prod:7457,Chemistry,17.57,2001,2019-12-24T01:41:05Z
crmid:9725000918,prod:7987,Biology,5.68,2007,2020-01-02T06:34:24Z
crmid:8754501856,prod:3957,Biology,14.66,2006,2020-01-11T04:14:52Z
crmid:8924306870,prod:8072,Chemistry,8.68,2006,2020-01-06T02:29:59Z
crmid:8735992685,prod:0938,Biology,16.46,2011,2020-01-03T00:15:57Z
crmid:3250475432,prod:7402,Math,11.68,1998,2019-12-26T18:19:30Z
crmid:8684754342,prod:5420,Art,15.92,1999,2020-01-10T21:28:54Z
crmid:2711514694,prod:5743,Biology,7.65,2000,2019-12-28T05:58:13Z
crmid:1116398008,prod:7181,Art,8.91,2011,2020-01-01T19:45:26Z
crmid:5340403501,prod:8042,Music,5.29,2015,2020-01-10T02:49:46Z
crmid:8754501856,prod:1687,Music,3.15,2016,2019-12-28T23:39:20Z
crmid:9285937959,prod:1965,Physics,13.54,1996,2020-01-03T05:06:25Z
crmid:1116398008,prod:5548,Biology,8.96,2010,2019-12-28T13:36:11Z
crmid:5340403501,prod:8263,Art,12.13,2014,2020-01-03T03:30:50Z
crmid:6844570760,prod:4962,Math,7.74,2012,2019-12-26T11:30:18Z
crmid:6844570760,prod:9997,Math,10.85,2000,2020-01-02T13:30:07Z
crmid:2711514694,prod:6872,Chemistry,17.82,2011,2020-01-07T20:12:18Z
crmid:8684754342,prod:9533,Chemistry,15.65,2000,2019-12-25T14:22:57Z
crmid:1159035044,prod:2201,Math,16.27,2008,2020-01-02T20:11:50Z
crmid:2022362367,prod:8143,Math,6.28,2005,2020-01-03T20:11:32Z
crmid:1116398008,prod:1225,Art,7.16,1998,2020-01-06T08:58:51Z
crmid:1159035044,prod:6495,Physics,3.64,2002,2020-01-01T09:10:44Z
crmid:7406712590,prod:8399,History,14.40,2000,2020-01-12T15:23:48Z
crmid:1159035044,prod:1420,Music,3.38,1998,2020-01-09T14:14:11Z
crmid:1821963491,prod:5710,Math,12.74,1999,2020-01-03T21:06:07Z
crmid:7775523473,prod:8506,Biology,4.80,2005,2020-01-02T09:17:12Z
crmid:1724939372,prod:5665,Music,16.05,2005,2020-01-07T08:23:03Z
crmid:2711514694,prod:4162,Art,15.68,2015,2020-01-01T22:46:56Z
crmid:5230032545,prod:3074,Music,13.03,2015,2020-01-07T01:23:47Z
crmid:6844570760,prod:2346,Chemistry,16.97,2000,2019-12-30T20:06:35Z
crmid:2022362367,prod:2117,Math,15.96,2012,2019-12-26T22:02:26Z
crmid:3250475432,prod:6766,Math,9.96,2016,2020-01-02T09:19:23Z
crmid:4700512353,prod:9898,History,5.10,2014,2019-12-28T13:23:27Z
crmid:6080016322,prod:8105,Physics,12.76,2014,2020-01-07T10:30:14Z
crmid:8754501856,prod:2261,Biology,9.54,1999,2020-01-12T15:59:06Z
crmid:6080016322,prod:9290,Art,10.84,1995,2020-01-11T15:04:27Z
crmid:1116398008,prod:0770,Music,3.18,2016,2020-01-07T14:39:13Z
crmid:6080016322,prod:9610,History,6.34,2003,2020-01-03T23:46:53Z
crmid:3265165852,prod:2796,History,10.30,2003,2019-12-25T20:32:06Z
crmid:8735992685,prod:1990,Chemistry,6.68,2007,2020-01-04T21:46:38Z
crmid:6080016322,prod:6526,Art,13.50,2010,2019-12-31T09:57:44Z
crmid:1821963491,prod:8722,Physics,14.16,2013,2019-12-23T04:15:35Z
crmid:4700512353,prod:3243,Biology,4.88,2006,2020-01-10T23:04:02Z
crmid:5340403501,prod:3127,Biology,7.76,2000,2020-01-04T14:30:57Z
crmid:6844570760,prod:8389,Art,6.62,1998,2020-01-04T20:08:22Z
crmid:4700512353,prod:7214,Math,10.04,1997,2020-01-09T21:05:14Z
crmid:8371521263,prod:9684,Art,6.29,1999,2020-01-09T11:11:47Z
crmid:8684754342,prod:1658,Chemistry,5.38,2005,2020-01-04T04:03:38Z
crmid:1116398008,prod:7774,Biology,14.36,2016,2020-01-08T17:32:26Z
crmid:4700512353,prod:6071,Art,15.87,2009,2019-12-30T01:54:04Z
crmid:7775523473,prod:7077,History,4.03,1996,2020-01-02T07:53:41Z
crmid:7775523473,prod:9002,Biology,6.55,2013,2020-01-02T19:34:01Z
crmid:2711514694,prod:5219,Chemistry,10.75,2007,2020-01-10T01:13:18Z
crmid:8735992685,prod:5846,Art,8.86,2001,2020-01-11T01:56:05Z
crmid:8684754342,prod:5132,History,14.18,2013,2020-01-04T05:02:54Z
crmid:8735992685,prod:3492,Art,9.25,1995,2020-01-10T16:59:49Z
crmid:1159035044,prod:3362,Art,4.33,2014,2019-12-26T14:10:28Z
crmid:1724939372,prod:8430,Biology,17.89,2005,2019-12-31T10:27:37Z
crmid:5340403501,prod:4435,History,13.86,2016,2019-12-24T11:56:20Z
crmid:7775523473,prod:0019,Physics,14.43,1999,2019-12-31T03:15:59Z
crmid:3250475432,prod:6917,Chemistry,11.45,2016,2020-01-03T11:46:43Z
crmid:6844570760,prod:9917,Chemistry,3.78,2017,2020-01-04T06:14:38Z
crmid:1159035044,prod:5703,Math,14.57,2007,2019-12-27T09:36:48Z
crmid:8735992685,prod:4228,Biology,13.18,1999,2020-01-02T17:51:31Z
crmid:8924306870,prod:4985,Biology,7.32,2003,2019-12-31T15:33:48Z
crmid:3250475432,prod:0495,History,9.71,1999,2020-01-02T01:50:52Z
crmid:9725000918,prod:2831,Biology,6.38,1996,2019-12-29T13:10:49Z
crmid:8684754342,prod:3846,Chemistry,12.93,2002,2020-01-09T23:44:40Z
crmid:8754501856,prod:2051,Music,12.34,2010,2020-01-03T06:57:24Z
crmid:1724939372,prod:7875,History,6.57,2004,2020-01-07T16:06:57Z
crmid:8754501856,prod:4770,Physics,6.56,2008,2020-01-09T23:13:54Z
crmid:5230032545,prod:4172,History,8.31,2005,2019-12-31T00:05:22Z
crmid:7775523473,prod:3048,Chemistry,6.34,1999,2019-12-23T23:30:00Z
crmid:5128924932,prod:3789,Math,14.92,2012,2019-12-23T12:58:56Z
crmid:1724939372,prod:0857,Chemistry,16.55,2012,2020-01-09T04:48:42Z
crmid:4700512353,prod:6317,Music,14.39,2003,2019-12-29T06:27:59Z
crmid:8754501856,prod:8425,Math,15.95,2013,2019-12-25T16:20:18Z
crmid:2711514694,prod:2179,Biology,11.98,2003,2020-01-05T16:41:17Z
crmid:5128924932,prod:5181,Chemistry,16.40,2007,2020-01-11T14:30:38Z
crmid:5340403501,prod:9111,Math,15.37,1997,2019-12-23T09:22:28Z
crmid:1724939372,prod:3307,Biology,9.21,2005,2019-12-24T13:19:50Z
crmid:4700512353,prod:7969,Math,11.64,1998,2020-01-06T00:10:34Z
crmid:3265165852,prod:7584,History,13.52,2001,2019-12-29T00:58:04Z
crmid:7406712590,prod:5658,Music,4.90,2011,2020-01-11T23:54:12Z
crmid:5340403501,prod:4856,Biology,11.48,2010,2020-01-10T02:25:21Z
crmid:9285937959,prod:3006,Chemistry,8.69,2014,2020-01-06T20:41:34Z
crmid:8371521263,prod:4416,Music,13.46,1997,2019-12-25T07:05:52Z
crmid:3265165852,prod:0083,Chemistry,12.67,1996,2020-01-10T15:38:00Z
crmid:2022362367,prod:3204,Biology,14.73,1996,2019-12-29T16:59:43Z
crmid:5340403501,prod:9563,Biology,9.39,2002,2020-01-09T13:43:11Z
crmid:8371521263,prod:4204,Math,13.47,2007,2020-01-01T02:01:00Z
crmid:8684754342,prod:3816,Physics,15.82,2012,2019-12-27T03:58:41Z
crmid:5128924932,prod:8844,Art,11.33,1997,2020-01-12T02:52:16Z
crmid:9285937959,prod:1293,Math,10.53,2017,2019-12-28T14:01:00Z
crmid:1724939372,prod:6011,Biology,3.94,1998,2019-12-29T22:04:07Z
crmid:5340403501,prod:6981,Physics,11.88,2016,2019-12-23T13:15:32Z
crmid:2022362367,prod:7824,Chemistry,13.15,1998,2019-12-25T03:07:13Z
crmid:2711514694,prod:5721,Art,8.16,2008,2019-12-30T17:12:32Z
crmid:6844570760,prod:2412,Math,4.26,2005,2020-01-05T05:15:37Z
crmid:5128924932,prod:0658,Biology,4.85,1996,2020-01-04T13:11:37Z
crmid:8371521263,prod:7937,Art,16.12,2008,2019-12-23T13:59:56Z
crmid:4700512353,prod:4376,Chemistry,12.91,2015,2019-12-27T09:41:55Z
crmid:8371521263,prod:7277,Biology,6.21,1999,2020-01-10T02:51:39Z
crmid:8754501856,prod:4934,Biology,7.31,2017,2020-01-08T15:07:35Z
crmid:1724939372,prod:3362,Math,7.79,2005,2020-01-06T08:18:28Z
crmid:2711514694,prod:3101,Chemistry,11.25,2003,2019-12-30T04:37:11Z
crmid:1159035044,prod:0056,Music,6.97,2007,2020-01-09T01:21:37Z
crmid:5340403501,prod:3434,Biology,10.93,2005,2020-01-01T09:02:49Z
crmid:1116398008,prod:9279,Chemistry,4.79,2003,2019-12-30T18:20:38Z
crmid:7775523473,prod:1410,History,15.68,2012,2019-12-31T13:35:24Z
crmid:6080016322,prod:8131,Math,12.49,2012,2020-01-02T09:44:00Z
crmid:5340403501,prod:0732,Music,15.97,2011,2020-01-10T19:17:36Z
crmid:5128924932,prod:7562,Chemistry,17.24,2017,2019-12-27T23:54:22Z
crmid:3250475432,prod:0906,Art,17.03,2003,2019-12-25T07:50:20Z
crmid:8371521263,prod:4704,Biology,16.85,2009,2019-12-31T08:23:49Z
crmid:7406712590,prod:8413,Art,7.06,2017,2020-01-08T03:30:41Z
crmid:2711514694,prod:8665,Math,7.96,2007,2019-12-30T11:25:29Z
crmid:2711514694,prod:2366,History,15.05,2000,2019-12-24T23:49:42Z
crmid:1159035044,prod:9077,Art,14.15,1995,2020-01-10T17:35:57Z
crmid:1116398008,prod:9508,Physics,7.76,1997,2020-01-04T23:03:41Z
crmid:2772322877,prod:0509,Biology,15.15,1997,2020-01-03T08:12:43Z
crmid:3265165852,prod:3705,Art,15.69,2006,2019-12-29T18:12:37Z
crmid:3250475432,prod:2466,History,9.78,2004,2020-01-09T19:00:49Z
crmid:8754501856,prod:2429,Biology,11.48,2012,2020-01-04T15:27:52Z
crmid:8924306870,prod:6388,Chemistry,6.78,2014,2019-12-31T18:42:55Z
crmid:2022362367,prod:0432,Chemistry,3.22,1995,2020-01-02T03:47:33Z
crmid:8371521263,prod:4887,Music,14.91,1999,2019-12-24T13:58:08Z
crmid:2711514694,prod:9419,Music,4.67,2003,2020-01-01T20:25:20Z
crmid:2711514694,prod:5803,Physics,12.84,2010,2020-01-04T14:10:48Z
crmid:1159035044,prod:9110,Biology,13.13,2003,2020-01-09T23:20:20Z
crmid:4700512353,prod:6126,Physics,4.83,2006,2020-01-11T07:17:47Z
crmid:6080016322,prod:7612,Music,4.54,2009,2020-01-12T13:44:47Z
crmid:8735992685,prod:3062,Music,9.65,2014,2019-12-23T13:04:37Z
crmid:3250475432,prod:0258,Physics,16.69,1997,2019-12-23T12:48:38Z
crmid:1821963491,prod:7622,History,14.43,2014,2020-01-09T02:30:21Z
crmid:1159035044,prod:8312,Art,5.20,1997,2019-12-29T15:50:31Z
crmid:6080016322,prod:0136,Art,4.37,2000,2020-01-06T10:31:41Z
crmid:1724939372,prod:3622,Physics,6.17,1997,2019-12-23T19:19:41Z
crmid:3250475432,prod:2504,History,16.75,2006,2020-01-06T20:38:01Z
crmid:8684754342,prod:7977,Chemistry,9.58,2006,2019-12-31T04:35:26Z
crmid:9725000918,prod:8008,Physics,5.53,1997,2019-12-26T02:20:22Z
crmid:2711514694,prod:8024,Physics,14.85,2016,2019-12-30T15:21:38Z
crmid:8924306870,prod:1152,Music,16.83,2005,2020-01-11T21:23:41Z
crmid:6844570760,prod:2902,Music,3.49,2008,2019-12-28T14:21:19Z
crmid:1724939372,prod:7707,Music,14.77,2000,2020-01-04T02:58:02Z
crmid:4700512353,prod:7459,Art,15.20,1995,2019-12-29T14:35:43Z
crmid:6080016322,prod:1686,Art,8.42,2015,2020-01-09T00:09:02Z
crmid:3250475432,prod:3864,Biology,14.77,2007,2020-01-01T17:56:17Z
crmid:7775523473,prod:2285,Chemistry,13.92,2011,2020-01-10T11:49:00Z
crmid:2022362367,prod:7490,Math,15.34,1999,2020-01-05T23:49:12Z
crmid:5230032545,prod:2808,Physics,15.74,2008,2019-12-27T03:50:18Z
crmid:2022362367,prod:7022,Chemistry,11.21,2015,2020-01-02T01:44:56Z
crmid:4700512353,prod:5984,Art,8.35,2016,2020-01-12T11:39:52Z
crmid:8684754342,prod:0301,Music,16.35,2000,2020-01-04T08:35:51Z
crmid:2711514694,prod:9410,Biology,11.90,1996,2020-01-04T07:59:38Z
crmid:8924306870,prod:7452,Biology,11.94,2017,2019-12-31T17:51:40Z
crmid:8754501856,prod:7114,Chemistry,14.28,2007,2019-12-31T15:28:21Z
crmid:7406712590,prod:0414,Chemistry,14.88,2007,2020-01-05T20:23:07Z
crmid:3250475432,prod:2331,Math,7.01,2010,2019-12-26T11:06:48Z
crmid:9725000918,prod:1766,Music,5.15,1996,2020-01-05T12:57:57Z
crmid:5128924932,prod:3159,Art,13.61,2010,2019-12-26T01:31:53Z
crmid:9285937959,prod:9908,Music,9.41,2008,2020-01-03T04:06:02Z
crmid:8924306870,prod:9936,History,3.97,2008,2020-01-11T14:31:50Z
crmid:8754501856,prod:7078,Math,7.49,1998,2020-01-08T20:21:48Z
crmid:1724939372,prod:6539,Music,12.08,2016,2019-12-26T14:47:13Z
crmid:4700512353,prod:5727,Music,4.45,2015,2019-12-30T17:53:28Z
crmid:8684754342,prod:2421,Biology,11.85,2004,2019-12-30T19:24:45Z
crmid:3250475432,prod:0102,Biology,6.98,2010,2020-01-06T04:48:04Z
crmid:1116398008,prod:7618,History,17.84,2012,2020-01-05T17:07:07Z
crmid:2022362367,prod:1363,Physics,15.84,2016,2020-01-07T05:14:38Z
crmid:4700512353,prod:2296,Art,11.17,2014,2019-12-25T06:39:49Z
crmid:5230032545,prod:9807,Physics,10.54,2001,2020-01-12T17:11:46Z
crmid:8684754342,prod:6204,Art,7.47,2010,2020-01-01T07:39:54Z
crmid:1159035044,prod:4898,History,11.66,2009,2020-01-05T15:06:33Z
crmid:4700512353,prod:0814,Biology,14.78,2011,2020-01-08T01:53:09Z
crmid:8735992685,prod:4087,Chemistry,4.23,2015,2020-01-10T12:53:51Z
crmid:2022362367,prod:3603,Math,3.11,2011,2019-12-26T08:13:18Z
crmid:1821963491,prod:6058,Biology,16.56,2005,2020-01-08T11:01:26Z
crmid:6844570760,prod:6347,Art,13.41,2003,2019-12-27T14:45:23Z
crmid:5128924932,prod:2052,Music,17.69,1996,2020-01-07T18:22:21Z
crmid:8684754342,prod:1254,Music,14.17,2010,2020-01-07T16:38:32Z
crmid:5230032545,prod:2410,Physics,8.70,2006,2020-01-11T02:33:48Z
crmid:2022362367,prod:0681,Chemistry,3.12,1997,2020-01-10T12:37:47Z
crmid:5230032545,prod:4810,Art,9.99,2011,2020-01-10T10:04:12Z
crmid:1821963491,prod:1882,Art,15.89,2004,2020-01-11T17:52:46Z
crmid:7775523473,prod:7397,History,9.58,2007,2020-01-05T18:19:12Z
crmid:5128924932,prod:1007,Art,16.32,2016,2020-01-02T11:56:37Z
crmid:1724939372,prod:5646,Biology,9.65,1998,2020-01-09T03:49:18Z
crmid:8924306870,prod:0174,Physics,14.70,1995,2020-01-04T01:28:30Z
crmid:1159035044,prod:9797,Music,7.06,2011,2019-12-24T15:01:32Z
crmid:8735992685,prod:9567,Art,10.78,2006,2019-12-31T01:30:36Z
crmid:9725000918,prod:9351,History,9.05,2016,2020-01-12T19:30:57Z
crmid:1724939372,prod:9513,History,6.20,2001,2019-12-23T21:30:39Z
crmid:8684754342,prod:9444,Art,5.57,2016,2020-01-05T06:40:43Z
crmid:5230032545,prod:6848,Math,5.73,2008,2019-12-27T13:59:35Z
crmid:7775523473,prod:2141,Biology,12.48,2014,2020-01-03T22:55:51Z
crmid:3250475432,prod:0441,Biology,10.80,1999,2019-12-28T09:44:07Z
crmid:7775523473,prod:2576,Math,9.56,2009,2019-12-25T10:26:23Z
crmid:2022362367,prod:5881,Math,4.59,2004,2020-01-04T20:29:05Z
crmid:3265165852,prod:8987,History,10.61,2008,2020-01-10T13:08:29Z
crmid:5230032545,prod:0149,Biology,13.65,1995,2019-12-25T11:05:11Z
crmid:2022362367,prod:0793,Math,17.87,2006,2020-01-11T15:24:51Z
crmid:3250475432,prod:3115,Math,13.34,2014,2020-01-04T09:13:19Z
crmid:3265165852,prod:6069,Physics,10.15,2004,2020-01-09T12:17:02Z
crmid:3265165852,prod:4223,Music,11.89,1998,2020-01-02T22:18:47Z
crmid:8924306870,prod:1093,Physics,15.67,2006,2019-12-25T20:42:44Z
crmid:2772322877,prod:7735,Chemistry,10.38,2010,2020-01-12T19:45:44Z
crmid:9285937959,prod:3175,Music,15.24,2006,2019-12-31T23:41:32Z
crmid:5128924932,prod:1198,History,5.13,1999,2020-01-10T15:03:15Z
crmid:8735992685,prod:0497,History,12.01,2016,2020-01-03T13:44:37Z
crmid:2772322877,prod:2279,Chemistry,12.98,2015,2019-12-27T20:52:40Z
crmid:6080016322,prod:7533,Biology,17.06,1998,2020-01-09T13:26:45Z
crmid:8754501856,prod:2651,Music,3.01,2007,2019-12-26T20:29:30Z
crmid:1116398008,prod:1537,History,3.43,2001,2019-12-25T15:33:53Z
crmid:3265165852,prod:3419,History,9.34,2014,2020-01-08T05:23:00Z
crmid:5128924932,prod:1720,Art,11.46,2009,2020-01-10T21:49:00Z
crmid:1821963491,prod:8465,Biology,8.19,2012,2020-01-12T20:29:23Z
crmid:5340403501,prod:3522,Music,4.76,2007,2019-12-28T09:20:19Z
crmid:5128924932,prod:6618,Math,4.78,2001,2020-01-04T22:47:12Z
crmid:6844570760,prod:6502,History,14.71,1995,2019-12-24T00:40:37Z
crmid:7406712590,prod:9165,Biology,6.53,1997,2020-01-02T05:04:54Z
crmid:9285937959,prod:8613,Biology,8.79,2016,2020-01-08T09:13:40Z
crmid:8754501856,prod:4130,History,7.51,2007,2019-12-27T14:58:59Z
crmid:3250475432,prod:3109,Music,13.49,1996,2020-01-01T00:04:38Z
crmid:1116398008,prod:9408,Physics,11.99,2001,2019-12-31T20:00:54Z
crmid:6844570760,prod:3894,Math,14.22,2017,2020-01-06T00:55:59Z
crmid:5230032545,prod:2360,Physics,8.24,2016,2020-01-05T01:49:08Z
crmid:1724939372,prod:3619,Chemistry,14.56,2005,2019-12-29T10:13:29Z
crmid:8754501856,prod:6660,Chemistry,3.88,2009,2020-01-08T08:00:31Z
crmid:5340403501,prod:7067,Art,17.29,2013,2019-12-25T23:43:54Z
crmid:2772322877,prod:1520,Physics,15.95,2004,2019-12-29T13:27:14Z
crmid:2711514694,prod:2364,Music,11.81,2016,2020-01-01T13:28:38Z
crmid:8371521263,prod:4959,Music,12.89,2006,2020-01-06T21:56:05Z
crmid:2772322877,prod:7023,Chemistry,6.37,1997,2020-01-02T09:13:54Z
crmid:1159035044,prod:4627,History,4.70,2008,2020-01-05T06:03:45Z
crmid:2022362367,prod:8286,Physics,7.52,1995,2019-12-23T10:46:32Z
crmid:1821963491,prod:9015,Physics,3.98,2003,2019-12-31T13:30:46Z
crmid:8735992685,prod:8954,History,14.66,1998,2020-01-01T10:33:39Z
crmid:7775523473,prod:8344,History,9.41,2010,2019-12-30T20:23:47Z
crmid:8735992685,prod:1546,Physics,5.38,2016,2020-01-04T11:19:27Z
crmid:6080016322,prod:3822,Physics,7.55,2017,2019-12-24T01:37:18Z
crmid:1159035044,prod:5795,Art,11.25,2000,2020-01-12T17:59:30Z
crmid:8924306870,prod:9435,Math,13.17,2010,2020-01-03T01:21:41Z
crmid:3250475432,prod:1893,Music,5.21,2017,2019-12-29T18:37:50Z
crmid:3250475432,prod:6668,History,7.23,2007,2020-01-07T00:29:06Z
crmid:1724939372,prod:9988,Art,8.34,2017,2019-12-24T01:51:10Z
crmid:8924306870,prod:9571,Physics,13.47,1998,2019-12-31T22:03:22Z
crmid:1724939372,prod:7590,Physics,15.77,2004,2020-01-07T04:10:14Z
crmid:6080016322,prod:5648,Chemistry,4.73,2006,2020-01-02T07:26:53Z
crmid:3265165852,prod:5567,Biology,5.70,2009,2019-12-25T18:09:34Z
crmid:9285937959,prod:6783,Physics,10.70,2004,2019-12-28T08:53:12Z
crmid:1159035044,prod:9750,Art,10.18,2014,2019-12-27T16:47:08Z
crmid:1724939372,prod:0370,History,17.64,2017,2020-01-12T02:16:56Z
crmid:1159035044,prod:5858,History,10.80,1997,2020-01-08T19:24:47Z
crmid:1116398008,prod:5444,Chemistry,16.48,1997,2020-01-05T05:36:25Z
crmid:3250475432,prod:1719,Music,8.54,2012,2020-01-04T14:34:37Z
crmid:6844570760,prod:2576,Art,14.05,2016,2020-01-09T16:21:14Z
crmid:1724939372,prod:9796,Physics,14.03,2007,2020-01-02T06:17:41Z
crmid:8684754342,prod:2815,Art,17.46,2005,2020-01-09T16:53:55Z
crmid:1116398008,prod:4812,Chemistry,12.19,1997,2020-01-07T11:51:42Z
crmid:8371521263,prod:7523,Music,5.41,2011,2019-12-23T00:28:55Z
crmid:9725000918,prod:8791,Physics,17.27,2016,2019-12-31T05:51:13Z
crmid:7406712590,prod:4296,Chemistry,16.88,1997,2020-01-07T09:44:45Z
crmid:7406712590,prod:7425,Music,12.13,2009,2020-01-12T08:35:45Z
crmid:2022362367,prod:6987,Art,10.08,2015,2019-12-27T17:41:00Z
crmid:9725000918,prod:8129,Chemistry,17.83,2016,2020-01-08T17:49:53Z
crmid:7406712590,prod:8171,Physics,14.92,2014,2019-12-29T02:43:45Z
crmid:9725000918,prod:6211,Biology,3.18,2015,2020-01-06T13:07:00Z
crmid:8371521263,prod:6232,Chemistry,7.00,2017,2019-12-28T08:24:58Z
crmid:8684754342,prod:4249,Music,13.28,2000,2020-01-11T04:14:59Z
crmid:8754501856,prod:9271,Music,13.26,2001,2020-01-06T22:04:08Z
crmid:5230032545,prod:3665,Chemistry,6.49,1996,2019-12-25T22:25:37Z
crmid:6844570760,prod:9102,Math,17.79,2011,2020-01-09T20:42:19Z
crmid:1821963491,prod:2395,History,9.28,2000,2019-12-23T11:39:34Z
crmid:2772322877,prod:3733,Physics,12.20,1996,2019-12-28T16:13:51Z
crmid:8754501856,prod:1047,Art,6.28,2002,2019-12-23T08:06:45Z
crmid:2772322877,prod:2779,Art,5.81,2000,2020-01-03T21:07:46Z
crmid:8735992685,prod:9614,Art,11.31,2009,2020-01-03T05:29:33Z
crmid:8684754342,prod:3474,Physics,10.49,2016,2020-01-12T10:41:22Z
crmid:7406712590,prod:6064,Physics,5.62,2017,2020-01-09T05:36:24Z
crmid:7406712590,prod:6705,History,11.08,1996,2020-01-05T22:36:43Z
crmid:2772322877,prod:9277,Biology,12.40,2007,2020-01-02T01:28:23Z
crmid:8924306870,prod:0648,Math,6.07,1999,2019-12-26T22:36:38Z
crmid:8754501856,prod:2260,Math,15.63,1996,2019-12-26T14:26:11Z
crmid:1821963491,prod:9927,Art,14.58,2017,2019-12-31T22:36:24Z
crmid:1159035044,prod:5281,Music,11.99,2015,2020-01-07T17:00:37Z
crmid:8735992685,prod:6982,History,8.75,2006,2019-12-29T12:23:02Z
crmid:5128924932,prod:5913,Physics,10.29,2005,2019-12-23T03:04:54Z
crmid:5230032545,prod:0779,History,10.35,2017,2019-12-24T19:58:13Z
crmid:5128924932,prod:1993,Chemistry,9.48,2003,2020-01-06T01:33:55Z
crmid:1724939372,prod:7749,History,15.81,2001,2020-01-09T23:23:04Z
crmid:8371521263,prod:9423,Music,6.45,2014,2020-01-05T11:05:09Z
crmid:3250475432,prod:7229,Math,6.73,1998,2019-12-30T04:08:30Z
crmid:8924306870,prod:2214,Math,6.14,2008,2020-01-07T03:17:59Z
crmid:2772322877,prod:3878,Art,7.77,2014,2020-01-02T23:25:33Z
crmid:8735992685,prod:4361,Chemistry,11.38,1999,2019-12-29T08:15:12Z
crmid:6080016322,prod:5169,History,17.59,2001,2020-01-07T17:59:14Z
crmid:7406712590,prod:7520,Biology,5.24,2013,2020-01-06T17:07:05Z
crmid:5128924932,prod:6034,Chemistry,8.51,2014,2019-12-23T02:41:10Z
crmid:5340403501,prod:3386,Chemistry,15.99,2002,2019-12-26T22:49:41Z
crmid:8924306870,prod:4014,Chemistry,13.44,1996,2019-12-31T16:14:36Z
crmid:9285937959,prod:1103,Music,16.22,2012,2020-01-02T09:16:29Z
crmid:8754501856,prod:8095,Biology,6.98,2000,2020-01-09T18:19:43Z
crmid:5340403501,prod:4076,Biology,6.90,1997,2020-01-11T22:37:01Z
crmid:6080016322,prod:5349,Physics,15.54,2010,2020-01-12T04:42:09Z
crmid:9725000918,prod:9919,Chemistry,3.94,2001,2020-01-01T06:40:27Z
crmid:1116398008,prod:7164,Biology,16.58,2012,2019-12-25T08:25:12Z
crmid:6080016322,prod:9369,Art,17.30,1996,2020-01-01T11:59:52Z
crmid:2711514694,prod:2050,Biology,7.97,1997,2019-12-23T03:21:00Z
crmid:5128924932,prod:7358,Art,11.47,1999,2020-01-11T10:06:22Z
crmid:1116398008,prod:4452,Music,4.15,2011,2020-01-02T10:33:07Z
crmid:2772322877,prod:7762,Math,11.57,2001,2019-12-26T11:55:16Z
crmid:1159035044,prod:2668,Math,7.65,2015,2019-12-31T10:16:14Z
crmid:6080016322,prod:7637,Physics,10.28,2010,2019-12-25T02:22:10Z
crmid:9285937959,prod:1816,Biology,12.26,1996,2020-01-11T06:44:49Z
crmid:8754501856,prod:8151,Music,15.82,1998,2020-01-11T02:59:14Z
crmid:5230032545,prod:3540,Math,13.34,2006,2020-01-04T20:14:53Z
crmid:7406712590,prod:7359,Math,15.92,2016,2019-12-24T06:42:20Z
crmid:1159035044,prod:8674,Math,6.51,2000,2020-01-08T20:39:07Z
crmid:1821963491,prod:0383,Biology,3.72,2005,2020-01-08T03:16:50Z
crmid:3250475432,prod:1661,Chemistry,5.30,1999,2020-01-06T20:52:31Z
crmid:3265165852,prod:5208,Music,4.82,1998,2020-01-06T02:19:21Z
crmid:6080016322,prod:2940,Biology,12.78,2007,2020-01-01T20:23:54Z
crmid:1116398008,prod:0640,Music,13.10,1995,2019-12-23T09:43:30Z
crmid:8754501856,prod:6321,Physics,3.98,2011,2020-01-10T11:41:20Z
crmid:2711514694,prod:3869,Biology,17.90,2009,2019-12-31T20:42:13Z
crmid:5128924932,prod:1623,History,12.40,2002,2020-01-05T14:49:30Z
crmid:2711514694,prod:0017,Biology,8.00,1999,2020-01-03T20:07:41Z
crmid:1159035044,prod:2298,Biology,8.56,2001,2020-01-07T00:40:42Z
crmid:6844570760,prod:2159,Art,17.05,1995,2019-12-31T02:29:47Z
crmid:2711514694,prod:0983,Art,10.91,2017,2020-01-10T16:42:04Z
crmid:9285937959,prod:8189,Physics,15.02,2006,2019-12-31T06:27:45Z
crmid:1159035044,prod:3883,Physics,9.27,2007,2019-12-28T08:26:16Z
crmid:8754501856,prod:5895,Math,7.25,2000,2020-01-07T06:55:03Z
crmid:8684754342,prod:8854,Chemistry,12.08,2003,2019-12-30T13:58:45Z
crmid:7775523473,prod:0265,Biology,8.84,2009,2019-12-27T14:13:54Z
crmid:3265165852,prod:3839,Chemistry,13.87,2015,2020-01-06T06:40:43Z
crmid:8754501856,prod:5339,Music,12.54,2001,2020-01-11T03:52:59Z
crmid:1724939372,prod:3280,Biology,5.64,2008,2020-01-06T15:19:48Z
crmid:8754501856,prod:3512,History,4.74,2002,2019-12-30T18:52:50Z
crmid:4700512353,prod:8452,Biology,4.47,2014,2020-01-05T06:23:22Z
crmid:8924306870,prod:0082,Art,15.30,2011,2019-12-24T11:13:04Z
crmid:3265165852,prod:9299,Biology,14.50,2012,2019-12-29T15:14:06Z
crmid:8735992685,prod:4606,Physics,10.17,2001,2020-01-09T09:37:16Z
crmid:9725000918,prod:2638,Biology,6.48,2005,2019-12-30T06:54:01Z
crmid:9725000918,prod:8158,Biology,15.26,2001,2019-12-27T05:31:02Z
crmid:6080016322,prod:1639,Music,15.92,1998,2019-12-30T10:48:54Z
crmid:5128924932,prod:8235,History,9.07,2008,2020-01-12T20:57:58Z
crmid:5128924932,prod:6205,History,5.22,1995,2020-01-10T17:06:23Z
crmid:2711514694,prod:9268,Math,11.70,2005,2019-12-25T21:41:07Z
crmid:3265165852,prod:8735,Physics,17.98,2003,2020-01-08T12:25:04Z
crmid:2772322877,prod:4096,Biology,5.36,2013,2020-01-07T20:02:52Z
crmid:9285937959,prod:7641,Chemistry,14.10,1999,2020-01-12T15:40:00Z
crmid:1821963491,prod:8153,Biology,5.34,2004,2020-01-07T01:25:18Z
crmid:8924306870,prod:7431,Music,15.87,2009,2019-12-30T10:37:19Z
crmid:8371521263,prod:9539,Biology,4.44,2007,2020-01-06T02:44:30Z
crmid:5128924932,prod:0639,Biology,13.19,2004,2019-12-30T20:43:40Z
crmid:8924306870,prod:8129,Biology,8.77,2010,2020-01-01T05:44:25Z
crmid:1821963491,prod:1114,Music,12.04,2010,2020-01-08T05:27:23Z
crmid:5340403501,prod:6511,Music,14.91,2001,2019-12-31T08:43:48Z
crmid:5230032545,prod:4100,History,10.77,2014,2019-12-25T09:44:43Z
crmid:4700512353,prod:5208,History,10.45,2007,2020-01-12T03:50:27Z
crmid:5230032545,prod:9756,History,12.05,2012,2019-12-29T23:01:11Z
crmid:8754501856,prod:1060,Physics,10.89,2009,2019-12-24T11:15:15Z
crmid:5128924932,prod:3641,Music,6.56,1997,2020-01-01T11:03:19Z
crmid:6844570760,prod:0208,Chemistry,9.82,2010,2020-01-02T00:17:31Z
crmid:3250475432,prod:9651,Art,12.14,2003,2019-12-24T02:19:26Z
crmid:9285937959,prod:6571,Math,4.43,2000,2019-12-23T10:15:13Z
crmid:1116398008,prod:7567,Chemistry,6.95,1997,2020-01-04T23:03:15Z
crmid:1116398008,prod:8385,Math,7.46,2016,2020-01-12T01:44:19Z
crmid:2772322877,prod:1441,Physics,12.76,2003,2020-01-08T03:18:32Z
crmid:8684754342,prod:8199,Biology,3.85,2014,2020-01-05T20:14:35Z
crmid:8684754342,prod:2896,Math,13.04,2007,2020-01-04T19:21:32Z
crmid:5230032545,prod:0711,Art,15.32,2013,2019-12-29T07:30:56Z
crmid:6844570760,prod:6745,Music,5.79,2016,2019-12-30T13:33:31Z
crmid:2711514694,prod:3301,Art,11.41,2007,2020-01-09T00:30:41Z
crmid:5340403501,prod:2181,History,12.88,1999,2019-12-25T17:19:32Z
crmid:5128924932,prod:9536,Math,4.64,1997,2019-12-25T02:46:04Z
crmid:7406712590,prod:4275,Art,13.25,2014,2019-12-27T23:55:32Z
crmid:8735992685,prod:6500,Math,12.85,2003,2019-12-31T13:35:30Z
crmid:5230032545,prod:2077,Physics,6.80,2011,2019-12-24T21:30:30Z
crmid:1724939372,prod:3173,Math,16.47,2006,2019-12-29T15:32:50Z
crmid:8924306870,prod:0982,History,10.59,2011,2020-01-09T19:10:56Z
crmid:5340403501,prod:9182,Chemistry,4.03,2013,2020-01-11T04:34:02Z
crmid:7775523473,prod:8969,Music,11.20,2013,2019-12-24T03:09:24Z
crmid:7775523473,prod:8904,Physics,8.26,2016,2020-01-06T05:27:46Z
crmid:8735992685,prod:2986,Art,12.31,2014,2019-12-28T16:08:05Z
crmid:4700512353,prod:2103,Biology,7.38,2002,2020-01-05T07:38:48Z
crmid:7775523473,prod:0582,History,10.71,2002,2020-01-02T18:31:11Z
crmid:1159035044,prod:3150,Physics,7.07,1996,2020-01-08T02:54:23Z
crmid:9725000918,prod:2137,Physics,3.12,2011,2019-12-26T15:24:51Z
crmid:5128924932,prod:4442,Chemistry,4.24,1997,2019-12-29T19:57:30Z
crmid:1821963491,prod:3854,History,15.93,1995,2020-01-07T10:25:57Z
crmid:9285937959,prod:0909,Art,12.02,2004,2019-12-31T06:03:15Z
crmid:1116398008,prod:4618,Math,3.41,2009,2020-01-05T05:54:47Z
crmid:1116398008,prod:3038,Biology,8.67,1996,2020-01-11T18:19:37Z
crmid:8754501856,prod:2284,Biology,7.26,2007,2019-12-26T23:22:28Z
crmid:2711514694,prod:1364,Chemistry,8.07,2010,2019-12-29T00:21:10Z
crmid:3265165852,prod:4589,History,11.51,2008,2019-12-23T17:48:02Z
crmid:6844570760,prod:2446,History,10.67,2016,2019-12-30T10:09:21Z
crmid:4700512353,prod:2016,Physics,6.61,2011,2020-01-07T11:00:25Z
crmid:9285937959,prod:7291,History,9.80,2002,2020-01-03T22:45:00Z
crmid:8684754342,prod:8697,Math,10.41,2015,2020-01-09T17:59:59Z
crmid:4700512353,prod:2339,Math,6.79,2015,2020-01-10T10:09:46Z
crmid:5128924932,prod:5949,Math,3.45,2003,2020-01-03T16:21:25Z
crmid:1116398008,prod:5833,Biology,5.39,2015,2019-12-26T23:31:12Z
crmid:3250475432,prod:1302,History,7.97,2014,2020-01-01T00:33:01Z
crmid:5340403501,prod:3082,History,13.85,2008,2020-01-10T23:58:19Z
crmid:8924306870,prod:6427,History,5.26,2016,2020-01-01T23:45:37Z
crmid:7406712590,prod:3244,Biology,14.66,2009,2019-12-25T21:40:28Z
crmid:5230032545,prod:4882,Physics,17.02,1997,2019-12-30T17:00:28Z
crmid:7775523473,prod:9948,History,13.48,2007,2019-12-29T05:04:01Z
crmid:1724939372,prod:9590,Biology,17.67,2001,2020-01-03T07:47:43Z
crmid:3265165852,prod:7356,Art,4.75,2006,2020-01-10T07:02:00Z
crmid:7775523473,prod:1497,Art,14.44,2009,2019-12-27T10:36:00Z
crmid:3265165852,prod:5528,Art,17.71,2007,2020-01-07T12:14:16Z
crmid:2711514694,prod:1545,Physics,4.26,2016,2020-01-01T18:56:11Z
crmid:8371521263,prod:0790,History,5.23,2002,2019-12-25T21:08:31Z
crmid:5340403501,prod:9072,Music,12.52,2017,2020-01-09T16:29:33Z
crmid:8924306870,prod:2559,Math,10.13,2000,2019-12-28T13:33:59Z
crmid:7406712590,prod:6480,Music,16.66,2006,2019-12-26T18:27:55Z
crmid:3250475432,prod:8795,Math,17.17,2013,2019-12-24T21:43:18Z
crmid:7406712590,prod:7242,Physics,12.05,2001,2020-01-03T21:26:54Z
crmid:6080016322,prod:0505,Art,13.18,2002,2020-01-07T21:42:35Z
crmid:1821963491,prod:3880,Music,15.80,2008,2019-12-31T21:13:19Z
crmid:2772322877,prod:0226,Math,12.46,2010,2020-01-11T02:33:59Z
crmid:8371521263,prod:2092,Math,4.56,2012,2020-01-12T00:29:50Z
crmid:1821963491,prod:2126,Biology,16.77,2017,2019-12-31T17:11:45Z
crmid:8924306870,prod:5060,Music,3.55,2007,2019-12-26T03:08:26Z
crmid:6080016322,prod:7547,Physics,4.40,2010,2020-01-06T16:07:44Z
crmid:3265165852,prod:6342,Physics,11.94,2001,2020-01-09T07:35:30Z
crmid:1159035044,prod:0621,Physics,13.86,2015,2020-01-09T06:22:20Z
crmid:8684754342,prod:9972,Math,10.54,2000,2019-12-26T20:57:32Z
crmid:2772322877,prod:0262,Chemistry,6.68,2017,2020-01-12T21:55:05Z
crmid:8735992685,prod:7092,Music,7.95,2007,2020-01-05T15:25:02Z
crmid:1116398008,prod:9574,Music,5.53,2016,2020-01-12T16:12:26Z
crmid:5128924932,prod:0971,Math,7.27,2011,2019-12-28T03:12:37Z
crmid:5340403501,prod:0026,Physics,10.32,2012,2019-12-29T18:48:56Z
crmid:8735992685,prod:9216,Physics,12.03,2007,2020-01-04T16:20:59Z
crmid:1159035044,prod:4558,Math,13.50,2014,2020-01-01T21:03:28Z
crmid:1159035044,prod:8416,History,3.13,1995,2019-12-25T16:56:05Z
crmid:2711514694,prod:9736,Art,14.41,1996,2019-12-30T10:48:16Z
crmid:5128924932,prod:7776,Biology,14.61,1995,2019-12-31T04:10:59Z
crmid:7406712590,prod:9655,Chemistry,13.24,2011,2019-12-25T19:37:29Z
crmid:7775523473,prod:3682,Art,16.57,2012,2020-01-09T13:04:51Z
crmid:7406712590,prod:8886,Physics,7.16,2015,2019-12-28T12:53:05Z
crmid:2711514694,prod:0601,Math,10.11,2002,2020-01-11T06:01:32Z
crmid:8371521263,prod:6827,Physics,15.31,2012,2020-01-09T01:00:06Z
crmid:4700512353,prod:7414,Math,6.65,2010,2019-12-30T22:52:18Z
crmid:8371521263,prod:3952,Physics,12.67,2004,2019-12-23T18:56:14Z
crmid:6844570760,prod:0077,History,3.74,2007,2020-01-01T19:51:00Z
crmid:9285937959,prod:3604,History,10.79,2001,2020-01-05T17:58:42Z
crmid:9725000918,prod:3982,Physics,4.04,2008,2019-12-27T07:22:20Z
crmid:2711514694,prod:9269,Music,11.56,2001,2020-01-08T08:14:12Z
crmid:9725000918,prod:9932,Chemistry,13.20,2011,2019-12-24T16:32:31Z
crmid:1159035044,prod:2195,Physics,9.37,2005,2019-12-26T17:22:06Z
crmid:8754501856,prod:0026,Art,17.89,2013,2020-01-04T21:42:01Z
crmid:2711514694,prod:8044,Physics,8.74,2006,2020-01-12T00:52:48Z
crmid:3265165852,prod:0428,Chemistry,5.81,2010,2020-01-12T21:14:52Z
crmid:8684754342,prod:3494,Art,8.57,2007,2019-12-23T03:57:26Z
crmid:7775523473,prod:3255,History,11.45,2013,2020-01-03T21:07:13Z
crmid:3265165852,prod:6651,Music,12.71,2017,2019-12-30T18:02:08Z
crmid:5128924932,prod:7384,Physics,10.89,2010,2019-12-26T01:09:27Z
crmid:8684754342,prod:4237,Music,16.38,2005,2019-12-25T14:09:24Z
crmid:5230032545,prod:4949,Chemistry,13.30,2012,2020-01-10T20:57:56Z
crmid:6080016322,prod:1996,Chemistry,8.48,2000,2019-12-26T01:57:49Z
crmid:6080016322,prod:3791,Math,13.91,1995,2020-01-11T17:10:46Z
crmid:2711514694,prod:5941,Physics,7.35,2008,2019-12-27T07:47:57Z
crmid:9725000918,prod:0299,Music,11.01,2007,2019-12-28T18:24:05Z
crmid:2711514694,prod:8186,Chemistry,6.21,2013,2020-01-05T05:18:17Z
crmid:8754501856,prod:8395,Physics,11.27,2010,2020-01-09T22:56:19Z
crmid:6080016322,prod:9816,Biology,14.07,1995,2020-01-06T23:13:19Z
crmid:2022362367,prod:7584,Music,4.97,2003,2019-12-30T20:15:25Z
crmid:1159035044,prod:7286,Biology,3.60,2011,2020-01-09T06:30:02Z
crmid:8754501856,prod:4999,Chemistry,6.84,2014,2019-12-30T02:04:37Z
crmid:5340403501,prod:6997,Biology,5.90,2011,2020-01-02T18:10:16Z
crmid:2711514694,prod:1375,Biology,5.72,2006,2020-01-02T13:52:23Z
crmid:4700512353,prod:5900,Physics,8.58,2006,2020-01-10T09:00:42Z
crmid:5128924932,prod:6863,History,4.68,1995,2019-12-29T18:59:01Z
crmid:1116398008,prod:6876,Chemistry,5.17,2007,2019-12-29T21:04:35Z
crmid:8735992685,prod:5719,Chemistry,15.38,2008,2020-01-09T03:07:30Z
crmid:7775523473,prod:6536,Physics,13.43,2008,2020-01-07T10:34:24Z
crmid:9285937959,prod:1056,Music,14.10,2006,2020-01-10T01:34:54Z
crmid:8371521263,prod:1260,Biology,6.20,2007,2019-12-29T12:35:29Z
crmid:8754501856,prod:6788,History,10.64,2002,2019-12-26T07:51:07Z
crmid:7775523473,prod:1789,Biology,11.38,1998,2019-12-30T11:34:30Z
crmid:5128924932,prod:7558,History,9.39,2017,2019-12-30T22:51:52Z
crmid:6080016322,prod:1773,Biology,4.71,2013,2019-12-26T12:25:55Z
crmid:1821963491,prod:9253,Art,11.41,1997,2019-12-31T08:13:28Z
crmid:6080016322,prod:3779,Math,17.03,1998,2020-01-02T17:55:42Z
crmid:2022362367,prod:9406,History,8.49,2000,2020-01-07T14:35:07Z
crmid:3250475432,prod:9146,History,11.98,2008,2020-01-11T00:17:00Z
crmid:8924306870,prod:6685,Biology,11.96,2015,2019-12-27T13:10:42Z
crmid:7775523473,prod:1533,Art,10.94,1997,2019-12-31T01:48:42Z
crmid:8924306870,prod:5779,History,16.72,2008,2019-12-23T04:29:04Z
crmid:8735992685,prod:6973,History,16.67,2011,2020-01-07T06:36:34Z
crmid:2772322877,prod:1270,History,3.16,2002,2020-01-08T18:23:13Z
crmid:3265165852,prod:7247,Music,10.30,2011,2020-01-09T03:12:52Z
crmid:6844570760,prod:5984,Art,6.20,2015,2020-01-01T10:11:38Z
crmid:1116398008,prod:8313,Art,8.82,2013,2020-01-04T22:45:52Z
crmid:9725000918,prod:4187,Chemistry,15.18,2017,2020-01-12T20:11:22Z
crmid:8735992685,prod:4010,Biology,13.93,1996,2020-01-11T13:54:35Z
crmid:2022362367,prod:9930,Biology,8.24,2012,2020-01-03T21:19:08Z
crmid:8684754342,prod:0560,Physics,7.04,2007,2019-12-26T16:04:32Z
crmid:2772322877,prod:5024,Chemistry,16.07,1997,2020-01-08T22:31:33Z
crmid:1724939372,prod:3179,Biology,8.45,2014,2019-12-29T17:24:56Z
crmid:1159035044,prod:0480,Art,11.22,2015,2019-12-29T06:40:32Z
crmid:5128924932,prod:0860,Physics,3.22,1997,2019-12-31T12:50:52Z
crmid:8754501856,prod:7509,Physics,10.79,2001,2019-12-23T16:20:01Z
crmid:5340403501,prod:9811,Biology,8.19,2001,2019-12-29T20:21:13Z
crmid:9285937959,prod:6864,Biology,16.45,2002,2019-12-27T04:38:41Z
crmid:8735992685,prod:5514,Chemistry,12.03,2012,2019-12-27T01:30:52Z
crmid:6844570760,prod:4497,Art,8.86,2008,2019-12-26T10:56:25Z
crmid:8371521263,prod:1477,Biology,16.54,2016,2020-01-12T23:25:23Z
crmid:1159035044,prod:2532,History,17.31,2009,2019-12-29T22:54:43Z
crmid:1724939372,prod:3882,Physics,3.40,2006,2020-01-11T10:55:06Z
crmid:8735992685,prod:9984,Art,9.08,2009,2019-12-31T17:07:35Z
crmid:7775523473,prod:6436,Art,17.83,2011,2020-01-05T12:07:10Z
crmid:8735992685,prod:6528,Physics,11.76,1999,2019-12-27T01:24:00Z
crmid:2772322877,prod:7102,History,8.29,2004,2020-01-07T09:50:02Z
crmid:3250475432,prod:6462,Biology,14.68,1999,2020-01-11T02:13:35Z
crmid:2772322877,prod:2298,Chemistry,5.73,2014,2019-12-26T12:10:59Z
crmid:1116398008,prod:8376,Math,14.58,2005,2019-12-25T00:33:44Z
crmid:6080016322,prod:3935,Art,11.03,2011,2020-01-12T07:25:49Z
crmid:1159035044,prod:8352,Math,6.96,2003,2019-12-25T20:50:17Z
crmid:3265165852,prod:9181,History,9.85,2005,2019-12-28T11:02:20Z
crmid:6844570760,prod:1950,Physics,12.84,2008,2020-01-04T15:10:12Z
crmid:8754501856,prod:8117,Physics,16.17,2003,2019-12-25T16:22:22Z
crmid:5230032545,prod:2649,Biology,13.73,2017,2020-01-08T08:22:21Z
crmid:1159035044,prod:1863,Biology,13.69,2013,2020-01-07T08:17:59Z
crmid:8924306870,prod:8454,Physics,4.66,2012,2019-12-29T18:01:57Z
crmid:4700512353,prod:6421,Chemistry,16.68,2005,2020-01-08T08:50:19Z
crmid:8684754342,prod:0068,Art,9.75,2004,2019-12-31T07:20:40Z
crmid:8924306870,prod:2818,Chemistry,17.80,2017,2020-01-04T15:45:13Z
crmid:8371521263,prod:1971,Math,5.38,2010,2020-01-12T22:43:21Z
crmid:8684754342,prod:7213,Art,9.91,2000,2019-12-24T20:01:10Z
crmid:6080016322,prod:0563,Math,12.78,1995,2020-01-05T09:33:29Z
crmid:8924306870,prod:1450,Biology,17.25,2014,2020-01-01T17:09:13Z
crmid:1116398008,prod:4858,History,12.94,1996,2020-01-05T20:45:55Z
crmid:8754501856,prod:0064,Art,4.96,1999,2019-12-28T14:33:51Z
crmid:3250475432,prod:0376,Chemistry,9.41,2007,2020-01-02T08:55:02Z
crmid:7406712590,prod:3144,Chemistry,4.26,2003,2019-12-25T07:36:30Z
crmid:5340403501,prod:4015,Music,11.60,1997,2019-12-28T17:14:09Z
crmid:9725000918,prod:3694,Biology,13.05,2004,2019-12-23T22:51:39Z
crmid:8924306870,prod:9031,Art,16.31,2000,2020-01-05T03:02:16Z
crmid:5230032545,prod:0845,History,14.05,2005,2020-01-09T03:56:03Z
crmid:1116398008,prod:0630,Math,8.42,2009,2019-12-28T04:51:52Z
crmid:8735992685,prod:7561,Biology,13.32,2013,2019-12-30T13:16:56Z
crmid:1821963491,prod:4181,Art,3.80,2006,2019-12-25T16:32:26Z
crmid:6844570760,prod:9614,Physics,13.59,2013,2020-01-01T20:17:59Z
crmid:5128924932,prod:5766,Biology,7.28,2002,2019-12-23T19:13:10Z
crmid:5340403501,prod:7285,Art,9.28,2014,2019-12-29T22:07:40Z
crmid:8924306870,prod:6365,Math,14.95,2010,2019-12-26T14:49:37Z
crmid:2022362367,prod:6592,History,8.28,2012,2019-12-31T06:35:34Z
crmid:2772322877,prod:0940,Music,9.10,1997,2020-01-05T09:29:33Z
crmid:4700512353,prod:2824,Physics,15.02,2016,2020-01-08T01:06:35Z
crmid:5230032545,prod:9738,Physics,12.83,2002,2019-12-30T01:38:11Z
crmid:5128924932,prod:0825,Art,15.20,2014,2020-01-05T02:27:33Z
crmid:9285937959,prod:3405,History,6.60,2004,2019-12-26T05:12:35Z
crmid:2711514694,prod:4180,History,13.99,2008,2020-01-07T16:41:55Z
crmid:3250475432,prod:9142,Math,15.83,2012,2020-01-03T11:23:04Z
crmid:5340403501,prod:0217,Math,9.28,2005,2019-12-29T10:13:12Z
crmid:9285937959,prod:7411,Art,7.23,2002,2020-01-08T11:37:17Z
crmid:2711514694,prod:7374,Math,11.72,2005,2019-12-24T04:35:12Z
crmid:1821963491,prod:8040,Music,3.46,2005,2020-01-07T11:27:23Z
crmid:8924306870,prod:0001,Art,8.83,1999,2020-01-04T11:36:58Z
crmid:8754501856,prod:0010,Art,14.13,2015,2020-01-01T16:42:35Z
crmid:3265165852,prod:9244,Math,11.45,2002,2019-12-26T10:14:14Z
crmid:9725000918,prod:4741,Biology,5.86,2015,2020-01-05T08:33:38Z
crmid:7775523473,prod:3467,Chemistry,16.33,2007,2020-01-02T04:35:21Z
crmid:6844570760,prod:6713,Biology,14.09,2008,2020-01-05T04:02:35Z
crmid:2711514694,prod:1110,Math,11.38,2013,2019-12-24T19:03:59Z
crmid:6080016322,prod:3627,Physics,17.41,1997,2020-01-09T21:57:02Z
crmid:1821963491,prod:3339,Music,11.71,1995,2020-01-02T16:05:57Z
crmid:8924306870,prod:3658,History,4.44,1996,2020-01-08T06:42:34Z
crmid:8371521263,prod:0975,History,15.18,2004,2019-12-23T15:39:40Z
crmid:6080016322,prod:3946,Music,12.95,2010,2020-01-06T14:09:54Z
crmid:9725000918,prod:8650,History,3.28,2002,2020-01-09T03:59:33Z
crmid:8735992685,prod:0655,History,16.28,2005,2019-12-25T01:02:04Z
crmid:8684754342,prod:9888,History,12.38,2003,2020-01-10T11:40:57Z
crmid:8371521263,prod:6142,Art,11.80,2015,2019-12-27T10:51:16Z
crmid:6844570760,prod:1963,Art,4.55,2004,2019-12-27T19:22:22Z
crmid:5128924932,prod:1568,Chemistry,10.90,2003,2020-01-07T20:59:29Z
crmid:2022362367,prod:6339,Art,6.19,2007,2020-01-08T23:31:47Z
crmid:8684754342,prod:1284,Music,17.78,2006,2019-12-27T20:21:04Z
crmid:9725000918,prod:7019,Physics,3.07,2005,2019-12-25T23:28:14Z
crmid:9725000918,prod:4417,Art,14.14,2002,2020-01-06T06:31:41Z
crmid:1159035044,prod:0321,Music,14.37,2003,2020-01-09T01:52:32Z
crmid:3250475432,prod:4113,History,16.15,2014,2019-12-31T13:07:21Z
crmid:9725000918,prod:1133,Physics,14.84,2012,2020-01-10T14:00:33Z
crmid:4700512353,prod:4882,Art,12.90,1997,2020-01-03T01:06:50Z
crmid:7775523473,prod:1648,Art,15.29,2002,2020-01-12T09:08:24Z
crmid:9285937959,prod:1383,Physics,6.20,2005,2020-01-04T02:25:45Z
crmid:9725000918,prod:0652,Music,12.42,2008,2020-01-10T21:48:23Z
crmid:7775523473,prod:1277,Biology,3.97,2004,2019-12-23T10:55:28Z
crmid:3265165852,prod:9504,Math,9.62,2008,2019-12-23T03:08:52Z
crmid:1821963491,prod:2178,Art,10.48,2011,2020-01-09T08:22:55Z
crmid:6844570760,prod:6383,Biology,15.65,2014,2020-01-03T22:32:42Z
crmid:1116398008,prod:7204,Biology,11.91,2003,2019-12-25T09:57:38Z
crmid:1724939372,prod:3394,Music,5.96,2006,2019-12-26T07:51:33Z
crmid:1724939372,prod:1169,Physics,6.67,2007,2019-12-26T03:58:52Z
crmid:4700512353,prod:0088,Math,11.14,1999,2019-12-24T02:40:57Z
crmid:1116398008,prod:4342,Biology,13.34,2017,2020-01-07T00:46:43Z
crmid:8735992685,prod:7162,Biology,8.74,1997,2019-12-30T21:18:15Z
crmid:6080016322,prod:1416,Biology,12.01,2007,2020-01-04T21:18:46Z
crmid:6844570760,prod:5784,Physics,7.36,1998,2020-01-12T15:04:23Z
crmid:1159035044,prod:4405,History,10.32,2006,2020-01-12T23:05:51Z
crmid:7775523473,prod:6388,Math,7.86,2001,2020-01-03T20:18:33Z
crmid:1159035044,prod:2621,History,5.04,1999,2019-12-30T14:00:01Z
crmid:1116398008,prod:4269,Chemistry,12.09,2006,2019-12-29T18:18:19Z
crmid:7406712590,prod:8314,Art,11.24,2012,2020-01-05T03:11:30Z
crmid:1116398008,prod:2256,Art,17.40,2002,2020-01-06T03:09:06Z
crmid:8684754342,prod:1270,History,16.92,1997,2020-01-01T19:04:48Z
crmid:4700512353,prod:3169,Biology,12.66,2005,2020-01-05T19:25:04Z
crmid:9725000918,prod:2500,History,15.36,2001,2020-01-06T10:53:55Z
crmid:3265165852,prod:3785,Math,11.30,2015,2019-12-29T03:19:01Z
crmid:2772322877,prod:2879,Music,16.23,2016,2020-01-06T22:50:44Z
crmid:8735992685,prod:6400,Math,9.71,2003,2019-12-30T15:05:18Z
crmid:2711514694,prod:0112,Art,15.97,2009,2019-12-30T13:14:45Z
crmid:7406712590,prod:1122,Physics,7.03,2011,2019-12-28T19:12:58Z
crmid:1724939372,prod:7623,Physics,14.34,2003,2019-12-28T17:11:37Z
crmid:1116398008,prod:5242,Art,8.40,2006,2020-01-05T14:28:16Z
crmid:1724939372,prod:5454,Physics,15.81,2001,2020-01-04T17:58:40Z
crmid:2772322877,prod:0652,Math,4.26,2001,2019-12-29T08:27:41Z
crmid:2711514694,prod:6702,Math,5.64,1998,2020-01-06T18:45:43Z
crmid:8684754342,prod:2514,Music,16.78,2014,2019-12-24T07:17:10Z
crmid:8754501856,prod:8387,Music,13.18,2001,2020-01-07T08:06:18Z
crmid:5230032545,prod:4723,Biology,16.15,1996,2020-01-05T07:33:28Z
crmid:4700512353,prod:1672,Art,7.13,2017,2020-01-05T01:56:22Z
crmid:1159035044,prod:4107,Music,11.29,2011,2019-12-28T21:12:10Z
crmid:5340403501,prod:8423,History,3.92,2002,2019-12-29T14:15:14Z
crmid:3250475432,prod:1774,Math,5.07,1997,2019-12-26T12:24:00Z
crmid:1821963491,prod:9156,Physics,10.51,2017,2020-01-01T18:55:15Z
crmid:2772322877,prod:7503,Music,11.23,2005,2019-12-23T18:49:30Z
crmid:2022362367,prod:8037,Music,10.38,1998,2019-12-26T00:44:28Z
crmid:8735992685,prod:4467,Math,16.43,1997,2019-12-30T06:07:29Z
crmid:8924306870,prod:1314,Chemistry,6.97,2011,2020-01-03T21:26:04Z
crmid:7406712590,prod:6389,History,11.18,2012,2020-01-11T17:38:06Z
crmid:8754501856,prod:4269,History,13.07,2006,2019-12-25T11:14:23Z
crmid:8924306870,prod:0256,Art,17.36,1996,2020-01-05T10:37:02Z
crmid:1159035044,prod:0309,History,14.90,2013,2019-12-27T20:35:49Z
crmid:2022362367,prod:5074,Art,8.83,2015,2019-12-29T18:00:34Z
crmid:2711514694,prod:8653,Music,8.56,2014,2020-01-01T05:13:14Z
crmid:2711514694,prod:7892,Chemistry,17.57,1997,2019-12-25T05:53:09Z
crmid:2022362367,prod:5064,Biology,12.63,1996,2019-12-27T09:23:44Z
crmid:9725000918,prod:2221,Art,5.92,2009,2020-01-01T11:24:53Z
crmid:5340403501,prod:9031,History,4.10,2013,2020-01-12T21:59:57Z
crmid:4700512353,prod:8601,Chemistry,11.60,2006,2019-12-24T08:16:33Z
crmid:1724939372,prod:2875,History,11.28,2005,2020-01-08T13:06:55Z
crmid:8684754342,prod:0907,History,9.68,2000,2019-12-28T13:11:16Z
crmid:8754501856,prod:8628,Biology,14.33,1998,2020-01-09T08:37:15Z
crmid:8754501856,prod:1272,Physics,12.03,2004,2019-12-27T18:27:56Z
crmid:2711514694,prod:1476,Chemistry,17.26,2007,2019-12-30T13:42:35Z
crmid:5128924932,prod:1371,Biology,13.74,2009,2020-01-10T19:44:17Z
crmid:1821963491,prod:4611,Art,10.44,2005,2019-12-29T20:03:45Z
crmid:8371521263,prod:9893,Music,5.04,2011,2019-12-25T10:05:16Z
crmid:7775523473,prod:9123,Music,9.31,2014,2020-01-04T22:56:39Z
crmid:7775523473,prod:6190,Biology,9.48,2011,2020-01-08T22:46:34Z
crmid:1821963491,prod:2348,Physics,16.21,2015,2020-01-10T14:17:46Z
crmid:2711514694,prod:2523,Chemistry,12.59,2015,2019-12-23T11:48:52Z
crmid:1159035044,prod:8284,Math,15.60,2013,2019-12-27T23:56:13Z
crmid:2711514694,prod:0230,Art,15.71,1996,2020-01-11T06:47:03Z
crmid:1821963491,prod:5163,Physics,14.97,2004,2020-01-01T03:19:42Z
crmid:8924306870,prod:9040,Math,5.66,2008,2019-12-24T08:24:50Z
crmid:1724939372,prod:6261,History,3.63,1995,2020-01-10T20:45:57Z
crmid:8371521263,prod:6117,Art,14.72,2007,2019-12-30T10:58:47Z
crmid:1821963491,prod:5730,Math,15.44,2008,2020-01-05T00:24:41Z
crmid:2772322877,prod:2518,Math,14.57,2000,2020-01-12T11:04:13Z
crmid:7406712590,prod:0648,Chemistry,14.70,2005,2019-12-23T14:32:53Z
crmid:1159035044,prod:2660,Music,15.99,2007,2019-12-27T03:53:28Z
crmid:6080016322,prod:5107,Chemistry,3.26,1997,2019-12-31T22:25:10Z
crmid:6080016322,prod:3082,History,11.40,2007,2020-01-05T08:43:33Z
crmid:8735992685,prod:4283,Math,7.91,2006,2020-01-09T03:15:17Z
crmid:9725000918,prod:6119,Math,7.95,2004,2020-01-08T06:28:54Z
crmid:8924306870,prod:4645,Music,3.62,2003,2019-12-27T07:07:19Z
crmid:1116398008,prod:2737,Math,15.01,2001,2019-12-23T17:18:55Z
crmid:8924306870,prod:0323,Music,11.78,1998,2019-12-29T09:17:21Z
crmid:1821963491,prod:9467,Music,7.37,1999,2019-12-27T01:44:28Z
crmid:9285937959,prod:0598,Chemistry,14.87,2009,2019-12-24T08:20:25Z
crmid:4700512353,prod:1740,Math,9.13,2000,2019-12-24T03:52:42Z
crmid:2772322877,prod:0050,Physics,14.41,2012,2019-12-31T02:26:07Z
crmid:8371521263,prod:3343,Music,3.61,2003,2020-01-01T13:51:10Z
crmid:8684754342,prod:5011,Art,9.37,2013,2020-01-12T07:22:44Z
crmid:7406712590,prod:9909,Art,3.49,1995,2020-01-04T12:02:52Z
crmid:3265165852,prod:8240,History,8.86,2002,2020-01-06T08:29:52Z
crmid:5128924932,prod:4030,Art,16.27,2004,2019-12-26T15:37:44Z
crmid:1724939372,prod:0229,Art,17.58,1996,2019-12-25T23:49:17Z
crmid:7406712590,prod:2513,Math,5.82,2017,2020-01-10T19:40:38Z
crmid:9725000918,prod:8032,Chemistry,7.41,2012,2020-01-06T10:38:12Z
crmid:5340403501,prod:7099,Chemistry,12.32,2016,2020-01-09T14:30:11Z
crmid:2711514694,prod:4315,Music,9.22,1995,2019-12-29T21:00:38Z
crmid:5340403501,prod:3385,Physics,13.34,1999,2019-12-31T16:17:31Z
crmid:6844570760,prod:6856,Chemistry,16.82,1998,2020-01-08T01:51:25Z
crmid:3265165852,prod:4989,Art,3.80,2004,2020-01-10T18:45:13Z
crmid:8924306870,prod:1687,Art,11.02,2005,2019-12-30T18:52:31Z
crmid:1724939372,prod:6756,Math,9.59,1997,2019-12-29T14:00:35Z
crmid:3250475432,prod:7916,History,3.48,1998,2019-12-25T22:24:01Z
crmid:8754501856,prod:8399,Art,12.82,2005,2020-01-10T09:35:54Z
crmid:2022362367,prod:0858,Physics,15.54,2007,2020-01-11T21:01:04Z
crmid:3250475432,prod:7867,History,8.04,2007,2020-01-11T10:17:46Z
crmid:1116398008,prod:2868,Chemistry,4.29,2007,2019-12-23T23:00:02Z
crmid:5128924932,prod:5318,Biology,16.36,2000,2020-01-01T11:49:34Z
crmid:2711514694,prod:9716,Physics,3.30,1996,2020-01-10T02:24:06Z
crmid:1159035044,prod:5193,History,17.55,2005,2020-01-08T14:57:01Z
crmid:1116398008,prod:2495,Math,8.35,1998,2019-12-25T02:54:04Z
crmid:4700512353,prod:2905,Biology,16.85,2015,2020-01-08T19:35:56Z
crmid:1116398008,prod:2168,Biology,12.90,2014,2020-01-03T03:41:02Z
crmid:9725000918,prod:3622,Math,15.13,2002,2019-12-28T05:05:52Z
crmid:8754501856,prod:3591,Math,7.18,2007,2019-12-31T11:46:51Z
crmid:7406712590,prod:0870,Art,17.97,1999,2019-12-25T21:28:04Z
crmid:7775523473,prod:5956,Physics,4.57,2002,2019-12-23T12:44:40Z
crmid:3265165852,prod:8035,Chemistry,15.57,2010,2020-01-10T23:45:45Z
crmid:1159035044,prod:3511,Physics,8.31,2017,2019-12-26T19:44:20Z
crmid:2711514694,prod:2368,Math,7.17,2005,2020-01-11T23:01:17Z
crmid:2022362367,prod:3663,Chemistry,7.17,2004,2019-12-28T02:49:57Z
crmid:5230032545,prod:7142,Art,6.99,2008,2020-01-03T15:54:27Z
crmid:5230032545,prod:0843,Music,16.98,2009,2019-12-28T00:41:35Z
crmid:1821963491,prod:0655,Art,7.00,2012,2020-01-12T05:07:13Z
crmid:5340403501,prod:6857,Physics,7.68,2014,2020-01-03T17:51:41Z
crmid:9285937959,prod:7113,Physics,7.63,1995,2019-12-27T16:16:33Z
crmid:6844570760,prod:8465,Chemistry,9.98,2010,2019-12-25T19:17:43Z
crmid:7406712590,prod:0277,Music,10.82,2003,2019-12-24T09:13:15Z
crmid:7775523473,prod:5496,History,17.37,2003,2019-12-31T19:09:47Z
crmid:8684754342,prod:7949,Math,3.93,2014,2020-01-05T13:26:29Z
crmid:3265165852,prod:1107,Math,5.04,1995,2020-01-06T16:28:14Z
crmid:8684754342,prod:8188,Music,5.60,1997,2020-01-08T12:38:18Z
crmid:5128924932,prod:2972,Music,12.44,2012,2019-12-31T00:04:38Z
crmid:7406712590,prod:2512,Math,13.30,2013,2020-01-11T04:01:42Z
crmid:8684754342,prod:4243,Music,14.25,2012,2019-12-31T15:30:08Z
crmid:7775523473,prod:8299,Biology,15.10,2001,2020-01-06T15:49:22Z
crmid:2711514694,prod:0117,Math,6.73,2017,2020-01-09T19:32:45Z
crmid:2711514694,prod:9561,Chemistry,4.99,2010,2019-12-29T06:08:15Z
crmid:2022362367,prod:0735,Math,10.49,2012,2020-01-07T18:45:17Z
crmid:5128924932,prod:0779,Art,6.42,2001,2020-01-12T20:30:01Z
crmid:9285937959,prod:5269,Chemistry,5.24,2011,2019-12-24T14:28:12Z
crmid:8371521263,prod:6355,Math,10.36,1995,2020-01-05T23:16:15Z
crmid:8754501856,prod:7586,History,7.02,2016,2020-01-11T20:57:29Z
crmid:8735992685,prod:1777,Music,15.08,2007,2020-01-08T01:44:11Z
crmid:1724939372,prod:2209,Math,14.79,2014,2020-01-04T05:10:16Z
crmid:3265165852,prod:6996,History,3.50,2017,2019-12-24T06:50:05Z
crmid:2022362367,prod:5062,Music,17.82,2014,2020-01-01T04:15:57Z
crmid:2772322877,prod:0293,Math,13.37,2015,2019-12-24T20:44:17Z
crmid:2711514694,prod:8500,Music,16.64,2010,2020-01-02T16:16:49Z
crmid:8371521263,prod:2521,Music,8.29,2001,2020-01-12T18:19:01Z
crmid:5230032545,prod:8944,History,13.28,1999,2019-12-30T17:30:56Z
crmid:9285937959,prod:2321,History,11.20,2002,2020-01-04T04:05:51Z
crmid:4700512353,prod:5148,Art,16.22,2000,2020-01-05T15:33:47Z
crmid:5340403501,prod:3568,History,9.96,2011,2020-01-09T07:14:42Z
crmid:1116398008,prod:7819,Biology,15.67,2007,2020-01-09T19:24:16Z
crmid:8924306870,prod:8893,Chemistry,11.46,2010,2020-01-12T07:41:54Z
crmid:8371521263,prod:3080,Art,8.30,2012,2020-01-08T20:36:33Z
crmid:1724939372,prod:4645,History,7.05,2012,2019-12-25T12:31:43Z
crmid:6844570760,prod:6435,Chemistry,3.47,2008,2020-01-07T00:21:10Z
crmid:7406712590,prod:7490,Music,12.69,2016,2019-12-27T16:34:21Z
crmid:4700512353,prod:5053,Art,6.17,2014,2019-12-26T11:07:45Z
crmid:5340403501,prod:8499,Physics,14.70,2011,2019-12-27T04:07:34Z
crmid:5230032545,prod:0361,Art,12.94,2000,2019-12-23T20:44:59Z
crmid:6844570760,prod:3409,Biology,3.66,2000,2019-12-29T16:50:19Z
crmid:7775523473,prod:0629,Biology,13.95,1999,2019-12-30T07:54:07Z
crmid:3265165852,prod:9588,Music,9.10,2015,2019-12-25T07:58:25Z
crmid:2022362367,prod:6003,Music,16.15,1998,2020-01-02T18:10:31Z
crmid:1159035044,prod:3803,Music,11.58,2004,2020-01-06T16:16:43Z
crmid:1821963491,prod:4975,Music,16.78,2002,2019-12-28T11:26:18Z
crmid:1724939372,prod:6132,Math,4.41,2010,2019-12-28T11:31:20Z
crmid:2772322877,prod:8522,Music,14.27,2013,2020-01-04T08:43:01Z
crmid:3265165852,prod:5017,Music,5.54,2007,2019-12-30T10:10:10Z
crmid:2772322877,prod:9076,Music,10.88,2016,2019-12-30T00:10:58Z
crmid:1159035044,prod:1334,Biology,5.49,2012,2020-01-06T05:03:48Z
crmid:1724939372,prod:1029,Music,7.99,2009,2020-01-08T14:09:39Z
crmid:9725000918,prod:4723,Music,13.60,2014,2019-12-27T05:20:52Z
crmid:4700512353,prod:6430,Art,11.76,2015,2020-01-05T11:15:45Z
crmid:7775523473,prod:3298,Physics,5.72,2012,2020-01-05T05:59:32Z
crmid:1821963491,prod:4500,Math,10.32,1998,2019-12-23T03:21:51Z
crmid:1821963491,prod:6217,History,8.95,1995,2019-12-27T03:47:01Z
crmid:3265165852,prod:3889,Music,10.20,2012,2019-12-29T09:20:07Z
crmid:8371521263,prod:2039,Biology,16.49,1996,2020-01-01T20:16:37Z
crmid:8684754342,prod:1643,Biology,9.28,1995,2019-12-28T05:54:29Z
crmid:2022362367,prod:7797,Physics,5.40,2013,2020-01-01T05:55:37Z
crmid:3250475432,prod:7516,Art,9.27,2009,2019-12-28T15:41:08Z
crmid:8684754342,prod:3443,History,11.15,2003,2020-01-01T06:35:20Z
crmid:5128924932,prod:9340,History,13.18,1995,2020-01-08T02:04:06Z
crmid:3265165852,prod:3064,Physics,6.29,1997,2019-12-23T16:23:56Z
crmid:2711514694,prod:3272,History,11.68,1998,2020-01-12T05:25:28Z
crmid:5128924932,prod:6979,Biology,4.11,2011,2020-01-01T23:55:20Z
crmid:1821963491,prod:4442,Chemistry,10.07,1995,2020-01-08T20:13:09Z
crmid:1116398008,prod:7188,Biology,3.58,2006,2019-12-29T11:53:42Z
crmid:8371521263,prod:0290,Biology,17.06,1997,2019-12-26T00:27:25Z
crmid:9725000918,prod:0086,Math,11.46,2002,2020-01-07T12:50:39Z
crmid:4700512353,prod:1888,Chemistry,10.80,2001,2019-12-30T09:45:48Z
crmid:2711514694,prod:0795,Math,4.97,2003,2020-01-09T13:57:23Z
crmid:3265165852,prod:8730,Biology,8.70,2007,2020-01-07T21:27:30Z
crmid:5230032545,prod:0052,Music,15.06,2010,2019-12-27T08:28:10Z
crmid:6844570760,prod:9776,Chemistry,6.81,2002,2019-12-31T08:42:07Z
crmid:1724939372,prod:1492,Art,9.60,2002,2019-12-25T12:18:00Z
crmid:9725000918,prod:1751,Physics,5.24,2007,2020-01-06T10:46:40Z
crmid:8754501856,prod:4252,Music,11.58,2008,2020-01-12T21:54:32Z
crmid:2772322877,prod:5400,History,3.40,2016,2020-01-09T20:13:43Z
crmid:8924306870,prod:6549,Chemistry,5.95,2003,2019-12-31T21:39:05Z
crmid:5128924932,prod:5747,History,5.07,2011,2020-01-07T06:02:59Z
crmid:2022362367,prod:2081,Chemistry,8.74,1996,2020-01-10T18:48:54Z
crmid:8371521263,prod:3362,Music,13.78,2015,2020-01-09T07:09:41Z
crmid:8754501856,prod:7835,Art,5.26,2010,2019-12-31T15:22:31Z
crmid:3250475432,prod:8805,Math,13.88,2010,2020-01-07T02:42:31Z
crmid:5128924932,prod:4290,Math,10.22,2000,2020-01-09T11:07:35Z
crmid:3265165852,prod:9620,Chemistry,14.56,2006,2020-01-05T17:44:29Z
crmid:3265165852,prod:1764,Math,6.90,2003,2019-12-31T04:21:09Z
crmid:1724939372,prod:0754,History,4.35,2006,2020-01-07T01:23:20Z
crmid:5340403501,prod:0958,Physics,7.02,1995,2020-01-12T05:42:47Z
crmid:1724939372,prod:1189,Art,11.43,2013,2019-12-26T19:18:24Z
crmid:3250475432,prod:4509,Art,14.79,1997,2020-01-08T14:49:51Z
crmid:2022362367,prod:9646,Biology,10.46,1999,2020-01-11T09:05:33Z
crmid:6080016322,prod:8991,Math,6.35,1995,2020-01-07T05:27:45Z
crmid:8735992685,prod:6620,Physics,12.15,2007,2019-12-23T10:53:13Z
crmid:4700512353,prod:6337,Biology,8.51,2012,2020-01-06T21:22:34Z
crmid:2772322877,prod:0150,Chemistry,5.84,2013,2019-12-28T16:19:31Z
crmid:1724939372,prod:9967,Music,15.83,2007,2019-12-24T06:08:49Z
crmid:1159035044,prod:1925,History,17.12,2002,2020-01-10T07:53:09Z
crmid:8754501856,prod:3973,Physics,6.77,2010,2020-01-06T03:54:59Z
crmid:2711514694,prod:3026,Art,10.41,2016,2019-12-29T04:09:20Z
crmid:1159035044,prod:1474,Math,16.42,1996,2019-12-27T13:15:22Z
crmid:5340403501,prod:2338,Chemistry,5.24,2012,2019-12-25T14:56:32Z
crmid:1159035044,prod:5203,History,6.36,2015,2020-01-07T13:28:11Z
crmid:1159035044,prod:4020,History,13.10,1999,2020-01-02T15:15:01Z
crmid:9725000918,prod:9994,History,5.66,2012,2020-01-11T07:40:51Z
crmid:7775523473,prod:5466,Physics,4.70,2014,2019-12-25T05:23:26Z
crmid:9725000918,prod:7393,History,16.02,2012,2019-12-30T15:44:12Z
crmid:6844570760,prod:3819,Math,9.11,1995,2019-12-31T20:01:50Z
crmid:2711514694,prod:0963,Math,16.28,2014,2019-12-24T11:20:18Z
crmid:3265165852,prod:2591,Music,6.15,2009,2019-12-24T12:58:38Z
crmid:6080016322,prod:8207,Art,11.84,2005,2020-01-10T16:23:37Z
crmid:1724939372,prod:3561,Chemistry,8.28,1996,2020-01-01T18:47:35Z
crmid:5340403501,prod:1836,Physics,6.43,1998,2020-01-06T14:29:21Z
crmid:1724939372,prod:8342,History,16.97,2015,2019-12-24T12:37:56Z
crmid:2711514694,prod:1507,Chemistry,10.19,2000,2019-12-30T21:19:58Z
crmid:2022362367,prod:6827,Music,16.29,1998,2020-01-12T21:03:28Z
crmid:8924306870,prod:7587,Biology,15.87,2016,2020-01-02T22:36:34Z
crmid:4700512353,prod:6692,Art,5.94,2001,2020-01-07T10:09:28Z
crmid:1724939372,prod:7739,Math,12.40,2005,2020-01-10T10:37:40Z
crmid:6844570760,prod:9205,Music,15.94,1995,2020-01-07T21:38:44Z
crmid:5128924932,prod:1526,Art,4.51,2014,2020-01-11T06:56:27Z
crmid:2772322877,prod:7735,Physics,15.44,2009,2020-01-10T06:44:24Z
crmid:5128924932,prod:7670,Biology,6.48,1998,2019-12-27T05:14:21Z
crmid:5340403501,prod:7154,Physics,16.72,2014,2020-01-09T17:57:00Z
crmid:6080016322,prod:5451,Art,4.04,2008,2020-01-12T09:47:01Z
crmid:1116398008,prod:0920,History,9.30,2013,2020-01-03T08:06:12Z
crmid:5128924932,prod:9991,Music,7.67,2011,2020-01-05T10:44:40Z
crmid:3265165852,prod:0468,History,13.37,2017,2019-12-31T21:16:31Z
crmid:8735992685,prod:9979,History,7.14,2015,2020-01-01T08:45:39Z
crmid:8684754342,prod:4275,Music,3.62,2011,2019-12-28T03:26:12Z
crmid:2022362367,prod:5871,History,13.41,2003,2019-12-27T05:21:31Z
crmid:1159035044,prod:3585,Physics,6.24,1995,2020-01-03T14:48:01Z
crmid:2772322877,prod:3933,Art,17.80,2010,2019-12-27T08:13:24Z
crmid:9725000918,prod:3423,Art,13.84,2008,2019-12-28T22:38:43Z
crmid:5128924932,prod:9152,History,17.79,1996,2019-12-26T02:53:51Z
crmid:2711514694,prod:3349,Physics,17.66,2000,2019-12-23T17:06:45Z
crmid:1724939372,prod:9295,Biology,13.70,1998,2020-01-08T09:27:02Z
crmid:4700512353,prod:6808,Math,14.33,1998,2020-01-01T12:42:01Z
crmid:1116398008,prod:7285,Physics,14.71,2004,2020-01-05T19:41:06Z
crmid:1821963491,prod:0895,Physics,13.91,2010,2020-01-04T16:48:07Z
crmid:9725000918,prod:5799,Art,14.08,2011,2019-12-24T10:34:16Z
crmid:2022362367,prod:9303,Chemistry,9.21,2001,2019-12-25T02:18:28Z
crmid:1159035044,prod:8196,Physics,7.20,1999,2020-01-06T02:09:31Z
crmid:3265165852,prod:8324,Physics,9.31,2014,2019-12-24T22:31:07Z
crmid:7406712590,prod:4796,Art,3.34,2007,2019-12-31T03:52:00Z
crmid:1159035044,prod:2961,Chemistry,3.35,2012,2019-12-24T10:38:07Z
crmid:2772322877,prod:3204,Physics,16.82,2009,2020-01-03T06:46:02Z
crmid:1116398008,prod:8645,History,7.48,2009,2020-01-09T08:15:04Z
crmid:8754501856,prod:7689,Music,17.38,2003,2019-12-30T17:23:21Z
