crmid,email,first_name,last_name,gender,mobile telephone,city,country,zip,state,street address,birthday,historicalpoints
crmid:9976298148,pituitousness1813@gmail.com,Chas,O'donnell,male,007-182-0988,Cape Coral,United States,00000,West Virginia,992 Emerald,1944-02-22,752
crmid:2144233861,desecration1802@outlook.com,Raelene,Potter,female,370-762-8645,Vernon Hills,United States,84860,Missouri,1006 Teddy,1956-07-23,2885
crmid:1353628420,sculleries1805@yahoo.com,Jerome,Stein,male,814-961-9149,Bethlehem,United States,99781,Colorado,383 Josepha,1938-12-31,925
crmid:2638795219,hardyhead1924@live.com,Otha,Bowman,,911-660-4475,Griffin,United States,05436,Oklahoma,340 Mandalay,1968-01-19,2560
crmid:7010090303,detonations1880@outlook.com,Elvin,Barron,,853-345-0561,Van Buren,United States,92467,Idaho,1227 Bayview Park,1965-06-16,1232
crmid:5388916077,psychodispositional1902@gmail.com,Tristan,Rhodes,female,041-352-2801,Duluth,United States,75162,Washington,884 Perasto,1956-12-17,820
crmid:4773173076,animated1805@gmail.com,Gene,Nolan,,194-830-3570,Walker,United States,39846,Arkansas,314 Amatury,1974-09-06,2932
crmid:8450171342,preoblige1995@live.com,Rusty,Lott,,806-612-7248,Fontana,United States,71440,West Virginia,1188 Oakwood,1962-04-06,495
crmid:1112031339,brushwood1873@outlook.com,Gary,Levine,male,604-003-5724,Carpentersville,United States,25185,Arkansas,845 Spring,1944-04-17,869
crmid:4158877208,exertion1821@yahoo.com,Shani,Mayer,female,472-947-2145,Orinda,United States,91569,Utah,1124 Beachmont,1955-08-18,738
crmid:2983747380,laureate1942@live.com,Cherelle,Hudson,female,994-253-7307,Clovis,United States,50442,Washington,357 Serrano,1948-10-27,2300
crmid:5727714817,veining1822@yahoo.com,Earle,Higgins,male,636-394-8779,South Holland,United States,97093,Arizona,632 Ship,1938-03-14,953
crmid:2046711206,chiquito1904@yandex.com,Fidel,Conner,male,876-105-1481,Pleasanton,United States,01328,North Carolina,284 Sacramento,1937-04-07,347
crmid:3673889425,prefavorably1885@yandex.com,Quintin,Wilder,,207-367-2949,Round Rock,United States,33992,Hawaii,166 Legion,1971-11-12,2785
crmid:5182002232,micromastictora1937@yandex.com,Hershel,Russell,male,444-615-7981,Alamogordo,United States,22244,New Mexico,1364 Steuart,1930-05-26,1086
crmid:4731268086,sportsmen1864@live.com,Brent,Baxter,,737-918-4931,Lakeland,United States,80404,Florida,1064 Littlefield,1980-09-01,1929
crmid:3405121455,postcard1942@live.com,Orval,Golden,,020-658-9627,Olympia,United States,46444,Louisiana,160 Parker,1988-02-23,588
crmid:8113676478,capriole1831@gmail.com,Cecille,Hays,female,870-982-1296,Elkhart,United States,09180,Wyoming,1191 Cambon,1959-02-13,717
crmid:7728638134,bleach2054@gmail.com,Sherice,Cote,female,691-998-0500,East Orange,United States,46435,Ohio,590 Evans,1957-08-07,1190
crmid:2427944251,abiding1959@outlook.com,Sydney,Hensley,,725-632-8545,Palm Bay,United States,34957,South Carolina,1185 Loraine,1979-02-15,2071
crmid:4096639911,hebete1967@live.com,Jasper,Cruz,male,195-458-3228,Avon Lake,United States,24319,Rhode Island,1126 Roselyn,1935-05-07,752
crmid:3740487142,affenpinscher1911@live.com,Edmundo,Patterson,,097-997-6699,Huber Heights,United States,70760,Maine,345 Amherst,1973-12-04,702
crmid:7543531506,squid1915@yandex.com,Winston,Wilcox,,242-715-3546,North Miami Beach,United States,93257,Wyoming,906 Guerrero,1998-07-14,750
crmid:6126102838,snobby1857@yandex.com,Lucio,Logan,,276-819-0004,Foster City,United States,29859,Illinois,4 Collins,1963-04-22,1108
crmid:3159184598,annamaria1829@gmail.com,Hai,Sheppard,male,358-577-2562,Prichard,United States,50880,Connecticut,1199 Palmetto,1937-04-27,1530
crmid:8296682813,aquatic1979@live.com,Freeman,Pollard,,890-439-0344,South Portland,United States,97724,Virginia,586 Onique,1984-12-31,1643
crmid:3103186502,mistimed1901@yahoo.com,Reginald,Villarreal,,796-920-2747,Marquette,United States,42693,Nevada,1337 French,1987-07-01,2996
crmid:1959351932,unsmokeable2030@gmail.com,Kayleen,Berger,female,271-332-7195,Mountlake Terrace,United States,20642,Florida,706 El Verano,1994-04-09,567
crmid:1225462350,periodontology1988@yahoo.com,Bryan,Hughes,male,050-513-3980,Sherwood,United States,90849,Michigan,718 Nautilus,1940-12-26,2675
crmid:5002280583,paidle1985@outlook.com,Sherwood,Kirkland,male,908-241-3681,Apple Valley,United States,75566,Tennessee,707 Capp,1933-12-25,1771
crmid:8503557363,phalaropodidae1827@live.com,Royce,Davenport,,416-991-2108,Gardner,United States,36430,Montana,311 Edith,1965-06-01,1565
crmid:2747604901,panicked1827@yandex.com,Dudley,Hooper,,071-748-3234,LaGrange,United States,46181,Arkansas,123 Grenard,1979-08-18,892
crmid:2441620702,amstutz1890@outlook.com,Danny,Paul,,143-161-7023,Garden City,United States,42656,Wisconsin,284 Evelyn,1965-08-15,2962
crmid:2542029386,favela2022@outlook.com,Darryl,Russo,,096-874-8793,Lumberton,United States,74215,Nevada,163 Tingley,1985-12-26,1545
crmid:2129011612,treacly1914@yandex.com,Skye,Hunter,female,180-716-8254,Selma,United States,14627,South Dakota,181 San Felipe,1950-10-16,1110
crmid:7467259915,alcoa1830@outlook.com,Jessie,Justice,,551-030-2009,Sayreville,United States,45355,Colorado,1166 San Rafael,1983-07-19,1335
crmid:6296373870,padmasana1984@outlook.com,Diedra,Vaughan,female,513-674-3785,Decatur,United States,15817,Louisiana,1397 Nordhoff,1953-03-29,1448
crmid:7961438960,protegulum1832@outlook.com,Maren,Walsh,female,340-802-3753,Rancho Palos Verdes,United States,73501,Florida,713 Sibley,1954-06-30,366
crmid:9616373130,forgeability1866@outlook.com,Lynn,Powers,,960-043-3327,New Berlin,United States,45235,Florida,1397 Crestlake,1996-08-28,2577
crmid:1245893066,subfusc1869@yandex.com,Kennith,Davidson,,513-795-6554,Woodstock,United States,37032,Oregon,608 Dawnview,1970-04-24,1301
crmid:8849136110,eupeptically1834@outlook.com,Nu,Parsons,female,922-516-5717,Cortland,United States,37229,Louisiana,880 The Embarcadero,1951-07-23,851
crmid:6309055828,azhar1907@live.com,Thurman,Rivers,,303-100-0191,Issaquah,United States,43799,Indiana,759 Poplar,1975-07-03,702
crmid:6840226802,prosecutor1862@yandex.com,Simon,Hines,male,440-621-2326,Pearland,United States,85145,Alaska,961 Rondel,1930-09-14,2279
crmid:7073466091,whale1848@yahoo.com,Winfred,Holcomb,,544-420-0067,Plainfield,United States,84194,Indiana,1166 Chapman,1986-08-04,1131
crmid:8714805107,arcturia1977@outlook.com,Margarito,Potter,,179-367-6401,Lubbock,United States,00873,Minnesota,324 Louisburg,1985-01-20,1389
crmid:7091579710,silverwood1968@outlook.com,Laverne,Allen,,033-396-2568,Fuquay-Varina,United States,28353,Arizona,772 Concourse,1964-04-03,973
crmid:2632754664,eleazar1951@live.com,Margareta,Velez,female,920-804-9190,Fairfax,United States,34286,Texas,1400 Jack Kerouac,1961-06-29,2914
crmid:2225356583,alten1908@outlook.com,Alonso,Carlson,,521-739-2646,Lake Zurich,United States,58916,Indiana,1065 West Portal,1980-10-15,1642
crmid:8118018185,beechy1821@yahoo.com,Delila,Sharp,female,305-743-6870,Union City,United States,18003,Arizona,1080 Bemis,1952-02-27,2838
crmid:9358700361,batteries1976@outlook.com,Jonathon,Galloway,,577-611-9219,Highland Park,United States,81796,Massachusetts,1028 Lusk,1971-06-05,2317
crmid:4703121042,drive1995@outlook.com,Franchesca,Munoz,female,998-914-0875,Dolton,United States,17527,California,251 Berry,1955-03-21,2670
crmid:9409006705,cod1909@live.com,Allan,Burnett,male,389-326-5386,Woodburn,United States,06073,Indiana,737 Legion,1936-10-31,628
crmid:6993567819,anchors1968@live.com,Rodolfo,Dotson,,136-258-6882,Ramsey,United States,93968,Kentucky,989 Moncada,1999-05-30,1633
crmid:3971072064,consecrator1986@yandex.com,Sarai,Weber,female,964-744-3787,Stafford,United States,19174,Vermont,1107 Raccoon,1948-08-30,2524
crmid:3700341626,holoptic1814@outlook.com,Sean,Parsons,male,479-037-6203,Brunswick,United States,96461,Minnesota,50 Faxon,1942-09-23,636
crmid:7244963884,convair1912@live.com,Dagmar,Simmons,female,904-663-4847,Schenectady,United States,18571,California,1203 Robblee,1951-02-27,1761
crmid:3776694655,speron2023@gmail.com,Kai,Moran,female,032-489-4896,Coachella,United States,86873,Iowa,770 Milan,1948-04-21,429
crmid:2766461647,dusun1855@live.com,Alfonzo,Gross,male,762-407-4084,Pembroke Pines,United States,68031,Wyoming,464 Byxbee,1939-10-01,2768
crmid:6507855162,viking1977@outlook.com,Micheal,Mayer,female,612-324-3232,Searcy,United States,15899,Utah,441 Eureka,1953-06-18,2259
crmid:5019413307,accable1817@yahoo.com,Asa,Wilder,,876-582-4492,Monterey Park,United States,57650,Wisconsin,69 John Maher,1992-09-14,2280
crmid:2527978667,ambsace2067@outlook.com,Nickolas,Harmon,,132-309-5253,Maryville,United States,76349,Pennsylvania,1069 Cottonwood,1987-12-20,1116
crmid:8965027507,shantey1965@yandex.com,Clifton,Horton,male,469-222-7943,Brockton,United States,18173,New Mexico,924 Westbrook,1941-02-14,2720
crmid:2075940546,pantryman1862@yandex.com,Tomas,Stark,male,752-992-2622,Bessemer,United States,56155,North Carolina,483 Regent,1938-09-28,764
crmid:3549573974,salar2059@yandex.com,Ali,Martinez,female,202-123-9468,Fayetteville,United States,06252,Colorado,1290 Girard,1961-01-18,1087
crmid:2137033641,browning1955@yahoo.com,Sal,Berger,,296-825-5882,Indianapolis,United States,77661,Georgia,133 Stoneyford,1974-12-31,570
crmid:4318465966,descendents1859@yandex.com,Howard,Cunningham,male,833-829-6713,Vernon Hills,United States,02257,Maryland,245 Leroy,1940-05-07,920
crmid:7395918200,dogtag2026@gmail.com,Jae,King,,169-789-0058,New Orleans,United States,35262,California,255 Rockaway,1996-07-22,1564
crmid:1512571123,blackfeet2009@yahoo.com,Willian,Blevins,male,814-288-7799,Poughkeepsie,United States,00254,New Jersey,453 Ellington,1936-10-03,2396
crmid:1186618837,leghorn1949@live.com,Tyron,Malone,,538-946-2119,Florence,United States,52755,Pennsylvania,741 Tapia,1962-10-07,1448
crmid:5675544794,installation1964@outlook.com,Chi,Ewing,female,514-583-5822,Orinda,United States,92271,Oklahoma,1251 Claremont,1957-02-09,1941
crmid:1788277619,carburant2051@yahoo.com,Sari,Foster,female,811-818-0202,Dunedin,United States,42425,Washington,433 Florence,1956-08-10,2893
crmid:9110531455,expatriate1880@live.com,Cyrus,Perry,,239-783-2464,Springville,United States,38014,Hawaii,422 Mabrey,1969-05-27,1702
crmid:4638594540,abstruseness1873@yahoo.com,Drucilla,Odom,female,634-486-0155,Yuma,United States,51961,New Mexico,664 Sea View,1948-10-05,686
crmid:7268224874,aromatised1827@live.com,My,Buchanan,female,910-692-9651,El Paso,United States,71909,Hawaii,1315 Allston,1958-12-13,331
crmid:3049885720,wakened2035@live.com,Christian,Patrick,,150-368-4736,Lake Elsinore,United States,97524,Vermont,459 Staples,1980-12-17,798
crmid:2243118325,chandan1910@outlook.com,Jerald,Tyler,male,917-390-8724,Alamogordo,United States,68867,Mississippi,344 Olney,1930-11-10,2559
crmid:5462484976,culled1809@live.com,Chet,Curtis,,775-604-0030,Pampa,United States,56816,Indiana,607 Sanchez,1994-11-25,2884
crmid:2208706488,chromotherapist1979@live.com,Hershel,Barrera,,445-160-1930,Pleasant Grove,United States,34176,Kentucky,1010 Bay Shore,1973-12-15,754
crmid:1457544763,undialled1903@yahoo.com,Eleonor,Sanford,female,769-631-1623,Delaware,United States,77829,Illinois,1242 Maynard,1954-03-26,1073
crmid:8096366890,cordaites1938@gmail.com,Manual,Wall,,141-880-3563,Stephenville,United States,47676,Alaska,553 Flora,1984-03-24,804
crmid:4767815276,macrobiotus1812@gmail.com,Lilli,Humphrey,female,156-259-9772,Sunnyvale,United States,76306,Utah,798 Ashburton,1952-11-20,1918
crmid:9941470801,complainers1984@gmail.com,Foster,Higgins,male,705-987-2528,Anoka,United States,21370,Oregon,539 Burke,1933-04-14,537
crmid:4865985604,us1933@yandex.com,Mack,Frank,male,041-425-8190,Mountain Brook,United States,03165,Alabama,920 Spears,1994-01-20,2567
crmid:6931997007,subturbary1934@outlook.com,Darren,Coleman,,449-773-0836,Malden,United States,96641,South Carolina,538 Sargent,1985-02-22,2406
crmid:9846525371,clethra1809@gmail.com,Sam,Blankenship,male,462-931-2513,Streamwood,United States,00848,New Hampshire,494 Potomac,1937-09-03,2279
crmid:7914551183,aberrant2069@gmail.com,Rodrigo,Hester,,007-089-7995,Homer Glen,United States,42174,Ohio,97 Turk Murphy,1972-08-22,2060
crmid:1188874592,caplin1854@outlook.com,Dorsey,Thomas,,381-568-4754,Independence,United States,37166,Connecticut,869 Owens,1974-05-10,1657
crmid:4872863559,chandan1825@yahoo.com,Rico,Reilly,,651-842-1723,Lake Elsinore,United States,66742,Arkansas,1300 Ingleside,1980-11-16,2813
crmid:8928757073,dreamlit1940@yahoo.com,Son,Pearson,female,905-357-5342,Ventura,United States,59963,Washington,1265 Joy,1960-08-23,2411
crmid:9907587788,bothersome1839@yahoo.com,Courtney,Quinn,male,763-536-4559,Roanoke Rapids,United States,07890,Pennsylvania,1119 Meadowbrook,1937-02-24,1674
crmid:5121986914,datura1863@yandex.com,Robin,Mckee,,677-034-3359,Norton Shores,United States,20914,Florida,1289 Cottonwood,1999-05-04,687
crmid:6547181004,hucksterage1809@live.com,Tuan,Morin,,735-402-2503,Forest Grove,United States,44683,Washington,710 Arago,1962-07-05,1297
crmid:8654652626,damaris1948@yahoo.com,Sammy,Dickerson,,614-533-5521,Greenwood,United States,46423,Kentucky,69 Lake,1968-08-31,2182
crmid:3613475393,gulonic1958@gmail.com,Janiece,Mercado,female,602-920-1919,New Hope,United States,56675,Iowa,430 Arleta,1996-09-07,2491
crmid:1374830359,macrophyllous2010@live.com,Clayton,Ball,male,194-018-9790,Vallejo,United States,80353,Alabama,971 Pena,1934-02-02,537
crmid:1343070331,cembalo1962@live.com,Isaiah,Harrison,male,798-072-2524,Nogales,United States,06345,South Dakota,1387 Chester,1998-02-26,2485
crmid:2275380945,phasianinae1910@yandex.com,Brittni,Hansen,female,590-638-6287,Reading,United States,57730,Iowa,331 Toyon,1994-11-25,2127
crmid:7183653396,vibrio1809@live.com,Nobuko,Yates,female,841-221-1873,Passaic,United States,93490,Maine,376 Roach,1948-07-14,1655
crmid:8114285648,flounder2067@gmail.com,Venice,Stein,female,719-149-2865,Eden Prairie,United States,56357,Hawaii,186 Lucy,1957-09-28,2425
crmid:6063973787,rajarshi1869@gmail.com,Clyde,Guzman,,197-873-0728,Palo Alto,United States,41210,Wisconsin,394 Darrell,1993-11-04,1514
crmid:3287733924,snowshoe1944@yandex.com,Caleb,Kent,,953-900-8128,Port St. Lucie,United States,47870,California,302 Simonds,1982-08-24,2623
crmid:1946071833,tootle1894@yandex.com,Leigh,Vinson,,615-721-6343,Kinston,United States,49659,Tennessee,1394 Federal,1978-07-28,1836
crmid:1020740259,bobber1842@gmail.com,Lou,Vang,,634-953-0582,Loma Linda,United States,30800,Rhode Island,788 Wright,1983-06-03,2087
crmid:1075509303,retractor1874@live.com,Mica,Langley,female,144-319-7969,Surprise,United States,25291,North Dakota,893 Pershing,1961-06-17,2477
crmid:4281811186,flachery1839@live.com,Nigel,Knowles,,005-338-8735,Midland,United States,20747,Virginia,1145 C,1990-04-03,1445
crmid:6113933803,semilate1910@yandex.com,Jamison,Miller,,113-213-4212,Lockport,United States,72268,Indiana,443 Compton,1983-02-09,1448
crmid:6994177432,decries2054@outlook.com,Milan,Gallegos,male,800-825-9635,Santa Fe,United States,09564,New Hampshire,1148 Brazil,1941-07-11,561
crmid:9213297969,hews2034@live.com,Estell,Medina,female,774-781-7149,Scarsdale,United States,61818,Georgia,213 San Antonio,1949-09-06,1796
crmid:8185384917,deposit1902@yandex.com,German,Bell,,115-559-2533,Highland Park,United States,88892,Iowa,271 Blandy,1971-01-09,2803
crmid:2322897186,caesar1835@live.com,Jc,Graham,,019-203-9529,San Benito,United States,21783,Virginia,294 Brown,1966-11-04,1086
crmid:1482702158,affirmation1899@gmail.com,Edmund,O'brien,,009-631-1832,Loma Linda,United States,47681,California,94 Gardenside,1983-08-05,1354
crmid:7869399173,catalysis2049@gmail.com,Bill,Green,,487-868-8534,Mason City,United States,76927,Tennessee,721 Berry,1987-12-29,2497
crmid:4227642418,deermeat2062@yahoo.com,Julieann,Clayton,female,270-119-0602,Delano,United States,23852,Washington,122 Racine,1954-04-06,2942
crmid:8042172659,cleancut1900@outlook.com,Morgan,Figueroa,,740-069-0810,McKinney,United States,72489,Rhode Island,1195 Fratessa,1988-06-09,309
crmid:8913203480,cowkeeper2002@yahoo.com,Jarred,Blevins,,892-175-2432,Massapequa Park,United States,70089,California,403 Miramar,1988-11-04,1304
crmid:6385940800,vestiaries1860@yahoo.com,Rolland,Dunlap,male,778-406-4390,Apex,United States,42177,Colorado,118 Stanton,1933-08-09,739
crmid:7455917376,detailer1912@outlook.com,Dewitt,Slater,male,664-481-7017,Warrensburg,United States,91899,Iowa,1352 Woodside,1944-03-27,1220
crmid:1171448289,querimans1856@yandex.com,Columbus,Frost,,023-512-5509,Gillette,United States,70739,Delaware,459 Black,1966-12-15,554
crmid:2783819317,eldreth1890@yahoo.com,Marcos,Wooten,,589-714-8629,Harvey,United States,65061,West Virginia,57 Julius,1970-11-24,1833
crmid:8623341860,briolettes2033@yandex.com,Marion,Harvey,male,657-713-4466,Ontario,United States,53146,North Carolina,37 Kempton,1996-02-13,1996
crmid:7180898083,victorianism1827@yandex.com,Lizeth,Weber,female,406-157-1999,Dixon,United States,56983,Hawaii,89 Bessie,1955-09-30,2677
crmid:8579786319,bajau1934@gmail.com,Maile,Bartlett,female,171-149-8100,Detroit,United States,30698,Florida,747 Fisher,1954-06-02,1456
crmid:8771171884,deipnosophism2002@yahoo.com,Ed,Beard,male,122-040-1351,Beaverton,United States,91339,Hawaii,544 Copper,1937-11-06,1123
crmid:6882604139,landowning1810@gmail.com,Octavio,Mcneil,,499-151-9536,Lemoore,United States,09406,Alaska,216 Powell,1982-02-11,1722
crmid:4334223380,claws2036@yahoo.com,Buck,Mack,male,979-890-1768,Cape Coral,United States,86524,New Jersey,763 Castle Manor,1944-12-23,827
crmid:4626476989,sulphurage1911@yahoo.com,Sid,Pope,male,129-010-1810,Boston,United States,75329,Illinois,449 Leavenworth,1940-12-31,2118
crmid:7991471583,choler1944@yandex.com,Alvaro,Burch,,983-070-9689,Richardson,United States,59375,Tennessee,1275 San Fernando,1997-10-12,1998
crmid:8506654338,pointer1861@gmail.com,Caleb,Hunter,male,158-951-3990,Parkland,United States,70068,Delaware,1358 Fratessa,1945-02-15,1558
crmid:4221963553,socked1826@live.com,Sam,Ward,male,070-394-1239,Campbell,United States,53683,Mississippi,59 Eugenia,1944-09-30,1546
crmid:5413595794,theologer1887@outlook.com,Ward,Burris,,205-270-2579,Palmetto Bay,United States,89489,Oregon,1250 Cordova,1999-07-11,2734
crmid:5056536247,coeval2049@yandex.com,Boris,Boone,male,929-023-2036,North Lauderdale,United States,60660,Missouri,573 Beachmont,1998-10-03,2538
crmid:5834905868,welcomely1842@yahoo.com,Virgil,Small,,858-809-5476,San Jose,United States,97304,Oregon,171 Huntington,1980-02-11,507
crmid:1389439841,ebenezer1940@yahoo.com,Tyree,Morton,,198-709-8481,Hopkinsville,United States,03522,Illinois,119 Montalvo,1973-01-20,1232
crmid:3294966826,utilize1804@yandex.com,Buford,Caldwell,,821-224-5011,Weslaco,United States,46600,West Virginia,614 Gennessee,1982-11-20,819
crmid:5745187418,collie1890@yahoo.com,Louis,Williams,male,331-374-1978,Simpsonville,United States,03219,Kentucky,85 Martha,1942-06-09,503
crmid:8452705106,dunker1970@gmail.com,Rolland,Rodriguez,,932-520-2772,Lompoc,United States,50937,Tennessee,1383 Massasoit,1984-09-19,2739
crmid:6337510101,zoophobia1873@yahoo.com,Evia,Hull,female,026-468-2944,Coon Rapids,United States,12498,Arizona,840 Gibson,1950-03-15,1596
crmid:9932138052,bursate2057@yandex.com,Boyd,Brock,male,561-790-4738,Bellevue,United States,02942,Florida,200 Santa Ana,1937-01-04,2415
crmid:9843593120,spent1929@gmail.com,Luciano,Parks,,581-957-0050,Haverhill,United States,06782,Washington,1294 Nelson Rising,1970-01-19,1083
crmid:5789870488,addressee1960@gmail.com,Bryce,Faulkner,,400-025-9718,Rutherford,United States,24000,Wisconsin,350 Lower,1962-11-16,2678
crmid:9800604221,outfame2061@yandex.com,Garland,Skinner,male,812-035-9091,Weston,United States,08056,Colorado,1170 Geary,1939-04-27,1131
crmid:9003168458,ratiocinator1972@yandex.com,Sidney,Donovan,,899-251-6803,Maplewood,United States,58959,Kansas,28 Dehon,1986-09-29,1988
crmid:2553851037,anasazi2041@live.com,Terence,Knowles,male,640-489-9726,Bourbonnais,United States,54699,Utah,1014 Ellington,1940-09-16,689
crmid:6515475988,beaver1885@gmail.com,Gerald,Ware,,917-700-6373,Rogers,United States,92502,Colorado,341 Nottingham,1995-05-21,2635
crmid:1923118354,heathrman1804@yahoo.com,Brant,Holman,,460-149-9285,Vallejo,United States,36143,Oregon,1215 Alta Mar,1974-05-23,2529
crmid:8081879718,colleague1812@yahoo.com,Jospeh,Henderson,,772-270-1728,Winchester,United States,31383,Massachusetts,52 Glenview,1974-03-26,1345
crmid:7651292650,atlas2009@yandex.com,Jeffrey,Vaughan,,420-036-9244,Oregon,United States,66868,Texas,1323 Vesta,1995-10-12,2980
crmid:9461922925,abolished1802@live.com,Jarred,Hartman,,311-765-8311,Milwaukie,United States,78197,Maine,805 Omar,1991-12-04,1682
crmid:8715012495,semicultivated1992@live.com,Bradly,Miranda,male,210-307-9832,Wichita,United States,06828,Louisiana,211 Colleen,1932-01-20,1621
crmid:1971342595,alleged1822@yandex.com,Milford,Frost,male,846-239-1647,North Ridgeville,United States,03302,Washington,1221 Harold,1999-02-14,492
crmid:9906769837,giantpanda1939@gmail.com,Cory,Patrick,,454-075-0727,Kingsville,United States,89296,Wisconsin,325 Avenue B,1978-05-30,2928
crmid:8797021725,versatec1953@live.com,Patrina,Craft,female,960-327-0790,Commerce City,United States,44786,Pennsylvania,942 Capitol,1949-07-07,1711
crmid:2178746369,persuadingly1968@yandex.com,Eliz,Rasmussen,female,081-152-3065,Douglas,United States,77780,Alabama,230 Cora,1955-03-24,1393
crmid:9878535335,hydrome2010@live.com,Travis,Drake,,559-175-8522,La Quinta,United States,61585,Georgia,790 Tuscany,1979-10-06,745
crmid:2902637705,amalie1872@gmail.com,Roscoe,Mccray,,038-520-7573,Meriden,United States,65970,Vermont,1176 Spring Valley,1989-10-20,2250
crmid:6806170061,walies1846@live.com,Marty,Best,male,159-753-4817,Agawam,United States,34922,Illinois,1065 Cesar Chavez On,1930-07-03,1192
crmid:1454850852,unprematureness2060@yandex.com,Glenn,Lane,,862-070-1984,Forest Park,United States,78021,Rhode Island,421 Tara,1962-06-01,1968
crmid:9599110379,wingding1934@gmail.com,Salley,Zimmerman,female,643-385-5731,Sylvania,United States,14080,New York,775 Roscoe,1946-08-03,939
crmid:4927397410,gothish1885@outlook.com,Keith,Acevedo,female,859-773-2650,East Point,United States,90585,Oklahoma,1126 Taber,1957-05-01,626
crmid:1120835569,anthroxan1842@live.com,Nicky,Stevens,,423-108-6710,Yonkers,United States,32364,New York,1213 Capp,1977-10-08,1222
crmid:9751550763,skere1815@gmail.com,Harley,Grant,,647-787-6498,Placentia,United States,44073,Arizona,63 Tampa,1981-08-13,2613
crmid:8467189179,fenbank2029@live.com,George,Mccarthy,male,367-469-0520,Baton Rouge,United States,24436,Wisconsin,939 Turk Murphy,1936-04-19,1910
crmid:4927318504,coved2053@live.com,Katlyn,Watkins,female,184-789-9547,Chelsea,United States,23826,Arkansas,526 Saint Germain,1946-05-30,1644
crmid:8203599297,namelessly2038@yahoo.com,Keturah,Burks,female,367-806-3475,Northbrook,United States,92243,South Dakota,262 Nellie,1999-03-09,1044
crmid:1322376167,unsanctifying2023@yandex.com,Nelida,Mckee,female,224-104-0891,Corona,United States,38288,Iowa,536 Ver Mehr,1950-07-19,1913
crmid:9125448080,elsey2018@live.com,Bryan,Chaney,male,648-548-5824,Avon Lake,United States,04464,Michigan,784 Trinity,1935-02-06,956
crmid:4218820791,galactosis1832@gmail.com,Pedro,Gomez,male,315-681-7797,Nashua,United States,03307,New York,1029 Winston,1995-01-15,1396
crmid:1219004230,circadian1949@outlook.com,Reginald,Cummings,,137-160-2332,Ypsilanti,United States,21849,Texas,223 Lane,1966-04-05,2450
crmid:5264892317,simoniac2008@outlook.com,John,Hopkins,male,676-945-7306,Battle Ground,United States,35686,Wyoming,1221 Rose,1936-05-14,1122
crmid:8269495550,macrophyllous2033@live.com,Alva,Sargent,,608-637-3254,Placentia,United States,38738,Vermont,782 Aptos,1980-07-27,1158
crmid:4762185210,pantomime2046@gmail.com,Sina,Mays,female,614-741-0367,Colorado Springs,United States,40886,Illinois,969 Winn,1949-08-19,1516
crmid:3840986022,santalol1806@gmail.com,Isreal,Brown,male,997-046-7894,Bethlehem,United States,82850,New York,202 Charles J Brenham,1938-05-04,1770
crmid:6875173112,pellitories2043@outlook.com,Branden,Cabrera,,414-672-4819,Oakley,United States,47873,Wisconsin,260 Boutwell,1984-11-25,327
crmid:4641598830,mailbox1926@outlook.com,Jorge,Knight,,659-259-6429,Hagerstown,United States,90617,Massachusetts,1241 Stern Grove,1969-01-26,1765
crmid:7017051784,undefiniteness1978@gmail.com,Matt,Sandoval,,858-188-3739,Greer,United States,06786,Montana,716 Cedar,1968-02-22,878
crmid:8703680905,accidental1869@outlook.com,Pasquale,Hopper,,234-637-8054,Natchez,United States,32455,Florida,519 Benton,1995-07-07,2391
crmid:3123208307,popularise1879@gmail.com,Chris,Sharp,male,341-876-4785,Pine Bluff,United States,66900,South Carolina,527 Duboce,1937-02-27,2782
crmid:2574488071,unchoking1827@live.com,Jerrica,Webb,female,541-456-7470,Desert Hot Springs,United States,26677,Montana,996 Cosmo,1954-04-30,2824
crmid:5221215996,snidest2001@gmail.com,Perry,Cortez,male,747-175-7318,Tahlequah,United States,57040,Montana,922 Spring,1930-08-07,1306
crmid:5958536540,padauk1975@gmail.com,Nathan,Weaver,male,000-464-3499,Aurora,United States,41300,Alabama,416 Raleigh,1935-07-30,2447
crmid:8267501515,brutter2035@outlook.com,Quinton,Hatfield,,115-221-9481,Wichita,United States,54909,North Dakota,944 Danton,1998-08-11,1783
crmid:5455611325,fermentitious2023@outlook.com,Thomasena,Higgins,female,043-962-1057,Trotwood,United States,96845,Virginia,855 Carson,1956-09-14,2697
crmid:4924232274,poesy2045@yahoo.com,Blair,Acevedo,,548-602-9320,Taunton,United States,42080,Wisconsin,187 Jack Micheline,1989-11-09,946
crmid:1182012790,lobations1963@yandex.com,Lyle,Beck,male,601-766-9920,Bonita Springs,United States,31836,California,1323 Coral,1940-06-02,1341
crmid:9549225287,countersink2018@yahoo.com,Francis,Valdez,male,499-231-2868,Woodbury,United States,02724,New Mexico,1303 Sacramento,1935-04-29,2602
crmid:7928998778,proteose2062@gmail.com,Eusebio,Fleming,male,392-727-3129,Albertville,United States,92765,Maryland,943 Kennedy,1931-04-10,1687
crmid:1011077374,consciences1800@outlook.com,Sharleen,Lancaster,female,119-402-3423,Cooper City,United States,65559,Oklahoma,386 Acme,1950-10-27,478
crmid:6646454526,acclimatise1949@yandex.com,Dylan,Keith,,762-695-4561,Macomb,United States,38122,West Virginia,1223 Granville,1985-06-16,503
crmid:8312883038,dreaminess2029@gmail.com,Pablo,Cohen,,912-084-6909,Walnut,United States,42492,New Hampshire,343 Connecticut,1991-02-09,2972
crmid:8931008616,redout1995@yandex.com,Elwood,Walls,male,887-345-4886,Bountiful,United States,16238,Louisiana,909 Madrone,1940-03-30,1267
crmid:4726103706,aliens1923@outlook.com,Delmer,Holt,male,017-618-9697,Berkeley,United States,15201,Virginia,1334 Garcia,1938-03-14,1253
crmid:9349442304,powered1926@gmail.com,Ellan,Ray,female,026-380-3438,Spanish Fork,United States,27392,Alabama,426 Gellert,1958-03-24,1591
crmid:7809153458,appleton1930@yandex.com,Daryl,Wood,,150-025-7244,Lockport,United States,57375,Kansas,1160 Brighton,1983-10-24,2870
crmid:9518846663,geonoma2011@yahoo.com,Edwardo,Mercado,,211-622-1129,Lafayette,United States,27868,New Mexico,365 Irwin,1979-05-22,2104
crmid:4244362240,miffs1826@yahoo.com,Chance,Roy,,422-283-6627,Forest Lake,United States,67909,Wyoming,347 Liggett,1962-12-28,898
crmid:7558043845,verdi1857@yandex.com,Alonzo,Coleman,,665-606-8255,Rochester,United States,92102,Delaware,1372 Burke,1965-02-05,673
crmid:9717922704,ebenezer2000@yahoo.com,Austin,Guerrero,,911-843-2265,Marietta,United States,37312,California,1059 Ford,1987-05-16,1871
crmid:2966621882,earles1926@outlook.com,Philip,Stevenson,,809-353-9466,Irving,United States,91462,Arkansas,674 North Gate,1975-02-04,1701
crmid:1678186888,devious2017@yahoo.com,Robbie,Cooper,male,159-413-2921,Sulphur,United States,01178,Wyoming,952 Opalo,1930-08-07,1462
crmid:6462879862,algonquin2065@outlook.com,Rick,Dillon,,182-380-4356,Maywood,United States,02455,Georgia,496 Canyon,1988-01-10,2375
