id,crmid,propensity_account_upgrade,propensity_premium
09aadd77-7a34-11ea-a20f-b88a60e194fb,crmid:4429982108,9,8
09ac3d08-7a34-11ea-ab1c-b88a60e194fb,crmid:4429982108,4,2
09adeabc-7a34-11ea-8a9b-b88a60e194fb,crmid:4429982108,9,7
09af4a4b-7a34-11ea-85f7-b88a60e194fb,crmid:4429982108,2,6
09b11f0e-7a34-11ea-816d-b88a60e194fb,crmid:4429982108,9,8
09b40535-7a34-11ea-99c3-b88a60e194fb,crmid:4429982108,2,6
09b5d9df-7a34-11ea-a20a-b88a60e194fb,crmid:4429982108,1,2
09b7fccc-7a34-11ea-93e3-b88a60e194fb,crmid:4429982108,8,2
09ba950d-7a34-11ea-b9c8-b88a60e194fb,crmid:4429982108,4,2
09bc429e-7a34-11ea-a7b3-b88a60e194fb,crmid:4429982108,4,4
09bdc953-7a34-11ea-83e1-b88a60e194fb,crmid:4429982108,4,3
09bf9de5-7a34-11ea-9709-b88a60e194fb,crmid:4429982108,9,3
09c172c3-7a34-11ea-8b9d-b88a60e194fb,crmid:4429982108,4,8
09c2f943-7a34-11ea-a7b1-b88a60e194fb,crmid:4429982108,3,6
09c51c37-7a34-11ea-805f-b88a60e194fb,crmid:4429982108,2,2
09c73f00-7a34-11ea-bc08-b88a60e194fb,crmid:4429982108,2,9
09c9b05b-7a34-11ea-ad8d-b88a60e194fb,crmid:4429982108,5,4
09cb37f6-7a34-11ea-a6ce-b88a60e194fb,crmid:4429982108,3,6
09cd3287-7a34-11ea-aa25-b88a60e194fb,crmid:4429982108,4,8
09cf2e37-7a34-11ea-8aa9-b88a60e194fb,crmid:4429982108,2,7
09d08dcb-7a34-11ea-b10d-b88a60e194fb,crmid:4429982108,2,8
09d23b7b-7a34-11ea-b3d0-b88a60e194fb,crmid:4429982108,4,4
09d4374e-7a34-11ea-aff2-b88a60e194fb,crmid:4429982108,7,2
09d65a3f-7a34-11ea-a43d-b88a60e194fb,crmid:4429982108,3,3
09d82eda-7a34-11ea-a71d-b88a60e194fb,crmid:4429982108,7,7
09da03a8-7a34-11ea-b8f5-b88a60e194fb,crmid:4429982108,5,3
09dc4db4-7a34-11ea-81d8-b88a60e194fb,crmid:4429982108,4,9
09de22d4-7a34-11ea-88ee-b88a60e194fb,crmid:4429982108,8,7
09dfd034-7a34-11ea-a315-b88a60e194fb,crmid:4429982108,2,9
09e1cd53-7a34-11ea-9b30-b88a60e194fb,crmid:4429982108,6,8
09e37adb-7a34-11ea-b442-b88a60e194fb,crmid:4429982108,5,7
09e59c37-7a34-11ea-a9ee-b88a60e194fb,crmid:4429982108,3,2
09e8a987-7a34-11ea-9d28-b88a60e194fb,crmid:4429982108,1,3
09eb429f-7a34-11ea-8bb9-b88a60e194fb,crmid:4429982108,2,7
09ecc9d1-7a34-11ea-8feb-b88a60e194fb,crmid:4429982108,6,8
09ee76d3-7a34-11ea-a17a-b88a60e194fb,crmid:4429982108,8,2
09f071d2-7a34-11ea-924a-b88a60e194fb,crmid:4429982108,5,3
09f24651-7a34-11ea-8368-b88a60e194fb,crmid:4429982108,6,7
09f3a5df-7a34-11ea-ae04-b88a60e194fb,crmid:4429982108,4,8
09f5a1dc-7a34-11ea-921d-b88a60e194fb,crmid:4429982108,6,7
09f7ebb0-7a34-11ea-b48b-b88a60e194fb,crmid:4429982108,1,7
09fa359f-7a34-11ea-b8be-b88a60e194fb,crmid:4429982108,7,6
09fca6ae-7a34-11ea-9329-b88a60e194fb,crmid:4429982108,2,2
09fe0631-7a34-11ea-94ce-b88a60e194fb,crmid:4429982108,1,7
09ffdbee-7a34-11ea-965e-b88a60e194fb,crmid:4429982108,6,5
0a01fdca-7a34-11ea-be93-b88a60e194fb,crmid:4429982108,2,5
0a05321d-7a34-11ea-b320-b88a60e194fb,crmid:4429982108,4,8
0a072dea-7a34-11ea-95c5-b88a60e194fb,crmid:4429982108,2,8
0a090291-7a34-11ea-bed8-b88a60e194fb,crmid:4429982108,2,3
0a0b4cc7-7a34-11ea-8260-b88a60e194fb,crmid:4429982108,7,7
0a0cfa23-7a34-11ea-9f42-b88a60e194fb,crmid:4429982108,8,5
0a0ea7d3-7a34-11ea-b30d-b88a60e194fb,crmid:4429982108,3,3
0a102edb-7a34-11ea-b7e5-b88a60e194fb,crmid:4429982108,3,1
0a122a5d-7a34-11ea-8b26-b88a60e194fb,crmid:4429982108,2,7
0a13fefb-7a34-11ea-b44b-b88a60e194fb,crmid:4429982108,2,7
0a15d3cf-7a34-11ea-a8ae-b88a60e194fb,crmid:4429982108,4,3
0a175a65-7a34-11ea-8b17-b88a60e194fb,crmid:4429982108,8,7
0a19cb68-7a34-11ea-854d-b88a60e194fb,crmid:4429982108,8,8
0a1c636b-7a34-11ea-9588-b88a60e194fb,crmid:4429982108,3,4
0a1e864c-7a34-11ea-83fa-b88a60e194fb,crmid:4429982108,3,1
0a20a914-7a34-11ea-a1d9-b88a60e194fb,crmid:4429982108,6,2
0a222fbe-7a34-11ea-bfd8-b88a60e194fb,crmid:4429982108,7,2
0a24046f-7a34-11ea-95a3-b88a60e194fb,crmid:4429982108,1,3
0a25d929-7a34-11ea-9cf3-b88a60e194fb,crmid:4429982108,1,8
0a282324-7a34-11ea-a3c8-b88a60e194fb,crmid:4429982108,2,7
0a29f7e7-7a34-11ea-adff-b88a60e194fb,crmid:4429982108,4,9
0a2bccb1-7a34-11ea-bc44-b88a60e194fb,crmid:4429982108,5,7
0a2e16a0-7a34-11ea-8ca7-b88a60e194fb,crmid:4429982108,4,6
0a303970-7a34-11ea-bdc0-b88a60e194fb,crmid:4429982108,2,7
0a32352e-7a34-11ea-9ab4-b88a60e194fb,crmid:4429982108,9,8
0a33e2f8-7a34-11ea-b154-b88a60e194fb,crmid:4429982108,7,3
0a3605e8-7a34-11ea-a029-b88a60e194fb,crmid:4429982108,2,3
0a37dab1-7a34-11ea-8fdb-b88a60e194fb,crmid:4429982108,4,2
0a39885b-7a34-11ea-a505-b88a60e194fb,crmid:4429982108,9,3
0a3b0ee3-7a34-11ea-985c-b88a60e194fb,crmid:4429982108,2,3
0a3c95ad-7a34-11ea-9e0c-b88a60e194fb,crmid:4429982108,9,3
0a3e6a68-7a34-11ea-bb3c-b88a60e194fb,crmid:4429982108,9,2
0a3ff0f1-7a34-11ea-a72f-b88a60e194fb,crmid:4429982108,9,4
0a4213c0-7a34-11ea-bd39-b88a60e194fb,crmid:4429982108,6,8
0a43c177-7a34-11ea-91f7-b88a60e194fb,crmid:4429982108,7,3
0a45e43c-7a34-11ea-b5bf-b88a60e194fb,crmid:4429982108,2,4
0a47b8e6-7a34-11ea-ab6c-b88a60e194fb,crmid:4429982108,6,3
0a49b4b1-7a34-11ea-8de3-b88a60e194fb,crmid:4429982108,7,6
0a4bfec1-7a34-11ea-b6d0-b88a60e194fb,crmid:4429982108,4,7
0a4e6fc1-7a34-11ea-bf28-b88a60e194fb,crmid:4429982108,2,6
0a501d99-7a34-11ea-b049-b88a60e194fb,crmid:4429982108,1,7
0a51a429-7a34-11ea-96fa-b88a60e194fb,crmid:4429982108,3,3
0a532acc-7a34-11ea-80c4-b88a60e194fb,crmid:4429982108,4,6
0a548a5f-7a34-11ea-84c5-b88a60e194fb,crmid:4429982108,5,7
0a565f1b-7a34-11ea-8884-b88a60e194fb,crmid:4429982108,2,3
0a5833d3-7a34-11ea-9eee-b88a60e194fb,crmid:4429982108,1,3
0a5a7d81-7a34-11ea-bf1d-b88a60e194fb,crmid:4429982108,4,2
0a5c0417-7a34-11ea-8077-b88a60e194fb,crmid:4429982108,1,4
0a5d8ac1-7a34-11ea-8399-b88a60e194fb,crmid:4429982108,5,3
0a5f11f7-7a34-11ea-84b7-b88a60e194fb,crmid:4429982108,1,8
0a621ea9-7a34-11ea-98a6-b88a60e194fb,crmid:4429982108,4,3
0a64417a-7a34-11ea-aeb1-b88a60e194fb,crmid:4429982108,7,7
0a65a113-7a34-11ea-83a6-b88a60e194fb,crmid:4429982108,6,3
0a670093-7a34-11ea-b9cf-b88a60e194fb,crmid:4429982108,4,3
0a688733-7a34-11ea-91dc-b88a60e194fb,crmid:4429982108,9,9
0a6c57db-7a34-11ea-840e-b88a60e194fb,crmid:4429982108,8,2
0a6e2c93-7a34-11ea-83e6-b88a60e194fb,crmid:4429982108,2,1
0a6fda2b-7a34-11ea-8b4c-b88a60e194fb,crmid:4429982108,2,8
0a718819-7a34-11ea-b895-b88a60e194fb,crmid:4429982108,2,7
0a73f8ef-7a34-11ea-bb00-b88a60e194fb,crmid:4429982108,9,8
0a76df1d-7a34-11ea-a3b1-b88a60e194fb,crmid:4429982108,5,8
0a78db4e-7a34-11ea-a22c-b88a60e194fb,crmid:4429982108,5,7
0a7bc113-7a34-11ea-ae4a-b88a60e194fb,crmid:4429982108,8,7
0a7dbcdf-7a34-11ea-ad8a-b88a60e194fb,crmid:4429982108,6,7
0a8006f5-7a34-11ea-93a0-b88a60e194fb,crmid:4429982108,1,3
0a82c624-7a34-11ea-a2aa-b88a60e194fb,crmid:4429982108,5,5
0a8473af-7a34-11ea-98cf-b88a60e194fb,crmid:4429982108,5,8
0a86216e-7a34-11ea-b88c-b88a60e194fb,crmid:4429982108,9,2
0a881d2f-7a34-11ea-992c-b88a60e194fb,crmid:4429982108,1,8
0a8a6711-7a34-11ea-881b-b88a60e194fb,crmid:4429982108,2,3
0a8c62a8-7a34-11ea-9eb7-b88a60e194fb,crmid:4429982108,1,6
0a8e5e76-7a34-11ea-8578-b88a60e194fb,crmid:4429982108,1,9
0a90818e-7a34-11ea-8d48-b88a60e194fb,crmid:4429982108,2,3
0a925695-7a34-11ea-aad3-b88a60e194fb,crmid:4429982108,1,6
0a93dce3-7a34-11ea-ba89-b88a60e194fb,crmid:4429982108,1,3
0a964dc3-7a34-11ea-969f-b88a60e194fb,crmid:4429982108,9,7
0a98bec6-7a34-11ea-9f14-b88a60e194fb,crmid:4429982108,2,7
0a9ae19f-7a34-11ea-ba68-b88a60e194fb,crmid:4429982108,8,6
0a9cdd6c-7a34-11ea-8009-b88a60e194fb,crmid:4429982108,5,2
0a9e3cec-7a34-11ea-8a2e-b88a60e194fb,crmid:4429982108,4,7
0aa011b8-7a34-11ea-8af7-b88a60e194fb,crmid:4429982108,1,8
0aa25ba4-7a34-11ea-b5a2-b88a60e194fb,crmid:4429982108,1,6
0aa4305d-7a34-11ea-9112-b88a60e194fb,crmid:4429982108,8,3
0aa6c877-7a34-11ea-a293-b88a60e194fb,crmid:4429982108,3,1
0aa87620-7a34-11ea-ba21-b88a60e194fb,crmid:4429982108,7,2
0aaae711-7a34-11ea-a97c-b88a60e194fb,crmid:4429982108,4,2
0aada63a-7a34-11ea-859a-b88a60e194fb,crmid:4429982108,4,7
0aaf53d5-7a34-11ea-9f2e-b88a60e194fb,crmid:4429982108,1,7
0ab0da79-7a34-11ea-8a1b-b88a60e194fb,crmid:4429982108,9,7
0ab2af34-7a34-11ea-ba5a-b88a60e194fb,crmid:4429982108,3,3
0ab4f92e-7a34-11ea-a55e-b88a60e194fb,crmid:4429982108,9,1
0ab79191-7a34-11ea-8f08-b88a60e194fb,crmid:4429982108,1,8
0ab965ef-7a34-11ea-984f-b88a60e194fb,crmid:4429982108,2,3
0abb61ba-7a34-11ea-a2f4-b88a60e194fb,crmid:4429982108,4,8
0abcc145-7a34-11ea-93f3-b88a60e194fb,crmid:4429982108,3,7
0abe6efb-7a34-11ea-9be4-b88a60e194fb,crmid:4429982108,1,8
0ac043b0-7a34-11ea-92cc-b88a60e194fb,crmid:4429982108,6,9
0ac21871-7a34-11ea-9fe9-b88a60e194fb,crmid:4429982108,5,9
0ac4fea5-7a34-11ea-b4c1-b88a60e194fb,crmid:4429982108,8,3
0ac65e2d-7a34-11ea-918c-b88a60e194fb,crmid:4429982108,1,2
0ac7bdbc-7a34-11ea-b334-b88a60e194fb,crmid:4429982108,7,2
0aca2eca-7a34-11ea-949a-b88a60e194fb,crmid:4429982108,3,8
0acc2a8b-7a34-11ea-98a8-b88a60e194fb,crmid:4429982108,6,2
0ace4d5f-7a34-11ea-baac-b88a60e194fb,crmid:4429982108,6,7
0ad04975-7a34-11ea-bc47-b88a60e194fb,crmid:4429982108,4,8
0ad1f78a-7a34-11ea-ad68-b88a60e194fb,crmid:4429982108,4,8
0ad419e0-7a34-11ea-bf5a-b88a60e194fb,crmid:4429982108,2,8
0ad6ffed-7a34-11ea-9404-b88a60e194fb,crmid:4429982108,4,8
0ad8d49e-7a34-11ea-b069-b88a60e194fb,crmid:4429982108,7,5
0ada3437-7a34-11ea-af75-b88a60e194fb,crmid:4429982108,2,7
0adc08ef-7a34-11ea-9db7-b88a60e194fb,crmid:4429982108,4,4
0add687b-7a34-11ea-89c5-b88a60e194fb,crmid:4429982108,7,7
0adfb26c-7a34-11ea-9fc8-b88a60e194fb,crmid:4429982108,8,8
0ae1d57b-7a34-11ea-a789-b88a60e194fb,crmid:4429982108,8,8
0ae3356d-7a34-11ea-bbb3-b88a60e194fb,crmid:4429982108,9,2
0ae557a9-7a34-11ea-84d0-b88a60e194fb,crmid:4429982108,7,1
0ae7c8b1-7a34-11ea-95a0-b88a60e194fb,crmid:4429982108,2,6
0aea87d2-7a34-11ea-936b-b88a60e194fb,crmid:4429982108,1,4
0aecaab2-7a34-11ea-9013-b88a60e194fb,crmid:4429982108,7,9
0aee3147-7a34-11ea-a139-b88a60e194fb,crmid:4429982108,9,7
0aefdef9-7a34-11ea-a12c-b88a60e194fb,crmid:4429982108,7,4
0af201ef-7a34-11ea-a9d2-b88a60e194fb,crmid:4429982108,6,4
0af3d7c4-7a34-11ea-84c5-b88a60e194fb,crmid:4429982108,1,2
0af5d293-7a34-11ea-89ec-b88a60e194fb,crmid:4429982108,7,4
0af7ce4f-7a34-11ea-8fd2-b88a60e194fb,crmid:4429982108,1,3
0af9a2e3-7a34-11ea-b194-b88a60e194fb,crmid:4429982108,4,5
0afb9ec9-7a34-11ea-8111-b88a60e194fb,crmid:4429982108,3,5
0afe5ec3-7a34-11ea-90e9-b88a60e194fb,crmid:4429982108,2,4
0b0032a5-7a34-11ea-b3b7-b88a60e194fb,crmid:4429982108,6,3
0b016b19-7a34-11ea-b6f3-b88a60e194fb,crmid:4429982108,3,4
0b0318cb-7a34-11ea-976f-b88a60e194fb,crmid:4429982108,2,3
0b047875-7a34-11ea-adc5-b88a60e194fb,crmid:4429982108,8,7
0b05d7e9-7a34-11ea-aa96-b88a60e194fb,crmid:4429982108,4,7
0b0849a7-7a34-11ea-a31a-b88a60e194fb,crmid:4429982108,2,7
0b0a6d35-7a34-11ea-a7e8-b88a60e194fb,crmid:4429982108,7,7
0b0c6796-7a34-11ea-8043-b88a60e194fb,crmid:4429982108,1,5
0b0e8a61-7a34-11ea-b81b-b88a60e194fb,crmid:4429982108,3,3
0b0fe9ef-7a34-11ea-97bf-b88a60e194fb,crmid:4429982108,7,3
0b119799-7a34-11ea-b5ef-b88a60e194fb,crmid:4429982108,5,3
0b134547-7a34-11ea-bd8a-b88a60e194fb,crmid:4429982108,4,1
0b15b64f-7a34-11ea-a628-b88a60e194fb,crmid:4429982108,1,9
0b18275d-7a34-11ea-8651-b88a60e194fb,crmid:4429982108,1,4
0b1a4a27-7a34-11ea-b1b8-b88a60e194fb,crmid:4429982108,2,3
0b1ce249-7a34-11ea-b5c5-b88a60e194fb,crmid:4429982108,1,5
0b1f050a-7a34-11ea-a443-b88a60e194fb,crmid:4429982108,2,8
0b21c41f-7a34-11ea-a7f8-b88a60e194fb,crmid:4429982108,5,7
0b23bff0-7a34-11ea-b394-b88a60e194fb,crmid:4429982108,2,7
0b25bbc7-7a34-11ea-9ba9-b88a60e194fb,crmid:4429982108,3,4
0b279083-7a34-11ea-971c-b88a60e194fb,crmid:4429982108,4,4
0b2a4fab-7a34-11ea-a47c-b88a60e194fb,crmid:4429982108,8,8
0b2bfd63-7a34-11ea-86b8-b88a60e194fb,crmid:4429982108,8,8
0b2e6e6f-7a34-11ea-8148-b88a60e194fb,crmid:4429982108,5,2
0b30913d-7a34-11ea-bf1d-b88a60e194fb,crmid:4429982108,4,7
0b3217db-7a34-11ea-a609-b88a60e194fb,crmid:4429982108,2,7
0b33ec9e-7a34-11ea-b3ae-b88a60e194fb,crmid:4429982108,6,1
