id,transactionID,crmid,timestamp,orderType,transactionSKU,transactionName,transactionType,transactionOwnership,transactionAction,transactionMethod,transactionAmount,transactionFlag
77b524f4-914b-11ea-9445-b88a60e194fb,transactionid:446978,crmid:2833891915,2020-03-30T11:34:52.000Z,transaction - broker,prd1148,Mortgage: 10/1 ARM,Mortgage,Personal,credit,mobile,2243.4,1
77b70d3e-914b-11ea-a9ed-b88a60e194fb,transactionid:600040,crmid:9853454352,2020-03-27T12:33:24.000Z,transaction - broker,prd1090,Business Checking,Checking,Business,credit,call center,2519.72,1
77b8f414-914b-11ea-ae2a-b88a60e194fb,transactionid:885214,crmid:7667064783,2020-03-28T16:50:44.000Z,transaction - broker,prd1088,CDs: 1 year,Investment,Personal,credit,call center,3385.29,1
77ba8eb6-914b-11ea-abc1-b88a60e194fb,transactionid:232003,crmid:8464871273,2020-03-22T11:21:05.000Z,transaction - broker,prd1196,Dividend Card,Credit Card,Personal,credit,mobile,2965.17,1
77bbede2-914b-11ea-9164-b88a60e194fb,transactionid:398510,crmid:4684720634,2020-03-29T15:36:31.000Z,transaction - broker,prd1194,Preferred Checking,Checking,Personal,credit,mobile,4628.21,1
77bd4eba-914b-11ea-81a6-b88a60e194fb,transactionid:329500,crmid:2009232330,2020-03-28T02:47:42.000Z,transaction - broker,prd1001,Personal Loan,Loan,Personal,credit,call center,2460.23,1
77be9968-914b-11ea-ad29-b88a60e194fb,transactionid:199383,crmid:6818878519,2020-03-30T04:35:51.000Z,transaction - broker,prd1024,Mortgage: FHA,Mortgage,Personal,credit,ATM,2204.57,1
77c0201c-914b-11ea-8f2a-b88a60e194fb,transactionid:572302,crmid:9443525114,2020-03-17T23:06:03.000Z,transaction - broker,prd1005,Everyday Savings,Savings,Personal,credit,branch,465840.68,1
77c16d54-914b-11ea-92c7-b88a60e194fb,transactionid:417214,crmid:9058557764,2020-03-24T20:46:24.000Z,transaction - broker,prd1182,Brokerage Account,Investment,Personal,debt,broker,256338.19,1
77c29212-914b-11ea-9d64-b88a60e194fb,transactionid:451208,crmid:8666440162,2020-03-27T10:28:38.000Z,transaction - broker,prd1094,Preferred Checking,Checking,Personal,credit,mobile,2978.51,1
77c3ca7a-914b-11ea-8cdc-b88a60e194fb,transactionid:377098,crmid:2823082718,2020-03-15T06:54:25.000Z,transaction - broker,prd1187,Business Savings,Savings,Business,credit,call center,354416.85,1
77c516ac-914b-11ea-84be-b88a60e194fb,transactionid:782864,crmid:3845801890,2020-03-28T15:07:47.000Z,transaction - broker,prd1033,Fixed Deposit,Investment,Personal,credit,broker,2600.14,1
77c66298-914b-11ea-abf0-b88a60e194fb,transactionid:441801,crmid:9645057840,2020-03-27T08:59:23.000Z,transaction - broker,prd1093,Money Market Savings,Savings,Personal,credit,call center,3001.8,1
77c78798-914b-11ea-b0e6-b88a60e194fb,transactionid:717711,crmid:4773791540,2020-03-29T02:20:06.000Z,transaction - broker,prd1158,Preferred Checking,Checking,Personal,credit,branch,3615.86,1
77c90d10-914b-11ea-8cba-b88a60e194fb,transactionid:849733,crmid:6897840669,2020-03-19T12:51:43.000Z,transaction - broker,prd1125,Mortgage: FHA,Mortgage,Personal,credit,ATM,3557.26,1
77ca590c-914b-11ea-80f3-b88a60e194fb,transactionid:230869,crmid:4103933173,2020-03-31T10:33:32.000Z,transaction - broker,prd1091,Critical Illness Insurance,Insurance,Personal,credit,ATM,470976.09,1
77cbcc24-914b-11ea-940b-b88a60e194fb,transactionid:306317,crmid:5329469115,2020-03-28T14:37:55.000Z,transaction - broker,prd1039,Dividend Card,Credit Card,Personal,credit,ATM,3348.15,1
77cd2bdc-914b-11ea-9346-b88a60e194fb,transactionid:341173,crmid:8386132809,2020-03-26T08:47:13.000Z,transaction - broker,prd1089,Business Card,Credit Card,Business,credit,mobile,3358.6,1
77cec74c-914b-11ea-adb5-b88a60e194fb,transactionid:877093,crmid:2041011165,2020-03-18T20:57:12.000Z,transaction - broker,prd1062,Mortgage: VA,Mortgage,Personal,close,broker,473897.74,1
77cffe82-914b-11ea-bf33-b88a60e194fb,transactionid:878066,crmid:1837601920,2020-03-16T12:15:13.000Z,transaction - broker,prd1010,529 College Savings,College Savings,Personal,credit,mobile,4029.99,1
77d15dfa-914b-11ea-87e0-b88a60e194fb,transactionid:254498,crmid:1499498496,2020-03-31T10:05:36.000Z,transaction - broker,prd1122,Merchant Services Account,Merchant Services,Business,credit,branch,3311.86,1
77d29780-914b-11ea-a991-b88a60e194fb,transactionid:211008,crmid:4588069443,2020-03-21T08:44:10.000Z,transaction - broker,prd1174,Traditional IRA,Retirement,Personal,credit,call center,305246.09,1
77d3cef4-914b-11ea-bf98-b88a60e194fb,transactionid:569493,crmid:7910870796,2020-03-18T10:49:54.000Z,transaction - broker,prd1028,CDs: 1 year,Investment,Personal,debt,broker,4474.65,1
77d52e8c-914b-11ea-9992-b88a60e194fb,transactionid:221383,crmid:3917354750,2020-03-29T05:06:13.000Z,transaction - broker,prd1164,Student Card,Credit Card,Personal,credit,broker,3011.99,1
77d65470-914b-11ea-8fe7-b88a60e194fb,transactionid:222739,crmid:7769230299,2020-03-31T05:06:35.000Z,transaction - broker,prd1071,Critical Illness Insurance,Insurance,Personal,close,mobile,2531.22,1
77d7c79a-914b-11ea-90b9-b88a60e194fb,transactionid:303304,crmid:5935306551,2020-03-16T14:13:05.000Z,transaction - broker,prd1073,Business Brokerage Account,Investment,Business,credit,call center,2209.7,1
77d9274c-914b-11ea-b45c-b88a60e194fb,transactionid:668333,crmid:2031732528,2020-03-24T12:02:48.000Z,transaction - broker,prd1190,Premium Checking,Checking,Personal,credit,branch,384994.95,1
77da5f9a-914b-11ea-ad5b-b88a60e194fb,transactionid:682170,crmid:9683282733,2020-03-27T09:54:07.000Z,transaction - broker,prd1124,CDs: 5 year,Investment,Personal,credit,broker,3378.11,1
77dc1fb8-914b-11ea-96d5-b88a60e194fb,transactionid:571954,crmid:7682595330,2020-03-25T19:20:20.000Z,transaction - broker,prd1185,Mortgage: FHA,Mortgage,Personal,credit,broker,1404.56,1
77dd9362-914b-11ea-a3cc-b88a60e194fb,transactionid:354666,crmid:4648870102,2020-03-25T22:29:08.000Z,transaction - broker,prd1195,Student Card,Credit Card,Personal,debt,ATM,3541.06,1
77def3de-914b-11ea-bf76-b88a60e194fb,transactionid:968967,crmid:8711153355,2020-03-26T02:22:32.000Z,transaction - broker,prd1179,Business Brokerage Account,Investment,Business,credit,mobile,3113.53,1
77e02b8c-914b-11ea-a8a8-b88a60e194fb,transactionid:595238,crmid:4322741524,2020-03-30T09:18:44.000Z,transaction - broker,prd1049,Business Brokerage Account,Investment,Business,credit,ATM,3047.8,1
77e19e1a-914b-11ea-8601-b88a60e194fb,transactionid:746522,crmid:1702308346,2020-03-28T19:23:50.000Z,transaction - broker,prd1197,Business Card,Credit Card,Business,credit,broker,3375.55,1
77e2eb88-914b-11ea-a1ee-b88a60e194fb,transactionid:783434,crmid:9651978946,2020-03-15T04:39:07.000Z,transaction - broker,prd1082,Mortgage Insurance,Insurance,Personal,credit,call center,3166.78,1
77e470ba-914b-11ea-ab52-b88a60e194fb,transactionid:536071,crmid:5487505935,2020-03-25T18:42:56.000Z,transaction - broker,prd1140,Travel Card,Credit Card,Personal,debt,call center,2583.9,1
77e5e534-914b-11ea-8b75-b88a60e194fb,transactionid:980433,crmid:4957125147,2020-03-23T20:20:00.000Z,transaction - broker,prd1010,529 College Savings,College Savings,Personal,credit,ATM,2524.71,1
77e71d9e-914b-11ea-838d-b88a60e194fb,transactionid:854689,crmid:7942680473,2020-03-31T08:49:16.000Z,transaction - broker,prd1130,Money Market Savings,Savings,Personal,credit,ATM,3047.31,1
77e87d34-914b-11ea-92aa-b88a60e194fb,transactionid:625248,crmid:4474805884,2020-03-26T19:15:21.000Z,transaction - broker,prd1015,Auto Loan,Loan,Personal,credit,call center,2686.1,1
77e9b466-914b-11ea-a1ee-b88a60e194fb,transactionid:740084,crmid:7422032918,2020-03-23T10:37:38.000Z,transaction - broker,prd1011,Rewards Savings,Savings,Personal,credit,broker,3211.95,1
77ebd740-914b-11ea-93d1-b88a60e194fb,transactionid:977232,crmid:2732444578,2020-03-25T13:18:07.000Z,transaction - broker,prd1163,Rewards Savings,Savings,Personal,credit,ATM,3361.36,1
77ed2348-914b-11ea-b477-b88a60e194fb,transactionid:907622,crmid:1225117207,2020-03-28T15:02:06.000Z,transaction - broker,prd1110,Traditional IRA,Retirement,Personal,credit,branch,3062.63,1
77ee483a-914b-11ea-9646-b88a60e194fb,transactionid:484550,crmid:5756451534,2020-03-29T17:06:01.000Z,transaction - broker,prd1152,Health Savings,Savings,Personal,credit,mobile,3736.84,1
77f00958-914b-11ea-9a94-b88a60e194fb,transactionid:359240,crmid:8942539555,2020-03-16T15:27:23.000Z,transaction - broker,prd1128,High Interest Savings,Savings,Personal,credit,call center,3602.67,1
77f1a4da-914b-11ea-8c74-b88a60e194fb,transactionid:713854,crmid:7033659688,2020-03-16T02:27:48.000Z,transaction - broker,prd1084,Student Savings,Savings,Personal,debt,call center,563031.54,1
77f2c9d4-914b-11ea-96ae-b88a60e194fb,transactionid:588454,crmid:4937217173,2020-03-15T10:52:12.000Z,transaction - broker,prd1192,Money Market Savings,Savings,Personal,credit,mobile,369040.84,1
77f42930-914b-11ea-afbc-b88a60e194fb,transactionid:866614,crmid:7496446249,2020-03-26T00:37:50.000Z,transaction - broker,prd1146,529 College Savings,College Savings,Personal,credit,call center,4400.92,1
77f57430-914b-11ea-893c-b88a60e194fb,transactionid:124569,crmid:1797300529,2020-03-16T07:10:40.000Z,transaction - broker,prd1002,Platinum Card,Credit Card,Personal,credit,call center,2076.31,1
77f6adf6-914b-11ea-a106-b88a60e194fb,transactionid:221225,crmid:5820786301,2020-03-30T09:36:26.000Z,transaction - broker,prd1063,High Interest Savings,Savings,Personal,credit,call center,3377.25,1
77f80d74-914b-11ea-a70b-b88a60e194fb,transactionid:354319,crmid:1834818223,2020-03-21T08:18:24.000Z,transaction - broker,prd1137,Business Checking,Checking,Business,credit,mobile,3146.11,1
77f9a79a-914b-11ea-8095-b88a60e194fb,transactionid:344726,crmid:3724988686,2020-03-25T04:48:27.000Z,transaction - broker,prd1053,Mortgage: VA,Mortgage,Personal,credit,broker,2245.36,1
77fb2e36-914b-11ea-8fbe-b88a60e194fb,transactionid:314728,crmid:4130574765,2020-03-26T21:29:17.000Z,transaction - broker,prd1010,529 College Savings,College Savings,Personal,credit,call center,2730.41,1
77fcdbe8-914b-11ea-932c-b88a60e194fb,transactionid:637343,crmid:1196598259,2020-03-28T17:32:47.000Z,transaction - broker,prd1167,Roth IRA,Retirement,Personal,credit,mobile,3541.44,1
77fe3b6e-914b-11ea-98ff-b88a60e194fb,transactionid:675389,crmid:5506340449,2020-03-18T10:14:09.000Z,transaction - broker,prd1191,Merchant Services Account,Merchant Services,Business,close,broker,3649.95,1
77ffc212-914b-11ea-825e-b88a60e194fb,transactionid:849107,crmid:7845885889,2020-03-23T09:27:59.000Z,transaction - broker,prd1103,Business Card,Credit Card,Business,credit,call center,2315.55,1
78010e36-914b-11ea-b024-b88a60e194fb,transactionid:243559,crmid:5538913111,2020-03-18T22:43:32.000Z,transaction - broker,prd1195,Student Card,Credit Card,Personal,credit,ATM,2593.69,1
780294e2-914b-11ea-bff8-b88a60e194fb,transactionid:841890,crmid:6357326621,2020-03-19T17:29:51.000Z,transaction - broker,prd1078,Mortgage: 7/1 ARM,Mortgage,Personal,credit,ATM,2599.89,1
78042d6e-914b-11ea-9027-b88a60e194fb,transactionid:575607,crmid:4188947315,2020-03-22T12:01:44.000Z,transaction - broker,prd1145,Everyday Checking,Checking,Personal,credit,mobile,3785.14,1
78058cf0-914b-11ea-9a78-b88a60e194fb,transactionid:788670,crmid:5475220473,2020-03-17T09:45:50.000Z,transaction - broker,prd1113,Personal Loan,Loan,Personal,debt,mobile,4288.28,1
78073ad2-914b-11ea-ac08-b88a60e194fb,transactionid:605962,crmid:2639061834,2020-03-18T10:40:17.000Z,transaction - broker,prd1172,Employee Stock Purchase Plans,Investment,Personal,credit,broker,3354.94,1
78089be4-914b-11ea-8adb-b88a60e194fb,transactionid:105702,crmid:4131812896,2020-03-31T07:30:47.000Z,transaction - broker,prd1043,Business Savings,Savings,Business,credit,broker,3260.82,1
780a4966-914b-11ea-aa27-b88a60e194fb,transactionid:434347,crmid:6184105023,2020-03-30T22:57:36.000Z,transaction - broker,prd1191,Merchant Services Account,Merchant Services,Business,credit,call center,2162.98,1
780ba79e-914b-11ea-89e5-b88a60e194fb,transactionid:794885,crmid:3676340261,2020-03-23T02:30:44.000Z,transaction - broker,prd1051,Personal Loan,Loan,Personal,credit,ATM,2941.21,1
780cf3a4-914b-11ea-97f2-b88a60e194fb,transactionid:628294,crmid:8726245515,2020-03-28T09:14:00.000Z,transaction - broker,prd1044,Rewards Card,Credit Card,Personal,credit,broker,3061.69,1
780e7a36-914b-11ea-9031-b88a60e194fb,transactionid:976668,crmid:7552351244,2020-03-30T15:26:03.000Z,transaction - broker,prd1184,Fixed Deposit,Investment,Personal,credit,call center,2355.7,1
780fc792-914b-11ea-a1f0-b88a60e194fb,transactionid:471683,crmid:8949534618,2020-03-17T10:47:22.000Z,transaction - broker,prd1148,Mortgage: 10/1 ARM,Mortgage,Personal,credit,mobile,3266.59,1
7811123a-914b-11ea-882e-b88a60e194fb,transactionid:778950,crmid:1660411627,2020-03-17T20:00:14.000Z,transaction - broker,prd1118,Simplicity Card,Credit Card,Personal,credit,call center,3123.05,1
7812854c-914b-11ea-a5bf-b88a60e194fb,transactionid:363471,crmid:5196069798,2020-03-26T16:07:17.000Z,transaction - broker,prd1007,Health Savings,Savings,Personal,credit,call center,2455.9,1
7813abb4-914b-11ea-a1a8-b88a60e194fb,transactionid:878650,crmid:4420529674,2020-03-28T14:55:00.000Z,transaction - broker,prd1109,Dividend Card,Credit Card,Personal,credit,branch,3112.83,1
7814f6ba-914b-11ea-8963-b88a60e194fb,transactionid:480750,crmid:4669069764,2020-03-31T20:22:12.000Z,transaction - broker,prd1007,Health Savings,Savings,Personal,credit,call center,419924.86,1
7816def8-914b-11ea-a592-b88a60e194fb,transactionid:604620,crmid:4585492470,2020-03-26T10:29:45.000Z,transaction - broker,prd1039,Dividend Card,Credit Card,Personal,credit,branch,2547.59,1
7818519e-914b-11ea-9850-b88a60e194fb,transactionid:147897,crmid:1001869424,2020-03-23T15:13:22.000Z,transaction - broker,prd1178,Everyday Savings,Savings,Personal,credit,call center,2792.5,1
781a0066-914b-11ea-9ba5-b88a60e194fb,transactionid:994617,crmid:8971076355,2020-03-18T10:41:09.000Z,transaction - broker,prd1105,Homeowner's Insurance,Insurance,Personal,credit,call center,2649.99,1
781b38c0-914b-11ea-bcb1-b88a60e194fb,transactionid:228096,crmid:2923092400,2020-03-31T05:12:41.000Z,transaction - broker,prd1090,Business Checking,Checking,Business,credit,mobile,366333.92,1
781c83d8-914b-11ea-b616-b88a60e194fb,transactionid:654457,crmid:2934309972,2020-03-28T03:06:11.000Z,transaction - broker,prd1037,Home Equity Loan,Mortgage,Personal,credit,broker,472301.25,1
781dcfd0-914b-11ea-869f-b88a60e194fb,transactionid:765697,crmid:5702567714,2020-03-27T11:09:27.000Z,transaction - broker,prd1132,Rewards Savings,Savings,Personal,credit,ATM,2445.83,1
781f43fa-914b-11ea-809d-b88a60e194fb,transactionid:269526,crmid:6394360486,2020-03-30T13:07:35.000Z,transaction - broker,prd1038,Dividend Card,Credit Card,Personal,credit,call center,1957.25,1
78208f78-914b-11ea-a845-b88a60e194fb,transactionid:302307,crmid:5731561133,2020-03-18T18:08:25.000Z,transaction - broker,prd1042,Roth IRA,Retirement,Personal,credit,call center,364814.59,1
7822158c-914b-11ea-a43a-b88a60e194fb,transactionid:304933,crmid:3582400797,2020-03-23T09:37:37.000Z,transaction - broker,prd1123,Mortgage: 10 yr Fixed,Mortgage,Personal,credit,call center,3156.54,1
782362e6-914b-11ea-b5f2-b88a60e194fb,transactionid:955120,crmid:8804209546,2020-03-18T00:55:43.000Z,transaction - broker,prd1173,Money Market,Investment,Personal,credit,ATM,4484.56,1
7824fba8-914b-11ea-acd8-b88a60e194fb,transactionid:412421,crmid:5652312854,2020-03-26T19:27:15.000Z,transaction - broker,prd1076,Student Savings,Savings,Personal,credit,ATM,4278.48,1
78267028-914b-11ea-81dc-b88a60e194fb,transactionid:528367,crmid:1141265553,2020-03-28T19:49:48.000Z,transaction - broker,prd1074,Premium Checking,Checking,Personal,debt,branch,3126.79,1
782843b0-914b-11ea-a4c5-b88a60e194fb,transactionid:905715,crmid:3181377560,2020-03-23T08:30:32.000Z,transaction - broker,prd1048,Business Loan,Loan,Business,credit,broker,3963.79,1
7829ca3a-914b-11ea-b8dd-b88a60e194fb,transactionid:367998,crmid:1010863039,2020-03-19T13:52:06.000Z,transaction - broker,prd1095,529 College Savings,College Savings,Personal,credit,broker,460728.96,1
782b50d2-914b-11ea-858b-b88a60e194fb,transactionid:888057,crmid:9419525932,2020-03-17T09:27:00.000Z,transaction - broker,prd1090,Business Checking,Checking,Business,close,ATM,1649.51,1
782cb03e-914b-11ea-8e8d-b88a60e194fb,transactionid:502604,crmid:2229530979,2020-03-28T11:52:44.000Z,transaction - broker,prd1196,Dividend Card,Credit Card,Personal,credit,call center,3824.8,1
782e4a86-914b-11ea-9c4e-b88a60e194fb,transactionid:667201,crmid:1323188996,2020-03-23T11:23:00.000Z,transaction - broker,prd1008,Traditional IRA,Retirement,Personal,credit,ATM,3279.51,1
783032c2-914b-11ea-b53e-b88a60e194fb,transactionid:659415,crmid:6662670468,2020-03-27T16:22:46.000Z,transaction - broker,prd1118,Simplicity Card,Credit Card,Personal,credit,mobile,3878.87,1
783269e8-914b-11ea-85fe-b88a60e194fb,transactionid:922923,crmid:9982044430,2020-03-28T06:38:22.000Z,transaction - broker,prd1043,Business Savings,Savings,Business,credit,mobile,2992.31,1
78342a74-914b-11ea-ae5d-b88a60e194fb,transactionid:393244,crmid:1869707459,2020-03-21T09:25:09.000Z,transaction - broker,prd1077,Roth IRA,Retirement,Personal,credit,call center,2207.36,1
783562e8-914b-11ea-a300-b88a60e194fb,transactionid:363560,crmid:2909983944,2020-03-18T11:32:10.000Z,transaction - broker,prd1040,High Interest Savings,Savings,Personal,credit,ATM,379955.9,1
7836fd1c-914b-11ea-a9f4-b88a60e194fb,transactionid:915263,crmid:3646735392,2020-03-21T05:19:35.000Z,transaction - broker,prd1141,Premium Checking,Checking,Personal,credit,mobile,3751.05,1
7838700c-914b-11ea-bd09-b88a60e194fb,transactionid:167029,crmid:3759767430,2020-03-25T19:19:34.000Z,transaction - broker,prd1161,Business Checking,Checking,Business,credit,ATM,2983.9,1
783c7b48-914b-11ea-8728-b88a60e194fb,transactionid:923445,crmid:5416652814,2020-03-16T18:52:29.000Z,transaction - broker,prd1083,Pension Account,Retirement,Personal,credit,ATM,3966.67,1
783dee2e-914b-11ea-87c4-b88a60e194fb,transactionid:687131,crmid:2256769199,2020-03-25T14:38:58.000Z,transaction - broker,prd1197,Business Card,Credit Card,Business,credit,mobile,2774.27,1
783f1326-914b-11ea-956c-b88a60e194fb,transactionid:820898,crmid:4697668628,2020-03-15T06:03:17.000Z,transaction - broker,prd1076,Student Savings,Savings,Personal,credit,mobile,2223.76,1
78409b10-914b-11ea-a724-b88a60e194fb,transactionid:142311,crmid:5408535569,2020-03-20T02:23:49.000Z,transaction - broker,prd1193,Renter's Insurance,Insurance,Personal,credit,mobile,3980.67,1
78422066-914b-11ea-a6c8-b88a60e194fb,transactionid:670979,crmid:6484940616,2020-03-25T04:16:42.000Z,transaction - broker,prd1084,Student Savings,Savings,Personal,close,mobile,2319.0,1
78437ffa-914b-11ea-884d-b88a60e194fb,transactionid:759351,crmid:9559264414,2020-03-31T16:43:31.000Z,transaction - broker,prd1122,Merchant Services Account,Merchant Services,Business,credit,ATM,609841.63,1
78451a28-914b-11ea-8d59-b88a60e194fb,transactionid:560670,crmid:9443862654,2020-03-28T23:27:33.000Z,transaction - broker,prd1167,Roth IRA,Retirement,Personal,credit,mobile,1820.64,1
784715e2-914b-11ea-a2f3-b88a60e194fb,transactionid:460315,crmid:6496278599,2020-03-31T05:46:14.000Z,transaction - broker,prd1126,Merchant Services Account,Merchant Services,Business,credit,mobile,2228.43,1
784911b8-914b-11ea-abce-b88a60e194fb,transactionid:839214,crmid:1547682669,2020-03-15T22:54:44.000Z,transaction - broker,prd1167,Roth IRA,Retirement,Personal,credit,call center,408178.34,1
784c0b8a-914b-11ea-8b7d-b88a60e194fb,transactionid:437329,crmid:6275361008,2020-03-20T17:56:24.000Z,transaction - broker,prd1054,Personal Loan,Loan,Personal,credit,ATM,2119.98,1
784e7c74-914b-11ea-a3db-b88a60e194fb,transactionid:635413,crmid:1284824088,2020-03-26T08:08:13.000Z,transaction - broker,prd1175,401k,Retirement,Personal,close,branch,321622.95,1
7850b2d8-914b-11ea-a39e-b88a60e194fb,transactionid:989559,crmid:8224668531,2020-03-19T01:58:36.000Z,transaction - broker,prd1180,529 College Savings,College Savings,Personal,credit,call center,2940.2,1
78523968-914b-11ea-bdee-b88a60e194fb,transactionid:413625,crmid:1340466121,2020-03-30T16:42:19.000Z,transaction - broker,prd1028,CDs: 1 year,Investment,Personal,credit,broker,3543.67,1
7853bff6-914b-11ea-99de-b88a60e194fb,transactionid:917153,crmid:4224574902,2020-03-23T22:39:06.000Z,transaction - broker,prd1015,Auto Loan,Loan,Personal,close,call center,4015.43,1
78551f9a-914b-11ea-bf5c-b88a60e194fb,transactionid:645871,crmid:8808167810,2020-03-25T23:51:15.000Z,transaction - broker,prd1047,Mortgage: 10 yr Fixed,Mortgage,Personal,debt,mobile,3236.48,1
785707e8-914b-11ea-9187-b88a60e194fb,transactionid:461169,crmid:8763337846,2020-03-23T22:12:44.000Z,transaction - broker,prd1122,Merchant Services Account,Merchant Services,Business,close,call center,2816.13,1
7858c912-914b-11ea-926f-b88a60e194fb,transactionid:531617,crmid:3139221599,2020-03-29T03:41:06.000Z,transaction - broker,prd1111,Pension Account,Retirement,Personal,credit,broker,1368.51,1
785ab168-914b-11ea-bea5-b88a60e194fb,transactionid:172418,crmid:1351533089,2020-03-25T00:31:04.000Z,transaction - broker,prd1133,High Interest Savings,Savings,Personal,credit,call center,3485.64,1
785cc0ac-914b-11ea-ad1d-b88a60e194fb,transactionid:598955,crmid:1508013681,2020-03-18T23:40:10.000Z,transaction - broker,prd1068,Mortgage: 7/1 ARM,Mortgage,Personal,debt,broker,311619.18,1
785e204c-914b-11ea-9c1f-b88a60e194fb,transactionid:973317,crmid:1681086869,2020-03-28T18:33:21.000Z,transaction - broker,prd1007,Health Savings,Savings,Personal,credit,call center,3229.06,1
785f7fb4-914b-11ea-8a31-b88a60e194fb,transactionid:490472,crmid:3977830454,2020-03-21T19:58:35.000Z,transaction - broker,prd1095,529 College Savings,College Savings,Personal,debt,call center,1686.66,1
78611a06-914b-11ea-aa00-b88a60e194fb,transactionid:739928,crmid:5495951374,2020-03-26T17:04:50.000Z,transaction - broker,prd1030,401k,Retirement,Personal,credit,mobile,3506.28,1
78628d00-914b-11ea-bdfc-b88a60e194fb,transactionid:365925,crmid:7487093937,2020-03-24T21:06:10.000Z,transaction - broker,prd1120,Mortgage: 10/1 ARM,Mortgage,Personal,credit,call center,2448.42,1
78642724-914b-11ea-a4ba-b88a60e194fb,transactionid:328542,crmid:5664465592,2020-03-20T01:59:46.000Z,transaction - broker,prd1185,Mortgage: FHA,Mortgage,Personal,credit,ATM,2731.87,1
786586a6-914b-11ea-9e2a-b88a60e194fb,transactionid:225810,crmid:8401155595,2020-03-19T10:30:15.000Z,transaction - broker,prd1110,Traditional IRA,Retirement,Personal,credit,ATM,3266.65,1
786720cc-914b-11ea-904c-b88a60e194fb,transactionid:247490,crmid:2684957368,2020-03-31T15:10:27.000Z,transaction - broker,prd1001,Personal Loan,Loan,Personal,credit,call center,3152.04,1
7868a762-914b-11ea-87cf-b88a60e194fb,transactionid:788256,crmid:5195370673,2020-03-27T00:53:48.000Z,transaction - broker,prd1093,Money Market Savings,Savings,Personal,credit,mobile,2714.0,1
7869dfe8-914b-11ea-9458-b88a60e194fb,transactionid:560645,crmid:5654067945,2020-03-20T16:42:34.000Z,transaction - broker,prd1035,Pension Account,Retirement,Personal,credit,call center,2616.51,1
786d75e8-914b-11ea-a77c-b88a60e194fb,transactionid:397421,crmid:4811354336,2020-03-24T12:44:44.000Z,transaction - broker,prd1109,Dividend Card,Credit Card,Personal,credit,mobile,3794.06,1
786ec1e4-914b-11ea-aca2-b88a60e194fb,transactionid:592314,crmid:6838630071,2020-03-18T11:34:35.000Z,transaction - broker,prd1028,CDs: 1 year,Investment,Personal,credit,call center,3402.79,1
78705d50-914b-11ea-8624-b88a60e194fb,transactionid:302644,crmid:2648877136,2020-03-24T09:39:18.000Z,transaction - broker,prd1148,Mortgage: 10/1 ARM,Mortgage,Personal,credit,branch,3805.05,1
7871e436-914b-11ea-af7b-b88a60e194fb,transactionid:977943,crmid:8168107422,2020-03-26T09:22:22.000Z,transaction - broker,prd1103,Business Card,Credit Card,Business,credit,call center,3276.16,1
78733038-914b-11ea-83bf-b88a60e194fb,transactionid:298309,crmid:7741285081,2020-03-20T02:52:02.000Z,transaction - broker,prd1056,CDs: 5 year,Investment,Personal,credit,ATM,4040.96,1
7874a20c-914b-11ea-ac85-b88a60e194fb,transactionid:683541,crmid:4826193646,2020-03-21T05:21:17.000Z,transaction - broker,prd1104,Health Savings,Savings,Personal,credit,branch,2680.79,1
7875ef54-914b-11ea-b8c0-b88a60e194fb,transactionid:685032,crmid:8952998047,2020-03-25T08:53:12.000Z,transaction - broker,prd1015,Auto Loan,Loan,Personal,credit,call center,2097.83,1
78776252-914b-11ea-bcd9-b88a60e194fb,transactionid:542726,crmid:6630660810,2020-03-30T22:42:09.000Z,transaction - broker,prd1073,Business Brokerage Account,Investment,Business,debt,branch,2608.44,1
7878ad10-914b-11ea-8fc0-b88a60e194fb,transactionid:149409,crmid:5806698600,2020-03-17T17:03:26.000Z,transaction - broker,prd1168,Auto Insurance,Insurance,Personal,close,mobile,2721.36,1
787a4702-914b-11ea-8b08-b88a60e194fb,transactionid:286722,crmid:7257529202,2020-03-17T15:52:32.000Z,transaction - broker,prd1039,Dividend Card,Credit Card,Personal,credit,mobile,3785.51,1
787c2f4c-914b-11ea-bef4-b88a60e194fb,transactionid:863075,crmid:3747300002,2020-03-20T23:24:31.000Z,transaction - broker,prd1194,Preferred Checking,Checking,Personal,credit,call center,3408.0,1
787da292-914b-11ea-ab86-b88a60e194fb,transactionid:608627,crmid:5619087569,2020-03-22T14:05:48.000Z,transaction - broker,prd1110,Traditional IRA,Retirement,Personal,credit,call center,3555.64,1
787eeff8-914b-11ea-b53c-b88a60e194fb,transactionid:256849,crmid:1219450018,2020-03-18T09:12:08.000Z,transaction - broker,prd1167,Roth IRA,Retirement,Personal,debt,mobile,2440.75,1
78804e10-914b-11ea-9bb2-b88a60e194fb,transactionid:799876,crmid:9265388035,2020-03-26T00:55:15.000Z,transaction - broker,prd1043,Business Savings,Savings,Business,close,mobile,506057.08,1
7881aef4-914b-11ea-8546-b88a60e194fb,transactionid:671772,crmid:1426570897,2020-03-23T21:22:33.000Z,transaction - broker,prd1189,Overseas Equity Fund,Investment,Personal,credit,broker,2495.62,1
78835b38-914b-11ea-8a9a-b88a60e194fb,transactionid:195824,crmid:4594097138,2020-03-26T12:39:43.000Z,transaction - broker,prd1063,High Interest Savings,Savings,Personal,credit,broker,2599.76,1
7884cfcc-914b-11ea-9199-b88a60e194fb,transactionid:525926,crmid:7187888392,2020-03-21T01:12:36.000Z,transaction - broker,prd1158,Preferred Checking,Checking,Personal,credit,call center,3851.84,1
78861bc6-914b-11ea-ad90-b88a60e194fb,transactionid:455549,crmid:3717099627,2020-03-16T20:35:15.000Z,transaction - broker,prd1027,Mortgage: 30-yr Fixed,Mortgage,Personal,credit,broker,3115.62,1
78877b4a-914b-11ea-b421-b88a60e194fb,transactionid:179355,crmid:2036224442,2020-03-20T12:12:03.000Z,transaction - broker,prd1006,Travel Card,Credit Card,Personal,debt,broker,2405.86,1
7888c758-914b-11ea-9c35-b88a60e194fb,transactionid:234085,crmid:4312242518,2020-03-29T21:32:17.000Z,transaction - broker,prd1171,Personal Loan,Loan,Personal,credit,ATM,2105.86,1
788a4e06-914b-11ea-98f5-b88a60e194fb,transactionid:596158,crmid:2623669768,2020-03-15T11:22:47.000Z,transaction - broker,prd1127,Rewards Card,Credit Card,Personal,credit,mobile,2920.78,1
788b98d4-914b-11ea-b9d9-b88a60e194fb,transactionid:953816,crmid:2248844278,2020-03-28T18:24:14.000Z,transaction - broker,prd1187,Business Savings,Savings,Business,credit,call center,2028.44,1
788d1f3e-914b-11ea-a46c-b88a60e194fb,transactionid:670785,crmid:7112177619,2020-03-21T23:24:29.000Z,transaction - broker,prd1007,Health Savings,Savings,Personal,credit,broker,2261.66,1
788ebac0-914b-11ea-91bc-b88a60e194fb,transactionid:892205,crmid:1595339662,2020-03-21T00:58:51.000Z,transaction - broker,prd1074,Premium Checking,Checking,Personal,debt,call center,3307.41,1
78904178-914b-11ea-8a18-b88a60e194fb,transactionid:685183,crmid:6440457416,2020-03-19T09:02:14.000Z,transaction - broker,prd1010,529 College Savings,College Savings,Personal,credit,call center,2979.55,1
7891c7a2-914b-11ea-82de-b88a60e194fb,transactionid:552991,crmid:9903047076,2020-03-19T11:03:48.000Z,transaction - broker,prd1145,Everyday Checking,Checking,Personal,credit,mobile,3279.16,1
789339a8-914b-11ea-931d-b88a60e194fb,transactionid:696672,crmid:4001503693,2020-03-29T18:03:58.000Z,transaction - broker,prd1145,Everyday Checking,Checking,Personal,credit,mobile,3395.35,1
789486ba-914b-11ea-8379-b88a60e194fb,transactionid:488787,crmid:3616097670,2020-03-30T22:10:03.000Z,transaction - broker,prd1134,Student Loan,Loan,Personal,credit,broker,318509.05,1
7895bf5c-914b-11ea-b465-b88a60e194fb,transactionid:596823,crmid:6204970232,2020-03-22T00:38:24.000Z,transaction - broker,prd1187,Business Savings,Savings,Business,debt,call center,2409.93,1
789744c0-914b-11ea-9186-b88a60e194fb,transactionid:614131,crmid:1853098681,2020-03-20T09:05:25.000Z,transaction - broker,prd1162,High Interest Savings,Savings,Personal,credit,branch,356613.41,1
7898f424-914b-11ea-9866-b88a60e194fb,transactionid:415006,crmid:4861569535,2020-03-29T20:52:11.000Z,transaction - broker,prd1180,529 College Savings,College Savings,Personal,credit,ATM,3108.43,1
789a6712-914b-11ea-a370-b88a60e194fb,transactionid:323530,crmid:2953706356,2020-03-24T02:58:29.000Z,transaction - broker,prd1007,Health Savings,Savings,Personal,credit,call center,2516.01,1
789bda02-914b-11ea-ba45-b88a60e194fb,transactionid:408593,crmid:7708113625,2020-03-27T13:33:38.000Z,transaction - broker,prd1072,Student Loan,Loan,Personal,credit,mobile,2675.8,1
789d72ae-914b-11ea-b316-b88a60e194fb,transactionid:288004,crmid:7028353599,2020-03-15T17:16:43.000Z,transaction - broker,prd1112,Fixed Deposit,Investment,Personal,credit,call center,2656.7,1
789ebeb6-914b-11ea-b2db-b88a60e194fb,transactionid:605902,crmid:2289558264,2020-03-25T10:56:43.000Z,transaction - broker,prd1070,High Interest Savings,Savings,Personal,credit,broker,2876.02,1
78a08180-914b-11ea-a9c9-b88a60e194fb,transactionid:474052,crmid:7768333697,2020-03-27T04:05:48.000Z,transaction - broker,prd1158,Preferred Checking,Checking,Personal,credit,ATM,2683.85,1
78a21b3a-914b-11ea-ad10-b88a60e194fb,transactionid:566364,crmid:1505708924,2020-03-27T13:23:01.000Z,transaction - broker,prd1190,Premium Checking,Checking,Personal,debt,mobile,3608.76,1
78a353ee-914b-11ea-a8e6-b88a60e194fb,transactionid:819065,crmid:4736996239,2020-03-28T19:38:59.000Z,transaction - broker,prd1082,Mortgage Insurance,Insurance,Personal,credit,broker,2390.06,1
78a4ecd2-914b-11ea-b9f0-b88a60e194fb,transactionid:288753,crmid:7778019581,2020-03-28T04:43:51.000Z,transaction - broker,prd1038,Dividend Card,Credit Card,Personal,debt,mobile,3765.5,1
78a64dd4-914b-11ea-9dcf-b88a60e194fb,transactionid:239974,crmid:6954502602,2020-03-24T02:04:00.000Z,transaction - broker,prd1180,529 College Savings,College Savings,Personal,credit,ATM,3275.0,1
78a799da-914b-11ea-ac10-b88a60e194fb,transactionid:215573,crmid:9764928237,2020-03-15T14:33:01.000Z,transaction - broker,prd1008,Traditional IRA,Retirement,Personal,credit,call center,2875.25,1
78a8d0dc-914b-11ea-ad74-b88a60e194fb,transactionid:577688,crmid:9021338900,2020-03-24T12:10:46.000Z,transaction - broker,prd1061,Mortgage: 5/1 ARM,Mortgage,Personal,credit,call center,2240.2,1
78aa5774-914b-11ea-98ea-b88a60e194fb,transactionid:603663,crmid:2440294128,2020-03-30T04:34:53.000Z,transaction - broker,prd1059,Platinum Card,Credit Card,Personal,credit,ATM,3563.3,1
78abde34-914b-11ea-86f5-b88a60e194fb,transactionid:293168,crmid:6945673191,2020-03-18T08:13:35.000Z,transaction - broker,prd1020,Everyday Savings,Savings,Personal,credit,mobile,2441.65,1
78ad3f2e-914b-11ea-9985-b88a60e194fb,transactionid:324593,crmid:6379372109,2020-03-15T10:02:54.000Z,transaction - broker,prd1059,Platinum Card,Credit Card,Personal,credit,call center,3620.81,1
78aed7dc-914b-11ea-8982-b88a60e194fb,transactionid:716394,crmid:4660937842,2020-03-19T15:16:58.000Z,transaction - broker,prd1146,529 College Savings,College Savings,Personal,credit,call center,2770.9,1
78b07390-914b-11ea-ac95-b88a60e194fb,transactionid:652595,crmid:4289976943,2020-03-27T06:26:00.000Z,transaction - broker,prd1052,Preferred Checking,Checking,Personal,credit,mobile,2876.36,1
78b1e680-914b-11ea-ac43-b88a60e194fb,transactionid:370767,crmid:8309707646,2020-03-23T09:21:05.000Z,transaction - broker,prd1133,High Interest Savings,Savings,Personal,credit,mobile,4312.04,1
78b35836-914b-11ea-9720-b88a60e194fb,transactionid:886581,crmid:6060839910,2020-03-25T21:19:18.000Z,transaction - broker,prd1041,Mortgage: 7/1 ARM,Mortgage,Personal,credit,mobile,2172.0,1
78b4cc98-914b-11ea-97f7-b88a60e194fb,transactionid:654279,crmid:6100222573,2020-03-23T13:44:59.000Z,transaction - broker,prd1180,529 College Savings,College Savings,Personal,credit,broker,2399.07,1
78b603a8-914b-11ea-b52f-b88a60e194fb,transactionid:658603,crmid:7650688109,2020-03-29T09:44:04.000Z,transaction - broker,prd1119,Renter's Insurance,Insurance,Personal,debt,broker,4550.19,1
78b79f50-914b-11ea-9841-b88a60e194fb,transactionid:189482,crmid:2276716188,2020-03-26T02:13:25.000Z,transaction - broker,prd1180,529 College Savings,College Savings,Personal,credit,call center,2432.93,1
78b8eab0-914b-11ea-b752-b88a60e194fb,transactionid:272787,crmid:8573069869,2020-03-31T15:44:57.000Z,transaction - broker,prd1165,Roth IRA,Retirement,Personal,credit,ATM,1933.76,1
78ba4976-914b-11ea-afd1-b88a60e194fb,transactionid:303222,crmid:2418121321,2020-03-31T16:17:17.000Z,transaction - broker,prd1037,Home Equity Loan,Mortgage,Personal,credit,call center,1969.63,1
78bb8350-914b-11ea-b575-b88a60e194fb,transactionid:163801,crmid:1579402550,2020-03-16T02:39:09.000Z,transaction - broker,prd1070,High Interest Savings,Savings,Personal,credit,broker,2943.59,1
78bce1a6-914b-11ea-b8e9-b88a60e194fb,transactionid:992343,crmid:9160908218,2020-03-19T23:39:12.000Z,transaction - broker,prd1090,Business Checking,Checking,Business,credit,call center,3416.44,1
78be908c-914b-11ea-9414-b88a60e194fb,transactionid:592643,crmid:8082371868,2020-03-29T13:43:16.000Z,transaction - broker,prd1009,Everyday Checking,Checking,Personal,credit,mobile,3797.39,1
78bfc906-914b-11ea-b6ca-b88a60e194fb,transactionid:239879,crmid:1033130778,2020-03-18T18:56:56.000Z,transaction - broker,prd1021,CDs: 5 year,Investment,Personal,credit,call center,406230.56,1
78c1ea80-914b-11ea-bf75-b88a60e194fb,transactionid:853918,crmid:1937999396,2020-03-26T02:32:22.000Z,transaction - broker,prd1112,Fixed Deposit,Investment,Personal,credit,call center,3210.44,1
78c39834-914b-11ea-ad44-b88a60e194fb,transactionid:926447,crmid:2740333997,2020-03-27T09:59:28.000Z,transaction - broker,prd1022,Auto Loan,Loan,Personal,credit,mobile,3577.35,1
78c56cfe-914b-11ea-823b-b88a60e194fb,transactionid:344942,crmid:9786865138,2020-03-15T13:33:50.000Z,transaction - broker,prd1195,Student Card,Credit Card,Personal,credit,call center,2446.42,1
78c6cd00-914b-11ea-9bbb-b88a60e194fb,transactionid:179485,crmid:2239599534,2020-03-21T19:38:32.000Z,transaction - broker,prd1141,Premium Checking,Checking,Personal,debt,ATM,2341.21,1
78c85330-914b-11ea-8544-b88a60e194fb,transactionid:569692,crmid:2486566281,2020-03-21T02:39:01.000Z,transaction - broker,prd1055,Rewards Card,Credit Card,Personal,credit,broker,2527.42,1
78ca0162-914b-11ea-a77d-b88a60e194fb,transactionid:706845,crmid:4594923994,2020-03-27T11:34:31.000Z,transaction - broker,prd1115,Mortgage: VA,Mortgage,Personal,credit,broker,2689.72,1
78cc5e50-914b-11ea-a7a3-b88a60e194fb,transactionid:510283,crmid:4228746482,2020-03-30T12:43:55.000Z,transaction - broker,prd1136,Student Savings,Savings,Personal,debt,ATM,1473.0,1
78ce8264-914b-11ea-849f-b88a60e194fb,transactionid:405268,crmid:8699374564,2020-03-24T17:44:48.000Z,transaction - broker,prd1072,Student Loan,Loan,Personal,debt,mobile,3328.48,1
78d055f4-914b-11ea-add6-b88a60e194fb,transactionid:538802,crmid:5405506324,2020-03-23T08:28:09.000Z,transaction - broker,prd1095,529 College Savings,College Savings,Personal,credit,branch,3312.9,1
78d2043a-914b-11ea-b10e-b88a60e194fb,transactionid:383570,crmid:9556386240,2020-03-17T05:19:19.000Z,transaction - broker,prd1084,Student Savings,Savings,Personal,credit,broker,2295.07,1
78d36458-914b-11ea-b0c1-b88a60e194fb,transactionid:944880,crmid:9465053926,2020-03-28T08:39:36.000Z,transaction - broker,prd1106,Business Loan,Loan,Business,credit,ATM,3332.75,1
78d65e34-914b-11ea-b9a8-b88a60e194fb,transactionid:563691,crmid:6464974966,2020-03-31T03:43:43.000Z,transaction - broker,prd1010,529 College Savings,College Savings,Personal,credit,call center,479473.8,1
78d7a8c8-914b-11ea-8383-b88a60e194fb,transactionid:446763,crmid:6179633563,2020-03-20T09:08:36.000Z,transaction - broker,prd1029,401k,Retirement,Personal,credit,broker,2364.11,1
78d9085c-914b-11ea-93c4-b88a60e194fb,transactionid:507621,crmid:1059226999,2020-03-23T22:02:26.000Z,transaction - broker,prd1038,Dividend Card,Credit Card,Personal,credit,broker,2163.53,1
78dadd76-914b-11ea-83ca-b88a60e194fb,transactionid:762444,crmid:1715376285,2020-03-24T20:52:16.000Z,transaction - broker,prd1074,Premium Checking,Checking,Personal,credit,broker,1839.87,1
78dc1580-914b-11ea-860a-b88a60e194fb,transactionid:468799,crmid:9396773027,2020-03-28T22:08:22.000Z,transaction - broker,prd1011,Rewards Savings,Savings,Personal,credit,mobile,3064.54,1
78dd75fa-914b-11ea-a4fa-b88a60e194fb,transactionid:519992,crmid:9760455423,2020-03-29T02:55:28.000Z,transaction - broker,prd1039,Dividend Card,Credit Card,Personal,debt,call center,3289.6,1
78dec22c-914b-11ea-99c9-b88a60e194fb,transactionid:406964,crmid:7617233263,2020-03-24T13:06:00.000Z,transaction - broker,prd1066,Homeowner's Insurance,Insurance,Personal,credit,mobile,2062.04,1
78e021ba-914b-11ea-a6a8-b88a60e194fb,transactionid:957363,crmid:2093293009,2020-03-23T00:59:06.000Z,transaction - broker,prd1014,CDs: 3 month,Investment,Personal,credit,broker,1910.99,1
78e1cf64-914b-11ea-b4e5-b88a60e194fb,transactionid:209122,crmid:2995408178,2020-03-18T04:08:59.000Z,transaction - broker,prd1010,529 College Savings,College Savings,Personal,credit,mobile,4447.43,1
78e32df4-914b-11ea-868a-b88a60e194fb,transactionid:456479,crmid:8031914945,2020-03-21T19:05:46.000Z,transaction - broker,prd1095,529 College Savings,College Savings,Personal,close,mobile,2498.36,1
78e4a0fa-914b-11ea-a3e6-b88a60e194fb,transactionid:163360,crmid:8718258675,2020-03-22T22:31:21.000Z,transaction - broker,prd1037,Home Equity Loan,Mortgage,Personal,credit,broker,3899.73,1
