crmid,email,first_name,last_name,gender,mobile telephone,city,country,zip,state,street address,birthday,creditrating
crmid:2833891915,rhinoplasty1909@outlook.com,Joseph,Mullen,,300-265-1772,Glendale,United States,74359,Michigan,737 Page,1966-12-07,1469
crmid:9853454352,sillyhow2064@yandex.com,Ramon,Fernandez,,707-041-1994,Ferguson,United States,83164,Georgia,1242 Locust,1962-06-29,2845
crmid:7667064783,deflatable1999@live.com,Jackson,Orr,,106-891-7085,Herndon,United States,22645,Michigan,868 Dr Tom Waddell,1971-05-15,1361
crmid:8464871273,anoop1960@live.com,Ron,Meyers,,500-724-6676,Lake Elsinore,United States,79716,New York,794 Santa Monica,1980-07-30,2044
crmid:4684720634,chien1874@outlook.com,Merrill,Dawson,female,031-405-6924,Taylorsville,United States,69361,Alabama,763 Manor,1954-12-12,2881
crmid:2009232330,unrowdy1817@live.com,Ivory,Williams,male,636-037-7256,Yucca Valley,United States,88794,Arizona,1316 Lurline,1943-05-31,2458
crmid:6818878519,namelessly1971@yandex.com,Glenn,Booth,,725-297-2110,Puyallup,United States,24970,New Mexico,465 May,1966-07-14,1105
crmid:9443525114,foraneous2015@live.com,Hilario,Burks,,053-040-8129,Ottumwa,United States,35302,Delaware,825 Seventh,1973-09-24,2327
crmid:9058557764,numbat1973@yandex.com,Ronald,Caldwell,female,178-753-1602,Coral Springs,United States,48031,Wisconsin,152 Sfgh Access,1950-07-05,1110
crmid:8666440162,boroughs1978@outlook.com,Jere,Gonzalez,,973-212-9672,Kearney,United States,31367,Indiana,815 Telegraph,1976-06-11,952
crmid:2823082718,dinkey2035@yandex.com,Billy,Elliott,,219-380-5633,Junction City,United States,33224,Maine,1381 Harkness,1976-07-12,893
crmid:3845801890,gabgab2052@gmail.com,Francisco,Munoz,,253-339-8951,Winston-Salem,United States,84721,Indiana,980 Avenue E,1998-07-18,1043
crmid:9645057840,upstages1981@outlook.com,Isreal,Delaney,male,186-294-2892,Agoura Hills,United States,25821,Tennessee,74 Kaplan,1930-05-08,1443
crmid:4773791540,chrysant1874@live.com,Gary,Kerr,female,236-148-0887,Dubuque,United States,14694,New Hampshire,1213 Linares,1956-03-16,958
crmid:6897840669,pigeon1848@yahoo.com,David,Whitehead,male,518-462-0256,Adrian,United States,81289,North Carolina,238 Hollywood,1930-03-31,2714
crmid:4103933173,atop1913@outlook.com,Franklyn,Marquez,male,365-247-6826,Athens,United States,26797,Wyoming,920 Granville,1934-04-18,1524
crmid:5329469115,blunter1852@yahoo.com,Bob,Christian,,811-287-7758,Fredericksburg,United States,77568,Hawaii,1032 Manor,1964-11-24,1707
crmid:8386132809,earles1834@yahoo.com,Sung,Pacheco,,812-475-1917,Issaquah,United States,35539,California,354 Sutro Heights,1975-06-14,1270
crmid:2041011165,ass1821@yahoo.com,Alva,Walter,male,924-420-6009,North Miami Beach,United States,50735,Nevada,432 Cross,1998-09-04,505
crmid:1837601920,darshi1816@live.com,Kim,Beasley,,369-302-5150,Green,United States,78101,Nebraska,490 Olympia,1968-06-29,1275
crmid:1499498496,edlin1872@outlook.com,Alec,Carson,,212-966-0239,Hesperia,United States,37151,Pennsylvania,445 Eugenia,1971-06-18,2348
crmid:4588069443,dekle2030@yandex.com,Dion,Watson,female,964-959-2517,Nampa,United States,19289,Tennessee,1000 Mallorca,1995-03-05,875
crmid:7910870796,contemplative1935@gmail.com,Leonarda,Estrada,female,257-709-8724,Richmond,United States,12576,Washington,168 Union,1949-05-09,510
crmid:3917354750,connexions1989@yahoo.com,Jay,Savage,male,545-765-5754,Carrollton,United States,28768,Texas,91 Sweeny,1944-05-26,1210
crmid:7769230299,nainsooks1827@gmail.com,Jesse,Underwood,,226-207-1609,Lima,United States,73385,Arkansas,514 Jose Sarria,1982-03-11,560
crmid:5935306551,scorch2026@live.com,Wilber,Merritt,male,404-644-4741,Stow,United States,65464,Arkansas,583 Santa Monica,1937-10-20,1588
crmid:2031732528,ardea1945@live.com,Mel,Cabrera,,108-653-1618,Taylorsville,United States,42351,Vermont,943 Rivoli,1981-04-23,2001
crmid:9683282733,semblance2045@live.com,Earleen,Baird,female,109-232-7001,East Cleveland,United States,71450,Kentucky,197 Buchanan,1957-12-05,708
crmid:7682595330,monstrosities2045@gmail.com,Dylan,Sanford,male,221-876-2319,Beckley,United States,10708,Wisconsin,553 Eaton,1937-03-26,2346
crmid:4648870102,caatinga1934@yandex.com,Major,Witt,,880-135-8697,South St. Paul,United States,94803,Illinois,538 Havens,1988-04-27,1569
crmid:8711153355,evzone2049@gmail.com,Brant,Colon,,949-832-1362,Surprise,United States,20007,New York,802 Gambier,1968-04-02,922
crmid:4322741524,bourguig1850@gmail.com,Jeremy,Ayers,,018-446-8883,Moore,United States,04200,Arkansas,228 Montclair,1992-02-10,1753
crmid:1702308346,horse1801@outlook.com,Jermaine,Booth,,445-872-5240,La Porte,United States,15284,Alaska,949 Ritch,1979-03-18,587
crmid:9651978946,scenarizing1903@live.com,Carter,Booker,,369-623-5660,Meridian,United States,95430,Wyoming,1310 Skyline,1989-09-20,2081
crmid:5487505935,davidian1910@gmail.com,Lynn,May,male,496-367-3430,Anniston,United States,89570,Indiana,884 Barneveld,1933-07-18,1384
crmid:4957125147,camel1999@outlook.com,Frank,Howard,female,543-556-4587,Xenia,United States,14591,Delaware,1271 Salmon,1953-03-15,2804
crmid:7942680473,disquantity2017@outlook.com,Ira,Roberts,male,950-205-5251,San Dimas,United States,07554,Nevada,441 Winfield,1932-05-25,512
crmid:4474805884,perceant1940@live.com,Nick,Stein,,435-422-2001,North Plainfield,United States,56119,Missouri,1292 Otsego,1999-09-16,902
crmid:7422032918,haole1855@outlook.com,Eugene,Glass,male,831-100-5083,Albert Lea,United States,79374,Kentucky,135 Melra,1931-12-26,2727
crmid:2732444578,abatis1929@gmail.com,Raelene,Serrano,female,818-588-4719,Sevierville,United States,64028,Georgia,1174 Carpenter,1961-07-26,1128
crmid:1225117207,seawan1843@gmail.com,Adelle,Donovan,female,528-420-1191,Christiansburg,United States,08575,Alabama,1096 Sagamore,1947-01-08,2636
crmid:5756451534,palesman1925@gmail.com,Bradly,Carey,,477-283-8014,Jackson,United States,92006,Wisconsin,110 Shotwell,1975-05-07,1543
crmid:8942539555,chromotherapist1800@yandex.com,Patricia,Blevins,,410-233-2497,Fort Myers,United States,08506,Michigan,313 Randall,1963-01-24,2501
crmid:7033659688,craze1882@yandex.com,Percy,Copeland,male,155-822-9477,Roswell,United States,79176,Rhode Island,1039 Venus,1936-08-07,1250
crmid:4937217173,orbitar2051@live.com,Miquel,Noble,male,325-295-5023,Bellingham,United States,96343,Indiana,1182 Thornton,1937-07-21,387
crmid:7496446249,decalage1887@gmail.com,Federico,Fulton,,858-193-0445,Sidney,United States,96996,Vermont,639 Garden,1993-10-25,1220
crmid:1797300529,overshorten1822@yandex.com,Melany,Brennan,female,566-697-8317,Valdosta,United States,18532,Arizona,1227 Falmouth,1952-11-28,713
crmid:5820786301,splays2031@live.com,Cecil,Franklin,male,188-351-1072,Burnsville,United States,04418,Minnesota,1221 El Dorado,1943-02-10,1047
crmid:1834818223,emory1898@yahoo.com,Tien,Allen,female,048-659-2537,East Ridge,United States,65067,North Carolina,583 Brush,1957-11-18,2668
crmid:3724988686,oryx1842@live.com,Ross,Branch,male,916-942-1348,Apple Valley,United States,44909,Illinois,1294 Everson,1933-08-04,621
crmid:4130574765,upseek1975@yahoo.com,Burl,Hawkins,,411-508-6715,Parma Heights,United States,80703,Michigan,998 Westgate,1973-01-14,672
crmid:1196598259,celsius1863@live.com,Tamala,Mccarty,female,866-142-3296,Cliffside Park,United States,85418,Vermont,382 Valmar,1948-08-19,2580
crmid:5506340449,argus2057@gmail.com,Bradley,Ball,,443-654-2031,Independence,United States,70800,Rhode Island,682 Sunnyside,1974-12-20,895
crmid:7845885889,enrica2066@outlook.com,Curt,Burns,,859-356-5931,Loveland,United States,08115,North Dakota,1368 Bernice Rodgers,1984-01-15,1539
crmid:5538913111,quasijudicial1845@yahoo.com,Jed,Lopez,,771-899-3599,Hackensack,United States,17520,Washington,776 Eddy,1969-03-13,2755
crmid:6357326621,wrasse2012@gmail.com,Graham,Cervantes,,348-149-6374,Palisades Park,United States,26220,Nebraska,761 Cotter,1968-03-21,494
crmid:4188947315,prorebate1827@yandex.com,Thad,Navarro,male,733-999-8771,Brentwood,United States,59526,Arkansas,543 Lloyd,1941-09-21,1343
crmid:5475220473,ibis2056@outlook.com,Salvador,Wilder,male,686-615-0530,Atlantic City,United States,55686,Florida,1134 Cervantes,1934-09-19,2850
crmid:2639061834,huddlingly1866@yahoo.com,Burton,Mcmillan,male,253-443-4792,Appleton,United States,09271,Florida,397 Stratford,1933-02-20,2038
crmid:4131812896,hypoergic1843@yandex.com,Matthew,Davenport,male,819-821-5990,Barstow,United States,79229,Colorado,349 Wagner,1936-11-30,2396
crmid:6184105023,classical1818@gmail.com,Clarence,Morse,,255-339-5943,Peachtree City,United States,52909,Colorado,74 Sanchez,1996-06-10,1806
crmid:3676340261,alveolarly1922@gmail.com,Brett,Dyer,,439-657-4978,Sheboygan,United States,81400,Kansas,1270 Rockdale,1993-03-13,2825
crmid:8726245515,censorial1936@live.com,Gordon,Rosa,,559-709-3715,Ferguson,United States,28788,South Carolina,421 Jansen,1962-04-03,1989
crmid:7552351244,webworms1894@live.com,Dorine,Pittman,female,199-843-3274,Del Rio,United States,14119,New Mexico,965 Mercedes,1954-03-23,2242
crmid:8949534618,drizzly1813@yandex.com,Thomas,Rojas,,195-110-9856,Santa Fe Springs,United States,34520,Illinois,551 Warner,1977-01-15,2686
crmid:1660411627,atlanta2059@gmail.com,Everett,Briggs,,890-134-3609,Pomona,United States,63730,Connecticut,443 Sycamore,1974-06-25,932
crmid:5196069798,unreportedly1934@yandex.com,Keenan,Patel,,830-781-5500,Wichita Falls,United States,94031,North Carolina,79 Issleib,1968-07-20,1066
crmid:4420529674,electromassage1801@yandex.com,Kourtney,Golden,female,587-581-6392,Clemmons,United States,27356,Virginia,1090 Sacramento,1948-05-11,1214
crmid:4669069764,giggled1980@yandex.com,Bernard,Bass,,935-526-1569,South St. Paul,United States,48140,Illinois,722 Winfield,1986-03-16,775
crmid:4585492470,badly1975@gmail.com,Arnoldo,Contreras,male,995-244-0012,Woodland,United States,57078,Utah,69 Merchant,1931-01-07,386
crmid:1001869424,tuke1822@live.com,Adriene,Trujillo,female,263-381-1497,Conway,United States,98477,Oregon,1273 Beaver,1950-01-29,2283
crmid:8971076355,intercoms1977@outlook.com,Bernardo,Chaney,,771-675-4903,Henderson,United States,55191,Oregon,711 Exchange,1971-10-21,1047
crmid:2923092400,kooks1842@live.com,Ernie,Ball,male,172-934-0666,Calexico,United States,16493,Wisconsin,526 Cornwall,1943-04-02,1590
crmid:2934309972,coleopterous1848@live.com,Mammie,Walker,female,002-957-0078,Escondido,United States,38169,Maine,882 Haight,1960-06-30,1336
crmid:5702567714,alike1834@yandex.com,Audria,Holloway,female,334-453-6779,Conroe,United States,02033,New Jersey,923 Stern Grove,1950-01-14,409
crmid:6394360486,angelfish2017@yandex.com,Jamal,Sampson,,889-257-9392,Santa Barbara,United States,63762,Louisiana,1181 Diana,1971-07-21,2320
crmid:5731561133,lieve1804@gmail.com,Robbyn,Richard,female,715-422-5204,Northbrook,United States,79769,Nevada,230 Country Club,1999-12-25,1704
crmid:3582400797,trachea1932@live.com,Reggie,Palmer,,795-599-7639,Rocky River,United States,95286,Missouri,952 Arleta,1994-09-09,786
crmid:8804209546,definitized2034@outlook.com,Clementina,Kane,female,415-476-7175,Coeur d'Alene,United States,96483,Minnesota,58 Shawnee,1949-11-03,2462
crmid:5652312854,anticontagion1865@yahoo.com,Gerardo,Moon,,225-605-3453,Pittsburgh,United States,87222,Iowa,537 Jones,1966-04-14,2312
crmid:1141265553,misenters1937@gmail.com,Jordan,Atkins,,089-383-5723,Miami,United States,78130,South Dakota,909 Jerome,1990-05-28,2514
crmid:3181377560,subclans1820@gmail.com,Donny,Nolan,,907-179-3004,Natchitoches,United States,69999,Washington,1347 Dunshee,1995-11-14,2908
crmid:1010863039,batteries2054@live.com,Marco,Bond,,785-471-7004,League City,United States,50506,Oregon,135 Julius,1981-09-04,1401
crmid:9419525932,deserving1887@outlook.com,Merrill,Castaneda,,775-344-1680,Sedalia,United States,80969,Georgia,75 Encanto,1993-01-13,558
crmid:2229530979,dight1893@live.com,Raleigh,Ross,,224-026-8474,Frederick,United States,21441,Iowa,680 Hernandez,1964-04-02,2337
crmid:1323188996,cessna1954@yandex.com,Dale,Berry,male,854-389-7559,Tifton,United States,90093,North Carolina,156 Willie B Kennedy,1937-02-03,2408
crmid:6662670468,panicked1985@gmail.com,Pearly,Reeves,female,138-654-6179,Strongsville,United States,27703,Illinois,1398 Midway,1959-07-24,719
crmid:9982044430,firearms1852@gmail.com,Gricelda,Hopper,female,468-876-8866,Des Plaines,United States,10146,Kentucky,1339 Cambridge,1954-04-14,721
crmid:1869707459,chieftain2011@yandex.com,Frederick,Johnston,,351-359-0019,New Iberia,United States,93484,Georgia,1376 Bayside Village,1996-05-13,2500
crmid:2909983944,unalimentative1908@gmail.com,Federico,Rios,,768-089-5229,Gaithersburg,United States,48781,Wisconsin,434 Coldspring,1964-07-25,2740
crmid:3646735392,delage1996@live.com,Lyndon,Mcclure,male,966-167-5296,Whittier,United States,05639,Nebraska,322 Clarion,1938-06-19,1065
crmid:3759767430,lemon1908@yandex.com,Yong,Bolton,,104-715-4800,Godfrey,United States,68785,Georgia,436 Cuba,1966-11-06,436
crmid:5416652814,diploptera2036@outlook.com,Keneth,William,,332-188-6573,Holladay,United States,57479,Wyoming,624 San Lorenzo,1972-09-15,1341
crmid:2256769199,biabo1980@gmail.com,Andre,Hancock,female,318-688-4743,Prattville,United States,82343,Minnesota,345 Egbert,1956-01-12,1197
crmid:4697668628,carinal1887@yandex.com,Wilburn,Hebert,male,908-499-1316,Bensenville,United States,83881,Oregon,884 Encline,1938-10-13,1931
crmid:5408535569,philepitta1943@yandex.com,Jimmy,Lloyd,,449-112-2394,Nogales,United States,78065,Wyoming,67 Kenny,1998-12-14,1766
crmid:6484940616,codebreaker1997@yandex.com,Alonso,Lyons,,221-215-6345,Sikeston,United States,73408,Pennsylvania,791 Veterans,1980-08-16,453
crmid:9559264414,worker2020@yahoo.com,Justin,Kennedy,,048-761-9063,Gallup,United States,72298,Massachusetts,595 Sierra,1965-12-31,1030
crmid:9443862654,algonquin2029@outlook.com,Bronwyn,Sargent,female,169-632-6978,Diamond Bar,United States,06416,Wisconsin,780 Columbia Square,1955-01-26,318
crmid:6496278599,carmina2070@outlook.com,Noel,Burton,male,842-256-5210,Saratoga Springs,United States,65715,North Dakota,583 Vallejo,1934-07-04,1858
crmid:1547682669,walies2068@outlook.com,Boyce,Beach,,284-563-0037,Winston-Salem,United States,86716,Arkansas,1134 Bernice Rodgers,1980-02-06,2717
crmid:6275361008,countercoupe1815@live.com,Gregorio,Berry,,277-682-5004,West St. Paul,United States,74252,Washington,138 Hemdale,1985-09-08,1719
crmid:1284824088,saltboxes1916@outlook.com,Francis,Clemons,,697-184-9096,Kaysville,United States,71268,Idaho,535 Telegraph,1976-12-19,2188
crmid:8224668531,azoturias2054@live.com,Fletcher,Hayes,,750-719-5223,Kirkland,United States,79507,Montana,1336 San Leandro,1978-11-26,723
crmid:1340466121,adirondack1929@outlook.com,Robin,Cooke,,014-917-2858,Yukon,United States,93590,New Mexico,1178 Fortuna,1970-09-20,895
crmid:4224574902,trophospongium2026@gmail.com,Micah,Jensen,,203-561-1859,North Miami,United States,44894,Alaska,1116 Oxford,1998-08-27,2466
crmid:8808167810,quizzify1895@yandex.com,Fletcher,Gaines,,798-429-2332,Griffin,United States,85828,Virginia,191 Fernwood,1968-05-19,2864
crmid:8763337846,estes1976@live.com,Arlen,Boyd,,261-136-2096,Gaithersburg,United States,53390,Nebraska,412 Merrimac,1964-09-18,2852
crmid:3139221599,foraneous1851@outlook.com,Maurice,Coleman,female,754-811-6539,Conroe,United States,38417,Florida,919 Windsor,1950-06-06,1934
crmid:1351533089,consciousness2013@yandex.com,Karena,Mann,female,898-529-9465,Pearland,United States,67955,Florida,1072 Mansfield,1956-04-18,1027
crmid:1508013681,meerkat1929@yandex.com,Keenan,Tucker,,548-326-2645,Fort Dodge,United States,04395,Kentucky,1172 Quartz,1963-02-28,2362
crmid:1681086869,scintillator1802@yandex.com,Felipe,Oliver,,524-687-3409,Madison,United States,24210,Pennsylvania,1094 Isola,1985-04-15,2365
crmid:3977830454,regga1997@gmail.com,Miguel,Calderon,male,635-364-8382,Northglenn,United States,60198,Mississippi,654 Ramsel,1999-11-19,2697
crmid:5495951374,blacklegging2029@gmail.com,Ignacia,Miller,female,283-749-2947,Springboro,United States,22154,Wyoming,1346 Icehouse,1959-04-20,835
crmid:7487093937,reformat1932@gmail.com,Werner,Deleon,male,398-716-8726,South Plainfield,United States,55702,Maryland,1149 Campton,1943-10-08,1850
crmid:5664465592,spieler1856@yandex.com,Jenette,Erickson,female,885-781-0885,Scottsdale,United States,87821,Wisconsin,1247 Coldspring,1947-04-09,678
crmid:8401155595,astomia2031@gmail.com,Phil,Pitts,,231-264-6033,Glenview,United States,76177,Connecticut,928 Lurline,1966-12-15,2143
crmid:2684957368,artiller1831@yandex.com,Willy,Mason,,527-249-2699,Vestavia Hills,United States,24559,Indiana,1358 Winthrop,1967-12-14,2143
crmid:5195370673,overembroider1931@yahoo.com,Daren,Osborne,,494-744-5734,Wadsworth,United States,21596,Utah,1330 Lois,1962-02-19,618
crmid:5654067945,circuits2020@yandex.com,Randell,Skinner,,720-796-3848,Gurnee,United States,64428,Nevada,567 Sonoma,1969-10-07,2034
crmid:4811354336,malik1939@gmail.com,Jacquelynn,Mcintosh,female,008-804-1234,Newton,United States,15984,Wisconsin,240 Bowman,1997-04-07,1892
crmid:6838630071,spacial1830@live.com,Jacquelynn,Wooten,female,600-671-8450,Clovis,United States,92940,Utah,732 Bonview,1948-04-25,2602
crmid:2648877136,carapus1848@outlook.com,Angel,Everett,,157-534-7750,Modesto,United States,31056,Arizona,1128 Concourse,1992-06-25,1347
crmid:8168107422,olm1919@gmail.com,Dominic,Daniel,,140-448-2024,New Berlin,United States,51610,Iowa,274 Schofield,1996-09-13,2564
crmid:7741285081,zonular1922@yandex.com,Ismael,Lynch,male,314-129-5176,Texarkana,United States,02223,Hawaii,826 Diana,1938-12-09,2662
crmid:4826193646,simoniac1958@yandex.com,Debbi,Kelly,female,596-062-6896,Dunedin,United States,12956,Utah,1387 Castenada,1956-02-16,2534
crmid:8952998047,palmar1985@live.com,Tyler,Jimenez,,158-127-7479,Washington,United States,98846,Oklahoma,1302 Santa Fe,1985-01-14,2354
crmid:6630660810,unvulgarized1834@outlook.com,Bula,Cote,female,385-486-7982,Durham,United States,08211,South Carolina,873 Water,1956-01-07,542
crmid:5806698600,bobotie1832@live.com,Wynell,Dominguez,female,012-787-8176,Salisbury,United States,12883,Kentucky,356 Fairfax,1953-09-08,1234
crmid:7257529202,bitton1962@gmail.com,Lenny,Waller,,618-796-3791,Mundelein,United States,36276,Minnesota,651 Continuum,1994-06-26,2170
crmid:3747300002,ultrasonic1808@yahoo.com,Merlin,Medina,,920-945-2516,Prichard,United States,56933,South Dakota,353 Gould,1996-11-22,915
crmid:5619087569,chiasma1960@gmail.com,Gaston,Mclean,,100-362-8477,Mountain Brook,United States,41209,Minnesota,640 Lucky,1994-08-06,1783
crmid:1219450018,brann1851@gmail.com,Myles,Greene,,154-422-0816,Pico Rivera,United States,63284,Alaska,205 Clarke,1969-08-10,714
crmid:9265388035,attune1995@outlook.com,Francisco,Tillman,male,214-043-4526,Pottstown,United States,69853,Kansas,300 Genoa,1945-04-29,1080
crmid:1426570897,watercolors1896@yandex.com,Cherish,Norton,female,672-179-7624,Collierville,United States,88607,Illinois,538 Oakhurst,1949-12-27,301
crmid:4594097138,addressee2003@yandex.com,Vanna,Sanders,female,336-493-6445,Rocky Mount,United States,19792,Montana,722 White,1953-09-26,1141
crmid:7187888392,nepenthe2057@yandex.com,Abe,Mendez,,051-354-1299,Woodland,United States,42097,Indiana,1342 Sunnydale,1984-02-09,1972
crmid:3717099627,syntelome1911@yandex.com,Coletta,Rowland,female,534-124-3336,Deerfield Beach,United States,97850,Hawaii,1084 Santa Ynez,1954-02-25,2845
crmid:2036224442,quebrachos1844@outlook.com,Kenneth,Contreras,,285-330-7713,Greenfield,United States,30177,Louisiana,1379 Northwood,1968-05-13,1032
crmid:4312242518,ungladness2034@outlook.com,Al,Briggs,,115-652-1155,Williamsport,United States,93990,Oklahoma,1297 Samoset,1962-06-16,1831
crmid:2623669768,detours1941@yahoo.com,Hobert,Cameron,male,224-806-2049,Sulphur,United States,01892,Kansas,872 Payson,1934-05-05,2393
crmid:2248844278,bobbye2056@yandex.com,Eric,Stark,,414-856-9782,Murfreesboro,United States,24192,North Carolina,873 Laguna,1994-05-12,1626
crmid:7112177619,cakiest1848@outlook.com,Thresa,Ewing,female,151-925-0633,East Lansing,United States,56501,Oklahoma,337 Darien,1957-09-09,2345
crmid:1595339662,ashpan1901@gmail.com,Fermin,Hewitt,,973-373-2779,Montgomery,United States,97347,Nebraska,613 Adair,1992-12-25,665
crmid:6440457416,teletypewriting1870@yahoo.com,Troy,Stout,,396-525-5677,Madera,United States,73521,Massachusetts,1172 Texas,1985-12-02,1582
crmid:9903047076,mutine1864@yandex.com,Terence,Barker,male,760-427-0155,St. Joseph,United States,61579,Florida,1308 Erie,1943-10-18,444
crmid:4001503693,unchronological1905@gmail.com,Bradley,Strong,male,013-855-0646,Brownsburg,United States,88881,Florida,261 Annie,1942-01-28,2568
crmid:3616097670,dilated1800@yandex.com,Mitchel,Snow,,721-450-8047,Grand Island,United States,03871,Alabama,241 Gladeview,1967-02-17,1496
crmid:6204970232,primeval1911@live.com,Stanford,Snyder,male,013-009-2352,Pasadena,United States,75709,Indiana,74 San Anselmo,1937-09-27,2560
crmid:1853098681,bemis2026@gmail.com,Napoleon,Wilson,male,073-728-8513,St. Cloud,United States,08414,Oklahoma,188 Bright,1932-12-28,349
crmid:4861569535,motorman2050@yahoo.com,Chante,Castro,female,842-235-7888,Waltham,United States,71072,New York,971 Oak Access,1954-02-05,2034
crmid:2953706356,forgotten1879@gmail.com,Horacio,Richmond,,773-714-1747,Olympia,United States,53902,California,764 Dukes,1997-09-13,1290
crmid:7708113625,cutlass2022@gmail.com,Chester,Schwartz,male,768-490-1440,Carol Stream,United States,68547,South Carolina,843 Robblee,1944-10-03,2954
crmid:7028353599,dessain1992@gmail.com,Shavonne,Roth,female,199-056-5820,Oshkosh,United States,54065,Ohio,1344 Arkansas,1953-08-25,442
crmid:2289558264,pentasulphide1916@yahoo.com,Wallace,Stuart,male,175-425-1163,Baltimore,United States,78279,Georgia,1299 Mercury,1935-12-19,1405
crmid:7768333697,anilinophilous1840@gmail.com,Janyce,Abbott,female,540-704-7949,Waynesboro,United States,12005,New Mexico,16 Bergen,1954-04-01,955
crmid:1505708924,bernadin2002@yahoo.com,Brittny,Sampson,female,603-985-7242,Eagle Mountain,United States,80943,South Dakota,113 Wanda,1956-01-26,510
crmid:4736996239,sanatorium2066@outlook.com,Bennett,Greene,,607-972-8201,Seymour,United States,46496,South Dakota,723 Bellair,1988-12-16,2284
crmid:7778019581,scarabaeus1902@yandex.com,Barbera,Rosa,female,581-153-2061,Delray Beach,United States,08651,Oregon,228 J,1954-01-25,2423
crmid:6954502602,essed1965@yandex.com,Alexander,Navarro,female,623-544-2161,Owensboro,United States,52015,Georgia,382 Julia,1995-04-20,2483
crmid:9764928237,glasses1980@live.com,Jonas,Blake,,610-243-8043,Terre Haute,United States,97136,California,404 Oshaughnessy,1984-08-06,967
crmid:9021338900,walspere2048@yandex.com,Debera,Santana,female,007-708-8594,Cookeville,United States,61624,Colorado,968 Amity,1950-11-04,2711
crmid:2440294128,fumarases1970@yahoo.com,Jude,Pitts,,257-911-1937,Yorba Linda,United States,35698,Massachusetts,964 Hunters Point,1973-01-17,2525
crmid:6945673191,neurin1962@gmail.com,Emmanuel,Galloway,,564-797-7337,Lockport,United States,87811,Alabama,1112 Charter Oak,1983-02-24,451
crmid:6379372109,adenitis1937@yandex.com,Olimpia,Wall,female,891-505-6691,Thornton,United States,88569,Oregon,1159 Jerrold,1957-10-19,2580
crmid:4660937842,scrimpy1815@live.com,Blake,Mcintosh,male,595-129-0535,Naples,United States,05641,Texas,621 Wool,1995-02-02,2787
crmid:4289976943,marten1821@yahoo.com,Chang,Gross,,325-288-2498,Stafford,United States,45063,Arizona,709 North View,1987-08-17,1242
crmid:8309707646,artur1935@gmail.com,Jacki,Dickson,female,644-662-6967,Duarte,United States,92071,Maine,886 Stigwood,1955-04-08,753
crmid:6060839910,codebreaker1883@yahoo.com,Trudie,Beck,female,444-401-6471,Ocala,United States,51051,Nevada,884 Scott,1948-09-02,817
crmid:6100222573,moped1874@live.com,Holley,Marshall,female,214-248-3230,Dana Point,United States,18835,Nevada,522 Ralston,1952-04-18,706
crmid:7650688109,phloxes1825@yandex.com,Rochel,Downs,female,570-157-1461,Decatur,United States,42964,Connecticut,381 Commonwealth,1953-07-08,1262
crmid:2276716188,demiss1955@live.com,David,Hancock,male,985-516-2001,Bonita Springs,United States,73869,South Carolina,447 Waverly,1940-12-05,552
crmid:8573069869,schizophrenic1915@yandex.com,Rene,Park,,560-405-9400,Joplin,United States,29645,Colorado,1390 Whitfield,1976-04-13,814
crmid:2418121321,zelkova1985@gmail.com,Cristobal,Barnes,,710-136-4877,Hobart,United States,03172,Virginia,216 Nahua,1972-02-02,2994
crmid:1579402550,incaliculate1935@yahoo.com,Wesley,Aguilar,,650-065-0092,Rockville,United States,42859,West Virginia,478 Jakey,1991-04-08,509
crmid:9160908218,aliens1807@yandex.com,Johnnie,Schroeder,,161-011-9797,Southfield,United States,79598,Montana,1060 Anson,1974-08-18,866
crmid:8082371868,cathedrals1867@yandex.com,Mathilde,Cline,female,534-045-2493,Puyallup,United States,78732,Florida,1152 Seneca,1946-06-06,2998
crmid:1033130778,donal1884@outlook.com,Madaline,Weber,female,286-744-3509,Cortland,United States,37751,Idaho,912 Powhattan,1951-06-30,2054
crmid:1937999396,cocker1857@outlook.com,Kali,Stone,female,901-194-9021,Commerce City,United States,68316,New Mexico,751 Bernard,1949-11-08,1708
crmid:2740333997,proteides1912@outlook.com,Delila,Dickson,female,705-519-3103,Walnut Creek,United States,51584,Kentucky,1158 Anderson,1951-02-08,452
crmid:9786865138,clarified2070@live.com,Janae,Mcmahon,female,990-177-8352,Rohnert Park,United States,17246,West Virginia,1075 Upper Service,1951-12-31,1791
crmid:2239599534,evangelian1818@yandex.com,Mac,Dixon,,230-626-5777,Temple,United States,84703,Vermont,1144 Fulton,1981-07-26,1265
crmid:2486566281,capistrano1889@gmail.com,Ferdinand,Price,,981-001-4576,Montgomery,United States,71129,California,691 Euclid,1992-12-28,1481
crmid:4594923994,unphrasableness1867@yandex.com,Mason,Morgan,,169-745-0508,Highland,United States,08686,Tennessee,1309 College,1971-02-17,502
crmid:4228746482,abrasiometer1810@outlook.com,Eric,Sanders,female,839-898-4213,El Paso,United States,96713,Arizona,710 Lyndhurst,1958-10-05,2266
crmid:8699374564,pasha1818@yahoo.com,Linwood,Duran,,976-244-3063,Louisville,United States,95337,Arizona,48 Heather,1984-05-17,1331
crmid:5405506324,benight1885@gmail.com,Chan,Banks,female,928-480-0805,East St. Louis,United States,00573,Maine,862 Gorgas,1957-02-02,300
crmid:9556386240,excoriation1911@yahoo.com,Duncan,Koch,,957-204-9635,Gaithersburg,United States,75119,Wyoming,550 Marcy,1964-12-23,2318
crmid:9465053926,corruption1860@outlook.com,Sam,Wells,male,556-150-8128,Bellingham,United States,55815,North Carolina,1254 Orange,1937-09-30,1556
crmid:6464974966,calista1874@yahoo.com,Marvin,Rosa,male,750-646-3928,Plainfield,United States,07317,Ohio,143 Margrave,1935-07-25,2787
crmid:6179633563,andrease1839@yahoo.com,Stevie,Riley,,637-637-8908,Martinsburg,United States,46788,Minnesota,158 Holladay,1987-07-09,1399
crmid:1059226999,astral1871@gmail.com,Glen,Brewer,,283-705-3951,Passaic,United States,70921,Oregon,645 Deems,1993-02-04,2192
crmid:1715376285,borgh1973@yahoo.com,Alane,Dorsey,female,209-115-7340,Edina,United States,98264,Alaska,575 English,1958-01-08,2499
crmid:9396773027,cephalins1981@yahoo.com,Cornell,Frye,male,085-799-8850,Bellingham,United States,12308,Pennsylvania,805 Saddleback,1937-02-10,2996
crmid:9760455423,rille2008@yahoo.com,Kurtis,West,male,823-069-5796,Ada,United States,32650,Missouri,628 Page,1930-06-30,589
crmid:7617233263,rotundity1943@yahoo.com,Waylon,Mason,,695-254-2449,Safety Harbor,United States,45525,Oklahoma,808 Pemberton,1985-07-18,2944
crmid:2093293009,eulalie1872@yandex.com,Russell,Mason,male,123-993-5143,Canton,United States,41711,Kentucky,1213 Murray,1944-08-18,2586
crmid:2995408178,sunshiny2019@yandex.com,Ellena,Koch,female,114-816-2028,Dayton,United States,89459,Montana,1221 French,1953-12-31,968
crmid:8031914945,gaur1848@yandex.com,Monty,Lindsay,male,598-766-6181,Rancho Cucamonga,United States,05207,Utah,899 Ogden,1937-07-17,321
crmid:8718258675,whitherso1857@outlook.com,Nichol,Bridges,female,999-240-8597,Wauwatosa,United States,10019,New Hampshire,1013 Kern,1950-07-04,1583
