id,crmid,propensity_score_credit_cards,suggested_credit_card,propensity_score_loan,suggested_loan
b9c18ddc-4c72-11ea-b02b-b88a60e194fb-1-ps,crmid:4858489127,10,Platinum Card,5,Business Loan
b9c29f48-4c72-11ea-94ef-b88a60e194fb-1-ps,crmid:8017298074,4,Dividend Card,4,Personal Loan
b9c3b0f6-4c72-11ea-8f25-b88a60e194fb-1-ps,crmid:9677690153,2,Travel Card,3,Business Loan
b9dd7a46-4c72-11ea-9232-b88a60e194fb-1-ps,crmid:2229029547,5,Dividend Card,3,Personal Loan
b9de3d82-4c72-11ea-a9ad-b88a60e194fb-1-ps,crmid:8681711268,4,Business Card,3,Personal Loan
b9df27f0-4c72-11ea-ae15-b88a60e194fb-1-ps,crmid:9227890584,4,Rewards Card,5,Auto Loan
b9e01252-4c72-11ea-9b1b-b88a60e194fb-1-ps,crmid:3339521990,6,Dividend Card,4,Auto Loan
b9e0ae82-4c72-11ea-9876-b88a60e194fb-1-ps,crmid:2059204486,3,Travel Card,5,Personal Loan
b9e1c012-4c72-11ea-bd1d-b88a60e194fb-1-ps,crmid:4067766489,2,Platinum Card,3,Auto Loan
b9e31fda-4c72-11ea-8a5c-b88a60e194fb-1-ps,crmid:9208494505,3,Student Card,5,Business Loan
b9fb145c-4c72-11ea-bf76-b88a60e194fb-1-ps,crmid:9312491020,6,Rewards Card,4,Personal Loan
b9fc4cc8-4c72-11ea-aabe-b88a60e194fb-1-ps,crmid:4981575124,2,Dividend Card,5,Personal Loan
b9fdacd4-4c72-11ea-8a59-b88a60e194fb-1-ps,crmid:5506592536,3,Dividend Card,4,Personal Loan
b9ff0be4-4c72-11ea-81b7-b88a60e194fb-1-ps,crmid:9567790703,5,Rewards Card,4,Business Loan
ba00e124-4c72-11ea-8b16-b88a60e194fb-1-ps,crmid:8771319286,7,Rewards Card,4,Student Loan
ba026762-4c72-11ea-ab01-b88a60e194fb-1-ps,crmid:8194465464,3,Dividend Card,2,Student Loan
ba04631a-4c72-11ea-936c-b88a60e194fb-1-ps,crmid:4946193695,4,Rewards Card,5,Business Loan
ba1e53b6-4c72-11ea-9478-b88a60e194fb-1-ps,crmid:8195529932,3,Simplicity Card,3,Student Loan
ba1f6526-4c72-11ea-a00a-b88a60e194fb-1-ps,crmid:2262316807,4,Rewards Card,6,Personal Loan
ba209e1a-4c72-11ea-afac-b88a60e194fb-1-ps,crmid:3541501715,2,Dividend Card,3,Student Loan
ba2224a4-4c72-11ea-b047-b88a60e194fb-1-ps,crmid:8590492182,5,Travel Card,4,Auto Loan
ba23ab58-4c72-11ea-bfc4-b88a60e194fb-1-ps,crmid:9705017593,4,Business Card,2,Personal Loan
ba250a62-4c72-11ea-b394-b88a60e194fb-1-ps,crmid:4594584594,6,Student Card,2,Student Loan
ba2669f4-4c72-11ea-8f39-b88a60e194fb-1-ps,crmid:9489989359,10,Simplicity Card,5,Personal Loan
ba4340ac-4c72-11ea-9607-b88a60e194fb-1-ps,crmid:7692900779,6,Business Card,4,Personal Loan
ba442b1e-4c72-11ea-a4d8-b88a60e194fb-1-ps,crmid:1620740468,5,Simplicity Card,5,Personal Loan
ba453c86-4c72-11ea-bec7-b88a60e194fb-1-ps,crmid:4760690017,5,Business Card,7,Personal Loan
ba460000-4c72-11ea-97a3-b88a60e194fb-1-ps,crmid:4527362171,3,Platinum Card,2,Personal Loan
ba46c342-4c72-11ea-b6c1-b88a60e194fb-1-ps,crmid:7607115807,3,Student Card,3,Student Loan
ba47ad9a-4c72-11ea-ae78-b88a60e194fb-1-ps,crmid:6978728705,2,Rewards Card,4,Student Loan
ba4870f4-4c72-11ea-a0ec-b88a60e194fb-1-ps,crmid:6247563709,4,Dividend Card,3,Business Loan
ba60b440-4c72-11ea-9081-b88a60e194fb-1-ps,crmid:2192285372,4,Business Card,3,Auto Loan
ba61c530-4c72-11ea-8cb2-b88a60e194fb-1-ps,crmid:1980692920,2,Platinum Card,3,Business Loan
ba628890-4c72-11ea-b901-b88a60e194fb-1-ps,crmid:2215290517,3,Travel Card,4,Personal Loan
ba6372fe-4c72-11ea-83b9-b88a60e194fb-1-ps,crmid:8532899962,3,Travel Card,5,Personal Loan
ba645df6-4c72-11ea-8621-b88a60e194fb-1-ps,crmid:6851967822,5,Travel Card,5,Personal Loan
ba65479c-4c72-11ea-a9df-b88a60e194fb-1-ps,crmid:5263861818,5,Dividend Card,3,Student Loan
ba6631ee-4c72-11ea-84f0-b88a60e194fb-1-ps,crmid:7456233901,2,Platinum Card,6,Personal Loan
ba802298-4c72-11ea-a979-b88a60e194fb-1-ps,crmid:5406702400,3,Rewards Card,2,Personal Loan
ba81341a-4c72-11ea-8d0f-b88a60e194fb-1-ps,crmid:2981379798,1,Business Card,5,Personal Loan
ba821e76-4c72-11ea-aa42-b88a60e194fb-1-ps,crmid:4917399793,4,Travel Card,4,Student Loan
ba8356dc-4c72-11ea-b6e1-b88a60e194fb-1-ps,crmid:3357031490,3,Simplicity Card,5,Personal Loan
ba848f78-4c72-11ea-bfb0-b88a60e194fb-1-ps,crmid:4594235017,4,Travel Card,2,Business Loan
ba85eeee-4c72-11ea-bb9a-b88a60e194fb-1-ps,crmid:6891491604,5,Platinum Card,5,Auto Loan
ba87278a-4c72-11ea-a7d5-b88a60e194fb-1-ps,crmid:6633860942,1,Student Card,5,Personal Loan
baa02e34-4c72-11ea-8600-b88a60e194fb-1-ps,crmid:5802742727,4,Student Card,4,Business Loan
baa1180a-4c72-11ea-acaa-b88a60e194fb-1-ps,crmid:2011816313,3,Travel Card,5,Business Loan
baa2299c-4c72-11ea-b7d3-b88a60e194fb-1-ps,crmid:2427834959,5,Business Card,9,Personal Loan
baa33af4-4c72-11ea-9bad-b88a60e194fb-1-ps,crmid:1950550055,4,Business Card,3,Business Loan
baa4258a-4c72-11ea-93fc-b88a60e194fb-1-ps,crmid:1562299372,4,Rewards Card,4,Auto Loan
baa584e2-4c72-11ea-9d7b-b88a60e194fb-1-ps,crmid:4804290015,4,Business Card,2,Student Loan
baa66f4a-4c72-11ea-aba2-b88a60e194fb-1-ps,crmid:6436292156,5,Student Card,3,Personal Loan
babd2ba2-4c72-11ea-af7f-b88a60e194fb-1-ps,crmid:5480483567,4,Travel Card,4,Business Loan
babdeee8-4c72-11ea-9b66-b88a60e194fb-1-ps,crmid:1070235958,5,Dividend Card,1,Auto Loan
babf0106-4c72-11ea-b279-b88a60e194fb-1-ps,crmid:4774278821,5,Business Card,4,Business Loan
babfeaa6-4c72-11ea-b2c2-b88a60e194fb-1-ps,crmid:6277062457,4,Rewards Card,8,Personal Loan
bac0d90a-4c72-11ea-ae39-b88a60e194fb-1-ps,crmid:7908291520,3,Business Card,4,Student Loan
bac1e686-4c72-11ea-8054-b88a60e194fb-1-ps,crmid:1300449584,4,Student Card,4,Business Loan
bac2f81a-4c72-11ea-aba2-b88a60e194fb-1-ps,crmid:8244425088,4,Dividend Card,3,Business Loan
badce86c-4c72-11ea-8761-b88a60e194fb-1-ps,crmid:1115071675,4,Student Card,4,Personal Loan
baddd2c8-4c72-11ea-9ef0-b88a60e194fb-1-ps,crmid:3853764567,6,Business Card,4,Personal Loan
bade9612-4c72-11ea-9068-b88a60e194fb-1-ps,crmid:2801998783,5,Business Card,5,Business Loan
badf5970-4c72-11ea-83e2-b88a60e194fb-1-ps,crmid:6582415901,3,Simplicity Card,5,Personal Loan
bae043e4-4c72-11ea-96ef-b88a60e194fb-1-ps,crmid:6693086906,3,Student Card,3,Business Loan
bae0e168-4c72-11ea-a1c8-b88a60e194fb-1-ps,crmid:2673535737,3,Dividend Card,9,Student Loan
bae1a3a2-4c72-11ea-819a-b88a60e194fb-1-ps,crmid:1570355037,3,Dividend Card,9,Business Loan
baf94a0c-4c72-11ea-b910-b88a60e194fb-1-ps,crmid:5117110618,6,Simplicity Card,4,Auto Loan
bafa346c-4c72-11ea-bde9-b88a60e194fb-1-ps,crmid:8006507430,5,Student Card,4,Auto Loan
bafb46d8-4c72-11ea-baaf-b88a60e194fb-1-ps,crmid:9570776018,2,Dividend Card,3,Business Loan
bafc0a1e-4c72-11ea-9d4d-b88a60e194fb-1-ps,crmid:9676299680,4,Simplicity Card,3,Auto Loan
bafccc76-4c72-11ea-b93a-b88a60e194fb-1-ps,crmid:3594420374,2,Rewards Card,8,Business Loan
bafd8fee-4c72-11ea-aa91-b88a60e194fb-1-ps,crmid:5700762363,5,Travel Card,4,Personal Loan
bafe7b28-4c72-11ea-acb1-b88a60e194fb-1-ps,crmid:8010539793,4,Student Card,5,Personal Loan
bb15f9ec-4c72-11ea-94db-b88a60e194fb-1-ps,crmid:3408294609,4,Platinum Card,4,Business Loan
bb170b9a-4c72-11ea-bb0e-b88a60e194fb-1-ps,crmid:2979937482,3,Simplicity Card,3,Personal Loan
bb181cd2-4c72-11ea-9430-b88a60e194fb-1-ps,crmid:8796551525,4,Business Card,5,Business Loan
bb192ec0-4c72-11ea-9ef4-b88a60e194fb-1-ps,crmid:7628317340,2,Student Card,5,Personal Loan
bb1a66f0-4c72-11ea-af36-b88a60e194fb-1-ps,crmid:8262101214,4,Simplicity Card,4,Student Loan
bb1bd27a-4c72-11ea-a168-b88a60e194fb-1-ps,crmid:9259625450,4,Platinum Card,3,Personal Loan
bb1d25ac-4c72-11ea-a3ee-b88a60e194fb-1-ps,crmid:2237072399,3,Simplicity Card,5,Personal Loan
bb393940-4c72-11ea-ab3f-b88a60e194fb-1-ps,crmid:9132737610,6,Student Card,2,Business Loan
bb39d586-4c72-11ea-ae75-b88a60e194fb-1-ps,crmid:5010484439,4,Rewards Card,7,Personal Loan
bb3abfda-4c72-11ea-88a1-b88a60e194fb-1-ps,crmid:1611554186,4,Simplicity Card,4,Business Loan
bb3b84b8-4c72-11ea-a919-b88a60e194fb-1-ps,crmid:7382615087,5,Simplicity Card,3,Business Loan
bb3c948a-4c72-11ea-9f58-b88a60e194fb-1-ps,crmid:1322249180,3,Dividend Card,4,Business Loan
bb3d7f22-4c72-11ea-9375-b88a60e194fb-1-ps,crmid:2254887435,5,Business Card,4,Personal Loan
bb3e9192-4c72-11ea-a81c-b88a60e194fb-1-ps,crmid:7803064865,4,Platinum Card,4,Personal Loan
bb56d376-4c72-11ea-84ea-b88a60e194fb-1-ps,crmid:3368305209,4,Business Card,4,Auto Loan
bb57e4cc-4c72-11ea-afef-b88a60e194fb-1-ps,crmid:9680564114,4,Business Card,5,Student Loan
bb58f636-4c72-11ea-9219-b88a60e194fb-1-ps,crmid:8053081602,5,Rewards Card,7,Personal Loan
bb59e138-4c72-11ea-b35e-b88a60e194fb-1-ps,crmid:8914445770,5,Rewards Card,4,Personal Loan
bb5af364-4c72-11ea-8b11-b88a60e194fb-1-ps,crmid:2846945394,2,Dividend Card,5,Business Loan
bb5bb55a-4c72-11ea-ad8a-b88a60e194fb-1-ps,crmid:1604861668,5,Student Card,4,Student Loan
bb5c9fdc-4c72-11ea-af94-b88a60e194fb-1-ps,crmid:3658628515,3,Platinum Card,4,Auto Loan
bb781706-4c72-11ea-af7f-b88a60e194fb-1-ps,crmid:1630989359,7,Platinum Card,4,Personal Loan
bb792876-4c72-11ea-9561-b88a60e194fb-1-ps,crmid:2901905758,4,Rewards Card,4,Auto Loan
bb7a39ee-4c72-11ea-a513-b88a60e194fb-1-ps,crmid:4857891596,4,Student Card,4,Personal Loan
bb7b723a-4c72-11ea-8e11-b88a60e194fb-1-ps,crmid:4035966160,5,Travel Card,4,Business Loan
bb7c5cd2-4c72-11ea-9468-b88a60e194fb-1-ps,crmid:7504934057,3,Travel Card,4,Personal Loan
bb7dbd66-4c72-11ea-b5e0-b88a60e194fb-1-ps,crmid:1735345898,8,Dividend Card,4,Business Loan
bb7f1be4-4c72-11ea-a4ff-b88a60e194fb-1-ps,crmid:6527946204,3,Travel Card,3,Personal Loan
bb9f26c6-4c72-11ea-9bcf-b88a60e194fb-1-ps,crmid:5060945495,3,Business Card,4,Personal Loan
bba05f3a-4c72-11ea-9231-b88a60e194fb-1-ps,crmid:7389512767,1,Dividend Card,3,Personal Loan
bba197ae-4c72-11ea-a215-b88a60e194fb-1-ps,crmid:3879015632,4,Travel Card,4,Student Loan
bba25b5c-4c72-11ea-bb6d-b88a60e194fb-1-ps,crmid:7283287702,3,Student Card,4,Student Loan
bba36c88-4c72-11ea-9c06-b88a60e194fb-1-ps,crmid:7996335522,4,Student Card,4,Personal Loan
bba45724-4c72-11ea-8049-b88a60e194fb-1-ps,crmid:3695869019,5,Rewards Card,5,Personal Loan
bba5417e-4c72-11ea-82d2-b88a60e194fb-1-ps,crmid:8511413476,4,Business Card,5,Personal Loan
bbbfce3e-4c72-11ea-94c9-b88a60e194fb-1-ps,crmid:2955310555,5,Dividend Card,2,Personal Loan
bbc0df98-4c72-11ea-9fe8-b88a60e194fb-1-ps,crmid:4714225141,4,Travel Card,5,Student Loan
bbc1a37a-4c72-11ea-9869-b88a60e194fb-1-ps,crmid:6870445929,3,Rewards Card,4,Personal Loan
bbc2b4d0-4c72-11ea-9366-b88a60e194fb-1-ps,crmid:4653263152,1,Travel Card,3,Auto Loan
bbc39ed4-4c72-11ea-be76-b88a60e194fb-1-ps,crmid:8119782135,4,Rewards Card,8,Business Loan
bbc46210-4c72-11ea-9e27-b88a60e194fb-1-ps,crmid:7203303701,4,Dividend Card,4,Student Loan
bbc54dbe-4c72-11ea-b46a-b88a60e194fb-1-ps,crmid:9614865302,4,Travel Card,2,Auto Loan
bbdc7f58-4c72-11ea-9352-b88a60e194fb-1-ps,crmid:9487441787,4,Business Card,3,Student Loan
bbdd4146-4c72-11ea-8692-b88a60e194fb-1-ps,crmid:5565205302,8,Business Card,4,Personal Loan
bbde2c82-4c72-11ea-9b0a-b88a60e194fb-1-ps,crmid:1391938988,2,Travel Card,5,Personal Loan
bbdeeede-4c72-11ea-a00f-b88a60e194fb-1-ps,crmid:5486445361,4,Rewards Card,4,Student Loan
bbdfd93e-4c72-11ea-a95b-b88a60e194fb-1-ps,crmid:5064862664,4,Student Card,3,Personal Loan
bbe0c3ba-4c72-11ea-881f-b88a60e194fb-1-ps,crmid:7002082290,4,Dividend Card,4,Student Loan
bbe186f0-4c72-11ea-89b4-b88a60e194fb-1-ps,crmid:6320305818,6,Rewards Card,5,Auto Loan
bbfd9a64-4c72-11ea-adf6-b88a60e194fb-1-ps,crmid:2103230096,4,Travel Card,5,Business Loan
bbfe5dc2-4c72-11ea-b95d-b88a60e194fb-1-ps,crmid:1036552261,4,Travel Card,4,Business Loan
bbffe452-4c72-11ea-a5f0-b88a60e194fb-1-ps,crmid:6821536684,3,Simplicity Card,6,Business Loan
bc00f698-4c72-11ea-a605-b88a60e194fb-1-ps,crmid:1788228990,4,Business Card,2,Business Loan
bc01e038-4c72-11ea-b5bc-b88a60e194fb-1-ps,crmid:5886077091,4,Simplicity Card,5,Student Loan
bc02ca6c-4c72-11ea-a5ed-b88a60e194fb-1-ps,crmid:5627894745,2,Rewards Card,5,Auto Loan
bc03dbe2-4c72-11ea-b4f4-b88a60e194fb-1-ps,crmid:4230165242,5,Business Card,2,Business Loan
bc1ce234-4c72-11ea-ad81-b88a60e194fb-1-ps,crmid:5266374976,2,Student Card,6,Business Loan
bc1dcc7a-4c72-11ea-bb06-b88a60e194fb-1-ps,crmid:2283195854,6,Travel Card,5,Personal Loan
bc1e8fda-4c72-11ea-a5e5-b88a60e194fb-1-ps,crmid:1511631890,4,Platinum Card,3,Student Loan
bc1f5334-4c72-11ea-a93b-b88a60e194fb-1-ps,crmid:8669855645,3,Simplicity Card,8,Auto Loan
bc206610-4c72-11ea-bf0f-b88a60e194fb-1-ps,crmid:3893547989,4,Simplicity Card,3,Personal Loan
bc21761c-4c72-11ea-b51f-b88a60e194fb-1-ps,crmid:9050135752,4,Rewards Card,5,Business Loan
bc2213d0-4c72-11ea-9f10-b88a60e194fb-1-ps,crmid:6837997387,5,Platinum Card,3,Personal Loan
bc3c77f0-4c72-11ea-9c7b-b88a60e194fb-1-ps,crmid:1422927527,5,Platinum Card,5,Student Loan
bc3d63ca-4c72-11ea-a14d-b88a60e194fb-1-ps,crmid:7496656508,3,Rewards Card,3,Auto Loan
bc3dfff8-4c72-11ea-917b-b88a60e194fb-1-ps,crmid:6469155416,3,Travel Card,4,Auto Loan
bc3ee908-4c72-11ea-a992-b88a60e194fb-1-ps,crmid:5151633921,5,Rewards Card,4,Personal Loan
bc3fac64-4c72-11ea-a841-b88a60e194fb-1-ps,crmid:2597266050,6,Rewards Card,5,Personal Loan
bc4048a2-4c72-11ea-a8df-b88a60e194fb-1-ps,crmid:8753790261,4,Business Card,5,Auto Loan
bc410d62-4c72-11ea-a8d4-b88a60e194fb-1-ps,crmid:4318406014,4,Student Card,3,Student Loan
bc5afce2-4c72-11ea-92a2-b88a60e194fb-1-ps,crmid:4750554737,4,Dividend Card,2,Business Loan
bc5bbfd8-4c72-11ea-887c-b88a60e194fb-1-ps,crmid:1771610730,6,Student Card,7,Business Loan
bc5dbcf8-4c72-11ea-8731-b88a60e194fb-1-ps,crmid:6297839171,4,Platinum Card,5,Auto Loan
bc5e8058-4c72-11ea-b1c5-b88a60e194fb-1-ps,crmid:3457582888,5,Simplicity Card,3,Student Loan
bc5f4392-4c72-11ea-bfe4-b88a60e194fb-1-ps,crmid:6985121653,4,Platinum Card,8,Student Loan
bc605398-4c72-11ea-8e4c-b88a60e194fb-1-ps,crmid:8169417889,3,Platinum Card,10,Personal Loan
bc613e14-4c72-11ea-8a70-b88a60e194fb-1-ps,crmid:9458689628,3,Business Card,6,Auto Loan
bc7a6b90-4c72-11ea-aaed-b88a60e194fb-1-ps,crmid:8374122573,5,Platinum Card,7,Business Loan
bc7b2fb6-4c72-11ea-b53c-b88a60e194fb-1-ps,crmid:3521062881,4,Business Card,3,Personal Loan
bc7bf2f0-4c72-11ea-b6c6-b88a60e194fb-1-ps,crmid:5530152945,2,Business Card,3,Auto Loan
bc7cb548-4c72-11ea-9dd6-b88a60e194fb-1-ps,crmid:7627625018,4,Student Card,3,Business Loan
bc7d796c-4c72-11ea-86a6-b88a60e194fb-1-ps,crmid:6380777451,3,Rewards Card,4,Personal Loan
bc7e62e2-4c72-11ea-90b0-b88a60e194fb-1-ps,crmid:3913653540,4,Platinum Card,9,Auto Loan
bc7f4e78-4c72-11ea-b5c3-b88a60e194fb-1-ps,crmid:3318813360,4,Student Card,3,Student Loan
bc9806be-4c72-11ea-97d3-b88a60e194fb-1-ps,crmid:2825191999,4,Rewards Card,5,Business Loan
bc98c8c2-4c72-11ea-8734-b88a60e194fb-1-ps,crmid:1596374921,3,Dividend Card,5,Personal Loan
bc9a4f54-4c72-11ea-905f-b88a60e194fb-1-ps,crmid:9823005048,4,Travel Card,3,Personal Loan
bc9b3ac0-4c72-11ea-a234-b88a60e194fb-1-ps,crmid:6950070627,4,Rewards Card,6,Personal Loan
bc9c2414-4c72-11ea-abf1-b88a60e194fb-1-ps,crmid:6379701877,3,Student Card,7,Personal Loan
bc9ce852-4c72-11ea-9ce3-b88a60e194fb-1-ps,crmid:8207716519,4,Travel Card,4,Business Loan
bc9dd312-4c72-11ea-a55e-b88a60e194fb-1-ps,crmid:6423339477,3,Rewards Card,3,Personal Loan
bcb79c48-4c72-11ea-b8c6-b88a60e194fb-1-ps,crmid:4537836163,4,Platinum Card,4,Personal Loan
bcb85eb6-4c72-11ea-9522-b88a60e194fb-1-ps,crmid:7117865803,4,Travel Card,4,Auto Loan
bcb94a06-4c72-11ea-87db-b88a60e194fb-1-ps,crmid:1063343592,5,Dividend Card,5,Business Loan
bcb9e680-4c72-11ea-a342-b88a60e194fb-1-ps,crmid:6190468961,3,Dividend Card,4,Personal Loan
bcbaa9fa-4c72-11ea-96fd-b88a60e194fb-1-ps,crmid:5585425252,4,Rewards Card,3,Student Loan
bcbb92dc-4c72-11ea-a4d4-b88a60e194fb-1-ps,crmid:2792455656,3,Platinum Card,4,Student Loan
bcbc7d3a-4c72-11ea-8128-b88a60e194fb-1-ps,crmid:8270997132,4,Rewards Card,4,Personal Loan
bcd81ce8-4c72-11ea-aae4-b88a60e194fb-1-ps,crmid:5123009849,6,Travel Card,4,Auto Loan
bcd8def0-4c72-11ea-8db6-b88a60e194fb-1-ps,crmid:6584539119,3,Platinum Card,5,Personal Loan
bcd97b26-4c72-11ea-bcca-b88a60e194fb-1-ps,crmid:1121545964,5,Student Card,5,Personal Loan
bcdab3b4-4c72-11ea-9792-b88a60e194fb-1-ps,crmid:8836575563,5,Student Card,7,Business Loan
bcdb9e10-4c72-11ea-87b6-b88a60e194fb-1-ps,crmid:3726902792,6,Dividend Card,6,Personal Loan
bcdc886e-4c72-11ea-b06e-b88a60e194fb-1-ps,crmid:3543285520,5,Business Card,5,Auto Loan
bcdde914-4c72-11ea-8f2e-b88a60e194fb-1-ps,crmid:8927450932,4,Student Card,4,Auto Loan
bcfa709c-4c72-11ea-a708-b88a60e194fb-1-ps,crmid:4092631758,4,Platinum Card,5,Business Loan
bcfbd0de-4c72-11ea-81ae-b88a60e194fb-1-ps,crmid:4288016617,5,Dividend Card,3,Personal Loan
bcfcbb50-4c72-11ea-8106-b88a60e194fb-1-ps,crmid:5478846269,5,Student Card,4,Auto Loan
bcfdcc92-4c72-11ea-86f2-b88a60e194fb-1-ps,crmid:4354013035,4,Dividend Card,4,Business Loan
bcfeb6a6-4c72-11ea-af74-b88a60e194fb-1-ps,crmid:1122585094,3,Travel Card,8,Personal Loan
bcffa0c8-4c72-11ea-84f5-b88a60e194fb-1-ps,crmid:6009696770,4,Platinum Card,8,Business Loan
bd00b3d8-4c72-11ea-a198-b88a60e194fb-1-ps,crmid:2848207152,5,Business Card,4,Personal Loan
bd1af0e2-4c72-11ea-b021-b88a60e194fb-1-ps,crmid:4833344819,3,Simplicity Card,4,Auto Loan
bd1b8ea4-4c72-11ea-bf65-b88a60e194fb-1-ps,crmid:4371934387,7,Rewards Card,3,Auto Loan
bd1c9eae-4c72-11ea-aa2e-b88a60e194fb-1-ps,crmid:6648588675,5,Business Card,8,Personal Loan
bd1d88cc-4c72-11ea-928c-b88a60e194fb-1-ps,crmid:1803279651,4,Travel Card,4,Student Loan
bd1ec1a2-4c72-11ea-9635-b88a60e194fb-1-ps,crmid:8521781324,3,Simplicity Card,5,Student Loan
bd1fd2ba-4c72-11ea-8737-b88a60e194fb-1-ps,crmid:6344418126,4,Rewards Card,4,Student Loan
bd20bddc-4c72-11ea-9bbf-b88a60e194fb-1-ps,crmid:5961350582,5,Travel Card,3,Business Loan
bd3fb6fa-4c72-11ea-b56b-b88a60e194fb-1-ps,crmid:6089297153,5,Dividend Card,4,Auto Loan
bd407a1c-4c72-11ea-8494-b88a60e194fb-1-ps,crmid:6062310065,4,Dividend Card,9,Auto Loan
bd413d58-4c72-11ea-a4be-b88a60e194fb-1-ps,crmid:4265038045,4,Platinum Card,5,Auto Loan
bd4200da-4c72-11ea-a1b3-b88a60e194fb-1-ps,crmid:7501676514,3,Platinum Card,4,Auto Loan
bd431252-4c72-11ea-9075-b88a60e194fb-1-ps,crmid:2783084640,4,Student Card,4,Auto Loan
bd43d594-4c72-11ea-ac5c-b88a60e194fb-1-ps,crmid:1081976591,4,Rewards Card,4,Personal Loan
bd44bffa-4c72-11ea-acf6-b88a60e194fb-1-ps,crmid:2582300662,3,Dividend Card,5,Auto Loan
bd61e4f4-4c72-11ea-a219-b88a60e194fb-1-ps,crmid:4166582184,3,Student Card,6,Business Loan
bd62a970-4c72-11ea-bbee-b88a60e194fb-1-ps,crmid:1056872319,4,Business Card,3,Auto Loan
bd636b8a-4c72-11ea-b557-b88a60e194fb-1-ps,crmid:6714513274,4,Business Card,3,Auto Loan
bd6455e6-4c72-11ea-b8ae-b88a60e194fb-1-ps,crmid:8513063161,4,Travel Card,4,Auto Loan
bd651926-4c72-11ea-9505-b88a60e194fb-1-ps,crmid:5609892649,5,Platinum Card,3,Personal Loan
bd66048c-4c72-11ea-bead-b88a60e194fb-1-ps,crmid:1721127829,4,Platinum Card,5,Business Loan
bd66edc0-4c72-11ea-948d-b88a60e194fb-1-ps,crmid:4632324212,4,Platinum Card,8,Personal Loan
bd817ac0-4c72-11ea-b98b-b88a60e194fb-1-ps,crmid:4517490606,5,Platinum Card,3,Student Loan
bd826538-4c72-11ea-9c18-b88a60e194fb-1-ps,crmid:8170913411,3,Business Card,4,Personal Loan
bd832870-4c72-11ea-8355-b88a60e194fb-1-ps,crmid:3643848777,3,Rewards Card,3,Auto Loan
bd843a1e-4c72-11ea-a072-b88a60e194fb-1-ps,crmid:9891768743,4,Simplicity Card,9,Business Loan
bd84fd0a-4c72-11ea-ae2e-b88a60e194fb-1-ps,crmid:1071786868,3,Platinum Card,3,Personal Loan
bd85c05e-4c72-11ea-a1a1-b88a60e194fb-1-ps,crmid:2212545598,3,Simplicity Card,8,Auto Loan
bd8683ac-4c72-11ea-854d-b88a60e194fb-1-ps,crmid:2087440660,5,Student Card,5,Personal Loan
bda52f36-4c72-11ea-b36e-b88a60e194fb-1-ps,crmid:6017519324,3,Student Card,5,Auto Loan
bda619ac-4c72-11ea-8e04-b88a60e194fb-1-ps,crmid:3306972016,5,Dividend Card,4,Business Loan
bda703e8-4c72-11ea-a65d-b88a60e194fb-1-ps,crmid:7586709790,4,Student Card,3,Personal Loan
bda7ee86-4c72-11ea-9549-b88a60e194fb-1-ps,crmid:8574057720,4,Student Card,4,Personal Loan
bda8d8a2-4c72-11ea-9b51-b88a60e194fb-1-ps,crmid:1333625896,3,Platinum Card,4,Business Loan
bda9c392-4c72-11ea-bc4f-b88a60e194fb-1-ps,crmid:8857264116,4,Rewards Card,4,Personal Loan
bdaaad78-4c72-11ea-9d85-b88a60e194fb-1-ps,crmid:8718779563,5,Platinum Card,5,Personal Loan
bdc38c88-4c72-11ea-9874-b88a60e194fb-1-ps,crmid:8516487285,4,Dividend Card,5,Business Loan
bdc49e34-4c72-11ea-aaaf-b88a60e194fb-1-ps,crmid:1925167974,3,Simplicity Card,2,Business Loan
bdc5afbe-4c72-11ea-8087-b88a60e194fb-1-ps,crmid:7807738109,4,Dividend Card,4,Auto Loan
bdc6c148-4c72-11ea-b528-b88a60e194fb-1-ps,crmid:2979937482,5,Simplicity Card,5,Student Loan
bdc7ab68-4c72-11ea-8c1c-b88a60e194fb-1-ps,crmid:6321965432,4,Platinum Card,4,Student Loan
bdc8e3e8-4c72-11ea-99f5-b88a60e194fb-1-ps,crmid:5059125438,3,Student Card,3,Personal Loan
bdc9ce5a-4c72-11ea-836c-b88a60e194fb-1-ps,crmid:7772524254,3,Rewards Card,9,Business Loan
bde6f338-4c72-11ea-95c7-b88a60e194fb-1-ps,crmid:2298741187,5,Simplicity Card,9,Student Loan
bde7dd88-4c72-11ea-96c8-b88a60e194fb-1-ps,crmid:6957699079,4,Rewards Card,4,Personal Loan
bde8a1b8-4c72-11ea-a8e5-b88a60e194fb-1-ps,crmid:9111313391,2,Dividend Card,9,Personal Loan
bde98c24-4c72-11ea-b502-b88a60e194fb-1-ps,crmid:5027106106,5,Simplicity Card,4,Personal Loan
bdea768a-4c72-11ea-b6aa-b88a60e194fb-1-ps,crmid:4577937092,3,Simplicity Card,3,Personal Loan
bdeb6098-4c72-11ea-a966-b88a60e194fb-1-ps,crmid:9719684461,5,Travel Card,5,Personal Loan
bdec2348-4c72-11ea-afe5-b88a60e194fb-1-ps,crmid:9572163748,3,Simplicity Card,2,Personal Loan
be0b43fa-4c72-11ea-8034-b88a60e194fb-1-ps,crmid:4783376033,3,Platinum Card,3,Auto Loan
be0c2e34-4c72-11ea-9592-b88a60e194fb-1-ps,crmid:5563429187,3,Platinum Card,5,Personal Loan
be0cf198-4c72-11ea-9a73-b88a60e194fb-1-ps,crmid:5627894745,4,Simplicity Card,4,Auto Loan
be0eed6e-4c72-11ea-b5e2-b88a60e194fb-1-ps,crmid:2633936172,4,Travel Card,5,Personal Loan
be104d18-4c72-11ea-8c05-b88a60e194fb-1-ps,crmid:1648936415,4,Platinum Card,5,Student Loan
be115e62-4c72-11ea-a94d-b88a60e194fb-1-ps,crmid:2454563366,4,Dividend Card,5,Auto Loan
be126fc0-4c72-11ea-8b72-b88a60e194fb-1-ps,crmid:6408226338,3,Student Card,3,Business Loan
be3adf5a-4c72-11ea-b150-b88a60e194fb-1-ps,crmid:1115071675,5,Travel Card,5,Personal Loan
be3bf14a-4c72-11ea-9d41-b88a60e194fb-1-ps,crmid:6049663890,4,Travel Card,4,Student Loan
be3cdb14-4c72-11ea-bd59-b88a60e194fb-1-ps,crmid:1707749686,5,Rewards Card,8,Personal Loan
be3dc586-4c72-11ea-838b-b88a60e194fb-1-ps,crmid:4656534697,4,Rewards Card,3,Auto Loan
be3efe0c-4c72-11ea-be73-b88a60e194fb-1-ps,crmid:5890476335,3,Dividend Card,8,Auto Loan
be3fc13e-4c72-11ea-bd7d-b88a60e194fb-1-ps,crmid:6259320336,4,Rewards Card,5,Personal Loan
be40d2da-4c72-11ea-9857-b88a60e194fb-1-ps,crmid:5564331613,3,Dividend Card,5,Auto Loan
be608fe2-4c72-11ea-a46c-b88a60e194fb-1-ps,crmid:2381388724,6,Business Card,3,Auto Loan
be61c852-4c72-11ea-a1c0-b88a60e194fb-1-ps,crmid:2820728074,4,Business Card,9,Personal Loan
be62b2b4-4c72-11ea-854f-b88a60e194fb-1-ps,crmid:2387084442,4,Simplicity Card,5,Student Loan
be63c4b6-4c72-11ea-b8e0-b88a60e194fb-1-ps,crmid:5688980543,5,Rewards Card,3,Personal Loan
be652452-4c72-11ea-8210-b88a60e194fb-1-ps,crmid:6404221929,5,Business Card,4,Business Loan
be663530-4c72-11ea-b273-b88a60e194fb-1-ps,crmid:8351847765,4,Simplicity Card,4,Auto Loan
be67954a-4c72-11ea-9c6b-b88a60e194fb-1-ps,crmid:3043179850,4,Dividend Card,5,Business Loan
be855640-4c72-11ea-b4b3-b88a60e194fb-1-ps,crmid:9411579428,6,Travel Card,3,Business Loan
be864030-4c72-11ea-9f5c-b88a60e194fb-1-ps,crmid:9176337713,5,Platinum Card,1,Auto Loan
be872a9c-4c72-11ea-ab77-b88a60e194fb-1-ps,crmid:4625256478,4,Platinum Card,4,Student Loan
be883c02-4c72-11ea-8f35-b88a60e194fb-1-ps,crmid:7151134810,4,Student Card,3,Auto Loan
be894d4a-4c72-11ea-8e18-b88a60e194fb-1-ps,crmid:1744916286,5,Dividend Card,3,Student Loan
be8aace4-4c72-11ea-8a24-b88a60e194fb-1-ps,crmid:6476102525,5,Dividend Card,4,Personal Loan
be8c3382-4c72-11ea-9597-b88a60e194fb-1-ps,crmid:9250572741,4,Business Card,5,Student Loan
bea9a69e-4c72-11ea-9c07-b88a60e194fb-1-ps,crmid:2387084442,5,Simplicity Card,3,Student Loan
beaa910c-4c72-11ea-b587-b88a60e194fb-1-ps,crmid:8926322401,5,Simplicity Card,5,Business Loan
beab7b6c-4c72-11ea-8f22-b88a60e194fb-1-ps,crmid:3858935740,6,Dividend Card,8,Personal Loan
beac3eb4-4c72-11ea-af8b-b88a60e194fb-1-ps,crmid:5838137517,6,Business Card,5,Personal Loan
bead01fe-4c72-11ea-842c-b88a60e194fb-1-ps,crmid:9043181619,6,Dividend Card,4,Auto Loan
beae3b62-4c72-11ea-be1e-b88a60e194fb-1-ps,crmid:6806147809,6,Business Card,6,Personal Loan
beaf24d4-4c72-11ea-902e-b88a60e194fb-1-ps,crmid:7476901288,5,Travel Card,3,Business Loan
bece458c-4c72-11ea-93e4-b88a60e194fb-1-ps,crmid:1355824980,3,Business Card,2,Student Loan
becfa538-4c72-11ea-9b1f-b88a60e194fb-1-ps,crmid:9209786130,5,Platinum Card,4,Personal Loan
bed06876-4c72-11ea-8f3a-b88a60e194fb-1-ps,crmid:7955014494,5,Platinum Card,3,Student Loan
bed179f4-4c72-11ea-ad67-b88a60e194fb-1-ps,crmid:1347404699,3,Student Card,5,Student Loan
bed28b3e-4c72-11ea-a2b2-b88a60e194fb-1-ps,crmid:9551719353,5,Student Card,4,Personal Loan
bed375b4-4c72-11ea-89a1-b88a60e194fb-1-ps,crmid:5267052588,8,Platinum Card,5,Auto Loan
bed4fc4a-4c72-11ea-b437-b88a60e194fb-1-ps,crmid:7750889923,4,Travel Card,4,Student Loan
bef618c2-4c72-11ea-b595-b88a60e194fb-1-ps,crmid:5738040153,4,Dividend Card,1,Student Loan
bef75d62-4c72-11ea-b183-b88a60e194fb-1-ps,crmid:6541219804,3,Student Card,8,Personal Loan
bef8b0dc-4c72-11ea-a360-b88a60e194fb-1-ps,crmid:7866771121,5,Rewards Card,3,Business Loan
bef97406-4c72-11ea-8035-b88a60e194fb-1-ps,crmid:3671065662,5,Dividend Card,4,Auto Loan
befaaca4-4c72-11ea-b65b-b88a60e194fb-1-ps,crmid:9516426756,3,Rewards Card,4,Personal Loan
befb96f6-4c72-11ea-bf77-b88a60e194fb-1-ps,crmid:2631165381,1,Dividend Card,4,Personal Loan
befc8194-4c72-11ea-bb16-b88a60e194fb-1-ps,crmid:9557561101,2,Dividend Card,4,Auto Loan
bf1e884c-4c72-11ea-a30c-b88a60e194fb-1-ps,crmid:3765401583,3,Dividend Card,5,Personal Loan
bf1f999c-4c72-11ea-9fcf-b88a60e194fb-1-ps,crmid:7885733860,3,Travel Card,3,Personal Loan
bf208442-4c72-11ea-b863-b88a60e194fb-1-ps,crmid:3008448624,4,Business Card,6,Business Loan
bf22341c-4c72-11ea-90b4-b88a60e194fb-1-ps,crmid:1557168335,4,Rewards Card,3,Business Loan
bf23b866-4c72-11ea-b71c-b88a60e194fb-1-ps,crmid:1186272660,5,Simplicity Card,4,Personal Loan
bf24f0ee-4c72-11ea-af0e-b88a60e194fb-1-ps,crmid:6810044592,3,Dividend Card,5,Business Loan
bf26ec9e-4c72-11ea-937a-b88a60e194fb-1-ps,crmid:3835046779,4,Rewards Card,3,Auto Loan
bf47e23e-4c72-11ea-b6ee-b88a60e194fb-1-ps,crmid:8579047473,5,Travel Card,9,Personal Loan
bf48a570-4c72-11ea-8657-b88a60e194fb-1-ps,crmid:7143251110,2,Student Card,5,Student Loan
bf49b710-4c72-11ea-8220-b88a60e194fb-1-ps,crmid:4736045529,4,Simplicity Card,3,Student Loan
bf4a7a48-4c72-11ea-ba51-b88a60e194fb-1-ps,crmid:7112006014,3,Rewards Card,6,Auto Loan
bf4bb2d8-4c72-11ea-b52e-b88a60e194fb-1-ps,crmid:6572856339,2,Platinum Card,4,Personal Loan
bf4c7634-4c72-11ea-9fa9-b88a60e194fb-1-ps,crmid:4955393467,4,Dividend Card,5,Student Loan
bf4d3964-4c72-11ea-9b12-b88a60e194fb-1-ps,crmid:2370730930,5,Simplicity Card,8,Business Loan
bf69e902-4c72-11ea-9845-b88a60e194fb-1-ps,crmid:8947541511,8,Business Card,5,Personal Loan
bf6aac90-4c72-11ea-b755-b88a60e194fb-1-ps,crmid:7411854176,4,Student Card,4,Personal Loan
bf6b6fb6-4c72-11ea-961d-b88a60e194fb-1-ps,crmid:3481915704,5,Rewards Card,5,Business Loan
bf6c3302-4c72-11ea-abfa-b88a60e194fb-1-ps,crmid:5268422286,5,Travel Card,8,Auto Loan
bf6cf640-4c72-11ea-9f1b-b88a60e194fb-1-ps,crmid:5895536609,5,Travel Card,4,Auto Loan
bf6db992-4c72-11ea-92f0-b88a60e194fb-1-ps,crmid:4307377843,4,Student Card,4,Student Loan
bf6e7cdc-4c72-11ea-862e-b88a60e194fb-1-ps,crmid:8661136855,3,Travel Card,3,Student Loan
bf90ab08-4c72-11ea-a77c-b88a60e194fb-1-ps,crmid:7446825934,4,Business Card,4,Business Loan
bf916f7e-4c72-11ea-a209-b88a60e194fb-1-ps,crmid:3061377763,5,Student Card,5,Personal Loan
bf925a10-4c72-11ea-90f3-b88a60e194fb-1-ps,crmid:7586205640,3,Platinum Card,3,Personal Loan
bf934418-4c72-11ea-a494-b88a60e194fb-1-ps,crmid:7801453550,2,Platinum Card,4,Student Loan
bf942d52-4c72-11ea-a3d4-b88a60e194fb-1-ps,crmid:2090714993,5,Simplicity Card,5,Student Loan
bf958d66-4c72-11ea-b05b-b88a60e194fb-1-ps,crmid:2781516704,4,Platinum Card,5,Business Loan
bf971392-4c72-11ea-b6fc-b88a60e194fb-1-ps,crmid:7955014494,4,Business Card,4,Business Loan
bfbac7fe-4c72-11ea-ad88-b88a60e194fb-1-ps,crmid:6148982497,4,Student Card,5,Auto Loan
bfbb8b80-4c72-11ea-b832-b88a60e194fb-1-ps,crmid:2084037447,4,Travel Card,7,Student Loan
bfbcc3da-4c72-11ea-9725-b88a60e194fb-1-ps,crmid:1813269168,5,Rewards Card,5,Personal Loan
bfbdd54c-4c72-11ea-b524-b88a60e194fb-1-ps,crmid:1710182833,4,Business Card,3,Business Loan
bfbf0de4-4c72-11ea-9288-b88a60e194fb-1-ps,crmid:9806283037,3,Business Card,4,Business Loan
bfbff83a-4c72-11ea-a8ae-b88a60e194fb-1-ps,crmid:5369358872,3,Platinum Card,4,Personal Loan
bfc0e2e4-4c72-11ea-897b-b88a60e194fb-1-ps,crmid:6217433271,4,Business Card,4,Auto Loan
bfdf18ec-4c72-11ea-9117-b88a60e194fb-1-ps,crmid:4691572843,3,Simplicity Card,6,Personal Loan
bfe0516e-4c72-11ea-862e-b88a60e194fb-1-ps,crmid:9860023462,5,Rewards Card,3,Auto Loan
bfe1ffda-4c72-11ea-b587-b88a60e194fb-1-ps,crmid:7955050287,4,Student Card,3,Student Loan
bfe3acfe-4c72-11ea-b81f-b88a60e194fb-1-ps,crmid:9219876187,3,Business Card,4,Personal Loan
bfe50c62-4c72-11ea-aa2e-b88a60e194fb-1-ps,crmid:1980692920,4,Dividend Card,4,Personal Loan
bfe5f6a2-4c72-11ea-9cc5-b88a60e194fb-1-ps,crmid:8487842073,6,Dividend Card,6,Student Loan
bfe7081a-4c72-11ea-a675-b88a60e194fb-1-ps,crmid:7724690639,3,Dividend Card,7,Business Loan
c0073a38-4c72-11ea-a5ba-b88a60e194fb-1-ps,crmid:6570461771,4,Dividend Card,4,Personal Loan
c00824c0-4c72-11ea-821e-b88a60e194fb-1-ps,crmid:8853137179,5,Platinum Card,4,Auto Loan
c008e7f8-4c72-11ea-949e-b88a60e194fb-1-ps,crmid:5232147925,4,Rewards Card,4,Personal Loan
c009ab3e-4c72-11ea-8040-b88a60e194fb-1-ps,crmid:6879242677,5,Travel Card,4,Auto Loan
c00abcbe-4c72-11ea-af93-b88a60e194fb-1-ps,crmid:2640442924,4,Dividend Card,8,Personal Loan
c00b801e-4c72-11ea-b33d-b88a60e194fb-1-ps,crmid:4166582184,5,Platinum Card,3,Personal Loan
c00c6a8a-4c72-11ea-9265-b88a60e194fb-1-ps,crmid:2879987501,6,Business Card,3,Auto Loan
c02e7146-4c72-11ea-a187-b88a60e194fb-1-ps,crmid:4730969046,4,Travel Card,5,Personal Loan
c02f5b9e-4c72-11ea-8e91-b88a60e194fb-1-ps,crmid:7888199077,5,Travel Card,5,Personal Loan
c0304606-4c72-11ea-9927-b88a60e194fb-1-ps,crmid:1365059117,4,Rewards Card,4,Personal Loan
c031a59c-4c72-11ea-9ca6-b88a60e194fb-1-ps,crmid:3881389134,3,Student Card,4,Personal Loan
c032b6e8-4c72-11ea-aa80-b88a60e194fb-1-ps,crmid:7267316160,4,Rewards Card,4,Personal Loan
c033f008-4c72-11ea-9647-b88a60e194fb-1-ps,crmid:3893451786,5,Simplicity Card,4,Auto Loan
c034b340-4c72-11ea-a120-b88a60e194fb-1-ps,crmid:5712683127,5,Student Card,4,Auto Loan
c055f690-4c72-11ea-9b06-b88a60e194fb-1-ps,crmid:3751278539,2,Business Card,8,Personal Loan
c05707ca-4c72-11ea-b184-b88a60e194fb-1-ps,crmid:3374787933,3,Dividend Card,4,Personal Loan
c058407a-4c72-11ea-9aa8-b88a60e194fb-1-ps,crmid:6035446854,4,Student Card,6,Personal Loan
c0597900-4c72-11ea-9177-b88a60e194fb-1-ps,crmid:6533861991,4,Simplicity Card,7,Personal Loan
c05a6358-4c72-11ea-a3ec-b88a60e194fb-1-ps,crmid:3225907393,6,Platinum Card,5,Business Loan
c05b2694-4c72-11ea-b9df-b88a60e194fb-1-ps,crmid:1308613100,2,Simplicity Card,4,Business Loan
c05c10d2-4c72-11ea-8b75-b88a60e194fb-1-ps,crmid:5627619650,5,Student Card,4,Personal Loan
c07a955e-4c72-11ea-a893-b88a60e194fb-1-ps,crmid:2240474717,4,Student Card,5,Business Loan
c07b8012-4c72-11ea-a2d7-b88a60e194fb-1-ps,crmid:3580977268,5,Platinum Card,9,Personal Loan
c07c4334-4c72-11ea-9a55-b88a60e194fb-1-ps,crmid:8187408157,4,Dividend Card,5,Personal Loan
c07d2d6e-4c72-11ea-92d7-b88a60e194fb-1-ps,crmid:1850180897,5,Simplicity Card,7,Personal Loan
c07df0a2-4c72-11ea-95b6-b88a60e194fb-1-ps,crmid:1469150752,5,Student Card,5,Business Loan
c07edb06-4c72-11ea-b41e-b88a60e194fb-1-ps,crmid:7067306473,5,Simplicity Card,5,Personal Loan
c07fc5ac-4c72-11ea-ba52-b88a60e194fb-1-ps,crmid:7507355408,2,Business Card,3,Personal Loan
c09e9966-4c72-11ea-9e6e-b88a60e194fb-1-ps,crmid:4446630458,4,Dividend Card,5,Auto Loan
c09f35ee-4c72-11ea-bc20-b88a60e194fb-1-ps,crmid:8199789266,4,Rewards Card,5,Auto Loan
c0a01eca-4c72-11ea-957e-b88a60e194fb-1-ps,crmid:8043787911,5,Rewards Card,6,Business Loan
c0a1302c-4c72-11ea-8873-b88a60e194fb-1-ps,crmid:2292173165,3,Dividend Card,3,Student Loan
c0a21a92-4c72-11ea-99b1-b88a60e194fb-1-ps,crmid:2083048601,5,Platinum Card,4,Personal Loan
c0a2df10-4c72-11ea-b1c8-b88a60e194fb-1-ps,crmid:3188067967,3,Platinum Card,4,Auto Loan
c0a3a280-4c72-11ea-bc00-b88a60e194fb-1-ps,crmid:7690738331,3,Platinum Card,3,Auto Loan
c0c30ff0-4c72-11ea-90c6-b88a60e194fb-1-ps,crmid:5340403501,2,Student Card,9,Personal Loan
c0c46f78-4c72-11ea-a289-b88a60e194fb-1-ps,crmid:8705901412,6,Student Card,4,Personal Loan
c0c55b4c-4c72-11ea-8e18-b88a60e194fb-1-ps,crmid:1417304975,4,Business Card,4,Personal Loan
c0c69348-4c72-11ea-a746-b88a60e194fb-1-ps,crmid:7361635829,3,Simplicity Card,4,Personal Loan
c0c77cd8-4c72-11ea-90da-b88a60e194fb-1-ps,crmid:9104227536,5,Simplicity Card,3,Personal Loan
c0c8dc4a-4c72-11ea-b66e-b88a60e194fb-1-ps,crmid:9442667077,4,Travel Card,9,Student Loan
c0c9c6c0-4c72-11ea-b31b-b88a60e194fb-1-ps,crmid:6981730743,3,Dividend Card,4,Personal Loan
c0e95d1e-4c72-11ea-ad71-b88a60e194fb-1-ps,crmid:6212205551,4,Dividend Card,7,Business Loan
c0ea4882-4c72-11ea-89ba-b88a60e194fb-1-ps,crmid:7540409762,6,Business Card,4,Business Loan
c0eba69c-4c72-11ea-89bb-b88a60e194fb-1-ps,crmid:9071813291,4,Platinum Card,4,Auto Loan
c0ec911e-4c72-11ea-a2b8-b88a60e194fb-1-ps,crmid:7785384963,3,Dividend Card,3,Business Loan
c0eda24a-4c72-11ea-b040-b88a60e194fb-1-ps,crmid:4693573225,4,Rewards Card,5,Student Loan
c0ef01d8-4c72-11ea-9a46-b88a60e194fb-1-ps,crmid:9667099670,8,Student Card,5,Auto Loan
c0efec34-4c72-11ea-a22e-b88a60e194fb-1-ps,crmid:9213560575,5,Business Card,4,Personal Loan
c10d5f7e-4c72-11ea-9609-b88a60e194fb-1-ps,crmid:5514545896,3,Dividend Card,4,Personal Loan
c10e22ac-4c72-11ea-8894-b88a60e194fb-1-ps,crmid:9725199917,5,Rewards Card,4,Auto Loan
c10ee794-4c72-11ea-a57a-b88a60e194fb-1-ps,crmid:9905972804,4,Dividend Card,2,Business Loan
c10fd046-4c72-11ea-8d7e-b88a60e194fb-1-ps,crmid:5505383525,5,Dividend Card,3,Business Loan
c110bb88-4c72-11ea-baf9-b88a60e194fb-1-ps,crmid:6924924465,4,Rewards Card,3,Business Loan
c1117f06-4c72-11ea-b40d-b88a60e194fb-1-ps,crmid:6480362384,2,Rewards Card,4,Auto Loan
c11268b0-4c72-11ea-a8f1-b88a60e194fb-1-ps,crmid:8953851856,5,Rewards Card,6,Personal Loan
c1313b9c-4c72-11ea-a085-b88a60e194fb-1-ps,crmid:1348768176,5,Student Card,10,Personal Loan
c132255a-4c72-11ea-86ed-b88a60e194fb-1-ps,crmid:1648281095,4,Platinum Card,3,Business Loan
c132e93a-4c72-11ea-90a5-b88a60e194fb-1-ps,crmid:4575981156,5,Simplicity Card,4,Personal Loan
c133f9fe-4c72-11ea-9f91-b88a60e194fb-1-ps,crmid:3590737129,3,Dividend Card,5,Auto Loan
c134be78-4c72-11ea-99c5-b88a60e194fb-1-ps,crmid:2477271346,3,Student Card,4,Student Loan
c135a88c-4c72-11ea-81ea-b88a60e194fb-1-ps,crmid:5481267276,3,Platinum Card,4,Personal Loan
c1369308-4c72-11ea-8a16-b88a60e194fb-1-ps,crmid:5047393111,3,Student Card,3,Student Loan
c1545336-4c72-11ea-bd8e-b88a60e194fb-1-ps,crmid:2022685519,4,Student Card,4,Personal Loan
c15517b0-4c72-11ea-8706-b88a60e194fb-1-ps,crmid:5130613089,4,Simplicity Card,4,Business Loan
c155db22-4c72-11ea-b506-b88a60e194fb-1-ps,crmid:7790620936,6,Business Card,4,Personal Loan
c156eb80-4c72-11ea-8811-b88a60e194fb-1-ps,crmid:1127769865,4,Simplicity Card,4,Student Loan
c157d59e-4c72-11ea-8e86-b88a60e194fb-1-ps,crmid:7424865605,5,Rewards Card,3,Personal Loan
c15898f6-4c72-11ea-9028-b88a60e194fb-1-ps,crmid:6971126988,2,Dividend Card,7,Personal Loan
c1595c54-4c72-11ea-b26c-b88a60e194fb-1-ps,crmid:7310557498,2,Platinum Card,5,Personal Loan
c17ac70a-4c72-11ea-83c2-b88a60e194fb-1-ps,crmid:7513478380,3,Student Card,4,Personal Loan
c17bb164-4c72-11ea-bfe7-b88a60e194fb-1-ps,crmid:1486157852,5,Platinum Card,4,Personal Loan
c17c74a8-4c72-11ea-8d52-b88a60e194fb-1-ps,crmid:1908528826,3,Business Card,4,Auto Loan
c17d5f00-4c72-11ea-ae34-b88a60e194fb-1-ps,crmid:4485620748,2,Rewards Card,4,Personal Loan
c17e7086-4c72-11ea-8477-b88a60e194fb-1-ps,crmid:4356011585,4,Rewards Card,3,Personal Loan
c17fa90c-4c72-11ea-b662-b88a60e194fb-1-ps,crmid:9878448593,3,Dividend Card,5,Personal Loan
c180ba80-4c72-11ea-84e5-b88a60e194fb-1-ps,crmid:8781972442,5,Travel Card,5,Auto Loan
c1a2c14a-4c72-11ea-87a4-b88a60e194fb-1-ps,crmid:4162664059,4,Student Card,5,Personal Loan
c1a420e8-4c72-11ea-9434-b88a60e194fb-1-ps,crmid:7244058820,3,Simplicity Card,2,Auto Loan
c1a58b9e-4c72-11ea-979e-b88a60e194fb-1-ps,crmid:5321902186,2,Simplicity Card,2,Personal Loan
c1a6dfe8-4c72-11ea-85cc-b88a60e194fb-1-ps,crmid:2009611833,5,Rewards Card,4,Personal Loan
c1a7a324-4c72-11ea-9a9e-b88a60e194fb-1-ps,crmid:5628836637,3,Simplicity Card,4,Personal Loan
c1a88da4-4c72-11ea-ade1-b88a60e194fb-1-ps,crmid:9624565269,8,Dividend Card,4,Business Loan
c1a99ef8-4c72-11ea-9bbf-b88a60e194fb-1-ps,crmid:3431119975,4,Simplicity Card,5,Student Loan
c1c69d92-4c72-11ea-9813-b88a60e194fb-1-ps,crmid:1742617244,3,Dividend Card,3,Personal Loan
c1c78754-4c72-11ea-a893-b88a60e194fb-1-ps,crmid:5166224835,5,Travel Card,8,Business Loan
c1c84aa6-4c72-11ea-ab4c-b88a60e194fb-1-ps,crmid:8956237173,4,Dividend Card,5,Auto Loan
c1c90e06-4c72-11ea-bbc2-b88a60e194fb-1-ps,crmid:5529083742,3,Student Card,5,Personal Loan
c1c9f876-4c72-11ea-a1db-b88a60e194fb-1-ps,crmid:8484960724,4,Simplicity Card,5,Auto Loan
c1cabba8-4c72-11ea-b0f0-b88a60e194fb-1-ps,crmid:4560291381,5,Business Card,4,Personal Loan
c1cb804a-4c72-11ea-b856-b88a60e194fb-1-ps,crmid:9631352392,5,Travel Card,2,Personal Loan
c1ec9cc6-4c72-11ea-bd28-b88a60e194fb-1-ps,crmid:2110201621,5,Business Card,4,Business Loan
c1ed85b6-4c72-11ea-be27-b88a60e194fb-1-ps,crmid:7242247126,4,Travel Card,4,Personal Loan
c1ee4a34-4c72-11ea-b6be-b88a60e194fb-1-ps,crmid:1565609967,4,Business Card,3,Business Loan
c1ef0c7a-4c72-11ea-94ff-b88a60e194fb-1-ps,crmid:9453220398,5,Student Card,8,Business Loan
c1eff752-4c72-11ea-8752-b88a60e194fb-1-ps,crmid:5430706286,5,Platinum Card,3,Auto Loan
c1f0bb66-4c72-11ea-b1b4-b88a60e194fb-1-ps,crmid:2152420848,4,Travel Card,3,Personal Loan
c1f1578c-4c72-11ea-a93a-b88a60e194fb-1-ps,crmid:8483614896,5,Business Card,5,Business Loan
c2118a1e-4c72-11ea-bdf7-b88a60e194fb-1-ps,crmid:1921671637,3,Business Card,4,Auto Loan
c2124c22-4c72-11ea-8c2e-b88a60e194fb-1-ps,crmid:7228438315,5,Student Card,2,Business Loan
c2130fee-4c72-11ea-aa8c-b88a60e194fb-1-ps,crmid:3047213537,3,Rewards Card,8,Personal Loan
c2146eb6-4c72-11ea-a9a1-b88a60e194fb-1-ps,crmid:8037104640,5,Rewards Card,5,Personal Loan
c2155d1a-4c72-11ea-a89f-b88a60e194fb-1-ps,crmid:9529325871,4,Student Card,5,Auto Loan
c2164398-4c72-11ea-9c28-b88a60e194fb-1-ps,crmid:3904474464,4,Student Card,4,Personal Loan
c2172f1e-4c72-11ea-aa14-b88a60e194fb-1-ps,crmid:7476896093,5,Business Card,6,Business Loan
c239a9c8-4c72-11ea-a11b-b88a60e194fb-1-ps,crmid:5972692198,5,Dividend Card,9,Auto Loan
c23a94c0-4c72-11ea-8097-b88a60e194fb-1-ps,crmid:1457013330,4,Platinum Card,3,Auto Loan
c23bcca8-4c72-11ea-80f3-b88a60e194fb-1-ps,crmid:1130507338,5,Business Card,5,Student Loan
c23cde42-4c72-11ea-b29f-b88a60e194fb-1-ps,crmid:5443130478,5,Dividend Card,4,Business Loan
c23e3f74-4c72-11ea-bfa3-b88a60e194fb-1-ps,crmid:7788234731,8,Simplicity Card,3,Student Loan
c23f298c-4c72-11ea-a3b3-b88a60e194fb-1-ps,crmid:3096093270,4,Business Card,5,Personal Loan
c23fc5cc-4c72-11ea-b0b2-b88a60e194fb-1-ps,crmid:5370713527,3,Travel Card,4,Personal Loan
c261a412-4c72-11ea-85b0-b88a60e194fb-1-ps,crmid:2272443613,4,Travel Card,4,Personal Loan
c26304ae-4c72-11ea-ae33-b88a60e194fb-1-ps,crmid:3399737005,3,Student Card,2,Student Loan
c2641574-4c72-11ea-9de3-b88a60e194fb-1-ps,crmid:3510505352,3,Dividend Card,3,Personal Loan
c2657576-4c72-11ea-abdb-b88a60e194fb-1-ps,crmid:8836092627,3,Dividend Card,5,Personal Loan
c266d43e-4c72-11ea-ba26-b88a60e194fb-1-ps,crmid:9555005851,5,Dividend Card,3,Auto Loan
c2680cb4-4c72-11ea-a0ed-b88a60e194fb-1-ps,crmid:4074581200,3,Simplicity Card,5,Personal Loan
c2691e1a-4c72-11ea-995e-b88a60e194fb-1-ps,crmid:9072080623,5,Student Card,2,Business Loan
c28a88e2-4c72-11ea-a5ad-b88a60e194fb-1-ps,crmid:7936319051,4,Travel Card,5,Personal Loan
c28bc146-4c72-11ea-b5b4-b88a60e194fb-1-ps,crmid:8855671981,5,Business Card,4,Personal Loan
c28cd2b4-4c72-11ea-aba8-b88a60e194fb-1-ps,crmid:8656285059,5,Business Card,4,Personal Loan
c28de458-4c72-11ea-ab65-b88a60e194fb-1-ps,crmid:7658672267,7,Platinum Card,4,Auto Loan
c28ef5da-4c72-11ea-a98a-b88a60e194fb-1-ps,crmid:1728852501,4,Simplicity Card,4,Personal Loan
c28fe00a-4c72-11ea-8bd9-b88a60e194fb-1-ps,crmid:8382325931,3,Simplicity Card,7,Personal Loan
c290ca52-4c72-11ea-9c19-b88a60e194fb-1-ps,crmid:6188770564,5,Travel Card,3,Personal Loan
c2b12398-4c72-11ea-b70b-b88a60e194fb-1-ps,crmid:4826200288,4,Rewards Card,6,Personal Loan
c2b235d8-4c72-11ea-9eca-b88a60e194fb-1-ps,crmid:9037639983,10,Platinum Card,5,Auto Loan
c2b31f68-4c72-11ea-8e56-b88a60e194fb-1-ps,crmid:8557376965,2,Dividend Card,4,Student Loan
c2b409b0-4c72-11ea-b728-b88a60e194fb-1-ps,crmid:1739825060,4,Business Card,4,Student Loan
c2b4f436-4c72-11ea-8f06-b88a60e194fb-1-ps,crmid:4936096899,5,Student Card,3,Business Loan
c2b6059a-4c72-11ea-a2c1-b88a60e194fb-1-ps,crmid:5606010670,4,Student Card,5,Auto Loan
c2b71714-4c72-11ea-b70d-b88a60e194fb-1-ps,crmid:5327956541,4,Rewards Card,5,Personal Loan
c2d723a4-4c72-11ea-982e-b88a60e194fb-1-ps,crmid:8079666655,4,Rewards Card,2,Student Loan
c2d80d00-4c72-11ea-b7a9-b88a60e194fb-1-ps,crmid:5187047635,5,Simplicity Card,3,Personal Loan
c2d8f75e-4c72-11ea-ac79-b88a60e194fb-1-ps,crmid:9762382335,3,Travel Card,5,Personal Loan
c2d9e134-4c72-11ea-b3ec-b88a60e194fb-1-ps,crmid:7774486336,4,Simplicity Card,4,Personal Loan
c2dacbc2-4c72-11ea-b4d3-b88a60e194fb-1-ps,crmid:3995951985,4,Platinum Card,3,Auto Loan
c2db8f0c-4c72-11ea-835f-b88a60e194fb-1-ps,crmid:9366886695,5,Business Card,4,Auto Loan
c2dca092-4c72-11ea-8927-b88a60e194fb-1-ps,crmid:3730547912,4,Dividend Card,4,Auto Loan
c2fea734-4c72-11ea-8be8-b88a60e194fb-1-ps,crmid:8186642849,4,Platinum Card,4,Business Loan
c2ff91ae-4c72-11ea-bf85-b88a60e194fb-1-ps,crmid:1321059946,3,Student Card,6,Business Loan
c3007d7a-4c72-11ea-b211-b88a60e194fb-1-ps,crmid:2009433432,3,Travel Card,4,Personal Loan
c3013f90-4c72-11ea-b600-b88a60e194fb-1-ps,crmid:6844570760,4,Dividend Card,4,Student Loan
c30202b4-4c72-11ea-8614-b88a60e194fb-1-ps,crmid:3620237640,5,Dividend Card,4,Personal Loan
c3033ba8-4c72-11ea-8101-b88a60e194fb-1-ps,crmid:7899519531,4,Platinum Card,2,Student Loan
c30426a2-4c72-11ea-8364-b88a60e194fb-1-ps,crmid:9048113284,4,Dividend Card,8,Personal Loan
c326536c-4c72-11ea-ae06-b88a60e194fb-1-ps,crmid:1985817464,4,Dividend Card,4,Business Loan
c32716ec-4c72-11ea-ad2a-b88a60e194fb-1-ps,crmid:6695706205,3,Rewards Card,4,Business Loan
c327da28-4c72-11ea-8c57-b88a60e194fb-1-ps,crmid:8057447267,4,Travel Card,3,Personal Loan
c3289eb4-4c72-11ea-8562-b88a60e194fb-1-ps,crmid:7812473444,3,Platinum Card,4,Personal Loan
c329af06-4c72-11ea-9ee7-b88a60e194fb-1-ps,crmid:2031110949,5,Dividend Card,6,Business Loan
c32a9a92-4c72-11ea-b2e2-b88a60e194fb-1-ps,crmid:5844496621,4,Dividend Card,4,Auto Loan
c32b8378-4c72-11ea-84f6-b88a60e194fb-1-ps,crmid:3614582430,4,Travel Card,5,Auto Loan
c35a34c0-4c72-11ea-9a01-b88a60e194fb-1-ps,crmid:1107977889,5,Travel Card,4,Personal Loan
c35b4626-4c72-11ea-b1ce-b88a60e194fb-1-ps,crmid:9114050591,6,Dividend Card,4,Personal Loan
c35ca5b8-4c72-11ea-9074-b88a60e194fb-1-ps,crmid:7624448867,5,Platinum Card,6,Personal Loan
c35de054-4c72-11ea-8f8f-b88a60e194fb-1-ps,crmid:4122621664,10,Dividend Card,4,Personal Loan
c35f1692-4c72-11ea-82c2-b88a60e194fb-1-ps,crmid:4261903876,3,Business Card,4,Auto Loan
c3604f1e-4c72-11ea-9ab2-b88a60e194fb-1-ps,crmid:2260865416,5,Dividend Card,3,Student Loan
c36187a8-4c72-11ea-bbf5-b88a60e194fb-1-ps,crmid:6998069912,4,Travel Card,3,Personal Loan
c392347a-4c72-11ea-af7e-b88a60e194fb-1-ps,crmid:5115882532,5,Travel Card,6,Auto Loan
c3936d0a-4c72-11ea-9e7b-b88a60e194fb-1-ps,crmid:3195685400,5,Student Card,3,Auto Loan
c394f3b0-4c72-11ea-a619-b88a60e194fb-1-ps,crmid:9604529267,8,Travel Card,4,Auto Loan
c3965334-4c72-11ea-af43-b88a60e194fb-1-ps,crmid:5735325471,5,Travel Card,6,Auto Loan
c3978bb4-4c72-11ea-bccb-b88a60e194fb-1-ps,crmid:6157886714,3,Travel Card,4,Personal Loan
c3993976-4c72-11ea-9cdb-b88a60e194fb-1-ps,crmid:2544922550,4,Travel Card,6,Personal Loan
c39ac01a-4c72-11ea-b237-b88a60e194fb-1-ps,crmid:1759057285,3,Student Card,4,Personal Loan
c3cfb2a8-4c72-11ea-8760-b88a60e194fb-1-ps,crmid:2220009395,5,Business Card,3,Personal Loan
c3d1875e-4c72-11ea-95c3-b88a60e194fb-1-ps,crmid:7104262381,5,Dividend Card,4,Personal Loan
c3d33524-4c72-11ea-8a0c-b88a60e194fb-1-ps,crmid:8083695259,3,Platinum Card,4,Personal Loan
c3d4bbae-4c72-11ea-a3c5-b88a60e194fb-1-ps,crmid:7361635829,7,Business Card,3,Business Loan
c3d66958-4c72-11ea-aa84-b88a60e194fb-1-ps,crmid:3377669716,4,Business Card,5,Auto Loan
c3d7c8ee-4c72-11ea-85b2-b88a60e194fb-1-ps,crmid:4232957688,4,Platinum Card,3,Personal Loan
c3d94f86-4c72-11ea-a19d-b88a60e194fb-1-ps,crmid:9833611774,4,Rewards Card,5,Business Loan
