email,first_name,last_name
plasmid1924@yahoo.com,Isaura,Howell
moorhen1804@outlook.com,Fredric,Beach
solarise1827@yandex.com,Cletus,Bowers
superinference1936@live.com,Emilio,Adkins
sawbucks1976@outlook.com,Jeanene,Day
kinkajou1850@yandex.com,Dannie,Wright
rugbeian1820@yandex.com,Adrian,Pearson
busch1823@live.com,Justin,Shaffer
misreckoned1859@yandex.com,Elden,Sheppard
clevie1965@yandex.com,Omer,Whitfield
dieri1971@yahoo.com,Chassidy,Sherman
algicides1833@outlook.com,Jarrett,Vincent
carburator1808@live.com,Rusty,Fuller
notifying1972@yandex.com,Trenton,Fowler
repair2049@live.com,Mayola,Kent
ourang1901@live.com,Cyrus,Riley
euda1858@gmail.com,Brent,Austin
thrower1940@gmail.com,Reynaldo,Mullins
cutline2039@outlook.com,Terrell,Logan
concentrate1903@gmail.com,Henry,Cain
landowning1903@yandex.com,Dominick,Copeland
decency2045@yandex.com,Sammy,Williams
tromometric2027@outlook.com,Brett,Bryant
allegri1977@gmail.com,Taylor,Lester
stinkbug1882@outlook.com,Fernando,Garza
