crmid,email,first_name,last_name,gender,mobile_telephone,city,country,zip,state,street_address,birthday,genre
crmid:4217446698,steadiest1985@yandex.aephandson.com,Palmira,Logan,female,769-309-0767,Palm Desert,United States,76142,Rhode Island,766 Mount,1999-10-24,History
crmid:1757905012,guidon1918@outlook.aephandson.com,Pei,Guerrero,female,420-139-5210,West Des Moines,United States,16332,New York,613 Cora,1946-10-22,Mystery
crmid:1078062948,porpoise2053@live.aephandson.com,James,Hogan,male,520-339-4928,Anniston,United States,24700,California,797 Brompton,1933-05-14,Thriller
crmid:6169084186,archimedes1930@outlook.aephandson.com,Hoyt,Mcmahon,male,645-125-9239,Brownsville,United States,26748,Vermont,975 Alma,1942-05-19,Mystery
crmid:4336758222,requisitely1860@outlook.aephandson.com,Fritz,Guy,,275-450-5689,Maywood,United States,47126,Rhode Island,1256 Van Dyke,1988-08-31,Action
crmid:4343886032,angelika1995@outlook.aephandson.com,Karl,Brewer,,865-971-1204,Los Angeles,United States,83996,Nebraska,756 Ocean Vista,1984-06-13,Animation
crmid:4684238972,chaute2050@live.aephandson.com,Jeramy,Lynch,,143-358-8976,Flagstaff,United States,22895,New Mexico,401 Spear,1962-05-20,Animation
crmid:4393983712,cartesian1895@yandex.aephandson.com,Israel,Austin,,369-103-2803,Poway,United States,42128,Iowa,383 Vassar,1983-04-24,Mystery
crmid:5552175440,fiercely2019@gmail.aephandson.com,Johnson,Kidd,,138-931-5719,Forest Park,United States,43304,Mississippi,1105 Fenton,1962-07-19,News
crmid:3697495860,donkey1820@yandex.aephandson.com,Jimmy,Buchanan,female,527-321-1568,Shakopee,United States,21150,Rhode Island,1321 Matthew,1960-04-04,Fantasy
crmid:8740869779,species1999@gmail.aephandson.com,Assunta,Herring,female,699-533-2688,DeKalb,United States,00900,New Hampshire,33 Trader Vic,1953-01-13,Family
crmid:9436062131,sedated2008@outlook.aephandson.com,Lachelle,Nielsen,female,253-165-4253,Champaign,United States,72593,Alaska,1004 Yukon,1946-10-09,Fantasy
crmid:9956755979,mailbox1825@yahoo.aephandson.com,Phillip,Bishop,,676-733-6595,Hopewell,United States,42439,Arkansas,1288 Huntington,1973-08-10,Drama
crmid:8887643801,intact1808@outlook.aephandson.com,Adan,Becker,,433-886-0760,Joplin,United States,24802,Alaska,868 Urbano,1976-05-02,Sport
crmid:5436807567,femoropopliteal1828@yahoo.aephandson.com,Stephen,Mckenzie,female,652-635-5850,Whittier,United States,14390,Missouri,1161 Edna,1953-08-19,Fantasy
crmid:3212396262,anesthetize1898@yahoo.aephandson.com,Alberto,Gregory,,591-429-5950,Goose Creek,United States,55099,Nebraska,1063 Forest,1967-09-02,Fantasy
crmid:1539102274,haematins2001@outlook.aephandson.com,Aaron,Melendez,,628-627-9676,Horn Lake,United States,23961,Connecticut,472 Germania,1973-04-11,News
crmid:9174778244,dreyfus2042@yandex.aephandson.com,Jonah,Hicks,,294-528-4291,Haines City,United States,23649,Alaska,549 Seminole,1969-04-30,News
crmid:6003773465,moguls1958@live.aephandson.com,Lanie,Dudley,female,942-431-8008,Clearfield,United States,62622,Alaska,259 Ringold,1948-10-10,Comedy
crmid:8830442446,pinole1889@yahoo.aephandson.com,Dominick,Morales,,139-783-5000,Gilroy,United States,84706,Wyoming,358 Weatherly,1966-07-22,News
crmid:9525036503,dramshop2026@live.aephandson.com,Daron,Cobb,male,534-676-4247,Orinda,United States,61933,New Hampshire,1085 Dicha,1943-03-06,Action
crmid:4903570881,epomophorus1819@yandex.aephandson.com,Simon,Knapp,,977-173-7753,Wheat Ridge,United States,40756,Connecticut,80 Watt,1990-06-02,News
crmid:2593612209,doily2015@gmail.aephandson.com,Bert,Yang,male,292-133-2145,Belle Glade,United States,68921,Illinois,224 Kamille,1937-11-23,Sport
crmid:6208922796,emacs2054@gmail.aephandson.com,Cody,Lambert,,734-745-5491,Marlborough,United States,35514,Georgia,570 Malvina,1987-06-09,News
crmid:3760820240,fanmaker1883@outlook.aephandson.com,Rubin,Salas,,516-490-6067,Hampton,United States,15790,Minnesota,774 Sutter,1969-04-02,Horror
crmid:8701944563,believe2058@gmail.aephandson.com,Frederick,Waller,,190-877-1384,Franklin,United States,95896,Indiana,1288 Bartlett,1963-10-19,Mystery
crmid:5115411114,cruce2046@yahoo.aephandson.com,Glenn,Mcdaniel,male,070-548-8069,Broken Arrow,United States,22407,Colorado,1029 Freeman,1941-04-19,News
crmid:1957657359,cycloid2002@gmail.aephandson.com,Phil,Lowe,male,053-738-7547,Yorkville,United States,05070,Rhode Island,1094 Tiffany,1937-08-18,Fantasy
crmid:3883427628,biologists1912@outlook.aephandson.com,Wiley,Morse,,479-124-4556,Rockford,United States,30552,New Mexico,413 Ervine,1973-03-03,News
crmid:5036755021,fluffs2045@live.aephandson.com,Errol,Holloway,,220-648-1209,Oregon,United States,37751,Utah,1396 Sacramento,1973-01-26,Animation
crmid:9105460232,beatitudes1972@outlook.aephandson.com,Jona,Neal,female,665-303-3754,Parker,United States,26597,Michigan,1400 Josepha,1959-04-21,Westerns
crmid:1502545788,shambled2065@yahoo.aephandson.com,Myesha,Johnson,female,418-987-8516,Escondido,United States,38286,Florida,155 Mariposa,1960-07-15,Thriller
crmid:8975525657,gooses2065@gmail.aephandson.com,Edison,Craft,,255-344-3302,Lino Lakes,United States,74024,North Dakota,1251 Kenny,1983-12-21,Reality-TV
crmid:7079581989,arock1895@yahoo.aephandson.com,Juan,Morales,,446-767-6478,Seymour,United States,72653,Texas,53 Jakey,1980-04-23,Comedy
crmid:1799078835,cephalotripsy1984@live.aephandson.com,Johnson,Finley,,266-442-9795,North Olmsted,United States,49853,Montana,864 Moss,1999-08-15,Animation
crmid:8638630753,redips2045@outlook.aephandson.com,Percy,Sherman,male,708-503-3674,Surprise,United States,64954,Washington,184 Egbert,1945-08-27,Westerns
crmid:3379862341,wimple2016@gmail.aephandson.com,Parthenia,Madden,female,248-098-8183,Clifton,United States,40537,New York,306 Bocana,1948-07-18,News
crmid:1478367910,pronounal2068@gmail.aephandson.com,Trenton,Snow,male,391-978-0563,San Pablo,United States,75165,Nevada,472 Montcalm,1940-09-27,Action
crmid:5617057049,chelone1839@yandex.aephandson.com,Cathern,Hyde,female,961-900-2814,Converse,United States,94350,Georgia,1001 Ezekiel,1950-02-15,Drama
crmid:4047776411,danielak1900@live.aephandson.com,Marquis,Macias,,518-831-3642,Newark,United States,78836,Missouri,845 Vinton,1997-12-29,Action
crmid:1002960203,launce1930@yahoo.aephandson.com,Ryan,Clayton,,282-241-4694,Merced,United States,86910,West Virginia,394 Hutchins,1989-08-21,Drama
crmid:8959884534,cholones2041@live.aephandson.com,Terrell,Dean,,307-938-7929,Horn Lake,United States,41828,Vermont,1393 Seal Cove,1973-07-12,Sport
crmid:4492411394,arylate1912@outlook.aephandson.com,Austin,Macias,,125-906-5967,Salisbury,United States,20453,Arizona,489 Clarkson,1967-02-06,Animation
crmid:7277815357,livyer2044@live.aephandson.com,Kirk,Moss,male,934-022-6706,Tullahoma,United States,13349,Massachusetts,122 Saint Germain,1943-12-11,Fantasy
crmid:1516142961,brockman1857@outlook.aephandson.com,Fredric,Jenkins,,925-634-3701,West Springfield,United States,33949,Montana,50 Columbia Square,1972-06-10,Fantasy
crmid:9870356767,pathogenetic2056@live.aephandson.com,Abel,Knight,male,511-724-1434,Wilmington,United States,06642,North Carolina,220 Elliot,1930-11-23,News
crmid:3580611814,zonular1936@live.aephandson.com,Cameron,Chambers,,637-385-1526,Lebanon,United States,02163,Vermont,666 August,1981-01-10,Reality-TV
crmid:5018402264,hellion1966@yandex.aephandson.com,Timmy,Sandoval,,728-166-1695,Mayfield Heights,United States,65829,Ohio,114 Edgardo,1988-10-17,Biography
crmid:7452545117,cormac1897@gmail.aephandson.com,Les,Frye,male,285-824-8814,Spartanburg,United States,59306,Hawaii,447 Wanda,1930-06-10,Family
crmid:6750848866,birthing1978@yandex.aephandson.com,Edyth,Roach,female,440-941-1885,Deltona,United States,19275,Michigan,138 Skyview,1954-03-25,Thriller
crmid:8596032149,pharm2006@yahoo.aephandson.com,Charita,Hampton,female,734-525-9602,University Place,United States,82933,Montana,599 Chumasero,1994-04-28,Sport
crmid:7022511964,castaways1910@live.aephandson.com,Mariette,Mckee,female,758-218-4298,Wenatchee,United States,51539,Pennsylvania,1228 Globe,1948-11-20,Action
crmid:5514093012,denny1946@yahoo.aephandson.com,Carey,Grimes,male,331-577-6727,Bergenfield,United States,86302,Montana,616 Pacheco,1938-11-03,News
crmid:8325513136,ermey1912@outlook.aephandson.com,Sindy,Curtis,female,397-824-8472,DeKalb,United States,49052,Kentucky,1103 Reeves,1953-08-07,News
crmid:5887445692,palmira1934@gmail.aephandson.com,Magdalen,Salas,female,495-306-4023,Salem,United States,81705,Arizona,624 Shoup,1946-06-26,Action
crmid:6341547218,carinal1883@gmail.aephandson.com,Shenita,Lambert,female,119-811-6987,Deerfield,United States,75291,Delaware,1251 Diaz,1954-08-17,Sport
crmid:5270255425,unaltering2022@gmail.aephandson.com,Todd,Gay,,870-516-2849,West Linn,United States,53337,Nebraska,1134 Rhode Island,1997-06-11,News
crmid:5527486325,pommies1952@gmail.aephandson.com,Joaquin,Puckett,male,674-463-0576,Redding,United States,07092,South Carolina,841 Seawell,1934-05-24,Sport
crmid:2603056387,crankless1896@yahoo.aephandson.com,Darryl,Booth,,372-466-7678,North Richland Hills,United States,84610,Illinois,783 Alert,1999-12-13,Thriller
crmid:1819267736,lapwing1847@yahoo.aephandson.com,Ward,Marshall,male,754-066-1341,Nashua,United States,87054,South Carolina,705 Timothy Pflueger,1995-01-19,Biography
crmid:8346218744,pulper2014@outlook.aephandson.com,Raymon,Morin,,538-369-1518,Sun Prairie,United States,38346,Nebraska,1205 Virginia,1976-11-26,Reality-TV
crmid:8257998152,holts1809@yandex.aephandson.com,Keneth,Elliott,male,591-958-7972,Queen Creek,United States,68310,North Carolina,296 Chain Of Lakes,1936-06-09,Biography
crmid:2011238402,feedbacks2052@live.aephandson.com,Irwin,Hansen,,826-242-1729,Forest Park,United States,22380,Washington,818 Stanford,1962-05-17,Sport
crmid:2746481321,acoustic1922@yahoo.aephandson.com,Benedict,Bates,,800-427-8327,Keller,United States,05032,Mississippi,1074 Almaden,1977-01-27,Fantasy
crmid:7369193205,tumion1952@outlook.aephandson.com,Rickey,Mcbride,male,600-224-1511,Alvin,United States,55859,Arkansas,135 Carl,1932-10-16,News
crmid:1610492222,baboon1841@yahoo.aephandson.com,Rocky,Mckay,,376-155-2346,Park Ridge,United States,99204,Maryland,325 Candlestick Cove,1996-06-08,Action
crmid:6117240069,splendent1901@yahoo.aephandson.com,Claude,Calderon,male,459-711-4930,Battle Creek,United States,03142,New York,367 Waltham,1936-02-05,News
crmid:2971696517,orbitar1960@yandex.aephandson.com,Rolf,Lancaster,,442-005-9861,Fishers,United States,89680,New York,1400 Sunnyside,1962-11-07,News
crmid:7055681403,arylate1856@yandex.aephandson.com,Norbert,Collins,,870-898-6181,South Lake Tahoe,United States,76769,Montana,379 Raycliff,1969-12-15,Biography
crmid:7757707130,aptly2032@yandex.aephandson.com,Takisha,Gray,female,944-726-7126,El Mirage,United States,43449,Nebraska,968 Roach,1958-08-12,Sport
crmid:6030059422,ballots1978@yahoo.aephandson.com,Edwardo,Ellison,,753-463-4996,Richmond,United States,87691,Louisiana,716 Sunview,1991-04-22,Horror
crmid:1879686408,vermillions2038@live.aephandson.com,Jamey,Jennings,,858-403-3093,Vernon Hills,United States,73874,Louisiana,1069 Santa Marina,1975-06-21,History
crmid:1985857357,blending1996@live.aephandson.com,Nathaniel,Silva,,824-852-4305,Fishers,United States,72478,Missouri,924 Venus,1962-12-06,News
crmid:2084599914,succoring2052@outlook.aephandson.com,Mckinley,Mcmillan,male,160-969-8492,Akron,United States,38898,Washington,700 Ezekiel,1930-07-20,Mystery
crmid:3878220588,azhar2058@yahoo.aephandson.com,Kirk,Gonzales,,365-974-6744,Wylie,United States,83583,North Carolina,633 Oakwood,1993-07-17,Action
crmid:1818276159,pteridium1824@gmail.aephandson.com,Shawanna,William,female,308-991-7666,Norwalk,United States,79934,Maine,398 Blanken,1999-04-15,News
crmid:8299739888,discolor2045@yandex.aephandson.com,Ryan,Austin,male,163-233-4691,Beavercreek,United States,57622,Vermont,566 Northern,1937-09-01,Fantasy
crmid:7415801094,pathogenetic1963@yahoo.aephandson.com,Errol,Schneider,male,462-087-0184,Urbana,United States,08672,Massachusetts,948 Galindo,1937-04-26,Thriller
crmid:2689156303,chimalapa1856@yahoo.aephandson.com,Zachery,Bullock,,848-497-6929,Liberty,United States,00581,Kentucky,836 Plaza,1982-01-01,Mystery
crmid:8254542546,leesing1810@outlook.aephandson.com,Dwain,Roy,,846-969-4269,Park Ridge,United States,55139,Hawaii,43 Fremont,1980-10-18,Thriller
crmid:6316530913,surrounded2009@gmail.aephandson.com,Shery,Bray,female,893-364-1347,Cleveland,United States,47849,South Carolina,1293 Bartol,1948-08-04,News
crmid:2290324550,preorganize2024@yandex.aephandson.com,Ferdinand,Roman,male,776-887-1762,Westmont,United States,60724,Minnesota,318 Candlewood,1930-04-25,Action
crmid:2139489825,cantharis1811@live.aephandson.com,Domenic,Walls,,288-959-8983,Lenexa,United States,18977,Georgia,1179 North Van Horn,1982-03-09,Reality-TV
crmid:9104810101,danny1871@gmail.aephandson.com,Jude,Malone,,391-233-7502,Rutland,United States,53475,New York,636 De Wolf,1997-12-11,Action
crmid:8874043396,tawer1867@live.aephandson.com,Shan,Crawford,female,391-499-4223,Chowchilla,United States,44139,Idaho,926 Pennington,1947-08-07,Sport
crmid:9882918895,malarkeys1986@yandex.aephandson.com,Brain,Mayer,,105-920-2366,Phenix City,United States,47030,Utah,453 Ggp Access Road,1989-05-23,News
crmid:8188814131,gopher1875@live.aephandson.com,Thomas,Dalton,,939-908-9668,Midwest City,United States,60454,Georgia,993 Delano,1990-11-26,Action
crmid:5969607715,bitter1986@yahoo.aephandson.com,Lisandra,Maynard,female,903-389-9402,Eagan,United States,55391,California,803 Rosewood,1956-10-10,Westerns
crmid:8053699308,campane1907@outlook.aephandson.com,Dick,Buck,,264-712-0774,Gallup,United States,90861,South Carolina,429 Brooklyn,1965-10-01,Biography
crmid:6554491371,ardys2050@outlook.aephandson.com,Blake,Fuller,,699-005-6919,Kennesaw,United States,59473,Delaware,1395 Spears,1977-09-04,Action
crmid:4671976765,unripening1928@gmail.aephandson.com,Claudio,Maddox,,702-240-8507,Parma,United States,41353,Georgia,88 Bob Kaufman,1984-03-12,Biography
crmid:2017131937,albus1813@live.aephandson.com,Vincent,Mercado,,722-726-5235,Greenville,United States,26633,Alaska,1146 Van Keuren,1968-05-19,Biography
crmid:1880823770,investible2018@gmail.aephandson.com,Nathan,Walter,,318-230-7378,Hartford,United States,71291,West Virginia,1394 Von Schmidt,1970-12-29,Fantasy
crmid:4467930681,severality1994@yahoo.aephandson.com,Rene,Weiss,male,021-689-3610,Shively,United States,50919,Arkansas,567 Gibson,1935-08-30,News
crmid:2597281860,heth2043@live.aephandson.com,Zachary,Sweeney,male,667-125-9632,Battle Creek,United States,85346,South Carolina,317 Sunnydale,1936-10-28,Reality-TV
crmid:6030985943,clandestine1939@yandex.aephandson.com,Keven,Winters,male,834-755-6574,Bellflower,United States,31711,New Hampshire,1050 Worden,1937-06-06,History
crmid:5112938588,unconformableness1811@gmail.aephandson.com,Jack,Stanton,female,486-016-8389,Desert Hot Springs,United States,26067,Washington,426 Carrie,1954-04-28,Action
crmid:2325270053,ducking1843@live.aephandson.com,Lino,Gardner,male,648-631-4191,Xenia,United States,57993,New Hampshire,173 Wright,1943-12-12,News
crmid:7139633620,peachen2001@yandex.aephandson.com,Jerrica,Lamb,female,753-859-4869,El Monte,United States,22987,Oklahoma,466 Macarthur,1958-04-17,Fantasy
crmid:1573802244,starship1860@live.aephandson.com,Pearly,Gaines,female,216-458-4176,Skokie,United States,24392,Nevada,280 Fowler,1956-12-14,Animation
crmid:7943415344,whammo1988@yandex.aephandson.com,Ira,Reed,male,722-238-3674,Camas,United States,29186,Minnesota,522 James,1943-05-24,Animation
crmid:5802971614,annoyed1826@outlook.aephandson.com,Travis,Stokes,female,189-194-4762,Rockledge,United States,28501,Pennsylvania,908 De Forest,1961-09-28,Comedy
crmid:8373060033,acinar1813@gmail.aephandson.com,Marylynn,Haynes,female,124-766-5812,Crystal,United States,30601,Kentucky,932 Clearview,1952-06-13,News
crmid:4748004688,apraxia1924@yahoo.aephandson.com,Florencio,Burks,,802-416-8717,Norwood,United States,49892,Michigan,500 Jersey,1985-08-31,Action
crmid:9329750665,albian2040@yandex.aephandson.com,Cleveland,Knox,,802-706-5096,McMinnville,United States,60199,Georgia,964 Walnut,1988-11-14,Reality-TV
crmid:8662309743,loris1808@yahoo.aephandson.com,Grant,Serrano,,159-517-4188,Lombard,United States,69089,Mississippi,1124 Stone,1984-11-16,Action
crmid:7025931823,voyageurs1922@gmail.aephandson.com,Monty,Byers,,010-018-3061,Montebello,United States,41121,New Mexico,668 Ellert,1992-07-15,Mystery
crmid:2818175433,bicamerist1944@yandex.aephandson.com,Nathanial,Hoffman,male,476-390-7886,Boynton Beach,United States,49224,Missouri,782 Santa Rita,1940-07-14,News
crmid:6706076550,multirooted1833@yahoo.aephandson.com,Britni,Hooper,female,543-815-2988,Eastlake,United States,84365,New Jersey,993 Waithman,1957-01-14,Biography
crmid:2393701567,anthonin1869@yandex.aephandson.com,Jonathon,Craft,,928-466-1044,Mountlake Terrace,United States,32321,Washington,803 Hearst,1994-06-11,News
crmid:5068246373,utilizer2047@gmail.aephandson.com,Thomas,Sanders,,070-379-0980,Garden Grove,United States,58272,Pennsylvania,123 Sixth,1965-09-07,Reality-TV
crmid:6720689563,draughtsman1835@gmail.aephandson.com,Kelly,Holmes,,661-831-2658,Hutchinson,United States,09437,Missouri,306 Donahue,1974-01-07,Sport
crmid:6559898591,nucleary2062@yandex.aephandson.com,Curtis,Moran,male,390-516-7224,West Des Moines,United States,68667,North Carolina,814 Crossover,1936-10-22,News
crmid:9046552607,mistimed1821@gmail.aephandson.com,Bobby,Sharp,male,520-033-8908,Bellingham,United States,68005,Kansas,21 Horne,1937-11-02,Fantasy
crmid:1487973382,bragget2039@yandex.aephandson.com,Faustino,Golden,,285-864-2440,Redding,United States,34269,New Jersey,524 Stanyan,1975-01-15,Fantasy
crmid:6827431650,brack2053@yandex.aephandson.com,Derick,Beach,male,472-828-8323,Adrian,United States,11451,Tennessee,1357 Lamartine,1930-03-02,Mystery
crmid:3341276108,recharger1925@gmail.aephandson.com,Barney,English,,064-778-8228,Greenville,United States,86570,Delaware,1292 Quintara,1968-07-23,Fantasy
crmid:7707932637,castles1873@gmail.aephandson.com,Rosendo,Knowles,male,961-947-2677,Brookings,United States,40196,Illinois,1349 Plymouth,1942-08-16,History
crmid:9895257797,stizolobium1843@live.aephandson.com,Rodney,Sutton,male,659-133-9033,Shoreline,United States,08612,Maryland,351 Walter,1936-08-28,Reality-TV
crmid:7420854187,cotte1839@gmail.aephandson.com,Nicholas,Estes,male,767-660-9589,Auburn,United States,64983,Oklahoma,1300 Alviso,1934-10-25,News
crmid:4126302320,bullfrog2004@yandex.aephandson.com,Ezequiel,Stuart,male,283-762-2958,Blacksburg,United States,88131,Missouri,1273 Marion,1939-04-28,News
crmid:4774168200,boomerang1996@yahoo.aephandson.com,Bradly,Valdez,,932-415-6568,Harrisonburg,United States,20929,South Carolina,893 Olmstead,1970-04-10,Westerns
crmid:2665025323,experimentalist1975@gmail.aephandson.com,Jae,Sykes,male,402-451-8649,Beaverton,United States,29955,Indiana,65 South Hughes,1937-05-28,Reality-TV
crmid:2485944761,recrank1929@gmail.aephandson.com,Jeff,Hancock,male,954-030-3522,Waynesboro,United States,03999,Virginia,1131 Vine,1935-05-12,Sport
crmid:9095598221,bernadin1815@yandex.aephandson.com,Cristobal,Galloway,,045-647-1167,West Bend,United States,54243,New Jersey,966 Avery,1987-05-04,Action
crmid:6097999369,floods1966@yahoo.aephandson.com,Myron,Avila,male,141-907-0928,Benicia,United States,43314,Hawaii,78 Todd,1938-07-01,News
crmid:3659755720,gritstone2064@gmail.aephandson.com,Eldridge,Knox,male,285-456-2107,Weatherford,United States,71775,North Dakota,394 Ggp Access Road,1931-03-16,Action
crmid:1279927753,suing1818@yandex.aephandson.com,Fredda,Mack,female,577-738-6725,Cocoa,United States,12057,West Virginia,675 Lurmont,1949-03-18,Drama
crmid:8591090774,charta1963@live.aephandson.com,Brandon,Barnett,,319-061-1835,Park Ridge,United States,72103,Massachusetts,678 Greenspring,1971-05-29,News
crmid:2920259857,gloms2046@outlook.aephandson.com,Diedra,Cooper,female,897-952-6342,Colleyville,United States,75189,North Dakota,1257 Niagara,1949-12-19,Animation
crmid:4672509208,tipping1804@live.aephandson.com,Edwin,Holcomb,,796-931-1957,Port Hueneme,United States,32141,Iowa,343 Irving,1978-09-09,Sport
crmid:8983949045,phaenogamous1823@yahoo.aephandson.com,Boris,Walters,,141-634-6784,Union City,United States,35020,Indiana,330 Decatur,1974-03-18,Mystery
crmid:6570006180,kilts2013@live.aephandson.com,Kattie,Pena,female,384-507-7651,El Centro,United States,26956,Nebraska,752 Hester,1958-05-23,Family
crmid:3407446929,scallywags1829@yandex.aephandson.com,Reagan,Rivers,female,481-122-3069,Farmers Branch,United States,41048,Illinois,415 Erkson,1961-07-25,News
crmid:6965620465,bluebill1986@yandex.aephandson.com,Clement,Donovan,male,666-566-9932,Burbank,United States,62713,Arkansas,706 Arballo,1942-11-04,Fantasy
crmid:8868393757,overlow1891@yahoo.aephandson.com,Maryalice,Boyer,female,879-294-0194,Creve Coeur,United States,37749,Illinois,412 Great,1951-06-03,Comedy
crmid:8511420452,cembalo2068@yandex.aephandson.com,Reuben,Woods,male,012-290-4491,Caledonia,United States,49983,Georgia,562 Davis,1943-08-31,Thriller
crmid:1323877831,branch1830@yandex.aephandson.com,Reggie,Houston,male,608-591-2877,Burton,United States,74186,Colorado,235 Steveloe,1943-08-14,Family
crmid:1475782078,deepfreezed2057@live.aephandson.com,Charlyn,Rowe,female,039-294-8741,Woodridge,United States,81745,Arkansas,815 Oakdale,1948-02-25,History
crmid:8649458833,offsprings1895@outlook.aephandson.com,Cliff,Carpenter,male,671-210-4672,Stevens Point,United States,91591,Vermont,258 Amity,1934-02-05,Westerns
crmid:9208668274,irrelevantly1889@live.aephandson.com,Graham,Moran,,971-028-4066,Meriden,United States,82760,Vermont,517 Essex,1989-07-08,News
crmid:4237244684,phthalein1942@yahoo.aephandson.com,Waldo,Greene,,026-156-0822,Miamisburg,United States,97593,Maine,229 Kempton,1990-02-24,Thriller
crmid:7861982522,mule1854@yandex.aephandson.com,Jen,Dodson,female,756-531-1562,Vallejo,United States,96592,New Jersey,443 Clipper,1958-12-30,Sport
crmid:4849561900,cakiest1998@yandex.aephandson.com,Harold,York,female,153-666-4705,Faribault,United States,11893,Virginia,77 Farallones,1961-04-06,Fantasy
crmid:4023843160,fiction2019@gmail.aephandson.com,Tobias,Stewart,,649-192-7380,Kokomo,United States,38867,Connecticut,1081 Rankin,1978-06-04,Thriller
crmid:1634785746,affluent1978@live.aephandson.com,Boyce,Emerson,male,608-267-2139,Blythe,United States,03360,Maryland,505 Garrison,1940-01-09,Animation
crmid:7180652776,colombian2011@live.aephandson.com,Buster,Robinson,male,357-610-9329,Rutland,United States,00450,Nevada,52 Delancey,1935-02-25,Action
crmid:2490917233,pantryman1978@live.aephandson.com,Matt,Ballard,,608-441-5942,Hamilton,United States,01304,Minnesota,1277 Belmont,1969-01-18,Sport
crmid:5886667898,haemoflagellate1960@gmail.aephandson.com,Cliff,Benton,male,062-377-8634,Saratoga,United States,00564,Ohio,761 Granada,1941-02-03,Thriller
crmid:2485217254,tessera1863@gmail.aephandson.com,Emile,Mejia,,758-968-6692,North Olmsted,United States,32946,Rhode Island,517 Armory,1999-06-29,Horror
crmid:2168564706,fettuccine1942@live.aephandson.com,Luise,Gallegos,female,225-974-0689,Clearfield,United States,69300,Tennessee,782 Jauss,1948-10-31,History
crmid:3505060513,bobbery1916@yandex.aephandson.com,Waldo,Marshall,,552-263-2847,Fullerton,United States,48954,Rhode Island,700 Hallam,1964-07-18,History
crmid:1900334131,kouprey2029@live.aephandson.com,Pasquale,Gardner,,138-348-0863,Spokane Valley,United States,66724,New Mexico,918 Merrill,1969-11-26,Family
crmid:1081421610,quoll2065@gmail.aephandson.com,Un,Cabrera,female,127-373-4886,Wilmington,United States,21385,Utah,55 Lake Merced,1961-09-05,Thriller
crmid:3900618124,unstupid1997@live.aephandson.com,Lewis,Bishop,,386-850-9408,Springboro,United States,47917,California,472 Short,1989-02-24,Action
crmid:8806754573,breton1995@gmail.aephandson.com,Frida,Britt,female,167-358-3905,Crown Point,United States,17958,Virginia,330 Ocean Vista,1952-03-04,Animation
crmid:2317604833,anisotropic1822@yandex.aephandson.com,Denver,Garrison,,754-017-2705,Toledo,United States,45873,Indiana,1348 Beckett,1987-03-17,Sport
crmid:9980001026,simmer1968@yandex.aephandson.com,Rod,Landry,male,836-045-9686,Auburn,United States,47823,Missouri,1231 Mirabel,1934-08-17,Action
crmid:2680717139,carding1882@live.aephandson.com,Keven,Lynch,male,639-373-0528,Benbrook,United States,85516,Minnesota,1233 Adam,1938-06-18,Fantasy
crmid:6302361264,perceant1837@gmail.aephandson.com,Dave,Walls,,639-070-5873,Queen Creek,United States,28849,Montana,758 Burnett,1967-08-27,Mystery
crmid:5340014639,advertised1858@gmail.aephandson.com,Basil,Allison,,453-415-6018,Santa Monica,United States,65250,Connecticut,960 Comerford,1981-10-17,Reality-TV
crmid:9544318961,abortive1838@yahoo.aephandson.com,Lasonya,Grant,female,427-893-2295,Southfield,United States,13325,Iowa,787 La Avanzada,1952-05-12,Animation
crmid:2433722126,walrus1891@gmail.aephandson.com,Frederic,William,,022-036-3256,St. Louis Park,United States,62402,Alaska,365 Bercut Access,1962-11-13,Reality-TV
crmid:6822156434,allstate1805@yandex.aephandson.com,Harlan,Downs,,463-884-7109,Hesperia,United States,59721,Texas,1186 Alviso,1971-09-15,Family
crmid:7155636303,costs1887@live.aephandson.com,Cliff,Bradley,male,242-595-7387,Waco,United States,91031,Maine,1016 Treat,1932-02-03,Drama
crmid:1470613591,conformations2020@yandex.aephandson.com,Cory,Fry,,414-614-2216,The Colony,United States,97953,Delaware,477 Loehr,1962-09-27,Westerns
crmid:4701761039,arethusa1814@live.aephandson.com,Darrel,Jennings,male,784-973-3644,Ashland,United States,13997,Alaska,1311 States,1934-03-15,Fantasy
crmid:9708133303,planted1873@live.aephandson.com,Manuel,Alvarez,,811-800-8610,Norwood,United States,35933,Vermont,913 Pinto,1975-11-20,Animation
crmid:8572278237,arterial2046@live.aephandson.com,Olin,Crawford,,462-933-0633,Morgan Hill,United States,97347,Missouri,877 Short,1993-12-10,Sport
crmid:1808440458,colleague2021@outlook.aephandson.com,Eugenio,Mccullough,,243-670-1000,Thomasville,United States,34755,Nevada,838 Harding,1971-11-14,Family
crmid:8935276412,dispatched1813@outlook.aephandson.com,Jamar,Reed,,703-312-5352,Hudson,United States,84476,Rhode Island,53 Sacramento,1973-08-10,Comedy
crmid:5592146082,christl1967@gmail.aephandson.com,Ignacio,Bernard,,074-980-1331,Lexington,United States,83080,Indiana,1130 Mariner,1982-10-11,Family
crmid:4267730669,anglophilia1842@yandex.aephandson.com,Ward,Johnston,male,304-516-6282,Bowie,United States,52984,New York,76 Boardman,1940-10-15,Mystery
crmid:1612013417,adamczyk2030@yandex.aephandson.com,Micheal,Washington,male,644-734-7260,Vancouver,United States,76147,Ohio,1381 Ruger,1944-07-30,Reality-TV
crmid:1793248433,creecy1907@gmail.aephandson.com,Walker,Shannon,,706-576-2366,Newberg,United States,64809,Oregon,127 Brumiss,1997-11-22,Mystery
crmid:8824015867,scaled1868@outlook.aephandson.com,Wilbert,Morin,male,353-051-5281,Bossier City,United States,66911,Mississippi,958 Turner,1940-11-19,Animation
crmid:3809522324,databank1958@live.aephandson.com,Virgilio,Butler,male,993-290-1465,Newton,United States,70174,Wyoming,1131 Longview,1997-12-28,Mystery
crmid:3641107350,breaded1913@yandex.aephandson.com,Del,Kelley,male,250-452-2369,Altoona,United States,87470,Tennessee,63 Walkway,1932-12-05,Drama
crmid:8301124245,limbate1952@outlook.aephandson.com,Ervin,Horne,,832-343-5855,Forest Park,United States,95980,Nevada,1216 Summit,1962-09-08,Reality-TV
crmid:8376302521,bloodletting1825@yandex.aephandson.com,Zackary,Richardson,,253-614-6432,Menomonee Falls,United States,22572,South Dakota,475 Bernal Heights,1989-05-23,Fantasy
crmid:5638082061,outcrawls1924@gmail.aephandson.com,Afton,Whitehead,female,068-094-0713,Ennis,United States,09711,California,1366 Westbrook,1960-01-31,Sport
crmid:7688377323,arcus2047@outlook.aephandson.com,Freeman,Bradford,male,121-608-0384,O'Fallon,United States,10091,Kentucky,208 Chumasero,1943-04-03,News
crmid:4514094267,snowshoe1903@live.aephandson.com,Del,Carver,,027-622-3688,Harrisonburg,United States,87071,Vermont,52 Orsi,1970-12-25,Biography
crmid:8600191503,counterdistinct1957@outlook.aephandson.com,Osvaldo,Battle,,756-674-6232,Gretna,United States,84645,Maryland,1071 Langdon,1968-05-14,Horror
crmid:6820291074,beland1896@yandex.aephandson.com,Curt,Robinson,,332-046-5651,Logan,United States,88167,Tennessee,969 Crescent,1983-01-28,Sport
crmid:7929573848,nonfeverishly1953@yandex.aephandson.com,Bryon,Wheeler,,619-622-9649,State College,United States,61069,Oklahoma,614 Vicente,1965-03-18,Thriller
crmid:4981336752,emmett1952@outlook.aephandson.com,Tamekia,Holcomb,female,324-551-9086,New Philadelphia,United States,96464,New York,956 India,1996-04-22,Horror
crmid:9253413360,overshined1844@live.aephandson.com,Deshawn,Ellison,,839-936-6670,Prior Lake,United States,93211,New Jersey,1125 Carson,1973-12-08,Horror
crmid:5947333335,pianograph1869@live.aephandson.com,Bobby,Salazar,,549-089-7948,Hoffman Estates,United States,94090,New York,279 Laguna,1972-07-31,Action
crmid:5978128161,paraphrast2039@yandex.aephandson.com,Kanesha,Todd,female,043-189-6066,Euless,United States,26362,Minnesota,371 Lilac,1960-04-29,Action
crmid:5273775566,bouse1996@gmail.aephandson.com,Hipolito,Mcdowell,,266-826-4339,Rancho Cordova,United States,96467,Connecticut,526 Ellert,1982-11-22,Action
crmid:6288069302,prune1953@live.aephandson.com,Buford,Carr,,873-661-6261,Hanford,United States,65063,Missouri,1355 Ludlow,1969-10-16,Horror
crmid:2663726551,craftly1945@gmail.aephandson.com,Alfred,Sexton,,716-629-9569,Lemon Grove,United States,10072,Minnesota,248 Collingwood,1982-03-31,Animation
crmid:2516785445,wren1903@yahoo.aephandson.com,Antonia,Park,,327-055-7593,Middletown,United States,02027,Florida,453 Ozbourn,1990-01-07,Action
crmid:7048232074,bogert1853@gmail.aephandson.com,Emmanuel,Robertson,male,327-616-1555,Cedar Park,United States,77787,Michigan,879 Modoc,1945-12-30,Mystery
crmid:1752513365,collodion1947@yandex.aephandson.com,Cameron,Everett,male,789-042-2731,Scranton,United States,02226,New Mexico,56 Riverton,1934-02-09,Thriller
crmid:9301626247,centered1959@yandex.aephandson.com,Bill,Gross,,705-352-3477,Frankfort,United States,93018,Wyoming,18 Rizal,1963-08-12,Biography
crmid:6553744570,antifowl2055@yandex.aephandson.com,Brady,Barrera,,659-443-2653,New Brunswick,United States,38585,Arkansas,274 Bay Shore,1996-06-18,Reality-TV
crmid:5080861560,monotheistically1850@gmail.aephandson.com,Brendan,Kent,,086-206-4458,Woodburn,United States,69144,Connecticut,197 Baltimore,1969-03-06,Action
crmid:7629578888,catnapers1920@live.aephandson.com,Boyce,Johnston,,938-706-8523,Kissimmee,United States,61009,Delaware,1342 Hartford,1978-12-25,Animation
