id,transactionID,crmid,timestamp,orderType,transactionSKU,transactionName,transactionType,transactionOwnership,transactionAction,transactionMethod,transactionAmount,transactionFlag
e09553d8-914c-11ea-9643-b88a60e194fb,transactionid:519130,crmid:1955614098,2020-03-25T17:59:03.000Z,transaction - broker,prd1169,Business Loan,Loan,Personal,credit,call center,2223.23,1
e097b146-914c-11ea-b50d-b88a60e194fb,transactionid:267156,crmid:9013115181,2020-03-16T12:26:36.000Z,transaction - broker,prd1042,Roth IRA,Retirement,Personal,credit,call center,2623.54,1
e09a0ee6-914c-11ea-8ffe-b88a60e194fb,transactionid:718911,crmid:3910951497,2020-03-25T05:40:09.000Z,transaction - broker,prd1063,High Interest Savings,Savings,Personal,credit,branch,3533.31,1
e09c0a74-914c-11ea-bf44-b88a60e194fb,transactionid:741461,crmid:5041692125,2020-03-17T03:45:21.000Z,transaction - broker,prd1121,Mortgage: 30-yr Fixed,Mortgage,Personal,credit,branch,2474.19,1
e09e19c8-914c-11ea-9373-b88a60e194fb,transactionid:515610,crmid:2762627665,2020-03-15T20:05:44.000Z,transaction - broker,prd1063,High Interest Savings,Savings,Personal,credit,broker,3126.51,1
e0a004b8-914c-11ea-86c8-b88a60e194fb,transactionid:759238,crmid:2301001443,2020-03-30T03:12:37.000Z,transaction - broker,prd1130,Money Market Savings,Savings,Personal,credit,mobile,5221.0,1
e0a1ff02-914c-11ea-af23-b88a60e194fb,transactionid:984139,crmid:3296869859,2020-03-25T06:37:21.000Z,transaction - broker,prd1010,529 College Savings,College Savings,Personal,debt,ATM,1984.4,1
e0a46ef0-914c-11ea-9059-b88a60e194fb,transactionid:447003,crmid:6701260286,2020-03-26T22:20:48.000Z,transaction - broker,prd1162,High Interest Savings,Savings,Personal,credit,call center,2995.96,1
e0a63024-914c-11ea-afd3-b88a60e194fb,transactionid:413736,crmid:3162830187,2020-03-23T10:32:51.000Z,transaction - broker,prd1170,Mortgage Insurance,Insurance,Personal,credit,ATM,509719.69,1
e0a819b6-914c-11ea-9ccd-b88a60e194fb,transactionid:239996,crmid:9669775907,2020-03-20T14:41:11.000Z,transaction - broker,prd1188,Business Savings,Savings,Business,debt,mobile,2734.54,1
e0a9d986-914c-11ea-b784-b88a60e194fb,transactionid:272967,crmid:5218369342,2020-03-16T06:13:31.000Z,transaction - broker,prd1052,Preferred Checking,Checking,Personal,debt,ATM,4602.75,1
e0ab4e12-914c-11ea-901d-b88a60e194fb,transactionid:873180,crmid:3288116128,2020-03-22T16:13:29.000Z,transaction - broker,prd1020,Everyday Savings,Savings,Personal,credit,branch,3776.09,1
e0acfa62-914c-11ea-a876-b88a60e194fb,transactionid:993707,crmid:4130544495,2020-03-15T21:32:38.000Z,transaction - broker,prd1017,Merchant Services Account,Merchant Services,Business,debt,mobile,1281.8,1
e0ae9622-914c-11ea-b048-b88a60e194fb,transactionid:695259,crmid:5118489423,2020-03-24T00:39:26.000Z,transaction - broker,prd1163,Rewards Savings,Savings,Personal,credit,mobile,846.68,1
e0b07cee-914c-11ea-97df-b88a60e194fb,transactionid:397411,crmid:8195934452,2020-03-27T04:27:40.000Z,transaction - broker,prd1121,Mortgage: 30-yr Fixed,Mortgage,Personal,debt,ATM,4264.57,1
e0b23f40-914c-11ea-93a4-b88a60e194fb,transactionid:319027,crmid:5715888760,2020-03-16T01:54:13.000Z,transaction - broker,prd1158,Preferred Checking,Checking,Personal,credit,call center,3969.21,1
e0b3ecfe-914c-11ea-8a68-b88a60e194fb,transactionid:891183,crmid:8411250003,2020-03-18T18:01:48.000Z,transaction - broker,prd1099,High Interest Savings,Savings,Personal,credit,call center,4715.59,1
e0b622f6-914c-11ea-8535-b88a60e194fb,transactionid:153267,crmid:5492714574,2020-03-27T22:29:26.000Z,transaction - broker,prd1166,Business Checking,Checking,Business,credit,branch,3228.77,1
e0b8a698-914c-11ea-b3ef-b88a60e194fb,transactionid:332381,crmid:4263781323,2020-03-18T23:54:54.000Z,transaction - broker,prd1020,Everyday Savings,Savings,Personal,credit,mobile,3448.64,1
e0bb2ae8-914c-11ea-be01-b88a60e194fb,transactionid:550572,crmid:5451062200,2020-03-18T10:58:56.000Z,transaction - broker,prd1145,Everyday Checking,Checking,Personal,credit,call center,3488.18,1
e0bdb0f6-914c-11ea-b746-b88a60e194fb,transactionid:114191,crmid:4211204064,2020-03-26T21:32:08.000Z,transaction - broker,prd1193,Renter's Insurance,Insurance,Personal,close,branch,2627.29,1
e0bf711c-914c-11ea-a9c0-b88a60e194fb,transactionid:231393,crmid:1115429151,2020-03-31T19:03:20.000Z,transaction - broker,prd1050,Travel Card,Credit Card,Personal,close,call center,2764.22,1
e0c16c7a-914c-11ea-b6c7-b88a60e194fb,transactionid:419359,crmid:8289422388,2020-03-28T23:55:14.000Z,transaction - broker,prd1116,Everyday Checking,Checking,Personal,close,call center,3293.43,1
e0c36866-914c-11ea-b68a-b88a60e194fb,transactionid:377082,crmid:9621413632,2020-03-17T06:24:56.000Z,transaction - broker,prd1074,Premium Checking,Checking,Personal,credit,broker,2968.85,1
e0c51612-914c-11ea-b467-b88a60e194fb,transactionid:431610,crmid:6479425411,2020-03-31T18:47:35.000Z,transaction - broker,prd1040,High Interest Savings,Savings,Personal,credit,call center,3272.87,1
e0c725d8-914c-11ea-8736-b88a60e194fb,transactionid:254937,crmid:8804054047,2020-03-26T20:00:42.000Z,transaction - broker,prd1137,Business Checking,Checking,Business,credit,call center,2681.49,1
e0c8fa08-914c-11ea-866d-b88a60e194fb,transactionid:637970,crmid:9871309677,2020-03-22T11:58:20.000Z,transaction - broker,prd1051,Personal Loan,Loan,Personal,credit,ATM,2784.38,1
e0cb4480-914c-11ea-b695-b88a60e194fb,transactionid:314694,crmid:1106956937,2020-03-30T15:09:13.000Z,transaction - broker,prd1070,High Interest Savings,Savings,Personal,credit,mobile,3453.23,1
e0cd0540-914c-11ea-8842-b88a60e194fb,transactionid:543925,crmid:8089273401,2020-03-25T00:45:12.000Z,transaction - broker,prd1141,Premium Checking,Checking,Personal,credit,call center,2588.34,1
e0ceb46e-914c-11ea-86d9-b88a60e194fb,transactionid:802876,crmid:7878595867,2020-03-20T13:14:20.000Z,transaction - broker,prd1134,Student Loan,Loan,Personal,credit,call center,3212.77,1
e0d04e54-914c-11ea-aad5-b88a60e194fb,transactionid:478224,crmid:5172057929,2020-03-16T19:41:35.000Z,transaction - broker,prd1155,CDs: 5 year,Investment,Personal,credit,broker,3333.93,1
e0d1fab6-914c-11ea-a540-b88a60e194fb,transactionid:505562,crmid:5696672786,2020-03-27T11:11:04.000Z,transaction - broker,prd1094,Preferred Checking,Checking,Personal,credit,call center,2677.77,1
e0d36dd0-914c-11ea-a59c-b88a60e194fb,transactionid:666340,crmid:5260037480,2020-03-30T04:11:17.000Z,transaction - broker,prd1145,Everyday Checking,Checking,Personal,close,call center,3650.27,1
e0d4e0e8-914c-11ea-acdb-b88a60e194fb,transactionid:972206,crmid:1470286024,2020-03-16T11:02:20.000Z,transaction - broker,prd1082,Mortgage Insurance,Insurance,Personal,credit,branch,2145.45,1
e0d67b08-914c-11ea-8d57-b88a60e194fb,transactionid:803649,crmid:2830354365,2020-03-23T21:09:38.000Z,transaction - broker,prd1092,Rewards Card,Credit Card,Personal,credit,ATM,3527.9,1
e0d7dbf0-914c-11ea-a044-b88a60e194fb,transactionid:329251,crmid:2420196714,2020-03-18T03:34:35.000Z,transaction - broker,prd1010,529 College Savings,College Savings,Personal,credit,mobile,330839.62,1
e0d93a46-914c-11ea-ba9c-b88a60e194fb,transactionid:208529,crmid:7463436855,2020-03-21T16:33:16.000Z,transaction - broker,prd1041,Mortgage: 7/1 ARM,Mortgage,Personal,credit,broker,3377.58,1
e0dac234-914c-11ea-8404-b88a60e194fb,transactionid:317715,crmid:6262458252,2020-03-23T11:29:41.000Z,transaction - broker,prd1023,Health Savings,Savings,Personal,credit,mobile,3719.87,1
e0dc21c6-914c-11ea-a061-b88a60e194fb,transactionid:905488,crmid:7634547505,2020-03-31T03:09:09.000Z,transaction - broker,prd1079,Mortgage: 30-yr Fixed,Mortgage,Personal,close,ATM,2534.44,1
e0de1d78-914c-11ea-bbc6-b88a60e194fb,transactionid:257377,crmid:2344675171,2020-03-18T04:29:14.000Z,transaction - broker,prd1121,Mortgage: 30-yr Fixed,Mortgage,Personal,credit,call center,3850.59,1
e0df7d02-914c-11ea-98fe-b88a60e194fb,transactionid:712403,crmid:2211180348,2020-03-28T07:48:25.000Z,transaction - broker,prd1128,High Interest Savings,Savings,Personal,credit,mobile,3106.1,1
e0e13e64-914c-11ea-b620-b88a60e194fb,transactionid:664193,crmid:3090948582,2020-03-21T06:28:13.000Z,transaction - broker,prd1127,Rewards Card,Credit Card,Personal,credit,ATM,2359.07,1
e0e3add0-914c-11ea-8065-b88a60e194fb,transactionid:134501,crmid:1111628124,2020-03-31T22:51:18.000Z,transaction - broker,prd1140,Travel Card,Credit Card,Personal,credit,call center,2439.31,1
e0e547f4-914c-11ea-ab25-b88a60e194fb,transactionid:205417,crmid:4764636312,2020-03-31T22:57:44.000Z,transaction - broker,prd1158,Preferred Checking,Checking,Personal,credit,call center,3316.24,1
e0e6a90c-914c-11ea-ab12-b88a60e194fb,transactionid:985470,crmid:2595528209,2020-03-26T13:00:16.000Z,transaction - broker,prd1141,Premium Checking,Checking,Personal,debt,mobile,2170.73,1
e0e856a8-914c-11ea-8f55-b88a60e194fb,transactionid:182551,crmid:4176876346,2020-03-31T21:13:54.000Z,transaction - broker,prd1137,Business Checking,Checking,Business,credit,mobile,450319.53,1
e0ea1686-914c-11ea-b326-b88a60e194fb,transactionid:109106,crmid:7737186355,2020-03-24T01:08:12.000Z,transaction - broker,prd1102,Everyday Savings,Savings,Personal,credit,mobile,4067.05,1
e0eb7768-914c-11ea-b0c1-b88a60e194fb,transactionid:569960,crmid:1217223903,2020-03-22T09:49:58.000Z,transaction - broker,prd1012,Renter's Insurance,Insurance,Personal,credit,broker,2399.52,1
e0ed104c-914c-11ea-9074-b88a60e194fb,transactionid:793047,crmid:6010397373,2020-03-25T23:40:06.000Z,transaction - broker,prd1194,Preferred Checking,Checking,Personal,credit,branch,3521.85,1
e0eee4e2-914c-11ea-a795-b88a60e194fb,transactionid:518934,crmid:8581084678,2020-03-28T22:16:51.000Z,transaction - broker,prd1152,Health Savings,Savings,Personal,credit,ATM,3966.67,1
e0f093e6-914c-11ea-861a-b88a60e194fb,transactionid:657402,crmid:6685885951,2020-03-19T09:58:16.000Z,transaction - broker,prd1131,Employee Stock Purchase Plans,Investment,Personal,credit,mobile,2652.86,1
e0f24052-914c-11ea-b14d-b88a60e194fb,transactionid:717397,crmid:1750835815,2020-03-15T00:44:38.000Z,transaction - broker,prd1022,Auto Loan,Loan,Personal,credit,ATM,3611.92,1
e0f3b4f0-914c-11ea-8e83-b88a60e194fb,transactionid:407199,crmid:5647570033,2020-03-23T16:43:33.000Z,transaction - broker,prd1146,529 College Savings,College Savings,Personal,close,broker,2588.83,1
e0f527d0-914c-11ea-ae45-b88a60e194fb,transactionid:398359,crmid:2261202233,2020-03-18T09:10:18.000Z,transaction - broker,prd1004,Business Card,Credit Card,Business,credit,broker,331094.58,1
e0f6c1f0-914c-11ea-801c-b88a60e194fb,transactionid:697746,crmid:1017192600,2020-03-27T00:40:20.000Z,transaction - broker,prd1009,Everyday Checking,Checking,Personal,credit,broker,3785.37,1
e0f85ab4-914c-11ea-8c73-b88a60e194fb,transactionid:947100,crmid:6803390404,2020-03-30T12:08:28.000Z,transaction - broker,prd1048,Business Loan,Loan,Business,credit,mobile,2972.79,1
e0f9cf2c-914c-11ea-8bd9-b88a60e194fb,transactionid:920259,crmid:2576541227,2020-03-24T04:40:31.000Z,transaction - broker,prd1132,Rewards Savings,Savings,Personal,credit,call center,4599.12,1
e0fb67fe-914c-11ea-8073-b88a60e194fb,transactionid:858471,crmid:7672096858,2020-03-23T19:34:43.000Z,transaction - broker,prd1152,Health Savings,Savings,Personal,debt,call center,423577.91,1
e0fd0226-914c-11ea-8118-b88a60e194fb,transactionid:117488,crmid:8263430632,2020-03-19T18:32:10.000Z,transaction - broker,prd1094,Preferred Checking,Checking,Personal,credit,call center,2727.7,1
e0fe9db6-914c-11ea-ac7b-b88a60e194fb,transactionid:279771,crmid:5136839322,2020-03-29T07:17:49.000Z,transaction - broker,prd1197,Business Card,Credit Card,Business,credit,mobile,2396.36,1
e1007102-914c-11ea-b831-b88a60e194fb,transactionid:445529,crmid:6893593959,2020-03-22T10:56:15.000Z,transaction - broker,prd1085,Auto Loan,Loan,Personal,debt,mobile,3816.82,1
e101e566-914c-11ea-b8b8-b88a60e194fb,transactionid:776691,crmid:7187653478,2020-03-28T08:13:01.000Z,transaction - broker,prd1005,Everyday Savings,Savings,Personal,credit,call center,3325.96,1
e103576c-914c-11ea-b7ee-b88a60e194fb,transactionid:745469,crmid:5736208940,2020-03-18T08:25:11.000Z,transaction - broker,prd1194,Preferred Checking,Checking,Personal,credit,mobile,3197.21,1
e104ddda-914c-11ea-a2d7-b88a60e194fb,transactionid:245995,crmid:5992393885,2020-03-26T14:43:27.000Z,transaction - broker,prd1160,Platinum Card,Credit Card,Personal,credit,call center,374136.69,1
e1063d52-914c-11ea-80cb-b88a60e194fb,transactionid:984380,crmid:6930736639,2020-03-19T09:39:29.000Z,transaction - broker,prd1157,Brokerage Account,Investment,Personal,credit,mobile,2224.66,1
e1079e3e-914c-11ea-81f0-b88a60e194fb,transactionid:883785,crmid:6973853694,2020-03-22T18:10:36.000Z,transaction - broker,prd1194,Preferred Checking,Checking,Personal,close,call center,3761.46,1
e108fc82-914c-11ea-be79-b88a60e194fb,transactionid:208632,crmid:6143056606,2020-03-18T11:41:16.000Z,transaction - broker,prd1069,Homeowner's Insurance,Insurance,Personal,credit,call center,3712.15,1
e10a70e8-914c-11ea-9695-b88a60e194fb,transactionid:131052,crmid:9260131936,2020-03-28T20:22:38.000Z,transaction - broker,prd1084,Student Savings,Savings,Personal,close,call center,2472.01,1
e10bf680-914c-11ea-a05b-b88a60e194fb,transactionid:807272,crmid:3293623714,2020-03-17T05:25:55.000Z,transaction - broker,prd1071,Critical Illness Insurance,Insurance,Personal,credit,ATM,3138.18,1
e10d9054-914c-11ea-b679-b88a60e194fb,transactionid:587356,crmid:8664607275,2020-03-15T01:39:48.000Z,transaction - broker,prd1002,Platinum Card,Credit Card,Personal,credit,call center,2824.33,1
e10f1846-914c-11ea-86c6-b88a60e194fb,transactionid:249212,crmid:7526831617,2020-03-27T19:20:40.000Z,transaction - broker,prd1071,Critical Illness Insurance,Insurance,Personal,credit,mobile,2906.6,1
e1135dfe-914c-11ea-997b-b88a60e194fb,transactionid:389844,crmid:3706225314,2020-03-22T21:48:30.000Z,transaction - broker,prd1179,Business Brokerage Account,Investment,Business,credit,mobile,500795.45,1
e114d124-914c-11ea-a076-b88a60e194fb,transactionid:969656,crmid:1997121793,2020-03-24T09:09:17.000Z,transaction - broker,prd1093,Money Market Savings,Savings,Personal,credit,ATM,4207.69,1
e1167d46-914c-11ea-a14e-b88a60e194fb,transactionid:378101,crmid:3953784305,2020-03-18T05:42:25.000Z,transaction - broker,prd1055,Rewards Card,Credit Card,Personal,credit,ATM,2231.18,1
e118040a-914c-11ea-a8b6-b88a60e194fb,transactionid:265726,crmid:9022741766,2020-03-15T16:24:32.000Z,transaction - broker,prd1017,Merchant Services Account,Merchant Services,Business,debt,call center,2591.73,1
e119ec26-914c-11ea-923b-b88a60e194fb,transactionid:409467,crmid:1519119055,2020-03-26T09:11:58.000Z,transaction - broker,prd1049,Business Brokerage Account,Investment,Business,credit,call center,4536.24,1
e11b4bc8-914c-11ea-8be4-b88a60e194fb,transactionid:715988,crmid:7024724482,2020-03-24T05:39:02.000Z,transaction - broker,prd1095,529 College Savings,College Savings,Personal,credit,call center,3010.19,1
e11cfafa-914c-11ea-974c-b88a60e194fb,transactionid:565586,crmid:2805519498,2020-03-17T16:43:13.000Z,transaction - broker,prd1094,Preferred Checking,Checking,Personal,credit,ATM,2526.43,1
e11ea8ca-914c-11ea-aed0-b88a60e194fb,transactionid:343269,crmid:5587712581,2020-03-28T09:45:39.000Z,transaction - broker,prd1090,Business Checking,Checking,Business,close,call center,3352.39,1
e1207c18-914c-11ea-8d51-b88a60e194fb,transactionid:399045,crmid:3102357938,2020-03-30T00:15:38.000Z,transaction - broker,prd1010,529 College Savings,College Savings,Personal,credit,branch,3915.09,1
e123759c-914c-11ea-8050-b88a60e194fb,transactionid:102548,crmid:1746624408,2020-03-29T09:17:10.000Z,transaction - broker,prd1133,High Interest Savings,Savings,Personal,credit,mobile,2836.3,1
e127f5d4-914c-11ea-bb89-b88a60e194fb,transactionid:835142,crmid:7600794997,2020-03-29T18:26:34.000Z,transaction - broker,prd1121,Mortgage: 30-yr Fixed,Mortgage,Personal,credit,ATM,3323.42,1
e12a2c4c-914c-11ea-838f-b88a60e194fb,transactionid:541278,crmid:3893808119,2020-03-28T17:00:10.000Z,transaction - broker,prd1023,Health Savings,Savings,Personal,credit,ATM,4443.19,1
e12c9d2e-914c-11ea-902d-b88a60e194fb,transactionid:480145,crmid:3921767435,2020-03-16T10:16:32.000Z,transaction - broker,prd1121,Mortgage: 30-yr Fixed,Mortgage,Personal,credit,call center,1511.1,1
e12f48c6-914c-11ea-9841-b88a60e194fb,transactionid:481852,crmid:4949879252,2020-03-16T01:08:42.000Z,transaction - broker,prd1107,Auto Insurance,Insurance,Personal,credit,call center,365014.13,1
e13094d8-914c-11ea-af01-b88a60e194fb,transactionid:821022,crmid:5323418133,2020-03-25T02:19:25.000Z,transaction - broker,prd1154,Mortgage: 30-yr Fixed,Mortgage,Personal,debt,call center,2271.52,1
e1322f12-914c-11ea-b0db-b88a60e194fb,transactionid:825169,crmid:4383020180,2020-03-29T10:40:41.000Z,transaction - broker,prd1099,High Interest Savings,Savings,Personal,credit,ATM,2973.34,1
e1337b1e-914c-11ea-ae99-b88a60e194fb,transactionid:462415,crmid:3867426779,2020-03-17T23:22:43.000Z,transaction - broker,prd1095,529 College Savings,College Savings,Personal,credit,call center,3706.22,1
e135030a-914c-11ea-b64f-b88a60e194fb,transactionid:735143,crmid:3826322340,2020-03-17T07:28:06.000Z,transaction - broker,prd1159,CDs: 3 month,Investment,Personal,credit,broker,3718.98,1
e136b0dc-914c-11ea-8764-b88a60e194fb,transactionid:974264,crmid:6744784520,2020-03-20T18:46:57.000Z,transaction - broker,prd1029,401k,Retirement,Personal,credit,call center,3468.37,1
e13835e8-914c-11ea-ae77-b88a60e194fb,transactionid:751246,crmid:6324679339,2020-03-23T21:44:41.000Z,transaction - broker,prd1082,Mortgage Insurance,Insurance,Personal,credit,broker,2833.55,1
e13a0b1c-914c-11ea-975a-b88a60e194fb,transactionid:539017,crmid:5396573995,2020-03-28T15:42:05.000Z,transaction - broker,prd1084,Student Savings,Savings,Personal,credit,mobile,3686.78,1
e13c1b9c-914c-11ea-8f72-b88a60e194fb,transactionid:463602,crmid:8161266210,2020-03-17T18:46:17.000Z,transaction - broker,prd1029,401k,Retirement,Personal,close,mobile,3058.4,1
e13dc7cc-914c-11ea-8120-b88a60e194fb,transactionid:216673,crmid:6385161201,2020-03-23T11:11:15.000Z,transaction - broker,prd1166,Business Checking,Checking,Business,debt,call center,2777.9,1
e13f626e-914c-11ea-8285-b88a60e194fb,transactionid:920614,crmid:4236708581,2020-03-18T10:06:33.000Z,transaction - broker,prd1054,Personal Loan,Loan,Personal,credit,call center,2472.8,1
e140d508-914c-11ea-a056-b88a60e194fb,transactionid:355245,crmid:4413681970,2020-03-27T18:12:31.000Z,transaction - broker,prd1054,Personal Loan,Loan,Personal,close,branch,433477.2,1
e1425d24-914c-11ea-bcae-b88a60e194fb,transactionid:269044,crmid:2193982329,2020-03-24T06:25:31.000Z,transaction - broker,prd1071,Critical Illness Insurance,Insurance,Personal,credit,ATM,2969.19,1
e143bc98-914c-11ea-b737-b88a60e194fb,transactionid:515386,crmid:4094456398,2020-03-16T20:37:02.000Z,transaction - broker,prd1190,Premium Checking,Checking,Personal,credit,broker,2226.16,1
e145555a-914c-11ea-961c-b88a60e194fb,transactionid:299286,crmid:3599384684,2020-03-26T04:05:46.000Z,transaction - broker,prd1109,Dividend Card,Credit Card,Personal,credit,broker,3430.47,1
e146c868-914c-11ea-bd50-b88a60e194fb,transactionid:367574,crmid:1388940588,2020-03-31T14:23:59.000Z,transaction - broker,prd1053,Mortgage: VA,Mortgage,Personal,credit,mobile,1708.81,1
e1483b8a-914c-11ea-8def-b88a60e194fb,transactionid:986152,crmid:6259467267,2020-03-27T05:49:41.000Z,transaction - broker,prd1089,Business Card,Credit Card,Business,credit,mobile,3982.15,1
e149fc9c-914c-11ea-82ef-b88a60e194fb,transactionid:319397,crmid:8899258825,2020-03-26T20:51:36.000Z,transaction - broker,prd1038,Dividend Card,Credit Card,Personal,credit,mobile,2925.77,1
e14b96d8-914c-11ea-bc64-b88a60e194fb,transactionid:752952,crmid:6312117728,2020-03-19T14:03:31.000Z,transaction - broker,prd1042,Roth IRA,Retirement,Personal,credit,call center,1965.86,1
e14d1d74-914c-11ea-96ba-b88a60e194fb,transactionid:499818,crmid:9095832884,2020-03-17T17:26:19.000Z,transaction - broker,prd1187,Business Savings,Savings,Business,credit,call center,559420.43,1
e14ecb1e-914c-11ea-9cc2-b88a60e194fb,transactionid:616298,crmid:4525860570,2020-03-22T16:16:43.000Z,transaction - broker,prd1097,Employee Stock Purchase Plans,Investment,Personal,close,broker,2587.85,1
e1503e36-914c-11ea-8f6f-b88a60e194fb,transactionid:954660,crmid:6245304597,2020-03-17T19:51:34.000Z,transaction - broker,prd1193,Renter's Insurance,Insurance,Personal,credit,branch,3520.4,1
e151c626-914c-11ea-bbf2-b88a60e194fb,transactionid:972556,crmid:4085687903,2020-03-30T16:31:01.000Z,transaction - broker,prd1009,Everyday Checking,Checking,Personal,credit,call center,2135.12,1
e1539ae2-914c-11ea-8978-b88a60e194fb,transactionid:676483,crmid:9724513409,2020-03-18T22:57:10.000Z,transaction - broker,prd1167,Roth IRA,Retirement,Personal,credit,ATM,1892.34,1
e1553464-914c-11ea-859b-b88a60e194fb,transactionid:650221,crmid:2606688301,2020-03-22T18:33:43.000Z,transaction - broker,prd1070,High Interest Savings,Savings,Personal,credit,ATM,1427.73,1
e1577db0-914c-11ea-b29b-b88a60e194fb,transactionid:602067,crmid:8426574863,2020-03-30T07:20:34.000Z,transaction - broker,prd1040,High Interest Savings,Savings,Personal,credit,mobile,2920.19,1
e1596674-914c-11ea-b749-b88a60e194fb,transactionid:305150,crmid:9514028331,2020-03-25T01:08:44.000Z,transaction - broker,prd1031,Business Loan,Loan,Business,close,mobile,2862.2,1
e15b4fa6-914c-11ea-b4dc-b88a60e194fb,transactionid:581181,crmid:7438067027,2020-03-23T06:21:37.000Z,transaction - broker,prd1069,Homeowner's Insurance,Insurance,Personal,credit,mobile,2442.43,1
e15ce854-914c-11ea-8316-b88a60e194fb,transactionid:943950,crmid:5509559028,2020-03-31T08:09:56.000Z,transaction - broker,prd1196,Dividend Card,Credit Card,Personal,close,broker,3491.04,1
e15e83ca-914c-11ea-801d-b88a60e194fb,transactionid:350250,crmid:7033647397,2020-03-22T07:06:21.000Z,transaction - broker,prd1176,Overseas Equity Fund,Investment,Personal,credit,call center,2711.05,1
e1603018-914c-11ea-bae0-b88a60e194fb,transactionid:921498,crmid:9339345258,2020-03-31T00:57:38.000Z,transaction - broker,prd1116,Everyday Checking,Checking,Personal,credit,call center,2973.15,1
e161cba2-914c-11ea-ac16-b88a60e194fb,transactionid:902263,crmid:6100981430,2020-03-20T09:59:13.000Z,transaction - broker,prd1081,Simplicity Card,Credit Card,Personal,credit,mobile,2611.72,1
e1633d78-914c-11ea-96ff-b88a60e194fb,transactionid:623249,crmid:7304328847,2020-03-16T00:23:46.000Z,transaction - broker,prd1025,Brokerage Account,Investment,Personal,credit,mobile,2099.5,1
e164ec6c-914c-11ea-b9ad-b88a60e194fb,transactionid:600506,crmid:3837089251,2020-03-20T19:34:47.000Z,transaction - broker,prd1130,Money Market Savings,Savings,Personal,credit,call center,2082.78,1
e1665f70-914c-11ea-be47-b88a60e194fb,transactionid:513951,crmid:6333225171,2020-03-26T11:57:27.000Z,transaction - broker,prd1113,Personal Loan,Loan,Personal,credit,call center,339070.98,1
e167bf06-914c-11ea-89d8-b88a60e194fb,transactionid:860104,crmid:3534260389,2020-03-18T18:40:31.000Z,transaction - broker,prd1003,Premium Checking,Checking,Personal,credit,mobile,2651.71,1
e1696b66-914c-11ea-bd61-b88a60e194fb,transactionid:433181,crmid:9079437585,2020-03-18T13:44:54.000Z,transaction - broker,prd1131,Employee Stock Purchase Plans,Investment,Personal,credit,call center,2152.79,1
e16b068a-914c-11ea-ae01-b88a60e194fb,transactionid:628366,crmid:4565433353,2020-03-20T22:02:51.000Z,transaction - broker,prd1046,Mortgage: VA,Mortgage,Personal,credit,call center,2225.44,1
e16c663a-914c-11ea-bdaa-b88a60e194fb,transactionid:619305,crmid:9605480100,2020-03-19T06:37:22.000Z,transaction - broker,prd1017,Merchant Services Account,Merchant Services,Business,credit,broker,3048.49,1
e16e2652-914c-11ea-b648-b88a60e194fb,transactionid:764225,crmid:3666229275,2020-03-23T04:21:26.000Z,transaction - broker,prd1170,Mortgage Insurance,Insurance,Personal,close,mobile,3138.91,1
e16fd4c6-914c-11ea-95e6-b88a60e194fb,transactionid:963723,crmid:6088927610,2020-03-17T12:25:33.000Z,transaction - broker,prd1187,Business Savings,Savings,Business,credit,mobile,3508.55,1
e1715a82-914c-11ea-9e5c-b88a60e194fb,transactionid:512043,crmid:7804296130,2020-03-18T10:45:11.000Z,transaction - broker,prd1099,High Interest Savings,Savings,Personal,credit,mobile,2880.3,1
e172f4d8-914c-11ea-91e1-b88a60e194fb,transactionid:701009,crmid:2309470719,2020-03-22T12:05:27.000Z,transaction - broker,prd1156,Student Card,Credit Card,Personal,debt,call center,2690.65,1
e1749052-914c-11ea-9f1b-b88a60e194fb,transactionid:418292,crmid:7832191877,2020-03-28T16:27:12.000Z,transaction - broker,prd1040,High Interest Savings,Savings,Personal,credit,call center,2141.54,1
e176d8b4-914c-11ea-8e74-b88a60e194fb,transactionid:889156,crmid:9969461803,2020-03-24T11:05:13.000Z,transaction - broker,prd1108,401k,Retirement,Personal,credit,call center,3456.91,1
e1785f52-914c-11ea-af04-b88a60e194fb,transactionid:860313,crmid:3508736969,2020-03-25T14:16:34.000Z,transaction - broker,prd1067,Everyday Checking,Checking,Personal,credit,ATM,2859.11,1
e179d258-914c-11ea-93e5-b88a60e194fb,transactionid:302046,crmid:3087683397,2020-03-28T18:22:39.000Z,transaction - broker,prd1142,Rewards Savings,Savings,Personal,credit,call center,4187.64,1
e17b1e5a-914c-11ea-b5f4-b88a60e194fb,transactionid:764644,crmid:1973338478,2020-03-29T13:04:24.000Z,transaction - broker,prd1094,Preferred Checking,Checking,Personal,credit,mobile,3724.59,1
e17ccc0c-914c-11ea-8f7b-b88a60e194fb,transactionid:852232,crmid:9652990743,2020-03-15T23:07:29.000Z,transaction - broker,prd1040,High Interest Savings,Savings,Personal,close,call center,3025.98,1
e17e541c-914c-11ea-938a-b88a60e194fb,transactionid:856363,crmid:7582922889,2020-03-29T23:51:25.000Z,transaction - broker,prd1108,401k,Retirement,Personal,credit,ATM,2485.77,1
e17fee52-914c-11ea-8b6a-b88a60e194fb,transactionid:541071,crmid:1708236463,2020-03-28T02:27:24.000Z,transaction - broker,prd1094,Preferred Checking,Checking,Personal,credit,call center,495854.75,1
e18174c0-914c-11ea-98fd-b88a60e194fb,transactionid:960061,crmid:8010095615,2020-03-22T08:34:14.000Z,transaction - broker,prd1126,Merchant Services Account,Merchant Services,Business,credit,call center,2814.1,1
e182e698-914c-11ea-9784-b88a60e194fb,transactionid:527910,crmid:2908866089,2020-03-22T01:33:57.000Z,transaction - broker,prd1104,Health Savings,Savings,Personal,debt,branch,3710.78,1
e18432ae-914c-11ea-9e55-b88a60e194fb,transactionid:309250,crmid:2255872924,2020-03-20T05:40:02.000Z,transaction - broker,prd1180,529 College Savings,College Savings,Personal,credit,branch,3584.88,1
e18608c0-914c-11ea-8350-b88a60e194fb,transactionid:708134,crmid:5076887834,2020-03-26T19:51:52.000Z,transaction - broker,prd1076,Student Savings,Savings,Personal,debt,branch,4258.44,1
e187c8a2-914c-11ea-b29f-b88a60e194fb,transactionid:115350,crmid:9188387761,2020-03-17T02:34:29.000Z,transaction - broker,prd1096,Renter's Insurance,Insurance,Personal,credit,ATM,2900.49,1
e1892828-914c-11ea-a125-b88a60e194fb,transactionid:825494,crmid:1850584301,2020-03-30T04:54:17.000Z,transaction - broker,prd1074,Premium Checking,Checking,Personal,credit,mobile,3129.23,1
e18afcf4-914c-11ea-8519-b88a60e194fb,transactionid:680769,crmid:6024513640,2020-03-24T13:55:59.000Z,transaction - broker,prd1145,Everyday Checking,Checking,Personal,credit,call center,2563.95,1
e18ce538-914c-11ea-8fc9-b88a60e194fb,transactionid:795115,crmid:1409487603,2020-03-17T02:52:32.000Z,transaction - broker,prd1180,529 College Savings,College Savings,Personal,credit,branch,2187.95,1
e18e7f70-914c-11ea-8693-b88a60e194fb,transactionid:531541,crmid:6566702775,2020-03-20T02:03:02.000Z,transaction - broker,prd1143,Travel Card,Credit Card,Personal,credit,call center,3633.37,1
e19068ec-914c-11ea-976f-b88a60e194fb,transactionid:186247,crmid:5549128757,2020-03-21T13:59:55.000Z,transaction - broker,prd1167,Roth IRA,Retirement,Personal,credit,call center,2652.32,1
e191dc1c-914c-11ea-b4a4-b88a60e194fb,transactionid:576056,crmid:7516062653,2020-03-17T13:37:29.000Z,transaction - broker,prd1096,Renter's Insurance,Insurance,Personal,credit,call center,3574.95,1
e1933a68-914c-11ea-8319-b88a60e194fb,transactionid:747606,crmid:8019263195,2020-03-30T12:22:48.000Z,transaction - broker,prd1094,Preferred Checking,Checking,Personal,credit,mobile,2222.89,1
e194aea4-914c-11ea-8743-b88a60e194fb,transactionid:267420,crmid:1082165407,2020-03-28T04:39:08.000Z,transaction - broker,prd1038,Dividend Card,Credit Card,Personal,credit,broker,3597.21,1
e1964766-914c-11ea-8275-b88a60e194fb,transactionid:116518,crmid:5280183543,2020-03-16T13:48:48.000Z,transaction - broker,prd1146,529 College Savings,College Savings,Personal,credit,branch,3399.71,1
e197ba90-914c-11ea-8aa9-b88a60e194fb,transactionid:346316,crmid:2470421196,2020-03-23T08:51:30.000Z,transaction - broker,prd1016,Homeowner's Insurance,Insurance,Personal,credit,branch,2927.96,1
e1996838-914c-11ea-98ec-b88a60e194fb,transactionid:155648,crmid:7366286446,2020-03-28T04:35:44.000Z,transaction - broker,prd1153,CDs: 1 year,Investment,Personal,close,call center,2443.66,1
e19ac79e-914c-11ea-90e0-b88a60e194fb,transactionid:966207,crmid:5230084315,2020-03-29T23:52:31.000Z,transaction - broker,prd1116,Everyday Checking,Checking,Personal,credit,call center,458142.55,1
e19c7578-914c-11ea-abd2-b88a60e194fb,transactionid:613938,crmid:7287443808,2020-03-15T03:26:41.000Z,transaction - broker,prd1099,High Interest Savings,Savings,Personal,credit,call center,566244.19,1
e19dd50c-914c-11ea-a2c7-b88a60e194fb,transactionid:430395,crmid:3533602275,2020-03-19T09:15:25.000Z,transaction - broker,prd1180,529 College Savings,College Savings,Personal,debt,ATM,3680.25,1
e19f8434-914c-11ea-833e-b88a60e194fb,transactionid:771544,crmid:6460435358,2020-03-25T17:52:45.000Z,transaction - broker,prd1095,529 College Savings,College Savings,Personal,credit,call center,2560.4,1
e1a1305c-914c-11ea-baff-b88a60e194fb,transactionid:788117,crmid:9690728041,2020-03-25T11:41:09.000Z,transaction - broker,prd1053,Mortgage: VA,Mortgage,Personal,credit,mobile,2462.44,1
e1a2cbd8-914c-11ea-ae26-b88a60e194fb,transactionid:324413,crmid:5359087547,2020-03-21T20:18:02.000Z,transaction - broker,prd1180,529 College Savings,College Savings,Personal,credit,call center,3625.29,1
e1a464b0-914c-11ea-b419-b88a60e194fb,transactionid:370294,crmid:8343451906,2020-03-29T15:48:03.000Z,transaction - broker,prd1012,Renter's Insurance,Insurance,Personal,debt,call center,1923.36,1
e1a5ebcc-914c-11ea-9f21-b88a60e194fb,transactionid:614959,crmid:7945778963,2020-03-19T06:06:29.000Z,transaction - broker,prd1145,Everyday Checking,Checking,Personal,credit,call center,2448.8,1
e1a75fa8-914c-11ea-a81e-b88a60e194fb,transactionid:549160,crmid:9994309798,2020-03-24T14:23:52.000Z,transaction - broker,prd1029,401k,Retirement,Personal,credit,ATM,149592.57,1
e1a90c8a-914c-11ea-94b9-b88a60e194fb,transactionid:529855,crmid:7678978464,2020-03-21T03:07:44.000Z,transaction - broker,prd1119,Renter's Insurance,Insurance,Personal,credit,mobile,2128.04,1
e1aa6ba4-914c-11ea-979c-b88a60e194fb,transactionid:950734,crmid:4900000599,2020-03-30T16:49:01.000Z,transaction - broker,prd1188,Business Savings,Savings,Business,credit,branch,509811.53,1
e1ac1a8c-914c-11ea-9eaa-b88a60e194fb,transactionid:160271,crmid:3649051992,2020-03-20T19:24:37.000Z,transaction - broker,prd1052,Preferred Checking,Checking,Personal,credit,call center,2798.05,1
e1ad669c-914c-11ea-aebb-b88a60e194fb,transactionid:182247,crmid:9369689619,2020-03-26T08:39:18.000Z,transaction - broker,prd1176,Overseas Equity Fund,Investment,Personal,credit,broker,4048.63,1
e1af4edc-914c-11ea-9c48-b88a60e194fb,transactionid:990330,crmid:4189428108,2020-03-31T06:02:07.000Z,transaction - broker,prd1176,Overseas Equity Fund,Investment,Personal,credit,branch,2908.93,1
e1b0fc8a-914c-11ea-af25-b88a60e194fb,transactionid:122156,crmid:7973995338,2020-03-19T12:23:31.000Z,transaction - broker,prd1075,Student Savings,Savings,Personal,debt,ATM,2770.68,1
e1b2bc6e-914c-11ea-a5e3-b88a60e194fb,transactionid:607844,crmid:2593127134,2020-03-30T04:11:36.000Z,transaction - broker,prd1179,Business Brokerage Account,Investment,Business,credit,call center,1763.63,1
e1b41c02-914c-11ea-a312-b88a60e194fb,transactionid:316523,crmid:5930495172,2020-03-27T17:21:09.000Z,transaction - broker,prd1047,Mortgage: 10 yr Fixed,Mortgage,Personal,credit,call center,1906.92,1
e1b5a414-914c-11ea-bc90-b88a60e194fb,transactionid:702132,crmid:9003696496,2020-03-23T09:21:42.000Z,transaction - broker,prd1180,529 College Savings,College Savings,Personal,close,call center,474512.46,1
e1b75028-914c-11ea-84b3-b88a60e194fb,transactionid:216294,crmid:1789729978,2020-03-26T09:29:19.000Z,transaction - broker,prd1105,Homeowner's Insurance,Insurance,Personal,credit,branch,2910.68,1
e1b8c336-914c-11ea-ba14-b88a60e194fb,transactionid:599916,crmid:5847003848,2020-03-26T15:25:55.000Z,transaction - broker,prd1116,Everyday Checking,Checking,Personal,debt,call center,3937.79,1
e1ba9802-914c-11ea-b7d2-b88a60e194fb,transactionid:644347,crmid:9323263018,2020-03-18T13:33:23.000Z,transaction - broker,prd1057,Student Card,Credit Card,Personal,credit,mobile,3175.28,1
e1bc33a6-914c-11ea-bfe5-b88a60e194fb,transactionid:543841,crmid:7997283218,2020-03-20T03:54:50.000Z,transaction - broker,prd1146,529 College Savings,College Savings,Personal,credit,broker,2960.93,1
e1bdb8e8-914c-11ea-97b0-b88a60e194fb,transactionid:509833,crmid:6838790581,2020-03-19T20:48:30.000Z,transaction - broker,prd1180,529 College Savings,College Savings,Personal,credit,call center,3296.57,1
e1bf6810-914c-11ea-a9d7-b88a60e194fb,transactionid:896386,crmid:6398397070,2020-03-20T20:24:20.000Z,transaction - broker,prd1046,Mortgage: VA,Mortgage,Personal,credit,call center,2200.87,1
e1c1eb3e-914c-11ea-ba57-b88a60e194fb,transactionid:711134,crmid:1010484488,2020-03-30T11:47:28.000Z,transaction - broker,prd1138,Money Market Savings,Savings,Personal,credit,call center,2896.28,1
e1c50bc0-914c-11ea-a25d-b88a60e194fb,transactionid:596672,crmid:7202586766,2020-03-25T08:21:04.000Z,transaction - broker,prd1180,529 College Savings,College Savings,Personal,credit,mobile,3674.8,1
e1c80626-914c-11ea-9cd4-b88a60e194fb,transactionid:944017,crmid:4261522908,2020-03-20T06:44:36.000Z,transaction - broker,prd1160,Platinum Card,Credit Card,Personal,credit,call center,3833.81,1
e1ca2878-914c-11ea-8078-b88a60e194fb,transactionid:239486,crmid:3115576080,2020-03-21T14:20:43.000Z,transaction - broker,prd1178,Everyday Savings,Savings,Personal,credit,ATM,4136.32,1
e1cbc27a-914c-11ea-ad82-b88a60e194fb,transactionid:379024,crmid:6897229648,2020-03-23T17:32:19.000Z,transaction - broker,prd1071,Critical Illness Insurance,Insurance,Personal,credit,call center,425948.35,1
e1cd5cc6-914c-11ea-b60f-b88a60e194fb,transactionid:432281,crmid:7220361711,2020-03-29T22:54:46.000Z,transaction - broker,prd1074,Premium Checking,Checking,Personal,credit,mobile,2501.1,1
e1cf3158-914c-11ea-954c-b88a60e194fb,transactionid:263207,crmid:3626371693,2020-03-20T16:57:49.000Z,transaction - broker,prd1137,Business Checking,Checking,Business,credit,mobile,4078.94,1
e1d0ccba-914c-11ea-98e2-b88a60e194fb,transactionid:386384,crmid:8065283421,2020-03-25T13:02:49.000Z,transaction - broker,prd1025,Brokerage Account,Investment,Personal,credit,mobile,2592.8,1
e1d2791e-914c-11ea-ba10-b88a60e194fb,transactionid:879549,crmid:3553387053,2020-03-26T08:57:54.000Z,transaction - broker,prd1006,Travel Card,Credit Card,Personal,credit,mobile,3060.23,1
e1d426dc-914c-11ea-8bcb-b88a60e194fb,transactionid:896272,crmid:9757180418,2020-03-18T12:13:33.000Z,transaction - broker,prd1093,Money Market Savings,Savings,Personal,credit,mobile,4922.89,1
e1d5d4a2-914c-11ea-93c5-b88a60e194fb,transactionid:709360,crmid:4376850214,2020-03-26T05:15:01.000Z,transaction - broker,prd1142,Rewards Savings,Savings,Personal,credit,broker,2620.94,1
e1d7491c-914c-11ea-b257-b88a60e194fb,transactionid:275822,crmid:5713215115,2020-03-17T14:33:45.000Z,transaction - broker,prd1031,Business Loan,Loan,Business,debt,mobile,2770.24,1
e1d8f546-914c-11ea-8635-b88a60e194fb,transactionid:264175,crmid:5339976664,2020-03-21T14:17:10.000Z,transaction - broker,prd1143,Travel Card,Credit Card,Personal,credit,mobile,3498.93,1
e1da7bfe-914c-11ea-8b3f-b88a60e194fb,transactionid:447063,crmid:8748186811,2020-03-31T20:04:11.000Z,transaction - broker,prd1065,High Interest Savings,Savings,Personal,credit,call center,489297.19,1
e1dc039a-914c-11ea-aa90-b88a60e194fb,transactionid:660889,crmid:7317128437,2020-03-24T18:35:05.000Z,transaction - broker,prd1075,Student Savings,Savings,Personal,credit,call center,2850.45,1
e1ddc3ec-914c-11ea-8ef8-b88a60e194fb,transactionid:680313,crmid:8077574370,2020-03-20T19:06:47.000Z,transaction - broker,prd1158,Preferred Checking,Checking,Personal,credit,ATM,3148.9,1
e1df5f3a-914c-11ea-bdf9-b88a60e194fb,transactionid:248478,crmid:5520463110,2020-03-19T19:35:22.000Z,transaction - broker,prd1146,529 College Savings,College Savings,Personal,credit,ATM,2687.42,1
e1e14626-914c-11ea-93fd-b88a60e194fb,transactionid:134555,crmid:9859819207,2020-03-17T18:02:21.000Z,transaction - broker,prd1002,Platinum Card,Credit Card,Personal,credit,call center,2592.42,1
e1e2f548-914c-11ea-9038-b88a60e194fb,transactionid:245767,crmid:1259065717,2020-03-26T05:25:56.000Z,transaction - broker,prd1098,Platinum Card,Credit Card,Personal,close,branch,2735.55,1
e1e48e14-914c-11ea-865a-b88a60e194fb,transactionid:210557,crmid:4952566633,2020-03-21T01:06:44.000Z,transaction - broker,prd1116,Everyday Checking,Checking,Personal,debt,call center,362530.97,1
e1e615f4-914c-11ea-8892-b88a60e194fb,transactionid:547549,crmid:3455137200,2020-03-26T14:11:15.000Z,transaction - broker,prd1081,Simplicity Card,Credit Card,Personal,credit,call center,2920.17,1
e1e787a4-914c-11ea-99a1-b88a60e194fb,transactionid:431996,crmid:2140451735,2020-03-15T07:13:49.000Z,transaction - broker,prd1071,Critical Illness Insurance,Insurance,Personal,credit,mobile,2703.46,1
e1ebbb6c-914c-11ea-b7d0-b88a60e194fb,transactionid:887784,crmid:7198133225,2020-03-24T06:24:42.000Z,transaction - broker,prd1046,Mortgage: VA,Mortgage,Personal,credit,call center,3574.1,1
e1ed1ad0-914c-11ea-a5d6-b88a60e194fb,transactionid:246055,crmid:8532775154,2020-03-21T12:31:07.000Z,transaction - broker,prd1178,Everyday Savings,Savings,Personal,credit,call center,4134.76,1
e1eeb500-914c-11ea-ab6d-b88a60e194fb,transactionid:378805,crmid:1042311489,2020-03-30T23:54:55.000Z,transaction - broker,prd1162,High Interest Savings,Savings,Personal,credit,call center,2976.45,1
