email,first_name,last_name
epicontinental1863@gmail.com,Lieselotte,Mills
amstutz1958@live.com,Kelley,Miller
subalgebraical1992@outlook.com,Deedee,Moody
daymare1858@gmail.com,Ming,Hayes
decertation1849@yandex.com,Johnsie,Baxter
dwale2017@live.com,Valentin,Moran
overview1815@outlook.com,Rudolf,Palmer
peculated1887@live.com,Felix,Hodges
dotan2038@yahoo.com,Elijah,Patterson
propriety2017@gmail.com,Merlyn,Tate
grasshopper1829@live.com,Jarvis,Osborne
crossways1869@yandex.com,Tiera,Rodriguez
carolus1852@live.com,Wilmer,Mills
switchers1910@outlook.com,Mitchell,Good
etheline2036@outlook.com,Jewell,Schwartz
donning1863@yandex.com,Moshe,Mills
adermia1925@yahoo.com,Benny,Howe
agreeable1965@outlook.com,Codi,Henderson
kwashiorkor1981@yahoo.com,Avery,Newton
haplome1990@gmail.com,Jordan,Holt
rudimentary1827@yandex.com,Arnulfo,Carney
undercount1838@yandex.com,Solomon,Finch
croteau1986@outlook.com,Clarence,Jefferson
puma1818@live.com,Cherilyn,Pate
caprifigs1926@gmail.com,Dusty,Davenport
