crmid,email,first_name,last_name,gender,mobile_telephone,city,country,zip,state,street_address,birthday,genre
crmid:6055350501,croups2027@yahoo.aephandson.com,Kristofer,Cortez,,979-513-6382,Kentwood,United States,01126,Alabama,1188 Saroyan,1977-02-05,Action
crmid:3994373228,donnie1975@yahoo.aephandson.com,Donnie,Miller,male,317-103-3143,Riverside,United States,06123,Minnesota,1390 Ewer,1930-12-22,Reality-TV
crmid:2993704252,unbesmeared1853@live.aephandson.com,Nakesha,Mcfarland,female,237-099-6093,Salt Lake City,United States,25583,Connecticut,767 Hillcrest,1961-10-13,Horror
crmid:2427832369,seaside1823@yahoo.aephandson.com,Larraine,Richard,female,352-494-4462,Dickinson,United States,87903,North Dakota,492 Overlook,1955-05-24,Animation
crmid:5734891412,phytosauria2029@gmail.aephandson.com,Anisa,Skinner,female,254-034-1777,Ocean Springs,United States,20042,Oregon,987 Lamson,1960-10-01,Fantasy
crmid:2411488449,calumny1877@yandex.aephandson.com,Cortez,Yates,,689-650-0240,Naugatuck,United States,81496,Kansas,469 La Playa,1995-06-07,News
crmid:3868115880,chasing1917@yahoo.aephandson.com,Elvis,Serrano,,313-959-8730,Jeffersonville,United States,91518,Connecticut,554 Hancock,1975-03-23,News
crmid:9917203942,edomitish1967@yahoo.aephandson.com,Vince,Delacruz,,704-109-2278,Morganton,United States,86912,Vermont,886 Marine,1993-11-20,Mystery
crmid:5493287388,mongeese1950@yahoo.aephandson.com,Randee,Rivas,female,999-504-0519,Rolla,United States,68736,Maine,684 Country Club,1961-07-25,Thriller
crmid:7986200869,landlords1843@outlook.aephandson.com,Julio,Faulkner,female,741-123-8697,Durant,United States,26800,Washington,862 Saint Louis,1956-04-09,Reality-TV
crmid:8982936968,unprematureness1820@yandex.aephandson.com,Cruz,Patterson,,944-444-3876,Southgate,United States,37870,New Mexico,238 Amador,1971-12-29,Comedy
crmid:7210299581,kolhoz1994@yahoo.aephandson.com,Jules,Hood,,898-755-3338,Saco,United States,45647,Ohio,613 Oak,1983-08-18,Action
crmid:4946756876,soh1898@outlook.aephandson.com,Wilmer,Mcgowan,male,858-920-4063,Boynton Beach,United States,85771,Maine,156 West Point,1940-10-19,Action
crmid:9371220222,areito2023@yahoo.aephandson.com,Janee,Buchanan,female,296-596-9794,Clearfield,United States,91682,Florida,1103 Cyrus,1948-04-04,Account Cancelation
crmid:5892858184,blent2029@yahoo.aephandson.com,Ignacio,Mccullough,male,766-682-3343,Allen,United States,62391,Rhode Island,1305 Thor,1931-11-09,Action
crmid:5843583196,mongrel1917@yahoo.aephandson.com,Bernardo,Dyer,male,528-147-4960,Soledad,United States,50902,Virginia,1211 Hanover,1931-11-02,Fantasy
crmid:1233549553,compatibilities1922@gmail.aephandson.com,Eric,Burks,,287-705-2286,New Orleans,United States,66721,Alabama,489 Julius,1996-11-10,Fantasy
crmid:4765259887,evenfalls1910@yahoo.aephandson.com,Amal,Cameron,female,584-834-9699,North Miami Beach,United States,62032,Pennsylvania,1010 Saint Elmo,1998-11-24,Sport
crmid:6218368851,gustavus1855@live.aephandson.com,Dwayne,Whitley,male,293-426-5327,Bentonville,United States,91658,Maine,666 Cassandra,1938-03-31,Animation
crmid:9146020318,centered2063@gmail.aephandson.com,Nolan,Durham,,474-186-8396,Huntsville,United States,22474,Rhode Island,593 Thorne,1974-05-22,Fantasy
crmid:4552801531,squibling2053@yandex.aephandson.com,Elanor,O'neil,female,714-574-6482,Woodbury,United States,15114,West Virginia,867 Dodge,1946-12-19,Westerns
crmid:8665742188,nonmanila1902@gmail.aephandson.com,Prince,Yang,male,104-352-4258,University Park,United States,09966,Kansas,790 Espanola,1933-08-04,Animation
crmid:4230772802,dosers1911@yandex.aephandson.com,Alejandro,Duncan,,123-223-4239,Hamilton,United States,90902,Idaho,692 Golden Gate,1969-05-02,News
crmid:6624524726,scheme1980@yahoo.aephandson.com,Daryl,Pearson,female,924-480-9646,Elk Grove,United States,18974,Mississippi,1128 Geneva,1959-02-23,Thriller
crmid:7945606155,wampum2020@gmail.aephandson.com,Sal,Vincent,,594-548-1075,Warren,United States,23197,Indiana,953 Pinar,1968-06-10,News
crmid:5031436575,reflowers1904@yandex.aephandson.com,Ulysses,Chapman,,493-354-1089,Simi Valley,United States,32581,Indiana,307 Portola,1979-01-08,Fantasy
crmid:7052454708,rubrication1900@yahoo.aephandson.com,Theron,Medina,male,243-369-9380,Blue Springs,United States,52612,New Hampshire,580 Mahan,1939-09-20,Fantasy
crmid:5018994706,monastery1966@yahoo.aephandson.com,Randell,Bradshaw,,053-108-7171,Moses Lake,United States,82960,Louisiana,1026 Mansell,1993-07-09,Biography
crmid:7187580156,emollient1954@yahoo.aephandson.com,Xavier,Baird,,562-955-6591,La Verne,United States,57803,Florida,622 Whitney,1979-10-14,News
crmid:4988854327,mothball1941@yandex.aephandson.com,Asa,Fry,male,910-860-2329,Albert Lea,United States,87317,Minnesota,961 Elmira,1931-12-23,Thriller
crmid:7017742695,factice1803@yandex.aephandson.com,Timothy,Brewer,,945-627-7382,Searcy,United States,75278,Ohio,348 Chenery,1967-09-14,Animation
crmid:5414949061,outredden1954@yandex.aephandson.com,Michael,Baldwin,male,162-957-9191,Sheridan,United States,78015,Oklahoma,476 Lexington,1936-07-01,Thriller
crmid:5493298103,checksumming1964@outlook.aephandson.com,Jarrett,Hanson,male,764-220-5584,Carlisle,United States,25376,Nebraska,534 Oshaughnessy,1944-05-13,Family
crmid:4945529228,speisscobalt2031@live.aephandson.com,Antony,Roberson,,236-464-8199,Malden,United States,08774,New Hampshire,578 Battery East,1985-01-22,News
crmid:7452756276,identify2038@gmail.aephandson.com,Elmo,Mason,male,923-209-7953,Broomfield,United States,79596,New Jersey,133 Stoneman,1942-11-29,Family
crmid:9332944107,billiards1935@gmail.aephandson.com,Shon,Reid,male,586-949-9684,Benicia,United States,98876,Kentucky,1041 Caledonia,1938-09-24,History
crmid:3109149012,habenaria1915@yahoo.aephandson.com,Brendon,Ewing,,670-452-7320,Highland Village,United States,40212,Vermont,1087 Texas,1971-07-03,Animation
crmid:6160547805,arles1983@yandex.aephandson.com,Jacinto,Suarez,,750-450-9764,Indian Trail,United States,06078,Minnesota,205 Trainor,1974-01-24,Reality-TV
crmid:8109836486,alcindor2024@gmail.aephandson.com,Herschel,Mccall,,451-642-3348,Lynnwood,United States,38505,New Hampshire,994 Barcelona,1985-06-19,Animation
crmid:6698614039,trytophan1874@yandex.aephandson.com,Genevive,Leon,female,292-375-4615,Deerfield,United States,71281,Kansas,808 Monterey,1954-12-06,Family
crmid:7711469701,asters2010@live.aephandson.com,Armand,Gates,,103-120-4106,Laguna Woods,United States,89730,Nevada,1235 Crestlake,1979-11-04,Fantasy
crmid:2195899279,sclerosing1890@gmail.aephandson.com,Marlin,Daniels,,972-368-5720,Sheboygan,United States,61429,Utah,87 Evergreen,1976-03-16,Biography
crmid:7536009261,livyer1999@outlook.aephandson.com,Milan,Gonzalez,,673-840-9017,Highland Village,United States,31336,Nevada,1021 New Montgomery,1971-06-07,News
crmid:4719070282,treacly1821@yahoo.aephandson.com,Michal,Riley,female,455-507-6002,Cottonwood Heights,United States,32590,New Mexico,1139 South Van Ness,1951-06-25,Action
crmid:6326654010,countor2009@yandex.aephandson.com,Arianna,Bowen,female,396-020-0249,Chino Hills,United States,60143,Minnesota,994 Beale,1947-11-01,Thriller
crmid:3792234434,arisen1819@yahoo.aephandson.com,Victor,Burke,,579-122-6279,Trenton,United States,87459,Delaware,396 Kenny,1980-12-16,History
crmid:8537983868,stickups2004@outlook.aephandson.com,Jeremy,Campos,male,802-670-4664,Skokie,United States,91118,Montana,671 Dudley,1996-02-10,History
crmid:8810999801,trust2043@yandex.aephandson.com,Wilfredo,Slater,,569-209-3696,Lewisville,United States,75475,Illinois,976 Spring Valley,1982-12-05,History
crmid:7347044686,merycism1869@yandex.aephandson.com,Otis,Lane,,889-079-0220,Northbrook,United States,45699,Washington,1035 Riverton,1999-07-21,Fantasy
crmid:3169298977,yappiness1917@yahoo.aephandson.com,Salvatore,Edwards,,525-676-6848,Ocean Springs,United States,35752,New Hampshire,1058 Hanover,1976-09-13,Animation
crmid:2600537729,newt2001@outlook.aephandson.com,Graig,Golden,,269-146-6538,Topeka,United States,63772,Kansas,1400 Mcrae,1994-06-11,News
crmid:4726696832,cheering1842@yandex.aephandson.com,Newton,Hyde,male,923-966-1245,Arlington Heights,United States,49108,Kentucky,658 Oak Hills,1933-07-15,News
crmid:5657538740,donning2000@outlook.aephandson.com,Peter,Morris,male,399-376-1060,San Marcos,United States,64536,Wyoming,833 Daniel Burnham,1943-08-21,History
crmid:1518911315,countor2047@gmail.aephandson.com,Delpha,Lane,female,355-608-4746,Erie,United States,71043,North Carolina,114 Gateview 3,1960-12-22,Reality-TV
crmid:7935550784,betaking2030@gmail.aephandson.com,Scottie,Baldwin,,276-213-0992,Florence,United States,58350,South Carolina,553 Rossmoor,1962-09-18,Sport
crmid:5900976278,arsonium1964@yandex.aephandson.com,Dorsey,Barron,male,242-647-9703,Santee,United States,71163,Kansas,842 Collingwood,1938-03-02,History
crmid:4010004653,arrowy1823@yandex.aephandson.com,Kayleen,Mendoza,female,429-558-6333,El Monte,United States,21000,Iowa,364 Sunnyside,1958-05-20,Biography
crmid:1187031540,carmelite1809@yahoo.aephandson.com,Calista,Jones,female,409-261-0309,Fairmont,United States,74104,Arizona,1346 Gates,1961-01-16,Sport
crmid:6663104181,auric1808@outlook.aephandson.com,Nicolas,Chase,,912-790-9107,Mill Creek,United States,16315,Alaska,368 Hegal,1990-03-28,Action
crmid:2720727532,crimp1946@outlook.aephandson.com,Evelin,Holman,female,559-740-3337,El Paso,United States,17238,Oklahoma,1223 Sequoia,1958-03-14,News
crmid:1565975842,brims1884@gmail.aephandson.com,Marcos,Benson,,037-608-8337,Laramie,United States,15530,Hawaii,148 Phoenix,1980-02-14,News
crmid:1701184960,ribbon1889@yandex.aephandson.com,Von,Buchanan,male,055-540-0583,Summerville,United States,18101,Alaska,1091 Avon,1945-10-04,Action
crmid:3894295399,mink2007@live.aephandson.com,Thaddeus,Francis,,577-047-2305,Rosenberg,United States,84137,Ohio,929 Leese,1990-10-04,Biography
crmid:2375351102,amazing1980@outlook.aephandson.com,Alonso,Fitzgerald,,325-761-2630,Mequon,United States,31058,Minnesota,441 Marist,1989-06-12,Biography
crmid:3518268045,denny1953@yandex.aephandson.com,Ronald,Bush,female,939-657-5243,Stamford,United States,14103,Indiana,1369 Ney,1951-12-14,Drama
crmid:5885126025,alger1902@yahoo.aephandson.com,Hugo,Robertson,,804-309-7805,Utica,United States,50823,Arkansas,412 Wawona,1972-02-10,History
crmid:3193862918,hebete2055@live.aephandson.com,Monte,O'connor,,089-848-7470,Morgan Hill,United States,47844,Maine,35 Stockton,1993-08-03,Comedy
crmid:9273590288,cunard1887@live.aephandson.com,Lamont,Buckley,,704-658-5397,Hawthorne,United States,07434,Hawaii,553 Northridge,1970-02-25,Family
crmid:5574664344,baldest1896@outlook.aephandson.com,Floyd,Hansen,,098-982-7086,Murray,United States,74122,Oklahoma,385 Shore View,1994-10-14,Fantasy
crmid:5905470991,noncircuit2018@yandex.aephandson.com,Esta,Crosby,female,779-010-3839,DeSoto,United States,99284,Wyoming,1392 Eastwood,1953-03-07,News
crmid:2918907292,perturbation1949@outlook.aephandson.com,Sean,Kennedy,male,568-087-0992,Takoma Park,United States,07448,Oklahoma,1027 Tonquin,1936-09-16,Family
crmid:2390750502,pensionership1998@yandex.aephandson.com,Toshia,Farmer,female,832-153-6499,Pekin,United States,78726,Maine,1390 Orben,1952-12-23,Sport
crmid:4951384204,hydrothermal1866@outlook.aephandson.com,Roger,Cochran,,330-482-0147,Lemoore,United States,05819,Rhode Island,1343 Adele,1982-02-27,Reality-TV
crmid:8062823941,darkens2070@gmail.aephandson.com,Malisa,Daniel,female,929-065-8714,Panama City,United States,92205,Missouri,899 Isis,1996-04-11,Animation
crmid:1553990123,caterbrawl2021@yahoo.aephandson.com,Vi,Montgomery,female,656-326-5058,Oakland Park,United States,16287,Iowa,1027 Mizpah,1953-09-20,Horror
crmid:9470103366,weatherologist1844@yandex.aephandson.com,Booker,Bernard,,821-524-8907,Inglewood,United States,88301,Colorado,540 Owens,1974-12-27,News
crmid:1855488657,circuits1844@outlook.aephandson.com,Shaun,Mills,,055-957-5317,Mesquite,United States,45950,Arizona,1057 Milan,1990-08-17,Mystery
crmid:3936144150,battles1991@live.aephandson.com,Isiah,Tillman,male,124-278-1845,Rochester Hills,United States,62631,Tennessee,895 Ils,1939-05-29,Mystery
crmid:4481300022,shakable1996@live.aephandson.com,Denver,Hardin,,079-163-0971,St. Marys,United States,96643,Georgia,1354 North Hughes,1992-04-11,News
crmid:2270211101,aggest1958@gmail.aephandson.com,Reynaldo,Avila,male,039-248-9273,Santee,United States,10230,Minnesota,502 Ewing,1944-08-01,Fantasy
crmid:9333353847,wrath1871@yahoo.aephandson.com,Von,Mercer,,266-337-7882,Indianapolis,United States,05157,Wisconsin,1234 Napier,1974-02-21,Thriller
crmid:6111251322,complier1884@outlook.aephandson.com,James,Dudley,,953-111-7230,Hoffman Estates,United States,29929,Hawaii,1186 Kendall,1972-04-04,Fantasy
crmid:6256287430,chiquito1979@yandex.aephandson.com,Pasquale,Norton,,616-445-1504,Torrance,United States,66724,West Virginia,734 Hangah,1990-10-10,Sport
crmid:8419921399,bemar1952@yahoo.aephandson.com,Domenic,Hancock,,141-512-6608,Round Lake,United States,28566,Minnesota,764 Dore,1965-09-21,Drama
crmid:3817066178,deceive2042@yandex.aephandson.com,Keven,Barnett,male,487-964-8698,Buffalo Grove,United States,31656,Washington,1229 Kent,1942-06-02,Animation
crmid:2656890856,burian1878@gmail.aephandson.com,Joane,O'brien,female,786-647-8131,Elkhart,United States,20178,Tennessee,1279 Rutland,1959-04-22,News
crmid:5784279528,shuttlelike1912@live.aephandson.com,Leopoldo,Lambert,,295-241-2515,Lakeville,United States,51953,Iowa,549 Egbert,1980-09-12,Animation
crmid:2467346454,sexiness1927@outlook.aephandson.com,Mauricio,Hanson,,367-851-5635,Glenview,United States,59434,Idaho,735 Nottingham,1966-09-01,Action
crmid:3966517846,tinct1853@live.aephandson.com,Jordan,Giles,male,901-438-9674,Bedford,United States,33190,Idaho,216 Perry,1937-06-11,Reality-TV
crmid:5129767903,redundancies1853@yahoo.aephandson.com,Sal,Cunningham,male,598-779-9136,Sikeston,United States,77512,North Dakota,736 Clay,1998-02-17,News
crmid:5353509898,baptist1856@outlook.aephandson.com,Galina,Douglas,female,541-626-0772,De Land,United States,52761,Oklahoma,675 Seward,1953-10-06,Action
crmid:5542759954,caballer2042@yandex.aephandson.com,Israel,Chen,,107-783-9000,Mattoon,United States,35216,New York,630 Clayton,1988-06-13,Sport
crmid:3595536262,apraxia1883@gmail.aephandson.com,Rod,Taylor,,176-025-9450,Mount Pleasant,United States,01882,Kansas,1082 Franconia,1993-01-14,Biography
crmid:6105275320,aborticide1931@live.aephandson.com,Coy,Fisher,,114-579-7887,Irvine,United States,20136,Kentucky,218 Lillian,1975-04-17,Thriller
crmid:7316430817,aitch1977@live.aephandson.com,Jamey,Melton,,937-140-3867,Menomonee Falls,United States,16376,North Carolina,1330 Michigan,1989-02-24,News
crmid:2693554819,intertarsal1972@outlook.aephandson.com,Bryce,Mcdowell,,282-217-2739,North Canton,United States,64725,Wyoming,1110 Mccoppin,1998-11-24,Action
crmid:7561258939,chilicote1997@yahoo.aephandson.com,Wesley,Petty,female,577-660-0372,Chelsea,United States,53714,Pennsylvania,1324 Balmy,1946-09-23,Fantasy
crmid:3435185456,peculated1922@live.aephandson.com,Eldridge,Hickman,,953-932-2502,Killeen,United States,77074,Vermont,651 Pemberton,1977-03-24,Sport
crmid:3272380637,disorderer2002@gmail.aephandson.com,Geraldo,Morales,,593-898-9113,Pullman,United States,44192,Arkansas,810 Acacia,1991-11-14,Horror
crmid:1790290150,curupira2004@gmail.aephandson.com,Simon,Waller,,089-178-9301,Hazleton,United States,98596,Washington,609 Alana,1970-05-27,Reality-TV
crmid:5791547098,hottentot1906@live.aephandson.com,Alfred,Winters,,731-995-4398,Los Angeles,United States,57720,New York,1359 Behr,1984-09-28,Animation
crmid:9908953633,sivaist1847@yahoo.aephandson.com,Trenton,Douglas,,888-293-4949,Lake Oswego,United States,63531,Minnesota,209 Daggett,1980-11-13,Thriller
crmid:7263948301,beshir2050@outlook.aephandson.com,Gilberto,Craft,,488-318-4063,Waukesha,United States,95506,Oregon,1142 Fanning,1995-09-09,Mystery
crmid:6653130148,kiwi1856@gmail.aephandson.com,Love,Abbott,female,407-939-6547,Cooper City,United States,31381,New Jersey,137 Van Keuren,1950-06-01,Fantasy
crmid:1719200221,preorganize2011@gmail.aephandson.com,Salvatore,Jimenez,,379-742-3494,Godfrey,United States,79150,Nebraska,696 Mercato,1966-12-29,Fantasy
crmid:4976898153,benjamite1916@yandex.aephandson.com,Lyle,Gamble,,455-113-5203,Goodyear,United States,63773,Georgia,874 Halleck,1967-11-15,Sport
crmid:2377920627,earlock1992@gmail.aephandson.com,Virgil,Mayer,,901-416-6133,Pinole,United States,38682,Oregon,119 Willow,1977-10-26,Account Cancelation
crmid:6725463599,squamosozygomatic1800@yahoo.aephandson.com,Teddy,Gould,,960-678-8052,Idaho Falls,United States,50152,Alabama,251 Phoenix,1974-09-02,Biography
crmid:8139036365,acoustic1820@gmail.aephandson.com,Doug,Whitfield,male,898-596-2879,Panama City,United States,89099,Arkansas,251 Battery Wagner,1933-11-30,Drama
crmid:7541114374,amalie1931@yahoo.aephandson.com,Fritz,Goodwin,,032-864-4349,San Juan,United States,48733,Kentucky,190 Ruth,1987-03-29,News
crmid:4616468297,chukchi1830@live.aephandson.com,Eugenio,Cooke,,741-910-0676,Kentwood,United States,48187,Arkansas,949 Liggett,1977-08-12,Fantasy
crmid:6796306998,seaside1952@outlook.aephandson.com,German,Ward,,146-864-5658,Lenexa,United States,48992,Texas,789 Leavenworth,1982-07-03,Action
crmid:1733346096,dondaine2042@gmail.aephandson.com,Isa,Gillespie,female,400-539-0585,Dyersburg,United States,73694,Iowa,827 Red Leaf,1956-04-11,Animation
crmid:4281669469,cadging1995@live.aephandson.com,Rashad,Tyson,,691-659-4449,Rockville Centre,United States,27644,Missouri,227 Muir,1966-07-24,Mystery
crmid:3053931242,bourreau1922@live.aephandson.com,Carmen,Welch,male,779-004-9123,Amsterdam,United States,04277,Maine,62 Bengal,1932-02-14,Drama
crmid:2180790930,fenbank1935@live.aephandson.com,Johna,Becker,female,230-691-6539,Corcoran,United States,60494,North Dakota,487 Medical Center,1950-11-08,Fantasy
crmid:4535746096,berenices1859@yahoo.aephandson.com,Sheridan,Greene,female,732-140-0726,Derby,United States,83917,Missouri,470 North,1954-08-12,Sport
crmid:4895894229,millipede1861@yandex.aephandson.com,Adalberto,Wilder,,580-864-6343,Somerville,United States,79847,South Dakota,619 Holly Park,1983-05-28,Horror
crmid:7645827927,hubcaps2034@yandex.aephandson.com,Nick,Cooper,,356-271-3514,Lindenwold,United States,55671,Nevada,259 Fredela,1983-09-20,History
crmid:7603229640,undersomething1881@live.aephandson.com,Lucius,Ray,male,144-662-5454,Rahway,United States,70778,Nebraska,1328 Ofarrell,1934-06-24,Fantasy
crmid:7030105811,carmelite1865@yahoo.aephandson.com,Florencio,Shannon,,468-749-0610,Fort Collins,United States,52482,Maryland,262 Eucalyptus,1963-10-23,History
crmid:5051635568,bellhop2037@yahoo.aephandson.com,Willy,Roberts,male,697-594-3762,Allen,United States,57377,Iowa,910 Shephard,1931-10-25,News
crmid:4352859871,consolute1972@outlook.aephandson.com,Vaughn,Valenzuela,,114-560-5400,Schenectady,United States,63575,North Carolina,689 Century,1982-06-21,News
crmid:2703519901,hagmane1971@yandex.aephandson.com,Rey,James,male,794-771-9533,Boca Raton,United States,42379,New Mexico,601 Maiden,1940-08-15,News
crmid:5874570459,dusun1870@live.aephandson.com,Merlyn,Romero,female,901-381-1582,Twinsburg,United States,59370,Utah,58 Toll Plaza Tunnel,1994-12-31,Horror
crmid:4388383666,drane1900@yahoo.aephandson.com,August,Boyle,,577-679-6816,Grove City,United States,68903,Illinois,230 Faith,1968-11-04,Biography
crmid:9516524907,huajillo1896@yandex.aephandson.com,Errol,Haley,,529-104-1445,Gillette,United States,37011,Illinois,861 Jade,1966-06-22,News
crmid:9082100648,incombustibility1862@outlook.aephandson.com,Darrick,Aguilar,,164-309-3465,Phenix City,United States,89582,Alabama,12 Cushman,1993-09-24,Biography
crmid:1297838645,foreordaining1970@yahoo.aephandson.com,Merrill,Barron,,395-802-6604,Oxford,United States,41137,Rhode Island,461 Massachusetts,1991-02-06,Sport
crmid:1140154010,carnell2041@yahoo.aephandson.com,Dorian,Mitchell,female,355-646-5454,Tarpon Springs,United States,16507,Rhode Island,1241 Cascade,1948-03-20,Animation
crmid:2728582293,dotan1963@gmail.aephandson.com,Irmgard,Knapp,female,635-021-2194,Richardson,United States,14636,Mississippi,1125 Weatherly,1952-04-16,Animation
crmid:1833597817,crux2063@gmail.aephandson.com,Andy,Monroe,,899-262-5840,Fort Lee,United States,61786,Louisiana,1055 Van Ness,1963-11-15,Biography
crmid:3265048705,ramentiferous1911@outlook.aephandson.com,Eliana,Glover,female,758-840-0744,Dothan,United States,18927,Oregon,760 Westwood,1955-03-11,Action
crmid:2204405605,desiderative1835@yahoo.aephandson.com,Arlen,Salazar,,484-575-0431,Wilkinsburg,United States,57420,Mississippi,143 San Diego,1984-02-10,Fantasy
crmid:8158627693,breakup1856@yahoo.aephandson.com,Clemente,Rosario,,534-188-6349,Oswego,United States,34173,Missouri,740 Coleridge,1974-07-13,Mystery
crmid:1691556409,tepidity1911@gmail.aephandson.com,Savanna,Blackburn,female,677-833-1023,Edwardsville,United States,88052,Texas,24 Brosnan,1958-10-26,Reality-TV
crmid:3106121147,scillipicrin2041@live.aephandson.com,Min,Jacobson,female,026-577-3050,Edmond,United States,98417,Maine,12 Flood,1958-12-27,Reality-TV
crmid:2995920070,alluvium2044@outlook.aephandson.com,Dominique,Phillips,,679-330-6828,Lake Oswego,United States,90878,Ohio,1259 Shaw,1980-06-02,News
crmid:5062739382,chamois1895@gmail.aephandson.com,Ambrose,Crane,,161-221-1003,Lemon Grove,United States,85857,Indiana,649 Armistead,1982-09-25,Comedy
crmid:8007131285,dinosaur1868@outlook.aephandson.com,Porter,Newman,,424-576-8532,Lacey,United States,76852,Tennessee,999 Dalewood,1979-12-22,Westerns
crmid:7470514175,cheryl1895@live.aephandson.com,Manual,Hatfield,male,529-179-1181,Odessa,United States,55345,Wisconsin,381 Walnut,1945-07-13,Action
crmid:8201417701,precisionize1850@yandex.aephandson.com,Nick,Kirby,male,464-673-8680,Summit,United States,90468,Connecticut,685 Security Pacific,1930-07-16,Action
crmid:5007883052,kickstands1887@yandex.aephandson.com,Robt,Velasquez,,029-912-4958,South Gate,United States,32474,Idaho,424 Arroyo,1972-05-09,Family
crmid:5562159027,educable2020@yahoo.aephandson.com,Zachariah,Mccarty,,379-757-9520,Sahuarita,United States,93059,Minnesota,882 Milan,1965-06-25,Westerns
crmid:7791295175,cremant1954@gmail.aephandson.com,Wonda,Frederick,female,658-571-9339,Chicago,United States,63180,Louisiana,1119 Water,1947-11-18,Action
crmid:7094698872,avouch2025@yahoo.aephandson.com,Diamond,Watkins,female,565-468-6654,Creve Coeur,United States,17983,South Dakota,1372 Roanoke,1951-03-30,News
crmid:4434948158,cutline1891@live.aephandson.com,Robt,Mcneil,,763-806-9836,Hollister,United States,92435,Idaho,1375 Alberta,1972-05-09,Action
crmid:6061077721,butcheress1846@live.aephandson.com,Ellis,Lott,female,123-367-4294,Evanston,United States,14012,Maryland,700 Carl,1960-03-17,Action
crmid:3028192660,saucerman2004@gmail.aephandson.com,Domenic,Morris,male,919-499-6862,Oak Forest,United States,96606,Montana,164 Ocean Vista,1930-11-05,Fantasy
crmid:4307591439,poesy1962@outlook.aephandson.com,Brendan,Bonner,,962-945-2687,Glenview,United States,34609,South Carolina,649 Catherine,1966-07-31,Sport
crmid:3348197329,holocryptic1944@gmail.aephandson.com,Lucilla,Page,female,509-998-2310,Dania Beach,United States,99767,Massachusetts,577 Coronado,1952-12-21,Reality-TV
crmid:3776833085,devotes1878@live.aephandson.com,Dorsey,Adams,male,949-824-7478,New Bern,United States,00419,Nevada,254 Ambrose Bierce,1996-01-06,Sport
crmid:5649862834,leve2029@yandex.aephandson.com,Lee,Levy,male,752-056-2843,Birmingham,United States,32947,Oregon,119 Italy,1939-06-17,Biography
crmid:4462723479,elding2054@yahoo.aephandson.com,Yong,Jackson,,169-058-5824,Little Rock,United States,96469,New Jersey,802 Miller,1983-10-23,Action
crmid:9948498846,labyrinth1864@yahoo.aephandson.com,Jordan,Frazier,male,021-797-2310,Snellville,United States,08372,Florida,58 Williar,1942-06-10,Sport
crmid:3780872979,bibiri1928@yahoo.aephandson.com,Shanice,Massey,female,402-789-4934,Danville,United States,43824,Arkansas,413 North Point,1953-08-18,Thriller
crmid:3426170432,banshie2064@outlook.aephandson.com,Lupe,Perez,,161-340-1176,Maple Heights,United States,21374,Oklahoma,1280 Forest,1986-05-05,Mystery
crmid:2979092002,goldfish1824@live.aephandson.com,Giuseppe,Lyons,,115-271-9646,Huntley,United States,15540,Georgia,1278 Diamond,1974-02-04,Comedy
crmid:3617985808,unwailing1909@outlook.aephandson.com,Dino,Griffin,,388-820-1259,Matthews,United States,80175,Indiana,144 Parnassus,1988-03-02,Fantasy
crmid:3556220740,metalsmith2031@live.aephandson.com,Janett,Davenport,female,093-763-2318,Redding,United States,72989,Louisiana,561 Avenue F,1958-04-07,Action
crmid:4857138318,vilification1954@outlook.aephandson.com,Isaias,Brady,,161-935-2156,Painesville,United States,93109,Maryland,342 Bella Vista,1985-06-08,Family
crmid:9422227706,capturer1880@yandex.aephandson.com,Art,Simon,,048-930-8779,Greenbelt,United States,34082,Hawaii,155 Costa,1968-07-11,Account Cancelation
crmid:2950483446,nonfeverishly1825@yahoo.aephandson.com,Mistie,Hicks,female,926-708-0748,Staunton,United States,14909,Kansas,183 Capen,1950-06-14,News
crmid:7276802645,ephyra1988@gmail.aephandson.com,Minh,Hurst,,700-176-4251,Riverside,United States,36884,Hawaii,726 Navajo,1968-10-23,News
crmid:3108780745,forepeak1842@outlook.aephandson.com,Alease,Mack,female,073-741-4942,South El Monte,United States,77050,Arkansas,739 Fulton,1946-01-18,Account Cancelation
crmid:7058774298,dramshop2053@outlook.aephandson.com,Rodger,Rogers,male,364-520-0480,Pompano Beach,United States,07645,Mississippi,289 Steiner,1934-11-24,Sport
crmid:6128062666,couplet1929@live.aephandson.com,Bennett,Doyle,,260-764-1923,Loma Linda,United States,90824,Arkansas,475 Hudson,1983-07-01,Thriller
crmid:4029574822,doglike1972@yandex.aephandson.com,Otis,Osborn,,830-925-6099,Muscatine,United States,31483,Texas,36 Mcallister,1994-06-13,Sport
crmid:4669489675,scythed1993@outlook.aephandson.com,Boyce,Barlow,,369-048-6648,Gastonia,United States,37397,Connecticut,646 Northridge,1965-06-22,Reality-TV
crmid:7938854258,snowdrop1811@yahoo.aephandson.com,Naida,Adkins,female,098-741-1376,Claremore,United States,39570,Delaware,1182 Pomona,1948-07-01,Family
crmid:7241522768,tawer2065@live.aephandson.com,Lexie,Washington,female,412-134-5306,Chowchilla,United States,36354,Georgia,1134 Halleck,1947-05-30,Sport
crmid:8743987421,infectionist1977@live.aephandson.com,Rolando,Cummings,,078-336-7029,Rochester Hills,United States,38347,Wyoming,844 Michigan,1976-08-28,Reality-TV
crmid:2005598507,cyrenaic1923@yandex.aephandson.com,Steven,Pate,,015-836-6397,West Lafayette,United States,31151,Kansas,310 Arelious Walker,1970-03-12,Reality-TV
crmid:1916630988,debus1848@yahoo.aephandson.com,Shea,Mueller,female,669-691-9977,Sulphur,United States,26206,Vermont,1345 Mccarthy,1958-08-21,Thriller
crmid:8334883538,trypaneidae2057@gmail.aephandson.com,Carlos,Downs,,043-788-6674,Mokena,United States,68500,North Carolina,203 Baldwin,1992-11-30,News
crmid:9486410285,deathweed1928@yandex.aephandson.com,Elza,Ballard,female,001-650-9085,Tempe,United States,57900,Kentucky,12 Alert,1953-03-02,Biography
crmid:7398238994,planted1921@outlook.aephandson.com,Bart,Mcclure,male,754-124-4770,San Benito,United States,10952,Washington,1164 Camellia,1943-01-19,News
crmid:9926939963,chaudhry1943@yandex.aephandson.com,Pete,Neal,,742-695-3233,South San Francisco,United States,98028,Tennessee,520 Hayes,1985-02-28,Animation
crmid:9607966238,seconds1984@yahoo.aephandson.com,Lowell,Becker,male,533-808-0169,Wyandotte,United States,73332,Ohio,954 Nottingham,1937-06-02,Action
crmid:1643364332,fuligulinae1895@gmail.aephandson.com,Claretta,Howe,female,089-686-3091,East Providence,United States,09280,Maine,1337 Josepha,1957-02-15,Sport
crmid:9868945434,corrigan1820@gmail.aephandson.com,Sandee,Knight,female,594-515-7928,Park Forest,United States,16641,Arizona,68 Topeka,1950-12-23,Horror
crmid:9356496429,nappy1806@outlook.aephandson.com,Herman,Lawrence,male,107-941-8373,Alabaster,United States,25010,Wisconsin,924 Tandang Sora,1930-05-17,Family
crmid:5206406601,bateau1922@live.aephandson.com,Sidney,Kerr,male,568-446-1909,Westfield,United States,04878,Kansas,369 Texas,1930-09-16,Action
crmid:8053155323,doubts1823@yandex.aephandson.com,Chasidy,Woods,female,859-109-5371,Wake Forest,United States,72970,Wyoming,1225 Charter Oak,1956-02-08,Fantasy
crmid:4527267286,cathedrals2018@yahoo.aephandson.com,Duane,Byers,,682-729-4134,Mundelein,United States,42918,Arizona,177 Randolph,1994-08-10,Sport
crmid:7370737665,desolates1991@yahoo.aephandson.com,Larry,Wright,,519-069-3591,Holyoke,United States,81432,Minnesota,176 Ninth,1972-11-04,Biography
crmid:8448127358,denes1981@gmail.aephandson.com,Lazaro,Luna,male,982-672-1455,Central Point,United States,85031,Georgia,949 Gough,1945-06-18,Thriller
crmid:1598463249,woodcock2013@yahoo.aephandson.com,Weldon,Church,,956-483-3793,Greeley,United States,85712,Virginia,1201 Parkridge,1968-08-17,Animation
crmid:9980022888,birdseed1934@outlook.aephandson.com,Lucius,Rowe,,811-145-9552,Greer,United States,67971,Mississippi,1306 Worden,1968-11-24,Reality-TV
crmid:9534171991,chlorophane1854@yahoo.aephandson.com,Norberto,Fletcher,male,525-625-3659,Palm Coast,United States,08221,Oklahoma,646 Hansen,1940-07-10,Family
crmid:2498159723,photogenous1839@gmail.aephandson.com,Michal,Peck,,000-102-2900,Kalispell,United States,11627,Connecticut,1216 Carpenter,1976-02-14,Fantasy
crmid:8109324665,monastery1983@yahoo.aephandson.com,Frankie,Carter,,952-281-5947,Mishawaka,United States,17183,Tennessee,30 West Point,1991-04-10,Comedy
crmid:8314358596,mankilling1800@live.aephandson.com,Douglas,Munoz,,013-797-2461,Glassboro,United States,15653,Connecticut,887 Parkridge,1966-04-13,Fantasy
crmid:3921319460,polyscopic1865@yandex.aephandson.com,Shantelle,Pearson,female,327-730-0652,Chula Vista,United States,84113,Kentucky,1087 Blairwood,1947-08-23,Sport
crmid:2874915582,ineye2040@outlook.aephandson.com,Alexis,Gibson,,968-524-7438,Goshen,United States,25607,Kansas,1259 Sawyer,1967-04-25,Action
crmid:6579912688,votiveness1979@outlook.aephandson.com,Darrick,Bryant,male,235-490-2099,Calexico,United States,67154,Minnesota,505 Lyon,1943-11-21,Drama
crmid:1909338241,latipennate2020@yandex.aephandson.com,Tyree,Bowman,,979-955-3936,Martinez,United States,82559,Nevada,1272 Hilton,1987-10-10,Action
crmid:2393845749,sanatorium1989@live.aephandson.com,Valentin,Joyner,,366-213-9866,Patterson,United States,74770,Oklahoma,836 Sedgewick,1987-12-18,Biography
crmid:1070692989,locoed1961@live.aephandson.com,Bobbie,Leblanc,male,748-524-7946,Avon,United States,04374,Ohio,485 Laguna,1935-01-17,Westerns
crmid:5212802239,oscillancy1936@yandex.aephandson.com,Doyle,Orr,,199-466-2855,Hilliard,United States,72761,Louisiana,354 Ewer,1972-01-07,Action
