crmid,email,first_name,last_name,gender,mobile telephone,city,country,zip,state,street address,birthday,historicalpoints
crmid:5282196368,affluent1944@gmail.com,Eddie,Martin,,257-657-4697,Kerrville,United States,74693,Hawaii,170 West Broadway,1977-08-20,1823
crmid:5005352535,unmanageably1962@live.com,Jamie,Rich,,359-605-5438,Sahuarita,United States,92066,Maine,1157 Opalo,1987-05-20,943
crmid:9368093974,affies1818@live.com,Quinton,Fuller,,287-899-6214,Sylvania,United States,52744,Wyoming,956 Bannan,1998-07-08,1589
crmid:9100842350,placebos1977@yandex.com,Chester,Fernandez,,689-072-8230,Menasha,United States,02921,Minnesota,1165 Farallones,1989-01-26,2576
crmid:7726885086,ayatollah1814@yahoo.com,Tenisha,Delacruz,female,664-781-0871,Erlanger,United States,53066,New Hampshire,89 Fredson,1960-09-08,2653
crmid:9983038320,apurba1922@outlook.com,Carol,Shepherd,,531-891-3049,Hopkinsville,United States,90884,Kansas,1051 Piedmont,1973-01-18,1150
crmid:3829751494,bombings1952@outlook.com,Alvaro,Campbell,male,530-302-0300,Atascadero,United States,66131,Massachusetts,184 Standish,1934-11-28,2012
crmid:5685307883,childhood2018@yahoo.com,Damian,Ross,,570-791-2304,Machesney Park,United States,11192,Nevada,1081 Tillman,1985-02-22,2343
crmid:2015829412,signal2001@gmail.com,Kieth,Mcdowell,,819-972-2821,Franklin Park,United States,20371,Montana,1007 Malta,1964-05-28,2004
crmid:4182492055,whippet1809@yahoo.com,Freeman,Munoz,,543-240-0486,Holly Springs,United States,24287,Alaska,1010 Swiss,1972-04-15,762
crmid:5999168714,akinesia1851@gmail.com,Charise,Mclean,female,770-074-3944,Cumberland,United States,95512,Arizona,1191 Alhambra,1952-02-19,985
crmid:8367995623,popularise1887@live.com,Raymon,Terrell,male,555-345-2895,Cape Coral,United States,84869,Oregon,761 Wagner,1944-12-15,2792
crmid:7245723725,avgas1809@outlook.com,Lelah,Carney,female,099-820-1363,Ridgewood,United States,13500,Oregon,596 Gates,1954-05-05,404
crmid:7764615668,magenta1964@gmail.com,Brady,Morse,,449-958-3363,Saco,United States,58018,South Dakota,1263 Calhoun,1993-01-06,1119
crmid:4636723034,coconscious1807@live.com,Taisha,Ramsey,female,008-042-6107,Coconut Creek,United States,77680,Colorado,545 Bayside,1949-08-24,1676
crmid:6088098533,cambridge1873@yahoo.com,Osvaldo,Fields,,351-887-6044,Monroe,United States,88824,West Virginia,34 Devonshire,1992-03-27,1251
crmid:6660687415,arock1958@outlook.com,Elisha,Allen,,956-238-1773,St. Louis Park,United States,40700,Maryland,307 Surrey,1988-02-02,1123
crmid:3591771832,barse1966@yandex.com,Ed,Mcknight,,190-706-3854,Miami Lakes,United States,99947,Pennsylvania,163 Cutler,1990-04-30,2703
crmid:6202167291,campo1903@outlook.com,Dallas,Holland,,784-497-6717,Santee,United States,89851,North Carolina,737 Gallagher,1983-06-17,1587
crmid:9338339578,shad1957@live.com,Otis,Cain,male,776-242-1939,Benicia,United States,68743,Maryland,538 Reddy,1938-10-31,875
crmid:8348510200,scirocco1965@live.com,Latoria,Webb,female,382-137-2004,Durango,United States,99133,Vermont,350 Gerard,1956-05-30,2861
crmid:7592917585,juliennes1911@yahoo.com,Federico,Leon,male,118-921-3364,Twinsburg,United States,66029,Maine,448 Lexington,1995-11-29,2220
crmid:8736662834,synaxes1832@outlook.com,Jamel,Holcomb,,666-783-5509,Kent,United States,22258,California,1353 Dormitory,1977-05-28,1690
crmid:2309102558,carpetbag1935@yandex.com,Kendall,Kidd,,248-648-8500,Lake Jackson,United States,03998,Rhode Island,1062 Jakey,1980-01-20,2910
crmid:5170335091,confederacy1914@yahoo.com,Emmitt,Justice,,964-470-1885,McKinney,United States,79996,Nevada,387 Avila,1988-12-18,2671
crmid:8890885594,derivedness2007@gmail.com,Iraida,Mitchell,female,216-036-9242,Corvallis,United States,82042,Washington,1231 Congo,1951-10-07,2322
crmid:8133092351,hypotrochanteric1989@gmail.com,Clark,Tyler,male,634-016-5186,Azusa,United States,78390,Vermont,508 Mangels,1935-02-04,1528
crmid:3396327428,casey1862@live.com,Wilton,Cain,male,867-787-3902,Bensenville,United States,54918,Texas,1186 San Diego,1938-10-05,2565
crmid:7697731604,biomechanics1894@live.com,Emmanuel,Burris,male,730-988-4248,Brownsville,United States,14857,Nevada,1354 Osage,1942-04-04,2850
crmid:8373023127,runnion1929@live.com,Garfield,Rollins,,880-926-9030,Morgan Hill,United States,47737,Kentucky,91 Quartz,1993-07-12,2430
crmid:2038414814,oximetry1959@live.com,Ricky,Sharp,male,123-192-5142,Sioux Falls,United States,08431,Maine,649 Marine,1930-08-27,1093
crmid:4313428371,expiry2065@outlook.com,Kory,Benjamin,male,322-010-0663,Whitehall,United States,86355,Montana,446 Gold,1944-06-02,1391
crmid:4301939010,basnet1908@yahoo.com,Micheal,Langley,male,188-799-3791,Shoreline,United States,70432,Delaware,21 Dutch Windmill Access,1940-12-13,1463
crmid:6223960787,boroughs1894@gmail.com,Valery,Mack,female,194-510-8179,Elk Grove Village,United States,56734,Montana,1328 Taylor,1959-09-18,1305
crmid:7848838848,goshawk1865@live.com,Hai,Snider,,839-036-5519,Port Angeles,United States,82129,North Dakota,766 Crestwell,1973-05-18,384
crmid:7898365675,essed1979@yahoo.com,Ramonita,Randall,female,890-570-4645,Dania Beach,United States,42389,Arizona,1045 Juan Bautista,1952-07-24,1002
crmid:8233842319,arzun1873@gmail.com,Everett,Branch,,950-360-1262,Louisville,United States,63109,Oklahoma,55 Deming,1984-11-21,2802
crmid:7479821188,dishrag1863@outlook.com,Jeff,Moran,male,455-754-3606,Ardmore,United States,26171,Maryland,109 White,1933-05-21,1686
crmid:9096456051,thimblerigger1921@yahoo.com,Olen,Hopkins,male,472-616-0670,Westmont,United States,90477,Iowa,227 Rausch,1941-07-14,569
crmid:3833252899,orchichorea1850@yandex.com,Aundrea,Jensen,female,880-908-5254,Columbia Heights,United States,09627,Nebraska,944 Baltimore,1949-01-15,2880
crmid:9549898247,subpatroness1934@yahoo.com,Ivey,Mays,female,396-716-4370,Pompano Beach,United States,88122,Arkansas,491 Isola,1951-04-19,1326
crmid:7096669743,decubitus1916@yahoo.com,Fernando,Gamble,,889-541-6598,Wayne,United States,81539,Texas,1287 Habitat,1969-02-01,1251
crmid:2485785080,basenji2060@yandex.com,Shae,Fowler,female,947-443-4723,Dodge City,United States,49159,New Mexico,857 Missouri,1955-08-10,432
crmid:4753036082,contradistinctive1835@yahoo.com,Trey,Fuller,,024-921-7685,Niles,United States,25033,Massachusetts,141 Hardie,1997-05-18,821
crmid:2416068348,assistant2061@live.com,Sal,Craft,male,377-789-0187,Palo Alto,United States,65482,Connecticut,603 Milton I Ross,1943-09-07,374
crmid:7941260274,diving2054@gmail.com,Jeremiah,Morrison,,380-138-4780,Rosemount,United States,48122,California,783 Stigwood,1985-10-27,2087
crmid:9899908437,redictating1873@yahoo.com,Chung,Snyder,male,627-149-5726,Watauga,United States,00637,Rhode Island,244 Genebern,1939-02-27,859
crmid:4997265445,horometry1900@yandex.com,Shery,Cox,female,684-717-9909,Orland Park,United States,84911,Missouri,160 R,1948-08-07,1190
crmid:3585682314,calvary2039@outlook.com,Trevor,Guzman,,446-778-5310,Warrensburg,United States,46623,Alabama,1164 Saturn,1988-06-21,2898
crmid:7688860478,capuche1840@yahoo.com,Dave,Trevino,,372-602-1833,Goleta,United States,27117,Nebraska,704 Cameo,1967-04-20,1114
crmid:4563726993,orthostatic1910@outlook.com,Alonso,Burns,male,868-640-9707,Newburyport,United States,00528,Tennessee,478 Sterling,1997-01-27,788
crmid:5365741452,filamentiferous1804@live.com,Shelba,Wynn,female,174-205-5424,El Paso,United States,84301,Maryland,567 Reddy,1958-08-13,2217
crmid:6706121797,bizen1874@yandex.com,Illa,Singleton,female,212-283-1659,Collierville,United States,22121,Louisiana,438 Lilac,1949-04-27,1367
crmid:6056277162,ringtailed1823@yandex.com,Oralee,Bailey,female,623-281-4065,Coppell,United States,70868,Arizona,468 Dunnes,1950-07-01,1249
crmid:3705629808,sixteenths1847@gmail.com,Joshua,Duran,,226-951-5894,Marshall,United States,55331,Wisconsin,192 Whittier,1987-09-25,2200
crmid:4838610054,imbued2063@gmail.com,Tambra,Mccormick,female,259-556-9640,Coral Gables,United States,64152,North Dakota,1192 San Buenaventura,1950-11-24,665
crmid:1512158353,mpbs1838@gmail.com,Vito,Bird,,016-152-9571,Fond du Lac,United States,33000,Arizona,395 Fairbanks,1962-06-09,1167
crmid:5865012995,mithraize2022@yahoo.com,Glady,Baldwin,female,714-524-2328,Cutler Bay,United States,13471,New Jersey,457 Valdez,1952-03-01,1877
crmid:9092498869,elephant1993@yahoo.com,Terrell,Diaz,,633-421-2561,Snellville,United States,38223,Utah,654 Zircon,1977-08-27,1992
crmid:5752891160,vegetation2025@gmail.com,Gregorio,Stout,,015-687-5210,Issaquah,United States,18296,Rhode Island,869 Riverton,1975-03-11,1989
crmid:2966034471,benefactory1838@live.com,Alonso,Clemons,male,234-858-6720,Oxnard,United States,00402,Missouri,982 Hale,1935-01-06,2012
crmid:5189366497,crivetz1816@outlook.com,Julio,Buck,,947-602-1720,Junction City,United States,72735,Arizona,444 Carr,1976-01-08,2462
crmid:4668203181,virgal2039@gmail.com,Len,Rivera,,652-954-4639,Oxford,United States,49930,Mississippi,1390 Saratoga,1991-06-30,352
crmid:1125675996,trippet1864@live.com,Rex,Gutierrez,,447-463-3065,Minnetonka,United States,25683,New Jersey,1135 Crespi,1991-04-22,2992
crmid:8757930783,thymol1838@live.com,Alfredo,Noel,,527-673-4032,Logan,United States,73094,Connecticut,279 Burritt,1983-12-11,716
crmid:5741057179,tandoori1851@live.com,Kristofer,Vincent,,174-931-2046,Frankfort,United States,45935,Minnesota,1058 De Montfort,1963-07-03,2652
crmid:7403307476,withery2050@live.com,Shani,Miranda,female,133-075-5974,Crest Hill,United States,76181,Mississippi,682 Quickstep,1951-08-20,1712
crmid:6814093446,daceloninae1851@yahoo.com,Dreama,Brewer,female,620-924-3948,Peachtree City,United States,71216,Louisiana,290 Avenue M,1958-03-04,2177
crmid:2495732121,bothersome1873@outlook.com,Alphonse,Bender,male,939-314-1502,Atascadero,United States,90532,Wyoming,1186 Montgomery,1934-01-02,911
crmid:4004044851,average1839@gmail.com,Roscoe,Olson,,803-770-2069,Harrisonburg,United States,86844,California,1145 Cadell,1970-09-21,2375
crmid:4875939538,delroy1860@live.com,Wilbur,Shaw,,440-411-4380,Monroeville,United States,12541,New Hampshire,820 Ventura,1992-03-27,1849
crmid:9996869336,dawing1872@yandex.com,Lane,Vaughan,male,337-275-8771,Sioux Falls,United States,87131,Texas,466 Delmar,1944-12-12,2137
crmid:4601828023,carine1921@gmail.com,Tod,Ellis,male,450-143-7335,Solon,United States,80276,North Dakota,63 De Montfort,1930-09-09,593
crmid:3188898476,calista1953@yandex.com,Carey,Harding,,447-620-5771,Stow,United States,76992,California,506 Northern,1991-10-19,2897
crmid:4342235911,demarch2060@yandex.com,Andrea,Medina,male,879-581-0977,St. Clair Shores,United States,87026,Kansas,660 Westwood,1940-11-01,2754
crmid:7590418067,drainer1814@outlook.com,Derek,Mays,,593-155-1670,Wauwatosa,United States,48955,Iowa,154 Norton,1993-08-27,1422
crmid:8639542785,chewer1821@outlook.com,Nick,Lindsay,,391-001-5566,Yakima,United States,33056,New Hampshire,714 Niantic,1971-09-10,1128
crmid:8681215735,speisscobalt1924@gmail.com,Chad,Duncan,male,390-776-3340,Bellevue,United States,09802,Missouri,178 Curtis,1937-02-09,1984
crmid:2572016339,malleating1849@live.com,Michel,Russell,,774-419-9281,Leavenworth,United States,14879,Vermont,618 Chaves,1981-03-15,1706
crmid:6773837352,sulphitic1905@outlook.com,Shayne,Sandoval,,249-819-2294,Williamsport,United States,37267,Pennsylvania,421 Park Presidio,1973-02-08,2844
crmid:5504316257,baronesses2039@yandex.com,Aurelio,Bender,,781-163-4497,Littleton,United States,96880,Hawaii,1204 Alberta,1983-03-21,1990
crmid:5341786831,padmasana1950@yandex.com,Luther,Chaney,male,512-300-3586,Acworth,United States,66322,North Dakota,297 Hayward,1930-11-25,658
crmid:3804286897,supersaturating1852@gmail.com,Dwayne,Frazier,male,676-298-1379,Savannah,United States,61712,Michigan,310 Dixie,1945-03-10,2558
crmid:3482509660,verisimilitude1925@yahoo.com,Keiko,Cline,female,400-892-9866,Rockford,United States,21745,North Dakota,69 Brant,1959-05-06,597
crmid:6050728926,boards2007@gmail.com,Everette,Guerra,,504-632-9308,Grand Island,United States,30114,Oregon,28 Alabama,1967-06-08,566
crmid:1987525100,falconry1987@gmail.com,Freddie,Woodard,,303-747-2506,Greenwood,United States,29591,Mississippi,739 Clyde,1968-04-23,1639
crmid:9700175164,kentrogon2064@live.com,Keven,Black,,962-171-0362,Lincoln,United States,60705,Montana,549 Colby,1982-12-10,925
crmid:8465169730,extravert1963@live.com,Wiley,Diaz,,470-463-9371,Florissant,United States,71927,Massachusetts,973 Everson,1962-12-11,2562
crmid:2519194031,absorbing2069@gmail.com,Corazon,Rocha,female,833-491-7676,Panama City,United States,70079,North Carolina,1292 Olive,1947-02-25,537
crmid:5708858446,balunda2044@live.com,Quentin,Norris,male,246-283-6800,Oakland,United States,89044,Vermont,361 Shawnee,1994-02-20,899
crmid:9940188243,carless2041@yahoo.com,Galen,Estes,male,953-328-4769,Zion,United States,02364,Maryland,665 Tamalpais,1935-10-08,2648
crmid:8536347888,narwhal2062@outlook.com,Gabriel,Logan,male,277-356-3969,San Rafael,United States,75258,Pennsylvania,560 Third,1996-01-08,875
crmid:8181942125,sulphoselenide2012@yahoo.com,Wilmer,Hardy,male,152-793-5261,Blaine,United States,57868,Hawaii,559 Cross,1939-10-13,2650
crmid:2554296528,binette1853@outlook.com,Emmanuel,Black,male,501-629-6551,Benton,United States,15150,Georgia,1335 Austin,1938-04-03,2975
crmid:2070794661,flittiness1834@live.com,William,Weiss,,360-497-6067,South Plainfield,United States,77935,New Jersey,137 Pond,1962-06-18,2276
crmid:9698854844,shrimpier1889@yandex.com,Joey,Clarke,male,888-206-5398,Burton,United States,31866,Wyoming,29 Lauren,1943-05-06,1376
crmid:6683825386,dona1975@live.com,Mercedez,Bauer,female,983-151-9342,Corinth,United States,34963,Utah,1316 Matthew,1950-06-02,1871
crmid:1262820379,fabrizio2062@gmail.com,Jackie,David,,052-681-6736,Yorkville,United States,54929,Iowa,1 Thomas,1965-07-18,2684
crmid:4618533085,antical1800@gmail.com,Mitchel,Ballard,,453-598-8554,Munster,United States,64944,Arizona,947 Acme,1994-10-10,1998
crmid:5782926775,acidic1901@yandex.com,Francis,Elliott,,793-699-0948,Lake Elsinore,United States,03221,Virginia,1160 Maiden,1980-02-27,1914
crmid:7917614368,clevie1876@yandex.com,Al,Cook,,940-190-6991,Hudson,United States,58031,Illinois,307 Richards,1973-09-29,483
crmid:3872034553,chuckies1866@gmail.com,Anya,Wilkins,female,558-142-1565,New Haven,United States,19901,North Carolina,645 Woodside,1996-03-01,2592
crmid:6399829759,trigs2049@gmail.com,Mario,Francis,,075-035-5698,Morton Grove,United States,84830,New York,44 Persia,1993-10-15,1001
crmid:1807272275,scaldy1843@yahoo.com,Garth,Sherman,,331-779-5619,La Vista,United States,92718,Maine,1294 Coventry,1979-09-07,2626
crmid:5241285392,centrarchidae2052@yandex.com,Ramiro,Burch,,667-206-1375,West New York,United States,54411,Mississippi,251 Milton I Ross,1997-05-15,308
crmid:9891825778,wipers1881@yahoo.com,Lashandra,Hutchinson,female,226-767-8277,Pasco,United States,24375,Iowa,1356 Connecticut,1958-05-15,772
crmid:4688530265,lawing1944@yahoo.com,Zachary,Mccullough,male,467-699-1913,Burnsville,United States,52246,Wisconsin,226 Oriole,1943-10-19,1498
crmid:6004145503,alvarez1841@gmail.com,Norris,Lindsey,,560-302-5467,Norwood,United States,85399,Nevada,118 Truett,1968-10-28,1554
crmid:1872186102,hydroponics1854@outlook.com,Henry,Patterson,,573-258-2393,Goodyear,United States,72762,Pennsylvania,1260 Massasoit,1967-12-30,2911
crmid:1228494166,perturbation1950@gmail.com,Horace,Sims,,976-151-8676,Jeffersontown,United States,92184,Alabama,140 Shipley,1975-04-13,1588
crmid:4279756889,arranger2031@outlook.com,Trinidad,Fields,male,161-930-1106,Carbondale,United States,56549,Delaware,1364 Detroit,1944-09-09,2027
crmid:1602848717,goladar1806@gmail.com,Francesco,Talley,,867-493-5756,Warren,United States,42868,Alabama,1114 Broad,1990-04-08,2248
crmid:6627019917,grunting2050@yandex.com,Cristin,Bright,female,377-172-7354,Columbia Heights,United States,12943,Wisconsin,406 Loma Vista,1949-02-04,773
crmid:9664518790,anaesthetic1858@yahoo.com,Freddie,Cain,,722-734-7032,Fort Smith,United States,92321,Michigan,1313 Payson,1963-04-20,2466
crmid:4727640199,tunisians1959@gmail.com,Graig,Walton,,485-938-1499,Fremont,United States,61572,Washington,409 Cedro,1964-11-06,2134
crmid:1162944171,chital1934@gmail.com,Marianela,Cooley,female,645-856-7370,Faribault,United States,39626,Nebraska,1363 Wilde,1961-06-07,457
crmid:5806411302,aviation1869@live.com,Quincy,Christian,male,923-591-0255,Oak Lawn,United States,88445,Pennsylvania,79 Darrell,1932-11-15,1834
crmid:4926604430,completers1906@yandex.com,Von,Burgess,,847-082-2449,Oak Creek,United States,26168,Oregon,438 Congdon,1963-10-27,2733
crmid:2564561830,athrocyte1988@live.com,Del,Mayer,,150-633-4529,Holly Springs,United States,44752,Mississippi,303 Conrad,1972-08-21,1418
crmid:4882546858,boing1834@live.com,Alonso,Raymond,,881-765-6546,Milford,United States,97417,Washington,279 Retiro,1990-09-23,314
crmid:9783206350,shortcut1807@live.com,Ken,Pacheco,,134-597-7656,Louisville,United States,54339,Wyoming,782 Pennington,1984-10-25,338
crmid:1913699934,dendrobatinae1803@gmail.com,Rodrick,Sargent,,356-602-8319,Mattoon,United States,11406,West Virginia,108 Mono,1988-03-05,869
crmid:9051637457,yucca2057@live.com,Otto,Stewart,,324-560-1365,Utica,United States,99488,Maryland,903 Dutch Windmill Access,1989-04-27,1562
crmid:7112036012,bonobo1928@yandex.com,Tanner,Barrett,,093-325-8084,Savannah,United States,93893,Wyoming,85 Van Keuren,1999-06-27,1085
crmid:7905562479,mongrel1961@outlook.com,Kimberlie,Melendez,female,760-617-4030,Prichard,United States,25158,Texas,1248 Avenue B,1958-05-20,2432
crmid:8883560030,neglectingly2034@yandex.com,Alphonse,Estrada,,459-647-9338,Longmont,United States,82727,Nevada,756 Rosenkranz,1984-02-10,1475
crmid:2653996466,cembalo1831@yandex.com,Berneice,Boyle,female,679-719-3874,San Carlos,United States,20784,Rhode Island,282 London,1959-01-03,877
crmid:8832099354,endowed2021@gmail.com,Toby,Glenn,,552-351-0500,New Brunswick,United States,73797,West Virginia,690 Waldo,1996-12-29,388
crmid:2224308928,edsel1948@gmail.com,Donya,Hunter,female,849-925-0304,Spring Valley,United States,91060,New Jersey,1188 Ritch,1961-03-15,1890
crmid:9756491950,nonseriousness1911@gmail.com,Roderick,Dunn,,671-148-1243,Memphis,United States,69521,West Virginia,703 Golding,1989-11-15,2539
crmid:1590496771,algedi1825@gmail.com,Jackie,Solis,,115-658-7356,Flower Mound,United States,10805,Rhode Island,1175 Bercut Access,1962-03-08,1975
crmid:5533045671,koala1904@live.com,Brigida,Mccray,female,601-832-0679,Fairbanks,United States,66046,Indiana,464 Diana,1961-10-20,1810
crmid:1902740507,tunisians1882@yandex.com,Irwin,George,,309-388-2738,Providence,United States,48896,Louisiana,505 Marin,1983-08-28,2957
crmid:8404468165,pyruloid2047@yandex.com,Luana,Ewing,female,978-554-4087,Diamond Bar,United States,39149,Washington,1220 Sharon,1955-06-09,1080
crmid:4673050522,prodissolution1829@live.com,Erick,Mason,,407-212-5666,Midwest City,United States,49565,New Mexico,1369 Bliss,1990-07-20,812
crmid:3811800600,uterometer2067@gmail.com,Edward,Stein,male,198-201-8425,Anacortes,United States,19078,North Dakota,291 Java,1932-03-28,1995
crmid:7351443371,datos1950@gmail.com,Kaila,Davidson,female,500-965-9925,Ennis,United States,20872,Nebraska,1313 Amity,1960-04-08,1490
crmid:7747062559,bealle1804@live.com,Cecille,Gilliam,female,160-862-7723,Newburgh,United States,23551,Alabama,974 Blanken,1997-04-03,2113
crmid:5056254544,coleopterous1826@live.com,Garrett,Thornton,male,355-647-4056,Centerville,United States,29178,Massachusetts,1145 Nordhoff,1945-04-29,2207
crmid:1543998925,trickiness1869@outlook.com,Doyle,Tyson,,986-432-4796,Olive Branch,United States,38386,Louisiana,1043 Eddy,1978-06-24,2822
crmid:5794096813,concubitous1802@outlook.com,Jeromy,Christensen,,500-319-4976,Los Altos,United States,08571,South Carolina,9 Glendale,1984-02-25,1857
crmid:2484455042,decimate1872@outlook.com,Edward,Horn,,881-490-1892,Rutland,United States,32158,Georgia,796 Garfield,1977-03-08,2996
crmid:2398813615,portment1951@outlook.com,Jina,Cobb,female,566-275-1603,Solon,United States,29572,Rhode Island,482 Paradise,1961-04-06,2888
crmid:7665822682,watersoaked1807@yandex.com,Jospeh,Cooper,,827-121-1629,Ocean Springs,United States,94700,Illinois,1357 Gilroy,1984-12-21,2413
crmid:8555446281,evoked1817@yahoo.com,Reed,Clarke,male,935-546-4172,Burleson,United States,43709,Mississippi,1081 Stilwell,1943-08-06,1897
crmid:9531041468,yappiness2029@yandex.com,Damien,Soto,male,761-525-0725,North Tonawanda,United States,56899,Vermont,1186 Rossi,1999-09-03,2573
crmid:3902918920,alpaca2010@gmail.com,Jared,Mcmillan,,825-463-7101,Santa Fe,United States,86127,Wyoming,1377 Acme,1985-10-06,611
crmid:5711230099,comfit1845@yandex.com,Nelson,Hebert,,681-948-2503,Midwest City,United States,99958,Montana,184 Golding,1990-01-25,1381
crmid:1253761076,antiquarian1965@outlook.com,Danika,Riggs,female,560-873-8611,Nashville,United States,17385,Tennessee,44 Glenhaven,1995-03-04,348
crmid:2969912372,trioxide1866@yandex.com,Candra,Ruiz,female,603-997-8881,East Peoria,United States,87677,Indiana,1265 Burlwood,1957-02-26,2419
crmid:2886530771,longlines1827@live.com,Edmund,Bates,,254-082-1689,Lynchburg,United States,76934,Arkansas,112 San Leandro,1985-12-20,985
crmid:6183824718,bicentenarnaries1886@yahoo.com,Lyle,Sharp,,265-478-0018,Hemet,United States,77033,Hawaii,449 Ware,1971-12-04,2275
crmid:1232686731,dingley1959@gmail.com,Page,Dunlap,female,509-807-6595,Cottonwood Heights,United States,62032,Iowa,335 Carmelita,1951-11-13,2274
crmid:5481480421,ashton2005@live.com,Beaulah,Gray,female,633-283-6603,Coral Gables,United States,78399,Wyoming,763 Joice,1950-11-28,1369
crmid:5488653305,querimans1995@yandex.com,Nestor,Dixon,,238-083-2462,Sebastian,United States,41122,Washington,746 Ocean,1986-03-06,1121
crmid:8712861190,alumnal1818@live.com,Alonso,Mclaughlin,male,541-535-5532,Carson,United States,03054,Connecticut,1365 Thor,1944-01-19,1488
crmid:6776721940,biotechnological1903@live.com,Ellis,Atkins,,510-850-1041,Pittsburgh,United States,72708,Illinois,1114 Massasoit,1973-04-12,2327
crmid:4082653714,warthog2055@gmail.com,Jeremiah,Pierce,,485-548-4243,Milford,United States,83997,Alabama,1022 Dukes,1990-11-10,1755
crmid:4547492678,beate2021@live.com,Diego,Hendrix,,998-585-1562,Kennesaw,United States,74330,Alabama,1029 Jarboe,1977-12-22,873
crmid:2502061897,cavish1990@yahoo.com,Cortez,Sanford,,062-740-7813,Roanoke,United States,64573,Mississippi,16 Eureka,1991-08-05,2436
crmid:5980418661,oedipus1947@live.com,Micah,Bolton,,278-017-5432,Summerville,United States,40442,Wisconsin,402 Lenox,1991-01-01,2394
crmid:4686216308,desecration2013@gmail.com,Tim,Pollard,,046-218-2130,Salisbury,United States,42259,Alaska,956 Potrero,1987-09-08,1158
crmid:6191475384,scissor1903@yandex.com,Terresa,Zimmerman,female,706-122-9355,Eustis,United States,52248,South Dakota,794 Congo,1960-09-08,1182
crmid:6689793683,gobio2068@outlook.com,Kenny,Page,,589-815-5214,Southaven,United States,63963,North Carolina,1270 Upper,1972-06-30,2980
crmid:1659685361,battlegrounds2048@yandex.com,Doug,Parker,,568-263-2177,Glendale Heights,United States,89416,Georgia,994 Diana,1966-07-29,2658
crmid:1636613172,octopus1816@live.com,Hung,Lawrence,,183-382-9865,Merced,United States,48583,Missouri,739 Italy,1989-07-07,302
crmid:5068717890,ajar1879@live.com,Toney,Mcknight,,095-216-5818,Hamilton,United States,18523,New Jersey,1210 Arnold,1969-02-06,1025
crmid:9843630170,crinoline1908@gmail.com,Mertie,Alvarado,female,438-558-2196,Commerce City,United States,90448,Pennsylvania,1273 Virgil,1949-06-01,2393
crmid:1646136476,mink1877@yandex.com,Burt,Collins,,243-283-1833,Lincoln Park,United States,96291,South Dakota,311 Fountain,1983-03-21,526
crmid:9808319440,stelic1840@live.com,Marcus,Fuller,male,696-301-3744,Ardmore,United States,34069,Texas,449 Oneida,1933-07-10,2645
crmid:1289557157,breaklist2040@outlook.com,Kemberly,White,female,072-455-3993,Corsicana,United States,25540,Wisconsin,856 Lathrop,1951-05-31,2020
crmid:1621422359,giantpanda1888@live.com,Ira,Sanchez,male,406-090-6899,Campbell,United States,28314,California,433 Ada,1944-05-26,1752
crmid:1745083611,eyewink1922@yandex.com,Clifton,Stephenson,,694-358-5350,St. Joseph,United States,43589,Kansas,1385 Dorman,1986-07-10,2169
crmid:6884971764,sensated2023@outlook.com,Cedrick,Middleton,,179-099-4223,St. Cloud,United States,38950,South Carolina,895 Pierpoint,1980-05-31,2473
crmid:1980211463,prorebate1952@yahoo.com,Russ,Yates,male,163-754-9556,Opelika,United States,57475,South Dakota,912 Chumasero,1996-02-16,1508
crmid:2209627967,labrus1960@outlook.com,Casey,Harrington,,572-243-0577,Rio Rancho,United States,93656,Georgia,173 Himmelmann,1975-11-17,1936
crmid:4311916674,semidiaphanously1927@outlook.com,Marquitta,Sanchez,female,703-692-3300,Scottsdale,United States,27535,Massachusetts,681 Parkhurst,1956-06-26,886
crmid:2978397881,tenant2017@yahoo.com,Jess,Day,,771-953-2871,Wildwood,United States,43825,Wyoming,933 Continuum,1981-04-12,2338
crmid:7772265718,cosimo1980@gmail.com,Delbert,Jacobs,male,715-001-3183,Salem,United States,76044,Minnesota,325 Ruckman,1934-03-15,1357
crmid:8223563344,malpractice1830@outlook.com,Kristeen,Owen,female,172-287-3882,Ennis,United States,86576,West Virginia,937 Gaiser,1960-05-22,2437
crmid:4873430334,ditrematous1976@yahoo.com,Charlie,Greene,,544-540-8039,Warner Robins,United States,59203,Texas,1307 Merrill,1996-07-30,1986
crmid:3633492479,osmanthus1881@outlook.com,Keiko,Mcclain,female,445-786-2383,Rosemount,United States,72510,New York,944 Pearl,1946-05-19,928
crmid:2596958821,evened1955@gmail.com,Luvenia,Alston,female,649-984-9068,Spring Hill,United States,23033,New Jersey,1249 Germania,1959-06-01,1072
crmid:6794008888,anathemas1823@live.com,Willian,Rush,,334-281-6434,Marquette,United States,01583,Arizona,645 Bluestone,1987-01-10,2522
crmid:1947783438,expressio1990@yahoo.com,Rashad,Mcgee,male,853-973-1720,Centennial,United States,43935,North Dakota,844 Lydia,1945-08-19,1059
crmid:5478037212,moose1977@outlook.com,Keith,Joyce,male,968-118-7999,Nicholasville,United States,13539,New Jersey,686 Gatun,1997-02-11,1239
crmid:2550061958,unstoicize1845@gmail.com,Annamaria,Hunter,female,564-572-0117,Van Buren,United States,20797,Colorado,1178 Homewood,1961-01-15,2984
crmid:6526589493,biddings1806@outlook.com,Vince,Webb,,072-358-0639,Greenwood,United States,20550,Arizona,583 Megan,1968-05-31,811
crmid:9459858897,dominium1980@live.com,Gonzalo,Henderson,male,276-104-9410,Ridgewood,United States,06353,Maryland,261 Davidson,1935-11-08,2953
crmid:9995327168,bombsight1936@live.com,Coletta,Rhodes,female,765-227-7831,Encinitas,United States,97485,Louisiana,121 Ingalls,1959-02-24,1327
crmid:9202188676,duck1847@live.com,Wilton,Craft,male,903-593-3964,Blue Springs,United States,54701,Nevada,31 Mizpah,1939-10-07,2223
crmid:9618257819,bombings1894@gmail.com,Shon,Nolan,,948-721-4894,Urbana,United States,35661,Idaho,801 Weston,1972-07-17,732
crmid:6017845887,wolf1850@yandex.com,Jarrod,Sims,,505-103-4557,Ferguson,United States,72883,Iowa,145 Stoneybrook,1962-12-02,1309
crmid:5487457255,ingots1957@gmail.com,Joesph,Gill,,231-666-4184,Paterson,United States,45303,Kansas,1374 Lee,1983-08-19,1050
crmid:6655997975,teenage1910@yahoo.com,Otha,Walls,,715-387-7712,Shelton,United States,39528,Louisiana,78 Glover,1974-11-01,2846
crmid:9583622506,phalaropodidae1991@yahoo.com,Adalberto,Garrison,,252-346-6543,Kirkland,United States,65023,Connecticut,405 Johnstone,1978-11-03,900
crmid:4210215318,celebrations1878@live.com,Bryce,Nelson,male,137-542-0200,Shawnee,United States,09615,Nevada,1226 Maxwell,1939-12-31,1959
crmid:3231602867,dorsal2007@outlook.com,Theron,O'connor,male,580-317-3906,Rancho Mirage,United States,70554,Ohio,35 Davidson,1934-09-22,810
crmid:6168533329,chroococcaceous2017@outlook.com,Rico,Doyle,,340-706-3118,Placentia,United States,98732,Oregon,1294 Silver,1991-08-25,810
crmid:4125390134,cusick2059@live.com,Joaquin,Mitchell,,265-650-5541,Pawtucket,United States,83486,Pennsylvania,528 Sylvan,1978-08-15,580
