crmid,email,first_name,last_name,gender,mobile telephone,city,country,zip,state,street address,birthday,historicalpoints
crmid:8864965404,watersoaked2014@live.com,Zackary,Stephenson,male,652-319-2242,Cape Girardeau,United States,88896,Vermont,1039 Stark,1944-10-28,754
crmid:8659347237,discussant1893@gmail.com,Lucien,Lindsey,,891-616-6181,Kirkwood,United States,31751,New Mexico,774 Farallones,1978-06-02,1813
crmid:2148395575,dolman1892@yahoo.com,Reyes,Baxter,,201-376-7643,Northglenn,United States,53889,Wyoming,104 Schofield,1999-09-23,903
crmid:1572753612,westwards1974@gmail.com,Paul,Byers,,061-626-7840,Gladstone,United States,40403,Arizona,1350 Coventry,1966-07-27,431
crmid:3955978794,stowdown1800@yandex.com,Buford,Espinoza,,916-154-9906,Somerville,United States,31901,Alabama,1353 Earl,1978-02-04,2926
crmid:9331655421,backpacker1997@live.com,Love,Sampson,female,997-168-8493,Raytown,United States,27895,Hawaii,1290 Galewood,1956-06-26,2384
crmid:9277105754,telautography1894@outlook.com,Homer,Guy,,458-332-7915,Topeka,United States,28013,Oklahoma,377 Dickinson,1962-10-02,2107
crmid:4774449867,anteal1869@gmail.com,Donella,Guzman,female,012-085-6437,Paradise,United States,81028,Montana,877 Ardenwood,1951-03-12,2320
crmid:7128470868,areopagite2004@yandex.com,Deon,Castro,,519-379-5084,Fountain,United States,44113,North Dakota,586 Eugenia,1963-07-20,2155
crmid:8260058923,longa2016@outlook.com,Marshall,Joseph,male,795-686-0004,Carmel,United States,38664,New Jersey,1106 Bowdoin,1944-07-16,1658
crmid:4288758100,cagatay1962@live.com,Burt,Foreman,,593-276-4404,Middletown,United States,29204,Massachusetts,1138 Ware,1990-05-31,1494
crmid:1058158889,brancher1997@outlook.com,Nicky,Stevens,female,645-417-5398,New Brunswick,United States,82786,Missouri,1353 Franconia,1996-10-07,2886
crmid:3762365157,anoop1985@yandex.com,Adolfo,Ortega,,086-424-9040,Rosemead,United States,25874,Alabama,794 Farallones,1966-09-18,1822
crmid:9185287683,darnel1838@live.com,Nathaniel,Mcdaniel,,223-482-7705,Park Forest,United States,38819,Nebraska,507 North Point,1969-11-29,1816
crmid:9159164135,repours1836@yahoo.com,Phil,Vazquez,,056-129-4622,Machesney Park,United States,01893,California,125 Tulare,1985-01-25,424
crmid:1037322443,postfire1980@yahoo.com,Vernon,Robbins,male,335-501-6882,San Pablo,United States,07480,Texas,1063 Maddux,1939-09-25,366
crmid:9052356509,transportables1957@gmail.com,Orlando,Bolton,,164-792-2636,Fort Wayne,United States,47937,Colorado,195 Carr,1963-08-25,2442
crmid:6801027339,berthe1922@yandex.com,Stanford,Miller,,929-898-7756,Upper Arlington,United States,41522,Kansas,433 Sierra,1985-01-05,1270
crmid:6728182914,ergotic2067@gmail.com,Piedad,Mcbride,female,983-066-4206,Raleigh,United States,84905,Maryland,71 Lydia,1951-07-19,2550
crmid:3755415465,zimbi2058@outlook.com,Cristobal,Lee,,548-427-3917,Kentwood,United States,71859,North Dakota,1027 Swiss,1977-12-12,2918
crmid:5368716301,nonmarriageableness1935@gmail.com,Donnell,Ramirez,,474-647-8297,Lauderdale Lakes,United States,96660,New York,319 Byron,1981-12-22,2681
crmid:1251264367,redundancies1888@gmail.com,Wilton,Atkinson,male,983-365-4374,Carson,United States,90819,Maine,274 Nebraska,1944-10-01,2912
crmid:9078984642,centrarchidae1825@yahoo.com,Latia,Ferguson,female,641-822-4280,Farragut,United States,23906,Nebraska,195 Deems,1961-05-09,2248
crmid:3906211282,scroll1996@yahoo.com,Vella,Kinney,female,776-348-7295,Chesterfield,United States,57860,Missouri,402 Windsor,1946-09-16,2407
crmid:6469686302,alvine1838@outlook.com,Jimmie,Hodge,,474-026-7825,Vacaville,United States,38308,Virginia,854 Lily,1970-12-29,1049
crmid:2240217887,perfusate2038@live.com,Gene,Mays,,847-341-1402,Newnan,United States,44592,Montana,1020 Santa Clara,1997-08-23,1895
crmid:4347257030,pensionership1905@yahoo.com,Aron,Watts,,669-864-6366,Great Falls,United States,90027,Utah,435 Battery Blaney,1968-08-03,1723
crmid:1167344482,flowerer2003@yahoo.com,Elvin,Ware,,037-726-3766,Oak Forest,United States,69279,Minnesota,657 Paradise,1991-05-08,675
crmid:5255012789,baetuli1819@yahoo.com,Mac,Lara,male,099-845-8112,Piqua,United States,93790,Colorado,639 Mercury,1930-07-17,2190
crmid:1704998817,detour1822@outlook.com,Elvin,Dodson,,419-163-2413,Thousand Oaks,United States,78329,Kansas,92 Garnett,1980-11-10,2895
crmid:9841116553,allthing1876@outlook.com,Annice,Mcbride,female,532-746-4011,Eden Prairie,United States,65573,Alabama,801 Ocean,1957-11-01,1621
crmid:2306782002,clonus1901@yahoo.com,Tyrone,Clay,male,391-086-4379,Tallmadge,United States,50121,Missouri,336 Sherman,1994-11-02,1102
crmid:2231805464,severality1844@outlook.com,Marty,Bowman,male,436-747-9609,Ruston,United States,73779,North Carolina,177 Davidson,1942-07-03,2769
crmid:9127971046,wonders1848@yahoo.com,Wes,Mcclure,male,527-717-2825,Beavercreek,United States,52778,Wyoming,609 Dorchester,1937-10-19,984
crmid:5940023269,amontillado1848@yandex.com,Rosette,Valdez,female,732-579-8123,Temecula,United States,54206,Minnesota,759 Getz,1949-07-29,2701
crmid:5004598092,scissor2043@live.com,Matha,Reed,female,511-359-6975,Ypsilanti,United States,92705,Delaware,353 Winter,1960-06-24,1826
crmid:4833486215,eardrum1982@outlook.com,Carmen,Walsh,,845-069-6169,Ogden,United States,83507,Rhode Island,1299 Monte Vista,1967-05-31,1955
crmid:8202662750,phasianinae2059@live.com,Terry,Garza,,138-685-6944,Tallmadge,United States,41545,Illinois,782 Candyland,1988-08-06,1623
crmid:9621438506,ovenful1849@gmail.com,Oneida,York,female,576-269-8807,Twin Falls,United States,73664,Washington,851 Charter Oak,1953-07-22,1656
crmid:4949244937,transmissionist2027@gmail.com,Cortez,Ryan,,689-060-1432,Kokomo,United States,27704,Texas,721 Beaumont,1978-05-08,501
crmid:6877509841,ectozoans2037@outlook.com,Kirk,Hayes,,802-232-5912,Glen Ellyn,United States,33374,Minnesota,835 Card,1966-05-17,2744
crmid:5329135581,imbellic1805@gmail.com,Damien,Spencer,,397-208-9004,Hilliard,United States,91291,Arizona,21 Fillmore,1972-12-06,1311
crmid:9191895295,evensong2036@gmail.com,Larraine,Davidson,female,592-116-6014,Seguin,United States,19095,Kentucky,5 La Playa,1947-05-08,789
crmid:6020772134,chitarrone1900@yandex.com,Alphonso,Frost,male,020-019-9694,Beaverton,United States,01861,Connecticut,158 Hickory,1937-01-10,1991
crmid:7389323432,balcom2012@yahoo.com,Emory,Mcmillan,,721-218-9151,Fuquay-Varina,United States,35505,Texas,842 Kelloch,1964-06-17,2365
crmid:8428059608,cobblerless1908@live.com,Weston,Riggs,,077-583-0220,Richardson,United States,54673,Colorado,1093 Blythdale,1998-05-14,2715
crmid:3734011972,usself1884@gmail.com,Latrisha,Hoover,female,089-952-9951,Darien,United States,20609,Indiana,1207 Erie,1953-05-14,465
crmid:2114232368,oilfish1930@yahoo.com,Chad,Green,male,036-373-6896,Bayonne,United States,63220,Michigan,668 Oak Grove,1936-11-03,2896
crmid:3961412292,achaean2004@live.com,Kareem,Kelley,,218-100-6317,Montrose,United States,11363,Montana,394 Gough,1992-03-21,1113
crmid:5817589453,yucca1890@yandex.com,Millard,Vance,,282-732-4209,Sylvania,United States,65531,Hawaii,361 Jessie,1995-08-18,1360
crmid:3308019477,dolman1859@gmail.com,Kareem,Quinn,male,692-326-7425,Castle Rock,United States,39215,Hawaii,496 Turk,1945-06-24,1643
crmid:8681351207,demiss1809@yandex.com,Clyde,Wagner,male,914-663-4216,Arroyo Grande,United States,18100,Iowa,249 Roselyn,1934-02-27,487
crmid:3015108657,efficacies1953@live.com,Earnest,Glass,,112-482-5765,Millbrook,United States,95846,Michigan,1274 Ophir,1991-10-18,436
crmid:2372908329,asoka1858@yandex.com,Thurman,Mendoza,,511-883-3864,Sioux City,United States,41360,Hawaii,364 Ward,1989-12-05,2350
crmid:7677196081,ceramics2024@yahoo.com,Zetta,Haley,female,819-161-7697,Shively,United States,13255,Alabama,364 Santa Monica,1953-09-12,1612
crmid:5509759674,aggest1979@gmail.com,Evan,Wiley,,736-788-5256,Holland,United States,04178,Vermont,449 Burlwood,1972-01-07,721
crmid:9294259897,babak2018@gmail.com,Eliz,Reilly,female,958-715-2904,Diamond Bar,United States,16049,Ohio,232 Locksley,1955-03-24,1825
crmid:3127066067,cecon1836@gmail.com,Charley,Graham,,244-767-6073,Takoma Park,United States,92880,Alaska,148 Varela,1974-05-23,2801
crmid:3660957261,cyrenaic1993@gmail.com,Gerardo,Oliver,male,769-003-1800,Bethlehem,United States,26037,South Dakota,152 Greenwood,1938-04-22,1950
crmid:6769199258,mavie2061@yandex.com,Graham,Ayala,,521-308-3609,Lynchburg,United States,68969,Alaska,582 Gibbon,1985-11-30,1112
crmid:7946411111,precognition2062@yandex.com,Gregg,Lindsey,male,698-845-3626,Arcata,United States,89505,Utah,1034 Richards,1933-10-30,2602
crmid:7319307731,medicodental1831@yandex.com,Bennie,Houston,,330-427-4993,Oakland,United States,38630,Georgia,125 Pelican Cove,1973-01-28,523
crmid:6881562787,scarfwise1895@live.com,Ernie,Nunez,male,814-408-4936,Perth Amboy,United States,78648,Texas,818 Filbert,1930-04-22,2039
crmid:1167135976,conservative1966@gmail.com,Ileen,Chambers,female,194-994-5988,Talladega,United States,28103,Delaware,1107 Lawrence,1956-04-06,2241
crmid:3034782964,actiniochrome1844@outlook.com,Myles,Villarreal,male,123-992-2921,Munster,United States,04501,Kentucky,817 Homer,1994-02-21,2080
crmid:6869127202,compatibilities2012@yandex.com,Shirley,Vaughn,,207-092-0682,Rockville Centre,United States,45558,Iowa,1396 Julius,1990-03-19,2274
crmid:1267678840,prechecked1912@gmail.com,Bob,Allison,male,763-145-2965,Alton,United States,09669,New Mexico,1386 Pacheco,1931-01-01,1521
crmid:5706447493,caslon1948@yahoo.com,Barton,Myers,,489-154-7481,Grand Forks,United States,55176,Missouri,730 Lake Forest,1967-09-17,935
crmid:1434144045,consultant1822@yandex.com,Scott,Best,,881-433-6204,Payson,United States,54645,Idaho,90 Fanning,1992-10-12,2179
crmid:2522386624,blunter2036@yandex.com,Ian,Hughes,,952-601-3915,Waukegan,United States,47197,New Mexico,546 Shawnee,1983-12-25,648
crmid:6206873194,carious2039@yandex.com,Albertine,Pugh,female,861-827-5390,Opelika,United States,86896,Virginia,285 Alberta,1951-11-19,1489
crmid:4555729068,dynatrons1914@gmail.com,Franklin,Reid,male,928-823-3389,Broadview Heights,United States,28658,Oklahoma,548 Hicks,1941-04-24,1334
crmid:7649337575,einkorn1811@yahoo.com,King,Ball,,857-440-1080,Honolulu,United States,17339,Oregon,1119 Farallones,1973-03-14,1783
crmid:7164484248,analyst1807@gmail.com,Burl,Myers,male,357-694-0667,Arlington Heights,United States,96808,Rhode Island,791 Anson,1933-02-21,2908
crmid:2727162888,darnel1842@outlook.com,Travis,Guthrie,female,713-196-2954,Chowchilla,United States,97329,Colorado,890 Mammon,1947-12-25,1894
crmid:2303976751,alumnal1905@yandex.com,Gary,Lyons,,501-458-2095,Puyallup,United States,62382,Kansas,1215 Hooper,1999-05-27,695
crmid:4127498144,buttermaker2022@gmail.com,Fletcher,Tillman,,786-170-7901,Houma,United States,55987,Nevada,890 Washburn,1973-09-04,2151
crmid:1816305917,scapulopexy2010@gmail.com,Sammy,Mcgowan,male,395-170-5209,Sycamore,United States,05875,Nebraska,653 C,1935-09-19,2665
crmid:2614766418,desires1905@live.com,Stasia,Kirby,female,565-697-1833,Denton,United States,84825,Utah,1122 Wheeler,1954-08-16,2235
crmid:6172148069,abounding1904@live.com,Gonzalo,Bryant,,154-327-2728,Hastings,United States,80471,Tennessee,809 Garrison,1970-09-01,1788
crmid:5331369373,calcine2063@yandex.com,Gordon,Ross,,184-915-7725,Rocky Mount,United States,45884,Kansas,121 Glendale,1991-09-12,617
crmid:6536126091,portrayal1801@yahoo.com,Celena,Kelley,female,568-798-0211,Coeur d'Alene,United States,02668,Montana,1198 Clearfield,1949-02-16,519
crmid:9211703637,princesse2064@yahoo.com,Demarcus,Waters,male,025-822-3299,Mount Vernon,United States,09839,Arkansas,452 Manor,1994-02-05,1567
crmid:2793796690,vivers1967@outlook.com,Marquitta,Potter,female,099-272-4060,East Cleveland,United States,97932,Arkansas,418 Mount Vernon,1957-06-23,559
crmid:7486398880,akkadian1934@outlook.com,Darwin,Fleming,male,492-696-9003,Scottsdale,United States,91521,Connecticut,139 Lake,1938-03-10,1706
crmid:9773386181,adoptable1972@live.com,Harry,Leblanc,,715-543-4613,Pensacola,United States,83358,North Carolina,1006 Rose,1999-07-23,2432
crmid:8943176663,bronco1868@live.com,Emanuel,House,,782-602-1249,Glenview,United States,16649,Pennsylvania,965 D,1966-02-21,411
crmid:9863336655,arundo1880@live.com,Blake,Vasquez,male,400-648-5138,Prairie Village,United States,08144,Louisiana,968 Carroll,1936-01-29,2468
crmid:3347851450,pleonastic1938@outlook.com,Lindsay,Gray,,588-743-0903,West Haven,United States,86463,Louisiana,1148 Vale,1979-11-05,307
crmid:7867230993,gibed1923@yandex.com,Kristofer,Dawson,male,396-562-3300,Bettendorf,United States,36261,New Mexico,1193 Natoma,1938-06-08,1919
crmid:7420232759,subpatroness1857@outlook.com,Jon,Parker,female,385-810-0830,Dana Point,United States,26855,Delaware,733 Van Dyke,1952-04-22,607
crmid:7107443437,wedgeable1995@gmail.com,Tommy,Downs,male,380-028-4668,Altoona,United States,85033,South Carolina,740 Arlington,1932-09-08,2363
crmid:6802997001,externity1911@yandex.com,Emilio,Sosa,,959-267-0667,Melrose Park,United States,53828,Idaho,355 Fairbanks,1989-10-20,495
crmid:2982414457,shamus1903@yandex.com,Jennefer,French,female,800-540-1249,Clearwater,United States,26288,Alabama,60 Berkshire,1948-04-10,1468
crmid:1636577833,abdel1902@yahoo.com,Layne,Franks,female,691-747-2396,Shreveport,United States,98922,Illinois,266 San Juan,1946-05-10,1008
crmid:6795236607,autocall2067@yandex.com,Lannie,Rodgers,female,736-342-4209,Cincinnati,United States,21516,Michigan,337 Palo Alto,1947-05-25,1841
crmid:2879301365,weatherologist2012@gmail.com,Nu,Best,female,366-059-4216,North Platte,United States,67004,Massachusetts,942 Pope,1999-11-07,2190
crmid:2071577194,cat1957@yandex.com,Kurtis,Wallace,male,247-631-2191,Baltimore,United States,63721,Utah,1026 Roosevelt,1935-11-29,1527
crmid:8288046203,echovirus1836@gmail.com,Adolph,Clay,,547-226-5809,Sulphur,United States,75619,Alabama,34 Erkson,1969-09-26,820
crmid:1329118546,aliens2002@yahoo.com,Harris,Montoya,male,497-093-9388,Parma,United States,09673,South Carolina,976 Palou,1932-04-20,1448
crmid:5945729756,ineye1881@yahoo.com,Dave,Lowery,,312-684-4952,Ridgeland,United States,56833,West Virginia,1093 Daniel Burnham,1976-06-26,1750
crmid:1201141945,dosanjh1810@yandex.com,Robert,Griffin,male,867-895-7088,Calabasas,United States,74190,Florida,97 Zircon,1943-12-26,2288
crmid:6415000100,ladybird1856@outlook.com,Brenton,Mack,,244-166-9666,Mattoon,United States,88868,Arkansas,132 Connecticut,1988-11-27,2427
crmid:1398373754,guidon1993@yahoo.com,Amal,Snow,female,174-179-8979,Deltona,United States,80231,West Virginia,938 Orchard,1954-01-27,1006
crmid:6178821781,draconis2048@gmail.com,Tony,Herrera,male,739-442-7641,Titusville,United States,04947,Maryland,1267 Agua,1942-09-13,2082
crmid:3665387571,emball1923@live.com,Dong,Buchanan,,061-550-8031,Wausau,United States,20148,Maryland,1340 Chain Of Lakes,1967-01-03,1802
crmid:8315217350,samaras2037@outlook.com,Francesco,Galloway,male,527-923-8342,Berea,United States,27945,Maine,196 Rae,1938-04-11,1133
crmid:4036783679,dashed2012@yandex.com,Roscoe,Jefferson,male,722-518-5390,Brea,United States,64824,Wisconsin,502 Mulford,1941-10-16,750
crmid:9046772751,bunchberry2041@yahoo.com,Pierre,Sandoval,,602-824-4176,Hilton Head Island,United States,48709,Texas,77 Divisadero,1972-08-01,2780
crmid:3487181007,molly1865@yandex.com,Gilberto,Ramirez,,490-531-1001,Slidell,United States,23270,Wisconsin,104 Crestline,1966-07-04,2398
crmid:3898508159,aeschylus1991@gmail.com,Dexter,Lee,male,151-745-3885,Bolingbrook,United States,75181,North Carolina,5 Clara,1940-12-05,1748
crmid:5460177032,chewer2033@yandex.com,Genaro,Mcguire,male,439-539-4172,Aiken,United States,21443,Nebraska,762 Safira,1930-04-19,2038
crmid:8869786371,reviviscency2031@live.com,Britta,Goodman,female,913-726-0718,Farmington Hills,United States,59482,Washington,723 Edinburgh,1961-10-02,317
crmid:2687816986,areach1889@yahoo.com,Christian,Parker,,215-900-0226,Waco,United States,52797,Utah,1362 Merlin,1995-06-07,2171
crmid:1139768007,poverty1986@gmail.com,Jessie,Ramos,male,567-031-6973,West Fargo,United States,07240,Rhode Island,707 Black,1937-05-24,1491
crmid:4341765638,elephantiasis2010@live.com,Ricky,Brewer,,237-571-7096,Mesa,United States,57190,Pennsylvania,1029 Pinehurst,1989-09-26,2092
crmid:9206195540,crinoid1949@gmail.com,Johnathon,Huffman,,164-744-1181,Shelby,United States,30640,Maine,330 Sansome,1977-06-02,2400
crmid:5235354010,autocall1917@outlook.com,Young,Mcgowan,,909-369-5521,Fridley,United States,89855,New Hampshire,471 Velasco,1964-06-29,481
crmid:9886074823,dichter1954@outlook.com,Chung,Hays,,449-123-3541,Grand Prairie,United States,07539,Maryland,1024 Chester,1967-01-27,1831
crmid:7389721565,bellmaker1816@gmail.com,Mathew,Hayden,,832-569-2496,Round Lake Beach,United States,55769,Utah,800 Ottawa,1996-06-19,2921
crmid:7989108098,downs1854@yandex.com,Keli,Holman,female,333-119-7479,Downey,United States,21133,Massachusetts,403 San Rafael,1955-05-14,1053
crmid:5192744646,lovebirds1854@yandex.com,Kelsie,Terry,female,080-523-0449,Tualatin,United States,12721,California,31 Spreckels Lake,1946-11-09,341
crmid:6269515841,dabber2049@yahoo.com,Delmer,Lawson,,154-662-2507,Upper Arlington,United States,82359,New York,1200 Cityview,1981-04-14,828
crmid:3278972000,diploptera1897@yandex.com,Thurman,Macias,,614-162-2179,Harrisonburg,United States,39557,Illinois,325 San Gabriel,1970-06-30,1592
crmid:4767375956,swimy2035@yahoo.com,Yong,Taylor,,196-678-5377,Rochester,United States,93088,Minnesota,943 Stratford,1979-06-22,812
crmid:2988549680,validity2069@live.com,Emerson,Burris,male,048-091-4916,Sikeston,United States,99189,Wisconsin,1285 Turner,1936-03-04,2388
crmid:8885204248,vibrative1814@live.com,Darnell,Vega,male,074-453-0793,Camarillo,United States,89529,California,1235 Russian Hill,1943-03-29,894
crmid:1630679407,lemur1883@outlook.com,Julius,Johnston,,431-904-2630,Lakeville,United States,52839,Georgia,1285 Valmar,1980-10-24,631
crmid:4182133016,tammies1856@outlook.com,Dewayne,Rodriguez,,418-201-4864,Goodlettsville,United States,03163,Delaware,950 Olney,1967-01-02,312
crmid:1340882773,altitudes1901@outlook.com,Dee,Shepard,male,664-267-3445,San Luis Obispo,United States,61554,Oklahoma,619 Richter,1934-03-27,963
crmid:7808737437,chaute1874@gmail.com,Tony,Bowman,male,449-676-2426,West Chester,United States,00482,Michigan,1072 Saint Josephs,1931-09-03,1855
crmid:1932856259,tepid2048@yahoo.com,Hassan,Callahan,,977-801-7933,Sachse,United States,37392,Maine,995 Ripley,1968-10-23,1413
crmid:9941098406,myelopathy1826@yandex.com,Romeo,Allison,male,784-553-5816,Adelanto,United States,41078,New Hampshire,1123 Fernandez,1930-08-01,362
crmid:3138794960,artur1825@yandex.com,Foster,Neal,male,194-366-1134,Brigham City,United States,28970,Connecticut,365 Danvers,1941-04-21,1177
crmid:1185589374,redundancies1970@yandex.com,Curt,Knox,male,795-892-1632,Anoka,United States,74995,Michigan,317 Albion,1933-02-16,362
crmid:4477625885,eggfish1942@yahoo.com,Kristopher,Hays,,287-154-3675,Salt Lake City,United States,37032,South Carolina,556 Kempton,1970-02-25,923
crmid:2538395475,sectored1818@gmail.com,Mika,Clark,female,984-272-1249,Plainview,United States,55309,Kentucky,411 Fern,1996-04-18,680
crmid:2537177334,abrasax2062@outlook.com,Modesto,Bradford,male,575-894-7398,Allentown,United States,70737,Florida,3 Peabody,1931-07-03,1448
crmid:9955326256,revivals1845@live.com,Darin,Avila,,912-654-3296,Woodstock,United States,55231,Montana,182 Walker,1970-10-26,1244
crmid:1550176792,emperors1974@gmail.com,Renetta,Bowers,female,376-757-0020,Schaumburg,United States,14713,Idaho,1104 Nebraska,1947-10-14,1469
crmid:6543509473,thrower2068@yandex.com,Damian,Smith,,414-744-2188,Pine Bluff,United States,73117,Florida,129 Trumbull,1975-08-06,1325
crmid:3541832376,discordia1954@live.com,Chet,Jennings,,861-365-0499,Hutchinson,United States,74249,Wyoming,1053 Letterman,1974-12-26,1059
crmid:5234400640,alway2035@yahoo.com,Miquel,Sexton,,804-059-1740,Miami Lakes,United States,86620,Nebraska,843 Lynch,1990-11-18,435
crmid:6396577617,saltish1989@outlook.com,Forrest,Haley,,724-933-6958,Fort Pierce,United States,76138,Maryland,754 Neptune,1963-12-13,612
crmid:1352568362,callorhynchidae1913@yahoo.com,Wilburn,Morrison,,938-661-2867,Methuen,United States,14966,Iowa,438 Hollywood,1990-03-28,1394
crmid:8525411722,subnetworks2069@gmail.com,Jimmy,Heath,female,965-442-9300,Shakopee,United States,22075,Montana,1056 Steveloe,1958-04-13,2790
crmid:7149772960,harpoonlike1905@yahoo.com,Nakesha,Blair,female,790-378-3051,Russellville,United States,71032,Virginia,55 Bright,1951-07-03,2655
crmid:1534853743,salamander1954@live.com,Hassan,Mcdonald,male,630-359-1600,Rockwall,United States,15336,Minnesota,22 De Forest,1945-04-19,2093
crmid:1193115669,ferret1884@outlook.com,Stevie,Nichols,male,200-286-1744,Orland Park,United States,17597,Maryland,309 Junipero Serra,1945-11-23,1827
crmid:2486976198,undescendent2024@yahoo.com,Augustus,Summers,,447-724-1101,Tulsa,United States,39088,Delaware,841 Rio,1977-02-27,2221
crmid:8327243669,cineraria1904@yandex.com,Kaila,Walton,female,861-234-8847,College Park,United States,22928,South Carolina,312 Divisadero,1949-04-30,2290
crmid:8393271091,beswick1833@live.com,Vernon,Harvey,,598-371-2894,North Olmsted,United States,78119,Missouri,526 Park Presidio,1999-05-27,2606
crmid:1962847748,levering1973@gmail.com,Stanley,Ryan,,797-082-6835,Stevens Point,United States,46945,Colorado,129 Mclaren,1984-11-17,938
crmid:8062707546,shmaltzier1852@live.com,Dione,Ingram,female,357-434-8108,Ellensburg,United States,17480,Colorado,101 Trainor,1959-03-15,1539
crmid:7381337345,levied1800@outlook.com,Jerica,Meadows,female,233-741-5915,Dearborn,United States,26923,Kansas,630 Moncada,1953-04-20,800
crmid:7318208409,imply1819@gmail.com,Mack,Garner,,078-198-8963,Honolulu,United States,58483,Alaska,80 Goettingen,1973-09-26,725
crmid:2892898224,mermnad1846@live.com,Les,Foreman,,450-689-4419,League City,United States,31371,Colorado,966 Tomaso,1981-05-19,2696
crmid:8447328260,definitized1898@yahoo.com,Myrta,Barton,female,890-513-6418,Rochester Hills,United States,53789,Illinois,908 Vulcan,1960-07-02,2187
crmid:1801804240,arithmogram1996@gmail.com,Hang,Miles,female,468-384-7414,Chester,United States,19676,Illinois,1238 Lois,1946-04-20,2533
crmid:5850314996,capelin1942@outlook.com,Keith,Cervantes,,128-116-5925,Queen Creek,United States,45368,Vermont,320 Marengo,1986-11-20,1096
crmid:9667485543,mesosphere1920@live.com,Mitchel,Reilly,,194-622-2642,Parma Heights,United States,84917,Rhode Island,1002 Pilgrim,1992-02-05,1526
crmid:9535840865,phloxes1996@yandex.com,Shad,Wilkins,,848-054-1186,Marietta,United States,56191,Missouri,445 Willard,1987-10-12,2103
crmid:1144012656,barkier1869@yahoo.com,Sherman,Kaufman,,665-899-2282,Flint,United States,05593,West Virginia,1396 Ggp Access Road,1962-02-26,2903
crmid:3644915250,amstutz1938@yandex.com,Trenton,Ayers,,444-899-8930,Lynn,United States,62702,Louisiana,777 Pixley,1985-10-22,748
crmid:4115486950,palaeoalchemical1872@outlook.com,Zachariah,Cote,,409-181-1548,Lima,United States,41551,Tennessee,690 Steuart,1982-07-19,419
crmid:3363128881,banaba1907@yahoo.com,Josue,Sutton,male,496-687-6810,Bountiful,United States,39494,West Virginia,1088 Crossover,1940-06-28,2080
crmid:6564915288,ebenezer2055@yandex.com,Aldo,Pugh,male,873-453-4409,Provo,United States,07198,North Dakota,692 Marin,1932-01-24,1531
crmid:8286506322,iridescent2035@live.com,Palmira,Henry,female,399-464-2060,Desert Hot Springs,United States,93443,Minnesota,1284 Smith,1954-07-13,1112
crmid:2269546796,carmencita1859@gmail.com,Jarrod,King,male,011-148-9491,Bartow,United States,20048,Oregon,557 Coral,1936-05-16,2424
crmid:8920940202,snowshoe2038@outlook.com,Lonny,Salazar,,179-530-9830,Griffin,United States,03704,Connecticut,1316 Conrad,1968-01-11,318
crmid:7022421246,narsinga1913@outlook.com,Evelynn,Livingston,female,353-992-7684,San Francisco,United States,66158,Michigan,719 Lincoln,1950-03-17,2921
crmid:6510810377,sarges1878@yandex.com,Bryan,Lancaster,,713-364-9930,Hobart,United States,12018,Georgia,1137 Cosgrove,1972-03-09,1161
crmid:9083653843,everyone1982@live.com,Myles,Ratliff,,156-909-5737,Pompano Beach,United States,33776,South Carolina,780 Portola,1977-06-23,1878
crmid:5463295880,gregariousness2042@yahoo.com,Darrel,Forbes,,500-326-9630,Mokena,United States,58985,Utah,599 Cuba,1992-10-21,2746
crmid:7767098085,dewit1984@outlook.com,Raymundo,Mathis,,009-534-0410,Novato,United States,35175,Wisconsin,499 Morrell,1970-09-19,2498
crmid:6983230740,solarise1935@outlook.com,Marlen,Keller,female,435-179-5764,Point Pleasant,United States,78794,West Virginia,369 Victoria,1947-12-22,1757
crmid:2513866625,micromastictora1912@yandex.com,Burton,Burke,male,780-967-4074,Bell,United States,71227,North Carolina,53 Armistead,1937-02-04,2959
crmid:5238220434,solarise1819@yahoo.com,Jesus,Adkins,male,069-076-8912,Parma Heights,United States,50877,Alabama,369 Mclaren,1936-12-10,1354
crmid:1296036244,seapoose1940@live.com,Ismael,Paul,,838-257-6406,McMinnville,United States,44248,Louisiana,759 Rome,1988-08-16,2553
crmid:7388791184,whitherso1960@gmail.com,Mary,Mcbride,male,328-453-5139,West New York,United States,03033,Kentucky,1009 Fremont,1933-12-13,330
crmid:2618125519,precisionize1982@yahoo.com,Bryon,Stein,,397-538-0379,Mason City,United States,79259,California,732 James,1987-12-12,1173
crmid:3466171663,harbourous2063@outlook.com,Heath,Best,male,260-935-0578,Post Falls,United States,00668,Louisiana,1316 Westbrook,1933-05-03,2745
crmid:3095800720,arsenium1832@live.com,Felisa,Swanson,female,286-559-7478,Delano,United States,78002,Vermont,1037 Shakespeare,1954-12-06,1852
crmid:2117145238,lark1822@live.com,Jesse,Daniels,,347-653-9490,Hercules,United States,03349,Massachusetts,508 Norfolk,1971-02-26,2421
crmid:6383363318,allan1981@yandex.com,Dennis,Dunn,,378-579-2029,Fort Lauderdale,United States,13283,Tennessee,372 Menoher,1963-03-07,1650
crmid:1676086138,close1914@yandex.com,Rashad,Cotton,,994-356-3653,Midlothian,United States,31412,New York,958 Aerial,1990-06-17,1152
crmid:6344426394,grasshopper1898@outlook.com,Roscoe,Joseph,,964-330-0781,Palm Desert,United States,78672,Washington,966 Spring Valley,1992-10-30,2061
crmid:3928393811,lavinia1855@outlook.com,Amal,Olson,female,631-629-1585,Champaign,United States,07515,Montana,223 Candyland,1946-01-22,1551
crmid:4758910895,endeavours2052@yahoo.com,Edgar,James,male,600-678-2588,Camden,United States,12846,Alaska,666 Avenue Of The Palms,1943-03-15,2602
crmid:7593457998,abandoned1903@gmail.com,Sherwood,Carver,male,180-403-3838,Oxford,United States,98561,Georgia,1299 Avenue D,1945-09-05,1948
crmid:4674002056,nace2053@outlook.com,Ismael,Lester,,226-757-4548,Ottawa,United States,45256,New York,927 Kittredge,1990-08-18,2220
crmid:4422189463,brambles1891@yandex.com,Marlin,Miranda,,102-101-3021,Leander,United States,38398,Idaho,287 Reposa,1981-06-10,919
crmid:1238191941,externity1858@yahoo.com,Cherilyn,Cruz,female,138-729-3768,New Orleans,United States,62219,Florida,409 Milan,1996-11-18,527
crmid:2275323985,airtight1813@live.com,Dudley,Frost,,466-623-3904,Greer,United States,89214,Vermont,54 Venus,1968-08-30,1749
crmid:4379758663,rickstand1938@yandex.com,Mitchel,Phillips,,357-090-5487,Kirksville,United States,42722,Washington,1053 Long Bridge,1978-08-04,1269
crmid:1391573443,semilate2062@live.com,Noah,Kim,male,079-102-2237,Apex,United States,94415,Vermont,150 Auburn,1933-07-16,2189
crmid:6874774545,airflow1805@outlook.com,Lino,Jensen,,199-776-2564,Weirton,United States,46834,Nebraska,218 Alvarado,1985-12-10,1798
crmid:2907806169,vmintegral1808@yandex.com,Stacy,Hammond,,042-663-9537,Henderson,United States,93567,Wyoming,760 Truby,1971-06-13,1187
crmid:8540928390,nurls1975@yahoo.com,Jarvis,Black,,327-948-9493,Hazel Park,United States,66072,Louisiana,1317 Mabini,1970-11-13,1483
crmid:8516025066,navite1927@live.com,Kerry,May,male,088-037-2970,San Bruno,United States,60514,Indiana,48 Willie B Kennedy,1930-06-18,1831
