crmid,email,first_name,last_name,gender,mobile telephone,city,country,zip,state,street address,birthday,creditrating
crmid:9930834224,abrus1821@live.com,Carlton,Newman,,464-166-5371,Meridian,United States,99204,Arizona,923 Cashmere,1989-02-08,2214
crmid:5798555183,chiefs2064@outlook.com,Alexis,Sharp,male,062-346-0518,Paramount,United States,81858,North Dakota,160 Clarion,1945-01-27,1624
crmid:4208403777,tawer1977@yahoo.com,Franklyn,Brady,,087-981-3657,Texarkana,United States,37426,Michigan,712 Olympic Country Club,1973-01-26,1778
crmid:3253145670,landings1878@yahoo.com,Robin,Jacobson,,174-816-8479,Nashua,United States,31445,Delaware,946 Florida,1995-07-17,872
crmid:2377911794,morbility1962@yahoo.com,Julian,Allison,male,556-402-5702,Biloxi,United States,36372,New Hampshire,1307 Evans,1939-06-01,981
crmid:2767348059,bonehead2063@yahoo.com,Tyesha,Bentley,female,623-743-2059,Elmhurst,United States,53856,Kentucky,713 Morningside,1959-09-02,2777
crmid:6402238308,idiosyncrasy1986@live.com,Trey,Barber,,015-324-3817,Mooresville,United States,57453,Mississippi,22 El Camino Del Mar,1993-10-25,2594
crmid:9717220895,capistrano1826@live.com,Norris,Carter,male,106-870-7223,Broadview Heights,United States,44872,Nebraska,1292 Cuesta,1941-07-05,2742
crmid:8955430392,undiscernibly1802@yahoo.com,Sherlene,May,female,176-693-7025,Rexburg,United States,29757,New Jersey,1211 Alameda,1961-08-18,1900
crmid:8595708039,legate1897@outlook.com,Abel,Benton,,284-347-7714,Manteca,United States,30998,Florida,1290 Florida,1986-07-10,1651
crmid:5557389693,baklavas1808@yandex.com,Margrett,Sims,female,009-480-6138,Pico Rivera,United States,93156,Florida,723 Battery East,1954-06-27,664
crmid:3628423698,palaearctic1978@yandex.com,Eldridge,Robbins,male,655-188-7201,Arcadia,United States,19274,Missouri,43 Townsend,1933-03-25,1735
crmid:4064342782,bianka1847@live.com,Jarrod,Gomez,male,510-831-1445,Baldwin,United States,93849,Mississippi,1073 Whitecliff,1935-05-11,2653
crmid:5064457133,starfish2046@yandex.com,Taisha,Barker,female,322-050-8219,Des Moines,United States,42782,Minnesota,587 Lake,1954-08-02,1844
crmid:2395854285,draconis1856@yahoo.com,Casey,Terry,,759-167-7480,Laguna Niguel,United States,49028,Rhode Island,201 Colin P Kelly Jr,1979-07-08,1140
crmid:7342951885,rickstand1893@yandex.com,Enrique,Bell,,419-963-6994,Rancho Palos Verdes,United States,68017,Kansas,795 Farnum,1992-06-02,1814
crmid:8108458533,micronuclear1866@gmail.com,Mike,Kim,female,946-848-5027,Royal Oak,United States,23051,New York,1229 Smith,1958-06-16,2081
crmid:6921416860,publicness1927@live.com,Kermit,Mcknight,,732-287-5416,Marina,United States,21653,Indiana,712 Malvina,1987-04-23,763
crmid:8551529919,arthritis1897@outlook.com,Apryl,Harrell,female,142-519-3079,Farmington,United States,73738,Arkansas,1199 Harrison,1961-12-01,2474
crmid:8624393089,berkelium1924@outlook.com,Stacee,Watson,female,625-274-3213,Whittier,United States,14808,Rhode Island,580 Ramsel,1951-12-16,1762
crmid:9572290995,blackseed2042@yandex.com,Moshe,O'brien,male,393-787-2130,Anniston,United States,66143,Washington,1176 Morningside,1933-10-14,426
crmid:4601345539,bathe1963@outlook.com,Cristie,Kennedy,female,025-974-5016,Santa Clarita,United States,68516,Oklahoma,265 Macarthur,1950-11-19,611
crmid:3732252475,quadridigitate1859@live.com,Lincoln,Nixon,,823-453-5033,Saratoga Springs,United States,93906,Virginia,737 Gillette,1980-12-17,2896
crmid:5210628345,mandrill1995@yandex.com,Milton,Wise,,986-143-6852,Lafayette,United States,18396,Rhode Island,348 Oceanview,1979-02-28,1689
crmid:9270559470,caddle1821@live.com,Ha,Matthews,female,377-345-8181,Denton,United States,14058,Illinois,254 Nahua,1954-04-18,2747
crmid:2930926545,alten2057@gmail.com,Cory,Buckner,,974-674-4943,Springfield,United States,98310,North Carolina,905 Hernandez,1978-04-12,1821
crmid:1663518890,babak1845@yahoo.com,Marty,Compton,,380-232-0505,Mooresville,United States,12311,Colorado,933 Moore,1993-03-27,1929
crmid:7052821169,close1892@yahoo.com,Keitha,Mitchell,female,597-421-5989,Ruston,United States,16200,Colorado,946 Hitchcock,1954-05-20,1623
crmid:8232375476,burstones1974@yandex.com,Zane,Bentley,,371-951-9343,Southfield,United States,64174,Pennsylvania,287 Boyd,1991-03-27,2422
crmid:5952625192,heptarch2037@yahoo.com,Noma,Dean,female,634-039-0649,Paducah,United States,23882,New Hampshire,653 Lydia,1959-10-13,790
crmid:6396364738,horotelic1926@yahoo.com,Otto,Richards,,876-283-9456,Seattle,United States,64662,New Hampshire,805 Mint,1983-12-20,867
crmid:7114364069,scrunch1803@gmail.com,Pierre,Payne,,746-887-0579,Havelock,United States,02400,Wisconsin,1031 Selby,1970-01-22,1170
crmid:4198036541,amorist2014@live.com,Wendell,Howe,,309-458-6439,Greenwood,United States,74915,Nebraska,1195 Castro,1968-08-25,2286
crmid:7781195708,detours2063@live.com,Damion,Knox,,197-188-0423,Gilroy,United States,80193,North Carolina,214 Apollo,1966-01-01,2851
crmid:7722069438,sizzles1856@outlook.com,Merissa,Garrett,female,244-652-6285,Fairhope,United States,35829,Rhode Island,1322 Security Pacific,1961-06-11,754
crmid:9582702172,tuatara1893@live.com,Arnulfo,Whitley,,570-232-7902,North Tonawanda,United States,97420,Nebraska,781 Fauntleroy,1999-07-24,1810
crmid:2688003825,boatly1996@live.com,Julian,Oliver,,586-233-4170,Lebanon,United States,94864,Missouri,1154 Alta,1981-08-16,903
crmid:9977948951,too1958@yahoo.com,Willis,King,,886-174-5025,Frisco,United States,33488,Iowa,371 Coventry,1964-07-02,2710
crmid:6901482049,blasphemy1936@gmail.com,Antwan,Chambers,,260-669-8905,Kokomo,United States,15600,Louisiana,479 Lyell,1978-03-01,1152
crmid:2467358611,educable1876@outlook.com,Everett,Garner,male,506-574-8065,Blue Island,United States,16369,New Hampshire,863 De Haro,1939-04-11,445
crmid:9996252520,ungrappling2040@gmail.com,Carl,Nguyen,,991-287-1186,Muncie,United States,98566,Iowa,836 Science,1994-08-28,1867
crmid:5303687143,bronk1895@outlook.com,Daren,Blake,male,060-511-2112,Ridgewood,United States,61510,Michigan,1024 Brush,1937-03-03,359
crmid:5667527911,redias2027@yahoo.com,Cameron,Wade,male,594-348-1492,Altoona,United States,79295,Ohio,819 Peek,1932-12-03,2405
crmid:6030534375,coquet1860@gmail.com,Dorethea,Faulkner,female,265-151-6704,Colleyville,United States,18891,Delaware,243 Gibb,1949-03-09,2653
crmid:7438647354,electroretinography1888@outlook.com,Dale,Cobb,,991-800-3332,Harlingen,United States,62315,New Jersey,786 Ervine,1969-10-30,1561
crmid:8062570403,eliminable2064@outlook.com,Kelvin,Robles,,634-559-9879,North Augusta,United States,38871,North Dakota,1239 Mississippi,1998-05-08,2485
crmid:6386957903,dodecapartite1850@yahoo.com,Vance,Jenkins,,827-583-0358,Medina,United States,22579,Connecticut,563 Winding,1989-05-29,783
crmid:6737602605,aplysia1973@yandex.com,Rodrigo,White,,412-455-9257,Monroe,United States,56690,Oregon,232 San Jose,1992-10-05,910
crmid:3658081417,chelone1945@live.com,Khalilah,Whitehead,female,279-093-8034,Compton,United States,23898,Maine,540 Scott,1949-05-31,1583
crmid:6803050846,begladding2036@yandex.com,Emerson,Floyd,,947-678-9261,Tinton Falls,United States,77739,Idaho,427 Laidley,1965-12-13,2178
crmid:5373890806,markhor2023@live.com,Drucilla,Zamora,female,305-477-3019,Coralville,United States,89934,Missouri,927 Bertita,1950-10-05,2219
crmid:5230755501,streptothrix2066@gmail.com,Luther,Mcdowell,,752-554-0234,Jefferson City,United States,83306,Utah,1064 Martin Luther King Jr,1975-03-11,2388
crmid:5832503923,instructorless1866@outlook.com,Hank,Higgins,,033-411-1228,Hesperia,United States,88499,West Virginia,843 Hill Point,1971-07-31,1415
crmid:5172385219,suffixal1863@yandex.com,Riley,Pacheco,,811-477-8485,Monterey,United States,00617,West Virginia,1010 Cowles,1992-02-09,1437
crmid:9371756928,dangersome1955@live.com,Hosea,Flores,,386-842-2220,Mauldin,United States,84523,Maryland,649 Moultrie,1988-07-06,2674
crmid:1544024594,elephas1889@yahoo.com,Eddy,Sawyer,,517-425-7592,Parma Heights,United States,45812,Idaho,1033 Richland,1984-08-19,2664
crmid:4924668308,delano1829@outlook.com,Loura,Clay,female,549-943-0033,Racine,United States,11505,Nevada,397 Colusa,1953-06-06,779
crmid:7160781823,leucoryx1969@outlook.com,Jacquie,Workman,female,528-602-9927,El Dorado,United States,96993,North Carolina,497 Jamestown,1958-11-07,2643
crmid:4736588152,conquered1895@live.com,Devin,Bishop,,312-244-3272,McMinnville,United States,95146,Missouri,664 Martha,1988-08-19,1848
crmid:2309740501,necking2035@yahoo.com,Benito,Wilkerson,male,662-819-9970,Bloomingdale,United States,02466,Kentucky,784 Arroyo,1939-01-31,753
crmid:9449730341,burps1845@outlook.com,Armando,Craft,male,461-966-2706,Plant City,United States,02356,California,1345 Eaton,1942-01-07,1380
crmid:8132562055,versatec1825@yandex.com,Niesha,Stokes,female,485-551-4742,Fairborn,United States,68698,New Hampshire,632 Pinehurst,1961-11-13,388
crmid:6308169906,dreyfuss1896@gmail.com,Hubert,Turner,male,733-847-6342,Tamarac,United States,55286,North Dakota,1214 Finley,1939-05-29,2438
crmid:7660845240,vault2048@yandex.com,Dexter,Sykes,male,353-847-3560,Shelby,United States,76018,Florida,881 Sloat,1933-11-05,1386
crmid:1784606591,haematins1964@outlook.com,Ferdinand,Dalton,male,379-266-9101,Cedar Rapids,United States,25532,Ohio,842 Turner,1945-04-07,2564
crmid:6788402766,emmetropism1961@yandex.com,Val,Nolan,female,972-454-1747,Dumont,United States,52397,Iowa,919 Belvedere,1956-09-22,650
crmid:2408464514,unobstructedness1845@live.com,Will,Cobb,,768-901-5239,Harker Heights,United States,18414,Colorado,471 Flounder,1969-04-25,364
crmid:6374476298,bateman1976@yahoo.com,Filiberto,Gibson,male,479-178-0584,Burnsville,United States,62989,Minnesota,926 Beatrice,1943-11-28,2065
crmid:9710747331,centuple2014@live.com,Agustin,Bright,,325-474-2524,Mount Clemens,United States,15034,Minnesota,413 San Bruno,1993-04-07,2029
crmid:6462969591,favela2069@outlook.com,Bernardo,Colon,,993-673-3149,Mineral Wells,United States,32164,Washington,731 Redfield,1991-07-16,424
crmid:4156066374,polyandrism1842@yandex.com,Wilfred,Chang,,310-434-9821,Johnstown,United States,70529,New York,708 Manchester,1975-12-02,2599
crmid:6346318394,bobotie2062@yandex.com,Nelson,Holden,,693-142-7463,Godfrey,United States,73974,Georgia,1052 Dehon,1966-06-10,1204
crmid:4137420508,buccan2031@yandex.com,Ozie,Stafford,female,946-751-4430,Tulare,United States,14854,West Virginia,822 Ritch,1954-07-28,2508
crmid:8249732602,carless1885@outlook.com,Alayna,Rice,female,324-867-5427,Watertown,United States,81786,Tennessee,485 Monticello,1950-01-24,2830
crmid:5054492378,arundo2017@yahoo.com,Odis,Gross,,198-112-2993,Fishers,United States,62636,Massachusetts,1249 Esquina,1962-10-16,1274
crmid:5844429702,controversal1984@outlook.com,Daisey,Wilkerson,female,603-724-8859,North Royalton,United States,91953,Florida,627 California,1999-04-04,658
crmid:2564696537,turkey1934@yandex.com,Genna,Osborn,female,803-697-8792,Rocky Mount,United States,82687,Pennsylvania,482 Blatchford,1958-03-22,1900
crmid:4477863701,tridiapason1959@live.com,Delila,Freeman,female,482-105-8758,South Pasadena,United States,99143,New Hampshire,449 French,1953-11-04,884
crmid:9316530714,behead2054@outlook.com,Marlin,Shaffer,,280-100-3697,Gary,United States,61180,New York,1044 Heather,1965-11-26,302
crmid:2687907281,debenture2067@yandex.com,Virgilio,Lindsey,male,234-856-6094,Sahuarita,United States,15265,Indiana,639 Auto,1943-10-17,376
crmid:8438198695,absit1967@yandex.com,Archie,Wilkinson,,905-707-2937,Wilkinsburg,United States,94819,Ohio,237 Marina,1986-07-29,732
crmid:6480056640,definitised1903@gmail.com,Melia,Olsen,female,839-574-5311,Summit,United States,86305,Kansas,804 Montalvo,1953-06-22,2319
crmid:3895144861,flabs1819@yandex.com,Luther,Knight,,439-188-6155,Muncie,United States,46641,Arizona,833 Abbey,1994-08-03,1943
crmid:6437028524,bumpy1972@yandex.com,Kip,Herrera,male,276-396-1908,Atwater,United States,39432,Washington,673 Larch,1934-06-13,1137
crmid:4652941833,ashleigh1981@gmail.com,Mitch,Baker,male,578-076-6545,Brentwood,United States,41775,Louisiana,712 Austin,1941-07-01,2346
crmid:3254310785,hagmane1901@outlook.com,Earnest,Foreman,,257-832-6962,Spokane,United States,43022,Ohio,1222 Julius,1989-11-10,1676
crmid:3149579076,tessera1845@outlook.com,Rocco,Valdez,,464-879-0154,Orem,United States,32450,New Jersey,922 Anza,1973-07-08,550
crmid:5898411362,predeciding1830@yahoo.com,Sandy,Cannon,,801-999-0462,Kennewick,United States,34530,Idaho,460 Cargo,1977-07-05,1503
crmid:7021121065,bombay1957@yandex.com,Gayle,Harmon,male,414-683-0331,Northport,United States,02803,New Mexico,960 Cuvier,1999-01-22,1214
crmid:4099062408,defect1863@yahoo.com,Titus,Mcmillan,,547-886-0478,La Quinta,United States,05865,Nevada,908 Craig,1979-02-14,1413
crmid:4696109289,painful2019@yahoo.com,Leigh,Moss,,951-230-4503,Jacksonville Beach,United States,31763,Minnesota,1092 Ravenwood,1975-06-22,1340
crmid:2261458986,huajillo1803@gmail.com,Bradford,Fulton,male,520-759-8795,Austin,United States,83086,Virginia,56 Gloria,1935-01-10,2698
crmid:9551153095,bitter2067@yandex.com,Drew,Randall,,193-833-0412,Homewood,United States,77921,Iowa,1070 Galindo,1973-12-25,1918
crmid:3066989118,nonesthetic1863@outlook.com,Refugia,Merrill,female,738-377-6205,Santa Rosa,United States,24562,Missouri,129 Otter Cove,1957-11-14,891
crmid:8225145694,orbitar2025@outlook.com,Marni,Cline,female,187-508-0910,Evergreen Park,United States,73541,Nevada,1170 Garden,1960-10-12,2825
crmid:4472149210,didani1903@live.com,Leisha,Powers,female,025-178-4839,Darien,United States,23268,North Dakota,1159 Dorman,1953-05-24,634
crmid:1545716022,unaltering1962@yahoo.com,Wally,Houston,,703-998-0159,Park Ridge,United States,56559,Maine,650 Peru,1999-05-20,2997
crmid:1139791097,angelika2034@yandex.com,Lenard,Taylor,,945-225-1043,Raytown,United States,83087,Florida,938 Peter Yorke,1969-02-26,2486
crmid:9897246603,diakinetic1943@yandex.com,Yajaira,Livingston,female,402-389-4255,St. Charles,United States,25624,Alaska,688 Genoa,1958-09-17,1496
crmid:5047625323,steric1952@yandex.com,Harry,Wooten,,308-516-1121,Poughkeepsie,United States,70529,Idaho,611 Nelson Rising,1974-02-24,953
crmid:4976949618,elk1964@live.com,Odell,Puckett,,782-868-8816,Whitehall,United States,62097,Louisiana,1303 Magnolia,1964-01-02,1585
crmid:1952732214,crozer1970@gmail.com,Bradly,Booker,,008-291-4324,Los Angeles,United States,81080,Hawaii,303 Burnside,1984-05-06,1101
crmid:4526520683,plantula1983@yandex.com,Paris,Gilbert,male,928-047-5928,Alliance,United States,43739,Iowa,126 Nahua,1931-08-11,1415
crmid:4220110969,landlords2015@gmail.com,Wilfred,Wade,,055-202-5224,Shelton,United States,51928,Arkansas,1125 Baldwin,1998-07-05,1377
crmid:4391123181,desistance1932@yahoo.com,Elin,Kerr,female,824-954-0397,White Plains,United States,14516,North Dakota,435 Santiago,1946-03-16,2046
crmid:4059559976,became1893@gmail.com,Vallie,Kramer,female,636-163-7685,Covina,United States,65881,Vermont,663 Milton,1951-11-27,2627
crmid:3968985220,verisimilitude1813@gmail.com,Fletcher,Tillman,,614-369-0345,Indio,United States,38870,South Carolina,704 Christopher,1974-06-19,1001
crmid:7453528151,dropsy2020@yahoo.com,Buford,Jimenez,male,512-043-2916,Asheville,United States,84364,New Jersey,1299 Sutro Heights,1934-02-15,1521
crmid:5794123197,abrasiometer2041@outlook.com,Jaime,Page,,614-519-0483,Kenosha,United States,32291,Nebraska,283 Dwight,1977-06-04,1353
crmid:4133276152,marcello1860@live.com,Jerrold,Underwood,,514-162-0609,Manhattan Beach,United States,47264,Wyoming,1134 Cook,1986-07-17,998
crmid:9015715896,quadridigitate2062@yandex.com,Houston,Wheeler,,977-270-3534,Waxahachie,United States,74339,Georgia,1303 Parsons,1987-07-31,1921
crmid:8496533653,angelika2005@yahoo.com,Yuki,Schmidt,female,095-937-5920,Rancho Cordova,United States,28378,Alaska,1072 Rausch,1961-09-26,2175
crmid:6397450548,cherokee1868@outlook.com,Miquel,Russell,,609-916-4611,Marlborough,United States,66446,New Jersey,319 Daggett,1987-11-19,2580
crmid:7521247030,attune2052@live.com,Jule,Carrillo,female,697-530-7823,Coronado,United States,26752,Colorado,1216 Waltham,1951-04-05,335
crmid:5201042460,bhima1820@yandex.com,Isiah,Noel,,116-692-4977,Hinsdale,United States,10616,West Virginia,399 Davenport,1972-03-07,2688
crmid:1807245073,snarling1811@live.com,Zack,Barber,,014-889-5678,Hinesville,United States,24653,Alaska,55 Gerke,1972-05-10,1346
crmid:1852343575,craney1900@outlook.com,Sarina,Palmer,female,211-397-1826,Edmonds,United States,89636,Illinois,585 Helena,1958-11-29,2139
crmid:4843526935,adders1925@gmail.com,Otha,Morris,,754-872-7320,Santa Maria,United States,99288,South Dakota,129 Ashton,1970-06-08,2052
crmid:9427627077,prelacy1891@yandex.com,Willetta,Luna,female,012-691-5114,Ocean Springs,United States,27525,Missouri,286 Cambridge,1961-12-28,595
crmid:7730620703,quelea1935@yandex.com,Jerome,Watkins,,497-568-1585,Selma,United States,86495,Maryland,1251 Encline,1992-02-18,1964
crmid:6100318707,consolatrix1837@yandex.com,Forest,Diaz,,916-583-9329,Kentwood,United States,50721,South Dakota,1217 Buena Vista,1977-09-11,1601
crmid:6476068507,codeias1945@gmail.com,Gerard,Casey,,163-440-9523,Opelousas,United States,49901,California,1325 Arbol,1989-07-29,468
crmid:7355433226,bemoon1889@yandex.com,Kelsi,Wheeler,female,128-983-6285,Chico,United States,77292,Maine,551 Emmett,1947-12-27,2575
crmid:7975463595,agaty1891@yahoo.com,Simon,Chandler,male,912-232-1310,Phoenix,United States,68105,Kansas,257 Catherine,1930-09-06,405
crmid:4606686431,protocoled1992@gmail.com,Marcos,Tate,,764-099-9281,Ocala,United States,65587,California,212 Old Decatur,1989-09-19,1744
crmid:8462393953,benares2046@yandex.com,Ramiro,Ortega,,075-554-3917,Maryville,United States,83429,Iowa,1140 Alvarado,1987-04-11,1095
crmid:3415883949,sawing2043@live.com,Bradford,Bell,,236-622-6616,Indianapolis,United States,05086,New Mexico,496 Archer,1974-01-17,1445
crmid:6662118435,censorial1869@yahoo.com,Cruz,Talley,,652-963-9850,Menasha,United States,59967,Missouri,1343 Market,1989-09-25,1823
crmid:1031506650,corydon2045@yahoo.com,Denny,Shepherd,,858-855-1569,Sachse,United States,54398,Maryland,1071 Shephard,1995-08-14,2180
crmid:6979036697,estheticism2006@yandex.com,Salvatore,Glass,,530-109-2232,Garden City,United States,73193,Georgia,825 Hillview,1965-12-28,2135
crmid:6638032151,rotted1896@gmail.com,Gino,Byrd,male,130-936-6104,Broken Arrow,United States,20113,Arizona,664 Dr Carlton B Goodlett,1941-04-05,2908
crmid:3997410030,acidic1856@outlook.com,Giovanni,Potts,,694-358-0971,Fort Collins,United States,60971,Virginia,894 Monument,1963-11-29,1637
crmid:4186678058,evensong1956@gmail.com,Juliane,Mcknight,female,829-028-6280,Englewood,United States,29038,Kentucky,111 Fanning,1959-04-19,2149
crmid:9773597736,bernice1961@yahoo.com,Johnny,English,,659-980-3308,Marion,United States,88617,Maryland,1320 Italy,1987-07-28,574
crmid:2519504900,tewing1986@yandex.com,Benedict,Wall,,967-349-8145,Port Chester,United States,36859,Washington,18 Nadell,1971-10-22,598
crmid:4488681956,encenter1849@outlook.com,Lee,Henson,,677-633-4350,Logansport,United States,18450,South Dakota,1270 Avocet,1983-02-05,1085
crmid:1092048415,upshove1871@yandex.com,Barney,Robinson,,457-081-9974,Joplin,United States,93871,North Carolina,1043 Sanchez,1976-03-12,2409
crmid:4159080881,whippet2038@gmail.com,Dagny,Hunt,female,579-683-8766,Faribault,United States,81045,Wyoming,1311 Sedgewick,1961-12-04,1119
crmid:7702278942,caballero2032@outlook.com,Shenna,Sparks,female,470-083-7691,Provo,United States,28092,West Virginia,11 Cascade,1957-08-27,1579
crmid:6150852021,hygenics1966@yahoo.com,Ayana,Dudley,female,388-069-0095,Fairhope,United States,06296,Rhode Island,1047 Mercedes,1961-01-08,1434
crmid:7230776271,autographs2021@live.com,Mikel,Osborn,,354-229-3084,Maple Grove,United States,60714,Virginia,888 Pacific,1986-11-27,593
crmid:6495526016,lithopone2028@gmail.com,Norbert,Bridges,male,956-887-7044,Caldwell,United States,66964,Arizona,916 Thorne,1943-10-24,2708
crmid:2236559542,semicultivated1916@outlook.com,Lawrence,Harding,,397-856-5057,Lacey,United States,96263,Kansas,1284 Halibut,1979-04-22,1596
crmid:4275502337,incarnate2055@yandex.com,Graig,Holcomb,,137-702-2504,Painesville,United States,40224,Virginia,131 Stillman,1982-07-02,413
crmid:7680322783,bookmaker1873@yandex.com,Bertram,Smith,,828-854-3387,Indian Trail,United States,72280,Tennessee,592 Hickory,1974-12-21,2478
crmid:6910521636,demised1951@gmail.com,Mauro,Guy,male,683-028-3281,Northampton,United States,03169,New Jersey,1277 Octavia,1999-01-13,2937
crmid:4819213143,hachment2034@gmail.com,Latesha,Foster,female,257-321-0706,Wilsonville,United States,66182,Arkansas,938 Baxter,1950-11-10,1403
crmid:8961087594,cramped1829@gmail.com,Daryl,Tyler,female,205-282-5252,Eau Claire,United States,11020,Ohio,690 Gloria,1957-02-04,1683
crmid:4475930220,claudius2061@yandex.com,Otto,Pratt,,291-164-6386,Lake in the Hills,United States,19415,Wisconsin,326 Larch,1980-03-17,1221
crmid:9434792414,rat1906@outlook.com,Etha,Henson,female,747-833-7602,Patterson,United States,14387,Montana,562 Belles,1953-03-13,668
crmid:7150146118,christel1859@live.com,Deon,Shields,,685-500-5923,Novato,United States,34867,Nevada,1195 Paris,1969-08-15,1332
crmid:4319241679,macroprism2039@yandex.com,Daron,Cox,male,551-544-8273,Arcadia,United States,62845,Pennsylvania,1150 Del Vale,1933-11-05,2560
crmid:6143313381,unconical1963@live.com,Norman,Hardin,,420-830-4974,Madisonville,United States,97993,Iowa,655 Zanowitz,1985-07-25,2289
crmid:6005291583,anchors1923@yahoo.com,Raymond,Conrad,male,646-884-5281,Adrian,United States,47244,Vermont,1005 Wallace,1930-08-07,741
crmid:9872762163,bikini1828@live.com,Bruno,Carrillo,male,328-813-0381,Rancho Santa Margarita,United States,87081,Mississippi,227 Mangels,1944-02-05,2716
crmid:2199939240,succoring1986@gmail.com,Whitney,Morris,male,506-404-3590,Cary,United States,66163,Colorado,1205 Tulane,1945-11-19,2687
crmid:4008852015,electrotechnics1893@yahoo.com,Edmond,Bird,,603-569-2803,Moorhead,United States,25606,Tennessee,1235 Farragut,1993-04-02,1329
crmid:7228594415,grunting1827@live.com,Moshe,England,male,614-951-9859,Barnstable Town,United States,64620,Vermont,258 Otis,1936-12-31,1935
crmid:1910263381,unsobering1861@live.com,Timmy,Shaffer,,750-995-0032,Wylie,United States,35554,Delaware,183 Mcallister,1968-10-20,2790
crmid:8290912467,chital1923@yandex.com,Rocky,Huffman,male,647-706-3473,Bayonne,United States,48615,Virginia,1296 Byron,1936-08-15,1413
crmid:2338996190,goalposts1835@yandex.com,Weston,Pennington,male,112-886-3423,Beavercreek,United States,51091,Georgia,681 Innes,1937-10-23,1386
crmid:9532393008,stad2064@gmail.com,Emory,Barr,male,981-093-1723,Brownsburg,United States,11666,Colorado,194 Dewey,1942-04-02,2103
crmid:5993660925,allegiances1938@yahoo.com,Marcel,Kinney,,678-822-3969,Perrysburg,United States,36607,Washington,1003 Oakwood,1979-04-22,874
crmid:6027941178,curcuma1831@live.com,Wai,Ryan,female,866-969-1889,Savannah,United States,88736,Utah,1305 Marston,1961-09-26,1306
crmid:9290061476,benzoglycolic1923@gmail.com,Agnus,Harrington,female,065-692-4368,Commerce City,United States,00206,North Dakota,1278 Dewitt,1949-01-13,2561
crmid:8783127805,cavalero1858@live.com,Garry,Peters,male,692-795-2951,Murrysville,United States,87679,Arizona,613 Concourse,1994-09-25,1285
crmid:9940845299,alanson1953@yahoo.com,Seth,Nicholson,male,467-195-1675,Boynton Beach,United States,86224,Utah,348 Fargo,1940-09-21,2704
crmid:4422403848,cinque1815@gmail.com,Bryan,Chase,male,219-940-5066,Ballwin,United States,61446,Ohio,993 Fella,1935-11-03,688
crmid:8575934569,eladio1827@gmail.com,Jarvis,Phillips,male,498-062-6593,North Miami Beach,United States,97770,New York,164 Spooner,1998-01-24,2794
crmid:8052013992,subgalea1919@gmail.com,Fritz,Mack,,538-087-5006,Monterey,United States,70120,Iowa,1121 Daggett,1992-12-25,2772
crmid:1323541727,featherfew1843@yandex.com,Larita,Merritt,female,370-201-1360,Peekskill,United States,82987,California,668 Page,1960-05-20,2578
crmid:4192507876,starvation2025@outlook.com,Carmen,Navarro,,668-150-1609,Glendale Heights,United States,24097,West Virginia,738 Flint,1966-05-16,1033
crmid:1319817543,unjewelled1999@gmail.com,Tyron,Todd,,315-338-5622,Harlingen,United States,94885,Arkansas,599 Oreilly,1969-12-15,939
crmid:3758255701,internship1830@outlook.com,Chang,Rodriguez,,751-407-7364,Tustin,United States,41787,North Dakota,1277 Falmouth,1981-06-06,2047
crmid:9897626878,lacrosse2007@yahoo.com,Elwanda,Baker,female,467-960-9549,Overland Park,United States,81124,Nebraska,791 Ford,1947-10-05,820
crmid:3229798859,intercom2043@yandex.com,Buena,Glenn,female,782-469-2496,Reynoldsburg,United States,50147,North Carolina,375 Howard,1956-01-11,2326
crmid:2596087561,baldric1898@yahoo.com,Darrick,Davidson,,369-503-5810,Hays,United States,84313,Illinois,659 Waithman,1970-08-25,472
crmid:9348915560,corie1876@yandex.com,Neda,Greer,female,226-289-6432,Saratoga Springs,United States,23981,Indiana,593 Garden,1960-07-12,918
crmid:7042695173,distances1969@outlook.com,Mauro,Webb,,352-937-5553,Washington,United States,24498,Ohio,1158 Portola,1966-07-04,2844
crmid:4198428031,chump1896@live.com,Rory,Roberson,,010-133-8696,Jupiter,United States,91647,South Carolina,28 Finley,1976-02-18,2771
crmid:2641461034,cynicalness1950@yahoo.com,Jadwiga,Glenn,female,222-318-5210,Danbury,United States,72875,Wisconsin,1236 Hillside,1952-12-30,2798
crmid:8306232637,funambulatory2012@yandex.com,Carson,Guthrie,,804-821-9979,South Milwaukee,United States,92928,Colorado,412 Mountain Spring,1970-05-25,2369
crmid:1223140084,drumlin1910@gmail.com,Mallie,George,female,216-240-4223,Champlin,United States,31950,Hawaii,537 Schofield,1946-06-11,1729
crmid:5591561404,cobwebs1896@live.com,Allena,Barrett,female,325-662-4632,Euless,United States,04132,Rhode Island,1396 Legion Of Honor,1960-01-02,616
crmid:4720889938,coerced1899@yahoo.com,Ashley,Burks,male,812-207-8142,Brentwood,United States,70999,Maine,398 Van Ness,1941-12-26,664
crmid:7070274167,moguls2069@yandex.com,Gustavo,Flores,,743-295-3506,Munster,United States,42629,Georgia,1078 Leidesdorff,1994-08-03,2588
crmid:5040374290,underorseman1856@gmail.com,Cary,Kent,,608-811-9952,Gretna,United States,49086,Delaware,1393 Alhambra,1968-08-14,925
crmid:6187457416,vino2036@yahoo.com,Daniele,Delacruz,female,440-148-1216,Colonial Heights,United States,92294,Illinois,854 Rickard,1949-02-08,2024
crmid:7659226737,bellboy1871@gmail.com,Gene,Potts,,270-138-7173,Ormond Beach,United States,72897,Kansas,55 Haight,1963-02-22,1135
crmid:4355180474,acidic2048@live.com,Jeremiah,Holland,,914-825-4082,Muncie,United States,38364,Connecticut,611 Skyview,1994-06-02,2387
crmid:9751850245,facecloth1884@yandex.com,Pedro,Washington,male,156-738-7436,Wylie,United States,14161,New Jersey,509 Clement,1944-08-30,734
crmid:9890874937,births1965@yahoo.com,Irvin,Bishop,male,188-270-1284,Alexandria,United States,23273,Connecticut,637 Cesar Chavez On,1931-05-03,316
crmid:3851312762,decalage1890@yahoo.com,Dylan,Marks,,939-220-2084,Kenosha,United States,09595,Idaho,655 Battery Blaney,1977-02-04,2899
crmid:9657465079,internetwork1991@yahoo.com,Erwin,Hammond,,319-440-0052,Miami,United States,68560,Mississippi,874 Junior,1990-11-26,1621
crmid:7592232161,idylls1985@yahoo.com,Johnathon,Garza,,267-282-8545,Port Arthur,United States,33232,Mississippi,172 Leidesdorff,1971-06-09,2412
crmid:2576244487,oxysalts1885@gmail.com,Rolf,Mccall,,987-652-6550,Menomonee Falls,United States,35401,New York,1255 Heritage,1989-07-23,1174
crmid:4656257654,chaperno1995@outlook.com,Son,Stewart,male,904-989-7615,Ashwaubenon,United States,55789,Alabama,850 Vidal,1934-09-28,1978
crmid:6219276260,embryony2061@yahoo.com,Shaun,Pratt,female,791-623-4290,New Brunswick,United States,24695,North Carolina,248 Rosenkranz,1996-04-20,2291
crmid:6454583133,scourer1820@live.com,Alberto,Gordon,male,901-968-3326,Brigham City,United States,08372,Minnesota,67 Fairmount,1941-01-12,2849
crmid:7562814560,nonsubject1857@yandex.com,Donetta,Santos,female,049-892-2463,Orinda,United States,17618,Virginia,916 Bay,1953-03-26,1041
