crmid,email,first_name,last_name,gender,mobile_telephone,city,country,zip,state,street_address,birthday,genre
crmid:4054587579,porkpie1878@live.aephandson.com,Arron,Madden,,994-566-2346,Kenmore,United States,57762,Arizona,799 Wabash,1977-10-20,Westerns
crmid:9177961268,meanwhile1930@yahoo.aephandson.com,Oneida,Rice,female,397-849-8991,Noblesville,United States,51323,Pennsylvania,1381 Hussey,1997-10-25,Action
crmid:7567572063,belion1985@gmail.aephandson.com,Monty,Dickson,male,367-640-1948,Oakland Park,United States,56640,Mississippi,665 Hoffman,1945-11-21,Action
crmid:5735483111,dangersome1937@outlook.aephandson.com,Numbers,Lane,male,020-077-3330,Carteret,United States,85320,Louisiana,1149 Beverly,1944-07-17,Reality-TV
crmid:9593478919,chroococcaceous2040@gmail.aephandson.com,Kurtis,Foreman,,682-706-8546,Livermore,United States,26206,New Mexico,1270 Edgehill,1983-04-01,Action
crmid:3471156285,agnail1901@gmail.aephandson.com,Irving,Espinoza,male,348-213-4307,Oak Ridge,United States,60628,California,407 Adam,1994-01-29,Family
crmid:5417247144,bicamerist1822@yahoo.aephandson.com,Seth,Villarreal,,637-920-0856,Torrington,United States,88052,Arizona,1399 Child,1988-01-01,Reality-TV
crmid:4057841856,wonders1918@yahoo.aephandson.com,Ema,Chan,female,829-321-7013,Fargo,United States,12282,New York,879 Mcallister,1961-03-06,Action
crmid:2356097334,chelidonic2010@yandex.aephandson.com,Zachary,Hendrix,,321-786-3245,West Covina,United States,66857,Utah,1208 Napier,1967-11-30,History
crmid:3402992259,comfit1984@gmail.aephandson.com,Cristobal,Curtis,male,502-327-7100,Arcata,United States,10350,Maryland,537 Mirabel,1933-02-07,Sport
crmid:2734203356,eidetic1845@gmail.aephandson.com,Dick,Hicks,,725-243-8221,Skokie,United States,83081,Colorado,597 Castenada,1977-06-27,Family
crmid:3877142342,chimbley2028@outlook.aephandson.com,Jacquie,Rogers,female,974-910-1926,De Land,United States,25497,New Jersey,256 Incinerator,1953-04-25,Comedy
crmid:9081546164,supercommendation2015@yandex.aephandson.com,Chung,Mccarthy,,638-622-7558,Fort Lauderdale,United States,02014,Louisiana,1347 Lone Mountain,1963-01-30,Animation
crmid:1504070648,annale1925@yahoo.aephandson.com,Amos,Burks,,619-960-2187,Lockport,United States,85032,South Carolina,334 Brompton,1983-08-18,Drama
crmid:7436790787,pintada1993@yahoo.aephandson.com,Miquel,Jarvis,male,565-555-2213,Anchorage,United States,43356,Oregon,1132 Robert Kirk,1932-07-15,Account Cancelation
crmid:1593400274,physiognomist1928@outlook.aephandson.com,Kristofer,Fisher,,582-823-1721,Huntington Park,United States,54325,Kentucky,1046 Montezuma,1974-09-29,Horror
crmid:5850886632,noncompetitively1885@live.aephandson.com,Emmaline,Little,female,573-457-6496,El Reno,United States,16866,Georgia,606 Oak Hills,1958-03-17,Account Cancelation
crmid:5537592827,chaute1983@live.aephandson.com,Edmond,Roth,,280-330-8707,Tooele,United States,36474,Connecticut,844 Gough,1970-02-21,Mystery
crmid:2334125067,echard1920@outlook.aephandson.com,Valentin,Bender,,058-704-5496,Mason,United States,68003,Kansas,132 Southern Heights,1987-10-03,Comedy
crmid:7093790982,hadron1925@yahoo.aephandson.com,Elijah,Griffin,,065-749-3875,Payson,United States,86328,Texas,729 Everson,1972-11-29,Thriller
crmid:5795483913,prefavorably2033@yahoo.aephandson.com,Troy,Craft,female,178-180-2866,Redmond,United States,25324,Connecticut,442 Alton,1959-12-17,Biography
crmid:2001996431,rhamnohexite1877@live.aephandson.com,Bob,Peck,male,048-919-8449,Petersburg,United States,80847,West Virginia,836 Ruth,1940-01-23,History
crmid:8751572515,tabid2000@yandex.aephandson.com,Ned,Lawson,,264-698-1425,Oak Park,United States,74838,Nebraska,383 Texas,1991-11-28,Reality-TV
crmid:5008034393,labiduridae1930@live.aephandson.com,Florentino,Lowery,,802-843-9565,Livonia,United States,51684,Utah,1093 Gennessee,1983-09-18,Action
crmid:9651036200,chaja2042@yandex.aephandson.com,Sacha,Montoya,female,365-059-9793,Paris,United States,19695,New Mexico,241 Mendosa,1954-08-20,Sport
crmid:9911673780,subrector1892@live.aephandson.com,Regan,Warner,female,258-511-1561,East Palo Alto,United States,99711,Kansas,196 Mariposa,1957-07-30,Fantasy
crmid:4453849199,nontechnically1850@yandex.aephandson.com,Bo,Snider,,292-702-9897,Kankakee,United States,38688,Connecticut,977 Kennedy,1976-07-25,Thriller
crmid:1742797528,racker2015@live.aephandson.com,Charlie,Goff,,703-427-0993,Mason City,United States,90833,Minnesota,318 Priest,1987-11-03,Comedy
crmid:8824627592,ditch1906@yahoo.aephandson.com,Shaunda,James,female,087-454-0452,Faribault,United States,42526,Nevada,1174 Rudden,1961-08-15,Drama
crmid:9147585621,mesosphere1808@gmail.aephandson.com,Mauricio,Guzman,,513-325-3454,Jacksonville,United States,77943,Arizona,35 Saint Germain,1975-02-25,Westerns
crmid:6350722851,salmon1848@gmail.aephandson.com,Irwin,Weeks,,567-133-0879,Raymore,United States,31220,Connecticut,1076 Barneveld,1980-11-07,Action
crmid:5106594399,definitized1804@live.aephandson.com,Millard,Mcclain,,634-204-7721,Jacksonville,United States,60445,Alabama,1390 Colusa,1975-10-09,Animation
crmid:3099632432,burdensomely1957@live.aephandson.com,Mark,Campbell,male,434-389-0508,Bellevue,United States,33343,Nebraska,61 Nibbi,1937-07-05,News
crmid:3810125075,auberge2035@yandex.aephandson.com,Kary,Moody,female,215-832-4489,Elk River,United States,27142,Delaware,690 Lupine,1959-05-20,History
crmid:1674919808,protologist2033@live.aephandson.com,Timothy,Mccoy,,633-297-1780,Goshen,United States,57918,Ohio,1293 Somerset,1967-09-22,Mystery
crmid:5200319985,heathrman2060@outlook.aephandson.com,Cristen,Mathis,female,153-526-6015,Sylvania,United States,85959,Oklahoma,1195 Miraloma,1951-10-31,History
crmid:3248819948,unattractive1844@yandex.aephandson.com,Olin,Ellison,,806-092-8247,La Mirada,United States,93122,Colorado,1047 Austin,1978-06-03,Animation
crmid:8170984101,ambition1877@live.aephandson.com,Fred,Beasley,male,970-649-9637,Brawley,United States,26319,New Hampshire,1251 Apollo,1941-04-02,Reality-TV
crmid:7547076698,imbonity1893@yahoo.aephandson.com,Julian,Benson,,738-561-8151,Gretna,United States,96303,Massachusetts,922 Farallones,1968-10-22,Animation
crmid:8208137132,bedtime2021@yahoo.aephandson.com,Cory,Gamble,male,428-558-6910,Plymouth,United States,61875,Illinois,32 Walker,1943-02-11,News
crmid:3126299367,appetite1834@yahoo.aephandson.com,Ned,Acevedo,,947-387-0888,Watertown,United States,37346,Michigan,139 Silliman,1974-02-24,Biography
crmid:9980027563,electrocute1976@gmail.aephandson.com,Genaro,Greer,,126-801-7170,Jupiter,United States,44838,Minnesota,211 Rae,1976-08-29,Family
crmid:4940419695,lambs1808@yandex.aephandson.com,Shea,Gill,female,220-170-6788,Durango,United States,41602,Kentucky,41 Dorado,1956-08-11,Reality-TV
crmid:4217767141,interossei2033@yahoo.aephandson.com,Roy,Cardenas,female,595-366-7718,Pearland,United States,21774,Oregon,1374 Palace Of Fine Arts,1961-07-05,Fantasy
crmid:4785908440,welcome1810@yandex.aephandson.com,Neely,Bartlett,female,624-242-3902,Corpus Christi,United States,60356,New Jersey,483 Albatross,1951-11-13,Action
crmid:6493924901,amorphia2067@live.aephandson.com,Jude,Stanley,,888-363-7324,San Antonio,United States,67528,Missouri,585 Transbay Loop,1972-03-19,Sport
crmid:5248152868,turnsoles1868@outlook.aephandson.com,Antony,Owens,male,028-751-5921,Alexandria,United States,96580,Arkansas,1322 Funston,1931-01-22,History
crmid:7304989999,hydroponics1922@gmail.aephandson.com,Lon,Chang,,442-839-2656,Holyoke,United States,34188,West Virginia,9 Russia,1972-06-10,Action
crmid:2572437792,unrooted1898@gmail.aephandson.com,Gaston,Medina,male,040-736-1704,American Fork,United States,25610,New York,42 West View,1932-04-20,Family
crmid:5466165434,species2036@yandex.aephandson.com,Chris,Underwood,,717-757-3977,Nashua,United States,60782,Kentucky,521 Decatur,1995-11-09,News
crmid:7139885788,proveditor1921@yandex.aephandson.com,Glennie,Irwin,female,082-196-1986,Chula Vista,United States,18007,Texas,482 Iowa,1947-03-15,Thriller
crmid:4553262582,pika1855@outlook.aephandson.com,Wiley,Herring,male,597-272-8063,Carteret,United States,75515,Wisconsin,487 Masonic,1944-12-19,Action
crmid:1515745591,berlitz2019@outlook.aephandson.com,Dalton,Armstrong,,374-320-4483,Wyandotte,United States,92568,Alaska,406 Troy,1973-05-22,Family
crmid:2589836749,dauphine1908@live.aephandson.com,Chester,Wyatt,,260-032-2364,Marshalltown,United States,86210,Montana,434 Willard,1987-11-18,Action
crmid:1501822229,indetermined1857@live.aephandson.com,Erick,Alvarado,male,197-863-2359,Boise City,United States,50411,New York,1382 Cameo,1940-10-07,Reality-TV
crmid:6176407359,comfit1949@outlook.aephandson.com,Casey,Petersen,male,224-973-9853,Bakersfield,United States,06222,New York,726 Dutton,1935-02-23,Mystery
crmid:1460737456,strawsmall1966@yandex.aephandson.com,Stacy,Espinoza,male,320-029-7109,Paterson,United States,59021,Rhode Island,596 Mansell,1932-09-09,Fantasy
crmid:4753253658,increaseful1849@gmail.aephandson.com,Loree,Hutchinson,female,352-329-8774,Chino Hills,United States,38103,Oregon,757 Jamestown,1947-06-15,Action
crmid:8341573537,arles1978@gmail.aephandson.com,Emmy,Cannon,female,350-864-6653,Royal Oak,United States,21089,Colorado,303 Mcnair,1957-11-05,Fantasy
crmid:4045014864,saleps2060@gmail.aephandson.com,Gilma,Cardenas,female,780-783-1388,Rialto,United States,52185,North Carolina,1261 Fulton,1998-10-07,News
crmid:7030427196,seemly1929@outlook.aephandson.com,Alberto,Beach,,747-394-1974,Key West,United States,16052,West Virginia,981 Infantry,1977-04-05,Fantasy
crmid:7544347500,adventure1817@yandex.aephandson.com,Elmer,Daniel,,868-879-2592,Waxahachie,United States,91025,West Virginia,202 Aptos,1965-03-07,Animation
crmid:4077457255,diccon2031@live.aephandson.com,Renna,Mccoy,female,643-231-8190,East Ridge,United States,43546,New Hampshire,1019 Ocean,1957-07-19,Comedy
crmid:7205679472,tressed1802@outlook.aephandson.com,Dannie,Gomez,,686-464-4312,Hartford,United States,14358,Alabama,1066 South Park,1970-03-07,News
crmid:9651956660,analgesist1925@yandex.aephandson.com,Orval,Puckett,,607-967-4997,San Clemente,United States,63193,Nevada,1062 Havens,1972-03-30,News
crmid:2073739243,decries1860@yandex.aephandson.com,Dudley,Nieves,male,489-074-5284,Brookings,United States,11148,Arkansas,1097 Bepler,1942-03-21,Family
crmid:5583794901,anthonis1820@gmail.aephandson.com,Lamont,Randolph,,481-240-1704,Macon,United States,29830,Arizona,878 Bay Shore,1985-05-18,Thriller
crmid:1947657984,letdown2034@outlook.aephandson.com,Refugio,Conrad,,119-116-6402,Hercules,United States,92245,New Jersey,543 Dicha,1971-04-26,Thriller
crmid:9080668363,abucco1858@yandex.aephandson.com,Ollie,Newman,,748-522-6277,Mint Hill,United States,94897,Nevada,1152 Higuera,1991-10-14,Comedy
crmid:1552388668,heron1853@gmail.aephandson.com,Elvis,Farrell,,605-237-5003,Gladstone,United States,66515,Idaho,161 Josiah,1966-11-19,Family
crmid:1146599253,grunting1813@yahoo.aephandson.com,Allegra,Rosario,female,635-547-7669,Crest Hill,United States,60780,South Dakota,24 Ludlow,1951-10-28,Mystery
crmid:5473921337,amaryllis1806@gmail.aephandson.com,Roman,Newton,,163-817-8581,Yakima,United States,21160,Idaho,106 Fortuna,1964-04-07,Biography
crmid:1556193334,enregistering1962@yandex.aephandson.com,Adolfo,Harmon,,937-011-7609,West Springfield,United States,49740,Idaho,1152 Harris,1987-01-24,Horror
crmid:1128586298,bloodiest1961@live.aephandson.com,Abram,Larsen,male,835-501-2656,Staunton,United States,56033,Maine,1135 Olympia,1998-11-20,Animation
crmid:3911112824,soave1865@yandex.aephandson.com,Stanley,Kramer,,428-269-6288,Hilliard,United States,20521,New York,1139 Gardener,1972-05-22,Action
crmid:4934225921,sucks1883@yahoo.aephandson.com,Lakiesha,Hawkins,female,075-850-8784,Corcoran,United States,23107,Pennsylvania,422 Goettingen,1950-05-13,Fantasy
crmid:9596214375,throne2030@yahoo.aephandson.com,Grant,Velasquez,,555-845-0459,Snellville,United States,41689,Texas,586 Rossmoor,1993-10-05,Animation
crmid:5149085858,chimu1912@gmail.aephandson.com,Robby,Matthews,,404-948-2101,Orlando,United States,94205,Arizona,452 Elgin,1982-12-09,News
crmid:5288207966,baccalaureate2016@live.aephandson.com,Michale,Farrell,,399-458-6775,Glendora,United States,07200,Nebraska,504 Santa Fe,1966-01-07,Drama
crmid:4530642039,runaround1934@yandex.aephandson.com,Kimi,Eaton,female,532-928-7605,Southfield,United States,16216,Texas,244 Isis,1948-11-29,Animation
crmid:6686611714,scorner1804@gmail.aephandson.com,Rich,Stewart,,566-802-3670,Parkland,United States,40268,California,1104 Alta Mar,1981-11-03,Horror
crmid:1562725788,partridge1855@yahoo.aephandson.com,Randy,Carroll,,389-772-2255,Troy,United States,28010,Rhode Island,138 Ofarrell,1967-01-28,News
crmid:3082732945,clinic2025@outlook.aephandson.com,Virgilio,Berg,,891-753-8507,Logan,United States,38084,Arizona,291 Parnassus,1983-06-04,Action
crmid:4295615760,mediatorial1888@live.aephandson.com,Huey,Richards,male,447-056-8303,Azusa,United States,28445,Montana,1274 Silliman,1935-05-24,News
crmid:4690052041,hierogamy1965@live.aephandson.com,Patience,Dunn,female,600-641-2512,St. Cloud,United States,61233,Tennessee,133 Avoca,1949-07-09,Westerns
crmid:5328833183,bellmaker1941@yandex.aephandson.com,Lewis,Beasley,,451-418-6273,Victoria,United States,35802,Ohio,668 Justin,1977-06-17,Family
crmid:8524917793,arcane1981@yandex.aephandson.com,Mac,Herrera,,167-380-9794,Kinston,United States,39362,Utah,1294 Mojave,1978-06-18,Drama
crmid:7001227658,serglobulin1887@yahoo.aephandson.com,Spencer,Tillman,,439-953-1064,Salisbury,United States,43678,Indiana,356 Emma,1986-03-10,Animation
crmid:8738094787,astronautic1855@gmail.aephandson.com,Felix,Hendrix,,544-657-6592,Kaysville,United States,83120,Kentucky,1371 Codman,1976-09-12,Family
crmid:4756870929,illegible1936@gmail.aephandson.com,Spencer,Thornton,male,203-240-7097,Cape Girardeau,United States,98762,Iowa,726 Baker,1944-09-29,Action
crmid:3237466940,verbiages1955@gmail.aephandson.com,Bryce,Charles,,548-088-1254,Paramus,United States,65934,California,243 Edward,1979-11-13,Thriller
crmid:4062010052,malleating2044@outlook.aephandson.com,Rigoberto,Burke,,154-940-8171,Wilsonville,United States,26394,New Mexico,1394 Conkling,1963-11-25,Sport
crmid:4136803833,affluent1953@gmail.aephandson.com,Kent,Reeves,male,822-988-7216,Blaine,United States,77668,Washington,841 Kansas,1939-06-24,Action
crmid:6178407785,licencer1851@yahoo.aephandson.com,Lesia,Kinney,female,986-830-9779,Chico,United States,64167,Oklahoma,667 Rosa Parks,1947-11-10,News
crmid:1752498761,chorai1810@yahoo.aephandson.com,Denisha,Sosa,female,610-040-5553,Pompano Beach,United States,91206,Connecticut,31 Isis,1947-02-27,News
crmid:2295038493,athelia1805@gmail.aephandson.com,Casey,Kim,,803-903-5075,Fontana,United States,36647,Louisiana,158 Gerard,1962-06-21,Thriller
crmid:2347376003,spaller2065@live.aephandson.com,Dane,Best,,840-271-5890,Milpitas,United States,65314,Massachusetts,1058 Toll Plaza Tunnel,1991-11-28,Account Cancelation
crmid:3645671593,bongos1943@live.aephandson.com,Clyde,Rich,female,717-437-4880,Cornelius,United States,04271,West Virginia,861 Lendrum,1950-02-24,Family
crmid:4235998995,arney1915@live.aephandson.com,Kathline,Boyd,female,434-237-7476,Edinburg,United States,24472,Alabama,689 Soule,1958-05-03,Reality-TV
crmid:5970539380,dehydration2027@yandex.aephandson.com,Johana,Page,female,551-196-3362,Springdale,United States,19245,Oklahoma,377 Abbey,1949-04-22,Action
crmid:3169619377,betassel1927@yandex.aephandson.com,Kimiko,Fletcher,female,504-247-8315,Escondido,United States,27182,North Dakota,116 Kramer,1960-05-10,Animation
crmid:6504844364,seaward1919@gmail.aephandson.com,Wiley,Mendez,male,756-255-7494,Watauga,United States,57063,Iowa,1204 Hamilton,1998-11-25,News
crmid:9716008251,sheep1971@gmail.aephandson.com,Antonietta,Contreras,female,723-421-2267,Pearland,United States,10698,Wisconsin,685 West Portal,1954-10-01,News
crmid:8293268257,dartboard1822@yandex.aephandson.com,Cletus,Evans,,807-982-7352,Garfield Heights,United States,18276,South Dakota,80 Yukon,1965-03-05,Sport
crmid:3989400242,lithopone1954@yandex.aephandson.com,Julieann,Reid,female,088-056-6620,Villa Park,United States,27252,Utah,1055 Adam,1958-04-24,Action
crmid:1801715483,blamably1906@gmail.aephandson.com,Colby,Harper,,799-679-5148,Lathrop,United States,10837,Nebraska,297 Clementina,1981-02-22,News
crmid:9844926542,assistant2070@live.aephandson.com,Numbers,Espinoza,,962-414-8658,Waukesha,United States,84763,South Carolina,544 Redwood,1989-11-25,News
crmid:9447981357,bedlamps1843@live.aephandson.com,Jewell,Guerra,,198-853-3925,Monroe,United States,51836,Texas,905 Carmel,1992-10-23,Biography
crmid:9856750812,bahamian1880@gmail.aephandson.com,Ricardo,Phillips,male,190-100-7094,Adelanto,United States,41609,Nebraska,1398 Baden,1930-08-23,Action
crmid:6373628746,quassiin2052@live.aephandson.com,Roderick,Pena,,722-601-3037,Lemon Grove,United States,96306,South Carolina,120 St. Paul Street-Calvert,1982-11-19,Reality-TV
crmid:6750213170,runaround1934@yandex.aephandson.com,Pete,Green,,885-424-6242,Windsor,United States,33393,Nevada,1210 Ivy,1969-06-07,Biography
crmid:5217146667,sectored1990@gmail.aephandson.com,Ezequiel,Rogers,,564-410-4478,Munster,United States,33662,California,763 Perine,1994-06-01,Sport
crmid:6229540347,mole2026@yandex.aephandson.com,Kelley,Chase,male,398-089-9496,Boulder,United States,99619,New Hampshire,478 Oak Hills,1940-10-11,Mystery
crmid:1732013770,teemless2057@yahoo.aephandson.com,Arcelia,Stokes,female,718-194-3906,Eagle,United States,87035,Colorado,241 Clairview,1956-12-01,Mystery
crmid:7055249418,clairce1888@outlook.aephandson.com,Sanford,Adams,,781-851-0736,Maywood,United States,83655,Pennsylvania,353 Teddy,1988-05-24,Action
crmid:6003839108,assorted2013@live.aephandson.com,Peter,Mckee,,812-922-7544,Roseville,United States,59548,New Hampshire,415 Sandpiper Cove,1990-09-16,Fantasy
crmid:1866015509,dismember2020@yahoo.aephandson.com,Dong,Peters,,925-844-5443,Huntington Park,United States,28112,Nevada,532 Laura,1974-05-23,News
crmid:6698195502,undescendent1887@outlook.aephandson.com,Leonard,Patrick,male,021-841-4503,Simi Valley,United States,83596,Hawaii,158 Spring Valley,1933-06-23,News
crmid:5379647471,stylar1941@yahoo.aephandson.com,Pete,Avery,male,306-414-2056,New Philadelphia,United States,04397,California,1327 Sandpiper Cove,1996-02-15,Thriller
crmid:7270020331,calctufa2057@outlook.aephandson.com,Cherlyn,Perkins,female,907-118-5379,Covina,United States,09459,California,473 Kronquist,1951-02-23,Action
crmid:5426880191,deranger1874@yandex.aephandson.com,Rigoberto,Jacobs,,405-135-1145,Seymour,United States,83484,Kansas,1259 Dewitt,1975-02-14,Animation
crmid:6541862885,qibla1948@yandex.aephandson.com,Tommie,Pierce,,643-137-6150,Reynoldsburg,United States,74455,Wisconsin,129 Eureka,1986-08-26,Fantasy
crmid:6001936164,expressio1868@gmail.aephandson.com,Felton,Abbott,,182-831-0819,West Covina,United States,31808,Arizona,275 Hazelwood,1981-01-04,Mystery
crmid:3915050620,thousands1895@yahoo.aephandson.com,Sang,Wiggins,,146-055-6174,South Bend,United States,41798,Utah,382 Wisconsin,1992-12-04,Action
crmid:9318970717,unpurchasable1810@yandex.aephandson.com,Alvin,Burch,,597-182-6070,Middletown,United States,97381,Alaska,448 Commer,1990-12-17,Sport
crmid:6045765831,unicotyledonous1971@yandex.aephandson.com,Lauren,Pope,,166-454-1442,Highland,United States,92976,Wisconsin,788 Mayflower,1971-08-09,Action
crmid:6528707680,untangling1811@live.aephandson.com,Blair,Leblanc,,923-839-1932,Kennewick,United States,43040,Ohio,706 Kohler,1977-08-22,Thriller
crmid:2952708665,amstutz1815@yandex.aephandson.com,Lurlene,Flynn,female,811-775-9835,Cottage Grove,United States,62759,Delaware,1060 Cordelia,1951-11-11,Sport
crmid:6128063246,reddeer1858@gmail.aephandson.com,Garfield,Knowles,,179-133-3812,Valley Stream,United States,35688,Wyoming,1020 Granville,1969-05-19,Drama
crmid:2067191285,blockader1877@yahoo.aephandson.com,Winford,Mcconnell,male,015-844-9438,Amarillo,United States,78582,Georgia,357 Acevedo,1932-10-19,Sport
crmid:9508061476,ceratins2069@gmail.aephandson.com,Jacques,Bender,,980-835-7451,Wilkes-Barre,United States,66822,Louisiana,146 Bliss,1981-05-25,Action
crmid:8564898759,recurrent1895@gmail.aephandson.com,Wilford,Montoya,,060-543-1916,Lebanon,United States,54260,New Hampshire,1392 Adele,1981-09-29,Reality-TV
crmid:2580614461,unindicatively1956@outlook.aephandson.com,Jame,Pacheco,,405-146-4280,Strongsville,United States,72266,Maryland,1008 Milton I Ross,1970-05-05,Sport
crmid:2031944261,alcalde1864@gmail.aephandson.com,Harry,Dean,,560-868-7397,Fountain Hills,United States,35279,Wyoming,659 Craut,1963-06-08,Biography
crmid:4395897195,shadowgraphy1904@yahoo.aephandson.com,Alec,Daniels,,869-301-3888,Portsmouth,United States,30630,Virginia,420 Meade,1978-09-03,Family
crmid:4743595230,couturier1843@yahoo.aephandson.com,Ernie,Johns,male,887-208-2044,Apex,United States,13409,Virginia,327 Jamestown,1933-04-15,Reality-TV
crmid:7455576522,ludlovian2048@live.aephandson.com,Vance,Heath,male,290-347-8278,Sherman,United States,13442,Indiana,736 Bonview,1943-09-13,Reality-TV
crmid:9442663899,rivals1900@gmail.aephandson.com,Kris,Sherman,,739-536-5722,Neenah,United States,59933,Arkansas,402 Radio,1995-09-15,Thriller
crmid:6608609996,nyctophobia1985@live.aephandson.com,Hoyt,Blanchard,,865-272-2978,Greenfield,United States,17462,Missouri,1293 Nordhoff,1968-02-20,Sport
crmid:4657917406,bombsight1851@yahoo.aephandson.com,Lannie,Burnett,female,862-985-9612,Crest Hill,United States,23186,Kentucky,1041 Cecilia,1951-05-04,Fantasy
crmid:6656569711,embryony1864@outlook.aephandson.com,Gail,Mccoy,,689-269-0772,Post Falls,United States,49192,Pennsylvania,259 Woodhaven,1984-02-07,Mystery
crmid:1844497658,burgesses1920@live.aephandson.com,Adan,Morgan,,660-683-0018,McDonough,United States,12063,Kansas,1357 Antonio,1988-04-16,Animation
crmid:8986890048,aucan1996@yandex.aephandson.com,German,Hensley,male,081-520-1491,Sheridan,United States,50419,Missouri,180 Cuba,1936-04-13,Biography
crmid:4211901202,caddle1818@gmail.aephandson.com,Werner,Kidd,male,106-642-1235,Philadelphia,United States,04554,South Dakota,1317 Chenery,1930-10-16,Fantasy
crmid:5447897703,unpostulated1840@live.aephandson.com,Frank,Higgins,,987-014-4019,Irvine,United States,54248,Ohio,1266 California,1975-09-24,Horror
crmid:8099800765,xylon1956@outlook.aephandson.com,Vella,Horton,female,209-545-0113,Palo Alto,United States,27433,California,665 Ashburton,1960-11-24,Biography
crmid:7884997926,naviform2054@yahoo.aephandson.com,Ronny,Fitzgerald,,437-880-3752,Tooele,United States,45980,Vermont,292 Kern,1987-10-22,Comedy
crmid:1726924300,havens1839@yandex.aephandson.com,Frankie,Guy,,417-318-3727,Utica,United States,42634,California,912 Bright,1990-12-10,Reality-TV
crmid:1684470322,prussic1963@gmail.aephandson.com,Les,Manning,,493-321-2162,Lynn,United States,33652,Colorado,152 Shotwell,1985-06-24,Thriller
crmid:9107468929,chavender1962@live.aephandson.com,Floria,Gilliam,female,213-911-0563,Elmira,United States,14726,Iowa,1131 Montana,1959-03-11,Westerns
crmid:2884591776,kittenship1811@yahoo.aephandson.com,Emmett,Montoya,male,546-850-1633,Avon Lake,United States,13867,West Virginia,1222 Sears,1935-04-20,Action
crmid:3017150477,extremal2055@gmail.aephandson.com,Freddie,Fox,male,412-324-6210,Bellevue,United States,29940,Pennsylvania,453 Evergreen,1937-04-10,Action
crmid:6813330594,dejan1936@yahoo.aephandson.com,Nicolas,Ortega,,644-715-4082,Maricopa,United States,20432,South Carolina,900 Westbrook,1987-04-25,Horror
crmid:3915735435,saltworker1917@gmail.aephandson.com,Chase,Roman,male,257-607-9869,San Bernardino,United States,60012,Maryland,837 Valmar,1934-02-25,News
crmid:3324753463,fortes1904@outlook.aephandson.com,Sung,Curtis,male,012-732-7243,Woburn,United States,95620,Georgia,782 Kimball,1930-09-07,Action
crmid:8390470034,cantaloupes2040@yahoo.aephandson.com,Bryant,Wooten,male,391-233-0901,Rancho Santa Margarita,United States,50889,California,941 Lyell,1939-02-11,History
crmid:6994761026,tribromophenol1969@yandex.aephandson.com,Billy,Nixon,male,204-193-9162,Broadview Heights,United States,01567,Georgia,299 Roscoe,1941-01-21,Horror
crmid:2552496672,sirvent1836@gmail.aephandson.com,Wesley,Nieves,,760-790-8676,Hollywood,United States,41688,Mississippi,1200 Carl,1972-08-04,Family
crmid:3814874032,beaulieu1916@yahoo.aephandson.com,Haywood,Stanley,,770-608-6847,Perrysburg,United States,42986,Florida,167 Rudden,1985-08-09,Thriller
crmid:3898736939,corker2069@gmail.aephandson.com,Curt,Robles,,326-469-2708,Fremont,United States,61410,North Dakota,743 Nadell,1964-10-17,Thriller
crmid:3889591120,consolute1802@live.aephandson.com,Cary,Vaughan,male,891-545-5536,Brookings,United States,09098,West Virginia,239 Vega,1942-02-14,Horror
crmid:7200666277,unconical1826@yandex.aephandson.com,Johnson,Moran,,527-908-7036,Madera,United States,26382,Arkansas,1225 Piedmont,1985-05-15,Horror
crmid:6350394158,elizabethan1828@yandex.aephandson.com,Fletcher,Leon,male,469-566-1303,Big Spring,United States,65966,Arkansas,973 Mississippi,1939-10-07,Family
crmid:6534660582,boneless2002@live.aephandson.com,Daron,Calderon,,523-305-9057,Gilbert,United States,26145,Oregon,781 Waverly,1966-04-08,Sport
crmid:7499326829,uniaxally1879@gmail.aephandson.com,Bernard,Thompson,male,931-923-6311,Yakima,United States,08419,Michigan,235 West Halleck,1935-01-29,Action
crmid:6634352407,buggyman2001@outlook.aephandson.com,Marth,Carter,female,483-266-0818,Dublin,United States,83164,Montana,323 Randall,1956-11-12,News
crmid:7706640335,caboodle1909@gmail.aephandson.com,Myrle,Gomez,female,330-174-7990,Dallas,United States,36123,Minnesota,571 Canyon,1952-07-11,Action
crmid:6670811735,zippier1974@yahoo.aephandson.com,Troy,Rice,,689-594-5508,Owensboro,United States,30252,Michigan,749 Onondaga,1980-01-28,Family
crmid:7429732098,arbel2058@outlook.aephandson.com,Marquis,Simon,,204-845-3967,Indio,United States,90468,Missouri,1334 Sutro Heights,1974-01-24,Thriller
crmid:6700599361,alger2070@yandex.aephandson.com,Jani,Wade,female,802-778-3320,Owasso,United States,61527,Indiana,1082 Birmingham,1946-10-26,History
crmid:3190915164,drunks1917@gmail.aephandson.com,Jordan,Salazar,male,335-232-5547,Staunton,United States,58302,Mississippi,1122 Navajo,1938-06-26,Action
crmid:7075684328,overjoyed1871@yahoo.aephandson.com,Sonny,Mclaughlin,,495-635-7134,Saco,United States,22581,Arkansas,959 Raccoon,1967-01-08,Action
crmid:5128028233,widegap2017@yahoo.aephandson.com,Sandy,Best,,806-408-4787,Lexington,United States,91809,Nevada,137 Elm,1982-07-05,News
crmid:5790522303,tracking1847@gmail.aephandson.com,Napoleon,Nelson,male,810-152-8924,Worcester,United States,06263,Connecticut,15 Lake Merced,1933-07-21,News
crmid:6429473414,prissy2062@yandex.aephandson.com,Waylon,Mejia,,209-867-4315,Frankfort,United States,88685,New Mexico,93 The Embarcadero,1963-06-21,Family
crmid:3468914828,yealing1821@yahoo.aephandson.com,Forrest,Ryan,,895-558-6228,Forest Park,United States,61577,Michigan,88 King,1962-11-21,Comedy
crmid:1496469263,chipmunk1844@gmail.aephandson.com,Hobert,Rich,male,821-183-9400,Ardmore,United States,21082,Idaho,333 Derby,1933-05-24,Family
crmid:1473164543,pediatric1835@yahoo.aephandson.com,Cornelius,Blackburn,male,381-902-7238,West St. Paul,United States,71920,Arkansas,643 Leo,1942-02-03,Reality-TV
crmid:1702622425,decadactylous2009@live.aephandson.com,Orval,Merrill,,292-220-1325,Kent,United States,94764,Maryland,534 Hyde,1977-05-14,News
crmid:5306555112,astrolabe1944@yahoo.aephandson.com,Federico,Patton,,005-003-9972,Malden,United States,93997,Tennessee,413 Newton,1985-03-13,Family
crmid:1924525061,glycerol1812@yandex.aephandson.com,Libbie,Huffman,female,546-427-6143,Palm Springs,United States,83640,Rhode Island,1244 South Park,1956-05-15,News
crmid:7132346910,apostrophe1806@live.aephandson.com,Berry,Woods,male,440-944-3104,Weslaco,United States,65042,Alabama,895 Guerrero,1994-10-03,Family
crmid:5881690360,azoic2046@yandex.aephandson.com,Craig,Underwood,,563-061-9043,Moscow,United States,84781,New Mexico,1389 Third,1993-11-16,News
crmid:2179654518,chemotherapeutics2059@outlook.aephandson.com,Dwight,Hall,,619-655-7184,Myrtle Beach,United States,48316,Minnesota,225 Tamalpais,1995-08-28,Reality-TV
crmid:7915924079,entad1980@yahoo.aephandson.com,Carson,Zamora,,267-588-2062,Moscow,United States,79739,New Mexico,1334 Mirando,1993-07-30,History
crmid:5289739767,goalkeeping2051@live.aephandson.com,Luci,Roach,female,276-735-7536,Waxahachie,United States,17464,Colorado,1124 Goettingen,1947-06-25,Action
crmid:9091524735,couchy2043@outlook.aephandson.com,Steve,Hodges,,006-355-1897,Layton,United States,89357,Utah,1297 Verna,1981-01-31,Westerns
crmid:5248949592,closterium2005@outlook.aephandson.com,William,Hernandez,,503-960-2971,Lisle,United States,53684,Pennsylvania,823 Chain Of Lakes,1983-09-14,Fantasy
crmid:8421504941,bantay1959@yahoo.aephandson.com,Brunilda,Wilkinson,female,760-937-3621,Edwardsville,United States,03631,Montana,150 Dawnview,1958-01-31,Horror
crmid:8197061064,canthuthi2001@yandex.aephandson.com,Shayne,Madden,male,399-725-2394,Rockwall,United States,85813,Utah,467 Lessing,1933-09-18,Animation
crmid:7947707631,contributiveness2026@gmail.aephandson.com,Sherman,Lynn,,738-915-4647,Sarasota,United States,35573,New Hampshire,1282 Glenhaven,1973-03-17,News
crmid:5196554047,rhiptoglossa2024@yahoo.aephandson.com,Lory,Hughes,female,299-173-8777,Watauga,United States,65494,New Hampshire,9 Indiana,1952-10-11,Action
crmid:7752173709,chadars2009@yandex.aephandson.com,Federico,Adams,,763-123-1553,LaGrange,United States,11017,Idaho,804 Saint Charles,1979-03-07,History
crmid:8778209631,chunkier1980@live.aephandson.com,Nathaniel,Diaz,,151-118-4119,Rockledge,United States,74584,Nevada,574 Mistral,1971-08-28,Sport
crmid:5602056784,heathrman2063@live.aephandson.com,Coleman,Stevens,male,823-370-7652,Arroyo Grande,United States,98937,Colorado,679 Hugo,1934-02-28,News
crmid:6931463853,credendum1998@live.aephandson.com,Anthony,Gill,,676-532-4858,Gaithersburg,United States,13083,Washington,74 Orben,1964-03-11,Family
crmid:9993745179,centrarchidae1900@yandex.aephandson.com,Maryln,Hahn,female,132-398-4063,Orland Park,United States,73110,Maryland,1264 Heather,1948-06-12,Thriller
crmid:2552301778,strolling2010@yandex.aephandson.com,Noel,O'neal,male,960-885-3320,Broomfield,United States,41798,South Carolina,118 Euclid,1942-07-22,News
crmid:3462137909,cedric1992@live.aephandson.com,Ike,Booth,,378-387-9415,Laurel,United States,03702,Iowa,579 Page,1981-02-12,Sport
crmid:5386490464,boosters1994@live.aephandson.com,Lloyd,Holland,,153-593-6805,Santa Cruz,United States,93344,Virginia,1077 Cosgrove,1969-06-06,Biography
