id,crmid,propensity_premium,propensity_high_speed
72093d86-83cb-11ea-ac5a-b88a60e194fb,crmid:4054587579,7,6
720b1238-83cb-11ea-8f96-b88a60e194fb,crmid:9177961268,9,4
720ce700-83cb-11ea-9439-b88a60e194fb,crmid:7567572063,5,8
720ee2d0-83cb-11ea-bbf7-b88a60e194fb,crmid:5735483111,7,5
7210907a-83cb-11ea-aef2-b88a60e194fb,crmid:9593478919,3,8
72123e2c-83cb-11ea-acea-b88a60e194fb,crmid:3471156285,3,8
721412f8-83cb-11ea-b667-b88a60e194fb,crmid:5417247144,5,9
7215c0c6-83cb-11ea-8f90-b88a60e194fb,crmid:4057841856,3,7
7217bc5a-83cb-11ea-93b9-b88a60e194fb,crmid:2356097334,10,4
7219df68-83cb-11ea-847c-b88a60e194fb,crmid:3402992259,9,3
721c29ca-83cb-11ea-be7a-b88a60e194fb,crmid:2734203356,9,5
721dafcc-83cb-11ea-8cbc-b88a60e194fb,crmid:3877142342,4,9
721f366e-83cb-11ea-b03e-b88a60e194fb,crmid:9081546164,7,3
72206ee2-83cb-11ea-a7e0-b88a60e194fb,crmid:1504070648,7,3
7221a76c-83cb-11ea-ac8b-b88a60e194fb,crmid:7436790787,9,3
72232e0a-83cb-11ea-a97b-b88a60e194fb,crmid:1593400274,9,4
72246686-83cb-11ea-803b-b88a60e194fb,crmid:5850886632,7,3
722577f6-83cb-11ea-8e53-b88a60e194fb,crmid:5537592827,5,7
7226d782-83cb-11ea-aa5f-b88a60e194fb,crmid:2334125067,4,8
7227e8f4-83cb-11ea-92c0-b88a60e194fb,crmid:7093790982,4,7
7229981c-83cb-11ea-9d99-b88a60e194fb,crmid:5795483913,4,8
722ad08c-83cb-11ea-aa2f-b88a60e194fb,crmid:2001996431,4,7
722c090a-83cb-11ea-93b5-b88a60e194fb,crmid:8751572515,6,3
722d8e64-83cb-11ea-ac6c-b88a60e194fb,crmid:5008034393,8,6
722eeee2-83cb-11ea-bc39-b88a60e194fb,crmid:9651036200,8,4
72304eca-83cb-11ea-9faf-b88a60e194fb,crmid:9911673780,9,5
7231ae58-83cb-11ea-9e80-b88a60e194fb,crmid:4453849199,4,8
72330de4-83cb-11ea-ad25-b88a60e194fb,crmid:1742797528,5,8
7234461e-83cb-11ea-8196-b88a60e194fb,crmid:8824627592,9,5
72357e8c-83cb-11ea-bea6-b88a60e194fb,crmid:9147585621,4,7
7236de66-83cb-11ea-9dca-b88a60e194fb,crmid:6350722851,5,7
7238b336-83cb-11ea-9480-b88a60e194fb,crmid:5106594399,6,2
723a38a6-83cb-11ea-85c8-b88a60e194fb,crmid:3099632432,5,8
723b9818-83cb-11ea-9519-b88a60e194fb,crmid:3810125075,4,8
723d45a2-83cb-11ea-bdfd-b88a60e194fb,crmid:1674919808,10,5
723ea5b8-83cb-11ea-a095-b88a60e194fb,crmid:5200319985,9,5
724005d2-83cb-11ea-9b92-b88a60e194fb,crmid:3248819948,7,3
72418c5e-83cb-11ea-ac87-b88a60e194fb,crmid:8170984101,8,3
7242ec74-83cb-11ea-992f-b88a60e194fb,crmid:7547076698,9,4
7245f994-83cb-11ea-a777-b88a60e194fb,crmid:8208137132,5,8
72477ee2-83cb-11ea-af50-b88a60e194fb,crmid:3126299367,1,7
72497a9e-83cb-11ea-b680-b88a60e194fb,crmid:9980027563,4,7
724b017a-83cb-11ea-a8dc-b88a60e194fb,crmid:4940419695,7,4
724c60dc-83cb-11ea-bf98-b88a60e194fb,crmid:4217767141,10,5
724d9aa8-83cb-11ea-b787-b88a60e194fb,crmid:4785908440,9,5
724efa52-83cb-11ea-beef-b88a60e194fb,crmid:6493924901,4,7
725032d2-83cb-11ea-9bcc-b88a60e194fb,crmid:5248152868,9,5
72516b36-83cb-11ea-996d-b88a60e194fb,crmid:7304989999,8,4
7252c99c-83cb-11ea-9cdb-b88a60e194fb,crmid:2572437792,9,6
72540202-83cb-11ea-80a9-b88a60e194fb,crmid:5466165434,4,8
72556190-83cb-11ea-be17-b88a60e194fb,crmid:7139885788,8,2
7256e82e-83cb-11ea-8624-b88a60e194fb,crmid:4553262582,8,3
725847be-83cb-11ea-b787-b88a60e194fb,crmid:1515745591,8,3
7259a74c-83cb-11ea-861f-b88a60e194fb,crmid:2589836749,8,4
725b06d8-83cb-11ea-a783-b88a60e194fb,crmid:1501822229,5,9
725c8d76-83cb-11ea-a709-b88a60e194fb,crmid:6176407359,4,9
725ded1c-83cb-11ea-a11f-b88a60e194fb,crmid:1460737456,4,7
725fc1c2-83cb-11ea-867a-b88a60e194fb,crmid:4753253658,4,9
72612242-83cb-11ea-a407-b88a60e194fb,crmid:8341573537,4,9
7262342e-83cb-11ea-9f11-b88a60e194fb,crmid:4045014864,9,2
7263939c-83cb-11ea-b256-b88a60e194fb,crmid:7030427196,3,7
7264cc06-83cb-11ea-9a63-b88a60e194fb,crmid:7544347500,3,7
726652b8-83cb-11ea-9bac-b88a60e194fb,crmid:4077457255,3,8
7267b200-83cb-11ea-b2e5-b88a60e194fb,crmid:7205679472,8,3
7268eae4-83cb-11ea-87bc-b88a60e194fb,crmid:9651956660,8,4
726a4a54-83cb-11ea-b6d8-b88a60e194fb,crmid:2073739243,4,9
726b83be-83cb-11ea-a957-b88a60e194fb,crmid:5583794901,8,6
726d0810-83cb-11ea-b031-b88a60e194fb,crmid:1947657984,3,9
726e41b4-83cb-11ea-9fd2-b88a60e194fb,crmid:9080668363,6,6
726fc834-83cb-11ea-a2fd-b88a60e194fb,crmid:1552388668,7,4
727127cc-83cb-11ea-be57-b88a60e194fb,crmid:1146599253,3,7
72726038-83cb-11ea-ac8e-b88a60e194fb,crmid:5473921337,3,8
727609c0-83cb-11ea-8e63-b88a60e194fb,crmid:1556193334,8,5
7277b718-83cb-11ea-89eb-b88a60e194fb,crmid:1128586298,7,4
72791714-83cb-11ea-a504-b88a60e194fb,crmid:3911112824,2,9
727a9da6-83cb-11ea-afa2-b88a60e194fb,crmid:4934225921,4,7
727bd62c-83cb-11ea-8079-b88a60e194fb,crmid:9596214375,4,9
727d35f4-83cb-11ea-b31e-b88a60e194fb,crmid:5149085858,7,2
727e6e8c-83cb-11ea-9f0f-b88a60e194fb,crmid:5288207966,5,8
727ff3b6-83cb-11ea-83b7-b88a60e194fb,crmid:4530642039,4,9
72812c36-83cb-11ea-be5b-b88a60e194fb,crmid:6686611714,9,4
7282d9e8-83cb-11ea-a9c8-b88a60e194fb,crmid:1562725788,8,3
7284399c-83cb-11ea-9a09-b88a60e194fb,crmid:3082732945,7,4
7285c064-83cb-11ea-b958-b88a60e194fb,crmid:4295615760,7,2
728746c0-83cb-11ea-8f21-b88a60e194fb,crmid:4690052041,6,6
7288a64a-83cb-11ea-80f3-b88a60e194fb,crmid:5328833183,6,8
728a2ce8-83cb-11ea-8d87-b88a60e194fb,crmid:8524917793,8,4
728b8c8a-83cb-11ea-b4fa-b88a60e194fb,crmid:7001227658,4,8
728c9f3a-83cb-11ea-ad57-b88a60e194fb,crmid:8738094787,8,6
728e4b94-83cb-11ea-9771-b88a60e194fb,crmid:4756870929,8,3
728fac58-83cb-11ea-9e38-b88a60e194fb,crmid:3237466940,7,2
72910c30-83cb-11ea-95fc-b88a60e194fb,crmid:4062010052,3,10
72929154-83cb-11ea-a07c-b88a60e194fb,crmid:4136803833,5,8
72943f00-83cb-11ea-8f9e-b88a60e194fb,crmid:6178407785,9,4
72959e82-83cb-11ea-8e2a-b88a60e194fb,crmid:1752498761,9,5
7297256e-83cb-11ea-8740-b88a60e194fb,crmid:2295038493,8,7
7298861e-83cb-11ea-a9b1-b88a60e194fb,crmid:2347376003,8,4
729a0cb6-83cb-11ea-bed9-b88a60e194fb,crmid:3645671593,4,7
729b935c-83cb-11ea-a85d-b88a60e194fb,crmid:4235998995,9,4
729cf234-83cb-11ea-8341-b88a60e194fb,crmid:5970539380,5,8
729e5114-83cb-11ea-97e4-b88a60e194fb,crmid:3169619377,5,6
729f8ab4-83cb-11ea-8e74-b88a60e194fb,crmid:6504844364,3,9
72a0e940-83cb-11ea-a2be-b88a60e194fb,crmid:9716008251,5,9
72a2231e-83cb-11ea-a123-b88a60e194fb,crmid:8293268257,7,5
72a3d0b8-83cb-11ea-b000-b88a60e194fb,crmid:3989400242,5,9
72a55758-83cb-11ea-b5b7-b88a60e194fb,crmid:1801715483,9,3
72a68fdc-83cb-11ea-a191-b88a60e194fb,crmid:9844926542,4,8
72a7ef68-83cb-11ea-a32b-b88a60e194fb,crmid:9447981357,8,6
72a94e9e-83cb-11ea-9396-b88a60e194fb,crmid:9856750812,6,10
72aafb76-83cb-11ea-9d7f-b88a60e194fb,crmid:6373628746,7,3
72ac3522-83cb-11ea-94b5-b88a60e194fb,crmid:6750213170,2,7
72ad945c-83cb-11ea-a9aa-b88a60e194fb,crmid:5217146667,8,4
72aeccd8-83cb-11ea-b48d-b88a60e194fb,crmid:6229540347,5,8
72b053e4-83cb-11ea-bea2-b88a60e194fb,crmid:1732013770,4,10
72b16540-83cb-11ea-83e3-b88a60e194fb,crmid:7055249418,8,3
72b33a18-83cb-11ea-81d3-b88a60e194fb,crmid:6003839108,1,8
72b5349a-83cb-11ea-993a-b88a60e194fb,crmid:1866015509,7,3
72b73054-83cb-11ea-9cec-b88a60e194fb,crmid:6698195502,4,7
72b890d8-83cb-11ea-8f34-b88a60e194fb,crmid:5379647471,7,5
72b9f07e-83cb-11ea-9af0-b88a60e194fb,crmid:7270020331,10,6
72bb4f8a-83cb-11ea-8954-b88a60e194fb,crmid:5426880191,3,8
72bcaff6-83cb-11ea-b635-b88a60e194fb,crmid:6541862885,4,8
72be0f52-83cb-11ea-9f4f-b88a60e194fb,crmid:6001936164,7,3
72bf4786-83cb-11ea-ae4e-b88a60e194fb,crmid:3915050620,6,3
72c08076-83cb-11ea-b29e-b88a60e194fb,crmid:9318970717,4,9
72c25524-83cb-11ea-b2c1-b88a60e194fb,crmid:6045765831,8,5
72c3b4d2-83cb-11ea-83ec-b88a60e194fb,crmid:6528707680,5,7
72c51440-83cb-11ea-9d52-b88a60e194fb,crmid:2952708665,8,5
72c673e4-83cb-11ea-8a59-b88a60e194fb,crmid:6128063246,5,9
72c7ac80-83cb-11ea-abdb-b88a60e194fb,crmid:2067191285,5,7
72c90bcc-83cb-11ea-8b95-b88a60e194fb,crmid:9508061476,8,4
72ca6b68-83cb-11ea-8af6-b88a60e194fb,crmid:8564898759,10,2
72cba27a-83cb-11ea-abfb-b88a60e194fb,crmid:2580614461,4,9
72ccdaf8-83cb-11ea-8040-b88a60e194fb,crmid:2031944261,6,4
72ce61c6-83cb-11ea-8bd9-b88a60e194fb,crmid:4395897195,5,9
72cf9a1a-83cb-11ea-9ee0-b88a60e194fb,crmid:4743595230,3,8
72d1e4e8-83cb-11ea-9aff-b88a60e194fb,crmid:7455576522,7,4
72d36aa2-83cb-11ea-b4a2-b88a60e194fb,crmid:9442663899,9,4
72d518da-83cb-11ea-a368-b88a60e194fb,crmid:6608609996,5,8
72d6a05a-83cb-11ea-a1af-b88a60e194fb,crmid:4657917406,5,7
72d825b6-83cb-11ea-a2bb-b88a60e194fb,crmid:6656569711,5,8
72d98692-83cb-11ea-92dc-b88a60e194fb,crmid:1844497658,9,5
72db5b68-83cb-11ea-8db0-b88a60e194fb,crmid:8986890048,6,5
72dc93c6-83cb-11ea-9f6b-b88a60e194fb,crmid:4211901202,9,3
72de1a68-83cb-11ea-b644-b88a60e194fb,crmid:5447897703,8,4
72df78ca-83cb-11ea-ac74-b88a60e194fb,crmid:8099800765,9,5
72e0ff4a-83cb-11ea-adf8-b88a60e194fb,crmid:7884997926,5,10
72e285f0-83cb-11ea-9637-b88a60e194fb,crmid:1726924300,7,5
72e3e6b8-83cb-11ea-b7dc-b88a60e194fb,crmid:1684470322,5,7
72e5464a-83cb-11ea-8e47-b88a60e194fb,crmid:9107468929,5,7
72e6a474-83cb-11ea-908f-b88a60e194fb,crmid:2884591776,9,3
72e8796e-83cb-11ea-832b-b88a60e194fb,crmid:3017150477,2,9
72e9d8d2-83cb-11ea-908c-b88a60e194fb,crmid:6813330594,7,6
72eb1150-83cb-11ea-a5fb-b88a60e194fb,crmid:3915735435,4,9
72ec49d0-83cb-11ea-918b-b88a60e194fb,crmid:3324753463,5,8
72eda966-83cb-11ea-96a2-b88a60e194fb,crmid:8390470034,6,8
72ef2ff8-83cb-11ea-94d7-b88a60e194fb,crmid:6994761026,5,7
72f0ddae-83cb-11ea-81c8-b88a60e194fb,crmid:2552496672,4,8
72f23e4a-83cb-11ea-8313-b88a60e194fb,crmid:3814874032,8,3
72f39dd2-83cb-11ea-b876-b88a60e194fb,crmid:3898736939,9,3
72f4d630-83cb-11ea-b2af-b88a60e194fb,crmid:3889591120,9,2
72f60ecc-83cb-11ea-9d57-b88a60e194fb,crmid:7200666277,3,8
72f79580-83cb-11ea-8dcf-b88a60e194fb,crmid:6350394158,4,9
72f94314-83cb-11ea-a12b-b88a60e194fb,crmid:6534660582,9,5
72fb1870-83cb-11ea-b8b1-b88a60e194fb,crmid:7499326829,8,4
72fc9ec0-83cb-11ea-9df0-b88a60e194fb,crmid:6634352407,4,8
72fdfd0c-83cb-11ea-9e16-b88a60e194fb,crmid:7706640335,8,3
72ff84a4-83cb-11ea-969b-b88a60e194fb,crmid:6670811735,8,3
7300e334-83cb-11ea-adc9-b88a60e194fb,crmid:7429732098,10,1
7302441c-83cb-11ea-b2b7-b88a60e194fb,crmid:6700599361,5,6
7303a3a6-83cb-11ea-b6fc-b88a60e194fb,crmid:3190915164,7,3
7304b46e-83cb-11ea-8a10-b88a60e194fb,crmid:7075684328,8,3
73061452-83cb-11ea-b6aa-b88a60e194fb,crmid:5128028233,2,8
730773d8-83cb-11ea-932c-b88a60e194fb,crmid:5790522303,4,8
7308d3be-83cb-11ea-80d2-b88a60e194fb,crmid:6429473414,3,7
730a3300-83cb-11ea-93de-b88a60e194fb,crmid:3468914828,8,5
730b6be2-83cb-11ea-ad35-b88a60e194fb,crmid:1496469263,4,9
730cf236-83cb-11ea-9a30-b88a60e194fb,crmid:1473164543,6,3
730e9f00-83cb-11ea-8203-b88a60e194fb,crmid:1702622425,5,8
7310255e-83cb-11ea-b4f4-b88a60e194fb,crmid:5306555112,9,3
73118658-83cb-11ea-9147-b88a60e194fb,crmid:1924525061,8,5
73130c90-83cb-11ea-83a0-b88a60e194fb,crmid:7132346910,4,10
73144418-83cb-11ea-b0de-b88a60e194fb,crmid:5881690360,9,4
73157de4-83cb-11ea-8c04-b88a60e194fb,crmid:2179654518,8,5
7316b628-83cb-11ea-a4dd-b88a60e194fb,crmid:7915924079,3,7
73183c58-83cb-11ea-b56f-b88a60e194fb,crmid:5289739767,10,5
73197514-83cb-11ea-ae50-b88a60e194fb,crmid:9091524735,8,2
731aae06-83cb-11ea-ba68-b88a60e194fb,crmid:5248949592,8,5
731c3468-83cb-11ea-8d95-b88a60e194fb,crmid:8421504941,8,4
731d93d4-83cb-11ea-a249-b88a60e194fb,crmid:8197061064,3,6
731ecb4a-83cb-11ea-ad4f-b88a60e194fb,crmid:7947707631,5,8
73202af4-83cb-11ea-8b6c-b88a60e194fb,crmid:5196554047,8,4
7321b1dc-83cb-11ea-82ad-b88a60e194fb,crmid:7752173709,8,4
73236090-83cb-11ea-ac93-b88a60e194fb,crmid:8778209631,9,5
7324991e-83cb-11ea-b7de-b88a60e194fb,crmid:5602056784,3,9
73261e88-83cb-11ea-9008-b88a60e194fb,crmid:6931463853,8,4
73277f5c-83cb-11ea-ae66-b88a60e194fb,crmid:9993745179,4,10
73289046-83cb-11ea-9a0b-b88a60e194fb,crmid:2552301778,10,3
7329efda-83cb-11ea-8c4f-b88a60e194fb,crmid:3462137909,8,4
732d9888-83cb-11ea-b288-b88a60e194fb,crmid:5386490464,4,8
