id,crmid,propensity_premium,propensity_high_speed
c1159428-83f2-11ea-ac5a-b88a60e194fb,crmid:4054587579,7,6
c1174326-83f2-11ea-8f96-b88a60e194fb,crmid:9177961268,9,4
c118c9e4-83f2-11ea-9439-b88a60e194fb,crmid:7567572063,5,8
c11a9d22-83f2-11ea-bbf7-b88a60e194fb,crmid:5735483111,7,5
c11c250c-83f2-11ea-aef2-b88a60e194fb,crmid:9593478919,3,8
c11daa64-83f2-11ea-acea-b88a60e194fb,crmid:3471156285,3,8
c11fa63e-83f2-11ea-b667-b88a60e194fb,crmid:5417247144,5,9
c121a3b8-83f2-11ea-8f90-b88a60e194fb,crmid:4057841856,3,7
c12376b4-83f2-11ea-93b9-b88a60e194fb,crmid:2356097334,10,4
c1257282-83f2-11ea-847c-b88a60e194fb,crmid:3402992259,9,3
c1274774-83f2-11ea-be7a-b88a60e194fb,crmid:2734203356,9,5
c128f4e8-83f2-11ea-8cbc-b88a60e194fb,crmid:3877142342,4,9
c12ac9ac-83f2-11ea-b03e-b88a60e194fb,crmid:9081546164,7,3
c12c776e-83f2-11ea-a7e0-b88a60e194fb,crmid:1504070648,7,3
c12e2512-83f2-11ea-ac8b-b88a60e194fb,crmid:7436790787,9,3
c12fabb4-83f2-11ea-a97b-b88a60e194fb,crmid:1593400274,9,4
c1310b3e-83f2-11ea-803b-b88a60e194fb,crmid:5850886632,7,3
c132b902-83f2-11ea-8e53-b88a60e194fb,crmid:5537592827,5,7
c134676e-83f2-11ea-aa5f-b88a60e194fb,crmid:2334125067,4,8
c1361468-83f2-11ea-92c0-b88a60e194fb,crmid:7093790982,4,7
c1374ce4-83f2-11ea-9d99-b88a60e194fb,crmid:5795483913,4,8
c1388568-83f2-11ea-aa2f-b88a60e194fb,crmid:2001996431,4,7
c139bdee-83f2-11ea-93b5-b88a60e194fb,crmid:8751572515,6,3
c13b1d76-83f2-11ea-ac6c-b88a60e194fb,crmid:5008034393,8,6
c13c7d2c-83f2-11ea-bc39-b88a60e194fb,crmid:9651036200,8,4
c13ddc7e-83f2-11ea-9faf-b88a60e194fb,crmid:9911673780,9,5
c13f6334-83f2-11ea-9e80-b88a60e194fb,crmid:4453849199,4,8
c140c2d4-83f2-11ea-ad25-b88a60e194fb,crmid:1742797528,5,8
c142706c-83f2-11ea-8196-b88a60e194fb,crmid:8824627592,9,5
c143cfde-83f2-11ea-bea6-b88a60e194fb,crmid:9147585621,4,7
c1457db6-83f2-11ea-9dca-b88a60e194fb,crmid:6350722851,5,7
c147043e-83f2-11ea-9480-b88a60e194fb,crmid:5106594399,6,2
c148b1e4-83f2-11ea-85c8-b88a60e194fb,crmid:3099632432,5,8
c14a3886-83f2-11ea-9519-b88a60e194fb,crmid:3810125075,4,8
c14be628-83f2-11ea-bdfd-b88a60e194fb,crmid:1674919808,10,5
c14d45b8-83f2-11ea-a095-b88a60e194fb,crmid:5200319985,9,5
c14ea548-83f2-11ea-9b92-b88a60e194fb,crmid:3248819948,7,3
c1502bec-83f2-11ea-ac87-b88a60e194fb,crmid:8170984101,8,3
c1516462-83f2-11ea-992f-b88a60e194fb,crmid:7547076698,9,4
c1533938-83f2-11ea-a777-b88a60e194fb,crmid:8208137132,5,8
c154e6e2-83f2-11ea-af50-b88a60e194fb,crmid:3126299367,1,7
c15695f6-83f2-11ea-b680-b88a60e194fb,crmid:9980027563,4,7
c157f428-83f2-11ea-a8dc-b88a60e194fb,crmid:4940419695,7,4
c1597c06-83f2-11ea-bf98-b88a60e194fb,crmid:4217767141,10,5
c15b0152-83f2-11ea-b787-b88a60e194fb,crmid:4785908440,9,5
c15c60e4-83f2-11ea-beef-b88a60e194fb,crmid:6493924901,4,7
c15e5ce4-83f2-11ea-9bcc-b88a60e194fb,crmid:5248152868,9,5
c1607f92-83f2-11ea-996d-b88a60e194fb,crmid:7304989999,8,4
c1620630-83f2-11ea-9cdb-b88a60e194fb,crmid:2572437792,9,6
c164020a-83f2-11ea-80a9-b88a60e194fb,crmid:5466165434,4,8
c165afd4-83f2-11ea-be17-b88a60e194fb,crmid:7139885788,8,2
c1675e5c-83f2-11ea-8624-b88a60e194fb,crmid:4553262582,8,3
c169323a-83f2-11ea-b787-b88a60e194fb,crmid:1515745591,8,3
c16b06fe-83f2-11ea-861f-b88a60e194fb,crmid:2589836749,8,4
c16c8da8-83f2-11ea-a783-b88a60e194fb,crmid:1501822229,5,9
c16e1446-83f2-11ea-a709-b88a60e194fb,crmid:6176407359,4,9
c16f9abe-83f2-11ea-a11f-b88a60e194fb,crmid:1460737456,4,7
c1712158-83f2-11ea-867a-b88a60e194fb,crmid:4753253658,4,9
c1734438-83f2-11ea-a407-b88a60e194fb,crmid:8341573537,4,9
c1758e2e-83f2-11ea-9f11-b88a60e194fb,crmid:4045014864,9,2
c177b10c-83f2-11ea-b256-b88a60e194fb,crmid:7030427196,3,7
c17a21fa-83f2-11ea-9a63-b88a60e194fb,crmid:7544347500,3,7
c17da480-83f2-11ea-9bac-b88a60e194fb,crmid:4077457255,3,8
c18126f0-83f2-11ea-b2e5-b88a60e194fb,crmid:7205679472,8,3
c18349ba-83f2-11ea-87bc-b88a60e194fb,crmid:9651956660,8,4
c1871ae8-83f2-11ea-b6d8-b88a60e194fb,crmid:2073739243,4,9
c18a9cb6-83f2-11ea-a957-b88a60e194fb,crmid:5583794901,8,6
c18e6d36-83f2-11ea-b031-b88a60e194fb,crmid:1947657984,3,9
c192b302-83f2-11ea-9fd2-b88a60e194fb,crmid:9080668363,6,6
c195e780-83f2-11ea-a2fd-b88a60e194fb,crmid:1552388668,7,4
c198586e-83f2-11ea-be57-b88a60e194fb,crmid:1146599253,3,7
c19ec0fa-83f2-11ea-ac8e-b88a60e194fb,crmid:5473921337,3,8
c1a1a71e-83f2-11ea-8e63-b88a60e194fb,crmid:1556193334,8,5
c1a4db80-83f2-11ea-89eb-b88a60e194fb,crmid:1128586298,7,4
c1a7e968-83f2-11ea-a504-b88a60e194fb,crmid:3911112824,2,9
c1aaa7cc-83f2-11ea-afa2-b88a60e194fb,crmid:4934225921,4,7
c1ae786e-83f2-11ea-8079-b88a60e194fb,crmid:9596214375,4,9
c1b0c248-83f2-11ea-b31e-b88a60e194fb,crmid:5149085858,7,2
c1b2be18-83f2-11ea-9f0f-b88a60e194fb,crmid:5288207966,5,8
c1b4ba1c-83f2-11ea-83b7-b88a60e194fb,crmid:4530642039,4,9
c1b5f280-83f2-11ea-be5b-b88a60e194fb,crmid:6686611714,9,4
c1b7a034-83f2-11ea-a9c8-b88a60e194fb,crmid:1562725788,8,3
c1b9c318-83f2-11ea-9a09-b88a60e194fb,crmid:3082732945,7,4
c1bb97a2-83f2-11ea-b958-b88a60e194fb,crmid:4295615760,7,2
c1bdba82-83f2-11ea-8f21-b88a60e194fb,crmid:4690052041,6,6
c1c0047a-83f2-11ea-80f3-b88a60e194fb,crmid:5328833183,6,8
c1c20070-83f2-11ea-8d87-b88a60e194fb,crmid:8524917793,8,4
c1c3fc24-83f2-11ea-b4fa-b88a60e194fb,crmid:7001227658,4,8
c1c64618-83f2-11ea-ad57-b88a60e194fb,crmid:8738094787,8,6
c1c841cc-83f2-11ea-9771-b88a60e194fb,crmid:4756870929,8,3
c1c9ef7a-83f2-11ea-9e38-b88a60e194fb,crmid:3237466940,7,2
c1cb9d2c-83f2-11ea-95fc-b88a60e194fb,crmid:4062010052,3,10
c1cd7226-83f2-11ea-a07c-b88a60e194fb,crmid:4136803833,5,8
c1cf1f98-83f2-11ea-8f9e-b88a60e194fb,crmid:6178407785,9,4
c1d0cd48-83f2-11ea-8e2a-b88a60e194fb,crmid:1752498761,9,5
c1d25408-83f2-11ea-8740-b88a60e194fb,crmid:2295038493,8,7
c1d3b3a8-83f2-11ea-a9b1-b88a60e194fb,crmid:2347376003,8,4
c1d5132e-83f2-11ea-bed9-b88a60e194fb,crmid:3645671593,4,7
c1d699c0-83f2-11ea-a85d-b88a60e194fb,crmid:4235998995,9,4
c1d8be34-83f2-11ea-8341-b88a60e194fb,crmid:5970539380,5,8
c1da4340-83f2-11ea-97e4-b88a60e194fb,crmid:3169619377,5,6
c1db7bb6-83f2-11ea-8e74-b88a60e194fb,crmid:6504844364,3,9
c1dd025c-83f2-11ea-a2be-b88a60e194fb,crmid:9716008251,5,9
c1de61e8-83f2-11ea-a123-b88a60e194fb,crmid:8293268257,7,5
c1e084d2-83f2-11ea-b000-b88a60e194fb,crmid:3989400242,5,9
c1e281ec-83f2-11ea-b5b7-b88a60e194fb,crmid:1801715483,9,3
c1e47c74-83f2-11ea-a191-b88a60e194fb,crmid:9844926542,4,8
c1e62abe-83f2-11ea-a32b-b88a60e194fb,crmid:9447981357,8,6
c1e873e8-83f2-11ea-9396-b88a60e194fb,crmid:9856750812,6,10
c1ea493a-83f2-11ea-9d7f-b88a60e194fb,crmid:6373628746,7,3
c1ebf670-83f2-11ea-94b5-b88a60e194fb,crmid:6750213170,2,7
c1edf234-83f2-11ea-a9aa-b88a60e194fb,crmid:5217146667,8,4
c1ef5302-83f2-11ea-b48d-b88a60e194fb,crmid:6229540347,5,8
c1f0d9b8-83f2-11ea-bea2-b88a60e194fb,crmid:1732013770,4,10
c1f2605e-83f2-11ea-83e3-b88a60e194fb,crmid:7055249418,8,3
c1f398da-83f2-11ea-81d3-b88a60e194fb,crmid:6003839108,1,8
c1f51fc6-83f2-11ea-993a-b88a60e194fb,crmid:1866015509,7,3
c1f6cbcc-83f2-11ea-9cec-b88a60e194fb,crmid:6698195502,4,7
c1f8043a-83f2-11ea-8f34-b88a60e194fb,crmid:5379647471,7,5
c1f963d0-83f2-11ea-9af0-b88a60e194fb,crmid:7270020331,10,6
c1fac380-83f2-11ea-8954-b88a60e194fb,crmid:5426880191,3,8
c1fc4a1e-83f2-11ea-b635-b88a60e194fb,crmid:6541862885,4,8
c1fdd0ca-83f2-11ea-9f4f-b88a60e194fb,crmid:6001936164,7,3
c1ff5774-83f2-11ea-ae4e-b88a60e194fb,crmid:3915050620,6,3
c201069e-83f2-11ea-b29e-b88a60e194fb,crmid:9318970717,4,9
c20327ca-83f2-11ea-b2c1-b88a60e194fb,crmid:6045765831,8,5
c2054b1c-83f2-11ea-83ec-b88a60e194fb,crmid:6528707680,5,7
c206d2b8-83f2-11ea-9d52-b88a60e194fb,crmid:2952708665,8,5
c2085958-83f2-11ea-8a59-b88a60e194fb,crmid:6128063246,5,9
c209de82-83f2-11ea-abdb-b88a60e194fb,crmid:2067191285,5,7
c20b6538-83f2-11ea-8b95-b88a60e194fb,crmid:9508061476,8,4
c20cc4be-83f2-11ea-8af6-b88a60e194fb,crmid:8564898759,10,2
c20e2462-83f2-11ea-abfb-b88a60e194fb,crmid:2580614461,4,9
c20fd208-83f2-11ea-8040-b88a60e194fb,crmid:2031944261,6,4
c2126a14-83f2-11ea-8bd9-b88a60e194fb,crmid:4395897195,5,9
c215299e-83f2-11ea-9ee0-b88a60e194fb,crmid:4743595230,3,8
c21724e2-83f2-11ea-9aff-b88a60e194fb,crmid:7455576522,7,4
c219967a-83f2-11ea-b4a2-b88a60e194fb,crmid:9442663899,9,4
c21be01a-83f2-11ea-a368-b88a60e194fb,crmid:6608609996,5,8
c21e50f6-83f2-11ea-a1af-b88a60e194fb,crmid:4657917406,5,7
c221853a-83f2-11ea-a2bb-b88a60e194fb,crmid:6656569711,5,8
c2249282-83f2-11ea-92dc-b88a60e194fb,crmid:1844497658,9,5
c227c6ae-83f2-11ea-8db0-b88a60e194fb,crmid:8986890048,6,5
c22ad40a-83f2-11ea-9f6b-b88a60e194fb,crmid:4211901202,9,3
c22f8ee2-83f2-11ea-b644-b88a60e194fb,crmid:5447897703,8,4
c2324e0c-83f2-11ea-ac74-b88a60e194fb,crmid:8099800765,9,5
c23497f8-83f2-11ea-adf8-b88a60e194fb,crmid:7884997926,5,10
c23708e4-83f2-11ea-9637-b88a60e194fb,crmid:1726924300,7,5
c23a3d4a-83f2-11ea-b7dc-b88a60e194fb,crmid:1684470322,5,7
c23cfc64-83f2-11ea-8e47-b88a60e194fb,crmid:9107468929,5,7
c23f4654-83f2-11ea-908f-b88a60e194fb,crmid:2884591776,9,3
c241425e-83f2-11ea-832b-b88a60e194fb,crmid:3017150477,2,9
c243650c-83f2-11ea-908c-b88a60e194fb,crmid:6813330594,7,6
c245d6b4-83f2-11ea-a5fb-b88a60e194fb,crmid:3915735435,4,9
c248bc28-83f2-11ea-918b-b88a60e194fb,crmid:3324753463,5,8
c24b05fa-83f2-11ea-96a2-b88a60e194fb,crmid:8390470034,6,8
c24c8ca8-83f2-11ea-94d7-b88a60e194fb,crmid:6994761026,5,7
c24e6168-83f2-11ea-81c8-b88a60e194fb,crmid:2552496672,4,8
c2503658-83f2-11ea-8313-b88a60e194fb,crmid:3814874032,8,3
c2523214-83f2-11ea-b876-b88a60e194fb,crmid:3898736939,9,3
c253dfba-83f2-11ea-b2af-b88a60e194fb,crmid:3889591120,9,2
c2556648-83f2-11ea-9d57-b88a60e194fb,crmid:7200666277,3,8
c256ece8-83f2-11ea-8dcf-b88a60e194fb,crmid:6350394158,4,9
c2584c86-83f2-11ea-a12b-b88a60e194fb,crmid:6534660582,9,5
c25a6f46-83f2-11ea-b8b1-b88a60e194fb,crmid:7499326829,8,4
c25c924a-83f2-11ea-9df0-b88a60e194fb,crmid:6634352407,4,8
c25e66ee-83f2-11ea-9e16-b88a60e194fb,crmid:7706640335,8,3
c26062d4-83f2-11ea-969b-b88a60e194fb,crmid:6670811735,8,3
c2621074-83f2-11ea-adc9-b88a60e194fb,crmid:7429732098,10,1
c263e542-83f2-11ea-b2b7-b88a60e194fb,crmid:6700599361,5,6
c265b9f4-83f2-11ea-b6fc-b88a60e194fb,crmid:3190915164,7,3
c2678f08-83f2-11ea-8a10-b88a60e194fb,crmid:7075684328,8,3
c2698a70-83f2-11ea-b6aa-b88a60e194fb,crmid:5128028233,2,8
c26b3824-83f2-11ea-932c-b88a60e194fb,crmid:5790522303,4,8
c26dd04a-83f2-11ea-80d2-b88a60e194fb,crmid:6429473414,3,7
c26f2fca-83f2-11ea-93de-b88a60e194fb,crmid:3468914828,8,5
c270b668-83f2-11ea-ad35-b88a60e194fb,crmid:1496469263,4,9
c2726410-83f2-11ea-9a30-b88a60e194fb,crmid:1473164543,6,3
c273eaac-83f2-11ea-8203-b88a60e194fb,crmid:1702622425,5,8
c275985c-83f2-11ea-b4f4-b88a60e194fb,crmid:5306555112,9,3
c2771f02-83f2-11ea-9147-b88a60e194fb,crmid:1924525061,8,5
c278a594-83f2-11ea-83a0-b88a60e194fb,crmid:7132346910,4,10
c27a5412-83f2-11ea-b0de-b88a60e194fb,crmid:5881690360,9,4
c27b8bd2-83f2-11ea-8c04-b88a60e194fb,crmid:2179654518,8,5
c27e240a-83f2-11ea-a4dd-b88a60e194fb,crmid:7915924079,3,7
c27fd1a8-83f2-11ea-b56f-b88a60e194fb,crmid:5289739767,10,5
c2817f2e-83f2-11ea-ae50-b88a60e194fb,crmid:9091524735,8,2
c28305cc-83f2-11ea-ba68-b88a60e194fb,crmid:5248949592,8,5
c284da8c-83f2-11ea-8d95-b88a60e194fb,crmid:8421504941,8,4
c286883a-83f2-11ea-a249-b88a60e194fb,crmid:8197061064,3,6
c2880ef4-83f2-11ea-ad4f-b88a60e194fb,crmid:7947707631,5,8
c28a31d8-83f2-11ea-8b6c-b88a60e194fb,crmid:5196554047,8,4
c28c7c9e-83f2-11ea-82ad-b88a60e194fb,crmid:7752173709,8,4
c28e9ea8-83f2-11ea-ac93-b88a60e194fb,crmid:8778209631,9,5
c290e890-83f2-11ea-b7de-b88a60e194fb,crmid:5602056784,3,9
c29359a8-83f2-11ea-9008-b88a60e194fb,crmid:6931463853,8,4
c29666ca-83f2-11ea-ae66-b88a60e194fb,crmid:9993745179,4,10
c29d1d78-83f2-11ea-9a0b-b88a60e194fb,crmid:2552301778,10,3
c2a051c8-83f2-11ea-8c4f-b88a60e194fb,crmid:3462137909,8,4
c2a3860a-83f2-11ea-b288-b88a60e194fb,crmid:5386490464,4,8
