crmid,email,first_name,last_name,gender,mobile telephone,city,country,zip,state,street address,birthday
crmid:6542385826,salaciousness1940@yandex.com,Bryan,Snow,male,307-985-6673,Apex,United States,01557,Ohio,164 Joy,1933-02-27
crmid:9950287366,digestives1809@gmail.com,Weldon,Flowers,male,369-263-5531,Zion,United States,02736,Tennessee,512 Harvard,1940-10-10
crmid:2305901758,eliminator1986@gmail.com,Kevin,Hopkins,male,780-008-7388,Blue Springs,United States,83053,Minnesota,1236 Bay View,1939-06-14
crmid:6579440578,dories1862@yahoo.com,Drew,Mckee,,135-004-2200,Oro Valley,United States,42131,Hawaii,268 Munich,1990-03-10
crmid:3686108168,penning1865@outlook.com,Al,Joyner,,422-831-9076,Kingman,United States,77786,New Mexico,834 Cross,1977-09-24
crmid:9484080896,samlet1954@outlook.com,Cornell,Sherman,male,005-890-4763,Aliso Viejo,United States,16430,Arkansas,1130 Woodland,1931-02-27
crmid:7961596350,poohing1813@live.com,Carmen,Rutledge,,079-804-3247,McAllen,United States,08718,Texas,1000 Brighton,1988-02-05
crmid:9128571906,alger1909@live.com,Jeramy,Williamson,,182-449-2093,Flower Mound,United States,91809,Arkansas,372 Glendale,1962-10-06
crmid:1116398008,diptera1877@yahoo.com,Jack,Carrillo,,530-837-8109,Parkland,United States,40423,Georgia,1096 Gardenside,1982-02-14
crmid:4254631137,akinesia1894@gmail.com,Tuan,Martin,,269-966-1797,Oak Lawn,United States,64065,North Carolina,378 Willow,1986-07-26
crmid:1580752722,daleth1942@yahoo.com,Denver,Galloway,male,183-655-5206,Baldwin,United States,93165,California,1275 Lindsay,1935-03-11
crmid:8277555128,adamant2065@yahoo.com,Augustus,Palmer,male,877-877-1440,Wilmington,United States,88062,North Dakota,587 Gates,1941-01-22
crmid:5873848449,excalibur1905@outlook.com,Claudio,Bray,,651-834-2068,Middletown,United States,92058,Virginia,1189 Gateview 1,1990-03-07
crmid:5022305360,boose2056@outlook.com,Rudolf,Townsend,,907-558-2366,Salem,United States,33478,Michigan,1028 Walter U Lum,1976-10-12
crmid:7579793013,imperforates2003@live.com,Dodie,Walsh,female,103-654-6368,Clovis,United States,17308,Delaware,1158 Malden,1948-03-30
crmid:9853916032,longhair1938@gmail.com,Kendall,Koch,male,238-245-8427,Arcadia,United States,37522,Missouri,1219 Levant,1933-06-16
crmid:8358052134,overshined1932@yahoo.com,Moises,Guerrero,,865-549-6059,Yukon,United States,69783,Illinois,1278 Bruce,1977-06-07
crmid:6631908908,gulonic1908@gmail.com,Johnette,Griffith,female,263-706-7983,Williamsport,United States,52088,Indiana,734 Nibbi,1954-04-12
crmid:3262921306,laureate1985@yahoo.com,Herbert,Coffey,male,696-143-0626,Alamo,United States,22477,Pennsylvania,1370 Guy,1930-05-06
crmid:5507856100,addendum1964@gmail.com,Moshe,Hopper,,052-108-6761,South Elgin,United States,43340,Massachusetts,89 Nottingham,1983-09-12
crmid:6582159668,pterodactylus2065@outlook.com,Mario,Deleon,,683-875-0064,Lewiston,United States,54935,Colorado,809 Tonquin,1982-09-05
crmid:5818000102,belanda1920@outlook.com,Delaine,Welch,female,418-939-1036,Rockford,United States,72989,New Mexico,607 Sadowa,1955-02-20
crmid:5530475222,apologies1818@yahoo.com,Abel,Thornton,male,038-845-9069,Raymore,United States,59603,Oregon,76 Vassar,1934-10-01
crmid:1107260575,balcony1915@live.com,Alease,Haynes,female,510-864-3966,Dana Point,United States,60325,Connecticut,190 Hagiwara Tea Garden,1952-11-19
crmid:8820911401,runaround1891@gmail.com,Janean,Gould,female,653-600-0164,Conway,United States,20416,Oklahoma,769 Cashmere,1950-04-12
crmid:6131311492,echard2002@live.com,Janee,Pollard,female,693-142-9249,San Antonio,United States,71929,Nebraska,1092 Mono,1948-10-30
crmid:9519951874,oxymomora2008@outlook.com,Drew,Gallagher,,570-084-8838,Sebastian,United States,66853,Hawaii,1246 Lulu,1993-09-06
crmid:4614913772,swingaround1905@gmail.com,Buck,Malone,male,243-321-2281,Blue Springs,United States,77508,Oregon,421 Winn,1939-02-18
crmid:3884540352,assausive1948@gmail.com,Douglas,Buckley,,155-601-6249,Plant City,United States,37210,Kentucky,1046 Lake Merced Hill,1969-08-23
crmid:2154951347,hillock1958@outlook.com,Norah,Mcconnell,female,438-583-6413,Deltona,United States,55170,South Carolina,1201 Natick,1954-09-13
crmid:1370606659,bat1893@live.com,Moshe,Gilliam,male,359-901-3828,Piqua,United States,54372,South Dakota,576 Theresa,1994-01-14
crmid:6866821367,piques1876@yahoo.com,Kallie,Richardson,female,324-434-9793,Davenport,United States,23135,Florida,335 Pink,1953-04-24
crmid:8947541511,leese1989@live.com,Rufus,Witt,male,271-379-9199,New Britain,United States,50966,Washington,391 Dunsmuir,1996-09-22
crmid:9920053123,barkery1856@gmail.com,Lynn,Chandler,,524-425-2787,Grapevine,United States,37881,Indiana,569 Colin P Kelly Jr,1967-06-23
crmid:2988770545,surrounded1933@outlook.com,Domenic,Berger,,830-976-5356,Muskogee,United States,96665,California,597 Varela,1994-11-16
crmid:3179664049,unfeminize1906@live.com,Ambrose,Joyce,,946-546-8951,Maryville,United States,25045,Massachusetts,860 Grant,1987-04-13
crmid:8349197770,tressed2054@yandex.com,Giuseppe,Benton,,162-587-7196,Sparks,United States,40127,Tennessee,262 Steveloe,1988-01-31
crmid:7533149312,sperate2038@yahoo.com,Dion,Marks,,261-055-7967,Issaquah,United States,82112,New Jersey,449 Sonora,1975-09-10
crmid:3101296552,lucidity1910@yahoo.com,Charles,Wilder,male,056-029-3935,Bensenville,United States,80900,Ohio,453 Walter U Lum,1938-02-09
crmid:5169192068,nepenthe1834@outlook.com,Louie,Franco,,585-879-8953,Westland,United States,30662,Indiana,4 Bronte,1975-01-01
crmid:4939295085,torpedos1889@gmail.com,Doyle,Hardy,,842-201-1798,Sammamish,United States,49151,West Virginia,88 Coronado,1986-10-06
crmid:1446177985,alcyone1872@yandex.com,Mahalia,Mullen,female,176-522-7838,Northampton,United States,16941,Delaware,1374 Leroy,1999-03-11
crmid:9796288419,impala1829@outlook.com,Clemente,Schroeder,,601-593-4991,Park Ridge,United States,79218,Connecticut,54 Blandy,1986-03-07
crmid:8375288545,beatitude1943@gmail.com,Milan,Nieves,male,583-706-0986,North Lauderdale,United States,69048,Illinois,1172 Kenwood,1998-10-31
crmid:7170360807,atlantis1839@gmail.com,Wynell,Colon,female,504-929-8060,Corsicana,United States,58205,Alabama,887 Palou,1951-09-06
crmid:1164966931,nonimposition2055@yandex.com,Lean,Turner,female,104-934-5228,Cranston,United States,22519,Louisiana,769 San Antonio,1951-05-29
crmid:3989326867,visionariness1915@gmail.com,Darryl,Head,,963-591-8964,Goshen,United States,39342,Delaware,1052 Lucerne,1967-06-04
crmid:7005693476,melangeur2049@yandex.com,Bradly,Nieves,male,904-689-8882,Spokane Valley,United States,08678,Pennsylvania,825 Soule,1941-01-21
crmid:2756981357,chukchi1878@live.com,Pierre,Garner,,565-896-8805,Palm Beach Gardens,United States,34273,Texas,1381 Norton,1973-08-06
crmid:8908850007,delmor1918@yandex.com,Donny,Horne,,803-711-3070,Hollister,United States,64181,Iowa,758 Andrew,1972-10-07
crmid:8518971113,foreordaining1936@outlook.com,Ariane,Lawson,female,959-082-0414,Chesapeake,United States,05295,Arizona,522 Priest,1946-01-17
crmid:1849106448,hiatus2020@gmail.com,Gwenda,Carroll,female,189-766-8141,Mustang,United States,99104,Florida,265 Opal,1995-12-31
crmid:9393126751,rhoding1913@gmail.com,Kayce,Thompson,female,778-371-1541,Tacoma,United States,62892,Vermont,105 Halleck,1950-05-29
crmid:7848421806,sensoparalysis1857@gmail.com,Jeffery,Avila,,991-425-4441,Moreno Valley,United States,49820,Delaware,809 D,1993-07-16
crmid:1903346357,unstridently1904@outlook.com,Courtney,Russell,,491-277-3802,Mokena,United States,02873,South Carolina,846 Garfield,1992-02-22
crmid:6516551197,piques2048@outlook.com,Emery,Guy,,521-296-9236,Ottawa,United States,87995,Maine,773 Easement,1994-09-20
crmid:9178110313,outthrew2024@live.com,Catheryn,Battle,female,779-813-5266,Emporia,United States,70636,South Carolina,677 Euclid,1959-12-03
crmid:1896402286,kooks1982@yandex.com,Beata,Santana,female,582-195-8319,Charleston,United States,79098,California,932 Monterey,1946-01-26
crmid:9011062164,upseek1876@outlook.com,Lyman,Bradshaw,,966-406-2316,Miami,United States,39041,Kentucky,1019 De Forest,1990-06-04
crmid:9526856764,dartboard1805@yahoo.com,Damian,Strickland,,007-436-4001,Richardson,United States,39731,Delaware,22 Jakey,1972-09-24
crmid:5345530937,designers2009@yandex.com,Venetta,Flowers,female,512-211-1802,Plainview,United States,22145,Hawaii,1348 Harrington,1958-09-10
crmid:6304239271,capozzi2062@gmail.com,Dallas,Whitehead,,345-668-7661,San Carlos,United States,34097,Arizona,1351 Briarcliff,1969-09-14
crmid:8276746198,protegulum2034@yahoo.com,Ignacio,Lawson,,708-199-9862,Green,United States,43985,Louisiana,471 Sampson,1968-07-19
crmid:4455922355,sonorosity2044@yahoo.com,Alfred,Hooper,,707-217-0113,Kentwood,United States,16424,Kentucky,764 Brompton,1977-03-02
crmid:6799613928,batteries1917@yandex.com,Eustolia,Chapman,female,494-905-7254,Crystal Lake,United States,17615,Nevada,797 Blairwood,1952-03-06
crmid:7009433048,flocoon1969@yandex.com,Debroah,Reed,female,826-782-7931,Detroit,United States,12358,Utah,240 Spencer,1954-02-24
crmid:2110811916,amarelle2005@live.com,Von,Cortez,male,469-891-2394,Bourbonnais,United States,58441,California,218 Culebra,1940-10-07
crmid:1314320988,caridean1879@outlook.com,Felix,Santos,,931-980-5583,Greeley,United States,00251,Massachusetts,324 Pagoda,1968-01-20
crmid:8170315264,belissa1880@live.com,Rocco,Wheeler,male,523-534-1030,Oceanside,United States,08986,Maine,353 Transbay Loop,1932-10-29
crmid:2097493214,camelhair2045@gmail.com,Dirk,Bradley,,316-873-0603,Winona,United States,57706,Colorado,1381 Bay View,1994-05-26
crmid:1316957424,caregiver2043@yandex.com,Tanna,Gomez,female,711-464-7062,Chicago Heights,United States,83280,Wyoming,264 Ellis,1947-08-11
crmid:4105513153,woundless2025@outlook.com,Federico,Rice,,191-831-9617,Goleta,United States,08795,Ohio,799 First,1967-02-06
crmid:4039923422,goatroot1968@live.com,Charis,Gutierrez,female,630-433-7504,Encinitas,United States,70439,Texas,816 Oneida,1959-02-12
crmid:8604152279,scapulopexy1995@yandex.com,Alejandro,Kemp,,556-056-0776,Lynn,United States,36472,Oregon,1367 Sunrise,1985-07-18
crmid:1332435321,blent1825@outlook.com,Oretha,Park,female,202-199-7814,Tinton Falls,United States,57362,New Hampshire,29 Gibb,1996-03-23
crmid:3681240285,convected1800@gmail.com,Arnold,Whitley,,260-019-0880,Inkster,United States,80000,Wyoming,386 Acadia,1974-09-02
crmid:5266374976,brindlish1992@gmail.com,Duane,Wade,,800-684-3774,Pembroke Pines,United States,62011,Missouri,718 Baxter,1965-04-04
crmid:6866831981,avigdor1916@outlook.com,Charley,Ford,male,539-075-4408,Blacksburg,United States,05897,Wisconsin,223 Mabini,1939-02-10
crmid:1537355036,kehillah2027@live.com,Shaniqua,Bauer,female,898-777-0096,SeaTac,United States,56204,New Hampshire,615 Turk Murphy,1956-08-02
crmid:7776141009,fumous1873@live.com,Kraig,Melendez,,306-557-7421,Westlake,United States,78438,Michigan,221 Prague,1969-08-25
crmid:3576413428,brose2023@yandex.com,Del,Barker,male,490-635-6747,Arnold,United States,12694,Colorado,1034 Humboldt,1933-03-02
crmid:5258261057,refrustrated1820@yahoo.com,Bernarda,Dale,female,414-844-5265,Draper,United States,09642,Maryland,108 Dickinson,1955-01-07
crmid:4927997206,lion1805@outlook.com,Tynisha,Nguyen,female,409-445-9622,Country Club Hills,United States,65847,South Carolina,436 Amador,1951-11-17
crmid:5155177587,solvus1957@yandex.com,Nicolas,Conley,,866-874-1194,Waukesha,United States,94141,Hawaii,632 Charlton,1984-11-04
crmid:3411316969,consultant1904@yandex.com,Rufus,Buchanan,,806-191-2308,Helena,United States,13646,Idaho,392 Gates,1970-03-29
crmid:5424742316,arnis1948@live.com,Sena,Hensley,female,233-336-2649,Wauwatosa,United States,79644,Utah,979 Lake Forest,1957-08-13
crmid:1099560340,dickford1820@yandex.com,Brandon,Santiago,female,010-884-4691,Citrus Heights,United States,67600,Illinois,21 Broad,1947-11-02
crmid:8772733735,zooks2054@gmail.com,Nathan,Dotson,,749-092-7299,Owasso,United States,54834,Arkansas,1018 Hansen,1997-07-13
crmid:4625256478,traist1832@yahoo.com,Geraldo,Hatfield,,839-291-1935,Johnstown,United States,82238,Oklahoma,310 Lone Mountain,1975-05-09
crmid:6621710357,ballsy1916@gmail.com,Bobbie,Gonzalez,male,707-780-7169,Bountiful,United States,06068,Virginia,4 Encinal,1940-01-11
crmid:7468453805,crawthumper1922@yahoo.com,Samual,Frederick,,586-042-0414,Greer,United States,53195,Mississippi,1173 Pierpoint,1968-09-26
crmid:1901409579,malpracticing1983@live.com,Lucio,Hatfield,,893-177-5317,Highland Village,United States,41333,Mississippi,884 Eaton,1971-08-08
crmid:6947952255,iatraliptics1993@yahoo.com,Eugenio,Tyson,male,912-433-9257,Pueblo,United States,08433,Texas,1123 Eugenia,1938-04-29
crmid:3536945406,achates2063@gmail.com,Trey,Vaughn,male,591-272-2767,American Fork,United States,75055,Alaska,603 Freeman,1932-09-29
crmid:5517507901,matrimonii2049@live.com,Boris,Barnett,,409-986-6242,Sand Springs,United States,45760,Michigan,672 South Hill,1982-10-17
crmid:5040934749,verdurer1878@yandex.com,Berenice,Clements,female,944-566-9664,Erlanger,United States,87121,Alaska,888 Folsom,1960-12-02
crmid:8597535813,inducing1933@yandex.com,Adolph,Britt,,792-838-1180,Melrose,United States,16172,Idaho,584 Ingerson,1989-02-12
crmid:9417071408,defiant2056@gmail.com,Laquanda,Rios,female,249-908-1926,Summerville,United States,17814,Arizona,933 Hawes,1950-05-25
crmid:6621247689,maxillas2048@outlook.com,Boris,Saunders,male,031-253-5831,Salt Lake City,United States,07074,Illinois,351 Grand View,1931-01-26
crmid:6716010799,riemannian1870@live.com,Jong,Bennett,female,516-086-3967,Edwardsville,United States,23115,Florida,1386 Sycamore,1958-04-02
crmid:2084015816,preprudently1835@yandex.com,William,Bryant,,972-594-1044,Glendora,United States,26697,West Virginia,331 Clyde,1966-05-07
crmid:8453611681,craze1850@yandex.com,Roger,Leach,male,551-708-1067,Camden,United States,41999,North Carolina,887 Williar,1943-08-17
crmid:7706254641,bonobo2008@gmail.com,Jamey,Dillard,,482-468-9609,Stanton,United States,32820,Nebraska,909 Fern,1972-08-08
crmid:3751278539,ailuropus1930@outlook.com,Bebe,Leonard,female,767-397-1458,East Palo Alto,United States,05989,Rhode Island,686 Hunt,1957-01-17
crmid:6136111869,groundsheet2014@outlook.com,Tomas,Jones,male,004-234-1123,Brea,United States,64240,Colorado,183 Patton,1941-12-18
crmid:1018262797,westwards1854@outlook.com,Sheldon,Sutton,,631-816-7096,Layton,United States,39851,South Carolina,373 Nimitz,1981-07-13
crmid:7737425607,aspersion1827@live.com,Devin,Barron,,787-695-6717,Fremont,United States,75814,Arkansas,1191 Rio,1964-03-17
crmid:4524583060,depark1991@outlook.com,Jeffery,Luna,male,947-385-6188,Baton Rouge,United States,28233,Florida,765 Tocoloma,1936-05-18
crmid:3747239963,dupable1886@outlook.com,Isaiah,Klein,,895-898-6467,Hammond,United States,49629,Oregon,347 Pena,1969-08-12
crmid:5618525888,documentary2028@yahoo.com,Jared,Kane,,251-787-2295,Houston,United States,13923,New Jersey,1209 Rosella,1973-03-23
crmid:3214644005,hippuridaceae1918@live.com,Lashunda,Davis,female,304-350-3747,De Land,United States,92478,Wisconsin,944 Mistral,1953-05-08
crmid:5543831217,bred1870@gmail.com,Denver,Valenzuela,,007-039-7462,San Mateo,United States,92518,Washington,706 De Boom,1963-01-19
crmid:7770067642,earthenware1813@yandex.com,Royal,Hood,,833-186-0101,Irvine,United States,81429,Kentucky,537 Auburn,1975-08-05
crmid:4714225141,disorderer2009@live.com,Julius,Diaz,male,294-417-6116,Brookfield,United States,34549,Oregon,893 Stillings,1941-06-08
crmid:2114978509,arsonium1950@live.com,Kathyrn,Gentry,female,848-095-9986,South San Francisco,United States,12997,Idaho,923 Carmelita,1954-11-09
crmid:9022049109,balcony1831@yahoo.com,Gale,Delacruz,male,251-079-3567,Bainbridge Island,United States,52302,Ohio,229 Ottawa,1935-10-08
crmid:4997362829,chukchi1964@yandex.com,Lonny,Sims,,130-286-7679,Pueblo,United States,72554,Virginia,475 Myrtle,1964-10-18
crmid:1392007233,blissfully1908@yahoo.com,Jeffry,Quinn,male,714-572-0451,Albert Lea,United States,87908,Wyoming,393 H,1931-05-24
crmid:7607115807,aesthetic1966@yahoo.com,Seymour,Rowland,,943-964-3904,La Vista,United States,14876,Massachusetts,1044 Moultrie,1979-02-26
crmid:8333550468,caridean1845@outlook.com,Lewis,Weeks,male,565-056-6769,Port Hueneme,United States,93690,Oklahoma,1368 Nob Hill,1944-06-30
crmid:5607620206,verbenaceae1863@gmail.com,Lester,Clements,,143-316-1897,Sandy,United States,54030,South Carolina,91 Craig,1980-08-30
crmid:3350556326,erasement1831@live.com,Tyrone,Jenkins,,989-174-3548,Prairie Village,United States,64342,Washington,1340 Bosworth,1984-07-14
crmid:2321744611,earmark1850@yahoo.com,Danika,Thompson,female,634-611-2398,Cookeville,United States,98206,Mississippi,928 Powers,1950-02-24
crmid:4508962297,cruise1840@gmail.com,Jewell,Rutledge,,505-818-6046,Paramount,United States,43777,Colorado,106 Ulloa,1982-04-13
crmid:5157089405,pretranscription1882@outlook.com,Darrin,Griffith,,528-718-2900,Fremont,United States,97731,Wisconsin,243 Turquoise,1964-11-24
crmid:8700537969,neurovaccination1922@yahoo.com,Jeremiah,Franco,,574-196-2944,Zion,United States,65429,Maryland,1397 Hemdale,1979-09-04
crmid:1707369287,valours1945@yandex.com,Alton,Mcmahon,,848-114-0920,Naugatuck,United States,30687,Pennsylvania,1138 Erie,1995-07-22
crmid:2043595206,fidelia2023@gmail.com,Oswaldo,Rosario,,265-858-4319,Hamilton,United States,61404,Indiana,1380 Middle West,1969-11-09
crmid:4099107309,altin2023@yahoo.com,Howard,Spears,male,300-983-5866,Baltimore,United States,22643,California,130 Carl,1935-05-27
crmid:8574754195,wampum1895@live.com,Williams,Shaffer,,403-921-8929,Lorain,United States,78887,Missouri,609 Skyview,1984-12-07
crmid:7173381729,hemopathy1943@yahoo.com,Claude,Farley,female,771-198-9207,Corvallis,United States,76292,Virginia,849 Heritage,1951-12-24
crmid:9554170552,equvalent1848@outlook.com,Hunter,Dominguez,,664-292-8693,Fullerton,United States,04257,Connecticut,1377 Gorham,1964-01-18
crmid:7136176751,bourreau1954@live.com,Jimmie,Humphrey,male,426-031-4962,Cedar Rapids,United States,94475,Maryland,885 Argonaut,1945-05-15
crmid:6063369490,afterimage1939@yahoo.com,Argelia,Goodman,female,402-417-2641,Cudahy,United States,06357,New Jersey,149 Arnold,1952-01-12
crmid:4407183741,correal1880@live.com,Solomon,Donaldson,male,220-369-0466,Beverly,United States,54053,Alaska,133 Montclair,1939-09-08
crmid:9075778315,wangler2057@yandex.com,Eliseo,Pitts,,317-874-7338,Haines City,United States,01774,North Carolina,650 Leavenworth,1969-01-06
crmid:3148498712,plimsol1836@gmail.com,Robbi,Figueroa,female,800-896-9634,Cypress,United States,40686,Colorado,149 Belcher,1952-07-09
crmid:4243275258,knaw1947@gmail.com,Jerlene,Pittman,female,566-479-3004,White Bear Lake,United States,17062,Nevada,883 Miguel,1951-04-23
crmid:3842013190,clink1951@live.com,Anika,Mills,female,905-032-9357,Elizabeth,United States,04529,Colorado,1133 Arroyo,1958-01-20
crmid:1455504159,derelict1803@yandex.com,Lane,Mcdonald,male,144-442-4928,Arroyo Grande,United States,32915,Arizona,535 Stoneman,1934-06-19
crmid:7238915632,decaf1850@outlook.com,Kati,Whitley,female,031-442-8631,Cicero,United States,69918,Connecticut,84 Belden,1947-10-09
crmid:4127429425,recipe1935@gmail.com,Kaley,Stephenson,female,231-876-9793,Naperville,United States,28052,Rhode Island,207 Paradise,1995-04-08
crmid:2504724799,malpracticing1881@outlook.com,Jeffery,Mclean,male,771-196-1805,Ardmore,United States,76558,Hawaii,430 Pontiac,1933-12-10
crmid:1166728033,cypher1802@yandex.com,Harold,Barry,male,507-333-5420,Rancho Cordova,United States,00001,Pennsylvania,627 Burgoyne,1938-04-02
crmid:1995375087,boudreau2036@outlook.com,Russ,Pena,,147-876-8950,Riverton,United States,75639,Vermont,946 Crook,1980-09-08
crmid:6625869174,boran1821@yandex.com,Pat,Cole,male,444-568-7223,Arroyo Grande,United States,41044,Montana,1375 Wisconsin,1934-08-06
crmid:1730633671,cornea1846@live.com,Shawn,Maxwell,male,686-221-8125,Atascadero,United States,56722,New York,524 Loraine,1934-09-18
crmid:6885381157,vomitorium1802@yandex.com,Kimiko,Guy,female,899-199-2448,Compton,United States,62107,Nevada,207 Deems,1949-10-28
crmid:8375288545,ambiguous2021@outlook.com,Glady,Montoya,female,185-824-3460,Dublin,United States,86993,South Dakota,1051 The Embarcadero,1956-03-20
crmid:4398727464,credendum1846@outlook.com,Anderson,Clark,,911-380-2804,Mamaroneck,United States,24158,Virginia,127 Cecilia,1986-05-15
crmid:8988210517,koala1850@yahoo.com,Darnell,Ellison,male,742-977-4594,North Little Rock,United States,09127,Alaska,876 Armistead,1998-01-24
crmid:5970052067,palaeoalchemical1998@gmail.com,Tameika,England,female,314-082-8978,Cypress,United States,48765,Nevada,948 Commer,1952-08-09
crmid:1786786558,echinus1949@gmail.com,Marcellus,Wilkins,,411-794-3532,Layton,United States,98030,Wisconsin,1081 Landers,1981-06-28
crmid:8026714972,separated2022@live.com,Leo,Walton,,933-344-5956,Odessa,United States,46739,New Mexico,799 Rey,1992-10-20
crmid:8635553429,requisitely1932@live.com,Werner,Blair,,810-013-3647,Mission Viejo,United States,35545,Georgia,376 Dunnes,1991-07-17
crmid:2882436645,charmeuse1987@gmail.com,Angla,Garza,female,163-943-6019,White Bear Lake,United States,97003,Arizona,1309 Friedell,1952-01-11
crmid:7344154965,erasement1818@outlook.com,Deandre,Gonzalez,,535-719-4096,Knoxville,United States,70935,Arizona,735 Woodland,1978-12-06
crmid:6434869838,booking1949@live.com,Demetrius,Solis,female,780-428-2689,Waco,United States,26852,Virginia,326 R,1960-11-04
crmid:2190151744,skreel1851@yahoo.com,Reggie,Cline,,241-647-4202,Mill Creek,United States,87919,Virginia,339 Church,1990-02-25
crmid:4171541751,clink1983@yandex.com,Sherwood,Jackson,,714-928-3224,Hartford,United States,17149,Maryland,388 Moraga,1970-04-23
crmid:8180300431,impala1976@yandex.com,Samuel,Underwood,,105-679-8766,Logansport,United States,94888,Minnesota,818 Fielding,1983-07-14
crmid:8972581072,missilery2025@live.com,Gaynelle,Ellison,female,770-825-5207,Norco,United States,71447,West Virginia,140 Tennessee,1998-04-06
crmid:4531335594,akita1832@yahoo.com,Kenton,Henson,male,114-180-0262,Cartersville,United States,74790,Delaware,800 Divisadero,1944-12-11
crmid:8931668921,confab1879@gmail.com,Huey,Benton,,088-448-6514,Mount Juliet,United States,23091,Connecticut,870 Rivoli,1993-05-04
crmid:2180447822,tailcoat2024@yahoo.com,Sherman,Vang,male,561-846-7349,Allen,United States,58499,Maine,612 Weldon,1931-09-29
crmid:1850180897,inducting1886@outlook.com,Valentine,Sellers,female,355-627-8228,Clarksville,United States,58577,South Dakota,1075 Friedell,1948-10-17
crmid:2300552134,definitised1846@outlook.com,Luci,Rich,female,871-421-7986,West Bend,United States,13570,Mississippi,357 Northwood,1947-10-11
crmid:6106988713,sales2014@yahoo.com,Jessika,Simon,female,187-783-6296,Waynesboro,United States,28537,Texas,1377 Mansfield,1961-04-27
crmid:4546202753,clownery1809@yandex.com,Mckinley,Kinney,male,594-241-2799,Burnsville,United States,32035,Oregon,501 Rosella,1943-07-16
crmid:6864746269,scheme1810@gmail.com,Richie,Gomez,male,644-054-2922,Alexandria,United States,64006,New Hampshire,6 Saul,1931-11-29
crmid:6646174548,parorchis1848@live.com,Werner,Noble,male,036-037-1538,West Lafayette,United States,80536,Oklahoma,304 Berry,1935-10-21
crmid:5710305219,bumpy1997@yandex.com,Damien,Cooke,male,551-748-8860,Paramount,United States,01430,Pennsylvania,248 Hubbell,1934-02-07
crmid:1835245606,distad1851@live.com,Jolyn,Ellis,female,440-774-6946,Pharr,United States,98229,Nebraska,208 San Carlos,1958-12-08
crmid:3996377653,auberge1997@live.com,Carlo,Flores,,096-360-4305,South Elgin,United States,77610,Missouri,1313 Fargo,1966-11-16
crmid:2099332162,sycophantry2061@gmail.com,Gary,Wiggins,,354-403-7894,Marina,United States,45890,North Carolina,809 Capistrano,1987-07-30
crmid:7444968521,convected1871@outlook.com,William,Morin,,592-376-9896,Lebanon,United States,26674,Arkansas,505 Delancey,1981-05-01
crmid:9638250320,earles2061@live.com,Kevin,Robbins,male,359-052-7865,Acworth,United States,34053,Oregon,767 Romain,1930-06-25
crmid:7631896384,coelacanthoid1894@yandex.com,Theron,O'neil,,579-142-1997,Warrensburg,United States,48075,Florida,379 Nauman,1989-09-27
crmid:8402064364,cupper1898@yahoo.com,Prince,Pacheco,,971-432-2011,Round Lake,United States,39346,Oregon,394 Water,1970-10-31
crmid:2987921825,ardith2047@live.com,Jean,Byrd,male,810-820-8054,Adrian,United States,24969,Rhode Island,800 Amherst,1930-05-05
crmid:1246764396,criticism1896@gmail.com,Wesley,Hartman,male,509-062-0308,Anniston,United States,88339,Wyoming,35 Warren,1933-11-28
crmid:9226334928,oreophasine1870@outlook.com,Rodolfo,Hendricks,,366-277-3157,Joplin,United States,57239,Florida,461 Parque,1976-09-13
crmid:4114824762,broomer2049@gmail.com,Vertie,Turner,female,452-334-0281,Fairmont,United States,65694,New Hampshire,1107 Holly,1961-11-26
crmid:4728119136,crane1964@outlook.com,Giuseppe,Whitehead,,472-141-0168,Livermore,United States,47903,New York,896 Romain,1983-07-18
crmid:4960592672,anhedonia1866@yahoo.com,Sergio,Baird,,755-160-1236,Frisco,United States,67840,Mississippi,463 Cuesta,1964-11-20
crmid:8484960724,photographic1834@yahoo.com,Sammy,Dejesus,,728-647-1646,Gillette,United States,88053,Pennsylvania,303 Broderick,1966-04-29
crmid:3165417383,rottweiler1901@live.com,Keneth,Turner,male,431-648-6381,Altamonte Springs,United States,68741,New Mexico,586 Roscoe,1931-11-11
crmid:9988332959,milliard1973@yandex.com,Corrin,Hicks,female,122-070-5856,East Providence,United States,54188,Idaho,7 Isadora Duncan,1957-09-04
crmid:7096123061,isopoda1845@gmail.com,Ezekiel,Jones,,443-097-0751,Pekin,United States,39752,Delaware,1132 Caselli,1970-09-30
crmid:4281777995,guppy1914@outlook.com,Vanda,Jarvis,female,026-921-3150,Chesterfield,United States,58529,Alaska,601 Cosmo,1946-09-15
crmid:9748592305,afterimage1998@outlook.com,Sparkle,Carver,female,224-782-1668,Coralville,United States,46661,Louisiana,183 Jack London,1950-08-05
crmid:5575855406,sclerosing2069@outlook.com,Katelynn,Mclaughlin,female,861-140-1042,Yuba City,United States,12558,Vermont,268 Cushman,1953-05-19
crmid:2194833850,cypress1905@yandex.com,Regine,Melton,female,569-250-9869,Duluth,United States,66197,Kansas,535 Shoup,1956-12-14
crmid:4832585033,rickstand1801@live.com,Weldon,Myers,male,018-362-8601,Battle Ground,United States,95400,Illinois,1363 Parkhurst,1936-10-21
crmid:4427121503,dustman1900@gmail.com,Stevie,Keller,male,887-498-3902,West Valley City,United States,57049,Delaware,404 Vine,1996-02-17
crmid:5913816775,caseloads1847@gmail.com,Roscoe,Kaufman,male,474-049-3995,San Gabriel,United States,04924,Virginia,897 Lee,1930-08-16
crmid:2947783364,avernal1871@gmail.com,Dong,Raymond,,667-064-1574,Little Rock,United States,70571,Florida,160 Aztec,1983-01-01
crmid:9634415357,ultima1826@outlook.com,Melvin,Copeland,,678-132-2943,Kalamazoo,United States,83350,Georgia,1006 Pemberton,1976-04-11
crmid:7343284774,erminia1985@live.com,Louie,Pickett,male,670-133-0240,Upper Arlington,United States,07586,Pennsylvania,1196 Battery Cranston,1939-06-23
crmid:2332925796,grasper2058@outlook.com,Florentino,Burton,,764-965-9427,Mason City,United States,00189,New Hampshire,1023 Tulip,1987-02-11
crmid:3576768913,sapient1926@gmail.com,Vernon,Byrd,,868-204-8576,Gladstone,United States,51502,Mississippi,64 Massasoit,1966-10-07
crmid:2233871899,amaranthine1937@yahoo.com,Cristopher,Sexton,,136-075-8209,Hazleton,United States,68517,Massachusetts,550 Summit,1970-10-30
crmid:8678166600,science2043@yahoo.com,Oren,Moses,,019-373-0965,Fort Worth,United States,41639,New Mexico,187 Pierce,1963-07-12
crmid:6279651703,importers1984@gmail.com,Benny,Frazier,,373-448-4479,Gaithersburg,United States,29060,Mississippi,810 Bayview,1964-04-03
crmid:1577487277,hemoglobin1839@live.com,Edgardo,Rivas,male,371-513-1245,Beavercreek,United States,77357,Minnesota,8 France,1937-12-06
crmid:1459227201,unfailed1896@outlook.com,Benny,Conner,,388-019-3351,Mooresville,United States,90509,Idaho,53 Fitzgerald,1993-01-17
crmid:3928595338,veining1912@outlook.com,Freddie,Ashley,,879-956-9436,Radcliff,United States,43604,Texas,216 East Crystal Cove,1985-06-13
crmid:1116398008,labyrinth1833@outlook.com,Janean,Henderson,female,615-374-9730,Coon Rapids,United States,25616,New Hampshire,351 Stratford,1950-04-13
crmid:7844010822,abominable1824@yahoo.com,Rubin,Strong,male,857-116-8438,Brooklyn Park,United States,43085,Vermont,357 Egbert,1942-08-28
crmid:4553404214,elysia1849@outlook.com,Lucas,Macias,,193-221-7009,Monroe,United States,68375,Utah,377 Chenery,1992-12-03
crmid:4399051398,disbelief2042@yahoo.com,Mistie,Garrison,female,201-572-0229,Olympia,United States,66393,Massachusetts,535 Security Pacific,1959-11-12
crmid:3613913124,ecospecific2004@gmail.com,Prince,Price,male,010-573-8407,Salem,United States,07603,South Carolina,729 Chain Of Lakes,1937-08-24
crmid:3267734571,businesswoman1915@yahoo.com,Harland,Higgins,,950-108-8943,Orland Park,United States,57712,Wyoming,603 London,1999-06-26
crmid:5559888633,awide1842@live.com,Charise,Boyle,female,487-694-9096,Fairfield,United States,04048,West Virginia,1290 Drake,1961-02-03
crmid:7065165329,unfailed1971@outlook.com,Thanh,Blanchard,male,679-613-3954,Carson City,United States,55367,New Hampshire,533 Colton,1944-09-03
crmid:5142589668,belion1878@outlook.com,Rayna,Stevenson,female,682-526-8146,Citrus Heights,United States,45168,Kentucky,1031 Stoneyford,1947-07-28
crmid:8844623687,snidest2016@yandex.com,Mitchell,Burt,,510-642-3611,Wadsworth,United States,56161,Massachusetts,476 Quesada,1978-11-11
crmid:8055518289,rebend1880@live.com,Zenobia,Hunter,female,037-296-2850,San Luis Obispo,United States,78546,Pennsylvania,703 Avalon,1954-09-15
crmid:4754502039,mediums2027@gmail.com,Grant,Simpson,male,409-007-2483,Asbury Park,United States,28944,Colorado,58 Laidley,1934-04-27
crmid:8538138664,superpiousness1857@live.com,Gonzalo,Forbes,,360-752-0336,Lake Oswego,United States,04721,Delaware,628 Baxter,1980-02-28
crmid:3701947208,chimu1810@live.com,Jesse,Bowman,,214-422-6044,Royal Palm Beach,United States,52204,South Dakota,1211 Arguello,1968-04-18
crmid:6308144100,claustrum2069@yandex.com,Kelley,Walsh,,472-333-8816,Prior Lake,United States,74167,Iowa,1077 Vermont,1977-08-22
crmid:3211332559,telegrams1947@yandex.com,Brigid,Gilmore,female,034-567-7873,Danville,United States,79969,Iowa,1228 Laguna,1953-01-11
crmid:1578919082,troutiest1949@outlook.com,Arlie,Moses,,070-266-5747,Pleasant Grove,United States,59656,South Dakota,600 Larch,1997-07-31
crmid:9781237998,seining1888@gmail.com,Hank,Kemp,,751-569-3735,Oak Creek,United States,31976,New Mexico,207 Annie,1970-12-06
crmid:3593798115,tailcoat1834@yahoo.com,Simon,Hudson,,185-012-8524,Lakeville,United States,84539,Illinois,1351 Cityview,1980-08-15
crmid:3511807053,elusory1940@gmail.com,Emerson,Jones,male,727-033-7451,Boulder,United States,81098,Wisconsin,562 Naples,1940-03-16
crmid:4769298134,teemless1833@gmail.com,Mickey,Golden,,725-261-6484,San Fernando,United States,79454,Alaska,135 Whitney Young,1985-08-23
crmid:3200883694,exogen1820@yandex.com,Avery,Bradshaw,,941-600-8723,Stow,United States,40260,Washington,791 Battery East,1993-01-22
crmid:2735847831,accidia1806@yahoo.com,Marcelo,Clayton,,570-418-3701,Lomita,United States,63703,Massachusetts,585 Ames,1984-10-24
crmid:3083060842,interscene1919@yahoo.com,Levi,Herring,male,427-464-1214,Berkeley,United States,63700,North Carolina,550 Granada,1938-11-28
crmid:1216933643,consciences2050@live.com,Brady,Mooney,,040-658-4193,Plantation,United States,27404,New York,379 Addison,1967-10-23
crmid:3658001051,enneateric1924@outlook.com,Homer,Navarro,,945-610-7447,Southaven,United States,42760,Kansas,207 Sagamore,1984-08-09
crmid:3903849115,shaping1818@outlook.com,Ethyl,English,female,468-754-3214,Champlin,United States,16010,Ohio,28 Hodges,1946-03-09
crmid:6318416937,demir1919@yahoo.com,Leslie,Castillo,male,647-180-3837,Newburyport,United States,11967,Massachusetts,401 Ravenwood,1997-02-12
crmid:2698054988,candida2012@outlook.com,Aleen,Clements,female,156-573-2175,Raymore,United States,86154,Idaho,1052 Zeno,1952-11-01
crmid:3046766740,comix1841@live.com,Felton,Hines,male,539-339-7509,Providence,United States,04770,Pennsylvania,704 Sherwood,1940-04-14
crmid:5903286471,syphered1941@live.com,Rodrigo,Olson,male,290-331-2404,Alameda,United States,99669,New Hampshire,486 Kamille,1930-10-22
crmid:5498669492,vanished1891@live.com,Reginald,Ray,,680-510-8863,West Valley City,United States,20479,Washington,1313 Exeter,1966-03-02
crmid:2512344728,outbetter2070@yandex.com,Latia,Allen,female,585-318-0930,Columbia Heights,United States,22558,Rhode Island,184 Napoleon,1949-05-01
crmid:1953908364,adventure1941@gmail.com,Misha,Jackson,female,739-040-3134,North Tonawanda,United States,71315,Florida,622 Pine,1999-03-28
crmid:5745762152,adjuster1963@gmail.com,Aron,Paul,,468-583-1560,Mesa,United States,02663,New Hampshire,1094 Ignacio,1989-01-11
crmid:2260562905,wimple2070@yandex.com,Alex,Heath,,805-433-2614,San Diego,United States,81737,Alabama,404 Palmetto,1976-04-23
crmid:7513261960,boutade1853@live.com,Roosevelt,Baird,male,232-505-8273,West Fargo,United States,84641,Indiana,808 Jack Micheline,1933-08-01
crmid:1777251115,desistance1888@outlook.com,Alfonzo,Shaffer,,738-958-6822,Littleton,United States,46585,Ohio,637 Marietta,1983-07-10
crmid:1483050337,brockman1951@yahoo.com,Floyd,Levine,,343-847-4952,Sherman,United States,91022,Maine,762 Double Rock,1971-03-24
crmid:7757333603,wolf1966@yahoo.com,Harland,Schmidt,,358-976-1903,Minnetonka,United States,13683,Vermont,549 Moulton,1991-02-20
crmid:8119104409,battlers2063@gmail.com,Donovan,Wagner,male,271-787-5367,Batavia,United States,19770,New York,311 Monte Vista,1936-03-30
crmid:4616129720,hangfire1859@outlook.com,Simon,Hawkins,,320-044-0993,Independence,United States,41598,South Carolina,1163 Constanso,1974-08-21
crmid:4635453793,elaterist1977@live.com,Joette,Mcneil,female,971-462-9946,Nicholasville,United States,51657,Alaska,510 Michigan,1997-09-21
crmid:7304425444,cobwebs1891@yandex.com,Claude,Elliott,,298-317-0209,Tampa,United States,56727,Connecticut,341 Indiana,1990-12-15
crmid:6998069912,koala1942@yahoo.com,Han,Short,female,488-907-8392,Daphne,United States,61362,New Hampshire,207 Orsi,1953-10-22
crmid:6720004778,overreached1916@gmail.com,Francoise,Hays,female,898-522-6305,Emporia,United States,19220,Kentucky,1118 Taber,1959-03-13
crmid:6224800570,pourer2041@yahoo.com,Tammera,Wilcox,female,743-288-1831,Fargo,United States,42087,New Hampshire,978 Martinez,1961-08-31
crmid:8692811456,dhava1977@yahoo.com,Dwight,Clay,,643-718-4948,Grand Island,United States,99519,Montana,109 Michigan,1967-04-17
crmid:1240163868,unworshipful1857@yandex.com,Joan,Joyce,,295-535-3431,Indio,United States,13328,Texas,600 Collingwood,1974-04-13
crmid:8686412123,zillionaire1965@gmail.com,Teodoro,Frost,,249-817-7574,Hays,United States,73763,Delaware,709 Mammon,1970-12-23
crmid:9423735991,stowps1813@yahoo.com,Olin,Cook,,564-333-9147,Oak Harbor,United States,53461,South Dakota,880 Atoll,1978-04-14
crmid:6754837553,phonophoric1947@yahoo.com,Glenn,Chandler,,350-085-8582,Frederick,United States,85619,South Dakota,63 Laguna Honda,1964-08-18
crmid:7675009052,siums1810@live.com,Wilber,Meadows,,270-104-5865,Ogden,United States,40554,Alaska,451 Marina Green,1982-10-01
crmid:5721411200,undergabble2060@live.com,Isis,Steele,female,443-603-4093,New Philadelphia,United States,89875,New Hampshire,899 Ord,1996-04-30
crmid:2567709195,redpanda1916@gmail.com,Marshall,Petty,,281-554-8368,Greenville,United States,30390,New Hampshire,82 Keppler,1968-06-28
crmid:9370406355,cattle1834@outlook.com,Amado,Ashley,,266-319-0182,Northglenn,United States,34050,Massachusetts,1382 Hawthorne,1999-06-04
crmid:9050135752,caribou1885@yahoo.com,Tory,Mann,,806-365-2083,Hot Springs,United States,55717,Ohio,271 Lupine,1973-09-18
crmid:5994266743,osmols2031@outlook.com,Ike,Patrick,male,642-693-6107,Calabasas,United States,26757,New Jersey,335 Seal Cove,1943-05-23
crmid:6429097900,regularity1834@live.com,Vannessa,Reynolds,female,355-098-6282,Eau Claire,United States,54903,Ohio,1159 Thomas More,1957-09-24
crmid:1082547328,nozi1832@yandex.com,Sean,Saunders,,671-159-4298,Paradise,United States,49951,California,1292 San Juan,1984-05-30
crmid:5374668529,ascertainability2001@outlook.com,Mose,Bruce,,613-024-8257,Seal Beach,United States,83645,Wyoming,598 Oxford,1972-07-05
crmid:4492456204,coghlan1879@live.com,Lavone,Turner,female,736-423-3801,East Lansing,United States,23951,Nebraska,887 Parkhurst,1957-05-29
crmid:7338442433,carrefour1893@gmail.com,Sana,Compton,female,501-552-7051,Dana Point,United States,79407,Connecticut,542 Thornburg,1952-12-18
crmid:6211116084,clevie1958@yahoo.com,Julian,Decker,,573-723-4593,Modesto,United States,29283,Rhode Island,650 Jauss,1992-04-07
crmid:7176121469,hymenium1929@yandex.com,Trey,Hooper,,149-390-4774,Fort Dodge,United States,88398,Nevada,1096 Frederick,1963-09-26
crmid:8129028259,buffoonish2018@live.com,David,Lynn,,624-590-7280,Perth Amboy,United States,34314,South Dakota,1170 Randolph,1972-07-21
crmid:5310742448,dorsal2036@outlook.com,Noel,Kidd,male,677-205-3818,Carlisle,United States,84656,Wisconsin,669 Avenue D,1944-07-16
crmid:4829859012,nontarred1967@live.com,Heriberto,King,male,183-731-3048,Carson City,United States,72431,Colorado,728 Oak Hills,1944-12-09
crmid:7713609931,calfret2021@live.com,Fredric,Knowles,,623-844-5516,West Sacramento,United States,97382,Wisconsin,994 Sal,1988-05-19
crmid:6194743248,girlies2065@live.com,Javier,Meyers,,399-379-3497,Kettering,United States,69602,Texas,968 South Van Ness,1977-11-20
crmid:5337783122,arcturia1849@gmail.com,Tommy,Lambert,,098-195-1693,Roswell,United States,83955,Colorado,197 Linares,1974-05-09
crmid:1058522126,bellwood1962@yandex.com,Elvin,Combs,,188-875-6291,Muskegon,United States,71917,Maryland,775 Lyon,1994-08-06
crmid:4219695119,basin1899@live.com,Milly,Erickson,female,101-186-4568,Riverton,United States,63496,Ohio,626 Fowler,1956-06-09
crmid:5458015953,seise1910@yandex.com,Alfred,Riggs,,805-214-1466,Roswell,United States,31467,Minnesota,782 Gloria,1980-04-19
crmid:1007129167,consul1807@outlook.com,Jessie,Kane,male,568-655-2866,Angleton,United States,64005,Rhode Island,1278 Turner,1932-10-10
crmid:3998536670,pitahauerat2010@yandex.com,Julio,Cox,female,797-950-6965,Sandy Springs,United States,12147,Delaware,223 Turk,1946-04-07
crmid:8931440678,precourse1877@yahoo.com,Mariano,Tyson,,503-759-7377,Kingston,United States,55677,Wyoming,723 Olympic Country Club,1977-09-18
crmid:2099837167,paratrophy1891@yandex.com,Trey,Sawyer,,613-770-2225,Warren,United States,85788,Michigan,1400 Exposition,1982-09-07
crmid:7310557498,boneless1999@live.com,Mel,Pena,,263-876-7935,Woodridge,United States,88133,Nebraska,1205 Oreilly,1968-06-06
crmid:8856789070,cabalist1964@live.com,Wava,Williamson,female,147-077-1371,El Reno,United States,59455,Connecticut,147 Sierra,1958-09-24
crmid:1758457463,tromometric1832@gmail.com,Simon,Park,,360-077-6595,Grandville,United States,87465,South Dakota,1082 Bessie,1967-12-24
crmid:2975282732,switchers1951@outlook.com,Curt,David,,910-086-5200,La Verne,United States,11815,Maine,286 Cresta Vista,1979-02-24
crmid:4552817143,affies1912@outlook.com,Harvey,Turner,,885-317-9909,Payson,United States,95766,New Jersey,511 Otsego,1998-10-26
crmid:6541780784,diktat1817@live.com,Byron,Burnett,,634-209-4071,Mountain Brook,United States,49600,Nebraska,398 Balceta,1994-08-21
crmid:3262921306,shopkeeperess2001@yandex.com,Clarence,Hendrix,,002-871-6517,West Springfield,United States,40039,Oregon,1141 Overlook,1986-11-02
crmid:5991733971,ceratium1828@yandex.com,Mauricio,Bishop,male,080-400-2870,Asbury Park,United States,60910,Arkansas,55 Cook,1934-10-13
crmid:8306262987,catherina1816@yandex.com,Miles,Puckett,,861-523-1416,Maple Grove,United States,17142,South Carolina,1345 Badger,1986-03-26
crmid:3514713552,cantaloupes1848@yandex.com,Guy,William,,504-839-9237,Wichita Falls,United States,32891,Wyoming,496 Chabot,1972-03-09
crmid:1444253675,mindsets1911@gmail.com,Valeri,Andrews,female,417-669-6474,South Plainfield,United States,20752,New Jersey,573 Congdon,1955-09-01
crmid:1666192440,average2028@yahoo.com,Harlan,Melendez,male,230-848-8094,Carmel,United States,95742,Michigan,1318 Blanche,1944-04-20
crmid:6471907563,rumpus1994@outlook.com,Brooks,Randall,male,771-908-4162,Topeka,United States,17679,Wyoming,742 Neptune,1943-02-24
crmid:7574311210,cephalins1843@yahoo.com,Jerrell,Alston,male,912-059-9234,Carson,United States,28465,Nebraska,497 Ewing,1944-05-01
crmid:6947000415,guineafowl1824@yahoo.com,Roberto,Schmidt,,211-110-3137,Kent,United States,81588,Utah,904 Bengal,1977-11-05
crmid:6453682454,inducing1844@outlook.com,Genesis,Quinn,female,801-207-9569,Suisun City,United States,17628,California,1137 Encinal,1949-03-24
crmid:3184731164,albian1855@outlook.com,Marguerita,Mcconnell,female,788-431-5961,Pensacola,United States,25517,Missouri,977 Stanford Heights,1956-06-19
crmid:7317467992,tropicbird1811@gmail.com,Lon,Gilbert,male,236-790-8644,Springville,United States,03902,Massachusetts,421 Conwell,1933-06-11
crmid:1082547328,dogfish1830@yandex.com,Marty,Bullock,male,359-748-8962,Apex,United States,93999,Arkansas,218 Moreland,1933-07-04
crmid:1872526619,except1962@outlook.com,Tyron,Wade,male,691-273-1754,New Braunfels,United States,05589,Utah,263 Sparta,1996-01-21
crmid:2669994339,apartness1978@outlook.com,Lupe,Bright,,659-769-4521,Glen Ellyn,United States,37015,Oregon,1267 Milton,1966-06-24
crmid:1022191251,collodion2011@gmail.com,Isiah,Delacruz,,962-945-9421,Raleigh,United States,35282,Kentucky,560 Plaza,1977-11-18
crmid:1624956901,stachydrin1859@gmail.com,Lincoln,Ratliff,male,786-914-1798,Cabot,United States,77917,Connecticut,1284 Abbey,1943-12-12
crmid:3234968606,kinkajou1927@outlook.com,Elden,Mathews,,649-757-1422,Maywood,United States,52165,West Virginia,1333 Hollywood,1988-10-01
crmid:5920874389,novela2026@yahoo.com,Alec,Head,,248-408-9999,West Memphis,United States,49203,New Hampshire,574 San Jose,1981-12-30
crmid:7222793451,arias1875@live.com,Harrison,Lucas,,314-067-5739,Fitchburg,United States,55537,Ohio,730 Oloran,1962-10-27
crmid:4390311404,decertation2033@gmail.com,Kristel,Mccray,female,197-634-7843,Taylor,United States,56120,Missouri,888 Saint Germain,1998-09-22
crmid:1744017781,adenitis1949@yahoo.com,Jacinto,Yates,,083-361-6345,Gahanna,United States,44869,Oregon,770 Lamson,1964-08-25
crmid:6880033930,chlorophane1952@outlook.com,Reed,Hodge,male,904-586-2448,Aventura,United States,48235,Montana,1071 London,1935-08-14
crmid:3831419398,backers1859@outlook.com,Penney,William,female,957-518-5418,Vero Beach,United States,96848,Rhode Island,1392 Isis,1961-07-31
crmid:2549847336,berri2003@yahoo.com,Ervin,Guthrie,,365-785-2130,Leavenworth,United States,59825,Vermont,354 Andrew,1981-10-18
crmid:6396730317,orthopathically1884@yahoo.com,Sal,Schwartz,male,443-233-2870,Norwalk,United States,90888,Alabama,910 El Polin,1999-02-25
crmid:8620049743,oxeyes2014@gmail.com,Mignon,West,female,232-232-0857,Chapel Hill,United States,89242,Mississippi,19 Hodges,1946-06-30
crmid:5107890394,pooled1898@yahoo.com,Caleb,Walters,,110-474-5753,Yucaipa,United States,71108,Virginia,195 Foote,1987-03-14
crmid:8313769890,corkey1962@gmail.com,Eugenio,Charles,,389-903-6078,Toledo,United States,70189,Hawaii,1090 Capistrano,1987-01-12
crmid:1264840365,citral1973@gmail.com,Steve,Sawyer,,567-398-3138,Shoreview,United States,25982,Michigan,1231 Wallace,1962-04-18
crmid:9433110302,bolete1988@gmail.com,Ayanna,Hooper,female,657-839-8719,Chula Vista,United States,00328,Delaware,167 Nadell,1947-01-14
crmid:7739272198,spoonyism1866@outlook.com,Eric,Tillman,,679-639-5229,Hinesville,United States,48882,Arkansas,1323 Graystone,1972-07-11
crmid:3367242072,broadmouth1977@gmail.com,Carrol,Vaughan,,283-435-7871,Taunton,United States,44408,Colorado,648 Midway,1987-08-30
crmid:8315116725,overdiscount1826@live.com,Henry,Moody,female,330-193-1920,Torrance,United States,92655,Oklahoma,869 Merced,1956-04-20
crmid:5252110677,focally2057@yandex.com,Bobbie,Crane,male,760-153-3943,Adrian,United States,92036,Wyoming,235 Ankeny,1930-01-07
crmid:2074486383,chatting2006@yandex.com,Kendrick,Vinson,male,366-561-2508,Bay City,United States,39964,Louisiana,1308 Taber,1936-06-30
crmid:6808222160,trinity2064@live.com,William,Rich,,147-597-0909,Hoffman Estates,United States,77205,Montana,1244 Hermann,1972-11-25
crmid:2262498109,cithara1990@gmail.com,Danial,Pruitt,,784-140-8190,Frankfort,United States,96725,Washington,98 Broad,1963-11-07
crmid:5048643852,alterman1818@outlook.com,Rogelio,Clements,,050-041-8426,Pelham,United States,46045,Arizona,182 Amador,1990-12-22
crmid:6329430386,eeeeee2011@live.com,Hollis,York,male,426-291-9667,Atlantic City,United States,26441,Delaware,414 Sproule,1934-05-21
crmid:2685759571,antuan1909@live.com,Adrian,Ingram,,745-405-7837,Santee,United States,44049,Indiana,674 Candlewood,1988-07-14
crmid:4748661154,reticulose2011@yahoo.com,Arturo,Crawford,,505-644-2618,Melbourne,United States,19203,Nebraska,1159 Kiska,1989-03-30
crmid:2539342351,pike1860@live.com,Mariano,Peters,male,722-106-5618,Alton,United States,87632,Kansas,373 Cleary,1931-07-23
crmid:5013310162,moggie1886@outlook.com,Chung,Vincent,,497-962-6046,Gilroy,United States,56280,North Dakota,348 Crescio,1966-09-21
crmid:2466688683,chinamen1817@gmail.com,Shera,Blankenship,female,551-785-2670,Columbia,United States,74880,Massachusetts,224 Cityview,1949-10-15
crmid:6040422763,dogie2041@outlook.com,Ardath,Daniel,female,230-686-8204,St. Joseph,United States,52265,Florida,882 Northwood,1960-01-07
crmid:9111313391,cutlet1930@outlook.com,Hugo,Pate,,304-654-2759,South El Monte,United States,32706,West Virginia,728 Hunt,1972-04-22
crmid:5936520350,acclimatise1843@yandex.com,Percy,Allen,,788-511-8587,McDonough,United States,99724,Kansas,175 Cargo,1988-11-30
crmid:3998536670,poephaga1874@outlook.com,Doretta,Adkins,female,696-451-9833,Salisbury,United States,78660,Rhode Island,826 Diamond Cove,1995-04-22
crmid:4450037161,eggfish1898@yandex.com,Tyrell,Acevedo,,853-421-9585,Lynchburg,United States,85356,Hawaii,394 Dove,1985-09-06
crmid:3302939104,evangelian1968@yahoo.com,Archie,Velez,male,476-732-0966,St. Marys,United States,00373,Wisconsin,1280 Lombard,1935-01-29
crmid:5439173213,whitier1975@yandex.com,Jeffrey,Guerrero,,527-328-2489,Gresham,United States,77832,Illinois,147 Merchant,1968-12-01
crmid:4242711264,divots2062@outlook.com,Terrance,Collins,,831-282-6487,Texarkana,United States,28813,South Carolina,931 Thomas,1964-07-28
crmid:6201510935,spelter1817@gmail.com,Grady,Gutierrez,,359-188-2422,Pittsburg,United States,85922,Colorado,72 Marcy,1964-03-08
crmid:6645165651,subinferred2009@outlook.com,Arturo,Wallace,,822-345-4499,Hallandale Beach,United States,36869,South Carolina,837 Gaviota,1969-07-13
crmid:8045834450,glarry1819@yahoo.com,Rodrick,Hicks,,166-015-6660,Ocoee,United States,25426,Arizona,658 Edgardo,1967-05-18
crmid:1902335463,buccina2039@live.com,Sal,Booth,male,037-548-3492,New Smyrna Beach,United States,91094,Alaska,1033 Nelson,1997-09-04
crmid:3033331506,troad1926@yandex.com,Ethan,Johnston,,414-750-0460,Spokane Valley,United States,64281,Idaho,1230 Beulah,1991-07-10
crmid:1411124408,zillionaire2044@yandex.com,Elvin,White,male,009-462-5235,Allen,United States,71194,Arkansas,1003 Greenough,1931-11-06
crmid:9774548679,awful2064@outlook.com,Dong,Delaney,,413-648-0708,Somerville,United States,60737,Iowa,1060 Cameron,1970-01-20
crmid:5787494264,addressee2036@gmail.com,Rudy,Brock,male,428-488-8836,Bessemer,United States,40559,Connecticut,972 Sacramento,1938-08-04
crmid:1209506838,burley1962@outlook.com,Dylan,Travis,,344-119-7524,The Colony,United States,56462,Texas,1155 El Verano,1982-06-23
crmid:4199003117,beshir1986@gmail.com,Isreal,Warner,,924-660-5674,Natchitoches,United States,74699,Massachusetts,664 Munich,1995-12-13
crmid:1329690130,glowfly1945@yahoo.com,Melany,Richardson,female,202-001-6249,Fairfield,United States,32258,Montana,15 Hale,1961-06-24
crmid:7845727492,despiteously1812@outlook.com,Marion,Barker,male,252-080-7299,Twin Falls,United States,69350,Maine,1075 Perego,1943-07-02
crmid:7911497431,navies1939@yandex.com,Gale,Blankenship,,227-658-0455,Rogers,United States,47001,Louisiana,535 Powell,1985-08-24
crmid:1898762469,kudu1901@live.com,Lucio,O'neal,,300-225-9035,Papillion,United States,35734,Illinois,717 Lick,1977-02-19
crmid:9415561787,enneateric1938@live.com,Dirk,Carrillo,,602-375-5362,Manteca,United States,16102,Florida,507 Battery Caulfield,1986-03-04
crmid:9317276033,berri1894@yahoo.com,Ezra,Cruz,,688-439-9096,Mineral Wells,United States,94221,Rhode Island,195 Alabama,1991-06-14
crmid:1515934234,counterdistinct1971@gmail.com,Foster,Calderon,,341-603-8948,Jeffersontown,United States,00271,West Virginia,984 Lloyd,1975-02-25
crmid:8640146497,elegances2003@live.com,Maryland,Case,female,542-969-0419,Parma Heights,United States,17346,Montana,1040 Weldon,1950-12-12
crmid:4153878612,pendative1933@gmail.com,Mayola,Owens,female,893-675-0797,Elk River,United States,30527,Iowa,1257 Onondaga,1959-06-22
crmid:1140231375,hysterectomize1950@live.com,Frederic,Jarvis,,249-950-8263,Marshfield,United States,37429,Maine,434 Willow,1987-06-11
crmid:5530152945,enkidu1808@yahoo.com,Carol,Santiago,,357-788-4995,Tulsa,United States,39960,Tennessee,577 Candlestick Point Sra,1980-07-29
crmid:6698824433,bobbery1814@outlook.com,Quincy,Hodges,,579-128-6704,Vincennes,United States,55945,South Carolina,856 Sacramento,1977-09-21
crmid:2908249493,ashton1939@gmail.com,Sebastian,Snyder,male,030-837-0072,Alamogordo,United States,59058,California,682 Romolo,1930-09-27
crmid:9206282183,stooter1914@yandex.com,Evan,Huber,,407-384-1769,Madera,United States,37464,Hawaii,396 Greenspring,1985-06-29
crmid:2195662355,yealing1878@yandex.com,Ira,Vance,,653-454-2791,Lawton,United States,22212,South Dakota,73 Downey,1981-04-26
crmid:2055686472,indignity2019@outlook.com,Bob,Hernandez,,997-717-4100,Laconia,United States,01454,Connecticut,384 Lagunitas,1979-02-16
crmid:7610273228,serines1922@yandex.com,Vern,Cooke,,682-426-4769,Galesburg,United States,64522,South Dakota,1220 Iron,1964-12-12
crmid:2744794366,woesome2019@gmail.com,Waylon,Collier,,132-569-3670,Fridley,United States,81568,Arkansas,878 Rivera,1964-01-05
crmid:7828383365,mulctary1824@live.com,Chang,Sherman,,996-059-4155,Fishers,United States,21890,Colorado,1266 Bronte,1962-05-02
crmid:4686001154,grasper2019@outlook.com,Glennis,Meadows,female,000-087-4194,Stafford,United States,57584,Alabama,328 Cesar Chavez,1959-03-20
crmid:7043355142,atopy2021@outlook.com,Ali,Lamb,male,252-917-3050,Cambridge,United States,75773,Kansas,271 Ignacio,1943-12-01
crmid:1677831816,horotelic1901@live.com,Isadora,Allen,female,240-829-8460,Crystal Lake,United States,24551,Kentucky,982 Gardener,1952-04-01
crmid:8882211873,phrenetically1917@outlook.com,Tanner,Ellison,,226-440-4153,Moscow,United States,46562,Maine,585 Osage,1993-08-13
crmid:1942153105,amazons1895@yahoo.com,Vince,Dennis,,740-983-5461,Kenosha,United States,58615,Massachusetts,384 Summit,1977-09-02
crmid:4943394893,bufonidae1864@yahoo.com,Ellis,Sutton,male,227-512-7150,Carrollton,United States,12192,Kansas,240 Wiese,1944-03-28
crmid:7582254350,eduard1827@yahoo.com,Arden,Bowman,,540-839-3031,Las Cruces,United States,53103,Arkansas,1184 Schwerin,1981-09-23
crmid:4017818346,thick2048@yahoo.com,Tari,Mack,female,897-097-5946,Cottage Grove,United States,69268,Vermont,1150 Somerset,1951-11-16
crmid:2823299502,shapiest1954@yahoo.com,Quyen,Gates,female,277-299-2965,Riverton,United States,13832,Wyoming,62 Barry,1950-07-11
crmid:7863539715,popularise2024@yandex.com,Shad,Hansen,,543-187-4830,Glendora,United States,35566,Oregon,1005 Ridgewood,1966-05-24
crmid:9778159540,acronymized1909@yahoo.com,Horacio,Elliott,,542-252-1993,Thornton,United States,43382,Texas,339 Lincoln,1984-06-27
crmid:3506643619,bowyer1845@yandex.com,Vincenzo,Mejia,,800-744-8396,Urbana,United States,88055,Texas,234 Casitas,1966-02-08
crmid:5816151205,dinner1803@gmail.com,Boris,Branch,male,579-443-8989,North Augusta,United States,60002,Pennsylvania,1122 Ulloa,1998-11-01
crmid:5594337316,dekle1824@outlook.com,Dorsey,Quinn,,021-538-3594,Hays,United States,63875,Arkansas,78 Holland,1970-12-14
crmid:6485638148,theist1928@gmail.com,Merrill,Greene,,834-940-2871,Vincennes,United States,30083,Minnesota,1398 Acacia,1981-10-02
crmid:7037308224,offside1932@live.com,Vince,Barron,,002-121-9965,Flower Mound,United States,40545,New Mexico,22 Arballo,1962-08-20
crmid:4946193695,axoplasms1830@yahoo.com,Clyde,Phillips,,980-293-8505,Portsmouth,United States,33051,Kentucky,1187 Cohen,1974-10-11
crmid:8346193771,squibling1882@live.com,Denis,Moon,,532-502-5260,Steubenville,United States,34056,Massachusetts,81 Eddy,1977-11-14
crmid:2239389506,amick2043@gmail.com,Rudolf,Armstrong,,942-965-1801,Minot,United States,90141,New Jersey,230 Severn,1991-11-02
crmid:2433419020,cantharis2066@outlook.com,Lon,Hall,male,102-860-5024,Atascadero,United States,37577,Colorado,91 Duncan,1934-06-12
crmid:1290635097,canuck1850@outlook.com,Ivan,Ayala,,554-823-8665,Marion,United States,26460,South Carolina,203 Sawyer,1987-05-21
crmid:8924561988,antically1800@gmail.com,Shena,Lara,female,944-787-5139,Wilmette,United States,17509,Alabama,986 Sibert,1946-12-24
crmid:7869816169,mazard1874@live.com,Basil,Dixon,,693-762-2001,Riverbank,United States,61372,New Mexico,298 Millwright Cottage Access,1977-03-19
crmid:1212104609,elute2025@yahoo.com,Elke,English,female,149-581-0674,Delaware,United States,13838,Kansas,285 Redwood,1954-03-09
crmid:4401298629,lehuas2019@outlook.com,Page,Ford,female,121-664-7216,Elk Grove,United States,97457,Tennessee,490 Freelon,1959-11-24
crmid:6028436470,craney2057@yandex.com,Marc,Burnett,male,983-285-3170,Bristol,United States,36935,Oklahoma,72 Nevada,1941-07-04
crmid:9354758795,brynn1873@yahoo.com,Titus,Travis,,096-291-2542,Lenoir,United States,78774,Ohio,142 Los Palmos,1982-09-26
crmid:5615418625,dabblingly2062@live.com,Shoshana,Bruce,female,611-316-3092,Elkhart,United States,61356,Connecticut,360 Lottie Bennett,1959-11-16
crmid:5109342205,alshain2060@live.com,Dewitt,Warner,,381-430-8636,Gresham,United States,74136,Maine,468 Olive,1968-12-11
crmid:4450781613,circadian1962@yandex.com,Carl,Sosa,,129-840-5772,Sierra Vista,United States,76860,Nevada,448 Calhoun,1979-01-24
crmid:7115181446,callorhynchidae2023@gmail.com,Don,Nolan,male,825-171-1479,Baton Rouge,United States,10482,Ohio,643 Cresta Vista,1936-03-22
crmid:9526856764,mule2014@gmail.com,Preston,Terry,,414-029-5686,Fountain,United States,72484,Nebraska,971 Pierce,1963-12-14
crmid:9239711877,holk1956@outlook.com,Stanley,Atkins,,505-655-3033,Lake in the Hills,United States,48456,Vermont,1095 Lindsay,1980-08-21
crmid:6547845849,unbiblical1847@live.com,Ezekiel,Bell,,456-761-6739,Mount Pleasant,United States,06096,Illinois,886 Sternberg,1993-02-10
crmid:7021169861,tuner2065@gmail.com,Branden,Richmond,,138-466-8491,Winter Haven,United States,50967,Delaware,342 Tonquin,1977-01-17
crmid:4159109606,alleyway1966@outlook.com,Homer,Hodge,male,161-224-5748,Acworth,United States,97840,Iowa,1033 Friendship,1930-05-14
crmid:2480721604,balser1891@yahoo.com,Tom,Todd,male,999-585-7714,Casper,United States,97881,Maine,1118 Rockridge,1945-11-26
crmid:2943106344,sillago2044@outlook.com,Corey,Baldwin,male,137-869-1700,Sedalia,United States,61895,West Virginia,1268 Shannon,1943-02-01
crmid:5570041457,countersink1954@gmail.com,Vennie,Montgomery,female,819-797-4503,Ypsilanti,United States,82619,Iowa,675 Colby,1959-09-20
crmid:9045417427,brimborion2066@outlook.com,Gavin,Ruiz,,229-702-6463,Northport,United States,92372,Oregon,1066 Lyon,1999-05-29
crmid:8708399718,towers2039@live.com,Myrta,Miller,female,308-009-1037,Port Orange,United States,19373,North Dakota,1032 Mount,1947-12-13
crmid:5473902602,daylights1824@yandex.com,Serafina,Warner,female,275-092-3586,El Reno,United States,69970,Wyoming,650 Tenny,1958-10-15
crmid:5458893539,benefactory1884@gmail.com,Dakota,Solomon,female,027-346-4310,Nampa,United States,56888,Connecticut,863 Elgin,1995-09-20
crmid:8412167747,bullhorn1934@yahoo.com,Lilliam,Casey,female,909-316-5038,Eureka,United States,81732,Delaware,1206 Annie,1960-05-05
crmid:2646024131,jogging2029@outlook.com,Lynelle,Burke,female,458-201-3980,Council Bluffs,United States,71344,Rhode Island,513 Thomas More,1951-06-04
crmid:7283287702,omophagous1881@live.com,Shayne,Pratt,female,022-568-8436,Enterprise,United States,94949,Vermont,567 Eastwood,1960-12-15
crmid:5374318340,biggonet1903@gmail.com,Mose,Odom,,006-631-3699,Houma,United States,08672,Colorado,88 Ritch,1973-02-11
crmid:3419729209,crescentia1919@gmail.com,Nicolas,Molina,,470-629-8320,Lemoore,United States,77804,South Dakota,1165 Augusta,1982-10-24
crmid:2705633869,unpracticable2002@outlook.com,Lincoln,Wilder,,429-799-6690,Pompano Beach,United States,90036,Oklahoma,397 Palos,1982-02-24
crmid:2607231941,referencing1815@yahoo.com,Mary,Roy,male,255-299-1447,Bell,United States,33650,Virginia,820 Knockash,1937-07-26
crmid:6898437707,ancestry2025@outlook.com,Quinn,Wright,,448-035-2897,Palisades Park,United States,47284,Pennsylvania,817 Roanoke,1991-09-23
crmid:2523112689,adminstration1843@live.com,Marcellus,Berger,,980-896-9761,Hastings,United States,87537,New Jersey,429 Carr,1970-12-25
crmid:1540248643,stickups1910@yahoo.com,Lupe,Ayers,male,693-722-5132,Valdosta,United States,07081,Kansas,659 Comerford,1940-06-01
crmid:5867568142,business1968@yahoo.com,Katelin,Mckay,female,496-617-6391,Newnan,United States,88238,Vermont,625 Marion,1997-03-09
crmid:4261982930,ambrette1804@outlook.com,Billy,Dunlap,male,188-384-5952,Shakopee,United States,09629,North Dakota,1398 Almaden,1936-10-23
crmid:7284373946,zillionaire1921@outlook.com,Darrell,Travis,,329-032-0351,Ithaca,United States,33866,Kansas,800 Cecilia,1975-06-18
crmid:6244306178,cercocebus1850@yahoo.com,Pia,Tyson,female,760-148-3408,Waterbury,United States,18630,Wisconsin,1311 Third,1951-07-29
crmid:4042695877,batara2066@live.com,Lynna,Koch,female,427-258-2365,Chico,United States,39745,Minnesota,442 Spring,1947-06-16
crmid:5944771407,recalcitrating1897@live.com,Josef,Long,male,675-413-3402,Carson,United States,34167,North Dakota,901 Banks,1944-06-17
crmid:7855555276,hyena1955@gmail.com,Wilbert,Grant,,448-542-4823,Modesto,United States,86333,Wisconsin,1141 Lick,1992-04-21
crmid:5528875418,tamias1934@outlook.com,Kenneth,Pate,male,510-297-4271,Muskogee,United States,16368,Massachusetts,1141 J,1994-02-23
crmid:2016322215,fiercely1968@live.com,Tommy,Woodard,,144-384-5335,Lancaster,United States,16546,South Carolina,627 Mark Twain,1980-03-07
crmid:9718813781,redissolubleness2058@yahoo.com,Eusebio,Bradshaw,,575-677-3091,Glendale Heights,United States,47106,North Carolina,1131 Vista View,1966-08-24
crmid:3683489654,divide1984@yahoo.com,Chad,Shaw,,948-563-9080,West Jordan,United States,53182,Mississippi,610 Rondel,1972-07-19
crmid:9654533228,claimed1922@yandex.com,Hai,Christian,male,105-880-7807,Wilson,United States,01999,Oklahoma,891 Crestmont,1939-04-06
crmid:6917785311,outside1833@yandex.com,Granville,Coleman,,800-259-0008,Grayslake,United States,51728,Arizona,245 Bret Harte,1968-09-18
crmid:7476896093,hachment1923@live.com,Josiah,Campos,male,287-630-0927,Orland Park,United States,03945,Tennessee,473 Heron,1939-12-11
crmid:8517129414,crumble2031@gmail.com,Sylvester,Witt,,988-769-7688,Huntersville,United States,98794,Rhode Island,675 Rutledge,1973-01-27
crmid:2225993069,clamorousness1895@gmail.com,Clair,Kennedy,male,408-045-8777,Arlington,United States,00010,Maryland,35 Argonaut,1933-02-16
crmid:6705004498,ram1913@live.com,Harold,Stout,,083-693-1241,Plattsburgh,United States,83922,New York,453 Wool,1979-01-30
crmid:3522693458,victorianism1831@outlook.com,Adalberto,Randall,,445-749-8824,Gallup,United States,05775,Kentucky,657 Seminole,1965-01-18
crmid:7335401905,mullite1951@yahoo.com,Emory,Pittman,,390-400-3278,Grapevine,United States,76376,Mississippi,708 Nibbi,1967-01-20
crmid:8435507916,mismeasurement2043@live.com,Gonzalo,Bowen,,413-035-3319,New Lenox,United States,30208,South Carolina,1334 Seymour,1996-06-06
crmid:8304782401,arney1940@yandex.com,Jodee,Stanton,female,519-311-6012,Cincinnati,United States,21795,Georgia,25 Moraga,1947-04-28
crmid:2502332180,elephant2036@yahoo.com,Wan,Grant,female,454-747-0774,New Albany,United States,23384,Oklahoma,740 San Andreas,1995-04-18
crmid:5834238315,seise1928@yandex.com,Torrie,Gallagher,female,230-932-2248,Rio Rancho,United States,25136,Kentucky,543 Lafayette,1959-12-17
crmid:4396015158,pinole1949@gmail.com,Cesar,Lawrence,,476-529-1817,North Canton,United States,33500,Tennessee,756 Lamartine,1998-07-20
crmid:1665610743,muumuu1802@live.com,Tameika,Luna,female,007-126-2207,Corpus Christi,United States,65590,Michigan,693 Carrizal,1951-11-16
crmid:1862371563,powered1966@yandex.com,Dion,Johnston,,684-974-0309,Texas City,United States,34123,New Jersey,321 Paulding,1968-05-16
crmid:7713609931,unmentionability2044@yandex.com,Augustine,Lowery,,258-400-6161,Parma Heights,United States,97785,Pennsylvania,403 Sharp,1972-03-25
crmid:8394451214,dingdonging2066@yandex.com,Kurt,Mayer,male,926-126-5610,Palm Bay,United States,15759,Maryland,918 Justin,1943-06-18
crmid:3649729976,pennia1991@outlook.com,Vince,Hull,,936-950-5984,Jonesboro,United States,70557,Arkansas,810 Sunbeam,1976-12-16
crmid:1302061908,electrodesiccation1906@gmail.com,Fritz,Henderson,,756-765-4257,La Puente,United States,92219,New York,1093 Woolsey,1979-04-10
crmid:2244153848,incarnate1886@outlook.com,Ronny,Watts,male,787-030-0634,Casselberry,United States,45178,Virginia,113 Kohler,1945-08-30
crmid:1221188007,overabusiveness1939@outlook.com,Kenneth,Contreras,,730-643-5637,North Tonawanda,United States,36931,North Carolina,557 Oak Access,1999-06-27
crmid:9244343778,kickxia1905@yandex.com,Rachell,Morrison,female,860-780-4031,Edmonds,United States,76082,Oklahoma,41 Eddy,1958-12-14
crmid:5862543890,mogul2062@gmail.com,Damien,Villarreal,,385-141-6098,Lawrenceville,United States,21905,Nebraska,62 Parkridge,1981-04-07
crmid:6066419893,duello1852@yahoo.com,Abraham,Simon,,415-191-2426,Troy,United States,79818,Indiana,206 Cityview,1972-02-27
crmid:5203695663,byran2044@yahoo.com,Leonie,Rojas,female,108-436-8168,Danbury,United States,32049,Delaware,418 Cargo,1952-05-25
crmid:7271379666,corvo2009@live.com,Felix,Stein,,128-199-8377,Tualatin,United States,89238,Rhode Island,369 Phoenix,1987-10-08
crmid:3215045610,princesse1975@yandex.com,Cleo,Nolan,,769-626-2509,Highland,United States,51766,Massachusetts,1325 Mendosa,1971-09-06
crmid:8709407705,damocles1948@outlook.com,Coleman,Anderson,,122-674-4603,Hopkins,United States,18167,Maine,340 San Miguel,1973-04-02
crmid:4552669314,sapota1853@yahoo.com,Faviola,Johns,female,120-191-8112,Evergreen Park,United States,54382,Oklahoma,111 Hopkins,1960-10-06
crmid:9547076556,addicted1808@outlook.com,Vincenzo,Haley,,252-954-7088,South Portland,United States,34588,Washington,1131 Wilde,1978-07-14
crmid:1937167891,chemistry1905@yandex.com,Marilu,Foreman,female,755-665-0174,St. Paul,United States,23127,Oklahoma,1301 Crestmont,1960-06-10
crmid:6438790618,unsearchable2064@gmail.com,Kirk,Rodriquez,male,603-858-3014,Amsterdam,United States,30695,Vermont,41 Middlefield,1932-06-25
crmid:9005986319,premunire1846@live.com,Theodore,Elliott,,184-973-1542,Yukon,United States,47382,Utah,172 Catalina,1992-10-24
crmid:4583066216,keynoted1948@yandex.com,Kirby,Walsh,,586-329-3249,Kearny,United States,44916,New Hampshire,488 Stow Lake,1976-08-17
crmid:7547554055,unsanctifying2027@gmail.com,Humberto,Sandoval,male,753-447-0556,Rutherford,United States,92787,Nebraska,1214 Belle,1944-05-26
crmid:2864774075,pedophile1862@gmail.com,Jamal,Beck,male,088-316-7347,Bentonville,United States,20975,North Dakota,809 Mason,1938-05-02
crmid:5101887593,sciomachiology1919@yahoo.com,Arnoldo,Knight,,851-055-7928,Schererville,United States,98284,Oklahoma,552 Harper,1997-06-10
crmid:9943662801,cobra1971@yahoo.com,Frederic,Griffith,male,218-516-4527,Springville,United States,03295,Michigan,509 Calhoun,1938-04-12
crmid:1507954920,kerb2016@yandex.com,Donny,Jacobs,male,748-877-0074,Vincennes,United States,04920,New Hampshire,463 Service,1940-03-15
crmid:1440933227,adjuster1907@live.com,Brooks,Perez,,090-106-6263,Springboro,United States,43106,Tennessee,1123 Germania,1983-06-10
crmid:9059609445,costarred1939@outlook.com,Woodrow,Holt,male,575-452-0398,Rancho Santa Margarita,United States,76904,Texas,1257 Woodland,1937-10-14
crmid:3873203642,wastiest2058@yahoo.com,Riley,Todd,,162-586-6271,Logansport,United States,36983,Massachusetts,1147 Claude,1983-06-22
crmid:8947349060,casey1878@outlook.com,Willy,Watkins,male,163-568-1563,Spokane,United States,07986,Georgia,355 Clearfield,1932-10-25
crmid:7174784688,avuncular2024@yahoo.com,Lloyd,Kane,,521-366-6449,Gretna,United States,05405,Maine,357 Cowles,1968-02-04
crmid:4319826151,outplodding1829@live.com,Doug,Clark,,118-852-7874,Fond du Lac,United States,21190,Illinois,397 Navy,1962-04-15
crmid:8530872579,photographic2008@live.com,Enoch,Randall,,109-147-0888,Martinez,United States,04169,Nebraska,357 Birch,1987-01-27
crmid:2879075991,polled1936@yahoo.com,Esteban,England,,674-100-4268,Hoover,United States,38818,Nevada,317 Jamestown,1973-06-28
crmid:4339728099,churchill1968@gmail.com,Diamond,Richmond,female,068-888-5450,Corona,United States,81130,Utah,1390 Farallones,1950-03-25
crmid:1718209107,nete1952@yahoo.com,Billy,Snow,,539-196-4869,South Jordan,United States,41303,Maryland,1094 Saint Marys,1982-03-18
crmid:8958820973,invict2056@yandex.com,Damien,Hooper,,582-454-2079,Herriman,United States,62642,North Carolina,1169 Bitting,1971-11-30
crmid:5801111201,abstruseness1878@yandex.com,Kurt,Wooten,male,353-607-1578,Barnstable Town,United States,32913,Oklahoma,722 School,1936-06-08
crmid:7653611434,viper2019@outlook.com,Thomas,Malone,,207-530-4874,Oklahoma City,United States,36959,Nevada,31 Legion Of Honor,1971-07-22
crmid:4106945648,christianson1864@outlook.com,Corrin,Hyde,female,287-577-2531,Shaker Heights,United States,59461,Louisiana,785 Reardon,1950-02-15
crmid:4559523548,adman1842@yahoo.com,Jude,Pace,,352-873-8191,Juneau,United States,28609,Utah,219 Lafayette,1976-05-27
crmid:4545610488,gombeen2008@gmail.com,Damian,Frye,male,707-337-6120,South Gate,United States,59379,Washington,155 Locust,1943-02-10
crmid:3142321198,antdom1896@yandex.com,Mikki,Rogers,female,643-742-3771,Parkersburg,United States,19538,Montana,418 Fitzgerald,1949-10-19
crmid:7894522252,bobby1810@gmail.com,Waneta,Justice,female,360-887-5157,East Chicago,United States,64590,Michigan,1355 Daniel Burnham,1957-12-18
crmid:6465460590,granulator1987@live.com,Marco,Sutton,,860-443-4327,Plainfield,United States,40385,Mississippi,1340 Dow,1983-01-01
crmid:2201152239,wallaby2006@live.com,Cindie,Sweet,female,794-812-5551,Chino Hills,United States,78904,Montana,898 Bernal Heights,1947-12-31
crmid:4330511148,devotes2020@live.com,Cyril,Bird,,886-448-6418,New Rochelle,United States,31690,West Virginia,1001 Ohlone,1996-06-29
crmid:3965008255,adman1861@gmail.com,Simonne,Shaw,female,957-898-2205,Cudahy,United States,40195,Wisconsin,609 Drummond,1952-08-27
crmid:7388453342,dorelia2007@live.com,Napoleon,Cameron,,463-081-0102,Spokane,United States,40717,Hawaii,169 Prado,1987-03-02
crmid:8933498196,anaesthetic1833@gmail.com,Loren,Rocha,,704-369-9412,Grand Island,United States,29300,Vermont,1023 Bayside Village,1967-05-18
