crmid,email,first_name,last_name,gender,mobile telephone,city,country,zip,state,street address,birthday
crmid:3070960870,ayatollah1836@yandex.com,Marlana,Mercado,female,744-142-8320,Tyler,United States,23647,California,864 Jones,1957-10-12
crmid:4817128901,chander1977@yahoo.com,Jama,Holloway,female,913-966-6867,Wichita,United States,81848,New York,793 Michigan,1946-04-14
crmid:6799496345,drainer1960@live.com,Tobias,Boyer,,053-370-0266,Gladstone,United States,98453,Massachusetts,200 Moore,1966-04-14
crmid:9551719353,cacara1999@yahoo.com,Young,Case,,362-315-0765,Lake Zurich,United States,96453,Missouri,1290 Otsego,1980-03-21
crmid:5517507901,endang1961@yandex.com,Quinton,Bullock,,013-445-6173,Rockford,United States,33418,Massachusetts,72 San Pablo,1980-04-13
crmid:3645946077,oilfish1940@outlook.com,Terrance,Wooten,male,286-753-4820,Asheboro,United States,59485,Rhode Island,1209 Eucalyptus,1934-09-17
crmid:5184070989,remarry2017@live.com,Tyson,Garner,male,540-928-9904,Berea,United States,54945,Nevada,21 Highland,1938-09-11
crmid:1400216519,detonations1845@yahoo.com,Raymond,Lucas,male,757-880-6985,Bowling Green,United States,94304,Nevada,1132 Madrone,1940-08-18
crmid:1744845406,dimity1883@outlook.com,Jarod,Crane,,021-162-4390,Goshen,United States,60624,Utah,445 Bannan,1967-11-07
crmid:3023385856,illegible1983@yahoo.com,Sina,Dixon,female,641-024-3656,Chicopee,United States,43686,Nebraska,927 Dicha,1947-08-08
crmid:9137596293,bumpier1850@outlook.com,Carlton,Greer,,802-294-7827,Moorhead,United States,03350,Oregon,661 Bush,1993-01-03
crmid:4273824003,vibrio1920@live.com,Mitch,Cameron,,098-525-0627,Pullman,United States,62715,Wisconsin,1108 Hattie,1993-05-17
crmid:1166769509,kindle2059@gmail.com,Jules,Gallagher,male,219-138-5212,Central Falls,United States,93456,New Mexico,135 Clairview,1945-06-11
crmid:1388481381,breaster1806@outlook.com,Manuel,Norris,male,772-451-0011,Biddeford,United States,86066,Nebraska,370 Greenough,1939-07-22
crmid:1023089236,unfeminize1830@yandex.com,Tomika,Clarke,female,064-399-2260,College Station,United States,91200,Tennessee,945 Fernwood,1949-09-06
crmid:3972463877,planarian2067@gmail.com,Bryon,Harris,male,667-924-7082,Mount Vernon,United States,70189,Utah,434 Del Monte,1994-12-03
crmid:3576768913,earring2046@yandex.com,Bennie,Haynes,,903-084-3751,Gary,United States,12838,Indiana,1117 Shrader,1965-03-18
crmid:1995761431,palmar1812@live.com,Diego,Wooten,,241-285-8163,Richfield,United States,78449,Nevada,1216 Banbury,1969-08-23
crmid:6950321867,hadron1814@outlook.com,Yong,Reyes,,274-792-3908,Maricopa,United States,66688,Minnesota,769 Weatherly,1987-11-21
crmid:4296032193,introspectionism1806@yahoo.com,Cecil,Parks,,441-261-9323,Provo,United States,62096,Iowa,1023 Ambrose Bierce,1967-07-02
crmid:6620167748,scirocco1817@yahoo.com,Drucilla,Mueller,female,800-123-6198,West Des Moines,United States,16991,Michigan,1177 De Wolf,1948-11-28
crmid:4769018850,narsinga1905@yahoo.com,Adalberto,Cooper,,636-792-5401,La Ca�ada Flintridge,United States,91032,Michigan,685 Stillman,1978-05-05
crmid:2142833170,stonelayer2053@gmail.com,Gail,Combs,,333-254-0564,Hayward,United States,23154,Maryland,984 Myrtle,1970-05-11
crmid:1879862069,haplome1970@outlook.com,Osvaldo,Collins,,706-506-7565,Ypsilanti,United States,55491,Wisconsin,976 Masonic,1995-08-18
crmid:4540280157,ripost1927@gmail.com,Nick,Hess,,747-930-0715,Findlay,United States,31499,Ohio,869 Hollister,1962-06-29
crmid:7812473444,fallibly1986@gmail.com,Demarcus,Price,,573-054-5121,Omaha,United States,38310,Mississippi,1068 San Felipe,1973-06-27
crmid:1349330587,borneo2062@gmail.com,Johnathon,Delgado,,222-228-4828,Tucson,United States,38227,Illinois,573 Gaiser,1975-08-28
crmid:9771604714,buccan1844@outlook.com,Fidel,Mccray,male,529-994-9115,Apopka,United States,25052,Kentucky,920 Fortuna,1933-04-19
crmid:6482595338,despot1840@gmail.com,Boyce,Fischer,male,622-218-5553,Shelby,United States,02080,Kansas,58 Grijalva,1936-01-10
crmid:9457321667,scumbag2040@outlook.com,Rhett,Downs,,207-563-4811,West Chester,United States,55738,Washington,502 Science,1998-05-25
crmid:9576607590,unaborted2034@live.com,Russ,Sargent,,638-382-7161,Pleasant Grove,United States,97876,Kansas,817 Still,1971-12-29
crmid:7227680009,chumps2002@live.com,Letty,Bond,female,920-682-5973,Yorba Linda,United States,16783,Virginia,1035 Romain,1954-10-21
crmid:4336977873,armenoid1977@yandex.com,Dominic,Moses,male,528-684-8168,North Royalton,United States,91135,Massachusetts,1363 Galvez,1999-01-05
crmid:4075552127,patness1868@gmail.com,Isaiah,Burton,male,131-021-2242,Azusa,United States,61711,Massachusetts,209 Sedgewick,1935-11-09
crmid:3303316895,knifelike1909@yahoo.com,Bertram,Pittman,male,693-637-8970,Asheville,United States,80848,Texas,1059 Lockwood,1934-12-02
crmid:4287859846,keyless1858@gmail.com,Guadalupe,Chaney,,529-330-9695,Huntington,United States,13130,Indiana,708 Cherry,1973-03-02
crmid:5624277160,hebete2011@outlook.com,Mitchell,Sawyer,male,483-168-2964,Arcadia,United States,54658,South Carolina,1021 Polk,1933-10-24
crmid:2823299502,dogman1839@gmail.com,Bernardo,Foreman,male,708-559-8506,Allen Park,United States,80000,Colorado,1001 Ardenwood,1931-12-02
crmid:8205421414,subinterval2019@yahoo.com,Dorian,Allen,,622-318-0698,Manitowoc,United States,02980,Vermont,428 Raymond,1986-02-28
crmid:5678763888,deprogramming1863@outlook.com,Renna,Dean,female,698-775-5593,Des Moines,United States,48565,Arkansas,804 Vicksburg,1954-07-08
crmid:6477021004,schipperke1883@gmail.com,Lanny,Santos,male,278-336-0311,Bartow,United States,39970,South Dakota,758 Friedell,1936-06-26
crmid:3682705363,donga1846@yahoo.com,Alberto,Riggs,,855-349-8920,Lauderdale Lakes,United States,81020,Ohio,1137 Sunbeam,1981-01-04
crmid:7795317888,isopoda1894@live.com,Eddy,Manning,,032-055-9348,Pittsfield,United States,27019,Wyoming,389 Faxon,1964-12-26
crmid:7060111094,martello1915@gmail.com,Tora,Walker,female,774-383-9382,Winter Garden,United States,71974,Nebraska,942 Harlan,1950-09-30
crmid:2647178277,deranger1937@outlook.com,Milford,Hooper,,256-847-7512,Gresham,United States,70648,South Carolina,885 Jennings,1968-12-07
crmid:4769298134,bleach2019@outlook.com,Nicholas,Hester,,606-663-4751,Saco,United States,82818,Nebraska,877 Spofford,1967-11-29
crmid:6594951655,acronymized1994@outlook.com,Harrison,Hayden,,867-690-1145,Marshall,United States,13625,Missouri,421 Camp,1987-03-05
crmid:7222297101,aquatinta1836@yahoo.com,Carmine,Howell,,983-914-0388,Leominster,United States,29410,Ohio,820 Cranleigh,1982-04-18
crmid:5785347872,sedated1981@live.com,Ellsworth,Weeks,,162-572-3244,Frisco,United States,19179,Minnesota,1372 Edgar,1964-03-12
crmid:2659292306,surreal2019@outlook.com,Paz,Reid,female,059-780-6762,Chicago Heights,United States,45405,South Carolina,791 Topaz,1947-07-24
crmid:9096270007,retort1957@gmail.com,Gerald,Fuentes,,348-065-6930,Highland Park,United States,14363,New York,187 Marist,1971-03-01
crmid:7322409287,doina1844@yahoo.com,Adrian,Macias,,476-378-0155,Sikeston,United States,22025,South Carolina,1070 Pinar,1967-03-07
crmid:1857600112,altruistic1998@gmail.com,Norberto,King,,513-338-9715,La Porte,United States,89348,South Dakota,1047 Opal,1979-09-07
crmid:9073447977,selvas2014@yahoo.com,Darrell,Gutierrez,male,052-202-4124,Burton,United States,93697,Pennsylvania,1219 Baden,1943-03-12
crmid:6211116084,detail2006@yandex.com,Han,Reeves,female,872-175-1043,Corsicana,United States,67430,Idaho,392 Gilroy,1951-11-07
crmid:5194870557,predeciding1913@outlook.com,Wilson,Sloan,male,675-268-7736,Arlington Heights,United States,55834,Arizona,455 Sedgewick,1933-10-27
crmid:8471486341,drunks1801@gmail.com,Blaine,Salas,male,728-420-9046,Westmont,United States,77600,Arizona,1310 Mercedes,1938-10-02
crmid:1699615893,quinidin2022@yahoo.com,Everette,Hunt,,385-397-0440,Toledo,United States,48571,Minnesota,614 Rex,1990-04-19
crmid:5553576951,kickstands2025@yahoo.com,Marquis,Emerson,male,165-745-9379,Burlingame,United States,73940,Illinois,1003 Cedar,1943-12-13
crmid:8493244396,phrenology1938@gmail.com,Luis,Swanson,,059-867-5341,Mason,United States,68230,Washington,42 John Muir,1987-11-10
crmid:3297339298,irrefragability1882@gmail.com,Alex,Jefferson,male,964-800-5940,Anacortes,United States,00196,New Jersey,99 Southwood,1932-01-15
crmid:9550926598,reconvenes2004@outlook.com,Dominic,Drake,male,875-929-4710,Albert Lea,United States,17997,Delaware,1100 Dunnes,1931-03-08
crmid:6099024590,unattractive2020@outlook.com,Brooks,Evans,male,305-971-5596,Ames,United States,02543,Arkansas,281 Uranus,1932-02-09
crmid:7155855584,ovenful1925@yahoo.com,Seth,Hogan,,485-415-2259,New Bern,United States,36555,Utah,1368 Frederick,1996-06-21
crmid:6968235805,bolio1947@live.com,Dale,Mooney,male,350-575-7683,Brook Park,United States,66923,Rhode Island,68 Glendale,1941-11-04
crmid:3179520571,dimitra2037@yandex.com,Wyatt,Dalton,,411-443-7314,Minneapolis,United States,85587,Hawaii,952 Rincon,1991-02-18
crmid:2675275839,unfailed1910@yahoo.com,Claudie,Reilly,female,274-347-8604,Prior Lake,United States,52909,Massachusetts,444 Fayette,1960-12-03
crmid:4452421658,unpanged1909@yahoo.com,Robbie,Goff,,185-064-5262,Menlo Park,United States,48495,South Carolina,888 Gladiolus,1989-07-13
crmid:4261234040,misdeals1993@yandex.com,Osvaldo,Ball,,440-816-7139,Missouri City,United States,98484,West Virginia,1315 Florence,1992-04-27
crmid:1744930752,streamiest2030@outlook.com,Clark,Richmond,male,828-950-5439,Pawtucket,United States,10548,Kentucky,1164 Jack Kerouac,1943-11-04
crmid:5866222630,paradise2066@yandex.com,Lemuel,Jarvis,,146-547-3282,Vicksburg,United States,80031,North Dakota,265 Elsie,1986-01-20
crmid:6978811884,althein1875@yahoo.com,Kassie,Duncan,female,844-497-1555,Chanhassen,United States,23141,New York,948 Porter,1946-05-09
crmid:4079599831,diena1833@outlook.com,Roy,Sweet,male,246-292-6694,Tampa,United States,08610,Colorado,1138 Huntington,1931-08-28
crmid:6007702072,arulo2025@yandex.com,Philip,Holder,,988-121-3662,Hampton,United States,88619,Colorado,866 Rossi,1969-12-27
crmid:2203314848,craney2024@gmail.com,Brian,Reyes,,196-694-5026,Layton,United States,59577,Michigan,316 Rincon,1981-10-03
crmid:5676509749,handbasket1903@outlook.com,Ewa,Cochran,female,896-924-9919,Daytona Beach,United States,15267,Tennessee,880 Woodward,1953-03-06
crmid:2953999060,bauch1992@gmail.com,Kent,Browning,,350-051-9761,Johnson City,United States,72304,Massachusetts,115 Mojave,1975-08-08
crmid:1846853003,sexualized1891@yandex.com,Iluminada,Petty,female,243-746-8731,Corinth,United States,72212,New York,1172 Main,1950-12-07
crmid:6220098969,damaged1868@gmail.com,Cleveland,Cooper,male,042-576-1328,Belle Glade,United States,18110,New Hampshire,442 Silverview,1937-02-07
crmid:7347959702,agnoite1929@live.com,Lee,Noble,male,195-539-0353,Saratoga Springs,United States,60638,Texas,720 Dirk Dirksen,1996-01-12
crmid:7906277254,palookas1918@yandex.com,Nathan,Moon,,902-016-6699,Lorain,United States,56564,Illinois,473 Maddux,1984-09-07
crmid:5458015953,redissolubleness1932@live.com,Erasmo,Harris,,053-937-4154,Millbrook,United States,58263,South Dakota,1190 India,1991-10-26
crmid:3400173174,eliminable1940@yahoo.com,Donya,Hopper,female,410-700-4058,Enterprise,United States,64124,Georgia,111 Canby,1960-11-05
crmid:2280485009,viny1951@yandex.com,Stevie,Bullock,male,154-107-0071,Sanford,United States,05922,Hawaii,1064 Madrone,1936-09-04
crmid:6160725929,affiliate1828@live.com,Cheryll,Stafford,female,433-695-5980,Cutler Bay,United States,08486,Oregon,520 Pfeiffer,1952-02-28
crmid:3835046779,denes1890@gmail.com,Bryon,Raymond,male,396-909-8417,Wellington,United States,07621,Kansas,276 Rockridge,1938-02-24
crmid:5958552579,mogul1993@live.com,Erik,Burns,male,408-255-6267,Allen,United States,61957,Washington,1090 Alhambra,1931-10-07
crmid:5061514603,equivocal1844@yahoo.com,Kaleigh,Elliott,female,833-035-1577,Sugar Land,United States,69227,Idaho,44 Carter,1959-04-09
crmid:5615418625,fowl2070@live.com,Wiley,Bowman,male,545-549-2607,Beloit,United States,58455,Nevada,1032 Edgewood,1937-10-03
crmid:7110515641,supersaturating1992@yandex.com,Connie,Lancaster,,822-642-4456,Yuba City,United States,93660,Delaware,404 Sunnyside,1978-11-11
crmid:1754943743,coeducate2004@yahoo.com,Wes,Pickett,,510-477-1899,Milpitas,United States,49533,Ohio,319 Windsor,1991-08-10
crmid:8874737266,dryermen1944@outlook.com,Ewa,Blake,female,885-207-4696,Evansville,United States,16519,West Virginia,420 Bonview,1960-03-03
crmid:5480608915,argentamin1873@live.com,Keith,Rodriguez,,379-354-2878,Livonia,United States,32963,Montana,294 Avila,1983-07-25
crmid:7710076843,cinderel1924@outlook.com,Jamey,Whitaker,,700-093-8456,Millbrook,United States,99125,Kansas,1307 Ardath,1991-03-30
crmid:8850960492,avigdor1995@yahoo.com,Manda,Clark,female,487-486-6247,Cooper City,United States,33434,Massachusetts,1400 R,1950-06-06
crmid:2996706194,branchful1890@yandex.com,Brandon,Kennedy,,061-778-3049,Johns Creek,United States,09701,Idaho,70 Germania,1975-02-08
crmid:5685070932,tournefortian1825@yandex.com,Travis,Burch,female,495-877-1267,Cutler Bay,United States,91204,Maryland,1045 Wilson,1952-09-04
crmid:4312004761,crux2051@outlook.com,Myron,Boyle,male,481-081-3923,Arnold,United States,49569,New Jersey,395 Terra Vista,1933-07-03
crmid:1950550055,joiningly2009@live.com,Christena,Santana,female,032-212-4946,Oshkosh,United States,80660,Connecticut,137 Anson,1946-02-26
crmid:6927795117,fores1944@yahoo.com,Faustino,Flores,,946-808-6035,Stevens Point,United States,47223,Tennessee,1042 Kingston,1982-03-23
crmid:9889113192,didactic1985@live.com,Glennie,Lester,female,951-116-8472,Clearwater,United States,65439,North Carolina,297 Michigan,1948-11-06
crmid:6502658764,overclamor1969@gmail.com,Laronda,Fuller,female,385-203-5912,New Britain,United States,97237,Arkansas,1130 Toyon,1996-04-10
crmid:7464673085,protesting1988@gmail.com,Freddy,Macdonald,,392-113-4757,Sierra Vista,United States,60253,Wisconsin,740 Monterey,1973-01-15
crmid:2836779445,seaters1879@gmail.com,Trenton,Soto,,395-387-9778,Mustang,United States,54805,Colorado,319 Argent,1995-09-15
crmid:2022648671,donal1821@gmail.com,Bryon,Hall,male,854-537-5624,Altus,United States,89010,New York,912 Faith,1932-10-29
crmid:4242711264,dewdrop1857@outlook.com,Jamar,Bass,,629-766-4451,North Richland Hills,United States,35544,Louisiana,1104 Belgrave,1999-05-25
crmid:6403343234,telepathically1890@live.com,Niesha,Morin,female,627-021-1040,Chambersburg,United States,33505,Missouri,23 Mars,1946-07-21
crmid:5234569643,plotter1925@yahoo.com,Leon,Anderson,,769-842-5421,Lorain,United States,66805,Kansas,28 Habitat,1984-10-10
crmid:4307377843,cadwal1984@live.com,Alonzo,Davenport,,589-704-2075,North Ogden,United States,30049,Wisconsin,750 Zircon,1998-05-04
crmid:7133070578,torpedos1904@yahoo.com,Trinidad,Hanson,male,270-242-3910,Santa Clara,United States,03928,West Virginia,648 Garfield,1939-09-13
crmid:6847145682,methylacetanilide1909@yandex.com,Billye,Collins,female,140-320-8109,North Augusta,United States,11791,New Jersey,654 Casitas,1998-03-02
crmid:8754501856,brushy1851@yahoo.com,Bree,Burke,female,933-695-1899,Texarkana,United States,56102,South Dakota,998 Niagara,1953-11-02
crmid:4052797222,betelnut1838@yahoo.com,Denver,Wheeler,,161-995-2426,Moreno Valley,United States,87039,Indiana,154 Walbridge,1993-12-26
crmid:7403998085,mischieve2038@outlook.com,Ramiro,Burns,,641-862-6108,Pittsfield,United States,58554,Michigan,244 Saint Marys,1997-09-11
crmid:8774362481,overembroider1994@outlook.com,Myron,Melendez,,660-058-0141,Irving,United States,46566,Tennessee,729 Oak Grove,1975-08-20
crmid:3467183003,wronghead1851@outlook.com,Bradley,Bradshaw,,017-449-7738,Monroe,United States,53308,Connecticut,497 Bowley,1992-10-19
crmid:3119656682,millistere1908@gmail.com,Giovanni,Graves,,650-820-1649,La Mesa,United States,36120,Idaho,827 Gilbert,1978-06-24
crmid:3000047299,squirting1805@yandex.com,Ellyn,Wiggins,female,391-589-4420,Coon Rapids,United States,89803,Missouri,419 Florence,1950-03-31
crmid:6853093248,hydrothermal1921@live.com,Edgardo,Lane,,582-834-8109,Gurnee,United States,36139,Kansas,1202 Turquoise,1969-06-09
crmid:4474443649,dormouse1965@gmail.com,Gregorio,Robertson,male,549-161-7190,Bentonville,United States,87935,Montana,315 Arelious Walker,1938-04-25
crmid:8749350085,hooklike1859@yahoo.com,Charlesetta,Koch,female,940-989-1616,Pearl,United States,14338,Idaho,1059 Carter,1951-02-16
crmid:9828151295,earring2057@outlook.com,Marna,Collier,female,487-715-3794,Diamond Bar,United States,36754,Rhode Island,1182 Elgin,1955-06-06
crmid:9826773872,intersprinkled1983@live.com,Kip,Gamble,,419-078-2492,Lemoore,United States,43370,Mississippi,28 Congdon,1982-08-14
crmid:9013657702,curlew1893@live.com,Berry,Randolph,male,042-112-3274,Redlands,United States,97743,Oregon,772 Farnsworth,1943-01-24
crmid:1912583727,coracosteon1912@yahoo.com,Ervin,Pace,male,013-254-9840,Santa Clara,United States,87183,Oregon,452 Zircon,1998-01-07
crmid:6620532157,nonscraping2069@yahoo.com,Donald,Malone,,116-734-6557,Fountain,United States,10513,Wyoming,1271 Deems,1963-03-16
crmid:9927464993,immunology2048@gmail.com,Dillon,Mosley,,302-393-6377,New Castle,United States,59406,South Dakota,89 Columbus,1996-10-30
crmid:9046082325,overbrush1937@yahoo.com,Modesto,Doyle,,616-284-1171,Los Banos,United States,15642,Michigan,1370 Lenox,1984-03-19
crmid:3350051209,kenticism1868@yahoo.com,Glen,Gilliam,,676-708-6127,Goleta,United States,57993,Mississippi,276 Walbridge,1967-09-05
crmid:5917723258,deperition1877@yandex.com,Brady,Wilkins,male,736-790-6584,Billings,United States,02809,Delaware,602 Emmett,1939-01-31
crmid:8118499283,ambition2016@gmail.com,Russ,Ballard,,789-785-4556,St. Louis Park,United States,52695,New York,14 Baker,1998-05-07
crmid:6065366271,couchy1908@yandex.com,Elinore,Barlow,female,548-302-0243,San Leandro,United States,10168,Nevada,349 Westbrook,1955-03-02
crmid:1149911472,duckers1934@gmail.com,Enoch,Barnes,male,796-304-4774,Avon Lake,United States,69918,Colorado,537 Verdi,1935-11-21
crmid:5575855406,achromic1803@gmail.com,Lavern,Brennan,,145-983-4814,Hannibal,United States,76261,Minnesota,223 Chase,1969-12-24
crmid:7281357647,bolshevik1888@outlook.com,Gilbert,Pennington,,783-618-4898,Maryland Heights,United States,64276,Texas,702 Blairwood,1987-11-17
crmid:4817128901,murexid1936@yahoo.com,Jefferey,Frost,male,702-906-1638,Boynton Beach,United States,23196,New York,453 Chicago,1940-05-10
crmid:8887854700,chegre1890@yahoo.com,Haywood,James,,579-479-5536,Topeka,United States,30508,Kentucky,748 San Diego,1969-12-03
crmid:2816472081,flowerer1810@yandex.com,Stephen,Long,male,136-405-6068,Boca Raton,United States,52801,Mississippi,926 Wentworth,1940-09-17
crmid:9421675381,exciton2013@yandex.com,Freeman,Watson,male,529-907-6556,Pullman,United States,19046,Pennsylvania,89 Campton,1945-04-30
crmid:9469190488,kilhig1819@live.com,Josue,Chandler,male,577-362-0231,Caledonia,United States,83896,Wyoming,622 Battery Cranston,1943-06-06
crmid:6623337119,cosimo1932@outlook.com,Delmer,Delacruz,male,120-363-6146,Birmingham,United States,17416,Vermont,452 Barnard,1939-03-08
crmid:2420592488,verbiages1814@live.com,Alexander,Cunningham,,269-426-8693,Gresham,United States,06239,Alaska,496 Harney,1968-02-11
crmid:3546039244,concordancy1844@outlook.com,Willy,Mcintosh,male,543-547-9434,Murrieta,United States,05605,Colorado,1170 Blanken,1994-02-19
crmid:3165461999,loudness2048@yandex.com,Brooks,Walls,,672-752-3620,Marshall,United States,34990,New York,1398 Gough,1987-05-07
crmid:3765401583,investible1842@yahoo.com,Lannie,Perry,female,912-925-8991,Southfield,United States,82380,Texas,413 Dawson,1949-05-23
crmid:4913326671,ester1915@gmail.com,Isaias,Lancaster,,254-561-7876,Yakima,United States,36420,Iowa,614 Nichols,1978-11-10
crmid:8987553786,toucan1911@gmail.com,Kent,Horn,,026-671-7190,Longview,United States,19402,Oregon,1268 Candlestick Point Sra,1984-03-18
crmid:9547577727,lyrebird2062@live.com,Alfonzo,Hernandez,male,067-001-4149,Bloomingdale,United States,07479,North Carolina,152 English,1939-01-13
crmid:6496469010,unsobering1887@outlook.com,Trenton,Solomon,,440-818-5804,Southaven,United States,36855,Pennsylvania,1173 Emmett,1980-05-23
crmid:5433996974,maidhoods1950@gmail.com,Roman,Simpson,male,935-653-0093,Albertville,United States,98066,Pennsylvania,1089 Lapu-Lapu,1931-08-27
crmid:3959399718,boons1989@yahoo.com,Ty,Wyatt,,567-774-6994,Martinez,United States,47539,Wisconsin,1018 Nelson,1987-07-05
crmid:1035838447,debilitate2009@gmail.com,Nickolas,Adkins,,084-198-9949,Upland,United States,62303,Mississippi,74 Cassandra,1989-05-09
crmid:8578420419,dinners1844@yandex.com,Terence,Goff,,158-696-3704,Pawtucket,United States,30520,Alaska,1360 Chula,1977-04-02
crmid:6588863079,chuddar1986@yahoo.com,Carlton,Whitfield,male,879-828-1318,Saco,United States,00338,Wyoming,474 Minna,1939-02-10
crmid:7252514052,biovular1974@live.com,Tenisha,Kramer,female,759-291-6666,Diamond Bar,United States,53671,Connecticut,493 West Pacific,1955-09-17
crmid:8459439515,street1812@live.com,Tommy,Bright,,107-163-0676,Marshall,United States,33759,New Mexico,50 Putnam,1987-05-11
crmid:6343731668,brennand2011@gmail.com,Noe,Tyson,,948-492-1595,Redding,United States,48745,Nevada,86 Avenue N,1984-12-23
crmid:7948935708,bluely1852@yandex.com,Carmelo,Russell,,032-698-5463,Portsmouth,United States,76050,West Virginia,965 Dodge,1976-01-03
crmid:9502312736,laceration1923@yandex.com,Marlon,Mcdonald,,641-851-1850,Gahanna,United States,40556,New Hampshire,248 Barry,1964-08-03
crmid:6304692293,scabs1884@live.com,Rodger,Shields,,484-833-8513,Hinesville,United States,55147,Maine,972 El Plazuela,1972-09-19
crmid:8700638505,polyrhythm1902@yahoo.com,Tuan,Puckett,male,614-505-0315,Stafford,United States,76529,Kansas,292 Scenic,1941-09-24
crmid:2856031724,asbest2048@outlook.com,Rodney,Taylor,male,027-350-2642,Bethel Park,United States,46402,Virginia,618 English,1938-08-28
crmid:3239971778,cypselous2066@yandex.com,Bo,Spears,,817-718-8886,Southlake,United States,43678,South Dakota,681 Townsend,1987-07-11
crmid:9623220235,capomo1857@gmail.com,Jordon,Mcpherson,,804-862-1039,Fort Smith,United States,46839,Arkansas,230 Pershing,1963-08-30
crmid:3454556986,heterotricha1927@yahoo.com,Jamika,Acosta,female,153-144-4471,Draper,United States,70557,New Mexico,443 Waverly,1955-04-01
crmid:5960025155,polylith1948@yandex.com,Genaro,Conley,,203-268-5164,Montgomery,United States,46169,Kansas,1093 Bright,1992-08-04
crmid:1188926477,elvira2038@yahoo.com,Georgetta,Ortiz,female,701-795-8487,Compton,United States,96278,West Virginia,348 Aloha,1949-03-22
crmid:6446850279,epomophorus2006@outlook.com,Kory,Short,,149-651-3380,Steubenville,United States,69298,Connecticut,274 Pena,1984-05-02
crmid:8025740633,estrange2044@yandex.com,Christoper,Keith,male,542-614-4793,Cedar Park,United States,09142,Tennessee,457 Selma,1945-02-16
crmid:1856405346,bottleman2058@yahoo.com,Myron,Valencia,male,428-332-5004,Billings,United States,48454,Kansas,884 Topaz,1939-07-29
crmid:5390337068,boing1934@outlook.com,Todd,Rose,male,477-789-1409,Bristol,United States,55247,West Virginia,973 Federal,1941-09-25
crmid:3710556596,soldierwood1953@yandex.com,Ramon,Church,,608-562-2409,Pickerington,United States,75804,Florida,151 Lendrum,1974-09-01
crmid:2954275907,emilios1849@outlook.com,Dion,Larson,,549-128-9682,Visalia,United States,37218,Pennsylvania,200 Lawrence,1978-01-23
crmid:5758903666,bitterness2040@outlook.com,Minh,Chandler,,991-124-3115,Jupiter,United States,24466,Illinois,204 Schofield,1976-04-22
crmid:5601708459,algicides1890@gmail.com,Hans,Elliott,male,496-043-1688,Arlington Heights,United States,20122,Colorado,22 Sandpiper Cove,1933-04-09
crmid:4038959174,quinamine2029@yandex.com,Hermina,Porter,female,404-453-4678,Port St. Lucie,United States,51176,Utah,1177 Charter Oak,1954-04-23
crmid:4076163593,fragmentized1890@outlook.com,Nickolas,Raymond,,251-195-4325,Mooresville,United States,49979,Idaho,454 Richards,1993-07-09
crmid:8886259266,bibliographer2050@yahoo.com,Shaun,Donaldson,,234-172-4909,San Juan,United States,99105,Massachusetts,1003 Halyburton,1975-03-22
crmid:3202132291,inwall1905@gmail.com,Foster,Bean,male,968-081-3154,Waterbury,United States,90032,Maine,136 Cesar Chavez On,1941-04-02
crmid:9936419873,ruewort1942@live.com,Luis,Fry,male,017-156-7866,Santa Rosa,United States,03984,Louisiana,203 Elk,1941-06-10
crmid:2754488717,darkies1823@gmail.com,Sid,Howe,,300-754-9070,Greenacres,United States,05946,Nevada,807 Belden,1968-01-20
crmid:3652691455,spiritually1930@live.com,Aide,Puckett,female,458-799-5785,Yonkers,United States,77627,New Mexico,966 Hutchins,1960-01-24
crmid:5899134696,herbosity1839@yandex.com,Eldon,Jefferson,,166-203-7627,Fort Worth,United States,78812,Wyoming,234 Cadell,1963-02-28
crmid:6048561493,crackback1931@yandex.com,Angla,Michael,female,839-066-9226,West Palm Beach,United States,95707,Georgia,527 Waltham,1957-12-19
crmid:6299386428,falls1828@live.com,Marcos,Joyce,,604-713-3824,Pleasantville,United States,40238,New York,868 Bishop,1987-01-07
crmid:1169068148,bicamerist2070@gmail.com,Jefferson,Scott,male,972-042-8337,Apache Junction,United States,92165,North Dakota,1028 Daniel Burnham,1933-05-26
crmid:5726970308,campo2039@gmail.com,Lewis,Montoya,,620-653-2026,Manteca,United States,63065,North Carolina,44 Kern,1986-10-31
crmid:7379832723,ram1910@outlook.com,Sonny,Sloan,,988-702-5837,Raytown,United States,50985,New York,158 Welsh,1995-08-01
crmid:2327131617,cresoxide1823@gmail.com,Paul,Craig,,113-126-9479,Lake Havasu City,United States,62324,Arizona,404 Eureka,1980-11-21
crmid:9608110097,avernal1955@live.com,Tyron,Alvarado,,555-320-7915,Louisville,United States,32571,Connecticut,985 Twin Peaks,1984-07-09
crmid:1601448322,seemly2052@outlook.com,Xavier,Saunders,male,085-326-7305,Rosemount,United States,65884,Colorado,661 Gaiser,1931-10-26
crmid:7361635829,dhooras1897@live.com,Kristopher,Roach,,537-319-9777,Lorain,United States,89857,Wisconsin,123 Point Lobos,1984-09-13
crmid:7722033808,colston2002@live.com,Chante,Sanders,female,943-837-5155,Neenah,United States,17658,Mississippi,51 Meade,1995-03-03
crmid:8416445005,addis2032@outlook.com,Edwardo,Sanders,male,040-569-2584,Cartersville,United States,15470,Michigan,365 Parsons,1944-03-26
crmid:8709743782,orthognathy1921@outlook.com,Deloise,Drake,female,755-834-8730,Rockville,United States,51527,North Dakota,806 Montgomery,1998-03-04
crmid:3394122461,adaptive1948@yahoo.com,Elsy,Riggs,female,988-131-0573,Perth Amboy,United States,95122,Alabama,1233 Willard,1997-04-05
crmid:9959215506,vodkas2053@outlook.com,Keith,Harrell,,570-210-1381,Ferguson,United States,47354,Pennsylvania,1263 Fort Funston,1962-07-01
crmid:2024733120,sided1869@live.com,Roy,Horton,,040-098-7218,Oakland Park,United States,73044,Rhode Island,256 Davis,1967-06-16
crmid:4822093161,contg1914@live.com,Lonna,Franklin,female,393-374-9600,Christiansburg,United States,73468,Maryland,335 Matthew,1947-11-11
crmid:1586832062,chegre1841@outlook.com,Wesley,Kirkland,,964-206-7041,Highland,United States,09550,South Carolina,533 Serrano,1971-02-02
crmid:2313710163,caggy2050@yahoo.com,Kendrick,Holden,,446-688-9502,Visalia,United States,54384,Mississippi,448 Southern Heights,1996-06-14
crmid:1188471679,aberrant1808@yandex.com,Kristeen,Miles,female,336-441-5452,Cuyahoga Falls,United States,21045,Washington,945 Alana,1952-05-20
crmid:4781059256,bartram1962@yandex.com,Reinaldo,Cherry,,541-438-5223,Kenmore,United States,81846,Georgia,213 Lyndhurst,1977-10-07
crmid:3339251959,insect2028@yandex.com,Julio,Roberson,male,076-341-7583,Twentynine Palms,United States,07364,Arizona,641 Canyon,1939-06-25
crmid:7335019218,pseudovum1996@gmail.com,Jimmie,Barlow,male,074-807-9267,Abilene,United States,30307,New Jersey,965 Conrad,1930-05-02
crmid:7853139806,cordinar2003@yahoo.com,Vinita,Richardson,female,519-673-9191,El Cerrito,United States,53351,Texas,357 Page,1958-09-24
crmid:6418510530,ateles1831@outlook.com,Aubrey,Pena,,452-045-7042,Newnan,United States,21050,North Dakota,391 Perine,1997-05-06
crmid:6952435548,chuser1856@gmail.com,Elwood,Talley,,404-650-8384,Morristown,United States,47880,Delaware,916 Newton,1993-08-25
crmid:5375309475,ignatian1874@yandex.com,Jamal,Fuentes,,137-030-6883,Mill Creek,United States,40352,Washington,854 Madison,1990-08-11
crmid:5190506930,bevvy1932@live.com,Cher,Boone,female,913-932-7814,Springville,United States,10827,West Virginia,746 Chumasero,1946-02-03
crmid:2321337639,hypotrochanteric1816@gmail.com,Joella,Moss,female,195-101-6434,Crystal,United States,20095,Idaho,1189 Todd,1952-04-21
crmid:1645411149,saltee1822@yahoo.com,Eddy,Jefferson,male,595-227-2638,Atascadero,United States,12570,Ohio,1106 Corwin,1934-03-15
crmid:9692348216,sherramoor1827@yahoo.com,Charlena,Shannon,female,809-495-4319,Charlottesville,United States,58807,North Dakota,111 Lane,1946-10-28
crmid:5226410716,zoner1933@outlook.com,Amado,Bolton,,662-871-6845,West Jordan,United States,55100,Pennsylvania,1109 Spear,1997-09-11
crmid:5690399041,bowered1932@yahoo.com,Sheldon,Chambers,,430-529-4725,Jacksonville Beach,United States,31583,Kentucky,1283 Rosella,1975-07-26
crmid:9510142149,projacient1900@outlook.com,Carey,Cohen,,854-419-6508,McHenry,United States,10051,Colorado,753 Velasco,1988-03-25
crmid:2885401556,chipchap1802@gmail.com,Sana,Walter,female,034-427-9243,Saginaw,United States,19816,Missouri,357 Spring Valley,1953-08-30
crmid:7725243365,unstocking1904@gmail.com,Alita,Logan,female,704-669-5746,Colonial Heights,United States,00297,California,832 Madrone,1949-01-17
crmid:4736045529,yealing1937@live.com,Preston,Schroeder,male,515-749-6099,Broken Arrow,United States,43218,New Hampshire,436 Rio,1941-08-26
crmid:1768240666,decayed1985@live.com,Cory,King,male,352-431-1606,Southgate,United States,04039,Missouri,214 West Clay,1937-02-16
crmid:2166400625,counts1896@gmail.com,Horacio,Robinson,,275-751-9006,Lacey,United States,71926,Montana,219 Finley,1979-12-21
crmid:3177589020,colourblind2026@yandex.com,Lucio,Ingram,,327-907-5039,Hoboken,United States,13454,Minnesota,533 Ellis,1972-02-17
crmid:9027477432,periappendicitis2067@yandex.com,Aldo,Alford,,679-309-2449,Inver Grove Heights,United States,71091,North Dakota,1360 Icehouse,1974-12-09
crmid:8836232633,solatia2068@yahoo.com,Palmer,Gonzales,,085-582-0356,Sahuarita,United States,35483,North Dakota,111 Putnam,1981-03-18
crmid:4480673017,anabasis1998@live.com,Maxwell,Kinney,,113-209-7886,Napa,United States,75034,Missouri,235 Humboldt,1995-07-17
crmid:1130611096,bubales1810@gmail.com,Zonia,Strickland,female,159-972-3429,Shelbyville,United States,89500,Michigan,536 Dore,1946-10-18
crmid:1563847568,mibound1867@live.com,Ernest,Bradshaw,,084-351-7094,Louisville,United States,82414,Washington,973 Custom House,1984-11-08
crmid:1327994432,turnsoles2030@live.com,Armando,English,male,285-633-2293,Parkersburg,United States,12851,Virginia,1333 Treat,1945-01-09
crmid:2861365081,dispatching1960@yandex.com,Gil,Pitts,,931-795-2003,Fort Pierce,United States,66297,Kentucky,665 Lower Fort Mason,1963-10-31
crmid:6688495971,basnet1816@yandex.com,Dalton,Brady,,351-538-2300,Northfield,United States,85461,Georgia,1204 Bache,1999-10-15
crmid:9287094661,coleslaw1966@outlook.com,Mariano,Everett,,688-679-3958,Upper Arlington,United States,44723,Ohio,991 Mansfield,1991-08-26
crmid:2012431506,commanded2032@outlook.com,Ara,Sharp,female,402-533-3489,Omaha,United States,50861,West Virginia,100 Sadowa,1999-04-01
crmid:3328083889,cassowary2002@yandex.com,Jesus,Holder,male,139-349-6220,Akron,United States,84873,Indiana,729 Menoher,1930-05-14
crmid:7569702543,jenny2029@gmail.com,Jerrold,Bowen,male,785-474-8958,Talladega,United States,62045,New Mexico,1168 Dashiell Hammett,1942-05-03
crmid:7271379666,carine1979@yahoo.com,Minh,Grimes,male,036-249-1815,Buffalo,United States,53331,Michigan,728 Locust,1942-10-14
crmid:3315560162,escobilla1902@gmail.com,Syreeta,Leonard,female,324-501-3578,Duncanville,United States,47283,Louisiana,842 Alton,1956-08-17
crmid:3960547335,bison1851@yandex.com,Lucien,Wilson,,666-890-5754,Lombard,United States,11598,Connecticut,1272 Apollo,1984-03-03
crmid:2844818612,indignity1972@outlook.com,Freeman,Moran,,982-848-2119,Fitchburg,United States,72285,Michigan,1290 Blairwood,1962-08-09
crmid:8496493270,cerite1883@outlook.com,Dudley,Beard,,536-247-8891,Phoenix,United States,68631,Vermont,1391 Whitney,1963-08-21
crmid:9878448593,teemless1961@outlook.com,Dave,Wolfe,,868-400-8168,Olathe,United States,23167,Kansas,931 Perry,1965-01-13
crmid:6925055217,abucco1975@gmail.com,Heath,Lowery,male,450-126-4309,Trussville,United States,62158,Nevada,895 Zoo,1941-05-18
crmid:2175286666,snakemouths1956@outlook.com,Cary,Dillon,,221-532-5992,Lakeville,United States,70053,Kansas,449 Terra Vista,1980-12-01
crmid:9451121631,comically1955@outlook.com,Eugene,Holmes,male,240-240-4825,Cathedral City,United States,19783,Maryland,857 India,1945-04-14
crmid:7823202585,chazans1895@yandex.com,Scot,Ramos,,280-472-1008,Lawrence,United States,87055,Hawaii,587 Fernandez,1981-02-03
crmid:1412734669,bitter1974@yahoo.com,Eduardo,Harris,male,694-894-8929,Tallmadge,United States,90328,Utah,997 Harbor,1937-03-13
crmid:3336963685,aletaster1954@gmail.com,Norberto,Porter,male,693-566-8089,Bridgeton,United States,67130,Mississippi,92 Lillian,1941-11-14
crmid:5070257508,flycatcher1843@live.com,Cyrus,Tucker,,567-809-8191,Oswego,United States,43145,Colorado,160 Loyola,1986-05-13
crmid:3394219561,vino1853@outlook.com,Gaston,Barker,,073-524-3680,North Miami Beach,United States,55763,Michigan,73 Griffith,1998-09-22
crmid:6643450817,anthrol2029@yandex.com,Hosea,Arnold,,108-671-0933,Methuen,United States,77326,Hawaii,920 Holyoke,1990-12-11
crmid:8715294562,filemaker1996@live.com,Rebbeca,Henry,female,500-800-7783,Copperas Cove,United States,83628,Florida,71 Albatross,1950-07-13
crmid:8268950762,chromo1873@yahoo.com,Pierre,Noble,male,536-491-0586,New Brunswick,United States,88943,Rhode Island,95 Denslowe,1996-12-29
crmid:9128571906,kickxia2051@yahoo.com,Gavin,Gamble,,573-036-9986,West St. Paul,United States,38427,Louisiana,1007 Barneveld,1969-09-28
crmid:7063372843,protoderm2003@yandex.com,Stewart,Kirby,male,272-137-9145,Sycamore,United States,65267,Alabama,150 Harrison,1941-09-16
crmid:1344212641,feedbacks1808@live.com,Andres,Shepard,,054-591-4492,West Linn,United States,37280,Pennsylvania,1362 Apollo,1971-01-24
crmid:4652720086,heft2008@live.com,Bradford,Washington,,178-332-7628,Ottawa,United States,53548,Nebraska,834 Andover,1999-10-11
crmid:5578417782,conquered1872@outlook.com,Gerry,Carey,,855-809-8702,Greer,United States,86216,Wyoming,1104 Santa Paula,1968-05-22
crmid:5548172075,chunmei1954@gmail.com,Ty,Cortez,,365-943-2384,Monterey,United States,17153,Montana,1320 Mirabel,1992-03-15
crmid:5291837959,dayman1946@gmail.com,Danuta,Griffith,female,716-151-8250,East St. Louis,United States,18127,Idaho,872 Coleridge,1957-02-12
crmid:5840310766,spoonyism1818@outlook.com,Edwardo,Campbell,,557-711-4195,Pomona,United States,47941,Pennsylvania,76 Germania,1981-11-25
crmid:3188953425,altiplano2011@yahoo.com,Caleb,Finley,,370-327-7476,Highland Village,United States,66147,Louisiana,1156 Minnesota,1971-11-24
crmid:1995999782,stereology1985@outlook.com,Olin,Stewart,male,000-008-6989,Aurora,United States,49854,West Virginia,204 Bay View,1935-07-28
crmid:4619429966,ailing1839@outlook.com,Whitney,Mclean,,216-972-8114,Highland Village,United States,61755,West Virginia,365 Cadell,1971-11-02
crmid:4422156859,arctalian1920@yandex.com,Dominic,Britt,,084-957-6542,Hartford,United States,01817,Kansas,481 Osgood,1970-01-21
crmid:2814917636,sphericotetrahedral1811@yandex.com,Juan,Bauer,,427-924-3775,Menomonee Falls,United States,44305,Alaska,896 Troy,1989-07-02
crmid:2938032008,dormouse2050@yahoo.com,Adan,Herrera,,281-190-5559,Hammond,United States,11029,New York,100 Kennedy,1969-02-03
crmid:7957216778,outthrew2045@live.com,Cuc,Osborn,female,581-213-7517,Peoria,United States,16968,Pennsylvania,935 Stoneyford,1950-02-22
crmid:5990020734,eskimo2033@outlook.com,Benedict,Mccormick,,118-442-6548,Lake Oswego,United States,78950,Ohio,321 Saint Marys,1980-12-05
crmid:8374007795,collodion1921@yandex.com,Glady,Crawford,female,555-319-0185,Daytona Beach,United States,11625,Oklahoma,165 West,1953-03-07
crmid:9897257831,kiwi1934@gmail.com,Armand,Bowen,,277-653-7718,La Porte,United States,01803,Oklahoma,19 Gatun,1979-01-03
crmid:2753551430,hometown1832@outlook.com,Bert,French,,734-468-7715,San Ramon,United States,44532,Washington,576 Boylston,1993-04-14
crmid:9108958819,blacktop2020@yahoo.com,Gilberto,Rollins,,357-573-6004,Mason,United States,83772,Montana,43 Recycle,1987-03-12
crmid:3995951985,cagatay2004@live.com,Kai,Mcgee,female,896-868-0094,West Lafayette,United States,92438,Tennessee,163 Santa Barbara,1948-04-19
crmid:2518739392,cookeys1807@gmail.com,Branden,Graham,,551-273-7353,Stockton,United States,30000,Alabama,1130 Alta Vista,1975-12-03
crmid:4351901998,horrifiedly1967@live.com,Hosea,Dyer,,987-461-2051,Gulfport,United States,53282,Illinois,918 Harvard,1969-10-09
crmid:4894304291,dollishly1955@gmail.com,Janyce,Weiss,female,931-061-1536,Christiansburg,United States,20665,Missouri,796 Florentine,1947-04-30
crmid:1728489398,agronomial1966@gmail.com,Chase,Lindsey,,740-110-7092,Gallatin,United States,92309,Alabama,668 John Maher,1965-09-10
crmid:1417734821,turtle2046@yahoo.com,Benton,Bryant,male,506-409-3894,Abilene,United States,03450,Texas,865 Milan,1930-01-04
crmid:5280484309,cambridge1836@yandex.com,Thomas,Stuart,,192-486-8824,Munster,United States,67278,New York,511 Brunswick,1994-11-29
crmid:1530509650,chlorophane1975@gmail.com,Ernie,Hamilton,male,921-136-0093,San Francisco,United States,03939,Indiana,296 Croaker,1932-04-12
crmid:2787217494,bounder2048@yandex.com,Charlie,Dejesus,male,960-556-7086,Belleville,United States,92165,Arkansas,1354 Sycamore,1937-02-08
crmid:6767664744,chemosynthesis1995@gmail.com,Scotty,Clayton,male,280-766-2009,Provo,United States,70183,Louisiana,160 Pontiac,1938-09-06
crmid:8913031093,affluent2061@live.com,Morgan,Cline,,317-890-1486,Las Vegas,United States,93579,Rhode Island,340 Palm,1981-07-25
crmid:1204472523,abstracted1858@gmail.com,Tyler,Levine,,476-648-8996,Hawthorne,United States,05567,Tennessee,1286 Pollock,1970-02-18
crmid:9907996265,antonin1940@live.com,Lashaun,Weber,female,560-210-5643,Whittier,United States,67939,Oregon,1381 North Point,1958-12-10
crmid:5337834367,speer1995@yahoo.com,Ray,Carson,,134-796-2256,Williamsport,United States,44423,Connecticut,1385 Duboce,1990-08-16
crmid:3468834867,scheme1877@gmail.com,Del,Mcconnell,male,043-519-8580,Stevens Point,United States,05081,Tennessee,1024 Birchwood,1942-03-19
crmid:9627243399,triplocaulescent2005@gmail.com,Leland,Parks,,330-037-9656,Sparks,United States,58136,Connecticut,1143 Admiral,1962-11-04
crmid:4927997206,rhamnohexite1971@gmail.com,Zulema,Rollins,female,402-616-8334,Fairmont,United States,56842,South Carolina,608 Bayside,1961-09-25
crmid:4928100464,naturalistic2038@live.com,Aundrea,Bright,female,010-101-4368,Donna,United States,06365,Ohio,547 El Mirasol,1955-01-04
crmid:8574754195,arisen1828@outlook.com,Sheryll,Lawrence,female,958-910-9226,Dallas,United States,95565,Pennsylvania,687 Whittier,1952-08-17
crmid:7564083503,firearms1977@yandex.com,Leo,Herman,female,044-096-2883,Cottonwood Heights,United States,63619,Minnesota,1229 Appleton,1951-10-19
crmid:3280012406,adapa1991@live.com,Raymon,Dejesus,male,989-177-9265,West New York,United States,02183,Virginia,208 Friedell,1937-08-08
crmid:6196254601,ironwork2066@outlook.com,Junko,Huber,female,057-076-3442,Phenix City,United States,52557,Rhode Island,150 Jewett,1946-04-15
crmid:9287238115,jellyfish1904@yahoo.com,Anja,Anthony,female,074-123-4571,Sheboygan,United States,91069,Wyoming,247 Garrison,1952-01-01
crmid:2586054865,dinkey1949@yahoo.com,Walker,Martinez,,475-450-8428,Paris,United States,93652,Tennessee,200 Lancaster,1964-07-02
crmid:2218554091,abucco1809@outlook.com,Milan,Bond,,999-579-1168,Palm Beach Gardens,United States,31465,Connecticut,1099 Leona,1974-06-05
crmid:1517505488,dangle1956@yahoo.com,Dexter,Rollins,,234-164-1957,Hazel Park,United States,74182,Maryland,1180 Incinerator,1970-12-11
crmid:3492745834,audrie1816@yandex.com,Elisha,Mendoza,,079-179-5133,Jefferson City,United States,62169,Arizona,21 Boynton,1975-11-23
crmid:5727424435,padauk1943@gmail.com,Isaac,Bender,,751-064-4550,Mamaroneck,United States,06420,Louisiana,998 Hansen,1986-01-19
crmid:6824943590,arsonium1929@gmail.com,Faviola,Munoz,female,565-753-6198,Payson,United States,21707,Arkansas,1354 Valdez,1955-10-06
crmid:3743485083,matutinary1834@yandex.com,Carletta,Mercado,female,187-796-1067,East St. Louis,United States,02018,Wyoming,240 Fresnel,1957-02-20
crmid:1797293856,einkorn1999@outlook.com,Mervin,Brock,male,848-142-8738,Beloit,United States,47638,New Jersey,212 Germania,1937-07-04
crmid:6847145682,eightsman1893@outlook.com,Hayden,Rowe,,600-225-3119,Milford,United States,79742,Tennessee,240 Wayne,1990-11-18
crmid:4104367260,unstridently1902@yandex.com,Moriah,Mercado,female,141-131-1438,Chapel Hill,United States,32511,New Mexico,209 Barry,1946-07-20
crmid:8304785562,quebrachos1863@outlook.com,Obdulia,Anthony,female,938-189-3263,Dumont,United States,66997,Delaware,1286 Princeton,1956-11-23
crmid:6225217880,transistors1816@live.com,Pat,Gordon,,125-946-6373,Leavenworth,United States,97747,Texas,1018 Bache,1981-08-25
crmid:2816472081,alcoa2000@outlook.com,August,Mckenzie,,119-924-1723,Leesburg,United States,92750,Ohio,601 Osceola,1982-03-07
crmid:9344042226,shandies2026@yandex.com,Brent,Weeks,,279-669-6422,Northampton,United States,58130,Illinois,1127 Ccsf Parking Lot,1999-10-12
crmid:3257169948,sided2035@yandex.com,Garfield,Scott,,608-768-1505,Yuba City,United States,96998,Iowa,206 Willie B Kennedy,1983-09-18
crmid:1810426446,unbrotherliness1811@outlook.com,Meda,Sparks,female,529-759-9830,Dearborn,United States,35795,Kentucky,95 Winn,1953-06-27
crmid:7642289611,basile1800@yahoo.com,Jospeh,Velez,male,182-695-4764,Akron,United States,33431,Kentucky,187 Hamerton,1930-06-29
crmid:8828554683,maimed1857@live.com,Meggan,Barlow,female,107-713-5803,Chesterfield,United States,93391,Nevada,304 Dove,1946-12-12
crmid:6001311349,plainswomen1900@yahoo.com,Edgar,Guerra,male,530-481-4083,Saginaw,United States,51361,Pennsylvania,150 Martin Luther King Jr,1938-03-12
crmid:6334803934,unties1919@yahoo.com,Kirby,Cervantes,male,292-855-0896,Bainbridge Island,United States,37807,Kentucky,271 Larkin,1935-06-05
crmid:5031751199,crumby1820@yandex.com,Ira,Compton,,520-662-9736,Terrell,United States,32711,Iowa,575 Hawkins,1970-04-07
crmid:9018246218,snails1892@yahoo.com,Reuben,Frost,,689-702-5245,Hempstead,United States,31301,Vermont,533 Chase,1971-06-04
crmid:5212049309,triplopia1870@yandex.com,Johnson,Goodwin,,600-912-3522,Hudson,United States,13697,Oklahoma,1393 De Haro,1973-03-20
crmid:6049557910,castaways1985@live.com,Emory,Carney,,126-812-2913,La Puente,United States,14157,Colorado,1309 Goldberg,1979-03-01
crmid:4854989814,lotas1988@gmail.com,Roger,Bartlett,,547-012-0117,West New York,United States,44140,Texas,877 Natoma,1985-10-15
crmid:1102856191,average2040@yahoo.com,Albert,Bowen,,585-519-2718,North Port,United States,77551,Indiana,173 Alhambra,1999-12-27
crmid:2916359164,cramped1857@yahoo.com,Phil,Morgan,,924-017-0458,Gaithersburg,United States,70608,Washington,1286 Rosewood,1964-01-21
crmid:8589103703,burstones1959@yandex.com,Ward,Lopez,,632-967-8813,Ridgewood,United States,72764,North Dakota,740 Fairbanks,1968-04-25
crmid:3056702541,giantpanda1818@outlook.com,Jamey,Cantrell,,530-782-1478,Fredericksburg,United States,95127,Hawaii,49 Banneker,1964-01-19
crmid:9739876803,hemistater1930@yandex.com,Shawnna,Burks,female,113-707-9644,Tamarac,United States,95412,Nevada,207 Edith,1951-08-04
crmid:1493110457,burker1917@live.com,Booker,Cooke,,582-412-1424,Palm Desert,United States,29291,Montana,131 Halyburton,1964-01-19
crmid:1058852281,dhole2032@yandex.com,Garland,Warren,,566-253-6813,Harvey,United States,95892,Wisconsin,809 Flint,1970-10-06
crmid:6008633264,betassel1973@yandex.com,Napoleon,Nixon,,793-579-2329,Yukon,United States,41465,Michigan,1216 Kaplan,1987-03-06
crmid:9948106810,knifelike1987@yandex.com,Alden,Patrick,male,669-456-0547,Norwich,United States,06464,Alaska,1153 San Leandro,1999-01-01
crmid:7810127727,educable1949@live.com,Magan,Waller,female,457-539-0524,Darien,United States,37309,Wisconsin,558 Vienna,1953-06-30
crmid:8832882935,nemichthys2058@outlook.com,Benedict,Glover,male,892-234-9181,San Benito,United States,03882,New Mexico,95 Parsons,1934-01-11
crmid:8374122573,gulley1804@live.com,Billie,Dalton,,281-165-0022,Overland Park,United States,40123,Montana,322 Almaden,1992-12-03
crmid:8289306851,voyageurs2037@yahoo.com,Allen,O'donnell,female,768-206-9480,Wildwood,United States,78037,West Virginia,1372 Valencia,1946-01-22
crmid:1544022830,sundrily2025@live.com,Pamella,Porter,female,051-106-0623,North Olmsted,United States,27440,Ohio,277 Edgar,1999-04-13
crmid:8064053680,cusumano1937@yahoo.com,Lloyd,Salazar,,698-173-5977,Melrose Park,United States,50335,Kentucky,746 San Juan,1989-09-04
crmid:5319306302,diallings1993@live.com,Quintin,Randolph,male,312-869-9038,Winter Springs,United States,17391,Michigan,628 Dunshee,1944-08-24
crmid:5443543022,utriculariaceae1933@outlook.com,Trent,Casey,male,475-171-7378,Sugar Hill,United States,69565,Kentucky,1338 Pollock,1945-09-05
crmid:4899127791,gruesome1848@yahoo.com,Wilton,Wynn,,479-184-2893,Palestine,United States,61396,Oklahoma,1010 Chapman,1970-02-04
crmid:3419232502,electrified1834@yahoo.com,Denita,Mcfarland,female,174-381-8871,Ypsilanti,United States,16530,Kentucky,1176 Service,1946-10-04
crmid:6589737327,brags2067@yandex.com,Jeffery,Mcdowell,,047-231-4785,Sammamish,United States,43626,Tennessee,108 Trinity,1984-05-12
crmid:8477821105,begladding2033@gmail.com,Tifany,Howell,female,032-276-2336,San Clemente,United States,55140,Massachusetts,539 Mary Teresa,1954-09-15
crmid:9725199917,episarkine1842@live.com,Wai,Bartlett,female,647-596-8593,Terrell,United States,75385,Vermont,694 St. Paul Street-Calvert,1952-09-02
crmid:6536260589,taurocholate1920@outlook.com,Orlando,Gordon,,513-652-3921,Kannapolis,United States,38973,Alabama,19 Hauser,1976-06-15
crmid:4594584594,cheetham1811@yahoo.com,Geoffrey,Downs,male,356-964-3813,North Little Rock,United States,79822,Alaska,619 Golding,1998-12-30
crmid:2582304078,dories1963@yandex.com,Andrew,White,male,991-561-4626,Canton,United States,08246,Virginia,534 De Boom,1944-01-31
crmid:5490199009,adorable1953@outlook.com,Emory,Blake,,379-032-1214,Marietta,United States,22158,Maryland,668 Jessie,1987-05-18
crmid:4211646131,squirting2029@yahoo.com,Laurence,Finley,,779-644-8062,Merced,United States,03365,Idaho,804 Casa,1989-01-05
crmid:9771604714,boobies1898@yahoo.com,Omer,Leonard,,035-386-3109,Lauderhill,United States,54952,Illinois,111 Decker,1981-09-21
crmid:6197263571,frog2017@yahoo.com,Tamekia,Moses,female,679-984-8277,Wauwatosa,United States,26664,Louisiana,612 Stanton,1957-08-21
crmid:4739708767,benton1870@yahoo.com,Angelyn,French,female,694-602-9812,De Pere,United States,03516,Georgia,1280 Sharp,1953-01-10
crmid:1693372563,contribution1866@yahoo.com,Lewis,Sharp,female,217-841-4212,Port Hueneme,United States,92383,Florida,535 Germania,1959-05-27
crmid:8269773022,gizzard1871@live.com,Vern,Floyd,,122-128-0613,Sun Prairie,United States,69720,Oklahoma,769 Lake,1967-01-03
crmid:5203748723,deformative1984@gmail.com,Alexis,Petty,,710-842-0087,Mayfield Heights,United States,21709,Louisiana,303 Candyland,1988-04-14
crmid:6880285094,camel1904@live.com,Alex,Navarro,male,315-214-0316,Anniston,United States,66215,Ohio,566 Castle,1933-11-01
crmid:1697510049,parallelized1825@yahoo.com,Dario,Clemons,,009-856-2112,Weirton,United States,29113,Vermont,133 Bergen,1962-10-30
crmid:3643848777,podagry1862@yandex.com,Bertram,Stein,,042-040-1983,Indian Trail,United States,88483,Pennsylvania,896 Arlington,1974-07-27
crmid:4730969046,etherealization1877@outlook.com,Elijah,Pennington,,643-856-2386,Jersey City,United States,21179,Rhode Island,867 Dore,1975-04-13
crmid:7777533584,ferret1808@outlook.com,Julian,Odom,,773-693-0093,Leavenworth,United States,88665,Alaska,768 Vista Verde,1981-07-29
crmid:3211047121,blizz1815@yahoo.com,Ellena,Hays,female,653-270-1873,Edmonds,United States,63438,Missouri,105 Maryland,1958-10-05
crmid:9897907911,husk1974@yahoo.com,Miguel,Barton,,573-779-8279,Lacey,United States,14429,Alabama,1104 Lillian,1979-02-12
crmid:5456137411,snakemouths1985@yahoo.com,Dalton,Houston,male,477-367-1350,Pasadena,United States,18434,North Dakota,835 Alton,1943-10-26
crmid:5027421695,appleblossom2032@yandex.com,Randolph,Andrews,,902-250-7828,Key West,United States,93441,Utah,909 Saint Elmo,1977-06-28
crmid:2712783111,rhinoplasty1905@outlook.com,Lanell,Leonard,female,834-775-0217,Concord,United States,55749,North Dakota,1283 Pink,1950-09-09
crmid:5846101849,coghlan1944@yandex.com,Delmar,Caldwell,,372-134-3631,Northbrook,United States,33631,California,662 Kimball,1999-05-25
crmid:9213214225,troad1873@yandex.com,Hyman,Chapman,,112-750-8909,Wasco,United States,20579,Hawaii,109 Hagiwara Tea Garden,1967-10-02
crmid:4465217323,parser1865@yahoo.com,Elvin,Hebert,male,399-319-8530,Asbury Park,United States,13813,Missouri,547 Fairbanks,1934-03-13
crmid:5579048864,echovirus2047@yandex.com,Brain,Hall,,007-090-5477,Virginia Beach,United States,58516,Arkansas,313 Naylor,1994-11-28
crmid:3207591008,burps1868@gmail.com,Gil,Kane,male,021-212-1464,Biloxi,United States,68543,Arkansas,586 Broadmoor,1939-10-24
crmid:8187408157,parrot1863@yahoo.com,Rueben,Sullivan,,812-690-4544,Mount Clemens,United States,70688,Mississippi,255 Rousseau,1993-11-02
crmid:9798551525,denny2055@yandex.com,Jules,Herman,male,123-803-1358,Bowie,United States,31412,Mississippi,1099 Rose,1940-06-13
crmid:4089103600,blame1994@yahoo.com,Walton,Lawson,,083-118-9606,Idaho Falls,United States,15598,Oregon,1236 Oak Access,1974-03-07
crmid:4919464270,woodwaxen2058@yahoo.com,Erinn,Frost,female,945-632-4527,Chico,United States,12594,Pennsylvania,682 Delaware,1947-03-10
crmid:2855892803,homeothermic2041@live.com,Melodi,Douglas,female,682-087-6480,Crystal,United States,34468,Kentucky,96 Auburn,1952-06-08
crmid:5696512104,equiperiodic2048@gmail.com,Isidro,Sanford,,460-829-7095,Stevens Point,United States,70897,West Virginia,253 Brown,1982-01-21
crmid:7656061909,telegrams1972@gmail.com,Lincoln,Livingston,male,810-522-5330,Olympia,United States,15064,New Hampshire,1059 Darrell,1945-06-17
crmid:7992935709,nonstereotyped1890@yahoo.com,Gilbert,O'neill,male,288-501-0833,St. Charles,United States,55063,Idaho,475 San Miguel,1994-11-18
crmid:6385850640,desirae1850@yahoo.com,Trey,Love,,903-394-1881,Greensboro,United States,65035,Tennessee,229 Lucerne,1968-11-29
crmid:2847641637,subsextuple1872@yandex.com,Cortez,Ewing,,984-479-5572,Laguna Niguel,United States,21245,Wisconsin,853 Decker,1979-04-09
crmid:8809615668,ardea2044@outlook.com,Annika,Lindsey,female,255-165-7980,Pico Rivera,United States,98547,Tennessee,213 Shawnee,1961-01-17
crmid:7133534904,motorman1813@yahoo.com,Jarod,Solomon,,090-704-3528,New Lenox,United States,94023,Alaska,167 Converse,1996-10-15
crmid:4373325016,subinterval1800@yandex.com,Rickie,Noble,,453-220-6039,Mishawaka,United States,38619,Alabama,969 Roselyn,1991-06-15
crmid:6150894529,nonscraping2052@gmail.com,Robena,Farmer,female,111-572-3937,Dodge City,United States,74713,Illinois,8 Custom House,1955-12-28
crmid:3334215251,paellas1996@yahoo.com,Lonnie,Church,,853-996-9003,Milford,United States,77613,Missouri,1121 Skyview,1990-12-11
crmid:1463926637,decolor2031@live.com,Rory,Potts,male,161-558-8135,Alabaster,United States,77579,Connecticut,614 Christopher,1930-12-16
crmid:8467569788,virgal1808@outlook.com,Edmund,Simpson,male,513-338-2891,Bixby,United States,15655,Michigan,684 Milton,1939-03-27
crmid:1260301507,tunisians1813@gmail.com,Dion,Joyce,,261-271-7072,Klamath Falls,United States,96461,Connecticut,53 Friendship,1978-12-15
crmid:7504934057,carlene1907@outlook.com,Marlon,Cruz,,857-647-8816,San Angelo,United States,74739,Indiana,429 Timothy Pflueger,1971-08-29
crmid:8701819462,coffin2041@yahoo.com,Kasha,Saunders,female,365-520-4810,El Dorado,United States,23443,Pennsylvania,1086 Westgate,1958-05-26
crmid:8879626199,forepeak1837@gmail.com,Rex,Booker,,031-361-0854,West Bend,United States,92805,Pennsylvania,818 Acme,1976-04-16
crmid:1763557602,anteal2008@live.com,Katharina,Mayo,female,016-310-7768,San Benito,United States,25522,Florida,400 Moneta,1959-10-09
crmid:1504687275,rearwards1843@yandex.com,Kam,Barker,female,723-650-5827,Fairfax,United States,21072,Missouri,1241 Tulane,1961-04-02
crmid:2953637402,bridges1801@live.com,Shannon,Delgado,,476-102-0978,Las Vegas,United States,53823,Michigan,353 Pennsylvania,1981-10-02
crmid:4147394491,propacifist1871@yandex.com,Sean,Colon,female,016-815-6193,Torrance,United States,62492,Louisiana,147 Decker,1999-04-27
crmid:4735779556,intendancies1988@live.com,Porfirio,Rojas,,343-482-4731,Libertyville,United States,95948,New Hampshire,616 Navajo,1982-02-17
crmid:9918524069,simoom2064@live.com,Heath,Rollins,,881-979-7208,Van Buren,United States,35976,Florida,345 Raymond,1970-06-18
crmid:5845007668,oedipus1806@yahoo.com,Hosea,Santiago,,950-466-8428,Fort Dodge,United States,08796,New Jersey,490 York,1963-01-06
crmid:9353905214,slinking1895@outlook.com,Orlando,Shelton,,199-363-4567,Morganton,United States,12646,Hawaii,380 Fernwood,1993-03-05
crmid:3600829152,ambush2059@gmail.com,Garry,Holden,,893-935-2877,Huntington,United States,32219,Ohio,861 Anzavista,1973-06-20
crmid:7980525912,rubrication1945@yandex.com,Myron,Cohen,,922-080-9905,Tyler,United States,42691,Nebraska,288 Fairmount,1993-05-27
crmid:9309498678,buggyman1891@yahoo.com,Prince,Carrillo,,038-992-4548,Turlock,United States,84177,New Hampshire,553 Dewitt,1982-04-06
crmid:5578610230,spent2023@outlook.com,Alejandro,Mullins,male,285-289-2948,Seguin,United States,80839,Nevada,528 Mcallister,1931-01-21
crmid:3167849691,adenitis1800@live.com,Tyree,Patterson,male,554-847-1414,Slidell,United States,06665,Alabama,1150 Bennington,1931-10-22
crmid:4293904034,flittiness1994@yahoo.com,Luke,Davis,,245-003-9618,Menomonee Falls,United States,64372,Nebraska,453 Nueva,1989-10-15
crmid:7583116208,flabs1936@outlook.com,Refugio,Benson,female,908-562-3326,Diamond Bar,United States,48279,Massachusetts,105 Dukes,1955-07-02
crmid:4549448632,businesswoman2045@outlook.com,Jonah,Blevins,male,619-403-6032,Stafford,United States,00273,Delaware,54 Manchester,1940-05-03
crmid:7710076843,unfavourably1927@yandex.com,Fidela,Hudson,female,003-596-8725,Elk River,United States,11866,Maine,185 Montclair,1959-03-15
crmid:6390682956,sedated2048@live.com,Reginald,Gray,,908-529-9984,Mamaroneck,United States,15744,North Carolina,134 Sonoma,1986-03-18
crmid:5509328061,deidre1805@gmail.com,Terrell,Blankenship,male,909-447-5665,Urbana,United States,05009,Alaska,642 Kearny,1939-11-18
crmid:4020139486,brody2000@live.com,Irmgard,Sanford,female,994-353-2216,New Britain,United States,12643,Minnesota,993 Old Harford,1996-03-31
crmid:1261503921,thickened1946@live.com,Aide,Lewis,female,745-262-0467,Daphne,United States,09143,New Jersey,499 Lysette,1953-01-17
crmid:8337271362,mirbane1819@live.com,Leigh,Kent,,206-426-8048,Gurnee,United States,63340,Maine,187 Majestic,1969-10-11
crmid:9054316245,tammies1850@live.com,Junior,Fry,,586-316-1548,Jefferson City,United States,81330,Washington,1393 Yerba Buena,1975-04-07
crmid:6317278817,nincum1949@outlook.com,Brady,Michael,,253-789-8188,Las Cruces,United States,57979,North Dakota,597 Coventry,1981-10-05
crmid:6321335722,squibling1811@live.com,Salvatore,Nicholson,,651-036-0341,Westland,United States,26454,Massachusetts,396 Arroyo,1964-12-09
crmid:4593529504,econometrics2009@yahoo.com,Rex,Snow,,315-236-3609,Shawnee,United States,54243,Montana,589 Pico,1989-08-23
crmid:5002525992,teenage1880@yahoo.com,Zack,Fields,,304-055-3229,Perrysburg,United States,78359,Louisiana,1378 Inverness,1982-06-22
crmid:3500273355,procline1825@gmail.com,Eleni,Hawkins,female,598-238-4868,Darien,United States,97396,Arkansas,464 Winthrop,1953-03-13
crmid:5892857636,guars1926@yandex.com,Josiah,Stein,,073-650-8236,Friendswood,United States,48432,Kansas,61 El Dorado,1964-07-24
crmid:8427519893,filagree1824@yandex.com,Petrina,Guthrie,female,095-887-5815,Eagan,United States,46749,Arkansas,1212 Reservoir,1956-07-12
crmid:3699999636,lengthen1832@yandex.com,Dustin,Colon,,210-402-6382,Lake Worth,United States,05120,Louisiana,366 Lucerne,1980-02-07
crmid:9950912654,veratroyl2009@gmail.com,Jerrod,Barber,,203-130-2728,Greeley,United States,75532,Alabama,1316 Peru,1968-10-02
crmid:2215431670,snorkeling2001@live.com,Sterling,Herring,male,338-759-1037,Apache Junction,United States,53808,West Virginia,384 Charles J Brenham,1933-09-13
crmid:3688097664,uppercutted1926@outlook.com,Jeromy,Tillman,,529-986-9694,Mauldin,United States,26785,Kansas,1114 Moffitt,1988-05-07
crmid:5743239562,amazons1881@gmail.com,Marquis,Carter,,350-429-7269,Moses Lake,United States,10663,Alaska,328 Summit,1993-03-05
crmid:2850147213,emu2026@live.com,Waldo,Mccarthy,,729-575-5009,Hackensack,United States,07503,Oklahoma,736 Joy,1969-01-02
crmid:9325435043,woofs1883@yahoo.com,Cruz,Rowland,,187-503-8565,Longview,United States,82472,Hawaii,344 Marshall,1984-04-08
crmid:3390574923,snail1999@gmail.com,Sung,Fuller,,353-303-9327,Gladstone,United States,40597,Washington,971 Oscar,1966-08-29
crmid:7103973867,bleeker1878@yandex.com,Cinderella,Salinas,female,056-209-2462,Wheeling,United States,28026,Georgia,108 Rivera,1960-12-03
crmid:1146621151,mellic1979@gmail.com,Austin,Cardenas,male,993-997-4837,Cathedral City,United States,91452,California,1088 Mcrae,1945-01-05
crmid:6420859751,streeking1870@gmail.com,Carlos,Holcomb,,908-277-2530,Lufkin,United States,24411,Oklahoma,591 Cambon,1985-04-13
crmid:7637738616,refectioner1804@yahoo.com,Jessie,Larson,male,863-721-5104,Carbondale,United States,36268,Oklahoma,378 Moulton,1944-05-17
crmid:9141853487,orbitar1928@live.com,Billi,Berg,female,115-529-6776,Pelham,United States,50482,Idaho,1186 Fair,1994-04-02
crmid:2035831088,toad2000@yahoo.com,Darrel,Macias,,396-499-6496,Greenbelt,United States,97621,West Virginia,199 Meadowbrook,1968-09-26
crmid:9830316607,anthropos1813@yandex.com,Delmer,Atkins,,682-965-3927,Sumter,United States,35416,Wisconsin,641 August,1975-09-07
crmid:6201408782,alaunian1855@gmail.com,Buster,Barlow,male,464-019-7393,Brea,United States,90484,Texas,912 San Miguel,1941-02-02
crmid:3143283956,imprudential1844@outlook.com,Hector,Jackson,,266-163-4991,Macomb,United States,78814,Virginia,661 Carrie,1985-12-20
crmid:1918238565,intact1948@yandex.com,Sean,Goodman,,188-561-8612,Tinton Falls,United States,64551,Maine,460 Congdon,1965-07-18
crmid:8983995538,touchable1992@live.com,Harris,Mcdowell,,897-369-9168,South Salt Lake,United States,93472,Missouri,1178 Wiese,1978-07-16
crmid:1187012574,confused1821@yahoo.com,Scarlet,Schmidt,female,611-341-2566,Cleburne,United States,43589,Arizona,1390 San Benito,1948-08-26
crmid:2009592475,araneid1876@gmail.com,Garrett,Wilson,,078-803-5056,Oakdale,United States,79420,Washington,848 Don Chee,1969-05-15
crmid:9709700110,velocipeded1909@yahoo.com,Rafael,Butler,,660-412-5310,Junction City,United States,92422,Tennessee,1322 Daniel Burnham,1976-08-10
crmid:1680934930,bongos1902@outlook.com,Carlos,Norris,,654-389-4527,Wichita,United States,84196,Minnesota,864 Friendship,1989-08-06
crmid:9026793205,comfit1953@outlook.com,Shad,Wilkinson,male,475-413-8258,Bayonne,United States,55720,New Jersey,693 Tocoloma,1936-09-17
crmid:7759552929,unpostulated1943@outlook.com,Kip,Hebert,,829-551-1293,Sugar Hill,United States,54463,Oregon,573 Wanda,1975-08-23
crmid:2197627206,erena2002@yahoo.com,Elmer,Dotson,,562-258-2282,Modesto,United States,04136,Iowa,833 Valerton,1992-01-14
crmid:7658672267,adirondack1847@yahoo.com,Riley,Lynch,,802-879-7923,McKinney,United States,54437,Colorado,132 Princeton,1988-10-14
crmid:4437522599,anoraks1906@live.com,Neville,Parsons,male,632-791-5014,Austin,United States,43263,Illinois,220 Banbury,1935-07-23
crmid:8935510288,thyroxine1931@outlook.com,Irwin,Trujillo,male,964-966-7799,Watauga,United States,08898,Washington,217 Inca,1941-05-29
crmid:1467362132,unfeasibleness2033@yandex.com,Palmer,Gamble,male,493-932-8710,Cedar Park,United States,84273,New Jersey,771 Walnut,1945-12-15
crmid:5729271322,dolman2042@yahoo.com,Chanelle,Michael,female,290-706-6620,Crystal Lake,United States,03429,Arizona,1022 Battery Caulfield,1952-02-20
crmid:1094116839,cunard2043@gmail.com,Isaac,Farrell,,309-566-2457,Springfield,United States,72629,Rhode Island,714 Service,1983-04-11
crmid:6451617118,sgraffito1910@yandex.com,Luke,Kim,male,065-129-0495,Racine,United States,70457,Colorado,738 Bayview Park,1930-06-16
crmid:7256745387,chromomere1808@yahoo.com,Seema,Francis,female,236-149-6744,East Peoria,United States,82240,Utah,371 Eddy,1957-08-10
crmid:1084213236,vermillions2009@gmail.com,Pasquale,Hernandez,,949-715-8979,Hackensack,United States,31492,Ohio,583 Pierpoint,1969-06-04
crmid:5057542927,outlet2065@gmail.com,Pauletta,Nguyen,female,882-571-3371,Opelousas,United States,91866,North Dakota,411 Scott,1954-12-28
crmid:5525316523,fugio1921@yandex.com,Nathan,Buckley,male,213-408-6331,New Britain,United States,01722,Hawaii,548 Laguna,1996-01-14
crmid:8465135126,abolished1850@yahoo.com,Chung,French,male,492-809-2748,Avon Lake,United States,08395,Arizona,588 Ridge,1935-02-10
crmid:6306463810,laurvikite1846@live.com,Rutha,Sims,female,953-126-1685,Trotwood,United States,14679,New Jersey,928 Tubbs,1952-10-14
crmid:4263082175,corker1927@outlook.com,Ashley,Wolf,,852-351-9086,Westminster,United States,46429,Oregon,1139 Holly,1992-11-23
crmid:9704622986,aphasiacs2000@outlook.com,Dominick,Rojas,,856-550-7957,Montebello,United States,39177,Florida,803 Waldo,1992-06-30
crmid:1409670520,dingdonging1960@gmail.com,Emerson,Johnston,,597-155-5088,Lombard,United States,07411,Massachusetts,1030 Lopez,1984-02-20
crmid:7936955348,invigoration1916@gmail.com,Derrick,Trujillo,,763-014-2502,Kenmore,United States,63161,Iowa,1374 Grafton,1977-11-04
crmid:6506097956,gull2013@gmail.com,Raymundo,Buckner,,753-942-4254,Hampton,United States,59746,Delaware,1056 Continuum,1969-09-30
crmid:4991761589,alumnal2053@yahoo.com,Shanelle,Carrillo,female,219-102-7446,Fairhope,United States,81294,New York,1183 La Salle,1961-08-05
crmid:3460402964,stiffish1805@yahoo.com,Fredda,Hickman,female,149-303-7509,Palatine,United States,81820,Hawaii,928 Sanchez,1946-03-14
crmid:7157943739,eyeballs1817@yandex.com,Brice,Tillman,,943-257-4953,Lauderhill,United States,12010,Arkansas,1082 Quincy,1981-02-13
crmid:4025700643,corners2035@live.com,Thurman,Cooke,,950-110-8893,Pittsfield,United States,34544,Texas,1082 Lee,1969-03-16
crmid:5031768222,blackbelly1837@yahoo.com,Willene,Mosley,female,414-857-8329,Elmhurst,United States,52678,South Carolina,897 Scotland,1959-09-21
crmid:2139760965,borneo1985@yandex.com,Bert,Sloan,male,895-374-7751,Casselberry,United States,01785,New Mexico,650 Thor,1945-01-27
crmid:6202591133,paleichthyology1907@gmail.com,Jackie,Hunt,,851-792-1259,Golden,United States,61212,Michigan,390 Zoo,1966-11-09
crmid:7062826240,abrasive1923@yahoo.com,Norbert,Schwartz,,605-281-3802,Fort Lauderdale,United States,53581,Kansas,935 Brook,1963-09-25
crmid:2203846593,hypotrochanteric1948@yahoo.com,Lucas,Dodson,,678-770-4880,Georgetown,United States,15297,Louisiana,625 Escolta,1965-03-02
crmid:6237690787,misnames1915@yandex.com,Corazon,Mosley,female,460-782-0250,Nashville,United States,20212,Alabama,1274 Roscoe,1995-04-04
crmid:8885759679,artemis2027@live.com,Rory,Colon,female,813-659-0072,Orlando,United States,97144,Nevada,222 Eaton,1959-07-06
crmid:8307903156,banaba1865@outlook.com,Cassi,Love,female,210-064-1481,Dayton,United States,05121,California,128 Santa Paula,1953-02-18
crmid:5689601437,costumey1979@live.com,Jerome,Nieves,,176-543-0347,McDonough,United States,32249,Idaho,1042 Cosmo,1988-06-21
crmid:7341351041,defeatism1852@outlook.com,Vincent,Gallagher,,708-546-6820,Titusville,United States,56184,Oregon,1234 Ludlow,1995-09-21
crmid:5223417956,dissembles1946@outlook.com,Kermit,Bryan,,648-543-3201,Menomonee Falls,United States,20169,Maine,1371 Lombard,1989-04-04
crmid:8656285059,evolutionism1951@outlook.com,Jules,Crane,,263-748-3203,Mission Viejo,United States,63350,Maryland,787 Porter,1991-12-14
crmid:9798551525,anita1954@yahoo.com,Warner,Orr,,010-431-8688,La Vista,United States,85534,Indiana,206 Alameda,1979-06-17
crmid:6226644154,climbed1905@live.com,Rolando,Mccarty,,332-036-8099,South Milwaukee,United States,69559,Oregon,778 Raccoon,1999-06-17
crmid:9927200546,sedater1846@yandex.com,Sandy,Le,,096-517-2971,Niagara Falls,United States,58596,New Mexico,1204 Fallon,1997-10-17
crmid:2203314848,dhava2039@yandex.com,Denis,Tanner,,560-193-4819,Hazelwood,United States,90828,Kansas,960 Peabody,1970-11-01
crmid:9933198804,brancher2062@yandex.com,Roderick,Spence,,264-245-1771,Queen Creek,United States,42824,Tennessee,1355 D,1984-04-23
crmid:1150073383,dramas1828@live.com,Kurt,Reeves,,105-264-2973,Greenbelt,United States,02786,California,838 Farallones,1968-01-01
crmid:1065275604,beograd2008@outlook.com,Rick,Hinton,male,791-741-3336,Sanger,United States,64782,Oregon,349 Bright,1940-08-14
crmid:4509512673,brainwasher1905@yandex.com,Mario,Hartman,male,367-997-4278,Cathedral City,United States,67388,Wyoming,639 Gateview 1,1945-10-30
crmid:6247563709,antiquarian2056@gmail.com,Jeremiah,Moon,,611-670-9797,Longview,United States,01293,Vermont,316 Kansas,1984-01-23
crmid:3257035120,efficacious1837@outlook.com,Emanuel,Willis,,106-731-1424,Lincoln,United States,75659,Rhode Island,150 Margaret,1982-11-19
crmid:8532182288,arles1974@gmail.com,Tajuana,Montgomery,female,179-388-5824,South Pasadena,United States,65403,Louisiana,1297 Dorman,1959-10-24
crmid:3956905743,estevam1877@yahoo.com,Eldridge,Pierce,,353-029-6684,Hattiesburg,United States,40179,Florida,1237 Dorland,1970-08-25
crmid:2970970133,capozzi2022@gmail.com,Brooks,Boyd,,914-796-4470,Johns Creek,United States,50490,California,1064 Rice,1975-10-28
crmid:4643500650,dimension1993@live.com,Travis,Palmer,male,671-721-3883,Bettendorf,United States,95726,Pennsylvania,434 Ellsworth,1938-09-22
crmid:6566731036,cheryl1999@yahoo.com,Albert,Joseph,,578-335-6578,Idaho Falls,United States,31745,Missouri,1178 Sal,1974-07-28
crmid:5850320739,ridicule2046@live.com,Jacquiline,Irwin,female,285-042-4251,Dothan,United States,94984,New Jersey,470 Treasury,1955-04-15
crmid:1903262891,basnet1910@yandex.com,Kymberly,Malone,female,033-729-6825,Clemmons,United States,97564,Nebraska,777 Lower Fort Mason,1948-11-24
crmid:5209484089,adoree1905@outlook.com,Benton,Wilcox,,142-143-8631,Mount Pleasant,United States,20054,Indiana,945 El Camino Del Mar,1993-04-17
crmid:4605869213,reuttering1855@live.com,Tyson,Mckee,,733-274-1920,Leesburg,United States,42547,Vermont,653 Cortes,1982-08-16
crmid:3815072006,dryopians1813@gmail.com,Clora,Woods,female,463-925-7094,Pinellas Park,United States,29875,Arizona,1225 Loyola,1961-02-02
crmid:2304207079,bider2061@outlook.com,Major,Greene,,282-831-8855,Maricopa,United States,81354,Tennessee,530 Tenny,1987-08-07
crmid:2231167691,cottonmouth2026@yandex.com,Luis,Daniel,,757-664-5753,Hazel Park,United States,59102,Iowa,92 Robert Kirk,1970-09-22
