id,crmid,propensity_score_credit_cards,suggested_credit_card,propensity_score_loan,suggested_loan
346e490c-492e-11ea-9878-b88a60e194fb-1-ps,crmid:7717752055,6,Travel Card,4,Personal Loan
346fce54-492e-11ea-9111-b88a60e194fb-1-ps,crmid:2257173975,4,Platinum Card,7,Auto Loan
34712ddc-492e-11ea-aef4-b88a60e194fb-1-ps,crmid:1834056540,5,Travel Card,5,Student Loan
3472b4e8-492e-11ea-b5a8-b88a60e194fb-1-ps,crmid:1774792123,3,Travel Card,4,Personal Loan
3473ece8-492e-11ea-8e69-b88a60e194fb-1-ps,crmid:3270428923,3,Dividend Card,4,Personal Loan
359f0ab4-492e-11ea-8ab9-b88a60e194fb-1-ps,crmid:7843865310,5,Rewards Card,4,Personal Loan
35a01c6e-492e-11ea-aff3-b88a60e194fb-1-ps,crmid:6646359155,4,Platinum Card,8,Student Loan
35a17be2-492e-11ea-befc-b88a60e194fb-1-ps,crmid:8447570865,3,Business Card,4,Personal Loan
35a2dcb4-492e-11ea-b77c-b88a60e194fb-1-ps,crmid:7192143109,3,Dividend Card,4,Auto Loan
35a43aec-492e-11ea-a145-b88a60e194fb-1-ps,crmid:3484897943,5,Rewards Card,3,Auto Loan
35a573b4-492e-11ea-8b47-b88a60e194fb-1-ps,crmid:6522476785,4,Rewards Card,5,Student Loan
35a6d2fe-492e-11ea-848c-b88a60e194fb-1-ps,crmid:3374787933,4,Platinum Card,6,Student Loan
35a7bd62-492e-11ea-81f9-b88a60e194fb-1-ps,crmid:5008126807,2,Dividend Card,2,Student Loan
35a8f5d0-492e-11ea-8042-b88a60e194fb-1-ps,crmid:6009128233,4,Simplicity Card,4,Business Loan
35aaf1ca-492e-11ea-b005-b88a60e194fb-1-ps,crmid:2023892366,3,Simplicity Card,8,Auto Loan
35ac512c-492e-11ea-bde1-b88a60e194fb-1-ps,crmid:2389552164,3,Simplicity Card,4,Personal Loan
35ad8a00-492e-11ea-b0f5-b88a60e194fb-1-ps,crmid:5692552470,4,Platinum Card,2,Auto Loan
35aec2b4-492e-11ea-8700-b88a60e194fb-1-ps,crmid:5774042194,5,Travel Card,4,Business Loan
35affa94-492e-11ea-8d3a-b88a60e194fb-1-ps,crmid:5313142525,5,Business Card,3,Personal Loan
35b13314-492e-11ea-a5ae-b88a60e194fb-1-ps,crmid:6222774168,4,Business Card,4,Business Loan
35b307dc-492e-11ea-a30b-b88a60e194fb-1-ps,crmid:5083602465,8,Travel Card,2,Personal Loan
35b503c6-492e-11ea-b682-b88a60e194fb-1-ps,crmid:5168583738,5,Travel Card,4,Personal Loan
35b85f0a-492e-11ea-9b1b-b88a60e194fb-1-ps,crmid:9486277966,5,Travel Card,4,Personal Loan
36de6708-492e-11ea-930c-b88a60e194fb-1-ps,crmid:6119567880,4,Travel Card,4,Personal Loan
36df9f92-492e-11ea-8b4d-b88a60e194fb-1-ps,crmid:4164819473,4,Simplicity Card,4,Auto Loan
36e0b0fa-492e-11ea-a345-b88a60e194fb-1-ps,crmid:6916189792,4,Dividend Card,9,Auto Loan
36e23788-492e-11ea-9698-b88a60e194fb-1-ps,crmid:7112664337,6,Platinum Card,4,Personal Loan
36e3e56c-492e-11ea-a2d6-b88a60e194fb-1-ps,crmid:5260409857,3,Business Card,3,Personal Loan
36e5935e-492e-11ea-985b-b88a60e194fb-1-ps,crmid:3534545362,5,Rewards Card,4,Business Loan
36e6f248-492e-11ea-98ef-b88a60e194fb-1-ps,crmid:5545831856,4,Rewards Card,4,Personal Loan
36e82aba-492e-11ea-8b9e-b88a60e194fb-1-ps,crmid:3509291639,2,Business Card,5,Business Loan
36e91512-492e-11ea-bfce-b88a60e194fb-1-ps,crmid:4626246957,3,Business Card,3,Personal Loan
36ea74a8-492e-11ea-a783-b88a60e194fb-1-ps,crmid:9325443495,4,Platinum Card,3,Student Loan
36ec497e-492e-11ea-b14b-b88a60e194fb-1-ps,crmid:4300445268,5,Platinum Card,2,Business Loan
36eda900-492e-11ea-a182-b88a60e194fb-1-ps,crmid:2883333284,6,Simplicity Card,5,Personal Loan
36eee174-492e-11ea-9f41-b88a60e194fb-1-ps,crmid:8341782945,5,Simplicity Card,3,Student Loan
36f04118-492e-11ea-bab3-b88a60e194fb-1-ps,crmid:9684522164,4,Simplicity Card,4,Business Loan
36f1a09a-492e-11ea-92bc-b88a60e194fb-1-ps,crmid:7803064865,4,Student Card,3,Student Loan
36f3000c-492e-11ea-a4f0-b88a60e194fb-1-ps,crmid:1481279579,4,Travel Card,3,Auto Loan
36f45f9e-492e-11ea-a565-b88a60e194fb-1-ps,crmid:2534218375,5,Platinum Card,4,Auto Loan
36f5bf4c-492e-11ea-986e-b88a60e194fb-1-ps,crmid:8924561988,8,Student Card,3,Student Loan
38253c1e-492e-11ea-95b0-b88a60e194fb-1-ps,crmid:2292372110,4,Business Card,4,Personal Loan
38264dac-492e-11ea-bbc3-b88a60e194fb-1-ps,crmid:2181705642,7,Student Card,3,Personal Loan
38275efa-492e-11ea-8d52-b88a60e194fb-1-ps,crmid:2744100964,2,Simplicity Card,3,Personal Loan
3828705a-492e-11ea-942d-b88a60e194fb-1-ps,crmid:5252261852,3,Rewards Card,4,Student Loan
3829aa28-492e-11ea-b50e-b88a60e194fb-1-ps,crmid:9213214225,4,Student Card,3,Personal Loan
382abb86-492e-11ea-9467-b88a60e194fb-1-ps,crmid:8118379046,4,Dividend Card,3,Student Loan
382bcbc2-492e-11ea-b827-b88a60e194fb-1-ps,crmid:4927997206,3,Business Card,5,Auto Loan
382cb606-492e-11ea-966f-b88a60e194fb-1-ps,crmid:5482071710,4,Platinum Card,3,Auto Loan
382d7ac2-492e-11ea-8ca1-b88a60e194fb-1-ps,crmid:2306442646,4,Dividend Card,3,Student Loan
382eb1ac-492e-11ea-8b4f-b88a60e194fb-1-ps,crmid:8129238518,4,Travel Card,4,Business Loan
382fea5a-492e-11ea-9bdf-b88a60e194fb-1-ps,crmid:2181705642,4,Simplicity Card,4,Student Loan
3830fd18-492e-11ea-8ddc-b88a60e194fb-1-ps,crmid:4915135562,5,Dividend Card,5,Student Loan
38320d3a-492e-11ea-9c8d-b88a60e194fb-1-ps,crmid:8750699646,4,Student Card,5,Personal Loan
3832f866-492e-11ea-bf08-b88a60e194fb-1-ps,crmid:3515816953,5,Rewards Card,4,Personal Loan
38340a52-492e-11ea-868c-b88a60e194fb-1-ps,crmid:3135580808,5,Student Card,8,Personal Loan
38351b00-492e-11ea-b629-b88a60e194fb-1-ps,crmid:4444128778,3,Platinum Card,4,Personal Loan
38362bd8-492e-11ea-842e-b88a60e194fb-1-ps,crmid:9983372647,5,Student Card,6,Student Loan
383764dc-492e-11ea-91f8-b88a60e194fb-1-ps,crmid:3699456411,5,Travel Card,3,Personal Loan
394f61b4-492e-11ea-be6c-b88a60e194fb-1-ps,crmid:6836207982,5,Simplicity Card,5,Business Loan
39507338-492e-11ea-a208-b88a60e194fb-1-ps,crmid:8953541625,4,Platinum Card,6,Student Loan
395185cc-492e-11ea-977b-b88a60e194fb-1-ps,crmid:1959245558,2,Student Card,4,Personal Loan
3952bd12-492e-11ea-9ca5-b88a60e194fb-1-ps,crmid:4053755627,3,Rewards Card,3,Personal Loan
3953f548-492e-11ea-9c89-b88a60e194fb-1-ps,crmid:3360639687,4,Student Card,7,Personal Loan
39552dd8-492e-11ea-ad6b-b88a60e194fb-1-ps,crmid:5245667511,5,Student Card,7,Personal Loan
39563f28-492e-11ea-a416-b88a60e194fb-1-ps,crmid:8306262987,3,Business Card,5,Student Loan
39572a14-492e-11ea-92f0-b88a60e194fb-1-ps,crmid:7777278629,3,Simplicity Card,5,Auto Loan
39588924-492e-11ea-91d3-b88a60e194fb-1-ps,crmid:1243882832,4,Dividend Card,5,Personal Loan
3959c1c8-492e-11ea-b526-b88a60e194fb-1-ps,crmid:7291006789,4,Dividend Card,4,Student Loan
395ad314-492e-11ea-aa41-b88a60e194fb-1-ps,crmid:9030888738,5,Platinum Card,4,Student Loan
395c80c6-492e-11ea-86d0-b88a60e194fb-1-ps,crmid:3867722499,5,Business Card,2,Personal Loan
395e3006-492e-11ea-a44d-b88a60e194fb-1-ps,crmid:9442667077,5,Platinum Card,4,Auto Loan
395f1a1e-492e-11ea-a441-b88a60e194fb-1-ps,crmid:6685271512,4,Simplicity Card,6,Personal Loan
39600486-492e-11ea-9ab7-b88a60e194fb-1-ps,crmid:8223538595,4,Travel Card,4,Personal Loan
3960eed2-492e-11ea-813f-b88a60e194fb-1-ps,crmid:3459419598,4,Platinum Card,4,Personal Loan
3962ea48-492e-11ea-9c94-b88a60e194fb-1-ps,crmid:9396186087,3,Travel Card,4,Auto Loan
396421da-492e-11ea-8fcb-b88a60e194fb-1-ps,crmid:6795427904,5,Dividend Card,3,Auto Loan
3a6f0028-492e-11ea-aeef-b88a60e194fb-1-ps,crmid:1319071264,2,Dividend Card,5,Student Loan
3a7039dc-492e-11ea-af5c-b88a60e194fb-1-ps,crmid:8227699091,2,Simplicity Card,4,Business Loan
3a717118-492e-11ea-949d-b88a60e194fb-1-ps,crmid:3845071200,4,Rewards Card,3,Personal Loan
3a725b5e-492e-11ea-ac47-b88a60e194fb-1-ps,crmid:8589434795,5,Platinum Card,3,Personal Loan
3a742ffe-492e-11ea-8d90-b88a60e194fb-1-ps,crmid:7754968793,4,Simplicity Card,7,Personal Loan
3a756a74-492e-11ea-b68e-b88a60e194fb-1-ps,crmid:9208244587,4,Travel Card,3,Personal Loan
3a773d46-492e-11ea-b93a-b88a60e194fb-1-ps,crmid:1227491795,4,Travel Card,4,Personal Loan
3a7875d0-492e-11ea-bbe9-b88a60e194fb-1-ps,crmid:5997045069,4,Travel Card,4,Student Loan
3a79ae30-492e-11ea-acce-b88a60e194fb-1-ps,crmid:8422376706,4,Platinum Card,5,Personal Loan
3a7b0f22-492e-11ea-83b2-b88a60e194fb-1-ps,crmid:7747715299,3,Travel Card,4,Student Loan
3a7c4640-492e-11ea-9d0e-b88a60e194fb-1-ps,crmid:3514713552,4,Rewards Card,7,Auto Loan
3a7d590c-492e-11ea-af3b-b88a60e194fb-1-ps,crmid:6729129811,3,Dividend Card,3,Personal Loan
3a7e6936-492e-11ea-98f4-b88a60e194fb-1-ps,crmid:5271160992,4,Rewards Card,5,Personal Loan
3a7f7bee-492e-11ea-afcc-b88a60e194fb-1-ps,crmid:7941426135,4,Rewards Card,4,Business Loan
3a80b45c-492e-11ea-919b-b88a60e194fb-1-ps,crmid:7569911653,3,Student Card,3,Personal Loan
3a81c5e4-492e-11ea-820b-b88a60e194fb-1-ps,crmid:2756981357,3,Rewards Card,4,Auto Loan
3a82d76c-492e-11ea-8701-b88a60e194fb-1-ps,crmid:8136933900,4,Business Card,5,Business Loan
3a8436d2-492e-11ea-bd25-b88a60e194fb-1-ps,crmid:4047971441,7,Rewards Card,5,Auto Loan
3b8eec8a-492e-11ea-9893-b88a60e194fb-1-ps,crmid:1056337066,5,Dividend Card,4,Personal Loan
3b90266e-492e-11ea-abe7-b88a60e194fb-1-ps,crmid:8099810143,5,Travel Card,2,Personal Loan
3b91364a-492e-11ea-bbc3-b88a60e194fb-1-ps,crmid:9652855653,6,Student Card,4,Personal Loan
3b926ecc-492e-11ea-b4fe-b88a60e194fb-1-ps,crmid:3031324132,5,Platinum Card,5,Student Loan
3b9359b0-492e-11ea-be88-b88a60e194fb-1-ps,crmid:4605765076,5,Platinum Card,5,Auto Loan
3b946a98-492e-11ea-8c2c-b88a60e194fb-1-ps,crmid:8816147501,4,Dividend Card,4,Personal Loan
3b957bfa-492e-11ea-8e0e-b88a60e194fb-1-ps,crmid:3227021571,4,Travel Card,3,Student Loan
3b96b5d2-492e-11ea-aa09-b88a60e194fb-1-ps,crmid:3184731164,3,Platinum Card,5,Personal Loan
3b97a024-492e-11ea-bb3e-b88a60e194fb-1-ps,crmid:6897901731,4,Rewards Card,4,Business Loan
3b98b068-492e-11ea-a597-b88a60e194fb-1-ps,crmid:8988210517,5,Simplicity Card,4,Business Loan
3b99e8cc-492e-11ea-84b1-b88a60e194fb-1-ps,crmid:1461768684,3,Travel Card,4,Student Loan
3b9afa3e-492e-11ea-ae1d-b88a60e194fb-1-ps,crmid:9192805745,3,Simplicity Card,5,Auto Loan
3b9c340a-492e-11ea-b99c-b88a60e194fb-1-ps,crmid:6225495314,3,Rewards Card,2,Personal Loan
3b9d1df4-492e-11ea-95b6-b88a60e194fb-1-ps,crmid:2396234147,4,Dividend Card,4,Personal Loan
3b9e0780-492e-11ea-a2cc-b88a60e194fb-1-ps,crmid:8286954379,4,Simplicity Card,1,Personal Loan
3b9f1936-492e-11ea-b717-b88a60e194fb-1-ps,crmid:4016377352,5,Platinum Card,8,Business Loan
3ba05202-492e-11ea-8bb7-b88a60e194fb-1-ps,crmid:2459178933,5,Platinum Card,2,Business Loan
3ba18b28-492e-11ea-89ff-b88a60e194fb-1-ps,crmid:3042409571,3,Rewards Card,5,Student Loan
3ba29c5c-492e-11ea-8482-b88a60e194fb-1-ps,crmid:2901905758,3,Platinum Card,7,Auto Loan
3cb47e40-492e-11ea-a23f-b88a60e194fb-1-ps,crmid:8889485439,6,Dividend Card,3,Auto Loan
3cb59112-492e-11ea-87f9-b88a60e194fb-1-ps,crmid:3349107460,2,Student Card,4,Personal Loan
3cb6a10a-492e-11ea-8041-b88a60e194fb-1-ps,crmid:3522693458,4,Business Card,8,Personal Loan
3cb78c74-492e-11ea-8c99-b88a60e194fb-1-ps,crmid:9538304657,4,Dividend Card,6,Student Loan
3cb8c3e2-492e-11ea-bfac-b88a60e194fb-1-ps,crmid:8822900986,4,Simplicity Card,5,Personal Loan
3cb9ae46-492e-11ea-9e58-b88a60e194fb-1-ps,crmid:2561320763,3,Business Card,3,Personal Loan
3cbae6ba-492e-11ea-a8aa-b88a60e194fb-1-ps,crmid:6305968142,3,Student Card,5,Personal Loan
3cbbf8e2-492e-11ea-b883-b88a60e194fb-1-ps,crmid:2832243818,2,Simplicity Card,3,Business Loan
3cbce29e-492e-11ea-ac1d-b88a60e194fb-1-ps,crmid:8907490742,4,Dividend Card,3,Personal Loan
3cbe420a-492e-11ea-b147-b88a60e194fb-1-ps,crmid:1620740468,4,Student Card,2,Auto Loan
3cbfefe6-492e-11ea-96e0-b88a60e194fb-1-ps,crmid:2560043516,5,Travel Card,2,Auto Loan
3cc10202-492e-11ea-88ad-b88a60e194fb-1-ps,crmid:1863964595,3,Student Card,4,Personal Loan
3cc2138c-492e-11ea-be07-b88a60e194fb-1-ps,crmid:6927416959,3,Business Card,5,Personal Loan
3cc37392-492e-11ea-9b47-b88a60e194fb-1-ps,crmid:4943795027,4,Student Card,5,Personal Loan
3cc483ba-492e-11ea-b5ac-b88a60e194fb-1-ps,crmid:2550293517,4,Rewards Card,4,Student Loan
3cc5e354-492e-11ea-bf2e-b88a60e194fb-1-ps,crmid:5627452441,2,Platinum Card,5,Personal Loan
3cc71cca-492e-11ea-8313-b88a60e194fb-1-ps,crmid:9327676250,2,Dividend Card,4,Personal Loan
3dfd7640-492e-11ea-a0ba-b88a60e194fb-1-ps,crmid:5737663235,4,Student Card,6,Personal Loan
3dfe87a8-492e-11ea-a641-b88a60e194fb-1-ps,crmid:5131264246,4,Platinum Card,7,Personal Loan
3dffc018-492e-11ea-a15a-b88a60e194fb-1-ps,crmid:7494791660,2,Travel Card,4,Student Loan
3e00abd0-492e-11ea-96aa-b88a60e194fb-1-ps,crmid:3805871384,3,Dividend Card,5,Personal Loan
3e01bbec-492e-11ea-a660-b88a60e194fb-1-ps,crmid:8542874722,5,Business Card,5,Personal Loan
3e02ce68-492e-11ea-b614-b88a60e194fb-1-ps,crmid:9117550767,4,Simplicity Card,5,Business Loan
3e03b908-492e-11ea-aaff-b88a60e194fb-1-ps,crmid:4896131908,4,Travel Card,5,Business Loan
3e04a35e-492e-11ea-b243-b88a60e194fb-1-ps,crmid:2718474935,4,Simplicity Card,4,Personal Loan
3e05b4d2-492e-11ea-8c17-b88a60e194fb-1-ps,crmid:3419232502,4,Platinum Card,3,Auto Loan
3e071452-492e-11ea-b741-b88a60e194fb-1-ps,crmid:8170744154,2,Dividend Card,3,Student Loan
3e0825c0-492e-11ea-9adf-b88a60e194fb-1-ps,crmid:9476286463,4,Travel Card,8,Auto Loan
3e095dec-492e-11ea-88aa-b88a60e194fb-1-ps,crmid:8541383899,2,Student Card,5,Personal Loan
3e0abc8a-492e-11ea-a6b2-b88a60e194fb-1-ps,crmid:1328252849,4,Dividend Card,5,Auto Loan
3e0bf56c-492e-11ea-bbfe-b88a60e194fb-1-ps,crmid:1415746983,5,Platinum Card,8,Personal Loan
3e0e6750-492e-11ea-8167-b88a60e194fb-1-ps,crmid:1400774589,4,Platinum Card,7,Personal Loan
3e0f9fcc-492e-11ea-a5bf-b88a60e194fb-1-ps,crmid:9472774480,5,Travel Card,4,Business Loan
3e10b01c-492e-11ea-bd0e-b88a60e194fb-1-ps,crmid:1575926997,4,Dividend Card,4,Personal Loan
3e11c2b6-492e-11ea-a511-b88a60e194fb-1-ps,crmid:3388753255,6,Simplicity Card,3,Personal Loan
3e12ad10-492e-11ea-9df9-b88a60e194fb-1-ps,crmid:5862543890,5,Rewards Card,3,Personal Loan
3f706562-492e-11ea-aa54-b88a60e194fb-1-ps,crmid:8270717865,4,Business Card,4,Personal Loan
3f719c7a-492e-11ea-a36a-b88a60e194fb-1-ps,crmid:2769130912,2,Rewards Card,4,Personal Loan
3f72af34-492e-11ea-b8a7-b88a60e194fb-1-ps,crmid:3371057778,4,Rewards Card,4,Auto Loan
3f73e7b6-492e-11ea-8e24-b88a60e194fb-1-ps,crmid:5332432784,4,Simplicity Card,4,Auto Loan
3f74d224-492e-11ea-b8ad-b88a60e194fb-1-ps,crmid:3084901812,4,Simplicity Card,5,Student Loan
3f76305c-492e-11ea-a2ae-b88a60e194fb-1-ps,crmid:9052983526,4,Simplicity Card,4,Personal Loan
3f774190-492e-11ea-8812-b88a60e194fb-1-ps,crmid:4028672352,9,Student Card,5,Auto Loan
3f7853ac-492e-11ea-b7fe-b88a60e194fb-1-ps,crmid:5703974854,4,Travel Card,4,Personal Loan
3f798b7a-492e-11ea-abeb-b88a60e194fb-1-ps,crmid:7965947397,3,Simplicity Card,4,Auto Loan
3f7ac418-492e-11ea-be65-b88a60e194fb-1-ps,crmid:3691341483,3,Business Card,3,Student Loan
3f7bfde2-492e-11ea-9edd-b88a60e194fb-1-ps,crmid:6434012680,4,Dividend Card,6,Student Loan
3f7d0e3e-492e-11ea-b67c-b88a60e194fb-1-ps,crmid:6205721523,8,Student Card,3,Business Loan
3f7ebcf8-492e-11ea-bfe5-b88a60e194fb-1-ps,crmid:9265492226,5,Student Card,5,Student Loan
3f806958-492e-11ea-a22a-b88a60e194fb-1-ps,crmid:3491647534,5,Rewards Card,6,Student Loan
3f81a31a-492e-11ea-9b2f-b88a60e194fb-1-ps,crmid:1391833950,4,Simplicity Card,5,Personal Loan
3f82dbbe-492e-11ea-ae21-b88a60e194fb-1-ps,crmid:7357556185,4,Dividend Card,5,Personal Loan
3f843b5e-492e-11ea-b3cb-b88a60e194fb-1-ps,crmid:3993874969,5,Dividend Card,8,Personal Loan
3f859ada-492e-11ea-98b5-b88a60e194fb-1-ps,crmid:1178420135,3,Simplicity Card,4,Business Loan
3f86ac62-492e-11ea-87be-b88a60e194fb-1-ps,crmid:7188397735,4,Travel Card,7,Auto Loan
40a9565e-492e-11ea-8304-b88a60e194fb-1-ps,crmid:4001694086,4,Simplicity Card,3,Personal Loan
40aa8f12-492e-11ea-9045-b88a60e194fb-1-ps,crmid:9045400314,3,Rewards Card,4,Personal Loan
40ab7964-492e-11ea-bdb1-b88a60e194fb-1-ps,crmid:9447891644,5,Student Card,4,Auto Loan
40acb2c0-492e-11ea-a72d-b88a60e194fb-1-ps,crmid:9773863155,3,Business Card,4,Personal Loan
40adea48-492e-11ea-99d2-b88a60e194fb-1-ps,crmid:4724095977,5,Dividend Card,5,Business Loan
40af22c6-492e-11ea-b247-b88a60e194fb-1-ps,crmid:9088995411,4,Rewards Card,3,Personal Loan
40b00d18-492e-11ea-9760-b88a60e194fb-1-ps,crmid:7214286873,5,Travel Card,4,Personal Loan
40b11e90-492e-11ea-84da-b88a60e194fb-1-ps,crmid:4572438274,4,Travel Card,3,Personal Loan
40b22ffa-492e-11ea-8b43-b88a60e194fb-1-ps,crmid:4791209411,5,Platinum Card,4,Personal Loan
40b36878-492e-11ea-be8d-b88a60e194fb-1-ps,crmid:3238552329,5,Simplicity Card,6,Student Loan
40b452da-492e-11ea-b56b-b88a60e194fb-1-ps,crmid:9993385264,5,Business Card,2,Auto Loan
40b58b52-492e-11ea-8a10-b88a60e194fb-1-ps,crmid:4351906467,5,Business Card,3,Business Loan
40b6eade-492e-11ea-ae7d-b88a60e194fb-1-ps,crmid:5548628474,4,Platinum Card,9,Auto Loan
40b7fc46-492e-11ea-808d-b88a60e194fb-1-ps,crmid:1507135731,5,Dividend Card,5,Auto Loan
40b8e6b6-492e-11ea-a399-b88a60e194fb-1-ps,crmid:5753309357,4,Travel Card,5,Student Loan
40b9f910-492e-11ea-8a20-b88a60e194fb-1-ps,crmid:3212967611,4,Dividend Card,4,Student Loan
40bae390-492e-11ea-afa0-b88a60e194fb-1-ps,crmid:9663576980,4,Rewards Card,4,Personal Loan
40bc4208-492e-11ea-b9e9-b88a60e194fb-1-ps,crmid:1063424331,4,Dividend Card,4,Personal Loan
40bd5380-492e-11ea-bc41-b88a60e194fb-1-ps,crmid:3031324132,3,Student Card,2,Personal Loan
41dca3ae-492e-11ea-b483-b88a60e194fb-1-ps,crmid:2409991102,3,Business Card,3,Business Loan
41dd8e06-492e-11ea-81bd-b88a60e194fb-1-ps,crmid:7834206210,3,Travel Card,2,Auto Loan
41de9f80-492e-11ea-befc-b88a60e194fb-1-ps,crmid:9043181619,3,Platinum Card,4,Auto Loan
41df8a50-492e-11ea-b4de-b88a60e194fb-1-ps,crmid:5164848866,6,Simplicity Card,9,Personal Loan
41e0c300-492e-11ea-ab7d-b88a60e194fb-1-ps,crmid:8935875083,3,Platinum Card,5,Personal Loan
41e1acba-492e-11ea-9609-b88a60e194fb-1-ps,crmid:1009375300,5,Platinum Card,5,Personal Loan
41e30c48-492e-11ea-af53-b88a60e194fb-1-ps,crmid:4928100464,6,Simplicity Card,6,Auto Loan
41e3f6a2-492e-11ea-be90-b88a60e194fb-1-ps,crmid:7246625143,4,Rewards Card,3,Auto Loan
41e50878-492e-11ea-b479-b88a60e194fb-1-ps,crmid:2055686472,4,Business Card,4,Student Loan
41e61974-492e-11ea-92c8-b88a60e194fb-1-ps,crmid:1525772469,4,Student Card,3,Personal Loan
41e77910-492e-11ea-b8d7-b88a60e194fb-1-ps,crmid:4512884803,3,Platinum Card,4,Personal Loan
41e864be-492e-11ea-baa5-b88a60e194fb-1-ps,crmid:7065978678,4,Business Card,6,Student Loan
41e94f0c-492e-11ea-a8b0-b88a60e194fb-1-ps,crmid:2617027889,5,Rewards Card,5,Business Loan
41ea6100-492e-11ea-b2c7-b88a60e194fb-1-ps,crmid:1968423827,3,Simplicity Card,5,Auto Loan
41eb97f6-492e-11ea-a781-b88a60e194fb-1-ps,crmid:3163361056,2,Simplicity Card,4,Personal Loan
41eca936-492e-11ea-8487-b88a60e194fb-1-ps,crmid:5385639744,2,Rewards Card,5,Personal Loan
41ede1a2-492e-11ea-863a-b88a60e194fb-1-ps,crmid:1083567577,3,Travel Card,3,Business Loan
41ef1a48-492e-11ea-b968-b88a60e194fb-1-ps,crmid:5151482386,4,Simplicity Card,4,Business Loan
41f052a6-492e-11ea-8533-b88a60e194fb-1-ps,crmid:8641235949,3,Business Card,3,Student Loan
430612e6-492e-11ea-bebb-b88a60e194fb-1-ps,crmid:4356011585,4,Platinum Card,5,Business Loan
430766f6-492e-11ea-93a7-b88a60e194fb-1-ps,crmid:6945377287,2,Student Card,3,Business Loan
43087724-492e-11ea-9dd6-b88a60e194fb-1-ps,crmid:8774806872,6,Dividend Card,6,Personal Loan
4309d6a2-492e-11ea-a72d-b88a60e194fb-1-ps,crmid:5307846732,4,Business Card,4,Personal Loan
430b0f24-492e-11ea-91d7-b88a60e194fb-1-ps,crmid:7014419562,3,Platinum Card,4,Auto Loan
430c6eba-492e-11ea-b3f2-b88a60e194fb-1-ps,crmid:2567674998,4,Travel Card,3,Business Loan
430d5912-492e-11ea-8b52-b88a60e194fb-1-ps,crmid:6610581317,5,Dividend Card,4,Personal Loan
430e6bca-492e-11ea-9fc8-b88a60e194fb-1-ps,crmid:4086612759,4,Simplicity Card,3,Personal Loan
430fa45a-492e-11ea-9eef-b88a60e194fb-1-ps,crmid:4028672352,5,Travel Card,5,Auto Loan
4310b594-492e-11ea-bc1a-b88a60e194fb-1-ps,crmid:2820349737,3,Travel Card,4,Personal Loan
4311c748-492e-11ea-9021-b88a60e194fb-1-ps,crmid:8751950725,5,Student Card,4,Business Loan
4312d846-492e-11ea-a37a-b88a60e194fb-1-ps,crmid:6102095618,5,Simplicity Card,3,Personal Loan
43141070-492e-11ea-90d0-b88a60e194fb-1-ps,crmid:1944210610,4,Travel Card,4,Business Loan
43157098-492e-11ea-a760-b88a60e194fb-1-ps,crmid:9662107317,5,Travel Card,3,Auto Loan
4316a946-492e-11ea-b768-b88a60e194fb-1-ps,crmid:4320275073,5,Dividend Card,3,Business Loan
4317936e-492e-11ea-9948-b88a60e194fb-1-ps,crmid:5300357148,3,Student Card,8,Auto Loan
4318cbb8-492e-11ea-ab83-b88a60e194fb-1-ps,crmid:1850181640,5,Travel Card,4,Personal Loan
4319dd64-492e-11ea-9de7-b88a60e194fb-1-ps,crmid:9775565694,4,Student Card,4,Personal Loan
431ac7ca-492e-11ea-a548-b88a60e194fb-1-ps,crmid:9147651749,8,Business Card,6,Auto Loan
44433e52-492e-11ea-9d0c-b88a60e194fb-1-ps,crmid:2507663746,3,Dividend Card,4,Student Loan
44444fc0-492e-11ea-8e68-b88a60e194fb-1-ps,crmid:5475824440,4,Rewards Card,3,Personal Loan
44453a48-492e-11ea-a357-b88a60e194fb-1-ps,crmid:3652691455,5,Platinum Card,4,Student Loan
44464ba8-492e-11ea-8b58-b88a60e194fb-1-ps,crmid:9839131106,3,Business Card,5,Personal Loan
44475d06-492e-11ea-b196-b88a60e194fb-1-ps,crmid:2466622611,5,Business Card,6,Business Loan
44486e7e-492e-11ea-be22-b88a60e194fb-1-ps,crmid:5929905551,4,Student Card,4,Business Loan
444958a8-492e-11ea-a5dd-b88a60e194fb-1-ps,crmid:3167849691,6,Dividend Card,5,Business Loan
444a91b6-492e-11ea-8f57-b88a60e194fb-1-ps,crmid:8374989869,5,Dividend Card,2,Business Loan
444ba2c6-492e-11ea-b75f-b88a60e194fb-1-ps,crmid:5706824405,9,Student Card,2,Personal Loan
444cb40c-492e-11ea-beb1-b88a60e194fb-1-ps,crmid:1177226239,2,Dividend Card,5,Auto Loan
444dc576-492e-11ea-af5b-b88a60e194fb-1-ps,crmid:8681711268,4,Platinum Card,4,Student Loan
444ed934-492e-11ea-a322-b88a60e194fb-1-ps,crmid:2083048601,5,Dividend Card,5,Personal Loan
4450369c-492e-11ea-801f-b88a60e194fb-1-ps,crmid:4786548545,4,Dividend Card,8,Personal Loan
44514818-492e-11ea-846f-b88a60e194fb-1-ps,crmid:2040884977,4,Simplicity Card,4,Student Loan
44525aa8-492e-11ea-a7e6-b88a60e194fb-1-ps,crmid:9159043799,3,Business Card,4,Business Loan
4453450a-492e-11ea-b917-b88a60e194fb-1-ps,crmid:5129436066,4,Dividend Card,4,Auto Loan
44542f52-492e-11ea-bb7c-b88a60e194fb-1-ps,crmid:7013816482,3,Rewards Card,3,Personal Loan
445566ae-492e-11ea-9d37-b88a60e194fb-1-ps,crmid:2768374217,4,Dividend Card,4,Personal Loan
44569f10-492e-11ea-8cf8-b88a60e194fb-1-ps,crmid:4964423586,4,Business Card,3,Business Loan
4574b700-492e-11ea-9926-b88a60e194fb-1-ps,crmid:8062587337,5,Rewards Card,4,Student Loan
4575c85a-492e-11ea-979d-b88a60e194fb-1-ps,crmid:5859783068,5,Student Card,3,Personal Loan
4576d9ba-492e-11ea-9f30-b88a60e194fb-1-ps,crmid:2070258074,6,Rewards Card,3,Personal Loan
4577ec2e-492e-11ea-90a2-b88a60e194fb-1-ps,crmid:1477558163,1,Platinum Card,6,Personal Loan
4578d680-492e-11ea-b3b7-b88a60e194fb-1-ps,crmid:9598856058,3,Travel Card,3,Personal Loan
4579c10a-492e-11ea-956d-b88a60e194fb-1-ps,crmid:8968864141,3,Platinum Card,6,Auto Loan
457b468a-492e-11ea-916d-b88a60e194fb-1-ps,crmid:3934402133,5,Business Card,6,Personal Loan
457ca606-492e-11ea-a0f5-b88a60e194fb-1-ps,crmid:2658862232,4,Student Card,4,Auto Loan
457dde9e-492e-11ea-b766-b88a60e194fb-1-ps,crmid:7241952268,4,Rewards Card,5,Student Loan
457ef018-492e-11ea-a1c9-b88a60e194fb-1-ps,crmid:6583805491,6,Simplicity Card,5,Auto Loan
4580019e-492e-11ea-82fa-b88a60e194fb-1-ps,crmid:7293257621,3,Simplicity Card,4,Personal Loan
458139fa-492e-11ea-a077-b88a60e194fb-1-ps,crmid:4022463283,5,Platinum Card,5,Student Loan
45824b36-492e-11ea-ace6-b88a60e194fb-1-ps,crmid:3259618988,3,Student Card,6,Auto Loan
45835ca2-492e-11ea-9557-b88a60e194fb-1-ps,crmid:7295952185,4,Business Card,5,Auto Loan
45844738-492e-11ea-9455-b88a60e194fb-1-ps,crmid:5055102889,5,Simplicity Card,5,Personal Loan
4585a6c2-492e-11ea-bea0-b88a60e194fb-1-ps,crmid:3427035843,5,Simplicity Card,5,Personal Loan
4586b990-492e-11ea-8f09-b88a60e194fb-1-ps,crmid:1771610730,4,Platinum Card,8,Personal Loan
4587a3e4-492e-11ea-8b18-b88a60e194fb-1-ps,crmid:4446630458,6,Student Card,5,Business Loan
4589505a-492e-11ea-b1fb-b88a60e194fb-1-ps,crmid:7497605733,4,Student Card,4,Personal Loan
46aa9c1c-492e-11ea-9933-b88a60e194fb-1-ps,crmid:9030888738,4,Dividend Card,4,Personal Loan
46abad90-492e-11ea-907d-b88a60e194fb-1-ps,crmid:8610599291,5,Platinum Card,4,Personal Loan
46ace608-492e-11ea-98ef-b88a60e194fb-1-ps,crmid:7284373946,3,Travel Card,7,Student Loan
46aebac8-492e-11ea-978f-b88a60e194fb-1-ps,crmid:3782457440,2,Simplicity Card,4,Personal Loan
46b01b46-492e-11ea-8806-b88a60e194fb-1-ps,crmid:9211165310,4,Rewards Card,3,Auto Loan
46b15430-492e-11ea-92de-b88a60e194fb-1-ps,crmid:7603672355,5,Student Card,5,Auto Loan
46b28c5e-492e-11ea-9986-b88a60e194fb-1-ps,crmid:4101667591,4,Travel Card,4,Business Loan
46b376a8-492e-11ea-ae9b-b88a60e194fb-1-ps,crmid:1426958562,4,Simplicity Card,4,Personal Loan
46b4af7a-492e-11ea-aaf1-b88a60e194fb-1-ps,crmid:8099751282,3,Student Card,4,Personal Loan
46b599fe-492e-11ea-a2b4-b88a60e194fb-1-ps,crmid:8409990115,3,Student Card,4,Personal Loan
46b6a9f6-492e-11ea-a15f-b88a60e194fb-1-ps,crmid:9780200382,5,Business Card,3,Personal Loan
46b7e3a6-492e-11ea-9c8f-b88a60e194fb-1-ps,crmid:4829855411,4,Platinum Card,4,Student Loan
46b8f4da-492e-11ea-8b5d-b88a60e194fb-1-ps,crmid:4069534405,6,Simplicity Card,5,Student Loan
46ba2c52-492e-11ea-844e-b88a60e194fb-1-ps,crmid:1503366827,5,Platinum Card,4,Personal Loan
46bbda0c-492e-11ea-8570-b88a60e194fb-1-ps,crmid:8188525462,5,Simplicity Card,3,Personal Loan
46bd1300-492e-11ea-804d-b88a60e194fb-1-ps,crmid:6237876305,4,Business Card,3,Personal Loan
46be7234-492e-11ea-968a-b88a60e194fb-1-ps,crmid:7172809541,5,Rewards Card,4,Personal Loan
46bf84e2-492e-11ea-b146-b88a60e194fb-1-ps,crmid:6480241240,4,Travel Card,6,Personal Loan
46c2ded2-492e-11ea-8442-b88a60e194fb-1-ps,crmid:1140835276,5,Platinum Card,4,Personal Loan
47ea46e8-492e-11ea-ac9d-b88a60e194fb-1-ps,crmid:8610042413,5,Simplicity Card,3,Business Loan
47eba4da-492e-11ea-b1fa-b88a60e194fb-1-ps,crmid:4694418333,4,Student Card,5,Personal Loan
47ed52ac-492e-11ea-8d7f-b88a60e194fb-1-ps,crmid:3123477612,4,Dividend Card,6,Personal Loan
47eed92c-492e-11ea-a8bd-b88a60e194fb-1-ps,crmid:7232011612,4,Business Card,3,Personal Loan
47f05fc6-492e-11ea-9817-b88a60e194fb-1-ps,crmid:5727424435,3,Dividend Card,4,Auto Loan
47f20d98-492e-11ea-a244-b88a60e194fb-1-ps,crmid:9419529772,4,Rewards Card,4,Personal Loan
47f3468c-492e-11ea-9d8c-b88a60e194fb-1-ps,crmid:3694086691,3,Travel Card,5,Student Loan
47f47e74-492e-11ea-bba4-b88a60e194fb-1-ps,crmid:9003029203,6,Rewards Card,5,Student Loan
47f58fe4-492e-11ea-ab61-b88a60e194fb-1-ps,crmid:6123834739,2,Travel Card,5,Auto Loan
47f6c8d2-492e-11ea-a4d5-b88a60e194fb-1-ps,crmid:7457112268,6,Simplicity Card,5,Student Loan
47f827e4-492e-11ea-8bf2-b88a60e194fb-1-ps,crmid:1787607863,4,Student Card,3,Student Loan
47f960d0-492e-11ea-8ba8-b88a60e194fb-1-ps,crmid:1659048263,4,Business Card,4,Personal Loan
47fae706-492e-11ea-b97e-b88a60e194fb-1-ps,crmid:4500914324,4,Platinum Card,4,Auto Loan
47fc468c-492e-11ea-bd20-b88a60e194fb-1-ps,crmid:8757108262,5,Business Card,4,Personal Loan
47fdab06-492e-11ea-b69e-b88a60e194fb-1-ps,crmid:6353498368,5,Platinum Card,4,Business Loan
47feb8ee-492e-11ea-b033-b88a60e194fb-1-ps,crmid:5979685027,4,Rewards Card,5,Personal Loan
47fff00c-492e-11ea-b4b9-b88a60e194fb-1-ps,crmid:2504663678,5,Travel Card,4,Business Loan
4801287a-492e-11ea-8c99-b88a60e194fb-1-ps,crmid:9843706323,4,Travel Card,4,Personal Loan
480239ec-492e-11ea-9688-b88a60e194fb-1-ps,crmid:7868435483,4,Dividend Card,4,Auto Loan
4938e68c-492e-11ea-8746-b88a60e194fb-1-ps,crmid:9579732923,4,Rewards Card,3,Business Loan
493a1f0c-492e-11ea-93d6-b88a60e194fb-1-ps,crmid:7576953075,5,Travel Card,4,Auto Loan
493b7ea8-492e-11ea-be71-b88a60e194fb-1-ps,crmid:9428015197,4,Dividend Card,5,Student Loan
493cdf68-492e-11ea-81d8-b88a60e194fb-1-ps,crmid:1625677848,4,Student Card,3,Auto Loan
493dc9c8-492e-11ea-9272-b88a60e194fb-1-ps,crmid:1403945148,2,Dividend Card,3,Student Loan
493eda06-492e-11ea-9e5b-b88a60e194fb-1-ps,crmid:4415087795,6,Simplicity Card,10,Business Loan
49401278-492e-11ea-b986-b88a60e194fb-1-ps,crmid:8147154401,3,Travel Card,4,Student Loan
49412524-492e-11ea-9593-b88a60e194fb-1-ps,crmid:7834206210,4,Travel Card,4,Personal Loan
49425c8c-492e-11ea-b678-b88a60e194fb-1-ps,crmid:8460241196,5,Dividend Card,5,Personal Loan
494346c8-492e-11ea-b190-b88a60e194fb-1-ps,crmid:9132648982,4,Platinum Card,3,Personal Loan
49445842-492e-11ea-89f9-b88a60e194fb-1-ps,crmid:1514032810,4,Dividend Card,4,Personal Loan
494542a4-492e-11ea-af10-b88a60e194fb-1-ps,crmid:2077236858,3,Travel Card,4,Auto Loan
49462d9a-492e-11ea-bbad-b88a60e194fb-1-ps,crmid:9287831590,6,Dividend Card,4,Student Loan
49478c5c-492e-11ea-9fb5-b88a60e194fb-1-ps,crmid:5958082695,2,Travel Card,5,Personal Loan
494876be-492e-11ea-8e7a-b88a60e194fb-1-ps,crmid:5987413969,5,Simplicity Card,5,Auto Loan
4949b0b8-492e-11ea-a30d-b88a60e194fb-1-ps,crmid:7214982751,5,Simplicity Card,4,Auto Loan
494a9b02-492e-11ea-a092-b88a60e194fb-1-ps,crmid:2948286622,5,Dividend Card,3,Business Loan
494bd21e-492e-11ea-bc82-b88a60e194fb-1-ps,crmid:5601708459,4,Dividend Card,3,Auto Loan
494ce39c-492e-11ea-a641-b88a60e194fb-1-ps,crmid:4232957688,5,Travel Card,4,Auto Loan
4a792c40-492e-11ea-bb2b-b88a60e194fb-1-ps,crmid:3362727440,5,Dividend Card,6,Personal Loan
4a7a64ac-492e-11ea-80fe-b88a60e194fb-1-ps,crmid:1089746483,4,Travel Card,3,Personal Loan
4a7b4f00-492e-11ea-9077-b88a60e194fb-1-ps,crmid:8323280977,6,Student Card,4,Personal Loan
4a7cae92-492e-11ea-8f64-b88a60e194fb-1-ps,crmid:3028632819,3,Dividend Card,5,Auto Loan
4a7de702-492e-11ea-b1b6-b88a60e194fb-1-ps,crmid:6014063530,4,Simplicity Card,1,Business Loan
4a7ef868-492e-11ea-a090-b88a60e194fb-1-ps,crmid:5754454249,2,Travel Card,5,Personal Loan
4a7fe2ca-492e-11ea-8656-b88a60e194fb-1-ps,crmid:7500625178,3,Simplicity Card,5,Auto Loan
4a80a614-492e-11ea-afe6-b88a60e194fb-1-ps,crmid:1057561593,4,Rewards Card,8,Student Loan
4a81c474-492e-11ea-ad8e-b88a60e194fb-1-ps,crmid:5692299192,3,Dividend Card,4,Student Loan
4a82eff0-492e-11ea-8b56-b88a60e194fb-1-ps,crmid:3445357585,5,Platinum Card,3,Business Loan
4a849db6-492e-11ea-a77b-b88a60e194fb-1-ps,crmid:7677979547,6,Business Card,7,Auto Loan
4a85fd26-492e-11ea-bffb-b88a60e194fb-1-ps,crmid:3011919728,3,Dividend Card,7,Business Loan
4a873592-492e-11ea-8c24-b88a60e194fb-1-ps,crmid:3162606876,3,Dividend Card,4,Business Loan
4a886e40-492e-11ea-b262-b88a60e194fb-1-ps,crmid:1314320988,4,Travel Card,3,Auto Loan
4a89ced8-492e-11ea-ba63-b88a60e194fb-1-ps,crmid:4531280617,6,Student Card,9,Student Loan
4a8adf52-492e-11ea-b79a-b88a60e194fb-1-ps,crmid:6943047342,4,Business Card,9,Student Loan
4a8bf0a2-492e-11ea-a644-b88a60e194fb-1-ps,crmid:4905703415,5,Travel Card,3,Business Loan
4a8d01ec-492e-11ea-8a25-b88a60e194fb-1-ps,crmid:5835836644,5,Platinum Card,4,Business Loan
4a8e1352-492e-11ea-99c3-b88a60e194fb-1-ps,crmid:7489973251,5,Dividend Card,7,Business Loan
4ba3c6e8-492e-11ea-ad48-b88a60e194fb-1-ps,crmid:7203998709,5,Business Card,5,Personal Loan
4ba500d8-492e-11ea-82f2-b88a60e194fb-1-ps,crmid:4969707323,3,Business Card,4,Business Loan
4ba5eb06-492e-11ea-aa09-b88a60e194fb-1-ps,crmid:1800156095,5,Platinum Card,5,Auto Loan
4ba6fb36-492e-11ea-93f3-b88a60e194fb-1-ps,crmid:8027013676,6,Student Card,6,Auto Loan
4ba7e586-492e-11ea-abfd-b88a60e194fb-1-ps,crmid:8183146455,2,Student Card,3,Personal Loan
4ba8f6fe-492e-11ea-afe1-b88a60e194fb-1-ps,crmid:2107266726,5,Business Card,3,Personal Loan
4baa0876-492e-11ea-a171-b88a60e194fb-1-ps,crmid:4652685077,2,Dividend Card,5,Auto Loan
4bab690c-492e-11ea-81d3-b88a60e194fb-1-ps,crmid:6434771018,4,Business Card,4,Student Loan
4bac794c-492e-11ea-b186-b88a60e194fb-1-ps,crmid:5713602582,6,Simplicity Card,6,Personal Loan
4badb1e8-492e-11ea-b20c-b88a60e194fb-1-ps,crmid:9997657925,6,Simplicity Card,9,Auto Loan
4bae9c4a-492e-11ea-acef-b88a60e194fb-1-ps,crmid:9549278632,3,Rewards Card,6,Auto Loan
4bafd618-492e-11ea-8b07-b88a60e194fb-1-ps,crmid:6102095618,5,Platinum Card,4,Auto Loan
4bb10d0a-492e-11ea-b2c0-b88a60e194fb-1-ps,crmid:8416445005,5,Student Card,8,Business Loan
4bb2461c-492e-11ea-9bb6-b88a60e194fb-1-ps,crmid:1536255601,6,Travel Card,5,Business Loan
4bb3584c-492e-11ea-9f25-b88a60e194fb-1-ps,crmid:4888956783,3,Dividend Card,9,Personal Loan
4bb469be-492e-11ea-9900-b88a60e194fb-1-ps,crmid:5640845771,3,Simplicity Card,6,Auto Loan
4bb5a11c-492e-11ea-9bce-b88a60e194fb-1-ps,crmid:5066082590,6,Business Card,3,Business Loan
4bb68b64-492e-11ea-807d-b88a60e194fb-1-ps,crmid:6188770564,4,Travel Card,2,Student Loan
4bb79cd2-492e-11ea-a3ab-b88a60e194fb-1-ps,crmid:8665107346,4,Business Card,5,Personal Loan
4cc58812-492e-11ea-81c1-b88a60e194fb-1-ps,crmid:1854084736,3,Platinum Card,2,Student Loan
4cc67266-492e-11ea-b787-b88a60e194fb-1-ps,crmid:4727584383,4,Student Card,5,Auto Loan
4cc783d8-492e-11ea-84d8-b88a60e194fb-1-ps,crmid:3676706250,4,Student Card,4,Personal Loan
4cc8952e-492e-11ea-87f2-b88a60e194fb-1-ps,crmid:4270193573,4,Rewards Card,4,Personal Loan
4cc9cdba-492e-11ea-82b5-b88a60e194fb-1-ps,crmid:8070880846,4,Business Card,5,Personal Loan
4ccadf36-492e-11ea-93f8-b88a60e194fb-1-ps,crmid:4570715370,4,Dividend Card,4,Business Loan
4ccbf0a8-492e-11ea-87a8-b88a60e194fb-1-ps,crmid:3701010560,4,Student Card,4,Personal Loan
4cccdaf8-492e-11ea-8f09-b88a60e194fb-1-ps,crmid:2972850957,8,Simplicity Card,4,Auto Loan
4cce1386-492e-11ea-ac5b-b88a60e194fb-1-ps,crmid:3685270339,4,Dividend Card,4,Business Loan
4ccf4c0c-492e-11ea-925b-b88a60e194fb-1-ps,crmid:5570041457,4,Dividend Card,4,Auto Loan
4cd05eb6-492e-11ea-9c4b-b88a60e194fb-1-ps,crmid:6633860942,4,Platinum Card,5,Student Loan
4cd17036-492e-11ea-8745-b88a60e194fb-1-ps,crmid:5571626431,4,Student Card,8,Auto Loan
4cd25940-492e-11ea-8ac4-b88a60e194fb-1-ps,crmid:5069089730,5,Dividend Card,9,Business Loan
4cd392c0-492e-11ea-b418-b88a60e194fb-1-ps,crmid:4864165069,7,Rewards Card,6,Student Loan
4cd47d74-492e-11ea-8c4b-b88a60e194fb-1-ps,crmid:3351648730,5,Dividend Card,6,Business Loan
4cd62b34-492e-11ea-a7c3-b88a60e194fb-1-ps,crmid:8829277873,4,Dividend Card,4,Student Loan
4cd71400-492e-11ea-9831-b88a60e194fb-1-ps,crmid:3510505352,4,Student Card,4,Business Loan
4cd84c80-492e-11ea-a3ef-b88a60e194fb-1-ps,crmid:4706517726,4,Dividend Card,3,Personal Loan
4cd936da-492e-11ea-bf83-b88a60e194fb-1-ps,crmid:3571097152,2,Platinum Card,5,Personal Loan
4dec523a-492e-11ea-a3dd-b88a60e194fb-1-ps,crmid:4682191734,3,Travel Card,4,Personal Loan
4ded63ae-492e-11ea-92de-b88a60e194fb-1-ps,crmid:4349463126,2,Simplicity Card,4,Auto Loan
4dee7512-492e-11ea-ac31-b88a60e194fb-1-ps,crmid:5201605485,4,Rewards Card,4,Auto Loan
4defd49e-492e-11ea-bb98-b88a60e194fb-1-ps,crmid:4719656752,3,Simplicity Card,3,Auto Loan
4df10d34-492e-11ea-b0a6-b88a60e194fb-1-ps,crmid:3219953630,3,Student Card,5,Student Loan
4df2459c-492e-11ea-8668-b88a60e194fb-1-ps,crmid:3259471888,3,Dividend Card,5,Business Loan
4df37e28-492e-11ea-8f23-b88a60e194fb-1-ps,crmid:5745762152,4,Travel Card,4,Personal Loan
4df490dc-492e-11ea-a538-b88a60e194fb-1-ps,crmid:2660173292,4,Business Card,3,Personal Loan
4df5a26e-492e-11ea-bd7e-b88a60e194fb-1-ps,crmid:8947085340,3,Rewards Card,5,Auto Loan
4df6b3b4-492e-11ea-9054-b88a60e194fb-1-ps,crmid:7452271984,4,Dividend Card,3,Auto Loan
4df79cd8-492e-11ea-8a18-b88a60e194fb-1-ps,crmid:9390463083,5,Business Card,3,Personal Loan
4df8d554-492e-11ea-9f2b-b88a60e194fb-1-ps,crmid:7449538839,4,Simplicity Card,5,Student Loan
4df9e6c8-492e-11ea-b3f8-b88a60e194fb-1-ps,crmid:1459365372,5,Travel Card,4,Auto Loan
4dfad124-492e-11ea-8c34-b88a60e194fb-1-ps,crmid:9800949955,4,Travel Card,2,Auto Loan
4dfc099a-492e-11ea-a3c9-b88a60e194fb-1-ps,crmid:3036230214,2,Business Card,8,Business Loan
4dfd4206-492e-11ea-adf5-b88a60e194fb-1-ps,crmid:7515898044,2,Rewards Card,4,Personal Loan
4dfea1b8-492e-11ea-b9a4-b88a60e194fb-1-ps,crmid:2122044895,3,Student Card,5,Personal Loan
4dffb452-492e-11ea-b298-b88a60e194fb-1-ps,crmid:1122241458,5,Platinum Card,6,Auto Loan
4e009ecc-492e-11ea-b13a-b88a60e194fb-1-ps,crmid:8916708720,3,Business Card,4,Auto Loan
4f0fc152-492e-11ea-929e-b88a60e194fb-1-ps,crmid:1195699707,4,Simplicity Card,4,Business Loan
4f10d2c2-492e-11ea-9970-b88a60e194fb-1-ps,crmid:1718209107,3,Simplicity Card,5,Personal Loan
4f11e428-492e-11ea-abbf-b88a60e194fb-1-ps,crmid:4426684438,4,Simplicity Card,9,Auto Loan
4f12ce8c-492e-11ea-874c-b88a60e194fb-1-ps,crmid:6899120039,4,Platinum Card,4,Personal Loan
4f1408a6-492e-11ea-8e19-b88a60e194fb-1-ps,crmid:2855947878,3,Rewards Card,5,Personal Loan
4f14f376-492e-11ea-8ef8-b88a60e194fb-1-ps,crmid:1025890536,4,Business Card,4,Business Loan
4f16ed18-492e-11ea-a119-b88a60e194fb-1-ps,crmid:7240551228,4,Rewards Card,2,Business Loan
4f18738a-492e-11ea-9d69-b88a60e194fb-1-ps,crmid:6246891940,3,Dividend Card,4,Business Loan
4f19d35e-492e-11ea-8381-b88a60e194fb-1-ps,crmid:2483462796,5,Business Card,4,Personal Loan
4f1b32ca-492e-11ea-a835-b88a60e194fb-1-ps,crmid:8027013676,2,Rewards Card,4,Business Loan
4f1c6b8a-492e-11ea-bdf6-b88a60e194fb-1-ps,crmid:7345207097,2,Travel Card,3,Personal Loan
4f1d7ca8-492e-11ea-89d9-b88a60e194fb-1-ps,crmid:2009611833,4,Business Card,4,Personal Loan
4f1e6702-492e-11ea-adee-b88a60e194fb-1-ps,crmid:1596374921,3,Rewards Card,3,Student Loan
4f1f5162-492e-11ea-b594-b88a60e194fb-1-ps,crmid:1316957424,6,Rewards Card,4,Student Loan
4f2089ee-492e-11ea-a077-b88a60e194fb-1-ps,crmid:2065978956,3,Platinum Card,4,Personal Loan
4f22379a-492e-11ea-8beb-b88a60e194fb-1-ps,crmid:1865920688,4,Student Card,5,Auto Loan
4f239712-492e-11ea-bdc4-b88a60e194fb-1-ps,crmid:6468027151,3,Simplicity Card,3,Business Loan
4f24d0e6-492e-11ea-b2c1-b88a60e194fb-1-ps,crmid:6729218822,4,Travel Card,4,Business Loan
4f25e100-492e-11ea-b49f-b88a60e194fb-1-ps,crmid:8085191938,5,Rewards Card,2,Personal Loan
5036b278-492e-11ea-93c5-b88a60e194fb-1-ps,crmid:9622138804,5,Rewards Card,3,Auto Loan
5038120a-492e-11ea-9039-b88a60e194fb-1-ps,crmid:8936907944,3,Travel Card,9,Auto Loan
50394a80-492e-11ea-9471-b88a60e194fb-1-ps,crmid:1608865069,4,Travel Card,5,Business Loan
503a5be4-492e-11ea-959c-b88a60e194fb-1-ps,crmid:3847287246,4,Student Card,3,Student Loan
503b95da-492e-11ea-9edf-b88a60e194fb-1-ps,crmid:5746310195,3,Dividend Card,5,Personal Loan
503ca73a-492e-11ea-8447-b88a60e194fb-1-ps,crmid:9809239754,3,Business Card,2,Student Loan
503ddee6-492e-11ea-b2ed-b88a60e194fb-1-ps,crmid:8785837595,3,Student Card,4,Personal Loan
503ef128-492e-11ea-ab6a-b88a60e194fb-1-ps,crmid:1706024810,5,Rewards Card,4,Personal Loan
50404fae-492e-11ea-a1c1-b88a60e194fb-1-ps,crmid:1144661039,2,Travel Card,4,Personal Loan
504160b6-492e-11ea-95c8-b88a60e194fb-1-ps,crmid:6172412458,5,Student Card,3,Auto Loan
504272b6-492e-11ea-8d4f-b88a60e194fb-1-ps,crmid:6131311492,4,Business Card,5,Business Loan
50438392-492e-11ea-b108-b88a60e194fb-1-ps,crmid:4189408347,5,Dividend Card,3,Business Loan
5044e37a-492e-11ea-b21b-b88a60e194fb-1-ps,crmid:9867241766,2,Business Card,4,Personal Loan
50461b9a-492e-11ea-bc13-b88a60e194fb-1-ps,crmid:3815072006,4,Dividend Card,3,Student Loan
504817e2-492e-11ea-9e8f-b88a60e194fb-1-ps,crmid:3107027850,4,Student Card,4,Personal Loan
5049770c-492e-11ea-84d5-b88a60e194fb-1-ps,crmid:8478395070,5,Rewards Card,5,Personal Loan
504ab0e4-492e-11ea-b762-b88a60e194fb-1-ps,crmid:3768094480,3,Business Card,4,Personal Loan
504b99f0-492e-11ea-a9fd-b88a60e194fb-1-ps,crmid:9065097873,2,Platinum Card,5,Student Loan
504cf966-492e-11ea-b57f-b88a60e194fb-1-ps,crmid:8182791230,5,Rewards Card,5,Personal Loan
5166f418-492e-11ea-85de-b88a60e194fb-1-ps,crmid:5763548817,4,Dividend Card,4,Student Loan
51682c76-492e-11ea-8020-b88a60e194fb-1-ps,crmid:2497267643,5,Rewards Card,4,Business Loan
51693de2-492e-11ea-aed8-b88a60e194fb-1-ps,crmid:6749805363,6,Platinum Card,4,Student Loan
516a4dd2-492e-11ea-b547-b88a60e194fb-1-ps,crmid:6208048463,10,Platinum Card,4,Personal Loan
516b5f9c-492e-11ea-b27f-b88a60e194fb-1-ps,crmid:3172170554,5,Business Card,4,Student Loan
516c97c6-492e-11ea-9f74-b88a60e194fb-1-ps,crmid:7613446440,5,Business Card,4,Auto Loan
516d8240-492e-11ea-89de-b88a60e194fb-1-ps,crmid:3089669606,6,Dividend Card,5,Personal Loan
516e93b6-492e-11ea-864e-b88a60e194fb-1-ps,crmid:7053788352,4,Travel Card,4,Personal Loan
516fa4f6-492e-11ea-a454-b88a60e194fb-1-ps,crmid:1526304266,4,Business Card,5,Student Loan
5170b668-492e-11ea-a70f-b88a60e194fb-1-ps,crmid:5610670595,4,Student Card,4,Auto Loan
5171eefa-492e-11ea-ac48-b88a60e194fb-1-ps,crmid:5628759819,5,Rewards Card,4,Personal Loan
5172d94a-492e-11ea-ba10-b88a60e194fb-1-ps,crmid:4258481806,3,Simplicity Card,7,Personal Loan
5173ead0-492e-11ea-a629-b88a60e194fb-1-ps,crmid:4249582772,5,Business Card,9,Business Loan
5175257a-492e-11ea-8339-b88a60e194fb-1-ps,crmid:3325104791,4,Business Card,4,Business Loan
5176360a-492e-11ea-b5a7-b88a60e194fb-1-ps,crmid:9772669132,3,Simplicity Card,3,Personal Loan
5177461e-492e-11ea-8494-b88a60e194fb-1-ps,crmid:2370730930,3,Business Card,4,Personal Loan
5178578c-492e-11ea-84ee-b88a60e194fb-1-ps,crmid:3895692864,5,Travel Card,3,Business Loan
517a5364-492e-11ea-bc1f-b88a60e194fb-1-ps,crmid:2327904616,4,Student Card,4,Auto Loan
517c0162-492e-11ea-aef0-b88a60e194fb-1-ps,crmid:4759533634,3,Student Card,5,Business Loan
52900812-492e-11ea-8bea-b88a60e194fb-1-ps,crmid:1912904120,5,Dividend Card,5,Auto Loan
529140ae-492e-11ea-bb0b-b88a60e194fb-1-ps,crmid:1951174462,2,Rewards Card,5,Personal Loan
5292508a-492e-11ea-8219-b88a60e194fb-1-ps,crmid:1321867972,4,Dividend Card,4,Personal Loan
52936200-492e-11ea-ad1c-b88a60e194fb-1-ps,crmid:5338513905,4,Simplicity Card,4,Business Loan
52947378-492e-11ea-a433-b88a60e194fb-1-ps,crmid:2047531868,4,Simplicity Card,4,Personal Loan
529584dc-492e-11ea-aa02-b88a60e194fb-1-ps,crmid:3526440510,4,Simplicity Card,4,Business Loan
52966f38-492e-11ea-9d9d-b88a60e194fb-1-ps,crmid:9339302536,4,Business Card,4,Business Loan
5297ced2-492e-11ea-bad8-b88a60e194fb-1-ps,crmid:8980385695,5,Dividend Card,8,Business Loan
52992ed2-492e-11ea-843f-b88a60e194fb-1-ps,crmid:8747564160,4,Student Card,4,Personal Loan
529a1a94-492e-11ea-8017-b88a60e194fb-1-ps,crmid:3240968544,5,Student Card,5,Business Loan
529b7858-492e-11ea-8ba3-b88a60e194fb-1-ps,crmid:3028807478,5,Student Card,9,Auto Loan
529c89c2-492e-11ea-8df2-b88a60e194fb-1-ps,crmid:8838895207,5,Simplicity Card,3,Student Loan
529d9b28-492e-11ea-8e64-b88a60e194fb-1-ps,crmid:2684561388,5,Simplicity Card,4,Personal Loan
529e858c-492e-11ea-bf50-b88a60e194fb-1-ps,crmid:2955231936,3,Dividend Card,5,Personal Loan
529f97fe-492e-11ea-8ce3-b88a60e194fb-1-ps,crmid:2778918519,4,Business Card,3,Personal Loan
52a08178-492e-11ea-be3d-b88a60e194fb-1-ps,crmid:9102766469,3,Rewards Card,5,Business Loan
52a1bb28-492e-11ea-9703-b88a60e194fb-1-ps,crmid:1076938331,4,Rewards Card,8,Student Loan
52a2f27e-492e-11ea-be89-b88a60e194fb-1-ps,crmid:5061000834,4,Platinum Card,6,Personal Loan
52a403d2-492e-11ea-a5a1-b88a60e194fb-1-ps,crmid:5437935169,4,Travel Card,5,Personal Loan
53b8f3d4-492e-11ea-ba3a-b88a60e194fb-1-ps,crmid:1071384922,3,Travel Card,3,Business Loan
53ba2c46-492e-11ea-87ee-b88a60e194fb-1-ps,crmid:6782350186,2,Rewards Card,4,Personal Loan
53bb3f1e-492e-11ea-93b2-b88a60e194fb-1-ps,crmid:5652077010,5,Rewards Card,5,Personal Loan
53bc783a-492e-11ea-ac42-b88a60e194fb-1-ps,crmid:4395616710,5,Travel Card,4,Business Loan
53bd61e2-492e-11ea-a64e-b88a60e194fb-1-ps,crmid:3352724582,4,Student Card,3,Personal Loan
53be9912-492e-11ea-b81d-b88a60e194fb-1-ps,crmid:2679224046,3,Dividend Card,4,Personal Loan
53bfd226-492e-11ea-adfc-b88a60e194fb-1-ps,crmid:6989391494,1,Simplicity Card,6,Auto Loan
53c10b54-492e-11ea-8b90-b88a60e194fb-1-ps,crmid:8286713458,5,Rewards Card,3,Business Loan
53c1f5b4-492e-11ea-9775-b88a60e194fb-1-ps,crmid:6279651703,4,Business Card,7,Personal Loan
53c306ca-492e-11ea-912c-b88a60e194fb-1-ps,crmid:3986199666,4,Student Card,5,Business Loan
53c41898-492e-11ea-bcc1-b88a60e194fb-1-ps,crmid:9498114849,6,Platinum Card,3,Student Loan
53c528c6-492e-11ea-b23c-b88a60e194fb-1-ps,crmid:4340030498,2,Platinum Card,4,Student Loan
53c68850-492e-11ea-b927-b88a60e194fb-1-ps,crmid:7107617112,4,Dividend Card,5,Student Loan
53c799ba-492e-11ea-bcfc-b88a60e194fb-1-ps,crmid:1227491795,5,Business Card,5,Personal Loan
53c9bc8a-492e-11ea-b354-b88a60e194fb-1-ps,crmid:7796382899,4,Rewards Card,4,Personal Loan
53cace22-492e-11ea-95c5-b88a60e194fb-1-ps,crmid:1530366160,3,Travel Card,3,Personal Loan
53cbdf8c-492e-11ea-8819-b88a60e194fb-1-ps,crmid:1001592634,3,Simplicity Card,3,Business Loan
53cd1894-492e-11ea-85a6-b88a60e194fb-1-ps,crmid:9448775858,4,Business Card,4,Business Loan
53ce5092-492e-11ea-9e7a-b88a60e194fb-1-ps,crmid:9863988738,4,Platinum Card,3,Personal Loan
54dcb38c-492e-11ea-bfa5-b88a60e194fb-1-ps,crmid:9281053549,6,Business Card,3,Auto Loan
54de1324-492e-11ea-b94c-b88a60e194fb-1-ps,crmid:8497889355,3,Travel Card,3,Personal Loan
54df74dc-492e-11ea-a048-b88a60e194fb-1-ps,crmid:5127461404,4,Rewards Card,9,Personal Loan
54e0d24c-492e-11ea-839c-b88a60e194fb-1-ps,crmid:7691542719,3,Platinum Card,5,Personal Loan
54e1e3b8-492e-11ea-b273-b88a60e194fb-1-ps,crmid:4616869898,5,Travel Card,6,Auto Loan
54e31c0c-492e-11ea-9711-b88a60e194fb-1-ps,crmid:3830411019,5,Rewards Card,4,Personal Loan
54e4a2dc-492e-11ea-a5d1-b88a60e194fb-1-ps,crmid:1189884623,2,Platinum Card,3,Student Loan
54e58d42-492e-11ea-922e-b88a60e194fb-1-ps,crmid:1942584840,4,Simplicity Card,4,Personal Loan
54e6c5ba-492e-11ea-9ca4-b88a60e194fb-1-ps,crmid:8501896568,5,Business Card,2,Auto Loan
54e7b012-492e-11ea-a3ad-b88a60e194fb-1-ps,crmid:2385168867,3,Travel Card,5,Business Loan
54e90f6e-492e-11ea-be96-b88a60e194fb-1-ps,crmid:4363528383,4,Dividend Card,3,Auto Loan
54e9f9cc-492e-11ea-b95d-b88a60e194fb-1-ps,crmid:3536893551,3,Simplicity Card,4,Student Loan
54eb327a-492e-11ea-9554-b88a60e194fb-1-ps,crmid:6053760157,5,Dividend Card,8,Student Loan
54ec43e4-492e-11ea-b994-b88a60e194fb-1-ps,crmid:7566771234,3,Student Card,2,Personal Loan
54ed5570-492e-11ea-8e8e-b88a60e194fb-1-ps,crmid:3613252996,4,Travel Card,3,Auto Loan
54ee6a62-492e-11ea-82ce-b88a60e194fb-1-ps,crmid:5897538529,4,Travel Card,4,Student Loan
54ef7828-492e-11ea-8c34-b88a60e194fb-1-ps,crmid:9477446385,4,Business Card,5,Auto Loan
54f08992-492e-11ea-b4b3-b88a60e194fb-1-ps,crmid:1908528826,6,Business Card,5,Auto Loan
54f19b0a-492e-11ea-954d-b88a60e194fb-1-ps,crmid:4194522990,4,Simplicity Card,4,Auto Loan
56046824-492e-11ea-be4b-b88a60e194fb-1-ps,crmid:4452421658,4,Travel Card,5,Auto Loan
56057998-492e-11ea-85ed-b88a60e194fb-1-ps,crmid:9718589934,4,Simplicity Card,2,Personal Loan
56068b08-492e-11ea-b84b-b88a60e194fb-1-ps,crmid:4968053512,5,Dividend Card,2,Student Loan
5607c4b4-492e-11ea-ac9e-b88a60e194fb-1-ps,crmid:9539420673,5,Simplicity Card,4,Business Loan
5608d50c-492e-11ea-9d2e-b88a60e194fb-1-ps,crmid:4777173973,3,Student Card,3,Business Loan
5609e764-492e-11ea-8108-b88a60e194fb-1-ps,crmid:5883723995,8,Student Card,4,Student Loan
560ad1b4-492e-11ea-a529-b88a60e194fb-1-ps,crmid:7628955655,4,Simplicity Card,5,Personal Loan
560c0940-492e-11ea-8e1b-b88a60e194fb-1-ps,crmid:1333878732,3,Travel Card,5,Personal Loan
560d8fee-492e-11ea-a4c5-b88a60e194fb-1-ps,crmid:7222793451,4,Dividend Card,3,Personal Loan
560ea152-492e-11ea-b157-b88a60e194fb-1-ps,crmid:2352985482,4,Business Card,5,Student Loan
560fb29c-492e-11ea-a91e-b88a60e194fb-1-ps,crmid:2110201621,3,Student Card,3,Personal Loan
5610c412-492e-11ea-bc7e-b88a60e194fb-1-ps,crmid:4533094905,6,Simplicity Card,4,Personal Loan
5611fcc0-492e-11ea-a56c-b88a60e194fb-1-ps,crmid:5098835599,4,Student Card,4,Student Loan
56130f68-492e-11ea-a4ce-b88a60e194fb-1-ps,crmid:8076437186,2,Dividend Card,4,Student Loan
5613fa00-492e-11ea-8793-b88a60e194fb-1-ps,crmid:7124490051,5,Rewards Card,4,Auto Loan
561530d4-492e-11ea-8f16-b88a60e194fb-1-ps,crmid:4894304291,4,Rewards Card,3,Personal Loan
5616424c-492e-11ea-aa90-b88a60e194fb-1-ps,crmid:2483462796,3,Simplicity Card,4,Student Loan
561753ae-492e-11ea-936e-b88a60e194fb-1-ps,crmid:6722117098,4,Business Card,3,Personal Loan
56183ed8-492e-11ea-9b1d-b88a60e194fb-1-ps,crmid:7355523457,4,Rewards Card,4,Student Loan
572a97c2-492e-11ea-97c3-b88a60e194fb-1-ps,crmid:2810558844,2,Travel Card,3,Personal Loan
572bf69c-492e-11ea-8aa7-b88a60e194fb-1-ps,crmid:1691340159,4,Travel Card,3,Auto Loan
572d084c-492e-11ea-af00-b88a60e194fb-1-ps,crmid:3660789523,4,Student Card,3,Auto Loan
572df2e8-492e-11ea-b81e-b88a60e194fb-1-ps,crmid:2101057834,5,Simplicity Card,4,Auto Loan
572f2a2e-492e-11ea-bfdc-b88a60e194fb-1-ps,crmid:7449538839,4,Student Card,5,Personal Loan
573062b0-492e-11ea-aedc-b88a60e194fb-1-ps,crmid:2022362367,5,Platinum Card,4,Business Loan
57317452-492e-11ea-99da-b88a60e194fb-1-ps,crmid:3112181499,5,Dividend Card,4,Personal Loan
5732accc-492e-11ea-8642-b88a60e194fb-1-ps,crmid:9112844777,4,Rewards Card,4,Personal Loan
57340c28-492e-11ea-80ef-b88a60e194fb-1-ps,crmid:2690461159,5,Business Card,4,Business Loan
573544a2-492e-11ea-afa1-b88a60e194fb-1-ps,crmid:2815378785,5,Student Card,2,Personal Loan
57365608-492e-11ea-8763-b88a60e194fb-1-ps,crmid:1828482730,5,Student Card,2,Student Loan
57376770-492e-11ea-ad68-b88a60e194fb-1-ps,crmid:2872809154,6,Platinum Card,4,Personal Loan
573851c2-492e-11ea-83da-b88a60e194fb-1-ps,crmid:8393345655,3,Dividend Card,5,Business Loan
57398a5a-492e-11ea-b143-b88a60e194fb-1-ps,crmid:5986779176,4,Travel Card,3,Personal Loan
573a9bb6-492e-11ea-aa02-b88a60e194fb-1-ps,crmid:9046748983,2,Rewards Card,5,Personal Loan
573badee-492e-11ea-b588-b88a60e194fb-1-ps,crmid:7335249454,3,Rewards Card,3,Business Loan
573ce5a4-492e-11ea-81ad-b88a60e194fb-1-ps,crmid:1219549398,5,Platinum Card,7,Auto Loan
573e1e34-492e-11ea-9aa2-b88a60e194fb-1-ps,crmid:2653775514,4,Business Card,6,Business Loan
573f2f88-492e-11ea-a406-b88a60e194fb-1-ps,crmid:2717510651,3,Business Card,4,Business Loan
58595114-492e-11ea-9ee6-b88a60e194fb-1-ps,crmid:4816314119,4,Business Card,7,Student Loan
585a614a-492e-11ea-ac08-b88a60e194fb-1-ps,crmid:4872859855,4,Dividend Card,4,Auto Loan
585b729a-492e-11ea-8e79-b88a60e194fb-1-ps,crmid:6268294616,2,Rewards Card,5,Personal Loan
585c5d06-492e-11ea-83eb-b88a60e194fb-1-ps,crmid:6657910723,3,Rewards Card,4,Personal Loan
585d9578-492e-11ea-8916-b88a60e194fb-1-ps,crmid:5470290801,4,Dividend Card,6,Student Loan
585ef50a-492e-11ea-83c2-b88a60e194fb-1-ps,crmid:3939260313,4,Platinum Card,3,Personal Loan
58602d82-492e-11ea-9905-b88a60e194fb-1-ps,crmid:1472417264,4,Student Card,4,Personal Loan
58614034-492e-11ea-945f-b88a60e194fb-1-ps,crmid:4582328347,4,Rewards Card,2,Auto Loan
58629f52-492e-11ea-bb04-b88a60e194fb-1-ps,crmid:3637049644,3,Platinum Card,4,Student Loan
5863b0d8-492e-11ea-ba92-b88a60e194fb-1-ps,crmid:3691341483,4,Dividend Card,3,Auto Loan
58649b38-492e-11ea-8df3-b88a60e194fb-1-ps,crmid:9349599840,3,Dividend Card,3,Auto Loan
5865f99c-492e-11ea-be32-b88a60e194fb-1-ps,crmid:7586666896,6,Rewards Card,3,Business Loan
5867322e-492e-11ea-b730-b88a60e194fb-1-ps,crmid:2290088792,5,Rewards Card,4,Auto Loan
58681c80-492e-11ea-a42f-b88a60e194fb-1-ps,crmid:2846138268,5,Student Card,6,Auto Loan
58692de4-492e-11ea-b88d-b88a60e194fb-1-ps,crmid:3664015318,3,Platinum Card,2,Personal Loan
586a1850-492e-11ea-928e-b88a60e194fb-1-ps,crmid:4750554737,4,Simplicity Card,3,Personal Loan
586b50cc-492e-11ea-9994-b88a60e194fb-1-ps,crmid:1803981303,2,Platinum Card,2,Personal Loan
586c8a28-492e-11ea-9695-b88a60e194fb-1-ps,crmid:2980758409,4,Business Card,4,Auto Loan
586d9ac2-492e-11ea-b2bf-b88a60e194fb-1-ps,crmid:4983485038,2,Business Card,5,Personal Loan
597fccde-492e-11ea-aef6-b88a60e194fb-1-ps,crmid:2698530447,5,Student Card,3,Personal Loan
598105b4-492e-11ea-b651-b88a60e194fb-1-ps,crmid:6158304187,4,Simplicity Card,4,Personal Loan
59823e22-492e-11ea-b17a-b88a60e194fb-1-ps,crmid:1863964595,5,Student Card,5,Student Loan
59832738-492e-11ea-b024-b88a60e194fb-1-ps,crmid:9346292272,5,Platinum Card,5,Auto Loan
59848736-492e-11ea-8be8-b88a60e194fb-1-ps,crmid:8499486476,3,Platinum Card,3,Student Loan
5985bf1c-492e-11ea-83bf-b88a60e194fb-1-ps,crmid:3499989660,5,Business Card,5,Business Loan
5986a966-492e-11ea-81be-b88a60e194fb-1-ps,crmid:3991453755,4,Travel Card,3,Auto Loan
59885894-492e-11ea-9050-b88a60e194fb-1-ps,crmid:9057096805,4,Travel Card,6,Personal Loan
59898fb8-492e-11ea-9d21-b88a60e194fb-1-ps,crmid:1257611416,4,Platinum Card,8,Student Loan
598ac9b4-492e-11ea-89d0-b88a60e194fb-1-ps,crmid:3075664741,3,Dividend Card,3,Business Loan
598bb3dc-492e-11ea-a8d3-b88a60e194fb-1-ps,crmid:8176733389,4,Simplicity Card,5,Personal Loan
598d394c-492e-11ea-ba3d-b88a60e194fb-1-ps,crmid:1699677327,5,Platinum Card,6,Personal Loan
598e23a6-492e-11ea-ac06-b88a60e194fb-1-ps,crmid:9742972511,3,Rewards Card,3,Personal Loan
598f3506-492e-11ea-8d9b-b88a60e194fb-1-ps,crmid:5968734089,5,Platinum Card,6,Business Loan
59901f64-492e-11ea-928d-b88a60e194fb-1-ps,crmid:4665799890,5,Student Card,1,Business Loan
599130a8-492e-11ea-b8c0-b88a60e194fb-1-ps,crmid:9406922953,3,Simplicity Card,6,Personal Loan
59924214-492e-11ea-b335-b88a60e194fb-1-ps,crmid:6933899541,4,Rewards Card,4,Personal Loan
59935382-492e-11ea-8bac-b88a60e194fb-1-ps,crmid:9494142879,7,Platinum Card,4,Student Loan
59943de6-492e-11ea-b0c6-b88a60e194fb-1-ps,crmid:3454556986,5,Rewards Card,3,Student Loan
5ab67452-492e-11ea-9099-b88a60e194fb-1-ps,crmid:6643266989,4,Platinum Card,3,Student Loan
5ab785c6-492e-11ea-ae7b-b88a60e194fb-1-ps,crmid:7771831420,2,Rewards Card,5,Personal Loan
5ab8be4a-492e-11ea-8bb5-b88a60e194fb-1-ps,crmid:2497267643,2,Simplicity Card,4,Personal Loan
5ab9cfac-492e-11ea-a459-b88a60e194fb-1-ps,crmid:1674612851,3,Simplicity Card,8,Personal Loan
5abb0826-492e-11ea-88a0-b88a60e194fb-1-ps,crmid:7065397645,7,Travel Card,3,Personal Loan
5abbf27a-492e-11ea-8910-b88a60e194fb-1-ps,crmid:2684561388,7,Simplicity Card,5,Student Loan
5abcdcda-492e-11ea-b3f5-b88a60e194fb-1-ps,crmid:7014278600,4,Dividend Card,4,Personal Loan
5abe155c-492e-11ea-af0e-b88a60e194fb-1-ps,crmid:9353905214,4,Platinum Card,4,Auto Loan
5abf26c6-492e-11ea-8dba-b88a60e194fb-1-ps,crmid:9989843786,4,Business Card,5,Personal Loan
5ac0609e-492e-11ea-90b3-b88a60e194fb-1-ps,crmid:4099107309,4,Business Card,5,Auto Loan
5ac149d4-492e-11ea-bfce-b88a60e194fb-1-ps,crmid:2136235243,6,Student Card,2,Business Loan
5ac25c6c-492e-11ea-87e5-b88a60e194fb-1-ps,crmid:6831761177,5,Travel Card,3,Student Loan
5ac39434-492e-11ea-a36f-b88a60e194fb-1-ps,crmid:3968719267,4,Travel Card,3,Business Loan
5ac4a664-492e-11ea-9504-b88a60e194fb-1-ps,crmid:7246717886,5,Rewards Card,3,Auto Loan
5ac5dd88-492e-11ea-a13f-b88a60e194fb-1-ps,crmid:9758524601,7,Student Card,4,Business Loan
5ac715fe-492e-11ea-b4e3-b88a60e194fb-1-ps,crmid:1608865069,5,Student Card,2,Auto Loan
5ac82766-492e-11ea-9585-b88a60e194fb-1-ps,crmid:4776497559,4,Simplicity Card,3,Student Loan
5ac911c0-492e-11ea-8ee6-b88a60e194fb-1-ps,crmid:6052080343,3,Travel Card,3,Business Loan
5aca2336-492e-11ea-a4f8-b88a60e194fb-1-ps,crmid:1056872319,5,Business Card,4,Auto Loan
5be27cb6-492e-11ea-a092-b88a60e194fb-1-ps,crmid:4718407777,8,Platinum Card,3,Personal Loan
5be38e28-492e-11ea-adde-b88a60e194fb-1-ps,crmid:2888741637,4,Student Card,4,Student Loan
5be49f9c-492e-11ea-9483-b88a60e194fb-1-ps,crmid:9334408138,5,Student Card,4,Auto Loan
5be5b106-492e-11ea-a7fc-b88a60e194fb-1-ps,crmid:5234004565,4,Student Card,5,Business Loan
5be71226-492e-11ea-b4ad-b88a60e194fb-1-ps,crmid:7312988436,5,Dividend Card,5,Business Loan
5be82346-492e-11ea-b39e-b88a60e194fb-1-ps,crmid:5767448002,5,Platinum Card,5,Personal Loan
5be90c66-492e-11ea-a7d0-b88a60e194fb-1-ps,crmid:1509920196,6,Simplicity Card,3,Auto Loan
5bea4610-492e-11ea-9ccd-b88a60e194fb-1-ps,crmid:9931239746,5,Rewards Card,3,Personal Loan
5bebcb62-492e-11ea-8072-b88a60e194fb-1-ps,crmid:8523231132,6,Rewards Card,5,Personal Loan
5becb5ca-492e-11ea-95c0-b88a60e194fb-1-ps,crmid:8521781324,6,Business Card,3,Auto Loan
5bedc728-492e-11ea-b556-b88a60e194fb-1-ps,crmid:1808559395,4,Platinum Card,3,Personal Loan
5bef0150-492e-11ea-831c-b88a60e194fb-1-ps,crmid:4960409338,4,Dividend Card,3,Student Loan
5bf01136-492e-11ea-824d-b88a60e194fb-1-ps,crmid:1903262891,4,Travel Card,4,Auto Loan
5bf12394-492e-11ea-bd52-b88a60e194fb-1-ps,crmid:5380933012,3,Dividend Card,4,Business Loan
5bf20e3e-492e-11ea-ad0a-b88a60e194fb-1-ps,crmid:6261618095,4,Student Card,4,Personal Loan
5bf31e6c-492e-11ea-9169-b88a60e194fb-1-ps,crmid:8573920680,4,Rewards Card,4,Student Loan
5bf4311c-492e-11ea-8eff-b88a60e194fb-1-ps,crmid:7495539815,7,Simplicity Card,4,Personal Loan
5bf58f6e-492e-11ea-855e-b88a60e194fb-1-ps,crmid:5862319354,5,Platinum Card,5,Auto Loan
5bf89dfe-492e-11ea-b0cf-b88a60e194fb-1-ps,crmid:4038247543,6,Platinum Card,3,Business Loan
5d5f5582-492e-11ea-bd64-b88a60e194fb-1-ps,crmid:8082936987,5,Dividend Card,3,Auto Loan
5d617886-492e-11ea-9cff-b88a60e194fb-1-ps,crmid:7955229272,4,Platinum Card,6,Business Loan
5d62b18a-492e-11ea-a27e-b88a60e194fb-1-ps,crmid:2392553089,4,Rewards Card,7,Business Loan
5d63c24c-492e-11ea-8e19-b88a60e194fb-1-ps,crmid:2628989033,3,Travel Card,2,Personal Loan
5d6521f0-492e-11ea-9bd6-b88a60e194fb-1-ps,crmid:3075664741,5,Student Card,3,Personal Loan
5d663336-492e-11ea-aa88-b88a60e194fb-1-ps,crmid:8635348449,4,Business Card,3,Auto Loan
5d676c02-492e-11ea-b846-b88a60e194fb-1-ps,crmid:6624134788,5,Business Card,3,Personal Loan
5d685646-492e-11ea-9560-b88a60e194fb-1-ps,crmid:5876172302,4,Platinum Card,6,Business Loan
5d698e92-492e-11ea-a3c1-b88a60e194fb-1-ps,crmid:8579247475,3,Travel Card,4,Auto Loan
5d6aa034-492e-11ea-b220-b88a60e194fb-1-ps,crmid:7036869542,4,Business Card,4,Student Loan
5d6bd892-492e-11ea-bd29-b88a60e194fb-1-ps,crmid:4150031501,4,Dividend Card,4,Business Loan
5d6d10ee-492e-11ea-a354-b88a60e194fb-1-ps,crmid:8000649903,5,Student Card,4,Auto Loan
5d6e7092-492e-11ea-8652-b88a60e194fb-1-ps,crmid:2260562905,4,Travel Card,4,Auto Loan
5d6ff730-492e-11ea-8ac9-b88a60e194fb-1-ps,crmid:1313244480,5,Rewards Card,5,Auto Loan
5d7156c0-492e-11ea-9e87-b88a60e194fb-1-ps,crmid:2649272949,5,Dividend Card,5,Personal Loan
5d72dd5e-492e-11ea-ae79-b88a60e194fb-1-ps,crmid:4371061613,4,Business Card,9,Auto Loan
5d743ce4-492e-11ea-8739-b88a60e194fb-1-ps,crmid:3515816953,10,Simplicity Card,4,Personal Loan
5d757578-492e-11ea-9b0f-b88a60e194fb-1-ps,crmid:1366808342,6,Student Card,3,Personal Loan
5d76adfa-492e-11ea-9f09-b88a60e194fb-1-ps,crmid:4071264076,4,Travel Card,5,Auto Loan
5e94f7c8-492e-11ea-a49b-b88a60e194fb-1-ps,crmid:1993926286,3,Business Card,8,Personal Loan
5e96305e-492e-11ea-b985-b88a60e194fb-1-ps,crmid:9625377144,4,Dividend Card,4,Auto Loan
5e971aba-492e-11ea-9907-b88a60e194fb-1-ps,crmid:4817353750,4,Business Card,5,Business Loan
5e982c4a-492e-11ea-ba41-b88a60e194fb-1-ps,crmid:3893357266,3,Business Card,2,Business Loan
5e993d94-492e-11ea-8ccc-b88a60e194fb-1-ps,crmid:7983704970,5,Student Card,5,Personal Loan
5e9a9e62-492e-11ea-afa3-b88a60e194fb-1-ps,crmid:3175850022,5,Simplicity Card,5,Auto Loan
5e9b875e-492e-11ea-8801-b88a60e194fb-1-ps,crmid:4318752351,3,Business Card,4,Personal Loan
5e9c71ba-492e-11ea-9621-b88a60e194fb-1-ps,crmid:1549524654,3,Business Card,5,Business Loan
5e9dd182-492e-11ea-942d-b88a60e194fb-1-ps,crmid:9334176947,7,Simplicity Card,4,Business Loan
5e9f7f12-492e-11ea-9b92-b88a60e194fb-1-ps,crmid:8549244854,3,Rewards Card,4,Auto Loan
5ea12cb6-492e-11ea-9d51-b88a60e194fb-1-ps,crmid:4531411583,3,Rewards Card,3,Personal Loan
5ea26530-492e-11ea-84a2-b88a60e194fb-1-ps,crmid:5173148311,4,Student Card,4,Business Loan
5ea376b0-492e-11ea-a55c-b88a60e194fb-1-ps,crmid:8358960496,4,Platinum Card,5,Personal Loan
5ea4af12-492e-11ea-9a7a-b88a60e194fb-1-ps,crmid:3901936771,8,Travel Card,4,Business Loan
5ea5e794-492e-11ea-a9a0-b88a60e194fb-1-ps,crmid:3206686279,3,Rewards Card,5,Auto Loan
5ea72018-492e-11ea-8121-b88a60e194fb-1-ps,crmid:1846423150,4,Travel Card,3,Student Loan
5ea87f9c-492e-11ea-87f1-b88a60e194fb-1-ps,crmid:4985825442,5,Business Card,6,Personal Loan
5ea969e8-492e-11ea-8d3c-b88a60e194fb-1-ps,crmid:8763772501,3,Simplicity Card,5,Personal Loan
5eaa7b5a-492e-11ea-8a44-b88a60e194fb-1-ps,crmid:5385639744,4,Simplicity Card,4,Auto Loan
5fe06122-492e-11ea-84d1-b88a60e194fb-1-ps,crmid:4553404214,3,Simplicity Card,3,Student Loan
5fe1e768-492e-11ea-aaa4-b88a60e194fb-1-ps,crmid:6364397910,4,Dividend Card,6,Auto Loan
5fe31fd0-492e-11ea-bd7b-b88a60e194fb-1-ps,crmid:9366595471,6,Business Card,3,Personal Loan
5fe4587a-492e-11ea-ba7e-b88a60e194fb-1-ps,crmid:2977835168,3,Dividend Card,5,Student Loan
5fe5def6-492e-11ea-86b9-b88a60e194fb-1-ps,crmid:2911366620,4,Rewards Card,6,Personal Loan
5fe73e88-492e-11ea-8979-b88a60e194fb-1-ps,crmid:1415631902,4,Travel Card,4,Personal Loan
5fe89e06-492e-11ea-aa6e-b88a60e194fb-1-ps,crmid:6359618501,4,Business Card,4,Business Loan
5fe98868-492e-11ea-8c8b-b88a60e194fb-1-ps,crmid:7657038253,4,Travel Card,7,Personal Loan
5feac0e2-492e-11ea-92a8-b88a60e194fb-1-ps,crmid:1620030246,5,Simplicity Card,5,Business Loan
5febf958-492e-11ea-9079-b88a60e194fb-1-ps,crmid:6421087921,3,Student Card,4,Personal Loan
5fed8006-492e-11ea-a561-b88a60e194fb-1-ps,crmid:1223560975,4,Rewards Card,5,Auto Loan
5fee915e-492e-11ea-b1af-b88a60e194fb-1-ps,crmid:7571135322,5,Dividend Card,5,Personal Loan
5feff106-492e-11ea-a61c-b88a60e194fb-1-ps,crmid:5798849226,9,Business Card,4,Business Loan
5ff15076-492e-11ea-8eee-b88a60e194fb-1-ps,crmid:9612813056,4,Simplicity Card,5,Auto Loan
5ff261ec-492e-11ea-b4f0-b88a60e194fb-1-ps,crmid:8648246311,4,Rewards Card,5,Personal Loan
5ff436b4-492e-11ea-bb9d-b88a60e194fb-1-ps,crmid:2428233580,3,Platinum Card,5,Personal Loan
5ff56f22-492e-11ea-823c-b88a60e194fb-1-ps,crmid:5276469879,5,Rewards Card,5,Personal Loan
5ff6a7b4-492e-11ea-bb3b-b88a60e194fb-1-ps,crmid:2170435811,3,Business Card,8,Personal Loan
5ff82e7a-492e-11ea-abc0-b88a60e194fb-1-ps,crmid:9686964614,4,Simplicity Card,3,Auto Loan
611ff754-492e-11ea-9324-b88a60e194fb-1-ps,crmid:7855555276,5,Business Card,3,Student Loan
61212fc2-492e-11ea-a102-b88a60e194fb-1-ps,crmid:2424641137,3,Rewards Card,5,Student Loan
6122413e-492e-11ea-a225-b88a60e194fb-1-ps,crmid:8725202918,5,Dividend Card,5,Personal Loan
6123529a-492e-11ea-b532-b88a60e194fb-1-ps,crmid:3755396421,4,Simplicity Card,3,Personal Loan
6124640c-492e-11ea-bdad-b88a60e194fb-1-ps,crmid:5013310162,3,Student Card,3,Personal Loan
6125c390-492e-11ea-aec3-b88a60e194fb-1-ps,crmid:5628836637,4,Travel Card,6,Business Loan
6126ade8-492e-11ea-afb9-b88a60e194fb-1-ps,crmid:4168334696,5,Simplicity Card,5,Business Loan
6127984a-492e-11ea-9771-b88a60e194fb-1-ps,crmid:7320163535,6,Business Card,8,Personal Loan
6128f80c-492e-11ea-a592-b88a60e194fb-1-ps,crmid:6459669401,5,Student Card,3,Personal Loan
6129e25a-492e-11ea-9a45-b88a60e194fb-1-ps,crmid:9113001965,3,Student Card,4,Business Loan
612af3dc-492e-11ea-a0b2-b88a60e194fb-1-ps,crmid:1984814689,4,Dividend Card,2,Personal Loan
612bde24-492e-11ea-a7bf-b88a60e194fb-1-ps,crmid:6068151072,4,Student Card,5,Student Loan
612d1a24-492e-11ea-a729-b88a60e194fb-1-ps,crmid:3965639854,4,Simplicity Card,5,Personal Loan
612e4f2c-492e-11ea-93fb-b88a60e194fb-1-ps,crmid:8720058413,5,Dividend Card,4,Student Loan
612f6064-492e-11ea-a705-b88a60e194fb-1-ps,crmid:6637017095,4,Simplicity Card,2,Student Loan
61307280-492e-11ea-ba70-b88a60e194fb-1-ps,crmid:5309118845,4,Dividend Card,3,Auto Loan
61315c30-492e-11ea-8c06-b88a60e194fb-1-ps,crmid:7696193849,4,Travel Card,3,Student Loan
6132468a-492e-11ea-a861-b88a60e194fb-1-ps,crmid:7234177046,4,Travel Card,5,Student Loan
6133585e-492e-11ea-842f-b88a60e194fb-1-ps,crmid:8615090367,5,Rewards Card,5,Personal Loan
6134deac-492e-11ea-b4c8-b88a60e194fb-1-ps,crmid:2568670683,6,Dividend Card,4,Business Loan
624a1cde-492e-11ea-9161-b88a60e194fb-1-ps,crmid:1195861557,5,Student Card,3,Personal Loan
624b556e-492e-11ea-b004-b88a60e194fb-1-ps,crmid:9936374314,4,Dividend Card,5,Student Loan
624c8dde-492e-11ea-b193-b88a60e194fb-1-ps,crmid:9460227921,5,Travel Card,4,Personal Loan
624dc648-492e-11ea-92f1-b88a60e194fb-1-ps,crmid:3043793218,3,Dividend Card,1,Auto Loan
624efec6-492e-11ea-903a-b88a60e194fb-1-ps,crmid:4170910695,5,Student Card,5,Business Loan
6250374c-492e-11ea-816b-b88a60e194fb-1-ps,crmid:7756805753,4,Dividend Card,5,Personal Loan
6251489e-492e-11ea-b6e1-b88a60e194fb-1-ps,crmid:5077744233,3,Student Card,4,Auto Loan
62525bee-492e-11ea-a836-b88a60e194fb-1-ps,crmid:9947919705,4,Simplicity Card,5,Personal Loan
62536b9c-492e-11ea-8562-b88a60e194fb-1-ps,crmid:3782457440,8,Travel Card,3,Personal Loan
625456e6-492e-11ea-bc6e-b88a60e194fb-1-ps,crmid:2210436223,7,Business Card,3,Auto Loan
625568c2-492e-11ea-b680-b88a60e194fb-1-ps,crmid:9641948874,5,Travel Card,8,Personal Loan
6256edfa-492e-11ea-9f59-b88a60e194fb-1-ps,crmid:7511495311,3,Simplicity Card,3,Business Loan
62582674-492e-11ea-8953-b88a60e194fb-1-ps,crmid:7325015563,4,Platinum Card,4,Auto Loan
62593938-492e-11ea-bf73-b88a60e194fb-1-ps,crmid:5282948889,3,Business Card,5,Personal Loan
625a7280-492e-11ea-8914-b88a60e194fb-1-ps,crmid:3466338733,4,Business Card,3,Student Loan
625bf7ba-492e-11ea-941d-b88a60e194fb-1-ps,crmid:2954275907,3,Business Card,4,Student Loan
625d7d9e-492e-11ea-b1ef-b88a60e194fb-1-ps,crmid:6547205914,4,Platinum Card,3,Business Loan
625edd3a-492e-11ea-a0fe-b88a60e194fb-1-ps,crmid:8601656084,3,Travel Card,5,Auto Loan
6260648c-492e-11ea-bef4-b88a60e194fb-1-ps,crmid:3098451542,4,Rewards Card,4,Student Loan
637e2d80-492e-11ea-8fc6-b88a60e194fb-1-ps,crmid:3834163817,3,Rewards Card,3,Personal Loan
637f3ee8-492e-11ea-960f-b88a60e194fb-1-ps,crmid:2458042178,3,Rewards Card,1,Business Loan
63805058-492e-11ea-b3b9-b88a60e194fb-1-ps,crmid:4272189058,6,Dividend Card,4,Personal Loan
638188cc-492e-11ea-bd22-b88a60e194fb-1-ps,crmid:7386924824,5,Simplicity Card,9,Personal Loan
6382c22e-492e-11ea-b146-b88a60e194fb-1-ps,crmid:9319454555,4,Student Card,4,Student Loan
6383d2a8-492e-11ea-9847-b88a60e194fb-1-ps,crmid:7131554111,5,Dividend Card,5,Business Loan
63850b34-492e-11ea-9d1f-b88a60e194fb-1-ps,crmid:1827201199,3,Simplicity Card,2,Auto Loan
638643be-492e-11ea-887f-b88a60e194fb-1-ps,crmid:1841909702,4,Platinum Card,4,Auto Loan
6387553e-492e-11ea-8f19-b88a60e194fb-1-ps,crmid:1456863562,9,Platinum Card,5,Personal Loan
63883f7a-492e-11ea-ac85-b88a60e194fb-1-ps,crmid:1023473443,4,Simplicity Card,3,Personal Loan
6389c61c-492e-11ea-922d-b88a60e194fb-1-ps,crmid:5069835772,4,Dividend Card,4,Auto Loan
638ad77e-492e-11ea-8c18-b88a60e194fb-1-ps,crmid:7481689504,4,Rewards Card,9,Student Loan
638be8e4-492e-11ea-b91b-b88a60e194fb-1-ps,crmid:6801082682,4,Student Card,5,Auto Loan
638d22d4-492e-11ea-bbb3-b88a60e194fb-1-ps,crmid:6269123181,5,Dividend Card,4,Business Loan
638e32ee-492e-11ea-bf8d-b88a60e194fb-1-ps,crmid:9988332959,5,Business Card,6,Student Loan
638f6b5e-492e-11ea-bd13-b88a60e194fb-1-ps,crmid:8540727069,5,Simplicity Card,10,Personal Loan
639055ac-492e-11ea-82e9-b88a60e194fb-1-ps,crmid:2951775475,4,Student Card,5,Auto Loan
6391671a-492e-11ea-a0c1-b88a60e194fb-1-ps,crmid:3197383688,5,Dividend Card,3,Personal Loan
6392c774-492e-11ea-b5c9-b88a60e194fb-1-ps,crmid:5677618214,3,Rewards Card,4,Business Loan
6393d824-492e-11ea-92b1-b88a60e194fb-1-ps,crmid:8279354016,5,Rewards Card,2,Auto Loan
64adad00-492e-11ea-aeb3-b88a60e194fb-1-ps,crmid:5375942962,3,Student Card,7,Personal Loan
64af339a-492e-11ea-8ad0-b88a60e194fb-1-ps,crmid:6543973009,2,Travel Card,3,Business Loan
64b06c24-492e-11ea-b44b-b88a60e194fb-1-ps,crmid:1858427741,2,Business Card,10,Student Loan
64b1a4a8-492e-11ea-acb5-b88a60e194fb-1-ps,crmid:8340121337,4,Dividend Card,3,Personal Loan
64b37a18-492e-11ea-88d9-b88a60e194fb-1-ps,crmid:3865563818,9,Platinum Card,4,Personal Loan
64b4d8d8-492e-11ea-84a9-b88a60e194fb-1-ps,crmid:2447740073,5,Student Card,4,Auto Loan
64b611b6-492e-11ea-ad3d-b88a60e194fb-1-ps,crmid:9476183628,4,Business Card,4,Student Loan
64b79800-492e-11ea-a852-b88a60e194fb-1-ps,crmid:6703561157,5,Business Card,5,Student Loan
64b91f5c-492e-11ea-8ef1-b88a60e194fb-1-ps,crmid:3500742733,4,Rewards Card,3,Student Loan
64ba7e38-492e-11ea-acb4-b88a60e194fb-1-ps,crmid:4520171041,3,Simplicity Card,4,Business Loan
64bb909e-492e-11ea-941c-b88a60e194fb-1-ps,crmid:6870805666,3,Dividend Card,5,Personal Loan
64bc7b5c-492e-11ea-9001-b88a60e194fb-1-ps,crmid:9450139458,3,Business Card,4,Auto Loan
64bdb3dc-492e-11ea-92ba-b88a60e194fb-1-ps,crmid:1716056247,5,Dividend Card,4,Personal Loan
64bec574-492e-11ea-92a5-b88a60e194fb-1-ps,crmid:4580193513,5,Simplicity Card,5,Auto Loan
64bfd564-492e-11ea-8cc9-b88a60e194fb-1-ps,crmid:8576081451,3,Rewards Card,5,Student Loan
64c10de4-492e-11ea-b716-b88a60e194fb-1-ps,crmid:9918524069,6,Student Card,5,Business Loan
64c22092-492e-11ea-befe-b88a60e194fb-1-ps,crmid:5601374202,4,Dividend Card,3,Student Loan
64c33192-492e-11ea-8513-b88a60e194fb-1-ps,crmid:7196076121,4,Travel Card,3,Personal Loan
64c442f0-492e-11ea-a49d-b88a60e194fb-1-ps,crmid:1219743842,5,Business Card,4,Auto Loan
65e87440-492e-11ea-bceb-b88a60e194fb-1-ps,crmid:3893547989,4,Rewards Card,5,Business Loan
65eae550-492e-11ea-ba46-b88a60e194fb-1-ps,crmid:6894950672,5,Student Card,4,Auto Loan
65ec44f0-492e-11ea-8f18-b88a60e194fb-1-ps,crmid:9568121817,5,Rewards Card,4,Personal Loan
65ed57be-492e-11ea-a1b3-b88a60e194fb-1-ps,crmid:2726689472,1,Platinum Card,4,Auto Loan
65ee67ae-492e-11ea-9fae-b88a60e194fb-1-ps,crmid:5208170947,4,Platinum Card,5,Auto Loan
65efc7ba-492e-11ea-8375-b88a60e194fb-1-ps,crmid:1168967401,4,Student Card,4,Auto Loan
65f0ffb6-492e-11ea-9ccd-b88a60e194fb-1-ps,crmid:4161820583,4,Business Card,4,Business Loan
65f21126-492e-11ea-8224-b88a60e194fb-1-ps,crmid:4098931241,5,Rewards Card,2,Business Loan
65f2fb9c-492e-11ea-b821-b88a60e194fb-1-ps,crmid:5564331613,3,Travel Card,3,Personal Loan
65f433f8-492e-11ea-83e9-b88a60e194fb-1-ps,crmid:9312491020,4,Platinum Card,5,Personal Loan
65f54554-492e-11ea-9be0-b88a60e194fb-1-ps,crmid:2172635320,4,Travel Card,7,Student Loan
65f67df0-492e-11ea-be40-b88a60e194fb-1-ps,crmid:5884349466,2,Platinum Card,6,Personal Loan
65f790b8-492e-11ea-bbef-b88a60e194fb-1-ps,crmid:3143859038,5,Travel Card,6,Student Loan
65f8c808-492e-11ea-b1e4-b88a60e194fb-1-ps,crmid:2647178277,4,Student Card,5,Business Loan
65fa9c88-492e-11ea-9209-b88a60e194fb-1-ps,crmid:4069353125,4,Student Card,5,Business Loan
65fb870a-492e-11ea-ad76-b88a60e194fb-1-ps,crmid:7288683799,4,Rewards Card,4,Personal Loan
65fc99a6-492e-11ea-a409-b88a60e194fb-1-ps,crmid:2872809154,2,Platinum Card,3,Auto Loan
65fdaa80-492e-11ea-9d89-b88a60e194fb-1-ps,crmid:3043179850,4,Travel Card,4,Student Loan
65fee25e-492e-11ea-b2db-b88a60e194fb-1-ps,crmid:7677852794,4,Student Card,5,Personal Loan
6723b0ba-492e-11ea-8d21-b88a60e194fb-1-ps,crmid:8031492538,5,Simplicity Card,4,Personal Loan
6724c2ac-492e-11ea-9050-b88a60e194fb-1-ps,crmid:6710531989,5,Platinum Card,7,Personal Loan
6725faa2-492e-11ea-9fe2-b88a60e194fb-1-ps,crmid:7830317239,4,Rewards Card,9,Student Loan
6727331c-492e-11ea-ac64-b88a60e194fb-1-ps,crmid:7599351708,4,Simplicity Card,3,Business Loan
67284486-492e-11ea-b7d8-b88a60e194fb-1-ps,crmid:9104681319,3,Simplicity Card,4,Personal Loan
67297cfe-492e-11ea-8136-b88a60e194fb-1-ps,crmid:5578640809,4,Simplicity Card,4,Auto Loan
672b03dc-492e-11ea-a0f4-b88a60e194fb-1-ps,crmid:5981007818,5,Simplicity Card,6,Personal Loan
672c8a52-492e-11ea-a707-b88a60e194fb-1-ps,crmid:9573482815,3,Travel Card,4,Personal Loan
672dc2ba-492e-11ea-af20-b88a60e194fb-1-ps,crmid:4702471889,3,Business Card,4,Auto Loan
672ead1c-492e-11ea-872e-b88a60e194fb-1-ps,crmid:5897822245,4,Platinum Card,5,Personal Loan
672fbe8a-492e-11ea-9035-b88a60e194fb-1-ps,crmid:8162530943,5,Business Card,5,Student Loan
6732087a-492e-11ea-a5b2-b88a60e194fb-1-ps,crmid:4946620263,5,Dividend Card,4,Auto Loan
67336800-492e-11ea-ba14-b88a60e194fb-1-ps,crmid:3922353834,4,Simplicity Card,5,Business Loan
67345262-492e-11ea-9a33-b88a60e194fb-1-ps,crmid:1853909148,3,Platinum Card,9,Personal Loan
67358b02-492e-11ea-974b-b88a60e194fb-1-ps,crmid:4095766330,4,Business Card,5,Personal Loan
6736c364-492e-11ea-9e72-b88a60e194fb-1-ps,crmid:6968235805,4,Business Card,3,Business Loan
6737d4d0-492e-11ea-9f33-b88a60e194fb-1-ps,crmid:8200788297,7,Student Card,6,Personal Loan
6738e638-492e-11ea-882b-b88a60e194fb-1-ps,crmid:9353905214,4,Dividend Card,6,Student Loan
6739f90a-492e-11ea-97ac-b88a60e194fb-1-ps,crmid:6292577431,4,Rewards Card,4,Auto Loan
685e2a00-492e-11ea-ab2d-b88a60e194fb-1-ps,crmid:1100973196,4,Platinum Card,3,Student Loan
685f6258-492e-11ea-9ec5-b88a60e194fb-1-ps,crmid:9347446678,5,Rewards Card,4,Student Loan
686025a8-492e-11ea-a2d3-b88a60e194fb-1-ps,crmid:3403515083,6,Travel Card,3,Auto Loan
68615e24-492e-11ea-a5d4-b88a60e194fb-1-ps,crmid:6231787894,4,Travel Card,4,Business Loan
68629802-492e-11ea-a4cc-b88a60e194fb-1-ps,crmid:5318692822,4,Business Card,3,Auto Loan
6863f794-492e-11ea-ac20-b88a60e194fb-1-ps,crmid:7193391045,2,Student Card,5,Auto Loan
6865572e-492e-11ea-baea-b88a60e194fb-1-ps,crmid:8297579365,4,Simplicity Card,4,Student Loan
68668fb6-492e-11ea-8b1b-b88a60e194fb-1-ps,crmid:6180998740,3,Dividend Card,4,Student Loan
6867a04c-492e-11ea-b8ee-b88a60e194fb-1-ps,crmid:6186823873,4,Dividend Card,3,Business Loan
6868ff90-492e-11ea-a412-b88a60e194fb-1-ps,crmid:8359136195,4,Platinum Card,3,Personal Loan
686a11f0-492e-11ea-bebb-b88a60e194fb-1-ps,crmid:1144442634,7,Travel Card,6,Auto Loan
686b494a-492e-11ea-9066-b88a60e194fb-1-ps,crmid:5036429749,4,Simplicity Card,2,Personal Loan
686c33b0-492e-11ea-aea0-b88a60e194fb-1-ps,crmid:7465763975,6,Business Card,4,Student Loan
686de2d0-492e-11ea-a029-b88a60e194fb-1-ps,crmid:7312337858,3,Business Card,4,Student Loan
686f19e4-492e-11ea-8e75-b88a60e194fb-1-ps,crmid:2840771315,4,Dividend Card,4,Student Loan
68707a58-492e-11ea-9b6e-b88a60e194fb-1-ps,crmid:5434488820,4,Business Card,2,Personal Loan
687163c6-492e-11ea-86ec-b88a60e194fb-1-ps,crmid:8857810409,4,Student Card,6,Student Loan
6872751e-492e-11ea-9bc0-b88a60e194fb-1-ps,crmid:9268411282,5,Rewards Card,8,Business Loan
687470d8-492e-11ea-b29b-b88a60e194fb-1-ps,crmid:2304210995,5,Dividend Card,3,Auto Loan
6992889a-492e-11ea-b17f-b88a60e194fb-1-ps,crmid:7493882701,3,Travel Card,4,Auto Loan
699399fa-492e-11ea-8208-b88a60e194fb-1-ps,crmid:4363356036,6,Student Card,3,Personal Loan
6994ab66-492e-11ea-9639-b88a60e194fb-1-ps,crmid:8673786522,5,Dividend Card,4,Business Loan
6995e4fe-492e-11ea-9b87-b88a60e194fb-1-ps,crmid:4682191734,4,Business Card,5,Auto Loan
6996f59c-492e-11ea-8bf9-b88a60e194fb-1-ps,crmid:8896518953,5,Business Card,6,Auto Loan
699806dc-492e-11ea-9316-b88a60e194fb-1-ps,crmid:2348040330,4,Travel Card,4,Personal Loan
69993f4c-492e-11ea-a6ed-b88a60e194fb-1-ps,crmid:9156706653,3,Simplicity Card,3,Personal Loan
699a792e-492e-11ea-a805-b88a60e194fb-1-ps,crmid:4218423173,3,Simplicity Card,4,Business Loan
699b6376-492e-11ea-9932-b88a60e194fb-1-ps,crmid:4366105102,3,Business Card,5,Auto Loan
699cc1ca-492e-11ea-8b92-b88a60e194fb-1-ps,crmid:7054262303,2,Rewards Card,3,Business Loan
699e2134-492e-11ea-88bc-b88a60e194fb-1-ps,crmid:2300626331,4,Business Card,3,Student Loan
699fcf18-492e-11ea-8ec2-b88a60e194fb-1-ps,crmid:8285178917,4,Simplicity Card,5,Personal Loan
69a12fb4-492e-11ea-ba7c-b88a60e194fb-1-ps,crmid:2244312197,3,Simplicity Card,4,Personal Loan
69a26728-492e-11ea-9cef-b88a60e194fb-1-ps,crmid:2883333284,4,Rewards Card,4,Auto Loan
69a37892-492e-11ea-ae9d-b88a60e194fb-1-ps,crmid:8757114899,4,Business Card,4,Personal Loan
69a52642-492e-11ea-8666-b88a60e194fb-1-ps,crmid:2355531301,5,Business Card,5,Business Loan
69a65f40-492e-11ea-b468-b88a60e194fb-1-ps,crmid:8993024628,4,Simplicity Card,9,Business Loan
69a7be4c-492e-11ea-a3c0-b88a60e194fb-1-ps,crmid:3121510623,4,Simplicity Card,3,Personal Loan
69a8cf9a-492e-11ea-942d-b88a60e194fb-1-ps,crmid:2385922257,5,Platinum Card,5,Student Loan
6ad89be8-492e-11ea-933a-b88a60e194fb-1-ps,crmid:8699849696,4,Simplicity Card,4,Business Loan
6ad9d31c-492e-11ea-8464-b88a60e194fb-1-ps,crmid:2971850933,5,Student Card,4,Personal Loan
6adb80a8-492e-11ea-90e0-b88a60e194fb-1-ps,crmid:3133914707,4,Rewards Card,5,Personal Loan
6adc6bc8-492e-11ea-9c89-b88a60e194fb-1-ps,crmid:3516313706,3,Rewards Card,4,Personal Loan
6add7df4-492e-11ea-a51a-b88a60e194fb-1-ps,crmid:4491374221,5,Travel Card,7,Business Loan
6ade8dee-492e-11ea-a454-b88a60e194fb-1-ps,crmid:8868538548,4,Platinum Card,5,Student Loan
6adf7850-492e-11ea-9588-b88a60e194fb-1-ps,crmid:6865042495,3,Simplicity Card,4,Business Loan
6ae089be-492e-11ea-93d6-b88a60e194fb-1-ps,crmid:6317597679,4,Student Card,5,Personal Loan
6ae19c34-492e-11ea-83ce-b88a60e194fb-1-ps,crmid:1511631890,4,Student Card,3,Personal Loan
6ae2fbb6-492e-11ea-9055-b88a60e194fb-1-ps,crmid:8216267661,6,Simplicity Card,6,Personal Loan
6ae3e662-492e-11ea-bbe9-b88a60e194fb-1-ps,crmid:1739825060,4,Simplicity Card,5,Personal Loan
6ae51da6-492e-11ea-af55-b88a60e194fb-1-ps,crmid:7887061192,4,Simplicity Card,4,Student Loan
6ae62ef4-492e-11ea-8830-b88a60e194fb-1-ps,crmid:9370445010,3,Dividend Card,6,Student Loan
6ae74074-492e-11ea-9c44-b88a60e194fb-1-ps,crmid:5924359005,5,Rewards Card,6,Business Loan
6ae89fc6-492e-11ea-8664-b88a60e194fb-1-ps,crmid:1677481490,4,Platinum Card,5,Auto Loan
6ae9b128-492e-11ea-9ed3-b88a60e194fb-1-ps,crmid:4786719202,4,Travel Card,2,Personal Loan
6aeaeb2c-492e-11ea-81d3-b88a60e194fb-1-ps,crmid:5316314500,4,Student Card,5,Personal Loan
6aebfcb4-492e-11ea-a6ca-b88a60e194fb-1-ps,crmid:1370144445,4,Dividend Card,7,Personal Loan
6aed0df0-492e-11ea-a434-b88a60e194fb-1-ps,crmid:2643445397,4,Simplicity Card,4,Auto Loan
6c19f14c-492e-11ea-aad8-b88a60e194fb-1-ps,crmid:6312291890,2,Student Card,5,Auto Loan
6c1b03fa-492e-11ea-992f-b88a60e194fb-1-ps,crmid:9527190826,5,Platinum Card,4,Business Loan
6c1c1422-492e-11ea-86db-b88a60e194fb-1-ps,crmid:6933899541,5,Student Card,4,Business Loan
6c1cfe7a-492e-11ea-8d45-b88a60e194fb-1-ps,crmid:2433102083,2,Dividend Card,5,Business Loan
6c1e5e24-492e-11ea-93fd-b88a60e194fb-1-ps,crmid:9070710418,4,Dividend Card,10,Personal Loan
6c1f4874-492e-11ea-a509-b88a60e194fb-1-ps,crmid:2518448007,4,Travel Card,4,Business Loan
6c2080f6-492e-11ea-8c32-b88a60e194fb-1-ps,crmid:2656047901,4,Business Card,5,Auto Loan
6c216b4c-492e-11ea-b993-b88a60e194fb-1-ps,crmid:3388753255,4,Simplicity Card,4,Personal Loan
6c22a3c2-492e-11ea-b332-b88a60e194fb-1-ps,crmid:3362706288,5,Dividend Card,4,Business Loan
6c23dc38-492e-11ea-b66d-b88a60e194fb-1-ps,crmid:5508372086,3,Student Card,5,Business Loan
6c2514a8-492e-11ea-a6b4-b88a60e194fb-1-ps,crmid:6966280566,4,Business Card,4,Business Loan
6c262614-492e-11ea-a5ff-b88a60e194fb-1-ps,crmid:8616376882,4,Platinum Card,4,Personal Loan
6c275e9e-492e-11ea-82e9-b88a60e194fb-1-ps,crmid:6705695888,5,Student Card,4,Student Loan
6c289724-492e-11ea-adbb-b88a60e194fb-1-ps,crmid:5238686390,5,Dividend Card,3,Personal Loan
6c29cfac-492e-11ea-9f55-b88a60e194fb-1-ps,crmid:4626378629,5,Travel Card,5,Business Loan
6c2ae240-492e-11ea-b351-b88a60e194fb-1-ps,crmid:4072176748,4,Business Card,5,Student Loan
6c2c67b0-492e-11ea-be91-b88a60e194fb-1-ps,crmid:7041806156,5,Dividend Card,5,Student Loan
6c2d7908-492e-11ea-81c7-b88a60e194fb-1-ps,crmid:6650528478,5,Platinum Card,4,Student Loan
6c2ed924-492e-11ea-9c64-b88a60e194fb-1-ps,crmid:3912882388,7,Rewards Card,3,Personal Loan
6d5072d2-492e-11ea-881b-b88a60e194fb-1-ps,crmid:5767448002,3,Travel Card,6,Personal Loan
6d51846e-492e-11ea-8cf7-b88a60e194fb-1-ps,crmid:5701236554,4,Travel Card,4,Auto Loan
6d5296d4-492e-11ea-9bbb-b88a60e194fb-1-ps,crmid:5172989852,5,Travel Card,5,Personal Loan
6d53cf28-492e-11ea-8020-b88a60e194fb-1-ps,crmid:7887532611,3,Simplicity Card,4,Personal Loan
6d54dfca-492e-11ea-a9c7-b88a60e194fb-1-ps,crmid:3672546679,3,Platinum Card,3,Personal Loan
6d561994-492e-11ea-add4-b88a60e194fb-1-ps,crmid:1483862171,7,Dividend Card,5,Auto Loan
6d5751f8-492e-11ea-bcd9-b88a60e194fb-1-ps,crmid:7986492896,4,Dividend Card,5,Auto Loan
6d58b040-492e-11ea-86db-b88a60e194fb-1-ps,crmid:4177317077,5,Business Card,5,Personal Loan
6d5a10e6-492e-11ea-81f3-b88a60e194fb-1-ps,crmid:3963661051,4,Simplicity Card,4,Personal Loan
6d5b48b0-492e-11ea-8acb-b88a60e194fb-1-ps,crmid:5898287061,4,Simplicity Card,4,Personal Loan
6d5c80c6-492e-11ea-822f-b88a60e194fb-1-ps,crmid:7897886760,4,Platinum Card,4,Personal Loan
6d5d6cb4-492e-11ea-a57f-b88a60e194fb-1-ps,crmid:4448186499,5,Student Card,7,Personal Loan
6d5e7d6e-492e-11ea-a8dd-b88a60e194fb-1-ps,crmid:8247739159,5,Student Card,4,Auto Loan
6d60787e-492e-11ea-af7d-b88a60e194fb-1-ps,crmid:5718263610,5,Business Card,5,Student Loan
6d61b0b6-492e-11ea-9de1-b88a60e194fb-1-ps,crmid:4640606124,2,Simplicity Card,5,Student Loan
6d62c2cc-492e-11ea-a9bf-b88a60e194fb-1-ps,crmid:6396893185,5,Rewards Card,4,Business Loan
6d63fad2-492e-11ea-962d-b88a60e194fb-1-ps,crmid:5801111201,5,Travel Card,8,Personal Loan
6d650cfe-492e-11ea-888f-b88a60e194fb-1-ps,crmid:6146883419,5,Rewards Card,5,Business Loan
6d6644e8-492e-11ea-a19b-b88a60e194fb-1-ps,crmid:6023923094,4,Platinum Card,4,Auto Loan
6e8d103a-492e-11ea-900d-b88a60e194fb-1-ps,crmid:5980665272,3,Rewards Card,4,Personal Loan
6e8e4764-492e-11ea-a7de-b88a60e194fb-1-ps,crmid:1471852757,5,Business Card,3,Student Loan
6e8f58d8-492e-11ea-86e8-b88a60e194fb-1-ps,crmid:2847239071,4,Travel Card,3,Auto Loan
6e906a3e-492e-11ea-9465-b88a60e194fb-1-ps,crmid:7924964820,2,Rewards Card,6,Auto Loan
6e924036-492e-11ea-9474-b88a60e194fb-1-ps,crmid:9767323361,3,Rewards Card,4,Personal Loan
6e939e78-492e-11ea-bdc5-b88a60e194fb-1-ps,crmid:1422838707,3,Rewards Card,4,Auto Loan
6e94afe4-492e-11ea-aeff-b88a60e194fb-1-ps,crmid:7664576265,4,Student Card,8,Business Loan
6e95c158-492e-11ea-84d2-b88a60e194fb-1-ps,crmid:3955095636,4,Travel Card,4,Business Loan
6e972118-492e-11ea-89c1-b88a60e194fb-1-ps,crmid:5983333985,3,Travel Card,3,Personal Loan
6e98596e-492e-11ea-8fda-b88a60e194fb-1-ps,crmid:2643445397,5,Student Card,3,Personal Loan
6e996ae8-492e-11ea-ac20-b88a60e194fb-1-ps,crmid:3678702233,4,Travel Card,4,Student Loan
6e9aa376-492e-11ea-ae1b-b88a60e194fb-1-ps,crmid:6268249014,4,Business Card,4,Auto Loan
6e9bb4e6-492e-11ea-9894-b88a60e194fb-1-ps,crmid:4028262517,3,Dividend Card,4,Business Loan
6e9d631e-492e-11ea-a1eb-b88a60e194fb-1-ps,crmid:3676335594,4,Dividend Card,3,Auto Loan
6e9e73fa-492e-11ea-ad93-b88a60e194fb-1-ps,crmid:6293691077,4,Student Card,4,Personal Loan
6e9fd4b8-492e-11ea-91b3-b88a60e194fb-1-ps,crmid:9570751698,5,Student Card,3,Auto Loan
6ea133be-492e-11ea-9fbb-b88a60e194fb-1-ps,crmid:3056702541,5,Business Card,4,Personal Loan
6ea24452-492e-11ea-a9ff-b88a60e194fb-1-ps,crmid:6549721977,9,Simplicity Card,3,Business Loan
6ea37e0c-492e-11ea-ad1b-b88a60e194fb-1-ps,crmid:7919691291,3,Rewards Card,4,Student Loan
6fc95dde-492e-11ea-a52e-b88a60e194fb-1-ps,crmid:3823127982,3,Travel Card,4,Personal Loan
6fca9586-492e-11ea-86d6-b88a60e194fb-1-ps,crmid:3370884525,8,Platinum Card,6,Auto Loan
6fcba806-492e-11ea-b895-b88a60e194fb-1-ps,crmid:6925384722,4,Travel Card,5,Personal Loan
6fccb98a-492e-11ea-9fd2-b88a60e194fb-1-ps,crmid:1307823434,3,Rewards Card,5,Personal Loan
6fcdca94-492e-11ea-b614-b88a60e194fb-1-ps,crmid:9897358574,1,Dividend Card,3,Personal Loan
6fceb55e-492e-11ea-842a-b88a60e194fb-1-ps,crmid:5819905383,4,Rewards Card,5,Personal Loan
6fcfec5a-492e-11ea-a3f0-b88a60e194fb-1-ps,crmid:7133070578,6,Travel Card,4,Business Loan
6fd0fde2-492e-11ea-8ca1-b88a60e194fb-1-ps,crmid:7130128340,4,Platinum Card,3,Personal Loan
6fd236b0-492e-11ea-8490-b88a60e194fb-1-ps,crmid:1595569363,4,Platinum Card,3,Auto Loan
6fd348fe-492e-11ea-a67e-b88a60e194fb-1-ps,crmid:8276746198,3,Dividend Card,7,Business Loan
6fd48064-492e-11ea-8ae2-b88a60e194fb-1-ps,crmid:8249134718,4,Student Card,3,Auto Loan
6fd5b9e4-492e-11ea-8c33-b88a60e194fb-1-ps,crmid:8841209626,3,Simplicity Card,5,Business Loan
6fd6ca58-492e-11ea-9c67-b88a60e194fb-1-ps,crmid:6760857060,5,Rewards Card,3,Personal Loan
6fd7db74-492e-11ea-b723-b88a60e194fb-1-ps,crmid:6623698684,5,Simplicity Card,5,Personal Loan
6fd93b7a-492e-11ea-80ab-b88a60e194fb-1-ps,crmid:7069665089,3,Travel Card,4,Business Loan
6fda7398-492e-11ea-b418-b88a60e194fb-1-ps,crmid:4960592672,5,Dividend Card,4,Business Loan
6fdb5de8-492e-11ea-a23f-b88a60e194fb-1-ps,crmid:7493975346,3,Platinum Card,5,Personal Loan
6fdc9666-492e-11ea-87c6-b88a60e194fb-1-ps,crmid:1411124408,4,Simplicity Card,3,Student Loan
6fdd80c2-492e-11ea-86a0-b88a60e194fb-1-ps,crmid:9516834623,3,Travel Card,9,Personal Loan
710a3eb4-492e-11ea-8c87-b88a60e194fb-1-ps,crmid:3022612857,5,Platinum Card,5,Auto Loan
710b9f6c-492e-11ea-8b23-b88a60e194fb-1-ps,crmid:9038983002,4,Travel Card,5,Student Loan
710c892e-492e-11ea-acb0-b88a60e194fb-1-ps,crmid:2951467486,2,Platinum Card,3,Auto Loan
710dc23a-492e-11ea-b848-b88a60e194fb-1-ps,crmid:8257257638,4,Dividend Card,5,Personal Loan
710e85ac-492e-11ea-baad-b88a60e194fb-1-ps,crmid:9351036571,5,Travel Card,3,Auto Loan
710fbe14-492e-11ea-88c5-b88a60e194fb-1-ps,crmid:2528942140,5,Student Card,8,Student Loan
7110f69e-492e-11ea-b509-b88a60e194fb-1-ps,crmid:9366886695,5,Rewards Card,3,Auto Loan
7112077e-492e-11ea-9030-b88a60e194fb-1-ps,crmid:8818874578,6,Simplicity Card,4,Auto Loan
71133f26-492e-11ea-890b-b88a60e194fb-1-ps,crmid:2254870600,4,Rewards Card,6,Business Loan
71142986-492e-11ea-815e-b88a60e194fb-1-ps,crmid:4677984779,4,Travel Card,5,Business Loan
71156208-492e-11ea-95eb-b88a60e194fb-1-ps,crmid:4178113053,3,Business Card,3,Personal Loan
711674c0-492e-11ea-80cd-b88a60e194fb-1-ps,crmid:8401289068,2,Travel Card,5,Personal Loan
711784e2-492e-11ea-a727-b88a60e194fb-1-ps,crmid:9756692745,3,Travel Card,4,Personal Loan
71186f3e-492e-11ea-bd76-b88a60e194fb-1-ps,crmid:2569209835,3,Rewards Card,6,Personal Loan
711a43dc-492e-11ea-9d1e-b88a60e194fb-1-ps,crmid:6684308389,9,Platinum Card,3,Personal Loan
711b7d98-492e-11ea-af04-b88a60e194fb-1-ps,crmid:3092546768,3,Platinum Card,2,Personal Loan
711c8ec8-492e-11ea-8ea4-b88a60e194fb-1-ps,crmid:2120483119,4,Simplicity Card,4,Personal Loan
711dc6d2-492e-11ea-9479-b88a60e194fb-1-ps,crmid:7850307477,5,Platinum Card,4,Business Loan
711efef0-492e-11ea-aa96-b88a60e194fb-1-ps,crmid:1780409052,7,Travel Card,9,Student Loan
7252c142-492e-11ea-8818-b88a60e194fb-1-ps,crmid:5963558482,3,Dividend Card,9,Auto Loan
7253d2a4-492e-11ea-a977-b88a60e194fb-1-ps,crmid:4759081016,5,Dividend Card,8,Personal Loan
7254e412-492e-11ea-8af2-b88a60e194fb-1-ps,crmid:3960547335,5,Travel Card,3,Business Loan
7255ce64-492e-11ea-8809-b88a60e194fb-1-ps,crmid:4815394437,3,Rewards Card,4,Personal Loan
72570714-492e-11ea-a99f-b88a60e194fb-1-ps,crmid:8043140380,3,Travel Card,3,Student Loan
725866cc-492e-11ea-8567-b88a60e194fb-1-ps,crmid:4830068775,2,Platinum Card,4,Personal Loan
72597952-492e-11ea-bdad-b88a60e194fb-1-ps,crmid:3220485771,3,Student Card,9,Personal Loan
725affd4-492e-11ea-9254-b88a60e194fb-1-ps,crmid:3859384916,3,Dividend Card,3,Personal Loan
725c113e-492e-11ea-95f7-b88a60e194fb-1-ps,crmid:8609031057,4,Dividend Card,2,Personal Loan
725d488c-492e-11ea-8423-b88a60e194fb-1-ps,crmid:7955370752,8,Simplicity Card,2,Business Loan
725e5a64-492e-11ea-b6c8-b88a60e194fb-1-ps,crmid:3352724582,4,Student Card,3,Auto Loan
725f93a8-492e-11ea-b24b-b88a60e194fb-1-ps,crmid:6870028891,6,Student Card,4,Student Loan
7260a50a-492e-11ea-8037-b88a60e194fb-1-ps,crmid:2025163924,5,Student Card,7,Business Loan
7261b5e6-492e-11ea-a988-b88a60e194fb-1-ps,crmid:3005672075,5,Rewards Card,4,Personal Loan
7262edac-492e-11ea-bb9c-b88a60e194fb-1-ps,crmid:5897538529,3,Platinum Card,5,Personal Loan
7264262e-492e-11ea-8317-b88a60e194fb-1-ps,crmid:8043747577,4,Student Card,7,Personal Loan
72653902-492e-11ea-a5c0-b88a60e194fb-1-ps,crmid:7237547175,4,Platinum Card,4,Auto Loan
72664a70-492e-11ea-9b15-b88a60e194fb-1-ps,crmid:6246891940,5,Platinum Card,4,Business Loan
72675bda-492e-11ea-81e5-b88a60e194fb-1-ps,crmid:4786719202,6,Travel Card,4,Personal Loan
73a33330-492e-11ea-8c95-b88a60e194fb-1-ps,crmid:9458422366,8,Platinum Card,4,Personal Loan
73a44494-492e-11ea-a0c9-b88a60e194fb-1-ps,crmid:9065097873,6,Simplicity Card,6,Auto Loan
73a55780-492e-11ea-a671-b88a60e194fb-1-ps,crmid:9920053123,4,Travel Card,4,Business Loan
73a68fa2-492e-11ea-9ec2-b88a60e194fb-1-ps,crmid:6763915590,3,Simplicity Card,5,Personal Loan
73a7a10c-492e-11ea-977e-b88a60e194fb-1-ps,crmid:8647434959,4,Dividend Card,4,Student Loan
73a88b9a-492e-11ea-8dea-b88a60e194fb-1-ps,crmid:3032764018,4,Travel Card,5,Personal Loan
73aa3818-492e-11ea-9a2e-b88a60e194fb-1-ps,crmid:4626246957,4,Simplicity Card,7,Student Loan
73ab2264-492e-11ea-80fa-b88a60e194fb-1-ps,crmid:7677518147,4,Travel Card,4,Personal Loan
73ac33e2-492e-11ea-8967-b88a60e194fb-1-ps,crmid:9875737964,4,Travel Card,4,Personal Loan
73ad4534-492e-11ea-8ed6-b88a60e194fb-1-ps,crmid:8273452173,3,Student Card,4,Auto Loan
73ae56a8-492e-11ea-84f8-b88a60e194fb-1-ps,crmid:5574268349,4,Dividend Card,4,Auto Loan
73b02b82-492e-11ea-abf4-b88a60e194fb-1-ps,crmid:5171898840,4,Platinum Card,3,Personal Loan
73b16424-492e-11ea-9d9e-b88a60e194fb-1-ps,crmid:2687481165,5,Travel Card,5,Personal Loan
73b2c4f0-492e-11ea-90b9-b88a60e194fb-1-ps,crmid:7206015297,5,Travel Card,5,Student Loan
73b3af28-492e-11ea-88f5-b88a60e194fb-1-ps,crmid:7946577843,5,Simplicity Card,9,Personal Loan
73b55bb4-492e-11ea-b608-b88a60e194fb-1-ps,crmid:1155089403,5,Business Card,4,Personal Loan
73b69406-492e-11ea-a6fb-b88a60e194fb-1-ps,crmid:3357031490,3,Simplicity Card,4,Student Loan
73b77e4c-492e-11ea-98dd-b88a60e194fb-1-ps,crmid:8101217968,5,Business Card,3,Personal Loan
73b8dea2-492e-11ea-a81b-b88a60e194fb-1-ps,crmid:6259320336,5,Platinum Card,4,Student Loan
74f0e646-492e-11ea-8c18-b88a60e194fb-1-ps,crmid:4231291224,3,Student Card,3,Personal Loan
74f26cc6-492e-11ea-b8dd-b88a60e194fb-1-ps,crmid:2774746538,4,Platinum Card,5,Personal Loan
74f37e34-492e-11ea-8514-b88a60e194fb-1-ps,crmid:3335512732,4,Platinum Card,5,Auto Loan
74f4ddc6-492e-11ea-a293-b88a60e194fb-1-ps,crmid:6330120896,4,Dividend Card,9,Auto Loan
74f63e8c-492e-11ea-91a8-b88a60e194fb-1-ps,crmid:5383159533,4,Simplicity Card,4,Business Loan
74f7c3ca-492e-11ea-9fab-b88a60e194fb-1-ps,crmid:5651452593,4,Travel Card,3,Personal Loan
74f94ab6-492e-11ea-a2bc-b88a60e194fb-1-ps,crmid:3121038281,3,Business Card,5,Business Loan
74faaa14-492e-11ea-b85b-b88a60e194fb-1-ps,crmid:4875900233,3,Rewards Card,5,Personal Loan
74fc09d2-492e-11ea-a719-b88a60e194fb-1-ps,crmid:5918933345,4,Travel Card,3,Personal Loan
74fdde5a-492e-11ea-a3ac-b88a60e194fb-1-ps,crmid:2942539745,5,Travel Card,4,Student Loan
74ff3dee-492e-11ea-a049-b88a60e194fb-1-ps,crmid:6311857906,3,Platinum Card,7,Personal Loan
75007666-492e-11ea-8384-b88a60e194fb-1-ps,crmid:8225189457,4,Dividend Card,4,Personal Loan
