id,timestamp,crmid,orderid,prod_sku,prod_name,prod_category,prod_ownership,purchase_amt,units,currency_type,branchid
1fe234ae-4be2-11ea-aeb0-b88a60e194fb-1,2020-01-02T06:50:17.000Z,crmid:6542385826,1fe234ae-4be2-11ea-aeb0-b88a60e194fb,prd1115,Mortgage: VA,Mortgage,Personal,15940.36,1,USD,branchid:11008
1fe2f822-4be2-11ea-9544-b88a60e194fb-1,2020-01-25T17:19:19.000Z,crmid:9950287366,1fe2f822-4be2-11ea-9544-b88a60e194fb,prd1112,Fixed Deposit,Investment,Personal,168346.18,1,USD,branchid:11077
1fe40998-4be2-11ea-a18d-b88a60e194fb-1,2020-01-05T08:55:20.000Z,crmid:2305901758,1fe40998-4be2-11ea-a18d-b88a60e194fb,prd1110,Traditional IRA,Retirement,Personal,165265.7,1,USD,branchid:11077
1fe4ccd2-4be2-11ea-8e37-b88a60e194fb-1,2020-01-07T02:13:59.000Z,crmid:6579440578,1fe4ccd2-4be2-11ea-8e37-b88a60e194fb,prd1150,Money Market,Investment,Personal,11131.03,1,USD,branchid:11121
1fe5902e-4be2-11ea-ae72-b88a60e194fb-1,2020-01-12T16:10:12.000Z,crmid:3686108168,1fe5902e-4be2-11ea-ae72-b88a60e194fb,prd1155,CDs: 5 year,Investment,Personal,9165.06,1,USD,branchid:11031
1fe6c768-4be2-11ea-a893-b88a60e194fb-1,2020-01-18T18:25:06.000Z,crmid:9484080896,1fe6c768-4be2-11ea-a893-b88a60e194fb,prd1185,Mortgage: FHA,Mortgage,Personal,4205271.55,1,USD,branchid:11088
1fe78bfe-4be2-11ea-862a-b88a60e194fb-1,2020-01-26T09:56:14.000Z,crmid:7961596350,1fe78bfe-4be2-11ea-862a-b88a60e194fb,prd1120,Mortgage: 10/1 ARM,Mortgage,Personal,12255.42,1,USD,branchid:11001
1fe84f46-4be2-11ea-aa25-b88a60e194fb-1,2020-01-02T09:29:14.000Z,crmid:9128571906,1fe84f46-4be2-11ea-aa25-b88a60e194fb,prd1131,Employee Stock Purchase Plans,Investment,Personal,21372.97,1,USD,branchid:11102
20728c78-4be2-11ea-8d8b-b88a60e194fb-1,2020-01-26T12:08:06.000Z,crmid:1116398008,20728c78-4be2-11ea-8d8b-b88a60e194fb,prd1148,Mortgage: 10/1 ARM,Mortgage,Personal,13348.97,1,USD,branchid:11062
207376f0-4be2-11ea-81d3-b88a60e194fb-1,2020-01-27T10:03:30.000Z,crmid:4254631137,207376f0-4be2-11ea-81d3-b88a60e194fb,prd1117,Brokerage Account,Investment,Personal,127281.68,1,USD,branchid:11063
20743a30-4be2-11ea-b561-b88a60e194fb-1,2020-01-19T23:09:05.000Z,crmid:1580752722,20743a30-4be2-11ea-b561-b88a60e194fb,prd1139,Employee Stock Purchase Plans,Investment,Personal,215480.13,1,USD,branchid:11041
2075247a-4be2-11ea-bdf1-b88a60e194fb-1,2020-01-01T00:53:05.000Z,crmid:8277555128,2075247a-4be2-11ea-bdf1-b88a60e194fb,prd1167,Roth IRA,Retirement,Personal,15491.44,1,USD,branchid:11011
20760ff8-4be2-11ea-be86-b88a60e194fb-1,2020-01-23T02:03:59.000Z,crmid:5873848449,20760ff8-4be2-11ea-be86-b88a60e194fb,prd1182,Brokerage Account,Investment,Personal,17459.15,1,USD,branchid:11093
2076f952-4be2-11ea-acd6-b88a60e194fb-1,2020-01-25T02:19:26.000Z,crmid:5022305360,2076f952-4be2-11ea-acd6-b88a60e194fb,prd1046,Mortgage: VA,Mortgage,Personal,2859643.46,1,USD,branchid:11109
2077e39e-4be2-11ea-89a9-b88a60e194fb-1,2020-01-11T16:43:51.000Z,crmid:7579793013,2077e39e-4be2-11ea-89a9-b88a60e194fb,prd1124,CDs: 5 year,Investment,Personal,235403.88,1,USD,branchid:11052
2078a828-4be2-11ea-906c-b88a60e194fb-1,2020-01-15T14:09:44.000Z,crmid:9853916032,2078a828-4be2-11ea-906c-b88a60e194fb,prd1111,Pension Account,Retirement,Personal,254931.26,1,USD,branchid:11140
20799148-4be2-11ea-af64-b88a60e194fb-1,2020-01-14T04:54:22.000Z,crmid:8358052134,20799148-4be2-11ea-af64-b88a60e194fb,prd1144,Home Equity Loan,Mortgage,Personal,125291.95,1,USD,branchid:11104
207a7bde-4be2-11ea-8721-b88a60e194fb-1,2020-01-12T10:32:18.000Z,crmid:6631908908,207a7bde-4be2-11ea-8721-b88a60e194fb,prd1083,Pension Account,Retirement,Personal,206903.33,1,USD,branchid:11135
20fe2a3a-4be2-11ea-a6e3-b88a60e194fb-1,2020-01-16T17:00:43.000Z,crmid:3262921306,20fe2a3a-4be2-11ea-a6e3-b88a60e194fb,prd1073,Business Brokerage Account,Investment,Business,15270.42,1,USD,branchid:11058
20ff3bc0-4be2-11ea-8688-b88a60e194fb-1,2020-01-17T04:25:09.000Z,crmid:5507856100,20ff3bc0-4be2-11ea-8688-b88a60e194fb,prd1121,Mortgage: 30-yr Fixed,Mortgage,Personal,253116.47,1,USD,branchid:11007
2100260a-4be2-11ea-a871-b88a60e194fb-1,2020-01-01T07:08:44.000Z,crmid:6582159668,2100260a-4be2-11ea-a871-b88a60e194fb,prd1183,Fixed Deposit,Investment,Personal,4013248.06,1,USD,branchid:11052
2100e962-4be2-11ea-9bac-b88a60e194fb-1,2020-01-20T01:14:21.000Z,crmid:5818000102,2100e962-4be2-11ea-9bac-b88a60e194fb,prd1124,CDs: 5 year,Investment,Personal,4350811.0,1,USD,branchid:11057
2101d3b6-4be2-11ea-80ef-b88a60e194fb-1,2020-01-04T08:12:27.000Z,crmid:5530475222,2101d3b6-4be2-11ea-80ef-b88a60e194fb,prd1061,Mortgage: 5/1 ARM,Mortgage,Personal,4943273.09,1,USD,branchid:11049
21029706-4be2-11ea-8a34-b88a60e194fb-1,2020-01-25T19:05:19.000Z,crmid:1107260575,21029706-4be2-11ea-8a34-b88a60e194fb,prd1032,Home Equity Loan,Mortgage,Personal,14864.47,1,USD,branchid:11111
2103a878-4be2-11ea-abd0-b88a60e194fb-1,2020-01-29T13:34:52.000Z,crmid:8820911401,2103a878-4be2-11ea-abd0-b88a60e194fb,prd1125,Mortgage: FHA,Mortgage,Personal,3267484.44,1,USD,branchid:11103
2104b9e8-4be2-11ea-8455-b88a60e194fb-1,2020-01-19T13:03:33.000Z,crmid:6131311492,2104b9e8-4be2-11ea-8455-b88a60e194fb,prd1144,Home Equity Loan,Mortgage,Personal,8157.25,1,USD,branchid:11113
2105a452-4be2-11ea-b5f9-b88a60e194fb-1,2020-01-07T16:09:41.000Z,crmid:9519951874,2105a452-4be2-11ea-b5f9-b88a60e194fb,prd1032,Home Equity Loan,Mortgage,Personal,15917.21,1,USD,branchid:11096
21068eb6-4be2-11ea-87ea-b88a60e194fb-1,2020-01-13T05:30:22.000Z,crmid:4614913772,21068eb6-4be2-11ea-87ea-b88a60e194fb,prd1026,Mortgage: 5/1 ARM,Mortgage,Personal,16480.31,1,USD,branchid:11100
218e0dec-4be2-11ea-8b7a-b88a60e194fb-1,2020-01-21T05:07:27.000Z,crmid:3884540352,218e0dec-4be2-11ea-8b7a-b88a60e194fb,prd1157,Brokerage Account,Investment,Personal,15291.73,1,USD,branchid:11037
218f1f5c-4be2-11ea-82c1-b88a60e194fb-1,2020-01-30T19:57:24.000Z,crmid:2154951347,218f1f5c-4be2-11ea-82c1-b88a60e194fb,prd1037,Home Equity Loan,Mortgage,Personal,12743.15,1,USD,branchid:11112
218fe2c8-4be2-11ea-89d1-b88a60e194fb-1,2020-01-08T22:37:05.000Z,crmid:1370606659,218fe2c8-4be2-11ea-89d1-b88a60e194fb,prd1024,Mortgage: FHA,Mortgage,Personal,13612.8,1,USD,branchid:11009
2190cd18-4be2-11ea-b610-b88a60e194fb-1,2020-01-03T18:47:23.000Z,crmid:6866821367,2190cd18-4be2-11ea-b610-b88a60e194fb,prd1189,Overseas Equity Fund,Investment,Personal,3507918.52,1,USD,branchid:11143
2191dea8-4be2-11ea-8cba-b88a60e194fb-1,2020-01-05T20:29:21.000Z,crmid:8947541511,2191dea8-4be2-11ea-8cba-b88a60e194fb,prd1046,Mortgage: VA,Mortgage,Personal,147504.99,1,USD,branchid:11002
2192ca28-4be2-11ea-8318-b88a60e194fb-1,2020-01-26T14:04:58.000Z,crmid:9920053123,2192ca28-4be2-11ea-8318-b88a60e194fb,prd1047,Mortgage: 10 yr Fixed,Mortgage,Personal,19926.01,1,USD,branchid:11023
2193b44c-4be2-11ea-b540-b88a60e194fb-1,2020-01-08T18:41:24.000Z,crmid:2988770545,2193b44c-4be2-11ea-b540-b88a60e194fb,prd1125,Mortgage: FHA,Mortgage,Personal,169710.04,1,USD,branchid:11143
21947790-4be2-11ea-a03f-b88a60e194fb-1,2020-01-09T10:55:58.000Z,crmid:3179664049,21947790-4be2-11ea-a03f-b88a60e194fb,prd1027,Mortgage: 30-yr Fixed,Mortgage,Personal,17401.84,1,USD,branchid:11070
219560f6-4be2-11ea-bc19-b88a60e194fb-1,2020-01-12T19:19:12.000Z,crmid:8349197770,219560f6-4be2-11ea-bc19-b88a60e194fb,prd1077,Roth IRA,Retirement,Personal,3760680.55,1,USD,branchid:11021
21969994-4be2-11ea-ae0e-b88a60e194fb-1,2020-01-23T22:57:47.000Z,crmid:7533149312,21969994-4be2-11ea-ae0e-b88a60e194fb,prd1073,Business Brokerage Account,Investment,Business,19001.35,1,USD,branchid:11053
221d2e98-4be2-11ea-9b55-b88a60e194fb-1,2020-01-20T06:29:21.000Z,crmid:3101296552,221d2e98-4be2-11ea-9b55-b88a60e194fb,prd1077,Roth IRA,Retirement,Personal,13801.7,1,USD,branchid:11067
221e1a36-4be2-11ea-b762-b88a60e194fb-1,2020-01-14T16:46:08.000Z,crmid:5169192068,221e1a36-4be2-11ea-b762-b88a60e194fb,prd1026,Mortgage: 5/1 ARM,Mortgage,Personal,127449.75,1,USD,branchid:11065
221edd66-4be2-11ea-a1ff-b88a60e194fb-1,2020-01-22T08:54:48.000Z,crmid:4939295085,221edd66-4be2-11ea-a1ff-b88a60e194fb,prd1153,CDs: 1 year,Investment,Personal,13902.83,1,USD,branchid:11055
221fa0c6-4be2-11ea-b131-b88a60e194fb-1,2020-01-16T05:44:18.000Z,crmid:1446177985,221fa0c6-4be2-11ea-b131-b88a60e194fb,prd1034,Home Equity Loan,Mortgage,Personal,16249.95,1,USD,branchid:11043
2220b230-4be2-11ea-9e9f-b88a60e194fb-1,2020-01-03T19:13:20.000Z,crmid:9796288419,2220b230-4be2-11ea-9e9f-b88a60e194fb,prd1151,Mortgage: 10 yr Fixed,Mortgage,Personal,18552.33,1,USD,branchid:11103
2221756e-4be2-11ea-af48-b88a60e194fb-1,2020-01-02T05:36:21.000Z,crmid:8375288545,2221756e-4be2-11ea-af48-b88a60e194fb,prd1155,CDs: 5 year,Investment,Personal,293326.29,1,USD,branchid:11099
222238d2-4be2-11ea-bab4-b88a60e194fb-1,2020-01-27T17:35:11.000Z,crmid:7170360807,222238d2-4be2-11ea-bab4-b88a60e194fb,prd1008,Traditional IRA,Retirement,Personal,199459.32,1,USD,branchid:11013
2222faca-4be2-11ea-8bc6-b88a60e194fb-1,2020-01-05T20:24:55.000Z,crmid:1164966931,2222faca-4be2-11ea-8bc6-b88a60e194fb,prd1025,Brokerage Account,Investment,Personal,16220.3,1,USD,branchid:11026
2223bf50-4be2-11ea-aa5c-b88a60e194fb-1,2020-01-08T09:07:07.000Z,crmid:3989326867,2223bf50-4be2-11ea-aa5c-b88a60e194fb,prd1101,Mortgage: 5/1 ARM,Mortgage,Personal,93284.18,1,USD,branchid:11025
2224aa00-4be2-11ea-b675-b88a60e194fb-1,2020-01-25T07:57:24.000Z,crmid:7005693476,2224aa00-4be2-11ea-b675-b88a60e194fb,prd1112,Fixed Deposit,Investment,Personal,19239.49,1,USD,branchid:11088
22256cc2-4be2-11ea-b52c-b88a60e194fb-1,2020-01-12T11:26:14.000Z,crmid:2756981357,22256cc2-4be2-11ea-b52c-b88a60e194fb,prd1124,CDs: 5 year,Investment,Personal,212042.93,1,USD,branchid:11130
22ae98e4-4be2-11ea-8d46-b88a60e194fb-1,2020-01-27T09:34:51.000Z,crmid:8908850007,22ae98e4-4be2-11ea-8d46-b88a60e194fb,prd1124,CDs: 5 year,Investment,Personal,10737.5,1,USD,branchid:11052
22af831c-4be2-11ea-961a-b88a60e194fb-1,2020-01-04T20:48:15.000Z,crmid:8518971113,22af831c-4be2-11ea-961a-b88a60e194fb,prd1121,Mortgage: 30-yr Fixed,Mortgage,Personal,17313.2,1,USD,branchid:11060
22b06eda-4be2-11ea-a5fb-b88a60e194fb-1,2020-01-02T18:24:58.000Z,crmid:1849106448,22b06eda-4be2-11ea-a5fb-b88a60e194fb,prd1060,Traditional IRA,Retirement,Personal,9742.33,1,USD,branchid:11143
22b1597a-4be2-11ea-a65e-b88a60e194fb-1,2020-01-25T15:27:45.000Z,crmid:9393126751,22b1597a-4be2-11ea-a65e-b88a60e194fb,prd1021,CDs: 5 year,Investment,Personal,305850.26,1,USD,branchid:11080
22b21c7e-4be2-11ea-a6c9-b88a60e194fb-1,2020-01-26T03:59:44.000Z,crmid:7848421806,22b21c7e-4be2-11ea-a6c9-b88a60e194fb,prd1148,Mortgage: 10/1 ARM,Mortgage,Personal,280934.62,1,USD,branchid:11062
22b2b8ae-4be2-11ea-a6e6-b88a60e194fb-1,2020-01-26T20:14:01.000Z,crmid:1903346357,22b2b8ae-4be2-11ea-a6e6-b88a60e194fb,prd1157,Brokerage Account,Investment,Personal,244879.95,1,USD,branchid:11110
22b37c22-4be2-11ea-b1cf-b88a60e194fb-1,2020-01-02T00:06:34.000Z,crmid:6516551197,22b37c22-4be2-11ea-b1cf-b88a60e194fb,prd1032,Home Equity Loan,Mortgage,Personal,198770.06,1,USD,branchid:11047
22b46528-4be2-11ea-8466-b88a60e194fb-1,2020-01-20T07:46:53.000Z,crmid:9178110313,22b46528-4be2-11ea-8466-b88a60e194fb,prd1034,Home Equity Loan,Mortgage,Personal,17150.51,1,USD,branchid:11096
22b52858-4be2-11ea-9b55-b88a60e194fb-1,2020-01-24T21:40:41.000Z,crmid:1896402286,22b52858-4be2-11ea-9b55-b88a60e194fb,prd1033,Fixed Deposit,Investment,Personal,192566.75,1,USD,branchid:11089
22b61418-4be2-11ea-a5f0-b88a60e194fb-1,2020-01-24T15:17:07.000Z,crmid:9011062164,22b61418-4be2-11ea-a5f0-b88a60e194fb,prd1027,Mortgage: 30-yr Fixed,Mortgage,Personal,12592.68,1,USD,branchid:11048
234225ec-4be2-11ea-b0f1-b88a60e194fb-1,2020-01-08T09:15:40.000Z,crmid:9526856764,234225ec-4be2-11ea-b0f1-b88a60e194fb,prd1026,Mortgage: 5/1 ARM,Mortgage,Personal,139868.56,1,USD,branchid:11076
234311d8-4be2-11ea-b85e-b88a60e194fb-1,2020-01-30T04:44:25.000Z,crmid:5345530937,234311d8-4be2-11ea-b85e-b88a60e194fb,prd1045,Mortgage: 10/1 ARM,Mortgage,Personal,14931.58,1,USD,branchid:11063
2343fbb6-4be2-11ea-88b5-b88a60e194fb-1,2020-01-07T06:46:22.000Z,crmid:6304239271,2343fbb6-4be2-11ea-88b5-b88a60e194fb,prd1077,Roth IRA,Retirement,Personal,13455.39,1,USD,branchid:11072
23450d00-4be2-11ea-928c-b88a60e194fb-1,2020-01-13T09:07:28.000Z,crmid:8276746198,23450d00-4be2-11ea-928c-b88a60e194fb,prd1165,Roth IRA,Retirement,Personal,251168.26,1,USD,branchid:11083
23461edc-4be2-11ea-8a0a-b88a60e194fb-1,2020-01-27T13:47:00.000Z,crmid:4455922355,23461edc-4be2-11ea-8a0a-b88a60e194fb,prd1131,Employee Stock Purchase Plans,Investment,Personal,13607.63,1,USD,branchid:11046
2346e0d2-4be2-11ea-953e-b88a60e194fb-1,2020-01-30T14:25:05.000Z,crmid:6799613928,2346e0d2-4be2-11ea-953e-b88a60e194fb,prd1061,Mortgage: 5/1 ARM,Mortgage,Personal,263364.66,1,USD,branchid:11105
2347f3c6-4be2-11ea-88fe-b88a60e194fb-1,2020-01-10T19:40:37.000Z,crmid:7009433048,2347f3c6-4be2-11ea-88fe-b88a60e194fb,prd1185,Mortgage: FHA,Mortgage,Personal,13747.56,1,USD,branchid:11061
2348b6cc-4be2-11ea-9560-b88a60e194fb-1,2020-01-26T07:53:45.000Z,crmid:2110811916,2348b6cc-4be2-11ea-9560-b88a60e194fb,prd1021,CDs: 5 year,Investment,Personal,189029.85,1,USD,branchid:11117
2349797e-4be2-11ea-b84a-b88a60e194fb-1,2020-01-16T00:49:16.000Z,crmid:1314320988,2349797e-4be2-11ea-b84a-b88a60e194fb,prd1124,CDs: 5 year,Investment,Personal,5120237.93,1,USD,branchid:11121
234a8a58-4be2-11ea-9245-b88a60e194fb-1,2020-01-19T09:54:27.000Z,crmid:8170315264,234a8a58-4be2-11ea-9245-b88a60e194fb,prd1077,Roth IRA,Retirement,Personal,11902.9,1,USD,branchid:11020
234b4ef6-4be2-11ea-9c5d-b88a60e194fb-1,2020-01-23T16:27:03.000Z,crmid:2097493214,234b4ef6-4be2-11ea-9c5d-b88a60e194fb,prd1176,Overseas Equity Fund,Investment,Personal,14743.6,1,USD,branchid:11097
23d47c5e-4be2-11ea-ac70-b88a60e194fb-1,2020-01-29T15:01:35.000Z,crmid:1316957424,23d47c5e-4be2-11ea-ac70-b88a60e194fb,prd1139,Employee Stock Purchase Plans,Investment,Personal,150402.1,1,USD,branchid:11023
23d5650a-4be2-11ea-a39a-b88a60e194fb-1,2020-01-12T16:52:33.000Z,crmid:4105513153,23d5650a-4be2-11ea-a39a-b88a60e194fb,prd1088,CDs: 1 year,Investment,Personal,219242.32,1,USD,branchid:11023
23d64f5e-4be2-11ea-971d-b88a60e194fb-1,2020-01-15T17:04:00.000Z,crmid:4039923422,23d64f5e-4be2-11ea-971d-b88a60e194fb,prd1129,Mortgage: 10/1 ARM,Mortgage,Personal,207581.61,1,USD,branchid:11024
23d739e8-4be2-11ea-b879-b88a60e194fb-1,2020-01-31T14:58:21.000Z,crmid:8604152279,23d739e8-4be2-11ea-b879-b88a60e194fb,prd1179,Business Brokerage Account,Investment,Business,10184.13,1,USD,branchid:11031
23d7fe7a-4be2-11ea-93dd-b88a60e194fb-1,2020-01-26T14:54:14.000Z,crmid:1332435321,23d7fe7a-4be2-11ea-93dd-b88a60e194fb,prd1008,Traditional IRA,Retirement,Personal,13255.69,1,USD,branchid:11048
23d8c19c-4be2-11ea-830e-b88a60e194fb-1,2020-01-18T21:55:54.000Z,crmid:3681240285,23d8c19c-4be2-11ea-830e-b88a60e194fb,prd1181,Mortgage: 5/1 ARM,Mortgage,Personal,4190620.73,1,USD,branchid:11108
23d9ac0c-4be2-11ea-9f73-b88a60e194fb-1,2020-01-02T07:10:38.000Z,crmid:5266374976,23d9ac0c-4be2-11ea-9f73-b88a60e194fb,prd1064,CDs: 3 month,Investment,Personal,3010001.76,1,USD,branchid:11121
23dabe3e-4be2-11ea-b4ee-b88a60e194fb-1,2020-01-06T14:45:25.000Z,crmid:6866831981,23dabe3e-4be2-11ea-b4ee-b88a60e194fb,prd1154,Mortgage: 30-yr Fixed,Mortgage,Personal,17209.95,1,USD,branchid:11067
23dba688-4be2-11ea-810b-b88a60e194fb-1,2020-01-14T05:36:22.000Z,crmid:1537355036,23dba688-4be2-11ea-810b-b88a60e194fb,prd1041,Mortgage: 7/1 ARM,Mortgage,Personal,178460.77,1,USD,branchid:11026
23dc6b28-4be2-11ea-b902-b88a60e194fb-1,2020-01-31T17:06:44.000Z,crmid:7776141009,23dc6b28-4be2-11ea-b902-b88a60e194fb,prd1124,CDs: 5 year,Investment,Personal,11679.35,1,USD,branchid:11147
24634cfe-4be2-11ea-a863-b88a60e194fb-1,2020-01-05T01:08:25.000Z,crmid:3576413428,24634cfe-4be2-11ea-a863-b88a60e194fb,prd1077,Roth IRA,Retirement,Personal,19721.3,1,USD,branchid:11023
24643748-4be2-11ea-9d54-b88a60e194fb-1,2020-01-05T03:32:52.000Z,crmid:5258261057,24643748-4be2-11ea-9d54-b88a60e194fb,prd1062,Mortgage: VA,Mortgage,Personal,3044782.79,1,USD,branchid:11023
246521b4-4be2-11ea-8cef-b88a60e194fb-1,2020-01-13T13:29:08.000Z,crmid:4927997206,246521b4-4be2-11ea-8cef-b88a60e194fb,prd1032,Home Equity Loan,Mortgage,Personal,10832.35,1,USD,branchid:11080
24660c0a-4be2-11ea-9c4b-b88a60e194fb-1,2020-01-02T10:11:42.000Z,crmid:5155177587,24660c0a-4be2-11ea-9c4b-b88a60e194fb,prd1117,Brokerage Account,Investment,Personal,5133193.87,1,USD,branchid:11086
2466f662-4be2-11ea-b9cd-b88a60e194fb-1,2020-01-04T06:57:38.000Z,crmid:3411316969,2466f662-4be2-11ea-b9cd-b88a60e194fb,prd1108,401k,Retirement,Personal,18370.5,1,USD,branchid:11109
246807d8-4be2-11ea-8abf-b88a60e194fb-1,2020-01-08T17:53:53.000Z,crmid:5424742316,246807d8-4be2-11ea-8abf-b88a60e194fb,prd1151,Mortgage: 10 yr Fixed,Mortgage,Personal,320751.41,1,USD,branchid:11082
2468cb1e-4be2-11ea-815c-b88a60e194fb-1,2020-01-23T09:50:44.000Z,crmid:1099560340,2468cb1e-4be2-11ea-815c-b88a60e194fb,prd1114,CDs: 3 month,Investment,Personal,9675.7,1,USD,branchid:11024
24698e8a-4be2-11ea-ba9c-b88a60e194fb-1,2020-01-31T21:57:36.000Z,crmid:8772733735,24698e8a-4be2-11ea-ba9c-b88a60e194fb,prd1159,CDs: 3 month,Investment,Personal,12105.86,1,USD,branchid:11133
246a51dc-4be2-11ea-8b65-b88a60e194fb-1,2020-01-19T01:07:14.000Z,crmid:4625256478,246a51dc-4be2-11ea-8b65-b88a60e194fb,prd1024,Mortgage: FHA,Mortgage,Personal,12404.57,1,USD,branchid:11077
246b6322-4be2-11ea-8233-b88a60e194fb-1,2020-01-13T21:01:18.000Z,crmid:6621710357,246b6322-4be2-11ea-8233-b88a60e194fb,prd1101,Mortgage: 5/1 ARM,Mortgage,Personal,3382697.11,1,USD,branchid:11008
246c4f0a-4be2-11ea-8b5c-b88a60e194fb-1,2020-01-24T15:23:46.000Z,crmid:7468453805,246c4f0a-4be2-11ea-8b5c-b88a60e194fb,prd1165,Roth IRA,Retirement,Personal,4571428.14,1,USD,branchid:11124
24fd1cc6-4be2-11ea-ab6b-b88a60e194fb-1,2020-01-11T19:29:24.000Z,crmid:1901409579,24fd1cc6-4be2-11ea-ab6b-b88a60e194fb,prd1083,Pension Account,Retirement,Personal,3329820.57,1,USD,branchid:11128
24fe2d18-4be2-11ea-991a-b88a60e194fb-1,2020-01-16T22:18:09.000Z,crmid:6947952255,24fe2d18-4be2-11ea-991a-b88a60e194fb,prd1159,CDs: 3 month,Investment,Personal,4650780.7,1,USD,branchid:11035
24ff18b4-4be2-11ea-821c-b88a60e194fb-1,2020-01-27T05:33:24.000Z,crmid:3536945406,24ff18b4-4be2-11ea-821c-b88a60e194fb,prd1053,Mortgage: VA,Mortgage,Personal,230714.8,1,USD,branchid:11108
24ffdc24-4be2-11ea-9299-b88a60e194fb-1,2020-01-01T23:48:35.000Z,crmid:5517507901,24ffdc24-4be2-11ea-9299-b88a60e194fb,prd1179,Business Brokerage Account,Investment,Business,17756.8,1,USD,branchid:11057
25009f68-4be2-11ea-9ca0-b88a60e194fb-1,2020-01-01T15:34:23.000Z,crmid:5040934749,25009f68-4be2-11ea-9ca0-b88a60e194fb,prd1176,Overseas Equity Fund,Investment,Personal,12076.19,1,USD,branchid:11002
250162b6-4be2-11ea-986c-b88a60e194fb-1,2020-01-19T23:07:18.000Z,crmid:8597535813,250162b6-4be2-11ea-986c-b88a60e194fb,prd1027,Mortgage: 30-yr Fixed,Mortgage,Personal,15490.57,1,USD,branchid:11057
25022612-4be2-11ea-9814-b88a60e194fb-1,2020-01-11T16:14:27.000Z,crmid:9417071408,25022612-4be2-11ea-9814-b88a60e194fb,prd1056,CDs: 5 year,Investment,Personal,20920.86,1,USD,branchid:11085
2503101e-4be2-11ea-96b1-b88a60e194fb-1,2020-01-18T11:15:23.000Z,crmid:6621247689,2503101e-4be2-11ea-96b1-b88a60e194fb,prd1150,Money Market,Investment,Personal,174577.28,1,USD,branchid:11033
2504206c-4be2-11ea-bd0a-b88a60e194fb-1,2020-01-23T19:40:14.000Z,crmid:6716010799,2504206c-4be2-11ea-bd0a-b88a60e194fb,prd1077,Roth IRA,Retirement,Personal,115847.06,1,USD,branchid:11077
2504e534-4be2-11ea-b3a3-b88a60e194fb-1,2020-01-16T21:03:25.000Z,crmid:2084015816,2504e534-4be2-11ea-b3a3-b88a60e194fb,prd1013,Mortgage: FHA,Mortgage,Personal,4946799.77,1,USD,branchid:11019
258cb28a-4be2-11ea-8fa6-b88a60e194fb-1,2020-01-30T07:09:28.000Z,crmid:8453611681,258cb28a-4be2-11ea-8fa6-b88a60e194fb,prd1176,Overseas Equity Fund,Investment,Personal,9217.87,1,USD,branchid:11034
258dc2ae-4be2-11ea-9c3f-b88a60e194fb-1,2020-01-29T23:31:00.000Z,crmid:7706254641,258dc2ae-4be2-11ea-9c3f-b88a60e194fb,prd1155,CDs: 5 year,Investment,Personal,168393.33,1,USD,branchid:11123
258e875c-4be2-11ea-abae-b88a60e194fb-1,2020-01-13T08:33:36.000Z,crmid:3751278539,258e875c-4be2-11ea-abae-b88a60e194fb,prd1184,Fixed Deposit,Investment,Personal,18475.07,1,USD,branchid:11141
258f70a6-4be2-11ea-af23-b88a60e194fb-1,2020-01-26T08:39:09.000Z,crmid:6136111869,258f70a6-4be2-11ea-af23-b88a60e194fb,prd1184,Fixed Deposit,Investment,Personal,16668.48,1,USD,branchid:11020
25905ab4-4be2-11ea-b157-b88a60e194fb-1,2020-01-01T16:20:45.000Z,crmid:1018262797,25905ab4-4be2-11ea-b157-b88a60e194fb,prd1014,CDs: 3 month,Investment,Personal,220055.68,1,USD,branchid:11000
25911f58-4be2-11ea-8ae8-b88a60e194fb-1,2020-01-13T21:09:23.000Z,crmid:7737425607,25911f58-4be2-11ea-8ae8-b88a60e194fb,prd1032,Home Equity Loan,Mortgage,Personal,199615.79,1,USD,branchid:11015
2591e170-4be2-11ea-9fbb-b88a60e194fb-1,2020-01-24T13:26:21.000Z,crmid:4524583060,2591e170-4be2-11ea-9fbb-b88a60e194fb,prd1112,Fixed Deposit,Investment,Personal,3181687.13,1,USD,branchid:11116
2592cd58-4be2-11ea-8db3-b88a60e194fb-1,2020-01-15T05:39:19.000Z,crmid:3747239963,2592cd58-4be2-11ea-8db3-b88a60e194fb,prd1115,Mortgage: VA,Mortgage,Personal,13561.52,1,USD,branchid:11038
25938efe-4be2-11ea-b5ed-b88a60e194fb-1,2020-01-22T04:55:50.000Z,crmid:5618525888,25938efe-4be2-11ea-b5ed-b88a60e194fb,prd1148,Mortgage: 10/1 ARM,Mortgage,Personal,11127.88,1,USD,branchid:11147
2594a068-4be2-11ea-ab17-b88a60e194fb-1,2020-01-01T01:37:41.000Z,crmid:3214644005,2594a068-4be2-11ea-ab17-b88a60e194fb,prd1155,CDs: 5 year,Investment,Personal,17402.62,1,USD,branchid:11019
25958acc-4be2-11ea-80fa-b88a60e194fb-1,2020-01-12T21:03:53.000Z,crmid:5543831217,25958acc-4be2-11ea-80fa-b88a60e194fb,prd1008,Traditional IRA,Retirement,Personal,15348.37,1,USD,branchid:11055
261a23d8-4be2-11ea-8c10-b88a60e194fb-1,2020-01-18T10:59:47.000Z,crmid:7770067642,261a23d8-4be2-11ea-8c10-b88a60e194fb,prd1077,Roth IRA,Retirement,Personal,146373.06,1,USD,branchid:11063
261ae722-4be2-11ea-a9cd-b88a60e194fb-1,2020-01-15T09:33:29.000Z,crmid:4714225141,261ae722-4be2-11ea-a9cd-b88a60e194fb,prd1112,Fixed Deposit,Investment,Personal,16460.83,1,USD,branchid:11037
261c6dfa-4be2-11ea-8af8-b88a60e194fb-1,2020-01-22T01:54:57.000Z,crmid:2114978509,261c6dfa-4be2-11ea-8af8-b88a60e194fb,prd1112,Fixed Deposit,Investment,Personal,193352.69,1,USD,branchid:11116
261dce18-4be2-11ea-93ea-b88a60e194fb-1,2020-01-14T22:32:35.000Z,crmid:9022049109,261dce18-4be2-11ea-93ea-b88a60e194fb,prd1032,Home Equity Loan,Mortgage,Personal,16262.94,1,USD,branchid:11146
261f07b8-4be2-11ea-a1fa-b88a60e194fb-1,2020-01-06T16:50:13.000Z,crmid:4997362829,261f07b8-4be2-11ea-a1fa-b88a60e194fb,prd1167,Roth IRA,Retirement,Personal,3998417.4,1,USD,branchid:11096
261ff17a-4be2-11ea-86b9-b88a60e194fb-1,2020-01-14T15:57:37.000Z,crmid:1392007233,261ff17a-4be2-11ea-86b9-b88a60e194fb,prd1056,CDs: 5 year,Investment,Personal,16711.01,1,USD,branchid:11063
2620dbca-4be2-11ea-8c3f-b88a60e194fb-1,2020-01-11T07:24:47.000Z,crmid:7607115807,2620dbca-4be2-11ea-8c3f-b88a60e194fb,prd1172,Employee Stock Purchase Plans,Investment,Personal,209105.22,1,USD,branchid:11063
2621c658-4be2-11ea-92d5-b88a60e194fb-1,2020-01-27T05:42:11.000Z,crmid:8333550468,2621c658-4be2-11ea-92d5-b88a60e194fb,prd1087,Overseas Equity Fund,Investment,Personal,4240987.78,1,USD,branchid:11043
262289a2-4be2-11ea-ab7d-b88a60e194fb-1,2020-01-22T11:42:31.000Z,crmid:5607620206,262289a2-4be2-11ea-ab7d-b88a60e194fb,prd1110,Traditional IRA,Retirement,Personal,246521.15,1,USD,branchid:11088
26234cb6-4be2-11ea-a0bb-b88a60e194fb-1,2020-01-11T19:40:14.000Z,crmid:3350556326,26234cb6-4be2-11ea-a0bb-b88a60e194fb,prd1049,Business Brokerage Account,Investment,Business,146958.17,1,USD,branchid:11103
26245d10-4be2-11ea-9e75-b88a60e194fb-1,2020-01-25T13:19:26.000Z,crmid:2321744611,26245d10-4be2-11ea-9e75-b88a60e194fb,prd1064,CDs: 3 month,Investment,Personal,16109.48,1,USD,branchid:11110
26af602c-4be2-11ea-adc6-b88a60e194fb-1,2020-01-03T21:17:03.000Z,crmid:4508962297,26af602c-4be2-11ea-adc6-b88a60e194fb,prd1181,Mortgage: 5/1 ARM,Mortgage,Personal,242093.02,1,USD,branchid:11045
26b0237a-4be2-11ea-a056-b88a60e194fb-1,2020-01-31T00:56:00.000Z,crmid:5157089405,26b0237a-4be2-11ea-a056-b88a60e194fb,prd1088,CDs: 1 year,Investment,Personal,169679.96,1,USD,branchid:11092
26b0e6c2-4be2-11ea-83e7-b88a60e194fb-1,2020-01-24T16:45:31.000Z,crmid:8700537969,26b0e6c2-4be2-11ea-83e7-b88a60e194fb,prd1079,Mortgage: 30-yr Fixed,Mortgage,Personal,130577.09,1,USD,branchid:11089
26b1d128-4be2-11ea-bcc2-b88a60e194fb-1,2020-01-09T07:31:49.000Z,crmid:1707369287,26b1d128-4be2-11ea-bcc2-b88a60e194fb,prd1027,Mortgage: 30-yr Fixed,Mortgage,Personal,14732.39,1,USD,branchid:11118
26b2ba14-4be2-11ea-8a0e-b88a60e194fb-1,2020-01-21T06:30:22.000Z,crmid:2043595206,26b2ba14-4be2-11ea-8a0e-b88a60e194fb,prd1077,Roth IRA,Retirement,Personal,9395.37,1,USD,branchid:11100
26b37d5e-4be2-11ea-9ccf-b88a60e194fb-1,2020-01-12T19:17:40.000Z,crmid:4099107309,26b37d5e-4be2-11ea-9ccf-b88a60e194fb,prd1087,Overseas Equity Fund,Investment,Personal,170207.18,1,USD,branchid:11105
26b5042c-4be2-11ea-bb51-b88a60e194fb-1,2020-01-12T05:04:54.000Z,crmid:8574754195,26b5042c-4be2-11ea-bb51-b88a60e194fb,prd1108,401k,Retirement,Personal,261163.02,1,USD,branchid:11065
26b61638-4be2-11ea-9ae6-b88a60e194fb-1,2020-01-27T12:10:59.000Z,crmid:7173381729,26b61638-4be2-11ea-9ae6-b88a60e194fb,prd1033,Fixed Deposit,Investment,Personal,3863718.19,1,USD,branchid:11090
26b74f58-4be2-11ea-a921-b88a60e194fb-1,2020-01-22T03:02:09.000Z,crmid:9554170552,26b74f58-4be2-11ea-a921-b88a60e194fb,prd1183,Fixed Deposit,Investment,Personal,16068.72,1,USD,branchid:11036
26b812a8-4be2-11ea-a5d7-b88a60e194fb-1,2020-01-11T04:32:38.000Z,crmid:7136176751,26b812a8-4be2-11ea-a5d7-b88a60e194fb,prd1175,401k,Retirement,Personal,14368.51,1,USD,branchid:11142
27418d8a-4be2-11ea-ab00-b88a60e194fb-1,2020-01-02T04:06:41.000Z,crmid:6063369490,27418d8a-4be2-11ea-ab00-b88a60e194fb,prd1144,Home Equity Loan,Mortgage,Personal,9501.81,1,USD,branchid:11087
27427830-4be2-11ea-9927-b88a60e194fb-1,2020-01-26T18:00:38.000Z,crmid:4407183741,27427830-4be2-11ea-9927-b88a60e194fb,prd1185,Mortgage: FHA,Mortgage,Personal,194952.5,1,USD,branchid:11073
27433b8c-4be2-11ea-98f8-b88a60e194fb-1,2020-01-19T19:15:38.000Z,crmid:9075778315,27433b8c-4be2-11ea-98f8-b88a60e194fb,prd1030,401k,Retirement,Personal,8043.82,1,USD,branchid:11030
2743fd7a-4be2-11ea-b67b-b88a60e194fb-1,2020-01-07T11:43:28.000Z,crmid:3148498712,2743fd7a-4be2-11ea-b67b-b88a60e194fb,prd1046,Mortgage: VA,Mortgage,Personal,4132986.13,1,USD,branchid:11040
2744e7c8-4be2-11ea-8329-b88a60e194fb-1,2020-01-15T12:39:10.000Z,crmid:4243275258,2744e7c8-4be2-11ea-8329-b88a60e194fb,prd1101,Mortgage: 5/1 ARM,Mortgage,Personal,2422442.39,1,USD,branchid:11117
2745d380-4be2-11ea-83de-b88a60e194fb-1,2020-01-11T22:42:25.000Z,crmid:3842013190,2745d380-4be2-11ea-83de-b88a60e194fb,prd1014,CDs: 3 month,Investment,Personal,167581.44,1,USD,branchid:11053
2746e38a-4be2-11ea-81d1-b88a60e194fb-1,2020-01-31T11:58:49.000Z,crmid:1455504159,2746e38a-4be2-11ea-81d1-b88a60e194fb,prd1008,Traditional IRA,Retirement,Personal,231917.51,1,USD,branchid:11035
2747a6d2-4be2-11ea-ab6e-b88a60e194fb-1,2020-01-10T15:00:46.000Z,crmid:7238915632,2747a6d2-4be2-11ea-ab6e-b88a60e194fb,prd1189,Overseas Equity Fund,Investment,Personal,10387.02,1,USD,branchid:11023
27489128-4be2-11ea-9a58-b88a60e194fb-1,2020-01-24T09:23:45.000Z,crmid:4127429425,27489128-4be2-11ea-9a58-b88a60e194fb,prd1035,Pension Account,Retirement,Personal,18204.88,1,USD,branchid:11144
27495488-4be2-11ea-8b48-b88a60e194fb-1,2020-01-19T04:35:03.000Z,crmid:2504724799,27495488-4be2-11ea-8b48-b88a60e194fb,prd1172,Employee Stock Purchase Plans,Investment,Personal,10510.37,1,USD,branchid:11033
27d2f828-4be2-11ea-9a58-b88a60e194fb-1,2020-01-13T18:48:58.000Z,crmid:1166728033,27d2f828-4be2-11ea-9a58-b88a60e194fb,prd1064,CDs: 3 month,Investment,Personal,9865.86,1,USD,branchid:11020
27d3e140-4be2-11ea-8550-b88a60e194fb-1,2020-01-08T11:34:17.000Z,crmid:1995375087,27d3e140-4be2-11ea-8550-b88a60e194fb,prd1024,Mortgage: FHA,Mortgage,Personal,4748454.56,1,USD,branchid:11073
27d4cb86-4be2-11ea-918b-b88a60e194fb-1,2020-01-27T00:34:39.000Z,crmid:6625869174,27d4cb86-4be2-11ea-918b-b88a60e194fb,prd1179,Business Brokerage Account,Investment,Business,16822.23,1,USD,branchid:11121
27d5b5d8-4be2-11ea-aa51-b88a60e194fb-1,2020-01-20T00:42:03.000Z,crmid:1730633671,27d5b5d8-4be2-11ea-aa51-b88a60e194fb,prd1042,Roth IRA,Retirement,Personal,194889.0,1,USD,branchid:11050
27d67a82-4be2-11ea-b45c-b88a60e194fb-1,2020-01-29T10:40:23.000Z,crmid:6885381157,27d67a82-4be2-11ea-b45c-b88a60e194fb,prd1045,Mortgage: 10/1 ARM,Mortgage,Personal,3206664.85,1,USD,branchid:11083
27d73dd4-4be2-11ea-ae49-b88a60e194fb-1,2020-01-22T14:32:14.000Z,crmid:8375288545,27d73dd4-4be2-11ea-ae49-b88a60e194fb,prd1078,Mortgage: 7/1 ARM,Mortgage,Personal,10401.61,1,USD,branchid:11116
27d84eb6-4be2-11ea-975b-b88a60e194fb-1,2020-01-05T11:05:28.000Z,crmid:4398727464,27d84eb6-4be2-11ea-975b-b88a60e194fb,prd1139,Employee Stock Purchase Plans,Investment,Personal,12070.31,1,USD,branchid:11026
27d9127e-4be2-11ea-acd8-b88a60e194fb-1,2020-01-20T17:36:16.000Z,crmid:8988210517,27d9127e-4be2-11ea-acd8-b88a60e194fb,prd1111,Pension Account,Retirement,Personal,169643.55,1,USD,branchid:11146
27d9d49c-4be2-11ea-81b7-b88a60e194fb-1,2020-01-16T00:54:07.000Z,crmid:5970052067,27d9d49c-4be2-11ea-81b7-b88a60e194fb,prd1183,Fixed Deposit,Investment,Personal,14383.32,1,USD,branchid:11006
27dabf64-4be2-11ea-8a0d-b88a60e194fb-1,2020-01-29T14:32:51.000Z,crmid:1786786558,27dabf64-4be2-11ea-8a0d-b88a60e194fb,prd1125,Mortgage: FHA,Mortgage,Personal,304473.93,1,USD,branchid:11116
27db8238-4be2-11ea-8463-b88a60e194fb-1,2020-01-28T18:26:45.000Z,crmid:8026714972,27db8238-4be2-11ea-8463-b88a60e194fb,prd1124,CDs: 5 year,Investment,Personal,242364.28,1,USD,branchid:11030
28665e68-4be2-11ea-972e-b88a60e194fb-1,2020-01-16T23:40:04.000Z,crmid:8635553429,28665e68-4be2-11ea-972e-b88a60e194fb,prd1114,CDs: 3 month,Investment,Personal,246800.01,1,USD,branchid:11086
286721b0-4be2-11ea-83b1-b88a60e194fb-1,2020-01-13T20:38:22.000Z,crmid:2882436645,286721b0-4be2-11ea-83b1-b88a60e194fb,prd1183,Fixed Deposit,Investment,Personal,17800.75,1,USD,branchid:11066
28680a88-4be2-11ea-b7dc-b88a60e194fb-1,2020-01-28T02:35:51.000Z,crmid:7344154965,28680a88-4be2-11ea-b7dc-b88a60e194fb,prd1150,Money Market,Investment,Personal,13720.84,1,USD,branchid:11149
2868cdd4-4be2-11ea-8603-b88a60e194fb-1,2020-01-11T08:23:09.000Z,crmid:6434869838,2868cdd4-4be2-11ea-8603-b88a60e194fb,prd1115,Mortgage: VA,Mortgage,Personal,17052.41,1,USD,branchid:11016
2869b998-4be2-11ea-a069-b88a60e194fb-1,2020-01-23T04:54:26.000Z,crmid:2190151744,2869b998-4be2-11ea-a069-b88a60e194fb,prd1062,Mortgage: VA,Mortgage,Personal,19506.57,1,USD,branchid:11052
286a7b82-4be2-11ea-80c9-b88a60e194fb-1,2020-01-18T11:47:09.000Z,crmid:4171541751,286a7b82-4be2-11ea-80c9-b88a60e194fb,prd1176,Overseas Equity Fund,Investment,Personal,11827.44,1,USD,branchid:11101
286b66c0-4be2-11ea-8fe9-b88a60e194fb-1,2020-01-15T09:26:47.000Z,crmid:8180300431,286b66c0-4be2-11ea-8fe9-b88a60e194fb,prd1041,Mortgage: 7/1 ARM,Mortgage,Personal,4134362.42,1,USD,branchid:11119
286c2a90-4be2-11ea-8ff6-b88a60e194fb-1,2020-01-02T17:26:26.000Z,crmid:8972581072,286c2a90-4be2-11ea-8ff6-b88a60e194fb,prd1129,Mortgage: 10/1 ARM,Mortgage,Personal,14840.77,1,USD,branchid:11116
286d3c1e-4be2-11ea-89a0-b88a60e194fb-1,2020-01-11T08:25:51.000Z,crmid:4531335594,286d3c1e-4be2-11ea-89a0-b88a60e194fb,prd1021,CDs: 5 year,Investment,Personal,213310.04,1,USD,branchid:11106
286e749c-4be2-11ea-a3a9-b88a60e194fb-1,2020-01-19T08:54:24.000Z,crmid:8931668921,286e749c-4be2-11ea-a3a9-b88a60e194fb,prd1181,Mortgage: 5/1 ARM,Mortgage,Personal,329911.85,1,USD,branchid:11130
286f5ed0-4be2-11ea-8579-b88a60e194fb-1,2020-01-14T14:45:51.000Z,crmid:2180447822,286f5ed0-4be2-11ea-8579-b88a60e194fb,prd1123,Mortgage: 10 yr Fixed,Mortgage,Personal,132519.99,1,USD,branchid:11118
28fe5700-4be2-11ea-9b42-b88a60e194fb-1,2020-01-21T05:49:20.000Z,crmid:1850180897,28fe5700-4be2-11ea-9b42-b88a60e194fb,prd1046,Mortgage: VA,Mortgage,Personal,14449.69,1,USD,branchid:11083
28ff42a6-4be2-11ea-9b98-b88a60e194fb-1,2020-01-10T21:22:42.000Z,crmid:2300552134,28ff42a6-4be2-11ea-9b98-b88a60e194fb,prd1183,Fixed Deposit,Investment,Personal,12556.69,1,USD,branchid:11108
290005b6-4be2-11ea-a0e1-b88a60e194fb-1,2020-01-29T04:15:32.000Z,crmid:6106988713,290005b6-4be2-11ea-a0e1-b88a60e194fb,prd1150,Money Market,Investment,Personal,17492.86,1,USD,branchid:11038
2900eef4-4be2-11ea-ab30-b88a60e194fb-1,2020-01-06T13:11:44.000Z,crmid:4546202753,2900eef4-4be2-11ea-ab30-b88a60e194fb,prd1078,Mortgage: 7/1 ARM,Mortgage,Personal,14215.05,1,USD,branchid:11130
2902009e-4be2-11ea-b55e-b88a60e194fb-1,2020-01-01T16:46:42.000Z,crmid:6864746269,2902009e-4be2-11ea-b55e-b88a60e194fb,prd1062,Mortgage: VA,Mortgage,Personal,12323.97,1,USD,branchid:11133
2902c502-4be2-11ea-822d-b88a60e194fb-1,2020-01-30T13:10:14.000Z,crmid:6646174548,2902c502-4be2-11ea-822d-b88a60e194fb,prd1029,401k,Retirement,Personal,14772.93,1,USD,branchid:11041
29038850-4be2-11ea-93a7-b88a60e194fb-1,2020-01-12T02:27:21.000Z,crmid:5710305219,29038850-4be2-11ea-93a7-b88a60e194fb,prd1062,Mortgage: VA,Mortgage,Personal,15060.15,1,USD,branchid:11150
290498ca-4be2-11ea-92ad-b88a60e194fb-1,2020-01-25T03:08:44.000Z,crmid:1835245606,290498ca-4be2-11ea-92ad-b88a60e194fb,prd1046,Mortgage: VA,Mortgage,Personal,159040.26,1,USD,branchid:11111
29055cf6-4be2-11ea-a520-b88a60e194fb-1,2020-01-09T19:22:36.000Z,crmid:3996377653,29055cf6-4be2-11ea-a520-b88a60e194fb,prd1064,CDs: 3 month,Investment,Personal,218719.16,1,USD,branchid:11149
29064630-4be2-11ea-8fde-b88a60e194fb-1,2020-01-30T12:08:08.000Z,crmid:2099332162,29064630-4be2-11ea-8fde-b88a60e194fb,prd1175,401k,Retirement,Personal,12263.09,1,USD,branchid:11090
29073080-4be2-11ea-9987-b88a60e194fb-1,2020-01-14T12:22:29.000Z,crmid:7444968521,29073080-4be2-11ea-9987-b88a60e194fb,prd1189,Overseas Equity Fund,Investment,Personal,9490.46,1,USD,branchid:11022
299540e8-4be2-11ea-b77d-b88a60e194fb-1,2020-01-04T04:49:20.000Z,crmid:9638250320,299540e8-4be2-11ea-b77d-b88a60e194fb,prd1032,Home Equity Loan,Mortgage,Personal,16232.41,1,USD,branchid:11013
29965100-4be2-11ea-be4b-b88a60e194fb-1,2020-01-02T07:34:15.000Z,crmid:7631896384,29965100-4be2-11ea-be4b-b88a60e194fb,prd1053,Mortgage: VA,Mortgage,Personal,4017450.58,1,USD,branchid:11084
299715a8-4be2-11ea-aaec-b88a60e194fb-1,2020-01-02T13:51:24.000Z,crmid:8402064364,299715a8-4be2-11ea-aaec-b88a60e194fb,prd1167,Roth IRA,Retirement,Personal,307005.83,1,USD,branchid:11144
2997ff9c-4be2-11ea-8563-b88a60e194fb-1,2020-01-03T12:57:39.000Z,crmid:2987921825,2997ff9c-4be2-11ea-8563-b88a60e194fb,prd1021,CDs: 5 year,Investment,Personal,20627.18,1,USD,branchid:11149
2998e8e2-4be2-11ea-a975-b88a60e194fb-1,2020-01-12T14:38:34.000Z,crmid:1246764396,2998e8e2-4be2-11ea-a975-b88a60e194fb,prd1045,Mortgage: 10/1 ARM,Mortgage,Personal,17243.19,1,USD,branchid:11039
2999ad98-4be2-11ea-a686-b88a60e194fb-1,2020-01-10T10:09:44.000Z,crmid:9226334928,2999ad98-4be2-11ea-a686-b88a60e194fb,prd1183,Fixed Deposit,Investment,Personal,269786.64,1,USD,branchid:11045
299a97ba-4be2-11ea-b3b6-b88a60e194fb-1,2020-01-01T05:54:39.000Z,crmid:4114824762,299a97ba-4be2-11ea-b3b6-b88a60e194fb,prd1129,Mortgage: 10/1 ARM,Mortgage,Personal,235748.99,1,USD,branchid:11109
299b81fe-4be2-11ea-98f1-b88a60e194fb-1,2020-01-07T17:12:24.000Z,crmid:4728119136,299b81fe-4be2-11ea-98f1-b88a60e194fb,prd1183,Fixed Deposit,Investment,Personal,4799920.82,1,USD,branchid:11030
299c4558-4be2-11ea-98ae-b88a60e194fb-1,2020-01-28T15:42:30.000Z,crmid:4960592672,299c4558-4be2-11ea-98ae-b88a60e194fb,prd1028,CDs: 1 year,Investment,Personal,167312.78,1,USD,branchid:11150
299d2ec2-4be2-11ea-9130-b88a60e194fb-1,2020-01-20T12:08:18.000Z,crmid:8484960724,299d2ec2-4be2-11ea-9130-b88a60e194fb,prd1121,Mortgage: 30-yr Fixed,Mortgage,Personal,221668.41,1,USD,branchid:11066
2a276d0c-4be2-11ea-b2c7-b88a60e194fb-1,2020-01-10T05:51:09.000Z,crmid:3165417383,2a276d0c-4be2-11ea-b2c7-b88a60e194fb,prd1139,Employee Stock Purchase Plans,Investment,Personal,14503.84,1,USD,branchid:11124
2a287e76-4be2-11ea-83bd-b88a60e194fb-1,2020-01-19T17:29:22.000Z,crmid:9988332959,2a287e76-4be2-11ea-83bd-b88a60e194fb,prd1061,Mortgage: 5/1 ARM,Mortgage,Personal,12600.9,1,USD,branchid:11129
2a2968da-4be2-11ea-a5f9-b88a60e194fb-1,2020-01-31T03:29:00.000Z,crmid:7096123061,2a2968da-4be2-11ea-a5f9-b88a60e194fb,prd1061,Mortgage: 5/1 ARM,Mortgage,Personal,154585.96,1,USD,branchid:11051
2a2a2c24-4be2-11ea-9ccc-b88a60e194fb-1,2020-01-03T12:12:48.000Z,crmid:4281777995,2a2a2c24-4be2-11ea-9ccc-b88a60e194fb,prd1129,Mortgage: 10/1 ARM,Mortgage,Personal,18525.47,1,USD,branchid:11129
2a2aef7a-4be2-11ea-a4e7-b88a60e194fb-1,2020-01-18T01:20:45.000Z,crmid:9748592305,2a2aef7a-4be2-11ea-a4e7-b88a60e194fb,prd1172,Employee Stock Purchase Plans,Investment,Personal,9539.28,1,USD,branchid:11020
2a2bd9d0-4be2-11ea-88cd-b88a60e194fb-1,2020-01-24T17:43:40.000Z,crmid:5575855406,2a2bd9d0-4be2-11ea-88cd-b88a60e194fb,prd1121,Mortgage: 30-yr Fixed,Mortgage,Personal,192150.19,1,USD,branchid:11008
2a2cc42e-4be2-11ea-8109-b88a60e194fb-1,2020-01-03T21:37:31.000Z,crmid:2194833850,2a2cc42e-4be2-11ea-8109-b88a60e194fb,prd1111,Pension Account,Retirement,Personal,148473.3,1,USD,branchid:11121
2a2d877a-4be2-11ea-b663-b88a60e194fb-1,2020-01-03T09:40:51.000Z,crmid:4832585033,2a2d877a-4be2-11ea-b663-b88a60e194fb,prd1014,CDs: 3 month,Investment,Personal,14451.43,1,USD,branchid:11122
2a2e71ec-4be2-11ea-962d-b88a60e194fb-1,2020-01-21T02:47:35.000Z,crmid:4427121503,2a2e71ec-4be2-11ea-962d-b88a60e194fb,prd1150,Money Market,Investment,Personal,260138.62,1,USD,branchid:11097
2a2f5c42-4be2-11ea-8a20-b88a60e194fb-1,2020-01-07T02:47:31.000Z,crmid:5913816775,2a2f5c42-4be2-11ea-8a20-b88a60e194fb,prd1110,Traditional IRA,Retirement,Personal,207594.9,1,USD,branchid:11129
2a301f94-4be2-11ea-8520-b88a60e194fb-1,2020-01-28T16:26:25.000Z,crmid:2947783364,2a301f94-4be2-11ea-8520-b88a60e194fb,prd1114,CDs: 3 month,Investment,Personal,14469.25,1,USD,branchid:11020
2abe55c2-4be2-11ea-b6bf-b88a60e194fb-1,2020-01-01T14:53:51.000Z,crmid:9634415357,2abe55c2-4be2-11ea-b6bf-b88a60e194fb,prd1033,Fixed Deposit,Investment,Personal,246353.86,1,USD,branchid:11106
2abf4038-4be2-11ea-84d4-b88a60e194fb-1,2020-01-23T05:53:59.000Z,crmid:7343284774,2abf4038-4be2-11ea-84d4-b88a60e194fb,prd1157,Brokerage Account,Investment,Personal,208410.13,1,USD,branchid:11138
2ac02a86-4be2-11ea-aedf-b88a60e194fb-1,2020-01-08T14:57:37.000Z,crmid:2332925796,2ac02a86-4be2-11ea-aedf-b88a60e194fb,prd1117,Brokerage Account,Investment,Personal,10549.53,1,USD,branchid:11137
2ac0ede2-4be2-11ea-a740-b88a60e194fb-1,2020-01-31T10:57:48.000Z,crmid:3576768913,2ac0ede2-4be2-11ea-a740-b88a60e194fb,prd1108,401k,Retirement,Personal,128997.19,1,USD,branchid:11111
2ac1d83a-4be2-11ea-84f5-b88a60e194fb-1,2020-01-09T17:50:57.000Z,crmid:2233871899,2ac1d83a-4be2-11ea-84f5-b88a60e194fb,prd1174,Traditional IRA,Retirement,Personal,207144.92,1,USD,branchid:11044
2ac29b74-4be2-11ea-9fe9-b88a60e194fb-1,2020-01-16T17:42:55.000Z,crmid:8678166600,2ac29b74-4be2-11ea-9fe9-b88a60e194fb,prd1087,Overseas Equity Fund,Investment,Personal,15453.67,1,USD,branchid:11130
2ac35ec8-4be2-11ea-8ba6-b88a60e194fb-1,2020-01-04T15:05:34.000Z,crmid:6279651703,2ac35ec8-4be2-11ea-8ba6-b88a60e194fb,prd1176,Overseas Equity Fund,Investment,Personal,17173.89,1,USD,branchid:11105
2ac42210-4be2-11ea-83b0-b88a60e194fb-1,2020-01-10T19:13:46.000Z,crmid:1577487277,2ac42210-4be2-11ea-83b0-b88a60e194fb,prd1101,Mortgage: 5/1 ARM,Mortgage,Personal,124880.9,1,USD,branchid:11018
2ac5335a-4be2-11ea-a7f5-b88a60e194fb-1,2020-01-10T07:39:01.000Z,crmid:1459227201,2ac5335a-4be2-11ea-a7f5-b88a60e194fb,prd1025,Brokerage Account,Investment,Personal,11481.21,1,USD,branchid:11043
2ac5f6ae-4be2-11ea-b9c7-b88a60e194fb-1,2020-01-22T14:58:12.000Z,crmid:3928595338,2ac5f6ae-4be2-11ea-b9c7-b88a60e194fb,prd1114,CDs: 3 month,Investment,Personal,17358.94,1,USD,branchid:11054
2b511f7e-4be2-11ea-82fc-b88a60e194fb-1,2020-01-29T16:00:33.000Z,crmid:1116398008,2b511f7e-4be2-11ea-82fc-b88a60e194fb,prd1024,Mortgage: FHA,Mortgage,Personal,14764.94,1,USD,branchid:11005
2b51e438-4be2-11ea-971b-b88a60e194fb-1,2020-01-07T23:36:36.000Z,crmid:7844010822,2b51e438-4be2-11ea-971b-b88a60e194fb,prd1097,Employee Stock Purchase Plans,Investment,Personal,304300.5,1,USD,branchid:11089
2b52a782-4be2-11ea-aa5d-b88a60e194fb-1,2020-01-03T03:26:55.000Z,crmid:4553404214,2b52a782-4be2-11ea-aa5d-b88a60e194fb,prd1083,Pension Account,Retirement,Personal,2644364.79,1,USD,branchid:11004
2b53b8ae-4be2-11ea-be42-b88a60e194fb-1,2020-01-03T04:42:30.000Z,crmid:4399051398,2b53b8ae-4be2-11ea-be42-b88a60e194fb,prd1033,Fixed Deposit,Investment,Personal,11049.46,1,USD,branchid:11115
2b54a354-4be2-11ea-9b58-b88a60e194fb-1,2020-01-08T06:33:25.000Z,crmid:3613913124,2b54a354-4be2-11ea-9b58-b88a60e194fb,prd1073,Business Brokerage Account,Investment,Business,14657.15,1,USD,branchid:11097
2b55da74-4be2-11ea-8866-b88a60e194fb-1,2020-01-10T14:57:19.000Z,crmid:3267734571,2b55da74-4be2-11ea-8866-b88a60e194fb,prd1026,Mortgage: 5/1 ARM,Mortgage,Personal,194364.84,1,USD,branchid:11112
2b56c506-4be2-11ea-94ec-b88a60e194fb-1,2020-01-11T15:34:16.000Z,crmid:5559888633,2b56c506-4be2-11ea-94ec-b88a60e194fb,prd1174,Traditional IRA,Retirement,Personal,171629.61,1,USD,branchid:11002
2b5789a2-4be2-11ea-926b-b88a60e194fb-1,2020-01-24T23:53:32.000Z,crmid:7065165329,2b5789a2-4be2-11ea-926b-b88a60e194fb,prd1087,Overseas Equity Fund,Investment,Personal,17030.64,1,USD,branchid:11080
2b584c42-4be2-11ea-bc94-b88a60e194fb-1,2020-01-20T06:03:57.000Z,crmid:5142589668,2b584c42-4be2-11ea-bc94-b88a60e194fb,prd1148,Mortgage: 10/1 ARM,Mortgage,Personal,20294.25,1,USD,branchid:11038
2b593724-4be2-11ea-aa5e-b88a60e194fb-1,2020-01-05T04:03:16.000Z,crmid:8844623687,2b593724-4be2-11ea-aa5e-b88a60e194fb,prd1148,Mortgage: 10/1 ARM,Mortgage,Personal,4410509.08,1,USD,branchid:11108
2b59fa7a-4be2-11ea-81c4-b88a60e194fb-1,2020-01-16T19:36:45.000Z,crmid:8055518289,2b59fa7a-4be2-11ea-81c4-b88a60e194fb,prd1088,CDs: 1 year,Investment,Personal,11196.52,1,USD,branchid:11126
2be57042-4be2-11ea-83ac-b88a60e194fb-1,2020-01-06T05:26:59.000Z,crmid:4754502039,2be57042-4be2-11ea-83ac-b88a60e194fb,prd1021,CDs: 5 year,Investment,Personal,165547.61,1,USD,branchid:11135
2be65a6e-4be2-11ea-9500-b88a60e194fb-1,2020-01-04T04:57:48.000Z,crmid:8538138664,2be65a6e-4be2-11ea-9500-b88a60e194fb,prd1153,CDs: 1 year,Investment,Personal,15527.02,1,USD,branchid:11116
2be74630-4be2-11ea-a74f-b88a60e194fb-1,2020-01-15T19:06:49.000Z,crmid:3701947208,2be74630-4be2-11ea-a74f-b88a60e194fb,prd1174,Traditional IRA,Retirement,Personal,4204819.44,1,USD,branchid:11081
2be80962-4be2-11ea-9a38-b88a60e194fb-1,2020-01-07T02:12:27.000Z,crmid:6308144100,2be80962-4be2-11ea-9a38-b88a60e194fb,prd1154,Mortgage: 30-yr Fixed,Mortgage,Personal,241259.22,1,USD,branchid:11009
2be8ccc8-4be2-11ea-b5f3-b88a60e194fb-1,2020-01-18T14:14:41.000Z,crmid:3211332559,2be8ccc8-4be2-11ea-b5f3-b88a60e194fb,prd1008,Traditional IRA,Retirement,Personal,211283.32,1,USD,branchid:11026
2be9b724-4be2-11ea-9391-b88a60e194fb-1,2020-01-20T18:39:04.000Z,crmid:1578919082,2be9b724-4be2-11ea-9391-b88a60e194fb,prd1073,Business Brokerage Account,Investment,Business,18287.48,1,USD,branchid:11098
2bea7ac2-4be2-11ea-a44b-b88a60e194fb-1,2020-01-14T02:10:52.000Z,crmid:9781237998,2bea7ac2-4be2-11ea-a44b-b88a60e194fb,prd1041,Mortgage: 7/1 ARM,Mortgage,Personal,280323.92,1,USD,branchid:11062
2beb3dc0-4be2-11ea-94b1-b88a60e194fb-1,2020-01-01T10:52:50.000Z,crmid:3593798115,2beb3dc0-4be2-11ea-94b1-b88a60e194fb,prd1184,Fixed Deposit,Investment,Personal,184921.08,1,USD,branchid:11035
2bec26c6-4be2-11ea-a6e6-b88a60e194fb-1,2020-01-23T19:05:15.000Z,crmid:3511807053,2bec26c6-4be2-11ea-a6e6-b88a60e194fb,prd1073,Business Brokerage Account,Investment,Business,4228285.39,1,USD,branchid:11117
2bed127a-4be2-11ea-9532-b88a60e194fb-1,2020-01-03T15:28:02.000Z,crmid:4769298134,2bed127a-4be2-11ea-9532-b88a60e194fb,prd1121,Mortgage: 30-yr Fixed,Mortgage,Personal,3727819.25,1,USD,branchid:11102
2bedd5cc-4be2-11ea-8ce3-b88a60e194fb-1,2020-01-02T10:43:58.000Z,crmid:3200883694,2bedd5cc-4be2-11ea-8ce3-b88a60e194fb,prd1139,Employee Stock Purchase Plans,Investment,Personal,231427.89,1,USD,branchid:11147
2c7bbc6e-4be2-11ea-b3a5-b88a60e194fb-1,2020-01-10T22:47:22.000Z,crmid:2735847831,2c7bbc6e-4be2-11ea-b3a5-b88a60e194fb,prd1028,CDs: 1 year,Investment,Personal,16582.73,1,USD,branchid:11105
2c7ccdd4-4be2-11ea-a390-b88a60e194fb-1,2020-01-10T10:53:23.000Z,crmid:3083060842,2c7ccdd4-4be2-11ea-a390-b88a60e194fb,prd1073,Business Brokerage Account,Investment,Business,16204.56,1,USD,branchid:11068
2c7ddf3a-4be2-11ea-b950-b88a60e194fb-1,2020-01-24T05:16:59.000Z,crmid:1216933643,2c7ddf3a-4be2-11ea-b950-b88a60e194fb,prd1120,Mortgage: 10/1 ARM,Mortgage,Personal,116869.34,1,USD,branchid:11134
2c7ea280-4be2-11ea-a682-b88a60e194fb-1,2020-01-28T19:26:21.000Z,crmid:3658001051,2c7ea280-4be2-11ea-a682-b88a60e194fb,prd1035,Pension Account,Retirement,Personal,12236.09,1,USD,branchid:11070
2c7f65ca-4be2-11ea-a219-b88a60e194fb-1,2020-01-24T09:07:04.000Z,crmid:3903849115,2c7f65ca-4be2-11ea-a219-b88a60e194fb,prd1046,Mortgage: VA,Mortgage,Personal,4864654.02,1,USD,branchid:11017
2c80291c-4be2-11ea-80f1-b88a60e194fb-1,2020-01-30T04:09:13.000Z,crmid:6318416937,2c80291c-4be2-11ea-80f1-b88a60e194fb,prd1174,Traditional IRA,Retirement,Personal,18327.67,1,USD,branchid:11112
2c80ec68-4be2-11ea-83d4-b88a60e194fb-1,2020-01-26T10:57:48.000Z,crmid:2698054988,2c80ec68-4be2-11ea-83d4-b88a60e194fb,prd1124,CDs: 5 year,Investment,Personal,229212.77,1,USD,branchid:11019
2c81d6c8-4be2-11ea-914e-b88a60e194fb-1,2020-01-19T02:45:59.000Z,crmid:3046766740,2c81d6c8-4be2-11ea-914e-b88a60e194fb,prd1155,CDs: 5 year,Investment,Personal,4873520.04,1,USD,branchid:11029
2c82e824-4be2-11ea-87b7-b88a60e194fb-1,2020-01-15T12:22:49.000Z,crmid:5903286471,2c82e824-4be2-11ea-87b7-b88a60e194fb,prd1154,Mortgage: 30-yr Fixed,Mortgage,Personal,13254.16,1,USD,branchid:11145
2c83ab88-4be2-11ea-baac-b88a60e194fb-1,2020-01-31T18:39:58.000Z,crmid:5498669492,2c83ab88-4be2-11ea-baac-b88a60e194fb,prd1034,Home Equity Loan,Mortgage,Personal,17847.18,1,USD,branchid:11020
2d21253a-4be2-11ea-a0d5-b88a60e194fb-1,2020-01-14T16:09:09.000Z,crmid:2512344728,2d21253a-4be2-11ea-a0d5-b88a60e194fb,prd1014,CDs: 3 month,Investment,Personal,10688.23,1,USD,branchid:11110
2d220e74-4be2-11ea-9eb1-b88a60e194fb-1,2020-01-02T03:02:20.000Z,crmid:1953908364,2d220e74-4be2-11ea-9eb1-b88a60e194fb,prd1032,Home Equity Loan,Mortgage,Personal,195222.14,1,USD,branchid:11075
2d22f9dc-4be2-11ea-aac8-b88a60e194fb-1,2020-01-27T02:03:08.000Z,crmid:5745762152,2d22f9dc-4be2-11ea-aac8-b88a60e194fb,prd1131,Employee Stock Purchase Plans,Investment,Personal,220063.36,1,USD,branchid:11112
2d23e2f4-4be2-11ea-b6c3-b88a60e194fb-1,2020-01-10T11:44:06.000Z,crmid:2260562905,2d23e2f4-4be2-11ea-b6c3-b88a60e194fb,prd1139,Employee Stock Purchase Plans,Investment,Personal,210317.69,1,USD,branchid:11081
2d24cd4c-4be2-11ea-878d-b88a60e194fb-1,2020-01-14T23:11:21.000Z,crmid:7513261960,2d24cd4c-4be2-11ea-878d-b88a60e194fb,prd1115,Mortgage: VA,Mortgage,Personal,239049.11,1,USD,branchid:11024
2d2591f4-4be2-11ea-ba85-b88a60e194fb-1,2020-01-16T01:42:34.000Z,crmid:1777251115,2d2591f4-4be2-11ea-ba85-b88a60e194fb,prd1174,Traditional IRA,Retirement,Personal,3758484.13,1,USD,branchid:11047
2d265562-4be2-11ea-9756-b88a60e194fb-1,2020-01-09T01:12:46.000Z,crmid:1483050337,2d265562-4be2-11ea-9756-b88a60e194fb,prd1014,CDs: 3 month,Investment,Personal,21951.02,1,USD,branchid:11149
2d273fa8-4be2-11ea-9efa-b88a60e194fb-1,2020-01-05T11:48:40.000Z,crmid:7757333603,2d273fa8-4be2-11ea-9efa-b88a60e194fb,prd1079,Mortgage: 30-yr Fixed,Mortgage,Personal,4303476.17,1,USD,branchid:11047
2d2801b0-4be2-11ea-9a84-b88a60e194fb-1,2020-01-06T03:54:28.000Z,crmid:8119104409,2d2801b0-4be2-11ea-9a84-b88a60e194fb,prd1172,Employee Stock Purchase Plans,Investment,Personal,18746.67,1,USD,branchid:11023
2d289f34-4be2-11ea-a47e-b88a60e194fb-1,2020-01-04T13:19:26.000Z,crmid:4616129720,2d289f34-4be2-11ea-a47e-b88a60e194fb,prd1021,CDs: 5 year,Investment,Personal,19729.33,1,USD,branchid:11050
2db43bda-4be2-11ea-a34c-b88a60e194fb-1,2020-01-23T23:38:50.000Z,crmid:4635453793,2db43bda-4be2-11ea-a34c-b88a60e194fb,prd1047,Mortgage: 10 yr Fixed,Mortgage,Personal,15157.39,1,USD,branchid:11109
2db52670-4be2-11ea-ad42-b88a60e194fb-1,2020-01-09T00:20:23.000Z,crmid:7304425444,2db52670-4be2-11ea-ad42-b88a60e194fb,prd1155,CDs: 5 year,Investment,Personal,11945.66,1,USD,branchid:11128
2db611ac-4be2-11ea-b4d3-b88a60e194fb-1,2020-01-10T11:17:02.000Z,crmid:6998069912,2db611ac-4be2-11ea-b4d3-b88a60e194fb,prd1026,Mortgage: 5/1 ARM,Mortgage,Personal,21076.74,1,USD,branchid:11113
2db6d5cc-4be2-11ea-b85b-b88a60e194fb-1,2020-01-01T22:59:15.000Z,crmid:6720004778,2db6d5cc-4be2-11ea-b85b-b88a60e194fb,prd1129,Mortgage: 10/1 ARM,Mortgage,Personal,16261.01,1,USD,branchid:11101
2db77186-4be2-11ea-8caf-b88a60e194fb-1,2020-01-23T17:41:41.000Z,crmid:6224800570,2db77186-4be2-11ea-8caf-b88a60e194fb,prd1167,Roth IRA,Retirement,Personal,11354.89,1,USD,branchid:11025
2db88266-4be2-11ea-b556-b88a60e194fb-1,2020-01-14T19:52:24.000Z,crmid:8692811456,2db88266-4be2-11ea-b556-b88a60e194fb,prd1115,Mortgage: VA,Mortgage,Personal,164018.04,1,USD,branchid:11017
2db94652-4be2-11ea-964f-b88a60e194fb-1,2020-01-25T11:49:42.000Z,crmid:1240163868,2db94652-4be2-11ea-964f-b88a60e194fb,prd1062,Mortgage: VA,Mortgage,Personal,15260.38,1,USD,branchid:11111
2dba2f3e-4be2-11ea-ab86-b88a60e194fb-1,2020-01-25T09:41:57.000Z,crmid:8686412123,2dba2f3e-4be2-11ea-ab86-b88a60e194fb,prd1181,Mortgage: 5/1 ARM,Mortgage,Personal,11942.84,1,USD,branchid:11148
2dbb19b0-4be2-11ea-8b34-b88a60e194fb-1,2020-01-12T08:18:54.000Z,crmid:9423735991,2dbb19b0-4be2-11ea-8b34-b88a60e194fb,prd1139,Employee Stock Purchase Plans,Investment,Personal,13566.29,1,USD,branchid:11079
2dbbde48-4be2-11ea-b457-b88a60e194fb-1,2020-01-30T13:19:00.000Z,crmid:6754837553,2dbbde48-4be2-11ea-b457-b88a60e194fb,prd1056,CDs: 5 year,Investment,Personal,12069.15,1,USD,branchid:11010
2dbca19c-4be2-11ea-91eb-b88a60e194fb-1,2020-01-21T18:28:10.000Z,crmid:7675009052,2dbca19c-4be2-11ea-91eb-b88a60e194fb,prd1073,Business Brokerage Account,Investment,Business,16191.77,1,USD,branchid:11023
2e562100-4be2-11ea-b6d1-b88a60e194fb-1,2020-01-20T01:13:46.000Z,crmid:5721411200,2e562100-4be2-11ea-b6d1-b88a60e194fb,prd1157,Brokerage Account,Investment,Personal,15328.99,1,USD,branchid:11118
2e56e44c-4be2-11ea-a9ad-b88a60e194fb-1,2020-01-09T05:59:36.000Z,crmid:2567709195,2e56e44c-4be2-11ea-a9ad-b88a60e194fb,prd1172,Employee Stock Purchase Plans,Investment,Personal,13988.44,1,USD,branchid:11094
2e57a798-4be2-11ea-a209-b88a60e194fb-1,2020-01-02T01:23:02.000Z,crmid:9370406355,2e57a798-4be2-11ea-a209-b88a60e194fb,prd1024,Mortgage: FHA,Mortgage,Personal,14900.05,1,USD,branchid:11084
2e5891cc-4be2-11ea-bd93-b88a60e194fb-1,2020-01-07T06:59:28.000Z,crmid:9050135752,2e5891cc-4be2-11ea-bd93-b88a60e194fb,prd1167,Roth IRA,Retirement,Personal,15352.77,1,USD,branchid:11076
2e597c46-4be2-11ea-90c9-b88a60e194fb-1,2020-01-26T01:35:31.000Z,crmid:5994266743,2e597c46-4be2-11ea-90c9-b88a60e194fb,prd1110,Traditional IRA,Retirement,Personal,232426.44,1,USD,branchid:11033
2e5a8e48-4be2-11ea-a10f-b88a60e194fb-1,2020-01-02T16:42:38.000Z,crmid:6429097900,2e5a8e48-4be2-11ea-a10f-b88a60e194fb,prd1008,Traditional IRA,Retirement,Personal,15124.31,1,USD,branchid:11053
2e5b9f08-4be2-11ea-bd6b-b88a60e194fb-1,2020-01-26T19:47:30.000Z,crmid:1082547328,2e5b9f08-4be2-11ea-bd6b-b88a60e194fb,prd1117,Brokerage Account,Investment,Personal,240737.52,1,USD,branchid:11076
2e5c896c-4be2-11ea-b407-b88a60e194fb-1,2020-01-11T23:01:33.000Z,crmid:5374668529,2e5c896c-4be2-11ea-b407-b88a60e194fb,prd1108,401k,Retirement,Personal,18345.08,1,USD,branchid:11030
2e5dc1ee-4be2-11ea-bdb9-b88a60e194fb-1,2020-01-21T02:48:14.000Z,crmid:4492456204,2e5dc1ee-4be2-11ea-bdb9-b88a60e194fb,prd1068,Mortgage: 7/1 ARM,Mortgage,Personal,218229.5,1,USD,branchid:11013
2e5f22f8-4be2-11ea-88de-b88a60e194fb-1,2020-01-21T14:27:44.000Z,crmid:7338442433,2e5f22f8-4be2-11ea-88de-b88a60e194fb,prd1112,Fixed Deposit,Investment,Personal,186263.83,1,USD,branchid:11016
2e600c18-4be2-11ea-94a2-b88a60e194fb-1,2020-01-25T01:48:35.000Z,crmid:6211116084,2e600c18-4be2-11ea-94a2-b88a60e194fb,prd1186,Money Market,Investment,Personal,10720.4,1,USD,branchid:11088
2eeda738-4be2-11ea-a6b9-b88a60e194fb-1,2020-01-30T11:31:23.000Z,crmid:7176121469,2eeda738-4be2-11ea-a6b9-b88a60e194fb,prd1056,CDs: 5 year,Investment,Personal,18937.58,1,USD,branchid:11137
2eee903a-4be2-11ea-a43d-b88a60e194fb-1,2020-01-09T17:43:27.000Z,crmid:8129028259,2eee903a-4be2-11ea-a43d-b88a60e194fb,prd1175,401k,Retirement,Personal,196181.83,1,USD,branchid:11006
2eef7bdc-4be2-11ea-afa0-b88a60e194fb-1,2020-01-15T11:04:38.000Z,crmid:5310742448,2eef7bdc-4be2-11ea-afa0-b88a60e194fb,prd1123,Mortgage: 10 yr Fixed,Mortgage,Personal,220963.22,1,USD,branchid:11043
2ef0651e-4be2-11ea-9fc1-b88a60e194fb-1,2020-01-17T14:30:22.000Z,crmid:4829859012,2ef0651e-4be2-11ea-9fc1-b88a60e194fb,prd1062,Mortgage: VA,Mortgage,Personal,15605.82,1,USD,branchid:11077
2ef12926-4be2-11ea-88f1-b88a60e194fb-1,2020-01-19T12:20:34.000Z,crmid:7713609931,2ef12926-4be2-11ea-88f1-b88a60e194fb,prd1024,Mortgage: FHA,Mortgage,Personal,3856449.93,1,USD,branchid:11078
2ef1ec90-4be2-11ea-b829-b88a60e194fb-1,2020-01-11T15:14:37.000Z,crmid:6194743248,2ef1ec90-4be2-11ea-b829-b88a60e194fb,prd1174,Traditional IRA,Retirement,Personal,248053.39,1,USD,branchid:11005
2ef2aeb4-4be2-11ea-aeee-b88a60e194fb-1,2020-01-04T01:06:08.000Z,crmid:5337783122,2ef2aeb4-4be2-11ea-aeee-b88a60e194fb,prd1110,Traditional IRA,Retirement,Personal,16289.93,1,USD,branchid:11090
2ef3c024-4be2-11ea-820d-b88a60e194fb-1,2020-01-18T08:22:44.000Z,crmid:1058522126,2ef3c024-4be2-11ea-820d-b88a60e194fb,prd1049,Business Brokerage Account,Investment,Business,17058.27,1,USD,branchid:11063
2ef4836e-4be2-11ea-9482-b88a60e194fb-1,2020-01-05T09:51:40.000Z,crmid:4219695119,2ef4836e-4be2-11ea-9482-b88a60e194fb,prd1123,Mortgage: 10 yr Fixed,Mortgage,Personal,10224.58,1,USD,branchid:11071
2ef56dde-4be2-11ea-baab-b88a60e194fb-1,2020-01-26T08:55:41.000Z,crmid:5458015953,2ef56dde-4be2-11ea-baab-b88a60e194fb,prd1047,Mortgage: 10 yr Fixed,Mortgage,Personal,185166.92,1,USD,branchid:11026
2ef65828-4be2-11ea-afd2-b88a60e194fb-1,2020-01-12T20:42:31.000Z,crmid:1007129167,2ef65828-4be2-11ea-afd2-b88a60e194fb,prd1165,Roth IRA,Retirement,Personal,13334.98,1,USD,branchid:11092
2f829274-4be2-11ea-adce-b88a60e194fb-1,2020-01-11T14:25:13.000Z,crmid:3998536670,2f829274-4be2-11ea-adce-b88a60e194fb,prd1030,401k,Retirement,Personal,13433.17,1,USD,branchid:11142
2f837ccc-4be2-11ea-908e-b88a60e194fb-1,2020-01-07T03:24:25.000Z,crmid:8931440678,2f837ccc-4be2-11ea-908e-b88a60e194fb,prd1078,Mortgage: 7/1 ARM,Mortgage,Personal,195693.47,1,USD,branchid:11033
2f846728-4be2-11ea-8b07-b88a60e194fb-1,2020-01-15T05:30:10.000Z,crmid:2099837167,2f846728-4be2-11ea-8b07-b88a60e194fb,prd1108,401k,Retirement,Personal,19998.46,1,USD,branchid:11100
2f855192-4be2-11ea-9432-b88a60e194fb-1,2020-01-02T09:39:23.000Z,crmid:7310557498,2f855192-4be2-11ea-9432-b88a60e194fb,prd1041,Mortgage: 7/1 ARM,Mortgage,Personal,262664.38,1,USD,branchid:11123
2f8614da-4be2-11ea-9b3b-b88a60e194fb-1,2020-01-07T17:46:50.000Z,crmid:8856789070,2f8614da-4be2-11ea-9b3b-b88a60e194fb,prd1121,Mortgage: 30-yr Fixed,Mortgage,Personal,15411.35,1,USD,branchid:11047
2f86ff30-4be2-11ea-aaff-b88a60e194fb-1,2020-01-26T12:04:05.000Z,crmid:1758457463,2f86ff30-4be2-11ea-aaff-b88a60e194fb,prd1088,CDs: 1 year,Investment,Personal,259426.24,1,USD,branchid:11075
2f87c282-4be2-11ea-87ed-b88a60e194fb-1,2020-01-21T08:14:45.000Z,crmid:2975282732,2f87c282-4be2-11ea-87ed-b88a60e194fb,prd1073,Business Brokerage Account,Investment,Business,15883.08,1,USD,branchid:11052
2f8885d4-4be2-11ea-a5ed-b88a60e194fb-1,2020-01-09T20:44:36.000Z,crmid:4552817143,2f8885d4-4be2-11ea-a5ed-b88a60e194fb,prd1144,Home Equity Loan,Mortgage,Personal,228098.5,1,USD,branchid:11129
2f899734-4be2-11ea-9782-b88a60e194fb-1,2020-01-07T02:24:58.000Z,crmid:6541780784,2f899734-4be2-11ea-9782-b88a60e194fb,prd1060,Traditional IRA,Retirement,Personal,10688.77,1,USD,branchid:11058
2f8a81a6-4be2-11ea-b456-b88a60e194fb-1,2020-01-20T20:32:17.000Z,crmid:3262921306,2f8a81a6-4be2-11ea-b456-b88a60e194fb,prd1037,Home Equity Loan,Mortgage,Personal,14837.42,1,USD,branchid:11032
2f8b9350-4be2-11ea-86b9-b88a60e194fb-1,2020-01-29T17:55:39.000Z,crmid:5991733971,2f8b9350-4be2-11ea-86b9-b88a60e194fb,prd1114,CDs: 3 month,Investment,Personal,3670243.88,1,USD,branchid:11066
301eac98-4be2-11ea-b46f-b88a60e194fb-1,2020-01-12T16:50:46.000Z,crmid:8306262987,301eac98-4be2-11ea-b46f-b88a60e194fb,prd1101,Mortgage: 5/1 ARM,Mortgage,Personal,88559.95,1,USD,branchid:11101
301fbe08-4be2-11ea-a369-b88a60e194fb-1,2020-01-26T06:50:17.000Z,crmid:3514713552,301fbe08-4be2-11ea-a369-b88a60e194fb,prd1112,Fixed Deposit,Investment,Personal,16491.25,1,USD,branchid:11126
30208134-4be2-11ea-be9d-b88a60e194fb-1,2020-01-21T19:47:30.000Z,crmid:1444253675,30208134-4be2-11ea-be9d-b88a60e194fb,prd1041,Mortgage: 7/1 ARM,Mortgage,Personal,136899.45,1,USD,branchid:11007
3021449a-4be2-11ea-bd2d-b88a60e194fb-1,2020-01-16T01:26:19.000Z,crmid:1666192440,3021449a-4be2-11ea-bd2d-b88a60e194fb,prd1175,401k,Retirement,Personal,143293.99,1,USD,branchid:11126
302207f6-4be2-11ea-8d62-b88a60e194fb-1,2020-01-20T07:59:40.000Z,crmid:6471907563,302207f6-4be2-11ea-8d62-b88a60e194fb,prd1056,CDs: 5 year,Investment,Personal,14698.69,1,USD,branchid:11147
3022cb2e-4be2-11ea-b3f1-b88a60e194fb-1,2020-01-29T01:28:31.000Z,crmid:7574311210,3022cb2e-4be2-11ea-b3f1-b88a60e194fb,prd1185,Mortgage: FHA,Mortgage,Personal,196112.09,1,USD,branchid:11083
3023db6c-4be2-11ea-9c29-b88a60e194fb-1,2020-01-06T05:51:30.000Z,crmid:6947000415,3023db6c-4be2-11ea-9c29-b88a60e194fb,prd1108,401k,Retirement,Personal,249455.98,1,USD,branchid:11079
30249eb0-4be2-11ea-970d-b88a60e194fb-1,2020-01-22T14:29:57.000Z,crmid:6453682454,30249eb0-4be2-11ea-970d-b88a60e194fb,prd1125,Mortgage: FHA,Mortgage,Personal,3531303.08,1,USD,branchid:11105
30258906-4be2-11ea-a408-b88a60e194fb-1,2020-01-02T21:22:41.000Z,crmid:3184731164,30258906-4be2-11ea-a408-b88a60e194fb,prd1165,Roth IRA,Retirement,Personal,17206.65,1,USD,branchid:11076
30264c5e-4be2-11ea-9c71-b88a60e194fb-1,2020-01-08T07:52:38.000Z,crmid:7317467992,30264c5e-4be2-11ea-9c71-b88a60e194fb,prd1061,Mortgage: 5/1 ARM,Mortgage,Personal,176137.22,1,USD,branchid:11039
30b43428-4be2-11ea-9b1a-b88a60e194fb-1,2020-01-21T19:42:39.000Z,crmid:1082547328,30b43428-4be2-11ea-9b1a-b88a60e194fb,prd1034,Home Equity Loan,Mortgage,Personal,10238.65,1,USD,branchid:11076
30b4f8ec-4be2-11ea-b74b-b88a60e194fb-1,2020-01-01T04:04:49.000Z,crmid:1872526619,30b4f8ec-4be2-11ea-b74b-b88a60e194fb,prd1073,Business Brokerage Account,Investment,Business,229886.05,1,USD,branchid:11117
30b5e1ec-4be2-11ea-8637-b88a60e194fb-1,2020-01-14T05:37:08.000Z,crmid:2669994339,30b5e1ec-4be2-11ea-8637-b88a60e194fb,prd1186,Money Market,Investment,Personal,15133.54,1,USD,branchid:11092
30b6cda4-4be2-11ea-b1a4-b88a60e194fb-1,2020-01-13T22:52:47.000Z,crmid:1022191251,30b6cda4-4be2-11ea-b1a4-b88a60e194fb,prd1035,Pension Account,Retirement,Personal,10543.27,1,USD,branchid:11064
30b7901c-4be2-11ea-903c-b88a60e194fb-1,2020-01-21T18:47:58.000Z,crmid:1624956901,30b7901c-4be2-11ea-903c-b88a60e194fb,prd1088,CDs: 1 year,Investment,Personal,13403.81,1,USD,branchid:11145
30b87b5a-4be2-11ea-8f65-b88a60e194fb-1,2020-01-14T04:08:02.000Z,crmid:3234968606,30b87b5a-4be2-11ea-8f65-b88a60e194fb,prd1026,Mortgage: 5/1 ARM,Mortgage,Personal,15512.94,1,USD,branchid:11096
30b93eb0-4be2-11ea-9373-b88a60e194fb-1,2020-01-18T22:11:54.000Z,crmid:5920874389,30b93eb0-4be2-11ea-9373-b88a60e194fb,prd1176,Overseas Equity Fund,Investment,Personal,14389.89,1,USD,branchid:11120
30ba007a-4be2-11ea-8f16-b88a60e194fb-1,2020-01-22T02:38:19.000Z,crmid:7222793451,30ba007a-4be2-11ea-8f16-b88a60e194fb,prd1030,401k,Retirement,Personal,173399.76,1,USD,branchid:11062
30bb1200-4be2-11ea-893d-b88a60e194fb-1,2020-01-18T01:58:48.000Z,crmid:4390311404,30bb1200-4be2-11ea-893d-b88a60e194fb,prd1056,CDs: 5 year,Investment,Personal,142271.02,1,USD,branchid:11137
30bbd69e-4be2-11ea-aef0-b88a60e194fb-1,2020-01-24T06:39:17.000Z,crmid:1744017781,30bbd69e-4be2-11ea-aef0-b88a60e194fb,prd1046,Mortgage: VA,Mortgage,Personal,13489.5,1,USD,branchid:11096
30bcc1b6-4be2-11ea-b2e4-b88a60e194fb-1,2020-01-03T14:04:38.000Z,crmid:6880033930,30bcc1b6-4be2-11ea-b2e4-b88a60e194fb,prd1078,Mortgage: 7/1 ARM,Mortgage,Personal,13486.09,1,USD,branchid:11088
3148ac06-4be2-11ea-b9d5-b88a60e194fb-1,2020-01-25T13:07:16.000Z,crmid:3831419398,3148ac06-4be2-11ea-b9d5-b88a60e194fb,prd1078,Mortgage: 7/1 ARM,Mortgage,Personal,16968.36,1,USD,branchid:11125
3149961c-4be2-11ea-be90-b88a60e194fb-1,2020-01-21T10:00:59.000Z,crmid:2549847336,3149961c-4be2-11ea-be90-b88a60e194fb,prd1108,401k,Retirement,Personal,206816.01,1,USD,branchid:11142
314a81ee-4be2-11ea-a69f-b88a60e194fb-1,2020-01-18T04:40:51.000Z,crmid:6396730317,314a81ee-4be2-11ea-a69f-b88a60e194fb,prd1115,Mortgage: VA,Mortgage,Personal,17250.65,1,USD,branchid:11071
314b6af6-4be2-11ea-8b92-b88a60e194fb-1,2020-01-27T06:26:55.000Z,crmid:8620049743,314b6af6-4be2-11ea-8b92-b88a60e194fb,prd1013,Mortgage: FHA,Mortgage,Personal,169694.8,1,USD,branchid:11035
314c2f78-4be2-11ea-a216-b88a60e194fb-1,2020-01-19T20:38:03.000Z,crmid:5107890394,314c2f78-4be2-11ea-a216-b88a60e194fb,prd1183,Fixed Deposit,Investment,Personal,14057.84,1,USD,branchid:11117
314cf2c8-4be2-11ea-834f-b88a60e194fb-1,2020-01-14T04:06:16.000Z,crmid:8313769890,314cf2c8-4be2-11ea-834f-b88a60e194fb,prd1117,Brokerage Account,Investment,Personal,3820038.98,1,USD,branchid:11137
314db61e-4be2-11ea-ab88-b88a60e194fb-1,2020-01-28T10:55:01.000Z,crmid:1264840365,314db61e-4be2-11ea-ab88-b88a60e194fb,prd1097,Employee Stock Purchase Plans,Investment,Personal,15135.37,1,USD,branchid:11137
314eed4c-4be2-11ea-b705-b88a60e194fb-1,2020-01-06T07:56:59.000Z,crmid:9433110302,314eed4c-4be2-11ea-b705-b88a60e194fb,prd1008,Traditional IRA,Retirement,Personal,16365.6,1,USD,branchid:11133
314fd79e-4be2-11ea-a3eb-b88a60e194fb-1,2020-01-03T07:06:06.000Z,crmid:7739272198,314fd79e-4be2-11ea-a3eb-b88a60e194fb,prd1013,Mortgage: FHA,Mortgage,Personal,7540.11,1,USD,branchid:11043
3150c330-4be2-11ea-b556-b88a60e194fb-1,2020-01-15T04:17:31.000Z,crmid:3367242072,3150c330-4be2-11ea-b556-b88a60e194fb,prd1028,CDs: 1 year,Investment,Personal,4656874.01,1,USD,branchid:11002
315186ac-4be2-11ea-bed9-b88a60e194fb-1,2020-01-04T12:33:46.000Z,crmid:8315116725,315186ac-4be2-11ea-bed9-b88a60e194fb,prd1123,Mortgage: 10 yr Fixed,Mortgage,Personal,199886.61,1,USD,branchid:11133
31e16a9c-4be2-11ea-9442-b88a60e194fb-1,2020-01-13T01:20:36.000Z,crmid:5252110677,31e16a9c-4be2-11ea-9442-b88a60e194fb,prd1131,Employee Stock Purchase Plans,Investment,Personal,14623.38,1,USD,branchid:11020
31e27a86-4be2-11ea-ad5e-b88a60e194fb-1,2020-01-01T07:26:33.000Z,crmid:2074486383,31e27a86-4be2-11ea-ad5e-b88a60e194fb,prd1078,Mortgage: 7/1 ARM,Mortgage,Personal,16357.16,1,USD,branchid:11073
31e3664c-4be2-11ea-bd07-b88a60e194fb-1,2020-01-14T01:13:19.000Z,crmid:6808222160,31e3664c-4be2-11ea-bd07-b88a60e194fb,prd1155,CDs: 5 year,Investment,Personal,81947.05,1,USD,branchid:11092
31e44f52-4be2-11ea-a1ec-b88a60e194fb-1,2020-01-10T07:56:14.000Z,crmid:2262498109,31e44f52-4be2-11ea-a1ec-b88a60e194fb,prd1159,CDs: 3 month,Investment,Personal,16854.26,1,USD,branchid:11017
31e513d8-4be2-11ea-95ea-b88a60e194fb-1,2020-01-02T18:53:33.000Z,crmid:5048643852,31e513d8-4be2-11ea-95ea-b88a60e194fb,prd1042,Roth IRA,Retirement,Personal,133556.91,1,USD,branchid:11075
31e5d72c-4be2-11ea-a38f-b88a60e194fb-1,2020-01-01T10:19:55.000Z,crmid:6329430386,31e5d72c-4be2-11ea-a38f-b88a60e194fb,prd1181,Mortgage: 5/1 ARM,Mortgage,Personal,14459.83,1,USD,branchid:11118
31e6c046-4be2-11ea-a663-b88a60e194fb-1,2020-01-31T01:51:33.000Z,crmid:2685759571,31e6c046-4be2-11ea-a663-b88a60e194fb,prd1060,Traditional IRA,Retirement,Personal,235390.24,1,USD,branchid:11028
31e7848c-4be2-11ea-95e4-b88a60e194fb-1,2020-01-28T12:01:34.000Z,crmid:4748661154,31e7848c-4be2-11ea-95e4-b88a60e194fb,prd1032,Home Equity Loan,Mortgage,Personal,247652.55,1,USD,branchid:11038
31e86dd0-4be2-11ea-92d6-b88a60e194fb-1,2020-01-02T23:02:22.000Z,crmid:2539342351,31e86dd0-4be2-11ea-92d6-b88a60e194fb,prd1184,Fixed Deposit,Investment,Personal,14963.5,1,USD,branchid:11048
31e932cc-4be2-11ea-9cce-b88a60e194fb-1,2020-01-19T08:16:18.000Z,crmid:5013310162,31e932cc-4be2-11ea-9cce-b88a60e194fb,prd1046,Mortgage: VA,Mortgage,Personal,12095.71,1,USD,branchid:11014
31e9f5de-4be2-11ea-b456-b88a60e194fb-1,2020-01-15T01:48:37.000Z,crmid:2466688683,31e9f5de-4be2-11ea-b456-b88a60e194fb,prd1049,Business Brokerage Account,Investment,Business,15325.88,1,USD,branchid:11020
327a7492-4be2-11ea-a66c-b88a60e194fb-1,2020-01-21T18:52:53.000Z,crmid:6040422763,327a7492-4be2-11ea-a66c-b88a60e194fb,prd1159,CDs: 3 month,Investment,Personal,195093.55,1,USD,branchid:11127
327b604a-4be2-11ea-a5af-b88a60e194fb-1,2020-01-05T20:09:36.000Z,crmid:9111313391,327b604a-4be2-11ea-a5af-b88a60e194fb,prd1151,Mortgage: 10 yr Fixed,Mortgage,Personal,20071.03,1,USD,branchid:11057
327c236c-4be2-11ea-bb3e-b88a60e194fb-1,2020-01-30T00:28:18.000Z,crmid:5936520350,327c236c-4be2-11ea-bb3e-b88a60e194fb,prd1110,Traditional IRA,Retirement,Personal,16798.41,1,USD,branchid:11015
327d0c9c-4be2-11ea-92af-b88a60e194fb-1,2020-01-08T08:57:36.000Z,crmid:3998536670,327d0c9c-4be2-11ea-92af-b88a60e194fb,prd1025,Brokerage Account,Investment,Personal,12501.95,1,USD,branchid:11132
327e1df8-4be2-11ea-8e59-b88a60e194fb-1,2020-01-23T20:44:36.000Z,crmid:4450037161,327e1df8-4be2-11ea-8e59-b88a60e194fb,prd1027,Mortgage: 30-yr Fixed,Mortgage,Personal,12219.38,1,USD,branchid:11150
327ff2b0-4be2-11ea-af34-b88a60e194fb-1,2020-01-12T02:47:49.000Z,crmid:3302939104,327ff2b0-4be2-11ea-af34-b88a60e194fb,prd1046,Mortgage: VA,Mortgage,Personal,284672.85,1,USD,branchid:11145
32812c74-4be2-11ea-9575-b88a60e194fb-1,2020-01-22T09:02:56.000Z,crmid:5439173213,32812c74-4be2-11ea-9575-b88a60e194fb,prd1123,Mortgage: 10 yr Fixed,Mortgage,Personal,13572.69,1,USD,branchid:11067
3281ee8c-4be2-11ea-8874-b88a60e194fb-1,2020-01-28T02:00:43.000Z,crmid:4242711264,3281ee8c-4be2-11ea-8874-b88a60e194fb,prd1183,Fixed Deposit,Investment,Personal,13650.75,1,USD,branchid:11033
3282da06-4be2-11ea-ac85-b88a60e194fb-1,2020-01-17T01:29:26.000Z,crmid:6201510935,3282da06-4be2-11ea-ac85-b88a60e194fb,prd1045,Mortgage: 10/1 ARM,Mortgage,Personal,188476.4,1,USD,branchid:11038
3284114c-4be2-11ea-adbc-b88a60e194fb-1,2020-01-18T07:41:30.000Z,crmid:6645165651,3284114c-4be2-11ea-adbc-b88a60e194fb,prd1144,Home Equity Loan,Mortgage,Personal,14438.39,1,USD,branchid:11073
3318891c-4be2-11ea-966a-b88a60e194fb-1,2020-01-05T17:37:37.000Z,crmid:8045834450,3318891c-4be2-11ea-966a-b88a60e194fb,prd1083,Pension Account,Retirement,Personal,19399.48,1,USD,branchid:11147
331973ba-4be2-11ea-9e33-b88a60e194fb-1,2020-01-29T09:25:44.000Z,crmid:1902335463,331973ba-4be2-11ea-9e33-b88a60e194fb,prd1049,Business Brokerage Account,Investment,Business,13889.88,1,USD,branchid:11087
331a36c2-4be2-11ea-b2be-b88a60e194fb-1,2020-01-08T11:49:49.000Z,crmid:3033331506,331a36c2-4be2-11ea-b2be-b88a60e194fb,prd1068,Mortgage: 7/1 ARM,Mortgage,Personal,11788.04,1,USD,branchid:11041
331b2138-4be2-11ea-bf82-b88a60e194fb-1,2020-01-07T19:55:21.000Z,crmid:1411124408,331b2138-4be2-11ea-bf82-b88a60e194fb,prd1053,Mortgage: VA,Mortgage,Personal,12835.31,1,USD,branchid:11077
331c329a-4be2-11ea-b8e5-b88a60e194fb-1,2020-01-22T18:11:45.000Z,crmid:9774548679,331c329a-4be2-11ea-b8e5-b88a60e194fb,prd1148,Mortgage: 10/1 ARM,Mortgage,Personal,3486589.06,1,USD,branchid:11132
331cf5d2-4be2-11ea-9b45-b88a60e194fb-1,2020-01-04T11:24:05.000Z,crmid:5787494264,331cf5d2-4be2-11ea-9b45-b88a60e194fb,prd1131,Employee Stock Purchase Plans,Investment,Personal,19466.4,1,USD,branchid:11084
331de17a-4be2-11ea-9422-b88a60e194fb-1,2020-01-28T16:39:00.000Z,crmid:1209506838,331de17a-4be2-11ea-9422-b88a60e194fb,prd1077,Roth IRA,Retirement,Personal,15565.93,1,USD,branchid:11117
331eca74-4be2-11ea-9e9c-b88a60e194fb-1,2020-01-09T06:29:26.000Z,crmid:4199003117,331eca74-4be2-11ea-9e9c-b88a60e194fb,prd1148,Mortgage: 10/1 ARM,Mortgage,Personal,85214.27,1,USD,branchid:11005
331fdd4a-4be2-11ea-aeea-b88a60e194fb-1,2020-01-11T15:49:18.000Z,crmid:1329690130,331fdd4a-4be2-11ea-aeea-b88a60e194fb,prd1159,CDs: 3 month,Investment,Personal,17178.49,1,USD,branchid:11143
3320ed9c-4be2-11ea-82a4-b88a60e194fb-1,2020-01-11T00:04:47.000Z,crmid:7845727492,3320ed9c-4be2-11ea-82a4-b88a60e194fb,prd1173,Money Market,Investment,Personal,18004.74,1,USD,branchid:11113
3321d7be-4be2-11ea-a19f-b88a60e194fb-1,2020-01-14T11:33:00.000Z,crmid:7911497431,3321d7be-4be2-11ea-a19f-b88a60e194fb,prd1184,Fixed Deposit,Investment,Personal,288994.72,1,USD,branchid:11103
33ca9a88-4be2-11ea-b110-b88a60e194fb-1,2020-01-09T16:52:37.000Z,crmid:1898762469,33ca9a88-4be2-11ea-b110-b88a60e194fb,prd1125,Mortgage: FHA,Mortgage,Personal,9968.19,1,USD,branchid:11105
33cbd324-4be2-11ea-9db6-b88a60e194fb-1,2020-01-19T11:16:14.000Z,crmid:9415561787,33cbd324-4be2-11ea-9db6-b88a60e194fb,prd1111,Pension Account,Retirement,Personal,15929.26,1,USD,branchid:11066
33cce498-4be2-11ea-8b3e-b88a60e194fb-1,2020-01-13T18:38:18.000Z,crmid:9317276033,33cce498-4be2-11ea-8b3e-b88a60e194fb,prd1108,401k,Retirement,Personal,214948.41,1,USD,branchid:11149
33cdcefa-4be2-11ea-90ed-b88a60e194fb-1,2020-01-26T02:39:02.000Z,crmid:1515934234,33cdcefa-4be2-11ea-90ed-b88a60e194fb,prd1047,Mortgage: 10 yr Fixed,Mortgage,Personal,16970.23,1,USD,branchid:11067
33ceb94c-4be2-11ea-a403-b88a60e194fb-1,2020-01-24T18:18:35.000Z,crmid:8640146497,33ceb94c-4be2-11ea-a403-b88a60e194fb,prd1026,Mortgage: 5/1 ARM,Mortgage,Personal,195104.44,1,USD,branchid:11032
33cff1c6-4be2-11ea-ad23-b88a60e194fb-1,2020-01-26T15:37:32.000Z,crmid:4153878612,33cff1c6-4be2-11ea-ad23-b88a60e194fb,prd1046,Mortgage: VA,Mortgage,Personal,150808.54,1,USD,branchid:11122
33d19f8a-4be2-11ea-b81a-b88a60e194fb-1,2020-01-20T22:48:14.000Z,crmid:1140231375,33d19f8a-4be2-11ea-b81a-b88a60e194fb,prd1150,Money Market,Investment,Personal,154079.42,1,USD,branchid:11104
33d2ff6e-4be2-11ea-821a-b88a60e194fb-1,2020-01-11T20:08:24.000Z,crmid:5530152945,33d2ff6e-4be2-11ea-821a-b88a60e194fb,prd1077,Roth IRA,Retirement,Personal,18162.84,1,USD,branchid:11118
33d45f42-4be2-11ea-aa76-b88a60e194fb-1,2020-01-06T16:30:59.000Z,crmid:6698824433,33d45f42-4be2-11ea-aa76-b88a60e194fb,prd1087,Overseas Equity Fund,Investment,Personal,15173.2,1,USD,branchid:11039
33d54a0a-4be2-11ea-b1b4-b88a60e194fb-1,2020-01-08T07:31:18.000Z,crmid:2908249493,33d54a0a-4be2-11ea-b1b4-b88a60e194fb,prd1120,Mortgage: 10/1 ARM,Mortgage,Personal,14128.28,1,USD,branchid:11044
33d6819e-4be2-11ea-a29e-b88a60e194fb-1,2020-01-08T07:45:49.000Z,crmid:9206282183,33d6819e-4be2-11ea-a29e-b88a60e194fb,prd1064,CDs: 3 month,Investment,Personal,12375.81,1,USD,branchid:11022
3482c6ba-4be2-11ea-902e-b88a60e194fb-1,2020-01-28T20:02:54.000Z,crmid:2195662355,3482c6ba-4be2-11ea-902e-b88a60e194fb,prd1110,Traditional IRA,Retirement,Personal,13502.31,1,USD,branchid:11089
3483d834-4be2-11ea-9a87-b88a60e194fb-1,2020-01-08T20:55:07.000Z,crmid:2055686472,3483d834-4be2-11ea-9a87-b88a60e194fb,prd1176,Overseas Equity Fund,Investment,Personal,18563.18,1,USD,branchid:11036
3484c28c-4be2-11ea-9964-b88a60e194fb-1,2020-01-06T09:50:50.000Z,crmid:7610273228,3484c28c-4be2-11ea-9964-b88a60e194fb,prd1115,Mortgage: VA,Mortgage,Personal,12770.45,1,USD,branchid:11010
34864930-4be2-11ea-9acf-b88a60e194fb-1,2020-01-11T15:32:02.000Z,crmid:2744794366,34864930-4be2-11ea-9acf-b88a60e194fb,prd1030,401k,Retirement,Personal,12488.38,1,USD,branchid:11089
3487819c-4be2-11ea-a259-b88a60e194fb-1,2020-01-28T06:29:00.000Z,crmid:7828383365,3487819c-4be2-11ea-a259-b88a60e194fb,prd1024,Mortgage: FHA,Mortgage,Personal,17263.8,1,USD,branchid:11109
3488931a-4be2-11ea-9a6a-b88a60e194fb-1,2020-01-09T01:51:43.000Z,crmid:4686001154,3488931a-4be2-11ea-9a6a-b88a60e194fb,prd1182,Brokerage Account,Investment,Personal,17052.7,1,USD,branchid:11120
348a19be-4be2-11ea-b07b-b88a60e194fb-1,2020-01-04T11:17:02.000Z,crmid:7043355142,348a19be-4be2-11ea-b07b-b88a60e194fb,prd1157,Brokerage Account,Investment,Personal,9541.04,1,USD,branchid:11029
348b5234-4be2-11ea-a815-b88a60e194fb-1,2020-01-03T10:17:01.000Z,crmid:1677831816,348b5234-4be2-11ea-a815-b88a60e194fb,prd1155,CDs: 5 year,Investment,Personal,13253.97,1,USD,branchid:11135
348cb268-4be2-11ea-9a5e-b88a60e194fb-1,2020-01-05T19:44:33.000Z,crmid:8882211873,348cb268-4be2-11ea-9a5e-b88a60e194fb,prd1037,Home Equity Loan,Mortgage,Personal,11691.25,1,USD,branchid:11086
348dea48-4be2-11ea-bdca-b88a60e194fb-1,2020-01-28T01:15:25.000Z,crmid:1942153105,348dea48-4be2-11ea-bdca-b88a60e194fb,prd1175,401k,Retirement,Personal,17791.47,1,USD,branchid:11102
352262ba-4be2-11ea-9e16-b88a60e194fb-1,2020-01-23T00:18:31.000Z,crmid:4943394893,352262ba-4be2-11ea-9e16-b88a60e194fb,prd1112,Fixed Deposit,Investment,Personal,16383.56,1,USD,branchid:11107
3523746e-4be2-11ea-840f-b88a60e194fb-1,2020-01-14T04:40:05.000Z,crmid:7582254350,3523746e-4be2-11ea-840f-b88a60e194fb,prd1079,Mortgage: 30-yr Fixed,Mortgage,Personal,148790.35,1,USD,branchid:11114
35245f1a-4be2-11ea-97ab-b88a60e194fb-1,2020-01-25T14:48:09.000Z,crmid:4017818346,35245f1a-4be2-11ea-97ab-b88a60e194fb,prd1110,Traditional IRA,Retirement,Personal,206722.11,1,USD,branchid:11052
35252254-4be2-11ea-8127-b88a60e194fb-1,2020-01-23T17:19:25.000Z,crmid:2823299502,35252254-4be2-11ea-8127-b88a60e194fb,prd1157,Brokerage Account,Investment,Personal,15798.79,1,USD,branchid:11099
3525e5a6-4be2-11ea-a9cf-b88a60e194fb-1,2020-01-13T17:19:04.000Z,crmid:7863539715,3525e5a6-4be2-11ea-a9cf-b88a60e194fb,prd1077,Roth IRA,Retirement,Personal,197487.83,1,USD,branchid:11081
3526f5cc-4be2-11ea-900f-b88a60e194fb-1,2020-01-17T20:47:59.000Z,crmid:9778159540,3526f5cc-4be2-11ea-900f-b88a60e194fb,prd1061,Mortgage: 5/1 ARM,Mortgage,Personal,243106.02,1,USD,branchid:11126
3527e174-4be2-11ea-b7ae-b88a60e194fb-1,2020-01-10T15:10:48.000Z,crmid:3506643619,3527e174-4be2-11ea-b7ae-b88a60e194fb,prd1068,Mortgage: 7/1 ARM,Mortgage,Personal,15439.88,1,USD,branchid:11094
3528a4fe-4be2-11ea-af14-b88a60e194fb-1,2020-01-12T15:34:13.000Z,crmid:5816151205,3528a4fe-4be2-11ea-af14-b88a60e194fb,prd1101,Mortgage: 5/1 ARM,Mortgage,Personal,3398564.37,1,USD,branchid:11043
35298dee-4be2-11ea-afe1-b88a60e194fb-1,2020-01-28T07:09:08.000Z,crmid:5594337316,35298dee-4be2-11ea-afe1-b88a60e194fb,prd1034,Home Equity Loan,Mortgage,Personal,10669.4,1,USD,branchid:11023
352a7988-4be2-11ea-8b5c-b88a60e194fb-1,2020-01-19T13:41:43.000Z,crmid:6485638148,352a7988-4be2-11ea-8b5c-b88a60e194fb,prd1028,CDs: 1 year,Investment,Personal,221638.2,1,USD,branchid:11101
352b62b6-4be2-11ea-9975-b88a60e194fb-1,2020-01-08T02:23:59.000Z,crmid:7037308224,352b62b6-4be2-11ea-9975-b88a60e194fb,prd1125,Mortgage: FHA,Mortgage,Personal,15617.88,1,USD,branchid:11107
35be7a8c-4be2-11ea-8395-b88a60e194fb-1,2020-01-21T12:30:12.000Z,crmid:4946193695,35be7a8c-4be2-11ea-8395-b88a60e194fb,prd1034,Home Equity Loan,Mortgage,Personal,17688.8,1,USD,branchid:11043
35bf8bfe-4be2-11ea-b0fd-b88a60e194fb-1,2020-01-02T08:30:06.000Z,crmid:8346193771,35bf8bfe-4be2-11ea-b0fd-b88a60e194fb,prd1114,CDs: 3 month,Investment,Personal,192487.23,1,USD,branchid:11019
35c0765e-4be2-11ea-84c5-b88a60e194fb-1,2020-01-01T20:50:22.000Z,crmid:2239389506,35c0765e-4be2-11ea-84c5-b88a60e194fb,prd1008,Traditional IRA,Retirement,Personal,13532.47,1,USD,branchid:11057
35c16212-4be2-11ea-a13e-b88a60e194fb-1,2020-01-08T20:11:15.000Z,crmid:2433419020,35c16212-4be2-11ea-a13e-b88a60e194fb,prd1060,Traditional IRA,Retirement,Personal,14004.74,1,USD,branchid:11062
35c22546-4be2-11ea-bcee-b88a60e194fb-1,2020-01-02T18:06:15.000Z,crmid:1290635097,35c22546-4be2-11ea-bcee-b88a60e194fb,prd1077,Roth IRA,Retirement,Personal,130554.91,1,USD,branchid:11010
35c2e892-4be2-11ea-9cc7-b88a60e194fb-1,2020-01-08T17:04:26.000Z,crmid:8924561988,35c2e892-4be2-11ea-9cc7-b88a60e194fb,prd1123,Mortgage: 10 yr Fixed,Mortgage,Personal,17223.73,1,USD,branchid:11092
35c3d1ec-4be2-11ea-8c01-b88a60e194fb-1,2020-01-20T11:10:41.000Z,crmid:7869816169,35c3d1ec-4be2-11ea-8c01-b88a60e194fb,prd1088,CDs: 1 year,Investment,Personal,13390.54,1,USD,branchid:11079
35c4bd54-4be2-11ea-9f8e-b88a60e194fb-1,2020-01-01T20:57:31.000Z,crmid:1212104609,35c4bd54-4be2-11ea-9f8e-b88a60e194fb,prd1030,401k,Retirement,Personal,165792.07,1,USD,branchid:11072
35c57fdc-4be2-11ea-abd7-b88a60e194fb-1,2020-01-17T19:42:07.000Z,crmid:4401298629,35c57fdc-4be2-11ea-abd7-b88a60e194fb,prd1078,Mortgage: 7/1 ARM,Mortgage,Personal,16382.11,1,USD,branchid:11081
35c690f6-4be2-11ea-b599-b88a60e194fb-1,2020-01-07T14:36:59.000Z,crmid:6028436470,35c690f6-4be2-11ea-b599-b88a60e194fb,prd1046,Mortgage: VA,Mortgage,Personal,272503.22,1,USD,branchid:11117
35c77ca4-4be2-11ea-821d-b88a60e194fb-1,2020-01-02T20:01:12.000Z,crmid:9354758795,35c77ca4-4be2-11ea-821d-b88a60e194fb,prd1041,Mortgage: 7/1 ARM,Mortgage,Personal,3571261.22,1,USD,branchid:11095
35c83ea2-4be2-11ea-b225-b88a60e194fb-1,2020-01-10T03:00:50.000Z,crmid:5615418625,35c83ea2-4be2-11ea-b225-b88a60e194fb,prd1097,Employee Stock Purchase Plans,Investment,Personal,12319.82,1,USD,branchid:11043
3659833e-4be2-11ea-9bf6-b88a60e194fb-1,2020-01-14T15:08:28.000Z,crmid:5109342205,3659833e-4be2-11ea-9bf6-b88a60e194fb,prd1121,Mortgage: 30-yr Fixed,Mortgage,Personal,13761.57,1,USD,branchid:11137
365a6c74-4be2-11ea-9bd9-b88a60e194fb-1,2020-01-30T14:07:00.000Z,crmid:4450781613,365a6c74-4be2-11ea-9bd9-b88a60e194fb,prd1025,Brokerage Account,Investment,Personal,14515.31,1,USD,branchid:11093
365b57f4-4be2-11ea-a17c-b88a60e194fb-1,2020-01-04T14:48:17.000Z,crmid:7115181446,365b57f4-4be2-11ea-a17c-b88a60e194fb,prd1111,Pension Account,Retirement,Personal,17410.16,1,USD,branchid:11125
365c19de-4be2-11ea-ba04-b88a60e194fb-1,2020-01-28T04:23:49.000Z,crmid:9526856764,365c19de-4be2-11ea-ba04-b88a60e194fb,prd1014,CDs: 3 month,Investment,Personal,13854.55,1,USD,branchid:11102
365d2b4a-4be2-11ea-8645-b88a60e194fb-1,2020-01-24T18:04:02.000Z,crmid:9239711877,365d2b4a-4be2-11ea-8645-b88a60e194fb,prd1165,Roth IRA,Retirement,Personal,263627.53,1,USD,branchid:11111
365deeac-4be2-11ea-b009-b88a60e194fb-1,2020-01-25T21:40:07.000Z,crmid:6547845849,365deeac-4be2-11ea-b009-b88a60e194fb,prd1061,Mortgage: 5/1 ARM,Mortgage,Personal,13399.16,1,USD,branchid:11006
365eda64-4be2-11ea-8c9b-b88a60e194fb-1,2020-01-19T13:55:15.000Z,crmid:7021169861,365eda64-4be2-11ea-8c9b-b88a60e194fb,prd1165,Roth IRA,Retirement,Personal,175854.86,1,USD,branchid:11070
36601274-4be2-11ea-8c86-b88a60e194fb-1,2020-01-31T21:15:37.000Z,crmid:4159109606,36601274-4be2-11ea-8c86-b88a60e194fb,prd1047,Mortgage: 10 yr Fixed,Mortgage,Personal,16776.05,1,USD,branchid:11082
3660fc12-4be2-11ea-919d-b88a60e194fb-1,2020-01-16T23:55:44.000Z,crmid:2480721604,3660fc12-4be2-11ea-919d-b88a60e194fb,prd1033,Fixed Deposit,Investment,Personal,163029.62,1,USD,branchid:11025
3661e628-4be2-11ea-9769-b88a60e194fb-1,2020-01-10T00:04:22.000Z,crmid:2943106344,3661e628-4be2-11ea-9769-b88a60e194fb,prd1032,Home Equity Loan,Mortgage,Personal,17107.22,1,USD,branchid:11090
36f8a934-4be2-11ea-b008-b88a60e194fb-1,2020-01-05T16:39:02.000Z,crmid:5570041457,36f8a934-4be2-11ea-b008-b88a60e194fb,prd1131,Employee Stock Purchase Plans,Investment,Personal,228468.95,1,USD,branchid:11141
36f99224-4be2-11ea-b1c0-b88a60e194fb-1,2020-01-26T04:49:07.000Z,crmid:9045417427,36f99224-4be2-11ea-b1c0-b88a60e194fb,prd1120,Mortgage: 10/1 ARM,Mortgage,Personal,13625.18,1,USD,branchid:11149
36faa4f4-4be2-11ea-b39f-b88a60e194fb-1,2020-01-27T20:29:59.000Z,crmid:8708399718,36faa4f4-4be2-11ea-b39f-b88a60e194fb,prd1114,CDs: 3 month,Investment,Personal,13566.45,1,USD,branchid:11034
36fb6834-4be2-11ea-a4ba-b88a60e194fb-1,2020-01-06T14:14:58.000Z,crmid:5473902602,36fb6834-4be2-11ea-a4ba-b88a60e194fb,prd1068,Mortgage: 7/1 ARM,Mortgage,Personal,11482.94,1,USD,branchid:11139
36fc52d4-4be2-11ea-afc2-b88a60e194fb-1,2020-01-18T17:31:50.000Z,crmid:5458893539,36fc52d4-4be2-11ea-afc2-b88a60e194fb,prd1172,Employee Stock Purchase Plans,Investment,Personal,240697.29,1,USD,branchid:11136
36fd3bb6-4be2-11ea-bc7f-b88a60e194fb-1,2020-01-23T14:19:47.000Z,crmid:8412167747,36fd3bb6-4be2-11ea-bc7f-b88a60e194fb,prd1125,Mortgage: FHA,Mortgage,Personal,15703.01,1,USD,branchid:11112
36fe26ae-4be2-11ea-8e0b-b88a60e194fb-1,2020-01-18T22:31:01.000Z,crmid:2646024131,36fe26ae-4be2-11ea-8e0b-b88a60e194fb,prd1167,Roth IRA,Retirement,Personal,10961.43,1,USD,branchid:11107
36fee940-4be2-11ea-bed4-b88a60e194fb-1,2020-01-15T12:57:53.000Z,crmid:7283287702,36fee940-4be2-11ea-bed4-b88a60e194fb,prd1041,Mortgage: 7/1 ARM,Mortgage,Personal,11735.34,1,USD,branchid:11100
36ffd39e-4be2-11ea-91d8-b88a60e194fb-1,2020-01-06T15:16:17.000Z,crmid:5374318340,36ffd39e-4be2-11ea-91d8-b88a60e194fb,prd1056,CDs: 5 year,Investment,Personal,4340573.28,1,USD,branchid:11011
3700984c-4be2-11ea-bb41-b88a60e194fb-1,2020-01-26T04:44:31.000Z,crmid:3419729209,3700984c-4be2-11ea-bb41-b88a60e194fb,prd1148,Mortgage: 10/1 ARM,Mortgage,Personal,260991.72,1,USD,branchid:11133
37015a42-4be2-11ea-8c2b-b88a60e194fb-1,2020-01-26T07:00:29.000Z,crmid:2705633869,37015a42-4be2-11ea-8c2b-b88a60e194fb,prd1185,Mortgage: FHA,Mortgage,Personal,18078.77,1,USD,branchid:11057
3793d5fa-4be2-11ea-b6b4-b88a60e194fb-1,2020-01-04T12:11:21.000Z,crmid:2607231941,3793d5fa-4be2-11ea-b6b4-b88a60e194fb,prd1157,Brokerage Account,Investment,Personal,11562.48,1,USD,branchid:11127
3794c1d0-4be2-11ea-b529-b88a60e194fb-1,2020-01-10T01:48:43.000Z,crmid:6898437707,3794c1d0-4be2-11ea-b529-b88a60e194fb,prd1025,Brokerage Account,Investment,Personal,12207.96,1,USD,branchid:11115
3795aae2-4be2-11ea-9164-b88a60e194fb-1,2020-01-25T11:12:31.000Z,crmid:2523112689,3795aae2-4be2-11ea-9164-b88a60e194fb,prd1079,Mortgage: 30-yr Fixed,Mortgage,Personal,17681.27,1,USD,branchid:11097
37969522-4be2-11ea-91ef-b88a60e194fb-1,2020-01-05T18:57:42.000Z,crmid:1540248643,37969522-4be2-11ea-91ef-b88a60e194fb,prd1026,Mortgage: 5/1 ARM,Mortgage,Personal,20500.05,1,USD,branchid:11038
37978028-4be2-11ea-9a37-b88a60e194fb-1,2020-01-30T08:39:14.000Z,crmid:5867568142,37978028-4be2-11ea-9a37-b88a60e194fb,prd1025,Brokerage Account,Investment,Personal,233144.42,1,USD,branchid:11002
37986bbe-4be2-11ea-b9b2-b88a60e194fb-1,2020-01-29T20:01:21.000Z,crmid:4261982930,37986bbe-4be2-11ea-b9b2-b88a60e194fb,prd1083,Pension Account,Retirement,Personal,16204.54,1,USD,branchid:11146
37992eac-4be2-11ea-8ad9-b88a60e194fb-1,2020-01-10T17:20:47.000Z,crmid:7284373946,37992eac-4be2-11ea-8ad9-b88a60e194fb,prd1139,Employee Stock Purchase Plans,Investment,Personal,125668.11,1,USD,branchid:11076
379a18e8-4be2-11ea-ad40-b88a60e194fb-1,2020-01-18T04:27:38.000Z,crmid:6244306178,379a18e8-4be2-11ea-ad40-b88a60e194fb,prd1120,Mortgage: 10/1 ARM,Mortgage,Personal,14696.46,1,USD,branchid:11117
379adc52-4be2-11ea-9175-b88a60e194fb-1,2020-01-18T07:19:45.000Z,crmid:4042695877,379adc52-4be2-11ea-9175-b88a60e194fb,prd1073,Business Brokerage Account,Investment,Business,10964.67,1,USD,branchid:11110
379b9e4c-4be2-11ea-b2af-b88a60e194fb-1,2020-01-10T23:18:56.000Z,crmid:5944771407,379b9e4c-4be2-11ea-b2af-b88a60e194fb,prd1046,Mortgage: VA,Mortgage,Personal,164179.12,1,USD,branchid:11088
379caf90-4be2-11ea-9678-b88a60e194fb-1,2020-01-05T12:11:50.000Z,crmid:7855555276,379caf90-4be2-11ea-9678-b88a60e194fb,prd1083,Pension Account,Retirement,Personal,23226.33,1,USD,branchid:11098
379d99e8-4be2-11ea-9fcd-b88a60e194fb-1,2020-01-26T17:49:40.000Z,crmid:5528875418,379d99e8-4be2-11ea-9fcd-b88a60e194fb,prd1144,Home Equity Loan,Mortgage,Personal,180325.35,1,USD,branchid:11064
38314fae-4be2-11ea-bc89-b88a60e194fb-1,2020-01-07T06:36:20.000Z,crmid:2016322215,38314fae-4be2-11ea-bc89-b88a60e194fb,prd1041,Mortgage: 7/1 ARM,Mortgage,Personal,18289.22,1,USD,branchid:11045
383239e8-4be2-11ea-a377-b88a60e194fb-1,2020-01-26T23:46:00.000Z,crmid:9718813781,383239e8-4be2-11ea-a377-b88a60e194fb,prd1131,Employee Stock Purchase Plans,Investment,Personal,11442.76,1,USD,branchid:11137
38332330-4be2-11ea-a072-b88a60e194fb-1,2020-01-16T08:49:54.000Z,crmid:3683489654,38332330-4be2-11ea-a072-b88a60e194fb,prd1129,Mortgage: 10/1 ARM,Mortgage,Personal,14137.17,1,USD,branchid:11052
38340d7a-4be2-11ea-80d8-b88a60e194fb-1,2020-01-12T10:38:27.000Z,crmid:9654533228,38340d7a-4be2-11ea-80d8-b88a60e194fb,prd1125,Mortgage: FHA,Mortgage,Personal,18428.85,1,USD,branchid:11011
383520e4-4be2-11ea-8eea-b88a60e194fb-1,2020-01-27T16:13:41.000Z,crmid:6917785311,383520e4-4be2-11ea-8eea-b88a60e194fb,prd1165,Roth IRA,Retirement,Personal,197048.04,1,USD,branchid:11048
3835e37a-4be2-11ea-b871-b88a60e194fb-1,2020-01-30T02:39:24.000Z,crmid:7476896093,3835e37a-4be2-11ea-b871-b88a60e194fb,prd1112,Fixed Deposit,Investment,Personal,19162.0,1,USD,branchid:11085
3836cccc-4be2-11ea-8314-b88a60e194fb-1,2020-01-13T05:17:47.000Z,crmid:8517129414,3836cccc-4be2-11ea-8314-b88a60e194fb,prd1034,Home Equity Loan,Mortgage,Personal,18942.37,1,USD,branchid:11148
3837de0a-4be2-11ea-b153-b88a60e194fb-1,2020-01-12T19:31:38.000Z,crmid:2225993069,3837de0a-4be2-11ea-b153-b88a60e194fb,prd1047,Mortgage: 10 yr Fixed,Mortgage,Personal,12383.6,1,USD,branchid:11024
3838a13a-4be2-11ea-80b9-b88a60e194fb-1,2020-01-18T08:35:02.000Z,crmid:6705004498,3838a13a-4be2-11ea-80b9-b88a60e194fb,prd1117,Brokerage Account,Investment,Personal,215297.86,1,USD,branchid:11092
3839db1c-4be2-11ea-8e44-b88a60e194fb-1,2020-01-21T20:13:26.000Z,crmid:3522693458,3839db1c-4be2-11ea-8e44-b88a60e194fb,prd1154,Mortgage: 30-yr Fixed,Mortgage,Personal,5361816.64,1,USD,branchid:11144
38cfff06-4be2-11ea-9f3f-b88a60e194fb-1,2020-01-08T00:14:06.000Z,crmid:7335401905,38cfff06-4be2-11ea-9f3f-b88a60e194fb,prd1144,Home Equity Loan,Mortgage,Personal,16258.02,1,USD,branchid:11113
38d111e6-4be2-11ea-a549-b88a60e194fb-1,2020-01-13T04:57:40.000Z,crmid:8435507916,38d111e6-4be2-11ea-a549-b88a60e194fb,prd1078,Mortgage: 7/1 ARM,Mortgage,Personal,14684.39,1,USD,branchid:11116
38d1faf6-4be2-11ea-88db-b88a60e194fb-1,2020-01-11T11:17:54.000Z,crmid:8304782401,38d1faf6-4be2-11ea-88db-b88a60e194fb,prd1155,CDs: 5 year,Investment,Personal,9961.93,1,USD,branchid:11084
38d2bf7e-4be2-11ea-a1af-b88a60e194fb-1,2020-01-28T16:40:52.000Z,crmid:2502332180,38d2bf7e-4be2-11ea-a1af-b88a60e194fb,prd1181,Mortgage: 5/1 ARM,Mortgage,Personal,269988.76,1,USD,branchid:11103
38d382c2-4be2-11ea-8277-b88a60e194fb-1,2020-01-29T08:52:21.000Z,crmid:5834238315,38d382c2-4be2-11ea-8277-b88a60e194fb,prd1061,Mortgage: 5/1 ARM,Mortgage,Personal,221118.39,1,USD,branchid:11088
38d46d6c-4be2-11ea-87b3-b88a60e194fb-1,2020-01-16T19:27:29.000Z,crmid:4396015158,38d46d6c-4be2-11ea-87b3-b88a60e194fb,prd1024,Mortgage: FHA,Mortgage,Personal,18537.89,1,USD,branchid:11110
38d5574c-4be2-11ea-a664-b88a60e194fb-1,2020-01-26T19:55:43.000Z,crmid:1665610743,38d5574c-4be2-11ea-a664-b88a60e194fb,prd1047,Mortgage: 10 yr Fixed,Mortgage,Personal,13771.82,1,USD,branchid:11129
38d641e6-4be2-11ea-b441-b88a60e194fb-1,2020-01-24T01:00:14.000Z,crmid:1862371563,38d641e6-4be2-11ea-b441-b88a60e194fb,prd1175,401k,Retirement,Personal,15546.09,1,USD,branchid:11098
38d72afe-4be2-11ea-b2fd-b88a60e194fb-1,2020-01-14T20:05:10.000Z,crmid:7713609931,38d72afe-4be2-11ea-b2fd-b88a60e194fb,prd1087,Overseas Equity Fund,Investment,Personal,19254.21,1,USD,branchid:11149
38d7ee58-4be2-11ea-9b9d-b88a60e194fb-1,2020-01-08T12:53:58.000Z,crmid:8394451214,38d7ee58-4be2-11ea-9b9d-b88a60e194fb,prd1112,Fixed Deposit,Investment,Personal,2520815.01,1,USD,branchid:11061
38d8b1a6-4be2-11ea-b74e-b88a60e194fb-1,2020-01-30T13:47:58.000Z,crmid:3649729976,38d8b1a6-4be2-11ea-b74e-b88a60e194fb,prd1131,Employee Stock Purchase Plans,Investment,Personal,13385.5,1,USD,branchid:11018
396ae04c-4be2-11ea-89ff-b88a60e194fb-1,2020-01-28T19:47:48.000Z,crmid:1302061908,396ae04c-4be2-11ea-89ff-b88a60e194fb,prd1064,CDs: 3 month,Investment,Personal,190097.34,1,USD,branchid:11090
396bf0d4-4be2-11ea-9834-b88a60e194fb-1,2020-01-23T16:15:27.000Z,crmid:2244153848,396bf0d4-4be2-11ea-9834-b88a60e194fb,prd1139,Employee Stock Purchase Plans,Investment,Personal,13801.38,1,USD,branchid:11047
396cdb08-4be2-11ea-826a-b88a60e194fb-1,2020-01-20T15:17:34.000Z,crmid:1221188007,396cdb08-4be2-11ea-826a-b88a60e194fb,prd1174,Traditional IRA,Retirement,Personal,9845.75,1,USD,branchid:11124
396dc714-4be2-11ea-8ed9-b88a60e194fb-1,2020-01-12T10:25:11.000Z,crmid:9244343778,396dc714-4be2-11ea-8ed9-b88a60e194fb,prd1060,Traditional IRA,Retirement,Personal,18268.78,1,USD,branchid:11009
396e8968-4be2-11ea-820c-b88a60e194fb-1,2020-01-16T08:16:57.000Z,crmid:5862543890,396e8968-4be2-11ea-820c-b88a60e194fb,prd1008,Traditional IRA,Retirement,Personal,10898.58,1,USD,branchid:11132
396f743e-4be2-11ea-9065-b88a60e194fb-1,2020-01-17T15:14:06.000Z,crmid:6066419893,396f743e-4be2-11ea-9065-b88a60e194fb,prd1175,401k,Retirement,Personal,13901.94,1,USD,branchid:11029
397037ba-4be2-11ea-bd2b-b88a60e194fb-1,2020-01-24T03:19:35.000Z,crmid:5203695663,397037ba-4be2-11ea-bd2b-b88a60e194fb,prd1175,401k,Retirement,Personal,4738563.78,1,USD,branchid:11043
3970fb18-4be2-11ea-9d3a-b88a60e194fb-1,2020-01-27T19:00:17.000Z,crmid:7271379666,3970fb18-4be2-11ea-9d3a-b88a60e194fb,prd1079,Mortgage: 30-yr Fixed,Mortgage,Personal,20720.5,1,USD,branchid:11040
3971bce4-4be2-11ea-a3a1-b88a60e194fb-1,2020-01-25T23:31:20.000Z,crmid:3215045610,3971bce4-4be2-11ea-a3a1-b88a60e194fb,prd1045,Mortgage: 10/1 ARM,Mortgage,Personal,120691.59,1,USD,branchid:11009
3972ce64-4be2-11ea-9b67-b88a60e194fb-1,2020-01-23T21:51:07.000Z,crmid:8709407705,3972ce64-4be2-11ea-9b67-b88a60e194fb,prd1154,Mortgage: 30-yr Fixed,Mortgage,Personal,20548.72,1,USD,branchid:11047
3973ba2c-4be2-11ea-b718-b88a60e194fb-1,2020-01-16T21:37:16.000Z,crmid:4552669314,3973ba2c-4be2-11ea-b718-b88a60e194fb,prd1061,Mortgage: 5/1 ARM,Mortgage,Personal,171504.29,1,USD,branchid:11125
3974a334-4be2-11ea-8e11-b88a60e194fb-1,2020-01-03T16:06:05.000Z,crmid:9547076556,3974a334-4be2-11ea-8e11-b88a60e194fb,prd1110,Traditional IRA,Retirement,Personal,189364.84,1,USD,branchid:11137
3a074626-4be2-11ea-a341-b88a60e194fb-1,2020-01-22T13:18:36.000Z,crmid:1937167891,3a074626-4be2-11ea-a341-b88a60e194fb,prd1037,Home Equity Loan,Mortgage,Personal,11114.26,1,USD,branchid:11137
3a087f1c-4be2-11ea-a3d5-b88a60e194fb-1,2020-01-01T10:42:52.000Z,crmid:6438790618,3a087f1c-4be2-11ea-a3d5-b88a60e194fb,prd1159,CDs: 3 month,Investment,Personal,16957.77,1,USD,branchid:11084
3a098fe8-4be2-11ea-8ce5-b88a60e194fb-1,2020-01-10T06:39:32.000Z,crmid:9005986319,3a098fe8-4be2-11ea-8ce5-b88a60e194fb,prd1110,Traditional IRA,Retirement,Personal,197434.83,1,USD,branchid:11117
3a0a7a76-4be2-11ea-91c0-b88a60e194fb-1,2020-01-21T10:44:27.000Z,crmid:4583066216,3a0a7a76-4be2-11ea-91c0-b88a60e194fb,prd1027,Mortgage: 30-yr Fixed,Mortgage,Personal,84835.34,1,USD,branchid:11057
3a0b8ba2-4be2-11ea-902d-b88a60e194fb-1,2020-01-03T12:45:52.000Z,crmid:7547554055,3a0b8ba2-4be2-11ea-902d-b88a60e194fb,prd1028,CDs: 1 year,Investment,Personal,204355.71,1,USD,branchid:11052
3a0c5050-4be2-11ea-8ab8-b88a60e194fb-1,2020-01-01T21:18:42.000Z,crmid:2864774075,3a0c5050-4be2-11ea-8ab8-b88a60e194fb,prd1174,Traditional IRA,Retirement,Personal,13604.6,1,USD,branchid:11068
3a0d606c-4be2-11ea-afbf-b88a60e194fb-1,2020-01-05T18:58:40.000Z,crmid:5101887593,3a0d606c-4be2-11ea-afbf-b88a60e194fb,prd1108,401k,Retirement,Personal,4009537.97,1,USD,branchid:11030
3a0e71e6-4be2-11ea-bfde-b88a60e194fb-1,2020-01-05T03:24:35.000Z,crmid:9943662801,3a0e71e6-4be2-11ea-bfde-b88a60e194fb,prd1124,CDs: 5 year,Investment,Personal,16080.82,1,USD,branchid:11082
3a0f8358-4be2-11ea-a222-b88a60e194fb-1,2020-01-20T01:29:43.000Z,crmid:1507954920,3a0f8358-4be2-11ea-a222-b88a60e194fb,prd1125,Mortgage: FHA,Mortgage,Personal,11901.83,1,USD,branchid:11091
3a10bbca-4be2-11ea-ab5d-b88a60e194fb-1,2020-01-10T16:44:31.000Z,crmid:1440933227,3a10bbca-4be2-11ea-ab5d-b88a60e194fb,prd1056,CDs: 5 year,Investment,Personal,189299.94,1,USD,branchid:11037
3ac76150-4be2-11ea-8a12-b88a60e194fb-1,2020-01-28T18:47:17.000Z,crmid:9059609445,3ac76150-4be2-11ea-8a12-b88a60e194fb,prd1073,Business Brokerage Account,Investment,Business,168190.79,1,USD,branchid:11141
3ac89aa2-4be2-11ea-a0c7-b88a60e194fb-1,2020-01-21T13:57:06.000Z,crmid:3873203642,3ac89aa2-4be2-11ea-a0c7-b88a60e194fb,prd1041,Mortgage: 7/1 ARM,Mortgage,Personal,4293592.1,1,USD,branchid:11072
3ac9d258-4be2-11ea-83f3-b88a60e194fb-1,2020-01-27T21:04:38.000Z,crmid:8947349060,3ac9d258-4be2-11ea-83f3-b88a60e194fb,prd1112,Fixed Deposit,Investment,Personal,154009.27,1,USD,branchid:11119
3acae3ba-4be2-11ea-8c33-b88a60e194fb-1,2020-01-26T15:59:11.000Z,crmid:7174784688,3acae3ba-4be2-11ea-8c33-b88a60e194fb,prd1111,Pension Account,Retirement,Personal,15861.94,1,USD,branchid:11052
3acc1c5e-4be2-11ea-8daf-b88a60e194fb-1,2020-01-19T17:43:26.000Z,crmid:4319826151,3acc1c5e-4be2-11ea-8daf-b88a60e194fb,prd1155,CDs: 5 year,Investment,Personal,4308718.87,1,USD,branchid:11107
3acd7bc8-4be2-11ea-8fe2-b88a60e194fb-1,2020-01-19T04:20:09.000Z,crmid:8530872579,3acd7bc8-4be2-11ea-8fe2-b88a60e194fb,prd1061,Mortgage: 5/1 ARM,Mortgage,Personal,4766819.59,1,USD,branchid:11075
3ace8d3a-4be2-11ea-b12c-b88a60e194fb-1,2020-01-19T23:28:50.000Z,crmid:2879075991,3ace8d3a-4be2-11ea-b12c-b88a60e194fb,prd1053,Mortgage: VA,Mortgage,Personal,210847.73,1,USD,branchid:11026
3acf9eb8-4be2-11ea-a78f-b88a60e194fb-1,2020-01-20T15:11:56.000Z,crmid:4339728099,3acf9eb8-4be2-11ea-a78f-b88a60e194fb,prd1157,Brokerage Account,Investment,Personal,3450309.83,1,USD,branchid:11104
3ad0b026-4be2-11ea-96c1-b88a60e194fb-1,2020-01-29T08:02:24.000Z,crmid:1718209107,3ad0b026-4be2-11ea-96c1-b88a60e194fb,prd1049,Business Brokerage Account,Investment,Business,230924.94,1,USD,branchid:11000
3ad1e8e8-4be2-11ea-8bad-b88a60e194fb-1,2020-01-10T09:59:02.000Z,crmid:8958820973,3ad1e8e8-4be2-11ea-8bad-b88a60e194fb,prd1064,CDs: 3 month,Investment,Personal,15984.21,1,USD,branchid:11092
3ad2fa1a-4be2-11ea-a85c-b88a60e194fb-1,2020-01-03T07:26:06.000Z,crmid:5801111201,3ad2fa1a-4be2-11ea-a85c-b88a60e194fb,prd1176,Overseas Equity Fund,Investment,Personal,10769.3,1,USD,branchid:11071
3b84214c-4be2-11ea-8cbd-b88a60e194fb-1,2020-01-20T01:20:51.000Z,crmid:7653611434,3b84214c-4be2-11ea-8cbd-b88a60e194fb,prd1144,Home Equity Loan,Mortgage,Personal,10618.94,1,USD,branchid:11082
3b850bd8-4be2-11ea-b833-b88a60e194fb-1,2020-01-17T10:58:29.000Z,crmid:4106945648,3b850bd8-4be2-11ea-b833-b88a60e194fb,prd1148,Mortgage: 10/1 ARM,Mortgage,Personal,14751.01,1,USD,branchid:11038
3b861db0-4be2-11ea-89ce-b88a60e194fb-1,2020-01-28T23:14:38.000Z,crmid:4559523548,3b861db0-4be2-11ea-89ce-b88a60e194fb,prd1088,CDs: 1 year,Investment,Personal,119627.28,1,USD,branchid:11028
3b8755b0-4be2-11ea-b3dd-b88a60e194fb-1,2020-01-02T18:43:44.000Z,crmid:4545610488,3b8755b0-4be2-11ea-b3dd-b88a60e194fb,prd1151,Mortgage: 10 yr Fixed,Mortgage,Personal,179926.88,1,USD,branchid:11137
3b88677a-4be2-11ea-a981-b88a60e194fb-1,2020-01-11T23:16:01.000Z,crmid:3142321198,3b88677a-4be2-11ea-a981-b88a60e194fb,prd1167,Roth IRA,Retirement,Personal,18880.97,1,USD,branchid:11008
3b895158-4be2-11ea-b2e5-b88a60e194fb-1,2020-01-10T00:38:52.000Z,crmid:7894522252,3b895158-4be2-11ea-b2e5-b88a60e194fb,prd1182,Brokerage Account,Investment,Personal,19606.87,1,USD,branchid:11115
3b8a3c5e-4be2-11ea-b1f4-b88a60e194fb-1,2020-01-24T15:10:11.000Z,crmid:6465460590,3b8a3c5e-4be2-11ea-b1f4-b88a60e194fb,prd1175,401k,Retirement,Personal,14380.35,1,USD,branchid:11139
3b8b262e-4be2-11ea-b339-b88a60e194fb-1,2020-01-09T12:21:03.000Z,crmid:2201152239,3b8b262e-4be2-11ea-b339-b88a60e194fb,prd1101,Mortgage: 5/1 ARM,Mortgage,Personal,218058.58,1,USD,branchid:11138
3b8c1086-4be2-11ea-b503-b88a60e194fb-1,2020-01-27T17:34:53.000Z,crmid:4330511148,3b8c1086-4be2-11ea-b503-b88a60e194fb,prd1123,Mortgage: 10 yr Fixed,Mortgage,Personal,14306.13,1,USD,branchid:11125
3b8cfaf8-4be2-11ea-9bd1-b88a60e194fb-1,2020-01-30T07:36:04.000Z,crmid:3965008255,3b8cfaf8-4be2-11ea-9bd1-b88a60e194fb,prd1115,Mortgage: VA,Mortgage,Personal,220351.03,1,USD,branchid:11125
3b8e0c64-4be2-11ea-9b9a-b88a60e194fb-1,2020-01-08T06:18:46.000Z,crmid:7388453342,3b8e0c64-4be2-11ea-9b9a-b88a60e194fb,prd1088,CDs: 1 year,Investment,Personal,3840595.23,1,USD,branchid:11051
3b8f44e4-4be2-11ea-a82f-b88a60e194fb-1,2020-01-02T00:23:16.000Z,crmid:8933498196,3b8f44e4-4be2-11ea-a82f-b88a60e194fb,prd1053,Mortgage: VA,Mortgage,Personal,15940.12,1,USD,branchid:11011
