email,first_name,last_name
salaciousness1940@yandex.com,Bryan,Snow
digestives1809@gmail.com,Weldon,Flowers
eliminator1986@gmail.com,Kevin,Hopkins
dories1862@yahoo.com,Drew,Mckee
penning1865@outlook.com,Al,Joyner
samlet1954@outlook.com,Cornell,Sherman
poohing1813@live.com,Carmen,Rutledge
alger1909@live.com,Jeramy,Williamson
diptera1877@yahoo.com,Jack,Carrillo
akinesia1894@gmail.com,Tuan,Martin
daleth1942@yahoo.com,Denver,Galloway
adamant2065@yahoo.com,Augustus,Palmer
excalibur1905@outlook.com,Claudio,Bray
boose2056@outlook.com,Rudolf,Townsend
imperforates2003@live.com,Dodie,Walsh
longhair1938@gmail.com,Kendall,Koch
overshined1932@yahoo.com,Moises,Guerrero
gulonic1908@gmail.com,Johnette,Griffith
laureate1985@yahoo.com,Herbert,Coffey
addendum1964@gmail.com,Moshe,Hopper
pterodactylus2065@outlook.com,Mario,Deleon
belanda1920@outlook.com,Delaine,Welch
apologies1818@yahoo.com,Abel,Thornton
balcony1915@live.com,Alease,Haynes
runaround1891@gmail.com,Janean,Gould
