crmid,email,first_name,last_name,gender,mobile telephone,city,country,zip,state,street address,birthday
crmid:3107027850,halbert1950@gmail.com,Angle,Stokes,female,142-850-2342,Twinsburg,United States,16680,Maine,291 Delano,1946-12-28
crmid:3722407003,carmelite1816@yandex.com,Joey,Carter,,257-950-8855,Loma Linda,United States,58332,Arizona,515 Oakdale,1983-09-08
crmid:1348768176,escudero2059@gmail.com,Wallace,Mclaughlin,,910-400-4341,Prescott Valley,United States,40508,North Carolina,445 Clearview,1983-06-01
crmid:2951091473,except2048@gmail.com,Edelmira,Kane,female,358-326-4135,Corona,United States,19067,Oklahoma,470 Moore,1950-03-16
crmid:8156537590,aback1883@gmail.com,Elliott,Lindsay,,358-122-5201,Huntington Park,United States,67375,Colorado,334 Alemany,1974-11-12
crmid:9638407717,celebrations1978@live.com,Zane,Ball,,366-901-0422,Hazleton,United States,97508,Oklahoma,356 Miley,1970-07-26
crmid:8226631964,nesty1878@yahoo.com,Galen,Mccullough,,689-690-2666,Liberty,United States,91652,Georgia,587 Macondray,1982-06-04
crmid:6210731043,gut1961@live.com,Ashlyn,Carney,female,141-908-4237,Coachella,United States,90989,Washington,476 Lusk,1948-11-02
crmid:7407765929,isobutylene2016@yandex.com,Lavelle,Golden,female,633-932-7066,Northport,United States,13546,Minnesota,770 Lisbon,1999-04-10
crmid:9946263855,prussic1858@live.com,Yajaira,Drake,female,259-211-2561,Munster,United States,15479,Delaware,559 Hubbell,1994-03-27
crmid:6101816926,connexions1965@live.com,Karoline,Meyers,female,934-710-7201,Eastlake,United States,66647,Massachusetts,133 Houston,1957-11-20
crmid:8918174238,shandies1964@yahoo.com,Orlando,Wooten,male,808-582-3413,Benicia,United States,43380,Utah,487 Capp,1938-07-31
crmid:7099709086,christel1876@gmail.com,Billy,Gilliam,,243-376-5080,Matthews,United States,43331,Louisiana,626 Plum,1988-08-03
crmid:6551936344,flamingo1800@yandex.com,Meri,Christensen,female,018-487-4296,Charleston,United States,83188,Alaska,313 Calhoun,1946-11-12
crmid:8419434101,benzole2027@yahoo.com,Huey,Conley,male,107-318-4306,Bowling Green,United States,92934,Illinois,116 Colleen,1940-05-07
crmid:2324401791,wrath1836@yandex.com,Leland,Joyner,,578-470-9616,Louisville,United States,32381,California,918 Waterville,1984-06-09
crmid:6711271960,legate1814@live.com,Isaias,Dominguez,male,321-644-2090,Brookfield,United States,62403,Kentucky,499 Encanto,1941-11-21
crmid:7902851850,exfoliate1932@yandex.com,Julian,Serrano,,805-602-6091,Hobart,United States,67060,Massachusetts,529 Greely,1972-10-24
crmid:3107087682,allergy1914@yandex.com,Jeromy,Stafford,male,829-811-4926,Seymour,United States,80828,Indiana,342 Cutler,1935-05-28
crmid:9848287326,bolshevik1968@outlook.com,Russ,Finch,,653-460-2424,South Portland,United States,65447,Vermont,359 Marion,1983-09-10
crmid:7174784688,dungs2059@yandex.com,Rusty,Thompson,male,190-543-5919,Cartersville,United States,42519,California,944 Zeno,1944-08-29
crmid:8530956335,multibranchiate1915@outlook.com,Rocky,Johnson,,036-191-2770,Highland,United States,17485,South Dakota,1104 Grijalva,1971-03-02
crmid:1590510319,merchants2065@yandex.com,Gayle,Patton,,267-314-3183,Mandan,United States,09186,Mississippi,694 Tompkins,1986-01-27
crmid:1333673845,distad1982@yandex.com,Garland,Neal,male,815-320-1929,Rosemount,United States,06438,Illinois,707 Yale,1940-04-21
crmid:8094327195,monopodes1952@gmail.com,Herschel,Conley,,164-774-9419,Mount Juliet,United States,53128,Arizona,610 Langdon,1993-10-23
crmid:9844280544,bergaptene1956@gmail.com,Pasquale,Bray,male,996-414-9865,Cedar City,United States,76490,Maryland,681 Mullen,1945-12-21
crmid:6040877821,emotionalist1925@yahoo.com,Landon,Padilla,male,746-799-6696,Broken Arrow,United States,33827,New Mexico,1258 Dawson,1941-06-22
crmid:2345929933,ribbons1952@outlook.com,Rashad,Chandler,,670-764-3536,Pascagoula,United States,74824,Pennsylvania,620 Legion,1966-07-22
crmid:1130611096,deere1893@live.com,Gavin,Stuart,,491-296-6349,Riverside,United States,85478,Nebraska,1225 Florence,1983-07-12
crmid:6358945261,agaty1869@gmail.com,Ernesto,Ross,,561-781-5432,Salem,United States,39170,Florida,1349 Whittier,1969-07-30
crmid:6681846193,imboldening1806@live.com,Porter,Mcdowell,male,840-493-1904,Campbell,United States,44807,Montana,18 Byxbee,1944-08-19
crmid:3943584991,ashore1829@gmail.com,Wyatt,Potter,,027-161-3732,Lake Jackson,United States,99317,Hawaii,392 Bliss,1980-12-31
crmid:4796093885,afloat1926@yandex.com,Spencer,Colon,male,792-237-5869,Oshkosh,United States,51126,Arizona,411 Bay View,1995-09-04
crmid:4640276367,topkick1867@yahoo.com,Odis,Wyatt,,808-999-0990,Mansfield,United States,99969,Minnesota,460 Custom House,1986-07-31
crmid:4270193573,ennead1826@yandex.com,Marcus,Fitzgerald,male,846-957-9168,Newnan,United States,77622,Arkansas,791 Ross,1997-12-03
crmid:4562907626,auditoria1909@gmail.com,Earle,Juarez,,703-599-5814,Lemoore,United States,18110,Indiana,179 Mccormick,1982-03-26
crmid:3614482241,arienzo1831@gmail.com,Stormy,Baird,female,545-416-6666,Rocklin,United States,68006,Arkansas,1147 Valerton,1947-08-01
crmid:7519679772,mosquito2015@yandex.com,Mary,Carroll,,854-095-3990,Watauga,United States,30811,Nebraska,1052 Helen,1974-08-03
crmid:2343360576,business1936@live.com,Wilfredo,Hardin,male,140-802-0087,Boca Raton,United States,69675,Nevada,545 Blandy,1940-11-22
crmid:9756454573,sciences1900@outlook.com,Brett,Wallace,male,900-597-0872,Blue Island,United States,06155,Georgia,1122 Banbury,1939-02-20
crmid:1859211144,crankless1962@gmail.com,Antonietta,Hill,female,672-287-0246,Dana Point,United States,00343,Maryland,614 Hale,1952-01-14
crmid:1117330555,dryermen2016@yahoo.com,Orville,Brown,male,491-814-5280,Carbondale,United States,47444,Georgia,955 Fortuna,1944-08-04
crmid:6685271512,unicapsular2047@outlook.com,Everett,Padilla,male,996-732-3074,Berkeley,United States,19954,Connecticut,1337 Ninth,1938-04-22
crmid:2116571395,abnormal2029@live.com,Burt,Clemons,,313-879-8329,Houma,United States,91035,New Hampshire,1193 Ottawa,1973-07-04
crmid:1732678585,calabrese2017@yandex.com,Jerrell,Salazar,male,805-745-4086,Schererville,United States,07483,Arizona,700 Zanowitz,1937-05-26
crmid:5033070295,burrus1941@gmail.com,Marcell,Conway,female,600-541-1599,Pottstown,United States,82163,Alaska,427 Berwick,1955-06-07
crmid:2105802463,neuratrophic2065@live.com,Jamaal,Gentry,male,110-703-0972,Blaine,United States,27351,Connecticut,1259 Candyland,1939-05-11
crmid:2606943249,appointment1958@outlook.com,Thomasena,Hunter,female,757-464-0036,Sugar Hill,United States,15548,West Virginia,1084 Old Mason,1948-09-15
crmid:1884004166,ashlar1932@yandex.com,Les,Baird,male,348-179-8041,Alton,United States,80083,New Hampshire,207 Country Club,1931-06-01
crmid:5143645958,cebil1903@yandex.com,Numbers,Pearson,male,142-956-2741,Rosemead,United States,96627,New Mexico,479 Santa Rosa,1942-11-14
crmid:5579907639,ant1834@live.com,Salvatore,Meadows,,203-705-1042,Walnut,United States,33554,Vermont,733 Broad,1978-10-11
crmid:8198327505,dormouse2060@live.com,Issac,Goodwin,male,154-631-4805,Rochester Hills,United States,13490,Kentucky,824 Transbay Loop,1945-05-12
crmid:9168808159,balate2041@yandex.com,Carson,White,,973-053-3928,Rosemount,United States,45208,Ohio,212 Seacliff,1982-09-02
crmid:1169068148,unframeable1996@gmail.com,Clemente,Dalton,male,320-020-5851,Warrensburg,United States,61033,Iowa,115 Broadmoor,1944-02-07
crmid:6387742589,cyanizing2003@live.com,Byron,Mccray,,724-941-3669,Leawood,United States,80355,Montana,498 Cohen,1981-11-01
crmid:1454709015,computerise1815@outlook.com,Digna,Silva,female,438-523-7384,New Brunswick,United States,55891,Florida,591 The Embarcadero,1996-09-28
crmid:9791160241,mischieve1827@outlook.com,Frederick,Mckinney,,242-408-6486,Wilkinsburg,United States,39926,Vermont,1016 Bessie,1974-07-19
crmid:9302743623,graciousness1936@gmail.com,Kurtis,Whitley,male,486-365-3127,Carlsbad,United States,79678,Vermont,774 Hazelwood,1944-06-04
crmid:8449496434,mule1967@live.com,Bertram,Ramsey,,355-979-1940,Niles,United States,64810,Arkansas,951 Skyview,1997-10-31
crmid:6217500198,silentest1980@outlook.com,Vena,Landry,female,162-866-8226,Peoria,United States,75531,Texas,82 Josepha,1950-09-17
crmid:2437252294,deliver2034@yahoo.com,Sung,Gordon,,530-873-9850,Manitowoc,United States,62534,North Carolina,684 Revello,1986-12-05
crmid:3509860333,pointer1859@yahoo.com,Lamont,Cobb,,191-577-2547,Kinston,United States,74366,Delaware,270 Hulbert,1978-01-15
crmid:1457866817,bastioned1938@live.com,Tristan,Hines,,993-133-0248,San Bruno,United States,49474,Nevada,389 Jessie West,1993-07-13
crmid:9598856058,murexid1937@live.com,Carylon,Blackburn,female,487-480-1552,Victorville,United States,57892,California,807 Brussels,1998-12-23
crmid:7572512394,barklyite2018@yahoo.com,Ashlea,Reilly,female,672-882-4531,Chowchilla,United States,68078,Nevada,1354 Trader Vic,1947-11-21
crmid:9041177669,gambol1949@gmail.com,Buster,Crosby,,379-393-2362,Gardena,United States,60300,Maine,646 Shafter,1965-12-24
crmid:9999378145,setae1998@yandex.com,Aldo,Finch,,279-113-2940,Saratoga,United States,44021,Tennessee,552 Opal,1990-01-14
crmid:8960550478,buffoonish1801@gmail.com,Ivory,Dickerson,,295-376-7082,McKinney,United States,09276,Utah,171 Addison,1988-01-10
crmid:3070960870,dosimeter1825@yandex.com,Leroy,Nieves,male,976-738-6737,San Marcos,United States,98610,West Virginia,1361 Arbol,1944-06-21
crmid:9409448415,ockster2014@outlook.com,Raymond,Macias,,614-847-0203,Smyrna,United States,52291,New Jersey,1069 Virginia,1965-05-20
crmid:5136933374,fahey1891@live.com,Brunilda,Sexton,female,465-232-3294,Dyersburg,United States,04562,Kentucky,500 Tenny,1956-01-26
crmid:3889623067,chrysotherapy1834@yandex.com,Joshua,Walls,,559-367-8059,Hoffman Estates,United States,86899,Ohio,1122 Broad,1972-01-21
crmid:5419569847,capozzi1996@yahoo.com,Aron,Riggs,,926-571-9568,Titusville,United States,88360,Kentucky,786 Briarcliff,1980-06-13
crmid:8784220433,bucketman2013@yandex.com,Dana,Hood,,071-919-8407,Hinsdale,United States,97601,Hawaii,1369 Stern Grove,1972-06-26
crmid:1747627354,apparition1903@yandex.com,Leonardo,Williamson,male,708-080-3472,Turlock,United States,71832,West Virginia,131 Galilee,1942-06-08
crmid:7880684660,oversshot1833@gmail.com,Trang,Gamble,female,177-214-6772,Easley,United States,83663,Delaware,476 Diamond Heights,1956-09-11
crmid:3759993556,erode1844@yahoo.com,Homer,Graves,,845-149-3999,Norwood,United States,77675,Kentucky,1314 Minnesota,1965-12-24
crmid:9518792287,caffeina1925@live.com,Coretta,Reeves,female,470-521-1106,Pontiac,United States,99799,Washington,502 Zoe,1946-02-24
crmid:5938095331,broch1886@yandex.com,Guy,Rodriquez,,430-426-4673,Lakewood,United States,71828,Montana,429 Elmira,1980-12-01
crmid:1588613867,leopard2005@live.com,Clay,Reed,,422-859-9439,Universal City,United States,34004,Montana,412 Pemberton,1975-08-30
crmid:5714312439,shrimp1923@live.com,Parker,Robinson,,950-034-9833,Shakopee,United States,26544,South Dakota,1396 Hemlock,1967-11-15
crmid:3855240150,whimbrels2048@outlook.com,Hyon,King,female,949-283-0418,Fairhope,United States,84828,New Mexico,505 Edinburgh,1961-04-16
crmid:1385218537,desirae1820@live.com,Giuseppe,Finch,,327-916-8679,Maple Heights,United States,44241,Arizona,151 Mcnair,1986-08-25
crmid:8003933925,wren1873@gmail.com,Robbie,Mcmahon,,518-839-3784,Hanford,United States,62487,Alabama,302 Vermont,1969-11-16
crmid:3784658329,plasmoid2011@gmail.com,Percy,Best,,420-848-1224,Torrington,United States,42841,Nebraska,495 Prospect,1982-05-07
crmid:6173838348,camper2041@outlook.com,Whitney,Gilliam,,442-582-6355,New Smyrna Beach,United States,59293,South Carolina,965 Munich,1997-10-30
crmid:1168399299,deceive1804@gmail.com,Wendell,Boyle,,137-352-2234,Rialto,United States,53208,Alabama,280 San Jose,1997-06-12
crmid:1076553866,bandager1843@live.com,Greg,Gould,male,853-262-3404,Anniston,United States,27908,Oregon,635 Phelan,1933-04-12
crmid:4769018850,suffixal1905@yandex.com,Warren,Kidd,male,005-838-3432,Webster Groves,United States,14155,Louisiana,81 Battery,1944-10-16
crmid:4022641917,banish1886@yandex.com,Karine,Moreno,female,398-461-5612,Reynoldsburg,United States,16591,Alabama,933 Blanche,1947-04-21
crmid:8398116106,blanca1837@gmail.com,Cherish,Evans,female,956-751-1827,Upper Arlington,United States,50009,Oregon,303 Baxter,1996-04-03
crmid:9176337713,twattles2008@outlook.com,Kanesha,Tyson,female,856-330-2311,Cliffside Park,United States,25485,Vermont,993 Ord,1948-04-29
crmid:9150577347,viceless1881@outlook.com,Torie,Barry,female,620-871-1263,Durango,United States,55162,California,253 Miles,1956-09-02
crmid:7807732378,antiprime1849@gmail.com,Yuri,Burton,female,707-309-4414,Mundelein,United States,25190,West Virginia,1236 Ashbury,1994-04-23
crmid:6884439037,dotes1873@yandex.com,Dylan,Mcclure,,773-001-4762,Monrovia,United States,54711,Georgia,701 North Gate,1992-09-04
crmid:3457251750,uppercutted1992@outlook.com,Tyrell,Mcleod,male,935-384-3797,Berea,United States,97557,Missouri,44 Bright,1938-11-25
crmid:8232886566,wombat1945@yahoo.com,Hipolito,Carlson,,105-816-1836,Milpitas,United States,98323,Illinois,236 Kirkham,1991-08-12
crmid:2733887484,yucca1913@live.com,Efren,Kerr,,676-252-8894,Idaho Falls,United States,64219,Louisiana,182 Graymalkin,1974-11-24
crmid:5375923822,crux1950@live.com,Armandina,William,female,173-027-3852,Pembroke Pines,United States,19472,Washington,732 Avocet,1955-01-31
crmid:2410103236,unpracticable1801@outlook.com,Cleo,Fletcher,,232-184-3576,Glen Ellyn,United States,78321,Oregon,739 Admiral,1966-12-02
crmid:8310207476,resubmitted1806@live.com,Laverne,Sharpe,male,610-130-3481,New Philadelphia,United States,55375,Hawaii,1377 Eastwood,1996-09-20
crmid:8724003354,snails2028@gmail.com,Jonathon,Farmer,,603-971-7994,Seymour,United States,37237,Alabama,915 Brush,1978-01-24
crmid:8751950725,eleazar1861@live.com,Dannie,Guthrie,,024-962-5882,Westland,United States,36501,New York,1145 Cortes,1974-05-22
crmid:8081974547,murmuringly2044@yandex.com,Charlsie,Levy,female,947-079-8914,Chesapeake,United States,85261,Kentucky,1066 Baldwin,1946-02-17
crmid:6938089078,armado2026@yahoo.com,Katlyn,Riley,female,335-367-9159,Federal Way,United States,62391,Kansas,397 Nottingham,1961-11-21
crmid:8544582078,tattooage2063@yahoo.com,Scarlet,Downs,female,044-814-8604,Cocoa,United States,43504,New Jersey,880 Bella Vista,1949-08-08
crmid:5028746302,tironian1938@outlook.com,Frederic,Rhodes,,419-020-3944,Goodyear,United States,24276,Kentucky,1372 Sotelo,1967-05-17
crmid:1433160005,afterspeech1948@yandex.com,Leland,Chandler,male,333-566-5220,Arvada,United States,61872,Mississippi,1071 Nauman,1934-11-12
crmid:7353984277,acute2007@yahoo.com,Nestor,Schwartz,,734-572-5962,Forest Grove,United States,74786,Maryland,831 Ware,1962-11-16
crmid:5628924817,birretta1943@live.com,Rusty,Graves,,112-517-3546,Minot,United States,14302,Idaho,430 Daggett,1991-03-12
crmid:2289037962,dynamistic1968@live.com,Wilfredo,Vang,male,120-144-7125,Asheboro,United States,58080,Georgia,1320 Hobart,1934-10-29
crmid:6513273158,elevator1962@live.com,Merle,Avila,,935-334-8963,Lee's Summit,United States,76290,Wyoming,292 Salmon,1982-04-22
crmid:2066465308,boden1957@gmail.com,Marcell,Harvey,female,490-088-1068,Suisun City,United States,98737,Delaware,719 Loma Vista,1961-06-13
crmid:6899343532,axoplasms1921@live.com,Frances,Lawrence,,677-458-5241,New Berlin,United States,43281,Kansas,616 Iris,1996-07-11
crmid:8567490349,spaciously1914@live.com,Ike,Leonard,male,231-678-3927,Calumet City,United States,82421,Rhode Island,1261 Ocean,1943-12-09
crmid:8780975172,pantopterous1954@live.com,Clark,Andrews,,164-693-6920,Moorpark,United States,66103,Maryland,409 Del Monte,1993-10-10
crmid:6646359155,enflagellation1870@live.com,Cyrstal,Stein,female,973-655-4180,Valdosta,United States,79618,Pennsylvania,887 De Boom,1954-11-21
crmid:5465044431,spaciously1955@outlook.com,Pierre,Stein,male,716-793-6747,Winter Springs,United States,95849,Ohio,622 Alder,1999-01-27
crmid:3766372639,fiducial1853@outlook.com,Sterling,Chavez,,640-378-8452,Marion,United States,16915,Rhode Island,215 Winn,1987-02-21
crmid:2581282145,secret1893@live.com,Walker,Atkinson,male,675-596-9679,Summit,United States,75416,Wisconsin,260 Wawona,1937-10-01
crmid:8221318603,christea1920@outlook.com,Marcellus,Cleveland,,265-916-5794,Kettering,United States,39369,Kansas,601 Broad,1977-06-10
crmid:1093002124,heth1816@yandex.com,Nancie,Massey,female,982-431-4246,Denison,United States,73265,Vermont,101 Lafayette,1954-10-13
crmid:1976495028,koala1927@gmail.com,Earle,Conner,,255-118-8271,Irvine,United States,99219,Virginia,1398 Avenue N,1975-08-09
crmid:6321965432,feoffee2059@yandex.com,Octavio,Ware,male,788-031-5311,Rome,United States,89479,Vermont,673 Tacoma,1934-07-30
crmid:8183142611,fiction1862@yahoo.com,Augustine,Lee,,181-958-5850,Hudson,United States,38588,Delaware,290 Tacoma,1973-07-02
crmid:3234023051,preexamines1927@live.com,Iesha,Bridges,female,231-321-3968,Cooper City,United States,23223,Hawaii,1173 Ocean Vista,1950-04-04
crmid:9462008437,peculiarizing2015@outlook.com,Burl,Hubbard,,326-288-8930,Simpsonville,United States,90045,Virginia,43 Public,1977-01-10
crmid:2014152457,schrik1903@outlook.com,Warren,Mullen,male,829-072-6695,North Las Vegas,United States,06855,Illinois,197 Beaver,1998-01-19
crmid:6781020853,torpor1862@yandex.com,Graham,Reyes,male,776-601-6194,Beloit,United States,97917,Wisconsin,1384 Pratt,1937-04-24
crmid:2791881252,atwood2024@yandex.com,Leif,Burch,male,930-374-9263,Yuba City,United States,07314,Tennessee,1190 Ritch,1931-06-04
crmid:8407325569,cointer1955@outlook.com,Nelson,Simmons,male,574-540-3881,Santa Cruz,United States,90459,Delaware,1218 Venard,1998-01-26
crmid:4917399793,mesothetic1884@live.com,Latia,Calhoun,female,977-338-8711,Dodge City,United States,26919,Wisconsin,725 Thomas More,1955-05-05
crmid:5004199898,mixers2068@gmail.com,Lucio,Villarreal,male,777-847-9367,Buffalo,United States,69597,Virginia,1026 Joice,1942-11-12
crmid:4392929679,chinotti2034@yahoo.com,Danny,Holden,male,339-088-1930,Pasadena,United States,01243,Michigan,350 Florence,1937-11-05
crmid:5913221503,briolette1861@yahoo.com,Broderick,Landry,,139-561-0086,South Gate,United States,36754,North Carolina,979 John Muir,1970-11-03
crmid:5903286471,extremal1827@outlook.com,Justa,Rios,female,853-427-4967,Rockwall,United States,17260,Pennsylvania,761 Turner,1952-12-26
crmid:2301067504,darshi1840@live.com,Elmer,Church,male,544-976-7871,Bethlehem,United States,91305,Nebraska,1329 Redfield,1938-03-06
crmid:3217023239,temperer1917@yahoo.com,Phillip,Galloway,,989-466-3386,Newport,United States,54043,Michigan,471 Hoff,1997-10-30
crmid:3778099722,exacta2028@yandex.com,Sean,Gallegos,male,787-247-4886,Beavercreek,United States,83176,Mississippi,818 D,1937-09-11
crmid:9493302959,starlessly1836@gmail.com,Celinda,Richmond,female,751-700-1924,DeSoto,United States,70007,North Dakota,547 Delano,1953-12-30
crmid:2355617331,beckoning1928@live.com,Erasmo,Monroe,,383-236-7125,McAllen,United States,02142,Missouri,811 Mayflower,1988-01-09
crmid:2321744611,dulcity2029@live.com,Lucio,Goodwin,,903-681-4822,Thousand Oaks,United States,50134,New Hampshire,138 Radio,1973-02-05
crmid:7872549195,aerobatics1872@yandex.com,Brian,Greene,male,813-325-0775,Shoreview,United States,86837,Georgia,244 Buchanan,1936-11-25
crmid:2896792324,religionists1825@yandex.com,Nathanial,Fitzgerald,male,165-160-6569,Waxahachie,United States,12398,Wyoming,854 Bercut Access,1944-07-10
crmid:4801177934,catie1964@yahoo.com,Paz,Skinner,female,415-996-6528,Derby,United States,43734,Connecticut,1156 Nauman,1954-07-27
crmid:5160353939,virgal1835@gmail.com,Houston,Rodriguez,male,237-812-2372,Takoma Park,United States,89203,California,975 Hattie,1940-10-09
crmid:8205933230,gummers1951@yandex.com,Jessie,Horton,,502-554-2570,Mount Pleasant,United States,18683,South Dakota,294 Hollis,1993-02-26
crmid:2108248718,upload2009@live.com,Mel,Villarreal,,082-205-3800,Gilbert,United States,51893,Tennessee,51 Pinar,1966-10-13
crmid:1699677327,finnmarks2018@gmail.com,Norris,Wilder,,593-434-8155,Kinston,United States,83934,California,874 Apollo,1978-11-13
crmid:4783385004,bidden1929@live.com,Shanelle,Horn,female,068-986-2404,Seminole,United States,69479,California,1246 Pennsylvania,1960-08-14
crmid:9820626884,noncorrelating1803@live.com,Filiberto,Kramer,,870-855-3199,South Burlington,United States,85967,Indiana,899 Storey,1976-09-19
crmid:8419434101,overlow1849@live.com,Hassan,Pierce,,414-081-2359,Hendersonville,United States,68662,Virginia,198 Rex,1971-11-01
crmid:2128209894,wyling1912@outlook.com,Roselee,Stewart,female,038-676-1909,Daytona Beach,United States,45203,Maine,284 Lottie Bennett,1953-07-28
crmid:8319384723,dicastic1957@outlook.com,Damien,Ayers,,876-923-1432,Poplar Bluff,United States,47305,Maryland,350 Loehr,1983-02-25
crmid:8249113390,sulphurage1996@outlook.com,Jinny,Morton,female,229-459-0766,Parkland,United States,27656,Massachusetts,1397 Golden Gate,1959-12-26
crmid:8950710144,evens2057@yahoo.com,Evan,Benton,female,504-897-1632,Richfield,United States,71775,Oregon,978 Carrizal,1958-03-03
crmid:3638981668,levelheaded2069@yandex.com,Marquis,Downs,,095-016-5770,Orland Park,United States,73643,Indiana,218 Ulloa,1978-06-26
crmid:5573724973,battling2034@outlook.com,Michale,Fowler,,338-847-5888,Forest Lake,United States,20457,New Jersey,1218 Oloran,1962-04-09
crmid:5737663235,northings2036@yahoo.com,Maynard,Reese,,345-009-8296,Roseburg,United States,34329,New Jersey,914 Macarthur,1977-05-15
crmid:3437037857,cattle1911@live.com,Chung,Sampson,,280-301-9341,Hesperia,United States,56801,Connecticut,351 Perimeter,1971-09-30
crmid:9406100908,algorithms1972@outlook.com,Stan,Ball,male,520-408-8488,Big Spring,United States,55735,Louisiana,200 Valmar,1939-09-02
crmid:1223388069,silhouette1879@gmail.com,Theo,Gilbert,,756-877-1027,Papillion,United States,38615,Colorado,1025 Drummond,1976-06-27
crmid:7136176751,castilian1838@gmail.com,Evelina,Morales,female,884-226-2149,Oak Creek,United States,61008,Nevada,1295 Pennsylvania,1950-03-20
crmid:6048038379,allegri2031@gmail.com,Hollis,Patton,male,726-675-5088,Pullman,United States,65920,Texas,141 Russell,1996-01-30
crmid:7826433747,endosteum1946@yandex.com,Kory,Page,,802-658-0323,Royal Oak,United States,65089,Utah,953 Geary,1987-02-23
crmid:8747564160,razzmatazz1808@live.com,Brady,Giles,,349-518-6747,Pacifica,United States,30045,Alaska,714 Frank Norris,1972-02-02
crmid:6878419263,cabalist1892@yandex.com,Carey,Dillard,male,020-413-3696,Casa Grande,United States,01876,Montana,968 Bepler,1945-02-08
crmid:3056702541,berthe1949@gmail.com,Bobby,Villarreal,male,724-907-0539,Agoura Hills,United States,79227,Maine,144 Rutledge,1930-01-30
crmid:1388643518,congruism1923@yahoo.com,Alva,Valencia,male,850-771-0207,Buffalo,United States,09363,North Carolina,748 Cerritos,1942-01-29
crmid:5245563738,lefty2004@gmail.com,Ayako,Fuentes,female,139-378-3890,Chula Vista,United States,00413,Idaho,843 Ocean Vista,1947-01-10
crmid:6049119968,outlet1893@gmail.com,Emmanuel,Sargent,,250-956-5034,West Springfield,United States,20169,Oregon,875 Fauntleroy,1963-05-03
crmid:5883207176,charmian1821@yandex.com,Pat,Adkins,,765-611-0685,Schererville,United States,38702,Arizona,1226 Penny,1980-01-27
crmid:8427187986,sciences2005@live.com,Alfredo,Perkins,,449-367-8487,Yucaipa,United States,52797,Nevada,161 Patterson,1985-04-02
crmid:5465044431,copyist1953@outlook.com,Wonda,Gallagher,female,792-223-3071,Socorro,United States,23527,New Jersey,705 Laguna,1956-09-11
crmid:3904304698,sphenoidal2047@live.com,Reed,Alvarado,male,449-489-4625,Brooklyn Center,United States,94745,Connecticut,725 Stanford Heights,1942-08-01
crmid:2004249851,briar1818@yandex.com,Ezekiel,Berg,,202-955-8460,Parkland,United States,49301,Utah,107 Barneveld,1982-01-30
crmid:4750023273,burial1933@yahoo.com,Marcos,Schultz,male,645-135-1729,Baltimore,United States,32264,Oregon,269 Bay,1935-07-26
crmid:9765198849,ethenyl1907@yahoo.com,Burl,Robinson,,480-955-7287,South Bend,United States,27620,Mississippi,430 Alert,1968-12-18
crmid:9249557377,liger2055@live.com,Genna,Riley,female,683-533-7693,El Centro,United States,17449,South Carolina,1387 Mission Bay,1958-03-25
crmid:6382373802,sylvin1894@yahoo.com,Clint,Erickson,,812-577-8308,High Point,United States,57098,Kentucky,1126 Jack Micheline,1971-10-20
crmid:4797854460,eland1895@yandex.com,Noble,Tate,,026-502-8647,Sierra Vista,United States,75648,New Jersey,393 Ramsell,1990-06-27
crmid:9044097423,chorai1965@yandex.com,Wilbert,Puckett,,925-452-3424,Gloucester,United States,76571,Mississippi,663 Vicente,1966-04-21
crmid:6970122469,ameed1973@gmail.com,Zachery,Roberson,,077-592-7689,Normal,United States,42770,Michigan,108 Rosie Lee,1998-08-20
crmid:5703974854,wonders1933@live.com,Denny,Farley,male,161-106-7695,West Hollywood,United States,65142,Connecticut,1285 Zampa,1996-02-05
crmid:5050154016,photogenous1810@outlook.com,Rueben,Castaneda,male,773-579-2866,Bedford,United States,45077,Minnesota,1119 Santa Ana,1937-08-05
crmid:9216910380,lag1927@outlook.com,Jesus,Dunlap,,815-111-3073,Panama City,United States,33391,Arkansas,1073 Dearborn,1969-06-12
crmid:9631352392,fletcher1940@yandex.com,John,Rogers,male,175-456-5272,Benbrook,United States,38797,Connecticut,25 Ellis,1938-05-25
crmid:1782857564,meteorology2040@outlook.com,Otto,Briggs,,616-006-6737,La Mesa,United States,50605,Texas,1051 Scotia,1978-10-07
crmid:4692919806,estevam1850@live.com,Marisha,Horne,female,716-840-3043,Winona,United States,83307,Hawaii,1367 Commercial,1948-06-14
crmid:3980848178,transubstantiate2019@yandex.com,Ardella,Mcfadden,female,315-130-2756,SeaTac,United States,50977,South Dakota,573 Reardon,1956-01-19
crmid:1346763536,flabbiest2065@outlook.com,Emmie,Fitzpatrick,female,902-712-1780,Vernon Hills,United States,19597,Maine,1135 Striped Bass,1947-11-20
crmid:4064698703,peddles2031@yahoo.com,Tory,Guy,female,264-643-7872,West Bend,United States,13091,Tennessee,584 Stanton,1954-09-12
crmid:1562874113,dingley1989@outlook.com,Pearly,Ramsey,female,516-067-1830,Orem,United States,17535,Delaware,1231 Roselyn,1950-07-24
crmid:2733377062,misdeemed2063@outlook.com,Floretta,Jacobson,female,065-780-4576,Citrus Heights,United States,15720,North Carolina,751 Nevada,1947-03-15
crmid:9359786189,domination2059@gmail.com,Sergio,Cochran,male,293-256-9537,Stamford,United States,05639,Louisiana,1084 Miramar,1939-09-06
crmid:5118975153,eskar1832@yahoo.com,Tory,Hatfield,female,539-270-2900,Mountlake Terrace,United States,23705,Maryland,468 Nebraska,1994-04-17
crmid:3022612857,belanda1861@yandex.com,Gustavo,Dyer,male,826-552-0772,Asbury Park,United States,29894,Nevada,535 Kansas,1934-04-09
crmid:2906190126,spaller2014@outlook.com,Alexander,House,,079-015-6347,Glenview,United States,61053,Nebraska,63 Brumiss,1966-11-12
crmid:6388499836,chengwei2058@yahoo.com,Vern,Hunter,,362-378-8259,North Ridgeville,United States,35270,Oklahoma,568 Royal,1999-07-21
crmid:6632439843,draconis1934@gmail.com,Lenard,Hunt,,651-504-4105,Laguna Beach,United States,48469,Utah,537 Zircon,1979-07-09
crmid:4774341727,adansonia1835@gmail.com,Marlin,Hampton,,042-702-3473,Glassboro,United States,63376,Mississippi,1238 Bluestone,1966-11-17
crmid:7452271984,cambre2029@yandex.com,Hershel,Kennedy,male,786-341-7776,Redwood City,United States,62147,Illinois,944 Nordhoff,1936-05-16
crmid:3864229030,vegan1964@outlook.com,Dell,Miller,female,168-380-1925,New Rochelle,United States,91560,Texas,654 Panama,1996-04-04
crmid:1498037690,tonic1836@gmail.com,Leandro,Molina,,503-789-7521,Oakley,United States,45761,Texas,1311 Bucareli,1982-06-17
crmid:5285545401,blockader2032@outlook.com,Quentin,Rush,,901-620-4786,San Marcos,United States,95733,New Hampshire,931 Walnut,1976-07-12
crmid:8276587154,balas1858@outlook.com,Markus,Shelton,male,252-291-0584,Atascadero,United States,35125,Maine,138 Hill Point,1934-07-27
crmid:8947357323,bobbye1854@live.com,Monnie,Riggs,female,934-685-6263,Dumont,United States,97644,Alaska,366 Sansome,1956-07-25
crmid:5060945495,maxillas2000@yandex.com,Hank,Nguyen,,768-113-1433,Poughkeepsie,United States,69372,Kansas,61 Fern,1976-12-04
crmid:6116315956,abaft1843@outlook.com,Fidel,Ayers,,740-892-5146,Sanger,United States,26309,Colorado,118 Hillway,1966-08-20
crmid:7843865310,arrays2019@gmail.com,Scottie,Thomas,,334-609-9966,Kettering,United States,99796,Alaska,1344 Ravenwood,1977-01-25
crmid:4598563335,addiction2008@yandex.com,Jack,Scott,male,495-485-2536,Burnsville,United States,82764,New Hampshire,612 Torney,1943-05-26
crmid:1840738646,aceology1993@yandex.com,Ali,Ellis,male,520-201-8140,Nampa,United States,79900,Indiana,1205 Alta,1995-12-30
crmid:1049280703,dockyards1877@gmail.com,Steve,Merritt,male,000-477-4585,Saginaw,United States,65865,Colorado,312 Hillway,1935-09-20
crmid:5032032262,surcease1858@live.com,Darwin,Dunn,,841-931-1512,Lumberton,United States,50321,Washington,950 Paradise,1985-10-19
crmid:2568670683,unimitated1962@outlook.com,Jae,Giles,,139-078-7150,Shakopee,United States,54978,Michigan,652 Broadmoor,1982-07-31
crmid:4736045529,cerulean1969@outlook.com,Emmanuel,Love,,094-321-9131,Grapevine,United States,80155,Rhode Island,4 Marsily,1967-06-03
crmid:1890751820,bred1850@yahoo.com,Elin,Hurley,female,017-830-7603,South Salt Lake,United States,85956,Georgia,712 Ruckman,1994-09-27
crmid:4534850323,manning1802@outlook.com,Joseph,Beach,,159-564-0722,Roanoke,United States,39303,Alabama,315 Marshall,1973-07-31
crmid:6352641729,soling1899@outlook.com,Franklin,Franks,,184-232-0939,Marshall,United States,87363,Wisconsin,326 Fort Funston,1987-01-23
crmid:7189202792,turtle2018@yandex.com,Jewel,Lancaster,,850-685-2618,Las Vegas,United States,71387,Nevada,661 Industrial,1981-12-14
crmid:7015118411,bencher2022@live.com,Chance,Turner,,853-800-8949,Sheridan,United States,86116,Colorado,892 Service,1985-03-20
crmid:8247739159,headsmen1847@yahoo.com,Joane,Wiggins,female,158-707-6391,Elko,United States,23015,Nevada,103 Burritt,1959-04-12
crmid:1376353860,bazooka2014@outlook.com,Sommer,Love,female,331-128-1855,Winona,United States,56554,Montana,661 Marsily,1952-11-16
crmid:6376155240,descended2022@live.com,Carl,Holcomb,,909-597-9870,Mount Clemens,United States,51741,Vermont,637 Revere,1993-10-12
crmid:5146894340,vituperatory1888@yandex.com,Cheryll,Bryan,female,808-295-2305,Rolla,United States,89157,Arkansas,612 Lynch,1958-02-04
crmid:2251545315,preacquiring1818@outlook.com,Walter,Kidd,male,681-835-8054,Bixby,United States,64998,Arizona,1241 Olney,1939-10-19
crmid:3758958010,sewings1903@yahoo.com,Gregorio,Melton,,995-517-1934,West Covina,United States,97838,New Mexico,492 John Muir,1976-08-28
crmid:9552317008,screechbird1916@yahoo.com,Wilson,Sargent,,387-625-4918,Ocala,United States,65417,Montana,1033 Haight,1995-09-12
crmid:4344984636,purdah1906@live.com,Reuben,Nolan,,479-417-7502,Tinton Falls,United States,97286,Washington,738 Gellert,1968-12-13
crmid:1228511761,divergence1895@live.com,Robby,Foreman,male,491-221-6780,Billings,United States,98295,Washington,1042 South Gate,1939-08-10
crmid:9492642784,eckler1830@yandex.com,Lynetta,Goff,female,383-117-8524,Downers Grove,United States,37249,Missouri,778 Oreilly,1955-06-11
crmid:9305074702,spurnwater1850@gmail.com,Horacio,Sparks,male,112-389-1346,Oregon,United States,18401,Florida,498 Ringold,1943-05-27
crmid:5519846179,nonfossiliferous1846@gmail.com,Beau,Sheppard,,728-251-1626,Valley Stream,United States,34186,Iowa,552 Francis,1976-07-04
crmid:4841515068,earth1857@outlook.com,Rufus,Baker,,191-142-0212,Rochester Hills,United States,24080,North Dakota,232 Langdon,1962-12-14
crmid:6133661956,dryopians1869@outlook.com,Alvaro,Conrad,,492-510-0258,North Ogden,United States,88775,Wyoming,391 Aquavista,1998-08-25
crmid:5142387237,immolator1944@yandex.com,Virgilio,Roman,male,198-973-5576,Port Orange,United States,07789,West Virginia,735 Kingston,1937-10-25
crmid:7666773985,dresser1941@yandex.com,Gail,Nieves,male,934-035-7026,Bullhead City,United States,28929,Minnesota,923 Dewitt,1942-04-21
crmid:5411164500,durrell1960@outlook.com,Dario,Newman,,750-989-0968,Morgan Hill,United States,94153,Georgia,1036 Mullen,1993-07-16
crmid:6863298437,dalt1959@yahoo.com,Blossom,Workman,female,041-557-5300,Eden Prairie,United States,02767,Arkansas,352 Church Parking Lot,1957-01-31
crmid:6293691077,pulmometer1984@yahoo.com,Shalon,Salazar,female,142-137-5620,Converse,United States,95723,Hawaii,989 Wheat,1950-11-19
crmid:9905292235,nonadjacent1810@yahoo.com,Kaycee,Gallegos,female,795-342-4937,Corinth,United States,23079,Pennsylvania,755 Grijalva,1950-05-11
crmid:8873270455,alligator2007@outlook.com,Danny,Sharp,,810-474-3528,Wheeling,United States,43089,Oregon,435 Peralta,1989-12-11
crmid:2328522611,sardine2020@yahoo.com,Linsey,Willis,female,157-133-7291,West Springfield,United States,83341,North Carolina,383 Octavia,1951-05-31
crmid:6567182876,catalysis1886@live.com,Jess,Cleveland,,134-918-6149,Lake Forest,United States,19617,Hawaii,384 Morningside,1980-03-13
crmid:2609893997,shove1932@yahoo.com,Darius,Rocha,male,629-855-8263,Alliance,United States,87726,Indiana,825 Norwich,1931-03-25
crmid:5011616556,cavalero1936@gmail.com,Joesph,Ewing,,492-531-6451,Riviera Beach,United States,53130,Arizona,971 Jauss,1998-06-10
crmid:9034892429,remake1876@yahoo.com,Seth,Shaffer,,587-863-6799,Madisonville,United States,28082,Georgia,1138 Toll Plaza Tunnel,1985-05-21
crmid:3312953807,dragonade1879@gmail.com,Martin,Ward,,420-568-9678,Pembroke Pines,United States,34364,Kentucky,513 South Van Ness,1972-06-14
crmid:4896497072,decertation1970@yahoo.com,Robert,Mckay,male,898-077-2710,Saratoga,United States,04285,Michigan,828 Nobles,1934-08-19
crmid:1912583727,vomer1906@yahoo.com,Haywood,Dudley,,923-769-6957,Greenbelt,United States,41225,Pennsylvania,868 Legion,1968-08-16
crmid:2731023404,messor1916@outlook.com,Branden,Collins,,954-366-0175,South Pasadena,United States,87920,Oregon,796 Halibut,1972-12-29
crmid:6007702072,swingaround1816@outlook.com,Alonso,Harrell,male,806-057-2325,Aurora,United States,03508,Arizona,1283 Macondray,1935-01-13
crmid:3206137322,claval1995@outlook.com,Desmond,Howard,male,754-419-9162,Americus,United States,17600,Indiana,866 Stanford,1932-03-15
crmid:9489989359,cozen1864@outlook.com,Marvin,Cline,,007-060-6531,Ormond Beach,United States,49035,Florida,83 Calgary,1993-06-30
crmid:3343973343,wakened1912@yahoo.com,Donovan,Rodgers,,667-874-4384,Plantation,United States,37993,Wyoming,459 Howth,1974-10-26
crmid:1791053580,wangler1885@yahoo.com,Ronnie,Reid,,075-844-5199,Simi Valley,United States,69046,New Hampshire,53 Ellsworth,1971-03-03
crmid:9323538829,unspecific1986@live.com,Aja,Gould,female,340-170-2936,Paramount,United States,90433,Nebraska,220 Boalt,1959-01-12
crmid:7072395623,thwartship1875@gmail.com,Tracey,Francis,,188-913-9603,La Crosse,United States,07920,Georgia,306 Fern,1978-02-24
crmid:7225752625,wyling1823@yahoo.com,Ronald,Manning,,276-805-4266,Holyoke,United States,87358,Iowa,496 Bella Vista,1972-03-25
crmid:5085526157,snakemouths1900@live.com,Arianna,Kelley,female,166-846-0019,Oxnard,United States,78031,Hawaii,1297 Nobles,1950-01-16
crmid:4118048861,croquette2000@yandex.com,Ron,Rowland,,238-504-8803,Huntington,United States,64934,Kansas,804 Woodward,1973-11-27
crmid:8591330777,calvary1852@live.com,Nathanial,Reeves,,670-768-9590,Malden,United States,26179,Connecticut,1372 Sunglow,1985-05-20
crmid:4985825442,sassiest1951@yahoo.com,Lavone,Macdonald,female,225-101-5602,Tamarac,United States,89232,Louisiana,754 Grijalva,1950-05-18
crmid:1525772469,acronymized1913@outlook.com,Norberto,Pope,,309-488-8027,Sun Prairie,United States,40488,Hawaii,1290 Graystone,1989-04-03
crmid:5702351254,saucerman1954@yahoo.com,Lyle,Conley,male,810-142-4295,Springville,United States,01667,Utah,761 Lessing,1934-06-07
crmid:1494077539,abject2046@yahoo.com,Gregory,Sloan,female,175-714-6218,East Ridge,United States,18241,Wisconsin,1232 Tingley,1957-04-27
crmid:8390637039,application2035@gmail.com,Trevor,Ewing,male,720-986-3797,Bellwood,United States,99280,Rhode Island,1100 San Fernando,1937-11-18
crmid:1086737883,alive2004@yahoo.com,Quintin,Mcpherson,,219-692-2699,Woburn,United States,94274,Massachusetts,1271 Rodriguez,1987-08-11
crmid:9022088644,motophone1904@yahoo.com,Jerold,Cotton,,623-661-5945,Oak Forest,United States,48552,Kentucky,418 Page,1990-09-27
crmid:3773031987,section1828@yandex.com,Horace,Sargent,,928-744-5325,Mukilteo,United States,44770,Arkansas,579 Arballo,1994-08-02
crmid:5657851753,pike2059@gmail.com,Tyrone,Gilbert,,649-101-4939,Lakeland,United States,92570,North Carolina,992 Bernice Rodgers,1980-04-09
crmid:3921013656,asmear2038@live.com,Dot,Velez,female,104-439-8774,Cortland,United States,69963,North Dakota,1257 Carver,1951-12-19
crmid:3079432335,chytridial1988@gmail.com,Porfirio,Rivers,,078-043-9010,Fountain,United States,93774,Arkansas,64 Navy,1963-04-11
crmid:7769210889,cranic1888@outlook.com,Glady,Holcomb,female,317-568-6727,South Elgin,United States,18421,Arizona,469 Diana,1952-03-14
crmid:3159684534,costarred1872@live.com,Nicolas,Brock,male,057-888-1451,Beckley,United States,71310,North Dakota,1141 Edgemont,1937-07-04
crmid:9723970983,woundless1887@yandex.com,Ezekiel,Higgins,male,879-306-9927,Wadsworth,United States,04337,Missouri,1211 Montezuma,1932-04-14
crmid:9451918882,combo1964@gmail.com,Laurene,Wagner,female,382-426-2952,Columbia,United States,27855,New Jersey,997 Knott,1949-05-30
crmid:9155271080,staminigerous2051@gmail.com,Tod,Ware,,520-926-6918,Waukesha,United States,73109,Ohio,1178 Blanche,1974-09-05
crmid:9972780090,broomer2025@yandex.com,Jacinto,Morris,,554-717-6014,Noblesville,United States,31906,Iowa,294 Rivoli,1997-07-23
crmid:8513063161,basset1802@yahoo.com,Chadwick,Payne,,509-651-9101,Parma,United States,99418,Vermont,595 Key,1992-08-31
crmid:9319823880,crocky1917@gmail.com,Salvatore,Gibson,male,843-227-9585,Bozeman,United States,57689,Pennsylvania,1348 San Jacinto,1940-09-11
crmid:8796407320,immunology1841@yandex.com,Waylon,Prince,male,870-241-2823,Bridgeport,United States,51708,Washington,67 Hunters Point,1941-10-24
crmid:2521895873,aural1945@yandex.com,Glennie,O'donnell,female,714-765-5691,South Holland,United States,99769,Texas,1037 Hill Point,1949-11-18
crmid:5560686265,close1973@live.com,Tyree,Faulkner,,893-314-6563,St. Peters,United States,31153,Louisiana,85 Mclaren,1974-10-06
crmid:9938613151,argus1852@outlook.com,Oliva,Snyder,female,981-581-4653,Dania Beach,United States,35198,Georgia,677 Zanowitz,1952-07-27
crmid:1721127829,caricaturists1929@gmail.com,Latesha,Bean,female,769-753-2135,Chanhassen,United States,20276,Arizona,1088 Ogden,1946-05-02
crmid:9272963940,peacemaker1917@outlook.com,Owen,Gonzales,,451-926-1675,Vineland,United States,70235,Iowa,821 Westbrook,1992-01-06
crmid:9027153281,silicon1827@gmail.com,Juan,Castillo,male,155-976-9875,Belton,United States,31176,Arkansas,1351 Faxon,1937-06-05
crmid:3934766101,breeds2027@live.com,Linsey,Wong,female,884-795-7318,Pueblo,United States,85698,Iowa,910 West Crystal Cove,1954-11-10
crmid:5198684010,kilhig1897@yahoo.com,Michal,Howe,,323-051-6575,Manhattan,United States,94347,Indiana,569 Florentine,1986-12-13
crmid:4723121479,monstrosities2015@live.com,Junior,Bennett,,220-104-1128,Wentzville,United States,92150,New York,862 Vermont,1981-05-07
crmid:9484080896,thunderstorm1838@live.com,Sammie,Flynn,,802-578-1390,Inkster,United States,79224,Rhode Island,697 Burritt,1974-06-06
crmid:7788234731,dockyards1999@yandex.com,Mikel,Thornton,,453-698-3478,Lisle,United States,55481,Oregon,869 Ortega,1983-09-09
crmid:3902464740,barong1919@yandex.com,Connie,Benson,,982-320-0840,Virginia Beach,United States,89954,Louisiana,125 Coldspring,1999-07-15
crmid:9083177440,dress1936@outlook.com,Jonell,Bruce,female,348-426-0099,Daphne,United States,69923,Nevada,998 Lakeview,1953-11-08
crmid:2875787388,megaword1816@outlook.com,Marco,Powell,,296-484-3651,Newport Beach,United States,35778,New York,797 Balance,1997-06-16
crmid:5480483567,pteridium1881@outlook.com,Charley,Hinton,,216-084-4490,La Crosse,United States,45745,Hawaii,476 Country Club,1978-08-19
crmid:4189033615,animated1886@gmail.com,Lamar,Cline,male,721-855-1557,Bristol,United States,38017,Maine,348 Chestnut,1941-06-06
crmid:5883077922,dreamlit1925@live.com,Jerrod,Jackson,,573-651-6046,Millbrook,United States,54774,Texas,66 Hill Point,1991-10-30
crmid:5517481340,cyborgs1973@outlook.com,Ethan,Montgomery,male,008-240-7556,Stanton,United States,06595,Nebraska,786 Bellevue,1932-04-20
crmid:2109776114,cheering1862@live.com,Rey,Rasmussen,male,026-612-7954,Bolingbrook,United States,87110,Maine,512 Eastwood,1940-08-24
crmid:6151173203,bruise1986@yahoo.com,Randall,Grimes,male,182-944-3704,North Richland Hills,United States,14984,Connecticut,194 Holyoke,1999-02-22
crmid:7330136253,cuttlefish1889@gmail.com,Buck,Pace,,325-331-7497,Massillon,United States,64960,Georgia,515 Esquina,1988-11-27
crmid:1375007400,multibranchiate2056@yahoo.com,Elliot,Gamble,,970-328-0258,Menasha,United States,45196,Wyoming,1028 Leona,1989-08-21
crmid:7564466662,cricker1806@yahoo.com,Ezekiel,Trevino,,097-377-9152,Moraga,United States,43818,Alabama,505 Austin,1993-07-15
crmid:7496464234,euda1906@gmail.com,Adolph,Pacheco,,295-908-6136,Medford,United States,48109,North Dakota,1311 Geneva,1988-07-28
crmid:2901193665,basilosauridae1815@gmail.com,Joane,Mcintyre,female,419-814-7068,Clarksville,United States,55163,Rhode Island,265 Delmar,1948-10-08
crmid:3177589020,sculleries1801@outlook.com,Mario,Johnston,,338-670-7428,Leesburg,United States,06937,Idaho,732 Agnon,1982-01-06
crmid:1292135485,nonseparable1838@gmail.com,Hubert,Crosby,,187-655-6404,Pittsburgh,United States,32920,California,376 Wisconsin,1975-05-16
crmid:3534545362,moirai2059@gmail.com,Hyman,Horton,,578-923-6082,Glen Ellyn,United States,97506,Nevada,635 Alta Mar,1966-11-25
crmid:7742264747,neglectingly2051@live.com,Monte,Mueller,,330-271-0559,Keller,United States,43967,Massachusetts,745 Merrill,1977-08-18
crmid:9353531992,alegre1889@yandex.com,Glenn,Conway,,323-493-6302,Manassas,United States,98242,Illinois,1191 Via Ferlinghetti,1986-06-27
crmid:7914889317,douping2002@yahoo.com,Francesco,Roberts,,342-696-7677,Orlando,United States,30652,Wyoming,1205 Mojave,1975-01-27
crmid:9113190891,holk1972@outlook.com,Laci,Robles,female,692-959-1580,Durham,United States,25369,Indiana,550 Tehama,1956-05-25
crmid:5991648108,bibliographer1871@yahoo.com,Reid,Henson,,458-150-0596,Gardena,United States,59724,Minnesota,288 Halyburton,1965-09-28
crmid:3529986998,megalomaniac2014@yahoo.com,Bell,Koch,female,166-292-9327,El Centro,United States,03416,Texas,488 Seward,1958-01-16
crmid:2581760731,arnis2040@gmail.com,Jack,Conner,male,333-596-2846,Bainbridge Island,United States,81076,California,657 Paradise,1935-05-07
crmid:9891677082,annoyer1903@outlook.com,Cherilyn,Vincent,female,238-865-8360,Cincinnati,United States,69964,Illinois,1312 Leavenworth,1947-12-29
crmid:5441637549,aliyos1896@outlook.com,Le,Christensen,female,140-804-9449,Erie,United States,61772,Illinois,12 Fanning,1960-10-10
crmid:1076553866,toner1847@gmail.com,Elmer,England,,882-926-4074,Lawrence,United States,38310,Colorado,677 Castenada,1981-06-28
crmid:7947654058,carrizo1840@outlook.com,Charlie,Hyde,male,328-055-2967,Allen,United States,05503,Iowa,1367 August,1931-02-15
crmid:5334496918,adermia1957@live.com,Armando,Conrad,male,228-296-8737,Carlsbad,United States,60783,Iowa,512 Cresta Vista,1944-11-22
crmid:3548917814,commander1945@yahoo.com,Soraya,Fields,female,721-039-5891,College Park,United States,84387,Maine,571 Esquina,1949-08-09
crmid:2763552025,bogert2015@outlook.com,Willie,Frederick,male,516-234-9978,Prairie Village,United States,69634,Arizona,190 Windsor,1942-11-19
crmid:7107302795,edlin1824@yandex.com,Darrick,Buckley,male,783-549-2678,Cedar Falls,United States,61577,Missouri,1091 Sumner,1945-11-05
crmid:1528943043,chinchilla1976@yahoo.com,Bud,Lowe,,534-629-1482,Susanville,United States,24875,North Carolina,1072 Merrimac,1963-04-15
crmid:7041223471,remeant1989@outlook.com,Conrad,Bond,,767-577-5581,Johnson City,United States,64198,Virginia,758 Webb,1975-11-10
crmid:8251924987,emacs2017@live.com,Deon,Pitts,male,277-327-9784,Cabot,United States,14427,Wyoming,46 Mercedes,1943-03-23
crmid:6025320293,nonmannered1807@yahoo.com,Orval,Guthrie,,381-308-8181,Norwich,United States,45924,Maine,32 Van Keuren,1999-08-18
crmid:5653697014,acanth1800@yahoo.com,Faustina,Parks,female,532-620-9270,East Palo Alto,United States,13701,New Hampshire,433 Mint,1957-03-22
crmid:2811401478,chances1953@live.com,Jarred,Hampton,,285-716-8611,Jacksonville,United States,29282,Maryland,594 Broadway,1975-05-16
crmid:8199064034,ridicule1871@yandex.com,Jacelyn,Fleming,female,100-682-7116,Danville,United States,52111,Colorado,641 Arballo,1953-10-07
crmid:1192442076,unpanged1991@yandex.com,Marya,King,female,129-204-9011,Temple Terrace,United States,75371,Mississippi,346 Kate,1950-06-16
crmid:9772714823,wampum2053@outlook.com,Kasie,Mcconnell,female,759-664-3944,Plainfield,United States,67577,New York,586 Trader Vic,1958-12-09
crmid:9096325153,marriers1807@yahoo.com,Dirk,Olson,,882-837-9803,Hopkins,United States,91199,Alabama,376 Loma Vista,1973-05-05
crmid:8591002103,epeira1963@yahoo.com,Peter,Patel,,972-287-4905,La Porte,United States,28996,South Dakota,59 Madison,1979-04-27
crmid:8268595760,didie1895@live.com,Jacquelynn,Reed,female,164-780-1982,Stanton,United States,72794,Idaho,358 Lapu-Lapu,1952-04-24
crmid:1013395165,tribromophenol1841@live.com,Wilson,Mccray,,468-414-6386,Independence,United States,76354,Colorado,1016 Cole,1974-05-20
crmid:1449122686,berkelium1873@yahoo.com,Ward,Bradley,male,052-159-0841,Royal Oak,United States,00009,Louisiana,245 Nevada,1936-10-03
crmid:5885921699,groten2009@yahoo.com,Mike,Francis,female,400-966-7329,Davis,United States,33440,California,1269 Trumbull,1953-06-10
crmid:5218168547,exceptionalness1851@live.com,Andy,Garrett,,368-779-7916,Houston,United States,25031,Maryland,77 Kingston,1973-05-26
crmid:8804267495,paradise1903@live.com,Arnoldo,Mcclure,male,428-050-7295,Arroyo Grande,United States,08758,Ohio,612 Rome,1934-01-19
crmid:4616573663,corban1921@gmail.com,Earle,Rice,,691-215-0196,Hickory,United States,28760,Utah,1159 Hawthorne,1971-04-14
crmid:6572856339,deermeat1879@gmail.com,Whitney,Beck,,097-480-8488,Linden,United States,31006,Georgia,155 Dehon,1983-06-06
crmid:2271675041,jotisi1954@outlook.com,Homer,Houston,,793-448-9254,Glassboro,United States,80040,Arkansas,690 Harlow,1966-02-08
crmid:3465012929,profaners1932@yandex.com,Scottie,Hogan,male,999-612-8268,Biddeford,United States,59296,Kentucky,945 Kaplan,1939-09-14
crmid:4052014315,killing1933@gmail.com,Marty,Mclaughlin,,256-768-0557,Havelock,United States,19307,Connecticut,370 La Avanzada,1970-03-18
crmid:3257106013,organismal1974@yahoo.com,Alden,York,,957-651-1288,Hackensack,United States,59994,South Dakota,1252 Medau,1969-09-07
crmid:8975021423,dylan2024@yandex.com,Jamison,Mcfadden,male,399-316-3669,Brandon,United States,95442,Oregon,594 Morning Glory,1941-05-19
crmid:1442163096,abidal1922@live.com,Krissy,Miller,female,640-119-9524,Seal Beach,United States,92492,Texas,820 Somerset,1954-05-20
crmid:8945694592,nesty1876@outlook.com,Rufina,Reynolds,female,854-296-3915,Farmers Branch,United States,49668,New Jersey,501 Dorland,1961-07-24
crmid:5396422102,barite1916@yandex.com,Janiece,Dalton,female,230-253-5786,Rexburg,United States,17922,Iowa,600 Cole,1947-04-07
crmid:3505523015,curate1814@yandex.com,Charlie,O'neil,,616-350-8279,Tukwila,United States,21364,Alaska,1343 Sussex,1963-11-06
crmid:8853137179,seated1863@gmail.com,Les,Kane,male,888-977-2172,Twinsburg,United States,73981,Delaware,362 Service,1945-06-16
crmid:7885733860,outcrawls2067@yahoo.com,Letty,Gates,female,246-405-6750,Cleburne,United States,83615,Kentucky,1004 Dichiera,1948-05-11
crmid:2530413566,brewages1969@outlook.com,Donte,Guerra,,592-605-1934,South Bend,United States,36219,Oklahoma,1290 Iowa,1976-12-22
crmid:6138225781,noncorrelating1911@live.com,Dewitt,Santiago,,648-320-5844,South El Monte,United States,33979,Indiana,1370 Lucerne,1973-10-13
crmid:5168037764,bethlehem1904@outlook.com,Royal,Burgess,,210-982-9218,Gilroy,United States,84717,Massachusetts,449 Junipero Serra,1966-04-15
crmid:5171898840,reuttering1944@outlook.com,Henry,Mccray,,029-770-4232,Hoffman Estates,United States,47958,Maine,135 Grove,1972-08-09
crmid:6799613928,bison1808@outlook.com,Alonso,Mercer,male,201-310-4804,Beckley,United States,05992,California,303 Via Bufano,1937-01-20
crmid:4305325015,agnomen1917@yandex.com,Jonah,Herrera,,018-704-4618,Vancouver,United States,37776,Montana,1344 Dukes,1970-01-24
crmid:5334496918,sawer1987@yahoo.com,Anastacia,Wiley,female,802-045-6445,Rockledge,United States,51966,Pennsylvania,1383 Castillo,1996-04-01
crmid:2911366620,hodad1813@yandex.com,Connie,Blake,male,285-020-0896,Anchorage,United States,16087,New Hampshire,1207 Aztec,1932-02-03
crmid:5396917413,incunabulist1972@yandex.com,Enola,Meyer,female,806-642-7664,Dearborn,United States,17662,South Carolina,988 Richland,1953-03-20
crmid:4696326703,abbotships1947@gmail.com,Curtis,Bell,,989-834-7419,West Lafayette,United States,96237,Delaware,80 Blandy,1966-05-11
crmid:8773242378,couturier1809@yandex.com,Sharan,Benson,female,803-456-6043,Dana Point,United States,41980,Wyoming,1058 Angelos,1952-08-02
crmid:4016377352,ballers1996@yandex.com,Melaine,Velasquez,female,315-355-6994,Naugatuck,United States,53155,Missouri,1234 Marlin,1995-10-05
crmid:8136348486,coumara2069@gmail.com,Scottie,Preston,male,200-370-4775,Binghamton,United States,87576,Oregon,929 Bernard,1939-09-24
crmid:3602938299,overgratefulness1891@live.com,Lanny,Langley,,251-181-0773,Kennewick,United States,11331,Kentucky,285 Illinois,1977-04-06
crmid:1253605359,tonic2037@yandex.com,Normand,Ortiz,,486-809-1268,Laguna Woods,United States,20624,Nebraska,299 Vassar,1979-04-10
crmid:4936096899,bungerly1853@yahoo.com,Cameron,Cardenas,male,222-538-8355,Bangor,United States,02912,Maryland,1219 Knockash,1936-02-05
crmid:6201510935,nodes1869@yahoo.com,Enoch,Vinson,,832-179-5824,Leominster,United States,20991,Iowa,1140 Ora,1982-05-03
crmid:7140397685,mindsets1929@yahoo.com,Tennille,Dodson,female,822-736-1417,Cookeville,United States,52282,Maryland,1237 Old Decatur,1950-09-08
crmid:4903270149,drainpipe2070@gmail.com,Arron,Underwood,male,283-274-7055,Billings,United States,07782,Texas,859 Lily,1939-01-29
crmid:2171061844,busch1862@yandex.com,Chang,Everett,male,161-254-8354,Norristown,United States,02111,Vermont,337 Fell,1998-01-03
crmid:4231291224,bolete1923@yandex.com,Noble,Palmer,,529-443-6515,Mount Pleasant,United States,49695,Indiana,1292 Grove,1993-08-14
crmid:5704736085,selachian1824@yahoo.com,Devin,Skinner,,871-707-2528,Jefferson City,United States,32895,Colorado,381 Wallace,1975-06-14
crmid:2870088646,berberine1856@live.com,Delmar,Mcpherson,male,358-771-8296,Americus,United States,17613,Oregon,776 Wallace,1932-03-20
crmid:6052117971,bloomed1874@live.com,Tuan,Workman,,693-850-6999,Pueblo,United States,95399,Georgia,1325 Payson,1970-10-16
crmid:4977029293,hare1837@live.com,Demetrius,Molina,,050-544-4778,Jacksonville,United States,78763,Wyoming,68 Burlwood,1975-05-27
crmid:4560291381,precisionize1849@yandex.com,Brenton,Joyce,male,736-801-4456,Palestine,United States,70410,Washington,1080 Meade,1938-02-16
crmid:7725960501,intertarsal1976@yahoo.com,Marty,Baird,,264-887-6040,Livonia,United States,22073,Iowa,355 Santa Monica,1983-04-17
crmid:9020890109,achromic2053@yahoo.com,Retta,Wheeler,female,389-417-2901,Woodburn,United States,74243,Florida,859 Carson,1958-07-31
crmid:7222793451,dovelet1964@yahoo.com,Daniel,Smith,male,606-804-8048,Bountiful,United States,17293,South Dakota,1342 Bercut Access,1940-02-27
crmid:5434488820,pooled1995@live.com,Reinaldo,Hart,,164-303-7631,Tinley Park,United States,83343,Missouri,369 Topeka,1978-02-13
crmid:7873961645,suzerain1912@outlook.com,Kermit,Gutierrez,,843-382-8467,Moscow,United States,42673,Maryland,321 Gould,1993-07-21
crmid:3416018438,adapa1814@outlook.com,So,Wilkins,female,769-304-3892,San Mateo,United States,29107,Vermont,769 Henry Adams,1958-08-31
crmid:4745902470,pangamous2070@live.com,Elliot,Delaney,male,889-830-5772,Buckeye,United States,19556,Alabama,786 Sparta,1942-03-08
crmid:8104467192,barnacle2052@outlook.com,Nathanial,Walter,male,742-266-7515,Antioch,United States,45421,Florida,445 Kate,1933-07-30
crmid:4268936235,simars2001@outlook.com,Tommy,Klein,,961-462-0242,Roselle,United States,94484,Nebraska,1106 Pacheco,1986-08-30
crmid:6600213811,centrosome1924@yandex.com,Sanford,Johnston,male,496-201-3543,Burlington,United States,94674,Utah,1352 Candyland,1943-09-15
crmid:7601103244,albatross2037@outlook.com,Jenae,Bridges,female,471-847-9364,Pensacola,United States,69629,North Carolina,1228 Santa Barbara,1952-04-04
crmid:8911685006,improbable1942@live.com,Kennith,Bowman,,834-727-8018,Malden,United States,71990,New Hampshire,569 Zoo,1985-02-04
crmid:5850320739,bluestocking1948@yahoo.com,Jody,Velazquez,,868-022-0985,Hoffman Estates,United States,38383,Vermont,994 Lake Merced Hill,1972-05-06
crmid:1758457463,acclimatize1882@outlook.com,Dalton,Finch,,448-452-3798,Little Elm,United States,62117,Oregon,332 Quebec,1983-11-25
crmid:7053788352,agnoite1808@gmail.com,Sona,Hill,female,367-248-2130,Dallas,United States,46188,Tennessee,781 Antonio,1952-08-14
crmid:3240239865,alive1845@yandex.com,Gordon,Stewart,,992-074-4913,Terre Haute,United States,36121,Colorado,1048 Clipper Cove,1973-10-22
crmid:4219800921,exclude2067@yandex.com,Ali,Aguirre,male,666-794-8931,Poplar Bluff,United States,00771,North Dakota,1282 Shephard,1931-01-01
crmid:9211509036,upshove1952@yandex.com,Oswaldo,Forbes,,474-125-7341,Fullerton,United States,34872,Illinois,611 Diamond,1964-07-31
crmid:2522796853,betelnut1994@outlook.com,Ellan,Hardy,female,631-469-2835,Darien,United States,83273,Vermont,1311 Otega,1953-03-13
crmid:8538138664,benares1914@outlook.com,Agripina,Ramsey,female,094-173-3962,New Braunfels,United States,90620,Montana,1374 Stanford Heights,1996-04-01
crmid:3133482725,darrack1977@yahoo.com,Sal,Benjamin,male,150-378-3801,Peachtree City,United States,79592,Wyoming,24 Clementina,1933-10-17
crmid:5829013512,suedes1946@live.com,Vince,Cervantes,male,318-210-6510,Wentzville,United States,01423,Illinois,563 Ware,1940-10-05
crmid:1906842770,bouche1968@yandex.com,Bill,Schmidt,,568-251-5379,Longmont,United States,30013,Pennsylvania,1370 Bernard,1984-06-27
crmid:7911497431,bopeep1932@yahoo.com,Benton,Ford,,236-576-5873,Schertz,United States,44547,South Dakota,601 Bemis,1981-11-15
crmid:3576413428,desiri1814@gmail.com,Rey,Blevins,male,157-291-5150,Bend,United States,74096,Oregon,1214 Dutch Windmill Access,1938-12-21
crmid:2154295288,elided1889@yahoo.com,Indira,Carpenter,female,364-396-8346,Zanesville,United States,82313,South Carolina,902 Leavenworth,1957-04-05
crmid:1562874113,preacquiring1921@yahoo.com,Melodee,Terry,female,755-031-7722,Douglasville,United States,93327,Ohio,1117 Belles,1955-06-29
crmid:8423208714,zelkova1988@outlook.com,Marni,Lawson,female,103-926-1002,Enterprise,United States,35231,Alaska,814 Middle West,1960-06-17
crmid:7455878158,gobbet1921@gmail.com,Marcellus,Valentine,male,060-588-9900,Allentown,United States,30734,Wisconsin,106 Castenada,1931-07-29
crmid:9666783668,jaborin1879@yahoo.com,Caleb,Stafford,,553-745-6871,Lackawanna,United States,39090,Mississippi,317 Coralino,1979-07-21
crmid:3503774243,progression1807@live.com,Rolando,Weaver,,502-399-5482,Laguna Woods,United States,30997,Alabama,1070 Majestic,1979-06-19
crmid:1828226585,bizonia1802@outlook.com,Moshe,Prince,,388-260-2570,Mankato,United States,90484,Virginia,9 Wallen,1986-10-01
crmid:7980985777,rachidial1941@outlook.com,Rusty,Cervantes,male,355-333-8626,Brockton,United States,67457,Missouri,1395 Osage,1941-10-29
crmid:5420923889,together1896@live.com,Gaston,Vazquez,,362-227-2535,Minot,United States,39988,Virginia,632 Fitzgerald,1991-07-10
crmid:8105694589,encenter1850@yandex.com,Jamey,Ford,female,002-178-6383,Vicksburg,United States,75239,West Virginia,265 Chilton,1952-10-07
crmid:5712851647,rotundity1908@yandex.com,Ernest,Kidd,male,729-033-6191,Auburn Hills,United States,17535,Georgia,90 Albatross,1934-04-16
crmid:3457251750,pike2070@live.com,Milton,Goff,male,451-048-9448,Bountiful,United States,48879,Virginia,644 Prentiss,1940-07-11
crmid:9859283221,diagnose1817@gmail.com,Charley,Witt,,171-848-7181,Rapid City,United States,39669,New Jersey,809 Baltimore,1969-08-08
crmid:9694662420,amok2065@outlook.com,Aide,Brooks,female,685-179-4293,El Reno,United States,05568,North Carolina,1027 Dukes,1958-01-04
crmid:1998986217,inconsultable2009@yandex.com,Garfield,Dodson,male,487-926-0122,Vallejo,United States,09189,Nebraska,778 Santa Cruz,1936-04-08
crmid:3537281529,locoed2010@gmail.com,Vanda,Sharp,female,449-922-3481,Stanton,United States,55974,North Dakota,534 Ravenwood,1996-04-17
crmid:7666679937,emirate1901@live.com,Harley,O'brien,male,121-491-2458,Soledad,United States,59641,Illinois,605 Hester,1995-01-30
crmid:8982093983,walrus1803@gmail.com,Amiee,Peterson,female,009-523-6077,Selma,United States,60991,Alabama,155 Washburn,1954-01-23
crmid:3668049351,unmelted1967@outlook.com,Kendrick,Osborn,male,961-126-1849,Bell,United States,35789,Tennessee,283 Eastwood,1937-06-22
crmid:3024420355,facer1955@yahoo.com,Kendrick,Mcneil,male,135-149-8201,North Canton,United States,79099,Minnesota,621 Brewster,1998-11-01
crmid:8289306851,fletcher2051@live.com,Rueben,Ruiz,male,342-003-4060,Sunnyvale,United States,17009,Connecticut,213 Keystone,1943-08-26
crmid:9053962382,catamenia2069@outlook.com,Rogelio,Mcmahon,,727-921-3179,Hobart,United States,00750,North Dakota,422 Sacramento,1972-01-28
crmid:1845033212,thymol1808@yandex.com,Mario,Pennington,,953-420-4801,Massapequa Park,United States,39439,Connecticut,1394 Appleton,1988-06-29
crmid:4845050056,antarctical2035@yandex.com,Ai,Cantu,female,342-774-6256,Eureka,United States,06002,Kansas,1216 Dorado,1960-01-05
crmid:8471486341,chicomecoatl2029@yandex.com,Colin,Morales,,099-099-2069,Minneapolis,United States,62467,Rhode Island,981 Rosie Lee,1991-11-23
crmid:7138437790,diets1886@outlook.com,Quintin,Miller,,746-827-3315,Loveland,United States,07666,Hawaii,60 Highland,1984-02-07
crmid:2312397847,deanthropomorphism2047@live.com,Fredric,Wolf,,788-172-0789,Somerville,United States,40490,Arizona,246 Mccoppin,1992-01-15
crmid:3428662658,durrie2010@gmail.com,Mica,Carter,female,751-994-2710,Chicago Heights,United States,30475,Hawaii,1262 Long Bridge,1947-06-05
crmid:8208020979,cliffs1802@outlook.com,Boyce,Gates,male,962-627-8548,Tempe,United States,61605,Pennsylvania,1267 Albatross,1943-11-20
crmid:2410571632,theek1906@yandex.com,Pat,Tyler,,382-484-7453,Maywood,United States,80698,Maryland,779 Gellert,1988-07-04
crmid:6625869174,bondholding1987@yahoo.com,Clarence,Howell,,656-184-7575,North Tonawanda,United States,59284,Texas,1154 Napoleon,1999-10-11
crmid:1820495631,mesovaria1844@gmail.com,Jarred,Howell,male,121-482-2786,Albuquerque,United States,64463,Michigan,435 Dawson,1931-11-10
crmid:5088443479,overreached1849@gmail.com,Avery,Walter,,725-645-7083,Marion,United States,57069,Louisiana,447 Charles J Brenham,1987-09-30
crmid:8681116409,cuerda1839@yahoo.com,Cesar,Rodriguez,male,492-382-2047,Bellaire,United States,03504,Arizona,735 Grove,1937-02-25
crmid:6146897028,minicar1999@live.com,Micheal,Irwin,female,828-199-9259,Danville,United States,64738,Maine,265 Lysette,1953-11-12
crmid:9930565260,metatarsi1901@outlook.com,Micheal,Golden,male,414-322-5686,Adrian,United States,43450,Virginia,717 Rebecca,1930-07-11
crmid:8144945546,boards1820@outlook.com,Eugene,Mcfarland,male,507-379-2309,Alpharetta,United States,18074,Kansas,1138 Loomis,1931-04-19
crmid:6033129472,middlesplitter2045@yahoo.com,Jaye,Acosta,female,649-535-3172,Somerville,United States,17604,New Mexico,1284 Kaplan,1948-11-08
crmid:1108859838,moping2002@live.com,Percy,Rocha,male,158-235-8448,Wadsworth,United States,74433,Virginia,802 Yale,1932-08-25
crmid:4022463283,carless1813@yahoo.com,Elease,Melton,female,768-627-0008,Easley,United States,12538,Arkansas,1365 Ervine,1956-03-20
crmid:7129426160,agent1877@gmail.com,Sung,Thompson,,193-826-4779,Mountain View,United States,35678,Washington,496 Dorchester,1994-06-17
crmid:2043595206,australi1857@outlook.com,Ralph,Heath,,715-433-6698,Lewiston,United States,87631,Montana,801 Woodside,1982-09-25
crmid:1792399029,spice2033@live.com,Renato,Hoffman,,747-491-4558,Ithaca,United States,36436,New York,60 Seventh,1975-05-18
crmid:6316544599,modest2053@yandex.com,Michel,Humphrey,male,309-631-5202,Oviedo,United States,74143,California,497 Cottonwood,1935-07-15
crmid:6196790976,conquered1938@yahoo.com,Mark,Prince,,814-923-0495,Lompoc,United States,92676,Alaska,15 Fell,1984-05-09
crmid:5144565558,clarichord1832@gmail.com,Chance,Horton,,293-444-7479,Galt,United States,46443,New Jersey,1380 Jennings,1965-08-22
crmid:3357022773,creatine1851@yahoo.com,Len,Reilly,,657-218-1537,Wyoming,United States,89087,Mississippi,936 Christmas Tree Point,1976-01-03
crmid:1780905608,forger1896@outlook.com,Darnell,Curry,,291-579-6782,Ocala,United States,94941,Tennessee,385 Mississippi,1982-01-14
crmid:2101440773,microlitic1838@yandex.com,Hunter,Reynolds,,615-264-8916,Roselle,United States,26570,Kentucky,748 Emerald Cove,1963-11-18
crmid:3654050329,intervascular2007@gmail.com,Carola,Finch,female,977-261-0136,Compton,United States,80263,Indiana,469 Westgate,1949-02-09
crmid:4832282538,console1852@outlook.com,Sylvester,Summers,,364-401-5318,Vincennes,United States,48358,North Carolina,856 Clarence,1992-01-29
crmid:6614634193,endosteum1823@yahoo.com,Sammie,Valdez,,655-292-5378,Logansport,United States,51153,New Jersey,1019 Belcher,1983-09-05
crmid:7464673085,bradley2035@live.com,Kareem,Mccormick,,019-376-8393,Paragould,United States,66944,Massachusetts,328 Seneca,1990-01-16
crmid:5282313800,hadron2066@live.com,Evan,Rogers,,854-152-8647,Portland,United States,45773,North Dakota,1183 Crescio,1991-04-17
crmid:6206935586,plote1891@yahoo.com,Emmitt,Brock,,730-460-3399,Harlingen,United States,33191,Virginia,818 Sunglow,1969-06-17
crmid:1879611357,lemur1997@yandex.com,Jeff,Melendez,,478-820-0368,Gadsden,United States,51223,New Hampshire,561 Newburg,1964-09-11
crmid:4742239070,sirvent1944@gmail.com,Stuart,Pearson,male,796-845-9604,Seminole,United States,05063,Massachusetts,260 Copper,1936-12-17
crmid:6978728705,alluvium2041@gmail.com,Joette,Armstrong,female,410-651-9316,Ramsey,United States,58209,New Mexico,724 Riley,1994-03-29
crmid:2320321177,seawan1824@yandex.com,Chester,Rollins,,328-242-1861,Long Branch,United States,71646,Wyoming,1034 Ggp Access Road,1984-11-04
crmid:5141778838,barclay1823@gmail.com,Ellan,Martin,female,707-275-2456,Coon Rapids,United States,10960,Wisconsin,145 Boalt,1950-03-18
crmid:2066860381,cudgeled2007@gmail.com,Anderson,Barry,,123-889-5607,Hinsdale,United States,05008,Colorado,5 Colby,1972-02-21
crmid:7092039767,alexandrite1850@yandex.com,Jaymie,Macias,female,964-265-3921,Deerfield,United States,28186,Washington,984 Elmhurst,1954-04-18
crmid:4623067503,collie2048@gmail.com,Jessie,Bryant,male,816-887-9318,Valley Stream,United States,68104,Nevada,1043 Clara,1939-05-04
crmid:6530514834,erection2057@gmail.com,Erick,Kinney,,453-135-3209,Olympia,United States,30170,North Carolina,894 Lee,1969-03-02
crmid:6638942474,overbrush1872@yahoo.com,Laurence,Herring,male,298-798-5337,Santa Maria,United States,04860,Florida,54 Oneida,1937-06-13
crmid:7414961550,unmet1835@yahoo.com,Antoine,Alvarez,,424-682-9782,Morgan Hill,United States,82966,Alaska,589 Anglo,1993-05-21
crmid:1404091595,syntelome1944@yandex.com,Berry,Cross,,490-539-4943,Seymour,United States,33928,Maine,1017 Fern,1975-04-12
crmid:1093638382,pseudosquamate1859@live.com,Truman,Bartlett,,716-097-7663,Las Vegas,United States,44041,North Carolina,1379 Dudley,1981-07-02
crmid:5941604834,dachshund1995@yandex.com,Willis,William,,013-180-4078,Lynn,United States,69189,Alabama,579 Oakhurst,1985-10-25
crmid:1455504159,sailmaker1949@outlook.com,David,Duncan,,195-231-1957,Marquette,United States,39015,Kansas,371 Lancaster,1987-07-21
crmid:5606010670,europeanization2013@outlook.com,Arletha,Burke,female,671-611-6039,Elmira,United States,05603,Kansas,1116 Cuesta,1959-01-04
crmid:4964423586,trout1967@live.com,Harley,Gregory,,234-455-3793,Gahanna,United States,86334,Massachusetts,156 Gladeview,1964-06-20
crmid:9866550973,alien1818@yandex.com,Marcos,Downs,male,378-704-9619,Bethany,United States,37950,California,793 India,1938-07-08
crmid:1394180929,roorbach1968@outlook.com,Chuck,Walton,male,684-842-9757,Victoria,United States,09325,North Carolina,46 Pino,1941-02-17
crmid:5436879167,dolmen1817@yahoo.com,Casey,Mckay,,276-633-4111,Hickory,United States,40553,Rhode Island,1334 Hawkins,1971-08-01
crmid:5529278670,baghdadi1854@yahoo.com,Antonia,Schwartz,male,137-031-3115,University City,United States,51021,Illinois,726 Turk Murphy,1998-02-28
crmid:5457867302,congregant2013@yandex.com,Willis,Benjamin,,731-890-6457,Tualatin,United States,67773,Colorado,437 Boalt,1963-05-13
crmid:6500289535,underlain1949@live.com,Corey,Mayo,,839-592-9147,Inkster,United States,43544,West Virginia,695 San Rafael,1974-08-09
crmid:7452271984,fumous1823@yandex.com,Syreeta,Willis,female,410-522-0400,South Pasadena,United States,14180,New Jersey,76 Crissy Field,1951-08-31
crmid:2549847336,annie1974@gmail.com,Spencer,Gaines,,099-848-8390,Harrison,United States,51506,Oklahoma,363 Cesar Chavez,1970-09-05
crmid:7549493347,trunks2018@gmail.com,Zack,Mathews,,978-775-3360,Norfolk,United States,52635,Arizona,1251 Irwin,1998-10-20
crmid:3864229030,applejack1827@yandex.com,Cyrus,Yang,,843-841-0994,New Orleans,United States,83116,Delaware,110 Greenwood,1996-07-25
crmid:9362015037,tommed2025@live.com,Shalon,Melendez,female,437-685-2073,Eugene,United States,44471,Florida,1347 Argonaut,1960-08-20
crmid:2244312197,endrys1831@gmail.com,Jamal,Buchanan,,474-688-8665,Gulfport,United States,82320,Arkansas,1332 Quickstep,1969-09-08
crmid:2664212795,tironian1855@gmail.com,Louis,Cantrell,,344-146-2929,Grove City,United States,28316,Michigan,571 South Van Horn,1968-04-17
crmid:1296159429,looseness1946@gmail.com,Keva,Keller,female,740-347-8917,Niagara Falls,United States,14092,Washington,996 Rosie Lee,1997-04-09
crmid:2948286622,ceratins1878@yandex.com,Bruce,Leonard,male,739-647-8839,Sidney,United States,50571,Missouri,431 Montana,1938-02-17
crmid:4428248703,achates1975@live.com,Eliseo,Dodson,male,824-613-5163,Northport,United States,01473,Wisconsin,524 Jerrold,1999-02-22
crmid:3920698821,bider1985@live.com,Darrell,Alvarez,male,105-354-2991,Batavia,United States,13310,North Dakota,294 Oak Park,1936-03-01
crmid:3095142908,hippophagy2050@outlook.com,Maximo,Schultz,,634-919-8530,Inglewood,United States,53381,Colorado,746 Ambrose Bierce,1974-10-13
crmid:3861689949,aeschylus1960@gmail.com,Kymberly,Lyons,female,097-504-1199,Fairborn,United States,28174,Nevada,1065 Richardson,1961-05-18
crmid:9844586683,adventurous1967@outlook.com,Hung,Rivas,,445-946-8155,Suisun City,United States,59822,Rhode Island,1329 Mariner,1985-01-29
crmid:8656285059,flamingos1914@yandex.com,Kelvin,Porter,male,620-310-6482,Ashtabula,United States,32262,Arizona,660 Worth,1934-06-23
crmid:5691561328,subinterval1880@yandex.com,Efren,Campos,,325-116-7061,Venice,United States,34196,Hawaii,781 Golding,1980-06-16
