id,reservationid,orderid,crmid,timestamp,orderType,productsku,hotelCheckInUnix,hotelCheckOutUnix,hotelCheckInTS,hotelCheckOutTS,hotelName,hotelChain,hotelLocation,hotelRoomType,hotelRoomCount,hotelGuestAdultCount,hotelGuestChildCount,hotelNightCount,hotelRoomPrice,hotelFinalPrice
c5e45654-53cb-11ea-bbfa-b88a60e194fb,OUG-5QZF,orderid:830412,crmid:1370449865,2020-02-03T06:00:26.000Z,kiosk,prd1083,1580796026,1580882426,2020-02-04T06:00:26+00:00,2020-02-05T06:00:26+00:00,Hospitality Inn: Bangkok,Hospitality Inn,Bangkok,luxury,1,1,0,1,390.39,390.39
c5e567ca-53cb-11ea-bb46-b88a60e194fb,V4C-QAQX,orderid:823229,crmid:5445292878,2020-02-10T01:17:39.000Z,website,prd1010,1581556659,1581815859,2020-02-13T01:17:39+00:00,2020-02-16T01:17:39+00:00,Blue Reef Resort: San Diego,Blue Reef Resort,San Diego,standard,1,1,0,3,133.98,401.94
c5e67930-53cb-11ea-b55f-b88a60e194fb,ORZ-3QUE,orderid:205886,crmid:1939470828,2020-01-20T06:23:23.000Z,website,prd1142,1579674203,1579760603,2020-01-22T06:23:23+00:00,2020-01-23T06:23:23+00:00,Blue Reef Resort: Philadelphia,Blue Reef Resort,Philadelphia,premium,1,1,0,1,176.51,176.51
c5e7d778-53cb-11ea-b6c8-b88a60e194fb,SE0-YYTW,orderid:219409,crmid:3902589317,2019-12-20T01:40:34.000Z,mobile,prd1136,1576892434,1577065234,2019-12-21T01:40:34+00:00,2019-12-23T01:40:34+00:00,Aspen Heights: Osaka,Aspen Heights,Osaka,standard,1,1,0,2,137.0,274.0
c5e8c31a-53cb-11ea-9ec4-b88a60e194fb,FAZ-HQDT,orderid:673304,crmid:8306170085,2020-01-28T14:47:45.000Z,website,prd1088,1580309265,1580482065,2020-01-29T14:47:45+00:00,2020-01-31T14:47:45+00:00,Aspen Heights: Ankara,Aspen Heights,Ankara,premium,1,1,0,2,111.71,223.42
c5e9ad98-53cb-11ea-8a59-b88a60e194fb,BYU-NTOK,orderid:284830,crmid:1107536411,2020-01-12T07:08:53.000Z,website,prd1044,1580886533,1581491333,2020-02-05T07:08:53+00:00,2020-02-12T07:08:53+00:00,Repose Resort: Colorado Springs,Repose Resort,Colorado Springs,standard,1,1,0,7,140.36,982.52
c5eabf02-53cb-11ea-bef6-b88a60e194fb,M0U-ZUQK,orderid:358225,crmid:6610963425,2019-12-31T01:11:05.000Z,mobile,prd1172,1580260265,1581037865,2020-01-29T01:11:05+00:00,2020-02-07T01:11:05+00:00,Aspen Heights: Mesa,Aspen Heights,Mesa,standard,1,1,0,9,192.0,1728.0
c5eba952-53cb-11ea-9e37-b88a60e194fb,ZNF-YGGM,orderid:265134,crmid:9119347044,2020-01-11T19:33:40.000Z,website,prd1122,1578857620,1579030420,2020-01-12T19:33:40+00:00,2020-01-14T19:33:40+00:00,Restful Nights: Valencia,Restful Nights,Valencia,standard,1,1,0,2,149.12,298.24
c5ec93b4-53cb-11ea-aa03-b88a60e194fb,V8O-308I,orderid:680091,crmid:4784606658,2020-02-03T21:47:11.000Z,call center,prd1150,1581457631,1582062431,2020-02-11T21:47:11+00:00,2020-02-18T21:47:11+00:00,Sego Lily Suites: Columbus,Sego Lily Suites,Columbus,standard,1,1,0,7,155.18,1086.26
c5edcc28-53cb-11ea-aba1-b88a60e194fb,MAL-SBCG,orderid:594351,crmid:7483633457,2020-01-09T16:01:48.000Z,website,prd1142,1578672108,1578844908,2020-01-10T16:01:48+00:00,2020-01-12T16:01:48+00:00,Blue Reef Resort: Philadelphia,Blue Reef Resort,Philadelphia,standard,1,1,0,2,151.17,302.34
c5ee8f98-53cb-11ea-9b2f-b88a60e194fb,DE5-SANX,orderid:849374,crmid:2372764097,2020-02-07T23:49:59.000Z,website,prd1054,1583020199,1583365799,2020-02-29T23:49:59+00:00,2020-03-04T23:49:59+00:00,Sego Lily Suites: Tampa,Sego Lily Suites,Tampa,premium,1,1,0,4,136.15,544.6
c5efa0d2-53cb-11ea-903d-b88a60e194fb,052-47HU,orderid:776414,crmid:8963772826,2020-02-15T11:42:34.000Z,kiosk,prd1163,1584186154,1584877354,2020-03-14T11:42:34+00:00,2020-03-22T11:42:34+00:00,Nesting Box Inn: Oklahoma City,Nesting Box Inn,Oklahoma City,premium,1,1,0,8,202.87,1622.96
c5f0b26e-53cb-11ea-a963-b88a60e194fb,AUE-9W2N,orderid:849789,crmid:9860839638,2019-12-15T16:41:08.000Z,call center,prd1088,1576514468,1576600868,2019-12-16T16:41:08+00:00,2019-12-17T16:41:08+00:00,Aspen Heights: Ankara,Aspen Heights,Ankara,standard,1,1,0,1,111.09,111.09
c5f237b6-53cb-11ea-aa3d-b88a60e194fb,M2M-HCVA,orderid:608420,crmid:1838054129,2020-01-19T10:21:59.000Z,website,prd1033,1579947719,1580552519,2020-01-25T10:21:59+00:00,2020-02-01T10:21:59+00:00,Admiralty Plaza: Milwaukee,Admiralty Plaza,Milwaukee,standard,1,1,0,7,172.46,1207.22
c5f3236e-53cb-11ea-ad8a-b88a60e194fb,LAL-MCRH,orderid:230000,crmid:2673559954,2020-02-08T09:41:18.000Z,call center,prd1128,1582882878,1583574078,2020-02-28T09:41:18+00:00,2020-03-07T09:41:18+00:00,Repose Resort: Rotterdam,Repose Resort,Rotterdam,premium,1,1,0,8,169.31,1354.48
c5f40dbe-53cb-11ea-bbce-b88a60e194fb,RAS-FEAC,orderid:509241,crmid:5614684700,2020-02-05T02:08:39.000Z,call center,prd1107,1580954919,1581127719,2020-02-06T02:08:39+00:00,2020-02-08T02:08:39+00:00,Hospitality Inn: Kharkiv,Hospitality Inn,Kharkiv,standard,1,1,0,2,132.47,264.94
c5f54640-53cb-11ea-a53a-b88a60e194fb,8E8-MRLH,orderid:246386,crmid:7026341510,2019-12-08T08:50:09.000Z,website,prd1023,1577868609,1578559809,2020-01-01T08:50:09+00:00,2020-01-09T08:50:09+00:00,Hospitality Inn: Boston,Hospitality Inn,Boston,standard,1,1,0,8,94.62,756.96
c5f6309c-53cb-11ea-a35b-b88a60e194fb,OSU-YLYN,orderid:244702,crmid:9385865165,2020-01-11T00:16:19.000Z,kiosk,prd1004,1580256979,1581207379,2020-01-29T00:16:19+00:00,2020-02-09T00:16:19+00:00,Aspen Heights: Boulder,Aspen Heights,Boulder,standard,1,1,0,11,167.94,1847.34
c5f71b06-53cb-11ea-b9b7-b88a60e194fb,KHB-1T6Y,orderid:351709,crmid:6882638855,2019-12-11T23:28:29.000Z,kiosk,prd1100,1577834909,1578871709,2019-12-31T23:28:29+00:00,2020-01-12T23:28:29+00:00,Aspen Heights: Misk,Aspen Heights,Misk,premium,1,1,0,12,156.18,1874.16
c5f8539a-53cb-11ea-b57b-b88a60e194fb,CUG-GITV,orderid:826089,crmid:7557649031,2020-02-08T17:00:51.000Z,service desk,prd1148,1581267651,1581354051,2020-02-09T17:00:51+00:00,2020-02-10T17:00:51+00:00,Aspen Heights: Jacksonville,Aspen Heights,Jacksonville,standard,1,1,0,1,148.42,148.42
c5f963a4-53cb-11ea-b2f9-b88a60e194fb,ILE-TCE9,orderid:834208,crmid:4470044518,2020-01-27T10:15:04.000Z,website,prd1058,1582366504,1582884904,2020-02-22T10:15:04+00:00,2020-02-28T10:15:04+00:00,Blue Reef Resort: Delhi,Blue Reef Resort,Delhi,standard,1,1,0,6,141.88,851.28
c5fa4f50-53cb-11ea-9442-b88a60e194fb,FP5-03R9,orderid:468593,crmid:8221634446,2019-12-03T12:04:46.000Z,website,prd1057,1576929886,1577880286,2019-12-21T12:04:46+00:00,2020-01-01T12:04:46+00:00,Admiralty Plaza: Mumbai,Admiralty Plaza,Mumbai,standard,1,1,0,11,152.01,1672.11
c5fbaede-53cb-11ea-948a-b88a60e194fb,8QO-5M5O,orderid:176226,crmid:6280452126,2020-01-13T20:02:39.000Z,mobile,prd1137,1581019359,1581537759,2020-02-06T20:02:39+00:00,2020-02-12T20:02:39+00:00,Sapphire Suites: Manila,Sapphire Suites,Manila,premium,1,1,1,6,141.7,850.2
c5fce76c-53cb-11ea-a0a4-b88a60e194fb,HJC-QD71,orderid:263611,crmid:4142052426,2019-12-04T01:16:00.000Z,kiosk,prd1172,1577150160,1577754960,2019-12-24T01:16:00+00:00,2019-12-31T01:16:00+00:00,Aspen Heights: Mesa,Aspen Heights,Mesa,premium,1,1,2,7,172.8,1209.6
c5fe1ff0-53cb-11ea-9075-b88a60e194fb,PKL-WNNV,orderid:463974,crmid:8746692499,2019-12-05T14:25:30.000Z,mobile,prd1057,1577111130,1577888730,2019-12-23T14:25:30+00:00,2020-01-01T14:25:30+00:00,Admiralty Plaza: Mumbai,Admiralty Plaza,Mumbai,premium,1,1,0,9,117.67,1059.03
c5ff0a4c-53cb-11ea-9c28-b88a60e194fb,VN7-XLPU,orderid:600973,crmid:6988227142,2020-01-25T22:46:25.000Z,website,prd1081,1580337985,1581720385,2020-01-29T22:46:25+00:00,2020-02-14T22:46:25+00:00,Admiralty Plaza: Rod de Janeiro,Admiralty Plaza,Rod de Janeiro,standard,1,1,0,16,169.5,2712.0
c60042c2-53cb-11ea-af64-b88a60e194fb,7DE-NY96,orderid:730892,crmid:9933438864,2020-02-02T07:18:52.000Z,service desk,prd1101,1580714332,1580800732,2020-02-03T07:18:52+00:00,2020-02-04T07:18:52+00:00,Sapphire Suites: Vienna,Sapphire Suites,Vienna,premium,1,1,0,1,111.05,111.05
c6012bd8-53cb-11ea-bae3-b88a60e194fb,D5O-LF34,orderid:715063,crmid:4900697019,2020-01-07T17:50:51.000Z,website,prd1098,1580493051,1581011451,2020-01-31T17:50:51+00:00,2020-02-06T17:50:51+00:00,Restful Nights: Kiev,Restful Nights,Kiev,standard,1,1,0,6,159.21,955.26
c6023e98-53cb-11ea-8ba6-b88a60e194fb,HFA-R5AA,orderid:577133,crmid:1191056752,2019-12-03T11:53:13.000Z,call center,prd1076,1577101993,1577361193,2019-12-23T11:53:13+00:00,2019-12-26T11:53:13+00:00,Aspen Heights: Bogota,Aspen Heights,Bogota,standard,1,1,0,3,137.48,412.44
c6037722-53cb-11ea-b954-b88a60e194fb,AFK-LEW6,orderid:600414,crmid:5307489472,2019-12-29T01:22:14.000Z,call center,prd1076,1579396934,1580088134,2020-01-19T01:22:14+00:00,2020-01-27T01:22:14+00:00,Aspen Heights: Bogota,Aspen Heights,Bogota,standard,1,1,0,8,168.88,1351.04
c60460c6-53cb-11ea-bc54-b88a60e194fb,SHB-JGPL,orderid:831166,crmid:5953520068,2020-02-01T15:05:51.000Z,website,prd1021,1582124751,1583507151,2020-02-19T15:05:51+00:00,2020-03-06T15:05:51+00:00,Admiralty Plaza: Denver,Admiralty Plaza,Denver,standard,1,1,2,16,94.81,1516.96
c6054bf6-53cb-11ea-b0c4-b88a60e194fb,83Z-NOUZ,orderid:341247,crmid:1876663065,2020-02-05T14:03:30.000Z,kiosk,prd1084,1583244210,1583762610,2020-03-03T14:03:30+00:00,2020-03-09T14:03:30+00:00,Sandhill: Santiago,Sandhill,Santiago,standard,1,1,3,6,162.25,973.5
c6065d48-53cb-11ea-b586-b88a60e194fb,F4M-ETNY,orderid:192187,crmid:4661644258,2020-02-05T10:19:37.000Z,call center,prd1184,1581675577,1582193977,2020-02-14T10:19:37+00:00,2020-02-20T10:19:37+00:00,Aspen Heights: Arlington,Aspen Heights,Arlington,standard,1,1,0,6,152.87,917.22
c60795ba-53cb-11ea-820f-b88a60e194fb,S2Y-GLJ2,orderid:677192,crmid:4593604359,2019-12-09T14:12:40.000Z,website,prd1131,1576591960,1577283160,2019-12-17T14:12:40+00:00,2019-12-25T14:12:40+00:00,Hospitality Inn: Sheffield,Hospitality Inn,Sheffield,standard,1,1,0,8,122.68,981.44
c608cd00-53cb-11ea-b9e2-b88a60e194fb,VPX-VFGZ,orderid:754691,crmid:9697512984,2019-12-13T18:01:29.000Z,kiosk,prd1154,1576519289,1576605689,2019-12-16T18:01:29+00:00,2019-12-17T18:01:29+00:00,Blue Reef Resort: Seattle,Blue Reef Resort,Seattle,premium,1,1,0,1,116.37,116.37
c609b774-53cb-11ea-8252-b88a60e194fb,QQQ-WR0F,orderid:221824,crmid:4681906862,2020-01-16T22:57:10.000Z,website,prd1053,1579388230,1579561030,2020-01-18T22:57:10+00:00,2020-01-20T22:57:10+00:00,Sapphire Suites: Cleveland,Sapphire Suites,Cleveland,standard,1,1,0,2,122.65,245.3
c60ac8d2-53cb-11ea-b09e-b88a60e194fb,FKF-UIB6,orderid:557437,crmid:1460376317,2020-01-02T00:31:50.000Z,website,prd1172,1579653110,1580171510,2020-01-22T00:31:50+00:00,2020-01-28T00:31:50+00:00,Aspen Heights: Mesa,Aspen Heights,Mesa,standard,1,1,0,6,69.91,419.46
c60bdb98-53cb-11ea-992e-b88a60e194fb,TE4-I0PL,orderid:803574,crmid:4521142181,2020-02-12T06:36:59.000Z,mobile,prd1064,1581835019,1582267019,2020-02-16T06:36:59+00:00,2020-02-21T06:36:59+00:00,Aspen Heights: Paris,Aspen Heights,Paris,premium,1,1,0,5,133.55,667.75
c60cc5e6-53cb-11ea-9944-b88a60e194fb,BKD-SOM3,orderid:768837,crmid:1404732801,2020-02-08T07:06:40.000Z,mobile,prd1129,1583564800,1585206400,2020-03-07T07:06:40+00:00,2020-03-26T07:06:40+00:00,Admiralty Plaza: Helsinki,Admiralty Plaza,Helsinki,premium,1,1,0,19,110.04,2090.76
c60e9952-53cb-11ea-88db-b88a60e194fb,EJB-AY7P,orderid:529961,crmid:5065995630,2019-12-10T10:59:11.000Z,kiosk,prd1095,1577962751,1578481151,2020-01-02T10:59:11+00:00,2020-01-08T10:59:11+00:00,Hospitality Inn: Casablanca,Hospitality Inn,Casablanca,premium,1,1,4,6,97.94,587.64
c60ff948-53cb-11ea-ba52-b88a60e194fb,TQH-FUCY,orderid:257844,crmid:2621354221,2020-02-08T12:51:44.000Z,mobile,prd1093,1581511904,1581943904,2020-02-12T12:51:44+00:00,2020-02-17T12:51:44+00:00,Admiralty Plaza: Yokohama,Admiralty Plaza,Yokohama,ultra-luxury,1,1,4,5,219.02,1095.1
c6110ba2-53cb-11ea-912a-b88a60e194fb,5LA-AZP0,orderid:220001,crmid:2315166988,2020-01-14T00:42:24.000Z,kiosk,prd1122,1581036144,1581727344,2020-02-07T00:42:24+00:00,2020-02-15T00:42:24+00:00,Restful Nights: Valencia,Restful Nights,Valencia,standard,1,1,0,8,184.16,1473.28
c61242e4-53cb-11ea-ad96-b88a60e194fb,SME-CNMD,orderid:344112,crmid:4739888872,2019-12-07T21:06:17.000Z,call center,prd1130,1575839177,1575925577,2019-12-08T21:06:17+00:00,2019-12-09T21:06:17+00:00,Blue Reef Resort: Bremen,Blue Reef Resort,Bremen,presidential-suite,1,1,0,1,942.73,942.73
c6132e92-53cb-11ea-bdf4-b88a60e194fb,4YK-RIRX,orderid:378195,crmid:4090328233,2020-01-24T10:36:01.000Z,call center,prd1118,1582454161,1583145361,2020-02-23T10:36:01+00:00,2020-03-02T10:36:01+00:00,Blue Reef Resort: Cologne,Blue Reef Resort,Cologne,ultra-luxury,1,1,0,8,455.21,3641.68
c61418e2-53cb-11ea-b952-b88a60e194fb,K4H-FF02,orderid:327386,crmid:9825109108,2019-12-25T18:41:46.000Z,call center,prd1038,1577385706,1577731306,2019-12-26T18:41:46+00:00,2019-12-30T18:41:46+00:00,Restful Nights: Mesa,Restful Nights,Mesa,standard,1,1,0,4,165.19,660.76
c6155138-53cb-11ea-85f5-b88a60e194fb,WLQ-KCZB,orderid:983306,crmid:9853390672,2019-12-02T21:27:20.000Z,mobile,prd1142,1577827640,1579469240,2019-12-31T21:27:20+00:00,2020-01-19T21:27:20+00:00,Blue Reef Resort: Philadelphia,Blue Reef Resort,Philadelphia,standard,1,1,0,19,166.75,3168.25
c6168888-53cb-11ea-8d76-b88a60e194fb,3UF-4D6E,orderid:974835,crmid:8390209457,2020-01-18T09:22:30.000Z,website,prd1071,1581240150,1581585750,2020-02-09T09:22:30+00:00,2020-02-13T09:22:30+00:00,Hospitality Inn: Seoul,Hospitality Inn,Seoul,standard,1,1,0,4,153.45,613.8
c6179a0c-53cb-11ea-adc1-b88a60e194fb,U16-C60Q,orderid:865683,crmid:2303379152,2020-02-09T13:40:18.000Z,mobile,prd1066,1583415618,1584020418,2020-03-05T13:40:18+00:00,2020-03-12T13:40:18+00:00,Sego Lily Suites: Shanghai,Sego Lily Suites,Shanghai,standard,1,1,0,7,152.64,1068.48
c6188478-53cb-11ea-9ea2-b88a60e194fb,NN4-WI4U,orderid:428469,crmid:2590194743,2019-12-24T06:40:34.000Z,website,prd1088,1577342434,1577428834,2019-12-26T06:40:34+00:00,2019-12-27T06:40:34+00:00,Aspen Heights: Ankara,Aspen Heights,Ankara,standard,1,1,0,1,129.53,129.53
c618ab98-53cb-11ea-85a2-b88a60e194fb,2TJ-UKN3,orderid:194430,crmid:2590194743,2019-12-29T00:00:00.000Z,website,prd1010,1577836800,1578096000,2020-01-01T00:00:00+00:00,2020-01-04T00:00:00+00:00,Blue Reef Resort: San Diego,Blue Reef Resort,San Diego,standard,1,1,0,3,114.58,343.74
c61a0b0a-53cb-11ea-ba57-b88a60e194fb,KES-26EC,orderid:437329,crmid:2694369676,2020-02-14T10:21:33.000Z,kiosk,prd1057,1581762093,1582107693,2020-02-15T10:21:33+00:00,2020-02-19T10:21:33+00:00,Admiralty Plaza: Mumbai,Admiralty Plaza,Mumbai,luxury,1,1,0,4,348.35,1393.4
c61b44f4-53cb-11ea-b3df-b88a60e194fb,QT2-B0OE,orderid:207974,crmid:2049777828,2019-12-01T00:22:28.000Z,website,prd1123,1577146948,1577492548,2019-12-24T00:22:28+00:00,2019-12-28T00:22:28+00:00,Family Fun Hotels: Amsterdam,Family Fun Hotels,Amsterdam,standard,1,1,0,4,87.81,351.24
c61ca306-53cb-11ea-abbd-b88a60e194fb,YDS-EIV5,orderid:123663,crmid:6400239056,2020-01-30T03:13:55.000Z,website,prd1071,1582427635,1582686835,2020-02-23T03:13:55+00:00,2020-02-26T03:13:55+00:00,Hospitality Inn: Seoul,Hospitality Inn,Seoul,standard,1,1,0,3,124.85,374.55
c61e299c-53cb-11ea-9cb4-b88a60e194fb,ZAL-DFX5,orderid:450801,crmid:8696911321,2019-12-12T15:35:28.000Z,website,prd1035,1578324928,1579016128,2020-01-06T15:35:28+00:00,2020-01-14T15:35:28+00:00,Hospitality Inn: Tucson,Hospitality Inn,Tucson,premium,1,1,0,8,107.88,863.04
c61f3c6e-53cb-11ea-a228-b88a60e194fb,QZ9-RCCS,orderid:733786,crmid:6246175561,2020-01-23T04:38:33.000Z,call center,prd1136,1581655113,1582173513,2020-02-14T04:38:33+00:00,2020-02-20T04:38:33+00:00,Aspen Heights: Osaka,Aspen Heights,Osaka,standard,1,1,1,6,142.66,855.96
c6204dda-53cb-11ea-a25b-b88a60e194fb,ZSI-T66E,orderid:748209,crmid:7644678899,2020-01-22T12:09:59.000Z,website,prd1165,1579867799,1580040599,2020-01-24T12:09:59+00:00,2020-01-26T12:09:59+00:00,Admiralty Plaza: Louisville,Admiralty Plaza,Louisville,standard,1,1,0,2,169.58,339.16
c621ac14-53cb-11ea-87b9-b88a60e194fb,SYS-OMQ6,orderid:654856,crmid:3934364866,2019-12-12T08:17:56.000Z,kiosk,prd1136,1578730676,1580113076,2020-01-11T08:17:56+00:00,2020-01-27T08:17:56+00:00,Aspen Heights: Osaka,Aspen Heights,Osaka,premium,1,1,1,16,127.07,2033.12
c6229678-53cb-11ea-82c9-b88a60e194fb,HL8-NQRA,orderid:847649,crmid:7634955364,2020-01-10T09:00:18.000Z,website,prd1160,1578819618,1579078818,2020-01-12T09:00:18+00:00,2020-01-15T09:00:18+00:00,Aspen Heights: Nashville,Aspen Heights,Nashville,standard,1,1,0,3,116.68,350.04
c623a7de-53cb-11ea-a10a-b88a60e194fb,H42-L4LL,orderid:578519,crmid:3461055055,2020-01-01T19:34:18.000Z,kiosk,prd1136,1580240058,1580931258,2020-01-28T19:34:18+00:00,2020-02-05T19:34:18+00:00,Aspen Heights: Osaka,Aspen Heights,Osaka,premium,1,1,0,8,150.48,1203.84
c6252fdc-53cb-11ea-a6a3-b88a60e194fb,PEB-A8JY,orderid:522344,crmid:1784629704,2020-01-09T12:12:51.000Z,mobile,prd1085,1579954371,1580645571,2020-01-25T12:12:51+00:00,2020-02-02T12:12:51+00:00,Grandeur Hotels: Saint Petersburg,Grandeur Hotels,Saint Petersburg,standard,1,1,4,8,161.51,1292.08
c6261a46-53cb-11ea-8c7f-b88a60e194fb,KEJ-JLJD,orderid:337923,crmid:8625072357,2020-02-03T03:39:11.000Z,kiosk,prd1117,1581305951,1582429151,2020-02-10T03:39:11+00:00,2020-02-23T03:39:11+00:00,Admiralty Plaza: Dublin,Admiralty Plaza,Dublin,standard,1,1,4,13,130.88,1701.44
c62779f4-53cb-11ea-b32b-b88a60e194fb,COR-EKBE,orderid:119575,crmid:9459308104,2020-01-17T00:13:22.000Z,call center,prd1179,1581466402,1581812002,2020-02-12T00:13:22+00:00,2020-02-16T00:13:22+00:00,Hospitality Inn: Miami,Hospitality Inn,Miami,premium,1,1,1,4,131.61,526.44
c6286434-53cb-11ea-945a-b88a60e194fb,AHT-SRRS,orderid:678453,crmid:5016776000,2020-01-25T22:26:53.000Z,call center,prd1144,1580336813,1580768813,2020-01-29T22:26:53+00:00,2020-02-03T22:26:53+00:00,Sandhill: San Diego,Sandhill,San Diego,standard,1,1,0,5,167.66,838.3
c6299b4c-53cb-11ea-aebe-b88a60e194fb,AQN-JMIG,orderid:524103,crmid:4601266379,2020-01-01T11:57:45.000Z,call center,prd1046,1579953465,1580558265,2020-01-25T11:57:45+00:00,2020-02-01T11:57:45+00:00,Blue Reef Resort: Virginia Beach,Blue Reef Resort,Virginia Beach,premium,1,1,4,7,160.63,1124.41
c62aacc2-53cb-11ea-a7fd-b88a60e194fb,JJY-BZHE,orderid:334034,crmid:6437946861,2020-01-08T10:19:21.000Z,mobile,prd1067,1580293161,1580725161,2020-01-29T10:19:21+00:00,2020-02-03T10:19:21+00:00,Nesting Box Inn: Istanbul,Nesting Box Inn,Istanbul,standard,1,1,0,5,101.14,505.7
c62b7014-53cb-11ea-87de-b88a60e194fb,GBJ-RIKD,orderid:933204,crmid:4104961205,2020-01-10T08:41:05.000Z,website,prd1087,1580114465,1580546465,2020-01-27T08:41:05+00:00,2020-02-01T08:41:05+00:00,Family Fun Hotels: Kolkata,Family Fun Hotels,Kolkata,standard,1,1,1,5,150.67,753.35
c62cf82c-53cb-11ea-8640-b88a60e194fb,ZYQ-V73C,orderid:442638,crmid:7883535127,2019-12-24T15:04:19.000Z,mobile,prd1011,1578582259,1579014259,2020-01-09T15:04:19+00:00,2020-01-14T15:04:19+00:00,Hospitality Inn: Dallas,Hospitality Inn,Dallas,standard,1,1,0,5,144.09,720.45
c62e309a-53cb-11ea-9826-b88a60e194fb,813-L4W1,orderid:726192,crmid:9596693734,2020-01-19T12:57:38.000Z,website,prd1022,1580907458,1581339458,2020-02-05T12:57:38+00:00,2020-02-10T12:57:38+00:00,Blue Reef Resort: Washington DC,Blue Reef Resort,Washington DC,standard,1,1,0,5,159.38,796.9
c62f4200-53cb-11ea-871b-b88a60e194fb,J09-1HAV,orderid:531302,crmid:3995646570,2020-02-14T13:39:32.000Z,kiosk,prd1172,1583761172,1584365972,2020-03-09T13:39:32+00:00,2020-03-16T13:39:32+00:00,Aspen Heights: Mesa,Aspen Heights,Mesa,standard,1,1,0,7,114.98,804.86
c6302c6e-53cb-11ea-b787-b88a60e194fb,5ZN-UKJF,orderid:473587,crmid:7191102346,2020-02-16T12:26:58.000Z,kiosk,prd1156,1583929618,1584102418,2020-03-11T12:26:58+00:00,2020-03-13T12:26:58+00:00,Sandhill: Washington DC,Sandhill,Washington DC,standard,1,1,0,2,156.98,313.96
c6313e12-53cb-11ea-a0b6-b88a60e194fb,QEP-GSFC,orderid:413383,crmid:8446759045,2019-12-22T19:55:54.000Z,kiosk,prd1179,1579550154,1580673354,2020-01-20T19:55:54+00:00,2020-02-02T19:55:54+00:00,Hospitality Inn: Miami,Hospitality Inn,Miami,standard,1,1,0,13,113.22,1471.86
c6324f4a-53cb-11ea-a323-b88a60e194fb,B5W-RASK,orderid:802841,crmid:1783267631,2020-02-04T11:13:07.000Z,website,prd1004,1581333187,1582974787,2020-02-10T11:13:07+00:00,2020-02-29T11:13:07+00:00,Aspen Heights: Boulder,Aspen Heights,Boulder,standard,1,1,3,19,145.57,2765.83
c633399c-53cb-11ea-9716-b88a60e194fb,BPF-KGO5,orderid:464126,crmid:7002607108,2019-12-21T15:53:39.000Z,call center,prd1105,1578930819,1579535619,2020-01-13T15:53:39+00:00,2020-01-20T15:53:39+00:00,Admiralty Plaza: Barcelona,Admiralty Plaza,Barcelona,standard,1,1,4,7,121.49,850.43
c634724a-53cb-11ea-9168-b88a60e194fb,7PV-WZKV,orderid:939175,crmid:8214281432,2019-12-08T06:59:28.000Z,kiosk,prd1015,1577948368,1578985168,2020-01-02T06:59:28+00:00,2020-01-14T06:59:28+00:00,Family Fun Hotels: San Francisco,Family Fun Hotels,San Francisco,standard,1,1,0,12,150.05,1800.6
c635357e-53cb-11ea-a979-b88a60e194fb,EZN-TTFE,orderid:789784,crmid:7832333712,2020-01-26T12:12:57.000Z,call center,prd1184,1580127177,1580213577,2020-01-27T12:12:57+00:00,2020-01-28T12:12:57+00:00,Aspen Heights: Arlington,Aspen Heights,Arlington,standard,1,1,0,1,139.96,139.96
c63646de-53cb-11ea-8ffa-b88a60e194fb,6LC-QYEH,orderid:776297,crmid:9861788581,2019-12-01T19:06:56.000Z,website,prd1136,1576004816,1576350416,2019-12-10T19:06:56+00:00,2019-12-14T19:06:56+00:00,Aspen Heights: Osaka,Aspen Heights,Osaka,standard,1,1,0,4,178.86,715.44
c6377ea8-53cb-11ea-bf9d-b88a60e194fb,8AK-I8KI,orderid:152517,crmid:9514123412,2020-01-01T22:39:14.000Z,call center,prd1142,1580078354,1580423954,2020-01-26T22:39:14+00:00,2020-01-30T22:39:14+00:00,Blue Reef Resort: Philadelphia,Blue Reef Resort,Philadelphia,standard,1,1,0,4,97.35,389.4
c638ddc6-53cb-11ea-9b0d-b88a60e194fb,SHZ-HAKA,orderid:809651,crmid:4731629726,2019-12-13T01:39:31.000Z,kiosk,prd1161,1576373971,1576633171,2019-12-15T01:39:31+00:00,2019-12-18T01:39:31+00:00,Sapphire Suites: Memphis,Sapphire Suites,Memphis,standard,1,1,0,3,101.29,303.87
c63a176e-53cb-11ea-9810-b88a60e194fb,YZB-7MDO,orderid:899489,crmid:9006012463,2020-01-09T02:50:25.000Z,kiosk,prd1148,1580093425,1580784625,2020-01-27T02:50:25+00:00,2020-02-04T02:50:25+00:00,Aspen Heights: Jacksonville,Aspen Heights,Jacksonville,premium,1,1,0,8,118.2,945.6
c63b28ba-53cb-11ea-8e25-b88a60e194fb,ZOC-MARZ,orderid:810014,crmid:9524567446,2020-01-10T09:19:46.000Z,mobile,prd1073,1580116786,1580635186,2020-01-27T09:19:46+00:00,2020-02-02T09:19:46+00:00,Grandeur Hotels: Lima,Grandeur Hotels,Lima,standard,1,1,0,6,130.16,780.96
c63c8876-53cb-11ea-8958-b88a60e194fb,MZF-2MFA,orderid:996905,crmid:1890047520,2020-02-16T11:30:02.000Z,call center,prd1087,1581939002,1582025402,2020-02-17T11:30:02+00:00,2020-02-18T11:30:02+00:00,Family Fun Hotels: Kolkata,Family Fun Hotels,Kolkata,standard,1,1,0,1,134.31,134.31
c63d99ee-53cb-11ea-9249-b88a60e194fb,FCC-OG0Y,orderid:884800,crmid:5368751521,2020-02-15T19:26:10.000Z,service desk,prd1154,1581881170,1582399570,2020-02-16T19:26:10+00:00,2020-02-22T19:26:10+00:00,Blue Reef Resort: Seattle,Blue Reef Resort,Seattle,standard,1,1,0,6,178.24,1069.44
c63d99ef-53cb-11ea-8b1a-b88a60e194fb,DVH-DEU5,orderid:923213,crmid:5368751521,2020-02-23T00:00:00.000Z,kiosk,prd1091,1582588800,1582675200,2020-02-25T00:00:00+00:00,2020-02-26T00:00:00+00:00,Nesting Box Inn: New Taipei,Nesting Box Inn,New Taipei,standard,1,1,0,1,122.31,122.31
c63e844c-53cb-11ea-a61d-b88a60e194fb,ZNU-ZGYL,orderid:515658,crmid:1468737033,2020-01-12T22:32:37.000Z,website,prd1006,1581287557,1581978757,2020-02-09T22:32:37+00:00,2020-02-17T22:32:37+00:00,Sego Lily Suites: Salt Lake City,Sego Lily Suites,Salt Lake City,standard,1,1,0,8,117.08,936.64
c63f950a-53cb-11ea-ac86-b88a60e194fb,WC9-3UKV,orderid:448853,crmid:2609092225,2019-12-01T17:23:13.000Z,call center,prd1134,1575998593,1576344193,2019-12-10T17:23:13+00:00,2019-12-14T17:23:13+00:00,Restful Nights: Montreal,Restful Nights,Montreal,premium,1,1,0,4,124.7,498.8
c640a80c-53cb-11ea-abe6-b88a60e194fb,BGC-MJVO,orderid:357298,crmid:8563392537,2019-12-02T09:08:24.000Z,call center,prd1057,1575364104,1575623304,2019-12-03T09:08:24+00:00,2019-12-06T09:08:24+00:00,Admiralty Plaza: Mumbai,Admiralty Plaza,Mumbai,standard,1,1,0,3,148.84,446.52
c640ce3a-53cb-11ea-b98d-b88a60e194fb,J9F-GXFO,orderid:789699,crmid:8563392537,2019-12-08T00:00:00.000Z,call center,prd1134,1575936000,1576022400,2019-12-10T00:00:00+00:00,2019-12-11T00:00:00+00:00,Restful Nights: Montreal,Restful Nights,Montreal,standard,1,1,0,1,171.19,171.19
c641b88c-53cb-11ea-a402-b88a60e194fb,ZLD-OIBO,orderid:680521,crmid:8490534081,2020-01-12T15:06:16.000Z,website,prd1022,1580915176,1581865576,2020-02-05T15:06:16+00:00,2020-02-16T15:06:16+00:00,Blue Reef Resort: Washington DC,Blue Reef Resort,Washington DC,standard,1,1,1,11,101.99,1121.89
c642f124-53cb-11ea-a151-b88a60e194fb,TG9-TQ3D,orderid:546272,crmid:2919566862,2020-02-01T19:22:25.000Z,service desk,prd1070,1580671345,1580844145,2020-02-02T19:22:25+00:00,2020-02-04T19:22:25+00:00,Blue Reef Resort: Jakarta,Blue Reef Resort,Jakarta,standard,1,1,0,2,149.32,298.64
c6440298-53cb-11ea-8dde-b88a60e194fb,GKV-6WGN,orderid:313025,crmid:5153602340,2019-12-06T12:34:44.000Z,mobile,prd1181,1575808484,1575981284,2019-12-08T12:34:44+00:00,2019-12-10T12:34:44+00:00,Grandeur Hotels: Oakland,Grandeur Hotels,Oakland,standard,1,1,0,2,112.21,224.42
c647850a-53cb-11ea-9a4d-b88a60e194fb,1GT-RTFH,orderid:961409,crmid:7257868958,2020-01-12T19:21:34.000Z,kiosk,prd1131,1579288894,1579461694,2020-01-17T19:21:34+00:00,2020-01-19T19:21:34+00:00,Hospitality Inn: Sheffield,Hospitality Inn,Sheffield,standard,1,1,0,2,95.17,190.34
c648bc34-53cb-11ea-a852-b88a60e194fb,LKE-43ZM,orderid:651562,crmid:4953268379,2019-12-30T13:20:46.000Z,service desk,prd1136,1577798446,1578057646,2019-12-31T13:20:46+00:00,2020-01-03T13:20:46+00:00,Aspen Heights: Osaka,Aspen Heights,Osaka,standard,1,1,0,3,114.37,343.11
c64a443e-53cb-11ea-a872-b88a60e194fb,GX1-AUQR,orderid:538347,crmid:6302615214,2020-01-04T13:54:35.000Z,website,prd1065,1579528475,1580219675,2020-01-20T13:54:35+00:00,2020-01-28T13:54:35+00:00,Sapphire Suites: Beijing,Sapphire Suites,Beijing,standard,1,1,0,8,125.36,1002.88
c64b559c-53cb-11ea-a49c-b88a60e194fb,NST-ZPFS,orderid:851628,crmid:5395729662,2019-12-28T11:22:51.000Z,website,prd1098,1577877771,1578136971,2020-01-01T11:22:51+00:00,2020-01-04T11:22:51+00:00,Restful Nights: Kiev,Restful Nights,Kiev,standard,1,1,0,3,145.18,435.54
c64c3fe2-53cb-11ea-b28f-b88a60e194fb,IUX-LBSP,orderid:240357,crmid:4027256657,2020-02-10T02:42:58.000Z,website,prd1088,1582252978,1583203378,2020-02-21T02:42:58+00:00,2020-03-03T02:42:58+00:00,Aspen Heights: Ankara,Aspen Heights,Ankara,premium,1,1,0,11,151.7,1668.7
c64d7730-53cb-11ea-a14e-b88a60e194fb,LX2-QH8Z,orderid:729999,crmid:1073935445,2020-02-08T21:11:49.000Z,website,prd1057,1582924309,1583701909,2020-02-28T21:11:49+00:00,2020-03-08T21:11:49+00:00,Admiralty Plaza: Mumbai,Admiralty Plaza,Mumbai,standard,1,1,0,9,137.75,1239.75
c64e89f4-53cb-11ea-abe6-b88a60e194fb,73U-JMR2,orderid:105202,crmid:1621693069,2020-01-02T14:50:38.000Z,call center,prd1197,1578063038,1578149438,2020-01-03T14:50:38+00:00,2020-01-04T14:50:38+00:00,Sapphire Suites: London,Sapphire Suites,London,standard,1,1,0,1,148.03,148.03
c64f4d2c-53cb-11ea-a92c-b88a60e194fb,4NJ-XQRP,orderid:801718,crmid:1346165414,2020-01-01T13:34:22.000Z,mobile,prd1025,1580218462,1581255262,2020-01-28T13:34:22+00:00,2020-02-09T13:34:22+00:00,Grandeur Hotels: Detroit,Grandeur Hotels,Detroit,standard,1,1,0,12,166.81,2001.72
c650ab4a-53cb-11ea-a4b4-b88a60e194fb,FYT-GIGJ,orderid:345495,crmid:7308016450,2019-12-09T14:32:30.000Z,call center,prd1118,1578061950,1578493950,2020-01-03T14:32:30+00:00,2020-01-08T14:32:30+00:00,Blue Reef Resort: Cologne,Blue Reef Resort,Cologne,premium,1,1,2,5,176.48,882.4
c651be1a-53cb-11ea-8238-b88a60e194fb,ATG-UOUU,orderid:954577,crmid:4065689611,2020-01-01T01:26:25.000Z,call center,prd1038,1579742785,1579915585,2020-01-23T01:26:25+00:00,2020-01-25T01:26:25+00:00,Restful Nights: Mesa,Restful Nights,Mesa,luxury,1,1,0,2,311.44,622.88
c652cf8a-53cb-11ea-b4e2-b88a60e194fb,QKI-7B07,orderid:354670,crmid:7788441985,2020-01-17T12:14:09.000Z,kiosk,prd1061,1579695249,1580040849,2020-01-22T12:14:09+00:00,2020-01-26T12:14:09+00:00,Grandeur Hotels: Lahore,Grandeur Hotels,Lahore,standard,1,1,0,4,156.48,625.92
c653e0fa-53cb-11ea-b8ac-b88a60e194fb,JK3-4NMT,orderid:720217,crmid:1971153612,2020-01-17T11:23:12.000Z,website,prd1052,1579519392,1579864992,2020-01-20T11:23:12+00:00,2020-01-24T11:23:12+00:00,Aspen Heights: Wichita,Aspen Heights,Wichita,standard,1,1,0,4,160.25,641.0
c654081e-53cb-11ea-b2cb-b88a60e194fb,VUJ-BTDB,orderid:361909,crmid:1971153612,2020-01-25T00:00:00.000Z,website,prd1076,1579996800,1580083200,2020-01-26T00:00:00+00:00,2020-01-27T00:00:00+00:00,Aspen Heights: Bogota,Aspen Heights,Bogota,standard,1,1,0,1,92.67,92.67
c654f266-53cb-11ea-acc5-b88a60e194fb,WVK-TTKY,orderid:394974,crmid:6219143616,2020-01-08T15:54:38.000Z,kiosk,prd1167,1580745278,1581090878,2020-02-03T15:54:38+00:00,2020-02-07T15:54:38+00:00,Hospitality Inn: Milwaukee,Hospitality Inn,Milwaukee,premium,1,1,1,4,129.14,516.56
c65603d8-53cb-11ea-b420-b88a60e194fb,9OM-EROO,orderid:280056,crmid:9455256820,2020-01-27T04:24:55.000Z,kiosk,prd1035,1580617495,1580703895,2020-02-02T04:24:55+00:00,2020-02-03T04:24:55+00:00,Hospitality Inn: Tucson,Hospitality Inn,Tucson,luxury,1,1,0,1,358.59,358.59
c6571550-53cb-11ea-9924-b88a60e194fb,C99-F0NI,orderid:924078,crmid:6205137449,2020-01-26T00:33:44.000Z,mobile,prd1191,1580171624,1580344424,2020-01-28T00:33:44+00:00,2020-01-30T00:33:44+00:00,Hospitality Inn: Mumbai,Hospitality Inn,Mumbai,premium,1,1,0,2,154.79,309.58
c6573c7a-53cb-11ea-adb8-b88a60e194fb,0JG-VSCC,orderid:185553,crmid:6205137449,2020-01-31T00:00:00.000Z,website,prd1105,1580515200,1580601600,2020-02-01T00:00:00+00:00,2020-02-02T00:00:00+00:00,Admiralty Plaza: Barcelona,Admiralty Plaza,Barcelona,standard,1,1,0,1,101.94,101.94
c65874e4-53cb-11ea-b70a-b88a60e194fb,RAR-YZR6,orderid:747430,crmid:9183207648,2020-01-28T15:34:48.000Z,website,prd1177,1580312088,1580398488,2020-01-29T15:34:48+00:00,2020-01-30T15:34:48+00:00,Admiralty Plaza: Raleigh,Admiralty Plaza,Raleigh,standard,1,1,0,1,113.69,113.69
c659864a-53cb-11ea-bc5e-b88a60e194fb,XKV-XUIZ,orderid:666048,crmid:5796767439,2020-01-14T23:07:27.000Z,call center,prd1017,1579129647,1579216047,2020-01-15T23:07:27+00:00,2020-01-16T23:07:27+00:00,Sapphire Suites: Fort Worth,Sapphire Suites,Fort Worth,premium,1,1,0,1,149.47,149.47
c65a97dc-53cb-11ea-a0a8-b88a60e194fb,BXJ-TWHK,orderid:173978,crmid:5376028997,2019-12-04T04:53:21.000Z,call center,prd1050,1575521601,1575867201,2019-12-05T04:53:21+00:00,2019-12-09T04:53:21+00:00,Restful Nights: Arlington,Restful Nights,Arlington,standard,1,1,0,4,127.08,508.32
c65ba936-53cb-11ea-bb0e-b88a60e194fb,AON-YITS,orderid:820334,crmid:5262978455,2020-01-16T21:01:28.000Z,service desk,prd1197,1579381288,1579554088,2020-01-18T21:01:28+00:00,2020-01-20T21:01:28+00:00,Sapphire Suites: London,Sapphire Suites,London,standard,1,1,0,2,114.17,228.34
c65c9394-53cb-11ea-824d-b88a60e194fb,GNJ-YSGU,orderid:682755,crmid:2168403228,2020-01-17T19:05:53.000Z,kiosk,prd1142,1581707153,1582571153,2020-02-14T19:05:53+00:00,2020-02-24T19:05:53+00:00,Blue Reef Resort: Philadelphia,Blue Reef Resort,Philadelphia,standard,1,1,0,10,147.71,1477.1
c65dcc22-53cb-11ea-8fa0-b88a60e194fb,53O-PGLN,orderid:656982,crmid:3921047197,2019-12-03T04:50:36.000Z,call center,prd1004,1575435036,1575780636,2019-12-04T04:50:36+00:00,2019-12-08T04:50:36+00:00,Aspen Heights: Boulder,Aspen Heights,Boulder,standard,1,1,0,4,135.61,542.44
c65f0498-53cb-11ea-8a64-b88a60e194fb,POW-IYTH,orderid:191567,crmid:6660688494,2020-02-05T20:52:07.000Z,website,prd1028,1581022327,1581108727,2020-02-06T20:52:07+00:00,2020-02-07T20:52:07+00:00,Aspen Heights: Portland,Aspen Heights,Portland,standard,1,1,0,1,110.09,110.09
c660641a-53cb-11ea-ae02-b88a60e194fb,BHI-C8UD,orderid:126651,crmid:1112575148,2019-12-13T15:47:24.000Z,kiosk,prd1047,1576338444,1576424844,2019-12-14T15:47:24+00:00,2019-12-15T15:47:24+00:00,Hospitality Inn: Oakland,Hospitality Inn,Oakland,standard,1,1,0,1,127.24,127.24
c661758c-53cb-11ea-b5ad-b88a60e194fb,HFO-CG7H,orderid:660763,crmid:6167468508,2019-12-15T09:06:24.000Z,call center,prd1077,1576487184,1576573584,2019-12-16T09:06:24+00:00,2019-12-17T09:06:24+00:00,Sapphire Suites: Cairo,Sapphire Suites,Cairo,premium,1,1,0,1,145.42,145.42
c661758d-53cb-11ea-92ee-b88a60e194fb,P8F-ZF2M,orderid:306147,crmid:6167468508,2019-12-19T00:00:00.000Z,mobile,prd1104,1576800000,1576972800,2019-12-20T00:00:00+00:00,2019-12-22T00:00:00+00:00,Repose Resort: Warsaw,Repose Resort,Warsaw,standard,1,1,0,2,98.88,197.76
c6628710-53cb-11ea-85e3-b88a60e194fb,ACT-69CE,orderid:252744,crmid:8008258498,2019-12-20T14:32:32.000Z,call center,prd1081,1578407552,1579098752,2020-01-07T14:32:32+00:00,2020-01-15T14:32:32+00:00,Admiralty Plaza: Rod de Janeiro,Admiralty Plaza,Rod de Janeiro,standard,1,1,0,8,153.32,1226.56
c6639874-53cb-11ea-8b2d-b88a60e194fb,JXS-QWC8,orderid:760695,crmid:2838278657,2020-02-11T14:24:08.000Z,website,prd1147,1583850248,1584368648,2020-03-10T14:24:08+00:00,2020-03-16T14:24:08+00:00,Family Fun Hotels: Austin,Family Fun Hotels,Austin,standard,1,1,0,6,154.49,926.94
c664f80a-53cb-11ea-b66d-b88a60e194fb,KH5-8FSR,orderid:828381,crmid:5963886873,2020-01-01T19:08:06.000Z,website,prd1079,1580411286,1581880086,2020-01-30T19:08:06+00:00,2020-02-16T19:08:06+00:00,Nesting Box Inn: Chennai,Nesting Box Inn,Chennai,standard,1,1,0,17,145.43,2472.31
c6662f38-53cb-11ea-b372-b88a60e194fb,SZ1-94NN,orderid:748149,crmid:2222900274,2020-01-10T09:06:54.000Z,website,prd1178,1581066414,1581930414,2020-02-07T09:06:54+00:00,2020-02-17T09:06:54+00:00,Blue Reef Resort: Colorado Springs,Blue Reef Resort,Colorado Springs,luxury,1,1,0,10,291.86,2918.6
c66740c0-53cb-11ea-8de6-b88a60e194fb,TYZ-SAX0,orderid:497078,crmid:2817387922,2020-01-27T12:39:31.000Z,kiosk,prd1021,1580906371,1581597571,2020-02-05T12:39:31+00:00,2020-02-13T12:39:31+00:00,Admiralty Plaza: Denver,Admiralty Plaza,Denver,standard,1,1,0,8,145.29,1162.32
c6682b1c-53cb-11ea-82eb-b88a60e194fb,DUF-WDTR,orderid:501590,crmid:3369565081,2019-12-08T10:07:19.000Z,mobile,prd1022,1575886039,1576231639,2019-12-09T10:07:19+00:00,2019-12-13T10:07:19+00:00,Blue Reef Resort: Washington DC,Blue Reef Resort,Washington DC,premium,1,1,0,4,170.7,682.8
c6693db6-53cb-11ea-b6b3-b88a60e194fb,IJO-ASWU,orderid:847453,crmid:3444658206,2020-01-09T13:21:17.000Z,call center,prd1141,1579440077,1579785677,2020-01-19T13:21:17+00:00,2020-01-23T13:21:17+00:00,Admiralty Plaza: Phoenix,Admiralty Plaza,Phoenix,standard,1,1,0,4,74.82,299.28
c66a4dde-53cb-11ea-a97a-b88a60e194fb,JDE-EHX9,orderid:970493,crmid:8451970818,2019-12-18T15:44:52.000Z,call center,prd1133,1578325492,1579535092,2020-01-06T15:44:52+00:00,2020-01-20T15:44:52+00:00,Grandeur Hotels: Toronto,Grandeur Hotels,Toronto,standard,1,1,2,14,134.71,1885.94
c66baee6-53cb-11ea-9031-b88a60e194fb,IZJ-JLPU,orderid:493252,crmid:9452034304,2019-12-05T02:41:41.000Z,website,prd1038,1575600101,1575772901,2019-12-06T02:41:41+00:00,2019-12-08T02:41:41+00:00,Restful Nights: Mesa,Restful Nights,Mesa,standard,1,1,0,2,160.33,320.66
c66bd5f6-53cb-11ea-a22f-b88a60e194fb,R9W-YGZK,orderid:537766,crmid:9452034304,2019-12-10T00:00:00.000Z,kiosk,prd1158,1576108800,1576454400,2019-12-12T00:00:00+00:00,2019-12-16T00:00:00+00:00,Restful Nights: El Paso,Restful Nights,El Paso,premium,1,1,0,4,114.32,457.28
c66cc028-53cb-11ea-8e3d-b88a60e194fb,Y1U-58C0,orderid:256075,crmid:1218489527,2020-01-20T10:36:03.000Z,call center,prd1187,1579602963,1579689363,2020-01-21T10:36:03+00:00,2020-01-22T10:36:03+00:00,Nesting Box Inn: Cleveland,Nesting Box Inn,Cleveland,luxury,1,1,0,1,377.31,377.31
c66daac6-53cb-11ea-9725-b88a60e194fb,VVG-JJTB,orderid:533772,crmid:5339884969,2020-01-03T14:37:31.000Z,kiosk,prd1196,1579963051,1580481451,2020-01-25T14:37:31+00:00,2020-01-31T14:37:31+00:00,Aspen Heights: Moscow,Aspen Heights,Moscow,standard,1,1,0,6,135.95,815.7
c66ebbfa-53cb-11ea-bd27-b88a60e194fb,HLL-RHCX,orderid:777015,crmid:9559641692,2020-01-03T20:16:49.000Z,mobile,prd1105,1580415409,1580761009,2020-01-30T20:16:49+00:00,2020-02-03T20:16:49+00:00,Admiralty Plaza: Barcelona,Admiralty Plaza,Barcelona,standard,1,1,0,4,126.03,504.12
c66fcd76-53cb-11ea-8351-b88a60e194fb,JWB-1BIT,orderid:209914,crmid:4406579327,2020-01-31T15:29:02.000Z,service desk,prd1140,1582730942,1583854142,2020-02-26T15:29:02+00:00,2020-03-10T15:29:02+00:00,Repose Resort: Kano,Repose Resort,Kano,ultra-luxury,1,1,0,13,347.29,4514.77
c6712d0a-53cb-11ea-9ae0-b88a60e194fb,9UZ-HUOW,orderid:747736,crmid:5323611126,2020-01-08T08:38:29.000Z,service desk,prd1127,1580546309,1581151109,2020-02-01T08:38:29+00:00,2020-02-08T08:38:29+00:00,Nesting Box Inn: Glasgow,Nesting Box Inn,Glasgow,standard,1,1,0,7,152.18,1065.26
c6723e6e-53cb-11ea-bb8e-b88a60e194fb,M9J-VW4G,orderid:780134,crmid:8015598954,2020-02-02T08:39:30.000Z,mobile,prd1105,1582879170,1583397570,2020-02-28T08:39:30+00:00,2020-03-05T08:39:30+00:00,Admiralty Plaza: Barcelona,Admiralty Plaza,Barcelona,standard,1,1,0,6,121.61,729.66
c67328f4-53cb-11ea-a056-b88a60e194fb,7HR-P63B,orderid:595031,crmid:6623764337,2019-12-09T09:35:38.000Z,mobile,prd1001,1578303338,1578908138,2020-01-06T09:35:38+00:00,2020-01-13T09:35:38+00:00,Grandeur Hotels: New York,Grandeur Hotels,New York,standard,1,1,0,7,187.96,1315.72
c674e108-53cb-11ea-a569-b88a60e194fb,JHN-EBCP,orderid:689929,crmid:2498200065,2019-12-08T04:47:31.000Z,website,prd1129,1577422051,1577767651,2019-12-27T04:47:31+00:00,2019-12-31T04:47:31+00:00,Admiralty Plaza: Helsinki,Admiralty Plaza,Helsinki,standard,1,1,0,4,160.41,641.64
c6765bc8-53cb-11ea-99e8-b88a60e194fb,T3J-JYI9,orderid:985940,crmid:3291685696,2019-12-02T06:49:52.000Z,website,prd1197,1576306192,1576824592,2019-12-14T06:49:52+00:00,2019-12-20T06:49:52+00:00,Sapphire Suites: London,Sapphire Suites,London,standard,1,1,0,6,134.69,808.14
c6780a36-53cb-11ea-866c-b88a60e194fb,AET-7MBK,orderid:881806,crmid:3775639107,2019-12-24T10:31:08.000Z,website,prd1013,1577269868,1577442668,2019-12-25T10:31:08+00:00,2019-12-27T10:31:08+00:00,Grandeur Hotels: Austin,Grandeur Hotels,Austin,standard,1,1,0,2,144.31,288.62
c67990c6-53cb-11ea-a065-b88a60e194fb,TP6-KRO6,orderid:872871,crmid:7211773548,2020-01-08T21:03:09.000Z,website,prd1083,1579122189,1580590989,2020-01-15T21:03:09+00:00,2020-02-01T21:03:09+00:00,Hospitality Inn: Bangkok,Hospitality Inn,Bangkok,standard,1,1,4,17,103.61,1761.37
c67aa19c-53cb-11ea-898b-b88a60e194fb,LMU-HXVY,orderid:234222,crmid:8099649612,2019-12-18T11:02:24.000Z,kiosk,prd1013,1577185344,1578135744,2019-12-24T11:02:24+00:00,2020-01-04T11:02:24+00:00,Grandeur Hotels: Austin,Grandeur Hotels,Austin,standard,1,1,0,11,89.68,986.48
c67c2842-53cb-11ea-a54b-b88a60e194fb,4JF-LIAO,orderid:531335,crmid:5285606763,2020-02-03T22:18:50.000Z,kiosk,prd1011,1582582730,1584224330,2020-02-24T22:18:50+00:00,2020-03-14T22:18:50+00:00,Hospitality Inn: Dallas,Hospitality Inn,Dallas,luxury,1,1,0,19,240.45,4568.55
c67d6192-53cb-11ea-925a-b88a60e194fb,5TF-AEFD,orderid:675151,crmid:7652558139,2020-01-23T19:44:05.000Z,mobile,prd1106,1581450245,1582227845,2020-02-11T19:44:05+00:00,2020-02-20T19:44:05+00:00,Blue Reef Resort: Munich,Blue Reef Resort,Munich,standard,1,1,0,9,109.37,984.33
c67ec07e-53cb-11ea-b70d-b88a60e194fb,Z3E-YIXG,orderid:846776,crmid:1433592156,2020-02-16T11:51:42.000Z,kiosk,prd1057,1582113102,1582199502,2020-02-19T11:51:42+00:00,2020-02-20T11:51:42+00:00,Admiralty Plaza: Mumbai,Admiralty Plaza,Mumbai,standard,1,1,0,1,120.62,120.62
c68046f6-53cb-11ea-8b72-b88a60e194fb,2Q3-XESC,orderid:388528,crmid:6927284094,2019-12-12T10:52:14.000Z,kiosk,prd1033,1577703134,1578221534,2019-12-30T10:52:14+00:00,2020-01-05T10:52:14+00:00,Admiralty Plaza: Milwaukee,Admiralty Plaza,Milwaukee,premium,1,1,0,6,143.27,859.62
c681cd76-53cb-11ea-96ef-b88a60e194fb,QSO-MQQI,orderid:795472,crmid:4660936230,2020-01-02T17:11:44.000Z,kiosk,prd1095,1578071504,1578244304,2020-01-03T17:11:44+00:00,2020-01-05T17:11:44+00:00,Hospitality Inn: Casablanca,Hospitality Inn,Casablanca,standard,1,1,0,2,138.4,276.8
c6832d00-53cb-11ea-a878-b88a60e194fb,WFT-UJ9N,orderid:135632,crmid:5051609996,2020-02-08T20:58:53.000Z,website,prd1177,1583355533,1583873933,2020-03-04T20:58:53+00:00,2020-03-10T20:58:53+00:00,Admiralty Plaza: Raleigh,Admiralty Plaza,Raleigh,standard,1,1,0,6,98.5,591.0
c6848c98-53cb-11ea-bd72-b88a60e194fb,VD9-CWGV,orderid:796454,crmid:8065389275,2020-01-27T19:52:04.000Z,website,prd1100,1582314724,1582660324,2020-02-21T19:52:04+00:00,2020-02-25T19:52:04+00:00,Aspen Heights: Misk,Aspen Heights,Misk,premium,1,1,0,4,113.93,455.72
c685c59e-53cb-11ea-9348-b88a60e194fb,QDN-CFMV,orderid:578867,crmid:4616770786,2020-02-13T13:28:07.000Z,website,prd1179,1583069287,1583242087,2020-03-01T13:28:07+00:00,2020-03-03T13:28:07+00:00,Hospitality Inn: Miami,Hospitality Inn,Miami,standard,1,1,0,2,161.41,322.82
c6877336-53cb-11ea-a6cf-b88a60e194fb,AZG-X3LR,orderid:265853,crmid:1386231977,2020-01-29T12:43:39.000Z,website,prd1136,1582289019,1582634619,2020-02-21T12:43:39+00:00,2020-02-25T12:43:39+00:00,Aspen Heights: Osaka,Aspen Heights,Osaka,standard,1,1,2,4,131.06,524.24
c688abf8-53cb-11ea-bc09-b88a60e194fb,DYE-EVSZ,orderid:362115,crmid:6810029653,2020-02-03T07:01:50.000Z,website,prd1053,1581058910,1581318110,2020-02-07T07:01:50+00:00,2020-02-10T07:01:50+00:00,Sapphire Suites: Cleveland,Sapphire Suites,Cleveland,standard,1,1,0,3,144.47,433.41
c68a0c36-53cb-11ea-840b-b88a60e194fb,AIQ-10GV,orderid:843881,crmid:1045987637,2020-01-09T21:02:23.000Z,kiosk,prd1196,1578949343,1579554143,2020-01-13T21:02:23+00:00,2020-01-20T21:02:23+00:00,Aspen Heights: Moscow,Aspen Heights,Moscow,standard,1,1,0,7,156.9,1098.3
c68af692-53cb-11ea-8476-b88a60e194fb,YOV-PSBC,orderid:772438,crmid:3137767780,2019-12-29T02:32:59.000Z,mobile,prd1069,1579660379,1580437979,2020-01-22T02:32:59+00:00,2020-01-31T02:32:59+00:00,Admiralty Plaza: Singapore,Admiralty Plaza,Singapore,standard,1,1,0,9,142.58,1283.22
c68c07a8-53cb-11ea-b5bb-b88a60e194fb,ZSS-WHWA,orderid:671584,crmid:4798466234,2020-02-02T00:20:48.000Z,call center,prd1141,1582244448,1583454048,2020-02-21T00:20:48+00:00,2020-03-06T00:20:48+00:00,Admiralty Plaza: Phoenix,Admiralty Plaza,Phoenix,presidential-suite,1,1,0,14,850.79,11911.06
c68d198c-53cb-11ea-a84b-b88a60e194fb,XZ0-TLMJ,orderid:894397,crmid:9871598787,2020-01-11T05:22:08.000Z,call center,prd1171,1579324928,1580016128,2020-01-18T05:22:08+00:00,2020-01-26T05:22:08+00:00,Family Fun Hotels: Sacramento,Family Fun Hotels,Sacramento,standard,1,1,2,8,167.09,1336.72
c68e03f4-53cb-11ea-acdc-b88a60e194fb,DNR-XZZG,orderid:377287,crmid:1556231939,2020-01-28T14:57:23.000Z,kiosk,prd1121,1580569043,1580741843,2020-02-01T14:57:23+00:00,2020-02-03T14:57:23+00:00,Grandeur Hotels: Stockholm,Grandeur Hotels,Stockholm,standard,1,1,0,2,112.31,224.62
c68e03f5-53cb-11ea-b622-b88a60e194fb,AKY-PEYZ,orderid:199507,crmid:1556231939,2020-02-05T00:00:00.000Z,mobile,prd1004,1580947200,1581465600,2020-02-06T00:00:00+00:00,2020-02-12T00:00:00+00:00,Aspen Heights: Boulder,Aspen Heights,Boulder,ultra-luxury,1,1,0,6,390.87,2345.22
c68f6230-53cb-11ea-b086-b88a60e194fb,KCA-ULOR,orderid:309431,crmid:4911302213,2019-12-05T03:39:19.000Z,kiosk,prd1179,1576208359,1577763559,2019-12-13T03:39:19+00:00,2019-12-31T03:39:19+00:00,Hospitality Inn: Miami,Hospitality Inn,Miami,premium,1,1,0,18,138.17,2487.06
c690739e-53cb-11ea-be1c-b88a60e194fb,O9X-MF2E,orderid:154380,crmid:5563494612,2020-01-06T07:11:46.000Z,website,prd1046,1580368306,1581405106,2020-01-30T07:11:46+00:00,2020-02-11T07:11:46+00:00,Blue Reef Resort: Virginia Beach,Blue Reef Resort,Virginia Beach,standard,1,1,0,12,171.52,2058.24
c691864a-53cb-11ea-8c52-b88a60e194fb,QWD-1KXG,orderid:792275,crmid:7112525563,2020-01-04T08:26:50.000Z,website,prd1131,1580027210,1580459210,2020-01-26T08:26:50+00:00,2020-01-31T08:26:50+00:00,Hospitality Inn: Sheffield,Hospitality Inn,Sheffield,premium,1,1,0,5,143.52,717.6
c692beba-53cb-11ea-bbcc-b88a60e194fb,Y3W-QYTH,orderid:124170,crmid:4034309073,2019-12-02T21:21:35.000Z,website,prd1146,1575408095,1575753695,2019-12-03T21:21:35+00:00,2019-12-07T21:21:35+00:00,Restful Nights: San Jose,Restful Nights,San Jose,premium,1,1,0,4,157.56,630.24
c693f6ba-53cb-11ea-a3dd-b88a60e194fb,VKP-VPBI,orderid:139366,crmid:9251118232,2019-12-06T15:13:26.000Z,kiosk,prd1100,1577891606,1578237206,2020-01-01T15:13:26+00:00,2020-01-05T15:13:26+00:00,Aspen Heights: Misk,Aspen Heights,Misk,standard,1,1,0,4,141.94,567.76
c6952e7a-53cb-11ea-a3e8-b88a60e194fb,1QU-PVTL,orderid:675280,crmid:8824797531,2020-02-14T00:26:35.000Z,mobile,prd1057,1583281595,1583972795,2020-03-04T00:26:35+00:00,2020-03-12T00:26:35+00:00,Admiralty Plaza: Mumbai,Admiralty Plaza,Mumbai,standard,1,1,4,8,130.15,1041.2
c69618f0-53cb-11ea-9aa2-b88a60e194fb,J7A-CTBH,orderid:468779,crmid:1037409627,2019-12-02T15:08:35.000Z,website,prd1165,1575385715,1575472115,2019-12-03T15:08:35+00:00,2019-12-04T15:08:35+00:00,Admiralty Plaza: Louisville,Admiralty Plaza,Louisville,standard,1,1,0,1,175.72,175.72
c69779ac-53cb-11ea-a25a-b88a60e194fb,BT1-A4EV,orderid:618620,crmid:4871297107,2020-01-09T01:45:13.000Z,call center,prd1167,1578620713,1578879913,2020-01-10T01:45:13+00:00,2020-01-13T01:45:13+00:00,Hospitality Inn: Milwaukee,Hospitality Inn,Milwaukee,standard,1,1,0,3,152.45,457.35
c697c71a-53cb-11ea-8dd4-b88a60e194fb,DV6-VUOJ,orderid:235570,crmid:4871297107,2020-01-14T00:00:00.000Z,website,prd1003,1579046400,1579132800,2020-01-15T00:00:00+00:00,2020-01-16T00:00:00+00:00,Family Fun Hotels: Houston,Family Fun Hotels,Houston,standard,1,1,0,1,96.83,96.83
c698b234-53cb-11ea-8215-b88a60e194fb,DDG-CI2B,orderid:268670,crmid:4946742641,2020-01-03T17:37:18.000Z,kiosk,prd1002,1579282638,1579887438,2020-01-17T17:37:18+00:00,2020-01-24T17:37:18+00:00,Restful Nights: Chicago,Restful Nights,Chicago,premium,1,1,0,7,131.69,921.83
c699c3a4-53cb-11ea-b85f-b88a60e194fb,WAG-7PPL,orderid:918278,crmid:2696117044,2020-01-17T16:49:38.000Z,website,prd1165,1579366178,1579538978,2020-01-18T16:49:38+00:00,2020-01-20T16:49:38+00:00,Admiralty Plaza: Louisville,Admiralty Plaza,Louisville,standard,1,1,0,2,138.98,277.96
c69afad4-53cb-11ea-acdd-b88a60e194fb,HJV-APGV,orderid:508203,crmid:6064267744,2020-01-26T13:20:59.000Z,service desk,prd1039,1580649659,1580995259,2020-02-02T13:20:59+00:00,2020-02-06T13:20:59+00:00,Family Fun Hotels: Kansas City,Family Fun Hotels,Kansas City,standard,1,1,0,4,151.36,605.44
c69be698-53cb-11ea-8bfe-b88a60e194fb,DZE-ZPJZ,orderid:939342,crmid:3518443537,2020-01-11T15:27:34.000Z,mobile,prd1071,1580138854,1580657254,2020-01-27T15:27:34+00:00,2020-02-02T15:27:34+00:00,Hospitality Inn: Seoul,Hospitality Inn,Seoul,standard,1,1,0,6,128.23,769.38
c69cf800-53cb-11ea-8806-b88a60e194fb,1QE-D1ZV,orderid:273342,crmid:1164800123,2020-01-18T19:56:20.000Z,service desk,prd1197,1580846180,1581537380,2020-02-04T19:56:20+00:00,2020-02-12T19:56:20+00:00,Sapphire Suites: London,Sapphire Suites,London,standard,1,1,0,8,153.78,1230.24
c69de24c-53cb-11ea-bae9-b88a60e194fb,KFB-XD5P,orderid:683591,crmid:1297899661,2020-01-03T04:46:27.000Z,call center,prd1167,1580273187,1581050787,2020-01-29T04:46:27+00:00,2020-02-07T04:46:27+00:00,Hospitality Inn: Milwaukee,Hospitality Inn,Milwaukee,premium,1,1,0,9,120.97,1088.73
c69f6918-53cb-11ea-87a9-b88a60e194fb,FNP-8PWM,orderid:613350,crmid:4418909386,2019-12-08T09:45:24.000Z,website,prd1087,1577958324,1578303924,2020-01-02T09:45:24+00:00,2020-01-06T09:45:24+00:00,Family Fun Hotels: Kolkata,Family Fun Hotels,Kolkata,ultra-luxury,1,1,0,4,254.11,1016.44
c6a0a16c-53cb-11ea-98f1-b88a60e194fb,5N8-SFRF,orderid:926230,crmid:8368484668,2019-12-30T17:43:47.000Z,call center,prd1016,1579283027,1580319827,2020-01-17T17:43:47+00:00,2020-01-29T17:43:47+00:00,Aspen Heights: Columbus,Aspen Heights,Columbus,premium,1,1,0,12,120.85,1450.2
c6a1b2d8-53cb-11ea-8589-b88a60e194fb,VFG-KS3K,orderid:552030,crmid:1501162124,2019-12-21T16:21:46.000Z,call center,prd1050,1577290906,1577550106,2019-12-25T16:21:46+00:00,2019-12-28T16:21:46+00:00,Restful Nights: Arlington,Restful Nights,Arlington,standard,1,1,0,3,121.32,363.96
c6a2c450-53cb-11ea-a4ba-b88a60e194fb,JGK-LSIS,orderid:723151,crmid:1936781752,2019-12-05T20:44:36.000Z,website,prd1189,1577479476,1577911476,2019-12-27T20:44:36+00:00,2020-01-01T20:44:36+00:00,Admiralty Plaza: Bakersfield,Admiralty Plaza,Bakersfield,standard,1,1,0,5,130.46,652.3
c6a3d478-53cb-11ea-9075-b88a60e194fb,PJW-OBWE,orderid:676271,crmid:1036433381,2020-02-04T19:03:44.000Z,kiosk,prd1124,1581447824,1582052624,2020-02-11T19:03:44+00:00,2020-02-18T19:03:44+00:00,Aspen Heights: Leeds,Aspen Heights,Leeds,standard,1,1,0,7,153.2,1072.4
c6a4bf42-53cb-11ea-a7fb-b88a60e194fb,FBW-HCB7,orderid:870250,crmid:5410992883,2019-12-13T13:44:42.000Z,website,prd1070,1577627082,1579095882,2019-12-29T13:44:42+00:00,2020-01-15T13:44:42+00:00,Blue Reef Resort: Jakarta,Blue Reef Resort,Jakarta,standard,1,1,3,17,114.29,1942.93
c6a5f8a4-53cb-11ea-a550-b88a60e194fb,UXC-KF6N,orderid:300877,crmid:5247489225,2020-01-30T03:19:56.000Z,call center,prd1063,1582427996,1582687196,2020-02-23T03:19:56+00:00,2020-02-26T03:19:56+00:00,Family Fun Hotels: London,Family Fun Hotels,London,standard,1,1,0,3,117.19,351.57
c6a70a34-53cb-11ea-8c5f-b88a60e194fb,A0B-DY6U,orderid:939414,crmid:1771980366,2020-02-02T17:52:42.000Z,call center,prd1071,1582653162,1583430762,2020-02-25T17:52:42+00:00,2020-03-05T17:52:42+00:00,Hospitality Inn: Seoul,Hospitality Inn,Seoul,standard,1,1,0,9,138.99,1250.91
c6a7f46e-53cb-11ea-9454-b88a60e194fb,HHK-RZ8X,orderid:785803,crmid:1653471605,2019-12-26T01:51:24.000Z,mobile,prd1047,1577411484,1577497884,2019-12-27T01:51:24+00:00,2019-12-28T01:51:24+00:00,Hospitality Inn: Oakland,Hospitality Inn,Oakland,standard,1,1,0,1,117.28,117.28
c6a9a0b0-53cb-11ea-87c8-b88a60e194fb,WEC-MXZW,orderid:817530,crmid:7642377933,2019-12-17T23:58:37.000Z,website,prd1187,1578959917,1579564717,2020-01-13T23:58:37+00:00,2020-01-20T23:58:37+00:00,Nesting Box Inn: Cleveland,Nesting Box Inn,Cleveland,luxury,1,1,0,7,341.38,2389.66
c6abc39e-53cb-11ea-ab8f-b88a60e194fb,RAQ-PVUN,orderid:815293,crmid:3855096355,2020-02-03T08:15:29.000Z,kiosk,prd1085,1581236129,1581668129,2020-02-09T08:15:29+00:00,2020-02-14T08:15:29+00:00,Grandeur Hotels: Saint Petersburg,Grandeur Hotels,Saint Petersburg,luxury,1,1,0,5,326.83,1634.15
c6acd676-53cb-11ea-984d-b88a60e194fb,CWX-GBON,orderid:322506,crmid:6932934088,2020-01-04T16:59:59.000Z,website,prd1085,1578243599,1578416399,2020-01-05T16:59:59+00:00,2020-01-07T16:59:59+00:00,Grandeur Hotels: Saint Petersburg,Grandeur Hotels,Saint Petersburg,standard,1,1,0,2,145.5,291.0
c6ad2366-53cb-11ea-b3c8-b88a60e194fb,OCY-SYZY,orderid:126367,crmid:6932934088,2020-01-08T00:00:00.000Z,call center,prd1144,1578528000,1578700800,2020-01-09T00:00:00+00:00,2020-01-11T00:00:00+00:00,Sandhill: San Diego,Sandhill,San Diego,standard,1,1,0,2,152.12,304.24
c6ae5bb4-53cb-11ea-8eda-b88a60e194fb,JKX-COHH,orderid:179615,crmid:8182593128,2020-01-24T17:01:50.000Z,mobile,prd1005,1580490110,1580835710,2020-01-31T17:01:50+00:00,2020-02-04T17:01:50+00:00,Sapphire Suites: Los Angeles,Sapphire Suites,Los Angeles,standard,1,1,1,4,163.55,654.2
c6af4774-53cb-11ea-b980-b88a60e194fb,TGU-RTVL,orderid:755148,crmid:5691425062,2019-12-02T10:03:00.000Z,call center,prd1033,1575712980,1575972180,2019-12-07T10:03:00+00:00,2019-12-10T10:03:00+00:00,Admiralty Plaza: Milwaukee,Admiralty Plaza,Milwaukee,standard,1,1,0,3,106.09,318.27
c6b08002-53cb-11ea-b516-b88a60e194fb,XCT-L1TQ,orderid:498037,crmid:1807175402,2019-12-04T13:18:38.000Z,mobile,prd1009,1575638318,1575724718,2019-12-06T13:18:38+00:00,2019-12-07T13:18:38+00:00,Admiralty Plaza: San Antonio,Admiralty Plaza,San Antonio,standard,1,1,0,1,146.93,146.93
c6b16a52-53cb-11ea-a651-b88a60e194fb,TYO-CUU3,orderid:709119,crmid:1447608079,2020-02-05T22:48:33.000Z,mobile,prd1017,1583534913,1583966913,2020-03-06T22:48:33+00:00,2020-03-11T22:48:33+00:00,Sapphire Suites: Fort Worth,Sapphire Suites,Fort Worth,standard,1,1,0,5,157.97,789.85
c6b254b0-53cb-11ea-8e24-b88a60e194fb,V46-YZXS,orderid:181216,crmid:9893524004,2020-02-10T18:12:11.000Z,website,prd1182,1582049531,1582654331,2020-02-18T18:12:11+00:00,2020-02-25T18:12:11+00:00,Restful Nights: Minneapolis,Restful Nights,Minneapolis,standard,1,1,0,7,158.85,1111.95
c6b3da22-53cb-11ea-8df4-b88a60e194fb,G0R-IU3H,orderid:997918,crmid:5417982091,2019-12-14T22:47:09.000Z,call center,prd1175,1576450029,1576536429,2019-12-15T22:47:09+00:00,2019-12-16T22:47:09+00:00,Nesting Box Inn: Long Beach,Nesting Box Inn,Long Beach,standard,1,1,0,1,135.4,135.4
c6b4eb62-53cb-11ea-a100-b88a60e194fb,ENK-TKWB,orderid:984147,crmid:3477045684,2020-02-06T12:00:29.000Z,website,prd1057,1582718429,1583150429,2020-02-26T12:00:29+00:00,2020-03-02T12:00:29+00:00,Admiralty Plaza: Mumbai,Admiralty Plaza,Mumbai,premium,1,1,0,5,129.23,646.15
c6b5fe4a-53cb-11ea-bab7-b88a60e194fb,DHI-UOA2,orderid:605215,crmid:3598542298,2020-01-11T03:32:50.000Z,call center,prd1187,1580441570,1581564770,2020-01-31T03:32:50+00:00,2020-02-13T03:32:50+00:00,Nesting Box Inn: Cleveland,Nesting Box Inn,Cleveland,premium,1,1,0,13,113.7,1478.1
c6b70f9c-53cb-11ea-9a69-b88a60e194fb,NJB-7GZG,orderid:701141,crmid:8548737869,2020-01-13T08:03:38.000Z,website,prd1065,1579421018,1579766618,2020-01-19T08:03:38+00:00,2020-01-23T08:03:38+00:00,Sapphire Suites: Beijing,Sapphire Suites,Beijing,premium,1,1,4,4,159.03,636.12
c6b84828-53cb-11ea-b79e-b88a60e194fb,LOW-6UM6,orderid:684345,crmid:3326006506,2020-02-04T23:17:01.000Z,website,prd1093,1581117421,1581549421,2020-02-07T23:17:01+00:00,2020-02-12T23:17:01+00:00,Admiralty Plaza: Yokohama,Admiralty Plaza,Yokohama,standard,1,1,0,5,123.96,619.8
c6b9598a-53cb-11ea-aa3f-b88a60e194fb,PLG-Y6EX,orderid:138109,crmid:5999970163,2019-12-08T17:04:12.000Z,kiosk,prd1117,1576602252,1577811852,2019-12-17T17:04:12+00:00,2019-12-31T17:04:12+00:00,Admiralty Plaza: Dublin,Admiralty Plaza,Dublin,standard,1,1,0,14,127.18,1780.52
c6ba43da-53cb-11ea-95fa-b88a60e194fb,BX2-EQKT,orderid:346210,crmid:8981091318,2020-01-09T03:12:26.000Z,website,prd1145,1578625946,1578971546,2020-01-10T03:12:26+00:00,2020-01-14T03:12:26+00:00,Grandeur Hotels: Dallas,Grandeur Hotels,Dallas,premium,1,1,0,4,162.44,649.76
c6bba39c-53cb-11ea-8589-b88a60e194fb,DXI-VTL4,orderid:163996,crmid:9038767109,2020-01-22T15:26:27.000Z,website,prd1161,1581089187,1582557987,2020-02-07T15:26:27+00:00,2020-02-24T15:26:27+00:00,Sapphire Suites: Memphis,Sapphire Suites,Memphis,premium,1,1,1,17,117.44,1996.48
c6bcb4e2-53cb-11ea-b98a-b88a60e194fb,DWG-GPKP,orderid:153923,crmid:2077089849,2020-02-13T22:53:40.000Z,mobile,prd1017,1582325620,1582584820,2020-02-21T22:53:40+00:00,2020-02-24T22:53:40+00:00,Sapphire Suites: Fort Worth,Sapphire Suites,Fort Worth,premium,1,1,0,3,159.13,477.39
c6bd9de2-53cb-11ea-9b54-b88a60e194fb,S8N-Q3YE,orderid:609736,crmid:3452402519,2020-01-21T10:21:43.000Z,mobile,prd1070,1579861303,1580120503,2020-01-24T10:21:43+00:00,2020-01-27T10:21:43+00:00,Blue Reef Resort: Jakarta,Blue Reef Resort,Jakarta,ultra-luxury,1,1,0,3,327.64,982.92
c6befd9e-53cb-11ea-ad09-b88a60e194fb,ZJW-WR94,orderid:544471,crmid:3967215839,2020-01-09T12:25:05.000Z,mobile,prd1129,1578659105,1578918305,2020-01-10T12:25:05+00:00,2020-01-13T12:25:05+00:00,Admiralty Plaza: Helsinki,Admiralty Plaza,Helsinki,standard,1,1,0,3,152.58,457.74
c6bfe812-53cb-11ea-8ede-b88a60e194fb,VEU-GQOI,orderid:291236,crmid:6403750516,2020-01-30T05:06:59.000Z,call center,prd1190,1581138419,1582607219,2020-02-08T05:06:59+00:00,2020-02-25T05:06:59+00:00,Blue Reef Resort: Aurora,Blue Reef Resort,Aurora,standard,1,1,0,17,89.05,1513.85
c6c0fab0-53cb-11ea-b563-b88a60e194fb,POW-OLBZ,orderid:981890,crmid:6210052850,2020-02-15T05:23:14.000Z,kiosk,prd1046,1581830594,1581916994,2020-02-16T05:23:14+00:00,2020-02-17T05:23:14+00:00,Blue Reef Resort: Virginia Beach,Blue Reef Resort,Virginia Beach,premium,1,1,0,1,145.8,145.8
c6c232f6-53cb-11ea-8ca8-b88a60e194fb,OMS-S0FN,orderid:402724,crmid:4432645907,2019-12-11T03:57:41.000Z,website,prd1021,1578110261,1578887861,2020-01-04T03:57:41+00:00,2020-01-13T03:57:41+00:00,Admiralty Plaza: Denver,Admiralty Plaza,Denver,standard,1,1,0,9,119.57,1076.13
c6c3df82-53cb-11ea-a13e-b88a60e194fb,35L-6Z1T,orderid:330594,crmid:7576004684,2020-01-07T21:22:16.000Z,service desk,prd1082,1580764936,1580851336,2020-02-03T21:22:16+00:00,2020-02-04T21:22:16+00:00,Blue Reef Resort: Surat,Blue Reef Resort,Surat,standard,1,1,4,1,155.46,155.46
c6c4c9de-53cb-11ea-8874-b88a60e194fb,Y2W-KOFB,orderid:741589,crmid:3412009623,2020-01-01T14:35:39.000Z,call center,prd1123,1577975739,1578148539,2020-01-02T14:35:39+00:00,2020-01-04T14:35:39+00:00,Family Fun Hotels: Amsterdam,Family Fun Hotels,Amsterdam,standard,1,1,0,2,149.36,298.72
c6c4c9df-53cb-11ea-bd6b-b88a60e194fb,CLF-0CBU,orderid:638676,crmid:3412009623,2020-01-05T00:00:00.000Z,website,prd1014,1578441600,1578614400,2020-01-08T00:00:00+00:00,2020-01-10T00:00:00+00:00,Restful Nights: Jacksonville,Restful Nights,Jacksonville,standard,1,1,0,2,115.63,231.26
c6c5db50-53cb-11ea-b723-b88a60e194fb,HEX-GPIJ,orderid:475114,crmid:4438673767,2019-12-05T00:16:16.000Z,service desk,prd1081,1576714576,1577319376,2019-12-19T00:16:16+00:00,2019-12-26T00:16:16+00:00,Admiralty Plaza: Rod de Janeiro,Admiralty Plaza,Rod de Janeiro,ultra-luxury,1,1,0,7,257.14,1799.98
c6c6ecb8-53cb-11ea-8bb6-b88a60e194fb,AJX-KVWV,orderid:973684,crmid:2813739940,2019-12-24T07:34:36.000Z,kiosk,prd1143,1578555276,1579332876,2020-01-09T07:34:36+00:00,2020-01-18T07:34:36+00:00,Hospitality Inn: San Antonio,Hospitality Inn,San Antonio,standard,1,1,0,9,139.44,1254.96
c6c7d898-53cb-11ea-bbe8-b88a60e194fb,CH3-NDFD,orderid:419950,crmid:1045257331,2020-01-17T06:40:39.000Z,call center,prd1119,1579329639,1579588839,2020-01-18T06:40:39+00:00,2020-01-21T06:40:39+00:00,Hospitality Inn: Turin,Hospitality Inn,Turin,standard,1,1,0,3,119.42,358.26
c6c91102-53cb-11ea-aced-b88a60e194fb,KHZ-XEPN,orderid:273489,crmid:9408562094,2019-12-06T00:36:55.000Z,call center,prd1142,1575851815,1576283815,2019-12-09T00:36:55+00:00,2019-12-14T00:36:55+00:00,Blue Reef Resort: Philadelphia,Blue Reef Resort,Philadelphia,standard,1,1,0,5,126.7,633.5
c6ca2274-53cb-11ea-87b4-b88a60e194fb,UJT-IVTX,orderid:218689,crmid:9576309407,2020-01-13T10:43:26.000Z,call center,prd1047,1578998606,1579171406,2020-01-14T10:43:26+00:00,2020-01-16T10:43:26+00:00,Hospitality Inn: Oakland,Hospitality Inn,Oakland,standard,1,1,0,2,134.11,268.22
c6ca4990-53cb-11ea-a716-b88a60e194fb,HX2-SCUV,orderid:626423,crmid:9576309407,2020-01-18T00:00:00.000Z,kiosk,prd1014,1579478400,1579651200,2020-01-20T00:00:00+00:00,2020-01-22T00:00:00+00:00,Restful Nights: Jacksonville,Restful Nights,Jacksonville,standard,1,1,0,2,146.23,292.46
c6cb5ad8-53cb-11ea-b6d1-b88a60e194fb,Z4P-375N,orderid:711753,crmid:4327675458,2019-12-26T18:29:15.000Z,website,prd1147,1579890555,1580408955,2020-01-24T18:29:15+00:00,2020-01-30T18:29:15+00:00,Family Fun Hotels: Austin,Family Fun Hotels,Austin,standard,1,1,0,6,123.38,740.28
