id,crmid,propensity_account_upgrade,propensity_premium
f5d090c3-7a33-11ea-a854-b88a60e194fb,crmid:4429982108,1,7
f5d2b3dd-7a33-11ea-b3aa-b88a60e194fb,crmid:4429982108,2,9
f5d4afba-7a33-11ea-97a3-b88a60e194fb,crmid:4429982108,9,7
f5d68453-7a33-11ea-a5f4-b88a60e194fb,crmid:4429982108,9,9
f5d8a724-7a33-11ea-af21-b88a60e194fb,crmid:4429982108,7,7
f5daf11f-7a33-11ea-be34-b88a60e194fb,crmid:4429982108,5,8
f5dd8943-7a33-11ea-b107-b88a60e194fb,crmid:4429982108,8,2
f5df85b0-7a33-11ea-887a-b88a60e194fb,crmid:4429982108,5,4
f5e1822c-7a33-11ea-9ec1-b88a60e194fb,crmid:4429982108,2,2
f5e3557f-7a33-11ea-8bbe-b88a60e194fb,crmid:4429982108,9,9
f5e5c67b-7a33-11ea-8e6d-b88a60e194fb,crmid:4429982108,1,2
f5e8104b-7a33-11ea-8364-b88a60e194fb,crmid:4429982108,1,7
f5e9e515-7a33-11ea-a572-b88a60e194fb,crmid:4429982108,6,8
f5ec2ef1-7a33-11ea-bf25-b88a60e194fb,crmid:4429982108,4,4
f5ee2ace-7a33-11ea-8eed-b88a60e194fb,crmid:4429982108,3,4
f5efb167-7a33-11ea-ac51-b88a60e194fb,crmid:4429982108,4,7
f5f15f13-7a33-11ea-9e1e-b88a60e194fb,crmid:4429982108,6,3
f5f381ee-7a33-11ea-9a8b-b88a60e194fb,crmid:4429982108,8,8
f5f5a4e6-7a33-11ea-bca4-b88a60e194fb,crmid:4429982108,1,8
f5f70461-7a33-11ea-97e6-b88a60e194fb,crmid:4429982108,4,2
f5f90051-7a33-11ea-9769-b88a60e194fb,crmid:4429982108,2,8
f5fb7141-7a33-11ea-903d-b88a60e194fb,crmid:4429982108,9,7
f5fd6d5d-7a33-11ea-8cf9-b88a60e194fb,crmid:4429982108,3,4
f5ffde13-7a33-11ea-aa30-b88a60e194fb,crmid:4429982108,4,2
f60164a9-7a33-11ea-a22f-b88a60e194fb,crmid:4429982108,4,2
f602eb3b-7a33-11ea-8189-b88a60e194fb,crmid:4429982108,4,5
f6055c27-7a33-11ea-a0ac-b88a60e194fb,crmid:4429982108,4,4
f606e2dd-7a33-11ea-bce9-b88a60e194fb,crmid:4429982108,2,9
f608dea9-7a33-11ea-8c99-b88a60e194fb,crmid:4429982108,2,7
f60ab354-7a33-11ea-a5e1-b88a60e194fb,crmid:4429982108,9,4
f60c8829-7a33-11ea-b57c-b88a60e194fb,crmid:4429982108,3,9
f60eaafe-7a33-11ea-90ff-b88a60e194fb,crmid:4429982108,1,7
f610318d-7a33-11ea-acbc-b88a60e194fb,crmid:4429982108,6,4
f6125464-7a33-11ea-b2e3-b88a60e194fb,crmid:4429982108,2,6
f61429d1-7a33-11ea-8175-b88a60e194fb,crmid:4429982108,3,6
f615fdfb-7a33-11ea-b2e4-b88a60e194fb,crmid:4429982108,1,3
f6173664-7a33-11ea-8533-b88a60e194fb,crmid:4429982108,7,7
f618e417-7a33-11ea-a91c-b88a60e194fb,crmid:4429982108,6,2
f61a6ab5-7a33-11ea-8133-b88a60e194fb,crmid:4429982108,7,7
f61bf15d-7a33-11ea-bfde-b88a60e194fb,crmid:4429982108,4,2
f61e6277-7a33-11ea-922a-b88a60e194fb,crmid:4429982108,9,2
f620371d-7a33-11ea-a533-b88a60e194fb,crmid:4429982108,1,7
f622a823-7a33-11ea-9ad6-b88a60e194fb,crmid:4429982108,4,3
f62455bf-7a33-11ea-8445-b88a60e194fb,crmid:4429982108,2,9
f625dda8-7a33-11ea-9d0b-b88a60e194fb,crmid:4429982108,2,3
f6296014-7a33-11ea-a1d5-b88a60e194fb,crmid:4429982108,2,2
f62c1e74-7a33-11ea-8852-b88a60e194fb,crmid:4429982108,1,3
f62df2db-7a33-11ea-8d38-b88a60e194fb,crmid:4429982108,1,2
f6301580-7a33-11ea-8142-b88a60e194fb,crmid:4429982108,1,2
f631750f-7a33-11ea-8529-b88a60e194fb,crmid:4429982108,3,7
f632d4a1-7a33-11ea-9dcc-b88a60e194fb,crmid:4429982108,5,2
f6340d3c-7a33-11ea-99d8-b88a60e194fb,crmid:4429982108,9,9
f63608ed-7a33-11ea-8a18-b88a60e194fb,crmid:4429982108,4,4
f63804b7-7a33-11ea-8959-b88a60e194fb,crmid:4429982108,3,8
f6396448-7a33-11ea-949a-b88a60e194fb,crmid:4429982108,3,4
f63ac3d3-7a33-11ea-9272-b88a60e194fb,crmid:4429982108,5,3
f63c236c-7a33-11ea-b171-b88a60e194fb,crmid:4429982108,9,3
f63dab4d-7a33-11ea-aa54-b88a60e194fb,crmid:4429982108,7,1
f63f7fb6-7a33-11ea-a049-b88a60e194fb,crmid:4429982108,9,4
f640df3f-7a33-11ea-8bf2-b88a60e194fb,crmid:4429982108,3,3
f642b419-7a33-11ea-a37b-b88a60e194fb,crmid:4429982108,6,5
f64487bb-7a33-11ea-93ca-b88a60e194fb,crmid:4429982108,7,8
f6460fcb-7a33-11ea-9679-b88a60e194fb,crmid:4429982108,2,4
f6487f5b-7a33-11ea-89ef-b88a60e194fb,crmid:4429982108,2,9
f64c299d-7a33-11ea-ba7c-b88a60e194fb,crmid:4429982108,1,6
f64dd68b-7a33-11ea-a053-b88a60e194fb,crmid:4429982108,3,2
f6502079-7a33-11ea-a49c-b88a60e194fb,crmid:4429982108,3,3
f651ce1b-7a33-11ea-951d-b88a60e194fb,crmid:4429982108,4,8
f653c9e3-7a33-11ea-a8f0-b88a60e194fb,crmid:4429982108,7,7
f6552ab1-7a33-11ea-a592-b88a60e194fb,crmid:4429982108,1,1
f656d837-7a33-11ea-88dc-b88a60e194fb,crmid:4429982108,5,2
f658abd8-7a33-11ea-b27b-b88a60e194fb,crmid:4429982108,6,4
f65a81c4-7a33-11ea-b22d-b88a60e194fb,crmid:4429982108,1,2
f65c2e5e-7a33-11ea-89e2-b88a60e194fb,crmid:4429982108,1,2
f65e53a5-7a33-11ea-a186-b88a60e194fb,crmid:4429982108,4,8
f6609b2f-7a33-11ea-8170-b88a60e194fb,crmid:4429982108,3,2
f6630c8f-7a33-11ea-ab56-b88a60e194fb,crmid:4429982108,2,7
f6646ba6-7a33-11ea-bcf7-b88a60e194fb,crmid:4429982108,7,7
f666195b-7a33-11ea-ad1b-b88a60e194fb,crmid:4429982108,4,3
f6688a95-7a33-11ea-b095-b88a60e194fb,crmid:4429982108,2,8
f66aad5f-7a33-11ea-85a3-b88a60e194fb,crmid:4429982108,1,9
f66c5ad5-7a33-11ea-978e-b88a60e194fb,crmid:4429982108,3,6
f66e7f11-7a33-11ea-9701-b88a60e194fb,crmid:4429982108,8,7
f67053c1-7a33-11ea-90d0-b88a60e194fb,crmid:4429982108,8,4
f6718b48-7a33-11ea-b15c-b88a60e194fb,crmid:4429982108,5,2
f67386c9-7a33-11ea-b7d1-b88a60e194fb,crmid:4429982108,3,3
f6755c5b-7a33-11ea-bc20-b88a60e194fb,crmid:4429982108,4,8
f6777e65-7a33-11ea-8cfb-b88a60e194fb,crmid:4429982108,1,4
f679c8b7-7a33-11ea-ab10-b88a60e194fb,crmid:4429982108,2,4
f67c3951-7a33-11ea-a44f-b88a60e194fb,crmid:4429982108,2,8
f67e0f86-7a33-11ea-84c0-b88a60e194fb,crmid:4429982108,9,7
f68009e7-7a33-11ea-a274-b88a60e194fb,crmid:4429982108,7,2
f681b795-7a33-11ea-bce3-b88a60e194fb,crmid:4429982108,2,1
f683b358-7a33-11ea-bcaf-b88a60e194fb,crmid:4429982108,7,7
f685880c-7a33-11ea-9f3a-b88a60e194fb,crmid:4429982108,1,2
f687d20d-7a33-11ea-83c0-b88a60e194fb,crmid:4429982108,3,5
f689a749-7a33-11ea-b68d-b88a60e194fb,crmid:4429982108,2,7
f68efdf7-7a33-11ea-8b41-b88a60e194fb,crmid:4429982108,1,8
f690f9c2-7a33-11ea-a94e-b88a60e194fb,crmid:4429982108,4,6
f692a78d-7a33-11ea-b8ad-b88a60e194fb,crmid:4429982108,1,7
f6947c35-7a33-11ea-b725-b88a60e194fb,crmid:4429982108,4,9
f697141f-7a33-11ea-8892-b88a60e194fb,crmid:4429982108,2,7
f6990fee-7a33-11ea-b703-b88a60e194fb,crmid:4429982108,7,7
f69b0bd1-7a33-11ea-b276-b88a60e194fb,crmid:4429982108,2,3
f69d07b0-7a33-11ea-99d2-b88a60e194fb,crmid:4429982108,9,2
f69e4028-7a33-11ea-8e2a-b88a60e194fb,crmid:4429982108,2,2
f69fedb9-7a33-11ea-bf99-b88a60e194fb,crmid:4429982108,2,7
f6a2109f-7a33-11ea-8380-b88a60e194fb,crmid:4429982108,1,3
f6a4a8ca-7a33-11ea-a3ab-b88a60e194fb,crmid:4429982108,9,3
f6a6565f-7a33-11ea-8abc-b88a60e194fb,crmid:4429982108,1,9
f6a91571-7a33-11ea-af64-b88a60e194fb,crmid:4429982108,9,4
f6ab3850-7a33-11ea-83fb-b88a60e194fb,crmid:4429982108,7,3
f6ace611-7a33-11ea-b4d7-b88a60e194fb,crmid:4429982108,5,2
f6ae6ca7-7a33-11ea-b66e-b88a60e194fb,crmid:4429982108,7,1
f6aff349-7a33-11ea-8c03-b88a60e194fb,crmid:4429982108,2,3
f6b23d30-7a33-11ea-837c-b88a60e194fb,crmid:4429982108,4,5
f6b4ae31-7a33-11ea-8183-b88a60e194fb,crmid:4429982108,3,8
f6b60dbf-7a33-11ea-8c7b-b88a60e194fb,crmid:4429982108,1,6
f6b7bb5b-7a33-11ea-af63-b88a60e194fb,crmid:4429982108,9,7
f6ba059d-7a33-11ea-9ce2-b88a60e194fb,crmid:4429982108,1,7
f6bc0115-7a33-11ea-9c1d-b88a60e194fb,crmid:4429982108,7,1
f6bdaec0-7a33-11ea-be75-b88a60e194fb,crmid:4429982108,1,7
f6bf3566-7a33-11ea-ad79-b88a60e194fb,crmid:4429982108,6,9
f6c0bc17-7a33-11ea-b2e2-b88a60e194fb,crmid:4429982108,9,5
f6c2b7d6-7a33-11ea-a461-b88a60e194fb,crmid:4429982108,2,9
f6c4b39b-7a33-11ea-adf3-b88a60e194fb,crmid:4429982108,9,7
f6c68863-7a33-11ea-bf1d-b88a60e194fb,crmid:4429982108,4,2
f6c88436-7a33-11ea-a57c-b88a60e194fb,crmid:4429982108,5,2
f6ca0ade-7a33-11ea-b8a1-b88a60e194fb,crmid:4429982108,5,9
f6cc54bb-7a33-11ea-b42b-b88a60e194fb,crmid:4429982108,4,7
f6ce507b-7a33-11ea-aa4b-b88a60e194fb,crmid:4429982108,1,7
f6d04c5d-7a33-11ea-b115-b88a60e194fb,crmid:4429982108,2,5
f6d1d2e9-7a33-11ea-8b2a-b88a60e194fb,crmid:4429982108,4,4
f6d38146-7a33-11ea-ab05-b88a60e194fb,crmid:4429982108,5,5
f6d4e037-7a33-11ea-979a-b88a60e194fb,crmid:4429982108,2,2
f6d7030d-7a33-11ea-84e7-b88a60e194fb,crmid:4429982108,6,3
f6d889bf-7a33-11ea-909e-b88a60e194fb,crmid:4429982108,4,8
f6dad3a3-7a33-11ea-b652-b88a60e194fb,crmid:4429982108,6,5
f6dd6ba5-7a33-11ea-b750-b88a60e194fb,crmid:4429982108,2,2
f6df8e95-7a33-11ea-b3ee-b88a60e194fb,crmid:4429982108,4,8
f6e18a6f-7a33-11ea-93b1-b88a60e194fb,crmid:4429982108,1,8
f6e310ed-7a33-11ea-b36f-b88a60e194fb,crmid:4429982108,2,2
f6e55ad0-7a33-11ea-8f1c-b88a60e194fb,crmid:4429982108,1,1
f6e7088e-7a33-11ea-b32b-b88a60e194fb,crmid:4429982108,2,7
f6e88f28-7a33-11ea-811f-b88a60e194fb,crmid:4429982108,7,7
f6ea8b0d-7a33-11ea-bc30-b88a60e194fb,crmid:4429982108,4,2
f6ec118d-7a33-11ea-a970-b88a60e194fb,crmid:4429982108,6,4
f6edbf37-7a33-11ea-a31f-b88a60e194fb,crmid:4429982108,2,6
f6ef6cde-7a33-11ea-8229-b88a60e194fb,crmid:4429982108,2,2
f6f168c5-7a33-11ea-a312-b88a60e194fb,crmid:4429982108,7,9
f6f3d9c1-7a33-11ea-9a02-b88a60e194fb,crmid:4429982108,3,4
f6f58770-7a33-11ea-b2f1-b88a60e194fb,crmid:4429982108,5,9
f6f73526-7a33-11ea-afdf-b88a60e194fb,crmid:4429982108,8,7
f6f909cb-7a33-11ea-b83f-b88a60e194fb,crmid:4429982108,4,7
f6fb53b9-7a33-11ea-86c8-b88a60e194fb,crmid:4429982108,3,4
f6fd286f-7a33-11ea-8660-b88a60e194fb,crmid:4429982108,4,8
f6ff4b5a-7a33-11ea-a5a0-b88a60e194fb,crmid:4429982108,3,8
f701954b-7a33-11ea-97bf-b88a60e194fb,crmid:4429982108,2,9
f703b821-7a33-11ea-922e-b88a60e194fb,crmid:4429982108,1,8
f705daf6-7a33-11ea-80ac-b88a60e194fb,crmid:4429982108,4,7
f707618f-7a33-11ea-a13d-b88a60e194fb,crmid:4429982108,1,4
f7093667-7a33-11ea-a926-b88a60e194fb,crmid:4429982108,3,1
f70b0b1f-7a33-11ea-8f33-b88a60e194fb,crmid:4429982108,7,7
f70d54f9-7a33-11ea-941f-b88a60e194fb,crmid:4429982108,3,7
f70f02c7-7a33-11ea-ae20-b88a60e194fb,crmid:4429982108,6,6
f710d765-7a33-11ea-8c71-b88a60e194fb,crmid:4429982108,2,3
f712d32f-7a33-11ea-89fe-b88a60e194fb,crmid:4429982108,5,6
f714f601-7a33-11ea-93d4-b88a60e194fb,crmid:4429982108,7,3
f71655a9-7a33-11ea-b322-b88a60e194fb,crmid:4429982108,5,2
f7182a63-7a33-11ea-8a02-b88a60e194fb,crmid:4429982108,9,2
f719b11f-7a33-11ea-9819-b88a60e194fb,crmid:4429982108,1,2
f71b37b5-7a33-11ea-a12d-b88a60e194fb,crmid:4429982108,4,8
f71da895-7a33-11ea-937d-b88a60e194fb,crmid:4429982108,3,7
f71f7da9-7a33-11ea-a608-b88a60e194fb,crmid:4429982108,7,3
f721521d-7a33-11ea-9f5d-b88a60e194fb,crmid:4429982108,2,9
f722d8c5-7a33-11ea-be74-b88a60e194fb,crmid:4429982108,9,1
f7245f5c-7a33-11ea-b5eb-b88a60e194fb,crmid:4429982108,2,8
f726342e-7a33-11ea-81ef-b88a60e194fb,crmid:4429982108,4,3
f727e1b7-7a33-11ea-b43c-b88a60e194fb,crmid:4429982108,8,7
f7298f6d-7a33-11ea-a709-b88a60e194fb,crmid:4429982108,2,1
f72b6438-7a33-11ea-ad48-b88a60e194fb,crmid:4429982108,2,8
f72d121c-7a33-11ea-a668-b88a60e194fb,crmid:4429982108,1,5
f72f82d5-7a33-11ea-9dcc-b88a60e194fb,crmid:4429982108,2,7
f731a5d1-7a33-11ea-8a61-b88a60e194fb,crmid:4429982108,9,3
f7337a7b-7a33-11ea-9c88-b88a60e194fb,crmid:4429982108,3,7
f7357663-7a33-11ea-9445-b88a60e194fb,crmid:4429982108,2,2
f7374b09-7a33-11ea-be62-b88a60e194fb,crmid:4429982108,4,3
f7391fcd-7a33-11ea-8c02-b88a60e194fb,crmid:4429982108,7,7
f73b1b83-7a33-11ea-b9b2-b88a60e194fb,crmid:4429982108,2,3
f73c5408-7a33-11ea-8b3f-b88a60e194fb,crmid:4429982108,9,3
f73e4fcf-7a33-11ea-a7bb-b88a60e194fb,crmid:4429982108,3,7
f73fd66c-7a33-11ea-bb29-b88a60e194fb,crmid:4429982108,2,6
f7413600-7a33-11ea-a22a-b88a60e194fb,crmid:4429982108,9,7
f74331c8-7a33-11ea-8e89-b88a60e194fb,crmid:4429982108,4,7
f745a2be-7a33-11ea-a64f-b88a60e194fb,crmid:4429982108,3,8
f7483ad5-7a33-11ea-aba6-b88a60e194fb,crmid:4429982108,9,2
f74a0f8e-7a33-11ea-aa57-b88a60e194fb,crmid:4429982108,8,3
f74be44d-7a33-11ea-84c3-b88a60e194fb,crmid:4429982108,2,7
f74de037-7a33-11ea-9a7e-b88a60e194fb,crmid:4429982108,2,7
f74fb4d4-7a33-11ea-b157-b88a60e194fb,crmid:4429982108,3,6
