{"_id": "orderid:944965", "timestamp": "2020-02-14T16:17:37.000Z", "eventType": "transaction", "_adobeamericaspot3": {"CRMID": "crmid:5079147205", "orderDetails": {"orderID": "orderid:944965", "reservationid": "LHC-OAP5", "orderType": "website", "hotelSKU": "prd1003", "hotelCheckInUnix": "1581956257", "hotelCheckOutUnix": "1582042657", "hotelCheckInTS": "2020-02-17T16:17:37+00:00", "hotelCheckOutTS": "2020-02-18T16:17:37+00:00", "hotelChain": "Family Fun Hotels", "hotelName": "Family Fun Hotels: Houston", "hotelLocation": "Houston", "hotelRoomType": "premium", "hotelRoomCount": "1", "hotelGuestAdultCount": "1", "hotelGuestChildCount": "0", "hotelNightCount": "1", "hotelRoomPrice": "99.99", "hotelFinalPrice": "99.99"}}}
{"_id": "orderid:327074", "timestamp": "2020-02-16T23:23:43.000Z", "eventType": "transaction", "_adobeamericaspot3": {"CRMID": "crmid:2859802809", "orderDetails": {"orderID": "orderid:327074", "reservationid": "TJT-7Q91", "orderType": "mobile", "hotelSKU": "prd1003", "hotelCheckInUnix": "1582327423", "hotelCheckOutUnix": "1582673023", "hotelCheckInTS": "2020-02-21T23:23:43+00:00", "hotelCheckOutTS": "2020-02-25T23:23:43+00:00", "hotelChain": "Family Fun Hotels", "hotelName": "Family Fun Hotels: Houston", "hotelLocation": "Houston", "hotelRoomType": "standard", "hotelRoomCount": "1", "hotelGuestAdultCount": "1", "hotelGuestChildCount": "0", "hotelNightCount": "4", "hotelRoomPrice": "206.24", "hotelFinalPrice": "824.96"}}}
{"_id": "orderid:470727", "timestamp": "2019-12-18T07:49:15.000Z", "eventType": "transaction", "_adobeamericaspot3": {"CRMID": "crmid:1012552945", "orderDetails": {"orderID": "orderid:470727", "reservationid": "VZW-CTKE", "orderType": "website", "hotelSKU": "prd1046", "hotelCheckInUnix": "1576914555", "hotelCheckOutUnix": "1577000955", "hotelCheckInTS": "2019-12-21T07:49:15+00:00", "hotelCheckOutTS": "2019-12-22T07:49:15+00:00", "hotelChain": "Blue Reef Resort", "hotelName": "Blue Reef Resort: Virginia Beach", "hotelLocation": "Virginia Beach", "hotelRoomType": "premium", "hotelRoomCount": "1", "hotelGuestAdultCount": "1", "hotelGuestChildCount": "0", "hotelNightCount": "1", "hotelRoomPrice": "195.82", "hotelFinalPrice": "195.82"}}}
{"_id": "orderid:267303", "timestamp": "2020-01-23T01:34:51.000Z", "eventType": "transaction", "_adobeamericaspot3": {"CRMID": "crmid:2363900852", "orderDetails": {"orderID": "orderid:267303", "reservationid": "60A-RR2V", "orderType": "mobile", "hotelSKU": "prd1051", "hotelCheckInUnix": "1581384891", "hotelCheckOutUnix": "1581989691", "hotelCheckInTS": "2020-02-11T01:34:51+00:00", "hotelCheckOutTS": "2020-02-18T01:34:51+00:00", "hotelChain": "Family Fun Hotels", "hotelName": "Family Fun Hotels: New Orleans", "hotelLocation": "New Orleans", "hotelRoomType": "standard", "hotelRoomCount": "1", "hotelGuestAdultCount": "1", "hotelGuestChildCount": "0", "hotelNightCount": "7", "hotelRoomPrice": "163.1", "hotelFinalPrice": "1141.7"}}}
{"_id": "orderid:516403", "timestamp": "2020-02-09T19:51:01.000Z", "eventType": "transaction", "_adobeamericaspot3": {"CRMID": "crmid:5290945227", "orderDetails": {"orderID": "orderid:516403", "reservationid": "JJE-7ZU0", "orderType": "service desk", "hotelSKU": "prd1149", "hotelCheckInUnix": "1581709861", "hotelCheckOutUnix": "1582141861", "hotelCheckInTS": "2020-02-14T19:51:01+00:00", "hotelCheckOutTS": "2020-02-19T19:51:01+00:00", "hotelChain": "Sapphire Suites", "hotelName": "Sapphire Suites: San Francisco", "hotelLocation": "San Francisco", "hotelRoomType": "premium", "hotelRoomCount": "1", "hotelGuestAdultCount": "1", "hotelGuestChildCount": "3", "hotelNightCount": "5", "hotelRoomPrice": "145.86", "hotelFinalPrice": "729.3"}}}
{"_id": "orderid:860805", "timestamp": "2020-02-07T03:09:24.000Z", "eventType": "transaction", "_adobeamericaspot3": {"CRMID": "crmid:4036302607", "orderDetails": {"orderID": "orderid:860805", "reservationid": "XUI-GDSI", "orderType": "kiosk", "hotelSKU": "prd1181", "hotelCheckInUnix": "1583550564", "hotelCheckOutUnix": "1585192164", "hotelCheckInTS": "2020-03-07T03:09:24+00:00", "hotelCheckOutTS": "2020-03-26T03:09:24+00:00", "hotelChain": "Grandeur Hotels", "hotelName": "Grandeur Hotels: Oakland", "hotelLocation": "Oakland", "hotelRoomType": "premium", "hotelRoomCount": "1", "hotelGuestAdultCount": "1", "hotelGuestChildCount": "0", "hotelNightCount": "19", "hotelRoomPrice": "132.77", "hotelFinalPrice": "2522.63"}}}
{"_id": "orderid:591379", "timestamp": "2020-01-13T22:27:46.000Z", "eventType": "transaction", "_adobeamericaspot3": {"CRMID": "crmid:8810360367", "orderDetails": {"orderID": "orderid:591379", "reservationid": "PEC-G40Q", "orderType": "website", "hotelSKU": "prd1100", "hotelCheckInUnix": "1579040866", "hotelCheckOutUnix": "1579213666", "hotelCheckInTS": "2020-01-14T22:27:46+00:00", "hotelCheckOutTS": "2020-01-16T22:27:46+00:00", "hotelChain": "Aspen Heights", "hotelName": "Aspen Heights: Misk", "hotelLocation": "Misk", "hotelRoomType": "standard", "hotelRoomCount": "1", "hotelGuestAdultCount": "1", "hotelGuestChildCount": "0", "hotelNightCount": "2", "hotelRoomPrice": "147.8", "hotelFinalPrice": "295.6"}}}
{"_id": "orderid:951780", "timestamp": "2019-12-11T06:33:48.000Z", "eventType": "transaction", "_adobeamericaspot3": {"CRMID": "crmid:7232650617", "orderDetails": {"orderID": "orderid:951780", "reservationid": "QB2-MIDZ", "orderType": "website", "hotelSKU": "prd1019", "hotelCheckInUnix": "1576132428", "hotelCheckOutUnix": "1576305228", "hotelCheckInTS": "2019-12-12T06:33:48+00:00", "hotelCheckOutTS": "2019-12-14T06:33:48+00:00", "hotelChain": "Nesting Box Inn", "hotelName": "Nesting Box Inn: Charlotte", "hotelLocation": "Charlotte", "hotelRoomType": "premium", "hotelRoomCount": "1", "hotelGuestAdultCount": "1", "hotelGuestChildCount": "0", "hotelNightCount": "2", "hotelRoomPrice": "152.88", "hotelFinalPrice": "305.76"}}}
{"_id": "orderid:378515", "timestamp": "2020-01-17T16:25:31.000Z", "eventType": "transaction", "_adobeamericaspot3": {"CRMID": "crmid:9136976255", "orderDetails": {"orderID": "orderid:378515", "reservationid": "4VP-ZBDR", "orderType": "website", "hotelSKU": "prd1039", "hotelCheckInUnix": "1580747131", "hotelCheckOutUnix": "1580919931", "hotelCheckInTS": "2020-02-03T16:25:31+00:00", "hotelCheckOutTS": "2020-02-05T16:25:31+00:00", "hotelChain": "Family Fun Hotels", "hotelName": "Family Fun Hotels: Kansas City", "hotelLocation": "Kansas City", "hotelRoomType": "standard", "hotelRoomCount": "1", "hotelGuestAdultCount": "1", "hotelGuestChildCount": "0", "hotelNightCount": "2", "hotelRoomPrice": "127.34", "hotelFinalPrice": "254.68"}}}
{"_id": "orderid:483223", "timestamp": "2020-02-06T11:38:21.000Z", "eventType": "transaction", "_adobeamericaspot3": {"CRMID": "crmid:5203147025", "orderDetails": {"orderID": "orderid:483223", "reservationid": "CQL-XNFM", "orderType": "kiosk", "hotelSKU": "prd1124", "hotelCheckInUnix": "1583494701", "hotelCheckOutUnix": "1584358701", "hotelCheckInTS": "2020-03-06T11:38:21+00:00", "hotelCheckOutTS": "2020-03-16T11:38:21+00:00", "hotelChain": "Aspen Heights", "hotelName": "Aspen Heights: Leeds", "hotelLocation": "Leeds", "hotelRoomType": "standard", "hotelRoomCount": "1", "hotelGuestAdultCount": "1", "hotelGuestChildCount": "0", "hotelNightCount": "10", "hotelRoomPrice": "112.58", "hotelFinalPrice": "1125.8"}}}
{"_id": "orderid:456091", "timestamp": "2020-02-06T11:38:50.000Z", "eventType": "transaction", "_adobeamericaspot3": {"CRMID": "crmid:9293080068", "orderDetails": {"orderID": "orderid:456091", "reservationid": "WVP-U9SA", "orderType": "call center", "hotelSKU": "prd1178", "hotelCheckInUnix": "1581075530", "hotelCheckOutUnix": "1581248330", "hotelCheckInTS": "2020-02-07T11:38:50+00:00", "hotelCheckOutTS": "2020-02-09T11:38:50+00:00", "hotelChain": "Blue Reef Resort", "hotelName": "Blue Reef Resort: Colorado Springs", "hotelLocation": "Colorado Springs", "hotelRoomType": "standard", "hotelRoomCount": "1", "hotelGuestAdultCount": "1", "hotelGuestChildCount": "0", "hotelNightCount": "2", "hotelRoomPrice": "139.03", "hotelFinalPrice": "278.06"}}}
{"_id": "orderid:404180", "timestamp": "2019-12-31T15:31:58.000Z", "eventType": "transaction", "_adobeamericaspot3": {"CRMID": "crmid:9072571631", "orderDetails": {"orderID": "orderid:404180", "reservationid": "HLA-8NJA", "orderType": "call center", "hotelSKU": "prd1178", "hotelCheckInUnix": "1579707118", "hotelCheckOutUnix": "1579879918", "hotelCheckInTS": "2020-01-22T15:31:58+00:00", "hotelCheckOutTS": "2020-01-24T15:31:58+00:00", "hotelChain": "Blue Reef Resort", "hotelName": "Blue Reef Resort: Colorado Springs", "hotelLocation": "Colorado Springs", "hotelRoomType": "premium", "hotelRoomCount": "1", "hotelGuestAdultCount": "1", "hotelGuestChildCount": "0", "hotelNightCount": "2", "hotelRoomPrice": "120.29", "hotelFinalPrice": "240.58"}}}
{"_id": "orderid:314847", "timestamp": "2020-02-05T11:58:38.000Z", "eventType": "transaction", "_adobeamericaspot3": {"CRMID": "crmid:4440377214", "orderDetails": {"orderID": "orderid:314847", "reservationid": "KYS-X0RX", "orderType": "call center", "hotelSKU": "prd1014", "hotelCheckInUnix": "1582891118", "hotelCheckOutUnix": "1583841518", "hotelCheckInTS": "2020-02-28T11:58:38+00:00", "hotelCheckOutTS": "2020-03-10T11:58:38+00:00", "hotelChain": "Restful Nights", "hotelName": "Restful Nights: Jacksonville", "hotelLocation": "Jacksonville", "hotelRoomType": "premium", "hotelRoomCount": "1", "hotelGuestAdultCount": "1", "hotelGuestChildCount": "2", "hotelNightCount": "11", "hotelRoomPrice": "178.33", "hotelFinalPrice": "1961.63"}}}
{"_id": "orderid:384641", "timestamp": "2020-01-17T02:20:57.000Z", "eventType": "transaction", "_adobeamericaspot3": {"CRMID": "crmid:7243080585", "orderDetails": {"orderID": "orderid:384641", "reservationid": "WRT-XHKN", "orderType": "call center", "hotelSKU": "prd1088", "hotelCheckInUnix": "1581646857", "hotelCheckOutUnix": "1582251657", "hotelCheckInTS": "2020-02-14T02:20:57+00:00", "hotelCheckOutTS": "2020-02-21T02:20:57+00:00", "hotelChain": "Aspen Heights", "hotelName": "Aspen Heights: Ankara", "hotelLocation": "Ankara", "hotelRoomType": "standard", "hotelRoomCount": "1", "hotelGuestAdultCount": "1", "hotelGuestChildCount": "0", "hotelNightCount": "7", "hotelRoomPrice": "144.76", "hotelFinalPrice": "1013.32"}}}
{"_id": "orderid:901622", "timestamp": "2019-12-17T18:54:06.000Z", "eventType": "transaction", "_adobeamericaspot3": {"CRMID": "crmid:8393797128", "orderDetails": {"orderID": "orderid:901622", "reservationid": "HS2-QBUB", "orderType": "kiosk", "hotelSKU": "prd1172", "hotelCheckInUnix": "1579028046", "hotelCheckOutUnix": "1580410446", "hotelCheckInTS": "2020-01-14T18:54:06+00:00", "hotelCheckOutTS": "2020-01-30T18:54:06+00:00", "hotelChain": "Aspen Heights", "hotelName": "Aspen Heights: Mesa", "hotelLocation": "Mesa", "hotelRoomType": "ultra-luxury", "hotelRoomCount": "1", "hotelGuestAdultCount": "1", "hotelGuestChildCount": "0", "hotelNightCount": "16", "hotelRoomPrice": "343.41", "hotelFinalPrice": "5494.56"}}}
{"_id": "orderid:871164", "timestamp": "2020-01-23T03:12:21.000Z", "eventType": "transaction", "_adobeamericaspot3": {"CRMID": "crmid:3081412137", "orderDetails": {"orderID": "orderid:871164", "reservationid": "F4F-XHAX", "orderType": "mobile", "hotelSKU": "prd1044", "hotelCheckInUnix": "1579835541", "hotelCheckOutUnix": "1579921941", "hotelCheckInTS": "2020-01-24T03:12:21+00:00", "hotelCheckOutTS": "2020-01-25T03:12:21+00:00", "hotelChain": "Repose Resort", "hotelName": "Repose Resort: Colorado Springs", "hotelLocation": "Colorado Springs", "hotelRoomType": "standard", "hotelRoomCount": "1", "hotelGuestAdultCount": "1", "hotelGuestChildCount": "0", "hotelNightCount": "1", "hotelRoomPrice": "136.21", "hotelFinalPrice": "136.21"}}}
{"_id": "orderid:211286", "timestamp": "2019-12-06T20:52:48.000Z", "eventType": "transaction", "_adobeamericaspot3": {"CRMID": "crmid:3740571825", "orderDetails": {"orderID": "orderid:211286", "reservationid": "E7R-OE9P", "orderType": "call center", "hotelSKU": "prd1045", "hotelCheckInUnix": "1575751968", "hotelCheckOutUnix": "1576011168", "hotelCheckInTS": "2019-12-07T20:52:48+00:00", "hotelCheckOutTS": "2019-12-10T20:52:48+00:00", "hotelChain": "Admiralty Plaza", "hotelName": "Admiralty Plaza: Miami", "hotelLocation": "Miami", "hotelRoomType": "standard", "hotelRoomCount": "1", "hotelGuestAdultCount": "1", "hotelGuestChildCount": "0", "hotelNightCount": "3", "hotelRoomPrice": "101.9", "hotelFinalPrice": "305.7"}}}
{"_id": "orderid:820785", "timestamp": "2020-01-24T06:41:40.000Z", "eventType": "transaction", "_adobeamericaspot3": {"CRMID": "crmid:4194404342", "orderDetails": {"orderID": "orderid:820785", "reservationid": "BB8-8642", "orderType": "call center", "hotelSKU": "prd1010", "hotelCheckInUnix": "1582008100", "hotelCheckOutUnix": "1582526500", "hotelCheckInTS": "2020-02-18T06:41:40+00:00", "hotelCheckOutTS": "2020-02-24T06:41:40+00:00", "hotelChain": "Blue Reef Resort", "hotelName": "Blue Reef Resort: San Diego", "hotelLocation": "San Diego", "hotelRoomType": "standard", "hotelRoomCount": "1", "hotelGuestAdultCount": "1", "hotelGuestChildCount": "0", "hotelNightCount": "6", "hotelRoomPrice": "145.21", "hotelFinalPrice": "871.26"}}}
{"_id": "orderid:701641", "timestamp": "2019-12-18T00:27:57.000Z", "eventType": "transaction", "_adobeamericaspot3": {"CRMID": "crmid:7212588837", "orderDetails": {"orderID": "orderid:701641", "reservationid": "G2G-SSDH", "orderType": "website", "hotelSKU": "prd1166", "hotelCheckInUnix": "1578356877", "hotelCheckOutUnix": "1579393677", "hotelCheckInTS": "2020-01-07T00:27:57+00:00", "hotelCheckOutTS": "2020-01-19T00:27:57+00:00", "hotelChain": "Blue Reef Resort", "hotelName": "Blue Reef Resort: Baltimore", "hotelLocation": "Baltimore", "hotelRoomType": "premium", "hotelRoomCount": "1", "hotelGuestAdultCount": "1", "hotelGuestChildCount": "2", "hotelNightCount": "12", "hotelRoomPrice": "102.69", "hotelFinalPrice": "1232.28"}}}
{"_id": "orderid:765572", "timestamp": "2020-01-07T14:43:25.000Z", "eventType": "transaction", "_adobeamericaspot3": {"CRMID": "crmid:7150870956", "orderDetails": {"orderID": "orderid:765572", "reservationid": "DK1-QS1H", "orderType": "website", "hotelSKU": "prd1147", "hotelCheckInUnix": "1580136205", "hotelCheckOutUnix": "1580481805", "hotelCheckInTS": "2020-01-27T14:43:25+00:00", "hotelCheckOutTS": "2020-01-31T14:43:25+00:00", "hotelChain": "Family Fun Hotels", "hotelName": "Family Fun Hotels: Austin", "hotelLocation": "Austin", "hotelRoomType": "premium", "hotelRoomCount": "1", "hotelGuestAdultCount": "1", "hotelGuestChildCount": "0", "hotelNightCount": "4", "hotelRoomPrice": "152.98", "hotelFinalPrice": "611.92"}}}
{"_id": "orderid:638470", "timestamp": "2020-01-01T23:46:34.000Z", "eventType": "transaction", "_adobeamericaspot3": {"CRMID": "crmid:1833210069", "orderDetails": {"orderID": "orderid:638470", "reservationid": "KZY-HCYJ", "orderType": "service desk", "hotelSKU": "prd1057", "hotelCheckInUnix": "1578095194", "hotelCheckOutUnix": "1578440794", "hotelCheckInTS": "2020-01-03T23:46:34+00:00", "hotelCheckOutTS": "2020-01-07T23:46:34+00:00", "hotelChain": "Admiralty Plaza", "hotelName": "Admiralty Plaza: Mumbai", "hotelLocation": "Mumbai", "hotelRoomType": "standard", "hotelRoomCount": "1", "hotelGuestAdultCount": "1", "hotelGuestChildCount": "0", "hotelNightCount": "4", "hotelRoomPrice": "162.54", "hotelFinalPrice": "650.16"}}}
{"_id": "orderid:253382", "timestamp": "2019-12-06T08:54:30.000Z", "eventType": "transaction", "_adobeamericaspot3": {"CRMID": "crmid:1927002868", "orderDetails": {"orderID": "orderid:253382", "reservationid": "OI7-FTIL", "orderType": "kiosk", "hotelSKU": "prd1062", "hotelCheckInUnix": "1577782470", "hotelCheckOutUnix": "1578387270", "hotelCheckInTS": "2019-12-31T08:54:30+00:00", "hotelCheckOutTS": "2020-01-07T08:54:30+00:00", "hotelChain": "Restful Nights", "hotelName": "Restful Nights: Moscow", "hotelLocation": "Moscow", "hotelRoomType": "standard", "hotelRoomCount": "1", "hotelGuestAdultCount": "1", "hotelGuestChildCount": "1", "hotelNightCount": "7", "hotelRoomPrice": "143.78", "hotelFinalPrice": "1006.46"}}}
{"_id": "orderid:798155", "timestamp": "2019-12-31T21:05:48.000Z", "eventType": "transaction", "_adobeamericaspot3": {"CRMID": "crmid:7245623191", "orderDetails": {"orderID": "orderid:798155", "reservationid": "GLD-QAHS", "orderType": "mobile", "hotelSKU": "prd1121", "hotelCheckInUnix": "1579899948", "hotelCheckOutUnix": "1580677548", "hotelCheckInTS": "2020-01-24T21:05:48+00:00", "hotelCheckOutTS": "2020-02-02T21:05:48+00:00", "hotelChain": "Grandeur Hotels", "hotelName": "Grandeur Hotels: Stockholm", "hotelLocation": "Stockholm", "hotelRoomType": "standard", "hotelRoomCount": "1", "hotelGuestAdultCount": "1", "hotelGuestChildCount": "0", "hotelNightCount": "9", "hotelRoomPrice": "80.44", "hotelFinalPrice": "723.96"}}}
{"_id": "orderid:931899", "timestamp": "2020-02-11T11:17:10.000Z", "eventType": "transaction", "_adobeamericaspot3": {"CRMID": "crmid:5694824930", "orderDetails": {"orderID": "orderid:931899", "reservationid": "LB2-RIZ4", "orderType": "mobile", "hotelSKU": "prd1110", "hotelCheckInUnix": "1583407030", "hotelCheckOutUnix": "1583839030", "hotelCheckInTS": "2020-03-05T11:17:10+00:00", "hotelCheckOutTS": "2020-03-10T11:17:10+00:00", "hotelChain": "Restful Nights", "hotelName": "Restful Nights: Sofia", "hotelLocation": "Sofia", "hotelRoomType": "premium", "hotelRoomCount": "1", "hotelGuestAdultCount": "1", "hotelGuestChildCount": "3", "hotelNightCount": "5", "hotelRoomPrice": "144.11", "hotelFinalPrice": "720.55"}}}
{"_id": "orderid:568798", "timestamp": "2019-12-26T19:27:01.000Z", "eventType": "transaction", "_adobeamericaspot3": {"CRMID": "crmid:5358214497", "orderDetails": {"orderID": "orderid:568798", "reservationid": "2PO-AZUZ", "orderType": "call center", "hotelSKU": "prd1104", "hotelCheckInUnix": "1578943621", "hotelCheckOutUnix": "1579548421", "hotelCheckInTS": "2020-01-13T19:27:01+00:00", "hotelCheckOutTS": "2020-01-20T19:27:01+00:00", "hotelChain": "Repose Resort", "hotelName": "Repose Resort: Warsaw", "hotelLocation": "Warsaw", "hotelRoomType": "premium", "hotelRoomCount": "1", "hotelGuestAdultCount": "1", "hotelGuestChildCount": "0", "hotelNightCount": "7", "hotelRoomPrice": "160.05", "hotelFinalPrice": "1120.35"}}}
{"_id": "orderid:179305", "timestamp": "2020-02-07T12:09:35.000Z", "eventType": "transaction", "_adobeamericaspot3": {"CRMID": "crmid:5052541551", "orderDetails": {"orderID": "orderid:179305", "reservationid": "S7K-MM0Q", "orderType": "website", "hotelSKU": "prd1028", "hotelCheckInUnix": "1581941375", "hotelCheckOutUnix": "1582978175", "hotelCheckInTS": "2020-02-17T12:09:35+00:00", "hotelCheckOutTS": "2020-02-29T12:09:35+00:00", "hotelChain": "Aspen Heights", "hotelName": "Aspen Heights: Portland", "hotelLocation": "Portland", "hotelRoomType": "standard", "hotelRoomCount": "1", "hotelGuestAdultCount": "1", "hotelGuestChildCount": "0", "hotelNightCount": "12", "hotelRoomPrice": "148.66", "hotelFinalPrice": "1783.92"}}}
{"_id": "orderid:501506", "timestamp": "2020-01-09T06:11:22.000Z", "eventType": "transaction", "_adobeamericaspot3": {"CRMID": "crmid:5667225613", "orderDetails": {"orderID": "orderid:501506", "reservationid": "MQE-MVXO", "orderType": "website", "hotelSKU": "prd1136", "hotelCheckInUnix": "1580278282", "hotelCheckOutUnix": "1580883082", "hotelCheckInTS": "2020-01-29T06:11:22+00:00", "hotelCheckOutTS": "2020-02-05T06:11:22+00:00", "hotelChain": "Aspen Heights", "hotelName": "Aspen Heights: Osaka", "hotelLocation": "Osaka", "hotelRoomType": "premium", "hotelRoomCount": "1", "hotelGuestAdultCount": "1", "hotelGuestChildCount": "0", "hotelNightCount": "7", "hotelRoomPrice": "110.3", "hotelFinalPrice": "772.1"}}}
{"_id": "orderid:869340", "timestamp": "2020-01-28T06:34:48.000Z", "eventType": "transaction", "_adobeamericaspot3": {"CRMID": "crmid:2713070827", "orderDetails": {"orderID": "orderid:869340", "reservationid": "H3L-ZBCD", "orderType": "mobile", "hotelSKU": "prd1045", "hotelCheckInUnix": "1582785288", "hotelCheckOutUnix": "1583217288", "hotelCheckInTS": "2020-02-27T06:34:48+00:00", "hotelCheckOutTS": "2020-03-03T06:34:48+00:00", "hotelChain": "Admiralty Plaza", "hotelName": "Admiralty Plaza: Miami", "hotelLocation": "Miami", "hotelRoomType": "standard", "hotelRoomCount": "1", "hotelGuestAdultCount": "1", "hotelGuestChildCount": "3", "hotelNightCount": "5", "hotelRoomPrice": "156.91", "hotelFinalPrice": "784.55"}}}
{"_id": "orderid:117540", "timestamp": "2019-12-27T22:23:57.000Z", "eventType": "transaction", "_adobeamericaspot3": {"CRMID": "crmid:6052537924", "orderDetails": {"orderID": "orderid:117540", "reservationid": "6KI-7LCO", "orderType": "kiosk", "hotelSKU": "prd1136", "hotelCheckInUnix": "1579645437", "hotelCheckOutUnix": "1580077437", "hotelCheckInTS": "2020-01-21T22:23:57+00:00", "hotelCheckOutTS": "2020-01-26T22:23:57+00:00", "hotelChain": "Aspen Heights", "hotelName": "Aspen Heights: Osaka", "hotelLocation": "Osaka", "hotelRoomType": "standard", "hotelRoomCount": "1", "hotelGuestAdultCount": "1", "hotelGuestChildCount": "0", "hotelNightCount": "5", "hotelRoomPrice": "172.33", "hotelFinalPrice": "861.65"}}}
{"_id": "orderid:746435", "timestamp": "2020-01-21T22:15:30.000Z", "eventType": "transaction", "_adobeamericaspot3": {"CRMID": "crmid:1204234694", "orderDetails": {"orderID": "orderid:746435", "reservationid": "HYS-ICBI", "orderType": "website", "hotelSKU": "prd1143", "hotelCheckInUnix": "1581113730", "hotelCheckOutUnix": "1581718530", "hotelCheckInTS": "2020-02-07T22:15:30+00:00", "hotelCheckOutTS": "2020-02-14T22:15:30+00:00", "hotelChain": "Hospitality Inn", "hotelName": "Hospitality Inn: San Antonio", "hotelLocation": "San Antonio", "hotelRoomType": "premium", "hotelRoomCount": "1", "hotelGuestAdultCount": "1", "hotelGuestChildCount": "0", "hotelNightCount": "7", "hotelRoomPrice": "136.0", "hotelFinalPrice": "952.0"}}}
{"_id": "orderid:765218", "timestamp": "2020-01-01T07:06:59.000Z", "eventType": "transaction", "_adobeamericaspot3": {"CRMID": "crmid:9102209078", "orderDetails": {"orderID": "orderid:765218", "reservationid": "I4N-VIAZ", "orderType": "call center", "hotelSKU": "prd1142", "hotelCheckInUnix": "1578553619", "hotelCheckOutUnix": "1578899219", "hotelCheckInTS": "2020-01-09T07:06:59+00:00", "hotelCheckOutTS": "2020-01-13T07:06:59+00:00", "hotelChain": "Blue Reef Resort", "hotelName": "Blue Reef Resort: Philadelphia", "hotelLocation": "Philadelphia", "hotelRoomType": "premium", "hotelRoomCount": "1", "hotelGuestAdultCount": "1", "hotelGuestChildCount": "0", "hotelNightCount": "4", "hotelRoomPrice": "139.92", "hotelFinalPrice": "559.68"}}}
{"_id": "orderid:883883", "timestamp": "2020-02-02T00:48:40.000Z", "eventType": "transaction", "_adobeamericaspot3": {"CRMID": "crmid:2850960951", "orderDetails": {"orderID": "orderid:883883", "reservationid": "DZ6-E4QX", "orderType": "website", "hotelSKU": "prd1112", "hotelCheckInUnix": "1580690920", "hotelCheckOutUnix": "1580863720", "hotelCheckInTS": "2020-02-03T00:48:40+00:00", "hotelCheckOutTS": "2020-02-05T00:48:40+00:00", "hotelChain": "Aspen Heights", "hotelName": "Aspen Heights: Birmingham", "hotelLocation": "Birmingham", "hotelRoomType": "standard", "hotelRoomCount": "1", "hotelGuestAdultCount": "1", "hotelGuestChildCount": "0", "hotelNightCount": "2", "hotelRoomPrice": "118.6", "hotelFinalPrice": "237.2"}}}
{"_id": "orderid:673827", "timestamp": "2019-12-24T01:58:41.000Z", "eventType": "transaction", "_adobeamericaspot3": {"CRMID": "crmid:5276769074", "orderDetails": {"orderID": "orderid:673827", "reservationid": "VDE-4KAJ", "orderType": "website", "hotelSKU": "prd1057", "hotelCheckInUnix": "1579139921", "hotelCheckOutUnix": "1579744721", "hotelCheckInTS": "2020-01-16T01:58:41+00:00", "hotelCheckOutTS": "2020-01-23T01:58:41+00:00", "hotelChain": "Admiralty Plaza", "hotelName": "Admiralty Plaza: Mumbai", "hotelLocation": "Mumbai", "hotelRoomType": "premium", "hotelRoomCount": "1", "hotelGuestAdultCount": "1", "hotelGuestChildCount": "0", "hotelNightCount": "7", "hotelRoomPrice": "110.44", "hotelFinalPrice": "773.08"}}}
{"_id": "orderid:410367", "timestamp": "2020-01-07T16:05:44.000Z", "eventType": "transaction", "_adobeamericaspot3": {"CRMID": "crmid:1206784567", "orderDetails": {"orderID": "orderid:410367", "reservationid": "KYN-AS7D", "orderType": "website", "hotelSKU": "prd1002", "hotelCheckInUnix": "1578672344", "hotelCheckOutUnix": "1578845144", "hotelCheckInTS": "2020-01-10T16:05:44+00:00", "hotelCheckOutTS": "2020-01-12T16:05:44+00:00", "hotelChain": "Restful Nights", "hotelName": "Restful Nights: Chicago", "hotelLocation": "Chicago", "hotelRoomType": "standard", "hotelRoomCount": "1", "hotelGuestAdultCount": "1", "hotelGuestChildCount": "0", "hotelNightCount": "2", "hotelRoomPrice": "131.65", "hotelFinalPrice": "263.3"}}}
{"_id": "orderid:750443", "timestamp": "2019-12-30T07:07:13.000Z", "eventType": "transaction", "_adobeamericaspot3": {"CRMID": "crmid:4487074807", "orderDetails": {"orderID": "orderid:750443", "reservationid": "EN0-E9JK", "orderType": "kiosk", "hotelSKU": "prd1117", "hotelCheckInUnix": "1578294433", "hotelCheckOutUnix": "1579504033", "hotelCheckInTS": "2020-01-06T07:07:13+00:00", "hotelCheckOutTS": "2020-01-20T07:07:13+00:00", "hotelChain": "Admiralty Plaza", "hotelName": "Admiralty Plaza: Dublin", "hotelLocation": "Dublin", "hotelRoomType": "standard", "hotelRoomCount": "1", "hotelGuestAdultCount": "1", "hotelGuestChildCount": "0", "hotelNightCount": "14", "hotelRoomPrice": "143.68", "hotelFinalPrice": "2011.52"}}}
{"_id": "orderid:874255", "timestamp": "2020-02-04T14:55:14.000Z", "eventType": "transaction", "_adobeamericaspot3": {"CRMID": "crmid:6027955042", "orderDetails": {"orderID": "orderid:874255", "reservationid": "WNX-2OHP", "orderType": "mobile", "hotelSKU": "prd1117", "hotelCheckInUnix": "1581346514", "hotelCheckOutUnix": "1581432914", "hotelCheckInTS": "2020-02-10T14:55:14+00:00", "hotelCheckOutTS": "2020-02-11T14:55:14+00:00", "hotelChain": "Admiralty Plaza", "hotelName": "Admiralty Plaza: Dublin", "hotelLocation": "Dublin", "hotelRoomType": "standard", "hotelRoomCount": "1", "hotelGuestAdultCount": "1", "hotelGuestChildCount": "0", "hotelNightCount": "1", "hotelRoomPrice": "125.53", "hotelFinalPrice": "125.53"}}}
{"_id": "orderid:728869", "timestamp": "2020-01-14T03:37:29.000Z", "eventType": "transaction", "_adobeamericaspot3": {"CRMID": "crmid:6987941238", "orderDetails": {"orderID": "orderid:728869", "reservationid": "YZB-MKTK", "orderType": "call center", "hotelSKU": "prd1045", "hotelCheckInUnix": "1580701049", "hotelCheckOutUnix": "1581305849", "hotelCheckInTS": "2020-02-03T03:37:29+00:00", "hotelCheckOutTS": "2020-02-10T03:37:29+00:00", "hotelChain": "Admiralty Plaza", "hotelName": "Admiralty Plaza: Miami", "hotelLocation": "Miami", "hotelRoomType": "premium", "hotelRoomCount": "1", "hotelGuestAdultCount": "1", "hotelGuestChildCount": "0", "hotelNightCount": "7", "hotelRoomPrice": "172.66", "hotelFinalPrice": "1208.62"}}}
{"_id": "orderid:931122", "timestamp": "2019-12-30T17:22:16.000Z", "eventType": "transaction", "_adobeamericaspot3": {"CRMID": "crmid:6701137184", "orderDetails": {"orderID": "orderid:931122", "reservationid": "2Y2-UVIU", "orderType": "website", "hotelSKU": "prd1081", "hotelCheckInUnix": "1579627336", "hotelCheckOutUnix": "1580145736", "hotelCheckInTS": "2020-01-21T17:22:16+00:00", "hotelCheckOutTS": "2020-01-27T17:22:16+00:00", "hotelChain": "Admiralty Plaza", "hotelName": "Admiralty Plaza: Rod de Janeiro", "hotelLocation": "Rod de Janeiro", "hotelRoomType": "ultra-luxury", "hotelRoomCount": "1", "hotelGuestAdultCount": "1", "hotelGuestChildCount": "0", "hotelNightCount": "6", "hotelRoomPrice": "249.83", "hotelFinalPrice": "1498.98"}}}
{"_id": "orderid:955331", "timestamp": "2020-01-08T17:25:34.000Z", "eventType": "transaction", "_adobeamericaspot3": {"CRMID": "crmid:2647077499", "orderDetails": {"orderID": "orderid:955331", "reservationid": "O6M-Y5BZ", "orderType": "website", "hotelSKU": "prd1025", "hotelCheckInUnix": "1580664334", "hotelCheckOutUnix": "1581355534", "hotelCheckInTS": "2020-02-02T17:25:34+00:00", "hotelCheckOutTS": "2020-02-10T17:25:34+00:00", "hotelChain": "Grandeur Hotels", "hotelName": "Grandeur Hotels: Detroit", "hotelLocation": "Detroit", "hotelRoomType": "standard", "hotelRoomCount": "1", "hotelGuestAdultCount": "1", "hotelGuestChildCount": "0", "hotelNightCount": "8", "hotelRoomPrice": "114.35", "hotelFinalPrice": "914.8"}}}
{"_id": "orderid:502905", "timestamp": "2020-01-19T04:24:45.000Z", "eventType": "transaction", "_adobeamericaspot3": {"CRMID": "crmid:4821454441", "orderDetails": {"orderID": "orderid:502905", "reservationid": "ITB-MK2R", "orderType": "website", "hotelSKU": "prd1106", "hotelCheckInUnix": "1579926285", "hotelCheckOutUnix": "1580358285", "hotelCheckInTS": "2020-01-25T04:24:45+00:00", "hotelCheckOutTS": "2020-01-30T04:24:45+00:00", "hotelChain": "Blue Reef Resort", "hotelName": "Blue Reef Resort: Munich", "hotelLocation": "Munich", "hotelRoomType": "standard", "hotelRoomCount": "1", "hotelGuestAdultCount": "1", "hotelGuestChildCount": "1", "hotelNightCount": "5", "hotelRoomPrice": "135.22", "hotelFinalPrice": "676.1"}}}
{"_id": "orderid:500522", "timestamp": "2019-12-25T19:24:50.000Z", "eventType": "transaction", "_adobeamericaspot3": {"CRMID": "crmid:3215403586", "orderDetails": {"orderID": "orderid:500522", "reservationid": "A1Q-CSGY", "orderType": "kiosk", "hotelSKU": "prd1023", "hotelCheckInUnix": "1579289090", "hotelCheckOutUnix": "1580844290", "hotelCheckInTS": "2020-01-17T19:24:50+00:00", "hotelCheckOutTS": "2020-02-04T19:24:50+00:00", "hotelChain": "Hospitality Inn", "hotelName": "Hospitality Inn: Boston", "hotelLocation": "Boston", "hotelRoomType": "standard", "hotelRoomCount": "1", "hotelGuestAdultCount": "1", "hotelGuestChildCount": "0", "hotelNightCount": "18", "hotelRoomPrice": "132.79", "hotelFinalPrice": "2390.22"}}}
{"_id": "orderid:970496", "timestamp": "2019-12-10T23:11:35.000Z", "eventType": "transaction", "_adobeamericaspot3": {"CRMID": "crmid:5262280975", "orderDetails": {"orderID": "orderid:970496", "reservationid": "1CU-ICGR", "orderType": "service desk", "hotelSKU": "prd1125", "hotelCheckInUnix": "1576192295", "hotelCheckOutUnix": "1576278695", "hotelCheckInTS": "2019-12-12T23:11:35+00:00", "hotelCheckOutTS": "2019-12-13T23:11:35+00:00", "hotelChain": "Sapphire Suites", "hotelName": "Sapphire Suites: Palermo", "hotelLocation": "Palermo", "hotelRoomType": "standard", "hotelRoomCount": "1", "hotelGuestAdultCount": "1", "hotelGuestChildCount": "0", "hotelNightCount": "1", "hotelRoomPrice": "148.97", "hotelFinalPrice": "148.97"}}}
{"_id": "orderid:988949", "timestamp": "2019-12-08T21:53:50.000Z", "eventType": "transaction", "_adobeamericaspot3": {"CRMID": "crmid:8001671567", "orderDetails": {"orderID": "orderid:988949", "reservationid": "WQC-2WKD", "orderType": "kiosk", "hotelSKU": "prd1034", "hotelCheckInUnix": "1577742830", "hotelCheckOutUnix": "1578261230", "hotelCheckInTS": "2019-12-30T21:53:50+00:00", "hotelCheckOutTS": "2020-01-05T21:53:50+00:00", "hotelChain": "Blue Reef Resort", "hotelName": "Blue Reef Resort: Albuquerque", "hotelLocation": "Albuquerque", "hotelRoomType": "standard", "hotelRoomCount": "1", "hotelGuestAdultCount": "1", "hotelGuestChildCount": "0", "hotelNightCount": "6", "hotelRoomPrice": "162.53", "hotelFinalPrice": "975.18"}}}
{"_id": "orderid:643760", "timestamp": "2020-01-21T21:37:07.000Z", "eventType": "transaction", "_adobeamericaspot3": {"CRMID": "crmid:4632485615", "orderDetails": {"orderID": "orderid:643760", "reservationid": "LEB-NX0L", "orderType": "mobile", "hotelSKU": "prd1165", "hotelCheckInUnix": "1580679427", "hotelCheckOutUnix": "1581370627", "hotelCheckInTS": "2020-02-02T21:37:07+00:00", "hotelCheckOutTS": "2020-02-10T21:37:07+00:00", "hotelChain": "Admiralty Plaza", "hotelName": "Admiralty Plaza: Louisville", "hotelLocation": "Louisville", "hotelRoomType": "standard", "hotelRoomCount": "1", "hotelGuestAdultCount": "1", "hotelGuestChildCount": "0", "hotelNightCount": "8", "hotelRoomPrice": "186.23", "hotelFinalPrice": "1489.84"}}}
{"_id": "orderid:904782", "timestamp": "2020-02-09T17:40:05.000Z", "eventType": "transaction", "_adobeamericaspot3": {"CRMID": "crmid:2521983648", "orderDetails": {"orderID": "orderid:904782", "reservationid": "KQ5-VFOA", "orderType": "kiosk", "hotelSKU": "prd1083", "hotelCheckInUnix": "1583775605", "hotelCheckOutUnix": "1583948405", "hotelCheckInTS": "2020-03-09T17:40:05+00:00", "hotelCheckOutTS": "2020-03-11T17:40:05+00:00", "hotelChain": "Hospitality Inn", "hotelName": "Hospitality Inn: Bangkok", "hotelLocation": "Bangkok", "hotelRoomType": "standard", "hotelRoomCount": "1", "hotelGuestAdultCount": "1", "hotelGuestChildCount": "0", "hotelNightCount": "2", "hotelRoomPrice": "149.9", "hotelFinalPrice": "299.8"}}}
{"_id": "orderid:722268", "timestamp": "2019-12-13T07:11:31.000Z", "eventType": "transaction", "_adobeamericaspot3": {"CRMID": "crmid:3537896970", "orderDetails": {"orderID": "orderid:722268", "reservationid": "P94-8FCD", "orderType": "website", "hotelSKU": "prd1070", "hotelCheckInUnix": "1577603491", "hotelCheckOutUnix": "1578813091", "hotelCheckInTS": "2019-12-29T07:11:31+00:00", "hotelCheckOutTS": "2020-01-12T07:11:31+00:00", "hotelChain": "Blue Reef Resort", "hotelName": "Blue Reef Resort: Jakarta", "hotelLocation": "Jakarta", "hotelRoomType": "standard", "hotelRoomCount": "1", "hotelGuestAdultCount": "1", "hotelGuestChildCount": "0", "hotelNightCount": "14", "hotelRoomPrice": "142.29", "hotelFinalPrice": "1992.06"}}}
{"_id": "orderid:163290", "timestamp": "2020-01-01T08:47:30.000Z", "eventType": "transaction", "_adobeamericaspot3": {"CRMID": "crmid:7172372283", "orderDetails": {"orderID": "orderid:163290", "reservationid": "YDF-EA4K", "orderType": "website", "hotelSKU": "prd1149", "hotelCheckInUnix": "1578559650", "hotelCheckOutUnix": "1579682850", "hotelCheckInTS": "2020-01-09T08:47:30+00:00", "hotelCheckOutTS": "2020-01-22T08:47:30+00:00", "hotelChain": "Sapphire Suites", "hotelName": "Sapphire Suites: San Francisco", "hotelLocation": "San Francisco", "hotelRoomType": "standard", "hotelRoomCount": "1", "hotelGuestAdultCount": "1", "hotelGuestChildCount": "0", "hotelNightCount": "13", "hotelRoomPrice": "122.66", "hotelFinalPrice": "1594.58"}}}
{"_id": "orderid:815953", "timestamp": "2020-02-04T22:18:51.000Z", "eventType": "transaction", "_adobeamericaspot3": {"CRMID": "crmid:8056452098", "orderDetails": {"orderID": "orderid:815953", "reservationid": "KKX-L8KL", "orderType": "website", "hotelSKU": "prd1046", "hotelCheckInUnix": "1583446731", "hotelCheckOutUnix": "1583705931", "hotelCheckInTS": "2020-03-05T22:18:51+00:00", "hotelCheckOutTS": "2020-03-08T22:18:51+00:00", "hotelChain": "Blue Reef Resort", "hotelName": "Blue Reef Resort: Virginia Beach", "hotelLocation": "Virginia Beach", "hotelRoomType": "standard", "hotelRoomCount": "1", "hotelGuestAdultCount": "1", "hotelGuestChildCount": "0", "hotelNightCount": "3", "hotelRoomPrice": "164.17", "hotelFinalPrice": "492.51"}}}
{"_id": "orderid:498176", "timestamp": "2020-01-25T14:10:29.000Z", "eventType": "transaction", "_adobeamericaspot3": {"CRMID": "crmid:2825685490", "orderDetails": {"orderID": "orderid:498176", "reservationid": "WUP-JFQM", "orderType": "website", "hotelSKU": "prd1045", "hotelCheckInUnix": "1580393429", "hotelCheckOutUnix": "1580825429", "hotelCheckInTS": "2020-01-30T14:10:29+00:00", "hotelCheckOutTS": "2020-02-04T14:10:29+00:00", "hotelChain": "Admiralty Plaza", "hotelName": "Admiralty Plaza: Miami", "hotelLocation": "Miami", "hotelRoomType": "premium", "hotelRoomCount": "1", "hotelGuestAdultCount": "1", "hotelGuestChildCount": "0", "hotelNightCount": "5", "hotelRoomPrice": "109.82", "hotelFinalPrice": "549.1"}}}
{"_id": "orderid:283420", "timestamp": "2020-02-15T20:52:07.000Z", "eventType": "transaction", "_adobeamericaspot3": {"CRMID": "crmid:2330376798", "orderDetails": {"orderID": "orderid:283420", "reservationid": "FC9-9CXO", "orderType": "website", "hotelSKU": "prd1152", "hotelCheckInUnix": "1583527927", "hotelCheckOutUnix": "1584046327", "hotelCheckInTS": "2020-03-06T20:52:07+00:00", "hotelCheckOutTS": "2020-03-12T20:52:07+00:00", "hotelChain": "Repose Resort", "hotelName": "Repose Resort: Indianapolis", "hotelLocation": "Indianapolis", "hotelRoomType": "standard", "hotelRoomCount": "1", "hotelGuestAdultCount": "1", "hotelGuestChildCount": "0", "hotelNightCount": "6", "hotelRoomPrice": "134.83", "hotelFinalPrice": "808.98"}}}
{"_id": "orderid:718290", "timestamp": "2020-01-12T16:35:38.000Z", "eventType": "transaction", "_adobeamericaspot3": {"CRMID": "crmid:8866539618", "orderDetails": {"orderID": "orderid:718290", "reservationid": "KKO-F6FE", "orderType": "website", "hotelSKU": "prd1170", "hotelCheckInUnix": "1579019738", "hotelCheckOutUnix": "1579106138", "hotelCheckInTS": "2020-01-14T16:35:38+00:00", "hotelCheckOutTS": "2020-01-15T16:35:38+00:00", "hotelChain": "Restful Nights", "hotelName": "Restful Nights: Fresno", "hotelLocation": "Fresno", "hotelRoomType": "premium", "hotelRoomCount": "1", "hotelGuestAdultCount": "1", "hotelGuestChildCount": "0", "hotelNightCount": "1", "hotelRoomPrice": "127.06", "hotelFinalPrice": "127.06"}}}
{"_id": "orderid:642687", "timestamp": "2020-01-16T00:00:00.000Z", "eventType": "transaction", "_adobeamericaspot3": {"CRMID": "crmid:8866539618", "orderDetails": {"orderID": "orderid:642687", "reservationid": "DKL-1UZE", "orderType": "website", "hotelSKU": "prd1172", "hotelCheckInUnix": "1579305600", "hotelCheckOutUnix": "1579478400", "hotelCheckInTS": "2020-01-18T00:00:00+00:00", "hotelCheckOutTS": "2020-01-20T00:00:00+00:00", "hotelChain": "Aspen Heights", "hotelName": "Aspen Heights: Mesa", "hotelLocation": "Mesa", "hotelRoomType": "standard", "hotelRoomCount": "1", "hotelGuestAdultCount": "1", "hotelGuestChildCount": "0", "hotelNightCount": "2", "hotelRoomPrice": "150.54", "hotelFinalPrice": "301.08"}}}
{"_id": "orderid:746780", "timestamp": "2020-01-19T12:28:13.000Z", "eventType": "transaction", "_adobeamericaspot3": {"CRMID": "crmid:9056438583", "orderDetails": {"orderID": "orderid:746780", "reservationid": "AZC-8OYC", "orderType": "website", "hotelSKU": "prd1105", "hotelCheckInUnix": "1579868893", "hotelCheckOutUnix": "1580214493", "hotelCheckInTS": "2020-01-24T12:28:13+00:00", "hotelCheckOutTS": "2020-01-28T12:28:13+00:00", "hotelChain": "Admiralty Plaza", "hotelName": "Admiralty Plaza: Barcelona", "hotelLocation": "Barcelona", "hotelRoomType": "premium", "hotelRoomCount": "1", "hotelGuestAdultCount": "1", "hotelGuestChildCount": "0", "hotelNightCount": "4", "hotelRoomPrice": "145.82", "hotelFinalPrice": "583.28"}}}
{"_id": "orderid:521824", "timestamp": "2020-01-12T16:36:17.000Z", "eventType": "transaction", "_adobeamericaspot3": {"CRMID": "crmid:4714495192", "orderDetails": {"orderID": "orderid:521824", "reservationid": "DG4-Z7ZO", "orderType": "kiosk", "hotelSKU": "prd1184", "hotelCheckInUnix": "1579278977", "hotelCheckOutUnix": "1579710977", "hotelCheckInTS": "2020-01-17T16:36:17+00:00", "hotelCheckOutTS": "2020-01-22T16:36:17+00:00", "hotelChain": "Aspen Heights", "hotelName": "Aspen Heights: Arlington", "hotelLocation": "Arlington", "hotelRoomType": "ultra-luxury", "hotelRoomCount": "1", "hotelGuestAdultCount": "1", "hotelGuestChildCount": "0", "hotelNightCount": "5", "hotelRoomPrice": "348.1", "hotelFinalPrice": "1740.5"}}}
{"_id": "orderid:396973", "timestamp": "2020-01-20T02:41:20.000Z", "eventType": "transaction", "_adobeamericaspot3": {"CRMID": "crmid:9611002144", "orderDetails": {"orderID": "orderid:396973", "reservationid": "UTK-0VCI", "orderType": "kiosk", "hotelSKU": "prd1081", "hotelCheckInUnix": "1581388880", "hotelCheckOutUnix": "1581648080", "hotelCheckInTS": "2020-02-11T02:41:20+00:00", "hotelCheckOutTS": "2020-02-14T02:41:20+00:00", "hotelChain": "Admiralty Plaza", "hotelName": "Admiralty Plaza: Rod de Janeiro", "hotelLocation": "Rod de Janeiro", "hotelRoomType": "standard", "hotelRoomCount": "1", "hotelGuestAdultCount": "1", "hotelGuestChildCount": "0", "hotelNightCount": "3", "hotelRoomPrice": "104.99", "hotelFinalPrice": "314.97"}}}
{"_id": "orderid:176492", "timestamp": "2019-12-01T19:32:17.000Z", "eventType": "transaction", "_adobeamericaspot3": {"CRMID": "crmid:3796838299", "orderDetails": {"orderID": "orderid:176492", "reservationid": "LK6-UMOT", "orderType": "service desk", "hotelSKU": "prd1037", "hotelCheckInUnix": "1577647937", "hotelCheckOutUnix": "1578684737", "hotelCheckInTS": "2019-12-29T19:32:17+00:00", "hotelCheckOutTS": "2020-01-10T19:32:17+00:00", "hotelChain": "Grandeur Hotels", "hotelName": "Grandeur Hotels: Sacramento", "hotelLocation": "Sacramento", "hotelRoomType": "standard", "hotelRoomCount": "1", "hotelGuestAdultCount": "1", "hotelGuestChildCount": "1", "hotelNightCount": "12", "hotelRoomPrice": "188.82", "hotelFinalPrice": "2265.84"}}}
{"_id": "orderid:196330", "timestamp": "2019-12-21T08:26:55.000Z", "eventType": "transaction", "_adobeamericaspot3": {"CRMID": "crmid:5462283906", "orderDetails": {"orderID": "orderid:196330", "reservationid": "V5T-INPK", "orderType": "kiosk", "hotelSKU": "prd1009", "hotelCheckInUnix": "1579076815", "hotelCheckOutUnix": "1579595215", "hotelCheckInTS": "2020-01-15T08:26:55+00:00", "hotelCheckOutTS": "2020-01-21T08:26:55+00:00", "hotelChain": "Admiralty Plaza", "hotelName": "Admiralty Plaza: San Antonio", "hotelLocation": "San Antonio", "hotelRoomType": "premium", "hotelRoomCount": "1", "hotelGuestAdultCount": "1", "hotelGuestChildCount": "0", "hotelNightCount": "6", "hotelRoomPrice": "142.83", "hotelFinalPrice": "856.98"}}}
{"_id": "orderid:168679", "timestamp": "2020-02-02T13:03:33.000Z", "eventType": "transaction", "_adobeamericaspot3": {"CRMID": "crmid:2812513139", "orderDetails": {"orderID": "orderid:168679", "reservationid": "MR3-E9HK", "orderType": "kiosk", "hotelSKU": "prd1167", "hotelCheckInUnix": "1581339813", "hotelCheckOutUnix": "1581944613", "hotelCheckInTS": "2020-02-10T13:03:33+00:00", "hotelCheckOutTS": "2020-02-17T13:03:33+00:00", "hotelChain": "Hospitality Inn", "hotelName": "Hospitality Inn: Milwaukee", "hotelLocation": "Milwaukee", "hotelRoomType": "standard", "hotelRoomCount": "1", "hotelGuestAdultCount": "1", "hotelGuestChildCount": "4", "hotelNightCount": "7", "hotelRoomPrice": "166.35", "hotelFinalPrice": "1164.45"}}}
{"_id": "orderid:634544", "timestamp": "2019-12-28T14:05:13.000Z", "eventType": "transaction", "_adobeamericaspot3": {"CRMID": "crmid:5969775400", "orderDetails": {"orderID": "orderid:634544", "reservationid": "M2A-GTNU", "orderType": "service desk", "hotelSKU": "prd1016", "hotelCheckInUnix": "1579529113", "hotelCheckOutUnix": "1580220313", "hotelCheckInTS": "2020-01-20T14:05:13+00:00", "hotelCheckOutTS": "2020-01-28T14:05:13+00:00", "hotelChain": "Aspen Heights", "hotelName": "Aspen Heights: Columbus", "hotelLocation": "Columbus", "hotelRoomType": "standard", "hotelRoomCount": "1", "hotelGuestAdultCount": "1", "hotelGuestChildCount": "0", "hotelNightCount": "8", "hotelRoomPrice": "132.78", "hotelFinalPrice": "1062.24"}}}
{"_id": "orderid:688691", "timestamp": "2019-12-24T17:24:57.000Z", "eventType": "transaction", "_adobeamericaspot3": {"CRMID": "crmid:9514315783", "orderDetails": {"orderID": "orderid:688691", "reservationid": "DNO-TXVI", "orderType": "website", "hotelSKU": "prd1021", "hotelCheckInUnix": "1579195497", "hotelCheckOutUnix": "1579973097", "hotelCheckInTS": "2020-01-16T17:24:57+00:00", "hotelCheckOutTS": "2020-01-25T17:24:57+00:00", "hotelChain": "Admiralty Plaza", "hotelName": "Admiralty Plaza: Denver", "hotelLocation": "Denver", "hotelRoomType": "premium", "hotelRoomCount": "1", "hotelGuestAdultCount": "1", "hotelGuestChildCount": "0", "hotelNightCount": "9", "hotelRoomPrice": "132.98", "hotelFinalPrice": "1196.82"}}}
{"_id": "orderid:101190", "timestamp": "2020-01-15T10:31:24.000Z", "eventType": "transaction", "_adobeamericaspot3": {"CRMID": "crmid:8920296099", "orderDetails": {"orderID": "orderid:101190", "reservationid": "MPF-PE2O", "orderType": "kiosk", "hotelSKU": "prd1099", "hotelCheckInUnix": "1579775484", "hotelCheckOutUnix": "1580466684", "hotelCheckInTS": "2020-01-23T10:31:24+00:00", "hotelCheckOutTS": "2020-01-31T10:31:24+00:00", "hotelChain": "Family Fun Hotels", "hotelName": "Family Fun Hotels: Bucharest", "hotelLocation": "Bucharest", "hotelRoomType": "standard", "hotelRoomCount": "1", "hotelGuestAdultCount": "1", "hotelGuestChildCount": "0", "hotelNightCount": "8", "hotelRoomPrice": "127.32", "hotelFinalPrice": "1018.56"}}}
{"_id": "orderid:428220", "timestamp": "2020-01-07T13:55:02.000Z", "eventType": "transaction", "_adobeamericaspot3": {"CRMID": "crmid:9351343436", "orderDetails": {"orderID": "orderid:428220", "reservationid": "ITU-NP6X", "orderType": "kiosk", "hotelSKU": "prd1177", "hotelCheckInUnix": "1579874102", "hotelCheckOutUnix": "1580478902", "hotelCheckInTS": "2020-01-24T13:55:02+00:00", "hotelCheckOutTS": "2020-01-31T13:55:02+00:00", "hotelChain": "Admiralty Plaza", "hotelName": "Admiralty Plaza: Raleigh", "hotelLocation": "Raleigh", "hotelRoomType": "standard", "hotelRoomCount": "1", "hotelGuestAdultCount": "1", "hotelGuestChildCount": "0", "hotelNightCount": "7", "hotelRoomPrice": "82.65", "hotelFinalPrice": "578.55"}}}
{"_id": "orderid:941296", "timestamp": "2020-01-28T13:10:31.000Z", "eventType": "transaction", "_adobeamericaspot3": {"CRMID": "crmid:5420432197", "orderDetails": {"orderID": "orderid:941296", "reservationid": "Q1A-8BFW", "orderType": "website", "hotelSKU": "prd1179", "hotelCheckInUnix": "1580476231", "hotelCheckOutUnix": "1580649031", "hotelCheckInTS": "2020-01-31T13:10:31+00:00", "hotelCheckOutTS": "2020-02-02T13:10:31+00:00", "hotelChain": "Hospitality Inn", "hotelName": "Hospitality Inn: Miami", "hotelLocation": "Miami", "hotelRoomType": "standard", "hotelRoomCount": "1", "hotelGuestAdultCount": "1", "hotelGuestChildCount": "0", "hotelNightCount": "2", "hotelRoomPrice": "146.61", "hotelFinalPrice": "293.22"}}}
{"_id": "orderid:390880", "timestamp": "2019-12-07T14:36:42.000Z", "eventType": "transaction", "_adobeamericaspot3": {"CRMID": "crmid:5283376051", "orderDetails": {"orderID": "orderid:390880", "reservationid": "ICM-GIYZ", "orderType": "kiosk", "hotelSKU": "prd1117", "hotelCheckInUnix": "1577716602", "hotelCheckOutUnix": "1579358202", "hotelCheckInTS": "2019-12-30T14:36:42+00:00", "hotelCheckOutTS": "2020-01-18T14:36:42+00:00", "hotelChain": "Admiralty Plaza", "hotelName": "Admiralty Plaza: Dublin", "hotelLocation": "Dublin", "hotelRoomType": "ultra-luxury", "hotelRoomCount": "1", "hotelGuestAdultCount": "1", "hotelGuestChildCount": "0", "hotelNightCount": "19", "hotelRoomPrice": "342.45", "hotelFinalPrice": "6506.55"}}}
{"_id": "orderid:336374", "timestamp": "2020-01-20T07:37:09.000Z", "eventType": "transaction", "_adobeamericaspot3": {"CRMID": "crmid:5105307189", "orderDetails": {"orderID": "orderid:336374", "reservationid": "WQ2-XLZU", "orderType": "call center", "hotelSKU": "prd1172", "hotelCheckInUnix": "1579592229", "hotelCheckOutUnix": "1580024229", "hotelCheckInTS": "2020-01-21T07:37:09+00:00", "hotelCheckOutTS": "2020-01-26T07:37:09+00:00", "hotelChain": "Aspen Heights", "hotelName": "Aspen Heights: Mesa", "hotelLocation": "Mesa", "hotelRoomType": "standard", "hotelRoomCount": "1", "hotelGuestAdultCount": "1", "hotelGuestChildCount": "0", "hotelNightCount": "5", "hotelRoomPrice": "152.26", "hotelFinalPrice": "761.3"}}}
{"_id": "orderid:976147", "timestamp": "2020-01-28T05:51:23.000Z", "eventType": "transaction", "_adobeamericaspot3": {"CRMID": "crmid:1897307826", "orderDetails": {"orderID": "orderid:976147", "reservationid": "CAG-7XGV", "orderType": "mobile", "hotelSKU": "prd1195", "hotelCheckInUnix": "1580363483", "hotelCheckOutUnix": "1580536283", "hotelCheckInTS": "2020-01-30T05:51:23+00:00", "hotelCheckOutTS": "2020-02-01T05:51:23+00:00", "hotelChain": "Family Fun Hotels", "hotelName": "Family Fun Hotels: Lahore", "hotelLocation": "Lahore", "hotelRoomType": "presidential-suite", "hotelRoomCount": "1", "hotelGuestAdultCount": "1", "hotelGuestChildCount": "0", "hotelNightCount": "2", "hotelRoomPrice": "913.78", "hotelFinalPrice": "1827.56"}}}
{"_id": "orderid:947389", "timestamp": "2020-02-02T00:00:00.000Z", "eventType": "transaction", "_adobeamericaspot3": {"CRMID": "crmid:1897307826", "orderDetails": {"orderID": "orderid:947389", "reservationid": "DUZ-SFKU", "orderType": "call center", "hotelSKU": "prd1173", "hotelCheckInUnix": "1581033600", "hotelCheckOutUnix": "1581120000", "hotelCheckInTS": "2020-02-07T00:00:00+00:00", "hotelCheckOutTS": "2020-02-08T00:00:00+00:00", "hotelChain": "Sapphire Suites", "hotelName": "Sapphire Suites: Kansas City", "hotelLocation": "Kansas City", "hotelRoomType": "standard", "hotelRoomCount": "1", "hotelGuestAdultCount": "1", "hotelGuestChildCount": "0", "hotelNightCount": "1", "hotelRoomPrice": "162.24", "hotelFinalPrice": "162.24"}}}
{"_id": "orderid:454948", "timestamp": "2020-01-05T14:29:37.000Z", "eventType": "transaction", "_adobeamericaspot3": {"CRMID": "crmid:6594315985", "orderDetails": {"orderID": "orderid:454948", "reservationid": "VHK-R7EE", "orderType": "kiosk", "hotelSKU": "prd1069", "hotelCheckInUnix": "1580221777", "hotelCheckOutUnix": "1580740177", "hotelCheckInTS": "2020-01-28T14:29:37+00:00", "hotelCheckOutTS": "2020-02-03T14:29:37+00:00", "hotelChain": "Admiralty Plaza", "hotelName": "Admiralty Plaza: Singapore", "hotelLocation": "Singapore", "hotelRoomType": "standard", "hotelRoomCount": "1", "hotelGuestAdultCount": "1", "hotelGuestChildCount": "2", "hotelNightCount": "6", "hotelRoomPrice": "155.6", "hotelFinalPrice": "933.6"}}}
{"_id": "orderid:374772", "timestamp": "2020-01-05T17:41:42.000Z", "eventType": "transaction", "_adobeamericaspot3": {"CRMID": "crmid:6999188202", "orderDetails": {"orderID": "orderid:374772", "reservationid": "GHV-MF2Q", "orderType": "kiosk", "hotelSKU": "prd1076", "hotelCheckInUnix": "1578332502", "hotelCheckOutUnix": "1578505302", "hotelCheckInTS": "2020-01-06T17:41:42+00:00", "hotelCheckOutTS": "2020-01-08T17:41:42+00:00", "hotelChain": "Aspen Heights", "hotelName": "Aspen Heights: Bogota", "hotelLocation": "Bogota", "hotelRoomType": "standard", "hotelRoomCount": "1", "hotelGuestAdultCount": "1", "hotelGuestChildCount": "0", "hotelNightCount": "2", "hotelRoomPrice": "139.05", "hotelFinalPrice": "278.1"}}}
{"_id": "orderid:386067", "timestamp": "2020-02-09T14:15:00.000Z", "eventType": "transaction", "_adobeamericaspot3": {"CRMID": "crmid:3624977512", "orderDetails": {"orderID": "orderid:386067", "reservationid": "NZE-LOIO", "orderType": "website", "hotelSKU": "prd1196", "hotelCheckInUnix": "1581776100", "hotelCheckOutUnix": "1582121700", "hotelCheckInTS": "2020-02-15T14:15:00+00:00", "hotelCheckOutTS": "2020-02-19T14:15:00+00:00", "hotelChain": "Aspen Heights", "hotelName": "Aspen Heights: Moscow", "hotelLocation": "Moscow", "hotelRoomType": "standard", "hotelRoomCount": "1", "hotelGuestAdultCount": "1", "hotelGuestChildCount": "0", "hotelNightCount": "4", "hotelRoomPrice": "83.81", "hotelFinalPrice": "335.24"}}}
{"_id": "orderid:838396", "timestamp": "2020-01-20T06:15:50.000Z", "eventType": "transaction", "_adobeamericaspot3": {"CRMID": "crmid:7965386977", "orderDetails": {"orderID": "orderid:838396", "reservationid": "FEM-K5LP", "orderType": "kiosk", "hotelSKU": "prd1136", "hotelCheckInUnix": "1579587350", "hotelCheckOutUnix": "1579673750", "hotelCheckInTS": "2020-01-21T06:15:50+00:00", "hotelCheckOutTS": "2020-01-22T06:15:50+00:00", "hotelChain": "Aspen Heights", "hotelName": "Aspen Heights: Osaka", "hotelLocation": "Osaka", "hotelRoomType": "standard", "hotelRoomCount": "1", "hotelGuestAdultCount": "1", "hotelGuestChildCount": "0", "hotelNightCount": "1", "hotelRoomPrice": "128.91", "hotelFinalPrice": "128.91"}}}
{"_id": "orderid:961975", "timestamp": "2020-02-05T20:28:15.000Z", "eventType": "transaction", "_adobeamericaspot3": {"CRMID": "crmid:4308172017", "orderDetails": {"orderID": "orderid:961975", "reservationid": "PKA-WB5A", "orderType": "call center", "hotelSKU": "prd1145", "hotelCheckInUnix": "1583180895", "hotelCheckOutUnix": "1584649695", "hotelCheckInTS": "2020-03-02T20:28:15+00:00", "hotelCheckOutTS": "2020-03-19T20:28:15+00:00", "hotelChain": "Grandeur Hotels", "hotelName": "Grandeur Hotels: Dallas", "hotelLocation": "Dallas", "hotelRoomType": "standard", "hotelRoomCount": "1", "hotelGuestAdultCount": "1", "hotelGuestChildCount": "2", "hotelNightCount": "17", "hotelRoomPrice": "167.3", "hotelFinalPrice": "2844.1"}}}
{"_id": "orderid:157522", "timestamp": "2020-01-19T08:24:13.000Z", "eventType": "transaction", "_adobeamericaspot3": {"CRMID": "crmid:7504285241", "orderDetails": {"orderID": "orderid:157522", "reservationid": "DMB-NXNT", "orderType": "call center", "hotelSKU": "prd1155", "hotelCheckInUnix": "1580199853", "hotelCheckOutUnix": "1580718253", "hotelCheckInTS": "2020-01-28T08:24:13+00:00", "hotelCheckOutTS": "2020-02-03T08:24:13+00:00", "hotelChain": "Hospitality Inn", "hotelName": "Hospitality Inn: Denver", "hotelLocation": "Denver", "hotelRoomType": "standard", "hotelRoomCount": "1", "hotelGuestAdultCount": "1", "hotelGuestChildCount": "3", "hotelNightCount": "6", "hotelRoomPrice": "148.21", "hotelFinalPrice": "889.26"}}}
{"_id": "orderid:879331", "timestamp": "2020-01-18T23:45:20.000Z", "eventType": "transaction", "_adobeamericaspot3": {"CRMID": "crmid:1231527088", "orderDetails": {"orderID": "orderid:879331", "reservationid": "VCT-4TRE", "orderType": "call center", "hotelSKU": "prd1055", "hotelCheckInUnix": "1579477520", "hotelCheckOutUnix": "1579563920", "hotelCheckInTS": "2020-01-19T23:45:20+00:00", "hotelCheckOutTS": "2020-01-20T23:45:20+00:00", "hotelChain": "Nesting Box Inn", "hotelName": "Nesting Box Inn: Bakersfield", "hotelLocation": "Bakersfield", "hotelRoomType": "standard", "hotelRoomCount": "1", "hotelGuestAdultCount": "1", "hotelGuestChildCount": "0", "hotelNightCount": "1", "hotelRoomPrice": "148.7", "hotelFinalPrice": "148.7"}}}
{"_id": "orderid:307431", "timestamp": "2019-12-02T21:02:07.000Z", "eventType": "transaction", "_adobeamericaspot3": {"CRMID": "crmid:4916817840", "orderDetails": {"orderID": "orderid:307431", "reservationid": "YZ3-YVZO", "orderType": "kiosk", "hotelSKU": "prd1035", "hotelCheckInUnix": "1575925327", "hotelCheckOutUnix": "1576616527", "hotelCheckInTS": "2019-12-09T21:02:07+00:00", "hotelCheckOutTS": "2019-12-17T21:02:07+00:00", "hotelChain": "Hospitality Inn", "hotelName": "Hospitality Inn: Tucson", "hotelLocation": "Tucson", "hotelRoomType": "luxury", "hotelRoomCount": "1", "hotelGuestAdultCount": "1", "hotelGuestChildCount": "2", "hotelNightCount": "8", "hotelRoomPrice": "302.48", "hotelFinalPrice": "2419.84"}}}
{"_id": "orderid:338615", "timestamp": "2020-01-23T12:40:21.000Z", "eventType": "transaction", "_adobeamericaspot3": {"CRMID": "crmid:6521716898", "orderDetails": {"orderID": "orderid:338615", "reservationid": "S5T-4ZX5", "orderType": "website", "hotelSKU": "prd1154", "hotelCheckInUnix": "1580301621", "hotelCheckOutUnix": "1580820021", "hotelCheckInTS": "2020-01-29T12:40:21+00:00", "hotelCheckOutTS": "2020-02-04T12:40:21+00:00", "hotelChain": "Blue Reef Resort", "hotelName": "Blue Reef Resort: Seattle", "hotelLocation": "Seattle", "hotelRoomType": "premium", "hotelRoomCount": "1", "hotelGuestAdultCount": "1", "hotelGuestChildCount": "0", "hotelNightCount": "6", "hotelRoomPrice": "144.33", "hotelFinalPrice": "865.98"}}}
{"_id": "orderid:889202", "timestamp": "2020-01-09T03:24:18.000Z", "eventType": "transaction", "_adobeamericaspot3": {"CRMID": "crmid:8498915090", "orderDetails": {"orderID": "orderid:889202", "reservationid": "FL8-FEPS", "orderType": "call center", "hotelSKU": "prd1057", "hotelCheckInUnix": "1578626658", "hotelCheckOutUnix": "1578799458", "hotelCheckInTS": "2020-01-10T03:24:18+00:00", "hotelCheckOutTS": "2020-01-12T03:24:18+00:00", "hotelChain": "Admiralty Plaza", "hotelName": "Admiralty Plaza: Mumbai", "hotelLocation": "Mumbai", "hotelRoomType": "standard", "hotelRoomCount": "1", "hotelGuestAdultCount": "1", "hotelGuestChildCount": "0", "hotelNightCount": "2", "hotelRoomPrice": "141.84", "hotelFinalPrice": "283.68"}}}
{"_id": "orderid:220155", "timestamp": "2020-01-14T00:00:00.000Z", "eventType": "transaction", "_adobeamericaspot3": {"CRMID": "crmid:8498915090", "orderDetails": {"orderID": "orderid:220155", "reservationid": "JXK-DWIU", "orderType": "kiosk", "hotelSKU": "prd1082", "hotelCheckInUnix": "1579046400", "hotelCheckOutUnix": "1579132800", "hotelCheckInTS": "2020-01-15T00:00:00+00:00", "hotelCheckOutTS": "2020-01-16T00:00:00+00:00", "hotelChain": "Blue Reef Resort", "hotelName": "Blue Reef Resort: Surat", "hotelLocation": "Surat", "hotelRoomType": "standard", "hotelRoomCount": "1", "hotelGuestAdultCount": "1", "hotelGuestChildCount": "0", "hotelNightCount": "1", "hotelRoomPrice": "200.07", "hotelFinalPrice": "200.07"}}}
{"_id": "orderid:934028", "timestamp": "2020-01-21T12:01:34.000Z", "eventType": "transaction", "_adobeamericaspot3": {"CRMID": "crmid:2260679592", "orderDetails": {"orderID": "orderid:934028", "reservationid": "G0M-ESHR", "orderType": "call center", "hotelSKU": "prd1117", "hotelCheckInUnix": "1579694494", "hotelCheckOutUnix": "1579867294", "hotelCheckInTS": "2020-01-22T12:01:34+00:00", "hotelCheckOutTS": "2020-01-24T12:01:34+00:00", "hotelChain": "Admiralty Plaza", "hotelName": "Admiralty Plaza: Dublin", "hotelLocation": "Dublin", "hotelRoomType": "standard", "hotelRoomCount": "1", "hotelGuestAdultCount": "1", "hotelGuestChildCount": "0", "hotelNightCount": "2", "hotelRoomPrice": "155.05", "hotelFinalPrice": "310.1"}}}
{"_id": "orderid:918864", "timestamp": "2020-02-08T19:23:04.000Z", "eventType": "transaction", "_adobeamericaspot3": {"CRMID": "crmid:3439729757", "orderDetails": {"orderID": "orderid:918864", "reservationid": "T6K-QPJV", "orderType": "call center", "hotelSKU": "prd1172", "hotelCheckInUnix": "1583176984", "hotelCheckOutUnix": "1584040984", "hotelCheckInTS": "2020-03-02T19:23:04+00:00", "hotelCheckOutTS": "2020-03-12T19:23:04+00:00", "hotelChain": "Aspen Heights", "hotelName": "Aspen Heights: Mesa", "hotelLocation": "Mesa", "hotelRoomType": "premium", "hotelRoomCount": "1", "hotelGuestAdultCount": "1", "hotelGuestChildCount": "0", "hotelNightCount": "10", "hotelRoomPrice": "177.78", "hotelFinalPrice": "1777.8"}}}
{"_id": "orderid:998486", "timestamp": "2020-01-03T21:41:58.000Z", "eventType": "transaction", "_adobeamericaspot3": {"CRMID": "crmid:6021998899", "orderDetails": {"orderID": "orderid:998486", "reservationid": "XZI-LONS", "orderType": "kiosk", "hotelSKU": "prd1016", "hotelCheckInUnix": "1578519718", "hotelCheckOutUnix": "1578951718", "hotelCheckInTS": "2020-01-08T21:41:58+00:00", "hotelCheckOutTS": "2020-01-13T21:41:58+00:00", "hotelChain": "Aspen Heights", "hotelName": "Aspen Heights: Columbus", "hotelLocation": "Columbus", "hotelRoomType": "standard", "hotelRoomCount": "1", "hotelGuestAdultCount": "1", "hotelGuestChildCount": "0", "hotelNightCount": "5", "hotelRoomPrice": "142.56", "hotelFinalPrice": "712.8"}}}
{"_id": "orderid:828699", "timestamp": "2020-02-13T03:24:19.000Z", "eventType": "transaction", "_adobeamericaspot3": {"CRMID": "crmid:5858392301", "orderDetails": {"orderID": "orderid:828699", "reservationid": "AH1-NUAW", "orderType": "call center", "hotelSKU": "prd1071", "hotelCheckInUnix": "1581909859", "hotelCheckOutUnix": "1582169059", "hotelCheckInTS": "2020-02-17T03:24:19+00:00", "hotelCheckOutTS": "2020-02-20T03:24:19+00:00", "hotelChain": "Hospitality Inn", "hotelName": "Hospitality Inn: Seoul", "hotelLocation": "Seoul", "hotelRoomType": "premium", "hotelRoomCount": "1", "hotelGuestAdultCount": "1", "hotelGuestChildCount": "0", "hotelNightCount": "3", "hotelRoomPrice": "116.61", "hotelFinalPrice": "349.83"}}}
{"_id": "orderid:817437", "timestamp": "2019-12-22T08:28:42.000Z", "eventType": "transaction", "_adobeamericaspot3": {"CRMID": "crmid:4974884482", "orderDetails": {"orderID": "orderid:817437", "reservationid": "ROI-CJOV", "orderType": "website", "hotelSKU": "prd1148", "hotelCheckInUnix": "1577089722", "hotelCheckOutUnix": "1577262522", "hotelCheckInTS": "2019-12-23T08:28:42+00:00", "hotelCheckOutTS": "2019-12-25T08:28:42+00:00", "hotelChain": "Aspen Heights", "hotelName": "Aspen Heights: Jacksonville", "hotelLocation": "Jacksonville", "hotelRoomType": "luxury", "hotelRoomCount": "1", "hotelGuestAdultCount": "1", "hotelGuestChildCount": "0", "hotelNightCount": "2", "hotelRoomPrice": "236.07", "hotelFinalPrice": "472.14"}}}
{"_id": "orderid:766909", "timestamp": "2019-12-06T08:03:46.000Z", "eventType": "transaction", "_adobeamericaspot3": {"CRMID": "crmid:7291172717", "orderDetails": {"orderID": "orderid:766909", "reservationid": "DPJ-PEVS", "orderType": "service desk", "hotelSKU": "prd1016", "hotelCheckInUnix": "1577779426", "hotelCheckOutUnix": "1578038626", "hotelCheckInTS": "2019-12-31T08:03:46+00:00", "hotelCheckOutTS": "2020-01-03T08:03:46+00:00", "hotelChain": "Aspen Heights", "hotelName": "Aspen Heights: Columbus", "hotelLocation": "Columbus", "hotelRoomType": "standard", "hotelRoomCount": "1", "hotelGuestAdultCount": "1", "hotelGuestChildCount": "3", "hotelNightCount": "3", "hotelRoomPrice": "95.33", "hotelFinalPrice": "285.99"}}}
{"_id": "orderid:727077", "timestamp": "2019-12-14T21:46:30.000Z", "eventType": "transaction", "_adobeamericaspot3": {"CRMID": "crmid:5908732557", "orderDetails": {"orderID": "orderid:727077", "reservationid": "ZRF-X74A", "orderType": "call center", "hotelSKU": "prd1057", "hotelCheckInUnix": "1576446390", "hotelCheckOutUnix": "1576532790", "hotelCheckInTS": "2019-12-15T21:46:30+00:00", "hotelCheckOutTS": "2019-12-16T21:46:30+00:00", "hotelChain": "Admiralty Plaza", "hotelName": "Admiralty Plaza: Mumbai", "hotelLocation": "Mumbai", "hotelRoomType": "standard", "hotelRoomCount": "1", "hotelGuestAdultCount": "1", "hotelGuestChildCount": "0", "hotelNightCount": "1", "hotelRoomPrice": "104.59", "hotelFinalPrice": "104.59"}}}
{"_id": "orderid:884471", "timestamp": "2020-02-01T05:15:13.000Z", "eventType": "transaction", "_adobeamericaspot3": {"CRMID": "crmid:4981943422", "orderDetails": {"orderID": "orderid:884471", "reservationid": "SUZ-WMZX", "orderType": "call center", "hotelSKU": "prd1052", "hotelCheckInUnix": "1582175713", "hotelCheckOutUnix": "1582521313", "hotelCheckInTS": "2020-02-20T05:15:13+00:00", "hotelCheckOutTS": "2020-02-24T05:15:13+00:00", "hotelChain": "Aspen Heights", "hotelName": "Aspen Heights: Wichita", "hotelLocation": "Wichita", "hotelRoomType": "premium", "hotelRoomCount": "1", "hotelGuestAdultCount": "1", "hotelGuestChildCount": "0", "hotelNightCount": "4", "hotelRoomPrice": "183.45", "hotelFinalPrice": "733.8"}}}
{"_id": "orderid:421952", "timestamp": "2020-01-19T17:25:13.000Z", "eventType": "transaction", "_adobeamericaspot3": {"CRMID": "crmid:5380938245", "orderDetails": {"orderID": "orderid:421952", "reservationid": "6CY-Q0UX", "orderType": "website", "hotelSKU": "prd1194", "hotelCheckInUnix": "1579541113", "hotelCheckOutUnix": "1579713913", "hotelCheckInTS": "2020-01-20T17:25:13+00:00", "hotelCheckOutTS": "2020-01-22T17:25:13+00:00", "hotelChain": "Restful Nights", "hotelName": "Restful Nights: Tianjin", "hotelLocation": "Tianjin", "hotelRoomType": "standard", "hotelRoomCount": "1", "hotelGuestAdultCount": "1", "hotelGuestChildCount": "0", "hotelNightCount": "2", "hotelRoomPrice": "140.03", "hotelFinalPrice": "280.06"}}}
{"_id": "orderid:335248", "timestamp": "2019-12-02T01:25:00.000Z", "eventType": "transaction", "_adobeamericaspot3": {"CRMID": "crmid:5525615913", "orderDetails": {"orderID": "orderid:335248", "reservationid": "FRG-LJRC", "orderType": "website", "hotelSKU": "prd1057", "hotelCheckInUnix": "1577150700", "hotelCheckOutUnix": "1577755500", "hotelCheckInTS": "2019-12-24T01:25:00+00:00", "hotelCheckOutTS": "2019-12-31T01:25:00+00:00", "hotelChain": "Admiralty Plaza", "hotelName": "Admiralty Plaza: Mumbai", "hotelLocation": "Mumbai", "hotelRoomType": "standard", "hotelRoomCount": "1", "hotelGuestAdultCount": "1", "hotelGuestChildCount": "0", "hotelNightCount": "7", "hotelRoomPrice": "136.24", "hotelFinalPrice": "953.68"}}}
{"_id": "orderid:995715", "timestamp": "2020-01-21T19:50:53.000Z", "eventType": "transaction", "_adobeamericaspot3": {"CRMID": "crmid:5828172917", "orderDetails": {"orderID": "orderid:995715", "reservationid": "GDX-RFJE", "orderType": "kiosk", "hotelSKU": "prd1016", "hotelCheckInUnix": "1581969053", "hotelCheckOutUnix": "1582919453", "hotelCheckInTS": "2020-02-17T19:50:53+00:00", "hotelCheckOutTS": "2020-02-28T19:50:53+00:00", "hotelChain": "Aspen Heights", "hotelName": "Aspen Heights: Columbus", "hotelLocation": "Columbus", "hotelRoomType": "ultra-luxury", "hotelRoomCount": "1", "hotelGuestAdultCount": "1", "hotelGuestChildCount": "0", "hotelNightCount": "11", "hotelRoomPrice": "341.7", "hotelFinalPrice": "3758.7"}}}
{"_id": "orderid:365867", "timestamp": "2020-01-28T18:32:13.000Z", "eventType": "transaction", "_adobeamericaspot3": {"CRMID": "crmid:1428570545", "orderDetails": {"orderID": "orderid:365867", "reservationid": "WAT-JQE1", "orderType": "call center", "hotelSKU": "prd1158", "hotelCheckInUnix": "1580322733", "hotelCheckOutUnix": "1580581933", "hotelCheckInTS": "2020-01-29T18:32:13+00:00", "hotelCheckOutTS": "2020-02-01T18:32:13+00:00", "hotelChain": "Restful Nights", "hotelName": "Restful Nights: El Paso", "hotelLocation": "El Paso", "hotelRoomType": "luxury", "hotelRoomCount": "1", "hotelGuestAdultCount": "1", "hotelGuestChildCount": "0", "hotelNightCount": "3", "hotelRoomPrice": "361.07", "hotelFinalPrice": "1083.21"}}}
{"_id": "orderid:561197", "timestamp": "2020-01-07T22:06:08.000Z", "eventType": "transaction", "_adobeamericaspot3": {"CRMID": "crmid:9742023178", "orderDetails": {"orderID": "orderid:561197", "reservationid": "XEF-4YVD", "orderType": "website", "hotelSKU": "prd1059", "hotelCheckInUnix": "1580594768", "hotelCheckOutUnix": "1581026768", "hotelCheckInTS": "2020-02-01T22:06:08+00:00", "hotelCheckOutTS": "2020-02-06T22:06:08+00:00", "hotelChain": "Hospitality Inn", "hotelName": "Hospitality Inn: Kinshasa", "hotelLocation": "Kinshasa", "hotelRoomType": "premium", "hotelRoomCount": "1", "hotelGuestAdultCount": "1", "hotelGuestChildCount": "0", "hotelNightCount": "5", "hotelRoomPrice": "174.12", "hotelFinalPrice": "870.6"}}}
{"_id": "orderid:478104", "timestamp": "2019-12-09T03:01:30.000Z", "eventType": "transaction", "_adobeamericaspot3": {"CRMID": "crmid:5671084769", "orderDetails": {"orderID": "orderid:478104", "reservationid": "DOQ-5KCH", "orderType": "kiosk", "hotelSKU": "prd1153", "hotelCheckInUnix": "1576033290", "hotelCheckOutUnix": "1576119690", "hotelCheckInTS": "2019-12-11T03:01:30+00:00", "hotelCheckOutTS": "2019-12-12T03:01:30+00:00", "hotelChain": "Admiralty Plaza", "hotelName": "Admiralty Plaza: Charlotte", "hotelLocation": "Charlotte", "hotelRoomType": "premium", "hotelRoomCount": "1", "hotelGuestAdultCount": "1", "hotelGuestChildCount": "0", "hotelNightCount": "1", "hotelRoomPrice": "130.04", "hotelFinalPrice": "130.04"}}}
{"_id": "orderid:216597", "timestamp": "2020-01-27T02:58:23.000Z", "eventType": "transaction", "_adobeamericaspot3": {"CRMID": "crmid:4037864565", "orderDetails": {"orderID": "orderid:216597", "reservationid": "2IM-1SZN", "orderType": "kiosk", "hotelSKU": "prd1095", "hotelCheckInUnix": "1581908303", "hotelCheckOutUnix": "1582513103", "hotelCheckInTS": "2020-02-17T02:58:23+00:00", "hotelCheckOutTS": "2020-02-24T02:58:23+00:00", "hotelChain": "Hospitality Inn", "hotelName": "Hospitality Inn: Casablanca", "hotelLocation": "Casablanca", "hotelRoomType": "standard", "hotelRoomCount": "1", "hotelGuestAdultCount": "1", "hotelGuestChildCount": "4", "hotelNightCount": "7", "hotelRoomPrice": "159.01", "hotelFinalPrice": "1113.07"}}}
{"_id": "orderid:733410", "timestamp": "2020-02-10T06:37:14.000Z", "eventType": "transaction", "_adobeamericaspot3": {"CRMID": "crmid:2499600911", "orderDetails": {"orderID": "orderid:733410", "reservationid": "SYX-5NRC", "orderType": "kiosk", "hotelSKU": "prd1101", "hotelCheckInUnix": "1581662234", "hotelCheckOutUnix": "1581835034", "hotelCheckInTS": "2020-02-14T06:37:14+00:00", "hotelCheckOutTS": "2020-02-16T06:37:14+00:00", "hotelChain": "Sapphire Suites", "hotelName": "Sapphire Suites: Vienna", "hotelLocation": "Vienna", "hotelRoomType": "standard", "hotelRoomCount": "1", "hotelGuestAdultCount": "1", "hotelGuestChildCount": "0", "hotelNightCount": "2", "hotelRoomPrice": "153.88", "hotelFinalPrice": "307.76"}}}
{"_id": "orderid:356110", "timestamp": "2020-02-17T00:00:00.000Z", "eventType": "transaction", "_adobeamericaspot3": {"CRMID": "crmid:2499600911", "orderDetails": {"orderID": "orderid:356110", "reservationid": "XDC-DC2T", "orderType": "website", "hotelSKU": "prd1141", "hotelCheckInUnix": "1581984000", "hotelCheckOutUnix": "1582070400", "hotelCheckInTS": "2020-02-18T00:00:00+00:00", "hotelCheckOutTS": "2020-02-19T00:00:00+00:00", "hotelChain": "Admiralty Plaza", "hotelName": "Admiralty Plaza: Phoenix", "hotelLocation": "Phoenix", "hotelRoomType": "premium", "hotelRoomCount": "1", "hotelGuestAdultCount": "1", "hotelGuestChildCount": "0", "hotelNightCount": "1", "hotelRoomPrice": "153.42", "hotelFinalPrice": "153.42"}}}
{"_id": "orderid:182607", "timestamp": "2020-01-25T18:12:52.000Z", "eventType": "transaction", "_adobeamericaspot3": {"CRMID": "crmid:5546144148", "orderDetails": {"orderID": "orderid:182607", "reservationid": "XFY-S7XV", "orderType": "call center", "hotelSKU": "prd1134", "hotelCheckInUnix": "1580580772", "hotelCheckOutUnix": "1581617572", "hotelCheckInTS": "2020-02-01T18:12:52+00:00", "hotelCheckOutTS": "2020-02-13T18:12:52+00:00", "hotelChain": "Restful Nights", "hotelName": "Restful Nights: Montreal", "hotelLocation": "Montreal", "hotelRoomType": "luxury", "hotelRoomCount": "1", "hotelGuestAdultCount": "1", "hotelGuestChildCount": "0", "hotelNightCount": "12", "hotelRoomPrice": "335.46", "hotelFinalPrice": "4025.52"}}}
{"_id": "orderid:105867", "timestamp": "2020-01-10T02:21:36.000Z", "eventType": "transaction", "_adobeamericaspot3": {"CRMID": "crmid:1355510129", "orderDetails": {"orderID": "orderid:105867", "reservationid": "GEG-1SWU", "orderType": "kiosk", "hotelSKU": "prd1035", "hotelCheckInUnix": "1580696496", "hotelCheckOutUnix": "1581301296", "hotelCheckInTS": "2020-02-03T02:21:36+00:00", "hotelCheckOutTS": "2020-02-10T02:21:36+00:00", "hotelChain": "Hospitality Inn", "hotelName": "Hospitality Inn: Tucson", "hotelLocation": "Tucson", "hotelRoomType": "premium", "hotelRoomCount": "1", "hotelGuestAdultCount": "1", "hotelGuestChildCount": "0", "hotelNightCount": "7", "hotelRoomPrice": "154.87", "hotelFinalPrice": "1084.09"}}}
{"_id": "orderid:463411", "timestamp": "2020-01-27T22:36:50.000Z", "eventType": "transaction", "_adobeamericaspot3": {"CRMID": "crmid:9535980265", "orderDetails": {"orderID": "orderid:463411", "reservationid": "HZT-KUYP", "orderType": "kiosk", "hotelSKU": "prd1182", "hotelCheckInUnix": "1582324610", "hotelCheckOutUnix": "1583015810", "hotelCheckInTS": "2020-02-21T22:36:50+00:00", "hotelCheckOutTS": "2020-02-29T22:36:50+00:00", "hotelChain": "Restful Nights", "hotelName": "Restful Nights: Minneapolis", "hotelLocation": "Minneapolis", "hotelRoomType": "premium", "hotelRoomCount": "1", "hotelGuestAdultCount": "1", "hotelGuestChildCount": "4", "hotelNightCount": "8", "hotelRoomPrice": "110.23", "hotelFinalPrice": "881.84"}}}
{"_id": "orderid:197578", "timestamp": "2020-02-08T23:47:23.000Z", "eventType": "transaction", "_adobeamericaspot3": {"CRMID": "crmid:8517116837", "orderDetails": {"orderID": "orderid:197578", "reservationid": "WU2-HM4P", "orderType": "service desk", "hotelSKU": "prd1153", "hotelCheckInUnix": "1581292043", "hotelCheckOutUnix": "1581464843", "hotelCheckInTS": "2020-02-09T23:47:23+00:00", "hotelCheckOutTS": "2020-02-11T23:47:23+00:00", "hotelChain": "Admiralty Plaza", "hotelName": "Admiralty Plaza: Charlotte", "hotelLocation": "Charlotte", "hotelRoomType": "standard", "hotelRoomCount": "1", "hotelGuestAdultCount": "1", "hotelGuestChildCount": "0", "hotelNightCount": "2", "hotelRoomPrice": "143.59", "hotelFinalPrice": "287.18"}}}
{"_id": "orderid:512081", "timestamp": "2019-12-27T07:22:49.000Z", "eventType": "transaction", "_adobeamericaspot3": {"CRMID": "crmid:4791790782", "orderDetails": {"orderID": "orderid:512081", "reservationid": "POW-2GED", "orderType": "call center", "hotelSKU": "prd1101", "hotelCheckInUnix": "1577517769", "hotelCheckOutUnix": "1577949769", "hotelCheckInTS": "2019-12-28T07:22:49+00:00", "hotelCheckOutTS": "2020-01-02T07:22:49+00:00", "hotelChain": "Sapphire Suites", "hotelName": "Sapphire Suites: Vienna", "hotelLocation": "Vienna", "hotelRoomType": "premium", "hotelRoomCount": "1", "hotelGuestAdultCount": "1", "hotelGuestChildCount": "0", "hotelNightCount": "5", "hotelRoomPrice": "135.5", "hotelFinalPrice": "677.5"}}}
{"_id": "orderid:331263", "timestamp": "2020-01-14T11:19:11.000Z", "eventType": "transaction", "_adobeamericaspot3": {"CRMID": "crmid:5054323037", "orderDetails": {"orderID": "orderid:331263", "reservationid": "J5T-AME6", "orderType": "website", "hotelSKU": "prd1022", "hotelCheckInUnix": "1580728751", "hotelCheckOutUnix": "1581333551", "hotelCheckInTS": "2020-02-03T11:19:11+00:00", "hotelCheckOutTS": "2020-02-10T11:19:11+00:00", "hotelChain": "Blue Reef Resort", "hotelName": "Blue Reef Resort: Washington DC", "hotelLocation": "Washington DC", "hotelRoomType": "standard", "hotelRoomCount": "1", "hotelGuestAdultCount": "1", "hotelGuestChildCount": "0", "hotelNightCount": "7", "hotelRoomPrice": "157.98", "hotelFinalPrice": "1105.86"}}}
{"_id": "orderid:891196", "timestamp": "2020-01-30T17:36:23.000Z", "eventType": "transaction", "_adobeamericaspot3": {"CRMID": "crmid:8926957626", "orderDetails": {"orderID": "orderid:891196", "reservationid": "JB3-YTKX", "orderType": "website", "hotelSKU": "prd1033", "hotelCheckInUnix": "1580492183", "hotelCheckOutUnix": "1580664983", "hotelCheckInTS": "2020-01-31T17:36:23+00:00", "hotelCheckOutTS": "2020-02-02T17:36:23+00:00", "hotelChain": "Admiralty Plaza", "hotelName": "Admiralty Plaza: Milwaukee", "hotelLocation": "Milwaukee", "hotelRoomType": "presidential-suite", "hotelRoomCount": "1", "hotelGuestAdultCount": "1", "hotelGuestChildCount": "0", "hotelNightCount": "2", "hotelRoomPrice": "883.49", "hotelFinalPrice": "1766.98"}}}
{"_id": "orderid:609485", "timestamp": "2020-02-04T00:00:00.000Z", "eventType": "transaction", "_adobeamericaspot3": {"CRMID": "crmid:8926957626", "orderDetails": {"orderID": "orderid:609485", "reservationid": "VLG-X7FG", "orderType": "website", "hotelSKU": "prd1189", "hotelCheckInUnix": "1580947200", "hotelCheckOutUnix": "1581292800", "hotelCheckInTS": "2020-02-06T00:00:00+00:00", "hotelCheckOutTS": "2020-02-10T00:00:00+00:00", "hotelChain": "Admiralty Plaza", "hotelName": "Admiralty Plaza: Bakersfield", "hotelLocation": "Bakersfield", "hotelRoomType": "standard", "hotelRoomCount": "1", "hotelGuestAdultCount": "1", "hotelGuestChildCount": "0", "hotelNightCount": "4", "hotelRoomPrice": "141.1", "hotelFinalPrice": "564.4"}}}
{"_id": "orderid:807413", "timestamp": "2019-12-14T19:09:43.000Z", "eventType": "transaction", "_adobeamericaspot3": {"CRMID": "crmid:2410155330", "orderDetails": {"orderID": "orderid:807413", "reservationid": "VX1-RYQV", "orderType": "call center", "hotelSKU": "prd1083", "hotelCheckInUnix": "1577905783", "hotelCheckOutUnix": "1578337783", "hotelCheckInTS": "2020-01-01T19:09:43+00:00", "hotelCheckOutTS": "2020-01-06T19:09:43+00:00", "hotelChain": "Hospitality Inn", "hotelName": "Hospitality Inn: Bangkok", "hotelLocation": "Bangkok", "hotelRoomType": "premium", "hotelRoomCount": "1", "hotelGuestAdultCount": "1", "hotelGuestChildCount": "0", "hotelNightCount": "5", "hotelRoomPrice": "116.07", "hotelFinalPrice": "580.35"}}}
{"_id": "orderid:253768", "timestamp": "2019-12-17T01:21:21.000Z", "eventType": "transaction", "_adobeamericaspot3": {"CRMID": "crmid:3111148271", "orderDetails": {"orderID": "orderid:253768", "reservationid": "B9C-RCQY", "orderType": "call center", "hotelSKU": "prd1161", "hotelCheckInUnix": "1578187281", "hotelCheckOutUnix": "1579569681", "hotelCheckInTS": "2020-01-05T01:21:21+00:00", "hotelCheckOutTS": "2020-01-21T01:21:21+00:00", "hotelChain": "Sapphire Suites", "hotelName": "Sapphire Suites: Memphis", "hotelLocation": "Memphis", "hotelRoomType": "premium", "hotelRoomCount": "1", "hotelGuestAdultCount": "1", "hotelGuestChildCount": "4", "hotelNightCount": "16", "hotelRoomPrice": "173.41", "hotelFinalPrice": "2774.56"}}}
