{"_id": "e3864e5c-53c8-11ea-8d2e-b88a60e194fb", "timestamp": "2020-02-13T21:22:50.000Z", "eventType": "transaction", "_adobeamericaspot3": {"CRMID": "crmid:2675707095", "orderDetails": {"orderID": "orderid:867024", "reservationid": "VSL-AE9D", "orderType": "website"}}}
{"_id": "e387385e-53c8-11ea-aa6c-b88a60e194fb", "timestamp": "2020-01-20T14:33:07.000Z", "eventType": "transaction", "_adobeamericaspot3": {"CRMID": "crmid:7957674880", "orderDetails": {"orderID": "orderid:699725", "reservationid": "XZ7-ZG0U", "orderType": "mobile"}}}
{"_id": "e3884a06-53c8-11ea-872b-b88a60e194fb", "timestamp": "2020-01-20T11:41:27.000Z", "eventType": "transaction", "_adobeamericaspot3": {"CRMID": "crmid:5984484670", "orderDetails": {"orderID": "orderid:655994", "reservationid": "4NH-P3X8", "orderType": "mobile"}}}
{"_id": "e3895b0a-53c8-11ea-9b3f-b88a60e194fb", "timestamp": "2019-12-06T15:14:28.000Z", "eventType": "transaction", "_adobeamericaspot3": {"CRMID": "crmid:6683994918", "orderDetails": {"orderID": "orderid:506453", "reservationid": "V26-7KKT", "orderType": "website"}}}
{"_id": "e38a6cee-53c8-11ea-9e27-b88a60e194fb", "timestamp": "2019-12-06T07:00:16.000Z", "eventType": "transaction", "_adobeamericaspot3": {"CRMID": "crmid:1029982497", "orderDetails": {"orderID": "orderid:234634", "reservationid": "ETD-OWPY", "orderType": "website"}}}
{"_id": "e38b7e58-53c8-11ea-b1f1-b88a60e194fb", "timestamp": "2020-01-19T01:35:35.000Z", "eventType": "transaction", "_adobeamericaspot3": {"CRMID": "crmid:7289620668", "orderDetails": {"orderID": "orderid:998939", "reservationid": "IUW-YA5S", "orderType": "website"}}}
{"_id": "e38c6894-53c8-11ea-ae5f-b88a60e194fb", "timestamp": "2019-12-26T19:54:18.000Z", "eventType": "transaction", "_adobeamericaspot3": {"CRMID": "crmid:8163965289", "orderDetails": {"orderID": "orderid:879421", "reservationid": "KOK-QW18", "orderType": "call center"}}}
{"_id": "e38d5340-53c8-11ea-8217-b88a60e194fb", "timestamp": "2020-02-04T17:20:59.000Z", "eventType": "transaction", "_adobeamericaspot3": {"CRMID": "crmid:2699946098", "orderDetails": {"orderID": "orderid:385316", "reservationid": "X2J-0SV7", "orderType": "call center"}}}
{"_id": "e38d5341-53c8-11ea-9dee-b88a60e194fb", "timestamp": "2020-02-08T00:00:00.000Z", "eventType": "transaction", "_adobeamericaspot3": {"CRMID": "crmid:2699946098", "orderDetails": {"orderID": "orderid:161872", "reservationid": "HYT-YDWJ", "orderType": "call center"}}}
{"_id": "e38e3d4a-53c8-11ea-ae69-b88a60e194fb", "timestamp": "2019-12-03T01:22:42.000Z", "eventType": "transaction", "_adobeamericaspot3": {"CRMID": "crmid:5690902641", "orderDetails": {"orderID": "orderid:665346", "reservationid": "TVW-0RH8", "orderType": "kiosk"}}}
{"_id": "e38f278c-53c8-11ea-96ac-b88a60e194fb", "timestamp": "2020-02-07T19:29:32.000Z", "eventType": "transaction", "_adobeamericaspot3": {"CRMID": "crmid:2050944304", "orderDetails": {"orderID": "orderid:461990", "reservationid": "DFQ-BJWL", "orderType": "website"}}}
{"_id": "e3903910-53c8-11ea-a79a-b88a60e194fb", "timestamp": "2020-01-05T11:56:36.000Z", "eventType": "transaction", "_adobeamericaspot3": {"CRMID": "crmid:1894251999", "orderDetails": {"orderID": "orderid:965935", "reservationid": "QGW-03QJ", "orderType": "kiosk"}}}
{"_id": "e390fc66-53c8-11ea-836d-b88a60e194fb", "timestamp": "2020-01-13T14:43:21.000Z", "eventType": "transaction", "_adobeamericaspot3": {"CRMID": "crmid:5838517882", "orderDetails": {"orderID": "orderid:752223", "reservationid": "V6L-RPBE", "orderType": "kiosk"}}}
{"_id": "e391e692-53c8-11ea-980a-b88a60e194fb", "timestamp": "2020-01-26T08:52:15.000Z", "eventType": "transaction", "_adobeamericaspot3": {"CRMID": "crmid:3134268611", "orderDetails": {"orderID": "orderid:593154", "reservationid": "W9L-RRH9", "orderType": "website"}}}
{"_id": "e3931f70-53c8-11ea-a5b7-b88a60e194fb", "timestamp": "2020-02-16T02:00:00.000Z", "eventType": "transaction", "_adobeamericaspot3": {"CRMID": "crmid:1949015244", "orderDetails": {"orderID": "orderid:161588", "reservationid": "PPQ-1H0S", "orderType": "kiosk"}}}
{"_id": "e3942f4a-53c8-11ea-9573-b88a60e194fb", "timestamp": "2019-12-30T15:04:52.000Z", "eventType": "transaction", "_adobeamericaspot3": {"CRMID": "crmid:8215585078", "orderDetails": {"orderID": "orderid:908942", "reservationid": "ZVA-BECK", "orderType": "website"}}}
{"_id": "e3954270-53c8-11ea-9b8e-b88a60e194fb", "timestamp": "2019-12-15T22:05:50.000Z", "eventType": "transaction", "_adobeamericaspot3": {"CRMID": "crmid:3057004970", "orderDetails": {"orderID": "orderid:274823", "reservationid": "0QX-POPV", "orderType": "kiosk"}}}
{"_id": "e396056e-53c8-11ea-8de2-b88a60e194fb", "timestamp": "2019-12-07T22:53:31.000Z", "eventType": "transaction", "_adobeamericaspot3": {"CRMID": "crmid:4925035505", "orderDetails": {"orderID": "orderid:459325", "reservationid": "JDW-UJTN", "orderType": "call center"}}}
{"_id": "e39716e8-53c8-11ea-b329-b88a60e194fb", "timestamp": "2020-01-12T15:05:55.000Z", "eventType": "transaction", "_adobeamericaspot3": {"CRMID": "crmid:8995145139", "orderDetails": {"orderID": "orderid:174190", "reservationid": "XGM-D6XL", "orderType": "website"}}}
{"_id": "e398290c-53c8-11ea-9913-b88a60e194fb", "timestamp": "2020-02-16T00:57:45.000Z", "eventType": "transaction", "_adobeamericaspot3": {"CRMID": "crmid:6854902492", "orderDetails": {"orderID": "orderid:530868", "reservationid": "FVF-DROU", "orderType": "kiosk"}}}
{"_id": "e3984f2c-53c8-11ea-9baf-b88a60e194fb", "timestamp": "2020-02-20T00:00:00.000Z", "eventType": "transaction", "_adobeamericaspot3": {"CRMID": "crmid:6854902492", "orderDetails": {"orderID": "orderid:644237", "reservationid": "VI8-NTG3", "orderType": "website"}}}
{"_id": "e3993868-53c8-11ea-9214-b88a60e194fb", "timestamp": "2020-01-11T08:30:30.000Z", "eventType": "transaction", "_adobeamericaspot3": {"CRMID": "crmid:2213374733", "orderDetails": {"orderID": "orderid:421344", "reservationid": "LJQ-S5O5", "orderType": "call center"}}}
{"_id": "e39a2422-53c8-11ea-9cec-b88a60e194fb", "timestamp": "2020-01-12T18:48:21.000Z", "eventType": "transaction", "_adobeamericaspot3": {"CRMID": "crmid:9359269839", "orderDetails": {"orderID": "orderid:166167", "reservationid": "BWH-PA2E", "orderType": "kiosk"}}}
{"_id": "e39b35b4-53c8-11ea-bde1-b88a60e194fb", "timestamp": "2019-12-18T09:22:04.000Z", "eventType": "transaction", "_adobeamericaspot3": {"CRMID": "crmid:2703305333", "orderDetails": {"orderID": "orderid:250274", "reservationid": "R5G-U56R", "orderType": "website"}}}
{"_id": "e39c93be-53c8-11ea-b99e-b88a60e194fb", "timestamp": "2019-12-13T22:05:51.000Z", "eventType": "transaction", "_adobeamericaspot3": {"CRMID": "crmid:1595161077", "orderDetails": {"orderID": "orderid:414708", "reservationid": "OPQ-QGJ9", "orderType": "call center"}}}
{"_id": "e39e694a-53c8-11ea-b1e9-b88a60e194fb", "timestamp": "2020-01-18T04:56:20.000Z", "eventType": "transaction", "_adobeamericaspot3": {"CRMID": "crmid:7544993371", "orderDetails": {"orderID": "orderid:884453", "reservationid": "AYY-P7EO", "orderType": "kiosk"}}}
{"_id": "e39fc82c-53c8-11ea-af50-b88a60e194fb", "timestamp": "2020-02-15T08:06:34.000Z", "eventType": "transaction", "_adobeamericaspot3": {"CRMID": "crmid:4283519570", "orderDetails": {"orderID": "orderid:857906", "reservationid": "5XQ-JC6Z", "orderType": "website"}}}
{"_id": "e3a14eac-53c8-11ea-b1b3-b88a60e194fb", "timestamp": "2020-02-16T09:28:09.000Z", "eventType": "transaction", "_adobeamericaspot3": {"CRMID": "crmid:8569919769", "orderDetails": {"orderID": "orderid:649571", "reservationid": "W1F-RNEI", "orderType": "call center"}}}
{"_id": "e3a2ae5c-53c8-11ea-9c5d-b88a60e194fb", "timestamp": "2020-01-02T05:39:20.000Z", "eventType": "transaction", "_adobeamericaspot3": {"CRMID": "crmid:2616264684", "orderDetails": {"orderID": "orderid:743874", "reservationid": "BD6-NGSX", "orderType": "website"}}}
{"_id": "e3a399a8-53c8-11ea-992d-b88a60e194fb", "timestamp": "2020-02-12T09:54:13.000Z", "eventType": "transaction", "_adobeamericaspot3": {"CRMID": "crmid:6487939875", "orderDetails": {"orderID": "orderid:539349", "reservationid": "H3U-RZT1", "orderType": "call center"}}}
{"_id": "e3a4ab6c-53c8-11ea-99a0-b88a60e194fb", "timestamp": "2020-01-02T03:03:11.000Z", "eventType": "transaction", "_adobeamericaspot3": {"CRMID": "crmid:5706222184", "orderDetails": {"orderID": "orderid:820012", "reservationid": "2AG-JDFH", "orderType": "website"}}}
{"_id": "e3a5bb82-53c8-11ea-8bff-b88a60e194fb", "timestamp": "2020-02-05T19:37:59.000Z", "eventType": "transaction", "_adobeamericaspot3": {"CRMID": "crmid:3409185892", "orderDetails": {"orderID": "orderid:164245", "reservationid": "2EK-ZJOO", "orderType": "website"}}}
{"_id": "e3a6ccf8-53c8-11ea-9462-b88a60e194fb", "timestamp": "2019-12-15T21:53:21.000Z", "eventType": "transaction", "_adobeamericaspot3": {"CRMID": "crmid:9244075389", "orderDetails": {"orderID": "orderid:458102", "reservationid": "PFW-XJBF", "orderType": "kiosk"}}}
{"_id": "e3a805ee-53c8-11ea-bdc9-b88a60e194fb", "timestamp": "2020-02-02T02:53:39.000Z", "eventType": "transaction", "_adobeamericaspot3": {"CRMID": "crmid:3715998041", "orderDetails": {"orderID": "orderid:214967", "reservationid": "VLY-ZD6W", "orderType": "website"}}}
{"_id": "e3a93f54-53c8-11ea-98ac-b88a60e194fb", "timestamp": "2020-01-01T08:20:00.000Z", "eventType": "transaction", "_adobeamericaspot3": {"CRMID": "crmid:5779226347", "orderDetails": {"orderID": "orderid:479476", "reservationid": "TN7-YZ4V", "orderType": "service desk"}}}
{"_id": "e3aac4ac-53c8-11ea-9573-b88a60e194fb", "timestamp": "2020-01-06T13:41:22.000Z", "eventType": "transaction", "_adobeamericaspot3": {"CRMID": "crmid:6623991464", "orderDetails": {"orderID": "orderid:272791", "reservationid": "FAF-MYRZ", "orderType": "website"}}}
{"_id": "e3ac4b2c-53c8-11ea-b93b-b88a60e194fb", "timestamp": "2019-12-16T16:50:57.000Z", "eventType": "transaction", "_adobeamericaspot3": {"CRMID": "crmid:9120283791", "orderDetails": {"orderID": "orderid:811757", "reservationid": "NXP-NHPZ", "orderType": "kiosk"}}}
{"_id": "e3ac73b8-53c8-11ea-822f-b88a60e194fb", "timestamp": "2019-12-20T00:00:00.000Z", "eventType": "transaction", "_adobeamericaspot3": {"CRMID": "crmid:9120283791", "orderDetails": {"orderID": "orderid:775549", "reservationid": "XTG-EWRL", "orderType": "website"}}}
{"_id": "e3ad5e02-53c8-11ea-95d8-b88a60e194fb", "timestamp": "2020-01-27T05:34:07.000Z", "eventType": "transaction", "_adobeamericaspot3": {"CRMID": "crmid:5172686635", "orderDetails": {"orderID": "orderid:271336", "reservationid": "N7B-3BDL", "orderType": "service desk"}}}
{"_id": "e3ae96ca-53c8-11ea-bdb2-b88a60e194fb", "timestamp": "2020-01-25T12:45:50.000Z", "eventType": "transaction", "_adobeamericaspot3": {"CRMID": "crmid:9057663179", "orderDetails": {"orderID": "orderid:759311", "reservationid": "UFH-WA9I", "orderType": "website"}}}
{"_id": "e3afcf02-53c8-11ea-974e-b88a60e194fb", "timestamp": "2019-12-11T23:16:57.000Z", "eventType": "transaction", "_adobeamericaspot3": {"CRMID": "crmid:4387664326", "orderDetails": {"orderID": "orderid:938369", "reservationid": "5DD-SN7A", "orderType": "website"}}}
{"_id": "e3b0e078-53c8-11ea-971b-b88a60e194fb", "timestamp": "2019-12-13T10:48:06.000Z", "eventType": "transaction", "_adobeamericaspot3": {"CRMID": "crmid:1236346157", "orderDetails": {"orderID": "orderid:168361", "reservationid": "O9Q-OBPY", "orderType": "service desk"}}}
{"_id": "e3b1c980-53c8-11ea-b1a7-b88a60e194fb", "timestamp": "2019-12-13T06:42:03.000Z", "eventType": "transaction", "_adobeamericaspot3": {"CRMID": "crmid:3798859550", "orderDetails": {"orderID": "orderid:690076", "reservationid": "PM8-OF0M", "orderType": "mobile"}}}
{"_id": "e3b2b582-53c8-11ea-8c4a-b88a60e194fb", "timestamp": "2020-01-25T23:49:11.000Z", "eventType": "transaction", "_adobeamericaspot3": {"CRMID": "crmid:2224939599", "orderDetails": {"orderID": "orderid:580974", "reservationid": "H7S-AM8F", "orderType": "call center"}}}
{"_id": "e3b3eec8-53c8-11ea-ab3f-b88a60e194fb", "timestamp": "2020-02-16T05:19:19.000Z", "eventType": "transaction", "_adobeamericaspot3": {"CRMID": "crmid:9216556824", "orderDetails": {"orderID": "orderid:221285", "reservationid": "FGE-JVDU", "orderType": "mobile"}}}
{"_id": "e3b5264a-53c8-11ea-b639-b88a60e194fb", "timestamp": "2019-12-15T04:41:37.000Z", "eventType": "transaction", "_adobeamericaspot3": {"CRMID": "crmid:2144850428", "orderDetails": {"orderID": "orderid:182471", "reservationid": "TWN-OCRO", "orderType": "website"}}}
{"_id": "e3b6116c-53c8-11ea-8ef4-b88a60e194fb", "timestamp": "2019-12-30T10:39:31.000Z", "eventType": "transaction", "_adobeamericaspot3": {"CRMID": "crmid:2800529827", "orderDetails": {"orderID": "orderid:839962", "reservationid": "AOD-TGNK", "orderType": "mobile"}}}
{"_id": "e3b74958-53c8-11ea-9132-b88a60e194fb", "timestamp": "2020-01-24T04:29:35.000Z", "eventType": "transaction", "_adobeamericaspot3": {"CRMID": "crmid:4546411471", "orderDetails": {"orderID": "orderid:761044", "reservationid": "STT-C4TJ", "orderType": "service desk"}}}
{"_id": "e3b83430-53c8-11ea-a081-b88a60e194fb", "timestamp": "2019-12-01T21:19:56.000Z", "eventType": "transaction", "_adobeamericaspot3": {"CRMID": "crmid:5368998902", "orderDetails": {"orderID": "orderid:752303", "reservationid": "NOZ-DPQZ", "orderType": "website"}}}
{"_id": "e3b9451c-53c8-11ea-8361-b88a60e194fb", "timestamp": "2020-02-14T08:17:21.000Z", "eventType": "transaction", "_adobeamericaspot3": {"CRMID": "crmid:1300170929", "orderDetails": {"orderID": "orderid:525206", "reservationid": "JUH-V4IC", "orderType": "website"}}}
{"_id": "e3ba2f82-53c8-11ea-a5f4-b88a60e194fb", "timestamp": "2019-12-09T21:30:57.000Z", "eventType": "transaction", "_adobeamericaspot3": {"CRMID": "crmid:6185124452", "orderDetails": {"orderID": "orderid:223840", "reservationid": "4YZ-TVBC", "orderType": "mobile"}}}
{"_id": "e3bb19c0-53c8-11ea-a6d5-b88a60e194fb", "timestamp": "2020-01-26T07:09:43.000Z", "eventType": "transaction", "_adobeamericaspot3": {"CRMID": "crmid:5397280547", "orderDetails": {"orderID": "orderid:556670", "reservationid": "07W-IMWT", "orderType": "mobile"}}}
{"_id": "e3bc0430-53c8-11ea-9ec9-b88a60e194fb", "timestamp": "2020-01-11T08:15:49.000Z", "eventType": "transaction", "_adobeamericaspot3": {"CRMID": "crmid:1486199969", "orderDetails": {"orderID": "orderid:433677", "reservationid": "SDV-O3WF", "orderType": "call center"}}}
{"_id": "e3bcee26-53c8-11ea-8592-b88a60e194fb", "timestamp": "2019-12-26T06:36:10.000Z", "eventType": "transaction", "_adobeamericaspot3": {"CRMID": "crmid:2784389005", "orderDetails": {"orderID": "orderid:195162", "reservationid": "4SK-K7GH", "orderType": "kiosk"}}}
{"_id": "e3bdd882-53c8-11ea-b4cc-b88a60e194fb", "timestamp": "2020-02-04T11:49:25.000Z", "eventType": "transaction", "_adobeamericaspot3": {"CRMID": "crmid:2465081448", "orderDetails": {"orderID": "orderid:361721", "reservationid": "ZY4-3VZU", "orderType": "call center"}}}
{"_id": "e3beea22-53c8-11ea-bd46-b88a60e194fb", "timestamp": "2020-01-04T15:59:12.000Z", "eventType": "transaction", "_adobeamericaspot3": {"CRMID": "crmid:2861267264", "orderDetails": {"orderID": "orderid:747246", "reservationid": "T0R-PVU7", "orderType": "call center"}}}
{"_id": "e3bfd492-53c8-11ea-bc32-b88a60e194fb", "timestamp": "2020-01-23T14:49:25.000Z", "eventType": "transaction", "_adobeamericaspot3": {"CRMID": "crmid:7930823051", "orderDetails": {"orderID": "orderid:466554", "reservationid": "NAO-18M7", "orderType": "website"}}}
{"_id": "e3c0befe-53c8-11ea-b078-b88a60e194fb", "timestamp": "2020-01-12T10:02:35.000Z", "eventType": "transaction", "_adobeamericaspot3": {"CRMID": "crmid:2241888604", "orderDetails": {"orderID": "orderid:915722", "reservationid": "8CF-EK6W", "orderType": "call center"}}}
{"_id": "e3c1f836-53c8-11ea-a910-b88a60e194fb", "timestamp": "2020-01-18T13:02:28.000Z", "eventType": "transaction", "_adobeamericaspot3": {"CRMID": "crmid:3770872835", "orderDetails": {"orderID": "orderid:269429", "reservationid": "XWT-TDGL", "orderType": "website"}}}
{"_id": "e3c355a8-53c8-11ea-be57-b88a60e194fb", "timestamp": "2019-12-05T23:48:34.000Z", "eventType": "transaction", "_adobeamericaspot3": {"CRMID": "crmid:7231399514", "orderDetails": {"orderID": "orderid:978558", "reservationid": "D7H-EZLS", "orderType": "kiosk"}}}
{"_id": "e3c4689e-53c8-11ea-ad98-b88a60e194fb", "timestamp": "2020-02-08T01:48:38.000Z", "eventType": "transaction", "_adobeamericaspot3": {"CRMID": "crmid:2022236709", "orderDetails": {"orderID": "orderid:722153", "reservationid": "22T-0MPD", "orderType": "mobile"}}}
{"_id": "e3c5529e-53c8-11ea-88b3-b88a60e194fb", "timestamp": "2019-12-12T14:34:04.000Z", "eventType": "transaction", "_adobeamericaspot3": {"CRMID": "crmid:7684896204", "orderDetails": {"orderID": "orderid:465280", "reservationid": "NNR-1PFT", "orderType": "website"}}}
{"_id": "e3c68b1c-53c8-11ea-a09d-b88a60e194fb", "timestamp": "2019-12-13T12:34:05.000Z", "eventType": "transaction", "_adobeamericaspot3": {"CRMID": "crmid:7238595123", "orderDetails": {"orderID": "orderid:618750", "reservationid": "F9G-RJHP", "orderType": "website"}}}
{"_id": "e3c775e4-53c8-11ea-8e97-b88a60e194fb", "timestamp": "2020-01-14T10:57:38.000Z", "eventType": "transaction", "_adobeamericaspot3": {"CRMID": "crmid:6354557042", "orderDetails": {"orderID": "orderid:995585", "reservationid": "PJR-OD64", "orderType": "mobile"}}}
{"_id": "e3c8d66e-53c8-11ea-8d35-b88a60e194fb", "timestamp": "2020-02-01T09:45:01.000Z", "eventType": "transaction", "_adobeamericaspot3": {"CRMID": "crmid:7394871458", "orderDetails": {"orderID": "orderid:505217", "reservationid": "4NK-IISK", "orderType": "website"}}}
{"_id": "e3caaf52-53c8-11ea-a30b-b88a60e194fb", "timestamp": "2019-12-05T00:41:38.000Z", "eventType": "transaction", "_adobeamericaspot3": {"CRMID": "crmid:9281420290", "orderDetails": {"orderID": "orderid:137379", "reservationid": "UI3-86YQ", "orderType": "website"}}}
{"_id": "e3caf6d0-53c8-11ea-8530-b88a60e194fb", "timestamp": "2019-12-11T00:00:00.000Z", "eventType": "transaction", "_adobeamericaspot3": {"CRMID": "crmid:9281420290", "orderDetails": {"orderID": "orderid:390424", "reservationid": "G8C-GP5L", "orderType": "website"}}}
{"_id": "e3cc7d5c-53c8-11ea-8e56-b88a60e194fb", "timestamp": "2020-01-22T03:55:50.000Z", "eventType": "transaction", "_adobeamericaspot3": {"CRMID": "crmid:6400985869", "orderDetails": {"orderID": "orderid:418809", "reservationid": "JLG-7RPB", "orderType": "website"}}}
{"_id": "e3ce521e-53c8-11ea-9e8f-b88a60e194fb", "timestamp": "2020-01-20T15:55:10.000Z", "eventType": "transaction", "_adobeamericaspot3": {"CRMID": "crmid:2219216928", "orderDetails": {"orderID": "orderid:736875", "reservationid": "IQZ-GQOW", "orderType": "mobile"}}}
{"_id": "e3d04e02-53c8-11ea-9c06-b88a60e194fb", "timestamp": "2020-01-03T23:32:53.000Z", "eventType": "transaction", "_adobeamericaspot3": {"CRMID": "crmid:5857971764", "orderDetails": {"orderID": "orderid:717305", "reservationid": "YEJ-9AKB", "orderType": "website"}}}
{"_id": "e3d1fba8-53c8-11ea-9235-b88a60e194fb", "timestamp": "2019-12-09T20:41:56.000Z", "eventType": "transaction", "_adobeamericaspot3": {"CRMID": "crmid:6618582325", "orderDetails": {"orderID": "orderid:614318", "reservationid": "H9J-QAFG", "orderType": "website"}}}
{"_id": "e3d35b28-53c8-11ea-927b-b88a60e194fb", "timestamp": "2019-12-23T01:05:34.000Z", "eventType": "transaction", "_adobeamericaspot3": {"CRMID": "crmid:6409141513", "orderDetails": {"orderID": "orderid:202249", "reservationid": "621-A1EQ", "orderType": "website"}}}
{"_id": "e3d4e1e6-53c8-11ea-ba39-b88a60e194fb", "timestamp": "2019-12-11T13:52:13.000Z", "eventType": "transaction", "_adobeamericaspot3": {"CRMID": "crmid:8248990699", "orderDetails": {"orderID": "orderid:662374", "reservationid": "T2W-SR4C", "orderType": "website"}}}
{"_id": "e3d61a88-53c8-11ea-aabf-b88a60e194fb", "timestamp": "2019-12-19T16:53:06.000Z", "eventType": "transaction", "_adobeamericaspot3": {"CRMID": "crmid:7129280939", "orderDetails": {"orderID": "orderid:608500", "reservationid": "6F9-PNIB", "orderType": "service desk"}}}
{"_id": "e3d779d8-53c8-11ea-9419-b88a60e194fb", "timestamp": "2019-12-17T01:47:24.000Z", "eventType": "transaction", "_adobeamericaspot3": {"CRMID": "crmid:3118732808", "orderDetails": {"orderID": "orderid:255936", "reservationid": "OR1-QUQZ", "orderType": "call center"}}}
{"_id": "e3d9279a-53c8-11ea-a58e-b88a60e194fb", "timestamp": "2020-01-02T04:25:53.000Z", "eventType": "transaction", "_adobeamericaspot3": {"CRMID": "crmid:9181794928", "orderDetails": {"orderID": "orderid:822281", "reservationid": "ZVB-05SX", "orderType": "website"}}}
{"_id": "e3da8714-53c8-11ea-b309-b88a60e194fb", "timestamp": "2019-12-01T06:18:30.000Z", "eventType": "transaction", "_adobeamericaspot3": {"CRMID": "crmid:5053983887", "orderDetails": {"orderID": "orderid:292551", "reservationid": "GCZ-NAQP", "orderType": "service desk"}}}
{"_id": "e3db991c-53c8-11ea-a719-b88a60e194fb", "timestamp": "2020-01-19T11:13:25.000Z", "eventType": "transaction", "_adobeamericaspot3": {"CRMID": "crmid:8433530042", "orderDetails": {"orderID": "orderid:771360", "reservationid": "RJO-2P80", "orderType": "call center"}}}
{"_id": "e3dca9f6-53c8-11ea-bf6b-b88a60e194fb", "timestamp": "2019-12-11T06:55:42.000Z", "eventType": "transaction", "_adobeamericaspot3": {"CRMID": "crmid:3096553592", "orderDetails": {"orderID": "orderid:876663", "reservationid": "TJ7-KIKX", "orderType": "mobile"}}}
{"_id": "e3dde2b6-53c8-11ea-9383-b88a60e194fb", "timestamp": "2019-12-14T03:40:34.000Z", "eventType": "transaction", "_adobeamericaspot3": {"CRMID": "crmid:7241250445", "orderDetails": {"orderID": "orderid:728435", "reservationid": "K6M-SLWG", "orderType": "mobile"}}}
{"_id": "e3df6934-53c8-11ea-92e2-b88a60e194fb", "timestamp": "2020-01-11T16:46:15.000Z", "eventType": "transaction", "_adobeamericaspot3": {"CRMID": "crmid:4337102708", "orderDetails": {"orderID": "orderid:277786", "reservationid": "DNE-EMJW", "orderType": "website"}}}
{"_id": "e3e0efba-53c8-11ea-940f-b88a60e194fb", "timestamp": "2020-02-06T06:48:31.000Z", "eventType": "transaction", "_adobeamericaspot3": {"CRMID": "crmid:6209842777", "orderDetails": {"orderID": "orderid:500115", "reservationid": "HA5-77L4", "orderType": "kiosk"}}}
{"_id": "e3e22834-53c8-11ea-9404-b88a60e194fb", "timestamp": "2020-01-07T16:01:00.000Z", "eventType": "transaction", "_adobeamericaspot3": {"CRMID": "crmid:9949083539", "orderDetails": {"orderID": "orderid:854718", "reservationid": "JYD-WC93", "orderType": "mobile"}}}
{"_id": "e3e360ca-53c8-11ea-b2cb-b88a60e194fb", "timestamp": "2019-12-22T04:12:06.000Z", "eventType": "transaction", "_adobeamericaspot3": {"CRMID": "crmid:5105821904", "orderDetails": {"orderID": "orderid:287893", "reservationid": "TDO-LJB4", "orderType": "website"}}}
{"_id": "e3e47224-53c8-11ea-bbea-b88a60e194fb", "timestamp": "2019-12-03T15:55:18.000Z", "eventType": "transaction", "_adobeamericaspot3": {"CRMID": "crmid:4618529824", "orderDetails": {"orderID": "orderid:194598", "reservationid": "VQG-CJH1", "orderType": "website"}}}
{"_id": "e3e583a8-53c8-11ea-8091-b88a60e194fb", "timestamp": "2020-01-23T08:24:33.000Z", "eventType": "transaction", "_adobeamericaspot3": {"CRMID": "crmid:9999113741", "orderDetails": {"orderID": "orderid:720520", "reservationid": "SQW-LGKG", "orderType": "website"}}}
{"_id": "e3e69508-53c8-11ea-8baa-b88a60e194fb", "timestamp": "2019-12-19T19:22:38.000Z", "eventType": "transaction", "_adobeamericaspot3": {"CRMID": "crmid:9761545453", "orderDetails": {"orderID": "orderid:328936", "reservationid": "QOP-DVUZ", "orderType": "kiosk"}}}
{"_id": "e3e7a694-53c8-11ea-9ecc-b88a60e194fb", "timestamp": "2019-12-01T19:27:37.000Z", "eventType": "transaction", "_adobeamericaspot3": {"CRMID": "crmid:3457289976", "orderDetails": {"orderID": "orderid:634738", "reservationid": "ECL-GLGR", "orderType": "call center"}}}
{"_id": "e3e8df00-53c8-11ea-bbea-b88a60e194fb", "timestamp": "2019-12-23T04:09:35.000Z", "eventType": "transaction", "_adobeamericaspot3": {"CRMID": "crmid:4272566791", "orderDetails": {"orderID": "orderid:883479", "reservationid": "KWI-Z9XH", "orderType": "website"}}}
{"_id": "e3e9f07e-53c8-11ea-8f98-b88a60e194fb", "timestamp": "2020-01-07T17:03:19.000Z", "eventType": "transaction", "_adobeamericaspot3": {"CRMID": "crmid:6637429658", "orderDetails": {"orderID": "orderid:727646", "reservationid": "NSB-UKOY", "orderType": "call center"}}}
{"_id": "e3eb771c-53c8-11ea-a34d-b88a60e194fb", "timestamp": "2019-12-12T19:43:47.000Z", "eventType": "transaction", "_adobeamericaspot3": {"CRMID": "crmid:3859108181", "orderDetails": {"orderID": "orderid:532064", "reservationid": "LTG-M5H4", "orderType": "service desk"}}}
{"_id": "e3ec8890-53c8-11ea-8099-b88a60e194fb", "timestamp": "2019-12-31T23:41:08.000Z", "eventType": "transaction", "_adobeamericaspot3": {"CRMID": "crmid:7828676254", "orderDetails": {"orderID": "orderid:451388", "reservationid": "1KQ-8BJH", "orderType": "website"}}}
{"_id": "e3ecaf94-53c8-11ea-a240-b88a60e194fb", "timestamp": "2020-01-06T00:00:00.000Z", "eventType": "transaction", "_adobeamericaspot3": {"CRMID": "crmid:7828676254", "orderDetails": {"orderID": "orderid:896582", "reservationid": "VEO-JAW0", "orderType": "website"}}}
{"_id": "e3edc0f6-53c8-11ea-989d-b88a60e194fb", "timestamp": "2019-12-09T23:58:49.000Z", "eventType": "transaction", "_adobeamericaspot3": {"CRMID": "crmid:7086520586", "orderDetails": {"orderID": "orderid:916108", "reservationid": "4ZO-U8U4", "orderType": "service desk"}}}
{"_id": "e3ef2082-53c8-11ea-8ae0-b88a60e194fb", "timestamp": "2020-01-21T00:24:52.000Z", "eventType": "transaction", "_adobeamericaspot3": {"CRMID": "crmid:2139356044", "orderDetails": {"orderID": "orderid:246144", "reservationid": "B7N-DCZL", "orderType": "call center"}}}
{"_id": "e3f05942-53c8-11ea-ac97-b88a60e194fb", "timestamp": "2019-12-21T11:11:13.000Z", "eventType": "transaction", "_adobeamericaspot3": {"CRMID": "crmid:6418373919", "orderDetails": {"orderID": "orderid:486831", "reservationid": "IVS-9XSS", "orderType": "service desk"}}}
{"_id": "e3f16aba-53c8-11ea-bd9c-b88a60e194fb", "timestamp": "2019-12-26T18:16:07.000Z", "eventType": "transaction", "_adobeamericaspot3": {"CRMID": "crmid:3486752928", "orderDetails": {"orderID": "orderid:193996", "reservationid": "5WJ-CSAD", "orderType": "website"}}}
{"_id": "e3f2a34c-53c8-11ea-ad5a-b88a60e194fb", "timestamp": "2020-01-01T05:03:40.000Z", "eventType": "transaction", "_adobeamericaspot3": {"CRMID": "crmid:7217352999", "orderDetails": {"orderID": "orderid:235938", "reservationid": "WNZ-FSI5", "orderType": "kiosk"}}}
{"_id": "e3f38d8a-53c8-11ea-8492-b88a60e194fb", "timestamp": "2020-02-11T09:32:04.000Z", "eventType": "transaction", "_adobeamericaspot3": {"CRMID": "crmid:6501471419", "orderDetails": {"orderID": "orderid:605380", "reservationid": "GEM-TPED", "orderType": "call center"}}}
{"_id": "e3f49ed8-53c8-11ea-b45f-b88a60e194fb", "timestamp": "2020-01-16T15:18:17.000Z", "eventType": "transaction", "_adobeamericaspot3": {"CRMID": "crmid:9749704751", "orderDetails": {"orderID": "orderid:911636", "reservationid": "JT2-JXLT", "orderType": "website"}}}
{"_id": "e3f5b034-53c8-11ea-835c-b88a60e194fb", "timestamp": "2019-12-26T16:54:00.000Z", "eventType": "transaction", "_adobeamericaspot3": {"CRMID": "crmid:3672024263", "orderDetails": {"orderID": "orderid:702359", "reservationid": "EQP-2ZA5", "orderType": "call center"}}}
{"_id": "e3f6c252-53c8-11ea-895b-b88a60e194fb", "timestamp": "2019-12-21T10:34:26.000Z", "eventType": "transaction", "_adobeamericaspot3": {"CRMID": "crmid:8244801289", "orderDetails": {"orderID": "orderid:672917", "reservationid": "LV6-WRRR", "orderType": "website"}}}
{"_id": "e3f84846-53c8-11ea-828d-b88a60e194fb", "timestamp": "2019-12-05T12:07:51.000Z", "eventType": "transaction", "_adobeamericaspot3": {"CRMID": "crmid:8781594388", "orderDetails": {"orderID": "orderid:905654", "reservationid": "EBN-TIGS", "orderType": "call center"}}}
{"_id": "e3f932a4-53c8-11ea-b4d7-b88a60e194fb", "timestamp": "2019-12-23T08:21:40.000Z", "eventType": "transaction", "_adobeamericaspot3": {"CRMID": "crmid:9983168603", "orderDetails": {"orderID": "orderid:934278", "reservationid": "FP7-P5EC", "orderType": "website"}}}
{"_id": "e3fa6b22-53c8-11ea-9e0b-b88a60e194fb", "timestamp": "2020-01-28T11:23:02.000Z", "eventType": "transaction", "_adobeamericaspot3": {"CRMID": "crmid:1570162391", "orderDetails": {"orderID": "orderid:723774", "reservationid": "EKD-AYJE", "orderType": "call center"}}}
{"_id": "e3fba424-53c8-11ea-912b-b88a60e194fb", "timestamp": "2020-01-19T14:00:27.000Z", "eventType": "transaction", "_adobeamericaspot3": {"CRMID": "crmid:2381497854", "orderDetails": {"orderID": "orderid:211690", "reservationid": "SZZ-DOYT", "orderType": "website"}}}
{"_id": "e3fc66f4-53c8-11ea-aec2-b88a60e194fb", "timestamp": "2019-12-08T15:29:14.000Z", "eventType": "transaction", "_adobeamericaspot3": {"CRMID": "crmid:7926232161", "orderDetails": {"orderID": "orderid:295687", "reservationid": "JAY-SOCN", "orderType": "kiosk"}}}
{"_id": "e3fd5158-53c8-11ea-a116-b88a60e194fb", "timestamp": "2020-02-06T15:41:24.000Z", "eventType": "transaction", "_adobeamericaspot3": {"CRMID": "crmid:2105069380", "orderDetails": {"orderID": "orderid:877915", "reservationid": "E7U-KAUA", "orderType": "kiosk"}}}
{"_id": "e3fe62da-53c8-11ea-904b-b88a60e194fb", "timestamp": "2019-12-26T16:57:36.000Z", "eventType": "transaction", "_adobeamericaspot3": {"CRMID": "crmid:4699363159", "orderDetails": {"orderID": "orderid:508573", "reservationid": "5LB-CMJB", "orderType": "call center"}}}
{"_id": "e3ff261a-53c8-11ea-b05e-b88a60e194fb", "timestamp": "2020-01-12T09:22:02.000Z", "eventType": "transaction", "_adobeamericaspot3": {"CRMID": "crmid:8484113392", "orderDetails": {"orderID": "orderid:392150", "reservationid": "JOD-FYKU", "orderType": "website"}}}
{"_id": "e40037be-53c8-11ea-97df-b88a60e194fb", "timestamp": "2019-12-01T05:39:41.000Z", "eventType": "transaction", "_adobeamericaspot3": {"CRMID": "crmid:6138462942", "orderDetails": {"orderID": "orderid:541385", "reservationid": "7OM-RAZK", "orderType": "call center"}}}
{"_id": "e40121fa-53c8-11ea-bdbe-b88a60e194fb", "timestamp": "2019-12-02T11:45:12.000Z", "eventType": "transaction", "_adobeamericaspot3": {"CRMID": "crmid:6809532552", "orderDetails": {"orderID": "orderid:220643", "reservationid": "XRY-VAH2", "orderType": "mobile"}}}
{"_id": "e4023370-53c8-11ea-b639-b88a60e194fb", "timestamp": "2020-01-04T16:22:06.000Z", "eventType": "transaction", "_adobeamericaspot3": {"CRMID": "crmid:8724063814", "orderDetails": {"orderID": "orderid:927790", "reservationid": "FSF-4WR6", "orderType": "website"}}}
{"_id": "e4031db6-53c8-11ea-ba68-b88a60e194fb", "timestamp": "2020-01-29T05:35:48.000Z", "eventType": "transaction", "_adobeamericaspot3": {"CRMID": "crmid:1827999771", "orderDetails": {"orderID": "orderid:367254", "reservationid": "HIL-8BNU", "orderType": "service desk"}}}
{"_id": "e4042f36-53c8-11ea-b9a4-b88a60e194fb", "timestamp": "2020-01-13T20:50:36.000Z", "eventType": "transaction", "_adobeamericaspot3": {"CRMID": "crmid:2554724220", "orderDetails": {"orderID": "orderid:517153", "reservationid": "COV-2JKJ", "orderType": "mobile"}}}
{"_id": "e4051986-53c8-11ea-938c-b88a60e194fb", "timestamp": "2020-01-25T13:17:04.000Z", "eventType": "transaction", "_adobeamericaspot3": {"CRMID": "crmid:7564652801", "orderDetails": {"orderID": "orderid:579617", "reservationid": "FUE-IHOV", "orderType": "kiosk"}}}
{"_id": "e405dcd4-53c8-11ea-a30c-b88a60e194fb", "timestamp": "2020-02-15T14:30:17.000Z", "eventType": "transaction", "_adobeamericaspot3": {"CRMID": "crmid:5678287801", "orderDetails": {"orderID": "orderid:655051", "reservationid": "S4A-JAMV", "orderType": "kiosk"}}}
{"_id": "e406c734-53c8-11ea-8be2-b88a60e194fb", "timestamp": "2020-01-21T14:13:52.000Z", "eventType": "transaction", "_adobeamericaspot3": {"CRMID": "crmid:7050469770", "orderDetails": {"orderID": "orderid:581598", "reservationid": "RR4-TPGP", "orderType": "website"}}}
{"_id": "e406ee46-53c8-11ea-a8ca-b88a60e194fb", "timestamp": "2020-01-28T00:00:00.000Z", "eventType": "transaction", "_adobeamericaspot3": {"CRMID": "crmid:7050469770", "orderDetails": {"orderID": "orderid:865414", "reservationid": "ROF-MECP", "orderType": "call center"}}}
{"_id": "e407d8a6-53c8-11ea-a42c-b88a60e194fb", "timestamp": "2019-12-04T00:16:07.000Z", "eventType": "transaction", "_adobeamericaspot3": {"CRMID": "crmid:1797966413", "orderDetails": {"orderID": "orderid:333606", "reservationid": "UY0-RPMX", "orderType": "kiosk"}}}
{"_id": "e407ffc0-53c8-11ea-a0e0-b88a60e194fb", "timestamp": "2019-12-08T00:00:00.000Z", "eventType": "transaction", "_adobeamericaspot3": {"CRMID": "crmid:1797966413", "orderDetails": {"orderID": "orderid:315674", "reservationid": "BOZ-BI7R", "orderType": "website"}}}
{"_id": "e408c306-53c8-11ea-bf33-b88a60e194fb", "timestamp": "2020-02-15T12:13:25.000Z", "eventType": "transaction", "_adobeamericaspot3": {"CRMID": "crmid:5049130848", "orderDetails": {"orderID": "orderid:502177", "reservationid": "RY1-PPTZ", "orderType": "website"}}}
{"_id": "e409ad5e-53c8-11ea-a35f-b88a60e194fb", "timestamp": "2020-01-27T06:44:28.000Z", "eventType": "transaction", "_adobeamericaspot3": {"CRMID": "crmid:3861883456", "orderDetails": {"orderID": "orderid:647482", "reservationid": "NHR-MN4H", "orderType": "website"}}}
{"_id": "e40abed2-53c8-11ea-8fe2-b88a60e194fb", "timestamp": "2020-02-01T22:23:35.000Z", "eventType": "transaction", "_adobeamericaspot3": {"CRMID": "crmid:9117785746", "orderDetails": {"orderID": "orderid:240332", "reservationid": "ENM-G5ZW", "orderType": "website"}}}
{"_id": "e40bd046-53c8-11ea-ab2e-b88a60e194fb", "timestamp": "2019-12-05T17:38:32.000Z", "eventType": "transaction", "_adobeamericaspot3": {"CRMID": "crmid:6613192814", "orderDetails": {"orderID": "orderid:585158", "reservationid": "FGU-HCXR", "orderType": "website"}}}
{"_id": "e40fa0da-53c8-11ea-8e53-b88a60e194fb", "timestamp": "2019-12-28T23:59:47.000Z", "eventType": "transaction", "_adobeamericaspot3": {"CRMID": "crmid:8953075624", "orderDetails": {"orderID": "orderid:555809", "reservationid": "YJG-YF00", "orderType": "kiosk"}}}
{"_id": "e4108b2e-53c8-11ea-94a5-b88a60e194fb", "timestamp": "2019-12-20T12:01:19.000Z", "eventType": "transaction", "_adobeamericaspot3": {"CRMID": "crmid:1754786801", "orderDetails": {"orderID": "orderid:956714", "reservationid": "MS8-AMPW", "orderType": "kiosk"}}}
{"_id": "e4117598-53c8-11ea-9384-b88a60e194fb", "timestamp": "2020-02-14T08:11:07.000Z", "eventType": "transaction", "_adobeamericaspot3": {"CRMID": "crmid:8537268086", "orderDetails": {"orderID": "orderid:313249", "reservationid": "HED-OSUM", "orderType": "call center"}}}
{"_id": "e4128724-53c8-11ea-818d-b88a60e194fb", "timestamp": "2020-01-09T04:01:30.000Z", "eventType": "transaction", "_adobeamericaspot3": {"CRMID": "crmid:5930117032", "orderDetails": {"orderID": "orderid:479409", "reservationid": "9PA-JI94", "orderType": "call center"}}}
{"_id": "e413bf86-53c8-11ea-8f7b-b88a60e194fb", "timestamp": "2019-12-07T08:55:09.000Z", "eventType": "transaction", "_adobeamericaspot3": {"CRMID": "crmid:7209577697", "orderDetails": {"orderID": "orderid:631407", "reservationid": "OMK-7GJU", "orderType": "mobile"}}}
{"_id": "e414d0f8-53c8-11ea-961f-b88a60e194fb", "timestamp": "2020-01-18T22:40:44.000Z", "eventType": "transaction", "_adobeamericaspot3": {"CRMID": "crmid:8613585640", "orderDetails": {"orderID": "orderid:664587", "reservationid": "ZBL-BM7A", "orderType": "website"}}}
{"_id": "e415bb7a-53c8-11ea-bf15-b88a60e194fb", "timestamp": "2020-02-09T06:17:26.000Z", "eventType": "transaction", "_adobeamericaspot3": {"CRMID": "crmid:7560776360", "orderDetails": {"orderID": "orderid:418730", "reservationid": "E3J-FPHB", "orderType": "website"}}}
{"_id": "e416a5f6-53c8-11ea-91b4-b88a60e194fb", "timestamp": "2020-01-22T19:12:54.000Z", "eventType": "transaction", "_adobeamericaspot3": {"CRMID": "crmid:1163594334", "orderDetails": {"orderID": "orderid:716864", "reservationid": "YVC-VFBF", "orderType": "kiosk"}}}
{"_id": "e4179014-53c8-11ea-8a18-b88a60e194fb", "timestamp": "2020-01-21T01:35:25.000Z", "eventType": "transaction", "_adobeamericaspot3": {"CRMID": "crmid:5630270536", "orderDetails": {"orderID": "orderid:327930", "reservationid": "XPY-ZKOR", "orderType": "kiosk"}}}
{"_id": "e418a1c0-53c8-11ea-b7aa-b88a60e194fb", "timestamp": "2019-12-14T13:18:44.000Z", "eventType": "transaction", "_adobeamericaspot3": {"CRMID": "crmid:2845882178", "orderDetails": {"orderID": "orderid:843686", "reservationid": "6VU-JBYA", "orderType": "website"}}}
{"_id": "e418c91a-53c8-11ea-8300-b88a60e194fb", "timestamp": "2019-12-19T00:00:00.000Z", "eventType": "transaction", "_adobeamericaspot3": {"CRMID": "crmid:2845882178", "orderDetails": {"orderID": "orderid:210472", "reservationid": "JHN-ZCJH", "orderType": "kiosk"}}}
{"_id": "e41a2824-53c8-11ea-9c17-b88a60e194fb", "timestamp": "2020-02-08T12:31:22.000Z", "eventType": "transaction", "_adobeamericaspot3": {"CRMID": "crmid:6130798658", "orderDetails": {"orderID": "orderid:260461", "reservationid": "DRO-HURK", "orderType": "kiosk"}}}
{"_id": "e41b3998-53c8-11ea-a0f8-b88a60e194fb", "timestamp": "2019-12-14T01:13:40.000Z", "eventType": "transaction", "_adobeamericaspot3": {"CRMID": "crmid:7161380708", "orderDetails": {"orderID": "orderid:453968", "reservationid": "VQT-KQGE", "orderType": "kiosk"}}}
{"_id": "e41b3999-53c8-11ea-8c68-b88a60e194fb", "timestamp": "2019-12-18T00:00:00.000Z", "eventType": "transaction", "_adobeamericaspot3": {"CRMID": "crmid:7161380708", "orderDetails": {"orderID": "orderid:358735", "reservationid": "GPL-1OPU", "orderType": "website"}}}
{"_id": "e41c4b62-53c8-11ea-ab8d-b88a60e194fb", "timestamp": "2020-02-08T04:00:56.000Z", "eventType": "transaction", "_adobeamericaspot3": {"CRMID": "crmid:1864045441", "orderDetails": {"orderID": "orderid:586335", "reservationid": "XWN-WVNN", "orderType": "call center"}}}
{"_id": "e41d83c0-53c8-11ea-a125-b88a60e194fb", "timestamp": "2019-12-06T13:06:07.000Z", "eventType": "transaction", "_adobeamericaspot3": {"CRMID": "crmid:3330427767", "orderDetails": {"orderID": "orderid:670822", "reservationid": "ULH-71EW", "orderType": "website"}}}
{"_id": "e41e6e2e-53c8-11ea-afa0-b88a60e194fb", "timestamp": "2019-12-17T19:10:21.000Z", "eventType": "transaction", "_adobeamericaspot3": {"CRMID": "crmid:1462152511", "orderDetails": {"orderID": "orderid:495698", "reservationid": "NVI-M45Y", "orderType": "website"}}}
{"_id": "e41f317a-53c8-11ea-9d0b-b88a60e194fb", "timestamp": "2019-12-15T17:21:54.000Z", "eventType": "transaction", "_adobeamericaspot3": {"CRMID": "crmid:3892239898", "orderDetails": {"orderID": "orderid:599609", "reservationid": "MUT-HU7V", "orderType": "call center"}}}
{"_id": "e4201bde-53c8-11ea-aa6f-b88a60e194fb", "timestamp": "2020-01-21T09:29:16.000Z", "eventType": "transaction", "_adobeamericaspot3": {"CRMID": "crmid:6937313040", "orderDetails": {"orderID": "orderid:857670", "reservationid": "3JK-PADO", "orderType": "mobile"}}}
{"_id": "e4212d24-53c8-11ea-bfe2-b88a60e194fb", "timestamp": "2020-01-05T02:19:36.000Z", "eventType": "transaction", "_adobeamericaspot3": {"CRMID": "crmid:1862307220", "orderDetails": {"orderID": "orderid:750199", "reservationid": "HUW-0SCE", "orderType": "service desk"}}}
{"_id": "e4223e80-53c8-11ea-851e-b88a60e194fb", "timestamp": "2020-02-02T20:24:59.000Z", "eventType": "transaction", "_adobeamericaspot3": {"CRMID": "crmid:2652674969", "orderDetails": {"orderID": "orderid:307294", "reservationid": "EHQ-IRND", "orderType": "service desk"}}}
{"_id": "e42328ee-53c8-11ea-9932-b88a60e194fb", "timestamp": "2019-12-16T22:49:42.000Z", "eventType": "transaction", "_adobeamericaspot3": {"CRMID": "crmid:1957864580", "orderDetails": {"orderID": "orderid:488073", "reservationid": "NKZ-Q6DX", "orderType": "website"}}}
{"_id": "e4243a40-53c8-11ea-a6a1-b88a60e194fb", "timestamp": "2019-12-03T21:45:05.000Z", "eventType": "transaction", "_adobeamericaspot3": {"CRMID": "crmid:8820678083", "orderDetails": {"orderID": "orderid:798152", "reservationid": "YEI-OUXP", "orderType": "website"}}}
{"_id": "e42599e2-53c8-11ea-909b-b88a60e194fb", "timestamp": "2019-12-27T21:14:28.000Z", "eventType": "transaction", "_adobeamericaspot3": {"CRMID": "crmid:5008719008", "orderDetails": {"orderID": "orderid:529210", "reservationid": "S0Q-KAHL", "orderType": "kiosk"}}}
{"_id": "e426ab46-53c8-11ea-9c46-b88a60e194fb", "timestamp": "2019-12-18T04:23:42.000Z", "eventType": "transaction", "_adobeamericaspot3": {"CRMID": "crmid:3708661328", "orderDetails": {"orderID": "orderid:460484", "reservationid": "XWL-AUL9", "orderType": "website"}}}
{"_id": "e427bcb8-53c8-11ea-9e7a-b88a60e194fb", "timestamp": "2020-02-13T05:21:36.000Z", "eventType": "transaction", "_adobeamericaspot3": {"CRMID": "crmid:6716984185", "orderDetails": {"orderID": "orderid:503440", "reservationid": "D5H-Y1BH", "orderType": "website"}}}
{"_id": "e428ce28-53c8-11ea-b7d0-b88a60e194fb", "timestamp": "2020-01-31T20:36:45.000Z", "eventType": "transaction", "_adobeamericaspot3": {"CRMID": "crmid:2245320106", "orderDetails": {"orderID": "orderid:954171", "reservationid": "NMT-PKHP", "orderType": "website"}}}
{"_id": "e429b886-53c8-11ea-91dc-b88a60e194fb", "timestamp": "2020-02-11T21:12:00.000Z", "eventType": "transaction", "_adobeamericaspot3": {"CRMID": "crmid:7874107294", "orderDetails": {"orderID": "orderid:433388", "reservationid": "11L-RHL2", "orderType": "kiosk"}}}
{"_id": "e42aa2e4-53c8-11ea-9e44-b88a60e194fb", "timestamp": "2019-12-08T01:20:28.000Z", "eventType": "transaction", "_adobeamericaspot3": {"CRMID": "crmid:7064742974", "orderDetails": {"orderID": "orderid:880843", "reservationid": "7MI-JGGF", "orderType": "kiosk"}}}
{"_id": "e42bdb62-53c8-11ea-8fe8-b88a60e194fb", "timestamp": "2019-12-30T12:00:48.000Z", "eventType": "transaction", "_adobeamericaspot3": {"CRMID": "crmid:2435357456", "orderDetails": {"orderID": "orderid:829361", "reservationid": "H9W-GYL4", "orderType": "kiosk"}}}
{"_id": "e42cece6-53c8-11ea-b321-b88a60e194fb", "timestamp": "2020-01-31T06:04:39.000Z", "eventType": "transaction", "_adobeamericaspot3": {"CRMID": "crmid:4133146354", "orderDetails": {"orderID": "orderid:590767", "reservationid": "HE1-BRVW", "orderType": "call center"}}}
{"_id": "e42d13f8-53c8-11ea-86a1-b88a60e194fb", "timestamp": "2020-02-04T00:00:00.000Z", "eventType": "transaction", "_adobeamericaspot3": {"CRMID": "crmid:4133146354", "orderDetails": {"orderID": "orderid:578494", "reservationid": "22W-NHBW", "orderType": "website"}}}
{"_id": "e42e2552-53c8-11ea-8877-b88a60e194fb", "timestamp": "2020-02-15T23:59:48.000Z", "eventType": "transaction", "_adobeamericaspot3": {"CRMID": "crmid:3470155576", "orderDetails": {"orderID": "orderid:350957", "reservationid": "TEX-5KFD", "orderType": "website"}}}
{"_id": "e42f0fb6-53c8-11ea-a70b-b88a60e194fb", "timestamp": "2020-01-02T13:46:28.000Z", "eventType": "transaction", "_adobeamericaspot3": {"CRMID": "crmid:3380162449", "orderDetails": {"orderID": "orderid:771249", "reservationid": "WIY-CFLN", "orderType": "website"}}}
{"_id": "e42f0fb7-53c8-11ea-9166-b88a60e194fb", "timestamp": "2020-01-06T00:00:00.000Z", "eventType": "transaction", "_adobeamericaspot3": {"CRMID": "crmid:3380162449", "orderDetails": {"orderID": "orderid:213296", "reservationid": "8GO-0BOH", "orderType": "call center"}}}
{"_id": "e430485e-53c8-11ea-b2df-b88a60e194fb", "timestamp": "2020-02-04T10:21:12.000Z", "eventType": "transaction", "_adobeamericaspot3": {"CRMID": "crmid:5889862495", "orderDetails": {"orderID": "orderid:609520", "reservationid": "E8A-TVQG", "orderType": "service desk"}}}
{"_id": "e431329a-53c8-11ea-a4c0-b88a60e194fb", "timestamp": "2020-02-09T16:02:45.000Z", "eventType": "transaction", "_adobeamericaspot3": {"CRMID": "crmid:2827523811", "orderDetails": {"orderID": "orderid:734131", "reservationid": "HDZ-EQGX", "orderType": "service desk"}}}
{"_id": "e4321d14-53c8-11ea-9c20-b88a60e194fb", "timestamp": "2020-01-20T02:21:41.000Z", "eventType": "transaction", "_adobeamericaspot3": {"CRMID": "crmid:1984565124", "orderDetails": {"orderID": "orderid:923468", "reservationid": "R0I-I9KJ", "orderType": "service desk"}}}
{"_id": "e4332e64-53c8-11ea-abe1-b88a60e194fb", "timestamp": "2019-12-05T06:13:44.000Z", "eventType": "transaction", "_adobeamericaspot3": {"CRMID": "crmid:3604480334", "orderDetails": {"orderID": "orderid:442991", "reservationid": "FLT-DJOW", "orderType": "kiosk"}}}
{"_id": "e434b528-53c8-11ea-8d08-b88a60e194fb", "timestamp": "2020-01-15T20:28:45.000Z", "eventType": "transaction", "_adobeamericaspot3": {"CRMID": "crmid:1939669356", "orderDetails": {"orderID": "orderid:752034", "reservationid": "R04-5BDE", "orderType": "kiosk"}}}
{"_id": "e43689cc-53c8-11ea-9eb3-b88a60e194fb", "timestamp": "2019-12-31T23:07:19.000Z", "eventType": "transaction", "_adobeamericaspot3": {"CRMID": "crmid:2750020505", "orderDetails": {"orderID": "orderid:809222", "reservationid": "JK9-SGEW", "orderType": "kiosk"}}}
{"_id": "e437c25c-53c8-11ea-adf9-b88a60e194fb", "timestamp": "2020-01-12T23:19:08.000Z", "eventType": "transaction", "_adobeamericaspot3": {"CRMID": "crmid:5926820255", "orderDetails": {"orderID": "orderid:839409", "reservationid": "HMD-WMKV", "orderType": "call center"}}}
{"_id": "e43885a8-53c8-11ea-8a78-b88a60e194fb", "timestamp": "2020-02-16T22:24:46.000Z", "eventType": "transaction", "_adobeamericaspot3": {"CRMID": "crmid:8818345968", "orderDetails": {"orderID": "orderid:668754", "reservationid": "TWO-VLQF", "orderType": "website"}}}
{"_id": "e439972e-53c8-11ea-915b-b88a60e194fb", "timestamp": "2019-12-28T05:13:34.000Z", "eventType": "transaction", "_adobeamericaspot3": {"CRMID": "crmid:1773101023", "orderDetails": {"orderID": "orderid:359507", "reservationid": "BM3-SUU5", "orderType": "service desk"}}}
{"_id": "e43a5a6c-53c8-11ea-aa58-b88a60e194fb", "timestamp": "2019-12-06T17:55:07.000Z", "eventType": "transaction", "_adobeamericaspot3": {"CRMID": "crmid:1500921294", "orderDetails": {"orderID": "orderid:466646", "reservationid": "WEA-VZLT", "orderType": "call center"}}}
{"_id": "e43b6bca-53c8-11ea-8272-b88a60e194fb", "timestamp": "2019-12-07T16:11:04.000Z", "eventType": "transaction", "_adobeamericaspot3": {"CRMID": "crmid:2566061068", "orderDetails": {"orderID": "orderid:208237", "reservationid": "62S-WM9F", "orderType": "website"}}}
{"_id": "e43ccb76-53c8-11ea-a35b-b88a60e194fb", "timestamp": "2019-12-17T02:03:26.000Z", "eventType": "transaction", "_adobeamericaspot3": {"CRMID": "crmid:3363817914", "orderDetails": {"orderID": "orderid:451744", "reservationid": "UAI-TN68", "orderType": "website"}}}
{"_id": "e43ddcca-53c8-11ea-b708-b88a60e194fb", "timestamp": "2019-12-26T13:02:35.000Z", "eventType": "transaction", "_adobeamericaspot3": {"CRMID": "crmid:4377775291", "orderDetails": {"orderID": "orderid:812351", "reservationid": "AKT-UQLV", "orderType": "call center"}}}
{"_id": "e43eee38-53c8-11ea-9772-b88a60e194fb", "timestamp": "2019-12-28T23:45:59.000Z", "eventType": "transaction", "_adobeamericaspot3": {"CRMID": "crmid:2368747688", "orderDetails": {"orderID": "orderid:789855", "reservationid": "SRJ-K7UR", "orderType": "website"}}}
{"_id": "e43fffac-53c8-11ea-87f9-b88a60e194fb", "timestamp": "2020-02-07T01:13:14.000Z", "eventType": "transaction", "_adobeamericaspot3": {"CRMID": "crmid:8705243352", "orderDetails": {"orderID": "orderid:689531", "reservationid": "TWN-DGTT", "orderType": "website"}}}
{"_id": "e4411124-53c8-11ea-898f-b88a60e194fb", "timestamp": "2019-12-14T18:57:16.000Z", "eventType": "transaction", "_adobeamericaspot3": {"CRMID": "crmid:3762788023", "orderDetails": {"orderID": "orderid:843053", "reservationid": "XPS-BX6V", "orderType": "kiosk"}}}
{"_id": "e442499e-53c8-11ea-8be9-b88a60e194fb", "timestamp": "2019-12-11T05:36:35.000Z", "eventType": "transaction", "_adobeamericaspot3": {"CRMID": "crmid:6987260950", "orderDetails": {"orderID": "orderid:336740", "reservationid": "U6C-BPHJ", "orderType": "call center"}}}
{"_id": "e4435b0a-53c8-11ea-9454-b88a60e194fb", "timestamp": "2019-12-05T00:20:51.000Z", "eventType": "transaction", "_adobeamericaspot3": {"CRMID": "crmid:2713529043", "orderDetails": {"orderID": "orderid:584538", "reservationid": "5TC-IYSB", "orderType": "kiosk"}}}
{"_id": "e4446c7a-53c8-11ea-9c85-b88a60e194fb", "timestamp": "2019-12-28T09:28:34.000Z", "eventType": "transaction", "_adobeamericaspot3": {"CRMID": "crmid:2275936714", "orderDetails": {"orderID": "orderid:749072", "reservationid": "ZVM-RXDC", "orderType": "website"}}}
{"_id": "e4457de8-53c8-11ea-8e49-b88a60e194fb", "timestamp": "2019-12-07T22:03:56.000Z", "eventType": "transaction", "_adobeamericaspot3": {"CRMID": "crmid:3161337657", "orderDetails": {"orderID": "orderid:940156", "reservationid": "XGT-YRUZ", "orderType": "mobile"}}}
{"_id": "e4468ff4-53c8-11ea-84cf-b88a60e194fb", "timestamp": "2019-12-03T13:15:53.000Z", "eventType": "transaction", "_adobeamericaspot3": {"CRMID": "crmid:8043183812", "orderDetails": {"orderID": "orderid:274529", "reservationid": "XXJ-PTTL", "orderType": "call center"}}}
{"_id": "e447eee4-53c8-11ea-a369-b88a60e194fb", "timestamp": "2020-01-17T07:24:32.000Z", "eventType": "transaction", "_adobeamericaspot3": {"CRMID": "crmid:2754446327", "orderDetails": {"orderID": "orderid:584739", "reservationid": "MTR-AVN4", "orderType": "call center"}}}
{"_id": "e4490062-53c8-11ea-a30c-b88a60e194fb", "timestamp": "2020-01-28T06:06:18.000Z", "eventType": "transaction", "_adobeamericaspot3": {"CRMID": "crmid:8452753890", "orderDetails": {"orderID": "orderid:866759", "reservationid": "FJR-GQIU", "orderType": "mobile"}}}
{"_id": "e44a38dc-53c8-11ea-ba15-b88a60e194fb", "timestamp": "2020-02-06T16:43:52.000Z", "eventType": "transaction", "_adobeamericaspot3": {"CRMID": "crmid:3998285942", "orderDetails": {"orderID": "orderid:471351", "reservationid": "8VL-YSFV", "orderType": "kiosk"}}}
{"_id": "e44b4a46-53c8-11ea-8e93-b88a60e194fb", "timestamp": "2020-02-02T12:33:33.000Z", "eventType": "transaction", "_adobeamericaspot3": {"CRMID": "crmid:5283746037", "orderDetails": {"orderID": "orderid:263063", "reservationid": "WI8-UQYH", "orderType": "service desk"}}}
{"_id": "e44c5bba-53c8-11ea-8403-b88a60e194fb", "timestamp": "2020-01-12T19:53:54.000Z", "eventType": "transaction", "_adobeamericaspot3": {"CRMID": "crmid:9018292693", "orderDetails": {"orderID": "orderid:458619", "reservationid": "2EH-D7OL", "orderType": "call center"}}}
{"_id": "e44d6db8-53c8-11ea-95a8-b88a60e194fb", "timestamp": "2020-01-31T20:16:04.000Z", "eventType": "transaction", "_adobeamericaspot3": {"CRMID": "crmid:2451963953", "orderDetails": {"orderID": "orderid:795790", "reservationid": "Z0V-NAIV", "orderType": "service desk"}}}
{"_id": "e44ea5c8-53c8-11ea-8412-b88a60e194fb", "timestamp": "2019-12-18T04:36:47.000Z", "eventType": "transaction", "_adobeamericaspot3": {"CRMID": "crmid:1291609300", "orderDetails": {"orderID": "orderid:568381", "reservationid": "OLA-INN1", "orderType": "call center"}}}
{"_id": "e44fde2c-53c8-11ea-aa6b-b88a60e194fb", "timestamp": "2020-01-26T08:10:47.000Z", "eventType": "transaction", "_adobeamericaspot3": {"CRMID": "crmid:1821817713", "orderDetails": {"orderID": "orderid:864014", "reservationid": "OKR-DWZU", "orderType": "call center"}}}
{"_id": "e450c888-53c8-11ea-b910-b88a60e194fb", "timestamp": "2020-01-29T15:55:57.000Z", "eventType": "transaction", "_adobeamericaspot3": {"CRMID": "crmid:2497453644", "orderDetails": {"orderID": "orderid:227140", "reservationid": "ZWC-HLSX", "orderType": "call center"}}}
{"_id": "e452010c-53c8-11ea-85a3-b88a60e194fb", "timestamp": "2020-02-05T22:56:30.000Z", "eventType": "transaction", "_adobeamericaspot3": {"CRMID": "crmid:1138528907", "orderDetails": {"orderID": "orderid:294315", "reservationid": "7DA-8STT", "orderType": "website"}}}
{"_id": "e4531276-53c8-11ea-b157-b88a60e194fb", "timestamp": "2019-12-23T02:39:48.000Z", "eventType": "transaction", "_adobeamericaspot3": {"CRMID": "crmid:5180839692", "orderDetails": {"orderID": "orderid:568995", "reservationid": "OFV-SZDG", "orderType": "website"}}}
{"_id": "e4547208-53c8-11ea-9efd-b88a60e194fb", "timestamp": "2020-02-06T13:31:17.000Z", "eventType": "transaction", "_adobeamericaspot3": {"CRMID": "crmid:1703495829", "orderDetails": {"orderID": "orderid:359190", "reservationid": "T1J-0OUH", "orderType": "mobile"}}}
{"_id": "e455837a-53c8-11ea-b807-b88a60e194fb", "timestamp": "2020-02-02T18:46:19.000Z", "eventType": "transaction", "_adobeamericaspot3": {"CRMID": "crmid:6304700813", "orderDetails": {"orderID": "orderid:628626", "reservationid": "G2F-GKCC", "orderType": "mobile"}}}
{"_id": "e45694e8-53c8-11ea-90e4-b88a60e194fb", "timestamp": "2019-12-26T12:31:14.000Z", "eventType": "transaction", "_adobeamericaspot3": {"CRMID": "crmid:6359357349", "orderDetails": {"orderID": "orderid:555458", "reservationid": "KTF-RZXP", "orderType": "service desk"}}}
{"_id": "e456bbf6-53c8-11ea-a249-b88a60e194fb", "timestamp": "2019-12-31T00:00:00.000Z", "eventType": "transaction", "_adobeamericaspot3": {"CRMID": "crmid:6359357349", "orderDetails": {"orderID": "orderid:390511", "reservationid": "WOX-VQRJ", "orderType": "website"}}}
{"_id": "e457cd6e-53c8-11ea-b92b-b88a60e194fb", "timestamp": "2019-12-06T20:01:05.000Z", "eventType": "transaction", "_adobeamericaspot3": {"CRMID": "crmid:1869630853", "orderDetails": {"orderID": "orderid:692109", "reservationid": "WJI-3DQX", "orderType": "kiosk"}}}
{"_id": "e458dedc-53c8-11ea-a8d1-b88a60e194fb", "timestamp": "2019-12-26T04:41:06.000Z", "eventType": "transaction", "_adobeamericaspot3": {"CRMID": "crmid:3219091180", "orderDetails": {"orderID": "orderid:518803", "reservationid": "PK3-AGQR", "orderType": "website"}}}
{"_id": "e459f04a-53c8-11ea-9202-b88a60e194fb", "timestamp": "2019-12-08T20:21:55.000Z", "eventType": "transaction", "_adobeamericaspot3": {"CRMID": "crmid:8122952756", "orderDetails": {"orderID": "orderid:446687", "reservationid": "NMP-M7WZ", "orderType": "website"}}}
{"_id": "e45b01ba-53c8-11ea-847d-b88a60e194fb", "timestamp": "2020-01-16T05:10:26.000Z", "eventType": "transaction", "_adobeamericaspot3": {"CRMID": "crmid:4350084700", "orderDetails": {"orderID": "orderid:616629", "reservationid": "3DB-MVXW", "orderType": "call center"}}}
{"_id": "e45c1328-53c8-11ea-b0b2-b88a60e194fb", "timestamp": "2019-12-29T08:39:53.000Z", "eventType": "transaction", "_adobeamericaspot3": {"CRMID": "crmid:4037638647", "orderDetails": {"orderID": "orderid:893066", "reservationid": "CPQ-B0MB", "orderType": "mobile"}}}
{"_id": "e45c3a3a-53c8-11ea-be2d-b88a60e194fb", "timestamp": "2020-01-03T00:00:00.000Z", "eventType": "transaction", "_adobeamericaspot3": {"CRMID": "crmid:4037638647", "orderDetails": {"orderID": "orderid:152541", "reservationid": "LPT-L7W2", "orderType": "website"}}}
{"_id": "e45c619c-53c8-11ea-9f12-b88a60e194fb", "timestamp": "2020-01-09T00:00:00.000Z", "eventType": "transaction", "_adobeamericaspot3": {"CRMID": "crmid:4037638647", "orderDetails": {"orderID": "orderid:675528", "reservationid": "QD6-5QKG", "orderType": "call center"}}}
{"_id": "e45d72d2-53c8-11ea-b72f-b88a60e194fb", "timestamp": "2020-01-28T01:47:09.000Z", "eventType": "transaction", "_adobeamericaspot3": {"CRMID": "crmid:1652220653", "orderDetails": {"orderID": "orderid:861963", "reservationid": "MT3-MWHC", "orderType": "mobile"}}}
{"_id": "e45e8430-53c8-11ea-a439-b88a60e194fb", "timestamp": "2020-01-19T12:27:00.000Z", "eventType": "transaction", "_adobeamericaspot3": {"CRMID": "crmid:5647865817", "orderDetails": {"orderID": "orderid:613138", "reservationid": "J5L-I7HI", "orderType": "kiosk"}}}
{"_id": "e45fe3ba-53c8-11ea-a1bf-b88a60e194fb", "timestamp": "2020-02-13T20:16:16.000Z", "eventType": "transaction", "_adobeamericaspot3": {"CRMID": "crmid:5001263160", "orderDetails": {"orderID": "orderid:277575", "reservationid": "BAC-C64O", "orderType": "website"}}}
{"_id": "e4616a88-53c8-11ea-addf-b88a60e194fb", "timestamp": "2019-12-24T06:14:17.000Z", "eventType": "transaction", "_adobeamericaspot3": {"CRMID": "crmid:3122840103", "orderDetails": {"orderID": "orderid:758200", "reservationid": "AOR-H8HO", "orderType": "website"}}}
{"_id": "e462a2ee-53c8-11ea-8e1d-b88a60e194fb", "timestamp": "2019-12-14T15:58:14.000Z", "eventType": "transaction", "_adobeamericaspot3": {"CRMID": "crmid:6392976656", "orderDetails": {"orderID": "orderid:656937", "reservationid": "RDN-VDYM", "orderType": "website"}}}
{"_id": "e463662e-53c8-11ea-b968-b88a60e194fb", "timestamp": "2020-02-16T17:41:40.000Z", "eventType": "transaction", "_adobeamericaspot3": {"CRMID": "crmid:5372381720", "orderDetails": {"orderID": "orderid:880826", "reservationid": "9EK-2WKV", "orderType": "kiosk"}}}
{"_id": "e464779a-53c8-11ea-9877-b88a60e194fb", "timestamp": "2020-02-07T07:31:39.000Z", "eventType": "transaction", "_adobeamericaspot3": {"CRMID": "crmid:1444352905", "orderDetails": {"orderID": "orderid:222994", "reservationid": "0PK-HL4G", "orderType": "kiosk"}}}
{"_id": "e465890a-53c8-11ea-b890-b88a60e194fb", "timestamp": "2019-12-12T18:12:05.000Z", "eventType": "transaction", "_adobeamericaspot3": {"CRMID": "crmid:7498968778", "orderDetails": {"orderID": "orderid:152061", "reservationid": "LVR-Z5UE", "orderType": "kiosk"}}}
{"_id": "e466c18a-53c8-11ea-abe4-b88a60e194fb", "timestamp": "2020-01-28T05:49:43.000Z", "eventType": "transaction", "_adobeamericaspot3": {"CRMID": "crmid:3476931583", "orderDetails": {"orderID": "orderid:601242", "reservationid": "NXN-KIL7", "orderType": "website"}}}
{"_id": "e4682128-53c8-11ea-bc98-b88a60e194fb", "timestamp": "2020-01-17T16:14:31.000Z", "eventType": "transaction", "_adobeamericaspot3": {"CRMID": "crmid:9804593702", "orderDetails": {"orderID": "orderid:701837", "reservationid": "Y9N-ZFOM", "orderType": "call center"}}}
{"_id": "e46980c8-53c8-11ea-b935-b88a60e194fb", "timestamp": "2020-02-10T00:57:58.000Z", "eventType": "transaction", "_adobeamericaspot3": {"CRMID": "crmid:2370735788", "orderDetails": {"orderID": "orderid:359123", "reservationid": "MX7-TH7U", "orderType": "website"}}}
