id,reservationid,orderid,crmid,timestamp,orderType,productsku,hotelCheckInUnix,hotelCheckOutUnix,hotelCheckInTS,hotelCheckOutTS,hotelName,hotelChain,hotelLocation,hotelRoomType,hotelRoomCount,hotelGuestAdultCount,hotelGuestChildCount,hotelNightCount,hotelRoomPrice,hotelFinalPrice
a1a9dd6e-53cb-11ea-8d2e-b88a60e194fb,VSL-AE9D,orderid:867024,crmid:2675707095,2020-02-13T21:22:50.000Z,website,prd1172,1583529770,1584220970,2020-03-06T21:22:50+00:00,2020-03-14T21:22:50+00:00,Aspen Heights: Mesa,Aspen Heights,Mesa,standard,1,1,0,8,135.0,1080.0
a1aaeeec-53cb-11ea-aa6c-b88a60e194fb,XZ7-ZG0U,orderid:699725,crmid:7957674880,2020-01-20T14:33:07.000Z,mobile,prd1041,1581431587,1582036387,2020-02-11T14:33:07+00:00,2020-02-18T14:33:07+00:00,Sapphire Suites: Long Beach,Sapphire Suites,Long Beach,standard,1,1,0,7,79.41,555.87
a1abd946-53cb-11ea-872b-b88a60e194fb,4NH-P3X8,orderid:655994,crmid:5984484670,2020-01-20T11:41:27.000Z,mobile,prd1178,1581162087,1581853287,2020-02-08T11:41:27+00:00,2020-02-16T11:41:27+00:00,Blue Reef Resort: Colorado Springs,Blue Reef Resort,Colorado Springs,standard,1,1,0,8,182.63,1461.04
a1acc3b6-53cb-11ea-9b3f-b88a60e194fb,V26-7KKT,orderid:506453,crmid:6683994918,2019-12-06T15:14:28.000Z,website,prd1009,1575818068,1575990868,2019-12-08T15:14:28+00:00,2019-12-10T15:14:28+00:00,Admiralty Plaza: San Antonio,Admiralty Plaza,San Antonio,luxury,1,1,0,2,337.02,674.04
a1ad8746-53cb-11ea-9e27-b88a60e194fb,ETD-OWPY,orderid:234634,crmid:1029982497,2019-12-06T07:00:16.000Z,website,prd1148,1577516416,1578121216,2019-12-28T07:00:16+00:00,2020-01-04T07:00:16+00:00,Aspen Heights: Jacksonville,Aspen Heights,Jacksonville,premium,1,1,0,7,144.04,1008.28
a1ae718c-53cb-11ea-b1f1-b88a60e194fb,IUW-YA5S,orderid:998939,crmid:7289620668,2020-01-19T01:35:35.000Z,website,prd1069,1581730535,1582335335,2020-02-15T01:35:35+00:00,2020-02-22T01:35:35+00:00,Admiralty Plaza: Singapore,Admiralty Plaza,Singapore,premium,1,1,2,7,142.97,1000.79
a1af34b6-53cb-11ea-ae5f-b88a60e194fb,KOK-QW18,orderid:879421,crmid:8163965289,2019-12-26T19:54:18.000Z,call center,prd1087,1577822058,1578167658,2019-12-31T19:54:18+00:00,2020-01-04T19:54:18+00:00,Family Fun Hotels: Kolkata,Family Fun Hotels,Kolkata,standard,1,1,0,4,126.27,505.08
a1b01f2c-53cb-11ea-8217-b88a60e194fb,X2J-0SV7,orderid:385316,crmid:2699946098,2020-02-04T17:20:59.000Z,call center,prd1197,1580923259,1581009659,2020-02-05T17:20:59+00:00,2020-02-06T17:20:59+00:00,Sapphire Suites: London,Sapphire Suites,London,premium,1,1,0,1,134.58,134.58
a1b044ae-53cb-11ea-9dee-b88a60e194fb,HYT-YDWJ,orderid:161872,crmid:2699946098,2020-02-08T00:00:00.000Z,call center,prd1105,1581292800,1581465600,2020-02-10T00:00:00+00:00,2020-02-12T00:00:00+00:00,Admiralty Plaza: Barcelona,Admiralty Plaza,Barcelona,standard,1,1,0,2,133.04,266.08
a1b1095c-53cb-11ea-ae69-b88a60e194fb,TVW-0RH8,orderid:665346,crmid:5690902641,2019-12-03T01:22:42.000Z,kiosk,prd1057,1575595362,1576891362,2019-12-06T01:22:42+00:00,2019-12-21T01:22:42+00:00,Admiralty Plaza: Mumbai,Admiralty Plaza,Mumbai,standard,1,1,3,15,151.68,2275.2
a1b1f25e-53cb-11ea-96ac-b88a60e194fb,DFQ-BJWL,orderid:461990,crmid:2050944304,2020-02-07T19:29:32.000Z,website,prd1050,1581190172,1581535772,2020-02-08T19:29:32+00:00,2020-02-12T19:29:32+00:00,Restful Nights: Arlington,Restful Nights,Arlington,standard,1,1,0,4,130.0,520.0
a1b30536-53cb-11ea-a79a-b88a60e194fb,QGW-03QJ,orderid:965935,crmid:1894251999,2020-01-05T11:56:36.000Z,kiosk,prd1022,1580644596,1581162996,2020-02-02T11:56:36+00:00,2020-02-08T11:56:36+00:00,Blue Reef Resort: Washington DC,Blue Reef Resort,Washington DC,standard,1,1,0,6,127.62,765.72
a1b3a18a-53cb-11ea-836d-b88a60e194fb,V6L-RPBE,orderid:752223,crmid:5838517882,2020-01-13T14:43:21.000Z,kiosk,prd1179,1580395401,1580741001,2020-01-30T14:43:21+00:00,2020-02-03T14:43:21+00:00,Hospitality Inn: Miami,Hospitality Inn,Miami,standard,1,1,0,4,126.4,505.6
a1b464e2-53cb-11ea-980a-b88a60e194fb,W9L-RRH9,orderid:593154,crmid:3134268611,2020-01-26T08:52:15.000Z,website,prd1088,1581929535,1582275135,2020-02-17T08:52:15+00:00,2020-02-21T08:52:15+00:00,Aspen Heights: Ankara,Aspen Heights,Ankara,premium,1,1,0,4,157.09,628.36
a1b5c492-53cb-11ea-a5b7-b88a60e194fb,PPQ-1H0S,orderid:161588,crmid:1949015244,2020-02-16T02:00:00.000Z,kiosk,prd1107,1582596000,1582941600,2020-02-25T02:00:00+00:00,2020-02-29T02:00:00+00:00,Hospitality Inn: Kharkiv,Hospitality Inn,Kharkiv,standard,1,1,0,4,154.37,617.48
a1b66094-53cb-11ea-9573-b88a60e194fb,ZVA-BECK,orderid:908942,crmid:8215585078,2019-12-30T15:04:52.000Z,website,prd1136,1577804692,1578063892,2019-12-31T15:04:52+00:00,2020-01-03T15:04:52+00:00,Aspen Heights: Osaka,Aspen Heights,Osaka,ultra-luxury,1,1,0,3,257.03,771.09
a1b74afe-53cb-11ea-9b8e-b88a60e194fb,0QX-POPV,orderid:274823,crmid:3057004970,2019-12-15T22:05:50.000Z,kiosk,prd1004,1578693950,1579125950,2020-01-10T22:05:50+00:00,2020-01-15T22:05:50+00:00,Aspen Heights: Boulder,Aspen Heights,Boulder,standard,1,1,0,5,132.55,662.75
a1b7e73e-53cb-11ea-8de2-b88a60e194fb,JDW-UJTN,orderid:459325,crmid:4925035505,2019-12-07T22:53:31.000Z,call center,prd1057,1577228011,1578610411,2019-12-24T22:53:31+00:00,2020-01-09T22:53:31+00:00,Admiralty Plaza: Mumbai,Admiralty Plaza,Mumbai,standard,1,1,0,16,176.43,2822.88
a1b8aac6-53cb-11ea-b329-b88a60e194fb,XGM-D6XL,orderid:174190,crmid:8995145139,2020-01-12T15:05:55.000Z,website,prd1191,1581087955,1581779155,2020-02-07T15:05:55+00:00,2020-02-15T15:05:55+00:00,Hospitality Inn: Mumbai,Hospitality Inn,Mumbai,premium,1,1,0,8,201.44,1611.52
a1b9939a-53cb-11ea-9913-b88a60e194fb,FVF-DROU,orderid:530868,crmid:6854902492,2020-02-16T00:57:45.000Z,kiosk,prd1058,1581901065,1581987465,2020-02-17T00:57:45+00:00,2020-02-18T00:57:45+00:00,Blue Reef Resort: Delhi,Blue Reef Resort,Delhi,presidential-suite,1,1,0,1,897.28,897.28
a1b9baa2-53cb-11ea-9baf-b88a60e194fb,VI8-NTG3,orderid:644237,crmid:6854902492,2020-02-20T00:00:00.000Z,website,prd1176,1582243200,1582329600,2020-02-21T00:00:00+00:00,2020-02-22T00:00:00+00:00,Repose Resort: Omaha,Repose Resort,Omaha,standard,1,1,0,1,163.02,163.02
a1bacd74-53cb-11ea-9214-b88a60e194fb,LJQ-S5O5,orderid:421344,crmid:2213374733,2020-01-11T08:30:30.000Z,call center,prd1029,1578817830,1578904230,2020-01-12T08:30:30+00:00,2020-01-13T08:30:30+00:00,Sapphire Suites: Oklahoma City,Sapphire Suites,Oklahoma City,standard,1,1,0,1,143.01,143.01
a1bbb7dc-53cb-11ea-9cec-b88a60e194fb,BWH-PA2E,orderid:166167,crmid:9359269839,2020-01-12T18:48:21.000Z,kiosk,prd1052,1580755701,1582224501,2020-02-03T18:48:21+00:00,2020-02-20T18:48:21+00:00,Aspen Heights: Wichita,Aspen Heights,Wichita,standard,1,1,4,17,119.5,2031.5
a1bc7ad8-53cb-11ea-bde1-b88a60e194fb,R5G-U56R,orderid:250274,crmid:2703305333,2019-12-18T09:22:04.000Z,website,prd1022,1578734524,1579252924,2020-01-11T09:22:04+00:00,2020-01-17T09:22:04+00:00,Blue Reef Resort: Washington DC,Blue Reef Resort,Washington DC,standard,1,1,0,6,128.18,769.08
a1bd3e66-53cb-11ea-b99e-b88a60e194fb,OPQ-QGJ9,orderid:414708,crmid:1595161077,2019-12-13T22:05:51.000Z,call center,prd1051,1578434751,1578866751,2020-01-07T22:05:51+00:00,2020-01-12T22:05:51+00:00,Family Fun Hotels: New Orleans,Family Fun Hotels,New Orleans,standard,1,1,0,5,123.82,619.1
a1be28f0-53cb-11ea-b1e9-b88a60e194fb,AYY-P7EO,orderid:884453,crmid:7544993371,2020-01-18T04:56:20.000Z,kiosk,prd1035,1580878580,1581137780,2020-02-05T04:56:20+00:00,2020-02-08T04:56:20+00:00,Hospitality Inn: Tucson,Hospitality Inn,Tucson,premium,1,1,0,3,91.4,274.2
a1bf12a6-53cb-11ea-af50-b88a60e194fb,5XQ-JC6Z,orderid:857906,crmid:4283519570,2020-02-15T08:06:34.000Z,website,prd1190,1581926794,1582185994,2020-02-17T08:06:34+00:00,2020-02-20T08:06:34+00:00,Blue Reef Resort: Aurora,Blue Reef Resort,Aurora,premium,1,1,0,3,154.73,464.19
a1c02338-53cb-11ea-b1b3-b88a60e194fb,W1F-RNEI,orderid:649571,crmid:8569919769,2020-02-16T09:28:09.000Z,call center,prd1064,1581931689,1582104489,2020-02-17T09:28:09+00:00,2020-02-19T09:28:09+00:00,Aspen Heights: Paris,Aspen Heights,Paris,standard,1,1,0,2,159.01,318.02
a1c10d9a-53cb-11ea-9c5d-b88a60e194fb,BD6-NGSX,orderid:743874,crmid:2616264684,2020-01-02T05:39:20.000Z,website,prd1046,1580362760,1580708360,2020-01-30T05:39:20+00:00,2020-02-03T05:39:20+00:00,Blue Reef Resort: Virginia Beach,Blue Reef Resort,Virginia Beach,standard,1,1,0,4,91.27,365.08
a1c1d24a-53cb-11ea-992d-b88a60e194fb,H3U-RZT1,orderid:539349,crmid:6487939875,2020-02-12T09:54:13.000Z,call center,prd1064,1583229253,1583574853,2020-03-03T09:54:13+00:00,2020-03-07T09:54:13+00:00,Aspen Heights: Paris,Aspen Heights,Paris,standard,1,1,0,4,132.09,528.36
a1c2bcb0-53cb-11ea-99a0-b88a60e194fb,2AG-JDFH,orderid:820012,crmid:5706222184,2020-01-02T03:03:11.000Z,website,prd1195,1580007791,1581476591,2020-01-26T03:03:11+00:00,2020-02-12T03:03:11+00:00,Family Fun Hotels: Lahore,Family Fun Hotels,Lahore,standard,1,1,1,17,165.06,2806.02
a1c358ca-53cb-11ea-8bff-b88a60e194fb,2EK-ZJOO,orderid:164245,crmid:3409185892,2020-02-05T19:37:59.000Z,website,prd1145,1581017879,1582659479,2020-02-06T19:37:59+00:00,2020-02-25T19:37:59+00:00,Grandeur Hotels: Dallas,Grandeur Hotels,Dallas,luxury,1,1,0,19,365.39,6942.41
a1c44350-53cb-11ea-9462-b88a60e194fb,PFW-XJBF,orderid:458102,crmid:9244075389,2019-12-15T21:53:21.000Z,kiosk,prd1107,1578347601,1578866001,2020-01-06T21:53:21+00:00,2020-01-12T21:53:21+00:00,Hospitality Inn: Kharkiv,Hospitality Inn,Kharkiv,standard,1,1,1,6,119.44,716.64
a1c554be-53cb-11ea-bdc9-b88a60e194fb,VLY-ZD6W,orderid:214967,crmid:3715998041,2020-02-02T02:53:39.000Z,website,prd1129,1583031219,1583636019,2020-03-01T02:53:39+00:00,2020-03-08T02:53:39+00:00,Admiralty Plaza: Helsinki,Admiralty Plaza,Helsinki,standard,1,1,1,7,116.81,817.67
a1c6181c-53cb-11ea-98ac-b88a60e194fb,TN7-YZ4V,orderid:479476,crmid:5779226347,2020-01-01T08:20:00.000Z,service desk,prd1155,1579854000,1580372400,2020-01-24T08:20:00+00:00,2020-01-30T08:20:00+00:00,Hospitality Inn: Denver,Hospitality Inn,Denver,standard,1,1,0,6,149.16,894.96
a1c6db58-53cb-11ea-9573-b88a60e194fb,FAF-MYRZ,orderid:272791,crmid:6623991464,2020-01-06T13:41:22.000Z,website,prd1088,1580564482,1581601282,2020-02-01T13:41:22+00:00,2020-02-13T13:41:22+00:00,Aspen Heights: Ankara,Aspen Heights,Ankara,standard,1,1,0,12,156.94,1883.28
a1c7ec14-53cb-11ea-b93b-b88a60e194fb,NXP-NHPZ,orderid:811757,crmid:9120283791,2019-12-16T16:50:57.000Z,kiosk,prd1121,1576601457,1576687857,2019-12-17T16:50:57+00:00,2019-12-18T16:50:57+00:00,Grandeur Hotels: Stockholm,Grandeur Hotels,Stockholm,premium,1,1,0,1,127.35,127.35
a1c813d8-53cb-11ea-822f-b88a60e194fb,XTG-EWRL,orderid:775549,crmid:9120283791,2019-12-20T00:00:00.000Z,website,prd1125,1576886400,1577059200,2019-12-21T00:00:00+00:00,2019-12-23T00:00:00+00:00,Sapphire Suites: Palermo,Sapphire Suites,Palermo,standard,1,1,0,2,150.15,300.3
a1c8d728-53cb-11ea-95d8-b88a60e194fb,N7B-3BDL,orderid:271336,crmid:5172686635,2020-01-27T05:34:07.000Z,service desk,prd1169,1580448847,1580708047,2020-01-31T05:34:07+00:00,2020-02-03T05:34:07+00:00,Grandeur Hotels: Tucson,Grandeur Hotels,Tucson,standard,1,1,0,3,127.56,382.68
a1c9991e-53cb-11ea-bdb2-b88a60e194fb,UFH-WA9I,orderid:759311,crmid:9057663179,2020-01-25T12:45:50.000Z,website,prd1173,1580215550,1580561150,2020-01-28T12:45:50+00:00,2020-02-01T12:45:50+00:00,Sapphire Suites: Kansas City,Sapphire Suites,Kansas City,premium,1,1,0,4,148.81,595.24
a1ca83f4-53cb-11ea-974e-b88a60e194fb,5DD-SN7A,orderid:938369,crmid:4387664326,2019-12-11T23:16:57.000Z,website,prd1076,1576279017,1576365417,2019-12-13T23:16:57+00:00,2019-12-14T23:16:57+00:00,Aspen Heights: Bogota,Aspen Heights,Bogota,standard,1,1,0,1,144.88,144.88
a1cb6f4c-53cb-11ea-971b-b88a60e194fb,O9Q-OBPY,orderid:168361,crmid:1236346157,2019-12-13T10:48:06.000Z,service desk,prd1136,1576666086,1577098086,2019-12-18T10:48:06+00:00,2019-12-23T10:48:06+00:00,Aspen Heights: Osaka,Aspen Heights,Osaka,standard,1,1,0,5,148.92,744.6
a1cc328c-53cb-11ea-b1a7-b88a60e194fb,PM8-OF0M,orderid:690076,crmid:3798859550,2019-12-13T06:42:03.000Z,mobile,prd1103,1576305723,1576392123,2019-12-14T06:42:03+00:00,2019-12-15T06:42:03+00:00,Nesting Box Inn: Hamburg,Nesting Box Inn,Hamburg,premium,1,1,0,1,150.91,150.91
a1cd431e-53cb-11ea-8c4a-b88a60e194fb,H7S-AM8F,orderid:580974,crmid:2224939599,2020-01-25T23:49:11.000Z,call center,prd1172,1580082551,1580600951,2020-01-26T23:49:11+00:00,2020-02-01T23:49:11+00:00,Aspen Heights: Mesa,Aspen Heights,Mesa,premium,1,1,0,6,98.22,589.32
a1ce2e62-53cb-11ea-ab3f-b88a60e194fb,FGE-JVDU,orderid:221285,crmid:9216556824,2020-02-16T05:19:19.000Z,mobile,prd1106,1581916759,1582175959,2020-02-17T05:19:19+00:00,2020-02-20T05:19:19+00:00,Blue Reef Resort: Munich,Blue Reef Resort,Munich,standard,1,1,0,3,144.09,432.27
a1cf178c-53cb-11ea-b639-b88a60e194fb,TWN-OCRO,orderid:182471,crmid:2144850428,2019-12-15T04:41:37.000Z,website,prd1035,1576903297,1576989697,2019-12-21T04:41:37+00:00,2019-12-22T04:41:37+00:00,Hospitality Inn: Tucson,Hospitality Inn,Tucson,standard,1,1,0,1,148.87,148.87
a1d028f4-53cb-11ea-8ef4-b88a60e194fb,AOD-TGNK,orderid:839962,crmid:2800529827,2019-12-30T10:39:31.000Z,mobile,prd1129,1577788771,1577875171,2019-12-31T10:39:31+00:00,2020-01-01T10:39:31+00:00,Admiralty Plaza: Helsinki,Admiralty Plaza,Helsinki,standard,1,1,0,1,114.46,114.46
a1d1136c-53cb-11ea-9132-b88a60e194fb,STT-C4TJ,orderid:761044,crmid:4546411471,2020-01-24T04:29:35.000Z,service desk,prd1034,1581568175,1582259375,2020-02-13T04:29:35+00:00,2020-02-21T04:29:35+00:00,Blue Reef Resort: Albuquerque,Blue Reef Resort,Albuquerque,premium,1,1,0,8,132.85,1062.8
a1d1fdb6-53cb-11ea-a081-b88a60e194fb,NOZ-DPQZ,orderid:752303,crmid:5368998902,2019-12-01T21:19:56.000Z,website,prd1194,1577654396,1578431996,2019-12-29T21:19:56+00:00,2020-01-07T21:19:56+00:00,Restful Nights: Tianjin,Restful Nights,Tianjin,standard,1,1,4,9,180.32,1622.88
a1d2c102-53cb-11ea-8361-b88a60e194fb,JUH-V4IC,orderid:525206,crmid:1300170929,2020-02-14T08:17:21.000Z,website,prd1038,1581927441,1582100241,2020-02-17T08:17:21+00:00,2020-02-19T08:17:21+00:00,Restful Nights: Mesa,Restful Nights,Mesa,premium,1,1,0,2,110.36,220.72
a1d3ab5e-53cb-11ea-a5f4-b88a60e194fb,4YZ-TVBC,orderid:223840,crmid:6185124452,2019-12-09T21:30:57.000Z,mobile,prd1007,1577309457,1577482257,2019-12-25T21:30:57+00:00,2019-12-27T21:30:57+00:00,Nesting Box Inn: Phoenix,Nesting Box Inn,Phoenix,premium,1,1,0,2,128.63,257.26
a1d495cc-53cb-11ea-a6d5-b88a60e194fb,07W-IMWT,orderid:556670,crmid:5397280547,2020-01-26T07:09:43.000Z,mobile,prd1140,1581059383,1582268983,2020-02-07T07:09:43+00:00,2020-02-21T07:09:43+00:00,Repose Resort: Kano,Repose Resort,Kano,standard,1,1,0,14,160.55,2247.7
a1d55918-53cb-11ea-9ec9-b88a60e194fb,SDV-O3WF,orderid:433677,crmid:1486199969,2020-01-11T08:15:49.000Z,call center,prd1103,1578816949,1578903349,2020-01-12T08:15:49+00:00,2020-01-13T08:15:49+00:00,Nesting Box Inn: Hamburg,Nesting Box Inn,Hamburg,premium,1,1,0,1,138.24,138.24
a1d66a8a-53cb-11ea-8592-b88a60e194fb,4SK-K7GH,orderid:195162,crmid:2784389005,2019-12-26T06:36:10.000Z,kiosk,prd1002,1577514970,1577860570,2019-12-28T06:36:10+00:00,2020-01-01T06:36:10+00:00,Restful Nights: Chicago,Restful Nights,Chicago,luxury,1,1,0,4,319.71,1278.84
a1d72ddc-53cb-11ea-b4cc-b88a60e194fb,ZY4-3VZU,orderid:361721,crmid:2465081448,2020-02-04T11:49:25.000Z,call center,prd1137,1581076165,1582372165,2020-02-07T11:49:25+00:00,2020-02-22T11:49:25+00:00,Sapphire Suites: Manila,Sapphire Suites,Manila,premium,1,1,0,15,117.92,1768.8
a1d7f148-53cb-11ea-bd46-b88a60e194fb,T0R-PVU7,orderid:747246,crmid:2861267264,2020-01-04T15:59:12.000Z,call center,prd1141,1579103952,1579622352,2020-01-15T15:59:12+00:00,2020-01-21T15:59:12+00:00,Admiralty Plaza: Phoenix,Admiralty Plaza,Phoenix,premium,1,1,0,6,111.25,667.5
a1d9029a-53cb-11ea-bc32-b88a60e194fb,NAO-18M7,orderid:466554,crmid:7930823051,2020-01-23T14:49:25.000Z,website,prd1040,1580136565,1580222965,2020-01-27T14:49:25+00:00,2020-01-28T14:49:25+00:00,Aspen Heights: Atlanta,Aspen Heights,Atlanta,standard,1,1,0,1,133.31,133.31
a1da1400-53cb-11ea-b078-b88a60e194fb,8CF-EK6W,orderid:915722,crmid:2241888604,2020-01-12T10:02:35.000Z,call center,prd1080,1578909755,1579082555,2020-01-13T10:02:35+00:00,2020-01-15T10:02:35+00:00,Repose Resort: Hyderabad,Repose Resort,Hyderabad,standard,1,1,0,2,146.42,292.84
a1db25c6-53cb-11ea-a910-b88a60e194fb,XWT-TDGL,orderid:269429,crmid:3770872835,2020-01-18T13:02:28.000Z,website,prd1117,1580130148,1580475748,2020-01-27T13:02:28+00:00,2020-01-31T13:02:28+00:00,Admiralty Plaza: Dublin,Admiralty Plaza,Dublin,standard,1,1,4,4,141.55,566.2
a1dbe8c8-53cb-11ea-be57-b88a60e194fb,D7H-EZLS,orderid:978558,crmid:7231399514,2019-12-05T23:48:34.000Z,kiosk,prd1124,1575762514,1576021714,2019-12-07T23:48:34+00:00,2019-12-10T23:48:34+00:00,Aspen Heights: Leeds,Aspen Heights,Leeds,standard,1,1,0,3,168.58,505.74
a1dcfa40-53cb-11ea-ad98-b88a60e194fb,22T-0MPD,orderid:722153,crmid:2022236709,2020-02-08T01:48:38.000Z,mobile,prd1024,1583718518,1584236918,2020-03-09T01:48:38+00:00,2020-03-15T01:48:38+00:00,Sandhill: El Paso,Sandhill,El Paso,standard,1,1,0,6,138.8,832.8
a1dde498-53cb-11ea-88b3-b88a60e194fb,NNR-1PFT,orderid:465280,crmid:7684896204,2019-12-12T14:34:04.000Z,website,prd1142,1576593244,1578234844,2019-12-17T14:34:04+00:00,2020-01-05T14:34:04+00:00,Blue Reef Resort: Philadelphia,Blue Reef Resort,Philadelphia,standard,1,1,0,19,138.07,2623.33
a1decef0-53cb-11ea-a09d-b88a60e194fb,F9G-RJHP,orderid:618750,crmid:7238595123,2019-12-13T12:34:05.000Z,website,prd1180,1577795645,1579005245,2019-12-31T12:34:05+00:00,2020-01-14T12:34:05+00:00,Sandhill: Virginia Beach,Sandhill,Virginia Beach,premium,1,1,4,14,114.0,1596.0
a1df9246-53cb-11ea-8e97-b88a60e194fb,PJR-OD64,orderid:995585,crmid:6354557042,2020-01-14T10:57:38.000Z,mobile,prd1004,1579085858,1579258658,2020-01-15T10:57:38+00:00,2020-01-17T10:57:38+00:00,Aspen Heights: Boulder,Aspen Heights,Boulder,premium,1,1,0,2,157.04,314.08
a1e07d24-53cb-11ea-8d35-b88a60e194fb,4NK-IISK,orderid:505217,crmid:7394871458,2020-02-01T09:45:01.000Z,website,prd1122,1582623901,1583055901,2020-02-25T09:45:01+00:00,2020-03-01T09:45:01+00:00,Restful Nights: Valencia,Restful Nights,Valencia,standard,1,1,0,5,180.44,902.2
a1e18de4-53cb-11ea-a30b-b88a60e194fb,UI3-86YQ,orderid:137379,crmid:9281420290,2019-12-05T00:41:38.000Z,website,prd1021,1575679298,1575852098,2019-12-07T00:41:38+00:00,2019-12-09T00:41:38+00:00,Admiralty Plaza: Denver,Admiralty Plaza,Denver,standard,1,1,0,2,103.11,206.22
a1e1b4f6-53cb-11ea-8530-b88a60e194fb,G8C-GP5L,orderid:390424,crmid:9281420290,2019-12-11T00:00:00.000Z,website,prd1133,1576108800,1576281600,2019-12-12T00:00:00+00:00,2019-12-14T00:00:00+00:00,Grandeur Hotels: Toronto,Grandeur Hotels,Toronto,standard,1,1,0,2,94.16,188.32
a1e2784c-53cb-11ea-8e56-b88a60e194fb,JLG-7RPB,orderid:418809,crmid:6400985869,2020-01-22T03:55:50.000Z,website,prd1081,1580270150,1580788550,2020-01-29T03:55:50+00:00,2020-02-04T03:55:50+00:00,Admiralty Plaza: Rod de Janeiro,Admiralty Plaza,Rod de Janeiro,luxury,1,1,0,6,299.56,1797.36
a1e362ae-53cb-11ea-9e8f-b88a60e194fb,IQZ-GQOW,orderid:736875,crmid:2219216928,2020-01-20T15:55:10.000Z,mobile,prd1117,1581782110,1581954910,2020-02-15T15:55:10+00:00,2020-02-17T15:55:10+00:00,Admiralty Plaza: Dublin,Admiralty Plaza,Dublin,premium,1,1,0,2,154.59,309.18
a1e49b2c-53cb-11ea-9c06-b88a60e194fb,YEJ-9AKB,orderid:717305,crmid:5857971764,2020-01-03T23:32:53.000Z,website,prd1142,1580599973,1581463973,2020-02-01T23:32:53+00:00,2020-02-11T23:32:53+00:00,Blue Reef Resort: Philadelphia,Blue Reef Resort,Philadelphia,standard,1,1,0,10,159.51,1595.1
a1e58588-53cb-11ea-9235-b88a60e194fb,H9J-QAFG,orderid:614318,crmid:6618582325,2019-12-09T20:41:56.000Z,website,prd1052,1578256916,1579639316,2020-01-05T20:41:56+00:00,2020-01-21T20:41:56+00:00,Aspen Heights: Wichita,Aspen Heights,Wichita,premium,1,1,2,16,132.9,2126.4
a1e69894-53cb-11ea-927b-b88a60e194fb,621-A1EQ,orderid:202249,crmid:6409141513,2019-12-23T01:05:34.000Z,website,prd1154,1579395934,1579914334,2020-01-19T01:05:34+00:00,2020-01-25T01:05:34+00:00,Blue Reef Resort: Seattle,Blue Reef Resort,Seattle,standard,1,1,0,6,117.75,706.5
a1e782b4-53cb-11ea-ba39-b88a60e194fb,T2W-SR4C,orderid:662374,crmid:8248990699,2019-12-11T13:52:13.000Z,website,prd1134,1577800333,1578145933,2019-12-31T13:52:13+00:00,2020-01-04T13:52:13+00:00,Restful Nights: Montreal,Restful Nights,Montreal,standard,1,1,0,4,112.51,450.04
a1e86bb6-53cb-11ea-aabf-b88a60e194fb,6F9-PNIB,orderid:608500,crmid:7129280939,2019-12-19T16:53:06.000Z,service desk,prd1088,1578243186,1578761586,2020-01-05T16:53:06+00:00,2020-01-11T16:53:06+00:00,Aspen Heights: Ankara,Aspen Heights,Ankara,standard,1,1,0,6,163.75,982.5
a1e95618-53cb-11ea-9419-b88a60e194fb,OR1-QUQZ,orderid:255936,crmid:3118732808,2019-12-17T01:47:24.000Z,call center,prd1081,1578793644,1579484844,2020-01-12T01:47:24+00:00,2020-01-20T01:47:24+00:00,Admiralty Plaza: Rod de Janeiro,Admiralty Plaza,Rod de Janeiro,standard,1,1,0,8,84.25,674.0
a1ea4076-53cb-11ea-a58e-b88a60e194fb,ZVB-05SX,orderid:822281,crmid:9181794928,2020-01-02T04:25:53.000Z,website,prd1069,1578457553,1579148753,2020-01-08T04:25:53+00:00,2020-01-16T04:25:53+00:00,Admiralty Plaza: Singapore,Admiralty Plaza,Singapore,standard,1,1,0,8,185.71,1485.68
a1eb03c6-53cb-11ea-b309-b88a60e194fb,GCZ-NAQP,orderid:292551,crmid:5053983887,2019-12-01T06:18:30.000Z,service desk,prd1161,1575267510,1575353910,2019-12-02T06:18:30+00:00,2019-12-03T06:18:30+00:00,Sapphire Suites: Memphis,Sapphire Suites,Memphis,standard,1,1,0,1,130.09,130.09
a1ec3db0-53cb-11ea-a719-b88a60e194fb,RJO-2P80,orderid:771360,crmid:8433530042,2020-01-19T11:13:25.000Z,call center,prd1179,1579778005,1579864405,2020-01-23T11:13:25+00:00,2020-01-24T11:13:25+00:00,Hospitality Inn: Miami,Hospitality Inn,Miami,standard,1,1,0,1,150.47,150.47
a1edea02-53cb-11ea-bf6b-b88a60e194fb,TJ7-KIKX,orderid:876663,crmid:3096553592,2019-12-11T06:55:42.000Z,mobile,prd1040,1578120942,1578812142,2020-01-04T06:55:42+00:00,2020-01-12T06:55:42+00:00,Aspen Heights: Atlanta,Aspen Heights,Atlanta,standard,1,1,3,8,145.68,1165.44
a1eefb88-53cb-11ea-9383-b88a60e194fb,K6M-SLWG,orderid:728435,crmid:7241250445,2019-12-14T03:40:34.000Z,mobile,prd1133,1578368434,1579059634,2020-01-07T03:40:34+00:00,2020-01-15T03:40:34+00:00,Grandeur Hotels: Toronto,Grandeur Hotels,Toronto,standard,1,1,0,8,140.07,1120.56
a1f08370-53cb-11ea-92e2-b88a60e194fb,DNE-EMJW,orderid:277786,crmid:4337102708,2020-01-11T16:46:15.000Z,website,prd1130,1579711575,1580143575,2020-01-22T16:46:15+00:00,2020-01-27T16:46:15+00:00,Blue Reef Resort: Bremen,Blue Reef Resort,Bremen,luxury,1,1,0,5,335.92,1679.6
a1f1bbd0-53cb-11ea-940f-b88a60e194fb,HA5-77L4,orderid:500115,crmid:6209842777,2020-02-06T06:48:31.000Z,kiosk,prd1148,1583477311,1584082111,2020-03-06T06:48:31+00:00,2020-03-13T06:48:31+00:00,Aspen Heights: Jacksonville,Aspen Heights,Jacksonville,premium,1,1,3,7,119.94,839.58
a1f27dd2-53cb-11ea-9404-b88a60e194fb,JYD-WC93,orderid:854718,crmid:9949083539,2020-01-07T16:01:00.000Z,mobile,prd1154,1580918460,1582387260,2020-02-05T16:01:00+00:00,2020-02-22T16:01:00+00:00,Blue Reef Resort: Seattle,Blue Reef Resort,Seattle,premium,1,1,0,17,134.75,2290.75
a1f34282-53cb-11ea-b2cb-b88a60e194fb,TDO-LJB4,orderid:287893,crmid:5105821904,2019-12-22T04:12:06.000Z,website,prd1084,1578629526,1580271126,2020-01-10T04:12:06+00:00,2020-01-29T04:12:06+00:00,Sandhill: Santiago,Sandhill,Santiago,premium,1,1,0,19,141.96,2697.24
a1f42b80-53cb-11ea-bbea-b88a60e194fb,VQG-CJH1,orderid:194598,crmid:4618529824,2019-12-03T15:55:18.000Z,website,prd1160,1575474918,1575906918,2019-12-04T15:55:18+00:00,2019-12-09T15:55:18+00:00,Aspen Heights: Nashville,Aspen Heights,Nashville,premium,1,1,0,5,141.35,706.75
a1f53cf6-53cb-11ea-8091-b88a60e194fb,SQW-LGKG,orderid:720520,crmid:9999113741,2020-01-23T08:24:33.000Z,website,prd1095,1581495873,1582273473,2020-02-12T08:24:33+00:00,2020-02-21T08:24:33+00:00,Hospitality Inn: Casablanca,Hospitality Inn,Casablanca,standard,1,1,4,9,156.91,1412.19
a1f60042-53cb-11ea-8baa-b88a60e194fb,QOP-DVUZ,orderid:328936,crmid:9761545453,2019-12-19T19:22:38.000Z,kiosk,prd1099,1577560958,1578424958,2019-12-28T19:22:38+00:00,2020-01-07T19:22:38+00:00,Family Fun Hotels: Bucharest,Family Fun Hotels,Bucharest,premium,1,1,3,10,140.32,1403.2
a1f711ca-53cb-11ea-9ecc-b88a60e194fb,ECL-GLGR,orderid:634738,crmid:3457289976,2019-12-01T19:27:37.000Z,call center,prd1046,1575574057,1575833257,2019-12-05T19:27:37+00:00,2019-12-08T19:27:37+00:00,Blue Reef Resort: Virginia Beach,Blue Reef Resort,Virginia Beach,standard,1,1,0,3,163.93,491.79
a1f7d510-53cb-11ea-bbea-b88a60e194fb,KWI-Z9XH,orderid:883479,crmid:4272566791,2019-12-23T04:09:35.000Z,website,prd1069,1579234175,1579493375,2020-01-17T04:09:35+00:00,2020-01-20T04:09:35+00:00,Admiralty Plaza: Singapore,Admiralty Plaza,Singapore,standard,1,1,0,3,147.93,443.79
a1f899e2-53cb-11ea-8f98-b88a60e194fb,NSB-UKOY,orderid:727646,crmid:6637429658,2020-01-07T17:03:19.000Z,call center,prd1040,1578502999,1578675799,2020-01-08T17:03:19+00:00,2020-01-10T17:03:19+00:00,Aspen Heights: Atlanta,Aspen Heights,Atlanta,premium,1,1,0,2,156.22,312.44
a1fa1ef0-53cb-11ea-a34d-b88a60e194fb,LTG-M5H4,orderid:532064,crmid:3859108181,2019-12-12T19:43:47.000Z,service desk,prd1190,1576871027,1577562227,2019-12-20T19:43:47+00:00,2019-12-28T19:43:47+00:00,Blue Reef Resort: Aurora,Blue Reef Resort,Aurora,luxury,1,1,0,8,324.69,2597.52
a1fb0958-53cb-11ea-8099-b88a60e194fb,1KQ-8BJH,orderid:451388,crmid:7828676254,2019-12-31T23:41:08.000Z,website,prd1191,1577922068,1578181268,2020-01-01T23:41:08+00:00,2020-01-04T23:41:08+00:00,Hospitality Inn: Mumbai,Hospitality Inn,Mumbai,standard,1,1,0,3,163.87,491.61
a1fb0959-53cb-11ea-a240-b88a60e194fb,VEO-JAW0,orderid:896582,crmid:7828676254,2020-01-06T00:00:00.000Z,website,prd1122,1578355200,1578787200,2020-01-07T00:00:00+00:00,2020-01-12T00:00:00+00:00,Restful Nights: Valencia,Restful Nights,Valencia,standard,1,1,0,5,145.01,725.05
a1fc41d8-53cb-11ea-989d-b88a60e194fb,4ZO-U8U4,orderid:916108,crmid:7086520586,2019-12-09T23:58:49.000Z,service desk,prd1130,1576281529,1576454329,2019-12-13T23:58:49+00:00,2019-12-15T23:58:49+00:00,Blue Reef Resort: Bremen,Blue Reef Resort,Bremen,standard,1,1,0,2,156.91,313.82
a1fd534c-53cb-11ea-8ae0-b88a60e194fb,B7N-DCZL,orderid:246144,crmid:2139356044,2020-01-21T00:24:52.000Z,call center,prd1165,1581553492,1582244692,2020-02-13T00:24:52+00:00,2020-02-21T00:24:52+00:00,Admiralty Plaza: Louisville,Admiralty Plaza,Louisville,standard,1,1,0,8,191.49,1531.92
a1fe3db4-53cb-11ea-ac97-b88a60e194fb,IVS-9XSS,orderid:486831,crmid:6418373919,2019-12-21T11:11:13.000Z,service desk,prd1179,1577013073,1577185873,2019-12-22T11:11:13+00:00,2019-12-24T11:11:13+00:00,Hospitality Inn: Miami,Hospitality Inn,Miami,standard,1,1,0,2,116.29,232.58
a1ff4f46-53cb-11ea-bd9c-b88a60e194fb,5WJ-CSAD,orderid:193996,crmid:3486752928,2019-12-26T18:16:07.000Z,website,prd1040,1577556967,1577902567,2019-12-28T18:16:07+00:00,2020-01-01T18:16:07+00:00,Aspen Heights: Atlanta,Aspen Heights,Atlanta,premium,1,1,0,4,146.34,585.36
a200399e-53cb-11ea-ad5a-b88a60e194fb,WNZ-FSI5,orderid:235938,crmid:7217352999,2020-01-01T05:03:40.000Z,kiosk,prd1093,1579496620,1580187820,2020-01-20T05:03:40+00:00,2020-01-28T05:03:40+00:00,Admiralty Plaza: Yokohama,Admiralty Plaza,Yokohama,standard,1,1,1,8,142.8,1142.4
a2017212-53cb-11ea-8492-b88a60e194fb,GEM-TPED,orderid:605380,crmid:6501471419,2020-02-11T09:32:04.000Z,call center,prd1106,1581586324,1581845524,2020-02-13T09:32:04+00:00,2020-02-16T09:32:04+00:00,Blue Reef Resort: Munich,Blue Reef Resort,Munich,premium,1,1,0,3,169.36,508.08
a2028392-53cb-11ea-b45f-b88a60e194fb,JT2-JXLT,orderid:911636,crmid:9749704751,2020-01-16T15:18:17.000Z,website,prd1175,1579533497,1580051897,2020-01-20T15:18:17+00:00,2020-01-26T15:18:17+00:00,Nesting Box Inn: Long Beach,Nesting Box Inn,Long Beach,standard,1,1,0,6,139.56,837.36
a203bbf0-53cb-11ea-835c-b88a60e194fb,EQP-2ZA5,orderid:702359,crmid:3672024263,2019-12-26T16:54:00.000Z,call center,prd1119,1577638440,1577724840,2019-12-29T16:54:00+00:00,2019-12-30T16:54:00+00:00,Hospitality Inn: Turin,Hospitality Inn,Turin,standard,1,1,0,1,158.57,158.57
a204cd78-53cb-11ea-895b-b88a60e194fb,LV6-WRRR,orderid:672917,crmid:8244801289,2019-12-21T10:34:26.000Z,website,prd1028,1578566066,1579430066,2020-01-09T10:34:26+00:00,2020-01-19T10:34:26+00:00,Aspen Heights: Portland,Aspen Heights,Portland,standard,1,1,0,10,145.75,1457.5
a205defa-53cb-11ea-828d-b88a60e194fb,EBN-TIGS,orderid:905654,crmid:8781594388,2019-12-05T12:07:51.000Z,call center,prd1005,1576152471,1576238871,2019-12-12T12:07:51+00:00,2019-12-13T12:07:51+00:00,Sapphire Suites: Los Angeles,Sapphire Suites,Los Angeles,luxury,1,1,0,1,319.15,319.15
a206f194-53cb-11ea-b4d7-b88a60e194fb,FP7-P5EC,orderid:934278,crmid:9983168603,2019-12-23T08:21:40.000Z,website,prd1169,1578817300,1580113300,2020-01-12T08:21:40+00:00,2020-01-27T08:21:40+00:00,Grandeur Hotels: Tucson,Grandeur Hotels,Tucson,standard,1,1,0,15,98.11,1471.65
a2082a1a-53cb-11ea-9e0b-b88a60e194fb,EKD-AYJE,orderid:723774,crmid:1570162391,2020-01-28T11:23:02.000Z,call center,prd1020,1580556182,1581074582,2020-02-01T11:23:02+00:00,2020-02-07T11:23:02+00:00,Repose Resort: Seattle,Repose Resort,Seattle,premium,1,1,0,6,154.17,925.02
a20989a4-53cb-11ea-912b-b88a60e194fb,SZZ-DOYT,orderid:211690,crmid:2381497854,2020-01-19T14:00:27.000Z,website,prd1057,1580911227,1581688827,2020-02-05T14:00:27+00:00,2020-02-14T14:00:27+00:00,Admiralty Plaza: Mumbai,Admiralty Plaza,Mumbai,standard,1,1,4,9,168.12,1513.08
a20a9b12-53cb-11ea-aec2-b88a60e194fb,JAY-SOCN,orderid:295687,crmid:7926232161,2019-12-08T15:29:14.000Z,kiosk,prd1148,1578151754,1579361354,2020-01-04T15:29:14+00:00,2020-01-18T15:29:14+00:00,Aspen Heights: Jacksonville,Aspen Heights,Jacksonville,premium,1,1,0,14,146.07,2044.98
a20b858c-53cb-11ea-a116-b88a60e194fb,E7U-KAUA,orderid:877915,crmid:2105069380,2020-02-06T15:41:24.000Z,kiosk,prd1153,1582472484,1583077284,2020-02-23T15:41:24+00:00,2020-03-01T15:41:24+00:00,Admiralty Plaza: Charlotte,Admiralty Plaza,Charlotte,ultra-luxury,1,1,0,7,258.98,1812.86
a20c6e68-53cb-11ea-904b-b88a60e194fb,5LB-CMJB,orderid:508573,crmid:4699363159,2019-12-26T16:57:36.000Z,call center,prd1105,1579280256,1579712256,2020-01-17T16:57:36+00:00,2020-01-22T16:57:36+00:00,Admiralty Plaza: Barcelona,Admiralty Plaza,Barcelona,premium,1,1,0,5,151.75,758.75
a20d58da-53cb-11ea-b05e-b88a60e194fb,JOD-FYKU,orderid:392150,crmid:8484113392,2020-01-12T09:22:02.000Z,website,prd1169,1581067322,1582104122,2020-02-07T09:22:02+00:00,2020-02-19T09:22:02+00:00,Grandeur Hotels: Tucson,Grandeur Hotels,Tucson,presidential-suite,1,1,0,12,895.36,10744.32
a20e4342-53cb-11ea-97df-b88a60e194fb,7OM-RAZK,orderid:541385,crmid:6138462942,2019-12-01T05:39:41.000Z,call center,prd1001,1577079581,1577770781,2019-12-23T05:39:41+00:00,2019-12-31T05:39:41+00:00,Grandeur Hotels: New York,Grandeur Hotels,New York,standard,1,1,0,8,154.3,1234.4
a20f54a6-53cb-11ea-bdbe-b88a60e194fb,XRY-VAH2,orderid:220643,crmid:6809532552,2019-12-02T11:45:12.000Z,mobile,prd1050,1577360712,1578051912,2019-12-26T11:45:12+00:00,2020-01-03T11:45:12+00:00,Restful Nights: Arlington,Restful Nights,Arlington,standard,1,1,0,8,128.39,1027.12
a2106624-53cb-11ea-b639-b88a60e194fb,FSF-4WR6,orderid:927790,crmid:8724063814,2020-01-04T16:22:06.000Z,website,prd1058,1580401326,1580746926,2020-01-30T16:22:06+00:00,2020-02-03T16:22:06+00:00,Blue Reef Resort: Delhi,Blue Reef Resort,Delhi,standard,1,1,0,4,128.57,514.28
a2115076-53cb-11ea-ba68-b88a60e194fb,HIL-8BNU,orderid:367254,crmid:1827999771,2020-01-29T05:35:48.000Z,service desk,prd1171,1582349748,1583300148,2020-02-22T05:35:48+00:00,2020-03-04T05:35:48+00:00,Family Fun Hotels: Sacramento,Family Fun Hotels,Sacramento,standard,1,1,1,11,141.49,1556.39
a2123b0a-53cb-11ea-b9a4-b88a60e194fb,COV-2JKJ,orderid:517153,crmid:2554724220,2020-01-13T20:50:36.000Z,mobile,prd1197,1579035036,1579207836,2020-01-14T20:50:36+00:00,2020-01-16T20:50:36+00:00,Sapphire Suites: London,Sapphire Suites,London,standard,1,1,0,2,147.41,294.82
a212fe52-53cb-11ea-938c-b88a60e194fb,FUE-IHOV,orderid:579617,crmid:7564652801,2020-01-25T13:17:04.000Z,kiosk,prd1130,1582031824,1582550224,2020-02-18T13:17:04+00:00,2020-02-24T13:17:04+00:00,Blue Reef Resort: Bremen,Blue Reef Resort,Bremen,standard,1,1,0,6,82.96,497.76
a213e88a-53cb-11ea-a30c-b88a60e194fb,S4A-JAMV,orderid:655051,crmid:5678287801,2020-02-15T14:30:17.000Z,kiosk,prd1071,1583937017,1584628217,2020-03-11T14:30:17+00:00,2020-03-19T14:30:17+00:00,Hospitality Inn: Seoul,Hospitality Inn,Seoul,premium,1,1,1,8,142.46,1139.68
a214fa28-53cb-11ea-8be2-b88a60e194fb,RR4-TPGP,orderid:581598,crmid:7050469770,2020-01-21T14:13:52.000Z,website,prd1153,1579788832,1580134432,2020-01-23T14:13:52+00:00,2020-01-27T14:13:52+00:00,Admiralty Plaza: Charlotte,Admiralty Plaza,Charlotte,standard,1,1,0,4,158.48,633.92
a2152134-53cb-11ea-a8ca-b88a60e194fb,ROF-MECP,orderid:865414,crmid:7050469770,2020-01-28T00:00:00.000Z,call center,prd1047,1580256000,1580515200,2020-01-29T00:00:00+00:00,2020-02-01T00:00:00+00:00,Hospitality Inn: Oakland,Hospitality Inn,Oakland,standard,1,1,0,3,115.19,345.57
a215e48a-53cb-11ea-a42c-b88a60e194fb,UY0-RPMX,orderid:333606,crmid:1797966413,2019-12-04T00:16:07.000Z,kiosk,prd1131,1575504967,1575677767,2019-12-05T00:16:07+00:00,2019-12-07T00:16:07+00:00,Hospitality Inn: Sheffield,Hospitality Inn,Sheffield,standard,1,1,0,2,156.57,313.14
a2160b94-53cb-11ea-a0e0-b88a60e194fb,BOZ-BI7R,orderid:315674,crmid:1797966413,2019-12-08T00:00:00.000Z,website,prd1053,1575936000,1576281600,2019-12-10T00:00:00+00:00,2019-12-14T00:00:00+00:00,Sapphire Suites: Cleveland,Sapphire Suites,Cleveland,standard,1,1,0,4,148.22,592.88
a216f5f6-53cb-11ea-bf33-b88a60e194fb,RY1-PPTZ,orderid:502177,crmid:5049130848,2020-02-15T12:13:25.000Z,website,prd1187,1583756005,1584274405,2020-03-09T12:13:25+00:00,2020-03-15T12:13:25+00:00,Nesting Box Inn: Cleveland,Nesting Box Inn,Cleveland,standard,1,1,0,6,87.5,525.0
a217b946-53cb-11ea-a35f-b88a60e194fb,NHR-MN4H,orderid:647482,crmid:3861883456,2020-01-27T06:44:28.000Z,website,prd1034,1580193868,1580453068,2020-01-28T06:44:28+00:00,2020-01-31T06:44:28+00:00,Blue Reef Resort: Albuquerque,Blue Reef Resort,Albuquerque,standard,1,1,0,3,129.96,389.88
a218a39e-53cb-11ea-8fe2-b88a60e194fb,ENM-G5ZW,orderid:240332,crmid:9117785746,2020-02-01T22:23:35.000Z,website,prd1010,1582669415,1583187815,2020-02-25T22:23:35+00:00,2020-03-02T22:23:35+00:00,Blue Reef Resort: San Diego,Blue Reef Resort,San Diego,standard,1,1,0,6,112.85,677.1
a219b51e-53cb-11ea-ab2e-b88a60e194fb,FGU-HCXR,orderid:585158,crmid:6613192814,2019-12-05T17:38:32.000Z,website,prd1057,1577036312,1578591512,2019-12-22T17:38:32+00:00,2020-01-09T17:38:32+00:00,Admiralty Plaza: Mumbai,Admiralty Plaza,Mumbai,premium,1,1,0,18,138.06,2485.08
a21ce962-53cb-11ea-8e53-b88a60e194fb,YJG-YF00,orderid:555809,crmid:8953075624,2019-12-28T23:59:47.000Z,kiosk,prd1071,1577663987,1577750387,2019-12-29T23:59:47+00:00,2019-12-30T23:59:47+00:00,Hospitality Inn: Seoul,Hospitality Inn,Seoul,standard,1,1,0,1,131.92,131.92
a21dd39e-53cb-11ea-94a5-b88a60e194fb,MS8-AMPW,orderid:956714,crmid:1754786801,2019-12-20T12:01:19.000Z,kiosk,prd1131,1578744079,1579348879,2020-01-11T12:01:19+00:00,2020-01-18T12:01:19+00:00,Hospitality Inn: Sheffield,Hospitality Inn,Sheffield,standard,1,1,0,7,139.58,977.06
a21e9714-53cb-11ea-9384-b88a60e194fb,HED-OSUM,orderid:313249,crmid:8537268086,2020-02-14T08:11:07.000Z,call center,prd1083,1583914267,1584259867,2020-03-11T08:11:07+00:00,2020-03-15T08:11:07+00:00,Hospitality Inn: Bangkok,Hospitality Inn,Bangkok,standard,1,1,0,4,164.75,659.0
a21f816e-53cb-11ea-818d-b88a60e194fb,9PA-JI94,orderid:479409,crmid:5930117032,2020-01-09T04:01:30.000Z,call center,prd1007,1580529690,1581220890,2020-02-01T04:01:30+00:00,2020-02-09T04:01:30+00:00,Nesting Box Inn: Phoenix,Nesting Box Inn,Phoenix,premium,1,1,0,8,165.02,1320.16
a22092e6-53cb-11ea-8f7b-b88a60e194fb,OMK-7GJU,orderid:631407,crmid:7209577697,2019-12-07T08:55:09.000Z,mobile,prd1177,1576659309,1577609709,2019-12-18T08:55:09+00:00,2019-12-29T08:55:09+00:00,Admiralty Plaza: Raleigh,Admiralty Plaza,Raleigh,standard,1,1,0,11,118.74,1306.14
a2215634-53cb-11ea-961f-b88a60e194fb,ZBL-BM7A,orderid:664587,crmid:8613585640,2020-01-18T22:40:44.000Z,website,prd1117,1579473644,1579732844,2020-01-19T22:40:44+00:00,2020-01-22T22:40:44+00:00,Admiralty Plaza: Dublin,Admiralty Plaza,Dublin,premium,1,1,0,3,151.5,454.5
a2221980-53cb-11ea-bf15-b88a60e194fb,E3J-FPHB,orderid:418730,crmid:7560776360,2020-02-09T06:17:26.000Z,website,prd1115,1582957046,1583302646,2020-02-29T06:17:26+00:00,2020-03-04T06:17:26+00:00,Nesting Box Inn: Cologne,Nesting Box Inn,Cologne,standard,1,1,0,4,148.4,593.6
a2232b0a-53cb-11ea-91b4-b88a60e194fb,YVC-VFBF,orderid:716864,crmid:1163594334,2020-01-22T19:12:54.000Z,kiosk,prd1010,1581102774,1581707574,2020-02-07T19:12:54+00:00,2020-02-14T19:12:54+00:00,Blue Reef Resort: San Diego,Blue Reef Resort,San Diego,premium,1,1,0,7,85.66,599.62
a2241694-53cb-11ea-8a18-b88a60e194fb,XPY-ZKOR,orderid:327930,crmid:5630270536,2020-01-21T01:35:25.000Z,kiosk,prd1178,1579656925,1579743325,2020-01-22T01:35:25+00:00,2020-01-23T01:35:25+00:00,Blue Reef Resort: Colorado Springs,Blue Reef Resort,Colorado Springs,premium,1,1,0,1,126.18,126.18
a224d9d2-53cb-11ea-b7aa-b88a60e194fb,6VU-JBYA,orderid:843686,crmid:2845882178,2019-12-14T13:18:44.000Z,website,prd1112,1576502324,1576588724,2019-12-16T13:18:44+00:00,2019-12-17T13:18:44+00:00,Aspen Heights: Birmingham,Aspen Heights,Birmingham,standard,1,1,0,1,152.88,152.88
a22500ca-53cb-11ea-8300-b88a60e194fb,JHN-ZCJH,orderid:210472,crmid:2845882178,2019-12-19T00:00:00.000Z,kiosk,prd1135,1576800000,1576972800,2019-12-20T00:00:00+00:00,2019-12-22T00:00:00+00:00,Family Fun Hotels: Vancouver,Family Fun Hotels,Vancouver,standard,1,1,0,2,132.47,264.94
a225eb4a-53cb-11ea-9c17-b88a60e194fb,DRO-HURK,orderid:260461,crmid:6130798658,2020-02-08T12:31:22.000Z,kiosk,prd1009,1583065882,1583411482,2020-03-01T12:31:22+00:00,2020-03-05T12:31:22+00:00,Admiralty Plaza: San Antonio,Admiralty Plaza,San Antonio,standard,1,1,0,4,124.24,496.96
a226ae9a-53cb-11ea-a0f8-b88a60e194fb,VQT-KQGE,orderid:453968,crmid:7161380708,2019-12-14T01:13:40.000Z,kiosk,prd1145,1576372420,1576545220,2019-12-15T01:13:40+00:00,2019-12-17T01:13:40+00:00,Grandeur Hotels: Dallas,Grandeur Hotels,Dallas,standard,1,1,0,2,97.33,194.66
a226d45a-53cb-11ea-8c68-b88a60e194fb,GPL-1OPU,orderid:358735,crmid:7161380708,2019-12-18T00:00:00.000Z,website,prd1070,1576886400,1577232000,2019-12-21T00:00:00+00:00,2019-12-25T00:00:00+00:00,Blue Reef Resort: Jakarta,Blue Reef Resort,Jakarta,standard,1,1,0,4,170.42,681.68
a2285b86-53cb-11ea-ab8d-b88a60e194fb,XWN-WVNN,orderid:586335,crmid:1864045441,2020-02-08T04:00:56.000Z,call center,prd1076,1583121656,1583380856,2020-03-02T04:00:56+00:00,2020-03-05T04:00:56+00:00,Aspen Heights: Bogota,Aspen Heights,Bogota,standard,1,1,0,3,131.85,395.55
a2299368-53cb-11ea-a125-b88a60e194fb,ULH-71EW,orderid:670822,crmid:3330427767,2019-12-06T13:06:07.000Z,website,prd1043,1576328767,1577106367,2019-12-14T13:06:07+00:00,2019-12-23T13:06:07+00:00,Nesting Box Inn: Raleigh,Nesting Box Inn,Raleigh,standard,1,1,3,9,108.29,974.61
a22aa50c-53cb-11ea-afa0-b88a60e194fb,NVI-M45Y,orderid:495698,crmid:1462152511,2019-12-17T19:10:21.000Z,website,prd1166,1578769821,1579374621,2020-01-11T19:10:21+00:00,2020-01-18T19:10:21+00:00,Blue Reef Resort: Baltimore,Blue Reef Resort,Baltimore,standard,1,1,0,7,136.56,955.92
a22b8f36-53cb-11ea-9d0b-b88a60e194fb,MUT-HU7V,orderid:599609,crmid:3892239898,2019-12-15T17:21:54.000Z,call center,prd1143,1578417714,1578936114,2020-01-07T17:21:54+00:00,2020-01-13T17:21:54+00:00,Hospitality Inn: San Antonio,Hospitality Inn,San Antonio,standard,1,1,0,6,129.2,775.2
a22c79b6-53cb-11ea-aa6f-b88a60e194fb,3JK-PADO,orderid:857670,crmid:6937313040,2020-01-21T09:29:16.000Z,mobile,prd1122,1579771756,1580030956,2020-01-23T09:29:16+00:00,2020-01-26T09:29:16+00:00,Restful Nights: Valencia,Restful Nights,Valencia,premium,1,1,0,3,112.84,338.52
a22d8bc6-53cb-11ea-bfe2-b88a60e194fb,HUW-0SCE,orderid:750199,crmid:1862307220,2020-01-05T02:19:36.000Z,service desk,prd1034,1580782776,1581646776,2020-02-04T02:19:36+00:00,2020-02-14T02:19:36+00:00,Blue Reef Resort: Albuquerque,Blue Reef Resort,Albuquerque,premium,1,1,0,10,187.59,1875.9
a22e9c66-53cb-11ea-851e-b88a60e194fb,EHQ-IRND,orderid:307294,crmid:2652674969,2020-02-02T20:24:59.000Z,service desk,prd1093,1582921499,1583439899,2020-02-28T20:24:59+00:00,2020-03-05T20:24:59+00:00,Admiralty Plaza: Yokohama,Admiralty Plaza,Yokohama,standard,1,1,1,6,134.46,806.76
a22f6124-53cb-11ea-9932-b88a60e194fb,NKZ-Q6DX,orderid:488073,crmid:1957864580,2019-12-16T22:49:42.000Z,website,prd1184,1578264582,1579214982,2020-01-05T22:49:42+00:00,2020-01-16T22:49:42+00:00,Aspen Heights: Arlington,Aspen Heights,Arlington,luxury,1,1,0,11,329.95,3629.45
a2304a36-53cb-11ea-a6a1-b88a60e194fb,YEI-OUXP,orderid:798152,crmid:8820678083,2019-12-03T21:45:05.000Z,website,prd1134,1575582305,1576100705,2019-12-05T21:45:05+00:00,2019-12-11T21:45:05+00:00,Restful Nights: Montreal,Restful Nights,Montreal,ultra-luxury,1,1,0,6,236.18,1417.08
a23182b8-53cb-11ea-909b-b88a60e194fb,S0Q-KAHL,orderid:529210,crmid:5008719008,2019-12-27T21:14:28.000Z,kiosk,prd1021,1577567668,1577654068,2019-12-28T21:14:28+00:00,2019-12-29T21:14:28+00:00,Admiralty Plaza: Denver,Admiralty Plaza,Denver,standard,1,1,0,1,188.2,188.2
a232471c-53cb-11ea-9c46-b88a60e194fb,XWL-AUL9,orderid:460484,crmid:3708661328,2019-12-18T04:23:42.000Z,website,prd1172,1578284622,1578975822,2020-01-06T04:23:42+00:00,2020-01-14T04:23:42+00:00,Aspen Heights: Mesa,Aspen Heights,Mesa,standard,1,1,0,8,177.09,1416.72
a23358ec-53cb-11ea-9e7a-b88a60e194fb,D5H-Y1BH,orderid:503440,crmid:6716984185,2020-02-13T05:21:36.000Z,website,prd1179,1583644896,1584681696,2020-03-08T05:21:36+00:00,2020-03-20T05:21:36+00:00,Hospitality Inn: Miami,Hospitality Inn,Miami,standard,1,1,0,12,153.98,1847.76
a2341c12-53cb-11ea-b7d0-b88a60e194fb,NMT-PKHP,orderid:954171,crmid:2245320106,2020-01-31T20:36:45.000Z,website,prd1040,1581107805,1581280605,2020-02-07T20:36:45+00:00,2020-02-09T20:36:45+00:00,Aspen Heights: Atlanta,Aspen Heights,Atlanta,luxury,1,1,0,2,329.26,658.52
a234df66-53cb-11ea-91dc-b88a60e194fb,11L-RHL2,orderid:433388,crmid:7874107294,2020-02-11T21:12:00.000Z,kiosk,prd1184,1583269920,1583356320,2020-03-03T21:12:00+00:00,2020-03-04T21:12:00+00:00,Aspen Heights: Arlington,Aspen Heights,Arlington,standard,1,1,0,1,102.83,102.83
a235c9dc-53cb-11ea-9e44-b88a60e194fb,7MI-JGGF,orderid:880843,crmid:7064742974,2019-12-08T01:20:28.000Z,kiosk,prd1083,1577755228,1578446428,2019-12-31T01:20:28+00:00,2020-01-08T01:20:28+00:00,Hospitality Inn: Bangkok,Hospitality Inn,Bangkok,standard,1,1,0,8,114.76,918.08
a236661a-53cb-11ea-8fe8-b88a60e194fb,H9W-GYL4,orderid:829361,crmid:2435357456,2019-12-30T12:00:48.000Z,kiosk,prd1157,1580040048,1580644848,2020-01-26T12:00:48+00:00,2020-02-02T12:00:48+00:00,Grandeur Hotels: Boston,Grandeur Hotels,Boston,premium,1,1,4,7,159.69,1117.83
a2375074-53cb-11ea-b321-b88a60e194fb,HE1-BRVW,orderid:590767,crmid:4133146354,2020-01-31T06:04:39.000Z,call center,prd1182,1580537079,1580709879,2020-02-01T06:04:39+00:00,2020-02-03T06:04:39+00:00,Restful Nights: Minneapolis,Restful Nights,Minneapolis,premium,1,1,0,2,168.92,337.84
a2375075-53cb-11ea-86a1-b88a60e194fb,22W-NHBW,orderid:578494,crmid:4133146354,2020-02-04T00:00:00.000Z,website,prd1172,1580860800,1581033600,2020-02-05T00:00:00+00:00,2020-02-07T00:00:00+00:00,Aspen Heights: Mesa,Aspen Heights,Mesa,standard,1,1,0,2,136.83,273.66
a2383ae6-53cb-11ea-8877-b88a60e194fb,TEX-5KFD,orderid:350957,crmid:3470155576,2020-02-15T23:59:48.000Z,website,prd1004,1581897588,1581983988,2020-02-16T23:59:48+00:00,2020-02-17T23:59:48+00:00,Aspen Heights: Boulder,Aspen Heights,Boulder,ultra-luxury,1,1,0,1,357.55,357.55
a23923d8-53cb-11ea-a70b-b88a60e194fb,WIY-CFLN,orderid:771249,crmid:3380162449,2020-01-02T13:46:28.000Z,website,prd1154,1578059188,1578231988,2020-01-03T13:46:28+00:00,2020-01-05T13:46:28+00:00,Blue Reef Resort: Seattle,Blue Reef Resort,Seattle,ultra-luxury,1,1,0,2,391.88,783.76
a2394c36-53cb-11ea-9166-b88a60e194fb,8GO-0BOH,orderid:213296,crmid:3380162449,2020-01-06T00:00:00.000Z,call center,prd1045,1578355200,1578528000,2020-01-07T00:00:00+00:00,2020-01-09T00:00:00+00:00,Admiralty Plaza: Miami,Admiralty Plaza,Miami,luxury,1,1,0,2,437.78,875.56
a23a36b0-53cb-11ea-b2df-b88a60e194fb,E8A-TVQG,orderid:609520,crmid:5889862495,2020-02-04T10:21:12.000Z,service desk,prd1184,1581416472,1581502872,2020-02-11T10:21:12+00:00,2020-02-12T10:21:12+00:00,Aspen Heights: Arlington,Aspen Heights,Arlington,premium,1,1,0,1,128.06,128.06
a23b482e-53cb-11ea-a4c0-b88a60e194fb,HDZ-EQGX,orderid:734131,crmid:2827523811,2020-02-09T16:02:45.000Z,service desk,prd1010,1583769765,1585411365,2020-03-09T16:02:45+00:00,2020-03-28T16:02:45+00:00,Blue Reef Resort: San Diego,Blue Reef Resort,San Diego,standard,1,1,4,19,164.5,3125.5
a23ca6c6-53cb-11ea-9c20-b88a60e194fb,R0I-I9KJ,orderid:923468,crmid:1984565124,2020-01-20T02:21:41.000Z,service desk,prd1153,1581474101,1581906101,2020-02-12T02:21:41+00:00,2020-02-17T02:21:41+00:00,Admiralty Plaza: Charlotte,Admiralty Plaza,Charlotte,standard,1,1,0,5,159.27,796.35
a23db91c-53cb-11ea-abe1-b88a60e194fb,FLT-DJOW,orderid:442991,crmid:3604480334,2019-12-05T06:13:44.000Z,kiosk,prd1185,1577340824,1577945624,2019-12-26T06:13:44+00:00,2020-01-02T06:13:44+00:00,Sapphire Suites: New Orleans,Sapphire Suites,New Orleans,standard,1,1,3,7,151.08,1057.56
a23e7c64-53cb-11ea-8d08-b88a60e194fb,R04-5BDE,orderid:752034,crmid:1939669356,2020-01-15T20:28:45.000Z,kiosk,prd1143,1580761725,1581366525,2020-02-03T20:28:45+00:00,2020-02-10T20:28:45+00:00,Hospitality Inn: San Antonio,Hospitality Inn,San Antonio,premium,1,1,0,7,128.03,896.21
a23f3fda-53cb-11ea-9eb3-b88a60e194fb,JK9-SGEW,orderid:809222,crmid:2750020505,2019-12-31T23:07:19.000Z,kiosk,prd1032,1579993639,1581289639,2020-01-25T23:07:19+00:00,2020-02-09T23:07:19+00:00,Repose Resort: Baltimore,Repose Resort,Baltimore,standard,1,1,0,15,144.07,2161.05
a24002fe-53cb-11ea-adf9-b88a60e194fb,HMD-WMKV,orderid:839409,crmid:5926820255,2020-01-12T23:19:08.000Z,call center,prd1164,1580858348,1581549548,2020-02-04T23:19:08+00:00,2020-02-12T23:19:08+00:00,Repose Resort: Las Vegas,Repose Resort,Las Vegas,standard,1,1,0,8,148.23,1185.84
a240c640-53cb-11ea-8a78-b88a60e194fb,TWO-VLQF,orderid:668754,crmid:8818345968,2020-02-16T22:24:46.000Z,website,prd1176,1582410286,1582669486,2020-02-22T22:24:46+00:00,2020-02-25T22:24:46+00:00,Repose Resort: Omaha,Repose Resort,Omaha,standard,1,1,0,3,165.57,496.71
a241b09e-53cb-11ea-915b-b88a60e194fb,BM3-SUU5,orderid:359507,crmid:1773101023,2019-12-28T05:13:34.000Z,service desk,prd1097,1577596414,1577682814,2019-12-29T05:13:34+00:00,2019-12-30T05:13:34+00:00,Grandeur Hotels: Buenos Aires,Grandeur Hotels,Buenos Aires,presidential-suite,1,1,0,1,851.81,851.81
a2429b1a-53cb-11ea-aa58-b88a60e194fb,WEA-VZLT,orderid:466646,crmid:1500921294,2019-12-06T17:55:07.000Z,call center,prd1165,1577814907,1578678907,2019-12-31T17:55:07+00:00,2020-01-10T17:55:07+00:00,Admiralty Plaza: Louisville,Admiralty Plaza,Louisville,standard,1,1,0,10,166.56,1665.6
a2438428-53cb-11ea-8272-b88a60e194fb,62S-WM9F,orderid:208237,crmid:2566061068,2019-12-07T16:11:04.000Z,website,prd1076,1577203864,1577549464,2019-12-24T16:11:04+00:00,2019-12-28T16:11:04+00:00,Aspen Heights: Bogota,Aspen Heights,Bogota,premium,1,1,0,4,177.16,708.64
a24496d4-53cb-11ea-a35b-b88a60e194fb,UAI-TN68,orderid:451744,crmid:3363817914,2019-12-17T02:03:26.000Z,website,prd1194,1578535406,1578881006,2020-01-09T02:03:26+00:00,2020-01-13T02:03:26+00:00,Restful Nights: Tianjin,Restful Nights,Tianjin,standard,1,1,3,4,181.65,726.6
a2455a2c-53cb-11ea-b708-b88a60e194fb,AKT-UQLV,orderid:812351,crmid:4377775291,2019-12-26T13:02:35.000Z,call center,prd1004,1579438955,1579957355,2020-01-19T13:02:35+00:00,2020-01-25T13:02:35+00:00,Aspen Heights: Boulder,Aspen Heights,Boulder,standard,1,1,0,6,146.54,879.24
a2464480-53cb-11ea-9772-b88a60e194fb,SRJ-K7UR,orderid:789855,crmid:2368747688,2019-12-28T23:45:59.000Z,website,prd1184,1579823159,1581205559,2020-01-23T23:45:59+00:00,2020-02-08T23:45:59+00:00,Aspen Heights: Arlington,Aspen Heights,Arlington,standard,1,1,4,16,134.1,2145.6
a24707d4-53cb-11ea-87f9-b88a60e194fb,TWN-DGTT,orderid:689531,crmid:8705243352,2020-02-07T01:13:14.000Z,website,prd1064,1581124394,1581469994,2020-02-08T01:13:14+00:00,2020-02-12T01:13:14+00:00,Aspen Heights: Paris,Aspen Heights,Paris,presidential-suite,1,1,0,4,867.36,3469.44
a2492954-53cb-11ea-898f-b88a60e194fb,XPS-BX6V,orderid:843053,crmid:3762788023,2019-12-14T18:57:16.000Z,kiosk,prd1111,1576954636,1577905036,2019-12-21T18:57:16+00:00,2020-01-01T18:57:16+00:00,Family Fun Hotels: Prague,Family Fun Hotels,Prague,premium,1,1,0,11,170.67,1877.37
a24a6368-53cb-11ea-8be9-b88a60e194fb,U6C-BPHJ,orderid:336740,crmid:6987260950,2019-12-11T05:36:35.000Z,call center,prd1009,1576301795,1576474595,2019-12-14T05:36:35+00:00,2019-12-16T05:36:35+00:00,Admiralty Plaza: San Antonio,Admiralty Plaza,San Antonio,standard,1,1,0,2,155.29,310.58
a24b26ae-53cb-11ea-9454-b88a60e194fb,5TC-IYSB,orderid:584538,crmid:2713529043,2019-12-05T00:20:51.000Z,kiosk,prd1143,1577751651,1578183651,2019-12-31T00:20:51+00:00,2020-01-05T00:20:51+00:00,Hospitality Inn: San Antonio,Hospitality Inn,San Antonio,standard,1,1,0,5,172.57,862.85
a24c10a8-53cb-11ea-9c85-b88a60e194fb,ZVM-RXDC,orderid:749072,crmid:2275936714,2019-12-28T09:28:34.000Z,website,prd1185,1577698114,1577784514,2019-12-30T09:28:34+00:00,2019-12-31T09:28:34+00:00,Sapphire Suites: New Orleans,Sapphire Suites,New Orleans,standard,1,1,0,1,138.65,138.65
a24cfb42-53cb-11ea-8e49-b88a60e194fb,XGT-YRUZ,orderid:940156,crmid:3161337657,2019-12-07T22:03:56.000Z,mobile,prd1079,1575929036,1576015436,2019-12-09T22:03:56+00:00,2019-12-10T22:03:56+00:00,Nesting Box Inn: Chennai,Nesting Box Inn,Chennai,standard,1,1,0,1,129.12,129.12
a24e0cac-53cb-11ea-84cf-b88a60e194fb,XXJ-PTTL,orderid:274529,crmid:8043183812,2019-12-03T13:15:53.000Z,call center,prd1177,1577452553,1577884553,2019-12-27T13:15:53+00:00,2020-01-01T13:15:53+00:00,Admiralty Plaza: Raleigh,Admiralty Plaza,Raleigh,standard,1,1,0,5,155.93,779.65
a24f6aee-53cb-11ea-a369-b88a60e194fb,MTR-AVN4,orderid:584739,crmid:2754446327,2020-01-17T07:24:32.000Z,call center,prd1057,1581837872,1582010672,2020-02-16T07:24:32+00:00,2020-02-18T07:24:32+00:00,Admiralty Plaza: Mumbai,Admiralty Plaza,Mumbai,standard,1,1,0,2,155.69,311.38
a2502f9a-53cb-11ea-a30c-b88a60e194fb,FJR-GQIU,orderid:866759,crmid:8452753890,2020-01-28T06:06:18.000Z,mobile,prd1125,1582351578,1582956378,2020-02-22T06:06:18+00:00,2020-02-29T06:06:18+00:00,Sapphire Suites: Palermo,Sapphire Suites,Palermo,standard,1,1,0,7,156.03,1092.21
a25119ee-53cb-11ea-ba15-b88a60e194fb,8VL-YSFV,orderid:471351,crmid:3998285942,2020-02-06T16:43:52.000Z,kiosk,prd1156,1581698632,1582303432,2020-02-14T16:43:52+00:00,2020-02-21T16:43:52+00:00,Sandhill: Washington DC,Sandhill,Washington DC,standard,1,1,0,7,148.17,1037.19
a251dd46-53cb-11ea-8e93-b88a60e194fb,WI8-UQYH,orderid:263063,crmid:5283746037,2020-02-02T12:33:33.000Z,service desk,prd1058,1582374813,1582893213,2020-02-22T12:33:33+00:00,2020-02-28T12:33:33+00:00,Blue Reef Resort: Delhi,Blue Reef Resort,Delhi,premium,1,1,0,6,106.07,636.42
a252eeb4-53cb-11ea-8403-b88a60e194fb,2EH-D7OL,orderid:458619,crmid:9018292693,2020-01-12T19:53:54.000Z,call center,prd1056,1580759634,1581105234,2020-02-03T19:53:54+00:00,2020-02-07T19:53:54+00:00,Repose Resort: Aurora,Repose Resort,Aurora,standard,1,1,0,4,131.96,527.84
a253b224-53cb-11ea-95a8-b88a60e194fb,Z0V-NAIV,orderid:795790,crmid:2451963953,2020-01-31T20:16:04.000Z,service desk,prd1040,1580760964,1581624964,2020-02-03T20:16:04+00:00,2020-02-13T20:16:04+00:00,Aspen Heights: Atlanta,Aspen Heights,Atlanta,standard,1,1,0,10,136.89,1368.9
a254c394-53cb-11ea-8412-b88a60e194fb,OLA-INN1,orderid:568381,crmid:1291609300,2019-12-18T04:36:47.000Z,call center,prd1064,1578976607,1580531807,2020-01-14T04:36:47+00:00,2020-02-01T04:36:47+00:00,Aspen Heights: Paris,Aspen Heights,Paris,standard,1,1,3,18,157.24,2830.32
a25586e4-53cb-11ea-aa6b-b88a60e194fb,OKR-DWZU,orderid:864014,crmid:1821817713,2020-01-26T08:10:47.000Z,call center,prd1027,1580199047,1580544647,2020-01-28T08:10:47+00:00,2020-02-01T08:10:47+00:00,Family Fun Hotels: Memphis,Family Fun Hotels,Memphis,premium,1,1,0,4,165.32,661.28
a2564a14-53cb-11ea-b910-b88a60e194fb,ZWC-HLSX,orderid:227140,crmid:2497453644,2020-01-29T15:55:57.000Z,call center,prd1059,1582732557,1584028557,2020-02-26T15:55:57+00:00,2020-03-12T15:55:57+00:00,Hospitality Inn: Kinshasa,Hospitality Inn,Kinshasa,presidential-suite,1,1,0,15,1061.68,15925.2
a257339c-53cb-11ea-85a3-b88a60e194fb,7DA-8STT,orderid:294315,crmid:1138528907,2020-02-05T22:56:30.000Z,website,prd1007,1582844190,1583967390,2020-02-27T22:56:30+00:00,2020-03-11T22:56:30+00:00,Nesting Box Inn: Phoenix,Nesting Box Inn,Phoenix,standard,1,1,0,13,90.87,1181.31
a257f7e4-53cb-11ea-b157-b88a60e194fb,OFV-SZDG,orderid:568995,crmid:5180839692,2019-12-23T02:39:48.000Z,website,prd1182,1579315188,1579574388,2020-01-18T02:39:48+00:00,2020-01-21T02:39:48+00:00,Restful Nights: Minneapolis,Restful Nights,Minneapolis,standard,1,1,0,3,172.67,518.01
a258e0d0-53cb-11ea-9efd-b88a60e194fb,T1J-0OUH,orderid:359190,crmid:1703495829,2020-02-06T13:31:17.000Z,mobile,prd1127,1581255077,1581600677,2020-02-09T13:31:17+00:00,2020-02-13T13:31:17+00:00,Nesting Box Inn: Glasgow,Nesting Box Inn,Glasgow,standard,1,1,0,4,82.07,328.28
a25a1b7a-53cb-11ea-b807-b88a60e194fb,G2F-GKCC,orderid:628626,crmid:6304700813,2020-02-02T18:46:19.000Z,mobile,prd1177,1583174779,1584384379,2020-03-02T18:46:19+00:00,2020-03-16T18:46:19+00:00,Admiralty Plaza: Raleigh,Admiralty Plaza,Raleigh,luxury,1,1,0,14,354.61,4964.54
a25ade0a-53cb-11ea-90e4-b88a60e194fb,KTF-RZXP,orderid:555458,crmid:6359357349,2019-12-26T12:31:14.000Z,service desk,prd1106,1577622674,1577709074,2019-12-29T12:31:14+00:00,2019-12-30T12:31:14+00:00,Blue Reef Resort: Munich,Blue Reef Resort,Munich,luxury,1,1,0,1,338.6,338.6
a25ade0b-53cb-11ea-a249-b88a60e194fb,WOX-VQRJ,orderid:390511,crmid:6359357349,2019-12-31T00:00:00.000Z,website,prd1171,1578096000,1578355200,2020-01-04T00:00:00+00:00,2020-01-07T00:00:00+00:00,Family Fun Hotels: Sacramento,Family Fun Hotels,Sacramento,standard,1,1,0,3,185.44,556.32
a25ba146-53cb-11ea-b92b-b88a60e194fb,WJI-3DQX,orderid:692109,crmid:1869630853,2019-12-06T20:01:05.000Z,kiosk,prd1141,1577476865,1578081665,2019-12-27T20:01:05+00:00,2020-01-03T20:01:05+00:00,Admiralty Plaza: Phoenix,Admiralty Plaza,Phoenix,presidential-suite,1,1,3,7,782.52,5477.64
a25cb186-53cb-11ea-a8d1-b88a60e194fb,PK3-AGQR,orderid:518803,crmid:3219091180,2019-12-26T04:41:06.000Z,website,prd1196,1579495266,1579668066,2020-01-20T04:41:06+00:00,2020-01-22T04:41:06+00:00,Aspen Heights: Moscow,Aspen Heights,Moscow,standard,1,1,0,2,175.38,350.76
a25dc2f6-53cb-11ea-9202-b88a60e194fb,NMP-M7WZ,orderid:446687,crmid:8122952756,2019-12-08T20:21:55.000Z,website,prd1131,1577478115,1577564515,2019-12-27T20:21:55+00:00,2019-12-28T20:21:55+00:00,Hospitality Inn: Sheffield,Hospitality Inn,Sheffield,standard,1,1,0,1,163.58,163.58
a25e8646-53cb-11ea-847d-b88a60e194fb,3DB-MVXW,orderid:616629,crmid:4350084700,2020-01-16T05:10:26.000Z,call center,prd1169,1581052226,1581657026,2020-02-07T05:10:26+00:00,2020-02-14T05:10:26+00:00,Grandeur Hotels: Tucson,Grandeur Hotels,Tucson,premium,1,1,0,7,130.89,916.23
a25f4a26-53cb-11ea-b0b2-b88a60e194fb,CPQ-B0MB,orderid:893066,crmid:4037638647,2019-12-29T08:39:53.000Z,mobile,prd1076,1577695193,1577867993,2019-12-30T08:39:53+00:00,2020-01-01T08:39:53+00:00,Aspen Heights: Bogota,Aspen Heights,Bogota,standard,1,1,0,2,118.17,236.34
a25f709e-53cb-11ea-be2d-b88a60e194fb,LPT-L7W2,orderid:152541,crmid:4037638647,2020-01-03T00:00:00.000Z,website,prd1081,1578268800,1578355200,2020-01-06T00:00:00+00:00,2020-01-07T00:00:00+00:00,Admiralty Plaza: Rod de Janeiro,Admiralty Plaza,Rod de Janeiro,premium,1,1,0,1,149.83,149.83
a25f97b0-53cb-11ea-9f12-b88a60e194fb,QD6-5QKG,orderid:675528,crmid:4037638647,2020-01-09T00:00:00.000Z,call center,prd1160,1578700800,1579132800,2020-01-11T00:00:00+00:00,2020-01-16T00:00:00+00:00,Aspen Heights: Nashville,Aspen Heights,Nashville,standard,1,1,0,5,168.08,840.4
a2608210-53cb-11ea-b72f-b88a60e194fb,MT3-MWHC,orderid:861963,crmid:1652220653,2020-01-28T01:47:09.000Z,mobile,prd1094,1582422429,1583200029,2020-02-23T01:47:09+00:00,2020-03-03T01:47:09+00:00,Blue Reef Resort: Berlin,Blue Reef Resort,Berlin,standard,1,1,0,9,119.77,1077.93
a2611e4c-53cb-11ea-a439-b88a60e194fb,J5L-I7HI,orderid:613138,crmid:5647865817,2020-01-19T12:27:00.000Z,kiosk,prd1053,1580041620,1580646420,2020-01-26T12:27:00+00:00,2020-02-02T12:27:00+00:00,Sapphire Suites: Cleveland,Sapphire Suites,Cleveland,standard,1,1,0,7,162.33,1136.31
a2627dc0-53cb-11ea-a1bf-b88a60e194fb,BAC-C64O,orderid:277575,crmid:5001263160,2020-02-13T20:16:16.000Z,website,prd1032,1583007376,1583612176,2020-02-29T20:16:16+00:00,2020-03-07T20:16:16+00:00,Repose Resort: Baltimore,Repose Resort,Baltimore,standard,1,1,0,7,159.49,1116.43
a263410a-53cb-11ea-addf-b88a60e194fb,AOR-H8HO,orderid:758200,crmid:3122840103,2019-12-24T06:14:17.000Z,website,prd1011,1579328057,1579500857,2020-01-18T06:14:17+00:00,2020-01-20T06:14:17+00:00,Hospitality Inn: Dallas,Hospitality Inn,Dallas,standard,1,1,0,2,146.29,292.58
a2640452-53cb-11ea-8e1d-b88a60e194fb,RDN-VDYM,orderid:656937,crmid:6392976656,2019-12-14T15:58:14.000Z,website,prd1062,1578412694,1578499094,2020-01-07T15:58:14+00:00,2020-01-08T15:58:14+00:00,Restful Nights: Moscow,Restful Nights,Moscow,standard,1,1,0,1,145.22,145.22
a264eeb6-53cb-11ea-b968-b88a60e194fb,9EK-2WKV,orderid:880826,crmid:5372381720,2020-02-16T17:41:40.000Z,kiosk,prd1165,1582306900,1582479700,2020-02-21T17:41:40+00:00,2020-02-23T17:41:40+00:00,Admiralty Plaza: Louisville,Admiralty Plaza,Louisville,standard,1,1,0,2,168.21,336.42
a265d910-53cb-11ea-9877-b88a60e194fb,0PK-HL4G,orderid:222994,crmid:1444352905,2020-02-07T07:31:39.000Z,kiosk,prd1184,1582702299,1583047899,2020-02-26T07:31:39+00:00,2020-03-01T07:31:39+00:00,Aspen Heights: Arlington,Aspen Heights,Arlington,premium,1,1,0,4,165.25,661.0
a266c37e-53cb-11ea-b890-b88a60e194fb,LVR-Z5UE,orderid:152061,crmid:7498968778,2019-12-12T18:12:05.000Z,kiosk,prd1085,1578161525,1578852725,2020-01-04T18:12:05+00:00,2020-01-12T18:12:05+00:00,Grandeur Hotels: Saint Petersburg,Grandeur Hotels,Saint Petersburg,standard,1,1,0,8,144.5,1156.0
a267d4e8-53cb-11ea-abe4-b88a60e194fb,NXN-KIL7,orderid:601242,crmid:3476931583,2020-01-28T05:49:43.000Z,website,prd1143,1581918583,1583473783,2020-02-17T05:49:43+00:00,2020-03-06T05:49:43+00:00,Hospitality Inn: San Antonio,Hospitality Inn,San Antonio,standard,1,1,0,18,98.82,1778.76
a2689838-53cb-11ea-bc98-b88a60e194fb,Y9N-ZFOM,orderid:701837,crmid:9804593702,2020-01-17T16:14:31.000Z,call center,prd1081,1581264871,1581869671,2020-02-09T16:14:31+00:00,2020-02-16T16:14:31+00:00,Admiralty Plaza: Rod de Janeiro,Admiralty Plaza,Rod de Janeiro,standard,1,1,0,7,130.54,913.78
a2695b8c-53cb-11ea-b935-b88a60e194fb,MX7-TH7U,orderid:359123,crmid:2370735788,2020-02-10T00:57:58.000Z,website,prd1129,1583715478,1585097878,2020-03-09T00:57:58+00:00,2020-03-25T00:57:58+00:00,Admiralty Plaza: Helsinki,Admiralty Plaza,Helsinki,standard,1,1,0,16,139.08,2225.28
