crmid,email,first_name,last_name,gender,mobile telephone,city,country,zip,state,street address,birthday,historicalpoints
crmid:5079147205,thimblerigger2012@gmail.com,Enrique,Wilkins,male,687-498-2851,Bixby,United States,89104,Colorado,425 San Buenaventura,1939-12-30,606
crmid:2859802809,vituperative1960@gmail.com,Edra,Terry,female,514-346-8079,Dearborn,United States,10033,South Dakota,232 Ramona,1953-03-29,415
crmid:1012552945,transform2010@outlook.com,Raymonde,Shaw,female,854-067-1361,Toledo,United States,14543,Washington,861 Union,1949-07-27,2876
crmid:2363900852,dorter1867@gmail.com,Darren,Wyatt,,119-782-4082,Hopkinsville,United States,90595,West Virginia,190 Florida,1973-01-11,1804
crmid:5290945227,axenic1828@yahoo.com,Dale,Sharp,,417-832-5365,Hopkins,United States,68568,Maine,116 Columbia Square,1973-10-10,2500
crmid:4036302607,chauffeur1936@live.com,Clinton,Hopkins,,359-707-5658,La Mirada,United States,30994,New York,196 Jasper,1978-06-02,1473
crmid:8810360367,ammar1961@outlook.com,Scot,Pearson,male,105-306-2183,Bainbridge Island,United States,55671,Alaska,1195 Alabama,1935-09-23,1159
crmid:7232650617,warthog1993@gmail.com,Son,Velez,male,842-847-9363,Ceres,United States,50384,Iowa,1340 Santa Monica,1945-09-29,2773
crmid:9136976255,rhizobium1930@outlook.com,Sam,Bentley,,933-823-7851,Homewood,United States,89260,Oregon,403 Hunter,1973-06-20,1750
crmid:5203147025,dunker1830@yahoo.com,Youlanda,Snow,female,087-453-4873,Elk River,United States,65300,Utah,952 Shawnee,1959-11-18,1386
crmid:9293080068,semitropic1953@live.com,Damon,Malone,,476-936-5273,Glenview,United States,49414,Maryland,838 Forsyth,1966-08-27,2132
crmid:9072571631,oxides2050@yandex.com,Marc,Bennett,,288-241-6619,Sylvania,United States,90980,Illinois,1305 Montezuma,1988-01-16,1837
crmid:4440377214,chromatics1934@gmail.com,Eugenio,Dodson,male,379-490-3025,Bell Gardens,United States,11766,Alabama,1257 Masonic,1937-04-08,756
crmid:7243080585,lifters2057@yandex.com,Chantay,Silva,female,215-899-2060,Danbury,United States,07252,Connecticut,1171 Humboldt,1952-02-27,424
crmid:8393797128,criminologist1802@gmail.com,Mckinley,Whitehead,,377-345-1515,Maple Valley,United States,52595,Tennessee,713 Alana,1986-09-27,1914
crmid:3081412137,faultlessly1813@yahoo.com,Quincy,Henson,,062-425-0248,Sapulpa,United States,88424,Michigan,39 Austin,1989-08-09,1258
crmid:3740571825,mulctary2032@outlook.com,Dewitt,Harrington,,552-635-9298,Lindenwold,United States,48689,Missouri,930 Opal,1983-07-28,2130
crmid:4194404342,subopercle1843@outlook.com,Clifford,Grant,,438-616-7065,Herriman,United States,61216,Texas,820 Carl,1971-11-25,1168
crmid:7212588837,emilee2006@yandex.com,Benedict,Hines,,193-942-8676,North Canton,United States,79445,Nebraska,890 General Kennedy,1998-12-27,527
crmid:7150870956,darnel1897@outlook.com,Marlin,Moon,,049-723-1477,Menlo Park,United States,13765,Illinois,18 Vassar,1989-03-12,676
crmid:1833210069,april1960@live.com,Marcel,Pittman,,521-911-6584,Trussville,United States,33436,Texas,1181 Salmon,1971-06-12,1424
crmid:1927002868,pleurotoma2023@gmail.com,Milton,Bright,male,858-679-9966,Brookings,United States,48548,Pennsylvania,223 Hussey,1942-07-04,494
crmid:7245623191,able1966@live.com,Rudolph,Wilkins,,856-343-8355,Snellville,United States,20447,South Carolina,1190 Ggp Access Road,1968-03-01,595
crmid:5694824930,earles1989@live.com,Casey,Frederick,,927-883-9715,Morgantown,United States,49789,Colorado,909 Lily,1993-08-27,967
crmid:5358214497,hereinabove1802@live.com,Rich,Landry,male,523-719-8056,Avondale,United States,95136,Maryland,1199 Oscar,1935-08-17,1330
crmid:5052541551,netchilik2040@gmail.com,Felicidad,Rice,female,360-556-4683,Dunedin,United States,68796,Virginia,1150 Lynch,1956-11-21,2227
crmid:5667225613,broom2029@gmail.com,Clemente,Barry,,993-954-3988,Greenfield,United States,69090,Delaware,919 Moore,1968-11-13,2955
crmid:2713070827,documentaries2043@yandex.com,Scarlet,Goodman,female,641-080-9376,Sanford,United States,74184,Tennessee,1040 Seal Rock,1955-08-12,1926
crmid:6052537924,mayfly1886@outlook.com,Cedrick,Porter,,298-937-5517,Sycamore,United States,86440,South Carolina,346 Macedonia,1989-08-06,2277
crmid:1204234694,unthumped2044@outlook.com,Delta,Andrews,female,500-012-8635,Chester,United States,16655,California,212 Benton,1946-02-01,588
crmid:9102209078,disembroilment2026@yahoo.com,Patrick,Matthews,,007-414-6371,North Ogden,United States,79448,Wisconsin,82 Rockaway,1998-12-10,1317
crmid:2850960951,upbrighten1809@live.com,Noe,Spears,male,373-981-0686,Ocala,United States,04650,Michigan,687 Overlook,1938-07-27,564
crmid:5276769074,chylification2014@gmail.com,Hoyt,Holloway,,896-060-8630,Natchez,United States,25428,Kentucky,136 Quintara,1995-05-24,2471
crmid:1206784567,precisionize1889@live.com,Demetrius,Vincent,male,423-211-6475,Acworth,United States,89890,Michigan,1041 King,1930-03-30,1554
crmid:4487074807,electromassage1802@yandex.com,Philip,Valentine,,979-056-5667,Rocky River,United States,74141,Alabama,1342 Bannock,1973-07-09,531
crmid:6027955042,dairyman2021@yahoo.com,Sylvester,Huber,,811-095-0703,South Jordan,United States,49104,Arizona,1385 Reno,1985-09-17,2949
crmid:6987941238,brigandine1903@outlook.com,Clayton,Lowery,,397-833-2372,Green Bay,United States,20556,California,726 Woodacre,1968-05-15,1253
crmid:6701137184,balaban1991@yahoo.com,Logan,Noble,,094-260-8494,Hobart,United States,93323,Alabama,944 Mendell,1972-04-13,2494
crmid:2647077499,indisciplinable1950@yandex.com,Robby,Preston,male,051-294-3769,Redondo Beach,United States,04287,Maine,59 North View,1939-08-24,2201
crmid:4821454441,conger1908@gmail.com,Hunter,Pittman,,962-470-8179,Longmont,United States,03290,Indiana,727 Matthew,1984-02-24,2644
crmid:3215403586,atopy2037@live.com,Willow,Boyle,female,916-826-3919,Rancho Mirage,United States,17074,Delaware,1302 Cervantes,1954-09-03,1490
crmid:5262280975,candida1872@yandex.com,Willis,Hodge,male,675-348-5737,Burien,United States,84516,Alabama,646 Tucker,1942-10-14,2466
crmid:8001671567,chafe2000@yahoo.com,Jeni,Franklin,female,471-082-9852,Denison,United States,57323,Maryland,1024 Royal,1954-10-20,1913
crmid:4632485615,leopard1805@live.com,Gene,Rice,male,779-101-7425,Cabot,United States,24558,Pennsylvania,326 Bromley,1943-04-24,2060
crmid:2521983648,dermis1925@live.com,Wilmer,Mccarthy,,680-100-3716,Sunrise,United States,31532,Rhode Island,196 Palou,1977-05-06,1001
crmid:3537896970,drier1995@outlook.com,Emilee,Knox,female,871-477-2359,Elizabeth City,United States,19063,Arizona,517 Corona,1959-03-16,1037
crmid:7172372283,chrysant1810@yahoo.com,Emery,Ward,,361-634-8073,Garfield,United States,80129,Alaska,813 Josepha,1965-07-01,2267
crmid:8056452098,fermentitious1862@live.com,Ernie,Randall,,182-731-0204,Lebanon,United States,16131,New Hampshire,1194 Elmhurst,1981-03-16,2031
crmid:2825685490,homeothermic1923@yandex.com,Else,Mccray,female,603-483-1503,Cumberland,United States,85623,Tennessee,335 Campbell,1952-03-19,1532
crmid:2330376798,cichlid2051@live.com,Geoffrey,Lopez,male,607-820-5710,Broken Arrow,United States,24531,West Virginia,1060 Montezuma,1941-04-17,545
crmid:8866539618,opossum1983@gmail.com,Glenn,Velez,female,262-459-0935,North Miami Beach,United States,29289,North Dakota,1236 Horace,1998-04-06,1406
crmid:9056438583,ambivalent1863@yandex.com,Thaddeus,Church,,595-122-2562,Moreno Valley,United States,55508,Hawaii,825 Fredela,1993-10-19,1733
crmid:4714495192,bornagain2034@yahoo.com,Kerry,Valentine,,035-506-5286,Maryville,United States,71132,New Jersey,5 Patton,1987-12-19,1406
crmid:9611002144,wingding1918@outlook.com,Patrick,Dickson,,122-600-7382,Hendersonville,United States,41458,Delaware,852 Clearfield,1971-08-19,2408
crmid:3796838299,assistency1817@gmail.com,Tamie,Puckett,female,187-430-9175,North Chicago,United States,17101,Tennessee,1118 Pomona,1998-03-16,2396
crmid:5462283906,loupes1878@live.com,Anja,Singleton,female,144-050-1458,Dana Point,United States,98675,North Dakota,502 Cotter,1952-01-27,642
crmid:2812513139,saltire1914@yandex.com,Ayako,Bauer,female,528-960-9473,Tiffin,United States,50936,Michigan,979 Helena,1946-01-02,2574
crmid:5969775400,stenocephaly1860@yandex.com,Reinaldo,Atkinson,,996-146-0364,Los Angeles,United States,54419,Tennessee,411 Coralino,1984-09-05,2023
crmid:9514315783,fermentitious1842@outlook.com,Connie,Fletcher,,222-579-5613,Joplin,United States,53818,North Carolina,874 Cardenas,1976-09-07,1760
crmid:8920296099,aluminosis1951@outlook.com,Jazmine,King,female,162-390-8974,Elmwood Park,United States,25755,Georgia,600 Central Magazine,1959-04-16,2873
crmid:9351343436,seiser1920@live.com,Mariano,Green,,360-538-6487,Indio,United States,33930,Pennsylvania,1316 Marview,1974-06-27,1222
crmid:5420432197,nonphysiologically1842@live.com,Timothy,Brennan,,403-836-0086,Goodyear,United States,61549,Colorado,822 Touchard,1967-11-13,1164
crmid:5283376051,solvus2037@live.com,Noble,Stone,,797-236-7729,Superior,United States,31844,New Jersey,491 Belles,1974-07-07,923
crmid:5105307189,drainer2040@gmail.com,Ernest,Hickman,,796-461-5767,Fort Worth,United States,09455,New Mexico,572 San Pablo,1963-02-04,560
crmid:1897307826,scaled1821@yahoo.com,Solange,Clark,female,441-599-7780,Daphne,United States,43044,Florida,1099 Owens,1953-08-06,2327
crmid:6594315985,foeship2041@live.com,Duncan,Buchanan,male,558-285-4378,Avondale,United States,85813,New Mexico,1102 Upton,1935-12-20,1123
crmid:6999188202,corabelle1869@yahoo.com,Danille,Mayo,female,743-057-9432,Tullahoma,United States,19139,Tennessee,859 Hilton,1948-10-31,542
crmid:3624977512,dryermen1989@yandex.com,Jasper,Olsen,,980-743-1739,Harrisburg,United States,49647,Mississippi,62 San Buenaventura,1970-08-14,1138
crmid:7965386977,ayoup1941@yandex.com,Terry,Conley,male,953-818-2130,Canton,United States,59879,New Hampshire,814 Stow Lake,1944-09-07,2735
crmid:4308172017,deathy1959@yahoo.com,Sonny,Davis,,232-080-7731,Lindenhurst,United States,56829,Wyoming,786 Lopez,1983-09-07,1070
crmid:7504285241,alair1872@yandex.com,Dominic,Carver,male,745-754-5763,Bloomingdale,United States,19358,Virginia,901 Torney,1939-03-05,653
crmid:1231527088,caddle1914@outlook.com,Jeanene,Lindsey,female,188-577-8176,Chicopee,United States,77255,Illinois,1389 Chula,1947-12-19,564
crmid:4916817840,barit1916@yahoo.com,Diego,Warner,,063-112-6955,Owatonna,United States,45122,California,1343 Sanches,1990-06-17,1360
crmid:6521716898,electrolysis1926@outlook.com,Lacresha,Nicholson,female,163-672-7966,Mountain View,United States,22552,Connecticut,1267 Ridge,1994-04-24,616
crmid:8498915090,politics1983@yandex.com,Samuel,Leon,,968-877-7562,Lockport,United States,88456,Massachusetts,1096 Monticello,1983-06-27,1447
crmid:2260679592,podagry1995@gmail.com,Ed,Valencia,male,712-735-0635,Bryan,United States,10371,Louisiana,39 Encanto,1942-03-29,2567
crmid:3439729757,moguls2065@yahoo.com,Alfonzo,Vincent,male,097-017-1622,Brook Park,United States,60350,Ohio,4 Kenneth Rexroth,1941-11-01,419
crmid:6021998899,sulphoselenide1876@live.com,Billie,Fernandez,male,029-176-5157,Alice,United States,04155,Alaska,372 Dutton,1931-01-09,1940
crmid:5858392301,merry1985@outlook.com,Salvatore,Davenport,male,027-562-6265,Billings,United States,82030,Illinois,975 Monterey,1939-09-07,2590
crmid:4974884482,yaird1851@gmail.com,Larhonda,Zamora,female,065-322-9395,Clarksburg,United States,20881,Arkansas,537 Vidal,1948-05-02,1492
crmid:7291172717,eland1823@outlook.com,Gabriel,Weeks,,448-345-0745,Zanesville,United States,45259,Arizona,908 Apollo,1981-07-17,1282
crmid:5908732557,cambridge2001@outlook.com,Barton,Roth,male,971-399-6000,Riverton,United States,07439,West Virginia,780 Crisp,1941-01-25,1361
crmid:4981943422,carnations1994@outlook.com,Elwood,Carey,,284-068-4149,Mount Prospect,United States,76811,Rhode Island,779 Seventh,1993-08-21,1783
crmid:5380938245,birken1869@live.com,Tristan,Berry,,151-498-4691,Rahway,United States,73736,Oklahoma,942 Broadmoor,1976-09-23,423
crmid:5525615913,archeus2058@yahoo.com,Richard,Booth,,578-074-2993,Gresham,United States,29506,Maine,777 Sutter,1968-04-19,804
crmid:5828172917,gieaway1807@live.com,Zachery,Horne,male,640-627-8613,Benicia,United States,94258,Arizona,433 Roscoe,1938-10-14,2913
crmid:1428570545,subinferred1912@yandex.com,Frederic,Duffy,male,410-438-6970,Bradenton,United States,28224,Idaho,161 West Crystal Cove,1941-04-08,2063
crmid:9742023178,veining1848@gmail.com,Gil,Henderson,,884-697-1669,Henderson,United States,73028,Virginia,959 Burnside,1971-11-12,1681
crmid:5671084769,nasociliary1882@yandex.com,Wilford,William,,762-255-9463,Leawood,United States,91594,Oklahoma,1398 Edgewood,1981-07-07,743
crmid:4037864565,squeal1899@outlook.com,Horacio,Nunez,,966-531-2197,Plum,United States,30251,Michigan,1298 Merritt,1980-08-03,1194
crmid:2499600911,capuche1840@yahoo.com,Soo,Tyler,female,174-194-2579,Colonial Heights,United States,42481,West Virginia,847 Phoenix,1949-08-29,2755
crmid:5546144148,aperies1827@yandex.com,Rosario,Travis,,545-102-2317,San Antonio,United States,93341,Arkansas,1188 Vallejo,1963-06-06,797
crmid:1355510129,diploplaculate1859@yahoo.com,Rupert,Duffy,male,142-312-3006,Avondale,United States,43731,New Jersey,670 Hamlin,1935-08-08,335
crmid:9535980265,dosanjh1957@yahoo.com,Claud,Brooks,,133-341-3341,Grants Pass,United States,74810,Maryland,240 Dirk Dirksen,1967-12-09,1378
crmid:8517116837,sequined1988@live.com,Marline,Cameron,female,077-870-2499,Deerfield,United States,36739,California,1368 Battery Cranston,1954-06-05,2261
crmid:4791790782,jollier2027@gmail.com,Jessika,Thornton,female,597-968-6323,Denver,United States,88695,Montana,1268 Crook,1954-04-29,2494
crmid:5054323037,unhappen1964@live.com,Hank,Garcia,,824-614-4500,Logansport,United States,64243,Hawaii,82 Granville,1983-10-02,1607
crmid:8926957626,benthic1856@live.com,Gaston,Daniels,,428-283-2380,Mount Vernon,United States,33264,Delaware,918 El Verano,1994-07-04,466
crmid:2410155330,indris1849@yandex.com,Arnold,Patrick,,230-303-8151,Vincennes,United States,33936,South Dakota,479 Chaves,1979-11-13,2352
crmid:3111148271,calcar2042@yandex.com,Sydney,Wilder,,691-354-6820,Fort Worth,United States,76905,Idaho,1380 Digby,1963-09-21,2718
