crmid,email,first_name,last_name,gender,mobile telephone,city,country,zip,state,street address,birthday,historicalpoints
crmid:3324631080,fatuities1977@gmail.com,Elly,Mack,female,887-632-6611,Everett,United States,10836,Minnesota,1340 Magnolia,1960-03-18,1287
crmid:9269802747,propositi1864@yandex.com,Jamal,Nash,male,595-754-7799,Bangor,United States,29015,Iowa,737 Winding,1936-05-21,899
crmid:7420921408,novcic2002@yahoo.com,Benny,Castillo,,820-739-3387,Pittsburg,United States,39002,Montana,541 Holladay,1978-01-31,2350
crmid:3596450795,suez1836@live.com,Shawana,Myers,female,218-124-9872,Columbia Heights,United States,96593,Utah,1254 Corwin,1949-08-21,1705
crmid:7532208344,bugler1926@live.com,Cory,Clayton,,325-571-3707,Highland Village,United States,51714,Virginia,1057 Himmelmann,1971-09-07,888
crmid:3431225432,ruthlessness1858@outlook.com,Allen,Eaton,,896-659-6329,Vernon Hills,United States,20005,Vermont,586 Concourse,1967-01-13,2673
crmid:8717022512,montebrasite1822@gmail.com,Monty,Payne,,793-414-5672,Los Angeles,United States,05886,South Dakota,563 Blythdale,1984-01-22,1370
crmid:8089747117,backgammon1858@gmail.com,Emmitt,Brennan,,787-298-6059,Socorro,United States,32701,Colorado,1090 Crags,1969-10-07,1633
crmid:3417674864,apostolize2047@gmail.com,Ernie,Maddox,male,700-877-3632,Bremerton,United States,18094,Arizona,106 Rodriguez,1941-04-18,1179
crmid:3383691160,wongsky2016@live.com,Marvin,Stanton,,262-282-8754,Leawood,United States,35844,Iowa,1342 Brighton,1981-06-15,2963
crmid:2485470373,lehuas2000@live.com,Kent,Petty,,049-400-4734,Mount Juliet,United States,67034,Montana,885 Beachmont,1993-10-01,2521
crmid:5293903391,ethically2007@outlook.com,Shirley,Dennis,,669-154-6701,Galt,United States,63554,Vermont,921 Arnold,1965-11-13,2275
crmid:9267825252,brewages2025@outlook.com,Waldo,Merritt,,535-828-5512,Painesville,United States,33762,Montana,1053 Palace Of Fine Arts,1981-06-11,2495
crmid:1741454591,horseheads1965@live.com,Cordia,Vincent,female,539-278-9018,Fairhope,United States,80435,Mississippi,493 Edgar,1961-02-15,2332
crmid:8874760280,raven1961@gmail.com,Alberto,Guerrero,,701-019-4081,Utica,United States,38336,Rhode Island,1396 Winding,1977-01-28,2799
crmid:5131257879,huddled2037@live.com,Carrol,Serrano,male,045-983-3763,Palmdale,United States,70494,New York,373 Cuba,1938-02-26,2742
crmid:2810083829,consolato2039@gmail.com,Maria,Hyde,,318-146-9911,Windsor,United States,50045,New Jersey,675 Daggett,1987-01-12,983
crmid:3371992496,jyngine1985@outlook.com,Bertram,Barry,male,033-459-3934,Carlsbad,United States,60030,Mississippi,953 Mountain Spring,1944-12-02,1960
crmid:3099338820,raven2043@live.com,Emil,Crosby,,972-964-2961,Sherman,United States,82726,New Mexico,810 Brice,1977-04-17,413
crmid:4995609050,waftage1995@live.com,Ferdinand,Higgins,,633-786-9736,Newport Beach,United States,75394,Missouri,1289 Battery East,1997-07-18,1400
crmid:1146853518,thorpes2038@outlook.com,Susann,Soto,female,071-307-8225,North Ogden,United States,97454,Arizona,409 Harper,1998-03-24,656
crmid:1413007447,codebreaker1910@outlook.com,Sid,Mcdowell,,331-083-0458,Laramie,United States,16552,Missouri,883 Liebig,1980-02-11,2048
crmid:2427828170,agnar1930@yandex.com,Shirleen,Noble,female,214-600-6690,Denver,United States,41221,New Mexico,1314 Toledo,1954-08-21,768
crmid:1171782684,ardith1802@outlook.com,Stan,Warren,male,073-689-9846,Americus,United States,69380,Iowa,1351 Blanken,1932-11-17,447
crmid:7076842723,devaluation1922@live.com,Cody,Holcomb,male,901-450-6441,Bergenfield,United States,19429,Colorado,907 Danton,1938-02-14,1677
crmid:8964773325,nonblooming1802@yahoo.com,Raymon,Barrera,,771-471-6060,Palm Desert,United States,82086,Arizona,1026 Jessie West,1962-05-07,1528
crmid:2984560871,subelliptic1811@yahoo.com,Korey,Kemp,,413-957-8780,Idaho Falls,United States,23437,Alaska,47 Scott,1974-05-19,1946
crmid:9421663131,akinesia1971@live.com,Willard,Battle,male,768-451-2852,Adrian,United States,59785,Missouri,1333 Bay View,1930-10-02,1565
crmid:9272533071,antipodes1868@outlook.com,Tim,Rowland,male,939-254-1166,Cape Girardeau,United States,55193,Ohio,391 Greenwood,1944-09-25,794
crmid:1881599792,bombings1962@live.com,Boyce,Workman,male,807-040-3559,South San Francisco,United States,09338,Alaska,634 Cedar,1938-01-31,638
crmid:6728763609,ether1874@live.com,Chuck,Steele,,552-969-1786,North Ridgeville,United States,90568,Montana,1286 Marina Green,1999-08-01,2427
crmid:9288371148,dominium1849@gmail.com,Rufus,Todd,,904-897-4692,Lewisville,United States,09850,California,832 Bank,1982-02-13,318
crmid:8541349043,undistinguished1835@yahoo.com,Cordia,Pittman,female,350-755-5023,Sparks,United States,17803,Rhode Island,891 Allen,1951-02-23,1796
crmid:4005684008,analytic2038@yahoo.com,Brooks,Jimenez,,754-090-2968,Marion,United States,62964,Kentucky,956 Alameda,1987-11-20,2774
crmid:8799660930,assays1916@outlook.com,Jean,O'brien,male,633-328-1119,Carson,United States,66972,South Carolina,742 Harris,1944-11-10,1330
crmid:6068686497,outlet1928@outlook.com,Harvey,Munoz,,606-353-2017,Frankfort,United States,42286,Oregon,1215 Homestead,1963-07-06,1218
crmid:5433809975,quackster2050@live.com,Trinity,Joyce,female,879-358-5780,Collierville,United States,53487,New Mexico,1091 Mansell,1949-09-16,565
crmid:3282473871,darnel2053@live.com,Julian,Parker,,847-407-1705,Frederick,United States,87097,Utah,507 Seal Rock,1964-04-25,2323
crmid:8024658661,pleonastic2008@yandex.com,Clair,Cardenas,,203-111-0129,Lexington,United States,64602,Ohio,564 Peter Yorke,1982-11-11,638
crmid:6708209832,landlords1921@live.com,Raul,Simpson,,424-390-7223,Pensacola,United States,83367,Delaware,841 San Jacinto,1971-11-10,1024
crmid:8996438155,dusky1967@gmail.com,Melvin,Alexander,,617-954-8793,Kernersville,United States,19969,Vermont,18 Paris,1977-04-10,391
crmid:3626996624,epispinal1963@outlook.com,Stewart,Robertson,male,614-823-2083,Bismarck,United States,57521,Florida,919 Eucalyptus,1939-09-25,2073
crmid:3756561822,folkmooter2014@outlook.com,Shanel,Barr,female,990-642-1222,Collierville,United States,50794,Nebraska,922 Alana,1949-10-15,2486
crmid:8507437901,abidal1941@outlook.com,Kaycee,Noble,female,591-895-9284,Clearfield,United States,76756,Delaware,551 Winter,1948-05-21,839
crmid:2705719192,codebreaker2063@outlook.com,Ferdinand,Berger,,138-274-8417,Spring Hill,United States,93197,California,1188 Warren,1994-07-05,786
crmid:7544184924,chaute1915@live.com,Albert,Boone,,063-601-6410,Kingsport,United States,55044,Iowa,97 Peabody,1977-09-09,372
crmid:9684901458,lawing2045@yahoo.com,Monty,Foreman,,770-802-6673,Jeffersonville,United States,40435,New Mexico,991 Ripley,1975-07-14,827
crmid:2078838431,mixers2059@gmail.com,Luciano,Acevedo,male,999-879-8421,Bryan,United States,70955,Rhode Island,215 Freelon,1942-12-12,1921
crmid:1502674421,emond2037@outlook.com,Fermin,Burt,male,300-487-2990,Zanesville,United States,92543,Connecticut,48 Lancaster,1942-04-04,2349
crmid:7305196826,apolline1928@yandex.com,Rey,Berg,,820-443-0397,Rocky River,United States,97196,New Mexico,310 Brant,1990-02-04,1324
crmid:2494154576,songwriter1805@outlook.com,Buford,Cochran,male,779-866-0040,Aberdeen,United States,08207,Wyoming,136 Hiliritas,1930-02-06,1531
crmid:7703013452,dehydration1920@live.com,Efren,Dalton,,800-019-9753,Loma Linda,United States,52931,New Mexico,158 Hartford,1983-09-22,2637
crmid:4639318963,blueberries1983@outlook.com,Jannet,Fischer,female,648-958-6557,Ellensburg,United States,72650,Minnesota,692 Red Leaf,1959-04-10,1855
crmid:9052629842,meanwhile1944@yahoo.com,Irving,Hubbard,,736-221-5345,Vincennes,United States,85477,Rhode Island,530 Service,1982-02-24,2606
crmid:2317905225,interregnum1972@yahoo.com,Andre,Alexander,,988-125-5841,San Ramon,United States,56380,Hawaii,1076 Mccann,1996-08-22,1393
crmid:6274502118,cycloids2053@yahoo.com,Nicky,Potts,,283-955-8284,New Bern,United States,20197,Connecticut,2 Starview,1996-05-31,830
crmid:4075766076,kurikata1851@live.com,Aurelio,Morton,male,188-778-0856,Ansonia,United States,06457,Connecticut,277 Hilton,1933-01-21,2860
crmid:9876952361,mistimed1959@yandex.com,Orval,Pennington,,628-285-6687,Lenoir,United States,03864,Maryland,1261 Bay View,1982-01-26,2066
crmid:3460989266,cessna1948@outlook.com,Rogelio,Mccormick,,919-183-9659,Rogers,United States,35480,New Jersey,371 Nantucket,1973-08-17,2028
crmid:3983686663,beresfor2023@gmail.com,Annamae,Guerrero,female,815-579-3314,Duarte,United States,00481,North Dakota,786 Vesta,1955-01-12,348
crmid:6196527711,elephas1967@yandex.com,Joe,Lucas,,598-221-8539,Kent,United States,37056,South Dakota,220 Tiffany,1977-07-31,651
crmid:9459941973,erasement1908@gmail.com,Mickey,Gay,male,179-298-1721,Bonita Springs,United States,40816,New Mexico,1264 Juniper,1940-07-11,2147
crmid:9772496356,huashi2052@gmail.com,Earle,Neal,male,098-840-5656,Portland,United States,96010,New York,923 Brentwood,1933-12-06,2865
crmid:2228754792,parallelized1862@yahoo.com,Dorsey,Carrillo,,940-114-9477,Winston-Salem,United States,43691,Wisconsin,252 La Avanzada,1984-04-11,308
crmid:6519833375,abridged1941@yahoo.com,Gale,Decker,male,936-857-7975,Calumet City,United States,82229,South Carolina,1053 North Gate,1943-04-08,1528
crmid:8326223831,detailer1866@yahoo.com,Milford,Fulton,,968-973-7981,Mooresville,United States,37246,Texas,1220 Crown,1993-06-21,2186
crmid:5941652786,balcom1837@outlook.com,Gerald,Perez,,302-730-4204,Kenner,United States,79126,Alabama,658 Burlwood,1977-04-30,1884
crmid:2868088322,chasing1923@live.com,Jacquelynn,Lambert,female,999-454-1863,New Castle,United States,51246,New Mexico,305 India,1996-09-18,914
crmid:8995958577,enrapt1861@yahoo.com,Lino,Gilmore,male,048-927-9493,Caledonia,United States,83210,New Mexico,978 Silliman,1943-06-11,2669
crmid:8042228771,overjoyed1916@outlook.com,Dante,Murray,,967-941-9087,Rutherford,United States,64288,Florida,283 Westbrook,1986-01-10,394
crmid:7106747329,requisitely2054@gmail.com,Garrett,Watson,,179-417-0000,Miami Lakes,United States,26275,New York,251 Hallam,1990-04-13,2024
crmid:8794237480,hucksterage1941@gmail.com,Stephan,George,male,188-585-2026,Twentynine Palms,United States,99369,Hawaii,209 Osage,1937-09-11,357
crmid:5741142599,dimitra1948@yahoo.com,Dalene,Warren,female,157-900-3147,Donna,United States,79849,Connecticut,917 Tulane,1955-12-04,1410
crmid:7752443863,anthelia1859@yahoo.com,Avery,Day,,047-725-9809,Turlock,United States,45540,Texas,799 Marine,1987-09-01,1455
crmid:7802005318,daimen2065@yandex.com,Renato,Santos,,871-085-1889,Wichita,United States,67669,Illinois,860 Richards,1990-12-23,2523
crmid:8944159214,speculate2063@gmail.com,Vance,Conley,,675-041-9140,Steubenville,United States,45606,Illinois,261 Borica,1989-09-05,468
crmid:5495510869,ceriel1832@live.com,Lenny,Rivas,male,655-697-3108,Bensenville,United States,63646,Montana,1202 Mayfair,1938-10-26,1911
crmid:4899023676,anxious1981@outlook.com,Romeo,Snow,male,932-408-2373,North Las Vegas,United States,66485,Wyoming,919 Mono,1998-11-01,824
crmid:2044801244,egalites1987@yandex.com,Isaiah,Walls,male,756-402-7201,Sycamore,United States,19838,Michigan,400 Telegraph Hill,1943-05-30,1873
crmid:9625344874,ranchlike1960@yandex.com,Wally,Kirkland,male,241-387-9333,Russellville,United States,05258,Massachusetts,529 Reservoir,1937-10-16,630
crmid:8978986961,teenage2044@gmail.com,Bo,French,,139-459-0224,Largo,United States,48400,Washington,347 Shafter,1980-07-29,1579
crmid:2913076416,vegetation1926@outlook.com,Buford,Ayers,,951-383-1584,Vestavia Hills,United States,89289,Alaska,1101 Upper Service,1977-05-07,2360
crmid:5042440470,sales2053@outlook.com,Vanita,Casey,female,753-420-4507,Muscatine,United States,52159,New Mexico,1100 Circular,1994-10-29,1749
crmid:8780289416,chapfallen1878@gmail.com,Neville,Hendricks,,205-854-8590,Hopkins,United States,11395,South Dakota,647 Downey,1973-02-11,1068
crmid:5831296274,unbetrothed1808@gmail.com,Brendon,Nunez,,772-400-7174,Lebanon,United States,93879,Delaware,695 Anzavista,1981-06-12,2065
crmid:2190468212,bear1945@yahoo.com,Lawerence,Mcpherson,,261-432-0500,Palm Coast,United States,85718,Rhode Island,581 Leo,1997-08-26,2454
crmid:9642460648,prowling1837@outlook.com,Ronnie,Summers,male,582-420-4418,Bourbonnais,United States,48895,Missouri,340 Himmelmann,1940-08-28,1640
crmid:2630979462,blackman2041@outlook.com,Cecila,Norris,female,094-583-5077,Council Bluffs,United States,66301,Rhode Island,1393 Plymouth,1951-11-03,557
crmid:8219755620,legate1931@outlook.com,Darrell,Glass,,451-023-0451,Lumberton,United States,43191,Connecticut,1197 Roselyn,1985-08-06,1299
crmid:7772921430,winnard1814@live.com,Quentin,Gregory,male,823-953-3093,Brigham City,United States,48608,Louisiana,268 Moffitt,1941-08-12,2889
crmid:7708354168,jug1862@gmail.com,Jolanda,Long,female,240-645-3599,Sevierville,United States,82076,Alaska,84 Jose Sarria,1958-04-17,2798
crmid:6399368362,pederasts1877@gmail.com,Samuel,Wagner,,221-596-7351,Lake Jackson,United States,59650,Arkansas,1314 Bret Harte,1980-09-25,1881
crmid:5810605032,naturalistic1997@gmail.com,Izola,Leonard,female,750-150-1056,Dodge City,United States,85973,West Virginia,1122 Bayside Village,1955-04-17,1708
crmid:4759779648,pug1804@live.com,Anderson,Foreman,male,115-412-3879,Burnsville,United States,06101,Hawaii,1123 Still,1943-01-10,2678
crmid:9065612793,episarkine1836@live.com,Erwin,Erickson,,721-924-1038,Haines City,United States,77482,Wyoming,197 Brussels,1969-06-26,392
crmid:4141391738,bygones1879@yahoo.com,Floyd,Hunt,,186-970-3442,Oro Valley,United States,91777,New Hampshire,1132 Mercedes,1967-02-06,1455
crmid:1795440242,bonanzas2065@outlook.com,Donnie,Leon,,012-707-6912,Universal City,United States,87095,Ohio,28 Toledo,1964-04-03,1866
crmid:9100058488,bhutia1889@yandex.com,Darryl,West,,566-492-5218,Gardena,United States,40899,South Dakota,1040 Eugenia,1965-08-24,378
crmid:1580366833,dikkop1866@yahoo.com,Jon,Sharp,male,837-003-4423,Bowling Green,United States,38818,Michigan,453 Carpenter,1940-05-27,1257
crmid:5278457683,bradley2066@live.com,Lahoma,Newman,female,265-519-9238,Farmers Branch,United States,56459,Kansas,461 Aztec,1961-10-09,1278
crmid:7811700126,enfeeblish1966@yandex.com,Jene,Chapman,female,759-161-4231,Wilkinsburg,United States,11137,Ohio,358 Thorp,1952-04-06,2157
crmid:7511089840,unjamming1888@yandex.com,Christena,Jennings,female,295-009-1603,Fairfield,United States,01129,Oregon,1105 Brentwood,1961-02-15,1548
crmid:8043171558,afloat1918@yandex.com,Morris,Salas,male,276-961-7005,Carlsbad,United States,87712,Indiana,663 Spring Valley,1944-12-24,1826
crmid:6874028301,cessna1841@yandex.com,Rex,Vazquez,,732-165-1069,Lewisville,United States,48848,Alabama,9 Canby,1982-07-13,2635
crmid:6398143302,flits1834@live.com,Reinaldo,Frederick,,508-568-1008,Rockledge,United States,61818,Maryland,406 Perry,1979-03-22,403
crmid:7571441264,frettation1929@yandex.com,Neil,Reid,,920-213-9792,Leesburg,United States,34799,Kentucky,997 Lessing,1982-06-17,559
crmid:7420670530,unadoptive1906@yandex.com,Shawn,Webster,male,427-855-7147,Rock Hill,United States,60979,New Jersey,828 Girard,1932-09-30,1362
crmid:8701448449,suprastandard1890@yandex.com,Leon,Burks,,387-242-7483,Oakley,United States,37988,Missouri,239 Modoc,1976-12-28,518
crmid:3432919466,adman1898@yandex.com,Kennith,Buckner,,692-074-2990,Morgan Hill,United States,56029,Michigan,339 Collins,1993-10-18,1182
crmid:9576180421,armenoid1863@yahoo.com,Mireille,Welch,female,788-434-9543,Starkville,United States,81964,Alabama,997 Hollis,1952-06-30,2031
crmid:8318940586,galopade1856@yahoo.com,Frank,Willis,,862-193-1961,Klamath Falls,United States,06931,Tennessee,609 Horace,1978-01-12,1587
crmid:9591924657,acolapissa1895@yandex.com,Lemuel,Bowman,,632-381-1834,Lubbock,United States,06237,Nebraska,383 Woodhaven,1985-02-20,1270
crmid:4869525669,customer1896@outlook.com,Chadwick,Mcgee,,322-168-3819,Mobile,United States,34051,Mississippi,226 Gateview,1992-07-14,1496
crmid:1102622876,edsel1814@yandex.com,Nida,Hooper,female,413-100-0350,Roswell,United States,51317,Vermont,182 San Andreas,1946-07-14,2226
crmid:1157830007,mate1892@live.com,Cecil,Payne,,616-850-7947,Valparaiso,United States,59492,Colorado,369 Rockridge,1999-09-29,1315
crmid:9581432882,seapoose2057@yahoo.com,Dorathy,Lindsay,female,947-670-1822,Dana Point,United States,65274,Missouri,219 Collins,1952-11-05,2499
crmid:5122210933,schoolbookish2028@live.com,Elza,Hensley,female,780-490-7759,San Luis Obispo,United States,91347,North Carolina,630 Cedar,1948-03-13,2338
crmid:3648148495,chimbley2043@yahoo.com,Vasiliki,Ashley,female,344-920-5906,Dalton,United States,95343,Nebraska,937 Eastman,1952-11-17,919
crmid:7988846795,duckwalk1920@yahoo.com,Misha,Whitaker,female,618-862-9055,Edmonds,United States,73298,South Carolina,246 Kennedy,1958-12-18,1876
crmid:1841574215,mastiff1896@outlook.com,Aracelis,Burris,female,259-073-7864,Webster Groves,United States,87065,South Carolina,1217 Granville,1957-01-04,623
crmid:4129456894,carrefour1920@gmail.com,Devon,Cobb,male,854-870-6635,Calabasas,United States,67102,Louisiana,872 Von Schmidt,1943-11-22,1008
crmid:8679289824,vedism2012@yahoo.com,Blake,Villarreal,male,273-719-3274,Bourbonnais,United States,79998,Nebraska,552 Theresa,1940-01-30,2514
crmid:4324772131,anesthetize1841@yandex.com,Andrew,Daugherty,male,495-962-9868,Westmont,United States,68602,Nebraska,288 Campus,1931-01-07,2734
crmid:5687960120,wedgeable1819@yandex.com,Lazaro,Blanchard,,942-336-1557,Sandy,United States,43377,Minnesota,280 Bush,1983-06-20,2163
crmid:6144707789,named1914@outlook.com,Denisha,Gilmore,female,211-177-6907,North Olmsted,United States,13065,Wyoming,345 Ellert,1999-03-04,2515
crmid:4743630877,asthenopia2009@gmail.com,Stanton,Hutchinson,,640-045-0611,Fuquay-Varina,United States,85879,Ohio,927 Tunnel,1964-09-25,970
crmid:8748197811,riemannian1819@yandex.com,Valentine,Talley,male,332-431-9400,Richardson,United States,58881,Utah,1370 Battery Chamberlin,1935-09-28,1052
crmid:2991185421,riced1928@live.com,Launa,Moses,female,393-284-9146,Enid,United States,29079,Mississippi,506 Rossmoor,1959-05-21,1622
crmid:1731280620,carambole2020@live.com,John,Carey,,034-598-4581,Laredo,United States,78877,Maryland,788 Deems,1980-12-27,2537
crmid:8400332789,sexillion1949@yahoo.com,Kum,Frye,female,508-699-8108,Columbia Heights,United States,23929,Oregon,28 College,1949-05-10,317
crmid:7160771798,ignatian2020@yahoo.com,Shaneka,Avery,female,890-222-4438,Salina,United States,14389,Illinois,510 Chapman,1947-08-01,1366
crmid:9839387635,exorcise2008@live.com,Orville,Russell,,923-764-0249,Lake Oswego,United States,03784,Pennsylvania,1081 Harkness,1980-02-16,2539
crmid:3593864181,burmese1889@gmail.com,Herschel,Welch,male,612-535-7186,Atlanta,United States,68998,Idaho,1284 Pontiac,1934-11-24,1684
crmid:3585643161,fluxional1872@yahoo.com,Catherina,Cummings,female,065-144-0649,Chicago,United States,03106,Pennsylvania,317 Quane,1947-02-07,1329
crmid:2194813118,gharial1923@yandex.com,Marcelino,Rutledge,,262-899-7510,Fountain Valley,United States,14831,Kansas,433 Stoneyford,1963-03-28,2074
crmid:5456543128,chechen2021@outlook.com,Rueben,Bowers,,176-348-5031,Marshalltown,United States,66788,Colorado,888 Whitecliff,1987-11-30,1130
crmid:8504716399,cabalist1974@outlook.com,Phil,Macdonald,,774-662-7403,Santa Monica,United States,47545,Michigan,1000 Bruce,1986-03-23,2593
crmid:2380437191,usaron1983@yandex.com,Chong,Morris,,496-867-6604,South Jordan,United States,39063,Minnesota,864 Sears,1972-03-31,2350
crmid:4164044050,bolio1862@yandex.com,Arlena,Leblanc,female,518-095-3422,Farmers Branch,United States,02115,Arizona,404 Anglo,1961-01-17,1153
crmid:9084870325,merchants1863@yahoo.com,Melissia,Watts,female,881-566-2818,Collierville,United States,55931,Montana,393 Milan,1949-09-19,680
crmid:5785299813,buddie1843@outlook.com,Ivory,Hickman,,738-245-8034,Pleasanton,United States,93294,Nebraska,288 Tunnel,1981-04-26,497
crmid:5231976748,silentest1922@outlook.com,Robbie,Wall,male,324-843-3850,Campbell,United States,79814,New Jersey,949 Page,1944-08-30,1313
crmid:4317589610,bombloads2027@outlook.com,Teodoro,Lindsay,,607-855-7230,Panama City,United States,40564,Colorado,184 Clement,1981-06-02,609
crmid:3274734131,panther1983@yandex.com,Percy,Baker,,634-507-6437,Wilmington,United States,93304,Alabama,555 Leona,1981-07-02,2811
crmid:2306771756,pauses2048@gmail.com,Sung,Keller,,617-326-5820,Tulsa,United States,49397,Minnesota,993 Watchman,1982-02-09,2277
crmid:6933607289,onomatopoeia2018@yandex.com,Marlin,Dodson,,666-534-9923,Harrison,United States,89628,Louisiana,876 Westmoorland,1970-03-29,2016
crmid:7402329160,davey1833@live.com,Sparkle,Boyd,female,704-230-9155,Chicago Heights,United States,80957,Colorado,33 Sanches,1947-08-03,2659
crmid:4057878919,lanson1816@gmail.com,Xenia,Acosta,female,379-717-7945,Elmwood Park,United States,56003,Wisconsin,94 Earl,1959-09-01,2126
crmid:5129447446,wombat2058@yandex.com,Judson,Fox,,216-071-3859,La Crosse,United States,70162,Illinois,367 Sunview,1978-12-29,1227
crmid:3876613020,seaward1874@outlook.com,Isiah,Duke,male,226-316-6047,Avondale,United States,25122,Rhode Island,747 Geary,1935-05-08,1057
crmid:7244449088,anaesthesis2030@live.com,Holley,Walls,female,990-880-5802,Sumter,United States,21473,South Carolina,1301 Avenue Of The Palms,1960-11-07,2945
crmid:6136094833,punproof1895@live.com,Eddie,Nunez,,943-936-6666,New Brunswick,United States,53131,Missouri,1216 Spreckels Lake,1996-09-22,1850
crmid:8744441680,bewitch1880@yandex.com,Lakenya,Brennan,female,906-427-5803,Cheyenne,United States,21190,South Carolina,587 Rice,1947-05-04,1143
crmid:4638815163,scoop2031@live.com,Irwin,Clayton,,801-651-1805,Jacksonville,United States,20266,California,136 Emery,1975-05-04,1329
crmid:2647491770,dryopians1883@gmail.com,Ellis,Parsons,,968-766-7531,Woodstock,United States,74166,Nebraska,1248 Edie,1979-07-08,2534
crmid:1281974432,depict1930@yahoo.com,Domingo,Harrison,,978-364-3483,Horn Lake,United States,31122,Nebraska,770 Lloyd,1973-06-24,1623
crmid:9610592669,brushy1898@yahoo.com,Rafael,Parker,male,530-697-6090,Alamo,United States,96901,Kansas,243 Lyon,1930-08-22,2333
crmid:6410663103,glycerol2010@live.com,Thaddeus,Hart,,912-298-6495,Harrisonburg,United States,41344,Mississippi,313 Gibb,1970-08-09,799
crmid:1499581983,malpracticing1997@yahoo.com,Jamaal,Farrell,,819-577-0520,Helena,United States,45629,Missouri,1191 Milton,1970-07-20,2768
crmid:5987761326,aceology1974@yandex.com,Leonard,Bond,,379-971-1552,Holly Springs,United States,41900,California,174 Lusk,1972-08-07,976
crmid:4912012280,fortuneteller1865@yandex.com,Karima,Reese,female,340-940-1620,Pembroke Pines,United States,27156,Michigan,1067 Ruth,1959-04-24,1697
crmid:8329346645,soapery1946@gmail.com,Scottie,Abbott,male,714-573-2776,Brownsburg,United States,50127,Idaho,1090 Rickard,1942-09-01,360
crmid:3154014391,adminstration1820@yandex.com,Donn,Pennington,male,624-332-0368,Point Pleasant,United States,16745,Indiana,620 Granada,1944-03-23,360
crmid:7211635822,chigetais1943@yandex.com,Tama,Maxwell,female,344-001-1993,Clovis,United States,74121,Rhode Island,831 Sandpiper Cove,1948-12-28,2784
crmid:8586579102,woofs1946@gmail.com,Perry,Luna,male,823-215-3556,Attleboro,United States,40492,Ohio,864 Gateview,1934-08-18,2764
crmid:4086863813,overgoaded1968@outlook.com,Tyler,Hawkins,male,790-147-0046,SeaTac,United States,03819,Connecticut,174 Van Buren,1935-09-13,2347
crmid:8614092528,incombustibility1907@outlook.com,Alexander,Mathews,male,939-104-3134,Westlake,United States,50529,Missouri,154 Monticello,1997-01-01,2337
crmid:6072209150,proattendance1819@gmail.com,Byron,Lloyd,,878-242-9329,Shoreview,United States,36645,California,216 Bartol,1978-09-22,336
crmid:1076747417,stagonospora1995@yahoo.com,Parker,Valdez,male,227-580-5897,Apopka,United States,43322,Wyoming,1102 Walter,1933-08-29,2899
crmid:4556135090,natriuretic1982@gmail.com,Richie,Golden,,990-390-4042,Mokena,United States,39730,Oklahoma,731 Vinton,1992-06-18,1519
crmid:7921186528,cytherea2067@outlook.com,Rigoberto,Nunez,,607-790-7474,Northampton,United States,86561,New Mexico,1126 Ada,1999-12-20,2043
crmid:7478662139,sciomachiology1913@live.com,Terica,Webster,female,624-383-6346,Topeka,United States,29925,Louisiana,1232 Gellert,1957-09-30,1794
crmid:3152876684,dresel2063@outlook.com,Oswaldo,Ortega,,075-532-5146,Montrose,United States,18145,North Carolina,60 Calvert,1992-02-24,2000
crmid:2535059907,hayforks2061@gmail.com,Delmar,Neal,,259-309-3763,Los Banos,United States,78186,Michigan,140 Temescal,1984-12-29,2066
crmid:6833066858,scuzzy1910@gmail.com,Victorina,Cantrell,female,846-322-5511,East Lansing,United States,56175,Indiana,83 Irving,1957-09-05,1939
crmid:2995568922,conformations1836@gmail.com,Lanny,Navarro,,191-685-4795,Meriden,United States,30831,California,244 Rotteck,1989-05-21,610
crmid:4418632213,longlines1918@yahoo.com,Donella,Black,female,436-356-9915,Saginaw,United States,87038,Wyoming,752 Princeton,1959-12-05,1127
crmid:3516363435,phytosauria1949@yahoo.com,Merle,Kennedy,,900-045-7584,Lebanon,United States,35322,Texas,1292 Bitting,1981-05-12,1492
crmid:3554340216,birretta1988@gmail.com,Leigh,O'neal,,183-514-5845,San Diego,United States,53901,Minnesota,181 Bowdoin,1969-01-19,420
crmid:6681141849,breena1872@yahoo.com,Reed,Santana,,605-919-2125,Louisville,United States,84428,Texas,615 Delaware,1984-08-13,855
crmid:3031084087,myiarchus2057@outlook.com,Carlo,Reeves,,617-016-8348,Hagerstown,United States,15795,Tennessee,358 Reuel,1969-02-17,1657
crmid:9478301739,evened2019@gmail.com,Deshawn,Gay,male,287-867-8228,Belleville,United States,13907,North Carolina,775 Hale,1937-03-11,1813
crmid:5071187486,cyclothyme1899@gmail.com,Cleveland,Hess,,235-279-4079,Montrose,United States,83643,Delaware,699 Gold,1992-03-11,1341
crmid:5232249989,storminess1890@outlook.com,Graig,Hays,,581-392-9395,Nogales,United States,45634,Idaho,1199 Greely,1998-07-04,2413
crmid:8753414917,tympanectomy2007@yahoo.com,Cruz,Levine,male,402-025-8329,Stockton,United States,70598,Hawaii,927 San Gabriel,1941-02-17,1542
crmid:7753481509,plummet1801@gmail.com,Daren,Eaton,,822-991-9178,Godfrey,United States,99319,Arizona,731 Adolph Sutro,1966-02-26,2998
crmid:6000903717,pantopterous1810@yandex.com,Sherman,Campos,,305-550-5980,Tullahoma,United States,31896,Alaska,625 Spring,1969-05-06,1314
crmid:9104150919,smarmy2063@live.com,Kennith,White,,174-707-2556,Park Forest,United States,37917,Michigan,1252 Sternberg,1969-10-24,1885
crmid:9665965832,chuser1933@yahoo.com,Kennith,Herrera,,547-508-4161,Iowa City,United States,88770,Michigan,631 Perasto,1974-11-29,2666
crmid:4960899773,highflier1876@outlook.com,Tristan,Griffin,male,775-955-9475,Apopka,United States,53326,Indiana,964 Stoneybrook,1933-09-12,1973
crmid:8429905187,bloodiest2048@gmail.com,Bryant,Bradshaw,male,071-463-6457,Adelanto,United States,80060,Rhode Island,714 Dolphin,1930-02-03,1224
crmid:8368239106,boaster1920@yahoo.com,Keven,Greene,,330-365-0727,Fredericksburg,United States,76363,Kentucky,690 Havens,1964-12-08,2501
crmid:6348101783,bonita1956@live.com,Rosena,Rios,female,292-245-9570,Chicago Heights,United States,44329,Kentucky,553 Duncan,1947-07-25,1150
crmid:8409625867,arteries2048@outlook.com,Suk,Wilkerson,female,908-142-2681,Elk River,United States,89549,Alabama,582 Wayland,1959-08-31,2089
crmid:3293215633,brushy2037@yahoo.com,Tyrone,Salinas,,647-968-9162,Nicholasville,United States,38670,New Jersey,869 Madrone,1997-05-05,1617
crmid:6703373902,rabboni2054@yahoo.com,Denyse,Pierce,female,111-039-5503,Coconut Creek,United States,13886,Florida,30 Cowles,1949-02-23,837
crmid:7062541225,chigetais2049@yandex.com,Tory,Roberts,,211-914-8356,Mesquite,United States,03776,Montana,808 Kansas,1990-02-16,968
crmid:5125963440,anthropos1944@gmail.com,Monet,Daniels,female,871-048-7846,Corpus Christi,United States,30585,Ohio,221 Edgar,1951-07-07,2276
crmid:8014106690,afterglow1905@yahoo.com,Shira,Mcguire,female,660-611-8856,Coconut Creek,United States,85305,Colorado,1230 Cottage,1949-08-19,2842
crmid:7702963805,vodkas1893@live.com,Delinda,Knight,female,866-013-8246,Cottonwood Heights,United States,94414,Arkansas,36 Spring,1951-02-16,2507
