crmid,email,first_name,last_name,gender,mobile telephone,city,country,zip,state,street address,birthday,historicalpoints
crmid:4053555116,abrin2056@live.com,Freeman,Barry,,618-818-9027,Lemon Grove,United States,18024,North Carolina,1242 Burgoyne,1982-03-28,1971
crmid:9567422097,guineafowl1957@outlook.com,Temeka,Castillo,female,567-400-1990,Ellensburg,United States,48600,Rhode Island,924 Fell Access,1959-08-05,2651
crmid:5083651864,alanine1918@yandex.com,Earlean,Hood,female,805-273-7463,Denison,United States,11236,Utah,1201 Wills,1954-03-14,2337
crmid:9688437787,alair1809@gmail.com,Leif,Skinner,,776-523-8049,Irving,United States,65681,Oklahoma,638 Archer,1975-11-05,1329
crmid:6587340502,cantalas1986@yahoo.com,Antony,Green,male,256-925-0779,Parma Heights,United States,06342,Connecticut,219 West Point,1942-10-01,2248
crmid:1404058262,agnosia2033@gmail.com,Ardath,Hammond,female,877-347-0874,Chapel Hill,United States,00474,Vermont,668 Cuvier,1946-01-12,1277
crmid:4789888341,phoniatry1977@yahoo.com,Gino,Huffman,,728-694-7331,Spokane,United States,85712,Mississippi,711 Jarboe,1994-08-24,396
crmid:9593744633,anthema1890@yandex.com,Micheal,Roberts,male,142-176-5037,Bedford,United States,57681,Montana,580 Colleen,1937-10-13,2938
crmid:7096952079,calfret1815@gmail.com,Brett,Waller,,272-223-2721,South Lake Tahoe,United States,54910,Arizona,62 Sloat,1992-05-05,314
crmid:9956396566,thob1969@live.com,Douglas,Sims,male,182-775-3273,Bristol,United States,66805,Idaho,489 Agua,1941-10-30,641
crmid:3605995402,masterstroke2030@yandex.com,Zachariah,Kemp,,701-922-4439,Linden,United States,31514,Virginia,1200 Bonifacio,1983-06-14,1855
crmid:2839570130,eagle1862@gmail.com,Olin,Humphrey,,734-805-7218,Morgan Hill,United States,77140,Missouri,24 Cortland,1993-12-28,2902
crmid:1802564511,clarified1944@gmail.com,Virgilio,Small,,423-880-5382,Parma Heights,United States,41489,Oregon,510 King,1985-09-05,2145
crmid:1045597638,accessible1968@outlook.com,Coleman,Pearson,,476-644-9127,Martinez,United States,03715,Texas,757 Market,1987-02-21,2302
crmid:8894294465,vault1982@yahoo.com,Jamal,Houston,male,730-885-4933,Westerville,United States,14279,Illinois,211 Old Chinatown,1942-05-14,2641
crmid:1217386834,oversubscribing1837@live.com,Dong,Morales,male,184-026-8671,Bradenton,United States,14018,Nevada,116 Cardenas,1941-03-20,2365
crmid:9861179406,booking2026@gmail.com,Jon,Henderson,,339-063-0561,Ponca City,United States,38243,Utah,1031 Buckingham,1970-05-07,2873
crmid:5235180261,edwin1939@gmail.com,Sterling,Schultz,male,932-215-6376,Balch Springs,United States,50736,Nevada,160 Fuente,1935-09-26,2329
crmid:4159207988,ovenful1877@yandex.com,Shaneka,Mcdowell,female,624-424-8985,Encinitas,United States,41916,Indiana,1081 Southard,1959-08-19,1652
crmid:8651456026,nonmanila1897@yandex.com,Domonique,Montoya,female,021-698-2524,Seattle,United States,19921,Alabama,604 Wilson,1948-03-20,2243
crmid:9852928981,wimple2065@outlook.com,Jeffrey,Tate,male,841-917-8285,Carpentersville,United States,27592,Delaware,459 Stevenson,1944-05-28,770
crmid:5439413499,pleasurably2001@yandex.com,Leonel,Schmidt,male,134-223-7614,Sheridan,United States,83131,Montana,985 Ledyard,1937-06-26,1913
crmid:4370151601,autogiro1863@gmail.com,Roni,Ortiz,female,961-012-6997,Elko,United States,40315,Idaho,1340 Brookdale,1959-07-22,1957
crmid:3432517680,devious1986@outlook.com,Ron,Thompson,,382-282-1225,Morristown,United States,51645,Mississippi,649 Josepha,1993-09-02,1881
crmid:4386834399,basenji1831@live.com,Thanh,Everett,,983-343-1210,Mesa,United States,29963,Ohio,776 Jerome,1989-04-30,2106
crmid:8615699015,papain1924@yahoo.com,Tommy,Mendez,male,481-819-3253,Auburn,United States,57324,Hawaii,540 Del Vale,1934-09-20,1942
crmid:2636564242,amygdalotome1807@outlook.com,Sherman,Rose,male,801-584-9630,Rutland,United States,65757,Alabama,99 Murray,1945-09-25,686
crmid:5331924564,elution1986@outlook.com,Wan,Compton,female,793-466-4232,Cottonwood Heights,United States,57934,Wisconsin,808 Aztec,1951-09-07,1908
crmid:3665488056,undethroned1968@yandex.com,Lee,Mcfadden,male,801-755-4271,Salem,United States,96328,Wyoming,1050 Mark,1941-11-30,1982
crmid:8439136976,ourang1967@gmail.com,Royce,Gentry,male,257-289-0602,Apex,United States,41948,Oklahoma,1197 Kittredge,1933-08-11,2164
crmid:1448289494,unexplainableness1938@gmail.com,Merlene,Rosales,female,812-632-2383,Danbury,United States,77128,Delaware,531 Lyon,1952-12-12,461
crmid:8177432836,raven2000@gmail.com,Alonzo,Rose,,615-356-8563,Leander,United States,71700,Montana,1320 Greenwood,1981-04-10,2628
crmid:3862730855,foothill1864@outlook.com,Bao,Richard,female,617-753-5605,Cliffside Park,United States,77416,Florida,306 Dow,1948-12-02,1796
crmid:7118843996,creatine1903@yahoo.com,Christian,Cantu,male,470-986-4302,Perrysburg,United States,70379,Arkansas,447 Silver,1944-02-05,1155
crmid:7565974811,undiscording1950@gmail.com,Jess,Sullivan,male,422-984-9479,Tallmadge,United States,08027,Kansas,467 Christmas Tree Point,1931-05-28,1007
crmid:7632067660,badger1913@yahoo.com,Markita,Mccray,female,272-237-8996,Draper,United States,33596,Hawaii,1052 Java,1955-06-19,2968
crmid:6423787873,hayforks1817@yandex.com,Marinda,Hays,female,670-310-5297,Niles,United States,13325,Rhode Island,773 Carrie,1997-03-12,2809
crmid:9976971408,defoliant1971@outlook.com,Young,Compton,male,595-065-8276,West Chicago,United States,01973,North Carolina,57 Tacoma,1938-10-07,1584
crmid:5763856451,reefer1895@outlook.com,Xavier,Blake,,017-722-3607,Redwood City,United States,31809,Idaho,41 Saturn,1970-12-05,325
crmid:7170415551,remittances1981@gmail.com,Merideth,Faulkner,female,060-633-4509,Cornelius,United States,39853,Colorado,1339 Estero,1950-06-09,1889
crmid:4953719351,brims2030@outlook.com,Stephan,Hoffman,,156-288-9761,Mamaroneck,United States,82538,Nebraska,527 Tunnel,1986-11-08,2293
crmid:6809079436,incarnate1987@live.com,Audria,Cash,female,612-098-5283,Citrus Heights,United States,04361,Maine,776 Canby,1947-01-05,2085
crmid:5094092011,sissoo2012@outlook.com,Gene,Chang,,193-617-8006,Round Lake Beach,United States,22911,Connecticut,1186 Edinburgh,1966-08-08,2339
crmid:1566839514,snarling1894@outlook.com,Seymour,Cole,,717-574-6487,Hoboken,United States,53551,Tennessee,651 Collins,1972-09-10,1372
crmid:3523833626,mastiff2062@live.com,Denny,Villarreal,,150-107-2877,Orem,United States,48868,Nebraska,1050 Wilmot,1989-09-27,1305
crmid:5633234247,axenic2001@live.com,Sebastian,Herrera,,812-858-9458,Peachtree City,United States,83914,Nevada,807 Columbia Square,1976-01-08,1050
crmid:5478643496,faceman1963@yahoo.com,Fred,Sosa,,213-132-1746,Lakeland,United States,20886,Connecticut,384 Ina,1980-05-19,405
crmid:6019348202,kinglet1956@yandex.com,Clemente,Quinn,,591-919-1157,McAllen,United States,02729,North Dakota,341 San Leandro,1988-02-17,1571
crmid:5907428063,bellmaker1847@yandex.com,Wade,Fisher,,886-737-0748,Garden City,United States,02599,Iowa,191 Allison,1965-02-25,1274
crmid:1056071321,uakari1912@gmail.com,Genaro,Boyer,,708-093-8367,Mint Hill,United States,49600,Tennessee,185 Samoset,1991-08-24,1974
crmid:3141559884,sillago1877@live.com,Kimberli,Barlow,female,619-783-3252,Chattanooga,United States,27527,Tennessee,677 Harry,1946-05-02,1422
crmid:1598125033,pronounal1894@yandex.com,Jesusita,Larsen,female,623-446-2457,Perris,United States,25216,Kentucky,659 Merrie,1961-04-17,2600
crmid:8116662750,aborticide1904@gmail.com,Denver,Rice,,965-281-5548,Poway,United States,91951,Arizona,1278 Orchard,1971-03-20,2103
crmid:8357317390,blending2029@yandex.com,Julio,Marshall,,919-668-8257,Mansfield,United States,62438,Wyoming,837 Rossi,1986-11-18,2970
crmid:9619275547,bronze2031@yahoo.com,Percy,Alvarez,,555-247-4989,La Habra,United States,69510,Nevada,256 Rutland,1978-11-23,1307
crmid:3030454629,befouled1905@live.com,Cary,Vargas,male,935-320-8501,Carrollton,United States,08352,Alaska,623 Melrose,1944-02-29,313
crmid:7782841563,kilts1899@yandex.com,Alethia,Hopkins,female,162-421-6014,Conway,United States,67485,Massachusetts,1088 Fresnel,1950-11-24,862
crmid:3622512190,repopulated1894@live.com,Shon,Blackwell,,026-079-5841,Streamwood,United States,38065,New Hampshire,377 Liebig,1977-10-27,2798
crmid:1770659293,credendum2019@yahoo.com,Debbi,Lloyd,female,759-203-2572,Clearfield,United States,71736,Montana,455 Wedemeyer,1948-12-22,1579
crmid:1765448902,clocks2055@outlook.com,Lonny,Solis,,505-964-2590,Pickerington,United States,67178,Oregon,1022 Vista Verde,1963-08-05,2515
crmid:6409988577,chilicote2048@yandex.com,Emilio,Haley,,953-341-2949,Wyandotte,United States,23293,Washington,1289 Skyview,1963-06-24,2744
crmid:5350912390,slinking2010@yandex.com,Landon,Watson,male,497-939-7355,Camarillo,United States,99144,West Virginia,729 Claremont,1943-06-30,632
crmid:1611556111,maidhoods1857@yandex.com,Sherman,Miranda,,105-084-2886,West Bend,United States,46086,Virginia,1312 Emma,1992-11-15,2955
crmid:3718037243,unfatuitously1871@live.com,Leif,Edwards,,474-131-5275,Inver Grove Heights,United States,12395,New York,912 Peters,1974-02-17,1836
crmid:2884617384,arthritis1961@gmail.com,Oralee,Harding,female,010-824-1373,El Cerrito,United States,83705,Kansas,423 Acton,1958-07-13,1250
crmid:9990621997,dorsiventral1882@yandex.com,Peter,Shepard,,091-116-9747,Margate,United States,75549,Indiana,634 Edgewood,1986-11-18,2940
crmid:3599395470,incunabulist1921@outlook.com,Misha,Whitehead,female,713-629-6832,Escondido,United States,38624,Tennessee,1097 Cortland,1960-06-28,1602
crmid:7945071573,atazir2011@outlook.com,Salome,Landry,female,595-008-2596,Perth Amboy,United States,74794,Ohio,1066 Gateview 3,1955-08-17,2403
crmid:5536192321,migraine1900@outlook.com,Adrian,Avery,male,299-722-7445,Sherman,United States,60612,California,143 Sedgewick,1936-01-01,908
crmid:4279072075,apologies1861@outlook.com,German,Yates,male,023-631-6878,Belmont,United States,69955,Rhode Island,1329 Coronado,1937-11-08,306
crmid:2192928975,zootaxy1957@outlook.com,Jerrell,Holder,,601-433-9376,Wasco,United States,36474,Oklahoma,274 Lobos,1972-08-21,2977
crmid:8909812296,elk1972@yandex.com,Giovanni,Curry,,672-353-2924,Homewood,United States,97722,Montana,538 Conkling,1973-04-25,2557
crmid:3926717468,desecration2045@gmail.com,Jonah,Knight,,547-799-3977,Hialeah Gardens,United States,17931,Alaska,983 Wildwood,1971-03-06,664
crmid:7146392099,algedi1871@yahoo.com,Elois,Hancock,female,345-091-5586,Encinitas,United States,19072,Oregon,163 Andrew,1959-03-12,1036
crmid:4000290878,saarbrucken2055@yandex.com,Jerald,Mclean,,437-513-9442,Roanoke,United States,65225,Oregon,201 Stillings,1994-05-07,1530
crmid:5131915793,discriminant1899@live.com,Quinn,Campos,male,414-221-9679,Buena Park,United States,43360,Alaska,994 Still,1942-08-05,2757
crmid:6551509124,charlene1829@outlook.com,Ryann,Conway,female,633-693-3101,Chicopee,United States,71582,Florida,977 Parkridge,1947-08-07,1035
crmid:5777184711,auspicious1970@outlook.com,Jared,Buckner,male,674-780-4972,Ardmore,United States,81030,California,828 Red Leaf,1933-05-04,2593
crmid:2709840617,parterres1880@yahoo.com,Greg,Marsh,,073-020-9039,Gilbert,United States,45568,Connecticut,936 Belden,1966-08-04,932
crmid:3597191181,taxidermist1898@live.com,Yoshie,Bryan,female,622-139-7825,Concord,United States,54162,Maryland,24 Curtis,1950-09-04,1409
crmid:8397594481,biker1826@yandex.com,Arica,Howell,female,164-773-0872,Weston,United States,86509,Georgia,105 Balceta,1948-10-31,1230
crmid:5411299205,juking1908@live.com,Shaniqua,Buckley,female,334-436-6796,East Point,United States,48860,Georgia,868 Miley,1957-08-04,786
crmid:7161095290,rhyolite1897@live.com,Lorean,Stokes,female,832-076-0500,Chino,United States,78671,Michigan,514 Dunshee,1947-06-28,2254
crmid:7591690874,conservatives1964@live.com,Franklyn,Sanchez,,631-296-6317,Millbrae,United States,49527,New Jersey,658 Prospect,1990-08-28,1493
crmid:4732240250,donga2034@gmail.com,Domenic,Buckley,,685-126-3135,Grand Forks,United States,81351,New Jersey,1348 Case,1967-09-06,396
crmid:1374590267,cabala2004@outlook.com,Alan,Chambers,,861-715-5176,Hollywood,United States,15909,Ohio,818 Fielding,1972-03-29,801
crmid:3594945174,simmer2059@live.com,Foster,Hendricks,,685-869-6941,Victoria,United States,83242,New York,1038 Persia,1978-05-19,2312
crmid:5903945402,kickstands1844@gmail.com,Kerry,Sweeney,male,625-047-4989,Ocala,United States,08407,Oklahoma,871 Broad,1935-06-28,521
crmid:1355711362,bobotie2012@yahoo.com,Tenesha,Riggs,female,189-308-6500,Fairview Heights,United States,53418,Missouri,146 Letterman,1961-09-25,2006
crmid:6664469968,blackbelly1859@yahoo.com,Robbie,Harrell,,647-573-9236,Lawndale,United States,52429,Kentucky,851 Plymouth,1981-10-01,1197
crmid:1911861277,aural1839@live.com,Zackary,Gordon,,545-180-9037,Seymour,United States,81334,West Virginia,436 Caine,1963-02-01,908
crmid:4282285373,mink2041@gmail.com,Eveline,Hinton,female,684-550-2432,Deerfield Beach,United States,74046,Minnesota,721 Sawyer,1954-03-14,2447
crmid:3598842229,stridingly1847@yahoo.com,Lacy,Nunez,,185-645-9909,Michigan City,United States,37647,California,1147 Yosemite,1990-07-03,1508
crmid:6299095876,carmina1856@yandex.com,Cleo,Thomas,,260-235-4649,Murray,United States,27038,Kansas,241 Colin P Kelly Jr,1994-05-25,2180
crmid:3354992424,alkyds2038@yandex.com,Kent,Gibbs,,848-047-4827,Warwick,United States,82183,Illinois,1258 Leona,1979-04-20,1885
crmid:9513310172,brayed1901@yandex.com,Marty,Nolan,,920-602-7079,Newark,United States,54939,Idaho,552 Freeman,1997-09-13,546
crmid:3205999768,yammering1847@yahoo.com,Brandon,Malone,,153-381-9801,Hayward,United States,59160,Louisiana,1106 Cervantes,1970-09-08,2373
crmid:6851678972,majesty2047@yahoo.com,Antone,Greer,,239-395-2083,Plainview,United States,45209,Hawaii,799 Signal,1984-05-20,1668
crmid:3718832882,clipper1804@yahoo.com,Aurelio,Hale,,681-574-8324,Friendswood,United States,76397,Mississippi,497 Maynard,1964-12-27,1231
crmid:1382206502,carlock2041@live.com,Rich,Franklin,male,581-562-1455,Aventura,United States,44976,West Virginia,231 Warner,1935-08-10,712
crmid:4080675716,peccable1849@gmail.com,Cole,Chavez,,488-983-3342,Minot,United States,97051,South Dakota,987 Charter Oak,1991-06-25,1918
crmid:8358302413,artiste1916@live.com,Abram,Cooke,male,424-641-7847,Wauwatosa,United States,01702,New Jersey,127 Funston,1935-01-07,362
crmid:2964105885,jophiel2057@yahoo.com,Katelynn,Wiggins,female,789-156-0444,Coon Rapids,United States,62360,Louisiana,387 Julian,1950-11-09,1445
crmid:9623319445,piques1933@live.com,Loriann,King,female,140-499-9609,Euclid,United States,77432,Georgia,113 Spreckels Lake,1960-12-11,1459
crmid:2860329203,cabral2029@outlook.com,Vince,Sampson,,322-086-1200,Queen Creek,United States,88287,South Carolina,997 Bella Vista,1995-05-07,1634
crmid:5583327695,eurytropic1859@yahoo.com,Brady,Ryan,,456-191-2892,Kingsport,United States,44877,Washington,908 Conservatory,1977-08-30,2654
crmid:9743688137,antically1996@live.com,Richard,Sullivan,male,226-440-9024,Placentia,United States,84937,Missouri,464 Bigelow,1944-08-28,457
crmid:4466532438,parrot1879@live.com,Rodney,Rios,,446-114-0664,Moreno Valley,United States,20449,Wisconsin,1204 Stanyan,1993-05-07,1550
crmid:4267313984,halites2019@outlook.com,Steven,Cannon,female,822-245-0318,Chattanooga,United States,47269,Maine,538 Spofford,1946-08-05,632
crmid:9862767436,semihistorical1814@gmail.com,Cornelius,Riddle,,794-507-2197,Greenbelt,United States,17373,Vermont,1185 Avenue D,1968-03-28,1165
crmid:4140179547,phies1947@yahoo.com,Hannelore,Cortez,female,013-787-2720,Shawnee,United States,28185,Maine,342 Ambrose Bierce,1961-12-28,2202
crmid:6030844567,adriene1998@outlook.com,Bret,Stephens,,786-065-6647,Kingsport,United States,44817,Louisiana,1270 Springfield,1977-07-11,2976
crmid:6860420696,mongoose1870@yahoo.com,Hassie,Glass,female,681-866-9061,Christiansburg,United States,13903,New Mexico,631 Edna,1947-04-11,2607
crmid:7458762381,cornice1991@yandex.com,Lindsay,Holman,,456-651-2522,Iowa City,United States,08531,Ohio,943 Nido,1974-02-22,2462
crmid:2964379942,dielike1829@gmail.com,Long,George,,557-069-9388,Missoula,United States,00387,Arkansas,1052 Toledo,1992-01-29,752
crmid:1694251234,attune1912@outlook.com,Shona,Browning,female,061-588-8614,Cornelius,United States,48756,Washington,1015 Gould,1950-08-04,995
crmid:5042478837,beppie1890@outlook.com,Derek,Bullock,,851-329-6430,Prescott Valley,United States,88200,Delaware,1381 Oak,1963-01-07,877
crmid:4391403212,anamorphose1954@gmail.com,Edwin,Bowers,,905-348-0234,Missouri City,United States,13167,South Carolina,957 Lester,1992-03-03,2074
crmid:6603489757,crucify1929@live.com,Les,Walter,,071-279-3195,Poway,United States,96417,Wyoming,890 Montecito,1993-08-30,1469
crmid:9901567525,dresser2033@outlook.com,Spencer,Cabrera,,175-363-0407,Norwood,United States,45615,New Jersey,286 Sibley,1990-03-19,1997
crmid:4727335543,pouncing1840@yandex.com,Long,Mcguire,male,885-343-8898,Boynton Beach,United States,36208,Alaska,1048 Worcester,1940-06-19,2746
crmid:2292847387,stinkbug1910@yandex.com,Francisco,Carson,,857-824-0830,Flower Mound,United States,91622,Indiana,793 Rosie Lee,1962-07-07,418
crmid:2293249983,abrus1974@gmail.com,Domenic,Flynn,,170-773-9895,Lawrenceville,United States,12824,Wyoming,679 Meade,1981-03-29,2317
crmid:7535370923,coumara2051@live.com,Simon,Craft,,201-716-1579,La Mirada,United States,49753,New York,599 San Anselmo,1978-07-23,2362
crmid:5354213309,unzips2002@yahoo.com,Luther,Wright,,228-283-5242,Marysville,United States,58483,Kentucky,811 Piper,1987-09-05,2355
crmid:4689255405,exfoliate1965@gmail.com,Armando,Wooten,,464-113-6237,Rockville Centre,United States,23297,Colorado,1216 Scenic,1965-11-11,2728
crmid:3726171165,cassowary1962@gmail.com,Scott,Mercado,male,437-257-0580,Torrance,United States,85170,Missouri,952 Moreland,1931-09-20,644
crmid:8245154575,diets2045@yandex.com,Dominick,Randolph,male,644-441-2501,Bensenville,United States,89769,Illinois,203 Sheridan,1938-03-24,976
crmid:6476628858,cilice2042@yandex.com,Kelvin,Miles,male,033-989-2882,Rio Rancho,United States,66996,Pennsylvania,1185 Seminole,1933-06-20,1750
crmid:3038821684,bobotie1965@gmail.com,Mandie,Bullock,female,093-735-8165,Chicopee,United States,61166,West Virginia,640 Malvina,1947-12-11,1283
crmid:3159380216,pregustic1922@live.com,Jeanice,Hurley,female,997-958-3041,Eureka,United States,54943,Minnesota,14 Grattan,1960-09-08,1643
crmid:6330295555,awaken1958@live.com,Jonah,Klein,,536-128-9096,O'Fallon,United States,23948,Kansas,203 Lone Mountain,1967-07-12,939
crmid:7272254937,insular1853@gmail.com,Lynell,Roman,female,776-456-4257,Northfield,United States,61701,Virginia,1361 Kelloch,1999-11-20,1543
crmid:8701514822,flighted1807@outlook.com,Leon,Brennan,female,133-175-5762,Chanhassen,United States,37605,Minnesota,1371 Paraiso,1946-05-04,2904
crmid:7779777691,shipwrecky1807@gmail.com,Shayne,Shields,male,942-376-4187,Agoura Hills,United States,98009,New York,453 Anza,1930-09-27,906
crmid:9269139511,zoner2039@yahoo.com,Noah,Mendoza,,046-107-7807,San Luis Obispo,United States,87949,Wisconsin,1236 Ramona,1967-12-01,1040
crmid:6079028949,caterina2014@live.com,Drew,Reyes,,123-226-0970,Garfield,United States,17477,New Jersey,859 Vale,1965-02-26,2471
crmid:6291810513,subinferred1871@gmail.com,Rory,Flores,,477-382-6192,Walla Walla,United States,33249,Indiana,1113 Wilson,1973-06-06,395
crmid:1030250919,butting1895@gmail.com,Larry,Barrett,male,174-494-8049,Casa Grande,United States,30117,New Mexico,978 Stanford,1945-06-02,1169
crmid:7584876022,lumen2026@outlook.com,Matt,Nash,,779-266-7610,Gary,United States,24695,New Hampshire,1020 Marview,1965-05-11,1184
crmid:6070806111,replenished1885@yandex.com,Wade,Wynn,male,472-498-9825,Zanesville,United States,06965,Hawaii,820 Clinton,1942-12-23,640
crmid:9416824470,bonehead1878@live.com,Jose,Cherry,male,907-841-0333,Anacortes,United States,34719,Arizona,299 Gaviota,1932-06-06,1464
crmid:6581629088,interregnum2063@live.com,Jonathan,Higgins,,347-062-9429,Vallejo,United States,40673,Nevada,1054 Eastman,1992-06-03,926
crmid:1786244358,worker2014@live.com,Jolanda,Gross,female,945-566-6087,Cuyahoga Falls,United States,24918,North Carolina,1042 Fair,1952-04-12,1261
crmid:3952331666,bolio2004@gmail.com,Hector,Duncan,male,145-499-0728,Wichita Falls,United States,05203,Florida,923 Rosa Parks,1936-10-09,724
crmid:2584978061,bande1990@gmail.com,Stevie,Hendrix,,781-414-0546,Miami Lakes,United States,34507,Arkansas,1014 Dorchester,1990-07-09,2599
crmid:8125152307,barclay1901@yandex.com,Laila,Cash,female,883-488-5961,Southlake,United States,77810,Illinois,1397 Hampshire,1953-12-19,1102
crmid:3931245386,amphibia1904@outlook.com,Roselia,Duran,female,265-867-3748,Cottonwood Heights,United States,47562,Louisiana,1367 John F Kennedy,1951-07-09,2483
crmid:5226418934,wronghead1838@gmail.com,Esteban,Ballard,male,552-229-3309,Racine,United States,10805,Ohio,1389 Gloria,1945-04-02,1560
crmid:8071288137,overjoyed1903@yandex.com,Celestina,Downs,female,640-548-8072,Desert Hot Springs,United States,72126,New Hampshire,1119 Birchwood,1954-12-03,2068
crmid:5717595573,creen1939@live.com,Hank,Melendez,male,321-873-7489,North Plainfield,United States,88919,Kansas,559 Randolph,1999-02-22,1795
crmid:3409782411,jocund1936@live.com,Bruno,Wood,,150-528-9888,Mount Prospect,United States,96947,Montana,1021 Brookhaven,1993-12-28,1948
crmid:6576342513,drumline1879@yahoo.com,Ron,Zimmerman,male,040-295-4797,North Augusta,United States,98689,Mississippi,320 Juanita,1998-02-21,2627
crmid:9306748330,sleekier1879@outlook.com,Freddie,Mccoy,,338-202-3459,McKeesport,United States,92251,Mississippi,707 Cordelia,1988-07-08,623
crmid:1534348950,chegre2011@outlook.com,Aldo,Ashley,,061-478-3444,Park Ridge,United States,87160,New Mexico,365 Plaza,1987-03-09,2903
crmid:4058556837,goladar2051@yahoo.com,Cassey,Herring,female,244-681-6442,Weston,United States,24041,Wisconsin,937 Service,1955-02-13,332
crmid:4589886989,cobblers1949@live.com,Ned,Zimmerman,,961-795-1240,Grand Forks,United States,45992,Massachusetts,1300 Harriet,1967-08-18,1143
crmid:1621670334,cardia1801@yandex.com,Lucien,Hyde,,803-546-0361,Galt,United States,37778,New Jersey,7 Germania,1965-06-23,2781
crmid:5187351785,upstages2019@live.com,Albert,Hawkins,,933-678-9551,Greenwood,United States,22044,Idaho,1324 Napier,1968-04-06,1504
crmid:7286020635,celsius1898@gmail.com,Tambra,Randall,female,728-405-5619,Elkhart,United States,47681,Indiana,394 Geneva,1959-08-24,1152
crmid:7078953313,vibratile1906@yandex.com,Pete,Hebert,,167-103-9572,New Castle,United States,24412,Delaware,1280 Priest,1996-05-11,2960
crmid:3871177267,dodecapartite1858@gmail.com,Rory,Lawson,female,246-388-2002,St. Louis,United States,84805,Delaware,1109 Lenox,1953-07-17,451
crmid:4433065798,misenters1926@yahoo.com,Toby,Molina,male,939-223-7828,Calexico,United States,95229,Maryland,231 Encline,1943-12-18,2458
crmid:3277187500,diena1852@yandex.com,Kenneth,Parker,male,540-112-8810,Calabasas,United States,36978,Pennsylvania,795 Cielito,1943-06-22,2530
crmid:3612225732,avenue2063@outlook.com,Heath,Maxwell,,919-920-0804,Provo,United States,85055,Nevada,1251 Thor,1969-01-16,375
crmid:8535216613,mosquito1924@outlook.com,Donnell,Cook,,142-182-6939,Vista,United States,47181,Oregon,1374 Erie,1993-01-05,422
crmid:2468137868,amazing1962@outlook.com,Virgil,Keith,female,237-141-4214,Draper,United States,55517,Vermont,658 Dock,1955-09-16,1828
crmid:2285589166,outspanning1949@outlook.com,Shad,Mcmillan,,480-457-4351,Rockford,United States,30965,North Dakota,1211 Langton,1971-09-02,1506
crmid:4424351173,admedial1879@yandex.com,Herschel,Griffith,,607-679-9963,Forest Grove,United States,43931,Georgia,1396 Crestline,1962-08-04,1597
crmid:6403498404,rachidial1903@live.com,Mitchel,Benton,,548-828-7040,Hialeah,United States,05608,Wisconsin,608 Garcia,1971-01-08,1571
crmid:6840438290,indris1998@yahoo.com,Rickey,Holmes,male,520-572-0595,Weirton,United States,17646,Montana,226 Uranus,1943-12-25,424
crmid:2842491539,unstocking1985@yahoo.com,Andy,Soto,,605-492-8591,Thomasville,United States,56509,Mississippi,502 Annie,1970-11-13,2628
crmid:6657568245,zizyphus1991@outlook.com,Lyle,Buckley,,641-290-3215,Louisville,United States,31353,Arkansas,971 Zoe,1984-06-22,1115
crmid:6847901736,bannet1864@gmail.com,Chu,Foreman,female,602-106-5945,Wilsonville,United States,16225,Arkansas,515 Maynard,1955-11-20,1966
crmid:6585443195,tradition2012@yandex.com,Ismael,Anderson,,200-870-4493,Sioux Falls,United States,80738,Louisiana,352 Annapolis,1978-02-27,383
crmid:1968634568,delectated1897@yandex.com,Bryon,Caldwell,male,685-414-2646,Buckeye,United States,07901,South Carolina,1066 Vicksburg,1942-02-05,1703
crmid:2759558403,countenancing1842@outlook.com,Barry,Melendez,male,275-147-0897,Bentonville,United States,08589,Colorado,532 Borica,1938-01-20,1136
crmid:6908032525,forehead1867@gmail.com,Nicolas,Jensen,,371-459-8728,Redding,United States,85034,Connecticut,272 Ford,1997-06-03,591
crmid:9934559022,ruewort1809@live.com,Leo,Sherman,male,066-303-2453,Pleasanton,United States,18500,Tennessee,1305 Saint Croix,1945-06-27,1135
crmid:5059262715,scissor1919@outlook.com,Charles,Sandoval,male,561-786-7316,Peoria,United States,57809,Alabama,445 Harold,1995-09-24,444
crmid:9682608095,spiketail1965@yandex.com,Mauricio,Martinez,,338-611-2873,Kingman,United States,93976,Vermont,1133 Page,1977-05-12,1087
crmid:1649745544,moose1851@outlook.com,Heath,Mercado,,618-584-4755,Mint Hill,United States,04764,Connecticut,380 School,1991-01-21,1336
crmid:3391223123,canuck1901@yahoo.com,Murray,Hawkins,male,243-029-3348,Nogales,United States,79341,Indiana,885 Brewster,1998-02-14,1336
crmid:5738795998,streamliner1916@yandex.com,Frank,Kidd,,768-390-4065,Hoffman Estates,United States,25842,Maryland,1356 Hahn,1972-04-24,2995
crmid:5011685477,microphytology2035@outlook.com,Elias,Bruce,male,640-776-6495,Waterbury,United States,09876,Kansas,1168 Rodriguez,1942-03-04,1770
crmid:1179838316,porcupine1852@outlook.com,Maisie,Mccullough,female,401-197-3951,Pinellas Park,United States,93656,Colorado,388 State,1954-06-19,2630
crmid:4303777245,unpaste1816@outlook.com,Lazaro,Pennington,,776-749-9932,Middletown,United States,19680,Washington,971 Signal,1990-04-18,2531
crmid:8560119681,syphered1933@yandex.com,Wilford,Ball,,922-044-5845,Lockport,United States,41082,Kentucky,450 Jack Kerouac,1983-08-14,2619
crmid:6216237276,chaplin2045@yandex.com,Daren,Faulkner,,898-019-6515,Grayslake,United States,76422,Delaware,410 Oak Hills,1968-07-20,910
crmid:5708897821,sexualized1830@gmail.com,Oscar,Travis,,092-224-9041,Springfield,United States,42470,Oregon,371 Bonita,1982-04-10,1737
crmid:2698231661,impious1992@yandex.com,Bell,Tyson,female,556-679-2070,Elmhurst,United States,88263,Oklahoma,1142 Dolores,1959-01-29,2466
crmid:5425108677,controllers1819@yandex.com,Richard,Gould,,190-363-3237,Peabody,United States,42699,Oregon,107 Battery Blaney,1985-01-09,1792
crmid:5313364907,alcindor2061@live.com,Olimpia,Holder,female,728-022-2637,Spokane Valley,United States,14495,West Virginia,1229 Hegal,1948-07-14,2851
crmid:3197320673,bandmaster1818@yandex.com,German,Kaufman,,450-478-4623,Fullerton,United States,86574,Missouri,1238 Barry,1964-11-11,535
crmid:7919446084,beasts1865@gmail.com,Lorita,Dale,female,413-098-1072,Chandler,United States,72718,North Dakota,22 Northpoint,1946-12-11,2700
crmid:7479751567,masterstroke2066@yahoo.com,Toshiko,Mcneil,female,995-250-2056,Creve Coeur,United States,85359,North Dakota,501 Havens,1951-10-17,2610
crmid:1369567154,surrounded1856@live.com,Jonas,Pratt,male,878-148-8353,Tukwila,United States,77722,Washington,320 Arago,1931-12-11,1722
crmid:6065856963,engluts1874@yahoo.com,Thao,Harvey,female,811-147-1017,Elyria,United States,53270,Nevada,206 Costa,1959-09-13,332
crmid:3071076167,correct1981@gmail.com,Hunter,Mann,,693-196-6219,Stevens Point,United States,33495,Colorado,1291 Montague,1970-09-11,1820
crmid:3162058697,malpracticing1918@outlook.com,Maxima,Key,female,716-061-2820,Dana Point,United States,74052,West Virginia,894 Font,1952-12-12,2371
