id,crmid,propensity_room_upgrade,propensity_extended_nights
orderid:944965,crmid:5079147205,4,4
orderid:327074,crmid:2859802809,3,4
orderid:470727,crmid:1012552945,2,3
orderid:267303,crmid:2363900852,4,3
orderid:516403,crmid:5290945227,3,9
orderid:860805,crmid:4036302607,4,2
orderid:591379,crmid:8810360367,4,5
orderid:951780,crmid:7232650617,3,4
orderid:378515,crmid:9136976255,5,2
orderid:483223,crmid:5203147025,4,6
orderid:456091,crmid:9293080068,3,4
orderid:404180,crmid:9072571631,3,5
orderid:314847,crmid:4440377214,7,4
orderid:384641,crmid:7243080585,4,4
orderid:901622,crmid:8393797128,5,3
orderid:871164,crmid:3081412137,9,4
orderid:211286,crmid:3740571825,4,5
orderid:820785,crmid:4194404342,3,5
orderid:701641,crmid:7212588837,6,5
orderid:765572,crmid:7150870956,5,3
orderid:638470,crmid:1833210069,3,4
orderid:253382,crmid:1927002868,9,2
orderid:798155,crmid:7245623191,4,3
orderid:931899,crmid:5694824930,8,4
orderid:568798,crmid:5358214497,9,2
orderid:179305,crmid:5052541551,3,6
orderid:501506,crmid:5667225613,3,4
orderid:869340,crmid:2713070827,6,3
orderid:117540,crmid:6052537924,5,3
orderid:746435,crmid:1204234694,4,5
orderid:765218,crmid:9102209078,4,4
orderid:883883,crmid:2850960951,5,2
orderid:673827,crmid:5276769074,3,5
orderid:410367,crmid:1206784567,7,4
orderid:750443,crmid:4487074807,4,3
orderid:874255,crmid:6027955042,3,3
orderid:728869,crmid:6987941238,3,5
orderid:931122,crmid:6701137184,3,3
orderid:955331,crmid:2647077499,4,4
orderid:502905,crmid:4821454441,5,5
orderid:500522,crmid:3215403586,6,4
orderid:970496,crmid:5262280975,4,10
orderid:988949,crmid:8001671567,3,4
orderid:643760,crmid:4632485615,4,5
orderid:904782,crmid:2521983648,5,4
orderid:722268,crmid:3537896970,4,5
orderid:163290,crmid:7172372283,4,7
orderid:815953,crmid:8056452098,5,5
orderid:498176,crmid:2825685490,5,3
orderid:283420,crmid:2330376798,9,3
orderid:642687,crmid:8866539618,6,6
orderid:746780,crmid:9056438583,4,6
orderid:521824,crmid:4714495192,4,4
orderid:396973,crmid:9611002144,3,4
orderid:176492,crmid:3796838299,3,5
orderid:196330,crmid:5462283906,3,6
orderid:168679,crmid:2812513139,4,5
orderid:634544,crmid:5969775400,5,4
orderid:688691,crmid:9514315783,3,6
orderid:101190,crmid:8920296099,4,4
orderid:428220,crmid:9351343436,4,3
orderid:941296,crmid:5420432197,3,4
orderid:390880,crmid:5283376051,3,4
orderid:336374,crmid:5105307189,5,5
orderid:947389,crmid:1897307826,4,7
orderid:454948,crmid:6594315985,4,2
orderid:374772,crmid:6999188202,4,4
orderid:386067,crmid:3624977512,4,5
orderid:838396,crmid:7965386977,4,5
orderid:961975,crmid:4308172017,6,4
orderid:157522,crmid:7504285241,4,5
orderid:879331,crmid:1231527088,5,5
orderid:307431,crmid:4916817840,4,5
orderid:338615,crmid:6521716898,4,5
orderid:220155,crmid:8498915090,4,4
orderid:934028,crmid:2260679592,3,4
orderid:918864,crmid:3439729757,4,4
orderid:998486,crmid:6021998899,7,3
orderid:828699,crmid:5858392301,4,4
orderid:817437,crmid:4974884482,5,2
orderid:766909,crmid:7291172717,5,3
orderid:727077,crmid:5908732557,5,5
orderid:884471,crmid:4981943422,4,5
orderid:421952,crmid:5380938245,9,4
orderid:335248,crmid:5525615913,3,4
orderid:995715,crmid:5828172917,5,3
orderid:365867,crmid:1428570545,8,4
orderid:561197,crmid:9742023178,4,4
orderid:478104,crmid:5671084769,2,3
orderid:216597,crmid:4037864565,3,2
orderid:356110,crmid:2499600911,3,4
orderid:182607,crmid:5546144148,9,3
orderid:105867,crmid:1355510129,5,4
orderid:463411,crmid:9535980265,7,3
orderid:197578,crmid:8517116837,4,4
orderid:512081,crmid:4791790782,5,9
orderid:331263,crmid:5054323037,3,5
orderid:609485,crmid:8926957626,4,4
orderid:807413,crmid:2410155330,3,5
orderid:253768,crmid:3111148271,2,8
