id,transactionID,crmid,timestamp,orderType,transactionSKU,transactionName,transactionType,transactionOwnership,transactionAction,transactionMethod,transactionAmount,transactionFlag
f5c44518-914c-11ea-b60f-b88a60e194fb,transactionid:155886,crmid:3591242529,2020-03-19T11:41:10.000Z,transaction - broker,prd1010,529 College Savings,College Savings,Personal,credit,call center,2177.49,1
f5c5ca9c-914c-11ea-be34-b88a60e194fb,transactionid:351246,crmid:7152169328,2020-03-21T11:51:36.000Z,transaction - broker,prd1101,Mortgage: 5/1 ARM,Mortgage,Personal,debt,branch,2107.45,1
f5c7789a-914c-11ea-8d01-b88a60e194fb,transactionid:878994,crmid:3114727975,2020-03-16T13:45:29.000Z,transaction - broker,prd1161,Business Checking,Checking,Business,close,ATM,2735.55,1
f5c8ffdc-914c-11ea-b973-b88a60e194fb,transactionid:545989,crmid:7078046713,2020-03-29T17:04:33.000Z,transaction - broker,prd1146,529 College Savings,College Savings,Personal,credit,mobile,3696.46,1
f5caae00-914c-11ea-9e18-b88a60e194fb,transactionid:643720,crmid:1213151047,2020-03-23T10:57:18.000Z,transaction - broker,prd1145,Everyday Checking,Checking,Personal,credit,branch,3276.71,1
f5cc332c-914c-11ea-84b4-b88a60e194fb,transactionid:622481,crmid:6507505032,2020-03-24T14:38:50.000Z,transaction - broker,prd1089,Business Card,Credit Card,Business,credit,broker,2762.39,1
f5ce07e2-914c-11ea-b233-b88a60e194fb,transactionid:966806,crmid:4655307726,2020-03-17T13:15:21.000Z,transaction - broker,prd1058,Simplicity Card,Credit Card,Personal,close,call center,2969.94,1
f5cfde4a-914c-11ea-a653-b88a60e194fb,transactionid:827931,crmid:6884778101,2020-03-20T20:52:07.000Z,transaction - broker,prd1140,Travel Card,Credit Card,Personal,credit,call center,3194.95,1
f5d18bee-914c-11ea-a4b7-b88a60e194fb,transactionid:262130,crmid:1221743076,2020-03-23T20:30:41.000Z,transaction - broker,prd1039,Dividend Card,Credit Card,Personal,credit,mobile,3322.36,1
f5d372ba-914c-11ea-aece-b88a60e194fb,transactionid:463162,crmid:3815518653,2020-03-22T19:58:26.000Z,transaction - broker,prd1090,Business Checking,Checking,Business,credit,call center,364.24,1
f5d5a900-914c-11ea-a7bc-b88a60e194fb,transactionid:590719,crmid:8299364348,2020-03-17T09:58:53.000Z,transaction - broker,prd1182,Brokerage Account,Investment,Personal,credit,call center,3032.31,1
f5d7cbcc-914c-11ea-9d73-b88a60e194fb,transactionid:144131,crmid:4972096235,2020-03-31T08:53:30.000Z,transaction - broker,prd1114,CDs: 3 month,Investment,Personal,credit,broker,1697.04,1
f5da15cc-914c-11ea-9c7a-b88a60e194fb,transactionid:538253,crmid:2646978140,2020-03-24T07:37:43.000Z,transaction - broker,prd1042,Roth IRA,Retirement,Personal,credit,mobile,2357.98,1
f5dc7398-914c-11ea-9b3d-b88a60e194fb,transactionid:368489,crmid:7422307459,2020-03-29T11:20:29.000Z,transaction - broker,prd1056,CDs: 5 year,Investment,Personal,credit,call center,2818.6,1
f5dea992-914c-11ea-88d5-b88a60e194fb,transactionid:911614,crmid:5409031743,2020-03-27T17:58:35.000Z,transaction - broker,prd1063,High Interest Savings,Savings,Personal,credit,call center,3321.09,1
f5e0cc90-914c-11ea-bcc4-b88a60e194fb,transactionid:210532,crmid:2765238058,2020-03-25T13:13:50.000Z,transaction - broker,prd1128,High Interest Savings,Savings,Personal,credit,call center,3356.99,1
f5e2c85e-914c-11ea-9ef4-b88a60e194fb,transactionid:423474,crmid:5023609668,2020-03-15T12:28:01.000Z,transaction - broker,prd1077,Roth IRA,Retirement,Personal,credit,mobile,3577.25,1
f5e56050-914c-11ea-a48c-b88a60e194fb,transactionid:539929,crmid:1891068325,2020-03-30T21:11:32.000Z,transaction - broker,prd1079,Mortgage: 30-yr Fixed,Mortgage,Personal,credit,ATM,2998.01,1
f5e796b8-914c-11ea-aefd-b88a60e194fb,transactionid:412724,crmid:5140002233,2020-03-18T04:12:21.000Z,transaction - broker,prd1092,Rewards Card,Credit Card,Personal,credit,mobile,4221.96,1
f5e9a668-914c-11ea-bae7-b88a60e194fb,transactionid:858147,crmid:7271349592,2020-03-28T15:54:50.000Z,transaction - broker,prd1065,High Interest Savings,Savings,Personal,close,call center,4551.25,1
f5eba1da-914c-11ea-975b-b88a60e194fb,transactionid:695478,crmid:8495509107,2020-03-17T00:02:37.000Z,transaction - broker,prd1190,Premium Checking,Checking,Personal,debt,mobile,2189.08,1
f5edff40-914c-11ea-ac3c-b88a60e194fb,transactionid:878670,crmid:2127419828,2020-03-25T16:35:53.000Z,transaction - broker,prd1191,Merchant Services Account,Merchant Services,Business,debt,branch,3431.09,1
f5f02222-914c-11ea-ba4d-b88a60e194fb,transactionid:845666,crmid:7727151896,2020-03-26T04:25:05.000Z,transaction - broker,prd1101,Mortgage: 5/1 ARM,Mortgage,Personal,credit,call center,4787.93,1
f5f20a76-914c-11ea-8eaa-b88a60e194fb,transactionid:153185,crmid:7895191847,2020-03-17T00:28:51.000Z,transaction - broker,prd1020,Everyday Savings,Savings,Personal,credit,mobile,3342.66,1
f5f4414a-914c-11ea-bdc4-b88a60e194fb,transactionid:710822,crmid:5694399906,2020-03-26T05:06:08.000Z,transaction - broker,prd1194,Preferred Checking,Checking,Personal,credit,call center,512261.5,1
f5f6b1ca-914c-11ea-b5b8-b88a60e194fb,transactionid:603629,crmid:7439570004,2020-03-21T22:56:58.000Z,transaction - broker,prd1078,Mortgage: 7/1 ARM,Mortgage,Personal,credit,mobile,2888.45,1
f5f8fbda-914c-11ea-9689-b88a60e194fb,transactionid:471916,crmid:2851632882,2020-03-28T07:28:03.000Z,transaction - broker,prd1180,529 College Savings,College Savings,Personal,debt,mobile,4460.46,1
f5fb0b0a-914c-11ea-8e87-b88a60e194fb,transactionid:230291,crmid:2788397463,2020-03-19T15:18:41.000Z,transaction - broker,prd1095,529 College Savings,College Savings,Personal,credit,mobile,2724.25,1
f5fd4174-914c-11ea-b5f0-b88a60e194fb,transactionid:504323,crmid:6429960907,2020-03-20T10:32:46.000Z,transaction - broker,prd1158,Preferred Checking,Checking,Personal,credit,call center,3085.81,1
f5ff6452-914c-11ea-b94e-b88a60e194fb,transactionid:184711,crmid:5298611878,2020-03-18T02:14:46.000Z,transaction - broker,prd1085,Auto Loan,Loan,Personal,debt,call center,1365.01,1
f6011210-914c-11ea-95ee-b88a60e194fb,transactionid:745122,crmid:3055067215,2020-03-18T22:32:04.000Z,transaction - broker,prd1111,Pension Account,Retirement,Personal,credit,call center,3816.17,1
f603aa06-914c-11ea-b01e-b88a60e194fb,transactionid:603799,crmid:5409727130,2020-03-15T06:58:23.000Z,transaction - broker,prd1138,Money Market Savings,Savings,Personal,credit,broker,5484.29,1
f6062e92-914c-11ea-ab9c-b88a60e194fb,transactionid:127701,crmid:6937328355,2020-03-18T08:22:35.000Z,transaction - broker,prd1163,Rewards Savings,Savings,Personal,credit,ATM,3708.23,1
f608da24-914c-11ea-aba1-b88a60e194fb,transactionid:484312,crmid:7855127744,2020-03-27T00:59:36.000Z,transaction - broker,prd1044,Rewards Card,Credit Card,Personal,close,call center,3187.72,1
f60b3798-914c-11ea-bfcf-b88a60e194fb,transactionid:679924,crmid:9145522341,2020-03-25T22:44:53.000Z,transaction - broker,prd1163,Rewards Savings,Savings,Personal,credit,call center,1191.91,1
f60e0ae8-914c-11ea-8bd6-b88a60e194fb,transactionid:844033,crmid:4683367452,2020-03-21T00:55:06.000Z,transaction - broker,prd1081,Simplicity Card,Credit Card,Personal,debt,call center,2962.05,1
f61040b0-914c-11ea-8c19-b88a60e194fb,transactionid:966799,crmid:2281633232,2020-03-15T16:32:54.000Z,transaction - broker,prd1074,Premium Checking,Checking,Personal,credit,ATM,2753.22,1
f612638a-914c-11ea-924d-b88a60e194fb,transactionid:276864,crmid:7888691362,2020-03-27T21:03:11.000Z,transaction - broker,prd1190,Premium Checking,Checking,Personal,credit,branch,3451.01,1
f6143840-914c-11ea-a6b6-b88a60e194fb,transactionid:928084,crmid:7189161640,2020-03-21T20:57:01.000Z,transaction - broker,prd1089,Business Card,Credit Card,Business,debt,call center,4470.9,1
f6166f22-914c-11ea-9b49-b88a60e194fb,transactionid:284357,crmid:1961016001,2020-03-23T23:31:16.000Z,transaction - broker,prd1043,Business Savings,Savings,Business,credit,mobile,380251.09,1
f618a50c-914c-11ea-a58d-b88a60e194fb,transactionid:198010,crmid:4643539082,2020-03-25T21:30:25.000Z,transaction - broker,prd1166,Business Checking,Checking,Business,credit,mobile,2452.39,1
f61ac7ee-914c-11ea-aa68-b88a60e194fb,transactionid:438325,crmid:5456576215,2020-03-30T14:33:14.000Z,transaction - broker,prd1128,High Interest Savings,Savings,Personal,credit,mobile,3799.57,1
f61d9a88-914c-11ea-9bd0-b88a60e194fb,transactionid:411240,crmid:9036423873,2020-03-26T16:08:22.000Z,transaction - broker,prd1143,Travel Card,Credit Card,Personal,credit,call center,3377.36,1
f620bb50-914c-11ea-a57d-b88a60e194fb,transactionid:893905,crmid:1644008760,2020-03-25T01:50:32.000Z,transaction - broker,prd1169,Business Loan,Loan,Personal,credit,mobile,2404.72,1
f6238de2-914c-11ea-9db4-b88a60e194fb,transactionid:600291,crmid:1342547958,2020-03-15T21:26:19.000Z,transaction - broker,prd1087,Overseas Equity Fund,Investment,Personal,debt,mobile,4856.1,1
f62687e4-914c-11ea-b5f7-b88a60e194fb,transactionid:585789,crmid:6133031129,2020-03-15T20:29:00.000Z,transaction - broker,prd1138,Money Market Savings,Savings,Personal,debt,branch,2423.43,1
f6288398-914c-11ea-8458-b88a60e194fb,transactionid:278172,crmid:6839015067,2020-03-20T13:05:41.000Z,transaction - broker,prd1010,529 College Savings,College Savings,Personal,credit,call center,435150.25,1
f62aa636-914c-11ea-8dc9-b88a60e194fb,transactionid:283247,crmid:6983669652,2020-03-19T21:43:35.000Z,transaction - broker,prd1198,Critical Illness Insurance,Insurance,Personal,credit,mobile,3827.01,1
f62d656c-914c-11ea-ba45-b88a60e194fb,transactionid:656632,crmid:1889616062,2020-03-29T18:21:44.000Z,transaction - broker,prd1017,Merchant Services Account,Merchant Services,Business,credit,branch,2400.05,1
f630d45c-914c-11ea-b7e7-b88a60e194fb,transactionid:791518,crmid:5260446162,2020-03-16T05:42:48.000Z,transaction - broker,prd1108,401k,Retirement,Personal,credit,branch,3498.28,1
f6336c58-914c-11ea-960b-b88a60e194fb,transactionid:469744,crmid:5451155259,2020-03-29T00:49:24.000Z,transaction - broker,prd1068,Mortgage: 7/1 ARM,Mortgage,Personal,credit,ATM,2577.57,1
f635f0ee-914c-11ea-a49c-b88a60e194fb,transactionid:544362,crmid:3793268703,2020-03-18T15:57:15.000Z,transaction - broker,prd1178,Everyday Savings,Savings,Personal,debt,call center,3224.85,1
f6387578-914c-11ea-8009-b88a60e194fb,transactionid:801372,crmid:5528596886,2020-03-20T00:32:37.000Z,transaction - broker,prd1142,Rewards Savings,Savings,Personal,debt,call center,2291.64,1
f63ad2e4-914c-11ea-aa23-b88a60e194fb,transactionid:904118,crmid:6869409133,2020-03-17T18:25:13.000Z,transaction - broker,prd1141,Premium Checking,Checking,Personal,credit,ATM,3323.47,1
f63ce236-914c-11ea-ba70-b88a60e194fb,transactionid:328132,crmid:1872280052,2020-03-28T04:49:17.000Z,transaction - broker,prd1094,Preferred Checking,Checking,Personal,credit,mobile,2474.79,1
f63f0500-914c-11ea-a8af-b88a60e194fb,transactionid:867701,crmid:7394937410,2020-03-19T14:50:35.000Z,transaction - broker,prd1140,Travel Card,Credit Card,Personal,close,call center,2933.98,1
f641eb46-914c-11ea-9ff3-b88a60e194fb,transactionid:162951,crmid:8259562776,2020-03-31T16:23:36.000Z,transaction - broker,prd1140,Travel Card,Credit Card,Personal,credit,call center,3604.86,1
f64448a4-914c-11ea-a776-b88a60e194fb,transactionid:203827,crmid:2140365248,2020-03-29T06:51:18.000Z,transaction - broker,prd1059,Platinum Card,Credit Card,Personal,credit,mobile,3379.45,1
f6469298-914c-11ea-9500-b88a60e194fb,transactionid:869312,crmid:1909258500,2020-03-15T19:03:18.000Z,transaction - broker,prd1133,High Interest Savings,Savings,Personal,debt,call center,4086.18,1
f64978b4-914c-11ea-88b4-b88a60e194fb,transactionid:385014,crmid:6605052880,2020-03-18T07:03:24.000Z,transaction - broker,prd1137,Business Checking,Checking,Business,close,call center,431943.09,1
f64de58a-914c-11ea-8847-b88a60e194fb,transactionid:302106,crmid:3851773766,2020-03-20T13:11:46.000Z,transaction - broker,prd1025,Brokerage Account,Investment,Personal,credit,broker,400190.01,1
f657f7a6-914c-11ea-9247-b88a60e194fb,transactionid:128652,crmid:3425585408,2020-03-25T12:30:11.000Z,transaction - broker,prd1020,Everyday Savings,Savings,Personal,credit,mobile,2367.61,1
f65a7c3a-914c-11ea-abc2-b88a60e194fb,transactionid:619568,crmid:9612347032,2020-03-16T20:52:52.000Z,transaction - broker,prd1137,Business Checking,Checking,Business,credit,call center,3317.77,1
f65cd992-914c-11ea-bdff-b88a60e194fb,transactionid:577215,crmid:6919185344,2020-03-22T02:37:32.000Z,transaction - broker,prd1176,Overseas Equity Fund,Investment,Personal,close,ATM,3039.34,1
f65fac34-914c-11ea-b2aa-b88a60e194fb,transactionid:739413,crmid:1746539955,2020-03-25T23:08:12.000Z,transaction - broker,prd1051,Personal Loan,Loan,Personal,close,branch,1877.59,1
f6620998-914c-11ea-84d9-b88a60e194fb,transactionid:465798,crmid:1036414640,2020-03-17T09:43:25.000Z,transaction - broker,prd1018,Auto Insurance,Insurance,Personal,credit,mobile,2269.72,1
f6640580-914c-11ea-8575-b88a60e194fb,transactionid:553382,crmid:8311192981,2020-03-16T18:27:56.000Z,transaction - broker,prd1146,529 College Savings,College Savings,Personal,credit,broker,3728.04,1
f66614dc-914c-11ea-866a-b88a60e194fb,transactionid:361857,crmid:9809346562,2020-03-20T17:42:09.000Z,transaction - broker,prd1165,Roth IRA,Retirement,Personal,debt,mobile,2460.18,1
f66885c8-914c-11ea-9810-b88a60e194fb,transactionid:250804,crmid:9114871496,2020-03-28T17:26:13.000Z,transaction - broker,prd1069,Homeowner's Insurance,Insurance,Personal,credit,call center,3796.54,1
f66ae334-914c-11ea-b94e-b88a60e194fb,transactionid:604012,crmid:6614764224,2020-03-20T07:40:54.000Z,transaction - broker,prd1074,Premium Checking,Checking,Personal,debt,mobile,2855.81,1
f66ccbac-914c-11ea-9e93-b88a60e194fb,transactionid:232817,crmid:8683332774,2020-03-17T22:01:47.000Z,transaction - broker,prd1048,Business Loan,Loan,Business,credit,mobile,2696.27,1
f66eee50-914c-11ea-bf75-b88a60e194fb,transactionid:677342,crmid:1223546252,2020-03-22T06:49:55.000Z,transaction - broker,prd1110,Traditional IRA,Retirement,Personal,credit,call center,2402.38,1
f670af76-914c-11ea-bf6b-b88a60e194fb,transactionid:951917,crmid:6638903755,2020-03-26T02:21:56.000Z,transaction - broker,prd1139,Employee Stock Purchase Plans,Investment,Personal,close,mobile,3804.89,1
f672e5f4-914c-11ea-9731-b88a60e194fb,transactionid:754819,crmid:6971119186,2020-03-27T14:18:44.000Z,transaction - broker,prd1070,High Interest Savings,Savings,Personal,credit,broker,4087.48,1
f6749388-914c-11ea-9040-b88a60e194fb,transactionid:733833,crmid:7276879706,2020-03-22T21:43:50.000Z,transaction - broker,prd1056,CDs: 5 year,Investment,Personal,credit,branch,3096.78,1
f676a2f4-914c-11ea-b190-b88a60e194fb,transactionid:797861,crmid:5515491185,2020-03-15T21:48:37.000Z,transaction - broker,prd1184,Fixed Deposit,Investment,Personal,debt,call center,3084.2,1
f67877be-914c-11ea-bfaa-b88a60e194fb,transactionid:880003,crmid:3715228585,2020-03-20T03:35:23.000Z,transaction - broker,prd1010,529 College Savings,College Savings,Personal,credit,mobile,536016.55,1
f67ac192-914c-11ea-b8a9-b88a60e194fb,transactionid:167324,crmid:8121589665,2020-03-30T13:13:50.000Z,transaction - broker,prd1180,529 College Savings,College Savings,Personal,credit,call center,3300.47,1
f67d9434-914c-11ea-80e3-b88a60e194fb,transactionid:486429,crmid:7261716056,2020-03-16T15:27:58.000Z,transaction - broker,prd1081,Simplicity Card,Credit Card,Personal,debt,mobile,2905.38,1
f67f5562-914c-11ea-aea8-b88a60e194fb,transactionid:610410,crmid:4811016707,2020-03-17T02:10:59.000Z,transaction - broker,prd1014,CDs: 3 month,Investment,Personal,credit,call center,2463.16,1
f680ef90-914c-11ea-8e54-b88a60e194fb,transactionid:597650,crmid:6055348948,2020-03-31T18:05:29.000Z,transaction - broker,prd1058,Simplicity Card,Credit Card,Personal,credit,call center,3242.15,1
f682eb5e-914c-11ea-87ee-b88a60e194fb,transactionid:684693,crmid:4305366808,2020-03-28T05:20:49.000Z,transaction - broker,prd1005,Everyday Savings,Savings,Personal,credit,broker,3158.52,1
f6849908-914c-11ea-915c-b88a60e194fb,transactionid:728572,crmid:2722697238,2020-03-23T02:20:35.000Z,transaction - broker,prd1083,Pension Account,Retirement,Personal,credit,mobile,3145.65,1
f686bc0a-914c-11ea-9f3b-b88a60e194fb,transactionid:709261,crmid:3143643685,2020-03-20T21:53:26.000Z,transaction - broker,prd1173,Money Market,Investment,Personal,close,mobile,3137.71,1
f688b7a8-914c-11ea-b0b5-b88a60e194fb,transactionid:795555,crmid:5065603014,2020-03-16T02:36:31.000Z,transaction - broker,prd1126,Merchant Services Account,Merchant Services,Business,credit,broker,3941.55,1
f68a7912-914c-11ea-9f01-b88a60e194fb,transactionid:437659,crmid:3555824290,2020-03-25T02:55:06.000Z,transaction - broker,prd1076,Student Savings,Savings,Personal,credit,call center,2019.43,1
f68c2682-914c-11ea-ae81-b88a60e194fb,transactionid:870070,crmid:5827661492,2020-03-31T23:03:41.000Z,transaction - broker,prd1191,Merchant Services Account,Merchant Services,Business,credit,mobile,1979.41,1
f68e35fa-914c-11ea-a916-b88a60e194fb,transactionid:156118,crmid:6491985454,2020-03-18T16:34:14.000Z,transaction - broker,prd1038,Dividend Card,Credit Card,Personal,credit,ATM,1550.79,1
f6901e64-914c-11ea-8214-b88a60e194fb,transactionid:744439,crmid:3582705880,2020-03-15T17:17:01.000Z,transaction - broker,prd1020,Everyday Savings,Savings,Personal,credit,mobile,3055.88,1
f69254a4-914c-11ea-b3a9-b88a60e194fb,transactionid:701937,crmid:3738935283,2020-03-20T02:07:30.000Z,transaction - broker,prd1062,Mortgage: VA,Mortgage,Personal,credit,mobile,3982.3,1
f6943cca-914c-11ea-9970-b88a60e194fb,transactionid:709764,crmid:1595692508,2020-03-19T17:35:59.000Z,transaction - broker,prd1020,Everyday Savings,Savings,Personal,credit,call center,2900.03,1
f69638a4-914c-11ea-b11e-b88a60e194fb,transactionid:293558,crmid:5219448001,2020-03-17T02:13:22.000Z,transaction - broker,prd1157,Brokerage Account,Investment,Personal,credit,ATM,1767.56,1
f69af38a-914c-11ea-8ed5-b88a60e194fb,transactionid:903700,crmid:5322698887,2020-03-27T11:29:04.000Z,transaction - broker,prd1138,Money Market Savings,Savings,Personal,credit,ATM,2260.63,1
f69d29f0-914c-11ea-a310-b88a60e194fb,transactionid:152881,crmid:3710109951,2020-03-23T05:44:01.000Z,transaction - broker,prd1137,Business Checking,Checking,Business,credit,call center,3164.77,1
f69ec42e-914c-11ea-8a77-b88a60e194fb,transactionid:717114,crmid:7109469221,2020-03-22T06:58:05.000Z,transaction - broker,prd1096,Renter's Insurance,Insurance,Personal,credit,branch,1808.74,1
f6a0854c-914c-11ea-8e16-b88a60e194fb,transactionid:271903,crmid:7897068600,2020-03-28T22:33:06.000Z,transaction - broker,prd1115,Mortgage: VA,Mortgage,Personal,credit,call center,1673.59,1
f6a2811a-914c-11ea-a718-b88a60e194fb,transactionid:135292,crmid:2696497635,2020-03-17T11:18:48.000Z,transaction - broker,prd1082,Mortgage Insurance,Insurance,Personal,credit,call center,2410.32,1
f6a49094-914c-11ea-9b02-b88a60e194fb,transactionid:425896,crmid:3777927109,2020-03-25T11:36:20.000Z,transaction - broker,prd1085,Auto Loan,Loan,Personal,credit,ATM,2292.01,1
f6a651a4-914c-11ea-acc4-b88a60e194fb,transactionid:734662,crmid:5485084775,2020-03-22T07:22:36.000Z,transaction - broker,prd1100,Personal Loan,Loan,Personal,credit,mobile,3796.5,1
f6a84d70-914c-11ea-9a16-b88a60e194fb,transactionid:634680,crmid:2124055005,2020-03-17T18:12:07.000Z,transaction - broker,prd1165,Roth IRA,Retirement,Personal,credit,mobile,4978.92,1
f6aa222e-914c-11ea-9b59-b88a60e194fb,transactionid:927730,crmid:9266993563,2020-03-26T19:37:01.000Z,transaction - broker,prd1141,Premium Checking,Checking,Personal,credit,branch,3620.08,1
f6ac6c18-914c-11ea-ab5f-b88a60e194fb,transactionid:456775,crmid:3208075354,2020-03-31T18:34:23.000Z,transaction - broker,prd1095,529 College Savings,College Savings,Personal,debt,branch,2817.35,1
f6af0428-914c-11ea-b8d1-b88a60e194fb,transactionid:640576,crmid:2116282042,2020-03-29T14:55:01.000Z,transaction - broker,prd1053,Mortgage: VA,Mortgage,Personal,credit,call center,2177.3,1
f6b13b1c-914c-11ea-9928-b88a60e194fb,transactionid:239581,crmid:8896943983,2020-03-18T02:23:15.000Z,transaction - broker,prd1030,401k,Retirement,Personal,credit,branch,357311.04,1
f6b322d2-914c-11ea-ab47-b88a60e194fb,transactionid:311933,crmid:6904594386,2020-03-17T10:56:46.000Z,transaction - broker,prd1026,Mortgage: 5/1 ARM,Mortgage,Personal,credit,ATM,418494.39,1
f6b4e3fa-914c-11ea-8d49-b88a60e194fb,transactionid:230671,crmid:2090660236,2020-03-27T12:34:35.000Z,transaction - broker,prd1020,Everyday Savings,Savings,Personal,credit,mobile,1488.94,1
f6b6b8be-914c-11ea-833a-b88a60e194fb,transactionid:673426,crmid:8996629571,2020-03-24T01:52:42.000Z,transaction - broker,prd1007,Health Savings,Savings,Personal,credit,broker,2663.79,1
f6b9164c-914c-11ea-8154-b88a60e194fb,transactionid:181113,crmid:5787609381,2020-03-23T12:40:00.000Z,transaction - broker,prd1190,Premium Checking,Checking,Personal,credit,branch,3792.6,1
f6bb9ad0-914c-11ea-9475-b88a60e194fb,transactionid:944946,crmid:5901008126,2020-03-17T10:20:23.000Z,transaction - broker,prd1121,Mortgage: 30-yr Fixed,Mortgage,Personal,debt,call center,2868.23,1
f6bd830c-914c-11ea-9626-b88a60e194fb,transactionid:663588,crmid:6193808993,2020-03-15T08:43:06.000Z,transaction - broker,prd1011,Rewards Savings,Savings,Personal,credit,ATM,1459.38,1
f6bf6b64-914c-11ea-98aa-b88a60e194fb,transactionid:510799,crmid:1370816337,2020-03-26T08:58:28.000Z,transaction - broker,prd1027,Mortgage: 30-yr Fixed,Mortgage,Personal,credit,ATM,3421.05,1
f6c12c70-914c-11ea-ba49-b88a60e194fb,transactionid:564045,crmid:6569169721,2020-03-28T12:32:43.000Z,transaction - broker,prd1112,Fixed Deposit,Investment,Personal,credit,call center,1870.77,1
f6c314be-914c-11ea-99a8-b88a60e194fb,transactionid:770252,crmid:6040058364,2020-03-17T19:27:08.000Z,transaction - broker,prd1029,401k,Retirement,Personal,credit,call center,3498.31,1
f6c57278-914c-11ea-a47f-b88a60e194fb,transactionid:500492,crmid:4739293472,2020-03-19T07:25:14.000Z,transaction - broker,prd1095,529 College Savings,College Savings,Personal,credit,mobile,326681.9,1
f6c720a8-914c-11ea-a41a-b88a60e194fb,transactionid:681236,crmid:6111975310,2020-03-22T19:03:12.000Z,transaction - broker,prd1122,Merchant Services Account,Merchant Services,Business,credit,mobile,2863.08,1
f6c90854-914c-11ea-9faa-b88a60e194fb,transactionid:415793,crmid:7877784356,2020-03-24T14:37:30.000Z,transaction - broker,prd1132,Rewards Savings,Savings,Personal,credit,branch,2306.18,1
f6cac970-914c-11ea-bfc9-b88a60e194fb,transactionid:382753,crmid:8731267878,2020-03-31T07:47:00.000Z,transaction - broker,prd1042,Roth IRA,Retirement,Personal,credit,mobile,2771.16,1
f6ccffe8-914c-11ea-b1b8-b88a60e194fb,transactionid:695915,crmid:6231316607,2020-03-24T10:06:01.000Z,transaction - broker,prd1031,Business Loan,Loan,Business,close,mobile,2583.32,1
f6cf0f86-914c-11ea-be14-b88a60e194fb,transactionid:656597,crmid:8994522837,2020-03-24T02:29:23.000Z,transaction - broker,prd1187,Business Savings,Savings,Business,credit,mobile,3061.21,1
f6d0bcf8-914c-11ea-ac31-b88a60e194fb,transactionid:870338,crmid:8615082519,2020-03-21T02:42:54.000Z,transaction - broker,prd1193,Renter's Insurance,Insurance,Personal,credit,call center,1902.66,1
f6d2dfcc-914c-11ea-bc1e-b88a60e194fb,transactionid:121627,crmid:3815260982,2020-03-28T07:02:28.000Z,transaction - broker,prd1118,Simplicity Card,Credit Card,Personal,credit,call center,2613.48,1
f6d46634-914c-11ea-b555-b88a60e194fb,transactionid:113852,crmid:1633593309,2020-03-29T16:05:07.000Z,transaction - broker,prd1065,High Interest Savings,Savings,Personal,credit,mobile,2101.29,1
f6d63b1e-914c-11ea-a27d-b88a60e194fb,transactionid:198161,crmid:5681953669,2020-03-26T21:16:51.000Z,transaction - broker,prd1116,Everyday Checking,Checking,Personal,credit,call center,1673.48,1
f6d8fa0c-914c-11ea-8071-b88a60e194fb,transactionid:760208,crmid:2319850068,2020-03-28T02:01:40.000Z,transaction - broker,prd1158,Preferred Checking,Checking,Personal,credit,call center,3468.36,1
f6dacee2-914c-11ea-b7ae-b88a60e194fb,transactionid:236912,crmid:3309448497,2020-03-23T14:02:48.000Z,transaction - broker,prd1162,High Interest Savings,Savings,Personal,credit,call center,4047.08,1
f6dc2e92-914c-11ea-9fee-b88a60e194fb,transactionid:151516,crmid:4659603369,2020-03-22T05:09:46.000Z,transaction - broker,prd1180,529 College Savings,College Savings,Personal,credit,mobile,401768.02,1
f6ddc880-914c-11ea-9f73-b88a60e194fb,transactionid:226623,crmid:2787686820,2020-03-17T00:33:17.000Z,transaction - broker,prd1010,529 College Savings,College Savings,Personal,credit,mobile,3312.69,1
f6df62ca-914c-11ea-bee6-b88a60e194fb,transactionid:518158,crmid:8308356326,2020-03-22T14:14:29.000Z,transaction - broker,prd1038,Dividend Card,Credit Card,Personal,credit,broker,2485.22,1
f6e25c64-914c-11ea-9720-b88a60e194fb,transactionid:153738,crmid:9737446701,2020-03-26T06:47:22.000Z,transaction - broker,prd1164,Student Card,Credit Card,Personal,credit,broker,2826.76,1
f6e4cd98-914c-11ea-99f2-b88a60e194fb,transactionid:753221,crmid:5888826573,2020-03-21T02:15:49.000Z,transaction - broker,prd1197,Business Card,Credit Card,Business,credit,mobile,4573.41,1
f6e654a4-914c-11ea-b57e-b88a60e194fb,transactionid:469181,crmid:4774530506,2020-03-27T03:21:50.000Z,transaction - broker,prd1191,Merchant Services Account,Merchant Services,Business,credit,mobile,427542.96,1
f6e83c5e-914c-11ea-92ba-b88a60e194fb,transactionid:942127,crmid:3558562097,2020-03-17T04:02:52.000Z,transaction - broker,prd1111,Pension Account,Retirement,Personal,credit,ATM,497200.28,1
f6e9ea0a-914c-11ea-950e-b88a60e194fb,transactionid:677661,crmid:1013843568,2020-03-17T14:41:59.000Z,transaction - broker,prd1089,Business Card,Credit Card,Business,credit,mobile,4110.64,1
f6eca90a-914c-11ea-8cc5-b88a60e194fb,transactionid:136869,crmid:4207465831,2020-03-28T04:08:34.000Z,transaction - broker,prd1191,Merchant Services Account,Merchant Services,Business,credit,call center,3165.51,1
f6eedf74-914c-11ea-94fd-b88a60e194fb,transactionid:196969,crmid:3679444084,2020-03-15T08:05:31.000Z,transaction - broker,prd1175,401k,Retirement,Personal,credit,mobile,2122.6,1
f6f08d34-914c-11ea-948a-b88a60e194fb,transactionid:424803,crmid:6451009663,2020-03-20T18:31:43.000Z,transaction - broker,prd1089,Business Card,Credit Card,Business,credit,broker,2116.69,1
f6f23ae8-914c-11ea-85a3-b88a60e194fb,transactionid:315260,crmid:4087390681,2020-03-27T18:46:21.000Z,transaction - broker,prd1009,Everyday Checking,Checking,Personal,credit,mobile,3319.7,1
f6f4231e-914c-11ea-953e-b88a60e194fb,transactionid:743448,crmid:5120421186,2020-03-17T12:03:42.000Z,transaction - broker,prd1145,Everyday Checking,Checking,Personal,credit,call center,3096.51,1
f6f6940c-914c-11ea-bde5-b88a60e194fb,transactionid:329698,crmid:2215714925,2020-03-27T22:18:22.000Z,transaction - broker,prd1159,CDs: 3 month,Investment,Personal,credit,mobile,2928.82,1
f6f85534-914c-11ea-a0d7-b88a60e194fb,transactionid:477410,crmid:4677967489,2020-03-16T23:40:33.000Z,transaction - broker,prd1144,Home Equity Loan,Mortgage,Personal,credit,broker,4174.03,1
f6fa525a-914c-11ea-b7cf-b88a60e194fb,transactionid:648590,crmid:3866559197,2020-03-30T13:08:03.000Z,transaction - broker,prd1009,Everyday Checking,Checking,Personal,credit,mobile,2676.04,1
f6fc12dc-914c-11ea-a029-b88a60e194fb,transactionid:739639,crmid:7582998997,2020-03-27T14:43:58.000Z,transaction - broker,prd1099,High Interest Savings,Savings,Personal,debt,mobile,2450.52,1
f6fdc166-914c-11ea-8456-b88a60e194fb,transactionid:981195,crmid:9002797921,2020-03-31T21:47:39.000Z,transaction - broker,prd1146,529 College Savings,College Savings,Personal,credit,branch,1659.7,1
f6ffe2d2-914c-11ea-b125-b88a60e194fb,transactionid:469718,crmid:1535864188,2020-03-28T00:56:52.000Z,transaction - broker,prd1102,Everyday Savings,Savings,Personal,credit,broker,3070.18,1
f7021aa2-914c-11ea-875b-b88a60e194fb,transactionid:230308,crmid:7515481681,2020-03-24T17:53:18.000Z,transaction - broker,prd1056,CDs: 5 year,Investment,Personal,credit,mobile,3210.15,1
f703c718-914c-11ea-8540-b88a60e194fb,transactionid:879252,crmid:6917917833,2020-03-19T02:09:33.000Z,transaction - broker,prd1196,Dividend Card,Credit Card,Personal,credit,call center,2606.1,1
f7057606-914c-11ea-b06a-b88a60e194fb,transactionid:737125,crmid:2203868535,2020-03-16T15:17:33.000Z,transaction - broker,prd1076,Student Savings,Savings,Personal,credit,call center,2600.38,1
f707222e-914c-11ea-a80c-b88a60e194fb,transactionid:318878,crmid:5799439847,2020-03-25T11:37:13.000Z,transaction - broker,prd1003,Premium Checking,Checking,Personal,credit,ATM,2993.25,1
f709a6c0-914c-11ea-a1a5-b88a60e194fb,transactionid:309166,crmid:3052901034,2020-03-17T21:13:11.000Z,transaction - broker,prd1061,Mortgage: 5/1 ARM,Mortgage,Personal,credit,call center,2275.23,1
f70ba3f8-914c-11ea-8e80-b88a60e194fb,transactionid:824283,crmid:8857573345,2020-03-18T13:03:28.000Z,transaction - broker,prd1162,High Interest Savings,Savings,Personal,debt,ATM,2160.7,1
f70d3dba-914c-11ea-9897-b88a60e194fb,transactionid:193290,crmid:5132923573,2020-03-15T10:31:02.000Z,transaction - broker,prd1052,Preferred Checking,Checking,Personal,credit,call center,2145.73,1
f70ec4a6-914c-11ea-bce4-b88a60e194fb,transactionid:353961,crmid:4303658062,2020-03-18T01:21:36.000Z,transaction - broker,prd1161,Business Checking,Checking,Business,credit,broker,1538.1,1
f710c0b6-914c-11ea-9854-b88a60e194fb,transactionid:237470,crmid:6920056628,2020-03-15T01:23:27.000Z,transaction - broker,prd1092,Rewards Card,Credit Card,Personal,close,call center,454564.1,1
f712bc5c-914c-11ea-8e7a-b88a60e194fb,transactionid:157784,crmid:7266588216,2020-03-15T18:05:08.000Z,transaction - broker,prd1180,529 College Savings,College Savings,Personal,credit,call center,2746.44,1
f7147d9e-914c-11ea-a6f8-b88a60e194fb,transactionid:115415,crmid:2967521925,2020-03-19T05:20:47.000Z,transaction - broker,prd1107,Auto Insurance,Insurance,Personal,debt,call center,2061.0,1
f7162b5c-914c-11ea-9149-b88a60e194fb,transactionid:507298,crmid:7496146914,2020-03-24T16:00:57.000Z,transaction - broker,prd1129,Mortgage: 10/1 ARM,Mortgage,Personal,credit,mobile,286336.71,1
f71873da-914c-11ea-a161-b88a60e194fb,transactionid:254850,crmid:1271778020,2020-03-15T19:29:27.000Z,transaction - broker,prd1110,Traditional IRA,Retirement,Personal,debt,call center,2051.2,1
f71a4880-914c-11ea-ab3d-b88a60e194fb,transactionid:927272,crmid:7051209715,2020-03-16T04:24:24.000Z,transaction - broker,prd1182,Brokerage Account,Investment,Personal,credit,call center,4228.22,1
f71c57ee-914c-11ea-99d3-b88a60e194fb,transactionid:375526,crmid:7067959406,2020-03-15T16:47:37.000Z,transaction - broker,prd1040,High Interest Savings,Savings,Personal,credit,call center,2255.23,1
f71df1e4-914c-11ea-ab96-b88a60e194fb,transactionid:993780,crmid:9557595110,2020-03-17T01:29:35.000Z,transaction - broker,prd1159,CDs: 3 month,Investment,Personal,credit,call center,280303.37,1
f71f8d7a-914c-11ea-8ecd-b88a60e194fb,transactionid:490235,crmid:7648339900,2020-03-23T13:56:39.000Z,transaction - broker,prd1076,Student Savings,Savings,Personal,credit,call center,2818.87,1
f72160d4-914c-11ea-961f-b88a60e194fb,transactionid:817042,crmid:9312173252,2020-03-18T01:23:05.000Z,transaction - broker,prd1073,Business Brokerage Account,Investment,Business,debt,mobile,1986.47,1
f7235ccc-914c-11ea-99f7-b88a60e194fb,transactionid:117423,crmid:4111180586,2020-03-24T15:17:16.000Z,transaction - broker,prd1094,Preferred Checking,Checking,Personal,credit,broker,2398.3,1
f7255a92-914c-11ea-983d-b88a60e194fb,transactionid:332012,crmid:4119434159,2020-03-21T03:58:43.000Z,transaction - broker,prd1165,Roth IRA,Retirement,Personal,credit,call center,3242.74,1
f7275442-914c-11ea-87ec-b88a60e194fb,transactionid:365546,crmid:1957958157,2020-03-22T15:45:07.000Z,transaction - broker,prd1094,Preferred Checking,Checking,Personal,credit,call center,2181.34,1
f7293df6-914c-11ea-916d-b88a60e194fb,transactionid:915351,crmid:7494897394,2020-03-16T11:03:11.000Z,transaction - broker,prd1067,Everyday Checking,Checking,Personal,credit,call center,3376.33,1
f72b4bd8-914c-11ea-9f0d-b88a60e194fb,transactionid:521351,crmid:1128264859,2020-03-16T15:21:42.000Z,transaction - broker,prd1190,Premium Checking,Checking,Personal,debt,branch,2969.64,1
f72cf96e-914c-11ea-85ea-b88a60e194fb,transactionid:587210,crmid:7011849067,2020-03-21T08:57:26.000Z,transaction - broker,prd1010,529 College Savings,College Savings,Personal,credit,mobile,2578.21,1
f72ecf94-914c-11ea-a254-b88a60e194fb,transactionid:347460,crmid:4448457494,2020-03-24T05:23:49.000Z,transaction - broker,prd1169,Business Loan,Loan,Personal,credit,call center,2486.82,1
f7307bda-914c-11ea-83d4-b88a60e194fb,transactionid:906234,crmid:3447761475,2020-03-15T18:15:05.000Z,transaction - broker,prd1170,Mortgage Insurance,Insurance,Personal,credit,broker,3071.07,1
f73277a8-914c-11ea-9cf4-b88a60e194fb,transactionid:106818,crmid:2266120335,2020-03-26T23:53:00.000Z,transaction - broker,prd1105,Homeowner's Insurance,Insurance,Personal,credit,ATM,411675.39,1
f734737a-914c-11ea-95cd-b88a60e194fb,transactionid:816539,crmid:2529017721,2020-03-22T19:50:58.000Z,transaction - broker,prd1090,Business Checking,Checking,Business,credit,ATM,430877.85,1
f7360da2-914c-11ea-964e-b88a60e194fb,transactionid:437348,crmid:4745386656,2020-03-31T06:21:35.000Z,transaction - broker,prd1066,Homeowner's Insurance,Insurance,Personal,debt,ATM,2720.2,1
f737e306-914c-11ea-b96f-b88a60e194fb,transactionid:379633,crmid:5144465890,2020-03-31T05:16:43.000Z,transaction - broker,prd1025,Brokerage Account,Investment,Personal,credit,call center,2630.44,1
f7397c8c-914c-11ea-9f77-b88a60e194fb,transactionid:778650,crmid:3059297612,2020-03-20T12:54:23.000Z,transaction - broker,prd1138,Money Market Savings,Savings,Personal,credit,mobile,4541.34,1
f73b8c00-914c-11ea-9770-b88a60e194fb,transactionid:535146,crmid:5208047010,2020-03-31T12:49:24.000Z,transaction - broker,prd1086,Auto Insurance,Insurance,Personal,credit,call center,370997.77,1
f73d87a4-914c-11ea-9a3b-b88a60e194fb,transactionid:860706,crmid:3889119941,2020-03-30T03:07:12.000Z,transaction - broker,prd1045,Mortgage: 10/1 ARM,Mortgage,Personal,credit,call center,392263.25,1
f73f4a94-914c-11ea-8f1f-b88a60e194fb,transactionid:938925,crmid:8681957198,2020-03-25T16:43:21.000Z,transaction - broker,prd1052,Preferred Checking,Checking,Personal,debt,ATM,330863.98,1
f740d0fa-914c-11ea-bb94-b88a60e194fb,transactionid:751110,crmid:8792836435,2020-03-28T20:16:22.000Z,transaction - broker,prd1067,Everyday Checking,Checking,Personal,close,call center,3012.75,1
f74290d4-914c-11ea-9c6b-b88a60e194fb,transactionid:820802,crmid:4255310167,2020-03-27T06:18:17.000Z,transaction - broker,prd1084,Student Savings,Savings,Personal,credit,call center,3567.3,1
f7443fd4-914c-11ea-b40f-b88a60e194fb,transactionid:331342,crmid:5598289587,2020-03-21T05:43:51.000Z,transaction - broker,prd1178,Everyday Savings,Savings,Personal,credit,mobile,2314.68,1
f74626a6-914c-11ea-ae08-b88a60e194fb,transactionid:466642,crmid:2284172555,2020-03-16T05:37:13.000Z,transaction - broker,prd1009,Everyday Checking,Checking,Personal,credit,mobile,4293.88,1
f7484ae2-914c-11ea-80c0-b88a60e194fb,transactionid:289978,crmid:8004112237,2020-03-26T13:50:12.000Z,transaction - broker,prd1110,Traditional IRA,Retirement,Personal,close,branch,2477.12,1
f749f718-914c-11ea-93d2-b88a60e194fb,transactionid:617751,crmid:8964929779,2020-03-21T07:09:42.000Z,transaction - broker,prd1003,Premium Checking,Checking,Personal,credit,ATM,2870.54,1
f74bf31e-914c-11ea-a4aa-b88a60e194fb,transactionid:766058,crmid:7375057784,2020-03-17T03:50:57.000Z,transaction - broker,prd1003,Premium Checking,Checking,Personal,credit,call center,4374.98,1
f74f153e-914c-11ea-ae6d-b88a60e194fb,transactionid:968750,crmid:1801722963,2020-03-24T04:30:45.000Z,transaction - broker,prd1160,Platinum Card,Credit Card,Personal,credit,mobile,3543.36,1
f751e664-914c-11ea-8f0d-b88a60e194fb,transactionid:974460,crmid:7886317312,2020-03-28T13:26:21.000Z,transaction - broker,prd1135,Student Loan,Loan,Personal,credit,broker,2661.57,1
f7547e80-914c-11ea-a1ba-b88a60e194fb,transactionid:600327,crmid:4686053674,2020-03-26T09:25:03.000Z,transaction - broker,prd1166,Business Checking,Checking,Business,credit,mobile,2247.05,1
f7562c3a-914c-11ea-a6fa-b88a60e194fb,transactionid:169173,crmid:2325632817,2020-03-16T21:09:49.000Z,transaction - broker,prd1069,Homeowner's Insurance,Insurance,Personal,debt,call center,848.02,1
f757ed46-914c-11ea-848d-b88a60e194fb,transactionid:461768,crmid:9348566548,2020-03-30T20:42:25.000Z,transaction - broker,prd1096,Renter's Insurance,Insurance,Personal,credit,branch,378634.41,1
f759d5a2-914c-11ea-910e-b88a60e194fb,transactionid:767039,crmid:6985408765,2020-03-18T17:33:26.000Z,transaction - broker,prd1145,Everyday Checking,Checking,Personal,debt,call center,3583.67,1
f75be4de-914c-11ea-bfcd-b88a60e194fb,transactionid:856664,crmid:9960449663,2020-03-30T00:38:09.000Z,transaction - broker,prd1077,Roth IRA,Retirement,Personal,credit,broker,3696.66,1
f75d6b9e-914c-11ea-8bc2-b88a60e194fb,transactionid:668146,crmid:3705141009,2020-03-29T03:45:57.000Z,transaction - broker,prd1089,Business Card,Credit Card,Business,credit,ATM,2353.76,1
f75f05ac-914c-11ea-b484-b88a60e194fb,transactionid:806294,crmid:9992276935,2020-03-15T14:58:40.000Z,transaction - broker,prd1190,Premium Checking,Checking,Personal,credit,call center,2731.11,1
f760c6d8-914c-11ea-a187-b88a60e194fb,transactionid:883670,crmid:7247736963,2020-03-15T22:25:21.000Z,transaction - broker,prd1142,Rewards Savings,Savings,Personal,credit,call center,2506.53,1
f762624a-914c-11ea-9741-b88a60e194fb,transactionid:102209,crmid:2172348039,2020-03-28T20:00:44.000Z,transaction - broker,prd1027,Mortgage: 30-yr Fixed,Mortgage,Personal,credit,mobile,3666.95,1
f7649838-914c-11ea-81fe-b88a60e194fb,transactionid:362099,crmid:6834818555,2020-03-29T13:24:03.000Z,transaction - broker,prd1190,Premium Checking,Checking,Personal,credit,broker,3144.02,1
f766cdd8-914c-11ea-97eb-b88a60e194fb,transactionid:368539,crmid:2164298174,2020-03-17T03:15:24.000Z,transaction - broker,prd1067,Everyday Checking,Checking,Personal,credit,mobile,2148.09,1
f768a292-914c-11ea-9b2f-b88a60e194fb,transactionid:953275,crmid:1254644770,2020-03-15T09:14:08.000Z,transaction - broker,prd1145,Everyday Checking,Checking,Personal,credit,mobile,1813.31,1
f76a6524-914c-11ea-9d7f-b88a60e194fb,transactionid:299623,crmid:7343905679,2020-03-25T15:41:21.000Z,transaction - broker,prd1156,Student Card,Credit Card,Personal,credit,ATM,3672.79,1
