crmid,email,first_name,last_name,gender,mobile telephone,city,country,zip,state,street address,birthday
crmid:1146621151,castoffs1974@yandex.com,Etsuko,Melton,female,609-745-1975,Farragut,United States,66186,Alabama,470 Avenue C,1961-11-06
crmid:3054182359,recreations1872@yandex.com,Kirby,Barlow,male,332-659-2165,Ann Arbor,United States,37594,New Jersey,793 Liebig,1932-06-02
crmid:2582410618,nonmannered1963@live.com,Joana,Dodson,female,628-220-4323,Westminster,United States,95919,Iowa,907 Hays,1997-03-31
crmid:1704313209,uncontenting1813@gmail.com,Faustino,Cross,,089-948-6668,Midlothian,United States,21822,Oklahoma,953 Attridge,1990-04-24
crmid:9885327922,carful1824@gmail.com,Hans,Beasley,,043-451-6049,Pharr,United States,48420,Arkansas,173 Goettingen,1982-06-29
crmid:8233226412,daylights2039@gmail.com,Sumiko,Kent,female,065-355-6836,Wilsonville,United States,81646,Wisconsin,677 Saroyan,1946-11-16
crmid:5664355402,deutomalar2008@yahoo.com,Sterling,Odom,,423-544-2362,Kirkland,United States,08463,Ohio,1198 Petrarch,1978-01-31
crmid:1920308530,crataegus1992@live.com,Melodee,Holden,female,353-976-4307,Delaware,United States,39047,Kentucky,476 Moncada,1954-06-14
crmid:2702797895,annoyer1959@live.com,Dane,Guzman,,997-615-6064,West Des Moines,United States,76553,Vermont,748 Cotter,1968-11-21
crmid:9075057045,lark1890@yahoo.com,Clelia,Fuentes,female,514-376-8221,Fayetteville,United States,53115,Hawaii,719 Raccoon,1961-09-03
crmid:6709397131,meteorology1879@live.com,Jamar,Elliott,male,442-436-5638,Munster,United States,02741,New York,888 Cochrane,1994-01-29
crmid:7667556301,algerine1909@yahoo.com,Alexis,Griffin,male,090-791-7955,Rockford,United States,90320,Alabama,942 Gateview,1938-01-12
crmid:8105626919,embittered1844@live.com,Renato,Spencer,,104-220-0660,Manitowoc,United States,44820,Idaho,74 Grafton,1986-07-17
crmid:3358820466,blotlessness1850@yandex.com,Herb,Velasquez,male,105-580-4277,Prescott Valley,United States,98091,Connecticut,249 Rodriguez,1942-05-29
crmid:5628924817,eeeeee1954@live.com,Rudolph,Gaines,male,922-537-6745,Northport,United States,03439,Indiana,521 Chapman,1999-02-16
crmid:9873697463,balate1908@outlook.com,Bryon,Murray,male,400-011-3680,Cedar City,United States,05572,New York,52 Eucalyptus,1945-02-21
crmid:3144827681,coppered1952@gmail.com,Dillon,Riggs,male,216-867-5938,West Sacramento,United States,90772,Maryland,889 Glenhaven,1933-10-25
crmid:8765184061,longshoremen1838@yahoo.com,Misha,Sosa,female,600-330-8935,Sahuarita,United States,73630,Illinois,160 Theresa,1961-06-27
crmid:1083567577,bronze2030@gmail.com,Danae,Dunn,female,329-123-4038,Talladega,United States,86792,Nevada,1101 Rossmoor,1952-12-30
crmid:5049253743,bahama2043@live.com,Rick,Conley,male,817-621-4091,Palm Springs,United States,11458,Florida,277 Bemis,1945-08-07
crmid:5989427369,unwillfully1877@gmail.com,Kyle,Fulton,,230-432-3098,Hillsboro,United States,65307,Arkansas,619 Holladay,1972-11-06
crmid:2906190126,avenger2050@yandex.com,Roselee,Kinney,female,846-791-0435,Tinton Falls,United States,14790,Washington,668 Stark,1947-07-16
crmid:3258612755,brooklyn1937@yandex.com,Clifford,James,,813-690-0676,Zanesville,United States,47541,Louisiana,295 Milton I Ross,1986-08-25
crmid:5240982452,athene1922@gmail.com,Donald,Owen,female,016-841-0444,Easley,United States,10201,Utah,249 Stillman,1956-03-22
crmid:9681101308,arses1937@live.com,Cruz,Dickson,male,761-310-8692,Carpentersville,United States,14684,Mississippi,295 Retiro,1944-02-08
crmid:1853909148,chasing1922@live.com,Eduardo,Kim,,500-754-1851,Long Beach,United States,47847,South Dakota,208 Southwood,1984-08-02
crmid:3217023239,autobiographal2023@yandex.com,Wilfredo,Barlow,,288-026-7027,South Elgin,United States,39235,Hawaii,895 Bank,1969-10-26
crmid:9460227921,chandra1815@yandex.com,Antone,Alvarado,male,154-831-8914,Barstow,United States,02015,Nevada,775 Baldwin,1936-01-01
crmid:4324853801,altin1850@live.com,Hubert,Curry,,715-111-7023,Fort Collins,United States,79822,Nevada,204 Wayland,1963-12-07
crmid:3628146982,dennie1987@yahoo.com,Sheldon,Berger,male,993-874-2817,Willmar,United States,19090,Kentucky,558 Mccoppin,1945-09-03
crmid:7418013380,avestan1941@gmail.com,John,Mcfarland,,722-660-8917,Merced,United States,26430,Wyoming,1104 Kalmanovitz,1989-05-30
crmid:6657720349,countersink1840@yahoo.com,Edgar,Singleton,,459-118-0491,Pleasant Hill,United States,35881,Colorado,967 Ozbourn,1969-06-18
crmid:8281541181,developed1954@yahoo.com,William,Clements,,661-359-1287,Stillwater,United States,46809,Pennsylvania,1391 Esquina,1985-12-22
crmid:4007065254,devest1988@yahoo.com,Lynn,May,,757-186-1114,San Fernando,United States,27935,Georgia,1381 Navy,1963-03-24
crmid:4462223176,lavinia2038@gmail.com,Seymour,Farmer,male,779-024-1203,Scranton,United States,75062,New York,143 Raccoon,1935-09-09
crmid:3377669716,horseheads1855@outlook.com,Alia,Velez,female,569-796-4806,Des Plaines,United States,97966,Tennessee,1246 Meda,1954-12-01
crmid:3941123442,malvasia1920@yandex.com,Joey,Adams,,740-596-9941,Waltham,United States,64240,Mississippi,482 Vicente,1987-12-09
crmid:4200870805,herbosity2035@gmail.com,Brandon,Luna,,162-037-3268,Hanford,United States,96909,Ohio,1202 Cosmo,1969-11-01
crmid:5501446242,childhood1899@yandex.com,Scot,Hubbard,,442-866-2848,Hopewell,United States,34569,Utah,16 Forsyth,1973-06-16
crmid:7186848424,myelopathy1953@outlook.com,Elmo,Stone,male,695-045-6141,Blaine,United States,15369,North Carolina,896 Burns,1939-03-28
crmid:2304207079,sanded1880@gmail.com,Major,Rhodes,,343-604-8761,Sugar Hill,United States,73372,Missouri,151 Bronte,1970-07-24
crmid:2168240127,subpatroness2066@live.com,Mike,Spears,,742-977-9174,Stockton,United States,66218,Arkansas,796 Torrens,1964-12-31
crmid:9769101513,indulger1930@live.com,Boyce,Kirby,,974-603-1461,Lake Elsinore,United States,64844,Kentucky,1373 Ellert,1980-12-13
crmid:3852419734,smarmy1977@gmail.com,Jackeline,Bryant,female,969-090-8026,Eastpointe,United States,92196,Maryland,1297 Crestwell,1957-10-07
crmid:9720322468,earring2021@live.com,Reginia,Waters,female,701-910-6379,Deltona,United States,74889,Washington,111 Morrell,1954-12-19
crmid:6186653173,actually1971@live.com,Arlen,Cobb,,774-111-9179,Marshfield,United States,32137,West Virginia,762 Maxwell,1987-07-06
crmid:2188557460,anemone2002@yahoo.com,Julian,Wynn,,628-612-0604,West Sacramento,United States,20533,Montana,1305 Friedell,1968-09-01
crmid:1724939372,oxides1865@live.com,Vivien,Kirk,female,668-150-7597,Detroit,United States,96431,South Dakota,259 Russia,1954-10-18
crmid:7048759097,falchion1942@yandex.com,Honey,Hayes,female,708-128-4379,Elizabethtown,United States,12839,Oregon,214 Patten,1959-04-13
crmid:7054262303,tylostylar1895@live.com,Brett,Hopper,,560-357-2117,Lafayette,United States,74094,New Jersey,840 Varney,1979-12-11
crmid:3465012929,cercopithecus1910@yandex.com,Darell,Doyle,,199-655-8825,Las Vegas,United States,77841,Florida,443 Romolo,1981-12-27
crmid:2931983181,subplantigrade1882@yahoo.com,Carl,Vang,,424-415-1956,Grand Rapids,United States,29876,Montana,1185 Ingerson,1967-04-13
crmid:7518501937,bowwow1881@gmail.com,Jimmie,Coffey,,604-682-5104,San Luis,United States,82439,Connecticut,328 Eldridge,1991-04-15
crmid:1447970963,emu1880@live.com,Sammy,Steele,,192-739-1545,Oxnard,United States,39308,Nebraska,321 Adolph Sutro,1978-11-11
crmid:3416018438,notifying1837@outlook.com,Ike,Trevino,,653-627-3888,Kingston,United States,90251,California,1185 Roanoke,1977-02-01
crmid:5301819165,zippier1911@live.com,Wilbur,Johns,,254-690-5905,New Brighton,United States,89557,Idaho,512 Golden,1996-06-30
crmid:5848675524,coelacanthoid1818@live.com,Thaddeus,Vargas,,785-373-3366,Perth Amboy,United States,68606,Ohio,753 North 15Th,1990-08-22
crmid:8425905071,sorriness1843@yandex.com,Chance,Davidson,,726-691-1942,Grayslake,United States,17562,West Virginia,368 Carl,1968-03-31
crmid:6890047322,unpolemically2046@outlook.com,Eleni,Jennings,female,617-835-3094,Stow,United States,51756,Utah,876 Culebra,1996-04-05
crmid:3570904310,overfragmented1962@yahoo.com,Pat,Perez,male,671-622-3536,Bentonville,United States,49283,South Dakota,408 La Avanzada,1938-08-23
crmid:8402871261,boohoo2009@gmail.com,Seth,Norton,male,305-043-9466,Allen Park,United States,76468,Montana,1265 Terrace,1931-09-22
crmid:6790432498,thoracic1868@yandex.com,Sterling,Good,,530-677-1754,Galt,United States,08763,Missouri,1267 D,1965-02-16
crmid:8835430767,semicomical2009@live.com,Harland,Cabrera,,328-950-9529,Miami Lakes,United States,36144,Minnesota,422 Harney,1990-06-06
crmid:9579744744,sapota1927@yandex.com,Austin,Juarez,,211-629-8568,Toledo,United States,48007,Nevada,543 Homer,1984-06-28
crmid:2571645918,eniac1908@outlook.com,Corey,Horne,,675-360-3825,Kingman,United States,92197,Georgia,518 Gilman,1977-01-10
crmid:5931085833,flighted1902@live.com,Rich,Bolton,male,312-509-0210,Annapolis,United States,80626,Missouri,828 Lapu-Lapu,1933-08-03
crmid:5368459642,falchion2063@yahoo.com,Joe,Daugherty,,538-342-9369,Rocky River,United States,76202,Michigan,994 Thrift,1965-04-08
crmid:5143582086,boredoms2060@gmail.com,Jed,Casey,,423-743-3323,Grand Rapids,United States,01711,North Carolina,1014 Knott,1967-01-19
crmid:7455878158,bider1866@yandex.com,Maia,Kelley,female,958-666-2274,Elgin,United States,96744,Virginia,1177 Lilac,1958-12-30
crmid:6565559113,eeeeee1968@yahoo.com,Denese,Daugherty,female,719-536-7612,Detroit,United States,98298,Michigan,361 Gladstone,1954-11-29
crmid:7403271404,bloodiest1979@yandex.com,Eli,Gibson,,756-483-4617,Redmond,United States,91917,Alaska,1207 Minnesota,1965-03-04
crmid:3979098358,microphytology1860@yahoo.com,Quinton,Stein,male,536-078-5154,New Castle,United States,84277,Nebraska,293 Main,1996-02-15
crmid:8803362829,woodenweary1825@yandex.com,Wilmer,Stark,male,185-823-1582,Urbandale,United States,08501,Georgia,149 Vine,1930-10-28
crmid:6870105472,ackey1825@outlook.com,Georgine,Roach,female,283-318-8311,Draper,United States,57048,Oregon,674 Mark Twain,1955-10-06
crmid:3503934180,uakari2007@live.com,Clay,Chase,,491-956-3865,Roselle,United States,33714,Vermont,65 Penny,1974-09-12
crmid:9753253989,rearwards1810@gmail.com,Rea,Butler,female,594-888-5469,Enterprise,United States,49620,Oregon,373 Quincy,1960-07-04
crmid:3049362269,bridal2012@live.com,Curtis,Jarvis,,270-071-1945,Lackawanna,United States,62443,Nebraska,447 Phoenix,1979-11-18
crmid:7592601885,alleyway2022@live.com,Napoleon,Rhodes,,879-807-4003,Wilkes-Barre,United States,49278,Nevada,1035 Lippard,1993-01-29
crmid:7381298690,beswick1910@yandex.com,Wilbert,Reyes,,152-716-4510,Kinston,United States,61872,Indiana,436 Clara,1978-11-16
crmid:9728158377,ammeter2037@outlook.com,Sydney,Hull,,738-879-0218,Montebello,United States,01454,New Mexico,806 Page,1992-01-13
crmid:1207913074,burdensomely1875@yahoo.com,Sabine,Morgan,female,016-622-7596,Rancho Mirage,United States,76162,Georgia,301 Bayside,1953-08-21
crmid:1192445141,sonorosity1863@live.com,Murray,Martin,,963-886-6612,Plano,United States,39583,Oklahoma,254 Rockaway,1975-09-17
crmid:6214181244,exacta1852@yahoo.com,Alphonse,Haney,male,675-102-0069,West Valley City,United States,78813,Nevada,935 Cielito,1942-01-12
crmid:8156537590,sawer1894@gmail.com,Alexander,Singleton,,360-284-3576,Rockville Centre,United States,43011,Iowa,629 Mercato,1987-08-13
crmid:5281437622,damil1864@yahoo.com,Brent,Dickson,,248-352-2216,Tarpon Springs,United States,44073,Florida,570 Jade,1993-03-14
crmid:7709520953,carpetbag1871@yandex.com,Wilburn,Bright,,634-043-5920,Lakeland,United States,34179,Rhode Island,1352 Deems,1980-06-17
crmid:9719684461,cites1931@yandex.com,Long,Colon,,316-808-8790,Green,United States,59063,Iowa,1120 Inca,1968-10-10
crmid:3047253121,burial1934@yahoo.com,Curt,Spears,,273-858-8990,Susanville,United States,75667,Delaware,658 Lilac,1995-07-22
crmid:5508081812,hydronegative2008@live.com,Jonathan,Clay,male,061-121-6924,North Port,United States,01532,Missouri,448 Edie,1999-02-11
crmid:9080827697,cashana1981@yandex.com,Danial,Kline,,825-272-4596,Salem,United States,92784,New York,584 East Crystal Cove,1962-07-26
crmid:4595236009,abrupt2026@yahoo.com,Jonah,French,,236-964-2332,Tiffin,United States,45433,New Hampshire,472 Hawthorne,1986-12-19
crmid:2275847206,bunni2015@yahoo.com,Bradford,Morgan,,292-691-5597,Munster,United States,40067,Nevada,635 Hooper,1994-08-09
crmid:9853731226,noncircularly1855@gmail.com,Stephan,Haynes,male,098-913-2901,Boulder,United States,59138,Colorado,1180 Annie,1940-09-13
crmid:8557710463,chandra2041@gmail.com,Porter,Maxwell,,515-836-8971,Racine,United States,37541,South Carolina,261 Seacliff,1972-06-24
crmid:8759180935,ambush1956@yahoo.com,Benito,Sweeney,,236-769-3808,Flagstaff,United States,45033,Kentucky,225 Owens,1962-08-05
crmid:5784993096,adoptee1875@gmail.com,Reginald,York,,706-675-5061,Hopkins,United States,62840,Ohio,1188 Dirk Dirksen,1973-11-16
crmid:1485300267,sirens1975@yandex.com,Adalberto,Conley,,309-359-8308,Richland,United States,42818,Rhode Island,554 Melrose,1984-06-09
crmid:4017546957,cockeyed2062@outlook.com,Osvaldo,Lowe,male,803-114-1516,Carlsbad,United States,75558,Connecticut,648 Esquina,1944-08-18
crmid:4383088077,emory2010@outlook.com,Angelo,Roy,male,850-567-8377,Cape Coral,United States,97648,North Carolina,146 Berkshire,1944-01-26
crmid:5906412329,lipomas1847@yandex.com,Samual,Parsons,male,319-250-0767,Bossier City,United States,85169,Colorado,691 Chestnut,1940-09-23
crmid:1386189570,holk1889@outlook.com,Kenny,Monroe,,986-994-0980,San Jacinto,United States,97636,Vermont,1130 Euclid,1973-12-03
crmid:5185718464,quelea2051@gmail.com,Haywood,Mcmahon,male,857-813-4314,Brookfield,United States,21998,North Carolina,249 Heritage,1941-05-19
crmid:3789598839,buddie1893@yahoo.com,Lupe,Coffey,,034-848-5091,Lawton,United States,12327,Nebraska,466 Andover,1981-03-26
crmid:3498843605,dress1806@gmail.com,Doreatha,Chandler,female,876-856-2111,Rock Island,United States,71920,Connecticut,1253 Loma Vista,1950-03-06
crmid:9119731262,buddie1953@yahoo.com,Percy,English,,947-850-4378,Schaumburg,United States,20628,Florida,976 Leona,1962-09-01
crmid:8081100358,become1959@yahoo.com,Duncan,Wheeler,,740-692-5010,Sayreville,United States,30669,Mississippi,637 Berwick,1972-05-03
crmid:3511807053,brachiopode2004@yandex.com,Rudy,Parks,female,465-068-3050,Rio Rancho,United States,61623,New York,1187 Racine,1952-07-22
crmid:7837376067,confederacy2068@yandex.com,Roland,Curtis,male,348-795-9971,St. George,United States,04104,Delaware,1069 Sabin,1931-12-16
crmid:7643304133,appetence2029@outlook.com,Isaac,Roman,male,203-041-5444,Carson,United States,87694,Montana,899 Ahern,1944-05-25
crmid:1443409730,birretta1883@yandex.com,Korey,Hunter,male,873-427-9980,Ozark,United States,66904,Wisconsin,181 Hazelwood,1932-06-15
crmid:9364561602,moth1931@live.com,Lynetta,Hancock,female,169-849-4237,Columbia Heights,United States,37491,Texas,473 Danton,1949-06-12
crmid:2320407154,ephemeron1855@live.com,Ezra,Strickland,,257-568-9481,Santa Barbara,United States,25781,Connecticut,459 Acadia,1963-05-19
crmid:8805733323,zeuzera1858@live.com,Leif,Ellis,,880-829-6161,Lowell,United States,10282,Mississippi,181 Saint Marys,1984-04-11
crmid:7888199077,bastille1918@yandex.com,Brett,Horton,female,194-395-0192,Crestview,United States,01665,Mississippi,689 Quincy,1951-01-14
crmid:5966844326,palesman1922@outlook.com,Lesia,Washington,female,635-610-5555,Douglasville,United States,66989,Wyoming,490 Brady,1955-11-29
crmid:1207904117,dimension2010@outlook.com,Odell,Bryant,male,384-512-6600,Pinole,United States,94597,Florida,1335 Parker,1938-07-04
crmid:2444929828,maimed1896@gmail.com,Pierre,Mccoy,male,142-953-4174,Ansonia,United States,75140,Nebraska,933 La Salle,1933-12-15
crmid:8807917034,untamely2016@yandex.com,Robert,Hernandez,,014-378-5632,Paradise,United States,58717,New Mexico,434 Pena,1995-06-27
crmid:5492801237,profiler1827@yandex.com,Warren,Cohen,,060-881-1476,Morton Grove,United States,58451,Rhode Island,615 Bigelow,1993-10-25
crmid:8747130657,shearwater1965@yahoo.com,Billi,Wilkins,female,620-781-7463,Enid,United States,07381,Florida,77 Kinzey,1959-01-31
crmid:4527076826,basiophthalmite2068@gmail.com,Janene,Bruce,female,616-073-2302,Ennis,United States,27053,Louisiana,814 Digby,1960-04-04
crmid:9774548679,thereinbefore1804@live.com,Denver,Madden,,785-064-7663,Iowa City,United States,28590,Oregon,1057 Alabama,1974-04-17
crmid:4616614275,rotted1999@live.com,Jess,Moss,male,459-191-1755,Brownsville,United States,33332,Virginia,382 Black,1942-05-21
crmid:2919054219,fanner2003@live.com,Valda,Shannon,female,588-547-8384,Corvallis,United States,85669,Oregon,1050 Hubbell,1951-09-27
crmid:1863964595,dresel1926@live.com,Walton,Carney,male,998-603-1471,Bridgeton,United States,54675,Oregon,100 Medau,1941-10-05
crmid:5359252614,athrocyte1907@yahoo.com,Yung,Clarke,female,678-831-3465,Plantation,United States,75375,West Virginia,397 Mayfair,1961-09-06
crmid:2205865554,claustrum1917@yahoo.com,Lyle,Velazquez,,476-256-4050,Maple Heights,United States,27433,Iowa,900 Bartlett,1986-04-26
crmid:9933902712,snakebite1826@outlook.com,Omega,Cleveland,female,708-698-7550,East Providence,United States,37685,South Carolina,42 Berwick,1957-07-06
crmid:4513895457,platypus1802@yahoo.com,Colin,Medina,,414-428-8956,Frankfort,United States,60912,Wyoming,875 Aladdin,1963-11-25
crmid:8137661491,insurgently1839@yandex.com,Michel,Baxter,female,065-695-5165,Ennis,United States,32006,Oregon,1386 Michigan,1960-06-02
crmid:4138242764,cholophaein1905@yahoo.com,Leeanna,Ferrell,female,363-103-2256,Dearborn,United States,87260,Indiana,665 Landers,1953-10-26
crmid:6210731043,eminence1818@gmail.com,Tony,Serrano,,441-704-0633,Montrose,United States,17980,Arizona,898 Potrero,1992-03-31
crmid:7373257759,trioxide1912@yandex.com,Edmundo,Thompson,,084-829-2093,Martinez,United States,68112,Iowa,172 Lyell,1987-10-07
crmid:2814308223,enneateric1831@gmail.com,Cletus,Humphrey,,469-236-5450,Frankfort,United States,22416,Montana,766 Polaris,1963-04-16
crmid:9302743623,brewages1961@yandex.com,Coretta,Osborne,female,474-266-3432,Cortland,United States,66823,New York,490 Seneca,1951-10-04
crmid:7731879799,glarry1813@gmail.com,Cornell,Larson,,149-142-4213,McDonough,United States,24110,Idaho,961 Sagamore,1988-04-29
crmid:2289037962,diagnose1874@yahoo.com,Loria,Jennings,female,317-316-2701,Villa Park,United States,27446,Virginia,853 Emery,1955-12-24
crmid:6186906932,ourang2019@live.com,Rich,Sanford,,948-295-2259,Lehi,United States,92677,Nevada,960 Storrie,1982-08-09
crmid:6754837553,arming2053@gmail.com,Jeffery,Leach,,980-248-2427,Matthews,United States,37120,West Virginia,1277 Stanyan,1988-06-23
crmid:5832130803,apophysis1872@gmail.com,Adam,Barlow,,975-614-3277,Sterling Heights,United States,43060,Alabama,1063 Delano,1988-06-04
crmid:8398116106,nobodies1867@live.com,Berenice,Rowland,female,661-811-6272,Stockton,United States,10891,South Dakota,1395 Knott,1949-11-02
crmid:2498131399,codens1835@yahoo.com,Lahoma,O'neal,female,700-379-5931,Edmond,United States,76347,South Dakota,655 Baldwin,1958-12-09
crmid:9839725781,protocoled2069@yahoo.com,Sherril,Hurst,female,359-322-0164,Darien,United States,94255,New York,772 Sturgeon,1953-08-15
crmid:2695584627,carburant1847@yahoo.com,Lawrence,Park,,326-302-1231,Herriman,United States,28516,Utah,1318 Mono,1971-04-24
crmid:5143582086,represented2019@gmail.com,Kraig,Conley,,439-112-6437,Pittsfield,United States,59586,Michigan,87 Flora,1998-06-30
crmid:3099322426,hyperpersonal1975@outlook.com,Abraham,Pierce,,300-175-8177,Manchester,United States,18741,Mississippi,866 Balboa,1986-02-15
crmid:1418006233,corrigan2062@outlook.com,Scottie,Chambers,,814-601-3013,Libertyville,United States,79201,Rhode Island,1052 Dodge,1982-12-31
crmid:7064029786,religionists1845@outlook.com,Pauletta,Hughes,female,075-728-3186,Fairview Heights,United States,45007,North Dakota,534 Windsor,1961-07-15
crmid:6585936748,runnion2036@yahoo.com,Raylene,Pope,female,052-065-6132,Dinuba,United States,48887,New Hampshire,912 Aladdin,1955-07-23
crmid:4632565922,chignon2067@live.com,Eldridge,Bradshaw,,296-258-2199,Moraga,United States,12897,Colorado,1002 North View,1993-04-15
crmid:1810898079,elephas1891@live.com,James,Sellers,,161-181-2549,Rancho Santa Margarita,United States,45988,Utah,1207 Exchange,1986-04-19
crmid:6646380875,expansible2058@live.com,Jacinto,Pratt,,466-680-9117,Holland,United States,43876,Maryland,605 Stanford Heights,1972-07-11
crmid:8025925842,arcturia1983@live.com,Winter,Rowland,female,786-014-9176,Chambersburg,United States,65639,New York,1184 Rousseau,1946-10-18
crmid:5848752405,emond2027@gmail.com,Myles,Savage,,175-679-2999,Hinesville,United States,62927,Alaska,356 Rolph,1972-12-09
crmid:4597562187,ditone1848@outlook.com,Donovan,Christian,,622-325-0558,Montebello,United States,91770,Hawaii,1170 Elsie,1992-02-21
crmid:7517659151,subcostae1892@yandex.com,Cody,Alford,,147-542-6768,Victoria,United States,54118,Pennsylvania,1301 Zircon,1999-11-13
crmid:1637155339,nonseriousness1937@outlook.com,Jude,Holt,male,625-741-2440,Pinole,United States,03526,Kansas,906 Worth,1936-06-14
crmid:9234852604,strepsiceros1879@live.com,Mauro,Nicholson,,424-181-5864,Harker Heights,United States,61389,North Dakota,977 Dukes,1969-10-14
crmid:5545831856,advocate1816@outlook.com,Deandrea,Armstrong,female,646-433-6936,Tullahoma,United States,10196,Ohio,889 Bank,1952-02-01
crmid:3126565664,drift1982@yandex.com,Justin,Leach,,757-916-8776,New Rochelle,United States,58958,New Jersey,1054 Mandalay,1996-09-12
crmid:5146164730,havocs1817@yahoo.com,Virgil,Kemp,male,566-548-5826,Winston-Salem,United States,80407,South Dakota,261 Bank,1935-10-16
crmid:5754735603,mullite1837@yandex.com,Britni,Walsh,female,893-324-7823,Denton,United States,56997,Florida,1100 Walkway,1954-09-26
crmid:8262222828,criminologist1882@yahoo.com,Toby,Wilkerson,,582-078-9435,Knoxville,United States,21752,Hawaii,1039 Legion Of Honor,1978-05-11
crmid:4399315713,phrenetically1914@yahoo.com,Jay,Patton,,229-565-5786,North Lauderdale,United States,33669,Iowa,522 Gladiolus,1998-06-05
crmid:2930371050,arvin2060@yandex.com,Monroe,Wong,male,785-366-5149,Caldwell,United States,99257,New Hampshire,861 Tevis,1943-07-31
crmid:8270717865,saleps1931@outlook.com,Werner,Rivera,,575-848-0465,Greensboro,United States,03552,North Dakota,853 Catalina,1968-02-29
crmid:8980385695,dight1867@yahoo.com,Jonathan,Holden,,387-793-5389,Woonsocket,United States,87413,Maryland,1099 Custom House,1984-04-04
crmid:4283918171,deprogramming1882@live.com,Dick,Simpson,,319-669-4460,Gallatin,United States,68314,Hawaii,626 Elmira,1965-11-23
crmid:1289502267,cuscus1839@yandex.com,Bruno,Hodges,,444-833-3900,Key West,United States,45741,California,126 Pennsylvania,1977-07-02
crmid:5848752405,chemotherapeutics1888@yahoo.com,Rocky,Baird,,519-776-3843,Jackson,United States,05493,Idaho,702 Faxon,1975-02-03
crmid:4260633457,confab1965@outlook.com,Gustavo,Mullins,,603-098-1281,Newport News,United States,56566,Wisconsin,1302 Malta,1997-09-11
crmid:7749345970,guarded2047@yahoo.com,Alfredo,Bailey,,538-533-9262,Kannapolis,United States,01092,Maryland,624 Sunnyside,1976-01-22
crmid:2613434853,minae1963@yahoo.com,Von,Rosario,,156-464-5352,Tifton,United States,84729,Mississippi,656 Fort Mason,1987-01-23
crmid:4080446145,giraffe2018@outlook.com,Bobby,Hopkins,male,393-799-6174,Beverly Hills,United States,05958,Utah,974 Olney,1939-01-14
crmid:8911351295,credenza1826@yandex.com,Modesto,Cunningham,,066-435-3809,Hopewell,United States,51942,Tennessee,44 Berry Extension,1973-09-06
crmid:9030096138,pipits2012@yandex.com,Marth,O'neill,female,933-892-1927,Daphne,United States,31493,Missouri,1301 Olmstead,1953-06-22
crmid:9604529267,tournefortian1852@yandex.com,Carletta,Myers,female,933-923-7626,Temple City,United States,78636,Maryland,813 Aztec,1960-02-21
crmid:5261268837,ephemeron1854@gmail.com,Randell,Schroeder,male,988-867-5768,Cedar Falls,United States,49181,Maryland,852 Ewer,1945-08-26
crmid:2739523476,cytoblast2061@yandex.com,Fred,Beach,,638-565-3913,Williamsport,United States,24821,Kansas,691 Temescal,1968-08-14
crmid:4334175394,buggyman2048@gmail.com,Stevie,Estes,female,038-773-8524,Denver,United States,94054,Alabama,5 Morton,1954-08-09
crmid:1711323081,oenin1801@live.com,Lucio,Rose,male,770-404-8864,Sugar Land,United States,63407,West Virginia,143 Apollo,1935-06-25
crmid:7686887634,bechern2068@yahoo.com,Edward,Conway,,751-281-6961,Lewisville,United States,81691,Vermont,777 Maddux,1982-01-04
crmid:8356356812,blueberries1940@gmail.com,Joye,Green,female,691-083-3721,Topeka,United States,12026,Louisiana,1206 Dorado,1948-12-08
crmid:9449440445,routeman1844@live.com,Arden,Rodriguez,,228-486-7971,Rock Springs,United States,23874,Colorado,1241 Jersey,1965-06-07
crmid:5639659036,cranky1879@yahoo.com,Kaci,Boyle,female,769-966-5073,Chapel Hill,United States,23572,Indiana,1330 Leland,1946-04-03
crmid:7384165792,defiant1928@live.com,Adrian,Bolton,,254-949-9547,Norco,United States,38370,Nebraska,1001 Horace,1998-05-10
crmid:5668881916,ravish1961@live.com,Jetta,Schneider,female,010-764-2989,Deltona,United States,92330,Hawaii,199 Danvers,1954-12-08
crmid:9832045716,dogtag2046@outlook.com,Annabell,Gilmore,female,575-610-2162,Rancho Mirage,United States,96369,Oregon,1064 Ofarrell,1961-11-01
crmid:2481437667,inviscidity1853@yandex.com,Jared,Ellison,male,167-361-1163,Windsor,United States,19171,Georgia,1349 Coleman,1943-05-09
crmid:3655498685,coleslaw1850@yandex.com,Miquel,Morton,,825-199-5593,Melrose,United States,36471,West Virginia,216 Child,1989-06-02
crmid:7547834261,enrica1954@outlook.com,Darren,Mosley,,116-148-7717,Hastings,United States,24153,Utah,336 Curtis,1970-05-03
crmid:9719795819,fluxional2025@live.com,Lyndon,Hodges,,753-690-2855,Inkster,United States,95344,Montana,902 Acevedo,1974-12-17
crmid:6855602218,seated1980@live.com,Harry,Wolfe,male,572-722-6366,Southaven,United States,95602,New Jersey,721 Elm,1940-04-30
crmid:3042409571,uninvigoratively2005@yandex.com,Norman,Walter,,619-129-7449,Lino Lakes,United States,13741,Montana,715 Duboce,1983-03-22
crmid:1177697774,darshi1915@yahoo.com,Alberto,Larson,,000-154-1681,Oakland,United States,44035,Iowa,162 Cuba,1984-01-15
crmid:8754324556,sardine1962@gmail.com,Carter,Poole,male,200-819-1281,Scarsdale,United States,00077,Alabama,1195 Bridgeview,1938-10-03
crmid:1507135731,admissions2070@yandex.com,Ellamae,Patrick,female,191-825-2165,Corpus Christi,United States,18925,Florida,330 Bucareli,1951-03-23
crmid:1872526619,acetract1993@live.com,Anibal,Moore,male,708-597-6272,Butte-Silver Bow,United States,06587,Connecticut,313 Zircon,1943-01-20
crmid:1289766773,bernadin1963@yahoo.com,Norman,Harmon,,581-289-5217,South St. Paul,United States,77323,New Jersey,988 Macalla,1980-11-12
crmid:1092443659,dresel2056@gmail.com,Keith,Franco,male,580-417-8666,Atlanta,United States,62197,Wyoming,911 Stoneridge,1934-11-11
crmid:1740489326,blows2008@live.com,Alphonse,Reed,,017-809-5300,San Juan,United States,63910,Montana,836 Alpha,1966-07-29
crmid:5262123460,deepfreezed2047@gmail.com,Antonia,Mcknight,,938-706-4099,Fountain Valley,United States,75475,Arizona,1094 Silver,1963-12-24
crmid:5640121212,bronk1802@yandex.com,Ismael,Tillman,,166-183-3084,Opelika,United States,48375,Louisiana,449 Hiliritas,1993-10-10
crmid:9141454279,conniption1901@live.com,Darcel,Flowers,female,038-538-0248,Spartanburg,United States,59276,Delaware,934 La Salle,1958-10-22
crmid:3782557472,consul1844@yandex.com,Deandre,Terry,male,820-554-1628,Pelham,United States,58120,Alabama,826 Kearny,1938-03-29
crmid:6358031821,silanes1823@yandex.com,Fredrick,French,male,284-855-4965,Avon,United States,63901,California,946 Catherine,1935-10-07
crmid:5368258793,sedater1971@outlook.com,Carol,Owens,,423-234-4696,Galt,United States,23658,Virginia,1054 Saint Elmo,1965-04-04
crmid:3895692864,marriers1879@live.com,Tyrone,Bishop,,881-469-2922,Watauga,United States,48890,New York,318 Cochrane,1987-04-29
crmid:6231787894,headship2056@live.com,Carlos,Kane,male,144-534-9248,Bakersfield,United States,07951,New Mexico,892 Hare,1935-02-16
crmid:7561038657,concentric2028@outlook.com,Mertie,House,female,473-187-7743,Spokane,United States,53564,New Jersey,712 Entrada,1961-06-14
crmid:1460581608,gwerziou2008@gmail.com,Erin,White,,627-156-8591,Saratoga,United States,73921,Tennessee,90 Cambon,1979-10-30
crmid:6906555043,balate1822@outlook.com,Art,Hines,,961-862-4124,Goose Creek,United States,18450,Indiana,1353 Flora,1967-03-18
crmid:5757769262,cambridge1901@yandex.com,Jennell,Carey,female,679-995-9905,Tracy,United States,27196,Illinois,1250 Edgardo,1961-12-08
crmid:8498378504,prostitute1877@outlook.com,Julietta,Sanchez,female,786-873-7885,Compton,United States,77757,Oklahoma,357 Double Rock,1949-12-25
crmid:5875859190,dockyards1907@yahoo.com,Leigh,Nielsen,,421-217-9530,Woodland,United States,81738,Virginia,504 Mccoppin,1987-04-14
crmid:6160645060,guidon2039@yahoo.com,Weston,Parks,male,895-645-9719,Big Spring,United States,57316,North Dakota,968 Mars,1939-10-22
crmid:8204163205,bluecollar1968@outlook.com,Cletus,Tanner,,660-577-2598,Fort Dodge,United States,91798,Pennsylvania,1390 Third,1963-08-07
crmid:6902379454,demimark1842@yahoo.com,Marlon,King,,240-013-7944,Wheat Ridge,United States,75543,Louisiana,172 San Jose,1997-08-18
crmid:5758087578,cathedrals1888@yahoo.com,Fernanda,Morton,female,532-674-2621,Westfield,United States,16085,Minnesota,4 Highland,1948-03-21
crmid:8902879716,winters2006@outlook.com,Heriberto,Simpson,,756-813-3844,Moscow,United States,19285,Montana,1394 Loma Vista,1993-03-27
crmid:1716056247,unincestuous1941@outlook.com,Kent,Carson,,382-735-5392,Mount Prospect,United States,72235,Louisiana,818 Menoher,1993-04-08
crmid:6214553472,contemp1876@yahoo.com,Luba,Maxwell,female,025-086-0717,Chandler,United States,39674,Wisconsin,1225 Hays,1946-06-18
crmid:1314320988,amphibological1822@gmail.com,Frederic,Faulkner,male,263-278-5139,Rancho Cordova,United States,02459,Florida,536 Old Decatur,1940-04-09
crmid:7267616207,takeaway1868@gmail.com,Neoma,Fitzpatrick,female,413-426-1939,Davie,United States,38118,New Mexico,957 Forest Side,1953-07-10
crmid:5564331613,busch1955@gmail.com,Lauran,Dalton,female,811-653-1720,Vincennes,United States,81218,Idaho,56 Evelyn,1994-03-10
crmid:8684466637,warship1808@yahoo.com,Willena,Walker,female,777-949-9112,New London,United States,18987,Colorado,462 Sanchez,1996-03-21
crmid:4716418318,necking1941@yandex.com,Warner,Lawrence,male,406-054-2338,Albuquerque,United States,55967,North Dakota,192 Pleasant,1931-10-17
crmid:2514757846,asthenopia1887@live.com,Refugia,Lara,female,421-406-5280,Pomona,United States,25014,Indiana,303 R,1960-07-17
crmid:9194785181,mpbs1942@outlook.com,Hector,Ellison,male,404-503-6800,Avondale,United States,72241,Colorado,1208 Rankin,1935-12-09
crmid:2453982686,bizonia2015@yandex.com,Emerson,Holland,,187-231-6391,Massapequa Park,United States,45618,Ohio,161 Public,1988-07-26
crmid:6093259007,publicness1890@yandex.com,Jimmy,Newman,,447-277-9753,Pinellas Park,United States,40432,Idaho,844 Ortega,1991-10-02
crmid:9827008661,accidia2061@live.com,Milan,Padilla,male,930-456-0773,Calumet City,United States,44859,Missouri,189 Manchester,1943-07-22
crmid:9543817370,daisi1895@yahoo.com,Phil,Kim,,304-418-7103,Sachse,United States,96844,Louisiana,381 Blairwood,1972-05-15
crmid:3772188959,brindlish1872@yandex.com,Mardell,Pollard,female,226-486-3293,Deerfield Beach,United States,31122,Utah,964 Ellington,1954-06-23
crmid:1656395718,pentachenium1840@yahoo.com,Harrison,Delacruz,male,838-942-1851,Bellevue,United States,62498,Massachusetts,203 Williar,1937-11-08
crmid:7354264116,cruche1893@live.com,Cordell,O'neill,male,805-183-1382,Shelbyville,United States,95775,Arkansas,1368 Colin,1997-01-04
crmid:6807350344,lynx1953@gmail.com,Dana,Christian,male,355-824-3975,Carrboro,United States,11783,Oregon,1095 Bowdoin,1944-02-06
crmid:7320163535,elanor1912@live.com,Loren,Robinson,,268-209-0440,League City,United States,58234,South Dakota,451 Woodhaven,1981-09-25
crmid:8156537590,cushing2039@yandex.com,Adolfo,Horn,male,649-251-0789,Ashland,United States,70937,Rhode Island,1396 Pontiac,1934-01-14
crmid:5093172399,alger1844@yahoo.com,Moses,Avila,,542-339-0328,Oak Creek,United States,84254,Minnesota,177 Birmingham,1992-05-09
crmid:6521574845,magirologist1846@yahoo.com,Emanuel,Wood,,319-475-3912,Williamsport,United States,46767,Idaho,151 Long,1984-05-22
crmid:8178534236,propositi2047@gmail.com,Loree,Alston,female,616-580-8821,Ossining,United States,81009,West Virginia,71 Sierra,1948-06-01
crmid:6404221929,goladar1900@outlook.com,Mitch,Jones,,607-897-8916,Mansfield,United States,42458,Illinois,1248 Bache,1986-08-22
crmid:4691401681,countercoupe1987@outlook.com,Gonzalo,Jackson,male,148-617-7490,Bartlett,United States,92584,Kansas,631 Salinas,1936-04-15
crmid:4318692458,accable1986@yahoo.com,Branda,Miranda,female,035-073-9120,Wooster,United States,20377,Vermont,767 Agnon,1955-11-02
crmid:9858572348,trination1897@gmail.com,Bobby,Potter,,271-835-8087,Monterey Park,United States,16501,Illinois,601 Caire,1992-02-24
crmid:8818583941,decatur2006@live.com,Omar,Case,male,158-529-5017,Wheat Ridge,United States,97890,Georgia,576 Northgate,1998-02-14
crmid:1461802342,overshadow1973@yahoo.com,Jude,Mercado,male,953-117-6923,Vineland,United States,06494,South Carolina,657 Tamalpais,1942-06-20
crmid:1821963491,brekel1931@outlook.com,Santiago,Mccall,,365-614-8007,Morganton,United States,81257,Idaho,968 Idora,1993-03-22
crmid:1715417984,astrophil1964@live.com,Fumiko,Cobb,female,438-532-2885,Detroit,United States,71484,Massachusetts,1101 Noe,1954-12-06
crmid:3795106268,revulsion2063@gmail.com,Roderick,Joyner,male,680-874-6265,Northglenn,United States,69649,New York,1322 Thorne,1999-10-21
crmid:7317142534,dropping1807@yahoo.com,Fausto,Morton,,572-313-2986,Oro Valley,United States,47099,South Dakota,32 Mirando,1990-12-11
crmid:5591322439,lithosol1862@outlook.com,Johnathon,Mitchell,,058-779-4464,Rancho Santa Margarita,United States,65003,Ohio,251 Latona,1991-10-21
crmid:5995731289,argentamin1840@yahoo.com,Rupert,Osborn,male,248-749-7769,Beloit,United States,76606,West Virginia,1018 Hulbert,1937-12-23
crmid:1545546437,overarching1863@gmail.com,Burton,Harris,,543-645-9012,Forest Park,United States,68509,West Virginia,721 Alert,1962-10-11
crmid:2184495605,noncorrelating2019@outlook.com,Patria,Buckner,female,858-242-0497,Edinburg,United States,45625,Hawaii,469 Sanches,1958-07-04
crmid:9562452288,amnesia1900@yahoo.com,Rolando,Fuentes,,992-306-2757,San Jose,United States,78701,Maryland,1046 Montague,1972-12-30
crmid:8492124679,caking1869@live.com,Jerome,Terrell,,674-938-3650,Herriman,United States,85712,Montana,1363 Dartmouth,1971-09-06
crmid:9653407344,infantly1846@gmail.com,Jarod,Bartlett,,889-460-2397,Revere,United States,64421,Colorado,949 San Bruno,1983-05-16
crmid:3403888534,trillibub2026@outlook.com,Rodney,Elliott,,890-772-2957,Galveston,United States,32215,South Carolina,366 Bay Shore,1965-05-18
crmid:1506579713,bumfs1861@gmail.com,Gaston,Burke,male,287-679-0734,Bedford,United States,29877,South Carolina,1284 Arco,1937-04-04
crmid:8204163205,cyborgs1852@outlook.com,Delorse,Macdonald,female,888-947-6876,Deltona,United States,16188,Connecticut,75 Sawyer,1954-02-18
crmid:2248221725,corie1894@gmail.com,Chang,Sweet,female,506-301-4470,Oak Creek,United States,28112,Florida,406 Bluestone,1961-02-28
crmid:9451215280,chinho1845@outlook.com,Dick,Whitley,male,927-041-6762,Anderson,United States,69409,Illinois,241 Arch,1932-11-05
crmid:2084037447,recompass1898@gmail.com,Solomon,Richard,,936-803-1071,Glendale,United States,85515,Alaska,394 Otter Cove,1966-09-23
crmid:4817353750,misenters1830@yandex.com,Edmond,Mckay,,946-601-4410,North Royalton,United States,42118,Arkansas,862 Florentine,1999-08-10
crmid:5833398674,oyster1801@live.com,Filiberto,Douglas,,659-506-0425,Tyler,United States,47652,New Jersey,1374 Cushman,1981-12-24
crmid:8013456388,videotape2019@yahoo.com,Detra,Burt,female,494-167-4673,Prattville,United States,27179,Michigan,400 Rayburn,1957-12-24
crmid:9506844704,kankie1922@yandex.com,Weston,Cash,,821-356-2139,Shelbyville,United States,87811,Oregon,397 Dormitory,1982-10-27
crmid:1943412673,undelusively1981@yandex.com,Jc,Parker,,773-240-4315,Hollywood,United States,07613,South Carolina,426 Missouri,1972-01-07
crmid:7209250946,avalanche1805@gmail.com,Cecil,Black,male,194-269-3748,Buckeye,United States,00309,Florida,418 Rousseau,1942-02-03
crmid:4016377352,invite2037@outlook.com,Neville,Barry,,369-028-9272,Jonesboro,United States,64845,New Jersey,781 Mangels,1976-11-05
crmid:5155177587,debatement1975@live.com,Conrad,Delaney,,004-455-4797,Herriman,United States,33174,Wisconsin,1096 Mercato,1971-07-18
crmid:6119740972,demeo2039@live.com,Nicolas,Gilliam,,649-953-5149,Jacksonville Beach,United States,59439,Nevada,994 Massasoit,1975-10-26
crmid:9208890373,proteose1971@outlook.com,Domingo,Mcconnell,male,478-815-8535,Bakersfield,United States,15691,Kansas,370 Seventh,1935-03-19
crmid:9495358725,breathless2041@outlook.com,Jared,York,,713-212-9864,Weslaco,United States,63095,New Mexico,1351 Fredela,1968-06-06
crmid:1084618792,ass1809@live.com,Kelvin,Mcintyre,male,921-952-2078,Twentynine Palms,United States,03726,Alabama,416 Wool,1937-06-19
crmid:2225102723,davey1950@outlook.com,Dustin,Simpson,male,527-857-5362,Altamonte Springs,United States,81569,Colorado,571 Quane,1931-03-27
crmid:7412100640,cacara1841@yahoo.com,Leandro,Hebert,,635-896-6228,Kingston,United States,59588,Kansas,811 Miller,1977-09-26
crmid:3933889976,phytosauria2013@live.com,Cleo,Poole,,527-394-7718,Joplin,United States,08013,Nebraska,1145 John F Kennedy,1976-01-28
crmid:7116214823,glioma1891@yandex.com,Ernest,Lester,,337-192-4322,Homestead,United States,89069,Illinois,367 De Soto,1973-04-01
crmid:1529211905,mailbox1972@gmail.com,Billye,Johnston,female,565-698-9013,Cookeville,United States,04278,Illinois,337 Trenton,1950-01-15
crmid:1902335463,arcanist1836@gmail.com,Francesco,Dotson,,944-657-4432,Midvale,United States,08298,Wyoming,210 Brunswick,1990-01-15
crmid:8977843389,benjie1823@yandex.com,Clelia,Carlson,female,403-471-9011,Danbury,United States,01170,New Jersey,138 Claremont,1952-02-05
crmid:9628470843,abducing2067@yandex.com,Chauncey,Bradford,,377-783-0387,Massillon,United States,01509,Texas,598 Transverse,1988-01-20
crmid:2043644114,kiwi1955@yahoo.com,Giovanni,Waller,,030-635-7338,Pearland,United States,35237,North Carolina,1331 Banks,1971-07-19
crmid:6145960462,bloch2064@yandex.com,Sol,Moss,,546-477-5013,Valparaiso,United States,84877,South Dakota,1024 Hilton,1992-02-27
crmid:4886685712,axolotl1963@live.com,Edmond,Cole,,137-268-3414,Temple City,United States,30312,North Dakota,669 Delano,1975-12-01
crmid:8765892440,xyloquinone2043@gmail.com,Kenneth,Holloway,,373-428-9896,Rome,United States,53338,Connecticut,974 Carroll,1974-03-13
crmid:6035446854,barbi1955@live.com,Marcelo,Avila,,780-756-3604,Gresham,United States,52004,Maryland,369 Vulcan,1968-10-24
crmid:7869816169,broody1881@yahoo.com,Gerald,Potter,male,058-439-2954,Apple Valley,United States,27114,Florida,65 Robinson,1933-04-23
crmid:2240474717,buxom2070@yahoo.com,Richie,Walls,,406-703-9466,Hoffman Estates,United States,26696,North Dakota,879 Nottingham,1972-05-24
crmid:7482938399,earthenware2008@outlook.com,Carmelo,Barrera,male,608-483-8348,Bettendorf,United States,06546,Arizona,701 Claremont,1938-02-02
crmid:6730083675,wabby2010@live.com,Joesph,Lowery,,446-590-2066,Massapequa Park,United States,76152,Nebraska,908 Roosevelt,1988-06-20
crmid:1973778989,bewitching2070@outlook.com,Jarrett,Scott,,599-851-5396,Minot,United States,34785,Louisiana,1175 Troy,1991-06-23
crmid:8402871261,coquitlam1853@yahoo.com,Mauricio,Flynn,,214-581-0691,High Point,United States,42321,Maine,917 Cross,1971-07-17
crmid:7627979457,chien2023@live.com,Jacques,Cooper,,090-553-1236,Reno,United States,41244,Alaska,1126 Standish,1986-05-07
crmid:6123182355,dauphine1959@yahoo.com,Harvey,Howell,,031-735-8598,Galveston,United States,21223,Arkansas,801 San Andreas,1965-05-01
crmid:6732897316,snorkeling2068@yahoo.com,Micheal,Wallace,,974-879-9279,Morristown,United States,88069,New York,362 Tulare,1993-12-27
crmid:6145359451,asians1881@outlook.com,Lynn,Lancaster,male,091-848-9641,Aurora,United States,35751,New Mexico,1309 Blatchford,1935-07-17
crmid:5226410716,cyclic1815@live.com,Mitch,Vazquez,,514-443-2780,Kernersville,United States,99954,Montana,61 Exposition,1977-10-31
crmid:9194785181,agnar2045@outlook.com,Jules,Chase,male,094-871-0373,West Hollywood,United States,58357,South Carolina,1035 Borica,1999-02-28
crmid:8167929840,beechy1864@outlook.com,Casie,England,female,711-380-8554,Daphne,United States,08087,Idaho,265 Wisser,1953-02-09
crmid:1335621969,longhair1897@gmail.com,Marcelino,Fields,,316-545-6506,Miami,United States,42828,Oklahoma,198 Foerster,1990-08-19
crmid:4109490191,prosecutor1922@live.com,Branden,Reynolds,,606-721-3857,Kenmore,United States,57337,Nevada,1109 Rockwood,1977-09-22
crmid:5973404390,buffoonish1880@gmail.com,Maximo,Cantrell,,419-870-4445,Hempstead,United States,74387,Hawaii,991 Red Leaf,1971-12-13
crmid:2840771315,ineradicability1902@outlook.com,Antony,Crane,male,673-589-4957,Winona,United States,50589,Texas,713 Rosenkranz,1943-01-07
crmid:8842849431,unfatuitously1875@yandex.com,Tyler,Callahan,,539-339-4524,Tukwila,United States,74491,Pennsylvania,1160 Digby,1992-07-14
crmid:1192445141,dorsocaudad2000@live.com,Ignacio,Davenport,,877-443-0996,Gadsden,United States,71524,Virginia,804 Vallejo,1964-12-07
crmid:7425795159,abject1976@gmail.com,Adolph,Ware,male,716-188-7092,Algonquin,United States,60830,Hawaii,1368 Terrace,1931-12-24
crmid:6531307946,echidna2054@outlook.com,Treasa,Woodard,female,358-176-2331,St. Cloud,United States,19043,Ohio,409 Transbay Hump,1948-09-19
crmid:8698107049,theropod1901@outlook.com,Theo,Rowe,,824-944-4175,Valley Stream,United States,59927,Illinois,659 Fresnel,1985-07-01
crmid:4811423585,agnosia1837@yahoo.com,Rodrick,Hall,male,537-697-7782,Racine,United States,06420,Pennsylvania,675 Tennessee,1933-12-21
crmid:3801809738,factice2055@outlook.com,Jamal,Craig,,790-921-6225,Jacksonville,United States,86425,Virginia,1276 Wilson,1975-11-20
crmid:1347612524,anthropogony1905@gmail.com,Loni,Hatfield,female,576-716-1292,Prescott,United States,13925,Washington,404 Alvarado,1950-06-13
crmid:8061374276,preinspired1975@outlook.com,Tom,House,,776-306-8477,Loma Linda,United States,72956,Michigan,1273 Thomas,1983-12-04
crmid:3850430755,banky1877@yandex.com,Waylon,Cote,,373-788-5261,Grand Prairie,United States,12519,Georgia,508 Mayflower,1967-03-27
crmid:9775838636,dispassioned1874@outlook.com,Robert,Snider,,548-253-6615,Jupiter,United States,24886,Oregon,737 Wilder,1976-04-25
crmid:7757962179,anglophilia1838@gmail.com,Cathern,Solis,female,310-148-9225,St. Joseph,United States,20082,Minnesota,1191 Cordova,1960-12-03
crmid:6274465778,highflier1849@live.com,Melvin,Cunningham,,256-791-4605,Kalamazoo,United States,70724,Wyoming,1392 Charlton,1976-12-14
crmid:8526776867,ludlovian1970@gmail.com,Brynn,Barr,female,814-625-0640,Oregon,United States,10038,Georgia,838 Bird,1951-01-02
crmid:5833398674,poplars1921@yandex.com,Domingo,Baird,,573-601-6306,Lodi,United States,95906,Illinois,126 Westside,1983-03-19
crmid:9644062826,neurin1905@outlook.com,Alonso,Nixon,,111-651-0000,University Park,United States,54976,Connecticut,274 Gateview 3,1998-08-07
crmid:7585790977,brennand2040@live.com,Indira,Monroe,female,425-880-2005,Detroit,United States,24084,Kentucky,196 Watchman,1954-04-20
crmid:5273985594,bedtime1918@gmail.com,Hilton,Compton,,578-349-9220,Montrose,United States,30717,North Dakota,259 Walker,1992-06-26
crmid:4632324212,application2028@live.com,Cyril,Galloway,,940-471-1818,Miamisburg,United States,10354,Texas,1061 Reposa,1990-03-13
crmid:8088886812,adorn1928@yahoo.com,Young,Fitzpatrick,,495-231-8995,Reynoldsburg,United States,37453,Kentucky,955 Double Rock,1968-03-14
crmid:1358421098,mosquito1971@gmail.com,Margarito,Hughes,,877-949-7554,Meriden,United States,47303,Arizona,622 Alder,1989-08-10
crmid:3396057304,abusers1941@yandex.com,Irving,Fowler,,483-156-1164,Omaha,United States,53342,Idaho,567 Oakdale,1980-07-22
crmid:7520003641,decagon1829@live.com,Mitzie,Kramer,female,314-429-7285,Streamwood,United States,73450,Montana,607 Fort Funston,1946-07-17
crmid:6760349492,erastus1818@outlook.com,Krysta,Blake,female,226-239-6955,North Chicago,United States,20230,Tennessee,660 Ingerson,1998-04-09
crmid:3017040917,beggarman1867@live.com,Argelia,Berry,female,923-685-5910,Euless,United States,60884,North Carolina,624 Holland,1960-10-31
crmid:4526480905,apocynaceous1920@gmail.com,Romeo,Knowles,,566-799-3026,Jupiter,United States,47648,Arkansas,1166 Verdi,1976-08-26
crmid:3880613009,scumbag2014@live.com,Nikole,Russell,female,910-738-1673,Rowlett,United States,27249,Connecticut,45 Myrtle,1959-07-26
crmid:6570461771,suddens1800@outlook.com,Ira,Sears,male,032-792-7026,Provo,United States,19250,Alabama,707 Grenard,1944-12-29
crmid:6253854719,imagining1986@outlook.com,Hank,Cardenas,,998-916-1217,Jeffersontown,United States,34153,Alaska,825 Marine,1975-06-19
crmid:7417513689,dresser1821@yandex.com,Jessenia,Cervantes,female,856-904-1802,New Iberia,United States,12802,Nebraska,1231 West Broadway,1996-03-23
crmid:4418288130,seconds2006@yandex.com,Noble,Potts,,676-710-4598,St. Peters,United States,50473,Nevada,1350 Belcher,1999-08-03
crmid:1697945640,aywie1899@live.com,Stanton,Herring,male,787-569-4144,Redding,United States,04570,California,1247 Vallejo,1939-09-13
crmid:2117510416,heiress1855@yandex.com,Alona,Arnold,female,902-746-7798,Deerfield Beach,United States,01768,California,808 Galvez,1954-01-01
crmid:4104860113,banat1865@live.com,Salvatore,Jennings,,831-730-8506,Green Bay,United States,80535,Florida,637 Rey,1968-02-02
crmid:3491256276,deipnophobia1816@live.com,Jack,Collins,,571-497-1132,Grandville,United States,07661,New Jersey,371 Baker,1967-02-25
crmid:7886132573,cobbra1850@yahoo.com,Drew,Skinner,,206-271-6734,Newburyport,United States,48477,West Virginia,452 Mission Bay,1997-08-18
crmid:6433199493,eurytropic1925@gmail.com,Ross,Cummings,,305-301-8752,Mobile,United States,76540,Washington,504 Wedemeyer,1992-12-07
crmid:5770731255,recreations2003@outlook.com,Talitha,Terry,female,647-558-2414,Crest Hill,United States,87855,Alaska,994 Todd,1951-12-16
crmid:5380140608,boards1832@live.com,Bradly,Solis,,921-962-5786,Round Lake,United States,30047,Idaho,490 Delaware,1971-02-03
crmid:3302070627,sextur1826@yandex.com,Agustin,Mercer,,963-704-5386,Onalaska,United States,81672,Rhode Island,1266 Diana,1965-03-27
crmid:5941604834,imposts2002@gmail.com,Johnie,Cline,male,816-785-6933,Smyrna,United States,01718,Montana,241 Mccann,1938-05-06
crmid:4012533489,erection1801@outlook.com,Virgil,Webster,,170-194-5767,Jackson,United States,22550,Virginia,1214 Clarion,1975-05-23
crmid:5494720976,blanca1917@yandex.com,Marcellus,Gutierrez,male,567-974-0481,Benton,United States,36621,South Dakota,88 Clipper Cove,1938-07-12
crmid:7885522339,doused1850@outlook.com,Kattie,Irwin,female,588-499-8521,Duncanville,United States,25058,Ohio,943 Shawnee,1956-05-15
crmid:3971683934,metalsmith2030@live.com,Forest,Odom,,501-429-1024,Northfield,United States,94392,Indiana,922 Redwood,1999-07-13
crmid:7561667040,rolfers1809@gmail.com,Alden,Avery,,124-955-4763,Forest Grove,United States,50010,Connecticut,276 Larch,1962-10-03
crmid:7222297101,saltire1885@gmail.com,Johnie,Hoover,,823-020-7550,Hermosa Beach,United States,19640,Hawaii,582 Wattson,1971-02-03
crmid:4214899687,dragonfly2044@gmail.com,Corliss,Lamb,female,977-809-6802,Woodbury,United States,80093,Illinois,952 Balceta,1948-02-17
crmid:9286018130,lithoclase1982@gmail.com,Richie,Haynes,,841-127-7986,Odessa,United States,21430,Oregon,430 Montalvo,1963-10-05
crmid:1532332219,diploplaculate1974@gmail.com,Danille,Downs,female,663-545-6403,Rowlett,United States,87621,South Carolina,1329 Medical Center,1950-10-04
crmid:9390148583,anxious2065@yandex.com,Leigh,Gross,male,224-913-3567,Waynesboro,United States,03509,Alabama,952 Southwood,1941-06-12
crmid:8991448642,chemistry2022@yahoo.com,Ronni,Villarreal,female,656-154-9232,Cleburne,United States,43071,Nevada,254 Russ,1948-07-30
crmid:7943540551,fluyt1824@outlook.com,Nathaniel,Pate,,147-707-1490,Martinsburg,United States,85645,Arkansas,297 Lindsay,1987-07-18
crmid:3341552643,against1938@live.com,Bennie,Witt,,800-070-5302,Rexburg,United States,80889,Utah,516 John Maher,1967-02-19
crmid:5249166822,bourgeois1969@yahoo.com,Taunya,Freeman,female,968-329-5397,Clearwater,United States,48339,Tennessee,96 Windsor Mill,1948-08-10
crmid:8647434959,etherize1922@yahoo.com,Otha,Merritt,,295-649-4872,Lockport,United States,07189,New Hampshire,462 Nelson Rising,1983-02-28
crmid:3234972169,ballistae1888@yandex.com,Lenny,Valenzuela,,292-967-3252,Upper Arlington,United States,64778,Iowa,577 Escolta,1991-08-24
crmid:9858094487,bemis1987@live.com,Ivan,Garrett,,708-640-5267,Upland,United States,44029,Oklahoma,1124 Napier,1993-08-05
crmid:3817875094,resolutionist1840@outlook.com,Allan,Brennan,,372-368-6250,Ponca City,United States,49975,Ohio,29 Bancroft,1986-12-18
crmid:3076710387,ambar1867@yahoo.com,Torie,Fitzpatrick,female,610-293-3452,Downers Grove,United States,92362,South Carolina,571 Deems,1955-09-10
crmid:7426117862,cutline2036@yahoo.com,Aaron,Gross,female,906-258-2327,East Peoria,United States,93249,Arkansas,1311 Mercury,1957-01-12
crmid:6089297153,tironian2003@live.com,Herb,Shaw,,171-061-4250,Wichita,United States,94596,New Mexico,739 Paris,1989-10-17
crmid:7753285874,dekle1814@yandex.com,Carline,Hughes,female,601-174-5346,Tyler,United States,24206,California,263 Zircon,1955-02-15
crmid:5376419198,idiosyncrasy1846@live.com,Casey,Barron,,850-425-5715,Taylorsville,United States,48309,New York,188 Manzanita,1987-02-27
crmid:1619035082,stuber1844@yandex.com,Alvaro,Neal,,876-862-3349,Manitowoc,United States,27689,Wisconsin,133 Bowling Green,1986-04-01
crmid:9139655772,bemoon1829@outlook.com,Leonie,Boyle,female,328-461-6767,Del City,United States,35032,Hawaii,191 Stillman,1954-05-03
crmid:3394502161,delano1888@live.com,Yun,Hess,female,103-368-6261,Cleburne,United States,74411,California,23 Omar,1948-12-18
crmid:9772714823,accessible1992@live.com,Claude,Crawford,,851-060-1661,Leavenworth,United States,31236,Rhode Island,1201 Waverly,1981-07-17
crmid:2928360733,colts1878@live.com,Rodrigo,Moreno,male,865-815-4947,Westland,United States,06275,Pennsylvania,208 Infantry,1940-08-21
crmid:7703376458,onions2021@yahoo.com,Micah,Greene,female,580-541-7290,Doral,United States,39145,California,1122 Gardener,1955-06-12
crmid:3064118013,distressedly1920@live.com,Mauricio,Levine,,189-240-9857,Logan,United States,30875,Arizona,888 Harry,1983-06-15
crmid:7523369651,shuttlelike1899@outlook.com,Caprice,Wheeler,female,561-348-0029,Richland,United States,10615,South Carolina,334 Alberta,1948-02-20
crmid:8699825962,fewer1953@yahoo.com,Leland,Boyd,,129-267-0574,Santa Fe Springs,United States,37733,Colorado,1352 Letterman Hospital Access,1969-12-11
crmid:8876826871,clocks1874@yahoo.com,Wendell,James,,416-598-7133,Smyrna,United States,62104,Mississippi,867 Diamond Heights,1968-12-04
crmid:9374303827,fanner1867@live.com,Greg,Stuart,,188-101-4640,Mill Creek,United States,23288,Florida,755 Emerald Cove,1990-05-19
crmid:8630447456,byproducts1934@yahoo.com,Reid,Green,,511-482-1808,Goodlettsville,United States,40369,Kentucky,378 Sussex,1967-07-08
crmid:5887902063,arock1997@live.com,Morris,Morrison,,823-228-6696,Murfreesboro,United States,33360,Illinois,817 Kennedy,1994-06-30
crmid:3937444828,electrolysis2001@outlook.com,Arden,Adkins,,069-725-2418,Tracy,United States,91008,Oklahoma,897 Page,1969-03-03
crmid:5961350582,starvation1910@outlook.com,Freeman,Bean,,373-112-8798,Muscatine,United States,49210,Indiana,744 Bartol,1994-07-26
crmid:9287831590,irradiated2028@yandex.com,Seth,Hampton,,586-516-5194,Granite City,United States,64514,North Dakota,1057 Western Shore,1967-10-09
crmid:7014278600,diena1933@yandex.com,Glynda,Sharpe,female,993-082-7328,Coppell,United States,51129,West Virginia,1386 Morse,1950-10-22
crmid:8325984454,congregant2062@gmail.com,Dante,Best,male,197-465-6915,Rapid City,United States,81701,North Carolina,275 Mendosa,1945-12-05
crmid:6622151139,babuina1807@live.com,Robbie,Phelps,,964-954-9606,Massillon,United States,36760,Mississippi,1313 Greely,1988-05-10
crmid:8062587337,tarsier2053@yandex.com,Ching,Macdonald,female,270-494-5838,Palatine,United States,25714,Maine,830 Bush,1955-02-18
crmid:4431979529,enterocoele1984@yandex.com,Herb,Delaney,,323-675-2075,Yucaipa,United States,32121,Tennessee,783 Moulton,1978-05-23
crmid:3374787933,cristie1907@gmail.com,Darell,Larsen,,097-109-4413,Fond du Lac,United States,12152,Montana,242 Battery Dynamite,1962-04-01
crmid:5318264822,apogon1925@outlook.com,Charles,Saunders,male,359-111-2259,Alameda,United States,06821,New Mexico,932 Underwood,1930-02-26
crmid:4150655871,tepidity1829@yandex.com,Deandra,Dominguez,female,701-531-2596,Rexburg,United States,12507,Alabama,1209 Foote,1946-02-08
crmid:8817714428,argonaut1993@yahoo.com,Tarah,Rasmussen,female,258-600-3476,Yuba City,United States,19232,Ohio,1086 Lusk,1952-08-24
crmid:9414525757,chalumeau1953@outlook.com,Rossana,Sparks,female,680-729-0588,Elizabeth,United States,49979,Ohio,614 Craut,1958-07-27
crmid:7788095312,referencing1837@yandex.com,Tobias,Armstrong,,804-865-3464,Murrysville,United States,34751,California,84 Alta Vista,1994-06-12
crmid:9097895121,strepsiceros1875@yandex.com,Theo,Mills,,181-055-3533,Maple Valley,United States,90969,Georgia,292 Italy,1986-11-03
crmid:6415475552,inducing2026@outlook.com,Jules,Sandoval,,887-646-0635,Fridley,United States,68386,Massachusetts,469 Waverly,1964-12-17
crmid:8397353999,fatuities1849@yahoo.com,William,Wolfe,male,452-708-7362,Brownsburg,United States,89904,Rhode Island,656 Hearst,1942-10-31
crmid:8726019491,anisodactyle2045@gmail.com,Mitchell,Cash,female,957-490-7904,Edwardsville,United States,30495,Wyoming,1283 Pennsylvania,1958-06-05
crmid:7956215064,carolus2066@yahoo.com,Barry,Tyler,,100-792-1184,Jamestown,United States,88510,Michigan,1066 Battery Wagner,1975-09-10
crmid:5167322776,bradley1847@live.com,Grover,Whitfield,male,124-960-9620,Carlisle,United States,24709,Hawaii,866 Forsyth,1944-04-15
crmid:8003933925,cusumano2066@outlook.com,Sal,Lewis,male,455-539-8330,Suffolk,United States,75569,New Jersey,1114 Claremont,1939-09-17
crmid:6787321087,edenize1869@yandex.com,Daniel,Frank,,866-376-4276,Huber Heights,United States,62330,Idaho,743 Alhambra,1973-12-10
crmid:1507135731,paraflocculus2054@outlook.com,Eugenio,Strong,,385-935-2453,Paragould,United States,49082,Virginia,434 Miles,1992-03-31
crmid:4542401153,herring1834@live.com,Gaston,Pollard,,658-415-5905,Virginia Beach,United States,35773,New York,1181 Ashburton,1970-08-17
crmid:6130262872,dryermen1836@gmail.com,Quintin,Goodwin,,829-228-8616,Moscow,United States,64409,Oklahoma,161 Brush,1993-11-16
crmid:7356172377,erudition1920@gmail.com,Barbar,Burris,female,252-605-9183,South El Monte,United States,11905,Kansas,415 Glendale,1948-01-04
crmid:2229478071,fiducial1983@yahoo.com,Richie,Simon,,547-973-6214,Haltom City,United States,28287,Rhode Island,1049 Moraga,1969-04-26
crmid:3930091052,crataegus2014@gmail.com,Shane,Huber,,725-930-0251,Marina,United States,21651,Nebraska,1053 Executive Park,1987-05-25
crmid:3959343557,ape1808@yandex.com,Renato,Franks,,445-502-1444,Houma,United States,58399,Maryland,1397 Henry Adams,1973-09-16
crmid:5119976850,secret1892@yandex.com,Jamel,Winters,male,406-440-5929,Sylvania,United States,09673,Colorado,797 Quickstep,1938-05-31
crmid:5244975774,consultary2017@outlook.com,Leon,Berger,,338-838-1720,Gainesville,United States,43369,Nevada,691 Delaware,1964-08-19
crmid:9128571906,acquest2046@yandex.com,Tommie,Guerra,,027-321-4914,Lake Forest,United States,71657,Iowa,987 Hudson,1980-12-14
crmid:7884742293,nonearning1977@live.com,Jamison,Stevenson,,529-592-5421,Miami Lakes,United States,88124,Minnesota,1056 Erkson,1990-07-28
crmid:2833834044,nonangling1880@yahoo.com,Gino,Compton,male,248-774-1494,Belton,United States,29968,Kansas,931 Friendship,1937-04-07
crmid:6856219374,precomparison1979@yahoo.com,Yoshie,Lane,female,780-101-4204,Evanston,United States,95375,Missouri,185 John Muir,1960-10-18
crmid:3601837666,elvira1952@gmail.com,Lino,Wilder,,642-207-2163,West Bend,United States,34483,Colorado,378 Lee,1980-07-09
crmid:4542401153,sapota2009@live.com,Rosamond,Wilcox,female,072-227-4305,El Cajon,United States,44440,North Carolina,563 Kirkham,1958-07-31
crmid:1743327676,deprive1904@outlook.com,Willis,Gaines,male,734-319-6915,Santa Fe Springs,United States,58559,Pennsylvania,378 Garden,1937-12-19
crmid:8453611681,scruff1855@live.com,Bula,Kane,female,140-006-9478,Dolton,United States,74221,Arkansas,117 Bay,1955-01-16
crmid:9976243959,troughlike2010@gmail.com,Kati,Maldonado,female,227-092-8594,Dodge City,United States,29042,Kansas,1341 Concord,1955-05-18
crmid:3848678893,transplantar2005@live.com,Glenn,Boyer,,299-349-3507,Sycamore,United States,57710,Rhode Island,500 Paul,1991-12-13
crmid:8038024970,snarling1906@outlook.com,Gonzalo,Walton,,535-167-5460,Hempstead,United States,65425,Oregon,1343 Victoria,1971-11-29
crmid:5791494744,baetuli2029@gmail.com,Cornelius,Fry,,984-358-8437,Kennewick,United States,30325,Vermont,911 Rosemary,1977-05-19
crmid:1430328070,babbage1917@outlook.com,Reggie,Stanley,,897-060-9342,Grand Forks,United States,18189,Iowa,75 Plaza,1967-03-28
crmid:6623337119,nickers1969@gmail.com,Dennis,Tucker,,963-134-6005,Massapequa Park,United States,41710,Michigan,673 La Salle,1988-07-28
crmid:8570636312,lemonweed1939@yandex.com,Leigh,Vaughan,,690-270-2938,Midvale,United States,68231,Louisiana,1314 Mabini,1990-10-17
crmid:9003029203,us1984@outlook.com,Marion,Shields,,896-073-3532,Neenah,United States,44338,Delaware,1060 Moss,1995-08-23
crmid:6346748210,christianson1835@yandex.com,Joesph,Bridges,male,990-134-3646,Brunswick,United States,70877,Maryland,1125 Brant,1942-05-04
crmid:1098965282,theist1813@live.com,Ellis,Guerrero,male,759-868-4536,West Memphis,United States,13865,Wisconsin,1288 Hoff,1944-03-12
crmid:1102856191,stoop1905@outlook.com,Brenton,Lambert,,559-100-6569,Maryville,United States,99850,South Carolina,219 Gateview 2,1987-10-28
crmid:7700093670,entitledness2047@gmail.com,Renna,Bartlett,female,282-429-9342,Seattle,United States,15540,Oklahoma,1015 Silliman,1951-10-19
crmid:1080313693,qqv1978@gmail.com,Tracy,Mitchell,male,196-434-4456,Passaic,United States,70619,Delaware,83 Seville,1939-09-20
crmid:8507000797,atique1916@yahoo.com,Fabian,Allen,,304-392-1750,Garden City,United States,38723,Iowa,786 Ellis,1965-06-16
crmid:5423503334,cowkeeper1816@outlook.com,Aaron,Hill,,504-088-2382,Monterey Park,United States,74607,Illinois,502 Baden,1992-04-15
crmid:7776141009,altitudes1879@live.com,Lesley,Hunter,male,157-078-0366,Avenal,United States,34100,West Virginia,198 Golden,1935-06-15
crmid:8532182288,cobwebs2043@gmail.com,Brett,Benson,,404-363-1802,Galt,United States,89401,Texas,382 Rebecca,1965-08-31
crmid:8905126653,wabby2031@gmail.com,Henry,Watts,female,763-483-7130,Elgin,United States,69298,West Virginia,670 Kittredge,1958-11-07
crmid:7520661687,clarance1961@outlook.com,Alphonse,Sheppard,,370-581-9647,Kearny,United States,34826,South Carolina,1341 Lundys,1976-06-18
crmid:8340504517,exclude1892@gmail.com,Von,Knight,male,356-272-4575,Addison,United States,50811,New Mexico,1239 Woodward,1930-10-16
crmid:5672285471,unacted2004@yahoo.com,Mike,Murphy,,019-295-8284,West Sacramento,United States,76036,Minnesota,613 Parker,1963-02-16
crmid:9344425300,abundant1828@gmail.com,Tamekia,Kelley,female,310-322-2918,Wilmette,United States,69400,Missouri,349 De Wolf,1946-08-16
crmid:2708734806,emollient1912@yandex.com,Julietta,Smith,female,626-672-4466,Starkville,United States,82186,Texas,188 Howth,1961-04-27
crmid:4175047548,cyrtidae1928@yandex.com,Jeffry,Craig,,024-173-3880,Macomb,United States,19751,Indiana,513 Fauntleroy,1985-02-26
crmid:2485649036,megaloenteron2042@outlook.com,Cruz,Hopper,,783-572-4962,Stamford,United States,48181,Oregon,983 Sedgewick,1993-01-04
crmid:7742264747,lymph1802@live.com,Jack,Snyder,,037-965-0034,Greenacres,United States,28846,Kansas,1104 Mark Twain,1968-05-04
crmid:2672613718,gar1930@gmail.com,Billie,Booker,male,515-609-3333,Anchorage,United States,00743,South Carolina,724 Vandewater,1932-01-03
crmid:8493817763,sabed1965@live.com,Buck,Shepherd,male,964-921-6734,Yorba Linda,United States,08202,Minnesota,1290 Steuben,1942-02-27
crmid:9026910246,addendum1898@yandex.com,Millard,Collier,,717-206-7501,Grandview,United States,83959,Idaho,1279 Fort Funston,1967-10-13
crmid:7547554055,scaldweed2042@yandex.com,Dane,Jones,,803-621-6002,Hermosa Beach,United States,30497,Washington,114 Julia,1971-05-09
crmid:7120215888,baldric1958@outlook.com,Jospeh,Beach,,325-288-9136,North Miami Beach,United States,32353,Montana,1163 Kansas,1998-07-10
crmid:3297303250,alcove1987@yandex.com,Fermin,Woodard,male,729-637-0165,Attleboro,United States,22836,Kansas,1386 Sawyer,1934-04-08
crmid:7880925576,nete2027@outlook.com,Lauren,Melton,male,596-921-6641,Wilson,United States,83586,New Hampshire,472 Taber,1944-06-20
crmid:8457669354,restipulatory1923@yahoo.com,Myron,Tillman,,078-817-7701,Seymour,United States,73147,Oklahoma,158 Henry,1972-06-05
crmid:7751097658,archsewer1870@live.com,Elbert,Lane,,840-128-9657,Moscow,United States,05754,Florida,791 Morton,1993-02-05
crmid:8037984796,hydroxyurea1957@yahoo.com,Fredric,Glenn,,627-354-8422,Indio,United States,29738,Massachusetts,630 Maynard,1974-05-26
crmid:7599351708,navite2033@live.com,Hugh,Yang,,828-050-6955,Lee's Summit,United States,59226,Connecticut,669 Saint Germain,1982-09-17
crmid:2977835168,ferule1844@yahoo.com,Kassie,Vinson,female,129-768-9560,East Peoria,United States,26501,Kentucky,876 Fella,1957-05-30
crmid:7689290810,duckers1865@live.com,Gerardo,Bentley,,682-571-0178,Lynnwood,United States,89023,Tennessee,569 Crestline,1985-04-01
crmid:5019431641,circadian1960@outlook.com,Darwin,Patrick,,665-056-0947,Lake Forest,United States,43165,Massachusetts,1379 Cameron,1980-08-24
crmid:1107694574,corbett2028@yahoo.com,Nicolle,O'neal,female,618-664-2673,Costa Mesa,United States,38346,Delaware,1257 Whitfield,1951-07-22
crmid:8351254916,british1802@outlook.com,Deshawn,Jones,male,220-706-4109,St. Marys,United States,04060,New Mexico,115 Buckingham,1938-03-16
crmid:3896471205,gonzo1968@yahoo.com,Donnie,Wood,,331-639-0560,Port St. Lucie,United States,95562,Georgia,742 Lone Mountain,1973-11-10
crmid:2575789079,votiveness1864@yandex.com,Merle,Lynn,,165-249-9705,Riverside,United States,73760,Montana,472 Veterans,1985-06-21
crmid:1742103005,cruce1948@yandex.com,Jazmine,Coffey,female,924-759-2050,Cranston,United States,21230,Nebraska,1026 Goethe,1951-04-06
crmid:6871213049,blubber1980@gmail.com,Roland,Mcleod,,250-734-4098,Goodlettsville,United States,51418,Minnesota,514 Rankin,1967-10-03
crmid:6343064352,hypocoristical2054@yandex.com,Ernest,Holloway,,977-741-2612,Marlborough,United States,20438,Montana,632 Webb,1987-04-04
crmid:7852329407,externity1800@outlook.com,Clayton,Mcmahon,,364-954-5926,Hazel Park,United States,33051,Alaska,174 North View,1970-06-26
crmid:8542728386,pastis2062@yahoo.com,Chad,Miller,,475-124-3143,Goose Creek,United States,96549,South Carolina,79 Neptune,1967-10-22
crmid:5736032228,elided2066@outlook.com,Pasquale,Carter,,976-352-5107,New Rochelle,United States,68514,Rhode Island,677 Trader Vic,1996-11-12
crmid:8969702846,unconical1872@live.com,Wilber,Schwartz,,295-852-0518,Lakeland,United States,16541,Iowa,1076 Colusa,1980-02-15
crmid:2323431204,apurba2025@outlook.com,Regine,Hunter,female,647-117-5444,St. Matthews,United States,14644,Texas,961 San Aleso,1947-07-15
crmid:5406595709,phaenogamous1929@outlook.com,Wesley,Schroeder,male,133-928-9402,Zanesville,United States,06558,Ohio,1292 Howard,1941-10-22
crmid:7609396846,magirologist1821@yahoo.com,Gil,Shaffer,,109-968-7066,Muskogee,United States,92428,California,85 Willard,1994-08-08
crmid:1364262284,metaluminic1893@outlook.com,Houston,Hogan,male,745-307-6175,Balch Springs,United States,26769,Maryland,1357 Stoneyford,1935-05-14
crmid:9640343571,befouled1987@yandex.com,Emerita,Simpson,female,893-974-6337,Covina,United States,11689,Wisconsin,654 Merlin,1951-03-27
crmid:5917969713,bogert1818@gmail.com,Connie,Peterson,,538-040-4105,Newburyport,United States,46383,Virginia,955 Cardenas,1997-08-26
crmid:9245855540,eikon1803@live.com,Katherin,Sears,female,468-672-1642,Fairfax,United States,29404,Texas,1377 Lakewood,1961-05-26
crmid:8818757170,caterina1983@live.com,Gustavo,Banks,male,351-751-6653,Batavia,United States,24633,North Carolina,1182 Crissy Field,1936-04-02
crmid:3109417881,skilling2068@outlook.com,Tam,Holman,female,216-428-0169,Coeur d'Alene,United States,45762,Delaware,1300 Eutaw,1949-08-14
crmid:4154301508,subject2012@yahoo.com,Eusebio,Watson,male,919-087-2310,Battle Creek,United States,13614,Indiana,587 Cargo,1936-04-30
crmid:9981000234,hornet1817@yahoo.com,Cecila,Hoffman,female,298-687-3059,Oakley,United States,82030,Indiana,1283 Smith,1957-10-03
crmid:6870105472,pike1908@outlook.com,Karena,Sherman,female,882-926-8173,Edwardsville,United States,25622,Montana,567 Halyburton,1958-04-27
crmid:3747992160,foreknowable1847@outlook.com,Derek,Baxter,,574-255-8328,Owasso,United States,92509,South Dakota,410 Century,1978-04-13
crmid:8708887632,unconsolable1819@yandex.com,Mike,Blackburn,,372-381-7956,Huntington Beach,United States,01418,Arizona,874 Morning Glory,1974-01-07
crmid:8806197806,spectators1832@gmail.com,Silva,Kirby,female,412-271-8783,Coppell,United States,84805,Maine,1261 San Leandro,1950-08-16
crmid:4640799836,undoubling2038@yandex.com,Caprice,Craft,female,615-970-1107,Crystal,United States,02486,Florida,1225 Hobart,1952-02-07
crmid:7031825351,mpbs1928@gmail.com,Quintin,Daniels,,650-694-1017,Kennewick,United States,94442,Louisiana,1215 West Clay,1977-09-15
crmid:7390572152,funambulatory1975@outlook.com,Julius,Edwards,male,287-335-6878,Rosenberg,United States,02776,Pennsylvania,634 Quintara,1938-06-09
crmid:8706855922,cyros2016@yandex.com,Hue,Miles,female,574-902-0504,Rock Springs,United States,21638,North Dakota,923 Rudden,1959-04-20
crmid:4226244440,attractive1873@yandex.com,Donovan,Cotton,male,639-468-4204,Antioch,United States,11163,Iowa,276 Quebec,1933-03-07
crmid:3534465071,cantharis2024@gmail.com,Danial,Sloan,,734-748-2117,Niagara Falls,United States,26310,Oregon,444 Ritch,1997-05-19
crmid:8150262331,aliens1977@outlook.com,Matthew,Riggs,male,060-938-5401,Burien,United States,37883,Arkansas,570 Quincy,1942-07-25
crmid:1009698214,cutthroat1971@live.com,William,Knowles,male,258-767-8281,Paso Robles,United States,04708,Michigan,567 Baldwin,1939-10-16
crmid:2708734806,experimentally2043@outlook.com,Sylvester,Butler,,805-628-9071,Mission,United States,75599,Delaware,1294 Stow Lake,1991-11-17
crmid:1207913074,donned2068@gmail.com,Enoch,West,,357-719-8127,Horn Lake,United States,87936,Illinois,377 Balance,1973-07-23
crmid:3425119311,brancher2024@yahoo.com,Honey,Harris,female,262-148-3232,Pleasant Prairie,United States,11397,Virginia,387 Harrington,1951-10-07
