crmid,email,first_name,last_name,gender,mobile telephone,city,country,zip,state,street address,birthday
crmid:4069261270,raincoat1964@yahoo.com,Lynn,Dillon,,337-846-7296,Watauga,United States,88363,Missouri,673 Havens,1978-04-22
crmid:2090714993,balboa2036@yandex.com,Dominic,Conley,,717-932-0809,Hazleton,United States,52709,Illinois,578 Ewing,1970-10-30
crmid:7628331986,creche1904@yandex.com,Adan,Webb,,192-519-5655,Roanoke,United States,70095,Texas,358 Ellert,1971-02-05
crmid:9835922928,conceder1918@live.com,Wilson,Joyce,,857-881-1032,Willmar,United States,64644,Iowa,231 Dogwood,1978-08-03
crmid:8884957422,arylate1937@gmail.com,Elisha,Pate,,765-129-9989,Hackensack,United States,23108,Colorado,1050 Wilder,1969-04-02
crmid:7801163291,retractor1803@live.com,Rod,Logan,male,314-363-3903,Baton Rouge,United States,44031,New York,730 Congdon,1936-08-17
crmid:8696516643,arnis1871@gmail.com,Jewel,Noble,,950-355-9697,Hays,United States,96113,Virginia,476 Bannock,1970-10-21
crmid:5470103514,quantifiers1998@yahoo.com,Taina,King,female,029-403-3821,Pittsburg,United States,24383,Colorado,430 Pacific,1958-08-16
crmid:4661798489,controversal1967@gmail.com,Simon,Gonzalez,,266-505-9172,Springfield,United States,99465,Texas,702 Townsend,1988-07-23
crmid:7721675581,bromes2068@outlook.com,Waldo,Mccray,,097-663-3362,Huntington Beach,United States,37551,North Dakota,12 Colonial,1974-06-20
crmid:2261127807,sponge1996@yandex.com,Bernie,Johns,,707-389-5420,Hopewell,United States,50492,Virginia,1144 Oliver,1973-10-30
crmid:6144199796,unsquirming2020@outlook.com,Burl,Page,,296-572-8104,Opelika,United States,48008,North Carolina,599 Red Rock,1987-01-29
crmid:7451928443,dyslogistic1989@outlook.com,Jon,Burch,male,333-429-5989,Bessemer,United States,39966,Maryland,236 Melra,1938-05-04
crmid:3439288286,corners1813@yahoo.com,Gia,Franklin,female,444-306-2324,Corpus Christi,United States,91890,New Hampshire,841 Milan,1951-12-06
crmid:3504627168,schoolbookish1955@outlook.com,Gwyneth,Colon,female,061-844-8413,Cumberland,United States,15568,Montana,252 Ardath,1952-04-06
crmid:4707361653,bauch2068@yandex.com,Dave,Wells,male,131-498-9034,Abilene,United States,99851,Mississippi,323 Oscar,1930-03-30
crmid:1012786279,claimer1821@yandex.com,Sol,Ross,,685-412-1482,Lake Elsinore,United States,08510,Alaska,207 Baden,1980-01-12
crmid:5591322439,applejack1808@yandex.com,Abraham,Hayden,,744-868-9625,Little Rock,United States,75399,Idaho,155 Apollo,1983-12-04
crmid:2781516704,cantoral1814@gmail.com,Kendrick,Ryan,,978-729-3826,Parkland,United States,91093,Delaware,60 Forest,1968-03-28
crmid:1037562563,cushily1906@outlook.com,Nathan,Strong,male,677-879-3357,Broken Arrow,United States,98626,Virginia,1304 Wentworth,1941-07-28
crmid:1835245606,consciences2007@gmail.com,Shenita,Pierce,female,053-114-8819,East Providence,United States,47074,Montana,1124 Medau,1957-08-23
crmid:1804616975,mole2025@yandex.com,Jeremy,Whitaker,,208-763-4003,New Albany,United States,78898,Mississippi,97 Macarthur,1995-12-18
crmid:4280267150,flighted2045@live.com,Lynn,Compton,,903-762-6745,Logansport,United States,65699,Mississippi,769 Linares,1983-12-20
crmid:7326919758,cryptic1914@yandex.com,August,Black,male,278-693-3198,Antioch,United States,90615,Montana,734 Fisher,1933-01-03
crmid:5462702090,quinidin2014@live.com,Phil,Brown,,965-151-2561,Havelock,United States,58271,New Hampshire,21 Pratt,1970-09-01
crmid:7826691813,fermentitious1924@gmail.com,Yoshie,Bailey,female,962-838-0828,Cudahy,United States,59528,Arkansas,282 Harlem,1952-09-01
crmid:8546712734,phasianinae2036@live.com,Hector,Larson,,851-029-7163,Willoughby,United States,34075,Arkansas,909 San Miguel,1975-11-14
crmid:2334060418,eleanore1836@outlook.com,Song,Chavez,female,612-140-9179,Christiansburg,United States,45061,Kentucky,240 Natoma,1947-08-06
crmid:4713538324,egality1901@yahoo.com,Harlan,Martin,,927-888-8303,New Smyrna Beach,United States,52359,Washington,539 Fredson,1997-09-10
crmid:6412476639,peculated1951@yahoo.com,Jared,Villarreal,,347-731-1694,Laconia,United States,58229,Maryland,605 Lysette,1979-09-29
crmid:8790561989,hippidium1884@outlook.com,Royal,Barr,male,169-427-5618,Carrollton,United States,46511,South Dakota,567 South Park,1944-08-02
crmid:1712202950,brydges1970@gmail.com,Stanford,Murray,,125-503-3343,Franklin Park,United States,74508,Michigan,228 Delancey,1964-12-07
crmid:5033070295,afterlife2033@gmail.com,Sandy,Keller,,037-348-1275,Rock Island,United States,29726,New Mexico,1243 Alameda,1965-06-25
crmid:5911204944,riverish1977@gmail.com,James,Contreras,male,625-555-4435,Ansonia,United States,28636,Iowa,1054 Moscow,1933-05-07
crmid:9167040721,bowwow1929@yandex.com,Allan,Parrish,,029-837-5735,Midvale,United States,29622,Arkansas,788 Hooper,1990-04-09
crmid:2698530447,remarry2046@gmail.com,Lamont,Benton,,175-374-4178,Gilroy,United States,73106,New Mexico,401 Eldridge,1966-04-12
crmid:5420923889,wiggeries1856@gmail.com,Joan,Stephens,male,534-442-3764,Arroyo Grande,United States,30625,West Virginia,872 Raymond,1934-05-28
crmid:6364397910,caridean1883@outlook.com,Herb,Bond,,322-204-3230,Vernon Hills,United States,48127,Nevada,437 El Camino Del Mar,1983-03-27
crmid:2724256647,kazatske2013@live.com,Arron,Mcmillan,,921-589-5426,Margate,United States,11044,New Hampshire,289 Gladiolus,1986-03-11
crmid:7581338076,sulphine2035@yahoo.com,Raymundo,Hayes,male,269-183-4984,Upper Arlington,United States,03782,South Dakota,1268 Marvel,1933-08-13
crmid:7268196507,baronesses2014@gmail.com,Erin,Andrews,,402-464-9042,Holladay,United States,18650,Alabama,869 Prescott,1972-03-28
crmid:6950321867,playland1818@outlook.com,Marhta,Reid,female,224-171-2717,Council Bluffs,United States,36814,New Mexico,215 Shakespeare,1951-06-24
crmid:7178337683,angelo1830@live.com,Leonardo,York,,559-851-8532,Huntley,United States,93335,Vermont,1052 Sycamore,1974-06-12
crmid:7298098545,tuke1979@yahoo.com,Vincent,Rodriquez,,551-239-7658,Kennewick,United States,13533,North Dakota,264 Yosemite,1977-03-12
crmid:6354424876,pulmometer2024@gmail.com,Lauryn,Perez,female,618-658-0064,Wichita,United States,27046,Delaware,1211 Turk Murphy,1960-05-23
crmid:7897777595,patrist1890@live.com,Cinderella,Pittman,female,214-629-5351,North Lauderdale,United States,17731,West Virginia,123 Pueblo,1998-04-03
crmid:8178400011,soapery2013@gmail.com,Owen,Ayala,,900-185-9800,Hamilton,United States,90501,Michigan,31 Montalvo,1969-03-04
crmid:4665799890,borated1814@live.com,Cruz,Sloan,male,609-323-8339,Baldwin,United States,18406,California,706 Cardenas,1935-02-27
crmid:8132032619,batule1937@live.com,Augustine,Meadows,,854-143-1139,Laurel,United States,40042,Louisiana,68 Rock,1981-07-21
crmid:7819842652,crataegus1964@yahoo.com,Darrin,Shaffer,,951-818-0664,Manitowoc,United States,93968,California,185 Madrone,1986-06-13
crmid:8676631702,ladyling1996@yandex.com,Rafael,Grimes,,095-244-2379,Taylorsville,United States,20664,Virginia,733 Saint Elmo,1966-09-02
crmid:5894301493,predelinquent2016@yahoo.com,Jan,Foster,,988-484-3183,Folsom,United States,32239,Nevada,689 J,1962-06-25
crmid:6363402674,indetermined1800@live.com,Terrance,Walker,,044-002-6556,Parma Heights,United States,20975,Montana,3 Brussels,1967-02-01
crmid:7021169861,caregiver1934@yandex.com,Jackqueline,Larson,female,008-135-0608,Vicksburg,United States,12292,Alaska,332 Cargo,1949-12-07
crmid:1702614662,amperage1811@yahoo.com,Waylon,Battle,,074-573-1626,Miami Beach,United States,70306,Virginia,1190 Arlington,1990-12-20
crmid:1179801810,triphammer1996@gmail.com,Terrence,Kaufman,male,175-395-0135,Shreveport,United States,65949,Colorado,1025 Cleveland,1934-09-16
crmid:8694023338,washy1957@yahoo.com,Florencio,Alston,male,169-938-6671,Carlisle,United States,90373,Delaware,1231 Eucalyptus,1944-04-01
crmid:2014013881,dawing1959@gmail.com,Clark,Levy,,363-143-1424,Rocklin,United States,97625,Wyoming,1067 Chaves,1962-02-18
crmid:7246625143,fogger1932@gmail.com,Kirby,Mcfarland,,484-740-8517,Rolling Meadows,United States,31658,Tennessee,564 Sala,1975-10-05
crmid:9870999782,assistency1891@outlook.com,Leif,Sellers,male,512-891-4545,Alsip,United States,38815,Illinois,817 Lapidge,1931-06-26
crmid:5135477839,boarding1894@gmail.com,Lyndon,Turner,male,056-548-6906,Oceanside,United States,69830,Montana,97 Fayette,1994-01-12
crmid:1180905448,lardoon1937@gmail.com,Clarinda,Burris,female,047-028-9579,Chandler,United States,01037,Iowa,50 Day,1946-02-04
crmid:7585520923,estes1838@gmail.com,Shenika,Hammond,female,417-293-2840,Warren,United States,82400,Nevada,230 Bosworth,1960-10-15
crmid:5895103243,sauncy2040@outlook.com,Jonas,Lee,male,585-004-2289,Avenal,United States,38185,South Dakota,740 Allen,1935-06-17
crmid:4332660476,filamentiferous1848@gmail.com,Rickie,Hinton,,111-105-1893,Omaha,United States,31404,Rhode Island,1224 Francisco,1969-04-04
crmid:4154607064,gar2030@outlook.com,Toney,Carson,,107-962-4642,Tarpon Springs,United States,23573,Ohio,615 Rudden,1966-01-11
crmid:2702503880,another1871@live.com,Christopher,Gilliam,male,137-570-0747,American Fork,United States,04688,Delaware,358 Merrie,1932-02-11
crmid:9597638335,chichi1951@yandex.com,Gaylord,Witt,,727-869-0067,Queen Creek,United States,89097,Hawaii,607 Lake Forest,1989-08-01
crmid:1419084306,balas1849@yandex.com,Jan,Holder,male,557-779-7044,Beavercreek,United States,21055,West Virginia,62 Hastings,1937-05-14
crmid:2822777408,chalton1848@yandex.com,Donny,Graham,,652-878-4026,Moore,United States,43811,Connecticut,1333 Maddux,1992-07-18
crmid:4682191734,spratted2054@outlook.com,King,Galloway,male,173-268-4013,Muskogee,United States,03684,Kansas,1230 Coso,1994-01-29
crmid:2279597114,goldfinch1841@yandex.com,Noel,Blanchard,male,800-112-6921,Newnan,United States,10108,Arizona,102 Alton,1997-02-14
crmid:4731931154,billable1909@yahoo.com,Galina,Gill,female,025-572-4872,Roselle,United States,21387,Oregon,1076 Jasper,1960-10-06
crmid:9608110097,finalist1959@outlook.com,Rubin,Mooney,,081-555-9402,Mount Pleasant,United States,20666,Maryland,183 Nauman,1993-05-13
crmid:1169068148,woodpecker1832@outlook.com,Jarod,Newton,male,341-517-2327,Mount Vernon,United States,09620,Wisconsin,1078 Mersey,1994-01-30
crmid:6092208586,mesosphere1944@gmail.com,Eusebio,Gates,,308-489-3634,Indianapolis,United States,14346,Pennsylvania,806 Keyes,1974-03-13
crmid:5203748723,avgas2043@yahoo.com,Maxwell,Bryant,,638-662-5791,Wheeling,United States,64331,Vermont,405 Mistral,1986-02-13
crmid:9832261249,upseek2031@live.com,Jonathan,Martin,male,541-768-3374,Bellingham,United States,34618,Hawaii,1283 Truett,1937-06-18
crmid:8346193771,alleviated1877@yahoo.com,Jamel,Gonzalez,male,236-099-3846,Banning,United States,22792,Montana,3 Waterloo,1936-05-11
crmid:8509307515,nonadjacent1822@outlook.com,Alec,Bonner,,128-187-9227,Rapid City,United States,74769,Colorado,1270 West View,1965-08-15
crmid:9477214334,chloropalladic1991@outlook.com,Marcelino,Le,male,752-938-8943,Bountiful,United States,73681,Louisiana,586 Wisser,1940-12-23
crmid:9900253820,subtrahends2059@gmail.com,Raymonde,Bishop,female,109-082-8566,Creve Coeur,United States,40789,Colorado,640 Farview,1951-07-03
crmid:4754502039,ternatisect1961@gmail.com,Tyrone,May,,024-485-5433,Hampton,United States,15505,Iowa,1388 Avenue D,1969-03-01
crmid:2720716530,masseurs1827@live.com,Graig,Frost,,407-601-3997,Louisville,United States,98822,Missouri,1274 Morton,1984-12-28
crmid:4202754258,sycophantry1831@yahoo.com,Elijah,Harmon,,158-663-5747,Milpitas,United States,84937,Washington,127 Vallejo,1991-01-15
crmid:2778977004,explorations1828@live.com,Buster,Haley,male,601-487-9015,Warwick,United States,76339,Louisiana,172 Tevis,1933-10-03
crmid:2034483768,appraisal1942@outlook.com,Ted,Nash,male,023-055-1482,Shoreline,United States,97558,Maine,700 Alder,1938-12-18
crmid:6022989208,tripe1947@live.com,Efrain,Hernandez,,344-435-3658,Plainview,United States,57997,Maryland,356 Ceres,1998-12-16
crmid:3256270608,blanca2008@live.com,Victor,Potts,,014-593-7155,West Chicago,United States,31457,Louisiana,838 Pfeiffer,1969-09-04
crmid:9365160109,strawsmall2036@yahoo.com,Reginald,Goff,,863-028-8979,Pontiac,United States,46136,Maine,948 Cresta Vista,1987-02-21
crmid:7484695399,araneid1953@gmail.com,Curtis,Gentry,,635-616-5809,Kenmore,United States,05373,Illinois,1364 Otis,1977-01-04
crmid:6287005685,akita1952@yahoo.com,Carmine,Atkins,male,331-161-7494,Bethlehem,United States,98092,Minnesota,267 Miles,1938-02-01
crmid:6259435483,ailing1955@outlook.com,Maxwell,Bender,male,218-281-4001,Benbrook,United States,36268,Illinois,308 Valerton,1938-07-02
crmid:2568670683,scruff2002@gmail.com,Horace,Wall,male,076-278-9695,San Bernardino,United States,09937,New Hampshire,526 Lottie Bennett,1930-05-30
crmid:8066430162,medicodental1941@yandex.com,Xavier,Hewitt,,285-004-3582,Hilliard,United States,15522,Wisconsin,407 Giants,1972-02-24
crmid:1111287957,trillibub1988@yandex.com,Elias,Harper,,373-821-8194,Keene,United States,58829,Missouri,400 Gladiolus,1976-09-26
crmid:1131348427,decreers1947@yandex.com,Deshawn,Bryant,,539-692-9031,Sulphur,United States,58416,Nevada,591 Wetmore,1989-05-14
crmid:2718351096,rudimentary2018@gmail.com,Lauren,Crosby,male,655-246-8852,Alsip,United States,83046,North Dakota,1045 Paraiso,1931-06-07
crmid:7955050287,dinosaur1845@outlook.com,Edgar,Jacobson,,613-833-0343,Hawthorne,United States,70771,Oklahoma,184 Wagner,1970-12-04
crmid:8625334356,vomitorium1844@live.com,Silas,Nguyen,male,101-908-4575,Blaine,United States,53818,Alaska,1235 Ervine,1939-09-21
crmid:6497592828,sensationistic2036@yahoo.com,Winfred,Wagner,,086-231-6320,York,United States,71396,New Jersey,189 Acme,1993-03-16
crmid:4602004023,facer1812@outlook.com,Roosevelt,Mcgee,,354-455-4952,Roseville,United States,54050,Georgia,725 New Montgomery,1968-08-03
crmid:9713010434,agronomial1858@yandex.com,Shavon,Church,female,497-209-6714,Winter Haven,United States,92428,Idaho,750 Sotelo,1957-11-15
crmid:2324270571,revetoed2052@outlook.com,Neil,Ruiz,,771-628-1422,Park Forest,United States,42454,Washington,262 Merritt,1986-03-07
crmid:4130512879,oxalyl2063@yahoo.com,Azzie,Richards,female,187-467-1827,Pittsfield,United States,26067,Arkansas,575 Costa,1957-10-21
crmid:2124188436,earlier1946@yandex.com,James,Quinn,male,429-395-7098,Albertville,United States,28182,New York,467 Dalewood,1931-05-24
crmid:7419530058,majesty2001@outlook.com,Quentin,Hill,,826-478-4403,Henderson,United States,06417,South Carolina,461 Grace,1971-01-15
crmid:8711746436,chipped1945@gmail.com,Daryl,Massey,,151-102-0724,Pontiac,United States,64721,Florida,231 Westgate,1991-11-23
crmid:9977613775,benthos1846@yandex.com,Yoshie,Foley,female,573-871-3815,Evanston,United States,52948,Oklahoma,1283 Leona,1960-09-10
crmid:2645050370,audette1861@yandex.com,Robin,Haynes,male,490-812-1070,Winter Garden,United States,03214,Alabama,293 Java,1936-08-13
crmid:3914508295,illegal1845@live.com,Freeman,Mckay,,619-259-0976,Sylvania,United States,96946,Wyoming,448 Isadora Duncan,1998-08-10
crmid:3511055297,masterstroke1847@yahoo.com,Myles,Cantu,male,383-380-6163,Billings,United States,43658,Florida,1366 Music Concourse Access,1939-07-05
crmid:1009698214,acryl1852@outlook.com,Alva,Price,male,781-709-2242,Arlington Heights,United States,05178,Florida,126 Mendell,1933-01-24
crmid:2152157416,flounder1948@outlook.com,Bradly,Booth,,977-525-0768,Tracy,United States,42380,Virginia,1399 Music Concourse,1993-12-10
crmid:5741847940,camion1802@outlook.com,Ed,Stanton,male,031-640-6730,Brockton,United States,67880,Alabama,689 Bryant,1941-11-24
crmid:6673839311,cebil1871@live.com,Darius,Beach,,676-268-8335,Issaquah,United States,21602,Tennessee,568 Goethe,1975-04-19
crmid:1817737217,carita2049@live.com,Jacinto,Murphy,male,851-500-2189,Peabody,United States,06860,Georgia,723 Del Sur,1935-05-21
crmid:7863658877,atopy1954@live.com,Jarvis,Rios,,469-697-5256,Kernersville,United States,74777,Maryland,860 High,1977-12-27
crmid:3795107916,laryngismal1844@live.com,Paris,Evans,,415-910-2194,Minneapolis,United States,19422,Illinois,295 Pueblo,1991-03-15
crmid:1927797967,headship2049@gmail.com,Hoyt,Shaffer,,664-792-0729,Jamestown,United States,41262,Massachusetts,1010 Harold,1975-08-27
crmid:1527120863,sprit2006@yahoo.com,Francene,Hutchinson,female,153-026-6711,Fall River,United States,94598,Hawaii,1129 Nelson Rising,1961-03-15
crmid:9813033878,vulture1825@yahoo.com,Tad,Gordon,,484-250-6161,Fort Dodge,United States,84363,Idaho,1000 Benton,1963-07-26
crmid:6618646332,malgrado1883@gmail.com,Jamie,Lowe,,951-936-2691,Rocky River,United States,79645,Utah,989 El Camino Del Mar,1980-05-21
crmid:5167322776,durovic1877@gmail.com,Kip,Fischer,,380-120-2285,Sahuarita,United States,42301,Maryland,1160 Belcher,1989-08-07
crmid:7373257759,doily1862@live.com,Francis,Suarez,,896-573-8354,Horn Lake,United States,13282,Idaho,1367 Gladys,1973-03-18
crmid:2954275907,staminigerous1837@yahoo.com,Kurt,Dyer,male,580-919-3492,Riverside,United States,03305,Alaska,604 Aztec,1931-06-09
crmid:7514322540,boards2047@outlook.com,Tomas,Barr,male,731-629-4923,Camas,United States,60047,Minnesota,1262 Conwell,1943-11-18
crmid:7561113412,whimbrels1807@yandex.com,Mitchell,Tyson,male,434-526-2186,Cary,United States,87880,Nevada,802 Moss,1945-10-24
crmid:6498852019,dugong1878@yahoo.com,Norman,Summers,female,362-541-0549,Evergreen Park,United States,33813,Utah,547 Aquavista,1960-07-28
crmid:9477390768,mowrah1884@yahoo.com,Marcel,Donovan,,164-933-7832,North Port,United States,74433,Hawaii,234 Morgan,1999-05-15
crmid:3298708609,astral1924@yahoo.com,Donya,Erickson,female,841-411-9282,San Antonio,United States,11228,New Hampshire,328 Valdez,1949-12-05
crmid:2141859170,modestly1976@yandex.com,Lady,Williamson,female,219-443-2517,Chicago,United States,88948,Vermont,497 Mercury,1947-10-26
crmid:4842932444,commanding1991@live.com,Ryan,Chan,male,678-291-0310,Carbondale,United States,53354,South Dakota,514 Mississippi,1944-09-06
crmid:4577265894,contg1990@live.com,Burt,Ferrell,,552-555-3638,South Elgin,United States,74791,Virginia,568 Burnett,1983-05-24
crmid:2880977719,bronny1944@gmail.com,Gregorio,Mcneil,male,615-638-3649,Binghamton,United States,20826,Delaware,1220 Diamond Heights,1939-04-20
crmid:6944748597,unmelted1944@live.com,Ramon,Hahn,,670-959-6533,Fishers,United States,48342,Utah,1219 Ash,1962-08-06
crmid:6403343234,repercussively1873@outlook.com,Alberto,Merritt,male,972-347-8089,Yakima,United States,81051,North Carolina,544 Doric,1943-12-01
crmid:7596952753,excoriation1950@yandex.com,Oliver,Osborn,,902-591-1828,Milwaukee,United States,66062,Maine,549 Ingalls,1991-11-10
crmid:6063369490,pectinogen2067@yahoo.com,Brittni,Hubbard,female,216-706-8414,Chapel Hill,United States,88648,Tennessee,1106 Hussey,1946-12-26
crmid:9302177386,astronautic1994@yahoo.com,Ellis,Walter,male,079-972-1040,Burbank,United States,61723,Maine,708 Avenue M,1942-10-20
crmid:6589737327,boilerman1907@yahoo.com,Celesta,Stephens,female,601-356-3381,Downey,United States,07722,Tennessee,1391 Amatury,1955-02-28
crmid:4711950237,shove1876@gmail.com,Trent,Fields,male,758-239-1839,Calumet City,United States,72791,Virginia,1080 Newton,1943-12-18
crmid:5502983866,clamorous1818@gmail.com,Shemika,Maldonado,female,550-860-9874,Emporia,United States,48571,Nevada,38 Broadmoor,1959-08-18
crmid:4120140709,scabs1833@yahoo.com,Reinaldo,Conner,,558-229-4372,Little Elm,United States,44612,Rhode Island,884 Villa,1983-08-20
crmid:6899497033,twattles1878@yandex.com,Randee,Molina,female,122-627-8678,Chesapeake,United States,41862,Arkansas,1175 Lake Merced,1946-07-20
crmid:8975702225,curley2058@gmail.com,Kayce,Moses,female,661-326-7814,Texarkana,United States,65959,Kentucky,124 Anza,1948-10-19
crmid:1410612708,blame1863@yandex.com,Winford,Young,,218-223-5363,Yorba Linda,United States,44198,Utah,127 Gloria,1990-09-16
crmid:8750059628,cypress1818@live.com,Marshall,Santana,female,377-000-7008,San Leandro,United States,17780,Wyoming,701 Mandalay,1947-09-23
crmid:5826280547,intraoral1966@gmail.com,Kareem,Ryan,,234-610-8374,Knoxville,United States,12673,Maine,336 Holland,1978-03-31
crmid:7114025211,evangelian1955@yandex.com,Tiffaney,Lyons,female,141-898-7186,Cookeville,United States,52731,Nevada,247 Temescal,1950-09-18
crmid:5110541252,coelacanthoid1948@outlook.com,Weston,Evans,,169-490-9345,Westbrook,United States,20562,Hawaii,862 Market,1966-08-01
crmid:5246950973,suprachorioidal1916@yandex.com,Pamelia,Castaneda,female,815-867-9414,St. Charles,United States,14281,Kansas,1206 Dr Tom Waddell,1948-11-13
crmid:5847867169,ambush1963@yandex.com,Tony,Hopkins,,947-821-4943,Moorpark,United States,28436,Illinois,766 Richardson,1993-05-19
crmid:5691561328,claudius1904@gmail.com,Ike,Hart,male,655-398-0582,Roanoke Rapids,United States,13926,Oklahoma,1225 Barnard,1944-05-13
crmid:6926553421,intercom1968@yandex.com,Herbert,Rhodes,,293-297-8375,Linden,United States,43757,Maine,817 Osceola,1983-08-17
crmid:1139406964,cottontail1836@outlook.com,Zachery,England,male,887-110-8171,Richmond,United States,65508,North Dakota,132 De Boom,1940-10-09
crmid:4375953550,culet1973@yandex.com,Gordon,Burke,,034-740-9630,Friendswood,United States,95216,Michigan,147 Battery,1964-07-18
crmid:7897777595,cherly1842@live.com,Cleo,Coleman,,987-178-6147,La Ca�ada Flintridge,United States,24193,Minnesota,259 Kirkham,1978-05-19
crmid:6767664744,echard1872@live.com,Bertram,Mcknight,male,290-624-3942,Simi Valley,United States,05312,Wisconsin,1256 Cayuga,1935-01-19
crmid:1739948587,begladding1842@yandex.com,Jamaal,Duran,,849-677-2323,Homer Glen,United States,71022,Colorado,980 Highland,1972-11-05
crmid:9667434038,proclaimed1883@yandex.com,Buddy,Woodward,male,757-495-6049,Seal Beach,United States,95099,Kansas,333 South Park,1941-02-27
crmid:1710182833,zoobenthoic1836@gmail.com,Edgar,Estrada,,547-180-5043,Southfield,United States,25105,South Carolina,150 Waterloo,1964-05-17
crmid:9079097426,blame1846@gmail.com,Margene,Savage,female,990-538-9040,Tooele,United States,19388,Delaware,66 Nancy Pelosi,1951-06-26
crmid:2616608188,speechlessly2058@live.com,Alec,Day,,232-845-6032,Kokomo,United States,13045,Kentucky,1139 Marina Green,1978-04-22
crmid:9060657476,herbivore1987@live.com,Marion,Luna,,178-061-8566,Leominster,United States,55213,Montana,1208 Naglee,1982-10-29
crmid:5020611212,baghdadi2005@gmail.com,Shaunte,O'donnell,female,045-085-7723,North Olmsted,United States,18634,Arizona,1164 Pinar,1999-03-20
crmid:6671562984,ribbons2054@yahoo.com,Von,White,,567-564-0232,Longview,United States,29528,Delaware,1398 Eagle,1984-04-17
crmid:7818238506,beswick1931@yahoo.com,Nancee,Johns,female,615-033-2978,Texarkana,United States,29482,Texas,222 Marne,1961-12-13
crmid:9771332645,wingy2043@live.com,Irvin,Knowles,,158-601-3301,Newnan,United States,90472,New Mexico,1358 Seymour,1997-08-02
crmid:1388377448,braunschweiger1907@gmail.com,Jules,Wallace,male,447-542-3349,Novato,United States,07897,Indiana,845 West Point,1936-06-30
crmid:2022362367,immigrating1961@gmail.com,Jeremiah,Holmes,,008-034-9699,West Chester,United States,49524,Arkansas,646 Wagner,1982-08-20
crmid:8566894123,sportsmen2033@yahoo.com,Marc,Leblanc,,274-421-3170,Findlay,United States,54053,Minnesota,935 Bright,1962-10-18
crmid:2030003014,videotape1826@yahoo.com,Lucio,Hinton,male,037-589-1876,Bergenfield,United States,33680,Mississippi,1100 Brant,1938-06-14
crmid:3818676165,satirically1921@gmail.com,Christene,Duffy,female,953-685-7595,Tyler,United States,29861,Washington,420 Todd,1961-02-08
crmid:6146644966,pronounal1812@live.com,Franklyn,Landry,male,852-453-1229,Baltimore,United States,24608,Oklahoma,873 Harkness,1935-04-17
crmid:5986704050,pseudovum2053@yahoo.com,Merrilee,Emerson,female,106-686-1573,Elizabethtown,United States,92891,Arkansas,1280 Valdez,1959-06-09
crmid:4401682691,chetan2051@gmail.com,Gidget,Mclaughlin,female,002-227-3614,East St. Louis,United States,10400,Louisiana,579 Wagner,1957-03-19
crmid:2665185598,badju1938@live.com,Rosario,Maddox,,884-904-6167,Pittsfield,United States,41454,Louisiana,616 Ramsel,1985-02-03
crmid:4204034137,supershow1893@yahoo.com,Peter,Bray,female,945-553-8347,El Dorado,United States,80806,Idaho,845 Liebig,1958-07-04
crmid:3513522193,malices1925@live.com,Tracee,Mayer,female,789-297-2413,Pleasant Prairie,United States,25013,Maine,31 Golf Course,1959-09-18
crmid:3005672075,idiots1900@live.com,Jamal,Walls,,217-784-0329,Kettering,United States,48757,Tennessee,738 Rio,1977-07-23
crmid:6535216370,pleasurably2007@yahoo.com,Guillermo,Tanner,male,342-211-0637,Carpentersville,United States,23665,Virginia,593 Girard,1944-04-28
crmid:8270114046,sensoparalysis1923@yandex.com,Toby,Smith,,433-595-4955,West Lafayette,United States,63678,Hawaii,1082 Hemlock,1974-06-21
crmid:7184896974,inspired2012@outlook.com,Rufus,Hayes,,116-633-8315,Lexington,United States,09737,Wisconsin,877 Pope,1982-01-08
crmid:3034749894,readiness1944@yandex.com,Dorie,Maddox,female,827-920-6920,Elizabeth,United States,16217,Delaware,572 Gladys,1958-03-18
crmid:8643771128,human1841@yandex.com,Dee,Caldwell,,033-708-3368,Santa Ana,United States,20647,Florida,1110 Emerson,1965-02-23
crmid:5168037764,salamander1938@yahoo.com,Angelic,Dillard,female,607-554-8414,Norco,United States,12326,California,1121 Hyde,1998-03-01
crmid:7894989716,dona1883@yandex.com,Jason,Bowers,,870-416-6945,New Britain,United States,52073,Colorado,441 Elm,1996-09-20
crmid:3774505988,concentrate1950@yahoo.com,Norris,Mccoy,male,710-503-2387,Alamo,United States,42233,Idaho,1175 Aladdin,1930-07-19
crmid:1102618807,speculate1984@gmail.com,Fausto,Atkinson,,689-400-9989,Holland,United States,61327,Florida,362 Morningside,1972-11-24
crmid:2508019680,brutter1974@yahoo.com,Reynaldo,Reid,,233-115-2691,Kingman,United States,75243,Oklahoma,464 Megan,1977-12-26
crmid:7858187624,boden1966@gmail.com,Kasey,Griffin,male,640-109-0389,Bradenton,United States,63136,New Hampshire,39 Otsego,1941-11-11
crmid:5468501876,pug1955@outlook.com,Antony,Dorsey,male,625-664-6606,Anderson,United States,05362,North Carolina,1366 Delta,1932-01-08
crmid:4693556789,misnomer1991@outlook.com,Delbert,Noel,,502-014-8778,Hutchinson,United States,69031,Rhode Island,768 San Jacinto,1974-11-21
crmid:4609447906,churinga1998@gmail.com,Velvet,Huber,female,898-372-5348,Walla Walla,United States,89249,Connecticut,690 Opalo,1961-09-15
crmid:8150586070,condiction2012@outlook.com,Logan,Walker,,882-166-0013,Maryland Heights,United States,84699,North Carolina,868 Poplar,1987-09-14
crmid:8514934438,quibblers1917@yandex.com,Murray,Reynolds,,515-745-5008,Palatine,United States,32147,Alabama,1349 Hanover,1976-04-26
crmid:9576874732,diviner1863@yahoo.com,Manuel,Avila,,743-174-2414,Grand Junction,United States,82906,Delaware,1263 Genebern,1967-08-09
crmid:3267734571,scriptures1934@live.com,Loriann,Hensley,female,783-083-8945,Crestview,United States,34862,South Dakota,470 Edgardo,1951-06-13
crmid:9791160241,resectional1832@live.com,Lucas,Ferrell,male,474-285-2970,Arvada,United States,34047,New Hampshire,1112 Geary,1934-06-09
crmid:6123186876,booby1831@outlook.com,Dillon,Vaughan,,862-930-6265,Green,United States,42839,Hawaii,1389 Caselli,1968-08-12
crmid:8456676732,lefty2046@outlook.com,Laverne,Jones,male,547-513-3735,Belmont,United States,35645,Nebraska,558 South,1937-06-16
crmid:8290782818,bethel1972@outlook.com,Etha,Rojas,female,319-522-8588,Colonial Heights,United States,71845,Michigan,712 Jean,1949-03-25
crmid:1193763927,undoubling1908@gmail.com,Jeremiah,Vasquez,,671-638-4485,Tustin,United States,33768,Georgia,218 Gilbert,1980-07-25
crmid:1777817359,semesters2063@gmail.com,Lynwood,Wynn,male,874-989-9165,Carmel,United States,30587,Nebraska,220 Nautilus,1944-07-01
crmid:1724789937,bocoy2033@yandex.com,Errol,Lewis,,223-561-4623,Pawtucket,United States,71805,North Dakota,936 Garcia,1968-02-21
crmid:8338803379,devenustate2012@yahoo.com,Jasper,Acevedo,,768-712-5387,Santee,United States,35912,Maine,1228 North Van Horn,1969-11-17
crmid:3808394237,waddie1821@yahoo.com,Teodoro,Clayton,,795-550-8774,Jonesboro,United States,26195,Indiana,1163 Ver Mehr,1976-04-09
crmid:7819842652,ezekiel1937@live.com,Milford,Dean,male,664-391-7556,New Port Richey,United States,12302,Tennessee,815 Reardon,1996-02-14
crmid:7783841510,wichtisite1961@yahoo.com,Leland,Ferrell,,498-416-9028,Kokomo,United States,04336,Virginia,518 Lurmont,1978-01-15
crmid:2971850933,swabble1915@gmail.com,Moshe,Hutchinson,,815-800-5867,Martinsburg,United States,68934,Connecticut,1199 Fresno,1987-11-11
crmid:1547129644,cathole2047@gmail.com,Toccara,Parrish,female,405-054-2809,Niagara Falls,United States,25660,New Mexico,952 Lester,1997-04-20
crmid:2790539494,alkanethiol1984@yandex.com,Rod,Macdonald,,879-750-5391,Frankfort,United States,06641,Mississippi,1343 Redfield,1963-01-14
crmid:4532631694,cheeking1992@gmail.com,Drew,Freeman,male,074-981-0844,Savannah,United States,01073,Kentucky,268 Charlton,1940-03-10
crmid:6750989980,trachytes1977@outlook.com,Latesha,Hopper,female,388-078-6345,St. Clair Shores,United States,24903,Alaska,69 Hollywood,1960-05-14
crmid:4714470459,vivers2045@outlook.com,Gail,Austin,,742-374-3426,Lufkin,United States,92608,New Mexico,1360 Reed,1985-04-09
crmid:9251887057,northeners1937@live.com,Mitsuko,Stark,female,974-755-8868,Sterling Heights,United States,18562,Colorado,1356 Grafton,1950-07-28
crmid:2184536903,overreached1934@gmail.com,Hong,Sloan,male,925-524-4638,Banning,United States,26029,Kentucky,1077 Bronte,1936-05-27
crmid:3148498712,curlew1978@live.com,Wilber,O'neal,male,880-778-4717,Oswego,United States,70769,Wyoming,596 Miguel,1941-12-19
crmid:1307681377,bourgeois2054@yandex.com,Andrew,Burke,female,564-345-9499,Eastpointe,United States,02958,Nevada,582 Mateo,1957-01-04
crmid:9139694980,blanca1926@gmail.com,Elton,Ford,,713-393-2638,Springville,United States,85482,Idaho,96 Lapidge,1975-09-21
crmid:6321965432,enamels1874@yandex.com,Moses,Wolf,,349-265-7540,Hopkinsville,United States,46441,South Carolina,528 Dewitt,1973-08-25
crmid:6462440463,birdmen1939@live.com,Cornell,Roy,,972-032-0225,Wilmington,United States,89464,Delaware,280 Stonecrest,1988-01-21
crmid:8100158968,agamic2009@outlook.com,Leontine,Durham,female,012-141-3827,Crystal Lake,United States,99376,Rhode Island,300 Pierpoint,1952-10-30
crmid:1983195291,elanor2027@live.com,Jamal,Mercado,male,348-873-8060,Oakland Park,United States,06843,New Hampshire,809 Sandpiper Cove,1940-05-20
crmid:1700231890,deuteron2025@live.com,Eddie,Cherry,,444-232-3685,Menasha,United States,90494,New Hampshire,678 Saint Marys,1989-02-08
crmid:6001311349,planetologic1924@yandex.com,Kenton,Barber,,782-360-6408,Fort Lauderdale,United States,37908,South Dakota,439 Head,1963-06-02
crmid:8365463308,arias2015@yahoo.com,Isaias,Merrill,male,179-513-1207,New Smyrna Beach,United States,06364,Wisconsin,293 John F Shelley,1997-01-09
crmid:9458313887,metalsmith1804@outlook.com,Donnell,Tate,,445-194-3413,Geneva,United States,05986,Oregon,994 Alpha,1965-02-24
crmid:7116214823,bemole1809@yahoo.com,Dexter,King,male,220-829-5266,San Benito,United States,08415,California,1091 Lake,1938-03-16
crmid:6590404325,stirrup1923@yahoo.com,Stacee,Goff,female,351-375-1123,Ottawa,United States,23444,Florida,784 Sutter,1958-08-11
crmid:8270997132,cantaloupes2010@yandex.com,Jimmy,Mccarthy,male,256-981-0424,Rochester Hills,United States,03294,Indiana,1282 Treasure Island,1939-05-19
crmid:3727524861,boards2031@yahoo.com,Donte,Finley,,330-520-9657,Waterbury,United States,57935,Hawaii,571 Keppler,1995-12-16
crmid:3318813360,sheep1944@outlook.com,Thurman,Ferrell,,103-882-4087,Lenoir,United States,62558,California,1226 Key,1982-12-20
crmid:8603087065,annoyed1988@yahoo.com,Alonso,Jacobson,,517-510-3035,Plano,United States,42903,Mississippi,1213 Pretor,1986-10-09
crmid:9716957952,stork1938@outlook.com,Lynsey,Beach,female,037-686-2570,Webster Groves,United States,10080,Mississippi,686 Carrizal,1953-06-02
crmid:4770177688,hippidium2058@yandex.com,Robby,Cherry,male,076-305-3091,Waterbury,United States,08429,Georgia,782 Birch,1935-11-27
crmid:5135477839,dumbs1854@gmail.com,Pasquale,Schroeder,male,535-499-9023,Aurora,United States,94015,Maryland,1221 Roanoke,1935-08-26
crmid:7105745120,proclaimed1802@live.com,Dong,Odom,,869-229-3681,Vernon Hills,United States,37851,New Mexico,9 South Park,1968-12-23
crmid:9547076556,dogtag1915@yandex.com,Floyd,Berry,,522-919-6613,Windsor,United States,97632,Wyoming,137 George,1968-06-08
crmid:6450359416,bleach1975@live.com,Wendie,Preston,female,716-196-9030,West Chester,United States,18594,Michigan,310 Gilbert,1946-12-29
crmid:7292868468,stylobata2027@yandex.com,August,Blake,male,933-374-5574,West Linn,United States,00701,Florida,1064 Nelson Rising,1936-01-03
crmid:4664034357,moorhen1833@gmail.com,Hosea,Fowler,,219-453-7811,Strongsville,United States,32288,California,514 Glen,1970-06-07
crmid:2938235446,brothier2048@yahoo.com,Lanell,Hamilton,female,815-062-7856,Cliffside Park,United States,23070,Montana,1034 Torrens,1948-05-12
crmid:3156875304,macrobiotus2038@gmail.com,Carmina,Mayo,female,094-242-6623,Rancho Cordova,United States,15540,Kentucky,852 Sandpiper Cove,1947-02-19
crmid:6136111869,untightened2004@yandex.com,Dominica,Long,female,908-374-7794,Nixa,United States,26113,New York,760 Century,1997-04-27
crmid:7279969125,devow1835@live.com,Harlan,Griffith,male,894-644-3345,Camden,United States,28605,Virginia,893 Sloan,1943-04-12
crmid:9912648729,pearmonger2033@yahoo.com,Dirk,Juarez,,959-471-0725,St. Paul,United States,31913,Wisconsin,637 Saint Germain,1972-03-05
crmid:5307846732,corbett1815@gmail.com,Dean,Conrad,,157-343-6931,Hudson,United States,33810,Texas,268 Avenue N,1973-07-14
crmid:5131816304,orthocentre2044@yandex.com,Isidro,Pena,male,909-157-8668,Buena Park,United States,66160,Idaho,387 Dartmouth,1942-11-09
crmid:1201526267,crustacean1963@live.com,Eduardo,Goff,,796-549-8112,Fort Smith,United States,93788,Kentucky,694 Encline,1963-11-13
crmid:7302126531,simoom1888@gmail.com,Ben,Macias,male,755-630-6710,Bossier City,United States,85093,Oklahoma,399 Zoe,1940-01-18
crmid:3238465359,weasel2023@live.com,Ashanti,Mathis,female,816-832-3161,New Britain,United States,10448,Idaho,546 Melra,1996-03-31
crmid:9598856058,brewages2065@yandex.com,Mac,Schneider,,234-593-8591,Flagstaff,United States,78858,Kentucky,1064 Virgil,1962-12-18
crmid:5886481567,anatolic1840@live.com,Candra,Dawson,female,857-551-9571,El Reno,United States,72654,Texas,1167 Plum,1958-02-08
crmid:1469259106,blows1829@live.com,Lashon,Tanner,female,265-322-2924,Eastpointe,United States,28886,Arkansas,530 Juniper,1957-05-28
crmid:9229526538,butterfish1865@live.com,Codi,Morgan,female,514-848-4660,Everett,United States,04151,New Hampshire,985 Flora,1960-02-21
crmid:7318694420,bridges1816@yandex.com,Antwan,Acosta,,386-866-1851,Fort Smith,United States,35038,Mississippi,1387 Allen,1963-06-06
crmid:5177160068,gazelle1994@gmail.com,Edmundo,Wolfe,,386-883-4020,Grand Island,United States,43903,Michigan,1009 East,1967-08-16
crmid:6819189545,redias1949@yandex.com,Erasmo,Dennis,,791-278-7806,Ocala,United States,32890,Iowa,501 Haight,1972-09-07
crmid:3608921452,dipietro1958@gmail.com,Emelia,Erickson,female,562-696-4796,Elkhart,United States,68108,Maryland,1199 Raleigh,1959-12-24
crmid:1555682728,amuck1834@yandex.com,Sid,Bush,,820-241-2094,West Palm Beach,United States,39218,Minnesota,151 Ironwood,1978-05-09
crmid:2724917440,sleekier1925@yandex.com,Darron,Reynolds,male,531-267-1466,Spokane Valley,United States,17370,Florida,397 Homer,1942-03-24
crmid:6389180425,earrings2039@gmail.com,Jayson,Sampson,,873-841-5404,McAllen,United States,10702,Utah,221 Santa Ynez,1988-03-17
crmid:7904717228,aitch2068@live.com,Yang,Macias,female,303-719-2624,San Gabriel,United States,91546,Rhode Island,21 Ocean Vista,1955-09-18
crmid:8763328697,cosmorama1811@yahoo.com,Gayle,Powers,,474-555-1900,Horn Lake,United States,42777,Alaska,414 Ramsel,1973-07-01
crmid:7443130265,uncolourable1852@outlook.com,Randal,Wheeler,,229-124-6596,Gilbert,United States,09049,North Dakota,209 Graystone,1966-01-30
crmid:7852329407,dewit1981@outlook.com,Nelia,Hoover,female,567-027-7701,Council Bluffs,United States,35385,Vermont,141 Coso,1951-07-14
crmid:2546720418,chough1895@outlook.com,Wayne,Bowers,,113-410-3276,Mayfield Heights,United States,77820,Texas,220 Fenton,1988-12-08
crmid:5526521814,dorsiventral1905@yandex.com,Edwardo,Joseph,male,782-740-0890,Brawley,United States,71127,Pennsylvania,877 Greenspring,1941-03-16
crmid:5739741085,perfusate1823@live.com,Palmer,Wells,male,114-256-0591,Anniston,United States,44011,New Hampshire,420 Entrada,1933-08-30
crmid:1507006097,gobio1996@live.com,Senaida,Jefferson,female,431-309-9674,Springboro,United States,92485,Missouri,941 Greenwich,1956-08-15
crmid:9395511524,ape2001@yandex.com,Kindra,Richards,female,068-206-2050,Cheyenne,United States,77628,Illinois,1122 Avenue E,1947-12-09
crmid:3467379484,correy2001@live.com,Shawn,Stark,,216-774-1855,Hesperia,United States,89346,North Carolina,1263 Ridge,1971-10-31
crmid:9370406355,weedlike1818@outlook.com,Leslie,Sims,,603-798-3202,Rock Island,United States,96043,Oklahoma,1244 Barcelona,1965-11-30
crmid:1165214771,diagnose2006@live.com,Isreal,Hawkins,male,661-843-4860,Arroyo Grande,United States,93459,South Dakota,280 Milton I Ross,1934-05-13
crmid:8382325931,glarry1845@yahoo.com,Percy,Mosley,,793-679-1910,New Braunfels,United States,64067,Wisconsin,1302 Rosa Parks,1996-10-26
crmid:5079190027,burial1952@live.com,Zack,Pope,,782-778-1565,San Ramon,United States,41845,Nevada,612 Magnolia,1991-10-07
crmid:9126403717,unsanctifying2012@gmail.com,Scott,Buckley,,431-809-5430,West Des Moines,United States,45577,Nebraska,348 Sloat,1982-04-18
crmid:3664015318,paulista1849@outlook.com,Ettie,Patton,female,991-030-8567,East Orange,United States,16180,New Hampshire,443 Dewitt,1957-03-23
crmid:5727424435,bridgeman1875@yahoo.com,Clyde,Woods,,162-594-3615,Marana,United States,55172,Connecticut,467 Ingleside,1986-10-29
crmid:6955349273,drainage2044@yahoo.com,Donovan,Guerra,,240-375-6502,Findlay,United States,42330,New Mexico,1238 Alta,1962-08-11
crmid:6299390193,desecration1869@live.com,Angelena,Crane,female,124-782-6526,Ellensburg,United States,04151,Vermont,288 Saddleback,1959-01-07
crmid:4749467741,keynoted1882@yandex.com,Steven,Powell,,665-528-8269,Mount Vernon,United States,84696,Washington,275 Cuvier,1994-10-14
crmid:7190805913,centuple2005@yandex.com,Arlie,Mendez,,158-322-0531,Lincoln Park,United States,12018,Montana,334 Thomas Mellon,1983-02-20
crmid:6317597679,dolmen1865@outlook.com,Reynaldo,Day,,473-704-8675,South Milwaukee,United States,42684,Virginia,458 Schwerin,1981-05-31
crmid:7151134810,borderless2002@yahoo.com,Elliott,Burgess,male,098-943-6510,Atascadero,United States,89113,Idaho,349 Armory,1934-10-31
crmid:9113190891,outportion1875@gmail.com,Modesto,Zamora,,700-672-7079,Grandview,United States,82415,New York,99 Cherry,1967-04-08
crmid:6293691077,passionometer1968@live.com,Reinaldo,Mccullough,,063-619-0183,Sierra Vista,United States,42852,Michigan,103 Brant,1992-09-07
crmid:1261063916,brach1965@gmail.com,Marylyn,Olson,female,437-005-2674,Elk River,United States,76073,New Mexico,713 Fayette,1959-06-22
crmid:9593685177,quasijudicial1819@yahoo.com,Jerold,Poole,,737-276-8115,Millbrae,United States,48426,Kentucky,78 Woodward,1990-08-22
crmid:2724256647,saarbrucken1911@yahoo.com,Hugo,Skinner,,268-626-6800,Fullerton,United States,06777,Massachusetts,446 Westgate,1964-01-01
crmid:5378537714,struthionine1964@outlook.com,Barton,Cote,,715-202-3253,Victorville,United States,84205,West Virginia,1106 Main,1993-08-18
crmid:6420859751,calcinosis2013@gmail.com,Sang,Pope,,080-252-6677,Hopewell,United States,35507,Arkansas,1171 Chester,1973-06-28
crmid:2971304440,hypoergic1937@yahoo.com,Edmundo,Guerrero,,242-941-8515,Midland,United States,38190,Louisiana,512 Downey,1990-06-01
crmid:4789854574,bickford1975@yandex.com,Morton,Holmes,,098-357-9750,Papillion,United States,40413,California,1129 Oakdale,1991-02-03
crmid:4482590026,schistous1908@yahoo.com,Sheldon,Perkins,,416-025-8968,Frankfort,United States,89456,Mississippi,434 Commonwealth,1963-07-29
crmid:9703586123,ababa2010@outlook.com,Ellsworth,Crane,male,782-658-2993,Atlanta,United States,92544,New Mexico,1108 Glendale,1934-03-07
crmid:5373325785,trillibub1965@live.com,Olene,Contreras,female,288-523-2525,Royal Oak,United States,19432,North Carolina,532 Soule,1954-07-07
crmid:6046874379,tortoise1873@live.com,Gaston,Harper,,800-238-5687,Montebello,United States,63278,Iowa,1189 Detroit,1992-11-03
crmid:3462709344,bombay1982@gmail.com,Pierre,Montgomery,,563-201-4707,Grants Pass,United States,73409,New Jersey,21 Toll Plaza Tunnel,1967-07-11
crmid:3303613657,laureate1839@live.com,Minta,Vance,female,076-598-4736,Whittier,United States,53780,Alabama,1234 Webb,1956-06-29
crmid:1633166430,hydroscopicity2035@gmail.com,Eddy,Howe,,746-629-6358,Nogales,United States,77217,Idaho,1131 San Buenaventura,1998-08-24
crmid:9631433712,unchronological1964@yandex.com,Gaylord,Byers,male,171-776-9149,Tuscaloosa,United States,88299,Massachusetts,233 Granada,1934-04-04
crmid:6402132801,bastioned2021@yahoo.com,Bo,Chavez,male,114-920-7206,Baltimore,United States,67134,Florida,548 East Crystal Cove,1935-11-24
crmid:9341780987,defloration1960@yandex.com,Wayne,Berry,,978-944-2857,Ithaca,United States,91580,New Jersey,399 D,1975-02-07
crmid:7629792995,samlet1813@gmail.com,Mallie,Moran,female,783-711-0903,Deltona,United States,30907,North Carolina,106 Matthew,1954-06-21
crmid:9689776139,illano1812@outlook.com,Adalberto,Watts,,684-677-9412,San Angelo,United States,63596,Pennsylvania,52 Lucky,1979-06-16
crmid:1118516513,reflowers1957@yandex.com,Douglas,Drake,male,750-934-7728,Burnsville,United States,17567,North Carolina,1397 Tucker,1943-03-08
crmid:3666874605,thoracic1962@yahoo.com,Heath,Hewitt,,895-316-3223,Malden,United States,54283,Virginia,439 Lyndhurst,1985-09-01
crmid:5092271618,bloodsports1846@live.com,Josh,Frederick,,184-897-7803,Watertown,United States,49376,Maryland,132 Pomona,1981-09-30
crmid:9289022987,cobble2057@outlook.com,Renato,Hudson,,714-225-6216,La Quinta,United States,87886,North Carolina,957 Berkeley,1979-12-25
crmid:3271869031,allstate1927@live.com,Wiley,Cherry,,204-968-0811,Statesboro,United States,55016,Hawaii,511 Rod,1984-09-29
crmid:6321754894,arsenium1874@yandex.com,Harry,Houston,male,138-444-7504,Brunswick,United States,27005,Missouri,823 Coronado,1942-04-14
crmid:5329317767,sparrow1990@outlook.com,Sunday,O'neil,female,464-648-9826,West Chicago,United States,84599,Texas,122 Nibbi,1960-08-22
crmid:5064513768,surreal2064@yandex.com,Youlanda,Wooten,female,349-013-0608,Coronado,United States,51633,Maine,306 Avenue H,1951-09-06
crmid:4711395164,desiri2062@gmail.com,Joane,Richards,female,645-704-6184,St. Paul,United States,27085,Utah,1007 Jack London,1959-04-24
crmid:8772733735,militaristic1905@live.com,Laurence,Jacobson,,188-546-2332,Vallejo,United States,23546,Montana,735 Davidson,1962-11-12
crmid:9829531085,saltee1855@outlook.com,Albert,May,male,883-004-9598,Bowie,United States,05020,Georgia,654 Merriam,1940-01-18
crmid:4891300585,quackster1913@gmail.com,Mireille,Spears,female,415-910-1464,Schererville,United States,28076,Vermont,656 Cortes,1958-06-27
crmid:5586614471,cautions1800@yandex.com,Colin,Espinoza,,399-327-6828,Kalamazoo,United States,59364,Kentucky,1148 Francisco,1976-10-28
crmid:6700767615,untamely1829@outlook.com,Andrea,Perkins,,798-198-0027,Round Lake,United States,59840,Wyoming,1320 Sumner,1998-07-30
crmid:7295750412,buggyman1841@gmail.com,Asa,Cochran,male,280-517-4915,Albert Lea,United States,00028,Colorado,1128 Casa,1931-01-06
crmid:2351455069,amphibological1942@live.com,Fred,Castaneda,female,204-651-7333,Fairbanks,United States,19421,Indiana,472 Staples,1961-03-05
crmid:2686345235,diaphane1817@yahoo.com,Kendall,Ramsey,,218-942-2919,Jeffersonville,United States,94323,Pennsylvania,704 Balhi,1975-02-14
crmid:3113775174,hamster2004@outlook.com,Jacques,Walters,,910-154-2500,Grayslake,United States,58659,Georgia,933 Parsons,1968-09-10
crmid:3534866543,somali1860@gmail.com,Edwardo,Graves,male,718-633-2351,Bethany,United States,10217,Illinois,1252 Thorne,1938-03-12
crmid:2248876152,devow1907@live.com,Nathanael,Parks,male,478-455-8063,Bullhead City,United States,96936,Indiana,992 Guy,1942-07-22
crmid:3778099722,annelid1909@yandex.com,Winford,Kirk,,458-561-3999,Kenmore,United States,21791,Kansas,325 Gladiolus,1977-04-23
crmid:6025343042,bronny1934@yahoo.com,Merrill,Wolf,,152-950-4382,Johnstown,United States,75383,Kentucky,359 Lobos,1975-12-10
crmid:4016377352,heteroploidy1840@outlook.com,Kristofer,Lucas,male,252-098-8463,Beavercreek,United States,79559,Colorado,551 Gibbon,1937-12-28
crmid:3165461999,eyewink2049@live.com,Exie,Cantrell,female,988-262-3743,Port Angeles,United States,11461,Nevada,1002 Lenox,1953-11-06
crmid:3902464740,waddie2046@outlook.com,Rodrick,Herman,male,443-558-0264,Alhambra,United States,45444,Michigan,1166 Key,1931-08-13
crmid:7737425607,cheques2014@outlook.com,Shanae,Morgan,female,425-067-0732,Corsicana,United States,66473,Montana,492 San Carlos,1951-11-23
crmid:2283558456,cow1866@live.com,Fernande,Hampton,female,123-440-7751,Santa Rosa,United States,13842,Hawaii,12 Meade,1951-03-12
crmid:8750059628,exophasic1886@gmail.com,Michelina,Mcintosh,female,666-324-8200,Nixa,United States,93016,South Dakota,416 Megan,1997-03-12
crmid:1864880468,dialectically2027@live.com,Derek,Velasquez,,482-751-2704,Janesville,United States,26661,New Jersey,910 Holyoke,1975-04-30
crmid:5235589641,dogged2011@yandex.com,Claude,Waller,female,352-911-5806,Coconut Creek,United States,99243,Oklahoma,608 Robinson,1949-02-21
crmid:8043140380,pitahauerat1964@gmail.com,Theron,Lott,male,277-979-8772,Tracy,United States,97075,Arizona,660 Harry,1934-12-18
crmid:2938988551,byroad1848@outlook.com,Allen,Anderson,,348-170-3897,Milledgeville,United States,79870,Wisconsin,1280 Chapman,1991-12-11
crmid:3016517611,ninjas1958@yahoo.com,Cleopatra,Rocha,female,498-998-6722,Parker,United States,80372,Massachusetts,828 Ripley,1950-02-25
crmid:9956785012,wolverine1816@gmail.com,Ellis,Pate,,087-744-1222,Killeen,United States,44680,Connecticut,40 Mcallister,1977-08-17
crmid:4021101064,bullfrog1800@gmail.com,Noble,Hanson,,509-105-5798,Martinez,United States,39631,New Hampshire,241 Sunset,1987-06-20
crmid:7574332897,crosse1858@outlook.com,Roman,Robinson,male,320-150-4798,West Mifflin,United States,87777,Delaware,4 Kamille,1932-12-16
crmid:5387683543,blunter1964@yahoo.com,Buddy,Weaver,male,020-852-4971,Blue Springs,United States,07330,Kentucky,119 Elgin,1939-02-24
crmid:3170088245,unhelved2059@gmail.com,Lorina,Doyle,female,060-082-2478,Pleasant Prairie,United States,63664,Arizona,20 Teddy,1953-06-08
crmid:3633036794,corporations2023@yandex.com,Ronny,Knowles,,536-503-0329,Greenville,United States,43416,Minnesota,792 Thornton,1968-08-22
crmid:4715588035,ruff2045@live.com,Osvaldo,Larsen,male,958-896-2636,Searcy,United States,17545,Connecticut,362 Wagner,1944-11-24
crmid:1407877361,poodle1809@yandex.com,Reyes,Collins,,810-193-4801,Martinsburg,United States,72417,Virginia,1360 Arago,1987-01-07
crmid:1363128259,bares2008@yandex.com,Edwin,Lyons,male,343-464-0383,Skokie,United States,67124,Minnesota,921 Northgate,1942-03-18
crmid:4864165069,appraisal1928@live.com,Rey,Harrington,male,649-732-0711,Camarillo,United States,93626,New Jersey,1055 Dorcas,1943-08-13
crmid:1527120863,goldenest1944@gmail.com,Wesley,Gonzales,,177-622-7882,Monroe,United States,00731,Maine,799 Clyde,1992-02-06
crmid:7092039767,migraine1908@yahoo.com,Joey,Higgins,,312-516-9461,Monroe,United States,34674,Vermont,444 Gilman,1992-05-16
crmid:1853997147,intact1802@outlook.com,Jose,Nunez,,046-336-3157,Tulsa,United States,93496,Texas,523 Storrie,1969-07-31
crmid:4597562187,aisling1837@live.com,Salley,Stafford,female,210-687-8820,Elmhurst,United States,44802,Hawaii,102 Aztec,1959-08-28
crmid:2207184030,plotter1987@yandex.com,Fidela,Salinas,female,975-172-8936,St. Louis Park,United States,15753,Kansas,1135 Pueblo,1953-10-06
crmid:8744844319,collegium1894@yandex.com,Dennise,Slater,female,398-837-5996,Winchester,United States,76187,Idaho,670 Valdez,1952-11-24
crmid:4394732385,codicil1903@gmail.com,Hank,Lindsey,,738-189-9446,Sevierville,United States,54002,Virginia,1323 Baywood,1999-08-20
crmid:1164962720,deuterogenesis2048@yandex.com,Quinton,Byers,male,606-570-2403,Santa Fe,United States,50914,South Carolina,956 Cadell,1934-08-04
crmid:8312468010,botheration1899@yandex.com,Thanh,Shaw,,893-779-4991,Findlay,United States,48891,Illinois,1342 Normandie,1962-08-11
crmid:8184226975,pluguglies1838@yahoo.com,Joseph,Gilliam,male,969-511-9735,Carol Stream,United States,33759,Wisconsin,1316 Jennifer,1944-06-11
crmid:7173224238,career1903@outlook.com,Kanisha,Wade,female,604-639-5971,Rochester,United States,29286,Arizona,901 Kennedy,1957-04-30
crmid:9263546697,beland1906@yandex.com,Anthony,Trevino,,076-125-3635,Sylvania,United States,66278,New Mexico,696 Phoenix,1967-12-18
crmid:9073447977,erlenmeyer2053@yahoo.com,Gilberto,Farmer,male,610-647-9927,Cedar City,United States,92196,Idaho,202 Jack Balestreri,1945-04-09
crmid:8607664845,akita2037@gmail.com,Gerry,Bryant,,149-766-4672,Hopewell,United States,28271,New Jersey,337 San Anselmo,1973-04-03
crmid:6691660268,highheartedly1880@live.com,Joe,Bowman,male,812-944-7122,Round Rock,United States,06345,Hawaii,427 Dartmouth,1940-11-10
crmid:2045425858,kabiki2065@live.com,Bruce,Cohen,,947-705-2576,Mountlake Terrace,United States,45961,Idaho,701 Smith,1994-08-17
crmid:4748939149,haematins2048@yahoo.com,Robbi,Whitfield,female,957-727-0739,Elizabethtown,United States,47915,New York,1094 Beckett,1959-07-31
crmid:7412048392,boredoms2051@yandex.com,Terrance,Salinas,male,403-614-8543,Camarillo,United States,51440,Michigan,2 Fowler,1943-09-26
crmid:5015574821,bolden2028@outlook.com,Freddie,Merritt,male,134-503-2209,Wilkes-Barre,United States,02688,Delaware,630 Chinook,1940-04-20
crmid:1047683307,europeanization1887@outlook.com,Miles,Jordan,,970-226-7666,Savannah,United States,40294,Nebraska,513 English,1989-01-11
crmid:6266344804,saola1852@yandex.com,Lionel,Guerra,male,685-514-3382,Plant City,United States,95035,Connecticut,1371 Rock,1938-06-12
crmid:1967496385,citronella1998@yahoo.com,Duncan,Mcknight,,308-072-9047,Haltom City,United States,46539,Tennessee,25 Lily,1969-08-13
crmid:9251887057,proteose1997@gmail.com,Tory,Floyd,,197-285-5520,Quincy,United States,89699,Maine,1365 Beaver,1964-05-22
crmid:2355228499,dewitte1874@gmail.com,Antony,Jordan,,172-776-4536,Lynn,United States,52758,Alaska,85 Scotia,1985-09-27
crmid:4125234739,fluyt1935@yandex.com,Cherelle,Villarreal,female,591-028-7572,Oro Valley,United States,29872,Pennsylvania,269 Cochrane,1960-02-06
crmid:7828132537,uakari1958@yandex.com,Vance,Dixon,,972-958-9347,Rosenberg,United States,39199,Wisconsin,486 Williar,1980-01-08
crmid:1942584840,freezing1910@yahoo.com,Oren,Rogers,,630-568-8564,Stephenville,United States,63497,Arizona,50 Glover,1977-08-04
crmid:5673387328,demarch2038@yandex.com,Mario,Houston,,799-305-6166,North Plainfield,United States,64483,Kansas,954 Wilson,1999-11-12
crmid:9024594145,termite1859@outlook.com,Claud,Castaneda,,905-831-5252,Shakopee,United States,79611,Pennsylvania,304 Continuum,1964-05-21
crmid:6155104821,badger1816@yahoo.com,Chung,Keith,male,519-719-0614,Birmingham,United States,09405,Georgia,201 Lone Mountain,1939-02-16
crmid:9233401633,bridal1988@yahoo.com,Kacy,Dunn,female,266-709-0922,Dalton,United States,23747,Utah,1 Oak Access,1952-04-09
crmid:4105513153,psychodispositional1994@yahoo.com,Dustin,Moreno,,467-224-6225,Rancho Palos Verdes,United States,41612,Missouri,1023 Louisiana,1993-03-04
crmid:2628989033,boyscout1979@live.com,Terrell,Charles,male,503-088-3144,Amsterdam,United States,58541,Mississippi,80 Oceanview,1932-09-06
crmid:5549428292,enflagellation2040@outlook.com,Vaughn,Mccullough,,841-328-8520,Gresham,United States,21595,New Mexico,330 Phoenix,1968-04-24
crmid:8238320837,acree1896@live.com,Donnie,Rosario,,103-461-1745,Miami,United States,81191,Nebraska,388 Toledo,1990-03-05
crmid:6508350167,predeciding1846@yandex.com,Silas,York,,710-547-3556,Greenbelt,United States,85642,Wisconsin,390 Touchard,1968-10-29
crmid:4035251133,earmark2030@yahoo.com,Freeman,Johnston,,789-141-6230,Madison Heights,United States,05436,Rhode Island,454 Pershing,1985-02-02
crmid:6028851408,atoning2058@yahoo.com,Clemente,Parks,,024-673-2744,Liberty,United States,86586,Massachusetts,150 Swiss,1982-08-22
crmid:6702990196,xylon2011@yandex.com,Dennis,Buckner,,236-183-6021,Honolulu,United States,04912,Nebraska,537 Gibbon,1973-01-02
crmid:2376404208,cappadine2070@yandex.com,Larry,Eaton,,514-133-9535,Overland Park,United States,78119,Minnesota,390 Illinois,1962-10-04
crmid:2176011688,criminol1907@outlook.com,Booker,Robles,male,191-108-5908,Balch Springs,United States,05747,Illinois,388 Dawnview,1935-01-25
crmid:8387177189,bee1954@yandex.com,Guy,Bartlett,,924-056-0674,Hoboken,United States,34822,Kentucky,943 Letterman,1972-05-28
crmid:9761449333,levied2011@yahoo.com,Zana,Sawyer,female,352-474-7036,Cleburne,United States,53243,North Carolina,594 Nottingham,1948-09-26
crmid:6011582226,beachcomber1812@gmail.com,Kena,Bonner,female,760-478-8408,Elk Grove,United States,92978,Alaska,520 Carmel,1959-11-09
crmid:2248221725,rolfers1964@yahoo.com,Curt,Durham,,327-148-1378,Roswell,United States,58520,Kentucky,838 Mandalay,1971-09-18
crmid:2374517222,hagmane2013@outlook.com,Rob,Mcgee,,010-382-3674,Jamestown,United States,38494,Oklahoma,854 Hopkins,1975-07-25
crmid:2847641637,ceruleum1850@outlook.com,Sau,Wall,female,208-606-1086,Wilkinsburg,United States,54783,Connecticut,498 Caine,1947-08-30
crmid:3179664049,ocelot1907@yandex.com,Man,Johnson,male,273-926-8454,Tualatin,United States,06645,Louisiana,693 Ivy,1941-12-21
crmid:3263011289,conscience2011@yandex.com,Jessie,Floyd,male,966-107-9594,Aurora,United States,31728,Missouri,849 Donner,1935-05-10
crmid:1392578027,castling1833@yandex.com,Gustavo,Dalton,male,175-789-4455,Bonita Springs,United States,99624,California,381 Paris,1940-11-08
crmid:2419732070,another1972@gmail.com,Kenton,Fields,male,382-682-2531,Vacaville,United States,50628,Connecticut,690 Scotia,1936-10-11
crmid:3838080853,effaced2013@gmail.com,Ronnie,Bowers,,026-484-0292,North Miami,United States,31747,Colorado,197 Portal,1998-06-22
crmid:7225364552,ander1912@outlook.com,Filiberto,Porter,,176-723-2305,West New York,United States,46728,Iowa,352 Long Bridge,1989-01-22
crmid:8107395597,hellion1809@yahoo.com,Duane,Pope,male,208-059-5017,Carlsbad,United States,81379,Maine,189 Sharp,1944-12-06
crmid:7900348717,adriene1938@yandex.com,Cristopher,Atkins,,215-105-0276,Point Pleasant,United States,67755,North Dakota,58 West Portal,1980-12-17
crmid:5945450991,dhava1884@live.com,Denny,Patton,,117-120-6685,Stockton,United States,21769,Hawaii,256 Mcrae,1966-04-04
crmid:5816925140,acromegalies1966@gmail.com,Andreas,Bridges,male,865-021-6554,Mountlake Terrace,United States,76075,Missouri,1107 Mckinnon,1994-12-03
crmid:8735992685,dorsal1976@gmail.com,Joline,Hensley,female,094-620-3160,Crown Point,United States,28280,Nevada,56 Hyde,1952-04-13
crmid:4591615580,dissembles1829@outlook.com,Blair,Ingram,,348-434-1774,Fort Lee,United States,99672,New Jersey,120 Weatherly,1963-11-22
crmid:5525316523,alegre1979@yandex.com,Bettyann,Hines,female,766-825-9885,Elkhart,United States,02787,Minnesota,759 Commer,1959-01-14
crmid:1352897213,bookworm2021@gmail.com,Andy,Bonner,male,492-457-6023,Pleasanton,United States,50908,New Mexico,585 Harvard,1998-01-01
crmid:2536798570,bobwhite1813@yandex.com,Gaston,Mcdowell,,195-579-8142,Lynnwood,United States,26546,Rhode Island,1388 Attridge,1985-05-10
crmid:2011695423,edsel1914@gmail.com,Kaci,Hicks,female,332-377-2703,Pasco,United States,78448,Colorado,1025 Madrone,1959-04-14
crmid:2228775269,undelusively1909@yahoo.com,Lezlie,Rush,female,233-556-0256,Coon Rapids,United States,97812,Kansas,771 Fisher,1950-05-26
crmid:5314563611,budgerigar1860@outlook.com,Len,Wright,,552-845-9482,North Richland Hills,United States,46952,Minnesota,1342 Tulane,1999-08-21
crmid:4075103424,avgas1881@yandex.com,Shane,Vazquez,male,150-904-6956,Alexandria,United States,69616,Hawaii,237 Cecilia,1931-10-17
crmid:2049765766,embrica1895@gmail.com,Peter,Stokes,male,087-351-7844,Attleboro,United States,46054,Connecticut,745 Short,1934-08-28
crmid:5895536609,hilum1929@outlook.com,Joseph,Johnson,male,065-343-3754,Suffolk,United States,04559,Arizona,1089 Northern,1931-06-15
crmid:6870105472,amit1807@gmail.com,Truman,Mcintyre,,357-722-5312,Southlake,United States,92065,Nebraska,56 Ankeny,1967-02-02
crmid:6399516213,unprematureness1869@live.com,Emile,Griffin,,008-568-4143,Killeen,United States,50163,Washington,1134 Darien,1977-10-23
crmid:5361444250,elizabethan1853@yandex.com,Clarine,Hood,female,761-203-3503,Nacogdoches,United States,16438,Arizona,1347 Redwood,1995-03-30
crmid:1052101853,vodkas1861@yahoo.com,Rubin,Berger,,837-072-1094,Pullman,United States,21690,New York,1373 Corbett,1967-12-06
crmid:1596374921,uniembryonate2065@gmail.com,Krishna,Mcintyre,female,301-497-2489,Wheaton,United States,25805,Montana,53 Shore View,1956-05-19
crmid:6796797532,ozonic1926@live.com,Carlo,Tyson,,429-384-4608,Hialeah,United States,88362,New Hampshire,508 Ironwood,1971-06-28
crmid:2402134929,nonmanila2006@gmail.com,Lemuel,Howard,male,826-795-2029,Beckley,United States,73785,Montana,464 Jean,1937-06-15
crmid:4431187896,thrillingness2037@yandex.com,Columbus,Chapman,,962-658-4477,Poway,United States,33011,Nevada,1126 Sansome,1969-09-13
crmid:2922993966,alegre1807@yahoo.com,Kasey,Collier,,490-970-2819,Leavenworth,United States,12327,Maryland,1365 Santiago,1981-03-22
crmid:3121038281,bluefin1865@gmail.com,Jerome,Dillard,,621-195-0730,Lynbrook,United States,41201,South Carolina,267 Hampshire,1985-07-22
crmid:3498428780,avouch1814@live.com,Britt,Burke,female,833-332-8957,Seguin,United States,20610,Connecticut,774 Montana,1957-12-02
crmid:4631198992,colorate1982@yahoo.com,Raymundo,Hines,male,760-176-0019,Murrysville,United States,87942,Minnesota,195 Cottonwood,1994-12-01
crmid:4717768906,bender2065@yandex.com,Tim,Ruiz,,201-810-9029,Russellville,United States,85375,Ohio,1380 Division,1999-07-13
crmid:4508962297,nondeafened1857@gmail.com,Cecil,Walker,male,602-575-1640,Reno,United States,70079,Vermont,468 Colon,1937-02-03
crmid:4614221777,moralistic1905@yahoo.com,Indira,Quinn,female,472-373-9242,Watsonville,United States,17292,Indiana,863 Sola,1954-04-24
crmid:5006086857,sparrow1901@live.com,Chau,Whitley,female,246-142-4258,Cypress,United States,89174,Missouri,348 Elmhurst,1952-02-13
crmid:2799505715,alcalde1823@yahoo.com,Felix,Wall,,802-826-8169,Sapulpa,United States,27752,Louisiana,664 Belcher,1965-05-24
crmid:7347689097,aurore1878@live.com,Max,Finch,,729-201-5662,Oswego,United States,32345,Rhode Island,606 Hillway,1972-02-10
crmid:1278310451,inspired2026@live.com,Claudio,Gallegos,male,045-634-6801,Casselberry,United States,07758,Minnesota,942 Augusta,1945-02-11
crmid:3511807053,triplopia2028@live.com,Vito,Solomon,,634-552-6457,Merced,United States,60658,Oklahoma,1036 Roosevelt,1989-11-12
crmid:9181195288,neogamous2028@outlook.com,Ron,Owens,,867-217-5466,Laguna Niguel,United States,91962,South Carolina,1230 Infantry,1979-08-05
crmid:7709520953,amnesia1833@gmail.com,Margarito,Acosta,,343-353-7470,Homewood,United States,11300,Michigan,711 Sala,1973-02-26
crmid:4006635962,duress1969@yahoo.com,Von,Miranda,male,546-773-4471,Southgate,United States,96643,Arkansas,1318 Saint Francis,1943-11-19
crmid:4699128074,clarichord1918@yandex.com,Hayden,Gallegos,,235-184-4929,Leawood,United States,65333,Indiana,475 Lindsay,1981-11-21
crmid:6732817497,pelecypoda1849@outlook.com,Harrison,Newman,,009-029-8484,McKeesport,United States,57095,Kansas,199 Toyon,1988-09-29
crmid:9920053123,stelic1821@yandex.com,Tynisha,Osborn,female,421-705-0984,Faribault,United States,66365,Wisconsin,1305 Cortland,1961-11-17
crmid:6306397574,misdeals2047@live.com,Lindsey,Hays,,654-138-5043,St. Joseph,United States,36043,Texas,1315 Ottawa,1972-11-22
crmid:8526776867,decision1961@live.com,Logan,Alford,,283-748-5785,Sayreville,United States,42234,Massachusetts,589 Naples,1981-04-26
crmid:5396917413,anilinophilous1805@yandex.com,Adan,Jacobson,,829-762-3233,Houston,United States,10081,Alabama,1331 Harding,1973-03-28
crmid:1111287957,ergotic1841@yahoo.com,Boris,Clay,,620-985-8279,North Royalton,United States,84103,Colorado,1254 Seacliff,1999-10-15
crmid:2469638263,posadaship1806@yahoo.com,Particia,Sosa,female,896-918-5960,Columbia,United States,58712,Indiana,969 Corona,1949-10-13
crmid:4046453576,adventure1819@yahoo.com,Rudy,Kelly,,232-571-3930,Vancouver,United States,24485,Arizona,1046 Gilman,1964-07-15
crmid:1980692920,expresso1866@live.com,Courtney,Day,,569-303-4240,Greenacres,United States,88906,Delaware,952 Greenough,1968-04-29
crmid:2536162989,biker1876@gmail.com,Oswaldo,Bauer,,682-503-0855,Fort Walton Beach,United States,61641,Georgia,590 Habitat,1963-10-11
crmid:7663971156,amontillado1862@yahoo.com,Monnie,Salazar,female,674-377-3359,Crest Hill,United States,63316,North Dakota,728 Rossmoor,1951-10-30
crmid:2151484832,exceedingly1934@yandex.com,Erik,Pearson,,358-079-8789,Salt Lake City,United States,62764,Arkansas,395 Onondaga,1990-05-08
crmid:1166728033,lieve1930@live.com,Takako,Mooney,female,692-685-0054,Euless,United States,96154,Alabama,939 Joice,1960-08-20
crmid:5521737094,aggest2002@yandex.com,Buck,Murphy,,728-312-9159,Torrington,United States,39523,West Virginia,1313 Bryant,1971-09-17
crmid:7103492801,dhava1822@outlook.com,Tyron,Barton,,380-423-0476,Safety Harbor,United States,95456,Arizona,91 Peabody,1977-10-30
crmid:1950550055,overgratefulness1860@yandex.com,Jon,Walker,male,844-754-5025,Arvada,United States,99818,New Mexico,928 Salmon,1934-05-30
crmid:8115550747,nonmanila1822@live.com,Pok,Beasley,female,236-687-6208,Citrus Heights,United States,50292,Missouri,1321 Sala,1947-10-14
crmid:9117550767,agnail1969@yandex.com,Joel,Frank,,924-610-2187,Lakeville,United States,62930,Michigan,1224 San Marcos,1980-10-07
crmid:4025700643,palmae1857@live.com,Heriberto,Solis,male,164-313-1029,Boise City,United States,88655,Arizona,464 Santa Monica,1940-05-27
crmid:9122624501,subarcuation1836@live.com,Wilbert,Robertson,,115-252-1030,Marina,United States,07731,Arizona,633 Conrad,1987-02-05
crmid:4669697048,daphna1993@yandex.com,Allen,Dominguez,male,823-083-4042,Pittsburg,United States,50248,Missouri,836 Huron,1930-01-08
crmid:4704649758,seapoose2015@live.com,Dick,Olson,,652-006-9814,Lackawanna,United States,98171,Nevada,862 Goldberg,1979-12-29
crmid:4546886807,robin2059@outlook.com,Myron,Delacruz,,175-889-5934,Grand Junction,United States,55348,Nebraska,1266 Haight,1967-10-30
crmid:6056183322,assorted1805@yandex.com,Rey,Kelly,,651-825-9982,Rochester,United States,72944,Hawaii,22 Gambier,1967-08-30
crmid:7924245207,close1969@yahoo.com,Stanton,Ratliff,male,602-627-6907,Oklahoma City,United States,07293,South Carolina,110 Caledonia,1940-09-24
crmid:6468243338,taxidermist2028@yandex.com,Mitchel,Goodwin,,856-979-3990,New Iberia,United States,46915,Nebraska,281 Merritt,1996-07-18
crmid:8781250686,irresponsible1907@outlook.com,Antione,Finch,,889-526-9859,Hillsboro,United States,97405,Texas,880 Germania,1972-02-25
crmid:2348649075,outdodges2022@outlook.com,Mitch,Villarreal,,793-610-3043,Palm Coast,United States,21598,North Carolina,1272 Jennifer,1962-09-05
crmid:6437142070,abashed1817@live.com,Alfonzo,Riddle,,986-555-5465,New Albany,United States,44904,Arizona,313 Ripley,1995-07-19
crmid:5165353644,silentest2035@yandex.com,Alvaro,Holcomb,male,630-392-1077,Porterville,United States,04914,Vermont,718 High,1942-01-14
crmid:8112225100,referencing2010@outlook.com,Jewell,Rocha,male,732-672-2438,Auburn Hills,United States,77274,South Dakota,563 Madrid,1934-05-25
crmid:9586324701,doubledecker1923@gmail.com,Garth,Gentry,,767-014-1536,Hopewell,United States,60280,Utah,1271 Loomis,1973-10-14
crmid:4489175130,palookas1968@live.com,Marylynn,Hardy,female,368-570-5780,Skokie,United States,89343,New Hampshire,530 Mahan,1946-06-13
crmid:6124264189,durrie2020@live.com,Thanh,Mcgee,,212-261-3308,Lake Zurich,United States,09544,North Dakota,852 Germania,1980-01-15
crmid:1701313715,elding1830@yandex.com,Yong,Robinson,male,771-176-1948,Norwalk,United States,69973,Virginia,124 Wedemeyer,1999-10-02
crmid:8215389459,bystreet1999@live.com,Alfredo,Bernard,,399-902-5222,Port Arthur,United States,27120,New Mexico,797 Decatur,1967-10-25
crmid:4104860113,vanished2032@yandex.com,Bethann,Morse,female,994-355-3156,East Point,United States,76789,Vermont,9 Plaza,1957-12-02
crmid:3159785818,saddlers1887@live.com,Pasquale,Page,,452-425-8234,West Bend,United States,31494,Hawaii,935 York,1976-07-06
crmid:1248193926,craniospinal2064@yahoo.com,Kandis,Christensen,female,435-931-9480,Prior Lake,United States,72376,Minnesota,1375 Valerton,1957-04-06
crmid:1414994537,freemen1838@live.com,Horacio,Tillman,,869-279-5698,Hopewell,United States,51285,North Dakota,1397 Alpha,1973-10-06
crmid:2395128024,unthumped1820@yahoo.com,Sindy,Collier,female,319-812-0394,Trenton,United States,84270,Minnesota,1269 Donner,1951-08-06
crmid:2936747982,beccafico2032@gmail.com,Horace,Kirby,male,457-391-6812,Alpharetta,United States,20344,Pennsylvania,661 Merrill,1931-05-16
crmid:7752320704,craniospinal1927@yandex.com,Verline,Scott,female,108-331-8144,Newport News,United States,95718,Nevada,409 Holly Park,1997-10-18
crmid:2170582939,arylate1983@yahoo.com,Garfield,Vaughan,,140-290-1119,Kiryas Joel,United States,57457,Iowa,810 Morning Glory,1978-09-17
crmid:7574332897,castell2002@live.com,Von,Alexander,,568-940-4538,Marquette,United States,63706,Montana,1221 Vista Verde,1987-11-13
crmid:2951323614,clink1818@yandex.com,Carey,Holcomb,,743-451-1504,Long Beach,United States,11843,Arizona,838 Valencia,1984-03-31
crmid:9546841670,borneo2000@outlook.com,Sona,Crane,female,193-647-0278,Pullman,United States,54583,Illinois,742 Sibley,1958-08-07
crmid:6534225852,cosmorama1801@yandex.com,Troy,Mcdaniel,,843-382-4088,Southaven,United States,89615,Hawaii,800 Adair,1974-03-20
crmid:6385850640,attice2005@outlook.com,Eddy,Sellers,male,714-605-9024,Blaine,United States,15847,Hawaii,876 Lapu-Lapu,1939-03-26
crmid:4367960003,bat1986@outlook.com,Melda,Walton,female,567-365-5219,Pasco,United States,19849,West Virginia,706 Pacific,1946-06-30
crmid:6709397131,cebus1837@live.com,Ty,Giles,male,371-367-3220,Alton,United States,54042,Georgia,1066 Ellis,1931-09-11
crmid:1110976354,repours1846@live.com,Edmond,Michael,,996-180-5021,Santa Maria,United States,22178,Arkansas,70 Woodward,1965-03-09
crmid:1739092231,stonelayer1955@yahoo.com,Larhonda,O'neil,female,508-224-7725,El Cerrito,United States,96235,California,459 Marin,1958-05-22
crmid:6423418794,alpaca1907@gmail.com,Jonas,Mays,,153-678-7914,North Tonawanda,United States,89554,Louisiana,1155 Lower,1999-07-29
crmid:1025890536,stylobata1804@yahoo.com,Fletcher,Pollard,,026-652-6475,Fort Collins,United States,97672,Alabama,15 Marina Green,1963-03-26
crmid:6278302478,davidh1985@yandex.com,Emmett,Sweeney,,429-987-1041,South Lake Tahoe,United States,31116,Utah,743 Virgil,1972-03-29
crmid:3342380246,inconsultable2069@gmail.com,Spring,Le,female,848-783-0642,El Mirage,United States,40808,Delaware,515 Bernice,1958-08-17
