email,first_name,last_name
raincoat1964@yahoo.com,Lynn,Dillon
balboa2036@yandex.com,Dominic,Conley
creche1904@yandex.com,Adan,Webb
conceder1918@live.com,Wilson,Joyce
arylate1937@gmail.com,Elisha,Pate
retractor1803@live.com,Rod,Logan
arnis1871@gmail.com,Jewel,Noble
quantifiers1998@yahoo.com,Taina,King
controversal1967@gmail.com,Simon,Gonzalez
bromes2068@outlook.com,Waldo,Mccray
sponge1996@yandex.com,Bernie,Johns
unsquirming2020@outlook.com,Burl,Page
dyslogistic1989@outlook.com,Jon,Burch
corners1813@yahoo.com,Gia,Franklin
schoolbookish1955@outlook.com,Gwyneth,Colon
bauch2068@yandex.com,Dave,Wells
claimer1821@yandex.com,Sol,Ross
applejack1808@yandex.com,Abraham,Hayden
cantoral1814@gmail.com,Kendrick,Ryan
cushily1906@outlook.com,Nathan,Strong
consciences2007@gmail.com,Shenita,Pierce
mole2025@yandex.com,Jeremy,Whitaker
flighted2045@live.com,Lynn,Compton
cryptic1914@yandex.com,August,Black
quinidin2014@live.com,Phil,Brown
