crmid,city,country,zip,state,street address
crmid:3342380246,Watauga,United States,88363,Missouri,673 Havens
crmid:3342380246,Hazleton,United States,52709,Illinois,578 Ewing
crmid:3342380246,Roanoke,United States,70095,Texas,358 Ellert
crmid:3342380246,Willmar,United States,64644,Iowa,231 Dogwood
crmid:3342380246,Hackensack,United States,23108,Colorado,1050 Wilder
crmid:3342380246,Baton Rouge,United States,44031,New York,730 Congdon
crmid:3342380246,Hays,United States,96113,Virginia,476 Bannock
crmid:3342380246,Pittsburg,United States,24383,Colorado,430 Pacific
crmid:3342380246,Springfield,United States,99465,Texas,702 Townsend
crmid:3342380246,Huntington Beach,United States,37551,North Dakota,12 Colonial
crmid:3342380246,Hopewell,United States,50492,Virginia,1144 Oliver
crmid:3342380246,Opelika,United States,48008,North Carolina,599 Red Rock
crmid:3342380246,Bessemer,United States,39966,Maryland,236 Melra
crmid:3342380246,Corpus Christi,United States,91890,New Hampshire,841 Milan
crmid:3342380246,Cumberland,United States,15568,Montana,252 Ardath
crmid:3342380246,Abilene,United States,99851,Mississippi,323 Oscar
crmid:3342380246,Lake Elsinore,United States,08510,Alaska,207 Baden
crmid:3342380246,Little Rock,United States,75399,Idaho,155 Apollo
crmid:3342380246,Parkland,United States,91093,Delaware,60 Forest
crmid:3342380246,Broken Arrow,United States,98626,Virginia,1304 Wentworth
crmid:3342380246,East Providence,United States,47074,Montana,1124 Medau
crmid:3342380246,New Albany,United States,78898,Mississippi,97 Macarthur
crmid:3342380246,Logansport,United States,65699,Mississippi,769 Linares
crmid:3342380246,Antioch,United States,90615,Montana,734 Fisher
crmid:3342380246,Havelock,United States,58271,New Hampshire,21 Pratt
