id,crmid,propensity_premium,propensity_high_speed
678fe124-83cb-11ea-8022-b88a60e194fb,crmid:2866208167,3,10
67922a9a-83cb-11ea-ad55-b88a60e194fb,crmid:6076051527,5,8
67944d88-83cb-11ea-acef-b88a60e194fb,crmid:8664838459,7,3
67962236-83cb-11ea-bf90-b88a60e194fb,crmid:9499865038,9,5
6797f84a-83cb-11ea-8f96-b88a60e194fb,crmid:6633754572,3,8
6799f2c6-83cb-11ea-ab1d-b88a60e194fb,crmid:3755473648,5,6
679bc8ca-83cb-11ea-b16d-b88a60e194fb,crmid:6468159696,7,3
679e115e-83cb-11ea-afc1-b88a60e194fb,crmid:9705104458,8,5
67a08258-83cb-11ea-aa34-b88a60e194fb,crmid:4404533729,8,3
67a27f1c-83cb-11ea-aa9c-b88a60e194fb,crmid:7177205898,8,3
67a405c8-83cb-11ea-ab96-b88a60e194fb,crmid:1594164261,8,4
67a56610-83cb-11ea-a5ac-b88a60e194fb,crmid:8850580680,3,9
67a76186-83cb-11ea-8763-b88a60e194fb,crmid:3527529956,8,5
67a95c0c-83cb-11ea-ad01-b88a60e194fb,crmid:2631015246,8,4
67ab57e6-83cb-11ea-999a-b88a60e194fb,crmid:3522607816,4,6
67ad2c74-83cb-11ea-bb31-b88a60e194fb,crmid:9675491464,3,6
67af2876-83cb-11ea-802b-b88a60e194fb,crmid:8568001628,4,9
67b0fd18-83cb-11ea-bc77-b88a60e194fb,crmid:9558105332,4,8
67b2aaba-83cb-11ea-8b8c-b88a60e194fb,crmid:2370914612,4,9
67b47f76-83cb-11ea-9d14-b88a60e194fb,crmid:2848196208,3,8
67b6a264-83cb-11ea-8a9f-b88a60e194fb,crmid:2897734742,5,7
67b84ffe-83cb-11ea-b832-b88a60e194fb,crmid:3043746276,6,8
67b9fde4-83cb-11ea-8d3d-b88a60e194fb,crmid:4092131406,9,5
67bb844a-83cb-11ea-8377-b88a60e194fb,crmid:3063902975,2,8
67bd8022-83cb-11ea-83b9-b88a60e194fb,crmid:3995085964,9,4
67bf7bec-83cb-11ea-b538-b88a60e194fb,crmid:3482768278,7,3
67c1c5d8-83cb-11ea-8f18-b88a60e194fb,crmid:1987940601,7,5
67c2fe58-83cb-11ea-97ca-b88a60e194fb,crmid:7934195046,5,9
67c40fcc-83cb-11ea-9298-b88a60e194fb,crmid:7028288498,10,4
67c76b34-83cb-11ea-9bea-b88a60e194fb,crmid:7062114256,2,10
67c8cac6-83cb-11ea-a9c0-b88a60e194fb,crmid:9805356768,9,4
67ca04a4-83cb-11ea-8c59-b88a60e194fb,crmid:2426857953,2,9
67cb1612-83cb-11ea-8f81-b88a60e194fb,crmid:7970779792,8,5
67cc9b52-83cb-11ea-8a1d-b88a60e194fb,crmid:6541695424,9,3
67ce2386-83cb-11ea-93ec-b88a60e194fb,crmid:3372494587,4,7
67cf5c10-83cb-11ea-8e8c-b88a60e194fb,crmid:6028437248,5,9
67d09388-83cb-11ea-857d-b88a60e194fb,crmid:3733892078,7,5
67d1ccd2-83cb-11ea-bbee-b88a60e194fb,crmid:3402862111,3,7
67d3537a-83cb-11ea-b99d-b88a60e194fb,crmid:6477424566,8,2
67d4d8a8-83cb-11ea-a5e2-b88a60e194fb,crmid:4576413255,4,8
67d638d2-83cb-11ea-91b9-b88a60e194fb,crmid:2231957015,3,7
67d9e312-83cb-11ea-a5fb-b88a60e194fb,crmid:5526811700,9,5
67db1a34-83cb-11ea-aa56-b88a60e194fb,crmid:3414594140,7,4
67dc79e4-83cb-11ea-bd5a-b88a60e194fb,crmid:1457474105,4,7
67ddb238-83cb-11ea-b3c2-b88a60e194fb,crmid:1091350547,7,3
67deec3a-83cb-11ea-bc23-b88a60e194fb,crmid:1060437135,3,9
67e0717e-83cb-11ea-89f6-b88a60e194fb,crmid:8865974766,4,7
67e1f7ee-83cb-11ea-a176-b88a60e194fb,crmid:3916855145,8,3
67e3306c-83cb-11ea-9502-b88a60e194fb,crmid:8661201659,5,8
67e441de-83cb-11ea-a832-b88a60e194fb,crmid:4313057173,4,8
67e5a16e-83cb-11ea-9592-b88a60e194fb,crmid:9255433700,8,3
67e7280a-83cb-11ea-9207-b88a60e194fb,crmid:2614369269,9,3
67e888e2-83cb-11ea-8b2c-b88a60e194fb,crmid:7316972322,3,7
67e9c01e-83cb-11ea-a2ef-b88a60e194fb,crmid:7971353677,5,8
67eb20f6-83cb-11ea-bfc4-b88a60e194fb,crmid:4935401788,10,4
67ec5986-83cb-11ea-978e-b88a60e194fb,crmid:7107947153,8,4
67edb92e-83cb-11ea-a9a2-b88a60e194fb,crmid:2169569410,3,9
67f9cac0-83cb-11ea-8fc9-b88a60e194fb,crmid:1884801894,5,9
67fadd2e-83cb-11ea-aab9-b88a60e194fb,crmid:9080255736,8,3
68094c8a-83cb-11ea-ab42-b88a60e194fb,crmid:2712086528,7,5
680aaab8-83cb-11ea-afa6-b88a60e194fb,crmid:8707052711,9,5
680c0a30-83cb-11ea-b247-b88a60e194fb,crmid:8817861162,3,8
6819cf40-83cb-11ea-9b2f-b88a60e194fb,crmid:7342951171,3,8
681b55dc-83cb-11ea-9860-b88a60e194fb,crmid:1361318997,7,2
681c8e5a-83cb-11ea-8a9b-b88a60e194fb,crmid:2753479054,4,7
681e1502-83cb-11ea-ba60-b88a60e194fb,crmid:7065738274,8,3
681f9be4-83cb-11ea-b3e4-b88a60e194fb,crmid:3145766987,8,4
6820d568-83cb-11ea-b1b8-b88a60e194fb,crmid:3270664602,7,4
68220de4-83cb-11ea-a89c-b88a60e194fb,crmid:3058337226,7,3
68236db0-83cb-11ea-a63c-b88a60e194fb,crmid:1849190986,7,5
6824a5ee-83cb-11ea-b4bc-b88a60e194fb,crmid:5233292232,3,5
68262b64-83cb-11ea-b1a3-b88a60e194fb,crmid:9177323752,5,9
68278c4c-83cb-11ea-96ae-b88a60e194fb,crmid:6203715742,5,9
6828c370-83cb-11ea-b5fb-b88a60e194fb,crmid:8279755939,5,8
6829fbee-83cb-11ea-9508-b88a60e194fb,crmid:6697688481,4,7
682b5cae-83cb-11ea-abd0-b88a60e194fb,crmid:4650995458,9,4
682ce314-83cb-11ea-ae0b-b88a60e194fb,crmid:2265834137,3,8
682e1bae-83cb-11ea-9fe4-b88a60e194fb,crmid:1257038128,9,4
682f5414-83cb-11ea-bfea-b88a60e194fb,crmid:5514869551,5,7
68306480-83cb-11ea-b068-b88a60e194fb,crmid:3521438247,4,6
6837b8f6-83cb-11ea-8543-b88a60e194fb,crmid:3667325933,5,3
68396540-83cb-11ea-abde-b88a60e194fb,crmid:6598559808,8,4
683ac4ca-83cb-11ea-b3fb-b88a60e194fb,crmid:6489984978,7,4
683c9962-83cb-11ea-8cdb-b88a60e194fb,crmid:4797300727,4,9
683e6e3a-83cb-11ea-8eaa-b88a60e194fb,crmid:7666157071,9,4
684069f0-83cb-11ea-95d0-b88a60e194fb,crmid:3017328713,10,2
684265dc-83cb-11ea-a7b0-b88a60e194fb,crmid:3676735862,8,4
684461ac-83cb-11ea-bee6-b88a60e194fb,crmid:3276183099,8,4
68460f40-83cb-11ea-86aa-b88a60e194fb,crmid:4733776821,7,5
68479786-83cb-11ea-b036-b88a60e194fb,crmid:4121285814,8,4
68496aac-83cb-11ea-b2d8-b88a60e194fb,crmid:5691647755,2,9
684b3fe8-83cb-11ea-a666-b88a60e194fb,crmid:2539012590,7,4
684c9f00-83cb-11ea-8d66-b88a60e194fb,crmid:1822062757,3,9
684e9ab8-83cb-11ea-8e0f-b88a60e194fb,crmid:8131426483,4,8
6850485a-83cb-11ea-bbbc-b88a60e194fb,crmid:2100208921,7,4
6851a7f0-83cb-11ea-b80f-b88a60e194fb,crmid:7532438787,7,4
685308fa-83cb-11ea-bea9-b88a60e194fb,crmid:7221341855,6,5
68546718-83cb-11ea-bb36-b88a60e194fb,crmid:6503285830,5,7
6855c83a-83cb-11ea-adc0-b88a60e194fb,crmid:8570382637,5,7
6856ff30-83cb-11ea-a27c-b88a60e194fb,crmid:8154181393,8,4
68585ff0-83cb-11ea-9880-b88a60e194fb,crmid:9056713737,2,8
6859e68a-83cb-11ea-bff0-b88a60e194fb,crmid:1387719586,8,5
685b45ee-83cb-11ea-af14-b88a60e194fb,crmid:4323422538,8,4
685ccb9c-83cb-11ea-b9dc-b88a60e194fb,crmid:1893145914,5,8
685e5392-83cb-11ea-acf6-b88a60e194fb,crmid:1455502486,4,7
685fb1d2-83cb-11ea-a1f0-b88a60e194fb,crmid:5350104736,8,4
6860c43a-83cb-11ea-a1ae-b88a60e194fb,crmid:5590889005,3,7
6861d488-83cb-11ea-959b-b88a60e194fb,crmid:5132079038,5,8
6863342c-83cb-11ea-8c99-b88a60e194fb,crmid:9966777379,7,4
6864950c-83cb-11ea-bff9-b88a60e194fb,crmid:8431626145,6,8
6865f478-83cb-11ea-bb85-b88a60e194fb,crmid:6584548347,3,9
686779ca-83cb-11ea-8465-b88a60e194fb,crmid:9157362880,4,10
6868b24c-83cb-11ea-a38a-b88a60e194fb,crmid:3392454939,10,5
686a11e4-83cb-11ea-9782-b88a60e194fb,crmid:7373034848,8,2
686b7168-83cb-11ea-8857-b88a60e194fb,crmid:3172955590,3,9
686cf80a-83cb-11ea-8b13-b88a60e194fb,crmid:9967460910,3,8
686e308a-83cb-11ea-97f3-b88a60e194fb,crmid:3418894867,8,4
686f9014-83cb-11ea-8f4b-b88a60e194fb,crmid:3869553892,4,7
6870a2d8-83cb-11ea-bc06-b88a60e194fb,crmid:6860954331,9,4
6872026c-83cb-11ea-94d9-b88a60e194fb,crmid:5326843337,7,4
687360ac-83cb-11ea-814a-b88a60e194fb,crmid:9041798634,4,7
6874c18a-83cb-11ea-8628-b88a60e194fb,crmid:3068837639,7,6
6875f9c2-83cb-11ea-810b-b88a60e194fb,crmid:6392852993,8,4
68770b58-83cb-11ea-8b75-b88a60e194fb,crmid:1553327656,9,4
68786b2e-83cb-11ea-8c28-b88a60e194fb,crmid:7991296842,3,9
6879f082-83cb-11ea-9b78-b88a60e194fb,crmid:9784023407,4,8
687b2a82-83cb-11ea-a2f0-b88a60e194fb,crmid:1665758365,2,10
687c89c6-83cb-11ea-ac57-b88a60e194fb,crmid:9719434158,8,4
687dc246-83cb-11ea-99e9-b88a60e194fb,crmid:8582671363,8,3
687f2180-83cb-11ea-ad0d-b88a60e194fb,crmid:2479651527,4,8
6880805e-83cb-11ea-bfae-b88a60e194fb,crmid:6260754726,4,7
68822efa-83cb-11ea-a381-b88a60e194fb,crmid:5982976782,4,7
6883678a-83cb-11ea-8eef-b88a60e194fb,crmid:8508323587,4,7
6884a022-83cb-11ea-aea2-b88a60e194fb,crmid:4977560169,5,9
6885d89a-83cb-11ea-aa3c-b88a60e194fb,crmid:8753262954,4,8
688736d2-83cb-11ea-8d0d-b88a60e194fb,crmid:7565425144,4,8
68890ce4-83cb-11ea-8ec0-b88a60e194fb,crmid:4175198531,6,8
688a4576-83cb-11ea-a49a-b88a60e194fb,crmid:4060264390,8,3
688c8dde-83cb-11ea-b141-b88a60e194fb,crmid:3072552360,5,8
688e3bae-83cb-11ea-b8b6-b88a60e194fb,crmid:7667824483,7,3
688f740a-83cb-11ea-b8de-b88a60e194fb,crmid:5020034050,3,9
689121fa-83cb-11ea-9054-b88a60e194fb,crmid:6872556382,5,9
6892d194-83cb-11ea-95c7-b88a60e194fb,crmid:1306160302,7,4
6894575c-83cb-11ea-98cf-b88a60e194fb,crmid:9824773531,8,3
6895dcc8-83cb-11ea-bce9-b88a60e194fb,crmid:4086109194,7,3
68976398-83cb-11ea-9571-b88a60e194fb,crmid:2698173029,10,5
6898ea02-83cb-11ea-b77b-b88a60e194fb,crmid:4326699654,8,2
689a70ac-83cb-11ea-b6c3-b88a60e194fb,crmid:2765181405,5,8
689bd04a-83cb-11ea-957f-b88a60e194fb,crmid:6526335423,8,4
689d2fc2-83cb-11ea-b072-b88a60e194fb,crmid:3808315268,8,3
689e6824-83cb-11ea-b4d4-b88a60e194fb,crmid:4479746473,4,7
689fc952-83cb-11ea-b412-b88a60e194fb,crmid:8481086579,8,4
68a14e6e-83cb-11ea-b72f-b88a60e194fb,crmid:9658898272,4,8
68a28834-83cb-11ea-89ed-b88a60e194fb,crmid:3868202387,4,8
68a40d8c-83cb-11ea-9b75-b88a60e194fb,crmid:7650994181,5,8
68a56d18-83cb-11ea-987e-b88a60e194fb,crmid:8605311016,8,4
68a6ccbe-83cb-11ea-9f57-b88a60e194fb,crmid:9939400643,6,5
68a85392-83cb-11ea-86d9-b88a60e194fb,crmid:9668174180,3,9
68a9b2e2-83cb-11ea-94ef-b88a60e194fb,crmid:7673531114,2,9
68aaeb54-83cb-11ea-99dc-b88a60e194fb,crmid:7131010116,4,7
68ac4ae2-83cb-11ea-9747-b88a60e194fb,crmid:9500523719,8,2
68ad8362-83cb-11ea-8409-b88a60e194fb,crmid:4241059419,3,7
68af09fa-83cb-11ea-9652-b88a60e194fb,crmid:2526140721,8,4
68b0df5c-83cb-11ea-994d-b88a60e194fb,crmid:8040746679,9,5
68b23e4a-83cb-11ea-b12b-b88a60e194fb,crmid:4565511628,5,9
68b46134-83cb-11ea-a77f-b88a60e194fb,crmid:2287553863,8,3
68b5c0a2-83cb-11ea-be80-b88a60e194fb,crmid:3580585995,4,6
68b9448a-83cb-11ea-8640-b88a60e194fb,crmid:6817978956,7,5
68ba7cf6-83cb-11ea-94cf-b88a60e194fb,crmid:7136067671,8,4
68bc0392-83cb-11ea-96b7-b88a60e194fb,crmid:3973628261,3,7
68bd6278-83cb-11ea-881e-b88a60e194fb,crmid:2051916840,5,7
68bee9c0-83cb-11ea-bb51-b88a60e194fb,crmid:9530001253,8,5
68c04968-83cb-11ea-a3f2-b88a60e194fb,crmid:7603959934,10,4
68c1d00c-83cb-11ea-9b54-b88a60e194fb,crmid:5722105126,2,9
68c30890-83cb-11ea-a716-b88a60e194fb,crmid:3385995191,3,9
68c440ee-83cb-11ea-92c9-b88a60e194fb,crmid:1590518730,9,4
68c5edae-83cb-11ea-b6b7-b88a60e194fb,crmid:7047444362,4,9
68c74e42-83cb-11ea-b86d-b88a60e194fb,crmid:9004761959,8,6
68c8d4c2-83cb-11ea-a6fd-b88a60e194fb,crmid:3277262606,8,3
68ca0d02-83cb-11ea-8de5-b88a60e194fb,crmid:7792903851,9,4
68cb6cee-83cb-11ea-9a59-b88a60e194fb,crmid:5372334044,3,7
68cccc88-83cb-11ea-84e4-b88a60e194fb,crmid:6316134695,7,2
68ce52b4-83cb-11ea-86c5-b88a60e194fb,crmid:2361621887,8,5
68cf8b2e-83cb-11ea-a7a0-b88a60e194fb,crmid:8797783632,8,4
68d0eaee-83cb-11ea-9f56-b88a60e194fb,crmid:4076092809,8,4
68d24a40-83cb-11ea-9172-b88a60e194fb,crmid:2067655796,7,4
68d382e2-83cb-11ea-942c-b88a60e194fb,crmid:7040807488,4,9
68d4e28a-83cb-11ea-ab88-b88a60e194fb,crmid:5453556174,3,9
68d61ada-83cb-11ea-b9af-b88a60e194fb,crmid:2800782628,8,4
68d7a1e6-83cb-11ea-b265-b88a60e194fb,crmid:6270321089,5,7
68d92700-83cb-11ea-8a4e-b88a60e194fb,crmid:4816711968,6,9
68dad4be-83cb-11ea-a973-b88a60e194fb,crmid:7520697168,7,4
68dc0d38-83cb-11ea-ab50-b88a60e194fb,crmid:7140321553,4,8
68dd45b0-83cb-11ea-9804-b88a60e194fb,crmid:2106963939,9,2
68de7eac-83cb-11ea-9aed-b88a60e194fb,crmid:9775378734,4,7
68e02cee-83cb-11ea-957c-b88a60e194fb,crmid:1122272957,10,4
68e18cec-83cb-11ea-bad7-b88a60e194fb,crmid:9396234688,4,9
68e2c57a-83cb-11ea-af99-b88a60e194fb,crmid:3221237304,10,4
68e424e2-83cb-11ea-9ea7-b88a60e194fb,crmid:9133480744,7,5
68e5ab7a-83cb-11ea-88e8-b88a60e194fb,crmid:5469611973,3,10
