crmid,email,first_name,last_name,gender,mobile telephone,city,country,zip,state,street_address,birthday,genre
crmid:9540974451,explorers1802@yahoo.com,Hoyt,Fernandez,male,565-750-4131,Buffalo,United States,82919,North Dakota,1373 Bass,1942-05-09,Thriller
crmid:1956833784,motivator1968@outlook.com,Gudrun,Gaines,female,046-495-1849,Encinitas,United States,83530,New Mexico,1397 Ada,1959-04-11,Family
crmid:4694444025,goat1806@outlook.com,Jasper,Strickland,,745-943-8731,Lynwood,United States,15250,Wisconsin,815 Rhode Island,1985-04-18,Biography
crmid:6289114226,irremissibleness1996@outlook.com,Harlan,Bowman,male,132-051-8233,Baltimore,United States,60486,Utah,620 Cordelia,1935-11-08,Fantasy
crmid:1719803298,crabber1931@gmail.com,Jennell,Sloan,female,890-074-4690,Winter Park,United States,51212,South Dakota,162 Malta,1999-03-30,Thriller
crmid:4702577287,blotto2047@live.com,Mitchell,Nichols,,748-114-6458,Mamaroneck,United States,63764,New York,989 Juanita,1986-11-06,Fantasy
crmid:3643601881,blame1811@live.com,Ramonita,Bush,female,751-806-1969,San Juan,United States,11480,Wisconsin,819 Wallace,1950-07-04,Fantasy
crmid:6798295602,altiplano1886@yahoo.com,Kathern,Callahan,female,851-331-5772,Des Moines,United States,91891,Pennsylvania,307 Vassar,1954-05-05,Horror
crmid:8721727583,demir1920@gmail.com,Marna,Stevens,female,310-526-5716,Duncanville,United States,68663,Pennsylvania,1033 Dawnview,1956-11-12,Action
crmid:1690078390,decimolar1992@live.com,Alvera,Walter,female,579-469-1154,Erie,United States,09718,New Jersey,974 Reno,1960-01-30,News
crmid:1418030034,codfish1866@gmail.com,Karoline,Alford,female,146-210-5118,Raytown,United States,95061,Florida,686 France,1951-10-09,Reality-TV
crmid:5747207822,changeover1961@yahoo.com,Rodolfo,Pratt,,366-894-1871,New Rochelle,United States,55514,Washington,1220 Mccarthy,1996-09-22,Animation
crmid:9941747926,signor1829@gmail.com,Diego,Whitney,male,035-106-1469,Westfield,United States,07924,Wisconsin,1118 Mckinnon,1935-10-23,Biography
crmid:2195156424,alleged1881@yahoo.com,Eloy,Case,,481-872-6223,Santa Maria,United States,58018,Louisiana,327 Midcrest,1969-07-01,News
crmid:6038223784,unphrasableness2042@live.com,Indira,Rush,female,732-006-9062,Rolling Meadows,United States,68294,New Mexico,773 Chase,1953-04-26,Family
crmid:6980658248,croups1985@outlook.com,Rodolfo,Lowe,,659-727-6738,Garfield Heights,United States,57952,New Mexico,1105 Van Keuren,1965-09-17,Account Cancelation
crmid:2546252192,cyros1851@live.com,Mel,Welch,male,572-818-2124,St. Charles,United States,50945,Connecticut,1177 Gilman,1997-02-13,Sport
crmid:1931880098,chroococcaceous1895@gmail.com,Woodrow,Ratliff,,784-267-7693,The Colony,United States,64470,Idaho,749 West Point,1989-08-14,Horror
crmid:9210433301,apathetic1929@live.com,Ronnie,Gay,,054-646-6293,Gardner,United States,08939,Kentucky,82 Himmelmann,1965-01-28,Fantasy
crmid:3083489056,stelic1926@yandex.com,Danilo,Hogan,male,606-072-5400,Bourbonnais,United States,84326,Colorado,1319 San Leandro,1940-02-14,Biography
crmid:4779483817,crawthumper2014@live.com,Johnathan,Reilly,,614-302-4652,South Plainfield,United States,64753,Wisconsin,839 Patten,1969-08-23,Action
crmid:4859999268,darkener1835@outlook.com,Lowell,Steele,,773-665-8177,San Angelo,United States,81285,California,635 Cielito,1981-03-06,Family
crmid:7225601712,jyngine1880@yandex.com,Jacki,Pickett,female,527-663-1889,Faribault,United States,27085,Kansas,1240 Randall,1961-04-23,Biography
crmid:9915241405,vaultier2044@live.com,Major,Evans,male,662-339-7408,Rancho Palos Verdes,United States,02146,South Carolina,484 Las Villas,1937-07-09,Thriller
crmid:5187228332,overshroud1893@gmail.com,Jeffrey,Holcomb,female,172-783-9723,Evergreen Park,United States,84357,Ohio,558 Deems,1960-04-14,Fantasy
crmid:7596538496,eightsman1872@live.com,Lucius,Barrera,male,483-932-5727,Norco,United States,98903,Georgia,886 Clifford,1998-11-28,Action
crmid:6797996986,childe1876@outlook.com,Lesley,Blair,,418-412-3717,Sahuarita,United States,68436,Virginia,308 Ver Mehr,1992-02-14,Biography
crmid:4626910614,netlike1908@yandex.com,Ned,Knox,male,378-493-3707,Virginia Beach,United States,14617,Ohio,993 Flournoy,1943-07-16,Animation
crmid:5741404754,samba1877@outlook.com,Hannelore,Pratt,female,157-713-2868,Fairfield,United States,57569,Tennessee,730 Dorman,1961-10-07,Reality-TV
crmid:2094067875,competitioner1963@yahoo.com,Burton,Farley,,960-142-6941,Leominster,United States,82093,Utah,436 Madrid,1982-02-08,Account Cancelation
crmid:3603506170,brayed2035@yahoo.com,Korey,Dickerson,male,158-137-8359,Northampton,United States,55387,Virginia,261 San Fernando,1999-10-26,Sport
crmid:9594651299,rewards1892@yandex.com,Laurence,Grant,,235-039-5536,Omaha,United States,53256,Minnesota,369 Halleck,1970-05-28,Action
crmid:5969987968,ackey1868@yandex.com,Edmond,George,male,494-546-9058,South Jordan,United States,07310,Florida,1232 Potrero,1941-12-23,Action
crmid:2132260194,viking1885@yandex.com,Morris,Pittman,,244-056-2793,Wilkinsburg,United States,33498,Oklahoma,837 Elk,1977-01-13,Reality-TV
crmid:2181436761,seining1999@outlook.com,Louis,Haynes,male,312-986-0152,Bozeman,United States,93893,South Carolina,1123 Ohlone,1940-06-13,Biography
crmid:9744503187,nonradiable2070@yandex.com,Douglass,Savage,male,451-131-4376,Rowlett,United States,51154,North Carolina,984 De Boom,1934-03-26,Reality-TV
crmid:6327308775,electrophone2025@gmail.com,Marcelino,Barry,,653-097-1575,Laramie,United States,53306,Nevada,1082 Harlow,1980-10-04,News
crmid:2391976047,eagle1951@yandex.com,Jerrold,Lynch,,665-762-0516,Lincoln Park,United States,49268,Missouri,606 Valparaiso,1983-08-02,Action
crmid:3793813570,censitaire1920@yahoo.com,Dee,Woodward,,216-456-5520,Marlborough,United States,05389,Mississippi,519 Hartford,1987-01-21,Sport
crmid:8617994319,colon1801@gmail.com,Un,Wise,female,560-049-8943,Pleasanton,United States,56900,Oklahoma,186 Campbell,1949-10-17,Sport
crmid:5130604621,koala1999@live.com,Danial,Livingston,male,454-542-6094,Andover,United States,14345,New Jersey,1226 Wanda,1932-02-17,Fantasy
crmid:6322027101,desynonymization1876@live.com,Leo,Black,female,561-727-6702,East Cleveland,United States,34515,Texas,234 Adolph Sutro,1957-05-03,Reality-TV
crmid:8880712918,cupper1991@yandex.com,Forrest,Boyer,male,666-828-7192,Brea,United States,58050,Texas,863 Latona,1941-10-31,Action
crmid:7577710384,eeeeee2068@live.com,Zonia,Petersen,female,975-767-3333,Creve Coeur,United States,77455,Washington,884 Wood,1951-12-18,Drama
crmid:9014614471,etherealization1920@outlook.com,Antonia,Dalton,,649-485-3844,Highland,United States,04052,Tennessee,926 Fernwood,1971-02-08,Thriller
crmid:2795635072,coronet2044@outlook.com,Horace,Bowers,male,938-556-3393,Bourbonnais,United States,28677,Pennsylvania,1124 Prospect,1940-05-03,Action
crmid:4284696548,exert1810@live.com,Lesia,Lang,female,044-596-1562,East Moline,United States,95375,New Hampshire,990 Schofield,1957-05-17,News
crmid:1832731706,quietens1945@gmail.com,Von,Beasley,,800-050-7016,Jersey City,United States,55089,Arkansas,1399 Bank,1975-09-18,History
crmid:9529826335,riemannian1992@gmail.com,Melynda,Trevino,female,843-236-0539,Round Lake,United States,78780,Missouri,144 Tompkins,1957-12-12,Fantasy
crmid:9259514027,detour1966@yandex.com,Gaylord,Prince,male,679-182-5759,Seminole,United States,66215,Nevada,482 Banneker,1931-12-29,Sport
crmid:1208476842,scarped2067@live.com,Leon,Greene,,996-136-7599,San Marcos,United States,33934,West Virginia,947 Troy,1972-03-12,News
crmid:8421099580,breton1909@outlook.com,Kellye,Howard,female,120-051-2234,El Mirage,United States,94521,Kentucky,741 Athens,1958-05-15,Drama
crmid:5408317722,uranite1877@yandex.com,Ricardo,Mcintyre,,529-250-2417,Greenacres,United States,75685,Hawaii,962 Doric,1968-09-07,Westerns
crmid:2970840729,emacs1915@outlook.com,Lawerence,Lynn,male,986-870-4666,Alhambra,United States,37529,Oregon,1099 Melra,1931-06-18,History
crmid:6777886165,nervimuscular1813@outlook.com,Junior,English,,347-994-2461,Galveston,United States,04228,Texas,1295 Ozbourn,1965-02-15,Drama
crmid:1153973144,wallaby2062@yandex.com,Jeromy,Good,,591-289-7134,Maryville,United States,07363,Oklahoma,566 Theresa,1987-02-24,Biography
crmid:2979043878,darkener1998@yahoo.com,Domonique,Cervantes,female,531-137-5692,New Smyrna Beach,United States,18181,Colorado,375 Visitacion,1997-03-30,Mystery
crmid:1000399318,struthionine1896@yahoo.com,Yer,Coleman,female,331-206-7857,Copperas Cove,United States,52742,Maine,455 Elwood,1950-09-06,Fantasy
crmid:1919980923,triplopia2029@gmail.com,Jesenia,Robbins,female,334-852-4079,Compton,United States,20433,New Hampshire,472 Clearfield,1949-04-25,Fantasy
crmid:5335077902,pyrogenicity1978@yandex.com,Solomon,Rosales,male,058-486-1832,Ballwin,United States,52871,New York,1281 Peters,1935-09-25,Biography
crmid:6201442217,skunk2044@yandex.com,Benito,Hill,male,174-925-4231,Santee,United States,50199,Kansas,654 Dalewood,1942-01-14,News
crmid:5923489504,areach2036@yandex.com,Alethea,Sweeney,female,798-101-6721,Durham,United States,69790,Idaho,1219 San Miguel,1956-11-30,Thriller
crmid:1861018579,marriers1888@live.com,Albert,Cross,,735-628-9719,Jeffersontown,United States,17241,Wyoming,707 Mcallister,1975-03-13,Fantasy
crmid:4169557534,scorch1855@yahoo.com,Mike,Torres,,405-298-8336,Vacaville,United States,42924,Virginia,222 Modoc,1985-10-09,History
crmid:7292088217,anthroxan1904@outlook.com,Domenic,William,,446-225-5694,Lockport,United States,16158,Wyoming,688 Gates,1983-03-10,Westerns
crmid:8227416033,antagonizing2048@yandex.com,Chong,Watson,,384-097-0216,Rockledge,United States,23897,Vermont,935 Delmar,1965-11-12,Action
crmid:6912891636,windswept1845@yandex.com,Elicia,Mckinney,female,782-127-1325,Dumont,United States,12078,Louisiana,330 Moscow,1956-03-19,Mystery
crmid:1063278472,aggest1896@yahoo.com,Douglas,Jones,,030-486-9792,Jonesboro,United States,62135,Arizona,784 Balhi,1976-11-01,Animation
crmid:4193522101,cutthroat1919@gmail.com,Wilfred,Cole,,327-566-7852,Pittsburg,United States,35598,Tennessee,781 Harris,1969-07-18,Fantasy
crmid:9736951882,earth1843@yandex.com,Kip,Waters,male,226-279-0598,Taylorsville,United States,09102,Kansas,1280 Brewster,1934-06-30,History
crmid:7729178769,buttered1927@gmail.com,Bruce,Roy,,822-660-8012,Lima,United States,33701,Louisiana,532 La Bica,1982-07-07,News
crmid:5442858576,apodeictical1808@live.com,Sharice,Kent,female,729-775-4657,Cornelius,United States,46997,Ohio,1367 Anthony,1950-08-16,History
crmid:2655202478,downturn1850@gmail.com,Rudy,Grant,,479-437-9057,Topeka,United States,58508,Texas,716 Sterling,1999-10-12,Fantasy
crmid:4735872691,cembalo1989@yandex.com,Bryce,Hubbard,male,186-462-4026,Ballwin,United States,08419,Mississippi,942 Octavia,1935-02-15,Westerns
crmid:4217780724,benjamite1889@yandex.com,Ernesto,Elliott,,652-698-7264,Stanton,United States,48171,Iowa,944 Eureka,1990-03-27,Drama
crmid:2122330110,panga2061@yandex.com,Isaias,Knight,male,582-568-8826,Benbrook,United States,64799,North Carolina,1085 Armory,1938-10-09,Reality-TV
crmid:9157326910,darrin1823@yahoo.com,Forrest,Cooper,,261-855-8665,Gillette,United States,75552,Massachusetts,94 Liberty,1966-09-18,News
crmid:2869742189,asperates2023@outlook.com,Chuck,Diaz,,642-025-2930,Gastonia,United States,85106,Montana,1051 Rickard,1965-09-08,News
crmid:2376463077,canthuthi1954@live.com,Arnold,Nichols,,996-586-8647,Morgantown,United States,73603,Tennessee,544 Letterman,1993-12-21,History
crmid:5200668269,enamels1961@gmail.com,Lindsay,Mccray,,435-947-5324,Leavenworth,United States,19919,Mississippi,1259 Ada,1981-03-28,News
crmid:3502873864,chaka1937@live.com,Pasquale,Alford,,886-084-2592,Wisconsin Rapids,United States,79148,Louisiana,675 Ambrose Bierce,1977-07-06,Westerns
crmid:7606400031,semiquadrate1961@outlook.com,Francisco,Hahn,,082-025-5537,Herriman,United States,15082,Ohio,645 Beacon,1971-03-25,Reality-TV
crmid:8862321280,hoising1937@outlook.com,Dante,Hancock,,554-525-1614,Sherwood,United States,43430,Oklahoma,832 Temple,1982-05-08,News
crmid:5051397038,bidens1912@gmail.com,Thaddeus,Morton,,892-454-1615,Temple Terrace,United States,98046,New York,931 Grafton,1972-01-08,Comedy
crmid:1029063519,geometry2025@outlook.com,Norris,Horne,,965-089-9655,Hamtramck,United States,99468,Indiana,889 Redfield,1969-12-18,Thriller
crmid:4032978566,smokers2061@gmail.com,Lawanna,Mccall,female,747-691-6583,Coachella,United States,20574,Washington,380 Birch,1948-05-19,Fantasy
crmid:3162342277,superanimal1860@yahoo.com,Inocencia,Sellers,female,260-732-1746,Portage,United States,19312,Tennessee,43 Mission Rock,1948-04-26,Westerns
crmid:3617265565,rondawel2059@outlook.com,Jeffrey,Potter,,511-719-4855,Miamisburg,United States,05259,Oregon,294 Cordova,1990-02-14,Reality-TV
crmid:1122961762,ascanius2008@outlook.com,Bee,Dejesus,female,442-288-0585,Downey,United States,05444,Kentucky,518 Romain,1955-01-08,Reality-TV
crmid:7770661264,tonights2031@gmail.com,Forrest,Reeves,,696-800-4070,Susanville,United States,39058,Indiana,867 Blanken,1971-09-23,Animation
crmid:3255042293,elastica1901@gmail.com,Justin,Hardin,,225-495-9099,Hawthorne,United States,07683,Rhode Island,594 Frederick,1970-02-24,Drama
crmid:6666051595,binghi1962@gmail.com,Vashti,Lucas,female,514-576-5604,Eagle Mountain,United States,95959,New York,947 Clipper,1956-09-18,Thriller
crmid:3293833029,cypher2070@yandex.com,Dominic,Hoover,,744-168-8611,Mason,United States,62110,Oregon,820 Melra,1987-11-10,Thriller
crmid:3070523500,ventages2042@yandex.com,Randall,Ratliff,,796-678-8792,Lee's Summit,United States,71277,Nevada,194 Selby,1982-03-08,Sport
crmid:7991195206,apolline1819@gmail.com,Clay,Velazquez,male,971-639-3911,Bridgeton,United States,88979,South Carolina,404 Devonshire,1941-02-02,Horror
crmid:4305548996,axiomatic1812@live.com,Fabian,Mills,,147-785-0385,Oceanside,United States,50268,Texas,816 Ashburton,1972-01-07,Sport
crmid:1848921927,millipede1957@live.com,Carey,Miles,male,397-421-5199,Wyoming,United States,00433,Wyoming,945 Spencer,1941-02-20,News
crmid:6217679665,scabs1990@yandex.com,Jin,Hogan,female,304-976-2491,Elmhurst,United States,21571,Illinois,379 Putnam,1959-04-14,Comedy
crmid:8633290151,apogon1992@gmail.com,Johnathon,Browning,,149-420-2607,Newton,United States,33230,West Virginia,985 North Van Horn,1997-06-29,Family
crmid:9319030357,inducting1912@gmail.com,Danyell,Solomon,female,690-764-6618,Citrus Heights,United States,88596,Rhode Island,282 Bay,1947-02-27,Family
crmid:9059603260,unroomy1801@live.com,Jimmie,Ewing,male,649-851-9458,Castle Rock,United States,39652,Oklahoma,796 Roosevelt,1945-05-09,Fantasy
crmid:9806618267,areito2021@gmail.com,Gabriel,Weiss,,378-367-3171,Philadelphia,United States,54389,California,528 Reed,1995-10-16,Reality-TV
crmid:5179224581,pennia1863@gmail.com,Tim,Gould,male,404-460-7590,Bixby,United States,53628,South Dakota,651 Crags,1939-10-18,History
crmid:5903737070,asthenopia1839@live.com,Waldo,Kane,,756-853-9918,New Bern,United States,79315,Nebraska,160 Chapman,1996-10-10,Fantasy
crmid:3145296689,streptothrix2037@outlook.com,Dewitt,Guerrero,,328-786-1125,Mount Prospect,United States,03374,Wyoming,421 Manzanita,1993-02-02,History
crmid:2454552760,oxbow2029@yahoo.com,Cleo,Patrick,,051-898-1062,Rock Hill,United States,36476,Wyoming,735 Kimball,1970-03-21,Action
crmid:4108428367,unmatchableness1997@gmail.com,Hayden,Nicholson,male,685-977-5842,Natchitoches,United States,92136,California,66 Vista Verde,1995-01-09,Biography
crmid:6985838174,wyson2018@yandex.com,Celinda,Stanton,female,655-343-7586,Plymouth,United States,51820,North Dakota,77 Thomas,1946-02-28,News
crmid:6542822001,nasi1937@outlook.com,Lavonia,Snyder,female,080-263-8767,Overland Park,United States,62684,Florida,129 Naylor,1959-05-27,Horror
crmid:9572945228,chiropractor1802@live.com,Delicia,Olson,female,801-894-5488,Ocoee,United States,51145,Indiana,7 Jasper,1998-11-06,History
crmid:6799826731,oxalates1928@yandex.com,Newton,Summers,,556-742-5342,McDonough,United States,74786,Iowa,516 Howth,1988-12-18,News
crmid:4887442050,unsuperstitiousness1911@yahoo.com,Bobbie,Gonzalez,,829-234-5642,Madisonville,United States,22903,North Carolina,23 Goldberg,1985-05-07,Thriller
crmid:3063539310,cleanup1847@yandex.com,Harley,Conrad,,068-171-0082,Friendswood,United States,93289,Wyoming,1225 Central Magazine,1964-06-11,Animation
crmid:4115642003,balboa2060@gmail.com,Yessenia,Wilcox,female,172-098-3098,Clarksburg,United States,89098,Louisiana,550 Church Parking Lot,1948-09-03,Fantasy
crmid:4815973046,blackest1827@gmail.com,Gilberto,Booth,male,655-987-3454,Sand Springs,United States,70010,Oklahoma,1114 Willard,1936-04-03,Drama
crmid:8215126744,choices2040@yandex.com,Anibal,Hunt,male,233-567-5143,Oak Ridge,United States,70179,Louisiana,764 Moreland,1931-01-15,Westerns
crmid:9390201151,elianora1861@yahoo.com,Bruce,Zimmerman,,371-121-7627,Miramar,United States,63060,Kentucky,1270 Arago,1991-11-27,Sport
crmid:3046755887,stoper2020@gmail.com,Oliver,Vazquez,,358-557-9678,Port Hueneme,United States,68972,Indiana,194 Rex,1969-11-10,Mystery
crmid:4293524686,filmer1883@yahoo.com,Erasmo,Bell,,186-357-1448,Sayreville,United States,45680,Virginia,117 Flower,1987-10-01,Fantasy
crmid:3208969756,labradoodle1874@yahoo.com,Lynn,Ross,male,166-808-2465,Baldwin,United States,67111,Texas,1274 Merlin,1935-11-13,Thriller
crmid:6153455910,efficacies2039@outlook.com,Foster,Dominguez,male,069-936-4317,West Linn,United States,52540,Rhode Island,715 White,1933-04-08,Family
crmid:6344141808,cassat1984@live.com,Fidelia,Potts,female,712-938-3157,Erlanger,United States,14371,Maine,705 El Plazuela,1960-03-23,Family
crmid:5402853994,dearaujo1805@yandex.com,Clark,Dejesus,,620-188-4811,Garland,United States,40729,Alabama,1367 Bessie,1965-07-03,Family
crmid:7669607615,climber2058@gmail.com,Dwain,Sims,male,017-261-9355,Woodridge,United States,81875,Michigan,302 Allen,1936-03-27,Mystery
crmid:1376093696,discordia1947@yahoo.com,Concha,Rivers,female,272-126-3517,Norco,United States,65712,Indiana,511 Humboldt,1998-11-06,News
crmid:2838495243,outthrew1890@live.com,Garth,Jackson,,973-506-3812,Hermosa Beach,United States,00266,Utah,991 Fayette,1971-02-13,History
crmid:8876394200,nozi1885@outlook.com,Micheal,Carney,,419-898-9743,Lufkin,United States,55907,Georgia,1138 Vista View,1985-09-27,Animation
crmid:1995291930,calumny2038@live.com,Sona,Ortega,female,713-502-0888,Cleveland Heights,United States,94949,New Jersey,310 H,1948-08-22,Action
crmid:3312537786,placebos1937@gmail.com,Dwayne,Marshall,male,591-010-6622,Pontiac,United States,89756,Texas,392 Balmy,1940-12-06,Fantasy
crmid:4955861937,undog2055@yandex.com,Babette,Schmidt,female,294-268-3505,Denison,United States,01429,Nevada,1259 Iris,1954-01-26,Biography
crmid:2135210816,distad1938@live.com,Todd,Pierce,male,380-213-4029,Murrysville,United States,07467,Massachusetts,56 Locust,1994-01-18,News
crmid:6892212152,stingray2047@outlook.com,Tyson,Gill,,277-476-4416,Stephenville,United States,23657,Wyoming,362 Signal,1964-06-13,Account Cancelation
crmid:6137715042,hypercalcemic1949@gmail.com,Yevette,Hodge,female,434-060-4251,Farmington,United States,94201,Kentucky,728 Racine,1961-09-14,Action
crmid:5294604194,edifier1853@live.com,Kip,Faulkner,,243-624-8587,Hannibal,United States,36429,Montana,590 Clay,1969-06-29,Biography
crmid:2199441882,dewitte2052@outlook.com,Agustin,Payne,,190-884-0933,Laguna Hills,United States,74280,North Carolina,1011 Market,1979-12-31,News
crmid:4540757008,reefer1919@live.com,Robert,Gentry,,609-885-3355,Midland,United States,23442,Wisconsin,367 Boutwell,1990-04-22,Action
crmid:3132388900,eurytropic1831@outlook.com,Hershel,Duffy,,107-461-4769,Ruston,United States,23255,Arkansas,336 Ludlow,1963-02-13,Animation
crmid:6585144620,broadmouth1950@live.com,Cecil,Banks,male,521-432-3251,Arcadia,United States,04882,Kentucky,1346 Dorcas,1933-02-02,News
crmid:9941417391,defiant2052@outlook.com,Jonie,Jordan,female,875-966-5767,Eagle,United States,94956,Florida,809 Beckett,1956-04-16,Biography
crmid:9782944242,banaba2018@gmail.com,Oscar,Foreman,male,622-492-8846,York,United States,94146,Kentucky,392 Harris,1931-08-10,Action
crmid:8496915722,bobbery1830@yandex.com,Calandra,Alford,female,829-063-6882,Colonial Heights,United States,97750,Georgia,1332 Sickles,1949-12-18,Action
crmid:5644740167,advertised1815@yahoo.com,Fritz,Colon,male,526-351-0670,Arnold,United States,22705,Louisiana,721 Columbia Square,1933-04-06,Reality-TV
crmid:9581854124,debilitate1959@yandex.com,Sheldon,Burks,,050-464-9631,Southaven,United States,40731,Idaho,638 Ottawa,1984-11-01,Thriller
crmid:2527652869,hocus2007@yandex.com,Elden,West,,532-966-2324,Hoffman Estates,United States,08796,Vermont,211 Wyman,1972-01-19,Fantasy
crmid:4658565842,addressee1878@yahoo.com,Fernando,Pittman,,977-054-6233,San Rafael,United States,43221,Maine,1173 Badger,1991-04-11,Fantasy
crmid:6123821991,nyctophobia1874@yahoo.com,Dannie,Collier,,094-608-9174,Grapevine,United States,13131,Alabama,822 Georgia,1967-02-18,Animation
crmid:1122824808,bronny1837@gmail.com,Leighann,Hartman,female,905-181-4291,Clemmons,United States,67330,Alaska,1153 Reposa,1948-12-30,Horror
crmid:3057753971,pancreatitis1888@gmail.com,Emmitt,Leonard,,753-255-5511,Malden,United States,89851,Idaho,753 Alviso,1985-06-16,News
crmid:7805263864,deathy2022@gmail.com,Tory,Manning,,259-026-1421,Tamarac,United States,62249,Arkansas,889 Turk,1963-11-08,Drama
crmid:7351242517,ironwork2000@yahoo.com,Trudie,Mcfadden,female,521-313-3838,Clifton,United States,52352,Illinois,1155 Lillian,1948-09-19,History
crmid:3370846615,mavie2043@live.com,Michaele,Thornton,female,905-061-7528,Corinth,United States,34490,Oregon,109 Jean,1950-06-29,Thriller
crmid:7490424854,computerise1893@live.com,Earle,Hampton,,628-042-2525,Lauderhill,United States,50142,Alabama,482 Jerome,1981-09-12,Animation
crmid:1643179248,waysider1902@live.com,Dacia,Schneider,female,318-207-6511,Douglasville,United States,81826,South Dakota,728 Clairview,1955-02-26,News
crmid:6900811806,elusory2031@gmail.com,Lavone,Higgins,female,191-332-6973,Dodge City,United States,64039,Illinois,643 Claremont,1955-11-10,Drama
crmid:4583911871,amphibological1943@live.com,Dewayne,Keith,male,678-458-3018,Bixby,United States,14267,Hawaii,1126 San Gabriel,1939-03-16,Action
crmid:5831290495,murexid1812@yahoo.com,Kristel,Mcleod,female,667-196-5170,Myrtle Beach,United States,51298,Alaska,1315 Mersey,1995-09-29,Action
crmid:8291499583,serglobulin1886@outlook.com,Wilfred,Mercer,male,057-900-3859,Newport Beach,United States,96062,South Carolina,1291 Avenue Of The Palms,1997-09-22,Westerns
crmid:3060585940,indetermined1811@yahoo.com,Marcelino,Sloan,,613-429-9429,Socorro,United States,38228,California,11 Arleta,1975-11-07,Family
crmid:9382544751,dollishly1994@live.com,Colin,White,,966-052-4825,Lathrop,United States,14143,Utah,1293 Reservoir,1981-03-31,Reality-TV
crmid:1539210515,endable1939@yahoo.com,Abraham,Mcintosh,,993-773-7094,Stephenville,United States,42103,Louisiana,449 Santa Ysabel,1985-10-09,Account Cancelation
crmid:8468670221,flightless1948@outlook.com,Hermina,Mercado,female,756-694-9701,Reedley,United States,25192,Delaware,1166 Lawton,1958-10-29,Mystery
crmid:8192446772,borderless1904@live.com,Bari,Kidd,female,670-842-2125,Cupertino,United States,04964,Mississippi,136 Bocana,1952-01-16,Horror
crmid:2234956845,alcove1952@live.com,Amos,Frazier,,969-702-4731,Kennesaw,United States,75634,West Virginia,224 Le Conte,1977-12-03,History
crmid:8045131359,lease1979@live.com,Lenard,Walter,male,721-602-9316,Oak Park,United States,09352,Washington,443 Ewer,1941-06-30,Comedy
crmid:9074496074,elephantiasis2068@gmail.com,Josue,Sweet,,566-602-3429,Ramsey,United States,81485,Pennsylvania,1253 Rotteck,1993-03-11,Horror
crmid:1141930655,chital1893@gmail.com,Maynard,Gray,,544-833-6828,Highland Park,United States,92463,Arkansas,1140 Farview,1971-04-15,Animation
crmid:2314180807,rallier2053@outlook.com,Keli,Humphrey,female,969-545-0491,Riverside,United States,75246,Oklahoma,1042 Escolta,1995-04-09,History
crmid:6097335988,ellie2011@gmail.com,Enoch,Gilliam,,125-481-3877,Schererville,United States,63373,Delaware,628 Plum,1969-05-12,Biography
crmid:9082029744,efficacies1891@outlook.com,Dylan,Hodges,,102-467-3985,Rancho Cucamonga,United States,45156,Florida,80 Farnum,1993-06-19,News
crmid:6612777395,durovic1991@outlook.com,Fred,Browning,male,212-873-1853,Beaverton,United States,91315,New Mexico,880 Jean,1937-04-04,Mystery
crmid:7444977366,verbenaceae2027@gmail.com,Maximina,Mejia,female,140-142-3185,Conway,United States,58737,Arkansas,1373 Romain,1950-09-21,Thriller
crmid:9615409837,ultima1954@gmail.com,Chas,Gallagher,male,887-200-2008,Yucca Valley,United States,69730,Rhode Island,14 Letterman Hospital Access,1933-12-03,Fantasy
crmid:8703470057,eduard1843@gmail.com,Jarod,Matthews,male,769-312-5213,Abilene,United States,92007,South Carolina,801 Mccormick,1930-05-18,Sport
crmid:1513749436,paulista1890@yahoo.com,Keith,Ballard,male,313-996-2601,Bristol,United States,80113,Illinois,797 Santa Rosa,1941-06-02,Action
crmid:7263428648,dewdrop2012@yahoo.com,Luis,Allison,,727-053-4762,Machesney Park,United States,59170,Nebraska,692 Pond,1985-09-29,Comedy
crmid:5843383255,brennand1985@yandex.com,Dominick,Rojas,,849-649-1683,Youngstown,United States,31470,Ohio,427 South Hughes,1968-03-01,Fantasy
crmid:1642595999,clarin1998@outlook.com,Mitsuko,Bender,female,035-318-6248,Durham,United States,93583,Alabama,706 Vasquez,1956-07-02,Reality-TV
crmid:6202507679,reabandoned2009@live.com,Sharilyn,Norton,female,421-734-6552,Dallas,United States,47484,Indiana,795 Crissy Field,1952-08-22,Action
crmid:9667867569,deek1835@yahoo.com,Irwin,Lowery,,540-362-1538,Wauwatosa,United States,91757,Illinois,1094 Jessie,1987-02-24,News
crmid:1976889921,heartbird1847@yahoo.com,Anton,Olson,,094-027-9741,Taylor,United States,48810,Maine,231 Central,1987-04-28,News
crmid:3846113679,aliyos1967@live.com,Niesha,Ware,female,356-285-4459,Cincinnati,United States,59924,Alabama,1308 Venus,1947-09-13,Reality-TV
crmid:2169468529,boars1903@gmail.com,Noe,David,,254-870-6192,Gillette,United States,48263,Tennessee,1121 Humboldt,1966-08-17,Family
crmid:8693510504,lobster1967@outlook.com,Abel,Craig,,013-084-5782,Lake Charles,United States,35265,Montana,794 Conwell,1979-06-13,Westerns
crmid:2237688451,algicides1802@outlook.com,Yuk,Hogan,female,751-230-6626,Paris,United States,24503,North Carolina,338 Williams,1957-09-14,History
crmid:9443764611,deprive1948@outlook.com,Jeromy,Bush,male,413-185-3372,Brownwood,United States,71497,Maine,865 Beacon,1942-05-04,Animation
crmid:7747773290,bench1900@live.com,Matt,Boone,,487-345-5065,Hattiesburg,United States,98338,Delaware,1026 Fredela,1970-04-28,Sport
crmid:4596356659,snails1807@yahoo.com,Orlando,Black,,103-260-7786,Glendora,United States,76374,Maine,29 Brush,1966-12-08,Fantasy
crmid:4806748183,transubstantiate1923@yandex.com,Galen,Puckett,,501-612-4864,Hazelwood,United States,91287,Wisconsin,654 Hemlock,1970-03-05,Family
crmid:7829743046,schnaps1838@live.com,Truman,Mays,,895-762-3128,Lindenwold,United States,39854,California,811 Peralta,1983-07-05,Action
crmid:2128894926,corkey1852@gmail.com,Rico,Knapp,,858-383-3630,Nashville,United States,49140,Connecticut,1224 Lakewood,1995-07-25,Fantasy
crmid:8702560917,hiddenmost1861@outlook.com,Dylan,Roy,,020-385-4516,Yucca Valley,United States,95786,Massachusetts,637 Millwright Cottage Access,1994-11-29,News
crmid:3186941812,nondyspeptically2009@yahoo.com,Minh,Berg,,233-927-7887,Lake Havasu City,United States,18802,Vermont,161 Phoenix,1980-03-08,Mystery
crmid:1904400800,achmetha2055@yahoo.com,Clinton,Hunt,male,136-920-8081,Rocklin,United States,01319,Florida,704 Darrell,1930-02-15,News
crmid:3089034879,goldfinch1801@gmail.com,Don,Park,,833-926-8852,Plano,United States,44417,Connecticut,1176 Aerial,1986-12-14,Biography
crmid:1406710078,berycomorphi1846@yahoo.com,Chan,Mercado,female,486-453-4264,East Ridge,United States,08266,Kansas,1051 Robinson,1957-02-20,Fantasy
crmid:5209171522,amick2007@live.com,Keven,Salazar,,439-258-6660,Rosenberg,United States,30953,New Hampshire,832 Saint Louis,1973-12-01,Comedy
crmid:7539045044,armadillo1977@yandex.com,Isis,Ball,female,968-709-7695,Westfield,United States,86053,Utah,194 Marine,1957-11-07,Biography
crmid:9548898120,scrimpy1837@yahoo.com,Rafael,Noel,male,553-087-2539,Birmingham,United States,56678,California,69 Maywood,1939-10-15,Action
crmid:9427931947,parrot1922@live.com,Gil,Duncan,male,483-594-2863,Caledonia,United States,23248,Minnesota,398 Van Keuren,1943-04-09,Fantasy
crmid:2147406818,fatuities1874@gmail.com,Kendrick,Larsen,,944-201-9735,Gloucester,United States,87485,Tennessee,298 Boutwell,1966-06-25,News
