id,transactionID,crmid,timestamp,orderType,transactionSKU,transactionName,transactionType,transactionOwnership,transactionAction,transactionMethod,transactionAmount,transactionFlag
9868ebae-942f-11ea-8156-b88a60e194fb,transactionid:210217,crmid:5986372846,2020-02-17T21:04:01.000Z,transaction - mobile,prd1052,Preferred Checking,Checking,Personal,credit,call center,2788.79,1
9869fc10-942f-11ea-a297-b88a60e194fb,transactionid:905325,crmid:3838211257,2020-02-22T19:12:19.000Z,transaction - mobile,prd1187,Business Savings,Savings,Business,debt,call center,3868.32,1
986ae7a4-942f-11ea-843b-b88a60e194fb,transactionid:890592,crmid:5242577463,2020-02-28T04:50:43.000Z,transaction - mobile,prd1060,Traditional IRA,Retirement,Personal,credit,call center,4899.45,1
986cd030-942f-11ea-9727-b88a60e194fb,transactionid:648139,crmid:4532161809,2020-02-28T12:25:17.000Z,transaction - mobile,prd1018,Auto Insurance,Insurance,Personal,credit,ATM,4731.33,1
986dce78-942f-11ea-9ca8-b88a60e194fb,transactionid:839957,crmid:1512813715,2020-02-22T19:46:51.000Z,transaction - mobile,prd1023,Health Savings,Savings,Personal,credit,branch,2631.62,1
986ecbd2-942f-11ea-9c87-b88a60e194fb,transactionid:111787,crmid:7640517830,2020-02-24T05:40:22.000Z,transaction - mobile,prd1010,529 College Savings,College Savings,Personal,credit,mobile,4274.82,1
986f8f42-942f-11ea-ae48-b88a60e194fb,transactionid:686543,crmid:4232231682,2020-02-15T10:16:25.000Z,transaction - mobile,prd1134,Student Loan,Loan,Personal,credit,call center,2316.81,1
98708d28-942f-11ea-843a-b88a60e194fb,transactionid:242718,crmid:5513121631,2020-02-24T12:56:58.000Z,transaction - mobile,prd1166,Business Checking,Checking,Business,credit,broker,2282.27,1
9871778a-942f-11ea-9801-b88a60e194fb,transactionid:508988,crmid:4346082410,2020-02-27T10:51:37.000Z,transaction - mobile,prd1174,Traditional IRA,Retirement,Personal,credit,mobile,2584.45,1
98731080-942f-11ea-ad29-b88a60e194fb,transactionid:499701,crmid:2989809448,2020-02-23T18:23:43.000Z,transaction - mobile,prd1192,Money Market Savings,Savings,Personal,debt,broker,2915.71,1
987448ca-942f-11ea-9c49-b88a60e194fb,transactionid:363791,crmid:3391091869,2020-02-17T06:38:32.000Z,transaction - mobile,prd1170,Mortgage Insurance,Insurance,Personal,credit,call center,2896.39,1
9875a85c-942f-11ea-b6cc-b88a60e194fb,transactionid:702430,crmid:5429556779,2020-02-29T11:45:35.000Z,transaction - mobile,prd1023,Health Savings,Savings,Personal,credit,broker,4913.93,1
9876baf8-942f-11ea-9c71-b88a60e194fb,transactionid:106711,crmid:1512960392,2020-02-24T01:40:44.000Z,transaction - mobile,prd1062,Mortgage: VA,Mortgage,Personal,credit,mobile,2747.76,1
9877a49c-942f-11ea-8253-b88a60e194fb,transactionid:178075,crmid:7855934412,2020-02-16T22:15:33.000Z,transaction - mobile,prd1196,Dividend Card,Credit Card,Personal,debt,ATM,2675.14,1
98788fca-942f-11ea-a281-b88a60e194fb,transactionid:877256,crmid:1516888674,2020-02-16T12:49:02.000Z,transaction - mobile,prd1005,Everyday Savings,Savings,Personal,credit,ATM,3703.48,1
98798c94-942f-11ea-8e04-b88a60e194fb,transactionid:305539,crmid:9042320653,2020-02-16T03:28:47.000Z,transaction - mobile,prd1145,Everyday Checking,Checking,Personal,credit,broker,4251.36,1
987a76e8-942f-11ea-b118-b88a60e194fb,transactionid:749745,crmid:9606211564,2020-02-27T20:22:09.000Z,transaction - mobile,prd1009,Everyday Checking,Checking,Personal,credit,mobile,446944.68,1
987b4dbe-942f-11ea-b09d-b88a60e194fb,transactionid:929596,crmid:9149435890,2020-02-20T01:46:08.000Z,transaction - mobile,prd1009,Everyday Checking,Checking,Personal,credit,call center,375487.45,1
987c5f88-942f-11ea-a9cf-b88a60e194fb,transactionid:647954,crmid:8900230396,2020-02-15T16:41:54.000Z,transaction - mobile,prd1198,Critical Illness Insurance,Insurance,Personal,credit,mobile,2935.05,1
987d499c-942f-11ea-8b07-b88a60e194fb,transactionid:767139,crmid:3019230120,2020-02-17T15:47:27.000Z,transaction - mobile,prd1146,529 College Savings,College Savings,Personal,close,branch,3174.68,1
987e5afa-942f-11ea-90dd-b88a60e194fb,transactionid:444410,crmid:5567347669,2020-02-16T12:41:50.000Z,transaction - mobile,prd1179,Business Brokerage Account,Investment,Business,credit,mobile,2914.34,1
987f6c7a-942f-11ea-b5f1-b88a60e194fb,transactionid:779185,crmid:6846607297,2020-02-15T19:09:16.000Z,transaction - mobile,prd1010,529 College Savings,College Savings,Personal,credit,call center,1997.75,1
98802fd0-942f-11ea-8cfd-b88a60e194fb,transactionid:157947,crmid:8769827476,2020-02-18T23:02:52.000Z,transaction - mobile,prd1119,Renter's Insurance,Insurance,Personal,credit,broker,1042.32,1
98811a24-942f-11ea-b341-b88a60e194fb,transactionid:872124,crmid:1717586536,2020-02-19T18:50:37.000Z,transaction - mobile,prd1168,Auto Insurance,Insurance,Personal,credit,ATM,3764.07,1
9882048c-942f-11ea-aa2e-b88a60e194fb,transactionid:740169,crmid:4141969966,2020-02-27T23:16:53.000Z,transaction - mobile,prd1130,Money Market Savings,Savings,Personal,credit,broker,3603.99,1
988303b6-942f-11ea-9cf0-b88a60e194fb,transactionid:428978,crmid:5259297377,2020-02-29T20:51:40.000Z,transaction - mobile,prd1113,Personal Loan,Loan,Personal,credit,broker,3318.33,1
9883c702-942f-11ea-a385-b88a60e194fb,transactionid:866499,crmid:1126900142,2020-02-25T02:59:38.000Z,transaction - mobile,prd1104,Health Savings,Savings,Personal,credit,ATM,2729.1,1
98849dd0-942f-11ea-9b6f-b88a60e194fb,transactionid:249771,crmid:6510152750,2020-02-21T23:50:59.000Z,transaction - mobile,prd1036,Simplicity Card,Credit Card,Personal,credit,mobile,2184.14,1
9885fd66-942f-11ea-a95e-b88a60e194fb,transactionid:315183,crmid:3097635733,2020-02-21T16:25:25.000Z,transaction - mobile,prd1122,Merchant Services Account,Merchant Services,Business,credit,call center,3943.01,1
9886c0ba-942f-11ea-90c1-b88a60e194fb,transactionid:719257,crmid:7579075322,2020-02-27T07:07:24.000Z,transaction - mobile,prd1067,Everyday Checking,Checking,Personal,credit,call center,402953.53,1
98880ccc-942f-11ea-acdc-b88a60e194fb,transactionid:859920,crmid:6897903331,2020-02-23T10:35:52.000Z,transaction - mobile,prd1139,Employee Stock Purchase Plans,Investment,Personal,debt,ATM,3060.92,1
9888d02e-942f-11ea-82df-b88a60e194fb,transactionid:661934,crmid:2151514781,2020-02-23T16:55:24.000Z,transaction - mobile,prd1040,High Interest Savings,Savings,Personal,credit,call center,1528.85,1
9889a6c8-942f-11ea-8af7-b88a60e194fb,transactionid:644663,crmid:4637921057,2020-02-27T19:10:47.000Z,transaction - mobile,prd1158,Preferred Checking,Checking,Personal,credit,call center,3397.94,1
988a914c-942f-11ea-a9d6-b88a60e194fb,transactionid:554014,crmid:6449628897,2020-02-26T21:54:58.000Z,transaction - mobile,prd1054,Personal Loan,Loan,Personal,credit,mobile,1754.09,1
988b54ae-942f-11ea-a55c-b88a60e194fb,transactionid:150517,crmid:4141312619,2020-02-25T07:49:42.000Z,transaction - mobile,prd1120,Mortgage: 10/1 ARM,Mortgage,Personal,credit,mobile,2069.6,1
988c64cc-942f-11ea-800e-b88a60e194fb,transactionid:614319,crmid:6424709883,2020-02-19T21:17:56.000Z,transaction - mobile,prd1005,Everyday Savings,Savings,Personal,credit,mobile,2643.63,1
988d506e-942f-11ea-a5f8-b88a60e194fb,transactionid:178527,crmid:3955627697,2020-02-25T20:47:12.000Z,transaction - mobile,prd1048,Business Loan,Loan,Business,credit,mobile,2288.55,1
988e273a-942f-11ea-8fa6-b88a60e194fb,transactionid:122733,crmid:2504692234,2020-02-24T08:42:59.000Z,transaction - mobile,prd1050,Travel Card,Credit Card,Personal,credit,broker,3067.22,1
988f11a6-942f-11ea-870d-b88a60e194fb,transactionid:816124,crmid:5035515487,2020-02-25T21:59:56.000Z,transaction - mobile,prd1016,Homeowner's Insurance,Insurance,Personal,credit,ATM,2722.19,1
988fd4fa-942f-11ea-a28e-b88a60e194fb,transactionid:939825,crmid:7413025885,2020-02-23T13:40:28.000Z,transaction - mobile,prd1066,Homeowner's Insurance,Insurance,Personal,credit,call center,3705.71,1
9890abd4-942f-11ea-a874-b88a60e194fb,transactionid:706905,crmid:4603411730,2020-02-16T11:56:12.000Z,transaction - mobile,prd1147,Business Savings,Savings,Business,credit,broker,4064.23,1
98942e34-942f-11ea-a803-b88a60e194fb,transactionid:659545,crmid:2005914361,2020-02-19T04:47:25.000Z,transaction - mobile,prd1143,Travel Card,Credit Card,Personal,debt,call center,426809.71,1
98952c18-942f-11ea-b9f6-b88a60e194fb,transactionid:211316,crmid:3222874385,2020-02-18T05:53:30.000Z,transaction - mobile,prd1178,Everyday Savings,Savings,Personal,credit,call center,3314.03,1
9896ff82-942f-11ea-9f3f-b88a60e194fb,transactionid:988819,crmid:4827765917,2020-02-28T18:10:10.000Z,transaction - mobile,prd1118,Simplicity Card,Credit Card,Personal,credit,mobile,4307.44,1
98988618-942f-11ea-a6f6-b88a60e194fb,transactionid:754358,crmid:3176769143,2020-02-20T02:46:15.000Z,transaction - mobile,prd1168,Auto Insurance,Insurance,Personal,credit,mobile,3103.04,1
9899be92-942f-11ea-a45b-b88a60e194fb,transactionid:940318,crmid:3422562330,2020-02-22T00:45:06.000Z,transaction - mobile,prd1011,Rewards Savings,Savings,Personal,close,ATM,2342.53,1
989b934c-942f-11ea-b992-b88a60e194fb,transactionid:373132,crmid:4915707484,2020-02-25T21:28:13.000Z,transaction - mobile,prd1095,529 College Savings,College Savings,Personal,credit,call center,2235.44,1
989d0886-942f-11ea-ae35-b88a60e194fb,transactionid:937999,crmid:8311012558,2020-02-20T20:24:28.000Z,transaction - mobile,prd1067,Everyday Checking,Checking,Personal,credit,broker,319487.24,1
989e2b64-942f-11ea-b654-b88a60e194fb,transactionid:829917,crmid:9276543460,2020-02-15T13:48:13.000Z,transaction - mobile,prd1093,Money Market Savings,Savings,Personal,close,call center,357770.32,1
989f78e6-942f-11ea-8a5c-b88a60e194fb,transactionid:313781,crmid:8057064130,2020-02-27T06:39:52.000Z,transaction - mobile,prd1076,Student Savings,Savings,Personal,debt,broker,506010.09,1
98a04e68-942f-11ea-a04f-b88a60e194fb,transactionid:627005,crmid:3934856586,2020-02-28T10:43:07.000Z,transaction - mobile,prd1152,Health Savings,Savings,Personal,credit,call center,2885.16,1
98a1af22-942f-11ea-8392-b88a60e194fb,transactionid:636670,crmid:5711804897,2020-02-15T00:05:16.000Z,transaction - mobile,prd1093,Money Market Savings,Savings,Personal,credit,ATM,3196.23,1
98a2d2d0-942f-11ea-8dc4-b88a60e194fb,transactionid:260885,crmid:5199217503,2020-02-17T10:55:45.000Z,transaction - mobile,prd1023,Health Savings,Savings,Personal,credit,call center,3710.84,1
98a3e44a-942f-11ea-ab7a-b88a60e194fb,transactionid:557104,crmid:6812233871,2020-02-27T11:55:45.000Z,transaction - mobile,prd1099,High Interest Savings,Savings,Personal,credit,call center,391462.6,1
98a4d018-942f-11ea-9b26-b88a60e194fb,transactionid:283341,crmid:9563827279,2020-02-18T17:18:16.000Z,transaction - mobile,prd1142,Rewards Savings,Savings,Personal,debt,call center,6094.32,1
98a6087e-942f-11ea-b54d-b88a60e194fb,transactionid:257060,crmid:2457368335,2020-02-18T06:59:43.000Z,transaction - mobile,prd1120,Mortgage: 10/1 ARM,Mortgage,Personal,credit,mobile,1702.9,1
98a6f2ee-942f-11ea-84e5-b88a60e194fb,transactionid:680231,crmid:2118875928,2020-02-29T11:43:14.000Z,transaction - mobile,prd1031,Business Loan,Loan,Business,debt,mobile,2712.84,1
98a7ef68-942f-11ea-bbfb-b88a60e194fb,transactionid:231525,crmid:5474200397,2020-02-18T20:16:07.000Z,transaction - mobile,prd1128,High Interest Savings,Savings,Personal,credit,ATM,2652.85,1
98a8eea6-942f-11ea-9646-b88a60e194fb,transactionid:347413,crmid:9251194354,2020-02-16T07:34:40.000Z,transaction - mobile,prd1147,Business Savings,Savings,Business,credit,mobile,2679.93,1
98a9c580-942f-11ea-ac28-b88a60e194fb,transactionid:730635,crmid:1428986274,2020-02-27T04:29:49.000Z,transaction - mobile,prd1068,Mortgage: 7/1 ARM,Mortgage,Personal,credit,mobile,3113.26,1
98aad6b6-942f-11ea-b5c5-b88a60e194fb,transactionid:580724,crmid:9716208095,2020-02-24T12:35:10.000Z,transaction - mobile,prd1145,Everyday Checking,Checking,Personal,credit,call center,3047.23,1
98abe708-942f-11ea-a536-b88a60e194fb,transactionid:982770,crmid:2128189774,2020-02-20T15:24:05.000Z,transaction - mobile,prd1003,Premium Checking,Checking,Personal,debt,mobile,3252.89,1
98ad5a18-942f-11ea-94a9-b88a60e194fb,transactionid:640024,crmid:3990766657,2020-02-27T19:00:38.000Z,transaction - mobile,prd1135,Student Loan,Loan,Personal,credit,mobile,3125.28,1
98aea63a-942f-11ea-bed3-b88a60e194fb,transactionid:668010,crmid:8691011546,2020-02-29T08:26:20.000Z,transaction - mobile,prd1163,Rewards Savings,Savings,Personal,credit,mobile,3794.77,1
98afb8f8-942f-11ea-96ab-b88a60e194fb,transactionid:307299,crmid:5594118013,2020-02-16T09:12:27.000Z,transaction - mobile,prd1103,Business Card,Credit Card,Business,credit,mobile,3672.82,1
98b0a358-942f-11ea-8a9c-b88a60e194fb,transactionid:144660,crmid:9749408468,2020-02-16T22:56:00.000Z,transaction - mobile,prd1145,Everyday Checking,Checking,Personal,credit,broker,454682.19,1
98b1c6e8-942f-11ea-8617-b88a60e194fb,transactionid:322514,crmid:4111937502,2020-02-15T05:06:12.000Z,transaction - mobile,prd1168,Auto Insurance,Insurance,Personal,credit,call center,2110.69,1
98b2ff5c-942f-11ea-943c-b88a60e194fb,transactionid:288810,crmid:8180145092,2020-02-27T22:07:39.000Z,transaction - mobile,prd1014,CDs: 3 month,Investment,Personal,credit,call center,369192.03,1
98b410cc-942f-11ea-b11a-b88a60e194fb,transactionid:253211,crmid:7314834332,2020-02-18T13:43:34.000Z,transaction - mobile,prd1012,Renter's Insurance,Insurance,Personal,credit,call center,3987.47,1
98b52376-942f-11ea-93a4-b88a60e194fb,transactionid:380677,crmid:6670876107,2020-02-26T22:12:47.000Z,transaction - mobile,prd1095,529 College Savings,College Savings,Personal,credit,ATM,3016.68,1
98b65abe-942f-11ea-ad10-b88a60e194fb,transactionid:607580,crmid:9818205011,2020-02-29T17:58:37.000Z,transaction - mobile,prd1162,High Interest Savings,Savings,Personal,credit,mobile,4418.32,1
98b77fd0-942f-11ea-b600-b88a60e194fb,transactionid:538484,crmid:2180651654,2020-02-16T19:59:42.000Z,transaction - mobile,prd1007,Health Savings,Savings,Personal,credit,ATM,2615.3,1
98b8b834-942f-11ea-919e-b88a60e194fb,transactionid:485575,crmid:4670608413,2020-02-16T08:41:50.000Z,transaction - mobile,prd1145,Everyday Checking,Checking,Personal,credit,call center,3380.12,1
98b9dd40-942f-11ea-b78d-b88a60e194fb,transactionid:573777,crmid:9411504410,2020-02-17T03:47:42.000Z,transaction - mobile,prd1146,529 College Savings,College Savings,Personal,close,ATM,3169.84,1
98baee90-942f-11ea-a08c-b88a60e194fb,transactionid:718967,crmid:7691054874,2020-02-27T00:16:05.000Z,transaction - mobile,prd1083,Pension Account,Retirement,Personal,credit,mobile,1395.38,1
98bc0012-942f-11ea-8778-b88a60e194fb,transactionid:765686,crmid:9027563870,2020-02-24T22:40:13.000Z,transaction - mobile,prd1014,CDs: 3 month,Investment,Personal,debt,call center,436643.32,1
98bd1186-942f-11ea-a249-b88a60e194fb,transactionid:767736,crmid:3689031458,2020-02-29T00:30:03.000Z,transaction - mobile,prd1102,Everyday Savings,Savings,Personal,credit,branch,2118.1,1
98be49f8-942f-11ea-a821-b88a60e194fb,transactionid:147727,crmid:4373174404,2020-02-28T09:34:25.000Z,transaction - mobile,prd1007,Health Savings,Savings,Personal,debt,broker,2738.39,1
98bf6f00-942f-11ea-a14c-b88a60e194fb,transactionid:883761,crmid:6006938558,2020-02-18T22:23:08.000Z,transaction - mobile,prd1075,Student Savings,Savings,Personal,credit,call center,3397.5,1
98c08076-942f-11ea-a95a-b88a60e194fb,transactionid:150230,crmid:9761044197,2020-02-18T15:03:28.000Z,transaction - mobile,prd1149,Auto Loan,Loan,Personal,credit,call center,2546.97,1
98c1cd82-942f-11ea-8a1e-b88a60e194fb,transactionid:276185,crmid:5119307401,2020-02-22T07:39:44.000Z,transaction - mobile,prd1126,Merchant Services Account,Merchant Services,Business,credit,ATM,2866.11,1
98c33f8a-942f-11ea-b212-b88a60e194fb,transactionid:751846,crmid:5573862904,2020-02-16T01:31:40.000Z,transaction - mobile,prd1177,Personal Loan,Loan,Personal,credit,mobile,3051.32,1
98c46478-942f-11ea-a3f0-b88a60e194fb,transactionid:865292,crmid:4590820305,2020-02-24T15:47:26.000Z,transaction - mobile,prd1093,Money Market Savings,Savings,Personal,credit,call center,2599.58,1
98c5fe9e-942f-11ea-9603-b88a60e194fb,transactionid:907230,crmid:9569303208,2020-02-23T05:42:50.000Z,transaction - mobile,prd1059,Platinum Card,Credit Card,Personal,credit,call center,3674.92,1
98c7371c-942f-11ea-882e-b88a60e194fb,transactionid:909832,crmid:9877354600,2020-02-25T21:16:29.000Z,transaction - mobile,prd1180,529 College Savings,College Savings,Personal,credit,ATM,1955.67,1
98c8833a-942f-11ea-bdd6-b88a60e194fb,transactionid:739018,crmid:9326290272,2020-02-20T22:34:34.000Z,transaction - mobile,prd1095,529 College Savings,College Savings,Personal,credit,mobile,3497.07,1
98c9949a-942f-11ea-ae07-b88a60e194fb,transactionid:436267,crmid:7427711729,2020-02-17T07:27:11.000Z,transaction - mobile,prd1128,High Interest Savings,Savings,Personal,credit,call center,2637.48,1
98cab9a6-942f-11ea-b06f-b88a60e194fb,transactionid:377104,crmid:9007400555,2020-02-25T14:27:13.000Z,transaction - mobile,prd1052,Preferred Checking,Checking,Personal,credit,broker,3054.88,1
98cbcb06-942f-11ea-9c89-b88a60e194fb,transactionid:862431,crmid:1752196458,2020-02-21T19:07:10.000Z,transaction - mobile,prd1126,Merchant Services Account,Merchant Services,Business,credit,broker,3870.62,1
98cd0380-942f-11ea-a326-b88a60e194fb,transactionid:869143,crmid:4660989584,2020-02-16T21:15:13.000Z,transaction - mobile,prd1166,Business Checking,Checking,Business,credit,call center,3237.13,1
98ce2876-942f-11ea-a8fe-b88a60e194fb,transactionid:506799,crmid:6261386622,2020-02-28T21:56:02.000Z,transaction - mobile,prd1065,High Interest Savings,Savings,Personal,credit,broker,3436.85,1
98cf4d74-942f-11ea-9b14-b88a60e194fb,transactionid:314179,crmid:7274266827,2020-02-22T03:55:46.000Z,transaction - mobile,prd1127,Rewards Card,Credit Card,Personal,credit,branch,3654.83,1
98d02448-942f-11ea-8e2d-b88a60e194fb,transactionid:324707,crmid:6834961863,2020-02-15T14:42:19.000Z,transaction - mobile,prd1178,Everyday Savings,Savings,Personal,credit,ATM,448141.74,1
98d15cc8-942f-11ea-a2d9-b88a60e194fb,transactionid:342521,crmid:6795417895,2020-02-29T09:41:49.000Z,transaction - mobile,prd1190,Premium Checking,Checking,Personal,credit,call center,4096.15,1
98d25ab6-942f-11ea-a2c0-b88a60e194fb,transactionid:479039,crmid:4771930855,2020-02-23T11:52:14.000Z,transaction - mobile,prd1065,High Interest Savings,Savings,Personal,credit,mobile,3335.76,1
98d3453a-942f-11ea-9c0f-b88a60e194fb,transactionid:771684,crmid:6999875001,2020-02-27T15:37:35.000Z,transaction - mobile,prd1139,Employee Stock Purchase Plans,Investment,Personal,credit,call center,3642.12,1
98d44476-942f-11ea-9b82-b88a60e194fb,transactionid:811071,crmid:8838351650,2020-02-26T09:18:35.000Z,transaction - mobile,prd1036,Simplicity Card,Credit Card,Personal,credit,broker,1901.18,1
98d52e88-942f-11ea-89e8-b88a60e194fb,transactionid:327235,crmid:6508289155,2020-02-28T07:43:24.000Z,transaction - mobile,prd1082,Mortgage Insurance,Insurance,Personal,credit,broker,1941.4,1
98d64030-942f-11ea-b574-b88a60e194fb,transactionid:125707,crmid:1556755684,2020-02-20T07:44:51.000Z,transaction - mobile,prd1063,High Interest Savings,Savings,Personal,credit,call center,2010.76,1
98d7039e-942f-11ea-9080-b88a60e194fb,transactionid:846707,crmid:7403358698,2020-02-23T07:40:51.000Z,transaction - mobile,prd1146,529 College Savings,College Savings,Personal,credit,broker,1580.67,1
98d7da62-942f-11ea-aea5-b88a60e194fb,transactionid:903761,crmid:7939094894,2020-02-26T06:29:58.000Z,transaction - mobile,prd1083,Pension Account,Retirement,Personal,credit,call center,2994.75,1
98d8c4ba-942f-11ea-a8c1-b88a60e194fb,transactionid:744468,crmid:2851890519,2020-02-27T00:50:02.000Z,transaction - mobile,prd1112,Fixed Deposit,Investment,Personal,close,branch,3370.83,1
98d99a1e-942f-11ea-8b03-b88a60e194fb,transactionid:303068,crmid:1529394150,2020-02-19T09:59:07.000Z,transaction - mobile,prd1011,Rewards Savings,Savings,Personal,credit,mobile,3614.03,1
98da863e-942f-11ea-8bf6-b88a60e194fb,transactionid:777690,crmid:2996856853,2020-02-20T10:48:45.000Z,transaction - mobile,prd1005,Everyday Savings,Savings,Personal,credit,call center,2626.99,1
98db960c-942f-11ea-9a56-b88a60e194fb,transactionid:734643,crmid:2169152952,2020-02-24T19:26:30.000Z,transaction - mobile,prd1010,529 College Savings,College Savings,Personal,credit,ATM,2242.41,1
98dc6e58-942f-11ea-ad68-b88a60e194fb,transactionid:938624,crmid:9482387809,2020-02-17T12:16:23.000Z,transaction - mobile,prd1177,Personal Loan,Loan,Personal,credit,mobile,2340.09,1
98dd3198-942f-11ea-9b03-b88a60e194fb,transactionid:555720,crmid:9928226054,2020-02-15T22:07:22.000Z,transaction - mobile,prd1026,Mortgage: 5/1 ARM,Mortgage,Personal,credit,mobile,2662.96,1
98de2e1c-942f-11ea-bcc2-b88a60e194fb,transactionid:186164,crmid:4724964012,2020-02-15T08:51:40.000Z,transaction - mobile,prd1152,Health Savings,Savings,Personal,credit,call center,3222.16,1
98df2d06-942f-11ea-a7a6-b88a60e194fb,transactionid:636305,crmid:3320210932,2020-02-26T17:04:01.000Z,transaction - mobile,prd1161,Business Checking,Checking,Business,credit,mobile,3514.48,1
98e01766-942f-11ea-8418-b88a60e194fb,transactionid:113862,crmid:5748285447,2020-02-17T17:10:12.000Z,transaction - mobile,prd1139,Employee Stock Purchase Plans,Investment,Personal,credit,call center,1657.04,1
98e0ee42-942f-11ea-8500-b88a60e194fb,transactionid:752084,crmid:2124276535,2020-02-17T18:05:08.000Z,transaction - mobile,prd1168,Auto Insurance,Insurance,Personal,credit,ATM,3869.86,1
98e1eb28-942f-11ea-b736-b88a60e194fb,transactionid:879933,crmid:2628729877,2020-02-17T22:37:38.000Z,transaction - mobile,prd1134,Student Loan,Loan,Personal,credit,call center,3272.35,1
98e31168-942f-11ea-9039-b88a60e194fb,transactionid:651544,crmid:1768562039,2020-02-22T11:44:20.000Z,transaction - mobile,prd1074,Premium Checking,Checking,Personal,credit,mobile,3449.68,1
98e3e846-942f-11ea-8162-b88a60e194fb,transactionid:181240,crmid:2575461232,2020-02-23T01:53:06.000Z,transaction - mobile,prd1191,Merchant Services Account,Merchant Services,Business,credit,mobile,2012.76,1
98e51f92-942f-11ea-b78d-b88a60e194fb,transactionid:107421,crmid:3455332467,2020-02-15T09:16:12.000Z,transaction - mobile,prd1015,Auto Loan,Loan,Personal,credit,ATM,3858.8,1
98e63252-942f-11ea-8184-b88a60e194fb,transactionid:617003,crmid:5717860401,2020-02-19T00:10:24.000Z,transaction - mobile,prd1198,Critical Illness Insurance,Insurance,Personal,close,mobile,2966.31,1
98e7090a-942f-11ea-86f1-b88a60e194fb,transactionid:432796,crmid:2590474423,2020-02-17T20:11:45.000Z,transaction - mobile,prd1104,Health Savings,Savings,Personal,debt,call center,3438.41,1
98f05878-942f-11ea-9402-b88a60e194fb,transactionid:124235,crmid:8870762889,2020-02-27T19:48:29.000Z,transaction - mobile,prd1191,Merchant Services Account,Merchant Services,Business,credit,mobile,4387.11,1
98f15640-942f-11ea-803d-b88a60e194fb,transactionid:421591,crmid:9368880109,2020-02-19T14:11:12.000Z,transaction - mobile,prd1169,Business Loan,Loan,Personal,debt,mobile,1523.88,1
98f22d0c-942f-11ea-bdd6-b88a60e194fb,transactionid:844231,crmid:1440460291,2020-02-28T03:44:57.000Z,transaction - mobile,prd1034,Home Equity Loan,Mortgage,Personal,credit,branch,3790.85,1
98f303f6-942f-11ea-9e14-b88a60e194fb,transactionid:984749,crmid:1134507286,2020-02-25T10:52:46.000Z,transaction - mobile,prd1003,Premium Checking,Checking,Personal,close,ATM,2267.47,1
98f45046-942f-11ea-a1c5-b88a60e194fb,transactionid:850266,crmid:2415631849,2020-02-16T11:11:56.000Z,transaction - mobile,prd1122,Merchant Services Account,Merchant Services,Business,credit,call center,373623.22,1
98f53a78-942f-11ea-9b80-b88a60e194fb,transactionid:865702,crmid:2598796953,2020-02-15T00:19:55.000Z,transaction - mobile,prd1108,401k,Retirement,Personal,credit,branch,2321.56,1
98f63864-942f-11ea-bdba-b88a60e194fb,transactionid:245015,crmid:9790392241,2020-02-19T12:57:43.000Z,transaction - mobile,prd1025,Brokerage Account,Investment,Personal,credit,call center,3560.18,1
98f73628-942f-11ea-b24e-b88a60e194fb,transactionid:951560,crmid:4218139421,2020-02-24T08:58:14.000Z,transaction - mobile,prd1064,CDs: 3 month,Investment,Personal,credit,broker,4019.02,1
98f8bcba-942f-11ea-a218-b88a60e194fb,transactionid:928312,crmid:1215424156,2020-02-28T23:13:02.000Z,transaction - mobile,prd1162,High Interest Savings,Savings,Personal,credit,ATM,2280.75,1
98f9923a-942f-11ea-b08a-b88a60e194fb,transactionid:795801,crmid:8183346389,2020-02-27T21:37:33.000Z,transaction - mobile,prd1126,Merchant Services Account,Merchant Services,Business,debt,branch,3575.88,1
98fab890-942f-11ea-89a5-b88a60e194fb,transactionid:413755,crmid:4392112950,2020-02-17T15:24:43.000Z,transaction - mobile,prd1040,High Interest Savings,Savings,Personal,debt,call center,3428.27,1
98fb7bde-942f-11ea-a4dd-b88a60e194fb,transactionid:217170,crmid:5579804532,2020-02-28T14:00:40.000Z,transaction - mobile,prd1172,Employee Stock Purchase Plans,Investment,Personal,debt,call center,2302.83,1
98fcc740-942f-11ea-aff9-b88a60e194fb,transactionid:248149,crmid:7081686563,2020-02-28T22:16:40.000Z,transaction - mobile,prd1052,Preferred Checking,Checking,Personal,credit,ATM,2707.02,1
98fdb25c-942f-11ea-bfe5-b88a60e194fb,transactionid:144171,crmid:9524090256,2020-02-27T11:43:14.000Z,transaction - mobile,prd1054,Personal Loan,Loan,Personal,credit,mobile,3383.26,1
98fe891e-942f-11ea-acc3-b88a60e194fb,transactionid:489477,crmid:7092292629,2020-02-16T13:11:24.000Z,transaction - mobile,prd1020,Everyday Savings,Savings,Personal,close,mobile,3314.45,1
98ff7362-942f-11ea-bc2a-b88a60e194fb,transactionid:883524,crmid:1927947150,2020-02-20T17:13:23.000Z,transaction - mobile,prd1010,529 College Savings,College Savings,Personal,close,call center,3611.84,1
990036ca-942f-11ea-9fc0-b88a60e194fb,transactionid:303165,crmid:4092501204,2020-02-26T21:18:18.000Z,transaction - mobile,prd1166,Business Checking,Checking,Business,credit,broker,3190.34,1
9901335e-942f-11ea-8d38-b88a60e194fb,transactionid:303248,crmid:6236182513,2020-02-16T07:59:34.000Z,transaction - mobile,prd1057,Student Card,Credit Card,Personal,debt,mobile,2904.55,1
99020b98-942f-11ea-97fe-b88a60e194fb,transactionid:856401,crmid:8640076748,2020-02-20T16:10:55.000Z,transaction - mobile,prd1001,Personal Loan,Loan,Personal,close,broker,2345.87,1
990405ee-942f-11ea-bcd4-b88a60e194fb,transactionid:362735,crmid:9481815917,2020-02-26T19:31:28.000Z,transaction - mobile,prd1037,Home Equity Loan,Mortgage,Personal,close,call center,3313.89,1
990504f8-942f-11ea-be3a-b88a60e194fb,transactionid:576872,crmid:7095536898,2020-02-21T12:42:20.000Z,transaction - mobile,prd1137,Business Checking,Checking,Business,credit,mobile,2898.89,1
99060200-942f-11ea-ba48-b88a60e194fb,transactionid:142854,crmid:7808389929,2020-02-25T11:41:43.000Z,transaction - mobile,prd1182,Brokerage Account,Investment,Personal,credit,mobile,489298.95,1
99072864-942f-11ea-9ae4-b88a60e194fb,transactionid:171320,crmid:7304073818,2020-02-19T13:13:50.000Z,transaction - mobile,prd1137,Business Checking,Checking,Business,credit,mobile,3707.85,1
99083862-942f-11ea-b1f4-b88a60e194fb,transactionid:365879,crmid:4635537969,2020-02-24T09:56:17.000Z,transaction - mobile,prd1157,Brokerage Account,Investment,Personal,credit,broker,2955.96,1
99094b06-942f-11ea-91ac-b88a60e194fb,transactionid:770530,crmid:6523243405,2020-02-29T01:14:33.000Z,transaction - mobile,prd1103,Business Card,Credit Card,Business,close,call center,2777.16,1
990a355c-942f-11ea-84b8-b88a60e194fb,transactionid:577197,crmid:5544420063,2020-02-15T00:18:48.000Z,transaction - mobile,prd1042,Roth IRA,Retirement,Personal,credit,broker,4660.22,1
990b456e-942f-11ea-a12e-b88a60e194fb,transactionid:668264,crmid:1187830606,2020-02-22T14:41:32.000Z,transaction - mobile,prd1093,Money Market Savings,Savings,Personal,credit,call center,393478.44,1
990c5850-942f-11ea-a730-b88a60e194fb,transactionid:190215,crmid:7292100201,2020-02-22T15:26:54.000Z,transaction - mobile,prd1142,Rewards Savings,Savings,Personal,credit,call center,2850.51,1
990d8f4c-942f-11ea-aa03-b88a60e194fb,transactionid:327925,crmid:7588204909,2020-02-24T16:26:59.000Z,transaction - mobile,prd1127,Rewards Card,Credit Card,Personal,credit,call center,3422.07,1
990f3d0a-942f-11ea-b696-b88a60e194fb,transactionid:395479,crmid:2377697668,2020-02-16T14:48:52.000Z,transaction - mobile,prd1099,High Interest Savings,Savings,Personal,credit,call center,3101.86,1
991138e4-942f-11ea-a2d7-b88a60e194fb,transactionid:158955,crmid:7087759850,2020-02-29T04:20:03.000Z,transaction - mobile,prd1024,Mortgage: FHA,Mortgage,Personal,credit,ATM,2798.15,1
9913219e-942f-11ea-a350-b88a60e194fb,transactionid:762561,crmid:4919998083,2020-02-21T07:15:38.000Z,transaction - mobile,prd1178,Everyday Savings,Savings,Personal,credit,broker,1857.35,1
9914cec0-942f-11ea-b23a-b88a60e194fb,transactionid:869721,crmid:5510760593,2020-02-26T06:00:27.000Z,transaction - mobile,prd1059,Platinum Card,Credit Card,Personal,close,broker,4066.54,1
99165574-942f-11ea-bff1-b88a60e194fb,transactionid:368865,crmid:9457270869,2020-02-17T08:45:23.000Z,transaction - mobile,prd1067,Everyday Checking,Checking,Personal,credit,mobile,2044.95,1
9917536e-942f-11ea-9858-b88a60e194fb,transactionid:594182,crmid:3037340785,2020-02-16T01:28:15.000Z,transaction - mobile,prd1174,Traditional IRA,Retirement,Personal,credit,branch,3290.88,1
9918524a-942f-11ea-8f8a-b88a60e194fb,transactionid:803174,crmid:9057197896,2020-02-25T13:36:23.000Z,transaction - mobile,prd1180,529 College Savings,College Savings,Personal,credit,mobile,3737.07,1
991963c0-942f-11ea-969e-b88a60e194fb,transactionid:989395,crmid:1479614367,2020-02-24T12:04:19.000Z,transaction - mobile,prd1023,Health Savings,Savings,Personal,credit,call center,4051.65,1
991a4e3a-942f-11ea-92dc-b88a60e194fb,transactionid:490866,crmid:8355416357,2020-02-25T23:55:23.000Z,transaction - mobile,prd1173,Money Market,Investment,Personal,credit,mobile,1775.33,1
991b4b08-942f-11ea-95a9-b88a60e194fb,transactionid:216032,crmid:3573907613,2020-02-21T16:21:42.000Z,transaction - mobile,prd1010,529 College Savings,College Savings,Personal,credit,call center,3686.38,1
991c2312-942f-11ea-831c-b88a60e194fb,transactionid:264467,crmid:2870624068,2020-02-20T02:04:50.000Z,transaction - mobile,prd1158,Preferred Checking,Checking,Personal,credit,mobile,2382.34,1
991d5b92-942f-11ea-9b05-b88a60e194fb,transactionid:757423,crmid:6814297401,2020-02-23T11:25:28.000Z,transaction - mobile,prd1023,Health Savings,Savings,Personal,credit,mobile,3163.25,1
991e45f8-942f-11ea-80c6-b88a60e194fb,transactionid:120432,crmid:1304878195,2020-02-21T13:43:44.000Z,transaction - mobile,prd1138,Money Market Savings,Savings,Personal,credit,call center,434874.22,1
991f43e2-942f-11ea-8e30-b88a60e194fb,transactionid:339236,crmid:4163026224,2020-02-19T00:24:53.000Z,transaction - mobile,prd1124,CDs: 5 year,Investment,Personal,credit,mobile,3407.69,1
99202cf4-942f-11ea-8788-b88a60e194fb,transactionid:254190,crmid:4332432948,2020-02-17T07:43:00.000Z,transaction - mobile,prd1144,Home Equity Loan,Mortgage,Personal,debt,broker,3452.42,1
99210534-942f-11ea-80c2-b88a60e194fb,transactionid:835167,crmid:5808343407,2020-02-24T08:40:31.000Z,transaction - mobile,prd1098,Platinum Card,Credit Card,Personal,credit,broker,437823.06,1
9921dc02-942f-11ea-b5da-b88a60e194fb,transactionid:660102,crmid:3956770454,2020-02-29T21:36:19.000Z,transaction - mobile,prd1191,Merchant Services Account,Merchant Services,Business,credit,branch,3902.75,1
9922c668-942f-11ea-a5aa-b88a60e194fb,transactionid:497818,crmid:5211533422,2020-02-15T14:31:37.000Z,transaction - mobile,prd1042,Roth IRA,Retirement,Personal,credit,call center,4221.18,1
9923c2fa-942f-11ea-839d-b88a60e194fb,transactionid:702443,crmid:2270271273,2020-02-19T22:59:19.000Z,transaction - mobile,prd1126,Merchant Services Account,Merchant Services,Business,credit,call center,2572.85,1
9924aec8-942f-11ea-9b48-b88a60e194fb,transactionid:583660,crmid:3129352458,2020-02-27T06:35:35.000Z,transaction - mobile,prd1167,Roth IRA,Retirement,Personal,credit,branch,3419.32,1
9925acb6-942f-11ea-b4a0-b88a60e194fb,transactionid:993039,crmid:3145014414,2020-02-29T15:25:50.000Z,transaction - mobile,prd1029,401k,Retirement,Personal,credit,call center,2928.46,1
9928dfac-942f-11ea-826f-b88a60e194fb,transactionid:918377,crmid:3283232487,2020-02-22T06:01:06.000Z,transaction - mobile,prd1127,Rewards Card,Credit Card,Personal,credit,ATM,2996.99,1
9929c9c6-942f-11ea-88e8-b88a60e194fb,transactionid:621859,crmid:3812843309,2020-02-21T10:00:02.000Z,transaction - mobile,prd1075,Student Savings,Savings,Personal,credit,call center,334873.68,1
992adc98-942f-11ea-9708-b88a60e194fb,transactionid:689200,crmid:8455351435,2020-02-20T10:37:28.000Z,transaction - mobile,prd1150,Money Market,Investment,Personal,credit,branch,1488.46,1
992bb3a8-942f-11ea-9d12-b88a60e194fb,transactionid:911648,crmid:8790487116,2020-02-17T16:04:26.000Z,transaction - mobile,prd1036,Simplicity Card,Credit Card,Personal,credit,call center,4772.73,1
992cb174-942f-11ea-ad2c-b88a60e194fb,transactionid:821074,crmid:6785514678,2020-02-25T19:05:47.000Z,transaction - mobile,prd1143,Travel Card,Credit Card,Personal,credit,call center,2934.12,1
992d74ca-942f-11ea-8410-b88a60e194fb,transactionid:131906,crmid:6003154233,2020-02-26T02:49:17.000Z,transaction - mobile,prd1156,Student Card,Credit Card,Personal,credit,call center,3323.86,1
992e5dda-942f-11ea-9b90-b88a60e194fb,transactionid:256541,crmid:5396313439,2020-02-29T23:54:32.000Z,transaction - mobile,prd1149,Auto Loan,Loan,Personal,credit,call center,3444.13,1
992f5ca8-942f-11ea-be95-b88a60e194fb,transactionid:109133,crmid:5949882473,2020-02-28T05:16:37.000Z,transaction - mobile,prd1038,Dividend Card,Credit Card,Personal,credit,mobile,2896.06,1
9930206c-942f-11ea-9834-b88a60e194fb,transactionid:726472,crmid:8740208714,2020-02-22T09:12:06.000Z,transaction - mobile,prd1021,CDs: 5 year,Investment,Personal,debt,broker,3124.03,1
99311e34-942f-11ea-8bfe-b88a60e194fb,transactionid:337522,crmid:5679531783,2020-02-23T06:01:48.000Z,transaction - mobile,prd1011,Rewards Savings,Savings,Personal,credit,call center,3894.87,1
993208cc-942f-11ea-8cfb-b88a60e194fb,transactionid:342448,crmid:8813579745,2020-02-22T12:14:30.000Z,transaction - mobile,prd1090,Business Checking,Checking,Business,debt,call center,3094.39,1
993366c6-942f-11ea-960a-b88a60e194fb,transactionid:944433,crmid:4315575638,2020-02-20T01:23:02.000Z,transaction - mobile,prd1175,401k,Retirement,Personal,credit,branch,3526.65,1
99345254-942f-11ea-9650-b88a60e194fb,transactionid:111636,crmid:8109676595,2020-02-28T05:49:35.000Z,transaction - mobile,prd1123,Mortgage: 10 yr Fixed,Mortgage,Personal,close,ATM,2756.76,1
9935294a-942f-11ea-8c72-b88a60e194fb,transactionid:551536,crmid:9361790852,2020-02-18T04:03:16.000Z,transaction - mobile,prd1071,Critical Illness Insurance,Insurance,Personal,credit,mobile,2264.33,1
993626ee-942f-11ea-aa7f-b88a60e194fb,transactionid:827777,crmid:8176941921,2020-02-21T11:41:32.000Z,transaction - mobile,prd1128,High Interest Savings,Savings,Personal,credit,broker,2121.29,1
9936fdc0-942f-11ea-974f-b88a60e194fb,transactionid:713023,crmid:3517035036,2020-02-28T01:29:30.000Z,transaction - mobile,prd1126,Merchant Services Account,Merchant Services,Business,credit,mobile,1577.09,1
9937e74a-942f-11ea-9896-b88a60e194fb,transactionid:569556,crmid:7400534069,2020-02-25T20:53:18.000Z,transaction - mobile,prd1020,Everyday Savings,Savings,Personal,close,call center,3981.07,1
9938f8c0-942f-11ea-b18a-b88a60e194fb,transactionid:753794,crmid:9696816030,2020-02-15T16:01:56.000Z,transaction - mobile,prd1071,Critical Illness Insurance,Insurance,Personal,credit,call center,2574.57,1
9939f7de-942f-11ea-b882-b88a60e194fb,transactionid:198552,crmid:8980034775,2020-02-29T08:52:22.000Z,transaction - mobile,prd1052,Preferred Checking,Checking,Personal,credit,branch,4578.83,1
993b07fe-942f-11ea-8544-b88a60e194fb,transactionid:779609,crmid:9751789180,2020-02-16T02:15:38.000Z,transaction - mobile,prd1113,Personal Loan,Loan,Personal,debt,ATM,3251.53,1
993c0602-942f-11ea-b78c-b88a60e194fb,transactionid:294679,crmid:5782616100,2020-02-17T11:30:36.000Z,transaction - mobile,prd1158,Preferred Checking,Checking,Personal,credit,broker,1297.42,1
993d51ca-942f-11ea-b27b-b88a60e194fb,transactionid:908859,crmid:9546013381,2020-02-16T08:18:11.000Z,transaction - mobile,prd1115,Mortgage: VA,Mortgage,Personal,credit,call center,2459.0,1
993e635a-942f-11ea-962f-b88a60e194fb,transactionid:650795,crmid:3700590852,2020-02-27T08:46:03.000Z,transaction - mobile,prd1018,Auto Insurance,Insurance,Personal,close,mobile,3435.86,1
993f7594-942f-11ea-b63b-b88a60e194fb,transactionid:653514,crmid:3691449863,2020-02-18T16:06:19.000Z,transaction - mobile,prd1009,Everyday Checking,Checking,Personal,credit,mobile,3034.1,1
99408618-942f-11ea-849e-b88a60e194fb,transactionid:609634,crmid:1059947810,2020-02-25T06:41:16.000Z,transaction - mobile,prd1128,High Interest Savings,Savings,Personal,credit,ATM,2554.39,1
99419864-942f-11ea-b334-b88a60e194fb,transactionid:236405,crmid:8426385159,2020-02-16T11:54:51.000Z,transaction - mobile,prd1177,Personal Loan,Loan,Personal,credit,call center,305087.87,1
9942a90c-942f-11ea-9f3c-b88a60e194fb,transactionid:260796,crmid:3626803313,2020-02-23T20:54:31.000Z,transaction - mobile,prd1007,Health Savings,Savings,Personal,credit,ATM,4097.75,1
9943e248-942f-11ea-ab53-b88a60e194fb,transactionid:473102,crmid:2607969499,2020-02-22T20:13:41.000Z,transaction - mobile,prd1026,Mortgage: 5/1 ARM,Mortgage,Personal,credit,mobile,3659.89,1
99451ad4-942f-11ea-aea1-b88a60e194fb,transactionid:145468,crmid:6396972201,2020-02-19T13:03:45.000Z,transaction - mobile,prd1134,Student Loan,Loan,Personal,credit,mobile,3742.01,1
9946531a-942f-11ea-9b70-b88a60e194fb,transactionid:841557,crmid:3375430447,2020-02-22T07:26:30.000Z,transaction - mobile,prd1176,Overseas Equity Fund,Investment,Personal,credit,call center,3359.21,1
994763e8-942f-11ea-9387-b88a60e194fb,transactionid:186874,crmid:4481523497,2020-02-17T02:27:53.000Z,transaction - mobile,prd1021,CDs: 5 year,Investment,Personal,credit,branch,442021.1,1
9948c3ac-942f-11ea-baa8-b88a60e194fb,transactionid:490703,crmid:6230493575,2020-02-24T16:12:02.000Z,transaction - mobile,prd1139,Employee Stock Purchase Plans,Investment,Personal,credit,mobile,1802.02,1
994a4a40-942f-11ea-9f7b-b88a60e194fb,transactionid:412403,crmid:9550788400,2020-02-29T14:36:34.000Z,transaction - mobile,prd1192,Money Market Savings,Savings,Personal,debt,call center,2364.94,1
