id,crmid,propensity_premium,propensity_high_speed
652e9b34-83cb-11ea-b666-b88a60e194fb,crmid:9921069778,3,8
652fd386-83cb-11ea-9fc7-b88a60e194fb,crmid:7611587838,4,8
65318028-83cb-11ea-b801-b88a60e194fb,crmid:6113323057,4,7
65332de4-83cb-11ea-8b19-b88a60e194fb,crmid:2290518138,7,5
6534b480-83cb-11ea-96fa-b88a60e194fb,crmid:2833963295,8,2
65361412-83cb-11ea-bfb7-b88a60e194fb,crmid:8472851787,4,9
6537c1d2-83cb-11ea-a256-b88a60e194fb,crmid:1052750530,5,8
6538fbba-83cb-11ea-845f-b88a60e194fb,crmid:4610761052,9,3
653a3450-83cb-11ea-8aa7-b88a60e194fb,crmid:6526892048,3,9
653be1de-83cb-11ea-a476-b88a60e194fb,crmid:7194537895,8,2
653e04ba-83cb-11ea-b49d-b88a60e194fb,crmid:5405523855,5,10
653f3d26-83cb-11ea-a279-b88a60e194fb,crmid:7231965728,4,8
65404eba-83cb-11ea-8538-b88a60e194fb,crmid:7951629503,3,9
6541d57e-83cb-11ea-8b47-b88a60e194fb,crmid:4735741298,3,9
65430dae-83cb-11ea-aefa-b88a60e194fb,crmid:9092661850,5,8
654493ca-83cb-11ea-a870-b88a60e194fb,crmid:5990229893,4,7
6545a5cc-83cb-11ea-9ec8-b88a60e194fb,crmid:3955638574,10,4
6546de4c-83cb-11ea-b85e-b88a60e194fb,crmid:5734381348,7,5
65481558-83cb-11ea-a850-b88a60e194fb,crmid:9888402699,4,8
65494de4-83cb-11ea-b42d-b88a60e194fb,crmid:8147338886,8,5
654ad476-83cb-11ea-b87c-b88a60e194fb,crmid:8418375468,7,4
654c355c-83cb-11ea-ac51-b88a60e194fb,crmid:7160645497,9,4
654d459c-83cb-11ea-b952-b88a60e194fb,crmid:5333576907,6,4
654e5710-83cb-11ea-99a7-b88a60e194fb,crmid:1553470132,4,9
654f8f7a-83cb-11ea-b709-b88a60e194fb,crmid:6086624326,9,3
6551174c-83cb-11ea-8496-b88a60e194fb,crmid:6158281270,2,8
65525002-83cb-11ea-a8f7-b88a60e194fb,crmid:1766321765,7,4
65538724-83cb-11ea-9207-b88a60e194fb,crmid:3109016238,8,4
6554bfa2-83cb-11ea-bbb4-b88a60e194fb,crmid:9329521713,7,7
6555f946-83cb-11ea-880e-b88a60e194fb,crmid:2698936334,8,4
6557a5b4-83cb-11ea-b5e0-b88a60e194fb,crmid:6731910093,8,5
655906da-83cb-11ea-af7a-b88a60e194fb,crmid:3220527922,4,6
655a8be4-83cb-11ea-a160-b88a60e194fb,crmid:3432005889,7,5
655becdc-83cb-11ea-98bc-b88a60e194fb,crmid:7631434851,9,5
655d2552-83cb-11ea-ab69-b88a60e194fb,crmid:3958878402,7,4
655e84de-83cb-11ea-8f90-b88a60e194fb,crmid:3127737290,3,7
655fe470-83cb-11ea-be9d-b88a60e194fb,crmid:5495400555,5,8
65614402-83cb-11ea-ae0a-b88a60e194fb,crmid:8932034609,2,8
65633ef6-83cb-11ea-8e8c-b88a60e194fb,crmid:6762107244,6,4
65649f3a-83cb-11ea-a0ba-b88a60e194fb,crmid:1251562659,6,8
6565d68a-83cb-11ea-91a2-b88a60e194fb,crmid:3157313639,2,10
656784d4-83cb-11ea-8c2e-b88a60e194fb,crmid:5585583387,7,6
6568be10-83cb-11ea-80dd-b88a60e194fb,crmid:2742264820,8,3
656a462e-83cb-11ea-89d0-b88a60e194fb,crmid:2071759388,9,3
656ba452-83cb-11ea-9d5f-b88a60e194fb,crmid:1975984843,8,4
656cdcc2-83cb-11ea-97ce-b88a60e194fb,crmid:3935998996,6,7
656e636c-83cb-11ea-9b4b-b88a60e194fb,crmid:8081499749,4,9
656f9bd8-83cb-11ea-9914-b88a60e194fb,crmid:6693270842,7,5
65712112-83cb-11ea-8989-b88a60e194fb,crmid:3205651203,5,9
65725af4-83cb-11ea-8503-b88a60e194fb,crmid:9723424134,9,3
65739412-83cb-11ea-b6e0-b88a60e194fb,crmid:6752800811,6,5
6574f302-83cb-11ea-a4e6-b88a60e194fb,crmid:1889577547,4,8
657651d2-83cb-11ea-9c22-b88a60e194fb,crmid:6796361225,9,3
6577d952-83cb-11ea-9ce5-b88a60e194fb,crmid:2620287478,8,4
65793900-83cb-11ea-92ba-b88a60e194fb,crmid:3543579623,6,9
657a7174-83cb-11ea-88a8-b88a60e194fb,crmid:7439557962,6,5
657ba9f4-83cb-11ea-a477-b88a60e194fb,crmid:4319917877,9,4
657cbb46-83cb-11ea-95e5-b88a60e194fb,crmid:5652841425,5,7
657e1af0-83cb-11ea-82f7-b88a60e194fb,crmid:3367228239,3,7
657f2c42-83cb-11ea-a6af-b88a60e194fb,crmid:4230616273,4,8
6580b2ba-83cb-11ea-8f73-b88a60e194fb,crmid:9799373719,8,4
6581eb34-83cb-11ea-a359-b88a60e194fb,crmid:9960510142,9,3
658546b6-83cb-11ea-be5f-b88a60e194fb,crmid:1741856169,8,4
6586a636-83cb-11ea-b953-b88a60e194fb,crmid:3696297095,4,6
6587b7a6-83cb-11ea-bec2-b88a60e194fb,crmid:2380520881,8,4
658963f6-83cb-11ea-a396-b88a60e194fb,crmid:6078601376,3,10
658b5fb4-83cb-11ea-97c7-b88a60e194fb,crmid:5418516055,5,8
658ce65c-83cb-11ea-95dd-b88a60e194fb,crmid:2325998671,5,8
658e6d08-83cb-11ea-b85b-b88a60e194fb,crmid:8352496145,3,7
658ff3a8-83cb-11ea-a449-b88a60e194fb,crmid:3396417545,5,8
65912dcc-83cb-11ea-9d33-b88a60e194fb,crmid:6469776660,5,8
65928d10-83cb-11ea-9530-b88a60e194fb,crmid:9170251121,7,3
659413b4-83cb-11ea-8c3c-b88a60e194fb,crmid:8644507841,6,7
65959a38-83cb-11ea-9eca-b88a60e194fb,crmid:1008792507,7,3
6596d2b8-83cb-11ea-9b78-b88a60e194fb,crmid:8151909883,7,4
65980b42-83cb-11ea-802a-b88a60e194fb,crmid:1703417080,7,6
65996ad2-83cb-11ea-a621-b88a60e194fb,crmid:6156817564,8,4
659aa2be-83cb-11ea-a0b1-b88a60e194fb,crmid:6957534280,8,3
659bda8a-83cb-11ea-921f-b88a60e194fb,crmid:6867669144,7,5
659d6270-83cb-11ea-977b-b88a60e194fb,crmid:8946457781,4,10
659e9aee-83cb-11ea-9269-b88a60e194fb,crmid:9106529915,4,8
659ffa88-83cb-11ea-b2aa-b88a60e194fb,crmid:1051301189,6,3
65a132fa-83cb-11ea-9270-b88a60e194fb,crmid:5666161697,8,3
65a2e0da-83cb-11ea-9286-b88a60e194fb,crmid:6546703211,8,2
65a417c6-83cb-11ea-8ac5-b88a60e194fb,crmid:9201477195,3,8
65a551a8-83cb-11ea-bf04-b88a60e194fb,crmid:8331451493,8,3
65a6d6e2-83cb-11ea-80d1-b88a60e194fb,crmid:4362601913,8,5
65a85dba-83cb-11ea-8343-b88a60e194fb,crmid:3558481340,4,7
65a9bd14-83cb-11ea-ad22-b88a60e194fb,crmid:7993441528,3,8
65ab6bfe-83cb-11ea-ac58-b88a60e194fb,crmid:9474097581,5,6
65acf166-83cb-11ea-b431-b88a60e194fb,crmid:5433635833,3,8
65ae77f4-83cb-11ea-bd21-b88a60e194fb,crmid:4334864121,8,4
65affeb6-83cb-11ea-9d71-b88a60e194fb,crmid:4295583612,9,2
65b1ac5c-83cb-11ea-8212-b88a60e194fb,crmid:9231274998,8,4
65b30bda-83cb-11ea-8448-b88a60e194fb,crmid:9497935870,7,5
65b507c0-83cb-11ea-b81e-b88a60e194fb,crmid:6596200198,8,5
65b6b558-83cb-11ea-8532-b88a60e194fb,crmid:8492205265,8,3
65b814e6-83cb-11ea-883c-b88a60e194fb,crmid:8057275808,3,6
65b9e9be-83cb-11ea-b7cd-b88a60e194fb,crmid:7677487803,9,5
65bb707a-83cb-11ea-983f-b88a60e194fb,crmid:7333157402,9,4
65bcf706-83cb-11ea-ac9b-b88a60e194fb,crmid:1781928298,4,8
65be7d8a-83cb-11ea-943a-b88a60e194fb,crmid:4175439215,5,10
65c02c90-83cb-11ea-83ee-b88a60e194fb,crmid:6746886912,3,9
65c164f6-83cb-11ea-9e21-b88a60e194fb,crmid:7792839483,5,8
65c31192-83cb-11ea-9443-b88a60e194fb,crmid:5405907933,8,4
65c44a02-83cb-11ea-bcf9-b88a60e194fb,crmid:1110506705,6,2
65c5a990-83cb-11ea-b79a-b88a60e194fb,crmid:9214681514,8,4
65c6e21a-83cb-11ea-9f9b-b88a60e194fb,crmid:2449685911,8,3
65c8419a-83cb-11ea-a8bf-b88a60e194fb,crmid:5964496990,3,7
65c9f0ba-83cb-11ea-94d1-b88a60e194fb,crmid:7076942530,8,4
65cb28ec-83cb-11ea-af7d-b88a60e194fb,crmid:9478383855,8,4
65cc8892-83cb-11ea-9cfa-b88a60e194fb,crmid:8468348225,2,9
65cde6e8-83cb-11ea-8e44-b88a60e194fb,crmid:9575314255,9,4
65cf4668-83cb-11ea-978e-b88a60e194fb,crmid:3528176336,2,9
65d057d8-83cb-11ea-99fb-b88a60e194fb,crmid:8501085962,5,8
65d1b76c-83cb-11ea-a370-b88a60e194fb,crmid:4588911071,4,7
65d2efec-83cb-11ea-94b9-b88a60e194fb,crmid:9646380637,2,10
65d40158-83cb-11ea-89f5-b88a60e194fb,crmid:9462680764,4,9
65d539d8-83cb-11ea-a42d-b88a60e194fb,crmid:5679797003,5,6
65d69964-83cb-11ea-bcaa-b88a60e194fb,crmid:3077136860,4,7
65d7f8f6-83cb-11ea-93a3-b88a60e194fb,crmid:3881212486,5,8
65d90a70-83cb-11ea-9bb7-b88a60e194fb,crmid:6878750629,7,3
65da69f4-83cb-11ea-a7d2-b88a60e194fb,crmid:3669038214,9,3
65dba26e-83cb-11ea-a1f3-b88a60e194fb,crmid:6061309657,9,4
65dcdae4-83cb-11ea-ad8b-b88a60e194fb,crmid:6487908335,7,4
65de889e-83cb-11ea-803f-b88a60e194fb,crmid:8710538893,4,10
65dfc10a-83cb-11ea-af10-b88a60e194fb,crmid:2048020197,9,4
65e0d27a-83cb-11ea-a694-b88a60e194fb,crmid:4979129976,7,3
65e2321a-83cb-11ea-a744-b88a60e194fb,crmid:1637288469,5,8
65e3918a-83cb-11ea-b618-b88a60e194fb,crmid:6863709745,7,6
65e4a470-83cb-11ea-9843-b88a60e194fb,crmid:2563374981,8,4
65e5dcdc-83cb-11ea-b189-b88a60e194fb,crmid:1144614764,5,8
65e73c76-83cb-11ea-ada5-b88a60e194fb,crmid:4767121194,7,3
65e874d8-83cb-11ea-ad76-b88a60e194fb,crmid:7886690768,9,4
65e9ad7a-83cb-11ea-99c1-b88a60e194fb,crmid:4485489381,7,5
65eb0dcc-83cb-11ea-8059-b88a60e194fb,crmid:5178872630,3,7
65ec9246-83cb-11ea-8df1-b88a60e194fb,crmid:6260207212,8,4
65edcb14-83cb-11ea-a07c-b88a60e194fb,crmid:7109912794,4,7
65ef0492-83cb-11ea-b5ef-b88a60e194fb,crmid:1468540228,8,3
65f12612-83cb-11ea-9750-b88a60e194fb,crmid:5163054919,7,3
65f2d3e6-83cb-11ea-8808-b88a60e194fb,crmid:9458974133,4,8
65f48168-83cb-11ea-a772-b88a60e194fb,crmid:9533569249,7,2
65f60810-83cb-11ea-acc1-b88a60e194fb,crmid:2552149614,5,9
65f78ff6-83cb-11ea-8042-b88a60e194fb,crmid:6402175893,8,4
65f8ef80-83cb-11ea-9cdf-b88a60e194fb,crmid:9809112439,7,3
65fa9bec-83cb-11ea-ae05-b88a60e194fb,crmid:2742099802,8,6
65fbfce4-83cb-11ea-9610-b88a60e194fb,crmid:5726998174,8,4
65fd5ca4-83cb-11ea-aea0-b88a60e194fb,crmid:5890628925,4,8
65fe951e-83cb-11ea-a740-b88a60e194fb,crmid:5611062969,8,4
66001a30-83cb-11ea-81e9-b88a60e194fb,crmid:3310017383,8,5
660179a4-83cb-11ea-a8f9-b88a60e194fb,crmid:2757185326,4,7
6602daae-83cb-11ea-bf7d-b88a60e194fb,crmid:5367209451,8,4
66041328-83cb-11ea-b5c8-b88a60e194fb,crmid:1502355433,7,4
6605e7e4-83cb-11ea-92b0-b88a60e194fb,crmid:9670179263,4,8
66071efa-83cb-11ea-8b1f-b88a60e194fb,crmid:8048848308,5,8
66087fb6-83cb-11ea-ba23-b88a60e194fb,crmid:5088866896,8,4
660a052e-83cb-11ea-8744-b88a60e194fb,crmid:1491132359,8,3
660bb2d8-83cb-11ea-83b6-b88a60e194fb,crmid:8826405584,5,7
660d1274-83cb-11ea-8323-b88a60e194fb,crmid:1205918688,4,8
660e71f0-83cb-11ea-aede-b88a60e194fb,crmid:9911368845,8,6
661020f8-83cb-11ea-8dc5-b88a60e194fb,crmid:5893963224,8,3
66118286-83cb-11ea-8cd7-b88a60e194fb,crmid:2074417763,5,3
66135552-83cb-11ea-9367-b88a60e194fb,crmid:6685009820,9,4
6614b522-83cb-11ea-b39e-b88a60e194fb,crmid:7865730698,5,8
66161498-83cb-11ea-baf4-b88a60e194fb,crmid:6403985614,8,3
6617c13a-83cb-11ea-970d-b88a60e194fb,crmid:7528625853,4,8
6619208c-83cb-11ea-8144-b88a60e194fb,crmid:7541061241,9,3
661a8074-83cb-11ea-bbe6-b88a60e194fb,crmid:2416042980,8,4
661bb88c-83cb-11ea-b2b5-b88a60e194fb,crmid:1844118509,9,4
661d406c-83cb-11ea-9900-b88a60e194fb,crmid:8061616466,7,4
661ea002-83cb-11ea-870d-b88a60e194fb,crmid:8277584817,8,4
661fb16e-83cb-11ea-ae58-b88a60e194fb,crmid:5369248453,5,8
6620e90c-83cb-11ea-89cc-b88a60e194fb,crmid:9884675779,9,4
66222112-83cb-11ea-bffe-b88a60e194fb,crmid:1448409313,7,3
66235986-83cb-11ea-9e6e-b88a60e194fb,crmid:4494201687,4,8
66255538-83cb-11ea-a257-b88a60e194fb,crmid:4215479389,8,3
6626b5dc-83cb-11ea-983b-b88a60e194fb,crmid:2064309302,7,3
6627c7a6-83cb-11ea-ae78-b88a60e194fb,crmid:3732582389,3,8
66294ce2-83cb-11ea-9f19-b88a60e194fb,crmid:1664293922,7,6
662aae7e-83cb-11ea-870f-b88a60e194fb,crmid:7556738193,4,9
662be65a-83cb-11ea-93d9-b88a60e194fb,crmid:8235002280,3,9
662cf65a-83cb-11ea-aa9e-b88a60e194fb,crmid:3426733650,7,4
662e7e5c-83cb-11ea-b53d-b88a60e194fb,crmid:4717525538,8,2
662fdcf4-83cb-11ea-bee4-b88a60e194fb,crmid:2358127886,6,3
66311676-83cb-11ea-89bd-b88a60e194fb,crmid:8274638360,7,3
663227e4-83cb-11ea-b4f6-b88a60e194fb,crmid:4582210855,3,8
66338626-83cb-11ea-9a47-b88a60e194fb,crmid:7709051036,9,4
66350e1e-83cb-11ea-8ee9-b88a60e194fb,crmid:4819825834,8,2
6638b634-83cb-11ea-983c-b88a60e194fb,crmid:6350430869,7,4
6639c90c-83cb-11ea-a64d-b88a60e194fb,crmid:1222662724,3,9
663b2958-83cb-11ea-a81b-b88a60e194fb,crmid:7250696245,8,5
663c6106-83cb-11ea-ba65-b88a60e194fb,crmid:9010834448,3,8
663dc098-83cb-11ea-b973-b88a60e194fb,crmid:8062451414,8,2
663ef926-83cb-11ea-ab36-b88a60e194fb,crmid:6904976029,9,6
6640319c-83cb-11ea-8b8f-b88a60e194fb,crmid:5548914033,2,6
66416a1a-83cb-11ea-8cf0-b88a60e194fb,crmid:2784902703,9,4
6642c89a-83cb-11ea-beeb-b88a60e194fb,crmid:2949826887,5,9
664427e6-83cb-11ea-8d65-b88a60e194fb,crmid:2656366876,9,3
664561b6-83cb-11ea-87a5-b88a60e194fb,crmid:1328226350,4,6
6647367a-83cb-11ea-9024-b88a60e194fb,crmid:5008021783,5,9
