crmid,email,first_name,last_name,gender,mobile telephone,city,country,zip,state,street_address,birthday,genre
crmid:3735833064,videotape1904@yahoo.com,Rodrigo,Ross,male,064-418-2018,Caledonia,United States,84886,Ohio,691 Boalt,1943-08-25,News
crmid:9112769837,cerulean1894@yandex.com,Giovanni,Hodges,,723-520-3557,Indianapolis,United States,83626,Nebraska,1036 Foote,1974-10-11,Reality-TV
crmid:4262308642,berenices1975@yandex.com,Edison,Bell,,695-620-6938,Keizer,United States,59417,Hawaii,704 Eddy,1976-09-16,Drama
crmid:6416131434,baghdadi2061@yandex.com,Josh,Gamble,male,119-373-0734,Norton Shores,United States,76399,Idaho,1132 Middlefield,1999-12-24,Action
crmid:9948090057,fanner1883@yandex.com,Dion,Parsons,male,155-117-4137,Oak Creek,United States,06643,North Carolina,711 Tingley,1940-03-23,Animation
crmid:6470379800,guppy2052@live.com,Grover,Russo,male,812-094-7253,Northfield,United States,02348,Illinois,606 Lydia,1999-01-21,Reality-TV
crmid:9887228817,snails1857@gmail.com,Sherlene,Castaneda,female,366-101-4013,Rancho Cordova,United States,11093,Wyoming,79 Edith,1949-08-05,Reality-TV
crmid:3735856013,goladar1932@outlook.com,Rickie,Bryant,male,648-485-3518,Carteret,United States,45682,Utah,217 Sanches,1944-08-04,News
crmid:1256137783,kalimbas1984@yahoo.com,Dudley,Beach,,368-177-8839,North Port,United States,26013,South Carolina,729 Moscow,1999-05-10,Action
crmid:1133046249,unworshipful1924@outlook.com,Dallas,Duran,,350-060-8532,South Lake Tahoe,United States,49562,North Dakota,293 Hicks,1989-05-30,History
crmid:1150079102,humidified1878@yahoo.com,Andrew,Knox,,024-016-3502,Malden,United States,64021,Alaska,676 Hagiwara Tea Garden,1985-10-07,Reality-TV
crmid:1760550133,gar1856@live.com,Anderson,Bruce,,247-095-1301,Neenah,United States,64151,Missouri,1014 Colin,1995-11-17,News
crmid:2607447865,schoolyard1831@yahoo.com,Mose,Hawkins,,283-397-3278,Marshall,United States,54478,New Jersey,1286 Bowdoin,1987-09-10,Action
crmid:6058980144,duress1955@yandex.com,Daryl,Suarez,female,049-456-0144,New Braunfels,United States,66813,Colorado,1013 Porter,1996-11-08,News
crmid:3523467850,chihuahua2000@yahoo.com,Alisia,Greene,female,911-237-2310,Durant,United States,07884,Kentucky,350 Ellington,1956-01-12,Horror
crmid:5645034012,neuratrophic1943@live.com,Coleman,Jones,,053-531-3127,Naples,United States,74081,Utah,769 Raycliff,1995-12-30,Account Cancelation
crmid:7768676525,battles1874@yahoo.com,Scot,Nieves,male,618-686-9669,Ozark,United States,58523,Georgia,1321 Boylston,1945-11-17,History
crmid:5051225852,transplace2006@yahoo.com,Illa,Wall,female,363-008-9259,Cypress,United States,23436,Michigan,95 Bellair,1952-04-30,Sport
crmid:9252520516,directory1991@yandex.com,Allan,Melendez,,286-403-7879,Modesto,United States,34648,Louisiana,1385 Sunrise,1992-06-06,News
crmid:3991918582,assorted2060@yahoo.com,Arden,Keller,male,645-109-5607,Bozeman,United States,84268,North Carolina,1249 Blackstone,1940-01-16,Action
crmid:7642720065,dehaan1824@yahoo.com,Rory,Rosario,male,202-375-7068,Calexico,United States,43058,Maryland,725 Powhattan,1943-08-25,Westerns
crmid:3357761024,gobio2018@gmail.com,Jerald,Clayton,male,264-511-5262,Bossier City,United States,20774,Indiana,240 Staples,1940-05-06,Sport
crmid:3319401339,nonya1990@live.com,Delmer,Dodson,male,819-106-1832,Stamford,United States,91485,North Carolina,534 Deems,1931-03-08,Biography
crmid:6133313021,moorhen2034@outlook.com,Wilfred,Wright,,821-958-3295,La Porte,United States,42927,West Virginia,522 Brannan,1979-08-12,Sport
crmid:9112137354,sequentializing1801@live.com,Lou,Leonard,,214-029-9407,Mattoon,United States,89439,Montana,151 Aerial,1988-06-15,Animation
crmid:7426681099,asthenopia1926@yahoo.com,Lupe,Levy,male,833-926-5115,Bellingham,United States,32988,Michigan,681 Liberty,1937-06-17,Reality-TV
crmid:1135189935,shawm2060@live.com,Stanford,Webster,,329-765-4815,Prescott,United States,70497,Pennsylvania,532 Leo,1980-01-14,Fantasy
crmid:1415534707,matutinary1956@live.com,Sung,Allison,,454-982-5378,Waco,United States,35725,Nevada,1094 Livingston,1978-10-18,Comedy
crmid:7539248615,detlev1978@yahoo.com,Heriberto,Mayer,,064-655-6586,Fountain,United States,37229,Idaho,224 Miguel,1963-06-28,Biography
crmid:8707070745,herbivore2060@live.com,Edgar,Mccoy,male,784-243-2041,Abilene,United States,13870,Massachusetts,1365 Sloat,1930-03-19,Action
crmid:9701192563,imprudential1981@gmail.com,Irvin,Turner,,217-631-5219,Streamwood,United States,83099,Alaska,572 Modoc,1979-04-01,Animation
crmid:2011603618,fowl1828@gmail.com,Ellis,Mayer,female,220-023-6618,Fairbanks,United States,51102,Kansas,187 Eucalyptus,1961-10-20,Comedy
crmid:6200924540,ceremonies1812@outlook.com,Nevada,Farrell,female,268-609-1769,Tucson,United States,92350,Maine,479 Culebra,1957-10-13,Biography
crmid:6963004926,naphthoxide1843@outlook.com,Cedric,Dawson,,161-309-5203,Hillsboro,United States,97006,Pennsylvania,850 Carnelian,1972-01-23,Horror
crmid:5500883163,divergence2064@yandex.com,Sidney,Solomon,male,000-309-3550,Bridgeton,United States,85189,Alaska,177 Fuente,1941-09-27,Family
crmid:2463342781,arleng1972@yandex.com,Garland,Santos,male,252-986-8947,Novato,United States,02283,Iowa,416 Van Keuren,1933-04-26,Action
crmid:3374468962,galopade2026@yandex.com,Tobias,Ramsey,male,608-389-9752,Beverly,United States,59359,Missouri,1304 Macedonia,1939-09-24,News
crmid:1794304171,disbelief1908@yahoo.com,Shae,Flowers,female,630-374-5168,Woburn,United States,71238,Wyoming,48 North Point,1955-08-10,History
crmid:3546403263,enteron1812@outlook.com,Terry,Walker,,702-708-0683,Maple Grove,United States,93556,Alaska,806 Osgood,1986-04-13,Sport
crmid:3609778443,synascidian1996@yahoo.com,Aubrey,Levy,,681-869-7986,Marion,United States,68555,Missouri,1363 Whitfield,1987-10-13,Reality-TV
crmid:4769549248,hydroponics1992@yahoo.com,Chong,Terrell,,011-210-2016,Indio,United States,74703,Missouri,843 Bosworth,1974-07-13,Action
crmid:8496760365,hocus2054@live.com,Ilda,Jensen,female,106-589-9000,Niles,United States,19239,Virginia,1138 Stern Grove,1997-03-22,Fantasy
crmid:9503908452,polyphone1941@outlook.com,Nelson,English,,740-002-2292,Richmond,United States,46372,Texas,718 United Nations,1987-09-21,Family
crmid:1930725970,hyperpersonal1898@live.com,Bobette,Espinoza,female,211-157-4096,Douglas,United States,82466,Arizona,750 Easement,1955-01-09,Reality-TV
crmid:9054724447,marsupialia1992@live.com,Franklin,Gonzales,male,362-206-0520,Brentwood,United States,24634,Maryland,1190 Ingerson,1941-04-11,Animation
crmid:2737564972,repassable1961@yahoo.com,Dagmar,English,female,529-007-6323,Weatherford,United States,12313,Pennsylvania,87 Richland,1955-02-09,News
crmid:3310561168,constitutions1803@gmail.com,Ardell,Weeks,female,812-717-5217,Chester,United States,00037,Louisiana,349 Houston,1946-01-30,News
crmid:7277075848,achaean1935@live.com,Dorthey,Merritt,female,198-905-6090,Dumont,United States,18381,Rhode Island,965 Ridgewood,1956-03-20,Action
crmid:4793434702,ameed2051@yahoo.com,Arianne,Morrison,female,624-972-7905,Raytown,United States,26346,Kansas,407 Simonds,1960-01-21,Sport
crmid:5483161908,horometry1817@outlook.com,Florrie,Farmer,female,170-032-3288,Waterbury,United States,86151,Arizona,327 Eighth,1960-11-21,Reality-TV
crmid:8515338229,emollient1983@yahoo.com,Trenton,Butler,male,139-987-2527,Augusta,United States,53313,Tennessee,785 Emmett,1935-09-04,History
crmid:7806932343,vanished1920@outlook.com,Jamel,Campos,male,974-301-6462,Albuquerque,United States,29790,Indiana,858 Murray,1931-05-05,Action
crmid:9066528470,saleps1997@yandex.com,Trevor,Clark,,002-134-1593,Lakewood,United States,85615,Kansas,382 Amherst,1980-08-18,Thriller
crmid:9804939568,chivalric1843@yahoo.com,Verdie,Puckett,female,915-111-1315,Muskego,United States,97526,Oregon,542 Freelon,1994-04-25,Horror
crmid:1438546969,chytridial1880@gmail.com,Kym,Moody,female,914-595-5401,Coeur d'Alene,United States,86917,Louisiana,929 Encline,1949-05-20,Reality-TV
crmid:8090401102,abody2039@yandex.com,Gaylord,George,male,196-764-1609,Tuscaloosa,United States,92141,Utah,1276 Cambridge,1935-04-11,Reality-TV
crmid:4389697272,jackal1895@yahoo.com,Tesha,Ware,female,287-552-6451,Copperas Cove,United States,99535,Idaho,521 Treat,1950-11-17,Horror
crmid:1130345856,bicentenarnaries1869@yandex.com,Clark,Eaton,male,161-124-8350,Smyrna,United States,09237,Maryland,1090 Cornwall,1934-02-09,News
crmid:1669974954,ditrematous1995@gmail.com,Sonny,Malone,,132-659-2223,Junction City,United States,64850,Wisconsin,222 Oakwood,1976-10-11,Fantasy
crmid:1924513106,alliya2057@live.com,Ike,Bowen,,726-890-6984,Medford,United States,20247,California,428 Clay,1988-04-29,News
crmid:6027516037,married1879@gmail.com,Arie,Rowland,female,669-145-4080,Trussville,United States,27216,South Carolina,565 Cypress,1961-01-25,Fantasy
crmid:3314815966,macaw1940@gmail.com,Harris,Bonner,,579-575-1429,Tuscaloosa,United States,46930,Alaska,221 Julian,1985-04-22,News
crmid:1930714408,enrapt2030@yandex.com,Keith,Newman,,696-466-7840,Milwaukee,United States,87032,New Hampshire,1263 Santos,1991-06-24,Westerns
crmid:1563235548,caribous1996@live.com,Keena,Woods,female,114-362-2893,Charlotte,United States,59948,Washington,301 Cottage,1946-10-20,Action
crmid:1763689330,nuzzles1979@yandex.com,Lorean,Francis,female,690-210-9499,Provo,United States,19811,Texas,80 Zoo,1953-06-10,Reality-TV
crmid:8381254214,sapid1937@outlook.com,Milford,Hanson,,103-407-8037,South El Monte,United States,43245,Louisiana,389 Lyndhurst,1988-06-28,Drama
crmid:8877761587,overshorten2005@gmail.com,Genna,Fox,female,966-848-3626,Perth Amboy,United States,61786,Montana,868 Mission Rock,1956-03-10,Sport
crmid:7947162894,brierley1908@gmail.com,Toney,Fields,,162-297-6002,Lake Elsinore,United States,85826,Louisiana,546 Gillette,1980-07-18,News
crmid:8070144101,baboon1878@outlook.com,Alva,Snider,,652-249-5225,Kissimmee,United States,13986,Georgia,1381 Patton,1978-03-07,Thriller
crmid:9921295253,wichtisite1954@yandex.com,Raymon,Armstrong,,440-009-3479,Hialeah Gardens,United States,32423,New Hampshire,976 Larch,1971-06-08,Action
crmid:8209650793,cabasset1862@yandex.com,Tamekia,Page,female,699-393-0757,Peachtree City,United States,95141,Delaware,648 Funston,1995-03-20,Sport
crmid:5759654902,experimentalist2030@outlook.com,Gus,Cooke,,744-003-9636,Ocala,United States,78684,Illinois,240 Troy,1987-02-23,Animation
crmid:2616429969,dewit1915@outlook.com,Armand,Morton,,361-879-0786,Longview,United States,94077,Iowa,807 Santa Marina,1984-03-16,News
crmid:1507542160,bahama2021@yahoo.com,Marth,Zamora,female,812-254-3407,Saco,United States,99695,Pennsylvania,539 Clarendon,1956-11-12,Action
crmid:3671768098,dirtbird1820@yandex.com,Geraldo,Todd,,875-468-2323,Taylorsville,United States,50902,Kansas,1145 Battery East,1990-01-19,Biography
crmid:2504544588,abaft1897@outlook.com,Jody,Riggs,male,539-907-7806,Yucca Valley,United States,70756,Vermont,1289 Foerster,1934-05-25,News
crmid:4122617848,claimed1873@yahoo.com,Michal,Ellison,,792-852-7531,Havelock,United States,20828,Maryland,293 Sears,1970-04-27,Reality-TV
crmid:8454410689,chalon1884@yahoo.com,Basil,Carson,male,016-723-7352,Winter Springs,United States,80310,Illinois,1295 Tulane,1938-01-05,History
crmid:8064179739,birretta2025@yahoo.com,Eric,Foster,,214-029-7751,Schaumburg,United States,55884,Utah,1275 Caselli,1994-09-23,Action
crmid:6915003986,sided1867@gmail.com,Clinton,Sanford,,205-877-5048,Fridley,United States,46076,Hawaii,1056 Cuvier,1964-08-29,Comedy
crmid:8985602682,ecthyma2035@live.com,Thomas,Cohen,,125-590-5539,Modesto,United States,86266,Idaho,119 Southern Heights,1992-05-23,History
crmid:7254319718,precomparison2055@live.com,Carroll,Gay,,714-510-4366,Glendale,United States,20937,Oklahoma,397 Transverse,1966-05-10,Action
crmid:6698779376,alluring1848@outlook.com,Yajaira,Kelly,female,834-807-9212,Cooper City,United States,65508,Mississippi,1013 Helen,1950-11-23,Action
crmid:1736128155,costumey2017@yahoo.com,Brady,Larsen,,205-303-4806,Portland,United States,43385,Massachusetts,870 Eastwood,1987-10-12,News
crmid:9786481857,eyelashes1848@yahoo.com,Anthony,Lester,male,923-544-7421,Anaheim,United States,03008,Maryland,1212 Chatham,1932-01-17,Mystery
crmid:9840293175,unshackled2065@gmail.com,Johnathon,Lyons,,010-396-8213,Kingsport,United States,87750,South Carolina,661 Topaz,1977-07-26,Sport
crmid:1790982198,celature1878@outlook.com,Danilo,Burnett,male,378-331-0144,Roseburg,United States,51152,Louisiana,1072 Navy,1942-02-04,News
crmid:4222946778,tupelo1912@gmail.com,Kareem,Lawrence,,767-017-7353,Hinesville,United States,78452,California,136 Rosie Lee,1972-12-13,Fantasy
crmid:8905831479,cyrenaic2044@yandex.com,Anton,Dodson,,794-837-4262,Scarsdale,United States,91750,Wisconsin,1035 Hamlin,1966-02-22,Westerns
crmid:1978792698,cannibals2037@yandex.com,Casey,Rowland,male,699-753-3575,Perris,United States,91701,Arizona,1172 Linden,1945-02-25,Action
crmid:9388445604,eagle1967@outlook.com,Reid,Ward,,786-918-8276,St. Louis Park,United States,33459,Missouri,453 Mariner,1973-08-12,Thriller
crmid:4887521829,aletaster2047@yahoo.com,Delorse,Delaney,female,782-102-7952,Mountain Brook,United States,12870,Louisiana,443 Hudson,1994-04-04,Family
crmid:1583200643,cornea1824@yahoo.com,Jeremiah,Garrett,,629-171-7873,West Mifflin,United States,72827,Maine,764 Magellan,1963-07-29,History
crmid:9286326243,xyloquinone1843@yahoo.com,Eugenio,Franco,male,022-079-7531,Santa Fe Springs,United States,67813,Colorado,164 Marion,1934-04-10,Fantasy
crmid:1078825144,indris1849@outlook.com,Freddy,Chen,male,622-086-0714,Wheeling,United States,55025,Connecticut,1285 Chinook,1995-10-19,Biography
crmid:8801216351,alcoholic1853@outlook.com,Allen,Robbins,male,999-875-1863,Woodstock,United States,07919,Oregon,1307 Merrill,1931-01-25,Biography
crmid:2390304331,rykes2067@yandex.com,Wendell,Howell,male,734-402-4413,Pawtucket,United States,04257,Missouri,929 Plum,1938-10-15,Fantasy
crmid:9303546040,silaginoid2027@live.com,Noel,Hancock,,546-888-2347,Galt,United States,34344,Ohio,307 Robert C Levy,1965-07-01,Thriller
crmid:3977432474,annemari2056@live.com,Anderson,Osborne,male,776-471-9780,North Platte,United States,95064,North Carolina,607 Wyman,1999-10-19,News
crmid:3802266412,phlegmier1962@outlook.com,Jayson,Boone,,478-344-6154,Temecula,United States,87798,Rhode Island,368 Letterman,1968-03-27,Animation
crmid:8665252261,schizophrenic1921@live.com,Kendrick,Morrison,,399-984-2388,Shakopee,United States,43438,New Hampshire,678 Hayes,1985-09-11,Thriller
crmid:2621104972,diene1935@gmail.com,Noel,Townsend,,157-018-0539,Mankato,United States,94040,Kentucky,275 Argent,1986-12-15,Fantasy
crmid:7181288103,clandestine1917@yandex.com,Thanh,Odom,male,687-729-0234,San Bernardino,United States,06926,Vermont,561 Larch,1938-09-22,Biography
crmid:1743366993,abscess2046@gmail.com,Abel,Mcintosh,,292-043-9235,San Jacinto,United States,24500,New Mexico,420 Ramsel,1964-07-29,Biography
crmid:5365391505,paraflocculus1991@gmail.com,Cyndy,Lopez,female,113-021-9084,Cheyenne,United States,15255,Arkansas,246 Dunshee,1947-02-17,Account Cancelation
crmid:9475833116,demijohn1919@outlook.com,Octavio,Mercer,male,000-609-9213,Adelanto,United States,76480,Alaska,349 Butte,1930-12-14,News
crmid:2814340967,uneducate2050@yandex.com,Morton,Santiago,,077-382-2338,Lehi,United States,20481,New York,1141 Boylston,1982-05-01,Reality-TV
crmid:1298569163,mocha1990@live.com,Luis,Stephens,female,129-838-8287,Pampa,United States,19459,Mississippi,211 Jules,1947-06-28,Fantasy
crmid:4041024753,sixteenths1859@live.com,Sonny,O'connor,,096-151-2034,Summerville,United States,84821,Texas,528 Noriega,1993-11-08,History
crmid:1955448050,bullocks1954@yandex.com,Mckinley,Bush,male,367-965-8673,Oswego,United States,73143,Mississippi,923 Napier,1939-07-04,Sport
crmid:1431986524,haddest1916@outlook.com,Zachery,Ingram,,139-761-7135,Mount Vernon,United States,41569,Maryland,261 Haight,1994-08-16,Biography
crmid:9909543222,polyphonist1841@yahoo.com,Yon,Ortega,female,973-404-6108,Chicago Heights,United States,86209,Wisconsin,692 Pontiac,1947-09-22,News
crmid:8356892814,outscouring1996@yahoo.com,Jame,Preston,,072-249-6091,Hendersonville,United States,00827,Colorado,650 Oliver,1971-01-17,News
crmid:5256420047,forrard1858@outlook.com,Ardelia,Roman,female,081-613-5457,Costa Mesa,United States,06790,Oklahoma,1379 Conservatory Access,1951-01-25,History
crmid:8336704253,depravities1910@yahoo.com,Devon,Petty,male,607-087-0923,Bessemer,United States,77599,Utah,44 Amity,1938-12-05,Reality-TV
crmid:7659341884,impious1867@yahoo.com,Kary,Dean,female,031-649-6922,Crystal,United States,89231,Arkansas,1171 Marvel,1952-12-30,Biography
crmid:2607871585,bridgeman2007@live.com,Dave,Mayer,,893-730-8257,Indio,United States,79865,New York,832 Hale,1974-01-31,Reality-TV
crmid:8315019368,podagry1920@yahoo.com,Margarito,Barrett,,018-133-9080,Mount Vernon,United States,71470,Maryland,483 Lucerne,1994-05-07,Action
crmid:9419013890,brachial2033@gmail.com,Millard,Page,,791-143-7851,LaGrange,United States,37698,Delaware,923 Flood,1979-06-02,Animation
crmid:4235024362,subnetworks2025@yandex.com,Kortney,Wolfe,female,473-531-7390,Vicksburg,United States,72224,New Hampshire,1118 Mojave,1957-10-09,Action
crmid:2385394319,basnet1894@yandex.com,Jean,Booth,,309-039-1731,Milwaukee,United States,96582,Iowa,1144 Fella,1991-01-22,Horror
crmid:2723043168,snidest1952@outlook.com,Marlin,Jennings,,814-549-9285,Kenmore,United States,50243,Maryland,265 Healy,1977-10-04,News
crmid:5201864670,camelus1847@gmail.com,Jinny,Swanson,female,851-900-5873,Wisconsin Rapids,United States,22105,Wisconsin,782 Fitzgerald,1956-04-28,Biography
crmid:9138053003,celadon1871@yandex.com,Mario,Hobbs,female,332-631-0923,Conway,United States,85646,North Carolina,1113 Dedman,1950-10-19,Family
crmid:6990062268,nondyspeptically2047@yandex.com,Alva,Cote,male,457-158-4128,Abilene,United States,01264,Wyoming,257 Winthrop,1930-01-07,Horror
crmid:9672820544,bluefish1979@gmail.com,Cristopher,Underwood,,956-961-7643,Kirkland,United States,13103,Oklahoma,1172 Liebig,1978-04-12,Action
crmid:5551754121,decrowning2063@yandex.com,Clifford,Nunez,,164-590-5173,Thousand Oaks,United States,26266,Nevada,643 Thrift,1963-06-23,Mystery
crmid:3598571365,tabid1843@gmail.com,Elicia,Stewart,female,710-107-0011,Vero Beach,United States,28102,Georgia,286 Belgrave,1957-03-28,Biography
crmid:5017369856,pyrrhic1946@yandex.com,Broderick,Long,male,440-151-5097,Venice,United States,56751,Maine,901 Fernandez,1997-01-21,Westerns
crmid:5412259786,deprive1914@outlook.com,Claude,Sweeney,female,952-940-2958,New Brighton,United States,62892,North Dakota,757 Isadora Duncan,1996-11-07,Biography
crmid:9032102960,crumby2070@outlook.com,Kurt,Montgomery,male,629-629-1654,Vestavia Hills,United States,70369,Washington,496 Watt,1939-06-20,News
crmid:8005617676,empathetic1836@outlook.com,Ailene,Woodard,female,154-859-9740,Tyler,United States,20501,Ohio,984 Parker,1960-12-01,Fantasy
crmid:6947554814,irrelevantly1914@gmail.com,Celinda,Vaughn,female,515-597-9676,Warren,United States,87100,Pennsylvania,650 Greenspring,1952-12-03,Family
crmid:3244310636,boatly1907@yandex.com,Rueben,Hodge,male,638-935-4342,San Fernando,United States,04259,Maryland,629 Paul,1937-08-14,Mystery
crmid:8998616406,scandic1901@yandex.com,Mitch,Black,,426-172-7576,Murray,United States,38270,Idaho,405 Jauss,1994-07-30,News
crmid:1308335705,avestan2025@gmail.com,Colin,Hartman,male,114-394-5879,New Smyrna Beach,United States,68374,Florida,370 Varennes,1997-11-01,News
crmid:5260235971,palookas1891@outlook.com,Reggie,Riley,,205-232-1418,Melrose,United States,31735,Vermont,854 Balmy,1989-07-16,Mystery
crmid:1111075553,livyer2019@live.com,Vincent,Robertson,,383-904-1016,Scranton,United States,81679,Nevada,789 Letterman,1965-03-06,Reality-TV
crmid:9635243008,jimjums2018@gmail.com,Devin,Ayers,male,943-156-6479,Arcata,United States,16014,Wyoming,718 Royal,1933-03-01,History
crmid:4343660801,dabber1980@yahoo.com,Hilario,Lewis,male,654-273-3453,Bartow,United States,22365,Nebraska,426 Kimball,1936-05-17,Action
crmid:9008854427,cleanup1841@yandex.com,Dion,Faulkner,female,804-958-5136,South Pasadena,United States,12196,Iowa,833 Carver,1947-03-09,Sport
crmid:4547258768,preprudently2006@yandex.com,King,Blair,male,801-489-5358,Zion,United States,67570,Florida,826 Brannan,1939-12-11,Thriller
crmid:3605783648,bumpy1999@yandex.com,Annabell,Long,female,170-352-0816,Ormond Beach,United States,76513,Delaware,177 Westgate,1958-10-01,Comedy
crmid:8997468288,reefer2030@yahoo.com,Marcos,Dixon,,520-670-2660,Liberal,United States,67652,South Dakota,759 Royal,1982-10-13,Fantasy
crmid:4648794000,elk2048@live.com,Tyron,May,,903-353-6343,Winter Haven,United States,67490,Texas,1147 Wheeler,1987-11-13,Family
crmid:5704209994,darkens1851@yahoo.com,Eulah,Wilson,female,785-253-7437,Eagle Pass,United States,89301,Georgia,442 Twin Peaks,1956-03-31,Reality-TV
crmid:3865378047,omnivora1929@yandex.com,Kaley,Simon,female,426-903-3533,Mundelein,United States,76281,Kentucky,1256 Point Lobos,1994-12-30,Biography
crmid:7538346102,bird1866@live.com,Bryon,Ryan,,872-852-1620,Oak Lawn,United States,40060,Texas,1239 Seventh,1984-01-01,Mystery
crmid:5309679202,irater1828@live.com,Bruno,Levy,male,261-076-6111,Port Orange,United States,76048,Missouri,1383 Guerrero,1945-11-27,Horror
crmid:5134183977,dominiqu1972@gmail.com,Claud,Farrell,male,320-227-0841,Agawam,United States,06870,Michigan,530 Mars,1930-02-09,Reality-TV
crmid:6695189103,exaggerating1979@yandex.com,Mark,Abbott,male,467-577-2930,Berkeley,United States,31346,Wisconsin,443 Wanda,1938-07-01,Biography
crmid:3446227920,canille1982@yahoo.com,Omar,Allison,,127-749-1066,Providence,United States,25860,Pennsylvania,574 Montclair,1962-11-18,Sport
crmid:8081969059,insaneness1877@outlook.com,Lauren,Rios,,431-443-0896,Gilroy,United States,63487,Idaho,945 Doric,1966-10-31,Family
crmid:3321320265,ceriel1864@gmail.com,Katia,Andrews,female,752-655-4772,Des Plaines,United States,87055,Florida,1152 Brooklyn,1954-11-24,Fantasy
crmid:5961941084,disobligatory1933@gmail.com,Ed,Bean,,584-723-3008,Stanton,United States,21260,Utah,1126 Iowa,1967-02-14,News
crmid:2233182821,streamiest1970@gmail.com,Homer,Buckley,male,933-618-0781,Parkland,United States,85017,Wyoming,1066 Oriole,1931-05-04,Sport
crmid:2394595418,glome2058@outlook.com,Lauren,Miranda,,683-692-5977,Gilbert,United States,61364,North Carolina,1266 Reno,1966-10-14,History
crmid:4894111845,antebellum2008@outlook.com,Herman,White,male,667-835-2611,Payson,United States,60725,South Dakota,290 Persia,1999-01-21,Reality-TV
crmid:5023317413,apotropaion1886@gmail.com,Janetta,Woodard,female,395-068-8149,Urbandale,United States,52956,Colorado,1334 Wyton,1998-10-07,History
crmid:1119520595,everard1922@yandex.com,Erminia,Best,female,588-224-2320,Santa Clarita,United States,16182,Kansas,1169 Hangah,1950-11-20,Fantasy
crmid:2095491446,cronet1925@gmail.com,Gerardo,Gordon,,175-046-5350,Greenville,United States,32298,New York,430 Hillway,1968-06-05,Sport
crmid:8127980236,proattendance1972@outlook.com,Marcelo,Vinson,male,326-480-2622,Apache Junction,United States,37032,South Carolina,842 Hyde,1933-07-30,News
crmid:8064529465,listers1985@yandex.com,Tuan,Nicholson,male,980-150-5884,Tupelo,United States,95823,Wyoming,341 Bradford,1939-09-21,Thriller
crmid:6638412530,represented2035@yahoo.com,Otha,Ferguson,,955-426-6689,St. Marys,United States,48623,New Jersey,1129 Eugenia,1992-02-28,Fantasy
crmid:5197927068,slavonian1987@gmail.com,Temeka,Gentry,female,302-355-9178,Cornelius,United States,46406,Pennsylvania,640 La Bica,1950-08-11,Biography
crmid:4831738322,chavender2050@outlook.com,Brittni,Campos,female,079-851-2000,Pembroke Pines,United States,11340,Washington,1308 Blairwood,1955-01-05,Mystery
crmid:2003113169,mirth1974@outlook.com,Allegra,Little,female,473-411-4431,San Dimas,United States,86067,Maine,875 Powell,1950-11-20,Comedy
crmid:5507152087,weinmannia1966@outlook.com,Brenton,Lewis,,894-712-4330,Holyoke,United States,88020,Oklahoma,1322 Moulton,1972-09-26,Horror
crmid:1746232955,cocain1957@gmail.com,Nevada,Short,female,508-304-6324,Douglasville,United States,53841,Texas,1035 Cedro,1955-09-29,History
crmid:5712685568,skeptics1891@outlook.com,Rivka,Morrison,female,914-982-7378,Wisconsin Rapids,United States,14671,Alaska,4 Farragut,1947-07-21,Action
crmid:8713515347,angelo2005@live.com,Merrill,Goff,,254-861-5952,Johns Creek,United States,86737,Tennessee,1233 Paulding,1975-01-20,Reality-TV
crmid:1214595734,undistrustfulness2038@live.com,Kerry,Hatfield,,848-271-8013,St. Paul,United States,80983,Wisconsin,1376 Weldon,1977-01-22,Reality-TV
crmid:5757459799,riotise1875@yandex.com,Regine,Chaney,female,116-584-1227,Pflugerville,United States,17617,Tennessee,1210 Fourth,1946-12-21,Biography
crmid:2170927907,bobby2053@outlook.com,Colton,Holloway,,019-018-9751,Millbrook,United States,20897,Nevada,1358 Trinity,1991-04-05,Horror
crmid:7608986194,skyre2017@outlook.com,Jonah,Valenzuela,male,368-057-6640,Titusville,United States,75508,Rhode Island,647 Quincy,1999-10-02,Animation
crmid:4453791366,crinoline1912@yandex.com,Thomasena,Wallace,female,860-751-0893,Davenport,United States,59428,Utah,121 Downey,1953-09-30,Comedy
crmid:3622837939,extemporaneity1824@outlook.com,Deandre,Farley,,180-239-5445,Reno,United States,54162,Pennsylvania,1082 Bellevue,1997-07-20,History
crmid:7258286206,mule2057@yandex.com,Lonnie,Jenkins,,452-401-3378,Naperville,United States,98985,Nevada,1396 Edith,1995-09-27,Animation
crmid:2566048500,approachable1985@yandex.com,Courtney,Cantu,,921-851-4197,Moscow,United States,84113,New Hampshire,919 Juanita,1993-02-15,News
crmid:6637077823,phlegmier1886@outlook.com,Anibal,Britt,,362-268-0862,Leominster,United States,40083,Hawaii,684 Dorchester,1982-08-04,Drama
crmid:9622157177,scarfwise1958@yahoo.com,Miguel,Sears,,953-578-6113,Royal Oak,United States,55214,Kentucky,62 Lone Mountain,1964-04-05,Action
crmid:8171480534,pimplinae1960@yahoo.com,Jacelyn,Campos,female,111-572-2014,Clarksville,United States,76137,Mississippi,1310 Cityview,1948-10-23,News
crmid:9941700946,cosimo2026@yahoo.com,Joella,Robinson,female,174-123-9725,Conway,United States,89274,Hawaii,281 Paloma,1950-04-25,Mystery
crmid:1405262052,resignful1941@outlook.com,Jerold,Bennett,male,977-392-9852,Beverly Hills,United States,72642,Wyoming,637 Forest Side,1939-12-23,Action
crmid:9429938642,redictating1933@gmail.com,Frederick,Oliver,male,891-722-5048,Panama City,United States,09635,Oregon,298 Essex,1933-10-07,History
crmid:7678196956,livering1925@yandex.com,Vasiliki,Cash,female,352-428-6192,East St. Louis,United States,81163,Arizona,315 Tompkins,1957-09-05,Action
crmid:2754851552,septembral2063@outlook.com,Sung,Guy,,111-194-6552,South Plainfield,United States,36455,Utah,1307 Thornburg,1973-07-22,News
crmid:7981842302,kazatske1961@gmail.com,Sau,Skinner,female,698-533-3059,Naugatuck,United States,24136,Pennsylvania,1124 Lysette,1995-04-27,Horror
crmid:7697912218,splendiferous2020@outlook.com,Otha,Berry,,673-740-2119,Prairie Village,United States,93449,Pennsylvania,799 Rebecca,1974-08-15,Fantasy
crmid:9876625349,tingler2066@live.com,Wes,Mcdaniel,male,637-439-8584,Pleasantville,United States,05695,Vermont,771 Laguna Honda,1941-10-19,Action
crmid:8434737884,arsonium1840@gmail.com,Cory,Barnett,male,422-607-2309,Bartlett,United States,18804,Louisiana,477 Christmas Tree Point,1936-02-02,News
crmid:9049553961,biggonet1840@yahoo.com,Bruce,Hayden,,837-416-3117,Lexington,United States,21939,Wyoming,372 Cambon,1982-04-14,Action
crmid:9125199632,hepatolith1921@yandex.com,Cristopher,Valencia,male,368-241-7085,Norristown,United States,18318,Louisiana,585 Harris,1998-02-04,Comedy
crmid:8208722679,misogamic2041@live.com,Kermit,Henderson,male,416-573-6087,Royal Oak,United States,53448,Nevada,391 North Point,1994-01-11,News
crmid:3980889479,floral1893@outlook.com,Edmundo,Cochran,male,895-373-4744,Utica,United States,50176,Idaho,986 Diamond Cove,1999-09-02,Mystery
crmid:4808482363,californicus2062@outlook.com,Gerard,Hendrix,,822-029-2034,Fond du Lac,United States,89482,North Carolina,1354 Prospect,1962-09-08,News
crmid:1362796562,tandoori1959@live.com,Isiah,Caldwell,male,692-061-8905,Bettendorf,United States,61450,Alaska,550 Jade,1938-11-09,Action
crmid:7182307637,octachord1906@live.com,Jere,Green,,141-513-0266,Hermosa Beach,United States,10893,Vermont,442 Gennessee,1971-03-06,Action
crmid:1946922642,validity2029@outlook.com,Otto,Jennings,male,070-855-2552,Upland,United States,07466,New Jersey,1199 Black,1930-12-20,Action
crmid:2573779233,nepenthe1961@outlook.com,Kam,Floyd,female,667-252-3343,Salina,United States,67228,West Virginia,1187 Hays,1956-04-10,Reality-TV
