crmid,email,first_name,last_name,gender,mobile_telephone,city,country,zip,state,street_address,birthday,creditrating
crmid:1294796569,zelkova2049@yahoo.com,Bruce,Beard,,200-625-0035,Huntersville,United States,86209,West Virginia,454 Jamestown,1973-08-22,1705
crmid:8888020135,tunisians1867@yandex.com,Isadora,Rose,female,150-685-4956,Rock Hill,United States,72111,Ohio,250 Arago,1957-04-25,2796
crmid:4136503547,bosom1814@yandex.com,Kevin,Hendrix,,367-635-2496,Medina,United States,38631,Alaska,684 John Muir,1989-06-17,830
crmid:4252302060,superinference1896@gmail.com,Pasquale,Vincent,,608-196-1618,Skokie,United States,34849,Alaska,387 Hodges,1978-08-25,2217
crmid:1330955536,cadwal1907@yandex.com,Elisha,Kim,,282-421-1434,San Marcos,United States,96703,Virginia,1000 Exchange,1993-01-06,1234
crmid:7046496788,estes2050@yandex.com,Jerome,Rodgers,male,568-887-5308,Valparaiso,United States,51798,Idaho,759 Trader Vic,1943-05-25,1357
crmid:5711069793,cycloids2070@gmail.com,Winford,Fischer,male,803-303-3896,Bell,United States,50998,Arkansas,409 Magnolia,1937-10-10,870
crmid:5353976639,scoop1985@yahoo.com,Fletcher,Campbell,,753-691-1601,Missouri City,United States,58628,Florida,742 Jeopardy,1992-09-29,1094
crmid:6211626958,colombian2030@live.com,Nolan,Knowles,,323-744-8319,Reedley,United States,53514,Nebraska,1135 Lori,1999-06-12,2363
crmid:5524680826,choluteca1926@gmail.com,Jae,Stein,,392-013-5425,Tallmadge,United States,97158,California,729 Holladay,1972-03-10,349
crmid:7652520324,subject1979@yahoo.com,Darwin,Mckinney,male,322-028-0976,Newton,United States,05983,Massachusetts,517 Northern,1997-01-05,871
crmid:3979253486,banish1980@outlook.com,Theron,Dotson,male,282-039-4107,Trotwood,United States,02532,Maryland,32 Harris,1937-09-08,829
crmid:3868175891,bencher1987@outlook.com,Danilo,Gray,,481-346-7011,Hallandale Beach,United States,35168,Vermont,424 Napier,1969-07-24,789
crmid:5466157167,cerite1964@yahoo.com,Robbyn,Stanton,female,864-201-8499,Newark,United States,89823,Hawaii,613 Roselyn,1997-03-29,1448
crmid:2225289533,scabs1817@yahoo.com,Leroy,Sanchez,male,477-114-5485,Berwyn,United States,93928,Arizona,855 Bellevue,1938-11-12,786
crmid:6672889715,axonophora1976@gmail.com,Felix,Hammond,,748-963-4696,Homer Glen,United States,63331,Minnesota,496 Bepler,1972-10-23,2740
crmid:6198409357,colorize1967@yandex.com,Zachariah,Watson,male,588-064-2051,Bryan,United States,69835,Alaska,1299 Lake Forest,1942-11-19,1343
crmid:4810200288,bitton1822@gmail.com,Mike,Bird,male,862-600-1032,Pearland,United States,00852,New Jersey,516 Myrtle,1938-07-03,1935
crmid:8625418986,papillon2009@live.com,Denver,Russell,,664-718-0246,Tallmadge,United States,69646,New Jersey,837 Miley,1965-08-04,1626
crmid:2256179116,toelike1807@gmail.com,Billy,Guy,,381-430-2745,Meriden,United States,36136,Alabama,633 Coralino,1989-05-24,1236
crmid:8264685893,dayton1861@outlook.com,Norman,French,,572-566-2211,Marshall,United States,41381,Pennsylvania,413 Plymouth,1987-07-02,1009
crmid:6723790448,unseduceability1956@live.com,Ignacia,Mccray,female,720-861-0376,Saratoga Springs,United States,25541,Maine,380 Heritage,1956-11-19,363
crmid:2453358172,microphytology1959@live.com,Leopoldo,Gonzalez,,040-707-9670,Lodi,United States,41394,Maryland,26 Sutro Heights,1983-08-19,1886
crmid:5759826521,weasel1911@live.com,Wilton,Hawkins,,032-720-4810,Walla Walla,United States,24832,Maryland,814 Banbury,1968-12-16,2129
crmid:3314411709,bihai1828@yandex.com,Barry,Peters,,044-942-5764,Frankfort,United States,52020,Alaska,858 Broadway,1963-10-11,1463
crmid:5606704090,dessa1813@yandex.com,Leeanna,May,female,475-052-9004,York,United States,56655,Alaska,937 Wood,1951-10-10,1053
crmid:5945093742,papulation1969@yahoo.com,Elsy,Mccarty,female,176-429-5712,Christiansburg,United States,12315,Colorado,960 Quebec,1947-03-19,709
crmid:1261101694,bhava1873@yahoo.com,Eugene,Parker,,330-710-3181,Winchester,United States,99796,Iowa,605 Fredson,1977-05-21,2279
crmid:2980870455,monkhood1995@yahoo.com,Larry,Mckee,male,770-840-7375,Burlingame,United States,32637,Virginia,43 Divisadero,1943-06-19,396
crmid:3281945704,abrar1930@outlook.com,Lavera,Williams,female,705-589-1252,Clarksburg,United States,29598,Rhode Island,658 Banbury,1948-05-31,925
crmid:1870684452,axled1995@outlook.com,Brooks,Moon,male,646-010-0757,New York,United States,70693,Vermont,1016 Boylston,1997-01-03,2682
crmid:2526769191,catbird1833@yandex.com,Carroll,Bradley,,778-484-0067,Lewiston,United States,87810,Indiana,133 Aquavista,1982-02-06,2046
crmid:3436277587,achamma2017@gmail.com,Francisco,Santiago,male,946-944-9743,Riverbank,United States,19205,Maine,1311 Steveloe,1944-11-28,1848
crmid:4004712414,plotter2042@yahoo.com,Cyrus,Carver,,900-087-3104,Wilkinsburg,United States,36691,West Virginia,305 Cook,1973-09-20,1345
crmid:5131890060,abrasive2035@yahoo.com,Karly,Webb,female,634-736-5999,Vestavia Hills,United States,98891,Arkansas,754 Page,1948-04-30,1229
crmid:6276819591,dynamistic1857@outlook.com,Vince,Galloway,,663-143-3988,Portland,United States,98925,Virginia,89 Woodacre,1988-05-08,2968
crmid:6348462169,heft1981@yahoo.com,Palmer,Holcomb,,079-464-1147,Hoover,United States,04408,Wisconsin,997 Bellair,1973-01-08,1370
crmid:4424380297,unpracticable2033@gmail.com,Truman,Perez,male,977-367-5340,Apple Valley,United States,87164,Hawaii,667 Alta,1933-09-23,2813
crmid:7918406227,uncircumvented2069@outlook.com,Burl,Vazquez,male,299-745-5765,Port Hueneme,United States,87055,Kentucky,158 Lapidge,1939-02-19,2247
crmid:9654613370,ladybird1877@gmail.com,Whitney,Warren,male,905-467-4110,Novi,United States,07981,Alaska,788 Wetmore,1941-10-30,556
crmid:4991564640,irresponsible2012@yahoo.com,Beatris,Dunn,female,230-102-5057,Coralville,United States,02813,Alaska,565 Belcher,1950-01-09,2410
crmid:2616915743,barmecide1997@yahoo.com,Coleman,Stevenson,,721-013-5374,Twin Falls,United States,30133,West Virginia,332 Gene Friend,1977-03-03,2428
crmid:5914157558,stooter1905@outlook.com,Ronald,Santiago,female,146-903-3395,Decatur,United States,45214,Tennessee,850 Bradford,1953-07-26,428
crmid:6205612953,intertarsal1929@yahoo.com,Errol,Wiggins,,094-983-8896,South El Monte,United States,63013,Kentucky,139 Dow,1976-01-02,324
crmid:4241473675,rotavirus1871@gmail.com,Frank,Graves,male,342-345-8922,Scarsdale,United States,07301,Montana,958 Karen,1940-04-12,2562
crmid:1231463022,staminigerous1823@gmail.com,Antonia,Bates,male,457-022-5787,Caledonia,United States,00784,North Dakota,212 Candyland,1943-01-02,2285
crmid:4790708331,rille1937@yandex.com,Hong,Edwards,,127-325-5990,Statesville,United States,42287,Louisiana,302 Gibson,1993-02-08,2765
crmid:1941186144,geologizing1906@gmail.com,Mario,Barrera,,598-111-7210,Friendswood,United States,84302,Ohio,1078 Adam,1964-08-15,629
crmid:4597685488,exacter2011@outlook.com,Joel,Howell,male,960-976-5990,Bridgeport,United States,74769,Nebraska,394 Stanyan,1941-05-15,2512
crmid:4733564498,diena1892@gmail.com,Georgiann,Bowman,female,381-304-4842,Coachella,United States,90113,Vermont,222 Dicha,1948-03-03,2918
crmid:8976403298,malpractice2038@live.com,Kraig,Blevins,male,672-693-3977,Urbandale,United States,68086,Oklahoma,1385 Santa Paula,1935-06-03,2446
crmid:5860382845,wingy1992@yahoo.com,Alex,Coleman,,232-250-5591,Oregon,United States,58513,Alabama,756 Farnum,1980-10-29,925
crmid:7423341025,stallions1951@yahoo.com,Jan,Good,,482-550-4461,Kennewick,United States,59723,Connecticut,715 Laskie,1977-10-11,873
crmid:6663102782,doily1808@yahoo.com,Buford,Wooten,male,331-759-0623,West Springfield,United States,80300,Nebraska,545 Lyndhurst,1935-02-11,2368
crmid:1672038827,intervascular1903@yandex.com,Mertie,Craft,female,683-692-4886,Tamarac,United States,55122,Illinois,1355 Flounder,1994-12-17,2334
crmid:6273018321,cobra1838@gmail.com,Milan,Robertson,male,757-354-7871,Avenal,United States,97594,Kentucky,9 Wright,1935-07-25,1607
crmid:8307052251,agnail1817@live.com,Shelby,Gray,male,717-422-5041,Palm Beach Gardens,United States,70930,Arizona,383 Amazon,1935-09-12,2350
crmid:4576221016,formene1857@outlook.com,Nery,Carroll,female,557-576-2846,Fairview Heights,United States,61515,Oklahoma,61 Jessie West,1961-10-13,2616
crmid:1206944539,pastis1862@gmail.com,Pamila,Mcgowan,female,566-432-1174,Englewood,United States,49607,Florida,1261 Morrell,1959-07-19,849
crmid:4230860591,macrophage2025@outlook.com,Alva,Kemp,male,594-579-2716,Brownsville,United States,74596,Oklahoma,500 Peralta,1942-12-01,2449
crmid:1519086483,pantomime1984@live.com,Donald,Kirby,female,020-029-7694,SeaTac,United States,95143,New York,496 Battery Blaney,1995-04-05,1902
crmid:9745558416,cardamom1934@gmail.com,Douglass,Aguilar,,742-932-9675,Westerville,United States,88347,Alabama,881 Charlton,1974-07-03,1712
crmid:1987276766,earrings2053@gmail.com,Darcel,Clay,female,244-590-6364,Ellensburg,United States,10424,Nevada,518 Whitney,1959-02-06,2329
crmid:4914957961,flapping2033@yahoo.com,Kyle,Soto,,867-164-2530,Millbrook,United States,75377,New Jersey,437 Sycamore,1991-07-18,2535
crmid:6364788681,bardolph1814@yahoo.com,Reginald,Daniel,male,199-189-7751,Bradenton,United States,42570,Nevada,314 Harlem,1941-08-07,765
crmid:2752045335,blacktop1897@live.com,Emelina,Molina,female,793-397-5196,Edgewater,United States,19327,Maryland,637 Signal,1958-03-20,1818
crmid:7932836329,uppercut1935@outlook.com,Tony,Lott,,103-105-1259,Warrensburg,United States,71650,Indiana,45 Corbett,1979-03-10,1004
crmid:3974343508,mutawalli2052@yahoo.com,Isaac,Bridges,male,124-347-7289,Avon,United States,29672,West Virginia,719 Raycliff,1935-05-04,1318
crmid:7668361327,seemly1881@live.com,Gerry,Mccoy,,124-467-0302,Key West,United States,70659,Hawaii,361 Lucy,1977-12-01,1949
crmid:6883600526,vertebroiliac1964@outlook.com,Dakota,Sykes,female,493-676-2970,Council Bluffs,United States,88933,Michigan,1040 El Camino Del Mar,1951-02-28,1020
crmid:3448389856,molly1832@live.com,Mac,Hood,male,355-061-4557,Willoughby,United States,88840,Idaho,1082 Northwood,1934-07-14,1076
crmid:1057709622,escalader1870@outlook.com,Myles,Velasquez,,718-860-5783,McMinnville,United States,76095,West Virginia,33 De Boom,1988-12-08,2715
crmid:9759520685,undistinguished1869@yahoo.com,Benny,Barrett,,181-543-4362,Holladay,United States,94003,Florida,394 Wheeler,1972-07-06,1471
crmid:8346213388,beachman1993@gmail.com,Lucio,Best,,594-876-1234,Riverbank,United States,46108,Delaware,774 Hamlin,1982-02-22,2245
crmid:3605461304,algicides1844@live.com,Duncan,Aguilar,male,958-838-2778,Palatine,United States,71409,North Carolina,480 Skyline,1932-03-01,1605
crmid:2352286480,culet2002@yandex.com,Pat,Rogers,male,862-650-0922,Spokane Valley,United States,98771,Pennsylvania,791 Palm,1936-08-25,2697
crmid:3159015393,angelship1921@outlook.com,Mckinley,Medina,,828-246-3318,Hot Springs,United States,31358,Massachusetts,734 Incinerator,1973-06-15,364
crmid:9948642581,flittiness1829@live.com,Marica,Villarreal,female,506-683-3291,Evanston,United States,38495,Arizona,1322 Cowell,1960-06-30,2407
crmid:4840099089,hemicentrum1832@yahoo.com,Olin,Dejesus,,300-718-1170,Laredo,United States,82479,Texas,814 Lynch,1980-02-10,1854
crmid:3352171115,nongaseous1967@gmail.com,Buford,Lynn,,807-539-1713,Glassboro,United States,41006,Idaho,47 Marietta,1966-08-09,1551
crmid:9586071330,vertebras1871@gmail.com,Lashandra,Wyatt,female,447-985-1009,Cortland,United States,89772,Hawaii,624 Pelican Cove,1951-05-02,1646
crmid:6616962900,cosmetic1939@live.com,Refugio,Roberson,,101-294-6608,Harlingen,United States,38762,Alaska,1176 Fella,1969-05-03,1003
crmid:8535926620,ballroom1952@live.com,Colin,Kirk,male,056-781-9976,Overland Park,United States,14887,Florida,1176 Belgrave,1944-02-16,2198
crmid:1041165214,ental1971@outlook.com,Reinaldo,Mcconnell,,014-533-1807,Laguna Woods,United States,35563,Arkansas,296 Cameron,1979-06-17,1324
crmid:4795346616,blanca1844@outlook.com,Graig,Hatfield,,459-829-1328,Indian Trail,United States,99325,Colorado,1169 Southard,1974-02-27,775
crmid:7934026886,creaks1893@yahoo.com,Quintin,Nielsen,,339-192-4204,Laguna Woods,United States,26687,Minnesota,24 Fanning,1979-04-06,1052
crmid:6978340119,expatriate1890@outlook.com,Ivey,Ray,female,483-428-0031,Easley,United States,28814,Kansas,1138 Lopez,1956-04-24,559
crmid:2164947759,cringingly1994@live.com,Jc,Schmidt,male,402-180-7104,Walnut,United States,89884,Vermont,78 South Hughes,1931-05-26,1717
crmid:8977052362,daphna1907@live.com,Marion,Willis,male,797-001-0165,Round Rock,United States,98942,Hawaii,470 Vale,1941-07-31,497
crmid:7438977497,minicar1932@live.com,Rafael,Blevins,,860-400-9554,Rockledge,United States,48564,Nebraska,529 Venard,1988-11-27,1409
crmid:4071272035,basenji1813@outlook.com,Fernando,Montoya,,021-546-4812,Jeffersonville,United States,04689,North Carolina,533 Ash,1975-01-17,1610
crmid:1321690512,salads2050@outlook.com,Ozell,Hooper,female,830-330-5452,Salisbury,United States,27949,North Dakota,1004 Vista,1957-10-24,632
crmid:7725761463,scythe2025@yahoo.com,Wendie,White,female,123-107-0115,Waco,United States,29390,Pennsylvania,672 Heather,1958-09-24,1467
crmid:4887151679,bencher1991@yandex.com,Man,Bird,female,795-938-8030,Chester,United States,70962,Rhode Island,306 Paradise,1946-12-11,1770
crmid:3678003410,miffs1991@gmail.com,Jared,Chase,male,229-812-3998,Centennial,United States,82015,Tennessee,448 Jessie East,1945-10-10,2727
crmid:5912009407,architraves1932@live.com,Rozanne,Dalton,female,622-740-1957,Pflugerville,United States,85762,Illinois,1250 Ingalls,1994-10-26,1712
crmid:6693096966,bernelle1806@gmail.com,Louie,Warner,female,477-282-8038,Fairfax,United States,69600,North Dakota,453 Colin,1961-11-11,2837
crmid:3504634144,triphammer1906@live.com,Reuben,Slater,,064-562-0405,Spartanburg,United States,87953,South Carolina,930 Sargent,1982-09-05,1783
crmid:5465174359,preorganize1992@yahoo.com,Celinda,Finley,female,275-040-7037,Rialto,United States,80929,Missouri,538 Golden Gate,1950-02-09,1588
crmid:7046353585,charrier1821@yandex.com,Angelo,Mccormick,,140-819-9473,Meriden,United States,34520,Georgia,1012 Pretor,1989-07-03,481
crmid:6760954083,subpatroness1800@outlook.com,Kerry,Woodard,,917-376-7196,Gurnee,United States,04350,Wyoming,1368 Columbus,1969-01-22,2760
crmid:2516213277,barragon1949@outlook.com,Kris,Osborn,male,402-056-0729,Castle Rock,United States,63712,Delaware,158 Seminole,1945-11-26,324
crmid:1876453676,coregonus1972@outlook.com,Shirley,Strong,,446-887-5365,Reading,United States,76255,Texas,1331 Mccann,1969-11-08,1628
crmid:7931878962,decalage1860@yahoo.com,Billy,Howard,,935-839-6588,Montrose,United States,12073,Texas,123 Converse,1992-03-17,2422
crmid:7169414606,adoptable2022@live.com,Tony,Kirby,,122-459-6771,Neenah,United States,45225,New Jersey,889 Spreckels Lake,1995-08-24,542
crmid:8260467923,cherries1947@yandex.com,Agustin,Sandoval,,245-264-3883,Las Cruces,United States,24712,Washington,1028 Gardenside,1981-05-08,1289
crmid:3034289096,patrist1878@yahoo.com,Tyesha,Bartlett,female,074-987-8803,Citrus Heights,United States,95276,Nebraska,755 Robinson,1947-10-17,2027
crmid:3985879824,subject1806@yahoo.com,Chuck,Mercado,,748-945-9049,Hollywood,United States,44662,Alabama,377 Gerard,1972-08-24,1810
crmid:6517618608,concordancy2014@outlook.com,Nestor,Mullins,,668-486-2367,Point Pleasant,United States,83296,Oregon,858 Chesley,1970-04-05,944
crmid:5534670229,restlessness1899@yandex.com,Jone,Farrell,female,702-475-9964,Culver City,United States,62371,Washington,595 Alemany,1952-11-08,2333
crmid:4882694733,compose1808@yandex.com,Marna,Waters,female,686-369-0701,New Port Richey,United States,69673,Washington,35 Hampshire,1996-11-06,676
crmid:3045773222,dylan1829@yandex.com,Catheryn,Prince,female,069-929-9848,Edmond,United States,01076,New Hampshire,1055 Henry,1958-02-24,1295
crmid:1376626835,arctalian1943@outlook.com,Mariano,Elliott,,231-270-9070,Wylie,United States,26852,Pennsylvania,575 Osgood,1966-05-21,479
crmid:3431103859,coyle1934@yahoo.com,Twanna,Kemp,female,780-054-0254,West Chicago,United States,99532,Wisconsin,111 Tacoma,1959-09-16,2250
crmid:3074068550,crosse1872@live.com,Jared,Black,,588-879-6184,Temple Terrace,United States,75939,South Carolina,145 Kittredge,1998-07-01,1767
crmid:1070133992,politics1852@yandex.com,Stevie,Mcdaniel,male,962-759-3725,Brookfield,United States,51196,Indiana,814 Koret,1941-09-19,1032
crmid:2401508394,coyish1971@gmail.com,Jared,Beck,male,517-777-0857,Camas,United States,20959,Washington,307 Salmon,1943-05-02,2133
crmid:7542986877,unfeminize1833@live.com,Cyrus,Gill,male,908-977-2239,Arnold,United States,63630,Montana,448 Galvez,1933-11-04,1376
crmid:8143328420,kinkajou1912@gmail.com,Weldon,Roth,male,053-000-9555,Burlingame,United States,65078,Arkansas,1187 Hegal,1943-10-27,946
crmid:1176890008,unstridently1822@gmail.com,Leif,Sweet,male,701-025-6224,Muncie,United States,08831,Alabama,23 Clairview,1994-02-12,1304
crmid:3941316959,notifying1879@live.com,Keven,Duncan,,966-358-4660,Gurnee,United States,59821,Georgia,1347 Temescal,1969-09-14,2245
crmid:1069188754,ramentiferous2055@gmail.com,Rolando,Davenport,,598-717-9418,Livermore,United States,04414,North Dakota,807 Lawton,1983-01-15,563
crmid:3421766991,guanaco1803@yandex.com,Angelo,Donovan,male,112-492-2979,Sachse,United States,70626,Wyoming,959 Fielding,1943-01-08,1401
crmid:7853247695,endeavours1942@yandex.com,Jamika,Nixon,female,390-487-2022,Chapel Hill,United States,22779,Missouri,218 Harbor,1946-04-21,401
crmid:1334990045,ambush1919@outlook.com,Shirleen,Lowe,female,546-246-9427,Tamarac,United States,14855,Virginia,170 Starr King,1953-09-16,2283
crmid:7175544499,carnivore1851@outlook.com,Domingo,Cooley,,750-661-2762,Johns Creek,United States,96827,Georgia,1180 Francisco,1975-03-22,707
crmid:6371862654,boarding1849@live.com,Dominick,Kirby,,636-334-4363,Pleasanton,United States,39313,Connecticut,650 Pilgrim,1973-01-30,2176
crmid:3098789034,collard1890@gmail.com,Lashawnda,Peters,female,209-119-1476,Papillion,United States,82801,Indiana,754 Chase,1951-05-23,480
crmid:9595140311,elephantseal1867@gmail.com,Gracia,Bender,female,563-290-4229,Cheyenne,United States,10915,Texas,230 Northgate,1947-03-02,920
crmid:9956111868,bluestones1931@yandex.com,Trinh,Jefferson,female,740-346-4777,Corpus Christi,United States,88462,West Virginia,913 Fayette,1951-10-27,2090
crmid:5457807775,definitized2045@yandex.com,Raphael,Waller,,774-310-7968,Ithaca,United States,92413,Missouri,1174 Hagiwara Tea Garden,1975-05-10,637
crmid:8307425394,jay1836@yandex.com,Lexie,Chan,female,618-928-9624,Eagle Mountain,United States,38622,Louisiana,472 Precita,1956-05-06,986
crmid:5309813707,chump2010@gmail.com,Jospeh,Lowe,male,339-636-1857,Albany,United States,39044,North Carolina,406 Morning Glory,1930-06-18,489
crmid:5537260971,subopercle1812@live.com,Kanisha,Clarke,female,152-132-9677,Chapel Hill,United States,95240,Idaho,1093 Commercial,1946-10-25,865
crmid:8719698128,algaesthesis1800@outlook.com,Tynisha,Garrison,female,780-002-3210,Crestview,United States,73228,Kentucky,36 Alana,1951-12-17,1134
crmid:7204473013,birdmen1894@outlook.com,Dustin,Porter,male,302-100-6704,Bountiful,United States,15773,North Dakota,275 Birchwood,1940-03-23,2240
crmid:3256787190,enteron1876@gmail.com,Emmaline,Hawkins,female,440-750-5431,Doral,United States,83594,Nevada,799 Banks,1955-03-13,2342
crmid:8920937531,snake1955@live.com,Alonzo,Cook,male,714-227-9732,Berkeley,United States,07879,Virginia,259 Treasury,1938-01-07,1356
crmid:5473149544,walies2017@yahoo.com,Vaughn,Garrison,,701-654-5970,Highland Village,United States,43594,Nevada,936 Black,1971-07-28,1184
crmid:6078074525,anathemas1882@outlook.com,Tommy,Carson,,339-292-7140,Gillette,United States,22158,Hawaii,731 Royal,1966-04-01,1923
crmid:4736072174,buzzsaw1862@live.com,Darnell,Myers,female,571-156-7628,Santa Maria,United States,21466,Ohio,803 Cottage,1956-12-04,2775
crmid:1942596909,underlain2041@outlook.com,Azzie,Walter,female,030-370-7206,Park Forest,United States,91056,Virginia,812 Alta Vista,1994-03-23,1896
crmid:7054763216,corie1889@yandex.com,Milo,Mcintosh,,003-152-6389,Pullman,United States,40642,Idaho,574 Bromley,1987-01-14,1750
crmid:5877229688,revulsion1991@outlook.com,Nickolas,Cleveland,male,133-964-4589,Belle Glade,United States,45781,Maryland,770 Ewing,1937-07-06,2484
crmid:8935953612,cambeva1998@live.com,Kennith,Odom,male,025-857-7647,Rock Island,United States,56969,Hawaii,643 Ora,1937-06-22,2002
crmid:9124875010,montrachet2017@gmail.com,Monroe,Buck,male,972-389-5412,Caldwell,United States,47864,California,472 Cortes,1943-07-04,932
crmid:1908543543,colorize1927@gmail.com,Wen,Dale,female,948-051-8446,Champaign,United States,50294,Arizona,1121 Danton,1946-09-07,1428
crmid:3696026363,objectionably1955@gmail.com,Elton,Collins,,402-157-4053,Newburyport,United States,82412,Maryland,915 Higuera,1997-05-08,834
crmid:7679937447,alfred1905@yahoo.com,Angel,May,,097-375-5797,La Mirada,United States,55658,South Carolina,787 Gateview,1978-09-11,2857
crmid:2176704337,penstemon2043@yahoo.com,Edmundo,Yates,,070-041-0074,La Mirada,United States,51127,Hawaii,376 Belden,1978-10-14,2150
crmid:5651085992,mosquito1849@live.com,Darrell,Vaughn,,034-301-7733,Saratoga,United States,93013,Wyoming,1264 Chattanooga,1970-03-01,2534
crmid:8280522372,chelidonic1937@outlook.com,Leanora,Matthews,female,091-271-9798,Walnut Creek,United States,92796,Louisiana,830 Battery,1961-05-18,1846
crmid:1650847473,detur1918@outlook.com,Ai,Levine,female,477-811-4631,Donna,United States,70771,Wisconsin,987 Harlem,1955-01-17,1810
crmid:4106745958,gazelle1950@gmail.com,Grisel,Blevins,female,251-787-4464,Tampa,United States,11022,Oregon,263 Museum,1946-12-07,2485
crmid:5833863379,abaft2029@yandex.com,Catarina,Dickson,female,579-872-9129,Panama City,United States,90145,Wyoming,905 Treasury,1951-02-08,428
crmid:1962238119,mariachi1914@live.com,Floyd,Roach,male,781-778-0123,Apache Junction,United States,24427,South Dakota,434 Emma,1933-04-25,1205
crmid:7139380594,hippopotamus1952@yahoo.com,Darrin,Carrillo,,572-369-1298,North Augusta,United States,85466,Georgia,910 Jewett,1998-07-19,2564
crmid:6602718134,crystallose2007@gmail.com,Petronila,Macdonald,female,006-490-1550,Palmetto Bay,United States,24068,Colorado,1372 Alpha,1956-11-14,824
crmid:6594937018,unsolicited1860@outlook.com,Morgan,Crosby,,571-321-1135,Mobile,United States,41469,Illinois,1232 Uranus,1992-08-24,1210
crmid:7524077775,inequality1932@yahoo.com,Wonda,Wilkerson,female,233-921-3692,Dunedin,United States,89073,Maryland,829 Brady,1956-09-12,2399
crmid:1148524233,curupira1956@gmail.com,Vincent,Harvey,male,482-268-8680,Port Arthur,United States,59508,Hawaii,698 Pratt,1934-10-13,2351
crmid:7723313497,vises2020@yahoo.com,Titus,Wolf,,761-305-8938,Hazleton,United States,17729,Iowa,714 Redondo,1970-03-24,808
crmid:5831911532,signification1925@gmail.com,Steven,Pugh,female,361-686-2941,Piqua,United States,26407,Pennsylvania,1242 Maple,1957-11-22,1623
crmid:7819398502,musician2046@yahoo.com,Shon,Crane,,796-174-7454,Leander,United States,12972,Washington,946 Shore View,1981-03-10,2283
crmid:2305868726,mariachi1896@outlook.com,Valentine,Herring,,420-750-3164,Morgantown,United States,07442,Kentucky,95 Garlington,1993-01-17,1213
crmid:9134525939,labyrinth1904@live.com,Antione,Valencia,male,806-976-3336,St. Joseph,United States,86183,Minnesota,714 Andover,1945-01-29,2294
crmid:7895350721,dight1863@yahoo.com,Issac,Harrington,male,700-714-2628,Riverton,United States,03917,Connecticut,341 Burgoyne,1938-05-13,706
crmid:2211974384,shortcut1969@yahoo.com,Loren,James,,477-408-0115,Lumberton,United States,39433,New Mexico,832 Hudson,1985-06-02,1459
crmid:2321808952,drench1828@live.com,Casie,Rios,female,735-341-7220,Ellensburg,United States,09366,Alaska,760 Moscow,1959-02-25,1510
crmid:8839184165,apatornis1948@yahoo.com,Rachal,Saunders,female,210-663-7846,Eastpointe,United States,88622,Idaho,774 Charlton,1957-07-26,643
crmid:1418143413,anabasis1954@yandex.com,Russell,Morrow,,073-352-4554,Ottumwa,United States,36806,Iowa,619 San Aleso,1971-06-22,1950
crmid:3100255824,allida2033@yandex.com,Rodrigo,Olson,,586-409-1595,Pleasant Prairie,United States,73296,Missouri,151 Saint Louis,1968-05-09,2193
crmid:4269502021,complainers1937@yandex.com,Allan,Gilliam,male,670-673-4787,Adelanto,United States,01826,Washington,42 Freelon,1930-01-11,2873
crmid:9790798239,aeonian1899@gmail.com,Kristeen,Davenport,female,363-938-3812,South Elgin,United States,81952,Washington,156 Forest View,1997-03-19,657
crmid:8030871747,axenic1818@live.com,Francoise,Lawrence,female,116-260-9892,Thousand Oaks,United States,61814,Arizona,346 Middle West,1952-11-29,1193
crmid:3576644078,mocha1958@yandex.com,Hunter,Mcdowell,,592-936-6079,Hannibal,United States,59153,Michigan,1188 Warren,1969-09-07,2436
crmid:9236187747,civies2024@gmail.com,Tod,Cantrell,,885-766-6565,Merrillville,United States,87150,Wisconsin,711 Ritch,1989-06-25,2988
crmid:6640055842,coyan1847@outlook.com,Quinton,Spencer,,735-753-3126,Mandan,United States,33473,Washington,1182 Cedar,1986-07-28,2633
crmid:4014616440,banaba1812@gmail.com,Cathern,Flynn,female,334-261-3057,Ventura,United States,12103,Montana,922 Carmel,1946-02-10,950
crmid:7125630483,outlivers1845@outlook.com,Nathaniel,Little,male,949-465-9721,Ridgeland,United States,15761,Oklahoma,983 Rolph,1945-07-17,2437
crmid:3988044725,rothesay1839@yandex.com,Nestor,Alexander,,992-975-4603,Mount Prospect,United States,69883,Nevada,279 Allston,1993-11-18,2897
crmid:2761319102,epigrammatic1920@gmail.com,Nick,Bryant,male,101-376-4707,Shelby,United States,11821,Arizona,338 Bercut Access,1944-07-04,2281
crmid:9198015475,cobra1969@gmail.com,Marcus,Mcfarland,male,827-053-1003,Taylorsville,United States,80554,Pennsylvania,158 Larkin,1938-07-19,421
crmid:7284179488,jackal1890@yandex.com,Philip,Bender,,443-560-4432,Prairie Village,United States,31901,Idaho,937 Mission,1971-11-05,2381
crmid:6677769948,afterspeech1953@yandex.com,Brady,Golden,male,843-743-1841,Carpentersville,United States,08769,Ohio,647 Miramar,1944-01-11,2897
crmid:8615501522,combaz1988@live.com,Raymond,Coleman,male,321-948-0324,Bethlehem,United States,61032,Delaware,87 Cowell,1938-11-15,1575
crmid:7174012497,looseness2035@outlook.com,Rico,Hood,male,186-084-6524,Bethany,United States,49653,New York,270 Nichols,1938-08-14,1831
crmid:8314411109,adirondack1953@yahoo.com,Gilberte,Hamilton,female,497-189-6057,Sierra Vista,United States,61123,New Jersey,1141 White,1946-03-12,2506
crmid:2628729715,birendra1806@yahoo.com,Don,Davis,male,625-441-1902,Poughkeepsie,United States,66228,Pennsylvania,624 Amazon,1934-10-05,1758
crmid:3250859855,brach1841@gmail.com,Michel,Powers,male,774-012-3382,Tucson,United States,60774,California,166 Avenue Of The Palms,1932-07-24,2788
crmid:2535479708,intermediaries1997@live.com,Diego,Berry,,645-434-4225,Independence,United States,83143,Utah,841 Ash,1974-06-12,1735
crmid:3692987471,consecrator2033@outlook.com,Damien,Le,,880-447-4604,North Miami Beach,United States,94261,North Carolina,358 Valletta,1998-09-16,377
crmid:4726254725,loudmouthed2002@yandex.com,Stanley,Mcintyre,male,538-844-0808,Cedar Park,United States,65177,Montana,1036 Nelson,1945-11-17,2588
crmid:4351494545,homologoumena1969@outlook.com,Carol,Avila,male,446-006-1806,Bergenfield,United States,09946,Wisconsin,1226 Southern Heights,1938-02-01,909
crmid:1611808127,buckman1925@outlook.com,Andrea,Guerra,,269-248-3453,Milpitas,United States,71506,North Carolina,504 Jauss,1991-12-22,2339
crmid:9229211470,mallard1955@yahoo.com,Titus,Nelson,,880-572-5663,Riviera Beach,United States,29236,Tennessee,509 Mountview,1963-12-09,960
crmid:1940033899,micronuclear1968@outlook.com,Deshawn,Morse,male,623-286-4896,Battle Ground,United States,76774,Michigan,383 Keith,1936-12-05,2486
crmid:6304816716,uncovenant1841@yandex.com,Tabetha,Potter,female,415-250-9441,East Orange,United States,97658,New Hampshire,350 San Jacinto,1957-08-23,1518
crmid:6851101562,acephalous1942@gmail.com,Rigoberto,Barton,male,014-991-1788,Alpharetta,United States,40994,Louisiana,51 Hobart,1931-08-02,1039
crmid:3992234007,artery1968@live.com,Vicente,Parks,,508-162-2582,Muncie,United States,84977,Oklahoma,675 Patton,1994-10-15,938
