{"_id": "e1f43280-53c8-11ea-8f68-b88a60e194fb", "timestamp": "2019-12-09T18:07:50.000Z", "eventType": "transaction", "_adobeamericaspot3": {"CRMID": "crmid:9347806972", "orderDetails": {"orderID": "orderid:564950", "reservationid": "YIK-LFTU", "orderType": "kiosk"}}}
{"_id": "e1f45992-53c8-11ea-8a8a-b88a60e194fb", "timestamp": "2019-12-12T00:00:00.000Z", "eventType": "transaction", "_adobeamericaspot3": {"CRMID": "crmid:9347806972", "orderDetails": {"orderID": "orderid:624501", "reservationid": "MHF-97BG", "orderType": "mobile"}}}
{"_id": "e1f51cdc-53c8-11ea-8510-b88a60e194fb", "timestamp": "2020-01-28T06:24:46.000Z", "eventType": "transaction", "_adobeamericaspot3": {"CRMID": "crmid:4183864251", "orderDetails": {"orderID": "orderid:252817", "reservationid": "BZA-L0NK", "orderType": "mobile"}}}
{"_id": "e1f62e62-53c8-11ea-9937-b88a60e194fb", "timestamp": "2020-02-15T12:45:30.000Z", "eventType": "transaction", "_adobeamericaspot3": {"CRMID": "crmid:7915587782", "orderDetails": {"orderID": "orderid:310451", "reservationid": "POV-RQWS", "orderType": "kiosk"}}}
{"_id": "e1f6ca8a-53c8-11ea-a9dd-b88a60e194fb", "timestamp": "2019-12-01T07:18:15.000Z", "eventType": "transaction", "_adobeamericaspot3": {"CRMID": "crmid:1044251559", "orderDetails": {"orderID": "orderid:764910", "reservationid": "ZLX-HLML", "orderType": "kiosk"}}}
{"_id": "e1f7b53e-53c8-11ea-b3e5-b88a60e194fb", "timestamp": "2020-01-04T12:58:50.000Z", "eventType": "transaction", "_adobeamericaspot3": {"CRMID": "crmid:4911474548", "orderDetails": {"orderID": "orderid:746081", "reservationid": "XAV-7DLG", "orderType": "kiosk"}}}
{"_id": "e1f8783a-53c8-11ea-858b-b88a60e194fb", "timestamp": "2020-01-17T19:27:52.000Z", "eventType": "transaction", "_adobeamericaspot3": {"CRMID": "crmid:6994510618", "orderDetails": {"orderID": "orderid:654992", "reservationid": "36I-U90P", "orderType": "kiosk"}}}
{"_id": "e1f93b8c-53c8-11ea-9c18-b88a60e194fb", "timestamp": "2019-12-08T08:34:48.000Z", "eventType": "transaction", "_adobeamericaspot3": {"CRMID": "crmid:3181000019", "orderDetails": {"orderID": "orderid:816211", "reservationid": "MT6-F44G", "orderType": "kiosk"}}}
{"_id": "e1fa2712-53c8-11ea-bd58-b88a60e194fb", "timestamp": "2019-12-04T03:45:06.000Z", "eventType": "transaction", "_adobeamericaspot3": {"CRMID": "crmid:8378340395", "orderDetails": {"orderID": "orderid:883855", "reservationid": "MZR-54CI", "orderType": "kiosk"}}}
{"_id": "e1faea88-53c8-11ea-9393-b88a60e194fb", "timestamp": "2020-02-15T06:33:54.000Z", "eventType": "transaction", "_adobeamericaspot3": {"CRMID": "crmid:4595424778", "orderDetails": {"orderID": "orderid:374554", "reservationid": "QZL-NIAQ", "orderType": "call center"}}}
{"_id": "e1fbadec-53c8-11ea-96b9-b88a60e194fb", "timestamp": "2020-01-06T21:02:43.000Z", "eventType": "transaction", "_adobeamericaspot3": {"CRMID": "crmid:9187373441", "orderDetails": {"orderID": "orderid:588255", "reservationid": "X3G-BOXP", "orderType": "website"}}}
{"_id": "e1fc7114-53c8-11ea-8c40-b88a60e194fb", "timestamp": "2019-12-13T14:07:46.000Z", "eventType": "transaction", "_adobeamericaspot3": {"CRMID": "crmid:1319124882", "orderDetails": {"orderID": "orderid:546068", "reservationid": "DNN-2DQV", "orderType": "call center"}}}
{"_id": "e1fd33d2-53c8-11ea-8fa0-b88a60e194fb", "timestamp": "2020-01-26T11:17:28.000Z", "eventType": "transaction", "_adobeamericaspot3": {"CRMID": "crmid:3956405080", "orderDetails": {"orderID": "orderid:200713", "reservationid": "USU-QF2Y", "orderType": "call center"}}}
{"_id": "e1fdf7ae-53c8-11ea-8aec-b88a60e194fb", "timestamp": "2019-12-24T07:59:26.000Z", "eventType": "transaction", "_adobeamericaspot3": {"CRMID": "crmid:9043026098", "orderDetails": {"orderID": "orderid:463756", "reservationid": "SV9-SY0Q", "orderType": "website"}}}
{"_id": "e1fdf7af-53c8-11ea-aa5b-b88a60e194fb", "timestamp": "2019-12-29T00:00:00.000Z", "eventType": "transaction", "_adobeamericaspot3": {"CRMID": "crmid:9043026098", "orderDetails": {"orderID": "orderid:362900", "reservationid": "UNI-6BYK", "orderType": "call center"}}}
{"_id": "e1fe1ee4-53c8-11ea-9d72-b88a60e194fb", "timestamp": "2020-01-03T00:00:00.000Z", "eventType": "transaction", "_adobeamericaspot3": {"CRMID": "crmid:9043026098", "orderDetails": {"orderID": "orderid:689948", "reservationid": "ZWW-GNNZ", "orderType": "kiosk"}}}
{"_id": "e2021662-53c8-11ea-b014-b88a60e194fb", "timestamp": "2020-01-15T11:11:46.000Z", "eventType": "transaction", "_adobeamericaspot3": {"CRMID": "crmid:9130850461", "orderDetails": {"orderID": "orderid:329624", "reservationid": "3AC-8WWD", "orderType": "call center"}}}
{"_id": "e202d9b4-53c8-11ea-a34c-b88a60e194fb", "timestamp": "2020-01-24T20:34:23.000Z", "eventType": "transaction", "_adobeamericaspot3": {"CRMID": "crmid:1155844863", "orderDetails": {"orderID": "orderid:486030", "reservationid": "OAL-UVLM", "orderType": "kiosk"}}}
{"_id": "e2039cfa-53c8-11ea-8bb4-b88a60e194fb", "timestamp": "2020-01-24T11:03:27.000Z", "eventType": "transaction", "_adobeamericaspot3": {"CRMID": "crmid:3193094527", "orderDetails": {"orderID": "orderid:830127", "reservationid": "OVU-AJU4", "orderType": "website"}}}
{"_id": "e2043940-53c8-11ea-91da-b88a60e194fb", "timestamp": "2020-02-03T16:32:12.000Z", "eventType": "transaction", "_adobeamericaspot3": {"CRMID": "crmid:1456051317", "orderDetails": {"orderID": "orderid:834009", "reservationid": "SNR-ZB4X", "orderType": "call center"}}}
{"_id": "e204fc92-53c8-11ea-be27-b88a60e194fb", "timestamp": "2020-01-01T08:52:21.000Z", "eventType": "transaction", "_adobeamericaspot3": {"CRMID": "crmid:9181935730", "orderDetails": {"orderID": "orderid:508129", "reservationid": "RLP-NRFL", "orderType": "call center"}}}
{"_id": "e205bfcc-53c8-11ea-b397-b88a60e194fb", "timestamp": "2019-12-09T12:08:30.000Z", "eventType": "transaction", "_adobeamericaspot3": {"CRMID": "crmid:1111908858", "orderDetails": {"orderID": "orderid:925252", "reservationid": "UK9-8ZMW", "orderType": "website"}}}
{"_id": "e2065c1e-53c8-11ea-8c25-b88a60e194fb", "timestamp": "2020-02-10T22:30:33.000Z", "eventType": "transaction", "_adobeamericaspot3": {"CRMID": "crmid:9658094542", "orderDetails": {"orderID": "orderid:155260", "reservationid": "GJB-8M0O", "orderType": "mobile"}}}
{"_id": "e20745f6-53c8-11ea-899e-b88a60e194fb", "timestamp": "2020-01-15T10:55:03.000Z", "eventType": "transaction", "_adobeamericaspot3": {"CRMID": "crmid:5815569287", "orderDetails": {"orderID": "orderid:289473", "reservationid": "JWG-58IR", "orderType": "website"}}}
{"_id": "e207e2e4-53c8-11ea-8f05-b88a60e194fb", "timestamp": "2020-01-13T21:38:27.000Z", "eventType": "transaction", "_adobeamericaspot3": {"CRMID": "crmid:9104841650", "orderDetails": {"orderID": "orderid:450672", "reservationid": "BG4-TEO6", "orderType": "mobile"}}}
{"_id": "e208cd24-53c8-11ea-a551-b88a60e194fb", "timestamp": "2020-02-07T07:35:15.000Z", "eventType": "transaction", "_adobeamericaspot3": {"CRMID": "crmid:5693504106", "orderDetails": {"orderID": "orderid:188286", "reservationid": "GQ3-LBXD", "orderType": "website"}}}
{"_id": "e209b7b6-53c8-11ea-91ea-b88a60e194fb", "timestamp": "2019-12-12T03:09:36.000Z", "eventType": "transaction", "_adobeamericaspot3": {"CRMID": "crmid:9306142512", "orderDetails": {"orderID": "orderid:735496", "reservationid": "X6F-VMIB", "orderType": "kiosk"}}}
{"_id": "e20a7ad2-53c8-11ea-85bc-b88a60e194fb", "timestamp": "2019-12-09T04:44:36.000Z", "eventType": "transaction", "_adobeamericaspot3": {"CRMID": "crmid:5031252833", "orderDetails": {"orderID": "orderid:796138", "reservationid": "RUP-K2M1", "orderType": "mobile"}}}
{"_id": "e20b1710-53c8-11ea-89e4-b88a60e194fb", "timestamp": "2020-01-22T04:11:39.000Z", "eventType": "transaction", "_adobeamericaspot3": {"CRMID": "crmid:4868255611", "orderDetails": {"orderID": "orderid:139962", "reservationid": "1XI-2UXL", "orderType": "website"}}}
{"_id": "e20c018a-53c8-11ea-9ba9-b88a60e194fb", "timestamp": "2020-01-24T23:41:58.000Z", "eventType": "transaction", "_adobeamericaspot3": {"CRMID": "crmid:7691406832", "orderDetails": {"orderID": "orderid:121243", "reservationid": "NPA-DJXV", "orderType": "call center"}}}
{"_id": "e20c9dba-53c8-11ea-970d-b88a60e194fb", "timestamp": "2020-01-16T14:54:59.000Z", "eventType": "transaction", "_adobeamericaspot3": {"CRMID": "crmid:7201403901", "orderDetails": {"orderID": "orderid:764806", "reservationid": "4QD-WAYV", "orderType": "kiosk"}}}
{"_id": "e20d611c-53c8-11ea-b34b-b88a60e194fb", "timestamp": "2020-02-01T12:59:00.000Z", "eventType": "transaction", "_adobeamericaspot3": {"CRMID": "crmid:8647760266", "orderDetails": {"orderID": "orderid:732687", "reservationid": "J7N-IOTN", "orderType": "website"}}}
{"_id": "e20e2398-53c8-11ea-bdb5-b88a60e194fb", "timestamp": "2020-01-16T08:47:38.000Z", "eventType": "transaction", "_adobeamericaspot3": {"CRMID": "crmid:2220081585", "orderDetails": {"orderID": "orderid:792833", "reservationid": "EKG-FPOD", "orderType": "website"}}}
{"_id": "e20ec0e2-53c8-11ea-a847-b88a60e194fb", "timestamp": "2020-01-08T14:44:43.000Z", "eventType": "transaction", "_adobeamericaspot3": {"CRMID": "crmid:3238748589", "orderDetails": {"orderID": "orderid:669352", "reservationid": "XWG-AKLC", "orderType": "call center"}}}
{"_id": "e20ee7a2-53c8-11ea-aa45-b88a60e194fb", "timestamp": "2020-01-13T00:00:00.000Z", "eventType": "transaction", "_adobeamericaspot3": {"CRMID": "crmid:3238748589", "orderDetails": {"orderID": "orderid:642500", "reservationid": "FTU-2IBH", "orderType": "service desk"}}}
{"_id": "e20faaf6-53c8-11ea-b9ce-b88a60e194fb", "timestamp": "2019-12-18T20:44:29.000Z", "eventType": "transaction", "_adobeamericaspot3": {"CRMID": "crmid:1733592184", "orderDetails": {"orderID": "orderid:278856", "reservationid": "PYO-DO3B", "orderType": "website"}}}
{"_id": "e2106e68-53c8-11ea-a2fc-b88a60e194fb", "timestamp": "2019-12-20T04:55:39.000Z", "eventType": "transaction", "_adobeamericaspot3": {"CRMID": "crmid:6090733754", "orderDetails": {"orderID": "orderid:175611", "reservationid": "ZAG-T9Z6", "orderType": "website"}}}
{"_id": "e2113198-53c8-11ea-9174-b88a60e194fb", "timestamp": "2020-01-27T19:28:46.000Z", "eventType": "transaction", "_adobeamericaspot3": {"CRMID": "crmid:2208093370", "orderDetails": {"orderID": "orderid:840982", "reservationid": "EUI-EVDB", "orderType": "website"}}}
{"_id": "e2121bee-53c8-11ea-b0de-b88a60e194fb", "timestamp": "2019-12-06T19:26:34.000Z", "eventType": "transaction", "_adobeamericaspot3": {"CRMID": "crmid:8744240397", "orderDetails": {"orderID": "orderid:789167", "reservationid": "JZJ-A5IG", "orderType": "website"}}}
{"_id": "e213051c-53c8-11ea-bf1b-b88a60e194fb", "timestamp": "2019-12-15T07:26:07.000Z", "eventType": "transaction", "_adobeamericaspot3": {"CRMID": "crmid:5135365564", "orderDetails": {"orderID": "orderid:935766", "reservationid": "GGW-WQHG", "orderType": "kiosk"}}}
{"_id": "e213c9ae-53c8-11ea-9e56-b88a60e194fb", "timestamp": "2020-02-06T17:28:17.000Z", "eventType": "transaction", "_adobeamericaspot3": {"CRMID": "crmid:8504368061", "orderDetails": {"orderID": "orderid:889009", "reservationid": "7X1-E2PB", "orderType": "call center"}}}
{"_id": "e21465c6-53c8-11ea-a262-b88a60e194fb", "timestamp": "2020-02-11T11:50:43.000Z", "eventType": "transaction", "_adobeamericaspot3": {"CRMID": "crmid:8403681394", "orderDetails": {"orderID": "orderid:104289", "reservationid": "QN9-QNVS", "orderType": "website"}}}
{"_id": "e2150226-53c8-11ea-8da5-b88a60e194fb", "timestamp": "2019-12-12T18:50:11.000Z", "eventType": "transaction", "_adobeamericaspot3": {"CRMID": "crmid:9917251698", "orderDetails": {"orderID": "orderid:645392", "reservationid": "N4X-JVP7", "orderType": "call center"}}}
{"_id": "e215ec8c-53c8-11ea-98fe-b88a60e194fb", "timestamp": "2020-01-02T02:38:05.000Z", "eventType": "transaction", "_adobeamericaspot3": {"CRMID": "crmid:5327247490", "orderDetails": {"orderID": "orderid:310967", "reservationid": "MOF-LQQ7", "orderType": "call center"}}}
{"_id": "e216ae7e-53c8-11ea-a712-b88a60e194fb", "timestamp": "2019-12-01T13:03:43.000Z", "eventType": "transaction", "_adobeamericaspot3": {"CRMID": "crmid:6918624026", "orderDetails": {"orderID": "orderid:112069", "reservationid": "XBM-D6HR", "orderType": "service desk"}}}
{"_id": "e217731e-53c8-11ea-a2d7-b88a60e194fb", "timestamp": "2019-12-07T05:04:41.000Z", "eventType": "transaction", "_adobeamericaspot3": {"CRMID": "crmid:2678407795", "orderDetails": {"orderID": "orderid:564521", "reservationid": "0V2-VHE7", "orderType": "kiosk"}}}
{"_id": "e2180f5c-53c8-11ea-a7f3-b88a60e194fb", "timestamp": "2020-01-23T12:35:25.000Z", "eventType": "transaction", "_adobeamericaspot3": {"CRMID": "crmid:3204225843", "orderDetails": {"orderID": "orderid:345273", "reservationid": "W5D-0YLD", "orderType": "kiosk"}}}
{"_id": "e218d2a8-53c8-11ea-8264-b88a60e194fb", "timestamp": "2020-01-16T10:04:35.000Z", "eventType": "transaction", "_adobeamericaspot3": {"CRMID": "crmid:5856129006", "orderDetails": {"orderID": "orderid:808590", "reservationid": "MRP-RS4W", "orderType": "call center"}}}
{"_id": "e219e4a8-53c8-11ea-b423-b88a60e194fb", "timestamp": "2019-12-19T07:08:39.000Z", "eventType": "transaction", "_adobeamericaspot3": {"CRMID": "crmid:4344676059", "orderDetails": {"orderID": "orderid:871581", "reservationid": "T1K-J4CT", "orderType": "kiosk"}}}
{"_id": "e21aa786-53c8-11ea-a0a8-b88a60e194fb", "timestamp": "2019-12-12T07:39:23.000Z", "eventType": "transaction", "_adobeamericaspot3": {"CRMID": "crmid:3627972927", "orderDetails": {"orderID": "orderid:702286", "reservationid": "0XY-CPZY", "orderType": "service desk"}}}
{"_id": "e21b6ac6-53c8-11ea-a3d4-b88a60e194fb", "timestamp": "2020-01-08T06:34:04.000Z", "eventType": "transaction", "_adobeamericaspot3": {"CRMID": "crmid:4650093611", "orderDetails": {"orderID": "orderid:202825", "reservationid": "VP3-VZHF", "orderType": "kiosk"}}}
{"_id": "e21c071e-53c8-11ea-ad3f-b88a60e194fb", "timestamp": "2019-12-31T10:28:17.000Z", "eventType": "transaction", "_adobeamericaspot3": {"CRMID": "crmid:9784848531", "orderDetails": {"orderID": "orderid:603612", "reservationid": "TMN-J4RW", "orderType": "kiosk"}}}
{"_id": "e21cca64-53c8-11ea-83f3-b88a60e194fb", "timestamp": "2019-12-07T04:19:18.000Z", "eventType": "transaction", "_adobeamericaspot3": {"CRMID": "crmid:9160165748", "orderDetails": {"orderID": "orderid:847159", "reservationid": "BNJ-LDVE", "orderType": "call center"}}}
{"_id": "e21d8da8-53c8-11ea-8aec-b88a60e194fb", "timestamp": "2020-01-17T05:52:41.000Z", "eventType": "transaction", "_adobeamericaspot3": {"CRMID": "crmid:4102371631", "orderDetails": {"orderID": "orderid:477008", "reservationid": "VTE-G6TD", "orderType": "website"}}}
{"_id": "e21e29c6-53c8-11ea-ad04-b88a60e194fb", "timestamp": "2019-12-19T22:35:19.000Z", "eventType": "transaction", "_adobeamericaspot3": {"CRMID": "crmid:9022870906", "orderDetails": {"orderID": "orderid:548964", "reservationid": "TXX-DT5X", "orderType": "call center"}}}
{"_id": "e21f1440-53c8-11ea-832a-b88a60e194fb", "timestamp": "2019-12-11T07:58:26.000Z", "eventType": "transaction", "_adobeamericaspot3": {"CRMID": "crmid:2035822317", "orderDetails": {"orderID": "orderid:627810", "reservationid": "ZI0-SWDC", "orderType": "kiosk"}}}
{"_id": "e21fd79c-53c8-11ea-a37f-b88a60e194fb", "timestamp": "2019-12-16T03:31:03.000Z", "eventType": "transaction", "_adobeamericaspot3": {"CRMID": "crmid:5899552599", "orderDetails": {"orderID": "orderid:654527", "reservationid": "PRF-WP0E", "orderType": "website"}}}
{"_id": "e2209aca-53c8-11ea-9aa9-b88a60e194fb", "timestamp": "2020-01-17T02:50:46.000Z", "eventType": "transaction", "_adobeamericaspot3": {"CRMID": "crmid:8717981328", "orderDetails": {"orderID": "orderid:264616", "reservationid": "W8U-7P6W", "orderType": "website"}}}
{"_id": "e2213726-53c8-11ea-9f39-b88a60e194fb", "timestamp": "2019-12-03T07:13:34.000Z", "eventType": "transaction", "_adobeamericaspot3": {"CRMID": "crmid:1964391056", "orderDetails": {"orderID": "orderid:176184", "reservationid": "PTW-8CTL", "orderType": "kiosk"}}}
{"_id": "e2222188-53c8-11ea-a290-b88a60e194fb", "timestamp": "2020-01-29T20:51:47.000Z", "eventType": "transaction", "_adobeamericaspot3": {"CRMID": "crmid:6824502592", "orderDetails": {"orderID": "orderid:325493", "reservationid": "IN6-FLWV", "orderType": "mobile"}}}
{"_id": "e222e4e4-53c8-11ea-9a60-b88a60e194fb", "timestamp": "2020-01-17T19:53:38.000Z", "eventType": "transaction", "_adobeamericaspot3": {"CRMID": "crmid:5771823098", "orderDetails": {"orderID": "orderid:130610", "reservationid": "2PP-YGVL", "orderType": "kiosk"}}}
{"_id": "e2230bc8-53c8-11ea-ba4f-b88a60e194fb", "timestamp": "2020-01-22T00:00:00.000Z", "eventType": "transaction", "_adobeamericaspot3": {"CRMID": "crmid:5771823098", "orderDetails": {"orderID": "orderid:724324", "reservationid": "FMC-NGG9", "orderType": "website"}}}
{"_id": "e223f63a-53c8-11ea-9b00-b88a60e194fb", "timestamp": "2020-01-16T04:45:02.000Z", "eventType": "transaction", "_adobeamericaspot3": {"CRMID": "crmid:2512240575", "orderDetails": {"orderID": "orderid:550626", "reservationid": "CKO-EZDG", "orderType": "call center"}}}
{"_id": "e224914a-53c8-11ea-b7b8-b88a60e194fb", "timestamp": "2019-12-19T22:50:39.000Z", "eventType": "transaction", "_adobeamericaspot3": {"CRMID": "crmid:6969525544", "orderDetails": {"orderID": "orderid:597833", "reservationid": "JZY-YAOB", "orderType": "mobile"}}}
{"_id": "e225560a-53c8-11ea-9e5a-b88a60e194fb", "timestamp": "2019-12-08T02:55:16.000Z", "eventType": "transaction", "_adobeamericaspot3": {"CRMID": "crmid:8059344945", "orderDetails": {"orderID": "orderid:583142", "reservationid": "OKQ-0SBA", "orderType": "call center"}}}
{"_id": "e2261922-53c8-11ea-b66e-b88a60e194fb", "timestamp": "2019-12-09T23:56:36.000Z", "eventType": "transaction", "_adobeamericaspot3": {"CRMID": "crmid:3273571202", "orderDetails": {"orderID": "orderid:625062", "reservationid": "Y4Y-T0VD", "orderType": "mobile"}}}
{"_id": "e226dc82-53c8-11ea-88a5-b88a60e194fb", "timestamp": "2020-01-16T16:06:28.000Z", "eventType": "transaction", "_adobeamericaspot3": {"CRMID": "crmid:4128548137", "orderDetails": {"orderID": "orderid:958536", "reservationid": "DHS-IM40", "orderType": "kiosk"}}}
{"_id": "e227c56c-53c8-11ea-a4fd-b88a60e194fb", "timestamp": "2019-12-12T15:56:23.000Z", "eventType": "transaction", "_adobeamericaspot3": {"CRMID": "crmid:5463988433", "orderDetails": {"orderID": "orderid:861063", "reservationid": "RKD-OVRC", "orderType": "website"}}}
{"_id": "e2286312-53c8-11ea-813b-b88a60e194fb", "timestamp": "2019-12-15T04:44:05.000Z", "eventType": "transaction", "_adobeamericaspot3": {"CRMID": "crmid:1261789176", "orderDetails": {"orderID": "orderid:304404", "reservationid": "NCF-ADMK", "orderType": "kiosk"}}}
{"_id": "e2292666-53c8-11ea-bc06-b88a60e194fb", "timestamp": "2020-01-29T04:20:43.000Z", "eventType": "transaction", "_adobeamericaspot3": {"CRMID": "crmid:8023301830", "orderDetails": {"orderID": "orderid:762868", "reservationid": "3SF-DLHS", "orderType": "service desk"}}}
{"_id": "e229c2cc-53c8-11ea-8de4-b88a60e194fb", "timestamp": "2019-12-21T04:23:18.000Z", "eventType": "transaction", "_adobeamericaspot3": {"CRMID": "crmid:6238310550", "orderDetails": {"orderID": "orderid:363146", "reservationid": "BB0-AWFT", "orderType": "website"}}}
{"_id": "e22ad412-53c8-11ea-ad6e-b88a60e194fb", "timestamp": "2020-02-10T16:03:27.000Z", "eventType": "transaction", "_adobeamericaspot3": {"CRMID": "crmid:4016366167", "orderDetails": {"orderID": "orderid:805433", "reservationid": "B6P-Z4AA", "orderType": "website"}}}
{"_id": "e22b7066-53c8-11ea-8eb7-b88a60e194fb", "timestamp": "2020-02-04T17:21:32.000Z", "eventType": "transaction", "_adobeamericaspot3": {"CRMID": "crmid:5589001999", "orderDetails": {"orderID": "orderid:339614", "reservationid": "9SD-WK70", "orderType": "call center"}}}
{"_id": "e22c33b4-53c8-11ea-b34d-b88a60e194fb", "timestamp": "2019-12-13T16:35:08.000Z", "eventType": "transaction", "_adobeamericaspot3": {"CRMID": "crmid:6796896200", "orderDetails": {"orderID": "orderid:806199", "reservationid": "3NW-YZSE", "orderType": "kiosk"}}}
{"_id": "e22d1e1e-53c8-11ea-9216-b88a60e194fb", "timestamp": "2020-02-06T01:40:45.000Z", "eventType": "transaction", "_adobeamericaspot3": {"CRMID": "crmid:9754163362", "orderDetails": {"orderID": "orderid:674678", "reservationid": "1PI-IBRI", "orderType": "website"}}}
{"_id": "e22de136-53c8-11ea-af71-b88a60e194fb", "timestamp": "2020-01-24T14:17:36.000Z", "eventType": "transaction", "_adobeamericaspot3": {"CRMID": "crmid:5470281239", "orderDetails": {"orderID": "orderid:848496", "reservationid": "K2P-N50F", "orderType": "kiosk"}}}
{"_id": "e22e7d9c-53c8-11ea-8269-b88a60e194fb", "timestamp": "2020-01-09T06:10:28.000Z", "eventType": "transaction", "_adobeamericaspot3": {"CRMID": "crmid:1612822550", "orderDetails": {"orderID": "orderid:213529", "reservationid": "JAD-HH9J", "orderType": "call center"}}}
{"_id": "e22f40c6-53c8-11ea-8bab-b88a60e194fb", "timestamp": "2019-12-01T17:35:39.000Z", "eventType": "transaction", "_adobeamericaspot3": {"CRMID": "crmid:9154159329", "orderDetails": {"orderID": "orderid:114503", "reservationid": "VBL-MIUW", "orderType": "kiosk"}}}
{"_id": "e230043a-53c8-11ea-83c9-b88a60e194fb", "timestamp": "2019-12-25T21:23:38.000Z", "eventType": "transaction", "_adobeamericaspot3": {"CRMID": "crmid:5351995058", "orderDetails": {"orderID": "orderid:889612", "reservationid": "ZSG-XVCD", "orderType": "website"}}}
{"_id": "e230c780-53c8-11ea-ae61-b88a60e194fb", "timestamp": "2020-01-12T00:12:57.000Z", "eventType": "transaction", "_adobeamericaspot3": {"CRMID": "crmid:2497890884", "orderDetails": {"orderID": "orderid:688102", "reservationid": "MWJ-PY99", "orderType": "mobile"}}}
{"_id": "e2318ad8-53c8-11ea-90d1-b88a60e194fb", "timestamp": "2019-12-19T07:34:08.000Z", "eventType": "transaction", "_adobeamericaspot3": {"CRMID": "crmid:7156064132", "orderDetails": {"orderID": "orderid:283171", "reservationid": "CPZ-TVJT", "orderType": "kiosk"}}}
{"_id": "e2327542-53c8-11ea-b46a-b88a60e194fb", "timestamp": "2020-01-29T12:45:04.000Z", "eventType": "transaction", "_adobeamericaspot3": {"CRMID": "crmid:2063619323", "orderDetails": {"orderID": "orderid:281394", "reservationid": "JB5-PIUU", "orderType": "website"}}}
{"_id": "e2335f86-53c8-11ea-8236-b88a60e194fb", "timestamp": "2020-01-03T20:40:42.000Z", "eventType": "transaction", "_adobeamericaspot3": {"CRMID": "crmid:4689216051", "orderDetails": {"orderID": "orderid:203233", "reservationid": "MDR-IXZM", "orderType": "call center"}}}
{"_id": "e233fbd8-53c8-11ea-8228-b88a60e194fb", "timestamp": "2020-01-02T13:09:46.000Z", "eventType": "transaction", "_adobeamericaspot3": {"CRMID": "crmid:1218153051", "orderDetails": {"orderID": "orderid:874036", "reservationid": "MUM-1EN4", "orderType": "call center"}}}
{"_id": "e234bf24-53c8-11ea-8f5a-b88a60e194fb", "timestamp": "2020-01-04T07:52:08.000Z", "eventType": "transaction", "_adobeamericaspot3": {"CRMID": "crmid:1968800736", "orderDetails": {"orderID": "orderid:218205", "reservationid": "2MX-2EI2", "orderType": "website"}}}
{"_id": "e2355b66-53c8-11ea-8a40-b88a60e194fb", "timestamp": "2020-01-26T21:22:10.000Z", "eventType": "transaction", "_adobeamericaspot3": {"CRMID": "crmid:3355264800", "orderDetails": {"orderID": "orderid:973180", "reservationid": "CLP-LL7C", "orderType": "mobile"}}}
{"_id": "e2366ba2-53c8-11ea-a4ba-b88a60e194fb", "timestamp": "2020-01-11T16:35:09.000Z", "eventType": "transaction", "_adobeamericaspot3": {"CRMID": "crmid:2832003278", "orderDetails": {"orderID": "orderid:606991", "reservationid": "WPX-U0RO", "orderType": "call center"}}}
{"_id": "e237561c-53c8-11ea-8a24-b88a60e194fb", "timestamp": "2020-01-14T19:48:47.000Z", "eventType": "transaction", "_adobeamericaspot3": {"CRMID": "crmid:1756316781", "orderDetails": {"orderID": "orderid:289089", "reservationid": "2CA-NLOO", "orderType": "website"}}}
{"_id": "e238419a-53c8-11ea-a197-b88a60e194fb", "timestamp": "2019-12-04T18:10:28.000Z", "eventType": "transaction", "_adobeamericaspot3": {"CRMID": "crmid:9706670102", "orderDetails": {"orderID": "orderid:430835", "reservationid": "SN9-9VLX", "orderType": "mobile"}}}
{"_id": "e238419b-53c8-11ea-aa46-b88a60e194fb", "timestamp": "2019-12-08T00:00:00.000Z", "eventType": "transaction", "_adobeamericaspot3": {"CRMID": "crmid:9706670102", "orderDetails": {"orderID": "orderid:908109", "reservationid": "JO0-AM8M", "orderType": "kiosk"}}}
{"_id": "e2390512-53c8-11ea-adb9-b88a60e194fb", "timestamp": "2020-01-16T23:10:27.000Z", "eventType": "transaction", "_adobeamericaspot3": {"CRMID": "crmid:4582926172", "orderDetails": {"orderID": "orderid:957076", "reservationid": "SF8-Z9UY", "orderType": "website"}}}
{"_id": "e239a12e-53c8-11ea-a99c-b88a60e194fb", "timestamp": "2020-01-24T04:02:29.000Z", "eventType": "transaction", "_adobeamericaspot3": {"CRMID": "crmid:7584411542", "orderDetails": {"orderID": "orderid:534833", "reservationid": "NZR-R2WY", "orderType": "website"}}}
{"_id": "e23a6490-53c8-11ea-8f0b-b88a60e194fb", "timestamp": "2019-12-31T00:53:28.000Z", "eventType": "transaction", "_adobeamericaspot3": {"CRMID": "crmid:9674422885", "orderDetails": {"orderID": "orderid:108875", "reservationid": "WWV-Y8B7", "orderType": "website"}}}
{"_id": "e23b760a-53c8-11ea-aa3f-b88a60e194fb", "timestamp": "2020-01-22T20:03:16.000Z", "eventType": "transaction", "_adobeamericaspot3": {"CRMID": "crmid:6735749432", "orderDetails": {"orderID": "orderid:334068", "reservationid": "N96-HRAP", "orderType": "service desk"}}}
{"_id": "e23c3946-53c8-11ea-9e57-b88a60e194fb", "timestamp": "2020-01-28T22:10:53.000Z", "eventType": "transaction", "_adobeamericaspot3": {"CRMID": "crmid:2989768077", "orderDetails": {"orderID": "orderid:576002", "reservationid": "VO3-5LRD", "orderType": "kiosk"}}}
{"_id": "e23cfb46-53c8-11ea-988f-b88a60e194fb", "timestamp": "2020-02-03T02:26:01.000Z", "eventType": "transaction", "_adobeamericaspot3": {"CRMID": "crmid:2587831064", "orderDetails": {"orderID": "orderid:903451", "reservationid": "HWZ-Y9IU", "orderType": "website"}}}
{"_id": "e23dbfd8-53c8-11ea-aa02-b88a60e194fb", "timestamp": "2019-12-31T02:54:52.000Z", "eventType": "transaction", "_adobeamericaspot3": {"CRMID": "crmid:2353076834", "orderDetails": {"orderID": "orderid:417817", "reservationid": "ARK-UBYT", "orderType": "mobile"}}}
{"_id": "e23e8324-53c8-11ea-af26-b88a60e194fb", "timestamp": "2020-02-03T14:35:34.000Z", "eventType": "transaction", "_adobeamericaspot3": {"CRMID": "crmid:4188275437", "orderDetails": {"orderID": "orderid:285863", "reservationid": "YNR-R4OM", "orderType": "call center"}}}
{"_id": "e23f1f62-53c8-11ea-a8c5-b88a60e194fb", "timestamp": "2019-12-24T23:58:07.000Z", "eventType": "transaction", "_adobeamericaspot3": {"CRMID": "crmid:8856444641", "orderDetails": {"orderID": "orderid:362931", "reservationid": "RVW-FO2L", "orderType": "call center"}}}
{"_id": "e23fe2b0-53c8-11ea-a6db-b88a60e194fb", "timestamp": "2019-12-26T11:59:33.000Z", "eventType": "transaction", "_adobeamericaspot3": {"CRMID": "crmid:7170417421", "orderDetails": {"orderID": "orderid:399564", "reservationid": "AJC-EIZ9", "orderType": "kiosk"}}}
{"_id": "e240cd10-53c8-11ea-b8fb-b88a60e194fb", "timestamp": "2019-12-27T23:29:39.000Z", "eventType": "transaction", "_adobeamericaspot3": {"CRMID": "crmid:3931268527", "orderDetails": {"orderID": "orderid:297797", "reservationid": "CYH-0RYI", "orderType": "call center"}}}
{"_id": "e2416968-53c8-11ea-b1f6-b88a60e194fb", "timestamp": "2020-01-13T23:43:59.000Z", "eventType": "transaction", "_adobeamericaspot3": {"CRMID": "crmid:2344430413", "orderDetails": {"orderID": "orderid:708456", "reservationid": "IZQ-B1NX", "orderType": "call center"}}}
{"_id": "e24253ae-53c8-11ea-8639-b88a60e194fb", "timestamp": "2019-12-02T17:49:14.000Z", "eventType": "transaction", "_adobeamericaspot3": {"CRMID": "crmid:1232532232", "orderDetails": {"orderID": "orderid:557114", "reservationid": "XPZ-MBPD", "orderType": "kiosk"}}}
{"_id": "e2433e42-53c8-11ea-b72a-b88a60e194fb", "timestamp": "2020-02-04T03:23:36.000Z", "eventType": "transaction", "_adobeamericaspot3": {"CRMID": "crmid:4333844770", "orderDetails": {"orderID": "orderid:315214", "reservationid": "M4N-UZAW", "orderType": "website"}}}
{"_id": "e2440124-53c8-11ea-9308-b88a60e194fb", "timestamp": "2020-01-18T04:10:24.000Z", "eventType": "transaction", "_adobeamericaspot3": {"CRMID": "crmid:3950289886", "orderDetails": {"orderID": "orderid:941482", "reservationid": "DE7-6241", "orderType": "call center"}}}
{"_id": "e2449d82-53c8-11ea-bcb6-b88a60e194fb", "timestamp": "2019-12-07T02:29:26.000Z", "eventType": "transaction", "_adobeamericaspot3": {"CRMID": "crmid:1004159253", "orderDetails": {"orderID": "orderid:474802", "reservationid": "0IU-C4BM", "orderType": "mobile"}}}
{"_id": "e24560ae-53c8-11ea-8638-b88a60e194fb", "timestamp": "2019-12-27T10:47:43.000Z", "eventType": "transaction", "_adobeamericaspot3": {"CRMID": "crmid:2273793978", "orderDetails": {"orderID": "orderid:678984", "reservationid": "UED-BS1H", "orderType": "website"}}}
{"_id": "e2462440-53c8-11ea-ba60-b88a60e194fb", "timestamp": "2019-12-15T10:28:27.000Z", "eventType": "transaction", "_adobeamericaspot3": {"CRMID": "crmid:4224178280", "orderDetails": {"orderID": "orderid:164443", "reservationid": "O8O-WHTW", "orderType": "kiosk"}}}
{"_id": "e246e792-53c8-11ea-8aca-b88a60e194fb", "timestamp": "2019-12-04T06:59:19.000Z", "eventType": "transaction", "_adobeamericaspot3": {"CRMID": "crmid:2701614937", "orderDetails": {"orderID": "orderid:281497", "reservationid": "TJR-DDX5", "orderType": "mobile"}}}
{"_id": "e247aac0-53c8-11ea-bac0-b88a60e194fb", "timestamp": "2020-02-09T03:52:43.000Z", "eventType": "transaction", "_adobeamericaspot3": {"CRMID": "crmid:9263015205", "orderDetails": {"orderID": "orderid:529452", "reservationid": "L3M-VUCQ", "orderType": "website"}}}
{"_id": "e2484722-53c8-11ea-a8ba-b88a60e194fb", "timestamp": "2019-12-24T16:18:06.000Z", "eventType": "transaction", "_adobeamericaspot3": {"CRMID": "crmid:3191837638", "orderDetails": {"orderID": "orderid:598519", "reservationid": "BDS-ZSHX", "orderType": "kiosk"}}}
{"_id": "e2490a80-53c8-11ea-b19b-b88a60e194fb", "timestamp": "2020-01-04T19:12:13.000Z", "eventType": "transaction", "_adobeamericaspot3": {"CRMID": "crmid:1270644007", "orderDetails": {"orderID": "orderid:572965", "reservationid": "Z5T-P0E2", "orderType": "mobile"}}}
{"_id": "e249cc58-53c8-11ea-88b5-b88a60e194fb", "timestamp": "2020-02-10T10:43:09.000Z", "eventType": "transaction", "_adobeamericaspot3": {"CRMID": "crmid:1743664965", "orderDetails": {"orderID": "orderid:468785", "reservationid": "6CY-VUSK", "orderType": "website"}}}
{"_id": "e24a9108-53c8-11ea-8950-b88a60e194fb", "timestamp": "2020-02-03T11:24:27.000Z", "eventType": "transaction", "_adobeamericaspot3": {"CRMID": "crmid:4863658369", "orderDetails": {"orderID": "orderid:701324", "reservationid": "WMT-MN09", "orderType": "website"}}}
{"_id": "e24bc82e-53c8-11ea-80ca-b88a60e194fb", "timestamp": "2019-12-21T18:21:43.000Z", "eventType": "transaction", "_adobeamericaspot3": {"CRMID": "crmid:6141167482", "orderDetails": {"orderID": "orderid:112835", "reservationid": "NVK-LAM9", "orderType": "website"}}}
{"_id": "e24c8cca-53c8-11ea-a33f-b88a60e194fb", "timestamp": "2019-12-06T22:00:42.000Z", "eventType": "transaction", "_adobeamericaspot3": {"CRMID": "crmid:7135030736", "orderDetails": {"orderID": "orderid:987464", "reservationid": "DEL-ZKAC", "orderType": "website"}}}
{"_id": "e24d2928-53c8-11ea-aa66-b88a60e194fb", "timestamp": "2020-01-09T07:36:06.000Z", "eventType": "transaction", "_adobeamericaspot3": {"CRMID": "crmid:4928523358", "orderDetails": {"orderID": "orderid:894373", "reservationid": "LGR-JTU6", "orderType": "mobile"}}}
{"_id": "e24dc55e-53c8-11ea-a7fb-b88a60e194fb", "timestamp": "2020-02-12T16:51:20.000Z", "eventType": "transaction", "_adobeamericaspot3": {"CRMID": "crmid:9191000593", "orderDetails": {"orderID": "orderid:436429", "reservationid": "1EY-G2M4", "orderType": "kiosk"}}}
{"_id": "e24eaee6-53c8-11ea-88f8-b88a60e194fb", "timestamp": "2019-12-30T22:22:02.000Z", "eventType": "transaction", "_adobeamericaspot3": {"CRMID": "crmid:1857325739", "orderDetails": {"orderID": "orderid:697585", "reservationid": "NNO-YJFS", "orderType": "service desk"}}}
{"_id": "e24ed630-53c8-11ea-8438-b88a60e194fb", "timestamp": "2020-01-05T00:00:00.000Z", "eventType": "transaction", "_adobeamericaspot3": {"CRMID": "crmid:1857325739", "orderDetails": {"orderID": "orderid:308406", "reservationid": "SAE-WPPI", "orderType": "mobile"}}}
{"_id": "e24f730c-53c8-11ea-85d8-b88a60e194fb", "timestamp": "2020-01-12T17:46:34.000Z", "eventType": "transaction", "_adobeamericaspot3": {"CRMID": "crmid:3026506299", "orderDetails": {"orderID": "orderid:403378", "reservationid": "QZ7-AEMB", "orderType": "kiosk"}}}
{"_id": "e2503666-53c8-11ea-8df8-b88a60e194fb", "timestamp": "2020-02-15T10:00:26.000Z", "eventType": "transaction", "_adobeamericaspot3": {"CRMID": "crmid:2249834576", "orderDetails": {"orderID": "orderid:522513", "reservationid": "A26-FQSZ", "orderType": "website"}}}
{"_id": "e2505d98-53c8-11ea-b3d7-b88a60e194fb", "timestamp": "2020-02-23T00:00:00.000Z", "eventType": "transaction", "_adobeamericaspot3": {"CRMID": "crmid:2249834576", "orderDetails": {"orderID": "orderid:500876", "reservationid": "QZE-MYSB", "orderType": "website"}}}
{"_id": "e250f9b4-53c8-11ea-aa7a-b88a60e194fb", "timestamp": "2019-12-06T05:00:21.000Z", "eventType": "transaction", "_adobeamericaspot3": {"CRMID": "crmid:3710955737", "orderDetails": {"orderID": "orderid:205126", "reservationid": "AFY-OFS9", "orderType": "call center"}}}
{"_id": "e251bd02-53c8-11ea-98a7-b88a60e194fb", "timestamp": "2020-01-14T01:19:35.000Z", "eventType": "transaction", "_adobeamericaspot3": {"CRMID": "crmid:5690717902", "orderDetails": {"orderID": "orderid:439639", "reservationid": "F5Z-QTX1", "orderType": "kiosk"}}}
{"_id": "e2528034-53c8-11ea-993b-b88a60e194fb", "timestamp": "2019-12-08T10:31:17.000Z", "eventType": "transaction", "_adobeamericaspot3": {"CRMID": "crmid:4605517329", "orderDetails": {"orderID": "orderid:941163", "reservationid": "BJA-OTGI", "orderType": "kiosk"}}}
{"_id": "e2536ac6-53c8-11ea-9f50-b88a60e194fb", "timestamp": "2020-01-18T09:39:29.000Z", "eventType": "transaction", "_adobeamericaspot3": {"CRMID": "crmid:5089834511", "orderDetails": {"orderID": "orderid:175346", "reservationid": "AUR-KQBM", "orderType": "kiosk"}}}
{"_id": "e2542e02-53c8-11ea-bbf6-b88a60e194fb", "timestamp": "2019-12-18T15:40:37.000Z", "eventType": "transaction", "_adobeamericaspot3": {"CRMID": "crmid:6112774485", "orderDetails": {"orderID": "orderid:395850", "reservationid": "ZMD-22FA", "orderType": "website"}}}
{"_id": "e254f000-53c8-11ea-a64d-b88a60e194fb", "timestamp": "2020-02-07T11:50:08.000Z", "eventType": "transaction", "_adobeamericaspot3": {"CRMID": "crmid:8944658368", "orderDetails": {"orderID": "orderid:130481", "reservationid": "TE3-RCY0", "orderType": "website"}}}
{"_id": "e255b4a6-53c8-11ea-80f3-b88a60e194fb", "timestamp": "2019-12-23T14:00:39.000Z", "eventType": "transaction", "_adobeamericaspot3": {"CRMID": "crmid:1489175768", "orderDetails": {"orderID": "orderid:133063", "reservationid": "OV6-E6KF", "orderType": "website"}}}
{"_id": "e25677e8-53c8-11ea-9417-b88a60e194fb", "timestamp": "2020-01-01T09:42:13.000Z", "eventType": "transaction", "_adobeamericaspot3": {"CRMID": "crmid:8485112494", "orderDetails": {"orderID": "orderid:288559", "reservationid": "KEE-ZF0E", "orderType": "call center"}}}
{"_id": "e257143e-53c8-11ea-80ae-b88a60e194fb", "timestamp": "2019-12-13T02:09:39.000Z", "eventType": "transaction", "_adobeamericaspot3": {"CRMID": "crmid:7245347687", "orderDetails": {"orderID": "orderid:781200", "reservationid": "4HU-FCQH", "orderType": "website"}}}
{"_id": "e257fe8c-53c8-11ea-b5ee-b88a60e194fb", "timestamp": "2019-12-20T19:17:17.000Z", "eventType": "transaction", "_adobeamericaspot3": {"CRMID": "crmid:8479492768", "orderDetails": {"orderID": "orderid:917180", "reservationid": "IEA-EBL6", "orderType": "call center"}}}
{"_id": "e258c1c8-53c8-11ea-8c63-b88a60e194fb", "timestamp": "2019-12-16T15:36:12.000Z", "eventType": "transaction", "_adobeamericaspot3": {"CRMID": "crmid:6452833700", "orderDetails": {"orderID": "orderid:849824", "reservationid": "ONY-7BOM", "orderType": "call center"}}}
{"_id": "e2595e24-53c8-11ea-8ed6-b88a60e194fb", "timestamp": "2020-01-25T21:07:37.000Z", "eventType": "transaction", "_adobeamericaspot3": {"CRMID": "crmid:7310794374", "orderDetails": {"orderID": "orderid:973731", "reservationid": "U4D-QJHP", "orderType": "kiosk"}}}
{"_id": "e25a4886-53c8-11ea-8eef-b88a60e194fb", "timestamp": "2019-12-26T11:58:34.000Z", "eventType": "transaction", "_adobeamericaspot3": {"CRMID": "crmid:7623543216", "orderDetails": {"orderID": "orderid:519037", "reservationid": "FLR-VY8S", "orderType": "service desk"}}}
{"_id": "e25ae4c0-53c8-11ea-b02b-b88a60e194fb", "timestamp": "2020-02-05T06:00:53.000Z", "eventType": "transaction", "_adobeamericaspot3": {"CRMID": "crmid:8591654583", "orderDetails": {"orderID": "orderid:431975", "reservationid": "MLP-UHHJ", "orderType": "call center"}}}
{"_id": "e25bcf1a-53c8-11ea-bfc9-b88a60e194fb", "timestamp": "2019-12-11T04:09:26.000Z", "eventType": "transaction", "_adobeamericaspot3": {"CRMID": "crmid:4993489662", "orderDetails": {"orderID": "orderid:706774", "reservationid": "PSZ-J3TO", "orderType": "call center"}}}
{"_id": "e25c9286-53c8-11ea-a734-b88a60e194fb", "timestamp": "2020-01-21T06:49:54.000Z", "eventType": "transaction", "_adobeamericaspot3": {"CRMID": "crmid:6461013201", "orderDetails": {"orderID": "orderid:160925", "reservationid": "8WZ-PNEK", "orderType": "kiosk"}}}
{"_id": "e25d7ccc-53c8-11ea-9918-b88a60e194fb", "timestamp": "2020-02-05T06:05:14.000Z", "eventType": "transaction", "_adobeamericaspot3": {"CRMID": "crmid:8387108084", "orderDetails": {"orderID": "orderid:272342", "reservationid": "IEG-68IQ", "orderType": "call center"}}}
{"_id": "e25e1912-53c8-11ea-ba6b-b88a60e194fb", "timestamp": "2019-12-08T11:16:32.000Z", "eventType": "transaction", "_adobeamericaspot3": {"CRMID": "crmid:6111148082", "orderDetails": {"orderID": "orderid:833564", "reservationid": "YMZ-XHV9", "orderType": "call center"}}}
{"_id": "e25f038a-53c8-11ea-9d25-b88a60e194fb", "timestamp": "2020-01-26T01:53:50.000Z", "eventType": "transaction", "_adobeamericaspot3": {"CRMID": "crmid:3293106237", "orderDetails": {"orderID": "orderid:954046", "reservationid": "YM8-RKB1", "orderType": "service desk"}}}
{"_id": "e25f9fb0-53c8-11ea-b08f-b88a60e194fb", "timestamp": "2019-12-29T08:08:26.000Z", "eventType": "transaction", "_adobeamericaspot3": {"CRMID": "crmid:5654257858", "orderDetails": {"orderID": "orderid:744166", "reservationid": "8QO-NZYF", "orderType": "website"}}}
{"_id": "e26062fa-53c8-11ea-9548-b88a60e194fb", "timestamp": "2020-01-01T01:24:22.000Z", "eventType": "transaction", "_adobeamericaspot3": {"CRMID": "crmid:7882060417", "orderDetails": {"orderID": "orderid:381767", "reservationid": "VAZ-6UGH", "orderType": "kiosk"}}}
{"_id": "e260ff46-53c8-11ea-86ab-b88a60e194fb", "timestamp": "2019-12-20T02:10:33.000Z", "eventType": "transaction", "_adobeamericaspot3": {"CRMID": "crmid:8658433615", "orderDetails": {"orderID": "orderid:632762", "reservationid": "DXY-BYYC", "orderType": "website"}}}
{"_id": "e261e99e-53c8-11ea-a5cc-b88a60e194fb", "timestamp": "2020-02-16T06:24:00.000Z", "eventType": "transaction", "_adobeamericaspot3": {"CRMID": "crmid:8751378015", "orderDetails": {"orderID": "orderid:913861", "reservationid": "9XG-KBSQ", "orderType": "website"}}}
{"_id": "e26286fa-53c8-11ea-9c72-b88a60e194fb", "timestamp": "2020-02-08T02:04:48.000Z", "eventType": "transaction", "_adobeamericaspot3": {"CRMID": "crmid:2726477368", "orderDetails": {"orderID": "orderid:199030", "reservationid": "AZX-JUEW", "orderType": "call center"}}}
{"_id": "e265e142-53c8-11ea-8a2f-b88a60e194fb", "timestamp": "2020-02-16T16:47:27.000Z", "eventType": "transaction", "_adobeamericaspot3": {"CRMID": "crmid:1677602161", "orderDetails": {"orderID": "orderid:460816", "reservationid": "61K-OXO5", "orderType": "call center"}}}
{"_id": "e266cbb0-53c8-11ea-83f4-b88a60e194fb", "timestamp": "2019-12-14T22:41:50.000Z", "eventType": "transaction", "_adobeamericaspot3": {"CRMID": "crmid:3018356904", "orderDetails": {"orderID": "orderid:956785", "reservationid": "ICR-JLQC", "orderType": "mobile"}}}
{"_id": "e26767ca-53c8-11ea-b3ee-b88a60e194fb", "timestamp": "2019-12-25T06:28:31.000Z", "eventType": "transaction", "_adobeamericaspot3": {"CRMID": "crmid:6867960588", "orderDetails": {"orderID": "orderid:566611", "reservationid": "0HH-ZF1X", "orderType": "call center"}}}
{"_id": "e26850e4-53c8-11ea-a0e8-b88a60e194fb", "timestamp": "2020-01-10T16:40:50.000Z", "eventType": "transaction", "_adobeamericaspot3": {"CRMID": "crmid:8974778901", "orderDetails": {"orderID": "orderid:514191", "reservationid": "CT0-NFDD", "orderType": "website"}}}
{"_id": "e2691594-53c8-11ea-b65c-b88a60e194fb", "timestamp": "2019-12-06T08:20:15.000Z", "eventType": "transaction", "_adobeamericaspot3": {"CRMID": "crmid:6940711426", "orderDetails": {"orderID": "orderid:435725", "reservationid": "EAI-UBCM", "orderType": "kiosk"}}}
{"_id": "e269b0a2-53c8-11ea-927d-b88a60e194fb", "timestamp": "2019-12-19T12:40:01.000Z", "eventType": "transaction", "_adobeamericaspot3": {"CRMID": "crmid:2908887402", "orderDetails": {"orderID": "orderid:857609", "reservationid": "EED-1BMX", "orderType": "kiosk"}}}
{"_id": "e26ac206-53c8-11ea-a1ba-b88a60e194fb", "timestamp": "2020-01-10T13:53:21.000Z", "eventType": "transaction", "_adobeamericaspot3": {"CRMID": "crmid:1406778894", "orderDetails": {"orderID": "orderid:863050", "reservationid": "PC6-GYSP", "orderType": "website"}}}
{"_id": "e26c7052-53c8-11ea-a6ec-b88a60e194fb", "timestamp": "2020-01-25T08:29:32.000Z", "eventType": "transaction", "_adobeamericaspot3": {"CRMID": "crmid:2609441085", "orderDetails": {"orderID": "orderid:128536", "reservationid": "MWM-VFIV", "orderType": "call center"}}}
{"_id": "e26da84a-53c8-11ea-adb0-b88a60e194fb", "timestamp": "2020-01-31T23:27:48.000Z", "eventType": "transaction", "_adobeamericaspot3": {"CRMID": "crmid:6174113776", "orderDetails": {"orderID": "orderid:311990", "reservationid": "TQX-LCVC", "orderType": "website"}}}
{"_id": "e26e6b7a-53c8-11ea-823b-b88a60e194fb", "timestamp": "2020-02-15T07:03:14.000Z", "eventType": "transaction", "_adobeamericaspot3": {"CRMID": "crmid:5008013913", "orderDetails": {"orderID": "orderid:160384", "reservationid": "TT7-AYXJ", "orderType": "mobile"}}}
{"_id": "e26f2ede-53c8-11ea-a904-b88a60e194fb", "timestamp": "2020-01-30T12:43:33.000Z", "eventType": "transaction", "_adobeamericaspot3": {"CRMID": "crmid:8449167151", "orderDetails": {"orderID": "orderid:791464", "reservationid": "FQA-EY06", "orderType": "website"}}}
{"_id": "e2706890-53c8-11ea-9537-b88a60e194fb", "timestamp": "2019-12-23T18:43:12.000Z", "eventType": "transaction", "_adobeamericaspot3": {"CRMID": "crmid:4648258667", "orderDetails": {"orderID": "orderid:883023", "reservationid": "WWX-YQGU", "orderType": "website"}}}
{"_id": "e27104d2-53c8-11ea-8549-b88a60e194fb", "timestamp": "2020-01-17T17:10:03.000Z", "eventType": "transaction", "_adobeamericaspot3": {"CRMID": "crmid:3440306022", "orderDetails": {"orderID": "orderid:455912", "reservationid": "ION-6KLM", "orderType": "kiosk"}}}
{"_id": "e271edf4-53c8-11ea-a787-b88a60e194fb", "timestamp": "2020-01-01T21:37:04.000Z", "eventType": "transaction", "_adobeamericaspot3": {"CRMID": "crmid:9693482988", "orderDetails": {"orderID": "orderid:371035", "reservationid": "9FI-OGWY", "orderType": "call center"}}}
{"_id": "e2728b8c-53c8-11ea-b0c6-b88a60e194fb", "timestamp": "2020-01-14T15:54:32.000Z", "eventType": "transaction", "_adobeamericaspot3": {"CRMID": "crmid:5633213134", "orderDetails": {"orderID": "orderid:313992", "reservationid": "Z4N-UUKC", "orderType": "call center"}}}
{"_id": "e2734eb8-53c8-11ea-ae27-b88a60e194fb", "timestamp": "2020-01-07T20:30:29.000Z", "eventType": "transaction", "_adobeamericaspot3": {"CRMID": "crmid:1636513895", "orderDetails": {"orderID": "orderid:993656", "reservationid": "KGF-AZNW", "orderType": "website"}}}
{"_id": "e274120c-53c8-11ea-86a6-b88a60e194fb", "timestamp": "2019-12-12T17:27:29.000Z", "eventType": "transaction", "_adobeamericaspot3": {"CRMID": "crmid:1496041346", "orderDetails": {"orderID": "orderid:927420", "reservationid": "FRZ-4XXS", "orderType": "mobile"}}}
{"_id": "e274d558-53c8-11ea-a3c8-b88a60e194fb", "timestamp": "2020-01-22T12:16:28.000Z", "eventType": "transaction", "_adobeamericaspot3": {"CRMID": "crmid:2717133556", "orderDetails": {"orderID": "orderid:288613", "reservationid": "DMN-AOPH", "orderType": "kiosk"}}}
{"_id": "e2759882-53c8-11ea-b41c-b88a60e194fb", "timestamp": "2020-01-27T10:17:53.000Z", "eventType": "transaction", "_adobeamericaspot3": {"CRMID": "crmid:4369165610", "orderDetails": {"orderID": "orderid:824468", "reservationid": "WOL-KB31", "orderType": "kiosk"}}}
{"_id": "e27682d8-53c8-11ea-9bf8-b88a60e194fb", "timestamp": "2020-01-01T15:59:31.000Z", "eventType": "transaction", "_adobeamericaspot3": {"CRMID": "crmid:5011162725", "orderDetails": {"orderID": "orderid:261644", "reservationid": "MTL-EBBB", "orderType": "website"}}}
{"_id": "e2774624-53c8-11ea-b2b3-b88a60e194fb", "timestamp": "2019-12-09T15:20:22.000Z", "eventType": "transaction", "_adobeamericaspot3": {"CRMID": "crmid:8653781292", "orderDetails": {"orderID": "orderid:877898", "reservationid": "ETC-COVL", "orderType": "mobile"}}}
{"_id": "e278309e-53c8-11ea-9992-b88a60e194fb", "timestamp": "2020-02-16T03:24:22.000Z", "eventType": "transaction", "_adobeamericaspot3": {"CRMID": "crmid:6467981045", "orderDetails": {"orderID": "orderid:232841", "reservationid": "YL4-XCY1", "orderType": "kiosk"}}}
{"_id": "e27967da-53c8-11ea-87bd-b88a60e194fb", "timestamp": "2019-12-03T11:16:55.000Z", "eventType": "transaction", "_adobeamericaspot3": {"CRMID": "crmid:7830580095", "orderDetails": {"orderID": "orderid:801962", "reservationid": "VKT-FQKI", "orderType": "kiosk"}}}
{"_id": "e27aa0a2-53c8-11ea-9965-b88a60e194fb", "timestamp": "2020-01-28T05:12:04.000Z", "eventType": "transaction", "_adobeamericaspot3": {"CRMID": "crmid:6400796246", "orderDetails": {"orderID": "orderid:669171", "reservationid": "UDJ-HVBU", "orderType": "service desk"}}}
{"_id": "e27bffe4-53c8-11ea-91d6-b88a60e194fb", "timestamp": "2019-12-28T09:46:55.000Z", "eventType": "transaction", "_adobeamericaspot3": {"CRMID": "crmid:2901384094", "orderDetails": {"orderID": "orderid:421997", "reservationid": "RW1-IZE8", "orderType": "call center"}}}
{"_id": "e27d121c-53c8-11ea-b3f1-b88a60e194fb", "timestamp": "2020-01-27T02:10:00.000Z", "eventType": "transaction", "_adobeamericaspot3": {"CRMID": "crmid:5535406177", "orderDetails": {"orderID": "orderid:786012", "reservationid": "LQJ-JDXO", "orderType": "service desk"}}}
{"_id": "e27dfbc6-53c8-11ea-a827-b88a60e194fb", "timestamp": "2020-01-16T18:55:17.000Z", "eventType": "transaction", "_adobeamericaspot3": {"CRMID": "crmid:9649292689", "orderDetails": {"orderID": "orderid:407832", "reservationid": "ZUD-X2U0", "orderType": "website"}}}
{"_id": "e27f0d42-53c8-11ea-89e9-b88a60e194fb", "timestamp": "2020-01-02T11:06:22.000Z", "eventType": "transaction", "_adobeamericaspot3": {"CRMID": "crmid:2055667833", "orderDetails": {"orderID": "orderid:787228", "reservationid": "MNV-SVH3", "orderType": "kiosk"}}}
{"_id": "e2801ea6-53c8-11ea-b204-b88a60e194fb", "timestamp": "2020-01-15T15:04:15.000Z", "eventType": "transaction", "_adobeamericaspot3": {"CRMID": "crmid:1773624332", "orderDetails": {"orderID": "orderid:972648", "reservationid": "CDE-RS3S", "orderType": "website"}}}
{"_id": "e281090c-53c8-11ea-8182-b88a60e194fb", "timestamp": "2019-12-05T03:36:39.000Z", "eventType": "transaction", "_adobeamericaspot3": {"CRMID": "crmid:1919502279", "orderDetails": {"orderID": "orderid:621552", "reservationid": "UYY-FDYS", "orderType": "call center"}}}
{"_id": "e281f364-53c8-11ea-be98-b88a60e194fb", "timestamp": "2019-12-09T18:46:33.000Z", "eventType": "transaction", "_adobeamericaspot3": {"CRMID": "crmid:9272825534", "orderDetails": {"orderID": "orderid:971079", "reservationid": "88M-MV7U", "orderType": "call center"}}}
{"_id": "e2832bd8-53c8-11ea-92d8-b88a60e194fb", "timestamp": "2019-12-16T21:45:04.000Z", "eventType": "transaction", "_adobeamericaspot3": {"CRMID": "crmid:9655596747", "orderDetails": {"orderID": "orderid:276368", "reservationid": "54Z-KKUW", "orderType": "mobile"}}}
{"_id": "e2841648-53c8-11ea-b68f-b88a60e194fb", "timestamp": "2020-02-11T00:05:36.000Z", "eventType": "transaction", "_adobeamericaspot3": {"CRMID": "crmid:9337289387", "orderDetails": {"orderID": "orderid:946951", "reservationid": "8WH-ERVA", "orderType": "call center"}}}
{"_id": "e28527d8-53c8-11ea-9391-b88a60e194fb", "timestamp": "2020-01-23T04:10:10.000Z", "eventType": "transaction", "_adobeamericaspot3": {"CRMID": "crmid:6569784077", "orderDetails": {"orderID": "orderid:631897", "reservationid": "65E-AJTK", "orderType": "website"}}}
{"_id": "e286393e-53c8-11ea-8a42-b88a60e194fb", "timestamp": "2020-02-09T07:23:45.000Z", "eventType": "transaction", "_adobeamericaspot3": {"CRMID": "crmid:1650889844", "orderDetails": {"orderID": "orderid:609960", "reservationid": "NDD-NMXQ", "orderType": "call center"}}}
{"_id": "e2874a92-53c8-11ea-81b5-b88a60e194fb", "timestamp": "2019-12-23T15:40:58.000Z", "eventType": "transaction", "_adobeamericaspot3": {"CRMID": "crmid:3886685404", "orderDetails": {"orderID": "orderid:113184", "reservationid": "F18-QQJ2", "orderType": "kiosk"}}}
{"_id": "e2880de6-53c8-11ea-a625-b88a60e194fb", "timestamp": "2020-01-18T05:44:29.000Z", "eventType": "transaction", "_adobeamericaspot3": {"CRMID": "crmid:2137806548", "orderDetails": {"orderID": "orderid:824682", "reservationid": "BYQ-SMUB", "orderType": "call center"}}}
{"_id": "e288d134-53c8-11ea-aabf-b88a60e194fb", "timestamp": "2020-01-27T07:26:55.000Z", "eventType": "transaction", "_adobeamericaspot3": {"CRMID": "crmid:3141418227", "orderDetails": {"orderID": "orderid:992340", "reservationid": "KBS-TMEQ", "orderType": "mobile"}}}
{"_id": "e289947a-53c8-11ea-a63e-b88a60e194fb", "timestamp": "2020-01-03T11:14:32.000Z", "eventType": "transaction", "_adobeamericaspot3": {"CRMID": "crmid:5800707795", "orderDetails": {"orderID": "orderid:450767", "reservationid": "GES-YRNG", "orderType": "mobile"}}}
{"_id": "e28a7ee2-53c8-11ea-8c2f-b88a60e194fb", "timestamp": "2020-01-05T14:09:07.000Z", "eventType": "transaction", "_adobeamericaspot3": {"CRMID": "crmid:6101027275", "orderDetails": {"orderID": "orderid:135571", "reservationid": "AJA-LYVO", "orderType": "call center"}}}
{"_id": "e28b1b1c-53c8-11ea-a5dd-b88a60e194fb", "timestamp": "2019-12-29T06:34:59.000Z", "eventType": "transaction", "_adobeamericaspot3": {"CRMID": "crmid:3577303190", "orderDetails": {"orderID": "orderid:594734", "reservationid": "03H-HJIJ", "orderType": "call center"}}}
{"_id": "e28bde6c-53c8-11ea-a3d5-b88a60e194fb", "timestamp": "2020-01-07T01:15:00.000Z", "eventType": "transaction", "_adobeamericaspot3": {"CRMID": "crmid:8084482082", "orderDetails": {"orderID": "orderid:474666", "reservationid": "HHO-BHJT", "orderType": "kiosk"}}}
{"_id": "e28cc8d4-53c8-11ea-a96a-b88a60e194fb", "timestamp": "2019-12-28T20:46:04.000Z", "eventType": "transaction", "_adobeamericaspot3": {"CRMID": "crmid:5764351841", "orderDetails": {"orderID": "orderid:201840", "reservationid": "CO4-L8X7", "orderType": "kiosk"}}}
{"_id": "e28db334-53c8-11ea-8ae7-b88a60e194fb", "timestamp": "2019-12-11T09:29:09.000Z", "eventType": "transaction", "_adobeamericaspot3": {"CRMID": "crmid:4076354911", "orderDetails": {"orderID": "orderid:745369", "reservationid": "FM3-72RK", "orderType": "website"}}}
{"_id": "e28e7686-53c8-11ea-b4ae-b88a60e194fb", "timestamp": "2019-12-06T20:04:51.000Z", "eventType": "transaction", "_adobeamericaspot3": {"CRMID": "crmid:6569611338", "orderDetails": {"orderID": "orderid:429653", "reservationid": "9KO-TR6K", "orderType": "website"}}}
{"_id": "e28f12ba-53c8-11ea-8488-b88a60e194fb", "timestamp": "2020-01-08T12:52:38.000Z", "eventType": "transaction", "_adobeamericaspot3": {"CRMID": "crmid:8391578628", "orderDetails": {"orderID": "orderid:847604", "reservationid": "WXU-7BDD", "orderType": "call center"}}}
{"_id": "e28fd60a-53c8-11ea-b529-b88a60e194fb", "timestamp": "2019-12-23T12:36:17.000Z", "eventType": "transaction", "_adobeamericaspot3": {"CRMID": "crmid:7873303781", "orderDetails": {"orderID": "orderid:926063", "reservationid": "NYK-OMTU", "orderType": "call center"}}}
{"_id": "e290723a-53c8-11ea-9ac1-b88a60e194fb", "timestamp": "2019-12-14T00:16:07.000Z", "eventType": "transaction", "_adobeamericaspot3": {"CRMID": "crmid:6868111402", "orderDetails": {"orderID": "orderid:459630", "reservationid": "7WM-4889", "orderType": "kiosk"}}}
{"_id": "e2915cae-53c8-11ea-8157-b88a60e194fb", "timestamp": "2019-12-14T20:54:04.000Z", "eventType": "transaction", "_adobeamericaspot3": {"CRMID": "crmid:5343360417", "orderDetails": {"orderID": "orderid:670959", "reservationid": "CPC-9BWV", "orderType": "call center"}}}
{"_id": "e291f8e2-53c8-11ea-b679-b88a60e194fb", "timestamp": "2020-01-05T04:46:53.000Z", "eventType": "transaction", "_adobeamericaspot3": {"CRMID": "crmid:8301640928", "orderDetails": {"orderID": "orderid:566615", "reservationid": "6DJ-Y7V1", "orderType": "website"}}}
{"_id": "e292e3e8-53c8-11ea-a0d2-b88a60e194fb", "timestamp": "2020-02-04T07:53:22.000Z", "eventType": "transaction", "_adobeamericaspot3": {"CRMID": "crmid:1520212477", "orderDetails": {"orderID": "orderid:589594", "reservationid": "XGE-ZTWY", "orderType": "website"}}}
{"_id": "e293a810-53c8-11ea-96eb-b88a60e194fb", "timestamp": "2020-01-08T07:52:15.000Z", "eventType": "transaction", "_adobeamericaspot3": {"CRMID": "crmid:6791645531", "orderDetails": {"orderID": "orderid:420447", "reservationid": "BSH-JZ0H", "orderType": "website"}}}
{"_id": "e293cef4-53c8-11ea-9838-b88a60e194fb", "timestamp": "2020-01-15T00:00:00.000Z", "eventType": "transaction", "_adobeamericaspot3": {"CRMID": "crmid:6791645531", "orderDetails": {"orderID": "orderid:919385", "reservationid": "993-J0J8", "orderType": "kiosk"}}}
{"_id": "e2946b1a-53c8-11ea-afe0-b88a60e194fb", "timestamp": "2020-01-19T00:44:22.000Z", "eventType": "transaction", "_adobeamericaspot3": {"CRMID": "crmid:7138143586", "orderDetails": {"orderID": "orderid:392395", "reservationid": "5NW-YRPI", "orderType": "website"}}}
{"_id": "e2955598-53c8-11ea-9d35-b88a60e194fb", "timestamp": "2020-02-07T10:44:39.000Z", "eventType": "transaction", "_adobeamericaspot3": {"CRMID": "crmid:3266169230", "orderDetails": {"orderID": "orderid:843345", "reservationid": "EGA-2TN7", "orderType": "mobile"}}}
{"_id": "e2963ff6-53c8-11ea-9203-b88a60e194fb", "timestamp": "2019-12-27T15:19:51.000Z", "eventType": "transaction", "_adobeamericaspot3": {"CRMID": "crmid:4456312878", "orderDetails": {"orderID": "orderid:112052", "reservationid": "PV8-O1UO", "orderType": "call center"}}}
{"_id": "e2977736-53c8-11ea-948d-b88a60e194fb", "timestamp": "2019-12-19T09:13:32.000Z", "eventType": "transaction", "_adobeamericaspot3": {"CRMID": "crmid:3369766647", "orderDetails": {"orderID": "orderid:874290", "reservationid": "UZH-5IZD", "orderType": "website"}}}
{"_id": "e298afa8-53c8-11ea-8bbd-b88a60e194fb", "timestamp": "2020-02-11T23:53:14.000Z", "eventType": "transaction", "_adobeamericaspot3": {"CRMID": "crmid:3275843495", "orderDetails": {"orderID": "orderid:717148", "reservationid": "EX6-PW1E", "orderType": "website"}}}
{"_id": "e299746c-53c8-11ea-b68f-b88a60e194fb", "timestamp": "2020-02-02T16:55:21.000Z", "eventType": "transaction", "_adobeamericaspot3": {"CRMID": "crmid:2943463867", "orderDetails": {"orderID": "orderid:397981", "reservationid": "MYE-HLWO", "orderType": "website"}}}
{"_id": "e29a5ea4-53c8-11ea-b6a1-b88a60e194fb", "timestamp": "2019-12-31T03:03:59.000Z", "eventType": "transaction", "_adobeamericaspot3": {"CRMID": "crmid:5936410093", "orderDetails": {"orderID": "orderid:103913", "reservationid": "P7L-XMVE", "orderType": "kiosk"}}}
{"_id": "e29b47dc-53c8-11ea-a8a9-b88a60e194fb", "timestamp": "2020-02-12T07:15:36.000Z", "eventType": "transaction", "_adobeamericaspot3": {"CRMID": "crmid:2327671436", "orderDetails": {"orderID": "orderid:444599", "reservationid": "YDI-YSJ0", "orderType": "mobile"}}}
{"_id": "e29be55c-53c8-11ea-91ff-b88a60e194fb", "timestamp": "2019-12-03T20:35:33.000Z", "eventType": "transaction", "_adobeamericaspot3": {"CRMID": "crmid:5750513298", "orderDetails": {"orderID": "orderid:266978", "reservationid": "QG2-PRAC", "orderType": "kiosk"}}}
