{"_id": "orderid:536481", "timestamp": "2019-12-08T06:47:40.000Z", "eventType": "transaction", "_adobeamericaspot3": {"CRMID": "crmid:8323301670", "orderDetails": {"orderID": "orderid:536481", "reservationid": "V5V-FDFM", "orderType": "website", "hotelSKU": "prd1081", "hotelCheckInUnix": "1576046860", "hotelCheckOutUnix": "1576133260", "hotelCheckInTS": "2019-12-11T06:47:40+00:00", "hotelCheckOutTS": "2019-12-12T06:47:40+00:00", "hotelChain": "Admiralty Plaza", "hotelName": "Admiralty Plaza: Rod de Janeiro", "hotelLocation": "Rod de Janeiro", "hotelRoomType": "premium", "hotelRoomCount": "1", "hotelGuestAdultCount": "1", "hotelGuestChildCount": "0", "hotelNightCount": "1", "hotelRoomPrice": "170.35", "hotelFinalPrice": "170.35"}}}
{"_id": "orderid:134017", "timestamp": "2020-01-03T14:41:40.000Z", "eventType": "transaction", "_adobeamericaspot3": {"CRMID": "crmid:8399178820", "orderDetails": {"orderID": "orderid:134017", "reservationid": "TQA-60EG", "orderType": "kiosk", "hotelSKU": "prd1172", "hotelCheckInUnix": "1579790500", "hotelCheckOutUnix": "1580568100", "hotelCheckInTS": "2020-01-23T14:41:40+00:00", "hotelCheckOutTS": "2020-02-01T14:41:40+00:00", "hotelChain": "Aspen Heights", "hotelName": "Aspen Heights: Mesa", "hotelLocation": "Mesa", "hotelRoomType": "luxury", "hotelRoomCount": "1", "hotelGuestAdultCount": "1", "hotelGuestChildCount": "0", "hotelNightCount": "9", "hotelRoomPrice": "386.09", "hotelFinalPrice": "3474.81"}}}
{"_id": "orderid:657048", "timestamp": "2019-12-02T08:15:36.000Z", "eventType": "transaction", "_adobeamericaspot3": {"CRMID": "crmid:1133032870", "orderDetails": {"orderID": "orderid:657048", "reservationid": "A0U-DQ7U", "orderType": "mobile", "hotelSKU": "prd1009", "hotelCheckInUnix": "1575792936", "hotelCheckOutUnix": "1575965736", "hotelCheckInTS": "2019-12-08T08:15:36+00:00", "hotelCheckOutTS": "2019-12-10T08:15:36+00:00", "hotelChain": "Admiralty Plaza", "hotelName": "Admiralty Plaza: San Antonio", "hotelLocation": "San Antonio", "hotelRoomType": "premium", "hotelRoomCount": "1", "hotelGuestAdultCount": "1", "hotelGuestChildCount": "0", "hotelNightCount": "2", "hotelRoomPrice": "117.94", "hotelFinalPrice": "235.88"}}}
{"_id": "orderid:800574", "timestamp": "2020-01-24T20:11:33.000Z", "eventType": "transaction", "_adobeamericaspot3": {"CRMID": "crmid:8264828253", "orderDetails": {"orderID": "orderid:800574", "reservationid": "QNV-HOLT", "orderType": "kiosk", "hotelSKU": "prd1009", "hotelCheckInUnix": "1580155893", "hotelCheckOutUnix": "1580328693", "hotelCheckInTS": "2020-01-27T20:11:33+00:00", "hotelCheckOutTS": "2020-01-29T20:11:33+00:00", "hotelChain": "Admiralty Plaza", "hotelName": "Admiralty Plaza: San Antonio", "hotelLocation": "San Antonio", "hotelRoomType": "standard", "hotelRoomCount": "1", "hotelGuestAdultCount": "1", "hotelGuestChildCount": "0", "hotelNightCount": "2", "hotelRoomPrice": "135.27", "hotelFinalPrice": "270.54"}}}
{"_id": "orderid:526722", "timestamp": "2019-12-09T07:41:03.000Z", "eventType": "transaction", "_adobeamericaspot3": {"CRMID": "crmid:8204771044", "orderDetails": {"orderID": "orderid:526722", "reservationid": "RDT-ZKLS", "orderType": "call center", "hotelSKU": "prd1088", "hotelCheckInUnix": "1578037263", "hotelCheckOutUnix": "1578728463", "hotelCheckInTS": "2020-01-03T07:41:03+00:00", "hotelCheckOutTS": "2020-01-11T07:41:03+00:00", "hotelChain": "Aspen Heights", "hotelName": "Aspen Heights: Ankara", "hotelLocation": "Ankara", "hotelRoomType": "standard", "hotelRoomCount": "1", "hotelGuestAdultCount": "1", "hotelGuestChildCount": "0", "hotelNightCount": "8", "hotelRoomPrice": "125.44", "hotelFinalPrice": "1003.52"}}}
{"_id": "orderid:376413", "timestamp": "2020-02-03T14:11:54.000Z", "eventType": "transaction", "_adobeamericaspot3": {"CRMID": "crmid:4242121005", "orderDetails": {"orderID": "orderid:376413", "reservationid": "KSJ-PH3S", "orderType": "kiosk", "hotelSKU": "prd1154", "hotelCheckInUnix": "1581257514", "hotelCheckOutUnix": "1582639914", "hotelCheckInTS": "2020-02-09T14:11:54+00:00", "hotelCheckOutTS": "2020-02-25T14:11:54+00:00", "hotelChain": "Blue Reef Resort", "hotelName": "Blue Reef Resort: Seattle", "hotelLocation": "Seattle", "hotelRoomType": "standard", "hotelRoomCount": "1", "hotelGuestAdultCount": "1", "hotelGuestChildCount": "0", "hotelNightCount": "16", "hotelRoomPrice": "150.87", "hotelFinalPrice": "2413.92"}}}
{"_id": "orderid:324374", "timestamp": "2020-01-16T03:42:21.000Z", "eventType": "transaction", "_adobeamericaspot3": {"CRMID": "crmid:1067158070", "orderDetails": {"orderID": "orderid:324374", "reservationid": "UQX-SWNE", "orderType": "kiosk", "hotelSKU": "prd1076", "hotelCheckInUnix": "1579232541", "hotelCheckOutUnix": "1579491741", "hotelCheckInTS": "2020-01-17T03:42:21+00:00", "hotelCheckOutTS": "2020-01-20T03:42:21+00:00", "hotelChain": "Aspen Heights", "hotelName": "Aspen Heights: Bogota", "hotelLocation": "Bogota", "hotelRoomType": "standard", "hotelRoomCount": "1", "hotelGuestAdultCount": "1", "hotelGuestChildCount": "0", "hotelNightCount": "3", "hotelRoomPrice": "146.54", "hotelFinalPrice": "439.62"}}}
{"_id": "orderid:522643", "timestamp": "2020-01-21T00:00:00.000Z", "eventType": "transaction", "_adobeamericaspot3": {"CRMID": "crmid:1067158070", "orderDetails": {"orderID": "orderid:522643", "reservationid": "ENE-E7YX", "orderType": "kiosk", "hotelSKU": "prd1143", "hotelCheckInUnix": "1579651200", "hotelCheckOutUnix": "1579996800", "hotelCheckInTS": "2020-01-22T00:00:00+00:00", "hotelCheckOutTS": "2020-01-26T00:00:00+00:00", "hotelChain": "Hospitality Inn", "hotelName": "Hospitality Inn: San Antonio", "hotelLocation": "San Antonio", "hotelRoomType": "standard", "hotelRoomCount": "1", "hotelGuestAdultCount": "1", "hotelGuestChildCount": "0", "hotelNightCount": "4", "hotelRoomPrice": "125.7", "hotelFinalPrice": "502.8"}}}
{"_id": "orderid:795344", "timestamp": "2019-12-18T06:51:42.000Z", "eventType": "transaction", "_adobeamericaspot3": {"CRMID": "crmid:5492411095", "orderDetails": {"orderID": "orderid:795344", "reservationid": "0U7-S7XA", "orderType": "mobile", "hotelSKU": "prd1052", "hotelCheckInUnix": "1579243902", "hotelCheckOutUnix": "1579935102", "hotelCheckInTS": "2020-01-17T06:51:42+00:00", "hotelCheckOutTS": "2020-01-25T06:51:42+00:00", "hotelChain": "Aspen Heights", "hotelName": "Aspen Heights: Wichita", "hotelLocation": "Wichita", "hotelRoomType": "standard", "hotelRoomCount": "1", "hotelGuestAdultCount": "1", "hotelGuestChildCount": "0", "hotelNightCount": "8", "hotelRoomPrice": "110.26", "hotelFinalPrice": "882.08"}}}
{"_id": "orderid:750012", "timestamp": "2019-12-25T04:38:48.000Z", "eventType": "transaction", "_adobeamericaspot3": {"CRMID": "crmid:7221382526", "orderDetails": {"orderID": "orderid:750012", "reservationid": "TJR-7HAI", "orderType": "website", "hotelSKU": "prd1057", "hotelCheckInUnix": "1577421528", "hotelCheckOutUnix": "1577594328", "hotelCheckInTS": "2019-12-27T04:38:48+00:00", "hotelCheckOutTS": "2019-12-29T04:38:48+00:00", "hotelChain": "Admiralty Plaza", "hotelName": "Admiralty Plaza: Mumbai", "hotelLocation": "Mumbai", "hotelRoomType": "standard", "hotelRoomCount": "1", "hotelGuestAdultCount": "1", "hotelGuestChildCount": "0", "hotelNightCount": "2", "hotelRoomPrice": "167.95", "hotelFinalPrice": "335.9"}}}
{"_id": "orderid:135911", "timestamp": "2019-12-09T04:38:23.000Z", "eventType": "transaction", "_adobeamericaspot3": {"CRMID": "crmid:3595191798", "orderDetails": {"orderID": "orderid:135911", "reservationid": "0BX-DL7I", "orderType": "mobile", "hotelSKU": "prd1005", "hotelCheckInUnix": "1575952703", "hotelCheckOutUnix": "1576125503", "hotelCheckInTS": "2019-12-10T04:38:23+00:00", "hotelCheckOutTS": "2019-12-12T04:38:23+00:00", "hotelChain": "Sapphire Suites", "hotelName": "Sapphire Suites: Los Angeles", "hotelLocation": "Los Angeles", "hotelRoomType": "premium", "hotelRoomCount": "1", "hotelGuestAdultCount": "1", "hotelGuestChildCount": "0", "hotelNightCount": "2", "hotelRoomPrice": "149.27", "hotelFinalPrice": "298.54"}}}
{"_id": "orderid:846811", "timestamp": "2020-01-07T06:42:31.000Z", "eventType": "transaction", "_adobeamericaspot3": {"CRMID": "crmid:3987080699", "orderDetails": {"orderID": "orderid:846811", "reservationid": "83L-N0NO", "orderType": "website", "hotelSKU": "prd1070", "hotelCheckInUnix": "1579761751", "hotelCheckOutUnix": "1580366551", "hotelCheckInTS": "2020-01-23T06:42:31+00:00", "hotelCheckOutTS": "2020-01-30T06:42:31+00:00", "hotelChain": "Blue Reef Resort", "hotelName": "Blue Reef Resort: Jakarta", "hotelLocation": "Jakarta", "hotelRoomType": "premium", "hotelRoomCount": "1", "hotelGuestAdultCount": "1", "hotelGuestChildCount": "4", "hotelNightCount": "7", "hotelRoomPrice": "138.1", "hotelFinalPrice": "966.7"}}}
{"_id": "orderid:651977", "timestamp": "2020-01-04T01:35:08.000Z", "eventType": "transaction", "_adobeamericaspot3": {"CRMID": "crmid:9984151441", "orderDetails": {"orderID": "orderid:651977", "reservationid": "SPY-VEFB", "orderType": "website", "hotelSKU": "prd1129", "hotelCheckInUnix": "1580088908", "hotelCheckOutUnix": "1580607308", "hotelCheckInTS": "2020-01-27T01:35:08+00:00", "hotelCheckOutTS": "2020-02-02T01:35:08+00:00", "hotelChain": "Admiralty Plaza", "hotelName": "Admiralty Plaza: Helsinki", "hotelLocation": "Helsinki", "hotelRoomType": "standard", "hotelRoomCount": "1", "hotelGuestAdultCount": "1", "hotelGuestChildCount": "0", "hotelNightCount": "6", "hotelRoomPrice": "100.97", "hotelFinalPrice": "605.82"}}}
{"_id": "orderid:966859", "timestamp": "2020-02-16T06:42:03.000Z", "eventType": "transaction", "_adobeamericaspot3": {"CRMID": "crmid:3365868030", "orderDetails": {"orderID": "orderid:966859", "reservationid": "0EZ-MPKV", "orderType": "kiosk", "hotelSKU": "prd1148", "hotelCheckInUnix": "1583563323", "hotelCheckOutUnix": "1584859323", "hotelCheckInTS": "2020-03-07T06:42:03+00:00", "hotelCheckOutTS": "2020-03-22T06:42:03+00:00", "hotelChain": "Aspen Heights", "hotelName": "Aspen Heights: Jacksonville", "hotelLocation": "Jacksonville", "hotelRoomType": "standard", "hotelRoomCount": "1", "hotelGuestAdultCount": "1", "hotelGuestChildCount": "0", "hotelNightCount": "15", "hotelRoomPrice": "175.3", "hotelFinalPrice": "2629.5"}}}
{"_id": "orderid:944099", "timestamp": "2019-12-22T09:58:47.000Z", "eventType": "transaction", "_adobeamericaspot3": {"CRMID": "crmid:5790088047", "orderDetails": {"orderID": "orderid:944099", "reservationid": "5WI-MYET", "orderType": "call center", "hotelSKU": "prd1142", "hotelCheckInUnix": "1578995927", "hotelCheckOutUnix": "1579687127", "hotelCheckInTS": "2020-01-14T09:58:47+00:00", "hotelCheckOutTS": "2020-01-22T09:58:47+00:00", "hotelChain": "Blue Reef Resort", "hotelName": "Blue Reef Resort: Philadelphia", "hotelLocation": "Philadelphia", "hotelRoomType": "standard", "hotelRoomCount": "1", "hotelGuestAdultCount": "1", "hotelGuestChildCount": "0", "hotelNightCount": "8", "hotelRoomPrice": "178.04", "hotelFinalPrice": "1424.32"}}}
{"_id": "orderid:500587", "timestamp": "2020-02-13T16:35:12.000Z", "eventType": "transaction", "_adobeamericaspot3": {"CRMID": "crmid:1342931650", "orderDetails": {"orderID": "orderid:500587", "reservationid": "LWD-HQ8G", "orderType": "website", "hotelSKU": "prd1130", "hotelCheckInUnix": "1582648512", "hotelCheckOutUnix": "1583339712", "hotelCheckInTS": "2020-02-25T16:35:12+00:00", "hotelCheckOutTS": "2020-03-04T16:35:12+00:00", "hotelChain": "Blue Reef Resort", "hotelName": "Blue Reef Resort: Bremen", "hotelLocation": "Bremen", "hotelRoomType": "standard", "hotelRoomCount": "1", "hotelGuestAdultCount": "1", "hotelGuestChildCount": "1", "hotelNightCount": "8", "hotelRoomPrice": "133.79", "hotelFinalPrice": "1070.32"}}}
{"_id": "orderid:951999", "timestamp": "2020-01-12T14:41:06.000Z", "eventType": "transaction", "_adobeamericaspot3": {"CRMID": "crmid:5385405964", "orderDetails": {"orderID": "orderid:951999", "reservationid": "VTK-XFNL", "orderType": "website", "hotelSKU": "prd1134", "hotelCheckInUnix": "1580481666", "hotelCheckOutUnix": "1581345666", "hotelCheckInTS": "2020-01-31T14:41:06+00:00", "hotelCheckOutTS": "2020-02-10T14:41:06+00:00", "hotelChain": "Restful Nights", "hotelName": "Restful Nights: Montreal", "hotelLocation": "Montreal", "hotelRoomType": "standard", "hotelRoomCount": "1", "hotelGuestAdultCount": "1", "hotelGuestChildCount": "0", "hotelNightCount": "10", "hotelRoomPrice": "129.41", "hotelFinalPrice": "1294.1"}}}
{"_id": "orderid:653543", "timestamp": "2020-01-27T13:18:32.000Z", "eventType": "transaction", "_adobeamericaspot3": {"CRMID": "crmid:2593495456", "orderDetails": {"orderID": "orderid:653543", "reservationid": "TOW-OY5K", "orderType": "kiosk", "hotelSKU": "prd1122", "hotelCheckInUnix": "1582636712", "hotelCheckOutUnix": "1583327912", "hotelCheckInTS": "2020-02-25T13:18:32+00:00", "hotelCheckOutTS": "2020-03-04T13:18:32+00:00", "hotelChain": "Restful Nights", "hotelName": "Restful Nights: Valencia", "hotelLocation": "Valencia", "hotelRoomType": "premium", "hotelRoomCount": "1", "hotelGuestAdultCount": "1", "hotelGuestChildCount": "0", "hotelNightCount": "8", "hotelRoomPrice": "155.42", "hotelFinalPrice": "1243.36"}}}
{"_id": "orderid:429796", "timestamp": "2019-12-16T12:06:23.000Z", "eventType": "transaction", "_adobeamericaspot3": {"CRMID": "crmid:2458154126", "orderDetails": {"orderID": "orderid:429796", "reservationid": "RUX-6E6B", "orderType": "website", "hotelSKU": "prd1076", "hotelCheckInUnix": "1577189183", "hotelCheckOutUnix": "1577707583", "hotelCheckInTS": "2019-12-24T12:06:23+00:00", "hotelCheckOutTS": "2019-12-30T12:06:23+00:00", "hotelChain": "Aspen Heights", "hotelName": "Aspen Heights: Bogota", "hotelLocation": "Bogota", "hotelRoomType": "standard", "hotelRoomCount": "1", "hotelGuestAdultCount": "1", "hotelGuestChildCount": "0", "hotelNightCount": "6", "hotelRoomPrice": "145.81", "hotelFinalPrice": "874.86"}}}
{"_id": "orderid:266004", "timestamp": "2020-02-02T10:31:28.000Z", "eventType": "transaction", "_adobeamericaspot3": {"CRMID": "crmid:9110938507", "orderDetails": {"orderID": "orderid:266004", "reservationid": "HCI-WIG6", "orderType": "website", "hotelSKU": "prd1061", "hotelCheckInUnix": "1582626688", "hotelCheckOutUnix": "1582972288", "hotelCheckInTS": "2020-02-25T10:31:28+00:00", "hotelCheckOutTS": "2020-02-29T10:31:28+00:00", "hotelChain": "Grandeur Hotels", "hotelName": "Grandeur Hotels: Lahore", "hotelLocation": "Lahore", "hotelRoomType": "luxury", "hotelRoomCount": "1", "hotelGuestAdultCount": "1", "hotelGuestChildCount": "4", "hotelNightCount": "4", "hotelRoomPrice": "372.77", "hotelFinalPrice": "1491.08"}}}
{"_id": "orderid:849787", "timestamp": "2019-12-12T03:51:34.000Z", "eventType": "transaction", "_adobeamericaspot3": {"CRMID": "crmid:7001516535", "orderDetails": {"orderID": "orderid:849787", "reservationid": "2LF-BGW2", "orderType": "mobile", "hotelSKU": "prd1003", "hotelCheckInUnix": "1576813894", "hotelCheckOutUnix": "1577159494", "hotelCheckInTS": "2019-12-20T03:51:34+00:00", "hotelCheckOutTS": "2019-12-24T03:51:34+00:00", "hotelChain": "Family Fun Hotels", "hotelName": "Family Fun Hotels: Houston", "hotelLocation": "Houston", "hotelRoomType": "standard", "hotelRoomCount": "1", "hotelGuestAdultCount": "1", "hotelGuestChildCount": "0", "hotelNightCount": "4", "hotelRoomPrice": "131.34", "hotelFinalPrice": "525.36"}}}
{"_id": "orderid:361328", "timestamp": "2020-01-11T02:53:05.000Z", "eventType": "transaction", "_adobeamericaspot3": {"CRMID": "crmid:9554026974", "orderDetails": {"orderID": "orderid:361328", "reservationid": "FO7-7KZY", "orderType": "kiosk", "hotelSKU": "prd1184", "hotelCheckInUnix": "1578970385", "hotelCheckOutUnix": "1579143185", "hotelCheckInTS": "2020-01-14T02:53:05+00:00", "hotelCheckOutTS": "2020-01-16T02:53:05+00:00", "hotelChain": "Aspen Heights", "hotelName": "Aspen Heights: Arlington", "hotelLocation": "Arlington", "hotelRoomType": "luxury", "hotelRoomCount": "1", "hotelGuestAdultCount": "1", "hotelGuestChildCount": "0", "hotelNightCount": "2", "hotelRoomPrice": "327.92", "hotelFinalPrice": "655.84"}}}
{"_id": "orderid:485459", "timestamp": "2020-02-01T14:02:01.000Z", "eventType": "transaction", "_adobeamericaspot3": {"CRMID": "crmid:9228521020", "orderDetails": {"orderID": "orderid:485459", "reservationid": "XCR-3IPL", "orderType": "call center", "hotelSKU": "prd1009", "hotelCheckInUnix": "1582812121", "hotelCheckOutUnix": "1583503321", "hotelCheckInTS": "2020-02-27T14:02:01+00:00", "hotelCheckOutTS": "2020-03-06T14:02:01+00:00", "hotelChain": "Admiralty Plaza", "hotelName": "Admiralty Plaza: San Antonio", "hotelLocation": "San Antonio", "hotelRoomType": "standard", "hotelRoomCount": "1", "hotelGuestAdultCount": "1", "hotelGuestChildCount": "0", "hotelNightCount": "8", "hotelRoomPrice": "125.74", "hotelFinalPrice": "1005.92"}}}
{"_id": "orderid:877607", "timestamp": "2019-12-01T13:55:36.000Z", "eventType": "transaction", "_adobeamericaspot3": {"CRMID": "crmid:9950569705", "orderDetails": {"orderID": "orderid:877607", "reservationid": "JFI-BTFP", "orderType": "call center", "hotelSKU": "prd1148", "hotelCheckInUnix": "1577195736", "hotelCheckOutUnix": "1577800536", "hotelCheckInTS": "2019-12-24T13:55:36+00:00", "hotelCheckOutTS": "2019-12-31T13:55:36+00:00", "hotelChain": "Aspen Heights", "hotelName": "Aspen Heights: Jacksonville", "hotelLocation": "Jacksonville", "hotelRoomType": "standard", "hotelRoomCount": "1", "hotelGuestAdultCount": "1", "hotelGuestChildCount": "0", "hotelNightCount": "7", "hotelRoomPrice": "137.4", "hotelFinalPrice": "961.8"}}}
{"_id": "orderid:967280", "timestamp": "2019-12-29T06:58:18.000Z", "eventType": "transaction", "_adobeamericaspot3": {"CRMID": "crmid:1320664225", "orderDetails": {"orderID": "orderid:967280", "reservationid": "DFB-S5SW", "orderType": "kiosk", "hotelSKU": "prd1165", "hotelCheckInUnix": "1577775498", "hotelCheckOutUnix": "1577861898", "hotelCheckInTS": "2019-12-31T06:58:18+00:00", "hotelCheckOutTS": "2020-01-01T06:58:18+00:00", "hotelChain": "Admiralty Plaza", "hotelName": "Admiralty Plaza: Louisville", "hotelLocation": "Louisville", "hotelRoomType": "standard", "hotelRoomCount": "1", "hotelGuestAdultCount": "1", "hotelGuestChildCount": "0", "hotelNightCount": "1", "hotelRoomPrice": "116.32", "hotelFinalPrice": "116.32"}}}
{"_id": "orderid:973498", "timestamp": "2020-01-09T05:16:39.000Z", "eventType": "transaction", "_adobeamericaspot3": {"CRMID": "crmid:9875803125", "orderDetails": {"orderID": "orderid:973498", "reservationid": "K4B-0ALQ", "orderType": "website", "hotelSKU": "prd1064", "hotelCheckInUnix": "1580966199", "hotelCheckOutUnix": "1582607799", "hotelCheckInTS": "2020-02-06T05:16:39+00:00", "hotelCheckOutTS": "2020-02-25T05:16:39+00:00", "hotelChain": "Aspen Heights", "hotelName": "Aspen Heights: Paris", "hotelLocation": "Paris", "hotelRoomType": "standard", "hotelRoomCount": "1", "hotelGuestAdultCount": "1", "hotelGuestChildCount": "0", "hotelNightCount": "19", "hotelRoomPrice": "102.78", "hotelFinalPrice": "1952.82"}}}
{"_id": "orderid:582425", "timestamp": "2020-01-13T19:08:09.000Z", "eventType": "transaction", "_adobeamericaspot3": {"CRMID": "crmid:7050527896", "orderDetails": {"orderID": "orderid:582425", "reservationid": "SEY-H27N", "orderType": "kiosk", "hotelSKU": "prd1046", "hotelCheckInUnix": "1579201689", "hotelCheckOutUnix": "1579374489", "hotelCheckInTS": "2020-01-16T19:08:09+00:00", "hotelCheckOutTS": "2020-01-18T19:08:09+00:00", "hotelChain": "Blue Reef Resort", "hotelName": "Blue Reef Resort: Virginia Beach", "hotelLocation": "Virginia Beach", "hotelRoomType": "standard", "hotelRoomCount": "1", "hotelGuestAdultCount": "1", "hotelGuestChildCount": "0", "hotelNightCount": "2", "hotelRoomPrice": "141.28", "hotelFinalPrice": "282.56"}}}
{"_id": "orderid:894132", "timestamp": "2019-12-21T22:07:06.000Z", "eventType": "transaction", "_adobeamericaspot3": {"CRMID": "crmid:2786305585", "orderDetails": {"orderID": "orderid:894132", "reservationid": "XWE-3FKO", "orderType": "website", "hotelSKU": "prd1194", "hotelCheckInUnix": "1579212426", "hotelCheckOutUnix": "1580076426", "hotelCheckInTS": "2020-01-16T22:07:06+00:00", "hotelCheckOutTS": "2020-01-26T22:07:06+00:00", "hotelChain": "Restful Nights", "hotelName": "Restful Nights: Tianjin", "hotelLocation": "Tianjin", "hotelRoomType": "standard", "hotelRoomCount": "1", "hotelGuestAdultCount": "1", "hotelGuestChildCount": "0", "hotelNightCount": "10", "hotelRoomPrice": "153.15", "hotelFinalPrice": "1531.5"}}}
{"_id": "orderid:527094", "timestamp": "2019-12-31T07:22:11.000Z", "eventType": "transaction", "_adobeamericaspot3": {"CRMID": "crmid:2051330687", "orderDetails": {"orderID": "orderid:527094", "reservationid": "GKY-0K9Q", "orderType": "call center", "hotelSKU": "prd1071", "hotelCheckInUnix": "1579591331", "hotelCheckOutUnix": "1580282531", "hotelCheckInTS": "2020-01-21T07:22:11+00:00", "hotelCheckOutTS": "2020-01-29T07:22:11+00:00", "hotelChain": "Hospitality Inn", "hotelName": "Hospitality Inn: Seoul", "hotelLocation": "Seoul", "hotelRoomType": "standard", "hotelRoomCount": "1", "hotelGuestAdultCount": "1", "hotelGuestChildCount": "3", "hotelNightCount": "8", "hotelRoomPrice": "150.11", "hotelFinalPrice": "1200.88"}}}
{"_id": "orderid:137850", "timestamp": "2019-12-15T02:43:46.000Z", "eventType": "transaction", "_adobeamericaspot3": {"CRMID": "crmid:5642926829", "orderDetails": {"orderID": "orderid:137850", "reservationid": "XEL-U27K", "orderType": "call center", "hotelSKU": "prd1107", "hotelCheckInUnix": "1578278626", "hotelCheckOutUnix": "1578365026", "hotelCheckInTS": "2020-01-06T02:43:46+00:00", "hotelCheckOutTS": "2020-01-07T02:43:46+00:00", "hotelChain": "Hospitality Inn", "hotelName": "Hospitality Inn: Kharkiv", "hotelLocation": "Kharkiv", "hotelRoomType": "premium", "hotelRoomCount": "1", "hotelGuestAdultCount": "1", "hotelGuestChildCount": "1", "hotelNightCount": "1", "hotelRoomPrice": "115.91", "hotelFinalPrice": "115.91"}}}
{"_id": "orderid:883994", "timestamp": "2020-01-15T06:32:17.000Z", "eventType": "transaction", "_adobeamericaspot3": {"CRMID": "crmid:8984962163", "orderDetails": {"orderID": "orderid:883994", "reservationid": "U3V-DB7G", "orderType": "mobile", "hotelSKU": "prd1182", "hotelCheckInUnix": "1581143537", "hotelCheckOutUnix": "1582093937", "hotelCheckInTS": "2020-02-08T06:32:17+00:00", "hotelCheckOutTS": "2020-02-19T06:32:17+00:00", "hotelChain": "Restful Nights", "hotelName": "Restful Nights: Minneapolis", "hotelLocation": "Minneapolis", "hotelRoomType": "standard", "hotelRoomCount": "1", "hotelGuestAdultCount": "1", "hotelGuestChildCount": "0", "hotelNightCount": "11", "hotelRoomPrice": "96.5", "hotelFinalPrice": "1061.5"}}}
{"_id": "orderid:407205", "timestamp": "2020-01-31T06:19:21.000Z", "eventType": "transaction", "_adobeamericaspot3": {"CRMID": "crmid:2747929608", "orderDetails": {"orderID": "orderid:407205", "reservationid": "TIP-YXIT", "orderType": "call center", "hotelSKU": "prd1184", "hotelCheckInUnix": "1582179561", "hotelCheckOutUnix": "1582697961", "hotelCheckInTS": "2020-02-20T06:19:21+00:00", "hotelCheckOutTS": "2020-02-26T06:19:21+00:00", "hotelChain": "Aspen Heights", "hotelName": "Aspen Heights: Arlington", "hotelLocation": "Arlington", "hotelRoomType": "premium", "hotelRoomCount": "1", "hotelGuestAdultCount": "1", "hotelGuestChildCount": "0", "hotelNightCount": "6", "hotelRoomPrice": "189.16", "hotelFinalPrice": "1134.96"}}}
{"_id": "orderid:890417", "timestamp": "2020-01-28T08:28:37.000Z", "eventType": "transaction", "_adobeamericaspot3": {"CRMID": "crmid:9873012531", "orderDetails": {"orderID": "orderid:890417", "reservationid": "JBI-0DPT", "orderType": "mobile", "hotelSKU": "prd1162", "hotelCheckInUnix": "1582273717", "hotelCheckOutUnix": "1582705717", "hotelCheckInTS": "2020-02-21T08:28:37+00:00", "hotelCheckOutTS": "2020-02-26T08:28:37+00:00", "hotelChain": "Sego Lily Suites", "hotelName": "Sego Lily Suites: Portland", "hotelLocation": "Portland", "hotelRoomType": "standard", "hotelRoomCount": "1", "hotelGuestAdultCount": "1", "hotelGuestChildCount": "0", "hotelNightCount": "5", "hotelRoomPrice": "164.4", "hotelFinalPrice": "822.0"}}}
{"_id": "orderid:597294", "timestamp": "2020-01-03T02:57:28.000Z", "eventType": "transaction", "_adobeamericaspot3": {"CRMID": "crmid:4816393506", "orderDetails": {"orderID": "orderid:597294", "reservationid": "XXV-1BMD", "orderType": "call center", "hotelSKU": "prd1107", "hotelCheckInUnix": "1580093848", "hotelCheckOutUnix": "1580612248", "hotelCheckInTS": "2020-01-27T02:57:28+00:00", "hotelCheckOutTS": "2020-02-02T02:57:28+00:00", "hotelChain": "Hospitality Inn", "hotelName": "Hospitality Inn: Kharkiv", "hotelLocation": "Kharkiv", "hotelRoomType": "standard", "hotelRoomCount": "1", "hotelGuestAdultCount": "1", "hotelGuestChildCount": "2", "hotelNightCount": "6", "hotelRoomPrice": "75.47", "hotelFinalPrice": "452.82"}}}
{"_id": "orderid:871397", "timestamp": "2020-02-07T04:25:27.000Z", "eventType": "transaction", "_adobeamericaspot3": {"CRMID": "crmid:3364909625", "orderDetails": {"orderID": "orderid:871397", "reservationid": "UO0-M2NL", "orderType": "service desk", "hotelSKU": "prd1117", "hotelCheckInUnix": "1581135927", "hotelCheckOutUnix": "1581308727", "hotelCheckInTS": "2020-02-08T04:25:27+00:00", "hotelCheckOutTS": "2020-02-10T04:25:27+00:00", "hotelChain": "Admiralty Plaza", "hotelName": "Admiralty Plaza: Dublin", "hotelLocation": "Dublin", "hotelRoomType": "standard", "hotelRoomCount": "1", "hotelGuestAdultCount": "1", "hotelGuestChildCount": "0", "hotelNightCount": "2", "hotelRoomPrice": "136.65", "hotelFinalPrice": "273.3"}}}
{"_id": "orderid:347802", "timestamp": "2020-01-23T18:08:22.000Z", "eventType": "transaction", "_adobeamericaspot3": {"CRMID": "crmid:3284334404", "orderDetails": {"orderID": "orderid:347802", "reservationid": "L6J-C9EL", "orderType": "website", "hotelSKU": "prd1134", "hotelCheckInUnix": "1582049302", "hotelCheckOutUnix": "1582481302", "hotelCheckInTS": "2020-02-18T18:08:22+00:00", "hotelCheckOutTS": "2020-02-23T18:08:22+00:00", "hotelChain": "Restful Nights", "hotelName": "Restful Nights: Montreal", "hotelLocation": "Montreal", "hotelRoomType": "standard", "hotelRoomCount": "1", "hotelGuestAdultCount": "1", "hotelGuestChildCount": "0", "hotelNightCount": "5", "hotelRoomPrice": "86.35", "hotelFinalPrice": "431.75"}}}
{"_id": "orderid:643980", "timestamp": "2020-01-01T01:11:03.000Z", "eventType": "transaction", "_adobeamericaspot3": {"CRMID": "crmid:6419032931", "orderDetails": {"orderID": "orderid:643980", "reservationid": "RIH-V4ES", "orderType": "call center", "hotelSKU": "prd1143", "hotelCheckInUnix": "1579828263", "hotelCheckOutUnix": "1579914663", "hotelCheckInTS": "2020-01-24T01:11:03+00:00", "hotelCheckOutTS": "2020-01-25T01:11:03+00:00", "hotelChain": "Hospitality Inn", "hotelName": "Hospitality Inn: San Antonio", "hotelLocation": "San Antonio", "hotelRoomType": "premium", "hotelRoomCount": "1", "hotelGuestAdultCount": "1", "hotelGuestChildCount": "0", "hotelNightCount": "1", "hotelRoomPrice": "106.66", "hotelFinalPrice": "106.66"}}}
{"_id": "orderid:329088", "timestamp": "2020-01-11T11:34:36.000Z", "eventType": "transaction", "_adobeamericaspot3": {"CRMID": "crmid:6615448537", "orderDetails": {"orderID": "orderid:329088", "reservationid": "IHO-KVP4", "orderType": "call center", "hotelSKU": "prd1130", "hotelCheckInUnix": "1578915276", "hotelCheckOutUnix": "1579088076", "hotelCheckInTS": "2020-01-13T11:34:36+00:00", "hotelCheckOutTS": "2020-01-15T11:34:36+00:00", "hotelChain": "Blue Reef Resort", "hotelName": "Blue Reef Resort: Bremen", "hotelLocation": "Bremen", "hotelRoomType": "standard", "hotelRoomCount": "1", "hotelGuestAdultCount": "1", "hotelGuestChildCount": "0", "hotelNightCount": "2", "hotelRoomPrice": "135.12", "hotelFinalPrice": "270.24"}}}
{"_id": "orderid:536648", "timestamp": "2019-12-05T20:30:57.000Z", "eventType": "transaction", "_adobeamericaspot3": {"CRMID": "crmid:9450602284", "orderDetails": {"orderID": "orderid:536648", "reservationid": "DAM-4DVJ", "orderType": "call center", "hotelSKU": "prd1185", "hotelCheckInUnix": "1576528257", "hotelCheckOutUnix": "1577133057", "hotelCheckInTS": "2019-12-16T20:30:57+00:00", "hotelCheckOutTS": "2019-12-23T20:30:57+00:00", "hotelChain": "Sapphire Suites", "hotelName": "Sapphire Suites: New Orleans", "hotelLocation": "New Orleans", "hotelRoomType": "standard", "hotelRoomCount": "1", "hotelGuestAdultCount": "1", "hotelGuestChildCount": "3", "hotelNightCount": "7", "hotelRoomPrice": "156.77", "hotelFinalPrice": "1097.39"}}}
{"_id": "orderid:840487", "timestamp": "2020-01-13T23:35:30.000Z", "eventType": "transaction", "_adobeamericaspot3": {"CRMID": "crmid:1207660028", "orderDetails": {"orderID": "orderid:840487", "reservationid": "OOQ-XBZV", "orderType": "call center", "hotelSKU": "prd1164", "hotelCheckInUnix": "1579044930", "hotelCheckOutUnix": "1579217730", "hotelCheckInTS": "2020-01-14T23:35:30+00:00", "hotelCheckOutTS": "2020-01-16T23:35:30+00:00", "hotelChain": "Repose Resort", "hotelName": "Repose Resort: Las Vegas", "hotelLocation": "Las Vegas", "hotelRoomType": "standard", "hotelRoomCount": "1", "hotelGuestAdultCount": "1", "hotelGuestChildCount": "0", "hotelNightCount": "2", "hotelRoomPrice": "125.86", "hotelFinalPrice": "251.72"}}}
{"_id": "orderid:700674", "timestamp": "2020-02-16T07:20:15.000Z", "eventType": "transaction", "_adobeamericaspot3": {"CRMID": "crmid:6472584059", "orderDetails": {"orderID": "orderid:700674", "reservationid": "QWG-IUCS", "orderType": "call center", "hotelSKU": "prd1004", "hotelCheckInUnix": "1582096815", "hotelCheckOutUnix": "1582183215", "hotelCheckInTS": "2020-02-19T07:20:15+00:00", "hotelCheckOutTS": "2020-02-20T07:20:15+00:00", "hotelChain": "Aspen Heights", "hotelName": "Aspen Heights: Boulder", "hotelLocation": "Boulder", "hotelRoomType": "premium", "hotelRoomCount": "1", "hotelGuestAdultCount": "1", "hotelGuestChildCount": "0", "hotelNightCount": "1", "hotelRoomPrice": "124.66", "hotelFinalPrice": "124.66"}}}
{"_id": "orderid:717022", "timestamp": "2020-01-21T04:47:05.000Z", "eventType": "transaction", "_adobeamericaspot3": {"CRMID": "crmid:5555832185", "orderDetails": {"orderID": "orderid:717022", "reservationid": "SPT-MFCY", "orderType": "website", "hotelSKU": "prd1069", "hotelCheckInUnix": "1582001225", "hotelCheckOutUnix": "1582174025", "hotelCheckInTS": "2020-02-18T04:47:05+00:00", "hotelCheckOutTS": "2020-02-20T04:47:05+00:00", "hotelChain": "Admiralty Plaza", "hotelName": "Admiralty Plaza: Singapore", "hotelLocation": "Singapore", "hotelRoomType": "premium", "hotelRoomCount": "1", "hotelGuestAdultCount": "1", "hotelGuestChildCount": "0", "hotelNightCount": "2", "hotelRoomPrice": "139.36", "hotelFinalPrice": "278.72"}}}
{"_id": "orderid:366778", "timestamp": "2020-02-03T19:48:50.000Z", "eventType": "transaction", "_adobeamericaspot3": {"CRMID": "crmid:3021562840", "orderDetails": {"orderID": "orderid:366778", "reservationid": "EAF-MJZG", "orderType": "website", "hotelSKU": "prd1041", "hotelCheckInUnix": "1580845730", "hotelCheckOutUnix": "1581277730", "hotelCheckInTS": "2020-02-04T19:48:50+00:00", "hotelCheckOutTS": "2020-02-09T19:48:50+00:00", "hotelChain": "Sapphire Suites", "hotelName": "Sapphire Suites: Long Beach", "hotelLocation": "Long Beach", "hotelRoomType": "standard", "hotelRoomCount": "1", "hotelGuestAdultCount": "1", "hotelGuestChildCount": "0", "hotelNightCount": "5", "hotelRoomPrice": "94.39", "hotelFinalPrice": "471.95"}}}
{"_id": "orderid:253165", "timestamp": "2020-01-23T02:09:09.000Z", "eventType": "transaction", "_adobeamericaspot3": {"CRMID": "crmid:4710968915", "orderDetails": {"orderID": "orderid:253165", "reservationid": "IYL-LFAW", "orderType": "mobile", "hotelSKU": "prd1129", "hotelCheckInUnix": "1581386949", "hotelCheckOutUnix": "1581473349", "hotelCheckInTS": "2020-02-11T02:09:09+00:00", "hotelCheckOutTS": "2020-02-12T02:09:09+00:00", "hotelChain": "Admiralty Plaza", "hotelName": "Admiralty Plaza: Helsinki", "hotelLocation": "Helsinki", "hotelRoomType": "premium", "hotelRoomCount": "1", "hotelGuestAdultCount": "1", "hotelGuestChildCount": "0", "hotelNightCount": "1", "hotelRoomPrice": "178.63", "hotelFinalPrice": "178.63"}}}
{"_id": "orderid:941298", "timestamp": "2020-02-10T15:42:41.000Z", "eventType": "transaction", "_adobeamericaspot3": {"CRMID": "crmid:2079347257", "orderDetails": {"orderID": "orderid:941298", "reservationid": "03E-LJ1E", "orderType": "website", "hotelSKU": "prd1073", "hotelCheckInUnix": "1583336561", "hotelCheckOutUnix": "1584114161", "hotelCheckInTS": "2020-03-04T15:42:41+00:00", "hotelCheckOutTS": "2020-03-13T15:42:41+00:00", "hotelChain": "Grandeur Hotels", "hotelName": "Grandeur Hotels: Lima", "hotelLocation": "Lima", "hotelRoomType": "standard", "hotelRoomCount": "1", "hotelGuestAdultCount": "1", "hotelGuestChildCount": "0", "hotelNightCount": "9", "hotelRoomPrice": "149.12", "hotelFinalPrice": "1342.08"}}}
{"_id": "orderid:157530", "timestamp": "2020-01-11T19:14:44.000Z", "eventType": "transaction", "_adobeamericaspot3": {"CRMID": "crmid:8104631955", "orderDetails": {"orderID": "orderid:157530", "reservationid": "44I-1PIG", "orderType": "kiosk", "hotelSKU": "prd1081", "hotelCheckInUnix": "1580325284", "hotelCheckOutUnix": "1580498084", "hotelCheckInTS": "2020-01-29T19:14:44+00:00", "hotelCheckOutTS": "2020-01-31T19:14:44+00:00", "hotelChain": "Admiralty Plaza", "hotelName": "Admiralty Plaza: Rod de Janeiro", "hotelLocation": "Rod de Janeiro", "hotelRoomType": "standard", "hotelRoomCount": "1", "hotelGuestAdultCount": "1", "hotelGuestChildCount": "4", "hotelNightCount": "2", "hotelRoomPrice": "180.63", "hotelFinalPrice": "361.26"}}}
{"_id": "orderid:962257", "timestamp": "2019-12-31T08:07:03.000Z", "eventType": "transaction", "_adobeamericaspot3": {"CRMID": "crmid:3613209770", "orderDetails": {"orderID": "orderid:962257", "reservationid": "P0G-BVDW", "orderType": "kiosk", "hotelSKU": "prd1030", "hotelCheckInUnix": "1577866023", "hotelCheckOutUnix": "1577952423", "hotelCheckInTS": "2020-01-01T08:07:03+00:00", "hotelCheckOutTS": "2020-01-02T08:07:03+00:00", "hotelChain": "Sego Lily Suites", "hotelName": "Sego Lily Suites: Las Vegas", "hotelLocation": "Las Vegas", "hotelRoomType": "premium", "hotelRoomCount": "1", "hotelGuestAdultCount": "1", "hotelGuestChildCount": "0", "hotelNightCount": "1", "hotelRoomPrice": "176.09", "hotelFinalPrice": "176.09"}}}
{"_id": "orderid:557989", "timestamp": "2020-01-02T14:14:09.000Z", "eventType": "transaction", "_adobeamericaspot3": {"CRMID": "crmid:8643617747", "orderDetails": {"orderID": "orderid:557989", "reservationid": "CTU-GPIW", "orderType": "service desk", "hotelSKU": "prd1032", "hotelCheckInUnix": "1578320049", "hotelCheckOutUnix": "1578492849", "hotelCheckInTS": "2020-01-06T14:14:09+00:00", "hotelCheckOutTS": "2020-01-08T14:14:09+00:00", "hotelChain": "Repose Resort", "hotelName": "Repose Resort: Baltimore", "hotelLocation": "Baltimore", "hotelRoomType": "presidential-suite", "hotelRoomCount": "1", "hotelGuestAdultCount": "1", "hotelGuestChildCount": "0", "hotelNightCount": "2", "hotelRoomPrice": "880.56", "hotelFinalPrice": "1761.12"}}}
{"_id": "orderid:624747", "timestamp": "2020-01-26T21:19:50.000Z", "eventType": "transaction", "_adobeamericaspot3": {"CRMID": "crmid:1403676179", "orderDetails": {"orderID": "orderid:624747", "reservationid": "JUP-W9B2", "orderType": "call center", "hotelSKU": "prd1070", "hotelCheckInUnix": "1580159990", "hotelCheckOutUnix": "1581023990", "hotelCheckInTS": "2020-01-27T21:19:50+00:00", "hotelCheckOutTS": "2020-02-06T21:19:50+00:00", "hotelChain": "Blue Reef Resort", "hotelName": "Blue Reef Resort: Jakarta", "hotelLocation": "Jakarta", "hotelRoomType": "standard", "hotelRoomCount": "1", "hotelGuestAdultCount": "1", "hotelGuestChildCount": "0", "hotelNightCount": "10", "hotelRoomPrice": "147.76", "hotelFinalPrice": "1477.6"}}}
{"_id": "orderid:401264", "timestamp": "2019-12-28T16:11:42.000Z", "eventType": "transaction", "_adobeamericaspot3": {"CRMID": "crmid:6987652963", "orderDetails": {"orderID": "orderid:401264", "reservationid": "VDP-RQEV", "orderType": "service desk", "hotelSKU": "prd1179", "hotelCheckInUnix": "1578154302", "hotelCheckOutUnix": "1578413502", "hotelCheckInTS": "2020-01-04T16:11:42+00:00", "hotelCheckOutTS": "2020-01-07T16:11:42+00:00", "hotelChain": "Hospitality Inn", "hotelName": "Hospitality Inn: Miami", "hotelLocation": "Miami", "hotelRoomType": "standard", "hotelRoomCount": "1", "hotelGuestAdultCount": "1", "hotelGuestChildCount": "1", "hotelNightCount": "3", "hotelRoomPrice": "147.62", "hotelFinalPrice": "442.86"}}}
{"_id": "orderid:270182", "timestamp": "2019-12-17T00:58:55.000Z", "eventType": "transaction", "_adobeamericaspot3": {"CRMID": "crmid:7459405106", "orderDetails": {"orderID": "orderid:270182", "reservationid": "MNH-NSE2", "orderType": "call center", "hotelSKU": "prd1173", "hotelCheckInUnix": "1576889935", "hotelCheckOutUnix": "1577235535", "hotelCheckInTS": "2019-12-21T00:58:55+00:00", "hotelCheckOutTS": "2019-12-25T00:58:55+00:00", "hotelChain": "Sapphire Suites", "hotelName": "Sapphire Suites: Kansas City", "hotelLocation": "Kansas City", "hotelRoomType": "premium", "hotelRoomCount": "1", "hotelGuestAdultCount": "1", "hotelGuestChildCount": "0", "hotelNightCount": "4", "hotelRoomPrice": "136.57", "hotelFinalPrice": "546.28"}}}
{"_id": "orderid:373276", "timestamp": "2019-12-26T00:00:00.000Z", "eventType": "transaction", "_adobeamericaspot3": {"CRMID": "crmid:7459405106", "orderDetails": {"orderID": "orderid:373276", "reservationid": "BXY-VQEB", "orderType": "kiosk", "hotelSKU": "prd1119", "hotelCheckInUnix": "1577404800", "hotelCheckOutUnix": "1577491200", "hotelCheckInTS": "2019-12-27T00:00:00+00:00", "hotelCheckOutTS": "2019-12-28T00:00:00+00:00", "hotelChain": "Hospitality Inn", "hotelName": "Hospitality Inn: Turin", "hotelLocation": "Turin", "hotelRoomType": "standard", "hotelRoomCount": "1", "hotelGuestAdultCount": "1", "hotelGuestChildCount": "0", "hotelNightCount": "1", "hotelRoomPrice": "185.3", "hotelFinalPrice": "185.3"}}}
{"_id": "orderid:693369", "timestamp": "2019-12-20T05:05:33.000Z", "eventType": "transaction", "_adobeamericaspot3": {"CRMID": "crmid:7851342235", "orderDetails": {"orderID": "orderid:693369", "reservationid": "WU6-8WA2", "orderType": "mobile", "hotelSKU": "prd1196", "hotelCheckInUnix": "1578632733", "hotelCheckOutUnix": "1579237533", "hotelCheckInTS": "2020-01-10T05:05:33+00:00", "hotelCheckOutTS": "2020-01-17T05:05:33+00:00", "hotelChain": "Aspen Heights", "hotelName": "Aspen Heights: Moscow", "hotelLocation": "Moscow", "hotelRoomType": "standard", "hotelRoomCount": "1", "hotelGuestAdultCount": "1", "hotelGuestChildCount": "2", "hotelNightCount": "7", "hotelRoomPrice": "117.24", "hotelFinalPrice": "820.68"}}}
{"_id": "orderid:280233", "timestamp": "2020-01-04T08:32:57.000Z", "eventType": "transaction", "_adobeamericaspot3": {"CRMID": "crmid:2617597738", "orderDetails": {"orderID": "orderid:280233", "reservationid": "UL3-L5SY", "orderType": "call center", "hotelSKU": "prd1148", "hotelCheckInUnix": "1579681977", "hotelCheckOutUnix": "1580200377", "hotelCheckInTS": "2020-01-22T08:32:57+00:00", "hotelCheckOutTS": "2020-01-28T08:32:57+00:00", "hotelChain": "Aspen Heights", "hotelName": "Aspen Heights: Jacksonville", "hotelLocation": "Jacksonville", "hotelRoomType": "standard", "hotelRoomCount": "1", "hotelGuestAdultCount": "1", "hotelGuestChildCount": "3", "hotelNightCount": "6", "hotelRoomPrice": "161.92", "hotelFinalPrice": "971.52"}}}
{"_id": "orderid:548776", "timestamp": "2019-12-07T00:55:33.000Z", "eventType": "transaction", "_adobeamericaspot3": {"CRMID": "crmid:7903840744", "orderDetails": {"orderID": "orderid:548776", "reservationid": "JDU-KBMX", "orderType": "website", "hotelSKU": "prd1130", "hotelCheckInUnix": "1575766533", "hotelCheckOutUnix": "1575939333", "hotelCheckInTS": "2019-12-08T00:55:33+00:00", "hotelCheckOutTS": "2019-12-10T00:55:33+00:00", "hotelChain": "Blue Reef Resort", "hotelName": "Blue Reef Resort: Bremen", "hotelLocation": "Bremen", "hotelRoomType": "standard", "hotelRoomCount": "1", "hotelGuestAdultCount": "1", "hotelGuestChildCount": "0", "hotelNightCount": "2", "hotelRoomPrice": "136.87", "hotelFinalPrice": "273.74"}}}
{"_id": "orderid:845780", "timestamp": "2020-01-21T07:30:05.000Z", "eventType": "transaction", "_adobeamericaspot3": {"CRMID": "crmid:6385370606", "orderDetails": {"orderID": "orderid:845780", "reservationid": "SHI-HZVQ", "orderType": "website", "hotelSKU": "prd1131", "hotelCheckInUnix": "1581665405", "hotelCheckOutUnix": "1582529405", "hotelCheckInTS": "2020-02-14T07:30:05+00:00", "hotelCheckOutTS": "2020-02-24T07:30:05+00:00", "hotelChain": "Hospitality Inn", "hotelName": "Hospitality Inn: Sheffield", "hotelLocation": "Sheffield", "hotelRoomType": "standard", "hotelRoomCount": "1", "hotelGuestAdultCount": "1", "hotelGuestChildCount": "0", "hotelNightCount": "10", "hotelRoomPrice": "152.86", "hotelFinalPrice": "1528.6"}}}
{"_id": "orderid:690476", "timestamp": "2020-02-16T20:19:37.000Z", "eventType": "transaction", "_adobeamericaspot3": {"CRMID": "crmid:2355209552", "orderDetails": {"orderID": "orderid:690476", "reservationid": "4UN-78IP", "orderType": "call center", "hotelSKU": "prd1129", "hotelCheckInUnix": "1581970777", "hotelCheckOutUnix": "1582057177", "hotelCheckInTS": "2020-02-17T20:19:37+00:00", "hotelCheckOutTS": "2020-02-18T20:19:37+00:00", "hotelChain": "Admiralty Plaza", "hotelName": "Admiralty Plaza: Helsinki", "hotelLocation": "Helsinki", "hotelRoomType": "standard", "hotelRoomCount": "1", "hotelGuestAdultCount": "1", "hotelGuestChildCount": "0", "hotelNightCount": "1", "hotelRoomPrice": "152.85", "hotelFinalPrice": "152.85"}}}
{"_id": "orderid:685605", "timestamp": "2019-12-21T13:14:16.000Z", "eventType": "transaction", "_adobeamericaspot3": {"CRMID": "crmid:2932424720", "orderDetails": {"orderID": "orderid:685605", "reservationid": "IP0-FX9I", "orderType": "kiosk", "hotelSKU": "prd1172", "hotelCheckInUnix": "1577106856", "hotelCheckOutUnix": "1577538856", "hotelCheckInTS": "2019-12-23T13:14:16+00:00", "hotelCheckOutTS": "2019-12-28T13:14:16+00:00", "hotelChain": "Aspen Heights", "hotelName": "Aspen Heights: Mesa", "hotelLocation": "Mesa", "hotelRoomType": "premium", "hotelRoomCount": "1", "hotelGuestAdultCount": "1", "hotelGuestChildCount": "0", "hotelNightCount": "5", "hotelRoomPrice": "186.97", "hotelFinalPrice": "934.85"}}}
{"_id": "orderid:929824", "timestamp": "2020-02-14T18:55:03.000Z", "eventType": "transaction", "_adobeamericaspot3": {"CRMID": "crmid:3915080209", "orderDetails": {"orderID": "orderid:929824", "reservationid": "URV-LKCD", "orderType": "kiosk", "hotelSKU": "prd1083", "hotelCheckInUnix": "1583693703", "hotelCheckOutUnix": "1584903303", "hotelCheckInTS": "2020-03-08T18:55:03+00:00", "hotelCheckOutTS": "2020-03-22T18:55:03+00:00", "hotelChain": "Hospitality Inn", "hotelName": "Hospitality Inn: Bangkok", "hotelLocation": "Bangkok", "hotelRoomType": "standard", "hotelRoomCount": "1", "hotelGuestAdultCount": "1", "hotelGuestChildCount": "0", "hotelNightCount": "14", "hotelRoomPrice": "140.31", "hotelFinalPrice": "1964.34"}}}
{"_id": "orderid:778830", "timestamp": "2019-12-30T10:51:47.000Z", "eventType": "transaction", "_adobeamericaspot3": {"CRMID": "crmid:5823979152", "orderDetails": {"orderID": "orderid:778830", "reservationid": "7WM-LRSN", "orderType": "website", "hotelSKU": "prd1013", "hotelCheckInUnix": "1580208707", "hotelCheckOutUnix": "1580899907", "hotelCheckInTS": "2020-01-28T10:51:47+00:00", "hotelCheckOutTS": "2020-02-05T10:51:47+00:00", "hotelChain": "Grandeur Hotels", "hotelName": "Grandeur Hotels: Austin", "hotelLocation": "Austin", "hotelRoomType": "standard", "hotelRoomCount": "1", "hotelGuestAdultCount": "1", "hotelGuestChildCount": "2", "hotelNightCount": "8", "hotelRoomPrice": "164.27", "hotelFinalPrice": "1314.16"}}}
{"_id": "orderid:195948", "timestamp": "2019-12-12T20:56:00.000Z", "eventType": "transaction", "_adobeamericaspot3": {"CRMID": "crmid:7356088073", "orderDetails": {"orderID": "orderid:195948", "reservationid": "J40-JZOP", "orderType": "website", "hotelSKU": "prd1191", "hotelCheckInUnix": "1576270560", "hotelCheckOutUnix": "1576356960", "hotelCheckInTS": "2019-12-13T20:56:00+00:00", "hotelCheckOutTS": "2019-12-14T20:56:00+00:00", "hotelChain": "Hospitality Inn", "hotelName": "Hospitality Inn: Mumbai", "hotelLocation": "Mumbai", "hotelRoomType": "premium", "hotelRoomCount": "1", "hotelGuestAdultCount": "1", "hotelGuestChildCount": "0", "hotelNightCount": "1", "hotelRoomPrice": "88.38", "hotelFinalPrice": "88.38"}}}
{"_id": "orderid:895638", "timestamp": "2020-02-14T17:54:38.000Z", "eventType": "transaction", "_adobeamericaspot3": {"CRMID": "crmid:7245078921", "orderDetails": {"orderID": "orderid:895638", "reservationid": "NKO-UVWV", "orderType": "website", "hotelSKU": "prd1160", "hotelCheckInUnix": "1583603678", "hotelCheckOutUnix": "1584035678", "hotelCheckInTS": "2020-03-07T17:54:38+00:00", "hotelCheckOutTS": "2020-03-12T17:54:38+00:00", "hotelChain": "Aspen Heights", "hotelName": "Aspen Heights: Nashville", "hotelLocation": "Nashville", "hotelRoomType": "standard", "hotelRoomCount": "1", "hotelGuestAdultCount": "1", "hotelGuestChildCount": "0", "hotelNightCount": "5", "hotelRoomPrice": "147.65", "hotelFinalPrice": "738.25"}}}
{"_id": "orderid:195944", "timestamp": "2020-01-20T04:31:11.000Z", "eventType": "transaction", "_adobeamericaspot3": {"CRMID": "crmid:8938016545", "orderDetails": {"orderID": "orderid:195944", "reservationid": "T0A-OEF1", "orderType": "mobile", "hotelSKU": "prd1193", "hotelCheckInUnix": "1581049871", "hotelCheckOutUnix": "1582432271", "hotelCheckInTS": "2020-02-07T04:31:11+00:00", "hotelCheckOutTS": "2020-02-23T04:31:11+00:00", "hotelChain": "Grandeur Hotels", "hotelName": "Grandeur Hotels: Kinshasa", "hotelLocation": "Kinshasa", "hotelRoomType": "standard", "hotelRoomCount": "1", "hotelGuestAdultCount": "1", "hotelGuestChildCount": "0", "hotelNightCount": "16", "hotelRoomPrice": "147.76", "hotelFinalPrice": "2364.16"}}}
{"_id": "orderid:525925", "timestamp": "2020-02-13T22:41:33.000Z", "eventType": "transaction", "_adobeamericaspot3": {"CRMID": "crmid:9972389176", "orderDetails": {"orderID": "orderid:525925", "reservationid": "HSX-KNYP", "orderType": "call center", "hotelSKU": "prd1165", "hotelCheckInUnix": "1583707293", "hotelCheckOutUnix": "1584571293", "hotelCheckInTS": "2020-03-08T22:41:33+00:00", "hotelCheckOutTS": "2020-03-18T22:41:33+00:00", "hotelChain": "Admiralty Plaza", "hotelName": "Admiralty Plaza: Louisville", "hotelLocation": "Louisville", "hotelRoomType": "standard", "hotelRoomCount": "1", "hotelGuestAdultCount": "1", "hotelGuestChildCount": "0", "hotelNightCount": "10", "hotelRoomPrice": "173.96", "hotelFinalPrice": "1739.6"}}}
{"_id": "orderid:344236", "timestamp": "2019-12-17T18:53:07.000Z", "eventType": "transaction", "_adobeamericaspot3": {"CRMID": "crmid:6680534968", "orderDetails": {"orderID": "orderid:344236", "reservationid": "DOU-JEAZ", "orderType": "service desk", "hotelSKU": "prd1178", "hotelCheckInUnix": "1576695187", "hotelCheckOutUnix": "1576867987", "hotelCheckInTS": "2019-12-18T18:53:07+00:00", "hotelCheckOutTS": "2019-12-20T18:53:07+00:00", "hotelChain": "Blue Reef Resort", "hotelName": "Blue Reef Resort: Colorado Springs", "hotelLocation": "Colorado Springs", "hotelRoomType": "standard", "hotelRoomCount": "1", "hotelGuestAdultCount": "1", "hotelGuestChildCount": "0", "hotelNightCount": "2", "hotelRoomPrice": "146.26", "hotelFinalPrice": "292.52"}}}
{"_id": "orderid:728279", "timestamp": "2019-12-13T03:26:05.000Z", "eventType": "transaction", "_adobeamericaspot3": {"CRMID": "crmid:1693353901", "orderDetails": {"orderID": "orderid:728279", "reservationid": "ACO-Q98Q", "orderType": "kiosk", "hotelSKU": "prd1179", "hotelCheckInUnix": "1577935565", "hotelCheckOutUnix": "1578021965", "hotelCheckInTS": "2020-01-02T03:26:05+00:00", "hotelCheckOutTS": "2020-01-03T03:26:05+00:00", "hotelChain": "Hospitality Inn", "hotelName": "Hospitality Inn: Miami", "hotelLocation": "Miami", "hotelRoomType": "standard", "hotelRoomCount": "1", "hotelGuestAdultCount": "1", "hotelGuestChildCount": "0", "hotelNightCount": "1", "hotelRoomPrice": "119.66", "hotelFinalPrice": "119.66"}}}
{"_id": "orderid:174957", "timestamp": "2020-01-14T07:08:33.000Z", "eventType": "transaction", "_adobeamericaspot3": {"CRMID": "crmid:6551227787", "orderDetails": {"orderID": "orderid:174957", "reservationid": "WHV-AKL2", "orderType": "website", "hotelSKU": "prd1182", "hotelCheckInUnix": "1580886513", "hotelCheckOutUnix": "1581404913", "hotelCheckInTS": "2020-02-05T07:08:33+00:00", "hotelCheckOutTS": "2020-02-11T07:08:33+00:00", "hotelChain": "Restful Nights", "hotelName": "Restful Nights: Minneapolis", "hotelLocation": "Minneapolis", "hotelRoomType": "standard", "hotelRoomCount": "1", "hotelGuestAdultCount": "1", "hotelGuestChildCount": "0", "hotelNightCount": "6", "hotelRoomPrice": "143.68", "hotelFinalPrice": "862.08"}}}
{"_id": "orderid:781438", "timestamp": "2019-12-19T18:32:15.000Z", "eventType": "transaction", "_adobeamericaspot3": {"CRMID": "crmid:5558407097", "orderDetails": {"orderID": "orderid:781438", "reservationid": "3IW-B68L", "orderType": "call center", "hotelSKU": "prd1124", "hotelCheckInUnix": "1577039535", "hotelCheckOutUnix": "1577903535", "hotelCheckInTS": "2019-12-22T18:32:15+00:00", "hotelCheckOutTS": "2020-01-01T18:32:15+00:00", "hotelChain": "Aspen Heights", "hotelName": "Aspen Heights: Leeds", "hotelLocation": "Leeds", "hotelRoomType": "premium", "hotelRoomCount": "1", "hotelGuestAdultCount": "1", "hotelGuestChildCount": "0", "hotelNightCount": "10", "hotelRoomPrice": "177.67", "hotelFinalPrice": "1776.7"}}}
{"_id": "orderid:784658", "timestamp": "2020-02-15T14:54:02.000Z", "eventType": "transaction", "_adobeamericaspot3": {"CRMID": "crmid:9016004284", "orderDetails": {"orderID": "orderid:784658", "reservationid": "2EL-NWGQ", "orderType": "mobile", "hotelSKU": "prd1130", "hotelCheckInUnix": "1584111242", "hotelCheckOutUnix": "1584716042", "hotelCheckInTS": "2020-03-13T14:54:02+00:00", "hotelCheckOutTS": "2020-03-20T14:54:02+00:00", "hotelChain": "Blue Reef Resort", "hotelName": "Blue Reef Resort: Bremen", "hotelLocation": "Bremen", "hotelRoomType": "standard", "hotelRoomCount": "1", "hotelGuestAdultCount": "1", "hotelGuestChildCount": "0", "hotelNightCount": "7", "hotelRoomPrice": "138.9", "hotelFinalPrice": "972.3"}}}
{"_id": "orderid:719760", "timestamp": "2020-01-26T00:55:10.000Z", "eventType": "transaction", "_adobeamericaspot3": {"CRMID": "crmid:6416643850", "orderDetails": {"orderID": "orderid:719760", "reservationid": "K0W-PI6G", "orderType": "website", "hotelSKU": "prd1081", "hotelCheckInUnix": "1580259310", "hotelCheckOutUnix": "1580518510", "hotelCheckInTS": "2020-01-29T00:55:10+00:00", "hotelCheckOutTS": "2020-02-01T00:55:10+00:00", "hotelChain": "Admiralty Plaza", "hotelName": "Admiralty Plaza: Rod de Janeiro", "hotelLocation": "Rod de Janeiro", "hotelRoomType": "standard", "hotelRoomCount": "1", "hotelGuestAdultCount": "1", "hotelGuestChildCount": "0", "hotelNightCount": "3", "hotelRoomPrice": "125.83", "hotelFinalPrice": "377.49"}}}
{"_id": "orderid:245650", "timestamp": "2020-02-02T00:00:00.000Z", "eventType": "transaction", "_adobeamericaspot3": {"CRMID": "crmid:6416643850", "orderDetails": {"orderID": "orderid:245650", "reservationid": "EOI-WC1V", "orderType": "call center", "hotelSKU": "prd1113", "hotelCheckInUnix": "1580947200", "hotelCheckOutUnix": "1581033600", "hotelCheckInTS": "2020-02-06T00:00:00+00:00", "hotelCheckOutTS": "2020-02-07T00:00:00+00:00", "hotelChain": "Sapphire Suites", "hotelName": "Sapphire Suites: Kazan", "hotelLocation": "Kazan", "hotelRoomType": "premium", "hotelRoomCount": "1", "hotelGuestAdultCount": "1", "hotelGuestChildCount": "0", "hotelNightCount": "1", "hotelRoomPrice": "179.04", "hotelFinalPrice": "179.04"}}}
{"_id": "orderid:256652", "timestamp": "2019-12-14T08:41:17.000Z", "eventType": "transaction", "_adobeamericaspot3": {"CRMID": "crmid:4428530586", "orderDetails": {"orderID": "orderid:256652", "reservationid": "IOO-UKAK", "orderType": "call center", "hotelSKU": "prd1140", "hotelCheckInUnix": "1577263277", "hotelCheckOutUnix": "1577868077", "hotelCheckInTS": "2019-12-25T08:41:17+00:00", "hotelCheckOutTS": "2020-01-01T08:41:17+00:00", "hotelChain": "Repose Resort", "hotelName": "Repose Resort: Kano", "hotelLocation": "Kano", "hotelRoomType": "standard", "hotelRoomCount": "1", "hotelGuestAdultCount": "1", "hotelGuestChildCount": "0", "hotelNightCount": "7", "hotelRoomPrice": "111.44", "hotelFinalPrice": "780.08"}}}
{"_id": "orderid:103797", "timestamp": "2020-02-05T09:11:02.000Z", "eventType": "transaction", "_adobeamericaspot3": {"CRMID": "crmid:9630965143", "orderDetails": {"orderID": "orderid:103797", "reservationid": "VQ4-DYLB", "orderType": "website", "hotelSKU": "prd1178", "hotelCheckInUnix": "1581153062", "hotelCheckOutUnix": "1581239462", "hotelCheckInTS": "2020-02-08T09:11:02+00:00", "hotelCheckOutTS": "2020-02-09T09:11:02+00:00", "hotelChain": "Blue Reef Resort", "hotelName": "Blue Reef Resort: Colorado Springs", "hotelLocation": "Colorado Springs", "hotelRoomType": "standard", "hotelRoomCount": "1", "hotelGuestAdultCount": "1", "hotelGuestChildCount": "0", "hotelNightCount": "1", "hotelRoomPrice": "187.71", "hotelFinalPrice": "187.71"}}}
{"_id": "orderid:439548", "timestamp": "2020-01-29T01:45:21.000Z", "eventType": "transaction", "_adobeamericaspot3": {"CRMID": "crmid:9240000632", "orderDetails": {"orderID": "orderid:439548", "reservationid": "8RA-QTOZ", "orderType": "website", "hotelSKU": "prd1040", "hotelCheckInUnix": "1581126321", "hotelCheckOutUnix": "1581385521", "hotelCheckInTS": "2020-02-08T01:45:21+00:00", "hotelCheckOutTS": "2020-02-11T01:45:21+00:00", "hotelChain": "Aspen Heights", "hotelName": "Aspen Heights: Atlanta", "hotelLocation": "Atlanta", "hotelRoomType": "premium", "hotelRoomCount": "1", "hotelGuestAdultCount": "1", "hotelGuestChildCount": "0", "hotelNightCount": "3", "hotelRoomPrice": "129.42", "hotelFinalPrice": "388.26"}}}
{"_id": "orderid:721083", "timestamp": "2020-02-10T07:45:55.000Z", "eventType": "transaction", "_adobeamericaspot3": {"CRMID": "crmid:4131699849", "orderDetails": {"orderID": "orderid:721083", "reservationid": "1YO-SD3T", "orderType": "mobile", "hotelSKU": "prd1057", "hotelCheckInUnix": "1582789555", "hotelCheckOutUnix": "1583394355", "hotelCheckInTS": "2020-02-27T07:45:55+00:00", "hotelCheckOutTS": "2020-03-05T07:45:55+00:00", "hotelChain": "Admiralty Plaza", "hotelName": "Admiralty Plaza: Mumbai", "hotelLocation": "Mumbai", "hotelRoomType": "standard", "hotelRoomCount": "1", "hotelGuestAdultCount": "1", "hotelGuestChildCount": "0", "hotelNightCount": "7", "hotelRoomPrice": "145.84", "hotelFinalPrice": "1020.88"}}}
{"_id": "orderid:988235", "timestamp": "2019-12-18T01:56:51.000Z", "eventType": "transaction", "_adobeamericaspot3": {"CRMID": "crmid:3568870839", "orderDetails": {"orderID": "orderid:988235", "reservationid": "YMI-INCE", "orderType": "call center", "hotelSKU": "prd1083", "hotelCheckInUnix": "1578535011", "hotelCheckOutUnix": "1580090211", "hotelCheckInTS": "2020-01-09T01:56:51+00:00", "hotelCheckOutTS": "2020-01-27T01:56:51+00:00", "hotelChain": "Hospitality Inn", "hotelName": "Hospitality Inn: Bangkok", "hotelLocation": "Bangkok", "hotelRoomType": "premium", "hotelRoomCount": "1", "hotelGuestAdultCount": "1", "hotelGuestChildCount": "3", "hotelNightCount": "18", "hotelRoomPrice": "155.31", "hotelFinalPrice": "2795.58"}}}
{"_id": "orderid:554636", "timestamp": "2019-12-11T06:46:55.000Z", "eventType": "transaction", "_adobeamericaspot3": {"CRMID": "crmid:9307514807", "orderDetails": {"orderID": "orderid:554636", "reservationid": "WNC-WXJ6", "orderType": "kiosk", "hotelSKU": "prd1046", "hotelCheckInUnix": "1576133215", "hotelCheckOutUnix": "1576651615", "hotelCheckInTS": "2019-12-12T06:46:55+00:00", "hotelCheckOutTS": "2019-12-18T06:46:55+00:00", "hotelChain": "Blue Reef Resort", "hotelName": "Blue Reef Resort: Virginia Beach", "hotelLocation": "Virginia Beach", "hotelRoomType": "standard", "hotelRoomCount": "1", "hotelGuestAdultCount": "1", "hotelGuestChildCount": "0", "hotelNightCount": "6", "hotelRoomPrice": "179.8", "hotelFinalPrice": "1078.8"}}}
{"_id": "orderid:397829", "timestamp": "2019-12-15T00:16:44.000Z", "eventType": "transaction", "_adobeamericaspot3": {"CRMID": "crmid:4024472184", "orderDetails": {"orderID": "orderid:397829", "reservationid": "VFT-L0I6", "orderType": "mobile", "hotelSKU": "prd1050", "hotelCheckInUnix": "1578010604", "hotelCheckOutUnix": "1578356204", "hotelCheckInTS": "2020-01-03T00:16:44+00:00", "hotelCheckOutTS": "2020-01-07T00:16:44+00:00", "hotelChain": "Restful Nights", "hotelName": "Restful Nights: Arlington", "hotelLocation": "Arlington", "hotelRoomType": "standard", "hotelRoomCount": "1", "hotelGuestAdultCount": "1", "hotelGuestChildCount": "3", "hotelNightCount": "4", "hotelRoomPrice": "108.91", "hotelFinalPrice": "435.64"}}}
{"_id": "orderid:559558", "timestamp": "2019-12-24T04:01:44.000Z", "eventType": "transaction", "_adobeamericaspot3": {"CRMID": "crmid:7350081915", "orderDetails": {"orderID": "orderid:559558", "reservationid": "HGE-KVFJ", "orderType": "website", "hotelSKU": "prd1172", "hotelCheckInUnix": "1577764904", "hotelCheckOutUnix": "1578283304", "hotelCheckInTS": "2019-12-31T04:01:44+00:00", "hotelCheckOutTS": "2020-01-06T04:01:44+00:00", "hotelChain": "Aspen Heights", "hotelName": "Aspen Heights: Mesa", "hotelLocation": "Mesa", "hotelRoomType": "luxury", "hotelRoomCount": "1", "hotelGuestAdultCount": "1", "hotelGuestChildCount": "0", "hotelNightCount": "6", "hotelRoomPrice": "361.68", "hotelFinalPrice": "2170.08"}}}
{"_id": "orderid:490573", "timestamp": "2019-12-04T16:33:22.000Z", "eventType": "transaction", "_adobeamericaspot3": {"CRMID": "crmid:2133512586", "orderDetails": {"orderID": "orderid:490573", "reservationid": "PIY-WEDG", "orderType": "call center", "hotelSKU": "prd1005", "hotelCheckInUnix": "1577550802", "hotelCheckOutUnix": "1578155602", "hotelCheckInTS": "2019-12-28T16:33:22+00:00", "hotelCheckOutTS": "2020-01-04T16:33:22+00:00", "hotelChain": "Sapphire Suites", "hotelName": "Sapphire Suites: Los Angeles", "hotelLocation": "Los Angeles", "hotelRoomType": "standard", "hotelRoomCount": "1", "hotelGuestAdultCount": "1", "hotelGuestChildCount": "0", "hotelNightCount": "7", "hotelRoomPrice": "109.68", "hotelFinalPrice": "767.76"}}}
{"_id": "orderid:573513", "timestamp": "2020-02-14T20:11:59.000Z", "eventType": "transaction", "_adobeamericaspot3": {"CRMID": "crmid:6950006149", "orderDetails": {"orderID": "orderid:573513", "reservationid": "WGX-TUNA", "orderType": "website", "hotelSKU": "prd1167", "hotelCheckInUnix": "1583525519", "hotelCheckOutUnix": "1583871119", "hotelCheckInTS": "2020-03-06T20:11:59+00:00", "hotelCheckOutTS": "2020-03-10T20:11:59+00:00", "hotelChain": "Hospitality Inn", "hotelName": "Hospitality Inn: Milwaukee", "hotelLocation": "Milwaukee", "hotelRoomType": "premium", "hotelRoomCount": "1", "hotelGuestAdultCount": "1", "hotelGuestChildCount": "0", "hotelNightCount": "4", "hotelRoomPrice": "91.58", "hotelFinalPrice": "366.32"}}}
{"_id": "orderid:346432", "timestamp": "2019-12-31T02:38:11.000Z", "eventType": "transaction", "_adobeamericaspot3": {"CRMID": "crmid:4114885419", "orderDetails": {"orderID": "orderid:346432", "reservationid": "HYQ-GGFF", "orderType": "kiosk", "hotelSKU": "prd1177", "hotelCheckInUnix": "1580351891", "hotelCheckOutUnix": "1581647891", "hotelCheckInTS": "2020-01-30T02:38:11+00:00", "hotelCheckOutTS": "2020-02-14T02:38:11+00:00", "hotelChain": "Admiralty Plaza", "hotelName": "Admiralty Plaza: Raleigh", "hotelLocation": "Raleigh", "hotelRoomType": "standard", "hotelRoomCount": "1", "hotelGuestAdultCount": "1", "hotelGuestChildCount": "0", "hotelNightCount": "15", "hotelRoomPrice": "140.27", "hotelFinalPrice": "2104.05"}}}
{"_id": "orderid:573282", "timestamp": "2020-01-25T00:21:24.000Z", "eventType": "transaction", "_adobeamericaspot3": {"CRMID": "crmid:4075633678", "orderDetails": {"orderID": "orderid:573282", "reservationid": "7TS-58JS", "orderType": "kiosk", "hotelSKU": "prd1088", "hotelCheckInUnix": "1581985284", "hotelCheckOutUnix": "1582503684", "hotelCheckInTS": "2020-02-18T00:21:24+00:00", "hotelCheckOutTS": "2020-02-24T00:21:24+00:00", "hotelChain": "Aspen Heights", "hotelName": "Aspen Heights: Ankara", "hotelLocation": "Ankara", "hotelRoomType": "standard", "hotelRoomCount": "1", "hotelGuestAdultCount": "1", "hotelGuestChildCount": "0", "hotelNightCount": "6", "hotelRoomPrice": "174.3", "hotelFinalPrice": "1045.8"}}}
{"_id": "orderid:217074", "timestamp": "2020-01-29T15:35:01.000Z", "eventType": "transaction", "_adobeamericaspot3": {"CRMID": "crmid:1696754467", "orderDetails": {"orderID": "orderid:217074", "reservationid": "9VE-L4WP", "orderType": "website", "hotelSKU": "prd1198", "hotelCheckInUnix": "1582212901", "hotelCheckOutUnix": "1582644901", "hotelCheckInTS": "2020-02-20T15:35:01+00:00", "hotelCheckOutTS": "2020-02-25T15:35:01+00:00", "hotelChain": "Sego Lily Suites", "hotelName": "Sego Lily Suites: Paris", "hotelLocation": "Paris", "hotelRoomType": "luxury", "hotelRoomCount": "1", "hotelGuestAdultCount": "1", "hotelGuestChildCount": "0", "hotelNightCount": "5", "hotelRoomPrice": "306.85", "hotelFinalPrice": "1534.25"}}}
{"_id": "orderid:550437", "timestamp": "2020-01-25T17:45:02.000Z", "eventType": "transaction", "_adobeamericaspot3": {"CRMID": "crmid:1414885721", "orderDetails": {"orderID": "orderid:550437", "reservationid": "FQH-EVRK", "orderType": "call center", "hotelSKU": "prd1045", "hotelCheckInUnix": "1580233502", "hotelCheckOutUnix": "1580492702", "hotelCheckInTS": "2020-01-28T17:45:02+00:00", "hotelCheckOutTS": "2020-01-31T17:45:02+00:00", "hotelChain": "Admiralty Plaza", "hotelName": "Admiralty Plaza: Miami", "hotelLocation": "Miami", "hotelRoomType": "premium", "hotelRoomCount": "1", "hotelGuestAdultCount": "1", "hotelGuestChildCount": "0", "hotelNightCount": "3", "hotelRoomPrice": "150.38", "hotelFinalPrice": "451.14"}}}
{"_id": "orderid:460209", "timestamp": "2020-02-11T10:02:13.000Z", "eventType": "transaction", "_adobeamericaspot3": {"CRMID": "crmid:3008778719", "orderDetails": {"orderID": "orderid:460209", "reservationid": "FSN-IETW", "orderType": "kiosk", "hotelSKU": "prd1056", "hotelCheckInUnix": "1581588133", "hotelCheckOutUnix": "1581674533", "hotelCheckInTS": "2020-02-13T10:02:13+00:00", "hotelCheckOutTS": "2020-02-14T10:02:13+00:00", "hotelChain": "Repose Resort", "hotelName": "Repose Resort: Aurora", "hotelLocation": "Aurora", "hotelRoomType": "luxury", "hotelRoomCount": "1", "hotelGuestAdultCount": "1", "hotelGuestChildCount": "0", "hotelNightCount": "1", "hotelRoomPrice": "335.53", "hotelFinalPrice": "335.53"}}}
{"_id": "orderid:273025", "timestamp": "2020-02-16T00:00:00.000Z", "eventType": "transaction", "_adobeamericaspot3": {"CRMID": "crmid:3008778719", "orderDetails": {"orderID": "orderid:273025", "reservationid": "MN6-6UWI", "orderType": "call center", "hotelSKU": "prd1166", "hotelCheckInUnix": "1582243200", "hotelCheckOutUnix": "1582675200", "hotelCheckInTS": "2020-02-21T00:00:00+00:00", "hotelCheckOutTS": "2020-02-26T00:00:00+00:00", "hotelChain": "Blue Reef Resort", "hotelName": "Blue Reef Resort: Baltimore", "hotelLocation": "Baltimore", "hotelRoomType": "standard", "hotelRoomCount": "1", "hotelGuestAdultCount": "1", "hotelGuestChildCount": "0", "hotelNightCount": "5", "hotelRoomPrice": "121.78", "hotelFinalPrice": "608.9"}}}
{"_id": "orderid:913986", "timestamp": "2019-12-06T00:46:08.000Z", "eventType": "transaction", "_adobeamericaspot3": {"CRMID": "crmid:9232269474", "orderDetails": {"orderID": "orderid:913986", "reservationid": "STS-BNRB", "orderType": "website", "hotelSKU": "prd1184", "hotelCheckInUnix": "1578185168", "hotelCheckOutUnix": "1578530768", "hotelCheckInTS": "2020-01-05T00:46:08+00:00", "hotelCheckOutTS": "2020-01-09T00:46:08+00:00", "hotelChain": "Aspen Heights", "hotelName": "Aspen Heights: Arlington", "hotelLocation": "Arlington", "hotelRoomType": "standard", "hotelRoomCount": "1", "hotelGuestAdultCount": "1", "hotelGuestChildCount": "0", "hotelNightCount": "4", "hotelRoomPrice": "122.1", "hotelFinalPrice": "488.4"}}}
{"_id": "orderid:320567", "timestamp": "2019-12-12T09:22:28.000Z", "eventType": "transaction", "_adobeamericaspot3": {"CRMID": "crmid:3162594181", "orderDetails": {"orderID": "orderid:320567", "reservationid": "I1M-TFQK", "orderType": "website", "hotelSKU": "prd1179", "hotelCheckInUnix": "1578561748", "hotelCheckOutUnix": "1579166548", "hotelCheckInTS": "2020-01-09T09:22:28+00:00", "hotelCheckOutTS": "2020-01-16T09:22:28+00:00", "hotelChain": "Hospitality Inn", "hotelName": "Hospitality Inn: Miami", "hotelLocation": "Miami", "hotelRoomType": "standard", "hotelRoomCount": "1", "hotelGuestAdultCount": "1", "hotelGuestChildCount": "0", "hotelNightCount": "7", "hotelRoomPrice": "123.51", "hotelFinalPrice": "864.57"}}}
{"_id": "orderid:458652", "timestamp": "2020-01-10T03:49:30.000Z", "eventType": "transaction", "_adobeamericaspot3": {"CRMID": "crmid:6367376660", "orderDetails": {"orderID": "orderid:458652", "reservationid": "5C2-A4OU", "orderType": "service desk", "hotelSKU": "prd1016", "hotelCheckInUnix": "1581133770", "hotelCheckOutUnix": "1581738570", "hotelCheckInTS": "2020-02-08T03:49:30+00:00", "hotelCheckOutTS": "2020-02-15T03:49:30+00:00", "hotelChain": "Aspen Heights", "hotelName": "Aspen Heights: Columbus", "hotelLocation": "Columbus", "hotelRoomType": "premium", "hotelRoomCount": "1", "hotelGuestAdultCount": "1", "hotelGuestChildCount": "0", "hotelNightCount": "7", "hotelRoomPrice": "167.21", "hotelFinalPrice": "1170.47"}}}
{"_id": "orderid:381848", "timestamp": "2020-02-04T01:49:18.000Z", "eventType": "transaction", "_adobeamericaspot3": {"CRMID": "crmid:7205822029", "orderDetails": {"orderID": "orderid:381848", "reservationid": "AJM-SN2C", "orderType": "website", "hotelSKU": "prd1100", "hotelCheckInUnix": "1580867358", "hotelCheckOutUnix": "1581126558", "hotelCheckInTS": "2020-02-05T01:49:18+00:00", "hotelCheckOutTS": "2020-02-08T01:49:18+00:00", "hotelChain": "Aspen Heights", "hotelName": "Aspen Heights: Misk", "hotelLocation": "Misk", "hotelRoomType": "standard", "hotelRoomCount": "1", "hotelGuestAdultCount": "1", "hotelGuestChildCount": "0", "hotelNightCount": "3", "hotelRoomPrice": "155.12", "hotelFinalPrice": "465.36"}}}
{"_id": "orderid:804513", "timestamp": "2019-12-11T12:13:08.000Z", "eventType": "transaction", "_adobeamericaspot3": {"CRMID": "crmid:8760610565", "orderDetails": {"orderID": "orderid:804513", "reservationid": "SUC-YGZP", "orderType": "website", "hotelSKU": "prd1095", "hotelCheckInUnix": "1576584788", "hotelCheckOutUnix": "1576757588", "hotelCheckInTS": "2019-12-17T12:13:08+00:00", "hotelCheckOutTS": "2019-12-19T12:13:08+00:00", "hotelChain": "Hospitality Inn", "hotelName": "Hospitality Inn: Casablanca", "hotelLocation": "Casablanca", "hotelRoomType": "standard", "hotelRoomCount": "1", "hotelGuestAdultCount": "1", "hotelGuestChildCount": "0", "hotelNightCount": "2", "hotelRoomPrice": "213.66", "hotelFinalPrice": "427.32"}}}
{"_id": "orderid:537099", "timestamp": "2020-02-06T19:30:29.000Z", "eventType": "transaction", "_adobeamericaspot3": {"CRMID": "crmid:3464842195", "orderDetails": {"orderID": "orderid:537099", "reservationid": "YLJ-FLAA", "orderType": "call center", "hotelSKU": "prd1025", "hotelCheckInUnix": "1581449429", "hotelCheckOutUnix": "1581622229", "hotelCheckInTS": "2020-02-11T19:30:29+00:00", "hotelCheckOutTS": "2020-02-13T19:30:29+00:00", "hotelChain": "Grandeur Hotels", "hotelName": "Grandeur Hotels: Detroit", "hotelLocation": "Detroit", "hotelRoomType": "standard", "hotelRoomCount": "1", "hotelGuestAdultCount": "1", "hotelGuestChildCount": "0", "hotelNightCount": "2", "hotelRoomPrice": "141.55", "hotelFinalPrice": "283.1"}}}
{"_id": "orderid:435019", "timestamp": "2019-12-04T10:54:21.000Z", "eventType": "transaction", "_adobeamericaspot3": {"CRMID": "crmid:2873329952", "orderDetails": {"orderID": "orderid:435019", "reservationid": "XVW-7LLU", "orderType": "mobile", "hotelSKU": "prd1081", "hotelCheckInUnix": "1577703261", "hotelCheckOutUnix": "1577962461", "hotelCheckInTS": "2019-12-30T10:54:21+00:00", "hotelCheckOutTS": "2020-01-02T10:54:21+00:00", "hotelChain": "Admiralty Plaza", "hotelName": "Admiralty Plaza: Rod de Janeiro", "hotelLocation": "Rod de Janeiro", "hotelRoomType": "standard", "hotelRoomCount": "1", "hotelGuestAdultCount": "1", "hotelGuestChildCount": "3", "hotelNightCount": "3", "hotelRoomPrice": "143.78", "hotelFinalPrice": "431.34"}}}
{"_id": "orderid:976167", "timestamp": "2020-01-29T15:01:57.000Z", "eventType": "transaction", "_adobeamericaspot3": {"CRMID": "crmid:1563585339", "orderDetails": {"orderID": "orderid:976167", "reservationid": "UCK-OPNV", "orderType": "website", "hotelSKU": "prd1081", "hotelCheckInUnix": "1580655717", "hotelCheckOutUnix": "1581606117", "hotelCheckInTS": "2020-02-02T15:01:57+00:00", "hotelCheckOutTS": "2020-02-13T15:01:57+00:00", "hotelChain": "Admiralty Plaza", "hotelName": "Admiralty Plaza: Rod de Janeiro", "hotelLocation": "Rod de Janeiro", "hotelRoomType": "standard", "hotelRoomCount": "1", "hotelGuestAdultCount": "1", "hotelGuestChildCount": "0", "hotelNightCount": "11", "hotelRoomPrice": "141.82", "hotelFinalPrice": "1560.02"}}}
{"_id": "orderid:654421", "timestamp": "2019-12-13T07:03:17.000Z", "eventType": "transaction", "_adobeamericaspot3": {"CRMID": "crmid:6923320110", "orderDetails": {"orderID": "orderid:654421", "reservationid": "BZT-3E3A", "orderType": "kiosk", "hotelSKU": "prd1117", "hotelCheckInUnix": "1576825397", "hotelCheckOutUnix": "1577257397", "hotelCheckInTS": "2019-12-20T07:03:17+00:00", "hotelCheckOutTS": "2019-12-25T07:03:17+00:00", "hotelChain": "Admiralty Plaza", "hotelName": "Admiralty Plaza: Dublin", "hotelLocation": "Dublin", "hotelRoomType": "standard", "hotelRoomCount": "1", "hotelGuestAdultCount": "1", "hotelGuestChildCount": "0", "hotelNightCount": "5", "hotelRoomPrice": "144.11", "hotelFinalPrice": "720.55"}}}
{"_id": "orderid:230070", "timestamp": "2020-01-05T03:36:08.000Z", "eventType": "transaction", "_adobeamericaspot3": {"CRMID": "crmid:4869859880", "orderDetails": {"orderID": "orderid:230070", "reservationid": "76Z-QT4V", "orderType": "website", "hotelSKU": "prd1013", "hotelCheckInUnix": "1578800168", "hotelCheckOutUnix": "1579232168", "hotelCheckInTS": "2020-01-12T03:36:08+00:00", "hotelCheckOutTS": "2020-01-17T03:36:08+00:00", "hotelChain": "Grandeur Hotels", "hotelName": "Grandeur Hotels: Austin", "hotelLocation": "Austin", "hotelRoomType": "luxury", "hotelRoomCount": "1", "hotelGuestAdultCount": "1", "hotelGuestChildCount": "0", "hotelNightCount": "5", "hotelRoomPrice": "342.22", "hotelFinalPrice": "1711.1"}}}
{"_id": "orderid:762605", "timestamp": "2019-12-23T03:40:17.000Z", "eventType": "transaction", "_adobeamericaspot3": {"CRMID": "crmid:7072142930", "orderDetails": {"orderID": "orderid:762605", "reservationid": "KZD-CFZ7", "orderType": "mobile", "hotelSKU": "prd1088", "hotelCheckInUnix": "1578282017", "hotelCheckOutUnix": "1579837217", "hotelCheckInTS": "2020-01-06T03:40:17+00:00", "hotelCheckOutTS": "2020-01-24T03:40:17+00:00", "hotelChain": "Aspen Heights", "hotelName": "Aspen Heights: Ankara", "hotelLocation": "Ankara", "hotelRoomType": "standard", "hotelRoomCount": "1", "hotelGuestAdultCount": "1", "hotelGuestChildCount": "0", "hotelNightCount": "18", "hotelRoomPrice": "167.09", "hotelFinalPrice": "3007.62"}}}
{"_id": "orderid:462150", "timestamp": "2020-02-09T16:51:13.000Z", "eventType": "transaction", "_adobeamericaspot3": {"CRMID": "crmid:1839008754", "orderDetails": {"orderID": "orderid:462150", "reservationid": "NID-GFKT", "orderType": "kiosk", "hotelSKU": "prd1145", "hotelCheckInUnix": "1583513473", "hotelCheckOutUnix": "1584895873", "hotelCheckInTS": "2020-03-06T16:51:13+00:00", "hotelCheckOutTS": "2020-03-22T16:51:13+00:00", "hotelChain": "Grandeur Hotels", "hotelName": "Grandeur Hotels: Dallas", "hotelLocation": "Dallas", "hotelRoomType": "standard", "hotelRoomCount": "1", "hotelGuestAdultCount": "1", "hotelGuestChildCount": "0", "hotelNightCount": "16", "hotelRoomPrice": "76.1", "hotelFinalPrice": "1217.6"}}}
{"_id": "orderid:524091", "timestamp": "2019-12-06T02:59:42.000Z", "eventType": "transaction", "_adobeamericaspot3": {"CRMID": "crmid:3562774391", "orderDetails": {"orderID": "orderid:524091", "reservationid": "HL2-ALD2", "orderType": "mobile", "hotelSKU": "prd1156", "hotelCheckInUnix": "1577415582", "hotelCheckOutUnix": "1578020382", "hotelCheckInTS": "2019-12-27T02:59:42+00:00", "hotelCheckOutTS": "2020-01-03T02:59:42+00:00", "hotelChain": "Sandhill", "hotelName": "Sandhill: Washington DC", "hotelLocation": "Washington DC", "hotelRoomType": "standard", "hotelRoomCount": "1", "hotelGuestAdultCount": "1", "hotelGuestChildCount": "0", "hotelNightCount": "7", "hotelRoomPrice": "124.32", "hotelFinalPrice": "870.24"}}}
{"_id": "orderid:485527", "timestamp": "2019-12-22T13:57:49.000Z", "eventType": "transaction", "_adobeamericaspot3": {"CRMID": "crmid:3205756432", "orderDetails": {"orderID": "orderid:485527", "reservationid": "V54-UT32", "orderType": "kiosk", "hotelSKU": "prd1069", "hotelCheckInUnix": "1579010269", "hotelCheckOutUnix": "1579183069", "hotelCheckInTS": "2020-01-14T13:57:49+00:00", "hotelCheckOutTS": "2020-01-16T13:57:49+00:00", "hotelChain": "Admiralty Plaza", "hotelName": "Admiralty Plaza: Singapore", "hotelLocation": "Singapore", "hotelRoomType": "standard", "hotelRoomCount": "1", "hotelGuestAdultCount": "1", "hotelGuestChildCount": "0", "hotelNightCount": "2", "hotelRoomPrice": "154.06", "hotelFinalPrice": "308.12"}}}
{"_id": "orderid:324002", "timestamp": "2019-12-05T05:33:05.000Z", "eventType": "transaction", "_adobeamericaspot3": {"CRMID": "crmid:2898787255", "orderDetails": {"orderID": "orderid:324002", "reservationid": "OLH-I2B2", "orderType": "mobile", "hotelSKU": "prd1143", "hotelCheckInUnix": "1577683985", "hotelCheckOutUnix": "1578288785", "hotelCheckInTS": "2019-12-30T05:33:05+00:00", "hotelCheckOutTS": "2020-01-06T05:33:05+00:00", "hotelChain": "Hospitality Inn", "hotelName": "Hospitality Inn: San Antonio", "hotelLocation": "San Antonio", "hotelRoomType": "standard", "hotelRoomCount": "1", "hotelGuestAdultCount": "1", "hotelGuestChildCount": "0", "hotelNightCount": "7", "hotelRoomPrice": "149.52", "hotelFinalPrice": "1046.64"}}}
{"_id": "orderid:932925", "timestamp": "2019-12-31T03:01:58.000Z", "eventType": "transaction", "_adobeamericaspot3": {"CRMID": "crmid:8157348239", "orderDetails": {"orderID": "orderid:932925", "reservationid": "W9H-ZAOK", "orderType": "call center", "hotelSKU": "prd1177", "hotelCheckInUnix": "1579402918", "hotelCheckOutUnix": "1579748518", "hotelCheckInTS": "2020-01-19T03:01:58+00:00", "hotelCheckOutTS": "2020-01-23T03:01:58+00:00", "hotelChain": "Admiralty Plaza", "hotelName": "Admiralty Plaza: Raleigh", "hotelLocation": "Raleigh", "hotelRoomType": "premium", "hotelRoomCount": "1", "hotelGuestAdultCount": "1", "hotelGuestChildCount": "0", "hotelNightCount": "4", "hotelRoomPrice": "126.82", "hotelFinalPrice": "507.28"}}}
{"_id": "orderid:735527", "timestamp": "2019-12-28T09:47:25.000Z", "eventType": "transaction", "_adobeamericaspot3": {"CRMID": "crmid:7876211908", "orderDetails": {"orderID": "orderid:735527", "reservationid": "9FY-NXDO", "orderType": "website", "hotelSKU": "prd1160", "hotelCheckInUnix": "1579168045", "hotelCheckOutUnix": "1579600045", "hotelCheckInTS": "2020-01-16T09:47:25+00:00", "hotelCheckOutTS": "2020-01-21T09:47:25+00:00", "hotelChain": "Aspen Heights", "hotelName": "Aspen Heights: Nashville", "hotelLocation": "Nashville", "hotelRoomType": "premium", "hotelRoomCount": "1", "hotelGuestAdultCount": "1", "hotelGuestChildCount": "0", "hotelNightCount": "5", "hotelRoomPrice": "151.32", "hotelFinalPrice": "756.6"}}}
