id,reservationid,orderid,crmid,timestamp,orderType,productsku,hotelCheckInUnix,hotelCheckOutUnix,hotelCheckInTS,hotelCheckOutTS,hotelName,hotelChain,hotelLocation,hotelRoomType,hotelRoomCount,hotelGuestAdultCount,hotelGuestChildCount,hotelNightCount,hotelRoomPrice,hotelFinalPrice
orderid:871320,WGP-IGMH,orderid:871320,crmid:5810807260,2020-02-06T21:12:41.000Z,kiosk,prd1052,1581455561,1581714761,2020-02-11T21:12:41+00:00,2020-02-14T21:12:41+00:00,Aspen Heights: Wichita,Aspen Heights,Wichita,premium,1,1,1,3,139.62,418.86
orderid:863934,SDS-W5SX,orderid:863934,crmid:5656069391,2019-12-31T19:41:01.000Z,call center,prd1165,1578512461,1579549261,2020-01-08T19:41:01+00:00,2020-01-20T19:41:01+00:00,Admiralty Plaza: Louisville,Admiralty Plaza,Louisville,standard,1,1,0,12,114.5,1374.0
orderid:972348,QNV-TWGD,orderid:972348,crmid:1090792216,2020-01-13T20:56:01.000Z,mobile,prd1177,1581368161,1581713761,2020-02-10T20:56:01+00:00,2020-02-14T20:56:01+00:00,Admiralty Plaza: Raleigh,Admiralty Plaza,Raleigh,standard,1,1,0,4,87.12,348.48
orderid:236210,NHK-HWIY,orderid:236210,crmid:8357361522,2020-01-05T20:28:51.000Z,website,prd1179,1578342531,1578515331,2020-01-06T20:28:51+00:00,2020-01-08T20:28:51+00:00,Hospitality Inn: Miami,Hospitality Inn,Miami,standard,1,1,0,2,148.95,297.9
orderid:304844,U8E-YRUO,orderid:304844,crmid:8357361522,2020-01-09T00:00:00.000Z,website,prd1083,1578614400,1578700800,2020-01-10T00:00:00+00:00,2020-01-11T00:00:00+00:00,Hospitality Inn: Bangkok,Hospitality Inn,Bangkok,standard,1,1,0,1,176.54,176.54
orderid:149554,26Q-RHWK,orderid:149554,crmid:9386930878,2019-12-05T13:26:52.000Z,website,prd1090,1576157212,1576502812,2019-12-12T13:26:52+00:00,2019-12-16T13:26:52+00:00,Sego Lily Suites: Giza,Sego Lily Suites,Giza,premium,1,1,0,4,148.24,592.96
orderid:855034,HN7-FSF9,orderid:855034,crmid:6142325650,2020-01-28T14:10:31.000Z,website,prd1045,1580393431,1580739031,2020-01-30T14:10:31+00:00,2020-02-03T14:10:31+00:00,Admiralty Plaza: Miami,Admiralty Plaza,Miami,standard,1,1,0,4,172.65,690.6
orderid:105009,J2I-MYTH,orderid:105009,crmid:5426948838,2019-12-07T04:41:33.000Z,website,prd1091,1576039293,1576816893,2019-12-11T04:41:33+00:00,2019-12-20T04:41:33+00:00,Nesting Box Inn: New Taipei,Nesting Box Inn,New Taipei,presidential-suite,1,1,0,9,876.66,7889.94
orderid:517251,T49-VU8M,orderid:517251,crmid:2263378329,2020-01-11T21:44:32.000Z,website,prd1014,1581284672,1581543872,2020-02-09T21:44:32+00:00,2020-02-12T21:44:32+00:00,Restful Nights: Jacksonville,Restful Nights,Jacksonville,standard,1,1,0,3,161.6,484.8
orderid:267711,NRV-XFTH,orderid:267711,crmid:3637900857,2019-12-31T14:52:09.000Z,website,prd1105,1579791129,1580309529,2020-01-23T14:52:09+00:00,2020-01-29T14:52:09+00:00,Admiralty Plaza: Barcelona,Admiralty Plaza,Barcelona,standard,1,1,2,6,182.72,1096.32
orderid:684721,HZI-IQRA,orderid:684721,crmid:9023314924,2020-01-26T17:06:00.000Z,website,prd1082,1581699960,1582218360,2020-02-14T17:06:00+00:00,2020-02-20T17:06:00+00:00,Blue Reef Resort: Surat,Blue Reef Resort,Surat,standard,1,1,0,6,116.89,701.34
orderid:975852,YIV-SJZ7,orderid:975852,crmid:8230264468,2020-02-08T00:02:20.000Z,mobile,prd1106,1583452940,1584144140,2020-03-06T00:02:20+00:00,2020-03-14T00:02:20+00:00,Blue Reef Resort: Munich,Blue Reef Resort,Munich,premium,1,1,0,8,140.72,1125.76
orderid:381548,PAO-LWJD,orderid:381548,crmid:5146551759,2019-12-09T20:04:09.000Z,website,prd1082,1578168249,1578600249,2020-01-04T20:04:09+00:00,2020-01-09T20:04:09+00:00,Blue Reef Resort: Surat,Blue Reef Resort,Surat,standard,1,1,2,5,139.15,695.75
orderid:614198,NPP-F9CZ,orderid:614198,crmid:2178432084,2019-12-16T18:43:08.000Z,call center,prd1010,1578422588,1579113788,2020-01-07T18:43:08+00:00,2020-01-15T18:43:08+00:00,Blue Reef Resort: San Diego,Blue Reef Resort,San Diego,standard,1,1,0,8,183.39,1467.12
orderid:964958,B7L-5B5M,orderid:964958,crmid:2023417055,2020-01-08T05:59:12.000Z,mobile,prd1027,1578981552,1579327152,2020-01-14T05:59:12+00:00,2020-01-18T05:59:12+00:00,Family Fun Hotels: Memphis,Family Fun Hotels,Memphis,standard,1,1,0,4,144.71,578.84
orderid:671768,PF8-P4AW,orderid:671768,crmid:3397429207,2020-01-24T04:43:01.000Z,website,prd1094,1581568981,1582432981,2020-02-13T04:43:01+00:00,2020-02-23T04:43:01+00:00,Blue Reef Resort: Berlin,Blue Reef Resort,Berlin,premium,1,1,0,10,122.07,1220.7
orderid:804341,WE0-0H1N,orderid:804341,crmid:1563139541,2020-01-01T19:20:05.000Z,kiosk,prd1061,1579807205,1580757605,2020-01-23T19:20:05+00:00,2020-02-03T19:20:05+00:00,Grandeur Hotels: Lahore,Grandeur Hotels,Lahore,standard,1,1,0,11,118.51,1303.61
orderid:520950,GAF-L9RR,orderid:520950,crmid:9626709080,2020-01-04T15:49:16.000Z,mobile,prd1122,1578239356,1578325756,2020-01-05T15:49:16+00:00,2020-01-06T15:49:16+00:00,Restful Nights: Valencia,Restful Nights,Valencia,standard,1,1,0,1,130.29,130.29
orderid:834970,A71-7BTU,orderid:834970,crmid:6667756360,2020-01-23T12:21:04.000Z,kiosk,prd1021,1579954864,1580386864,2020-01-25T12:21:04+00:00,2020-01-30T12:21:04+00:00,Admiralty Plaza: Denver,Admiralty Plaza,Denver,standard,1,1,0,5,96.97,484.85
orderid:195322,GEC-NNFG,orderid:195322,crmid:8848045863,2019-12-15T22:41:00.000Z,kiosk,prd1093,1578350460,1579128060,2020-01-06T22:41:00+00:00,2020-01-15T22:41:00+00:00,Admiralty Plaza: Yokohama,Admiralty Plaza,Yokohama,premium,1,1,0,9,135.18,1216.62
orderid:842808,0MN-QCCJ,orderid:842808,crmid:9874053472,2020-01-20T21:32:21.000Z,website,prd1028,1581802341,1582320741,2020-02-15T21:32:21+00:00,2020-02-21T21:32:21+00:00,Aspen Heights: Portland,Aspen Heights,Portland,standard,1,1,0,6,131.86,791.16
orderid:659155,2K4-CWH1,orderid:659155,crmid:4384491288,2020-01-22T17:02:51.000Z,mobile,prd1035,1581786171,1582131771,2020-02-15T17:02:51+00:00,2020-02-19T17:02:51+00:00,Hospitality Inn: Tucson,Hospitality Inn,Tucson,standard,1,1,0,4,108.46,433.84
orderid:868876,R2M-RM5M,orderid:868876,crmid:4426474827,2019-12-22T06:55:35.000Z,kiosk,prd1081,1578380135,1579935335,2020-01-07T06:55:35+00:00,2020-01-25T06:55:35+00:00,Admiralty Plaza: Rod de Janeiro,Admiralty Plaza,Rod de Janeiro,standard,1,1,0,18,131.2,2361.6
orderid:762601,AFB-REFK,orderid:762601,crmid:3407445417,2019-12-16T17:41:32.000Z,website,prd1131,1578937292,1579110092,2020-01-13T17:41:32+00:00,2020-01-15T17:41:32+00:00,Hospitality Inn: Sheffield,Hospitality Inn,Sheffield,ultra-luxury,1,1,0,2,346.26,692.52
orderid:544606,H61-G5RF,orderid:544606,crmid:1035599780,2020-01-23T23:23:22.000Z,call center,prd1052,1582241002,1583018602,2020-02-20T23:23:22+00:00,2020-02-29T23:23:22+00:00,Aspen Heights: Wichita,Aspen Heights,Wichita,premium,1,1,0,9,168.65,1517.85
orderid:908449,PS4-EL4W,orderid:908449,crmid:3757832918,2019-12-16T03:44:41.000Z,mobile,prd1100,1578714281,1579319081,2020-01-11T03:44:41+00:00,2020-01-18T03:44:41+00:00,Aspen Heights: Misk,Aspen Heights,Misk,presidential-suite,1,1,4,7,950.71,6654.97
orderid:294887,3EA-VXWD,orderid:294887,crmid:3594017792,2020-02-13T04:16:33.000Z,website,prd1093,1582172193,1582344993,2020-02-20T04:16:33+00:00,2020-02-22T04:16:33+00:00,Admiralty Plaza: Yokohama,Admiralty Plaza,Yokohama,standard,1,1,0,2,128.19,256.38
orderid:640514,VHM-8IXZ,orderid:640514,crmid:3594017792,2020-02-24T00:00:00.000Z,mobile,prd1010,1582934400,1583020800,2020-02-29T00:00:00+00:00,2020-03-01T00:00:00+00:00,Blue Reef Resort: San Diego,Blue Reef Resort,San Diego,premium,1,1,0,1,127.02,127.02
orderid:973864,02Y-RFGS,orderid:973864,crmid:1834205148,2020-01-26T18:44:38.000Z,website,prd1009,1582137878,1582656278,2020-02-19T18:44:38+00:00,2020-02-25T18:44:38+00:00,Admiralty Plaza: San Antonio,Admiralty Plaza,San Antonio,standard,1,1,0,6,155.64,933.84
orderid:980238,CZA-BJHI,orderid:980238,crmid:5024799194,2019-12-09T17:28:19.000Z,website,prd1157,1577726899,1578331699,2019-12-30T17:28:19+00:00,2020-01-06T17:28:19+00:00,Grandeur Hotels: Boston,Grandeur Hotels,Boston,premium,1,1,0,7,139.17,974.19
orderid:862827,UUO-KMIE,orderid:862827,crmid:6959780065,2019-12-31T10:43:23.000Z,kiosk,prd1183,1578307403,1578653003,2020-01-06T10:43:23+00:00,2020-01-10T10:43:23+00:00,Family Fun Hotels: Tulsa,Family Fun Hotels,Tulsa,standard,1,1,0,4,111.78,447.12
orderid:599257,4FA-MUOO,orderid:599257,crmid:1795696336,2019-12-31T20:18:09.000Z,kiosk,prd1130,1579810689,1580501889,2020-01-23T20:18:09+00:00,2020-01-31T20:18:09+00:00,Blue Reef Resort: Bremen,Blue Reef Resort,Bremen,standard,1,1,0,8,148.31,1186.48
orderid:754400,URD-CMGW,orderid:754400,crmid:7157358291,2020-01-30T00:57:08.000Z,call center,prd1005,1580518628,1580605028,2020-02-01T00:57:08+00:00,2020-02-02T00:57:08+00:00,Sapphire Suites: Los Angeles,Sapphire Suites,Los Angeles,standard,1,1,0,1,107.63,107.63
orderid:204736,UBX-OI7P,orderid:204736,crmid:7462735030,2020-01-18T11:00:11.000Z,kiosk,prd1035,1579777211,1579863611,2020-01-23T11:00:11+00:00,2020-01-24T11:00:11+00:00,Hospitality Inn: Tucson,Hospitality Inn,Tucson,standard,1,1,0,1,161.32,161.32
orderid:794745,XTN-EQYB,orderid:794745,crmid:3347026107,2020-02-13T12:19:09.000Z,kiosk,prd1166,1583669949,1584188349,2020-03-08T12:19:09+00:00,2020-03-14T12:19:09+00:00,Blue Reef Resort: Baltimore,Blue Reef Resort,Baltimore,standard,1,1,4,6,168.26,1009.56
orderid:986465,BBC-6WV7,orderid:986465,crmid:4024715045,2019-12-16T09:35:48.000Z,website,prd1172,1577871348,1578648948,2020-01-01T09:35:48+00:00,2020-01-10T09:35:48+00:00,Aspen Heights: Mesa,Aspen Heights,Mesa,standard,1,1,0,9,139.72,1257.48
orderid:256360,JTI-XT9S,orderid:256360,crmid:1169649383,2019-12-22T07:54:08.000Z,kiosk,prd1075,1578988448,1579334048,2020-01-14T07:54:08+00:00,2020-01-18T07:54:08+00:00,Family Fun Hotels: Bangalore,Family Fun Hotels,Bangalore,premium,1,1,1,4,149.04,596.16
orderid:534058,VGG-4PLN,orderid:534058,crmid:9428733320,2020-02-14T13:57:31.000Z,call center,prd1052,1583848651,1585231051,2020-03-10T13:57:31+00:00,2020-03-26T13:57:31+00:00,Aspen Heights: Wichita,Aspen Heights,Wichita,standard,1,1,2,16,119.93,1918.88
orderid:811198,Q1Z-4IES,orderid:811198,crmid:6683205509,2020-02-09T19:41:49.000Z,kiosk,prd1177,1581882109,1582314109,2020-02-16T19:41:49+00:00,2020-02-21T19:41:49+00:00,Admiralty Plaza: Raleigh,Admiralty Plaza,Raleigh,standard,1,1,0,5,187.18,935.9
orderid:946789,ZEJ-D6VC,orderid:946789,crmid:9804896294,2019-12-24T04:46:02.000Z,call center,prd1057,1579063562,1579322762,2020-01-15T04:46:02+00:00,2020-01-18T04:46:02+00:00,Admiralty Plaza: Mumbai,Admiralty Plaza,Mumbai,standard,1,1,1,3,172.01,516.03
orderid:333057,U1C-3G2I,orderid:333057,crmid:2760628449,2019-12-11T02:11:20.000Z,website,prd1088,1577931080,1578622280,2020-01-02T02:11:20+00:00,2020-01-10T02:11:20+00:00,Aspen Heights: Ankara,Aspen Heights,Ankara,premium,1,1,0,8,128.64,1029.12
orderid:238126,QQD-KLIC,orderid:238126,crmid:4713988689,2020-01-18T13:34:26.000Z,mobile,prd1170,1580132066,1580736866,2020-01-27T13:34:26+00:00,2020-02-03T13:34:26+00:00,Restful Nights: Fresno,Restful Nights,Fresno,standard,1,1,3,7,129.4,905.8
orderid:301624,RKH-I7XK,orderid:301624,crmid:8742950066,2020-02-04T13:01:46.000Z,mobile,prd1152,1583067706,1584018106,2020-03-01T13:01:46+00:00,2020-03-12T13:01:46+00:00,Repose Resort: Indianapolis,Repose Resort,Indianapolis,premium,1,1,0,11,99.68,1096.48
orderid:563273,TG5-IEX9,orderid:563273,crmid:4361833171,2020-01-11T03:05:22.000Z,website,prd1121,1580785522,1581390322,2020-02-04T03:05:22+00:00,2020-02-11T03:05:22+00:00,Grandeur Hotels: Stockholm,Grandeur Hotels,Stockholm,premium,1,1,0,7,155.9,1091.3
orderid:893687,UO1-9HZK,orderid:893687,crmid:9890509161,2020-01-19T20:33:55.000Z,mobile,prd1189,1580330035,1580675635,2020-01-29T20:33:55+00:00,2020-02-02T20:33:55+00:00,Admiralty Plaza: Bakersfield,Admiralty Plaza,Bakersfield,standard,1,1,0,4,122.53,490.12
orderid:408620,66O-OFK8,orderid:408620,crmid:1971613659,2019-12-23T19:25:23.000Z,website,prd1144,1578684323,1579029923,2020-01-10T19:25:23+00:00,2020-01-14T19:25:23+00:00,Sandhill: San Diego,Sandhill,San Diego,premium,1,1,0,4,148.68,594.72
orderid:291942,WUO-QBZN,orderid:291942,crmid:4292302403,2020-02-09T14:36:16.000Z,website,prd1152,1581345376,1581518176,2020-02-10T14:36:16+00:00,2020-02-12T14:36:16+00:00,Repose Resort: Indianapolis,Repose Resort,Indianapolis,standard,1,1,0,2,138.67,277.34
orderid:456870,GCI-EPMT,orderid:456870,crmid:5163731137,2020-02-09T15:50:57.000Z,website,prd1155,1583164257,1584805857,2020-03-02T15:50:57+00:00,2020-03-21T15:50:57+00:00,Hospitality Inn: Denver,Hospitality Inn,Denver,standard,1,1,0,19,152.76,2902.44
orderid:216023,DQJ-N8WE,orderid:216023,crmid:1755981555,2020-01-22T01:09:45.000Z,call center,prd1084,1581469785,1582592985,2020-02-12T01:09:45+00:00,2020-02-25T01:09:45+00:00,Sandhill: Santiago,Sandhill,Santiago,standard,1,1,0,13,136.18,1770.34
orderid:526890,WLA-W8J1,orderid:526890,crmid:5623570611,2020-02-08T22:23:51.000Z,service desk,prd1075,1583187831,1583792631,2020-03-02T22:23:51+00:00,2020-03-09T22:23:51+00:00,Family Fun Hotels: Bangalore,Family Fun Hotels,Bangalore,ultra-luxury,1,1,0,7,335.15,2346.05
orderid:827692,PYA-MDDF,orderid:827692,crmid:2517828295,2019-12-03T10:56:34.000Z,kiosk,prd1049,1576148194,1577530594,2019-12-12T10:56:34+00:00,2019-12-28T10:56:34+00:00,Grandeur Hotels: Tulsa,Grandeur Hotels,Tulsa,standard,1,1,0,16,145.88,2334.08
orderid:655150,VYS-4HWC,orderid:655150,crmid:9902292865,2020-02-12T07:24:24.000Z,website,prd1041,1581578664,1581665064,2020-02-13T07:24:24+00:00,2020-02-14T07:24:24+00:00,Sapphire Suites: Long Beach,Sapphire Suites,Long Beach,premium,1,1,0,1,110.17,110.17
orderid:156110,WEZ-GV45,orderid:156110,crmid:5728663117,2020-01-13T19:49:27.000Z,kiosk,prd1178,1579031367,1579117767,2020-01-14T19:49:27+00:00,2020-01-15T19:49:27+00:00,Blue Reef Resort: Colorado Springs,Blue Reef Resort,Colorado Springs,standard,1,1,0,1,143.06,143.06
orderid:715172,RVA-MU2S,orderid:715172,crmid:5728663117,2020-01-16T00:00:00.000Z,mobile,prd1034,1579219200,1579392000,2020-01-17T00:00:00+00:00,2020-01-19T00:00:00+00:00,Blue Reef Resort: Albuquerque,Blue Reef Resort,Albuquerque,standard,1,1,0,2,126.64,253.28
orderid:408112,RU9-S4S6,orderid:408112,crmid:5728663117,2020-01-21T00:00:00.000Z,kiosk,prd1081,1579737600,1579910400,2020-01-23T00:00:00+00:00,2020-01-25T00:00:00+00:00,Admiralty Plaza: Rod de Janeiro,Admiralty Plaza,Rod de Janeiro,premium,1,1,0,2,128.26,256.52
orderid:315284,LAP-A6NR,orderid:315284,crmid:6490291102,2020-01-29T12:47:22.000Z,website,prd1118,1581857242,1582721242,2020-02-16T12:47:22+00:00,2020-02-26T12:47:22+00:00,Blue Reef Resort: Cologne,Blue Reef Resort,Cologne,standard,1,1,2,10,125.1,1251.0
orderid:401734,CHU-V4W2,orderid:401734,crmid:2289306189,2019-12-26T07:25:14.000Z,website,prd1021,1577604314,1577690714,2019-12-29T07:25:14+00:00,2019-12-30T07:25:14+00:00,Admiralty Plaza: Denver,Admiralty Plaza,Denver,premium,1,1,0,1,141.0,141.0
orderid:893792,FKZ-CEKW,orderid:893792,crmid:4785840526,2020-02-09T12:04:20.000Z,website,prd1070,1581509060,1581941060,2020-02-12T12:04:20+00:00,2020-02-17T12:04:20+00:00,Blue Reef Resort: Jakarta,Blue Reef Resort,Jakarta,standard,1,1,0,5,148.0,740.0
orderid:490395,ZU6-CAYA,orderid:490395,crmid:5448734221,2020-01-06T23:08:19.000Z,website,prd1154,1578438499,1578611299,2020-01-07T23:08:19+00:00,2020-01-09T23:08:19+00:00,Blue Reef Resort: Seattle,Blue Reef Resort,Seattle,standard,1,1,0,2,145.28,290.56
orderid:453762,LW5-A50P,orderid:453762,crmid:7967493896,2020-02-10T09:07:20.000Z,website,prd1163,1583658440,1585040840,2020-03-08T09:07:20+00:00,2020-03-24T09:07:20+00:00,Nesting Box Inn: Oklahoma City,Nesting Box Inn,Oklahoma City,premium,1,1,0,16,156.75,2508.0
orderid:666949,OCZ-RVIK,orderid:666949,crmid:7861104383,2020-01-30T21:56:52.000Z,call center,prd1172,1582927012,1583531812,2020-02-28T21:56:52+00:00,2020-03-06T21:56:52+00:00,Aspen Heights: Mesa,Aspen Heights,Mesa,standard,1,1,1,7,125.66,879.62
orderid:810211,OKN-BQPE,orderid:810211,crmid:7723411506,2019-12-13T17:28:46.000Z,mobile,prd1159,1576603726,1576776526,2019-12-17T17:28:46+00:00,2019-12-19T17:28:46+00:00,Family Fun Hotels: Detroit,Family Fun Hotels,Detroit,standard,1,1,0,2,112.38,224.76
orderid:978895,NCN-HURH,orderid:978895,crmid:7641394343,2020-02-07T14:55:12.000Z,kiosk,prd1005,1583506512,1583938512,2020-03-06T14:55:12+00:00,2020-03-11T14:55:12+00:00,Sapphire Suites: Los Angeles,Sapphire Suites,Los Angeles,standard,1,1,4,5,134.41,672.05
orderid:598489,3YN-X6C4,orderid:598489,crmid:8571020078,2020-02-15T23:53:35.000Z,website,prd1126,1581897215,1582070015,2020-02-16T23:53:35+00:00,2020-02-18T23:53:35+00:00,Sego Lily Suites: Genova,Sego Lily Suites,Genova,standard,1,1,0,2,142.5,285.0
orderid:244421,IZV-KLIP,orderid:244421,crmid:9378010236,2020-01-26T23:04:19.000Z,website,prd1164,1581721459,1582326259,2020-02-14T23:04:19+00:00,2020-02-21T23:04:19+00:00,Repose Resort: Las Vegas,Repose Resort,Las Vegas,standard,1,1,1,7,145.42,1017.94
orderid:256137,KY2-XJYV,orderid:256137,crmid:9586569849,2019-12-04T01:55:51.000Z,website,prd1010,1575510951,1575597351,2019-12-05T01:55:51+00:00,2019-12-06T01:55:51+00:00,Blue Reef Resort: San Diego,Blue Reef Resort,San Diego,presidential-suite,1,1,0,1,773.16,773.16
orderid:693028,5MG-GPZM,orderid:693028,crmid:8304007502,2019-12-04T05:52:48.000Z,kiosk,prd1057,1576993968,1578030768,2019-12-22T05:52:48+00:00,2020-01-03T05:52:48+00:00,Admiralty Plaza: Mumbai,Admiralty Plaza,Mumbai,premium,1,1,0,12,171.38,2056.56
orderid:357153,LNL-9IMD,orderid:357153,crmid:3726480165,2020-01-13T13:43:21.000Z,mobile,prd1076,1579268601,1579355001,2020-01-17T13:43:21+00:00,2020-01-18T13:43:21+00:00,Aspen Heights: Bogota,Aspen Heights,Bogota,premium,1,1,0,1,87.62,87.62
orderid:215598,5VN-UXBX,orderid:215598,crmid:3726480165,2020-01-19T00:00:00.000Z,service desk,prd1113,1579564800,1579996800,2020-01-21T00:00:00+00:00,2020-01-26T00:00:00+00:00,Sapphire Suites: Kazan,Sapphire Suites,Kazan,premium,1,1,0,5,114.69,573.45
orderid:925273,XDO-WHHP,orderid:925273,crmid:2768516931,2020-02-12T19:30:34.000Z,kiosk,prd1011,1583263834,1583695834,2020-03-03T19:30:34+00:00,2020-03-08T19:30:34+00:00,Hospitality Inn: Dallas,Hospitality Inn,Dallas,premium,1,1,0,5,167.15,835.75
orderid:282050,8UQ-LXCA,orderid:282050,crmid:4007393268,2019-12-10T13:19:37.000Z,website,prd1094,1576502377,1576934377,2019-12-16T13:19:37+00:00,2019-12-21T13:19:37+00:00,Blue Reef Resort: Berlin,Blue Reef Resort,Berlin,standard,1,1,2,5,122.61,613.05
orderid:395098,BML-X0H5,orderid:395098,crmid:2190011501,2020-01-25T19:33:27.000Z,call center,prd1065,1582227207,1582659207,2020-02-20T19:33:27+00:00,2020-02-25T19:33:27+00:00,Sapphire Suites: Beijing,Sapphire Suites,Beijing,standard,1,1,0,5,134.28,671.4
orderid:976894,UIJ-CS25,orderid:976894,crmid:1642761987,2020-02-10T16:59:19.000Z,kiosk,prd1081,1581872359,1582909159,2020-02-16T16:59:19+00:00,2020-02-28T16:59:19+00:00,Admiralty Plaza: Rod de Janeiro,Admiralty Plaza,Rod de Janeiro,standard,1,1,0,12,137.88,1654.56
orderid:675893,IAT-KTC2,orderid:675893,crmid:3767344710,2020-01-04T08:52:59.000Z,website,prd1059,1579078379,1580287979,2020-01-15T08:52:59+00:00,2020-01-29T08:52:59+00:00,Hospitality Inn: Kinshasa,Hospitality Inn,Kinshasa,standard,1,1,0,14,139.06,1946.84
orderid:837731,GAL-OJOV,orderid:837731,crmid:4025299880,2019-12-06T22:44:51.000Z,mobile,prd1076,1577573091,1578782691,2019-12-28T22:44:51+00:00,2020-01-11T22:44:51+00:00,Aspen Heights: Bogota,Aspen Heights,Bogota,standard,1,1,4,14,130.7,1829.8
orderid:401929,LWB-SWRP,orderid:401929,crmid:2078500981,2019-12-28T04:27:04.000Z,website,prd1107,1577766424,1578284824,2019-12-31T04:27:04+00:00,2020-01-06T04:27:04+00:00,Hospitality Inn: Kharkiv,Hospitality Inn,Kharkiv,standard,1,1,0,6,152.78,916.68
orderid:125613,71Y-5CHQ,orderid:125613,crmid:3201080584,2019-12-24T16:37:21.000Z,mobile,prd1020,1577291841,1577378241,2019-12-25T16:37:21+00:00,2019-12-26T16:37:21+00:00,Repose Resort: Seattle,Repose Resort,Seattle,standard,1,1,0,1,138.53,138.53
orderid:979076,FCY-H3U5,orderid:979076,crmid:3775287830,2020-01-16T11:17:11.000Z,website,prd1069,1579259831,1579346231,2020-01-17T11:17:11+00:00,2020-01-18T11:17:11+00:00,Admiralty Plaza: Singapore,Admiralty Plaza,Singapore,standard,1,1,0,1,148.91,148.91
orderid:173714,WBX-V6WA,orderid:173714,crmid:5214481453,2019-12-05T13:32:01.000Z,service desk,prd1153,1577539921,1578231121,2019-12-28T13:32:01+00:00,2020-01-05T13:32:01+00:00,Admiralty Plaza: Charlotte,Admiralty Plaza,Charlotte,standard,1,1,0,8,117.02,936.16
orderid:681706,Q5A-QPHI,orderid:681706,crmid:2276641222,2019-12-28T23:25:08.000Z,call center,prd1178,1577661908,1577748308,2019-12-29T23:25:08+00:00,2019-12-30T23:25:08+00:00,Blue Reef Resort: Colorado Springs,Blue Reef Resort,Colorado Springs,standard,1,1,0,1,94.98,94.98
orderid:214090,DLK-JPQT,orderid:214090,crmid:2276641222,2019-12-31T00:00:00.000Z,mobile,prd1167,1577836800,1577923200,2020-01-01T00:00:00+00:00,2020-01-02T00:00:00+00:00,Hospitality Inn: Milwaukee,Hospitality Inn,Milwaukee,standard,1,1,0,1,132.73,132.73
orderid:803354,S5H-WOUB,orderid:803354,crmid:7285263359,2020-01-14T04:09:57.000Z,mobile,prd1137,1580357397,1581134997,2020-01-30T04:09:57+00:00,2020-02-08T04:09:57+00:00,Sapphire Suites: Manila,Sapphire Suites,Manila,presidential-suite,1,1,0,9,915.61,8240.49
orderid:442424,ANK-0X8T,orderid:442424,crmid:1494377333,2020-01-21T01:08:12.000Z,mobile,prd1028,1581383292,1581815292,2020-02-11T01:08:12+00:00,2020-02-16T01:08:12+00:00,Aspen Heights: Portland,Aspen Heights,Portland,standard,1,1,0,5,127.69,638.45
orderid:261600,B7O-NLPJ,orderid:261600,crmid:1154751098,2020-01-16T21:17:18.000Z,service desk,prd1093,1581023838,1581369438,2020-02-06T21:17:18+00:00,2020-02-10T21:17:18+00:00,Admiralty Plaza: Yokohama,Admiralty Plaza,Yokohama,premium,1,1,0,4,122.49,489.96
orderid:136705,5UL-FWH5,orderid:136705,crmid:6487034411,2020-02-16T15:28:58.000Z,mobile,prd1143,1582558138,1583249338,2020-02-24T15:28:58+00:00,2020-03-03T15:28:58+00:00,Hospitality Inn: San Antonio,Hospitality Inn,San Antonio,standard,1,1,0,8,159.64,1277.12
orderid:673166,INW-F1RX,orderid:673166,crmid:7919573353,2020-02-14T01:17:33.000Z,kiosk,prd1187,1583889453,1585099053,2020-03-11T01:17:33+00:00,2020-03-25T01:17:33+00:00,Nesting Box Inn: Cleveland,Nesting Box Inn,Cleveland,standard,1,1,0,14,168.08,2353.12
orderid:706334,0IR-63P0,orderid:706334,crmid:9216958777,2020-01-09T12:00:53.000Z,kiosk,prd1164,1580472053,1580817653,2020-01-31T12:00:53+00:00,2020-02-04T12:00:53+00:00,Repose Resort: Las Vegas,Repose Resort,Las Vegas,standard,1,1,4,4,155.43,621.72
orderid:354276,8GQ-79RR,orderid:354276,crmid:4606643905,2019-12-31T14:27:15.000Z,website,prd1065,1579271235,1579444035,2020-01-17T14:27:15+00:00,2020-01-19T14:27:15+00:00,Sapphire Suites: Beijing,Sapphire Suites,Beijing,premium,1,1,0,2,152.84,305.68
orderid:913596,L5E-3FQY,orderid:913596,crmid:5456994191,2019-12-21T12:52:29.000Z,kiosk,prd1160,1577105549,1577537549,2019-12-23T12:52:29+00:00,2019-12-28T12:52:29+00:00,Aspen Heights: Nashville,Aspen Heights,Nashville,premium,1,1,0,5,127.23,636.15
orderid:829321,FNO-JIFG,orderid:829321,crmid:6321098397,2020-02-15T20:42:35.000Z,call center,prd1109,1581972155,1582144955,2020-02-17T20:42:35+00:00,2020-02-19T20:42:35+00:00,Grandeur Hotels: Belgrade,Grandeur Hotels,Belgrade,standard,1,1,0,2,113.44,226.88
orderid:552828,7UN-A7DA,orderid:552828,crmid:8338578077,2020-02-08T13:35:05.000Z,kiosk,prd1019,1583501705,1583933705,2020-03-06T13:35:05+00:00,2020-03-11T13:35:05+00:00,Nesting Box Inn: Charlotte,Nesting Box Inn,Charlotte,standard,1,1,0,5,155.05,775.25
orderid:465039,2ZS-ICLE,orderid:465039,crmid:7776612943,2020-01-20T00:17:54.000Z,mobile,prd1074,1579565874,1579825074,2020-01-21T00:17:54+00:00,2020-01-24T00:17:54+00:00,Restful Nights: Mexico City,Restful Nights,Mexico City,standard,1,1,0,3,172.01,516.03
orderid:976991,OVX-1UFE,orderid:976991,crmid:6985886989,2019-12-16T10:57:48.000Z,mobile,prd1155,1576580268,1576666668,2019-12-17T10:57:48+00:00,2019-12-18T10:57:48+00:00,Hospitality Inn: Denver,Hospitality Inn,Denver,premium,1,1,0,1,134.76,134.76
orderid:738679,O0D-E7LH,orderid:738679,crmid:3238612231,2020-02-09T05:37:58.000Z,mobile,prd1010,1583645878,1584682678,2020-03-08T05:37:58+00:00,2020-03-20T05:37:58+00:00,Blue Reef Resort: San Diego,Blue Reef Resort,San Diego,standard,1,1,0,12,151.2,1814.4
orderid:469929,EZV-VEGF,orderid:469929,crmid:8990595714,2020-01-12T23:35:05.000Z,mobile,prd1047,1581118505,1582068905,2020-02-07T23:35:05+00:00,2020-02-18T23:35:05+00:00,Hospitality Inn: Oakland,Hospitality Inn,Oakland,luxury,1,1,0,11,357.21,3929.31
orderid:840457,4PE-9901,orderid:840457,crmid:4253206238,2020-01-05T10:07:46.000Z,call center,prd1118,1580206066,1580897266,2020-01-28T10:07:46+00:00,2020-02-05T10:07:46+00:00,Blue Reef Resort: Cologne,Blue Reef Resort,Cologne,standard,1,1,0,8,138.29,1106.32
orderid:295090,MKH-HBQK,orderid:295090,crmid:5236397034,2020-01-16T21:42:43.000Z,mobile,prd1137,1581025363,1581630163,2020-02-06T21:42:43+00:00,2020-02-13T21:42:43+00:00,Sapphire Suites: Manila,Sapphire Suites,Manila,standard,1,1,0,7,129.99,909.93
orderid:283943,69K-UWD3,orderid:283943,crmid:8504880031,2019-12-15T23:21:04.000Z,website,prd1027,1578180064,1579562464,2020-01-04T23:21:04+00:00,2020-01-20T23:21:04+00:00,Family Fun Hotels: Memphis,Family Fun Hotels,Memphis,ultra-luxury,1,1,1,16,285.3,4564.8
orderid:846727,HNB-BNS1,orderid:846727,crmid:9661026186,2020-01-27T23:37:25.000Z,kiosk,prd1153,1580254645,1580427445,2020-01-28T23:37:25+00:00,2020-01-30T23:37:25+00:00,Admiralty Plaza: Charlotte,Admiralty Plaza,Charlotte,standard,1,1,0,2,81.03,162.06
orderid:517952,9PD-2LBU,orderid:517952,crmid:9661026186,2020-01-31T00:00:00.000Z,mobile,prd1009,1580515200,1580860800,2020-02-01T00:00:00+00:00,2020-02-05T00:00:00+00:00,Admiralty Plaza: San Antonio,Admiralty Plaza,San Antonio,standard,1,1,0,4,90.66,362.64
orderid:576280,IKJ-I2CQ,orderid:576280,crmid:8698334571,2020-02-12T05:27:21.000Z,website,prd1094,1583299641,1583990841,2020-03-04T05:27:21+00:00,2020-03-12T05:27:21+00:00,Blue Reef Resort: Berlin,Blue Reef Resort,Berlin,standard,1,1,1,8,121.33,970.64
orderid:191278,VQX-PK36,orderid:191278,crmid:8632210395,2020-01-14T23:18:26.000Z,website,prd1182,1579130306,1579216706,2020-01-15T23:18:26+00:00,2020-01-16T23:18:26+00:00,Restful Nights: Minneapolis,Restful Nights,Minneapolis,premium,1,1,0,1,128.83,128.83
orderid:119725,IZM-4NJM,orderid:119725,crmid:8632210395,2020-01-18T00:00:00.000Z,call center,prd1057,1579478400,1579564800,2020-01-20T00:00:00+00:00,2020-01-21T00:00:00+00:00,Admiralty Plaza: Mumbai,Admiralty Plaza,Mumbai,standard,1,1,0,1,139.12,139.12
orderid:798649,EDI-BXKO,orderid:798649,crmid:7575882622,2019-12-12T07:05:17.000Z,call center,prd1002,1578294317,1579849517,2020-01-06T07:05:17+00:00,2020-01-24T07:05:17+00:00,Restful Nights: Chicago,Restful Nights,Chicago,standard,1,1,1,18,124.32,2237.76
orderid:945543,9CP-BAW1,orderid:945543,crmid:1656274190,2019-12-26T20:37:57.000Z,kiosk,prd1119,1579379877,1580330277,2020-01-18T20:37:57+00:00,2020-01-29T20:37:57+00:00,Hospitality Inn: Turin,Hospitality Inn,Turin,premium,1,1,0,11,123.4,1357.4
orderid:168748,WOO-GP1T,orderid:168748,crmid:2933487487,2020-01-04T17:51:27.000Z,mobile,prd1029,1578505887,1579110687,2020-01-08T17:51:27+00:00,2020-01-15T17:51:27+00:00,Sapphire Suites: Oklahoma City,Sapphire Suites,Oklahoma City,premium,1,1,0,7,142.43,997.01
orderid:407082,LC7-EQN6,orderid:407082,crmid:4707411967,2020-01-14T22:40:14.000Z,kiosk,prd1173,1581201614,1582324814,2020-02-08T22:40:14+00:00,2020-02-21T22:40:14+00:00,Sapphire Suites: Kansas City,Sapphire Suites,Kansas City,standard,1,1,1,13,113.96,1481.48
orderid:613430,FJL-GDBE,orderid:613430,crmid:9458374547,2020-02-06T02:26:06.000Z,call center,prd1032,1583547966,1583893566,2020-03-07T02:26:06+00:00,2020-03-11T02:26:06+00:00,Repose Resort: Baltimore,Repose Resort,Baltimore,standard,1,1,0,4,160.19,640.76
orderid:734268,GM4-5HXZ,orderid:734268,crmid:1705154940,2019-12-08T18:13:10.000Z,mobile,prd1172,1578075190,1579111990,2020-01-03T18:13:10+00:00,2020-01-15T18:13:10+00:00,Aspen Heights: Mesa,Aspen Heights,Mesa,luxury,1,1,0,12,347.43,4169.16
orderid:618240,YJN-XEJY,orderid:618240,crmid:2358167148,2020-01-06T02:20:43.000Z,mobile,prd1057,1579573243,1580091643,2020-01-21T02:20:43+00:00,2020-01-27T02:20:43+00:00,Admiralty Plaza: Mumbai,Admiralty Plaza,Mumbai,standard,1,1,2,6,116.48,698.88
orderid:108795,OPJ-WBKF,orderid:108795,crmid:7222383329,2020-02-06T17:52:42.000Z,mobile,prd1063,1583257962,1583517162,2020-03-03T17:52:42+00:00,2020-03-06T17:52:42+00:00,Family Fun Hotels: London,Family Fun Hotels,London,standard,1,1,0,3,127.99,383.97
orderid:682673,2JC-ZQPH,orderid:682673,crmid:2609373303,2019-12-16T05:28:40.000Z,website,prd1038,1579066120,1580016520,2020-01-15T05:28:40+00:00,2020-01-26T05:28:40+00:00,Restful Nights: Mesa,Restful Nights,Mesa,standard,1,1,0,11,144.19,1586.09
orderid:404536,XSX-VPNG,orderid:404536,crmid:4911406590,2019-12-03T23:24:13.000Z,call center,prd1169,1575501853,1575588253,2019-12-04T23:24:13+00:00,2019-12-05T23:24:13+00:00,Grandeur Hotels: Tucson,Grandeur Hotels,Tucson,standard,1,1,0,1,173.4,173.4
orderid:232789,GZJ-YXMI,orderid:232789,crmid:3984386829,2020-01-02T16:20:05.000Z,call center,prd1190,1579623605,1581265205,2020-01-21T16:20:05+00:00,2020-02-09T16:20:05+00:00,Blue Reef Resort: Aurora,Blue Reef Resort,Aurora,standard,1,1,2,19,156.91,2981.29
orderid:514114,0ZY-JAOR,orderid:514114,crmid:9442941227,2020-01-15T10:44:24.000Z,kiosk,prd1153,1579776264,1579862664,2020-01-23T10:44:24+00:00,2020-01-24T10:44:24+00:00,Admiralty Plaza: Charlotte,Admiralty Plaza,Charlotte,standard,1,1,0,1,134.49,134.49
orderid:422846,VET-6PHV,orderid:422846,crmid:5865494689,2020-01-11T12:43:58.000Z,kiosk,prd1053,1581079438,1581338638,2020-02-07T12:43:58+00:00,2020-02-10T12:43:58+00:00,Sapphire Suites: Cleveland,Sapphire Suites,Cleveland,standard,1,1,0,3,127.33,381.99
orderid:333741,Y8W-XYRN,orderid:333741,crmid:4573956159,2019-12-16T19:53:41.000Z,service desk,prd1122,1576958021,1577044421,2019-12-21T19:53:41+00:00,2019-12-22T19:53:41+00:00,Restful Nights: Valencia,Restful Nights,Valencia,standard,1,1,0,1,131.0,131.0
orderid:162710,RRS-VC1J,orderid:162710,crmid:4573956159,2019-12-23T00:00:00.000Z,kiosk,prd1104,1577318400,1577577600,2019-12-26T00:00:00+00:00,2019-12-29T00:00:00+00:00,Repose Resort: Warsaw,Repose Resort,Warsaw,standard,1,1,0,3,140.91,422.73
orderid:662094,PHW-COJD,orderid:662094,crmid:4573956159,2019-12-30T00:00:00.000Z,website,prd1033,1577750400,1577923200,2019-12-31T00:00:00+00:00,2020-01-02T00:00:00+00:00,Admiralty Plaza: Milwaukee,Admiralty Plaza,Milwaukee,premium,1,1,0,2,149.05,298.1
orderid:105326,OGG-ABV9,orderid:105326,crmid:4573956159,2020-01-03T00:00:00.000Z,call center,prd1141,1578096000,1578355200,2020-01-04T00:00:00+00:00,2020-01-07T00:00:00+00:00,Admiralty Plaza: Phoenix,Admiralty Plaza,Phoenix,standard,1,1,0,3,75.38,226.14
orderid:864643,BI9-QUOM,orderid:864643,crmid:4573956159,2020-01-09T00:00:00.000Z,kiosk,prd1001,1578614400,1578960000,2020-01-10T00:00:00+00:00,2020-01-14T00:00:00+00:00,Grandeur Hotels: New York,Grandeur Hotels,New York,standard,1,1,0,4,165.21,660.84
orderid:109574,3P2-BBSM,orderid:109574,crmid:1769450899,2019-12-18T16:11:06.000Z,kiosk,prd1141,1576771866,1576858266,2019-12-19T16:11:06+00:00,2019-12-20T16:11:06+00:00,Admiralty Plaza: Phoenix,Admiralty Plaza,Phoenix,standard,1,1,0,1,126.77,126.77
orderid:615426,O0T-G8KY,orderid:615426,crmid:1769450899,2019-12-22T00:00:00.000Z,website,prd1169,1577059200,1577145600,2019-12-23T00:00:00+00:00,2019-12-24T00:00:00+00:00,Grandeur Hotels: Tucson,Grandeur Hotels,Tucson,standard,1,1,0,1,157.4,157.4
orderid:259935,RLK-TSYU,orderid:259935,crmid:8858664925,2019-12-11T22:31:24.000Z,website,prd1016,1578090684,1579386684,2020-01-03T22:31:24+00:00,2020-01-18T22:31:24+00:00,Aspen Heights: Columbus,Aspen Heights,Columbus,presidential-suite,1,1,3,15,898.71,13480.65
orderid:996918,LVB-NERF,orderid:996918,crmid:1927713955,2020-02-06T15:16:47.000Z,website,prd1091,1583248607,1583680607,2020-03-03T15:16:47+00:00,2020-03-08T15:16:47+00:00,Nesting Box Inn: New Taipei,Nesting Box Inn,New Taipei,standard,1,1,4,5,77.42,387.1
orderid:448984,JJ4-SUHY,orderid:448984,crmid:1985825203,2019-12-20T00:33:01.000Z,call center,prd1071,1578961981,1579221181,2020-01-14T00:33:01+00:00,2020-01-17T00:33:01+00:00,Hospitality Inn: Seoul,Hospitality Inn,Seoul,standard,1,1,0,3,145.38,436.14
orderid:878658,QBA-GJYF,orderid:878658,crmid:9610019857,2020-01-04T11:30:37.000Z,website,prd1013,1578483037,1579174237,2020-01-08T11:30:37+00:00,2020-01-16T11:30:37+00:00,Grandeur Hotels: Austin,Grandeur Hotels,Austin,standard,1,1,0,8,173.89,1391.12
orderid:469595,9WT-UIXM,orderid:469595,crmid:3500915561,2019-12-20T10:12:15.000Z,mobile,prd1142,1578046335,1578651135,2020-01-03T10:12:15+00:00,2020-01-10T10:12:15+00:00,Blue Reef Resort: Philadelphia,Blue Reef Resort,Philadelphia,standard,1,1,0,7,141.77,992.39
orderid:724615,0HF-QZKE,orderid:724615,crmid:8036377222,2020-01-15T21:02:58.000Z,call center,prd1045,1581368578,1581627778,2020-02-10T21:02:58+00:00,2020-02-13T21:02:58+00:00,Admiralty Plaza: Miami,Admiralty Plaza,Miami,standard,1,1,0,3,152.5,457.5
orderid:211721,PBY-X7WT,orderid:211721,crmid:4938910725,2019-12-30T21:19:42.000Z,kiosk,prd1136,1580073582,1580764782,2020-01-26T21:19:42+00:00,2020-02-03T21:19:42+00:00,Aspen Heights: Osaka,Aspen Heights,Osaka,standard,1,1,0,8,151.52,1212.16
orderid:482790,QSD-QBQJ,orderid:482790,crmid:1607897453,2019-12-16T02:14:58.000Z,mobile,prd1063,1576548898,1576721698,2019-12-17T02:14:58+00:00,2019-12-19T02:14:58+00:00,Family Fun Hotels: London,Family Fun Hotels,London,premium,1,1,0,2,175.6,351.2
orderid:729163,YYH-8O3I,orderid:729163,crmid:6982489372,2020-02-09T22:58:48.000Z,kiosk,prd1142,1583189928,1583362728,2020-03-02T22:58:48+00:00,2020-03-04T22:58:48+00:00,Blue Reef Resort: Philadelphia,Blue Reef Resort,Philadelphia,standard,1,1,2,2,149.51,299.02
orderid:549328,RMQ-MTPL,orderid:549328,crmid:6407761105,2019-12-10T21:46:27.000Z,website,prd1028,1576100787,1576187187,2019-12-11T21:46:27+00:00,2019-12-12T21:46:27+00:00,Aspen Heights: Portland,Aspen Heights,Portland,standard,1,1,0,1,136.73,136.73
orderid:218704,PQE-OJC1,orderid:218704,crmid:7533800666,2019-12-24T18:52:20.000Z,call center,prd1053,1577731940,1578336740,2019-12-30T18:52:20+00:00,2020-01-06T18:52:20+00:00,Sapphire Suites: Cleveland,Sapphire Suites,Cleveland,premium,1,1,0,7,115.7,809.9
orderid:229014,51A-ZDSB,orderid:229014,crmid:4052969594,2019-12-06T06:17:02.000Z,website,prd1148,1578118622,1578291422,2020-01-04T06:17:02+00:00,2020-01-06T06:17:02+00:00,Aspen Heights: Jacksonville,Aspen Heights,Jacksonville,standard,1,1,0,2,150.99,301.98
orderid:648776,NMN-BT3B,orderid:648776,crmid:2231378079,2020-02-07T21:27:50.000Z,website,prd1106,1583357270,1584048470,2020-03-04T21:27:50+00:00,2020-03-12T21:27:50+00:00,Blue Reef Resort: Munich,Blue Reef Resort,Munich,premium,1,1,0,8,140.94,1127.52
orderid:868501,V3R-TRXU,orderid:868501,crmid:3919075378,2020-02-13T14:39:04.000Z,website,prd1081,1583246344,1584369544,2020-03-03T14:39:04+00:00,2020-03-16T14:39:04+00:00,Admiralty Plaza: Rod de Janeiro,Admiralty Plaza,Rod de Janeiro,standard,1,1,0,13,134.04,1742.52
orderid:638479,TFH-EN4A,orderid:638479,crmid:3020398480,2020-01-12T08:54:42.000Z,website,prd1050,1579078482,1579596882,2020-01-15T08:54:42+00:00,2020-01-21T08:54:42+00:00,Restful Nights: Arlington,Restful Nights,Arlington,premium,1,1,0,6,160.97,965.82
orderid:966333,54N-T68Z,orderid:966333,crmid:9992169631,2019-12-01T06:19:25.000Z,kiosk,prd1033,1575526765,1576131565,2019-12-05T06:19:25+00:00,2019-12-12T06:19:25+00:00,Admiralty Plaza: Milwaukee,Admiralty Plaza,Milwaukee,premium,1,1,0,7,113.66,795.62
orderid:798060,EOW-WOSU,orderid:798060,crmid:3766297139,2019-12-18T23:14:11.000Z,kiosk,prd1175,1579043651,1580512451,2020-01-14T23:14:11+00:00,2020-01-31T23:14:11+00:00,Nesting Box Inn: Long Beach,Nesting Box Inn,Long Beach,standard,1,1,4,17,106.5,1810.5
orderid:925672,INE-UKD5,orderid:925672,crmid:9738294399,2019-12-14T15:17:12.000Z,website,prd1196,1578064632,1578842232,2020-01-03T15:17:12+00:00,2020-01-12T15:17:12+00:00,Aspen Heights: Moscow,Aspen Heights,Moscow,standard,1,1,4,9,97.04,873.36
orderid:449173,NKL-0H6A,orderid:449173,crmid:2281729265,2020-01-30T12:14:19.000Z,website,prd1069,1582200859,1583064859,2020-02-20T12:14:19+00:00,2020-03-01T12:14:19+00:00,Admiralty Plaza: Singapore,Admiralty Plaza,Singapore,premium,1,1,0,10,139.6,1396.0
orderid:367504,IIR-EEAT,orderid:367504,crmid:8574925679,2019-12-26T22:23:07.000Z,kiosk,prd1182,1577744587,1578176587,2019-12-30T22:23:07+00:00,2020-01-04T22:23:07+00:00,Restful Nights: Minneapolis,Restful Nights,Minneapolis,standard,1,1,0,5,119.27,596.35
orderid:992629,HKJ-46ZR,orderid:992629,crmid:2161846954,2019-12-12T01:40:46.000Z,website,prd1046,1576633246,1576719646,2019-12-18T01:40:46+00:00,2019-12-19T01:40:46+00:00,Blue Reef Resort: Virginia Beach,Blue Reef Resort,Virginia Beach,standard,1,1,0,1,144.72,144.72
orderid:128082,NLM-EXDC,orderid:128082,crmid:2439827674,2019-12-13T03:20:44.000Z,call center,prd1033,1578540044,1579836044,2020-01-09T03:20:44+00:00,2020-01-24T03:20:44+00:00,Admiralty Plaza: Milwaukee,Admiralty Plaza,Milwaukee,premium,1,1,0,15,110.93,1663.95
orderid:722564,N7V-7IIO,orderid:722564,crmid:7121917900,2020-01-14T01:32:47.000Z,kiosk,prd1026,1579829567,1580434367,2020-01-24T01:32:47+00:00,2020-01-31T01:32:47+00:00,Restful Nights: Nashville,Restful Nights,Nashville,standard,1,1,0,7,141.7,991.9
orderid:582266,SJ6-FMTU,orderid:582266,crmid:6406653549,2020-02-02T07:04:16.000Z,kiosk,prd1082,1580799856,1581059056,2020-02-04T07:04:16+00:00,2020-02-07T07:04:16+00:00,Blue Reef Resort: Surat,Blue Reef Resort,Surat,standard,1,1,0,3,188.48,565.44
orderid:695955,AYE-CFFQ,orderid:695955,crmid:8215731939,2020-01-28T01:45:01.000Z,mobile,prd1177,1580348701,1580435101,2020-01-30T01:45:01+00:00,2020-01-31T01:45:01+00:00,Admiralty Plaza: Raleigh,Admiralty Plaza,Raleigh,luxury,1,1,0,1,267.63,267.63
orderid:726814,8BS-KJ2H,orderid:726814,crmid:5771859129,2020-01-02T02:58:33.000Z,kiosk,prd1045,1578193113,1578279513,2020-01-05T02:58:33+00:00,2020-01-06T02:58:33+00:00,Admiralty Plaza: Miami,Admiralty Plaza,Miami,standard,1,1,0,1,169.41,169.41
orderid:868298,JGY-WJTY,orderid:868298,crmid:5771859129,2020-01-08T00:00:00.000Z,website,prd1093,1578528000,1578787200,2020-01-09T00:00:00+00:00,2020-01-12T00:00:00+00:00,Admiralty Plaza: Yokohama,Admiralty Plaza,Yokohama,premium,1,1,0,3,170.22,510.66
orderid:139388,HGT-A0OH,orderid:139388,crmid:8081382875,2020-01-03T01:59:25.000Z,kiosk,prd1131,1578967165,1580522365,2020-01-14T01:59:25+00:00,2020-02-01T01:59:25+00:00,Hospitality Inn: Sheffield,Hospitality Inn,Sheffield,standard,1,1,0,18,142.12,2558.16
orderid:273563,IHU-QCEM,orderid:273563,crmid:5677407482,2020-01-26T03:45:56.000Z,call center,prd1058,1582083956,1583120756,2020-02-19T03:45:56+00:00,2020-03-02T03:45:56+00:00,Blue Reef Resort: Delhi,Blue Reef Resort,Delhi,standard,1,1,0,12,120.74,1448.88
orderid:357820,IPM-UXNL,orderid:357820,crmid:9111130472,2020-02-05T17:25:44.000Z,mobile,prd1097,1581701144,1582737944,2020-02-14T17:25:44+00:00,2020-02-26T17:25:44+00:00,Grandeur Hotels: Buenos Aires,Grandeur Hotels,Buenos Aires,premium,1,1,1,12,148.87,1786.44
orderid:605316,PKQ-S4OZ,orderid:605316,crmid:1560183879,2019-12-18T11:24:01.000Z,mobile,prd1100,1578914641,1579778641,2020-01-13T11:24:01+00:00,2020-01-23T11:24:01+00:00,Aspen Heights: Misk,Aspen Heights,Misk,premium,1,1,0,10,117.58,1175.8
orderid:419423,M1H-FHFI,orderid:419423,crmid:2803010315,2019-12-27T09:22:05.000Z,call center,prd1107,1577611325,1577784125,2019-12-29T09:22:05+00:00,2019-12-31T09:22:05+00:00,Hospitality Inn: Kharkiv,Hospitality Inn,Kharkiv,standard,1,1,0,2,161.79,323.58
orderid:510302,PB0-OEEI,orderid:510302,crmid:7171187644,2020-02-06T23:37:08.000Z,website,prd1052,1581291428,1581377828,2020-02-09T23:37:08+00:00,2020-02-10T23:37:08+00:00,Aspen Heights: Wichita,Aspen Heights,Wichita,standard,1,1,0,1,171.96,171.96
orderid:787984,FFU-J7EG,orderid:787984,crmid:7323521280,2020-02-10T09:09:37.000Z,website,prd1167,1581498577,1581584977,2020-02-12T09:09:37+00:00,2020-02-13T09:09:37+00:00,Hospitality Inn: Milwaukee,Hospitality Inn,Milwaukee,standard,1,1,0,1,134.05,134.05
orderid:403594,8FA-KIQM,orderid:403594,crmid:1024549178,2020-01-11T20:49:26.000Z,mobile,prd1010,1579898966,1581540566,2020-01-24T20:49:26+00:00,2020-02-12T20:49:26+00:00,Blue Reef Resort: San Diego,Blue Reef Resort,San Diego,standard,1,1,4,19,118.38,2249.22
orderid:900447,VMR-PRJW,orderid:900447,crmid:1063754836,2019-12-05T20:10:53.000Z,website,prd1100,1575663053,1575835853,2019-12-06T20:10:53+00:00,2019-12-08T20:10:53+00:00,Aspen Heights: Misk,Aspen Heights,Misk,standard,1,1,0,2,145.36,290.72
orderid:215691,HZ5-NQOO,orderid:215691,crmid:9428450472,2020-01-20T11:08:00.000Z,kiosk,prd1130,1579604880,1579691280,2020-01-21T11:08:00+00:00,2020-01-22T11:08:00+00:00,Blue Reef Resort: Bremen,Blue Reef Resort,Bremen,premium,1,1,0,1,101.02,101.02
orderid:759992,VUP-BF80,orderid:759992,crmid:5257745304,2020-01-21T16:57:35.000Z,website,prd1160,1579712255,1580057855,2020-01-22T16:57:35+00:00,2020-01-26T16:57:35+00:00,Aspen Heights: Nashville,Aspen Heights,Nashville,standard,1,1,0,4,171.08,684.32
orderid:841716,HFX-EHRE,orderid:841716,crmid:9196207607,2019-12-07T09:36:53.000Z,call center,prd1070,1578044213,1578649013,2020-01-03T09:36:53+00:00,2020-01-10T09:36:53+00:00,Blue Reef Resort: Jakarta,Blue Reef Resort,Jakarta,standard,1,1,0,7,152.09,1064.63
orderid:540091,FZV-2AHP,orderid:540091,crmid:3971719005,2020-01-03T10:14:34.000Z,mobile,prd1142,1578305674,1578478474,2020-01-06T10:14:34+00:00,2020-01-08T10:14:34+00:00,Blue Reef Resort: Philadelphia,Blue Reef Resort,Philadelphia,standard,1,1,0,2,166.89,333.78
orderid:451401,I2Z-WAR1,orderid:451401,crmid:3758978974,2019-12-26T06:21:33.000Z,service desk,prd1046,1579242093,1579587693,2020-01-17T06:21:33+00:00,2020-01-21T06:21:33+00:00,Blue Reef Resort: Virginia Beach,Blue Reef Resort,Virginia Beach,standard,1,1,4,4,125.44,501.76
orderid:284087,UPF-Y2QD,orderid:284087,crmid:3860439558,2020-01-08T12:28:23.000Z,call center,prd1111,1578659303,1578745703,2020-01-10T12:28:23+00:00,2020-01-11T12:28:23+00:00,Family Fun Hotels: Prague,Family Fun Hotels,Prague,standard,1,1,0,1,164.14,164.14
orderid:312851,8FS-X3YR,orderid:312851,crmid:3860439558,2020-01-13T00:00:00.000Z,kiosk,prd1045,1578960000,1579219200,2020-01-14T00:00:00+00:00,2020-01-17T00:00:00+00:00,Admiralty Plaza: Miami,Admiralty Plaza,Miami,standard,1,1,0,3,113.96,341.88
orderid:797623,4JO-A8JM,orderid:797623,crmid:6770881538,2020-02-13T10:10:23.000Z,website,prd1094,1581934223,1582452623,2020-02-17T10:10:23+00:00,2020-02-23T10:10:23+00:00,Blue Reef Resort: Berlin,Blue Reef Resort,Berlin,standard,1,1,0,6,152.97,917.82
orderid:689894,0TW-NKK9,orderid:689894,crmid:9905012157,2019-12-03T23:48:09.000Z,website,prd1141,1577317689,1578354489,2019-12-25T23:48:09+00:00,2020-01-06T23:48:09+00:00,Admiralty Plaza: Phoenix,Admiralty Plaza,Phoenix,standard,1,1,0,12,178.94,2147.28
orderid:690598,ZLP-UOBH,orderid:690598,crmid:7955313716,2019-12-18T14:47:19.000Z,kiosk,prd1193,1578235639,1579445239,2020-01-05T14:47:19+00:00,2020-01-19T14:47:19+00:00,Grandeur Hotels: Kinshasa,Grandeur Hotels,Kinshasa,standard,1,1,4,14,150.54,2107.56
orderid:112786,IW3-EEPH,orderid:112786,crmid:3268932043,2020-01-01T11:51:59.000Z,call center,prd1079,1579780319,1580903519,2020-01-23T11:51:59+00:00,2020-02-05T11:51:59+00:00,Nesting Box Inn: Chennai,Nesting Box Inn,Chennai,standard,1,1,0,13,137.01,1781.13
orderid:761623,ETY-FR0O,orderid:761623,crmid:1606767189,2020-02-02T00:30:43.000Z,service desk,prd1086,1582158643,1583368243,2020-02-20T00:30:43+00:00,2020-03-05T00:30:43+00:00,Restful Nights: Johannesburg,Restful Nights,Johannesburg,standard,1,1,0,14,126.0,1764.0
orderid:217500,SSG-BIOH,orderid:217500,crmid:3277436487,2020-02-08T23:52:40.000Z,call center,prd1047,1583797960,1583970760,2020-03-09T23:52:40+00:00,2020-03-11T23:52:40+00:00,Hospitality Inn: Oakland,Hospitality Inn,Oakland,standard,1,1,0,2,132.97,265.94
orderid:779277,DDF-YGIY,orderid:779277,crmid:4102859242,2020-01-29T09:47:15.000Z,call center,prd1059,1582192035,1583747235,2020-02-20T09:47:15+00:00,2020-03-09T09:47:15+00:00,Hospitality Inn: Kinshasa,Hospitality Inn,Kinshasa,standard,1,1,2,18,153.93,2770.74
orderid:356560,00S-YZPE,orderid:356560,crmid:3084200749,2020-01-08T02:33:13.000Z,service desk,prd1181,1579228393,1580092393,2020-01-17T02:33:13+00:00,2020-01-27T02:33:13+00:00,Grandeur Hotels: Oakland,Grandeur Hotels,Oakland,standard,1,1,0,10,149.66,1496.6
orderid:550483,M5I-AN1Y,orderid:550483,crmid:7516709677,2019-12-13T16:34:24.000Z,call center,prd1035,1577637264,1579192464,2019-12-29T16:34:24+00:00,2020-01-16T16:34:24+00:00,Hospitality Inn: Tucson,Hospitality Inn,Tucson,standard,1,1,0,18,126.34,2274.12
orderid:160887,9JC-8YUE,orderid:160887,crmid:2880622922,2019-12-14T00:11:47.000Z,website,prd1189,1578269507,1578874307,2020-01-06T00:11:47+00:00,2020-01-13T00:11:47+00:00,Admiralty Plaza: Bakersfield,Admiralty Plaza,Bakersfield,standard,1,1,0,7,129.07,903.49
orderid:384420,7F6-EA6H,orderid:384420,crmid:5434874328,2019-12-05T09:50:37.000Z,website,prd1178,1575885037,1576403437,2019-12-09T09:50:37+00:00,2019-12-15T09:50:37+00:00,Blue Reef Resort: Colorado Springs,Blue Reef Resort,Colorado Springs,standard,1,1,0,6,99.12,594.72
orderid:700456,MSE-RD1Q,orderid:700456,crmid:9473100862,2020-02-09T13:08:42.000Z,website,prd1082,1582895322,1583413722,2020-02-28T13:08:42+00:00,2020-03-05T13:08:42+00:00,Blue Reef Resort: Surat,Blue Reef Resort,Surat,standard,1,1,0,6,184.67,1108.02
orderid:552806,XGR-4HA5,orderid:552806,crmid:8300729038,2019-12-11T01:48:04.000Z,call center,prd1143,1576115284,1576288084,2019-12-12T01:48:04+00:00,2019-12-14T01:48:04+00:00,Hospitality Inn: San Antonio,Hospitality Inn,San Antonio,premium,1,1,0,2,152.7,305.4
orderid:678607,6XV-NTVW,orderid:678607,crmid:1465349064,2020-01-18T18:14:41.000Z,website,prd1165,1579544081,1580062481,2020-01-20T18:14:41+00:00,2020-01-26T18:14:41+00:00,Admiralty Plaza: Louisville,Admiralty Plaza,Louisville,standard,1,1,0,6,160.21,961.26
orderid:804062,8XV-JAJS,orderid:804062,crmid:9281963800,2020-01-19T22:47:48.000Z,mobile,prd1178,1581029268,1581374868,2020-02-06T22:47:48+00:00,2020-02-10T22:47:48+00:00,Blue Reef Resort: Colorado Springs,Blue Reef Resort,Colorado Springs,standard,1,1,4,4,129.89,519.56
orderid:360760,SFS-DDAI,orderid:360760,crmid:9182955136,2020-02-13T08:08:22.000Z,kiosk,prd1085,1583050102,1583654902,2020-03-01T08:08:22+00:00,2020-03-08T08:08:22+00:00,Grandeur Hotels: Saint Petersburg,Grandeur Hotels,Saint Petersburg,standard,1,1,0,7,164.06,1148.42
orderid:532140,NEG-MW4W,orderid:532140,crmid:8920204304,2020-02-10T11:13:53.000Z,call center,prd1143,1581506033,1581678833,2020-02-12T11:13:53+00:00,2020-02-14T11:13:53+00:00,Hospitality Inn: San Antonio,Hospitality Inn,San Antonio,standard,1,1,0,2,122.54,245.08
orderid:729557,REW-WJKW,orderid:729557,crmid:2141555253,2020-01-12T14:38:53.000Z,call center,prd1155,1581172733,1581950333,2020-02-08T14:38:53+00:00,2020-02-17T14:38:53+00:00,Hospitality Inn: Denver,Hospitality Inn,Denver,standard,1,1,0,9,177.15,1594.35
orderid:887209,4KZ-JCKO,orderid:887209,crmid:6473438451,2020-01-21T08:03:23.000Z,kiosk,prd1173,1579680203,1580025803,2020-01-22T08:03:23+00:00,2020-01-26T08:03:23+00:00,Sapphire Suites: Kansas City,Sapphire Suites,Kansas City,standard,1,1,0,4,155.92,623.68
orderid:252371,RW6-INLH,orderid:252371,crmid:8460698667,2020-02-10T01:01:24.000Z,kiosk,prd1053,1583110884,1583542884,2020-03-02T01:01:24+00:00,2020-03-07T01:01:24+00:00,Sapphire Suites: Cleveland,Sapphire Suites,Cleveland,premium,1,1,3,5,120.75,603.75
orderid:284488,LW9-HLRD,orderid:284488,crmid:1628468873,2020-01-15T23:05:15.000Z,call center,prd1105,1579215915,1579302315,2020-01-16T23:05:15+00:00,2020-01-17T23:05:15+00:00,Admiralty Plaza: Barcelona,Admiralty Plaza,Barcelona,standard,1,1,0,1,160.67,160.67
orderid:317661,32Z-SVPG,orderid:317661,crmid:1394819677,2019-12-27T01:35:13.000Z,call center,prd1001,1580002513,1581039313,2020-01-26T01:35:13+00:00,2020-02-07T01:35:13+00:00,Grandeur Hotels: New York,Grandeur Hotels,New York,premium,1,1,0,12,117.65,1411.8
orderid:488100,3AR-ZQK6,orderid:488100,crmid:6667501890,2020-01-24T22:18:26.000Z,service desk,prd1034,1581286706,1582237106,2020-02-09T22:18:26+00:00,2020-02-20T22:18:26+00:00,Blue Reef Resort: Albuquerque,Blue Reef Resort,Albuquerque,premium,1,1,0,11,129.72,1426.92
orderid:740250,HF3-RVEW,orderid:740250,crmid:3420033035,2020-01-12T23:38:23.000Z,website,prd1035,1579477103,1579736303,2020-01-19T23:38:23+00:00,2020-01-22T23:38:23+00:00,Hospitality Inn: Tucson,Hospitality Inn,Tucson,ultra-luxury,1,1,0,3,325.83,977.49
orderid:191990,KPR-AZ6E,orderid:191990,crmid:8636481774,2020-01-19T05:02:07.000Z,call center,prd1074,1581570127,1583038927,2020-02-13T05:02:07+00:00,2020-03-01T05:02:07+00:00,Restful Nights: Mexico City,Restful Nights,Mexico City,standard,1,1,4,17,166.13,2824.21
orderid:298364,E9X-OLFQ,orderid:298364,crmid:9726595825,2020-01-22T17:10:16.000Z,mobile,prd1004,1579799416,1579972216,2020-01-23T17:10:16+00:00,2020-01-25T17:10:16+00:00,Aspen Heights: Boulder,Aspen Heights,Boulder,standard,1,1,0,2,139.35,278.7
orderid:877964,DRJ-M5WY,orderid:877964,crmid:9726595825,2020-01-26T00:00:00.000Z,call center,prd1021,1580428800,1580601600,2020-01-31T00:00:00+00:00,2020-02-02T00:00:00+00:00,Admiralty Plaza: Denver,Admiralty Plaza,Denver,ultra-luxury,1,1,0,2,403.97,807.94
orderid:191064,FMG-LQLJ,orderid:191064,crmid:1772642385,2020-01-17T08:43:22.000Z,website,prd1057,1581583402,1582361002,2020-02-13T08:43:22+00:00,2020-02-22T08:43:22+00:00,Admiralty Plaza: Mumbai,Admiralty Plaza,Mumbai,standard,1,1,0,9,184.27,1658.43
orderid:397887,TWT-5FS2,orderid:397887,crmid:2499947223,2019-12-29T22:39:15.000Z,mobile,prd1058,1579905555,1580596755,2020-01-24T22:39:15+00:00,2020-02-01T22:39:15+00:00,Blue Reef Resort: Delhi,Blue Reef Resort,Delhi,ultra-luxury,1,1,0,8,302.58,2420.64
orderid:384740,VBY-MM1R,orderid:384740,crmid:5101241649,2019-12-01T14:45:16.000Z,call center,prd1050,1577371516,1578321916,2019-12-26T14:45:16+00:00,2020-01-06T14:45:16+00:00,Restful Nights: Arlington,Restful Nights,Arlington,premium,1,1,0,11,111.53,1226.83
orderid:241302,WD6-3VMN,orderid:241302,crmid:6278185172,2019-12-11T18:42:51.000Z,kiosk,prd1125,1576176171,1576348971,2019-12-12T18:42:51+00:00,2019-12-14T18:42:51+00:00,Sapphire Suites: Palermo,Sapphire Suites,Palermo,standard,1,1,0,2,101.81,203.62
orderid:154636,MCP-YNUT,orderid:154636,crmid:7299962814,2020-01-23T18:39:45.000Z,kiosk,prd1041,1581791985,1582223985,2020-02-15T18:39:45+00:00,2020-02-20T18:39:45+00:00,Sapphire Suites: Long Beach,Sapphire Suites,Long Beach,premium,1,1,1,5,154.89,774.45
orderid:386809,F6A-7UPY,orderid:386809,crmid:7306985683,2019-12-30T07:24:59.000Z,website,prd1071,1579850699,1580541899,2020-01-24T07:24:59+00:00,2020-02-01T07:24:59+00:00,Hospitality Inn: Seoul,Hospitality Inn,Seoul,standard,1,1,0,8,129.22,1033.76
orderid:462687,9DF-2N3S,orderid:462687,crmid:5468621993,2019-12-14T23:04:46.000Z,kiosk,prd1067,1576796686,1577487886,2019-12-19T23:04:46+00:00,2019-12-27T23:04:46+00:00,Nesting Box Inn: Istanbul,Nesting Box Inn,Istanbul,premium,1,1,0,8,148.85,1190.8
orderid:270726,OA1-OZFD,orderid:270726,crmid:3572559197,2020-02-04T14:50:47.000Z,kiosk,prd1178,1583074247,1583938247,2020-03-01T14:50:47+00:00,2020-03-11T14:50:47+00:00,Blue Reef Resort: Colorado Springs,Blue Reef Resort,Colorado Springs,standard,1,1,0,10,153.16,1531.6
orderid:281080,KMF-7ZFT,orderid:281080,crmid:5822705540,2020-02-08T08:32:56.000Z,kiosk,prd1190,1583137976,1583483576,2020-03-02T08:32:56+00:00,2020-03-06T08:32:56+00:00,Blue Reef Resort: Aurora,Blue Reef Resort,Aurora,standard,1,1,0,4,188.92,755.68
orderid:771421,GEE-6IFI,orderid:771421,crmid:7702100122,2019-12-09T08:58:50.000Z,kiosk,prd1095,1577609930,1577955530,2019-12-29T08:58:50+00:00,2020-01-02T08:58:50+00:00,Hospitality Inn: Casablanca,Hospitality Inn,Casablanca,standard,1,1,0,4,122.59,490.36
orderid:468676,9FW-PO1X,orderid:468676,crmid:5408728706,2019-12-17T18:23:48.000Z,call center,prd1167,1578507828,1579285428,2020-01-08T18:23:48+00:00,2020-01-17T18:23:48+00:00,Hospitality Inn: Milwaukee,Hospitality Inn,Milwaukee,standard,1,1,0,9,138.05,1242.45
orderid:688708,IQK-PFGO,orderid:688708,crmid:2538139476,2020-01-04T22:24:27.000Z,service desk,prd1017,1578867867,1579645467,2020-01-12T22:24:27+00:00,2020-01-21T22:24:27+00:00,Sapphire Suites: Fort Worth,Sapphire Suites,Fort Worth,standard,1,1,0,9,130.73,1176.57
orderid:451637,NKB-ZTJ8,orderid:451637,crmid:4136013550,2020-01-12T20:50:56.000Z,call center,prd1011,1578948656,1579121456,2020-01-13T20:50:56+00:00,2020-01-15T20:50:56+00:00,Hospitality Inn: Dallas,Hospitality Inn,Dallas,standard,1,1,0,2,150.12,300.24
orderid:590070,KMC-LXAA,orderid:590070,crmid:4136013550,2020-01-16T00:00:00.000Z,mobile,prd1031,1579219200,1579478400,2020-01-17T00:00:00+00:00,2020-01-20T00:00:00+00:00,Nesting Box Inn: Louisville,Nesting Box Inn,Louisville,premium,1,1,0,3,162.24,486.72
orderid:495891,H2Z-8ZWR,orderid:495891,crmid:6017173774,2020-01-26T14:51:22.000Z,website,prd1187,1580136682,1580395882,2020-01-27T14:51:22+00:00,2020-01-30T14:51:22+00:00,Nesting Box Inn: Cleveland,Nesting Box Inn,Cleveland,standard,1,1,0,3,122.02,366.06
orderid:901304,MCH-UKAJ,orderid:901304,crmid:3509404869,2020-01-07T05:43:28.000Z,kiosk,prd1038,1579067008,1579671808,2020-01-15T05:43:28+00:00,2020-01-22T05:43:28+00:00,Restful Nights: Mesa,Restful Nights,Mesa,premium,1,1,0,7,165.07,1155.49
orderid:841898,6ID-KKIK,orderid:841898,crmid:1213144642,2020-02-12T13:40:39.000Z,website,prd1172,1581687639,1581946839,2020-02-14T13:40:39+00:00,2020-02-17T13:40:39+00:00,Aspen Heights: Mesa,Aspen Heights,Mesa,standard,1,1,0,3,179.45,538.35
orderid:338031,BTY-AJAO,orderid:338031,crmid:3156188536,2020-02-12T03:53:44.000Z,website,prd1028,1581738824,1582602824,2020-02-15T03:53:44+00:00,2020-02-25T03:53:44+00:00,Aspen Heights: Portland,Aspen Heights,Portland,standard,1,1,0,10,138.81,1388.1
orderid:408533,2J0-X9WW,orderid:408533,crmid:4319201158,2019-12-27T19:56:53.000Z,service desk,prd1190,1579377413,1579809413,2020-01-18T19:56:53+00:00,2020-01-23T19:56:53+00:00,Blue Reef Resort: Aurora,Blue Reef Resort,Aurora,premium,1,1,0,5,133.96,669.8
orderid:937444,NHV-Q0TM,orderid:937444,crmid:2476387505,2020-02-10T21:06:55.000Z,kiosk,prd1079,1583442415,1584047215,2020-03-05T21:06:55+00:00,2020-03-12T21:06:55+00:00,Nesting Box Inn: Chennai,Nesting Box Inn,Chennai,standard,1,1,0,7,134.54,941.78
orderid:969519,6SJ-10OS,orderid:969519,crmid:9773560060,2020-01-20T04:15:18.000Z,website,prd1001,1579580118,1579752918,2020-01-21T04:15:18+00:00,2020-01-23T04:15:18+00:00,Grandeur Hotels: New York,Grandeur Hotels,New York,ultra-luxury,1,1,0,2,320.19,640.38
orderid:624269,ZYY-VSGM,orderid:624269,crmid:9773560060,2020-01-25T00:00:00.000Z,mobile,prd1106,1580083200,1580169600,2020-01-27T00:00:00+00:00,2020-01-28T00:00:00+00:00,Blue Reef Resort: Munich,Blue Reef Resort,Munich,standard,1,1,0,1,148.79,148.79
orderid:289431,GJJ-FQ1T,orderid:289431,crmid:9773560060,2020-01-30T00:00:00.000Z,website,prd1016,1580428800,1580601600,2020-01-31T00:00:00+00:00,2020-02-02T00:00:00+00:00,Aspen Heights: Columbus,Aspen Heights,Columbus,standard,1,1,0,2,165.76,331.52
orderid:588674,GKT-ASCW,orderid:588674,crmid:2171548612,2019-12-17T11:39:41.000Z,kiosk,prd1154,1576755581,1576928381,2019-12-19T11:39:41+00:00,2019-12-21T11:39:41+00:00,Blue Reef Resort: Seattle,Blue Reef Resort,Seattle,premium,1,1,0,2,103.4,206.8
orderid:263412,LCO-UJTF,orderid:263412,crmid:4363080214,2020-01-26T16:11:10.000Z,website,prd1088,1581091870,1581437470,2020-02-07T16:11:10+00:00,2020-02-11T16:11:10+00:00,Aspen Heights: Ankara,Aspen Heights,Ankara,premium,1,1,4,4,125.75,503.0
orderid:440194,IXL-BN9R,orderid:440194,crmid:3204944031,2019-12-27T02:54:08.000Z,call center,prd1129,1578970448,1580525648,2020-01-14T02:54:08+00:00,2020-02-01T02:54:08+00:00,Admiralty Plaza: Helsinki,Admiralty Plaza,Helsinki,standard,1,1,0,18,154.15,2774.7
