crmid,email,first_name,last_name,gender,mobile telephone,city,country,zip,state,street address,birthday,historicalpoints
crmid:8323301670,interhabitation1805@yandex.com,Roger,Blake,,119-096-2558,Miramar,United States,17426,New Hampshire,1015 Clearview,1991-03-07,2276
crmid:8399178820,dimension1835@live.com,Maricruz,Grant,female,609-747-1562,North Little Rock,United States,13250,Arkansas,187 Millwright Cottage Access,1998-03-12,829
crmid:1133032870,verisimilitude1853@live.com,Jon,Hartman,female,742-906-3049,Dunedin,United States,59347,Connecticut,1114 Harris,1956-09-29,1261
crmid:8264828253,palmae1848@yandex.com,Russell,Jimenez,,057-232-3550,North Olmsted,United States,68014,Iowa,1032 Chancery,1999-11-28,750
crmid:8204771044,winters1811@live.com,Hubert,Finley,,940-485-4250,Winter Springs,United States,65602,New York,48 Stoneybrook,1979-10-29,2694
crmid:4242121005,brune1933@yahoo.com,Elenora,Vaughan,female,176-828-5750,Crestview,United States,78028,North Dakota,1138 Fair,1951-03-29,1922
crmid:1067158070,starers1889@live.com,Son,Ballard,,437-686-0714,Napa,United States,40859,Nebraska,432 Euclid,1995-07-06,497
crmid:5492411095,camber2018@outlook.com,Refugio,Zimmerman,male,815-715-5842,Roseburg,United States,17481,Massachusetts,289 Harvard,1945-11-24,744
crmid:7221382526,compatriot1825@outlook.com,Aron,Raymond,male,819-496-8735,Texarkana,United States,90687,Wisconsin,944 Bercut Access,1939-01-24,2652
crmid:3595191798,borneo2039@yahoo.com,Zulma,Wade,female,085-321-1726,Danville,United States,85872,Indiana,369 Liggett,1953-11-18,2744
crmid:3987080699,colleague1966@gmail.com,Jarvis,Spencer,,579-840-3800,St. Joseph,United States,24292,Massachusetts,138 Moulton,1965-02-15,1169
crmid:9984151441,seemly1920@outlook.com,Hilde,Chan,female,080-305-8949,Cheyenne,United States,69152,Georgia,351 Charles J Brenham,1947-11-07,2488
crmid:3365868030,nebula2046@live.com,Adolph,Smith,,409-284-5067,Waukesha,United States,40044,New Hampshire,487 Baden,1991-07-01,800
crmid:5790088047,stripling2036@live.com,Torie,Santos,female,893-424-6171,Washington,United States,79532,Idaho,782 Paris,1951-09-26,2989
crmid:1342931650,backgammon1833@live.com,Hien,Sullivan,female,245-244-4060,Decatur,United States,98310,Kansas,876 Pink,1953-04-28,2411
crmid:5385405964,castles1988@live.com,Shena,Wilcox,female,438-401-5141,Cypress,United States,99066,Mississippi,984 Gaiser,1952-08-31,2415
crmid:2593495456,alans1934@yandex.com,Reyes,Dillon,,743-640-3902,Murray,United States,62846,Kansas,1051 Diamond Heights,1994-11-11,1219
crmid:2458154126,elkins1987@yahoo.com,Scott,Delaney,,291-766-0930,Gallatin,United States,55583,Mississippi,499 De Haro,1965-09-06,2506
crmid:9110938507,blackbelly2070@gmail.com,Angila,Mcmahon,female,280-758-8888,Concord,United States,00528,Arkansas,730 Willard,1950-01-19,1660
crmid:7001516535,twattles1894@gmail.com,Aaron,Blake,,036-201-3487,Wilson,United States,90740,Alabama,380 Watchman,1968-02-29,1319
crmid:9554026974,pleurotoma2059@yandex.com,Evan,Carey,,939-084-1903,Stafford,United States,45188,Georgia,1381 Toll Plaza Tunnel,1984-06-18,1057
crmid:9228521020,acree1916@live.com,Richie,Stone,,199-569-6088,Highland Park,United States,06644,North Dakota,257 Haight,1971-01-16,2385
crmid:9950569705,chaotic1888@gmail.com,Raymond,Fischer,,168-996-7142,Salem,United States,24827,Kentucky,1249 Escolta,1963-07-14,2713
crmid:1320664225,darnel1833@gmail.com,Ivory,Hahn,male,661-181-4431,Orland Park,United States,13263,Utah,299 Clement,1945-05-12,2635
crmid:9875803125,promorphologist1839@yahoo.com,Robbi,Conner,female,784-509-0373,Orland Park,United States,54770,Wyoming,856 Drummond,1958-07-07,1260
crmid:7050527896,myoporum1873@live.com,Rob,Marsh,,567-205-2825,Venice,United States,87684,West Virginia,1127 Seymour,1996-11-20,2660
crmid:2786305585,rallier2043@outlook.com,Arnoldo,Vasquez,,939-425-7536,Lynchburg,United States,79185,Rhode Island,879 Severn,1985-12-10,1971
crmid:2051330687,btl1925@outlook.com,Andre,Clarke,,140-497-3752,Harrisburg,United States,90068,Hawaii,366 Cumberland,1970-01-02,474
crmid:5642926829,crumble1971@yandex.com,Antwan,Ingram,,025-347-6372,Houma,United States,80842,Michigan,70 Oak Hills,1973-02-06,1230
crmid:8984962163,delly1888@live.com,Mark,Henderson,,397-235-6625,Galveston,United States,43341,Minnesota,304 John Muir,1965-08-16,2095
crmid:2747929608,tailcoat1883@gmail.com,Glen,Bender,,503-196-9697,Little Rock,United States,07207,New Mexico,304 Eighth,1983-01-25,1399
crmid:9873012531,arbel1829@yandex.com,Waldo,Albert,,245-901-1762,Granite City,United States,07913,Arkansas,825 Harrison,1967-01-05,2895
crmid:4816393506,tandoori2056@yahoo.com,Frankie,Yang,,121-651-1910,Glen Cove,United States,73128,Maine,1026 Madrone,1966-12-19,1942
crmid:3364909625,undistrustfulness2058@yandex.com,Leon,Lott,male,803-973-8910,Carson City,United States,87397,Florida,1168 Surrey,1944-12-24,1751
crmid:3284334404,incombustibility2045@outlook.com,Scottie,Gates,,904-563-9281,Hot Springs,United States,27705,North Carolina,1162 Pratt,1973-04-25,1384
crmid:6419032931,sailable2030@outlook.com,Bret,Harris,male,636-693-4663,Appleton,United States,07786,Ohio,1294 Royal,1933-02-13,2891
crmid:6615448537,christea1833@outlook.com,Fidel,Bryant,,633-086-0108,Spring Hill,United States,50326,California,1373 Mountain Spring,1997-06-03,635
crmid:9450602284,deviated1982@outlook.com,Domenic,Trevino,,029-365-3369,Warwick,United States,46215,Utah,480 Monte Vista,1990-06-21,2901
crmid:1207660028,reflection1960@yahoo.com,Herman,Lewis,male,813-981-7402,Burlingame,United States,23573,New Jersey,712 Eastwood,1943-05-17,2982
crmid:6472584059,bridges1802@yahoo.com,Willie,Rios,male,003-237-7318,Palisades Park,United States,99073,Wisconsin,12 Cargo,1930-10-25,2534
crmid:5555832185,unprofaned2016@yahoo.com,Weston,Griffith,,876-290-3165,Paducah,United States,38957,Minnesota,866 Middle West,1973-04-17,1866
crmid:3021562840,anticlassicalist2023@yahoo.com,Faviola,Nieves,female,417-343-9941,Crystal,United States,13994,Connecticut,1126 Sharp,1952-03-21,1501
crmid:4710968915,chine1863@outlook.com,Johnson,Hammond,,654-779-9546,North Platte,United States,71253,Tennessee,122 Cottonwood,1999-05-05,2097
crmid:2079347257,unfeasibleness1806@gmail.com,Irwin,Powell,,493-843-4796,Oak Park,United States,75810,Louisiana,1077 Acadia,1968-09-27,2561
crmid:8104631955,boodie1957@yahoo.com,Nakisha,Molina,female,283-181-8631,El Centro,United States,73232,Minnesota,1166 Monticello,1958-10-13,1065
crmid:3613209770,areito2025@yahoo.com,Cammie,Leon,female,540-276-3685,Fairhope,United States,50966,Oklahoma,1130 Rivas,1961-10-28,670
crmid:8643617747,binman1939@outlook.com,Stephan,Coleman,male,927-362-8093,West Des Moines,United States,56126,Virginia,418 Del Sur,1995-01-21,1548
crmid:1403676179,areopagite1961@live.com,Gary,Saunders,,210-625-4977,League City,United States,13783,Massachusetts,496 Edgar,1981-03-26,1696
crmid:6987652963,subsextuple1972@outlook.com,Lavona,O'neill,female,402-177-1651,Colleyville,United States,25411,New Jersey,403 Hemlock,1949-05-22,2520
crmid:7459405106,dutuburi1857@yandex.com,Wilfred,Callahan,male,668-047-7058,Cedar City,United States,58777,Delaware,140 Conkling,1945-10-05,877
crmid:7851342235,amaryllis2031@gmail.com,Rochell,Barton,female,230-941-7097,Orange,United States,14004,Kentucky,198 Oakdale,1946-07-02,878
crmid:2617597738,snowshoe1982@outlook.com,Brandon,Kelley,,608-154-7105,Lehi,United States,14403,Texas,1126 Alemany,1982-02-12,2228
crmid:7903840744,saddlers2069@live.com,Cyrus,Finch,,659-810-6980,Staunton,United States,32189,North Dakota,1104 Grote,1980-05-09,569
crmid:6385370606,utterancy1973@yandex.com,Leopoldo,Ingram,,477-912-6819,Newton,United States,95483,Minnesota,351 Saint Elmo,1997-09-14,1380
crmid:2355209552,crusty1883@yahoo.com,Minh,Valdez,,571-374-8145,Royal Palm Beach,United States,41882,Hawaii,1090 Eastman,1985-08-05,2146
crmid:2932424720,michelangelo1897@yandex.com,Miquel,Monroe,,766-743-6342,Philadelphia,United States,42421,Wyoming,1366 Cunningham,1988-07-09,2941
crmid:3915080209,benthos1945@live.com,Deon,Mayer,male,204-703-3234,Carmel,United States,19965,Rhode Island,690 Koret,1944-03-18,874
crmid:5823979152,travertine2034@live.com,Verlie,Sparks,female,486-142-1713,New Haven,United States,18464,New Mexico,255 Mayflower,1996-03-17,1003
crmid:7356088073,chital1941@live.com,Alethia,Marsh,female,789-203-5642,San Fernando,United States,61560,North Carolina,1029 Java,1948-01-18,487
crmid:7245078921,vertebroiliac1881@yandex.com,Charley,Cooley,,949-412-7962,Jupiter,United States,20712,South Carolina,1277 Signal,1976-05-30,2255
crmid:8938016545,estevam1915@yahoo.com,Buck,Huff,,150-249-5651,North Miami Beach,United States,31083,Rhode Island,1370 Guerrero,1998-07-10,2234
crmid:9972389176,minae2038@yahoo.com,January,Lindsay,female,413-646-8238,Worcester,United States,25165,Alabama,776 Clarence,1956-04-17,2735
crmid:6680534968,anglesmith1810@gmail.com,Arnulfo,Cain,male,752-679-4844,Bentonville,United States,07778,California,42 Joice,1938-01-05,1460
crmid:1693353901,biochemical1818@outlook.com,Pierre,Ramos,male,801-364-1317,Cape Girardeau,United States,87603,Virginia,784 Brussels,1944-08-24,1212
crmid:6551227787,potsie1963@yahoo.com,Eneida,Walls,female,823-152-4753,Seminole,United States,19935,Minnesota,506 Eighth,1950-11-30,924
crmid:5558407097,interhybridized1857@gmail.com,Kip,Marks,male,183-120-0249,Susanville,United States,63062,Arizona,748 Gladeview,1934-06-18,791
crmid:9016004284,stickups1987@yandex.com,Rolf,Rodgers,male,173-411-4242,Bowling Green,United States,41317,Minnesota,1005 Simonds,1940-08-25,2479
crmid:6416643850,baccalaureate2033@yahoo.com,Valeri,Tucker,female,284-776-3168,De Pere,United States,52428,New Jersey,1252 Polaris,1953-09-29,1588
crmid:4428530586,ardith2029@yahoo.com,Carline,Hale,female,711-909-2247,Fairfax,United States,03947,Delaware,423 Davidson,1961-02-12,977
crmid:9630965143,overbrim1833@live.com,Lurlene,Hester,female,871-877-4849,Statesboro,United States,53832,Arizona,334 Loraine,1997-04-11,1201
crmid:9240000632,airplay2032@yahoo.com,Loyd,Malone,,496-640-3479,Walnut Creek,United States,42333,New Jersey,824 Loomis,1989-04-26,1595
crmid:4131699849,undistinguished1818@outlook.com,Zack,Blackwell,,629-437-2417,Nogales,United States,98288,South Carolina,1208 Buckingham,1998-12-26,1646
crmid:3568870839,charlotte2034@live.com,Morgan,Wright,,615-831-2250,Leander,United States,31934,Rhode Island,403 Juri,1981-06-16,2276
crmid:9307514807,armenoid1961@yahoo.com,Breann,Schmidt,female,273-732-3426,College Park,United States,03327,Montana,446 Martinez,1949-01-26,1103
crmid:4024472184,harbourous2002@yandex.com,Leanora,Schmidt,female,596-941-2942,Delray Beach,United States,26616,Georgia,1399 Shafter,1954-05-26,556
crmid:7350081915,deputes1959@gmail.com,Lesha,James,female,491-757-6279,Downey,United States,74886,Alabama,408 Lancaster,1955-05-15,1332
crmid:2133512586,appliable1856@gmail.com,Laurinda,White,female,488-361-3298,Cliffside Park,United States,69914,Georgia,650 Gerard,1948-11-10,2947
crmid:6950006149,abiogenesis2011@yahoo.com,Sean,Hurst,male,634-565-6854,Oak Harbor,United States,04263,Colorado,682 Skyview,1930-09-15,461
crmid:4114885419,danie1892@live.com,Glen,Logan,male,560-440-2708,Birmingham,United States,92466,Oregon,111 Candyland,1939-10-08,1829
crmid:4075633678,humidified2035@gmail.com,Kimi,Mcdaniel,female,037-314-5130,North Ogden,United States,87207,Pennsylvania,1269 Bertie Minor,1998-03-23,579
crmid:1696754467,mazard1906@outlook.com,Darell,Erickson,,901-278-1453,Las Cruces,United States,33268,Minnesota,533 Genebern,1981-06-07,700
crmid:1414885721,polyrhythm1880@outlook.com,Jaleesa,Mayo,female,408-371-2054,Wylie,United States,25528,Arizona,701 Missouri,1957-04-19,2076
crmid:3008778719,brachylogy2016@yandex.com,Renda,Wiley,female,590-663-7190,South St. Paul,United States,19008,Mississippi,100 Allen,1947-07-31,2964
crmid:9232269474,prawn1942@live.com,Randall,Carson,male,931-517-7717,Reno,United States,74425,Oregon,264 Nobles,1934-08-05,2468
crmid:3162594181,buckhorn1923@live.com,Livia,Hurst,female,916-873-7296,Oak Harbor,United States,14829,Delaware,587 Marina Green,1946-05-15,1055
crmid:6367376660,combo2022@outlook.com,Zana,Bennett,female,678-728-3041,Des Plaines,United States,90577,Oklahoma,961 Bengal,1954-09-02,1830
crmid:7205822029,estrange2027@outlook.com,Raul,Richard,,723-561-5337,Sumter,United States,67234,Rhode Island,911 Stevenson,1986-04-25,589
crmid:8760610565,sander2009@gmail.com,Shawnda,Cortez,female,789-447-7721,Dana Point,United States,49084,Vermont,856 Kronquist,1952-08-07,1397
crmid:3464842195,efficient1967@yandex.com,Darrick,Williamson,male,996-042-1592,North Richland Hills,United States,90981,Vermont,749 Marietta,1999-01-05,1738
crmid:2873329952,lemming2049@live.com,Bobette,Church,female,379-164-6939,Scarsdale,United States,66144,Michigan,483 Godeus,1949-11-02,2185
crmid:1563585339,suprachorioidal1915@yahoo.com,Sheba,Burch,female,046-937-9835,Dover,United States,51320,Nebraska,752 Stoneridge,1955-10-15,1728
crmid:6923320110,bee1852@yandex.com,Ollie,Lindsay,,181-072-2869,Hollister,United States,35468,Kentucky,663 Clarendon,1972-06-13,2682
crmid:4869859880,enfeeblish1891@yandex.com,Jermaine,Gardner,male,188-002-4754,Redlands,United States,03911,Hawaii,693 Beeman,1941-05-11,2541
crmid:7072142930,bitumen1860@live.com,Derrick,Castaneda,male,065-393-1260,Shively,United States,11648,Rhode Island,651 Keith,1945-03-05,2795
crmid:1839008754,colene1964@yahoo.com,Rusty,Simmons,,563-437-5572,New Berlin,United States,39143,Massachusetts,1197 Lake,1996-06-15,1232
crmid:3562774391,indexical1900@gmail.com,Brenton,Ross,,068-528-7567,Grayslake,United States,36773,Wisconsin,1010 Battery Safford,1968-06-19,516
crmid:3205756432,doily1916@gmail.com,Sammy,Farrell,female,712-036-0989,Ottumwa,United States,91422,Iowa,210 Mizpah,1950-08-09,2652
crmid:2898787255,mousse2004@yahoo.com,Rossana,Hurley,female,298-039-8517,York,United States,62542,Texas,297 Parkridge,1959-12-19,2232
crmid:8157348239,fugio1820@live.com,Felipe,Owen,,462-977-2617,Lenoir,United States,36662,Tennessee,1078 Battery Wagner,1982-06-11,1960
crmid:7876211908,minimi2058@yahoo.com,Donny,Stein,male,847-216-3539,New Port Richey,United States,08524,Oklahoma,227 Garces,1996-01-06,2682
