crmid,email,first_name,last_name,gender,mobile telephone,city,country,zip,state,street address,birthday,historicalpoints
crmid:5810807260,preview2060@live.com,Erick,Burris,male,787-900-4484,Boise City,United States,14558,Indiana,81 Olmstead,1940-04-04,624
crmid:5656069391,corina2044@live.com,Stanley,Mccoy,,294-539-6633,Florence,United States,59753,Missouri,531 Grace,1962-09-15,447
crmid:1090792216,paraphrast1982@yahoo.com,Ned,Pierce,,149-419-8511,Green Bay,United States,98443,Washington,1226 Montecito,1968-02-28,2792
crmid:8357361522,blackman1932@live.com,Lashawna,Hooper,female,042-327-2625,Phoenix,United States,69624,Kentucky,115 Buckingham,1946-05-14,2215
crmid:9386930878,inconditionate2064@live.com,Pedro,Chan,male,665-277-3180,Boynton Beach,United States,43007,Tennessee,577 Van Dyke,1940-08-06,2663
crmid:6142325650,bygones1882@outlook.com,Danuta,Eaton,female,967-540-7055,Opelika,United States,26254,Arkansas,1308 Revello,1956-11-22,2316
crmid:5426948838,chuckies1984@outlook.com,Denny,Mcgee,male,776-156-5100,Augusta,United States,15753,Wisconsin,1362 Wills,1935-03-19,1830
crmid:2263378329,nongaseous2002@live.com,Landon,Hart,,762-504-1856,Lakeland,United States,85439,Missouri,811 Maxwell,1980-10-05,2935
crmid:3637900857,pigwash1904@yahoo.com,Steve,Leonard,male,591-470-4413,Tampa,United States,15071,Connecticut,524 Cyril Magnin,1945-09-17,456
crmid:9023314924,scarabs1966@gmail.com,Alyse,Langley,female,587-423-8505,Donna,United States,75905,Massachusetts,1173 San Miguel,1955-01-17,635
crmid:8230264468,sculleries1913@yandex.com,Royce,Gardner,male,927-490-2146,Blythe,United States,99315,Iowa,602 Niagara,1940-08-11,1661
crmid:5146551759,orache1889@outlook.com,Elisha,Bowen,male,302-395-7363,Palm Desert,United States,00512,Washington,1312 Castle,1942-03-03,593
crmid:2178432084,nonexpeditiousness1917@outlook.com,Josef,Cotton,,291-315-3067,Highland,United States,11358,Iowa,358 Huntington,1971-03-30,1053
crmid:2023417055,colts1876@yandex.com,Irwin,Clark,,879-235-4409,Hobbs,United States,59817,Kansas,530 Dolores,1972-09-06,1497
crmid:3397429207,danny1934@outlook.com,Berry,Jordan,,254-754-2374,Roanoke,United States,94105,Kentucky,430 West Portal,1990-03-07,515
crmid:1563139541,kamikaze2014@gmail.com,Delmer,Hamilton,male,504-903-7100,Wichita Falls,United States,91022,Colorado,123 Balhi,1935-03-12,1991
crmid:9626709080,glarry1982@live.com,Taylor,Sparks,,380-421-7921,Fort Walton Beach,United States,28825,Vermont,577 Montcalm,1963-05-17,566
crmid:6667756360,mesovaria2006@yahoo.com,Alica,Houston,female,306-174-0787,Delray Beach,United States,68434,Minnesota,150 Burke,1954-10-20,2724
crmid:8848045863,overgratefulness2052@gmail.com,Fermin,Park,male,580-193-3411,Nixa,United States,90600,South Dakota,131 Roemer,1997-01-07,1568
crmid:9874053472,pyrrhic1819@yandex.com,Burton,Watkins,male,062-607-7571,Bethlehem,United States,02006,Kansas,259 Berwick,1938-02-07,889
crmid:4384491288,parsed1903@yahoo.com,Isaias,Montoya,male,569-938-5329,West Jordan,United States,02325,Texas,965 Collingwood,1936-05-20,306
crmid:4426474827,fermentitious1887@yandex.com,Marquis,Holland,,282-530-3325,Reno,United States,78414,Idaho,352 Tacoma,1980-08-18,2534
crmid:3407445417,unbetrothed1867@gmail.com,Philip,Stevenson,,013-760-6258,Lake Zurich,United States,58440,South Carolina,1091 Woodhaven,1980-10-03,2523
crmid:1035599780,busby1953@gmail.com,Landon,Carpenter,,808-303-1129,Sycamore,United States,35130,Maryland,186 Jersey,1978-09-10,2165
crmid:3757832918,veining1911@gmail.com,Travis,Hinton,,917-013-7804,Madison Heights,United States,17442,South Carolina,390 Sixth,1985-02-10,1850
crmid:3594017792,jacanas2068@yandex.com,Zane,Ford,,206-494-5147,Syracuse,United States,47156,Maine,469 Dorland,1988-10-25,1579
crmid:1834205148,disilane1831@gmail.com,Bob,Rasmussen,,593-680-5466,Marana,United States,23710,South Dakota,722 Ramona,1986-04-16,2590
crmid:5024799194,epeira1999@gmail.com,Chase,Kelly,male,728-796-8034,San Francisco,United States,10703,Virginia,601 Ingleside,1945-12-03,2001
crmid:6959780065,misnomer1942@yahoo.com,Alane,Weiss,female,813-845-8821,Pinellas Park,United States,72026,Maryland,404 Blanche,1996-04-28,1385
crmid:1795696336,mouse1969@gmail.com,Quinn,Foreman,,697-624-7567,Lake Elsinore,United States,50278,New Jersey,167 Lapu-Lapu,1980-09-27,793
crmid:7157358291,greener2051@outlook.com,Mervin,Ingram,,141-536-2362,Hays,United States,57940,New York,231 Mabel,1970-09-11,1882
crmid:7462735030,huajillo1914@yahoo.com,Timothy,Schroeder,male,657-948-0964,Carrollton,United States,53265,Virginia,1175 St. Paul Street-Calvert,1944-09-26,2144
crmid:3347026107,coseat1904@yahoo.com,Colton,Boyle,,122-074-9337,Yucca Valley,United States,72490,Alaska,1 Garnett,1963-05-16,584
crmid:4024715045,abroad1934@live.com,Oretha,Sweeney,female,268-836-4710,Sierra Vista,United States,18684,Kentucky,1106 Lake Merced Hill,1951-10-29,396
crmid:1169649383,cordoba2004@gmail.com,Burl,Montoya,,076-744-3653,Keller,United States,63661,Montana,142 North View,1977-10-01,2305
crmid:9428733320,amril2064@yahoo.com,Wayne,Powell,male,855-950-9958,Atascadero,United States,52874,Indiana,1219 Vista,1934-10-24,2020
crmid:6683205509,overurbanization1997@outlook.com,Tracy,Cain,,184-000-8499,Matthews,United States,08371,Michigan,328 Olney,1988-01-30,877
crmid:9804896294,motorman1900@yandex.com,Angelo,Hull,male,336-061-8745,Barstow,United States,01133,Texas,140 Paris,1936-01-15,957
crmid:2760628449,blackings1872@live.com,Dusty,Valenzuela,female,968-210-0189,Columbia Heights,United States,14792,Alaska,596 Crestmont,1949-03-29,2268
crmid:4713988689,bobbye1848@yandex.com,Keenan,Heath,,633-072-6320,Lauderdale Lakes,United States,59732,Texas,135 Channel,1981-10-16,1946
crmid:8742950066,bandits1856@gmail.com,Reuben,Gallegos,male,733-224-3707,Anacortes,United States,49917,Missouri,742 Bertita,1932-08-11,2744
crmid:4361833171,hamamelidanthemum1805@outlook.com,Lincoln,Puckett,,138-038-1013,Missouri City,United States,26777,Colorado,759 Ervine,1992-04-04,754
crmid:9890509161,nonderogation1881@gmail.com,Junior,Bright,,459-475-8213,Moorpark,United States,68837,California,1315 East Fort Miley,1993-10-13,1551
crmid:1971613659,dubose1893@outlook.com,Betsey,Fletcher,female,782-390-7297,Dearborn,United States,07511,Oklahoma,433 Burrows,1953-01-10,1020
crmid:4292302403,crocodile2060@live.com,Halina,Gregory,female,335-986-0326,San Jacinto,United States,21915,Maryland,714 Pennington,1957-04-12,2726
crmid:5163731137,geology1954@yandex.com,Janett,Gallagher,female,198-667-9441,Twentynine Palms,United States,23951,Washington,248 Hillside,1958-04-11,1116
crmid:1755981555,puddinglike2003@yandex.com,Garry,Flynn,male,873-362-3890,Ann Arbor,United States,21837,Maryland,700 Encinal,1932-04-10,1277
crmid:5623570611,haycart1826@yahoo.com,Sol,Dale,,120-649-0002,Wauwatosa,United States,22952,Arkansas,310 Allston,1966-12-07,372
crmid:2517828295,ecospecific1869@gmail.com,Rupert,Shepherd,male,777-326-4600,Annapolis,United States,89881,Wisconsin,95 Yacht,1933-08-27,476
crmid:9902292865,danceable1944@gmail.com,Bo,Keller,,932-265-2515,Hendersonville,United States,23943,Maine,802 Monterey,1971-04-21,2934
crmid:5728663117,thousand1827@live.com,Raisa,Dixon,female,579-357-2413,Springville,United States,22978,New Hampshire,910 Winthrop,1958-07-08,2838
crmid:6490291102,awake2005@yahoo.com,Nick,Michael,male,979-380-7202,Cedar City,United States,74254,Idaho,1146 Bob Kaufman,1945-07-20,1634
crmid:2289306189,litterbag1894@yahoo.com,Hiroko,Carney,female,483-968-7774,Everett,United States,61715,Idaho,687 Saint Elmo,1960-10-07,2111
crmid:4785840526,chaka1824@yahoo.com,Arlen,Ross,male,737-292-8042,Bellaire,United States,02938,Oklahoma,554 Sedgewick,1937-01-25,1492
crmid:5448734221,flatland2043@yandex.com,Dewayne,Roberson,male,590-940-0336,Paso Robles,United States,01156,Colorado,711 Blairwood,1937-12-05,800
crmid:7967493896,bison1845@yandex.com,Moises,Jenkins,male,592-056-1984,Bell,United States,84885,New Hampshire,544 Waverly,1937-07-15,1343
crmid:7861104383,cyanizing1950@gmail.com,Ralph,Clements,,232-168-0754,Manchester,United States,08785,Idaho,1101 Battery Blaney,1986-01-22,1475
crmid:7723411506,alterant1899@yahoo.com,Fletcher,Harmon,,939-350-6079,Haverhill,United States,42231,Montana,306 Mclaren,1970-08-25,2027
crmid:7641394343,esmond1844@live.com,Nicolas,Horne,,551-472-0034,Rolla,United States,54544,Colorado,1197 Middle West,1981-01-18,519
crmid:8571020078,avenger1928@outlook.com,Raymond,Goff,male,535-413-7281,Alamo,United States,46265,North Dakota,322 Touchard,1930-08-11,821
crmid:9378010236,robin2062@yahoo.com,Jeremy,Dean,male,058-561-0266,Ventura,United States,02250,Pennsylvania,680 Treat,1931-12-10,1226
crmid:9586569849,tylostylar1928@gmail.com,Vern,Marquez,,448-240-9615,Las Vegas,United States,59851,Kentucky,973 Shoup,1981-10-13,357
crmid:8304007502,pleurotoma1800@outlook.com,Harris,Pierce,male,491-940-2487,Sammamish,United States,90754,Delaware,114 Flournoy,1937-04-23,2081
crmid:3726480165,ferret1991@gmail.com,Cythia,Barrera,female,485-126-8013,San Rafael,United States,62106,Alaska,1107 Pasadena,1961-02-02,844
crmid:2768516931,abdominal1954@yandex.com,Gilma,Puckett,female,652-150-4429,Farmington,United States,71714,Washington,1099 Wisconsin,1961-12-21,1716
crmid:4007393268,calculous1985@live.com,Dane,Saunders,,851-734-7525,Marietta,United States,72614,New Hampshire,1325 Mountain Spring,1987-05-06,1090
crmid:2190011501,salutatious2058@outlook.com,Marty,Sosa,male,817-287-0535,Belmont,United States,78567,Wisconsin,978 Fowler,1937-12-13,759
crmid:1642761987,eyebrow1866@yahoo.com,Ethan,Curtis,,237-623-3878,Rolling Meadows,United States,84112,West Virginia,268 Winston,1985-07-06,2386
crmid:3767344710,nonswimming1963@gmail.com,Ron,Briggs,,579-946-3513,Kalispell,United States,36095,Indiana,637 Lester,1976-05-08,375
crmid:4025299880,imprejudice1948@yahoo.com,Raphael,Dennis,male,884-715-3258,Amsterdam,United States,43888,California,668 Rose,1932-08-08,2351
crmid:2078500981,crureus1968@live.com,Jimmie,Solis,male,033-270-1671,Brooklyn Center,United States,39430,Montana,654 Presidio,1942-05-27,1294
crmid:3201080584,cleanup1845@yandex.com,Tobias,Mccarthy,male,727-579-2274,Central Point,United States,85164,Oregon,720 Irving,1945-10-18,346
crmid:3775287830,rhinoplasty1887@yahoo.com,Abram,Ewing,male,718-198-8737,Panama City,United States,90771,Oregon,505 France,1941-01-09,1154
crmid:5214481453,discontiguity1817@yahoo.com,Wade,Quinn,,853-785-0587,Lowell,United States,69727,Florida,694 Worth,1984-12-23,1687
crmid:2276641222,brainwork2061@yahoo.com,Erminia,Valentine,female,229-555-7374,Elgin,United States,56895,Kentucky,437 Rod,1958-09-28,2055
crmid:7285263359,chaudry2034@live.com,Johanne,Fuentes,female,373-218-2184,Daytona Beach,United States,24448,Colorado,366 Mccarthy,1953-04-10,2199
crmid:1494377333,guidage1829@live.com,Vena,O'connor,female,415-913-4119,East Cleveland,United States,54570,Nevada,315 Sycamore,1957-09-22,2792
crmid:1154751098,woodwaxen2003@yahoo.com,Kraig,Downs,,225-917-9620,Gardena,United States,40292,Montana,427 Gardenside,1965-08-11,444
crmid:6487034411,uguisu1925@live.com,Beaulah,Lester,female,896-122-7016,Shoreview,United States,70875,Texas,1279 Metson,1946-01-17,2004
crmid:7919573353,ballroom1907@live.com,Clyde,Pruitt,male,228-127-3944,Bridgeport,United States,17381,South Dakota,230 Hollister,1941-02-24,341
crmid:9216958777,bandicoot2053@outlook.com,Glenn,Martinez,,022-164-8325,Saco,United States,30607,Oklahoma,1013 Warren,1971-09-01,856
crmid:4606643905,reinfecting1878@yandex.com,Margene,Albert,female,063-699-1775,De Pere,United States,86639,Nevada,843 Drumm,1953-10-30,2751
crmid:5456994191,vegetation1802@gmail.com,Ken,Espinoza,,668-235-7729,Olive Branch,United States,43428,Alabama,1311 Crespi,1992-06-03,1353
crmid:6321098397,celesta1940@gmail.com,Bennie,Banks,male,077-801-0225,New Braunfels,United States,87909,Louisiana,537 Broad,1996-02-02,2710
crmid:8338578077,collaborationists1821@live.com,Antony,Glover,male,786-419-1274,New Bern,United States,85863,Missouri,678 Bayview,1996-10-29,783
crmid:7776612943,conformations1940@gmail.com,Freddie,Weiss,,492-205-2915,Lake Oswego,United States,05498,Louisiana,833 Oak Hills,1980-02-18,2303
crmid:6985886989,dusky1813@gmail.com,Bernard,Hayes,male,010-097-4878,Southgate,United States,03170,Alaska,240 Banks,1942-01-13,474
crmid:3238612231,pulselessness1987@live.com,Dudley,Davenport,male,744-021-8535,Bangor,United States,14374,New York,195 Carolina,1936-03-07,2746
crmid:8990595714,mailbox2070@yahoo.com,Guadalupe,Porter,,012-511-0722,Northfield,United States,36523,South Dakota,68 United Nations,1999-06-03,1120
crmid:4253206238,havanese2056@outlook.com,Emil,Burke,,383-179-3039,Orland Park,United States,33615,Michigan,1326 Pacheco,1975-02-13,1246
crmid:5236397034,nonbelief2013@yandex.com,Amal,Dorsey,female,529-591-8042,El Centro,United States,82186,Pennsylvania,54 Post,1958-01-08,831
crmid:8504880031,overview2060@gmail.com,Everett,Lewis,male,108-991-4527,Baltimore,United States,10510,Oklahoma,297 Mabini,1935-04-17,755
crmid:9661026186,jargoons2018@yandex.com,Robbie,Rodgers,male,012-038-1317,Barstow,United States,41401,Kansas,1078 Bannock,1936-08-25,1520
crmid:8698334571,armour1992@live.com,Alexander,Yang,,733-804-2970,Fontana,United States,00946,Oregon,623 Marin,1962-02-14,685
crmid:8632210395,bursate1855@yahoo.com,Keith,Ewing,male,147-273-9365,Caledonia,United States,33602,Montana,588 Jessie East,1943-06-09,781
crmid:7575882622,cites2060@yahoo.com,Shakira,Rios,female,055-910-9879,Chesterfield,United States,66777,North Carolina,53 Frank Norris,1946-10-28,1950
crmid:1656274190,saucerman1869@outlook.com,Hans,Fowler,,433-430-1370,Hobbs,United States,11285,Florida,815 Roosevelt,1972-03-08,1109
crmid:2933487487,definitized1839@yahoo.com,Eugene,Barnes,,811-549-9662,Hays,United States,19361,Minnesota,159 Merriam,1970-03-20,2589
crmid:4707411967,verbigeration1984@yandex.com,Florencia,Hewitt,female,146-495-9048,North Olmsted,United States,81747,Utah,662 Collingwood,1999-09-05,2137
crmid:9458374547,boroughs1988@live.com,Dante,Lindsey,male,834-825-7774,Battle Ground,United States,14629,New York,237 San Benito,1936-03-17,1850
crmid:1705154940,earmark2039@outlook.com,Isaias,May,,294-885-7313,Huntington,United States,44675,Oklahoma,1115 Santos,1973-07-20,1909
crmid:2358167148,curcuma1919@gmail.com,Ted,Beach,,440-727-8245,Lenexa,United States,26888,Arkansas,743 Copper,1982-05-25,1355
crmid:7222383329,arrivisme1901@live.com,Ira,Kent,,141-707-5539,Little Rock,United States,34943,Illinois,301 Silliman,1983-06-13,2746
crmid:2609373303,lepidopter1998@gmail.com,Darron,Mcclain,male,708-683-1547,Oswego,United States,05681,Alaska,796 Belmont,1941-10-28,483
crmid:4911406590,auroras1835@live.com,Moises,Pickett,,781-885-4563,South Salt Lake,United States,30173,Texas,457 Brooks,1977-10-02,2627
crmid:3984386829,awave1902@live.com,Jann,Fitzgerald,female,926-422-7245,Encinitas,United States,28401,Nebraska,640 Irwin,1959-04-10,1805
crmid:9442941227,docherty1814@live.com,Wallace,Castaneda,,214-182-6596,Marshall,United States,64549,Alaska,522 Gallagher,1987-11-04,2001
crmid:5865494689,rhamnohexite1820@live.com,Brooks,Chaney,male,840-751-8445,Parma Heights,United States,97147,Delaware,389 Santa Rosa,1941-12-03,1740
crmid:4573956159,bhima1876@gmail.com,Jeffrey,Campos,male,073-472-6939,Parker,United States,88201,Wyoming,812 Ashbury,1935-11-10,2296
crmid:1769450899,defeatism2031@yandex.com,Joaquin,Callahan,,741-067-3773,Lynnwood,United States,86511,Maryland,1347 Cushman,1985-10-20,1774
crmid:8858664925,exciton1956@live.com,Sebastian,Hood,male,749-727-6046,North Richland Hills,United States,04037,New York,1332 Red Leaf,1999-01-17,1126
crmid:1927713955,livyer1866@outlook.com,Elmo,Carlson,,179-027-1966,Inver Grove Heights,United States,95058,Georgia,1326 Meda,1974-10-27,381
crmid:1985825203,trillibub1925@outlook.com,Willie,Jarvis,,996-087-5618,Mount Prospect,United States,17341,Kansas,1383 Hillview,1993-02-26,943
crmid:9610019857,eleonorite1860@outlook.com,Dennis,Hernandez,female,579-917-7296,Savannah,United States,24655,Alabama,288 Victoria,1955-02-13,1908
crmid:3500915561,slatemaker1947@yandex.com,Sidney,Kim,male,207-768-6496,Somerville,United States,09461,Michigan,769 Carmelita,1935-12-17,1435
crmid:8036377222,aurevoir2070@yandex.com,Leroy,Bray,,113-204-7506,Morristown,United States,61640,Washington,545 Underwood,1993-11-23,1071
crmid:4938910725,wyling2066@gmail.com,Franklyn,Miles,,312-600-2616,Grayslake,United States,80228,Colorado,1068 Harlow,1968-12-01,1951
crmid:1607897453,wilders1953@yahoo.com,Otha,George,,028-168-1908,Grapevine,United States,46532,Iowa,358 Leona,1967-07-24,1494
crmid:6982489372,giggled1844@outlook.com,Michale,Marshall,,700-354-2536,Kirkland,United States,09975,Illinois,180 Bay Shore,1978-01-03,2237
crmid:6407761105,preacquisition1987@live.com,Mallie,Jennings,female,476-034-0745,Charlotte,United States,64677,Pennsylvania,190 Rosa Parks,1946-12-11,2039
crmid:7533800666,eupeptically2060@gmail.com,Kevin,Decker,,757-584-3132,Sylvania,United States,41436,Connecticut,1041 Gibson,1993-11-07,2873
crmid:4052969594,annie2013@outlook.com,Chi,Valdez,,582-863-3792,Golden,United States,47789,Nebraska,1162 El Camino Del Mar,1966-08-01,2011
crmid:2231378079,unrobing1862@yahoo.com,Ralph,Snyder,male,444-417-5498,Vista,United States,90837,Delaware,926 Delaware,1930-08-27,1446
crmid:3919075378,unconical2028@yahoo.com,Emil,Everett,male,272-460-9162,Shawnee,United States,12220,South Dakota,827 Hale,1943-03-09,1881
crmid:3020398480,demir1888@gmail.com,Kermit,Ross,,371-009-4333,Millbrook,United States,70376,Idaho,1051 Pacheco,1991-01-02,675
crmid:9992169631,saola1881@yahoo.com,Marlin,Cooley,male,472-156-9269,San Benito,United States,01511,Minnesota,507 Rincon,1942-07-07,1421
crmid:3766297139,damocles1969@yandex.com,Evan,Morrow,,232-508-2328,Smyrna,United States,32736,Arkansas,1074 Marshall,1972-04-30,2046
crmid:9738294399,citronella1869@gmail.com,Angel,Rocha,,434-453-0027,Hastings,United States,12901,New York,558 Parnassus,1970-03-08,2199
crmid:2281729265,cercle1900@outlook.com,Harris,Chang,,070-825-2636,Peekskill,United States,70272,Oklahoma,404 Whitecliff,1967-02-25,562
crmid:8574925679,bitter1952@live.com,Luba,Oliver,female,164-332-5262,Cleveland,United States,76342,Ohio,1006 Dearborn,1948-11-29,1864
crmid:2161846954,caricaturists2004@gmail.com,Nicholas,Serrano,male,347-117-3605,Riverton,United States,56403,Minnesota,881 Robinhood,1938-07-26,1681
crmid:2439827674,paraphrast1816@live.com,Hosea,Stokes,,359-866-3313,Hamtramck,United States,74684,Arizona,544 Middle West,1969-01-15,821
crmid:7121917900,dermis1879@outlook.com,Irvin,O'neill,,562-953-5331,Lynwood,United States,86227,North Carolina,1173 Ruger,1985-09-22,2691
crmid:6406653549,toxicologist2025@outlook.com,Yolando,Cook,female,896-496-3347,Saco,United States,21254,South Dakota,1000 Kate,1958-09-07,1190
crmid:8215731939,badly1902@live.com,Alethia,Mckee,female,083-128-3688,East Lansing,United States,69946,Texas,700 Fuente,1957-12-01,2502
crmid:5771859129,keyless1885@outlook.com,Dante,Hewitt,,764-350-5629,Lenoir,United States,85946,Massachusetts,1260 Elm,1982-08-18,1863
crmid:8081382875,brogues1916@outlook.com,Samuel,Webster,female,053-373-3753,Roanoke Rapids,United States,94582,Arkansas,1035 Havens,1958-08-30,816
crmid:5677407482,tralatitious1983@yahoo.com,Elton,Meyers,,182-899-5577,Kenner,United States,37607,Nevada,36 Crestmont,1977-06-17,2892
crmid:9111130472,ruthlessness1907@gmail.com,Sheldon,Avery,,085-966-3492,Liberal,United States,20608,Vermont,431 Wilder,1982-05-26,2655
crmid:1560183879,alcheringa1945@outlook.com,Fidel,Harrison,,279-354-4402,Mukilteo,United States,78425,Virginia,972 Knockash,1994-05-29,2669
crmid:2803010315,sauerbraten1818@yandex.com,Aldo,Armstrong,,830-656-0528,Waukegan,United States,46597,Alaska,380 Dwight,1987-07-20,2197
crmid:7171187644,horsiest1992@gmail.com,Danilo,Miller,male,217-372-2000,Thornton,United States,08105,Kentucky,265 John F Kennedy,1939-12-26,2549
crmid:7323521280,crureus1861@yahoo.com,Melaine,Benton,female,715-944-4317,San Luis Obispo,United States,51064,Idaho,10 Varela,1999-11-06,2782
crmid:1024549178,cameo1844@live.com,Larhonda,Branch,female,748-322-6401,Federal Way,United States,28767,New Hampshire,179 Bliss,1961-05-04,1641
crmid:1063754836,alkalurops1842@yahoo.com,Jonathon,Munoz,,591-205-4399,La Puente,United States,14682,Hawaii,291 Tulip,1979-03-11,1833
crmid:9428450472,abroad1859@gmail.com,Kelley,Mccormick,,590-242-4595,Ridgeland,United States,49642,Oregon,682 Bowling Green,1981-09-30,1501
crmid:5257745304,milled2070@yandex.com,Jim,Perry,,416-719-6093,Mesa,United States,08628,Vermont,599 French,1989-01-22,1918
crmid:9196207607,mistimed1968@outlook.com,Louis,Ray,,894-680-6576,Jacksonville,United States,90539,Nevada,463 Marist,1975-01-23,771
crmid:3971719005,preexposes1803@gmail.com,Matt,Whitley,male,592-601-5564,Brooklyn Center,United States,38071,North Carolina,1399 Guttenberg,1942-07-31,1256
crmid:3758978974,hydromyelocele2061@live.com,Trudie,Wise,female,450-209-4823,Tamarac,United States,19455,Texas,150 Wilder,1951-09-25,2583
crmid:3860439558,scouth1852@yahoo.com,Sheilah,Vincent,female,134-847-9732,Port Chester,United States,29921,Illinois,677 The Embarcadero,1959-08-30,2359
crmid:6770881538,bloch2064@live.com,Ethan,Duran,,772-991-1715,Paragould,United States,39024,North Dakota,412 Severn,1978-02-14,2739
crmid:9905012157,aborter1996@yahoo.com,Deloise,Moody,female,400-559-7399,Puyallup,United States,16134,California,38 Hobart,1951-02-20,2729
crmid:7955313716,interossei2066@gmail.com,Rosario,Rocha,,776-362-5483,Janesville,United States,43497,North Dakota,626 De Forest,1975-08-13,633
crmid:3268932043,redias1894@yahoo.com,Blake,Edwards,,264-767-5263,Miami,United States,92322,Idaho,394 Grijalva,1990-12-08,2934
crmid:1606767189,chazans1946@gmail.com,Markus,Beck,,408-185-1507,Salem,United States,37038,South Dakota,115 La Avanzada,1977-12-14,1800
crmid:3277436487,codfish2017@yahoo.com,Jed,Hobbs,,455-741-4647,Queen Creek,United States,65828,South Dakota,852 Lakeshore,1962-10-09,2172
crmid:4102859242,corban1905@outlook.com,Daryl,Cox,,803-212-1305,Kirksville,United States,72166,Oregon,1211 Gay,1978-03-09,2675
crmid:3084200749,tuatara1888@yandex.com,Arthur,Bright,,610-734-4168,Norwich,United States,31501,Tennessee,1307 Erie,1999-06-26,961
crmid:7516709677,monstrify1997@yahoo.com,Tracey,Roman,,639-913-8820,National City,United States,97318,Wyoming,578 Lippard,1995-10-26,754
crmid:2880622922,scheme1911@live.com,Sherman,Kelley,,167-561-9036,Goose Creek,United States,55894,Virginia,785 Gold Mine,1967-10-08,1621
crmid:5434874328,consecrating2048@yandex.com,Michal,Beard,,832-737-7490,North Charleston,United States,20424,Oregon,23 Montcalm,1998-05-07,1457
crmid:9473100862,adriaan2001@yandex.com,Douglass,Brown,male,506-876-3862,Redmond,United States,81188,Pennsylvania,61 Attridge,1931-03-04,2816
crmid:8300729038,bouto1934@outlook.com,Florencio,Fox,male,747-182-4552,Ardmore,United States,98282,Wyoming,684 Pueblo,1933-11-29,2012
crmid:1465349064,colorant1965@live.com,Aundrea,Mccullough,female,962-011-2682,Pearl,United States,61048,Ohio,540 Malvina,1949-01-19,2401
crmid:9281963800,wooled2020@live.com,Wilson,Ellis,,204-322-4993,Fullerton,United States,67353,South Dakota,881 Woodward,1964-11-21,2223
crmid:9182955136,wronghead1861@yandex.com,Elizbeth,Owen,female,877-442-6242,Pekin,United States,68761,Delaware,623 Bluestone,1951-12-05,2959
crmid:8920204304,irregular1872@live.com,Chadwick,Strickland,,095-788-0892,Hattiesburg,United States,15035,Oklahoma,978 Del Vale,1970-03-09,2733
crmid:2141555253,paediatric1845@outlook.com,Long,Blackburn,male,650-499-6721,Altamonte Springs,United States,35696,Oklahoma,320 Berkeley,1931-06-03,2660
crmid:6473438451,dispassioned1944@yandex.com,Terrence,Potter,,416-508-3423,Suisun City,United States,93458,Tennessee,837 Keystone,1969-07-21,1995
crmid:8460698667,ignatian1969@yahoo.com,Elin,Simon,female,932-324-1850,Eustis,United States,19339,Michigan,1012 Ignacio,1960-03-27,1685
crmid:1628468873,lifters1896@gmail.com,Versie,Chandler,female,913-084-3307,El Cajon,United States,50224,Idaho,14 Oceanview,1958-09-06,1498
crmid:1394819677,unsobering2007@outlook.com,Harley,Velez,,416-193-6116,Los Banos,United States,04965,Michigan,1337 Conrad,1984-02-18,1061
crmid:6667501890,quebrachos1862@yandex.com,Bryce,Fox,,466-848-1577,National City,United States,32028,Maine,1397 Sonora,1995-06-04,1686
crmid:3420033035,levotartaric2015@outlook.com,Kenyetta,Munoz,female,975-565-8652,Rutherford,United States,26449,Wyoming,1039 Delta,1961-05-21,657
crmid:8636481774,bloodshedder1905@yahoo.com,Fermin,Powers,male,479-991-5519,Ballwin,United States,27297,Indiana,820 Olmstead,1935-04-24,1300
crmid:9726595825,lithoclase1845@live.com,Emory,Sanford,male,763-189-1672,Asheboro,United States,14741,Michigan,569 Eastwood,1934-04-26,2941
crmid:1772642385,gieaway2068@yahoo.com,Tobias,Singleton,,524-611-4200,Hurst,United States,40882,Idaho,834 Thomas More,1974-08-18,399
crmid:2499947223,carding1989@live.com,Gilbert,Floyd,male,889-633-3056,Plantation,United States,76258,North Carolina,693 Minerva,1931-11-08,561
crmid:5101241649,index1952@gmail.com,Dionna,Key,female,637-998-3230,Dayton,United States,85846,Maryland,788 Moultrie,1953-10-20,1847
crmid:6278185172,centered2046@outlook.com,Marshall,Holmes,female,793-581-3802,Roselle,United States,86864,Nebraska,193 Shrader,1955-10-12,2922
crmid:7299962814,centrarchidae1926@live.com,Chester,Peters,,460-898-9717,Millville,United States,46041,Wisconsin,506 Valletta,1991-08-12,2130
crmid:7306985683,gieaway2056@yandex.com,Deangelo,Hester,,916-109-6197,Kettering,United States,61199,Louisiana,464 Stoneyford,1977-11-15,873
crmid:5468621993,forehead1949@outlook.com,Antone,Collier,,326-419-2565,Mission,United States,29119,Minnesota,507 Upland,1991-04-05,495
crmid:3572559197,cutthroat1901@gmail.com,Kristopher,Maddox,,764-905-9985,Idaho Falls,United States,64301,Virginia,1114 Powers,1974-11-02,2923
crmid:5822705540,immun1930@gmail.com,Isiah,Hodges,,219-813-1832,La Puente,United States,56842,Delaware,522 Livingston,1979-10-23,408
crmid:7702100122,carotid1992@gmail.com,Danika,Summers,female,328-164-4515,Dearborn Heights,United States,19892,Arkansas,579 Gateview 2,1953-02-28,2416
crmid:5408728706,scumble1941@gmail.com,Aaron,Munoz,,263-652-9269,Lake Worth,United States,15616,Indiana,792 Hooper,1980-03-15,1836
crmid:2538139476,bolshevik1838@outlook.com,Georgiann,Campbell,female,619-776-7287,Tampa,United States,51169,California,406 Crown,1998-10-06,526
crmid:4136013550,killing1906@gmail.com,Orlando,Faulkner,,818-932-8683,Hillsboro,United States,93406,Virginia,213 Geneva,1972-08-11,694
crmid:6017173774,indetermined1832@live.com,Rene,Gordon,male,554-500-5148,Oviedo,United States,77813,California,684 Bradford,1943-08-12,635
crmid:3509404869,unworshipful1806@gmail.com,Jutta,Cleveland,female,082-142-8068,Chesterfield,United States,21934,Georgia,306 Hicks,1946-04-06,355
crmid:1213144642,wyling1990@outlook.com,Eugene,West,female,517-493-6554,Mustang,United States,29796,New Hampshire,210 Zoo,1995-04-06,2235
crmid:3156188536,subalgebraical1840@outlook.com,Rufus,Perkins,male,221-920-6421,Bangor,United States,97465,Mississippi,519 General Kennedy,1936-08-23,2257
crmid:4319201158,arcanal1868@outlook.com,Sang,Frost,female,724-319-6340,National City,United States,71451,Utah,414 La Avanzada,1995-12-17,1059
crmid:2476387505,grievance1872@yahoo.com,Steffanie,Berry,female,020-301-4846,Coppell,United States,68898,California,354 Incinerator,1950-11-24,786
crmid:9773560060,barkier1926@gmail.com,Dustin,Roberson,male,640-315-2379,Amarillo,United States,18324,Maryland,365 Pinar,1932-03-25,1254
crmid:2171548612,dumper1827@outlook.com,Orlando,Dean,male,534-136-4534,Bolingbrook,United States,45066,New Jersey,379 Graymalkin,1940-07-08,924
crmid:4363080214,eckler1969@live.com,Katlyn,Diaz,female,289-700-3936,Coral Gables,United States,24328,Indiana,708 Avery,1950-05-08,1076
crmid:3204944031,micromastictora1869@yandex.com,Hayden,Rollins,,423-574-2841,Garner,United States,73215,Minnesota,576 Starview,1965-12-03,982
