crmid,email,first_name,last_name,gender,mobile telephone,city,country,zip,state,street address,birthday,historicalpoints
crmid:9347806972,avigdor2037@live.com,Chas,Campbell,,705-489-2781,Moorpark,United States,43099,New Jersey,40 Balhi,1993-08-31,2321
crmid:4183864251,butta1883@outlook.com,Julieann,Marshall,female,633-733-2880,Rockwall,United States,15755,North Dakota,374 Ortega,1947-04-18,2253
crmid:7915587782,bumpy1814@yahoo.com,Reggie,Stone,male,055-348-7056,Paso Robles,United States,08901,Mississippi,236 Trumbull,1933-08-28,372
crmid:1044251559,parsed1870@live.com,Kasey,Lara,,178-483-8588,Glendora,United States,82347,Louisiana,51 Dolores,1966-02-09,2641
crmid:4911474548,versatec1958@yahoo.com,Natisha,Mason,female,368-982-0160,Chattanooga,United States,55678,Colorado,524 Brumiss,1946-10-13,502
crmid:6994510618,altiplano2003@outlook.com,Pinkie,Spence,female,909-410-3747,Wooster,United States,65585,South Carolina,836 Paper,1949-10-20,1312
crmid:3181000019,broody2032@yahoo.com,Lindsay,Maldonado,,913-166-4936,Lowell,United States,22875,Hawaii,1010 Saint Francis,1984-05-30,2482
crmid:8378340395,invite1992@outlook.com,Dino,French,,673-645-1675,Fort Lee,United States,54435,Missouri,1290 Orange,1963-10-16,2278
crmid:4595424778,agalloch1829@yandex.com,Hank,Morse,male,229-252-3325,Belle Glade,United States,27302,Maine,606 Jessie West,1937-04-21,1476
crmid:9187373441,bottleman1945@yahoo.com,Isaac,Bates,male,415-049-4053,Bremerton,United States,23241,Oklahoma,115 Prado,1941-05-02,690
crmid:1319124882,interflow1916@live.com,Irwin,Jenkins,,841-652-1782,Peabody,United States,38964,Virginia,1351 Hagiwara Tea Garden,1976-06-29,2702
crmid:3956405080,caterpillars1850@gmail.com,Rudy,Hester,female,163-700-2595,Chula Vista,United States,48059,Utah,1162 El Polin,1947-07-14,1601
crmid:9043026098,oversowed1906@outlook.com,Dustin,Cantu,,769-614-5542,Montebello,United States,78416,Oklahoma,1383 Gellert,1992-12-09,1697
crmid:9130850461,chankings1810@gmail.com,Sergio,Gonzalez,,363-835-5811,Lakeland,United States,83131,Alaska,721 Lakeview,1980-09-11,1831
crmid:1155844863,cushing2003@live.com,Trudi,Bradford,female,312-840-8603,Escondido,United States,57335,Louisiana,89 Alton,1960-09-03,2986
crmid:3193094527,divergence1944@live.com,Toccara,Franco,female,405-957-4637,Elgin,United States,58130,California,13 Wabash,1958-09-10,1532
crmid:1456051317,codebreaker1872@yahoo.com,Alease,Alvarez,female,907-397-6881,Cudahy,United States,03936,Wyoming,1128 Palace Of Fine Arts,1952-01-01,2577
crmid:9181935730,topos2047@yandex.com,Ralph,Crawford,,992-767-8386,Garner,United States,34476,Rhode Island,1029 Wilde,1965-06-25,1722
crmid:1111908858,wryest1884@gmail.com,Leo,Mathis,male,436-463-9331,Allentown,United States,83114,Montana,915 Gladeview,1931-06-18,2896
crmid:9658094542,agronomial1998@live.com,Marshall,Coffey,,869-728-2418,Pascagoula,United States,54806,West Virginia,370 Orizaba,1985-07-02,2547
crmid:5815569287,eskimo1850@yahoo.com,Cory,Lopez,,448-532-2554,Grapevine,United States,79125,California,827 Chesley,1967-12-30,1355
crmid:9104841650,adsorption1960@gmail.com,Yevette,Holloway,female,474-054-7531,Santa Barbara,United States,66757,Arkansas,643 Auburn,1950-09-14,854
crmid:5693504106,comate1992@yahoo.com,Claud,Macias,,351-071-7757,Hanover Park,United States,54550,Massachusetts,386 Mersey,1969-09-15,789
crmid:9306142512,ental2065@live.com,Lonny,Chase,,345-458-0053,Loveland,United States,76299,Mississippi,953 El Camino Del Mar,1984-12-03,1331
crmid:5031252833,enrapted2038@yandex.com,Odis,Clay,male,431-029-7370,Altus,United States,42658,Mississippi,110 Dichiera,1932-07-06,1866
crmid:4868255611,allstate1934@gmail.com,Micah,Wong,male,308-815-1845,Rancho Cucamonga,United States,68982,Maryland,143 Potomac,1937-07-31,1316
crmid:7691406832,tinct1911@live.com,Elvis,Crane,male,196-261-1401,Palm Coast,United States,51846,Indiana,347 Lansing,1995-01-06,1577
crmid:7201403901,angelate2065@yandex.com,Elina,Garrett,female,358-306-7855,Corona,United States,93055,Iowa,36 Osgood,1950-03-11,1254
crmid:8647760266,dotson2005@yahoo.com,Marquis,Benton,male,371-131-5405,Broadview Heights,United States,39243,West Virginia,1311 El Dorado,1941-07-03,580
crmid:2220081585,apurba1942@yandex.com,Jerome,Craig,,146-744-3224,Port Hueneme,United States,69052,New Hampshire,739 Kelloch,1967-01-01,2068
crmid:3238748589,carambole1866@yandex.com,Javier,Gilliam,,845-251-1225,Kearny,United States,49338,Alabama,1327 Whittier,1976-07-31,2992
crmid:1733592184,alyda2008@outlook.com,Carola,Schneider,female,341-909-8014,Statesville,United States,10543,New Jersey,135 Front,1947-02-26,2798
crmid:6090733754,hotpot1978@gmail.com,Jon,Suarez,female,033-617-7811,Edwardsville,United States,98073,Alaska,746 Oakdale,1958-04-28,1099
crmid:2208093370,blows1901@live.com,Denisha,Suarez,female,529-240-5740,Durant,United States,18417,California,387 Havens,1956-02-28,2821
crmid:8744240397,atique1890@yandex.com,Lesley,Roy,,814-281-5321,Little Rock,United States,85331,California,478 Everglade,1983-10-19,506
crmid:5135365564,dowse1921@outlook.com,Katelynn,Pierce,female,398-890-4204,Edmonds,United States,29523,Kansas,1332 Bonifacio,1958-05-23,2918
crmid:8504368061,appleton1931@outlook.com,Ethan,Velazquez,,459-082-2968,Spartanburg,United States,79894,Illinois,526 Brighton,1983-01-31,2459
crmid:8403681394,euphori1911@yandex.com,Art,Frye,male,869-778-9346,Ames,United States,93182,South Carolina,798 Cameron,1932-01-10,2740
crmid:9917251698,bastioned1962@yandex.com,Maple,Pierce,female,409-343-1748,East Palo Alto,United States,97467,Missouri,279 Rosewood,1957-06-23,1534
crmid:5327247490,rickstand1936@live.com,Erin,Garcia,,110-536-7076,Matteson,United States,40368,New Hampshire,268 Diana,1988-08-07,895
crmid:6918624026,moguls1987@outlook.com,Le,Cervantes,female,419-938-9033,Covina,United States,25234,Delaware,1388 Long,1951-05-05,1452
crmid:2678407795,anemony2043@yahoo.com,Alphonse,Hobbs,,356-593-2018,Montebello,United States,93035,New Mexico,1206 Oxford,1992-03-13,2728
crmid:3204225843,cordoba1914@outlook.com,Doug,Sanchez,,777-498-5301,Fort Collins,United States,71581,South Carolina,458 Maryland,1963-09-05,1365
crmid:5856129006,cauchy1931@outlook.com,Damon,Bass,male,365-287-5296,Ashwaubenon,United States,17099,Montana,1338 Old Harford,1934-02-02,1960
crmid:4344676059,beachwear1971@live.com,Leopoldo,Sellers,,743-962-4633,Klamath Falls,United States,46333,Kansas,165 Quickstep,1978-07-01,665
crmid:3627972927,drakes1925@live.com,Wesley,Lambert,,168-206-2817,Schaumburg,United States,37876,North Carolina,1100 Southard,1975-04-26,2215
crmid:4650093611,arctoidean1970@yandex.com,Nicholas,Haney,male,645-520-6682,Battle Creek,United States,48236,New Mexico,289 Woodside,1936-07-12,2631
crmid:9784848531,budding2007@gmail.com,Henry,Gordon,,779-198-2632,Laguna Woods,United States,14305,Maryland,233 Birmingham,1979-03-16,1290
crmid:9160165748,bookworm1809@gmail.com,Joshua,Irwin,,085-055-8713,Mesquite,United States,30490,Colorado,551 Prague,1990-06-07,630
crmid:4102371631,robin1945@yandex.com,Darrell,Bowen,,769-671-3064,San Diego,United States,42406,California,1287 Virgil,1983-11-08,2107
crmid:9022870906,alboranite1862@gmail.com,Terence,Ramos,,834-336-4985,Great Falls,United States,48766,Rhode Island,738 Aztec,1968-07-18,1783
crmid:2035822317,salutatious2029@yandex.com,Marchelle,Craft,female,906-933-0268,Stillwater,United States,12865,New Hampshire,65 Mountain Spring,1952-06-07,2691
crmid:5899552599,boohoo1908@outlook.com,Leon,Wilkins,,389-276-9685,Kent,United States,40735,New York,863 Girard,1977-07-02,2584
crmid:8717981328,enunciators1984@outlook.com,Donya,Hawkins,female,006-108-5939,Crown Point,United States,15300,Texas,228 Hugo,1952-03-13,2999
crmid:1964391056,tootle1943@yahoo.com,Lisandra,Mcmahon,female,909-123-8578,Safety Harbor,United States,92832,Louisiana,839 Ruckman,1958-05-19,2853
crmid:6824502592,guineapig1819@outlook.com,Maximo,Combs,,409-108-3769,Whittier,United States,61235,Ohio,1231 Battery Blaney,1990-03-03,2063
crmid:5771823098,crinkly1824@gmail.com,Odis,Schwartz,,072-372-8013,Gainesville,United States,64494,Texas,612 Bernard,1964-10-28,2406
crmid:2512240575,ineye1864@outlook.com,Fritz,Warren,male,052-596-0377,Balch Springs,United States,79571,Colorado,1181 Williar,1935-04-30,1719
crmid:6969525544,dennie1928@live.com,Larraine,Hopkins,female,678-512-4626,Sand Springs,United States,24742,Minnesota,1045 Ewing,1956-05-14,457
crmid:8059344945,cosimo2023@yahoo.com,Taunya,Hardy,female,889-850-3840,East Peoria,United States,49474,Florida,1221 Mark,1957-08-13,2005
crmid:3273571202,protomartyr1827@gmail.com,Perry,Thornton,male,564-437-1697,Bonita Springs,United States,78008,Arkansas,314 Wedemeyer,1940-08-29,1533
crmid:4128548137,horotelic1900@yandex.com,Apryl,Hebert,female,363-057-6454,Eureka,United States,83113,Rhode Island,659 San Fernando,1960-01-13,2807
crmid:5463988433,businesswoman1815@live.com,Markus,Lowery,male,033-004-3526,Bullhead City,United States,34003,Missouri,265 Acme,1942-07-18,1100
crmid:1261789176,coral1835@live.com,Dino,Adkins,,119-163-8214,Wauwatosa,United States,62738,Georgia,821 Alabama,1966-09-25,1151
crmid:8023301830,offside1901@yandex.com,Gayle,Mays,,943-644-5132,Madison Heights,United States,95876,West Virginia,463 Upper,1985-01-19,2354
crmid:6238310550,clarin2042@gmail.com,Jan,Moss,male,845-220-5544,Riverton,United States,72062,New Jersey,1082 Shields,1931-05-21,859
crmid:4016366167,crinoids2011@live.com,Carrol,Cook,male,528-864-3761,Athens,United States,61760,Kansas,682 Grand View,1934-10-03,2776
crmid:5589001999,collaborationists1971@live.com,Mike,Mckinney,,943-516-0312,Maryville,United States,26875,Missouri,253 Mayflower,1987-05-07,2364
crmid:6796896200,bepimpling2055@gmail.com,Rudy,Beach,male,868-357-5380,Tarpon Springs,United States,94043,Florida,1364 Tompkins,1944-08-02,714
crmid:9754163362,brindlish2043@yandex.com,Olen,Berg,,908-507-2462,Hermosa Beach,United States,46084,Iowa,976 Newcomb,1971-08-20,2947
crmid:5470281239,unnestle1990@yahoo.com,Lindsay,Floyd,male,898-477-0123,Cedar Falls,United States,33389,Montana,418 Icehouse,1945-06-10,449
crmid:1612822550,crinoid2047@outlook.com,Antonia,Fuller,male,855-017-5221,Bell,United States,05485,Oklahoma,164 Dore,1937-01-10,1309
crmid:9154159329,semesters2057@yandex.com,Bunny,Perez,female,307-538-6332,Chicago Heights,United States,02843,Connecticut,1194 Sandpiper Cove,1947-01-23,1361
crmid:5351995058,banky1857@gmail.com,Frank,Le,male,869-214-3492,New Haven,United States,70925,West Virginia,318 Colusa,1996-01-24,2048
crmid:2497890884,silentest1969@yahoo.com,Elton,Hancock,male,644-360-6724,Atascadero,United States,13896,Nevada,542 Stanyan,1934-03-12,2858
crmid:7156064132,assimilate2014@yandex.com,Jordan,O'neal,male,436-219-6686,Norton Shores,United States,07613,Massachusetts,1297 Battery,1999-01-25,1175
crmid:2063619323,boobies1978@live.com,Julienne,Harrington,female,146-100-5144,Cumberland,United States,24358,Tennessee,382 La Bica,1952-04-13,2607
crmid:4689216051,princesse1931@gmail.com,Wendell,Salas,,215-846-4931,New Castle,United States,64057,Alabama,528 Macalla,1996-11-28,455
crmid:1218153051,altin1919@yandex.com,Bret,Lloyd,,366-191-4976,McAllen,United States,42598,Iowa,770 Saint Josephs,1988-07-02,1423
crmid:1968800736,elberta1847@gmail.com,Eddie,Harmon,,724-577-5466,Modesto,United States,74837,South Dakota,582 Flood,1992-12-07,2954
crmid:3355264800,engluts1977@gmail.com,Marcos,Sexton,male,448-031-7241,Blaine,United States,38234,Nevada,46 Paradise,1939-07-26,959
crmid:2832003278,requisitely2026@yandex.com,Waltraud,Norton,female,053-535-3933,Detroit,United States,76570,Minnesota,1027 Menoher,1954-09-22,2495
crmid:1756316781,banya2016@live.com,Delmer,Serrano,,611-878-9426,Grand Forks,United States,56063,Nevada,1106 Quartz,1967-10-23,2930
crmid:9706670102,leve2051@gmail.com,Georgetta,Mullen,female,085-370-0672,Englewood,United States,61140,Iowa,883 Truett,1959-12-30,1774
crmid:4582926172,thrower1973@yahoo.com,Simona,Haley,female,129-808-7702,Covington,United States,47231,Kansas,109 Peek,1951-08-12,2525
crmid:7584411542,mallard2044@gmail.com,Tory,Romero,female,502-350-6073,Elizabethtown,United States,57286,Alabama,176 Chancery,1959-10-17,2271
crmid:9674422885,alyda2031@outlook.com,Dion,Blackburn,male,341-478-2324,Buffalo Grove,United States,61895,New Hampshire,865 Old Harford,1942-11-26,1859
crmid:6735749432,subfusc1955@yahoo.com,Markita,Delacruz,female,906-210-6499,Farmington,United States,72195,North Dakota,986 Bell,1961-12-12,2101
crmid:2989768077,sales1831@outlook.com,Antonia,Miles,male,838-468-6521,Atascadero,United States,90757,Maryland,118 Mccarthy,1934-01-20,1594
crmid:2587831064,aloof1856@gmail.com,Alfonzo,Johnson,,290-955-2352,Maryland Heights,United States,49001,Kansas,86 Hunt,1987-08-13,1244
crmid:2353076834,bygones1988@yandex.com,Clayton,Mcintyre,,259-895-3769,La Ca�ada Flintridge,United States,60013,Indiana,424 Victoria,1978-10-06,2563
crmid:4188275437,chechen2028@outlook.com,Tuan,Ramirez,,496-032-9499,Greenwood,United States,14675,New Hampshire,1019 Reddy,1968-03-06,931
crmid:8856444641,wended1849@yahoo.com,Billy,Blackburn,,374-132-1164,Kearny,United States,60037,New Hampshire,2 Malvina,1976-11-16,1285
crmid:7170417421,completing1852@outlook.com,Silas,Mcmahon,,143-873-4660,Rialto,United States,30855,Connecticut,307 Lyon,1969-06-01,2743
crmid:3931268527,nusakan1818@live.com,Kristofer,Greer,,423-309-7195,Plano,United States,86553,Virginia,1255 Quarry,1983-11-23,2021
crmid:2344430413,codens2008@yandex.com,Jed,Livingston,,870-300-4727,Gretna,United States,47753,Texas,474 Arkansas,1968-08-31,1819
crmid:1232532232,brandice1930@yandex.com,Ronald,Melton,,795-003-3855,Margate,United States,27602,Virginia,1179 Santos,1986-05-04,2544
crmid:4333844770,towelette2058@yahoo.com,Lemuel,Head,,613-350-8484,Marshall,United States,37325,Texas,236 Escondido,1987-06-11,2166
crmid:3950289886,attrition2010@yahoo.com,Shenika,Manning,female,852-523-4828,Donna,United States,85323,Oklahoma,1033 Huntington,1955-08-18,491
crmid:1004159253,reasonable1902@gmail.com,Beaulah,Vaughan,female,140-445-4021,Cicero,United States,89854,Nevada,1019 Andover,1947-01-29,2889
crmid:2273793978,rabbitmouth1935@gmail.com,Vincenzo,Wilkerson,male,418-602-3865,South St. Paul,United States,09507,Montana,794 Ravenwood,1933-10-31,1047
crmid:4224178280,antuan1948@yahoo.com,Colby,Waters,male,042-488-9978,Ashwaubenon,United States,61832,Arkansas,1005 Pinto,1934-11-29,1571
crmid:2701614937,dextro1963@live.com,Oswaldo,Guthrie,,145-964-4444,Yukon,United States,74954,West Virginia,1132 Rainey,1993-01-08,2936
crmid:9263015205,swingaround1921@yandex.com,Pandora,Ware,female,123-080-2294,Claremont,United States,41856,Mississippi,141 Pioche,1947-07-30,1968
crmid:3191837638,seatbelts1864@gmail.com,Alejandro,Bender,,242-156-9543,Lewisville,United States,85960,California,259 Annie,1982-06-17,962
crmid:1270644007,sherramoor1872@outlook.com,Benedict,Wilder,male,017-038-8620,Burbank,United States,70510,Connecticut,38 La Playa,1942-12-02,1536
crmid:1743664965,jeoparding1802@live.com,Dominique,Travis,,802-675-2156,Mequon,United States,93781,New York,1044 Alameda,1989-07-31,1453
crmid:4863658369,trajects1813@outlook.com,Ellis,Gilliam,,461-653-2308,Norton Shores,United States,89115,Alaska,502 Peters,1999-08-30,975
crmid:6141167482,cornishman2019@gmail.com,Sang,Garcia,male,216-626-9549,Adrian,United States,50789,Georgia,347 Grant,1930-09-11,1402
crmid:7135030736,inducting1999@gmail.com,Dylan,Baldwin,male,609-530-6454,Portland,United States,01959,South Carolina,227 Bryn Mahr,1938-03-01,1876
crmid:4928523358,cantabile2056@live.com,Reita,Tanner,female,073-807-2584,Fargo,United States,44763,North Carolina,968 Mammon,1961-07-28,1597
crmid:9191000593,choctaw1978@outlook.com,Truman,Knight,male,348-969-1921,Wasco,United States,15755,Arkansas,834 Ord,1943-10-18,468
crmid:1857325739,rovers1864@yandex.com,Gene,Mendoza,,316-264-1383,Maryville,United States,25611,Minnesota,1331 Dutch Windmill Access,1987-04-13,2787
crmid:3026506299,electrified2012@yahoo.com,Burton,Fields,,706-353-2207,Grants Pass,United States,12233,Pennsylvania,481 Broad,1967-03-08,2844
crmid:2249834576,sighted1959@live.com,Mauricio,Anderson,,535-756-2753,Talladega,United States,23699,Nebraska,983 Los Palmos,1968-09-11,1451
crmid:3710955737,dacryoadenitis2041@outlook.com,Darryl,Mccoy,,687-023-0803,Menomonee Falls,United States,50119,Virginia,1234 Seal Rock,1989-10-31,2735
crmid:5690717902,inchoacy1805@live.com,Ginette,Barrett,female,000-984-1766,Schaumburg,United States,71718,Oregon,1233 Amatury,1957-03-02,1119
crmid:4605517329,cavatina1804@live.com,Brooks,Serrano,,517-575-0974,Florence,United States,86208,Illinois,1296 Alta Mar,1962-09-22,1962
crmid:5089834511,transmissionist1908@outlook.com,Lonny,Stevenson,,110-013-4867,Port Hueneme,United States,35123,Oregon,1139 Crescio,1973-09-04,2070
crmid:6112774485,dives1844@outlook.com,Jarrett,Contreras,,660-643-5084,Loveland,United States,04918,New York,200 Carrizal,1984-01-28,2823
crmid:8944658368,islamitic1813@outlook.com,Phil,Russo,,215-262-8802,Greenwood,United States,43676,Wisconsin,1301 Hubbell,1968-08-30,1413
crmid:1489175768,uniaxally1993@yandex.com,Coleman,Gross,,306-275-6049,Oxford,United States,42117,Missouri,143 Opalo,1992-05-10,2148
crmid:8485112494,bursate2069@yahoo.com,Harley,Flores,,041-132-8567,Greenville,United States,78220,Pennsylvania,21 Twin Peaks,1968-12-03,1024
crmid:7245347687,jetteau2059@yandex.com,Michael,Sweet,,032-323-2452,Highland Village,United States,98768,Kansas,14 Tampa,1971-03-27,1782
crmid:8479492768,scouth2042@yahoo.com,Dinorah,Bernard,female,546-569-2577,Ocean Springs,United States,10374,Arkansas,473 Rosenkranz,1951-03-03,1977
crmid:6452833700,discontiguity2027@yandex.com,Titus,Johns,,445-803-4590,Ferndale,United States,97828,Ohio,438 Santa Rosa,1962-10-25,489
crmid:7310794374,fluffs1880@yahoo.com,Bryan,Jacobs,,096-081-6642,Laconia,United States,15864,Louisiana,1128 Dunshee,1979-03-22,2891
crmid:7623543216,bongos1813@yandex.com,Steven,Goodwin,male,165-049-3102,Phoenix,United States,03322,Washington,1380 Wills,1931-09-12,2856
crmid:8591654583,birthing1898@yahoo.com,Vince,Webster,,985-182-2587,Joplin,United States,00921,Alabama,23 Caselli,1976-01-01,690
crmid:4993489662,dockyards1820@yandex.com,Eldon,Berger,,080-634-4021,Goldsboro,United States,95091,Kansas,81 Hillway,1967-01-19,2790
crmid:6461013201,weatherologist2021@gmail.com,Craig,Woodard,,439-207-0909,Lawrenceville,United States,39167,Iowa,747 Shields,1981-06-13,1288
crmid:8387108084,coghlan1824@live.com,Jerrell,O'brien,,964-974-7583,Stephenville,United States,87894,Maryland,155 North 15Th,1963-01-16,954
crmid:6111148082,hamamelidanthemum2035@live.com,Lasandra,Woods,female,388-067-5655,Waukegan,United States,99246,Michigan,120 Mission Rock,1949-12-10,2066
crmid:3293106237,kinglet1822@yahoo.com,Ed,Sutton,male,802-286-3279,Oviedo,United States,90892,Wyoming,62 Colusa,1939-03-28,503
crmid:5654257858,corena2066@yandex.com,Bobbie,Reilly,,054-994-8215,Webster Groves,United States,51108,North Dakota,70 Rhine,1965-03-29,565
crmid:7882060417,footcandle1926@outlook.com,Justa,Mcdaniel,female,950-500-4232,Reading,United States,52286,Oklahoma,1220 Hubbell,1994-09-07,1155
crmid:8658433615,frustrative1834@outlook.com,Andrea,Sullivan,,401-990-2755,Montebello,United States,36060,New York,165 Lapham,1992-06-08,1011
crmid:8751378015,attune1930@yahoo.com,Ferdinand,Vega,,028-295-8206,Liberal,United States,24922,Arkansas,1315 Ingleside,1982-05-02,2144
crmid:2726477368,cusumano1876@yahoo.com,Les,Callahan,male,109-933-4530,Albert Lea,United States,79137,Colorado,763 Dellbrook,1931-12-24,2949
crmid:1677602161,chegre2059@yahoo.com,Jay,Chandler,,480-296-7943,Villa Park,United States,36461,New Mexico,1101 Tamalpais,1980-07-20,751
crmid:3018356904,diaphane1817@yandex.com,Deangelo,Santos,,906-488-8613,West Linn,United States,74627,Hawaii,72 Mariposa,1995-08-14,1276
crmid:6867960588,credenza1933@gmail.com,Laree,Farley,female,138-748-0953,Crystal Lake,United States,21897,Michigan,1008 East Fort Miley,1952-05-09,2349
crmid:8974778901,edenize1871@yandex.com,Keith,Daniels,,217-824-0636,Issaquah,United States,55321,Iowa,1277 Cleveland,1975-09-10,1651
crmid:6940711426,conceit1883@live.com,Abram,Wells,,359-543-7598,Oregon,United States,37849,Alabama,183 Sola,1968-12-24,1459
crmid:2908887402,castiron2010@yahoo.com,Basil,Kinney,,936-933-5810,Manhattan,United States,29097,Florida,153 Mcdowell,1986-05-06,2828
crmid:1406778894,paraflocculus1880@live.com,Phillip,Moreno,male,153-356-1178,Arnold,United States,76961,Florida,530 Coldspring,1933-12-15,1046
crmid:2609441085,collard1952@outlook.com,Herbert,Stephens,male,909-455-4632,Binghamton,United States,26852,California,813 Nantucket,1939-05-28,1716
crmid:6174113776,patness1930@live.com,Cameron,Holland,male,707-319-8546,Cape Coral,United States,99475,Louisiana,1116 Brooks,1944-02-14,1683
crmid:5008013913,castilian2027@yahoo.com,Louvenia,Miles,female,193-030-1398,Elk Grove Village,United States,66791,Washington,1091 Mount,1959-11-11,734
crmid:8449167151,micronuclear1949@yandex.com,Lakenya,Walton,female,683-334-6461,Downey,United States,28705,Nebraska,795 Marin,1955-05-30,631
crmid:4648258667,paunchful1847@live.com,Eusebio,Richards,male,288-660-3200,Pascagoula,United States,01628,Kentucky,1235 Commonwealth,1938-04-24,1885
crmid:3440306022,carding1912@yandex.com,Ervin,Pena,,413-769-9890,Mount Pleasant,United States,50867,Indiana,450 Virginia,1993-09-09,422
crmid:9693482988,baconize1873@gmail.com,Cole,Vargas,,221-613-3893,Palmetto Bay,United States,36010,Georgia,476 Ahern,1969-06-21,627
crmid:5633213134,electrified1957@yandex.com,Fe,Hurst,female,341-418-9066,Coon Rapids,United States,19368,Oregon,342 Church Parking Lot,1950-03-15,1682
crmid:1636513895,crureus1812@yahoo.com,Javier,Carson,male,828-269-6701,Andover,United States,28608,Maine,673 Hayward,1932-05-05,1165
crmid:1496041346,disturber1990@outlook.com,Art,Bruce,,621-033-6924,Paterson,United States,94696,Connecticut,761 Quint,1993-02-22,2266
crmid:2717133556,sextur1929@outlook.com,Roosevelt,Barnes,male,855-050-2738,Poplar Bluff,United States,99048,South Carolina,951 Houston,1933-11-16,2211
crmid:4369165610,murmuringly1918@live.com,Maire,Saunders,female,266-070-2429,El Mirage,United States,78782,Iowa,471 Laskie,1958-12-24,1481
crmid:5011162725,basnet2008@yandex.com,Erik,Mckenzie,,087-108-3919,Paramus,United States,63591,Rhode Island,1206 Valmar,1972-06-17,800
crmid:8653781292,advertised2033@yandex.com,Jae,Guy,,360-407-7018,Palisades Park,United States,58416,Louisiana,407 Murray,1984-03-10,1366
crmid:6467981045,chewer2011@live.com,Arlen,Rodriguez,,941-377-7005,Modesto,United States,35787,South Carolina,1140 Weatherly,1992-06-14,2614
crmid:7830580095,disorderer1915@yahoo.com,Kris,Grant,male,852-465-0972,Ansonia,United States,93920,Oregon,648 Gates,1933-06-12,2111
crmid:6400796246,enfeeblish1904@gmail.com,Theodore,Steele,,241-719-2877,Gulfport,United States,43871,New York,756 Lake,1969-08-11,2047
crmid:2901384094,glome1907@yahoo.com,Shenita,Marsh,female,877-198-6434,Redondo Beach,United States,67148,Louisiana,430 Rio Verde,1946-11-15,2941
crmid:5535406177,forecastlehead1956@outlook.com,Stuart,Burns,,748-641-5040,Taylor,United States,32889,North Dakota,1208 Coralino,1975-10-08,714
crmid:9649292689,antiexpressionistic1877@outlook.com,Ulysses,Powell,male,307-191-8857,Allentown,United States,58578,Mississippi,91 Hagiwara Tea Garden,1931-09-24,908
crmid:2055667833,proteides1946@gmail.com,Arnoldo,Miranda,male,744-644-4409,Cedar City,United States,60076,Wisconsin,1020 Roosevelt,1945-12-23,2154
crmid:1773624332,switchers1921@yahoo.com,Brain,Molina,,616-172-4005,Nampa,United States,69186,South Dakota,82 Newhall,1995-11-10,1293
crmid:1919502279,fiction1802@gmail.com,Lee,Malone,,721-616-5603,Talladega,United States,46358,Vermont,529 Alana,1986-08-21,1475
crmid:9272825534,afrikaans2040@yahoo.com,Edison,Mack,,838-252-0001,High Point,United States,06957,Colorado,516 Mercury,1971-02-28,2678
crmid:9655596747,nonanarchic2056@yahoo.com,Donald,Thompson,male,370-961-6839,Auburn Hills,United States,71765,Missouri,186 Stevenson,1934-12-05,377
crmid:9337289387,hare1902@yahoo.com,Max,Tate,male,271-871-0053,Bethel Park,United States,32134,Nebraska,648 Franklin,1938-07-28,1958
crmid:6569784077,dioptrically2039@yandex.com,Ronald,Martinez,,466-041-8117,Orlando,United States,29965,Florida,958 Montecito,1965-04-23,730
crmid:1650889844,antisociality2026@yandex.com,Esteban,Berry,,031-330-4969,Harlingen,United States,02050,Maryland,801 Marine,1969-01-07,1815
crmid:3886685404,inviscid1887@yandex.com,Jared,O'neil,male,740-981-9427,Bakersfield,United States,27117,New Hampshire,83 Patterson,1935-05-22,1401
crmid:2137806548,awesome1978@yandex.com,Thaddeus,Case,,901-350-9866,Romulus,United States,75416,Ohio,481 Donner,1971-08-25,1771
crmid:3141418227,dreyfus1921@live.com,Ty,Powell,,839-810-9751,Providence,United States,53685,South Dakota,53 Reddy,1978-06-22,417
crmid:5800707795,geometry1916@outlook.com,Eric,Yates,,559-938-3608,Greenwood,United States,79718,New Jersey,871 Hahn,1968-07-15,2978
crmid:6101027275,lionfish1911@yahoo.com,Cary,Barr,,820-649-8159,Lawton,United States,19208,North Dakota,678 Gold Mine,1981-02-22,617
crmid:3577303190,anthracnose2054@live.com,Otis,Wood,,081-146-3212,Helena,United States,52897,South Carolina,323 Almaden,1970-10-04,829
crmid:8084482082,referencing1949@gmail.com,Kendal,Marquez,female,056-375-1860,Edmond,United States,26068,Colorado,1183 Mayflower,1958-05-18,2886
crmid:5764351841,bookworm2032@gmail.com,Devon,Castillo,male,417-551-5917,Biloxi,United States,67170,New Jersey,1004 Boynton,1939-11-24,1140
crmid:4076354911,clevie1805@yahoo.com,Orville,Wiley,,988-773-5660,Los Gatos,United States,00494,South Dakota,1054 Alton,1984-01-28,917
crmid:6569611338,kapp1811@gmail.com,Keneth,Randall,,169-775-3789,Grand Rapids,United States,83375,Delaware,1302 Cielito,1967-06-01,654
crmid:8391578628,inchoacy1977@yandex.com,Edwin,Cannon,,661-124-8035,Port Hueneme,United States,32481,Hawaii,106 Mesa,1969-04-06,1412
crmid:7873303781,decadactylous1837@outlook.com,Andrea,Bruce,,895-493-3045,Tarpon Springs,United States,53731,Nevada,1014 Burlwood,1973-02-26,2191
crmid:6868111402,limns2023@yahoo.com,Claudio,Mosley,male,498-139-3775,Sioux Falls,United States,90344,Alaska,785 Cowell,1932-02-21,1158
crmid:5343360417,lovers1899@yandex.com,Jeremy,Carey,,483-332-5559,Little Elm,United States,56612,Ohio,1047 Fowler,1983-09-11,2723
crmid:8301640928,oedipus1834@yahoo.com,Kendall,Duncan,,241-483-6140,Sylvania,United States,32399,Alaska,491 Bromley,1976-02-09,1629
crmid:1520212477,bateman1937@outlook.com,Courtney,Garcia,,204-812-7509,Hazelwood,United States,95547,Massachusetts,1107 Varennes,1970-09-17,1216
crmid:6791645531,landings1848@yandex.com,Burt,Long,,824-976-1774,Holly Springs,United States,79502,Connecticut,565 Wedemeyer,1972-07-28,2185
crmid:7138143586,peristylium1970@live.com,Samara,Browning,female,735-528-5028,Del City,United States,88943,North Dakota,587 Maryland,1954-08-04,884
crmid:3266169230,contg1934@live.com,Del,Cline,male,492-868-4700,Pearland,United States,01686,Indiana,1384 Harper,1935-03-06,1080
crmid:4456312878,unfickle1932@gmail.com,Raymon,Davis,,313-521-5818,Mobile,United States,89720,North Carolina,321 Infantry,1992-01-03,2026
crmid:3369766647,aloed1923@outlook.com,Mariette,Cain,female,940-951-7874,Sparks,United States,21246,Oregon,1162 Bitting,1961-06-05,1509
crmid:3275843495,naturalists2026@gmail.com,Booker,Walker,male,351-161-3544,Youngstown,United States,50047,Pennsylvania,247 Isadora Duncan,1995-02-02,1342
crmid:2943463867,bromes1852@gmail.com,Emory,Joyner,,791-144-3703,Missoula,United States,91171,Nevada,324 Pinto,1992-01-07,2310
crmid:5936410093,extravert1867@yandex.com,Houston,Dodson,,015-677-9785,Pensacola,United States,97188,Kentucky,308 Hayes,1988-12-01,1586
crmid:2327671436,bloomed1879@gmail.com,Criselda,Jones,female,256-756-2297,Yorkville,United States,16747,Georgia,3 Hale,1954-11-22,1737
crmid:5750513298,fumigation1998@outlook.com,Raleigh,Solomon,male,577-596-1921,Ashtabula,United States,68785,New York,1121 Eastwood,1934-12-15,729
