id,crmid,propensity_account_upgrade,propensity_premium
b8dbfec9-7a33-11ea-8f6e-b88a60e194fb,crmid:4429982108,7,7
b8de48cd-7a33-11ea-8654-b88a60e194fb,crmid:4429982108,2,3
b8e1a403-7a33-11ea-96da-b88a60e194fb,crmid:4429982108,4,4
b8e32ac2-7a33-11ea-aa49-b88a60e194fb,crmid:4429982108,4,7
b8e4d85c-7a33-11ea-8c2c-b88a60e194fb,crmid:4429982108,3,6
b8e610df-7a33-11ea-ae92-b88a60e194fb,crmid:4429982108,2,2
b8e7be74-7a33-11ea-9c69-b88a60e194fb,crmid:4429982108,5,3
b8e91e1e-7a33-11ea-bf2c-b88a60e194fb,crmid:4429982108,8,6
b8eaf1bb-7a33-11ea-aa83-b88a60e194fb,crmid:4429982108,7,4
b8ec5150-7a33-11ea-8bac-b88a60e194fb,crmid:4429982108,6,7
b8edb0d9-7a33-11ea-853e-b88a60e194fb,crmid:4429982108,1,9
b8eee965-7a33-11ea-98fa-b88a60e194fb,crmid:4429982108,7,6
b8f048e6-7a33-11ea-b284-b88a60e194fb,crmid:4429982108,5,7
b8f26d08-7a33-11ea-b565-b88a60e194fb,crmid:4429982108,9,6
b8f35776-7a33-11ea-9d3f-b88a60e194fb,crmid:4429982108,3,2
b8f503cc-7a33-11ea-b643-b88a60e194fb,crmid:4429982108,3,3
b8f63c4c-7a33-11ea-811e-b88a60e194fb,crmid:4429982108,2,7
b8f74dcd-7a33-11ea-9183-b88a60e194fb,crmid:4429982108,6,7
b8f8d55d-7a33-11ea-be56-b88a60e194fb,crmid:4429982108,4,7
b8fa34f1-7a33-11ea-b894-b88a60e194fb,crmid:4429982108,1,4
b8fbbabd-7a33-11ea-93b5-b88a60e194fb,crmid:4429982108,6,4
b8fd1a4e-7a33-11ea-b3c3-b88a60e194fb,crmid:4429982108,1,5
b8fea0e8-7a33-11ea-8775-b88a60e194fb,crmid:4429982108,2,3
b900c3c9-7a33-11ea-9240-b88a60e194fb,crmid:4429982108,5,8
b9022351-7a33-11ea-ae81-b88a60e194fb,crmid:4429982108,6,8
b903ab35-7a33-11ea-a881-b88a60e194fb,crmid:4429982108,3,7
b904e24e-7a33-11ea-9433-b88a60e194fb,crmid:4429982108,4,7
b9066a0c-7a33-11ea-bb19-b88a60e194fb,crmid:4429982108,7,4
b9077b42-7a33-11ea-9520-b88a60e194fb,crmid:4429982108,1,1
b90900e5-7a33-11ea-a716-b88a60e194fb,crmid:4429982108,2,3
b90a879f-7a33-11ea-a2c0-b88a60e194fb,crmid:4429982108,2,6
b90bc013-7a33-11ea-bc7f-b88a60e194fb,crmid:4429982108,5,9
b90caa77-7a33-11ea-862b-b88a60e194fb,crmid:4429982108,6,3
b90e3213-7a33-11ea-8434-b88a60e194fb,crmid:4429982108,4,7
b90f909b-7a33-11ea-827a-b88a60e194fb,crmid:4429982108,3,8
b910f13b-7a33-11ea-87da-b88a60e194fb,crmid:4429982108,3,8
b91277d1-7a33-11ea-a03a-b88a60e194fb,crmid:4429982108,4,3
b913b029-7a33-11ea-b8e2-b88a60e194fb,crmid:4429982108,6,4
b9155ded-7a33-11ea-8190-b88a60e194fb,crmid:4429982108,2,3
b917319e-7a33-11ea-a675-b88a60e194fb,crmid:4429982108,3,4
b918b94a-7a33-11ea-9d43-b88a60e194fb,crmid:4429982108,7,3
b91a4015-7a33-11ea-92d4-b88a60e194fb,crmid:4429982108,4,1
b91b9f9b-7a33-11ea-b48f-b88a60e194fb,crmid:4429982108,8,7
b91d4d37-7a33-11ea-9937-b88a60e194fb,crmid:4429982108,1,7
b91e5eff-7a33-11ea-bd30-b88a60e194fb,crmid:4429982108,9,5
b91fe57c-7a33-11ea-b068-b88a60e194fb,crmid:4429982108,2,2
b921920f-7a33-11ea-b7ff-b88a60e194fb,crmid:4429982108,6,8
b923669b-7a33-11ea-991b-b88a60e194fb,crmid:4429982108,1,2
b9256258-7a33-11ea-b946-b88a60e194fb,crmid:4429982108,1,6
b926ea8f-7a33-11ea-a5c1-b88a60e194fb,crmid:4429982108,9,8
b927fbe1-7a33-11ea-8296-b88a60e194fb,crmid:4429982108,3,7
b929332b-7a33-11ea-a468-b88a60e194fb,crmid:4429982108,4,3
b92a6cdf-7a33-11ea-8285-b88a60e194fb,crmid:4429982108,3,9
b92c1a78-7a33-11ea-85af-b88a60e194fb,crmid:4429982108,2,7
b92d2c01-7a33-11ea-8f9a-b88a60e194fb,crmid:4429982108,6,7
b92f27c0-7a33-11ea-95ae-b88a60e194fb,crmid:4429982108,2,1
b9306035-7a33-11ea-8bb5-b88a60e194fb,crmid:4429982108,6,4
b931e6e6-7a33-11ea-b587-b88a60e194fb,crmid:4429982108,4,6
b933e2ab-7a33-11ea-a5e9-b88a60e194fb,crmid:4429982108,4,2
b93541ed-7a33-11ea-b006-b88a60e194fb,crmid:4429982108,1,3
b936ef9f-7a33-11ea-b9ae-b88a60e194fb,crmid:4429982108,9,3
b93826ef-7a33-11ea-bc1c-b88a60e194fb,crmid:4429982108,9,2
b93a23ce-7a33-11ea-8dd1-b88a60e194fb,crmid:4429982108,7,6
b93bf899-7a33-11ea-b7d6-b88a60e194fb,crmid:4429982108,7,1
b93d302f-7a33-11ea-96ac-b88a60e194fb,crmid:4429982108,2,8
b93e9113-7a33-11ea-ba53-b88a60e194fb,crmid:4429982108,4,8
b93fef26-7a33-11ea-8f88-b88a60e194fb,crmid:4429982108,2,9
b9417723-7a33-11ea-b58a-b88a60e194fb,crmid:4429982108,4,8
b942d6b8-7a33-11ea-939d-b88a60e194fb,crmid:4429982108,4,3
b944360a-7a33-11ea-b32d-b88a60e194fb,crmid:4429982108,8,1
b945bc55-7a33-11ea-a6b4-b88a60e194fb,crmid:4429982108,8,2
b947420c-7a33-11ea-9f12-b88a60e194fb,crmid:4429982108,1,3
b949b341-7a33-11ea-8b17-b88a60e194fb,crmid:4429982108,4,6
b94bfd13-7a33-11ea-b369-b88a60e194fb,crmid:4429982108,9,3
b94dd1d1-7a33-11ea-966a-b88a60e194fb,crmid:4429982108,4,9
b94fa6b0-7a33-11ea-9b7f-b88a60e194fb,crmid:4429982108,3,4
b951c977-7a33-11ea-8b85-b88a60e194fb,crmid:4429982108,4,3
b953033f-7a33-11ea-9d77-b88a60e194fb,crmid:4429982108,1,5
b95414b5-7a33-11ea-871c-b88a60e194fb,crmid:4429982108,1,7
b9554d4b-7a33-11ea-9e2c-b88a60e194fb,crmid:4429982108,4,4
b9565ea3-7a33-11ea-bc6c-b88a60e194fb,crmid:4429982108,9,7
b9579727-7a33-11ea-b905-b88a60e194fb,crmid:4429982108,5,3
b958a88c-7a33-11ea-99a4-b88a60e194fb,crmid:4429982108,4,6
b95a5644-7a33-11ea-8f99-b88a60e194fb,crmid:4429982108,9,8
b95bb5d5-7a33-11ea-9e7f-b88a60e194fb,crmid:4429982108,2,9
b95db1a3-7a33-11ea-b612-b88a60e194fb,crmid:4429982108,5,8
b95f11ea-7a33-11ea-8e9b-b88a60e194fb,crmid:4429982108,4,7
b9610bc2-7a33-11ea-a4ff-b88a60e194fb,crmid:4429982108,3,3
b9624567-7a33-11ea-b9ba-b88a60e194fb,crmid:4429982108,4,7
b963a39f-7a33-11ea-9733-b88a60e194fb,crmid:4429982108,2,7
b9650491-7a33-11ea-b2e5-b88a60e194fb,crmid:4429982108,3,5
b9666441-7a33-11ea-ae5a-b88a60e194fb,crmid:4429982108,2,9
b9679c97-7a33-11ea-9095-b88a60e194fb,crmid:4429982108,7,1
b968fc23-7a33-11ea-a2fa-b88a60e194fb,crmid:4429982108,7,7
b96aa979-7a33-11ea-a878-b88a60e194fb,crmid:4429982108,6,3
b96ca5b7-7a33-11ea-997c-b88a60e194fb,crmid:4429982108,7,8
b96e03eb-7a33-11ea-9494-b88a60e194fb,crmid:4429982108,4,6
b96f3dae-7a33-11ea-89ea-b88a60e194fb,crmid:4429982108,8,9
b970eb71-7a33-11ea-aaf7-b88a60e194fb,crmid:4429982108,1,3
b9724a8b-7a33-11ea-b59c-b88a60e194fb,crmid:4429982108,9,3
b973aa1d-7a33-11ea-8ca2-b88a60e194fb,crmid:4429982108,2,4
b97556c7-7a33-11ea-aed9-b88a60e194fb,crmid:4429982108,1,1
b976b675-7a33-11ea-982f-b88a60e194fb,crmid:4429982108,4,2
b97816ba-7a33-11ea-b4aa-b88a60e194fb,crmid:4429982108,5,6
b9794fd1-7a33-11ea-a996-b88a60e194fb,crmid:4429982108,1,3
b97ad608-7a33-11ea-aca3-b88a60e194fb,crmid:4429982108,9,8
b97c35e9-7a33-11ea-a4fa-b88a60e194fb,crmid:4429982108,4,6
b97d9431-7a33-11ea-825b-b88a60e194fb,crmid:4429982108,1,1
b97f42cd-7a33-11ea-b5a2-b88a60e194fb,crmid:4429982108,3,4
b9818cfb-7a33-11ea-9bc8-b88a60e194fb,crmid:4429982108,6,3
b98361dc-7a33-11ea-947e-b88a60e194fb,crmid:4429982108,7,4
b9853691-7a33-11ea-b87b-b88a60e194fb,crmid:4429982108,1,7
b98709f5-7a33-11ea-8beb-b88a60e194fb,crmid:4429982108,2,4
b9886ad5-7a33-11ea-a63b-b88a60e194fb,crmid:4429982108,4,3
b989f136-7a33-11ea-9853-b88a60e194fb,crmid:4429982108,1,1
b98c1365-7a33-11ea-b90f-b88a60e194fb,crmid:4429982108,1,8
b98d9b01-7a33-11ea-864f-b88a60e194fb,crmid:4429982108,9,5
b98efb4f-7a33-11ea-af44-b88a60e194fb,crmid:4429982108,2,6
b9905a0e-7a33-11ea-acb0-b88a60e194fb,crmid:4429982108,2,3
b991b846-7a33-11ea-acc1-b88a60e194fb,crmid:4429982108,5,4
b9938e5b-7a33-11ea-938e-b88a60e194fb,crmid:4429982108,9,5
b994c6fe-7a33-11ea-a783-b88a60e194fb,crmid:4429982108,9,8
b9962629-7a33-11ea-a820-b88a60e194fb,crmid:4429982108,8,2
b997d42b-7a33-11ea-b206-b88a60e194fb,crmid:4429982108,9,3
b999a8f3-7a33-11ea-ab29-b88a60e194fb,crmid:4429982108,1,7
b99a9344-7a33-11ea-900e-b88a60e194fb,crmid:4429982108,9,1
b99c1899-7a33-11ea-973d-b88a60e194fb,crmid:4429982108,4,3
b99d524d-7a33-11ea-9fb1-b88a60e194fb,crmid:4429982108,5,7
b99e8af3-7a33-11ea-8006-b88a60e194fb,crmid:4429982108,8,7
b9a1e62e-7a33-11ea-8f08-b88a60e194fb,crmid:4429982108,1,3
b9a34491-7a33-11ea-8bc5-b88a60e194fb,crmid:4429982108,3,3
b9a4a54e-7a33-11ea-bab6-b88a60e194fb,crmid:4429982108,3,2
b9a5dc87-7a33-11ea-8e98-b88a60e194fb,crmid:4429982108,1,2
b9a6ef3b-7a33-11ea-8465-b88a60e194fb,crmid:4429982108,2,8
b9a8264d-7a33-11ea-afd4-b88a60e194fb,crmid:4429982108,5,8
b9a98747-7a33-11ea-a121-b88a60e194fb,crmid:4429982108,4,3
b9aa71aa-7a33-11ea-8dd7-b88a60e194fb,crmid:4429982108,3,7
b9ac45d4-7a33-11ea-aaf1-b88a60e194fb,crmid:4429982108,8,3
b9adcd1a-7a33-11ea-aaf1-b88a60e194fb,crmid:4429982108,6,8
b9af2c95-7a33-11ea-9461-b88a60e194fb,crmid:4429982108,5,7
b9b1285c-7a33-11ea-979a-b88a60e194fb,crmid:4429982108,4,8
b9b2af07-7a33-11ea-ab01-b88a60e194fb,crmid:4429982108,4,7
b9b40e87-7a33-11ea-b0e0-b88a60e194fb,crmid:4429982108,2,7
b9b59528-7a33-11ea-a35d-b88a60e194fb,crmid:4429982108,3,2
b9b6f4d9-7a33-11ea-9fde-b88a60e194fb,crmid:4429982108,5,7
b9b87b06-7a33-11ea-ae2c-b88a60e194fb,crmid:4429982108,3,7
b9b9b3b1-7a33-11ea-a7d2-b88a60e194fb,crmid:4429982108,1,7
b9bb6181-7a33-11ea-acf7-b88a60e194fb,crmid:4429982108,1,2
b9bc98af-7a33-11ea-99dd-b88a60e194fb,crmid:4429982108,3,2
b9bdab0d-7a33-11ea-a1de-b88a60e194fb,crmid:4429982108,4,9
b9bf0a25-7a33-11ea-b52c-b88a60e194fb,crmid:4429982108,9,3
b9c09144-7a33-11ea-8396-b88a60e194fb,crmid:4429982108,3,5
b9c217e3-7a33-11ea-9a7a-b88a60e194fb,crmid:4429982108,2,7
b9c3504d-7a33-11ea-a48d-b88a60e194fb,crmid:4429982108,6,2
b9c4d66f-7a33-11ea-aa78-b88a60e194fb,crmid:4429982108,2,3
b9c684fb-7a33-11ea-a53d-b88a60e194fb,crmid:4429982108,3,8
b9c80bb9-7a33-11ea-87c7-b88a60e194fb,crmid:4429982108,3,5
b9c8f600-7a33-11ea-8cdb-b88a60e194fb,crmid:4429982108,2,7
b9ca5599-7a33-11ea-8dc9-b88a60e194fb,crmid:4429982108,9,8
b9cb8e0b-7a33-11ea-b6e5-b88a60e194fb,crmid:4429982108,8,5
b9ccc545-7a33-11ea-8585-b88a60e194fb,crmid:4429982108,3,8
b9ce2615-7a33-11ea-836b-b88a60e194fb,crmid:4429982108,1,7
b9cfd297-7a33-11ea-86c3-b88a60e194fb,crmid:4429982108,9,4
b9d1800b-7a33-11ea-b368-b88a60e194fb,crmid:4429982108,9,7
b9d306da-7a33-11ea-8610-b88a60e194fb,crmid:4429982108,9,8
b9d48d7b-7a33-11ea-a46f-b88a60e194fb,crmid:4429982108,1,8
b9d5ed4b-7a33-11ea-9e39-b88a60e194fb,crmid:4429982108,2,7
b9d7c18d-7a33-11ea-b003-b88a60e194fb,crmid:4429982108,5,3
b9d99651-7a33-11ea-a769-b88a60e194fb,crmid:4429982108,4,9
b9db1d01-7a33-11ea-beed-b88a60e194fb,crmid:4429982108,4,3
b9dca38b-7a33-11ea-a25e-b88a60e194fb,crmid:4429982108,8,8
b9de5276-7a33-11ea-b13f-b88a60e194fb,crmid:4429982108,5,1
b9df63bf-7a33-11ea-911b-b88a60e194fb,crmid:4429982108,6,8
b9e09c78-7a33-11ea-8498-b88a60e194fb,crmid:4429982108,3,9
b9e1fab5-7a33-11ea-b810-b88a60e194fb,crmid:4429982108,1,3
b9e3cf6d-7a33-11ea-9575-b88a60e194fb,crmid:4429982108,2,4
b9e52ef9-7a33-11ea-909f-b88a60e194fb,crmid:4429982108,2,7
b9e66791-7a33-11ea-9b9c-b88a60e194fb,crmid:4429982108,9,1
b9e7c70d-7a33-11ea-ab49-b88a60e194fb,crmid:4429982108,5,3
b9e94dc0-7a33-11ea-942d-b88a60e194fb,crmid:4429982108,9,8
b9ead45d-7a33-11ea-b338-b88a60e194fb,crmid:4429982108,8,2
b9eca92d-7a33-11ea-9195-b88a60e194fb,crmid:4429982108,1,9
b9eecda5-7a33-11ea-8b15-b88a60e194fb,crmid:4429982108,9,2
b9f052a5-7a33-11ea-a933-b88a60e194fb,crmid:4429982108,5,4
b9f2755e-7a33-11ea-a9f4-b88a60e194fb,crmid:4429982108,5,6
b9f4231d-7a33-11ea-a85d-b88a60e194fb,crmid:4429982108,5,2
b9f62029-7a33-11ea-9b37-b88a60e194fb,crmid:4429982108,2,7
b9f77fcd-7a33-11ea-8166-b88a60e194fb,crmid:4429982108,9,7
b9f8df6e-7a33-11ea-a6b6-b88a60e194fb,crmid:4429982108,9,5
b9fa1679-7a33-11ea-bf0a-b88a60e194fb,crmid:4429982108,2,3
b9fb7601-7a33-11ea-9af7-b88a60e194fb,crmid:4429982108,7,4
b9fd2509-7a33-11ea-b6ce-b88a60e194fb,crmid:4429982108,5,4
b9fed280-7a33-11ea-a3d0-b88a60e194fb,crmid:4429982108,6,7
ba00a774-7a33-11ea-be5d-b88a60e194fb,crmid:4429982108,3,4
ba01dffb-7a33-11ea-b573-b88a60e194fb,crmid:4429982108,3,1
ba038d90-7a33-11ea-b873-b88a60e194fb,crmid:4429982108,4,2
ba056108-7a33-11ea-8d4c-b88a60e194fb,crmid:4429982108,7,9
ba069af7-7a33-11ea-b955-b88a60e194fb,crmid:4429982108,5,7
ba07fa75-7a33-11ea-b673-b88a60e194fb,crmid:4429982108,6,7
ba09f671-7a33-11ea-8f83-b88a60e194fb,crmid:4429982108,1,8
