crmid,email,first_name,last_name,gender,mobile telephone,city,country,zip,state,street address,birthday,historicalpoints
crmid:8820971601,hummingbird1965@yahoo.com,Arron,Hawkins,,128-985-9062,Opelika,United States,86040,Maine,663 Divisadero,1991-12-21,2595
crmid:6130077682,chimbley2046@yandex.com,Lavone,Benton,female,348-712-2440,Vista,United States,97592,Texas,179 Ecker,1959-10-10,2784
crmid:1120906719,fatuities1866@yandex.com,Devon,Levy,,201-960-1443,Spartanburg,United States,31961,Georgia,493 Trader Vic,1976-03-27,1759
crmid:6299815034,bajury1868@outlook.com,Brice,Baxter,male,053-469-9556,Rancho Santa Margarita,United States,90510,Oklahoma,806 Capra,1931-02-02,2129
crmid:1163976911,overshined2052@yahoo.com,Alec,Ramirez,,644-777-9913,Lombard,United States,39803,New York,1317 Pueblo,1984-07-27,1221
crmid:2851557917,cameraman1894@yahoo.com,Augustine,Rocha,male,470-648-8761,Pullman,United States,60074,Idaho,862 Sfgh Access,1939-12-02,2583
crmid:9182342163,pastilled2042@gmail.com,Oswaldo,Mueller,,429-490-1232,Orlando,United States,75724,Wyoming,1305 Ripley,1968-04-29,2867
crmid:3000627642,chaja1936@live.com,Eladia,Gilmore,female,498-672-1419,Rockledge,United States,19173,Louisiana,843 Baltimore,1955-11-27,972
crmid:8877679925,spoonyism2025@yahoo.com,Ward,Hurst,male,978-102-4692,Bartow,United States,53497,Kentucky,90 Esmeralda,1936-10-15,1283
crmid:6484306243,albizzia2008@yahoo.com,Adolph,Graves,male,763-189-9949,Pampa,United States,97336,Oklahoma,1162 Persia,1934-01-12,1296
crmid:3314644129,antsier1861@gmail.com,Evan,Henderson,,558-252-8392,Plainfield,United States,79778,Illinois,221 Panama,1987-04-25,1521
crmid:7792718059,centrarchidae1917@outlook.com,Anderson,Whitley,male,767-357-9126,Walla Walla,United States,70798,Iowa,134 Ravenwood,1936-01-31,2981
crmid:8155631926,exterminatress2030@gmail.com,Quinn,Glover,,407-516-1876,Sheboygan,United States,62464,Arkansas,924 Evergreen,1968-04-10,2189
crmid:9050981233,coward1833@outlook.com,Louis,Solomon,male,780-134-5102,Burien,United States,35053,Virginia,161 Mendell,1942-06-27,1691
crmid:7647336218,centrarchidae1847@yandex.com,Wilton,Grant,,158-084-1015,Rockledge,United States,46256,Wyoming,324 Gold,1990-12-22,825
crmid:8803799079,nonswimming1908@gmail.com,Jonathon,Copeland,,063-136-0046,Haverhill,United States,83986,Illinois,366 Avenue M,1970-01-12,1921
crmid:2044551847,angelfish1932@outlook.com,Agustin,King,,883-385-6018,Klamath Falls,United States,26477,Ohio,737 India,1978-04-07,997
crmid:9175563737,redpanda1900@outlook.com,Lane,Davenport,,721-389-8599,Keller,United States,71025,Illinois,1039 Seacliff,1977-12-25,1372
crmid:4631755484,syzygetic2012@yandex.com,Mikki,Marsh,female,006-244-4788,Dayton,United States,37811,Nebraska,96 Brady,1953-06-18,1683
crmid:5921022617,species2051@live.com,Hugh,Savage,,126-025-2985,Indianapolis,United States,57482,New York,335 Saroyan,1974-09-13,613
crmid:5059840245,promorphologist1955@yandex.com,Chi,Frost,,793-926-1046,Perrysburg,United States,37573,Washington,1137 Lilac,1969-07-18,1434
crmid:6214532531,viking1913@yahoo.com,Dion,Camacho,male,379-023-9967,Owatonna,United States,70615,Wisconsin,655 Great,1930-12-22,765
crmid:6135283507,unrooted1857@yahoo.com,Rufus,Strong,male,091-648-7945,Queen Creek,United States,07861,Arizona,383 Hillside,1935-08-28,1007
crmid:7432335821,bonita2030@gmail.com,Manual,Barron,,864-284-5670,Rocky Mount,United States,89439,Rhode Island,88 Oak,1993-01-12,1684
crmid:8088610725,goshawk1998@yandex.com,Julius,Carlson,,475-804-1666,Fuquay-Varina,United States,23157,Washington,553 Poplar,1964-05-13,1488
crmid:1847527761,untinctured1820@yandex.com,Hung,Berry,,604-113-3623,Inver Grove Heights,United States,88257,California,610 Gennessee,1974-04-26,1111
crmid:3507026749,hump1844@outlook.com,Coleman,Thompson,,633-321-3109,Kingston,United States,46689,Colorado,649 Bayview Park,1977-08-13,2592
crmid:9936474360,capistrano1862@yahoo.com,Mauricio,Bray,,375-293-7683,Richfield,United States,74009,Delaware,770 Virginia,1991-07-13,2753
crmid:5853329244,himalayan1915@yahoo.com,Obdulia,Combs,female,840-459-3094,Santa Monica,United States,98838,Maine,844 Grijalva,1961-07-06,421
crmid:5644915207,cornishman1861@live.com,Colin,Grimes,,436-670-0353,Lakeville,United States,04378,Delaware,839 Rossi,1980-02-10,2440
crmid:2294986554,bosomy1905@live.com,Jorge,Carr,male,678-007-2908,Cambridge,United States,34267,Virginia,630 Bosworth,1943-06-05,824
crmid:8715321541,lucidity1960@outlook.com,Antoine,Velazquez,male,466-442-0120,Seaside,United States,80996,Massachusetts,929 Balboa,1932-01-29,815
crmid:4022226601,species1918@gmail.com,Shea,Vega,female,594-051-8317,Emporia,United States,79716,Iowa,1061 Rosenkranz,1959-12-15,1304
crmid:3973307332,arsenium1843@yahoo.com,Denae,Chang,female,118-286-5840,Chino Hills,United States,61970,Tennessee,396 Cyril Magnin,1947-11-04,1696
crmid:2672750007,revetoed1976@live.com,Joan,Schneider,male,844-886-9541,Northport,United States,77578,Montana,394 Merrill,1999-02-23,2039
crmid:2767668338,reamalgamated1921@live.com,Jon,Hartman,female,791-228-2575,Covina,United States,24650,New York,118 Freelon,1951-04-13,1837
crmid:3251558263,nervimuscular1840@live.com,Boyd,Rose,,966-464-5669,Indian Trail,United States,35729,Minnesota,1312 Julius,1974-07-11,1430
crmid:6544639716,speisscobalt2039@gmail.com,Marni,Atkinson,female,763-042-6377,Port Huron,United States,10447,Texas,1180 Martin Luther King Jr,1947-06-01,2638
crmid:3630627842,cise1851@gmail.com,Sung,Hays,,861-595-7526,Forest Lake,United States,91268,Montana,1361 Bob Kaufman,1962-11-04,1821
crmid:6424676859,abstruseness2030@outlook.com,Dalila,Ramsey,female,719-612-9970,Elizabeth City,United States,15147,Illinois,245 Hilton,1959-02-24,1822
crmid:7666753431,plainswomen1938@outlook.com,Courtney,Campbell,,791-085-9055,West Lafayette,United States,84341,Arkansas,1170 John F Kennedy,1990-06-09,1471
crmid:3336792517,azoturias2060@outlook.com,Denny,Bradford,male,469-023-4501,Cartersville,United States,80866,Louisiana,318 Freeman,1944-03-03,576
crmid:4782612230,neurocity2033@yahoo.com,Arron,Campos,male,256-307-6362,Cedar Falls,United States,70377,Maine,532 Leavenworth,1945-01-05,2108
crmid:3274076480,alyre1801@live.com,Kerry,Schmidt,,145-525-1489,Oakland Park,United States,31583,Alabama,399 Boardman,1978-11-04,2042
crmid:2466321356,peculated1969@live.com,Kasi,Stark,female,413-531-3355,Euclid,United States,68634,Oregon,1160 Delancey,1960-10-09,2958
crmid:2484344241,mibound2055@yahoo.com,Louie,Riggs,,410-469-6178,Garfield,United States,68537,Wisconsin,1389 Main,1965-11-30,967
crmid:4358714453,calcine2020@yahoo.com,Kirstie,Romero,female,088-946-0089,Stephenville,United States,72704,Alabama,155 Idora,1950-05-25,1314
crmid:2267557184,cottontail1989@gmail.com,Joesph,Hayes,,412-285-4868,McKeesport,United States,60083,Alabama,646 Newcomb,1988-12-26,2549
crmid:5421028816,brindlish2002@live.com,Alica,Leonard,female,242-060-5024,Norwood,United States,50933,Iowa,431 Steveloe,1946-01-17,1667
crmid:3481766138,evened2044@yahoo.com,Soo,Wade,female,258-832-0190,Sachse,United States,29642,North Dakota,473 India,1959-08-30,524
crmid:6139997600,magirological2000@outlook.com,Travis,Tillman,,080-862-3441,Xenia,United States,96555,Montana,531 Bromley,1965-11-04,1311
crmid:1204310533,kiwifruit1833@live.com,Noble,Schroeder,,137-665-9879,Seattle,United States,53924,New Mexico,1244 Brewster,1970-05-10,1042
crmid:3685846648,cailliach1835@yandex.com,Chris,Zamora,male,839-622-9886,Angleton,United States,59976,North Carolina,1054 Minerva,1932-10-03,782
crmid:9484968070,irradiated1906@gmail.com,Jeffry,Acosta,,565-270-5326,Searcy,United States,46922,Alabama,1362 Rico,1983-02-23,2078
crmid:8847929396,horse1981@gmail.com,Edmundo,Maxwell,,904-686-6072,Newton,United States,28985,Colorado,1111 Paulding,1997-05-29,1834
crmid:7906701835,nonmarriageableness1950@live.com,Jamie,Watson,,182-659-8751,Sheboygan,United States,43599,South Dakota,1017 Lapham,1985-10-11,2241
crmid:9667010508,eastland2031@yandex.com,Benny,Rocha,male,469-255-6250,Oak Park,United States,00145,Utah,607 Mansfield,1932-12-02,1494
crmid:2244330969,doubledecker2042@gmail.com,Vannesa,Dennis,female,574-017-2575,Waterbury,United States,29204,North Dakota,942 Wentworth,1956-11-17,2203
crmid:7736153818,belanda2051@live.com,Spencer,Osborn,,351-662-7715,Geneva,United States,40598,New York,788 Linares,1965-07-27,1338
crmid:3450981516,absolute1875@live.com,Lashandra,Pollard,female,472-411-6251,Niles,United States,17764,Pennsylvania,166 Lansdale,1997-04-10,2879
crmid:5568243442,deprive1909@yandex.com,Trey,Buchanan,,798-027-2920,Hallandale Beach,United States,16052,Indiana,1102 Icehouse,1969-03-31,2475
crmid:5799275302,crinoline1858@outlook.com,Jacob,Briggs,,144-681-2683,Loveland,United States,40251,Georgia,914 El Camino Del Mar,1984-08-30,309
crmid:7205233540,quinidin1814@yahoo.com,Roscoe,Macias,,058-156-7437,Van Buren,United States,74319,New York,1317 Vinton,1992-10-13,1777
crmid:1415780200,auditoria1849@yandex.com,Drew,Rocha,,288-335-9023,Taylor,United States,30129,Connecticut,1277 Harbor,1977-04-03,1492
crmid:9778838172,gothish1839@yahoo.com,Adena,Eaton,female,653-600-9705,Oviedo,United States,72285,California,1265 Dormitory,1958-01-09,2586
crmid:1523462303,loudmouthed2009@gmail.com,Roselee,Yates,female,508-700-0135,Cornelius,United States,66965,Arkansas,579 Lydia,1950-10-23,794
crmid:4712280173,foeship1901@gmail.com,Demarcus,Burke,,540-793-2712,Miami Lakes,United States,12115,Oregon,118 Tamalpais,1990-02-01,1787
crmid:8192001221,snails1926@yahoo.com,Harley,Sims,,715-282-0334,Grapevine,United States,75270,Kansas,409 Clement,1967-06-17,2151
crmid:3155428933,reaper1945@outlook.com,Signe,Monroe,female,689-724-0153,St. Marys,United States,72480,Ohio,1347 Kiska,1961-12-16,814
crmid:3556173391,alliya1915@gmail.com,Lon,Palmer,male,285-945-1161,Arlington Heights,United States,63992,Kentucky,953 Tulane,1933-10-24,1387
crmid:5600468776,biomagnetic1961@gmail.com,Will,Alston,,904-745-3810,Kinston,United States,55503,Virginia,837 Ceres,1978-09-10,745
crmid:8420232420,demons1881@outlook.com,Jutta,Manning,female,139-647-2701,Coon Rapids,United States,25114,Florida,1334 Buchanan,1950-04-18,1561
crmid:9703443874,washy2006@yandex.com,Truman,Bowman,,681-724-5850,Pleasanton,United States,52052,Montana,400 Baker,1996-10-09,474
crmid:3518963326,nebraskan1918@gmail.com,Kerstin,Holcomb,female,794-415-0785,Douglas,United States,28127,New York,421 Spruce,1955-05-14,454
crmid:4217408769,raincoat1896@outlook.com,Kennith,Mosley,male,125-557-5122,Visalia,United States,58667,Illinois,334 Pulaski,1999-01-27,1814
crmid:6197637498,tetra1959@gmail.com,Vanda,Jones,female,795-309-1712,Eagle,United States,50797,Kentucky,77 Yukon,1956-09-16,2781
crmid:1991156995,sextur1898@yandex.com,Geoffrey,Nunez,,847-982-7980,Whitehall,United States,33966,Michigan,425 Shore View,1978-11-11,1308
crmid:1961059806,iguana1979@gmail.com,Lashandra,Mcdonald,female,294-969-0206,Waterloo,United States,22063,Kentucky,564 Sequoia,1961-11-10,1009
crmid:1443116565,berlitz1948@yandex.com,Chase,Skinner,,984-202-2873,Las Cruces,United States,56881,Massachusetts,49 Darien,1981-10-12,2837
crmid:7281015479,misnames1872@yahoo.com,Garrett,Jacobs,,071-753-9746,Royal Oak,United States,96734,Iowa,699 San Aleso,1974-06-14,580
crmid:6334652226,chipped1979@outlook.com,Kirby,Hancock,,627-227-3246,Orem,United States,84651,Michigan,1328 Nichols,1995-08-24,1934
crmid:2680467921,concertizes1896@live.com,Bruno,Hall,male,093-092-9542,Belvidere,United States,73749,Kansas,1127 Brotherhood,1938-02-12,1185
crmid:6271947602,paradise1834@yandex.com,Rickey,Sexton,male,670-556-7613,Bentonville,United States,42797,Kentucky,55 Pine,1938-08-26,2302
crmid:8307710608,stelic1956@gmail.com,Annamaria,Mason,female,696-383-7576,Oakland Park,United States,15836,Massachusetts,623 Reeves,1949-01-18,1330
crmid:7293852007,mediums1958@gmail.com,Phillip,Meyers,male,240-999-2316,Woodburn,United States,06669,Arizona,364 Greenwood,1938-08-20,1361
crmid:3261170576,wongsky1936@gmail.com,Wesley,Walters,male,938-866-4663,Altoona,United States,79467,Oregon,1100 Jasper,1932-10-30,413
crmid:2371346095,tortulaceous1946@gmail.com,Grant,Schmidt,,378-501-4684,Lakewood,United States,82279,Maryland,317 Krausgrill,1980-02-08,1401
crmid:7134683618,saucerman2064@yahoo.com,Shawn,Benton,male,330-698-4598,Belleville,United States,75766,Massachusetts,79 Juanita,1937-12-28,2108
crmid:6306400682,eyetooth1867@gmail.com,Leopoldo,Mcfadden,male,821-615-6822,Orland Park,United States,13748,Wisconsin,20 Iowa,1944-12-12,1591
crmid:9341432686,adolph1999@yahoo.com,Stacy,Young,,725-658-7615,Wilkes-Barre,United States,55874,Minnesota,800 Louisiana,1996-06-27,417
crmid:4657326351,forgoer2003@live.com,Les,Castro,,051-101-5465,Huntley,United States,79138,Maine,244 Paramount,1974-09-30,2471
crmid:2172599824,chrysanthemum2012@gmail.com,Ruthe,Hines,female,007-153-9108,Fayetteville,United States,74074,Colorado,824 Anglo,1961-08-14,2994
crmid:1199929581,goldfish1948@live.com,Lawrence,Schneider,,923-855-3381,La Quinta,United States,85342,South Dakota,817 Julius,1979-02-18,548
crmid:2701766231,missilery1960@yahoo.com,Brittanie,Mccarthy,female,115-407-2026,Ramsey,United States,87536,Oklahoma,177 Continuum,1947-12-02,839
crmid:4981210826,subarcuation2005@yandex.com,Ruben,Meadows,male,656-693-9449,South Salt Lake,United States,70534,Arkansas,1161 Ritch,1936-08-20,2020
crmid:8249271109,synaxes1826@gmail.com,Elmer,Mcclure,,030-570-3604,Passaic,United States,87717,New Jersey,371 Sproule,1969-03-25,1334
crmid:1096672282,crabby2030@live.com,Russ,Wilson,male,447-025-7432,Oshkosh,United States,60908,Montana,191 Spreckels Lake,1931-08-31,499
crmid:8645069635,uniserial2052@outlook.com,Maria,Bentley,,935-327-7328,Moline,United States,35384,Arizona,1152 Onique,1992-06-16,487
crmid:7132214176,nasociliary2005@gmail.com,Lewis,Baker,male,311-648-2798,Blaine,United States,31440,Mississippi,67 Colby,1939-06-01,2100
crmid:1838867030,chrystal2049@yahoo.com,Nestor,Moreno,,111-718-8587,South El Monte,United States,73760,South Dakota,484 La Avanzada,1978-04-23,1814
crmid:9093843414,ceratins1849@gmail.com,Seth,Thompson,,834-687-4472,Suisun City,United States,71581,Missouri,802 Alder,1981-02-04,1221
crmid:1763717442,breaststroker1801@outlook.com,Amos,Mckee,male,340-368-6801,Battle Creek,United States,05901,New Jersey,781 Cascade,1936-01-19,2467
crmid:8556792110,saltish2065@yahoo.com,Carley,French,female,399-463-1454,Rutherford,United States,78513,Maryland,655 Topeka,1947-02-10,2099
crmid:9600754398,perfusate2015@live.com,Weston,Farley,,649-296-0584,Tukwila,United States,64975,Tennessee,433 Bowling Green,1990-09-25,2463
crmid:2027381340,ephemeron2038@outlook.com,Fe,Reese,female,311-993-8619,New Port Richey,United States,27668,Iowa,692 North Gate,1996-04-06,2111
crmid:2831303171,nitrosify1830@outlook.com,Vincent,Morris,,108-356-4010,Roseville,United States,85205,Pennsylvania,121 Dormitory,1999-06-08,1525
crmid:2029351908,bogland2035@outlook.com,Scott,Sherman,,042-392-1376,Fort Lee,United States,23894,Arkansas,927 Marvel,1963-04-09,1606
crmid:5798213489,saltee1813@live.com,Darryl,Gross,,318-805-9370,Port Orange,United States,93546,New Mexico,736 Cypress,1999-06-20,1421
crmid:9286057957,deflatable2053@yahoo.com,Piedad,Keller,female,887-514-6496,Cleveland Heights,United States,43411,Connecticut,1051 Starr King,1948-07-16,1864
crmid:4643769673,commanded1906@outlook.com,Homer,Harmon,,321-797-9682,Norwich,United States,44663,Georgia,855 Genoa,1999-08-01,822
crmid:8064864369,cuscus2061@yandex.com,Ling,Trujillo,female,609-786-0738,Washington,United States,23123,Florida,1153 Blandy,1959-05-29,2201
crmid:5137950987,monstrify1984@yandex.com,Danika,Michael,female,361-109-7230,Sumter,United States,26233,Tennessee,274 Dwight,1961-02-20,1946
crmid:5031845681,grunting1904@live.com,Sumiko,Cline,female,147-712-5726,East Moline,United States,61207,South Dakota,276 Yorba,1957-11-16,1266
crmid:6000878945,chazans1843@outlook.com,Joan,Dillon,,612-694-6473,Irvine,United States,63397,South Dakota,142 Carnelian,1975-11-02,2064
crmid:7383539402,dove1968@live.com,Coleman,Russell,,838-829-5927,La Vergne,United States,90957,Alabama,755 Marist,1979-11-03,1482
crmid:4382232684,arrowy1851@gmail.com,Pasquale,Bowen,,678-126-4565,Vancouver,United States,43496,Connecticut,1334 Eugenia,1983-08-13,2133
crmid:6979479439,browning1896@yandex.com,Noah,Moore,male,270-650-8448,North Chicago,United States,88419,Illinois,557 Bigelow,1998-01-14,2187
crmid:4467997219,darrin1974@live.com,Layla,Glass,female,966-671-8501,Colton,United States,29339,Rhode Island,1072 Butte,1949-05-11,2984
crmid:2874487100,casas1974@yahoo.com,Damon,Waller,,800-886-4583,Newburgh,United States,40123,Connecticut,67 Broadmoor,1997-08-07,993
crmid:9080865532,humidified1817@yahoo.com,Carmelo,Warren,,313-824-2246,Minneapolis,United States,79968,Mississippi,70 Olympic Country Club,1991-07-31,2172
crmid:4363491776,havanese1927@gmail.com,Ricky,Haley,male,452-568-3559,Sevierville,United States,94952,Vermont,1397 Peabody,1935-08-12,386
crmid:2390185549,spieler1862@outlook.com,Solomon,Kaufman,,740-584-5495,Waterbury,United States,40245,Oregon,1340 Cotter,1984-09-04,2064
crmid:6363669969,chipmunk2063@outlook.com,Reinaldo,Hendrix,male,163-481-5067,Owasso,United States,08359,North Carolina,388 Clarkson,1940-08-13,1809
crmid:9737223108,homologoumena1940@yandex.com,Cher,Page,female,465-156-0540,West Allis,United States,20124,Tennessee,1027 Northridge,1959-12-03,1050
crmid:8724631500,argento1975@gmail.com,Noriko,Bruce,female,120-104-4356,Durham,United States,30312,Arkansas,286 Hyde,1956-07-04,1439
crmid:2879298019,forehead1851@yahoo.com,Neely,Flores,female,345-160-2602,Fairborn,United States,37813,Nebraska,1163 Columbia Square,1961-07-10,402
crmid:3621640547,scaldweed1835@live.com,Monte,Reese,male,448-922-1255,Annapolis,United States,97779,New York,728 Sierra,1933-07-24,607
crmid:5217307588,semidiaphanously1832@yahoo.com,Lyndon,Rivers,male,011-846-3437,Butte-Silver Bow,United States,37554,Illinois,687 Crescio,1943-06-25,2213
crmid:9488386359,pantheistical1943@yandex.com,Jesus,Dunlap,,424-262-5539,Glendale,United States,52931,West Virginia,604 Keppler,1966-09-25,1209
crmid:8373164147,dinners2021@yandex.com,Ricardo,Fitzgerald,male,351-573-6438,Alpharetta,United States,87274,Michigan,1128 Kenwood,1931-12-16,539
crmid:7084772243,sheep1903@yahoo.com,Napoleon,Crane,male,746-231-0824,Bessemer,United States,94909,New Hampshire,867 Emerson,1938-11-14,620
crmid:6577099482,dona1954@yahoo.com,Lory,Sears,female,110-105-8983,Trenton,United States,13728,Illinois,904 Coventry,1948-10-11,2820
crmid:6249018501,skycap1976@gmail.com,Man,Gould,,134-920-7507,Huber Heights,United States,18930,Minnesota,330 Bowley,1973-02-28,2560
crmid:8007945536,acquisita1850@gmail.com,Timothy,Blair,male,488-662-7608,Cary,United States,95958,Montana,146 Venard,1945-12-18,2092
crmid:2493756960,sparkplugging1953@live.com,Rene,Mcintosh,male,537-029-8814,Yorkville,United States,68884,Montana,616 San Juan,1933-08-19,2212
crmid:5502344273,falchion1990@yahoo.com,Ruben,Peters,,961-068-2793,Maryville,United States,16782,Mississippi,1245 Bernice Rodgers,1987-03-09,2828
crmid:3685130500,pig1845@live.com,Troy,Navarro,,510-810-7112,Tukwila,United States,63826,Georgia,374 Castelo,1971-07-29,1822
crmid:9792860089,paradise1803@gmail.com,Thomasena,Scott,female,884-211-0027,Daly City,United States,51754,Michigan,576 Ross,1952-09-26,1853
crmid:6104008958,compose2068@gmail.com,Bibi,Craft,female,766-431-5211,Clemmons,United States,01576,South Carolina,957 Alberta,1948-01-07,1686
crmid:8783307802,usaron1911@yandex.com,Belkis,Chan,female,411-001-1244,Socorro,United States,21632,North Dakota,277 Exeter,1955-01-06,1945
crmid:5721882829,pennyroyal1888@yahoo.com,Scottie,Rowland,,988-814-7407,Jupiter,United States,23785,Idaho,5 Channel,1976-04-02,1310
crmid:4241609878,carmina2047@gmail.com,Donte,Mckee,,588-691-5693,Keizer,United States,79365,Wyoming,1189 Simonds,1976-12-01,1673
crmid:9060902618,subclans1806@yahoo.com,Madelene,Gill,female,217-409-8602,Coalinga,United States,33056,South Carolina,821 Rockaway,1948-06-11,1168
crmid:5281836573,desirae1851@live.com,Maurice,Shelton,,134-765-3982,Jonesboro,United States,33999,Nebraska,1311 Collins,1976-07-08,2561
crmid:2932089556,biomagnetic1933@outlook.com,Valentine,Richardson,,587-195-2865,Vero Beach,United States,20565,Maryland,1123 Iowa,1962-01-02,2087
crmid:9941771682,bobcat1997@outlook.com,Junko,Blair,female,378-019-9909,Ennis,United States,99033,Montana,113 Louisburg,1960-12-30,2589
crmid:6093084852,thurnia1984@yahoo.com,Otis,Thomas,male,333-284-5946,Central Point,United States,98338,Mississippi,621 Genebern,1945-08-29,2823
crmid:3246759676,syncretion1917@gmail.com,Tamatha,Williamson,female,384-144-0513,Darien,United States,40693,Maryland,376 Pinar,1953-08-31,1243
crmid:1325872745,barrels1802@yahoo.com,Britta,Puckett,female,224-721-2937,Ozark,United States,20793,New York,542 Lafayette,1961-01-24,1885
crmid:4929439935,megaloenteron1884@gmail.com,Lorrine,Duke,female,249-651-2592,Duncanville,United States,30613,Idaho,263 Santa Rosa,1956-06-08,1718
crmid:1172244346,zoner2010@yandex.com,Dwain,Shannon,male,341-155-4856,Castle Rock,United States,17438,Idaho,1222 Erie,1945-03-27,701
crmid:5282239187,gouger1914@yahoo.com,Lucius,Travis,,806-487-4919,New Rochelle,United States,63418,Massachusetts,1320 Plum,1996-11-29,434
crmid:1275196723,edifier2056@gmail.com,Jerrold,Cleveland,male,862-408-6958,Ansonia,United States,91492,Hawaii,504 Bridgeview,1933-05-06,1625
crmid:4638895055,convict1860@gmail.com,Deon,Shelton,,424-072-6751,Jeffersonville,United States,25101,New York,910 Juri,1975-05-24,2365
crmid:2298733274,installation2042@yandex.com,Denita,Parker,female,024-504-1216,Encinitas,United States,66819,Tennessee,1004 Seminole,1959-11-04,2768
crmid:7458776497,platypus1976@gmail.com,Moses,Frazier,,852-045-5345,Issaquah,United States,48408,Delaware,1057 Dolores,1975-08-18,2348
crmid:8283974027,shrimpier2047@yahoo.com,Norbert,Matthews,,004-461-1538,Highland,United States,57042,South Dakota,573 Silliman,1971-09-23,2349
crmid:2956418648,bewitching2059@live.com,Erasmo,Quinn,,843-294-0726,Stevens Point,United States,65182,Washington,1107 Payson,1985-10-20,2837
crmid:7240402426,consultant1989@yandex.com,Nakesha,Valentine,female,256-581-3648,Colton,United States,31780,California,1059 Sunglow,1949-07-29,2462
crmid:1425758467,deposit1985@outlook.com,Jarvis,Woodward,,838-971-2738,Gaithersburg,United States,77679,Massachusetts,210 Mountview,1964-12-03,1423
crmid:9917918716,claudicate2058@live.com,Leandro,Davidson,,309-431-4911,Windsor,United States,43346,Minnesota,1013 Nimitz,1987-06-13,2413
crmid:6805990793,bowered1896@outlook.com,Marcus,Salazar,,349-393-9061,Honolulu,United States,73774,Tennessee,1069 Olive,1973-12-13,1483
crmid:2100792942,poohing1884@live.com,Vaughn,Benton,male,760-368-4015,Bryan,United States,65483,South Carolina,668 Beideman,1942-10-24,1179
crmid:3795038247,scroll1898@live.com,Rich,Ramsey,male,774-140-4577,Van Buren,United States,64387,Massachusetts,929 Terrace,1941-08-24,2947
crmid:1648279242,quebrachos1947@gmail.com,Moses,Hendrix,male,519-852-9064,Myrtle Beach,United States,13977,California,337 Brice,1995-02-14,911
crmid:3949920444,dubose1995@gmail.com,Ervin,Davidson,,660-074-7815,South Holland,United States,68292,Missouri,1351 Darrell,1970-06-07,817
crmid:1594522513,dresel1917@yahoo.com,Melvin,Franco,female,614-120-8517,Fairhope,United States,37170,Iowa,1000 Cyrus,1961-06-10,2712
crmid:6524993780,edlin2001@gmail.com,Roy,Compton,male,615-304-8889,Portage,United States,01537,Georgia,573 Delmar,1931-08-07,988
crmid:5588415363,quoll1878@outlook.com,Many,Mann,female,630-830-3934,Chino Hills,United States,35616,Mississippi,143 Jefferson,1947-06-18,1758
crmid:6748005383,biggonet1870@outlook.com,Tamisha,Sims,female,722-988-4082,St. Joseph,United States,14585,Florida,180 Signal,1951-10-16,1623
crmid:1133291106,exceedingly1825@outlook.com,Jefferey,Hutchinson,,682-009-0918,Stephenville,United States,78312,North Dakota,104 Shipley,1975-08-05,580
crmid:2629161828,acana1989@outlook.com,Robbie,Chang,,078-605-0737,Wake Forest,United States,43610,Alabama,435 Baywood,1989-09-12,1841
crmid:1649725796,landmark2012@live.com,Joannie,Wood,female,430-529-4165,Davis,United States,69444,Massachusetts,402 Anderson,1953-10-08,1972
crmid:4172852303,undescendent1962@outlook.com,Jin,Avila,female,834-560-1469,Colonial Heights,United States,25383,New York,1145 Van Dyke,1949-04-01,1096
crmid:2359125673,yatigan1928@yahoo.com,Danille,Kane,female,753-989-5683,Natchez,United States,14876,Kentucky,699 Thomas More,1995-04-04,2286
crmid:7333244321,abime2064@yahoo.com,Tiffiny,Diaz,female,474-254-3077,Oklahoma City,United States,59756,Maine,908 Tocoloma,1994-03-26,1225
crmid:3788302197,cassat1862@yahoo.com,Donnie,Graves,male,609-454-4171,Shively,United States,13016,California,912 Balance,1945-03-12,1523
crmid:3083592029,beccafico1960@yandex.com,Lonny,Keith,,059-163-9563,Lodi,United States,96813,Indiana,643 Loomis,1983-12-22,1482
crmid:8244581646,astomia2056@yahoo.com,Reuben,Leach,,796-683-8410,Skokie,United States,94307,New Jersey,658 Thomas More,1984-10-10,2689
crmid:6640806660,circuits1866@outlook.com,Kristel,Townsend,female,618-987-6814,Elizabeth City,United States,27091,Missouri,726 Erie,1959-05-29,373
crmid:4822104811,cloherty1881@yandex.com,Virgil,Griffith,male,449-027-9369,North Canton,United States,59516,Hawaii,867 Saint Francis,1998-10-31,2884
crmid:9934273362,unconsolable1890@outlook.com,Mario,Chapman,,057-681-6109,Glendora,United States,10975,South Carolina,753 Evergreen,1966-03-03,366
crmid:5996381512,badly2057@yandex.com,Melany,Baker,female,240-920-4680,Elmwood Park,United States,32524,Arkansas,469 Rosella,1959-06-01,1906
crmid:7261789258,dosanjh2002@yahoo.com,Errol,Landry,,457-361-0280,Morristown,United States,86075,Arkansas,809 Zeno,1993-11-28,952
crmid:7766772133,tripe1806@live.com,Andres,Moon,,575-992-4235,South Euclid,United States,61163,Alabama,1192 Wisser,1982-03-14,857
crmid:9638586727,mochy1940@outlook.com,Marty,Figueroa,male,405-087-7983,Savage,United States,02654,Colorado,1076 Peninsula,1941-07-09,1586
crmid:7473190330,unhappen1842@yahoo.com,Merrill,Randall,female,946-550-2538,Walnut Creek,United States,65336,Vermont,1192 Capp,1953-10-24,2817
crmid:7687644247,pseudovum1853@yandex.com,Velvet,Silva,female,408-944-5868,Copperas Cove,United States,66919,South Carolina,335 Clayton,1950-11-29,2286
crmid:1185039087,engluts1971@yahoo.com,Vincenzo,Hobbs,,742-156-9875,Fort Lauderdale,United States,69749,Tennessee,1111 Maxwell,1963-11-15,1477
crmid:4400478238,benzole2036@live.com,Shawn,Hess,,891-657-8757,Gresham,United States,43388,Nebraska,722 Prado,1968-08-24,2420
crmid:4959247405,altiplano1935@live.com,Shayne,Phillips,,368-957-0396,Plum,United States,44625,Nebraska,12 Jack Micheline,1990-08-27,1815
crmid:3491081723,interleaver2039@yahoo.com,Jonie,Cole,female,709-771-2421,Panama City,United States,69144,Virginia,1317 Annie,1958-04-06,2794
crmid:6714231117,delage2030@outlook.com,Emmett,Klein,male,433-862-5500,Ocean Springs,United States,09494,Missouri,681 Steveloe,1937-04-16,1025
crmid:2890002154,calamite2030@gmail.com,Dorathy,Saunders,female,394-242-7652,Edwardsville,United States,87893,Pennsylvania,1017 Pelican Cove,1958-03-26,2184
crmid:6808900787,duck1879@gmail.com,Fermina,Beach,female,085-455-4459,Chula Vista,United States,10710,Connecticut,211 Temple,1947-03-02,2913
crmid:3610150577,unimitated1829@live.com,Johnathan,Mann,,040-470-5252,Hoboken,United States,79685,New York,117 Broadmoor,1972-12-30,2787
crmid:1301600219,dunlin2019@gmail.com,Vince,Weaver,,927-868-6389,Muskegon,United States,59537,North Dakota,126 Winthrop,1994-09-29,785
crmid:2491724271,electrostatic1845@yandex.com,Mahalia,Whitaker,female,368-206-1826,Ridgeland,United States,13156,New Hampshire,1045 Mars,1950-11-11,1892
crmid:2083887340,segueing2059@yahoo.com,Walker,Rice,,573-689-2828,Sammamish,United States,91757,Wisconsin,1146 Keith,1988-03-19,2471
crmid:7907194105,crinoid2009@yahoo.com,Randell,West,male,929-639-2232,Mukilteo,United States,09934,Illinois,532 Geary,1994-01-15,977
