id,crmid,propensity_account_upgrade,propensity_premium
b0191e6f-7a33-11ea-aab4-b88a60e194fb,crmid:4429982108,3,8
b01b1a4b-7a33-11ea-8914-b88a60e194fb,crmid:4429982108,3,2
b01d6449-7a33-11ea-b0e2-b88a60e194fb,crmid:4429982108,5,1
b01f38e3-7a33-11ea-a84e-b88a60e194fb,crmid:4429982108,1,2
b021f803-7a33-11ea-b1a3-b88a60e194fb,crmid:4429982108,7,2
b023a59d-7a33-11ea-8fe4-b88a60e194fb,crmid:4429982108,1,9
b0255365-7a33-11ea-bc9d-b88a60e194fb,crmid:4429982108,4,8
b0272809-7a33-11ea-9cab-b88a60e194fb,crmid:4429982108,8,8
b028fcf6-7a33-11ea-a394-b88a60e194fb,crmid:4429982108,2,7
b02a836f-7a33-11ea-b1ea-b88a60e194fb,crmid:4429982108,2,3
b02be2f5-7a33-11ea-a568-b88a60e194fb,crmid:4429982108,6,4
b02ddec1-7a33-11ea-87b4-b88a60e194fb,crmid:4429982108,1,3
b02f8c86-7a33-11ea-ac44-b88a60e194fb,crmid:4429982108,2,7
b0313a1f-7a33-11ea-abf6-b88a60e194fb,crmid:4429982108,2,3
b03299b8-7a33-11ea-92a8-b88a60e194fb,crmid:4429982108,4,9
b033f935-7a33-11ea-8003-b88a60e194fb,crmid:4429982108,2,7
b036b877-7a33-11ea-a007-b88a60e194fb,crmid:4429982108,9,7
b0381801-7a33-11ea-a772-b88a60e194fb,crmid:4429982108,2,2
b03a13bf-7a33-11ea-a62b-b88a60e194fb,crmid:4429982108,3,7
b03bc189-7a33-11ea-8411-b88a60e194fb,crmid:4429982108,4,4
b03d480b-7a33-11ea-98fc-b88a60e194fb,crmid:4429982108,8,4
b03f6ae9-7a33-11ea-97a6-b88a60e194fb,crmid:4429982108,2,3
b04166c7-7a33-11ea-8103-b88a60e194fb,crmid:4429982108,9,6
b0436280-7a33-11ea-8bfd-b88a60e194fb,crmid:4429982108,9,7
b0458567-7a33-11ea-bfc8-b88a60e194fb,crmid:4429982108,7,3
b0473314-7a33-11ea-a908-b88a60e194fb,crmid:4429982108,5,8
b04907d9-7a33-11ea-a511-b88a60e194fb,crmid:4429982108,3,7
b04c1537-7a33-11ea-b57e-b88a60e194fb,crmid:4429982108,6,4
b04de9cb-7a33-11ea-aacf-b88a60e194fb,crmid:4429982108,5,7
b04f705f-7a33-11ea-9c30-b88a60e194fb,crmid:4429982108,6,8
b0511e13-7a33-11ea-a510-b88a60e194fb,crmid:4429982108,1,7
b05319f1-7a33-11ea-a1f7-b88a60e194fb,crmid:4429982108,1,3
b054529e-7a33-11ea-8237-b88a60e194fb,crmid:4429982108,3,8
b0564e1f-7a33-11ea-9692-b88a60e194fb,crmid:4429982108,9,8
b0587109-7a33-11ea-b08c-b88a60e194fb,crmid:4429982108,2,7
b05a45c1-7a33-11ea-8f25-b88a60e194fb,crmid:4429982108,4,1
b05b5727-7a33-11ea-a156-b88a60e194fb,crmid:4429982108,6,9
b05cb6ab-7a33-11ea-a912-b88a60e194fb,crmid:4429982108,7,2
b05dc81b-7a33-11ea-ad6e-b88a60e194fb,crmid:4429982108,4,7
b05f27b0-7a33-11ea-9ce2-b88a60e194fb,crmid:4429982108,2,2
b060fc81-7a33-11ea-9bca-b88a60e194fb,crmid:4429982108,3,7
b062aa33-7a33-11ea-bb31-b88a60e194fb,crmid:4429982108,8,8
b0656950-7a33-11ea-a3a4-b88a60e194fb,crmid:4429982108,7,6
b0678c29-7a33-11ea-a790-b88a60e194fb,crmid:4429982108,4,3
b06987e9-7a33-11ea-8a16-b88a60e194fb,crmid:4429982108,1,7
b06ac077-7a33-11ea-9750-b88a60e194fb,crmid:4429982108,3,2
b06bf8e5-7a33-11ea-a588-b88a60e194fb,crmid:4429982108,6,4
b06d315e-7a33-11ea-8979-b88a60e194fb,crmid:4429982108,1,2
b06e90f9-7a33-11ea-ac9c-b88a60e194fb,crmid:4429982108,2,7
b0708cd4-7a33-11ea-9fe4-b88a60e194fb,crmid:4429982108,2,7
b0721381-7a33-11ea-a048-b88a60e194fb,crmid:4429982108,4,8
b0734bfb-7a33-11ea-ba32-b88a60e194fb,crmid:4429982108,9,8
b074d327-7a33-11ea-8b66-b88a60e194fb,crmid:4429982108,8,8
b076594b-7a33-11ea-875a-b88a60e194fb,crmid:4429982108,3,8
b07806f9-7a33-11ea-b6e8-b88a60e194fb,crmid:4429982108,2,6
b0796666-7a33-11ea-a70c-b88a60e194fb,crmid:4429982108,1,3
b07b140b-7a33-11ea-a7e4-b88a60e194fb,crmid:4429982108,2,6
b07c9a9c-7a33-11ea-ac27-b88a60e194fb,crmid:4429982108,7,4
b07e4847-7a33-11ea-94aa-b88a60e194fb,crmid:4429982108,6,2
b07fcf1f-7a33-11ea-9db3-b88a60e194fb,crmid:4429982108,1,2
b081559b-7a33-11ea-8677-b88a60e194fb,crmid:4429982108,7,3
b082dc31-7a33-11ea-9820-b88a60e194fb,crmid:4429982108,4,7
b084b29f-7a33-11ea-ae62-b88a60e194fb,crmid:4429982108,8,5
b086acd3-7a33-11ea-a844-b88a60e194fb,crmid:4429982108,6,3
b0885a67-7a33-11ea-93f4-b88a60e194fb,crmid:4429982108,2,7
b08d155c-7a33-11ea-8f88-b88a60e194fb,crmid:4429982108,3,7
b08eea28-7a33-11ea-82fe-b88a60e194fb,crmid:4429982108,2,8
b0918214-7a33-11ea-be00-b88a60e194fb,crmid:4429982108,8,6
b092e1a3-7a33-11ea-9896-b88a60e194fb,crmid:4429982108,6,7
b0948f63-7a33-11ea-9db5-b88a60e194fb,crmid:4429982108,6,7
b0963d65-7a33-11ea-b59c-b88a60e194fb,crmid:4429982108,6,8
b098ae0d-7a33-11ea-a6ed-b88a60e194fb,crmid:4429982108,2,5
b09a82cc-7a33-11ea-90ba-b88a60e194fb,crmid:4429982108,2,1
b09c3069-7a33-11ea-afe9-b88a60e194fb,crmid:4429982108,3,8
b09dde19-7a33-11ea-bcb7-b88a60e194fb,crmid:4429982108,1,3
b09f8bc1-7a33-11ea-b80a-b88a60e194fb,crmid:4429982108,2,7
b0a0eb48-7a33-11ea-9e3b-b88a60e194fb,crmid:4429982108,5,8
b0a271f5-7a33-11ea-a4ee-b88a60e194fb,crmid:4429982108,5,1
b0a3d1b7-7a33-11ea-8863-b88a60e194fb,crmid:4429982108,5,6
b0a57f38-7a33-11ea-a2e1-b88a60e194fb,crmid:4429982108,1,4
b0a753ed-7a33-11ea-8f42-b88a60e194fb,crmid:4429982108,1,7
b0a94fce-7a33-11ea-b000-b88a60e194fb,crmid:4429982108,8,4
b0aafe07-7a33-11ea-9e31-b88a60e194fb,crmid:4429982108,2,4
b0acd23a-7a33-11ea-8a39-b88a60e194fb,crmid:4429982108,1,2
b0ae58ca-7a33-11ea-b627-b88a60e194fb,crmid:4429982108,9,8
b0b0f0db-7a33-11ea-9fc9-b88a60e194fb,crmid:4429982108,7,1
b0b29ec0-7a33-11ea-a8b7-b88a60e194fb,crmid:4429982108,4,8
b0b3fe07-7a33-11ea-9d63-b88a60e194fb,crmid:4429982108,7,7
b0b5abc2-7a33-11ea-9285-b88a60e194fb,crmid:4429982108,3,8
b0b70b41-7a33-11ea-81cc-b88a60e194fb,crmid:4429982108,1,8
b0b8dffa-7a33-11ea-aa8e-b88a60e194fb,crmid:4429982108,9,7
b0ba188d-7a33-11ea-9a18-b88a60e194fb,crmid:4429982108,2,1
b0bb7819-7a33-11ea-88d7-b88a60e194fb,crmid:4429982108,1,8
b0bcb09b-7a33-11ea-a08b-b88a60e194fb,crmid:4429982108,1,2
b0be8576-7a33-11ea-8314-b88a60e194fb,crmid:4429982108,2,2
b0bfe4e7-7a33-11ea-a48c-b88a60e194fb,crmid:4429982108,3,5
b0c1e0af-7a33-11ea-b505-b88a60e194fb,crmid:4429982108,1,1
b0c38e5a-7a33-11ea-853b-b88a60e194fb,crmid:4429982108,4,7
b0c4ede5-7a33-11ea-b9bb-b88a60e194fb,crmid:4429982108,9,8
b0c62660-7a33-11ea-bbfb-b88a60e194fb,crmid:4429982108,6,5
b0c785f1-7a33-11ea-ad80-b88a60e194fb,crmid:4429982108,4,2
b0c981bf-7a33-11ea-99d1-b88a60e194fb,crmid:4429982108,5,5
b0cae15a-7a33-11ea-973d-b88a60e194fb,crmid:4429982108,1,3
b0cbf2b5-7a33-11ea-bb66-b88a60e194fb,crmid:4429982108,1,1
b0cd7959-7a33-11ea-916a-b88a60e194fb,crmid:4429982108,7,2
b0ced8e6-7a33-11ea-bdd3-b88a60e194fb,crmid:4429982108,4,9
b0d03879-7a33-11ea-9496-b88a60e194fb,crmid:4429982108,7,7
b0d23448-7a33-11ea-aecc-b88a60e194fb,crmid:4429982108,1,4
b0d3baf5-7a33-11ea-983a-b88a60e194fb,crmid:4429982108,4,7
b0d5417c-7a33-11ea-80ee-b88a60e194fb,crmid:4429982108,3,8
b0d7164f-7a33-11ea-9d02-b88a60e194fb,crmid:4429982108,3,9
b0d84ecb-7a33-11ea-b53d-b88a60e194fb,crmid:4429982108,2,7
b0d9ae54-7a33-11ea-887f-b88a60e194fb,crmid:4429982108,2,7
b0db0dd6-7a33-11ea-af77-b88a60e194fb,crmid:4429982108,1,3
b0dc9535-7a33-11ea-aeb7-b88a60e194fb,crmid:4429982108,4,2
b0de4223-7a33-11ea-8a79-b88a60e194fb,crmid:4429982108,4,7
b0dfc8bd-7a33-11ea-aad3-b88a60e194fb,crmid:4429982108,2,7
b0e1c491-7a33-11ea-a1db-b88a60e194fb,crmid:4429982108,4,2
b0e32431-7a33-11ea-ba2a-b88a60e194fb,crmid:4429982108,1,3
b0e51fe9-7a33-11ea-9180-b88a60e194fb,crmid:4429982108,2,8
b0e769e1-7a33-11ea-9dec-b88a60e194fb,crmid:4429982108,5,3
b0e8f071-7a33-11ea-bae1-b88a60e194fb,crmid:4429982108,4,8
b0ea9e27-7a33-11ea-b4a9-b88a60e194fb,crmid:4429982108,3,8
b0ec4bd3-7a33-11ea-95eb-b88a60e194fb,crmid:4429982108,4,2
b0edf975-7a33-11ea-a511-b88a60e194fb,crmid:4429982108,2,7
b0efa725-7a33-11ea-b20b-b88a60e194fb,crmid:4429982108,3,7
b0f0dfa3-7a33-11ea-a19a-b88a60e194fb,crmid:4429982108,4,7
b0f2663f-7a33-11ea-a702-b88a60e194fb,crmid:4429982108,9,7
b0f3c5d8-7a33-11ea-853f-b88a60e194fb,crmid:4429982108,2,7
b0f4fe50-7a33-11ea-8acc-b88a60e194fb,crmid:4429982108,2,6
b0f636cb-7a33-11ea-b173-b88a60e194fb,crmid:4429982108,5,8
b0f76f4f-7a33-11ea-a719-b88a60e194fb,crmid:4429982108,3,7
b0f8f60e-7a33-11ea-b597-b88a60e194fb,crmid:4429982108,4,3
b0fa2e8c-7a33-11ea-8c51-b88a60e194fb,crmid:4429982108,1,3
b0fc7859-7a33-11ea-96c0-b88a60e194fb,crmid:4429982108,4,4
b0fec247-7a33-11ea-b9a6-b88a60e194fb,crmid:4429982108,3,9
b10048ef-7a33-11ea-9eea-b88a60e194fb,crmid:4429982108,9,5
b1026bc2-7a33-11ea-8066-b88a60e194fb,crmid:4429982108,6,6
b10467ab-7a33-11ea-86ea-b88a60e194fb,crmid:4429982108,7,1
b105a01d-7a33-11ea-8f15-b88a60e194fb,crmid:4429982108,2,4
b10774cb-7a33-11ea-8222-b88a60e194fb,crmid:4429982108,5,3
b1092282-7a33-11ea-91b1-b88a60e194fb,crmid:4429982108,2,8
b10ad039-7a33-11ea-8cd5-b88a60e194fb,crmid:4429982108,8,1
b10db710-7a33-11ea-a9b3-b88a60e194fb,crmid:4429982108,7,7
b10fb23f-7a33-11ea-8606-b88a60e194fb,crmid:4429982108,2,8
b111fc2f-7a33-11ea-ac80-b88a60e194fb,crmid:4429982108,1,6
b1144606-7a33-11ea-89e4-b88a60e194fb,crmid:4429982108,1,7
b1161ad9-7a33-11ea-b9a5-b88a60e194fb,crmid:4429982108,4,2
b119c44b-7a33-11ea-bb18-b88a60e194fb,crmid:4429982108,4,4
b11c0e25-7a33-11ea-b3a6-b88a60e194fb,crmid:4429982108,6,7
b11d6daf-7a33-11ea-8cbc-b88a60e194fb,crmid:4429982108,8,4
b11f6a08-7a33-11ea-be54-b88a60e194fb,crmid:4429982108,2,7
b1229dd8-7a33-11ea-94cb-b88a60e194fb,crmid:4429982108,5,5
b124c0b5-7a33-11ea-ab2e-b88a60e194fb,crmid:4429982108,8,3
b1266e63-7a33-11ea-b645-b88a60e194fb,crmid:4429982108,4,2
b1286a22-7a33-11ea-bd73-b88a60e194fb,crmid:4429982108,1,6
b12a3ee3-7a33-11ea-b653-b88a60e194fb,crmid:4429982108,2,2
b12c3acb-7a33-11ea-ae8e-b88a60e194fb,crmid:4429982108,1,4
b12e0fcd-7a33-11ea-8307-b88a60e194fb,crmid:4429982108,3,6
b1300b41-7a33-11ea-9f56-b88a60e194fb,crmid:4429982108,3,2
b13191dd-7a33-11ea-9555-b88a60e194fb,crmid:4429982108,2,3
b1333f87-7a33-11ea-92de-b88a60e194fb,crmid:4429982108,6,3
b134c6a7-7a33-11ea-bd3d-b88a60e194fb,crmid:4429982108,6,5
b1369ae6-7a33-11ea-bcb8-b88a60e194fb,crmid:4429982108,8,3
b1382185-7a33-11ea-9b61-b88a60e194fb,crmid:4429982108,5,4
b139a835-7a33-11ea-a684-b88a60e194fb,crmid:4429982108,3,9
b13b55df-7a33-11ea-a381-b88a60e194fb,crmid:4429982108,9,6
b13cdc77-7a33-11ea-a984-b88a60e194fb,crmid:4429982108,1,4
b13ed837-7a33-11ea-81c4-b88a60e194fb,crmid:4429982108,7,7
b1405ee7-7a33-11ea-a880-b88a60e194fb,crmid:4429982108,9,5
b1420c91-7a33-11ea-a1ba-b88a60e194fb,crmid:4429982108,6,1
b143932d-7a33-11ea-8331-b88a60e194fb,crmid:4429982108,1,1
b1458f0d-7a33-11ea-bd0d-b88a60e194fb,crmid:4429982108,5,4
b1473ca5-7a33-11ea-abe6-b88a60e194fb,crmid:4429982108,5,9
b1491167-7a33-11ea-a186-b88a60e194fb,crmid:4429982108,9,7
b14a70eb-7a33-11ea-88ae-b88a60e194fb,crmid:4429982108,2,3
b14cbb02-7a33-11ea-97e9-b88a60e194fb,crmid:4429982108,1,9
b14e6899-7a33-11ea-bea2-b88a60e194fb,crmid:4429982108,3,1
b1503df0-7a33-11ea-9cb8-b88a60e194fb,crmid:4429982108,6,2
b1540e64-7a33-11ea-9fd2-b88a60e194fb,crmid:4429982108,1,3
b155bb80-7a33-11ea-aff1-b88a60e194fb,crmid:4429982108,1,4
b1576975-7a33-11ea-9f4f-b88a60e194fb,crmid:4429982108,2,3
b158a1c1-7a33-11ea-ad2f-b88a60e194fb,crmid:4429982108,6,7
b159b331-7a33-11ea-93e7-b88a60e194fb,crmid:4429982108,6,8
b15b39c9-7a33-11ea-9a2e-b88a60e194fb,crmid:4429982108,3,8
b15cc092-7a33-11ea-95b4-b88a60e194fb,crmid:4429982108,5,5
b15e6e45-7a33-11ea-948b-b88a60e194fb,crmid:4429982108,6,4
b15fcdcc-7a33-11ea-a25d-b88a60e194fb,crmid:4429982108,7,1
b1615466-7a33-11ea-bca2-b88a60e194fb,crmid:4429982108,5,4
b162b3f7-7a33-11ea-bb90-b88a60e194fb,crmid:4429982108,4,4
b16488b7-7a33-11ea-bd2c-b88a60e194fb,crmid:4429982108,2,7
b168a762-7a33-11ea-880f-b88a60e194fb,crmid:4429982108,9,2
b16a2e60-7a33-11ea-b15f-b88a60e194fb,crmid:4429982108,7,4
b16b8ed9-7a33-11ea-944e-b88a60e194fb,crmid:4429982108,7,6
b16d6221-7a33-11ea-b3c8-b88a60e194fb,crmid:4429982108,7,2
b16ee997-7a33-11ea-9b65-b88a60e194fb,crmid:4429982108,4,1
b170706f-7a33-11ea-887c-b88a60e194fb,crmid:4429982108,9,7
b1726c28-7a33-11ea-8be3-b88a60e194fb,crmid:4429982108,1,2
b1748f63-7a33-11ea-8197-b88a60e194fb,crmid:4429982108,4,8
b175eef6-7a33-11ea-94c7-b88a60e194fb,crmid:4429982108,1,3
