crmid,email,first_name,last_name,gender,mobile telephone,city,country,zip,state,street address,birthday,historicalpoints
crmid:2089089682,carbonite1952@live.com,Heriberto,Clarke,male,844-072-7201,Boston,United States,87278,Michigan,1005 Rockdale,1940-12-27,635
crmid:9758276617,combo1886@yahoo.com,Cherlyn,Greer,female,424-073-1326,Des Plaines,United States,07258,Iowa,141 Science,1954-02-12,1191
crmid:1040836226,turnbuckles2056@outlook.com,Gianna,Herring,female,332-519-4235,Country Club Hills,United States,74657,North Carolina,1080 Macondray,1951-12-06,1856
crmid:2125196219,meteorology2021@yahoo.com,Josue,Kaufman,,884-366-4674,Parkland,United States,48133,Tennessee,1075 Reed,1993-03-27,462
crmid:6853766500,introconversion1970@gmail.com,Anderson,Bolton,male,831-852-6069,Newport Beach,United States,60090,Michigan,648 Santa Clara,1997-10-17,598
crmid:7062419920,superurgency1849@yahoo.com,Giovanni,Sherman,male,127-900-9023,Sunnyvale,United States,90880,Georgia,559 East,1930-04-27,1166
crmid:6577250739,carpocarpal1901@yahoo.com,Eli,Schneider,,271-381-0056,Memphis,United States,41825,Washington,646 Frederick,1989-08-10,1525
crmid:5916312235,waggle2048@outlook.com,Scottie,Graham,,332-743-9072,Urbandale,United States,35565,New York,629 Eve,1973-02-18,1035
crmid:5074248725,carbineer1912@yandex.com,Andres,Davidson,,627-957-8000,Slidell,United States,40016,Connecticut,511 Yukon,1985-06-02,2077
crmid:1804545028,interhabitation1949@yahoo.com,Bree,Castillo,female,711-726-8343,North Ogden,United States,80327,Florida,374 Lilac,1998-03-02,1711
crmid:3585561097,wared1846@yandex.com,Rudolph,Pollard,,682-966-8674,Raymore,United States,56357,Kansas,1163 Metson,1964-10-11,2746
crmid:6393120820,commander1852@yahoo.com,Hanh,Wiggins,female,215-078-8393,Des Plaines,United States,13712,Delaware,1320 Vesta,1954-04-11,676
crmid:3850453031,tenons1880@live.com,Lowell,Campos,,738-942-9824,Spring Valley,United States,87825,Mississippi,1005 Darrell,1966-05-19,1313
crmid:2107945246,granddada1918@yandex.com,Wilmer,Lester,male,777-653-5732,San Angelo,United States,15527,Wisconsin,200 Santa Fe,1944-10-17,1319
crmid:6743806317,caroli1950@gmail.com,Luke,Heath,,431-916-2190,Sikeston,United States,78367,Montana,809 Niantic,1968-12-23,488
crmid:5235020811,doily1813@yahoo.com,Berry,Hinton,,648-036-7170,Vero Beach,United States,51834,Louisiana,1376 Austin,1968-02-21,1767
crmid:2544611359,normalcy1916@outlook.com,Dan,Cummings,,169-777-7524,Fitchburg,United States,91491,Ohio,1272 Edgar,1962-10-05,2619
crmid:7959200930,boyar1835@yahoo.com,Scottie,Hamilton,male,212-872-3384,Aberdeen,United States,59020,Delaware,195 Halyburton,1930-09-12,361
crmid:3555849576,caban2021@yahoo.com,Virgilio,Golden,,994-560-5562,Prairie Village,United States,86870,Oregon,582 Meacham,1964-11-23,2119
crmid:5210354070,clients2069@outlook.com,Robin,Kidd,,519-840-4364,Mayfield Heights,United States,41440,Illinois,1139 Coral,1988-08-12,592
crmid:4405674098,bethel1921@live.com,Eustolia,Stark,female,988-132-6975,Westbrook,United States,11499,Maine,1275 Berwick,1948-10-06,1379
crmid:2732890037,toprail1843@gmail.com,Audria,Mccormick,female,690-270-6446,Olive Branch,United States,96068,Colorado,1138 Pink,1953-01-19,2739
crmid:7382389039,bashalick1973@outlook.com,Samuel,Key,male,620-676-6520,Aliso Viejo,United States,74768,Michigan,1249 Bannock,1931-12-17,1668
crmid:5966544295,orbitar2018@yahoo.com,Burton,Perez,male,872-925-4531,Banning,United States,07348,Virginia,987 Laurel,1936-02-23,790
crmid:5847610058,mesothetic2044@yandex.com,Clinton,Ortiz,,938-054-2183,North Ridgeville,United States,78344,Connecticut,591 Elim,1999-12-25,965
crmid:2842404695,incunabulist1909@gmail.com,Lyman,Park,,242-108-7556,Mokena,United States,43370,Indiana,917 Gateview 3,1992-08-02,1051
crmid:1674400188,mayfly1800@live.com,Damion,Carson,,389-009-1967,Laguna Woods,United States,01681,Massachusetts,583 Ada,1979-02-10,329
crmid:3999858840,splays1985@outlook.com,Bryant,Atkinson,,924-209-0797,Frederick,United States,23075,Utah,1283 Mulford,1964-04-28,1831
crmid:8760046620,delage1802@gmail.com,Marcelino,Keith,male,891-642-0725,St. Marys,United States,50746,Florida,289 Tara,1937-11-24,2608
crmid:3455902544,antarctical1832@yahoo.com,Mack,Osborne,male,511-619-3774,Balch Springs,United States,33805,Massachusetts,296 Esquina,1935-07-22,1851
crmid:7558040867,postimpressionist1862@live.com,Terence,Henderson,,099-571-8697,Manchester,United States,58393,New York,1238 Costa,1986-10-26,1478
crmid:2830818414,anaesthetic1813@live.com,Prince,Frederick,male,117-291-0771,Attleboro,United States,43769,Wyoming,207 Justin,1934-08-10,2485
crmid:8121595817,inthralled2013@yahoo.com,Fernando,Patton,,606-634-3856,Midland,United States,27126,Mississippi,374 Portal,1990-04-27,1714
crmid:9289295656,bartram1977@yahoo.com,Jere,Castaneda,,968-538-5029,Ontario,United States,73071,Georgia,1317 Michigan,1980-01-01,521
crmid:4188910779,addicted1851@outlook.com,Ashley,Moon,,370-281-0612,Lynwood,United States,33765,Georgia,1392 Navy,1985-07-25,1748
crmid:1189122915,dotes1959@yandex.com,Kip,Little,,897-833-9910,Kent,United States,56173,Iowa,1321 South,1977-09-23,1379
crmid:4429424255,alcheringa1878@yahoo.com,Rosario,Hendricks,male,979-281-2831,Bethel Park,United States,64729,Tennessee,1052 Myrtle,1938-10-29,1158
crmid:5839201305,hoops1837@yahoo.com,Dario,Alford,male,565-987-3374,Battle Creek,United States,60918,Arizona,411 Waldo,1936-11-05,2641
crmid:9809126081,sedimentary1958@yahoo.com,Riley,Reese,,783-652-8810,Lynchburg,United States,60464,Mississippi,634 Nobles,1985-11-23,2435
crmid:2062450473,boobies1810@gmail.com,Stanton,Downs,male,852-074-3984,Rolling Meadows,United States,87550,Alaska,1057 Delta,1994-01-17,1445
crmid:8785157723,dustuck1940@gmail.com,Derek,Hardy,,626-962-8820,Lodi,United States,78411,Oklahoma,314 Julian,1983-05-28,1062
crmid:4274017511,dispirited1818@yahoo.com,Jaleesa,Kirkland,female,015-739-5893,Downers Grove,United States,57235,Connecticut,300 Boyd,1955-10-28,612
crmid:6746010475,ribbon1897@yandex.com,Jame,Adams,male,851-359-3509,North Royalton,United States,69028,Wyoming,1140 Valerton,1999-10-02,1617
crmid:8386675156,alene1812@gmail.com,Sunni,Hunt,female,490-279-1931,Clearwater,United States,69409,Alaska,861 Ames,1948-11-25,692
crmid:5980442397,usaron1881@yandex.com,Emelia,Hendrix,female,251-151-4075,Cleburne,United States,11125,Idaho,231 Marsily,1948-03-13,2059
crmid:3012548211,foreknowable1941@gmail.com,Parker,Newman,male,659-466-5279,Sheboygan,United States,56166,Louisiana,1261 San Rafael,1999-12-22,2262
crmid:4531831399,airflow1886@outlook.com,Nickolas,Rice,,683-578-9867,Wellington,United States,26674,Mississippi,795 Santa Ynez,1965-05-23,1889
crmid:2908052507,insurgently1820@gmail.com,Valentin,Irwin,male,855-327-9075,Cambridge,United States,85700,Pennsylvania,318 Ventura,1943-09-15,1346
crmid:6450915952,insaneness1890@gmail.com,Tracey,Powers,male,540-359-8864,Sycamore,United States,55601,Hawaii,976 Vulcan,1998-02-18,1808
crmid:1812803530,overshroud2051@yandex.com,Thomas,Pittman,,122-917-8195,Phenix City,United States,84551,New York,154 Colin P Kelly Jr,1987-08-18,2960
crmid:5182700527,arctoidean2005@yandex.com,Warner,Solomon,male,184-444-0626,Bangor,United States,58274,Idaho,913 Sparta,1936-10-27,1780
crmid:3002989628,breakless2050@live.com,Dewey,Rodgers,,020-275-1554,Opelousas,United States,33727,New Mexico,1133 South Van Ness,1974-06-21,2405
crmid:4427869009,asoka1856@gmail.com,Dusty,Wolf,male,822-906-0759,Scarsdale,United States,09907,Nebraska,443 Hussey,1931-03-31,2437
crmid:2958674195,antimachine1845@yahoo.com,Sol,Gay,male,390-882-1561,Carlisle,United States,56060,Massachusetts,144 Aztec,1944-09-11,713
crmid:5814042794,quetzal2047@yahoo.com,Cleo,Powers,male,295-707-5211,Vancouver,United States,01365,Montana,1126 Armistead,1934-02-24,2483
crmid:5470762901,arrays2020@live.com,Robin,Vinson,male,894-962-6110,Azusa,United States,44489,New York,893 Delta,1935-08-30,1195
crmid:4509566458,trination1908@live.com,Heath,Dalton,,510-189-7814,Kannapolis,United States,48242,North Dakota,670 Diamond Heights,1976-07-13,2947
crmid:2854657664,couturier1946@yahoo.com,Noma,Brock,female,383-744-5248,Enterprise,United States,67148,Pennsylvania,293 Kronquist,1960-10-21,2192
crmid:7018260137,gubernacular1820@yandex.com,Bennie,Pickett,,016-461-2003,Hudson,United States,25879,Arizona,38 Olive,1973-04-29,1767
crmid:7751819064,acromegalies1898@live.com,Vannessa,Kemp,female,217-514-8073,Summit,United States,55865,Missouri,434 Fontinella,1996-11-17,1786
crmid:6390263343,cogitate1851@gmail.com,Leon,Underwood,male,476-062-3538,Central Falls,United States,98914,Wisconsin,186 Gaven,1945-06-29,2445
crmid:1217379801,lubberliness1986@yahoo.com,Jeffry,Lowe,male,495-762-6034,Cary,United States,26256,Nevada,1198 Tunnel,1945-05-18,2962
crmid:9314674473,extremal2053@gmail.com,Bethanie,Sanders,female,956-513-8909,Edmond,United States,06154,California,1348 Zoo,1958-01-26,482
crmid:3127699334,flattop2048@yahoo.com,Andy,Bates,,774-026-3232,Mission,United States,15707,Indiana,8 San Felipe,1991-02-27,1709
crmid:2647665497,interflow1988@gmail.com,Krystina,Guy,female,840-392-0482,Englewood,United States,21770,Arkansas,757 Worth,1959-05-12,2032
crmid:2279889472,indri1882@live.com,Noah,Randall,,153-143-3914,Glenview,United States,53694,Montana,1356 Kronquist,1966-09-29,2967
crmid:3158689994,unsuperstitiousness1984@outlook.com,Connie,Collier,,157-817-8194,Stow,United States,53651,North Carolina,351 Morton,1996-06-07,483
crmid:3157627631,darker2018@outlook.com,Booker,Baird,,859-137-9847,Paducah,United States,71108,Colorado,654 Ramona,1967-03-23,2296
crmid:2056056815,calculous1962@yandex.com,Tony,Gonzalez,,190-039-1745,San Jose,United States,48132,Massachusetts,197 Davis,1987-05-28,2604
crmid:1074629311,mosquito1997@yahoo.com,Lawerence,Black,,323-142-7030,Mount Clemens,United States,94890,Idaho,61 Oneida,1993-08-29,1240
crmid:8546571207,nonviscous1985@yandex.com,Yasmine,Horne,female,830-323-0374,Coconut Creek,United States,56938,Mississippi,1036 Bayview,1949-09-14,1337
crmid:6752172482,elided1974@live.com,Nathan,Schmidt,male,603-775-6137,Birmingham,United States,84363,South Dakota,120 Battery Wagner,1939-12-14,1517
crmid:1307230295,outdodges1828@live.com,Marybelle,Martin,female,880-537-0406,Nashville,United States,71520,Texas,1376 Armistead,1995-12-24,1591
crmid:4488014578,redips1838@live.com,Nicolas,Duffy,,244-454-7273,Lubbock,United States,60926,California,944 Isadora Duncan,1985-10-08,2503
crmid:2301543365,ascertainability2012@yahoo.com,Horacio,Heath,male,844-769-0211,Santa Cruz,United States,80338,Nebraska,1357 Hastings,1938-05-13,892
crmid:1313432363,emirate1869@gmail.com,Ferdinand,Rios,,661-261-4034,West Fargo,United States,20201,Vermont,361 Hallam,1965-05-03,2412
crmid:8547644425,milliweber2064@live.com,Val,Delgado,,482-442-8317,Gary,United States,54545,New Hampshire,555 Post,1965-09-02,2016
crmid:9960853938,groten1808@gmail.com,Blair,Montgomery,,377-497-6781,Huntley,United States,66850,Wisconsin,36 Avon,1974-11-05,582
crmid:5914923849,bodymaking1909@yahoo.com,Darwin,Valdez,,967-499-1924,Missoula,United States,32169,Indiana,177 Hubbell,1992-06-09,1707
crmid:4863097754,schuit1825@gmail.com,Ignacio,Cannon,,185-981-1077,Lompoc,United States,24206,Iowa,37 Craig,1984-05-31,1830
crmid:1363985216,forrard1847@live.com,Ja,Rowland,female,740-625-6404,Winston-Salem,United States,82772,Utah,698 Rossmoor,1956-04-25,579
crmid:7201372549,enriquet1958@outlook.com,Elmo,Wolf,,037-067-8884,Wake Forest,United States,69606,Iowa,1146 Falmouth,1993-12-21,2058
crmid:4438430315,apatornis1894@gmail.com,Isaiah,Witt,male,468-285-0979,Wheaton,United States,08901,California,436 Pilgrim,1932-05-31,2747
crmid:9278109220,deckers1854@yahoo.com,Chad,Mccarty,,463-875-8081,Glen Cove,United States,10021,Nebraska,720 Cabrillo,1966-03-24,1362
crmid:3652962925,subject1982@gmail.com,Kazuko,Copeland,female,874-088-8824,Onalaska,United States,57913,Minnesota,842 Shore View,1953-12-31,2872
crmid:4970040138,centipede1865@yahoo.com,Xiao,Livingston,female,915-795-9339,San Luis,United States,82581,Louisiana,1117 Congo,1957-09-17,1328
crmid:4951809225,amalie1989@outlook.com,Rosario,Joseph,,884-839-3129,Spokane,United States,25446,Mississippi,336 Terrace,1966-12-17,1035
crmid:9885766041,chocolatey1915@yahoo.com,Marvin,Phelps,,507-268-6192,Trenton,United States,24477,Michigan,1110 Palou,1964-12-15,553
crmid:9631178527,devera1928@outlook.com,Burl,Larson,,361-313-2940,Massillon,United States,83260,North Dakota,513 Williams,1988-12-12,1895
crmid:6616309699,waugh1924@gmail.com,Vaughn,Carter,,233-638-7046,San Luis Obispo,United States,23597,Kansas,1147 Halyburton,1965-07-11,1568
crmid:3651617602,seersucker1852@outlook.com,Jaleesa,Cobb,female,973-000-1875,Fall River,United States,91558,West Virginia,629 Pond,1961-04-06,1372
crmid:7079428018,cholones1886@live.com,Herma,Guerra,female,615-394-2800,Yorkville,United States,13455,Delaware,763 Fairfield,1948-04-12,768
crmid:7969515719,ambitious1938@yandex.com,Mathew,Nicholson,,710-016-6217,La Porte,United States,46961,Louisiana,686 Duncan,1979-08-12,1610
crmid:8653816059,multijet1973@gmail.com,Troy,Duran,,530-440-3528,Waxahachie,United States,27550,Maine,737 Mckinley,1966-05-25,1605
crmid:1777180904,solitude1857@outlook.com,Kelley,Morin,,650-376-2704,West New York,United States,93694,South Dakota,231 Darien,1968-04-22,1674
crmid:5162061870,cheryl1825@outlook.com,Madie,Case,female,588-700-5030,Champlin,United States,71550,Minnesota,129 Canby,1946-12-11,2007
crmid:5239515407,usaron1838@live.com,Latina,Harding,female,508-698-8345,Delaware,United States,93405,Alaska,1346 Melra,1954-05-13,2413
crmid:6415206399,unframeable1868@yahoo.com,Oscar,Ferguson,male,468-694-4007,Ansonia,United States,42914,Tennessee,1397 Jean,1933-08-09,374
crmid:3766640136,chaudry1864@gmail.com,Nigel,Skinner,,525-950-0138,Tinton Falls,United States,35783,Alaska,504 Zeno,1972-08-18,1687
crmid:6708649233,precourse1816@yandex.com,Blake,Leblanc,,801-196-8133,Greensboro,United States,12752,New York,62 Baltimore,1968-03-16,648
crmid:9201506231,broccoli1930@gmail.com,Delcie,Riley,female,219-349-3864,Diamond Bar,United States,87772,Louisiana,254 Nantucket,1955-10-25,2626
crmid:4703707694,wangler1829@yandex.com,Moshe,Rowland,,867-846-3460,Gahanna,United States,45747,Pennsylvania,1016 Alana,1964-08-01,404
crmid:7224067521,scalded1809@gmail.com,Juan,Wilkinson,,056-291-3138,Mentor,United States,20799,South Carolina,499 Arbol,1989-04-23,834
crmid:8068945382,cozen1900@outlook.com,Danial,Burch,,399-411-2773,Westerville,United States,98304,Delaware,1189 Comerford,1979-11-02,2431
crmid:5217752446,pseudovum1818@gmail.com,Jessie,Joyner,male,930-108-6982,Carrboro,United States,30903,Hawaii,26 Norwich,1944-05-16,2176
crmid:6206800472,mixers1934@gmail.com,Vincent,Poole,,767-334-3505,Rancho Cucamonga,United States,63150,Vermont,1242 Isola,1977-01-07,1780
crmid:5108196435,unlimned1810@gmail.com,Sandee,Melendez,female,911-740-7189,Coon Rapids,United States,64070,Wyoming,667 Everglade,1950-12-23,650
crmid:6257938541,dog2050@live.com,Kenyetta,Mullins,female,548-139-2813,Pontiac,United States,12465,New Jersey,677 Tonquin,1947-10-09,1572
crmid:3094800428,sulphine2070@gmail.com,Otto,Cruz,,439-801-0327,Mankato,United States,83477,West Virginia,861 Upton,1986-02-10,2088
crmid:2210343340,costs1923@yahoo.com,Rickie,Simon,male,559-524-6489,Surprise,United States,89807,North Dakota,839 Woodward,1931-08-27,1415
crmid:4527050780,ornithoscopy1931@yandex.com,Gustavo,Lyons,male,367-145-5028,Ceres,United States,21236,Iowa,780 Cortland,1945-04-18,969
crmid:4620801893,bugler1951@yahoo.com,Demetrius,Bates,female,577-591-1853,South El Monte,United States,10352,Vermont,429 Rousseau,1946-02-02,1152
crmid:6564415943,cottontail2051@yandex.com,Tristan,Pacheco,,133-707-4736,Pearl,United States,23515,Iowa,876 Dalewood,1967-03-11,2535
crmid:1261851303,octachord1950@yahoo.com,Nathanial,Lindsay,,355-353-6019,Sedalia,United States,78089,Kentucky,778 Lapu-Lapu,1983-01-14,1915
crmid:2880862029,devaluation1965@outlook.com,Josue,Bright,,554-803-3037,Forest Lake,United States,57881,Massachusetts,1217 Christopher,1962-09-25,2050
crmid:2283638720,plectridium2066@yandex.com,Lawrence,Holt,,993-191-6949,Monroe,United States,08444,North Dakota,621 Cargo,1992-01-28,2920
crmid:8445862134,breaststroker1884@outlook.com,Rosette,Mclean,female,664-310-3135,Cooper City,United States,95681,Vermont,827 Hanover,1950-07-19,922
crmid:9005561636,phlomis1827@gmail.com,Fausto,May,,678-968-3030,Kirkwood,United States,54200,Tennessee,921 Mcdonald,1978-10-09,2238
crmid:4395800868,miasmatize1973@live.com,Faustino,Wagner,male,302-196-2270,San Gabriel,United States,07591,Rhode Island,519 Paper,1942-11-25,2481
crmid:6698281239,araks1832@outlook.com,Elisha,Haney,,964-953-7738,Lenoir,United States,58235,New York,159 Bradford,1982-09-13,2672
crmid:5095155673,deuteron1836@yandex.com,Clyde,Moran,,816-027-5620,Kerrville,United States,15110,Louisiana,1195 Connecticut,1977-03-03,893
crmid:6448150578,cherish1850@live.com,Sammy,Hayes,female,298-342-0385,Farmington,United States,46402,Oklahoma,63 Mint,1961-08-13,1145
crmid:6918538083,peroxid1925@live.com,Salvador,Pearson,male,474-489-7893,Carol Stream,United States,54294,Nevada,992 Dorman,1944-09-23,2332
crmid:8915349780,crawthumper1987@outlook.com,Arnold,Short,male,608-185-9463,Angleton,United States,80536,Arizona,1018 Alton,1932-01-27,668
crmid:1027499196,hillock2067@yandex.com,Tyrell,Dominguez,male,317-640-0162,Centerville,United States,51531,Wyoming,1396 Claremont,1945-09-08,2253
crmid:2413257630,filamentiferous1838@yahoo.com,Mose,Vaughan,male,856-771-0994,Ada,United States,64363,Washington,1381 Trader Vic,1930-11-21,2256
crmid:7358875878,enterocoele1851@yahoo.com,Murray,Meadows,,276-917-7241,Superior,United States,73548,Tennessee,1399 Church Access,1981-03-18,825
crmid:1207883304,boar1980@outlook.com,Henry,Caldwell,male,728-225-0015,Tucson,United States,90173,West Virginia,1251 Hulbert,1939-05-05,1812
crmid:1371703815,ferret1964@gmail.com,Ali,Burks,male,444-124-4133,Savage,United States,00773,Montana,918 Colby,1940-01-04,1998
crmid:9119279817,airflow1849@yahoo.com,Bo,Mckinney,,369-669-0093,Jupiter,United States,43039,Connecticut,340 Omar,1976-08-22,2616
crmid:8434365778,birdseed1845@gmail.com,Georgann,Cain,female,857-596-7191,El Monte,United States,17717,Maryland,374 Trumbull,1958-03-05,1131
crmid:9604186499,pourer1871@live.com,Christia,Shannon,female,504-065-5311,Norwalk,United States,19049,South Dakota,880 Valletta,1999-03-22,1431
crmid:1131553568,runaround1842@outlook.com,Lavonia,Harrison,female,848-567-1357,Colorado Springs,United States,28940,New Hampshire,1335 West Point,1949-05-13,896
crmid:3748124905,anthems1982@gmail.com,Christoper,Dejesus,male,463-621-5476,Blacksburg,United States,08096,Oregon,666 Hawkins,1939-02-08,1742
crmid:6487261692,apatosaurus2004@gmail.com,Tracy,Burks,,401-342-9856,Griffin,United States,40107,Oregon,371 Burns,1968-08-17,1535
crmid:7457694725,acrook1910@yandex.com,Angelo,Winters,,541-731-6743,Reading,United States,87080,Kansas,441 Castelo,1973-12-07,2063
crmid:9029177182,angelika2050@live.com,Mathilda,Melendez,female,370-679-2996,Danville,United States,59646,Hawaii,35 Mercato,1953-10-23,2990
crmid:6115871276,downbeat1915@gmail.com,Isaias,Brown,,419-963-5325,Park Forest,United States,59252,Arizona,461 Overlook,1971-04-20,1864
crmid:9041828826,oversured2013@yandex.com,Stacy,Tyler,,064-776-5951,Hammond,United States,24968,Nevada,249 Potomac,1969-04-22,462
crmid:6003392515,atop1863@yahoo.com,Maryetta,Goodman,female,587-384-2085,Elkhart,United States,37815,West Virginia,663 Laguna Honda,1959-06-12,517
crmid:5661835708,procline1831@gmail.com,Orlando,Rios,,369-828-8239,Paducah,United States,31470,Arkansas,744 San Luis,1976-02-04,2238
crmid:8174064416,clairvoyants2032@yahoo.com,An,James,female,504-242-6347,Perris,United States,51463,New York,1175 Saint Charles,1946-01-15,2140
crmid:7145863869,proscind2012@live.com,Emmanuel,Harrell,male,870-929-4763,West Valley City,United States,81377,Wisconsin,961 Poplar,1943-04-13,2065
crmid:8843984320,michelangelo1900@outlook.com,Benton,Webster,,139-003-5927,Williamsport,United States,86089,Nebraska,1252 Wawona,1972-11-04,1539
crmid:8329666307,cooper1957@yandex.com,Sammie,Forbes,,107-071-1338,Fountain Hills,United States,41586,Maryland,229 Macalla,1963-08-26,2393
crmid:9887909988,hiding1900@gmail.com,Ezra,Giles,,022-714-6057,Fort Worth,United States,85521,Illinois,129 Camellia,1963-10-19,588
crmid:5058333672,tressed1849@outlook.com,Pok,Bonner,female,774-459-4799,Columbia,United States,45077,Nevada,781 Rousseau,1949-07-03,1661
crmid:9611519582,unimodal1830@gmail.com,Nathanael,Pickett,,624-489-6387,Oak Harbor,United States,65854,Alaska,121 Rausch,1968-09-29,1291
crmid:5060060900,cutesy1982@yahoo.com,Rupert,Joyner,,167-188-6585,Kernersville,United States,35429,Minnesota,256 Cross,1977-06-16,2624
crmid:6900148126,unsquirming1881@live.com,Joe,Wolfe,male,227-039-8400,Warwick,United States,63359,Hawaii,564 Crestlake,1941-05-31,455
crmid:5836345867,byron1899@yahoo.com,Shu,Paul,female,277-584-3171,El Reno,United States,43127,Virginia,1207 Andover,1958-08-23,1535
crmid:1974414085,droud1905@yahoo.com,Kirk,Ingram,,478-284-9771,LaGrange,United States,04492,Nebraska,475 Kelloch,1979-01-10,2007
crmid:8785208781,liftoff2053@yahoo.com,Russ,Farmer,,320-975-9613,Germantown,United States,64781,Louisiana,775 Miraloma,1966-11-29,1871
crmid:2397203450,everyman1868@gmail.com,Denis,Gray,male,218-085-4740,Bixby,United States,19721,Louisiana,423 Dunshee,1939-03-12,2188
crmid:2403951610,kouprey1965@outlook.com,Bruce,Richards,male,785-242-8175,Avon Lake,United States,06387,North Carolina,586 Hunt,1935-02-24,2269
crmid:4933341584,nemichthys2021@yahoo.com,Lorenzo,Harrison,,732-047-7981,Honolulu,United States,10372,North Carolina,706 Capen,1973-02-01,2907
crmid:8315480954,blackbelly1891@yandex.com,Aron,Cole,,767-298-9311,San Jose,United States,86654,Delaware,71 Allston,1963-11-25,775
crmid:5737312349,thwartship1840@gmail.com,Melynda,Horton,female,945-569-3506,Eagle Pass,United States,63703,New York,1218 Ship,1956-10-24,1434
crmid:7740113544,pygofer2070@yandex.com,Jeromy,Knight,,517-308-7262,McHenry,United States,21841,Oklahoma,62 Underwood,1988-05-31,1393
crmid:8449020312,boldface1904@live.com,Tad,Winters,male,626-077-4836,Brownsburg,United States,59124,Florida,544 Harry,1942-10-18,1255
crmid:1816033608,falcon2029@live.com,Ward,Morrow,male,753-528-2904,Altamonte Springs,United States,54475,Missouri,1151 Urbano,1931-10-21,2019
crmid:7967174694,plectridium1845@gmail.com,Agustin,Dominguez,,589-120-8999,Holly Springs,United States,67789,Alabama,490 Alana,1972-12-21,486
crmid:2904378863,countor2056@yahoo.com,Joel,Albert,female,971-948-3239,Conway,United States,92315,Indiana,321 Walter U Lum,1950-04-01,2691
crmid:3952627667,goalposts2033@yahoo.com,Leighann,Christensen,female,343-561-8233,Torrance,United States,98712,Maryland,328 Mullen,1961-05-06,1437
crmid:2982422478,accosting2018@live.com,Shawanda,Dyer,female,296-423-6916,Duluth,United States,94310,Maryland,1235 Blackstone,1956-12-15,395
crmid:2486478255,stounded1831@yahoo.com,Roland,Mcintyre,male,355-460-0249,Big Spring,United States,49697,Arkansas,798 Mayfair,1939-08-19,1383
crmid:2203853264,canthuthi1899@yahoo.com,Gilbert,Beasley,,495-082-7414,Muskogee,United States,88294,Washington,111 Harlan,1994-05-09,459
crmid:6313784412,semiliquidity1837@yahoo.com,Jeannetta,Massey,female,502-813-6623,Santa Monica,United States,15343,Kansas,455 Aptos,1952-04-18,2933
crmid:9810365057,cornice1985@yahoo.com,Jonathan,Lambert,male,973-723-6533,Buckeye,United States,65733,West Virginia,786 Bliss,1942-11-11,574
crmid:7576032697,draughtsman1804@live.com,Dane,Pennington,,975-433-8446,Forest Grove,United States,94663,Alabama,1077 Ford,1962-06-15,1687
crmid:9602497974,blacky1830@yahoo.com,Mitchel,Atkinson,,567-944-2530,Gary,United States,75947,Wisconsin,772 Bocana,1965-12-16,1869
crmid:7988310584,husk2029@yahoo.com,Lino,Martin,,957-703-6894,Hays,United States,68695,Louisiana,1319 Longview,1970-10-26,1970
crmid:1379626969,adaw1832@live.com,Vannesa,Hurst,female,575-941-8483,Eastlake,United States,55638,Illinois,1044 Worden,1957-09-30,2810
crmid:2512918161,calcutta1936@yahoo.com,Voncile,Alexander,female,374-806-2921,Tahlequah,United States,10323,Vermont,183 Pelican Cove,1951-09-01,1186
crmid:8608061240,battlegrounds1850@yahoo.com,Carmelia,Melendez,female,955-455-5213,West Fargo,United States,16910,California,764 Tioga,1948-02-20,2820
crmid:2441438734,bolshevik1975@live.com,Neville,Hensley,,176-063-7577,Melrose Park,United States,61476,Michigan,323 Bannock,1989-11-12,1327
crmid:4668344439,espied1991@yandex.com,Arturo,Russell,,635-384-9179,Westerville,United States,74770,Florida,766 Bowman,1986-05-26,1163
crmid:8158267139,ambar1975@live.com,Lucrecia,Ramos,female,495-158-5410,Downey,United States,36473,Delaware,599 Ridgewood,1955-06-24,2711
crmid:8386931448,palmira2002@yahoo.com,Buford,Stevens,male,943-666-9499,Beaverton,United States,03687,Mississippi,469 Reposa,1937-02-28,1945
crmid:3024411340,lallans1868@outlook.com,Greg,Morton,male,972-867-7041,North Ogden,United States,90275,Florida,482 Belcher,1998-10-03,2481
crmid:6857378396,silly2049@yandex.com,Colby,Goodwin,male,549-825-8862,Winter Springs,United States,60124,Pennsylvania,894 Morris,1937-10-04,847
crmid:8544383828,cranic2057@gmail.com,Bernard,Valdez,male,369-140-3210,Bowie,United States,00287,Iowa,269 Icehouse,1940-01-29,1325
crmid:6729788833,aisling1933@yahoo.com,Augustine,Crosby,,411-802-6422,Grove City,United States,50290,Kentucky,1208 Charles,1968-09-29,2305
crmid:7897641299,elianora2048@yandex.com,Monte,Kramer,,294-724-1938,Opelika,United States,40942,Alaska,87 Sloan,1992-01-01,2450
crmid:8128973283,illegal1818@live.com,Luther,Hayden,male,127-747-6420,Sumter,United States,51364,Arizona,645 Dedman,1995-02-12,2856
crmid:8427736217,eikon2009@yahoo.com,Jed,Moreno,,502-826-8573,Rock Hill,United States,49822,Pennsylvania,364 Pilgrim,1991-05-30,768
crmid:6156868078,rabboni2068@outlook.com,Morris,Donaldson,,456-518-0661,Gulfport,United States,50458,Arkansas,448 Raleigh,1969-09-09,528
crmid:7876821805,aborter1815@yandex.com,Sonny,Shields,,562-382-6117,Woburn,United States,74537,New Jersey,1070 Hunt,1982-09-18,603
crmid:3894515686,quott1801@outlook.com,Otis,Cleveland,,992-581-6565,La Ca�ada Flintridge,United States,50248,California,1295 Adolph Sutro,1978-09-17,321
crmid:4222648735,aiwan1827@live.com,Sharita,Medina,female,416-912-5799,Eugene,United States,67558,Vermont,1194 Skyview,1960-11-23,1590
crmid:8342924591,greyhound1899@live.com,Shirleen,Bray,female,125-959-5150,Doral,United States,44112,Oregon,1035 Old Mason,1955-08-04,1396
crmid:9721500576,incaliculate1919@yandex.com,Willard,Roman,male,181-641-7254,Bowling Green,United States,77775,Missouri,1396 Crescent,1940-10-25,2161
crmid:8111934362,believer1870@yandex.com,Titus,Flynn,,997-102-5993,Noblesville,United States,65956,Oklahoma,682 Penny,1997-10-18,1955
crmid:7890759473,dejan1820@yahoo.com,Jenine,Carney,female,457-761-2462,Dublin,United States,81386,Oklahoma,221 Bay Shore,1956-04-05,2428
crmid:2195976716,fowl2070@outlook.com,Willette,Ryan,female,046-854-5246,Eagan,United States,57450,New Jersey,1377 Caselli,1956-09-18,1739
crmid:9601094325,mowstead2047@live.com,Delsie,Bartlett,female,863-580-9779,Ellensburg,United States,69049,North Dakota,1280 Yale,1959-11-22,1959
crmid:9936654789,subelliptic1807@yahoo.com,Danyelle,Marshall,female,457-807-4997,Wausau,United States,11662,West Virginia,689 Annie,1948-02-18,2330
crmid:5637406071,rovers2068@live.com,Carlo,Riley,,773-782-0930,Oklahoma City,United States,93515,Wisconsin,261 Salinas,1974-10-20,2851
crmid:3631808142,semiquadrate1987@gmail.com,Adriene,Fry,female,599-804-3709,South St. Paul,United States,86130,Texas,1191 Van Keuren,1949-01-10,1097
crmid:9610449695,lucidity1918@yandex.com,Bethann,Drake,female,636-108-3155,Cleveland Heights,United States,02996,Maryland,1394 Commer,1948-01-08,1676
