crmid,email,first_name,last_name,gender,mobile_telephone,city,country,zip,state,street_address,birthday,genre
crmid:4152131735,corvettes1859@outlook.aephandson.com,Chang,Ware,,891-530-4739,Riviera Beach,United States,87209,Colorado,1218 Macondray,1962-12-01,Biography
crmid:8583423001,gloms1973@yandex.aephandson.com,Desmond,Emerson,,441-798-8406,Glen Ellyn,United States,20182,Michigan,824 Rhode Island,1966-05-18,Fantasy
crmid:1763927661,sailable1919@yahoo.aephandson.com,Lexie,Dorsey,female,485-045-5311,Cerritos,United States,89833,Iowa,935 Texas,1946-11-10,History
crmid:5416996123,adoree1855@live.aephandson.com,Shirl,Hill,female,714-889-8642,Dickinson,United States,44459,Tennessee,1323 Saint Francis,1955-08-14,Comedy
crmid:3202779075,dewberry1898@yandex.aephandson.com,Florentina,Gardner,female,558-905-9581,Stephenville,United States,13794,South Carolina,906 Tehama,1949-03-11,Action
crmid:4308911892,peponidas2029@yahoo.aephandson.com,Brock,Melendez,male,147-637-3451,Brownsville,United States,09465,Kansas,890 Polk,1942-02-20,Animation
crmid:5877303076,zimbi1961@yahoo.aephandson.com,Abraham,Page,male,526-326-3931,Auburn,United States,80650,Mississippi,256 Glenbrook,1934-01-22,Biography
crmid:7508249875,dissave1806@yahoo.aephandson.com,Kasi,Mccullough,female,968-924-1289,Evergreen Park,United States,55309,Texas,812 Peter Yorke,1960-10-09,Animation
crmid:5782210012,syncretion1820@outlook.aephandson.com,Flo,Pate,female,932-204-9102,Parma Heights,United States,26009,Massachusetts,424 Cole,1960-03-23,Action
crmid:3657295385,cantabile1841@live.aephandson.com,Tim,Benjamin,,508-780-1418,Tooele,United States,39635,Utah,1110 Sproule,1976-05-25,Horror
crmid:9853909873,cypher1967@gmail.aephandson.com,Dale,Rowland,male,587-584-4790,White Plains,United States,07035,Virginia,1050 Burr,1941-02-25,Sport
crmid:4356833547,charlene2039@live.aephandson.com,Benny,Haynes,,215-046-8446,Howard,United States,78535,New Jersey,477 Ruger,1973-04-27,Biography
crmid:9594807393,cresoxide1971@yahoo.aephandson.com,Tennie,Parker,female,011-641-1456,Corvallis,United States,96430,Florida,480 Diamond,1951-09-22,News
crmid:4857400685,intersprinkled1900@gmail.aephandson.com,Sparkle,Deleon,female,874-048-7962,Stamford,United States,94971,Michigan,920 Brighton,1950-08-08,Sport
crmid:9148900381,dynatrons1899@live.aephandson.com,Arianna,Sherman,female,923-498-8237,Tallmadge,United States,82849,Massachusetts,1108 Jordan,1956-01-27,Action
crmid:3386090094,anaconda2051@outlook.aephandson.com,Rolando,Riley,male,798-665-1937,Sevierville,United States,04856,Vermont,1302 Nordhoff,1933-08-25,Comedy
crmid:5270421089,boatly1951@live.aephandson.com,Renetta,Mcdaniel,female,694-981-0970,Fairbanks,United States,49234,Oregon,667 Ringold,1961-07-19,Animation
crmid:6420788333,bureaus1923@live.aephandson.com,Zachariah,Davidson,,048-771-8781,Lake Worth,United States,55546,Iowa,977 San Juan,1980-09-26,News
crmid:1854182265,unhideable1923@gmail.aephandson.com,Xuan,Black,female,312-839-8650,Copperas Cove,United States,59023,Delaware,457 San Benito,1950-09-03,News
crmid:7557701063,altin1971@live.aephandson.com,Tova,Dodson,female,893-432-7850,Cranston,United States,92503,Mississippi,681 Rockaway,1951-09-08,Animation
crmid:7698772611,pooled1923@yahoo.aephandson.com,Sharita,Emerson,female,074-789-1296,Pontiac,United States,14324,New York,654 Pleasant,1946-11-15,Sport
crmid:1127850290,oryx2043@outlook.aephandson.com,Necole,Page,female,201-232-2782,Simpsonville,United States,81356,New Mexico,493 Mckinley,1954-07-22,Action
crmid:8386711382,annale1913@live.aephandson.com,Andres,Fulton,male,662-136-1805,Calexico,United States,03932,Kansas,50 Elwood,1943-01-10,Family
crmid:9680242771,aswan1994@yandex.aephandson.com,Hilton,Allison,male,948-672-7275,Overland Park,United States,00275,Vermont,917 Schofield,1936-05-01,Drama
crmid:4671155408,lemonweed1980@yandex.aephandson.com,Tisa,Rhodes,female,110-896-7787,Yucaipa,United States,69733,Hawaii,1322 Colonial,1953-09-24,Animation
crmid:7673839330,malleating1975@outlook.aephandson.com,Damien,Deleon,male,772-145-1008,Suffolk,United States,87188,Oregon,704 Fairfield,1938-12-04,Horror
crmid:3882325104,medical1899@gmail.aephandson.com,Yun,Moore,female,171-376-1176,Chaska,United States,76061,Georgia,396 Mccoppin,1946-09-20,Sport
crmid:5483426158,atune1840@yandex.aephandson.com,Darcey,Mcfadden,female,658-841-2315,Del City,United States,11789,Vermont,1083 Larch,1954-02-19,Action
crmid:8427746518,dropsywort1828@yandex.aephandson.com,Brant,Ford,,738-043-2263,Irvine,United States,15020,New Jersey,1302 Nautilus,1975-02-20,Reality-TV
crmid:9203165031,heterotricha2048@yandex.aephandson.com,Giovanni,Sweeney,male,783-206-9056,Sheboygan,United States,82184,Connecticut,600 Onique,1930-04-28,Reality-TV
crmid:6568984903,bromes2030@live.aephandson.com,Yong,Jimenez,,927-530-4574,Flower Mound,United States,57744,Illinois,1249 Rudden,1962-10-27,Biography
crmid:4578993095,scenarizing1946@live.aephandson.com,Lewis,Foster,,262-460-0471,Tulare,United States,23393,Maine,523 Sal,1967-04-11,Sport
crmid:4671793635,anent1826@yahoo.aephandson.com,Virgil,Holder,female,904-218-2122,Federal Way,United States,52587,Arkansas,1252 Bartlett,1961-09-14,Action
crmid:7246550697,premillenarianism1800@gmail.aephandson.com,Everette,Wise,,351-270-4280,Lewiston,United States,79720,Alabama,529 Newton,1982-12-09,Westerns
crmid:5781957816,bickford2007@gmail.aephandson.com,Leandro,House,male,608-832-2522,Williamsport,United States,55048,Montana,1387 Heron,1999-09-03,Drama
crmid:7631172006,continuum1900@yahoo.aephandson.com,Berneice,Slater,female,104-847-3938,Corvallis,United States,02591,Connecticut,325 Perimeter,1951-01-27,Mystery
crmid:2796467253,herbosity1831@gmail.aephandson.com,Grady,Shields,,994-219-4953,Greensboro,United States,96785,Arkansas,759 Talbert,1968-08-21,Action
crmid:6547364822,brogan2035@yahoo.aephandson.com,Chance,Cantrell,male,215-134-1272,Billings,United States,03542,Hawaii,1120 Bella Vista,1939-02-05,Sport
crmid:4248655233,matrimonii2057@outlook.aephandson.com,Geoffrey,Townsend,male,180-197-6944,Annapolis,United States,28340,Colorado,1079 Burnett,1933-04-29,History
crmid:2479170551,afterlife1896@live.aephandson.com,Tracey,Bowen,,060-558-3137,Newburyport,United States,84303,Illinois,55 Bret Harte,1997-05-14,History
crmid:4030676260,beaucoup2040@gmail.aephandson.com,Merle,Norris,,420-955-5459,Valley Stream,United States,52607,Texas,1182 Brussels,1968-05-28,Action
crmid:4335077933,reamalgamated2003@gmail.aephandson.com,Angelyn,Logan,female,972-826-3737,Collierville,United States,00732,Hawaii,503 Nob Hill,1949-01-17,News
crmid:1527980693,deidre1908@yahoo.aephandson.com,Randall,Norton,,442-672-9822,Martinsburg,United States,19987,New Jersey,677 Moncada,1987-03-08,News
crmid:5010124076,unalterable1802@yandex.aephandson.com,Jeffry,Hardin,,678-330-2143,Goose Creek,United States,83215,Alabama,1315 Texas,1967-07-13,News
crmid:1983902126,disgrace1933@live.aephandson.com,Maira,Stevens,female,064-067-2101,Rosemead,United States,53320,Utah,99 Raymond,1955-06-28,Action
crmid:4907367964,bongos1969@outlook.aephandson.com,Gerry,Yang,male,910-162-7222,Carpentersville,United States,99939,Oklahoma,756 Martinez,1944-10-30,Reality-TV
crmid:3832283653,gruesome1887@gmail.aephandson.com,Donn,Cameron,,640-216-9586,Hopkinsville,United States,48185,Hawaii,981 Erkson,1973-08-17,News
crmid:4671584758,agnatha1820@live.aephandson.com,Sergio,Ballard,,346-835-6424,Paragould,United States,48580,Iowa,282 Battery Wagner,1983-09-29,Thriller
crmid:8283843338,ambitious2049@gmail.aephandson.com,Dorie,Collins,female,719-623-6083,Waltham,United States,27154,New Hampshire,310 Encline,1959-03-06,Horror
crmid:2361883882,stedhorses1954@yahoo.aephandson.com,Vannesa,Powell,female,162-865-6650,Cuyahoga Falls,United States,67647,Louisiana,15 Larch,1952-11-17,Westerns
crmid:6378588310,bowlful1867@live.aephandson.com,Felton,Key,male,665-144-2468,Ozark,United States,86270,Oklahoma,865 Cuvier,1939-04-16,Action
crmid:1860696576,barse2016@gmail.aephandson.com,Johnson,Stout,,876-727-9662,Grand Prairie,United States,98688,Colorado,988 Quickstep,1967-12-28,Sport
crmid:3554202145,hamartia2064@yahoo.aephandson.com,Merle,Marquez,,735-941-6137,Houston,United States,22873,Washington,1057 Monterey,1973-04-01,Animation
crmid:9222261125,barite1858@outlook.aephandson.com,Philip,Mcguire,,549-433-3918,Moorpark,United States,16562,Washington,908 Via Bufano,1993-02-08,Sport
crmid:1490026079,featherfew1952@outlook.aephandson.com,Ezra,Frank,,369-540-7996,Point Pleasant,United States,29442,Oregon,853 Le Conte,1966-11-15,Action
crmid:2473224630,bootlessness1942@live.aephandson.com,Dusty,Gaines,,915-896-9243,Malden,United States,73134,Louisiana,330 Crystal,1985-12-28,Fantasy
crmid:2613345664,pectinogen2020@gmail.aephandson.com,Ervin,Mann,,715-606-2783,Jackson,United States,08690,Nevada,1109 Sergeant John V Young,1975-02-05,News
crmid:9484761460,unpracticable1957@live.aephandson.com,Dexter,Bright,male,774-090-6713,Amsterdam,United States,60168,Washington,1324 Glendale,1932-11-05,Sport
crmid:2596481643,utilize1825@yahoo.aephandson.com,Noriko,Knapp,female,211-044-1172,University Place,United States,57742,California,405 Imperial,1997-12-08,Animation
crmid:4620274856,british2044@yandex.aephandson.com,Kendrick,Bowen,,518-276-3365,Liberal,United States,20314,North Dakota,145 Flower,1982-04-30,Fantasy
crmid:4369242741,amstutz2031@yahoo.aephandson.com,Danny,Butler,,133-320-8828,Mountain View,United States,74217,California,713 De Long,1994-12-10,Action
crmid:7857849412,rhoding1802@outlook.aephandson.com,Milford,Stuart,male,102-859-8760,Portland,United States,04989,Nebraska,1053 Aladdin,1933-12-14,Action
crmid:1461744952,vaucheriaceous1817@yandex.aephandson.com,Bo,Thomas,,228-565-9675,Mission,United States,94021,Iowa,537 Hodges,1991-06-14,Sport
crmid:5983476033,sleekier1821@outlook.aephandson.com,Cyrstal,Adams,female,072-689-9774,Englewood,United States,15939,New York,975 Gibson,1959-02-01,Sport
crmid:8426749337,species1909@yandex.aephandson.com,Matthew,Chambers,male,207-497-9556,Burlington,United States,61231,Hawaii,915 Tampa,1943-11-13,Thriller
crmid:8038845453,approachable2007@live.aephandson.com,Long,Weeks,,431-288-5644,Orland Park,United States,79631,Texas,971 Museum,1964-11-22,Thriller
crmid:5405061803,sophies1834@yahoo.aephandson.com,Joey,Good,male,589-586-0332,Simi Valley,United States,03272,New York,1125 Urbano,1935-10-10,News
crmid:7450009940,undescendent1865@live.aephandson.com,Lyman,Donovan,,039-953-6733,Surprise,United States,23237,New Jersey,264 Cowles,1966-06-05,Action
crmid:6664308555,riverish1862@yandex.aephandson.com,Alberto,Holder,,573-789-8315,Haines City,United States,12081,Vermont,1206 Coso,1969-03-30,Action
crmid:3299602977,carted1936@yahoo.aephandson.com,Winston,Dean,,100-920-5949,Jacksonville,United States,17232,Illinois,144 Everglade,1975-02-15,Fantasy
crmid:3586226569,veligers1935@yandex.aephandson.com,Velvet,Mclean,female,009-474-3976,Fairmont,United States,52503,Vermont,1153 Rae,1961-09-19,Fantasy
crmid:3229835334,schradan1886@outlook.aephandson.com,Kermit,Waters,,378-261-5839,Lake Elsinore,United States,45931,Mississippi,553 Bruce,1980-08-18,News
crmid:6566499802,carless1872@yandex.aephandson.com,Lynn,Christensen,,059-452-6067,Marshalltown,United States,81377,Texas,1351 Glenview,1987-03-04,Comedy
crmid:5809079541,claustrum1930@live.aephandson.com,Jacques,Manning,,342-947-3475,North Miami Beach,United States,45245,New Mexico,524 Vermont,1998-08-30,Animation
crmid:9755211371,vibrio1930@yandex.aephandson.com,Sylvie,Allen,female,495-344-6171,Ventura,United States,66601,Oregon,988 Huntington,1950-11-16,Reality-TV
crmid:5781377444,biostatistic1805@gmail.aephandson.com,Johnathon,Vincent,,628-683-7292,Lorain,United States,48999,Alabama,558 Acorn,1984-07-15,Thriller
crmid:5507396567,cyrenaic2024@yandex.aephandson.com,Gerald,Fox,,071-167-2309,Hastings,United States,75022,Hawaii,1321 Sutter,1970-09-30,Family
crmid:2280127279,paterero2005@live.aephandson.com,Frankie,Kelly,,649-853-4499,Macomb,United States,47246,Vermont,1011 Lori,1985-07-01,Action
crmid:9290494944,dingo1850@yandex.aephandson.com,Lauren,Boyer,,915-709-7573,Hoffman Estates,United States,97203,Nebraska,266 Lundys,1972-01-24,History
crmid:2287615570,nickers1816@yandex.aephandson.com,Blake,Booker,male,544-220-5173,Big Spring,United States,80972,North Dakota,1006 Winthrop,1939-01-03,Reality-TV
crmid:7603199018,thingumadoodle1875@gmail.aephandson.com,Eliana,Shepard,female,809-498-3278,South San Francisco,United States,69780,Idaho,39 Macedonia,1951-12-05,Fantasy
crmid:9481406727,cadging1845@yahoo.aephandson.com,Clarisa,Bray,female,812-825-2335,Duarte,United States,08907,Montana,439 Fayette,1955-02-04,Comedy
crmid:9252920305,centuple1962@outlook.aephandson.com,Desmond,Holloway,male,761-347-9426,Belton,United States,15840,Florida,730 Belvedere,1937-03-14,Sport
crmid:4294873453,chemistry1851@yandex.aephandson.com,Janay,Frazier,female,512-373-6337,Duncanville,United States,22151,Indiana,784 Ashwood,1956-04-10,Action
crmid:9051100631,cobbra1924@outlook.aephandson.com,Chara,Salazar,female,309-441-9505,Easley,United States,90592,Michigan,136 Wyton,1956-02-26,Sport
crmid:6194510858,drugless2011@yandex.aephandson.com,Dwain,Santiago,male,201-088-4400,Burton,United States,61142,Alabama,229 Ervine,1943-11-06,Fantasy
crmid:8009341585,subnetworks1925@gmail.aephandson.com,Ismael,Cruz,,139-815-2333,Lewisville,United States,56382,Louisiana,417 Hillcrest,1982-09-22,Sport
crmid:7257309453,craney1800@yandex.aephandson.com,Teddy,Wright,,953-341-0802,Lancaster,United States,39293,Montana,1110 Peters,1980-06-24,History
crmid:7057694820,nozi1951@gmail.aephandson.com,Marcel,Fowler,,348-500-2182,Marina,United States,61725,Florida,931 Northpoint,1987-10-08,Horror
crmid:9860359502,nuciculture1872@live.aephandson.com,Truman,Wiley,,009-358-8603,Tifton,United States,76168,Delaware,1134 Cutler,1992-11-21,History
crmid:6603071394,swan1991@gmail.aephandson.com,Barton,Ramsey,,443-191-5773,Matthews,United States,90763,South Carolina,256 Beacon,1988-10-02,Biography
crmid:2093777033,deselecting1872@yandex.aephandson.com,Austin,Tyler,,083-487-8259,Lynn,United States,23094,Tennessee,130 Capra,1985-04-12,Family
crmid:9528529903,alway1939@yahoo.aephandson.com,Arden,Hayden,male,629-081-4583,American Fork,United States,02436,Illinois,158 Malta,1932-01-13,News
crmid:6329922910,batteries1848@live.aephandson.com,Shirley,Patton,,415-485-2912,Placentia,United States,27066,Alabama,389 Santa Marina,1963-06-26,Thriller
crmid:2420230195,campo1961@gmail.aephandson.com,Dave,Wood,,018-954-8130,Laguna Beach,United States,34989,Connecticut,914 Lunado,1979-06-12,Biography
crmid:7226225045,bashed1991@gmail.aephandson.com,Ollie,Cantu,,897-796-0767,Mauldin,United States,75976,Nevada,193 Coleridge,1988-10-19,History
crmid:7798702880,dolomites1813@yahoo.aephandson.com,Maple,Tillman,female,026-994-9419,Duarte,United States,38300,Kentucky,1395 Avenue B,1955-06-29,Action
crmid:3431599486,longa1878@yahoo.aephandson.com,Drucilla,Ratliff,female,681-953-3077,Duncan,United States,13553,Georgia,173 Falmouth,1956-03-24,Action
crmid:8335882069,interhabitation1862@yahoo.aephandson.com,Duane,Keith,male,351-178-0687,Altoona,United States,64441,Florida,368 Maple,1932-10-06,Fantasy
crmid:5460946895,pixies1890@yahoo.aephandson.com,Perry,Reyes,male,633-919-7584,Barberton,United States,46154,Alaska,496 Mission,1936-08-24,Reality-TV
crmid:1071940192,bibiri1958@gmail.aephandson.com,Dino,Francis,male,236-840-9872,Billings,United States,10957,Pennsylvania,197 Hubbell,1939-03-10,Sport
crmid:6177937940,abashed2062@yahoo.aephandson.com,Kelsie,Miranda,female,028-166-1574,Easton,United States,96790,Maine,212 Magnolia,1957-05-20,Reality-TV
crmid:9461293811,creatine1864@yandex.aephandson.com,Kelly,Albert,,095-250-8787,Lisle,United States,03377,Florida,61 Sonoma,1983-01-28,Reality-TV
crmid:1559259880,amazons1913@yahoo.aephandson.com,Domenic,Wilkins,,264-149-0784,Garden City,United States,15412,Ohio,453 Wool,1965-03-27,Biography
crmid:7932205182,swabble1829@gmail.aephandson.com,Brian,Castaneda,female,128-596-0572,Detroit,United States,00513,New Mexico,1208 Otter Cove,1954-01-05,Sport
crmid:1210558719,cobhead1889@live.aephandson.com,Cleopatra,Evans,female,872-122-0965,East Lansing,United States,04754,Nevada,268 Hays,1957-02-09,Biography
crmid:6686926510,kiwifruit1802@yahoo.aephandson.com,Terrell,Fisher,female,777-184-0712,Country Club Hills,United States,52907,Pennsylvania,277 Capen,1951-09-10,Action
crmid:1030429025,succoring1833@live.aephandson.com,Antone,French,male,458-800-5814,Atlanta,United States,04045,Arizona,144 Arguello,1934-01-10,Sport
crmid:7669387845,dorter1930@yandex.aephandson.com,Terrell,Hudson,,567-867-3930,Philadelphia,United States,33528,Kentucky,1089 Sterling,1972-02-13,Reality-TV
crmid:2264667947,surahs2005@gmail.aephandson.com,Orlando,Jensen,,872-710-3137,Huber Heights,United States,96449,Texas,1373 Broadmoor,1973-10-09,Action
crmid:5769292238,pectinogen1927@outlook.aephandson.com,Henriette,Joyner,female,482-619-1962,Utica,United States,82475,New Mexico,1028 Sonoma,1957-04-16,Action
crmid:5602039982,murexid1831@yandex.aephandson.com,Jerold,Shaffer,,593-751-2362,Mount Clemens,United States,50922,Kansas,125 Freeman,1993-09-21,Drama
crmid:4112134956,mantoid1851@outlook.aephandson.com,Dreama,Bolton,female,530-979-4896,Fayetteville,United States,15730,Connecticut,264 Beach,1961-03-03,Family
crmid:9486770595,petal1941@live.aephandson.com,Kendrick,Holt,male,306-086-8494,University City,United States,04598,Missouri,116 Blairwood,1942-06-14,Thriller
crmid:5423656989,anoraks1838@yahoo.aephandson.com,Meri,Hopper,female,231-207-1298,Youngstown,United States,63280,Maryland,128 Parker,1958-06-14,News
crmid:2780903930,cheetham2009@live.aephandson.com,Brady,Malone,,775-439-0229,McMinnville,United States,08534,West Virginia,1184 Gilroy,1988-01-18,Thriller
crmid:5123376909,propenes1860@gmail.aephandson.com,Tonita,Daugherty,female,342-744-3497,Cleburne,United States,58225,Minnesota,1092 Fulton,1948-09-07,Action
crmid:2660040535,armenoid2056@live.aephandson.com,Bryant,Goodwin,male,075-759-9897,Pembroke Pines,United States,03899,North Carolina,987 Amethyst,1934-02-12,Account Cancelation
crmid:5641104920,caggy1863@yandex.aephandson.com,Dewey,Nicholson,,072-668-1098,Roseburg,United States,30901,South Dakota,1367 Germania,1978-12-02,Biography
crmid:8726697324,recipe1921@live.aephandson.com,September,Horton,female,312-307-8442,Roanoke,United States,74423,Georgia,548 Scott,1959-08-14,Biography
crmid:8403363186,augurs1879@gmail.aephandson.com,Long,Bonner,,608-191-1379,Paramus,United States,94230,Georgia,1295 Rodgers,1972-08-31,Action
crmid:4019991989,bemole1890@yahoo.aephandson.com,Virgil,West,male,263-647-4904,Westlake,United States,95315,Alabama,635 Poplar,1939-10-30,Reality-TV
crmid:9581900590,mate1967@yandex.aephandson.com,Sergio,Hurley,,321-393-6746,Mandan,United States,53851,Massachusetts,705 Isadora Duncan,1986-09-11,News
crmid:3401560084,tetra1993@yandex.aephandson.com,Malcolm,Mcbride,,860-303-5529,Lee's Summit,United States,79453,Kansas,783 North View,1982-12-27,Reality-TV
crmid:2855734613,nonseriousness2048@outlook.aephandson.com,Carl,Avila,,783-360-9647,Lodi,United States,53706,New York,965 Pacheco,1983-09-16,News
crmid:4749026727,thrillingness1841@outlook.aephandson.com,Mckenzie,Mcintyre,female,118-689-3842,Elk Grove Village,United States,35899,Tennessee,477 Candyland,1959-06-19,Fantasy
crmid:8268361350,grasper1961@yahoo.aephandson.com,Trenton,Booker,,404-226-6097,Ocoee,United States,93459,Michigan,1372 Jack Balestreri,1972-02-16,Account Cancelation
crmid:2020772431,messor1846@gmail.aephandson.com,Weldon,Sawyer,male,873-514-7725,Texarkana,United States,08983,Oregon,636 Harlem,1930-10-26,News
crmid:2738928805,anoop1906@yandex.aephandson.com,Halina,Perry,female,110-280-8251,Southlake,United States,77917,Missouri,355 Gennessee,1955-04-23,Horror
crmid:3297932530,stirrup1952@live.aephandson.com,Darrel,Hayden,male,804-180-7113,Springfield,United States,03428,Colorado,375 Ridge,1933-03-13,Animation
crmid:4202075949,dearaujo2064@gmail.aephandson.com,Cleveland,Trujillo,male,260-779-4813,Bellevue,United States,11792,South Dakota,89 Winfield,1937-02-04,Action
crmid:6604049911,herve1994@live.aephandson.com,Clinton,Barlow,,279-878-9084,Melrose Park,United States,54719,Alaska,1312 Nueva,1989-10-05,Mystery
crmid:5221501389,shandies1934@outlook.aephandson.com,Derek,Lamb,,188-529-0114,Merrillville,United States,32655,Colorado,197 Italy,1989-07-02,Fantasy
crmid:4828432915,avernal1880@outlook.aephandson.com,Blake,Decker,,930-790-9453,Sterling Heights,United States,56302,Texas,324 Dedman,1977-11-12,Biography
crmid:8072427654,undersomething1814@yandex.aephandson.com,Johnnie,Bonner,,169-799-7697,Oklahoma City,United States,41703,Wyoming,999 Flood,1982-03-07,Animation
crmid:4211323054,cardamom1936@yahoo.aephandson.com,Lauren,Bailey,male,859-770-6902,Bedford,United States,37425,West Virginia,1113 Dorland,1937-06-01,Animation
crmid:8900822870,ergane1893@outlook.aephandson.com,William,Cunningham,,858-885-3512,Los Angeles,United States,57062,Connecticut,732 Fanning,1984-09-16,Family
crmid:1692058764,belie2062@yahoo.aephandson.com,Izetta,Holden,female,757-109-0386,Cliffside Park,United States,54757,North Carolina,280 Cayuga,1948-09-07,News
crmid:5947477646,incognitos1855@yahoo.aephandson.com,Brad,Reilly,,837-102-5718,North Ridgeville,United States,93061,Arkansas,221 Mint,1999-12-13,News
crmid:6162950750,concussion1892@live.aephandson.com,Quinton,Underwood,male,088-566-8662,Ansonia,United States,49557,Utah,1156 Chenery,1933-08-29,Action
crmid:3786551342,transchannel2042@gmail.aephandson.com,Livia,Chan,female,478-600-8129,Passaic,United States,92155,New Hampshire,1037 Walnut,1957-05-06,History
crmid:5020275126,daylights1969@yandex.aephandson.com,Pasquale,Slater,,776-493-8179,Fridley,United States,94423,Wisconsin,1249 East Fort Miley,1964-08-14,News
crmid:8477986350,cornea1802@outlook.aephandson.com,Boyce,Powell,,161-572-9121,Michigan City,United States,40609,Pennsylvania,11 Hicks,1990-07-24,Thriller
crmid:4358442415,tradition1972@live.aephandson.com,Casimira,Hood,female,718-310-9224,Waterloo,United States,10898,Michigan,388 Mangels,1950-02-14,Comedy
crmid:8995655486,devow1923@live.aephandson.com,Casimira,Ballard,female,377-609-0952,San Diego,United States,69067,West Virginia,14 Ney,1957-02-02,Reality-TV
crmid:6417303407,beachman1862@live.aephandson.com,Erasmo,Fletcher,,062-137-3089,Kalamazoo,United States,91132,Tennessee,1258 Cottage,1976-05-06,Action
crmid:7961933823,leucoryx1954@live.aephandson.com,Norberto,Gay,male,118-257-0927,Scarsdale,United States,50393,Idaho,371 Jessie,1998-02-14,Sport
crmid:2583107560,castling2021@live.aephandson.com,Ron,Medina,male,586-403-4486,Provo,United States,55546,Utah,81 Reposa,1998-01-20,Biography
crmid:8802593789,ducking1809@live.aephandson.com,Malcom,Mcmahon,,490-110-7695,Papillion,United States,30340,Minnesota,816 Santa Rita,1975-03-01,Horror
crmid:1527135537,flamer1935@yandex.aephandson.com,Lovetta,Talley,female,088-206-0012,Encinitas,United States,75892,Oregon,1097 Amity,1959-12-20,Action
crmid:6914727626,cadmium2068@yandex.aephandson.com,Garth,Gill,,459-560-6306,Torrance,United States,72752,Michigan,1302 Hoffman,1966-08-25,News
crmid:3271021470,galagos2004@gmail.aephandson.com,Nicky,Pennington,,703-289-7614,Mamaroneck,United States,37614,Wisconsin,193 Russian Hill,1986-06-01,Mystery
crmid:1061361910,slither1873@live.aephandson.com,Fidel,Dejesus,male,340-660-8826,South Gate,United States,06219,Missouri,1007 Tubbs,1933-11-07,Account Cancelation
crmid:7046794182,flossie1854@live.aephandson.com,Ronny,Banks,male,177-193-3570,Santa Maria,United States,78906,Michigan,650 Clifford,1938-08-02,Biography
crmid:5912236102,wrecker1996@yahoo.aephandson.com,Forest,Villarreal,male,214-425-2425,Urbandale,United States,09714,Georgia,866 Dunnes,1941-04-30,News
crmid:7711800735,cloherty1862@yandex.aephandson.com,Ranae,Rivas,female,720-883-4329,South Salt Lake,United States,65267,Washington,459 Poplar,1997-04-27,News
crmid:9668770109,defeatism1876@gmail.aephandson.com,Gearldine,Bender,female,206-647-9940,Dixon,United States,10120,South Dakota,923 Rosa Parks,1955-03-02,Drama
crmid:9066338835,thurnia1836@outlook.aephandson.com,Marica,Greene,female,150-195-1482,Spring Valley,United States,13571,Vermont,846 Upton,1949-06-12,Thriller
crmid:3224283159,insulators1882@gmail.aephandson.com,Waylon,Hunt,,677-779-8398,Kankakee,United States,16050,Hawaii,1259 Rotteck,1976-02-20,Sport
crmid:4312257187,sphenoidal1830@yandex.aephandson.com,Alverta,Mcgowan,female,157-881-9794,Searcy,United States,90101,Pennsylvania,879 Steuben,1958-01-19,News
crmid:3905029724,timaliine1875@yahoo.aephandson.com,Jeramy,Martinez,,128-053-7210,Greenfield,United States,79852,Maine,289 Dirk Dirksen,1968-11-08,Sport
crmid:7541366923,gouger1954@yahoo.aephandson.com,John,Kelly,,637-752-7543,Keizer,United States,47144,Maryland,1267 Farview,1976-07-28,Action
crmid:4522273544,breakthrough1964@gmail.aephandson.com,Eliz,Hoover,female,908-974-3153,Statesville,United States,51096,Louisiana,1165 Charter Oak,1948-03-14,Biography
crmid:2444182784,trapezial1802@live.aephandson.com,Fletcher,Mclaughlin,,484-429-9253,Palm Desert,United States,64817,Indiana,56 Putnam,1990-09-29,Fantasy
crmid:2362447612,amazing1988@gmail.aephandson.com,Clifton,Fletcher,,337-450-6610,State College,United States,24106,Washington,1130 Nauman,1966-08-15,Fantasy
crmid:5102700383,steadiest2028@yahoo.aephandson.com,Sebastian,Banks,,370-408-2891,Waukegan,United States,64950,Louisiana,732 Rose,1999-08-05,Animation
crmid:1141851271,ailuropus1869@live.aephandson.com,Denny,Mcgowan,male,815-934-7029,Casselberry,United States,85718,Hawaii,914 Music Concourse,1945-03-19,Biography
crmid:1838569488,postbrachial1987@gmail.aephandson.com,Weston,May,male,264-855-0171,Winter Springs,United States,60598,Vermont,1211 Naples,1935-12-19,News
crmid:9353688237,cogitate2057@yandex.aephandson.com,Wiley,Moran,,482-157-6967,Phoenix,United States,45845,Oregon,992 Delancey,1985-09-22,Biography
crmid:7038626326,detonations2025@live.aephandson.com,Jefferson,Keith,male,242-969-6554,Westminster,United States,09474,New Hampshire,563 Lassen,1930-10-10,Westerns
crmid:6390289839,quantifiers2031@gmail.aephandson.com,Elroy,Castaneda,,095-263-1946,Newton,United States,81616,New Hampshire,148 Enterprise,1997-05-06,History
crmid:6949197657,depicting2001@yandex.aephandson.com,Jody,Davenport,male,190-527-3139,Warwick,United States,83131,Utah,319 Amatista,1941-05-07,Action
crmid:6778419155,simoniac2008@outlook.aephandson.com,Samual,Reese,,157-158-3949,Waterbury,United States,73779,North Carolina,834 Cross,1978-02-25,History
crmid:6315419222,nemichthys1842@yahoo.aephandson.com,Quinn,Brooks,,090-359-7579,Simpsonville,United States,41436,Michigan,1186 Avenue E,1990-08-06,News
crmid:1164866690,protragedy2035@gmail.aephandson.com,German,Ortega,,780-560-7550,Schererville,United States,43128,New Jersey,942 Waltham,1986-11-12,History
crmid:1299840584,eyeshot1981@outlook.aephandson.com,Lurlene,Riddle,female,847-108-2648,Sanford,United States,29538,Nevada,527 Divisadero,1960-06-25,Family
crmid:6348176797,clipper2027@gmail.aephandson.com,Regena,Strong,female,864-469-7781,Duluth,United States,58248,Vermont,871 San Andreas,1956-10-14,Horror
crmid:2004703018,obvention1938@outlook.aephandson.com,Carlton,Mercado,,500-192-6015,Lafayette,United States,09096,Louisiana,1081 Griffith,1979-02-14,Drama
crmid:9150323052,chytridial1994@yahoo.aephandson.com,Gita,Benton,female,088-944-3595,Walnut Creek,United States,21369,California,581 Laguna Honda,1958-12-06,Thriller
crmid:7580507954,vegetation1812@gmail.aephandson.com,Chauncey,Kramer,,424-725-0393,Hutchinson,United States,46605,Virginia,49 Beckett,1974-07-30,Mystery
crmid:1866049248,ental2025@yahoo.aephandson.com,Cordell,Tucker,,644-271-3050,Marina,United States,61889,Wyoming,606 Rivas,1987-11-24,Thriller
crmid:2979808350,filamentiferous2017@yahoo.aephandson.com,Clint,Barber,,040-016-9458,St. Clair Shores,United States,88206,Arizona,1005 Illinois,1966-01-01,News
crmid:7248646225,soh2014@live.aephandson.com,Doug,Goodman,,878-173-3244,Marshall,United States,29376,Maine,1325 Swiss,1987-04-01,Sport
crmid:7009905042,copious1830@outlook.aephandson.com,Erick,Davenport,,903-207-9060,Lathrop,United States,67692,North Carolina,124 Letterman,1981-10-23,Sport
crmid:8944156832,bromid1977@outlook.aephandson.com,Oswaldo,Molina,,664-021-6944,Indio,United States,88912,South Carolina,1044 Westbrook,1974-09-27,Fantasy
crmid:7185156760,ceruleum1923@live.aephandson.com,Duncan,Slater,,255-418-5032,McAllen,United States,06132,Maryland,612 Hoffman,1988-01-07,Sport
crmid:5069369082,walspere2016@yahoo.aephandson.com,Shyla,Melton,female,565-545-3071,Collierville,United States,43984,North Carolina,1350 Vermont,1949-08-20,Action
crmid:3683841707,anastasis1910@live.aephandson.com,Burton,Weeks,,657-177-8152,Grandville,United States,58059,Missouri,1270 Inverness,1967-09-20,Drama
crmid:5832476975,snarling1818@gmail.aephandson.com,Devin,Roberts,,240-237-1478,Rock Hill,United States,45479,Texas,716 Banneker,1990-01-18,Thriller
crmid:8931049663,genesitic2068@outlook.aephandson.com,Loyce,Frederick,female,011-953-6580,Muskego,United States,23147,Virginia,1299 Conservatory Access,1994-04-11,Fantasy
crmid:7784254951,brothier2060@gmail.aephandson.com,Luigi,Guerrero,,683-835-4939,Winter Haven,United States,23236,Arizona,1044 Bercut Access,1966-09-10,Drama
crmid:8736664952,finalized1816@yandex.aephandson.com,Coleman,Guerra,male,964-324-5547,Bedford,United States,17109,South Carolina,462 Starr King,1937-02-12,News
crmid:8368834357,crataegus2034@gmail.aephandson.com,Jonas,Pittman,male,025-137-0631,Baytown,United States,30540,Kansas,143 Tulane,1936-06-23,Action
crmid:1751417445,cookeys1958@yahoo.aephandson.com,Frank,Ball,,854-182-0052,Sioux Falls,United States,57599,Alaska,437 Scott,1970-09-24,Comedy
crmid:5205068429,blissfully2051@outlook.aephandson.com,Malik,Brady,male,462-777-0440,Bolingbrook,United States,90000,Alabama,848 Indiana,1940-07-03,Thriller
crmid:2662259300,clients1832@gmail.aephandson.com,Chi,Gaines,male,149-673-3078,Camarillo,United States,83056,New Mexico,322 Moncada,1943-02-11,Action
crmid:7106156841,actually2006@gmail.aephandson.com,Lizzette,Hunter,female,624-209-3495,Pontiac,United States,27414,Utah,586 Capen,1961-11-24,Comedy
crmid:8024643631,scruff2020@live.aephandson.com,Jamee,Maldonado,female,026-501-7043,Wyoming,United States,18524,Hawaii,402 Houston,1948-04-18,Action
crmid:3245945527,unvulgarized1987@gmail.aephandson.com,Isaiah,Davidson,,429-848-7185,Prior Lake,United States,98329,West Virginia,454 Argonaut,1966-02-13,Fantasy
crmid:8778765262,wipers2065@yandex.aephandson.com,Eloy,Durham,male,477-712-5710,Tukwila,United States,56176,West Virginia,838 Toll Plaza Tunnel,1931-03-09,Comedy
