id,crmid,propensity_premium,propensity_high_speed
c5d763c8-83f2-11ea-923b-b88a60e194fb,crmid:4152131735,4,7
c5d95f94-83f2-11ea-bc90-b88a60e194fb,crmid:8583423001,9,6
c5db0d64-83f2-11ea-9e29-b88a60e194fb,crmid:1763927661,3,7
c5dce21c-83f2-11ea-9db1-b88a60e194fb,crmid:5416996123,9,2
c5df04fa-83f2-11ea-8994-b88a60e194fb,crmid:3202779075,7,5
c5e127ba-83f2-11ea-89b9-b88a60e194fb,crmid:4308911892,8,4
c5e2fcbe-83f2-11ea-992e-b88a60e194fb,crmid:5877303076,5,7
c5e5bbd0-83f2-11ea-9958-b88a60e194fb,crmid:7508249875,4,8
c5e853c2-83f2-11ea-863c-b88a60e194fb,crmid:5782210012,8,4
c5eb12b8-83f2-11ea-b116-b88a60e194fb,crmid:3657295385,6,7
c5ed83c8-83f2-11ea-a48f-b88a60e194fb,crmid:9853909873,5,7
c5efcdb6-83f2-11ea-a51a-b88a60e194fb,crmid:4356833547,8,3
c5f23edc-83f2-11ea-8027-b88a60e194fb,crmid:9594807393,8,4
c5f5c136-83f2-11ea-9bdb-b88a60e194fb,crmid:4857400685,9,3
c5f8a75c-83f2-11ea-9111-b88a60e194fb,crmid:9148900381,7,3
c5fb184a-83f2-11ea-81c7-b88a60e194fb,crmid:3386090094,10,4
c5fd6236-83f2-11ea-b2e8-b88a60e194fb,crmid:5270421089,8,4
c5ffac24-83f2-11ea-b503-b88a60e194fb,crmid:6420788333,8,4
c6026b4c-83f2-11ea-9b5f-b88a60e194fb,crmid:1854182265,9,4
c604dc36-83f2-11ea-a1cf-b88a60e194fb,crmid:7557701063,8,5
c606b114-83f2-11ea-be10-b88a60e194fb,crmid:7698772611,4,10
c6085e9e-83f2-11ea-b4fc-b88a60e194fb,crmid:1127850290,5,6
c60a5aa6-83f2-11ea-9e6f-b88a60e194fb,crmid:8386711382,10,6
c60c2f7a-83f2-11ea-b6f7-b88a60e194fb,crmid:9680242771,9,3
c60ddd1e-83f2-11ea-a91f-b88a60e194fb,crmid:4671155408,4,9
c60f8aca-83f2-11ea-8fe3-b88a60e194fb,crmid:7673839330,7,4
c6115fae-83f2-11ea-9778-b88a60e194fb,crmid:3882325104,8,5
c6130d2e-83f2-11ea-ad95-b88a60e194fb,crmid:5483426158,4,8
c615571e-83f2-11ea-a046-b88a60e194fb,crmid:8427746518,5,7
c6172bd8-83f2-11ea-8de7-b88a60e194fb,crmid:9203165031,8,3
c619277e-83f2-11ea-a8ee-b88a60e194fb,crmid:6568984903,5,8
c61aae3a-83f2-11ea-8b68-b88a60e194fb,crmid:4578993095,9,4
c61caa24-83f2-11ea-8367-b88a60e194fb,crmid:4671793635,7,5
c61e7ee6-83f2-11ea-8e23-b88a60e194fb,crmid:7246550697,9,5
c62164f8-83f2-11ea-bab6-b88a60e194fb,crmid:5781957816,4,8
c623d5da-83f2-11ea-9d35-b88a60e194fb,crmid:7631172006,9,3
c625aaa6-83f2-11ea-937c-b88a60e194fb,crmid:2796467253,9,5
c62842b0-83f2-11ea-9117-b88a60e194fb,crmid:6547364822,6,4
c62a8cae-83f2-11ea-897a-b88a60e194fb,crmid:4248655233,8,4
c62cfdb8-83f2-11ea-8707-b88a60e194fb,crmid:2479170551,8,3
c62eab5c-83f2-11ea-bb72-b88a60e194fb,crmid:4030676260,5,6
c630ce36-83f2-11ea-9594-b88a60e194fb,crmid:4335077933,9,4
c633180a-83f2-11ea-8efd-b88a60e194fb,crmid:1527980693,5,8
c63513f4-83f2-11ea-b18f-b88a60e194fb,crmid:5010124076,10,4
c63736cc-83f2-11ea-adb2-b88a60e194fb,crmid:1983902126,8,4
c63959d2-83f2-11ea-867e-b88a60e194fb,crmid:4907367964,5,7
c63ba3b8-83f2-11ea-8deb-b88a60e194fb,crmid:3832283653,2,8
c63dc662-83f2-11ea-ba22-b88a60e194fb,crmid:4671584758,4,9
c63f7428-83f2-11ea-bfd1-b88a60e194fb,crmid:8283843338,9,4
c64121ca-83f2-11ea-8599-b88a60e194fb,crmid:2361883882,8,4
c642a868-83f2-11ea-bedc-b88a60e194fb,crmid:6378588310,8,3
c64407fa-83f2-11ea-8d1c-b88a60e194fb,crmid:1860696576,7,4
c645b5ba-83f2-11ea-80a8-b88a60e194fb,crmid:3554202145,3,10
c647b18c-83f2-11ea-8fe8-b88a60e194fb,crmid:9222261125,4,7
c649d454-83f2-11ea-96fa-b88a60e194fb,crmid:1490026079,6,8
c64c1e4a-83f2-11ea-9c32-b88a60e194fb,crmid:2473224630,3,7
c64e1b2c-83f2-11ea-a10e-b88a60e194fb,crmid:2613345664,4,7
c64fc8be-83f2-11ea-8e80-b88a60e194fb,crmid:9484761460,8,4
c651eabe-83f2-11ea-944e-b88a60e194fb,crmid:2596481643,8,5
c653e67e-83f2-11ea-a77e-b88a60e194fb,crmid:4620274856,10,6
c6563078-83f2-11ea-b10c-b88a60e194fb,crmid:4369242741,9,2
c659167a-83f2-11ea-a5b4-b88a60e194fb,crmid:7857849412,4,8
c65b396e-83f2-11ea-9469-b88a60e194fb,crmid:1461744952,7,5
c65d5c52-83f2-11ea-b37a-b88a60e194fb,crmid:5983476033,7,7
c65fcd6e-83f2-11ea-8e46-b88a60e194fb,crmid:8426749337,7,4
c661c928-83f2-11ea-8ea8-b88a60e194fb,crmid:8038845453,5,8
c663ec00-83f2-11ea-8d20-b88a60e194fb,crmid:5405061803,2,6
c666d228-83f2-11ea-b4a6-b88a60e194fb,crmid:7450009940,7,4
c668f500-83f2-11ea-82ed-b88a60e194fb,crmid:6664308555,8,5
c66b8d08-83f2-11ea-a895-b88a60e194fb,crmid:3299602977,3,8
c66d88e4-83f2-11ea-bd86-b88a60e194fb,crmid:3586226569,7,5
c66fabc6-83f2-11ea-a462-b88a60e194fb,crmid:3229835334,7,4
c671a786-83f2-11ea-a9e8-b88a60e194fb,crmid:6566499802,4,7
c673f180-83f2-11ea-9707-b88a60e194fb,crmid:5809079541,7,8
c675ed5c-83f2-11ea-8619-b88a60e194fb,crmid:9755211371,7,3
c677c20a-83f2-11ea-99bb-b88a60e194fb,crmid:5781377444,7,5
c67a5a1c-83f2-11ea-b8de-b88a60e194fb,crmid:5507396567,8,3
c67c7d0c-83f2-11ea-b57e-b88a60e194fb,crmid:2280127279,7,2
c67e78cc-83f2-11ea-87cc-b88a60e194fb,crmid:9290494944,7,4
c67fd84c-83f2-11ea-b6db-b88a60e194fb,crmid:2287615570,8,5
c6818606-83f2-11ea-9e13-b88a60e194fb,crmid:7603199018,7,4
c68333ae-83f2-11ea-ba88-b88a60e194fb,crmid:9481406727,4,8
c685089a-83f2-11ea-b84d-b88a60e194fb,crmid:9252920305,3,9
c686de9c-83f2-11ea-a96b-b88a60e194fb,crmid:4294873453,9,3
c6883e2e-83f2-11ea-8a01-b88a60e194fb,crmid:9051100631,4,7
c689ebe8-83f2-11ea-a98f-b88a60e194fb,crmid:6194510858,8,4
c68bc0ee-83f2-11ea-a85e-b88a60e194fb,crmid:8009341585,8,4
c68d4762-83f2-11ea-82ee-b88a60e194fb,crmid:7257309453,8,3
c68ecdd8-83f2-11ea-a2e3-b88a60e194fb,crmid:7057694820,6,3
c6902bf0-83f2-11ea-b5a9-b88a60e194fb,crmid:9860359502,2,10
c6918cfe-83f2-11ea-b22c-b88a60e194fb,crmid:6603071394,8,4
c693139a-83f2-11ea-b61a-b88a60e194fb,crmid:2093777033,4,7
c694e7c6-83f2-11ea-b48c-b88a60e194fb,crmid:9528529903,4,5
c696469c-83f2-11ea-9961-b88a60e194fb,crmid:6329922910,9,4
c697f59a-83f2-11ea-9136-b88a60e194fb,crmid:2420230195,8,5
c699f018-83f2-11ea-bde1-b88a60e194fb,crmid:7226225045,7,4
c69b76ca-83f2-11ea-a49d-b88a60e194fb,crmid:7798702880,4,7
c69cfd48-83f2-11ea-844f-b88a60e194fb,crmid:3431599486,6,7
c69ed1f6-83f2-11ea-a49a-b88a60e194fb,crmid:8335882069,4,7
c6a03188-83f2-11ea-a8fb-b88a60e194fb,crmid:5460946895,4,10
c6a1e068-83f2-11ea-979d-b88a60e194fb,crmid:1071940192,8,5
c6a33edc-83f2-11ea-9f3d-b88a60e194fb,crmid:6177937940,4,9
c6a70f74-83f2-11ea-801e-b88a60e194fb,crmid:9461293811,4,8
c6a895f4-83f2-11ea-a33d-b88a60e194fb,crmid:1559259880,3,7
c6aa4524-83f2-11ea-b783-b88a60e194fb,crmid:7932205182,5,8
c6aba346-83f2-11ea-a861-b88a60e194fb,crmid:1210558719,9,3
c6ad29f6-83f2-11ea-a055-b88a60e194fb,crmid:6686926510,7,4
c6aefe86-83f2-11ea-88e0-b88a60e194fb,crmid:1030429025,4,9
c6b05e3a-83f2-11ea-adfc-b88a60e194fb,crmid:7669387845,9,3
c6b23310-83f2-11ea-b315-b88a60e194fb,crmid:2264667947,8,5
c6b3e19c-83f2-11ea-acac-b88a60e194fb,crmid:5769292238,6,3
c6c5bb14-83f2-11ea-b2e2-b88a60e194fb,crmid:5602039982,10,4
c6d48cf6-83f2-11ea-8610-b88a60e194fb,crmid:4112134956,6,4
c6d61242-83f2-11ea-b05b-b88a60e194fb,crmid:9486770595,4,8
c6d79a00-83f2-11ea-a092-b88a60e194fb,crmid:5423656989,8,3
c6d8f986-83f2-11ea-a208-b88a60e194fb,crmid:2780903930,7,3
c6dacd00-83f2-11ea-8c16-b88a60e194fb,crmid:5123376909,4,8
c6dca1a8-83f2-11ea-92ad-b88a60e194fb,crmid:2660040535,9,5
c6de4fe8-83f2-11ea-9441-b88a60e194fb,crmid:5641104920,7,5
c6dffe66-83f2-11ea-a539-b88a60e194fb,crmid:8726697324,10,6
c6e1f96e-83f2-11ea-afe2-b88a60e194fb,crmid:8403363186,3,6
c6e37f76-83f2-11ea-b652-b88a60e194fb,crmid:4019991989,3,8
c6e505ee-83f2-11ea-b187-b88a60e194fb,crmid:9581900590,2,8
c6e702e2-83f2-11ea-9450-b88a60e194fb,crmid:3401560084,10,5
c6e8d7cc-83f2-11ea-92fc-b88a60e194fb,crmid:2855734613,9,4
c6ea5e6e-83f2-11ea-a8f8-b88a60e194fb,crmid:4749026727,9,3
c6ec0ad0-83f2-11ea-a596-b88a60e194fb,crmid:8268361350,6,5
c6edb968-83f2-11ea-be2c-b88a60e194fb,crmid:2020772431,1,8
c6f00276-83f2-11ea-97bc-b88a60e194fb,crmid:2738928805,4,9
c6f16218-83f2-11ea-8a4f-b88a60e194fb,crmid:3297932530,5,7
c6f2c1ac-83f2-11ea-ac53-b88a60e194fb,crmid:4202075949,4,8
c6f42136-83f2-11ea-bde3-b88a60e194fb,crmid:6604049911,8,5
c6f5f606-83f2-11ea-a63e-b88a60e194fb,crmid:5221501389,9,4
c6f72fd0-83f2-11ea-bcf6-b88a60e194fb,crmid:4828432915,8,3
c6f8dd78-83f2-11ea-bd44-b88a60e194fb,crmid:8072427654,3,8
c6fa3d00-83f2-11ea-af25-b88a60e194fb,crmid:4211323054,8,3
c6fb9b3a-83f2-11ea-80c4-b88a60e194fb,crmid:8900822870,8,4
c6fd4a7e-83f2-11ea-801c-b88a60e194fb,crmid:1692058764,2,10
c6ff44a4-83f2-11ea-8d72-b88a60e194fb,crmid:5947477646,4,9
c700cb3a-83f2-11ea-a8ab-b88a60e194fb,crmid:6162950750,3,9
c70203ba-83f2-11ea-a786-b88a60e194fb,crmid:3786551342,5,9
c703d888-83f2-11ea-b73d-b88a60e194fb,crmid:5020275126,5,8
c706bf62-83f2-11ea-beef-b88a60e194fb,crmid:8477986350,6,10
c70956d8-83f2-11ea-ba53-b88a60e194fb,crmid:4358442415,5,8
c70ba0ae-83f2-11ea-998e-b88a60e194fb,crmid:8995655486,5,7
c70d9c7e-83f2-11ea-b4f3-b88a60e194fb,crmid:6417303407,7,3
c70f7146-83f2-11ea-ae5f-b88a60e194fb,crmid:7961933823,7,4
c7114618-83f2-11ea-8dfb-b88a60e194fb,crmid:2583107560,8,3
c712a576-83f2-11ea-984d-b88a60e194fb,crmid:8802593789,9,4
c7145336-83f2-11ea-8457-b88a60e194fb,crmid:1527135537,5,9
c7160268-83f2-11ea-aa9a-b88a60e194fb,crmid:6914727626,4,7
c7173a2e-83f2-11ea-a15d-b88a60e194fb,crmid:3271021470,7,3
c718e87a-83f2-11ea-b3dc-b88a60e194fb,crmid:1061361910,9,5
c719f9e4-83f2-11ea-af7f-b88a60e194fb,crmid:7046794182,4,10
c71ba64a-83f2-11ea-943a-b88a60e194fb,crmid:5912236102,6,9
c71d5408-83f2-11ea-9b0e-b88a60e194fb,crmid:7711800735,6,8
c71eb38c-83f2-11ea-a036-b88a60e194fb,crmid:9668770109,4,8
c71fec00-83f2-11ea-9a84-b88a60e194fb,crmid:9066338835,4,8
c7223628-83f2-11ea-8e56-b88a60e194fb,crmid:3224283159,4,9
c72458f8-83f2-11ea-91c2-b88a60e194fb,crmid:4312257187,4,8
c726069e-83f2-11ea-b856-b88a60e194fb,crmid:3905029724,9,4
c728025e-83f2-11ea-a2d9-b88a60e194fb,crmid:7541366923,2,9
c729b000-83f2-11ea-8499-b88a60e194fb,crmid:4522273544,3,8
c72b36ba-83f2-11ea-b89a-b88a60e194fb,crmid:2444182784,8,4
c72d0bc6-83f2-11ea-86c4-b88a60e194fb,crmid:2362447612,3,7
c72fa378-83f2-11ea-8ff7-b88a60e194fb,crmid:5102700383,8,5
c731511c-83f2-11ea-9775-b88a60e194fb,crmid:1141851271,2,8
c7332600-83f2-11ea-9c02-b88a60e194fb,crmid:1838569488,5,9
c734acf8-83f2-11ea-b43e-b88a60e194fb,crmid:9353688237,9,4
c7368198-83f2-11ea-8ed3-b88a60e194fb,crmid:7038626326,3,9
c7382efa-83f2-11ea-924e-b88a60e194fb,crmid:6390289839,5,7
c73a03b6-83f2-11ea-90f9-b88a60e194fb,crmid:6949197657,9,4
c73b8afa-83f2-11ea-b162-b88a60e194fb,crmid:6778419155,3,7
c73d10f6-83f2-11ea-a49e-b88a60e194fb,crmid:6315419222,8,4
c73ebe9c-83f2-11ea-9080-b88a60e194fb,crmid:1164866690,4,8
c7404526-83f2-11ea-b598-b88a60e194fb,crmid:1299840584,5,7
c7426808-83f2-11ea-962d-b88a60e194fb,crmid:6348176797,9,4
c743eeac-83f2-11ea-bb84-b88a60e194fb,crmid:2004703018,4,8
c745754a-83f2-11ea-a865-b88a60e194fb,crmid:9150323052,10,5
c746fbe6-83f2-11ea-97c3-b88a60e194fb,crmid:7580507954,7,5
c74835c6-83f2-11ea-87b2-b88a60e194fb,crmid:1866049248,10,5
c749baf8-83f2-11ea-ace5-b88a60e194fb,crmid:2979808350,9,3
c74b418a-83f2-11ea-afc2-b88a60e194fb,crmid:7248646225,9,3
c74ca126-83f2-11ea-9d63-b88a60e194fb,crmid:7009905042,8,4
c74e00b0-83f2-11ea-ac71-b88a60e194fb,crmid:8944156832,8,4
c74f874a-83f2-11ea-bb16-b88a60e194fb,crmid:7185156760,8,4
c7510de8-83f2-11ea-beea-b88a60e194fb,crmid:5069369082,8,3
c752e406-83f2-11ea-84e7-b88a60e194fb,crmid:3683841707,8,2
c7544386-83f2-11ea-9934-b88a60e194fb,crmid:5832476975,3,8
c755ca2e-83f2-11ea-9a0c-b88a60e194fb,crmid:8931049663,4,9
c7575036-83f2-11ea-b49e-b88a60e194fb,crmid:7784254951,3,9
c7592436-83f2-11ea-80dc-b88a60e194fb,crmid:8736664952,7,3
c75aaae4-83f2-11ea-b541-b88a60e194fb,crmid:8368834357,3,9
c75c80b4-83f2-11ea-ba57-b88a60e194fb,crmid:1751417445,7,3
c75e0634-83f2-11ea-be58-b88a60e194fb,crmid:5205068429,5,9
c75fb452-83f2-11ea-979e-b88a60e194fb,crmid:2662259300,4,9
c76188b6-83f2-11ea-a0cb-b88a60e194fb,crmid:7106156841,3,5
c7635d5e-83f2-11ea-8279-b88a60e194fb,crmid:8024643631,6,4
c764e3fa-83f2-11ea-8bb4-b88a60e194fb,crmid:3245945527,7,4
c766b8c8-83f2-11ea-9cfd-b88a60e194fb,crmid:8778765262,5,8
