id,crmid,propensity_premium,propensity_high_speed
a629f762-83cc-11ea-96e6-b88a60e194fb,crmid:1329650970,8,2
a62bcd66-83cc-11ea-bb7b-b88a60e194fb,crmid:9588400335,7,4
a62e652c-83cc-11ea-9e85-b88a60e194fb,crmid:1315474801,4,9
a62fc3e6-83cc-11ea-9381-b88a60e194fb,crmid:5437571195,3,8
a63172ba-83cc-11ea-af4f-b88a60e194fb,crmid:7164575915,7,4
a633206e-83cc-11ea-8057-b88a60e194fb,crmid:7323095339,5,8
a634a5b4-83cc-11ea-af1c-b88a60e194fb,crmid:2098748283,3,9
a6362da8-83cc-11ea-8ecc-b88a60e194fb,crmid:7087632671,6,3
a637dc0a-83cc-11ea-86a8-b88a60e194fb,crmid:3092396467,5,8
a63bd19c-83cc-11ea-8d67-b88a60e194fb,crmid:3061020423,4,8
a63d804a-83cc-11ea-a98c-b88a60e194fb,crmid:8151390201,3,7
a63eb91e-83cc-11ea-a2bd-b88a60e194fb,crmid:9506106946,4,9
a6403fc2-83cc-11ea-94aa-b88a60e194fb,crmid:9838811623,4,9
a641ec5e-83cc-11ea-b89a-b88a60e194fb,crmid:7211746753,4,8
a6440f2e-83cc-11ea-b1b7-b88a60e194fb,crmid:7993096344,9,5
a6509206-83cc-11ea-a3f8-b88a60e194fb,crmid:8084380680,7,4
a65219c8-83cc-11ea-b495-b88a60e194fb,crmid:9764354957,5,6
a654ffe6-83cc-11ea-bc45-b88a60e194fb,crmid:5128431629,5,9
a656d48a-83cc-11ea-abf8-b88a60e194fb,crmid:8103494376,5,7
a658341c-83cc-11ea-9a1b-b88a60e194fb,crmid:9081281566,4,7
a65a2ff6-83cc-11ea-8382-b88a60e194fb,crmid:3428778595,6,4
a65bb58c-83cc-11ea-b8d8-b88a60e194fb,crmid:3454013162,4,8
a65d3d22-83cc-11ea-bbb1-b88a60e194fb,crmid:4555481046,5,7
a65eead4-83cc-11ea-989c-b88a60e194fb,crmid:1889458333,3,7
a66098b4-83cc-11ea-8015-b88a60e194fb,crmid:4051141368,5,7
a6621e28-83cc-11ea-b7d5-b88a60e194fb,crmid:7035680082,2,8
a663f41e-83cc-11ea-8088-b88a60e194fb,crmid:2181651131,8,4
a6657992-83cc-11ea-bd4d-b88a60e194fb,crmid:8809340216,8,4
a6670014-83cc-11ea-bec0-b88a60e194fb,crmid:4747741137,4,7
a668d4cc-83cc-11ea-8b13-b88a60e194fb,crmid:9179140331,3,8
a66aaaf4-83cc-11ea-ab90-b88a60e194fb,crmid:9665603184,7,4
a66c318a-83cc-11ea-8aef-b88a60e194fb,crmid:6815563206,7,3
a66e066e-83cc-11ea-a9e6-b88a60e194fb,crmid:7862881626,3,7
a66f8ba8-83cc-11ea-aeb5-b88a60e194fb,crmid:8717630838,8,3
a6713aba-83cc-11ea-a860-b88a60e194fb,crmid:2506714797,5,7
a672c148-83cc-11ea-800b-b88a60e194fb,crmid:8796687287,4,9
a673f9d8-83cc-11ea-bd15-b88a60e194fb,crmid:5820728841,4,10
a675a606-83cc-11ea-8061-b88a60e194fb,crmid:2098285316,4,7
a6775524-83cc-11ea-9bdf-b88a60e194fb,crmid:8290752170,8,3
a678b4a6-83cc-11ea-91d1-b88a60e194fb,crmid:7172438344,5,8
a67a8968-83cc-11ea-940c-b88a60e194fb,crmid:9950562933,3,7
a67cd200-83cc-11ea-82bf-b88a60e194fb,crmid:1905588207,4,9
a67f1bf8-83cc-11ea-ae19-b88a60e194fb,crmid:4991572372,5,9
a680cbfe-83cc-11ea-be73-b88a60e194fb,crmid:7203061678,5,5
a68278e8-83cc-11ea-b97b-b88a60e194fb,crmid:4952512597,3,9
a683ff94-83cc-11ea-9c78-b88a60e194fb,crmid:2115364131,4,7
a6855ee6-83cc-11ea-9d68-b88a60e194fb,crmid:8844425526,5,8
a6870b18-83cc-11ea-ad07-b88a60e194fb,crmid:9303016665,4,8
a68892d2-83cc-11ea-bc3a-b88a60e194fb,crmid:5129031333,8,6
a68a1968-83cc-11ea-88b6-b88a60e194fb,crmid:3443305371,5,9
a68bc664-83cc-11ea-b1a5-b88a60e194fb,crmid:1820831402,9,5
a68d751c-83cc-11ea-b7e3-b88a60e194fb,crmid:5164866322,8,5
a68f217a-83cc-11ea-8942-b88a60e194fb,crmid:9057173332,2,7
a690a8d0-83cc-11ea-b0fb-b88a60e194fb,crmid:7352797537,9,3
a6927e28-83cc-11ea-8be7-b88a60e194fb,crmid:1270120783,8,5
a69452d8-83cc-11ea-b99a-b88a60e194fb,crmid:4934118287,5,7
a6960092-83cc-11ea-9bab-b88a60e194fb,crmid:7207601040,8,4
a697ad30-83cc-11ea-a520-b88a60e194fb,crmid:5652106941,5,7
a6995bec-83cc-11ea-ac2e-b88a60e194fb,crmid:5038425894,4,9
a69b0840-83cc-11ea-b189-b88a60e194fb,crmid:8477766732,8,5
a69c9040-83cc-11ea-8f71-b88a60e194fb,crmid:2261720874,8,4
a69e3ec0-83cc-11ea-875a-b88a60e194fb,crmid:3394538878,4,6
a6a03a02-83cc-11ea-a3c6-b88a60e194fb,crmid:1880044344,7,4
a6a1e622-83cc-11ea-95c0-b88a60e194fb,crmid:4853265547,4,9
a6a3bc3a-83cc-11ea-9c0e-b88a60e194fb,crmid:4079625750,8,5
a6a5b7f8-83cc-11ea-8072-b88a60e194fb,crmid:7883370886,7,4
a6a7161e-83cc-11ea-a3d0-b88a60e194fb,crmid:7755251971,8,4
a6a8c3cc-83cc-11ea-b5e0-b88a60e194fb,crmid:8303306419,6,5
a6aa2364-83cc-11ea-9551-b88a60e194fb,crmid:1238712249,3,9
a6aba9f8-83cc-11ea-9bd8-b88a60e194fb,crmid:3270818664,9,4
a6ada7c2-83cc-11ea-a72f-b88a60e194fb,crmid:4164083467,9,5
a6af5392-83cc-11ea-a809-b88a60e194fb,crmid:6124993970,8,5
a6b1283e-83cc-11ea-9cf9-b88a60e194fb,crmid:3198702952,7,5
a6b2aecc-83cc-11ea-b8a2-b88a60e194fb,crmid:9166873499,3,9
a6b45c80-83cc-11ea-8978-b88a60e194fb,crmid:1765664269,4,9
a6b60b80-83cc-11ea-a21f-b88a60e194fb,crmid:4518597323,4,6
a6b7b92c-83cc-11ea-9178-b88a60e194fb,crmid:8961302899,9,3
a6b9400a-83cc-11ea-9193-b88a60e194fb,crmid:3938619736,2,7
a6bac67a-83cc-11ea-bf44-b88a60e194fb,crmid:8632110598,3,7
a6bc9ada-83cc-11ea-a147-b88a60e194fb,crmid:2107293324,3,7
a6be20b4-83cc-11ea-a327-b88a60e194fb,crmid:5260319855,7,2
a6bfa79e-83cc-11ea-8cfd-b88a60e194fb,crmid:7402633456,7,4
a6c17bdc-83cc-11ea-b7fb-b88a60e194fb,crmid:1236742128,9,4
a6c350ac-83cc-11ea-ba58-b88a60e194fb,crmid:2570199561,8,4
a6c4d8b6-83cc-11ea-a6a8-b88a60e194fb,crmid:8218645981,8,5
a6c68508-83cc-11ea-899c-b88a60e194fb,crmid:6565020643,7,5
a6c8329c-83cc-11ea-930a-b88a60e194fb,crmid:3040252617,3,6
a6c9e06c-83cc-11ea-8cb9-b88a60e194fb,crmid:2788157302,8,3
a6cb8e18-83cc-11ea-89a2-b88a60e194fb,crmid:4001710545,8,4
a6cd14ae-83cc-11ea-b5c8-b88a60e194fb,crmid:1812881602,8,6
a6ce9cb0-83cc-11ea-b259-b88a60e194fb,crmid:5262433255,9,3
a6d022a2-83cc-11ea-bcf9-b88a60e194fb,crmid:4554041533,6,3
a6d1f7ee-83cc-11ea-ab68-b88a60e194fb,crmid:2545789115,9,4
a6d3a59c-83cc-11ea-ad9e-b88a60e194fb,crmid:2825312442,9,4
a6d52b5c-83cc-11ea-aa91-b88a60e194fb,crmid:4163005596,3,9
a6d6b314-83cc-11ea-ae9f-b88a60e194fb,crmid:7279026416,5,7
a6d8397a-83cc-11ea-b02e-b88a60e194fb,crmid:8323611239,9,5
a6d9e740-83cc-11ea-af8f-b88a60e194fb,crmid:7542501272,4,7
a6dbbb18-83cc-11ea-b571-b88a60e194fb,crmid:9675193058,4,8
a6dd8f66-83cc-11ea-b7e3-b88a60e194fb,crmid:4279467577,5,8
a6df1666-83cc-11ea-b1ab-b88a60e194fb,crmid:1765786983,4,8
a6e0c508-83cc-11ea-a619-b88a60e194fb,crmid:9210651884,8,4
a6e299ae-83cc-11ea-8051-b88a60e194fb,crmid:4286327807,8,4
a6e41f06-83cc-11ea-bd8c-b88a60e194fb,crmid:1288113102,4,8
a6e5f512-83cc-11ea-b467-b88a60e194fb,crmid:7505995232,7,4
a6e7a2c0-83cc-11ea-806a-b88a60e194fb,crmid:4095265830,2,7
a6e9024a-83cc-11ea-818a-b88a60e194fb,crmid:5291072015,5,9
a6ead708-83cc-11ea-936d-b88a60e194fb,crmid:8769772882,5,7
a6ec83d0-83cc-11ea-adb9-b88a60e194fb,crmid:4062942176,5,4
a6ee0b76-83cc-11ea-88f0-b88a60e194fb,crmid:2356641981,8,2
a6efded4-83cc-11ea-9bb5-b88a60e194fb,crmid:9972716503,7,3
a6f1b386-83cc-11ea-9078-b88a60e194fb,crmid:7576215595,3,8
a6f38866-83cc-11ea-8e69-b88a60e194fb,crmid:3417109751,6,7
a6f50eba-83cc-11ea-b703-b88a60e194fb,crmid:4409723268,4,9
a6f6bda2-83cc-11ea-9a6b-b88a60e194fb,crmid:9204615400,9,4
a6f86b2c-83cc-11ea-a87a-b88a60e194fb,crmid:8728155983,3,8
a6fa18f0-83cc-11ea-8a74-b88a60e194fb,crmid:7200326107,3,8
a6fba002-83cc-11ea-9e2c-b88a60e194fb,crmid:9970385048,7,4
a6fcfe02-83cc-11ea-9894-b88a60e194fb,crmid:4487092304,5,7
a6fead1c-83cc-11ea-ad03-b88a60e194fb,crmid:9796270497,4,9
a6ffe59a-83cc-11ea-8b9c-b88a60e194fb,crmid:3352105967,8,4
a7016c3e-83cc-11ea-b515-b88a60e194fb,crmid:3901283208,5,7
a702a4c0-83cc-11ea-a66f-b88a60e194fb,crmid:7351787606,7,5
a7045282-83cc-11ea-8c96-b88a60e194fb,crmid:7253936661,8,4
a7060040-83cc-11ea-a7e1-b88a60e194fb,crmid:9248261196,6,3
a707ac5c-83cc-11ea-8250-b88a60e194fb,crmid:7098664272,5,8
a7095b7e-83cc-11ea-a7c5-b88a60e194fb,crmid:9546997532,9,4
a70b07de-83cc-11ea-b314-b88a60e194fb,crmid:4962461627,4,7
a70c68b4-83cc-11ea-b639-b88a60e194fb,crmid:1245399645,5,10
a70e1518-83cc-11ea-85b3-b88a60e194fb,crmid:3636957280,8,5
a70fc3e6-83cc-11ea-af6a-b88a60e194fb,crmid:3486584607,9,3
a71123a4-83cc-11ea-96ba-b88a60e194fb,crmid:1377596626,8,5
a712a8d8-83cc-11ea-96d5-b88a60e194fb,crmid:4099687851,4,8
a713e152-83cc-11ea-b705-b88a60e194fb,crmid:3384057842,8,5
a71567f4-83cc-11ea-b3e1-b88a60e194fb,crmid:3507133714,10,5
a7178adc-83cc-11ea-b50a-b88a60e194fb,crmid:3529541766,8,5
a71c1ec0-83cc-11ea-87a8-b88a60e194fb,crmid:8095541557,3,7
a71e4186-83cc-11ea-a189-b88a60e194fb,crmid:6486661925,3,9
a720d9ec-83cc-11ea-a211-b88a60e194fb,crmid:9335895294,3,7
a722fc76-83cc-11ea-b016-b88a60e194fb,crmid:1582867277,8,4
a724f842-83cc-11ea-8600-b88a60e194fb,crmid:3763307848,4,8
a726ccfa-83cc-11ea-9097-b88a60e194fb,crmid:6034537780,8,3
a7282d8a-83cc-11ea-ad4b-b88a60e194fb,crmid:9984974128,8,4
a72a0154-83cc-11ea-b6b2-b88a60e194fb,crmid:9086210828,8,5
a72b6100-83cc-11ea-bd15-b88a60e194fb,crmid:4033230048,5,9
a72d0eb4-83cc-11ea-b9db-b88a60e194fb,crmid:7292498979,5,8
a72ee374-83cc-11ea-b157-b88a60e194fb,crmid:1557677562,7,4
a73042fe-83cc-11ea-ba7c-b88a60e194fb,crmid:6981910670,7,5
a731f0a8-83cc-11ea-8ccb-b88a60e194fb,crmid:7923948022,9,3
a7339ecc-83cc-11ea-a165-b88a60e194fb,crmid:7316829385,8,3
a734fddc-83cc-11ea-8109-b88a60e194fb,crmid:5566449632,3,8
a736d298-83cc-11ea-a86d-b88a60e194fb,crmid:4895870491,4,8
a7388052-83cc-11ea-a49d-b88a60e194fb,crmid:2040735128,7,4
a739dfc2-83cc-11ea-80c8-b88a60e194fb,crmid:9902120980,8,2
a73b8ed4-83cc-11ea-815f-b88a60e194fb,crmid:3204659582,4,8
a73d15dc-83cc-11ea-bc1f-b88a60e194fb,crmid:6568927668,3,8
a73ec328-83cc-11ea-870f-b88a60e194fb,crmid:2095442256,3,8
a740967e-83cc-11ea-98d0-b88a60e194fb,crmid:7309736135,5,10
a741d00c-83cc-11ea-9398-b88a60e194fb,crmid:9853478757,2,7
a743a52e-83cc-11ea-874c-b88a60e194fb,crmid:9090093674,8,3
a7452a68-83cc-11ea-b345-b88a60e194fb,crmid:8536517510,3,7
a746d91e-83cc-11ea-8368-b88a60e194fb,crmid:4097993220,7,3
a748ace8-83cc-11ea-a926-b88a60e194fb,crmid:7797706226,6,9
a74a339a-83cc-11ea-a245-b88a60e194fb,crmid:7960704749,7,5
a74bba28-83cc-11ea-a5ee-b88a60e194fb,crmid:9227187054,7,6
a74d67d2-83cc-11ea-a493-b88a60e194fb,crmid:2293747237,4,7
a74ec764-83cc-11ea-b06e-b88a60e194fb,crmid:8596408319,7,4
a7509c1e-83cc-11ea-8396-b88a60e194fb,crmid:4607671525,9,2
a75249b0-83cc-11ea-95a0-b88a60e194fb,crmid:7848209104,9,5
a753d04a-83cc-11ea-a7e6-b88a60e194fb,crmid:6555403055,5,8
a755a50c-83cc-11ea-9a7e-b88a60e194fb,crmid:8587778847,7,4
a75704a2-83cc-11ea-9f09-b88a60e194fb,crmid:3175160197,4,8
a7588b40-83cc-11ea-8318-b88a60e194fb,crmid:6584790538,4,8
a75a38f4-83cc-11ea-b2e9-b88a60e194fb,crmid:8740511458,9,3
a75be6ac-83cc-11ea-b372-b88a60e194fb,crmid:9412123178,8,6
a75d462e-83cc-11ea-b9ba-b88a60e194fb,crmid:9462620233,7,2
a75eccd8-83cc-11ea-a10b-b88a60e194fb,crmid:1579973180,8,5
a760537a-83cc-11ea-9502-b88a60e194fb,crmid:7229824914,5,9
a7624f50-83cc-11ea-81b1-b88a60e194fb,crmid:5930277407,8,5
a763d736-83cc-11ea-b2d1-b88a60e194fb,crmid:4637111359,7,3
a7655c90-83cc-11ea-9f01-b88a60e194fb,crmid:6278902006,8,4
a7670a3e-83cc-11ea-a599-b88a60e194fb,crmid:7562264357,8,4
a768b80a-83cc-11ea-bd10-b88a60e194fb,crmid:4625680551,2,7
a76a3e82-83cc-11ea-a675-b88a60e194fb,crmid:1085655046,3,7
a76bc518-83cc-11ea-98b8-b88a60e194fb,crmid:5314589188,3,9
a76d4bc0-83cc-11ea-8b62-b88a60e194fb,crmid:8960451036,5,7
a76ef97a-83cc-11ea-919f-b88a60e194fb,crmid:3339231944,3,8
a7703226-83cc-11ea-be32-b88a60e194fb,crmid:4231643135,3,8
a771e0d2-83cc-11ea-ab2e-b88a60e194fb,crmid:5314848024,8,5
a7736792-83cc-11ea-9b91-b88a60e194fb,crmid:6313804742,3,8
a77562d8-83cc-11ea-8a68-b88a60e194fb,crmid:5534661824,8,4
a7771152-83cc-11ea-a40c-b88a60e194fb,crmid:5199690970,4,10
a778bd46-83cc-11ea-b703-b88a60e194fb,crmid:2956122109,3,9
a77a1cda-83cc-11ea-9dfa-b88a60e194fb,crmid:7664382794,2,8
a77bca8a-83cc-11ea-858d-b88a60e194fb,crmid:1113780321,9,3
a77d79ae-83cc-11ea-a004-b88a60e194fb,crmid:6649503173,2,6
a77ed91c-83cc-11ea-a583-b88a60e194fb,crmid:5417550495,9,3
a78086e2-83cc-11ea-83f1-b88a60e194fb,crmid:7010251240,4,8
a781be00-83cc-11ea-aea8-b88a60e194fb,crmid:9802118476,10,3
a7836cf4-83cc-11ea-b5ad-b88a60e194fb,crmid:4260280507,2,8
