crmid,email,first_name,last_name,gender,mobile telephone,city,country,zip,state,street address,birthday,historicalpoints
crmid:8496091223,ascanius1885@live.com,Johnathan,Finley,,001-721-8618,Warrensburg,United States,43134,South Dakota,1091 Winter,1991-12-13,2281
crmid:1430343062,emblem1825@yandex.com,Michaele,Hendricks,female,763-269-3551,Cleburne,United States,38107,Vermont,618 Santa Monica,1948-06-13,583
crmid:8985248311,credenza1920@gmail.com,Jordon,Stein,male,303-226-7429,Brigham City,United States,39123,Alaska,627 Sal,1941-06-28,1487
crmid:1019926833,damnation2050@yandex.com,Dusty,Vega,male,253-281-3618,Anoka,United States,17671,South Carolina,495 Lessing,1933-03-29,2768
crmid:8596476163,cyros1875@yandex.com,Denny,Walter,,879-448-5253,San Carlos,United States,83411,Georgia,46 Parsons,1977-06-14,338
crmid:7815997605,imboldening1876@live.com,Hilton,Meyer,male,704-490-9976,Woodridge,United States,16161,California,146 Bright,1943-05-20,1985
crmid:1828088747,rooky1941@live.com,Margareta,Young,female,190-372-3211,Covina,United States,83421,Michigan,683 Armory,1951-11-11,482
crmid:9208269968,exposition1968@outlook.com,Raleigh,Miller,,413-725-0451,Lancaster,United States,35653,New Jersey,729 Croaker,1980-06-08,1184
crmid:2201680681,camper1866@outlook.com,Michiko,Lambert,female,558-043-9368,Conroe,United States,83931,North Carolina,1086 Lockwood,1950-06-17,2347
crmid:8123933567,castoffs2059@outlook.com,Deshawn,Gibson,male,891-602-9827,Agoura Hills,United States,15589,Connecticut,1278 Deming,1930-03-11,2891
crmid:5897971552,chitter1996@outlook.com,Bennie,Callahan,,150-633-0016,Janesville,United States,81616,Rhode Island,1234 Van Ness,1975-03-06,2079
crmid:7580195465,leucoryx2013@live.com,Virgil,Hammond,male,148-934-8610,Redondo Beach,United States,59547,Missouri,943 Corwin,1998-02-19,2274
crmid:7421196265,eriksson1988@live.com,Arlie,Mills,,651-667-6000,Royal Palm Beach,United States,48386,South Carolina,166 San Carlos,1983-09-10,2529
crmid:2722797965,deifier1973@yandex.com,Brinda,Donovan,female,566-832-4835,Springdale,United States,28921,Alabama,167 Thornton,1961-11-27,1311
crmid:6995547028,iodimetry1979@yahoo.com,Wilton,Thomas,,249-851-2545,Pottstown,United States,60097,Pennsylvania,1360 Nancy Pelosi,1973-02-19,495
crmid:3378396811,blazed1829@yandex.com,Harry,Ford,,283-776-4031,Rockwall,United States,20291,Arkansas,410 Third,1964-02-02,1414
crmid:5077230112,annemari2032@gmail.com,Al,Burch,male,162-253-1809,Ardmore,United States,71481,South Dakota,611 Dolores,1933-12-01,1079
crmid:4828284073,ungrappling2048@live.com,Willetta,Ratliff,female,229-479-7188,Coachella,United States,87240,Rhode Island,111 Selma,1948-09-24,2646
crmid:2451504131,papulation2017@live.com,Mark,Cash,,022-505-9709,Sedalia,United States,37234,Wyoming,552 Quintara,1968-02-24,318
crmid:9330866904,sebasic1961@outlook.com,Bill,Shields,,431-227-7127,Tuscaloosa,United States,37740,Oregon,1259 Mono,1973-12-26,2323
crmid:4880663516,ruthlessness1896@live.com,Emmitt,Dixon,,998-087-1185,Opelika,United States,89933,Illinois,919 Hawthorne,1995-06-11,755
crmid:6881478062,desdemon1846@live.com,Brendon,Silva,,385-293-3729,Lumberton,United States,61985,Wisconsin,1158 Castle,1985-11-11,1073
crmid:8282566687,rhyolite1997@gmail.com,Lewis,Underwood,,294-316-1331,Madison,United States,36378,South Carolina,610 Olympic Country Club,1985-07-31,617
crmid:9083849147,polyparies1914@outlook.com,Mikel,Goodman,,790-494-8682,La Mesa,United States,02357,Alaska,20 Avenue N,1978-02-08,1074
crmid:9505994022,concentric2048@outlook.com,Jaime,Dejesus,,020-856-3067,San Benito,United States,93626,North Carolina,1087 Ardenwood,1974-05-04,1046
crmid:8445332688,wingding1947@yahoo.com,Domenica,Kemp,female,473-223-2632,Port Orange,United States,71782,New Mexico,773 Baden,1951-03-16,2122
crmid:1821148013,nemichthys2014@yandex.com,Issac,Saunders,,893-991-0437,Takoma Park,United States,96443,Indiana,857 Hemdale,1984-08-09,898
crmid:8971266819,moped1877@yandex.com,Foster,Cox,male,876-728-8759,Canton,United States,72818,Virginia,1337 Oliver,1944-04-07,1056
crmid:9110266126,chankings1824@yahoo.com,Elois,Trevino,female,335-856-4120,Davis,United States,17889,Texas,876 Mauldin,1953-03-29,2842
crmid:5877980362,biddings1977@yahoo.com,Harlan,Roberson,,503-384-1833,Rancho Cordova,United States,41574,Nevada,530 Weatherly,1981-03-14,2291
crmid:7489544501,moguls1894@outlook.com,Sammy,Petty,female,317-314-6328,Oro Valley,United States,27223,Texas,1222 Monte Vista,1959-08-23,2669
crmid:7479853939,systemic2017@yandex.com,Trent,Lara,,439-076-9652,New Braunfels,United States,75559,Florida,1042 Wayland,1996-12-10,2836
crmid:3133580910,scandalisation2000@gmail.com,Garret,Jennings,,209-634-8244,Highland,United States,82164,Maryland,505 Otega,1971-10-09,2509
crmid:4615969661,births1957@outlook.com,Travis,Nielsen,male,113-436-8528,Starkville,United States,86623,New Jersey,815 Detroit,1937-12-18,881
crmid:6114778220,insurgently2011@gmail.com,Herman,Rivera,male,368-994-8736,Woodland,United States,86714,Mississippi,1344 Rebecca,1942-11-09,1240
crmid:3324536023,pregustic1876@yandex.com,Lorette,Franks,female,378-539-8653,National City,United States,51344,California,926 Whiting,1995-09-06,369
crmid:6117418447,mussitation1883@live.com,Coy,Marshall,male,152-201-7479,Akron,United States,17705,Massachusetts,1056 Cordelia,1930-02-18,2690
crmid:5535665034,censitaire1854@live.com,Hiram,Clark,,675-399-8721,Kerrville,United States,48581,Mississippi,602 Clementina,1977-07-20,2103
crmid:5122824709,valours1990@yandex.com,Guadalupe,Trevino,male,011-312-2065,Oviedo,United States,87889,Wisconsin,153 Newton,1939-04-29,1075
crmid:3929032522,astrolabe2030@outlook.com,Aron,Anderson,,321-739-7057,Morgan Hill,United States,29025,New Hampshire,811 Carter,1993-05-14,1853
crmid:1071921027,kenticism1826@gmail.com,Elroy,Stafford,,010-870-9735,Kent,United States,68516,Ohio,1122 Bertha,1977-11-19,677
crmid:4205122936,eskar1866@yahoo.com,Isiah,Mccullough,,445-375-9332,Miami Beach,United States,47057,Florida,953 Crossover,1990-07-26,670
crmid:2943484309,satirically1888@gmail.com,Vennie,Simmons,female,830-660-2043,Salinas,United States,89880,South Carolina,1048 Erie,1947-09-27,546
crmid:2069883842,chiseler2055@yahoo.com,Roscoe,Reeves,male,673-189-7662,Ocean Springs,United States,50776,New York,417 Hodges,1998-01-27,573
crmid:3447307532,damnation1843@outlook.com,Ayanna,Tucker,female,981-295-4612,Des Plaines,United States,05098,Delaware,514 Goleta,1954-01-29,891
crmid:9355759626,consimilating1972@outlook.com,Rickie,Roman,,350-368-9562,Woonsocket,United States,86274,Pennsylvania,1181 Mccann,1980-11-26,560
crmid:5095373194,ulcuscle1979@outlook.com,Cruz,Wilder,,863-711-6370,Libertyville,United States,02983,Nebraska,131 Oloran,1982-01-07,913
crmid:6457241166,plimsol1816@outlook.com,Verena,Beard,female,680-594-1293,Deltona,United States,65506,Indiana,980 Cerritos,1954-12-25,660
crmid:5542022800,drooping1939@outlook.com,Soila,Cameron,female,010-172-1047,De Land,United States,81558,Arizona,708 Aladdin,1953-08-05,314
crmid:1364232592,imagining1995@outlook.com,Emile,Bird,,799-742-9249,Philadelphia,United States,40660,Michigan,790 Ocean Vista,1985-08-03,1879
crmid:5289540200,breezing1970@gmail.com,Gil,Blankenship,male,518-953-1789,Burien,United States,60737,Ohio,1 Masonic,1942-11-08,1713
crmid:4501645782,boons2063@yahoo.com,Jerald,Maxwell,male,659-211-0875,Youngstown,United States,09976,North Carolina,691 Dow,1932-05-18,2357
crmid:5907016280,blindeyes2035@live.com,Erick,Nicholson,,277-000-6275,Highland Park,United States,84386,Florida,1348 San Gabriel,1971-10-14,2415
crmid:3122443185,chaotic1887@outlook.com,Tyron,Delacruz,,807-781-5002,Hopkinsville,United States,56192,North Carolina,351 Hunter,1973-10-23,2828
crmid:8311699002,cocaine2043@outlook.com,Ruben,Porter,,148-117-4323,Grove City,United States,21945,Utah,498 Sergeant John V Young,1968-04-21,1908
crmid:9246794383,paediatric1887@gmail.com,Virgilio,Solomon,,692-963-9421,Mercer Island,United States,19587,Florida,486 Corbett,1989-02-10,2958
crmid:5357578690,jocosities1937@yahoo.com,Bruno,Sykes,,872-634-0242,Tifton,United States,41062,Louisiana,471 Jakey,1986-01-07,584
crmid:2261587683,vino2020@outlook.com,Tracy,Hopper,,314-963-9566,New Orleans,United States,28055,Vermont,138 Red Rock,1996-05-14,2302
crmid:7576378401,kouprey1879@live.com,Catarina,Carpenter,female,914-557-4184,Spartanburg,United States,85191,Maryland,1278 Elgin,1950-09-03,313
crmid:8224076352,moratoria1855@yahoo.com,Danny,Griffin,male,225-681-2555,San Jacinto,United States,89839,Connecticut,481 Ulloa,1931-03-12,2783
crmid:1633322399,aborticide1958@yandex.com,Tonisha,Barber,female,656-129-9925,Dubuque,United States,90281,Oklahoma,809 Wood,1956-09-02,1396
crmid:7595891879,gieaway1924@yandex.com,Eldon,Franco,,733-247-5979,Kingston,United States,28877,Idaho,367 Lendrum,1977-04-28,2318
crmid:7361279578,myiarchus1808@outlook.com,Winford,Duke,male,598-975-8093,Centennial,United States,55895,Kentucky,290 Tulare,1945-10-08,628
crmid:8505974530,jeopardise1858@outlook.com,Giuseppe,Stout,,169-148-3219,Huntersville,United States,78828,Oregon,274 Congdon,1973-08-28,1413
crmid:4814396591,cocoa1942@outlook.com,Debroah,Flowers,female,730-342-3128,New Smyrna Beach,United States,95152,Vermont,623 Jack Balestreri,1997-09-06,1987
crmid:4662691427,dylan2008@yandex.com,Russell,Kramer,male,281-013-8991,Bremerton,United States,47482,Alabama,111 Elizabeth,1941-08-17,807
crmid:1390561645,althein1977@yandex.com,Vennie,Harrison,female,698-562-0892,Torrance,United States,56131,Delaware,1033 Egbert,1999-12-19,1381
crmid:4405564158,aspidium1805@live.com,Tai,George,female,571-077-4089,Dixon,United States,44057,Florida,135 Farnsworth,1955-08-11,2172
crmid:2899126409,abrin1976@yandex.com,Londa,Stanley,female,422-493-0934,West Palm Beach,United States,13808,Minnesota,842 San Pablo,1946-06-28,681
crmid:4160979351,ridicule2057@gmail.com,Werner,Hammond,,650-877-0508,Northfield,United States,83050,North Carolina,346 Tunnel,1999-10-11,1370
crmid:4926291481,suspected1828@yandex.com,Dusti,Erickson,female,955-899-4103,Coalinga,United States,11676,Arkansas,1206 Ridge,1948-03-09,2639
crmid:2275875454,imper1912@yahoo.com,Beatris,Callahan,female,704-913-9179,East Point,United States,09362,Wyoming,879 Broadmoor,1957-01-05,2891
crmid:2525039889,inadventurous1830@outlook.com,Gavin,Juarez,male,253-037-5627,Bullhead City,United States,25802,North Carolina,622 Mercato,1942-04-16,2014
crmid:4308001148,creating1995@yandex.com,Heath,Brown,,578-865-7858,Hazelwood,United States,60412,Missouri,741 Yosemite,1970-11-20,883
crmid:1922026786,pipits1896@yahoo.com,George,Graves,,260-987-8155,Kyle,United States,06227,Florida,1364 Halleck,1978-02-02,886
crmid:7990943614,philepitta2032@yandex.com,Rodney,Ryan,,733-917-9483,Romeoville,United States,21788,New Mexico,931 Dock,1963-03-26,2332
crmid:1860593307,foeship1889@live.com,Waltraud,Barton,female,934-956-4372,East St. Louis,United States,54193,New Mexico,1292 Towerside,1957-09-02,706
crmid:1240327097,sherramoor1842@yandex.com,Royce,Hurley,,628-347-5016,Gloucester,United States,53242,Colorado,418 Thor,1966-10-17,940
crmid:1382285936,chirre1809@gmail.com,Isiah,Hendrix,,924-962-0918,Janesville,United States,38339,West Virginia,793 Arco,1975-06-07,1027
crmid:8545416388,grudge2039@yahoo.com,Tesha,Decker,female,375-129-8347,Columbus,United States,62262,Pennsylvania,316 Kaplan,1949-11-17,725
crmid:9004331008,perplexed1806@outlook.com,Efren,Wynn,,593-310-1927,Mountlake Terrace,United States,75179,Oregon,1252 Delaware,1994-06-17,2076
crmid:7114528873,agronomial1876@gmail.com,Michale,Head,,793-142-1840,Ocean Springs,United States,32409,Georgia,966 James,1972-03-08,2280
crmid:7364032721,exaestuate1908@yahoo.com,Jame,Hodges,,901-755-3082,Laguna Hills,United States,39897,Utah,836 Gilbert,1979-06-03,970
crmid:3640294760,fabulously2053@outlook.com,Guy,Joyner,,280-220-7353,Tooele,United States,74864,Missouri,29 Steiner,1989-01-27,359
crmid:8269656860,chapfallen2057@outlook.com,Arden,O'neal,,916-847-5141,Florissant,United States,86006,Texas,1273 Sunbeam,1962-02-22,2951
crmid:5242238125,discus1825@outlook.com,Jeff,Hansen,,826-426-0550,Lake Oswego,United States,56634,Florida,25 Glenview,1980-09-10,956
crmid:6041907482,vituperatory1830@live.com,Jeffrey,Rowe,,488-845-1374,Pharr,United States,40975,Arkansas,860 Paper,1986-04-02,581
crmid:4682554535,labyrinth2047@live.com,Santos,Gallagher,male,156-521-8774,Blythe,United States,86763,Mississippi,391 Silliman,1940-11-23,1730
crmid:5878778931,adorn1930@live.com,Dorethea,Kinney,female,543-941-3042,Faribault,United States,79429,North Carolina,783 South Hughes,1961-12-05,1168
crmid:9516409360,moose2039@gmail.com,Merle,Aguilar,,640-688-6209,Minnetonka,United States,61307,Vermont,1303 Santos,1991-10-15,1003
crmid:3513818813,binghi1852@yahoo.com,Harley,Benton,,771-777-9001,Longmont,United States,57909,Connecticut,939 Acevedo,1984-10-04,1570
crmid:6198910861,profaners1996@yahoo.com,Chang,Clayton,,977-787-9639,Miami Beach,United States,31517,Texas,950 Old Mason,1990-06-04,1249
crmid:3171204910,clarance1813@outlook.com,Edwardo,Mitchell,male,588-761-5197,South Portland,United States,07625,California,1320 Storey,1935-03-20,1445
crmid:6482985888,knaw1935@live.com,Rudy,Benjamin,male,199-408-6386,Upper Arlington,United States,84421,Louisiana,228 Roosevelt,1943-08-02,1358
crmid:7185459898,bashed1805@yandex.com,Thad,Puckett,,095-623-1899,Selma,United States,64074,Oregon,459 Ada,1972-08-04,2998
crmid:1346035779,senary2007@yandex.com,Stewart,Gay,,818-990-5105,Wilmington,United States,35524,Nevada,1268 Del Sur,1972-07-17,1856
crmid:6200189687,adaptive1836@outlook.com,Rudolf,Patrick,male,365-666-6379,Santee,United States,04716,South Dakota,1224 Villa,1930-08-23,629
crmid:6642039892,bluefin1813@gmail.com,Kathey,Campos,female,796-852-4128,Draper,United States,21707,Oklahoma,1152 Mary Teresa,1955-05-05,1476
crmid:4979235710,scumbag1978@gmail.com,Bob,O'neil,,921-512-2839,Hempstead,United States,93962,Maine,498 Gerard,1971-07-01,2742
crmid:9443830428,securableness1847@outlook.com,Madalene,Mccoy,female,576-999-0211,Chino Hills,United States,36996,Minnesota,1067 Ulloa,1947-06-19,1799
crmid:8556396219,barbara2003@yandex.com,Brett,Mccoy,,507-236-0963,Marshall,United States,37546,Oklahoma,37 Argent,1987-06-11,1635
crmid:1554880250,methyl2046@outlook.com,King,Dyer,,525-450-2493,Harvey,United States,36642,North Dakota,985 Minerva,1970-06-26,1944
crmid:8950038804,documented1960@outlook.com,Francisco,Church,,899-609-7735,Massillon,United States,94271,Massachusetts,655 Santa Ysabel,1988-02-16,560
crmid:3723176694,ashlin1961@gmail.com,Gwenn,Williams,female,979-952-0952,Eagle Pass,United States,10397,Washington,456 August,1956-04-04,930
crmid:1688290600,pseudonym1863@outlook.com,Brain,Alexander,,757-396-0927,Mishawaka,United States,43805,Delaware,581 Spears,1991-07-21,2623
crmid:8681707266,allowance1894@gmail.com,Jess,Curry,,686-825-8675,Southfield,United States,83522,South Dakota,1046 Castillo,1982-06-16,2126
crmid:4164756411,anent1964@yandex.com,Marlon,Newman,male,668-157-7984,Belvidere,United States,66656,New Jersey,1041 Broadmoor,1938-10-21,1912
crmid:7418680836,eliminable1800@live.com,Leon,Buchanan,male,633-835-0533,Abilene,United States,81106,Massachusetts,720 Exeter,1930-06-04,1367
crmid:5077851809,defeatism1819@gmail.com,Natashia,Neal,female,459-142-3578,Coon Rapids,United States,39104,Oregon,1196 Lapu-Lapu,1950-07-21,2907
crmid:1536236678,boondoggling1845@outlook.com,Providencia,Farley,female,784-072-2976,Daytona Beach,United States,46907,Michigan,193 Stanford,1953-07-09,2277
crmid:4814944808,molybdite1981@gmail.com,Domenic,Ewing,,316-849-2432,South Pasadena,United States,85110,Oregon,444 Mono,1962-10-01,659
crmid:5600544452,euda2000@yahoo.com,Simon,Blanchard,,709-908-1633,Savannah,United States,85770,North Dakota,1281 Otter Cove,1977-09-06,1259
crmid:2471628249,demiss1984@yandex.com,Cornell,Holcomb,,352-141-4364,Jacksonville,United States,81042,Idaho,620 Moscow,1975-11-06,1033
crmid:1932585452,zootaxy1950@gmail.com,Arturo,Floyd,,448-671-0483,Matteson,United States,08002,New Jersey,909 Culebra,1988-01-13,431
crmid:8082994700,warship1819@gmail.com,Sergio,Mathis,,619-806-4340,Lynchburg,United States,40501,South Carolina,685 Battery Caulfield,1985-08-04,2894
crmid:2922497208,cleancut1889@gmail.com,Miles,Pierce,male,735-314-9014,Virginia Beach,United States,08777,Tennessee,802 Perego,1936-07-23,719
crmid:5661751542,parterres1856@yandex.com,Travis,Rivera,male,919-102-3472,Bonita Springs,United States,87681,Indiana,1028 Dr Tom Waddell,1940-09-25,413
crmid:2713402931,whitherso2064@outlook.com,Waylon,Harding,male,349-607-5550,Bismarck,United States,55603,New Hampshire,119 Winn,1939-10-13,1033
crmid:7254415958,wended1844@gmail.com,Rolland,Neal,,885-800-6570,Urbandale,United States,24561,Colorado,665 Olney,1963-08-13,1775
crmid:1370490959,accable1915@live.com,Demetrius,Delaney,female,957-623-7351,Fairmont,United States,66272,Maine,1234 El Camino Del Mar,1961-12-28,1957
crmid:8152592889,swan2050@outlook.com,Otha,Acevedo,female,283-196-4067,El Cajon,United States,45952,Oklahoma,883 Mount Vernon,1958-07-01,2121
crmid:8010643620,tithing1859@live.com,Arnulfo,Banks,,334-364-2691,Gardena,United States,64004,West Virginia,770 Congo,1965-10-29,352
crmid:1429818048,educable1908@yahoo.com,Theodore,Abbott,,272-733-5536,Largo,United States,74253,Indiana,468 Loomis,1980-12-18,2042
crmid:2297044393,ontography2053@outlook.com,Jarrett,Saunders,,181-948-8501,Minneapolis,United States,82884,Tennessee,218 State,1991-03-08,1832
crmid:6880982281,subadars1939@outlook.com,Curt,Watts,,640-756-6214,Highland Village,United States,78696,Louisiana,1343 Deming,1971-12-15,1139
crmid:9469429430,dunker2044@yahoo.com,Gayle,Velasquez,,192-668-4414,Streamwood,United States,33889,Tennessee,1183 Sharon,1973-10-12,2113
crmid:1165579325,cocoa1818@yandex.com,My,Velazquez,female,047-214-8697,Colonial Heights,United States,37600,Montana,1219 Overlook,1949-07-29,1319
crmid:5885795745,basker1886@yandex.com,Alfred,Landry,,648-560-7380,Turlock,United States,87893,Alabama,434 Sunset,1978-11-14,2255
crmid:5012980167,ventages1981@live.com,Don,Stone,,549-270-7723,Hartford,United States,92184,Colorado,451 Tenny,1970-04-07,2699
crmid:6527348272,rykes1942@outlook.com,Odis,Baxter,male,665-204-2193,Cedar Park,United States,46764,California,1121 De Forest,1945-07-02,686
crmid:8294210064,bobadil1810@gmail.com,Samira,Sullivan,female,425-532-6081,Eagle,United States,88031,Nevada,1348 La Bica,1956-08-28,2096
crmid:5103289740,cervid1988@outlook.com,Kent,Berry,male,202-085-6911,Ames,United States,30779,Indiana,109 Ames,1932-06-03,1679
crmid:1558457605,carinal1872@gmail.com,Fairy,Allen,female,720-704-2633,Wilkes-Barre,United States,20217,Kansas,112 Alvord,1959-03-01,2241
crmid:7140371750,april1882@yahoo.com,Anderson,Vincent,,723-167-1355,Fullerton,United States,78660,Michigan,1371 Edie,1964-07-26,2800
crmid:1341677803,crocodile1925@gmail.com,Salvador,Sweet,,364-666-9517,La Vista,United States,98935,Colorado,501 Collins,1979-01-26,1620
crmid:4539000003,burgle1984@yandex.com,Jamal,Santos,male,330-405-4389,Newburyport,United States,57227,Tennessee,819 Otega,1997-09-21,2079
crmid:3616142720,hermele2025@outlook.com,Raye,Vargas,female,193-535-7192,Crest Hill,United States,58541,West Virginia,1304 Morse,1951-10-14,1077
crmid:3124103558,temporooccipital1851@yahoo.com,Dewayne,Melton,,574-430-6975,Goldsboro,United States,87367,Nebraska,306 Terra Vista,1967-03-25,542
crmid:2418083847,equiperiodic2067@yandex.com,Berneice,Leblanc,female,915-268-0008,Park Ridge,United States,15118,North Dakota,923 Clyde,1949-01-17,1090
crmid:6816550293,radioactivities1874@yandex.com,Adalberto,Hogan,,291-941-7561,Homewood,United States,25846,Georgia,512 Britton,1973-04-30,538
crmid:2099907204,casas1945@yandex.com,Lurlene,Osborne,female,179-593-0789,St. Joseph,United States,91312,Florida,1263 Wisconsin,1996-03-19,1279
crmid:5048959191,contrabandista1957@outlook.com,Naoma,Church,female,975-431-8249,Thomasville,United States,13873,Nevada,7 Oriole,1951-10-13,2735
crmid:3708718857,carious1802@yandex.com,Winfred,Tillman,,154-373-4413,Rancho Santa Margarita,United States,34875,Hawaii,11 Santa Marina,1975-09-16,611
crmid:7781260523,changeover1946@yahoo.com,Giuseppe,Mathis,,208-854-3032,Frankfort,United States,21855,Maine,1369 Jennings,1963-04-02,2083
crmid:6854692442,bridges1832@yahoo.com,Stanford,Sanders,,241-754-5845,Millbrae,United States,48359,Michigan,849 Brady,1990-07-23,1693
crmid:7543802637,continuum1854@live.com,Shantae,Rodriguez,female,833-932-4535,Englewood,United States,84418,Mississippi,813 Cyril Magnin,1959-11-15,2523
crmid:4881912333,brocks2067@outlook.com,Eli,Thomas,,213-052-4818,St. Louis Park,United States,35888,New Hampshire,355 Treasure Island,1977-10-04,967
crmid:7389336117,dynatrons2016@yahoo.com,Damien,French,,051-351-5132,McAlester,United States,08325,Nevada,170 Howth,1988-02-12,1969
crmid:7056296024,infantly2032@yahoo.com,Alexander,Burke,female,771-066-5511,El Paso,United States,91865,Kentucky,205 Parque,1958-01-04,436
crmid:7625271784,commanding1969@gmail.com,Andre,Keller,,722-583-2721,Vincennes,United States,69094,New York,587 Martha,1968-03-03,992
crmid:5847443830,ranchlike1870@yandex.com,Marybelle,Tucker,female,898-788-6961,East Ridge,United States,78218,North Dakota,893 Cunningham,1957-06-29,2306
crmid:5393091563,unties1865@live.com,Cleopatra,Carroll,female,703-995-9362,Pueblo,United States,97148,South Dakota,922 Crook,1960-12-03,1742
crmid:8925303192,apostrophe1823@gmail.com,Erwin,Houston,male,193-434-6374,Burton,United States,91980,South Carolina,402 Bell,1943-04-14,2055
crmid:3749053287,engrave2040@gmail.com,Timmy,Lynn,,138-882-2469,Golden Valley,United States,48556,Washington,1202 Battery Caulfield,1966-08-24,2270
crmid:5550416639,corydon1979@gmail.com,Grant,Hale,,603-274-7636,South Bend,United States,26836,Minnesota,1304 Fanning,1963-03-22,2352
crmid:8387441339,shivarees1973@yandex.com,Edward,Macdonald,male,599-494-1345,Belton,United States,11395,New Mexico,924 Bret Harte,1937-03-18,1349
crmid:4482457356,chaya1892@yandex.com,Zachary,Buchanan,male,745-450-1953,Auburn Hills,United States,81459,Washington,1370 Seville,1934-10-04,1123
crmid:8821523116,dumper2043@yandex.com,Donald,Griffin,,280-931-2711,Michigan City,United States,42811,New Mexico,599 Irwin,1990-08-13,1576
crmid:9801780174,badju1945@gmail.com,Keenan,Williams,,637-660-8983,Palmdale,United States,25309,South Carolina,398 Knollview,1962-07-19,464
crmid:4751368516,conjure1879@yandex.com,Drusilla,Burns,female,729-750-9480,Compton,United States,16281,Washington,577 Wilder,1949-03-04,1928
crmid:8914772727,demeo1960@yandex.com,Willia,Whitfield,female,470-314-0575,Cicero,United States,52634,Wisconsin,1108 Anderson,1947-09-08,1463
crmid:7991430651,mailbox2058@outlook.com,Tod,Mosley,,577-043-5694,Tallahassee,United States,36596,Ohio,503 Walkway,1980-02-20,484
crmid:4503729351,rudimentary1862@gmail.com,Micheal,Wall,,260-089-4188,West Linn,United States,49806,Arizona,457 Coso,1982-12-29,1449
crmid:4341308523,herring1865@yahoo.com,Vito,Payne,male,374-681-7827,Asheboro,United States,76323,Connecticut,1393 San Aleso,1934-10-23,1760
crmid:9544868492,acetaminol1910@yahoo.com,Alberto,Green,,367-814-4174,Gurnee,United States,69403,Massachusetts,441 Fitch,1969-11-17,1606
crmid:7620580702,pig2068@yahoo.com,Joslyn,Hall,female,243-549-5938,Oxford,United States,57291,Tennessee,965 Gilman,1996-04-25,1567
crmid:3413689527,elegances1915@yahoo.com,Wade,Simpson,,270-997-0201,Park Forest,United States,58357,Iowa,147 Guy,1978-07-11,1165
crmid:3490347008,opacifying1916@outlook.com,Eloy,Clay,,280-300-1501,Parma,United States,31165,Iowa,411 Crescent,1980-08-06,2720
crmid:1739976777,embryon1991@yahoo.com,Clark,Cash,,932-606-8473,Goldsboro,United States,78590,Georgia,767 Letterman,1967-12-18,568
crmid:7902491067,gregariousness1968@yahoo.com,Clifford,Abbott,male,936-580-1117,Cedar Rapids,United States,12718,Nevada,1225 Beckett,1945-02-01,2184
crmid:7004100689,intersprinkled2043@live.com,Nicolas,Aguilar,,713-352-8775,Lake Oswego,United States,21477,New Mexico,218 Sears,1980-05-24,513
crmid:7518567069,decoupage1833@gmail.com,Delta,Gillespie,female,709-347-8356,Muskogee,United States,18363,Minnesota,1162 Brussels,1994-03-31,847
crmid:6955832073,mischieve1885@live.com,Randell,Atkins,,878-200-8166,Muskegon,United States,83104,Connecticut,342 Vicente,1994-07-12,471
crmid:8505018880,tenons1968@gmail.com,Raymond,Lloyd,,154-707-1976,Lawrence,United States,84856,South Carolina,697 Marist,1981-02-16,1887
crmid:5536089556,balinese1932@live.com,Ethan,West,male,850-574-9695,Cape Girardeau,United States,19427,Oklahoma,53 Woodland,1944-04-30,1789
crmid:4460431639,amelina2060@yandex.com,Tish,Mccarthy,female,890-294-9563,Chino,United States,99815,North Carolina,97 Industrial,1947-09-19,1460
crmid:2707563859,demimark1977@gmail.com,Quincy,Gilmore,male,814-642-4914,Roselle,United States,96998,New Jersey,889 Middle Point,1935-10-31,2918
crmid:5629228124,sardine1828@live.com,Chan,Patrick,female,950-653-8753,Trenton,United States,80409,North Dakota,37 Cedro,1951-02-23,1206
crmid:9959437072,beagle2019@gmail.com,Lizzette,Nicholson,female,708-493-6658,Mustang,United States,51696,Alaska,667 Rawles,1995-10-31,378
crmid:2515473302,invected1950@yandex.com,Elmer,Reese,,666-651-0775,Niles,United States,40873,Texas,1298 Burr,1997-08-02,375
crmid:5739640600,peelings1905@gmail.com,Cornelius,Moreno,male,811-095-3956,Bixby,United States,10281,Hawaii,904 Battery East,1939-02-21,1000
crmid:2201365072,celature1894@outlook.com,Korey,Bradley,male,112-189-0900,Big Spring,United States,37211,Delaware,603 Mclaren,1939-06-03,2645
crmid:5864622311,divots1963@yahoo.com,Kevin,Molina,male,733-935-8757,South Plainfield,United States,59639,New Jersey,715 Clairview,1996-02-11,1760
crmid:3444272305,shipwrecky1921@live.com,Whitney,Fletcher,,858-866-2396,Morgantown,United States,43292,California,401 High,1993-08-19,1872
crmid:8418281690,barriere1849@yahoo.com,Roberto,Dudley,male,784-691-6884,Tiffin,United States,09217,Montana,864 John Maher,1939-10-30,999
crmid:9720750776,palmiped1939@outlook.com,Deandra,Fleming,female,396-201-9465,Easton,United States,18561,Kentucky,602 Byxbee,1957-02-10,2813
crmid:4610528105,restlessness2028@outlook.com,Ambrose,Alvarez,,680-703-4902,Malden,United States,65690,Alabama,1213 Mclaren Lodge Access,1985-11-17,1961
crmid:3726352068,malleablize1800@live.com,Dario,Warner,,847-857-0496,Laurel,United States,90898,Alabama,160 Irving,1981-06-01,1489
crmid:4492725618,profiler1925@yahoo.com,Gino,Buckner,,811-882-7259,Gallatin,United States,52797,Kentucky,1080 Hillcrest,1965-09-15,2864
crmid:1131748345,censorial2002@yandex.com,Hassan,Perez,,717-138-9306,Franklin,United States,67277,Montana,435 Holyoke,1963-11-28,1302
crmid:4157451781,cassolette1990@yandex.com,Marvin,Webb,,884-585-6111,Palm Desert,United States,41492,Mississippi,981 Brompton,1993-10-05,1591
crmid:9449561515,hermele1829@live.com,Philip,Browning,male,164-851-4287,Pico Rivera,United States,01301,South Dakota,827 Sharp,1932-08-04,2820
crmid:3241733839,snop2034@outlook.com,Shanae,Potts,female,987-734-8516,Stillwater,United States,27549,Iowa,785 Wallen,1959-08-23,2198
crmid:8886374934,dewit1979@live.com,Raymonde,Compton,female,639-050-2025,Rohnert Park,United States,74933,South Dakota,28 Murray,1957-07-07,1155
crmid:2440361215,adirondack1997@yandex.com,Ranee,Hendricks,female,040-119-6389,Erlanger,United States,48807,Utah,1293 Avocet,1960-07-13,1245
crmid:6236960845,gubernacular2067@yahoo.com,Jordon,Casey,male,281-221-6673,Bothell,United States,32528,Georgia,317 Hollis,1940-06-05,508
crmid:1341492658,secretive1862@live.com,Francis,Jacobs,male,040-794-4097,Carpentersville,United States,92771,Nebraska,120 Park Presidio,1944-04-15,2469
crmid:2186700805,arcus1826@gmail.com,Dario,Jenkins,male,617-853-6801,Arroyo Grande,United States,66984,Arkansas,321 Bertie Minor,1934-10-25,1165
crmid:8551018582,brusque2063@outlook.com,Wilton,Wilson,male,064-689-4487,Warner Robins,United States,51594,New Jersey,172 Beeman,1995-10-04,978
crmid:4914030478,pantopterous1999@yahoo.com,Gerry,King,,969-080-9530,St. George,United States,48623,Missouri,1270 Forest View,1984-06-29,408
