crmid,email,first_name,last_name,gender,mobile telephone,city,country,zip,state,street address,birthday
crmid:7458226151,nonangling1918@yandex.com,Wes,Emerson,,782-156-1109,Winter Haven,United States,58092,Indiana,675 Harlem,1998-08-29
crmid:1839910108,embryony1916@yahoo.com,Gaston,Wright,male,341-372-3842,Billings,United States,26872,Massachusetts,567 Shrader,1939-04-22
crmid:5223417956,monopodes2039@yahoo.com,Keenan,Sherman,,780-133-8916,St. Marys,United States,87806,Massachusetts,600 Iowa,1970-12-28
crmid:4434632993,carrizo1946@yandex.com,Merle,Thornton,male,395-898-4371,Superior,United States,78882,Vermont,1031 Kohler,1936-07-29
crmid:7952962723,brack1812@gmail.com,Kizzy,Harmon,female,510-053-2522,Norton Shores,United States,22177,Kansas,334 Mizpah,1999-04-09
crmid:4858867422,filamentiferous1846@outlook.com,Edmund,Middleton,,094-343-0563,Novi,United States,44317,New York,988 Cayuga,1992-12-14
crmid:7320163535,glasses2009@yandex.com,Hans,Schmidt,,987-302-9489,Vero Beach,United States,79172,Kansas,404 Dr Tom Waddell,1992-03-31
crmid:8419270652,finch1973@outlook.com,Bryan,Keller,,332-131-9231,Long Branch,United States,47847,Iowa,1301 Mcnair,1984-08-22
crmid:1001354981,bande2036@gmail.com,Steve,Clements,,376-540-6513,Pontiac,United States,59766,Wisconsin,357 United Nations,1999-09-11
crmid:9311911472,ericsson2027@gmail.com,Clyde,Morin,male,795-599-1179,Biddeford,United States,86079,Virginia,1039 Louisburg,1939-02-21
crmid:9238349336,drainpipe1911@yandex.com,Alvin,Simon,,896-454-1297,Granite City,United States,20012,North Carolina,953 Berry,1967-05-23
crmid:7129172473,semitropic1895@yandex.com,Raymon,Caldwell,,937-933-4144,Kearney,United States,85071,Kentucky,1349 Fielding,1976-10-19
crmid:8882430580,alexandrite2047@gmail.com,Wendell,Leblanc,,719-223-2196,Rancho Mirage,United States,93915,North Carolina,991 Archer,1974-01-06
crmid:2807439041,overview2014@yahoo.com,Enoch,Jensen,male,719-326-7884,Caldwell,United States,84297,Idaho,1205 Seville,1943-04-15
crmid:7346342848,immun1994@yandex.com,Jesenia,Orr,female,256-132-3449,Oak Lawn,United States,16628,Missouri,456 Cambon,1948-11-08
crmid:3902467384,contributiveness1862@yandex.com,Leopoldo,Farmer,male,886-259-4075,Arroyo Grande,United States,32104,Vermont,533 Sixth,1934-06-09
crmid:8346587008,snarling1870@outlook.com,Hsiu,Mccarty,female,132-605-7364,Christiansburg,United States,18511,Massachusetts,431 Forsyth,1947-04-19
crmid:9017636484,directory1908@gmail.com,Jerold,Cherry,male,036-231-7321,Angleton,United States,20203,Texas,451 Post,1932-05-06
crmid:5688574970,narsinga1838@live.com,Ned,Murray,male,689-988-8863,Cedar Hill,United States,46906,Indiana,1320 Broad,1945-07-21
crmid:4979671311,graybeard2032@outlook.com,Mariel,Humphrey,female,028-745-4693,Slidell,United States,26435,New Jersey,415 Central,1956-10-12
crmid:8276637763,dusky1838@gmail.com,Ria,Bennett,female,098-880-5810,Enid,United States,40070,Kentucky,966 Hermann,1959-07-02
crmid:6623186198,barriere1829@gmail.com,Waldo,Macias,male,293-802-6100,Oviedo,United States,07513,Louisiana,1396 Marietta,1931-12-19
crmid:1437048053,chunmei1930@live.com,Leonel,Ware,,280-782-9325,Oakland,United States,26119,Montana,1019 Hunters Point,1966-11-21
crmid:5061834035,blazon1885@live.com,Len,Norris,,924-058-6889,Mount Clemens,United States,58023,Wyoming,192 Pratt,1993-09-23
crmid:8747130657,vinylacetylene1822@live.com,Jenee,Phelps,female,982-625-6213,Durant,United States,28677,South Carolina,1186 Beale,1956-04-23
crmid:3299800551,navaids1819@yahoo.com,Ian,Guerra,male,097-166-5681,Augusta,United States,22009,Wisconsin,1331 Fremont,1935-05-12
crmid:8516860934,elaterist2023@live.com,Rosario,Richmond,,547-721-0962,Midvale,United States,25746,West Virginia,874 Tompkins,1990-04-16
crmid:3341266326,preacquiring1904@yahoo.com,Elicia,Pugh,female,771-735-9271,Colton,United States,79732,Vermont,1094 Eastman,1949-12-22
crmid:2521895873,jeoparding1991@live.com,Chet,Reese,male,731-425-9337,Caldwell,United States,77737,Maryland,376 Spruce,1943-02-24
crmid:6259435483,obfuscable1912@live.com,Moses,Underwood,,993-664-3803,Palestine,United States,96988,Alaska,80 Grafton,1984-11-07
crmid:3351257840,unmatchableness1962@gmail.com,Emil,Baird,male,133-251-9619,Romeoville,United States,01807,New Jersey,1315 Cochrane,1937-12-06
crmid:3944291058,coaly1917@yandex.com,Paris,Delaney,,905-587-0805,Johns Creek,United States,22422,Virginia,37 Princeton,1975-04-09
crmid:6917743191,cladocera1839@yahoo.com,Herb,Sharp,male,046-407-3617,Cedar City,United States,78300,Hawaii,1281 Penny,1945-12-09
crmid:6514391040,trillibub1908@yahoo.com,Trudie,Bolton,female,052-092-1967,Orlando,United States,29081,Pennsylvania,860 Antonio,1956-10-17
crmid:5944668241,cappadine1993@yandex.com,Doretta,Murphy,female,229-405-5543,Emporia,United States,11322,Montana,18 Saint George,1959-03-21
crmid:8530323543,untended1858@live.com,Benton,Marshall,,540-744-0238,Harlingen,United States,20041,Oregon,943 Sheridan,1969-05-30
crmid:4372400530,pilgrim1991@live.com,Eloy,Browning,,928-284-9131,Ventura,United States,31147,Colorado,547 La Avanzada,1972-05-05
crmid:8804147448,nonslipping2010@yahoo.com,Robin,Trujillo,male,740-196-3119,Oak Creek,United States,04279,New York,266 Rhode Island,1930-08-29
crmid:4804623233,jogging1865@yahoo.com,Kelvin,Beasley,,245-015-0529,Mission Viejo,United States,83383,Kentucky,988 Morrell,1991-01-13
crmid:9419327525,abrasive2054@yandex.com,Rob,Gonzalez,male,119-722-0834,Appleton,United States,48141,Idaho,1173 Walbridge,1933-08-11
crmid:3293253288,overbrim2031@yahoo.com,Regan,Delacruz,female,570-473-4120,East Ridge,United States,94345,Wisconsin,112 Havelock,1957-07-08
crmid:2492462482,misnames1876@live.com,Chance,Roth,,865-507-5481,Maywood,United States,08971,Texas,828 Donahue,1988-02-27
crmid:2760039075,overbrush1912@yahoo.com,Darwin,Espinoza,male,686-334-0530,Berea,United States,62970,Pennsylvania,1078 Navy,1938-11-05
crmid:1228802382,dropped2004@yahoo.com,Stormy,Glover,female,216-284-6361,Wilmette,United States,13818,Montana,463 Victoria,1948-08-11
crmid:5445607084,palafitte1817@live.com,Randolph,Jensen,,710-101-2862,Prairie Village,United States,23994,New Jersey,800 Bancroft,1965-05-23
crmid:1943839247,enflagellation2006@gmail.com,Gregorio,Mathis,,420-735-6625,Malden,United States,26962,Connecticut,965 Pennington,1985-04-27
crmid:6764269716,bakers1832@yandex.com,Elliott,Kline,,136-105-5933,Greenwood,United States,58941,Wisconsin,525 Folsom,1968-10-28
crmid:8349219348,preinspired1892@gmail.com,Aron,Drake,male,302-714-7000,Tuscaloosa,United States,02083,Nevada,382 Bayview Park,1935-01-08
crmid:3218216704,bewitch1952@yandex.com,Gale,Hooper,,288-731-6308,Manitowoc,United States,55742,Michigan,1280 Hollis,1986-09-06
crmid:9423434390,competitioner2016@yahoo.com,Queenie,Alvarez,female,878-956-0565,Steubenville,United States,10675,Kentucky,57 Reed,1951-07-01
crmid:1289728650,burek1841@outlook.com,Francina,Morales,female,950-657-2817,Clarksburg,United States,71509,Rhode Island,217 Ash,1948-12-26
crmid:1063424331,milled2062@yahoo.com,Royal,Klein,male,250-439-8881,Carrboro,United States,43525,Arizona,969 Roselyn,1944-08-16
crmid:3010921040,cameo2024@live.com,Arlen,Padilla,,386-978-9453,Jonesboro,United States,40860,Delaware,597 Miley,1976-08-24
crmid:9187151087,dog1894@live.com,Cody,Browning,,525-151-3271,West Linn,United States,73541,Connecticut,1256 Pleasant,1970-10-17
crmid:3037448562,pendative1999@yahoo.com,Stefan,Mccarty,,944-220-1240,Key West,United States,08593,Alaska,919 Tomaso,1977-01-13
crmid:3695800381,ergane1998@yandex.com,Tish,Kelly,female,302-956-9782,Stillwater,United States,14977,Alabama,528 Beacon,1948-09-16
crmid:6577678469,ajourise1899@outlook.com,Adriene,Webb,female,715-351-1067,Coralville,United States,05752,Colorado,1205 Thor,1950-01-30
crmid:5396917413,pluguglies2048@outlook.com,Lyla,Nielsen,female,726-008-1551,Chickasha,United States,35694,New York,1287 Jerrold,1947-06-21
crmid:3045486368,chores1879@yahoo.com,Willie,Cooke,,418-288-5515,Oakland,United States,43265,Kentucky,318 Farview,1993-07-21
crmid:2523112689,uniserial1847@live.com,Reiko,Irwin,female,197-111-3169,Davie,United States,44883,Kentucky,254 Panama,1953-07-15
crmid:6765361725,bhutia1934@gmail.com,Dalene,Fuller,female,915-064-4712,Dearborn Heights,United States,10624,North Dakota,76 Tiffany,1953-02-10
crmid:1188138939,syphilidography1898@yahoo.com,Kendrick,Ware,,817-065-1705,Garden City,United States,60793,Illinois,921 Industrial,1965-11-16
crmid:2872809154,creche1838@yandex.com,Myrtie,Young,female,240-936-6479,Overland Park,United States,23710,Indiana,999 Jules,1956-07-25
crmid:1474774569,barnacle1874@yandex.com,Caterina,Wilkinson,female,370-057-0661,Washington,United States,10213,Colorado,68 Lakeview,1955-02-08
crmid:6498852019,colorant1973@live.com,Arnoldo,Howe,male,131-006-8405,Brawley,United States,04663,Georgia,488 Mary,1941-01-15
crmid:6242542671,interleaver1858@yandex.com,Lasandra,Mullins,female,367-910-8232,South Burlington,United States,26493,Utah,362 Conrad,1961-05-21
crmid:5622287957,dorsal1832@yahoo.com,Jama,Collier,female,657-442-5348,Rockford,United States,12920,Texas,432 Walnut,1950-04-06
crmid:4886547741,hucksterage1996@gmail.com,Oretha,Hull,female,856-427-6232,Sedalia,United States,83038,Oregon,1264 Vista View,1946-07-15
crmid:2557926864,normoblastic2003@gmail.com,Nicolasa,Park,female,928-974-7289,O'Fallon,United States,56761,Montana,542 Santa Ana,1960-12-13
crmid:5521865749,myiarchus1850@live.com,Enrique,Randall,male,545-802-3313,Riverbank,United States,81762,Indiana,1188 Spruce,1943-04-24
crmid:8015120701,pediatric2040@live.com,Jere,Craft,,669-462-4564,Lauderdale Lakes,United States,79525,Utah,716 School,1981-12-07
crmid:5960025155,havens2037@yandex.com,Chung,Taylor,male,530-327-7314,Sayreville,United States,80714,Rhode Island,799 Balance,1941-02-28
crmid:9411079421,elvira1975@yandex.com,Lon,Kirkland,,106-669-2531,Lynwood,United States,80532,South Dakota,298 Mendell,1985-09-03
crmid:1562299372,caribou1827@yahoo.com,Claude,Sweeney,female,569-530-2574,Rosemount,United States,29030,Oklahoma,621 Uranus,1957-02-28
crmid:4822093161,proscriptive1936@yandex.com,Augustus,Lyons,,085-042-7925,Piqua,United States,39102,Louisiana,185 Central Magazine,1973-01-30
crmid:4679885688,internal1892@yandex.com,Arthur,Lewis,,880-404-5620,Oak Lawn,United States,42958,Idaho,361 Albion,1984-06-09
crmid:3758958010,zapateo2010@outlook.com,Abel,Watts,,010-762-5152,New Bedford,United States,26308,Oklahoma,1201 Pine,1995-05-06
crmid:9951838634,nonflexibleness2013@yandex.com,Dwain,Saunders,male,250-034-5402,Bowie,United States,16494,Maine,1075 Montclair,1940-03-26
crmid:7456233901,anamorphose1947@outlook.com,Jewell,Campos,male,513-723-3663,National City,United States,19197,Maine,1137 Rock,1995-02-20
crmid:8818874578,termite2026@live.com,Marcus,Sharpe,,074-258-8199,Porterville,United States,65603,New York,771 Robert C Levy,1968-09-06
crmid:4122293563,backspace1851@yandex.com,Rossie,Yang,female,578-219-1606,Superior,United States,79927,Idaho,691 Mangels,1953-07-06
crmid:2692844049,decumani1891@outlook.com,Elmer,Rodgers,,813-990-3604,Gahanna,United States,12165,Pennsylvania,1339 Dwight,1964-04-28
crmid:1493110457,precollegiate1960@yahoo.com,Jules,Rutledge,male,761-612-2888,Blaine,United States,33376,Idaho,1349 Redfield,1939-06-26
crmid:1762440889,admedial2068@yahoo.com,Robbie,Woodward,male,035-982-0638,Pittsfield,United States,09368,Arkansas,624 Gladiolus,1932-08-31
crmid:9899448921,allan2070@outlook.com,Debera,Waller,female,025-530-2417,Cudahy,United States,89875,California,566 Sylvan,1952-02-18
crmid:2926524257,derelict1810@outlook.com,Cameron,Blackburn,male,705-690-3659,Central Point,United States,05807,Arizona,1029 Marion,1945-02-03
crmid:4547421486,brimborion1956@gmail.com,Timmy,Greer,,706-299-9428,Palm Desert,United States,31903,Massachusetts,375 Linda Vista,1972-12-05
crmid:1524893024,belich1929@yahoo.com,Lacresha,Gilbert,female,238-829-5189,Sidney,United States,22877,Minnesota,728 Lawton,1958-05-11
crmid:4398451604,overclamor1871@outlook.com,Rocco,Hernandez,,129-987-3651,Quincy,United States,99290,New Mexico,1319 Pemberton,1974-11-10
crmid:8264757747,quott2056@outlook.com,Jorge,Mcdowell,,487-730-5829,South Milwaukee,United States,74083,Texas,1028 Calhoun,1993-01-03
crmid:3835046779,containerize1860@yahoo.com,Loren,Stone,,350-386-4372,Pekin,United States,48987,Delaware,1082 Otter Cove,1992-02-29
crmid:3383825148,ungladness1858@yandex.com,Zane,Crawford,,568-393-0798,Gurnee,United States,34527,Delaware,1075 Carr,1969-06-03
crmid:3458390054,chylification1844@yahoo.com,Benjamin,Mendez,,585-165-1510,Lebanon,United States,26683,Oklahoma,1184 Infantry,1981-04-05
crmid:4399051398,hoidening1942@yandex.com,Eleonor,Hanson,female,963-566-7955,Clarksville,United States,16229,Utah,659 Berry Extension,1948-03-13
crmid:2478672205,arney1879@yahoo.com,Von,Stewart,,222-883-6567,Wichita,United States,76452,Georgia,442 Cook,1984-11-12
crmid:7403741368,exaggerating1899@yandex.com,Albert,Sanders,,130-590-6203,Oregon,United States,68934,Alabama,711 Hemdale,1987-11-26
crmid:2617943467,bloomed1993@outlook.com,Tobias,Little,,692-367-8704,Hilton Head Island,United States,84563,Tennessee,1285 Hermann,1972-03-16
crmid:8326943433,cordinar2048@live.com,Rufus,Fuller,,281-768-2381,Melbourne,United States,17437,Tennessee,544 Harry,1989-03-15
crmid:5634014026,disturber2029@yahoo.com,Otto,Sanford,,585-717-0868,Foster City,United States,02776,Mississippi,917 Quint,1963-01-20
crmid:9950287366,enviable1824@gmail.com,Richard,Kane,,102-393-3785,La Mesa,United States,08884,Texas,568 Avenue M,1978-01-27
crmid:7816528445,ditone2067@yandex.com,Nolan,Sargent,,975-434-8306,Hutchinson,United States,65465,North Dakota,588 Coleman,1974-11-14
crmid:8736835443,ruthlessness1992@yahoo.com,Dusty,Nolan,male,776-618-4841,Seguin,United States,78139,Alabama,304 Peninsula,1942-03-22
crmid:8460732995,disheart1910@outlook.com,Darnell,Yates,,737-221-0646,Idaho Falls,United States,44156,Washington,522 Morrell,1974-08-15
crmid:8278595167,undermined1809@gmail.com,Bert,Randolph,,679-189-0331,LaGrange,United States,76000,Alaska,1382 Midcrest,1979-12-06
crmid:7410716670,afret1966@outlook.com,Bennett,Haynes,male,131-930-2026,Boston,United States,93531,Mississippi,763 Emmett,1940-01-13
crmid:8010720594,jounces1946@outlook.com,Sunday,Allen,female,673-270-1358,Elmhurst,United States,47624,Alaska,915 Mersey,1959-08-01
crmid:7322409287,african1997@live.com,Leonard,Dale,,570-596-0577,Flint,United States,50324,Oregon,968 Onondaga,1962-09-21
crmid:3359734391,catawampus2048@live.com,Darnell,Sellers,,861-863-4152,St. Marys,United States,28656,Vermont,807 Crook,1965-06-22
crmid:3918928177,cottontail2040@yandex.com,Queenie,Barr,female,121-605-5979,Champaign,United States,46241,Indiana,398 Calgary,1946-07-02
crmid:1740427290,goladar1953@live.com,Augustine,Hewitt,,461-410-0818,Lake Forest,United States,00407,Kentucky,153 Saint George,1980-02-10
crmid:9878373333,nonscraping1981@live.com,Clemente,Hanson,,267-507-5333,Urbandale,United States,32431,Missouri,46 Gateview 2,1972-12-07
crmid:6573588625,briolette1810@live.com,Nga,Cooper,female,920-203-8683,Clarksdale,United States,79140,Indiana,125 Carolina,1948-12-28
crmid:3951308674,annale1894@outlook.com,Trinidad,Case,male,678-276-9711,Muskogee,United States,01048,Utah,507 Pelton,1994-01-18
crmid:2630950747,comiferous2006@gmail.com,Buddy,Dillon,,290-560-8232,Rock Springs,United States,42992,Connecticut,1283 Hamilton,1991-02-08
crmid:9783449111,toruloid1862@live.com,Deadra,Lester,female,990-443-9874,Doral,United States,14199,Arkansas,956 Dearborn,1955-02-17
crmid:8152517491,clason2023@live.com,Ronny,Wooten,male,169-606-9439,Ballwin,United States,64694,Illinois,1330 Mississippi,1935-11-25
crmid:1771276781,blame2008@gmail.com,Rebbecca,Pierce,female,252-594-7067,Corvallis,United States,46142,Pennsylvania,570 Vista View,1951-07-23
crmid:2911366620,cololite1843@outlook.com,Tobias,Meyer,male,061-639-5888,Sun Prairie,United States,08556,Colorado,104 Ashburton,1931-10-27
crmid:4737798943,alkyds1904@yahoo.com,Shane,Frye,,888-412-0286,Lino Lakes,United States,79463,Minnesota,1259 Leona,1983-12-13
crmid:3281007838,scaled1814@gmail.com,Luther,Mullins,,499-324-0702,Rahway,United States,39138,Hawaii,281 Avenue F,1975-07-31
crmid:5465136058,polyparies1847@gmail.com,William,Brown,male,791-009-3043,Barberton,United States,50079,Georgia,70 Southwood,1936-10-04
crmid:8715043104,containerize2019@outlook.com,Joesph,Slater,male,205-736-1820,New Lenox,United States,03956,South Dakota,842 Highland,1996-01-26
crmid:7669518911,attune2006@yahoo.com,Perry,Bass,male,469-575-2594,Upland,United States,00252,Pennsylvania,1196 Gilroy,1936-08-02
crmid:6025320293,coulter2056@outlook.com,Maira,Gomez,female,325-039-3333,East St. Louis,United States,35532,North Carolina,728 Campton,1957-06-11
crmid:9631872369,bosset1842@yandex.com,Jetta,Mccarty,female,690-260-2095,Elk River,United States,21069,California,593 Kempton,1959-04-19
crmid:3902467384,dustuck1989@live.com,Brett,Page,male,747-740-9254,Cape Coral,United States,07587,New Jersey,628 Marine,1944-02-22
crmid:3529986998,okapi1851@yahoo.com,Adolph,Baird,male,521-041-2239,Blue Springs,United States,80926,Connecticut,753 Harlow,1939-01-01
crmid:3447640362,articulate1845@yandex.com,Armand,Cote,,049-004-7013,San Clemente,United States,32813,Colorado,670 Silver,1977-03-10
crmid:7745371522,consultive2029@yandex.com,Buddy,Reese,male,551-346-4305,St. Louis Park,United States,79068,Ohio,1201 Rosie Lee,1935-02-24
crmid:5430865693,mousse1807@gmail.com,Ken,Snow,,648-886-9333,Passaic,United States,29685,Alabama,1256 Cutler,1964-08-31
crmid:2666899672,earmark2005@live.com,Rex,Meadows,,157-239-0382,Garden Grove,United States,00564,North Carolina,605 Beideman,1965-01-17
crmid:5590894579,carambole2034@gmail.com,Hyman,Barry,male,263-888-9860,Carbondale,United States,20452,Missouri,370 Liberty,1944-05-02
crmid:6998261721,dreamlit1807@gmail.com,Randell,Mcmillan,male,883-499-8165,Bellingham,United States,41088,Michigan,897 Madrid,1937-08-20
crmid:6176465752,transform1982@yandex.com,Wayne,Padilla,,800-893-4561,Largo,United States,75529,Minnesota,198 Glenhaven,1980-12-06
crmid:3019345726,subclans1926@yahoo.com,Jody,Shaw,,441-488-5925,Hattiesburg,United States,42821,Iowa,835 Shephard,1970-08-10
crmid:3750610250,knifelike1966@gmail.com,Ralph,English,,146-188-8882,Seal Beach,United States,64799,Vermont,539 Saint Josephs,1985-12-24
crmid:4440319406,kingdoms2011@outlook.com,Samuel,Moreno,male,345-425-6183,Bedford,United States,76243,Nebraska,1366 Prospect,1937-12-17
crmid:8845522525,prowling1800@live.com,Jonathon,Shelton,,078-739-7814,San Diego,United States,28598,Alabama,794 Chattanooga,1962-06-19
crmid:9364150925,arctalian2032@outlook.com,Dominique,Lawson,male,404-237-6314,Selma,United States,65915,Oregon,930 Osgood,1997-10-23
crmid:6355769646,gregariousness1892@live.com,Federico,Lancaster,,148-699-2694,Norco,United States,43754,Idaho,272 Dorman,1998-08-06
crmid:3536565543,aiding1825@gmail.com,Jon,Melton,male,546-973-3361,Solon,United States,09960,Arkansas,909 Adolph Sutro,1941-11-22
crmid:5745600716,enneateric2026@yandex.com,Franchesca,Mendez,female,434-679-3603,Daphne,United States,11443,New York,1322 Sea View,1953-03-20
crmid:3150103386,enderle1813@gmail.com,Jonathon,Wynn,,583-301-4974,Highland Village,United States,33930,Nevada,620 Merlin,1971-05-07
crmid:4361447438,billiards1935@yahoo.com,Laci,Barr,female,757-465-2991,Munster,United States,12227,Pennsylvania,213 Potrero,1994-04-27
crmid:6318230834,boohoo1939@yandex.com,Garnett,Daniels,female,534-777-5424,South Euclid,United States,12407,New Hampshire,542 State,1947-03-07
crmid:2591365500,elaterist2061@yandex.com,Tajuana,Noble,female,937-530-3927,Farmington Hills,United States,46044,California,799 Windsor Mill,1961-08-21
crmid:3090840039,cookeys1920@yahoo.com,Aja,Atkinson,female,708-960-1648,Cupertino,United States,03586,Montana,205 Hulbert,1952-01-01
crmid:8807867191,buder1927@gmail.com,Petronila,Underwood,female,111-803-5752,Delray Beach,United States,40342,Illinois,904 Hardie,1954-07-29
crmid:3872890862,poetess1942@live.com,Irwin,Schneider,,387-952-8973,Fort Smith,United States,14290,Rhode Island,1110 Moncada,1963-03-07
crmid:9718813781,bodhi2012@gmail.com,Barney,Griffin,male,774-647-0402,St. Joseph,United States,03164,Idaho,867 Wawona,1931-01-12
crmid:4667328474,anabel1972@gmail.com,Emerson,Fowler,,820-245-5447,South Salt Lake,United States,73510,Oklahoma,615 Mccann,1989-07-08
crmid:9123271340,suspected2049@live.com,Dee,Levy,,016-688-3589,Leawood,United States,47391,New York,1232 Lucerne,1981-08-30
crmid:8921767817,adown1999@yahoo.com,Felipe,Burks,male,488-640-4121,Bethel Park,United States,71787,Missouri,119 Starr King,1938-12-07
crmid:7476449676,aware1889@outlook.com,Donald,Wells,male,049-931-3957,Bloomingdale,United States,15910,Nebraska,621 Sutter,1939-03-30
crmid:2136235243,basile1970@gmail.com,Herbert,Bauer,,695-190-3071,Little Rock,United States,90264,Hawaii,765 College,1983-04-01
crmid:5285545401,segment1806@gmail.com,Graham,Chandler,,755-964-4205,Orem,United States,41709,Hawaii,374 Carnelian,1993-03-24
crmid:4096946248,anatolic1915@live.com,Sammy,Kennedy,,403-370-6398,Laguna Beach,United States,72746,South Carolina,1040 Rock,1979-05-10
crmid:4599944762,marriers1896@gmail.com,Arturo,Burnett,male,803-849-2422,Big Spring,United States,60169,North Dakota,1171 Briarcliff,1939-10-30
crmid:1460623519,spent1850@yandex.com,Grady,Villarreal,,718-721-4805,Niagara Falls,United States,57219,Kansas,758 Garnett,1997-09-14
crmid:2257502344,tires1888@gmail.com,Carmine,Mcdaniel,,195-564-9350,Mooresville,United States,00659,Mississippi,733 Ervine,1993-01-20
crmid:5892857636,proteose1992@yahoo.com,Lawerence,Savage,,367-601-2247,Onalaska,United States,35323,Minnesota,1337 Robert Kirk,1979-05-19
crmid:7688133515,quelea1900@gmail.com,Lindsey,Luna,,555-346-6975,Goodyear,United States,94865,Alaska,404 Walbridge,1967-09-14
crmid:1217691262,elaterist1827@yahoo.com,Raymond,Finch,male,540-668-9837,Atlantic City,United States,42085,New York,167 Moulton,1934-08-09
crmid:8545310456,bosset2046@live.com,Noble,Gibbs,,598-433-9702,Marion,United States,59693,Tennessee,672 Ramsell,1987-09-20
crmid:8780975172,failsafe1864@yahoo.com,Rupert,Peters,male,548-041-9339,Bremerton,United States,43154,Oregon,1197 Amatista,1941-08-23
crmid:9175364764,coleslaw2029@yandex.com,Demarcus,Velez,,031-744-5672,Mooresville,United States,14114,Alabama,1342 Loehr,1993-02-02
crmid:9107525497,tapinceophalism2063@gmail.com,Eldridge,Rogers,,593-649-4737,South Holland,United States,95508,Idaho,387 Calgary,1967-10-19
crmid:5031680315,magenta1893@yahoo.com,Shirley,Crane,,586-794-8531,Grove City,United States,36231,Pennsylvania,1359 Virginia,1968-07-05
crmid:7049251036,dorter1836@outlook.com,Lonny,Vazquez,,396-524-9580,Redlands,United States,94329,Ohio,196 Brunswick,1993-12-10
crmid:2990927362,scandic1848@yahoo.com,Chester,Hood,,896-119-0537,West Fargo,United States,72766,Missouri,877 Ccsf Parking Lot,1963-10-24
crmid:5284355448,spice2063@yandex.com,Tyrell,Alvarez,,110-413-9776,Santa Monica,United States,72709,Massachusetts,1278 Thornburg,1969-04-13
crmid:3637049644,waggle1869@yandex.com,Cesar,Macias,,271-539-4862,Toledo,United States,39402,Florida,443 Brooklyn,1976-12-30
crmid:2846930110,unconsolable1802@gmail.com,Malcom,Wilson,,571-942-3250,Liberal,United States,99092,Alabama,1206 Tacoma,1982-05-10
crmid:9761689175,birken2028@yahoo.com,Sammy,Wall,male,299-838-3814,Whittier,United States,05858,Rhode Island,1400 Haight,1940-09-30
crmid:4960513888,shamus1895@yahoo.com,Johnathan,Whitley,,922-875-5000,Lancaster,United States,17296,Virginia,417 Rose,1980-03-31
crmid:4665799890,kilometrage1984@yandex.com,Clarence,Love,,034-242-5858,Monroeville,United States,14093,Mississippi,145 Moore,1992-02-05
crmid:5300357148,anthracnose1952@outlook.com,Cornelius,Snow,,354-461-1619,West New York,United States,34686,Wyoming,279 Lawton,1977-07-13
crmid:5806651095,accurate1959@live.com,Burton,Coffey,,318-931-1957,Kirkwood,United States,71095,Pennsylvania,1296 Oloran,1978-07-05
crmid:4455901518,nonscraping2007@yandex.com,Raymond,Williams,,157-028-2547,Lake Elsinore,United States,99042,Montana,366 Felix,1980-11-30
crmid:8045157212,sensated1975@outlook.com,Ignacia,Clarke,female,507-422-5432,Port Huron,United States,56263,Oregon,172 Falmouth,1995-04-20
crmid:8197843452,imperatorially1823@outlook.com,Neville,Russo,,878-484-4900,Winter Garden,United States,64087,New Hampshire,958 Bell,1989-03-03
crmid:7075073199,clason1843@gmail.com,Linwood,Kim,,196-890-5526,Tallmadge,United States,86275,South Dakota,1000 Moultrie,1964-07-24
crmid:5504010481,emblem1851@yandex.com,Han,Carney,female,384-839-6526,Roseville,United States,11950,Iowa,689 Pratt,1947-04-05
crmid:2206563667,alger1894@gmail.com,Burl,Cabrera,,040-667-8416,Foster City,United States,80011,Iowa,1128 Chicago,1963-03-02
crmid:6394787825,apologies1944@live.com,Judson,Rowe,,945-675-5348,Medina,United States,71379,Oregon,115 Kezar,1989-03-11
crmid:9564316171,fairy2012@outlook.com,Masako,Baldwin,female,793-344-7015,Coronado,United States,73550,Massachusetts,615 Hemdale,1951-06-01
crmid:4280245055,emendating1942@yandex.com,Tory,Gillespie,,681-296-4003,Macon,United States,82283,Arizona,106 Keith,1985-04-01
crmid:4969449312,abnormal1942@outlook.com,Julio,Ford,,175-843-2508,Methuen,United States,80365,Michigan,472 Fontinella,1990-05-01
crmid:7523849310,numbat1974@yahoo.com,Zachery,Mccormick,,919-424-8932,San Bernardino,United States,68405,Kentucky,1148 Boutwell,1989-09-15
crmid:3365132741,trs2010@gmail.com,Ronny,Herring,male,113-340-7484,Bellingham,United States,40867,Oregon,31 Ogden,1937-08-13
crmid:5165099731,cutlass1828@yandex.com,Roscoe,Suarez,,307-588-0980,Franklin Park,United States,92420,Massachusetts,73 Harlem,1964-04-09
crmid:5025672922,scillipicrin1965@gmail.com,Georgann,Conway,female,118-636-3467,Santa Fe Springs,United States,11167,South Dakota,1281 Berwick,1947-03-07
crmid:5894301493,augurs1802@yahoo.com,Keven,O'brien,male,246-281-1784,Burbank,United States,66330,Indiana,593 Shotwell,1942-12-21
crmid:8692811456,spermatovum2037@yandex.com,Eugene,Gates,female,375-009-4391,Muscatine,United States,88177,Utah,1060 San Rafael,1994-03-27
crmid:8219105177,repopulated1930@gmail.com,Wally,Finch,,557-542-2478,Keene,United States,65816,Louisiana,621 Blythdale,1976-11-25
crmid:5201380076,vigors1866@live.com,Willian,Callahan,,110-136-3731,Lancaster,United States,30153,Delaware,1147 Dakota,1980-06-03
crmid:5648228724,gooses1810@live.com,Michale,Vance,male,781-931-4829,Bedford,United States,89845,Ohio,324 Walter U Lum,1937-07-29
crmid:2151484832,bogert2039@yahoo.com,Lanny,Haynes,,461-516-1448,Montclair,United States,67909,Wyoming,803 Merriam,1992-10-21
crmid:6062310065,rothesay1979@yahoo.com,Lazaro,Holloway,male,438-172-8622,Bartow,United States,33962,Michigan,185 Middle Point,1936-06-14
crmid:3286507967,paleichthyology1916@live.com,Lazaro,Valentine,,691-070-6407,Hamtramck,United States,77288,Iowa,1244 Swiss,1969-12-09
crmid:7120230125,undergabble1812@live.com,Damon,Robles,,583-547-2251,Lindenwold,United States,62713,Alaska,1223 Drumm,1983-11-29
crmid:3943522204,alcindor1917@yahoo.com,Nestor,Dalton,,225-113-3481,Mustang,United States,65414,Massachusetts,1399 Mary,1995-11-18
crmid:3943465851,ethically2042@outlook.com,Vince,Huffman,male,891-116-5003,South Elgin,United States,09569,New Mexico,1391 Colusa,1933-10-15
crmid:9673901282,carrefour1966@yandex.com,Mikel,Walton,,550-822-3568,Grand Prairie,United States,73397,Florida,1167 Whipple,1967-12-20
crmid:4550756010,shapiest2012@yahoo.com,Dewitt,Good,,820-608-0287,Hawthorne,United States,04735,Ohio,38 La Bica,1970-01-02
crmid:8002643536,bulgaria1911@outlook.com,Arden,Rios,male,012-066-0821,Carteret,United States,87014,Maine,155 Gay,1944-01-25
crmid:1729586262,camden1881@outlook.com,Irving,Velez,male,626-909-3952,Bartow,United States,25520,Utah,189 Lauren,1936-05-29
crmid:9803015473,clowder1890@yahoo.com,Manuel,Carter,male,740-427-8642,Westmont,United States,73715,Illinois,215 South,1930-07-05
crmid:9329375386,ceruse1932@live.com,Gale,Sandoval,,357-910-2805,Venice,United States,44874,Kentucky,802 The Block,1984-08-11
crmid:5867568142,hyracina2034@yahoo.com,Clement,Anthony,male,289-991-7730,Blaine,United States,81804,Louisiana,885 Liggett,1939-02-01
crmid:1210842100,glome2031@yandex.com,Bart,Reese,male,757-328-9039,Cedar City,United States,90297,New Hampshire,1096 Franconia,1945-01-24
crmid:5196658179,smoldering1853@live.com,Al,Cameron,,356-254-5244,Idaho Falls,United States,61414,Wyoming,208 Claude,1974-11-27
crmid:9761922528,lepidopter2006@yandex.com,Cornell,Avila,male,251-072-3984,Bowie,United States,71604,Illinois,596 Walnut,1940-12-04
crmid:3500485600,pommies1930@yandex.com,Clyde,Barron,,765-642-4298,Hesperia,United States,00611,Kentucky,1269 Franconia,1971-02-15
crmid:8853137179,gnat1862@yahoo.com,Alfonso,Fisher,male,658-055-4211,Blue Island,United States,62281,South Dakota,1197 Hunter,1939-12-01
crmid:4417284253,ditrematous1922@yandex.com,Ariane,Carver,female,030-838-7973,Evanston,United States,01120,Michigan,15 Leroy,1960-01-05
crmid:7675744648,heteroploidy1844@outlook.com,Delcie,Martinez,female,628-144-9144,Schaumburg,United States,25496,Maryland,318 Chase,1959-02-18
crmid:7840134556,cobra1923@live.com,Gilbert,Whitaker,male,760-920-5850,Ontario,United States,87952,West Virginia,1254 Lippard,1934-04-13
crmid:2525629194,abrasax1979@yandex.com,Alphonse,Odom,,139-798-1925,Naples,United States,87201,Texas,671 Milton I Ross,1995-05-26
crmid:8374007795,burgesses2057@gmail.com,Clyde,Roy,,498-917-9770,Godfrey,United States,49709,Montana,597 San Pablo,1966-08-13
crmid:2345041402,semitropic1897@outlook.com,Eugene,Potter,female,043-431-8405,Mustang,United States,17210,Nevada,768 Edinburgh,1995-03-06
crmid:5587009676,securableness1883@gmail.com,Hassan,Henderson,male,394-037-9612,Shaker Heights,United States,02013,Kentucky,1241 Sonoma,1942-12-08
crmid:3349107460,adolph1958@yandex.com,Walton,Burgess,male,965-399-2195,Upland,United States,01337,Oregon,55 Vale,1930-10-04
crmid:7838132343,arcanist2017@gmail.com,Osvaldo,Vang,,882-584-3690,Hazelwood,United States,88990,New Hampshire,1161 Candyland,1970-03-26
crmid:9317276033,agathodaemon1803@outlook.com,Shayne,Mercado,,579-552-1053,Sherwood,United States,77305,Pennsylvania,1194 Rudden,1981-02-01
crmid:3162606876,armenoid2004@gmail.com,Claudio,Huffman,,649-208-5616,Miami,United States,74006,Montana,1277 Webster,1990-12-06
crmid:9342081803,coati1932@yandex.com,Patience,Richardson,female,484-518-8589,Champaign,United States,47867,North Dakota,147 Pond,1946-07-24
crmid:2497267643,hydrothermal1902@outlook.com,Wilfred,Booker,,752-059-9153,Goshen,United States,01006,Texas,641 Sunrise,1967-02-09
crmid:7825556101,undistinguished1845@live.com,Luther,King,,232-085-4827,Liberty,United States,87143,New Mexico,181 Ahern,1982-02-25
crmid:8224283087,espriella1962@yandex.com,Wiley,Gonzales,,151-335-5980,Pawtucket,United States,48834,Oregon,505 Megan,1982-12-29
crmid:5959218153,janitors1961@yahoo.com,Frida,Kinney,female,714-077-7684,Sulphur,United States,14733,Missouri,206 Arkansas,1947-03-16
crmid:8101135323,aryballi1909@gmail.com,Rosario,Cohen,,311-121-6600,San Mateo,United States,48564,Arizona,437 Cranleigh,1983-05-29
crmid:8367802261,soapery1822@yahoo.com,Eric,Fields,,275-774-5891,Mount Juliet,United States,36230,Missouri,1353 Kenny,1993-07-05
crmid:6454562812,matutinary1919@yandex.com,Willena,Miles,female,320-338-3962,Davenport,United States,57123,Utah,376 Kensington,1953-09-20
crmid:3504627168,ester1954@gmail.com,Steve,Bauer,,560-947-7871,Klamath Falls,United States,37088,Oregon,1394 Vista,1978-07-01
crmid:9458422366,angelo2018@live.com,Neil,Goodwin,,444-478-5862,Miami,United States,59776,Minnesota,873 Ridge,1990-09-25
crmid:8620049743,snake2028@live.com,Xavier,Fernandez,,008-759-6695,Trotwood,United States,96868,North Carolina,864 Junior,1970-11-21
crmid:1440933227,blackfeet1918@yahoo.com,Britta,Sparks,female,410-591-6506,Redwood City,United States,18486,Kentucky,747 Freelon,1948-01-27
crmid:3043793218,pederasts1921@outlook.com,Selene,Leblanc,female,020-494-3724,East Chicago,United States,75920,Iowa,131 Burritt,1957-12-15
crmid:5248524762,lactim1884@yahoo.com,Lee,Sweeney,male,507-689-1203,Algonquin,United States,33150,Washington,1062 Dunshee,1931-06-28
crmid:1157727190,inequality1951@gmail.com,Emerald,Rivera,female,796-139-3717,Roanoke,United States,51970,Maryland,1326 Middlefield,1996-10-06
crmid:8066900766,cheryl2008@outlook.com,Cedrick,Green,,162-705-9712,Fond du Lac,United States,49935,Georgia,1171 Cielito,1962-07-21
crmid:4725727700,evolutionism1860@gmail.com,Eugenio,Mejia,male,503-351-8015,Bolingbrook,United States,75010,Georgia,949 Black,1940-04-20
crmid:8801272889,llama1983@outlook.com,Terence,Medina,,857-492-4613,Laguna Woods,United States,10576,Vermont,636 Sunglow,1979-02-03
crmid:3828659076,exacter1939@yandex.com,Elenore,Glover,female,107-332-2750,Davenport,United States,11691,Connecticut,94 Fitch,1953-03-11
crmid:1978378825,doodlebug1937@gmail.com,Shanita,Horn,female,255-435-8545,West Sacramento,United States,17402,New Jersey,1135 Inverness,1952-08-14
crmid:2814308223,undercarter2066@live.com,Stanford,Duke,male,920-217-0148,Tinley Park,United States,19489,Montana,524 Kate,1944-09-08
crmid:7011619723,pleurotyphoid1940@outlook.com,Craig,Sutton,male,654-902-1387,Ashwaubenon,United States,17696,Ohio,893 Iris,1934-02-28
crmid:7730239011,fluyt2038@live.com,Sherwood,Pitts,,010-460-5013,Lauderhill,United States,95670,Vermont,1172 Bird,1981-05-18
crmid:5443130478,costumes2052@outlook.com,Chase,Bell,,903-417-5490,Tiffin,United States,52305,New York,764 Still,1996-06-10
crmid:9434283161,rousseau1821@outlook.com,Wyatt,Gordon,,245-386-5018,Romeoville,United States,45043,Michigan,1293 Beachmont,1981-11-17
crmid:6267811088,roorbach2067@yahoo.com,Coleman,Pierce,male,221-593-4955,Rowlett,United States,16183,North Dakota,500 San Jose,1943-12-27
crmid:4361453278,colias1952@gmail.com,Edward,Franks,male,172-373-0365,Prairie Village,United States,01788,Utah,715 Lee,1930-03-10
crmid:6549394515,giddier2066@yandex.com,Ernie,Barron,,247-526-8093,High Point,United States,60115,Kentucky,922 Carolina,1971-11-09
crmid:7211203878,seemly1997@yahoo.com,Ismael,Suarez,,202-440-2190,Salt Lake City,United States,23223,Maine,118 Laurel,1965-07-10
crmid:1270692251,sissoo1833@yahoo.com,Chi,Small,,820-965-5873,West Lafayette,United States,55840,Colorado,282 Marist,1996-09-17
crmid:6930229389,belee2002@outlook.com,Rochell,Phillips,female,827-536-4669,New Hope,United States,17338,Kentucky,1094 Daniel Burnham,1996-03-14
crmid:2184495605,wipers1824@outlook.com,George,Cortez,,295-475-5121,Indianapolis,United States,69737,Illinois,97 Thor,1974-10-20
crmid:2043595206,joiningly1965@yahoo.com,Dewitt,Wynn,male,756-617-9059,Battle Ground,United States,12375,South Dakota,320 Fella,1936-03-09
crmid:2810558844,beelol2026@gmail.com,Jeremiah,Sherman,,548-330-4314,Roanoke Rapids,United States,40888,Oklahoma,185 Robinhood,1986-10-04
crmid:7355523457,snowdrops1963@gmail.com,Normand,Moreno,,178-179-8425,Mission Viejo,United States,68389,South Dakota,1000 Campus,1991-11-16
crmid:9897614006,unsquirming1828@gmail.com,Steve,Villarreal,male,268-107-7860,North Chicago,United States,19758,Arkansas,442 Mclea,1998-02-17
crmid:7739272198,nainsooks1816@gmail.com,Bradford,Gates,,504-907-8428,Madison Heights,United States,39359,Missouri,62 Ward,1985-06-02
crmid:2507786679,palmira1897@yandex.com,Rickie,Ayala,male,450-536-6421,Ridgecrest,United States,66421,New Hampshire,198 West Point,1933-08-01
crmid:4056813794,beverlee1921@yandex.com,Edgar,Shepherd,,257-343-0712,Sacramento,United States,76906,Hawaii,852 Heron,1968-10-25
crmid:4561291419,rebend1829@live.com,Darron,Hurst,,386-618-8487,Waterbury,United States,84306,Rhode Island,925 Cuvier,1997-07-18
crmid:4485101575,alterant1852@yahoo.com,Francis,Griffin,,179-470-0532,Granite City,United States,97463,Maryland,1141 Farallones,1967-05-14
crmid:3224649580,disorderer1854@live.com,Thurman,Cannon,,599-912-8312,Winter Haven,United States,23568,Alabama,854 Clement,1968-03-13
crmid:2984845759,henna1822@outlook.com,Nelson,Rodriguez,,578-823-2901,Waterbury,United States,79217,New York,1034 Bedford,1963-04-11
crmid:5232129422,tupelo1899@live.com,Dominic,Clayton,male,730-114-7140,North Port,United States,95091,New Mexico,1326 Gloria,1999-09-24
crmid:9996706952,claudius2010@gmail.com,Everette,Skinner,,962-833-5505,Hampton,United States,42869,New York,517 Lincoln,1969-08-14
crmid:7001472878,anteater2034@gmail.com,Guadalupe,Levy,,829-797-6063,Hays,United States,58657,Maryland,1315 San Aleso,1970-09-05
crmid:9920673918,cordaites1804@live.com,Buddy,Gay,male,906-273-8564,Calumet City,United States,03872,Montana,1388 Antonio,1943-02-11
crmid:9806030317,schnecken2055@gmail.com,Nenita,Garrison,female,839-693-3498,Crown Point,United States,30483,Kansas,443 Palmetto,1952-07-11
crmid:3651454030,gravelliness2069@outlook.com,Marylynn,Saunders,female,980-742-8988,Elko,United States,89855,Iowa,97 Ash,1959-06-26
crmid:3203889030,resolutionist2046@outlook.com,Ricky,Little,,745-499-5679,Yucca Valley,United States,99047,Utah,820 Sickles,1975-05-04
crmid:9302743623,bosomy1878@yandex.com,Mellie,Odom,female,817-611-7622,Denver,United States,37198,Alabama,227 Cielito,1954-06-22
crmid:1308433007,hypotrophy2049@gmail.com,Ivory,Stein,,975-797-0156,Schenectady,United States,91989,Arkansas,1000 Ewer,1965-02-02
crmid:9654044738,escobilla1901@outlook.com,Willow,Gilmore,female,793-079-6611,San Bernardino,United States,27572,Minnesota,120 Manor,1961-09-11
crmid:4133214104,shipworms1815@yandex.com,Justin,Cabrera,male,130-719-8258,Castle Rock,United States,86611,Alaska,231 Dorantes,1945-10-22
crmid:5398293301,chambertin1963@yandex.com,Marcos,Gaines,,074-990-2966,New Orleans,United States,29843,Kansas,656 Caine,1996-05-13
crmid:3454488811,longa1940@outlook.com,Dylan,Boyer,,310-792-3114,Lenexa,United States,30015,Idaho,699 Bluestone,1982-07-05
crmid:8319384723,aptitude2012@gmail.com,Tai,Collier,female,346-796-7239,Farmington,United States,58104,Minnesota,387 Service,1961-10-30
crmid:2462652256,tutelae2036@yahoo.com,Roderick,Oliver,,733-798-8894,West Fargo,United States,38899,New Mexico,986 Berkshire,1974-10-28
crmid:5378764881,anaconda1894@yandex.com,Shawn,Sargent,,707-634-9780,Pompano Beach,United States,31876,North Carolina,659 Alder,1969-08-05
crmid:1665610743,pademelon1887@yandex.com,Jamel,Coffey,,135-518-1267,Marietta,United States,91621,New Jersey,351 West Pacific,1987-11-05
crmid:9832261249,bitumen1855@yandex.com,Jamel,Chambers,male,652-401-3279,Bethlehem,United States,26696,North Dakota,529 Gennessee,1938-05-06
crmid:8719620399,exciton1866@outlook.com,Emmett,Cline,male,038-216-8635,Belton,United States,15150,Arkansas,510 Alabama,1937-04-06
crmid:3671411825,console1978@outlook.com,Tennille,Palmer,female,265-852-5680,Culver City,United States,86569,Minnesota,541 Grijalva,1952-09-22
crmid:9643850579,scirocco1970@outlook.com,Rodrigo,William,,270-847-0824,Rock Island,United States,92239,Florida,67 Mary Teresa,1966-05-02
crmid:2127341810,poesy2001@outlook.com,Asa,Buchanan,,587-175-8949,Juneau,United States,06971,Colorado,1037 Owens,1976-01-18
crmid:9546960008,incunabulist2007@yandex.com,Robert,Moran,,226-657-2281,Gilroy,United States,42769,Indiana,733 Perego,1966-08-01
crmid:2451218381,caban2048@yahoo.com,Nicholas,Ford,male,556-052-5621,North Charleston,United States,02107,Iowa,774 Carnelian,1998-01-14
crmid:4035092680,ascertainability2014@yahoo.com,Cliff,Shelton,,941-431-2865,Milpitas,United States,22137,Nebraska,933 Birmingham,1991-04-24
crmid:6932110101,melangeur1814@outlook.com,Antony,Dalton,,267-919-2084,Saco,United States,99937,Indiana,1249 Storey,1963-06-01
crmid:2823060188,foreordaining1865@yahoo.com,Carlton,Tyler,,577-372-4389,White Plains,United States,90490,Maine,262 Vicente,1981-02-15
crmid:6184372728,schnecken1895@yahoo.com,Anjelica,Mcguire,female,267-714-0646,Edwardsville,United States,89631,Kansas,362 Mcrae,1958-01-19
crmid:2453025694,rushland1969@yahoo.com,Devorah,Cobb,female,681-324-0387,Denison,United States,13901,Florida,223 Livingston,1954-03-06
crmid:3320638306,buccina1905@outlook.com,Frederic,Gilbert,,428-184-4445,Saginaw,United States,95848,Indiana,1137 Marlin,1994-08-16
crmid:6554866776,combo1903@outlook.com,Brooks,Adkins,,857-145-5798,Lathrop,United States,10085,Pennsylvania,1021 Gambier,1981-03-23
crmid:8710365189,workbench1885@yahoo.com,Taylor,Gamble,male,335-192-4206,Bergenfield,United States,52971,Montana,1143 Mclea,1938-09-11
crmid:1199888389,anxious1954@outlook.com,Salvatore,Noel,male,323-016-9696,Carlisle,United States,55976,Florida,1366 Gilman,1944-09-22
crmid:1442163096,unacted2001@gmail.com,Byron,Bowman,male,924-318-8639,Alliance,United States,77003,Nevada,700 Genoa,1931-12-31
crmid:4938835321,belight2000@gmail.com,Fredrick,Mccoy,,814-132-0648,Woodbury,United States,62120,Virginia,1105 Otter Cove,1965-03-04
crmid:6837997387,molluscans2010@yahoo.com,Dexter,Miles,,494-157-7067,Lexington,United States,82713,Nebraska,28 Raycliff,1982-06-09
crmid:5847331260,autobiographal1896@live.com,Margy,Powers,female,932-727-5112,Ogden,United States,16345,North Carolina,1016 Longview,1954-11-23
crmid:7329227047,unfickle2061@live.com,Devin,Blanchard,,017-501-0466,Ferguson,United States,18088,North Carolina,740 Temple,1962-03-14
crmid:4489240634,antuan1941@yandex.com,Grover,Bean,,705-824-1620,Wyoming,United States,39421,Louisiana,46 Nobles,1973-08-30
crmid:5738062919,avenue1874@yandex.com,Augustus,Goodwin,,218-088-4346,Pharr,United States,49602,Georgia,549 Torrens,1985-05-31
crmid:2653622190,nebula1816@gmail.com,Johnny,Pitts,,518-298-7200,Hays,United States,07370,Arizona,1158 Palou,1970-01-02
crmid:3602219797,flighted2051@live.com,Dierdre,Hood,female,769-242-0552,Webster Groves,United States,24884,Washington,1357 Lyon,1958-03-14
crmid:1712001614,remeant1856@outlook.com,Quiana,Moore,female,262-754-5548,Santa Barbara,United States,14512,Tennessee,925 Latona,1950-09-14
crmid:5324115634,horse2043@gmail.com,Noe,Gentry,,662-035-0163,Saratoga Springs,United States,59093,Montana,501 Serrano,1986-07-01
crmid:6176465752,bohdan1992@outlook.com,Russel,Garrison,,677-174-2106,Gulfport,United States,48397,Rhode Island,920 Noriega,1969-08-16
crmid:9132737610,shrew1871@outlook.com,Bruno,Holman,,774-291-9199,New Port Richey,United States,42051,Idaho,1014 Ship,1996-08-05
crmid:2631230904,creaks1863@yandex.com,Trinity,Austin,female,778-969-0841,Tigard,United States,78857,Indiana,133 Cragmont,1997-03-28
crmid:1205425463,aitch1876@yahoo.com,Saturnina,Greene,female,040-219-7870,Riverside,United States,13535,South Carolina,1354 Avon,1951-08-12
crmid:9259599915,dashed1800@live.com,Nathanael,Mcleod,,543-245-3441,Norman,United States,45265,New Mexico,1361 Edna,1998-08-09
crmid:1615002646,arcanist1950@outlook.com,Yon,Lucas,female,366-722-6159,Port St. Lucie,United States,15585,Maine,668 Ward,1951-10-24
crmid:1819825405,heiress1824@outlook.com,Jamar,Stewart,,906-524-3316,Grapevine,United States,15125,South Dakota,399 Bengal,1967-02-25
crmid:1517608433,huddled1886@yahoo.com,Ollie,Hood,,551-595-8998,Yukon,United States,93887,Nevada,587 Ravenwood,1981-06-03
crmid:7727319492,craze1803@gmail.com,Dexter,Arnold,,036-296-8692,Galt,United States,20910,Alabama,5 Gatun,1965-05-26
crmid:5165353644,nondyspeptically1947@gmail.com,Luis,Spencer,,431-646-8177,West Fargo,United States,99768,Montana,762 Balmy,1982-12-22
crmid:2938032008,dungs1969@yahoo.com,Chaya,Hampton,female,810-100-1667,Pascagoula,United States,25394,Michigan,568 Shore View,1957-09-03
crmid:9956597654,reviviscency1874@yandex.com,Charlott,Guy,female,373-859-7866,Naples,United States,13991,New Hampshire,1385 Mary,1995-03-03
crmid:3053156979,cranky1923@yandex.com,Dede,Mays,female,481-731-5735,Dyersburg,United States,18194,Florida,671 San Leandro,1956-02-19
crmid:6591195416,corie2045@live.com,Rosendo,Walton,male,752-996-9005,Bremerton,United States,43475,Kansas,398 Coronado,1941-08-30
crmid:4975957774,diving1870@live.com,Luciano,Burch,,556-519-3956,Oklahoma City,United States,78682,New Mexico,233 Nelson Rising,1993-09-09
crmid:9961305773,unstaffed1942@outlook.com,Sterling,Franco,male,485-983-0817,Belton,United States,59642,North Dakota,229 State,1937-09-10
crmid:9848278233,sulphoselenide1879@live.com,Percy,Wong,male,236-016-8231,Cedar Park,United States,44858,Wyoming,57 Montana,1945-08-31
crmid:2967352276,unsaturation1973@gmail.com,Travis,Blair,,721-570-3143,Lake Worth,United States,64680,Michigan,503 James,1980-11-12
crmid:4095818285,leesing1936@gmail.com,Bryce,Cobb,male,313-526-1489,Santa Fe,United States,60806,Nevada,1030 Lobos,1935-02-06
crmid:2896526029,cyclothyme2035@gmail.com,Enola,Livingston,female,139-845-3280,Dolton,United States,10741,Mississippi,888 Curtis,1955-03-17
crmid:4489175130,moggie1954@yahoo.com,Cory,Pratt,,963-927-8537,Sandusky,United States,49001,Minnesota,619 Crescio,1987-11-01
crmid:1009691329,blandishingly1894@yandex.com,Eliana,Simmons,female,005-195-9961,Des Moines,United States,11410,Connecticut,1184 Pretor,1954-03-27
crmid:9264702395,damocles1820@gmail.com,Layla,Herrera,female,219-455-4993,East Cleveland,United States,27802,Hawaii,1179 Quincy,1957-05-13
crmid:8774920515,clavodeltoid1851@live.com,Marshall,Beach,male,484-727-6212,Redondo Beach,United States,55593,New York,206 Johnstone,1999-10-19
crmid:2715583187,spratted1910@gmail.com,Cecil,Velez,,047-430-5111,Laguna Niguel,United States,51566,California,441 Allston,1979-09-28
crmid:8846675044,methylacetanilide2014@yahoo.com,Milo,Tyler,,191-281-0449,Paradise,United States,55348,Kentucky,621 Prentiss,1997-05-18
crmid:3424863582,cutlass1847@live.com,Brooks,James,male,152-647-3196,Bowling Green,United States,07886,Washington,1219 Fair Oaks,1940-02-15
crmid:9926206702,scorching2016@yandex.com,Chung,Baxter,,994-736-3630,Rome,United States,66946,Nevada,103 Charles J Brenham,1991-01-20
crmid:5235483697,bluestocking1823@live.com,Ulysses,Mcintosh,,566-291-1018,Lakeville,United States,57250,Arizona,1061 Coventry,1980-10-15
crmid:6044629133,prefacers1841@yahoo.com,Demetrius,Vance,,073-317-2452,Livonia,United States,64731,Maryland,168 Modoc,1983-11-29
crmid:4870915193,cranky1855@live.com,Leo,Jones,male,381-256-9889,Arnold,United States,73911,Montana,570 Trainor,1933-06-16
crmid:5085526157,corvo1838@yahoo.com,Prince,Benton,,747-069-1049,Miami Lakes,United States,69049,Vermont,1241 Mariposa,1990-10-06
crmid:8703148462,binette2061@live.com,Madie,Cameron,female,720-306-5471,Daphne,United States,71657,Alaska,138 Hubbell,1953-12-11
crmid:5813207206,chances1886@yandex.com,Berry,Rowland,,164-812-9196,North Tonawanda,United States,40072,Hawaii,1371 Dorchester,1999-08-16
crmid:1302068521,alvaro1888@outlook.com,Bulah,Gibson,female,051-568-5136,Elizabethtown,United States,05947,Kansas,1056 Fifth,1959-01-11
crmid:8968334509,boondoggling1830@outlook.com,Robbie,Briggs,,991-026-0574,Hollywood,United States,32807,Florida,30 Castle Manor,1972-07-27
crmid:3157556123,legate1978@outlook.com,George,Slater,,029-145-1767,Pearl,United States,62525,Minnesota,162 Boynton,1988-05-30
crmid:4862967755,mortarware1966@outlook.com,Beau,Gates,,610-962-1327,Midwest City,United States,05834,Missouri,378 United Nations,1990-02-21
crmid:3743642100,discus1824@outlook.com,Adam,Delaney,,501-696-7783,Granite City,United States,96950,Ohio,1234 Petrarch,1967-11-21
crmid:8165948391,malleablize1842@yahoo.com,Sammy,Browning,male,382-339-3442,Skokie,United States,01424,Virginia,1276 Hunter,1936-09-04
crmid:4730969046,diets2062@outlook.com,Dusty,Clements,male,382-026-7122,Ashwaubenon,United States,91955,Montana,652 Moffitt,1934-03-06
crmid:3060537389,esparto1907@yandex.com,Jerry,Gates,male,366-617-3579,Round Lake Beach,United States,03279,Maryland,1368 Coralino,1940-05-11
crmid:2211041902,bijan2010@gmail.com,Dexter,Underwood,,215-531-4820,Wichita,United States,72661,Alabama,1013 Pixley,1972-04-13
crmid:9541300228,continuingly1844@outlook.com,Elly,Freeman,female,138-221-7749,Cooper City,United States,15849,North Carolina,448 Hegal,1950-03-10
crmid:4496685573,birdseed1998@outlook.com,Curtis,Walton,,318-452-8095,Kenosha,United States,83895,Virginia,796 Wisser,1977-03-12
crmid:4997362829,bohdan1910@yahoo.com,Jamal,Pugh,male,308-138-8923,Alice,United States,67771,North Dakota,868 Cedro,1931-11-29
crmid:4179044841,gals1807@outlook.com,Kennith,Fuentes,,460-223-2251,Munster,United States,29283,West Virginia,150 Angelos,1994-05-20
crmid:4595525716,strawsmall1915@yahoo.com,Bernarda,Schwartz,female,205-538-6490,Elizabeth City,United States,03972,Iowa,294 Atoll,1959-01-26
crmid:1829856165,overlow1974@yahoo.com,Johnson,House,,998-832-3190,Hillsboro,United States,14942,Michigan,432 Metson,1972-03-19
crmid:9556566106,overshorten1884@outlook.com,Gilberto,Campos,male,777-587-4226,Wylie,United States,01145,Virginia,754 Yosemite,1939-04-05
crmid:2120483119,myoporum1957@yandex.com,Tim,Cain,,807-971-9872,Johnson City,United States,29571,Maryland,183 Dublin,1975-05-18
crmid:4450037161,beatitude1958@yandex.com,Sherwood,Michael,,963-969-2892,Temple City,United States,34859,Illinois,744 Longview,1978-05-15
crmid:1968423827,dentelle2048@gmail.com,Phebe,Merritt,female,750-672-1847,Newport Beach,United States,14604,Rhode Island,1216 Peru,1997-04-23
crmid:3299800551,attice1810@outlook.com,Audie,Horn,female,601-534-8357,Fairmont,United States,74386,Arkansas,360 Avocet,1961-01-14
crmid:4243594655,uprooter1966@yandex.com,Gerardo,Leon,male,531-743-6172,Ames,United States,21353,Georgia,836 La Grande,1932-04-17
crmid:8705901412,allegri1934@live.com,Phil,Trujillo,,000-452-9042,North Tonawanda,United States,60149,Florida,683 Isis,1999-11-13
crmid:3302939104,acquisita2006@live.com,Hans,Bradley,male,957-319-4451,Calabasas,United States,20581,West Virginia,412 Ulloa,1943-04-03
crmid:8242001112,evacuator1951@gmail.com,Riley,Thompson,,556-043-6767,Toledo,United States,40641,Maine,1047 Walbridge,1983-02-03
crmid:5641181727,carinal1893@gmail.com,Clemente,Keller,,489-002-2470,Sachse,United States,49310,Idaho,1019 Sansome,1988-06-11
crmid:2200468535,cabasset1966@outlook.com,Kizzie,Kaufman,female,704-011-5438,Northport,United States,81285,Delaware,1341 Manseau,1999-10-07
crmid:4021101064,acetract2015@gmail.com,Scott,Alvarez,,635-595-8933,Poplar Bluff,United States,25690,North Dakota,380 Prosper,1966-01-17
crmid:4834839203,multibreak1838@live.com,Phebe,Randolph,female,382-418-7245,Chico,United States,77383,Louisiana,1010 La Salle,1947-07-24
crmid:6380777451,batwa2061@outlook.com,Leonel,Kirk,,108-203-7469,Miami Lakes,United States,98064,North Carolina,299 Campton,1990-04-29
crmid:7009063322,dewberry2060@gmail.com,Maxwell,Serrano,male,529-563-2271,Apache Junction,United States,30755,Iowa,1197 Ivy,1933-07-26
crmid:1618476012,ragger1860@live.com,Salvatore,Ford,,252-397-9230,Rosemead,United States,79849,North Carolina,891 Lapidge,1982-11-14
crmid:5522715678,collaborationists2040@outlook.com,Arden,Short,,877-786-4998,Joplin,United States,89855,Rhode Island,1147 Avery,1976-11-22
crmid:9132216308,baboonery2035@live.com,Louie,Johnson,,247-978-8250,Lindenwold,United States,74344,Kentucky,1147 Sfgh Access,1983-07-15
crmid:9858094487,wared1874@gmail.com,Kasey,Kelly,male,148-675-4110,Santa Cruz,United States,86435,Alaska,498 Sharon,1945-10-11
crmid:2275780798,pleasurably1897@yandex.com,Saul,Guy,male,374-725-9942,Oklahoma City,United States,09319,Oklahoma,389 Vesta,1935-09-12
crmid:4682191734,delayer1824@outlook.com,Ardelle,Miranda,female,232-619-9466,Rockledge,United States,75169,Idaho,381 Bennington,1954-01-20
crmid:8626100558,dominate2050@yandex.com,Roger,Parks,male,783-051-8605,Tacoma,United States,94147,Nevada,26 Morrell,1933-08-22
crmid:9075057045,malarkeys1880@live.com,Danae,Jones,female,013-606-2632,Chandler,United States,84296,Utah,406 Chancery,1946-02-16
crmid:1804616975,alene2023@yahoo.com,Sherman,Goodwin,,993-944-3277,Painesville,United States,93789,North Dakota,744 Mersey,1973-11-26
crmid:5805323630,bitumens1826@yahoo.com,Alden,Mercado,male,808-204-3645,South San Francisco,United States,18086,Oregon,1301 Bertha,1945-11-27
crmid:8277220528,coyish1866@gmail.com,Leonardo,Goodman,,092-911-6861,Yonkers,United States,43139,Wisconsin,1076 Crystal,1990-12-12
crmid:8494423206,thymol1939@live.com,Adrian,Gomez,,772-155-3683,Sedalia,United States,78677,Maine,895 Dunsmuir,1962-05-06
crmid:2231167691,princesse2023@live.com,Coralee,Rich,female,170-076-8789,De Pere,United States,77434,Florida,44 Vicente,1953-12-04
crmid:3036230214,nepenthe1973@yandex.com,Harry,Marks,,471-847-6513,Kaysville,United States,88645,Kansas,272 Waterloo,1976-09-20
crmid:4219800921,edlin1922@outlook.com,Tyree,Christian,male,651-911-1201,Tooele,United States,55816,North Carolina,707 Hegal,1997-01-27
crmid:5060945495,delroy1863@yahoo.com,Obdulia,Patrick,female,672-905-9113,Walker,United States,13271,South Carolina,554 Old Chinatown,1953-11-13
crmid:9907996265,superstoically1994@outlook.com,Dorian,Horn,,399-376-8151,Malden,United States,20409,Alaska,1331 Mississippi,1985-05-02
crmid:1777251115,doodad1945@yandex.com,Lakeesha,Cameron,female,206-358-4311,Farragut,United States,28026,South Carolina,735 Clay,1961-05-05
crmid:3572751163,posadaship2006@gmail.com,Mervin,Kelley,,643-578-3137,Minneapolis,United States,12684,Wisconsin,1099 Peek,1991-02-27
crmid:1449401839,cheques1988@yahoo.com,Sheldon,Ward,,869-749-5412,Laguna Hills,United States,34935,Iowa,856 Poplar,1979-06-06
crmid:3297303250,spiritually2042@live.com,Lucas,Valdez,male,280-801-7443,Pawtucket,United States,03442,Alaska,625 Battery Caulfield,1937-06-29
crmid:3313948202,adventurous1941@outlook.com,Bennett,Valenzuela,,768-176-3505,Smyrna,United States,78531,Georgia,96 Grove,1969-11-05
crmid:3590302291,pixies1837@outlook.com,Bok,Mays,female,542-354-6903,Cumberland,United States,07102,Pennsylvania,727 Heron,1952-01-19
crmid:1952538754,moirai1865@outlook.com,Rafael,Davenport,male,423-043-3901,Palatine,United States,04531,Arizona,974 Irving,1934-08-07
crmid:7334457562,silaginoid2038@live.com,Romelia,Brewer,female,144-060-6269,Evergreen Park,United States,44602,Illinois,671 Patterson,1960-07-04
crmid:5517481340,believer1955@yandex.com,Octavio,Jacobs,,387-477-4783,Inkster,United States,97724,North Carolina,686 Lilac,1974-10-24
crmid:8383453405,trachea2034@gmail.com,Nestor,Frederick,male,239-313-3024,Bloomingdale,United States,40658,North Carolina,279 Mission Bay,1939-07-10
crmid:5313291757,contributiveness1839@yandex.com,Linn,Cobb,female,137-175-0618,Dunedin,United States,93834,Mississippi,345 Stonecrest,1956-05-06
crmid:4170637354,phytosauria2038@yandex.com,Hong,Hardin,male,688-205-8217,Yakima,United States,13246,Wisconsin,420 Clearfield,1943-05-13
crmid:6951753433,methyl1851@yandex.com,Vernon,Spencer,,350-319-8212,Lake in the Hills,United States,21819,Connecticut,781 Clara,1980-04-03
crmid:9711143309,revetoed1815@yandex.com,Matthew,Wilder,male,278-275-4376,Aiken,United States,79963,Wisconsin,244 Rebecca,1930-07-31
crmid:2058074703,sculpt2032@outlook.com,Vicente,Carr,,087-446-4166,Wellington,United States,88305,Rhode Island,931 Dirk Dirksen,1977-01-04
crmid:3943477136,goalkeeping2015@gmail.com,Jarred,Mckay,,517-838-1286,Venice,United States,40720,Oregon,1070 Prosper,1992-02-01
crmid:3716960207,canadian1870@outlook.com,Waldo,Marshall,male,783-926-4121,Upland,United States,90875,North Dakota,1068 De Forest,1937-12-19
crmid:1625677848,zoobenthoic1933@outlook.com,Quinn,Stark,male,951-844-3913,Seattle,United States,08262,Texas,909 Freelon,1940-08-28
crmid:5651452593,article1897@outlook.com,Inger,Long,female,979-937-0927,DeSoto,United States,85690,Wisconsin,856 Cordelia,1953-04-17
crmid:6785100784,dassent2066@yandex.com,Devon,Becker,male,193-571-2501,Newark,United States,01171,Illinois,664 El Sereno,1997-01-29
crmid:8710929415,subcompletion1897@yahoo.com,Issac,O'neil,male,023-232-6375,Albuquerque,United States,22102,Massachusetts,642 Ingerson,1931-05-22
crmid:3184513379,adoptable2031@yahoo.com,Hector,Frost,,970-020-1435,Kinston,United States,86769,Texas,177 Banbury,1978-11-20
crmid:2090714993,knifelike2047@live.com,Lynwood,Pollard,,145-141-7909,Mineral Wells,United States,51384,New Mexico,1341 Cyrus,1991-10-08
crmid:7714543028,amuck2024@outlook.com,Alphonse,Duke,,790-638-5042,University Place,United States,80607,New Hampshire,656 Orchard,1987-01-08
crmid:7108173190,dapped2028@outlook.com,Sylvester,Cox,,044-864-8434,Hopkinsville,United States,55554,Minnesota,463 Apparel,1973-10-11
crmid:8966289930,ragdoll1964@gmail.com,Jannet,Wood,female,438-530-9903,Chester,United States,92926,Maryland,818 Minerva,1946-04-30
crmid:6621650054,bullocks1910@yahoo.com,Erin,Hendricks,male,378-452-5015,Park Forest,United States,81399,Wyoming,921 Gloria,1997-02-07
crmid:9045400314,destructive1925@yandex.com,Floyd,Hampton,,322-359-6371,Long Branch,United States,70586,Indiana,461 Newton,1984-12-27
crmid:8000649903,unspecific1921@gmail.com,Nolan,Woodard,,667-490-4539,New Brunswick,United States,88294,Arizona,486 Torrens,1996-07-28
crmid:4491374221,explosion2021@live.com,Yun,Atkinson,female,369-284-9326,Deerfield,United States,56065,Utah,1198 Goethe,1954-09-01
crmid:5430460058,acinar1973@yandex.com,Tyree,Lawson,male,126-174-6126,Burleson,United States,51731,Iowa,37 Coso,1943-09-17
crmid:5471161406,repercussively1834@live.com,Buddy,Day,,202-795-4829,Garfield Heights,United States,42040,Kansas,14 Kimball,1965-08-22
crmid:9297479812,daimen1962@outlook.com,Elmo,Armstrong,,460-316-3681,Lima,United States,93155,Massachusetts,976 Victoria,1982-08-13
crmid:2607064241,predeciding1913@gmail.com,Ervin,Peters,male,679-623-3474,Bowie,United States,10267,Wyoming,499 Visitacion,1940-04-23
crmid:5118573664,polystylar1954@gmail.com,Guadalupe,Grant,,694-387-0690,Mount Clemens,United States,61203,South Carolina,921 Delano,1993-11-06
crmid:4222426925,bubak1827@yahoo.com,Darryl,Berger,male,341-625-4514,Carteret,United States,10771,Arkansas,808 Ankeny,1944-03-03
crmid:8230328659,vulnerable1864@outlook.com,Hipolito,Vazquez,,311-181-2739,Klamath Falls,United States,95255,California,489 Oriole,1978-04-17
crmid:5417122614,reflating1890@yandex.com,Lamont,Everett,,786-066-0133,Moorhead,United States,65572,Oregon,1045 Evans,1993-12-13
crmid:5933637340,harrier1871@gmail.com,Marcelo,Lott,male,334-928-9172,Burnsville,United States,30727,Minnesota,529 Saddleback,1943-07-17
crmid:2498179446,cocaine1942@gmail.com,Freeman,Wiley,,006-127-9611,Manteca,United States,05902,Arizona,145 Lake,1986-01-11
crmid:3943522204,falcon1811@gmail.com,Arron,Hancock,,064-056-3105,Jacksonville Beach,United States,19960,Delaware,157 Armstrong,1975-02-26
crmid:2298426732,rodolphus1813@outlook.com,Milton,Chavez,,156-418-4624,Montebello,United States,11861,Maryland,1363 Auto,1992-03-08
crmid:4408239487,abrar2026@live.com,Allen,Vaughn,female,187-670-9047,Cleveland,United States,08541,North Carolina,86 Randolph,1948-01-29
crmid:4166036459,annie1829@outlook.com,Frederick,Singleton,,084-939-2081,Mattoon,United States,20280,Texas,1232 Blythdale,1988-04-23
crmid:5177160068,proattendance2007@yahoo.com,Kory,Wade,,777-599-2973,Ocoee,United States,44790,Wisconsin,962 Perego,1983-10-15
crmid:4455922355,militaristic1944@yahoo.com,Vanetta,Miller,female,660-655-8851,Chesapeake,United States,95936,Virginia,1344 Phoenix,1946-09-20
crmid:1421488125,catgut1933@gmail.com,Stephane,Ratliff,female,742-087-2101,Clifton,United States,40247,Connecticut,146 Gennessee,1948-08-24
crmid:3512821637,sensoparalysis1846@live.com,Rory,Roach,male,086-680-7563,Oak Forest,United States,07700,Indiana,864 Verna,1942-08-25
crmid:1780409052,inviscid1957@outlook.com,Edison,Johns,,780-401-7244,Ozark,United States,73419,Oregon,630 Rio,1974-08-16
crmid:8340183096,deliver2057@live.com,Wallace,Weeks,,293-321-6520,Mason,United States,61799,Indiana,361 Sunrise,1987-10-02
crmid:2575774650,grudge1980@outlook.com,Gregg,Young,male,668-996-5855,Bradenton,United States,59535,West Virginia,362 Forest View,1941-10-08
crmid:5454585664,agonal1815@live.com,Patrina,Downs,female,773-701-4358,Southfield,United States,61290,Vermont,1021 Meacham,1947-07-08
crmid:9104681319,devow2027@gmail.com,Sidney,Riddle,,527-416-2780,Maple Heights,United States,39708,Rhode Island,550 Rockwood,1986-06-16
crmid:7507760930,lipomas1975@yahoo.com,Randolph,Weiss,male,130-009-2655,Tarpon Springs,United States,09640,Ohio,384 Burnside,1940-08-30
crmid:6061674996,alike1885@yandex.com,Jamel,Martin,,027-055-7868,Palestine,United States,55528,New Hampshire,522 Elk,1999-07-17
crmid:4888193193,overshroud1809@yahoo.com,Diamond,Cummings,female,278-053-9506,Romeoville,United States,12302,Wisconsin,1039 Somerset,1952-03-07
crmid:2721276469,guarded2006@gmail.com,Aron,Herring,male,388-969-5279,Casper,United States,01438,Pennsylvania,1324 Kobbe,1945-01-13
crmid:2090574642,sciences1878@live.com,Sherika,Henson,female,278-421-2060,Thousand Oaks,United States,84399,Utah,367 Justin,1958-08-13
crmid:8038826273,architeuthis1957@yandex.com,Sherwood,Neal,,398-609-6792,Glenview,United States,69086,Idaho,629 Joy,1966-10-12
crmid:2091919307,clamorousness1961@live.com,Malka,Farrell,female,561-733-7741,Upland,United States,13432,Vermont,209 Bartol,1952-06-09
crmid:8943668843,breena1872@outlook.com,Aldo,Charles,male,130-216-3919,Broken Arrow,United States,09695,Alabama,578 Donahue,1941-01-06
crmid:9870999782,electrodesiccation1985@yandex.com,Nia,Ball,female,327-330-8711,Eagan,United States,31439,Michigan,756 Sanches,1956-07-02
crmid:8576792484,cajuputs1828@live.com,Peg,Sanders,female,001-996-5708,Santa Barbara,United States,17200,Arkansas,1031 Florentine,1948-07-26
crmid:6587441795,gut1803@gmail.com,Lynna,Britt,female,634-935-8786,Elmwood Park,United States,81006,Minnesota,925 Racine,1959-06-04
crmid:3553407489,ashton1973@yahoo.com,Raylene,Pearson,female,111-054-3063,South Bend,United States,16591,Louisiana,275 Edward,1954-07-23
crmid:8549482976,absolute1846@live.com,Anton,Sellers,,272-856-8040,Montgomery,United States,25875,Montana,542 Madera,1992-05-17
crmid:9385316156,cringingly2020@outlook.com,Darrell,Valentine,,233-261-9372,Mattoon,United States,40984,Nevada,538 Long,1988-08-03
crmid:5475871280,winnard2042@yandex.com,Nick,Webster,,128-920-8892,Palisades Park,United States,83041,South Dakota,874 Seminole,1975-04-02
crmid:8614492030,enzym1937@outlook.com,Stevie,Patterson,,957-371-0531,Norman,United States,34965,Louisiana,94 Windsor,1998-06-18
crmid:9677992834,daaboul1958@live.com,Rudy,Hendricks,,142-968-4878,Van Buren,United States,68433,Maine,418 Lomita,1983-09-14
crmid:2387221230,devaluation1839@outlook.com,Kristeen,Yates,female,265-628-5871,Perrysburg,United States,12506,South Carolina,1125 Olympic Country Club,1954-05-19
crmid:7928421692,cakiest1921@yandex.com,Yuriko,Mccall,female,979-562-4549,El Reno,United States,52297,Massachusetts,1367 Winthrop,1958-09-19
crmid:4935444384,altitudes1916@gmail.com,Wally,Sellers,,270-311-8256,Pittsfield,United States,75151,Iowa,522 Vernon,1988-09-01
crmid:4575078708,beshir1845@yahoo.com,Lucilla,Wise,female,536-944-7757,Starkville,United States,29303,Oregon,1274 Zeno,1957-06-12
crmid:2501432953,delphinite1969@gmail.com,Omer,Salazar,,841-515-8207,Odessa,United States,68814,Connecticut,679 Museum,1975-06-04
crmid:3477336712,dyspepsia2054@gmail.com,Joshua,Valentine,,327-299-5027,Petersburg,United States,83988,New Hampshire,1175 Steveloe,1985-07-15
crmid:6494367260,manerial2055@live.com,Benedict,Hester,,526-940-6160,Hopkinsville,United States,11034,Pennsylvania,1246 Hollis,1973-02-05
crmid:5797160754,newt1933@gmail.com,Tran,Pate,female,870-849-1107,Elmhurst,United States,50526,California,1006 Midcrest,1959-09-23
crmid:2275542714,nonflexibleness1947@yandex.com,Stanley,Mcpherson,,700-301-0745,Montebello,United States,26352,New Hampshire,1033 La Bica,1992-05-26
crmid:8876824513,camelus1821@gmail.com,Jeremy,Coleman,male,171-774-2645,Watauga,United States,01206,Missouri,144 East Crystal Cove,1939-05-06
crmid:8868538548,progenitorship2003@live.com,Shon,Page,male,254-611-5608,West Sacramento,United States,75432,Pennsylvania,917 Donahue,1931-09-22
crmid:8735992685,bitton1812@live.com,Scottie,Wagner,male,283-355-5411,Bayonne,United States,57802,North Dakota,243 Marne,1936-09-30
crmid:1685596254,manche1903@outlook.com,Reda,Gillespie,female,791-653-8693,Coralville,United States,49887,Texas,850 Vicksburg,1950-07-11
crmid:6257411859,postimpressionist2025@outlook.com,Chang,Lucas,,015-568-8688,Wheaton,United States,30165,New York,635 Rivas,1971-09-03
crmid:6932110101,dewdrops1895@live.com,Jacinto,Wilder,male,637-639-0436,Bonney Lake,United States,23634,Oklahoma,1256 Font,1940-05-31
crmid:6764202624,dotes1829@live.com,Porsche,Cooke,female,831-724-5896,Pocatello,United States,24444,New York,16 Merritt,1958-12-14
crmid:2827287195,blackseed2033@outlook.com,Cyril,Kelley,,971-269-3499,Hutchinson,United States,05165,New Jersey,819 Al Scoma,1974-01-06
crmid:1460623519,perplexed1916@yahoo.com,Noble,Key,,859-299-6522,Norwalk,United States,99455,Ohio,996 Ramsell,1999-07-03
crmid:7299456842,chunmei2022@live.com,Maryland,Ford,female,695-472-8067,Zanesville,United States,12968,Nevada,1203 Moneta,1953-06-10
crmid:6301833373,incompletion1839@yandex.com,Loren,Cox,,488-871-3529,Florissant,United States,39229,Vermont,808 Caledonia,1962-06-11
crmid:4658800440,complex2037@outlook.com,Bethanie,Olsen,female,557-906-1735,Round Lake,United States,96766,New Jersey,1192 Boyd,1957-11-20
crmid:8746634326,alloclase1965@gmail.com,Nick,Boyd,,848-862-2067,Northglenn,United States,63606,Colorado,337 Chancery,1999-11-13
crmid:7482762428,bosomy1963@live.com,Sergio,Preston,male,151-601-2445,Reno,United States,07493,Georgia,1193 Rondel,1933-09-24
crmid:2606671481,ao2046@outlook.com,Alonzo,O'neal,male,290-861-5671,Andover,United States,80897,Iowa,1121 Shrader,1932-01-22
crmid:5774689401,unphrasableness1834@yahoo.com,Lane,Mcintyre,female,580-179-9596,University Place,United States,15810,Oklahoma,176 Ordway,1946-05-19
crmid:2294728245,unsanctifying1814@outlook.com,Wiley,Ramirez,,695-371-5988,North Miami Beach,United States,33856,Alaska,1320 Amazon,1998-06-16
crmid:3781201451,mitten1978@live.com,Jinny,Williams,female,617-003-9534,San Fernando,United States,99989,Minnesota,145 Dicha,1951-04-16
crmid:8663833466,armour1980@live.com,Henry,Pickett,male,702-855-5804,Bartlett,United States,69978,New York,240 Mistral,1936-11-27
crmid:6211018806,addiction1864@gmail.com,Deangelo,Pace,,754-685-9006,Mount Vernon,United States,65901,Colorado,1036 Crespi,1994-10-20
crmid:2768134302,starship2050@yandex.com,Barney,Mcclain,,375-659-6469,Fullerton,United States,24525,Florida,577 Newcomb,1964-04-07
crmid:4428248703,bodhi1844@outlook.com,Lasonya,Osborne,female,220-823-3468,Covina,United States,26502,Kentucky,175 Cohen,1951-05-22
crmid:9748592305,bibliographer1900@yahoo.com,Nisha,Vasquez,female,500-841-5822,Ramsey,United States,53821,Michigan,49 Baker,1997-04-13
crmid:1780632013,unsuperstitiousness1816@live.com,Dane,Tyson,,620-365-9389,Sayreville,United States,86470,Pennsylvania,252 Larkin,1987-12-02
crmid:6569591181,saltee1800@live.com,Aaron,Reeves,,148-696-7546,Rocky Mount,United States,85916,West Virginia,18 Rausch,1984-10-29
crmid:9757172380,drescher1942@outlook.com,Luigi,Workman,,775-816-9203,Moscow,United States,26902,Virginia,1103 West Halleck,1993-05-08
crmid:3306972016,falconry1864@yandex.com,Lakendra,Hess,female,597-288-0486,Redmond,United States,14991,Oklahoma,1323 Colonial,1950-05-14
