crmid,email,first_name,last_name,gender,mobile telephone,city,country,zip,state,street address,birthday,creditrating
crmid:9465378378,zoroaster2065@live.com,Winford,Reynolds,,928-232-0864,Huber Heights,United States,03678,North Dakota,24 Munich,1973-01-12,1700
crmid:5552851282,intraoral1842@yandex.com,Walter,Cochran,female,240-387-9302,Easton,United States,81385,Colorado,414 Palace Of Fine Arts,1957-09-06,2834
crmid:8923062751,donga1906@live.com,Williams,Aguirre,male,551-662-3978,Petersburg,United States,95462,New Mexico,73 Flood,1931-10-01,784
crmid:3884839731,borgh2056@yahoo.com,Luigi,Roth,,586-732-9996,Hudson,United States,36733,South Dakota,927 Stoneybrook,1973-06-26,2019
crmid:4508193792,falchion1968@outlook.com,Brock,Delacruz,,692-662-0373,Gallatin,United States,24238,Oklahoma,985 Marion,1965-04-05,2418
crmid:9440051505,dwale1936@gmail.com,Miquel,Bond,,877-967-5138,La Mesa,United States,21481,Connecticut,1390 Forest View,1978-04-05,1272
crmid:6621128797,scenarizing2036@yahoo.com,Randal,Wood,,279-834-8114,Harker Heights,United States,31966,New Jersey,508 Clement,1969-06-08,2990
crmid:3030261083,beebe1858@outlook.com,Dwayne,Duncan,,627-836-4207,San Jose,United States,90952,Ohio,64 Concord,1984-02-25,1722
crmid:1959969140,capitation1842@outlook.com,Corey,Zimmerman,male,662-451-5982,Ventura,United States,01562,Vermont,424 Fuente,1931-02-19,2813
crmid:2386088166,enamels1898@yahoo.com,Elane,Randall,female,777-266-4750,Wichita Falls,United States,87129,Michigan,572 Laidley,1946-03-24,2150
crmid:7118567305,leases1966@outlook.com,Clint,Ayala,male,043-933-1249,Bensenville,United States,15304,Michigan,623 Caselli,1938-02-01,2280
crmid:6619508189,rachidial1893@outlook.com,Hosea,Robles,,118-212-4405,Logansport,United States,36575,South Dakota,374 Wyman,1983-06-29,1566
crmid:9297815622,oreophasine1822@yandex.com,Kristel,Moran,female,992-681-2808,Collinsville,United States,66816,Arizona,816 Athens,1949-11-09,1150
crmid:8412466764,erythrocyte1955@outlook.com,Shayne,Cook,,431-868-3505,Hialeah Gardens,United States,53058,West Virginia,1240 Vienna,1971-09-23,2501
crmid:2221135574,admirable1822@yandex.com,Jackie,Becker,,005-263-7408,Fort Pierce,United States,98389,Arkansas,1214 Forest,1963-05-13,615
crmid:6665801135,determinant1884@outlook.com,Cedric,Burton,,363-095-7982,Lancaster,United States,96960,Delaware,697 El Verano,1980-11-28,2012
crmid:2670568039,rhoda1958@outlook.com,Jc,Joyner,male,459-759-3735,Altus,United States,25494,Ohio,1079 Morgan,1932-05-16,2191
crmid:1082678463,unalterable1958@gmail.com,Geraldo,Love,,817-122-6810,Tigard,United States,64535,California,979 Longview,1986-02-20,2947
crmid:3880335342,bergaptene2022@gmail.com,Robena,Moody,female,778-461-5083,Duncanville,United States,40947,Wyoming,1163 Sibley,1956-07-20,1211
crmid:8056375036,converses1996@yahoo.com,Valentin,Mcintosh,,169-327-1869,Folsom,United States,70853,Arkansas,1164 Old Harford,1962-01-03,2297
crmid:7529836670,creecy1802@gmail.com,Morton,Patterson,,843-310-9539,Rocky River,United States,83854,Colorado,10 Bowley,1972-01-26,2881
crmid:1189381691,balthasar1869@live.com,Monroe,Wood,,308-784-1070,Fort Collins,United States,83892,Hawaii,696 Meadowbrook,1963-01-13,304
crmid:3458389501,subinterval2009@yahoo.com,Dannie,Booker,,393-014-1733,Park Ridge,United States,83920,Vermont,714 Pilgrim,1968-06-12,1631
crmid:8445335204,escalader1858@live.com,Luigi,Olsen,,638-142-0783,Homestead,United States,66911,Mississippi,1132 Starview,1973-11-21,419
crmid:1595296460,retort1917@gmail.com,Karisa,Stevenson,female,358-963-8838,Fayetteville,United States,58672,Massachusetts,1082 Sala,1961-10-08,642
crmid:5748557985,baronesses2056@outlook.com,Reita,Bruce,female,980-165-2426,Santa Fe,United States,55110,Vermont,653 Ironwood,1994-12-05,2521
crmid:2570621632,atmospheric1976@live.com,Altha,Charles,female,303-360-9997,Dinuba,United States,98146,Idaho,87 Orchard,1955-01-06,621
crmid:4371727162,paratrophy1918@gmail.com,Ammie,Mckinney,female,234-406-4457,Paramount,United States,61536,Minnesota,1207 Ripley,1950-01-19,755
crmid:3064535499,boldface1929@outlook.com,Benjamin,Lopez,,704-890-6527,Woodbury,United States,59205,Kentucky,1248 Illinois,1978-02-08,1258
crmid:8858399248,inspired1882@gmail.com,Vaughn,Cruz,male,096-810-7565,Billings,United States,92797,Utah,1364 Atoll,1939-09-07,1591
crmid:4904866240,shott1951@yahoo.com,Nisha,Carney,female,359-622-3094,Nacogdoches,United States,13712,Mississippi,551 Thorp,1995-03-18,913
crmid:3525952618,stiffish1880@yandex.com,William,Cantu,,650-662-7651,Moreno Valley,United States,69181,Kansas,982 Earl,1993-12-01,1891
crmid:7845027585,cranic2007@outlook.com,Jed,Curtis,,356-487-1424,Newberg,United States,59493,Tennessee,596 Mesa,1997-10-18,1628
crmid:3146409639,calvary1867@yahoo.com,Tamala,Robertson,female,837-407-1024,Diamond Bar,United States,42698,Massachusetts,563 Fitch,1955-08-25,2605
crmid:6715299536,motility1861@yahoo.com,Caleb,Ortega,,677-410-1087,Myrtle Beach,United States,68897,Utah,420 Letterman Hospital Access,1995-11-22,2606
crmid:2103077468,bobcat2047@live.com,Josue,Delaney,male,115-873-5614,Bartlesville,United States,93794,Idaho,1159 Fairbanks,1936-11-11,1134
crmid:5647549198,pylorogastrectomy1964@gmail.com,Kenny,Dillon,,496-622-8524,Oro Valley,United States,32138,Idaho,1265 Majestic,1976-04-03,2510
crmid:6537671347,baetuli2036@gmail.com,Bret,Gallegos,,565-289-2278,Lackawanna,United States,09738,New Jersey,1117 Wyton,1979-01-12,861
crmid:6276021919,croak2005@yandex.com,Dario,Sampson,,992-457-3065,Vineland,United States,67982,South Dakota,423 Crisp,1999-12-18,1643
crmid:9460395028,bluecollar1903@live.com,Rubin,Boyer,,576-647-7024,Lauderhill,United States,89008,Illinois,379 Worth,1981-07-31,524
crmid:4905609014,hypoiodous2031@gmail.com,Kenneth,Franco,,238-211-3495,Los Altos,United States,10229,Kentucky,111 Olympic Country Club,1984-03-02,1812
crmid:5355315181,miasmatize1944@outlook.com,Emerson,Oliver,male,447-226-7615,Temple Terrace,United States,06512,Nevada,455 San Andreas,1939-03-22,1218
crmid:4917636722,disfavourable1809@yandex.com,Inocencia,Delgado,female,821-897-5611,Cooper City,United States,28208,Nebraska,756 Halibut,1950-04-08,1650
crmid:6399578845,balaban1951@live.com,Theo,Lawson,female,071-717-9433,Cocoa,United States,58652,California,374 Enterprise,1949-09-17,419
crmid:7771662733,shivarees1911@yandex.com,Asa,Beard,male,197-652-8512,Atascadero,United States,90521,Wisconsin,1203 West Crystal Cove,1934-01-02,2832
crmid:8555205605,realest2067@outlook.com,Elizabet,Patton,female,828-653-9108,New Bedford,United States,26558,Kentucky,309 Ofarrell,1995-04-05,2556
crmid:1141725047,earrings1948@yahoo.com,Titus,Barlow,,117-031-6832,Pascagoula,United States,92453,Maine,389 Bosworth,1963-06-15,520
crmid:6211171697,oedipus1900@gmail.com,Jeremy,Alvarado,,923-040-3940,Lynnwood,United States,81206,Illinois,1190 Treasure Island,1985-06-05,1170
crmid:2803958477,cercle1847@yandex.com,Fletcher,Langley,male,308-853-3760,Buena Park,United States,22030,Maryland,717 Wayne,1942-04-17,1386
crmid:5984515127,ensign1991@live.com,Anthony,Gay,male,769-002-0393,Norwood,United States,80479,Wisconsin,164 Olmstead,1934-01-11,858
crmid:4210487782,cranky2014@outlook.com,Dewey,Walls,,973-111-6473,Woburn,United States,97425,Georgia,247 Valerton,1982-12-09,1419
crmid:5552830855,immun1817@outlook.com,Mary,Frederick,,044-211-9632,Greenwood,United States,82833,Ohio,999 Brush,1968-04-01,481
crmid:1970005264,bolio2050@outlook.com,Mauro,Lynn,,564-091-9275,Rancho Cordova,United States,85676,Florida,809 Kramer,1993-12-20,2550
crmid:1931770793,dunder1815@yandex.com,Ted,Lara,male,377-911-3948,Warwick,United States,75990,Florida,249 Osage,1936-09-17,1254
crmid:6484133092,drumlin2054@yandex.com,Bruno,Roberts,,245-568-5466,La Habra,United States,30765,New York,451 Gladiolus,1978-05-17,590
crmid:4432616102,orchestric1930@yandex.com,Clarence,Flores,male,748-890-4100,Atascadero,United States,09775,New Jersey,1250 Recycle,1934-02-10,742
crmid:4895524302,unwhistled1874@outlook.com,Landon,Mason,,721-334-6804,Tulare,United States,64545,Oregon,711 Dichiera,1983-01-19,1288
crmid:7603715964,signification2057@live.com,Kristofer,Swanson,male,067-803-4407,Central Point,United States,33995,Maryland,1308 Blanken,1945-06-28,1789
crmid:4146458885,cyclothyme1869@outlook.com,Matt,Diaz,,430-664-1180,Pawtucket,United States,62623,Hawaii,439 Ripley,1979-04-10,2495
crmid:2662476279,siberian2033@gmail.com,Hee,Mathis,female,844-526-3552,Concord,United States,65858,Vermont,821 Salinas,1950-11-30,810
crmid:3255085441,apoda1896@live.com,Arturo,Horne,,162-103-9003,Knoxville,United States,71346,Nevada,1295 Emma,1978-12-23,972
crmid:2345859311,gastrohysterorrhaphy2024@live.com,Keven,Glass,male,497-677-0972,Cary,United States,33449,West Virginia,121 Wilmot,1945-06-11,2206
crmid:6749747841,battlegrounds1990@outlook.com,Ali,Bender,,562-043-5923,Owensboro,United States,73208,Georgia,284 Newhall,1978-06-21,1451
crmid:7394615936,postbrachial2042@outlook.com,Chuck,Murray,male,667-245-1332,Bountiful,United States,60978,Utah,293 Fuente,1940-10-28,2140
crmid:5469625983,chine2012@yandex.com,Collen,Abbott,female,776-448-0051,Collinsville,United States,01477,Texas,974 Flood,1949-02-01,1189
crmid:9436135524,corsair1919@gmail.com,Werner,Riddle,,745-210-4182,Wheeling,United States,31770,Iowa,269 La Grande,1972-03-07,949
crmid:3983506760,blending1983@yandex.com,Dorine,Mckinney,female,377-644-5879,Columbus,United States,12306,Missouri,1259 Dartmouth,1949-03-19,350
crmid:1526877050,atwood1950@gmail.com,Norman,Madden,male,213-333-1816,Bridgeport,United States,65122,Hawaii,825 Lippard,1941-11-14,1750
crmid:7707772932,naturalists1892@yandex.com,Walker,Rogers,,960-850-4984,Oro Valley,United States,36179,Iowa,370 Divisadero,1974-04-21,1236
crmid:9595618866,barbara1964@yandex.com,Denis,Leonard,,288-855-1933,Lancaster,United States,67745,Wisconsin,1061 Del Monte,1980-11-30,2923
crmid:5910436170,marsupialia2037@live.com,Vi,Snow,female,148-535-3036,Council Bluffs,United States,68137,South Dakota,1334 Mauldin,1951-11-18,927
crmid:3513823610,immerging2049@live.com,Lewis,French,,490-866-3136,Lenoir,United States,57638,New York,1018 Key,1982-09-10,2177
crmid:1769144271,subalgebraical2028@yandex.com,Eilene,Carrillo,female,025-330-2058,Charleston,United States,11402,North Dakota,678 Gaven,1946-03-05,735
crmid:3130578517,introspectionism1997@gmail.com,Donnell,Berry,male,628-417-6527,Sidney,United States,00256,Virginia,1009 La Ferrera,1932-03-03,1554
crmid:3945450273,trainbearer1897@outlook.com,Felix,Richards,male,665-928-9965,New Rochelle,United States,07691,South Carolina,1118 Federal,1996-02-07,397
crmid:3383893929,abandoned1909@live.com,Elmo,Emerson,male,955-070-6156,Bonney Lake,United States,16946,Indiana,1055 Francisco,1940-03-09,1994
crmid:4907398647,droud1932@yahoo.com,Eliseo,Lynn,,049-221-0886,Lake in the Hills,United States,48098,Ohio,570 Lansing,1980-08-20,531
crmid:3851772173,alene1940@yahoo.com,Lee,Leonard,,001-819-2862,Twin Falls,United States,34390,South Dakota,193 Chapman,1971-04-14,1199
crmid:1967172340,elianora1955@live.com,Jarred,Nichols,male,840-020-1104,Binghamton,United States,28707,California,958 Parque,1939-05-21,1735
crmid:6834490074,applejack1846@yandex.com,Sol,Byrd,,994-470-6158,Milwaukee,United States,48617,Wisconsin,1024 De Long,1991-07-27,2545
crmid:8859873688,singly1854@gmail.com,Lashay,Tran,female,380-477-2000,West Linn,United States,12676,Illinois,857 Park Presidio,1946-05-29,2435
crmid:2029943229,tarantas1952@yahoo.com,Cedric,Franco,,320-633-6373,Kearney,United States,84482,Mississippi,609 Rotteck,1976-08-29,1424
crmid:6488790983,dispassioned2033@outlook.com,Efren,Nunez,,438-365-0664,Jackson,United States,39766,New Hampshire,677 Saratoga,1975-07-09,1611
crmid:9612242877,downhills1873@gmail.com,Edmond,Sharp,,617-727-7872,Terre Haute,United States,66778,New Mexico,349 Paper,1970-12-29,2588
crmid:4403197862,elbow2038@live.com,Kelley,Rodriguez,,408-617-6331,Fuquay-Varina,United States,29793,Montana,954 Bacon,1964-04-23,1461
crmid:6395415179,rolfers1897@outlook.com,Abel,Gould,,637-407-3875,St. Cloud,United States,64338,Illinois,407 Calvert,1982-08-07,2228
crmid:1878578370,opossum2052@live.com,Zackary,Bass,male,493-495-2564,Vicksburg,United States,05444,Montana,901 Tingley,1938-11-19,1311
crmid:8046234254,banish1845@yahoo.com,Franklyn,Gould,,702-210-6336,Johnson City,United States,31362,Colorado,492 Brannan,1975-06-04,2884
crmid:4737971233,heron1883@yahoo.com,Alfonzo,Jackson,,077-239-7287,Lake Havasu City,United States,38481,California,211 Santa Marina,1980-07-10,1386
crmid:4587867534,cercopithecus1961@yandex.com,Jann,Hartman,female,397-865-8448,Wylie,United States,23405,New York,1193 Tioga,1957-04-13,2601
crmid:6154905581,unmelted1847@gmail.com,Earnest,Goodwin,,315-000-1705,Wheaton,United States,81621,Delaware,190 Agnon,1974-04-26,2476
crmid:7814366345,arcanist1843@outlook.com,Verena,Grant,female,357-903-7075,North Platte,United States,15955,Colorado,1162 Minna,1999-04-29,1692
crmid:8011574151,bachelor1873@yandex.com,Kerry,Wilkins,male,062-277-0172,West Chester,United States,05946,Georgia,28 Paloma,1935-10-11,1996
crmid:1027564129,scarcity1970@yahoo.com,Harley,Meadows,,319-020-1340,Watauga,United States,42223,Michigan,745 Ortega,1992-05-30,1882
crmid:6221599487,almida1868@yahoo.com,Carmen,Leach,male,439-465-1602,Orinda,United States,96083,Oregon,996 Danton,1939-02-17,1488
crmid:2597805675,queenweed1949@yahoo.com,Tyrell,Church,male,852-075-8047,Salisbury,United States,05328,North Dakota,480 Genebern,1930-12-18,478
crmid:3989287457,exposition1833@yahoo.com,Hong,Yang,,817-207-7968,Twentynine Palms,United States,49696,California,357 Yosemite,1993-08-31,585
crmid:6448290138,chitarrone1940@gmail.com,Maxwell,Trujillo,,671-394-9031,New Orleans,United States,43308,Louisiana,1378 Knollview,1996-07-02,714
crmid:4331468661,shrew1977@gmail.com,Ethan,Solis,male,710-297-2241,Bentonville,United States,17069,New York,293 Cuvier,1938-04-27,2328
crmid:1217543120,ecstasy2021@live.com,Reyes,Snow,,088-625-4735,South Lake Tahoe,United States,79034,Texas,721 Spreckels Lake,1969-01-24,824
crmid:3414598704,danny1858@yahoo.com,Augustus,Landry,male,413-326-7672,Brookings,United States,85414,Georgia,688 Dunsmuir,1942-01-17,1860
crmid:1242467983,shrimp2040@yahoo.com,Willard,Rutledge,,208-888-3124,Woodland,United States,56535,Minnesota,1279 Lassen,1962-11-01,1207
crmid:6994021410,wrinkle2027@yandex.com,Maria,Gentry,,465-153-6990,Windsor,United States,89043,Nebraska,1139 Rod,1979-02-14,1736
crmid:4265714663,shortcake1871@yahoo.com,Minta,Phillips,female,043-909-7849,West Palm Beach,United States,81975,Illinois,260 Burr,1950-10-30,782
crmid:1495016726,bommer1876@yandex.com,Darin,Myers,,992-720-9966,Slidell,United States,41212,South Dakota,922 Dogwood,1984-09-04,2435
crmid:8786341073,allowance2014@gmail.com,Marquis,Torres,male,582-799-8603,Bonney Lake,United States,38295,Wyoming,7 Hilton,1940-07-29,1498
crmid:2144394945,bromhydric1808@outlook.com,Elvin,Houston,male,226-243-0980,Mountlake Terrace,United States,61502,Kansas,1239 Bache,1994-12-03,2780
crmid:1191963503,filmer1984@yahoo.com,Arnulfo,Mayo,male,421-130-3018,Waukesha,United States,50887,Oklahoma,823 Sal,1941-01-19,1939
crmid:4942812279,cacara1921@live.com,Alvin,Allen,,311-882-6700,Hollister,United States,01042,Montana,1119 Church Parking Lot,1972-02-04,1885
crmid:1111075749,sided1965@yandex.com,Pat,Barrera,,886-788-5112,Schaumburg,United States,94314,Illinois,1389 Elmhurst,1992-06-20,2828
crmid:1233556872,nervimuscular1860@gmail.com,Nathanael,George,male,886-426-3850,Mundelein,United States,08932,Delaware,845 States,1994-02-23,361
crmid:9466973014,snake1967@live.com,Donnell,Atkinson,male,814-925-1213,Avon,United States,13763,Arkansas,642 San Benito,1935-03-01,1836
crmid:7096406502,preexamines1886@yandex.com,Dusty,Justice,,611-177-5564,Paterson,United States,76723,Hawaii,486 Service,1998-05-04,2934
crmid:3742283859,onomatopy1990@yandex.com,Maria,Tran,,845-418-5995,Garfield,United States,83437,Hawaii,762 Deems,1965-06-15,304
crmid:2614435236,alterant1872@gmail.com,Brendan,Blair,,820-181-3666,Tacoma,United States,68339,Idaho,152 Boylston,1998-06-23,2446
crmid:7308207144,chine1850@outlook.com,Benjamin,Brady,,900-622-4118,Sanford,United States,32066,Kansas,1057 Cascade,1977-08-10,2597
crmid:9005635084,magpie1969@gmail.com,Scott,O'donnell,,872-692-7292,Medford,United States,68976,South Carolina,89 Marston,1988-12-17,2862
crmid:1573596188,bemole1898@outlook.com,Dallas,Snyder,male,614-716-0442,Bellingham,United States,19104,Mississippi,1256 San Pablo,1937-02-27,1269
crmid:2832161309,bluecollar2025@outlook.com,Dudley,Suarez,,100-505-9674,Herriman,United States,27854,Illinois,866 Brant,1971-05-04,2536
crmid:4094741292,downstreet2045@gmail.com,Petronila,Meyer,female,861-452-5413,Coronado,United States,96884,Oregon,1378 Battery Dynamite,1951-07-20,2667
crmid:3026470354,spermophile1909@outlook.com,Rosendo,Bass,male,593-558-1525,Arcata,United States,90434,Idaho,1258 Lucky,1933-08-02,1117
crmid:9748516588,auric1955@gmail.com,Henry,Warren,,501-922-4915,Montrose,United States,21909,Texas,1160 Agua,1992-05-15,2384
crmid:9182679814,asperates2004@live.com,Marisha,Fitzgerald,female,120-488-7183,Port St. Lucie,United States,61934,Pennsylvania,250 Parsons,1949-12-21,1426
crmid:8492032230,nonbelief1929@gmail.com,Bradford,Rocha,male,200-799-8249,St. George,United States,00022,California,127 Erie,1938-12-02,1499
crmid:1965855739,clone1848@gmail.com,Cordell,Hancock,male,784-017-7998,Bellevue,United States,77390,Virginia,449 Sheridan,1937-12-28,1115
crmid:3944521926,gothish1944@gmail.com,Jan,Sandoval,,216-771-0899,La Verne,United States,61779,North Carolina,354 King,1979-11-09,2138
crmid:1994878285,bugler2010@outlook.com,Derrick,Barron,,951-222-1223,Gulfport,United States,27044,New Mexico,228 Saul,1969-04-15,2888
crmid:6081545002,raven1924@live.com,Randall,Erickson,,819-529-9075,Melbourne,United States,57008,Kentucky,1395 Seal Cove,1989-10-28,2857
crmid:5081282200,demimark1969@live.com,Jude,Frost,,279-421-7187,Xenia,United States,83334,South Carolina,606 Marston,1990-06-08,2403
crmid:3163965188,scumbag2046@yahoo.com,Crysta,Bentley,female,359-227-4155,Pleasanton,United States,61343,Oregon,449 Bengal,1948-02-02,2295
crmid:8798905787,misunderstandable1895@yandex.com,Armand,Wolf,,204-300-1494,New Smyrna Beach,United States,34077,Maine,969 Filbert,1997-06-05,729
crmid:9163799582,intertarsal2062@outlook.com,Monroe,Montgomery,,448-648-1652,Mission,United States,77824,North Carolina,1271 Third,1991-12-27,375
crmid:8000144974,brack1951@gmail.com,Odell,Poole,,834-389-1852,Liberal,United States,90846,Nevada,133 Laurel,1982-06-01,2766
crmid:3527731371,falcon1926@yahoo.com,George,Pacheco,,892-180-1543,Glen Cove,United States,44682,Georgia,328 La Salle,1966-08-10,2854
crmid:1383824470,devaluation1825@gmail.com,Arthur,Calderon,,116-293-7064,Maywood,United States,95009,Florida,1061 Benton,1988-04-19,936
crmid:6261661041,squamipennes1976@yahoo.com,Arthur,Morton,female,703-538-5856,Overland Park,United States,50263,Texas,972 Charlton,1958-01-21,2305
crmid:8557365244,carlet1814@outlook.com,Francisco,Moss,,593-536-4545,Post Falls,United States,76025,Alaska,855 Storrie,1987-11-10,1195
crmid:5190404006,comfortable1955@gmail.com,Scotty,Garcia,,526-295-2170,South St. Paul,United States,92319,Tennessee,574 Bitting,1966-10-11,2661
crmid:5582801792,marriers1822@outlook.com,Adolfo,Romero,male,258-632-4395,Apopka,United States,68719,Minnesota,1061 Hermann,1933-10-30,437
crmid:4480850767,doubledecker2061@outlook.com,Dee,Scott,male,783-529-5649,Omaha,United States,77889,Alabama,551 Tenny,1935-03-26,1838
crmid:8671380465,grievance1878@gmail.com,Britt,Collier,female,995-784-6461,Queen Creek,United States,11019,Arizona,106 Yorba,1955-01-06,1238
crmid:5219301183,theologer2051@outlook.com,Rod,Buckner,,900-822-1838,Watsonville,United States,23480,Michigan,175 Avila,1962-03-13,1671
crmid:9582085782,basile1969@live.com,Ervin,Norton,male,946-475-9523,Ceres,United States,77148,California,1314 Ross,1945-11-23,436
crmid:1211632182,entitledness1868@gmail.com,Seymour,Smith,male,561-911-1189,Brentwood,United States,56088,North Carolina,891 Fort Mason,1941-09-27,2769
crmid:7955124680,monadiform1894@yahoo.com,Dominique,Cain,male,997-330-9463,Alvin,United States,12719,California,68 Nauman,1932-03-05,506
crmid:2896652805,caribous1907@outlook.com,Paris,Cooke,,647-228-6313,Van Buren,United States,99631,Nevada,942 Giants,1983-04-22,2279
crmid:9290534383,borderless2021@live.com,Santo,Warren,,324-520-5639,Spokane Valley,United States,92349,Illinois,1186 Reed,1966-07-09,2502
crmid:6681909149,tobacconist1880@yandex.com,Ed,Shepard,,122-359-8065,Jefferson City,United States,27887,Connecticut,898 Dunsmuir,1975-05-04,2656
crmid:3683435717,antinome2015@gmail.com,Jaime,Leonard,male,696-842-3079,New Smyrna Beach,United States,66958,Alabama,862 Hugo,1997-10-23,557
crmid:4597049919,ungambolled1868@yahoo.com,Ted,Wilkins,male,375-413-7311,Tukwila,United States,55291,Mississippi,889 Lyon,1995-02-18,1584
crmid:6739102397,decimate1892@yandex.com,Weston,Carson,,990-398-3846,Knoxville,United States,10516,Arizona,14 Annie,1978-03-20,598
crmid:8377307743,heiress1908@live.com,Patria,Sanford,female,495-000-7327,Peekskill,United States,74972,New Jersey,495 Wheeler,1955-07-26,2325
crmid:1107373179,cotys2023@yandex.com,Tuan,Nixon,male,131-051-8611,Oak Park,United States,16741,Michigan,273 Monterey,1945-09-21,2172
crmid:8175515643,nervimuscular1831@yandex.com,Anika,Jacobson,female,912-711-6967,Tyler,United States,89427,Arkansas,404 Lake Merced,1950-01-15,383
crmid:6323288502,emperors1914@gmail.com,Cortez,Mcclure,,992-867-0039,Oxford,United States,32795,Oregon,486 Bonita,1977-04-30,545
crmid:8207099630,bobbye2055@gmail.com,Cedric,Collins,male,774-873-5607,Schaumburg,United States,00047,Wyoming,879 Point Lobos,1935-02-06,2071
crmid:2435835161,pinwheel2055@yandex.com,Marshall,Bruce,male,271-287-6530,Castle Rock,United States,67719,Indiana,1022 Verdun,1945-11-29,639
crmid:1841873414,memoir1951@yahoo.com,Conrad,Kline,male,490-756-3324,Oakland,United States,67447,Iowa,327 Arellano,1940-02-16,1735
crmid:2165512135,conservatives1939@yahoo.com,Curt,Shannon,,161-001-2455,Memphis,United States,23132,Hawaii,175 Dawnview,1989-05-15,1109
crmid:8297199501,capybara2070@yandex.com,Erick,Lang,,557-547-7960,Lake Zurich,United States,84052,Maine,1316 Sunnydale,1980-09-16,2467
crmid:6424092283,anthonis1895@yahoo.com,Raisa,Cox,female,582-270-0103,Coon Rapids,United States,43158,Maine,483 Dellbrook,1950-07-07,2644
crmid:9241543871,apoda2045@gmail.com,Brinda,Martinez,female,535-896-0578,White Plains,United States,25845,Maryland,1200 Erie,1960-01-18,2013
crmid:7545530735,brimborion1828@yahoo.com,Homer,Sosa,male,514-693-2931,Arroyo Grande,United States,23780,North Carolina,246 Villa,1934-05-27,658
crmid:7255850568,cichlid2035@live.com,Marcellus,Green,,071-954-7493,Plymouth,United States,64736,South Carolina,757 Burgoyne,1969-08-18,2903
crmid:9929033109,disappear1919@outlook.com,Carlo,Maxwell,male,096-671-3354,West Covina,United States,05650,North Carolina,709 Windsor Mill,1939-02-18,2478
crmid:9696233682,crozier1981@yahoo.com,Ulrike,Burgess,female,220-437-8673,Delano,United States,65230,Wisconsin,210 Hattie,1954-12-21,1663
crmid:7915399199,phrenetically1910@gmail.com,Clifton,Christian,,188-394-5553,Southgate,United States,88585,Rhode Island,345 Clarke,1987-12-17,2945
crmid:7946382115,chaya2017@yandex.com,Hilton,Wilkins,,820-068-3301,Key West,United States,06944,New Jersey,904 Jason,1977-01-11,2722
crmid:5480721474,decumani1879@outlook.com,Orlando,Guzman,,125-538-5719,Panama City,United States,59324,North Dakota,317 San Luis,1996-06-06,2483
crmid:1917807808,diktat2020@yandex.com,Morton,Tate,,757-176-7495,Merced,United States,30428,Nevada,568 Kimball,1989-07-25,762
crmid:3335002576,chores1981@outlook.com,Indira,Hodge,female,962-954-7126,Pearl,United States,24122,Tennessee,1075 Hagiwara Tea Garden,1957-04-14,2538
crmid:8178401512,platypus1865@yahoo.com,Craig,Fischer,male,206-076-5517,Benbrook,United States,62129,Indiana,478 Buena Vista,1938-11-04,1881
crmid:3692302371,sedimentary1812@yandex.com,Austin,Hinton,,279-642-1176,La Vista,United States,29420,Kansas,601 Raycliff,1979-04-01,1232
crmid:6117730003,dollop1999@outlook.com,Guy,Norman,,109-723-3570,Haines City,United States,09325,Montana,234 Osage,1969-02-28,1379
crmid:8412824247,bombloads1925@outlook.com,Gale,Butler,,798-878-5012,Montgomery,United States,74328,Idaho,484 Hillview,1992-12-29,2697
crmid:1947472465,adamant2024@gmail.com,Martin,Travis,,819-086-9618,Post Falls,United States,53318,West Virginia,74 Ortega,1970-06-24,2881
crmid:4440606698,prefavorably2022@yahoo.com,Chung,Ford,,570-785-4567,Lenexa,United States,00629,Maine,892 Grattan,1982-02-23,864
crmid:6483395425,colts1928@outlook.com,Seth,Harrington,male,573-182-6693,Mountain Brook,United States,13233,South Carolina,839 Palo Alto,1994-02-17,1447
crmid:7693480130,absent1921@yahoo.com,Raina,Harrison,female,199-868-9865,Worcester,United States,89932,California,314 Hawthorne,1949-07-13,2946
crmid:2427864618,ultramaximal2017@gmail.com,Anthony,Spence,male,654-053-8238,Central Falls,United States,90046,Ohio,1010 Clearview,1945-11-01,413
crmid:9337700258,basilosauridae2069@outlook.com,Gil,Travis,,190-022-8541,Glendora,United States,44899,Washington,1096 Fanning,1966-08-18,1515
crmid:1257465153,dassent1916@gmail.com,Garret,Schroeder,,842-520-4196,Highland,United States,93279,Iowa,965 De Wolf,1971-03-12,1718
crmid:8292550145,banat1866@yandex.com,Gayle,Barlow,,949-515-9659,Spring Valley,United States,54150,Connecticut,215 Cumberland,1995-10-14,2766
crmid:8505898034,binda1937@yandex.com,Quincy,Barnett,,451-156-8533,Inkster,United States,95428,Louisiana,871 Atoll,1974-04-18,1941
crmid:1551165395,archjockey1950@yandex.com,Dayle,Petty,female,832-128-0049,Pittsburgh,United States,61191,New Hampshire,1305 Otter Cove,1955-02-23,2389
crmid:3746110695,towers1873@gmail.com,Winford,Peck,,912-716-5898,Phoenix,United States,36986,Arkansas,293 Northpoint,1972-07-21,515
crmid:9006078522,buffoonish2022@outlook.com,Natosha,Bridges,female,104-830-2398,West Haven,United States,93596,Maryland,1298 Edinburgh,1952-07-04,2696
crmid:8935972028,barbi1805@live.com,Santiago,Walls,male,906-723-5844,Asheboro,United States,85438,Utah,27 Fair Oaks,1934-11-17,1124
crmid:6840263935,botheration1897@yandex.com,Ronnie,O'neill,,747-364-1447,Lawndale,United States,87864,Hawaii,390 Victoria,1981-02-04,1811
crmid:2905073524,forepeak1956@live.com,Wai,Hancock,female,302-628-8482,Port Chester,United States,86545,Rhode Island,798 Neptune,1959-11-19,571
crmid:9255745768,immolator2029@outlook.com,Darrin,Wood,,282-067-5521,Hanford,United States,37994,Indiana,448 Escondido,1969-06-16,636
crmid:8078643071,cockled2000@gmail.com,Mui,Gentry,female,433-918-0097,Eastpointe,United States,95335,Georgia,651 Masonic,1957-12-19,1723
crmid:9047526368,articulate2052@yahoo.com,Lory,Hoover,female,630-352-4336,Elizabeth City,United States,83334,Vermont,796 Darien,1959-11-11,2862
crmid:5559477967,bonobo1918@gmail.com,Bernardina,Howe,female,872-305-1543,Vista,United States,57418,South Dakota,445 Ingalls,1957-01-15,1171
crmid:8477761592,fossorial2056@gmail.com,Roy,Dixon,,901-328-5431,University Place,United States,26792,California,245 Stoneybrook,1968-08-22,754
crmid:9300292458,medicodental1919@yandex.com,Shaun,Curtis,,881-274-1202,Warner Robins,United States,70924,Iowa,314 Arbol,1981-01-02,2384
crmid:8870016963,bodhi1934@live.com,Lesia,Jefferson,female,470-150-8110,Stanton,United States,79422,New York,165 Lilac,1959-05-15,796
crmid:6871319376,career2025@gmail.com,Bill,Peck,,009-868-5805,Fort Smith,United States,25017,Missouri,350 Brompton,1963-04-23,1557
crmid:9998549121,completing2029@yandex.com,Porfirio,Woodard,,516-000-7844,Hemet,United States,47481,New Hampshire,237 Tandang Sora,1971-07-14,928
crmid:3466451020,quelea1974@live.com,Fransisca,Shields,female,062-837-1272,Trenton,United States,81961,Maryland,312 Grote,1960-03-27,1124
