id,crmid,propensity_score_credit_cards,suggested_credit_card,propensity_score_loan,suggested_loan
a2326a06-4933-11ea-af5d-b88a60e194fb-1-ps,crmid:1637630406,6,Business Card,9,Business Loan
a2335462-4933-11ea-b6a9-b88a60e194fb-1-ps,crmid:6570952316,3,Rewards Card,2,Personal Loan
a233f0a4-4933-11ea-8af4-b88a60e194fb-1-ps,crmid:9202673135,4,Travel Card,4,Business Loan
a234b406-4933-11ea-ac6c-b88a60e194fb-1-ps,crmid:9877677917,4,Platinum Card,2,Business Loan
a257cdc0-4933-11ea-95ff-b88a60e194fb-1-ps,crmid:6459407350,4,Simplicity Card,5,Personal Loan
a2589100-4933-11ea-bef4-b88a60e194fb-1-ps,crmid:4494479056,5,Travel Card,4,Business Loan
a2597aa2-4933-11ea-b98a-b88a60e194fb-1-ps,crmid:3761833877,6,Rewards Card,5,Personal Loan
a25a3eb4-4933-11ea-809b-b88a60e194fb-1-ps,crmid:9735899383,6,Student Card,4,Personal Loan
a25adad8-4933-11ea-95d5-b88a60e194fb-1-ps,crmid:1315308866,4,Platinum Card,3,Personal Loan
a25b9cda-4933-11ea-bbe8-b88a60e194fb-1-ps,crmid:7624448867,3,Rewards Card,3,Personal Loan
a25c3a62-4933-11ea-a626-b88a60e194fb-1-ps,crmid:7419530058,5,Business Card,6,Business Loan
a28089fe-4933-11ea-a8f2-b88a60e194fb-1-ps,crmid:4399315713,3,Platinum Card,4,Business Loan
a2814d40-4933-11ea-8346-b88a60e194fb-1-ps,crmid:3676335594,4,Platinum Card,4,Student Loan
a2821086-4933-11ea-ae83-b88a60e194fb-1-ps,crmid:1806707353,5,Simplicity Card,5,Personal Loan
a282d3d2-4933-11ea-ad9c-b88a60e194fb-1-ps,crmid:7369187076,4,Platinum Card,3,Auto Loan
a283701a-4933-11ea-afea-b88a60e194fb-1-ps,crmid:2668341709,5,Dividend Card,7,Personal Loan
a284a8ac-4933-11ea-aa0c-b88a60e194fb-1-ps,crmid:9468650152,9,Simplicity Card,4,Business Loan
a2856c52-4933-11ea-928c-b88a60e194fb-1-ps,crmid:4813733627,4,Business Card,4,Personal Loan
a2a8acae-4933-11ea-9e92-b88a60e194fb-1-ps,crmid:3969254580,5,Platinum Card,4,Student Loan
a2a9957e-4933-11ea-bff3-b88a60e194fb-1-ps,crmid:5968734089,2,Platinum Card,4,Business Loan
a2aa58fa-4933-11ea-8bd5-b88a60e194fb-1-ps,crmid:2098323937,3,Student Card,3,Student Loan
a2aaf624-4933-11ea-b306-b88a60e194fb-1-ps,crmid:1006861846,3,Simplicity Card,4,Personal Loan
a2ac069a-4933-11ea-8bc6-b88a60e194fb-1-ps,crmid:6445663480,4,Dividend Card,4,Business Loan
a2aca39c-4933-11ea-a7d9-b88a60e194fb-1-ps,crmid:4612318078,5,Rewards Card,4,Personal Loan
a2ad672c-4933-11ea-8a95-b88a60e194fb-1-ps,crmid:8200115781,5,Dividend Card,5,Business Loan
a2d49d30-4933-11ea-95eb-b88a60e194fb-1-ps,crmid:4075552127,3,Rewards Card,8,Student Loan
a2d5aee2-4933-11ea-b28f-b88a60e194fb-1-ps,crmid:9834249057,3,Simplicity Card,3,Personal Loan
a2d698e8-4933-11ea-8970-b88a60e194fb-1-ps,crmid:8566894123,4,Simplicity Card,2,Business Loan
a2d7838c-4933-11ea-be1a-b88a60e194fb-1-ps,crmid:4500914324,4,Platinum Card,5,Business Loan
a2d895f6-4933-11ea-8da5-b88a60e194fb-1-ps,crmid:6563461903,5,Rewards Card,5,Personal Loan
a2d97f58-4933-11ea-a11c-b88a60e194fb-1-ps,crmid:7737020874,3,Student Card,6,Auto Loan
a2da69ee-4933-11ea-bb2e-b88a60e194fb-1-ps,crmid:7472116725,5,Platinum Card,4,Personal Loan
a2fee240-4933-11ea-b125-b88a60e194fb-1-ps,crmid:7032513559,2,Rewards Card,3,Auto Loan
a2ffa5e2-4933-11ea-958c-b88a60e194fb-1-ps,crmid:9560007003,4,Platinum Card,4,Personal Loan
a3006908-4933-11ea-a099-b88a60e194fb-1-ps,crmid:7156245614,4,Business Card,5,Student Loan
a30105a8-4933-11ea-bd86-b88a60e194fb-1-ps,crmid:2353254169,5,Platinum Card,2,Business Loan
a301ef4c-4933-11ea-87e0-b88a60e194fb-1-ps,crmid:4243275258,3,Student Card,3,Personal Loan
a3028b7a-4933-11ea-a1a5-b88a60e194fb-1-ps,crmid:1947438291,4,Simplicity Card,4,Personal Loan
a30327c2-4933-11ea-b48e-b88a60e194fb-1-ps,crmid:5486896625,4,Dividend Card,1,Personal Loan
a328d864-4933-11ea-a9fe-b88a60e194fb-1-ps,crmid:9796123421,4,Business Card,4,Student Loan
a3299b0c-4933-11ea-942c-b88a60e194fb-1-ps,crmid:4119228656,5,Travel Card,3,Business Loan
a32a5e36-4933-11ea-a229-b88a60e194fb-1-ps,crmid:1458567611,5,Travel Card,3,Auto Loan
a32b488c-4933-11ea-a5e6-b88a60e194fb-1-ps,crmid:7372888003,4,Business Card,6,Personal Loan
a32c0be6-4933-11ea-a0e7-b88a60e194fb-1-ps,crmid:3188038592,4,Dividend Card,4,Auto Loan
a32ccf2e-4933-11ea-8930-b88a60e194fb-1-ps,crmid:7060455073,4,Rewards Card,3,Auto Loan
a32d6c5c-4933-11ea-8856-b88a60e194fb-1-ps,crmid:3306346286,4,Business Card,5,Personal Loan
a350d358-4933-11ea-8a36-b88a60e194fb-1-ps,crmid:9725497405,4,Travel Card,5,Personal Loan
a351bd48-4933-11ea-adc1-b88a60e194fb-1-ps,crmid:5564390915,5,Platinum Card,5,Business Loan
a3527fe8-4933-11ea-a286-b88a60e194fb-1-ps,crmid:5429776308,4,Rewards Card,9,Personal Loan
a35342b8-4933-11ea-8426-b88a60e194fb-1-ps,crmid:4699128074,5,Simplicity Card,5,Auto Loan
a353defe-4933-11ea-ac47-b88a60e194fb-1-ps,crmid:1566040678,7,Simplicity Card,6,Business Loan
a354a24a-4933-11ea-8340-b88a60e194fb-1-ps,crmid:1327994432,4,Rewards Card,5,Student Loan
a3556598-4933-11ea-8aa3-b88a60e194fb-1-ps,crmid:9395235553,4,Dividend Card,1,Student Loan
a379b68c-4933-11ea-9160-b88a60e194fb-1-ps,crmid:6010083786,3,Rewards Card,4,Student Loan
a37a7b58-4933-11ea-94bc-b88a60e194fb-1-ps,crmid:4234890412,5,Simplicity Card,4,Personal Loan
a37b1776-4933-11ea-9207-b88a60e194fb-1-ps,crmid:9831406229,3,Simplicity Card,6,Personal Loan
a37bda8c-4933-11ea-a1e9-b88a60e194fb-1-ps,crmid:3636819086,4,Dividend Card,5,Business Loan
a37cc526-4933-11ea-8877-b88a60e194fb-1-ps,crmid:7212706532,5,Rewards Card,2,Personal Loan
a37daef8-4933-11ea-b9e4-b88a60e194fb-1-ps,crmid:4634651270,3,Dividend Card,4,Business Loan
a37e7210-4933-11ea-96a4-b88a60e194fb-1-ps,crmid:2605245591,6,Business Card,3,Personal Loan
a3a33764-4933-11ea-991c-b88a60e194fb-1-ps,crmid:5296859749,3,Simplicity Card,4,Personal Loan
a3a421be-4933-11ea-b95a-b88a60e194fb-1-ps,crmid:7818238506,4,Dividend Card,2,Auto Loan
a3a4e512-4933-11ea-95e4-b88a60e194fb-1-ps,crmid:3853422340,3,Platinum Card,5,Personal Loan
a3a5cfae-4933-11ea-b7d6-b88a60e194fb-1-ps,crmid:2895118468,6,Business Card,3,Personal Loan
a3a6e0de-4933-11ea-ab63-b88a60e194fb-1-ps,crmid:5024878473,3,Student Card,4,Personal Loan
a3a8196e-4933-11ea-85a0-b88a60e194fb-1-ps,crmid:4279421331,4,Dividend Card,4,Personal Loan
a3a9050c-4933-11ea-b680-b88a60e194fb-1-ps,crmid:8298012620,4,Rewards Card,4,Business Loan
a3cd0848-4933-11ea-bd4a-b88a60e194fb-1-ps,crmid:1309259862,4,Rewards Card,5,Personal Loan
a3cdf0fa-4933-11ea-a002-b88a60e194fb-1-ps,crmid:9983372647,3,Platinum Card,5,Business Loan
a3ceb442-4933-11ea-9230-b88a60e194fb-1-ps,crmid:8540929642,4,Business Card,3,Personal Loan
a3cf77a4-4933-11ea-a751-b88a60e194fb-1-ps,crmid:6268249014,5,Simplicity Card,4,Student Loan
a3d03ae4-4933-11ea-b47b-b88a60e194fb-1-ps,crmid:4468278827,5,Platinum Card,3,Personal Loan
a3d0d768-4933-11ea-bd13-b88a60e194fb-1-ps,crmid:5295346476,9,Rewards Card,4,Personal Loan
a3d19a5c-4933-11ea-b1ea-b88a60e194fb-1-ps,crmid:3999984065,4,Dividend Card,9,Business Loan
a3f575f4-4933-11ea-b9f1-b88a60e194fb-1-ps,crmid:7615036048,5,Student Card,2,Business Loan
a3f6603a-4933-11ea-abd8-b88a60e194fb-1-ps,crmid:3930308594,4,Business Card,6,Business Loan
a3f72398-4933-11ea-a4a4-b88a60e194fb-1-ps,crmid:3438458907,5,Rewards Card,9,Auto Loan
a3f7e6f0-4933-11ea-a3f1-b88a60e194fb-1-ps,crmid:9005436566,2,Travel Card,3,Personal Loan
a3f8aa36-4933-11ea-b2a7-b88a60e194fb-1-ps,crmid:4359271273,4,Simplicity Card,8,Personal Loan
a3f96d86-4933-11ea-ba84-b88a60e194fb-1-ps,crmid:5027206225,3,Business Card,3,Auto Loan
a3fa57ee-4933-11ea-8584-b88a60e194fb-1-ps,crmid:6692896826,3,Dividend Card,3,Student Loan
a41f1f50-4933-11ea-8c1b-b88a60e194fb-1-ps,crmid:9727979680,4,Simplicity Card,2,Personal Loan
a41fe292-4933-11ea-af0a-b88a60e194fb-1-ps,crmid:2411277148,6,Travel Card,5,Auto Loan
a420a5de-4933-11ea-b7a3-b88a60e194fb-1-ps,crmid:4390695971,8,Dividend Card,4,Business Loan
a4214222-4933-11ea-b53b-b88a60e194fb-1-ps,crmid:9268411282,3,Rewards Card,7,Auto Loan
a42204a6-4933-11ea-9a1f-b88a60e194fb-1-ps,crmid:6925698063,4,Student Card,4,Auto Loan
a422c798-4933-11ea-a771-b88a60e194fb-1-ps,crmid:6857094862,1,Business Card,5,Personal Loan
a4238be4-4933-11ea-9611-b88a60e194fb-1-ps,crmid:3073924924,8,Rewards Card,4,Business Loan
a44bd32e-4933-11ea-ad29-b88a60e194fb-1-ps,crmid:2265963340,4,Student Card,4,Student Loan
a44c9676-4933-11ea-a6a3-b88a60e194fb-1-ps,crmid:2971149719,6,Rewards Card,7,Personal Loan
a44d59cc-4933-11ea-8b92-b88a60e194fb-1-ps,crmid:4689179187,4,Dividend Card,3,Business Loan
a44e1d0c-4933-11ea-ac20-b88a60e194fb-1-ps,crmid:1556786223,3,Platinum Card,2,Auto Loan
a44eb958-4933-11ea-a297-b88a60e194fb-1-ps,crmid:4983049549,5,Business Card,3,Personal Loan
a44fa41e-4933-11ea-a21b-b88a60e194fb-1-ps,crmid:7999425370,3,Business Card,3,Business Loan
a4508e12-4933-11ea-a9bd-b88a60e194fb-1-ps,crmid:5163749307,5,Rewards Card,3,Personal Loan
a4757c9c-4933-11ea-9a1a-b88a60e194fb-1-ps,crmid:3058326226,3,Simplicity Card,4,Personal Loan
a4766708-4933-11ea-b011-b88a60e194fb-1-ps,crmid:5943421122,8,Business Card,4,Business Loan
a4772a76-4933-11ea-b276-b88a60e194fb-1-ps,crmid:9795744554,5,Student Card,5,Personal Loan
a477c688-4933-11ea-b29b-b88a60e194fb-1-ps,crmid:2665185598,5,Rewards Card,4,Student Loan
a478afa4-4933-11ea-ba99-b88a60e194fb-1-ps,crmid:7043355142,4,Business Card,8,Business Loan
a479737a-4933-11ea-8ac9-b88a60e194fb-1-ps,crmid:4533094905,2,Dividend Card,6,Business Loan
a47a36ba-4933-11ea-b500-b88a60e194fb-1-ps,crmid:5560686265,10,Simplicity Card,3,Personal Loan
a49e601e-4933-11ea-bf0a-b88a60e194fb-1-ps,crmid:7143881657,5,Travel Card,10,Personal Loan
a49f23de-4933-11ea-9e90-b88a60e194fb-1-ps,crmid:9994329927,4,Business Card,7,Business Loan
a49fe6a4-4933-11ea-bd7e-b88a60e194fb-1-ps,crmid:6614336865,4,Student Card,5,Business Loan
a4a0ab36-4933-11ea-afb2-b88a60e194fb-1-ps,crmid:8123504773,4,Rewards Card,4,Personal Loan
a4a16e80-4933-11ea-8b20-b88a60e194fb-1-ps,crmid:7595920408,4,Rewards Card,5,Student Loan
a4a20aba-4933-11ea-b899-b88a60e194fb-1-ps,crmid:9636830451,3,Dividend Card,5,Business Loan
a4a2cdb8-4933-11ea-b620-b88a60e194fb-1-ps,crmid:9594329315,4,Student Card,4,Business Loan
a4c745ae-4933-11ea-956c-b88a60e194fb-1-ps,crmid:6840632559,5,Simplicity Card,6,Personal Loan
a4c80898-4933-11ea-a6d0-b88a60e194fb-1-ps,crmid:2244166199,4,Simplicity Card,3,Personal Loan
a4c8ccb4-4933-11ea-8483-b88a60e194fb-1-ps,crmid:7554194141,4,Rewards Card,3,Personal Loan
a4c98fa8-4933-11ea-b6ab-b88a60e194fb-1-ps,crmid:2700786603,4,Travel Card,4,Personal Loan
a4ca5324-4933-11ea-b072-b88a60e194fb-1-ps,crmid:1774069589,5,Simplicity Card,4,Auto Loan
a4cb15b0-4933-11ea-ac40-b88a60e194fb-1-ps,crmid:7980169831,3,Platinum Card,5,Personal Loan
a4cbd876-4933-11ea-aa05-b88a60e194fb-1-ps,crmid:7275401703,3,Dividend Card,9,Student Loan
a4f3fa02-4933-11ea-9b03-b88a60e194fb-1-ps,crmid:6985089392,3,Simplicity Card,3,Auto Loan
a4f4bd48-4933-11ea-8f83-b88a60e194fb-1-ps,crmid:4958395670,4,Student Card,4,Personal Loan
a4f5809c-4933-11ea-ba42-b88a60e194fb-1-ps,crmid:8483614896,3,Travel Card,3,Student Loan
a4f69282-4933-11ea-8741-b88a60e194fb-1-ps,crmid:7691604017,2,Travel Card,5,Personal Loan
a4f75692-4933-11ea-963b-b88a60e194fb-1-ps,crmid:6196790976,3,Platinum Card,3,Personal Loan
a4f83f88-4933-11ea-9417-b88a60e194fb-1-ps,crmid:4691572843,4,Business Card,4,Student Loan
a4f8dc6e-4933-11ea-a68d-b88a60e194fb-1-ps,crmid:7823202585,4,Simplicity Card,6,Business Loan
a51e1702-4933-11ea-ab99-b88a60e194fb-1-ps,crmid:1674351753,4,Platinum Card,4,Auto Loan
a51eda52-4933-11ea-acda-b88a60e194fb-1-ps,crmid:9460227921,4,Business Card,5,Personal Loan
a51f9d8c-4933-11ea-baa0-b88a60e194fb-1-ps,crmid:4283918171,3,Simplicity Card,4,Personal Loan
a52060ec-4933-11ea-85d8-b88a60e194fb-1-ps,crmid:4497196545,4,Dividend Card,7,Auto Loan
a5214b58-4933-11ea-be1a-b88a60e194fb-1-ps,crmid:7312337858,5,Platinum Card,5,Auto Loan
a5220e8a-4933-11ea-a62b-b88a60e194fb-1-ps,crmid:9648901287,5,Business Card,8,Personal Loan
a522aacc-4933-11ea-8f97-b88a60e194fb-1-ps,crmid:1566977035,7,Dividend Card,3,Business Loan
a549e34c-4933-11ea-af03-b88a60e194fb-1-ps,crmid:8831271579,4,Student Card,9,Auto Loan
a54aa5e2-4933-11ea-aa9b-b88a60e194fb-1-ps,crmid:1278335977,4,Student Card,7,Personal Loan
a54b69e2-4933-11ea-9f0e-b88a60e194fb-1-ps,crmid:2380070523,5,Platinum Card,2,Personal Loan
a54c2bfe-4933-11ea-8aea-b88a60e194fb-1-ps,crmid:2711226723,5,Simplicity Card,3,Business Loan
a54cefde-4933-11ea-8f9f-b88a60e194fb-1-ps,crmid:1483862171,5,Platinum Card,3,Student Loan
a54db318-4933-11ea-9d7f-b88a60e194fb-1-ps,crmid:6167037127,3,Dividend Card,5,Business Loan
a54e4f50-4933-11ea-9d96-b88a60e194fb-1-ps,crmid:7212844589,5,Travel Card,4,Student Loan
a5747450-4933-11ea-b474-b88a60e194fb-1-ps,crmid:7026127141,4,Simplicity Card,3,Personal Loan
a575ae14-4933-11ea-8340-b88a60e194fb-1-ps,crmid:5867568142,6,Platinum Card,5,Auto Loan
a576be36-4933-11ea-b828-b88a60e194fb-1-ps,crmid:5408074197,4,Travel Card,3,Student Loan
a577cf98-4933-11ea-a139-b88a60e194fb-1-ps,crmid:9696990707,5,Business Card,3,Business Loan
a578b9fe-4933-11ea-bed9-b88a60e194fb-1-ps,crmid:7077945449,4,Rewards Card,3,Personal Loan
a5797d3e-4933-11ea-ab78-b88a60e194fb-1-ps,crmid:7232576813,7,Travel Card,4,Personal Loan
a57a67d4-4933-11ea-9b2a-b88a60e194fb-1-ps,crmid:4074229180,3,Rewards Card,5,Personal Loan
a5a5705e-4933-11ea-86ea-b88a60e194fb-1-ps,crmid:6809133363,2,Simplicity Card,3,Personal Loan
a5a632e6-4933-11ea-a480-b88a60e194fb-1-ps,crmid:7474485462,4,Dividend Card,4,Student Loan
a5a6f5f0-4933-11ea-a07b-b88a60e194fb-1-ps,crmid:9026857741,5,Business Card,4,Business Loan
a5a7ba92-4933-11ea-bc13-b88a60e194fb-1-ps,crmid:5128743734,4,Platinum Card,3,Personal Loan
a5a856be-4933-11ea-87e2-b88a60e194fb-1-ps,crmid:4174729628,3,Rewards Card,8,Personal Loan
a5a91a00-4933-11ea-8d24-b88a60e194fb-1-ps,crmid:8453529243,4,Dividend Card,7,Auto Loan
a5a9dc34-4933-11ea-a59c-b88a60e194fb-1-ps,crmid:6390682956,3,Rewards Card,6,Business Loan
a5cea382-4933-11ea-bcab-b88a60e194fb-1-ps,crmid:3773031987,3,Travel Card,10,Business Loan
a5cf8ddc-4933-11ea-abbd-b88a60e194fb-1-ps,crmid:7741971834,3,Simplicity Card,4,Personal Loan
a5d05058-4933-11ea-a623-b88a60e194fb-1-ps,crmid:8308903151,3,Student Card,4,Auto Loan
a5d0ecae-4933-11ea-b857-b88a60e194fb-1-ps,crmid:6413623278,4,Platinum Card,3,Auto Loan
a5d1d7ac-4933-11ea-8857-b88a60e194fb-1-ps,crmid:8591462947,3,Rewards Card,4,Student Loan
a5d273ee-4933-11ea-ba1a-b88a60e194fb-1-ps,crmid:5721411200,4,Business Card,5,Personal Loan
a5d33752-4933-11ea-8a6d-b88a60e194fb-1-ps,crmid:6466910996,3,Student Card,5,Business Loan
a5f89864-4933-11ea-a89e-b88a60e194fb-1-ps,crmid:1426735720,5,Business Card,4,Student Loan
a5f95d02-4933-11ea-8a48-b88a60e194fb-1-ps,crmid:3686324595,6,Business Card,7,Business Loan
a5fa460c-4933-11ea-9248-b88a60e194fb-1-ps,crmid:1771276781,5,Dividend Card,2,Personal Loan
a5fae31e-4933-11ea-9c5d-b88a60e194fb-1-ps,crmid:6740361569,4,Rewards Card,6,Personal Loan
a5fba5ba-4933-11ea-9104-b88a60e194fb-1-ps,crmid:6583805491,2,Business Card,3,Auto Loan
a5fc6a2c-4933-11ea-b0bb-b88a60e194fb-1-ps,crmid:9707604188,5,Dividend Card,3,Personal Loan
a5fd2d46-4933-11ea-8030-b88a60e194fb-1-ps,crmid:4917280078,7,Student Card,5,Business Loan
a623edd2-4933-11ea-9b2c-b88a60e194fb-1-ps,crmid:2323302534,2,Student Card,3,Personal Loan
a624b11e-4933-11ea-8f29-b88a60e194fb-1-ps,crmid:7883494045,4,Student Card,2,Student Loan
a6257468-4933-11ea-97ab-b88a60e194fb-1-ps,crmid:4561291419,4,Business Card,8,Personal Loan
a6265ecc-4933-11ea-bc97-b88a60e194fb-1-ps,crmid:8451281334,4,Business Card,4,Student Loan
a6272210-4933-11ea-b905-b88a60e194fb-1-ps,crmid:6598376181,4,Student Card,5,Auto Loan
a627be5c-4933-11ea-9af6-b88a60e194fb-1-ps,crmid:3228656574,5,Rewards Card,5,Business Loan
a628a8b0-4933-11ea-ba9d-b88a60e194fb-1-ps,crmid:2095195771,4,Business Card,3,Personal Loan
a6513fac-4933-11ea-97e0-b88a60e194fb-1-ps,crmid:8767844604,4,Rewards Card,5,Student Loan
a6520400-4933-11ea-85f4-b88a60e194fb-1-ps,crmid:8264757747,3,Rewards Card,5,Auto Loan
a652c712-4933-11ea-bd35-b88a60e194fb-1-ps,crmid:1043437503,3,Business Card,5,Auto Loan
a65389a4-4933-11ea-903e-b88a60e194fb-1-ps,crmid:3220485771,4,Platinum Card,8,Personal Loan
a65425d0-4933-11ea-aaca-b88a60e194fb-1-ps,crmid:6975524277,2,Simplicity Card,6,Personal Loan
a655100c-4933-11ea-9f7c-b88a60e194fb-1-ps,crmid:6638942474,3,Rewards Card,7,Personal Loan
a655d446-4933-11ea-a2a8-b88a60e194fb-1-ps,crmid:8270997132,6,Rewards Card,8,Personal Loan
a67c6e1e-4933-11ea-a54e-b88a60e194fb-1-ps,crmid:3377378069,4,Dividend Card,4,Business Loan
a67d588c-4933-11ea-81ef-b88a60e194fb-1-ps,crmid:8486307028,6,Business Card,4,Auto Loan
a67e1bc6-4933-11ea-aa5b-b88a60e194fb-1-ps,crmid:1093638382,3,Dividend Card,6,Auto Loan
a67edf10-4933-11ea-ae32-b88a60e194fb-1-ps,crmid:4943682030,5,Platinum Card,4,Auto Loan
a67f7b4c-4933-11ea-85d2-b88a60e194fb-1-ps,crmid:3662660588,4,Platinum Card,4,Personal Loan
a68065ac-4933-11ea-8ef8-b88a60e194fb-1-ps,crmid:3920698821,4,Dividend Card,4,Business Loan
a68101fa-4933-11ea-ae09-b88a60e194fb-1-ps,crmid:3779898758,3,Business Card,3,Auto Loan
a6a94a3e-4933-11ea-b96b-b88a60e194fb-1-ps,crmid:5774930506,5,Rewards Card,6,Personal Loan
a6aa0d8a-4933-11ea-9bf7-b88a60e194fb-1-ps,crmid:8958955424,3,Travel Card,5,Auto Loan
a6aad0d2-4933-11ea-9d79-b88a60e194fb-1-ps,crmid:4007241549,5,Business Card,3,Personal Loan
a6abbb34-4933-11ea-8fb8-b88a60e194fb-1-ps,crmid:8191737362,9,Simplicity Card,3,Auto Loan
a6ac5774-4933-11ea-86f7-b88a60e194fb-1-ps,crmid:6535216370,3,Platinum Card,5,Personal Loan
a6ad1ab6-4933-11ea-89c5-b88a60e194fb-1-ps,crmid:1299630688,6,Business Card,4,Business Loan
a6adde9c-4933-11ea-9279-b88a60e194fb-1-ps,crmid:1109359348,5,Rewards Card,3,Personal Loan
a6d42c2c-4933-11ea-b27e-b88a60e194fb-1-ps,crmid:2797091857,3,Platinum Card,5,Student Loan
a6d4eeba-4933-11ea-8293-b88a60e194fb-1-ps,crmid:3271230235,5,Travel Card,6,Personal Loan
a6d5b18c-4933-11ea-a754-b88a60e194fb-1-ps,crmid:8083695259,3,Platinum Card,4,Personal Loan
a6d67638-4933-11ea-ab35-b88a60e194fb-1-ps,crmid:4402939177,3,Dividend Card,4,Personal Loan
a6d73958-4933-11ea-9541-b88a60e194fb-1-ps,crmid:6347843734,4,Simplicity Card,4,Business Loan
a6d849d2-4933-11ea-80ab-b88a60e194fb-1-ps,crmid:1716056247,4,Travel Card,5,Personal Loan
a6d90e1c-4933-11ea-b4ab-b88a60e194fb-1-ps,crmid:3944874293,6,Travel Card,6,Business Loan
a7006ad2-4933-11ea-97be-b88a60e194fb-1-ps,crmid:3404079278,5,Simplicity Card,4,Student Loan
a7012e12-4933-11ea-9e73-b88a60e194fb-1-ps,crmid:1835862642,5,Dividend Card,4,Personal Loan
a701f162-4933-11ea-912c-b88a60e194fb-1-ps,crmid:2951775475,2,Dividend Card,5,Auto Loan
a702b4a8-4933-11ea-bcd0-b88a60e194fb-1-ps,crmid:2147718171,4,Platinum Card,5,Personal Loan
a7037800-4933-11ea-ba5b-b88a60e194fb-1-ps,crmid:9774466647,5,Dividend Card,4,Business Loan
a7043b4c-4933-11ea-8c5d-b88a60e194fb-1-ps,crmid:5330445254,2,Student Card,5,Student Loan
a704fe9a-4933-11ea-9685-b88a60e194fb-1-ps,crmid:7759552929,4,Student Card,7,Business Loan
a72b9a2e-4933-11ea-ab65-b88a60e194fb-1-ps,crmid:5050154016,4,Business Card,3,Auto Loan
a72c8506-4933-11ea-b3be-b88a60e194fb-1-ps,crmid:8678988163,4,Travel Card,5,Personal Loan
a72d4870-4933-11ea-807f-b88a60e194fb-1-ps,crmid:7204519557,3,Simplicity Card,2,Personal Loan
a72e0ac2-4933-11ea-9caa-b88a60e194fb-1-ps,crmid:6637449901,3,Travel Card,4,Personal Loan
a72ef650-4933-11ea-a999-b88a60e194fb-1-ps,crmid:9458713169,5,Rewards Card,4,Business Loan
a72fb95e-4933-11ea-b180-b88a60e194fb-1-ps,crmid:5213136574,2,Platinum Card,5,Business Loan
a73055ba-4933-11ea-a057-b88a60e194fb-1-ps,crmid:4905157655,8,Business Card,5,Personal Loan
a7587606-4933-11ea-8ff5-b88a60e194fb-1-ps,crmid:8598941713,4,Simplicity Card,4,Personal Loan
a7593a66-4933-11ea-81a5-b88a60e194fb-1-ps,crmid:4641963885,3,Platinum Card,6,Personal Loan
a759fd0a-4933-11ea-9354-b88a60e194fb-1-ps,crmid:5778362037,2,Business Card,5,Personal Loan
a75abfc8-4933-11ea-afc9-b88a60e194fb-1-ps,crmid:1950550055,4,Student Card,4,Personal Loan
a75b5d5c-4933-11ea-94a1-b88a60e194fb-1-ps,crmid:7300132345,4,Simplicity Card,4,Business Loan
a75c6d78-4933-11ea-949c-b88a60e194fb-1-ps,crmid:1716056247,4,Travel Card,4,Auto Loan
a75d09ec-4933-11ea-8209-b88a60e194fb-1-ps,crmid:9923969916,4,Rewards Card,3,Auto Loan
a78309b4-4933-11ea-99f7-b88a60e194fb-1-ps,crmid:9880679442,7,Travel Card,4,Business Loan
a783cb7a-4933-11ea-92f4-b88a60e194fb-1-ps,crmid:7790776676,4,Dividend Card,5,Personal Loan
a78468d2-4933-11ea-b24e-b88a60e194fb-1-ps,crmid:9696739333,6,Travel Card,3,Personal Loan
a7852c70-4933-11ea-87e1-b88a60e194fb-1-ps,crmid:6411157218,3,Student Card,5,Business Loan
a786155c-4933-11ea-9bd7-b88a60e194fb-1-ps,crmid:4231485653,8,Dividend Card,5,Student Loan
a786d9d4-4933-11ea-91d7-b88a60e194fb-1-ps,crmid:5569861377,5,Rewards Card,5,Auto Loan
a7879d40-4933-11ea-abf7-b88a60e194fb-1-ps,crmid:9158295183,5,Travel Card,3,Personal Loan
a7af228c-4933-11ea-90c7-b88a60e194fb-1-ps,crmid:2860881484,5,Student Card,4,Personal Loan
a7b00c30-4933-11ea-b272-b88a60e194fb-1-ps,crmid:1294124385,9,Student Card,4,Personal Loan
a7b0a874-4933-11ea-87ea-b88a60e194fb-1-ps,crmid:2935106112,3,Dividend Card,5,Business Loan
a7b16c94-4933-11ea-8e75-b88a60e194fb-1-ps,crmid:6515632294,3,Rewards Card,4,Auto Loan
a7b22e88-4933-11ea-9795-b88a60e194fb-1-ps,crmid:3334215251,3,Simplicity Card,9,Auto Loan
a7b2f31c-4933-11ea-b7fb-b88a60e194fb-1-ps,crmid:6468027151,3,Rewards Card,4,Auto Loan
a7b3dd22-4933-11ea-a5e7-b88a60e194fb-1-ps,crmid:8015543733,3,Platinum Card,4,Student Loan
a7dbfd90-4933-11ea-a077-b88a60e194fb-1-ps,crmid:8028805015,4,Dividend Card,3,Student Loan
a7dcc0dc-4933-11ea-8d09-b88a60e194fb-1-ps,crmid:6222254330,5,Travel Card,4,Personal Loan
a7dd841e-4933-11ea-8b3a-b88a60e194fb-1-ps,crmid:9396837440,4,Travel Card,5,Personal Loan
a7de476e-4933-11ea-ad7e-b88a60e194fb-1-ps,crmid:5946255716,5,Student Card,5,Auto Loan
a7df0ac2-4933-11ea-bb95-b88a60e194fb-1-ps,crmid:3035614591,4,Business Card,4,Personal Loan
a7dfce12-4933-11ea-bdcf-b88a60e194fb-1-ps,crmid:5797698556,5,Platinum Card,3,Personal Loan
a7e06a52-4933-11ea-a674-b88a60e194fb-1-ps,crmid:3835046779,4,Simplicity Card,5,Business Loan
a8083dc8-4933-11ea-b4bd-b88a60e194fb-1-ps,crmid:5654974714,5,Rewards Card,3,Business Loan
a8092806-4933-11ea-a391-b88a60e194fb-1-ps,crmid:5278433967,4,Rewards Card,9,Personal Loan
a809ec86-4933-11ea-bc80-b88a60e194fb-1-ps,crmid:6831883205,3,Dividend Card,6,Auto Loan
a80aae82-4933-11ea-8d1b-b88a60e194fb-1-ps,crmid:7685678561,5,Business Card,4,Student Loan
a80b4c14-4933-11ea-af93-b88a60e194fb-1-ps,crmid:2450214039,5,Student Card,4,Personal Loan
a80c0eec-4933-11ea-b8c0-b88a60e194fb-1-ps,crmid:2885410280,3,Simplicity Card,10,Student Loan
a80cf96c-4933-11ea-b898-b88a60e194fb-1-ps,crmid:8866420405,5,Student Card,5,Personal Loan
a833e1f6-4933-11ea-9c07-b88a60e194fb-1-ps,crmid:7063436079,4,Travel Card,2,Personal Loan
a834cd12-4933-11ea-b972-b88a60e194fb-1-ps,crmid:5852132473,4,Rewards Card,4,Student Loan
a835905e-4933-11ea-925f-b88a60e194fb-1-ps,crmid:9880679442,4,Simplicity Card,4,Personal Loan
a83652e8-4933-11ea-8274-b88a60e194fb-1-ps,crmid:3866425322,4,Business Card,5,Student Loan
a8373ccc-4933-11ea-904f-b88a60e194fb-1-ps,crmid:4102811678,7,Dividend Card,5,Auto Loan
a838014c-4933-11ea-9143-b88a60e194fb-1-ps,crmid:4397510514,5,Simplicity Card,5,Auto Loan
a838c3ba-4933-11ea-9ced-b88a60e194fb-1-ps,crmid:3419232502,4,Rewards Card,3,Personal Loan
a85fad98-4933-11ea-ad3c-b88a60e194fb-1-ps,crmid:9207678578,5,Business Card,4,Student Loan
a8607022-4933-11ea-bddf-b88a60e194fb-1-ps,crmid:6374431714,3,Business Card,4,Auto Loan
a86132e4-4933-11ea-9939-b88a60e194fb-1-ps,crmid:2065505850,4,Student Card,3,Business Loan
a861f64c-4933-11ea-8b16-b88a60e194fb-1-ps,crmid:4161820583,6,Rewards Card,4,Personal Loan
a862e092-4933-11ea-9a2e-b88a60e194fb-1-ps,crmid:1463015612,5,Travel Card,4,Personal Loan
a863a3ec-4933-11ea-a405-b88a60e194fb-1-ps,crmid:8259833097,4,Student Card,6,Auto Loan
a8644018-4933-11ea-a172-b88a60e194fb-1-ps,crmid:4174729628,3,Simplicity Card,4,Personal Loan
a88d72e8-4933-11ea-8ac1-b88a60e194fb-1-ps,crmid:7777278629,7,Dividend Card,1,Personal Loan
a88e5d58-4933-11ea-8b82-b88a60e194fb-1-ps,crmid:4549806211,4,Simplicity Card,5,Personal Loan
a88f2192-4933-11ea-b2e1-b88a60e194fb-1-ps,crmid:4897205632,5,Platinum Card,3,Personal Loan
a88fe534-4933-11ea-96b7-b88a60e194fb-1-ps,crmid:6517962570,4,Simplicity Card,6,Business Loan
a890a740-4933-11ea-87cd-b88a60e194fb-1-ps,crmid:7102508946,4,Platinum Card,4,Personal Loan
a8916bd2-4933-11ea-a57c-b88a60e194fb-1-ps,crmid:5908173301,4,Business Card,5,Business Loan
a8922f18-4933-11ea-994a-b88a60e194fb-1-ps,crmid:8346193771,3,Platinum Card,9,Personal Loan
a8b93ddc-4933-11ea-b037-b88a60e194fb-1-ps,crmid:2095049590,5,Student Card,8,Student Loan
a8ba0128-4933-11ea-a6ce-b88a60e194fb-1-ps,crmid:9885327922,6,Business Card,6,Auto Loan
a8baeb82-4933-11ea-8274-b88a60e194fb-1-ps,crmid:8845069719,4,Platinum Card,3,Personal Loan
a8bb87c0-4933-11ea-9fdf-b88a60e194fb-1-ps,crmid:8838895207,4,Platinum Card,2,Personal Loan
a8bc9938-4933-11ea-b129-b88a60e194fb-1-ps,crmid:9122624501,4,Travel Card,3,Auto Loan
a8bd5dc6-4933-11ea-aab6-b88a60e194fb-1-ps,crmid:4549806211,5,Simplicity Card,4,Personal Loan
a8be2078-4933-11ea-99e7-b88a60e194fb-1-ps,crmid:7407175937,4,Business Card,2,Personal Loan
a8e6b670-4933-11ea-8cb8-b88a60e194fb-1-ps,crmid:5435780117,4,Rewards Card,6,Personal Loan
a8e779a4-4933-11ea-ac42-b88a60e194fb-1-ps,crmid:5753309357,5,Dividend Card,5,Personal Loan
a8e81734-4933-11ea-b562-b88a60e194fb-1-ps,crmid:4478659925,5,Dividend Card,8,Business Loan
a8e8da8c-4933-11ea-b523-b88a60e194fb-1-ps,crmid:4784294505,5,Platinum Card,7,Auto Loan
a8e99e58-4933-11ea-ad7f-b88a60e194fb-1-ps,crmid:2212108905,4,Simplicity Card,5,Personal Loan
a8ea605a-4933-11ea-b0ab-b88a60e194fb-1-ps,crmid:5822472888,5,Dividend Card,3,Auto Loan
a8eb2464-4933-11ea-8742-b88a60e194fb-1-ps,crmid:3457897482,5,Platinum Card,4,Personal Loan
a9169fdc-4933-11ea-9623-b88a60e194fb-1-ps,crmid:2702455756,3,Dividend Card,4,Personal Loan
a917d88a-4933-11ea-9c8d-b88a60e194fb-1-ps,crmid:8640599148,4,Simplicity Card,4,Personal Loan
a9189c6c-4933-11ea-bd1b-b88a60e194fb-1-ps,crmid:9843856958,3,Rewards Card,3,Personal Loan
a9198758-4933-11ea-8c96-b88a60e194fb-1-ps,crmid:7662441887,5,Platinum Card,3,Auto Loan
a91a7092-4933-11ea-9819-b88a60e194fb-1-ps,crmid:6154031424,4,Simplicity Card,3,Auto Loan
a91b33da-4933-11ea-b452-b88a60e194fb-1-ps,crmid:3683063025,3,Student Card,5,Business Loan
a91bf7e4-4933-11ea-a94b-b88a60e194fb-1-ps,crmid:3578986983,6,Simplicity Card,4,Business Loan
a944189a-4933-11ea-b737-b88a60e194fb-1-ps,crmid:8328882277,3,Dividend Card,8,Student Loan
a944dcda-4933-11ea-ac14-b88a60e194fb-1-ps,crmid:8367802261,5,Business Card,5,Auto Loan
a9459f3a-4933-11ea-88bf-b88a60e194fb-1-ps,crmid:4033984522,5,Travel Card,3,Personal Loan
a94663b6-4933-11ea-bfac-b88a60e194fb-1-ps,crmid:4640437058,4,Rewards Card,4,Auto Loan
a94725c0-4933-11ea-b68c-b88a60e194fb-1-ps,crmid:6498804322,4,Platinum Card,3,Personal Loan
a947ea46-4933-11ea-a26c-b88a60e194fb-1-ps,crmid:4829855411,5,Simplicity Card,9,Auto Loan
a948ac52-4933-11ea-b8ad-b88a60e194fb-1-ps,crmid:6476102525,4,Student Card,6,Auto Loan
a970314c-4933-11ea-80df-b88a60e194fb-1-ps,crmid:4223514273,3,Student Card,6,Personal Loan
a9711ba4-4933-11ea-88eb-b88a60e194fb-1-ps,crmid:4051930880,4,Platinum Card,7,Auto Loan
a971df00-4933-11ea-9ed3-b88a60e194fb-1-ps,crmid:1322434690,4,Dividend Card,4,Auto Loan
a972a24a-4933-11ea-a76d-b88a60e194fb-1-ps,crmid:4607468505,2,Dividend Card,5,Personal Loan
a9738cee-4933-11ea-ad89-b88a60e194fb-1-ps,crmid:3914508295,4,Dividend Card,3,Business Loan
a9745076-4933-11ea-acfa-b88a60e194fb-1-ps,crmid:8346240031,3,Travel Card,3,Personal Loan
a97514b0-4933-11ea-9b39-b88a60e194fb-1-ps,crmid:8197836708,4,Rewards Card,4,Personal Loan
a99e463a-4933-11ea-8d70-b88a60e194fb-1-ps,crmid:9577504415,4,Rewards Card,8,Business Loan
a99f5788-4933-11ea-8bc4-b88a60e194fb-1-ps,crmid:5427318605,3,Simplicity Card,5,Student Loan
a9a06990-4933-11ea-ac2b-b88a60e194fb-1-ps,crmid:1403945148,5,Business Card,4,Personal Loan
a9a1c898-4933-11ea-a15d-b88a60e194fb-1-ps,crmid:6023348403,4,Student Card,3,Auto Loan
a9a2d9fe-4933-11ea-b42b-b88a60e194fb-1-ps,crmid:4484434000,6,Business Card,4,Personal Loan
a9a3c5ba-4933-11ea-9ba2-b88a60e194fb-1-ps,crmid:7455878158,4,Travel Card,3,Student Loan
a9a48848-4933-11ea-9dd1-b88a60e194fb-1-ps,crmid:4599306181,4,Rewards Card,5,Business Loan
a9cdbaa6-4933-11ea-9d6c-b88a60e194fb-1-ps,crmid:1601448322,4,Travel Card,5,Personal Loan
a9ce7df6-4933-11ea-b2b8-b88a60e194fb-1-ps,crmid:5529083742,4,Rewards Card,5,Auto Loan
a9cf6850-4933-11ea-95c8-b88a60e194fb-1-ps,crmid:3001615424,5,Student Card,4,Auto Loan
a9d00488-4933-11ea-802a-b88a60e194fb-1-ps,crmid:5793589110,4,Rewards Card,5,Student Loan
a9d0c7dc-4933-11ea-9f63-b88a60e194fb-1-ps,crmid:2433761190,8,Travel Card,3,Personal Loan
a9d18b26-4933-11ea-9a6d-b88a60e194fb-1-ps,crmid:5191602769,4,Platinum Card,4,Auto Loan
a9d24e52-4933-11ea-b30f-b88a60e194fb-1-ps,crmid:3151726980,4,Platinum Card,3,Auto Loan
a9fa96cc-4933-11ea-86d4-b88a60e194fb-1-ps,crmid:7742264747,6,Rewards Card,3,Business Loan
a9fb5a1a-4933-11ea-a626-b88a60e194fb-1-ps,crmid:5798116892,6,Dividend Card,5,Personal Loan
a9fc1d6c-4933-11ea-88ff-b88a60e194fb-1-ps,crmid:4727741304,4,Platinum Card,4,Student Loan
a9fce0b6-4933-11ea-bdb5-b88a60e194fb-1-ps,crmid:7060455073,4,Simplicity Card,3,Personal Loan
a9fda3fe-4933-11ea-a11a-b88a60e194fb-1-ps,crmid:4551907402,4,Platinum Card,3,Auto Loan
a9fe6764-4933-11ea-b2ae-b88a60e194fb-1-ps,crmid:5700770540,4,Dividend Card,5,Personal Loan
a9ff03a2-4933-11ea-90f3-b88a60e194fb-1-ps,crmid:1578919082,4,Student Card,8,Auto Loan
aa297068-4933-11ea-bdd5-b88a60e194fb-1-ps,crmid:5807381460,5,Student Card,4,Personal Loan
aa2a32f4-4933-11ea-a7e5-b88a60e194fb-1-ps,crmid:6739971721,4,Student Card,4,Personal Loan
aa2af5b0-4933-11ea-92f5-b88a60e194fb-1-ps,crmid:5712683127,3,Dividend Card,4,Personal Loan
aa2b9334-4933-11ea-ac57-b88a60e194fb-1-ps,crmid:5321902186,6,Dividend Card,3,Auto Loan
aa2c7d8a-4933-11ea-98a9-b88a60e194fb-1-ps,crmid:5624277160,3,Student Card,3,Personal Loan
aa2d4014-4933-11ea-95b5-b88a60e194fb-1-ps,crmid:8935892602,4,Dividend Card,4,Auto Loan
aa2e02e2-4933-11ea-accc-b88a60e194fb-1-ps,crmid:5596351308,6,Travel Card,4,Auto Loan
aa5959f8-4933-11ea-b642-b88a60e194fb-1-ps,crmid:8323280977,5,Business Card,3,Business Loan
aa5a4452-4933-11ea-b12c-b88a60e194fb-1-ps,crmid:2687530708,3,Business Card,3,Auto Loan
aa5b0762-4933-11ea-b7ff-b88a60e194fb-1-ps,crmid:3165414473,5,Platinum Card,3,Auto Loan
aa5bc992-4933-11ea-9ce4-b88a60e194fb-1-ps,crmid:8599075912,5,Rewards Card,5,Auto Loan
aa5c671c-4933-11ea-be76-b88a60e194fb-1-ps,crmid:1086338623,5,Platinum Card,3,Personal Loan
aa5d2930-4933-11ea-81a8-b88a60e194fb-1-ps,crmid:3107087682,5,Simplicity Card,3,Personal Loan
aa5ded76-4933-11ea-b205-b88a60e194fb-1-ps,crmid:3553545351,5,Dividend Card,4,Student Loan
aa871f62-4933-11ea-81d2-b88a60e194fb-1-ps,crmid:2955310555,4,Platinum Card,6,Personal Loan
aa87e3b6-4933-11ea-955d-b88a60e194fb-1-ps,crmid:1138060602,4,Student Card,4,Personal Loan
aa88cd10-4933-11ea-89be-b88a60e194fb-1-ps,crmid:9156013435,4,Rewards Card,4,Auto Loan
aa899140-4933-11ea-8a8f-b88a60e194fb-1-ps,crmid:5068201763,4,Simplicity Card,4,Personal Loan
aa8a2dbe-4933-11ea-848b-b88a60e194fb-1-ps,crmid:6874028285,4,Platinum Card,3,Personal Loan
aa8af0b4-4933-11ea-a52c-b88a60e194fb-1-ps,crmid:6244306178,4,Travel Card,3,Student Loan
aa8bb40a-4933-11ea-a466-b88a60e194fb-1-ps,crmid:8819597178,5,Rewards Card,8,Auto Loan
aab4499e-4933-11ea-aca6-b88a60e194fb-1-ps,crmid:2248221725,5,Platinum Card,2,Personal Loan
aab50e3a-4933-11ea-abd8-b88a60e194fb-1-ps,crmid:6204881310,4,Simplicity Card,9,Auto Loan
aab5f7e2-4933-11ea-ab77-b88a60e194fb-1-ps,crmid:8202475808,5,Dividend Card,4,Personal Loan
aab6bbb4-4933-11ea-9c90-b88a60e194fb-1-ps,crmid:3824401233,6,Rewards Card,5,Auto Loan
aab77e26-4933-11ea-92d1-b88a60e194fb-1-ps,crmid:1329505845,4,Student Card,4,Business Loan
aab890be-4933-11ea-a2ca-b88a60e194fb-1-ps,crmid:6498852019,4,Rewards Card,4,Student Loan
aab92cf6-4933-11ea-b9bc-b88a60e194fb-1-ps,crmid:6945943933,6,Business Card,5,Business Loan
aae43362-4933-11ea-90e5-b88a60e194fb-1-ps,crmid:2155881080,4,Travel Card,5,Personal Loan
aae51f28-4933-11ea-972b-b88a60e194fb-1-ps,crmid:8415295014,5,Platinum Card,6,Personal Loan
aae5e26c-4933-11ea-9744-b88a60e194fb-1-ps,crmid:3936891534,5,Simplicity Card,8,Auto Loan
aae6a534-4933-11ea-a98d-b88a60e194fb-1-ps,crmid:6338029679,4,Travel Card,8,Auto Loan
aae741f4-4933-11ea-9113-b88a60e194fb-1-ps,crmid:6197947144,4,Student Card,4,Student Loan
aae803d0-4933-11ea-8801-b88a60e194fb-1-ps,crmid:4694418333,4,Travel Card,3,Personal Loan
aae8c802-4933-11ea-9457-b88a60e194fb-1-ps,crmid:5506874504,4,Business Card,4,Personal Loan
ab13f630-4933-11ea-b599-b88a60e194fb-1-ps,crmid:3817875094,4,Platinum Card,4,Personal Loan
ab14e192-4933-11ea-835b-b88a60e194fb-1-ps,crmid:4390152380,7,Rewards Card,3,Auto Loan
ab15a380-4933-11ea-a8d3-b88a60e194fb-1-ps,crmid:4396015158,4,Rewards Card,4,Student Loan
ab1640fa-4933-11ea-aef8-b88a60e194fb-1-ps,crmid:7727569213,5,Dividend Card,6,Business Loan
ab172b02-4933-11ea-b318-b88a60e194fb-1-ps,crmid:9656182181,4,Student Card,3,Business Loan
ab17c792-4933-11ea-bee7-b88a60e194fb-1-ps,crmid:2108248718,5,Student Card,4,Student Loan
ab18b094-4933-11ea-a139-b88a60e194fb-1-ps,crmid:2674798207,5,Platinum Card,3,Auto Loan
ab42a6ca-4933-11ea-9670-b88a60e194fb-1-ps,crmid:9042045900,3,Business Card,4,Personal Loan
ab436a1a-4933-11ea-8c82-b88a60e194fb-1-ps,crmid:2901905758,4,Platinum Card,4,Business Loan
ab442d9e-4933-11ea-8706-b88a60e194fb-1-ps,crmid:2978931628,4,Dividend Card,6,Business Loan
ab44f19e-4933-11ea-beac-b88a60e194fb-1-ps,crmid:9126403717,3,Platinum Card,4,Personal Loan
ab45b50c-4933-11ea-be87-b88a60e194fb-1-ps,crmid:3817646932,3,Student Card,4,Personal Loan
ab467880-4933-11ea-90eb-b88a60e194fb-1-ps,crmid:3893333655,4,Simplicity Card,4,Business Loan
ab4761a8-4933-11ea-8121-b88a60e194fb-1-ps,crmid:2720716530,4,Platinum Card,5,Personal Loan
ab71a602-4933-11ea-9945-b88a60e194fb-1-ps,crmid:9506730135,3,Platinum Card,3,Auto Loan
ab729074-4933-11ea-b994-b88a60e194fb-1-ps,crmid:8892834009,4,Rewards Card,4,Personal Loan
ab735508-4933-11ea-81f6-b88a60e194fb-1-ps,crmid:7728521743,4,Simplicity Card,5,Personal Loan
ab73f0d2-4933-11ea-a8b7-b88a60e194fb-1-ps,crmid:6333506334,5,Rewards Card,5,Personal Loan
ab74b436-4933-11ea-b320-b88a60e194fb-1-ps,crmid:1265576185,5,Simplicity Card,9,Business Loan
ab75eb90-4933-11ea-b8f4-b88a60e194fb-1-ps,crmid:7966742647,4,Dividend Card,3,Personal Loan
ab76fe64-4933-11ea-a215-b88a60e194fb-1-ps,crmid:1982189116,3,Student Card,4,Personal Loan
aba3dac2-4933-11ea-b30c-b88a60e194fb-1-ps,crmid:1391938988,1,Rewards Card,5,Business Loan
aba4c528-4933-11ea-8e82-b88a60e194fb-1-ps,crmid:2265183322,3,Platinum Card,3,Student Loan
aba5887a-4933-11ea-81c7-b88a60e194fb-1-ps,crmid:7051340208,4,Platinum Card,5,Personal Loan
aba64a80-4933-11ea-9e40-b88a60e194fb-1-ps,crmid:5511360734,5,Dividend Card,5,Auto Loan
aba6e7f0-4933-11ea-b9df-b88a60e194fb-1-ps,crmid:4320826126,5,Business Card,3,Auto Loan
aba7aa70-4933-11ea-a6d2-b88a60e194fb-1-ps,crmid:1549251282,6,Platinum Card,5,Personal Loan
aba86eac-4933-11ea-8b1c-b88a60e194fb-1-ps,crmid:5628073611,3,Simplicity Card,6,Personal Loan
abd39bf4-4933-11ea-9973-b88a60e194fb-1-ps,crmid:3087929154,3,Rewards Card,3,Personal Loan
abd48652-4933-11ea-91c4-b88a60e194fb-1-ps,crmid:8635553429,7,Travel Card,2,Personal Loan
abd549a2-4933-11ea-a692-b88a60e194fb-1-ps,crmid:9266571956,4,Student Card,2,Auto Loan
abd5e5d8-4933-11ea-9cb4-b88a60e194fb-1-ps,crmid:4342252607,5,Business Card,4,Student Loan
abd6a934-4933-11ea-ba66-b88a60e194fb-1-ps,crmid:2109776114,4,Business Card,3,Business Loan
abd76c76-4933-11ea-bbb3-b88a60e194fb-1-ps,crmid:3511034923,2,Simplicity Card,5,Personal Loan
abd809fe-4933-11ea-82ce-b88a60e194fb-1-ps,crmid:9589616337,3,Business Card,4,Auto Loan
ac01d7ba-4933-11ea-97be-b88a60e194fb-1-ps,crmid:6637217336,8,Business Card,5,Personal Loan
ac02e958-4933-11ea-8c51-b88a60e194fb-1-ps,crmid:7840141637,4,Simplicity Card,4,Business Loan
ac03d370-4933-11ea-8833-b88a60e194fb-1-ps,crmid:8471605485,3,Student Card,4,Personal Loan
ac04e4dc-4933-11ea-917d-b88a60e194fb-1-ps,crmid:2321744611,5,Dividend Card,5,Business Loan
ac05cfc6-4933-11ea-a14b-b88a60e194fb-1-ps,crmid:9432473593,3,Rewards Card,4,Personal Loan
ac06928a-4933-11ea-a523-b88a60e194fb-1-ps,crmid:5515581827,4,Simplicity Card,5,Auto Loan
ac0755d4-4933-11ea-bb72-b88a60e194fb-1-ps,crmid:2586054865,6,Business Card,4,Personal Loan
ac340b28-4933-11ea-b6dd-b88a60e194fb-1-ps,crmid:7362251009,4,Simplicity Card,4,Student Loan
ac34ce76-4933-11ea-8f06-b88a60e194fb-1-ps,crmid:9000123466,4,Business Card,2,Personal Loan
ac3591d2-4933-11ea-94a6-b88a60e194fb-1-ps,crmid:7581782900,5,Dividend Card,4,Auto Loan
ac367c36-4933-11ea-9c2f-b88a60e194fb-1-ps,crmid:6809133363,3,Simplicity Card,4,Personal Loan
ac371870-4933-11ea-b59f-b88a60e194fb-1-ps,crmid:6487038372,4,Dividend Card,2,Student Loan
ac37dbba-4933-11ea-8262-b88a60e194fb-1-ps,crmid:1902623443,8,Business Card,4,Personal Loan
ac38c626-4933-11ea-8a9e-b88a60e194fb-1-ps,crmid:8234790717,4,Simplicity Card,3,Student Loan
ac6442c8-4933-11ea-91de-b88a60e194fb-1-ps,crmid:6148750742,4,Travel Card,2,Student Loan
ac652d42-4933-11ea-ba4c-b88a60e194fb-1-ps,crmid:5956762147,3,Dividend Card,5,Business Loan
ac65f394-4933-11ea-bbec-b88a60e194fb-1-ps,crmid:9965267235,3,Business Card,5,Student Loan
ac66daf0-4933-11ea-bc41-b88a60e194fb-1-ps,crmid:6534225852,3,Dividend Card,4,Personal Loan
ac679e34-4933-11ea-90d3-b88a60e194fb-1-ps,crmid:4852223443,4,Dividend Card,2,Personal Loan
ac688898-4933-11ea-93c9-b88a60e194fb-1-ps,crmid:5095946765,4,Rewards Card,4,Business Loan
ac694be4-4933-11ea-a5fe-b88a60e194fb-1-ps,crmid:2717510651,6,Platinum Card,10,Business Loan
ac92a5ee-4933-11ea-90da-b88a60e194fb-1-ps,crmid:4774289826,4,Travel Card,7,Personal Loan
ac936938-4933-11ea-a4a6-b88a60e194fb-1-ps,crmid:6929557373,4,Rewards Card,3,Personal Loan
ac945364-4933-11ea-b287-b88a60e194fb-1-ps,crmid:5205057088,5,Rewards Card,3,Student Loan
ac94efdc-4933-11ea-a590-b88a60e194fb-1-ps,crmid:5807381460,4,Simplicity Card,4,Auto Loan
ac95b31e-4933-11ea-b22e-b88a60e194fb-1-ps,crmid:7343014748,4,Dividend Card,5,Personal Loan
ac967676-4933-11ea-bbd6-b88a60e194fb-1-ps,crmid:8362077334,4,Travel Card,4,Personal Loan
ac9760c0-4933-11ea-8aa8-b88a60e194fb-1-ps,crmid:2125229650,5,Travel Card,3,Personal Loan
acc290d4-4933-11ea-921b-b88a60e194fb-1-ps,crmid:2245350960,5,Rewards Card,4,Personal Loan
acc37a42-4933-11ea-bd09-b88a60e194fb-1-ps,crmid:2523112689,4,Platinum Card,5,Personal Loan
acc43cfa-4933-11ea-ba29-b88a60e194fb-1-ps,crmid:7335401905,3,Rewards Card,4,Student Loan
acc52762-4933-11ea-89f4-b88a60e194fb-1-ps,crmid:7301673060,3,Student Card,4,Business Loan
acc5eaa4-4933-11ea-a0d7-b88a60e194fb-1-ps,crmid:2156671202,4,Rewards Card,4,Auto Loan
acc686e2-4933-11ea-9fcc-b88a60e194fb-1-ps,crmid:1550377903,4,Dividend Card,5,Personal Loan
acc77140-4933-11ea-97c2-b88a60e194fb-1-ps,crmid:2817674742,4,Platinum Card,4,Business Loan
acf203da-4933-11ea-a2f1-b88a60e194fb-1-ps,crmid:4776497559,5,Student Card,6,Personal Loan
acf2c814-4933-11ea-b673-b88a60e194fb-1-ps,crmid:7129426160,2,Business Card,2,Auto Loan
acf38b64-4933-11ea-9c9f-b88a60e194fb-1-ps,crmid:6265184286,3,Business Card,3,Personal Loan
acf475b8-4933-11ea-8c5f-b88a60e194fb-1-ps,crmid:1817737217,4,Travel Card,4,Business Loan
acf53900-4933-11ea-81b8-b88a60e194fb-1-ps,crmid:5173148311,5,Student Card,4,Personal Loan
acf5d55c-4933-11ea-a8c7-b88a60e194fb-1-ps,crmid:9396837440,3,Student Card,3,Student Loan
acf6989a-4933-11ea-be9d-b88a60e194fb-1-ps,crmid:2426677357,3,Dividend Card,5,Business Loan
ad22b0c8-4933-11ea-9633-b88a60e194fb-1-ps,crmid:3990639693,4,Business Card,2,Personal Loan
ad237534-4933-11ea-a309-b88a60e194fb-1-ps,crmid:5632665583,6,Business Card,4,Business Loan
ad243ab8-4933-11ea-8b83-b88a60e194fb-1-ps,crmid:5465044431,4,Platinum Card,4,Student Loan
ad24d4ee-4933-11ea-82e6-b88a60e194fb-1-ps,crmid:2013593720,4,Dividend Card,4,Auto Loan
ad25981c-4933-11ea-9cf2-b88a60e194fb-1-ps,crmid:5602246360,4,Travel Card,2,Student Loan
ad265ae6-4933-11ea-b0b7-b88a60e194fb-1-ps,crmid:6541059613,2,Platinum Card,5,Student Loan
ad2745de-4933-11ea-ae93-b88a60e194fb-1-ps,crmid:2244045068,2,Platinum Card,4,Auto Loan
ad52e8f4-4933-11ea-b5d3-b88a60e194fb-1-ps,crmid:9129915132,4,Platinum Card,5,Student Loan
ad53acfa-4933-11ea-a035-b88a60e194fb-1-ps,crmid:6161940497,5,Platinum Card,5,Auto Loan
ad54704c-4933-11ea-92e8-b88a60e194fb-1-ps,crmid:1276927392,5,Dividend Card,7,Personal Loan
ad553388-4933-11ea-a218-b88a60e194fb-1-ps,crmid:3174917804,4,Dividend Card,6,Business Loan
ad55f5a8-4933-11ea-9a89-b88a60e194fb-1-ps,crmid:5494552083,5,Rewards Card,2,Auto Loan
ad56ba0a-4933-11ea-8e93-b88a60e194fb-1-ps,crmid:8102994729,2,Dividend Card,9,Personal Loan
ad575670-4933-11ea-bab2-b88a60e194fb-1-ps,crmid:4434144905,4,Dividend Card,3,Student Loan
ad80fd3e-4933-11ea-a17d-b88a60e194fb-1-ps,crmid:8671242743,3,Student Card,7,Personal Loan
ad81e7a4-4933-11ea-ac9a-b88a60e194fb-1-ps,crmid:2887310458,5,Platinum Card,2,Personal Loan
ad82d1da-4933-11ea-8ed1-b88a60e194fb-1-ps,crmid:1462959055,6,Student Card,4,Auto Loan
ad839524-4933-11ea-8891-b88a60e194fb-1-ps,crmid:2820728074,2,Student Card,4,Personal Loan
ad8432c0-4933-11ea-91a3-b88a60e194fb-1-ps,crmid:9104573139,5,Student Card,5,Personal Loan
ad84f50a-4933-11ea-ad2c-b88a60e194fb-1-ps,crmid:9245855540,5,Business Card,4,Personal Loan
ad859164-4933-11ea-a3bc-b88a60e194fb-1-ps,crmid:4283618186,4,Dividend Card,3,Personal Loan
adb04a94-4933-11ea-80dd-b88a60e194fb-1-ps,crmid:5613660197,9,Simplicity Card,5,Business Loan
adb10f40-4933-11ea-a191-b88a60e194fb-1-ps,crmid:2559383094,4,Simplicity Card,2,Personal Loan
adb1d274-4933-11ea-941a-b88a60e194fb-1-ps,crmid:4075103424,4,Simplicity Card,5,Business Loan
adb2bbc6-4933-11ea-a008-b88a60e194fb-1-ps,crmid:7212844589,2,Simplicity Card,4,Student Loan
adb37fc8-4933-11ea-ad20-b88a60e194fb-1-ps,crmid:4652962297,5,Rewards Card,4,Business Loan
adb41c3a-4933-11ea-b4da-b88a60e194fb-1-ps,crmid:3736092468,3,Simplicity Card,5,Auto Loan
adb4df9a-4933-11ea-a097-b88a60e194fb-1-ps,crmid:7033675756,3,Travel Card,3,Personal Loan
ade2f2f8-4933-11ea-9a4d-b88a60e194fb-1-ps,crmid:5771026991,3,Dividend Card,4,Personal Loan
ade3b646-4933-11ea-9ea1-b88a60e194fb-1-ps,crmid:6333506334,5,Travel Card,4,Personal Loan
ade47990-4933-11ea-ba62-b88a60e194fb-1-ps,crmid:5329603051,4,Student Card,9,Personal Loan
ade53cdc-4933-11ea-9210-b88a60e194fb-1-ps,crmid:5912881584,3,Dividend Card,5,Personal Loan
ade62740-4933-11ea-a8ea-b88a60e194fb-1-ps,crmid:1944334829,5,Dividend Card,7,Personal Loan
ade6ea82-4933-11ea-84df-b88a60e194fb-1-ps,crmid:7147667210,3,Rewards Card,5,Personal Loan
ade7d4fe-4933-11ea-a8ee-b88a60e194fb-1-ps,crmid:1183673661,2,Platinum Card,4,Auto Loan
ae124164-4933-11ea-ad4b-b88a60e194fb-1-ps,crmid:1748579363,6,Student Card,3,Personal Loan
ae130526-4933-11ea-8b28-b88a60e194fb-1-ps,crmid:5027206225,4,Travel Card,3,Student Loan
ae13c786-4933-11ea-a74a-b88a60e194fb-1-ps,crmid:2659292306,3,Travel Card,2,Business Loan
ae148bac-4933-11ea-9520-b88a60e194fb-1-ps,crmid:7753285874,2,Simplicity Card,3,Auto Loan
ae154f7e-4933-11ea-b78c-b88a60e194fb-1-ps,crmid:6037058044,4,Dividend Card,4,Auto Loan
ae15eb3e-4933-11ea-bdf0-b88a60e194fb-1-ps,crmid:6638942474,4,Rewards Card,3,Student Loan
ae16ae8c-4933-11ea-b249-b88a60e194fb-1-ps,crmid:4879771835,2,Dividend Card,5,Business Loan
ae418e3e-4933-11ea-92b1-b88a60e194fb-1-ps,crmid:2147679462,5,Business Card,6,Personal Loan
ae425214-4933-11ea-9f2b-b88a60e194fb-1-ps,crmid:3754753816,8,Rewards Card,6,Auto Loan
ae431550-4933-11ea-965c-b88a60e194fb-1-ps,crmid:9372397512,3,Simplicity Card,4,Personal Loan
ae43d906-4933-11ea-b78c-b88a60e194fb-1-ps,crmid:7951225953,6,Rewards Card,4,Personal Loan
ae449b02-4933-11ea-b4b2-b88a60e194fb-1-ps,crmid:5207195540,4,Dividend Card,2,Personal Loan
ae458654-4933-11ea-aa03-b88a60e194fb-1-ps,crmid:9990112630,5,Student Card,5,Business Loan
ae4648d2-4933-11ea-bb1b-b88a60e194fb-1-ps,crmid:4546202753,4,Business Card,2,Personal Loan
ae734bd4-4933-11ea-8628-b88a60e194fb-1-ps,crmid:2718351096,5,Travel Card,8,Personal Loan
ae740f24-4933-11ea-b97b-b88a60e194fb-1-ps,crmid:7957216778,6,Rewards Card,3,Auto Loan
ae74f9c8-4933-11ea-9f86-b88a60e194fb-1-ps,crmid:1865920688,3,Platinum Card,6,Auto Loan
ae75bcd2-4933-11ea-b6fe-b88a60e194fb-1-ps,crmid:1003234265,3,Rewards Card,4,Personal Loan
ae76a728-4933-11ea-84a9-b88a60e194fb-1-ps,crmid:9576607590,5,Rewards Card,6,Business Loan
ae776a90-4933-11ea-8756-b88a60e194fb-1-ps,crmid:3104286417,4,Dividend Card,3,Personal Loan
ae7854e2-4933-11ea-b930-b88a60e194fb-1-ps,crmid:3479276277,2,Rewards Card,4,Business Loan
aea42008-4933-11ea-a002-b88a60e194fb-1-ps,crmid:4203481976,7,Platinum Card,5,Auto Loan
aea50a5a-4933-11ea-8aea-b88a60e194fb-1-ps,crmid:2840771315,5,Student Card,5,Personal Loan
aea5f4ae-4933-11ea-a2e5-b88a60e194fb-1-ps,crmid:8328730008,4,Simplicity Card,5,Personal Loan
aea690fa-4933-11ea-86d8-b88a60e194fb-1-ps,crmid:9718378801,8,Travel Card,4,Personal Loan
aea7a25a-4933-11ea-906d-b88a60e194fb-1-ps,crmid:4522966378,4,Business Card,3,Auto Loan
aea88cb8-4933-11ea-8fd8-b88a60e194fb-1-ps,crmid:6646174548,4,Platinum Card,4,Personal Loan
aea9290a-4933-11ea-a866-b88a60e194fb-1-ps,crmid:6614551771,5,Business Card,7,Business Loan
aed51af8-4933-11ea-8854-b88a60e194fb-1-ps,crmid:5846978690,5,Platinum Card,4,Personal Loan
aed5de4c-4933-11ea-a6e0-b88a60e194fb-1-ps,crmid:8070897992,5,Travel Card,3,Auto Loan
aed6a2f0-4933-11ea-9603-b88a60e194fb-1-ps,crmid:7983704970,4,Student Card,8,Student Loan
aed7663e-4933-11ea-a4d4-b88a60e194fb-1-ps,crmid:4329612787,5,Student Card,5,Personal Loan
aed8283e-4933-11ea-8735-b88a60e194fb-1-ps,crmid:7802585173,5,Business Card,4,Auto Loan
aed8ebda-4933-11ea-8d82-b88a60e194fb-1-ps,crmid:1164966931,3,Student Card,5,Business Loan
aed9b04a-4933-11ea-bbe6-b88a60e194fb-1-ps,crmid:9210108345,6,Dividend Card,4,Business Loan
af068ca4-4933-11ea-b6f3-b88a60e194fb-1-ps,crmid:4872253545,7,Student Card,4,Personal Loan
af074ed4-4933-11ea-9de8-b88a60e194fb-1-ps,crmid:5437923925,4,Platinum Card,4,Personal Loan
af07eb12-4933-11ea-a1fd-b88a60e194fb-1-ps,crmid:8110338877,5,Simplicity Card,5,Auto Loan
af08d59c-4933-11ea-a5aa-b88a60e194fb-1-ps,crmid:6257411859,3,Student Card,4,Business Loan
af0999b0-4933-11ea-9c68-b88a60e194fb-1-ps,crmid:6562465551,4,Simplicity Card,4,Personal Loan
af0a5bb0-4933-11ea-9b98-b88a60e194fb-1-ps,crmid:6165980981,3,Simplicity Card,4,Student Loan
af0b1ffa-4933-11ea-8f40-b88a60e194fb-1-ps,crmid:9470324196,4,Student Card,4,Auto Loan
af398200-4933-11ea-a946-b88a60e194fb-1-ps,crmid:1327981739,2,Platinum Card,3,Personal Loan
af3b09f4-4933-11ea-8113-b88a60e194fb-1-ps,crmid:7609396846,3,Rewards Card,4,Student Loan
af3bcc30-4933-11ea-a268-b88a60e194fb-1-ps,crmid:3089669606,3,Student Card,4,Personal Loan
af3c8f1e-4933-11ea-af84-b88a60e194fb-1-ps,crmid:3377669716,5,Rewards Card,4,Personal Loan
af3d7ac2-4933-11ea-a941-b88a60e194fb-1-ps,crmid:1995999782,3,Student Card,4,Personal Loan
af3e3cdc-4933-11ea-9b52-b88a60e194fb-1-ps,crmid:3779251367,8,Dividend Card,4,Personal Loan
af3ed998-4933-11ea-a856-b88a60e194fb-1-ps,crmid:1768135957,4,Dividend Card,4,Auto Loan
af69e1ba-4933-11ea-8dec-b88a60e194fb-1-ps,crmid:7009063322,3,Platinum Card,5,Personal Loan
af6aa4e6-4933-11ea-89b7-b88a60e194fb-1-ps,crmid:4446755230,5,Student Card,4,Auto Loan
af6b8f5e-4933-11ea-b37c-b88a60e194fb-1-ps,crmid:4609089647,6,Travel Card,4,Personal Loan
af6c2b88-4933-11ea-a42b-b88a60e194fb-1-ps,crmid:7499481044,5,Platinum Card,4,Personal Loan
af6cedd8-4933-11ea-8b55-b88a60e194fb-1-ps,crmid:6214181244,3,Business Card,8,Auto Loan
af6db22e-4933-11ea-8da8-b88a60e194fb-1-ps,crmid:3144827681,4,Dividend Card,7,Personal Loan
af6e7540-4933-11ea-8639-b88a60e194fb-1-ps,crmid:2298977030,4,Simplicity Card,4,Business Loan
af9adc88-4933-11ea-8836-b88a60e194fb-1-ps,crmid:1081139368,4,Business Card,4,Auto Loan
af9b9ee2-4933-11ea-a569-b88a60e194fb-1-ps,crmid:9826872278,5,Dividend Card,4,Personal Loan
af9c629a-4933-11ea-a4b6-b88a60e194fb-1-ps,crmid:2154951347,7,Student Card,5,Business Loan
af9cff76-4933-11ea-a919-b88a60e194fb-1-ps,crmid:2497338119,3,Dividend Card,5,Personal Loan
af9d9ba4-4933-11ea-88e9-b88a60e194fb-1-ps,crmid:6172310181,3,Platinum Card,3,Personal Loan
af9e8580-4933-11ea-b70d-b88a60e194fb-1-ps,crmid:6650178272,4,Platinum Card,3,Personal Loan
af9f4880-4933-11ea-8293-b88a60e194fb-1-ps,crmid:1885593791,2,Student Card,4,Student Loan
afcc9b24-4933-11ea-8a71-b88a60e194fb-1-ps,crmid:4692919806,4,Business Card,4,Business Loan
afcd5d64-4933-11ea-8790-b88a60e194fb-1-ps,crmid:2405603009,4,Platinum Card,5,Business Loan
afce2174-4933-11ea-8189-b88a60e194fb-1-ps,crmid:4005777062,5,Student Card,4,Student Loan
afcee3e4-4933-11ea-b741-b88a60e194fb-1-ps,crmid:4984357422,5,Dividend Card,8,Business Loan
afcfa80c-4933-11ea-b129-b88a60e194fb-1-ps,crmid:3828659076,3,Platinum Card,3,Personal Loan
afd06b0c-4933-11ea-b088-b88a60e194fb-1-ps,crmid:6358031821,5,Travel Card,4,Student Loan
afd12ecc-4933-11ea-8889-b88a60e194fb-1-ps,crmid:1448664373,4,Travel Card,3,Personal Loan
affd6dd4-4933-11ea-8456-b88a60e194fb-1-ps,crmid:6490424571,3,Travel Card,4,Student Loan
affe3228-4933-11ea-b6d9-b88a60e194fb-1-ps,crmid:3106867270,4,Rewards Card,4,Personal Loan
affef46e-4933-11ea-bdd1-b88a60e194fb-1-ps,crmid:9572160260,6,Travel Card,4,Business Loan
afffb7be-4933-11ea-9cd3-b88a60e194fb-1-ps,crmid:1644095778,4,Student Card,4,Business Loan
b0007bf6-4933-11ea-92e1-b88a60e194fb-1-ps,crmid:1430328070,5,Student Card,3,Personal Loan
b001183a-4933-11ea-ad6a-b88a60e194fb-1-ps,crmid:8786997497,2,Rewards Card,5,Auto Loan
b00201ae-4933-11ea-8aa3-b88a60e194fb-1-ps,crmid:2380070523,3,Business Card,5,Student Loan
b02eb788-4933-11ea-9213-b88a60e194fb-1-ps,crmid:8736791582,6,Simplicity Card,4,Personal Loan
b030165e-4933-11ea-816b-b88a60e194fb-1-ps,crmid:8736791582,5,Dividend Card,2,Student Loan
b030d9b6-4933-11ea-b617-b88a60e194fb-1-ps,crmid:8460523939,4,Simplicity Card,5,Personal Loan
b031eb1e-4933-11ea-ac59-b88a60e194fb-1-ps,crmid:5141778838,4,Business Card,4,Personal Loan
b032ae64-4933-11ea-98ec-b88a60e194fb-1-ps,crmid:4067718384,3,Simplicity Card,3,Auto Loan
b03371ae-4933-11ea-9ee0-b88a60e194fb-1-ps,crmid:4016377352,3,Simplicity Card,3,Personal Loan
b0345cd2-4933-11ea-8ef9-b88a60e194fb-1-ps,crmid:4166798528,5,Simplicity Card,8,Student Loan
b060ea48-4933-11ea-b105-b88a60e194fb-1-ps,crmid:3484455836,2,Platinum Card,5,Personal Loan
b061fbb8-4933-11ea-a730-b88a60e194fb-1-ps,crmid:2166400625,6,Rewards Card,3,Auto Loan
b062e618-4933-11ea-9b69-b88a60e194fb-1-ps,crmid:6777047902,4,Student Card,4,Personal Loan
b063a976-4933-11ea-8b88-b88a60e194fb-1-ps,crmid:7036869542,4,Rewards Card,4,Business Loan
b0646d08-4933-11ea-a4e2-b88a60e194fb-1-ps,crmid:5775927899,5,Simplicity Card,4,Personal Loan
b0653234-4933-11ea-a9d4-b88a60e194fb-1-ps,crmid:7431130482,3,Student Card,4,Student Loan
b065cda4-4933-11ea-b46d-b88a60e194fb-1-ps,crmid:6434771018,4,Travel Card,4,Personal Loan
b092a8ec-4933-11ea-91a9-b88a60e194fb-1-ps,crmid:5096597627,3,Travel Card,9,Business Loan
b0936c88-4933-11ea-8e33-b88a60e194fb-1-ps,crmid:3259618988,4,Rewards Card,8,Auto Loan
b094304c-4933-11ea-8272-b88a60e194fb-1-ps,crmid:1693695927,5,Simplicity Card,4,Student Loan
b094f294-4933-11ea-a957-b88a60e194fb-1-ps,crmid:3376687298,4,Travel Card,5,Personal Loan
b095b6f4-4933-11ea-a56f-b88a60e194fb-1-ps,crmid:7320368241,3,Dividend Card,5,Auto Loan
b096a146-4933-11ea-91e6-b88a60e194fb-1-ps,crmid:7120519528,4,Business Card,4,Auto Loan
b097b1e4-4933-11ea-abb8-b88a60e194fb-1-ps,crmid:2684515228,3,Travel Card,4,Auto Loan
b0c552ba-4933-11ea-8875-b88a60e194fb-1-ps,crmid:4911127787,4,Rewards Card,5,Personal Loan
b0c614ec-4933-11ea-9680-b88a60e194fb-1-ps,crmid:9480439815,3,Platinum Card,4,Business Loan
b0c6d92c-4933-11ea-83d2-b88a60e194fb-1-ps,crmid:9315435435,4,Rewards Card,3,Student Loan
b0c81088-4933-11ea-baa8-b88a60e194fb-1-ps,crmid:4426684438,4,Student Card,5,Personal Loan
b0c948fe-4933-11ea-b6b4-b88a60e194fb-1-ps,crmid:3481915704,3,Student Card,5,Auto Loan
b0ca333a-4933-11ea-950c-b88a60e194fb-1-ps,crmid:2355617331,4,Rewards Card,5,Business Loan
b0caf698-4933-11ea-9722-b88a60e194fb-1-ps,crmid:1481279579,4,Dividend Card,4,Personal Loan
b0f7d418-4933-11ea-8b9c-b88a60e194fb-1-ps,crmid:5860463246,3,Rewards Card,7,Personal Loan
b0f8978c-4933-11ea-b44a-b88a60e194fb-1-ps,crmid:2222331920,5,Travel Card,3,Business Loan
b0f959ba-4933-11ea-9ecd-b88a60e194fb-1-ps,crmid:4860561941,4,Dividend Card,5,Personal Loan
b0fa43d0-4933-11ea-a09a-b88a60e194fb-1-ps,crmid:6005346812,3,Simplicity Card,10,Personal Loan
b0fb072e-4933-11ea-a073-b88a60e194fb-1-ps,crmid:7754968793,2,Travel Card,5,Business Loan
b0fba362-4933-11ea-8333-b88a60e194fb-1-ps,crmid:6547802612,9,Dividend Card,5,Personal Loan
b0fc66b0-4933-11ea-b212-b88a60e194fb-1-ps,crmid:6650528478,7,Student Card,6,Business Loan
b12d61a8-4933-11ea-bd74-b88a60e194fb-1-ps,crmid:8597535813,3,Dividend Card,3,Student Loan
b12e4c34-4933-11ea-ba35-b88a60e194fb-1-ps,crmid:7816528445,4,Student Card,5,Personal Loan
b12f3694-4933-11ea-aa5e-b88a60e194fb-1-ps,crmid:8220503947,5,Travel Card,4,Student Loan
b12ff9e4-4933-11ea-9a19-b88a60e194fb-1-ps,crmid:2176119684,5,Platinum Card,5,Personal Loan
b1309624-4933-11ea-abf3-b88a60e194fb-1-ps,crmid:2935659190,4,Business Card,6,Personal Loan
b1318088-4933-11ea-a529-b88a60e194fb-1-ps,crmid:1565878266,6,Dividend Card,2,Personal Loan
b1326ae4-4933-11ea-8f2c-b88a60e194fb-1-ps,crmid:7737425607,4,Rewards Card,5,Personal Loan
b1622d3e-4933-11ea-a8d1-b88a60e194fb-1-ps,crmid:4871312807,4,Travel Card,3,Student Loan
b1633ee4-4933-11ea-b533-b88a60e194fb-1-ps,crmid:3550766014,4,Travel Card,7,Personal Loan
b1642946-4933-11ea-b326-b88a60e194fb-1-ps,crmid:6601459582,4,Platinum Card,4,Personal Loan
b164ed76-4933-11ea-aa0c-b88a60e194fb-1-ps,crmid:2799505715,4,Dividend Card,5,Student Loan
b165b026-4933-11ea-abfd-b88a60e194fb-1-ps,crmid:4544574503,3,Dividend Card,4,Auto Loan
b1664d08-4933-11ea-aecb-b88a60e194fb-1-ps,crmid:5059125438,5,Student Card,5,Business Loan
b1670f7a-4933-11ea-8534-b88a60e194fb-1-ps,crmid:4636551961,4,Dividend Card,4,Personal Loan
b19a070c-4933-11ea-8d02-b88a60e194fb-1-ps,crmid:7073973851,3,Dividend Card,6,Student Loan
b19af094-4933-11ea-add0-b88a60e194fb-1-ps,crmid:4804623233,5,Student Card,5,Personal Loan
b19bb3e2-4933-11ea-a876-b88a60e194fb-1-ps,crmid:9424711990,3,Travel Card,5,Student Loan
b19c9f24-4933-11ea-8c4f-b88a60e194fb-1-ps,crmid:1562299372,5,Dividend Card,5,Auto Loan
b19d3b74-4933-11ea-bb90-b88a60e194fb-1-ps,crmid:8087825493,4,Business Card,5,Personal Loan
b19dff10-4933-11ea-b757-b88a60e194fb-1-ps,crmid:7386446670,3,Platinum Card,3,Personal Loan
b19e9b6e-4933-11ea-bb70-b88a60e194fb-1-ps,crmid:8025740633,5,Student Card,5,Business Loan
b1ce0e8a-4933-11ea-b87d-b88a60e194fb-1-ps,crmid:1173804382,4,Platinum Card,9,Student Loan
b1cef8ee-4933-11ea-a0f0-b88a60e194fb-1-ps,crmid:6496469010,5,Travel Card,3,Student Loan
b1cfbd58-4933-11ea-a543-b88a60e194fb-1-ps,crmid:9716976467,3,Simplicity Card,4,Auto Loan
b1d059a4-4933-11ea-b0df-b88a60e194fb-1-ps,crmid:5591161780,5,Rewards Card,4,Auto Loan
b1d143f4-4933-11ea-a054-b88a60e194fb-1-ps,crmid:2721276469,3,Student Card,4,Auto Loan
b1d20640-4933-11ea-9a1c-b88a60e194fb-1-ps,crmid:2659292306,3,Dividend Card,4,Personal Loan
b1d2caa2-4933-11ea-9f33-b88a60e194fb-1-ps,crmid:3595636047,4,Student Card,5,Personal Loan
b201ef9a-4933-11ea-a55a-b88a60e194fb-1-ps,crmid:6598376181,4,Student Card,5,Personal Loan
b202d9fe-4933-11ea-8c2d-b88a60e194fb-1-ps,crmid:6478261515,3,Business Card,5,Student Loan
b2039d54-4933-11ea-ae71-b88a60e194fb-1-ps,crmid:3676268394,4,Student Card,3,Student Loan
b204608c-4933-11ea-a803-b88a60e194fb-1-ps,crmid:3001615424,3,Dividend Card,4,Business Loan
b20523e4-4933-11ea-b7af-b88a60e194fb-1-ps,crmid:3351648730,4,Student Card,4,Student Loan
b205e74a-4933-11ea-b46d-b88a60e194fb-1-ps,crmid:4722644090,7,Rewards Card,4,Personal Loan
b206aa8c-4933-11ea-83cc-b88a60e194fb-1-ps,crmid:1114649329,6,Travel Card,2,Personal Loan
b2361f36-4933-11ea-8116-b88a60e194fb-1-ps,crmid:4800531344,3,Dividend Card,3,Personal Loan
b2370a9e-4933-11ea-997c-b88a60e194fb-1-ps,crmid:7388881441,2,Simplicity Card,4,Personal Loan
b237cde4-4933-11ea-bc1f-b88a60e194fb-1-ps,crmid:3610436009,4,Travel Card,4,Personal Loan
b2386a2e-4933-11ea-b043-b88a60e194fb-1-ps,crmid:1846423150,4,Rewards Card,2,Student Loan
b2395334-4933-11ea-a71a-b88a60e194fb-1-ps,crmid:1850600675,3,Business Card,4,Business Loan
b23a17d8-4933-11ea-b336-b88a60e194fb-1-ps,crmid:9147454159,4,Student Card,4,Auto Loan
b23ab42e-4933-11ea-befa-b88a60e194fb-1-ps,crmid:6658016051,3,Dividend Card,2,Business Loan
b268eeb6-4933-11ea-8f54-b88a60e194fb-1-ps,crmid:5194870557,3,Business Card,4,Personal Loan
b269b2e8-4933-11ea-99eb-b88a60e194fb-1-ps,crmid:9700602227,5,Business Card,5,Business Loan
b26a7628-4933-11ea-8502-b88a60e194fb-1-ps,crmid:7088689492,2,Business Card,4,Personal Loan
b26b388c-4933-11ea-8ea6-b88a60e194fb-1-ps,crmid:5240454763,3,Rewards Card,5,Business Loan
b26bfcac-4933-11ea-bdbd-b88a60e194fb-1-ps,crmid:7308296516,4,Business Card,6,Student Loan
b26c9900-4933-11ea-8e55-b88a60e194fb-1-ps,crmid:8968864141,2,Student Card,5,Auto Loan
b26d5c92-4933-11ea-90fb-b88a60e194fb-1-ps,crmid:4304699782,5,Rewards Card,4,Student Loan
b2a0c77a-4933-11ea-8c08-b88a60e194fb-1-ps,crmid:9883452507,3,Rewards Card,5,Business Loan
b2a22712-4933-11ea-96d1-b88a60e194fb-1-ps,crmid:6117553336,4,Rewards Card,4,Auto Loan
b2a31158-4933-11ea-adcf-b88a60e194fb-1-ps,crmid:7612070486,9,Student Card,3,Auto Loan
b2a3fbca-4933-11ea-bd87-b88a60e194fb-1-ps,crmid:7638102025,3,Platinum Card,4,Business Loan
b2a4bf86-4933-11ea-8208-b88a60e194fb-1-ps,crmid:8559206986,4,Travel Card,4,Student Loan
b2a582cc-4933-11ea-bc07-b88a60e194fb-1-ps,crmid:5300633907,5,Dividend Card,5,Business Loan
b2a61e8a-4933-11ea-933a-b88a60e194fb-1-ps,crmid:9801429218,4,Simplicity Card,8,Student Loan
b2d3e566-4933-11ea-8026-b88a60e194fb-1-ps,crmid:9075057045,4,Travel Card,8,Business Loan
b2d4d070-4933-11ea-934c-b88a60e194fb-1-ps,crmid:6393910339,3,Business Card,5,Student Loan
b2d59442-4933-11ea-9d3e-b88a60e194fb-1-ps,crmid:9510142149,4,Dividend Card,3,Personal Loan
b2d6579c-4933-11ea-8fc6-b88a60e194fb-1-ps,crmid:3950370127,4,Travel Card,4,Auto Loan
b2d71a48-4933-11ea-ad52-b88a60e194fb-1-ps,crmid:8497889355,5,Travel Card,4,Business Loan
b2d7b6d0-4933-11ea-994d-b88a60e194fb-1-ps,crmid:9436605553,5,Dividend Card,4,Personal Loan
b2d8a18a-4933-11ea-b282-b88a60e194fb-1-ps,crmid:1860544809,4,Student Card,5,Business Loan
b3061a3a-4933-11ea-89da-b88a60e194fb-1-ps,crmid:3533930931,5,Business Card,6,Auto Loan
b3070336-4933-11ea-9f10-b88a60e194fb-1-ps,crmid:2492462482,2,Student Card,5,Personal Loan
b307c76c-4933-11ea-9389-b88a60e194fb-1-ps,crmid:7357556185,5,Business Card,4,Auto Loan
b3088b2e-4933-11ea-80b4-b88a60e194fb-1-ps,crmid:9718813781,5,Simplicity Card,3,Student Loan
b3094d18-4933-11ea-b77b-b88a60e194fb-1-ps,crmid:3933835613,5,Simplicity Card,4,Business Loan
b30a1146-4933-11ea-8e62-b88a60e194fb-1-ps,crmid:3063961827,8,Simplicity Card,5,Personal Loan
b30aadbe-4933-11ea-acf3-b88a60e194fb-1-ps,crmid:3231927329,5,Business Card,4,Personal Loan
b33ae470-4933-11ea-8cc5-b88a60e194fb-1-ps,crmid:4577937092,3,Student Card,5,Auto Loan
b33bd014-4933-11ea-8b6a-b88a60e194fb-1-ps,crmid:2156626164,5,Simplicity Card,4,Auto Loan
b33d2e80-4933-11ea-992a-b88a60e194fb-1-ps,crmid:7120611369,3,Dividend Card,4,Personal Loan
b33df2ae-4933-11ea-bea0-b88a60e194fb-1-ps,crmid:7409334624,5,Rewards Card,3,Personal Loan
b33eb628-4933-11ea-9c3a-b88a60e194fb-1-ps,crmid:6045947583,2,Student Card,4,Business Loan
b33f7988-4933-11ea-ae7c-b88a60e194fb-1-ps,crmid:2851396134,4,Travel Card,4,Personal Loan
b3403b82-4933-11ea-8863-b88a60e194fb-1-ps,crmid:4706517726,3,Business Card,2,Personal Loan
b36ffdf4-4933-11ea-a20b-b88a60e194fb-1-ps,crmid:4751781597,4,Platinum Card,4,Personal Loan
b370c152-4933-11ea-87c5-b88a60e194fb-1-ps,crmid:9283936442,4,Platinum Card,5,Student Loan
b37185f8-4933-11ea-9ca8-b88a60e194fb-1-ps,crmid:1118798784,3,Student Card,4,Auto Loan
b37247e2-4933-11ea-8e4c-b88a60e194fb-1-ps,crmid:9111031800,3,Simplicity Card,4,Student Loan
b372e41a-4933-11ea-8b39-b88a60e194fb-1-ps,crmid:4396261408,4,Student Card,3,Personal Loan
b373a89c-4933-11ea-b446-b88a60e194fb-1-ps,crmid:3921013656,3,Travel Card,5,Auto Loan
b3746bf8-4933-11ea-87c6-b88a60e194fb-1-ps,crmid:8650030395,6,Rewards Card,5,Personal Loan
b3a2f4de-4933-11ea-a948-b88a60e194fb-1-ps,crmid:1299447737,5,Business Card,4,Student Loan
b3a3e090-4933-11ea-803f-b88a60e194fb-1-ps,crmid:6601076340,5,Simplicity Card,5,Personal Loan
b3a4a368-4933-11ea-a2e3-b88a60e194fb-1-ps,crmid:4296051945,4,Travel Card,6,Auto Loan
b3a566a6-4933-11ea-b9b2-b88a60e194fb-1-ps,crmid:2974918528,5,Student Card,3,Personal Loan
b3a629ae-4933-11ea-839c-b88a60e194fb-1-ps,crmid:7256745387,5,Rewards Card,5,Personal Loan
b3a6c57e-4933-11ea-8252-b88a60e194fb-1-ps,crmid:3382671582,4,Travel Card,4,Personal Loan
b3a789de-4933-11ea-a07d-b88a60e194fb-1-ps,crmid:4899127791,5,Dividend Card,3,Business Loan
b3d8aba2-4933-11ea-9ecd-b88a60e194fb-1-ps,crmid:8963443649,3,Dividend Card,7,Auto Loan
b3d99664-4933-11ea-b161-b88a60e194fb-1-ps,crmid:2872545484,2,Simplicity Card,5,Business Loan
b3da5852-4933-11ea-a6a6-b88a60e194fb-1-ps,crmid:8082936987,5,Platinum Card,5,Business Loan
b3db1ce8-4933-11ea-ae89-b88a60e194fb-1-ps,crmid:4381777297,4,Simplicity Card,4,Personal Loan
b3dbb926-4933-11ea-870e-b88a60e194fb-1-ps,crmid:4902717742,5,Student Card,2,Personal Loan
b3dc7b68-4933-11ea-a409-b88a60e194fb-1-ps,crmid:8082936987,6,Platinum Card,5,Personal Loan
b3dd3f1e-4933-11ea-8a4a-b88a60e194fb-1-ps,crmid:6482595338,4,Platinum Card,10,Personal Loan
b40e3ae6-4933-11ea-8f89-b88a60e194fb-1-ps,crmid:9169810191,5,Simplicity Card,5,Business Loan
b40efe40-4933-11ea-8518-b88a60e194fb-1-ps,crmid:5585178776,4,Business Card,4,Business Loan
b40fc05a-4933-11ea-943f-b88a60e194fb-1-ps,crmid:3754774705,5,Business Card,2,Auto Loan
b41084be-4933-11ea-a771-b88a60e194fb-1-ps,crmid:4716280220,3,Platinum Card,2,Personal Loan
b41147ee-4933-11ea-9c67-b88a60e194fb-1-ps,crmid:2154951347,4,Travel Card,4,Personal Loan
b4120b12-4933-11ea-8b3f-b88a60e194fb-1-ps,crmid:1131348427,5,Travel Card,3,Student Loan
b412cd64-4933-11ea-8320-b88a60e194fb-1-ps,crmid:6055243239,5,Platinum Card,2,Personal Loan
b440e38c-4933-11ea-b24d-b88a60e194fb-1-ps,crmid:9808216814,2,Business Card,4,Business Loan
b4435302-4933-11ea-b3f9-b88a60e194fb-1-ps,crmid:8341422832,3,Rewards Card,5,Auto Loan
b44417ca-4933-11ea-bcde-b88a60e194fb-1-ps,crmid:4532651966,3,Business Card,3,Personal Loan
b4450222-4933-11ea-aefd-b88a60e194fb-1-ps,crmid:4014189160,5,Dividend Card,2,Personal Loan
b445ebac-4933-11ea-8aa5-b88a60e194fb-1-ps,crmid:8595758099,4,Platinum Card,6,Auto Loan
b447e742-4933-11ea-be53-b88a60e194fb-1-ps,crmid:6570461771,5,Dividend Card,3,Personal Loan
b448ab9c-4933-11ea-8281-b88a60e194fb-1-ps,crmid:1799485129,5,Simplicity Card,3,Auto Loan
b47b7b92-4933-11ea-8f5f-b88a60e194fb-1-ps,crmid:3862859174,6,Simplicity Card,7,Auto Loan
b47c64ba-4933-11ea-b7ac-b88a60e194fb-1-ps,crmid:4485620748,4,Travel Card,5,Personal Loan
b47d2918-4933-11ea-8672-b88a60e194fb-1-ps,crmid:9753253989,5,Student Card,2,Personal Loan
b47dc536-4933-11ea-a538-b88a60e194fb-1-ps,crmid:5756638081,4,Dividend Card,5,Personal Loan
b47eaf52-4933-11ea-87af-b88a60e194fb-1-ps,crmid:8526911558,4,Platinum Card,3,Auto Loan
b47f7276-4933-11ea-9b2a-b88a60e194fb-1-ps,crmid:8932162007,6,Travel Card,4,Business Loan
b48035d8-4933-11ea-8a1c-b88a60e194fb-1-ps,crmid:3751278539,3,Platinum Card,6,Personal Loan
b4adfcc2-4933-11ea-81c8-b88a60e194fb-1-ps,crmid:2988263498,3,Student Card,4,Student Loan
b4aebff8-4933-11ea-bf52-b88a60e194fb-1-ps,crmid:7045343890,3,Business Card,3,Auto Loan
b4af8268-4933-11ea-ab92-b88a60e194fb-1-ps,crmid:1745462295,3,Simplicity Card,3,Student Loan
b4b0459c-4933-11ea-aa8e-b88a60e194fb-1-ps,crmid:2893526111,4,Student Card,5,Business Loan
b4b10a18-4933-11ea-9aa5-b88a60e194fb-1-ps,crmid:1309108505,3,Simplicity Card,4,Student Loan
b4b1ccf4-4933-11ea-8059-b88a60e194fb-1-ps,crmid:7599149610,5,Business Card,8,Business Loan
b4b2b710-4933-11ea-b092-b88a60e194fb-1-ps,crmid:8270717865,7,Rewards Card,4,Personal Loan
b4e1ddba-4933-11ea-9d4b-b88a60e194fb-1-ps,crmid:8613048175,4,Platinum Card,5,Business Loan
b4e2a12e-4933-11ea-a0fa-b88a60e194fb-1-ps,crmid:8988210517,4,Student Card,4,Auto Loan
b4e36392-4933-11ea-81a1-b88a60e194fb-1-ps,crmid:6808909391,3,Travel Card,2,Business Loan
b4e426c8-4933-11ea-8df1-b88a60e194fb-1-ps,crmid:3134637517,3,Business Card,4,Personal Loan
b4e4ea1c-4933-11ea-96c1-b88a60e194fb-1-ps,crmid:1906842770,3,Rewards Card,2,Auto Loan
b4e5adf4-4933-11ea-995a-b88a60e194fb-1-ps,crmid:8259833097,5,Dividend Card,8,Auto Loan
b4e697d2-4933-11ea-81d0-b88a60e194fb-1-ps,crmid:7790620936,4,Platinum Card,5,Auto Loan
b516f7e6-4933-11ea-956e-b88a60e194fb-1-ps,crmid:8188496335,5,Travel Card,4,Personal Loan
b517e1fe-4933-11ea-b06a-b88a60e194fb-1-ps,crmid:8380657780,4,Student Card,3,Business Loan
b5191974-4933-11ea-b2e0-b88a60e194fb-1-ps,crmid:7425795159,5,Business Card,2,Business Loan
b51a050a-4933-11ea-92b1-b88a60e194fb-1-ps,crmid:1921146918,4,Student Card,4,Auto Loan
b51ac85c-4933-11ea-8ec7-b88a60e194fb-1-ps,crmid:7288359124,5,Platinum Card,5,Personal Loan
b51b8a8a-4933-11ea-8caa-b88a60e194fb-1-ps,crmid:5033847185,7,Platinum Card,3,Student Loan
b51c4e0c-4933-11ea-b069-b88a60e194fb-1-ps,crmid:8200115781,2,Student Card,3,Personal Loan
b54b4d42-4933-11ea-bd30-b88a60e194fb-1-ps,crmid:9090488728,4,Student Card,4,Business Loan
b54c3750-4933-11ea-9820-b88a60e194fb-1-ps,crmid:5966077307,2,Simplicity Card,3,Personal Loan
b54cfbe8-4933-11ea-adc2-b88a60e194fb-1-ps,crmid:2880291980,3,Dividend Card,4,Personal Loan
b54dbe2e-4933-11ea-be9e-b88a60e194fb-1-ps,crmid:6353498368,4,Dividend Card,3,Business Loan
b54e5a66-4933-11ea-9fe1-b88a60e194fb-1-ps,crmid:5771910889,3,Business Card,3,Personal Loan
b54ef6ac-4933-11ea-993f-b88a60e194fb-1-ps,crmid:4594927620,4,Student Card,5,Student Loan
b54fe206-4933-11ea-9af2-b88a60e194fb-1-ps,crmid:8316169461,4,Student Card,6,Personal Loan
b57eba82-4933-11ea-a337-b88a60e194fb-1-ps,crmid:3075357427,3,Platinum Card,3,Student Loan
b57fa4a2-4933-11ea-bcaa-b88a60e194fb-1-ps,crmid:2582410618,2,Simplicity Card,3,Business Loan
b58066d2-4933-11ea-a102-b88a60e194fb-1-ps,crmid:6322156994,3,Platinum Card,2,Auto Loan
b5812ad4-4933-11ea-895c-b88a60e194fb-1-ps,crmid:7209370411,3,Platinum Card,4,Business Loan
b581c718-4933-11ea-900d-b88a60e194fb-1-ps,crmid:5479450026,5,Rewards Card,4,Business Loan
b5828964-4933-11ea-b015-b88a60e194fb-1-ps,crmid:9208244587,4,Simplicity Card,4,Business Loan
b5834ecc-4933-11ea-a0e9-b88a60e194fb-1-ps,crmid:9837638567,4,Business Card,5,Personal Loan
b5b35ec0-4933-11ea-8802-b88a60e194fb-1-ps,crmid:9738107857,4,Travel Card,6,Business Loan
b5b44858-4933-11ea-aa7d-b88a60e194fb-1-ps,crmid:1143413383,6,Student Card,4,Personal Loan
b5b53236-4933-11ea-8538-b88a60e194fb-1-ps,crmid:1292691644,4,Travel Card,4,Auto Loan
b5b5ce48-4933-11ea-b17b-b88a60e194fb-1-ps,crmid:9106319827,3,Rewards Card,8,Personal Loan
b5b692ac-4933-11ea-bc92-b88a60e194fb-1-ps,crmid:3447640362,2,Rewards Card,3,Personal Loan
b5b72ed8-4933-11ea-aaa9-b88a60e194fb-1-ps,crmid:1050306434,4,Business Card,4,Business Loan
b5b7f130-4933-11ea-9beb-b88a60e194fb-1-ps,crmid:2724917440,3,Simplicity Card,4,Business Loan
b5e9131e-4933-11ea-bd02-b88a60e194fb-1-ps,crmid:6711271960,3,Student Card,4,Business Loan
b5e9fdca-4933-11ea-85c6-b88a60e194fb-1-ps,crmid:6911435764,4,Simplicity Card,5,Auto Loan
b5eac228-4933-11ea-be2a-b88a60e194fb-1-ps,crmid:4475244125,4,Dividend Card,5,Personal Loan
b5eb856c-4933-11ea-b10f-b88a60e194fb-1-ps,crmid:8083695259,3,Travel Card,5,Auto Loan
b5ec21ae-4933-11ea-baae-b88a60e194fb-1-ps,crmid:8348655742,5,Student Card,4,Business Loan
b5ece4f8-4933-11ea-9c50-b88a60e194fb-1-ps,crmid:9026910246,3,Student Card,5,Student Loan
b5eda714-4933-11ea-82e7-b88a60e194fb-1-ps,crmid:5624164381,4,Platinum Card,5,Business Loan
b61e2ddc-4933-11ea-8814-b88a60e194fb-1-ps,crmid:5658468442,5,Dividend Card,2,Personal Loan
b61ef162-4933-11ea-b5f7-b88a60e194fb-1-ps,crmid:5705032138,4,Student Card,5,Personal Loan
b61fb3de-4933-11ea-82db-b88a60e194fb-1-ps,crmid:9411579428,3,Platinum Card,3,Business Loan
b6207728-4933-11ea-9af4-b88a60e194fb-1-ps,crmid:4679885688,5,Dividend Card,6,Student Loan
b6213a38-4933-11ea-8531-b88a60e194fb-1-ps,crmid:7797284149,4,Rewards Card,3,Personal Loan
b621fee2-4933-11ea-a77b-b88a60e194fb-1-ps,crmid:6685271512,6,Business Card,5,Student Loan
b622e80c-4933-11ea-9362-b88a60e194fb-1-ps,crmid:1460581608,4,Platinum Card,4,Student Loan
b653bccc-4933-11ea-bb62-b88a60e194fb-1-ps,crmid:2884040171,4,Travel Card,5,Student Loan
b654801c-4933-11ea-90e3-b88a60e194fb-1-ps,crmid:2547237462,3,Dividend Card,6,Personal Loan
b655698c-4933-11ea-8295-b88a60e194fb-1-ps,crmid:9286296546,5,Dividend Card,3,Personal Loan
b6562dd0-4933-11ea-8025-b88a60e194fb-1-ps,crmid:3046248228,4,Travel Card,4,Personal Loan
b656f01c-4933-11ea-b247-b88a60e194fb-1-ps,crmid:6305330121,3,Travel Card,5,Business Loan
b658290a-4933-11ea-af4b-b88a60e194fb-1-ps,crmid:1840133051,2,Rewards Card,4,Business Loan
b658c5ac-4933-11ea-87fd-b88a60e194fb-1-ps,crmid:2551153240,4,Business Card,4,Personal Loan
b688fcac-4933-11ea-8ddf-b88a60e194fb-1-ps,crmid:9560007003,3,Dividend Card,4,Personal Loan
b689e73e-4933-11ea-af04-b88a60e194fb-1-ps,crmid:2052002843,4,Travel Card,5,Personal Loan
b68aab38-4933-11ea-8517-b88a60e194fb-1-ps,crmid:1018262797,4,Platinum Card,4,Business Loan
b68b6e6e-4933-11ea-bab5-b88a60e194fb-1-ps,crmid:4863419752,5,Business Card,5,Student Loan
b68c0a9c-4933-11ea-80b3-b88a60e194fb-1-ps,crmid:7386845716,3,Rewards Card,5,Business Loan
b68cce94-4933-11ea-816f-b88a60e194fb-1-ps,crmid:2082692062,4,Student Card,5,Student Loan
b68d6ab0-4933-11ea-9878-b88a60e194fb-1-ps,crmid:2844172103,3,Simplicity Card,3,Student Loan
b6be3e58-4933-11ea-902b-b88a60e194fb-1-ps,crmid:7868435483,4,Student Card,8,Personal Loan
b6bf75a6-4933-11ea-bb5b-b88a60e194fb-1-ps,crmid:1127942291,3,Platinum Card,10,Personal Loan
b6c0870c-4933-11ea-8e81-b88a60e194fb-1-ps,crmid:1309259862,4,Travel Card,4,Student Loan
b6c14c0c-4933-11ea-8ca7-b88a60e194fb-1-ps,crmid:7533149312,4,Rewards Card,4,Personal Loan
b6c20e0a-4933-11ea-a971-b88a60e194fb-1-ps,crmid:1690905267,3,Student Card,3,Personal Loan
b6c2d270-4933-11ea-8737-b88a60e194fb-1-ps,crmid:7145578043,4,Platinum Card,2,Student Loan
b6c395b6-4933-11ea-a76b-b88a60e194fb-1-ps,crmid:6049663890,3,Dividend Card,4,Personal Loan
b6f37e1e-4933-11ea-9a02-b88a60e194fb-1-ps,crmid:6897901731,4,Student Card,4,Personal Loan
b6f4424a-4933-11ea-b2ed-b88a60e194fb-1-ps,crmid:5692299192,4,Business Card,6,Student Loan
b6f5057a-4933-11ea-8407-b88a60e194fb-1-ps,crmid:6728735804,5,Rewards Card,4,Business Loan
b6f5c808-4933-11ea-9e9b-b88a60e194fb-1-ps,crmid:4491374221,6,Rewards Card,5,Student Loan
b6f6b38c-4933-11ea-a6fe-b88a60e194fb-1-ps,crmid:6109517323,5,Rewards Card,4,Personal Loan
b6f79cae-4933-11ea-96d1-b88a60e194fb-1-ps,crmid:8216267661,3,Dividend Card,4,Student Loan
b6f83a36-4933-11ea-ad37-b88a60e194fb-1-ps,crmid:5194870557,9,Simplicity Card,4,Student Loan
b7295ad0-4933-11ea-9f43-b88a60e194fb-1-ps,crmid:3743642100,4,Rewards Card,5,Business Loan
b72a1e10-4933-11ea-9942-b88a60e194fb-1-ps,crmid:7906279485,5,Business Card,3,Personal Loan
b72ae2de-4933-11ea-bf71-b88a60e194fb-1-ps,crmid:8195791618,5,Rewards Card,5,Personal Loan
b72bcd5a-4933-11ea-bcaf-b88a60e194fb-1-ps,crmid:3499989660,4,Rewards Card,9,Auto Loan
b72c6974-4933-11ea-84ec-b88a60e194fb-1-ps,crmid:3284073238,4,Business Card,5,Student Loan
b72d2cb6-4933-11ea-aa9e-b88a60e194fb-1-ps,crmid:6508067984,4,Dividend Card,5,Student Loan
b72def3e-4933-11ea-a423-b88a60e194fb-1-ps,crmid:3070945546,4,Platinum Card,5,Personal Loan
b760706e-4933-11ea-857a-b88a60e194fb-1-ps,crmid:1442937039,4,Simplicity Card,5,Auto Loan
b761349a-4933-11ea-815b-b88a60e194fb-1-ps,crmid:8526911558,4,Dividend Card,8,Auto Loan
b7621ef6-4933-11ea-9ce2-b88a60e194fb-1-ps,crmid:3108961547,3,Platinum Card,3,Personal Loan
b762e148-4933-11ea-8a2c-b88a60e194fb-1-ps,crmid:3434488265,5,Simplicity Card,5,Personal Loan
b763a4a6-4933-11ea-bb67-b88a60e194fb-1-ps,crmid:2023421651,3,Dividend Card,3,Business Loan
b7646888-4933-11ea-a41c-b88a60e194fb-1-ps,crmid:9468650152,5,Travel Card,5,Business Loan
b765525c-4933-11ea-8ee6-b88a60e194fb-1-ps,crmid:7885522339,4,Dividend Card,2,Personal Loan
b7990dec-4933-11ea-9262-b88a60e194fb-1-ps,crmid:2521266814,5,Business Card,4,Personal Loan
b79a1e1a-4933-11ea-9f24-b88a60e194fb-1-ps,crmid:5109342205,6,Rewards Card,3,Business Loan
b79b087e-4933-11ea-8a1f-b88a60e194fb-1-ps,crmid:8346587008,4,Rewards Card,4,Business Loan
b79bf2c2-4933-11ea-aac4-b88a60e194fb-1-ps,crmid:3323700149,5,Dividend Card,6,Auto Loan
b79c8f34-4933-11ea-a93b-b88a60e194fb-1-ps,crmid:5628208437,3,Dividend Card,4,Personal Loan
b79d2b68-4933-11ea-a926-b88a60e194fb-1-ps,crmid:4919325148,5,Dividend Card,5,Business Loan
b79e15a6-4933-11ea-ae22-b88a60e194fb-1-ps,crmid:8101135323,4,Travel Card,9,Student Loan
b7ce4e82-4933-11ea-a0cd-b88a60e194fb-1-ps,crmid:5877618252,4,Simplicity Card,3,Personal Loan
b7cf11f6-4933-11ea-8423-b88a60e194fb-1-ps,crmid:1365305854,4,Student Card,3,Personal Loan
b7cfd42c-4933-11ea-9638-b88a60e194fb-1-ps,crmid:8087825493,4,Business Card,4,Personal Loan
b7d09734-4933-11ea-bcd1-b88a60e194fb-1-ps,crmid:5538833324,4,Dividend Card,4,Student Loan
b7d15bc6-4933-11ea-85c1-b88a60e194fb-1-ps,crmid:2059384320,6,Simplicity Card,8,Business Loan
b7d21dca-4933-11ea-9d47-b88a60e194fb-1-ps,crmid:6812298319,5,Dividend Card,2,Auto Loan
b7d32f46-4933-11ea-ac68-b88a60e194fb-1-ps,crmid:7830272254,0,Rewards Card,5,Personal Loan
b807ac88-4933-11ea-9516-b88a60e194fb-1-ps,crmid:8252453835,4,Student Card,6,Auto Loan
b8086fd8-4933-11ea-97ff-b88a60e194fb-1-ps,crmid:6783435025,3,Student Card,3,Personal Loan
b8095a34-4933-11ea-beda-b88a60e194fb-1-ps,crmid:3656092847,2,Dividend Card,4,Business Loan
b809f676-4933-11ea-8b6c-b88a60e194fb-1-ps,crmid:1243602566,3,Student Card,3,Personal Loan
b80ab9be-4933-11ea-953f-b88a60e194fb-1-ps,crmid:3304889666,3,Business Card,3,Personal Loan
b80b7d0c-4933-11ea-a54d-b88a60e194fb-1-ps,crmid:8968334509,5,Travel Card,3,Auto Loan
b80c6774-4933-11ea-99e7-b88a60e194fb-1-ps,crmid:6446850279,5,Platinum Card,5,Auto Loan
b83d89ba-4933-11ea-9d53-b88a60e194fb-1-ps,crmid:1716452023,4,Dividend Card,3,Student Loan
b83e7414-4933-11ea-b4ca-b88a60e194fb-1-ps,crmid:7804769071,4,Business Card,2,Personal Loan
b83f3758-4933-11ea-b6b0-b88a60e194fb-1-ps,crmid:1532216684,4,Travel Card,5,Business Loan
b83ffaa2-4933-11ea-9f07-b88a60e194fb-1-ps,crmid:2190271086,9,Travel Card,3,Personal Loan
b840e502-4933-11ea-83f7-b88a60e194fb-1-ps,crmid:8851355401,4,Travel Card,2,Personal Loan
b841a854-4933-11ea-9480-b88a60e194fb-1-ps,crmid:6653996066,5,Business Card,6,Student Loan
b8426bb4-4933-11ea-8a28-b88a60e194fb-1-ps,crmid:3587770647,4,Rewards Card,5,Auto Loan
b87450f6-4933-11ea-84ec-b88a60e194fb-1-ps,crmid:9725199917,4,Simplicity Card,3,Personal Loan
b8753bd8-4933-11ea-a7f9-b88a60e194fb-1-ps,crmid:6365449428,4,Platinum Card,3,Personal Loan
b875fffe-4933-11ea-b8d4-b88a60e194fb-1-ps,crmid:7283098406,4,Platinum Card,8,Student Loan
b876c212-4933-11ea-9de0-b88a60e194fb-1-ps,crmid:8600875767,3,Simplicity Card,5,Business Loan
b8778636-4933-11ea-8635-b88a60e194fb-1-ps,crmid:2590364421,6,Simplicity Card,3,Auto Loan
b87822c0-4933-11ea-9e9a-b88a60e194fb-1-ps,crmid:4538570903,2,Simplicity Card,5,Student Loan
b878e518-4933-11ea-9262-b88a60e194fb-1-ps,crmid:7475323111,5,Travel Card,4,Personal Loan
b8adfede-4933-11ea-a7b9-b88a60e194fb-1-ps,crmid:9377924778,3,Simplicity Card,5,Student Loan
b8aec340-4933-11ea-949d-b88a60e194fb-1-ps,crmid:8537706016,4,Dividend Card,5,Business Loan
b8af5f76-4933-11ea-a892-b88a60e194fb-1-ps,crmid:2618082410,4,Simplicity Card,3,Auto Loan
b8b048f6-4933-11ea-8885-b88a60e194fb-1-ps,crmid:8710834207,4,Platinum Card,3,Student Loan
b8b10cbe-4933-11ea-a854-b88a60e194fb-1-ps,crmid:6848487106,6,Platinum Card,4,Auto Loan
b8b1a846-4933-11ea-92f3-b88a60e194fb-1-ps,crmid:2646024131,9,Student Card,5,Auto Loan
b8b26cf4-4933-11ea-8bf0-b88a60e194fb-1-ps,crmid:9582744330,5,Rewards Card,5,Business Loan
b8e429a6-4933-11ea-af70-b88a60e194fb-1-ps,crmid:7610273228,4,Dividend Card,5,Business Loan
b8e4ecfe-4933-11ea-b5fe-b88a60e194fb-1-ps,crmid:2032196723,5,Business Card,4,Personal Loan
b8e5d77e-4933-11ea-9033-b88a60e194fb-1-ps,crmid:3672942551,2,Dividend Card,3,Personal Loan
b8e67480-4933-11ea-8766-b88a60e194fb-1-ps,crmid:6730317609,5,Business Card,1,Business Loan
b8e737ca-4933-11ea-884e-b88a60e194fb-1-ps,crmid:7729321438,1,Simplicity Card,2,Student Loan
b8e7fa4c-4933-11ea-b09d-b88a60e194fb-1-ps,crmid:1179292101,4,Travel Card,3,Personal Loan
b8e8e48c-4933-11ea-b4f3-b88a60e194fb-1-ps,crmid:9479804537,5,Business Card,9,Personal Loan
b919e0b4-4933-11ea-8739-b88a60e194fb-1-ps,crmid:3879015632,3,Dividend Card,2,Personal Loan
b91aa330-4933-11ea-ae42-b88a60e194fb-1-ps,crmid:1335621969,5,Student Card,4,Personal Loan
b91b663a-4933-11ea-b935-b88a60e194fb-1-ps,crmid:7692900779,4,Business Card,5,Auto Loan
b91c2986-4933-11ea-9a13-b88a60e194fb-1-ps,crmid:9166882883,4,Platinum Card,3,Business Loan
b91d8a58-4933-11ea-9319-b88a60e194fb-1-ps,crmid:4422273174,3,Dividend Card,5,Personal Loan
b91e2650-4933-11ea-a54a-b88a60e194fb-1-ps,crmid:4685240882,5,Rewards Card,5,Business Loan
b91ee898-4933-11ea-967b-b88a60e194fb-1-ps,crmid:3951308674,5,Dividend Card,4,Personal Loan
b955b024-4933-11ea-a094-b88a60e194fb-1-ps,crmid:3820995679,4,Student Card,5,Auto Loan
b9569a74-4933-11ea-b4d5-b88a60e194fb-1-ps,crmid:2307083150,7,Student Card,5,Student Loan
b9575eb4-4933-11ea-a59b-b88a60e194fb-1-ps,crmid:9613151321,4,Rewards Card,4,Auto Loan
b95820e6-4933-11ea-94a2-b88a60e194fb-1-ps,crmid:4775211120,4,Travel Card,5,Student Loan
b958e436-4933-11ea-bdcb-b88a60e194fb-1-ps,crmid:3246263250,4,Dividend Card,3,Personal Loan
b959a94c-4933-11ea-9153-b88a60e194fb-1-ps,crmid:9823574723,3,Student Card,5,Business Loan
b95a4526-4933-11ea-95dd-b88a60e194fb-1-ps,crmid:7804464298,3,Student Card,4,Auto Loan
b98b8ce4-4933-11ea-923b-b88a60e194fb-1-ps,crmid:4025700643,4,Platinum Card,3,Personal Loan
b98c5062-4933-11ea-b1fd-b88a60e194fb-1-ps,crmid:8110902229,4,Simplicity Card,4,Personal Loan
b98d14e4-4933-11ea-bdf3-b88a60e194fb-1-ps,crmid:2348649075,5,Business Card,4,Business Loan
b98dfe02-4933-11ea-b305-b88a60e194fb-1-ps,crmid:5112692306,5,Dividend Card,4,Personal Loan
b98e9a6e-4933-11ea-a4be-b88a60e194fb-1-ps,crmid:2974547400,2,Travel Card,9,Personal Loan
b98f5ef6-4933-11ea-8c08-b88a60e194fb-1-ps,crmid:9195256683,4,Student Card,8,Personal Loan
b99020ca-4933-11ea-ad45-b88a60e194fb-1-ps,crmid:8490068851,4,Travel Card,5,Student Loan
b9c27b3a-4933-11ea-8710-b88a60e194fb-1-ps,crmid:8856042294,5,Student Card,4,Personal Loan
b9c33fae-4933-11ea-a4bb-b88a60e194fb-1-ps,crmid:7804706481,5,Platinum Card,4,Auto Loan
b9c4034c-4933-11ea-b6d1-b88a60e194fb-1-ps,crmid:8878029275,3,Student Card,9,Student Loan
b9c4ec66-4933-11ea-806e-b88a60e194fb-1-ps,crmid:6688499189,5,Rewards Card,4,Business Loan
b9c5b098-4933-11ea-aa8d-b88a60e194fb-1-ps,crmid:4307377843,5,Dividend Card,4,Personal Loan
b9c64d2e-4933-11ea-a356-b88a60e194fb-1-ps,crmid:7533149312,3,Business Card,4,Student Loan
b9c71080-4933-11ea-aeb7-b88a60e194fb-1-ps,crmid:6795427904,4,Platinum Card,9,Personal Loan
b9fa2ce8-4933-11ea-bd23-b88a60e194fb-1-ps,crmid:7618790174,5,Student Card,4,Personal Loan
b9faf03e-4933-11ea-8b64-b88a60e194fb-1-ps,crmid:3907496288,4,Travel Card,5,Business Loan
b9fbda9e-4933-11ea-b163-b88a60e194fb-1-ps,crmid:9469190488,4,Platinum Card,5,Business Loan
b9fc9dec-4933-11ea-9503-b88a60e194fb-1-ps,crmid:4605869213,4,Business Card,4,Business Loan
b9fd3a2c-4933-11ea-b127-b88a60e194fb-1-ps,crmid:4732340360,6,Student Card,2,Business Loan
b9fdfd74-4933-11ea-bac2-b88a60e194fb-1-ps,crmid:7559512749,5,Business Card,4,Auto Loan
b9fee7e4-4933-11ea-869b-b88a60e194fb-1-ps,crmid:7823202585,3,Simplicity Card,4,Student Loan
ba30f4b8-4933-11ea-b137-b88a60e194fb-1-ps,crmid:4114209627,3,Simplicity Card,5,Business Loan
ba31dee6-4933-11ea-b0d0-b88a60e194fb-1-ps,crmid:4180877847,3,Rewards Card,4,Personal Loan
ba32a214-4933-11ea-9fd6-b88a60e194fb-1-ps,crmid:7107590762,4,Travel Card,4,Personal Loan
ba33656e-4933-11ea-8af0-b88a60e194fb-1-ps,crmid:7883494045,3,Simplicity Card,5,Student Loan
ba3401a6-4933-11ea-92db-b88a60e194fb-1-ps,crmid:9186015511,5,Simplicity Card,8,Auto Loan
ba34c60a-4933-11ea-9629-b88a60e194fb-1-ps,crmid:3073564736,3,Business Card,7,Auto Loan
ba358970-4933-11ea-902b-b88a60e194fb-1-ps,crmid:1107201540,3,Student Card,5,Student Loan
ba68f5a8-4933-11ea-8d1c-b88a60e194fb-1-ps,crmid:7049251036,5,Platinum Card,4,Auto Loan
ba69b79c-4933-11ea-b771-b88a60e194fb-1-ps,crmid:8543827539,3,Travel Card,3,Business Loan
ba6a7c30-4933-11ea-b691-b88a60e194fb-1-ps,crmid:4300445268,4,Dividend Card,3,Personal Loan
ba6b3f94-4933-11ea-9979-b88a60e194fb-1-ps,crmid:7587078760,5,Dividend Card,5,Business Loan
ba6c018c-4933-11ea-b016-b88a60e194fb-1-ps,crmid:2469144835,4,Dividend Card,6,Personal Loan
ba6cc514-4933-11ea-a9ba-b88a60e194fb-1-ps,crmid:9961604116,3,Student Card,5,Personal Loan
ba6d888c-4933-11ea-81f3-b88a60e194fb-1-ps,crmid:1344654747,4,Travel Card,4,Personal Loan
baa2f150-4933-11ea-b568-b88a60e194fb-1-ps,crmid:3602622021,3,Platinum Card,5,Student Loan
baa3da86-4933-11ea-83bd-b88a60e194fb-1-ps,crmid:5230693232,4,Platinum Card,6,Personal Loan
baa4ebe2-4933-11ea-850d-b88a60e194fb-1-ps,crmid:4475244125,3,Rewards Card,4,Personal Loan
baa5d63e-4933-11ea-90a8-b88a60e194fb-1-ps,crmid:9121198840,3,Business Card,3,Personal Loan
baa6c086-4933-11ea-88a2-b88a60e194fb-1-ps,crmid:6007100009,3,Simplicity Card,4,Auto Loan
baa7d208-4933-11ea-ae78-b88a60e194fb-1-ps,crmid:6223627778,6,Simplicity Card,5,Personal Loan
baa8bc62-4933-11ea-aff2-b88a60e194fb-1-ps,crmid:9936374314,4,Rewards Card,2,Personal Loan
badbb334-4933-11ea-8eec-b88a60e194fb-1-ps,crmid:1426601168,7,Platinum Card,3,Personal Loan
badc769e-4933-11ea-9f94-b88a60e194fb-1-ps,crmid:8672642056,5,Simplicity Card,5,Personal Loan
badd3ae2-4933-11ea-a0d1-b88a60e194fb-1-ps,crmid:5160676267,3,Travel Card,4,Auto Loan
baddfd1e-4933-11ea-bb8f-b88a60e194fb-1-ps,crmid:6318230834,4,Simplicity Card,5,Business Loan
badec150-4933-11ea-9b1c-b88a60e194fb-1-ps,crmid:1139153280,6,Dividend Card,4,Auto Loan
badf83ba-4933-11ea-9632-b88a60e194fb-1-ps,crmid:8251221265,3,Simplicity Card,2,Auto Loan
bae0483a-4933-11ea-a2a3-b88a60e194fb-1-ps,crmid:8702442313,5,Travel Card,3,Student Loan
bb144f36-4933-11ea-9e12-b88a60e194fb-1-ps,crmid:9287831590,4,Simplicity Card,4,Personal Loan
bb1539de-4933-11ea-846f-b88a60e194fb-1-ps,crmid:8882430580,4,Rewards Card,6,Personal Loan
bb15fe36-4933-11ea-bfd2-b88a60e194fb-1-ps,crmid:6001311349,5,Dividend Card,9,Personal Loan
bb16c128-4933-11ea-8c7a-b88a60e194fb-1-ps,crmid:3466161910,5,Dividend Card,5,Student Loan
bb175d0a-4933-11ea-b6eb-b88a60e194fb-1-ps,crmid:9834249057,2,Simplicity Card,4,Auto Loan
bb18210c-4933-11ea-b0a2-b88a60e194fb-1-ps,crmid:3622612433,4,Rewards Card,4,Business Loan
bb18bd38-4933-11ea-9cba-b88a60e194fb-1-ps,crmid:7699799941,5,Travel Card,8,Personal Loan
bb4dae80-4933-11ea-a8e8-b88a60e194fb-1-ps,crmid:6322156994,3,Travel Card,7,Auto Loan
bb4e71c2-4933-11ea-b7f3-b88a60e194fb-1-ps,crmid:8592972141,5,Rewards Card,5,Business Loan
bb4f5c1c-4933-11ea-bbdf-b88a60e194fb-1-ps,crmid:7027876328,4,Platinum Card,1,Business Loan
bb506da6-4933-11ea-8bd3-b88a60e194fb-1-ps,crmid:5661481977,4,Travel Card,3,Auto Loan
bb5130e4-4933-11ea-9b71-b88a60e194fb-1-ps,crmid:8363569811,4,Simplicity Card,4,Student Loan
bb51cd24-4933-11ea-9c6c-b88a60e194fb-1-ps,crmid:9491631797,4,Business Card,3,Business Loan
bb529070-4933-11ea-bcf8-b88a60e194fb-1-ps,crmid:1347716118,6,Student Card,4,Personal Loan
bb8671c8-4933-11ea-8a61-b88a60e194fb-1-ps,crmid:6571521240,4,Simplicity Card,9,Personal Loan
bb87831c-4933-11ea-b71c-b88a60e194fb-1-ps,crmid:2953637402,4,Travel Card,5,Business Loan
bb886d90-4933-11ea-a210-b88a60e194fb-1-ps,crmid:8102235447,3,Rewards Card,3,Business Loan
bb89596e-4933-11ea-abfe-b88a60e194fb-1-ps,crmid:4603487969,4,Business Card,5,Student Loan
bb8a1c50-4933-11ea-a9eb-b88a60e194fb-1-ps,crmid:4320275073,5,Dividend Card,4,Personal Loan
bb8ab8cc-4933-11ea-abce-b88a60e194fb-1-ps,crmid:3026502557,4,Dividend Card,4,Student Loan
bb8b7c1e-4933-11ea-a3f8-b88a60e194fb-1-ps,crmid:6321965432,4,Simplicity Card,4,Student Loan
bbbe72a2-4933-11ea-84e3-b88a60e194fb-1-ps,crmid:9046819240,4,Business Card,6,Auto Loan
bbbf5c18-4933-11ea-b733-b88a60e194fb-1-ps,crmid:6553153893,5,Simplicity Card,6,Personal Loan
bbc01f58-4933-11ea-855c-b88a60e194fb-1-ps,crmid:4687028914,3,Travel Card,3,Personal Loan
bbc0e3e6-4933-11ea-b8dd-b88a60e194fb-1-ps,crmid:3282512555,5,Dividend Card,5,Auto Loan
bbc1f406-4933-11ea-bded-b88a60e194fb-1-ps,crmid:3419232502,6,Platinum Card,4,Business Loan
bbc2df26-4933-11ea-8bd3-b88a60e194fb-1-ps,crmid:3931003054,3,Simplicity Card,8,Personal Loan
bbc3c8fa-4933-11ea-905f-b88a60e194fb-1-ps,crmid:7841777971,4,Dividend Card,4,Student Loan
bbf895b0-4933-11ea-a3e1-b88a60e194fb-1-ps,crmid:8678166600,5,Business Card,3,Student Loan
bbf97f0a-4933-11ea-ac2d-b88a60e194fb-1-ps,crmid:5890850884,5,Dividend Card,5,Auto Loan
bbfa4230-4933-11ea-a4d5-b88a60e194fb-1-ps,crmid:2493908011,3,Student Card,4,Student Loan
bbfb06e8-4933-11ea-b249-b88a60e194fb-1-ps,crmid:6082582079,3,Platinum Card,2,Personal Loan
bbfbc882-4933-11ea-9312-b88a60e194fb-1-ps,crmid:6527919573,5,Dividend Card,5,Personal Loan
bbfc8c18-4933-11ea-ab3d-b88a60e194fb-1-ps,crmid:9546960008,4,Student Card,4,Business Loan
bbfd2862-4933-11ea-9fc0-b88a60e194fb-1-ps,crmid:3494057651,5,Student Card,3,Personal Loan
bc348bb4-4933-11ea-bf1c-b88a60e194fb-1-ps,crmid:2454563366,3,Platinum Card,4,Auto Loan
bc359d1e-4933-11ea-af9c-b88a60e194fb-1-ps,crmid:5430865693,5,Travel Card,4,Auto Loan
bc366068-4933-11ea-bede-b88a60e194fb-1-ps,crmid:6952435548,6,Dividend Card,5,Personal Loan
bc374ae8-4933-11ea-8c56-b88a60e194fb-1-ps,crmid:6930229389,6,Platinum Card,4,Personal Loan
bc383534-4933-11ea-a277-b88a60e194fb-1-ps,crmid:5960025155,4,Dividend Card,4,Business Loan
bc391f90-4933-11ea-998e-b88a60e194fb-1-ps,crmid:4841755645,5,Rewards Card,4,Auto Loan
bc3a311a-4933-11ea-b956-b88a60e194fb-1-ps,crmid:1417304975,4,Simplicity Card,5,Personal Loan
bc6f9a48-4933-11ea-8644-b88a60e194fb-1-ps,crmid:1442686973,4,Dividend Card,4,Business Loan
bc705c5e-4933-11ea-bb42-b88a60e194fb-1-ps,crmid:2872809154,6,Student Card,3,Auto Loan
bc7147f6-4933-11ea-bd41-b88a60e194fb-1-ps,crmid:6981916472,5,Rewards Card,5,Personal Loan
bc720ad8-4933-11ea-9b18-b88a60e194fb-1-ps,crmid:2133180689,5,Student Card,3,Business Loan
bc72a76e-4933-11ea-a899-b88a60e194fb-1-ps,crmid:7347800566,5,Business Card,6,Student Loan
bc736992-4933-11ea-9e28-b88a60e194fb-1-ps,crmid:8158890563,3,Simplicity Card,5,Personal Loan
bc742ce2-4933-11ea-abcc-b88a60e194fb-1-ps,crmid:1968087233,4,Rewards Card,4,Personal Loan
bca8aa3a-4933-11ea-bd2c-b88a60e194fb-1-ps,crmid:9323393266,5,Simplicity Card,4,Personal Loan
bca995f4-4933-11ea-9f28-b88a60e194fb-1-ps,crmid:3747148430,2,Platinum Card,5,Business Loan
bcaa57ec-4933-11ea-b6ca-b88a60e194fb-1-ps,crmid:3489417152,5,Business Card,2,Business Loan
bcab1b10-4933-11ea-8f33-b88a60e194fb-1-ps,crmid:9239711877,4,Rewards Card,5,Personal Loan
bcabde5e-4933-11ea-9bf5-b88a60e194fb-1-ps,crmid:6647795982,4,Travel Card,4,Personal Loan
bcacc8b4-4933-11ea-9640-b88a60e194fb-1-ps,crmid:1956552208,4,Travel Card,3,Business Loan
bcad8c10-4933-11ea-8e2d-b88a60e194fb-1-ps,crmid:8922896878,5,Platinum Card,3,Business Loan
bce3694c-4933-11ea-a497-b88a60e194fb-1-ps,crmid:7487700164,3,Student Card,3,Business Loan
bce4549c-4933-11ea-b305-b88a60e194fb-1-ps,crmid:8661136855,3,Dividend Card,6,Auto Loan
bce53f5c-4933-11ea-8a45-b88a60e194fb-1-ps,crmid:4983838788,5,Simplicity Card,5,Business Loan
bce60128-4933-11ea-a9fb-b88a60e194fb-1-ps,crmid:4652720086,4,Student Card,5,Business Loan
bce6c5dc-4933-11ea-9f11-b88a60e194fb-1-ps,crmid:9707089525,2,Student Card,5,Personal Loan
bce761f8-4933-11ea-9ea5-b88a60e194fb-1-ps,crmid:8483614896,4,Simplicity Card,2,Business Loan
bce82446-4933-11ea-8525-b88a60e194fb-1-ps,crmid:7103492801,5,Business Card,4,Auto Loan
bd1b6946-4933-11ea-993e-b88a60e194fb-1-ps,crmid:1512507642,4,Simplicity Card,3,Student Loan
bd1c2c64-4933-11ea-b866-b88a60e194fb-1-ps,crmid:7045631191,3,Platinum Card,4,Personal Loan
bd1d16c2-4933-11ea-b2a1-b88a60e194fb-1-ps,crmid:4305325015,4,Dividend Card,4,Auto Loan
bd1db438-4933-11ea-bc4c-b88a60e194fb-1-ps,crmid:7463785187,4,Simplicity Card,8,Personal Loan
bd1e7652-4933-11ea-97d3-b88a60e194fb-1-ps,crmid:5221184253,4,Platinum Card,9,Personal Loan
bd1f6076-4933-11ea-a756-b88a60e194fb-1-ps,crmid:3007488494,5,Travel Card,4,Auto Loan
bd1ffcb6-4933-11ea-aa72-b88a60e194fb-1-ps,crmid:9450617479,5,Platinum Card,4,Personal Loan
bd56ec38-4933-11ea-a5ae-b88a60e194fb-1-ps,crmid:6614634193,3,Student Card,2,Business Loan
bd57887e-4933-11ea-a16f-b88a60e194fb-1-ps,crmid:4594927620,2,Travel Card,5,Business Loan
bd5871f0-4933-11ea-975b-b88a60e194fb-1-ps,crmid:3036285602,4,Student Card,4,Auto Loan
bd593628-4933-11ea-af2b-b88a60e194fb-1-ps,crmid:6272822237,5,Travel Card,3,Personal Loan
bd59f88c-4933-11ea-be2c-b88a60e194fb-1-ps,crmid:8595246257,5,Business Card,3,Business Loan
bd5abcd2-4933-11ea-9e72-b88a60e194fb-1-ps,crmid:5160655103,2,Platinum Card,5,Auto Loan
bd5ba694-4933-11ea-aaae-b88a60e194fb-1-ps,crmid:6681142302,6,Rewards Card,4,Business Loan
bd8f88e4-4933-11ea-88f7-b88a60e194fb-1-ps,crmid:1719501746,5,Rewards Card,3,Personal Loan
bd907334-4933-11ea-b376-b88a60e194fb-1-ps,crmid:4179044841,5,Business Card,4,Personal Loan
bd913536-4933-11ea-bb41-b88a60e194fb-1-ps,crmid:3479276277,4,Business Card,9,Personal Loan
bd91f9cc-4933-11ea-b6da-b88a60e194fb-1-ps,crmid:2964280931,3,Business Card,3,Auto Loan
bd92bbc0-4933-11ea-93dc-b88a60e194fb-1-ps,crmid:7162210754,3,Rewards Card,5,Personal Loan
bd93804a-4933-11ea-9ef1-b88a60e194fb-1-ps,crmid:9013657702,4,Business Card,5,Personal Loan
bd946ac6-4933-11ea-b811-b88a60e194fb-1-ps,crmid:9450617479,3,Business Card,4,Auto Loan
bdc84a9e-4933-11ea-96d6-b88a60e194fb-1-ps,crmid:7656061909,6,Dividend Card,1,Personal Loan
bdc90df0-4933-11ea-85be-b88a60e194fb-1-ps,crmid:8276637763,5,Platinum Card,3,Auto Loan
