id,crmid,propensity_score_credit_cards,suggested_credit_card,propensity_score_loan,suggested_loan
d8663a02-4be2-11ea-888d-b88a60e194fb-1-ps,crmid:9278412206,5,Platinum Card,2,Student Loan
d8674b6e-4be2-11ea-bd81-b88a60e194fb-1-ps,crmid:8356049971,9,Dividend Card,4,Student Loan
d86883f0-4be2-11ea-9306-b88a60e194fb-1-ps,crmid:4201125003,4,Simplicity Card,5,Student Loan
d8699554-4be2-11ea-97a7-b88a60e194fb-1-ps,crmid:2724205475,4,Dividend Card,4,Personal Loan
d86a58ae-4be2-11ea-9403-b88a60e194fb-1-ps,crmid:9737654227,4,Simplicity Card,4,Auto Loan
d86b4306-4be2-11ea-b17a-b88a60e194fb-1-ps,crmid:4576508122,4,Rewards Card,3,Business Loan
d86c2d6c-4be2-11ea-b7cb-b88a60e194fb-1-ps,crmid:6575734195,4,Rewards Card,3,Student Loan
d86cf0ba-4be2-11ea-9791-b88a60e194fb-1-ps,crmid:3678702233,3,Business Card,3,Personal Loan
d86e0230-4be2-11ea-80c2-b88a60e194fb-1-ps,crmid:8301532504,6,Platinum Card,4,Business Loan
d86f139c-4be2-11ea-8f57-b88a60e194fb-1-ps,crmid:6881835203,3,Rewards Card,4,Personal Loan
d86ffdf6-4be2-11ea-aefe-b88a60e194fb-1-ps,crmid:4488633350,4,Platinum Card,4,Business Loan
d870e852-4be2-11ea-aee4-b88a60e194fb-1-ps,crmid:3403515083,4,Business Card,5,Personal Loan
d871d2c0-4be2-11ea-868d-b88a60e194fb-1-ps,crmid:2004386461,5,Travel Card,4,Personal Loan
d872960a-4be2-11ea-97b3-b88a60e194fb-1-ps,crmid:1590044261,4,Dividend Card,4,Personal Loan
d9432c24-4be2-11ea-9749-b88a60e194fb-1-ps,crmid:9287094661,4,Platinum Card,4,Personal Loan
d944168c-4be2-11ea-92af-b88a60e194fb-1-ps,crmid:5280224458,4,Platinum Card,7,Personal Loan
d94500ec-4be2-11ea-bc40-b88a60e194fb-1-ps,crmid:6618231154,4,Travel Card,6,Business Loan
d945eb40-4be2-11ea-87fd-b88a60e194fb-1-ps,crmid:3199769507,4,Business Card,4,Business Loan
d946d624-4be2-11ea-8a39-b88a60e194fb-1-ps,crmid:3321862611,4,Dividend Card,3,Business Loan
d947bffe-4be2-11ea-8df5-b88a60e194fb-1-ps,crmid:4909465156,5,Travel Card,4,Student Loan
d948aa5c-4be2-11ea-ad06-b88a60e194fb-1-ps,crmid:2406451171,3,Simplicity Card,4,Personal Loan
d9496da6-4be2-11ea-b46d-b88a60e194fb-1-ps,crmid:9336990307,4,Dividend Card,4,Auto Loan
d94a580c-4be2-11ea-966b-b88a60e194fb-1-ps,crmid:1007287630,5,Student Card,7,Personal Loan
d94b426c-4be2-11ea-8576-b88a60e194fb-1-ps,crmid:7162210754,4,Business Card,5,Business Loan
d94c2cd0-4be2-11ea-b9c6-b88a60e194fb-1-ps,crmid:8199789266,7,Rewards Card,3,Business Loan
d94d1738-4be2-11ea-89ae-b88a60e194fb-1-ps,crmid:1995761431,4,Simplicity Card,5,Business Loan
d94e4fc6-4be2-11ea-916a-b88a60e194fb-1-ps,crmid:9013009454,3,Rewards Card,3,Student Loan
d94f6138-4be2-11ea-8f05-b88a60e194fb-1-ps,crmid:4605765076,5,Dividend Card,6,Student Loan
d9504b94-4be2-11ea-b692-b88a60e194fb-1-ps,crmid:1569193993,4,Simplicity Card,5,Business Loan
da1c74dc-4be2-11ea-8fb3-b88a60e194fb-1-ps,crmid:1134472896,4,Simplicity Card,7,Business Loan
da1dfbc6-4be2-11ea-86ad-b88a60e194fb-1-ps,crmid:4575078708,2,Student Card,4,Business Loan
da1f33f4-4be2-11ea-96d0-b88a60e194fb-1-ps,crmid:3510505352,4,Simplicity Card,5,Student Loan
da201e50-4be2-11ea-8b25-b88a60e194fb-1-ps,crmid:1988754683,4,Rewards Card,4,Student Loan
da212fbe-4be2-11ea-a84b-b88a60e194fb-1-ps,crmid:1021545776,4,Simplicity Card,3,Student Loan
da221b68-4be2-11ea-841b-b88a60e194fb-1-ps,crmid:6215278780,4,Travel Card,3,Student Loan
da235336-4be2-11ea-994f-b88a60e194fb-1-ps,crmid:4001847711,3,Student Card,3,Personal Loan
da243cf8-4be2-11ea-b83a-b88a60e194fb-1-ps,crmid:5632016954,4,Simplicity Card,4,Personal Loan
da252850-4be2-11ea-ac93-b88a60e194fb-1-ps,crmid:5383762100,4,Student Card,2,Personal Loan
da261328-4be2-11ea-bb95-b88a60e194fb-1-ps,crmid:5676509749,5,Platinum Card,5,Personal Loan
da26d712-4be2-11ea-a0bd-b88a60e194fb-1-ps,crmid:2908555304,5,Rewards Card,5,Auto Loan
da27e840-4be2-11ea-8e6a-b88a60e194fb-1-ps,crmid:3557982463,3,Platinum Card,3,Auto Loan
da28abe2-4be2-11ea-aaf9-b88a60e194fb-1-ps,crmid:8887854700,4,Student Card,4,Business Loan
da29e24c-4be2-11ea-ba42-b88a60e194fb-1-ps,crmid:9154438542,4,Simplicity Card,4,Auto Loan
daf659e8-4be2-11ea-9711-b88a60e194fb-1-ps,crmid:3061546961,6,Dividend Card,4,Personal Loan
daf76b1c-4be2-11ea-b33b-b88a60e194fb-1-ps,crmid:3941560535,4,Dividend Card,3,Personal Loan
daf87c9e-4be2-11ea-947d-b88a60e194fb-1-ps,crmid:4159109606,2,Dividend Card,3,Student Loan
daf98e10-4be2-11ea-831a-b88a60e194fb-1-ps,crmid:9046748983,3,Simplicity Card,3,Business Loan
dafa78ca-4be2-11ea-a81e-b88a60e194fb-1-ps,crmid:7988858646,4,Rewards Card,7,Auto Loan
dafb8a12-4be2-11ea-9069-b88a60e194fb-1-ps,crmid:8535234346,4,Platinum Card,7,Personal Loan
dafc7438-4be2-11ea-ad91-b88a60e194fb-1-ps,crmid:1228802382,2,Student Card,7,Student Loan
dafd38dc-4be2-11ea-8e59-b88a60e194fb-1-ps,crmid:3025601502,4,Platinum Card,6,Auto Loan
dafe494a-4be2-11ea-b6bc-b88a60e194fb-1-ps,crmid:6895473481,8,Business Card,5,Personal Loan
daff0c4c-4be2-11ea-9702-b88a60e194fb-1-ps,crmid:6661976104,5,Travel Card,5,Personal Loan
dafff794-4be2-11ea-9ada-b88a60e194fb-1-ps,crmid:8054639727,6,Business Card,4,Business Loan
db00bb4c-4be2-11ea-ae44-b88a60e194fb-1-ps,crmid:2043643676,6,Travel Card,5,Business Loan
db01a594-4be2-11ea-bbef-b88a60e194fb-1-ps,crmid:4487847291,5,Platinum Card,3,Personal Loan
db0268e6-4be2-11ea-a250-b88a60e194fb-1-ps,crmid:9894363336,4,Dividend Card,4,Personal Loan
db037a4c-4be2-11ea-a379-b88a60e194fb-1-ps,crmid:7813857145,5,Platinum Card,4,Business Loan
dbd08cc6-4be2-11ea-8e92-b88a60e194fb-1-ps,crmid:2241987911,3,Simplicity Card,4,Business Loan
dbd17890-4be2-11ea-b92a-b88a60e194fb-1-ps,crmid:9756692745,3,Dividend Card,3,Student Loan
dbd2b0ca-4be2-11ea-a8b0-b88a60e194fb-1-ps,crmid:3865617449,4,Rewards Card,4,Personal Loan
dbd3741c-4be2-11ea-a0b4-b88a60e194fb-1-ps,crmid:3979098358,4,Simplicity Card,4,Personal Loan
dbd43794-4be2-11ea-af6e-b88a60e194fb-1-ps,crmid:2727238036,5,Business Card,6,Personal Loan
dbd52152-4be2-11ea-b9cc-b88a60e194fb-1-ps,crmid:2306442646,4,Travel Card,4,Business Loan
dbd631fe-4be2-11ea-872a-b88a60e194fb-1-ps,crmid:7370321663,4,Student Card,3,Personal Loan
dbd6f718-4be2-11ea-95e0-b88a60e194fb-1-ps,crmid:8943471985,3,Student Card,4,Personal Loan
dbd7ba08-4be2-11ea-bde5-b88a60e194fb-1-ps,crmid:8792579946,6,Student Card,2,Auto Loan
dbd8a376-4be2-11ea-8137-b88a60e194fb-1-ps,crmid:3207549736,3,Business Card,4,Personal Loan
dbd9b462-4be2-11ea-9ecb-b88a60e194fb-1-ps,crmid:4680424852,5,Student Card,2,Personal Loan
dbda77b8-4be2-11ea-8ff1-b88a60e194fb-1-ps,crmid:9162186971,5,Rewards Card,5,Auto Loan
dbdb3b68-4be2-11ea-9cfc-b88a60e194fb-1-ps,crmid:2935659190,4,Business Card,4,Auto Loan
dbdc256e-4be2-11ea-ad5c-b88a60e194fb-1-ps,crmid:7151134810,5,Rewards Card,4,Personal Loan
dbdd0fc8-4be2-11ea-98fd-b88a60e194fb-1-ps,crmid:9778159540,6,Simplicity Card,4,Business Loan
dca9fde6-4be2-11ea-be28-b88a60e194fb-1-ps,crmid:9140916107,5,Rewards Card,2,Personal Loan
dcaae6f6-4be2-11ea-b863-b88a60e194fb-1-ps,crmid:5725470392,3,Travel Card,5,Auto Loan
dcabd262-4be2-11ea-96bf-b88a60e194fb-1-ps,crmid:7182300378,2,Simplicity Card,7,Personal Loan
dcac95e2-4be2-11ea-a5e2-b88a60e194fb-1-ps,crmid:1110976354,4,Business Card,4,Student Loan
dcad5940-4be2-11ea-ab15-b88a60e194fb-1-ps,crmid:7224572472,4,Student Card,4,Auto Loan
dcae4246-4be2-11ea-b8cb-b88a60e194fb-1-ps,crmid:2426390099,2,Rewards Card,5,Student Loan
dcaf53a2-4be2-11ea-9f84-b88a60e194fb-1-ps,crmid:8475526278,3,Student Card,2,Auto Loan
dcb0651e-4be2-11ea-8ced-b88a60e194fb-1-ps,crmid:5870026980,5,Platinum Card,4,Personal Loan
dcb129b6-4be2-11ea-87c3-b88a60e194fb-1-ps,crmid:1341153599,6,Travel Card,3,Student Loan
dcb1ecec-4be2-11ea-8cc6-b88a60e194fb-1-ps,crmid:2167208341,4,Student Card,3,Personal Loan
dcb2d718-4be2-11ea-b797-b88a60e194fb-1-ps,crmid:1336043012,4,Travel Card,5,Student Loan
dcb39ac0-4be2-11ea-ab83-b88a60e194fb-1-ps,crmid:2583057771,4,Travel Card,4,Personal Loan
dcb483b6-4be2-11ea-b0ce-b88a60e194fb-1-ps,crmid:6914374796,5,Simplicity Card,6,Student Loan
dcb60a62-4be2-11ea-9656-b88a60e194fb-1-ps,crmid:7829902613,5,Business Card,6,Student Loan
dcb7b874-4be2-11ea-986f-b88a60e194fb-1-ps,crmid:8565920325,3,Business Card,4,Personal Loan
dd8715a2-4be2-11ea-81b3-b88a60e194fb-1-ps,crmid:5676475405,3,Business Card,5,Auto Loan
dd880006-4be2-11ea-b07b-b88a60e194fb-1-ps,crmid:9028140793,6,Travel Card,4,Student Loan
dd88ea54-4be2-11ea-b5ef-b88a60e194fb-1-ps,crmid:4933740132,5,Travel Card,5,Business Loan
dd89ada6-4be2-11ea-949e-b88a60e194fb-1-ps,crmid:2029703963,4,Rewards Card,5,Student Loan
dd8a70f6-4be2-11ea-b416-b88a60e194fb-1-ps,crmid:4842391528,4,Travel Card,3,Auto Loan
dd8b5b64-4be2-11ea-b001-b88a60e194fb-1-ps,crmid:9493302959,5,Business Card,5,Personal Loan
dd8c45ac-4be2-11ea-a26d-b88a60e194fb-1-ps,crmid:9875737964,3,Dividend Card,4,Business Loan
dd8d3042-4be2-11ea-be0e-b88a60e194fb-1-ps,crmid:3190687218,3,Business Card,4,Personal Loan
dd8df366-4be2-11ea-875f-b88a60e194fb-1-ps,crmid:5754735603,2,Simplicity Card,4,Auto Loan
dd8eddc2-4be2-11ea-ac00-b88a60e194fb-1-ps,crmid:2525995368,4,Business Card,3,Student Loan
dd8fa118-4be2-11ea-954a-b88a60e194fb-1-ps,crmid:5201945387,8,Rewards Card,5,Business Loan
dd906464-4be2-11ea-9762-b88a60e194fb-1-ps,crmid:5825416224,3,Business Card,3,Student Loan
dd9175de-4be2-11ea-815b-b88a60e194fb-1-ps,crmid:2205865554,4,Simplicity Card,6,Business Loan
dd9261ba-4be2-11ea-8222-b88a60e194fb-1-ps,crmid:3339251959,3,Platinum Card,4,Personal Loan
de6196f8-4be2-11ea-801b-b88a60e194fb-1-ps,crmid:9963483836,4,Simplicity Card,5,Auto Loan
de628152-4be2-11ea-b8ad-b88a60e194fb-1-ps,crmid:7950880510,3,Travel Card,3,Auto Loan
de6344ae-4be2-11ea-8990-b88a60e194fb-1-ps,crmid:5202045988,4,Platinum Card,3,Business Loan
de642f00-4be2-11ea-a3c2-b88a60e194fb-1-ps,crmid:7577767342,3,Student Card,3,Student Loan
de64f250-4be2-11ea-8307-b88a60e194fb-1-ps,crmid:4617805648,4,Rewards Card,4,Auto Loan
de65dc76-4be2-11ea-8c1c-b88a60e194fb-1-ps,crmid:8928981064,3,Dividend Card,5,Personal Loan
de66c6d8-4be2-11ea-baab-b88a60e194fb-1-ps,crmid:9010121872,4,Dividend Card,2,Business Loan
de678a28-4be2-11ea-9f64-b88a60e194fb-1-ps,crmid:7009063322,4,Platinum Card,3,Personal Loan
de68752e-4be2-11ea-8e79-b88a60e194fb-1-ps,crmid:8754501856,3,Travel Card,4,Student Loan
de696036-4be2-11ea-9b23-b88a60e194fb-1-ps,crmid:4491373876,0,Rewards Card,5,Auto Loan
de6a2266-4be2-11ea-9c42-b88a60e194fb-1-ps,crmid:3682836942,6,Business Card,5,Personal Loan
de6b0e22-4be2-11ea-b2cc-b88a60e194fb-1-ps,crmid:6388329803,5,Travel Card,4,Auto Loan
de6d08a6-4be2-11ea-b542-b88a60e194fb-1-ps,crmid:5397318719,4,Travel Card,4,Auto Loan
de6e19da-4be2-11ea-b755-b88a60e194fb-1-ps,crmid:6788947092,9,Platinum Card,4,Personal Loan
de6edd34-4be2-11ea-9d0d-b88a60e194fb-1-ps,crmid:5105347037,5,Platinum Card,5,Auto Loan
de6fc786-4be2-11ea-ac35-b88a60e194fb-1-ps,crmid:8978577739,3,Travel Card,4,Student Loan
df420cd4-4be2-11ea-b03d-b88a60e194fb-1-ps,crmid:9250572741,2,Travel Card,5,Student Loan
df431e46-4be2-11ea-a8c7-b88a60e194fb-1-ps,crmid:5908824556,4,Rewards Card,6,Student Loan
df44073a-4be2-11ea-82a9-b88a60e194fb-1-ps,crmid:7237660193,5,Rewards Card,3,Auto Loan
df44f2ee-4be2-11ea-aa5e-b88a60e194fb-1-ps,crmid:6563461903,4,Rewards Card,4,Personal Loan
df45b636-4be2-11ea-bbe1-b88a60e194fb-1-ps,crmid:3554701775,5,Student Card,7,Auto Loan
df46a064-4be2-11ea-b528-b88a60e194fb-1-ps,crmid:7821931436,3,Business Card,3,Auto Loan
df478b58-4be2-11ea-9985-b88a60e194fb-1-ps,crmid:6191248040,4,Business Card,3,Business Loan
df484e52-4be2-11ea-b382-b88a60e194fb-1-ps,crmid:4559523548,4,Rewards Card,4,Personal Loan
df493826-4be2-11ea-8949-b88a60e194fb-1-ps,crmid:1789207083,4,Rewards Card,4,Business Loan
df49fac6-4be2-11ea-a71c-b88a60e194fb-1-ps,crmid:8547188647,4,Business Card,8,Business Loan
df4ae51c-4be2-11ea-8d5c-b88a60e194fb-1-ps,crmid:1993325646,5,Platinum Card,4,Auto Loan
df4bd0ac-4be2-11ea-b7d2-b88a60e194fb-1-ps,crmid:5943171713,2,Travel Card,3,Personal Loan
df4c945a-4be2-11ea-ae89-b88a60e194fb-1-ps,crmid:9952850655,5,Platinum Card,4,Student Loan
df4d5618-4be2-11ea-9a23-b88a60e194fb-1-ps,crmid:8554228418,4,Dividend Card,5,Business Loan
e01bf19a-4be2-11ea-84e6-b88a60e194fb-1-ps,crmid:9691833149,4,Student Card,4,Personal Loan
e01cdc18-4be2-11ea-98b1-b88a60e194fb-1-ps,crmid:6725879828,3,Platinum Card,3,Student Loan
e01dc536-4be2-11ea-8443-b88a60e194fb-1-ps,crmid:4047971441,3,Business Card,4,Personal Loan
e01e89b6-4be2-11ea-8470-b88a60e194fb-1-ps,crmid:8036061615,7,Business Card,5,Auto Loan
e01fe7e8-4be2-11ea-943c-b88a60e194fb-1-ps,crmid:2510747371,3,Platinum Card,5,Auto Loan
e020f9f8-4be2-11ea-999c-b88a60e194fb-1-ps,crmid:1115789893,4,Business Card,10,Personal Loan
e021e3a4-4be2-11ea-b864-b88a60e194fb-1-ps,crmid:9011062164,3,Dividend Card,3,Business Loan
e022f690-4be2-11ea-b9f7-b88a60e194fb-1-ps,crmid:2145771970,2,Simplicity Card,5,Student Loan
e023e0a8-4be2-11ea-ad75-b88a60e194fb-1-ps,crmid:4238695290,4,Business Card,2,Personal Loan
e024a326-4be2-11ea-9276-b88a60e194fb-1-ps,crmid:2029468759,3,Simplicity Card,5,Personal Loan
e0258d2e-4be2-11ea-a332-b88a60e194fb-1-ps,crmid:6962899490,2,Rewards Card,4,Auto Loan
e026a006-4be2-11ea-bfff-b88a60e194fb-1-ps,crmid:7092039767,6,Dividend Card,4,Personal Loan
e0276354-4be2-11ea-b641-b88a60e194fb-1-ps,crmid:6196864188,4,Rewards Card,4,Personal Loan
e0282676-4be2-11ea-985c-b88a60e194fb-1-ps,crmid:7903103063,5,Platinum Card,3,Student Loan
e029109e-4be2-11ea-aeb1-b88a60e194fb-1-ps,crmid:7706646054,2,Rewards Card,6,Personal Loan
e0fade74-4be2-11ea-9e9d-b88a60e194fb-1-ps,crmid:8230328659,3,Rewards Card,6,Student Loan
e0fbc8ae-4be2-11ea-ae23-b88a60e194fb-1-ps,crmid:1495892080,2,Student Card,4,Business Loan
e0fcb30a-4be2-11ea-ac61-b88a60e194fb-1-ps,crmid:4525493420,4,Dividend Card,4,Business Loan
e0fd7662-4be2-11ea-81e1-b88a60e194fb-1-ps,crmid:9011062164,4,Travel Card,3,Auto Loan
e0fe60ca-4be2-11ea-8371-b88a60e194fb-1-ps,crmid:4613748328,3,Rewards Card,4,Auto Loan
e0ff7206-4be2-11ea-957b-b88a60e194fb-1-ps,crmid:6082393474,5,Travel Card,4,Personal Loan
e1005c64-4be2-11ea-bdd1-b88a60e194fb-1-ps,crmid:2110811916,3,Travel Card,5,Business Loan
e1011fb6-4be2-11ea-8969-b88a60e194fb-1-ps,crmid:6290693243,8,Student Card,3,Business Loan
e101e306-4be2-11ea-bf5c-b88a60e194fb-1-ps,crmid:6507148809,4,Business Card,8,Personal Loan
e102f46c-4be2-11ea-b61d-b88a60e194fb-1-ps,crmid:3194380113,5,Simplicity Card,4,Auto Loan
e103b7c0-4be2-11ea-b071-b88a60e194fb-1-ps,crmid:7867109452,5,Dividend Card,2,Personal Loan
e104c92e-4be2-11ea-a270-b88a60e194fb-1-ps,crmid:6594560772,4,Student Card,4,Personal Loan
e105b392-4be2-11ea-bfe3-b88a60e194fb-1-ps,crmid:9847205233,4,Business Card,4,Personal Loan
e10677ba-4be2-11ea-9259-b88a60e194fb-1-ps,crmid:8020517641,5,Travel Card,4,Auto Loan
e107618c-4be2-11ea-bd40-b88a60e194fb-1-ps,crmid:6275633934,4,Simplicity Card,5,Auto Loan
e10899dc-4be2-11ea-bf46-b88a60e194fb-1-ps,crmid:1078051885,4,Student Card,2,Auto Loan
e1db04a6-4be2-11ea-a69d-b88a60e194fb-1-ps,crmid:1771817889,5,Student Card,3,Auto Loan
e1dc8b9c-4be2-11ea-9b9f-b88a60e194fb-1-ps,crmid:5183337878,4,Student Card,2,Student Loan
e1dd9cf0-4be2-11ea-8c54-b88a60e194fb-1-ps,crmid:2595929101,4,Rewards Card,3,Business Loan
e1de8862-4be2-11ea-98e9-b88a60e194fb-1-ps,crmid:8511413476,5,Travel Card,3,Personal Loan
e1df988a-4be2-11ea-a639-b88a60e194fb-1-ps,crmid:6640086344,5,Rewards Card,5,Business Loan
e1e05c10-4be2-11ea-8b65-b88a60e194fb-1-ps,crmid:1779606496,4,Rewards Card,6,Personal Loan
e1e147a6-4be2-11ea-9377-b88a60e194fb-1-ps,crmid:4231291224,4,Rewards Card,4,Business Loan
e1e20ae4-4be2-11ea-8d6a-b88a60e194fb-1-ps,crmid:4905703415,4,Rewards Card,4,Business Loan
e1e31c12-4be2-11ea-bd56-b88a60e194fb-1-ps,crmid:4280267150,5,Platinum Card,6,Student Loan
e1e40566-4be2-11ea-b9ba-b88a60e194fb-1-ps,crmid:7547157055,4,Travel Card,6,Student Loan
e1e4f118-4be2-11ea-b0f4-b88a60e194fb-1-ps,crmid:5142589668,10,Dividend Card,4,Business Loan
e1e5dbf8-4be2-11ea-b167-b88a60e194fb-1-ps,crmid:5729982102,4,Platinum Card,8,Auto Loan
e1e6c46e-4be2-11ea-be72-b88a60e194fb-1-ps,crmid:9765508956,4,Rewards Card,4,Personal Loan
e1e7d73a-4be2-11ea-b657-b88a60e194fb-1-ps,crmid:7831471141,3,Business Card,6,Auto Loan
e2b9a47a-4be2-11ea-9c81-b88a60e194fb-1-ps,crmid:3403177009,3,Simplicity Card,4,Auto Loan
e2ba9068-4be2-11ea-87a7-b88a60e194fb-1-ps,crmid:9449854807,8,Student Card,5,Personal Loan
e2bb7a52-4be2-11ea-950f-b88a60e194fb-1-ps,crmid:4832585033,3,Business Card,3,Personal Loan
e2bc3de4-4be2-11ea-bdae-b88a60e194fb-1-ps,crmid:3119656682,5,Platinum Card,5,Personal Loan
e2bd0148-4be2-11ea-b852-b88a60e194fb-1-ps,crmid:6171020475,5,Platinum Card,4,Personal Loan
e2bdeb22-4be2-11ea-8c0f-b88a60e194fb-1-ps,crmid:8745402400,4,Dividend Card,3,Auto Loan
e2beaee6-4be2-11ea-9a12-b88a60e194fb-1-ps,crmid:6077369478,4,Dividend Card,3,Personal Loan
e2bf97d4-4be2-11ea-abab-b88a60e194fb-1-ps,crmid:9282346813,4,Rewards Card,7,Business Loan
e2c083b0-4be2-11ea-8d3b-b88a60e194fb-1-ps,crmid:8969702846,5,Travel Card,4,Business Loan
e2c14706-4be2-11ea-b005-b88a60e194fb-1-ps,crmid:5606010670,4,Rewards Card,2,Business Loan
e2c258b0-4be2-11ea-b6ef-b88a60e194fb-1-ps,crmid:2151484832,4,Travel Card,3,Personal Loan
e2c31b5c-4be2-11ea-a6e0-b88a60e194fb-1-ps,crmid:2929401098,4,Business Card,3,Personal Loan
e2c3defa-4be2-11ea-b6ad-b88a60e194fb-1-ps,crmid:7001176216,4,Business Card,4,Personal Loan
e2c4efb0-4be2-11ea-816a-b88a60e194fb-1-ps,crmid:2345853798,5,Dividend Card,9,Student Loan
e2c5d96e-4be2-11ea-b426-b88a60e194fb-1-ps,crmid:4285920050,6,Simplicity Card,4,Personal Loan
e3950ffa-4be2-11ea-ac93-b88a60e194fb-1-ps,crmid:9201800380,7,Dividend Card,4,Business Loan
e395fa46-4be2-11ea-97c9-b88a60e194fb-1-ps,crmid:6123834739,3,Simplicity Card,5,Student Loan
e396e4c0-4be2-11ea-93c9-b88a60e194fb-1-ps,crmid:2669509007,5,Platinum Card,4,Auto Loan
e397a7f8-4be2-11ea-b237-b88a60e194fb-1-ps,crmid:2284391735,4,Rewards Card,6,Business Loan
e398b9f6-4be2-11ea-a30e-b88a60e194fb-1-ps,crmid:4857828706,5,Student Card,5,Business Loan
e399cc62-4be2-11ea-9587-b88a60e194fb-1-ps,crmid:8903085224,3,Simplicity Card,3,Personal Loan
e39a8fac-4be2-11ea-807e-b88a60e194fb-1-ps,crmid:5602908902,4,Student Card,3,Personal Loan
e39ba094-4be2-11ea-92c1-b88a60e194fb-1-ps,crmid:7474485462,3,Simplicity Card,8,Auto Loan
e39c6430-4be2-11ea-be07-b88a60e194fb-1-ps,crmid:2052002843,6,Dividend Card,3,Business Loan
e39d7462-4be2-11ea-92b6-b88a60e194fb-1-ps,crmid:9823574723,4,Business Card,5,Personal Loan
e39e38a8-4be2-11ea-86f1-b88a60e194fb-1-ps,crmid:6063816784,5,Dividend Card,3,Business Loan
e39efb08-4be2-11ea-b627-b88a60e194fb-1-ps,crmid:2330001757,3,Simplicity Card,3,Personal Loan
e39fe590-4be2-11ea-9a4d-b88a60e194fb-1-ps,crmid:3596050710,5,Business Card,4,Student Loan
e3a0cfa8-4be2-11ea-af15-b88a60e194fb-1-ps,crmid:4603487969,4,Simplicity Card,3,Student Loan
e3a193fe-4be2-11ea-a55f-b88a60e194fb-1-ps,crmid:9466284422,4,Business Card,3,Personal Loan
e3a257a6-4be2-11ea-87f0-b88a60e194fb-1-ps,crmid:3660789523,2,Rewards Card,4,Personal Loan
e4744c00-4be2-11ea-9910-b88a60e194fb-1-ps,crmid:6686838211,5,Simplicity Card,3,Personal Loan
e475365e-4be2-11ea-93e5-b88a60e194fb-1-ps,crmid:7922893634,5,Platinum Card,4,Auto Loan
e47620c8-4be2-11ea-a1ce-b88a60e194fb-1-ps,crmid:7935564274,4,Business Card,5,Personal Loan
e476e412-4be2-11ea-92b5-b88a60e194fb-1-ps,crmid:8671627706,5,Business Card,6,Personal Loan
e477ce78-4be2-11ea-b885-b88a60e194fb-1-ps,crmid:2971304440,3,Travel Card,3,Personal Loan
e4792e1e-4be2-11ea-81bd-b88a60e194fb-1-ps,crmid:6390682956,7,Dividend Card,3,Personal Loan
e47a6680-4be2-11ea-a626-b88a60e194fb-1-ps,crmid:5109852249,4,Student Card,4,Personal Loan
e47b77e4-4be2-11ea-a1a9-b88a60e194fb-1-ps,crmid:4770505525,3,Rewards Card,4,Business Loan
e47c3b3a-4be2-11ea-a8ba-b88a60e194fb-1-ps,crmid:4532651966,4,Platinum Card,8,Personal Loan
e47cfe8a-4be2-11ea-b07b-b88a60e194fb-1-ps,crmid:2532686103,4,Platinum Card,4,Personal Loan
e47dea1e-4be2-11ea-a8d0-b88a60e194fb-1-ps,crmid:3750217945,5,Business Card,4,Student Loan
e47ed4f4-4be2-11ea-88c4-b88a60e194fb-1-ps,crmid:6914741991,4,Simplicity Card,4,Personal Loan
e47fbdc2-4be2-11ea-b45b-b88a60e194fb-1-ps,crmid:8167023532,4,Simplicity Card,5,Personal Loan
e480cf22-4be2-11ea-b4e9-b88a60e194fb-1-ps,crmid:4784294505,4,Rewards Card,4,Student Loan
e54ef436-4be2-11ea-ba0c-b88a60e194fb-1-ps,crmid:7207654249,6,Platinum Card,5,Student Loan
e54fde9e-4be2-11ea-b5aa-b88a60e194fb-1-ps,crmid:7595880385,4,Student Card,5,Personal Loan
e550c8fa-4be2-11ea-9a81-b88a60e194fb-1-ps,crmid:6344252549,8,Travel Card,3,Student Loan
e551b352-4be2-11ea-a9dd-b88a60e194fb-1-ps,crmid:5136933374,9,Business Card,5,Student Loan
e5529db4-4be2-11ea-b9b6-b88a60e194fb-1-ps,crmid:6865042495,7,Platinum Card,6,Business Loan
e5538802-4be2-11ea-8717-b88a60e194fb-1-ps,crmid:5630670574,4,Dividend Card,5,Auto Loan
e5547286-4be2-11ea-bc59-b88a60e194fb-1-ps,crmid:3056987159,3,Simplicity Card,5,Personal Loan
e5553712-4be2-11ea-8887-b88a60e194fb-1-ps,crmid:3929811172,3,Student Card,3,Personal Loan
e5562030-4be2-11ea-a02d-b88a60e194fb-1-ps,crmid:3479276277,4,Dividend Card,3,Auto Loan
e556e48c-4be2-11ea-8392-b88a60e194fb-1-ps,crmid:5203748723,9,Travel Card,3,Personal Loan
e557cdd0-4be2-11ea-af3d-b88a60e194fb-1-ps,crmid:3870725872,2,Business Card,5,Personal Loan
e558b982-4be2-11ea-b50e-b88a60e194fb-1-ps,crmid:4083654166,2,Travel Card,3,Auto Loan
e559a2e4-4be2-11ea-881e-b88a60e194fb-1-ps,crmid:5588861297,3,Business Card,4,Student Loan
e55a8cf8-4be2-11ea-bfa7-b88a60e194fb-1-ps,crmid:1261660461,5,Dividend Card,4,Student Loan
e55b7874-4be2-11ea-83fa-b88a60e194fb-1-ps,crmid:4754502039,3,Rewards Card,4,Auto Loan
e62ca9ee-4be2-11ea-b569-b88a60e194fb-1-ps,crmid:4515903809,6,Dividend Card,3,Student Loan
e62d9568-4be2-11ea-a85e-b88a60e194fb-1-ps,crmid:4519324215,3,Rewards Card,3,Personal Loan
e62e7fba-4be2-11ea-a022-b88a60e194fb-1-ps,crmid:6494367260,5,Simplicity Card,5,Student Loan
e62f4306-4be2-11ea-b1eb-b88a60e194fb-1-ps,crmid:6210136930,2,Simplicity Card,3,Personal Loan
e6305336-4be2-11ea-a071-b88a60e194fb-1-ps,crmid:9034892429,4,Business Card,4,Student Loan
e6311890-4be2-11ea-b22d-b88a60e194fb-1-ps,crmid:4460952223,3,Rewards Card,9,Personal Loan
e63201ee-4be2-11ea-990c-b88a60e194fb-1-ps,crmid:5823404849,2,Simplicity Card,4,Auto Loan
e632eb3e-4be2-11ea-8ead-b88a60e194fb-1-ps,crmid:8678166600,3,Simplicity Card,5,Auto Loan
e633b08c-4be2-11ea-ad48-b88a60e194fb-1-ps,crmid:6181094741,4,Student Card,4,Personal Loan
e63498f4-4be2-11ea-b6c1-b88a60e194fb-1-ps,crmid:3308817526,5,Dividend Card,3,Personal Loan
e6355d86-4be2-11ea-b266-b88a60e194fb-1-ps,crmid:6455730224,5,Student Card,9,Auto Loan
e63646ba-4be2-11ea-83f5-b88a60e194fb-1-ps,crmid:5351724739,3,Platinum Card,3,Auto Loan
e63732e4-4be2-11ea-8832-b88a60e194fb-1-ps,crmid:3291396996,5,Platinum Card,3,Personal Loan
e6381b5e-4be2-11ea-afc5-b88a60e194fb-1-ps,crmid:7334465098,4,Student Card,3,Business Loan
e6390678-4be2-11ea-a33c-b88a60e194fb-1-ps,crmid:8088636317,4,Dividend Card,6,Auto Loan
e639f0e4-4be2-11ea-b7a2-b88a60e194fb-1-ps,crmid:5566213376,5,Business Card,2,Student Loan
e70afb7a-4be2-11ea-a029-b88a60e194fb-1-ps,crmid:1995887795,5,Travel Card,3,Auto Loan
e70be72c-4be2-11ea-b531-b88a60e194fb-1-ps,crmid:2602116454,3,Business Card,3,Auto Loan
e70cd180-4be2-11ea-821e-b88a60e194fb-1-ps,crmid:4521603094,3,Rewards Card,4,Personal Loan
e70dbab4-4be2-11ea-a45b-b88a60e194fb-1-ps,crmid:1930536994,7,Dividend Card,5,Business Loan
e70e7df6-4be2-11ea-870a-b88a60e194fb-1-ps,crmid:1219549398,4,Business Card,5,Personal Loan
e70f9042-4be2-11ea-99dc-b88a60e194fb-1-ps,crmid:9698218479,4,Dividend Card,3,Personal Loan
e71079ae-4be2-11ea-b069-b88a60e194fb-1-ps,crmid:3301934490,4,Platinum Card,4,Auto Loan
e7116586-4be2-11ea-b9b3-b88a60e194fb-1-ps,crmid:7372644634,5,Simplicity Card,5,Business Loan
e7124e74-4be2-11ea-b130-b88a60e194fb-1-ps,crmid:3913990155,5,Rewards Card,2,Personal Loan
e7133a2e-4be2-11ea-bc83-b88a60e194fb-1-ps,crmid:6973500221,4,Dividend Card,4,Personal Loan
e713fd6e-4be2-11ea-b67d-b88a60e194fb-1-ps,crmid:2520557543,3,Business Card,3,Personal Loan
e7150dac-4be2-11ea-99d2-b88a60e194fb-1-ps,crmid:1739825060,2,Student Card,5,Business Loan
e715d0dc-4be2-11ea-b5ac-b88a60e194fb-1-ps,crmid:6292577431,4,Student Card,4,Student Loan
e7170976-4be2-11ea-80f1-b88a60e194fb-1-ps,crmid:3350660785,3,Travel Card,3,Personal Loan
e7ecf812-4be2-11ea-a03f-b88a60e194fb-1-ps,crmid:3334215251,3,Platinum Card,5,Personal Loan
e7edbb52-4be2-11ea-b486-b88a60e194fb-1-ps,crmid:9748970518,3,Simplicity Card,6,Business Loan
e7eea5ae-4be2-11ea-be49-b88a60e194fb-1-ps,crmid:3578986983,4,Student Card,5,Personal Loan
e7ef678a-4be2-11ea-bcba-b88a60e194fb-1-ps,crmid:4143968319,3,Platinum Card,5,Personal Loan
e7f07978-4be2-11ea-bbef-b88a60e194fb-1-ps,crmid:9530650870,4,Simplicity Card,5,Business Loan
e7f13c46-4be2-11ea-a906-b88a60e194fb-1-ps,crmid:3660789523,9,Dividend Card,3,Personal Loan
e7f24dfe-4be2-11ea-b055-b88a60e194fb-1-ps,crmid:5248524762,4,Travel Card,2,Personal Loan
e7f33810-4be2-11ea-b378-b88a60e194fb-1-ps,crmid:1009691329,4,Business Card,10,Personal Loan
e7f3fb66-4be2-11ea-ab43-b88a60e194fb-1-ps,crmid:2379650123,5,Platinum Card,4,Student Loan
e7f4e690-4be2-11ea-915a-b88a60e194fb-1-ps,crmid:2754639528,3,Business Card,5,Student Loan
e7f5a918-4be2-11ea-8275-b88a60e194fb-1-ps,crmid:9239824290,5,Platinum Card,5,Business Loan
e7f69374-4be2-11ea-ab72-b88a60e194fb-1-ps,crmid:1002387514,5,Rewards Card,4,Personal Loan
e7f77dd4-4be2-11ea-94c3-b88a60e194fb-1-ps,crmid:1076036494,3,Student Card,4,Student Loan
e7f88f3a-4be2-11ea-84e3-b88a60e194fb-1-ps,crmid:7288109580,2,Simplicity Card,4,Auto Loan
e7f95294-4be2-11ea-a212-b88a60e194fb-1-ps,crmid:3779898758,3,Rewards Card,4,Personal Loan
e8cc5b12-4be2-11ea-8ce2-b88a60e194fb-1-ps,crmid:5131816304,5,Dividend Card,4,Student Loan
e8cd445e-4be2-11ea-9d91-b88a60e194fb-1-ps,crmid:6997298326,6,Student Card,3,Auto Loan
e8ce3014-4be2-11ea-af8b-b88a60e194fb-1-ps,crmid:7410716670,3,Dividend Card,3,Business Loan
e8cf1914-4be2-11ea-acfa-b88a60e194fb-1-ps,crmid:4455901518,4,Travel Card,5,Personal Loan
e8cfdc38-4be2-11ea-a21e-b88a60e194fb-1-ps,crmid:8899139231,4,Simplicity Card,4,Personal Loan
e8d0c7dc-4be2-11ea-9985-b88a60e194fb-1-ps,crmid:3490515300,4,Dividend Card,4,Personal Loan
e8d18b4a-4be2-11ea-9277-b88a60e194fb-1-ps,crmid:3489408991,5,Student Card,3,Personal Loan
e8d2759a-4be2-11ea-889d-b88a60e194fb-1-ps,crmid:5373706642,4,Business Card,4,Personal Loan
e8d36058-4be2-11ea-ae02-b88a60e194fb-1-ps,crmid:7837589173,7,Travel Card,5,Auto Loan
e8d42338-4be2-11ea-aeff-b88a60e194fb-1-ps,crmid:8150586070,5,Platinum Card,4,Student Loan
e8d50d90-4be2-11ea-bb56-b88a60e194fb-1-ps,crmid:2419732070,6,Business Card,5,Student Loan
e8d5f7fa-4be2-11ea-b068-b88a60e194fb-1-ps,crmid:7350762876,3,Platinum Card,4,Personal Loan
e8d6e13a-4be2-11ea-a07e-b88a60e194fb-1-ps,crmid:4788946875,4,Simplicity Card,3,Student Loan
e8d7a5b6-4be2-11ea-b706-b88a60e194fb-1-ps,crmid:5149322562,3,Platinum Card,4,Business Loan
e8d86846-4be2-11ea-a70c-b88a60e194fb-1-ps,crmid:1127732679,3,Dividend Card,6,Personal Loan
e8d95368-4be2-11ea-82d2-b88a60e194fb-1-ps,crmid:7335401905,4,Simplicity Card,2,Student Loan
e9aef146-4be2-11ea-83cb-b88a60e194fb-1-ps,crmid:1868836741,5,Platinum Card,6,Personal Loan
e9afdb9e-4be2-11ea-b64b-b88a60e194fb-1-ps,crmid:6220796078,4,Dividend Card,2,Auto Loan
e9b09ee2-4be2-11ea-b5b4-b88a60e194fb-1-ps,crmid:4658306111,3,Dividend Card,4,Personal Loan
e9b18986-4be2-11ea-8db1-b88a60e194fb-1-ps,crmid:7790776676,3,Student Card,4,Personal Loan
e9b2c1d8-4be2-11ea-9c49-b88a60e194fb-1-ps,crmid:5628073611,5,Student Card,5,Student Loan
e9b3851e-4be2-11ea-999f-b88a60e194fb-1-ps,crmid:7002082290,4,Dividend Card,7,Personal Loan
e9b44878-4be2-11ea-9fdf-b88a60e194fb-1-ps,crmid:3956905743,3,Student Card,6,Personal Loan
e9b532ca-4be2-11ea-8dd6-b88a60e194fb-1-ps,crmid:9048380244,3,Business Card,4,Personal Loan
e9b61d2c-4be2-11ea-8c81-b88a60e194fb-1-ps,crmid:1014748486,4,Travel Card,6,Student Loan
e9b7078c-4be2-11ea-893b-b88a60e194fb-1-ps,crmid:3219953630,3,Travel Card,4,Student Loan
e9b7caf4-4be2-11ea-b906-b88a60e194fb-1-ps,crmid:5825517251,4,Dividend Card,3,Personal Loan
e9b8b540-4be2-11ea-840b-b88a60e194fb-1-ps,crmid:1274756894,5,Business Card,4,Personal Loan
e9b978e4-4be2-11ea-b1e3-b88a60e194fb-1-ps,crmid:4343718683,3,Travel Card,5,Auto Loan
e9ba62de-4be2-11ea-a9a9-b88a60e194fb-1-ps,crmid:4595254931,3,Rewards Card,3,Auto Loan
ea8ea3a4-4be2-11ea-bb21-b88a60e194fb-1-ps,crmid:5490199009,4,Business Card,6,Auto Loan
ea8f8dec-4be2-11ea-83ee-b88a60e194fb-1-ps,crmid:1041890664,5,Business Card,4,Student Loan
ea907734-4be2-11ea-b10b-b88a60e194fb-1-ps,crmid:9554039324,4,Rewards Card,4,Personal Loan
ea913a9a-4be2-11ea-819f-b88a60e194fb-1-ps,crmid:4922235288,4,Business Card,5,Personal Loan
ea922674-4be2-11ea-876f-b88a60e194fb-1-ps,crmid:4568433130,4,Simplicity Card,6,Personal Loan
ea92e98c-4be2-11ea-ae49-b88a60e194fb-1-ps,crmid:5313142525,4,Dividend Card,3,Business Loan
ea93d29e-4be2-11ea-b512-b88a60e194fb-1-ps,crmid:5461086899,5,Student Card,9,Business Loan
ea94bd1c-4be2-11ea-879e-b88a60e194fb-1-ps,crmid:4860561941,4,Student Card,4,Business Loan
ea9581a2-4be2-11ea-8b2b-b88a60e194fb-1-ps,crmid:8763328697,4,Travel Card,3,Business Loan
ea966a98-4be2-11ea-818e-b88a60e194fb-1-ps,crmid:9905919909,4,Travel Card,4,Business Loan
ea977e3e-4be2-11ea-ae51-b88a60e194fb-1-ps,crmid:3978578656,5,Platinum Card,3,Auto Loan
ea9840b0-4be2-11ea-aac4-b88a60e194fb-1-ps,crmid:9495466884,4,Student Card,2,Auto Loan
ea9903c6-4be2-11ea-96fb-b88a60e194fb-1-ps,crmid:4288016617,4,Business Card,4,Personal Loan
ea9a1592-4be2-11ea-92ac-b88a60e194fb-1-ps,crmid:4564933570,3,Platinum Card,2,Business Loan
ea9b263e-4be2-11ea-85ff-b88a60e194fb-1-ps,crmid:6436014673,5,Rewards Card,3,Business Loan
eb6d4246-4be2-11ea-af1a-b88a60e194fb-1-ps,crmid:6052117971,8,Simplicity Card,4,Auto Loan
eb6e53a8-4be2-11ea-8e74-b88a60e194fb-1-ps,crmid:4566981747,4,Dividend Card,8,Auto Loan
eb6f16f6-4be2-11ea-b5f7-b88a60e194fb-1-ps,crmid:4742410726,9,Platinum Card,3,Auto Loan
eb6fda40-4be2-11ea-b066-b88a60e194fb-1-ps,crmid:4230020449,4,Business Card,3,Personal Loan
eb70ec2e-4be2-11ea-83a5-b88a60e194fb-1-ps,crmid:5969938275,5,Dividend Card,5,Business Loan
eb71d610-4be2-11ea-a08f-b88a60e194fb-1-ps,crmid:7735548857,8,Simplicity Card,4,Business Loan
eb72e780-4be2-11ea-bd2d-b88a60e194fb-1-ps,crmid:7750964907,4,Platinum Card,4,Auto Loan
eb73aad0-4be2-11ea-b340-b88a60e194fb-1-ps,crmid:9150218367,3,Student Card,4,Personal Loan
eb746e1c-4be2-11ea-8234-b88a60e194fb-1-ps,crmid:8441855424,5,Simplicity Card,4,Personal Loan
eb757f90-4be2-11ea-af13-b88a60e194fb-1-ps,crmid:9081878521,3,Business Card,4,Personal Loan
eb7642d8-4be2-11ea-b20d-b88a60e194fb-1-ps,crmid:9395235553,3,Rewards Card,4,Auto Loan
eb77544c-4be2-11ea-b360-b88a60e194fb-1-ps,crmid:7306140997,4,Platinum Card,5,Personal Loan
eb78179e-4be2-11ea-a13b-b88a60e194fb-1-ps,crmid:5997627989,4,Rewards Card,4,Business Loan
eb790200-4be2-11ea-a9e3-b88a60e194fb-1-ps,crmid:2293033395,4,Platinum Card,4,Auto Loan
eb79c54a-4be2-11ea-a7c6-b88a60e194fb-1-ps,crmid:4200870805,2,Dividend Card,4,Personal Loan
eb7a8894-4be2-11ea-84f8-b88a60e194fb-1-ps,crmid:7774621616,5,Student Card,3,Business Loan
ec4b45f4-4be2-11ea-9ad2-b88a60e194fb-1-ps,crmid:9634377628,2,Rewards Card,4,Personal Loan
ec4c3068-4be2-11ea-ac20-b88a60e194fb-1-ps,crmid:2839743085,4,Rewards Card,5,Personal Loan
ec4d1abe-4be2-11ea-8426-b88a60e194fb-1-ps,crmid:8054080629,4,Student Card,4,Personal Loan
ec4e04ec-4be2-11ea-98ef-b88a60e194fb-1-ps,crmid:9510142149,4,Travel Card,9,Business Loan
ec4eef3e-4be2-11ea-94df-b88a60e194fb-1-ps,crmid:8105626919,3,Platinum Card,3,Auto Loan
ec4fb298-4be2-11ea-a01a-b88a60e194fb-1-ps,crmid:8342102683,5,Business Card,4,Personal Loan
ec50c43e-4be2-11ea-bc19-b88a60e194fb-1-ps,crmid:9930565260,5,Travel Card,4,Business Loan
ec51ae86-4be2-11ea-bb93-b88a60e194fb-1-ps,crmid:8179930447,3,Business Card,3,Personal Loan
ec5271e2-4be2-11ea-ad28-b88a60e194fb-1-ps,crmid:1356559282,4,Business Card,5,Auto Loan
ec535c38-4be2-11ea-abed-b88a60e194fb-1-ps,crmid:7737020874,4,Platinum Card,5,Student Loan
ec54469e-4be2-11ea-a287-b88a60e194fb-1-ps,crmid:4841755645,6,Student Card,4,Student Loan
ec55583a-4be2-11ea-8aac-b88a60e194fb-1-ps,crmid:4641018445,4,Business Card,6,Auto Loan
ec56422e-4be2-11ea-b5c9-b88a60e194fb-1-ps,crmid:5718902152,3,Business Card,5,Personal Loan
ec572ca4-4be2-11ea-9fd7-b88a60e194fb-1-ps,crmid:1885593791,4,Simplicity Card,4,Auto Loan
ed279d22-4be2-11ea-9b99-b88a60e194fb-1-ps,crmid:3445357585,4,Platinum Card,4,Personal Loan
ed28878c-4be2-11ea-9de2-b88a60e194fb-1-ps,crmid:7769570810,3,Dividend Card,2,Business Loan
ed297080-4be2-11ea-899c-b88a60e194fb-1-ps,crmid:7204902340,4,Student Card,4,Student Loan
ed2a5c3e-4be2-11ea-b1d6-b88a60e194fb-1-ps,crmid:2339575097,6,Platinum Card,8,Business Loan
ed2b1f7e-4be2-11ea-9117-b88a60e194fb-1-ps,crmid:2888741637,2,Dividend Card,5,Personal Loan
ed2c56c8-4be2-11ea-90ed-b88a60e194fb-1-ps,crmid:4639128374,4,Rewards Card,5,Student Loan
ed2d427e-4be2-11ea-acde-b88a60e194fb-1-ps,crmid:3284275057,2,Rewards Card,6,Business Loan
ed2e2c1c-4be2-11ea-b0a6-b88a60e194fb-1-ps,crmid:1532216684,3,Travel Card,6,Personal Loan
ed2f6428-4be2-11ea-94f5-b88a60e194fb-1-ps,crmid:1657102668,5,Dividend Card,3,Student Loan
ed3111a4-4be2-11ea-8635-b88a60e194fb-1-ps,crmid:1270921405,4,Rewards Card,4,Business Loan
ed3271c0-4be2-11ea-9fa7-b88a60e194fb-1-ps,crmid:7854664345,3,Platinum Card,4,Personal Loan
ed33a9e4-4be2-11ea-bbf1-b88a60e194fb-1-ps,crmid:1693372563,4,Simplicity Card,5,Personal Loan
ed34bb2e-4be2-11ea-a6c9-b88a60e194fb-1-ps,crmid:7409334624,4,Student Card,3,Student Loan
ed35cc88-4be2-11ea-b73c-b88a60e194fb-1-ps,crmid:1601448322,3,Rewards Card,5,Personal Loan
ed3705a4-4be2-11ea-8535-b88a60e194fb-1-ps,crmid:1359792904,4,Student Card,3,Personal Loan
ee0a3480-4be2-11ea-8576-b88a60e194fb-1-ps,crmid:9737879327,4,Platinum Card,2,Auto Loan
ee0b1ee2-4be2-11ea-bc5a-b88a60e194fb-1-ps,crmid:4667343993,3,Student Card,7,Business Loan
ee0c07ec-4be2-11ea-82ba-b88a60e194fb-1-ps,crmid:2453284333,3,Student Card,4,Student Loan
ee0cf358-4be2-11ea-9a92-b88a60e194fb-1-ps,crmid:5340403501,3,Simplicity Card,7,Student Loan
ee0db6d2-4be2-11ea-ac0e-b88a60e194fb-1-ps,crmid:4626246957,5,Simplicity Card,6,Personal Loan
ee0e9fee-4be2-11ea-90c9-b88a60e194fb-1-ps,crmid:8283064977,4,Travel Card,4,Personal Loan
ee0f8c70-4be2-11ea-921f-b88a60e194fb-1-ps,crmid:5944815255,3,Business Card,8,Personal Loan
ee104f14-4be2-11ea-a8a3-b88a60e194fb-1-ps,crmid:3612588564,6,Travel Card,5,Personal Loan
ee116000-4be2-11ea-8ca0-b88a60e194fb-1-ps,crmid:6493469521,4,Dividend Card,4,Auto Loan
ee122264-4be2-11ea-8c9b-b88a60e194fb-1-ps,crmid:7253648358,3,Student Card,4,Business Loan
ee1333f8-4be2-11ea-bd76-b88a60e194fb-1-ps,crmid:1195861557,5,Business Card,3,Auto Loan
ee13f74a-4be2-11ea-ace2-b88a60e194fb-1-ps,crmid:5873600495,3,Rewards Card,5,Personal Loan
ee14e19e-4be2-11ea-8674-b88a60e194fb-1-ps,crmid:7754790929,5,Rewards Card,4,Student Loan
ee15a4f6-4be2-11ea-a3ed-b88a60e194fb-1-ps,crmid:9951312502,4,Dividend Card,4,Auto Loan
ee16909e-4be2-11ea-847a-b88a60e194fb-1-ps,crmid:2125286269,5,Platinum Card,7,Personal Loan
ee1779a6-4be2-11ea-8a65-b88a60e194fb-1-ps,crmid:3484897943,4,Business Card,3,Student Loan
eeea0ce8-4be2-11ea-ac79-b88a60e194fb-1-ps,crmid:4895369448,4,Platinum Card,4,Personal Loan
eeeaf76c-4be2-11ea-9a57-b88a60e194fb-1-ps,crmid:9199846241,4,Business Card,2,Auto Loan
eeebe048-4be2-11ea-9ede-b88a60e194fb-1-ps,crmid:5013310162,4,Dividend Card,3,Auto Loan
eeeccc12-4be2-11ea-8a83-b88a60e194fb-1-ps,crmid:4840821968,4,Simplicity Card,3,Personal Loan
eeed8f76-4be2-11ea-9c32-b88a60e194fb-1-ps,crmid:4554534473,5,Simplicity Card,5,Business Loan
eeee7836-4be2-11ea-a027-b88a60e194fb-1-ps,crmid:5329603051,5,Simplicity Card,3,Personal Loan
eeef629a-4be2-11ea-93d8-b88a60e194fb-1-ps,crmid:6090322486,5,Rewards Card,4,Personal Loan
eef025ec-4be2-11ea-93a4-b88a60e194fb-1-ps,crmid:8777285460,2,Travel Card,4,Personal Loan
eef137d4-4be2-11ea-bc76-b88a60e194fb-1-ps,crmid:8973122359,3,Travel Card,3,Personal Loan
eef221c0-4be2-11ea-b781-b88a60e194fb-1-ps,crmid:4072176748,4,Rewards Card,5,Personal Loan
eef33494-4be2-11ea-b523-b88a60e194fb-1-ps,crmid:6917282002,6,Travel Card,4,Student Loan
eef3f7dc-4be2-11ea-a713-b88a60e194fb-1-ps,crmid:9712415679,6,Platinum Card,4,Student Loan
eef4bcc2-4be2-11ea-84c6-b88a60e194fb-1-ps,crmid:5376741829,4,Simplicity Card,4,Personal Loan
eef5a652-4be2-11ea-b4b2-b88a60e194fb-1-ps,crmid:8715043104,4,Platinum Card,3,Auto Loan
efceece8-4be2-11ea-88af-b88a60e194fb-1-ps,crmid:3514713552,6,Simplicity Card,5,Personal Loan
efd07364-4be2-11ea-a586-b88a60e194fb-1-ps,crmid:9724109473,3,Business Card,5,Auto Loan
efd1d2f8-4be2-11ea-b116-b88a60e194fb-1-ps,crmid:2539342351,3,Dividend Card,7,Personal Loan
efd29650-4be2-11ea-8762-b88a60e194fb-1-ps,crmid:6765361725,4,Student Card,4,Auto Loan
efd380a8-4be2-11ea-a953-b88a60e194fb-1-ps,crmid:7112752957,4,Student Card,5,Personal Loan
efd443fa-4be2-11ea-8322-b88a60e194fb-1-ps,crmid:9423692602,4,Student Card,6,Business Loan
efd50748-4be2-11ea-a307-b88a60e194fb-1-ps,crmid:9905919909,3,Platinum Card,3,Business Loan
efd618b4-4be2-11ea-806e-b88a60e194fb-1-ps,crmid:1984428669,5,Rewards Card,3,Auto Loan
efd6dc0a-4be2-11ea-9cc9-b88a60e194fb-1-ps,crmid:1930633825,5,Simplicity Card,4,Personal Loan
efd7ed80-4be2-11ea-a850-b88a60e194fb-1-ps,crmid:8494423206,5,Business Card,4,Business Loan
efd8d7d2-4be2-11ea-9eee-b88a60e194fb-1-ps,crmid:5521858871,4,Business Card,5,Personal Loan
efd9c23a-4be2-11ea-a00a-b88a60e194fb-1-ps,crmid:7439950747,4,Travel Card,3,Personal Loan
efda8586-4be2-11ea-86ad-b88a60e194fb-1-ps,crmid:6522829003,8,Business Card,5,Business Loan
efdb6fe6-4be2-11ea-97f1-b88a60e194fb-1-ps,crmid:6148110755,4,Dividend Card,2,Business Loan
efdc5a38-4be2-11ea-b3de-b88a60e194fb-1-ps,crmid:2387887572,2,Travel Card,6,Personal Loan
f0b556b6-4be2-11ea-926a-b88a60e194fb-1-ps,crmid:4020902391,3,Platinum Card,4,Personal Loan
f0b6668c-4be2-11ea-8dea-b88a60e194fb-1-ps,crmid:5535524577,5,Travel Card,3,Personal Loan
f0b750e4-4be2-11ea-bd0a-b88a60e194fb-1-ps,crmid:1393911695,4,Travel Card,1,Auto Loan
f0b86206-4be2-11ea-bb16-b88a60e194fb-1-ps,crmid:5984499019,4,Business Card,5,Personal Loan
f0b9255c-4be2-11ea-a520-b88a60e194fb-1-ps,crmid:7725243365,3,Business Card,5,Student Loan
f0ba0fb6-4be2-11ea-8bc3-b88a60e194fb-1-ps,crmid:6951099353,9,Business Card,5,Auto Loan
f0bafa0a-4be2-11ea-bd79-b88a60e194fb-1-ps,crmid:3147136864,3,Business Card,6,Personal Loan
f0bbbd6c-4be2-11ea-9f11-b88a60e194fb-1-ps,crmid:8209206377,4,Student Card,4,Personal Loan
f0bca7dc-4be2-11ea-afd2-b88a60e194fb-1-ps,crmid:8993675548,3,Business Card,4,Personal Loan
f0bdb980-4be2-11ea-8297-b88a60e194fb-1-ps,crmid:2872809154,6,Dividend Card,4,Auto Loan
f0bea5b0-4be2-11ea-95b8-b88a60e194fb-1-ps,crmid:2028966031,2,Platinum Card,4,Personal Loan
f0bf67fe-4be2-11ea-89c4-b88a60e194fb-1-ps,crmid:9272904017,8,Business Card,5,Auto Loan
f0c078d8-4be2-11ea-8687-b88a60e194fb-1-ps,crmid:9736504152,3,Simplicity Card,5,Auto Loan
f0c16402-4be2-11ea-b4a3-b88a60e194fb-1-ps,crmid:1515934234,5,Rewards Card,3,Personal Loan
f0c27436-4be2-11ea-9172-b88a60e194fb-1-ps,crmid:1545546437,3,Dividend Card,4,Business Loan
f0c3fadc-4be2-11ea-8a17-b88a60e194fb-1-ps,crmid:9075057045,5,Platinum Card,4,Student Loan
f198d6a8-4be2-11ea-831b-b88a60e194fb-1-ps,crmid:8977550204,4,Dividend Card,4,Student Loan
f19a366c-4be2-11ea-90f9-b88a60e194fb-1-ps,crmid:3499688625,4,Dividend Card,3,Auto Loan
f19b48b0-4be2-11ea-8b93-b88a60e194fb-1-ps,crmid:5684070372,1,Dividend Card,8,Personal Loan
f19c3366-4be2-11ea-ae6c-b88a60e194fb-1-ps,crmid:2260865416,4,Business Card,3,Student Loan
f19d43be-4be2-11ea-9bed-b88a60e194fb-1-ps,crmid:8481678736,4,Simplicity Card,4,Personal Loan
f19e0826-4be2-11ea-b067-b88a60e194fb-1-ps,crmid:7657038253,3,Platinum Card,4,Student Loan
f19ef2e4-4be2-11ea-b442-b88a60e194fb-1-ps,crmid:9806283037,4,Platinum Card,5,Personal Loan
f19fdce2-4be2-11ea-805e-b88a60e194fb-1-ps,crmid:9858094487,5,Rewards Card,3,Personal Loan
f1a0a02e-4be2-11ea-a725-b88a60e194fb-1-ps,crmid:3053156979,3,Student Card,3,Personal Loan
f1a16398-4be2-11ea-bceb-b88a60e194fb-1-ps,crmid:7214286873,3,Travel Card,5,Auto Loan
f1a27468-4be2-11ea-8530-b88a60e194fb-1-ps,crmid:9635524364,5,Platinum Card,3,Business Loan
f1a336e4-4be2-11ea-9c63-b88a60e194fb-1-ps,crmid:4767871573,3,Rewards Card,10,Auto Loan
f1a422ca-4be2-11ea-aaa8-b88a60e194fb-1-ps,crmid:2657879765,5,Simplicity Card,3,Personal Loan
f1a4e56c-4be2-11ea-a1e4-b88a60e194fb-1-ps,crmid:6831883205,3,Student Card,3,Personal Loan
f278b06e-4be2-11ea-9b01-b88a60e194fb-1-ps,crmid:3357011395,5,Dividend Card,5,Business Loan
f2799ae4-4be2-11ea-bbea-b88a60e194fb-1-ps,crmid:6235485038,5,Rewards Card,3,Auto Loan
f27a83e2-4be2-11ea-a80e-b88a60e194fb-1-ps,crmid:1469150752,3,Rewards Card,8,Student Loan
f27b4866-4be2-11ea-9386-b88a60e194fb-1-ps,crmid:4200870805,3,Dividend Card,4,Personal Loan
f27c3166-4be2-11ea-b660-b88a60e194fb-1-ps,crmid:9415253355,4,Travel Card,3,Student Loan
f27d69e4-4be2-11ea-94a9-b88a60e194fb-1-ps,crmid:5946255716,4,Student Card,6,Personal Loan
f27e2e70-4be2-11ea-ae76-b88a60e194fb-1-ps,crmid:1334688045,3,Rewards Card,5,Auto Loan
f27ef278-4be2-11ea-8f97-b88a60e194fb-1-ps,crmid:2518448007,5,Dividend Card,4,Personal Loan
f28002c8-4be2-11ea-934d-b88a60e194fb-1-ps,crmid:6919585506,5,Platinum Card,4,Personal Loan
f280c66c-4be2-11ea-84ec-b88a60e194fb-1-ps,crmid:7587625615,3,Travel Card,6,Student Loan
f28189f4-4be2-11ea-9bf3-b88a60e194fb-1-ps,crmid:5369358872,7,Rewards Card,5,Business Loan
f2829a08-4be2-11ea-b226-b88a60e194fb-1-ps,crmid:2490295070,4,Business Card,5,Auto Loan
f28385ca-4be2-11ea-9e22-b88a60e194fb-1-ps,crmid:5883207176,7,Dividend Card,4,Auto Loan
f2846f76-4be2-11ea-92de-b88a60e194fb-1-ps,crmid:4450037161,4,Platinum Card,4,Business Loan
f285593e-4be2-11ea-9fe5-b88a60e194fb-1-ps,crmid:8346240031,5,Student Card,5,Personal Loan
f35b1f54-4be2-11ea-b3ad-b88a60e194fb-1-ps,crmid:5374591530,3,Student Card,8,Personal Loan
f35c30ee-4be2-11ea-9809-b88a60e194fb-1-ps,crmid:9747730307,3,Platinum Card,7,Business Loan
f35d43b4-4be2-11ea-b8d9-b88a60e194fb-1-ps,crmid:6682259684,7,Platinum Card,6,Business Loan
f35e0702-4be2-11ea-a37f-b88a60e194fb-1-ps,crmid:2114978509,6,Simplicity Card,4,Personal Loan
f35ef002-4be2-11ea-9090-b88a60e194fb-1-ps,crmid:1232267440,2,Business Card,3,Personal Loan
f35fb492-4be2-11ea-bd48-b88a60e194fb-1-ps,crmid:6815178423,5,Travel Card,3,Personal Loan
f36077f8-4be2-11ea-96e8-b88a60e194fb-1-ps,crmid:6643266989,2,Platinum Card,4,Personal Loan
f3618834-4be2-11ea-985e-b88a60e194fb-1-ps,crmid:2227282920,5,Travel Card,4,Personal Loan
f3627246-4be2-11ea-ab4c-b88a60e194fb-1-ps,crmid:1800448077,4,Student Card,2,Business Loan
f363ab06-4be2-11ea-9d49-b88a60e194fb-1-ps,crmid:4691401681,4,Student Card,4,Auto Loan
f3650a64-4be2-11ea-9499-b88a60e194fb-1-ps,crmid:9820626884,4,Business Card,4,Auto Loan
f36642fa-4be2-11ea-98bd-b88a60e194fb-1-ps,crmid:9655111416,6,Travel Card,4,Auto Loan
f367a286-4be2-11ea-a054-b88a60e194fb-1-ps,crmid:9091247165,4,Student Card,4,Business Loan
f368b400-4be2-11ea-8d89-b88a60e194fb-1-ps,crmid:6266483712,4,Platinum Card,4,Student Loan
f3699f48-4be2-11ea-99ac-b88a60e194fb-1-ps,crmid:4565305264,3,Student Card,4,Business Loan
f36a6300-4be2-11ea-8da5-b88a60e194fb-1-ps,crmid:8179930447,5,Travel Card,3,Personal Loan
f43e051c-4be2-11ea-89cf-b88a60e194fb-1-ps,crmid:7255987832,4,Student Card,2,Business Loan
f43ef0c6-4be2-11ea-a3f8-b88a60e194fb-1-ps,crmid:4537836163,2,Simplicity Card,5,Personal Loan
f43fdb18-4be2-11ea-915c-b88a60e194fb-1-ps,crmid:3120498754,5,Student Card,4,Business Loan
f440eb24-4be2-11ea-b420-b88a60e194fb-1-ps,crmid:5138966651,5,Simplicity Card,3,Personal Loan
f441d59c-4be2-11ea-9ea5-b88a60e194fb-1-ps,crmid:8109157706,4,Simplicity Card,4,Student Loan
f442c16e-4be2-11ea-a9f5-b88a60e194fb-1-ps,crmid:2203314848,4,Dividend Card,4,Student Loan
f44384ac-4be2-11ea-a558-b88a60e194fb-1-ps,crmid:7275959658,5,Business Card,6,Personal Loan
f4446ede-4be2-11ea-bc3c-b88a60e194fb-1-ps,crmid:7899994449,4,Simplicity Card,4,Personal Loan
f4453240-4be2-11ea-ab18-b88a60e194fb-1-ps,crmid:8724003354,5,Simplicity Card,8,Auto Loan
f445f5a4-4be2-11ea-bf39-b88a60e194fb-1-ps,crmid:1415746983,3,Simplicity Card,3,Student Loan
f4470598-4be2-11ea-bd7c-b88a60e194fb-1-ps,crmid:1701313715,4,Platinum Card,3,Business Loan
f447f15c-4be2-11ea-a3fb-b88a60e194fb-1-ps,crmid:4014189160,4,Dividend Card,3,Personal Loan
f4488d9c-4be2-11ea-ac69-b88a60e194fb-1-ps,crmid:8574754195,5,Travel Card,4,Personal Loan
f4499ec0-4be2-11ea-a8f8-b88a60e194fb-1-ps,crmid:5250943550,5,Business Card,4,Student Loan
f5207546-4be2-11ea-a3b9-b88a60e194fb-1-ps,crmid:8360072553,10,Business Card,5,Personal Loan
f5215fae-4be2-11ea-90dc-b88a60e194fb-1-ps,crmid:2150053793,4,Rewards Card,5,Auto Loan
f5224a10-4be2-11ea-a744-b88a60e194fb-1-ps,crmid:3272505925,4,Dividend Card,5,Business Loan
f5230d58-4be2-11ea-a302-b88a60e194fb-1-ps,crmid:3175850022,2,Simplicity Card,7,Auto Loan
f523f7a8-4be2-11ea-81e3-b88a60e194fb-1-ps,crmid:1405441993,6,Travel Card,8,Student Loan
f524bb00-4be2-11ea-a49b-b88a60e194fb-1-ps,crmid:9100200773,5,Student Card,4,Auto Loan
f525a568-4be2-11ea-93d0-b88a60e194fb-1-ps,crmid:2485756063,6,Travel Card,4,Personal Loan
f52668b0-4be2-11ea-963b-b88a60e194fb-1-ps,crmid:6169548137,4,Rewards Card,9,Auto Loan
