crmid,city,country,zip,state,street address
crmid:6169548137,Richmond,United States,06411,Massachusetts,1375 Eldridge
crmid:6169548137,Kearney,United States,94156,Michigan,1149 Avon
crmid:6169548137,Pullman,United States,12270,Oklahoma,1299 San Rafael
crmid:6169548137,Chanhassen,United States,59396,New York,297 Lamartine
crmid:6169548137,Florence,United States,49154,Wisconsin,472 Marina
crmid:6169548137,Conroe,United States,23317,North Carolina,765 Harlem
crmid:6169548137,Statesville,United States,64037,Nebraska,864 Paulding
crmid:6169548137,Bryan,United States,91914,Arizona,882 Amatista
crmid:6169548137,Tacoma,United States,93221,Oregon,1304 De Montfort
crmid:6169548137,Martinez,United States,44969,Connecticut,1273 Bank
crmid:6169548137,Kokomo,United States,08070,South Dakota,1079 Ruth
crmid:6169548137,Sherman,United States,23644,Rhode Island,1242 Trader Vic
crmid:6169548137,Mankato,United States,18888,New York,24 Lexington
crmid:6169548137,Forest Park,United States,29083,Illinois,286 Claremont
crmid:6169548137,Mandan,United States,55581,Ohio,298 Steuart
crmid:6169548137,Pinecrest,United States,69549,Indiana,1252 Northgate
crmid:6169548137,University Park,United States,92045,Vermont,818 Catalina
crmid:6169548137,Menomonee Falls,United States,47343,Nevada,970 Tillman
crmid:6169548137,Millville,United States,68596,Maryland,377 Beideman
crmid:6169548137,Boynton Beach,United States,74423,Alabama,663 Colonial
crmid:6169548137,Rancho Cucamonga,United States,40907,Maine,735 Webster
crmid:6169548137,Cincinnati,United States,06318,Indiana,53 Zoe
crmid:6169548137,New Bedford,United States,96219,Louisiana,1340 Wagner
crmid:6169548137,Eden Prairie,United States,02751,Nevada,776 Sotelo
crmid:6169548137,Rosemount,United States,73119,Minnesota,653 Cornwall
