{"_id": "orderid:270693", "timestamp": "2020-01-25T10:04:34.000Z", "eventType": "transaction", "_adobeamericaspot3": {"CRMID": "crmid:7132948511", "orderDetails": {"orderID": "orderid:270693", "reservationid": "QBI-IJO7", "orderType": "kiosk", "hotelSKU": "prd1100", "hotelCheckInUnix": "1582193074", "hotelCheckOutUnix": "1582711474", "hotelCheckInTS": "2020-02-20T10:04:34+00:00", "hotelCheckOutTS": "2020-02-26T10:04:34+00:00", "hotelChain": "Aspen Heights", "hotelName": "Aspen Heights: Misk", "hotelLocation": "Misk", "hotelRoomType": "standard", "hotelRoomCount": "1", "hotelGuestAdultCount": "1", "hotelGuestChildCount": "0", "hotelNightCount": "6", "hotelRoomPrice": "142.63", "hotelFinalPrice": "855.78"}}}
{"_id": "orderid:563246", "timestamp": "2019-12-28T08:42:11.000Z", "eventType": "transaction", "_adobeamericaspot3": {"CRMID": "crmid:1654182435", "orderDetails": {"orderID": "orderid:563246", "reservationid": "NOB-KZDL", "orderType": "website", "hotelSKU": "prd1181", "hotelCheckInUnix": "1579250531", "hotelCheckOutUnix": "1580028131", "hotelCheckInTS": "2020-01-17T08:42:11+00:00", "hotelCheckOutTS": "2020-01-26T08:42:11+00:00", "hotelChain": "Grandeur Hotels", "hotelName": "Grandeur Hotels: Oakland", "hotelLocation": "Oakland", "hotelRoomType": "standard", "hotelRoomCount": "1", "hotelGuestAdultCount": "1", "hotelGuestChildCount": "0", "hotelNightCount": "9", "hotelRoomPrice": "143.61", "hotelFinalPrice": "1292.49"}}}
{"_id": "orderid:834642", "timestamp": "2020-02-12T17:45:33.000Z", "eventType": "transaction", "_adobeamericaspot3": {"CRMID": "crmid:5366082538", "orderDetails": {"orderID": "orderid:834642", "reservationid": "Y6H-4P75", "orderType": "website", "hotelSKU": "prd1124", "hotelCheckInUnix": "1581615933", "hotelCheckOutUnix": "1581875133", "hotelCheckInTS": "2020-02-13T17:45:33+00:00", "hotelCheckOutTS": "2020-02-16T17:45:33+00:00", "hotelChain": "Aspen Heights", "hotelName": "Aspen Heights: Leeds", "hotelLocation": "Leeds", "hotelRoomType": "standard", "hotelRoomCount": "1", "hotelGuestAdultCount": "1", "hotelGuestChildCount": "0", "hotelNightCount": "3", "hotelRoomPrice": "157.04", "hotelFinalPrice": "471.12"}}}
{"_id": "orderid:993018", "timestamp": "2020-01-19T23:27:54.000Z", "eventType": "transaction", "_adobeamericaspot3": {"CRMID": "crmid:2578135500", "orderDetails": {"orderID": "orderid:993018", "reservationid": "APT-4XJU", "orderType": "kiosk", "hotelSKU": "prd1155", "hotelCheckInUnix": "1579822074", "hotelCheckOutUnix": "1580081274", "hotelCheckInTS": "2020-01-23T23:27:54+00:00", "hotelCheckOutTS": "2020-01-26T23:27:54+00:00", "hotelChain": "Hospitality Inn", "hotelName": "Hospitality Inn: Denver", "hotelLocation": "Denver", "hotelRoomType": "standard", "hotelRoomCount": "1", "hotelGuestAdultCount": "1", "hotelGuestChildCount": "0", "hotelNightCount": "3", "hotelRoomPrice": "143.62", "hotelFinalPrice": "430.86"}}}
{"_id": "orderid:602035", "timestamp": "2020-02-03T09:56:31.000Z", "eventType": "transaction", "_adobeamericaspot3": {"CRMID": "crmid:5092395157", "orderDetails": {"orderID": "orderid:602035", "reservationid": "R6D-HVQG", "orderType": "service desk", "hotelSKU": "prd1117", "hotelCheckInUnix": "1582538191", "hotelCheckOutUnix": "1582970191", "hotelCheckInTS": "2020-02-24T09:56:31+00:00", "hotelCheckOutTS": "2020-02-29T09:56:31+00:00", "hotelChain": "Admiralty Plaza", "hotelName": "Admiralty Plaza: Dublin", "hotelLocation": "Dublin", "hotelRoomType": "standard", "hotelRoomCount": "1", "hotelGuestAdultCount": "1", "hotelGuestChildCount": "0", "hotelNightCount": "5", "hotelRoomPrice": "145.0", "hotelFinalPrice": "725.0"}}}
{"_id": "orderid:629011", "timestamp": "2020-01-19T21:34:13.000Z", "eventType": "transaction", "_adobeamericaspot3": {"CRMID": "crmid:5802944418", "orderDetails": {"orderID": "orderid:629011", "reservationid": "MCR-GHET", "orderType": "website", "hotelSKU": "prd1093", "hotelCheckInUnix": "1581802453", "hotelCheckOutUnix": "1582839253", "hotelCheckInTS": "2020-02-15T21:34:13+00:00", "hotelCheckOutTS": "2020-02-27T21:34:13+00:00", "hotelChain": "Admiralty Plaza", "hotelName": "Admiralty Plaza: Yokohama", "hotelLocation": "Yokohama", "hotelRoomType": "standard", "hotelRoomCount": "1", "hotelGuestAdultCount": "1", "hotelGuestChildCount": "0", "hotelNightCount": "12", "hotelRoomPrice": "177.51", "hotelFinalPrice": "2130.12"}}}
{"_id": "orderid:344373", "timestamp": "2020-01-24T12:07:33.000Z", "eventType": "transaction", "_adobeamericaspot3": {"CRMID": "crmid:6108308428", "orderDetails": {"orderID": "orderid:344373", "reservationid": "DUJ-IEPS", "orderType": "website", "hotelSKU": "prd1143", "hotelCheckInUnix": "1582459653", "hotelCheckOutUnix": "1583064453", "hotelCheckInTS": "2020-02-23T12:07:33+00:00", "hotelCheckOutTS": "2020-03-01T12:07:33+00:00", "hotelChain": "Hospitality Inn", "hotelName": "Hospitality Inn: San Antonio", "hotelLocation": "San Antonio", "hotelRoomType": "standard", "hotelRoomCount": "1", "hotelGuestAdultCount": "1", "hotelGuestChildCount": "4", "hotelNightCount": "7", "hotelRoomPrice": "192.71", "hotelFinalPrice": "1348.97"}}}
{"_id": "orderid:818883", "timestamp": "2020-01-15T04:22:59.000Z", "eventType": "transaction", "_adobeamericaspot3": {"CRMID": "crmid:2313784499", "orderDetails": {"orderID": "orderid:818883", "reservationid": "M6U-3PPC", "orderType": "kiosk", "hotelSKU": "prd1117", "hotelCheckInUnix": "1581222179", "hotelCheckOutUnix": "1582258979", "hotelCheckInTS": "2020-02-09T04:22:59+00:00", "hotelCheckOutTS": "2020-02-21T04:22:59+00:00", "hotelChain": "Admiralty Plaza", "hotelName": "Admiralty Plaza: Dublin", "hotelLocation": "Dublin", "hotelRoomType": "standard", "hotelRoomCount": "1", "hotelGuestAdultCount": "1", "hotelGuestChildCount": "0", "hotelNightCount": "12", "hotelRoomPrice": "134.18", "hotelFinalPrice": "1610.16"}}}
{"_id": "orderid:548491", "timestamp": "2019-12-08T05:00:32.000Z", "eventType": "transaction", "_adobeamericaspot3": {"CRMID": "crmid:1627079873", "orderDetails": {"orderID": "orderid:548491", "reservationid": "ZSQ-DOPG", "orderType": "service desk", "hotelSKU": "prd1125", "hotelCheckInUnix": "1577509232", "hotelCheckOutUnix": "1578373232", "hotelCheckInTS": "2019-12-28T05:00:32+00:00", "hotelCheckOutTS": "2020-01-07T05:00:32+00:00", "hotelChain": "Sapphire Suites", "hotelName": "Sapphire Suites: Palermo", "hotelLocation": "Palermo", "hotelRoomType": "premium", "hotelRoomCount": "1", "hotelGuestAdultCount": "1", "hotelGuestChildCount": "2", "hotelNightCount": "10", "hotelRoomPrice": "115.83", "hotelFinalPrice": "1158.3"}}}
{"_id": "orderid:173622", "timestamp": "2020-02-03T10:24:41.000Z", "eventType": "transaction", "_adobeamericaspot3": {"CRMID": "crmid:4554910251", "orderDetails": {"orderID": "orderid:173622", "reservationid": "GK7-AXGJ", "orderType": "kiosk", "hotelSKU": "prd1147", "hotelCheckInUnix": "1582367081", "hotelCheckOutUnix": "1582971881", "hotelCheckInTS": "2020-02-22T10:24:41+00:00", "hotelCheckOutTS": "2020-02-29T10:24:41+00:00", "hotelChain": "Family Fun Hotels", "hotelName": "Family Fun Hotels: Austin", "hotelLocation": "Austin", "hotelRoomType": "luxury", "hotelRoomCount": "1", "hotelGuestAdultCount": "1", "hotelGuestChildCount": "0", "hotelNightCount": "7", "hotelRoomPrice": "296.97", "hotelFinalPrice": "2078.79"}}}
{"_id": "orderid:593465", "timestamp": "2020-02-01T16:10:35.000Z", "eventType": "transaction", "_adobeamericaspot3": {"CRMID": "crmid:6441399990", "orderDetails": {"orderID": "orderid:593465", "reservationid": "VAQ-PALU", "orderType": "service desk", "hotelSKU": "prd1146", "hotelCheckInUnix": "1582301435", "hotelCheckOutUnix": "1582819835", "hotelCheckInTS": "2020-02-21T16:10:35+00:00", "hotelCheckOutTS": "2020-02-27T16:10:35+00:00", "hotelChain": "Restful Nights", "hotelName": "Restful Nights: San Jose", "hotelLocation": "San Jose", "hotelRoomType": "standard", "hotelRoomCount": "1", "hotelGuestAdultCount": "1", "hotelGuestChildCount": "0", "hotelNightCount": "6", "hotelRoomPrice": "175.21", "hotelFinalPrice": "1051.26"}}}
{"_id": "orderid:849398", "timestamp": "2020-01-16T23:27:42.000Z", "eventType": "transaction", "_adobeamericaspot3": {"CRMID": "crmid:8419690288", "orderDetails": {"orderID": "orderid:849398", "reservationid": "1JP-UW8G", "orderType": "website", "hotelSKU": "prd1148", "hotelCheckInUnix": "1580254062", "hotelCheckOutUnix": "1580858862", "hotelCheckInTS": "2020-01-28T23:27:42+00:00", "hotelCheckOutTS": "2020-02-04T23:27:42+00:00", "hotelChain": "Aspen Heights", "hotelName": "Aspen Heights: Jacksonville", "hotelLocation": "Jacksonville", "hotelRoomType": "standard", "hotelRoomCount": "1", "hotelGuestAdultCount": "1", "hotelGuestChildCount": "0", "hotelNightCount": "7", "hotelRoomPrice": "158.79", "hotelFinalPrice": "1111.53"}}}
{"_id": "orderid:411980", "timestamp": "2020-02-12T05:22:26.000Z", "eventType": "transaction", "_adobeamericaspot3": {"CRMID": "crmid:1476706665", "orderDetails": {"orderID": "orderid:411980", "reservationid": "ESH-MFHL", "orderType": "website", "hotelSKU": "prd1177", "hotelCheckInUnix": "1581571346", "hotelCheckOutUnix": "1581657746", "hotelCheckInTS": "2020-02-13T05:22:26+00:00", "hotelCheckOutTS": "2020-02-14T05:22:26+00:00", "hotelChain": "Admiralty Plaza", "hotelName": "Admiralty Plaza: Raleigh", "hotelLocation": "Raleigh", "hotelRoomType": "standard", "hotelRoomCount": "1", "hotelGuestAdultCount": "1", "hotelGuestChildCount": "0", "hotelNightCount": "1", "hotelRoomPrice": "133.79", "hotelFinalPrice": "133.79"}}}
{"_id": "orderid:140918", "timestamp": "2020-02-02T06:18:58.000Z", "eventType": "transaction", "_adobeamericaspot3": {"CRMID": "crmid:9274003029", "orderDetails": {"orderID": "orderid:140918", "reservationid": "G1G-TWYR", "orderType": "call center", "hotelSKU": "prd1059", "hotelCheckInUnix": "1583216338", "hotelCheckOutUnix": "1583821138", "hotelCheckInTS": "2020-03-03T06:18:58+00:00", "hotelCheckOutTS": "2020-03-10T06:18:58+00:00", "hotelChain": "Hospitality Inn", "hotelName": "Hospitality Inn: Kinshasa", "hotelLocation": "Kinshasa", "hotelRoomType": "standard", "hotelRoomCount": "1", "hotelGuestAdultCount": "1", "hotelGuestChildCount": "0", "hotelNightCount": "7", "hotelRoomPrice": "127.93", "hotelFinalPrice": "895.51"}}}
{"_id": "orderid:655651", "timestamp": "2020-02-07T00:15:35.000Z", "eventType": "transaction", "_adobeamericaspot3": {"CRMID": "crmid:9455135101", "orderDetails": {"orderID": "orderid:655651", "reservationid": "COM-V3QR", "orderType": "call center", "hotelSKU": "prd1177", "hotelCheckInUnix": "1581120935", "hotelCheckOutUnix": "1581293735", "hotelCheckInTS": "2020-02-08T00:15:35+00:00", "hotelCheckOutTS": "2020-02-10T00:15:35+00:00", "hotelChain": "Admiralty Plaza", "hotelName": "Admiralty Plaza: Raleigh", "hotelLocation": "Raleigh", "hotelRoomType": "premium", "hotelRoomCount": "1", "hotelGuestAdultCount": "1", "hotelGuestChildCount": "0", "hotelNightCount": "2", "hotelRoomPrice": "146.72", "hotelFinalPrice": "293.44"}}}
{"_id": "orderid:888417", "timestamp": "2020-02-12T00:00:00.000Z", "eventType": "transaction", "_adobeamericaspot3": {"CRMID": "crmid:9455135101", "orderDetails": {"orderID": "orderid:888417", "reservationid": "AQI-4JNU", "orderType": "call center", "hotelSKU": "prd1073", "hotelCheckInUnix": "1581811200", "hotelCheckOutUnix": "1581897600", "hotelCheckInTS": "2020-02-16T00:00:00+00:00", "hotelCheckOutTS": "2020-02-17T00:00:00+00:00", "hotelChain": "Grandeur Hotels", "hotelName": "Grandeur Hotels: Lima", "hotelLocation": "Lima", "hotelRoomType": "standard", "hotelRoomCount": "1", "hotelGuestAdultCount": "1", "hotelGuestChildCount": "0", "hotelNightCount": "1", "hotelRoomPrice": "130.22", "hotelFinalPrice": "130.22"}}}
{"_id": "orderid:957254", "timestamp": "2020-01-18T06:50:24.000Z", "eventType": "transaction", "_adobeamericaspot3": {"CRMID": "crmid:9292068926", "orderDetails": {"orderID": "orderid:957254", "reservationid": "XCX-LXHP", "orderType": "call center", "hotelSKU": "prd1131", "hotelCheckInUnix": "1581490224", "hotelCheckOutUnix": "1582008624", "hotelCheckInTS": "2020-02-12T06:50:24+00:00", "hotelCheckOutTS": "2020-02-18T06:50:24+00:00", "hotelChain": "Hospitality Inn", "hotelName": "Hospitality Inn: Sheffield", "hotelLocation": "Sheffield", "hotelRoomType": "standard", "hotelRoomCount": "1", "hotelGuestAdultCount": "1", "hotelGuestChildCount": "0", "hotelNightCount": "6", "hotelRoomPrice": "164.36", "hotelFinalPrice": "986.16"}}}
{"_id": "orderid:244509", "timestamp": "2020-01-09T17:30:31.000Z", "eventType": "transaction", "_adobeamericaspot3": {"CRMID": "crmid:2875567431", "orderDetails": {"orderID": "orderid:244509", "reservationid": "ZR9-YJRP", "orderType": "website", "hotelSKU": "prd1082", "hotelCheckInUnix": "1580146231", "hotelCheckOutUnix": "1580664631", "hotelCheckInTS": "2020-01-27T17:30:31+00:00", "hotelCheckOutTS": "2020-02-02T17:30:31+00:00", "hotelChain": "Blue Reef Resort", "hotelName": "Blue Reef Resort: Surat", "hotelLocation": "Surat", "hotelRoomType": "ultra-luxury", "hotelRoomCount": "1", "hotelGuestAdultCount": "1", "hotelGuestChildCount": "0", "hotelNightCount": "6", "hotelRoomPrice": "367.58", "hotelFinalPrice": "2205.48"}}}
{"_id": "orderid:691065", "timestamp": "2019-12-26T20:59:46.000Z", "eventType": "transaction", "_adobeamericaspot3": {"CRMID": "crmid:4707505064", "orderDetails": {"orderID": "orderid:691065", "reservationid": "RVP-XNNP", "orderType": "website", "hotelSKU": "prd1133", "hotelCheckInUnix": "1577653186", "hotelCheckOutUnix": "1577739586", "hotelCheckInTS": "2019-12-29T20:59:46+00:00", "hotelCheckOutTS": "2019-12-30T20:59:46+00:00", "hotelChain": "Grandeur Hotels", "hotelName": "Grandeur Hotels: Toronto", "hotelLocation": "Toronto", "hotelRoomType": "standard", "hotelRoomCount": "1", "hotelGuestAdultCount": "1", "hotelGuestChildCount": "0", "hotelNightCount": "1", "hotelRoomPrice": "205.14", "hotelFinalPrice": "205.14"}}}
{"_id": "orderid:290642", "timestamp": "2020-01-27T15:14:41.000Z", "eventType": "transaction", "_adobeamericaspot3": {"CRMID": "crmid:7282116587", "orderDetails": {"orderID": "orderid:290642", "reservationid": "IP0-QI7P", "orderType": "kiosk", "hotelSKU": "prd1095", "hotelCheckInUnix": "1580224481", "hotelCheckOutUnix": "1580310881", "hotelCheckInTS": "2020-01-28T15:14:41+00:00", "hotelCheckOutTS": "2020-01-29T15:14:41+00:00", "hotelChain": "Hospitality Inn", "hotelName": "Hospitality Inn: Casablanca", "hotelLocation": "Casablanca", "hotelRoomType": "premium", "hotelRoomCount": "1", "hotelGuestAdultCount": "1", "hotelGuestChildCount": "0", "hotelNightCount": "1", "hotelRoomPrice": "146.15", "hotelFinalPrice": "146.15"}}}
{"_id": "orderid:289667", "timestamp": "2019-12-22T07:18:59.000Z", "eventType": "transaction", "_adobeamericaspot3": {"CRMID": "crmid:1496684603", "orderDetails": {"orderID": "orderid:289667", "reservationid": "EWW-PUGV", "orderType": "service desk", "hotelSKU": "prd1004", "hotelCheckInUnix": "1577776739", "hotelCheckOutUnix": "1578813539", "hotelCheckInTS": "2019-12-31T07:18:59+00:00", "hotelCheckOutTS": "2020-01-12T07:18:59+00:00", "hotelChain": "Aspen Heights", "hotelName": "Aspen Heights: Boulder", "hotelLocation": "Boulder", "hotelRoomType": "standard", "hotelRoomCount": "1", "hotelGuestAdultCount": "1", "hotelGuestChildCount": "0", "hotelNightCount": "12", "hotelRoomPrice": "132.71", "hotelFinalPrice": "1592.52"}}}
{"_id": "orderid:281434", "timestamp": "2019-12-16T19:36:07.000Z", "eventType": "transaction", "_adobeamericaspot3": {"CRMID": "crmid:7618283330", "orderDetails": {"orderID": "orderid:281434", "reservationid": "TS0-4LTJ", "orderType": "call center", "hotelSKU": "prd1118", "hotelCheckInUnix": "1578684967", "hotelCheckOutUnix": "1579376167", "hotelCheckInTS": "2020-01-10T19:36:07+00:00", "hotelCheckOutTS": "2020-01-18T19:36:07+00:00", "hotelChain": "Blue Reef Resort", "hotelName": "Blue Reef Resort: Cologne", "hotelLocation": "Cologne", "hotelRoomType": "standard", "hotelRoomCount": "1", "hotelGuestAdultCount": "1", "hotelGuestChildCount": "0", "hotelNightCount": "8", "hotelRoomPrice": "121.54", "hotelFinalPrice": "972.32"}}}
{"_id": "orderid:852596", "timestamp": "2020-01-28T06:19:54.000Z", "eventType": "transaction", "_adobeamericaspot3": {"CRMID": "crmid:2096907185", "orderDetails": {"orderID": "orderid:852596", "reservationid": "L4I-AVBW", "orderType": "mobile", "hotelSKU": "prd1028", "hotelCheckInUnix": "1580883594", "hotelCheckOutUnix": "1581488394", "hotelCheckInTS": "2020-02-05T06:19:54+00:00", "hotelCheckOutTS": "2020-02-12T06:19:54+00:00", "hotelChain": "Aspen Heights", "hotelName": "Aspen Heights: Portland", "hotelLocation": "Portland", "hotelRoomType": "standard", "hotelRoomCount": "1", "hotelGuestAdultCount": "1", "hotelGuestChildCount": "0", "hotelNightCount": "7", "hotelRoomPrice": "148.38", "hotelFinalPrice": "1038.66"}}}
{"_id": "orderid:146249", "timestamp": "2020-01-10T09:43:38.000Z", "eventType": "transaction", "_adobeamericaspot3": {"CRMID": "crmid:7315472537", "orderDetails": {"orderID": "orderid:146249", "reservationid": "NGD-HBCJ", "orderType": "mobile", "hotelSKU": "prd1166", "hotelCheckInUnix": "1578822218", "hotelCheckOutUnix": "1578995018", "hotelCheckInTS": "2020-01-12T09:43:38+00:00", "hotelCheckOutTS": "2020-01-14T09:43:38+00:00", "hotelChain": "Blue Reef Resort", "hotelName": "Blue Reef Resort: Baltimore", "hotelLocation": "Baltimore", "hotelRoomType": "premium", "hotelRoomCount": "1", "hotelGuestAdultCount": "1", "hotelGuestChildCount": "0", "hotelNightCount": "2", "hotelRoomPrice": "100.51", "hotelFinalPrice": "201.02"}}}
{"_id": "orderid:511926", "timestamp": "2019-12-06T19:40:36.000Z", "eventType": "transaction", "_adobeamericaspot3": {"CRMID": "crmid:1909020793", "orderDetails": {"orderID": "orderid:511926", "reservationid": "SCD-LZO4", "orderType": "website", "hotelSKU": "prd1125", "hotelCheckInUnix": "1577821236", "hotelCheckOutUnix": "1578080436", "hotelCheckInTS": "2019-12-31T19:40:36+00:00", "hotelCheckOutTS": "2020-01-03T19:40:36+00:00", "hotelChain": "Sapphire Suites", "hotelName": "Sapphire Suites: Palermo", "hotelLocation": "Palermo", "hotelRoomType": "standard", "hotelRoomCount": "1", "hotelGuestAdultCount": "1", "hotelGuestChildCount": "0", "hotelNightCount": "3", "hotelRoomPrice": "121.85", "hotelFinalPrice": "365.55"}}}
{"_id": "orderid:256669", "timestamp": "2020-02-01T17:09:03.000Z", "eventType": "transaction", "_adobeamericaspot3": {"CRMID": "crmid:6876571305", "orderDetails": {"orderID": "orderid:256669", "reservationid": "YCU-GNT1", "orderType": "website", "hotelSKU": "prd1047", "hotelCheckInUnix": "1582823343", "hotelCheckOutUnix": "1583255343", "hotelCheckInTS": "2020-02-27T17:09:03+00:00", "hotelCheckOutTS": "2020-03-03T17:09:03+00:00", "hotelChain": "Hospitality Inn", "hotelName": "Hospitality Inn: Oakland", "hotelLocation": "Oakland", "hotelRoomType": "premium", "hotelRoomCount": "1", "hotelGuestAdultCount": "1", "hotelGuestChildCount": "0", "hotelNightCount": "5", "hotelRoomPrice": "151.27", "hotelFinalPrice": "756.35"}}}
{"_id": "orderid:438400", "timestamp": "2020-01-18T22:19:55.000Z", "eventType": "transaction", "_adobeamericaspot3": {"CRMID": "crmid:9540579848", "orderDetails": {"orderID": "orderid:438400", "reservationid": "6Q7-4BNY", "orderType": "call center", "hotelSKU": "prd1070", "hotelCheckInUnix": "1579731595", "hotelCheckOutUnix": "1579817995", "hotelCheckInTS": "2020-01-22T22:19:55+00:00", "hotelCheckOutTS": "2020-01-23T22:19:55+00:00", "hotelChain": "Blue Reef Resort", "hotelName": "Blue Reef Resort: Jakarta", "hotelLocation": "Jakarta", "hotelRoomType": "standard", "hotelRoomCount": "1", "hotelGuestAdultCount": "1", "hotelGuestChildCount": "0", "hotelNightCount": "1", "hotelRoomPrice": "141.59", "hotelFinalPrice": "141.59"}}}
{"_id": "orderid:847152", "timestamp": "2020-02-13T17:26:18.000Z", "eventType": "transaction", "_adobeamericaspot3": {"CRMID": "crmid:6616455150", "orderDetails": {"orderID": "orderid:847152", "reservationid": "FIR-KEF6", "orderType": "kiosk", "hotelSKU": "prd1087", "hotelCheckInUnix": "1581873978", "hotelCheckOutUnix": "1582046778", "hotelCheckInTS": "2020-02-16T17:26:18+00:00", "hotelCheckOutTS": "2020-02-18T17:26:18+00:00", "hotelChain": "Family Fun Hotels", "hotelName": "Family Fun Hotels: Kolkata", "hotelLocation": "Kolkata", "hotelRoomType": "standard", "hotelRoomCount": "1", "hotelGuestAdultCount": "1", "hotelGuestChildCount": "0", "hotelNightCount": "2", "hotelRoomPrice": "78.41", "hotelFinalPrice": "156.82"}}}
{"_id": "orderid:899011", "timestamp": "2020-01-07T09:54:38.000Z", "eventType": "transaction", "_adobeamericaspot3": {"CRMID": "crmid:4407975132", "orderDetails": {"orderID": "orderid:899011", "reservationid": "KES-U2PW", "orderType": "kiosk", "hotelSKU": "prd1179", "hotelCheckInUnix": "1578822878", "hotelCheckOutUnix": "1578909278", "hotelCheckInTS": "2020-01-12T09:54:38+00:00", "hotelCheckOutTS": "2020-01-13T09:54:38+00:00", "hotelChain": "Hospitality Inn", "hotelName": "Hospitality Inn: Miami", "hotelLocation": "Miami", "hotelRoomType": "standard", "hotelRoomCount": "1", "hotelGuestAdultCount": "1", "hotelGuestChildCount": "0", "hotelNightCount": "1", "hotelRoomPrice": "154.73", "hotelFinalPrice": "154.73"}}}
{"_id": "orderid:817338", "timestamp": "2020-01-15T00:00:00.000Z", "eventType": "transaction", "_adobeamericaspot3": {"CRMID": "crmid:4407975132", "orderDetails": {"orderID": "orderid:817338", "reservationid": "RJJ-YKBX", "orderType": "kiosk", "hotelSKU": "prd1177", "hotelCheckInUnix": "1579132800", "hotelCheckOutUnix": "1579392000", "hotelCheckInTS": "2020-01-16T00:00:00+00:00", "hotelCheckOutTS": "2020-01-19T00:00:00+00:00", "hotelChain": "Admiralty Plaza", "hotelName": "Admiralty Plaza: Raleigh", "hotelLocation": "Raleigh", "hotelRoomType": "standard", "hotelRoomCount": "1", "hotelGuestAdultCount": "1", "hotelGuestChildCount": "0", "hotelNightCount": "3", "hotelRoomPrice": "124.22", "hotelFinalPrice": "372.66"}}}
{"_id": "orderid:602993", "timestamp": "2019-12-09T15:33:57.000Z", "eventType": "transaction", "_adobeamericaspot3": {"CRMID": "crmid:7680281827", "orderDetails": {"orderID": "orderid:602993", "reservationid": "E22-OOTX", "orderType": "website", "hotelSKU": "prd1190", "hotelCheckInUnix": "1577806437", "hotelCheckOutUnix": "1579448037", "hotelCheckInTS": "2019-12-31T15:33:57+00:00", "hotelCheckOutTS": "2020-01-19T15:33:57+00:00", "hotelChain": "Blue Reef Resort", "hotelName": "Blue Reef Resort: Aurora", "hotelLocation": "Aurora", "hotelRoomType": "standard", "hotelRoomCount": "1", "hotelGuestAdultCount": "1", "hotelGuestChildCount": "0", "hotelNightCount": "19", "hotelRoomPrice": "122.1", "hotelFinalPrice": "2319.9"}}}
{"_id": "orderid:107987", "timestamp": "2019-12-31T16:51:45.000Z", "eventType": "transaction", "_adobeamericaspot3": {"CRMID": "crmid:5931397803", "orderDetails": {"orderID": "orderid:107987", "reservationid": "YVL-60TB", "orderType": "mobile", "hotelSKU": "prd1061", "hotelCheckInUnix": "1579193505", "hotelCheckOutUnix": "1580143905", "hotelCheckInTS": "2020-01-16T16:51:45+00:00", "hotelCheckOutTS": "2020-01-27T16:51:45+00:00", "hotelChain": "Grandeur Hotels", "hotelName": "Grandeur Hotels: Lahore", "hotelLocation": "Lahore", "hotelRoomType": "standard", "hotelRoomCount": "1", "hotelGuestAdultCount": "1", "hotelGuestChildCount": "1", "hotelNightCount": "11", "hotelRoomPrice": "130.71", "hotelFinalPrice": "1437.81"}}}
{"_id": "orderid:231728", "timestamp": "2020-01-04T15:00:15.000Z", "eventType": "transaction", "_adobeamericaspot3": {"CRMID": "crmid:5365063699", "orderDetails": {"orderID": "orderid:231728", "reservationid": "W1H-BNHP", "orderType": "website", "hotelSKU": "prd1191", "hotelCheckInUnix": "1578495615", "hotelCheckOutUnix": "1578668415", "hotelCheckInTS": "2020-01-08T15:00:15+00:00", "hotelCheckOutTS": "2020-01-10T15:00:15+00:00", "hotelChain": "Hospitality Inn", "hotelName": "Hospitality Inn: Mumbai", "hotelLocation": "Mumbai", "hotelRoomType": "premium", "hotelRoomCount": "1", "hotelGuestAdultCount": "1", "hotelGuestChildCount": "0", "hotelNightCount": "2", "hotelRoomPrice": "153.09", "hotelFinalPrice": "306.18"}}}
{"_id": "orderid:807194", "timestamp": "2019-12-25T08:38:24.000Z", "eventType": "transaction", "_adobeamericaspot3": {"CRMID": "crmid:7577295496", "orderDetails": {"orderID": "orderid:807194", "reservationid": "PQO-KZXA", "orderType": "website", "hotelSKU": "prd1190", "hotelCheckInUnix": "1579423104", "hotelCheckOutUnix": "1580114304", "hotelCheckInTS": "2020-01-19T08:38:24+00:00", "hotelCheckOutTS": "2020-01-27T08:38:24+00:00", "hotelChain": "Blue Reef Resort", "hotelName": "Blue Reef Resort: Aurora", "hotelLocation": "Aurora", "hotelRoomType": "standard", "hotelRoomCount": "1", "hotelGuestAdultCount": "1", "hotelGuestChildCount": "0", "hotelNightCount": "8", "hotelRoomPrice": "182.49", "hotelFinalPrice": "1459.92"}}}
{"_id": "orderid:675061", "timestamp": "2020-01-24T09:34:02.000Z", "eventType": "transaction", "_adobeamericaspot3": {"CRMID": "crmid:1426494874", "orderDetails": {"orderID": "orderid:675061", "reservationid": "3TB-BCFM", "orderType": "kiosk", "hotelSKU": "prd1010", "hotelCheckInUnix": "1580031242", "hotelCheckOutUnix": "1580204042", "hotelCheckInTS": "2020-01-26T09:34:02+00:00", "hotelCheckOutTS": "2020-01-28T09:34:02+00:00", "hotelChain": "Blue Reef Resort", "hotelName": "Blue Reef Resort: San Diego", "hotelLocation": "San Diego", "hotelRoomType": "standard", "hotelRoomCount": "1", "hotelGuestAdultCount": "1", "hotelGuestChildCount": "0", "hotelNightCount": "2", "hotelRoomPrice": "150.32", "hotelFinalPrice": "300.64"}}}
{"_id": "orderid:289117", "timestamp": "2020-01-18T17:29:18.000Z", "eventType": "transaction", "_adobeamericaspot3": {"CRMID": "crmid:3033316702", "orderDetails": {"orderID": "orderid:289117", "reservationid": "GG0-T0XL", "orderType": "service desk", "hotelSKU": "prd1050", "hotelCheckInUnix": "1581614958", "hotelCheckOutUnix": "1582738158", "hotelCheckInTS": "2020-02-13T17:29:18+00:00", "hotelCheckOutTS": "2020-02-26T17:29:18+00:00", "hotelChain": "Restful Nights", "hotelName": "Restful Nights: Arlington", "hotelLocation": "Arlington", "hotelRoomType": "standard", "hotelRoomCount": "1", "hotelGuestAdultCount": "1", "hotelGuestChildCount": "0", "hotelNightCount": "13", "hotelRoomPrice": "183.63", "hotelFinalPrice": "2387.19"}}}
{"_id": "orderid:974656", "timestamp": "2020-01-06T20:48:08.000Z", "eventType": "transaction", "_adobeamericaspot3": {"CRMID": "crmid:1229777735", "orderDetails": {"orderID": "orderid:974656", "reservationid": "GM3-ZGPZ", "orderType": "website", "hotelSKU": "prd1075", "hotelCheckInUnix": "1578862088", "hotelCheckOutUnix": "1579380488", "hotelCheckInTS": "2020-01-12T20:48:08+00:00", "hotelCheckOutTS": "2020-01-18T20:48:08+00:00", "hotelChain": "Family Fun Hotels", "hotelName": "Family Fun Hotels: Bangalore", "hotelLocation": "Bangalore", "hotelRoomType": "standard", "hotelRoomCount": "1", "hotelGuestAdultCount": "1", "hotelGuestChildCount": "0", "hotelNightCount": "6", "hotelRoomPrice": "157.81", "hotelFinalPrice": "946.86"}}}
{"_id": "orderid:854362", "timestamp": "2019-12-28T22:06:59.000Z", "eventType": "transaction", "_adobeamericaspot3": {"CRMID": "crmid:1289628009", "orderDetails": {"orderID": "orderid:854362", "reservationid": "FEP-6X4S", "orderType": "call center", "hotelSKU": "prd1153", "hotelCheckInUnix": "1578089219", "hotelCheckOutUnix": "1579212419", "hotelCheckInTS": "2020-01-03T22:06:59+00:00", "hotelCheckOutTS": "2020-01-16T22:06:59+00:00", "hotelChain": "Admiralty Plaza", "hotelName": "Admiralty Plaza: Charlotte", "hotelLocation": "Charlotte", "hotelRoomType": "standard", "hotelRoomCount": "1", "hotelGuestAdultCount": "1", "hotelGuestChildCount": "0", "hotelNightCount": "13", "hotelRoomPrice": "106.66", "hotelFinalPrice": "1386.58"}}}
{"_id": "orderid:729419", "timestamp": "2020-01-29T02:27:21.000Z", "eventType": "transaction", "_adobeamericaspot3": {"CRMID": "crmid:6581621933", "orderDetails": {"orderID": "orderid:729419", "reservationid": "6AE-HORL", "orderType": "kiosk", "hotelSKU": "prd1063", "hotelCheckInUnix": "1582770441", "hotelCheckOutUnix": "1583029641", "hotelCheckInTS": "2020-02-27T02:27:21+00:00", "hotelCheckOutTS": "2020-03-01T02:27:21+00:00", "hotelChain": "Family Fun Hotels", "hotelName": "Family Fun Hotels: London", "hotelLocation": "London", "hotelRoomType": "standard", "hotelRoomCount": "1", "hotelGuestAdultCount": "1", "hotelGuestChildCount": "0", "hotelNightCount": "3", "hotelRoomPrice": "154.63", "hotelFinalPrice": "463.89"}}}
{"_id": "orderid:915871", "timestamp": "2020-01-21T01:54:33.000Z", "eventType": "transaction", "_adobeamericaspot3": {"CRMID": "crmid:9560716177", "orderDetails": {"orderID": "orderid:915871", "reservationid": "9Q5-ASOO", "orderType": "call center", "hotelSKU": "prd1124", "hotelCheckInUnix": "1579658073", "hotelCheckOutUnix": "1579917273", "hotelCheckInTS": "2020-01-22T01:54:33+00:00", "hotelCheckOutTS": "2020-01-25T01:54:33+00:00", "hotelChain": "Aspen Heights", "hotelName": "Aspen Heights: Leeds", "hotelLocation": "Leeds", "hotelRoomType": "premium", "hotelRoomCount": "1", "hotelGuestAdultCount": "1", "hotelGuestChildCount": "0", "hotelNightCount": "3", "hotelRoomPrice": "111.91", "hotelFinalPrice": "335.73"}}}
{"_id": "orderid:319687", "timestamp": "2020-01-08T07:32:00.000Z", "eventType": "transaction", "_adobeamericaspot3": {"CRMID": "crmid:5843175964", "orderDetails": {"orderID": "orderid:319687", "reservationid": "PTA-M6I1", "orderType": "website", "hotelSKU": "prd1026", "hotelCheckInUnix": "1580542320", "hotelCheckOutUnix": "1581147120", "hotelCheckInTS": "2020-02-01T07:32:00+00:00", "hotelCheckOutTS": "2020-02-08T07:32:00+00:00", "hotelChain": "Restful Nights", "hotelName": "Restful Nights: Nashville", "hotelLocation": "Nashville", "hotelRoomType": "standard", "hotelRoomCount": "1", "hotelGuestAdultCount": "1", "hotelGuestChildCount": "3", "hotelNightCount": "7", "hotelRoomPrice": "136.64", "hotelFinalPrice": "956.48"}}}
{"_id": "orderid:549917", "timestamp": "2020-01-25T21:58:50.000Z", "eventType": "transaction", "_adobeamericaspot3": {"CRMID": "crmid:6914178311", "orderDetails": {"orderID": "orderid:549917", "reservationid": "NK5-AISU", "orderType": "kiosk", "hotelSKU": "prd1191", "hotelCheckInUnix": "1580248730", "hotelCheckOutUnix": "1580421530", "hotelCheckInTS": "2020-01-28T21:58:50+00:00", "hotelCheckOutTS": "2020-01-30T21:58:50+00:00", "hotelChain": "Hospitality Inn", "hotelName": "Hospitality Inn: Mumbai", "hotelLocation": "Mumbai", "hotelRoomType": "standard", "hotelRoomCount": "1", "hotelGuestAdultCount": "1", "hotelGuestChildCount": "0", "hotelNightCount": "2", "hotelRoomPrice": "160.33", "hotelFinalPrice": "320.66"}}}
{"_id": "orderid:888987", "timestamp": "2019-12-09T23:01:45.000Z", "eventType": "transaction", "_adobeamericaspot3": {"CRMID": "crmid:2745372133", "orderDetails": {"orderID": "orderid:888987", "reservationid": "JJA-HIZC", "orderType": "call center", "hotelSKU": "prd1058", "hotelCheckInUnix": "1576018905", "hotelCheckOutUnix": "1576364505", "hotelCheckInTS": "2019-12-10T23:01:45+00:00", "hotelCheckOutTS": "2019-12-14T23:01:45+00:00", "hotelChain": "Blue Reef Resort", "hotelName": "Blue Reef Resort: Delhi", "hotelLocation": "Delhi", "hotelRoomType": "standard", "hotelRoomCount": "1", "hotelGuestAdultCount": "1", "hotelGuestChildCount": "0", "hotelNightCount": "4", "hotelRoomPrice": "162.73", "hotelFinalPrice": "650.92"}}}
{"_id": "orderid:525729", "timestamp": "2019-12-16T00:00:00.000Z", "eventType": "transaction", "_adobeamericaspot3": {"CRMID": "crmid:2745372133", "orderDetails": {"orderID": "orderid:525729", "reservationid": "KGF-NOXN", "orderType": "website", "hotelSKU": "prd1081", "hotelCheckInUnix": "1576540800", "hotelCheckOutUnix": "1576800000", "hotelCheckInTS": "2019-12-17T00:00:00+00:00", "hotelCheckOutTS": "2019-12-20T00:00:00+00:00", "hotelChain": "Admiralty Plaza", "hotelName": "Admiralty Plaza: Rod de Janeiro", "hotelLocation": "Rod de Janeiro", "hotelRoomType": "standard", "hotelRoomCount": "1", "hotelGuestAdultCount": "1", "hotelGuestChildCount": "0", "hotelNightCount": "3", "hotelRoomPrice": "111.41", "hotelFinalPrice": "334.23"}}}
{"_id": "orderid:601069", "timestamp": "2019-12-29T00:01:34.000Z", "eventType": "transaction", "_adobeamericaspot3": {"CRMID": "crmid:8741489792", "orderDetails": {"orderID": "orderid:601069", "reservationid": "A4V-FEHT", "orderType": "kiosk", "hotelSKU": "prd1165", "hotelCheckInUnix": "1577836894", "hotelCheckOutUnix": "1578182494", "hotelCheckInTS": "2020-01-01T00:01:34+00:00", "hotelCheckOutTS": "2020-01-05T00:01:34+00:00", "hotelChain": "Admiralty Plaza", "hotelName": "Admiralty Plaza: Louisville", "hotelLocation": "Louisville", "hotelRoomType": "standard", "hotelRoomCount": "1", "hotelGuestAdultCount": "1", "hotelGuestChildCount": "0", "hotelNightCount": "4", "hotelRoomPrice": "178.99", "hotelFinalPrice": "715.96"}}}
{"_id": "orderid:201187", "timestamp": "2019-12-16T11:27:14.000Z", "eventType": "transaction", "_adobeamericaspot3": {"CRMID": "crmid:9903689447", "orderDetails": {"orderID": "orderid:201187", "reservationid": "E69-RARC", "orderType": "mobile", "hotelSKU": "prd1077", "hotelCheckInUnix": "1576754834", "hotelCheckOutUnix": "1576841234", "hotelCheckInTS": "2019-12-19T11:27:14+00:00", "hotelCheckOutTS": "2019-12-20T11:27:14+00:00", "hotelChain": "Sapphire Suites", "hotelName": "Sapphire Suites: Cairo", "hotelLocation": "Cairo", "hotelRoomType": "standard", "hotelRoomCount": "1", "hotelGuestAdultCount": "1", "hotelGuestChildCount": "0", "hotelNightCount": "1", "hotelRoomPrice": "133.4", "hotelFinalPrice": "133.4"}}}
{"_id": "orderid:433746", "timestamp": "2020-01-18T02:08:37.000Z", "eventType": "transaction", "_adobeamericaspot3": {"CRMID": "crmid:6892625213", "orderDetails": {"orderID": "orderid:433746", "reservationid": "YGH-36ZL", "orderType": "call center", "hotelSKU": "prd1170", "hotelCheckInUnix": "1579399717", "hotelCheckOutUnix": "1579572517", "hotelCheckInTS": "2020-01-19T02:08:37+00:00", "hotelCheckOutTS": "2020-01-21T02:08:37+00:00", "hotelChain": "Restful Nights", "hotelName": "Restful Nights: Fresno", "hotelLocation": "Fresno", "hotelRoomType": "luxury", "hotelRoomCount": "1", "hotelGuestAdultCount": "1", "hotelGuestChildCount": "0", "hotelNightCount": "2", "hotelRoomPrice": "364.8", "hotelFinalPrice": "729.6"}}}
{"_id": "orderid:163873", "timestamp": "2020-02-03T18:50:40.000Z", "eventType": "transaction", "_adobeamericaspot3": {"CRMID": "crmid:2767996131", "orderDetails": {"orderID": "orderid:163873", "reservationid": "LL5-YHKH", "orderType": "mobile", "hotelSKU": "prd1094", "hotelCheckInUnix": "1582656640", "hotelCheckOutUnix": "1583175040", "hotelCheckInTS": "2020-02-25T18:50:40+00:00", "hotelCheckOutTS": "2020-03-02T18:50:40+00:00", "hotelChain": "Blue Reef Resort", "hotelName": "Blue Reef Resort: Berlin", "hotelLocation": "Berlin", "hotelRoomType": "standard", "hotelRoomCount": "1", "hotelGuestAdultCount": "1", "hotelGuestChildCount": "0", "hotelNightCount": "6", "hotelRoomPrice": "162.91", "hotelFinalPrice": "977.46"}}}
{"_id": "orderid:616107", "timestamp": "2020-01-30T21:19:04.000Z", "eventType": "transaction", "_adobeamericaspot3": {"CRMID": "crmid:2718804703", "orderDetails": {"orderID": "orderid:616107", "reservationid": "QJL-LJLK", "orderType": "call center", "hotelSKU": "prd1070", "hotelCheckInUnix": "1580764744", "hotelCheckOutUnix": "1581023944", "hotelCheckInTS": "2020-02-03T21:19:04+00:00", "hotelCheckOutTS": "2020-02-06T21:19:04+00:00", "hotelChain": "Blue Reef Resort", "hotelName": "Blue Reef Resort: Jakarta", "hotelLocation": "Jakarta", "hotelRoomType": "standard", "hotelRoomCount": "1", "hotelGuestAdultCount": "1", "hotelGuestChildCount": "1", "hotelNightCount": "3", "hotelRoomPrice": "133.28", "hotelFinalPrice": "399.84"}}}
{"_id": "orderid:241191", "timestamp": "2020-01-30T23:55:34.000Z", "eventType": "transaction", "_adobeamericaspot3": {"CRMID": "crmid:1154701603", "orderDetails": {"orderID": "orderid:241191", "reservationid": "J3M-5NK7", "orderType": "website", "hotelSKU": "prd1112", "hotelCheckInUnix": "1582070134", "hotelCheckOutUnix": "1582588534", "hotelCheckInTS": "2020-02-18T23:55:34+00:00", "hotelCheckOutTS": "2020-02-24T23:55:34+00:00", "hotelChain": "Aspen Heights", "hotelName": "Aspen Heights: Birmingham", "hotelLocation": "Birmingham", "hotelRoomType": "standard", "hotelRoomCount": "1", "hotelGuestAdultCount": "1", "hotelGuestChildCount": "0", "hotelNightCount": "6", "hotelRoomPrice": "91.29", "hotelFinalPrice": "547.74"}}}
{"_id": "orderid:393183", "timestamp": "2020-02-04T04:09:55.000Z", "eventType": "transaction", "_adobeamericaspot3": {"CRMID": "crmid:8936864380", "orderDetails": {"orderID": "orderid:393183", "reservationid": "D5U-X7JL", "orderType": "call center", "hotelSKU": "prd1034", "hotelCheckInUnix": "1581394195", "hotelCheckOutUnix": "1582085395", "hotelCheckInTS": "2020-02-11T04:09:55+00:00", "hotelCheckOutTS": "2020-02-19T04:09:55+00:00", "hotelChain": "Blue Reef Resort", "hotelName": "Blue Reef Resort: Albuquerque", "hotelLocation": "Albuquerque", "hotelRoomType": "standard", "hotelRoomCount": "1", "hotelGuestAdultCount": "1", "hotelGuestChildCount": "2", "hotelNightCount": "8", "hotelRoomPrice": "137.26", "hotelFinalPrice": "1098.08"}}}
{"_id": "orderid:960205", "timestamp": "2020-01-14T06:48:45.000Z", "eventType": "transaction", "_adobeamericaspot3": {"CRMID": "crmid:6629428612", "orderDetails": {"orderID": "orderid:960205", "reservationid": "YKS-J0PJ", "orderType": "website", "hotelSKU": "prd1181", "hotelCheckInUnix": "1580798925", "hotelCheckOutUnix": "1581403725", "hotelCheckInTS": "2020-02-04T06:48:45+00:00", "hotelCheckOutTS": "2020-02-11T06:48:45+00:00", "hotelChain": "Grandeur Hotels", "hotelName": "Grandeur Hotels: Oakland", "hotelLocation": "Oakland", "hotelRoomType": "standard", "hotelRoomCount": "1", "hotelGuestAdultCount": "1", "hotelGuestChildCount": "2", "hotelNightCount": "7", "hotelRoomPrice": "154.74", "hotelFinalPrice": "1083.18"}}}
{"_id": "orderid:106817", "timestamp": "2020-01-02T06:56:46.000Z", "eventType": "transaction", "_adobeamericaspot3": {"CRMID": "crmid:8456217687", "orderDetails": {"orderID": "orderid:106817", "reservationid": "BCX-KXOO", "orderType": "kiosk", "hotelSKU": "prd1075", "hotelCheckInUnix": "1580194606", "hotelCheckOutUnix": "1580626606", "hotelCheckInTS": "2020-01-28T06:56:46+00:00", "hotelCheckOutTS": "2020-02-02T06:56:46+00:00", "hotelChain": "Family Fun Hotels", "hotelName": "Family Fun Hotels: Bangalore", "hotelLocation": "Bangalore", "hotelRoomType": "standard", "hotelRoomCount": "1", "hotelGuestAdultCount": "1", "hotelGuestChildCount": "4", "hotelNightCount": "5", "hotelRoomPrice": "133.51", "hotelFinalPrice": "667.55"}}}
{"_id": "orderid:105216", "timestamp": "2020-01-06T13:09:45.000Z", "eventType": "transaction", "_adobeamericaspot3": {"CRMID": "crmid:4395194735", "orderDetails": {"orderID": "orderid:105216", "reservationid": "NDN-RKYA", "orderType": "kiosk", "hotelSKU": "prd1064", "hotelCheckInUnix": "1580562585", "hotelCheckOutUnix": "1581080985", "hotelCheckInTS": "2020-02-01T13:09:45+00:00", "hotelCheckOutTS": "2020-02-07T13:09:45+00:00", "hotelChain": "Aspen Heights", "hotelName": "Aspen Heights: Paris", "hotelLocation": "Paris", "hotelRoomType": "standard", "hotelRoomCount": "1", "hotelGuestAdultCount": "1", "hotelGuestChildCount": "0", "hotelNightCount": "6", "hotelRoomPrice": "124.77", "hotelFinalPrice": "748.62"}}}
{"_id": "orderid:299946", "timestamp": "2020-01-20T13:11:25.000Z", "eventType": "transaction", "_adobeamericaspot3": {"CRMID": "crmid:5783332257", "orderDetails": {"orderID": "orderid:299946", "reservationid": "MMR-GGBX", "orderType": "mobile", "hotelSKU": "prd1056", "hotelCheckInUnix": "1579612285", "hotelCheckOutUnix": "1579957885", "hotelCheckInTS": "2020-01-21T13:11:25+00:00", "hotelCheckOutTS": "2020-01-25T13:11:25+00:00", "hotelChain": "Repose Resort", "hotelName": "Repose Resort: Aurora", "hotelLocation": "Aurora", "hotelRoomType": "standard", "hotelRoomCount": "1", "hotelGuestAdultCount": "1", "hotelGuestChildCount": "0", "hotelNightCount": "4", "hotelRoomPrice": "118.64", "hotelFinalPrice": "474.56"}}}
{"_id": "orderid:115189", "timestamp": "2019-12-18T18:07:16.000Z", "eventType": "transaction", "_adobeamericaspot3": {"CRMID": "crmid:1443117438", "orderDetails": {"orderID": "orderid:115189", "reservationid": "HAE-A0YS", "orderType": "call center", "hotelSKU": "prd1153", "hotelCheckInUnix": "1577642836", "hotelCheckOutUnix": "1579025236", "hotelCheckInTS": "2019-12-29T18:07:16+00:00", "hotelCheckOutTS": "2020-01-14T18:07:16+00:00", "hotelChain": "Admiralty Plaza", "hotelName": "Admiralty Plaza: Charlotte", "hotelLocation": "Charlotte", "hotelRoomType": "premium", "hotelRoomCount": "1", "hotelGuestAdultCount": "1", "hotelGuestChildCount": "0", "hotelNightCount": "16", "hotelRoomPrice": "179.99", "hotelFinalPrice": "2879.84"}}}
{"_id": "orderid:999486", "timestamp": "2019-12-23T14:14:12.000Z", "eventType": "transaction", "_adobeamericaspot3": {"CRMID": "crmid:8759643381", "orderDetails": {"orderID": "orderid:999486", "reservationid": "CEL-R9PJ", "orderType": "website", "hotelSKU": "prd1160", "hotelCheckInUnix": "1579270452", "hotelCheckOutUnix": "1579961652", "hotelCheckInTS": "2020-01-17T14:14:12+00:00", "hotelCheckOutTS": "2020-01-25T14:14:12+00:00", "hotelChain": "Aspen Heights", "hotelName": "Aspen Heights: Nashville", "hotelLocation": "Nashville", "hotelRoomType": "standard", "hotelRoomCount": "1", "hotelGuestAdultCount": "1", "hotelGuestChildCount": "3", "hotelNightCount": "8", "hotelRoomPrice": "77.35", "hotelFinalPrice": "618.8"}}}
{"_id": "orderid:936908", "timestamp": "2020-02-14T13:39:37.000Z", "eventType": "transaction", "_adobeamericaspot3": {"CRMID": "crmid:9491564026", "orderDetails": {"orderID": "orderid:936908", "reservationid": "JD3-ZS6G", "orderType": "call center", "hotelSKU": "prd1150", "hotelCheckInUnix": "1583415577", "hotelCheckOutUnix": "1584106777", "hotelCheckInTS": "2020-03-05T13:39:37+00:00", "hotelCheckOutTS": "2020-03-13T13:39:37+00:00", "hotelChain": "Sego Lily Suites", "hotelName": "Sego Lily Suites: Columbus", "hotelLocation": "Columbus", "hotelRoomType": "standard", "hotelRoomCount": "1", "hotelGuestAdultCount": "1", "hotelGuestChildCount": "0", "hotelNightCount": "8", "hotelRoomPrice": "139.0", "hotelFinalPrice": "1112.0"}}}
{"_id": "orderid:356144", "timestamp": "2019-12-28T12:39:16.000Z", "eventType": "transaction", "_adobeamericaspot3": {"CRMID": "crmid:4939705455", "orderDetails": {"orderID": "orderid:356144", "reservationid": "PVH-EKP7", "orderType": "call center", "hotelSKU": "prd1185", "hotelCheckInUnix": "1579005556", "hotelCheckOutUnix": "1579437556", "hotelCheckInTS": "2020-01-14T12:39:16+00:00", "hotelCheckOutTS": "2020-01-19T12:39:16+00:00", "hotelChain": "Sapphire Suites", "hotelName": "Sapphire Suites: New Orleans", "hotelLocation": "New Orleans", "hotelRoomType": "premium", "hotelRoomCount": "1", "hotelGuestAdultCount": "1", "hotelGuestChildCount": "0", "hotelNightCount": "5", "hotelRoomPrice": "114.96", "hotelFinalPrice": "574.8"}}}
{"_id": "orderid:601939", "timestamp": "2019-12-30T15:40:42.000Z", "eventType": "transaction", "_adobeamericaspot3": {"CRMID": "crmid:7944371041", "orderDetails": {"orderID": "orderid:601939", "reservationid": "VST-MH6T", "orderType": "service desk", "hotelSKU": "prd1179", "hotelCheckInUnix": "1578584442", "hotelCheckOutUnix": "1579189242", "hotelCheckInTS": "2020-01-09T15:40:42+00:00", "hotelCheckOutTS": "2020-01-16T15:40:42+00:00", "hotelChain": "Hospitality Inn", "hotelName": "Hospitality Inn: Miami", "hotelLocation": "Miami", "hotelRoomType": "standard", "hotelRoomCount": "1", "hotelGuestAdultCount": "1", "hotelGuestChildCount": "0", "hotelNightCount": "7", "hotelRoomPrice": "125.18", "hotelFinalPrice": "876.26"}}}
{"_id": "orderid:979308", "timestamp": "2019-12-28T21:47:38.000Z", "eventType": "transaction", "_adobeamericaspot3": {"CRMID": "crmid:1265388193", "orderDetails": {"orderID": "orderid:979308", "reservationid": "O0C-LAVV", "orderType": "call center", "hotelSKU": "prd1167", "hotelCheckInUnix": "1577656058", "hotelCheckOutUnix": "1577915258", "hotelCheckInTS": "2019-12-29T21:47:38+00:00", "hotelCheckOutTS": "2020-01-01T21:47:38+00:00", "hotelChain": "Hospitality Inn", "hotelName": "Hospitality Inn: Milwaukee", "hotelLocation": "Milwaukee", "hotelRoomType": "standard", "hotelRoomCount": "1", "hotelGuestAdultCount": "1", "hotelGuestChildCount": "0", "hotelNightCount": "3", "hotelRoomPrice": "139.4", "hotelFinalPrice": "418.2"}}}
{"_id": "orderid:678261", "timestamp": "2019-12-07T23:54:04.000Z", "eventType": "transaction", "_adobeamericaspot3": {"CRMID": "crmid:7707096131", "orderDetails": {"orderID": "orderid:678261", "reservationid": "CAX-JQPA", "orderType": "kiosk", "hotelSKU": "prd1153", "hotelCheckInUnix": "1576022044", "hotelCheckOutUnix": "1576281244", "hotelCheckInTS": "2019-12-10T23:54:04+00:00", "hotelCheckOutTS": "2019-12-13T23:54:04+00:00", "hotelChain": "Admiralty Plaza", "hotelName": "Admiralty Plaza: Charlotte", "hotelLocation": "Charlotte", "hotelRoomType": "premium", "hotelRoomCount": "1", "hotelGuestAdultCount": "1", "hotelGuestChildCount": "0", "hotelNightCount": "3", "hotelRoomPrice": "131.52", "hotelFinalPrice": "394.56"}}}
{"_id": "orderid:743241", "timestamp": "2019-12-30T05:33:25.000Z", "eventType": "transaction", "_adobeamericaspot3": {"CRMID": "crmid:8007136940", "orderDetails": {"orderID": "orderid:743241", "reservationid": "SZ3-TBFE", "orderType": "kiosk", "hotelSKU": "prd1087", "hotelCheckInUnix": "1578116005", "hotelCheckOutUnix": "1579066405", "hotelCheckInTS": "2020-01-04T05:33:25+00:00", "hotelCheckOutTS": "2020-01-15T05:33:25+00:00", "hotelChain": "Family Fun Hotels", "hotelName": "Family Fun Hotels: Kolkata", "hotelLocation": "Kolkata", "hotelRoomType": "standard", "hotelRoomCount": "1", "hotelGuestAdultCount": "1", "hotelGuestChildCount": "0", "hotelNightCount": "11", "hotelRoomPrice": "181.47", "hotelFinalPrice": "1996.17"}}}
{"_id": "orderid:986198", "timestamp": "2020-01-11T18:26:42.000Z", "eventType": "transaction", "_adobeamericaspot3": {"CRMID": "crmid:3996727776", "orderDetails": {"orderID": "orderid:986198", "reservationid": "6SB-IQJQ", "orderType": "website", "hotelSKU": "prd1071", "hotelCheckInUnix": "1579458402", "hotelCheckOutUnix": "1580063202", "hotelCheckInTS": "2020-01-19T18:26:42+00:00", "hotelCheckOutTS": "2020-01-26T18:26:42+00:00", "hotelChain": "Hospitality Inn", "hotelName": "Hospitality Inn: Seoul", "hotelLocation": "Seoul", "hotelRoomType": "standard", "hotelRoomCount": "1", "hotelGuestAdultCount": "1", "hotelGuestChildCount": "0", "hotelNightCount": "7", "hotelRoomPrice": "151.58", "hotelFinalPrice": "1061.06"}}}
{"_id": "orderid:294044", "timestamp": "2020-02-14T06:26:18.000Z", "eventType": "transaction", "_adobeamericaspot3": {"CRMID": "crmid:3837030755", "orderDetails": {"orderID": "orderid:294044", "reservationid": "BLA-ZYRZ", "orderType": "website", "hotelSKU": "prd1114", "hotelCheckInUnix": "1582698378", "hotelCheckOutUnix": "1583389578", "hotelCheckInTS": "2020-02-26T06:26:18+00:00", "hotelCheckOutTS": "2020-03-05T06:26:18+00:00", "hotelChain": "Sego Lily Suites", "hotelName": "Sego Lily Suites: Brussels", "hotelLocation": "Brussels", "hotelRoomType": "standard", "hotelRoomCount": "1", "hotelGuestAdultCount": "1", "hotelGuestChildCount": "0", "hotelNightCount": "8", "hotelRoomPrice": "168.2", "hotelFinalPrice": "1345.6"}}}
{"_id": "orderid:947443", "timestamp": "2020-01-13T00:19:11.000Z", "eventType": "transaction", "_adobeamericaspot3": {"CRMID": "crmid:6804500806", "orderDetails": {"orderID": "orderid:947443", "reservationid": "RHK-BNUT", "orderType": "mobile", "hotelSKU": "prd1028", "hotelCheckInUnix": "1580602751", "hotelCheckOutUnix": "1581207551", "hotelCheckInTS": "2020-02-02T00:19:11+00:00", "hotelCheckOutTS": "2020-02-09T00:19:11+00:00", "hotelChain": "Aspen Heights", "hotelName": "Aspen Heights: Portland", "hotelLocation": "Portland", "hotelRoomType": "standard", "hotelRoomCount": "1", "hotelGuestAdultCount": "1", "hotelGuestChildCount": "1", "hotelNightCount": "7", "hotelRoomPrice": "114.47", "hotelFinalPrice": "801.29"}}}
{"_id": "orderid:748713", "timestamp": "2020-01-24T07:40:38.000Z", "eventType": "transaction", "_adobeamericaspot3": {"CRMID": "crmid:8279625351", "orderDetails": {"orderID": "orderid:748713", "reservationid": "EXK-9LAI", "orderType": "mobile", "hotelSKU": "prd1088", "hotelCheckInUnix": "1579938038", "hotelCheckOutUnix": "1580370038", "hotelCheckInTS": "2020-01-25T07:40:38+00:00", "hotelCheckOutTS": "2020-01-30T07:40:38+00:00", "hotelChain": "Aspen Heights", "hotelName": "Aspen Heights: Ankara", "hotelLocation": "Ankara", "hotelRoomType": "standard", "hotelRoomCount": "1", "hotelGuestAdultCount": "1", "hotelGuestChildCount": "0", "hotelNightCount": "5", "hotelRoomPrice": "132.92", "hotelFinalPrice": "664.6"}}}
{"_id": "orderid:544388", "timestamp": "2020-02-01T00:00:00.000Z", "eventType": "transaction", "_adobeamericaspot3": {"CRMID": "crmid:8279625351", "orderDetails": {"orderID": "orderid:544388", "reservationid": "QHO-OFQD", "orderType": "call center", "hotelSKU": "prd1094", "hotelCheckInUnix": "1580947200", "hotelCheckOutUnix": "1581120000", "hotelCheckInTS": "2020-02-06T00:00:00+00:00", "hotelCheckOutTS": "2020-02-08T00:00:00+00:00", "hotelChain": "Blue Reef Resort", "hotelName": "Blue Reef Resort: Berlin", "hotelLocation": "Berlin", "hotelRoomType": "standard", "hotelRoomCount": "1", "hotelGuestAdultCount": "1", "hotelGuestChildCount": "0", "hotelNightCount": "2", "hotelRoomPrice": "173.98", "hotelFinalPrice": "347.96"}}}
{"_id": "orderid:845725", "timestamp": "2020-02-16T07:58:15.000Z", "eventType": "transaction", "_adobeamericaspot3": {"CRMID": "crmid:6833132749", "orderDetails": {"orderID": "orderid:845725", "reservationid": "HKL-ELLJ", "orderType": "kiosk", "hotelSKU": "prd1124", "hotelCheckInUnix": "1584259095", "hotelCheckOutUnix": "1584863895", "hotelCheckInTS": "2020-03-15T07:58:15+00:00", "hotelCheckOutTS": "2020-03-22T07:58:15+00:00", "hotelChain": "Aspen Heights", "hotelName": "Aspen Heights: Leeds", "hotelLocation": "Leeds", "hotelRoomType": "premium", "hotelRoomCount": "1", "hotelGuestAdultCount": "1", "hotelGuestChildCount": "0", "hotelNightCount": "7", "hotelRoomPrice": "122.95", "hotelFinalPrice": "860.65"}}}
{"_id": "orderid:926190", "timestamp": "2020-01-09T07:42:09.000Z", "eventType": "transaction", "_adobeamericaspot3": {"CRMID": "crmid:1433392042", "orderDetails": {"orderID": "orderid:926190", "reservationid": "ZFF-61QA", "orderType": "service desk", "hotelSKU": "prd1062", "hotelCheckInUnix": "1578728529", "hotelCheckOutUnix": "1578987729", "hotelCheckInTS": "2020-01-11T07:42:09+00:00", "hotelCheckOutTS": "2020-01-14T07:42:09+00:00", "hotelChain": "Restful Nights", "hotelName": "Restful Nights: Moscow", "hotelLocation": "Moscow", "hotelRoomType": "luxury", "hotelRoomCount": "1", "hotelGuestAdultCount": "1", "hotelGuestChildCount": "0", "hotelNightCount": "3", "hotelRoomPrice": "347.95", "hotelFinalPrice": "1043.85"}}}
{"_id": "orderid:907095", "timestamp": "2019-12-05T23:05:49.000Z", "eventType": "transaction", "_adobeamericaspot3": {"CRMID": "crmid:7044915220", "orderDetails": {"orderID": "orderid:907095", "reservationid": "H7L-SCOJ", "orderType": "website", "hotelSKU": "prd1061", "hotelCheckInUnix": "1575673549", "hotelCheckOutUnix": "1575846349", "hotelCheckInTS": "2019-12-06T23:05:49+00:00", "hotelCheckOutTS": "2019-12-08T23:05:49+00:00", "hotelChain": "Grandeur Hotels", "hotelName": "Grandeur Hotels: Lahore", "hotelLocation": "Lahore", "hotelRoomType": "standard", "hotelRoomCount": "1", "hotelGuestAdultCount": "1", "hotelGuestChildCount": "0", "hotelNightCount": "2", "hotelRoomPrice": "155.13", "hotelFinalPrice": "310.26"}}}
{"_id": "orderid:161842", "timestamp": "2020-01-24T09:00:27.000Z", "eventType": "transaction", "_adobeamericaspot3": {"CRMID": "crmid:1417612048", "orderDetails": {"orderID": "orderid:161842", "reservationid": "XUE-Y8FQ", "orderType": "call center", "hotelSKU": "prd1089", "hotelCheckInUnix": "1581498027", "hotelCheckOutUnix": "1582016427", "hotelCheckInTS": "2020-02-12T09:00:27+00:00", "hotelCheckOutTS": "2020-02-18T09:00:27+00:00", "hotelChain": "Sapphire Suites", "hotelName": "Sapphire Suites: Rome", "hotelLocation": "Rome", "hotelRoomType": "standard", "hotelRoomCount": "1", "hotelGuestAdultCount": "1", "hotelGuestChildCount": "4", "hotelNightCount": "6", "hotelRoomPrice": "168.23", "hotelFinalPrice": "1009.38"}}}
{"_id": "orderid:617861", "timestamp": "2019-12-08T14:37:59.000Z", "eventType": "transaction", "_adobeamericaspot3": {"CRMID": "crmid:2347022932", "orderDetails": {"orderID": "orderid:617861", "reservationid": "W6M-KDR6", "orderType": "mobile", "hotelSKU": "prd1015", "hotelCheckInUnix": "1575902279", "hotelCheckOutUnix": "1576161479", "hotelCheckInTS": "2019-12-09T14:37:59+00:00", "hotelCheckOutTS": "2019-12-12T14:37:59+00:00", "hotelChain": "Family Fun Hotels", "hotelName": "Family Fun Hotels: San Francisco", "hotelLocation": "San Francisco", "hotelRoomType": "ultra-luxury", "hotelRoomCount": "1", "hotelGuestAdultCount": "1", "hotelGuestChildCount": "0", "hotelNightCount": "3", "hotelRoomPrice": "371.87", "hotelFinalPrice": "1115.61"}}}
{"_id": "orderid:875794", "timestamp": "2019-12-16T00:28:59.000Z", "eventType": "transaction", "_adobeamericaspot3": {"CRMID": "crmid:8298710354", "orderDetails": {"orderID": "orderid:875794", "reservationid": "0FS-ZDMZ", "orderType": "kiosk", "hotelSKU": "prd1064", "hotelCheckInUnix": "1578529739", "hotelCheckOutUnix": "1578702539", "hotelCheckInTS": "2020-01-09T00:28:59+00:00", "hotelCheckOutTS": "2020-01-11T00:28:59+00:00", "hotelChain": "Aspen Heights", "hotelName": "Aspen Heights: Paris", "hotelLocation": "Paris", "hotelRoomType": "standard", "hotelRoomCount": "1", "hotelGuestAdultCount": "1", "hotelGuestChildCount": "0", "hotelNightCount": "2", "hotelRoomPrice": "126.19", "hotelFinalPrice": "252.38"}}}
{"_id": "orderid:620590", "timestamp": "2019-12-17T23:22:13.000Z", "eventType": "transaction", "_adobeamericaspot3": {"CRMID": "crmid:4679104085", "orderDetails": {"orderID": "orderid:620590", "reservationid": "UL8-Y0DR", "orderType": "website", "hotelSKU": "prd1045", "hotelCheckInUnix": "1578957733", "hotelCheckOutUnix": "1579562533", "hotelCheckInTS": "2020-01-13T23:22:13+00:00", "hotelCheckOutTS": "2020-01-20T23:22:13+00:00", "hotelChain": "Admiralty Plaza", "hotelName": "Admiralty Plaza: Miami", "hotelLocation": "Miami", "hotelRoomType": "premium", "hotelRoomCount": "1", "hotelGuestAdultCount": "1", "hotelGuestChildCount": "0", "hotelNightCount": "7", "hotelRoomPrice": "113.19", "hotelFinalPrice": "792.33"}}}
{"_id": "orderid:605348", "timestamp": "2019-12-27T19:31:20.000Z", "eventType": "transaction", "_adobeamericaspot3": {"CRMID": "crmid:1171275449", "orderDetails": {"orderID": "orderid:605348", "reservationid": "SPB-WFSH", "orderType": "website", "hotelSKU": "prd1107", "hotelCheckInUnix": "1579807880", "hotelCheckOutUnix": "1580412680", "hotelCheckInTS": "2020-01-23T19:31:20+00:00", "hotelCheckOutTS": "2020-01-30T19:31:20+00:00", "hotelChain": "Hospitality Inn", "hotelName": "Hospitality Inn: Kharkiv", "hotelLocation": "Kharkiv", "hotelRoomType": "standard", "hotelRoomCount": "1", "hotelGuestAdultCount": "1", "hotelGuestChildCount": "0", "hotelNightCount": "7", "hotelRoomPrice": "151.16", "hotelFinalPrice": "1058.12"}}}
{"_id": "orderid:654517", "timestamp": "2019-12-29T08:32:03.000Z", "eventType": "transaction", "_adobeamericaspot3": {"CRMID": "crmid:2334202977", "orderDetails": {"orderID": "orderid:654517", "reservationid": "PBD-G7P1", "orderType": "website", "hotelSKU": "prd1059", "hotelCheckInUnix": "1579595523", "hotelCheckOutUnix": "1580805123", "hotelCheckInTS": "2020-01-21T08:32:03+00:00", "hotelCheckOutTS": "2020-02-04T08:32:03+00:00", "hotelChain": "Hospitality Inn", "hotelName": "Hospitality Inn: Kinshasa", "hotelLocation": "Kinshasa", "hotelRoomType": "standard", "hotelRoomCount": "1", "hotelGuestAdultCount": "1", "hotelGuestChildCount": "4", "hotelNightCount": "14", "hotelRoomPrice": "149.7", "hotelFinalPrice": "2095.8"}}}
{"_id": "orderid:397635", "timestamp": "2019-12-18T23:01:38.000Z", "eventType": "transaction", "_adobeamericaspot3": {"CRMID": "crmid:6968460707", "orderDetails": {"orderID": "orderid:397635", "reservationid": "LP3-TFEB", "orderType": "kiosk", "hotelSKU": "prd1052", "hotelCheckInUnix": "1578438098", "hotelCheckOutUnix": "1578870098", "hotelCheckInTS": "2020-01-07T23:01:38+00:00", "hotelCheckOutTS": "2020-01-12T23:01:38+00:00", "hotelChain": "Aspen Heights", "hotelName": "Aspen Heights: Wichita", "hotelLocation": "Wichita", "hotelRoomType": "premium", "hotelRoomCount": "1", "hotelGuestAdultCount": "1", "hotelGuestChildCount": "3", "hotelNightCount": "5", "hotelRoomPrice": "96.63", "hotelFinalPrice": "483.15"}}}
{"_id": "orderid:327126", "timestamp": "2019-12-14T14:24:34.000Z", "eventType": "transaction", "_adobeamericaspot3": {"CRMID": "crmid:8330925436", "orderDetails": {"orderID": "orderid:327126", "reservationid": "RWO-MB4T", "orderType": "mobile", "hotelSKU": "prd1127", "hotelCheckInUnix": "1577370274", "hotelCheckOutUnix": "1577543074", "hotelCheckInTS": "2019-12-26T14:24:34+00:00", "hotelCheckOutTS": "2019-12-28T14:24:34+00:00", "hotelChain": "Nesting Box Inn", "hotelName": "Nesting Box Inn: Glasgow", "hotelLocation": "Glasgow", "hotelRoomType": "premium", "hotelRoomCount": "1", "hotelGuestAdultCount": "1", "hotelGuestChildCount": "0", "hotelNightCount": "2", "hotelRoomPrice": "134.99", "hotelFinalPrice": "269.98"}}}
{"_id": "orderid:445251", "timestamp": "2019-12-02T00:41:54.000Z", "eventType": "transaction", "_adobeamericaspot3": {"CRMID": "crmid:8167282455", "orderDetails": {"orderID": "orderid:445251", "reservationid": "42J-CIDP", "orderType": "website", "hotelSKU": "prd1160", "hotelCheckInUnix": "1575333714", "hotelCheckOutUnix": "1575592914", "hotelCheckInTS": "2019-12-03T00:41:54+00:00", "hotelCheckOutTS": "2019-12-06T00:41:54+00:00", "hotelChain": "Aspen Heights", "hotelName": "Aspen Heights: Nashville", "hotelLocation": "Nashville", "hotelRoomType": "premium", "hotelRoomCount": "1", "hotelGuestAdultCount": "1", "hotelGuestChildCount": "0", "hotelNightCount": "3", "hotelRoomPrice": "90.4", "hotelFinalPrice": "271.2"}}}
{"_id": "orderid:639397", "timestamp": "2019-12-11T12:45:10.000Z", "eventType": "transaction", "_adobeamericaspot3": {"CRMID": "crmid:8418183348", "orderDetails": {"orderID": "orderid:639397", "reservationid": "66Z-DMUM", "orderType": "website", "hotelSKU": "prd1193", "hotelCheckInUnix": "1576154710", "hotelCheckOutUnix": "1576413910", "hotelCheckInTS": "2019-12-12T12:45:10+00:00", "hotelCheckOutTS": "2019-12-15T12:45:10+00:00", "hotelChain": "Grandeur Hotels", "hotelName": "Grandeur Hotels: Kinshasa", "hotelLocation": "Kinshasa", "hotelRoomType": "standard", "hotelRoomCount": "1", "hotelGuestAdultCount": "1", "hotelGuestChildCount": "0", "hotelNightCount": "3", "hotelRoomPrice": "115.58", "hotelFinalPrice": "346.74"}}}
{"_id": "orderid:772887", "timestamp": "2019-12-16T00:00:00.000Z", "eventType": "transaction", "_adobeamericaspot3": {"CRMID": "crmid:8418183348", "orderDetails": {"orderID": "orderid:772887", "reservationid": "NJE-FDUW", "orderType": "call center", "hotelSKU": "prd1039", "hotelCheckInUnix": "1576540800", "hotelCheckOutUnix": "1576800000", "hotelCheckInTS": "2019-12-17T00:00:00+00:00", "hotelCheckOutTS": "2019-12-20T00:00:00+00:00", "hotelChain": "Family Fun Hotels", "hotelName": "Family Fun Hotels: Kansas City", "hotelLocation": "Kansas City", "hotelRoomType": "standard", "hotelRoomCount": "1", "hotelGuestAdultCount": "1", "hotelGuestChildCount": "0", "hotelNightCount": "3", "hotelRoomPrice": "152.9", "hotelFinalPrice": "458.7"}}}
{"_id": "orderid:783404", "timestamp": "2020-01-23T05:23:23.000Z", "eventType": "transaction", "_adobeamericaspot3": {"CRMID": "crmid:5544792696", "orderDetails": {"orderID": "orderid:783404", "reservationid": "QIY-OS44", "orderType": "kiosk", "hotelSKU": "prd1055", "hotelCheckInUnix": "1579843403", "hotelCheckOutUnix": "1580102603", "hotelCheckInTS": "2020-01-24T05:23:23+00:00", "hotelCheckOutTS": "2020-01-27T05:23:23+00:00", "hotelChain": "Nesting Box Inn", "hotelName": "Nesting Box Inn: Bakersfield", "hotelLocation": "Bakersfield", "hotelRoomType": "standard", "hotelRoomCount": "1", "hotelGuestAdultCount": "1", "hotelGuestChildCount": "0", "hotelNightCount": "3", "hotelRoomPrice": "163.53", "hotelFinalPrice": "490.59"}}}
{"_id": "orderid:488987", "timestamp": "2020-02-10T04:50:20.000Z", "eventType": "transaction", "_adobeamericaspot3": {"CRMID": "crmid:5393667979", "orderDetails": {"orderID": "orderid:488987", "reservationid": "JPU-HTLO", "orderType": "kiosk", "hotelSKU": "prd1081", "hotelCheckInUnix": "1582347020", "hotelCheckOutUnix": "1583556620", "hotelCheckInTS": "2020-02-22T04:50:20+00:00", "hotelCheckOutTS": "2020-03-07T04:50:20+00:00", "hotelChain": "Admiralty Plaza", "hotelName": "Admiralty Plaza: Rod de Janeiro", "hotelLocation": "Rod de Janeiro", "hotelRoomType": "standard", "hotelRoomCount": "1", "hotelGuestAdultCount": "1", "hotelGuestChildCount": "0", "hotelNightCount": "14", "hotelRoomPrice": "105.58", "hotelFinalPrice": "1478.12"}}}
{"_id": "orderid:647428", "timestamp": "2019-12-19T10:19:30.000Z", "eventType": "transaction", "_adobeamericaspot3": {"CRMID": "crmid:2130445562", "orderDetails": {"orderID": "orderid:647428", "reservationid": "DKH-ZEVQ", "orderType": "call center", "hotelSKU": "prd1027", "hotelCheckInUnix": "1577096370", "hotelCheckOutUnix": "1577182770", "hotelCheckInTS": "2019-12-23T10:19:30+00:00", "hotelCheckOutTS": "2019-12-24T10:19:30+00:00", "hotelChain": "Family Fun Hotels", "hotelName": "Family Fun Hotels: Memphis", "hotelLocation": "Memphis", "hotelRoomType": "standard", "hotelRoomCount": "1", "hotelGuestAdultCount": "1", "hotelGuestChildCount": "0", "hotelNightCount": "1", "hotelRoomPrice": "147.21", "hotelFinalPrice": "147.21"}}}
{"_id": "orderid:769145", "timestamp": "2020-01-11T20:32:36.000Z", "eventType": "transaction", "_adobeamericaspot3": {"CRMID": "crmid:8002040732", "orderDetails": {"orderID": "orderid:769145", "reservationid": "LVG-PRNP", "orderType": "website", "hotelSKU": "prd1117", "hotelCheckInUnix": "1580416356", "hotelCheckOutUnix": "1580761956", "hotelCheckInTS": "2020-01-30T20:32:36+00:00", "hotelCheckOutTS": "2020-02-03T20:32:36+00:00", "hotelChain": "Admiralty Plaza", "hotelName": "Admiralty Plaza: Dublin", "hotelLocation": "Dublin", "hotelRoomType": "premium", "hotelRoomCount": "1", "hotelGuestAdultCount": "1", "hotelGuestChildCount": "0", "hotelNightCount": "4", "hotelRoomPrice": "119.45", "hotelFinalPrice": "477.8"}}}
{"_id": "orderid:480944", "timestamp": "2020-02-01T05:43:49.000Z", "eventType": "transaction", "_adobeamericaspot3": {"CRMID": "crmid:1837510066", "orderDetails": {"orderID": "orderid:480944", "reservationid": "ZTU-VKR8", "orderType": "website", "hotelSKU": "prd1076", "hotelCheckInUnix": "1581831829", "hotelCheckOutUnix": "1582436629", "hotelCheckInTS": "2020-02-16T05:43:49+00:00", "hotelCheckOutTS": "2020-02-23T05:43:49+00:00", "hotelChain": "Aspen Heights", "hotelName": "Aspen Heights: Bogota", "hotelLocation": "Bogota", "hotelRoomType": "standard", "hotelRoomCount": "1", "hotelGuestAdultCount": "1", "hotelGuestChildCount": "2", "hotelNightCount": "7", "hotelRoomPrice": "153.99", "hotelFinalPrice": "1077.93"}}}
{"_id": "orderid:876880", "timestamp": "2019-12-17T04:53:45.000Z", "eventType": "transaction", "_adobeamericaspot3": {"CRMID": "crmid:4306572517", "orderDetails": {"orderID": "orderid:876880", "reservationid": "4O6-T4TT", "orderType": "website", "hotelSKU": "prd1125", "hotelCheckInUnix": "1578632025", "hotelCheckOutUnix": "1579323225", "hotelCheckInTS": "2020-01-10T04:53:45+00:00", "hotelCheckOutTS": "2020-01-18T04:53:45+00:00", "hotelChain": "Sapphire Suites", "hotelName": "Sapphire Suites: Palermo", "hotelLocation": "Palermo", "hotelRoomType": "premium", "hotelRoomCount": "1", "hotelGuestAdultCount": "1", "hotelGuestChildCount": "0", "hotelNightCount": "8", "hotelRoomPrice": "139.43", "hotelFinalPrice": "1115.44"}}}
{"_id": "orderid:539428", "timestamp": "2020-01-20T00:02:57.000Z", "eventType": "transaction", "_adobeamericaspot3": {"CRMID": "crmid:1206150048", "orderDetails": {"orderID": "orderid:539428", "reservationid": "55J-YEGC", "orderType": "kiosk", "hotelSKU": "prd1142", "hotelCheckInUnix": "1581811377", "hotelCheckOutUnix": "1583366577", "hotelCheckInTS": "2020-02-16T00:02:57+00:00", "hotelCheckOutTS": "2020-03-05T00:02:57+00:00", "hotelChain": "Blue Reef Resort", "hotelName": "Blue Reef Resort: Philadelphia", "hotelLocation": "Philadelphia", "hotelRoomType": "standard", "hotelRoomCount": "1", "hotelGuestAdultCount": "1", "hotelGuestChildCount": "0", "hotelNightCount": "18", "hotelRoomPrice": "122.57", "hotelFinalPrice": "2206.26"}}}
{"_id": "orderid:128729", "timestamp": "2020-01-05T02:28:31.000Z", "eventType": "transaction", "_adobeamericaspot3": {"CRMID": "crmid:6186318668", "orderDetails": {"orderID": "orderid:128729", "reservationid": "I9Y-ARGR", "orderType": "call center", "hotelSKU": "prd1095", "hotelCheckInUnix": "1578277711", "hotelCheckOutUnix": "1578364111", "hotelCheckInTS": "2020-01-06T02:28:31+00:00", "hotelCheckOutTS": "2020-01-07T02:28:31+00:00", "hotelChain": "Hospitality Inn", "hotelName": "Hospitality Inn: Casablanca", "hotelLocation": "Casablanca", "hotelRoomType": "standard", "hotelRoomCount": "1", "hotelGuestAdultCount": "1", "hotelGuestChildCount": "0", "hotelNightCount": "1", "hotelRoomPrice": "145.61", "hotelFinalPrice": "145.61"}}}
{"_id": "orderid:281516", "timestamp": "2020-01-21T22:21:48.000Z", "eventType": "transaction", "_adobeamericaspot3": {"CRMID": "crmid:6720752178", "orderDetails": {"orderID": "orderid:281516", "reservationid": "9RB-AGDH", "orderType": "kiosk", "hotelSKU": "prd1064", "hotelCheckInUnix": "1581546108", "hotelCheckOutUnix": "1583187708", "hotelCheckInTS": "2020-02-12T22:21:48+00:00", "hotelCheckOutTS": "2020-03-02T22:21:48+00:00", "hotelChain": "Aspen Heights", "hotelName": "Aspen Heights: Paris", "hotelLocation": "Paris", "hotelRoomType": "standard", "hotelRoomCount": "1", "hotelGuestAdultCount": "1", "hotelGuestChildCount": "3", "hotelNightCount": "19", "hotelRoomPrice": "134.23", "hotelFinalPrice": "2550.37"}}}
{"_id": "orderid:296696", "timestamp": "2020-02-03T08:50:15.000Z", "eventType": "transaction", "_adobeamericaspot3": {"CRMID": "crmid:8877404059", "orderDetails": {"orderID": "orderid:296696", "reservationid": "NHS-VJ7F", "orderType": "kiosk", "hotelSKU": "prd1122", "hotelCheckInUnix": "1582447815", "hotelCheckOutUnix": "1583139015", "hotelCheckInTS": "2020-02-23T08:50:15+00:00", "hotelCheckOutTS": "2020-03-02T08:50:15+00:00", "hotelChain": "Restful Nights", "hotelName": "Restful Nights: Valencia", "hotelLocation": "Valencia", "hotelRoomType": "standard", "hotelRoomCount": "1", "hotelGuestAdultCount": "1", "hotelGuestChildCount": "0", "hotelNightCount": "8", "hotelRoomPrice": "92.59", "hotelFinalPrice": "740.72"}}}
{"_id": "orderid:393977", "timestamp": "2020-01-10T20:38:08.000Z", "eventType": "transaction", "_adobeamericaspot3": {"CRMID": "crmid:6641923263", "orderDetails": {"orderID": "orderid:393977", "reservationid": "UDP-ARYJ", "orderType": "call center", "hotelSKU": "prd1037", "hotelCheckInUnix": "1580589488", "hotelCheckOutUnix": "1581280688", "hotelCheckInTS": "2020-02-01T20:38:08+00:00", "hotelCheckOutTS": "2020-02-09T20:38:08+00:00", "hotelChain": "Grandeur Hotels", "hotelName": "Grandeur Hotels: Sacramento", "hotelLocation": "Sacramento", "hotelRoomType": "standard", "hotelRoomCount": "1", "hotelGuestAdultCount": "1", "hotelGuestChildCount": "0", "hotelNightCount": "8", "hotelRoomPrice": "154.72", "hotelFinalPrice": "1237.76"}}}
{"_id": "orderid:102193", "timestamp": "2019-12-15T19:51:29.000Z", "eventType": "transaction", "_adobeamericaspot3": {"CRMID": "crmid:3243479699", "orderDetails": {"orderID": "orderid:102193", "reservationid": "M63-SPWQ", "orderType": "mobile", "hotelSKU": "prd1004", "hotelCheckInUnix": "1578426689", "hotelCheckOutUnix": "1578772289", "hotelCheckInTS": "2020-01-07T19:51:29+00:00", "hotelCheckOutTS": "2020-01-11T19:51:29+00:00", "hotelChain": "Aspen Heights", "hotelName": "Aspen Heights: Boulder", "hotelLocation": "Boulder", "hotelRoomType": "standard", "hotelRoomCount": "1", "hotelGuestAdultCount": "1", "hotelGuestChildCount": "0", "hotelNightCount": "4", "hotelRoomPrice": "121.9", "hotelFinalPrice": "487.6"}}}
{"_id": "orderid:886725", "timestamp": "2020-01-18T17:37:43.000Z", "eventType": "transaction", "_adobeamericaspot3": {"CRMID": "crmid:9108101270", "orderDetails": {"orderID": "orderid:886725", "reservationid": "WYS-MFYX", "orderType": "call center", "hotelSKU": "prd1165", "hotelCheckInUnix": "1579714663", "hotelCheckOutUnix": "1580060263", "hotelCheckInTS": "2020-01-22T17:37:43+00:00", "hotelCheckOutTS": "2020-01-26T17:37:43+00:00", "hotelChain": "Admiralty Plaza", "hotelName": "Admiralty Plaza: Louisville", "hotelLocation": "Louisville", "hotelRoomType": "premium", "hotelRoomCount": "1", "hotelGuestAdultCount": "1", "hotelGuestChildCount": "4", "hotelNightCount": "4", "hotelRoomPrice": "148.41", "hotelFinalPrice": "593.64"}}}
{"_id": "orderid:886746", "timestamp": "2020-01-15T09:58:03.000Z", "eventType": "transaction", "_adobeamericaspot3": {"CRMID": "crmid:1451675400", "orderDetails": {"orderID": "orderid:886746", "reservationid": "D6M-OSSH", "orderType": "service desk", "hotelSKU": "prd1173", "hotelCheckInUnix": "1579168683", "hotelCheckOutUnix": "1579514283", "hotelCheckInTS": "2020-01-16T09:58:03+00:00", "hotelCheckOutTS": "2020-01-20T09:58:03+00:00", "hotelChain": "Sapphire Suites", "hotelName": "Sapphire Suites: Kansas City", "hotelLocation": "Kansas City", "hotelRoomType": "premium", "hotelRoomCount": "1", "hotelGuestAdultCount": "1", "hotelGuestChildCount": "0", "hotelNightCount": "4", "hotelRoomPrice": "122.11", "hotelFinalPrice": "488.44"}}}
{"_id": "orderid:752642", "timestamp": "2020-01-19T06:34:54.000Z", "eventType": "transaction", "_adobeamericaspot3": {"CRMID": "crmid:7363269529", "orderDetails": {"orderID": "orderid:752642", "reservationid": "TPL-VVND", "orderType": "mobile", "hotelSKU": "prd1141", "hotelCheckInUnix": "1581316494", "hotelCheckOutUnix": "1581748494", "hotelCheckInTS": "2020-02-10T06:34:54+00:00", "hotelCheckOutTS": "2020-02-15T06:34:54+00:00", "hotelChain": "Admiralty Plaza", "hotelName": "Admiralty Plaza: Phoenix", "hotelLocation": "Phoenix", "hotelRoomType": "standard", "hotelRoomCount": "1", "hotelGuestAdultCount": "1", "hotelGuestChildCount": "0", "hotelNightCount": "5", "hotelRoomPrice": "111.65", "hotelFinalPrice": "558.25"}}}
{"_id": "orderid:945782", "timestamp": "2019-12-15T03:25:15.000Z", "eventType": "transaction", "_adobeamericaspot3": {"CRMID": "crmid:7000018780", "orderDetails": {"orderID": "orderid:945782", "reservationid": "S71-4HHL", "orderType": "kiosk", "hotelSKU": "prd1165", "hotelCheckInUnix": "1576466715", "hotelCheckOutUnix": "1576553115", "hotelCheckInTS": "2019-12-16T03:25:15+00:00", "hotelCheckOutTS": "2019-12-17T03:25:15+00:00", "hotelChain": "Admiralty Plaza", "hotelName": "Admiralty Plaza: Louisville", "hotelLocation": "Louisville", "hotelRoomType": "standard", "hotelRoomCount": "1", "hotelGuestAdultCount": "1", "hotelGuestChildCount": "0", "hotelNightCount": "1", "hotelRoomPrice": "109.96", "hotelFinalPrice": "109.96"}}}
{"_id": "orderid:476475", "timestamp": "2019-12-19T17:57:51.000Z", "eventType": "transaction", "_adobeamericaspot3": {"CRMID": "crmid:1528069540", "orderDetails": {"orderID": "orderid:476475", "reservationid": "IVX-P5YG", "orderType": "website", "hotelSKU": "prd1037", "hotelCheckInUnix": "1579197471", "hotelCheckOutUnix": "1580666271", "hotelCheckInTS": "2020-01-16T17:57:51+00:00", "hotelCheckOutTS": "2020-02-02T17:57:51+00:00", "hotelChain": "Grandeur Hotels", "hotelName": "Grandeur Hotels: Sacramento", "hotelLocation": "Sacramento", "hotelRoomType": "standard", "hotelRoomCount": "1", "hotelGuestAdultCount": "1", "hotelGuestChildCount": "0", "hotelNightCount": "17", "hotelRoomPrice": "157.46", "hotelFinalPrice": "2676.82"}}}
{"_id": "orderid:504348", "timestamp": "2019-12-25T23:38:41.000Z", "eventType": "transaction", "_adobeamericaspot3": {"CRMID": "crmid:6182755407", "orderDetails": {"orderID": "orderid:504348", "reservationid": "D4U-QIYF", "orderType": "website", "hotelSKU": "prd1083", "hotelCheckInUnix": "1577576321", "hotelCheckOutUnix": "1577749121", "hotelCheckInTS": "2019-12-28T23:38:41+00:00", "hotelCheckOutTS": "2019-12-30T23:38:41+00:00", "hotelChain": "Hospitality Inn", "hotelName": "Hospitality Inn: Bangkok", "hotelLocation": "Bangkok", "hotelRoomType": "standard", "hotelRoomCount": "1", "hotelGuestAdultCount": "1", "hotelGuestChildCount": "0", "hotelNightCount": "2", "hotelRoomPrice": "181.83", "hotelFinalPrice": "363.66"}}}
{"_id": "orderid:388634", "timestamp": "2019-12-16T10:53:03.000Z", "eventType": "transaction", "_adobeamericaspot3": {"CRMID": "crmid:7810630434", "orderDetails": {"orderID": "orderid:388634", "reservationid": "BJU-IJYZ", "orderType": "kiosk", "hotelSKU": "prd1137", "hotelCheckInUnix": "1578826383", "hotelCheckOutUnix": "1579171983", "hotelCheckInTS": "2020-01-12T10:53:03+00:00", "hotelCheckOutTS": "2020-01-16T10:53:03+00:00", "hotelChain": "Sapphire Suites", "hotelName": "Sapphire Suites: Manila", "hotelLocation": "Manila", "hotelRoomType": "standard", "hotelRoomCount": "1", "hotelGuestAdultCount": "1", "hotelGuestChildCount": "0", "hotelNightCount": "4", "hotelRoomPrice": "128.16", "hotelFinalPrice": "512.64"}}}
{"_id": "orderid:950328", "timestamp": "2020-01-10T09:16:25.000Z", "eventType": "transaction", "_adobeamericaspot3": {"CRMID": "crmid:8035603355", "orderDetails": {"orderID": "orderid:950328", "reservationid": "MN3-TEH4", "orderType": "mobile", "hotelSKU": "prd1028", "hotelCheckInUnix": "1580202985", "hotelCheckOutUnix": "1580807785", "hotelCheckInTS": "2020-01-28T09:16:25+00:00", "hotelCheckOutTS": "2020-02-04T09:16:25+00:00", "hotelChain": "Aspen Heights", "hotelName": "Aspen Heights: Portland", "hotelLocation": "Portland", "hotelRoomType": "premium", "hotelRoomCount": "1", "hotelGuestAdultCount": "1", "hotelGuestChildCount": "4", "hotelNightCount": "7", "hotelRoomPrice": "150.7", "hotelFinalPrice": "1054.9"}}}
{"_id": "orderid:620405", "timestamp": "2020-02-02T14:02:55.000Z", "eventType": "transaction", "_adobeamericaspot3": {"CRMID": "crmid:2884917256", "orderDetails": {"orderID": "orderid:620405", "reservationid": "EK0-ITSG", "orderType": "website", "hotelSKU": "prd1132", "hotelCheckInUnix": "1582984975", "hotelCheckOutUnix": "1584367375", "hotelCheckInTS": "2020-02-29T14:02:55+00:00", "hotelCheckOutTS": "2020-03-16T14:02:55+00:00", "hotelChain": "Sandhill", "hotelName": "Sandhill: Oslo", "hotelLocation": "Oslo", "hotelRoomType": "premium", "hotelRoomCount": "1", "hotelGuestAdultCount": "1", "hotelGuestChildCount": "3", "hotelNightCount": "16", "hotelRoomPrice": "155.89", "hotelFinalPrice": "2494.24"}}}
{"_id": "orderid:875000", "timestamp": "2019-12-26T19:05:05.000Z", "eventType": "transaction", "_adobeamericaspot3": {"CRMID": "crmid:2557753479", "orderDetails": {"orderID": "orderid:875000", "reservationid": "GV6-1TDG", "orderType": "call center", "hotelSKU": "prd1057", "hotelCheckInUnix": "1577473505", "hotelCheckOutUnix": "1577819105", "hotelCheckInTS": "2019-12-27T19:05:05+00:00", "hotelCheckOutTS": "2019-12-31T19:05:05+00:00", "hotelChain": "Admiralty Plaza", "hotelName": "Admiralty Plaza: Mumbai", "hotelLocation": "Mumbai", "hotelRoomType": "standard", "hotelRoomCount": "1", "hotelGuestAdultCount": "1", "hotelGuestChildCount": "0", "hotelNightCount": "4", "hotelRoomPrice": "129.69", "hotelFinalPrice": "518.76"}}}
{"_id": "orderid:670888", "timestamp": "2019-12-27T07:41:19.000Z", "eventType": "transaction", "_adobeamericaspot3": {"CRMID": "crmid:4954172427", "orderDetails": {"orderID": "orderid:670888", "reservationid": "D4K-ZOU5", "orderType": "call center", "hotelSKU": "prd1046", "hotelCheckInUnix": "1577518879", "hotelCheckOutUnix": "1577778079", "hotelCheckInTS": "2019-12-28T07:41:19+00:00", "hotelCheckOutTS": "2019-12-31T07:41:19+00:00", "hotelChain": "Blue Reef Resort", "hotelName": "Blue Reef Resort: Virginia Beach", "hotelLocation": "Virginia Beach", "hotelRoomType": "standard", "hotelRoomCount": "1", "hotelGuestAdultCount": "1", "hotelGuestChildCount": "0", "hotelNightCount": "3", "hotelRoomPrice": "169.02", "hotelFinalPrice": "507.06"}}}
