{"_id": "fa370846-53c8-11ea-b5c3-b88a60e194fb", "timestamp": "2020-02-08T07:21:27.000Z", "eventType": "transaction", "_adobeamericaspot3": {"CRMID": "crmid:1221895060", "orderDetails": {"orderID": "orderid:793554", "reservationid": "SXL-BJWV", "orderType": "kiosk"}}}
{"_id": "fa37f2a8-53c8-11ea-bac7-b88a60e194fb", "timestamp": "2020-01-10T22:04:39.000Z", "eventType": "transaction", "_adobeamericaspot3": {"CRMID": "crmid:7328048939", "orderDetails": {"orderID": "orderid:428164", "reservationid": "ACP-STOL", "orderType": "call center"}}}
{"_id": "fa397934-53c8-11ea-a8b1-b88a60e194fb", "timestamp": "2019-12-31T13:29:40.000Z", "eventType": "transaction", "_adobeamericaspot3": {"CRMID": "crmid:7892636130", "orderDetails": {"orderID": "orderid:981819", "reservationid": "WAZ-7L0L", "orderType": "call center"}}}
{"_id": "fa3a8be6-53c8-11ea-abf5-b88a60e194fb", "timestamp": "2019-12-03T22:00:32.000Z", "eventType": "transaction", "_adobeamericaspot3": {"CRMID": "crmid:6598999238", "orderDetails": {"orderID": "orderid:294636", "reservationid": "BW9-A5EH", "orderType": "website"}}}
{"_id": "fa3b4f24-53c8-11ea-8347-b88a60e194fb", "timestamp": "2019-12-04T03:33:33.000Z", "eventType": "transaction", "_adobeamericaspot3": {"CRMID": "crmid:5482253982", "orderDetails": {"orderID": "orderid:311293", "reservationid": "3WL-YH9Z", "orderType": "kiosk"}}}
{"_id": "fa3c1288-53c8-11ea-9960-b88a60e194fb", "timestamp": "2020-02-13T05:56:03.000Z", "eventType": "transaction", "_adobeamericaspot3": {"CRMID": "crmid:2556168481", "orderDetails": {"orderID": "orderid:973060", "reservationid": "YPY-CRSH", "orderType": "mobile"}}}
{"_id": "fa3cfd06-53c8-11ea-8350-b88a60e194fb", "timestamp": "2020-02-08T17:25:31.000Z", "eventType": "transaction", "_adobeamericaspot3": {"CRMID": "crmid:1509936529", "orderDetails": {"orderID": "orderid:965605", "reservationid": "JZD-MYHR", "orderType": "website"}}}
{"_id": "fa3de74c-53c8-11ea-8c54-b88a60e194fb", "timestamp": "2019-12-15T06:43:39.000Z", "eventType": "transaction", "_adobeamericaspot3": {"CRMID": "crmid:1493809680", "orderDetails": {"orderID": "orderid:680831", "reservationid": "EAX-KBW2", "orderType": "website"}}}
{"_id": "fa3ed1b6-53c8-11ea-9d3e-b88a60e194fb", "timestamp": "2019-12-08T13:02:55.000Z", "eventType": "transaction", "_adobeamericaspot3": {"CRMID": "crmid:9110828714", "orderDetails": {"orderID": "orderid:587405", "reservationid": "EBM-EKX4", "orderType": "service desk"}}}
{"_id": "fa3fbc18-53c8-11ea-8f11-b88a60e194fb", "timestamp": "2020-01-15T04:20:48.000Z", "eventType": "transaction", "_adobeamericaspot3": {"CRMID": "crmid:3568130985", "orderDetails": {"orderID": "orderid:504266", "reservationid": "NQ7-J9OU", "orderType": "service desk"}}}
{"_id": "fa407f74-53c8-11ea-b55b-b88a60e194fb", "timestamp": "2020-01-20T01:02:38.000Z", "eventType": "transaction", "_adobeamericaspot3": {"CRMID": "crmid:7411423803", "orderDetails": {"orderID": "orderid:101728", "reservationid": "XV4-EDKA", "orderType": "call center"}}}
{"_id": "fa4142b4-53c8-11ea-b8de-b88a60e194fb", "timestamp": "2019-12-07T22:19:24.000Z", "eventType": "transaction", "_adobeamericaspot3": {"CRMID": "crmid:8265287242", "orderDetails": {"orderID": "orderid:935412", "reservationid": "NHM-KGGU", "orderType": "kiosk"}}}
{"_id": "fa425436-53c8-11ea-87e9-b88a60e194fb", "timestamp": "2020-01-03T10:24:46.000Z", "eventType": "transaction", "_adobeamericaspot3": {"CRMID": "crmid:4399003746", "orderDetails": {"orderID": "orderid:856018", "reservationid": "MWZ-2VFI", "orderType": "kiosk"}}}
{"_id": "fa433e9a-53c8-11ea-9a34-b88a60e194fb", "timestamp": "2019-12-28T12:06:51.000Z", "eventType": "transaction", "_adobeamericaspot3": {"CRMID": "crmid:9620458883", "orderDetails": {"orderID": "orderid:448730", "reservationid": "M4Y-0P0P", "orderType": "kiosk"}}}
{"_id": "fa444fe8-53c8-11ea-a475-b88a60e194fb", "timestamp": "2020-01-20T03:48:34.000Z", "eventType": "transaction", "_adobeamericaspot3": {"CRMID": "crmid:2716870440", "orderDetails": {"orderID": "orderid:158424", "reservationid": "FFK-Y1WU", "orderType": "website"}}}
{"_id": "fa451326-53c8-11ea-8980-b88a60e194fb", "timestamp": "2020-01-21T05:37:36.000Z", "eventType": "transaction", "_adobeamericaspot3": {"CRMID": "crmid:3047438718", "orderDetails": {"orderID": "orderid:639646", "reservationid": "EWC-4BHD", "orderType": "service desk"}}}
{"_id": "fa45d68c-53c8-11ea-a855-b88a60e194fb", "timestamp": "2019-12-18T18:47:03.000Z", "eventType": "transaction", "_adobeamericaspot3": {"CRMID": "crmid:8603237434", "orderDetails": {"orderID": "orderid:421995", "reservationid": "CIF-OR07", "orderType": "mobile"}}}
{"_id": "fa46c0e6-53c8-11ea-9daf-b88a60e194fb", "timestamp": "2019-12-02T04:09:16.000Z", "eventType": "transaction", "_adobeamericaspot3": {"CRMID": "crmid:5224238176", "orderDetails": {"orderID": "orderid:475451", "reservationid": "PRW-ZBWR", "orderType": "website"}}}
{"_id": "fa47ab4a-53c8-11ea-9990-b88a60e194fb", "timestamp": "2020-02-14T06:53:52.000Z", "eventType": "transaction", "_adobeamericaspot3": {"CRMID": "crmid:5180007681", "orderDetails": {"orderID": "orderid:256174", "reservationid": "HPM-M7RQ", "orderType": "website"}}}
{"_id": "fa47d276-53c8-11ea-b529-b88a60e194fb", "timestamp": "2020-02-19T00:00:00.000Z", "eventType": "transaction", "_adobeamericaspot3": {"CRMID": "crmid:5180007681", "orderDetails": {"orderID": "orderid:923832", "reservationid": "MLU-5THB", "orderType": "call center"}}}
{"_id": "fa48bb7a-53c8-11ea-9656-b88a60e194fb", "timestamp": "2019-12-19T13:02:49.000Z", "eventType": "transaction", "_adobeamericaspot3": {"CRMID": "crmid:3497125278", "orderDetails": {"orderID": "orderid:935626", "reservationid": "VHC-HDTO", "orderType": "service desk"}}}
{"_id": "fa48e402-53c8-11ea-90b0-b88a60e194fb", "timestamp": "2019-12-24T00:00:00.000Z", "eventType": "transaction", "_adobeamericaspot3": {"CRMID": "crmid:3497125278", "orderDetails": {"orderID": "orderid:813107", "reservationid": "0W0-4CHZ", "orderType": "website"}}}
{"_id": "fa49a738-53c8-11ea-b055-b88a60e194fb", "timestamp": "2020-01-30T12:30:32.000Z", "eventType": "transaction", "_adobeamericaspot3": {"CRMID": "crmid:2204573110", "orderDetails": {"orderID": "orderid:649749", "reservationid": "IYI-MAF6", "orderType": "call center"}}}
{"_id": "fa4a6a74-53c8-11ea-b479-b88a60e194fb", "timestamp": "2019-12-01T05:36:15.000Z", "eventType": "transaction", "_adobeamericaspot3": {"CRMID": "crmid:3606051571", "orderDetails": {"orderID": "orderid:651999", "reservationid": "0NQ-NVZR", "orderType": "service desk"}}}
{"_id": "fa4b2c88-53c8-11ea-9edc-b88a60e194fb", "timestamp": "2019-12-17T21:21:37.000Z", "eventType": "transaction", "_adobeamericaspot3": {"CRMID": "crmid:9684311411", "orderDetails": {"orderID": "orderid:737767", "reservationid": "GAL-VZYY", "orderType": "service desk"}}}
{"_id": "fa4c64da-53c8-11ea-a348-b88a60e194fb", "timestamp": "2020-01-09T19:45:28.000Z", "eventType": "transaction", "_adobeamericaspot3": {"CRMID": "crmid:3551031376", "orderDetails": {"orderID": "orderid:485207", "reservationid": "BLG-3DJH", "orderType": "kiosk"}}}
{"_id": "fa4d765e-53c8-11ea-ba8d-b88a60e194fb", "timestamp": "2019-12-26T00:50:28.000Z", "eventType": "transaction", "_adobeamericaspot3": {"CRMID": "crmid:4103754177", "orderDetails": {"orderID": "orderid:538928", "reservationid": "HJU-HMTO", "orderType": "call center"}}}
{"_id": "fa4eaee2-53c8-11ea-b14e-b88a60e194fb", "timestamp": "2019-12-04T08:08:18.000Z", "eventType": "transaction", "_adobeamericaspot3": {"CRMID": "crmid:4637389140", "orderDetails": {"orderID": "orderid:370048", "reservationid": "KCP-TFA9", "orderType": "mobile"}}}
{"_id": "fa4f722e-53c8-11ea-8f22-b88a60e194fb", "timestamp": "2020-02-13T09:24:17.000Z", "eventType": "transaction", "_adobeamericaspot3": {"CRMID": "crmid:3246198318", "orderDetails": {"orderID": "orderid:369744", "reservationid": "GY8-LH3A", "orderType": "website"}}}
{"_id": "fa505c9a-53c8-11ea-8197-b88a60e194fb", "timestamp": "2020-01-24T17:41:55.000Z", "eventType": "transaction", "_adobeamericaspot3": {"CRMID": "crmid:2558330412", "orderDetails": {"orderID": "orderid:323818", "reservationid": "9LR-7URW", "orderType": "website"}}}
{"_id": "fa516e12-53c8-11ea-bca9-b88a60e194fb", "timestamp": "2020-02-15T03:37:31.000Z", "eventType": "transaction", "_adobeamericaspot3": {"CRMID": "crmid:5940732760", "orderDetails": {"orderID": "orderid:677342", "reservationid": "JVI-YYBK", "orderType": "website"}}}
{"_id": "fa52585c-53c8-11ea-8965-b88a60e194fb", "timestamp": "2020-01-21T05:14:46.000Z", "eventType": "transaction", "_adobeamericaspot3": {"CRMID": "crmid:3869359821", "orderDetails": {"orderID": "orderid:889152", "reservationid": "XN2-XBKO", "orderType": "website"}}}
{"_id": "fa53df5a-53c8-11ea-b9a3-b88a60e194fb", "timestamp": "2019-12-08T02:49:11.000Z", "eventType": "transaction", "_adobeamericaspot3": {"CRMID": "crmid:7311284728", "orderDetails": {"orderID": "orderid:945001", "reservationid": "7Z7-FWE8", "orderType": "call center"}}}
{"_id": "fa5518e6-53c8-11ea-996b-b88a60e194fb", "timestamp": "2019-12-12T20:42:27.000Z", "eventType": "transaction", "_adobeamericaspot3": {"CRMID": "crmid:1281112781", "orderDetails": {"orderID": "orderid:895377", "reservationid": "EGM-EUSZ", "orderType": "kiosk"}}}
{"_id": "fa55dc3a-53c8-11ea-89d3-b88a60e194fb", "timestamp": "2019-12-27T02:20:46.000Z", "eventType": "transaction", "_adobeamericaspot3": {"CRMID": "crmid:7435784805", "orderDetails": {"orderID": "orderid:680558", "reservationid": "TNS-VYIW", "orderType": "website"}}}
{"_id": "fa571364-53c8-11ea-8338-b88a60e194fb", "timestamp": "2019-12-04T00:48:57.000Z", "eventType": "transaction", "_adobeamericaspot3": {"CRMID": "crmid:6941148900", "orderDetails": {"orderID": "orderid:290298", "reservationid": "YDM-TNID", "orderType": "website"}}}
{"_id": "fa5824c6-53c8-11ea-a0cf-b88a60e194fb", "timestamp": "2019-12-31T22:05:54.000Z", "eventType": "transaction", "_adobeamericaspot3": {"CRMID": "crmid:2099271491", "orderDetails": {"orderID": "orderid:854150", "reservationid": "FVX-QDGI", "orderType": "website"}}}
{"_id": "fa591074-53c8-11ea-a228-b88a60e194fb", "timestamp": "2019-12-06T00:58:45.000Z", "eventType": "transaction", "_adobeamericaspot3": {"CRMID": "crmid:8211207290", "orderDetails": {"orderID": "orderid:167486", "reservationid": "ZCX-IOJM", "orderType": "website"}}}
{"_id": "fa59fac0-53c8-11ea-8348-b88a60e194fb", "timestamp": "2019-12-08T09:31:23.000Z", "eventType": "transaction", "_adobeamericaspot3": {"CRMID": "crmid:5103512251", "orderDetails": {"orderID": "orderid:513432", "reservationid": "0W2-NAQR", "orderType": "kiosk"}}}
{"_id": "fa5ae526-53c8-11ea-96e4-b88a60e194fb", "timestamp": "2020-01-14T13:54:39.000Z", "eventType": "transaction", "_adobeamericaspot3": {"CRMID": "crmid:8702734633", "orderDetails": {"orderID": "orderid:817563", "reservationid": "6W7-QMTM", "orderType": "call center"}}}
{"_id": "fa5bcee8-53c8-11ea-8384-b88a60e194fb", "timestamp": "2019-12-19T12:13:36.000Z", "eventType": "transaction", "_adobeamericaspot3": {"CRMID": "crmid:3333530352", "orderDetails": {"orderID": "orderid:900674", "reservationid": "OPY-V9O8", "orderType": "call center"}}}
{"_id": "fa5bcee9-53c8-11ea-869c-b88a60e194fb", "timestamp": "2019-12-24T00:00:00.000Z", "eventType": "transaction", "_adobeamericaspot3": {"CRMID": "crmid:3333530352", "orderDetails": {"orderID": "orderid:960714", "reservationid": "ODA-ZNGA", "orderType": "call center"}}}
{"_id": "fa5bf55c-53c8-11ea-becf-b88a60e194fb", "timestamp": "2019-12-27T00:00:00.000Z", "eventType": "transaction", "_adobeamericaspot3": {"CRMID": "crmid:3333530352", "orderDetails": {"orderID": "orderid:815789", "reservationid": "OVC-IXZS", "orderType": "call center"}}}
{"_id": "fa5ce0fa-53c8-11ea-a78f-b88a60e194fb", "timestamp": "2020-02-05T05:08:23.000Z", "eventType": "transaction", "_adobeamericaspot3": {"CRMID": "crmid:4742759666", "orderDetails": {"orderID": "orderid:981147", "reservationid": "3KD-KYLU", "orderType": "call center"}}}
{"_id": "fa5da44a-53c8-11ea-a44e-b88a60e194fb", "timestamp": "2019-12-06T19:53:38.000Z", "eventType": "transaction", "_adobeamericaspot3": {"CRMID": "crmid:8775589879", "orderDetails": {"orderID": "orderid:125144", "reservationid": "QNN-JT2M", "orderType": "service desk"}}}
{"_id": "fa5e8d64-53c8-11ea-a4fb-b88a60e194fb", "timestamp": "2019-12-03T08:17:06.000Z", "eventType": "transaction", "_adobeamericaspot3": {"CRMID": "crmid:9478695219", "orderDetails": {"orderID": "orderid:503117", "reservationid": "5ZD-RBR8", "orderType": "kiosk"}}}
{"_id": "fa5f7906-53c8-11ea-9005-b88a60e194fb", "timestamp": "2020-02-16T19:40:33.000Z", "eventType": "transaction", "_adobeamericaspot3": {"CRMID": "crmid:8550818116", "orderDetails": {"orderID": "orderid:489367", "reservationid": "EZE-FLOW", "orderType": "service desk"}}}
{"_id": "fa606370-53c8-11ea-85ce-b88a60e194fb", "timestamp": "2020-01-06T14:57:49.000Z", "eventType": "transaction", "_adobeamericaspot3": {"CRMID": "crmid:8486598049", "orderDetails": {"orderID": "orderid:714415", "reservationid": "JBA-UHW5", "orderType": "website"}}}
{"_id": "fa619be2-53c8-11ea-b6a3-b88a60e194fb", "timestamp": "2020-01-15T08:32:45.000Z", "eventType": "transaction", "_adobeamericaspot3": {"CRMID": "crmid:6886994559", "orderDetails": {"orderID": "orderid:289187", "reservationid": "9IW-CO7U", "orderType": "mobile"}}}
{"_id": "fa625f26-53c8-11ea-9129-b88a60e194fb", "timestamp": "2020-01-14T19:35:45.000Z", "eventType": "transaction", "_adobeamericaspot3": {"CRMID": "crmid:4012460732", "orderDetails": {"orderID": "orderid:611677", "reservationid": "KGP-V5LZ", "orderType": "mobile"}}}
{"_id": "fa636f4a-53c8-11ea-bb11-b88a60e194fb", "timestamp": "2019-12-25T04:23:32.000Z", "eventType": "transaction", "_adobeamericaspot3": {"CRMID": "crmid:9799265759", "orderDetails": {"orderID": "orderid:473360", "reservationid": "USL-ONZU", "orderType": "mobile"}}}
{"_id": "fa651cf8-53c8-11ea-9e9b-b88a60e194fb", "timestamp": "2019-12-11T10:23:39.000Z", "eventType": "transaction", "_adobeamericaspot3": {"CRMID": "crmid:9227098759", "orderDetails": {"orderID": "orderid:977064", "reservationid": "Y2G-XUX7", "orderType": "kiosk"}}}
{"_id": "fa667cb6-53c8-11ea-937f-b88a60e194fb", "timestamp": "2019-12-24T07:08:47.000Z", "eventType": "transaction", "_adobeamericaspot3": {"CRMID": "crmid:9223972399", "orderDetails": {"orderID": "orderid:817059", "reservationid": "F3D-F5HJ", "orderType": "kiosk"}}}
{"_id": "fa67b530-53c8-11ea-9413-b88a60e194fb", "timestamp": "2020-01-11T08:13:45.000Z", "eventType": "transaction", "_adobeamericaspot3": {"CRMID": "crmid:7900280524", "orderDetails": {"orderID": "orderid:683654", "reservationid": "5Q3-BNME", "orderType": "call center"}}}
{"_id": "fa68c698-53c8-11ea-8ec3-b88a60e194fb", "timestamp": "2020-02-10T05:17:57.000Z", "eventType": "transaction", "_adobeamericaspot3": {"CRMID": "crmid:1288474569", "orderDetails": {"orderID": "orderid:586621", "reservationid": "9NX-9NYL", "orderType": "kiosk"}}}
{"_id": "fa6989fa-53c8-11ea-9d72-b88a60e194fb", "timestamp": "2019-12-22T12:49:21.000Z", "eventType": "transaction", "_adobeamericaspot3": {"CRMID": "crmid:1057504447", "orderDetails": {"orderID": "orderid:117083", "reservationid": "LAI-ZA8E", "orderType": "call center"}}}
{"_id": "fa6a745c-53c8-11ea-845e-b88a60e194fb", "timestamp": "2020-01-21T12:47:32.000Z", "eventType": "transaction", "_adobeamericaspot3": {"CRMID": "crmid:5073381102", "orderDetails": {"orderID": "orderid:970227", "reservationid": "YCA-0TKD", "orderType": "website"}}}
{"_id": "fa6b5eb8-53c8-11ea-bf96-b88a60e194fb", "timestamp": "2020-01-26T02:11:13.000Z", "eventType": "transaction", "_adobeamericaspot3": {"CRMID": "crmid:4385290443", "orderDetails": {"orderID": "orderid:261432", "reservationid": "UZ2-I4VX", "orderType": "call center"}}}
{"_id": "fa6c7018-53c8-11ea-add5-b88a60e194fb", "timestamp": "2019-12-24T01:46:38.000Z", "eventType": "transaction", "_adobeamericaspot3": {"CRMID": "crmid:5429179463", "orderDetails": {"orderID": "orderid:572210", "reservationid": "DLZ-65JN", "orderType": "call center"}}}
{"_id": "fa6d8190-53c8-11ea-86dd-b88a60e194fb", "timestamp": "2020-01-06T10:39:31.000Z", "eventType": "transaction", "_adobeamericaspot3": {"CRMID": "crmid:1787074147", "orderDetails": {"orderID": "orderid:526556", "reservationid": "KBF-TJAM", "orderType": "service desk"}}}
{"_id": "fa6e6be4-53c8-11ea-a1bf-b88a60e194fb", "timestamp": "2019-12-06T00:13:05.000Z", "eventType": "transaction", "_adobeamericaspot3": {"CRMID": "crmid:2905320062", "orderDetails": {"orderID": "orderid:410057", "reservationid": "FIJ-LYQF", "orderType": "call center"}}}
{"_id": "fa701974-53c8-11ea-97cb-b88a60e194fb", "timestamp": "2020-01-16T10:46:58.000Z", "eventType": "transaction", "_adobeamericaspot3": {"CRMID": "crmid:4340534903", "orderDetails": {"orderID": "orderid:407827", "reservationid": "BPC-AMY8", "orderType": "website"}}}
{"_id": "fa712ae4-53c8-11ea-8d7d-b88a60e194fb", "timestamp": "2019-12-22T14:05:39.000Z", "eventType": "transaction", "_adobeamericaspot3": {"CRMID": "crmid:9166326233", "orderDetails": {"orderID": "orderid:176564", "reservationid": "EPB-EHXA", "orderType": "mobile"}}}
{"_id": "fa72154a-53c8-11ea-8cf1-b88a60e194fb", "timestamp": "2020-01-10T06:20:54.000Z", "eventType": "transaction", "_adobeamericaspot3": {"CRMID": "crmid:1239951606", "orderDetails": {"orderID": "orderid:562431", "reservationid": "QE6-82FW", "orderType": "website"}}}
{"_id": "fa72d89a-53c8-11ea-8da5-b88a60e194fb", "timestamp": "2019-12-02T03:08:54.000Z", "eventType": "transaction", "_adobeamericaspot3": {"CRMID": "crmid:6241288126", "orderDetails": {"orderID": "orderid:965260", "reservationid": "6SW-ORMM", "orderType": "kiosk"}}}
{"_id": "fa73c2fe-53c8-11ea-adec-b88a60e194fb", "timestamp": "2020-01-23T09:23:31.000Z", "eventType": "transaction", "_adobeamericaspot3": {"CRMID": "crmid:2786206742", "orderDetails": {"orderID": "orderid:603398", "reservationid": "DRG-RIE6", "orderType": "kiosk"}}}
{"_id": "fa74d476-53c8-11ea-b1be-b88a60e194fb", "timestamp": "2019-12-22T06:50:07.000Z", "eventType": "transaction", "_adobeamericaspot3": {"CRMID": "crmid:6043999897", "orderDetails": {"orderID": "orderid:266487", "reservationid": "DDS-QWKN", "orderType": "website"}}}
{"_id": "fa75beca-53c8-11ea-b330-b88a60e194fb", "timestamp": "2019-12-31T22:03:53.000Z", "eventType": "transaction", "_adobeamericaspot3": {"CRMID": "crmid:9244047992", "orderDetails": {"orderID": "orderid:171380", "reservationid": "LQO-ZT9E", "orderType": "website"}}}
{"_id": "fa76821e-53c8-11ea-b574-b88a60e194fb", "timestamp": "2020-02-15T23:26:14.000Z", "eventType": "transaction", "_adobeamericaspot3": {"CRMID": "crmid:1758651188", "orderDetails": {"orderID": "orderid:921259", "reservationid": "ES1-7U6S", "orderType": "kiosk"}}}
{"_id": "fa77e1a4-53c8-11ea-b3b7-b88a60e194fb", "timestamp": "2020-01-18T05:50:38.000Z", "eventType": "transaction", "_adobeamericaspot3": {"CRMID": "crmid:2527857347", "orderDetails": {"orderID": "orderid:880764", "reservationid": "QPQ-WZXL", "orderType": "kiosk"}}}
{"_id": "fa78cc1e-53c8-11ea-baa2-b88a60e194fb", "timestamp": "2020-01-10T21:12:40.000Z", "eventType": "transaction", "_adobeamericaspot3": {"CRMID": "crmid:5207008009", "orderDetails": {"orderID": "orderid:563877", "reservationid": "XML-RHRM", "orderType": "website"}}}
{"_id": "fa79dd7e-53c8-11ea-b819-b88a60e194fb", "timestamp": "2020-01-31T07:26:31.000Z", "eventType": "transaction", "_adobeamericaspot3": {"CRMID": "crmid:3779752353", "orderDetails": {"orderID": "orderid:525204", "reservationid": "7Z3-BJPM", "orderType": "kiosk"}}}
{"_id": "fa7b15fa-53c8-11ea-86ba-b88a60e194fb", "timestamp": "2020-01-08T12:45:52.000Z", "eventType": "transaction", "_adobeamericaspot3": {"CRMID": "crmid:7456478306", "orderDetails": {"orderID": "orderid:740686", "reservationid": "66A-SU8W", "orderType": "website"}}}
{"_id": "fa7c4e7a-53c8-11ea-a544-b88a60e194fb", "timestamp": "2020-01-27T04:29:06.000Z", "eventType": "transaction", "_adobeamericaspot3": {"CRMID": "crmid:2205611189", "orderDetails": {"orderID": "orderid:716053", "reservationid": "E6C-FIZU", "orderType": "mobile"}}}
{"_id": "fa7d8754-53c8-11ea-ac3a-b88a60e194fb", "timestamp": "2019-12-28T07:14:16.000Z", "eventType": "transaction", "_adobeamericaspot3": {"CRMID": "crmid:8010520223", "orderDetails": {"orderID": "orderid:419184", "reservationid": "IU9-SR0Q", "orderType": "kiosk"}}}
{"_id": "fa7e7170-53c8-11ea-a471-b88a60e194fb", "timestamp": "2020-02-02T13:51:39.000Z", "eventType": "transaction", "_adobeamericaspot3": {"CRMID": "crmid:5516262456", "orderDetails": {"orderID": "orderid:614090", "reservationid": "DVC-1TTF", "orderType": "call center"}}}
{"_id": "fa7f34ac-53c8-11ea-a836-b88a60e194fb", "timestamp": "2020-01-19T22:54:02.000Z", "eventType": "transaction", "_adobeamericaspot3": {"CRMID": "crmid:6087560739", "orderDetails": {"orderID": "orderid:666058", "reservationid": "LX3-OXYT", "orderType": "mobile"}}}
{"_id": "fa801f08-53c8-11ea-990a-b88a60e194fb", "timestamp": "2019-12-01T00:51:37.000Z", "eventType": "transaction", "_adobeamericaspot3": {"CRMID": "crmid:9215382659", "orderDetails": {"orderID": "orderid:755412", "reservationid": "38M-AOBI", "orderType": "mobile"}}}
{"_id": "fa810968-53c8-11ea-aa32-b88a60e194fb", "timestamp": "2020-01-08T13:15:40.000Z", "eventType": "transaction", "_adobeamericaspot3": {"CRMID": "crmid:7298312073", "orderDetails": {"orderID": "orderid:281460", "reservationid": "MZE-N07C", "orderType": "kiosk"}}}
{"_id": "fa8242a4-53c8-11ea-846f-b88a60e194fb", "timestamp": "2019-12-05T09:31:51.000Z", "eventType": "transaction", "_adobeamericaspot3": {"CRMID": "crmid:8863175704", "orderDetails": {"orderID": "orderid:620455", "reservationid": "6G8-AVON", "orderType": "call center"}}}
{"_id": "fa832c5e-53c8-11ea-a7c6-b88a60e194fb", "timestamp": "2020-02-16T21:05:58.000Z", "eventType": "transaction", "_adobeamericaspot3": {"CRMID": "crmid:9064353348", "orderDetails": {"orderID": "orderid:161375", "reservationid": "1E6-ZHVJ", "orderType": "service desk"}}}
{"_id": "fa8416c0-53c8-11ea-b8c8-b88a60e194fb", "timestamp": "2019-12-13T13:48:16.000Z", "eventType": "transaction", "_adobeamericaspot3": {"CRMID": "crmid:8162171407", "orderDetails": {"orderID": "orderid:365937", "reservationid": "HW2-YK48", "orderType": "kiosk"}}}
{"_id": "fa84da08-53c8-11ea-a0ee-b88a60e194fb", "timestamp": "2020-02-09T03:19:03.000Z", "eventType": "transaction", "_adobeamericaspot3": {"CRMID": "crmid:8906313572", "orderDetails": {"orderID": "orderid:681728", "reservationid": "CLE-RN4S", "orderType": "kiosk"}}}
{"_id": "fa85c478-53c8-11ea-86c9-b88a60e194fb", "timestamp": "2020-01-28T21:19:16.000Z", "eventType": "transaction", "_adobeamericaspot3": {"CRMID": "crmid:9376075366", "orderDetails": {"orderID": "orderid:337746", "reservationid": "YVU-NQJY", "orderType": "kiosk"}}}
{"_id": "fa86aec2-53c8-11ea-84e6-b88a60e194fb", "timestamp": "2020-02-07T04:46:48.000Z", "eventType": "transaction", "_adobeamericaspot3": {"CRMID": "crmid:1059416485", "orderDetails": {"orderID": "orderid:144735", "reservationid": "OPA-MMGL", "orderType": "service desk"}}}
{"_id": "fa87991a-53c8-11ea-811c-b88a60e194fb", "timestamp": "2019-12-03T01:36:14.000Z", "eventType": "transaction", "_adobeamericaspot3": {"CRMID": "crmid:2567946766", "orderDetails": {"orderID": "orderid:925095", "reservationid": "GZG-OJ8S", "orderType": "website"}}}
{"_id": "fa87c02c-53c8-11ea-8b0b-b88a60e194fb", "timestamp": "2019-12-07T00:00:00.000Z", "eventType": "transaction", "_adobeamericaspot3": {"CRMID": "crmid:2567946766", "orderDetails": {"orderID": "orderid:296559", "reservationid": "V9G-BCPC", "orderType": "website"}}}
{"_id": "fa87c02d-53c8-11ea-bcd2-b88a60e194fb", "timestamp": "2019-12-11T00:00:00.000Z", "eventType": "transaction", "_adobeamericaspot3": {"CRMID": "crmid:2567946766", "orderDetails": {"orderID": "orderid:350511", "reservationid": "CIF-3UOW", "orderType": "kiosk"}}}
{"_id": "fa87e734-53c8-11ea-af99-b88a60e194fb", "timestamp": "2019-12-18T00:00:00.000Z", "eventType": "transaction", "_adobeamericaspot3": {"CRMID": "crmid:2567946766", "orderDetails": {"orderID": "orderid:505029", "reservationid": "KS3-6R51", "orderType": "mobile"}}}
{"_id": "fa88d19c-53c8-11ea-9725-b88a60e194fb", "timestamp": "2020-01-13T04:54:10.000Z", "eventType": "transaction", "_adobeamericaspot3": {"CRMID": "crmid:8338556071", "orderDetails": {"orderID": "orderid:929905", "reservationid": "VH2-VN2B", "orderType": "website"}}}
{"_id": "fa8994f0-53c8-11ea-8b97-b88a60e194fb", "timestamp": "2020-02-01T06:09:25.000Z", "eventType": "transaction", "_adobeamericaspot3": {"CRMID": "crmid:3777090863", "orderDetails": {"orderID": "orderid:523528", "reservationid": "P3R-C2HU", "orderType": "call center"}}}
{"_id": "fa8a7f48-53c8-11ea-8527-b88a60e194fb", "timestamp": "2020-02-12T17:28:09.000Z", "eventType": "transaction", "_adobeamericaspot3": {"CRMID": "crmid:6488257010", "orderDetails": {"orderID": "orderid:292834", "reservationid": "CY7-6VOO", "orderType": "kiosk"}}}
{"_id": "fa8b69ae-53c8-11ea-bad4-b88a60e194fb", "timestamp": "2019-12-13T02:23:20.000Z", "eventType": "transaction", "_adobeamericaspot3": {"CRMID": "crmid:5581913616", "orderDetails": {"orderID": "orderid:463754", "reservationid": "LVA-FJ8J", "orderType": "website"}}}
{"_id": "fa8ca23e-53c8-11ea-a638-b88a60e194fb", "timestamp": "2020-02-08T00:03:54.000Z", "eventType": "transaction", "_adobeamericaspot3": {"CRMID": "crmid:4763777248", "orderDetails": {"orderID": "orderid:656465", "reservationid": "ZDX-NYIE", "orderType": "website"}}}
{"_id": "fa8d6590-53c8-11ea-9208-b88a60e194fb", "timestamp": "2020-02-15T16:04:28.000Z", "eventType": "transaction", "_adobeamericaspot3": {"CRMID": "crmid:2727005840", "orderDetails": {"orderID": "orderid:295616", "reservationid": "A4S-L7PD", "orderType": "mobile"}}}
{"_id": "fa8e4fee-53c8-11ea-af2a-b88a60e194fb", "timestamp": "2019-12-21T22:48:23.000Z", "eventType": "transaction", "_adobeamericaspot3": {"CRMID": "crmid:9335889535", "orderDetails": {"orderID": "orderid:991307", "reservationid": "YGP-PY8G", "orderType": "call center"}}}
{"_id": "fa8f3b66-53c8-11ea-9587-b88a60e194fb", "timestamp": "2020-01-22T11:39:36.000Z", "eventType": "transaction", "_adobeamericaspot3": {"CRMID": "crmid:8650056798", "orderDetails": {"orderID": "orderid:573783", "reservationid": "705-X50A", "orderType": "kiosk"}}}
{"_id": "fa902612-53c8-11ea-8410-b88a60e194fb", "timestamp": "2020-02-08T20:26:55.000Z", "eventType": "transaction", "_adobeamericaspot3": {"CRMID": "crmid:1755768562", "orderDetails": {"orderID": "orderid:339906", "reservationid": "Z3K-Q3BW", "orderType": "website"}}}
{"_id": "fa911078-53c8-11ea-b3dc-b88a60e194fb", "timestamp": "2020-01-11T14:23:10.000Z", "eventType": "transaction", "_adobeamericaspot3": {"CRMID": "crmid:3104589324", "orderDetails": {"orderID": "orderid:324350", "reservationid": "DPX-6VPI", "orderType": "call center"}}}
{"_id": "fa91d3ae-53c8-11ea-970d-b88a60e194fb", "timestamp": "2019-12-27T17:30:42.000Z", "eventType": "transaction", "_adobeamericaspot3": {"CRMID": "crmid:5464854938", "orderDetails": {"orderID": "orderid:368904", "reservationid": "3U2-EUOC", "orderType": "call center"}}}
{"_id": "fa9296fa-53c8-11ea-9c47-b88a60e194fb", "timestamp": "2019-12-24T07:07:51.000Z", "eventType": "transaction", "_adobeamericaspot3": {"CRMID": "crmid:9287094432", "orderDetails": {"orderID": "orderid:979470", "reservationid": "TVN-WWEN", "orderType": "call center"}}}
{"_id": "fa92be06-53c8-11ea-87a7-b88a60e194fb", "timestamp": "2019-12-28T00:00:00.000Z", "eventType": "transaction", "_adobeamericaspot3": {"CRMID": "crmid:9287094432", "orderDetails": {"orderID": "orderid:349683", "reservationid": "QPE-4JFU", "orderType": "website"}}}
{"_id": "fa93cf7a-53c8-11ea-858d-b88a60e194fb", "timestamp": "2019-12-05T04:43:13.000Z", "eventType": "transaction", "_adobeamericaspot3": {"CRMID": "crmid:4281546785", "orderDetails": {"orderID": "orderid:740458", "reservationid": "3BH-JTIE", "orderType": "website"}}}
{"_id": "fa9492ec-53c8-11ea-8347-b88a60e194fb", "timestamp": "2019-12-28T17:26:13.000Z", "eventType": "transaction", "_adobeamericaspot3": {"CRMID": "crmid:3272988062", "orderDetails": {"orderID": "orderid:175322", "reservationid": "LHC-GRII", "orderType": "kiosk"}}}
{"_id": "fa957bcc-53c8-11ea-a76b-b88a60e194fb", "timestamp": "2019-12-04T22:22:29.000Z", "eventType": "transaction", "_adobeamericaspot3": {"CRMID": "crmid:3269533254", "orderDetails": {"orderID": "orderid:314439", "reservationid": "W3K-YV56", "orderType": "website"}}}
{"_id": "fa98b018-53c8-11ea-af83-b88a60e194fb", "timestamp": "2020-01-11T17:25:08.000Z", "eventType": "transaction", "_adobeamericaspot3": {"CRMID": "crmid:7302860047", "orderDetails": {"orderID": "orderid:782806", "reservationid": "RAM-NFXH", "orderType": "service desk"}}}
{"_id": "fa99736c-53c8-11ea-8518-b88a60e194fb", "timestamp": "2020-01-08T09:24:53.000Z", "eventType": "transaction", "_adobeamericaspot3": {"CRMID": "crmid:5391348327", "orderDetails": {"orderID": "orderid:452759", "reservationid": "JDO-FVR1", "orderType": "website"}}}
{"_id": "fa9aabe8-53c8-11ea-b493-b88a60e194fb", "timestamp": "2019-12-06T10:23:11.000Z", "eventType": "transaction", "_adobeamericaspot3": {"CRMID": "crmid:7368023674", "orderDetails": {"orderID": "orderid:591532", "reservationid": "IOU-KNCP", "orderType": "kiosk"}}}
{"_id": "fa9b964c-53c8-11ea-a41a-b88a60e194fb", "timestamp": "2019-12-28T09:30:59.000Z", "eventType": "transaction", "_adobeamericaspot3": {"CRMID": "crmid:9607681834", "orderDetails": {"orderID": "orderid:892594", "reservationid": "WLR-DJVC", "orderType": "website"}}}
{"_id": "fa9c599a-53c8-11ea-8504-b88a60e194fb", "timestamp": "2019-12-19T19:01:06.000Z", "eventType": "transaction", "_adobeamericaspot3": {"CRMID": "crmid:7263875092", "orderDetails": {"orderID": "orderid:372855", "reservationid": "XTB-H66C", "orderType": "call center"}}}
{"_id": "fa9d6b0c-53c8-11ea-9356-b88a60e194fb", "timestamp": "2020-01-05T10:34:52.000Z", "eventType": "transaction", "_adobeamericaspot3": {"CRMID": "crmid:1859171753", "orderDetails": {"orderID": "orderid:225436", "reservationid": "G4N-ZJPF", "orderType": "call center"}}}
{"_id": "fa9e556c-53c8-11ea-8f40-b88a60e194fb", "timestamp": "2019-12-24T05:10:24.000Z", "eventType": "transaction", "_adobeamericaspot3": {"CRMID": "crmid:3671363534", "orderDetails": {"orderID": "orderid:318885", "reservationid": "EWC-JNWR", "orderType": "kiosk"}}}
{"_id": "fa9e7c78-53c8-11ea-8eed-b88a60e194fb", "timestamp": "2019-12-27T00:00:00.000Z", "eventType": "transaction", "_adobeamericaspot3": {"CRMID": "crmid:3671363534", "orderDetails": {"orderID": "orderid:322232", "reservationid": "GVN-SQ6Z", "orderType": "website"}}}
{"_id": "fa9f4022-53c8-11ea-9c90-b88a60e194fb", "timestamp": "2020-01-28T02:44:57.000Z", "eventType": "transaction", "_adobeamericaspot3": {"CRMID": "crmid:2183228119", "orderDetails": {"orderID": "orderid:461762", "reservationid": "XYK-PCSC", "orderType": "kiosk"}}}
{"_id": "faa02a2c-53c8-11ea-b7ac-b88a60e194fb", "timestamp": "2019-12-09T19:49:17.000Z", "eventType": "transaction", "_adobeamericaspot3": {"CRMID": "crmid:2618868147", "orderDetails": {"orderID": "orderid:884608", "reservationid": "9SW-SBPQ", "orderType": "service desk"}}}
{"_id": "faa1148c-53c8-11ea-ae10-b88a60e194fb", "timestamp": "2020-02-12T20:42:55.000Z", "eventType": "transaction", "_adobeamericaspot3": {"CRMID": "crmid:5661418478", "orderDetails": {"orderID": "orderid:190781", "reservationid": "ZHV-IIF3", "orderType": "call center"}}}
{"_id": "faa24d52-53c8-11ea-9fbf-b88a60e194fb", "timestamp": "2020-01-08T03:43:48.000Z", "eventType": "transaction", "_adobeamericaspot3": {"CRMID": "crmid:6606869656", "orderDetails": {"orderID": "orderid:721334", "reservationid": "QIH-Q2ON", "orderType": "website"}}}
{"_id": "faa35f0a-53c8-11ea-a804-b88a60e194fb", "timestamp": "2019-12-20T00:59:33.000Z", "eventType": "transaction", "_adobeamericaspot3": {"CRMID": "crmid:8174216652", "orderDetails": {"orderID": "orderid:129111", "reservationid": "V36-CX3H", "orderType": "call center"}}}
{"_id": "faa46ff4-53c8-11ea-9d2d-b88a60e194fb", "timestamp": "2019-12-18T16:17:04.000Z", "eventType": "transaction", "_adobeamericaspot3": {"CRMID": "crmid:3855784373", "orderDetails": {"orderID": "orderid:776168", "reservationid": "51C-WK3R", "orderType": "call center"}}}
{"_id": "faa5a9b4-53c8-11ea-8475-b88a60e194fb", "timestamp": "2019-12-27T03:50:27.000Z", "eventType": "transaction", "_adobeamericaspot3": {"CRMID": "crmid:3426357095", "orderDetails": {"orderID": "orderid:664359", "reservationid": "ZXG-E7AP", "orderType": "kiosk"}}}
{"_id": "faa6bb40-53c8-11ea-8fd0-b88a60e194fb", "timestamp": "2019-12-28T10:07:14.000Z", "eventType": "transaction", "_adobeamericaspot3": {"CRMID": "crmid:2511976382", "orderDetails": {"orderID": "orderid:737339", "reservationid": "9AT-8UAG", "orderType": "call center"}}}
{"_id": "faa7a58c-53c8-11ea-983c-b88a60e194fb", "timestamp": "2020-01-21T16:58:15.000Z", "eventType": "transaction", "_adobeamericaspot3": {"CRMID": "crmid:8710467100", "orderDetails": {"orderID": "orderid:690678", "reservationid": "FIS-VKKN", "orderType": "kiosk"}}}
{"_id": "faa88fe8-53c8-11ea-b925-b88a60e194fb", "timestamp": "2020-02-08T03:02:32.000Z", "eventType": "transaction", "_adobeamericaspot3": {"CRMID": "crmid:8822614686", "orderDetails": {"orderID": "orderid:887369", "reservationid": "QGN-6KD0", "orderType": "website"}}}
{"_id": "faa95350-53c8-11ea-a2d6-b88a60e194fb", "timestamp": "2020-02-03T20:14:51.000Z", "eventType": "transaction", "_adobeamericaspot3": {"CRMID": "crmid:1129281187", "orderDetails": {"orderID": "orderid:526880", "reservationid": "XC7-YP0F", "orderType": "call center"}}}
{"_id": "faaa3db0-53c8-11ea-9217-b88a60e194fb", "timestamp": "2019-12-14T13:22:58.000Z", "eventType": "transaction", "_adobeamericaspot3": {"CRMID": "crmid:6134854765", "orderDetails": {"orderID": "orderid:222291", "reservationid": "16I-E8IY", "orderType": "kiosk"}}}
{"_id": "faab00f6-53c8-11ea-b2c1-b88a60e194fb", "timestamp": "2020-01-09T05:55:04.000Z", "eventType": "transaction", "_adobeamericaspot3": {"CRMID": "crmid:5527430970", "orderDetails": {"orderID": "orderid:485606", "reservationid": "ROU-ZH8F", "orderType": "kiosk"}}}
{"_id": "faabeb88-53c8-11ea-a446-b88a60e194fb", "timestamp": "2019-12-30T11:28:17.000Z", "eventType": "transaction", "_adobeamericaspot3": {"CRMID": "crmid:4707435977", "orderDetails": {"orderID": "orderid:491141", "reservationid": "LH4-WI9G", "orderType": "mobile"}}}
{"_id": "faabeb89-53c8-11ea-88ac-b88a60e194fb", "timestamp": "2020-01-06T00:00:00.000Z", "eventType": "transaction", "_adobeamericaspot3": {"CRMID": "crmid:4707435977", "orderDetails": {"orderID": "orderid:381846", "reservationid": "VP8-JQEA", "orderType": "service desk"}}}
{"_id": "faad23da-53c8-11ea-a547-b88a60e194fb", "timestamp": "2020-01-13T20:22:23.000Z", "eventType": "transaction", "_adobeamericaspot3": {"CRMID": "crmid:2708657799", "orderDetails": {"orderID": "orderid:719067", "reservationid": "XYN-KQCE", "orderType": "website"}}}
{"_id": "faae0e2c-53c8-11ea-be4d-b88a60e194fb", "timestamp": "2020-01-15T15:44:44.000Z", "eventType": "transaction", "_adobeamericaspot3": {"CRMID": "crmid:2218896004", "orderDetails": {"orderID": "orderid:538585", "reservationid": "P8W-NINV", "orderType": "website"}}}
{"_id": "faaef89c-53c8-11ea-bbbd-b88a60e194fb", "timestamp": "2019-12-11T12:27:57.000Z", "eventType": "transaction", "_adobeamericaspot3": {"CRMID": "crmid:1174069042", "orderDetails": {"orderID": "orderid:349241", "reservationid": "RLA-STH3", "orderType": "mobile"}}}
{"_id": "faafbbe8-53c8-11ea-beab-b88a60e194fb", "timestamp": "2020-01-04T23:34:47.000Z", "eventType": "transaction", "_adobeamericaspot3": {"CRMID": "crmid:3583631985", "orderDetails": {"orderID": "orderid:114831", "reservationid": "DDN-TOXP", "orderType": "kiosk"}}}
{"_id": "fab07f24-53c8-11ea-9e58-b88a60e194fb", "timestamp": "2020-02-09T11:13:29.000Z", "eventType": "transaction", "_adobeamericaspot3": {"CRMID": "crmid:2077040421", "orderDetails": {"orderID": "orderid:112546", "reservationid": "XKT-AHHM", "orderType": "website"}}}
{"_id": "fab169c0-53c8-11ea-b3f6-b88a60e194fb", "timestamp": "2019-12-28T18:17:50.000Z", "eventType": "transaction", "_adobeamericaspot3": {"CRMID": "crmid:5767856350", "orderDetails": {"orderID": "orderid:530022", "reservationid": "CFK-EIGF", "orderType": "website"}}}
{"_id": "fab190a8-53c8-11ea-9eb6-b88a60e194fb", "timestamp": "2020-01-05T00:00:00.000Z", "eventType": "transaction", "_adobeamericaspot3": {"CRMID": "crmid:5767856350", "orderDetails": {"orderID": "orderid:733521", "reservationid": "FLX-XXEM", "orderType": "kiosk"}}}
{"_id": "fab27b14-53c8-11ea-bde1-b88a60e194fb", "timestamp": "2019-12-24T16:20:39.000Z", "eventType": "transaction", "_adobeamericaspot3": {"CRMID": "crmid:1459840823", "orderDetails": {"orderID": "orderid:772146", "reservationid": "2AC-PNZE", "orderType": "website"}}}
{"_id": "fab36434-53c8-11ea-8eb6-b88a60e194fb", "timestamp": "2020-02-13T12:51:53.000Z", "eventType": "transaction", "_adobeamericaspot3": {"CRMID": "crmid:4934680852", "orderDetails": {"orderID": "orderid:633725", "reservationid": "TVC-CX63", "orderType": "service desk"}}}
{"_id": "fab4278a-53c8-11ea-8071-b88a60e194fb", "timestamp": "2020-01-27T21:45:47.000Z", "eventType": "transaction", "_adobeamericaspot3": {"CRMID": "crmid:3681593374", "orderDetails": {"orderID": "orderid:560321", "reservationid": "CJX-ZALF", "orderType": "kiosk"}}}
{"_id": "fab512be-53c8-11ea-a109-b88a60e194fb", "timestamp": "2020-02-08T07:08:21.000Z", "eventType": "transaction", "_adobeamericaspot3": {"CRMID": "crmid:9962241642", "orderDetails": {"orderID": "orderid:215174", "reservationid": "QK8-C04O", "orderType": "call center"}}}
{"_id": "fab62358-53c8-11ea-92d7-b88a60e194fb", "timestamp": "2019-12-16T13:50:06.000Z", "eventType": "transaction", "_adobeamericaspot3": {"CRMID": "crmid:4607859711", "orderDetails": {"orderID": "orderid:840133", "reservationid": "TNU-NGQZ", "orderType": "kiosk"}}}
{"_id": "fab734ca-53c8-11ea-8aff-b88a60e194fb", "timestamp": "2020-01-18T00:41:02.000Z", "eventType": "transaction", "_adobeamericaspot3": {"CRMID": "crmid:7073863652", "orderDetails": {"orderID": "orderid:581604", "reservationid": "DHM-BV39", "orderType": "call center"}}}
{"_id": "fab81f26-53c8-11ea-9b33-b88a60e194fb", "timestamp": "2019-12-27T15:44:05.000Z", "eventType": "transaction", "_adobeamericaspot3": {"CRMID": "crmid:7111316124", "orderDetails": {"orderID": "orderid:105093", "reservationid": "JCJ-R1M6", "orderType": "call center"}}}
{"_id": "fab9097e-53c8-11ea-b27e-b88a60e194fb", "timestamp": "2020-02-08T06:00:57.000Z", "eventType": "transaction", "_adobeamericaspot3": {"CRMID": "crmid:5788405645", "orderDetails": {"orderID": "orderid:215866", "reservationid": "BC3-6A0S", "orderType": "call center"}}}
{"_id": "fab9f454-53c8-11ea-a9a2-b88a60e194fb", "timestamp": "2019-12-22T22:21:40.000Z", "eventType": "transaction", "_adobeamericaspot3": {"CRMID": "crmid:7504529023", "orderDetails": {"orderID": "orderid:832553", "reservationid": "AFY-RYXS", "orderType": "service desk"}}}
{"_id": "fabade48-53c8-11ea-b7bd-b88a60e194fb", "timestamp": "2020-01-01T00:34:39.000Z", "eventType": "transaction", "_adobeamericaspot3": {"CRMID": "crmid:2646344595", "orderDetails": {"orderID": "orderid:508109", "reservationid": "15G-3OU6", "orderType": "mobile"}}}
{"_id": "fabbc8a6-53c8-11ea-b2f3-b88a60e194fb", "timestamp": "2020-02-15T14:14:54.000Z", "eventType": "transaction", "_adobeamericaspot3": {"CRMID": "crmid:5127446281", "orderDetails": {"orderID": "orderid:943145", "reservationid": "KWI-JHVQ", "orderType": "call center"}}}
{"_id": "fabcb306-53c8-11ea-b827-b88a60e194fb", "timestamp": "2019-12-13T05:54:02.000Z", "eventType": "transaction", "_adobeamericaspot3": {"CRMID": "crmid:8024879222", "orderDetails": {"orderID": "orderid:987325", "reservationid": "LLQ-XMKX", "orderType": "kiosk"}}}
{"_id": "fabd9d62-53c8-11ea-8276-b88a60e194fb", "timestamp": "2020-02-15T15:36:54.000Z", "eventType": "transaction", "_adobeamericaspot3": {"CRMID": "crmid:8515485128", "orderDetails": {"orderID": "orderid:631398", "reservationid": "271-UDPA", "orderType": "website"}}}
{"_id": "fabdc46e-53c8-11ea-9906-b88a60e194fb", "timestamp": "2020-02-19T00:00:00.000Z", "eventType": "transaction", "_adobeamericaspot3": {"CRMID": "crmid:8515485128", "orderDetails": {"orderID": "orderid:527679", "reservationid": "AR1-VWMB", "orderType": "website"}}}
{"_id": "fabeaeda-53c8-11ea-b4d6-b88a60e194fb", "timestamp": "2020-01-14T03:43:45.000Z", "eventType": "transaction", "_adobeamericaspot3": {"CRMID": "crmid:6109535252", "orderDetails": {"orderID": "orderid:234968", "reservationid": "81W-XPSW", "orderType": "kiosk"}}}
{"_id": "fabf9930-53c8-11ea-9629-b88a60e194fb", "timestamp": "2020-01-24T13:25:05.000Z", "eventType": "transaction", "_adobeamericaspot3": {"CRMID": "crmid:8199840817", "orderDetails": {"orderID": "orderid:640453", "reservationid": "F3Y-1BN7", "orderType": "mobile"}}}
{"_id": "fac0d1b4-53c8-11ea-b838-b88a60e194fb", "timestamp": "2020-01-05T22:41:43.000Z", "eventType": "transaction", "_adobeamericaspot3": {"CRMID": "crmid:2979159161", "orderDetails": {"orderID": "orderid:733598", "reservationid": "WCK-XDS1", "orderType": "website"}}}
{"_id": "fac1bc18-53c8-11ea-9bd4-b88a60e194fb", "timestamp": "2019-12-19T22:09:57.000Z", "eventType": "transaction", "_adobeamericaspot3": {"CRMID": "crmid:8952908333", "orderDetails": {"orderID": "orderid:980213", "reservationid": "TNL-TGWA", "orderType": "website"}}}
{"_id": "fac2a66e-53c8-11ea-989d-b88a60e194fb", "timestamp": "2020-01-27T21:40:39.000Z", "eventType": "transaction", "_adobeamericaspot3": {"CRMID": "crmid:8858699772", "orderDetails": {"orderID": "orderid:987602", "reservationid": "TZX-PI2V", "orderType": "mobile"}}}
{"_id": "fac390d2-53c8-11ea-afea-b88a60e194fb", "timestamp": "2019-12-31T02:06:56.000Z", "eventType": "transaction", "_adobeamericaspot3": {"CRMID": "crmid:1668393960", "orderDetails": {"orderID": "orderid:666426", "reservationid": "WRQ-9A9L", "orderType": "call center"}}}
{"_id": "fac45428-53c8-11ea-aa6f-b88a60e194fb", "timestamp": "2019-12-01T21:21:39.000Z", "eventType": "transaction", "_adobeamericaspot3": {"CRMID": "crmid:9225726257", "orderDetails": {"orderID": "orderid:610357", "reservationid": "0SK-TBA1", "orderType": "call center"}}}
{"_id": "fac5659c-53c8-11ea-b96d-b88a60e194fb", "timestamp": "2019-12-31T08:40:42.000Z", "eventType": "transaction", "_adobeamericaspot3": {"CRMID": "crmid:4894102723", "orderDetails": {"orderID": "orderid:803853", "reservationid": "IQB-VXMW", "orderType": "call center"}}}
{"_id": "fac628e6-53c8-11ea-b43c-b88a60e194fb", "timestamp": "2020-01-12T07:05:29.000Z", "eventType": "transaction", "_adobeamericaspot3": {"CRMID": "crmid:4509602599", "orderDetails": {"orderID": "orderid:518473", "reservationid": "LAJ-BPPM", "orderType": "call center"}}}
{"_id": "fac7134a-53c8-11ea-8e87-b88a60e194fb", "timestamp": "2020-01-09T23:47:03.000Z", "eventType": "transaction", "_adobeamericaspot3": {"CRMID": "crmid:3862574872", "orderDetails": {"orderID": "orderid:768203", "reservationid": "CVQ-YK2B", "orderType": "kiosk"}}}
{"_id": "fac7fdac-53c8-11ea-85a4-b88a60e194fb", "timestamp": "2020-01-28T00:27:28.000Z", "eventType": "transaction", "_adobeamericaspot3": {"CRMID": "crmid:7266477942", "orderDetails": {"orderID": "orderid:807297", "reservationid": "KV7-MBEI", "orderType": "mobile"}}}
{"_id": "fac90f0c-53c8-11ea-824a-b88a60e194fb", "timestamp": "2020-01-17T05:32:01.000Z", "eventType": "transaction", "_adobeamericaspot3": {"CRMID": "crmid:8161027513", "orderDetails": {"orderID": "orderid:868812", "reservationid": "8MJ-F2WV", "orderType": "website"}}}
{"_id": "faca6e90-53c8-11ea-8e10-b88a60e194fb", "timestamp": "2020-02-15T19:13:24.000Z", "eventType": "transaction", "_adobeamericaspot3": {"CRMID": "crmid:8317294896", "orderDetails": {"orderID": "orderid:316843", "reservationid": "RIM-TFR4", "orderType": "website"}}}
{"_id": "facb3334-53c8-11ea-b992-b88a60e194fb", "timestamp": "2019-12-23T03:23:24.000Z", "eventType": "transaction", "_adobeamericaspot3": {"CRMID": "crmid:6744528245", "orderDetails": {"orderID": "orderid:177997", "reservationid": "WMT-UZQG", "orderType": "call center"}}}
{"_id": "facc1d90-53c8-11ea-ac44-b88a60e194fb", "timestamp": "2020-01-26T17:20:22.000Z", "eventType": "transaction", "_adobeamericaspot3": {"CRMID": "crmid:4959629395", "orderDetails": {"orderID": "orderid:584498", "reservationid": "ER6-PNN8", "orderType": "mobile"}}}
{"_id": "face3f1c-53c8-11ea-9d6d-b88a60e194fb", "timestamp": "2019-12-01T07:08:10.000Z", "eventType": "transaction", "_adobeamericaspot3": {"CRMID": "crmid:3504811481", "orderDetails": {"orderID": "orderid:118663", "reservationid": "FGY-744G", "orderType": "kiosk"}}}
{"_id": "facf299e-53c8-11ea-8240-b88a60e194fb", "timestamp": "2020-01-28T02:43:28.000Z", "eventType": "transaction", "_adobeamericaspot3": {"CRMID": "crmid:8357972152", "orderDetails": {"orderID": "orderid:135455", "reservationid": "SQC-XDFA", "orderType": "call center"}}}
{"_id": "fad013fa-53c8-11ea-a509-b88a60e194fb", "timestamp": "2019-12-25T00:20:01.000Z", "eventType": "transaction", "_adobeamericaspot3": {"CRMID": "crmid:4605706151", "orderDetails": {"orderID": "orderid:164066", "reservationid": "RPZ-9HO1", "orderType": "kiosk"}}}
{"_id": "fad0fe4a-53c8-11ea-8ed7-b88a60e194fb", "timestamp": "2020-01-02T13:16:39.000Z", "eventType": "transaction", "_adobeamericaspot3": {"CRMID": "crmid:9994722284", "orderDetails": {"orderID": "orderid:332588", "reservationid": "AKL-TJJQ", "orderType": "mobile"}}}
{"_id": "fad20fc0-53c8-11ea-8d6c-b88a60e194fb", "timestamp": "2020-02-09T23:28:59.000Z", "eventType": "transaction", "_adobeamericaspot3": {"CRMID": "crmid:9236524362", "orderDetails": {"orderID": "orderid:418219", "reservationid": "0NW-CKRP", "orderType": "mobile"}}}
{"_id": "fad2fa62-53c8-11ea-8e33-b88a60e194fb", "timestamp": "2020-02-07T05:39:27.000Z", "eventType": "transaction", "_adobeamericaspot3": {"CRMID": "crmid:6414863998", "orderDetails": {"orderID": "orderid:350596", "reservationid": "6HB-M736", "orderType": "call center"}}}
{"_id": "fad40b7e-53c8-11ea-8918-b88a60e194fb", "timestamp": "2019-12-20T01:47:30.000Z", "eventType": "transaction", "_adobeamericaspot3": {"CRMID": "crmid:1704514035", "orderDetails": {"orderID": "orderid:972317", "reservationid": "7KU-SWUU", "orderType": "website"}}}
{"_id": "fad4cec8-53c8-11ea-9709-b88a60e194fb", "timestamp": "2020-01-26T22:07:33.000Z", "eventType": "transaction", "_adobeamericaspot3": {"CRMID": "crmid:2556453283", "orderDetails": {"orderID": "orderid:282074", "reservationid": "PF3-OO3R", "orderType": "service desk"}}}
{"_id": "fad5e03e-53c8-11ea-aa0c-b88a60e194fb", "timestamp": "2019-12-01T03:04:55.000Z", "eventType": "transaction", "_adobeamericaspot3": {"CRMID": "crmid:3177285016", "orderDetails": {"orderID": "orderid:406270", "reservationid": "C5J-MVNL", "orderType": "service desk"}}}
{"_id": "fad6cabe-53c8-11ea-8ed4-b88a60e194fb", "timestamp": "2020-02-06T16:52:36.000Z", "eventType": "transaction", "_adobeamericaspot3": {"CRMID": "crmid:2689588224", "orderDetails": {"orderID": "orderid:148069", "reservationid": "EC5-CLOI", "orderType": "call center"}}}
{"_id": "fad7b4fe-53c8-11ea-b78e-b88a60e194fb", "timestamp": "2020-02-07T12:02:27.000Z", "eventType": "transaction", "_adobeamericaspot3": {"CRMID": "crmid:5889420131", "orderDetails": {"orderID": "orderid:459197", "reservationid": "EQI-BSXA", "orderType": "website"}}}
{"_id": "fad89f5c-53c8-11ea-b488-b88a60e194fb", "timestamp": "2020-01-22T16:20:46.000Z", "eventType": "transaction", "_adobeamericaspot3": {"CRMID": "crmid:1781452064", "orderDetails": {"orderID": "orderid:296902", "reservationid": "7IR-IKJV", "orderType": "call center"}}}
{"_id": "fad962ac-53c8-11ea-8ace-b88a60e194fb", "timestamp": "2019-12-11T14:43:12.000Z", "eventType": "transaction", "_adobeamericaspot3": {"CRMID": "crmid:3465916921", "orderDetails": {"orderID": "orderid:482030", "reservationid": "4SV-FO3A", "orderType": "kiosk"}}}
{"_id": "fada25fa-53c8-11ea-9d60-b88a60e194fb", "timestamp": "2020-01-14T14:39:08.000Z", "eventType": "transaction", "_adobeamericaspot3": {"CRMID": "crmid:6036610273", "orderDetails": {"orderID": "orderid:413421", "reservationid": "PSU-9ZIP", "orderType": "kiosk"}}}
{"_id": "fada4d0c-53c8-11ea-9e50-b88a60e194fb", "timestamp": "2020-01-19T00:00:00.000Z", "eventType": "transaction", "_adobeamericaspot3": {"CRMID": "crmid:6036610273", "orderDetails": {"orderID": "orderid:439363", "reservationid": "NMV-XIET", "orderType": "call center"}}}
{"_id": "fadb11b0-53c8-11ea-84b7-b88a60e194fb", "timestamp": "2019-12-02T01:41:53.000Z", "eventType": "transaction", "_adobeamericaspot3": {"CRMID": "crmid:4427403600", "orderDetails": {"orderID": "orderid:502611", "reservationid": "AWF-ZFIY", "orderType": "kiosk"}}}
{"_id": "fadc2338-53c8-11ea-9a8e-b88a60e194fb", "timestamp": "2020-01-23T17:04:28.000Z", "eventType": "transaction", "_adobeamericaspot3": {"CRMID": "crmid:1849544962", "orderDetails": {"orderID": "orderid:728550", "reservationid": "G62-KBXP", "orderType": "call center"}}}
{"_id": "fadce67a-53c8-11ea-bb28-b88a60e194fb", "timestamp": "2020-01-29T20:43:29.000Z", "eventType": "transaction", "_adobeamericaspot3": {"CRMID": "crmid:3403253153", "orderDetails": {"orderID": "orderid:226859", "reservationid": "9EG-QALE", "orderType": "website"}}}
{"_id": "faddd0ba-53c8-11ea-8619-b88a60e194fb", "timestamp": "2019-12-07T05:30:29.000Z", "eventType": "transaction", "_adobeamericaspot3": {"CRMID": "crmid:6388102830", "orderDetails": {"orderID": "orderid:175298", "reservationid": "BPJ-PWLH", "orderType": "kiosk"}}}
{"_id": "fadee25a-53c8-11ea-afa3-b88a60e194fb", "timestamp": "2020-02-05T23:41:56.000Z", "eventType": "transaction", "_adobeamericaspot3": {"CRMID": "crmid:3240368086", "orderDetails": {"orderID": "orderid:652212", "reservationid": "R7Q-BPRD", "orderType": "website"}}}
{"_id": "fadfcc94-53c8-11ea-94c8-b88a60e194fb", "timestamp": "2020-01-24T20:07:00.000Z", "eventType": "transaction", "_adobeamericaspot3": {"CRMID": "crmid:2210150528", "orderDetails": {"orderID": "orderid:134171", "reservationid": "ATA-2EFI", "orderType": "website"}}}
{"_id": "fae08fec-53c8-11ea-91d2-b88a60e194fb", "timestamp": "2020-02-08T15:20:35.000Z", "eventType": "transaction", "_adobeamericaspot3": {"CRMID": "crmid:3850595704", "orderDetails": {"orderID": "orderid:378970", "reservationid": "TRV-BWAY", "orderType": "call center"}}}
{"_id": "fae1538c-53c8-11ea-b2f8-b88a60e194fb", "timestamp": "2020-01-26T12:16:55.000Z", "eventType": "transaction", "_adobeamericaspot3": {"CRMID": "crmid:3160966342", "orderDetails": {"orderID": "orderid:111374", "reservationid": "NL8-JU8T", "orderType": "kiosk"}}}
{"_id": "fae23d9e-53c8-11ea-9587-b88a60e194fb", "timestamp": "2020-02-08T15:51:36.000Z", "eventType": "transaction", "_adobeamericaspot3": {"CRMID": "crmid:3054248449", "orderDetails": {"orderID": "orderid:884425", "reservationid": "LE4-OFCN", "orderType": "website"}}}
{"_id": "fae32824-53c8-11ea-9577-b88a60e194fb", "timestamp": "2020-01-20T01:13:41.000Z", "eventType": "transaction", "_adobeamericaspot3": {"CRMID": "crmid:7931042108", "orderDetails": {"orderID": "orderid:940940", "reservationid": "VTM-3O4N", "orderType": "website"}}}
{"_id": "fae4126e-53c8-11ea-98d8-b88a60e194fb", "timestamp": "2019-12-01T16:41:45.000Z", "eventType": "transaction", "_adobeamericaspot3": {"CRMID": "crmid:4024546366", "orderDetails": {"orderID": "orderid:902456", "reservationid": "CEZ-U8X7", "orderType": "website"}}}
{"_id": "fae5229c-53c8-11ea-9732-b88a60e194fb", "timestamp": "2020-02-06T04:07:53.000Z", "eventType": "transaction", "_adobeamericaspot3": {"CRMID": "crmid:1281369368", "orderDetails": {"orderID": "orderid:550856", "reservationid": "MKK-MXFY", "orderType": "call center"}}}
{"_id": "fae633f4-53c8-11ea-8415-b88a60e194fb", "timestamp": "2020-01-04T18:35:20.000Z", "eventType": "transaction", "_adobeamericaspot3": {"CRMID": "crmid:2200208801", "orderDetails": {"orderID": "orderid:179218", "reservationid": "DH1-K6X0", "orderType": "kiosk"}}}
{"_id": "fae76dc0-53c8-11ea-98e8-b88a60e194fb", "timestamp": "2019-12-11T19:08:22.000Z", "eventType": "transaction", "_adobeamericaspot3": {"CRMID": "crmid:9374896109", "orderDetails": {"orderID": "orderid:584077", "reservationid": "UTC-3WGB", "orderType": "mobile"}}}
{"_id": "fae8310a-53c8-11ea-ac78-b88a60e194fb", "timestamp": "2019-12-27T15:34:46.000Z", "eventType": "transaction", "_adobeamericaspot3": {"CRMID": "crmid:8173384643", "orderDetails": {"orderID": "orderid:938855", "reservationid": "VBR-QJGS", "orderType": "website"}}}
{"_id": "fae9427e-53c8-11ea-b833-b88a60e194fb", "timestamp": "2020-02-13T19:33:34.000Z", "eventType": "transaction", "_adobeamericaspot3": {"CRMID": "crmid:8512223739", "orderDetails": {"orderID": "orderid:377181", "reservationid": "ACZ-YO0B", "orderType": "kiosk"}}}
{"_id": "faea2cde-53c8-11ea-a41f-b88a60e194fb", "timestamp": "2020-01-12T17:47:12.000Z", "eventType": "transaction", "_adobeamericaspot3": {"CRMID": "crmid:6300806679", "orderDetails": {"orderID": "orderid:171231", "reservationid": "KVQ-JTGX", "orderType": "mobile"}}}
{"_id": "faea53fa-53c8-11ea-96cd-b88a60e194fb", "timestamp": "2020-01-16T00:00:00.000Z", "eventType": "transaction", "_adobeamericaspot3": {"CRMID": "crmid:6300806679", "orderDetails": {"orderID": "orderid:188548", "reservationid": "JRW-DDLF", "orderType": "website"}}}
{"_id": "faeb3d1c-53c8-11ea-89a0-b88a60e194fb", "timestamp": "2020-02-06T07:30:48.000Z", "eventType": "transaction", "_adobeamericaspot3": {"CRMID": "crmid:2818962868", "orderDetails": {"orderID": "orderid:739337", "reservationid": "GQB-3JZT", "orderType": "website"}}}
{"_id": "faec277a-53c8-11ea-9847-b88a60e194fb", "timestamp": "2020-02-13T11:45:07.000Z", "eventType": "transaction", "_adobeamericaspot3": {"CRMID": "crmid:1338637101", "orderDetails": {"orderID": "orderid:507366", "reservationid": "C1B-AR6R", "orderType": "call center"}}}
{"_id": "faed11d8-53c8-11ea-a717-b88a60e194fb", "timestamp": "2020-01-01T21:07:33.000Z", "eventType": "transaction", "_adobeamericaspot3": {"CRMID": "crmid:1986685951", "orderDetails": {"orderID": "orderid:748848", "reservationid": "WHE-2RVN", "orderType": "kiosk"}}}
{"_id": "faee2346-53c8-11ea-95e3-b88a60e194fb", "timestamp": "2019-12-13T10:09:46.000Z", "eventType": "transaction", "_adobeamericaspot3": {"CRMID": "crmid:9895893493", "orderDetails": {"orderID": "orderid:301636", "reservationid": "6HS-VMBM", "orderType": "website"}}}
{"_id": "faef0db0-53c8-11ea-a2b9-b88a60e194fb", "timestamp": "2019-12-29T17:35:27.000Z", "eventType": "transaction", "_adobeamericaspot3": {"CRMID": "crmid:5856539635", "orderDetails": {"orderID": "orderid:226930", "reservationid": "BBC-23MH", "orderType": "kiosk"}}}
{"_id": "faeff80a-53c8-11ea-84f8-b88a60e194fb", "timestamp": "2020-01-01T20:52:20.000Z", "eventType": "transaction", "_adobeamericaspot3": {"CRMID": "crmid:9010422567", "orderDetails": {"orderID": "orderid:666119", "reservationid": "FWG-NDKQ", "orderType": "kiosk"}}}
{"_id": "faf10968-53c8-11ea-828a-b88a60e194fb", "timestamp": "2020-01-22T07:12:36.000Z", "eventType": "transaction", "_adobeamericaspot3": {"CRMID": "crmid:8325984788", "orderDetails": {"orderID": "orderid:883010", "reservationid": "4LS-OW9Q", "orderType": "call center"}}}
{"_id": "faf1ccca-53c8-11ea-9603-b88a60e194fb", "timestamp": "2019-12-31T05:47:03.000Z", "eventType": "transaction", "_adobeamericaspot3": {"CRMID": "crmid:5478811642", "orderDetails": {"orderID": "orderid:738835", "reservationid": "PM9-ZJ02", "orderType": "call center"}}}
{"_id": "faf2de34-53c8-11ea-b89e-b88a60e194fb", "timestamp": "2020-02-09T09:10:12.000Z", "eventType": "transaction", "_adobeamericaspot3": {"CRMID": "crmid:2724782603", "orderDetails": {"orderID": "orderid:764788", "reservationid": "DO4-JORN", "orderType": "website"}}}
{"_id": "faf3efa8-53c8-11ea-acad-b88a60e194fb", "timestamp": "2020-01-20T19:17:23.000Z", "eventType": "transaction", "_adobeamericaspot3": {"CRMID": "crmid:6231947504", "orderDetails": {"orderID": "orderid:598452", "reservationid": "OB2-VP8R", "orderType": "website"}}}
{"_id": "faf4da0a-53c8-11ea-894b-b88a60e194fb", "timestamp": "2020-02-04T00:29:03.000Z", "eventType": "transaction", "_adobeamericaspot3": {"CRMID": "crmid:6031926399", "orderDetails": {"orderID": "orderid:306467", "reservationid": "2JN-OPSD", "orderType": "kiosk"}}}
{"_id": "faf5eb74-53c8-11ea-82b4-b88a60e194fb", "timestamp": "2020-01-14T13:36:03.000Z", "eventType": "transaction", "_adobeamericaspot3": {"CRMID": "crmid:7891432449", "orderDetails": {"orderID": "orderid:252838", "reservationid": "HWZ-HCDJ", "orderType": "call center"}}}
{"_id": "faf6d5d8-53c8-11ea-9a6d-b88a60e194fb", "timestamp": "2019-12-31T18:52:02.000Z", "eventType": "transaction", "_adobeamericaspot3": {"CRMID": "crmid:6126918350", "orderDetails": {"orderID": "orderid:977671", "reservationid": "LW3-ORTR", "orderType": "website"}}}
{"_id": "faf7992c-53c8-11ea-91c9-b88a60e194fb", "timestamp": "2020-01-05T18:14:22.000Z", "eventType": "transaction", "_adobeamericaspot3": {"CRMID": "crmid:6804545426", "orderDetails": {"orderID": "orderid:228268", "reservationid": "XB6-NZDR", "orderType": "call center"}}}
{"_id": "faf8d2e2-53c8-11ea-b547-b88a60e194fb", "timestamp": "2019-12-17T10:36:19.000Z", "eventType": "transaction", "_adobeamericaspot3": {"CRMID": "crmid:2259260869", "orderDetails": {"orderID": "orderid:879871", "reservationid": "GAP-LGG1", "orderType": "website"}}}
{"_id": "faf99636-53c8-11ea-8edd-b88a60e194fb", "timestamp": "2020-02-16T01:14:55.000Z", "eventType": "transaction", "_adobeamericaspot3": {"CRMID": "crmid:7286319433", "orderDetails": {"orderID": "orderid:207526", "reservationid": "ASN-Y1WF", "orderType": "website"}}}
{"_id": "fafa8090-53c8-11ea-a925-b88a60e194fb", "timestamp": "2019-12-25T17:47:04.000Z", "eventType": "transaction", "_adobeamericaspot3": {"CRMID": "crmid:7977310937", "orderDetails": {"orderID": "orderid:340578", "reservationid": "S9X-H0BX", "orderType": "kiosk"}}}
