crmid,email,first_name,last_name,gender,mobile telephone,city,country,zip,state,street address,birthday,historicalpoints
crmid:9689706921,octachord2006@yandex.com,Maria,Wolf,,559-343-1889,Lockport,United States,68089,Vermont,944 Pennington,1983-11-17,2018
crmid:9209302946,undog1854@live.com,Kasey,Floyd,,021-641-2500,Jupiter,United States,49629,Vermont,139 Cleveland,1976-08-02,600
crmid:9014432950,adorn1866@live.com,Ramiro,Pittman,,765-173-8908,Marion,United States,53834,Nevada,266 Kramer,1987-09-28,376
crmid:7428128473,irresponsible1831@yandex.com,Carson,Waters,male,822-603-5031,San Luis,United States,80208,Maine,492 Marine,1932-02-08,1642
crmid:3113007539,discontiguity2054@yandex.com,Lyman,Hurley,,411-685-4246,Mountain Brook,United States,98886,Wisconsin,767 Boylston,1994-08-27,350
crmid:2376243079,transportables2024@live.com,Bernard,Alvarado,male,859-728-7855,Bridgeton,United States,04688,North Carolina,434 Safira,1941-01-01,1163
crmid:9171302292,unties2041@outlook.com,Sharilyn,Patterson,female,344-334-8482,Colton,United States,45493,New Jersey,962 Brookdale,1949-08-23,2797
crmid:1378000828,naphthoxide2004@yandex.com,Coy,Harrington,,547-291-5480,Jefferson City,United States,62631,Oklahoma,761 Parque,1975-11-13,1859
crmid:8671998220,downtown1925@gmail.com,Lane,Dixon,,001-413-1179,Lake Oswego,United States,48958,Kansas,633 Ashbury,1980-07-21,2793
crmid:1974175589,sovite2027@live.com,Anya,Wyatt,female,388-861-8840,Erlanger,United States,70464,Massachusetts,639 Alta Mar,1960-12-01,2180
crmid:9840484246,ahead2010@live.com,Davis,Dawson,male,273-917-8380,Tracy,United States,81747,Nebraska,461 Diana,1945-03-08,2760
crmid:6512905988,forerank1988@yahoo.com,Kelley,Kane,,776-317-1411,Norwood,United States,42132,Mississippi,1364 Auburn,1986-11-07,1361
crmid:5234424690,apraxia1885@yandex.com,Delmer,Guy,,840-829-0026,SeaTac,United States,43121,New Mexico,143 Lane,1988-02-12,1193
crmid:6667922321,architraves1871@yandex.com,Sulema,Shepard,female,560-063-5336,Tyler,United States,64196,South Carolina,77 Pixley,1960-08-27,649
crmid:2122683228,toelike1847@yahoo.com,Alonso,Herman,male,994-531-8279,Central Falls,United States,02099,New Mexico,1061 Page,1945-01-13,1765
crmid:7413983217,feedbacks1894@yandex.com,Dante,Arnold,,978-360-1193,Frisco,United States,83930,Arkansas,871 Faxon,1964-10-10,1421
crmid:1123643566,appliable1822@outlook.com,Lili,York,female,818-277-9401,Fairview Heights,United States,36075,Kansas,766 Gates,1961-05-21,2382
crmid:3578653805,quackster1923@yahoo.com,Benito,Banks,,424-112-7154,Oxnard,United States,84400,Kansas,986 Newman,1969-08-16,685
crmid:4386665057,tariff1945@outlook.com,Norbert,Koch,male,293-696-2981,Brownwood,United States,64688,North Carolina,584 Ware,1942-10-14,2850
crmid:1687302652,brownlee2029@yandex.com,Colin,Gilliam,,407-033-4025,Munster,United States,30832,Hawaii,1059 Polaris,1994-07-13,808
crmid:6880148427,outdodges1841@yahoo.com,Rodrick,Orr,,768-046-8716,Monterey Park,United States,87994,Utah,549 Irving,1992-10-24,1434
crmid:5662401557,differentiator1969@live.com,Chas,Robertson,,253-281-7789,Missouri City,United States,84477,Georgia,1364 Laguna Honda,1992-08-05,1503
crmid:6018327435,executed2037@outlook.com,Houston,Ashley,,021-619-6517,Pittsfield,United States,28290,South Dakota,113 Sansome,1967-03-29,1448
crmid:2717262669,reelect1944@live.com,Miquel,Reilly,male,856-289-7247,Brockton,United States,46482,Kansas,1307 Junipero Serra,1941-07-24,2780
crmid:2872493972,boose1940@yahoo.com,Erick,Oliver,,804-691-0357,Yuma,United States,87841,Louisiana,564 Melba,1991-07-28,1116
crmid:6268209065,canaller1845@yandex.com,Connie,Cook,male,695-715-2842,Burbank,United States,11033,Alabama,448 Taber,1942-02-07,669
crmid:6588349550,capitalism1895@yahoo.com,Meggan,Rose,female,068-356-9844,Durango,United States,39310,South Carolina,1221 Nahua,1956-06-25,2142
crmid:3249588110,vandalic1898@outlook.com,Hye,Cherry,female,552-859-4905,Elyria,United States,27894,Wyoming,31 Wood,1959-04-06,2979
crmid:2159959812,frog2028@gmail.com,Dwana,O'brien,female,405-742-0473,Daly City,United States,96862,Arizona,1122 Pretor,1952-03-22,1124
crmid:7738674054,bilayer2035@gmail.com,Bernie,Hays,female,464-215-5655,Davis,United States,85004,New York,979 Friendship,1953-11-19,2534
crmid:1054783441,clemens1885@live.com,Garland,Velazquez,male,290-102-0868,San Mateo,United States,92487,Hawaii,473 Amador,1939-04-29,2850
crmid:4378601713,delectated1995@outlook.com,Bryant,Weeks,male,542-791-2380,Beavercreek,United States,09072,Michigan,1131 Kensington,1937-02-18,2675
crmid:8648417595,resectional1971@live.com,Noel,Peters,,979-167-1522,Pinole,United States,37897,Texas,861 Rausch,1977-01-23,366
crmid:5582459227,jebus2043@gmail.com,Kristopher,Welch,,628-041-2304,Post Falls,United States,78423,Colorado,975 Scenic,1985-12-15,2858
crmid:8276528221,hyperpersonal1859@yahoo.com,Season,Michael,female,804-662-3191,Douglasville,United States,46214,Massachusetts,1175 Adolph Sutro,1955-08-20,678
crmid:7391569578,chavender1881@yandex.com,Reynaldo,Vazquez,male,808-176-1068,Bessemer,United States,99937,California,99 De Long,1938-08-29,1266
crmid:8044384854,dacryoadenitis1919@live.com,Cyrus,Fitzgerald,,489-020-3904,Rowlett,United States,46629,Maine,480 Palo Alto,1986-06-20,1429
crmid:1800026028,computerise1890@yahoo.com,Guillermo,Banks,male,327-145-1513,Bedford,United States,90821,Montana,1230 Hollywood,1937-04-02,400
crmid:2561181240,corporations1929@live.com,Salvatore,Hood,,097-629-7765,Fishers,United States,17482,Alabama,1327 Walbridge,1962-03-10,419
crmid:1461788142,antelope2019@yandex.com,Kermit,Watts,,537-148-0629,South Jordan,United States,20969,Missouri,883 Rayburn,1967-06-02,1163
crmid:3364375693,decolor1952@yandex.com,Sol,Jackson,male,477-015-1600,Beverly Hills,United States,64124,Vermont,374 Argent,1939-11-17,2529
crmid:5691697619,croci2057@yahoo.com,Otis,Wells,,026-164-4441,Highland Park,United States,72142,North Carolina,173 Jerrold,1971-12-31,1584
crmid:4519545689,arienzo1956@yandex.com,Glynis,Vega,female,319-744-4318,Eagle Pass,United States,59603,Louisiana,248 Cosmo,1956-10-06,1472
crmid:3580569050,everyone1839@gmail.com,Kareem,Horne,,106-713-2149,Winter Haven,United States,41305,Arkansas,1072 Conservatory Access,1988-01-06,2289
crmid:9659796164,resectional2020@outlook.com,Dominque,Hendricks,female,688-810-5186,Ormond Beach,United States,61354,Connecticut,1000 Gold Mine,1951-03-13,1886
crmid:9114746869,underlain1925@yandex.com,Jeramy,Cobb,male,924-579-6788,Rancho Santa Margarita,United States,82271,Indiana,915 Banbury,1940-05-06,2698
crmid:6524091236,pinwheel2021@gmail.com,Janee,Mckenzie,female,532-837-7977,Wayne,United States,62704,North Carolina,619 Pinar,1948-04-19,1818
crmid:6567583904,cornflake1976@gmail.com,Nathaniel,Baldwin,,479-282-5823,White Plains,United States,40724,Arizona,705 Ezekiel,1983-09-02,2178
crmid:3793807401,chunmei1993@yahoo.com,Miles,Riley,,682-539-9014,Kansas City,United States,46754,Maine,851 Northwood,1976-08-27,2255
crmid:1820743121,epicentral1911@outlook.com,Yvone,Lloyd,female,190-929-3651,Easton,United States,58062,South Dakota,1357 Eaton,1957-09-17,1556
crmid:6586131538,eliminator2027@gmail.com,Tatyana,Rivas,female,260-064-8553,Easton,United States,77500,Arkansas,171 Howth,1957-12-16,1711
crmid:8986718430,tawer2023@live.com,Voncile,Richard,female,905-040-9908,South San Francisco,United States,17783,Nevada,1166 Burr,1951-09-24,1084
crmid:8379833283,planarian2024@outlook.com,Cory,Contreras,,603-502-5537,Lufkin,United States,11183,New Hampshire,144 Majestic,1985-02-08,2827
crmid:2245806663,dined1931@live.com,Loris,Lawson,female,593-008-4569,Chowchilla,United States,75779,Michigan,796 Attridge,1947-12-11,1393
crmid:9839472597,squibling1837@yandex.com,Sulema,Hines,female,636-671-3303,Cincinnati,United States,84313,South Dakota,1237 Kate,1947-08-14,2290
crmid:7090271952,egret1935@gmail.com,Willard,Finley,male,037-073-9506,Carson,United States,57070,Illinois,1100 Calvert,1944-10-09,2614
crmid:6074470179,consultary1922@live.com,Milo,Holman,,091-084-0511,Hilliard,United States,60442,Arizona,207 North,1972-12-10,2692
crmid:9167509245,bartram1871@gmail.com,Louis,Glover,male,634-080-8264,Brunswick,United States,39151,North Carolina,639 Morton,1942-06-11,2390
crmid:5530421644,douping2017@yahoo.com,Erwin,Hayes,male,535-912-5136,Southlake,United States,85013,Nevada,1048 Hamerton,1998-09-26,1335
crmid:4011361064,succursal1898@live.com,Ervin,Hodges,,448-062-7632,La Vista,United States,15918,Montana,961 Fontinella,1979-03-12,2412
crmid:6127376343,barnacle1952@live.com,Rayford,Foley,male,920-115-6644,Bridgeport,United States,74863,Maine,163 Genebern,1941-12-15,2703
crmid:6384338124,gloamings1865@live.com,Kory,Potter,male,153-019-4789,Tigard,United States,07472,Wyoming,137 Oak Hills,1939-06-23,2235
crmid:9640624940,dalt1905@live.com,Antwan,Harding,,161-629-9348,Logan,United States,36373,New Mexico,423 Dashiell Hammett,1983-05-20,1544
crmid:3020332068,intersoil1970@live.com,Darin,Sanders,,165-994-0841,Wyandotte,United States,49347,Maryland,1252 Mary Teresa,1992-10-12,1673
crmid:6476956892,jaborin1833@outlook.com,Enda,Freeman,female,827-157-6737,West Lafayette,United States,87635,California,186 Blandy,1960-11-05,830
crmid:9209395947,groten2017@live.com,Domitila,Gonzales,female,909-799-3925,Warren,United States,27144,Delaware,270 Alana,1957-10-23,315
crmid:3927671445,creecy1925@outlook.com,Kelsie,Robinson,female,681-114-8086,Cheyenne,United States,57658,Florida,189 De Wolf,1947-10-09,842
crmid:8623179360,snowdrops1918@yandex.com,Lincoln,Garner,,489-687-2379,Milwaukie,United States,63638,New York,838 Hardie,1991-12-19,928
crmid:9867616236,lithosol1932@live.com,Reyes,Mosley,male,281-550-8356,Brigham City,United States,76495,Hawaii,338 Mississippi,1941-08-21,2499
crmid:6480185289,billowy2017@live.com,Ricky,Pacheco,male,213-941-8108,Walla Walla,United States,06466,Nevada,495 Armstrong,1934-08-22,1894
crmid:9244541458,suedes2052@yandex.com,Fletcher,Reyes,male,787-827-5506,Bettendorf,United States,92296,New York,964 Desmond,1938-10-07,892
crmid:6612459401,methylglyoxal2046@outlook.com,Scott,Roy,,793-452-7662,Vancouver,United States,45559,Pennsylvania,113 Malta,1992-06-19,315
crmid:7420667669,sensoparalysis2019@live.com,Kourtney,Schultz,female,993-454-4183,San Juan,United States,28767,Colorado,189 Montecito,1961-05-26,348
crmid:9439031972,assimilate2042@yandex.com,Horace,Johnston,,876-830-4842,Lorain,United States,56841,New Mexico,436 Eureka,1984-09-02,1146
crmid:7526948344,subplantigrade1985@gmail.com,Duncan,Cole,,695-475-9441,Northampton,United States,62181,Virginia,133 Moultrie,1999-11-11,2878
crmid:7372273060,porkpie1813@gmail.com,Shemika,Donaldson,female,491-761-8200,Oakland Park,United States,22904,California,396 Crestlake,1960-08-08,1217
crmid:1858081871,cherimoya1925@gmail.com,Josue,Caldwell,male,239-273-4442,Bozeman,United States,37564,Maryland,631 Harry,1940-06-05,2701
crmid:7788300549,aissaoua1982@outlook.com,Wilbur,Dunn,,556-578-9032,Sebastian,United States,94156,Montana,1209 Montezuma,1979-08-19,2879
crmid:4722464193,baklavas2007@yahoo.com,Maia,Flynn,female,837-059-4602,Evergreen Park,United States,32598,Tennessee,817 Greely,1960-06-10,534
crmid:8945042220,blazon1960@outlook.com,Donovan,Shannon,,341-223-6645,Newark,United States,44188,Massachusetts,701 Truett,1997-08-19,1702
crmid:7814448121,tuke1984@yandex.com,Florencia,Stein,female,619-605-9270,Durant,United States,16423,Kentucky,1311 Encline,1956-03-28,787
crmid:5779082661,murmuringly1913@gmail.com,Raleigh,Nieves,male,375-273-6123,Bourbonnais,United States,84624,Minnesota,1138 Raccoon,1940-08-21,1786
crmid:8614035886,airtight1808@gmail.com,Micah,Murphy,male,959-987-2655,Carlisle,United States,40909,North Dakota,1353 Bernard,1944-07-21,861
crmid:6402251702,acanthurus2008@yahoo.com,Sherly,Newman,female,822-354-7406,Oak Harbor,United States,16248,Indiana,745 Lake Merced,1953-08-21,1590
crmid:4071804088,scapulopexy1842@yahoo.com,Harlan,Dotson,,955-481-5736,San Marcos,United States,79112,Mississippi,169 Van Ness,1982-09-06,1728
crmid:3337190886,originally1975@outlook.com,Ivana,French,female,438-746-4268,Fair Lawn,United States,28532,Hawaii,78 Lily,1960-04-10,2062
crmid:7634779436,alogism2061@live.com,Genevie,Hodges,female,574-623-9232,Corvallis,United States,14969,Illinois,709 Pizarro,1951-03-14,343
crmid:7457920742,birthing1895@gmail.com,Olene,Ware,female,473-487-5653,El Paso,United States,79231,South Dakota,469 Music Concourse,1958-12-13,1421
crmid:9892826403,trypaneidae2011@yandex.com,Dan,Blanchard,female,111-457-5600,Corvallis,United States,12411,Illinois,12 Progress,1951-02-03,2825
crmid:6338748914,decking1802@yahoo.com,Jamison,Walter,,679-992-0445,San Jose,United States,49886,Massachusetts,581 Northwood,1983-04-27,1190
crmid:2707085369,erroll1860@outlook.com,Raymond,Daniels,,550-900-1968,Menlo Park,United States,66754,Ohio,241 Colton,1989-11-23,1672
crmid:6493008933,enchanter1856@outlook.com,Twana,Powell,female,340-694-5087,Warren,United States,68656,Delaware,432 Coldspring,1994-10-05,431
crmid:1293958187,bewitching2060@yandex.com,Wilfredo,Steele,,709-992-6650,Stanton,United States,60468,Georgia,1298 Vinton,1978-01-28,511
crmid:9684997020,mustered2036@gmail.com,Lore,Rodriguez,female,632-538-6695,Evansville,United States,57146,Missouri,418 Cardenas,1960-10-11,2688
crmid:1935153684,documented1882@yandex.com,Elroy,Rogers,male,642-667-5895,Bethel Park,United States,11164,Maine,1298 Shields,1938-03-25,2196
crmid:9724482587,thermoplastics1966@outlook.com,Robert,Bartlett,male,597-774-6238,Xenia,United States,86453,North Carolina,624 Miley,1941-11-27,1753
crmid:9758545939,inexplicit1939@live.com,Kareem,Potter,,836-298-0003,Mobile,United States,25722,Arkansas,624 Mcallister,1992-04-03,2572
crmid:9813876064,undermarshalmen1975@gmail.com,Un,Greer,female,037-246-5523,South Salt Lake,United States,13880,Minnesota,526 Lippard,1954-09-12,327
crmid:9392297000,eurytropic1983@outlook.com,Brett,Medina,male,225-909-6163,Ontario,United States,00532,Louisiana,296 Upton,1940-02-20,2704
crmid:6585477872,grunting1868@yahoo.com,Chong,Rich,,580-844-5782,Martinez,United States,04872,Florida,1111 Mangels,1987-01-28,381
crmid:2477211747,explorations1831@gmail.com,Rupert,French,male,729-121-2538,Belle Glade,United States,93730,South Dakota,550 Rosenkranz,1937-08-10,488
crmid:8790180855,cabinda1935@live.com,Bradly,Lawrence,,034-047-4968,Havelock,United States,11099,Oregon,912 Jack Kerouac,1970-04-28,596
crmid:1408652205,imbrices1807@live.com,Stacey,Thompson,male,158-888-2546,Bonita Springs,United States,58501,Oklahoma,882 Fenton,1940-10-17,1184
crmid:8443449701,burel1883@yandex.com,Aubrey,Cortez,male,431-039-1482,Palm Bay,United States,00821,Maine,192 Rondel,1931-12-02,1602
crmid:9501504049,cow1990@gmail.com,Ambrose,Cruz,male,879-155-1903,Billings,United States,00647,Kansas,478 Forest Side,1939-01-07,1180
crmid:5986499439,welcome1916@yandex.com,Taisha,Morales,female,110-178-8507,Clearfield,United States,86132,Texas,382 Emerald,1948-08-20,1790
crmid:6077108196,antuan1861@gmail.com,Guillermo,Pittman,male,642-587-9908,Bloomington,United States,20164,Louisiana,1218 Brookhaven,1939-04-23,2679
crmid:5027601280,jotisi1928@yandex.com,Luciano,Stafford,male,068-161-2166,Norco,United States,13222,Texas,92 Dove,1998-02-12,2857
crmid:7634469686,amarelle1985@yandex.com,Johanne,O'brien,female,479-240-0407,Norwich,United States,16882,Connecticut,644 Excelsior,1999-03-08,2774
crmid:7547160589,unstoicize1849@outlook.com,Yoshie,Kidd,female,720-454-1636,San Gabriel,United States,95578,Oregon,503 Hayward,1946-09-16,516
crmid:2496284571,cocker1999@live.com,Tamisha,Clark,female,646-499-7887,Dayton,United States,61357,Washington,974 Kissling,1953-12-16,2463
crmid:8131282152,arbacia1815@yahoo.com,Savanna,Luna,female,795-453-4932,Tulare,United States,67753,Alaska,548 Illinois,1950-12-23,2233
crmid:1011096140,arriba1904@yahoo.com,Bill,Bailey,male,015-502-8811,Cartersville,United States,08168,Hawaii,1067 Valparaiso,1944-01-01,1644
crmid:2305404025,breathless1912@live.com,Roderick,Hayes,,085-937-0938,Kansas City,United States,23746,Colorado,452 Yukon,1976-05-02,1806
crmid:7812077791,intertrigo1871@yahoo.com,Broderick,Harmon,male,639-466-7376,Asheboro,United States,93003,Ohio,890 Marston,1934-02-13,2318
crmid:1662414743,alexis1940@outlook.com,Buford,Rios,male,845-942-9711,Prescott,United States,99797,Louisiana,850 Eddy,1943-02-25,343
crmid:7725088203,formaldehyd2051@live.com,Andre,Hunter,,554-283-8440,Morgan Hill,United States,56490,New Jersey,1007 Juri,1993-09-14,2746
crmid:6767521436,pirogue2011@gmail.com,Harley,Barron,male,431-603-0584,Big Spring,United States,80072,Wisconsin,913 Lyell,1939-04-02,300
crmid:9287413328,religiousness1991@yandex.com,Emmitt,Boyer,male,726-728-6826,Boynton Beach,United States,71761,Mississippi,1305 Gaiser,1940-12-25,2999
crmid:5046399426,crony1814@yandex.com,Erich,Mullen,,318-804-6889,Haltom City,United States,52518,Vermont,421 Edie,1969-09-28,1367
crmid:5777668153,malik2059@outlook.com,Iluminada,Huffman,female,880-159-8700,Dinuba,United States,25712,Maine,1162 Belden,1955-04-15,818
crmid:4593494859,binghi1878@gmail.com,Sandy,Austin,,172-094-8634,Terre Haute,United States,50208,Wisconsin,7 Bocana,1964-01-03,1582
crmid:4342452957,dinner1953@gmail.com,Clay,Key,,289-775-6432,Marana,United States,59407,California,5 Leidesdorff,1986-10-09,2341
crmid:7406342624,estevam1870@yahoo.com,Hipolito,Medina,male,702-830-6786,Rochester,United States,15117,Arizona,923 Holland,1943-05-20,1571
crmid:4250872374,bedlamic1881@gmail.com,Retta,Bernard,female,586-975-0933,Parma,United States,59069,Oregon,33 Upland,1957-07-03,2280
crmid:4604160232,pewit2056@gmail.com,Jeffry,Holloway,,876-303-8655,Riverbank,United States,44164,Minnesota,855 Stoneybrook,1987-12-15,1683
crmid:4256585191,milliweber1928@outlook.com,Yang,Flores,female,339-182-7027,Derby,United States,62388,Kentucky,637 Hays,1954-10-18,718
crmid:6490167232,mothball1948@gmail.com,Abel,Chandler,,272-444-5206,Mayfield Heights,United States,94919,New Mexico,537 Lakeview,1988-05-16,2089
crmid:3563003249,dismember1858@live.com,Hilario,Faulkner,male,617-009-7119,Westfield,United States,02841,Rhode Island,309 Lendrum,1932-05-09,1461
crmid:2516889226,dismember1851@outlook.com,Benny,Kim,,745-339-6405,Leavenworth,United States,14442,Pennsylvania,1141 Roosevelt,1981-03-07,1482
crmid:1457532776,bobby1893@gmail.com,Queenie,Whitfield,female,711-646-9848,Wausau,United States,19017,Hawaii,283 Blanche,1952-07-31,2594
crmid:6439876585,milliweber1954@outlook.com,Rueben,Greene,,368-751-9646,Lawndale,United States,24393,Oregon,279 Newton,1981-05-14,560
crmid:4097646942,amaranthine1927@yandex.com,Salena,Mosley,female,517-917-2922,Dublin,United States,42251,Washington,437 Elizabeth,1956-08-21,2014
crmid:7281831292,consummately2045@yandex.com,Leigha,Soto,female,818-378-7755,Salt Lake City,United States,72814,Oklahoma,1151 Dirk Dirksen,1954-05-27,2553
crmid:4487389059,deuterostomata1854@live.com,Elvina,Monroe,female,958-588-3383,Revere,United States,11381,Kentucky,784 Tacoma,1947-03-20,1757
crmid:7882817214,freezing2002@gmail.com,Arnold,Gallegos,,344-068-4024,Keller,United States,48696,Massachusetts,79 Argent,1977-08-31,2450
crmid:9603562212,phonetical1811@live.com,Gwenda,Emerson,female,831-408-3365,Newark,United States,76124,Alaska,836 Steuben,1997-12-20,674
crmid:4882280660,kerb1971@live.com,Leo,Abbott,,941-863-3240,Oceanside,United States,70002,Michigan,47 Canyon,1973-01-02,352
crmid:6715532527,consultive1984@yahoo.com,Issac,Guy,,078-018-4454,Stafford,United States,36332,Alabama,47 Beachmont,1975-01-20,2123
crmid:4983798151,septs1892@yahoo.com,Merlin,Roy,,716-898-6583,Little Rock,United States,14721,Washington,266 Evans,1983-03-10,887
crmid:8789617189,beefsteak1809@live.com,Aja,Pearson,female,245-058-7304,Cleburne,United States,04508,Kansas,1001 Soule,1948-01-23,2877
crmid:7851014604,damaged2040@gmail.com,Freddy,Rojas,,418-245-3668,Winter Garden,United States,62527,Wyoming,348 Alameda,1967-01-19,2334
crmid:2800168577,slinking1946@live.com,Toney,Jimenez,,743-733-2015,Huntsville,United States,66754,Maine,894 May,1974-11-06,2728
crmid:1521474952,bathe2052@yandex.com,Marcelo,Carr,,399-102-0457,Lino Lakes,United States,17172,Alaska,369 Rivera,1983-03-08,652
crmid:5507452885,blinkered2063@outlook.com,Marvin,Bell,,895-277-6705,Horn Lake,United States,44705,South Carolina,57 Thor,1973-08-10,1266
crmid:6229224579,awesome1911@outlook.com,Jonah,Vaughn,male,674-432-5171,Alvin,United States,39866,North Dakota,446 Ringold,1932-05-29,1252
crmid:7796894561,alveolate1899@yandex.com,Naoma,Lawrence,female,452-260-9440,San Luis,United States,82311,New York,1202 Newburg,1958-10-13,2324
crmid:1412546592,doodad1924@yahoo.com,Pete,Hancock,,522-849-9164,Macon,United States,00663,Arkansas,94 Highland,1985-02-01,1685
crmid:1974166620,sunshiny1920@yandex.com,Nelson,Preston,male,948-390-3013,Riverton,United States,07152,Virginia,66 Potomac,1940-07-24,2911
crmid:1769922605,plasmic2059@outlook.com,Domenic,Slater,,509-905-6949,Wooster,United States,38385,North Carolina,1215 Kittredge,1969-06-28,2731
crmid:6547909211,religion1941@yahoo.com,Lynell,Schultz,female,538-602-5108,Charleston,United States,39964,New Hampshire,1334 Newman,1946-06-26,1068
crmid:3972046502,blackleg2066@yandex.com,William,Mayer,,184-047-1996,Tarpon Springs,United States,63865,Hawaii,1096 Transbay Hump,1979-08-27,1736
crmid:6075799332,angelship2031@gmail.com,Jarrett,Cruz,male,745-584-5214,Scarsdale,United States,56280,New Hampshire,420 Gladstone,1995-01-22,1398
crmid:6668939577,verdurer1849@yahoo.com,Kindra,Garrett,female,741-867-1929,Panama City,United States,23170,West Virginia,850 Mandalay,1957-05-11,983
crmid:2207751144,tires1856@outlook.com,Kareem,Singleton,male,007-527-1992,Bethel Park,United States,35880,California,1045 Mccarthy,1938-06-27,2912
crmid:3402208339,patness1868@gmail.com,Buddy,Mayer,,458-609-7916,Salt Lake City,United States,61307,Wisconsin,191 Cyrus,1985-02-25,804
crmid:8577694953,salar1935@live.com,Hyun,Rowland,female,874-100-6243,Taylor,United States,17787,Virginia,957 Seacliff,1950-04-25,1740
crmid:3221266224,electrified1967@yahoo.com,Morris,Higgins,male,738-324-9112,Oregon City,United States,07433,Idaho,1172 Montgomery,1938-12-25,1906
crmid:8160797577,collegium1929@outlook.com,Lakiesha,Randolph,female,717-731-9551,Elizabeth City,United States,26527,Hawaii,1353 Adam,1959-05-24,2415
crmid:6802554724,stowdown2007@live.com,Hyman,Mcclure,,291-728-2046,Rocky River,United States,93454,Nevada,243 Perry,1976-06-16,1842
crmid:8242969345,offside2049@live.com,Oscar,Mcbride,female,340-816-6134,Oshkosh,United States,76344,New York,913 Ozbourn,1950-07-19,2959
crmid:2984993276,counterdistinct2055@yahoo.com,Dennis,Jefferson,,486-026-3512,Pine Bluff,United States,21943,Georgia,1021 Vesta,1965-06-06,820
crmid:1322679966,hastings1939@outlook.com,Ollie,Carroll,,583-756-8437,Marshfield,United States,32197,New York,1016 Zeno,1987-06-07,2026
crmid:8281289874,iters1981@outlook.com,Gordon,Small,male,765-924-0882,Buffalo,United States,29137,Tennessee,217 Valletta,1942-04-27,2190
crmid:5976789709,ambushes1881@yahoo.com,Fred,Espinoza,male,807-865-6025,Bangor,United States,22180,Washington,1363 Maxwell,1936-04-09,2777
crmid:7044172187,caterina1844@outlook.com,Crissy,Stevenson,female,375-225-5693,Wellington,United States,61503,Vermont,1094 Forest Side,1960-02-28,1262
crmid:7780590995,yucca1904@outlook.com,Val,Harris,,820-109-5544,Grand Rapids,United States,70566,Texas,318 Garrison,1967-12-11,1367
crmid:3113251235,adriaan2039@outlook.com,Dante,Roberson,male,141-935-7462,Wheat Ridge,United States,71789,Montana,475 Emerson,1944-03-25,2026
crmid:9847712768,consimilating1936@yandex.com,Felipe,Simon,,950-276-4958,Goose Creek,United States,09886,Oregon,51 Lori,1967-02-13,726
crmid:3526986750,corporations1834@outlook.com,Theo,Tucker,female,856-536-4899,Wenatchee,United States,51655,California,1042 San Felipe,1999-03-22,540
crmid:8540729448,cuerda1894@outlook.com,Damian,Malone,male,194-245-7341,Allen Park,United States,85581,Louisiana,1383 Pomona,1931-02-18,1151
crmid:2549700077,femoropopliteal1897@outlook.com,Heidy,Morse,female,673-502-1849,Plainfield,United States,81151,Massachusetts,708 South Park,1996-03-20,2497
crmid:5961830782,qqv1900@yandex.com,Frances,Rosales,male,082-569-0520,Belmont,United States,87168,Montana,801 Carver,1937-04-25,1158
crmid:8978537800,slatemaker1964@live.com,Bernardine,Williams,female,896-506-1939,Dubuque,United States,09683,Michigan,616 Beachmont,1956-01-31,2928
crmid:7753267307,shakable1971@outlook.com,Buck,Barr,,771-792-6828,Parkland,United States,64792,California,1152 Battery Dynamite,1984-12-23,537
crmid:6825002260,daylights2020@live.com,Marquitta,Key,female,374-215-5151,Deltona,United States,83444,North Dakota,1131 Nob Hill,1954-10-12,2978
crmid:4955302317,burgesses2023@yandex.com,Sal,Austin,,250-542-8452,Wyandotte,United States,59555,Texas,895 Donahue,1999-05-19,1962
crmid:2742136450,slavonian2040@outlook.com,Fletcher,Kirby,,528-417-2673,Westfield,United States,75918,New York,1011 Towerside,1971-09-25,1167
crmid:5963319604,militaristic1889@live.com,Salvador,Morton,male,699-664-6137,Placentia,United States,05360,Hawaii,1368 Riverton,1937-09-21,2496
crmid:5335758827,sonorosity2053@gmail.com,Jama,Mendoza,female,059-247-5086,West St. Paul,United States,89227,New York,486 Avenue Of The Palms,1961-04-20,1062
crmid:1274943124,bargeman1819@live.com,Nolan,Dodson,,784-616-6585,Sidney,United States,42446,Arizona,255 Imperial,1987-05-08,652
crmid:6197251342,discussant1876@live.com,Kory,Hays,,885-010-9421,Moscow,United States,35234,Georgia,600 Holloway,1993-06-21,660
crmid:5883984893,jalop2033@live.com,Stewart,Combs,,790-061-7327,Marquette,United States,39194,Wyoming,193 Alberta,1987-06-04,1004
crmid:9892121338,blaze1867@gmail.com,Cyrus,Deleon,,855-969-7806,St. Louis Park,United States,35632,Wyoming,608 Cuvier,1972-10-17,1831
crmid:1618217139,weedlike1813@gmail.com,Kip,Rivera,male,242-756-2812,Belle Glade,United States,78365,Wisconsin,475 Auto,1937-12-20,2953
crmid:1838162902,cameraman1838@outlook.com,Ping,Valenzuela,female,703-338-4289,Cerritos,United States,78470,Virginia,1156 Capistrano,1946-12-14,976
crmid:4745383455,anteal1804@gmail.com,Alfonso,Atkinson,,095-686-6029,Normal,United States,47200,Texas,500 Allston,1998-07-29,1932
crmid:9352786726,ellie2014@outlook.com,Sergio,Bates,,965-711-6623,Fort Lauderdale,United States,57775,Oklahoma,131 Prague,1963-10-01,1087
crmid:6571484391,irradiated1995@yandex.com,Pablo,Mccullough,,981-767-5359,Lincoln,United States,28516,Maryland,482 Emerald,1982-04-07,2190
crmid:9470674676,backspace1901@gmail.com,Jared,Farley,male,761-479-8646,Addison,United States,62274,Illinois,953 Timothy Pflueger,1930-10-10,2044
crmid:6936473153,rafflesia2049@live.com,Terrance,Sherman,,156-326-5924,Great Falls,United States,65705,New York,998 Ogden,1968-12-23,1796
crmid:3333069241,internetwork1851@yahoo.com,Cythia,Thompson,female,202-825-2128,Citrus Heights,United States,19812,California,502 Marengo,1947-02-11,832
crmid:2198321081,assays1813@yandex.com,Allen,Sosa,,646-499-9924,Jeffersontown,United States,72020,Texas,874 Crestlake,1975-12-03,2045
crmid:5978605901,storminess1927@outlook.com,Christoper,Cash,male,229-321-0251,Albuquerque,United States,89192,Maine,553 Rousseau,1931-02-05,354
crmid:5674837682,burry1878@live.com,Graham,Hunt,,112-903-6380,Vestavia Hills,United States,44742,Georgia,369 Bartlett,1992-04-14,1703
crmid:4831442288,prophecy2004@gmail.com,Johnathan,Maddox,male,399-906-0877,Cape Girardeau,United States,65088,Montana,1139 Norton,1944-11-10,551
crmid:3414522384,cranic2049@gmail.com,Toshia,Short,female,681-061-0482,Fairbanks,United States,59289,Texas,365 Emery,1961-09-27,1272
crmid:3379615723,bikini1800@yahoo.com,Hilma,Santana,female,085-200-3179,East Point,United States,12190,North Dakota,752 Storrie,1957-04-26,1170
crmid:1848068448,blabber1887@gmail.com,Michal,Holloway,,497-252-4062,Margate,United States,05401,Nevada,660 Duncombe,1986-02-17,1350
crmid:4279391002,oilfish1812@yandex.com,Ozella,Stewart,female,293-171-5791,El Reno,United States,68439,Maryland,227 Santa Rita,1958-11-13,1621
