id,crmid,propensity_room_upgrade,propensity_extended_nights
orderid:270693,crmid:7132948511,2,4
orderid:563246,crmid:1654182435,6,4
orderid:834642,crmid:5366082538,3,5
orderid:993018,crmid:2578135500,4,4
orderid:602035,crmid:5092395157,3,3
orderid:629011,crmid:5802944418,4,4
orderid:344373,crmid:6108308428,4,4
orderid:818883,crmid:2313784499,4,2
orderid:548491,crmid:1627079873,3,5
orderid:173622,crmid:4554910251,3,5
orderid:593465,crmid:6441399990,9,5
orderid:849398,crmid:8419690288,4,4
orderid:411980,crmid:1476706665,4,4
orderid:140918,crmid:9274003029,2,5
orderid:888417,crmid:9455135101,3,2
orderid:957254,crmid:9292068926,3,4
orderid:244509,crmid:2875567431,3,3
orderid:691065,crmid:4707505064,4,5
orderid:290642,crmid:7282116587,4,4
orderid:289667,crmid:1496684603,4,5
orderid:281434,crmid:7618283330,5,3
orderid:852596,crmid:2096907185,4,4
orderid:146249,crmid:7315472537,3,5
orderid:511926,crmid:1909020793,5,7
orderid:256669,crmid:6876571305,2,5
orderid:438400,crmid:9540579848,4,4
orderid:847152,crmid:6616455150,3,4
orderid:817338,crmid:4407975132,3,6
orderid:602993,crmid:7680281827,4,5
orderid:107987,crmid:5931397803,5,6
orderid:231728,crmid:5365063699,4,4
orderid:807194,crmid:7577295496,3,3
orderid:675061,crmid:1426494874,4,4
orderid:289117,crmid:3033316702,7,4
orderid:974656,crmid:1229777735,4,3
orderid:854362,crmid:1289628009,5,4
orderid:729419,crmid:6581621933,4,5
orderid:915871,crmid:9560716177,6,4
orderid:319687,crmid:5843175964,7,5
orderid:549917,crmid:6914178311,3,4
orderid:525729,crmid:2745372133,4,5
orderid:601069,crmid:8741489792,4,3
orderid:201187,crmid:9903689447,5,8
orderid:433746,crmid:6892625213,10,4
orderid:163873,crmid:2767996131,5,4
orderid:616107,crmid:2718804703,5,3
orderid:241191,crmid:1154701603,4,3
orderid:393183,crmid:8936864380,3,5
orderid:960205,crmid:6629428612,4,4
orderid:106817,crmid:8456217687,4,4
orderid:105216,crmid:4395194735,3,4
orderid:299946,crmid:5783332257,8,4
orderid:115189,crmid:1443117438,5,3
orderid:999486,crmid:8759643381,3,3
orderid:936908,crmid:9491564026,5,9
orderid:356144,crmid:4939705455,3,7
orderid:601939,crmid:7944371041,4,5
orderid:979308,crmid:1265388193,3,5
orderid:678261,crmid:7707096131,5,3
orderid:743241,crmid:8007136940,5,2
orderid:986198,crmid:3996727776,2,3
orderid:294044,crmid:3837030755,4,6
orderid:947443,crmid:6804500806,3,4
orderid:544388,crmid:8279625351,4,2
orderid:845725,crmid:6833132749,4,3
orderid:926190,crmid:1433392042,9,4
orderid:907095,crmid:7044915220,4,4
orderid:161842,crmid:1417612048,6,9
orderid:617861,crmid:2347022932,3,6
orderid:875794,crmid:8298710354,3,3
orderid:620590,crmid:4679104085,4,4
orderid:605348,crmid:1171275449,5,4
orderid:654517,crmid:2334202977,5,4
orderid:397635,crmid:6968460707,3,3
orderid:327126,crmid:8330925436,4,4
orderid:445251,crmid:8167282455,4,5
orderid:772887,crmid:8418183348,6,4
orderid:783404,crmid:5544792696,4,5
orderid:488987,crmid:5393667979,3,7
orderid:647428,crmid:2130445562,5,5
orderid:769145,crmid:8002040732,3,4
orderid:480944,crmid:1837510066,5,2
orderid:876880,crmid:4306572517,3,9
orderid:539428,crmid:1206150048,4,5
orderid:128729,crmid:6186318668,3,3
orderid:281516,crmid:6720752178,3,4
orderid:296696,crmid:8877404059,8,4
orderid:393977,crmid:6641923263,6,4
orderid:102193,crmid:3243479699,2,5
orderid:886725,crmid:9108101270,2,5
orderid:886746,crmid:1451675400,4,9
orderid:752642,crmid:7363269529,4,4
orderid:945782,crmid:7000018780,5,2
orderid:476475,crmid:1528069540,3,4
orderid:504348,crmid:6182755407,4,5
orderid:388634,crmid:7810630434,3,7
orderid:950328,crmid:8035603355,3,3
orderid:620405,crmid:2884917256,9,4
orderid:875000,crmid:2557753479,4,4
orderid:670888,crmid:4954172427,5,4
