id,crmid,propensity_room_upgrade,propensity_extended_nights
ee372f5a-7dd9-11ea-80a1-b88a60e194fb,crmid:5857703982,10,4
ee3a8c7a-7dd9-11ea-a48f-b88a60e194fb,crmid:7880968909,3,9
ee3f475e-7dd9-11ea-ae73-b88a60e194fb,crmid:2972651062,4,4
ee433efa-7dd9-11ea-a0fa-b88a60e194fb,crmid:4692789440,5,4
ee469a6c-7dd9-11ea-906c-b88a60e194fb,crmid:5261153458,6,3
ee4ba36c-7dd9-11ea-8630-b88a60e194fb,crmid:4233055408,8,2
ee4efeac-7dd9-11ea-aa83-b88a60e194fb,crmid:2000509219,3,3
ee523312-7dd9-11ea-b129-b88a60e194fb,crmid:1659829968,4,3
ee5678c0-7dd9-11ea-9596-b88a60e194fb,crmid:9356290532,4,5
ee5f2b5a-7dd9-11ea-b7a0-b88a60e194fb,crmid:2421305972,6,4
ee645b7a-7dd9-11ea-870a-b88a60e194fb,crmid:8923396709,7,8
ee66a554-7dd9-11ea-aab1-b88a60e194fb,crmid:1405602792,3,5
ee69d9ba-7dd9-11ea-8873-b88a60e194fb,crmid:2808710430,4,3
ee6cbfd8-7dd9-11ea-bdf4-b88a60e194fb,crmid:1651679006,4,5
ee704234-7dd9-11ea-b2ad-b88a60e194fb,crmid:7520249153,2,5
ee73769a-7dd9-11ea-8465-b88a60e194fb,crmid:1860366605,8,5
ee75244a-7dd9-11ea-b4d6-b88a60e194fb,crmid:3911304137,4,4
ee7b8cd2-7dd9-11ea-82c5-b88a60e194fb,crmid:9218764693,5,3
ee7cec62-7dd9-11ea-81cc-b88a60e194fb,crmid:5029722948,6,3
ee7e4bee-7dd9-11ea-97c2-b88a60e194fb,crmid:9200902011,4,5
ee7ff998-7dd9-11ea-8851-b88a60e194fb,crmid:2727272557,7,3
ee81ce6e-7dd9-11ea-bcd6-b88a60e194fb,crmid:8175917626,4,5
ee84db9c-7dd9-11ea-a70c-b88a60e194fb,crmid:2526625816,5,5
ee86b05c-7dd9-11ea-a906-b88a60e194fb,crmid:8491250909,3,4
ee88851e-7dd9-11ea-9420-b88a60e194fb,crmid:1612487602,4,4
ee8a32cc-7dd9-11ea-82d6-b88a60e194fb,crmid:2747927232,3,2
ee8d18fa-7dd9-11ea-b35b-b88a60e194fb,crmid:5468708978,5,5
ee8eee40-7dd9-11ea-93ef-b88a60e194fb,crmid:7454116422,1,3
ee907458-7dd9-11ea-9f38-b88a60e194fb,crmid:2367314132,4,3
ee922202-7dd9-11ea-a19f-b88a60e194fb,crmid:8310755180,6,4
ee946bf0-7dd9-11ea-90a9-b88a60e194fb,crmid:4236930228,4,4
ee9640b0-7dd9-11ea-8b32-b88a60e194fb,crmid:4416799566,7,5
ee981566-7dd9-11ea-8e8a-b88a60e194fb,crmid:8110120071,4,3
ee99c31a-7dd9-11ea-8536-b88a60e194fb,crmid:3195135670,4,7
ee9b70c8-7dd9-11ea-882f-b88a60e194fb,crmid:1442436672,3,3
ee9fdda2-7dd9-11ea-b7f3-b88a60e194fb,crmid:5497493399,5,3
eea3d530-7dd9-11ea-970f-b88a60e194fb,crmid:5835191440,4,4
eea7309c-7dd9-11ea-9dbf-b88a60e194fb,crmid:9132438053,5,4
eeaa8bf4-7dd9-11ea-b58e-b88a60e194fb,crmid:9115757007,5,4
eeae3598-7dd9-11ea-8f85-b88a60e194fb,crmid:3013783505,2,5
eeb25428-7dd9-11ea-b62e-b88a60e194fb,crmid:2984492470,3,4
eeb5d692-7dd9-11ea-804b-b88a60e194fb,crmid:6810286533,5,5
eeb86e92-7dd9-11ea-8e96-b88a60e194fb,crmid:5004577516,6,3
eebab88a-7dd9-11ea-b637-b88a60e194fb,crmid:3482123224,5,3
eebcb452-7dd9-11ea-b789-b88a60e194fb,crmid:5447132255,4,4
eebf4c94-7dd9-11ea-b9d8-b88a60e194fb,crmid:7499613975,5,4
eec14826-7dd9-11ea-b4d0-b88a60e194fb,crmid:6275145729,4,7
eec39242-7dd9-11ea-9e20-b88a60e194fb,crmid:3281722434,7,5
eec566e8-7dd9-11ea-a448-b88a60e194fb,crmid:2904351753,5,5
eec84d0c-7dd9-11ea-be07-b88a60e194fb,crmid:1843136443,4,4
eecb333e-7dd9-11ea-be1e-b88a60e194fb,crmid:2461243970,4,4
eecdf25a-7dd9-11ea-b9a9-b88a60e194fb,crmid:7653765013,5,3
eed174c2-7dd9-11ea-a91c-b88a60e194fb,crmid:9493833838,4,4
eed4820c-7dd9-11ea-94a4-b88a60e194fb,crmid:7032141068,6,5
eed78f48-7dd9-11ea-994f-b88a60e194fb,crmid:8363587659,4,3
eed98ba2-7dd9-11ea-84b9-b88a60e194fb,crmid:2662087536,4,3
eedbd4f6-7dd9-11ea-bbe9-b88a60e194fb,crmid:6461574321,4,3
eede1ee8-7dd9-11ea-a9bb-b88a60e194fb,crmid:9463397404,5,3
eee01abe-7dd9-11ea-a53f-b88a60e194fb,crmid:8510939407,3,4
eee1ef92-7dd9-11ea-815f-b88a60e194fb,crmid:9670142521,5,5
eee39d80-7dd9-11ea-b1ea-b88a60e194fb,crmid:8944067436,4,3
eee523b6-7dd9-11ea-8855-b88a60e194fb,crmid:1545426520,4,2
eee6d176-7dd9-11ea-bf9b-b88a60e194fb,crmid:8131214013,3,3
eee8cd46-7dd9-11ea-a508-b88a60e194fb,crmid:3016304939,5,7
eeeac91a-7dd9-11ea-9d1c-b88a60e194fb,crmid:7405012937,4,7
eeecc4d2-7dd9-11ea-8ca6-b88a60e194fb,crmid:7654975726,4,4
eeee246e-7dd9-11ea-ae30-b88a60e194fb,crmid:9343613943,8,4
eeef8406-7dd9-11ea-a754-b88a60e194fb,crmid:9773383162,4,5
eef17fc0-7dd9-11ea-86ef-b88a60e194fb,crmid:3482672726,4,3
eef32d78-7dd9-11ea-ad5f-b88a60e194fb,crmid:8091873097,8,2
eef465e8-7dd9-11ea-beaa-b88a60e194fb,crmid:1382811661,3,3
eef63d40-7dd9-11ea-b811-b88a60e194fb,crmid:5357015249,4,4
eef83676-7dd9-11ea-b765-b88a60e194fb,crmid:2714108077,4,6
eef9bd22-7dd9-11ea-a632-b88a60e194fb,crmid:3793433988,5,4
eefbe000-7dd9-11ea-8cc8-b88a60e194fb,crmid:6778148844,2,4
eefdc900-7dd9-11ea-96c2-b88a60e194fb,crmid:8627581297,6,8
eeff8bb4-7dd9-11ea-b528-b88a60e194fb,crmid:1566710430,4,5
ef016082-7dd9-11ea-a628-b88a60e194fb,crmid:1177143455,9,2
ef03bed8-7dd9-11ea-a115-b88a60e194fb,crmid:7214452982,4,4
ef059392-7dd9-11ea-9bd7-b88a60e194fb,crmid:6111150257,3,4
ef078f5c-7dd9-11ea-9f69-b88a60e194fb,crmid:8023332826,7,4
ef09643a-7dd9-11ea-8260-b88a60e194fb,crmid:4100929524,3,8
ef0b11c0-7dd9-11ea-9dd3-b88a60e194fb,crmid:8856292354,5,4
ef0d3522-7dd9-11ea-87fe-b88a60e194fb,crmid:5634303454,2,5
ef0ee274-7dd9-11ea-8a36-b88a60e194fb,crmid:1507481272,6,3
ef10de4a-7dd9-11ea-b036-b88a60e194fb,crmid:8607279129,8,5
ef128c18-7dd9-11ea-b06b-b88a60e194fb,crmid:2787356071,4,7
ef146092-7dd9-11ea-bbb7-b88a60e194fb,crmid:9698231570,2,6
ef16355a-7dd9-11ea-a424-b88a60e194fb,crmid:4097673785,5,4
ef1b6580-7dd9-11ea-9245-b88a60e194fb,crmid:1615332771,5,2
ef1cc4f0-7dd9-11ea-b04f-b88a60e194fb,crmid:7718205051,4,9
ef1e72a8-7dd9-11ea-b63b-b88a60e194fb,crmid:1517676965,3,5
ef202090-7dd9-11ea-a7b9-b88a60e194fb,crmid:5632807598,9,1
ef21a706-7dd9-11ea-8105-b88a60e194fb,crmid:6147118402,6,4
ef232d98-7dd9-11ea-9bef-b88a60e194fb,crmid:7143308304,3,7
ef248d24-7dd9-11ea-9ede-b88a60e194fb,crmid:9867763181,2,4
ef26fe0c-7dd9-11ea-88f7-b88a60e194fb,crmid:3062676961,7,4
ef29bd3a-7dd9-11ea-be39-b88a60e194fb,crmid:1910682620,3,3
ef2cf198-7dd9-11ea-b7b6-b88a60e194fb,crmid:5629386662,3,5
ef309b1a-7dd9-11ea-88f7-b88a60e194fb,crmid:8654133532,6,5
ef32be24-7dd9-11ea-aa94-b88a60e194fb,crmid:6380871244,4,6
ef34ba7a-7dd9-11ea-aa90-b88a60e194fb,crmid:6965697910,2,3
ef36dca4-7dd9-11ea-94f2-b88a60e194fb,crmid:3007801126,4,4
ef38b15e-7dd9-11ea-95ec-b88a60e194fb,crmid:2752579755,9,5
ef3aad22-7dd9-11ea-b976-b88a60e194fb,crmid:1622480659,4,4
ef3c81f4-7dd9-11ea-8a80-b88a60e194fb,crmid:3941673821,3,3
ef3e7dc2-7dd9-11ea-897a-b88a60e194fb,crmid:6288625476,8,2
ef3fdd4a-7dd9-11ea-9c62-b88a60e194fb,crmid:3975930456,4,3
ef42001a-7dd9-11ea-839a-b88a60e194fb,crmid:7067094323,4,3
ef43d4de-7dd9-11ea-bf67-b88a60e194fb,crmid:9756404389,4,4
ef455b78-7dd9-11ea-89d9-b88a60e194fb,crmid:4974854695,2,5
ef4693fa-7dd9-11ea-a18f-b88a60e194fb,crmid:1567473902,4,4
ef481ab4-7dd9-11ea-8b1f-b88a60e194fb,crmid:7154118011,5,10
ef49c846-7dd9-11ea-b757-b88a60e194fb,crmid:2756127827,2,5
ef4b75f4-7dd9-11ea-bd1c-b88a60e194fb,crmid:7550981510,5,5
ef4d23a4-7dd9-11ea-877f-b88a60e194fb,crmid:5901390972,5,3
ef4eaa52-7dd9-11ea-8625-b88a60e194fb,crmid:2450964156,3,4
ef5009d2-7dd9-11ea-91bb-b88a60e194fb,crmid:9353960094,4,4
ef511b42-7dd9-11ea-ab28-b88a60e194fb,crmid:7540150114,5,6
ef52c8f8-7dd9-11ea-a533-b88a60e194fb,crmid:9653017017,8,5
ef544f7a-7dd9-11ea-804b-b88a60e194fb,crmid:1027245395,9,4
ef55fd3a-7dd9-11ea-8d34-b88a60e194fb,crmid:4243348100,3,3
ef575cca-7dd9-11ea-af83-b88a60e194fb,crmid:1500537787,5,5
ef586e3a-7dd9-11ea-b974-b88a60e194fb,crmid:3305478110,3,8
ef59cdd0-7dd9-11ea-9c03-b88a60e194fb,crmid:3689187789,6,7
ef5b2d58-7dd9-11ea-a236-b88a60e194fb,crmid:6626238379,3,5
ef5c8ce8-7dd9-11ea-a133-b88a60e194fb,crmid:9637764342,4,5
ef5e3a98-7dd9-11ea-8c78-b88a60e194fb,crmid:6708140141,5,6
ef5f9a2c-7dd9-11ea-8359-b88a60e194fb,crmid:9179000353,7,4
ef6147dd-7dd9-11ea-9ca4-b88a60e194fb,crmid:2714021665,4,4
ef62a8e2-7dd9-11ea-a6c3-b88a60e194fb,crmid:5964344833,3,6
ef64a368-7dd9-11ea-9920-b88a60e194fb,crmid:6736296923,4,4
ef6602e4-7dd9-11ea-9a42-b88a60e194fb,crmid:9632365346,5,2
ef678978-7dd9-11ea-81db-b88a60e194fb,crmid:9090409883,4,7
ef68ea54-7dd9-11ea-a082-b88a60e194fb,crmid:4634141747,8,4
ef6a48a2-7dd9-11ea-9afc-b88a60e194fb,crmid:3957106571,5,5
ef6bf662-7dd9-11ea-bd88-b88a60e194fb,crmid:3757945758,8,3
ef6d2fc0-7dd9-11ea-8eae-b88a60e194fb,crmid:4075393083,5,3
ef6eb552-7dd9-11ea-b93d-b88a60e194fb,crmid:6320722764,10,5
ef708a10-7dd9-11ea-9b7f-b88a60e194fb,crmid:1208255062,3,5
ef72d3f6-7dd9-11ea-b496-b88a60e194fb,crmid:1441606683,4,4
ef75e140-7dd9-11ea-b77b-b88a60e194fb,crmid:3708752769,9,5
ef7a270a-7dd9-11ea-80a7-b88a60e194fb,crmid:7967810173,6,2
ef7e45c0-7dd9-11ea-9f4e-b88a60e194fb,crmid:5155787576,4,8
ef826446-7dd9-11ea-bc95-b88a60e194fb,crmid:6799143933,5,5
ef857194-7dd9-11ea-8820-b88a60e194fb,crmid:4585989145,3,5
ef876d52-7dd9-11ea-80cd-b88a60e194fb,crmid:7595931234,9,4
ef896928-7dd9-11ea-b20d-b88a60e194fb,crmid:2042981068,5,5
ef8b16ec-7dd9-11ea-b569-b88a60e194fb,crmid:5694875324,4,4
ef8c7670-7dd9-11ea-ac15-b88a60e194fb,crmid:1661609982,4,4
ef8e4b24-7dd9-11ea-82ae-b88a60e194fb,crmid:5639424610,4,3
ef901fee-7dd9-11ea-b36d-b88a60e194fb,crmid:1183070882,8,5
ef91cd98-7dd9-11ea-889a-b88a60e194fb,crmid:4298698910,4,5
ef93543a-7dd9-11ea-877d-b88a60e194fb,crmid:4104960896,4,4
ef94b3f4-7dd9-11ea-a3ee-b88a60e194fb,crmid:7286168605,4,5
ef96887e-7dd9-11ea-8fdd-b88a60e194fb,crmid:5138803640,5,3
ef983642-7dd9-11ea-a991-b88a60e194fb,crmid:3492403874,3,4
ef9947b6-7dd9-11ea-9e12-b88a60e194fb,crmid:8242629197,4,3
ef9ace4c-7dd9-11ea-bdac-b88a60e194fb,crmid:6622471470,3,5
ef9cf118-7dd9-11ea-b526-b88a60e194fb,crmid:1276454860,3,4
ef9e9ef4-7dd9-11ea-a307-b88a60e194fb,crmid:4618913259,5,4
efa0259c-7dd9-11ea-8905-b88a60e194fb,crmid:9860377118,7,3
efa1370a-7dd9-11ea-af47-b88a60e194fb,crmid:5544750589,8,5
efa359c2-7dd9-11ea-9a2a-b88a60e194fb,crmid:5469283949,3,4
efa50762-7dd9-11ea-a1a2-b88a60e194fb,crmid:8769499415,4,4
efa6dc58-7dd9-11ea-b1dd-b88a60e194fb,crmid:7646219437,8,6
efa8154a-7dd9-11ea-8d9f-b88a60e194fb,crmid:3262203738,5,5
efa9c28a-7dd9-11ea-9cb3-b88a60e194fb,crmid:7794356481,2,3
efab21fa-7dd9-11ea-9d10-b88a60e194fb,crmid:5753115392,9,4
efac5a82-7dd9-11ea-9f6a-b88a60e194fb,crmid:6536870573,3,4
efade118-7dd9-11ea-b406-b88a60e194fb,crmid:4983216990,4,3
efaf40a4-7dd9-11ea-8674-b88a60e194fb,crmid:9995239395,5,3
efb0a01e-7dd9-11ea-9dd8-b88a60e194fb,crmid:7963683766,9,1
efb24dc0-7dd9-11ea-b1f6-b88a60e194fb,crmid:9644001973,8,4
efb3ad64-7dd9-11ea-b3c5-b88a60e194fb,crmid:4780572244,8,4
efb53418-7dd9-11ea-baae-b88a60e194fb,crmid:4363651104,4,3
efb6e1c0-7dd9-11ea-9d1a-b88a60e194fb,crmid:2214294312,3,4
efb86848-7dd9-11ea-a799-b88a60e194fb,crmid:6202819431,3,3
efb9a2ec-7dd9-11ea-9c50-b88a60e194fb,crmid:9168448307,4,3
efbadade-7dd9-11ea-89e9-b88a60e194fb,crmid:2495688606,3,3
efbc8710-7dd9-11ea-b3ca-b88a60e194fb,crmid:7458787829,4,4
efbe0d9c-7dd9-11ea-915d-b88a60e194fb,crmid:8094092928,5,8
efbfe286-7dd9-11ea-9e19-b88a60e194fb,crmid:8364232201,4,4
efc0f3dc-7dd9-11ea-b686-b88a60e194fb,crmid:7800542770,2,4
efc2a174-7dd9-11ea-a8a0-b88a60e194fb,crmid:1616833732,5,5
efc42812-7dd9-11ea-bd2b-b88a60e194fb,crmid:7347463403,4,5
efc69908-7dd9-11ea-8d88-b88a60e194fb,crmid:1444603093,3,3
efc8e2fe-7dd9-11ea-b9b5-b88a60e194fb,crmid:5956017446,6,5
efcb540c-7dd9-11ea-a1de-b88a60e194fb,crmid:5162986150,4,5
efccdaac-7dd9-11ea-9a7f-b88a60e194fb,crmid:6821966474,5,3
efd035f0-7dd9-11ea-af08-b88a60e194fb,crmid:2612852176,4,5
efd2ce0c-7dd9-11ea-bfcf-b88a60e194fb,crmid:7666822670,4,4
efd4f10a-7dd9-11ea-a5c6-b88a60e194fb,crmid:1219861623,3,5
efd6ecc6-7dd9-11ea-a4e0-b88a60e194fb,crmid:1717227553,4,5
efdae462-7dd9-11ea-9a7c-b88a60e194fb,crmid:6070889130,4,5
efdce036-7dd9-11ea-b2a9-b88a60e194fb,crmid:2933823049,4,4
efde8dca-7dd9-11ea-8e84-b88a60e194fb,crmid:4208426925,3,8
efe0b0ba-7dd9-11ea-845d-b88a60e194fb,crmid:3544795109,4,5
efe25e66-7dd9-11ea-9f4c-b88a60e194fb,crmid:4083820914,4,5
efe40c1e-7dd9-11ea-b586-b88a60e194fb,crmid:5518978865,7,5
