{"_id": "e476ee3a-53c8-11ea-8bfa-b88a60e194fb", "timestamp": "2020-01-27T22:55:43.000Z", "eventType": "transaction", "_adobeamericaspot3": {"CRMID": "crmid:8987927317", "orderDetails": {"orderID": "orderid:162073", "reservationid": "SX6-U3JM", "orderType": "mobile"}}}
{"_id": "e477ffb0-53c8-11ea-9b84-b88a60e194fb", "timestamp": "2020-02-08T13:50:14.000Z", "eventType": "transaction", "_adobeamericaspot3": {"CRMID": "crmid:3595215489", "orderDetails": {"orderID": "orderid:742905", "reservationid": "O6H-SLML", "orderType": "website"}}}
{"_id": "e4798646-53c8-11ea-9d63-b88a60e194fb", "timestamp": "2020-01-12T02:54:46.000Z", "eventType": "transaction", "_adobeamericaspot3": {"CRMID": "crmid:4611360838", "orderDetails": {"orderID": "orderid:171878", "reservationid": "AYW-15RF", "orderType": "mobile"}}}
{"_id": "e47a97ac-53c8-11ea-831b-b88a60e194fb", "timestamp": "2020-01-31T09:17:00.000Z", "eventType": "transaction", "_adobeamericaspot3": {"CRMID": "crmid:2232811472", "orderDetails": {"orderID": "orderid:241388", "reservationid": "WCV-L3HN", "orderType": "kiosk"}}}
{"_id": "e47b5b22-53c8-11ea-8601-b88a60e194fb", "timestamp": "2019-12-25T15:31:46.000Z", "eventType": "transaction", "_adobeamericaspot3": {"CRMID": "crmid:1541484138", "orderDetails": {"orderID": "orderid:177906", "reservationid": "2JB-DGLW", "orderType": "kiosk"}}}
{"_id": "e47c4554-53c8-11ea-adbd-b88a60e194fb", "timestamp": "2020-01-24T17:38:42.000Z", "eventType": "transaction", "_adobeamericaspot3": {"CRMID": "crmid:9283406451", "orderDetails": {"orderID": "orderid:341054", "reservationid": "HWC-COY4", "orderType": "call center"}}}
{"_id": "e47d56ca-53c8-11ea-b70e-b88a60e194fb", "timestamp": "2020-01-25T17:21:39.000Z", "eventType": "transaction", "_adobeamericaspot3": {"CRMID": "crmid:1833497072", "orderDetails": {"orderID": "orderid:459133", "reservationid": "LGQ-OGUE", "orderType": "kiosk"}}}
{"_id": "e47e8f50-53c8-11ea-aed9-b88a60e194fb", "timestamp": "2019-12-14T07:11:07.000Z", "eventType": "transaction", "_adobeamericaspot3": {"CRMID": "crmid:6654854127", "orderDetails": {"orderID": "orderid:327995", "reservationid": "YHX-PAVV", "orderType": "mobile"}}}
{"_id": "e47fa0dc-53c8-11ea-b0a8-b88a60e194fb", "timestamp": "2020-01-21T09:22:40.000Z", "eventType": "transaction", "_adobeamericaspot3": {"CRMID": "crmid:9260010957", "orderDetails": {"orderID": "orderid:256556", "reservationid": "YIP-KIKD", "orderType": "call center"}}}
{"_id": "e480b228-53c8-11ea-a60b-b88a60e194fb", "timestamp": "2019-12-29T17:06:48.000Z", "eventType": "transaction", "_adobeamericaspot3": {"CRMID": "crmid:5970664522", "orderDetails": {"orderID": "orderid:271832", "reservationid": "NW8-CKVP", "orderType": "mobile"}}}
{"_id": "e481c3ba-53c8-11ea-b0a5-b88a60e194fb", "timestamp": "2019-12-14T11:16:10.000Z", "eventType": "transaction", "_adobeamericaspot3": {"CRMID": "crmid:9989395752", "orderDetails": {"orderID": "orderid:259333", "reservationid": "CKO-BVV9", "orderType": "kiosk"}}}
{"_id": "e482fc24-53c8-11ea-8bbb-b88a60e194fb", "timestamp": "2019-12-13T06:55:24.000Z", "eventType": "transaction", "_adobeamericaspot3": {"CRMID": "crmid:8642042695", "orderDetails": {"orderID": "orderid:553979", "reservationid": "SVZ-R0C9", "orderType": "website"}}}
{"_id": "e4845bac-53c8-11ea-923a-b88a60e194fb", "timestamp": "2019-12-15T21:51:16.000Z", "eventType": "transaction", "_adobeamericaspot3": {"CRMID": "crmid:2910054367", "orderDetails": {"orderID": "orderid:264879", "reservationid": "ZNN-ZEL0", "orderType": "kiosk"}}}
{"_id": "e4856d1c-53c8-11ea-a68e-b88a60e194fb", "timestamp": "2020-01-18T17:38:58.000Z", "eventType": "transaction", "_adobeamericaspot3": {"CRMID": "crmid:9385490440", "orderDetails": {"orderID": "orderid:940668", "reservationid": "6PQ-RBRR", "orderType": "mobile"}}}
{"_id": "e4859424-53c8-11ea-bf4c-b88a60e194fb", "timestamp": "2020-01-26T00:00:00.000Z", "eventType": "transaction", "_adobeamericaspot3": {"CRMID": "crmid:9385490440", "orderDetails": {"orderID": "orderid:944751", "reservationid": "GLB-WBF8", "orderType": "website"}}}
{"_id": "e486a598-53c8-11ea-840d-b88a60e194fb", "timestamp": "2019-12-06T23:39:23.000Z", "eventType": "transaction", "_adobeamericaspot3": {"CRMID": "crmid:7532801610", "orderDetails": {"orderID": "orderid:910947", "reservationid": "TCW-ENNT", "orderType": "mobile"}}}
{"_id": "e487b6fe-53c8-11ea-b54b-b88a60e194fb", "timestamp": "2020-01-08T22:32:41.000Z", "eventType": "transaction", "_adobeamericaspot3": {"CRMID": "crmid:9028623981", "orderDetails": {"orderID": "orderid:616163", "reservationid": "MX4-GVIU", "orderType": "website"}}}
{"_id": "e488c880-53c8-11ea-bcb7-b88a60e194fb", "timestamp": "2020-01-10T17:39:28.000Z", "eventType": "transaction", "_adobeamericaspot3": {"CRMID": "crmid:3455673829", "orderDetails": {"orderID": "orderid:453729", "reservationid": "D1W-HRDV", "orderType": "website"}}}
{"_id": "e489d9e4-53c8-11ea-8c72-b88a60e194fb", "timestamp": "2019-12-31T20:49:11.000Z", "eventType": "transaction", "_adobeamericaspot3": {"CRMID": "crmid:7710571349", "orderDetails": {"orderID": "orderid:961037", "reservationid": "5DO-HIAW", "orderType": "kiosk"}}}
{"_id": "e48a9d36-53c8-11ea-82f1-b88a60e194fb", "timestamp": "2020-01-08T21:56:31.000Z", "eventType": "transaction", "_adobeamericaspot3": {"CRMID": "crmid:2835047173", "orderDetails": {"orderID": "orderid:930468", "reservationid": "PB4-DJIM", "orderType": "service desk"}}}
{"_id": "e48b879e-53c8-11ea-8803-b88a60e194fb", "timestamp": "2019-12-02T21:24:49.000Z", "eventType": "transaction", "_adobeamericaspot3": {"CRMID": "crmid:9920643378", "orderDetails": {"orderID": "orderid:453758", "reservationid": "TO6-U2HP", "orderType": "call center"}}}
{"_id": "e48c71f4-53c8-11ea-82da-b88a60e194fb", "timestamp": "2019-12-22T12:22:13.000Z", "eventType": "transaction", "_adobeamericaspot3": {"CRMID": "crmid:9621516904", "orderDetails": {"orderID": "orderid:454939", "reservationid": "EJG-IKFC", "orderType": "website"}}}
{"_id": "e48d3554-53c8-11ea-a89b-b88a60e194fb", "timestamp": "2020-01-01T00:32:33.000Z", "eventType": "transaction", "_adobeamericaspot3": {"CRMID": "crmid:7613679480", "orderDetails": {"orderID": "orderid:732525", "reservationid": "8JN-FZS0", "orderType": "mobile"}}}
{"_id": "e48e1fa2-53c8-11ea-a810-b88a60e194fb", "timestamp": "2019-12-02T19:16:00.000Z", "eventType": "transaction", "_adobeamericaspot3": {"CRMID": "crmid:3865333834", "orderDetails": {"orderID": "orderid:678900", "reservationid": "T8S-A08G", "orderType": "website"}}}
{"_id": "e48f312e-53c8-11ea-a590-b88a60e194fb", "timestamp": "2020-01-23T06:00:05.000Z", "eventType": "transaction", "_adobeamericaspot3": {"CRMID": "crmid:4323753046", "orderDetails": {"orderID": "orderid:155212", "reservationid": "V9P-ZKG0", "orderType": "website"}}}
{"_id": "e48ff462-53c8-11ea-b471-b88a60e194fb", "timestamp": "2020-01-24T04:37:29.000Z", "eventType": "transaction", "_adobeamericaspot3": {"CRMID": "crmid:9883188422", "orderDetails": {"orderID": "orderid:168051", "reservationid": "HJT-MFVG", "orderType": "mobile"}}}
{"_id": "e490b7c6-53c8-11ea-b4b6-b88a60e194fb", "timestamp": "2019-12-27T06:03:23.000Z", "eventType": "transaction", "_adobeamericaspot3": {"CRMID": "crmid:7367450671", "orderDetails": {"orderID": "orderid:627910", "reservationid": "ILW-KFSL", "orderType": "call center"}}}
{"_id": "e4917b1c-53c8-11ea-abd5-b88a60e194fb", "timestamp": "2020-01-14T13:40:21.000Z", "eventType": "transaction", "_adobeamericaspot3": {"CRMID": "crmid:4558554503", "orderDetails": {"orderID": "orderid:908525", "reservationid": "8MM-QHIR", "orderType": "call center"}}}
{"_id": "e4926578-53c8-11ea-a0ae-b88a60e194fb", "timestamp": "2020-02-11T10:25:22.000Z", "eventType": "transaction", "_adobeamericaspot3": {"CRMID": "crmid:1684200835", "orderDetails": {"orderID": "orderid:930185", "reservationid": "ZFU-UFXL", "orderType": "website"}}}
{"_id": "e49328cc-53c8-11ea-baa5-b88a60e194fb", "timestamp": "2019-12-18T18:47:18.000Z", "eventType": "transaction", "_adobeamericaspot3": {"CRMID": "crmid:1549123314", "orderDetails": {"orderID": "orderid:651463", "reservationid": "PPN-J7RI", "orderType": "call center"}}}
{"_id": "e4943ac2-53c8-11ea-b084-b88a60e194fb", "timestamp": "2020-02-13T07:55:41.000Z", "eventType": "transaction", "_adobeamericaspot3": {"CRMID": "crmid:1632715377", "orderDetails": {"orderID": "orderid:833774", "reservationid": "DWR-32MO", "orderType": "kiosk"}}}
{"_id": "e49a5700-53c8-11ea-9dd4-b88a60e194fb", "timestamp": "2020-01-07T12:52:05.000Z", "eventType": "transaction", "_adobeamericaspot3": {"CRMID": "crmid:6698401789", "orderDetails": {"orderID": "orderid:210959", "reservationid": "BPT-EIQ7", "orderType": "website"}}}
{"_id": "e49b4164-53c8-11ea-adda-b88a60e194fb", "timestamp": "2019-12-17T03:43:06.000Z", "eventType": "transaction", "_adobeamericaspot3": {"CRMID": "crmid:4940626374", "orderDetails": {"orderID": "orderid:192307", "reservationid": "UE0-YIVH", "orderType": "kiosk"}}}
{"_id": "e49c2bc8-53c8-11ea-829f-b88a60e194fb", "timestamp": "2019-12-27T18:35:17.000Z", "eventType": "transaction", "_adobeamericaspot3": {"CRMID": "crmid:1883139569", "orderDetails": {"orderID": "orderid:725805", "reservationid": "BTV-XS1Z", "orderType": "website"}}}
{"_id": "e49d8bee-53c8-11ea-8d01-b88a60e194fb", "timestamp": "2020-01-27T07:29:28.000Z", "eventType": "transaction", "_adobeamericaspot3": {"CRMID": "crmid:3181675252", "orderDetails": {"orderID": "orderid:977647", "reservationid": "GO7-1C5A", "orderType": "mobile"}}}
{"_id": "e49e9cd0-53c8-11ea-91cc-b88a60e194fb", "timestamp": "2020-01-07T21:10:21.000Z", "eventType": "transaction", "_adobeamericaspot3": {"CRMID": "crmid:2675794193", "orderDetails": {"orderID": "orderid:467783", "reservationid": "541-TBPN", "orderType": "website"}}}
{"_id": "e49fd594-53c8-11ea-b868-b88a60e194fb", "timestamp": "2020-01-17T20:29:26.000Z", "eventType": "transaction", "_adobeamericaspot3": {"CRMID": "crmid:8686735311", "orderDetails": {"orderID": "orderid:248757", "reservationid": "SFE-ZBUW", "orderType": "kiosk"}}}
{"_id": "e4a0e6da-53c8-11ea-a65c-b88a60e194fb", "timestamp": "2019-12-13T01:23:59.000Z", "eventType": "transaction", "_adobeamericaspot3": {"CRMID": "crmid:4649989399", "orderDetails": {"orderID": "orderid:468616", "reservationid": "XWI-L5HC", "orderType": "kiosk"}}}
{"_id": "e4a1d1a8-53c8-11ea-96c2-b88a60e194fb", "timestamp": "2020-02-06T11:36:41.000Z", "eventType": "transaction", "_adobeamericaspot3": {"CRMID": "crmid:5400699632", "orderDetails": {"orderID": "orderid:394532", "reservationid": "JJZ-MMNU", "orderType": "kiosk"}}}
{"_id": "e4a30990-53c8-11ea-8245-b88a60e194fb", "timestamp": "2020-01-15T21:14:47.000Z", "eventType": "transaction", "_adobeamericaspot3": {"CRMID": "crmid:4761733674", "orderDetails": {"orderID": "orderid:469526", "reservationid": "WCH-LPKW", "orderType": "website"}}}
{"_id": "e4a44214-53c8-11ea-9024-b88a60e194fb", "timestamp": "2020-01-24T20:07:50.000Z", "eventType": "transaction", "_adobeamericaspot3": {"CRMID": "crmid:9273157178", "orderDetails": {"orderID": "orderid:762555", "reservationid": "US3-CFWA", "orderType": "kiosk"}}}
{"_id": "e4a55380-53c8-11ea-9dcb-b88a60e194fb", "timestamp": "2019-12-30T20:03:00.000Z", "eventType": "transaction", "_adobeamericaspot3": {"CRMID": "crmid:1630446375", "orderDetails": {"orderID": "orderid:692412", "reservationid": "QDR-S1WS", "orderType": "kiosk"}}}
{"_id": "e4a664fa-53c8-11ea-81e4-b88a60e194fb", "timestamp": "2020-01-04T17:53:08.000Z", "eventType": "transaction", "_adobeamericaspot3": {"CRMID": "crmid:4141881670", "orderDetails": {"orderID": "orderid:813965", "reservationid": "Q2N-RJZV", "orderType": "call center"}}}
{"_id": "e4a77664-53c8-11ea-8d45-b88a60e194fb", "timestamp": "2020-01-01T01:22:36.000Z", "eventType": "transaction", "_adobeamericaspot3": {"CRMID": "crmid:9596958088", "orderDetails": {"orderID": "orderid:510705", "reservationid": "SRA-EQRL", "orderType": "kiosk"}}}
{"_id": "e4a8aee2-53c8-11ea-8bdb-b88a60e194fb", "timestamp": "2020-01-19T05:56:30.000Z", "eventType": "transaction", "_adobeamericaspot3": {"CRMID": "crmid:2611122478", "orderDetails": {"orderID": "orderid:399857", "reservationid": "UQY-0RIR", "orderType": "kiosk"}}}
{"_id": "e4a8d5ec-53c8-11ea-af79-b88a60e194fb", "timestamp": "2020-01-24T00:00:00.000Z", "eventType": "transaction", "_adobeamericaspot3": {"CRMID": "crmid:2611122478", "orderDetails": {"orderID": "orderid:564621", "reservationid": "BJV-WMOV", "orderType": "call center"}}}
{"_id": "e4accdcc-53c8-11ea-b92c-b88a60e194fb", "timestamp": "2020-01-05T14:23:05.000Z", "eventType": "transaction", "_adobeamericaspot3": {"CRMID": "crmid:5740778442", "orderDetails": {"orderID": "orderid:812958", "reservationid": "5HK-KEU9", "orderType": "website"}}}
{"_id": "e4addef4-53c8-11ea-8165-b88a60e194fb", "timestamp": "2020-01-14T21:35:31.000Z", "eventType": "transaction", "_adobeamericaspot3": {"CRMID": "crmid:8424180186", "orderDetails": {"orderID": "orderid:268818", "reservationid": "GGK-GFU8", "orderType": "mobile"}}}
{"_id": "e4aef05c-53c8-11ea-9154-b88a60e194fb", "timestamp": "2020-01-13T07:36:47.000Z", "eventType": "transaction", "_adobeamericaspot3": {"CRMID": "crmid:5165600805", "orderDetails": {"orderID": "orderid:425733", "reservationid": "UYG-DSDM", "orderType": "website"}}}
{"_id": "e4b001d8-53c8-11ea-a4c7-b88a60e194fb", "timestamp": "2020-01-09T20:17:54.000Z", "eventType": "transaction", "_adobeamericaspot3": {"CRMID": "crmid:2756684800", "orderDetails": {"orderID": "orderid:192501", "reservationid": "YKZ-O58O", "orderType": "kiosk"}}}
{"_id": "e4b11336-53c8-11ea-ad55-b88a60e194fb", "timestamp": "2020-02-16T18:45:39.000Z", "eventType": "transaction", "_adobeamericaspot3": {"CRMID": "crmid:8107009397", "orderDetails": {"orderID": "orderid:703814", "reservationid": "LXA-PMSC", "orderType": "kiosk"}}}
{"_id": "e4b224be-53c8-11ea-a58d-b88a60e194fb", "timestamp": "2020-01-11T12:25:01.000Z", "eventType": "transaction", "_adobeamericaspot3": {"CRMID": "crmid:6528509839", "orderDetails": {"orderID": "orderid:833633", "reservationid": "48F-S9UA", "orderType": "website"}}}
{"_id": "e4b3362e-53c8-11ea-a801-b88a60e194fb", "timestamp": "2019-12-19T07:04:57.000Z", "eventType": "transaction", "_adobeamericaspot3": {"CRMID": "crmid:4556074511", "orderDetails": {"orderID": "orderid:497773", "reservationid": "S3A-MQG2", "orderType": "kiosk"}}}
{"_id": "e4b35d2e-53c8-11ea-aa82-b88a60e194fb", "timestamp": "2019-12-24T00:00:00.000Z", "eventType": "transaction", "_adobeamericaspot3": {"CRMID": "crmid:4556074511", "orderDetails": {"orderID": "orderid:414498", "reservationid": "KSM-FRGI", "orderType": "kiosk"}}}
{"_id": "e4b4479c-53c8-11ea-898c-b88a60e194fb", "timestamp": "2020-02-03T20:42:10.000Z", "eventType": "transaction", "_adobeamericaspot3": {"CRMID": "crmid:7415243523", "orderDetails": {"orderID": "orderid:404134", "reservationid": "JQR-1UNU", "orderType": "call center"}}}
{"_id": "e4b53202-53c8-11ea-bb85-b88a60e194fb", "timestamp": "2020-02-14T14:20:43.000Z", "eventType": "transaction", "_adobeamericaspot3": {"CRMID": "crmid:9203543615", "orderDetails": {"orderID": "orderid:145230", "reservationid": "1CY-KKNF", "orderType": "mobile"}}}
{"_id": "e4b5f554-53c8-11ea-8ba3-b88a60e194fb", "timestamp": "2019-12-07T15:45:58.000Z", "eventType": "transaction", "_adobeamericaspot3": {"CRMID": "crmid:1072496557", "orderDetails": {"orderID": "orderid:495444", "reservationid": "QCW-ADTT", "orderType": "call center"}}}
{"_id": "e4b706d0-53c8-11ea-8dd9-b88a60e194fb", "timestamp": "2020-01-06T01:19:53.000Z", "eventType": "transaction", "_adobeamericaspot3": {"CRMID": "crmid:8854701405", "orderDetails": {"orderID": "orderid:508320", "reservationid": "8AA-4IUB", "orderType": "website"}}}
{"_id": "e4b7ca14-53c8-11ea-a6ba-b88a60e194fb", "timestamp": "2020-01-30T17:07:56.000Z", "eventType": "transaction", "_adobeamericaspot3": {"CRMID": "crmid:9480657159", "orderDetails": {"orderID": "orderid:105188", "reservationid": "KAQ-PJB5", "orderType": "call center"}}}
{"_id": "e4b88d70-53c8-11ea-af8d-b88a60e194fb", "timestamp": "2019-12-30T09:42:34.000Z", "eventType": "transaction", "_adobeamericaspot3": {"CRMID": "crmid:4604810347", "orderDetails": {"orderID": "orderid:335641", "reservationid": "JTX-CQNW", "orderType": "kiosk"}}}
{"_id": "e4b950ba-53c8-11ea-95ee-b88a60e194fb", "timestamp": "2020-02-08T01:01:06.000Z", "eventType": "transaction", "_adobeamericaspot3": {"CRMID": "crmid:5186039854", "orderDetails": {"orderID": "orderid:109960", "reservationid": "CHK-IEXA", "orderType": "website"}}}
{"_id": "e4ba1410-53c8-11ea-af35-b88a60e194fb", "timestamp": "2020-01-10T12:00:18.000Z", "eventType": "transaction", "_adobeamericaspot3": {"CRMID": "crmid:5735473040", "orderDetails": {"orderID": "orderid:617660", "reservationid": "CSW-FZIO", "orderType": "mobile"}}}
{"_id": "e4bad75c-53c8-11ea-b538-b88a60e194fb", "timestamp": "2019-12-13T05:35:18.000Z", "eventType": "transaction", "_adobeamericaspot3": {"CRMID": "crmid:6976230996", "orderDetails": {"orderID": "orderid:251831", "reservationid": "HAL-O3CK", "orderType": "kiosk"}}}
{"_id": "e4bb9bc0-53c8-11ea-b503-b88a60e194fb", "timestamp": "2019-12-31T08:11:28.000Z", "eventType": "transaction", "_adobeamericaspot3": {"CRMID": "crmid:5328134500", "orderDetails": {"orderID": "orderid:985381", "reservationid": "OYK-Q8QA", "orderType": "call center"}}}
{"_id": "e4bc8622-53c8-11ea-84d4-b88a60e194fb", "timestamp": "2019-12-01T19:39:25.000Z", "eventType": "transaction", "_adobeamericaspot3": {"CRMID": "crmid:1912147146", "orderDetails": {"orderID": "orderid:722614", "reservationid": "ZNF-CUPK", "orderType": "call center"}}}
{"_id": "e4bd49b8-53c8-11ea-8058-b88a60e194fb", "timestamp": "2020-02-16T00:45:02.000Z", "eventType": "transaction", "_adobeamericaspot3": {"CRMID": "crmid:9400203703", "orderDetails": {"orderID": "orderid:695142", "reservationid": "WCQ-P0EI", "orderType": "call center"}}}
{"_id": "e4be0d00-53c8-11ea-b52a-b88a60e194fb", "timestamp": "2020-01-16T03:07:10.000Z", "eventType": "transaction", "_adobeamericaspot3": {"CRMID": "crmid:4400833367", "orderDetails": {"orderID": "orderid:472645", "reservationid": "P8U-T1G2", "orderType": "kiosk"}}}
{"_id": "e4bed038-53c8-11ea-9985-b88a60e194fb", "timestamp": "2019-12-11T06:11:34.000Z", "eventType": "transaction", "_adobeamericaspot3": {"CRMID": "crmid:5057719537", "orderDetails": {"orderID": "orderid:684479", "reservationid": "9E3-ENOX", "orderType": "mobile"}}}
{"_id": "e4bfe1fa-53c8-11ea-97a9-b88a60e194fb", "timestamp": "2019-12-03T11:07:33.000Z", "eventType": "transaction", "_adobeamericaspot3": {"CRMID": "crmid:8197436274", "orderDetails": {"orderID": "orderid:562192", "reservationid": "KUC-H41I", "orderType": "website"}}}
{"_id": "e4c0a512-53c8-11ea-9afb-b88a60e194fb", "timestamp": "2020-01-14T01:11:04.000Z", "eventType": "transaction", "_adobeamericaspot3": {"CRMID": "crmid:7893485057", "orderDetails": {"orderID": "orderid:830873", "reservationid": "MMD-R9IS", "orderType": "website"}}}
{"_id": "e4c1686e-53c8-11ea-9851-b88a60e194fb", "timestamp": "2019-12-10T02:13:32.000Z", "eventType": "transaction", "_adobeamericaspot3": {"CRMID": "crmid:6601272476", "orderDetails": {"orderID": "orderid:402824", "reservationid": "LKW-8VAH", "orderType": "call center"}}}
{"_id": "e4c22bb6-53c8-11ea-b97e-b88a60e194fb", "timestamp": "2019-12-23T07:25:57.000Z", "eventType": "transaction", "_adobeamericaspot3": {"CRMID": "crmid:8039656177", "orderDetails": {"orderID": "orderid:761304", "reservationid": "EHN-CBOP", "orderType": "website"}}}
{"_id": "e4c252c0-53c8-11ea-9865-b88a60e194fb", "timestamp": "2019-12-31T00:00:00.000Z", "eventType": "transaction", "_adobeamericaspot3": {"CRMID": "crmid:8039656177", "orderDetails": {"orderID": "orderid:332775", "reservationid": "N8K-J4J6", "orderType": "website"}}}
{"_id": "e4c31524-53c8-11ea-af71-b88a60e194fb", "timestamp": "2020-01-11T04:10:30.000Z", "eventType": "transaction", "_adobeamericaspot3": {"CRMID": "crmid:2016891687", "orderDetails": {"orderID": "orderid:342187", "reservationid": "3JJ-5BXP", "orderType": "call center"}}}
{"_id": "e4c3d95a-53c8-11ea-8011-b88a60e194fb", "timestamp": "2020-02-04T05:33:55.000Z", "eventType": "transaction", "_adobeamericaspot3": {"CRMID": "crmid:2897073984", "orderDetails": {"orderID": "orderid:372011", "reservationid": "PJY-M2WU", "orderType": "kiosk"}}}
{"_id": "e4c4c3c0-53c8-11ea-8b93-b88a60e194fb", "timestamp": "2019-12-03T11:25:32.000Z", "eventType": "transaction", "_adobeamericaspot3": {"CRMID": "crmid:4937900169", "orderDetails": {"orderID": "orderid:551522", "reservationid": "1VN-EJJJ", "orderType": "kiosk"}}}
{"_id": "e4c55ffe-53c8-11ea-a01a-b88a60e194fb", "timestamp": "2020-02-06T11:32:37.000Z", "eventType": "transaction", "_adobeamericaspot3": {"CRMID": "crmid:6303284661", "orderDetails": {"orderID": "orderid:642246", "reservationid": "IGJ-TSEK", "orderType": "website"}}}
{"_id": "e4c64a62-53c8-11ea-abd1-b88a60e194fb", "timestamp": "2020-01-27T09:24:59.000Z", "eventType": "transaction", "_adobeamericaspot3": {"CRMID": "crmid:4931136261", "orderDetails": {"orderID": "orderid:491349", "reservationid": "CDU-DTXE", "orderType": "website"}}}
{"_id": "e4c70dac-53c8-11ea-9ff6-b88a60e194fb", "timestamp": "2020-01-24T08:52:18.000Z", "eventType": "transaction", "_adobeamericaspot3": {"CRMID": "crmid:5483359421", "orderDetails": {"orderID": "orderid:562580", "reservationid": "JNA-TOUA", "orderType": "call center"}}}
{"_id": "e4c7f818-53c8-11ea-96b5-b88a60e194fb", "timestamp": "2020-01-20T02:16:21.000Z", "eventType": "transaction", "_adobeamericaspot3": {"CRMID": "crmid:3842259440", "orderDetails": {"orderID": "orderid:624743", "reservationid": "CDQ-GPQD", "orderType": "website"}}}
{"_id": "e4c8bb66-53c8-11ea-afe6-b88a60e194fb", "timestamp": "2020-01-31T13:33:15.000Z", "eventType": "transaction", "_adobeamericaspot3": {"CRMID": "crmid:8339062619", "orderDetails": {"orderID": "orderid:610708", "reservationid": "6SY-YCIA", "orderType": "mobile"}}}
{"_id": "e4c9a46c-53c8-11ea-8508-b88a60e194fb", "timestamp": "2020-01-29T19:06:27.000Z", "eventType": "transaction", "_adobeamericaspot3": {"CRMID": "crmid:3751288468", "orderDetails": {"orderID": "orderid:709966", "reservationid": "JX8-0UIK", "orderType": "call center"}}}
{"_id": "e4ca6948-53c8-11ea-8017-b88a60e194fb", "timestamp": "2019-12-20T04:06:05.000Z", "eventType": "transaction", "_adobeamericaspot3": {"CRMID": "crmid:5410615882", "orderDetails": {"orderID": "orderid:188207", "reservationid": "HBS-SMAQ", "orderType": "website"}}}
{"_id": "e4cb2c5c-53c8-11ea-a24e-b88a60e194fb", "timestamp": "2019-12-30T22:13:43.000Z", "eventType": "transaction", "_adobeamericaspot3": {"CRMID": "crmid:3967764738", "orderDetails": {"orderID": "orderid:806751", "reservationid": "Z0K-JWXF", "orderType": "call center"}}}
{"_id": "e4cb2c5d-53c8-11ea-b3fb-b88a60e194fb", "timestamp": "2020-01-02T00:00:00.000Z", "eventType": "transaction", "_adobeamericaspot3": {"CRMID": "crmid:3967764738", "orderDetails": {"orderID": "orderid:281882", "reservationid": "WQA-8YWU", "orderType": "website"}}}
{"_id": "e4cb53ac-53c8-11ea-aca3-b88a60e194fb", "timestamp": "2020-01-08T00:00:00.000Z", "eventType": "transaction", "_adobeamericaspot3": {"CRMID": "crmid:3967764738", "orderDetails": {"orderID": "orderid:868968", "reservationid": "L7S-IPNP", "orderType": "call center"}}}
{"_id": "e4cc16c8-53c8-11ea-ba03-b88a60e194fb", "timestamp": "2019-12-23T11:16:59.000Z", "eventType": "transaction", "_adobeamericaspot3": {"CRMID": "crmid:3923540223", "orderDetails": {"orderID": "orderid:560825", "reservationid": "6II-TFP8", "orderType": "kiosk"}}}
{"_id": "e4ccda18-53c8-11ea-841f-b88a60e194fb", "timestamp": "2019-12-18T11:24:25.000Z", "eventType": "transaction", "_adobeamericaspot3": {"CRMID": "crmid:6801404645", "orderDetails": {"orderID": "orderid:531339", "reservationid": "NZA-990E", "orderType": "call center"}}}
{"_id": "e4ce3840-53c8-11ea-bd0e-b88a60e194fb", "timestamp": "2019-12-20T11:32:07.000Z", "eventType": "transaction", "_adobeamericaspot3": {"CRMID": "crmid:9811428620", "orderDetails": {"orderID": "orderid:285625", "reservationid": "JZY-HS75", "orderType": "mobile"}}}
{"_id": "e4cfbee6-53c8-11ea-8bba-b88a60e194fb", "timestamp": "2020-02-09T23:58:20.000Z", "eventType": "transaction", "_adobeamericaspot3": {"CRMID": "crmid:3169340972", "orderDetails": {"orderID": "orderid:431406", "reservationid": "UO5-5RZI", "orderType": "website"}}}
{"_id": "e4d0a980-53c8-11ea-bb44-b88a60e194fb", "timestamp": "2019-12-27T13:36:59.000Z", "eventType": "transaction", "_adobeamericaspot3": {"CRMID": "crmid:6751850016", "orderDetails": {"orderID": "orderid:584349", "reservationid": "VAI-MJLW", "orderType": "call center"}}}
{"_id": "e4d193c6-53c8-11ea-bca9-b88a60e194fb", "timestamp": "2019-12-20T13:44:29.000Z", "eventType": "transaction", "_adobeamericaspot3": {"CRMID": "crmid:8594946914", "orderDetails": {"orderID": "orderid:579237", "reservationid": "T19-ZQXV", "orderType": "mobile"}}}
{"_id": "e4d2cc48-53c8-11ea-8c2b-b88a60e194fb", "timestamp": "2020-01-13T01:26:58.000Z", "eventType": "transaction", "_adobeamericaspot3": {"CRMID": "crmid:5620427070", "orderDetails": {"orderID": "orderid:424904", "reservationid": "UVH-ELNK", "orderType": "mobile"}}}
{"_id": "e4d3ddc6-53c8-11ea-86ba-b88a60e194fb", "timestamp": "2019-12-19T22:20:20.000Z", "eventType": "transaction", "_adobeamericaspot3": {"CRMID": "crmid:5153851488", "orderDetails": {"orderID": "orderid:311838", "reservationid": "LO3-RYJC", "orderType": "kiosk"}}}
{"_id": "e4d4c8de-53c8-11ea-82b0-b88a60e194fb", "timestamp": "2020-01-06T12:05:50.000Z", "eventType": "transaction", "_adobeamericaspot3": {"CRMID": "crmid:7041623343", "orderDetails": {"orderID": "orderid:866624", "reservationid": "SSN-VPWE", "orderType": "kiosk"}}}
{"_id": "e4d58ca4-53c8-11ea-991c-b88a60e194fb", "timestamp": "2020-01-26T02:18:59.000Z", "eventType": "transaction", "_adobeamericaspot3": {"CRMID": "crmid:4223645687", "orderDetails": {"orderID": "orderid:564648", "reservationid": "V1N-AIAS", "orderType": "mobile"}}}
{"_id": "e4d628f0-53c8-11ea-97f0-b88a60e194fb", "timestamp": "2019-12-12T20:05:57.000Z", "eventType": "transaction", "_adobeamericaspot3": {"CRMID": "crmid:1669604732", "orderDetails": {"orderID": "orderid:357970", "reservationid": "QR9-0JS2", "orderType": "mobile"}}}
{"_id": "e4d6ec52-53c8-11ea-a9b7-b88a60e194fb", "timestamp": "2020-01-30T07:02:08.000Z", "eventType": "transaction", "_adobeamericaspot3": {"CRMID": "crmid:9109375662", "orderDetails": {"orderID": "orderid:682249", "reservationid": "Y7C-W5LQ", "orderType": "mobile"}}}
{"_id": "e4d7d69e-53c8-11ea-b7d2-b88a60e194fb", "timestamp": "2019-12-27T11:05:59.000Z", "eventType": "transaction", "_adobeamericaspot3": {"CRMID": "crmid:7255150231", "orderDetails": {"orderID": "orderid:293362", "reservationid": "AH9-GFR4", "orderType": "kiosk"}}}
{"_id": "e4d898e4-53c8-11ea-a8fc-b88a60e194fb", "timestamp": "2019-12-01T05:12:59.000Z", "eventType": "transaction", "_adobeamericaspot3": {"CRMID": "crmid:3967417240", "orderDetails": {"orderID": "orderid:797395", "reservationid": "XGB-V7JG", "orderType": "mobile"}}}
{"_id": "e4d9844a-53c8-11ea-aa22-b88a60e194fb", "timestamp": "2020-01-21T10:35:18.000Z", "eventType": "transaction", "_adobeamericaspot3": {"CRMID": "crmid:8072130036", "orderDetails": {"orderID": "orderid:509934", "reservationid": "4WE-VA7D", "orderType": "website"}}}
{"_id": "e4da4794-53c8-11ea-936a-b88a60e194fb", "timestamp": "2019-12-26T21:26:58.000Z", "eventType": "transaction", "_adobeamericaspot3": {"CRMID": "crmid:2729155857", "orderDetails": {"orderID": "orderid:675457", "reservationid": "GRD-EFTQ", "orderType": "kiosk"}}}
{"_id": "e4db31f6-53c8-11ea-9336-b88a60e194fb", "timestamp": "2020-02-05T22:12:44.000Z", "eventType": "transaction", "_adobeamericaspot3": {"CRMID": "crmid:8979795383", "orderDetails": {"orderID": "orderid:421694", "reservationid": "HF0-NWCH", "orderType": "website"}}}
{"_id": "e4dc1c40-53c8-11ea-8cec-b88a60e194fb", "timestamp": "2020-01-04T03:27:11.000Z", "eventType": "transaction", "_adobeamericaspot3": {"CRMID": "crmid:2277883097", "orderDetails": {"orderID": "orderid:830572", "reservationid": "O5G-QATP", "orderType": "kiosk"}}}
{"_id": "e4dcdfd2-53c8-11ea-aae9-b88a60e194fb", "timestamp": "2020-01-10T20:11:33.000Z", "eventType": "transaction", "_adobeamericaspot3": {"CRMID": "crmid:5593083816", "orderDetails": {"orderID": "orderid:752437", "reservationid": "LCZ-80CF", "orderType": "mobile"}}}
{"_id": "e4dda2ec-53c8-11ea-b06c-b88a60e194fb", "timestamp": "2020-02-13T17:21:28.000Z", "eventType": "transaction", "_adobeamericaspot3": {"CRMID": "crmid:6342451532", "orderDetails": {"orderID": "orderid:862431", "reservationid": "Y65-QQND", "orderType": "kiosk"}}}
{"_id": "e4de3f4c-53c8-11ea-89f5-b88a60e194fb", "timestamp": "2019-12-28T13:19:30.000Z", "eventType": "transaction", "_adobeamericaspot3": {"CRMID": "crmid:7683263245", "orderDetails": {"orderID": "orderid:211201", "reservationid": "PHH-NWXU", "orderType": "website"}}}
{"_id": "e4df027a-53c8-11ea-923e-b88a60e194fb", "timestamp": "2020-01-03T12:54:58.000Z", "eventType": "transaction", "_adobeamericaspot3": {"CRMID": "crmid:2714366006", "orderDetails": {"orderID": "orderid:191912", "reservationid": "XEL-KJJL", "orderType": "call center"}}}
{"_id": "e4dfebc6-53c8-11ea-96c0-b88a60e194fb", "timestamp": "2019-12-18T18:28:50.000Z", "eventType": "transaction", "_adobeamericaspot3": {"CRMID": "crmid:9405486695", "orderDetails": {"orderID": "orderid:825630", "reservationid": "WII-YQHE", "orderType": "call center"}}}
{"_id": "e4e0d7e8-53c8-11ea-9bfc-b88a60e194fb", "timestamp": "2019-12-04T23:04:23.000Z", "eventType": "transaction", "_adobeamericaspot3": {"CRMID": "crmid:3091391672", "orderDetails": {"orderID": "orderid:381240", "reservationid": "C4T-ZXOV", "orderType": "kiosk"}}}
{"_id": "e4e1e8ba-53c8-11ea-8e23-b88a60e194fb", "timestamp": "2020-01-27T13:15:57.000Z", "eventType": "transaction", "_adobeamericaspot3": {"CRMID": "crmid:4914890645", "orderDetails": {"orderID": "orderid:465321", "reservationid": "YSQ-XXI3", "orderType": "kiosk"}}}
{"_id": "e4e2ac06-53c8-11ea-a32d-b88a60e194fb", "timestamp": "2020-01-26T14:25:34.000Z", "eventType": "transaction", "_adobeamericaspot3": {"CRMID": "crmid:7263133580", "orderDetails": {"orderID": "orderid:442987", "reservationid": "1DV-QK0V", "orderType": "kiosk"}}}
{"_id": "e4e36f36-53c8-11ea-b5f6-b88a60e194fb", "timestamp": "2020-02-08T23:20:16.000Z", "eventType": "transaction", "_adobeamericaspot3": {"CRMID": "crmid:5535724194", "orderDetails": {"orderID": "orderid:794662", "reservationid": "MMT-4VUY", "orderType": "website"}}}
{"_id": "e4e459a8-53c8-11ea-88e1-b88a60e194fb", "timestamp": "2019-12-25T10:07:24.000Z", "eventType": "transaction", "_adobeamericaspot3": {"CRMID": "crmid:4745172467", "orderDetails": {"orderID": "orderid:746759", "reservationid": "DXI-N9XE", "orderType": "call center"}}}
{"_id": "e4e51d00-53c8-11ea-a6f5-b88a60e194fb", "timestamp": "2020-01-16T19:27:03.000Z", "eventType": "transaction", "_adobeamericaspot3": {"CRMID": "crmid:8221862506", "orderDetails": {"orderID": "orderid:975586", "reservationid": "N4D-8Z3L", "orderType": "mobile"}}}
{"_id": "e4e60758-53c8-11ea-8b4e-b88a60e194fb", "timestamp": "2020-01-12T04:14:42.000Z", "eventType": "transaction", "_adobeamericaspot3": {"CRMID": "crmid:3824549186", "orderDetails": {"orderID": "orderid:969216", "reservationid": "RAS-5QAY", "orderType": "website"}}}
{"_id": "e4e6f04a-53c8-11ea-98eb-b88a60e194fb", "timestamp": "2020-01-26T16:53:21.000Z", "eventType": "transaction", "_adobeamericaspot3": {"CRMID": "crmid:7876298363", "orderDetails": {"orderID": "orderid:861070", "reservationid": "HFQ-G8VL", "orderType": "call center"}}}
{"_id": "e4e7b51c-53c8-11ea-b5c2-b88a60e194fb", "timestamp": "2020-02-05T14:49:02.000Z", "eventType": "transaction", "_adobeamericaspot3": {"CRMID": "crmid:1882109464", "orderDetails": {"orderID": "orderid:657702", "reservationid": "SBT-SOQL", "orderType": "service desk"}}}
{"_id": "e4e8513a-53c8-11ea-a4ff-b88a60e194fb", "timestamp": "2020-01-17T11:35:37.000Z", "eventType": "transaction", "_adobeamericaspot3": {"CRMID": "crmid:4032746660", "orderDetails": {"orderID": "orderid:574738", "reservationid": "NPV-RDHF", "orderType": "website"}}}
{"_id": "e4e914d8-53c8-11ea-8a70-b88a60e194fb", "timestamp": "2020-01-03T20:03:39.000Z", "eventType": "transaction", "_adobeamericaspot3": {"CRMID": "crmid:9816466853", "orderDetails": {"orderID": "orderid:169111", "reservationid": "GGN-DTAF", "orderType": "kiosk"}}}
{"_id": "e4e9d7f4-53c8-11ea-afb0-b88a60e194fb", "timestamp": "2020-01-05T04:44:01.000Z", "eventType": "transaction", "_adobeamericaspot3": {"CRMID": "crmid:4840612153", "orderDetails": {"orderID": "orderid:458850", "reservationid": "D5Q-KGGN", "orderType": "call center"}}}
{"_id": "e4eae962-53c8-11ea-8c65-b88a60e194fb", "timestamp": "2020-01-18T23:04:58.000Z", "eventType": "transaction", "_adobeamericaspot3": {"CRMID": "crmid:9264522319", "orderDetails": {"orderID": "orderid:893344", "reservationid": "OZO-ODKU", "orderType": "kiosk"}}}
{"_id": "e4eae963-53c8-11ea-be26-b88a60e194fb", "timestamp": "2020-01-23T00:00:00.000Z", "eventType": "transaction", "_adobeamericaspot3": {"CRMID": "crmid:9264522319", "orderDetails": {"orderID": "orderid:599751", "reservationid": "CIZ-YXIK", "orderType": "kiosk"}}}
{"_id": "e4eb1088-53c8-11ea-8b19-b88a60e194fb", "timestamp": "2020-01-26T00:00:00.000Z", "eventType": "transaction", "_adobeamericaspot3": {"CRMID": "crmid:9264522319", "orderDetails": {"orderID": "orderid:837700", "reservationid": "2SG-REY5", "orderType": "call center"}}}
{"_id": "e4ebd264-53c8-11ea-8e6c-b88a60e194fb", "timestamp": "2019-12-04T01:27:35.000Z", "eventType": "transaction", "_adobeamericaspot3": {"CRMID": "crmid:6267762669", "orderDetails": {"orderID": "orderid:451041", "reservationid": "V5K-R0LH", "orderType": "mobile"}}}
{"_id": "e4ec95ac-53c8-11ea-b27e-b88a60e194fb", "timestamp": "2019-12-02T10:39:15.000Z", "eventType": "transaction", "_adobeamericaspot3": {"CRMID": "crmid:8188685684", "orderDetails": {"orderID": "orderid:749622", "reservationid": "3KL-1XQI", "orderType": "website"}}}
{"_id": "e4eda71e-53c8-11ea-8ca2-b88a60e194fb", "timestamp": "2020-01-07T21:00:10.000Z", "eventType": "transaction", "_adobeamericaspot3": {"CRMID": "crmid:2697157978", "orderDetails": {"orderID": "orderid:649064", "reservationid": "IML-VYOD", "orderType": "website"}}}
{"_id": "e4ee435c-53c8-11ea-957c-b88a60e194fb", "timestamp": "2020-01-28T23:49:18.000Z", "eventType": "transaction", "_adobeamericaspot3": {"CRMID": "crmid:3986340401", "orderDetails": {"orderID": "orderid:582283", "reservationid": "IEL-HYRA", "orderType": "kiosk"}}}
{"_id": "e4ef2e28-53c8-11ea-a612-b88a60e194fb", "timestamp": "2020-01-07T19:24:34.000Z", "eventType": "transaction", "_adobeamericaspot3": {"CRMID": "crmid:3293504907", "orderDetails": {"orderID": "orderid:697503", "reservationid": "QYZ-XGE2", "orderType": "call center"}}}
{"_id": "e4eff112-53c8-11ea-a9cb-b88a60e194fb", "timestamp": "2019-12-05T00:35:53.000Z", "eventType": "transaction", "_adobeamericaspot3": {"CRMID": "crmid:5238204143", "orderDetails": {"orderID": "orderid:395847", "reservationid": "LVI-IXFH", "orderType": "mobile"}}}
{"_id": "e4f01828-53c8-11ea-9c7d-b88a60e194fb", "timestamp": "2019-12-10T00:00:00.000Z", "eventType": "transaction", "_adobeamericaspot3": {"CRMID": "crmid:5238204143", "orderDetails": {"orderID": "orderid:404117", "reservationid": "D9L-ZUZL", "orderType": "website"}}}
{"_id": "e4f01829-53c8-11ea-a8e7-b88a60e194fb", "timestamp": "2019-12-14T00:00:00.000Z", "eventType": "transaction", "_adobeamericaspot3": {"CRMID": "crmid:5238204143", "orderDetails": {"orderID": "orderid:941346", "reservationid": "BHC-EMPA", "orderType": "website"}}}
{"_id": "e4f03f28-53c8-11ea-8e16-b88a60e194fb", "timestamp": "2019-12-21T00:00:00.000Z", "eventType": "transaction", "_adobeamericaspot3": {"CRMID": "crmid:5238204143", "orderDetails": {"orderID": "orderid:817017", "reservationid": "CWH-Y1ZO", "orderType": "kiosk"}}}
{"_id": "e4f10270-53c8-11ea-a7b4-b88a60e194fb", "timestamp": "2019-12-19T10:41:11.000Z", "eventType": "transaction", "_adobeamericaspot3": {"CRMID": "crmid:6293659198", "orderDetails": {"orderID": "orderid:527305", "reservationid": "OJY-HEQB", "orderType": "mobile"}}}
{"_id": "e4f1ece2-53c8-11ea-a897-b88a60e194fb", "timestamp": "2019-12-17T01:02:37.000Z", "eventType": "transaction", "_adobeamericaspot3": {"CRMID": "crmid:8866863067", "orderDetails": {"orderID": "orderid:683213", "reservationid": "YXG-OPGB", "orderType": "website"}}}
{"_id": "e4f2b034-53c8-11ea-91a9-b88a60e194fb", "timestamp": "2020-01-13T16:27:53.000Z", "eventType": "transaction", "_adobeamericaspot3": {"CRMID": "crmid:7702847838", "orderDetails": {"orderID": "orderid:542568", "reservationid": "IWZ-V9TB", "orderType": "call center"}}}
{"_id": "e4f3737e-53c8-11ea-bdc1-b88a60e194fb", "timestamp": "2019-12-11T15:49:57.000Z", "eventType": "transaction", "_adobeamericaspot3": {"CRMID": "crmid:9538099655", "orderDetails": {"orderID": "orderid:374842", "reservationid": "2LI-SYUR", "orderType": "call center"}}}
{"_id": "e4f436d0-53c8-11ea-b299-b88a60e194fb", "timestamp": "2020-01-02T21:56:13.000Z", "eventType": "transaction", "_adobeamericaspot3": {"CRMID": "crmid:8902340984", "orderDetails": {"orderID": "orderid:287841", "reservationid": "VL9-KJQH", "orderType": "website"}}}
{"_id": "e4f4fa1c-53c8-11ea-b341-b88a60e194fb", "timestamp": "2020-01-15T19:45:52.000Z", "eventType": "transaction", "_adobeamericaspot3": {"CRMID": "crmid:7873486583", "orderDetails": {"orderID": "orderid:691353", "reservationid": "TOT-AB9H", "orderType": "call center"}}}
{"_id": "e4f60b90-53c8-11ea-9dbb-b88a60e194fb", "timestamp": "2020-01-06T08:55:19.000Z", "eventType": "transaction", "_adobeamericaspot3": {"CRMID": "crmid:9562737718", "orderDetails": {"orderID": "orderid:493478", "reservationid": "S9O-UYHZ", "orderType": "mobile"}}}
{"_id": "e4f6cee2-53c8-11ea-9488-b88a60e194fb", "timestamp": "2019-12-06T00:55:57.000Z", "eventType": "transaction", "_adobeamericaspot3": {"CRMID": "crmid:6092815087", "orderDetails": {"orderID": "orderid:381292", "reservationid": "GUY-JS94", "orderType": "call center"}}}
{"_id": "e4f7922c-53c8-11ea-b538-b88a60e194fb", "timestamp": "2019-12-19T02:41:33.000Z", "eventType": "transaction", "_adobeamericaspot3": {"CRMID": "crmid:9186720186", "orderDetails": {"orderID": "orderid:476263", "reservationid": "SQ3-YOLT", "orderType": "kiosk"}}}
{"_id": "e4f8557e-53c8-11ea-a32b-b88a60e194fb", "timestamp": "2020-01-26T06:16:35.000Z", "eventType": "transaction", "_adobeamericaspot3": {"CRMID": "crmid:8682544787", "orderDetails": {"orderID": "orderid:166991", "reservationid": "KKP-LWLP", "orderType": "website"}}}
{"_id": "e4f87c86-53c8-11ea-876e-b88a60e194fb", "timestamp": "2020-01-30T00:00:00.000Z", "eventType": "transaction", "_adobeamericaspot3": {"CRMID": "crmid:8682544787", "orderDetails": {"orderID": "orderid:472751", "reservationid": "9OX-UTSG", "orderType": "service desk"}}}
{"_id": "e4f98e14-53c8-11ea-9440-b88a60e194fb", "timestamp": "2019-12-06T07:56:32.000Z", "eventType": "transaction", "_adobeamericaspot3": {"CRMID": "crmid:2420249049", "orderDetails": {"orderID": "orderid:118739", "reservationid": "AFQ-UOWC", "orderType": "website"}}}
{"_id": "e4fb14f0-53c8-11ea-a5d7-b88a60e194fb", "timestamp": "2020-01-27T16:41:16.000Z", "eventType": "transaction", "_adobeamericaspot3": {"CRMID": "crmid:6351794834", "orderDetails": {"orderID": "orderid:627526", "reservationid": "6P3-K4NZ", "orderType": "call center"}}}
{"_id": "e4fc4f24-53c8-11ea-b46c-b88a60e194fb", "timestamp": "2020-01-10T04:23:50.000Z", "eventType": "transaction", "_adobeamericaspot3": {"CRMID": "crmid:4455956158", "orderDetails": {"orderID": "orderid:918374", "reservationid": "LME-GTQ2", "orderType": "website"}}}
{"_id": "e4fd38f0-53c8-11ea-bcda-b88a60e194fb", "timestamp": "2020-01-22T04:49:03.000Z", "eventType": "transaction", "_adobeamericaspot3": {"CRMID": "crmid:2437652015", "orderDetails": {"orderID": "orderid:590615", "reservationid": "ZGF-FRJG", "orderType": "website"}}}
{"_id": "e4fdd51e-53c8-11ea-a705-b88a60e194fb", "timestamp": "2020-01-19T13:51:24.000Z", "eventType": "transaction", "_adobeamericaspot3": {"CRMID": "crmid:2886333610", "orderDetails": {"orderID": "orderid:488499", "reservationid": "7FW-UNTU", "orderType": "mobile"}}}
{"_id": "e4febe0c-53c8-11ea-a687-b88a60e194fb", "timestamp": "2020-01-20T13:13:03.000Z", "eventType": "transaction", "_adobeamericaspot3": {"CRMID": "crmid:9031611445", "orderDetails": {"orderID": "orderid:671120", "reservationid": "WS9-XWSJ", "orderType": "call center"}}}
{"_id": "e4ff82da-53c8-11ea-b913-b88a60e194fb", "timestamp": "2019-12-25T18:17:34.000Z", "eventType": "transaction", "_adobeamericaspot3": {"CRMID": "crmid:7940722969", "orderDetails": {"orderID": "orderid:800675", "reservationid": "GHW-IBU0", "orderType": "kiosk"}}}
{"_id": "e5006d52-53c8-11ea-a5e1-b88a60e194fb", "timestamp": "2020-01-07T01:37:04.000Z", "eventType": "transaction", "_adobeamericaspot3": {"CRMID": "crmid:5534591068", "orderDetails": {"orderID": "orderid:245557", "reservationid": "JEE-70B2", "orderType": "mobile"}}}
{"_id": "e5013082-53c8-11ea-bcab-b88a60e194fb", "timestamp": "2019-12-10T02:39:59.000Z", "eventType": "transaction", "_adobeamericaspot3": {"CRMID": "crmid:3002495360", "orderDetails": {"orderID": "orderid:324710", "reservationid": "HVY-N0YR", "orderType": "kiosk"}}}
{"_id": "e5021af6-53c8-11ea-8a9f-b88a60e194fb", "timestamp": "2019-12-05T19:12:44.000Z", "eventType": "transaction", "_adobeamericaspot3": {"CRMID": "crmid:8839823117", "orderDetails": {"orderID": "orderid:703341", "reservationid": "W63-LTRR", "orderType": "call center"}}}
{"_id": "e502de52-53c8-11ea-bfa3-b88a60e194fb", "timestamp": "2020-01-09T15:53:41.000Z", "eventType": "transaction", "_adobeamericaspot3": {"CRMID": "crmid:9159947770", "orderDetails": {"orderID": "orderid:100567", "reservationid": "RT8-FOIZ", "orderType": "call center"}}}
{"_id": "e503a09c-53c8-11ea-a310-b88a60e194fb", "timestamp": "2020-01-16T12:09:24.000Z", "eventType": "transaction", "_adobeamericaspot3": {"CRMID": "crmid:6477127926", "orderDetails": {"orderID": "orderid:945345", "reservationid": "ERA-ASE5", "orderType": "service desk"}}}
{"_id": "e50464d2-53c8-11ea-ac49-b88a60e194fb", "timestamp": "2020-01-25T22:21:14.000Z", "eventType": "transaction", "_adobeamericaspot3": {"CRMID": "crmid:6170228790", "orderDetails": {"orderID": "orderid:595449", "reservationid": "LYH-JA8C", "orderType": "kiosk"}}}
{"_id": "e5050122-53c8-11ea-a839-b88a60e194fb", "timestamp": "2020-01-06T19:11:45.000Z", "eventType": "transaction", "_adobeamericaspot3": {"CRMID": "crmid:3156818133", "orderDetails": {"orderID": "orderid:764266", "reservationid": "LHQ-NTLT", "orderType": "website"}}}
{"_id": "e505c48a-53c8-11ea-8a16-b88a60e194fb", "timestamp": "2019-12-29T10:18:22.000Z", "eventType": "transaction", "_adobeamericaspot3": {"CRMID": "crmid:4104879050", "orderDetails": {"orderID": "orderid:719418", "reservationid": "TCO-LH8Q", "orderType": "kiosk"}}}
{"_id": "e505eb86-53c8-11ea-9d1e-b88a60e194fb", "timestamp": "2020-01-06T00:00:00.000Z", "eventType": "transaction", "_adobeamericaspot3": {"CRMID": "crmid:4104879050", "orderDetails": {"orderID": "orderid:252522", "reservationid": "3SF-LCFC", "orderType": "mobile"}}}
{"_id": "e50687b8-53c8-11ea-93bf-b88a60e194fb", "timestamp": "2020-02-16T11:07:51.000Z", "eventType": "transaction", "_adobeamericaspot3": {"CRMID": "crmid:2267206968", "orderDetails": {"orderID": "orderid:885967", "reservationid": "DDQ-XHQR", "orderType": "call center"}}}
{"_id": "e507bec2-53c8-11ea-9528-b88a60e194fb", "timestamp": "2020-01-02T04:18:31.000Z", "eventType": "transaction", "_adobeamericaspot3": {"CRMID": "crmid:6548104287", "orderDetails": {"orderID": "orderid:526166", "reservationid": "LW4-X6TJ", "orderType": "website"}}}
{"_id": "e509455e-53c8-11ea-9f64-b88a60e194fb", "timestamp": "2020-02-12T16:23:26.000Z", "eventType": "transaction", "_adobeamericaspot3": {"CRMID": "crmid:6394560706", "orderDetails": {"orderID": "orderid:663192", "reservationid": "QIE-UTJO", "orderType": "kiosk"}}}
{"_id": "e50a570a-53c8-11ea-961a-b88a60e194fb", "timestamp": "2020-02-04T01:21:19.000Z", "eventType": "transaction", "_adobeamericaspot3": {"CRMID": "crmid:1721132804", "orderDetails": {"orderID": "orderid:154225", "reservationid": "ZZG-0IXZ", "orderType": "website"}}}
{"_id": "e50b1b94-53c8-11ea-ae0a-b88a60e194fb", "timestamp": "2020-01-09T10:57:05.000Z", "eventType": "transaction", "_adobeamericaspot3": {"CRMID": "crmid:9330861822", "orderDetails": {"orderID": "orderid:571766", "reservationid": "ZN4-IHVH", "orderType": "website"}}}
{"_id": "e50c05fe-53c8-11ea-a2de-b88a60e194fb", "timestamp": "2020-02-09T11:57:20.000Z", "eventType": "transaction", "_adobeamericaspot3": {"CRMID": "crmid:6437160977", "orderDetails": {"orderID": "orderid:872923", "reservationid": "LEM-JTBY", "orderType": "call center"}}}
{"_id": "e50cc8ae-53c8-11ea-aec4-b88a60e194fb", "timestamp": "2020-02-04T23:38:51.000Z", "eventType": "transaction", "_adobeamericaspot3": {"CRMID": "crmid:2252701210", "orderDetails": {"orderID": "orderid:794647", "reservationid": "RNY-LJBW", "orderType": "website"}}}
{"_id": "e50d8c92-53c8-11ea-8472-b88a60e194fb", "timestamp": "2020-01-12T19:41:41.000Z", "eventType": "transaction", "_adobeamericaspot3": {"CRMID": "crmid:8723022063", "orderDetails": {"orderID": "orderid:545269", "reservationid": "TXA-PC5G", "orderType": "mobile"}}}
{"_id": "e50e4ff4-53c8-11ea-9a92-b88a60e194fb", "timestamp": "2019-12-11T00:52:27.000Z", "eventType": "transaction", "_adobeamericaspot3": {"CRMID": "crmid:2683553784", "orderDetails": {"orderID": "orderid:491457", "reservationid": "NHZ-JJHV", "orderType": "mobile"}}}
{"_id": "e50eec28-53c8-11ea-8953-b88a60e194fb", "timestamp": "2020-02-12T19:54:22.000Z", "eventType": "transaction", "_adobeamericaspot3": {"CRMID": "crmid:1383816011", "orderDetails": {"orderID": "orderid:936923", "reservationid": "H8U-NFMU", "orderType": "call center"}}}
{"_id": "e50faf86-53c8-11ea-a592-b88a60e194fb", "timestamp": "2020-02-09T23:57:48.000Z", "eventType": "transaction", "_adobeamericaspot3": {"CRMID": "crmid:3588211431", "orderDetails": {"orderID": "orderid:735417", "reservationid": "1HA-ULSV", "orderType": "call center"}}}
{"_id": "e510e736-53c8-11ea-bd22-b88a60e194fb", "timestamp": "2019-12-15T07:29:44.000Z", "eventType": "transaction", "_adobeamericaspot3": {"CRMID": "crmid:3949226791", "orderDetails": {"orderID": "orderid:970663", "reservationid": "W2P-OI2X", "orderType": "call center"}}}
{"_id": "e5124628-53c8-11ea-b4c5-b88a60e194fb", "timestamp": "2020-02-11T02:35:05.000Z", "eventType": "transaction", "_adobeamericaspot3": {"CRMID": "crmid:8082912198", "orderDetails": {"orderID": "orderid:259990", "reservationid": "UDV-5QQQ", "orderType": "website"}}}
{"_id": "e5137fb6-53c8-11ea-8fa5-b88a60e194fb", "timestamp": "2020-01-28T05:13:25.000Z", "eventType": "transaction", "_adobeamericaspot3": {"CRMID": "crmid:3644051190", "orderDetails": {"orderID": "orderid:326411", "reservationid": "RM1-VGNA", "orderType": "website"}}}
{"_id": "e5144336-53c8-11ea-af6e-b88a60e194fb", "timestamp": "2020-02-02T03:24:42.000Z", "eventType": "transaction", "_adobeamericaspot3": {"CRMID": "crmid:4462941103", "orderDetails": {"orderID": "orderid:890360", "reservationid": "CPD-TDJA", "orderType": "website"}}}
{"_id": "e5152c6e-53c8-11ea-af1f-b88a60e194fb", "timestamp": "2019-12-06T06:33:28.000Z", "eventType": "transaction", "_adobeamericaspot3": {"CRMID": "crmid:5623399473", "orderDetails": {"orderID": "orderid:329345", "reservationid": "LUE-8JNC", "orderType": "website"}}}
{"_id": "e51616d8-53c8-11ea-8e1f-b88a60e194fb", "timestamp": "2019-12-28T18:22:53.000Z", "eventType": "transaction", "_adobeamericaspot3": {"CRMID": "crmid:3988755722", "orderDetails": {"orderID": "orderid:894027", "reservationid": "GET-DYB3", "orderType": "kiosk"}}}
{"_id": "e5170158-53c8-11ea-a3af-b88a60e194fb", "timestamp": "2020-01-05T10:14:01.000Z", "eventType": "transaction", "_adobeamericaspot3": {"CRMID": "crmid:6930551981", "orderDetails": {"orderID": "orderid:667073", "reservationid": "BKW-2ICB", "orderType": "call center"}}}
{"_id": "e517c49c-53c8-11ea-bebd-b88a60e194fb", "timestamp": "2019-12-16T07:56:01.000Z", "eventType": "transaction", "_adobeamericaspot3": {"CRMID": "crmid:1507630879", "orderDetails": {"orderID": "orderid:997370", "reservationid": "GWD-A73Z", "orderType": "kiosk"}}}
{"_id": "e51887dc-53c8-11ea-9304-b88a60e194fb", "timestamp": "2019-12-14T02:19:28.000Z", "eventType": "transaction", "_adobeamericaspot3": {"CRMID": "crmid:8879789752", "orderDetails": {"orderID": "orderid:726862", "reservationid": "FBA-XM1P", "orderType": "mobile"}}}
{"_id": "e519241a-53c8-11ea-b420-b88a60e194fb", "timestamp": "2020-01-03T02:58:49.000Z", "eventType": "transaction", "_adobeamericaspot3": {"CRMID": "crmid:7578569838", "orderDetails": {"orderID": "orderid:201420", "reservationid": "BQM-6WCJ", "orderType": "kiosk"}}}
{"_id": "e51a0f98-53c8-11ea-9164-b88a60e194fb", "timestamp": "2020-01-02T03:18:38.000Z", "eventType": "transaction", "_adobeamericaspot3": {"CRMID": "crmid:7657600767", "orderDetails": {"orderID": "orderid:609549", "reservationid": "IAG-UIYL", "orderType": "mobile"}}}
{"_id": "e51ad1cc-53c8-11ea-a6cc-b88a60e194fb", "timestamp": "2020-02-03T09:46:07.000Z", "eventType": "transaction", "_adobeamericaspot3": {"CRMID": "crmid:9347426042", "orderDetails": {"orderID": "orderid:238121", "reservationid": "HWF-CIE8", "orderType": "kiosk"}}}
{"_id": "e51ddf06-53c8-11ea-bba1-b88a60e194fb", "timestamp": "2019-12-14T17:09:20.000Z", "eventType": "transaction", "_adobeamericaspot3": {"CRMID": "crmid:5242963518", "orderDetails": {"orderID": "orderid:100817", "reservationid": "URS-ZJFM", "orderType": "call center"}}}
{"_id": "e51ef07a-53c8-11ea-be46-b88a60e194fb", "timestamp": "2020-02-11T21:08:45.000Z", "eventType": "transaction", "_adobeamericaspot3": {"CRMID": "crmid:9113541730", "orderDetails": {"orderID": "orderid:105194", "reservationid": "RMT-RSMU", "orderType": "kiosk"}}}
{"_id": "e52001e6-53c8-11ea-b443-b88a60e194fb", "timestamp": "2019-12-04T07:49:16.000Z", "eventType": "transaction", "_adobeamericaspot3": {"CRMID": "crmid:4335186228", "orderDetails": {"orderID": "orderid:671144", "reservationid": "GF1-CKPJ", "orderType": "website"}}}
{"_id": "e520c53a-53c8-11ea-a727-b88a60e194fb", "timestamp": "2020-01-03T14:58:33.000Z", "eventType": "transaction", "_adobeamericaspot3": {"CRMID": "crmid:9063390253", "orderDetails": {"orderID": "orderid:734673", "reservationid": "XDW-XH6A", "orderType": "call center"}}}
{"_id": "e5216180-53c8-11ea-98b2-b88a60e194fb", "timestamp": "2019-12-09T12:10:41.000Z", "eventType": "transaction", "_adobeamericaspot3": {"CRMID": "crmid:4818271034", "orderDetails": {"orderID": "orderid:253776", "reservationid": "PZ0-X4K1", "orderType": "kiosk"}}}
{"_id": "e52224ca-53c8-11ea-bc39-b88a60e194fb", "timestamp": "2020-02-13T16:24:19.000Z", "eventType": "transaction", "_adobeamericaspot3": {"CRMID": "crmid:2055620850", "orderDetails": {"orderID": "orderid:627550", "reservationid": "ZAB-BVPH", "orderType": "website"}}}
{"_id": "e5230efe-53c8-11ea-9497-b88a60e194fb", "timestamp": "2020-01-04T19:01:58.000Z", "eventType": "transaction", "_adobeamericaspot3": {"CRMID": "crmid:3178847308", "orderDetails": {"orderID": "orderid:959844", "reservationid": "DXY-CL1C", "orderType": "website"}}}
{"_id": "e523d24a-53c8-11ea-b5e3-b88a60e194fb", "timestamp": "2019-12-12T13:41:02.000Z", "eventType": "transaction", "_adobeamericaspot3": {"CRMID": "crmid:9551607353", "orderDetails": {"orderID": "orderid:691501", "reservationid": "5NO-VKUR", "orderType": "mobile"}}}
{"_id": "e524bcc8-53c8-11ea-a750-b88a60e194fb", "timestamp": "2019-12-22T15:08:02.000Z", "eventType": "transaction", "_adobeamericaspot3": {"CRMID": "crmid:3482670819", "orderDetails": {"orderID": "orderid:160746", "reservationid": "AY9-ZYCN", "orderType": "website"}}}
{"_id": "e525a73e-53c8-11ea-ba18-b88a60e194fb", "timestamp": "2020-02-08T23:21:33.000Z", "eventType": "transaction", "_adobeamericaspot3": {"CRMID": "crmid:7958634501", "orderDetails": {"orderID": "orderid:955888", "reservationid": "EQU-RWGE", "orderType": "mobile"}}}
{"_id": "e5266a8a-53c8-11ea-9f47-b88a60e194fb", "timestamp": "2020-01-30T19:44:05.000Z", "eventType": "transaction", "_adobeamericaspot3": {"CRMID": "crmid:6743353298", "orderDetails": {"orderID": "orderid:737296", "reservationid": "2LC-6G6I", "orderType": "website"}}}
{"_id": "e52754ec-53c8-11ea-826d-b88a60e194fb", "timestamp": "2020-02-03T07:31:05.000Z", "eventType": "transaction", "_adobeamericaspot3": {"CRMID": "crmid:5368837277", "orderDetails": {"orderID": "orderid:965356", "reservationid": "IXF-WQ6B", "orderType": "call center"}}}
{"_id": "e528665a-53c8-11ea-b4cf-b88a60e194fb", "timestamp": "2019-12-08T07:36:42.000Z", "eventType": "transaction", "_adobeamericaspot3": {"CRMID": "crmid:4843486771", "orderDetails": {"orderID": "orderid:733872", "reservationid": "RWD-JMEP", "orderType": "website"}}}
{"_id": "e52929ac-53c8-11ea-a3d5-b88a60e194fb", "timestamp": "2020-02-11T02:24:03.000Z", "eventType": "transaction", "_adobeamericaspot3": {"CRMID": "crmid:2555068131", "orderDetails": {"orderID": "orderid:177646", "reservationid": "TOR-TFDY", "orderType": "call center"}}}
{"_id": "e529ecfe-53c8-11ea-a212-b88a60e194fb", "timestamp": "2020-02-07T10:04:00.000Z", "eventType": "transaction", "_adobeamericaspot3": {"CRMID": "crmid:5225211271", "orderDetails": {"orderID": "orderid:265456", "reservationid": "MBA-CZEH", "orderType": "website"}}}
{"_id": "e52ad762-53c8-11ea-a1d4-b88a60e194fb", "timestamp": "2020-01-10T08:08:59.000Z", "eventType": "transaction", "_adobeamericaspot3": {"CRMID": "crmid:9758568869", "orderDetails": {"orderID": "orderid:961701", "reservationid": "NVA-1XYI", "orderType": "mobile"}}}
{"_id": "e52b9aba-53c8-11ea-b265-b88a60e194fb", "timestamp": "2020-02-04T02:38:37.000Z", "eventType": "transaction", "_adobeamericaspot3": {"CRMID": "crmid:7512895000", "orderDetails": {"orderID": "orderid:949532", "reservationid": "GI2-DOAM", "orderType": "call center"}}}
{"_id": "e52c5dfa-53c8-11ea-a702-b88a60e194fb", "timestamp": "2019-12-26T20:52:51.000Z", "eventType": "transaction", "_adobeamericaspot3": {"CRMID": "crmid:7846402591", "orderDetails": {"orderID": "orderid:561840", "reservationid": "RIZ-KELO", "orderType": "call center"}}}
{"_id": "e52c8508-53c8-11ea-8f41-b88a60e194fb", "timestamp": "2019-12-31T00:00:00.000Z", "eventType": "transaction", "_adobeamericaspot3": {"CRMID": "crmid:7846402591", "orderDetails": {"orderID": "orderid:343114", "reservationid": "WLD-V7XJ", "orderType": "website"}}}
{"_id": "e52d6f76-53c8-11ea-a812-b88a60e194fb", "timestamp": "2020-01-20T06:24:49.000Z", "eventType": "transaction", "_adobeamericaspot3": {"CRMID": "crmid:1461401846", "orderDetails": {"orderID": "orderid:839822", "reservationid": "II8-ZXFT", "orderType": "kiosk"}}}
{"_id": "e52e59c8-53c8-11ea-985a-b88a60e194fb", "timestamp": "2019-12-28T12:33:10.000Z", "eventType": "transaction", "_adobeamericaspot3": {"CRMID": "crmid:5534859459", "orderDetails": {"orderID": "orderid:784444", "reservationid": "U1P-CJNH", "orderType": "call center"}}}
{"_id": "e52f1cf4-53c8-11ea-8a01-b88a60e194fb", "timestamp": "2019-12-17T12:17:18.000Z", "eventType": "transaction", "_adobeamericaspot3": {"CRMID": "crmid:6861461462", "orderDetails": {"orderID": "orderid:726830", "reservationid": "UPV-CERX", "orderType": "kiosk"}}}
{"_id": "e5302e58-53c8-11ea-9106-b88a60e194fb", "timestamp": "2020-02-13T17:39:37.000Z", "eventType": "transaction", "_adobeamericaspot3": {"CRMID": "crmid:6453000581", "orderDetails": {"orderID": "orderid:571057", "reservationid": "KSX-TXUO", "orderType": "website"}}}
{"_id": "e530f1b0-53c8-11ea-9de9-b88a60e194fb", "timestamp": "2019-12-14T09:34:04.000Z", "eventType": "transaction", "_adobeamericaspot3": {"CRMID": "crmid:5412112250", "orderDetails": {"orderID": "orderid:326278", "reservationid": "FDI-MKE8", "orderType": "website"}}}
{"_id": "e53203be-53c8-11ea-ae37-b88a60e194fb", "timestamp": "2020-02-09T02:16:18.000Z", "eventType": "transaction", "_adobeamericaspot3": {"CRMID": "crmid:3776615818", "orderDetails": {"orderID": "orderid:116359", "reservationid": "3FL-G495", "orderType": "website"}}}
{"_id": "e532ed80-53c8-11ea-85be-b88a60e194fb", "timestamp": "2019-12-21T10:55:29.000Z", "eventType": "transaction", "_adobeamericaspot3": {"CRMID": "crmid:5447186233", "orderDetails": {"orderID": "orderid:380163", "reservationid": "TRC-QGBV", "orderType": "service desk"}}}
{"_id": "e533d7e6-53c8-11ea-98dd-b88a60e194fb", "timestamp": "2020-01-20T10:03:56.000Z", "eventType": "transaction", "_adobeamericaspot3": {"CRMID": "crmid:9808468694", "orderDetails": {"orderID": "orderid:862705", "reservationid": "MNW-ZX45", "orderType": "call center"}}}
{"_id": "e5349b46-53c8-11ea-b026-b88a60e194fb", "timestamp": "2019-12-06T08:55:50.000Z", "eventType": "transaction", "_adobeamericaspot3": {"CRMID": "crmid:7231223149", "orderDetails": {"orderID": "orderid:286409", "reservationid": "LHM-DWJS", "orderType": "service desk"}}}
{"_id": "e5355e80-53c8-11ea-9a2a-b88a60e194fb", "timestamp": "2019-12-24T05:24:46.000Z", "eventType": "transaction", "_adobeamericaspot3": {"CRMID": "crmid:1431182280", "orderDetails": {"orderID": "orderid:192460", "reservationid": "ERS-ON4Z", "orderType": "kiosk"}}}
{"_id": "e53621cc-53c8-11ea-a765-b88a60e194fb", "timestamp": "2020-01-31T07:43:34.000Z", "eventType": "transaction", "_adobeamericaspot3": {"CRMID": "crmid:3681575207", "orderDetails": {"orderID": "orderid:983498", "reservationid": "P8J-APTQ", "orderType": "website"}}}
{"_id": "e536e51a-53c8-11ea-b73c-b88a60e194fb", "timestamp": "2020-02-05T23:09:36.000Z", "eventType": "transaction", "_adobeamericaspot3": {"CRMID": "crmid:2740312542", "orderDetails": {"orderID": "orderid:195721", "reservationid": "CMA-CV2C", "orderType": "website"}}}
