id,reservationid,orderid,crmid,timestamp,orderType,productsku,hotelCheckInUnix,hotelCheckOutUnix,hotelCheckInTS,hotelCheckOutTS,hotelName,hotelChain,hotelLocation,hotelRoomType,hotelRoomCount,hotelGuestAdultCount,hotelGuestChildCount,hotelNightCount,hotelRoomPrice,hotelFinalPrice
orderid:677223,0RS-OT1N,orderid:677223,crmid:4016100257,2019-12-02T07:52:16.000Z,website,prd1015,1575359536,1575532336,2019-12-03T07:52:16+00:00,2019-12-05T07:52:16+00:00,Family Fun Hotels: San Francisco,Family Fun Hotels,San Francisco,standard,1,1,0,2,111.39,222.78
orderid:990136,SGK-MTNU,orderid:990136,crmid:4016100257,2019-12-07T00:00:00.000Z,mobile,prd1088,1575763200,1576022400,2019-12-08T00:00:00+00:00,2019-12-11T00:00:00+00:00,Aspen Heights: Ankara,Aspen Heights,Ankara,premium,1,1,0,3,152.01,456.03
orderid:200885,7FA-ZC4D,orderid:200885,crmid:7009217019,2020-01-06T07:48:20.000Z,kiosk,prd1054,1580197700,1580716100,2020-01-28T07:48:20+00:00,2020-02-03T07:48:20+00:00,Sego Lily Suites: Tampa,Sego Lily Suites,Tampa,premium,1,1,0,6,120.66,723.96
orderid:462583,OTO-7XBO,orderid:462583,crmid:8131419370,2020-01-15T18:02:20.000Z,website,prd1119,1579197740,1579456940,2020-01-16T18:02:20+00:00,2020-01-19T18:02:20+00:00,Hospitality Inn: Turin,Hospitality Inn,Turin,premium,1,1,0,3,123.25,369.75
orderid:269623,XMH-YH1J,orderid:269623,crmid:4046104528,2020-01-01T10:15:40.000Z,website,prd1177,1579169740,1580206540,2020-01-16T10:15:40+00:00,2020-01-28T10:15:40+00:00,Admiralty Plaza: Raleigh,Admiralty Plaza,Raleigh,premium,1,1,0,12,84.36,1012.32
orderid:725642,QJZ-66JF,orderid:725642,crmid:7811947628,2020-02-15T14:35:31.000Z,kiosk,prd1034,1581863731,1582036531,2020-02-16T14:35:31+00:00,2020-02-18T14:35:31+00:00,Blue Reef Resort: Albuquerque,Blue Reef Resort,Albuquerque,standard,1,1,0,2,121.92,243.84
orderid:464159,HOT-FVGJ,orderid:464159,crmid:3835701716,2020-02-02T07:14:33.000Z,kiosk,prd1038,1582701273,1583306073,2020-02-26T07:14:33+00:00,2020-03-04T07:14:33+00:00,Restful Nights: Mesa,Restful Nights,Mesa,standard,1,1,0,7,169.57,1186.99
orderid:514461,KFA-CJMK,orderid:514461,crmid:1450976337,2020-01-19T15:00:49.000Z,kiosk,prd1034,1581519649,1582729249,2020-02-12T15:00:49+00:00,2020-02-26T15:00:49+00:00,Blue Reef Resort: Albuquerque,Blue Reef Resort,Albuquerque,premium,1,1,0,14,104.6,1464.4
orderid:630993,U9F-J8FB,orderid:630993,crmid:7419443368,2020-01-07T01:13:20.000Z,website,prd1043,1580346800,1581124400,2020-01-30T01:13:20+00:00,2020-02-08T01:13:20+00:00,Nesting Box Inn: Raleigh,Nesting Box Inn,Raleigh,standard,1,1,2,9,150.02,1350.18
orderid:291167,O4L-PGRF,orderid:291167,crmid:6353175329,2020-02-16T10:59:29.000Z,service desk,prd1086,1582023569,1582109969,2020-02-18T10:59:29+00:00,2020-02-19T10:59:29+00:00,Restful Nights: Johannesburg,Restful Nights,Johannesburg,standard,1,1,0,1,166.35,166.35
orderid:231062,I9X-SYI8,orderid:231062,crmid:9830133061,2019-12-24T16:45:50.000Z,kiosk,prd1088,1577292350,1577378750,2019-12-25T16:45:50+00:00,2019-12-26T16:45:50+00:00,Aspen Heights: Ankara,Aspen Heights,Ankara,standard,1,1,0,1,106.66,106.66
orderid:982029,ZWF-B3ME,orderid:982029,crmid:1086252987,2019-12-26T23:54:57.000Z,mobile,prd1063,1578873297,1579478097,2020-01-12T23:54:57+00:00,2020-01-19T23:54:57+00:00,Family Fun Hotels: London,Family Fun Hotels,London,standard,1,1,0,7,126.82,887.74
orderid:139531,8F4-VQBB,orderid:139531,crmid:6191718765,2020-01-02T09:29:52.000Z,kiosk,prd1141,1580462992,1581240592,2020-01-31T09:29:52+00:00,2020-02-09T09:29:52+00:00,Admiralty Plaza: Phoenix,Admiralty Plaza,Phoenix,standard,1,1,0,9,155.44,1398.96
orderid:738246,PJS-3ZTR,orderid:738246,crmid:9606056838,2020-02-13T14:37:20.000Z,website,prd1081,1581691040,1581863840,2020-02-14T14:37:20+00:00,2020-02-16T14:37:20+00:00,Admiralty Plaza: Rod de Janeiro,Admiralty Plaza,Rod de Janeiro,standard,1,1,0,2,136.79,273.58
orderid:130856,6AK-J7EY,orderid:130856,crmid:7503517455,2019-12-08T16:07:43.000Z,website,prd1125,1576512463,1578067663,2019-12-16T16:07:43+00:00,2020-01-03T16:07:43+00:00,Sapphire Suites: Palermo,Sapphire Suites,Palermo,premium,1,1,0,18,121.88,2193.84
orderid:643301,GTH-YZLD,orderid:643301,crmid:7274729223,2019-12-29T03:01:33.000Z,call center,prd1077,1579748493,1580526093,2020-01-23T03:01:33+00:00,2020-02-01T03:01:33+00:00,Sapphire Suites: Cairo,Sapphire Suites,Cairo,standard,1,1,0,9,129.96,1169.64
orderid:348508,IV0-00RO,orderid:348508,crmid:5117019210,2020-02-01T08:56:44.000Z,mobile,prd1122,1581065804,1581584204,2020-02-07T08:56:44+00:00,2020-02-13T08:56:44+00:00,Restful Nights: Valencia,Restful Nights,Valencia,standard,1,1,1,6,172.05,1032.3
orderid:700676,GC9-B9AD,orderid:700676,crmid:2190343293,2020-01-26T10:04:21.000Z,call center,prd1101,1582020261,1582452261,2020-02-18T10:04:21+00:00,2020-02-23T10:04:21+00:00,Sapphire Suites: Vienna,Sapphire Suites,Vienna,standard,1,1,0,5,149.84,749.2
orderid:935456,DIF-DYGZ,orderid:935456,crmid:6055110134,2020-01-07T05:18:37.000Z,website,prd1141,1580102317,1581139117,2020-01-27T05:18:37+00:00,2020-02-08T05:18:37+00:00,Admiralty Plaza: Phoenix,Admiralty Plaza,Phoenix,standard,1,1,0,12,147.76,1773.12
orderid:347731,UY5-B5B7,orderid:347731,crmid:1889904100,2020-01-08T23:46:39.000Z,service desk,prd1121,1578613599,1578786399,2020-01-09T23:46:39+00:00,2020-01-11T23:46:39+00:00,Grandeur Hotels: Stockholm,Grandeur Hotels,Stockholm,standard,1,1,0,2,137.28,274.56
orderid:790104,CIE-CWKE,orderid:790104,crmid:1245912168,2019-12-24T03:58:08.000Z,website,prd1029,1577332688,1577419088,2019-12-26T03:58:08+00:00,2019-12-27T03:58:08+00:00,Sapphire Suites: Oklahoma City,Sapphire Suites,Oklahoma City,premium,1,1,0,1,140.38,140.38
orderid:279501,YBW-LWV0,orderid:279501,crmid:1245912168,2019-12-28T00:00:00.000Z,mobile,prd1078,1577577600,1577836800,2019-12-29T00:00:00+00:00,2020-01-01T00:00:00+00:00,Sego Lily Suites: Ho Chi Minh,Sego Lily Suites,Ho Chi Minh,standard,1,1,0,3,129.01,387.03
orderid:836020,GWI-SM1C,orderid:836020,crmid:7467915777,2020-01-22T21:25:05.000Z,call center,prd1134,1581888305,1582233905,2020-02-16T21:25:05+00:00,2020-02-20T21:25:05+00:00,Restful Nights: Montreal,Restful Nights,Montreal,standard,1,1,2,4,119.19,476.76
orderid:375236,ZF0-DUC2,orderid:375236,crmid:5357622513,2019-12-06T20:13:22.000Z,mobile,prd1046,1575836002,1576181602,2019-12-08T20:13:22+00:00,2019-12-12T20:13:22+00:00,Blue Reef Resort: Virginia Beach,Blue Reef Resort,Virginia Beach,standard,1,1,0,4,114.77,459.08
orderid:596399,JFP-NKI9,orderid:596399,crmid:3068721407,2020-02-05T21:16:14.000Z,call center,prd1094,1581110174,1581196574,2020-02-07T21:16:14+00:00,2020-02-08T21:16:14+00:00,Blue Reef Resort: Berlin,Blue Reef Resort,Berlin,standard,1,1,0,1,141.52,141.52
orderid:525151,X7X-5UDF,orderid:525151,crmid:3850107583,2020-01-12T15:10:05.000Z,kiosk,prd1029,1580915405,1581261005,2020-02-05T15:10:05+00:00,2020-02-09T15:10:05+00:00,Sapphire Suites: Oklahoma City,Sapphire Suites,Oklahoma City,standard,1,1,0,4,149.0,596.0
orderid:846187,NHR-RZRD,orderid:846187,crmid:7788665765,2019-12-15T01:33:31.000Z,kiosk,prd1149,1578879211,1579397611,2020-01-13T01:33:31+00:00,2020-01-19T01:33:31+00:00,Sapphire Suites: San Francisco,Sapphire Suites,San Francisco,standard,1,1,4,6,167.49,1004.94
orderid:708371,GTW-REHJ,orderid:708371,crmid:4563618615,2020-01-15T02:48:22.000Z,kiosk,prd1100,1579142902,1579315702,2020-01-16T02:48:22+00:00,2020-01-18T02:48:22+00:00,Aspen Heights: Misk,Aspen Heights,Misk,premium,1,1,0,2,163.49,326.98
orderid:714006,WP9-MS1S,orderid:714006,crmid:8471616519,2020-01-02T20:16:12.000Z,call center,prd1032,1579983372,1580415372,2020-01-25T20:16:12+00:00,2020-01-30T20:16:12+00:00,Repose Resort: Baltimore,Repose Resort,Baltimore,standard,1,1,0,5,164.06,820.3
orderid:828101,USL-XSG7,orderid:828101,crmid:6445522232,2019-12-17T03:34:40.000Z,mobile,prd1043,1576640080,1576726480,2019-12-18T03:34:40+00:00,2019-12-19T03:34:40+00:00,Nesting Box Inn: Raleigh,Nesting Box Inn,Raleigh,luxury,1,1,0,1,325.14,325.14
orderid:703310,T0G-PMKF,orderid:703310,crmid:9322694503,2019-12-23T07:34:46.000Z,kiosk,prd1193,1577172886,1577259286,2019-12-24T07:34:46+00:00,2019-12-25T07:34:46+00:00,Grandeur Hotels: Kinshasa,Grandeur Hotels,Kinshasa,standard,1,1,0,1,104.02,104.02
orderid:561818,WTW-2NUS,orderid:561818,crmid:9322694503,2019-12-27T00:00:00.000Z,call center,prd1057,1577750400,1578009600,2019-12-31T00:00:00+00:00,2020-01-03T00:00:00+00:00,Admiralty Plaza: Mumbai,Admiralty Plaza,Mumbai,standard,1,1,0,3,195.53,586.59
orderid:398815,QZS-DI96,orderid:398815,crmid:1008244357,2020-01-01T02:30:43.000Z,website,prd1148,1580265043,1581820243,2020-01-29T02:30:43+00:00,2020-02-16T02:30:43+00:00,Aspen Heights: Jacksonville,Aspen Heights,Jacksonville,standard,1,1,1,18,132.6,2386.8
orderid:544910,GV7-FHNR,orderid:544910,crmid:5118046674,2019-12-07T04:33:01.000Z,mobile,prd1101,1577593981,1578457981,2019-12-29T04:33:01+00:00,2020-01-08T04:33:01+00:00,Sapphire Suites: Vienna,Sapphire Suites,Vienna,premium,1,1,0,10,100.75,1007.5
orderid:467125,UMZ-6KDY,orderid:467125,crmid:6842344411,2020-01-18T10:05:41.000Z,call center,prd1109,1579428341,1579601141,2020-01-19T10:05:41+00:00,2020-01-21T10:05:41+00:00,Grandeur Hotels: Belgrade,Grandeur Hotels,Belgrade,standard,1,1,0,2,90.41,180.82
orderid:876663,TJ7-KIKX,orderid:876663,crmid:6842344411,2020-01-23T00:00:00.000Z,website,prd1082,1580083200,1580256000,2020-01-27T00:00:00+00:00,2020-01-29T00:00:00+00:00,Blue Reef Resort: Surat,Blue Reef Resort,Surat,standard,1,1,0,2,144.84,289.68
orderid:633117,QVC-JJIK,orderid:633117,crmid:2790039742,2020-02-03T00:18:27.000Z,kiosk,prd1029,1582157907,1582849107,2020-02-20T00:18:27+00:00,2020-02-28T00:18:27+00:00,Sapphire Suites: Oklahoma City,Sapphire Suites,Oklahoma City,standard,1,1,0,8,144.57,1156.56
orderid:922383,YOW-G7G4,orderid:922383,crmid:1991507328,2019-12-30T00:05:51.000Z,website,prd1002,1579997151,1581379551,2020-01-26T00:05:51+00:00,2020-02-11T00:05:51+00:00,Restful Nights: Chicago,Restful Nights,Chicago,standard,1,1,0,16,132.16,2114.56
orderid:986386,NRK-9RTX,orderid:986386,crmid:1800900160,2019-12-06T12:07:22.000Z,website,prd1105,1577362042,1577794042,2019-12-26T12:07:22+00:00,2019-12-31T12:07:22+00:00,Admiralty Plaza: Barcelona,Admiralty Plaza,Barcelona,standard,1,1,0,5,204.65,1023.25
orderid:213219,PDF-ISMH,orderid:213219,crmid:7575848793,2020-01-17T01:21:38.000Z,website,prd1056,1579915298,1580952098,2020-01-25T01:21:38+00:00,2020-02-06T01:21:38+00:00,Repose Resort: Aurora,Repose Resort,Aurora,standard,1,1,0,12,133.32,1599.84
orderid:115574,WRW-9MN5,orderid:115574,crmid:8886891412,2019-12-20T00:23:29.000Z,kiosk,prd1126,1579047809,1579220609,2020-01-15T00:23:29+00:00,2020-01-17T00:23:29+00:00,Sego Lily Suites: Genova,Sego Lily Suites,Genova,premium,1,1,0,2,137.65,275.3
orderid:535795,X01-PWEP,orderid:535795,crmid:4483545899,2020-01-25T08:17:47.000Z,mobile,prd1092,1580545067,1581063467,2020-02-01T08:17:47+00:00,2020-02-07T08:17:47+00:00,Repose Resort: Cape Town,Repose Resort,Cape Town,ultra-luxury,1,1,0,6,325.48,1952.88
orderid:343357,VWH-2DMG,orderid:343357,crmid:9596181408,2020-01-28T12:51:01.000Z,website,prd1094,1581943861,1582462261,2020-02-17T12:51:01+00:00,2020-02-23T12:51:01+00:00,Blue Reef Resort: Berlin,Blue Reef Resort,Berlin,standard,1,1,0,6,136.99,821.94
orderid:886598,0PX-EFDT,orderid:886598,crmid:3577449101,2019-12-09T09:53:32.000Z,call center,prd1057,1578304412,1578822812,2020-01-06T09:53:32+00:00,2020-01-12T09:53:32+00:00,Admiralty Plaza: Mumbai,Admiralty Plaza,Mumbai,standard,1,1,0,6,151.39,908.34
orderid:748052,IQH-KPPS,orderid:748052,crmid:4641511995,2020-01-09T11:06:54.000Z,website,prd1143,1580900814,1581160014,2020-02-05T11:06:54+00:00,2020-02-08T11:06:54+00:00,Hospitality Inn: San Antonio,Hospitality Inn,San Antonio,standard,1,1,0,3,119.49,358.47
orderid:308925,U6W-1ALY,orderid:308925,crmid:6998982823,2019-12-23T14:21:19.000Z,website,prd1100,1577197279,1577283679,2019-12-24T14:21:19+00:00,2019-12-25T14:21:19+00:00,Aspen Heights: Misk,Aspen Heights,Misk,luxury,1,1,0,1,367.9,367.9
orderid:576179,AHK-HYH1,orderid:576179,crmid:8964883337,2020-02-01T09:24:09.000Z,kiosk,prd1090,1580635449,1580981049,2020-02-02T09:24:09+00:00,2020-02-06T09:24:09+00:00,Sego Lily Suites: Giza,Sego Lily Suites,Giza,standard,1,1,0,4,133.71,534.84
orderid:815597,DCO-FHTJ,orderid:815597,crmid:1195490529,2020-02-16T06:48:54.000Z,website,prd1002,1582181334,1582267734,2020-02-20T06:48:54+00:00,2020-02-21T06:48:54+00:00,Restful Nights: Chicago,Restful Nights,Chicago,standard,1,1,0,1,165.97,165.97
orderid:467595,BFZ-YLIP,orderid:467595,crmid:5216077644,2020-01-16T11:06:47.000Z,kiosk,prd1139,1581419207,1582110407,2020-02-11T11:06:47+00:00,2020-02-19T11:06:47+00:00,Nesting Box Inn: Nairobi,Nesting Box Inn,Nairobi,standard,1,1,1,8,124.05,992.4
orderid:469078,KOA-08O7,orderid:469078,crmid:2669403423,2020-01-11T11:05:25.000Z,kiosk,prd1189,1580468725,1582110325,2020-01-31T11:05:25+00:00,2020-02-19T11:05:25+00:00,Admiralty Plaza: Bakersfield,Admiralty Plaza,Bakersfield,standard,1,1,0,19,152.82,2903.58
orderid:648001,YO4-PYDM,orderid:648001,crmid:8406099854,2019-12-30T20:46:27.000Z,kiosk,prd1120,1578689187,1579293987,2020-01-10T20:46:27+00:00,2020-01-17T20:46:27+00:00,Sandhill: Marseille,Sandhill,Marseille,premium,1,1,3,7,129.82,908.74
orderid:954327,YRW-FTNW,orderid:954327,crmid:4854207120,2020-02-16T20:55:21.000Z,mobile,prd1040,1583700921,1584910521,2020-03-08T20:55:21+00:00,2020-03-22T20:55:21+00:00,Aspen Heights: Atlanta,Aspen Heights,Atlanta,premium,1,1,0,14,145.31,2034.34
orderid:470211,FYD-LT8D,orderid:470211,crmid:2528765979,2020-02-11T01:03:39.000Z,kiosk,prd1002,1583715819,1584061419,2020-03-09T01:03:39+00:00,2020-03-13T01:03:39+00:00,Restful Nights: Chicago,Restful Nights,Chicago,premium,1,1,2,4,114.3,457.2
orderid:455989,IWM-SD9U,orderid:455989,crmid:8642394974,2020-01-29T14:20:37.000Z,kiosk,prd1004,1580394037,1580566837,2020-01-30T14:20:37+00:00,2020-02-01T14:20:37+00:00,Aspen Heights: Boulder,Aspen Heights,Boulder,premium,1,1,0,2,126.87,253.74
orderid:770171,KTA-T84B,orderid:770171,crmid:8642394974,2020-02-02T00:00:00.000Z,kiosk,prd1059,1580947200,1581206400,2020-02-06T00:00:00+00:00,2020-02-09T00:00:00+00:00,Hospitality Inn: Kinshasa,Hospitality Inn,Kinshasa,standard,1,1,0,3,129.99,389.97
orderid:337259,KPV-PCXJ,orderid:337259,crmid:8642394974,2020-02-10T00:00:00.000Z,call center,prd1178,1581552000,1581811200,2020-02-13T00:00:00+00:00,2020-02-16T00:00:00+00:00,Blue Reef Resort: Colorado Springs,Blue Reef Resort,Colorado Springs,standard,1,1,0,3,144.82,434.46
orderid:674577,CW1-SMAG,orderid:674577,crmid:5777985574,2020-01-29T00:42:05.000Z,kiosk,prd1004,1582072925,1582677725,2020-02-19T00:42:05+00:00,2020-02-26T00:42:05+00:00,Aspen Heights: Boulder,Aspen Heights,Boulder,premium,1,1,2,7,140.78,985.46
orderid:319407,2HX-RXBQ,orderid:319407,crmid:8962096040,2020-02-13T13:21:05.000Z,call center,prd1130,1583241665,1583500865,2020-03-03T13:21:05+00:00,2020-03-06T13:21:05+00:00,Blue Reef Resort: Bremen,Blue Reef Resort,Bremen,standard,1,1,0,3,164.88,494.64
orderid:258267,V0N-OBBZ,orderid:258267,crmid:2149349063,2020-01-24T06:40:40.000Z,kiosk,prd1040,1581921640,1582526440,2020-02-17T06:40:40+00:00,2020-02-24T06:40:40+00:00,Aspen Heights: Atlanta,Aspen Heights,Atlanta,standard,1,1,0,7,148.59,1040.13
orderid:742081,AUC-VOOF,orderid:742081,crmid:2047685765,2019-12-13T23:39:59.000Z,service desk,prd1134,1576366799,1576453199,2019-12-14T23:39:59+00:00,2019-12-15T23:39:59+00:00,Restful Nights: Montreal,Restful Nights,Montreal,standard,1,1,0,1,144.82,144.82
orderid:464079,XX7-RELG,orderid:464079,crmid:3734054947,2020-01-16T17:00:30.000Z,service desk,prd1179,1579280430,1579366830,2020-01-17T17:00:30+00:00,2020-01-18T17:00:30+00:00,Hospitality Inn: Miami,Hospitality Inn,Miami,standard,1,1,0,1,140.62,140.62
orderid:192368,MPI-WQJB,orderid:192368,crmid:7045579233,2019-12-13T11:37:47.000Z,website,prd1099,1576582667,1577101067,2019-12-17T11:37:47+00:00,2019-12-23T11:37:47+00:00,Family Fun Hotels: Bucharest,Family Fun Hotels,Bucharest,standard,1,1,0,6,180.85,1085.1
orderid:317346,ITE-SNDV,orderid:317346,crmid:8132253822,2020-01-17T14:42:51.000Z,kiosk,prd1005,1581259371,1581604971,2020-02-09T14:42:51+00:00,2020-02-13T14:42:51+00:00,Sapphire Suites: Los Angeles,Sapphire Suites,Los Angeles,premium,1,1,0,4,175.93,703.72
orderid:384821,A4K-KTV4,orderid:384821,crmid:5886992432,2020-01-26T17:54:02.000Z,website,prd1165,1580838842,1581530042,2020-02-04T17:54:02+00:00,2020-02-12T17:54:02+00:00,Admiralty Plaza: Louisville,Admiralty Plaza,Louisville,standard,1,1,3,8,119.26,954.08
orderid:852189,1PN-1PQN,orderid:852189,crmid:3975638329,2019-12-19T01:36:22.000Z,website,prd1148,1578879382,1580002582,2020-01-13T01:36:22+00:00,2020-01-26T01:36:22+00:00,Aspen Heights: Jacksonville,Aspen Heights,Jacksonville,standard,1,1,0,13,131.15,1704.95
orderid:582564,Q2O-BITL,orderid:582564,crmid:2298865617,2019-12-07T21:41:14.000Z,kiosk,prd1077,1577396474,1578692474,2019-12-26T21:41:14+00:00,2020-01-10T21:41:14+00:00,Sapphire Suites: Cairo,Sapphire Suites,Cairo,standard,1,1,0,15,137.02,2055.3
orderid:916248,CU8-K4VI,orderid:916248,crmid:8712846613,2019-12-26T02:42:11.000Z,website,prd1083,1579747331,1580438531,2020-01-23T02:42:11+00:00,2020-01-31T02:42:11+00:00,Hospitality Inn: Bangkok,Hospitality Inn,Bangkok,premium,1,1,0,8,166.9,1335.2
orderid:577819,ZKY-LE34,orderid:577819,crmid:7589697774,2020-02-07T05:03:15.000Z,kiosk,prd1133,1583211795,1583902995,2020-03-03T05:03:15+00:00,2020-03-11T05:03:15+00:00,Grandeur Hotels: Toronto,Grandeur Hotels,Toronto,premium,1,1,0,8,137.27,1098.16
orderid:459772,RSX-01WQ,orderid:459772,crmid:5205506239,2019-12-01T14:40:43.000Z,kiosk,prd1011,1575297643,1575384043,2019-12-02T14:40:43+00:00,2019-12-03T14:40:43+00:00,Hospitality Inn: Dallas,Hospitality Inn,Dallas,luxury,1,1,0,1,302.82,302.82
orderid:437585,UGS-ODDK,orderid:437585,crmid:1900558979,2020-01-15T01:13:11.000Z,website,prd1134,1579137191,1579223591,2020-01-16T01:13:11+00:00,2020-01-17T01:13:11+00:00,Restful Nights: Montreal,Restful Nights,Montreal,premium,1,1,0,1,128.2,128.2
orderid:623461,YAP-ULEP,orderid:623461,crmid:4031236312,2020-02-12T11:10:59.000Z,mobile,prd1076,1583665859,1584961859,2020-03-08T11:10:59+00:00,2020-03-23T11:10:59+00:00,Aspen Heights: Bogota,Aspen Heights,Bogota,standard,1,1,0,15,195.34,2930.1
orderid:350239,Q41-8WJX,orderid:350239,crmid:5146790500,2020-01-31T21:50:41.000Z,service desk,prd1052,1582840241,1583531441,2020-02-27T21:50:41+00:00,2020-03-06T21:50:41+00:00,Aspen Heights: Wichita,Aspen Heights,Wichita,standard,1,1,1,8,98.77,790.16
orderid:178785,5F2-LAOK,orderid:178785,crmid:5127962246,2020-02-06T00:34:59.000Z,website,prd1190,1582763699,1583368499,2020-02-27T00:34:59+00:00,2020-03-05T00:34:59+00:00,Blue Reef Resort: Aurora,Blue Reef Resort,Aurora,standard,1,1,0,7,123.55,864.85
orderid:982956,GS1-M8WT,orderid:982956,crmid:4628262980,2020-01-16T07:30:14.000Z,website,prd1109,1579246214,1579591814,2020-01-17T07:30:14+00:00,2020-01-21T07:30:14+00:00,Grandeur Hotels: Belgrade,Grandeur Hotels,Belgrade,standard,1,1,0,4,146.79,587.16
orderid:834406,SAQ-GRBD,orderid:834406,crmid:4212010027,2019-12-23T06:21:41.000Z,website,prd1011,1577254901,1577600501,2019-12-25T06:21:41+00:00,2019-12-29T06:21:41+00:00,Hospitality Inn: Dallas,Hospitality Inn,Dallas,premium,1,1,0,4,156.5,626.0
orderid:335361,NHS-ZF4H,orderid:335361,crmid:8358348754,2019-12-03T09:11:16.000Z,mobile,prd1169,1576141876,1576833076,2019-12-12T09:11:16+00:00,2019-12-20T09:11:16+00:00,Grandeur Hotels: Tucson,Grandeur Hotels,Tucson,standard,1,1,0,8,201.4,1611.2
orderid:819109,CUF-2HQN,orderid:819109,crmid:2405065301,2019-12-17T14:57:56.000Z,kiosk,prd1142,1578409076,1579186676,2020-01-07T14:57:56+00:00,2020-01-16T14:57:56+00:00,Blue Reef Resort: Philadelphia,Blue Reef Resort,Philadelphia,standard,1,1,0,9,132.15,1189.35
orderid:496352,R7G-ZQDE,orderid:496352,crmid:9859227222,2020-02-15T06:49:39.000Z,mobile,prd1196,1581922179,1582181379,2020-02-17T06:49:39+00:00,2020-02-20T06:49:39+00:00,Aspen Heights: Moscow,Aspen Heights,Moscow,standard,1,1,0,3,157.4,472.2
orderid:972273,EHN-8UCT,orderid:972273,crmid:4248719470,2020-02-01T23:20:09.000Z,website,prd1190,1582759209,1582845609,2020-02-26T23:20:09+00:00,2020-02-27T23:20:09+00:00,Blue Reef Resort: Aurora,Blue Reef Resort,Aurora,standard,1,1,0,1,141.92,141.92
orderid:118983,XY9-WVY4,orderid:118983,crmid:2632415139,2019-12-19T09:18:35.000Z,call center,prd1033,1577006315,1577265515,2019-12-22T09:18:35+00:00,2019-12-25T09:18:35+00:00,Admiralty Plaza: Milwaukee,Admiralty Plaza,Milwaukee,standard,1,1,0,3,119.9,359.7
orderid:435420,JGQ-CNZM,orderid:435420,crmid:1101407776,2019-12-26T03:00:06.000Z,website,prd1184,1577415606,1577502006,2019-12-27T03:00:06+00:00,2019-12-28T03:00:06+00:00,Aspen Heights: Arlington,Aspen Heights,Arlington,standard,1,1,0,1,115.08,115.08
orderid:102997,DBW-FDZO,orderid:102997,crmid:4484168769,2020-01-27T08:11:29.000Z,call center,prd1050,1580199089,1580371889,2020-01-28T08:11:29+00:00,2020-01-30T08:11:29+00:00,Restful Nights: Arlington,Restful Nights,Arlington,standard,1,1,0,2,124.05,248.1
orderid:926876,GOL-ZEQ0,orderid:926876,crmid:4629317060,2020-01-18T15:56:50.000Z,website,prd1167,1581868610,1582127810,2020-02-16T15:56:50+00:00,2020-02-19T15:56:50+00:00,Hospitality Inn: Milwaukee,Hospitality Inn,Milwaukee,standard,1,1,3,3,124.23,372.69
orderid:656020,D9H-HF8U,orderid:656020,crmid:2389702632,2019-12-19T09:23:06.000Z,service desk,prd1160,1579080186,1579684986,2020-01-15T09:23:06+00:00,2020-01-22T09:23:06+00:00,Aspen Heights: Nashville,Aspen Heights,Nashville,standard,1,1,0,7,147.05,1029.35
orderid:430204,VTX-2QJR,orderid:430204,crmid:2668612009,2020-01-18T12:24:58.000Z,kiosk,prd1064,1579609498,1579782298,2020-01-21T12:24:58+00:00,2020-01-23T12:24:58+00:00,Aspen Heights: Paris,Aspen Heights,Paris,standard,1,1,0,2,177.67,355.34
orderid:640426,E12-IVQ1,orderid:640426,crmid:2668612009,2020-01-24T00:00:00.000Z,kiosk,prd1061,1580083200,1580428800,2020-01-27T00:00:00+00:00,2020-01-31T00:00:00+00:00,Grandeur Hotels: Lahore,Grandeur Hotels,Lahore,premium,1,1,0,4,153.73,614.92
orderid:768188,DQR-SES3,orderid:768188,crmid:8795225590,2019-12-13T01:24:33.000Z,kiosk,prd1107,1576977873,1577237073,2019-12-22T01:24:33+00:00,2019-12-25T01:24:33+00:00,Hospitality Inn: Kharkiv,Hospitality Inn,Kharkiv,standard,1,1,3,3,146.66,439.98
orderid:996926,FN1-S6NB,orderid:996926,crmid:5365242440,2020-01-17T23:23:47.000Z,kiosk,prd1136,1580772227,1581290627,2020-02-03T23:23:47+00:00,2020-02-09T23:23:47+00:00,Aspen Heights: Osaka,Aspen Heights,Osaka,premium,1,1,0,6,168.25,1009.5
orderid:537309,V5E-WPLO,orderid:537309,crmid:2175251712,2020-01-12T02:54:07.000Z,kiosk,prd1128,1580525647,1580957647,2020-02-01T02:54:07+00:00,2020-02-06T02:54:07+00:00,Repose Resort: Rotterdam,Repose Resort,Rotterdam,standard,1,1,0,5,188.73,943.65
orderid:240882,DWG-M9H8,orderid:240882,crmid:8019869692,2020-01-28T02:18:31.000Z,call center,prd1148,1580264311,1580523511,2020-01-29T02:18:31+00:00,2020-02-01T02:18:31+00:00,Aspen Heights: Jacksonville,Aspen Heights,Jacksonville,luxury,1,1,0,3,263.93,791.79
orderid:261797,MWM-GQEY,orderid:261797,crmid:8019869692,2020-02-03T00:00:00.000Z,website,prd1040,1580774400,1580860800,2020-02-04T00:00:00+00:00,2020-02-05T00:00:00+00:00,Aspen Heights: Atlanta,Aspen Heights,Atlanta,standard,1,1,0,1,118.47,118.47
orderid:977149,T3U-LCCC,orderid:977149,crmid:1824708567,2020-01-10T21:14:01.000Z,website,prd1177,1578777241,1579036441,2020-01-11T21:14:01+00:00,2020-01-14T21:14:01+00:00,Admiralty Plaza: Raleigh,Admiralty Plaza,Raleigh,standard,1,1,0,3,165.06,495.18
orderid:280794,ZFS-W344,orderid:280794,crmid:1824708567,2020-01-15T00:00:00.000Z,website,prd1189,1579132800,1579219200,2020-01-16T00:00:00+00:00,2020-01-17T00:00:00+00:00,Admiralty Plaza: Bakersfield,Admiralty Plaza,Bakersfield,standard,1,1,0,1,123.23,123.23
orderid:939485,VVD-C8PF,orderid:939485,crmid:1824708567,2020-01-19T00:00:00.000Z,call center,prd1118,1579910400,1580428800,2020-01-25T00:00:00+00:00,2020-01-31T00:00:00+00:00,Blue Reef Resort: Cologne,Blue Reef Resort,Cologne,standard,1,1,0,6,136.13,816.78
orderid:722960,2B4-ORSN,orderid:722960,crmid:6865418095,2019-12-08T07:27:41.000Z,call center,prd1059,1576394861,1576481261,2019-12-15T07:27:41+00:00,2019-12-16T07:27:41+00:00,Hospitality Inn: Kinshasa,Hospitality Inn,Kinshasa,standard,1,1,0,1,149.94,149.94
orderid:563428,VLF-I0B9,orderid:563428,crmid:8783251161,2019-12-17T20:56:55.000Z,call center,prd1184,1578776215,1579208215,2020-01-11T20:56:55+00:00,2020-01-16T20:56:55+00:00,Aspen Heights: Arlington,Aspen Heights,Arlington,standard,1,1,0,5,122.73,613.65
orderid:829833,FOK-84EN,orderid:829833,crmid:2832907095,2020-02-03T01:59:02.000Z,website,prd1013,1580867942,1581040742,2020-02-05T01:59:02+00:00,2020-02-07T01:59:02+00:00,Grandeur Hotels: Austin,Grandeur Hotels,Austin,premium,1,1,0,2,121.5,243.0
orderid:467250,7Q0-MVJT,orderid:467250,crmid:5929085610,2020-02-06T21:47:33.000Z,call center,prd1046,1581198453,1581457653,2020-02-08T21:47:33+00:00,2020-02-11T21:47:33+00:00,Blue Reef Resort: Virginia Beach,Blue Reef Resort,Virginia Beach,luxury,1,1,0,3,215.5,646.5
orderid:678321,GHG-8AP7,orderid:678321,crmid:4922232029,2020-01-27T09:19:20.000Z,website,prd1093,1582363160,1582881560,2020-02-22T09:19:20+00:00,2020-02-28T09:19:20+00:00,Admiralty Plaza: Yokohama,Admiralty Plaza,Yokohama,standard,1,1,0,6,131.22,787.32
orderid:587398,TAF-JVUF,orderid:587398,crmid:3074033931,2020-02-09T12:04:27.000Z,mobile,prd1040,1583496267,1584101067,2020-03-06T12:04:27+00:00,2020-03-13T12:04:27+00:00,Aspen Heights: Atlanta,Aspen Heights,Atlanta,standard,1,1,0,7,137.9,965.3
orderid:430568,YHE-I1AR,orderid:430568,crmid:2108370935,2020-01-25T23:35:23.000Z,website,prd1183,1581809723,1582760123,2020-02-15T23:35:23+00:00,2020-02-26T23:35:23+00:00,Family Fun Hotels: Tulsa,Family Fun Hotels,Tulsa,premium,1,1,0,11,154.98,1704.78
orderid:698495,ZNM-TKBS,orderid:698495,crmid:4291650858,2020-02-11T14:24:00.000Z,website,prd1058,1581517440,1581690240,2020-02-12T14:24:00+00:00,2020-02-14T14:24:00+00:00,Blue Reef Resort: Delhi,Blue Reef Resort,Delhi,standard,1,1,0,2,102.48,204.96
orderid:603638,AZR-UXLK,orderid:603638,crmid:8500733562,2019-12-20T05:41:12.000Z,service desk,prd1170,1578634872,1579066872,2020-01-10T05:41:12+00:00,2020-01-15T05:41:12+00:00,Restful Nights: Fresno,Restful Nights,Fresno,premium,1,1,0,5,103.83,519.15
orderid:784609,EWQ-9VSJ,orderid:784609,crmid:7007365151,2020-01-09T22:49:30.000Z,website,prd1147,1580942970,1581979770,2020-02-05T22:49:30+00:00,2020-02-17T22:49:30+00:00,Family Fun Hotels: Austin,Family Fun Hotels,Austin,standard,1,1,0,12,119.37,1432.44
orderid:243052,CVN-CB6Q,orderid:243052,crmid:6429546127,2019-12-06T16:47:45.000Z,website,prd1153,1575737265,1576169265,2019-12-07T16:47:45+00:00,2019-12-12T16:47:45+00:00,Admiralty Plaza: Charlotte,Admiralty Plaza,Charlotte,premium,1,1,0,5,135.09,675.45
orderid:463234,KYE-FYSY,orderid:463234,crmid:6506415460,2020-01-20T22:38:03.000Z,call center,prd1046,1581201483,1581806283,2020-02-08T22:38:03+00:00,2020-02-15T22:38:03+00:00,Blue Reef Resort: Virginia Beach,Blue Reef Resort,Virginia Beach,standard,1,1,0,7,115.41,807.87
orderid:507376,GDP-5PRU,orderid:507376,crmid:5095181149,2020-01-08T06:28:55.000Z,call center,prd1159,1578810535,1578896935,2020-01-12T06:28:55+00:00,2020-01-13T06:28:55+00:00,Family Fun Hotels: Detroit,Family Fun Hotels,Detroit,standard,1,1,0,1,107.29,107.29
orderid:977013,XDX-JCSJ,orderid:977013,crmid:8918692238,2019-12-23T22:54:21.000Z,kiosk,prd1117,1577400861,1577919261,2019-12-26T22:54:21+00:00,2020-01-01T22:54:21+00:00,Admiralty Plaza: Dublin,Admiralty Plaza,Dublin,premium,1,1,0,6,108.78,652.68
orderid:916835,3M3-DRCN,orderid:916835,crmid:7009036433,2019-12-07T09:34:15.000Z,call center,prd1097,1575797655,1575970455,2019-12-08T09:34:15+00:00,2019-12-10T09:34:15+00:00,Grandeur Hotels: Buenos Aires,Grandeur Hotels,Buenos Aires,standard,1,1,0,2,181.51,363.02
orderid:260797,XQ5-AQU8,orderid:260797,crmid:1683953735,2020-02-15T18:40:47.000Z,mobile,prd1098,1581964847,1582310447,2020-02-17T18:40:47+00:00,2020-02-21T18:40:47+00:00,Restful Nights: Kiev,Restful Nights,Kiev,standard,1,1,0,4,137.83,551.32
orderid:133717,TNG-QWX7,orderid:133717,crmid:6709877871,2019-12-20T01:38:52.000Z,kiosk,prd1023,1579052332,1579397932,2020-01-15T01:38:52+00:00,2020-01-19T01:38:52+00:00,Hospitality Inn: Boston,Hospitality Inn,Boston,standard,1,1,0,4,125.39,501.56
orderid:632991,ZQE-LYWW,orderid:632991,crmid:6872488258,2020-01-10T19:00:13.000Z,mobile,prd1173,1580410813,1580929213,2020-01-30T19:00:13+00:00,2020-02-05T19:00:13+00:00,Sapphire Suites: Kansas City,Sapphire Suites,Kansas City,premium,1,1,0,6,124.41,746.46
orderid:404565,GLX-MGTU,orderid:404565,crmid:5616288316,2019-12-12T14:26:34.000Z,website,prd1100,1578320794,1579011994,2020-01-06T14:26:34+00:00,2020-01-14T14:26:34+00:00,Aspen Heights: Misk,Aspen Heights,Misk,standard,1,1,0,8,189.83,1518.64
orderid:717111,NTD-C9GQ,orderid:717111,crmid:6288522678,2019-12-23T20:26:24.000Z,website,prd1178,1579033584,1579292784,2020-01-14T20:26:24+00:00,2020-01-17T20:26:24+00:00,Blue Reef Resort: Colorado Springs,Blue Reef Resort,Colorado Springs,premium,1,1,0,3,149.48,448.44
orderid:172045,2BI-UNBR,orderid:172045,crmid:9387046321,2019-12-10T15:53:12.000Z,call center,prd1076,1577980392,1578239592,2020-01-02T15:53:12+00:00,2020-01-05T15:53:12+00:00,Aspen Heights: Bogota,Aspen Heights,Bogota,standard,1,1,0,3,178.77,536.31
orderid:265391,K1D-LPBO,orderid:265391,crmid:3339037884,2019-12-04T19:07:24.000Z,website,prd1059,1577387244,1578164844,2019-12-26T19:07:24+00:00,2020-01-04T19:07:24+00:00,Hospitality Inn: Kinshasa,Hospitality Inn,Kinshasa,standard,1,1,4,9,122.93,1106.37
orderid:833710,QJB-JAEM,orderid:833710,crmid:9687366603,2020-02-09T04:16:33.000Z,call center,prd1076,1583554593,1584072993,2020-03-07T04:16:33+00:00,2020-03-13T04:16:33+00:00,Aspen Heights: Bogota,Aspen Heights,Bogota,standard,1,1,0,6,137.92,827.52
orderid:269857,JT6-LPH9,orderid:269857,crmid:4252511698,2020-01-09T00:22:51.000Z,call center,prd1131,1579998171,1580689371,2020-01-26T00:22:51+00:00,2020-02-03T00:22:51+00:00,Hospitality Inn: Sheffield,Hospitality Inn,Sheffield,ultra-luxury,1,1,0,8,375.68,3005.44
orderid:871708,AJK-IJ0Q,orderid:871708,crmid:3426542711,2020-01-21T17:16:24.000Z,call center,prd1132,1579713384,1579799784,2020-01-22T17:16:24+00:00,2020-01-23T17:16:24+00:00,Sandhill: Oslo,Sandhill,Oslo,standard,1,1,0,1,123.24,123.24
orderid:292209,1OZ-2QUG,orderid:292209,crmid:3426542711,2020-01-25T00:00:00.000Z,call center,prd1070,1579996800,1580083200,2020-01-26T00:00:00+00:00,2020-01-27T00:00:00+00:00,Blue Reef Resort: Jakarta,Blue Reef Resort,Jakarta,standard,1,1,0,1,181.84,181.84
orderid:314656,VXP-60Q1,orderid:314656,crmid:2833068751,2020-02-08T18:44:37.000Z,website,prd1100,1582742677,1583001877,2020-02-26T18:44:37+00:00,2020-02-29T18:44:37+00:00,Aspen Heights: Misk,Aspen Heights,Misk,standard,1,1,0,3,174.98,524.94
orderid:106043,MSU-BWIS,orderid:106043,crmid:1564769730,2020-02-04T22:01:00.000Z,website,prd1103,1580940060,1581285660,2020-02-05T22:01:00+00:00,2020-02-09T22:01:00+00:00,Nesting Box Inn: Hamburg,Nesting Box Inn,Hamburg,standard,1,1,0,4,121.64,486.56
orderid:697546,BTM-1NAI,orderid:697546,crmid:1325748197,2020-02-03T13:36:11.000Z,website,prd1033,1581255371,1581687371,2020-02-09T13:36:11+00:00,2020-02-14T13:36:11+00:00,Admiralty Plaza: Milwaukee,Admiralty Plaza,Milwaukee,standard,1,1,0,5,115.19,575.95
orderid:801872,KIC-ZTDN,orderid:801872,crmid:8971458702,2020-02-14T09:02:10.000Z,kiosk,prd1080,1583139730,1583744530,2020-03-02T09:02:10+00:00,2020-03-09T09:02:10+00:00,Repose Resort: Hyderabad,Repose Resort,Hyderabad,premium,1,1,4,7,171.61,1201.27
orderid:114747,1IZ-QNDQ,orderid:114747,crmid:1588966645,2020-02-16T16:21:07.000Z,call center,prd1115,1583338867,1583857267,2020-03-04T16:21:07+00:00,2020-03-10T16:21:07+00:00,Nesting Box Inn: Cologne,Nesting Box Inn,Cologne,premium,1,1,0,6,144.92,869.52
orderid:434093,NO1-MCXT,orderid:434093,crmid:5265457345,2019-12-17T06:22:53.000Z,kiosk,prd1041,1577082173,1577686973,2019-12-23T06:22:53+00:00,2019-12-30T06:22:53+00:00,Sapphire Suites: Long Beach,Sapphire Suites,Long Beach,standard,1,1,0,7,154.88,1084.16
orderid:673746,JCM-HSWK,orderid:673746,crmid:6398059914,2020-01-17T22:41:08.000Z,call center,prd1045,1581460868,1581806468,2020-02-11T22:41:08+00:00,2020-02-15T22:41:08+00:00,Admiralty Plaza: Miami,Admiralty Plaza,Miami,ultra-luxury,1,1,0,4,381.69,1526.76
orderid:896119,UYI-S7IR,orderid:896119,crmid:4572114952,2020-02-08T05:31:47.000Z,website,prd1137,1581571907,1581658307,2020-02-13T05:31:47+00:00,2020-02-14T05:31:47+00:00,Sapphire Suites: Manila,Sapphire Suites,Manila,standard,1,1,0,1,126.0,126.0
orderid:940205,ZEL-11EZ,orderid:940205,crmid:4572114952,2020-02-15T00:00:00.000Z,service desk,prd1045,1581811200,1581984000,2020-02-16T00:00:00+00:00,2020-02-18T00:00:00+00:00,Admiralty Plaza: Miami,Admiralty Plaza,Miami,standard,1,1,0,2,106.39,212.78
orderid:624161,7YE-HIGC,orderid:624161,crmid:4572114952,2020-02-20T00:00:00.000Z,kiosk,prd1065,1582243200,1582761600,2020-02-21T00:00:00+00:00,2020-02-27T00:00:00+00:00,Sapphire Suites: Beijing,Sapphire Suites,Beijing,standard,1,1,0,6,133.06,798.36
orderid:228644,CVI-PK7R,orderid:228644,crmid:6208732569,2019-12-20T06:42:44.000Z,kiosk,prd1091,1579156964,1579502564,2020-01-16T06:42:44+00:00,2020-01-20T06:42:44+00:00,Nesting Box Inn: New Taipei,Nesting Box Inn,New Taipei,premium,1,1,0,4,142.73,570.92
orderid:494896,RRQ-IJFN,orderid:494896,crmid:4801060851,2019-12-02T03:51:39.000Z,call center,prd1058,1577418699,1577937099,2019-12-27T03:51:39+00:00,2020-01-02T03:51:39+00:00,Blue Reef Resort: Delhi,Blue Reef Resort,Delhi,standard,1,1,0,6,158.97,953.82
orderid:948669,BUM-Q1R9,orderid:948669,crmid:1091211953,2019-12-24T10:18:43.000Z,kiosk,prd1167,1579429123,1580206723,2020-01-19T10:18:43+00:00,2020-01-28T10:18:43+00:00,Hospitality Inn: Milwaukee,Hospitality Inn,Milwaukee,standard,1,1,2,9,156.0,1404.0
orderid:161271,ZBG-ILLL,orderid:161271,crmid:7482794537,2020-02-05T21:02:09.000Z,kiosk,prd1131,1582405329,1583182929,2020-02-22T21:02:09+00:00,2020-03-02T21:02:09+00:00,Hospitality Inn: Sheffield,Hospitality Inn,Sheffield,standard,1,1,0,9,98.24,884.16
orderid:442465,OKN-THAY,orderid:442465,crmid:3551969082,2020-01-27T19:36:14.000Z,website,prd1059,1582140974,1582572974,2020-02-19T19:36:14+00:00,2020-02-24T19:36:14+00:00,Hospitality Inn: Kinshasa,Hospitality Inn,Kinshasa,standard,1,1,4,5,119.75,598.75
orderid:503991,ASH-CXMU,orderid:503991,crmid:5360627522,2019-12-22T05:22:21.000Z,website,prd1116,1577078541,1577251341,2019-12-23T05:22:21+00:00,2019-12-25T05:22:21+00:00,Repose Resort: Naples,Repose Resort,Naples,standard,1,1,0,2,187.21,374.42
orderid:199513,ZIV-R9VV,orderid:199513,crmid:2214273095,2019-12-21T03:39:56.000Z,call center,prd1072,1578886796,1580009996,2020-01-13T03:39:56+00:00,2020-01-26T03:39:56+00:00,Sandhill: Tokyo,Sandhill,Tokyo,standard,1,1,0,13,156.65,2036.45
orderid:247400,HJ5-YVVA,orderid:247400,crmid:6555539638,2020-01-31T20:50:32.000Z,call center,prd1011,1583009432,1583787032,2020-02-29T20:50:32+00:00,2020-03-09T20:50:32+00:00,Hospitality Inn: Dallas,Hospitality Inn,Dallas,luxury,1,1,0,9,335.93,3023.37
orderid:694182,XMT-YWMV,orderid:694182,crmid:9567188765,2020-02-14T15:34:00.000Z,website,prd1140,1582126440,1582644840,2020-02-19T15:34:00+00:00,2020-02-25T15:34:00+00:00,Repose Resort: Kano,Repose Resort,Kano,standard,1,1,0,6,170.33,1021.98
orderid:207823,3IQ-YBDC,orderid:207823,crmid:8187940725,2019-12-05T16:07:27.000Z,service desk,prd1112,1576944447,1577290047,2019-12-21T16:07:27+00:00,2019-12-25T16:07:27+00:00,Aspen Heights: Birmingham,Aspen Heights,Birmingham,premium,1,1,0,4,121.69,486.76
orderid:657459,95O-EPW9,orderid:657459,crmid:3398902615,2019-12-30T03:37:50.000Z,website,prd1158,1580096270,1580787470,2020-01-27T03:37:50+00:00,2020-02-04T03:37:50+00:00,Restful Nights: El Paso,Restful Nights,El Paso,standard,1,1,0,8,117.93,943.44
orderid:232752,L7T-KTOK,orderid:232752,crmid:8884443627,2020-01-17T07:46:18.000Z,website,prd1038,1579419978,1579679178,2020-01-19T07:46:18+00:00,2020-01-22T07:46:18+00:00,Restful Nights: Mesa,Restful Nights,Mesa,standard,1,1,0,3,110.98,332.94
orderid:771377,KNH-UV1E,orderid:771377,crmid:3922392327,2019-12-16T18:44:06.000Z,website,prd1161,1578249846,1578854646,2020-01-05T18:44:06+00:00,2020-01-12T18:44:06+00:00,Sapphire Suites: Memphis,Sapphire Suites,Memphis,standard,1,1,3,7,174.7,1222.9
orderid:890784,ENP-XNI1,orderid:890784,crmid:5081890563,2020-01-12T23:11:50.000Z,website,prd1190,1580771510,1581894710,2020-02-03T23:11:50+00:00,2020-02-16T23:11:50+00:00,Blue Reef Resort: Aurora,Blue Reef Resort,Aurora,standard,1,1,0,13,149.24,1940.12
orderid:235540,QHN-647H,orderid:235540,crmid:8033440567,2019-12-23T06:34:14.000Z,mobile,prd1195,1579070054,1579588454,2020-01-15T06:34:14+00:00,2020-01-21T06:34:14+00:00,Family Fun Hotels: Lahore,Family Fun Hotels,Lahore,premium,1,1,0,6,147.22,883.32
orderid:927133,JOK-ZIE1,orderid:927133,crmid:7037225800,2020-01-25T02:24:06.000Z,call center,prd1105,1581215046,1581647046,2020-02-09T02:24:06+00:00,2020-02-14T02:24:06+00:00,Admiralty Plaza: Barcelona,Admiralty Plaza,Barcelona,standard,1,1,0,5,149.92,749.6
orderid:871282,ELE-RRGG,orderid:871282,crmid:8385879854,2020-01-21T22:05:49.000Z,kiosk,prd1153,1581199549,1581631549,2020-02-08T22:05:49+00:00,2020-02-13T22:05:49+00:00,Admiralty Plaza: Charlotte,Admiralty Plaza,Charlotte,standard,1,1,4,5,151.77,758.85
orderid:228007,COW-XWAN,orderid:228007,crmid:1854322321,2019-12-06T22:09:54.000Z,kiosk,prd1022,1576706994,1577138994,2019-12-18T22:09:54+00:00,2019-12-23T22:09:54+00:00,Blue Reef Resort: Washington DC,Blue Reef Resort,Washington DC,standard,1,1,0,5,145.23,726.15
orderid:726176,JMP-DLH4,orderid:726176,crmid:8042734071,2019-12-25T07:42:00.000Z,call center,prd1044,1577778120,1578382920,2019-12-31T07:42:00+00:00,2020-01-07T07:42:00+00:00,Repose Resort: Colorado Springs,Repose Resort,Colorado Springs,standard,1,1,0,7,135.73,950.11
orderid:477367,IWL-BZ7E,orderid:477367,crmid:3012337361,2020-01-19T13:44:22.000Z,website,prd1027,1581428662,1581601462,2020-02-11T13:44:22+00:00,2020-02-13T13:44:22+00:00,Family Fun Hotels: Memphis,Family Fun Hotels,Memphis,standard,1,1,2,2,74.12,148.24
orderid:989643,M99-NEU8,orderid:989643,crmid:8327256950,2020-02-16T00:38:12.000Z,service desk,prd1106,1582763892,1583282292,2020-02-27T00:38:12+00:00,2020-03-04T00:38:12+00:00,Blue Reef Resort: Munich,Blue Reef Resort,Munich,luxury,1,1,0,6,275.77,1654.62
orderid:760948,RIH-QCJO,orderid:760948,crmid:9504767920,2020-02-10T16:44:46.000Z,kiosk,prd1146,1583253886,1583685886,2020-03-03T16:44:46+00:00,2020-03-08T16:44:46+00:00,Restful Nights: San Jose,Restful Nights,San Jose,premium,1,1,1,5,118.84,594.2
orderid:867599,GBD-WJW3,orderid:867599,crmid:7189196990,2020-02-11T00:27:21.000Z,website,prd1073,1583195241,1583886441,2020-03-03T00:27:21+00:00,2020-03-11T00:27:21+00:00,Grandeur Hotels: Lima,Grandeur Hotels,Lima,standard,1,1,0,8,140.7,1125.6
orderid:858852,EQB-K338,orderid:858852,crmid:2293415561,2020-02-15T09:07:25.000Z,kiosk,prd1106,1583572045,1583831245,2020-03-07T09:07:25+00:00,2020-03-10T09:07:25+00:00,Blue Reef Resort: Munich,Blue Reef Resort,Munich,standard,1,1,0,3,127.05,381.15
orderid:897675,IEI-ZWPI,orderid:897675,crmid:4821265591,2020-02-13T09:53:50.000Z,kiosk,prd1064,1583834030,1584006830,2020-03-10T09:53:50+00:00,2020-03-12T09:53:50+00:00,Aspen Heights: Paris,Aspen Heights,Paris,standard,1,1,0,2,139.63,279.26
orderid:363618,FUR-JHMF,orderid:363618,crmid:2638174215,2020-02-02T13:56:36.000Z,mobile,prd1035,1581170196,1581515796,2020-02-08T13:56:36+00:00,2020-02-12T13:56:36+00:00,Hospitality Inn: Tucson,Hospitality Inn,Tucson,premium,1,1,2,4,141.17,564.68
orderid:677570,FG2-V7WF,orderid:677570,crmid:7493082911,2020-01-24T19:00:13.000Z,website,prd1197,1581966013,1582311613,2020-02-17T19:00:13+00:00,2020-02-21T19:00:13+00:00,Sapphire Suites: London,Sapphire Suites,London,standard,1,1,0,4,167.06,668.24
orderid:675472,B6H-I8CU,orderid:675472,crmid:9125907241,2020-01-08T14:02:18.000Z,kiosk,prd1188,1580133738,1580565738,2020-01-27T14:02:18+00:00,2020-02-01T14:02:18+00:00,Repose Resort: Tampa,Repose Resort,Tampa,standard,1,1,0,5,160.36,801.8
orderid:522380,CVH-XWJE,orderid:522380,crmid:6059996096,2020-02-09T09:15:25.000Z,kiosk,prd1005,1581671725,1581844525,2020-02-14T09:15:25+00:00,2020-02-16T09:15:25+00:00,Sapphire Suites: Los Angeles,Sapphire Suites,Los Angeles,premium,1,1,0,2,139.8,279.6
orderid:914428,MVS-109C,orderid:914428,crmid:7043543961,2019-12-28T14:52:59.000Z,kiosk,prd1165,1579618379,1580482379,2020-01-21T14:52:59+00:00,2020-01-31T14:52:59+00:00,Admiralty Plaza: Louisville,Admiralty Plaza,Louisville,premium,1,1,0,10,125.85,1258.5
orderid:811617,VXI-KPCG,orderid:811617,crmid:5211928830,2020-01-27T21:12:42.000Z,website,prd1118,1582665162,1583269962,2020-02-25T21:12:42+00:00,2020-03-03T21:12:42+00:00,Blue Reef Resort: Cologne,Blue Reef Resort,Cologne,standard,1,1,0,7,122.97,860.79
orderid:870306,Q99-KUC7,orderid:870306,crmid:7986748215,2019-12-21T08:28:59.000Z,mobile,prd1189,1577003339,1577176139,2019-12-22T08:28:59+00:00,2019-12-24T08:28:59+00:00,Admiralty Plaza: Bakersfield,Admiralty Plaza,Bakersfield,standard,1,1,0,2,202.69,405.38
orderid:410661,8HS-SDNU,orderid:410661,crmid:4615352736,2020-01-20T07:44:23.000Z,website,prd1093,1581234263,1582184663,2020-02-09T07:44:23+00:00,2020-02-20T07:44:23+00:00,Admiralty Plaza: Yokohama,Admiralty Plaza,Yokohama,standard,1,1,0,11,153.56,1689.16
orderid:299152,UKT-HJAK,orderid:299152,crmid:6377440416,2020-01-30T15:36:08.000Z,kiosk,prd1035,1580484968,1580744168,2020-01-31T15:36:08+00:00,2020-02-03T15:36:08+00:00,Hospitality Inn: Tucson,Hospitality Inn,Tucson,standard,1,1,0,3,152.35,457.05
orderid:517640,OOS-HVRJ,orderid:517640,crmid:3218409545,2020-02-05T08:18:25.000Z,call center,prd1045,1582532305,1582877905,2020-02-24T08:18:25+00:00,2020-02-28T08:18:25+00:00,Admiralty Plaza: Miami,Admiralty Plaza,Miami,premium,1,1,0,4,193.85,775.4
orderid:706657,YQI-RIQ2,orderid:706657,crmid:2442855787,2019-12-05T21:59:59.000Z,website,prd1118,1575842399,1576101599,2019-12-08T21:59:59+00:00,2019-12-11T21:59:59+00:00,Blue Reef Resort: Cologne,Blue Reef Resort,Cologne,standard,1,1,0,3,126.1,378.3
orderid:126677,NTX-P2AZ,orderid:126677,crmid:1728855065,2020-01-06T18:35:11.000Z,kiosk,prd1141,1580841311,1581100511,2020-02-04T18:35:11+00:00,2020-02-07T18:35:11+00:00,Admiralty Plaza: Phoenix,Admiralty Plaza,Phoenix,premium,1,1,1,3,138.78,416.34
orderid:608342,W9X-EUSJ,orderid:608342,crmid:3273309920,2020-02-13T14:12:42.000Z,service desk,prd1133,1583503962,1583590362,2020-03-06T14:12:42+00:00,2020-03-07T14:12:42+00:00,Grandeur Hotels: Toronto,Grandeur Hotels,Toronto,premium,1,1,0,1,126.31,126.31
orderid:530057,A1E-KMRQ,orderid:530057,crmid:3816450996,2020-01-24T19:36:25.000Z,call center,prd1052,1582400185,1583091385,2020-02-22T19:36:25+00:00,2020-03-01T19:36:25+00:00,Aspen Heights: Wichita,Aspen Heights,Wichita,premium,1,1,0,8,120.36,962.88
orderid:990939,KXW-ERUQ,orderid:990939,crmid:2297186785,2020-02-16T14:42:35.000Z,kiosk,prd1031,1584024155,1584542555,2020-03-12T14:42:35+00:00,2020-03-18T14:42:35+00:00,Nesting Box Inn: Louisville,Nesting Box Inn,Louisville,premium,1,1,4,6,155.49,932.94
orderid:880058,V2C-3OHQ,orderid:880058,crmid:1944227911,2020-01-03T19:24:35.000Z,service desk,prd1081,1580671475,1580757875,2020-02-02T19:24:35+00:00,2020-02-03T19:24:35+00:00,Admiralty Plaza: Rod de Janeiro,Admiralty Plaza,Rod de Janeiro,premium,1,1,4,1,132.91,132.91
orderid:841363,ZZJ-LL5W,orderid:841363,crmid:9282533013,2020-01-31T00:26:25.000Z,kiosk,prd1047,1580862385,1582331185,2020-02-05T00:26:25+00:00,2020-02-22T00:26:25+00:00,Hospitality Inn: Oakland,Hospitality Inn,Oakland,standard,1,1,0,17,166.9,2837.3
orderid:658487,V7D-HH6K,orderid:658487,crmid:4941776931,2020-01-29T07:33:26.000Z,service desk,prd1061,1581579206,1582961606,2020-02-13T07:33:26+00:00,2020-02-29T07:33:26+00:00,Grandeur Hotels: Lahore,Grandeur Hotels,Lahore,standard,1,1,0,16,145.65,2330.4
orderid:486784,GTY-9KGL,orderid:486784,crmid:1461097819,2020-02-08T12:11:12.000Z,mobile,prd1172,1582978272,1583496672,2020-02-29T12:11:12+00:00,2020-03-06T12:11:12+00:00,Aspen Heights: Mesa,Aspen Heights,Mesa,premium,1,1,0,6,129.69,778.14
orderid:644121,NSE-CA9M,orderid:644121,crmid:8125311729,2019-12-15T20:50:49.000Z,website,prd1026,1576529449,1576615849,2019-12-16T20:50:49+00:00,2019-12-17T20:50:49+00:00,Restful Nights: Nashville,Restful Nights,Nashville,standard,1,1,0,1,107.33,107.33
orderid:760546,YII-X2PN,orderid:760546,crmid:5210402682,2020-01-08T04:52:26.000Z,kiosk,prd1027,1580964746,1581655946,2020-02-06T04:52:26+00:00,2020-02-14T04:52:26+00:00,Family Fun Hotels: Memphis,Family Fun Hotels,Memphis,standard,1,1,0,8,112.91,903.28
orderid:169188,0NI-CRG2,orderid:169188,crmid:4911949901,2020-01-20T15:21:44.000Z,kiosk,prd1166,1581261704,1581780104,2020-02-09T15:21:44+00:00,2020-02-15T15:21:44+00:00,Blue Reef Resort: Baltimore,Blue Reef Resort,Baltimore,ultra-luxury,1,1,0,6,322.31,1933.86
orderid:665871,WGJ-BU7C,orderid:665871,crmid:3614266535,2019-12-29T10:57:41.000Z,service desk,prd1045,1580122661,1580813861,2020-01-27T10:57:41+00:00,2020-02-04T10:57:41+00:00,Admiralty Plaza: Miami,Admiralty Plaza,Miami,standard,1,1,0,8,120.12,960.96
orderid:903133,Y8B-9QD8,orderid:903133,crmid:3885933592,2020-02-08T06:30:54.000Z,mobile,prd1134,1581229854,1581921054,2020-02-09T06:30:54+00:00,2020-02-17T06:30:54+00:00,Restful Nights: Montreal,Restful Nights,Montreal,standard,1,1,0,8,170.61,1364.88
orderid:929071,TEN-XQT0,orderid:929071,crmid:7745405959,2020-01-02T10:15:56.000Z,kiosk,prd1046,1580292956,1580984156,2020-01-29T10:15:56+00:00,2020-02-06T10:15:56+00:00,Blue Reef Resort: Virginia Beach,Blue Reef Resort,Virginia Beach,premium,1,1,0,8,141.73,1133.84
orderid:861341,NZA-NLM2,orderid:861341,crmid:6145606326,2020-01-29T19:43:47.000Z,mobile,prd1100,1582573427,1582832627,2020-02-24T19:43:47+00:00,2020-02-27T19:43:47+00:00,Aspen Heights: Misk,Aspen Heights,Misk,premium,1,1,3,3,143.11,429.33
orderid:681544,0A2-YEK4,orderid:681544,crmid:5157035417,2020-01-30T06:12:12.000Z,website,prd1137,1581142332,1581660732,2020-02-08T06:12:12+00:00,2020-02-14T06:12:12+00:00,Sapphire Suites: Manila,Sapphire Suites,Manila,standard,1,1,0,6,142.09,852.54
orderid:670902,2J7-YDR3,orderid:670902,crmid:8034978749,2020-02-07T10:54:39.000Z,call center,prd1182,1583060079,1583492079,2020-03-01T10:54:39+00:00,2020-03-06T10:54:39+00:00,Restful Nights: Minneapolis,Restful Nights,Minneapolis,premium,1,1,0,5,127.88,639.4
orderid:228679,MWD-BNKD,orderid:228679,crmid:7651322521,2019-12-07T15:55:37.000Z,call center,prd1040,1575820537,1575993337,2019-12-08T15:55:37+00:00,2019-12-10T15:55:37+00:00,Aspen Heights: Atlanta,Aspen Heights,Atlanta,premium,1,1,0,2,142.98,285.96
orderid:711545,K7I-BVDL,orderid:711545,crmid:7263163454,2020-01-14T16:27:11.000Z,kiosk,prd1197,1579105631,1579192031,2020-01-15T16:27:11+00:00,2020-01-16T16:27:11+00:00,Sapphire Suites: London,Sapphire Suites,London,standard,1,1,0,1,146.57,146.57
orderid:694302,KYD-K1JG,orderid:694302,crmid:6460473431,2020-01-13T07:01:20.000Z,website,prd1112,1579071680,1579158080,2020-01-15T07:01:20+00:00,2020-01-16T07:01:20+00:00,Aspen Heights: Birmingham,Aspen Heights,Birmingham,standard,1,1,0,1,169.29,169.29
orderid:503915,QAB-PHZY,orderid:503915,crmid:7702377609,2020-01-12T03:48:29.000Z,kiosk,prd1045,1578887309,1579319309,2020-01-13T03:48:29+00:00,2020-01-18T03:48:29+00:00,Admiralty Plaza: Miami,Admiralty Plaza,Miami,standard,1,1,0,5,147.25,736.25
orderid:729402,RLD-CSUW,orderid:729402,crmid:5917596599,2019-12-21T11:24:55.000Z,call center,prd1131,1579260295,1580901895,2020-01-17T11:24:55+00:00,2020-02-05T11:24:55+00:00,Hospitality Inn: Sheffield,Hospitality Inn,Sheffield,standard,1,1,0,19,157.49,2992.31
orderid:338961,III-KSYQ,orderid:338961,crmid:1923212959,2020-02-14T22:52:37.000Z,kiosk,prd1069,1581807157,1581893557,2020-02-15T22:52:37+00:00,2020-02-16T22:52:37+00:00,Admiralty Plaza: Singapore,Admiralty Plaza,Singapore,standard,1,1,0,1,150.5,150.5
orderid:557049,SHU-RORY,orderid:557049,crmid:8915501812,2020-02-10T15:13:55.000Z,website,prd1080,1581434035,1581693235,2020-02-11T15:13:55+00:00,2020-02-14T15:13:55+00:00,Repose Resort: Hyderabad,Repose Resort,Hyderabad,standard,1,1,0,3,96.8,290.4
orderid:472501,WRJ-RE2J,orderid:472501,crmid:8915501812,2020-02-16T00:00:00.000Z,call center,prd1009,1582156800,1582243200,2020-02-20T00:00:00+00:00,2020-02-21T00:00:00+00:00,Admiralty Plaza: San Antonio,Admiralty Plaza,San Antonio,standard,1,1,0,1,103.42,103.42
orderid:202263,QUI-AC2N,orderid:202263,crmid:4279333474,2020-01-13T04:09:17.000Z,call center,prd1018,1580011757,1581566957,2020-01-26T04:09:17+00:00,2020-02-13T04:09:17+00:00,Sego Lily Suites: Indianapolis,Sego Lily Suites,Indianapolis,premium,1,1,0,18,88.79,1598.22
orderid:963590,XIN-1FDE,orderid:963590,crmid:6164358216,2019-12-07T00:42:00.000Z,mobile,prd1083,1575765720,1575938520,2019-12-08T00:42:00+00:00,2019-12-10T00:42:00+00:00,Hospitality Inn: Bangkok,Hospitality Inn,Bangkok,standard,1,1,0,2,155.41,310.82
orderid:651096,ZVA-RYKJ,orderid:651096,crmid:3041276007,2019-12-28T23:18:36.000Z,mobile,prd1071,1579562316,1579907916,2020-01-20T23:18:36+00:00,2020-01-24T23:18:36+00:00,Hospitality Inn: Seoul,Hospitality Inn,Seoul,luxury,1,1,0,4,326.69,1306.76
orderid:574710,C2X-CDDY,orderid:574710,crmid:9485464427,2019-12-13T10:26:38.000Z,kiosk,prd1101,1578133598,1578738398,2020-01-04T10:26:38+00:00,2020-01-11T10:26:38+00:00,Sapphire Suites: Vienna,Sapphire Suites,Vienna,premium,1,1,0,7,134.11,938.77
orderid:787986,Q9U-JJQH,orderid:787986,crmid:2684189648,2020-01-04T20:30:01.000Z,website,prd1010,1578256201,1578429001,2020-01-05T20:30:01+00:00,2020-01-07T20:30:01+00:00,Blue Reef Resort: San Diego,Blue Reef Resort,San Diego,premium,1,1,0,2,150.54,301.08
orderid:757709,LMA-J23Q,orderid:757709,crmid:2684189648,2020-01-09T00:00:00.000Z,call center,prd1026,1578614400,1578787200,2020-01-10T00:00:00+00:00,2020-01-12T00:00:00+00:00,Restful Nights: Nashville,Restful Nights,Nashville,standard,1,1,0,2,166.19,332.38
orderid:821482,UEP-RMDP,orderid:821482,crmid:8802734351,2019-12-07T02:23:18.000Z,call center,prd1167,1577672598,1578018198,2019-12-30T02:23:18+00:00,2020-01-03T02:23:18+00:00,Hospitality Inn: Milwaukee,Hospitality Inn,Milwaukee,standard,1,1,0,4,158.81,635.24
orderid:598445,XL1-SXZP,orderid:598445,crmid:2720123857,2020-01-04T12:31:59.000Z,call center,prd1099,1578400319,1578573119,2020-01-07T12:31:59+00:00,2020-01-09T12:31:59+00:00,Family Fun Hotels: Bucharest,Family Fun Hotels,Bucharest,premium,1,1,0,2,141.95,283.9
orderid:509393,PML-1WGG,orderid:509393,crmid:3051633005,2020-01-23T10:08:19.000Z,website,prd1169,1582020499,1582884499,2020-02-18T10:08:19+00:00,2020-02-28T10:08:19+00:00,Grandeur Hotels: Tucson,Grandeur Hotels,Tucson,standard,1,1,0,10,137.4,1374.0
orderid:299743,D3S-RXGW,orderid:299743,crmid:4631943373,2020-02-07T02:54:15.000Z,mobile,prd1105,1581130455,1581216855,2020-02-08T02:54:15+00:00,2020-02-09T02:54:15+00:00,Admiralty Plaza: Barcelona,Admiralty Plaza,Barcelona,standard,1,1,0,1,130.93,130.93
orderid:461098,O3J-7DC2,orderid:461098,crmid:9304206922,2019-12-29T04:04:50.000Z,website,prd1160,1579838690,1581307490,2020-01-24T04:04:50+00:00,2020-02-10T04:04:50+00:00,Aspen Heights: Nashville,Aspen Heights,Nashville,standard,1,1,2,17,182.69,3105.73
orderid:121838,LQM-3Z4X,orderid:121838,crmid:6478555238,2019-12-22T04:17:02.000Z,call center,prd1032,1578975422,1579493822,2020-01-14T04:17:02+00:00,2020-01-20T04:17:02+00:00,Repose Resort: Baltimore,Repose Resort,Baltimore,premium,1,1,0,6,149.04,894.24
orderid:428552,QYH-XYCF,orderid:428552,crmid:2555504248,2020-02-12T23:00:05.000Z,website,prd1083,1583103605,1583622005,2020-03-01T23:00:05+00:00,2020-03-07T23:00:05+00:00,Hospitality Inn: Bangkok,Hospitality Inn,Bangkok,ultra-luxury,1,1,0,6,281.24,1687.44
orderid:102094,GNI-4LLD,orderid:102094,crmid:1558694755,2020-01-03T03:42:19.000Z,kiosk,prd1195,1578195739,1578282139,2020-01-05T03:42:19+00:00,2020-01-06T03:42:19+00:00,Family Fun Hotels: Lahore,Family Fun Hotels,Lahore,standard,1,1,0,1,122.67,122.67
orderid:860859,1X9-FXSR,orderid:860859,crmid:1136421627,2020-01-21T08:13:04.000Z,call center,prd1071,1580026384,1580371984,2020-01-26T08:13:04+00:00,2020-01-30T08:13:04+00:00,Hospitality Inn: Seoul,Hospitality Inn,Seoul,standard,1,1,0,4,154.57,618.28
orderid:569564,M67-TQAX,orderid:569564,crmid:7272632815,2019-12-12T20:26:18.000Z,website,prd1011,1578342378,1578774378,2020-01-06T20:26:18+00:00,2020-01-11T20:26:18+00:00,Hospitality Inn: Dallas,Hospitality Inn,Dallas,standard,1,1,2,5,137.91,689.55
orderid:754311,TRC-TK6K,orderid:754311,crmid:7068124122,2020-01-18T19:09:13.000Z,kiosk,prd1129,1579460953,1579633753,2020-01-19T19:09:13+00:00,2020-01-21T19:09:13+00:00,Admiralty Plaza: Helsinki,Admiralty Plaza,Helsinki,standard,1,1,0,2,79.58,159.16
orderid:959227,TC4-TL06,orderid:959227,crmid:9430675738,2019-12-23T06:05:02.000Z,kiosk,prd1019,1579068302,1579500302,2020-01-15T06:05:02+00:00,2020-01-20T06:05:02+00:00,Nesting Box Inn: Charlotte,Nesting Box Inn,Charlotte,premium,1,1,0,5,95.78,478.9
orderid:383913,IJ4-NHXX,orderid:383913,crmid:6831567205,2020-01-06T02:16:13.000Z,website,prd1016,1580350573,1581041773,2020-01-30T02:16:13+00:00,2020-02-07T02:16:13+00:00,Aspen Heights: Columbus,Aspen Heights,Columbus,premium,1,1,0,8,119.11,952.88
orderid:195714,YY8-XE1J,orderid:195714,crmid:9392598762,2019-12-25T01:38:44.000Z,kiosk,prd1028,1577324324,1577410724,2019-12-26T01:38:44+00:00,2019-12-27T01:38:44+00:00,Aspen Heights: Portland,Aspen Heights,Portland,standard,1,1,0,1,136.37,136.37
orderid:636708,URU-SWUT,orderid:636708,crmid:9392598762,2019-12-28T00:00:00.000Z,call center,prd1130,1577577600,1577750400,2019-12-29T00:00:00+00:00,2019-12-31T00:00:00+00:00,Blue Reef Resort: Bremen,Blue Reef Resort,Bremen,standard,1,1,0,2,134.47,268.94
orderid:961234,Y0K-GE6P,orderid:961234,crmid:9114568796,2020-02-14T03:02:41.000Z,website,prd1154,1583550161,1584241361,2020-03-07T03:02:41+00:00,2020-03-15T03:02:41+00:00,Blue Reef Resort: Seattle,Blue Reef Resort,Seattle,premium,1,1,0,8,141.81,1134.48
orderid:959171,RX4-HG3I,orderid:959171,crmid:5190225306,2020-01-27T21:18:29.000Z,service desk,prd1052,1581801509,1582492709,2020-02-15T21:18:29+00:00,2020-02-23T21:18:29+00:00,Aspen Heights: Wichita,Aspen Heights,Wichita,standard,1,1,4,8,90.03,720.24
orderid:339360,UFX-OWPN,orderid:339360,crmid:1181691630,2020-02-07T18:26:30.000Z,website,prd1175,1581272790,1581359190,2020-02-09T18:26:30+00:00,2020-02-10T18:26:30+00:00,Nesting Box Inn: Long Beach,Nesting Box Inn,Long Beach,standard,1,1,0,1,162.78,162.78
orderid:597474,2TD-QDST,orderid:597474,crmid:1007402276,2019-12-30T04:22:09.000Z,kiosk,prd1197,1578370929,1578889329,2020-01-07T04:22:09+00:00,2020-01-13T04:22:09+00:00,Sapphire Suites: London,Sapphire Suites,London,standard,1,1,2,6,153.07,918.42
