id,reservationid,orderid,crmid,timestamporderType,productsku,hotelCheckInUnix,hotelCheckOutUnix,hotelCheckInTS,hotelCheckOutTS,hotelName,hotelChain,hotelLocation,hotelRoomType,hotelRoomCount,hotelGuestAdultCount,hotelGuestChildCount,hotelNightCount,hotelRoomPrice,hotelFinalPrice
orderid:530911,TJ2-BRG4,orderid:530911,crmid:3977143375,2020-01-18T00:05:24.000Z,call center,prd1057,1580256324,1580688324,2020-01-29T00:05:24+00:00,2020-02-03T00:05:24+00:00,Admiralty Plaza: Mumbai,Admiralty Plaza,Mumbai,standard,1,1,3,5,138.36,691.8
orderid:139978,OEM-CJRF,orderid:139978,crmid:6085170215,2019-12-26T03:15:30.000Z,service desk,prd1016,1579403730,1580699730,2020-01-19T03:15:30+00:00,2020-02-03T03:15:30+00:00,Aspen Heights: Columbus,Aspen Heights,Columbus,standard,1,1,0,15,135.6,2034.0
orderid:475035,KTR-NQYF,orderid:475035,crmid:5844588969,2020-01-30T19:47:33.000Z,website,prd1026,1581968853,1582314453,2020-02-17T19:47:33+00:00,2020-02-21T19:47:33+00:00,Restful Nights: Nashville,Restful Nights,Nashville,standard,1,1,0,4,156.06,624.24
orderid:494985,OMH-FC6N,orderid:494985,crmid:3899809156,2020-02-14T01:49:02.000Z,mobile,prd1016,1583977742,1584409742,2020-03-12T01:49:02+00:00,2020-03-17T01:49:02+00:00,Aspen Heights: Columbus,Aspen Heights,Columbus,standard,1,1,0,5,107.91,539.55
orderid:196450,RTY-JF7O,orderid:196450,crmid:5761950727,2020-02-06T04:31:42.000Z,call center,prd1194,1581136302,1581222702,2020-02-08T04:31:42+00:00,2020-02-09T04:31:42+00:00,Restful Nights: Tianjin,Restful Nights,Tianjin,standard,1,1,0,1,156.11,156.11
orderid:488703,DDT-6OX6,orderid:488703,crmid:8523470863,2020-01-26T07:01:46.000Z,call center,prd1105,1582441306,1583046106,2020-02-23T07:01:46+00:00,2020-03-01T07:01:46+00:00,Admiralty Plaza: Barcelona,Admiralty Plaza,Barcelona,standard,1,1,0,7,122.08,854.56
orderid:829803,HDW-MRW1,orderid:829803,crmid:8737589529,2019-12-18T16:46:07.000Z,website,prd1117,1579020367,1579365967,2020-01-14T16:46:07+00:00,2020-01-18T16:46:07+00:00,Admiralty Plaza: Dublin,Admiralty Plaza,Dublin,standard,1,1,0,4,136.17,544.68
orderid:219987,PBU-BUJW,orderid:219987,crmid:9812226304,2020-01-18T23:57:20.000Z,mobile,prd1071,1579651040,1580169440,2020-01-21T23:57:20+00:00,2020-01-27T23:57:20+00:00,Hospitality Inn: Seoul,Hospitality Inn,Seoul,standard,1,1,0,6,177.18,1063.08
orderid:360510,HUD-7NFB,orderid:360510,crmid:6109339778,2020-01-14T22:19:05.000Z,mobile,prd1104,1579299545,1579385945,2020-01-17T22:19:05+00:00,2020-01-18T22:19:05+00:00,Repose Resort: Warsaw,Repose Resort,Warsaw,standard,1,1,0,1,111.98,111.98
orderid:573829,QMY-GFM4,orderid:573829,crmid:3057499954,2019-12-15T09:44:10.000Z,call center,prd1069,1578822250,1579772650,2020-01-12T09:44:10+00:00,2020-01-23T09:44:10+00:00,Admiralty Plaza: Singapore,Admiralty Plaza,Singapore,standard,1,1,0,11,130.6,1436.6
orderid:930809,UEA-G19J,orderid:930809,crmid:8222795756,2019-12-04T20:18:37.000Z,website,prd1129,1577132317,1577996317,2019-12-23T20:18:37+00:00,2020-01-02T20:18:37+00:00,Admiralty Plaza: Helsinki,Admiralty Plaza,Helsinki,premium,1,1,0,10,141.26,1412.6
orderid:862169,5CL-T4OE,orderid:862169,crmid:5671888690,2020-01-13T04:12:41.000Z,website,prd1089,1579061561,1579234361,2020-01-15T04:12:41+00:00,2020-01-17T04:12:41+00:00,Sapphire Suites: Rome,Sapphire Suites,Rome,standard,1,1,0,2,122.03,244.06
orderid:996320,MV7-L78P,orderid:996320,crmid:4552761977,2020-02-12T09:47:53.000Z,call center,prd1112,1581760073,1581932873,2020-02-15T09:47:53+00:00,2020-02-17T09:47:53+00:00,Aspen Heights: Birmingham,Aspen Heights,Birmingham,standard,1,1,0,2,156.01,312.02
orderid:744373,V0J-TW5E,orderid:744373,crmid:5052707748,2020-01-28T04:56:33.000Z,service desk,prd1189,1580619393,1581828993,2020-02-02T04:56:33+00:00,2020-02-16T04:56:33+00:00,Admiralty Plaza: Bakersfield,Admiralty Plaza,Bakersfield,premium,1,1,0,14,129.44,1812.16
orderid:952443,CYG-LHNI,orderid:952443,crmid:4870134376,2020-01-07T17:32:55.000Z,mobile,prd1028,1580146375,1580578375,2020-01-27T17:32:55+00:00,2020-02-01T17:32:55+00:00,Aspen Heights: Portland,Aspen Heights,Portland,premium,1,1,4,5,127.29,636.45
orderid:238873,6ZD-ZYBW,orderid:238873,crmid:1281504402,2019-12-10T02:41:40.000Z,website,prd1190,1578278500,1578710500,2020-01-06T02:41:40+00:00,2020-01-11T02:41:40+00:00,Blue Reef Resort: Aurora,Blue Reef Resort,Aurora,standard,1,1,2,5,164.63,823.15
orderid:906316,MFI-KCCJ,orderid:906316,crmid:3422442897,2020-02-06T04:46:10.000Z,kiosk,prd1088,1582519570,1583037970,2020-02-24T04:46:10+00:00,2020-03-01T04:46:10+00:00,Aspen Heights: Ankara,Aspen Heights,Ankara,ultra-luxury,1,1,0,6,323.0,1938.0
orderid:731097,NSV-GRW7,orderid:731097,crmid:3055527815,2019-12-19T19:11:42.000Z,kiosk,prd1025,1577301102,1577819502,2019-12-25T19:11:42+00:00,2019-12-31T19:11:42+00:00,Grandeur Hotels: Detroit,Grandeur Hotels,Detroit,standard,1,1,0,6,104.15,624.9
orderid:267575,WRR-XFRM,orderid:267575,crmid:7952259993,2019-12-14T14:25:40.000Z,kiosk,prd1162,1578579940,1579098340,2020-01-09T14:25:40+00:00,2020-01-15T14:25:40+00:00,Sego Lily Suites: Portland,Sego Lily Suites,Portland,premium,1,1,0,6,126.37,758.22
orderid:263867,KBM-6OF1,orderid:263867,crmid:3921060800,2019-12-28T10:00:51.000Z,call center,prd1183,1577786451,1578045651,2019-12-31T10:00:51+00:00,2020-01-03T10:00:51+00:00,Family Fun Hotels: Tulsa,Family Fun Hotels,Tulsa,standard,1,1,0,3,122.88,368.64
orderid:294804,ETV-3RCM,orderid:294804,crmid:5886410106,2020-02-16T18:54:08.000Z,call center,prd1021,1583520848,1584039248,2020-03-06T18:54:08+00:00,2020-03-12T18:54:08+00:00,Admiralty Plaza: Denver,Admiralty Plaza,Denver,standard,1,1,0,6,46.98,281.88
orderid:546420,FYH-CZC2,orderid:546420,crmid:5112793781,2019-12-23T20:27:48.000Z,mobile,prd1187,1577219268,1577305668,2019-12-24T20:27:48+00:00,2019-12-25T20:27:48+00:00,Nesting Box Inn: Cleveland,Nesting Box Inn,Cleveland,standard,1,1,0,1,163.22,163.22
orderid:489762,JJU-Q9C5,orderid:489762,crmid:8528548187,2019-12-14T03:17:13.000Z,kiosk,prd1149,1578280633,1579058233,2020-01-06T03:17:13+00:00,2020-01-15T03:17:13+00:00,Sapphire Suites: San Francisco,Sapphire Suites,San Francisco,premium,1,1,0,9,91.73,825.57
orderid:991406,4XC-F0IL,orderid:991406,crmid:7579698697,2020-01-01T07:06:25.000Z,call center,prd1015,1578294385,1578467185,2020-01-06T07:06:25+00:00,2020-01-08T07:06:25+00:00,Family Fun Hotels: San Francisco,Family Fun Hotels,San Francisco,standard,1,1,2,2,136.32,272.64
orderid:746061,RZD-S9X3,orderid:746061,crmid:3757051945,2019-12-12T19:12:23.000Z,mobile,prd1100,1576350743,1576437143,2019-12-14T19:12:23+00:00,2019-12-15T19:12:23+00:00,Aspen Heights: Misk,Aspen Heights,Misk,standard,1,1,0,1,113.32,113.32
orderid:498185,ZNP-KWOR,orderid:498185,crmid:1235843596,2020-02-15T18:54:10.000Z,website,prd1125,1582224850,1582484050,2020-02-20T18:54:10+00:00,2020-02-23T18:54:10+00:00,Sapphire Suites: Palermo,Sapphire Suites,Palermo,standard,1,1,0,3,129.64,388.92
orderid:357399,XQA-E05L,orderid:357399,crmid:5223815092,2020-01-02T13:23:02.000Z,website,prd1153,1578057782,1578316982,2020-01-03T13:23:02+00:00,2020-01-06T13:23:02+00:00,Admiralty Plaza: Charlotte,Admiralty Plaza,Charlotte,standard,1,1,0,3,97.95,293.85
orderid:156855,UD6-LNDS,orderid:156855,crmid:9718987429,2019-12-13T07:14:27.000Z,website,prd1146,1576394067,1576912467,2019-12-15T07:14:27+00:00,2019-12-21T07:14:27+00:00,Restful Nights: San Jose,Restful Nights,San Jose,premium,1,1,0,6,160.08,960.48
orderid:485944,24Z-B8PO,orderid:485944,crmid:9324282791,2020-01-05T16:44:54.000Z,kiosk,prd1178,1580575494,1581180294,2020-02-01T16:44:54+00:00,2020-02-08T16:44:54+00:00,Blue Reef Resort: Colorado Springs,Blue Reef Resort,Colorado Springs,standard,1,1,0,7,150.2,1051.4
orderid:704635,35X-HQWT,orderid:704635,crmid:9345102682,2020-01-09T04:19:50.000Z,website,prd1134,1580444390,1581567590,2020-01-31T04:19:50+00:00,2020-02-13T04:19:50+00:00,Restful Nights: Montreal,Restful Nights,Montreal,standard,1,1,0,13,178.63,2322.19
orderid:883732,HPN-AV0Y,orderid:883732,crmid:8652087983,2019-12-08T04:04:01.000Z,website,prd1113,1577333041,1578024241,2019-12-26T04:04:01+00:00,2020-01-03T04:04:01+00:00,Sapphire Suites: Kazan,Sapphire Suites,Kazan,standard,1,1,0,8,191.89,1535.12
orderid:978056,JRW-9EVA,orderid:978056,crmid:7894850313,2020-02-03T08:30:33.000Z,kiosk,prd1109,1582619433,1584261033,2020-02-25T08:30:33+00:00,2020-03-15T08:30:33+00:00,Grandeur Hotels: Belgrade,Grandeur Hotels,Belgrade,ultra-luxury,1,1,4,19,303.5,5766.5
orderid:421068,KF3-NGNG,orderid:421068,crmid:6906865586,2020-01-09T03:14:34.000Z,website,prd1040,1580354074,1580958874,2020-01-30T03:14:34+00:00,2020-02-06T03:14:34+00:00,Aspen Heights: Atlanta,Aspen Heights,Atlanta,premium,1,1,0,7,125.45,878.15
orderid:467668,DG8-RIWX,orderid:467668,crmid:1830853401,2020-02-05T03:01:04.000Z,website,prd1083,1583031664,1583722864,2020-03-01T03:01:04+00:00,2020-03-09T03:01:04+00:00,Hospitality Inn: Bangkok,Hospitality Inn,Bangkok,standard,1,1,0,8,126.03,1008.24
orderid:301283,AKG-DJXE,orderid:301283,crmid:3011060716,2020-01-16T21:51:24.000Z,call center,prd1096,1579989084,1580507484,2020-01-25T21:51:24+00:00,2020-01-31T21:51:24+00:00,Sandhill: Madrid,Sandhill,Madrid,premium,1,1,0,6,118.67,712.02
orderid:164901,2GB-BABF,orderid:164901,crmid:4926923363,2020-02-02T04:14:09.000Z,service desk,prd1037,1583036049,1583727249,2020-03-01T04:14:09+00:00,2020-03-09T04:14:09+00:00,Grandeur Hotels: Sacramento,Grandeur Hotels,Sacramento,standard,1,1,0,8,104.46,835.68
orderid:952353,RK3-OAI3,orderid:952353,crmid:4656890860,2020-01-08T10:02:40.000Z,call center,prd1112,1580378560,1581588160,2020-01-30T10:02:40+00:00,2020-02-13T10:02:40+00:00,Aspen Heights: Birmingham,Aspen Heights,Birmingham,standard,1,1,0,14,141.34,1978.76
orderid:307544,EWV-I2OF,orderid:307544,crmid:7498427953,2020-02-04T09:57:39.000Z,website,prd1057,1582883859,1583834259,2020-02-28T09:57:39+00:00,2020-03-10T09:57:39+00:00,Admiralty Plaza: Mumbai,Admiralty Plaza,Mumbai,luxury,1,1,0,11,315.48,3470.28
orderid:746559,BWT-HO3X,orderid:746559,crmid:7986093285,2020-02-03T08:21:55.000Z,kiosk,prd1004,1580804515,1580890915,2020-02-04T08:21:55+00:00,2020-02-05T08:21:55+00:00,Aspen Heights: Boulder,Aspen Heights,Boulder,standard,1,1,0,1,141.52,141.52
orderid:113080,Z3X-OIFX,orderid:113080,crmid:6510858013,2019-12-22T08:04:38.000Z,website,prd1124,1578902678,1580112278,2020-01-13T08:04:38+00:00,2020-01-27T08:04:38+00:00,Aspen Heights: Leeds,Aspen Heights,Leeds,standard,1,1,0,14,91.76,1284.64
orderid:379844,QBY-H9GI,orderid:379844,crmid:7450880889,2019-12-16T06:42:43.000Z,kiosk,prd1082,1577169763,1577601763,2019-12-24T06:42:43+00:00,2019-12-29T06:42:43+00:00,Blue Reef Resort: Surat,Blue Reef Resort,Surat,premium,1,1,4,5,128.08,640.4
orderid:254770,7H6-ANL2,orderid:254770,crmid:8087778283,2019-12-07T06:21:14.000Z,kiosk,prd1009,1577686874,1578378074,2019-12-30T06:21:14+00:00,2020-01-07T06:21:14+00:00,Admiralty Plaza: San Antonio,Admiralty Plaza,San Antonio,standard,1,1,0,8,107.39,859.12
orderid:718985,BJY-A3C5,orderid:718985,crmid:1709059423,2019-12-03T07:14:39.000Z,kiosk,prd1041,1576912479,1578122079,2019-12-21T07:14:39+00:00,2020-01-04T07:14:39+00:00,Sapphire Suites: Long Beach,Sapphire Suites,Long Beach,ultra-luxury,1,1,0,14,356.52,4991.28
orderid:452006,QRP-8WLI,orderid:452006,crmid:3014053992,2019-12-25T07:27:25.000Z,kiosk,prd1097,1579332445,1580023645,2020-01-18T07:27:25+00:00,2020-01-26T07:27:25+00:00,Grandeur Hotels: Buenos Aires,Grandeur Hotels,Buenos Aires,premium,1,1,0,8,119.4,955.2
orderid:890166,GDU-SQMV,orderid:890166,crmid:2666475036,2020-02-09T22:13:09.000Z,service desk,prd1127,1583791989,1584655989,2020-03-09T22:13:09+00:00,2020-03-19T22:13:09+00:00,Nesting Box Inn: Glasgow,Nesting Box Inn,Glasgow,luxury,1,1,0,10,294.39,2943.9
orderid:132178,5K5-HAQF,orderid:132178,crmid:1136922785,2019-12-18T18:29:25.000Z,website,prd1103,1579285765,1579976965,2020-01-17T18:29:25+00:00,2020-01-25T18:29:25+00:00,Nesting Box Inn: Hamburg,Nesting Box Inn,Hamburg,standard,1,1,0,8,142.97,1143.76
orderid:915737,HNA-G4T4,orderid:915737,crmid:7754201135,2019-12-28T07:13:10.000Z,website,prd1159,1577776390,1578294790,2019-12-31T07:13:10+00:00,2020-01-06T07:13:10+00:00,Family Fun Hotels: Detroit,Family Fun Hotels,Detroit,standard,1,1,0,6,137.04,822.24
orderid:432994,R4V-KFB2,orderid:432994,crmid:9667715419,2020-02-03T08:36:55.000Z,website,prd1112,1582792615,1583224615,2020-02-27T08:36:55+00:00,2020-03-03T08:36:55+00:00,Aspen Heights: Birmingham,Aspen Heights,Birmingham,premium,1,1,0,5,149.27,746.35
orderid:474122,RQ7-8PS8,orderid:474122,crmid:1233156471,2020-02-11T10:17:16.000Z,service desk,prd1157,1583835436,1584526636,2020-03-10T10:17:16+00:00,2020-03-18T10:17:16+00:00,Grandeur Hotels: Boston,Grandeur Hotels,Boston,standard,1,1,0,8,177.65,1421.2
orderid:181661,FAK-VGJA,orderid:181661,crmid:2698838836,2019-12-19T18:23:35.000Z,website,prd1145,1577298215,1578248615,2019-12-25T18:23:35+00:00,2020-01-05T18:23:35+00:00,Grandeur Hotels: Dallas,Grandeur Hotels,Dallas,standard,1,1,0,11,159.47,1754.17
orderid:315993,5GC-MQ6S,orderid:315993,crmid:9012143222,2019-12-18T10:08:49.000Z,kiosk,prd1014,1578564529,1580119729,2020-01-09T10:08:49+00:00,2020-01-27T10:08:49+00:00,Restful Nights: Jacksonville,Restful Nights,Jacksonville,premium,1,1,0,18,152.45,2744.1
orderid:570695,FTE-SFEL,orderid:570695,crmid:8059901922,2020-01-01T09:31:40.000Z,website,prd1175,1577957500,1578130300,2020-01-02T09:31:40+00:00,2020-01-04T09:31:40+00:00,Nesting Box Inn: Long Beach,Nesting Box Inn,Long Beach,standard,1,1,0,2,144.81,289.62
orderid:508909,COK-JTNH,orderid:508909,crmid:1662968914,2019-12-06T21:31:25.000Z,mobile,prd1137,1577395885,1578432685,2019-12-26T21:31:25+00:00,2020-01-07T21:31:25+00:00,Sapphire Suites: Manila,Sapphire Suites,Manila,standard,1,1,2,12,154.6,1855.2
orderid:727270,LA4-G5SJ,orderid:727270,crmid:8622362632,2019-12-17T03:27:29.000Z,mobile,prd1107,1577071649,1577762849,2019-12-23T03:27:29+00:00,2019-12-31T03:27:29+00:00,Hospitality Inn: Kharkiv,Hospitality Inn,Kharkiv,standard,1,1,0,8,148.08,1184.64
orderid:709648,URD-ZWBD,orderid:709648,crmid:5666630088,2020-01-11T13:01:55.000Z,kiosk,prd1123,1578834115,1579093315,2020-01-12T13:01:55+00:00,2020-01-15T13:01:55+00:00,Family Fun Hotels: Amsterdam,Family Fun Hotels,Amsterdam,premium,1,1,0,3,143.05,429.15
orderid:405456,VNV-ARYF,orderid:405456,crmid:5614134977,2020-01-04T16:03:50.000Z,website,prd1081,1579795430,1580227430,2020-01-23T16:03:50+00:00,2020-01-28T16:03:50+00:00,Admiralty Plaza: Rod de Janeiro,Admiralty Plaza,Rod de Janeiro,premium,1,1,0,5,141.11,705.55
orderid:698171,JYN-A6MT,orderid:698171,crmid:2867415054,2019-12-30T08:14:23.000Z,kiosk,prd1067,1579767263,1579940063,2020-01-23T08:14:23+00:00,2020-01-25T08:14:23+00:00,Nesting Box Inn: Istanbul,Nesting Box Inn,Istanbul,standard,1,1,0,2,112.92,225.84
orderid:283163,2VH-XV7J,orderid:283163,crmid:2247564950,2020-02-03T07:34:48.000Z,mobile,prd1085,1581579288,1582616088,2020-02-13T07:34:48+00:00,2020-02-25T07:34:48+00:00,Grandeur Hotels: Saint Petersburg,Grandeur Hotels,Saint Petersburg,standard,1,1,0,12,129.43,1553.16
orderid:904923,5BB-Z7NO,orderid:904923,crmid:1410560853,2020-01-13T14:00:20.000Z,kiosk,prd1096,1580997620,1581602420,2020-02-06T14:00:20+00:00,2020-02-13T14:00:20+00:00,Sandhill: Madrid,Sandhill,Madrid,premium,1,1,0,7,153.45,1074.15
orderid:179754,CZE-CPEU,orderid:179754,crmid:2804772245,2020-02-15T04:06:06.000Z,kiosk,prd1069,1583985966,1584677166,2020-03-12T04:06:06+00:00,2020-03-20T04:06:06+00:00,Admiralty Plaza: Singapore,Admiralty Plaza,Singapore,standard,1,1,0,8,102.09,816.72
orderid:601548,4II-VA6Z,orderid:601548,crmid:2739525807,2020-01-28T07:31:06.000Z,service desk,prd1133,1580628666,1581319866,2020-02-02T07:31:06+00:00,2020-02-10T07:31:06+00:00,Grandeur Hotels: Toronto,Grandeur Hotels,Toronto,premium,1,1,0,8,80.17,641.36
orderid:443023,IJ1-ADMF,orderid:443023,crmid:6643769295,2020-01-10T18:11:10.000Z,mobile,prd1008,1579111870,1579803070,2020-01-15T18:11:10+00:00,2020-01-23T18:11:10+00:00,Repose Resort: Philadelphia,Repose Resort,Philadelphia,standard,1,1,0,8,184.76,1478.08
orderid:131661,UGP-SGCE,orderid:131661,crmid:3547292227,2020-01-27T20:44:40.000Z,call center,prd1002,1580244280,1580417080,2020-01-28T20:44:40+00:00,2020-01-30T20:44:40+00:00,Restful Nights: Chicago,Restful Nights,Chicago,ultra-luxury,1,1,0,2,394.28,788.56
orderid:840395,BIQ-OKYL,orderid:840395,crmid:4232297289,2020-02-14T02:40:17.000Z,service desk,prd1177,1584153617,1585622417,2020-03-14T02:40:17+00:00,2020-03-31T02:40:17+00:00,Admiralty Plaza: Raleigh,Admiralty Plaza,Raleigh,standard,1,1,0,17,165.11,2806.87
orderid:400305,DDH-UGK8,orderid:400305,crmid:8620982638,2020-01-28T22:58:33.000Z,service desk,prd1044,1580425113,1580770713,2020-01-30T22:58:33+00:00,2020-02-03T22:58:33+00:00,Repose Resort: Colorado Springs,Repose Resort,Colorado Springs,ultra-luxury,1,1,0,4,305.71,1222.84
orderid:912788,YDG-2KGB,orderid:912788,crmid:7689139018,2020-02-05T23:44:22.000Z,website,prd1130,1581551062,1581723862,2020-02-12T23:44:22+00:00,2020-02-14T23:44:22+00:00,Blue Reef Resort: Bremen,Blue Reef Resort,Bremen,luxury,1,1,0,2,309.28,618.56
orderid:725234,W4H-O3LZ,orderid:725234,crmid:4921458668,2020-01-21T11:17:58.000Z,website,prd1083,1579778278,1580037478,2020-01-23T11:17:58+00:00,2020-01-26T11:17:58+00:00,Hospitality Inn: Bangkok,Hospitality Inn,Bangkok,luxury,1,1,0,3,307.11,921.33
orderid:799510,BQ5-KXGT,orderid:799510,crmid:3210441259,2020-01-25T12:41:30.000Z,call center,prd1058,1581511290,1581856890,2020-02-12T12:41:30+00:00,2020-02-16T12:41:30+00:00,Blue Reef Resort: Delhi,Blue Reef Resort,Delhi,standard,1,1,0,4,133.8,535.2
orderid:329982,5IA-MBRK,orderid:329982,crmid:8597202589,2019-12-08T15:26:27.000Z,service desk,prd1040,1577633187,1578237987,2019-12-29T15:26:27+00:00,2020-01-05T15:26:27+00:00,Aspen Heights: Atlanta,Aspen Heights,Atlanta,standard,1,1,0,7,137.39,961.73
orderid:990326,T7D-HT0K,orderid:990326,crmid:2513964846,2019-12-31T11:16:28.000Z,mobile,prd1154,1580037388,1580728588,2020-01-26T11:16:28+00:00,2020-02-03T11:16:28+00:00,Blue Reef Resort: Seattle,Blue Reef Resort,Seattle,standard,1,1,0,8,143.87,1150.96
orderid:212879,5CH-Z2BE,orderid:212879,crmid:7090148925,2020-02-03T00:01:17.000Z,call center,prd1025,1581984077,1582243277,2020-02-18T00:01:17+00:00,2020-02-21T00:01:17+00:00,Grandeur Hotels: Detroit,Grandeur Hotels,Detroit,premium,1,1,0,3,80.33,240.99
orderid:551524,P7U-KBSP,orderid:551524,crmid:8032453551,2019-12-17T09:16:24.000Z,website,prd1133,1576660584,1576833384,2019-12-18T09:16:24+00:00,2019-12-20T09:16:24+00:00,Grandeur Hotels: Toronto,Grandeur Hotels,Toronto,premium,1,1,0,2,142.41,284.82
orderid:491901,FI3-HEOP,orderid:491901,crmid:5306259186,2020-01-10T08:10:44.000Z,call center,prd1020,1580717444,1581322244,2020-02-03T08:10:44+00:00,2020-02-10T08:10:44+00:00,Repose Resort: Seattle,Repose Resort,Seattle,premium,1,1,0,7,136.79,957.53
orderid:936014,HSF-5CPP,orderid:936014,crmid:8188094192,2020-02-13T20:38:40.000Z,website,prd1118,1582058320,1582144720,2020-02-18T20:38:40+00:00,2020-02-19T20:38:40+00:00,Blue Reef Resort: Cologne,Blue Reef Resort,Cologne,standard,1,1,0,1,149.1,149.1
orderid:918693,0MV-O8YS,orderid:918693,crmid:6601719979,2020-01-20T16:33:27.000Z,call center,prd1125,1581266007,1581611607,2020-02-09T16:33:27+00:00,2020-02-13T16:33:27+00:00,Sapphire Suites: Palermo,Sapphire Suites,Palermo,standard,1,1,0,4,114.08,456.32
orderid:276116,QUU-CYTC,orderid:276116,crmid:5448196781,2019-12-04T00:16:43.000Z,call center,prd1177,1577060203,1577578603,2019-12-23T00:16:43+00:00,2019-12-29T00:16:43+00:00,Admiralty Plaza: Raleigh,Admiralty Plaza,Raleigh,standard,1,1,0,6,157.63,945.78
orderid:376806,OMR-ZPXL,orderid:376806,crmid:8546971929,2019-12-21T13:52:20.000Z,kiosk,prd1043,1577109140,1577195540,2019-12-23T13:52:20+00:00,2019-12-24T13:52:20+00:00,Nesting Box Inn: Raleigh,Nesting Box Inn,Raleigh,premium,1,1,0,1,202.14,202.14
orderid:900891,X4X-CLSU,orderid:900891,crmid:9462799894,2020-02-07T05:05:47.000Z,call center,prd1016,1583039147,1583557547,2020-03-01T05:05:47+00:00,2020-03-07T05:05:47+00:00,Aspen Heights: Columbus,Aspen Heights,Columbus,premium,1,1,0,6,167.46,1004.76
orderid:901007,2RS-JLXI,orderid:901007,crmid:5473295700,2020-02-06T10:34:03.000Z,website,prd1146,1581762843,1582108443,2020-02-15T10:34:03+00:00,2020-02-19T10:34:03+00:00,Restful Nights: San Jose,Restful Nights,San Jose,standard,1,1,0,4,191.85,767.4
orderid:811983,C0W-8UGA,orderid:811983,crmid:3224341339,2020-01-27T16:46:34.000Z,kiosk,prd1028,1580229994,1580575594,2020-01-28T16:46:34+00:00,2020-02-01T16:46:34+00:00,Aspen Heights: Portland,Aspen Heights,Portland,standard,1,1,0,4,154.58,618.32
orderid:441851,IXY-LFIR,orderid:441851,crmid:1397305719,2020-01-08T12:29:41.000Z,website,prd1167,1580473781,1580992181,2020-01-31T12:29:41+00:00,2020-02-06T12:29:41+00:00,Hospitality Inn: Milwaukee,Hospitality Inn,Milwaukee,standard,1,1,0,6,107.86,647.16
orderid:109246,M7E-UUQC,orderid:109246,crmid:3900629853,2020-02-15T08:05:04.000Z,call center,prd1136,1584345904,1584950704,2020-03-16T08:05:04+00:00,2020-03-23T08:05:04+00:00,Aspen Heights: Osaka,Aspen Heights,Osaka,standard,1,1,0,7,91.63,641.41
orderid:612853,UYF-RA61,orderid:612853,crmid:6187935644,2020-01-26T21:18:20.000Z,service desk,prd1154,1581715100,1582319900,2020-02-14T21:18:20+00:00,2020-02-21T21:18:20+00:00,Blue Reef Resort: Seattle,Blue Reef Resort,Seattle,standard,1,1,0,7,131.7,921.9
orderid:955420,Z8L-BZXU,orderid:955420,crmid:3246683812,2019-12-19T12:49:29.000Z,website,prd1086,1576932569,1577105369,2019-12-21T12:49:29+00:00,2019-12-23T12:49:29+00:00,Restful Nights: Johannesburg,Restful Nights,Johannesburg,premium,1,1,0,2,135.84,271.68
orderid:441520,0VD-JGXY,orderid:441520,crmid:3325906027,2019-12-05T10:59:39.000Z,call center,prd1171,1575975579,1576753179,2019-12-10T10:59:39+00:00,2019-12-19T10:59:39+00:00,Family Fun Hotels: Sacramento,Family Fun Hotels,Sacramento,standard,1,1,1,9,139.16,1252.44
orderid:803041,PKU-Y2NG,orderid:803041,crmid:9718880536,2020-01-20T06:05:06.000Z,kiosk,prd1167,1579673106,1579845906,2020-01-22T06:05:06+00:00,2020-01-24T06:05:06+00:00,Hospitality Inn: Milwaukee,Hospitality Inn,Milwaukee,standard,1,1,0,2,159.39,318.78
orderid:324396,GAQ-PYTN,orderid:324396,crmid:9718880536,2020-01-26T00:00:00.000Z,website,prd1187,1580083200,1580256000,2020-01-27T00:00:00+00:00,2020-01-29T00:00:00+00:00,Nesting Box Inn: Cleveland,Nesting Box Inn,Cleveland,standard,1,1,0,2,166.58,333.16
orderid:407808,ONU-5W8U,orderid:407808,crmid:9418687763,2020-02-11T16:52:26.000Z,kiosk,prd1127,1583427146,1584031946,2020-03-05T16:52:26+00:00,2020-03-12T16:52:26+00:00,Nesting Box Inn: Glasgow,Nesting Box Inn,Glasgow,standard,1,1,0,7,130.59,914.13
orderid:201537,HZQ-EYMO,orderid:201537,crmid:8215766015,2019-12-13T10:43:13.000Z,website,prd1042,1577875393,1578912193,2020-01-01T10:43:13+00:00,2020-01-13T10:43:13+00:00,Sego Lily Suites: Omaha,Sego Lily Suites,Omaha,standard,1,1,2,12,110.04,1320.48
orderid:797736,2VE-DKL8,orderid:797736,crmid:6644156956,2020-01-08T12:53:42.000Z,kiosk,prd1178,1578660822,1578920022,2020-01-10T12:53:42+00:00,2020-01-13T12:53:42+00:00,Blue Reef Resort: Colorado Springs,Blue Reef Resort,Colorado Springs,standard,1,1,0,3,165.97,497.91
orderid:812177,ADX-SI9J,orderid:812177,crmid:8311051026,2020-01-15T10:04:44.000Z,service desk,prd1070,1581329084,1582452284,2020-02-10T10:04:44+00:00,2020-02-23T10:04:44+00:00,Blue Reef Resort: Jakarta,Blue Reef Resort,Jakarta,standard,1,1,0,13,143.67,1867.71
orderid:130724,NIE-UQAZ,orderid:130724,crmid:3388541369,2020-01-28T18:22:37.000Z,kiosk,prd1153,1580494957,1580754157,2020-01-31T18:22:37+00:00,2020-02-03T18:22:37+00:00,Admiralty Plaza: Charlotte,Admiralty Plaza,Charlotte,standard,1,1,0,3,137.56,412.68
orderid:558318,XR2-LHBB,orderid:558318,crmid:6897087535,2020-01-13T08:15:41.000Z,website,prd1155,1581063341,1582445741,2020-02-07T08:15:41+00:00,2020-02-23T08:15:41+00:00,Hospitality Inn: Denver,Hospitality Inn,Denver,premium,1,1,0,16,144.74,2315.84
orderid:495297,Q7I-PZAK,orderid:495297,crmid:9661743785,2019-12-01T21:18:37.000Z,call center,prd1032,1575667117,1576185517,2019-12-06T21:18:37+00:00,2019-12-12T21:18:37+00:00,Repose Resort: Baltimore,Repose Resort,Baltimore,premium,1,1,0,6,151.6,909.6
orderid:697409,SVE-EVHK,orderid:697409,crmid:4238580193,2020-01-26T20:25:38.000Z,service desk,prd1016,1580675138,1580934338,2020-02-02T20:25:38+00:00,2020-02-05T20:25:38+00:00,Aspen Heights: Columbus,Aspen Heights,Columbus,premium,1,1,4,3,130.27,390.81
orderid:466834,Y0N-TGKU,orderid:466834,crmid:5209146558,2019-12-03T17:50:42.000Z,call center,prd1165,1575481842,1575741042,2019-12-04T17:50:42+00:00,2019-12-07T17:50:42+00:00,Admiralty Plaza: Louisville,Admiralty Plaza,Louisville,premium,1,1,0,3,124.86,374.58
orderid:293944,NQP-EMHS,orderid:293944,crmid:6825810968,2020-01-03T18:44:11.000Z,website,prd1076,1580582651,1581187451,2020-02-01T18:44:11+00:00,2020-02-08T18:44:11+00:00,Aspen Heights: Bogota,Aspen Heights,Bogota,standard,1,1,0,7,112.48,787.36
orderid:809638,UI3-KUYK,orderid:809638,crmid:5477947028,2020-01-11T16:50:20.000Z,website,prd1005,1578847820,1579107020,2020-01-12T16:50:20+00:00,2020-01-15T16:50:20+00:00,Sapphire Suites: Los Angeles,Sapphire Suites,Los Angeles,standard,1,1,0,3,149.47,448.41
orderid:707718,U8Z-OXOA,orderid:707718,crmid:5477947028,2020-01-17T00:00:00.000Z,call center,prd1117,1579305600,1579392000,2020-01-18T00:00:00+00:00,2020-01-19T00:00:00+00:00,Admiralty Plaza: Dublin,Admiralty Plaza,Dublin,standard,1,1,0,1,128.6,128.6
orderid:997402,RDE-B0P3,orderid:997402,crmid:8828912248,2020-01-28T04:25:43.000Z,kiosk,prd1177,1580271943,1580531143,2020-01-29T04:25:43+00:00,2020-02-01T04:25:43+00:00,Admiralty Plaza: Raleigh,Admiralty Plaza,Raleigh,standard,1,1,0,3,106.52,319.56
orderid:732478,7O0-GLQC,orderid:732478,crmid:8828912248,2020-02-03T00:00:00.000Z,website,prd1043,1580774400,1580947200,2020-02-04T00:00:00+00:00,2020-02-06T00:00:00+00:00,Nesting Box Inn: Raleigh,Nesting Box Inn,Raleigh,premium,1,1,0,2,133.79,267.58
orderid:336916,Y0L-EGUT,orderid:336916,crmid:8828912248,2020-02-08T00:00:00.000Z,website,prd1040,1581292800,1581811200,2020-02-10T00:00:00+00:00,2020-02-16T00:00:00+00:00,Aspen Heights: Atlanta,Aspen Heights,Atlanta,standard,1,1,0,6,142.37,854.22
orderid:437405,PG1-8HYA,orderid:437405,crmid:9232184186,2019-12-19T13:02:45.000Z,website,prd1131,1576933365,1577019765,2019-12-21T13:02:45+00:00,2019-12-22T13:02:45+00:00,Hospitality Inn: Sheffield,Hospitality Inn,Sheffield,premium,1,1,0,1,131.6,131.6
orderid:507501,RUP-SHEK,orderid:507501,crmid:8710941388,2020-01-16T05:09:25.000Z,mobile,prd1053,1581484165,1582088965,2020-02-12T05:09:25+00:00,2020-02-19T05:09:25+00:00,Sapphire Suites: Cleveland,Sapphire Suites,Cleveland,standard,1,1,0,7,144.18,1009.26
