{"_id": "orderid:530911", "timestamp": "2020-01-18T00:05:24.000Z", "eventType": "transaction", "_adobeamericaspot3": {"CRMID": "crmid:3977143375", "orderDetails": {"orderID": "orderid:530911", "reservationid": "TJ2-BRG4", "orderType": "call center", "hotelSKU": "prd1057", "hotelCheckInUnix": "1580256324", "hotelCheckOutUnix": "1580688324", "hotelCheckInTS": "2020-01-29T00:05:24+00:00", "hotelCheckOutTS": "2020-02-03T00:05:24+00:00", "hotelChain": "Admiralty Plaza", "hotelName": "Admiralty Plaza: Mumbai", "hotelLocation": "Mumbai", "hotelRoomType": "standard", "hotelRoomCount": "1", "hotelGuestAdultCount": "1", "hotelGuestChildCount": "3", "hotelNightCount": "5", "hotelRoomPrice": "138.36", "hotelFinalPrice": "691.8"}}}
{"_id": "orderid:139978", "timestamp": "2019-12-26T03:15:30.000Z", "eventType": "transaction", "_adobeamericaspot3": {"CRMID": "crmid:6085170215", "orderDetails": {"orderID": "orderid:139978", "reservationid": "OEM-CJRF", "orderType": "service desk", "hotelSKU": "prd1016", "hotelCheckInUnix": "1579403730", "hotelCheckOutUnix": "1580699730", "hotelCheckInTS": "2020-01-19T03:15:30+00:00", "hotelCheckOutTS": "2020-02-03T03:15:30+00:00", "hotelChain": "Aspen Heights", "hotelName": "Aspen Heights: Columbus", "hotelLocation": "Columbus", "hotelRoomType": "standard", "hotelRoomCount": "1", "hotelGuestAdultCount": "1", "hotelGuestChildCount": "0", "hotelNightCount": "15", "hotelRoomPrice": "135.6", "hotelFinalPrice": "2034.0"}}}
{"_id": "orderid:475035", "timestamp": "2020-01-30T19:47:33.000Z", "eventType": "transaction", "_adobeamericaspot3": {"CRMID": "crmid:5844588969", "orderDetails": {"orderID": "orderid:475035", "reservationid": "KTR-NQYF", "orderType": "website", "hotelSKU": "prd1026", "hotelCheckInUnix": "1581968853", "hotelCheckOutUnix": "1582314453", "hotelCheckInTS": "2020-02-17T19:47:33+00:00", "hotelCheckOutTS": "2020-02-21T19:47:33+00:00", "hotelChain": "Restful Nights", "hotelName": "Restful Nights: Nashville", "hotelLocation": "Nashville", "hotelRoomType": "standard", "hotelRoomCount": "1", "hotelGuestAdultCount": "1", "hotelGuestChildCount": "0", "hotelNightCount": "4", "hotelRoomPrice": "156.06", "hotelFinalPrice": "624.24"}}}
{"_id": "orderid:494985", "timestamp": "2020-02-14T01:49:02.000Z", "eventType": "transaction", "_adobeamericaspot3": {"CRMID": "crmid:3899809156", "orderDetails": {"orderID": "orderid:494985", "reservationid": "OMH-FC6N", "orderType": "mobile", "hotelSKU": "prd1016", "hotelCheckInUnix": "1583977742", "hotelCheckOutUnix": "1584409742", "hotelCheckInTS": "2020-03-12T01:49:02+00:00", "hotelCheckOutTS": "2020-03-17T01:49:02+00:00", "hotelChain": "Aspen Heights", "hotelName": "Aspen Heights: Columbus", "hotelLocation": "Columbus", "hotelRoomType": "standard", "hotelRoomCount": "1", "hotelGuestAdultCount": "1", "hotelGuestChildCount": "0", "hotelNightCount": "5", "hotelRoomPrice": "107.91", "hotelFinalPrice": "539.55"}}}
{"_id": "orderid:196450", "timestamp": "2020-02-06T04:31:42.000Z", "eventType": "transaction", "_adobeamericaspot3": {"CRMID": "crmid:5761950727", "orderDetails": {"orderID": "orderid:196450", "reservationid": "RTY-JF7O", "orderType": "call center", "hotelSKU": "prd1194", "hotelCheckInUnix": "1581136302", "hotelCheckOutUnix": "1581222702", "hotelCheckInTS": "2020-02-08T04:31:42+00:00", "hotelCheckOutTS": "2020-02-09T04:31:42+00:00", "hotelChain": "Restful Nights", "hotelName": "Restful Nights: Tianjin", "hotelLocation": "Tianjin", "hotelRoomType": "standard", "hotelRoomCount": "1", "hotelGuestAdultCount": "1", "hotelGuestChildCount": "0", "hotelNightCount": "1", "hotelRoomPrice": "156.11", "hotelFinalPrice": "156.11"}}}
{"_id": "orderid:488703", "timestamp": "2020-01-26T07:01:46.000Z", "eventType": "transaction", "_adobeamericaspot3": {"CRMID": "crmid:8523470863", "orderDetails": {"orderID": "orderid:488703", "reservationid": "DDT-6OX6", "orderType": "call center", "hotelSKU": "prd1105", "hotelCheckInUnix": "1582441306", "hotelCheckOutUnix": "1583046106", "hotelCheckInTS": "2020-02-23T07:01:46+00:00", "hotelCheckOutTS": "2020-03-01T07:01:46+00:00", "hotelChain": "Admiralty Plaza", "hotelName": "Admiralty Plaza: Barcelona", "hotelLocation": "Barcelona", "hotelRoomType": "standard", "hotelRoomCount": "1", "hotelGuestAdultCount": "1", "hotelGuestChildCount": "0", "hotelNightCount": "7", "hotelRoomPrice": "122.08", "hotelFinalPrice": "854.56"}}}
{"_id": "orderid:829803", "timestamp": "2019-12-18T16:46:07.000Z", "eventType": "transaction", "_adobeamericaspot3": {"CRMID": "crmid:8737589529", "orderDetails": {"orderID": "orderid:829803", "reservationid": "HDW-MRW1", "orderType": "website", "hotelSKU": "prd1117", "hotelCheckInUnix": "1579020367", "hotelCheckOutUnix": "1579365967", "hotelCheckInTS": "2020-01-14T16:46:07+00:00", "hotelCheckOutTS": "2020-01-18T16:46:07+00:00", "hotelChain": "Admiralty Plaza", "hotelName": "Admiralty Plaza: Dublin", "hotelLocation": "Dublin", "hotelRoomType": "standard", "hotelRoomCount": "1", "hotelGuestAdultCount": "1", "hotelGuestChildCount": "0", "hotelNightCount": "4", "hotelRoomPrice": "136.17", "hotelFinalPrice": "544.68"}}}
{"_id": "orderid:219987", "timestamp": "2020-01-18T23:57:20.000Z", "eventType": "transaction", "_adobeamericaspot3": {"CRMID": "crmid:9812226304", "orderDetails": {"orderID": "orderid:219987", "reservationid": "PBU-BUJW", "orderType": "mobile", "hotelSKU": "prd1071", "hotelCheckInUnix": "1579651040", "hotelCheckOutUnix": "1580169440", "hotelCheckInTS": "2020-01-21T23:57:20+00:00", "hotelCheckOutTS": "2020-01-27T23:57:20+00:00", "hotelChain": "Hospitality Inn", "hotelName": "Hospitality Inn: Seoul", "hotelLocation": "Seoul", "hotelRoomType": "standard", "hotelRoomCount": "1", "hotelGuestAdultCount": "1", "hotelGuestChildCount": "0", "hotelNightCount": "6", "hotelRoomPrice": "177.18", "hotelFinalPrice": "1063.08"}}}
{"_id": "orderid:360510", "timestamp": "2020-01-14T22:19:05.000Z", "eventType": "transaction", "_adobeamericaspot3": {"CRMID": "crmid:6109339778", "orderDetails": {"orderID": "orderid:360510", "reservationid": "HUD-7NFB", "orderType": "mobile", "hotelSKU": "prd1104", "hotelCheckInUnix": "1579299545", "hotelCheckOutUnix": "1579385945", "hotelCheckInTS": "2020-01-17T22:19:05+00:00", "hotelCheckOutTS": "2020-01-18T22:19:05+00:00", "hotelChain": "Repose Resort", "hotelName": "Repose Resort: Warsaw", "hotelLocation": "Warsaw", "hotelRoomType": "standard", "hotelRoomCount": "1", "hotelGuestAdultCount": "1", "hotelGuestChildCount": "0", "hotelNightCount": "1", "hotelRoomPrice": "111.98", "hotelFinalPrice": "111.98"}}}
{"_id": "orderid:573829", "timestamp": "2019-12-15T09:44:10.000Z", "eventType": "transaction", "_adobeamericaspot3": {"CRMID": "crmid:3057499954", "orderDetails": {"orderID": "orderid:573829", "reservationid": "QMY-GFM4", "orderType": "call center", "hotelSKU": "prd1069", "hotelCheckInUnix": "1578822250", "hotelCheckOutUnix": "1579772650", "hotelCheckInTS": "2020-01-12T09:44:10+00:00", "hotelCheckOutTS": "2020-01-23T09:44:10+00:00", "hotelChain": "Admiralty Plaza", "hotelName": "Admiralty Plaza: Singapore", "hotelLocation": "Singapore", "hotelRoomType": "standard", "hotelRoomCount": "1", "hotelGuestAdultCount": "1", "hotelGuestChildCount": "0", "hotelNightCount": "11", "hotelRoomPrice": "130.6", "hotelFinalPrice": "1436.6"}}}
{"_id": "orderid:930809", "timestamp": "2019-12-04T20:18:37.000Z", "eventType": "transaction", "_adobeamericaspot3": {"CRMID": "crmid:8222795756", "orderDetails": {"orderID": "orderid:930809", "reservationid": "UEA-G19J", "orderType": "website", "hotelSKU": "prd1129", "hotelCheckInUnix": "1577132317", "hotelCheckOutUnix": "1577996317", "hotelCheckInTS": "2019-12-23T20:18:37+00:00", "hotelCheckOutTS": "2020-01-02T20:18:37+00:00", "hotelChain": "Admiralty Plaza", "hotelName": "Admiralty Plaza: Helsinki", "hotelLocation": "Helsinki", "hotelRoomType": "premium", "hotelRoomCount": "1", "hotelGuestAdultCount": "1", "hotelGuestChildCount": "0", "hotelNightCount": "10", "hotelRoomPrice": "141.26", "hotelFinalPrice": "1412.6"}}}
{"_id": "orderid:862169", "timestamp": "2020-01-13T04:12:41.000Z", "eventType": "transaction", "_adobeamericaspot3": {"CRMID": "crmid:5671888690", "orderDetails": {"orderID": "orderid:862169", "reservationid": "5CL-T4OE", "orderType": "website", "hotelSKU": "prd1089", "hotelCheckInUnix": "1579061561", "hotelCheckOutUnix": "1579234361", "hotelCheckInTS": "2020-01-15T04:12:41+00:00", "hotelCheckOutTS": "2020-01-17T04:12:41+00:00", "hotelChain": "Sapphire Suites", "hotelName": "Sapphire Suites: Rome", "hotelLocation": "Rome", "hotelRoomType": "standard", "hotelRoomCount": "1", "hotelGuestAdultCount": "1", "hotelGuestChildCount": "0", "hotelNightCount": "2", "hotelRoomPrice": "122.03", "hotelFinalPrice": "244.06"}}}
{"_id": "orderid:996320", "timestamp": "2020-02-12T09:47:53.000Z", "eventType": "transaction", "_adobeamericaspot3": {"CRMID": "crmid:4552761977", "orderDetails": {"orderID": "orderid:996320", "reservationid": "MV7-L78P", "orderType": "call center", "hotelSKU": "prd1112", "hotelCheckInUnix": "1581760073", "hotelCheckOutUnix": "1581932873", "hotelCheckInTS": "2020-02-15T09:47:53+00:00", "hotelCheckOutTS": "2020-02-17T09:47:53+00:00", "hotelChain": "Aspen Heights", "hotelName": "Aspen Heights: Birmingham", "hotelLocation": "Birmingham", "hotelRoomType": "standard", "hotelRoomCount": "1", "hotelGuestAdultCount": "1", "hotelGuestChildCount": "0", "hotelNightCount": "2", "hotelRoomPrice": "156.01", "hotelFinalPrice": "312.02"}}}
{"_id": "orderid:744373", "timestamp": "2020-01-28T04:56:33.000Z", "eventType": "transaction", "_adobeamericaspot3": {"CRMID": "crmid:5052707748", "orderDetails": {"orderID": "orderid:744373", "reservationid": "V0J-TW5E", "orderType": "service desk", "hotelSKU": "prd1189", "hotelCheckInUnix": "1580619393", "hotelCheckOutUnix": "1581828993", "hotelCheckInTS": "2020-02-02T04:56:33+00:00", "hotelCheckOutTS": "2020-02-16T04:56:33+00:00", "hotelChain": "Admiralty Plaza", "hotelName": "Admiralty Plaza: Bakersfield", "hotelLocation": "Bakersfield", "hotelRoomType": "premium", "hotelRoomCount": "1", "hotelGuestAdultCount": "1", "hotelGuestChildCount": "0", "hotelNightCount": "14", "hotelRoomPrice": "129.44", "hotelFinalPrice": "1812.16"}}}
{"_id": "orderid:952443", "timestamp": "2020-01-07T17:32:55.000Z", "eventType": "transaction", "_adobeamericaspot3": {"CRMID": "crmid:4870134376", "orderDetails": {"orderID": "orderid:952443", "reservationid": "CYG-LHNI", "orderType": "mobile", "hotelSKU": "prd1028", "hotelCheckInUnix": "1580146375", "hotelCheckOutUnix": "1580578375", "hotelCheckInTS": "2020-01-27T17:32:55+00:00", "hotelCheckOutTS": "2020-02-01T17:32:55+00:00", "hotelChain": "Aspen Heights", "hotelName": "Aspen Heights: Portland", "hotelLocation": "Portland", "hotelRoomType": "premium", "hotelRoomCount": "1", "hotelGuestAdultCount": "1", "hotelGuestChildCount": "4", "hotelNightCount": "5", "hotelRoomPrice": "127.29", "hotelFinalPrice": "636.45"}}}
{"_id": "orderid:238873", "timestamp": "2019-12-10T02:41:40.000Z", "eventType": "transaction", "_adobeamericaspot3": {"CRMID": "crmid:1281504402", "orderDetails": {"orderID": "orderid:238873", "reservationid": "6ZD-ZYBW", "orderType": "website", "hotelSKU": "prd1190", "hotelCheckInUnix": "1578278500", "hotelCheckOutUnix": "1578710500", "hotelCheckInTS": "2020-01-06T02:41:40+00:00", "hotelCheckOutTS": "2020-01-11T02:41:40+00:00", "hotelChain": "Blue Reef Resort", "hotelName": "Blue Reef Resort: Aurora", "hotelLocation": "Aurora", "hotelRoomType": "standard", "hotelRoomCount": "1", "hotelGuestAdultCount": "1", "hotelGuestChildCount": "2", "hotelNightCount": "5", "hotelRoomPrice": "164.63", "hotelFinalPrice": "823.15"}}}
{"_id": "orderid:906316", "timestamp": "2020-02-06T04:46:10.000Z", "eventType": "transaction", "_adobeamericaspot3": {"CRMID": "crmid:3422442897", "orderDetails": {"orderID": "orderid:906316", "reservationid": "MFI-KCCJ", "orderType": "kiosk", "hotelSKU": "prd1088", "hotelCheckInUnix": "1582519570", "hotelCheckOutUnix": "1583037970", "hotelCheckInTS": "2020-02-24T04:46:10+00:00", "hotelCheckOutTS": "2020-03-01T04:46:10+00:00", "hotelChain": "Aspen Heights", "hotelName": "Aspen Heights: Ankara", "hotelLocation": "Ankara", "hotelRoomType": "ultra-luxury", "hotelRoomCount": "1", "hotelGuestAdultCount": "1", "hotelGuestChildCount": "0", "hotelNightCount": "6", "hotelRoomPrice": "323.0", "hotelFinalPrice": "1938.0"}}}
{"_id": "orderid:731097", "timestamp": "2019-12-19T19:11:42.000Z", "eventType": "transaction", "_adobeamericaspot3": {"CRMID": "crmid:3055527815", "orderDetails": {"orderID": "orderid:731097", "reservationid": "NSV-GRW7", "orderType": "kiosk", "hotelSKU": "prd1025", "hotelCheckInUnix": "1577301102", "hotelCheckOutUnix": "1577819502", "hotelCheckInTS": "2019-12-25T19:11:42+00:00", "hotelCheckOutTS": "2019-12-31T19:11:42+00:00", "hotelChain": "Grandeur Hotels", "hotelName": "Grandeur Hotels: Detroit", "hotelLocation": "Detroit", "hotelRoomType": "standard", "hotelRoomCount": "1", "hotelGuestAdultCount": "1", "hotelGuestChildCount": "0", "hotelNightCount": "6", "hotelRoomPrice": "104.15", "hotelFinalPrice": "624.9"}}}
{"_id": "orderid:267575", "timestamp": "2019-12-14T14:25:40.000Z", "eventType": "transaction", "_adobeamericaspot3": {"CRMID": "crmid:7952259993", "orderDetails": {"orderID": "orderid:267575", "reservationid": "WRR-XFRM", "orderType": "kiosk", "hotelSKU": "prd1162", "hotelCheckInUnix": "1578579940", "hotelCheckOutUnix": "1579098340", "hotelCheckInTS": "2020-01-09T14:25:40+00:00", "hotelCheckOutTS": "2020-01-15T14:25:40+00:00", "hotelChain": "Sego Lily Suites", "hotelName": "Sego Lily Suites: Portland", "hotelLocation": "Portland", "hotelRoomType": "premium", "hotelRoomCount": "1", "hotelGuestAdultCount": "1", "hotelGuestChildCount": "0", "hotelNightCount": "6", "hotelRoomPrice": "126.37", "hotelFinalPrice": "758.22"}}}
{"_id": "orderid:263867", "timestamp": "2019-12-28T10:00:51.000Z", "eventType": "transaction", "_adobeamericaspot3": {"CRMID": "crmid:3921060800", "orderDetails": {"orderID": "orderid:263867", "reservationid": "KBM-6OF1", "orderType": "call center", "hotelSKU": "prd1183", "hotelCheckInUnix": "1577786451", "hotelCheckOutUnix": "1578045651", "hotelCheckInTS": "2019-12-31T10:00:51+00:00", "hotelCheckOutTS": "2020-01-03T10:00:51+00:00", "hotelChain": "Family Fun Hotels", "hotelName": "Family Fun Hotels: Tulsa", "hotelLocation": "Tulsa", "hotelRoomType": "standard", "hotelRoomCount": "1", "hotelGuestAdultCount": "1", "hotelGuestChildCount": "0", "hotelNightCount": "3", "hotelRoomPrice": "122.88", "hotelFinalPrice": "368.64"}}}
{"_id": "orderid:294804", "timestamp": "2020-02-16T18:54:08.000Z", "eventType": "transaction", "_adobeamericaspot3": {"CRMID": "crmid:5886410106", "orderDetails": {"orderID": "orderid:294804", "reservationid": "ETV-3RCM", "orderType": "call center", "hotelSKU": "prd1021", "hotelCheckInUnix": "1583520848", "hotelCheckOutUnix": "1584039248", "hotelCheckInTS": "2020-03-06T18:54:08+00:00", "hotelCheckOutTS": "2020-03-12T18:54:08+00:00", "hotelChain": "Admiralty Plaza", "hotelName": "Admiralty Plaza: Denver", "hotelLocation": "Denver", "hotelRoomType": "standard", "hotelRoomCount": "1", "hotelGuestAdultCount": "1", "hotelGuestChildCount": "0", "hotelNightCount": "6", "hotelRoomPrice": "46.98", "hotelFinalPrice": "281.88"}}}
{"_id": "orderid:546420", "timestamp": "2019-12-23T20:27:48.000Z", "eventType": "transaction", "_adobeamericaspot3": {"CRMID": "crmid:5112793781", "orderDetails": {"orderID": "orderid:546420", "reservationid": "FYH-CZC2", "orderType": "mobile", "hotelSKU": "prd1187", "hotelCheckInUnix": "1577219268", "hotelCheckOutUnix": "1577305668", "hotelCheckInTS": "2019-12-24T20:27:48+00:00", "hotelCheckOutTS": "2019-12-25T20:27:48+00:00", "hotelChain": "Nesting Box Inn", "hotelName": "Nesting Box Inn: Cleveland", "hotelLocation": "Cleveland", "hotelRoomType": "standard", "hotelRoomCount": "1", "hotelGuestAdultCount": "1", "hotelGuestChildCount": "0", "hotelNightCount": "1", "hotelRoomPrice": "163.22", "hotelFinalPrice": "163.22"}}}
{"_id": "orderid:489762", "timestamp": "2019-12-14T03:17:13.000Z", "eventType": "transaction", "_adobeamericaspot3": {"CRMID": "crmid:8528548187", "orderDetails": {"orderID": "orderid:489762", "reservationid": "JJU-Q9C5", "orderType": "kiosk", "hotelSKU": "prd1149", "hotelCheckInUnix": "1578280633", "hotelCheckOutUnix": "1579058233", "hotelCheckInTS": "2020-01-06T03:17:13+00:00", "hotelCheckOutTS": "2020-01-15T03:17:13+00:00", "hotelChain": "Sapphire Suites", "hotelName": "Sapphire Suites: San Francisco", "hotelLocation": "San Francisco", "hotelRoomType": "premium", "hotelRoomCount": "1", "hotelGuestAdultCount": "1", "hotelGuestChildCount": "0", "hotelNightCount": "9", "hotelRoomPrice": "91.73", "hotelFinalPrice": "825.57"}}}
{"_id": "orderid:991406", "timestamp": "2020-01-01T07:06:25.000Z", "eventType": "transaction", "_adobeamericaspot3": {"CRMID": "crmid:7579698697", "orderDetails": {"orderID": "orderid:991406", "reservationid": "4XC-F0IL", "orderType": "call center", "hotelSKU": "prd1015", "hotelCheckInUnix": "1578294385", "hotelCheckOutUnix": "1578467185", "hotelCheckInTS": "2020-01-06T07:06:25+00:00", "hotelCheckOutTS": "2020-01-08T07:06:25+00:00", "hotelChain": "Family Fun Hotels", "hotelName": "Family Fun Hotels: San Francisco", "hotelLocation": "San Francisco", "hotelRoomType": "standard", "hotelRoomCount": "1", "hotelGuestAdultCount": "1", "hotelGuestChildCount": "2", "hotelNightCount": "2", "hotelRoomPrice": "136.32", "hotelFinalPrice": "272.64"}}}
{"_id": "orderid:746061", "timestamp": "2019-12-12T19:12:23.000Z", "eventType": "transaction", "_adobeamericaspot3": {"CRMID": "crmid:3757051945", "orderDetails": {"orderID": "orderid:746061", "reservationid": "RZD-S9X3", "orderType": "mobile", "hotelSKU": "prd1100", "hotelCheckInUnix": "1576350743", "hotelCheckOutUnix": "1576437143", "hotelCheckInTS": "2019-12-14T19:12:23+00:00", "hotelCheckOutTS": "2019-12-15T19:12:23+00:00", "hotelChain": "Aspen Heights", "hotelName": "Aspen Heights: Misk", "hotelLocation": "Misk", "hotelRoomType": "standard", "hotelRoomCount": "1", "hotelGuestAdultCount": "1", "hotelGuestChildCount": "0", "hotelNightCount": "1", "hotelRoomPrice": "113.32", "hotelFinalPrice": "113.32"}}}
{"_id": "orderid:498185", "timestamp": "2020-02-15T18:54:10.000Z", "eventType": "transaction", "_adobeamericaspot3": {"CRMID": "crmid:1235843596", "orderDetails": {"orderID": "orderid:498185", "reservationid": "ZNP-KWOR", "orderType": "website", "hotelSKU": "prd1125", "hotelCheckInUnix": "1582224850", "hotelCheckOutUnix": "1582484050", "hotelCheckInTS": "2020-02-20T18:54:10+00:00", "hotelCheckOutTS": "2020-02-23T18:54:10+00:00", "hotelChain": "Sapphire Suites", "hotelName": "Sapphire Suites: Palermo", "hotelLocation": "Palermo", "hotelRoomType": "standard", "hotelRoomCount": "1", "hotelGuestAdultCount": "1", "hotelGuestChildCount": "0", "hotelNightCount": "3", "hotelRoomPrice": "129.64", "hotelFinalPrice": "388.92"}}}
{"_id": "orderid:357399", "timestamp": "2020-01-02T13:23:02.000Z", "eventType": "transaction", "_adobeamericaspot3": {"CRMID": "crmid:5223815092", "orderDetails": {"orderID": "orderid:357399", "reservationid": "XQA-E05L", "orderType": "website", "hotelSKU": "prd1153", "hotelCheckInUnix": "1578057782", "hotelCheckOutUnix": "1578316982", "hotelCheckInTS": "2020-01-03T13:23:02+00:00", "hotelCheckOutTS": "2020-01-06T13:23:02+00:00", "hotelChain": "Admiralty Plaza", "hotelName": "Admiralty Plaza: Charlotte", "hotelLocation": "Charlotte", "hotelRoomType": "standard", "hotelRoomCount": "1", "hotelGuestAdultCount": "1", "hotelGuestChildCount": "0", "hotelNightCount": "3", "hotelRoomPrice": "97.95", "hotelFinalPrice": "293.85"}}}
{"_id": "orderid:156855", "timestamp": "2019-12-13T07:14:27.000Z", "eventType": "transaction", "_adobeamericaspot3": {"CRMID": "crmid:9718987429", "orderDetails": {"orderID": "orderid:156855", "reservationid": "UD6-LNDS", "orderType": "website", "hotelSKU": "prd1146", "hotelCheckInUnix": "1576394067", "hotelCheckOutUnix": "1576912467", "hotelCheckInTS": "2019-12-15T07:14:27+00:00", "hotelCheckOutTS": "2019-12-21T07:14:27+00:00", "hotelChain": "Restful Nights", "hotelName": "Restful Nights: San Jose", "hotelLocation": "San Jose", "hotelRoomType": "premium", "hotelRoomCount": "1", "hotelGuestAdultCount": "1", "hotelGuestChildCount": "0", "hotelNightCount": "6", "hotelRoomPrice": "160.08", "hotelFinalPrice": "960.48"}}}
{"_id": "orderid:485944", "timestamp": "2020-01-05T16:44:54.000Z", "eventType": "transaction", "_adobeamericaspot3": {"CRMID": "crmid:9324282791", "orderDetails": {"orderID": "orderid:485944", "reservationid": "24Z-B8PO", "orderType": "kiosk", "hotelSKU": "prd1178", "hotelCheckInUnix": "1580575494", "hotelCheckOutUnix": "1581180294", "hotelCheckInTS": "2020-02-01T16:44:54+00:00", "hotelCheckOutTS": "2020-02-08T16:44:54+00:00", "hotelChain": "Blue Reef Resort", "hotelName": "Blue Reef Resort: Colorado Springs", "hotelLocation": "Colorado Springs", "hotelRoomType": "standard", "hotelRoomCount": "1", "hotelGuestAdultCount": "1", "hotelGuestChildCount": "0", "hotelNightCount": "7", "hotelRoomPrice": "150.2", "hotelFinalPrice": "1051.4"}}}
{"_id": "orderid:704635", "timestamp": "2020-01-09T04:19:50.000Z", "eventType": "transaction", "_adobeamericaspot3": {"CRMID": "crmid:9345102682", "orderDetails": {"orderID": "orderid:704635", "reservationid": "35X-HQWT", "orderType": "website", "hotelSKU": "prd1134", "hotelCheckInUnix": "1580444390", "hotelCheckOutUnix": "1581567590", "hotelCheckInTS": "2020-01-31T04:19:50+00:00", "hotelCheckOutTS": "2020-02-13T04:19:50+00:00", "hotelChain": "Restful Nights", "hotelName": "Restful Nights: Montreal", "hotelLocation": "Montreal", "hotelRoomType": "standard", "hotelRoomCount": "1", "hotelGuestAdultCount": "1", "hotelGuestChildCount": "0", "hotelNightCount": "13", "hotelRoomPrice": "178.63", "hotelFinalPrice": "2322.19"}}}
{"_id": "orderid:883732", "timestamp": "2019-12-08T04:04:01.000Z", "eventType": "transaction", "_adobeamericaspot3": {"CRMID": "crmid:8652087983", "orderDetails": {"orderID": "orderid:883732", "reservationid": "HPN-AV0Y", "orderType": "website", "hotelSKU": "prd1113", "hotelCheckInUnix": "1577333041", "hotelCheckOutUnix": "1578024241", "hotelCheckInTS": "2019-12-26T04:04:01+00:00", "hotelCheckOutTS": "2020-01-03T04:04:01+00:00", "hotelChain": "Sapphire Suites", "hotelName": "Sapphire Suites: Kazan", "hotelLocation": "Kazan", "hotelRoomType": "standard", "hotelRoomCount": "1", "hotelGuestAdultCount": "1", "hotelGuestChildCount": "0", "hotelNightCount": "8", "hotelRoomPrice": "191.89", "hotelFinalPrice": "1535.12"}}}
{"_id": "orderid:978056", "timestamp": "2020-02-03T08:30:33.000Z", "eventType": "transaction", "_adobeamericaspot3": {"CRMID": "crmid:7894850313", "orderDetails": {"orderID": "orderid:978056", "reservationid": "JRW-9EVA", "orderType": "kiosk", "hotelSKU": "prd1109", "hotelCheckInUnix": "1582619433", "hotelCheckOutUnix": "1584261033", "hotelCheckInTS": "2020-02-25T08:30:33+00:00", "hotelCheckOutTS": "2020-03-15T08:30:33+00:00", "hotelChain": "Grandeur Hotels", "hotelName": "Grandeur Hotels: Belgrade", "hotelLocation": "Belgrade", "hotelRoomType": "ultra-luxury", "hotelRoomCount": "1", "hotelGuestAdultCount": "1", "hotelGuestChildCount": "4", "hotelNightCount": "19", "hotelRoomPrice": "303.5", "hotelFinalPrice": "5766.5"}}}
{"_id": "orderid:421068", "timestamp": "2020-01-09T03:14:34.000Z", "eventType": "transaction", "_adobeamericaspot3": {"CRMID": "crmid:6906865586", "orderDetails": {"orderID": "orderid:421068", "reservationid": "KF3-NGNG", "orderType": "website", "hotelSKU": "prd1040", "hotelCheckInUnix": "1580354074", "hotelCheckOutUnix": "1580958874", "hotelCheckInTS": "2020-01-30T03:14:34+00:00", "hotelCheckOutTS": "2020-02-06T03:14:34+00:00", "hotelChain": "Aspen Heights", "hotelName": "Aspen Heights: Atlanta", "hotelLocation": "Atlanta", "hotelRoomType": "premium", "hotelRoomCount": "1", "hotelGuestAdultCount": "1", "hotelGuestChildCount": "0", "hotelNightCount": "7", "hotelRoomPrice": "125.45", "hotelFinalPrice": "878.15"}}}
{"_id": "orderid:467668", "timestamp": "2020-02-05T03:01:04.000Z", "eventType": "transaction", "_adobeamericaspot3": {"CRMID": "crmid:1830853401", "orderDetails": {"orderID": "orderid:467668", "reservationid": "DG8-RIWX", "orderType": "website", "hotelSKU": "prd1083", "hotelCheckInUnix": "1583031664", "hotelCheckOutUnix": "1583722864", "hotelCheckInTS": "2020-03-01T03:01:04+00:00", "hotelCheckOutTS": "2020-03-09T03:01:04+00:00", "hotelChain": "Hospitality Inn", "hotelName": "Hospitality Inn: Bangkok", "hotelLocation": "Bangkok", "hotelRoomType": "standard", "hotelRoomCount": "1", "hotelGuestAdultCount": "1", "hotelGuestChildCount": "0", "hotelNightCount": "8", "hotelRoomPrice": "126.03", "hotelFinalPrice": "1008.24"}}}
{"_id": "orderid:301283", "timestamp": "2020-01-16T21:51:24.000Z", "eventType": "transaction", "_adobeamericaspot3": {"CRMID": "crmid:3011060716", "orderDetails": {"orderID": "orderid:301283", "reservationid": "AKG-DJXE", "orderType": "call center", "hotelSKU": "prd1096", "hotelCheckInUnix": "1579989084", "hotelCheckOutUnix": "1580507484", "hotelCheckInTS": "2020-01-25T21:51:24+00:00", "hotelCheckOutTS": "2020-01-31T21:51:24+00:00", "hotelChain": "Sandhill", "hotelName": "Sandhill: Madrid", "hotelLocation": "Madrid", "hotelRoomType": "premium", "hotelRoomCount": "1", "hotelGuestAdultCount": "1", "hotelGuestChildCount": "0", "hotelNightCount": "6", "hotelRoomPrice": "118.67", "hotelFinalPrice": "712.02"}}}
{"_id": "orderid:164901", "timestamp": "2020-02-02T04:14:09.000Z", "eventType": "transaction", "_adobeamericaspot3": {"CRMID": "crmid:4926923363", "orderDetails": {"orderID": "orderid:164901", "reservationid": "2GB-BABF", "orderType": "service desk", "hotelSKU": "prd1037", "hotelCheckInUnix": "1583036049", "hotelCheckOutUnix": "1583727249", "hotelCheckInTS": "2020-03-01T04:14:09+00:00", "hotelCheckOutTS": "2020-03-09T04:14:09+00:00", "hotelChain": "Grandeur Hotels", "hotelName": "Grandeur Hotels: Sacramento", "hotelLocation": "Sacramento", "hotelRoomType": "standard", "hotelRoomCount": "1", "hotelGuestAdultCount": "1", "hotelGuestChildCount": "0", "hotelNightCount": "8", "hotelRoomPrice": "104.46", "hotelFinalPrice": "835.68"}}}
{"_id": "orderid:952353", "timestamp": "2020-01-08T10:02:40.000Z", "eventType": "transaction", "_adobeamericaspot3": {"CRMID": "crmid:4656890860", "orderDetails": {"orderID": "orderid:952353", "reservationid": "RK3-OAI3", "orderType": "call center", "hotelSKU": "prd1112", "hotelCheckInUnix": "1580378560", "hotelCheckOutUnix": "1581588160", "hotelCheckInTS": "2020-01-30T10:02:40+00:00", "hotelCheckOutTS": "2020-02-13T10:02:40+00:00", "hotelChain": "Aspen Heights", "hotelName": "Aspen Heights: Birmingham", "hotelLocation": "Birmingham", "hotelRoomType": "standard", "hotelRoomCount": "1", "hotelGuestAdultCount": "1", "hotelGuestChildCount": "0", "hotelNightCount": "14", "hotelRoomPrice": "141.34", "hotelFinalPrice": "1978.76"}}}
{"_id": "orderid:307544", "timestamp": "2020-02-04T09:57:39.000Z", "eventType": "transaction", "_adobeamericaspot3": {"CRMID": "crmid:7498427953", "orderDetails": {"orderID": "orderid:307544", "reservationid": "EWV-I2OF", "orderType": "website", "hotelSKU": "prd1057", "hotelCheckInUnix": "1582883859", "hotelCheckOutUnix": "1583834259", "hotelCheckInTS": "2020-02-28T09:57:39+00:00", "hotelCheckOutTS": "2020-03-10T09:57:39+00:00", "hotelChain": "Admiralty Plaza", "hotelName": "Admiralty Plaza: Mumbai", "hotelLocation": "Mumbai", "hotelRoomType": "luxury", "hotelRoomCount": "1", "hotelGuestAdultCount": "1", "hotelGuestChildCount": "0", "hotelNightCount": "11", "hotelRoomPrice": "315.48", "hotelFinalPrice": "3470.28"}}}
{"_id": "orderid:746559", "timestamp": "2020-02-03T08:21:55.000Z", "eventType": "transaction", "_adobeamericaspot3": {"CRMID": "crmid:7986093285", "orderDetails": {"orderID": "orderid:746559", "reservationid": "BWT-HO3X", "orderType": "kiosk", "hotelSKU": "prd1004", "hotelCheckInUnix": "1580804515", "hotelCheckOutUnix": "1580890915", "hotelCheckInTS": "2020-02-04T08:21:55+00:00", "hotelCheckOutTS": "2020-02-05T08:21:55+00:00", "hotelChain": "Aspen Heights", "hotelName": "Aspen Heights: Boulder", "hotelLocation": "Boulder", "hotelRoomType": "standard", "hotelRoomCount": "1", "hotelGuestAdultCount": "1", "hotelGuestChildCount": "0", "hotelNightCount": "1", "hotelRoomPrice": "141.52", "hotelFinalPrice": "141.52"}}}
{"_id": "orderid:113080", "timestamp": "2019-12-22T08:04:38.000Z", "eventType": "transaction", "_adobeamericaspot3": {"CRMID": "crmid:6510858013", "orderDetails": {"orderID": "orderid:113080", "reservationid": "Z3X-OIFX", "orderType": "website", "hotelSKU": "prd1124", "hotelCheckInUnix": "1578902678", "hotelCheckOutUnix": "1580112278", "hotelCheckInTS": "2020-01-13T08:04:38+00:00", "hotelCheckOutTS": "2020-01-27T08:04:38+00:00", "hotelChain": "Aspen Heights", "hotelName": "Aspen Heights: Leeds", "hotelLocation": "Leeds", "hotelRoomType": "standard", "hotelRoomCount": "1", "hotelGuestAdultCount": "1", "hotelGuestChildCount": "0", "hotelNightCount": "14", "hotelRoomPrice": "91.76", "hotelFinalPrice": "1284.64"}}}
{"_id": "orderid:379844", "timestamp": "2019-12-16T06:42:43.000Z", "eventType": "transaction", "_adobeamericaspot3": {"CRMID": "crmid:7450880889", "orderDetails": {"orderID": "orderid:379844", "reservationid": "QBY-H9GI", "orderType": "kiosk", "hotelSKU": "prd1082", "hotelCheckInUnix": "1577169763", "hotelCheckOutUnix": "1577601763", "hotelCheckInTS": "2019-12-24T06:42:43+00:00", "hotelCheckOutTS": "2019-12-29T06:42:43+00:00", "hotelChain": "Blue Reef Resort", "hotelName": "Blue Reef Resort: Surat", "hotelLocation": "Surat", "hotelRoomType": "premium", "hotelRoomCount": "1", "hotelGuestAdultCount": "1", "hotelGuestChildCount": "4", "hotelNightCount": "5", "hotelRoomPrice": "128.08", "hotelFinalPrice": "640.4"}}}
{"_id": "orderid:254770", "timestamp": "2019-12-07T06:21:14.000Z", "eventType": "transaction", "_adobeamericaspot3": {"CRMID": "crmid:8087778283", "orderDetails": {"orderID": "orderid:254770", "reservationid": "7H6-ANL2", "orderType": "kiosk", "hotelSKU": "prd1009", "hotelCheckInUnix": "1577686874", "hotelCheckOutUnix": "1578378074", "hotelCheckInTS": "2019-12-30T06:21:14+00:00", "hotelCheckOutTS": "2020-01-07T06:21:14+00:00", "hotelChain": "Admiralty Plaza", "hotelName": "Admiralty Plaza: San Antonio", "hotelLocation": "San Antonio", "hotelRoomType": "standard", "hotelRoomCount": "1", "hotelGuestAdultCount": "1", "hotelGuestChildCount": "0", "hotelNightCount": "8", "hotelRoomPrice": "107.39", "hotelFinalPrice": "859.12"}}}
{"_id": "orderid:718985", "timestamp": "2019-12-03T07:14:39.000Z", "eventType": "transaction", "_adobeamericaspot3": {"CRMID": "crmid:1709059423", "orderDetails": {"orderID": "orderid:718985", "reservationid": "BJY-A3C5", "orderType": "kiosk", "hotelSKU": "prd1041", "hotelCheckInUnix": "1576912479", "hotelCheckOutUnix": "1578122079", "hotelCheckInTS": "2019-12-21T07:14:39+00:00", "hotelCheckOutTS": "2020-01-04T07:14:39+00:00", "hotelChain": "Sapphire Suites", "hotelName": "Sapphire Suites: Long Beach", "hotelLocation": "Long Beach", "hotelRoomType": "ultra-luxury", "hotelRoomCount": "1", "hotelGuestAdultCount": "1", "hotelGuestChildCount": "0", "hotelNightCount": "14", "hotelRoomPrice": "356.52", "hotelFinalPrice": "4991.28"}}}
{"_id": "orderid:452006", "timestamp": "2019-12-25T07:27:25.000Z", "eventType": "transaction", "_adobeamericaspot3": {"CRMID": "crmid:3014053992", "orderDetails": {"orderID": "orderid:452006", "reservationid": "QRP-8WLI", "orderType": "kiosk", "hotelSKU": "prd1097", "hotelCheckInUnix": "1579332445", "hotelCheckOutUnix": "1580023645", "hotelCheckInTS": "2020-01-18T07:27:25+00:00", "hotelCheckOutTS": "2020-01-26T07:27:25+00:00", "hotelChain": "Grandeur Hotels", "hotelName": "Grandeur Hotels: Buenos Aires", "hotelLocation": "Buenos Aires", "hotelRoomType": "premium", "hotelRoomCount": "1", "hotelGuestAdultCount": "1", "hotelGuestChildCount": "0", "hotelNightCount": "8", "hotelRoomPrice": "119.4", "hotelFinalPrice": "955.2"}}}
{"_id": "orderid:890166", "timestamp": "2020-02-09T22:13:09.000Z", "eventType": "transaction", "_adobeamericaspot3": {"CRMID": "crmid:2666475036", "orderDetails": {"orderID": "orderid:890166", "reservationid": "GDU-SQMV", "orderType": "service desk", "hotelSKU": "prd1127", "hotelCheckInUnix": "1583791989", "hotelCheckOutUnix": "1584655989", "hotelCheckInTS": "2020-03-09T22:13:09+00:00", "hotelCheckOutTS": "2020-03-19T22:13:09+00:00", "hotelChain": "Nesting Box Inn", "hotelName": "Nesting Box Inn: Glasgow", "hotelLocation": "Glasgow", "hotelRoomType": "luxury", "hotelRoomCount": "1", "hotelGuestAdultCount": "1", "hotelGuestChildCount": "0", "hotelNightCount": "10", "hotelRoomPrice": "294.39", "hotelFinalPrice": "2943.9"}}}
{"_id": "orderid:132178", "timestamp": "2019-12-18T18:29:25.000Z", "eventType": "transaction", "_adobeamericaspot3": {"CRMID": "crmid:1136922785", "orderDetails": {"orderID": "orderid:132178", "reservationid": "5K5-HAQF", "orderType": "website", "hotelSKU": "prd1103", "hotelCheckInUnix": "1579285765", "hotelCheckOutUnix": "1579976965", "hotelCheckInTS": "2020-01-17T18:29:25+00:00", "hotelCheckOutTS": "2020-01-25T18:29:25+00:00", "hotelChain": "Nesting Box Inn", "hotelName": "Nesting Box Inn: Hamburg", "hotelLocation": "Hamburg", "hotelRoomType": "standard", "hotelRoomCount": "1", "hotelGuestAdultCount": "1", "hotelGuestChildCount": "0", "hotelNightCount": "8", "hotelRoomPrice": "142.97", "hotelFinalPrice": "1143.76"}}}
{"_id": "orderid:915737", "timestamp": "2019-12-28T07:13:10.000Z", "eventType": "transaction", "_adobeamericaspot3": {"CRMID": "crmid:7754201135", "orderDetails": {"orderID": "orderid:915737", "reservationid": "HNA-G4T4", "orderType": "website", "hotelSKU": "prd1159", "hotelCheckInUnix": "1577776390", "hotelCheckOutUnix": "1578294790", "hotelCheckInTS": "2019-12-31T07:13:10+00:00", "hotelCheckOutTS": "2020-01-06T07:13:10+00:00", "hotelChain": "Family Fun Hotels", "hotelName": "Family Fun Hotels: Detroit", "hotelLocation": "Detroit", "hotelRoomType": "standard", "hotelRoomCount": "1", "hotelGuestAdultCount": "1", "hotelGuestChildCount": "0", "hotelNightCount": "6", "hotelRoomPrice": "137.04", "hotelFinalPrice": "822.24"}}}
{"_id": "orderid:432994", "timestamp": "2020-02-03T08:36:55.000Z", "eventType": "transaction", "_adobeamericaspot3": {"CRMID": "crmid:9667715419", "orderDetails": {"orderID": "orderid:432994", "reservationid": "R4V-KFB2", "orderType": "website", "hotelSKU": "prd1112", "hotelCheckInUnix": "1582792615", "hotelCheckOutUnix": "1583224615", "hotelCheckInTS": "2020-02-27T08:36:55+00:00", "hotelCheckOutTS": "2020-03-03T08:36:55+00:00", "hotelChain": "Aspen Heights", "hotelName": "Aspen Heights: Birmingham", "hotelLocation": "Birmingham", "hotelRoomType": "premium", "hotelRoomCount": "1", "hotelGuestAdultCount": "1", "hotelGuestChildCount": "0", "hotelNightCount": "5", "hotelRoomPrice": "149.27", "hotelFinalPrice": "746.35"}}}
{"_id": "orderid:474122", "timestamp": "2020-02-11T10:17:16.000Z", "eventType": "transaction", "_adobeamericaspot3": {"CRMID": "crmid:1233156471", "orderDetails": {"orderID": "orderid:474122", "reservationid": "RQ7-8PS8", "orderType": "service desk", "hotelSKU": "prd1157", "hotelCheckInUnix": "1583835436", "hotelCheckOutUnix": "1584526636", "hotelCheckInTS": "2020-03-10T10:17:16+00:00", "hotelCheckOutTS": "2020-03-18T10:17:16+00:00", "hotelChain": "Grandeur Hotels", "hotelName": "Grandeur Hotels: Boston", "hotelLocation": "Boston", "hotelRoomType": "standard", "hotelRoomCount": "1", "hotelGuestAdultCount": "1", "hotelGuestChildCount": "0", "hotelNightCount": "8", "hotelRoomPrice": "177.65", "hotelFinalPrice": "1421.2"}}}
{"_id": "orderid:181661", "timestamp": "2019-12-19T18:23:35.000Z", "eventType": "transaction", "_adobeamericaspot3": {"CRMID": "crmid:2698838836", "orderDetails": {"orderID": "orderid:181661", "reservationid": "FAK-VGJA", "orderType": "website", "hotelSKU": "prd1145", "hotelCheckInUnix": "1577298215", "hotelCheckOutUnix": "1578248615", "hotelCheckInTS": "2019-12-25T18:23:35+00:00", "hotelCheckOutTS": "2020-01-05T18:23:35+00:00", "hotelChain": "Grandeur Hotels", "hotelName": "Grandeur Hotels: Dallas", "hotelLocation": "Dallas", "hotelRoomType": "standard", "hotelRoomCount": "1", "hotelGuestAdultCount": "1", "hotelGuestChildCount": "0", "hotelNightCount": "11", "hotelRoomPrice": "159.47", "hotelFinalPrice": "1754.17"}}}
{"_id": "orderid:315993", "timestamp": "2019-12-18T10:08:49.000Z", "eventType": "transaction", "_adobeamericaspot3": {"CRMID": "crmid:9012143222", "orderDetails": {"orderID": "orderid:315993", "reservationid": "5GC-MQ6S", "orderType": "kiosk", "hotelSKU": "prd1014", "hotelCheckInUnix": "1578564529", "hotelCheckOutUnix": "1580119729", "hotelCheckInTS": "2020-01-09T10:08:49+00:00", "hotelCheckOutTS": "2020-01-27T10:08:49+00:00", "hotelChain": "Restful Nights", "hotelName": "Restful Nights: Jacksonville", "hotelLocation": "Jacksonville", "hotelRoomType": "premium", "hotelRoomCount": "1", "hotelGuestAdultCount": "1", "hotelGuestChildCount": "0", "hotelNightCount": "18", "hotelRoomPrice": "152.45", "hotelFinalPrice": "2744.1"}}}
{"_id": "orderid:570695", "timestamp": "2020-01-01T09:31:40.000Z", "eventType": "transaction", "_adobeamericaspot3": {"CRMID": "crmid:8059901922", "orderDetails": {"orderID": "orderid:570695", "reservationid": "FTE-SFEL", "orderType": "website", "hotelSKU": "prd1175", "hotelCheckInUnix": "1577957500", "hotelCheckOutUnix": "1578130300", "hotelCheckInTS": "2020-01-02T09:31:40+00:00", "hotelCheckOutTS": "2020-01-04T09:31:40+00:00", "hotelChain": "Nesting Box Inn", "hotelName": "Nesting Box Inn: Long Beach", "hotelLocation": "Long Beach", "hotelRoomType": "standard", "hotelRoomCount": "1", "hotelGuestAdultCount": "1", "hotelGuestChildCount": "0", "hotelNightCount": "2", "hotelRoomPrice": "144.81", "hotelFinalPrice": "289.62"}}}
{"_id": "orderid:508909", "timestamp": "2019-12-06T21:31:25.000Z", "eventType": "transaction", "_adobeamericaspot3": {"CRMID": "crmid:1662968914", "orderDetails": {"orderID": "orderid:508909", "reservationid": "COK-JTNH", "orderType": "mobile", "hotelSKU": "prd1137", "hotelCheckInUnix": "1577395885", "hotelCheckOutUnix": "1578432685", "hotelCheckInTS": "2019-12-26T21:31:25+00:00", "hotelCheckOutTS": "2020-01-07T21:31:25+00:00", "hotelChain": "Sapphire Suites", "hotelName": "Sapphire Suites: Manila", "hotelLocation": "Manila", "hotelRoomType": "standard", "hotelRoomCount": "1", "hotelGuestAdultCount": "1", "hotelGuestChildCount": "2", "hotelNightCount": "12", "hotelRoomPrice": "154.6", "hotelFinalPrice": "1855.2"}}}
{"_id": "orderid:727270", "timestamp": "2019-12-17T03:27:29.000Z", "eventType": "transaction", "_adobeamericaspot3": {"CRMID": "crmid:8622362632", "orderDetails": {"orderID": "orderid:727270", "reservationid": "LA4-G5SJ", "orderType": "mobile", "hotelSKU": "prd1107", "hotelCheckInUnix": "1577071649", "hotelCheckOutUnix": "1577762849", "hotelCheckInTS": "2019-12-23T03:27:29+00:00", "hotelCheckOutTS": "2019-12-31T03:27:29+00:00", "hotelChain": "Hospitality Inn", "hotelName": "Hospitality Inn: Kharkiv", "hotelLocation": "Kharkiv", "hotelRoomType": "standard", "hotelRoomCount": "1", "hotelGuestAdultCount": "1", "hotelGuestChildCount": "0", "hotelNightCount": "8", "hotelRoomPrice": "148.08", "hotelFinalPrice": "1184.64"}}}
{"_id": "orderid:709648", "timestamp": "2020-01-11T13:01:55.000Z", "eventType": "transaction", "_adobeamericaspot3": {"CRMID": "crmid:5666630088", "orderDetails": {"orderID": "orderid:709648", "reservationid": "URD-ZWBD", "orderType": "kiosk", "hotelSKU": "prd1123", "hotelCheckInUnix": "1578834115", "hotelCheckOutUnix": "1579093315", "hotelCheckInTS": "2020-01-12T13:01:55+00:00", "hotelCheckOutTS": "2020-01-15T13:01:55+00:00", "hotelChain": "Family Fun Hotels", "hotelName": "Family Fun Hotels: Amsterdam", "hotelLocation": "Amsterdam", "hotelRoomType": "premium", "hotelRoomCount": "1", "hotelGuestAdultCount": "1", "hotelGuestChildCount": "0", "hotelNightCount": "3", "hotelRoomPrice": "143.05", "hotelFinalPrice": "429.15"}}}
{"_id": "orderid:405456", "timestamp": "2020-01-04T16:03:50.000Z", "eventType": "transaction", "_adobeamericaspot3": {"CRMID": "crmid:5614134977", "orderDetails": {"orderID": "orderid:405456", "reservationid": "VNV-ARYF", "orderType": "website", "hotelSKU": "prd1081", "hotelCheckInUnix": "1579795430", "hotelCheckOutUnix": "1580227430", "hotelCheckInTS": "2020-01-23T16:03:50+00:00", "hotelCheckOutTS": "2020-01-28T16:03:50+00:00", "hotelChain": "Admiralty Plaza", "hotelName": "Admiralty Plaza: Rod de Janeiro", "hotelLocation": "Rod de Janeiro", "hotelRoomType": "premium", "hotelRoomCount": "1", "hotelGuestAdultCount": "1", "hotelGuestChildCount": "0", "hotelNightCount": "5", "hotelRoomPrice": "141.11", "hotelFinalPrice": "705.55"}}}
{"_id": "orderid:698171", "timestamp": "2019-12-30T08:14:23.000Z", "eventType": "transaction", "_adobeamericaspot3": {"CRMID": "crmid:2867415054", "orderDetails": {"orderID": "orderid:698171", "reservationid": "JYN-A6MT", "orderType": "kiosk", "hotelSKU": "prd1067", "hotelCheckInUnix": "1579767263", "hotelCheckOutUnix": "1579940063", "hotelCheckInTS": "2020-01-23T08:14:23+00:00", "hotelCheckOutTS": "2020-01-25T08:14:23+00:00", "hotelChain": "Nesting Box Inn", "hotelName": "Nesting Box Inn: Istanbul", "hotelLocation": "Istanbul", "hotelRoomType": "standard", "hotelRoomCount": "1", "hotelGuestAdultCount": "1", "hotelGuestChildCount": "0", "hotelNightCount": "2", "hotelRoomPrice": "112.92", "hotelFinalPrice": "225.84"}}}
{"_id": "orderid:283163", "timestamp": "2020-02-03T07:34:48.000Z", "eventType": "transaction", "_adobeamericaspot3": {"CRMID": "crmid:2247564950", "orderDetails": {"orderID": "orderid:283163", "reservationid": "2VH-XV7J", "orderType": "mobile", "hotelSKU": "prd1085", "hotelCheckInUnix": "1581579288", "hotelCheckOutUnix": "1582616088", "hotelCheckInTS": "2020-02-13T07:34:48+00:00", "hotelCheckOutTS": "2020-02-25T07:34:48+00:00", "hotelChain": "Grandeur Hotels", "hotelName": "Grandeur Hotels: Saint Petersburg", "hotelLocation": "Saint Petersburg", "hotelRoomType": "standard", "hotelRoomCount": "1", "hotelGuestAdultCount": "1", "hotelGuestChildCount": "0", "hotelNightCount": "12", "hotelRoomPrice": "129.43", "hotelFinalPrice": "1553.16"}}}
{"_id": "orderid:904923", "timestamp": "2020-01-13T14:00:20.000Z", "eventType": "transaction", "_adobeamericaspot3": {"CRMID": "crmid:1410560853", "orderDetails": {"orderID": "orderid:904923", "reservationid": "5BB-Z7NO", "orderType": "kiosk", "hotelSKU": "prd1096", "hotelCheckInUnix": "1580997620", "hotelCheckOutUnix": "1581602420", "hotelCheckInTS": "2020-02-06T14:00:20+00:00", "hotelCheckOutTS": "2020-02-13T14:00:20+00:00", "hotelChain": "Sandhill", "hotelName": "Sandhill: Madrid", "hotelLocation": "Madrid", "hotelRoomType": "premium", "hotelRoomCount": "1", "hotelGuestAdultCount": "1", "hotelGuestChildCount": "0", "hotelNightCount": "7", "hotelRoomPrice": "153.45", "hotelFinalPrice": "1074.15"}}}
{"_id": "orderid:179754", "timestamp": "2020-02-15T04:06:06.000Z", "eventType": "transaction", "_adobeamericaspot3": {"CRMID": "crmid:2804772245", "orderDetails": {"orderID": "orderid:179754", "reservationid": "CZE-CPEU", "orderType": "kiosk", "hotelSKU": "prd1069", "hotelCheckInUnix": "1583985966", "hotelCheckOutUnix": "1584677166", "hotelCheckInTS": "2020-03-12T04:06:06+00:00", "hotelCheckOutTS": "2020-03-20T04:06:06+00:00", "hotelChain": "Admiralty Plaza", "hotelName": "Admiralty Plaza: Singapore", "hotelLocation": "Singapore", "hotelRoomType": "standard", "hotelRoomCount": "1", "hotelGuestAdultCount": "1", "hotelGuestChildCount": "0", "hotelNightCount": "8", "hotelRoomPrice": "102.09", "hotelFinalPrice": "816.72"}}}
{"_id": "orderid:601548", "timestamp": "2020-01-28T07:31:06.000Z", "eventType": "transaction", "_adobeamericaspot3": {"CRMID": "crmid:2739525807", "orderDetails": {"orderID": "orderid:601548", "reservationid": "4II-VA6Z", "orderType": "service desk", "hotelSKU": "prd1133", "hotelCheckInUnix": "1580628666", "hotelCheckOutUnix": "1581319866", "hotelCheckInTS": "2020-02-02T07:31:06+00:00", "hotelCheckOutTS": "2020-02-10T07:31:06+00:00", "hotelChain": "Grandeur Hotels", "hotelName": "Grandeur Hotels: Toronto", "hotelLocation": "Toronto", "hotelRoomType": "premium", "hotelRoomCount": "1", "hotelGuestAdultCount": "1", "hotelGuestChildCount": "0", "hotelNightCount": "8", "hotelRoomPrice": "80.17", "hotelFinalPrice": "641.36"}}}
{"_id": "orderid:443023", "timestamp": "2020-01-10T18:11:10.000Z", "eventType": "transaction", "_adobeamericaspot3": {"CRMID": "crmid:6643769295", "orderDetails": {"orderID": "orderid:443023", "reservationid": "IJ1-ADMF", "orderType": "mobile", "hotelSKU": "prd1008", "hotelCheckInUnix": "1579111870", "hotelCheckOutUnix": "1579803070", "hotelCheckInTS": "2020-01-15T18:11:10+00:00", "hotelCheckOutTS": "2020-01-23T18:11:10+00:00", "hotelChain": "Repose Resort", "hotelName": "Repose Resort: Philadelphia", "hotelLocation": "Philadelphia", "hotelRoomType": "standard", "hotelRoomCount": "1", "hotelGuestAdultCount": "1", "hotelGuestChildCount": "0", "hotelNightCount": "8", "hotelRoomPrice": "184.76", "hotelFinalPrice": "1478.08"}}}
{"_id": "orderid:131661", "timestamp": "2020-01-27T20:44:40.000Z", "eventType": "transaction", "_adobeamericaspot3": {"CRMID": "crmid:3547292227", "orderDetails": {"orderID": "orderid:131661", "reservationid": "UGP-SGCE", "orderType": "call center", "hotelSKU": "prd1002", "hotelCheckInUnix": "1580244280", "hotelCheckOutUnix": "1580417080", "hotelCheckInTS": "2020-01-28T20:44:40+00:00", "hotelCheckOutTS": "2020-01-30T20:44:40+00:00", "hotelChain": "Restful Nights", "hotelName": "Restful Nights: Chicago", "hotelLocation": "Chicago", "hotelRoomType": "ultra-luxury", "hotelRoomCount": "1", "hotelGuestAdultCount": "1", "hotelGuestChildCount": "0", "hotelNightCount": "2", "hotelRoomPrice": "394.28", "hotelFinalPrice": "788.56"}}}
{"_id": "orderid:840395", "timestamp": "2020-02-14T02:40:17.000Z", "eventType": "transaction", "_adobeamericaspot3": {"CRMID": "crmid:4232297289", "orderDetails": {"orderID": "orderid:840395", "reservationid": "BIQ-OKYL", "orderType": "service desk", "hotelSKU": "prd1177", "hotelCheckInUnix": "1584153617", "hotelCheckOutUnix": "1585622417", "hotelCheckInTS": "2020-03-14T02:40:17+00:00", "hotelCheckOutTS": "2020-03-31T02:40:17+00:00", "hotelChain": "Admiralty Plaza", "hotelName": "Admiralty Plaza: Raleigh", "hotelLocation": "Raleigh", "hotelRoomType": "standard", "hotelRoomCount": "1", "hotelGuestAdultCount": "1", "hotelGuestChildCount": "0", "hotelNightCount": "17", "hotelRoomPrice": "165.11", "hotelFinalPrice": "2806.87"}}}
{"_id": "orderid:400305", "timestamp": "2020-01-28T22:58:33.000Z", "eventType": "transaction", "_adobeamericaspot3": {"CRMID": "crmid:8620982638", "orderDetails": {"orderID": "orderid:400305", "reservationid": "DDH-UGK8", "orderType": "service desk", "hotelSKU": "prd1044", "hotelCheckInUnix": "1580425113", "hotelCheckOutUnix": "1580770713", "hotelCheckInTS": "2020-01-30T22:58:33+00:00", "hotelCheckOutTS": "2020-02-03T22:58:33+00:00", "hotelChain": "Repose Resort", "hotelName": "Repose Resort: Colorado Springs", "hotelLocation": "Colorado Springs", "hotelRoomType": "ultra-luxury", "hotelRoomCount": "1", "hotelGuestAdultCount": "1", "hotelGuestChildCount": "0", "hotelNightCount": "4", "hotelRoomPrice": "305.71", "hotelFinalPrice": "1222.84"}}}
{"_id": "orderid:912788", "timestamp": "2020-02-05T23:44:22.000Z", "eventType": "transaction", "_adobeamericaspot3": {"CRMID": "crmid:7689139018", "orderDetails": {"orderID": "orderid:912788", "reservationid": "YDG-2KGB", "orderType": "website", "hotelSKU": "prd1130", "hotelCheckInUnix": "1581551062", "hotelCheckOutUnix": "1581723862", "hotelCheckInTS": "2020-02-12T23:44:22+00:00", "hotelCheckOutTS": "2020-02-14T23:44:22+00:00", "hotelChain": "Blue Reef Resort", "hotelName": "Blue Reef Resort: Bremen", "hotelLocation": "Bremen", "hotelRoomType": "luxury", "hotelRoomCount": "1", "hotelGuestAdultCount": "1", "hotelGuestChildCount": "0", "hotelNightCount": "2", "hotelRoomPrice": "309.28", "hotelFinalPrice": "618.56"}}}
{"_id": "orderid:725234", "timestamp": "2020-01-21T11:17:58.000Z", "eventType": "transaction", "_adobeamericaspot3": {"CRMID": "crmid:4921458668", "orderDetails": {"orderID": "orderid:725234", "reservationid": "W4H-O3LZ", "orderType": "website", "hotelSKU": "prd1083", "hotelCheckInUnix": "1579778278", "hotelCheckOutUnix": "1580037478", "hotelCheckInTS": "2020-01-23T11:17:58+00:00", "hotelCheckOutTS": "2020-01-26T11:17:58+00:00", "hotelChain": "Hospitality Inn", "hotelName": "Hospitality Inn: Bangkok", "hotelLocation": "Bangkok", "hotelRoomType": "luxury", "hotelRoomCount": "1", "hotelGuestAdultCount": "1", "hotelGuestChildCount": "0", "hotelNightCount": "3", "hotelRoomPrice": "307.11", "hotelFinalPrice": "921.33"}}}
{"_id": "orderid:799510", "timestamp": "2020-01-25T12:41:30.000Z", "eventType": "transaction", "_adobeamericaspot3": {"CRMID": "crmid:3210441259", "orderDetails": {"orderID": "orderid:799510", "reservationid": "BQ5-KXGT", "orderType": "call center", "hotelSKU": "prd1058", "hotelCheckInUnix": "1581511290", "hotelCheckOutUnix": "1581856890", "hotelCheckInTS": "2020-02-12T12:41:30+00:00", "hotelCheckOutTS": "2020-02-16T12:41:30+00:00", "hotelChain": "Blue Reef Resort", "hotelName": "Blue Reef Resort: Delhi", "hotelLocation": "Delhi", "hotelRoomType": "standard", "hotelRoomCount": "1", "hotelGuestAdultCount": "1", "hotelGuestChildCount": "0", "hotelNightCount": "4", "hotelRoomPrice": "133.8", "hotelFinalPrice": "535.2"}}}
{"_id": "orderid:329982", "timestamp": "2019-12-08T15:26:27.000Z", "eventType": "transaction", "_adobeamericaspot3": {"CRMID": "crmid:8597202589", "orderDetails": {"orderID": "orderid:329982", "reservationid": "5IA-MBRK", "orderType": "service desk", "hotelSKU": "prd1040", "hotelCheckInUnix": "1577633187", "hotelCheckOutUnix": "1578237987", "hotelCheckInTS": "2019-12-29T15:26:27+00:00", "hotelCheckOutTS": "2020-01-05T15:26:27+00:00", "hotelChain": "Aspen Heights", "hotelName": "Aspen Heights: Atlanta", "hotelLocation": "Atlanta", "hotelRoomType": "standard", "hotelRoomCount": "1", "hotelGuestAdultCount": "1", "hotelGuestChildCount": "0", "hotelNightCount": "7", "hotelRoomPrice": "137.39", "hotelFinalPrice": "961.73"}}}
{"_id": "orderid:990326", "timestamp": "2019-12-31T11:16:28.000Z", "eventType": "transaction", "_adobeamericaspot3": {"CRMID": "crmid:2513964846", "orderDetails": {"orderID": "orderid:990326", "reservationid": "T7D-HT0K", "orderType": "mobile", "hotelSKU": "prd1154", "hotelCheckInUnix": "1580037388", "hotelCheckOutUnix": "1580728588", "hotelCheckInTS": "2020-01-26T11:16:28+00:00", "hotelCheckOutTS": "2020-02-03T11:16:28+00:00", "hotelChain": "Blue Reef Resort", "hotelName": "Blue Reef Resort: Seattle", "hotelLocation": "Seattle", "hotelRoomType": "standard", "hotelRoomCount": "1", "hotelGuestAdultCount": "1", "hotelGuestChildCount": "0", "hotelNightCount": "8", "hotelRoomPrice": "143.87", "hotelFinalPrice": "1150.96"}}}
{"_id": "orderid:212879", "timestamp": "2020-02-03T00:01:17.000Z", "eventType": "transaction", "_adobeamericaspot3": {"CRMID": "crmid:7090148925", "orderDetails": {"orderID": "orderid:212879", "reservationid": "5CH-Z2BE", "orderType": "call center", "hotelSKU": "prd1025", "hotelCheckInUnix": "1581984077", "hotelCheckOutUnix": "1582243277", "hotelCheckInTS": "2020-02-18T00:01:17+00:00", "hotelCheckOutTS": "2020-02-21T00:01:17+00:00", "hotelChain": "Grandeur Hotels", "hotelName": "Grandeur Hotels: Detroit", "hotelLocation": "Detroit", "hotelRoomType": "premium", "hotelRoomCount": "1", "hotelGuestAdultCount": "1", "hotelGuestChildCount": "0", "hotelNightCount": "3", "hotelRoomPrice": "80.33", "hotelFinalPrice": "240.99"}}}
{"_id": "orderid:551524", "timestamp": "2019-12-17T09:16:24.000Z", "eventType": "transaction", "_adobeamericaspot3": {"CRMID": "crmid:8032453551", "orderDetails": {"orderID": "orderid:551524", "reservationid": "P7U-KBSP", "orderType": "website", "hotelSKU": "prd1133", "hotelCheckInUnix": "1576660584", "hotelCheckOutUnix": "1576833384", "hotelCheckInTS": "2019-12-18T09:16:24+00:00", "hotelCheckOutTS": "2019-12-20T09:16:24+00:00", "hotelChain": "Grandeur Hotels", "hotelName": "Grandeur Hotels: Toronto", "hotelLocation": "Toronto", "hotelRoomType": "premium", "hotelRoomCount": "1", "hotelGuestAdultCount": "1", "hotelGuestChildCount": "0", "hotelNightCount": "2", "hotelRoomPrice": "142.41", "hotelFinalPrice": "284.82"}}}
{"_id": "orderid:491901", "timestamp": "2020-01-10T08:10:44.000Z", "eventType": "transaction", "_adobeamericaspot3": {"CRMID": "crmid:5306259186", "orderDetails": {"orderID": "orderid:491901", "reservationid": "FI3-HEOP", "orderType": "call center", "hotelSKU": "prd1020", "hotelCheckInUnix": "1580717444", "hotelCheckOutUnix": "1581322244", "hotelCheckInTS": "2020-02-03T08:10:44+00:00", "hotelCheckOutTS": "2020-02-10T08:10:44+00:00", "hotelChain": "Repose Resort", "hotelName": "Repose Resort: Seattle", "hotelLocation": "Seattle", "hotelRoomType": "premium", "hotelRoomCount": "1", "hotelGuestAdultCount": "1", "hotelGuestChildCount": "0", "hotelNightCount": "7", "hotelRoomPrice": "136.79", "hotelFinalPrice": "957.53"}}}
{"_id": "orderid:936014", "timestamp": "2020-02-13T20:38:40.000Z", "eventType": "transaction", "_adobeamericaspot3": {"CRMID": "crmid:8188094192", "orderDetails": {"orderID": "orderid:936014", "reservationid": "HSF-5CPP", "orderType": "website", "hotelSKU": "prd1118", "hotelCheckInUnix": "1582058320", "hotelCheckOutUnix": "1582144720", "hotelCheckInTS": "2020-02-18T20:38:40+00:00", "hotelCheckOutTS": "2020-02-19T20:38:40+00:00", "hotelChain": "Blue Reef Resort", "hotelName": "Blue Reef Resort: Cologne", "hotelLocation": "Cologne", "hotelRoomType": "standard", "hotelRoomCount": "1", "hotelGuestAdultCount": "1", "hotelGuestChildCount": "0", "hotelNightCount": "1", "hotelRoomPrice": "149.1", "hotelFinalPrice": "149.1"}}}
{"_id": "orderid:918693", "timestamp": "2020-01-20T16:33:27.000Z", "eventType": "transaction", "_adobeamericaspot3": {"CRMID": "crmid:6601719979", "orderDetails": {"orderID": "orderid:918693", "reservationid": "0MV-O8YS", "orderType": "call center", "hotelSKU": "prd1125", "hotelCheckInUnix": "1581266007", "hotelCheckOutUnix": "1581611607", "hotelCheckInTS": "2020-02-09T16:33:27+00:00", "hotelCheckOutTS": "2020-02-13T16:33:27+00:00", "hotelChain": "Sapphire Suites", "hotelName": "Sapphire Suites: Palermo", "hotelLocation": "Palermo", "hotelRoomType": "standard", "hotelRoomCount": "1", "hotelGuestAdultCount": "1", "hotelGuestChildCount": "0", "hotelNightCount": "4", "hotelRoomPrice": "114.08", "hotelFinalPrice": "456.32"}}}
{"_id": "orderid:276116", "timestamp": "2019-12-04T00:16:43.000Z", "eventType": "transaction", "_adobeamericaspot3": {"CRMID": "crmid:5448196781", "orderDetails": {"orderID": "orderid:276116", "reservationid": "QUU-CYTC", "orderType": "call center", "hotelSKU": "prd1177", "hotelCheckInUnix": "1577060203", "hotelCheckOutUnix": "1577578603", "hotelCheckInTS": "2019-12-23T00:16:43+00:00", "hotelCheckOutTS": "2019-12-29T00:16:43+00:00", "hotelChain": "Admiralty Plaza", "hotelName": "Admiralty Plaza: Raleigh", "hotelLocation": "Raleigh", "hotelRoomType": "standard", "hotelRoomCount": "1", "hotelGuestAdultCount": "1", "hotelGuestChildCount": "0", "hotelNightCount": "6", "hotelRoomPrice": "157.63", "hotelFinalPrice": "945.78"}}}
{"_id": "orderid:376806", "timestamp": "2019-12-21T13:52:20.000Z", "eventType": "transaction", "_adobeamericaspot3": {"CRMID": "crmid:8546971929", "orderDetails": {"orderID": "orderid:376806", "reservationid": "OMR-ZPXL", "orderType": "kiosk", "hotelSKU": "prd1043", "hotelCheckInUnix": "1577109140", "hotelCheckOutUnix": "1577195540", "hotelCheckInTS": "2019-12-23T13:52:20+00:00", "hotelCheckOutTS": "2019-12-24T13:52:20+00:00", "hotelChain": "Nesting Box Inn", "hotelName": "Nesting Box Inn: Raleigh", "hotelLocation": "Raleigh", "hotelRoomType": "premium", "hotelRoomCount": "1", "hotelGuestAdultCount": "1", "hotelGuestChildCount": "0", "hotelNightCount": "1", "hotelRoomPrice": "202.14", "hotelFinalPrice": "202.14"}}}
{"_id": "orderid:900891", "timestamp": "2020-02-07T05:05:47.000Z", "eventType": "transaction", "_adobeamericaspot3": {"CRMID": "crmid:9462799894", "orderDetails": {"orderID": "orderid:900891", "reservationid": "X4X-CLSU", "orderType": "call center", "hotelSKU": "prd1016", "hotelCheckInUnix": "1583039147", "hotelCheckOutUnix": "1583557547", "hotelCheckInTS": "2020-03-01T05:05:47+00:00", "hotelCheckOutTS": "2020-03-07T05:05:47+00:00", "hotelChain": "Aspen Heights", "hotelName": "Aspen Heights: Columbus", "hotelLocation": "Columbus", "hotelRoomType": "premium", "hotelRoomCount": "1", "hotelGuestAdultCount": "1", "hotelGuestChildCount": "0", "hotelNightCount": "6", "hotelRoomPrice": "167.46", "hotelFinalPrice": "1004.76"}}}
{"_id": "orderid:901007", "timestamp": "2020-02-06T10:34:03.000Z", "eventType": "transaction", "_adobeamericaspot3": {"CRMID": "crmid:5473295700", "orderDetails": {"orderID": "orderid:901007", "reservationid": "2RS-JLXI", "orderType": "website", "hotelSKU": "prd1146", "hotelCheckInUnix": "1581762843", "hotelCheckOutUnix": "1582108443", "hotelCheckInTS": "2020-02-15T10:34:03+00:00", "hotelCheckOutTS": "2020-02-19T10:34:03+00:00", "hotelChain": "Restful Nights", "hotelName": "Restful Nights: San Jose", "hotelLocation": "San Jose", "hotelRoomType": "standard", "hotelRoomCount": "1", "hotelGuestAdultCount": "1", "hotelGuestChildCount": "0", "hotelNightCount": "4", "hotelRoomPrice": "191.85", "hotelFinalPrice": "767.4"}}}
{"_id": "orderid:811983", "timestamp": "2020-01-27T16:46:34.000Z", "eventType": "transaction", "_adobeamericaspot3": {"CRMID": "crmid:3224341339", "orderDetails": {"orderID": "orderid:811983", "reservationid": "C0W-8UGA", "orderType": "kiosk", "hotelSKU": "prd1028", "hotelCheckInUnix": "1580229994", "hotelCheckOutUnix": "1580575594", "hotelCheckInTS": "2020-01-28T16:46:34+00:00", "hotelCheckOutTS": "2020-02-01T16:46:34+00:00", "hotelChain": "Aspen Heights", "hotelName": "Aspen Heights: Portland", "hotelLocation": "Portland", "hotelRoomType": "standard", "hotelRoomCount": "1", "hotelGuestAdultCount": "1", "hotelGuestChildCount": "0", "hotelNightCount": "4", "hotelRoomPrice": "154.58", "hotelFinalPrice": "618.32"}}}
{"_id": "orderid:441851", "timestamp": "2020-01-08T12:29:41.000Z", "eventType": "transaction", "_adobeamericaspot3": {"CRMID": "crmid:1397305719", "orderDetails": {"orderID": "orderid:441851", "reservationid": "IXY-LFIR", "orderType": "website", "hotelSKU": "prd1167", "hotelCheckInUnix": "1580473781", "hotelCheckOutUnix": "1580992181", "hotelCheckInTS": "2020-01-31T12:29:41+00:00", "hotelCheckOutTS": "2020-02-06T12:29:41+00:00", "hotelChain": "Hospitality Inn", "hotelName": "Hospitality Inn: Milwaukee", "hotelLocation": "Milwaukee", "hotelRoomType": "standard", "hotelRoomCount": "1", "hotelGuestAdultCount": "1", "hotelGuestChildCount": "0", "hotelNightCount": "6", "hotelRoomPrice": "107.86", "hotelFinalPrice": "647.16"}}}
{"_id": "orderid:109246", "timestamp": "2020-02-15T08:05:04.000Z", "eventType": "transaction", "_adobeamericaspot3": {"CRMID": "crmid:3900629853", "orderDetails": {"orderID": "orderid:109246", "reservationid": "M7E-UUQC", "orderType": "call center", "hotelSKU": "prd1136", "hotelCheckInUnix": "1584345904", "hotelCheckOutUnix": "1584950704", "hotelCheckInTS": "2020-03-16T08:05:04+00:00", "hotelCheckOutTS": "2020-03-23T08:05:04+00:00", "hotelChain": "Aspen Heights", "hotelName": "Aspen Heights: Osaka", "hotelLocation": "Osaka", "hotelRoomType": "standard", "hotelRoomCount": "1", "hotelGuestAdultCount": "1", "hotelGuestChildCount": "0", "hotelNightCount": "7", "hotelRoomPrice": "91.63", "hotelFinalPrice": "641.41"}}}
{"_id": "orderid:612853", "timestamp": "2020-01-26T21:18:20.000Z", "eventType": "transaction", "_adobeamericaspot3": {"CRMID": "crmid:6187935644", "orderDetails": {"orderID": "orderid:612853", "reservationid": "UYF-RA61", "orderType": "service desk", "hotelSKU": "prd1154", "hotelCheckInUnix": "1581715100", "hotelCheckOutUnix": "1582319900", "hotelCheckInTS": "2020-02-14T21:18:20+00:00", "hotelCheckOutTS": "2020-02-21T21:18:20+00:00", "hotelChain": "Blue Reef Resort", "hotelName": "Blue Reef Resort: Seattle", "hotelLocation": "Seattle", "hotelRoomType": "standard", "hotelRoomCount": "1", "hotelGuestAdultCount": "1", "hotelGuestChildCount": "0", "hotelNightCount": "7", "hotelRoomPrice": "131.7", "hotelFinalPrice": "921.9"}}}
{"_id": "orderid:955420", "timestamp": "2019-12-19T12:49:29.000Z", "eventType": "transaction", "_adobeamericaspot3": {"CRMID": "crmid:3246683812", "orderDetails": {"orderID": "orderid:955420", "reservationid": "Z8L-BZXU", "orderType": "website", "hotelSKU": "prd1086", "hotelCheckInUnix": "1576932569", "hotelCheckOutUnix": "1577105369", "hotelCheckInTS": "2019-12-21T12:49:29+00:00", "hotelCheckOutTS": "2019-12-23T12:49:29+00:00", "hotelChain": "Restful Nights", "hotelName": "Restful Nights: Johannesburg", "hotelLocation": "Johannesburg", "hotelRoomType": "premium", "hotelRoomCount": "1", "hotelGuestAdultCount": "1", "hotelGuestChildCount": "0", "hotelNightCount": "2", "hotelRoomPrice": "135.84", "hotelFinalPrice": "271.68"}}}
{"_id": "orderid:441520", "timestamp": "2019-12-05T10:59:39.000Z", "eventType": "transaction", "_adobeamericaspot3": {"CRMID": "crmid:3325906027", "orderDetails": {"orderID": "orderid:441520", "reservationid": "0VD-JGXY", "orderType": "call center", "hotelSKU": "prd1171", "hotelCheckInUnix": "1575975579", "hotelCheckOutUnix": "1576753179", "hotelCheckInTS": "2019-12-10T10:59:39+00:00", "hotelCheckOutTS": "2019-12-19T10:59:39+00:00", "hotelChain": "Family Fun Hotels", "hotelName": "Family Fun Hotels: Sacramento", "hotelLocation": "Sacramento", "hotelRoomType": "standard", "hotelRoomCount": "1", "hotelGuestAdultCount": "1", "hotelGuestChildCount": "1", "hotelNightCount": "9", "hotelRoomPrice": "139.16", "hotelFinalPrice": "1252.44"}}}
{"_id": "orderid:803041", "timestamp": "2020-01-20T06:05:06.000Z", "eventType": "transaction", "_adobeamericaspot3": {"CRMID": "crmid:9718880536", "orderDetails": {"orderID": "orderid:803041", "reservationid": "PKU-Y2NG", "orderType": "kiosk", "hotelSKU": "prd1167", "hotelCheckInUnix": "1579673106", "hotelCheckOutUnix": "1579845906", "hotelCheckInTS": "2020-01-22T06:05:06+00:00", "hotelCheckOutTS": "2020-01-24T06:05:06+00:00", "hotelChain": "Hospitality Inn", "hotelName": "Hospitality Inn: Milwaukee", "hotelLocation": "Milwaukee", "hotelRoomType": "standard", "hotelRoomCount": "1", "hotelGuestAdultCount": "1", "hotelGuestChildCount": "0", "hotelNightCount": "2", "hotelRoomPrice": "159.39", "hotelFinalPrice": "318.78"}}}
{"_id": "orderid:324396", "timestamp": "2020-01-26T00:00:00.000Z", "eventType": "transaction", "_adobeamericaspot3": {"CRMID": "crmid:9718880536", "orderDetails": {"orderID": "orderid:324396", "reservationid": "GAQ-PYTN", "orderType": "website", "hotelSKU": "prd1187", "hotelCheckInUnix": "1580083200", "hotelCheckOutUnix": "1580256000", "hotelCheckInTS": "2020-01-27T00:00:00+00:00", "hotelCheckOutTS": "2020-01-29T00:00:00+00:00", "hotelChain": "Nesting Box Inn", "hotelName": "Nesting Box Inn: Cleveland", "hotelLocation": "Cleveland", "hotelRoomType": "standard", "hotelRoomCount": "1", "hotelGuestAdultCount": "1", "hotelGuestChildCount": "0", "hotelNightCount": "2", "hotelRoomPrice": "166.58", "hotelFinalPrice": "333.16"}}}
{"_id": "orderid:407808", "timestamp": "2020-02-11T16:52:26.000Z", "eventType": "transaction", "_adobeamericaspot3": {"CRMID": "crmid:9418687763", "orderDetails": {"orderID": "orderid:407808", "reservationid": "ONU-5W8U", "orderType": "kiosk", "hotelSKU": "prd1127", "hotelCheckInUnix": "1583427146", "hotelCheckOutUnix": "1584031946", "hotelCheckInTS": "2020-03-05T16:52:26+00:00", "hotelCheckOutTS": "2020-03-12T16:52:26+00:00", "hotelChain": "Nesting Box Inn", "hotelName": "Nesting Box Inn: Glasgow", "hotelLocation": "Glasgow", "hotelRoomType": "standard", "hotelRoomCount": "1", "hotelGuestAdultCount": "1", "hotelGuestChildCount": "0", "hotelNightCount": "7", "hotelRoomPrice": "130.59", "hotelFinalPrice": "914.13"}}}
{"_id": "orderid:201537", "timestamp": "2019-12-13T10:43:13.000Z", "eventType": "transaction", "_adobeamericaspot3": {"CRMID": "crmid:8215766015", "orderDetails": {"orderID": "orderid:201537", "reservationid": "HZQ-EYMO", "orderType": "website", "hotelSKU": "prd1042", "hotelCheckInUnix": "1577875393", "hotelCheckOutUnix": "1578912193", "hotelCheckInTS": "2020-01-01T10:43:13+00:00", "hotelCheckOutTS": "2020-01-13T10:43:13+00:00", "hotelChain": "Sego Lily Suites", "hotelName": "Sego Lily Suites: Omaha", "hotelLocation": "Omaha", "hotelRoomType": "standard", "hotelRoomCount": "1", "hotelGuestAdultCount": "1", "hotelGuestChildCount": "2", "hotelNightCount": "12", "hotelRoomPrice": "110.04", "hotelFinalPrice": "1320.48"}}}
{"_id": "orderid:797736", "timestamp": "2020-01-08T12:53:42.000Z", "eventType": "transaction", "_adobeamericaspot3": {"CRMID": "crmid:6644156956", "orderDetails": {"orderID": "orderid:797736", "reservationid": "2VE-DKL8", "orderType": "kiosk", "hotelSKU": "prd1178", "hotelCheckInUnix": "1578660822", "hotelCheckOutUnix": "1578920022", "hotelCheckInTS": "2020-01-10T12:53:42+00:00", "hotelCheckOutTS": "2020-01-13T12:53:42+00:00", "hotelChain": "Blue Reef Resort", "hotelName": "Blue Reef Resort: Colorado Springs", "hotelLocation": "Colorado Springs", "hotelRoomType": "standard", "hotelRoomCount": "1", "hotelGuestAdultCount": "1", "hotelGuestChildCount": "0", "hotelNightCount": "3", "hotelRoomPrice": "165.97", "hotelFinalPrice": "497.91"}}}
{"_id": "orderid:812177", "timestamp": "2020-01-15T10:04:44.000Z", "eventType": "transaction", "_adobeamericaspot3": {"CRMID": "crmid:8311051026", "orderDetails": {"orderID": "orderid:812177", "reservationid": "ADX-SI9J", "orderType": "service desk", "hotelSKU": "prd1070", "hotelCheckInUnix": "1581329084", "hotelCheckOutUnix": "1582452284", "hotelCheckInTS": "2020-02-10T10:04:44+00:00", "hotelCheckOutTS": "2020-02-23T10:04:44+00:00", "hotelChain": "Blue Reef Resort", "hotelName": "Blue Reef Resort: Jakarta", "hotelLocation": "Jakarta", "hotelRoomType": "standard", "hotelRoomCount": "1", "hotelGuestAdultCount": "1", "hotelGuestChildCount": "0", "hotelNightCount": "13", "hotelRoomPrice": "143.67", "hotelFinalPrice": "1867.71"}}}
{"_id": "orderid:130724", "timestamp": "2020-01-28T18:22:37.000Z", "eventType": "transaction", "_adobeamericaspot3": {"CRMID": "crmid:3388541369", "orderDetails": {"orderID": "orderid:130724", "reservationid": "NIE-UQAZ", "orderType": "kiosk", "hotelSKU": "prd1153", "hotelCheckInUnix": "1580494957", "hotelCheckOutUnix": "1580754157", "hotelCheckInTS": "2020-01-31T18:22:37+00:00", "hotelCheckOutTS": "2020-02-03T18:22:37+00:00", "hotelChain": "Admiralty Plaza", "hotelName": "Admiralty Plaza: Charlotte", "hotelLocation": "Charlotte", "hotelRoomType": "standard", "hotelRoomCount": "1", "hotelGuestAdultCount": "1", "hotelGuestChildCount": "0", "hotelNightCount": "3", "hotelRoomPrice": "137.56", "hotelFinalPrice": "412.68"}}}
{"_id": "orderid:558318", "timestamp": "2020-01-13T08:15:41.000Z", "eventType": "transaction", "_adobeamericaspot3": {"CRMID": "crmid:6897087535", "orderDetails": {"orderID": "orderid:558318", "reservationid": "XR2-LHBB", "orderType": "website", "hotelSKU": "prd1155", "hotelCheckInUnix": "1581063341", "hotelCheckOutUnix": "1582445741", "hotelCheckInTS": "2020-02-07T08:15:41+00:00", "hotelCheckOutTS": "2020-02-23T08:15:41+00:00", "hotelChain": "Hospitality Inn", "hotelName": "Hospitality Inn: Denver", "hotelLocation": "Denver", "hotelRoomType": "premium", "hotelRoomCount": "1", "hotelGuestAdultCount": "1", "hotelGuestChildCount": "0", "hotelNightCount": "16", "hotelRoomPrice": "144.74", "hotelFinalPrice": "2315.84"}}}
{"_id": "orderid:495297", "timestamp": "2019-12-01T21:18:37.000Z", "eventType": "transaction", "_adobeamericaspot3": {"CRMID": "crmid:9661743785", "orderDetails": {"orderID": "orderid:495297", "reservationid": "Q7I-PZAK", "orderType": "call center", "hotelSKU": "prd1032", "hotelCheckInUnix": "1575667117", "hotelCheckOutUnix": "1576185517", "hotelCheckInTS": "2019-12-06T21:18:37+00:00", "hotelCheckOutTS": "2019-12-12T21:18:37+00:00", "hotelChain": "Repose Resort", "hotelName": "Repose Resort: Baltimore", "hotelLocation": "Baltimore", "hotelRoomType": "premium", "hotelRoomCount": "1", "hotelGuestAdultCount": "1", "hotelGuestChildCount": "0", "hotelNightCount": "6", "hotelRoomPrice": "151.6", "hotelFinalPrice": "909.6"}}}
{"_id": "orderid:697409", "timestamp": "2020-01-26T20:25:38.000Z", "eventType": "transaction", "_adobeamericaspot3": {"CRMID": "crmid:4238580193", "orderDetails": {"orderID": "orderid:697409", "reservationid": "SVE-EVHK", "orderType": "service desk", "hotelSKU": "prd1016", "hotelCheckInUnix": "1580675138", "hotelCheckOutUnix": "1580934338", "hotelCheckInTS": "2020-02-02T20:25:38+00:00", "hotelCheckOutTS": "2020-02-05T20:25:38+00:00", "hotelChain": "Aspen Heights", "hotelName": "Aspen Heights: Columbus", "hotelLocation": "Columbus", "hotelRoomType": "premium", "hotelRoomCount": "1", "hotelGuestAdultCount": "1", "hotelGuestChildCount": "4", "hotelNightCount": "3", "hotelRoomPrice": "130.27", "hotelFinalPrice": "390.81"}}}
{"_id": "orderid:466834", "timestamp": "2019-12-03T17:50:42.000Z", "eventType": "transaction", "_adobeamericaspot3": {"CRMID": "crmid:5209146558", "orderDetails": {"orderID": "orderid:466834", "reservationid": "Y0N-TGKU", "orderType": "call center", "hotelSKU": "prd1165", "hotelCheckInUnix": "1575481842", "hotelCheckOutUnix": "1575741042", "hotelCheckInTS": "2019-12-04T17:50:42+00:00", "hotelCheckOutTS": "2019-12-07T17:50:42+00:00", "hotelChain": "Admiralty Plaza", "hotelName": "Admiralty Plaza: Louisville", "hotelLocation": "Louisville", "hotelRoomType": "premium", "hotelRoomCount": "1", "hotelGuestAdultCount": "1", "hotelGuestChildCount": "0", "hotelNightCount": "3", "hotelRoomPrice": "124.86", "hotelFinalPrice": "374.58"}}}
{"_id": "orderid:293944", "timestamp": "2020-01-03T18:44:11.000Z", "eventType": "transaction", "_adobeamericaspot3": {"CRMID": "crmid:6825810968", "orderDetails": {"orderID": "orderid:293944", "reservationid": "NQP-EMHS", "orderType": "website", "hotelSKU": "prd1076", "hotelCheckInUnix": "1580582651", "hotelCheckOutUnix": "1581187451", "hotelCheckInTS": "2020-02-01T18:44:11+00:00", "hotelCheckOutTS": "2020-02-08T18:44:11+00:00", "hotelChain": "Aspen Heights", "hotelName": "Aspen Heights: Bogota", "hotelLocation": "Bogota", "hotelRoomType": "standard", "hotelRoomCount": "1", "hotelGuestAdultCount": "1", "hotelGuestChildCount": "0", "hotelNightCount": "7", "hotelRoomPrice": "112.48", "hotelFinalPrice": "787.36"}}}
{"_id": "orderid:809638", "timestamp": "2020-01-11T16:50:20.000Z", "eventType": "transaction", "_adobeamericaspot3": {"CRMID": "crmid:5477947028", "orderDetails": {"orderID": "orderid:809638", "reservationid": "UI3-KUYK", "orderType": "website", "hotelSKU": "prd1005", "hotelCheckInUnix": "1578847820", "hotelCheckOutUnix": "1579107020", "hotelCheckInTS": "2020-01-12T16:50:20+00:00", "hotelCheckOutTS": "2020-01-15T16:50:20+00:00", "hotelChain": "Sapphire Suites", "hotelName": "Sapphire Suites: Los Angeles", "hotelLocation": "Los Angeles", "hotelRoomType": "standard", "hotelRoomCount": "1", "hotelGuestAdultCount": "1", "hotelGuestChildCount": "0", "hotelNightCount": "3", "hotelRoomPrice": "149.47", "hotelFinalPrice": "448.41"}}}
{"_id": "orderid:707718", "timestamp": "2020-01-17T00:00:00.000Z", "eventType": "transaction", "_adobeamericaspot3": {"CRMID": "crmid:5477947028", "orderDetails": {"orderID": "orderid:707718", "reservationid": "U8Z-OXOA", "orderType": "call center", "hotelSKU": "prd1117", "hotelCheckInUnix": "1579305600", "hotelCheckOutUnix": "1579392000", "hotelCheckInTS": "2020-01-18T00:00:00+00:00", "hotelCheckOutTS": "2020-01-19T00:00:00+00:00", "hotelChain": "Admiralty Plaza", "hotelName": "Admiralty Plaza: Dublin", "hotelLocation": "Dublin", "hotelRoomType": "standard", "hotelRoomCount": "1", "hotelGuestAdultCount": "1", "hotelGuestChildCount": "0", "hotelNightCount": "1", "hotelRoomPrice": "128.6", "hotelFinalPrice": "128.6"}}}
{"_id": "orderid:997402", "timestamp": "2020-01-28T04:25:43.000Z", "eventType": "transaction", "_adobeamericaspot3": {"CRMID": "crmid:8828912248", "orderDetails": {"orderID": "orderid:997402", "reservationid": "RDE-B0P3", "orderType": "kiosk", "hotelSKU": "prd1177", "hotelCheckInUnix": "1580271943", "hotelCheckOutUnix": "1580531143", "hotelCheckInTS": "2020-01-29T04:25:43+00:00", "hotelCheckOutTS": "2020-02-01T04:25:43+00:00", "hotelChain": "Admiralty Plaza", "hotelName": "Admiralty Plaza: Raleigh", "hotelLocation": "Raleigh", "hotelRoomType": "standard", "hotelRoomCount": "1", "hotelGuestAdultCount": "1", "hotelGuestChildCount": "0", "hotelNightCount": "3", "hotelRoomPrice": "106.52", "hotelFinalPrice": "319.56"}}}
{"_id": "orderid:732478", "timestamp": "2020-02-03T00:00:00.000Z", "eventType": "transaction", "_adobeamericaspot3": {"CRMID": "crmid:8828912248", "orderDetails": {"orderID": "orderid:732478", "reservationid": "7O0-GLQC", "orderType": "website", "hotelSKU": "prd1043", "hotelCheckInUnix": "1580774400", "hotelCheckOutUnix": "1580947200", "hotelCheckInTS": "2020-02-04T00:00:00+00:00", "hotelCheckOutTS": "2020-02-06T00:00:00+00:00", "hotelChain": "Nesting Box Inn", "hotelName": "Nesting Box Inn: Raleigh", "hotelLocation": "Raleigh", "hotelRoomType": "premium", "hotelRoomCount": "1", "hotelGuestAdultCount": "1", "hotelGuestChildCount": "0", "hotelNightCount": "2", "hotelRoomPrice": "133.79", "hotelFinalPrice": "267.58"}}}
{"_id": "orderid:336916", "timestamp": "2020-02-08T00:00:00.000Z", "eventType": "transaction", "_adobeamericaspot3": {"CRMID": "crmid:8828912248", "orderDetails": {"orderID": "orderid:336916", "reservationid": "Y0L-EGUT", "orderType": "website", "hotelSKU": "prd1040", "hotelCheckInUnix": "1581292800", "hotelCheckOutUnix": "1581811200", "hotelCheckInTS": "2020-02-10T00:00:00+00:00", "hotelCheckOutTS": "2020-02-16T00:00:00+00:00", "hotelChain": "Aspen Heights", "hotelName": "Aspen Heights: Atlanta", "hotelLocation": "Atlanta", "hotelRoomType": "standard", "hotelRoomCount": "1", "hotelGuestAdultCount": "1", "hotelGuestChildCount": "0", "hotelNightCount": "6", "hotelRoomPrice": "142.37", "hotelFinalPrice": "854.22"}}}
{"_id": "orderid:437405", "timestamp": "2019-12-19T13:02:45.000Z", "eventType": "transaction", "_adobeamericaspot3": {"CRMID": "crmid:9232184186", "orderDetails": {"orderID": "orderid:437405", "reservationid": "PG1-8HYA", "orderType": "website", "hotelSKU": "prd1131", "hotelCheckInUnix": "1576933365", "hotelCheckOutUnix": "1577019765", "hotelCheckInTS": "2019-12-21T13:02:45+00:00", "hotelCheckOutTS": "2019-12-22T13:02:45+00:00", "hotelChain": "Hospitality Inn", "hotelName": "Hospitality Inn: Sheffield", "hotelLocation": "Sheffield", "hotelRoomType": "premium", "hotelRoomCount": "1", "hotelGuestAdultCount": "1", "hotelGuestChildCount": "0", "hotelNightCount": "1", "hotelRoomPrice": "131.6", "hotelFinalPrice": "131.6"}}}
{"_id": "orderid:507501", "timestamp": "2020-01-16T05:09:25.000Z", "eventType": "transaction", "_adobeamericaspot3": {"CRMID": "crmid:8710941388", "orderDetails": {"orderID": "orderid:507501", "reservationid": "RUP-SHEK", "orderType": "mobile", "hotelSKU": "prd1053", "hotelCheckInUnix": "1581484165", "hotelCheckOutUnix": "1582088965", "hotelCheckInTS": "2020-02-12T05:09:25+00:00", "hotelCheckOutTS": "2020-02-19T05:09:25+00:00", "hotelChain": "Sapphire Suites", "hotelName": "Sapphire Suites: Cleveland", "hotelLocation": "Cleveland", "hotelRoomType": "standard", "hotelRoomCount": "1", "hotelGuestAdultCount": "1", "hotelGuestChildCount": "0", "hotelNightCount": "7", "hotelRoomPrice": "144.18", "hotelFinalPrice": "1009.26"}}}
