id,crmid,propensity_room_upgrade,propensity_extended_nights
orderid:990136,crmid:4016100257,2,4
orderid:200885,crmid:7009217019,3,9
orderid:462583,crmid:8131419370,5,3
orderid:269623,crmid:4046104528,4,4
orderid:725642,crmid:7811947628,5,4
orderid:464159,crmid:3835701716,10,4
orderid:514461,crmid:1450976337,6,4
orderid:630993,crmid:7419443368,3,4
orderid:291167,crmid:6353175329,9,3
orderid:231062,crmid:9830133061,4,4
orderid:982029,crmid:1086252987,5,4
orderid:139531,crmid:6191718765,7,5
orderid:738246,crmid:9606056838,4,3
orderid:130856,crmid:7503517455,3,8
orderid:643301,crmid:7274729223,4,8
orderid:348508,crmid:5117019210,9,2
orderid:700676,crmid:2190343293,5,8
orderid:935456,crmid:6055110134,5,3
orderid:347731,crmid:1889904100,4,4
orderid:279501,crmid:1245912168,4,8
orderid:836020,crmid:7467915777,5,4
orderid:375236,crmid:5357622513,4,4
orderid:596399,crmid:3068721407,5,4
orderid:525151,crmid:3850107583,7,6
orderid:846187,crmid:7788665765,3,8
orderid:708371,crmid:4563618615,4,4
orderid:714006,crmid:8471616519,10,5
orderid:828101,crmid:6445522232,4,4
orderid:561818,crmid:9322694503,4,5
orderid:398815,crmid:1008244357,5,6
orderid:544910,crmid:5118046674,3,9
orderid:876663,crmid:6842344411,3,4
orderid:633117,crmid:2790039742,3,8
orderid:922383,crmid:1991507328,8,5
orderid:986386,crmid:1800900160,4,6
orderid:213219,crmid:7575848793,8,5
orderid:115574,crmid:8886891412,5,8
orderid:535795,crmid:4483545899,9,4
orderid:343357,crmid:9596181408,3,4
orderid:886598,crmid:3577449101,3,5
orderid:748052,crmid:4641511995,3,5
orderid:308925,crmid:6998982823,4,3
orderid:576179,crmid:8964883337,4,9
orderid:815597,crmid:1195490529,6,6
orderid:467595,crmid:5216077644,4,4
orderid:469078,crmid:2669403423,3,4
orderid:648001,crmid:8406099854,7,4
orderid:954327,crmid:4854207120,4,5
orderid:470211,crmid:2528765979,8,3
orderid:337259,crmid:8642394974,3,5
orderid:674577,crmid:5777985574,5,6
orderid:319407,crmid:8962096040,4,4
orderid:258267,crmid:2149349063,4,5
orderid:742081,crmid:2047685765,9,3
orderid:464079,crmid:3734054947,5,6
orderid:192368,crmid:7045579233,5,3
orderid:317346,crmid:8132253822,3,10
orderid:384821,crmid:5886992432,3,4
orderid:852189,crmid:3975638329,3,3
orderid:582564,crmid:2298865617,3,7
orderid:916248,crmid:8712846613,5,3
orderid:577819,crmid:7589697774,4,6
orderid:459772,crmid:5205506239,4,5
orderid:437585,crmid:1900558979,8,4
orderid:623461,crmid:4031236312,1,5
orderid:350239,crmid:5146790500,4,4
orderid:178785,crmid:5127962246,3,3
orderid:982956,crmid:4628262980,5,3
orderid:834406,crmid:4212010027,4,6
orderid:335361,crmid:8358348754,3,3
orderid:819109,crmid:2405065301,3,5
orderid:496352,crmid:9859227222,4,3
orderid:972273,crmid:4248719470,6,4
orderid:118983,crmid:2632415139,4,4
orderid:435420,crmid:1101407776,5,4
orderid:102997,crmid:4484168769,8,5
orderid:926876,crmid:4629317060,2,4
orderid:656020,crmid:2389702632,5,5
orderid:640426,crmid:2668612009,4,5
orderid:768188,crmid:8795225590,4,4
orderid:996926,crmid:5365242440,4,3
orderid:537309,crmid:2175251712,9,5
orderid:261797,crmid:8019869692,5,2
orderid:939485,crmid:1824708567,4,5
orderid:722960,crmid:6865418095,6,6
orderid:563428,crmid:8783251161,4,2
orderid:829833,crmid:2832907095,5,2
orderid:467250,crmid:5929085610,4,5
orderid:678321,crmid:4922232029,5,6
orderid:587398,crmid:3074033931,6,4
orderid:430568,crmid:2108370935,4,6
orderid:698495,crmid:4291650858,3,3
orderid:603638,crmid:8500733562,9,5
orderid:784609,crmid:7007365151,5,4
orderid:243052,crmid:6429546127,3,3
orderid:463234,crmid:6506415460,4,4
orderid:507376,crmid:5095181149,2,4
orderid:977013,crmid:8918692238,4,4
orderid:916835,crmid:7009036433,5,3
orderid:260797,crmid:1683953735,7,4
orderid:133717,crmid:6709877871,6,3
orderid:632991,crmid:6872488258,4,9
orderid:404565,crmid:5616288316,4,4
orderid:717111,crmid:6288522678,6,5
orderid:172045,crmid:9387046321,3,4
orderid:265391,crmid:3339037884,5,4
orderid:833710,crmid:9687366603,4,5
orderid:269857,crmid:4252511698,3,4
orderid:292209,crmid:3426542711,5,4
orderid:314656,crmid:2833068751,4,4
orderid:106043,crmid:1564769730,6,4
orderid:697546,crmid:1325748197,4,2
orderid:801872,crmid:8971458702,7,3
orderid:114747,crmid:1588966645,4,6
orderid:434093,crmid:5265457345,4,9
orderid:673746,crmid:6398059914,5,4
orderid:624161,crmid:4572114952,3,8
orderid:228644,crmid:6208732569,1,5
orderid:494896,crmid:4801060851,4,4
orderid:948669,crmid:1091211953,4,4
orderid:161271,crmid:7482794537,4,4
orderid:442465,crmid:3551969082,3,5
orderid:503991,crmid:5360627522,8,4
orderid:199513,crmid:2214273095,9,3
orderid:247400,crmid:6555539638,3,5
orderid:694182,crmid:9567188765,8,4
orderid:207823,crmid:8187940725,3,3
orderid:657459,crmid:3398902615,9,4
orderid:232752,crmid:8884443627,8,4
orderid:771377,crmid:3922392327,5,9
orderid:890784,crmid:5081890563,4,5
orderid:235540,crmid:8033440567,5,4
orderid:927133,crmid:7037225800,4,4
orderid:871282,crmid:8385879854,4,3
orderid:228007,crmid:1854322321,5,3
orderid:726176,crmid:8042734071,8,4
orderid:477367,crmid:3012337361,6,3
orderid:989643,crmid:8327256950,5,4
orderid:760948,crmid:9504767920,7,3
orderid:867599,crmid:7189196990,4,3
orderid:858852,crmid:2293415561,5,2
orderid:897675,crmid:4821265591,3,3
orderid:363618,crmid:2638174215,4,5
orderid:677570,crmid:7493082911,3,8
orderid:675472,crmid:9125907241,8,5
orderid:522380,crmid:6059996096,4,8
orderid:914428,crmid:7043543961,3,4
orderid:811617,crmid:5211928830,3,6
orderid:870306,crmid:7986748215,6,5
orderid:410661,crmid:4615352736,5,4
orderid:299152,crmid:6377440416,5,3
orderid:517640,crmid:3218409545,4,4
orderid:706657,crmid:2442855787,5,4
orderid:126677,crmid:1728855065,5,4
orderid:608342,crmid:3273309920,4,3
orderid:530057,crmid:3816450996,4,6
orderid:990939,crmid:2297186785,3,5
orderid:880058,crmid:1944227911,6,4
orderid:841363,crmid:9282533013,4,3
orderid:658487,crmid:4941776931,5,2
orderid:486784,crmid:1461097819,3,4
orderid:644121,crmid:8125311729,8,5
orderid:760546,crmid:5210402682,4,4
orderid:169188,crmid:4911949901,2,4
orderid:665871,crmid:3614266535,5,6
orderid:903133,crmid:3885933592,9,4
orderid:929071,crmid:7745405959,4,3
orderid:861341,crmid:6145606326,2,4
orderid:681544,crmid:5157035417,3,8
orderid:670902,crmid:8034978749,10,4
orderid:228679,crmid:7651322521,3,3
orderid:711545,crmid:7263163454,4,9
orderid:694302,crmid:6460473431,4,3
orderid:503915,crmid:7702377609,4,4
orderid:729402,crmid:5917596599,2,5
orderid:338961,crmid:1923212959,3,5
orderid:472501,crmid:8915501812,4,5
orderid:202263,crmid:4279333474,4,10
orderid:963590,crmid:6164358216,4,4
orderid:651096,crmid:3041276007,3,4
orderid:574710,crmid:9485464427,5,7
orderid:757709,crmid:2684189648,7,4
orderid:821482,crmid:8802734351,4,5
orderid:598445,crmid:2720123857,4,3
orderid:509393,crmid:3051633005,5,3
orderid:299743,crmid:4631943373,4,3
orderid:461098,crmid:9304206922,5,6
orderid:121838,crmid:6478555238,9,3
orderid:428552,crmid:2555504248,4,5
orderid:102094,crmid:1558694755,3,4
orderid:860859,crmid:1136421627,4,5
orderid:569564,crmid:7272632815,6,4
orderid:754311,crmid:7068124122,6,4
orderid:959227,crmid:9430675738,4,4
orderid:383913,crmid:6831567205,4,4
orderid:636708,crmid:9392598762,4,5
orderid:961234,crmid:9114568796,4,3
orderid:959171,crmid:5190225306,1,2
orderid:339360,crmid:1181691630,5,4
orderid:597474,crmid:1007402276,4,7
