id,reservationid,orderid,crmid,timestamp,orderType,productsku,hotelCheckInUnix,hotelCheckOutUnix,hotelCheckInTS,hotelCheckOutTS,hotelName,hotelChain,hotelLocation,hotelRoomType,hotelRoomCount,hotelGuestAdultCount,hotelGuestChildCount,hotelNightCount,hotelRoomPrice,hotelFinalPrice
b2369d7a-53cb-11ea-90ef-b88a60e194fb,28U-ILAB,orderid:480532,crmid:7906401059,2020-01-23T08:00:19.000Z,website,prd1081,1581926419,1582444819,2020-02-17T08:00:19+00:00,2020-02-23T08:00:19+00:00,Admiralty Plaza: Rod de Janeiro,Admiralty Plaza,Rod de Janeiro,premium,1,1,0,6,146.2,877.2
b237d5fe-53cb-11ea-897c-b88a60e194fb,BP1-NGUX,orderid:947301,crmid:5105200989,2020-02-03T00:09:03.000Z,website,prd1179,1582589343,1583280543,2020-02-25T00:09:03+00:00,2020-03-04T00:09:03+00:00,Hospitality Inn: Miami,Hospitality Inn,Miami,premium,1,1,0,8,168.4,1347.2
b238e766-53cb-11ea-ad38-b88a60e194fb,SRF-VPVE,orderid:633449,crmid:3516402593,2020-01-02T15:30:35.000Z,website,prd1003,1580311835,1581175835,2020-01-29T15:30:35+00:00,2020-02-08T15:30:35+00:00,Family Fun Hotels: Houston,Family Fun Hotels,Houston,standard,1,1,0,10,154.15,1541.5
b239aab6-53cb-11ea-8814-b88a60e194fb,6HK-WPW3,orderid:536000,crmid:1220616234,2020-02-08T08:14:55.000Z,mobile,prd1148,1582964095,1583223295,2020-02-29T08:14:55+00:00,2020-03-03T08:14:55+00:00,Aspen Heights: Jacksonville,Aspen Heights,Jacksonville,premium,1,1,4,3,147.76,443.28
b23a9514-53cb-11ea-9756-b88a60e194fb,EWP-LKAA,orderid:775214,crmid:4614287642,2020-02-01T18:40:28.000Z,mobile,prd1081,1582915228,1583606428,2020-02-28T18:40:28+00:00,2020-03-07T18:40:28+00:00,Admiralty Plaza: Rod de Janeiro,Admiralty Plaza,Rod de Janeiro,standard,1,1,0,8,190.19,1521.52
b23bcd92-53cb-11ea-8e3d-b88a60e194fb,E62-VQH4,orderid:765670,crmid:1108957991,2019-12-02T23:44:53.000Z,call center,prd1135,1575589493,1576626293,2019-12-05T23:44:53+00:00,2019-12-17T23:44:53+00:00,Family Fun Hotels: Vancouver,Family Fun Hotels,Vancouver,premium,1,1,0,12,143.04,1716.48
b23cb7f8-53cb-11ea-833d-b88a60e194fb,D2S-3MIZ,orderid:938388,crmid:2714641190,2020-01-16T07:24:35.000Z,website,prd1191,1579764275,1580196275,2020-01-23T07:24:35+00:00,2020-01-28T07:24:35+00:00,Hospitality Inn: Mumbai,Hospitality Inn,Mumbai,standard,1,1,0,5,79.01,395.05
b23da3a2-53cb-11ea-8d2a-b88a60e194fb,4CC-CPRU,orderid:395535,crmid:2163847566,2019-12-06T23:20:59.000Z,mobile,prd1110,1576192859,1577402459,2019-12-12T23:20:59+00:00,2019-12-26T23:20:59+00:00,Restful Nights: Sofia,Restful Nights,Sofia,standard,1,1,0,14,139.57,1953.98
b23e66e6-53cb-11ea-8ff4-b88a60e194fb,YDR-OEQT,orderid:195969,crmid:7663625933,2020-01-08T07:39:10.000Z,kiosk,prd1089,1578641950,1579246750,2020-01-10T07:39:10+00:00,2020-01-17T07:39:10+00:00,Sapphire Suites: Rome,Sapphire Suites,Rome,standard,1,1,3,7,145.26,1016.82
b23f5158-53cb-11ea-9e8e-b88a60e194fb,L18-DEXW,orderid:583061,crmid:5550675738,2019-12-20T08:00:47.000Z,kiosk,prd1098,1576915247,1577001647,2019-12-21T08:00:47+00:00,2019-12-22T08:00:47+00:00,Restful Nights: Kiev,Restful Nights,Kiev,premium,1,1,0,1,121.44,121.44
b2403b8c-53cb-11ea-8923-b88a60e194fb,1XL-JHM4,orderid:723849,crmid:2806773557,2020-01-28T13:52:23.000Z,call center,prd1196,1580478743,1581083543,2020-01-31T13:52:23+00:00,2020-02-07T13:52:23+00:00,Aspen Heights: Moscow,Aspen Heights,Moscow,standard,1,1,0,7,105.33,737.31
b2414d58-53cb-11ea-b6f5-b88a60e194fb,SMV-YZ0C,orderid:166857,crmid:6981169325,2019-12-14T05:18:37.000Z,call center,prd1117,1576559917,1576905517,2019-12-17T05:18:37+00:00,2019-12-21T05:18:37+00:00,Admiralty Plaza: Dublin,Admiralty Plaza,Dublin,standard,1,1,0,4,160.54,642.16
b242106c-53cb-11ea-87ba-b88a60e194fb,YBJ-HQ9Y,orderid:237653,crmid:2144277523,2020-02-04T14:19:24.000Z,call center,prd1198,1581430764,1581862764,2020-02-11T14:19:24+00:00,2020-02-16T14:19:24+00:00,Sego Lily Suites: Paris,Sego Lily Suites,Paris,standard,1,1,4,5,140.38,701.9
b2436ffa-53cb-11ea-9b45-b88a60e194fb,SWN-4XPQ,orderid:762758,crmid:8303277063,2019-12-27T23:21:06.000Z,website,prd1058,1579303266,1579735266,2020-01-17T23:21:06+00:00,2020-01-22T23:21:06+00:00,Blue Reef Resort: Delhi,Blue Reef Resort,Delhi,luxury,1,1,0,5,362.19,1810.95
b244334a-53cb-11ea-8e36-b88a60e194fb,LLY-GTEO,orderid:868041,crmid:4359557282,2019-12-21T03:10:57.000Z,call center,prd1009,1578798657,1579835457,2020-01-12T03:10:57+00:00,2020-01-24T03:10:57+00:00,Admiralty Plaza: San Antonio,Admiralty Plaza,San Antonio,standard,1,1,2,12,141.82,1701.84
b2641790-53cb-11ea-94f9-b88a60e194fb,BQH-OTUD,orderid:953615,crmid:4711871644,2020-01-09T10:44:35.000Z,call center,prd1191,1580381075,1580640275,2020-01-30T10:44:35+00:00,2020-02-02T10:44:35+00:00,Hospitality Inn: Mumbai,Hospitality Inn,Mumbai,standard,1,1,0,3,160.74,482.22
b2a40530-53cb-11ea-9435-b88a60e194fb,P1S-QMFS,orderid:987834,crmid:5576469933,2019-12-22T22:45:53.000Z,mobile,prd1189,1579214753,1580597153,2020-01-16T22:45:53+00:00,2020-02-01T22:45:53+00:00,Admiralty Plaza: Bakersfield,Admiralty Plaza,Bakersfield,standard,1,1,0,16,171.69,2747.04
b2a516a2-53cb-11ea-a7d8-b88a60e194fb,7OS-LF7S,orderid:886348,crmid:7039164119,2020-01-23T03:20:37.000Z,call center,prd1124,1580008837,1580440837,2020-01-26T03:20:37+00:00,2020-01-31T03:20:37+00:00,Aspen Heights: Leeds,Aspen Heights,Leeds,standard,1,1,0,5,98.77,493.85
b2a6765a-53cb-11ea-afbf-b88a60e194fb,ZP9-GOXB,orderid:966320,crmid:8952619347,2020-01-14T13:21:28.000Z,kiosk,prd1083,1579526488,1579699288,2020-01-20T13:21:28+00:00,2020-01-22T13:21:28+00:00,Hospitality Inn: Bangkok,Hospitality Inn,Bangkok,standard,1,1,0,2,141.66,283.32
b2a739a4-53cb-11ea-adab-b88a60e194fb,RKM-DIHQ,orderid:395902,crmid:9603314627,2020-01-27T06:05:58.000Z,service desk,prd1037,1580277958,1580364358,2020-01-29T06:05:58+00:00,2020-01-30T06:05:58+00:00,Grandeur Hotels: Sacramento,Grandeur Hotels,Sacramento,standard,1,1,0,1,118.43,118.43
b2a82406-53cb-11ea-b5c0-b88a60e194fb,HD1-XU8M,orderid:652044,crmid:5654694673,2020-01-30T04:42:59.000Z,kiosk,prd1034,1582692179,1583815379,2020-02-26T04:42:59+00:00,2020-03-10T04:42:59+00:00,Blue Reef Resort: Albuquerque,Blue Reef Resort,Albuquerque,luxury,1,1,4,13,347.61,4518.93
b2a90e66-53cb-11ea-9684-b88a60e194fb,CEF-4GAY,orderid:270383,crmid:4720147233,2020-02-04T22:18:32.000Z,website,prd1033,1583360312,1583792312,2020-03-04T22:18:32+00:00,2020-03-09T22:18:32+00:00,Admiralty Plaza: Milwaukee,Admiralty Plaza,Milwaukee,standard,1,1,1,5,158.53,792.65
b2a9f8c6-53cb-11ea-a1fb-b88a60e194fb,PI0-OXMP,orderid:435156,crmid:7288324764,2019-12-08T12:09:33.000Z,call center,prd1012,1578053373,1578571773,2020-01-03T12:09:33+00:00,2020-01-09T12:09:33+00:00,Sandhill: San Jose,Sandhill,San Jose,standard,1,1,0,6,91.54,549.24
b2ab3158-53cb-11ea-a8bb-b88a60e194fb,DSG-1V9R,orderid:643041,crmid:8053542159,2020-01-08T10:23:23.000Z,website,prd1110,1579170203,1579256603,2020-01-16T10:23:23+00:00,2020-01-17T10:23:23+00:00,Restful Nights: Sofia,Restful Nights,Sofia,standard,1,1,0,1,136.52,136.52
b2ac1bac-53cb-11ea-ba88-b88a60e194fb,UQM-EVQG,orderid:486723,crmid:6302088972,2019-12-25T18:23:20.000Z,mobile,prd1141,1578162200,1579285400,2020-01-04T18:23:20+00:00,2020-01-17T18:23:20+00:00,Admiralty Plaza: Phoenix,Admiralty Plaza,Phoenix,standard,1,1,2,13,166.26,2161.38
b2acdef4-53cb-11ea-a000-b88a60e194fb,DIE-QH4E,orderid:156859,crmid:5691301137,2019-12-16T03:40:11.000Z,kiosk,prd1119,1577590811,1578109211,2019-12-29T03:40:11+00:00,2020-01-04T03:40:11+00:00,Hospitality Inn: Turin,Hospitality Inn,Turin,premium,1,1,0,6,122.92,737.52
b2adf07e-53cb-11ea-82a9-b88a60e194fb,BGT-AWY3,orderid:496107,crmid:1163036237,2019-12-29T17:55:34.000Z,kiosk,prd1082,1580061334,1580234134,2020-01-26T17:55:34+00:00,2020-01-28T17:55:34+00:00,Blue Reef Resort: Surat,Blue Reef Resort,Surat,standard,1,1,3,2,183.39,366.78
b2aedad8-53cb-11ea-922d-b88a60e194fb,4B7-HZAQ,orderid:588415,crmid:4785610946,2020-01-17T05:18:59.000Z,kiosk,prd1056,1580879939,1581398339,2020-02-05T05:18:59+00:00,2020-02-11T05:18:59+00:00,Repose Resort: Aurora,Repose Resort,Aurora,standard,1,1,0,6,141.04,846.24
b2afc53a-53cb-11ea-9530-b88a60e194fb,KRW-ITW9,orderid:480775,crmid:9626404131,2020-01-27T22:58:53.000Z,mobile,prd1128,1582412333,1583017133,2020-02-22T22:58:53+00:00,2020-02-29T22:58:53+00:00,Repose Resort: Rotterdam,Repose Resort,Rotterdam,premium,1,1,0,7,174.52,1221.64
b2b0afb0-53cb-11ea-a13c-b88a60e194fb,QNI-GNSK,orderid:188491,crmid:8973739284,2020-02-09T23:08:22.000Z,website,prd1057,1582672102,1583276902,2020-02-25T23:08:22+00:00,2020-03-03T23:08:22+00:00,Admiralty Plaza: Mumbai,Admiralty Plaza,Mumbai,premium,1,1,0,7,182.55,1277.85
b2b1c0fa-53cb-11ea-ad53-b88a60e194fb,I7O-K1XV,orderid:226714,crmid:5762752974,2019-12-26T02:23:43.000Z,website,prd1161,1579400623,1580696623,2020-01-19T02:23:43+00:00,2020-02-03T02:23:43+00:00,Sapphire Suites: Memphis,Sapphire Suites,Memphis,standard,1,1,2,15,171.75,2576.25
b2b2ab68-53cb-11ea-9c75-b88a60e194fb,QBR-JGBW,orderid:327555,crmid:8464867147,2020-01-20T07:27:33.000Z,website,prd1087,1579591653,1579764453,2020-01-21T07:27:33+00:00,2020-01-23T07:27:33+00:00,Family Fun Hotels: Kolkata,Family Fun Hotels,Kolkata,standard,1,1,0,2,143.22,286.44
b2b395b4-53cb-11ea-93cb-b88a60e194fb,YHM-V31S,orderid:265342,crmid:2308743727,2019-12-29T16:49:46.000Z,website,prd1196,1579884586,1580489386,2020-01-24T16:49:46+00:00,2020-01-31T16:49:46+00:00,Aspen Heights: Moscow,Aspen Heights,Moscow,standard,1,1,3,7,141.53,990.71
b2b4801e-53cb-11ea-9bb2-b88a60e194fb,ZIH-IFPZ,orderid:175790,crmid:8719808538,2020-01-28T21:28:04.000Z,website,prd1004,1580333284,1580419684,2020-01-29T21:28:04+00:00,2020-01-30T21:28:04+00:00,Aspen Heights: Boulder,Aspen Heights,Boulder,standard,1,1,0,1,146.75,146.75
b2b606be-53cb-11ea-ab42-b88a60e194fb,OXH-LYAP,orderid:268752,crmid:6110937811,2020-01-05T22:16:59.000Z,call center,prd1129,1579817819,1580422619,2020-01-23T22:16:59+00:00,2020-01-30T22:16:59+00:00,Admiralty Plaza: Helsinki,Admiralty Plaza,Helsinki,premium,1,1,0,7,163.06,1141.42
b2b71824-53cb-11ea-afca-b88a60e194fb,TIO-LC7A,orderid:889690,crmid:2749682818,2020-01-19T21:46:15.000Z,website,prd1028,1579815975,1579902375,2020-01-23T21:46:15+00:00,2020-01-24T21:46:15+00:00,Aspen Heights: Portland,Aspen Heights,Portland,standard,1,1,0,1,108.8,108.8
b2b7db74-53cb-11ea-9f8a-b88a60e194fb,4S4-Q1RE,orderid:386673,crmid:1192689272,2019-12-16T08:54:16.000Z,website,prd1130,1576572856,1576659256,2019-12-17T08:54:16+00:00,2019-12-18T08:54:16+00:00,Blue Reef Resort: Bremen,Blue Reef Resort,Bremen,standard,1,1,0,1,112.94,112.94
b2b8c5de-53cb-11ea-878c-b88a60e194fb,BTE-VZGR,orderid:552647,crmid:8317083763,2020-02-15T16:44:40.000Z,call center,prd1097,1582217080,1582821880,2020-02-20T16:44:40+00:00,2020-02-27T16:44:40+00:00,Grandeur Hotels: Buenos Aires,Grandeur Hotels,Buenos Aires,standard,1,1,0,7,174.96,1224.72
b2b98926-53cb-11ea-a990-b88a60e194fb,ZDO-5SVO,orderid:197671,crmid:6206654735,2020-02-02T05:18:41.000Z,call center,prd1067,1580879921,1581139121,2020-02-05T05:18:41+00:00,2020-02-08T05:18:41+00:00,Nesting Box Inn: Istanbul,Nesting Box Inn,Istanbul,premium,1,1,0,3,169.6,508.8
b2b9b02e-53cb-11ea-ad29-b88a60e194fb,KVG-WMRJ,orderid:201969,crmid:6206654735,2020-02-09T00:00:00.000Z,mobile,prd1069,1581292800,1581379200,2020-02-10T00:00:00+00:00,2020-02-11T00:00:00+00:00,Admiralty Plaza: Singapore,Admiralty Plaza,Singapore,premium,1,1,0,1,208.37,208.37
b2ba9a9a-53cb-11ea-b899-b88a60e194fb,BJD-JEW3,orderid:180142,crmid:7617315896,2020-01-10T17:33:31.000Z,website,prd1011,1578764011,1579023211,2020-01-11T17:33:31+00:00,2020-01-14T17:33:31+00:00,Hospitality Inn: Dallas,Hospitality Inn,Dallas,premium,1,1,0,3,143.95,431.85
b2bbac02-53cb-11ea-b148-b88a60e194fb,3UV-3YMV,orderid:252362,crmid:6134351881,2020-01-13T14:21:22.000Z,call center,prd1025,1581085282,1581517282,2020-02-07T14:21:22+00:00,2020-02-12T14:21:22+00:00,Grandeur Hotels: Detroit,Grandeur Hotels,Detroit,standard,1,1,0,5,152.73,763.65
b2bc7066-53cb-11ea-824f-b88a60e194fb,XXP-N7HH,orderid:154256,crmid:2007711311,2020-02-15T21:21:28.000Z,call center,prd1141,1582320088,1582579288,2020-02-21T21:21:28+00:00,2020-02-24T21:21:28+00:00,Admiralty Plaza: Phoenix,Admiralty Plaza,Phoenix,premium,1,1,0,3,52.32,156.96
b2bd5b00-53cb-11ea-896b-b88a60e194fb,PU3-NKEL,orderid:155600,crmid:8521180307,2019-12-25T00:57:37.000Z,kiosk,prd1113,1579136257,1579913857,2020-01-16T00:57:37+00:00,2020-01-25T00:57:37+00:00,Sapphire Suites: Kazan,Sapphire Suites,Kazan,standard,1,1,0,9,175.72,1581.48
b2be443e-53cb-11ea-ab06-b88a60e194fb,ZWI-FK9R,orderid:142015,crmid:4861230712,2019-12-12T00:07:31.000Z,kiosk,prd1135,1577491651,1578096451,2019-12-28T00:07:31+00:00,2020-01-04T00:07:31+00:00,Family Fun Hotels: Vancouver,Family Fun Hotels,Vancouver,standard,1,1,0,7,162.97,1140.79
b2c17876-53cb-11ea-bbff-b88a60e194fb,7XR-CCBB,orderid:915859,crmid:6471475468,2020-01-31T10:00:28.000Z,kiosk,prd1086,1580637628,1580724028,2020-02-02T10:00:28+00:00,2020-02-03T10:00:28+00:00,Restful Nights: Johannesburg,Restful Nights,Johannesburg,standard,1,1,0,1,141.02,141.02
b2c289e2-53cb-11ea-8858-b88a60e194fb,QVZ-ZTU8,orderid:958622,crmid:6552687466,2019-12-19T00:46:40.000Z,mobile,prd1189,1577148400,1577753200,2019-12-24T00:46:40+00:00,2019-12-31T00:46:40+00:00,Admiralty Plaza: Bakersfield,Admiralty Plaza,Bakersfield,ultra-luxury,1,1,0,7,394.92,2764.44
b2c37450-53cb-11ea-a013-b88a60e194fb,MIC-IAWZ,orderid:429538,crmid:1277542316,2020-01-02T13:50:03.000Z,kiosk,prd1088,1578059403,1578145803,2020-01-03T13:50:03+00:00,2020-01-04T13:50:03+00:00,Aspen Heights: Ankara,Aspen Heights,Ankara,luxury,1,1,0,1,302.9,302.9
b2c45e9c-53cb-11ea-b08f-b88a60e194fb,OP7-05BF,orderid:324166,crmid:8782724917,2020-01-29T00:00:41.000Z,call center,prd1124,1582243241,1582848041,2020-02-21T00:00:41+00:00,2020-02-28T00:00:41+00:00,Aspen Heights: Leeds,Aspen Heights,Leeds,standard,1,1,0,7,147.14,1029.98
b2c548f6-53cb-11ea-8477-b88a60e194fb,VK1-R6ZK,orderid:204712,crmid:7925299222,2020-01-13T09:19:20.000Z,website,prd1190,1580289560,1580375960,2020-01-29T09:19:20+00:00,2020-01-30T09:19:20+00:00,Blue Reef Resort: Aurora,Blue Reef Resort,Aurora,standard,1,1,0,1,149.84,149.84
b2c65a5c-53cb-11ea-8054-b88a60e194fb,I3A-25XR,orderid:604768,crmid:9630551624,2020-01-07T03:16:04.000Z,kiosk,prd1178,1580440564,1581045364,2020-01-31T03:16:04+00:00,2020-02-07T03:16:04+00:00,Blue Reef Resort: Colorado Springs,Blue Reef Resort,Colorado Springs,standard,1,1,0,7,167.29,1171.03
b2c7ba8a-53cb-11ea-89ff-b88a60e194fb,ULW-R68H,orderid:892923,crmid:6333134855,2020-01-25T15:45:17.000Z,website,prd1160,1582299917,1582645517,2020-02-21T15:45:17+00:00,2020-02-25T15:45:17+00:00,Aspen Heights: Nashville,Aspen Heights,Nashville,standard,1,1,0,4,120.52,482.08
b2c8cb76-53cb-11ea-89c6-b88a60e194fb,3RE-KWIQ,orderid:878232,crmid:2185478264,2020-01-30T06:22:08.000Z,website,prd1016,1582266128,1582438928,2020-02-21T06:22:08+00:00,2020-02-23T06:22:08+00:00,Aspen Heights: Columbus,Aspen Heights,Columbus,standard,1,1,2,2,130.41,260.82
b2ca2adc-53cb-11ea-9cef-b88a60e194fb,FSH-LTSX,orderid:989888,crmid:9269830157,2020-02-14T22:50:03.000Z,website,prd1119,1581807003,1581893403,2020-02-15T22:50:03+00:00,2020-02-16T22:50:03+00:00,Hospitality Inn: Turin,Hospitality Inn,Turin,standard,1,1,0,1,85.43,85.43
b2cb1558-53cb-11ea-a51a-b88a60e194fb,GT3-NVWZ,orderid:466177,crmid:9466710111,2020-01-05T16:09:04.000Z,website,prd1017,1578326944,1578413344,2020-01-06T16:09:04+00:00,2020-01-07T16:09:04+00:00,Sapphire Suites: Fort Worth,Sapphire Suites,Fort Worth,standard,1,1,0,1,142.97,142.97
b2cbffac-53cb-11ea-aad1-b88a60e194fb,ONV-21AA,orderid:771478,crmid:3100865300,2020-01-03T21:35:50.000Z,mobile,prd1105,1578173750,1578346550,2020-01-04T21:35:50+00:00,2020-01-06T21:35:50+00:00,Admiralty Plaza: Barcelona,Admiralty Plaza,Barcelona,standard,1,1,0,2,163.78,327.56
b2cd111c-53cb-11ea-8d60-b88a60e194fb,77K-OHRN,orderid:345291,crmid:7931258890,2020-01-21T08:04:58.000Z,kiosk,prd1057,1582185898,1583481898,2020-02-20T08:04:58+00:00,2020-03-06T08:04:58+00:00,Admiralty Plaza: Mumbai,Admiralty Plaza,Mumbai,premium,1,1,0,15,134.48,2017.2
b2cdfb76-53cb-11ea-b6a4-b88a60e194fb,SRK-ZOKY,orderid:787087,crmid:1733244871,2020-02-01T10:25:43.000Z,kiosk,prd1123,1582453543,1583317543,2020-02-23T10:25:43+00:00,2020-03-04T10:25:43+00:00,Family Fun Hotels: Amsterdam,Family Fun Hotels,Amsterdam,standard,1,1,0,10,108.79,1087.9
b2cf0d54-53cb-11ea-8037-b88a60e194fb,HLQ-KWVA,orderid:611705,crmid:8392363475,2020-01-18T22:46:35.000Z,website,prd1017,1580337995,1580942795,2020-01-29T22:46:35+00:00,2020-02-05T22:46:35+00:00,Sapphire Suites: Fort Worth,Sapphire Suites,Fort Worth,standard,1,1,0,7,139.32,975.24
b2d01e58-53cb-11ea-b9f6-b88a60e194fb,UEL-EUIQ,orderid:624396,crmid:7449291845,2020-01-19T20:24:32.000Z,kiosk,prd1009,1581625472,1582143872,2020-02-13T20:24:32+00:00,2020-02-19T20:24:32+00:00,Admiralty Plaza: San Antonio,Admiralty Plaza,San Antonio,standard,1,1,0,6,121.21,727.26
b2d10a1a-53cb-11ea-870d-b88a60e194fb,MQ5-FARO,orderid:686529,crmid:4104081646,2019-12-25T19:11:58.000Z,website,prd1109,1578424318,1579029118,2020-01-07T19:11:58+00:00,2020-01-14T19:11:58+00:00,Grandeur Hotels: Belgrade,Grandeur Hotels,Belgrade,standard,1,1,0,7,167.99,1175.93
b2d21b86-53cb-11ea-87d2-b88a60e194fb,5SR-HAGI,orderid:911721,crmid:6071759877,2019-12-11T00:43:23.000Z,service desk,prd1069,1577753003,1578789803,2019-12-31T00:43:23+00:00,2020-01-12T00:43:23+00:00,Admiralty Plaza: Singapore,Admiralty Plaza,Singapore,standard,1,1,0,12,173.5,2082.0
b2d304fa-53cb-11ea-9536-b88a60e194fb,DSC-3HFT,orderid:569706,crmid:9285680742,2020-01-10T16:56:02.000Z,kiosk,prd1159,1581094562,1581958562,2020-02-07T16:56:02+00:00,2020-02-17T16:56:02+00:00,Family Fun Hotels: Detroit,Family Fun Hotels,Detroit,premium,1,1,0,10,122.32,1223.2
b2d41612-53cb-11ea-95f3-b88a60e194fb,ZKJ-BYY5,orderid:550372,crmid:7133769706,2020-02-10T05:22:09.000Z,call center,prd1107,1582953729,1583817729,2020-02-29T05:22:09+00:00,2020-03-10T05:22:09+00:00,Hospitality Inn: Kharkiv,Hospitality Inn,Kharkiv,standard,1,1,0,10,172.23,1722.3
b2d528e2-53cb-11ea-9f2a-b88a60e194fb,J8E-EEEU,orderid:239743,crmid:5936877095,2019-12-08T20:22:39.000Z,kiosk,prd1106,1577737359,1578514959,2019-12-30T20:22:39+00:00,2020-01-08T20:22:39+00:00,Blue Reef Resort: Munich,Blue Reef Resort,Munich,standard,1,1,0,9,139.52,1255.68
b2d61328-53cb-11ea-86a5-b88a60e194fb,9F5-CKQH,orderid:834556,crmid:5788164732,2019-12-09T03:20:14.000Z,kiosk,prd1143,1577589614,1578367214,2019-12-29T03:20:14+00:00,2020-01-07T03:20:14+00:00,Hospitality Inn: San Antonio,Hospitality Inn,San Antonio,standard,1,1,0,9,108.65,977.85
b2d6fd92-53cb-11ea-818d-b88a60e194fb,I6L-BNHY,orderid:932859,crmid:2194650645,2020-02-15T19:33:23.000Z,website,prd1073,1583868803,1583955203,2020-03-10T19:33:23+00:00,2020-03-11T19:33:23+00:00,Grandeur Hotels: Lima,Grandeur Hotels,Lima,luxury,1,1,4,1,395.02,395.02
b2d83618-53cb-11ea-b753-b88a60e194fb,N0R-9UMO,orderid:826080,crmid:5073012097,2020-01-30T10:48:56.000Z,call center,prd1014,1582195736,1582454936,2020-02-20T10:48:56+00:00,2020-02-23T10:48:56+00:00,Restful Nights: Jacksonville,Restful Nights,Jacksonville,premium,1,1,4,3,158.45,475.35
b2d9205e-53cb-11ea-92ad-b88a60e194fb,NTA-POLS,orderid:696190,crmid:4531826786,2019-12-07T17:21:39.000Z,call center,prd1094,1575998499,1576084899,2019-12-10T17:21:39+00:00,2019-12-11T17:21:39+00:00,Blue Reef Resort: Berlin,Blue Reef Resort,Berlin,standard,1,1,0,1,102.74,102.74
b2da5914-53cb-11ea-9ee4-b88a60e194fb,5YN-IYZS,orderid:963617,crmid:6546159421,2020-01-16T11:03:02.000Z,website,prd1073,1579258982,1579345382,2020-01-17T11:03:02+00:00,2020-01-18T11:03:02+00:00,Grandeur Hotels: Lima,Grandeur Hotels,Lima,luxury,1,1,0,1,348.51,348.51
b2db1ae8-53cb-11ea-a23e-b88a60e194fb,FFO-UP1G,orderid:528085,crmid:3198836989,2020-02-06T16:26:05.000Z,kiosk,prd1136,1583511965,1583857565,2020-03-06T16:26:05+00:00,2020-03-10T16:26:05+00:00,Aspen Heights: Osaka,Aspen Heights,Osaka,standard,1,1,0,4,142.56,570.24
b2dbdf86-53cb-11ea-bd79-b88a60e194fb,UML-QGCE,orderid:557411,crmid:9370411668,2019-12-13T14:56:24.000Z,call center,prd1106,1576421784,1576508184,2019-12-15T14:56:24+00:00,2019-12-16T14:56:24+00:00,Blue Reef Resort: Munich,Blue Reef Resort,Munich,premium,1,1,0,1,173.75,173.75
b2dcef9a-53cb-11ea-ada8-b88a60e194fb,VMV-EEEO,orderid:660404,crmid:2402581926,2019-12-23T18:42:40.000Z,website,prd1130,1578940960,1579718560,2020-01-13T18:42:40+00:00,2020-01-22T18:42:40+00:00,Blue Reef Resort: Bremen,Blue Reef Resort,Bremen,standard,1,1,0,9,147.08,1323.72
b2dddb6e-53cb-11ea-9893-b88a60e194fb,RUV-I169,orderid:963058,crmid:4583438078,2020-02-07T03:41:00.000Z,kiosk,prd1119,1581392460,1582429260,2020-02-11T03:41:00+00:00,2020-02-23T03:41:00+00:00,Hospitality Inn: Turin,Hospitality Inn,Turin,standard,1,1,3,12,135.44,1625.28
b2df1418-53cb-11ea-9b47-b88a60e194fb,PRE-NFUE,orderid:614657,crmid:2828959728,2020-01-21T18:50:50.000Z,call center,prd1117,1581533450,1582743050,2020-02-12T18:50:50+00:00,2020-02-26T18:50:50+00:00,Admiralty Plaza: Dublin,Admiralty Plaza,Dublin,standard,1,1,0,14,145.89,2042.46
b2dfd724-53cb-11ea-ae1c-b88a60e194fb,M6E-AEQO,orderid:770518,crmid:4772767976,2019-12-23T13:49:20.000Z,service desk,prd1093,1577195360,1577281760,2019-12-24T13:49:20+00:00,2019-12-25T13:49:20+00:00,Admiralty Plaza: Yokohama,Admiralty Plaza,Yokohama,standard,1,1,0,1,178.02,178.02
b2e09ac8-53cb-11ea-8eb0-b88a60e194fb,9TQ-JX8T,orderid:208565,crmid:2838728108,2020-01-31T08:07:19.000Z,call center,prd1158,1582618039,1583309239,2020-02-25T08:07:19+00:00,2020-03-04T08:07:19+00:00,Restful Nights: El Paso,Restful Nights,El Paso,standard,1,1,0,8,157.53,1260.24
b2e1d2f8-53cb-11ea-a786-b88a60e194fb,EU2-QOTL,orderid:833230,crmid:2955479085,2019-12-31T07:24:53.000Z,kiosk,prd1058,1579764293,1580455493,2020-01-23T07:24:53+00:00,2020-01-31T07:24:53+00:00,Blue Reef Resort: Delhi,Blue Reef Resort,Delhi,standard,1,1,0,8,129.26,1034.08
b2e2bd86-53cb-11ea-b064-b88a60e194fb,CIV-ASPD,orderid:655730,crmid:6041963247,2020-02-08T16:31:20.000Z,call center,prd1139,1582043480,1582648280,2020-02-18T16:31:20+00:00,2020-02-25T16:31:20+00:00,Nesting Box Inn: Nairobi,Nesting Box Inn,Nairobi,standard,1,1,1,7,124.42,870.94
b2e3a7be-53cb-11ea-a45e-b88a60e194fb,IW5-VVKV,orderid:820648,crmid:6013352776,2019-12-23T01:56:02.000Z,website,prd1040,1579053362,1579658162,2020-01-15T01:56:02+00:00,2020-01-22T01:56:02+00:00,Aspen Heights: Atlanta,Aspen Heights,Atlanta,standard,1,1,2,7,103.76,726.32
b2e4c24a-53cb-11ea-badd-b88a60e194fb,YYP-Y10L,orderid:807176,crmid:9396043170,2020-01-14T08:50:43.000Z,kiosk,prd1133,1580979043,1582102243,2020-02-06T08:50:43+00:00,2020-02-19T08:50:43+00:00,Grandeur Hotels: Toronto,Grandeur Hotels,Toronto,premium,1,1,0,13,159.67,2075.71
b2e5a448-53cb-11ea-9100-b88a60e194fb,IGR-G9F1,orderid:380027,crmid:9642779037,2020-02-12T21:26:15.000Z,website,prd1057,1581629175,1581801975,2020-02-13T21:26:15+00:00,2020-02-15T21:26:15+00:00,Admiralty Plaza: Mumbai,Admiralty Plaza,Mumbai,standard,1,1,0,2,130.63,261.26
b2e701b4-53cb-11ea-b98f-b88a60e194fb,NYV-JCLN,orderid:233660,crmid:2469237764,2019-12-27T20:21:25.000Z,website,prd1052,1577737285,1578169285,2019-12-30T20:21:25+00:00,2020-01-04T20:21:25+00:00,Aspen Heights: Wichita,Aspen Heights,Wichita,premium,1,1,0,5,145.73,728.65
b2e8afe6-53cb-11ea-ab57-b88a60e194fb,JZ0-2JNF,orderid:567091,crmid:5181189816,2019-12-26T13:46:11.000Z,mobile,prd1088,1579873571,1581169571,2020-01-24T13:46:11+00:00,2020-02-08T13:46:11+00:00,Aspen Heights: Ankara,Aspen Heights,Ankara,standard,1,1,0,15,155.25,2328.75
b2e9c23a-53cb-11ea-9916-b88a60e194fb,6XZ-VOUF,orderid:556420,crmid:6536830016,2020-01-12T13:28:10.000Z,service desk,prd1141,1581168490,1581514090,2020-02-08T13:28:10+00:00,2020-02-12T13:28:10+00:00,Admiralty Plaza: Phoenix,Admiralty Plaza,Phoenix,standard,1,1,0,4,181.84,727.36
b2eaacdc-53cb-11ea-ad00-b88a60e194fb,PA3-IPWP,orderid:817275,crmid:9729620606,2020-01-19T23:59:20.000Z,call center,prd1009,1579996760,1580428760,2020-01-25T23:59:20+00:00,2020-01-30T23:59:20+00:00,Admiralty Plaza: San Antonio,Admiralty Plaza,San Antonio,premium,1,1,0,5,186.74,933.7
b2ebbe10-53cb-11ea-a53f-b88a60e194fb,9BN-LA0L,orderid:769009,crmid:1465441996,2020-01-29T09:34:45.000Z,service desk,prd1013,1580376885,1580463285,2020-01-30T09:34:45+00:00,2020-01-31T09:34:45+00:00,Grandeur Hotels: Austin,Grandeur Hotels,Austin,standard,1,1,0,1,133.49,133.49
b2eca718-53cb-11ea-b682-b88a60e194fb,SDJ-CUVE,orderid:482177,crmid:4272740928,2020-01-10T16:53:56.000Z,service desk,prd1071,1579798436,1581267236,2020-01-23T16:53:56+00:00,2020-02-09T16:53:56+00:00,Hospitality Inn: Seoul,Hospitality Inn,Seoul,standard,1,1,0,17,158.23,2689.91
b2ede0b0-53cb-11ea-a8c7-b88a60e194fb,JFR-UFG0,orderid:851037,crmid:9784654809,2019-12-16T06:39:26.000Z,website,prd1099,1576564766,1576737566,2019-12-17T06:39:26+00:00,2019-12-19T06:39:26+00:00,Family Fun Hotels: Bucharest,Family Fun Hotels,Bucharest,standard,1,1,0,2,139.01,278.02
b2eecb46-53cb-11ea-954f-b88a60e194fb,XHO-EISE,orderid:365125,crmid:4503762838,2020-02-15T13:56:08.000Z,kiosk,prd1178,1584280568,1584712568,2020-03-15T13:56:08+00:00,2020-03-20T13:56:08+00:00,Blue Reef Resort: Colorado Springs,Blue Reef Resort,Colorado Springs,standard,1,1,0,5,132.89,664.45
b2efdb5c-53cb-11ea-b9a5-b88a60e194fb,SBP-UY0L,orderid:689260,crmid:6729640716,2020-01-25T00:37:29.000Z,kiosk,prd1069,1579999049,1580085449,2020-01-26T00:37:29+00:00,2020-01-27T00:37:29+00:00,Admiralty Plaza: Singapore,Admiralty Plaza,Singapore,standard,1,1,0,1,147.01,147.01
b2f0c712-53cb-11ea-833f-b88a60e194fb,RJY-DJGB,orderid:267495,crmid:9124711887,2020-01-13T01:30:19.000Z,kiosk,prd1187,1581384619,1581730219,2020-02-11T01:30:19+00:00,2020-02-15T01:30:19+00:00,Nesting Box Inn: Cleveland,Nesting Box Inn,Cleveland,standard,1,1,0,4,146.51,586.04
b2f1b176-53cb-11ea-87ee-b88a60e194fb,BCM-RJLD,orderid:105258,crmid:6079644586,2019-12-11T02:31:43.000Z,mobile,prd1128,1576117903,1576204303,2019-12-12T02:31:43+00:00,2019-12-13T02:31:43+00:00,Repose Resort: Rotterdam,Repose Resort,Rotterdam,premium,1,1,0,1,173.66,173.66
b2f2737a-53cb-11ea-9866-b88a60e194fb,WVB-MWN5,orderid:252563,crmid:5572209138,2019-12-10T18:21:26.000Z,kiosk,prd1083,1577816486,1577902886,2019-12-31T18:21:26+00:00,2020-01-01T18:21:26+00:00,Hospitality Inn: Bangkok,Hospitality Inn,Bangkok,standard,1,1,0,1,117.0,117.0
b2f35f2c-53cb-11ea-9586-b88a60e194fb,987-SROL,orderid:521194,crmid:3871224409,2020-02-16T21:27:21.000Z,call center,prd1032,1583789241,1584739641,2020-03-09T21:27:21+00:00,2020-03-20T21:27:21+00:00,Repose Resort: Baltimore,Repose Resort,Baltimore,luxury,1,1,4,11,328.27,3610.97
b3119426-53cb-11ea-96a6-b88a60e194fb,TZX-IUOA,orderid:517751,crmid:3953664904,2020-02-12T02:57:02.000Z,call center,prd1131,1583722622,1584327422,2020-03-09T02:57:02+00:00,2020-03-16T02:57:02+00:00,Hospitality Inn: Sheffield,Hospitality Inn,Sheffield,standard,1,1,0,7,145.28,1016.96
b330dd74-53cb-11ea-a46b-b88a60e194fb,Y74-KZI7,orderid:303570,crmid:6969412088,2019-12-28T03:47:47.000Z,website,prd1021,1579664867,1580356067,2020-01-22T03:47:47+00:00,2020-01-30T03:47:47+00:00,Admiralty Plaza: Denver,Admiralty Plaza,Denver,premium,1,1,1,8,124.27,994.16
b331a0ba-53cb-11ea-9a93-b88a60e194fb,QZM-DY3M,orderid:380217,crmid:1119191352,2020-01-17T04:32:46.000Z,call center,prd1091,1579494766,1579753966,2020-01-20T04:32:46+00:00,2020-01-23T04:32:46+00:00,Nesting Box Inn: New Taipei,Nesting Box Inn,New Taipei,standard,1,1,0,3,178.79,536.37
b3330042-53cb-11ea-9d50-b88a60e194fb,CGX-6LTX,orderid:262046,crmid:6932303619,2019-12-17T11:39:53.000Z,website,prd1028,1576669193,1576928393,2019-12-18T11:39:53+00:00,2019-12-21T11:39:53+00:00,Aspen Heights: Portland,Aspen Heights,Portland,luxury,1,1,0,3,330.87,992.61
b333eaa4-53cb-11ea-9eab-b88a60e194fb,OKU-XCTE,orderid:290649,crmid:5345066009,2019-12-05T15:17:41.000Z,kiosk,prd1189,1575818261,1575991061,2019-12-08T15:17:41+00:00,2019-12-10T15:17:41+00:00,Admiralty Plaza: Bakersfield,Admiralty Plaza,Bakersfield,luxury,1,1,0,2,296.58,593.16
b334fc14-53cb-11ea-8302-b88a60e194fb,ENR-VP5R,orderid:340603,crmid:4544641814,2019-12-03T22:56:08.000Z,kiosk,prd1088,1575500168,1575759368,2019-12-04T22:56:08+00:00,2019-12-07T22:56:08+00:00,Aspen Heights: Ankara,Aspen Heights,Ankara,standard,1,1,0,3,141.57,424.71
b3365a74-53cb-11ea-b4cd-b88a60e194fb,EKF-JWA5,orderid:410047,crmid:9452437300,2020-01-14T10:19:23.000Z,website,prd1093,1581589163,1582280363,2020-02-13T10:19:23+00:00,2020-02-21T10:19:23+00:00,Admiralty Plaza: Yokohama,Admiralty Plaza,Yokohama,standard,1,1,0,8,137.86,1102.88
b337b9fe-53cb-11ea-bc14-b88a60e194fb,TEY-WAZB,orderid:465171,crmid:2002103547,2019-12-10T07:28:12.000Z,website,prd1005,1578122892,1578554892,2020-01-04T07:28:12+00:00,2020-01-09T07:28:12+00:00,Sapphire Suites: Los Angeles,Sapphire Suites,Los Angeles,premium,1,1,0,5,115.89,579.45
b338cc9c-53cb-11ea-bf66-b88a60e194fb,4SW-BKKC,orderid:560292,crmid:5388653327,2020-01-10T18:13:50.000Z,kiosk,prd1031,1580667230,1581012830,2020-02-02T18:13:50+00:00,2020-02-06T18:13:50+00:00,Nesting Box Inn: Louisville,Nesting Box Inn,Louisville,premium,1,1,0,4,150.94,603.76
b339b5be-53cb-11ea-8b61-b88a60e194fb,LZV-ZRJG,orderid:593635,crmid:9338790236,2020-01-31T11:25:24.000Z,kiosk,prd1107,1580556324,1580642724,2020-02-01T11:25:24+00:00,2020-02-02T11:25:24+00:00,Hospitality Inn: Kharkiv,Hospitality Inn,Kharkiv,standard,1,1,0,1,157.94,157.94
b33aa174-53cb-11ea-b9a2-b88a60e194fb,YGY-K5IK,orderid:178771,crmid:6912933954,2019-12-26T06:18:19.000Z,call center,prd1151,1579414699,1580969899,2020-01-19T06:18:19+00:00,2020-02-06T06:18:19+00:00,Nesting Box Inn: Fort Worth,Nesting Box Inn,Fort Worth,standard,1,1,0,18,171.95,3095.1
b33b64c2-53cb-11ea-ac9f-b88a60e194fb,LGM-HU4Q,orderid:960098,crmid:1046727500,2020-02-12T15:59:29.000Z,mobile,prd1059,1583942369,1584287969,2020-03-11T15:59:29+00:00,2020-03-15T15:59:29+00:00,Hospitality Inn: Kinshasa,Hospitality Inn,Kinshasa,standard,1,1,0,4,159.71,638.84
b33c7618-53cb-11ea-bd36-b88a60e194fb,ABY-HWDJ,orderid:864026,crmid:6805947222,2019-12-07T07:41:26.000Z,call center,prd1050,1575790886,1575963686,2019-12-08T07:41:26+00:00,2019-12-10T07:41:26+00:00,Restful Nights: Arlington,Restful Nights,Arlington,standard,1,1,0,2,99.13,198.26
b33d6074-53cb-11ea-a7ae-b88a60e194fb,SJO-I4HP,orderid:490186,crmid:9746520105,2020-02-03T13:15:55.000Z,call center,prd1105,1582204555,1582895755,2020-02-20T13:15:55+00:00,2020-02-28T13:15:55+00:00,Admiralty Plaza: Barcelona,Admiralty Plaza,Barcelona,premium,1,1,0,8,149.13,1193.04
b33e720a-53cb-11ea-bc51-b88a60e194fb,L7W-ORRX,orderid:350198,crmid:5341233586,2020-01-08T07:51:10.000Z,website,prd1081,1580629870,1581148270,2020-02-02T07:51:10+00:00,2020-02-08T07:51:10+00:00,Admiralty Plaza: Rod de Janeiro,Admiralty Plaza,Rod de Janeiro,standard,1,1,0,6,130.36,782.16
b33f825c-53cb-11ea-a4e4-b88a60e194fb,5PG-QPST,orderid:807624,crmid:5681507044,2020-01-30T05:31:42.000Z,website,prd1076,1580535102,1580621502,2020-02-01T05:31:42+00:00,2020-02-02T05:31:42+00:00,Aspen Heights: Bogota,Aspen Heights,Bogota,ultra-luxury,1,1,0,1,260.04,260.04
b3406cbe-53cb-11ea-ad87-b88a60e194fb,Q8G-KULY,orderid:155669,crmid:7358307795,2019-12-30T16:28:24.000Z,website,prd1143,1580142504,1580833704,2020-01-27T16:28:24+00:00,2020-02-04T16:28:24+00:00,Hospitality Inn: San Antonio,Hospitality Inn,San Antonio,standard,1,1,0,8,134.76,1078.08
b3415812-53cb-11ea-ba0d-b88a60e194fb,527-HMYH,orderid:822499,crmid:8406665774,2020-01-13T08:44:37.000Z,call center,prd1112,1581497077,1581842677,2020-02-12T08:44:37+00:00,2020-02-16T08:44:37+00:00,Aspen Heights: Birmingham,Aspen Heights,Birmingham,premium,1,1,0,4,174.0,696.0
b3424274-53cb-11ea-8154-b88a60e194fb,9EN-OZ1J,orderid:897639,crmid:3486391234,2019-12-13T03:47:42.000Z,kiosk,prd1109,1577072862,1577677662,2019-12-23T03:47:42+00:00,2019-12-30T03:47:42+00:00,Grandeur Hotels: Belgrade,Grandeur Hotels,Belgrade,premium,1,1,0,7,146.98,1028.86
b343528a-53cb-11ea-9ea6-b88a60e194fb,DJV-GSV6,orderid:281488,crmid:8392679945,2020-02-08T14:09:41.000Z,mobile,prd1067,1582898981,1583417381,2020-02-28T14:09:41+00:00,2020-03-05T14:09:41+00:00,Nesting Box Inn: Istanbul,Nesting Box Inn,Istanbul,standard,1,1,0,6,129.65,777.9
b3443ce6-53cb-11ea-8ee0-b88a60e194fb,MDM-GUEC,orderid:109682,crmid:6301091949,2020-01-16T08:22:00.000Z,website,prd1021,1579335720,1579508520,2020-01-18T08:22:00+00:00,2020-01-20T08:22:00+00:00,Admiralty Plaza: Denver,Admiralty Plaza,Denver,standard,1,1,0,2,131.82,263.64
b3452746-53cb-11ea-8939-b88a60e194fb,J82-LGPT,orderid:346380,crmid:9827363563,2020-01-03T08:47:27.000Z,mobile,prd1094,1580287647,1580892447,2020-01-29T08:47:27+00:00,2020-02-05T08:47:27+00:00,Blue Reef Resort: Berlin,Blue Reef Resort,Berlin,standard,1,1,0,7,133.86,937.02
b34611b4-53cb-11ea-a228-b88a60e194fb,6E0-XSEH,orderid:128130,crmid:7443492137,2019-12-01T22:14:34.000Z,website,prd1106,1576016074,1576534474,2019-12-10T22:14:34+00:00,2019-12-16T22:14:34+00:00,Blue Reef Resort: Munich,Blue Reef Resort,Munich,premium,1,1,0,6,166.1,996.6
b3472310-53cb-11ea-a0c8-b88a60e194fb,OO0-PSP8,orderid:786372,crmid:8210599342,2019-12-14T14:11:25.000Z,service desk,prd1002,1576505485,1576678285,2019-12-16T14:11:25+00:00,2019-12-18T14:11:25+00:00,Restful Nights: Chicago,Restful Nights,Chicago,premium,1,1,0,2,138.11,276.22
b3485cfa-53cb-11ea-a36f-b88a60e194fb,OWU-OGIN,orderid:797879,crmid:4732893456,2019-12-17T01:46:53.000Z,mobile,prd1064,1576633613,1576806413,2019-12-18T01:46:53+00:00,2019-12-20T01:46:53+00:00,Aspen Heights: Paris,Aspen Heights,Paris,premium,1,1,0,2,105.4,210.8
b3494662-53cb-11ea-ba22-b88a60e194fb,GLY-6LRF,orderid:848578,crmid:8491982929,2020-01-26T14:48:55.000Z,website,prd1026,1581000535,1581605335,2020-02-06T14:48:55+00:00,2020-02-13T14:48:55+00:00,Restful Nights: Nashville,Restful Nights,Nashville,standard,1,1,0,7,127.51,892.57
b34a7e68-53cb-11ea-8e26-b88a60e194fb,QBZ-DLYT,orderid:802803,crmid:5752693688,2020-01-31T14:56:52.000Z,mobile,prd1179,1582297012,1582901812,2020-02-21T14:56:52+00:00,2020-02-28T14:56:52+00:00,Hospitality Inn: Miami,Hospitality Inn,Miami,standard,1,1,0,7,150.09,1050.63
b34b68c6-53cb-11ea-8bf0-b88a60e194fb,J62-7NNC,orderid:525059,crmid:3314370124,2020-01-15T06:23:35.000Z,kiosk,prd1058,1580797415,1581488615,2020-02-04T06:23:35+00:00,2020-02-12T06:23:35+00:00,Blue Reef Resort: Delhi,Blue Reef Resort,Delhi,standard,1,1,0,8,140.83,1126.64
b34c2d82-53cb-11ea-bf82-b88a60e194fb,OAT-OLJO,orderid:430022,crmid:6598310767,2020-01-25T22:32:09.000Z,service desk,prd1189,1582237929,1582669929,2020-02-20T22:32:09+00:00,2020-02-25T22:32:09+00:00,Admiralty Plaza: Bakersfield,Admiralty Plaza,Bakersfield,presidential-suite,1,1,0,5,860.58,4302.9
b34d64e8-53cb-11ea-8d15-b88a60e194fb,QFP-4KUM,orderid:126442,crmid:4990879416,2020-01-21T21:09:31.000Z,kiosk,prd1167,1580159371,1580332171,2020-01-27T21:09:31+00:00,2020-01-29T21:09:31+00:00,Hospitality Inn: Milwaukee,Hospitality Inn,Milwaukee,premium,1,1,0,2,130.04,260.08
b34e7776-53cb-11ea-b2b6-b88a60e194fb,SSR-YVB7,orderid:719167,crmid:1990190983,2020-01-26T16:46:14.000Z,website,prd1127,1580316374,1580661974,2020-01-29T16:46:14+00:00,2020-02-02T16:46:14+00:00,Nesting Box Inn: Glasgow,Nesting Box Inn,Glasgow,premium,1,1,0,4,182.64,730.56
b34f6078-53cb-11ea-b07b-b88a60e194fb,EJS-9JM1,orderid:868551,crmid:5183827339,2019-12-26T00:42:58.000Z,kiosk,prd1052,1579394578,1579653778,2020-01-19T00:42:58+00:00,2020-01-22T00:42:58+00:00,Aspen Heights: Wichita,Aspen Heights,Wichita,standard,1,1,0,3,120.9,362.7
b3504ad4-53cb-11ea-97fd-b88a60e194fb,4UH-JTTE,orderid:573553,crmid:6022572324,2020-01-13T12:18:05.000Z,call center,prd1100,1581250685,1581769085,2020-02-09T12:18:05+00:00,2020-02-15T12:18:05+00:00,Aspen Heights: Misk,Aspen Heights,Misk,standard,1,1,0,6,98.25,589.5
b3513530-53cb-11ea-bd1f-b88a60e194fb,1A1-NGI6,orderid:838811,crmid:7899407726,2020-02-13T04:54:57.000Z,call center,prd1141,1583643297,1584852897,2020-03-08T04:54:57+00:00,2020-03-22T04:54:57+00:00,Admiralty Plaza: Phoenix,Admiralty Plaza,Phoenix,premium,1,1,0,14,113.46,1588.44
b352470a-53cb-11ea-93ba-b88a60e194fb,FH2-FMRE,orderid:241772,crmid:8926112944,2019-12-05T15:45:38.000Z,service desk,prd1117,1577807138,1578325538,2019-12-31T15:45:38+00:00,2020-01-06T15:45:38+00:00,Admiralty Plaza: Dublin,Admiralty Plaza,Dublin,standard,1,1,0,6,139.19,835.14
b3537fee-53cb-11ea-8e01-b88a60e194fb,LUU-8KWS,orderid:679732,crmid:6096196831,2019-12-31T18:38:41.000Z,kiosk,prd1097,1577903921,1578335921,2020-01-01T18:38:41+00:00,2020-01-06T18:38:41+00:00,Grandeur Hotels: Buenos Aires,Grandeur Hotels,Buenos Aires,premium,1,1,0,5,126.7,633.5
b3546988-53cb-11ea-bf59-b88a60e194fb,E7M-MAXE,orderid:341082,crmid:2073359209,2019-12-17T11:58:02.000Z,mobile,prd1016,1578830282,1579521482,2020-01-12T11:58:02+00:00,2020-01-20T11:58:02+00:00,Aspen Heights: Columbus,Aspen Heights,Columbus,standard,1,1,3,8,113.18,905.44
b35553e8-53cb-11ea-9cf3-b88a60e194fb,Q0O-Z4RR,orderid:523392,crmid:1258088124,2020-02-09T07:23:24.000Z,website,prd1153,1582788204,1583047404,2020-02-27T07:23:24+00:00,2020-03-01T07:23:24+00:00,Admiralty Plaza: Charlotte,Admiralty Plaza,Charlotte,standard,1,1,0,3,137.52,412.56
b3563e46-53cb-11ea-8675-b88a60e194fb,WE0-CV3E,orderid:876193,crmid:8412638957,2020-01-09T15:25:37.000Z,website,prd1145,1579361137,1579965937,2020-01-18T15:25:37+00:00,2020-01-25T15:25:37+00:00,Grandeur Hotels: Dallas,Grandeur Hotels,Dallas,standard,1,1,1,7,159.45,1116.15
b35728a8-53cb-11ea-ab86-b88a60e194fb,EOW-M8ZS,orderid:701124,crmid:4778521682,2019-12-25T15:16:59.000Z,kiosk,prd1052,1577546219,1577632619,2019-12-28T15:16:59+00:00,2019-12-29T15:16:59+00:00,Aspen Heights: Wichita,Aspen Heights,Wichita,standard,1,1,0,1,133.71,133.71
b358612c-53cb-11ea-ab2a-b88a60e194fb,6G2-W2DT,orderid:190815,crmid:5778589660,2020-01-17T18:07:19.000Z,call center,prd1057,1579370839,1579457239,2020-01-18T18:07:19+00:00,2020-01-19T18:07:19+00:00,Admiralty Plaza: Mumbai,Admiralty Plaza,Mumbai,standard,1,1,0,1,144.47,144.47
b3594b8a-53cb-11ea-b6c7-b88a60e194fb,FBZ-6DDA,orderid:717193,crmid:7104089503,2020-02-05T01:21:39.000Z,kiosk,prd1033,1581297699,1581816099,2020-02-10T01:21:39+00:00,2020-02-16T01:21:39+00:00,Admiralty Plaza: Milwaukee,Admiralty Plaza,Milwaukee,premium,1,1,0,6,160.9,965.4
b35a0ed8-53cb-11ea-808d-b88a60e194fb,496-B1KO,orderid:429495,crmid:6984145834,2020-01-15T01:40:05.000Z,website,prd1136,1581126005,1581730805,2020-02-08T01:40:05+00:00,2020-02-15T01:40:05+00:00,Aspen Heights: Osaka,Aspen Heights,Osaka,standard,1,1,0,7,124.85,873.95
b35b2040-53cb-11ea-a478-b88a60e194fb,WLH-RMQA,orderid:628085,crmid:1737351653,2020-01-29T08:22:00.000Z,call center,prd1196,1580458920,1580545320,2020-01-31T08:22:00+00:00,2020-02-01T08:22:00+00:00,Aspen Heights: Moscow,Aspen Heights,Moscow,standard,1,1,0,1,120.89,120.89
b35b2041-53cb-11ea-abf6-b88a60e194fb,KZ5-NMXE,orderid:411199,crmid:1737351653,2020-02-03T00:00:00.000Z,mobile,prd1152,1580774400,1581206400,2020-02-04T00:00:00+00:00,2020-02-09T00:00:00+00:00,Repose Resort: Indianapolis,Repose Resort,Indianapolis,premium,1,1,0,5,127.83,639.15
b35c0aa4-53cb-11ea-8390-b88a60e194fb,LS5-IFXH,orderid:617031,crmid:4798342596,2020-01-02T20:26:50.000Z,call center,prd1004,1578169610,1578342410,2020-01-04T20:26:50+00:00,2020-01-06T20:26:50+00:00,Aspen Heights: Boulder,Aspen Heights,Boulder,standard,1,1,0,2,148.88,297.76
b35d914a-53cb-11ea-bdea-b88a60e194fb,IQ8-PFMA,orderid:835382,crmid:8384638888,2019-12-18T13:10:34.000Z,mobile,prd1051,1576847434,1576933834,2019-12-20T13:10:34+00:00,2019-12-21T13:10:34+00:00,Family Fun Hotels: New Orleans,Family Fun Hotels,New Orleans,standard,1,1,0,1,145.06,145.06
b35e7ba6-53cb-11ea-9b36-b88a60e194fb,3UX-ESGP,orderid:134519,crmid:7717501658,2020-01-07T05:32:08.000Z,kiosk,prd1026,1578461528,1578720728,2020-01-08T05:32:08+00:00,2020-01-11T05:32:08+00:00,Restful Nights: Nashville,Restful Nights,Nashville,standard,1,1,0,3,124.36,373.08
b35f6608-53cb-11ea-84b8-b88a60e194fb,T0H-IM84,orderid:415823,crmid:8562763941,2020-01-10T14:43:54.000Z,service desk,prd1184,1578753834,1578840234,2020-01-11T14:43:54+00:00,2020-01-12T14:43:54+00:00,Aspen Heights: Arlington,Aspen Heights,Arlington,standard,1,1,0,1,133.89,133.89
b3605068-53cb-11ea-aba5-b88a60e194fb,P7L-QLCY,orderid:245787,crmid:5587882981,2019-12-15T04:40:02.000Z,kiosk,prd1169,1578631202,1579149602,2020-01-10T04:40:02+00:00,2020-01-16T04:40:02+00:00,Grandeur Hotels: Tucson,Grandeur Hotels,Tucson,standard,1,1,0,6,137.62,825.72
b36113b0-53cb-11ea-9ee4-b88a60e194fb,DE5-VZIV,orderid:795098,crmid:3481603406,2019-12-31T04:57:05.000Z,kiosk,prd1045,1579755425,1580360225,2020-01-23T04:57:05+00:00,2020-01-30T04:57:05+00:00,Admiralty Plaza: Miami,Admiralty Plaza,Miami,standard,1,1,0,7,197.04,1379.28
b3622526-53cb-11ea-936c-b88a60e194fb,Q2W-EYMK,orderid:633499,crmid:3426126252,2020-02-11T17:02:44.000Z,website,prd1112,1581613364,1581699764,2020-02-13T17:02:44+00:00,2020-02-14T17:02:44+00:00,Aspen Heights: Birmingham,Aspen Heights,Birmingham,standard,1,1,0,1,143.77,143.77
b36384b4-53cb-11ea-aad0-b88a60e194fb,SOB-2DGH,orderid:203156,crmid:3053426319,2019-12-25T16:27:08.000Z,kiosk,prd1063,1577464028,1577809628,2019-12-27T16:27:08+00:00,2019-12-31T16:27:08+00:00,Family Fun Hotels: London,Family Fun Hotels,London,premium,1,1,0,4,142.19,568.76
b3646f14-53cb-11ea-ac4a-b88a60e194fb,ET2-HM6Y,orderid:825833,crmid:5795800544,2019-12-26T10:01:50.000Z,website,prd1064,1577440910,1577959310,2019-12-27T10:01:50+00:00,2020-01-02T10:01:50+00:00,Aspen Heights: Paris,Aspen Heights,Paris,standard,1,1,0,6,140.41,842.46
b3655968-53cb-11ea-8932-b88a60e194fb,WAM-MGG8,orderid:529667,crmid:3610296420,2019-12-09T08:51:35.000Z,mobile,prd1110,1577868695,1578473495,2020-01-01T08:51:35+00:00,2020-01-08T08:51:35+00:00,Restful Nights: Sofia,Restful Nights,Sofia,premium,1,1,1,7,114.65,802.55
b3666b46-53cb-11ea-a658-b88a60e194fb,PSR-D6YQ,orderid:248185,crmid:2482705669,2020-02-05T12:00:38.000Z,call center,prd1137,1580990438,1581422438,2020-02-06T12:00:38+00:00,2020-02-11T12:00:38+00:00,Sapphire Suites: Manila,Sapphire Suites,Manila,standard,1,1,0,5,158.99,794.95
b367a35a-53cb-11ea-9d42-b88a60e194fb,4JL-P22K,orderid:317650,crmid:9545670010,2019-12-26T01:49:03.000Z,website,prd1062,1578793743,1579484943,2020-01-12T01:49:03+00:00,2020-01-20T01:49:03+00:00,Restful Nights: Moscow,Restful Nights,Moscow,standard,1,1,0,8,126.98,1015.84
b368dbda-53cb-11ea-805d-b88a60e194fb,72Q-8URL,orderid:947659,crmid:6228276293,2020-02-03T07:13:55.000Z,call center,prd1184,1580800435,1580973235,2020-02-04T07:13:55+00:00,2020-02-06T07:13:55+00:00,Aspen Heights: Arlington,Aspen Heights,Arlington,standard,1,1,0,2,111.03,222.06
b369ed4c-53cb-11ea-9f62-b88a60e194fb,GA5-QEKV,orderid:386971,crmid:6697762286,2020-01-01T22:55:21.000Z,service desk,prd1005,1578610521,1578956121,2020-01-09T22:55:21+00:00,2020-01-13T22:55:21+00:00,Sapphire Suites: Los Angeles,Sapphire Suites,Los Angeles,premium,1,1,0,4,82.75,331.0
b36ab098-53cb-11ea-9831-b88a60e194fb,6X9-UP9Y,orderid:791251,crmid:6833092133,2020-01-07T16:23:01.000Z,mobile,prd1046,1580487781,1580746981,2020-01-31T16:23:01+00:00,2020-02-03T16:23:01+00:00,Blue Reef Resort: Virginia Beach,Blue Reef Resort,Virginia Beach,standard,1,1,0,3,117.79,353.37
b36b9aec-53cb-11ea-9fae-b88a60e194fb,DKL-O93M,orderid:702619,crmid:6814039638,2019-12-08T15:37:59.000Z,kiosk,prd1016,1575905879,1575992279,2019-12-09T15:37:59+00:00,2019-12-10T15:37:59+00:00,Aspen Heights: Columbus,Aspen Heights,Columbus,standard,1,1,0,1,143.05,143.05
b36bc214-53cb-11ea-b6a3-b88a60e194fb,OQX-WRL3,orderid:443354,crmid:6814039638,2019-12-11T00:00:00.000Z,kiosk,prd1190,1576108800,1576368000,2019-12-12T00:00:00+00:00,2019-12-15T00:00:00+00:00,Blue Reef Resort: Aurora,Blue Reef Resort,Aurora,premium,1,1,0,3,147.27,441.81
b36cac62-53cb-11ea-9c0c-b88a60e194fb,XYA-6MCE,orderid:551054,crmid:2510828480,2020-02-14T21:46:10.000Z,kiosk,prd1105,1582321570,1583185570,2020-02-21T21:46:10+00:00,2020-03-02T21:46:10+00:00,Admiralty Plaza: Barcelona,Admiralty Plaza,Barcelona,standard,1,1,0,10,130.0,1300.0
b36de502-53cb-11ea-9ebf-b88a60e194fb,YYW-SGHZ,orderid:208255,crmid:1971788534,2019-12-31T17:02:18.000Z,call center,prd1109,1579194138,1580144538,2020-01-16T17:02:18+00:00,2020-01-27T17:02:18+00:00,Grandeur Hotels: Belgrade,Grandeur Hotels,Belgrade,standard,1,1,1,11,182.76,2010.36
b36ed0b6-53cb-11ea-b772-b88a60e194fb,ELQ-HF6K,orderid:609461,crmid:9266534607,2019-12-15T04:57:18.000Z,kiosk,prd1142,1578200238,1578977838,2020-01-05T04:57:18+00:00,2020-01-14T04:57:18+00:00,Blue Reef Resort: Philadelphia,Blue Reef Resort,Philadelphia,standard,1,1,0,9,133.23,1199.07
b36f940a-53cb-11ea-8d82-b88a60e194fb,OJI-AX8B,orderid:750826,crmid:4040152972,2020-01-03T08:04:36.000Z,website,prd1167,1578384276,1578470676,2020-01-07T08:04:36+00:00,2020-01-08T08:04:36+00:00,Hospitality Inn: Milwaukee,Hospitality Inn,Milwaukee,standard,1,1,0,1,152.53,152.53
b3707e66-53cb-11ea-8143-b88a60e194fb,QBY-BWOB,orderid:980578,crmid:1460709503,2019-12-14T20:52:19.000Z,kiosk,prd1109,1576443139,1576615939,2019-12-15T20:52:19+00:00,2019-12-17T20:52:19+00:00,Grandeur Hotels: Belgrade,Grandeur Hotels,Belgrade,standard,1,1,0,2,177.16,354.32
b3718e9c-53cb-11ea-ae9f-b88a60e194fb,87P-AAXJ,orderid:908984,crmid:7670134838,2020-01-13T20:37:21.000Z,kiosk,prd1038,1581107841,1582058241,2020-02-07T20:37:21+00:00,2020-02-18T20:37:21+00:00,Restful Nights: Mesa,Restful Nights,Mesa,premium,1,1,0,11,162.21,1784.31
b372c6f6-53cb-11ea-978e-b88a60e194fb,6U5-ZUHS,orderid:640285,crmid:7816992177,2020-01-18T23:54:35.000Z,website,prd1041,1579478075,1579823675,2020-01-19T23:54:35+00:00,2020-01-23T23:54:35+00:00,Sapphire Suites: Long Beach,Sapphire Suites,Long Beach,standard,1,1,0,4,132.53,530.12
b373d866-53cb-11ea-b597-b88a60e194fb,8GP-YHGV,orderid:136097,crmid:9693257696,2019-12-25T20:40:41.000Z,kiosk,prd1178,1577565641,1577652041,2019-12-28T20:40:41+00:00,2019-12-29T20:40:41+00:00,Blue Reef Resort: Colorado Springs,Blue Reef Resort,Colorado Springs,luxury,1,1,0,1,272.68,272.68
b374c2c0-53cb-11ea-86b3-b88a60e194fb,MHQ-DIWK,orderid:964087,crmid:1609921144,2020-02-09T13:04:13.000Z,website,prd1184,1581426253,1581512653,2020-02-11T13:04:13+00:00,2020-02-12T13:04:13+00:00,Aspen Heights: Arlington,Aspen Heights,Arlington,standard,1,1,0,1,122.54,122.54
b375ad24-53cb-11ea-882d-b88a60e194fb,C91-5LMH,orderid:910005,crmid:7773405558,2020-01-15T05:47:54.000Z,kiosk,prd1124,1579153674,1579326474,2020-01-16T05:47:54+00:00,2020-01-18T05:47:54+00:00,Aspen Heights: Leeds,Aspen Heights,Leeds,standard,1,1,0,2,131.31,262.62
b376bff6-53cb-11ea-be7a-b88a60e194fb,OZF-FYLX,orderid:725825,crmid:8610865367,2020-01-17T04:51:04.000Z,website,prd1191,1579409464,1579582264,2020-01-19T04:51:04+00:00,2020-01-21T04:51:04+00:00,Hospitality Inn: Mumbai,Hospitality Inn,Mumbai,standard,1,1,0,2,151.2,302.4
b376bff7-53cb-11ea-86a8-b88a60e194fb,E2C-MI1X,orderid:371234,crmid:8610865367,2020-01-22T00:00:00.000Z,kiosk,prd1177,1579737600,1579996800,2020-01-23T00:00:00+00:00,2020-01-26T00:00:00+00:00,Admiralty Plaza: Raleigh,Admiralty Plaza,Raleigh,premium,1,1,0,3,154.21,462.63
b377aa76-53cb-11ea-b184-b88a60e194fb,1KP-UFQE,orderid:779370,crmid:5628879891,2020-01-17T17:02:35.000Z,website,prd1033,1579366955,1579539755,2020-01-18T17:02:35+00:00,2020-01-20T17:02:35+00:00,Admiralty Plaza: Milwaukee,Admiralty Plaza,Milwaukee,luxury,1,1,0,2,313.57,627.14
b3786dc0-53cb-11ea-bcfd-b88a60e194fb,BIU-NVJA,orderid:651022,crmid:3571189096,2020-02-07T12:38:20.000Z,website,prd1100,1582807100,1583325500,2020-02-27T12:38:20+00:00,2020-03-04T12:38:20+00:00,Aspen Heights: Misk,Aspen Heights,Misk,standard,1,1,0,6,150.51,903.06
b3797f54-53cb-11ea-95dc-b88a60e194fb,SY8-J2SN,orderid:468835,crmid:6803269146,2019-12-05T18:20:37.000Z,website,prd1133,1577557237,1578248437,2019-12-28T18:20:37+00:00,2020-01-05T18:20:37+00:00,Grandeur Hotels: Toronto,Grandeur Hotels,Toronto,standard,1,1,4,8,150.67,1205.36
b37a9092-53cb-11ea-a574-b88a60e194fb,QUZ-OH0X,orderid:245089,crmid:4169065508,2020-01-10T05:17:58.000Z,website,prd1123,1580707078,1581311878,2020-02-03T05:17:58+00:00,2020-02-10T05:17:58+00:00,Family Fun Hotels: Amsterdam,Family Fun Hotels,Amsterdam,luxury,1,1,0,7,318.09,2226.63
b37b53e8-53cb-11ea-8e1f-b88a60e194fb,VL3-8WV7,orderid:502132,crmid:9461452695,2019-12-07T19:17:13.000Z,website,prd1093,1576437433,1576955833,2019-12-15T19:17:13+00:00,2019-12-21T19:17:13+00:00,Admiralty Plaza: Yokohama,Admiralty Plaza,Yokohama,standard,1,1,0,6,135.35,812.1
b37c6552-53cb-11ea-b054-b88a60e194fb,G1T-WD2O,orderid:244480,crmid:8514020490,2020-01-13T05:37:34.000Z,kiosk,prd1049,1578980254,1579239454,2020-01-14T05:37:34+00:00,2020-01-17T05:37:34+00:00,Grandeur Hotels: Tulsa,Grandeur Hotels,Tulsa,premium,1,1,0,3,153.23,459.69
b3800df6-53cb-11ea-a155-b88a60e194fb,MVT-NROD,orderid:427982,crmid:5697235930,2019-12-25T08:09:28.000Z,kiosk,prd1117,1577347768,1577434168,2019-12-26T08:09:28+00:00,2019-12-27T08:09:28+00:00,Admiralty Plaza: Dublin,Admiralty Plaza,Dublin,standard,1,1,0,1,142.14,142.14
b381bb40-53cb-11ea-ac07-b88a60e194fb,SYT-NNNF,orderid:747317,crmid:3538647304,2020-02-12T15:53:50.000Z,call center,prd1167,1582127630,1583078030,2020-02-19T15:53:50+00:00,2020-03-01T15:53:50+00:00,Hospitality Inn: Milwaukee,Hospitality Inn,Milwaukee,standard,1,1,0,11,152.97,1682.67
b382f3b8-53cb-11ea-87ef-b88a60e194fb,FL0-OKKY,orderid:350611,crmid:2630007264,2019-12-25T21:31:36.000Z,website,prd1035,1579037496,1579296696,2020-01-14T21:31:36+00:00,2020-01-17T21:31:36+00:00,Hospitality Inn: Tucson,Hospitality Inn,Tucson,premium,1,1,0,3,152.25,456.75
b3840530-53cb-11ea-b0b6-b88a60e194fb,XW3-25Y8,orderid:337380,crmid:9049846226,2020-01-18T03:22:37.000Z,service desk,prd1005,1581477757,1582428157,2020-02-12T03:22:37+00:00,2020-02-23T03:22:37+00:00,Sapphire Suites: Los Angeles,Sapphire Suites,Los Angeles,standard,1,1,0,11,149.25,1641.75
b384ef92-53cb-11ea-8fb6-b88a60e194fb,XOO-C8WT,orderid:251793,crmid:7104719176,2019-12-18T15:24:30.000Z,website,prd1166,1578410670,1579015470,2020-01-07T15:24:30+00:00,2020-01-14T15:24:30+00:00,Blue Reef Resort: Baltimore,Blue Reef Resort,Baltimore,premium,1,1,0,7,160.37,1122.59
b385da9c-53cb-11ea-a8cf-b88a60e194fb,GD9-ZUTK,orderid:314148,crmid:6115663221,2019-12-09T07:40:17.000Z,service desk,prd1121,1578037217,1578382817,2020-01-03T07:40:17+00:00,2020-01-07T07:40:17+00:00,Grandeur Hotels: Stockholm,Grandeur Hotels,Stockholm,standard,1,1,2,4,155.72,622.88
b3871276-53cb-11ea-bfc7-b88a60e194fb,DAK-S6QY,orderid:719764,crmid:8112679597,2019-12-17T02:39:27.000Z,mobile,prd1141,1576636767,1576723167,2019-12-18T02:39:27+00:00,2019-12-19T02:39:27+00:00,Admiralty Plaza: Phoenix,Admiralty Plaza,Phoenix,standard,1,1,0,1,144.18,144.18
b387fcd4-53cb-11ea-a4b6-b88a60e194fb,WYH-WFCZ,orderid:436779,crmid:4441751738,2020-02-16T01:12:57.000Z,call center,prd1167,1581988377,1582161177,2020-02-18T01:12:57+00:00,2020-02-20T01:12:57+00:00,Hospitality Inn: Milwaukee,Hospitality Inn,Milwaukee,standard,1,1,0,2,170.57,341.14
b388e74a-53cb-11ea-b7cc-b88a60e194fb,6W3-NI5F,orderid:619613,crmid:1504032597,2020-02-16T20:00:19.000Z,mobile,prd1071,1581969619,1582142419,2020-02-17T20:00:19+00:00,2020-02-19T20:00:19+00:00,Hospitality Inn: Seoul,Hospitality Inn,Seoul,luxury,1,1,0,2,320.58,641.16
b389d192-53cb-11ea-9db8-b88a60e194fb,PFT-ACCA,orderid:885475,crmid:9382576419,2019-12-18T20:27:22.000Z,mobile,prd1130,1576787242,1576873642,2019-12-19T20:27:22+00:00,2019-12-20T20:27:22+00:00,Blue Reef Resort: Bremen,Blue Reef Resort,Bremen,standard,1,1,0,1,117.64,117.64
b38b09f8-53cb-11ea-b55e-b88a60e194fb,FPS-F8C4,orderid:230976,crmid:2607797424,2019-12-06T08:21:30.000Z,mobile,prd1037,1575706890,1575793290,2019-12-07T08:21:30+00:00,2019-12-08T08:21:30+00:00,Grandeur Hotels: Sacramento,Grandeur Hotels,Sacramento,standard,1,1,0,1,133.44,133.44
b38bce98-53cb-11ea-940f-b88a60e194fb,Q5T-KV6I,orderid:437803,crmid:6151309688,2020-02-11T20:55:30.000Z,website,prd1046,1583873730,1584132930,2020-03-10T20:55:30+00:00,2020-03-13T20:55:30+00:00,Blue Reef Resort: Virginia Beach,Blue Reef Resort,Virginia Beach,standard,1,1,2,3,93.9,281.7
b38d0624-53cb-11ea-8368-b88a60e194fb,VO8-FV0G,orderid:614263,crmid:4229856436,2020-01-15T03:28:03.000Z,service desk,prd1057,1579231683,1579318083,2020-01-17T03:28:03+00:00,2020-01-18T03:28:03+00:00,Admiralty Plaza: Mumbai,Admiralty Plaza,Mumbai,standard,1,1,0,1,136.72,136.72
b38df194-53cb-11ea-9e70-b88a60e194fb,U8Q-HLHW,orderid:983213,crmid:7769063270,2020-01-09T13:14:45.000Z,website,prd1010,1578662085,1578748485,2020-01-10T13:14:45+00:00,2020-01-11T13:14:45+00:00,Blue Reef Resort: San Diego,Blue Reef Resort,San Diego,standard,1,1,0,1,175.74,175.74
b38edae2-53cb-11ea-8479-b88a60e194fb,6ZC-RPEV,orderid:394791,crmid:7434848429,2020-01-10T12:08:35.000Z,call center,prd1035,1578744515,1579003715,2020-01-11T12:08:35+00:00,2020-01-14T12:08:35+00:00,Hospitality Inn: Tucson,Hospitality Inn,Tucson,standard,1,1,0,3,122.41,367.23
b38f9f2e-53cb-11ea-bf05-b88a60e194fb,TUL-NVQ6,orderid:536002,crmid:2512760993,2019-12-17T12:23:37.000Z,website,prd1160,1578313417,1578572617,2020-01-06T12:23:37+00:00,2020-01-09T12:23:37+00:00,Aspen Heights: Nashville,Aspen Heights,Nashville,standard,1,1,0,3,136.6,409.8
b3908a54-53cb-11ea-b8a9-b88a60e194fb,VKQ-AG9F,orderid:305434,crmid:4252181519,2019-12-02T19:57:33.000Z,service desk,prd1016,1575575853,1576007853,2019-12-05T19:57:33+00:00,2019-12-10T19:57:33+00:00,Aspen Heights: Columbus,Aspen Heights,Columbus,standard,1,1,0,5,163.5,817.5
b391c0a4-53cb-11ea-90ea-b88a60e194fb,ERF-C2DG,orderid:140621,crmid:1426626280,2020-01-14T18:21:19.000Z,mobile,prd1177,1580754079,1581358879,2020-02-03T18:21:19+00:00,2020-02-10T18:21:19+00:00,Admiralty Plaza: Raleigh,Admiralty Plaza,Raleigh,standard,1,1,0,7,120.9,846.3
b392d210-53cb-11ea-8ecc-b88a60e194fb,6VZ-XLE1,orderid:226763,crmid:2226283485,2019-12-30T21:29:22.000Z,website,prd1094,1579642162,1580333362,2020-01-21T21:29:22+00:00,2020-01-29T21:29:22+00:00,Blue Reef Resort: Berlin,Blue Reef Resort,Berlin,standard,1,1,0,8,134.49,1075.92
b393bc76-53cb-11ea-a932-b88a60e194fb,A7C-G0RZ,orderid:348666,crmid:7948795437,2019-12-28T08:09:51.000Z,kiosk,prd1117,1579853391,1580458191,2020-01-24T08:09:51+00:00,2020-01-31T08:09:51+00:00,Admiralty Plaza: Dublin,Admiralty Plaza,Dublin,standard,1,1,0,7,130.04,910.28
b394a836-53cb-11ea-8188-b88a60e194fb,5KZ-VL7T,orderid:862678,crmid:6071789080,2020-01-27T14:12:06.000Z,website,prd1082,1581171126,1581689526,2020-02-08T14:12:06+00:00,2020-02-14T14:12:06+00:00,Blue Reef Resort: Surat,Blue Reef Resort,Surat,premium,1,1,0,6,110.07,660.42
b395e0ae-53cb-11ea-81c6-b88a60e194fb,DZG-VW0I,orderid:645352,crmid:2422540181,2020-02-05T18:12:02.000Z,kiosk,prd1071,1582222322,1582740722,2020-02-20T18:12:02+00:00,2020-02-26T18:12:02+00:00,Hospitality Inn: Seoul,Hospitality Inn,Seoul,premium,1,1,0,6,122.12,732.72
b396cb1a-53cb-11ea-88ea-b88a60e194fb,ZVB-PGVA,orderid:965135,crmid:4350287606,2019-12-04T05:21:53.000Z,mobile,prd1059,1577596913,1578028913,2019-12-29T05:21:53+00:00,2020-01-03T05:21:53+00:00,Hospitality Inn: Kinshasa,Hospitality Inn,Kinshasa,premium,1,1,0,5,175.16,875.8
b398039a-53cb-11ea-8dee-b88a60e194fb,VQC-CCKY,orderid:950160,crmid:8681969620,2020-01-31T03:00:59.000Z,kiosk,prd1193,1582167659,1583031659,2020-02-20T03:00:59+00:00,2020-03-01T03:00:59+00:00,Grandeur Hotels: Kinshasa,Grandeur Hotels,Kinshasa,standard,1,1,0,10,107.32,1073.2
b398c70c-53cb-11ea-a393-b88a60e194fb,IDH-VOCB,orderid:272922,crmid:6022922447,2019-12-04T02:29:13.000Z,website,prd1177,1577845753,1579141753,2020-01-01T02:29:13+00:00,2020-01-16T02:29:13+00:00,Admiralty Plaza: Raleigh,Admiralty Plaza,Raleigh,luxury,1,1,0,15,311.28,4669.2
b399b14c-53cb-11ea-9747-b88a60e194fb,AV3-J8EY,orderid:472307,crmid:5147696199,2019-12-18T09:46:34.000Z,kiosk,prd1139,1577007994,1577094394,2019-12-22T09:46:34+00:00,2019-12-23T09:46:34+00:00,Nesting Box Inn: Nairobi,Nesting Box Inn,Nairobi,premium,1,1,0,1,107.46,107.46
b39a9bba-53cb-11ea-a32a-b88a60e194fb,GNI-DTJK,orderid:814183,crmid:5886843228,2019-12-24T23:34:31.000Z,kiosk,prd1043,1578180871,1578526471,2020-01-04T23:34:31+00:00,2020-01-08T23:34:31+00:00,Nesting Box Inn: Raleigh,Nesting Box Inn,Raleigh,standard,1,1,4,4,102.78,411.12
b39babae-53cb-11ea-997f-b88a60e194fb,CMU-MRL1,orderid:694329,crmid:8094364972,2020-02-13T15:54:11.000Z,mobile,prd1022,1583682851,1584892451,2020-03-08T15:54:11+00:00,2020-03-22T15:54:11+00:00,Blue Reef Resort: Washington DC,Blue Reef Resort,Washington DC,standard,1,1,0,14,102.17,1430.38
b39c9770-53cb-11ea-8f87-b88a60e194fb,UDU-678U,orderid:385518,crmid:1877915083,2020-01-07T08:11:39.000Z,website,prd1093,1578471099,1578557499,2020-01-08T08:11:39+00:00,2020-01-09T08:11:39+00:00,Admiralty Plaza: Yokohama,Admiralty Plaza,Yokohama,standard,1,1,0,1,150.25,150.25
