id,reservationid,orderid,crmid,timestamporderType,productsku,hotelCheckInUnix,hotelCheckOutUnix,hotelCheckInTS,hotelCheckOutTS,hotelName,hotelChain,hotelLocation,hotelRoomType,hotelRoomCount,hotelGuestAdultCount,hotelGuestChildCount,hotelNightCount,hotelRoomPrice,hotelFinalPrice
orderid:836689,0H6-T516,orderid:836689,crmid:8210965342,2020-01-31T18:00:45.000Z,website,prd1004,1581098445,1582048845,2020-02-07T18:00:45+00:00,2020-02-18T18:00:45+00:00,Aspen Heights: Boulder,Aspen Heights,Boulder,standard,1,1,0,11,138.07,1518.77
orderid:341985,FE6-S81K,orderid:341985,crmid:8579875505,2020-01-29T18:23:45.000Z,mobile,prd1176,1581877425,1582482225,2020-02-16T18:23:45+00:00,2020-02-23T18:23:45+00:00,Repose Resort: Omaha,Repose Resort,Omaha,premium,1,1,3,7,122.94,860.58
orderid:766410,RB1-HETW,orderid:766410,crmid:1997432207,2019-12-18T18:46:28.000Z,call center,prd1100,1577385988,1578422788,2019-12-26T18:46:28+00:00,2020-01-07T18:46:28+00:00,Aspen Heights: Misk,Aspen Heights,Misk,standard,1,1,3,12,167.8,2013.6
orderid:610962,QUR-ZZ2X,orderid:610962,crmid:6329904467,2019-12-02T21:00:40.000Z,mobile,prd1069,1575666040,1576530040,2019-12-06T21:00:40+00:00,2019-12-16T21:00:40+00:00,Admiralty Plaza: Singapore,Admiralty Plaza,Singapore,premium,1,1,0,10,171.67,1716.7
orderid:855602,EPA-GAVE,orderid:855602,crmid:3757468733,2020-02-08T19:47:29.000Z,call center,prd1083,1583524049,1584215249,2020-03-06T19:47:29+00:00,2020-03-14T19:47:29+00:00,Hospitality Inn: Bangkok,Hospitality Inn,Bangkok,standard,1,1,3,8,121.85,974.8
orderid:508473,YHJ-2J5C,orderid:508473,crmid:3794055366,2019-12-16T11:51:27.000Z,call center,prd1069,1576583487,1576842687,2019-12-17T11:51:27+00:00,2019-12-20T11:51:27+00:00,Admiralty Plaza: Singapore,Admiralty Plaza,Singapore,standard,1,1,0,3,134.99,404.97
orderid:813671,FMZ-2YLB,orderid:813671,crmid:6575570209,2020-02-14T18:05:27.000Z,service desk,prd1059,1584036327,1584727527,2020-03-12T18:05:27+00:00,2020-03-20T18:05:27+00:00,Hospitality Inn: Kinshasa,Hospitality Inn,Kinshasa,standard,1,1,3,8,137.93,1103.44
orderid:539269,7JE-JMTN,orderid:539269,crmid:6601595215,2019-12-23T08:31:57.000Z,kiosk,prd1093,1577262717,1577349117,2019-12-25T08:31:57+00:00,2019-12-26T08:31:57+00:00,Admiralty Plaza: Yokohama,Admiralty Plaza,Yokohama,ultra-luxury,1,1,0,1,334.07,334.07
orderid:871785,SMV-REZ8,orderid:871785,crmid:8024056766,2019-12-16T07:51:29.000Z,website,prd1151,1576828289,1577519489,2019-12-20T07:51:29+00:00,2019-12-28T07:51:29+00:00,Nesting Box Inn: Fort Worth,Nesting Box Inn,Fort Worth,standard,1,1,0,8,145.53,1164.24
orderid:618222,TZW-D1HY,orderid:618222,crmid:5249575322,2019-12-21T07:55:45.000Z,call center,prd1021,1577087745,1577260545,2019-12-23T07:55:45+00:00,2019-12-25T07:55:45+00:00,Admiralty Plaza: Denver,Admiralty Plaza,Denver,standard,1,1,0,2,151.0,302.0
orderid:976120,H3F-LYO2,orderid:976120,crmid:6918032845,2020-01-25T21:16:51.000Z,service desk,prd1025,1582233411,1583443011,2020-02-20T21:16:51+00:00,2020-03-05T21:16:51+00:00,Grandeur Hotels: Detroit,Grandeur Hotels,Detroit,standard,1,1,0,14,155.51,2177.14
orderid:276470,VDH-AKAH,orderid:276470,crmid:9613445622,2020-01-13T01:03:00.000Z,mobile,prd1133,1580432580,1580950980,2020-01-31T01:03:00+00:00,2020-02-06T01:03:00+00:00,Grandeur Hotels: Toronto,Grandeur Hotels,Toronto,standard,1,1,0,6,119.15,714.9
orderid:727592,QOW-PYAR,orderid:727592,crmid:9787299520,2020-01-12T05:58:22.000Z,kiosk,prd1068,1579327102,1580018302,2020-01-18T05:58:22+00:00,2020-01-26T05:58:22+00:00,Repose Resort: Dhaka,Repose Resort,Dhaka,standard,1,1,0,8,149.51,1196.08
orderid:300114,9WE-IQQU,orderid:300114,crmid:1778885896,2019-12-12T04:09:52.000Z,kiosk,prd1098,1578283792,1579061392,2020-01-06T04:09:52+00:00,2020-01-15T04:09:52+00:00,Restful Nights: Kiev,Restful Nights,Kiev,premium,1,1,3,9,134.63,1211.67
orderid:197631,T1C-CFMK,orderid:197631,crmid:4792048943,2020-02-10T11:26:03.000Z,website,prd1045,1581593163,1581938763,2020-02-13T11:26:03+00:00,2020-02-17T11:26:03+00:00,Admiralty Plaza: Miami,Admiralty Plaza,Miami,standard,1,1,0,4,99.96,399.84
orderid:195666,7JP-KLQS,orderid:195666,crmid:7825099975,2019-12-31T19:17:02.000Z,website,prd1104,1577906222,1577992622,2020-01-01T19:17:02+00:00,2020-01-02T19:17:02+00:00,Repose Resort: Warsaw,Repose Resort,Warsaw,ultra-luxury,1,1,0,1,384.31,384.31
orderid:888236,8SH-G5HX,orderid:888236,crmid:5220271387,2020-01-25T01:41:51.000Z,mobile,prd1008,1580175711,1580348511,2020-01-28T01:41:51+00:00,2020-01-30T01:41:51+00:00,Repose Resort: Philadelphia,Repose Resort,Philadelphia,ultra-luxury,1,1,0,2,390.91,781.82
orderid:141032,7VB-KKOX,orderid:141032,crmid:7474865509,2019-12-17T12:48:30.000Z,kiosk,prd1130,1576759710,1577105310,2019-12-19T12:48:30+00:00,2019-12-23T12:48:30+00:00,Blue Reef Resort: Bremen,Blue Reef Resort,Bremen,standard,1,1,0,4,162.35,649.4
orderid:954017,7SV-EN9F,orderid:954017,crmid:8061661387,2019-12-22T18:48:10.000Z,call center,prd1011,1577558890,1579114090,2019-12-28T18:48:10+00:00,2020-01-15T18:48:10+00:00,Hospitality Inn: Dallas,Hospitality Inn,Dallas,premium,1,1,0,18,126.13,2270.34
orderid:721287,NT0-ZSOG,orderid:721287,crmid:6596755701,2019-12-17T01:22:50.000Z,mobile,prd1187,1578446570,1579051370,2020-01-08T01:22:50+00:00,2020-01-15T01:22:50+00:00,Nesting Box Inn: Cleveland,Nesting Box Inn,Cleveland,standard,1,1,0,7,150.73,1055.11
orderid:359736,BK5-EBSN,orderid:359736,crmid:7467321412,2019-12-06T04:46:22.000Z,website,prd1011,1577076382,1577767582,2019-12-23T04:46:22+00:00,2019-12-31T04:46:22+00:00,Hospitality Inn: Dallas,Hospitality Inn,Dallas,standard,1,1,0,8,137.55,1100.4
orderid:559215,EAZ-SPJL,orderid:559215,crmid:1433942463,2019-12-20T12:47:45.000Z,call center,prd1083,1576932465,1577105265,2019-12-21T12:47:45+00:00,2019-12-23T12:47:45+00:00,Hospitality Inn: Bangkok,Hospitality Inn,Bangkok,standard,1,1,0,2,145.89,291.78
orderid:343651,PCY-EKBU,orderid:343651,crmid:6588317642,2020-01-09T10:12:26.000Z,website,prd1068,1580292746,1581070346,2020-01-29T10:12:26+00:00,2020-02-07T10:12:26+00:00,Repose Resort: Dhaka,Repose Resort,Dhaka,standard,1,1,4,9,123.97,1115.73
orderid:838626,QUF-8YWN,orderid:838626,crmid:6903416866,2020-01-22T07:10:15.000Z,website,prd1143,1582096215,1582528215,2020-02-19T07:10:15+00:00,2020-02-24T07:10:15+00:00,Hospitality Inn: San Antonio,Hospitality Inn,San Antonio,standard,1,1,4,5,137.07,685.35
orderid:303834,C54-9YMB,orderid:303834,crmid:6701758529,2019-12-22T06:19:08.000Z,website,prd1086,1577513948,1577686748,2019-12-28T06:19:08+00:00,2019-12-30T06:19:08+00:00,Restful Nights: Johannesburg,Restful Nights,Johannesburg,standard,1,1,0,2,150.04,300.08
orderid:865455,ESX-AIIX,orderid:865455,crmid:4838016332,2020-01-22T18:20:16.000Z,kiosk,prd1124,1579803616,1579890016,2020-01-23T18:20:16+00:00,2020-01-24T18:20:16+00:00,Aspen Heights: Leeds,Aspen Heights,Leeds,premium,1,1,0,1,181.69,181.69
orderid:760501,YDF-B46E,orderid:760501,crmid:4838016332,2020-01-25T00:00:00.000Z,kiosk,prd1027,1579996800,1580342400,2020-01-26T00:00:00+00:00,2020-01-30T00:00:00+00:00,Family Fun Hotels: Memphis,Family Fun Hotels,Memphis,standard,1,1,0,4,125.68,502.72
orderid:827199,VVG-M6A2,orderid:827199,crmid:2739791272,2019-12-14T16:25:32.000Z,kiosk,prd1017,1576772732,1577377532,2019-12-19T16:25:32+00:00,2019-12-26T16:25:32+00:00,Sapphire Suites: Fort Worth,Sapphire Suites,Fort Worth,standard,1,1,3,7,126.97,888.79
orderid:389703,Q9D-UBOH,orderid:389703,crmid:3997378169,2020-01-29T09:24:19.000Z,call center,prd1100,1580549059,1580894659,2020-02-01T09:24:19+00:00,2020-02-05T09:24:19+00:00,Aspen Heights: Misk,Aspen Heights,Misk,premium,1,1,0,4,153.49,613.96
orderid:755857,CKJ-AIIT,orderid:755857,crmid:3997378169,2020-02-07T00:00:00.000Z,website,prd1166,1581552000,1581811200,2020-02-13T00:00:00+00:00,2020-02-16T00:00:00+00:00,Blue Reef Resort: Baltimore,Blue Reef Resort,Baltimore,premium,1,1,0,3,113.02,339.06
orderid:223171,KAT-DMOT,orderid:223171,crmid:4469025365,2019-12-04T14:48:35.000Z,service desk,prd1118,1575643715,1575902915,2019-12-06T14:48:35+00:00,2019-12-09T14:48:35+00:00,Blue Reef Resort: Cologne,Blue Reef Resort,Cologne,premium,1,1,0,3,116.78,350.34
orderid:382685,XS2-M5ID,orderid:382685,crmid:4430840113,2020-01-24T01:06:06.000Z,kiosk,prd1166,1580259966,1580778366,2020-01-29T01:06:06+00:00,2020-02-04T01:06:06+00:00,Blue Reef Resort: Baltimore,Blue Reef Resort,Baltimore,standard,1,1,4,6,163.97,983.82
orderid:623056,JSX-ADZA,orderid:623056,crmid:3743617563,2020-01-04T13:08:32.000Z,call center,prd1046,1580303312,1580908112,2020-01-29T13:08:32+00:00,2020-02-05T13:08:32+00:00,Blue Reef Resort: Virginia Beach,Blue Reef Resort,Virginia Beach,standard,1,1,0,7,136.48,955.36
orderid:577875,4BX-2GL2,orderid:577875,crmid:1524230599,2020-01-26T16:55:59.000Z,kiosk,prd1190,1582217759,1583772959,2020-02-20T16:55:59+00:00,2020-03-09T16:55:59+00:00,Blue Reef Resort: Aurora,Blue Reef Resort,Aurora,standard,1,1,0,18,145.83,2624.94
orderid:325075,VCZ-IFNS,orderid:325075,crmid:9798339022,2019-12-22T13:00:59.000Z,website,prd1117,1578920459,1580302859,2020-01-13T13:00:59+00:00,2020-01-29T13:00:59+00:00,Admiralty Plaza: Dublin,Admiralty Plaza,Dublin,standard,1,1,0,16,129.18,2066.88
orderid:408259,ESE-KHFK,orderid:408259,crmid:7554807691,2020-01-10T02:56:54.000Z,call center,prd1103,1578711414,1578884214,2020-01-11T02:56:54+00:00,2020-01-13T02:56:54+00:00,Nesting Box Inn: Hamburg,Nesting Box Inn,Hamburg,standard,1,1,0,2,96.14,192.28
orderid:208608,AHY-NGCP,orderid:208608,crmid:4397466721,2020-01-23T15:20:59.000Z,kiosk,prd1133,1581866459,1582471259,2020-02-16T15:20:59+00:00,2020-02-23T15:20:59+00:00,Grandeur Hotels: Toronto,Grandeur Hotels,Toronto,standard,1,1,0,7,133.26,932.82
orderid:159579,LJY-3QSL,orderid:159579,crmid:8029651950,2020-01-18T07:40:02.000Z,mobile,prd1148,1579765202,1580974802,2020-01-23T07:40:02+00:00,2020-02-06T07:40:02+00:00,Aspen Heights: Jacksonville,Aspen Heights,Jacksonville,presidential-suite,1,1,0,14,917.56,12845.84
orderid:459681,JK6-T6D9,orderid:459681,crmid:6403546696,2019-12-31T07:03:48.000Z,call center,prd1045,1579590228,1581231828,2020-01-21T07:03:48+00:00,2020-02-09T07:03:48+00:00,Admiralty Plaza: Miami,Admiralty Plaza,Miami,standard,1,1,0,19,137.0,2603.0
orderid:120462,FUD-U7C4,orderid:120462,crmid:5978718509,2020-01-28T23:55:32.000Z,kiosk,prd1136,1581810932,1583020532,2020-02-15T23:55:32+00:00,2020-02-29T23:55:32+00:00,Aspen Heights: Osaka,Aspen Heights,Osaka,standard,1,1,3,14,166.44,2330.16
orderid:914741,TUY-YHCW,orderid:914741,crmid:8748797924,2019-12-07T05:37:56.000Z,website,prd1100,1577597876,1578289076,2019-12-29T05:37:56+00:00,2020-01-06T05:37:56+00:00,Aspen Heights: Misk,Aspen Heights,Misk,standard,1,1,0,8,127.73,1021.84
orderid:757745,AF6-T5LT,orderid:757745,crmid:8577409071,2020-01-21T15:10:02.000Z,call center,prd1005,1579878602,1580483402,2020-01-24T15:10:02+00:00,2020-01-31T15:10:02+00:00,Sapphire Suites: Los Angeles,Sapphire Suites,Los Angeles,standard,1,1,3,7,152.92,1070.44
orderid:808917,Q8U-1B2I,orderid:808917,crmid:7797156370,2019-12-23T01:26:06.000Z,service desk,prd1182,1579397166,1580001966,2020-01-19T01:26:06+00:00,2020-01-26T01:26:06+00:00,Restful Nights: Minneapolis,Restful Nights,Minneapolis,premium,1,1,0,7,106.96,748.72
orderid:141611,CMK-GKJQ,orderid:141611,crmid:1851204825,2020-02-08T03:32:41.000Z,service desk,prd1119,1582860761,1583119961,2020-02-28T03:32:41+00:00,2020-03-02T03:32:41+00:00,Hospitality Inn: Turin,Hospitality Inn,Turin,luxury,1,1,0,3,342.2,1026.6
orderid:480273,H4E-QBUT,orderid:480273,crmid:8953474258,2019-12-06T03:20:08.000Z,website,prd1002,1576293608,1576725608,2019-12-14T03:20:08+00:00,2019-12-19T03:20:08+00:00,Restful Nights: Chicago,Restful Nights,Chicago,luxury,1,1,0,5,300.07,1500.35
orderid:176159,QBA-WRNN,orderid:176159,crmid:5397304066,2020-01-08T00:35:30.000Z,kiosk,prd1059,1578530130,1578789330,2020-01-09T00:35:30+00:00,2020-01-12T00:35:30+00:00,Hospitality Inn: Kinshasa,Hospitality Inn,Kinshasa,premium,1,1,0,3,159.09,477.27
orderid:567085,FG6-HUMW,orderid:567085,crmid:5071950340,2019-12-01T12:03:22.000Z,service desk,prd1021,1575288202,1575374602,2019-12-02T12:03:22+00:00,2019-12-03T12:03:22+00:00,Admiralty Plaza: Denver,Admiralty Plaza,Denver,standard,1,1,0,1,116.68,116.68
orderid:292179,FMW-CIFT,orderid:292179,crmid:7001815146,2020-02-02T07:39:33.000Z,website,prd1117,1582789173,1584257973,2020-02-27T07:39:33+00:00,2020-03-15T07:39:33+00:00,Admiralty Plaza: Dublin,Admiralty Plaza,Dublin,standard,1,1,0,17,86.31,1467.27
orderid:891740,XCD-NXIX,orderid:891740,crmid:8320373046,2020-02-12T17:57:58.000Z,mobile,prd1098,1583344678,1583517478,2020-03-04T17:57:58+00:00,2020-03-06T17:57:58+00:00,Restful Nights: Kiev,Restful Nights,Kiev,standard,1,1,0,2,139.92,279.84
orderid:660206,GSY-DLJ3,orderid:660206,crmid:2560258195,2019-12-15T08:19:21.000Z,website,prd1121,1578903561,1579940361,2020-01-13T08:19:21+00:00,2020-01-25T08:19:21+00:00,Grandeur Hotels: Stockholm,Grandeur Hotels,Stockholm,premium,1,1,0,12,151.54,1818.48
orderid:879695,AJY-SCQY,orderid:879695,crmid:6211812028,2020-01-18T06:34:04.000Z,mobile,prd1130,1581489244,1581748444,2020-02-12T06:34:04+00:00,2020-02-15T06:34:04+00:00,Blue Reef Resort: Bremen,Blue Reef Resort,Bremen,standard,1,1,0,3,163.55,490.65
orderid:120969,D7X-QIGY,orderid:120969,crmid:3924043058,2019-12-05T01:31:12.000Z,mobile,prd1189,1575855072,1576459872,2019-12-09T01:31:12+00:00,2019-12-16T01:31:12+00:00,Admiralty Plaza: Bakersfield,Admiralty Plaza,Bakersfield,presidential-suite,1,1,1,7,882.89,6180.23
orderid:927152,X47-PO6V,orderid:927152,crmid:5341683679,2019-12-31T19:38:12.000Z,kiosk,prd1014,1579635492,1580845092,2020-01-21T19:38:12+00:00,2020-02-04T19:38:12+00:00,Restful Nights: Jacksonville,Restful Nights,Jacksonville,standard,1,1,3,14,165.26,2313.64
orderid:768066,HGZ-NIGU,orderid:768066,crmid:7914331170,2020-02-14T23:06:30.000Z,call center,prd1040,1584054390,1584313590,2020-03-12T23:06:30+00:00,2020-03-15T23:06:30+00:00,Aspen Heights: Atlanta,Aspen Heights,Atlanta,standard,1,1,0,3,106.23,318.69
orderid:382190,HFT-FOEA,orderid:382190,crmid:3700216727,2020-02-05T21:41:05.000Z,kiosk,prd1109,1582839665,1583185265,2020-02-27T21:41:05+00:00,2020-03-02T21:41:05+00:00,Grandeur Hotels: Belgrade,Grandeur Hotels,Belgrade,standard,1,1,3,4,128.23,512.92
orderid:350940,M4L-JIRP,orderid:350940,crmid:6389804981,2020-01-22T09:38:51.000Z,kiosk,prd1156,1580463531,1581327531,2020-01-31T09:38:51+00:00,2020-02-10T09:38:51+00:00,Sandhill: Washington DC,Sandhill,Washington DC,standard,1,1,2,10,180.54,1805.4
orderid:572535,466-FKTZ,orderid:572535,crmid:1950862006,2020-01-01T12:15:05.000Z,website,prd1145,1577967305,1578226505,2020-01-02T12:15:05+00:00,2020-01-05T12:15:05+00:00,Grandeur Hotels: Dallas,Grandeur Hotels,Dallas,standard,1,1,0,3,161.09,483.27
orderid:312379,6NF-UUM7,orderid:312379,crmid:1950862006,2020-01-06T00:00:00.000Z,call center,prd1007,1578441600,1578528000,2020-01-08T00:00:00+00:00,2020-01-09T00:00:00+00:00,Nesting Box Inn: Phoenix,Nesting Box Inn,Phoenix,standard,1,1,0,1,147.88,147.88
orderid:429012,ZAK-1CHH,orderid:429012,crmid:1950862006,2020-01-10T00:00:00.000Z,kiosk,prd1026,1578787200,1578873600,2020-01-12T00:00:00+00:00,2020-01-13T00:00:00+00:00,Restful Nights: Nashville,Restful Nights,Nashville,standard,1,1,0,1,126.86,126.86
orderid:336949,WZT-0ICP,orderid:336949,crmid:5971640260,2020-01-24T20:17:08.000Z,kiosk,prd1146,1581884228,1582316228,2020-02-16T20:17:08+00:00,2020-02-21T20:17:08+00:00,Restful Nights: San Jose,Restful Nights,San Jose,premium,1,1,0,5,159.75,798.75
orderid:766814,BMM-YMOC,orderid:766814,crmid:1754491809,2020-01-17T22:18:43.000Z,mobile,prd1033,1579385923,1579472323,2020-01-18T22:18:43+00:00,2020-01-19T22:18:43+00:00,Admiralty Plaza: Milwaukee,Admiralty Plaza,Milwaukee,standard,1,1,0,1,160.85,160.85
orderid:121930,LA6-PIHX,orderid:121930,crmid:6909479423,2020-02-03T17:47:04.000Z,call center,prd1177,1580838424,1580924824,2020-02-04T17:47:04+00:00,2020-02-05T17:47:04+00:00,Admiralty Plaza: Raleigh,Admiralty Plaza,Raleigh,standard,1,1,0,1,153.78,153.78
orderid:767069,ZD2-R8CC,orderid:767069,crmid:9910392819,2019-12-09T13:31:26.000Z,kiosk,prd1028,1577626286,1577971886,2019-12-29T13:31:26+00:00,2020-01-02T13:31:26+00:00,Aspen Heights: Portland,Aspen Heights,Portland,presidential-suite,1,1,0,4,908.78,3635.12
orderid:720283,8OT-D5GQ,orderid:720283,crmid:5079175090,2020-01-17T13:20:45.000Z,website,prd1016,1581686445,1582118445,2020-02-14T13:20:45+00:00,2020-02-19T13:20:45+00:00,Aspen Heights: Columbus,Aspen Heights,Columbus,standard,1,1,0,5,128.19,640.95
orderid:778711,WOB-QD4L,orderid:778711,crmid:2936093671,2020-01-21T07:11:01.000Z,mobile,prd1071,1580109061,1580195461,2020-01-27T07:11:01+00:00,2020-01-28T07:11:01+00:00,Hospitality Inn: Seoul,Hospitality Inn,Seoul,standard,1,1,0,1,174.15,174.15
orderid:563263,CBA-MQR0,orderid:563263,crmid:5970906044,2019-12-19T21:47:52.000Z,mobile,prd1130,1579124872,1579470472,2020-01-15T21:47:52+00:00,2020-01-19T21:47:52+00:00,Blue Reef Resort: Bremen,Blue Reef Resort,Bremen,standard,1,1,0,4,148.0,592.0
orderid:688617,SNW-VCMW,orderid:688617,crmid:4988829726,2020-02-07T04:36:07.000Z,kiosk,prd1071,1581136567,1581309367,2020-02-08T04:36:07+00:00,2020-02-10T04:36:07+00:00,Hospitality Inn: Seoul,Hospitality Inn,Seoul,standard,1,1,0,2,107.42,214.84
orderid:420110,GSE-82IN,orderid:420110,crmid:7871279214,2020-02-07T12:15:36.000Z,call center,prd1194,1582978536,1583496936,2020-02-29T12:15:36+00:00,2020-03-06T12:15:36+00:00,Restful Nights: Tianjin,Restful Nights,Tianjin,standard,1,1,0,6,131.0,786.0
orderid:732706,5SR-KU6F,orderid:732706,crmid:2872274184,2019-12-20T03:53:29.000Z,website,prd1118,1576900409,1577246009,2019-12-21T03:53:29+00:00,2019-12-25T03:53:29+00:00,Blue Reef Resort: Cologne,Blue Reef Resort,Cologne,standard,1,1,0,4,148.24,592.96
orderid:224968,PAP-UFDG,orderid:224968,crmid:9958560717,2020-01-23T18:40:32.000Z,mobile,prd1012,1581360032,1581878432,2020-02-10T18:40:32+00:00,2020-02-16T18:40:32+00:00,Sandhill: San Jose,Sandhill,San Jose,standard,1,1,0,6,102.54,615.24
orderid:894908,PCG-TYTY,orderid:894908,crmid:5464113693,2020-02-15T01:10:31.000Z,call center,prd1190,1582679431,1583197831,2020-02-26T01:10:31+00:00,2020-03-03T01:10:31+00:00,Blue Reef Resort: Aurora,Blue Reef Resort,Aurora,standard,1,1,0,6,151.03,906.18
orderid:449613,SBE-TXPR,orderid:449613,crmid:7553093613,2019-12-28T07:23:09.000Z,kiosk,prd1046,1578122589,1578208989,2020-01-04T07:23:09+00:00,2020-01-05T07:23:09+00:00,Blue Reef Resort: Virginia Beach,Blue Reef Resort,Virginia Beach,standard,1,1,0,1,182.96,182.96
orderid:946051,WLH-ARN4,orderid:946051,crmid:1767738911,2019-12-27T15:34:45.000Z,kiosk,prd1052,1579793685,1580484885,2020-01-23T15:34:45+00:00,2020-01-31T15:34:45+00:00,Aspen Heights: Wichita,Aspen Heights,Wichita,premium,1,1,0,8,128.03,1024.24
orderid:682571,UGT-JDSF,orderid:682571,crmid:3687682543,2019-12-08T17:24:15.000Z,website,prd1190,1577381055,1577813055,2019-12-26T17:24:15+00:00,2019-12-31T17:24:15+00:00,Blue Reef Resort: Aurora,Blue Reef Resort,Aurora,standard,1,1,0,5,87.61,438.05
orderid:245271,13M-GQVI,orderid:245271,crmid:8560035807,2020-01-12T10:50:40.000Z,kiosk,prd1166,1580813440,1582109440,2020-02-04T10:50:40+00:00,2020-02-19T10:50:40+00:00,Blue Reef Resort: Baltimore,Blue Reef Resort,Baltimore,ultra-luxury,1,1,1,15,376.02,5640.3
orderid:295643,1KR-9HJS,orderid:295643,crmid:8173606222,2019-12-30T23:24:43.000Z,service desk,prd1092,1579130683,1579908283,2020-01-15T23:24:43+00:00,2020-01-24T23:24:43+00:00,Repose Resort: Cape Town,Repose Resort,Cape Town,premium,1,1,0,9,152.68,1374.12
orderid:315555,1LO-QT59,orderid:315555,crmid:9296586780,2019-12-31T11:31:28.000Z,kiosk,prd1119,1579606288,1580124688,2020-01-21T11:31:28+00:00,2020-01-27T11:31:28+00:00,Hospitality Inn: Turin,Hospitality Inn,Turin,premium,1,1,1,6,172.64,1035.84
orderid:581245,MOG-FZFO,orderid:581245,crmid:5753165446,2019-12-12T00:51:59.000Z,website,prd1189,1577407919,1578444719,2019-12-27T00:51:59+00:00,2020-01-08T00:51:59+00:00,Admiralty Plaza: Bakersfield,Admiralty Plaza,Bakersfield,standard,1,1,1,12,159.9,1918.8
orderid:754890,9IS-NRHT,orderid:754890,crmid:3139484196,2020-01-13T00:27:35.000Z,mobile,prd1169,1580776055,1581553655,2020-02-04T00:27:35+00:00,2020-02-13T00:27:35+00:00,Grandeur Hotels: Tucson,Grandeur Hotels,Tucson,standard,1,1,2,9,113.98,1025.82
orderid:335187,LWW-P47Q,orderid:335187,crmid:7735702364,2019-12-22T02:38:00.000Z,website,prd1193,1579228680,1580265480,2020-01-17T02:38:00+00:00,2020-01-29T02:38:00+00:00,Grandeur Hotels: Kinshasa,Grandeur Hotels,Kinshasa,standard,1,1,4,12,135.76,1629.12
orderid:869599,JEY-XEVR,orderid:869599,crmid:5188789481,2019-12-09T21:43:32.000Z,call center,prd1169,1577828612,1579383812,2019-12-31T21:43:32+00:00,2020-01-18T21:43:32+00:00,Grandeur Hotels: Tucson,Grandeur Hotels,Tucson,standard,1,1,0,18,150.9,2716.2
orderid:496291,A1Y-WTHK,orderid:496291,crmid:8039768331,2020-01-02T21:46:19.000Z,call center,prd1190,1580161579,1580939179,2020-01-27T21:46:19+00:00,2020-02-05T21:46:19+00:00,Blue Reef Resort: Aurora,Blue Reef Resort,Aurora,luxury,1,1,0,9,354.39,3189.51
orderid:446776,FIB-PGXZ,orderid:446776,crmid:9222413844,2020-01-21T22:51:15.000Z,website,prd1063,1579733475,1580251875,2020-01-22T22:51:15+00:00,2020-01-28T22:51:15+00:00,Family Fun Hotels: London,Family Fun Hotels,London,standard,1,1,0,6,204.48,1226.88
orderid:280723,SO1-HJ3L,orderid:280723,crmid:2466427610,2019-12-01T15:20:40.000Z,service desk,prd1047,1576941640,1577287240,2019-12-21T15:20:40+00:00,2019-12-25T15:20:40+00:00,Hospitality Inn: Oakland,Hospitality Inn,Oakland,standard,1,1,0,4,122.21,488.84
orderid:320265,FCB-KQ9L,orderid:320265,crmid:4560051104,2019-12-10T13:03:59.000Z,kiosk,prd1143,1576242239,1576328639,2019-12-13T13:03:59+00:00,2019-12-14T13:03:59+00:00,Hospitality Inn: San Antonio,Hospitality Inn,San Antonio,presidential-suite,1,1,0,1,874.42,874.42
orderid:785673,EOF-XY4V,orderid:785673,crmid:1610430839,2020-01-04T10:56:12.000Z,website,prd1148,1578221772,1578394572,2020-01-05T10:56:12+00:00,2020-01-07T10:56:12+00:00,Aspen Heights: Jacksonville,Aspen Heights,Jacksonville,standard,1,1,0,2,115.85,231.7
orderid:610027,ZZI-HRTR,orderid:610027,crmid:1610430839,2020-01-08T00:00:00.000Z,website,prd1118,1578787200,1579046400,2020-01-12T00:00:00+00:00,2020-01-15T00:00:00+00:00,Blue Reef Resort: Cologne,Blue Reef Resort,Cologne,standard,1,1,0,3,117.89,353.67
orderid:230617,8ZI-WNJK,orderid:230617,crmid:9429865682,2019-12-10T23:55:50.000Z,kiosk,prd1070,1578268550,1578873350,2020-01-05T23:55:50+00:00,2020-01-12T23:55:50+00:00,Blue Reef Resort: Jakarta,Blue Reef Resort,Jakarta,standard,1,1,0,7,169.67,1187.69
orderid:672263,GP3-7CEU,orderid:672263,crmid:8084572608,2019-12-27T09:14:12.000Z,website,prd1105,1579770852,1580030052,2020-01-23T09:14:12+00:00,2020-01-26T09:14:12+00:00,Admiralty Plaza: Barcelona,Admiralty Plaza,Barcelona,standard,1,1,0,3,149.83,449.49
orderid:365311,LWW-HHLQ,orderid:365311,crmid:9152770021,2019-12-27T16:27:58.000Z,call center,prd1053,1579192078,1579796878,2020-01-16T16:27:58+00:00,2020-01-23T16:27:58+00:00,Sapphire Suites: Cleveland,Sapphire Suites,Cleveland,standard,1,1,4,7,108.99,762.93
orderid:780454,3JK-G9PN,orderid:780454,crmid:3809385271,2020-01-13T02:56:42.000Z,service desk,prd1100,1580785002,1581130602,2020-02-04T02:56:42+00:00,2020-02-08T02:56:42+00:00,Aspen Heights: Misk,Aspen Heights,Misk,standard,1,1,0,4,106.52,426.08
orderid:421633,MX6-ESWL,orderid:421633,crmid:4709513272,2019-12-10T06:17:53.000Z,call center,prd1113,1577686673,1578896273,2019-12-30T06:17:53+00:00,2020-01-13T06:17:53+00:00,Sapphire Suites: Kazan,Sapphire Suites,Kazan,standard,1,1,0,14,134.1,1877.4
orderid:147354,7BY-DM5N,orderid:147354,crmid:7738366994,2020-01-23T20:33:24.000Z,website,prd1032,1581712404,1583094804,2020-02-14T20:33:24+00:00,2020-03-01T20:33:24+00:00,Repose Resort: Baltimore,Repose Resort,Baltimore,standard,1,1,4,16,147.27,2356.32
orderid:791904,CXB-TPAA,orderid:791904,crmid:7993967965,2020-01-11T16:46:59.000Z,mobile,prd1130,1579193219,1579970819,2020-01-16T16:46:59+00:00,2020-01-25T16:46:59+00:00,Blue Reef Resort: Bremen,Blue Reef Resort,Bremen,standard,1,1,0,9,129.96,1169.64
orderid:838375,CWJ-2FRI,orderid:838375,crmid:7177382789,2020-01-30T07:57:02.000Z,website,prd1129,1580457422,1580543822,2020-01-31T07:57:02+00:00,2020-02-01T07:57:02+00:00,Admiralty Plaza: Helsinki,Admiralty Plaza,Helsinki,standard,1,1,0,1,161.84,161.84
orderid:274510,0WX-XEUQ,orderid:274510,crmid:7177382789,2020-02-03T00:00:00.000Z,mobile,prd1105,1580774400,1580947200,2020-02-04T00:00:00+00:00,2020-02-06T00:00:00+00:00,Admiralty Plaza: Barcelona,Admiralty Plaza,Barcelona,premium,1,1,0,2,199.65,399.3
orderid:235532,6XR-45DH,orderid:235532,crmid:1113402843,2019-12-02T20:47:07.000Z,kiosk,prd1004,1577652427,1578170827,2019-12-29T20:47:07+00:00,2020-01-04T20:47:07+00:00,Aspen Heights: Boulder,Aspen Heights,Boulder,standard,1,1,0,6,121.82,730.92
orderid:723440,A0G-6FIX,orderid:723440,crmid:5071157827,2019-12-30T18:58:54.000Z,website,prd1184,1579546734,1580324334,2020-01-20T18:58:54+00:00,2020-01-29T18:58:54+00:00,Aspen Heights: Arlington,Aspen Heights,Arlington,premium,1,1,0,9,141.07,1269.63
orderid:452317,1YU-NQDB,orderid:452317,crmid:9157498210,2019-12-05T21:06:17.000Z,mobile,prd1154,1575666377,1575839177,2019-12-06T21:06:17+00:00,2019-12-08T21:06:17+00:00,Blue Reef Resort: Seattle,Blue Reef Resort,Seattle,standard,1,1,0,2,159.35,318.7
orderid:987371,UU7-CHFC,orderid:987371,crmid:9336888631,2019-12-29T16:35:07.000Z,website,prd1112,1579451707,1580142907,2020-01-19T16:35:07+00:00,2020-01-27T16:35:07+00:00,Aspen Heights: Birmingham,Aspen Heights,Birmingham,premium,1,1,0,8,174.64,1397.12
orderid:232022,X4L-8WKV,orderid:232022,crmid:6502950474,2020-02-04T04:45:24.000Z,website,prd1052,1582778724,1583037924,2020-02-27T04:45:24+00:00,2020-03-01T04:45:24+00:00,Aspen Heights: Wichita,Aspen Heights,Wichita,standard,1,1,0,3,145.27,435.81
orderid:978290,CMI-K64E,orderid:978290,crmid:6686931131,2020-02-11T07:40:41.000Z,call center,prd1077,1581493241,1582011641,2020-02-12T07:40:41+00:00,2020-02-18T07:40:41+00:00,Sapphire Suites: Cairo,Sapphire Suites,Cairo,standard,1,1,0,6,158.54,951.24
orderid:377394,ELR-ZDJW,orderid:377394,crmid:9344830607,2019-12-19T14:57:48.000Z,website,prd1187,1578841068,1580309868,2020-01-12T14:57:48+00:00,2020-01-29T14:57:48+00:00,Nesting Box Inn: Cleveland,Nesting Box Inn,Cleveland,standard,1,1,0,17,184.48,3136.16
orderid:173531,CDH-GSVQ,orderid:173531,crmid:9276077343,2019-12-15T02:40:29.000Z,call center,prd1118,1576550429,1576723229,2019-12-17T02:40:29+00:00,2019-12-19T02:40:29+00:00,Blue Reef Resort: Cologne,Blue Reef Resort,Cologne,standard,1,1,0,2,141.1,282.2
orderid:994040,1H4-WL7W,orderid:994040,crmid:1989957145,2019-12-30T14:50:50.000Z,website,prd1124,1579791050,1580655050,2020-01-23T14:50:50+00:00,2020-02-02T14:50:50+00:00,Aspen Heights: Leeds,Aspen Heights,Leeds,standard,1,1,0,10,158.34,1583.4
orderid:501975,AEA-WSI8,orderid:501975,crmid:6535686207,2020-02-06T18:58:18.000Z,kiosk,prd1103,1581101898,1581274698,2020-02-07T18:58:18+00:00,2020-02-09T18:58:18+00:00,Nesting Box Inn: Hamburg,Nesting Box Inn,Hamburg,standard,1,1,0,2,107.97,215.94
