{"_id": "orderid:836689", "timestamp": "2020-01-31T18:00:45.000Z", "eventType": "transaction", "_adobeamericaspot3": {"CRMID": "crmid:8210965342", "orderDetails": {"orderID": "orderid:836689", "reservationid": "0H6-T516", "orderType": "website", "hotelSKU": "prd1004", "hotelCheckInUnix": "1581098445", "hotelCheckOutUnix": "1582048845", "hotelCheckInTS": "2020-02-07T18:00:45+00:00", "hotelCheckOutTS": "2020-02-18T18:00:45+00:00", "hotelChain": "Aspen Heights", "hotelName": "Aspen Heights: Boulder", "hotelLocation": "Boulder", "hotelRoomType": "standard", "hotelRoomCount": "1", "hotelGuestAdultCount": "1", "hotelGuestChildCount": "0", "hotelNightCount": "11", "hotelRoomPrice": "138.07", "hotelFinalPrice": "1518.77"}}}
{"_id": "orderid:341985", "timestamp": "2020-01-29T18:23:45.000Z", "eventType": "transaction", "_adobeamericaspot3": {"CRMID": "crmid:8579875505", "orderDetails": {"orderID": "orderid:341985", "reservationid": "FE6-S81K", "orderType": "mobile", "hotelSKU": "prd1176", "hotelCheckInUnix": "1581877425", "hotelCheckOutUnix": "1582482225", "hotelCheckInTS": "2020-02-16T18:23:45+00:00", "hotelCheckOutTS": "2020-02-23T18:23:45+00:00", "hotelChain": "Repose Resort", "hotelName": "Repose Resort: Omaha", "hotelLocation": "Omaha", "hotelRoomType": "premium", "hotelRoomCount": "1", "hotelGuestAdultCount": "1", "hotelGuestChildCount": "3", "hotelNightCount": "7", "hotelRoomPrice": "122.94", "hotelFinalPrice": "860.58"}}}
{"_id": "orderid:766410", "timestamp": "2019-12-18T18:46:28.000Z", "eventType": "transaction", "_adobeamericaspot3": {"CRMID": "crmid:1997432207", "orderDetails": {"orderID": "orderid:766410", "reservationid": "RB1-HETW", "orderType": "call center", "hotelSKU": "prd1100", "hotelCheckInUnix": "1577385988", "hotelCheckOutUnix": "1578422788", "hotelCheckInTS": "2019-12-26T18:46:28+00:00", "hotelCheckOutTS": "2020-01-07T18:46:28+00:00", "hotelChain": "Aspen Heights", "hotelName": "Aspen Heights: Misk", "hotelLocation": "Misk", "hotelRoomType": "standard", "hotelRoomCount": "1", "hotelGuestAdultCount": "1", "hotelGuestChildCount": "3", "hotelNightCount": "12", "hotelRoomPrice": "167.8", "hotelFinalPrice": "2013.6"}}}
{"_id": "orderid:610962", "timestamp": "2019-12-02T21:00:40.000Z", "eventType": "transaction", "_adobeamericaspot3": {"CRMID": "crmid:6329904467", "orderDetails": {"orderID": "orderid:610962", "reservationid": "QUR-ZZ2X", "orderType": "mobile", "hotelSKU": "prd1069", "hotelCheckInUnix": "1575666040", "hotelCheckOutUnix": "1576530040", "hotelCheckInTS": "2019-12-06T21:00:40+00:00", "hotelCheckOutTS": "2019-12-16T21:00:40+00:00", "hotelChain": "Admiralty Plaza", "hotelName": "Admiralty Plaza: Singapore", "hotelLocation": "Singapore", "hotelRoomType": "premium", "hotelRoomCount": "1", "hotelGuestAdultCount": "1", "hotelGuestChildCount": "0", "hotelNightCount": "10", "hotelRoomPrice": "171.67", "hotelFinalPrice": "1716.7"}}}
{"_id": "orderid:855602", "timestamp": "2020-02-08T19:47:29.000Z", "eventType": "transaction", "_adobeamericaspot3": {"CRMID": "crmid:3757468733", "orderDetails": {"orderID": "orderid:855602", "reservationid": "EPA-GAVE", "orderType": "call center", "hotelSKU": "prd1083", "hotelCheckInUnix": "1583524049", "hotelCheckOutUnix": "1584215249", "hotelCheckInTS": "2020-03-06T19:47:29+00:00", "hotelCheckOutTS": "2020-03-14T19:47:29+00:00", "hotelChain": "Hospitality Inn", "hotelName": "Hospitality Inn: Bangkok", "hotelLocation": "Bangkok", "hotelRoomType": "standard", "hotelRoomCount": "1", "hotelGuestAdultCount": "1", "hotelGuestChildCount": "3", "hotelNightCount": "8", "hotelRoomPrice": "121.85", "hotelFinalPrice": "974.8"}}}
{"_id": "orderid:508473", "timestamp": "2019-12-16T11:51:27.000Z", "eventType": "transaction", "_adobeamericaspot3": {"CRMID": "crmid:3794055366", "orderDetails": {"orderID": "orderid:508473", "reservationid": "YHJ-2J5C", "orderType": "call center", "hotelSKU": "prd1069", "hotelCheckInUnix": "1576583487", "hotelCheckOutUnix": "1576842687", "hotelCheckInTS": "2019-12-17T11:51:27+00:00", "hotelCheckOutTS": "2019-12-20T11:51:27+00:00", "hotelChain": "Admiralty Plaza", "hotelName": "Admiralty Plaza: Singapore", "hotelLocation": "Singapore", "hotelRoomType": "standard", "hotelRoomCount": "1", "hotelGuestAdultCount": "1", "hotelGuestChildCount": "0", "hotelNightCount": "3", "hotelRoomPrice": "134.99", "hotelFinalPrice": "404.97"}}}
{"_id": "orderid:813671", "timestamp": "2020-02-14T18:05:27.000Z", "eventType": "transaction", "_adobeamericaspot3": {"CRMID": "crmid:6575570209", "orderDetails": {"orderID": "orderid:813671", "reservationid": "FMZ-2YLB", "orderType": "service desk", "hotelSKU": "prd1059", "hotelCheckInUnix": "1584036327", "hotelCheckOutUnix": "1584727527", "hotelCheckInTS": "2020-03-12T18:05:27+00:00", "hotelCheckOutTS": "2020-03-20T18:05:27+00:00", "hotelChain": "Hospitality Inn", "hotelName": "Hospitality Inn: Kinshasa", "hotelLocation": "Kinshasa", "hotelRoomType": "standard", "hotelRoomCount": "1", "hotelGuestAdultCount": "1", "hotelGuestChildCount": "3", "hotelNightCount": "8", "hotelRoomPrice": "137.93", "hotelFinalPrice": "1103.44"}}}
{"_id": "orderid:539269", "timestamp": "2019-12-23T08:31:57.000Z", "eventType": "transaction", "_adobeamericaspot3": {"CRMID": "crmid:6601595215", "orderDetails": {"orderID": "orderid:539269", "reservationid": "7JE-JMTN", "orderType": "kiosk", "hotelSKU": "prd1093", "hotelCheckInUnix": "1577262717", "hotelCheckOutUnix": "1577349117", "hotelCheckInTS": "2019-12-25T08:31:57+00:00", "hotelCheckOutTS": "2019-12-26T08:31:57+00:00", "hotelChain": "Admiralty Plaza", "hotelName": "Admiralty Plaza: Yokohama", "hotelLocation": "Yokohama", "hotelRoomType": "ultra-luxury", "hotelRoomCount": "1", "hotelGuestAdultCount": "1", "hotelGuestChildCount": "0", "hotelNightCount": "1", "hotelRoomPrice": "334.07", "hotelFinalPrice": "334.07"}}}
{"_id": "orderid:871785", "timestamp": "2019-12-16T07:51:29.000Z", "eventType": "transaction", "_adobeamericaspot3": {"CRMID": "crmid:8024056766", "orderDetails": {"orderID": "orderid:871785", "reservationid": "SMV-REZ8", "orderType": "website", "hotelSKU": "prd1151", "hotelCheckInUnix": "1576828289", "hotelCheckOutUnix": "1577519489", "hotelCheckInTS": "2019-12-20T07:51:29+00:00", "hotelCheckOutTS": "2019-12-28T07:51:29+00:00", "hotelChain": "Nesting Box Inn", "hotelName": "Nesting Box Inn: Fort Worth", "hotelLocation": "Fort Worth", "hotelRoomType": "standard", "hotelRoomCount": "1", "hotelGuestAdultCount": "1", "hotelGuestChildCount": "0", "hotelNightCount": "8", "hotelRoomPrice": "145.53", "hotelFinalPrice": "1164.24"}}}
{"_id": "orderid:618222", "timestamp": "2019-12-21T07:55:45.000Z", "eventType": "transaction", "_adobeamericaspot3": {"CRMID": "crmid:5249575322", "orderDetails": {"orderID": "orderid:618222", "reservationid": "TZW-D1HY", "orderType": "call center", "hotelSKU": "prd1021", "hotelCheckInUnix": "1577087745", "hotelCheckOutUnix": "1577260545", "hotelCheckInTS": "2019-12-23T07:55:45+00:00", "hotelCheckOutTS": "2019-12-25T07:55:45+00:00", "hotelChain": "Admiralty Plaza", "hotelName": "Admiralty Plaza: Denver", "hotelLocation": "Denver", "hotelRoomType": "standard", "hotelRoomCount": "1", "hotelGuestAdultCount": "1", "hotelGuestChildCount": "0", "hotelNightCount": "2", "hotelRoomPrice": "151.0", "hotelFinalPrice": "302.0"}}}
{"_id": "orderid:976120", "timestamp": "2020-01-25T21:16:51.000Z", "eventType": "transaction", "_adobeamericaspot3": {"CRMID": "crmid:6918032845", "orderDetails": {"orderID": "orderid:976120", "reservationid": "H3F-LYO2", "orderType": "service desk", "hotelSKU": "prd1025", "hotelCheckInUnix": "1582233411", "hotelCheckOutUnix": "1583443011", "hotelCheckInTS": "2020-02-20T21:16:51+00:00", "hotelCheckOutTS": "2020-03-05T21:16:51+00:00", "hotelChain": "Grandeur Hotels", "hotelName": "Grandeur Hotels: Detroit", "hotelLocation": "Detroit", "hotelRoomType": "standard", "hotelRoomCount": "1", "hotelGuestAdultCount": "1", "hotelGuestChildCount": "0", "hotelNightCount": "14", "hotelRoomPrice": "155.51", "hotelFinalPrice": "2177.14"}}}
{"_id": "orderid:276470", "timestamp": "2020-01-13T01:03:00.000Z", "eventType": "transaction", "_adobeamericaspot3": {"CRMID": "crmid:9613445622", "orderDetails": {"orderID": "orderid:276470", "reservationid": "VDH-AKAH", "orderType": "mobile", "hotelSKU": "prd1133", "hotelCheckInUnix": "1580432580", "hotelCheckOutUnix": "1580950980", "hotelCheckInTS": "2020-01-31T01:03:00+00:00", "hotelCheckOutTS": "2020-02-06T01:03:00+00:00", "hotelChain": "Grandeur Hotels", "hotelName": "Grandeur Hotels: Toronto", "hotelLocation": "Toronto", "hotelRoomType": "standard", "hotelRoomCount": "1", "hotelGuestAdultCount": "1", "hotelGuestChildCount": "0", "hotelNightCount": "6", "hotelRoomPrice": "119.15", "hotelFinalPrice": "714.9"}}}
{"_id": "orderid:727592", "timestamp": "2020-01-12T05:58:22.000Z", "eventType": "transaction", "_adobeamericaspot3": {"CRMID": "crmid:9787299520", "orderDetails": {"orderID": "orderid:727592", "reservationid": "QOW-PYAR", "orderType": "kiosk", "hotelSKU": "prd1068", "hotelCheckInUnix": "1579327102", "hotelCheckOutUnix": "1580018302", "hotelCheckInTS": "2020-01-18T05:58:22+00:00", "hotelCheckOutTS": "2020-01-26T05:58:22+00:00", "hotelChain": "Repose Resort", "hotelName": "Repose Resort: Dhaka", "hotelLocation": "Dhaka", "hotelRoomType": "standard", "hotelRoomCount": "1", "hotelGuestAdultCount": "1", "hotelGuestChildCount": "0", "hotelNightCount": "8", "hotelRoomPrice": "149.51", "hotelFinalPrice": "1196.08"}}}
{"_id": "orderid:300114", "timestamp": "2019-12-12T04:09:52.000Z", "eventType": "transaction", "_adobeamericaspot3": {"CRMID": "crmid:1778885896", "orderDetails": {"orderID": "orderid:300114", "reservationid": "9WE-IQQU", "orderType": "kiosk", "hotelSKU": "prd1098", "hotelCheckInUnix": "1578283792", "hotelCheckOutUnix": "1579061392", "hotelCheckInTS": "2020-01-06T04:09:52+00:00", "hotelCheckOutTS": "2020-01-15T04:09:52+00:00", "hotelChain": "Restful Nights", "hotelName": "Restful Nights: Kiev", "hotelLocation": "Kiev", "hotelRoomType": "premium", "hotelRoomCount": "1", "hotelGuestAdultCount": "1", "hotelGuestChildCount": "3", "hotelNightCount": "9", "hotelRoomPrice": "134.63", "hotelFinalPrice": "1211.67"}}}
{"_id": "orderid:197631", "timestamp": "2020-02-10T11:26:03.000Z", "eventType": "transaction", "_adobeamericaspot3": {"CRMID": "crmid:4792048943", "orderDetails": {"orderID": "orderid:197631", "reservationid": "T1C-CFMK", "orderType": "website", "hotelSKU": "prd1045", "hotelCheckInUnix": "1581593163", "hotelCheckOutUnix": "1581938763", "hotelCheckInTS": "2020-02-13T11:26:03+00:00", "hotelCheckOutTS": "2020-02-17T11:26:03+00:00", "hotelChain": "Admiralty Plaza", "hotelName": "Admiralty Plaza: Miami", "hotelLocation": "Miami", "hotelRoomType": "standard", "hotelRoomCount": "1", "hotelGuestAdultCount": "1", "hotelGuestChildCount": "0", "hotelNightCount": "4", "hotelRoomPrice": "99.96", "hotelFinalPrice": "399.84"}}}
{"_id": "orderid:195666", "timestamp": "2019-12-31T19:17:02.000Z", "eventType": "transaction", "_adobeamericaspot3": {"CRMID": "crmid:7825099975", "orderDetails": {"orderID": "orderid:195666", "reservationid": "7JP-KLQS", "orderType": "website", "hotelSKU": "prd1104", "hotelCheckInUnix": "1577906222", "hotelCheckOutUnix": "1577992622", "hotelCheckInTS": "2020-01-01T19:17:02+00:00", "hotelCheckOutTS": "2020-01-02T19:17:02+00:00", "hotelChain": "Repose Resort", "hotelName": "Repose Resort: Warsaw", "hotelLocation": "Warsaw", "hotelRoomType": "ultra-luxury", "hotelRoomCount": "1", "hotelGuestAdultCount": "1", "hotelGuestChildCount": "0", "hotelNightCount": "1", "hotelRoomPrice": "384.31", "hotelFinalPrice": "384.31"}}}
{"_id": "orderid:888236", "timestamp": "2020-01-25T01:41:51.000Z", "eventType": "transaction", "_adobeamericaspot3": {"CRMID": "crmid:5220271387", "orderDetails": {"orderID": "orderid:888236", "reservationid": "8SH-G5HX", "orderType": "mobile", "hotelSKU": "prd1008", "hotelCheckInUnix": "1580175711", "hotelCheckOutUnix": "1580348511", "hotelCheckInTS": "2020-01-28T01:41:51+00:00", "hotelCheckOutTS": "2020-01-30T01:41:51+00:00", "hotelChain": "Repose Resort", "hotelName": "Repose Resort: Philadelphia", "hotelLocation": "Philadelphia", "hotelRoomType": "ultra-luxury", "hotelRoomCount": "1", "hotelGuestAdultCount": "1", "hotelGuestChildCount": "0", "hotelNightCount": "2", "hotelRoomPrice": "390.91", "hotelFinalPrice": "781.82"}}}
{"_id": "orderid:141032", "timestamp": "2019-12-17T12:48:30.000Z", "eventType": "transaction", "_adobeamericaspot3": {"CRMID": "crmid:7474865509", "orderDetails": {"orderID": "orderid:141032", "reservationid": "7VB-KKOX", "orderType": "kiosk", "hotelSKU": "prd1130", "hotelCheckInUnix": "1576759710", "hotelCheckOutUnix": "1577105310", "hotelCheckInTS": "2019-12-19T12:48:30+00:00", "hotelCheckOutTS": "2019-12-23T12:48:30+00:00", "hotelChain": "Blue Reef Resort", "hotelName": "Blue Reef Resort: Bremen", "hotelLocation": "Bremen", "hotelRoomType": "standard", "hotelRoomCount": "1", "hotelGuestAdultCount": "1", "hotelGuestChildCount": "0", "hotelNightCount": "4", "hotelRoomPrice": "162.35", "hotelFinalPrice": "649.4"}}}
{"_id": "orderid:954017", "timestamp": "2019-12-22T18:48:10.000Z", "eventType": "transaction", "_adobeamericaspot3": {"CRMID": "crmid:8061661387", "orderDetails": {"orderID": "orderid:954017", "reservationid": "7SV-EN9F", "orderType": "call center", "hotelSKU": "prd1011", "hotelCheckInUnix": "1577558890", "hotelCheckOutUnix": "1579114090", "hotelCheckInTS": "2019-12-28T18:48:10+00:00", "hotelCheckOutTS": "2020-01-15T18:48:10+00:00", "hotelChain": "Hospitality Inn", "hotelName": "Hospitality Inn: Dallas", "hotelLocation": "Dallas", "hotelRoomType": "premium", "hotelRoomCount": "1", "hotelGuestAdultCount": "1", "hotelGuestChildCount": "0", "hotelNightCount": "18", "hotelRoomPrice": "126.13", "hotelFinalPrice": "2270.34"}}}
{"_id": "orderid:721287", "timestamp": "2019-12-17T01:22:50.000Z", "eventType": "transaction", "_adobeamericaspot3": {"CRMID": "crmid:6596755701", "orderDetails": {"orderID": "orderid:721287", "reservationid": "NT0-ZSOG", "orderType": "mobile", "hotelSKU": "prd1187", "hotelCheckInUnix": "1578446570", "hotelCheckOutUnix": "1579051370", "hotelCheckInTS": "2020-01-08T01:22:50+00:00", "hotelCheckOutTS": "2020-01-15T01:22:50+00:00", "hotelChain": "Nesting Box Inn", "hotelName": "Nesting Box Inn: Cleveland", "hotelLocation": "Cleveland", "hotelRoomType": "standard", "hotelRoomCount": "1", "hotelGuestAdultCount": "1", "hotelGuestChildCount": "0", "hotelNightCount": "7", "hotelRoomPrice": "150.73", "hotelFinalPrice": "1055.11"}}}
{"_id": "orderid:359736", "timestamp": "2019-12-06T04:46:22.000Z", "eventType": "transaction", "_adobeamericaspot3": {"CRMID": "crmid:7467321412", "orderDetails": {"orderID": "orderid:359736", "reservationid": "BK5-EBSN", "orderType": "website", "hotelSKU": "prd1011", "hotelCheckInUnix": "1577076382", "hotelCheckOutUnix": "1577767582", "hotelCheckInTS": "2019-12-23T04:46:22+00:00", "hotelCheckOutTS": "2019-12-31T04:46:22+00:00", "hotelChain": "Hospitality Inn", "hotelName": "Hospitality Inn: Dallas", "hotelLocation": "Dallas", "hotelRoomType": "standard", "hotelRoomCount": "1", "hotelGuestAdultCount": "1", "hotelGuestChildCount": "0", "hotelNightCount": "8", "hotelRoomPrice": "137.55", "hotelFinalPrice": "1100.4"}}}
{"_id": "orderid:559215", "timestamp": "2019-12-20T12:47:45.000Z", "eventType": "transaction", "_adobeamericaspot3": {"CRMID": "crmid:1433942463", "orderDetails": {"orderID": "orderid:559215", "reservationid": "EAZ-SPJL", "orderType": "call center", "hotelSKU": "prd1083", "hotelCheckInUnix": "1576932465", "hotelCheckOutUnix": "1577105265", "hotelCheckInTS": "2019-12-21T12:47:45+00:00", "hotelCheckOutTS": "2019-12-23T12:47:45+00:00", "hotelChain": "Hospitality Inn", "hotelName": "Hospitality Inn: Bangkok", "hotelLocation": "Bangkok", "hotelRoomType": "standard", "hotelRoomCount": "1", "hotelGuestAdultCount": "1", "hotelGuestChildCount": "0", "hotelNightCount": "2", "hotelRoomPrice": "145.89", "hotelFinalPrice": "291.78"}}}
{"_id": "orderid:343651", "timestamp": "2020-01-09T10:12:26.000Z", "eventType": "transaction", "_adobeamericaspot3": {"CRMID": "crmid:6588317642", "orderDetails": {"orderID": "orderid:343651", "reservationid": "PCY-EKBU", "orderType": "website", "hotelSKU": "prd1068", "hotelCheckInUnix": "1580292746", "hotelCheckOutUnix": "1581070346", "hotelCheckInTS": "2020-01-29T10:12:26+00:00", "hotelCheckOutTS": "2020-02-07T10:12:26+00:00", "hotelChain": "Repose Resort", "hotelName": "Repose Resort: Dhaka", "hotelLocation": "Dhaka", "hotelRoomType": "standard", "hotelRoomCount": "1", "hotelGuestAdultCount": "1", "hotelGuestChildCount": "4", "hotelNightCount": "9", "hotelRoomPrice": "123.97", "hotelFinalPrice": "1115.73"}}}
{"_id": "orderid:838626", "timestamp": "2020-01-22T07:10:15.000Z", "eventType": "transaction", "_adobeamericaspot3": {"CRMID": "crmid:6903416866", "orderDetails": {"orderID": "orderid:838626", "reservationid": "QUF-8YWN", "orderType": "website", "hotelSKU": "prd1143", "hotelCheckInUnix": "1582096215", "hotelCheckOutUnix": "1582528215", "hotelCheckInTS": "2020-02-19T07:10:15+00:00", "hotelCheckOutTS": "2020-02-24T07:10:15+00:00", "hotelChain": "Hospitality Inn", "hotelName": "Hospitality Inn: San Antonio", "hotelLocation": "San Antonio", "hotelRoomType": "standard", "hotelRoomCount": "1", "hotelGuestAdultCount": "1", "hotelGuestChildCount": "4", "hotelNightCount": "5", "hotelRoomPrice": "137.07", "hotelFinalPrice": "685.35"}}}
{"_id": "orderid:303834", "timestamp": "2019-12-22T06:19:08.000Z", "eventType": "transaction", "_adobeamericaspot3": {"CRMID": "crmid:6701758529", "orderDetails": {"orderID": "orderid:303834", "reservationid": "C54-9YMB", "orderType": "website", "hotelSKU": "prd1086", "hotelCheckInUnix": "1577513948", "hotelCheckOutUnix": "1577686748", "hotelCheckInTS": "2019-12-28T06:19:08+00:00", "hotelCheckOutTS": "2019-12-30T06:19:08+00:00", "hotelChain": "Restful Nights", "hotelName": "Restful Nights: Johannesburg", "hotelLocation": "Johannesburg", "hotelRoomType": "standard", "hotelRoomCount": "1", "hotelGuestAdultCount": "1", "hotelGuestChildCount": "0", "hotelNightCount": "2", "hotelRoomPrice": "150.04", "hotelFinalPrice": "300.08"}}}
{"_id": "orderid:865455", "timestamp": "2020-01-22T18:20:16.000Z", "eventType": "transaction", "_adobeamericaspot3": {"CRMID": "crmid:4838016332", "orderDetails": {"orderID": "orderid:865455", "reservationid": "ESX-AIIX", "orderType": "kiosk", "hotelSKU": "prd1124", "hotelCheckInUnix": "1579803616", "hotelCheckOutUnix": "1579890016", "hotelCheckInTS": "2020-01-23T18:20:16+00:00", "hotelCheckOutTS": "2020-01-24T18:20:16+00:00", "hotelChain": "Aspen Heights", "hotelName": "Aspen Heights: Leeds", "hotelLocation": "Leeds", "hotelRoomType": "premium", "hotelRoomCount": "1", "hotelGuestAdultCount": "1", "hotelGuestChildCount": "0", "hotelNightCount": "1", "hotelRoomPrice": "181.69", "hotelFinalPrice": "181.69"}}}
{"_id": "orderid:760501", "timestamp": "2020-01-25T00:00:00.000Z", "eventType": "transaction", "_adobeamericaspot3": {"CRMID": "crmid:4838016332", "orderDetails": {"orderID": "orderid:760501", "reservationid": "YDF-B46E", "orderType": "kiosk", "hotelSKU": "prd1027", "hotelCheckInUnix": "1579996800", "hotelCheckOutUnix": "1580342400", "hotelCheckInTS": "2020-01-26T00:00:00+00:00", "hotelCheckOutTS": "2020-01-30T00:00:00+00:00", "hotelChain": "Family Fun Hotels", "hotelName": "Family Fun Hotels: Memphis", "hotelLocation": "Memphis", "hotelRoomType": "standard", "hotelRoomCount": "1", "hotelGuestAdultCount": "1", "hotelGuestChildCount": "0", "hotelNightCount": "4", "hotelRoomPrice": "125.68", "hotelFinalPrice": "502.72"}}}
{"_id": "orderid:827199", "timestamp": "2019-12-14T16:25:32.000Z", "eventType": "transaction", "_adobeamericaspot3": {"CRMID": "crmid:2739791272", "orderDetails": {"orderID": "orderid:827199", "reservationid": "VVG-M6A2", "orderType": "kiosk", "hotelSKU": "prd1017", "hotelCheckInUnix": "1576772732", "hotelCheckOutUnix": "1577377532", "hotelCheckInTS": "2019-12-19T16:25:32+00:00", "hotelCheckOutTS": "2019-12-26T16:25:32+00:00", "hotelChain": "Sapphire Suites", "hotelName": "Sapphire Suites: Fort Worth", "hotelLocation": "Fort Worth", "hotelRoomType": "standard", "hotelRoomCount": "1", "hotelGuestAdultCount": "1", "hotelGuestChildCount": "3", "hotelNightCount": "7", "hotelRoomPrice": "126.97", "hotelFinalPrice": "888.79"}}}
{"_id": "orderid:389703", "timestamp": "2020-01-29T09:24:19.000Z", "eventType": "transaction", "_adobeamericaspot3": {"CRMID": "crmid:3997378169", "orderDetails": {"orderID": "orderid:389703", "reservationid": "Q9D-UBOH", "orderType": "call center", "hotelSKU": "prd1100", "hotelCheckInUnix": "1580549059", "hotelCheckOutUnix": "1580894659", "hotelCheckInTS": "2020-02-01T09:24:19+00:00", "hotelCheckOutTS": "2020-02-05T09:24:19+00:00", "hotelChain": "Aspen Heights", "hotelName": "Aspen Heights: Misk", "hotelLocation": "Misk", "hotelRoomType": "premium", "hotelRoomCount": "1", "hotelGuestAdultCount": "1", "hotelGuestChildCount": "0", "hotelNightCount": "4", "hotelRoomPrice": "153.49", "hotelFinalPrice": "613.96"}}}
{"_id": "orderid:755857", "timestamp": "2020-02-07T00:00:00.000Z", "eventType": "transaction", "_adobeamericaspot3": {"CRMID": "crmid:3997378169", "orderDetails": {"orderID": "orderid:755857", "reservationid": "CKJ-AIIT", "orderType": "website", "hotelSKU": "prd1166", "hotelCheckInUnix": "1581552000", "hotelCheckOutUnix": "1581811200", "hotelCheckInTS": "2020-02-13T00:00:00+00:00", "hotelCheckOutTS": "2020-02-16T00:00:00+00:00", "hotelChain": "Blue Reef Resort", "hotelName": "Blue Reef Resort: Baltimore", "hotelLocation": "Baltimore", "hotelRoomType": "premium", "hotelRoomCount": "1", "hotelGuestAdultCount": "1", "hotelGuestChildCount": "0", "hotelNightCount": "3", "hotelRoomPrice": "113.02", "hotelFinalPrice": "339.06"}}}
{"_id": "orderid:223171", "timestamp": "2019-12-04T14:48:35.000Z", "eventType": "transaction", "_adobeamericaspot3": {"CRMID": "crmid:4469025365", "orderDetails": {"orderID": "orderid:223171", "reservationid": "KAT-DMOT", "orderType": "service desk", "hotelSKU": "prd1118", "hotelCheckInUnix": "1575643715", "hotelCheckOutUnix": "1575902915", "hotelCheckInTS": "2019-12-06T14:48:35+00:00", "hotelCheckOutTS": "2019-12-09T14:48:35+00:00", "hotelChain": "Blue Reef Resort", "hotelName": "Blue Reef Resort: Cologne", "hotelLocation": "Cologne", "hotelRoomType": "premium", "hotelRoomCount": "1", "hotelGuestAdultCount": "1", "hotelGuestChildCount": "0", "hotelNightCount": "3", "hotelRoomPrice": "116.78", "hotelFinalPrice": "350.34"}}}
{"_id": "orderid:382685", "timestamp": "2020-01-24T01:06:06.000Z", "eventType": "transaction", "_adobeamericaspot3": {"CRMID": "crmid:4430840113", "orderDetails": {"orderID": "orderid:382685", "reservationid": "XS2-M5ID", "orderType": "kiosk", "hotelSKU": "prd1166", "hotelCheckInUnix": "1580259966", "hotelCheckOutUnix": "1580778366", "hotelCheckInTS": "2020-01-29T01:06:06+00:00", "hotelCheckOutTS": "2020-02-04T01:06:06+00:00", "hotelChain": "Blue Reef Resort", "hotelName": "Blue Reef Resort: Baltimore", "hotelLocation": "Baltimore", "hotelRoomType": "standard", "hotelRoomCount": "1", "hotelGuestAdultCount": "1", "hotelGuestChildCount": "4", "hotelNightCount": "6", "hotelRoomPrice": "163.97", "hotelFinalPrice": "983.82"}}}
{"_id": "orderid:623056", "timestamp": "2020-01-04T13:08:32.000Z", "eventType": "transaction", "_adobeamericaspot3": {"CRMID": "crmid:3743617563", "orderDetails": {"orderID": "orderid:623056", "reservationid": "JSX-ADZA", "orderType": "call center", "hotelSKU": "prd1046", "hotelCheckInUnix": "1580303312", "hotelCheckOutUnix": "1580908112", "hotelCheckInTS": "2020-01-29T13:08:32+00:00", "hotelCheckOutTS": "2020-02-05T13:08:32+00:00", "hotelChain": "Blue Reef Resort", "hotelName": "Blue Reef Resort: Virginia Beach", "hotelLocation": "Virginia Beach", "hotelRoomType": "standard", "hotelRoomCount": "1", "hotelGuestAdultCount": "1", "hotelGuestChildCount": "0", "hotelNightCount": "7", "hotelRoomPrice": "136.48", "hotelFinalPrice": "955.36"}}}
{"_id": "orderid:577875", "timestamp": "2020-01-26T16:55:59.000Z", "eventType": "transaction", "_adobeamericaspot3": {"CRMID": "crmid:1524230599", "orderDetails": {"orderID": "orderid:577875", "reservationid": "4BX-2GL2", "orderType": "kiosk", "hotelSKU": "prd1190", "hotelCheckInUnix": "1582217759", "hotelCheckOutUnix": "1583772959", "hotelCheckInTS": "2020-02-20T16:55:59+00:00", "hotelCheckOutTS": "2020-03-09T16:55:59+00:00", "hotelChain": "Blue Reef Resort", "hotelName": "Blue Reef Resort: Aurora", "hotelLocation": "Aurora", "hotelRoomType": "standard", "hotelRoomCount": "1", "hotelGuestAdultCount": "1", "hotelGuestChildCount": "0", "hotelNightCount": "18", "hotelRoomPrice": "145.83", "hotelFinalPrice": "2624.94"}}}
{"_id": "orderid:325075", "timestamp": "2019-12-22T13:00:59.000Z", "eventType": "transaction", "_adobeamericaspot3": {"CRMID": "crmid:9798339022", "orderDetails": {"orderID": "orderid:325075", "reservationid": "VCZ-IFNS", "orderType": "website", "hotelSKU": "prd1117", "hotelCheckInUnix": "1578920459", "hotelCheckOutUnix": "1580302859", "hotelCheckInTS": "2020-01-13T13:00:59+00:00", "hotelCheckOutTS": "2020-01-29T13:00:59+00:00", "hotelChain": "Admiralty Plaza", "hotelName": "Admiralty Plaza: Dublin", "hotelLocation": "Dublin", "hotelRoomType": "standard", "hotelRoomCount": "1", "hotelGuestAdultCount": "1", "hotelGuestChildCount": "0", "hotelNightCount": "16", "hotelRoomPrice": "129.18", "hotelFinalPrice": "2066.88"}}}
{"_id": "orderid:408259", "timestamp": "2020-01-10T02:56:54.000Z", "eventType": "transaction", "_adobeamericaspot3": {"CRMID": "crmid:7554807691", "orderDetails": {"orderID": "orderid:408259", "reservationid": "ESE-KHFK", "orderType": "call center", "hotelSKU": "prd1103", "hotelCheckInUnix": "1578711414", "hotelCheckOutUnix": "1578884214", "hotelCheckInTS": "2020-01-11T02:56:54+00:00", "hotelCheckOutTS": "2020-01-13T02:56:54+00:00", "hotelChain": "Nesting Box Inn", "hotelName": "Nesting Box Inn: Hamburg", "hotelLocation": "Hamburg", "hotelRoomType": "standard", "hotelRoomCount": "1", "hotelGuestAdultCount": "1", "hotelGuestChildCount": "0", "hotelNightCount": "2", "hotelRoomPrice": "96.14", "hotelFinalPrice": "192.28"}}}
{"_id": "orderid:208608", "timestamp": "2020-01-23T15:20:59.000Z", "eventType": "transaction", "_adobeamericaspot3": {"CRMID": "crmid:4397466721", "orderDetails": {"orderID": "orderid:208608", "reservationid": "AHY-NGCP", "orderType": "kiosk", "hotelSKU": "prd1133", "hotelCheckInUnix": "1581866459", "hotelCheckOutUnix": "1582471259", "hotelCheckInTS": "2020-02-16T15:20:59+00:00", "hotelCheckOutTS": "2020-02-23T15:20:59+00:00", "hotelChain": "Grandeur Hotels", "hotelName": "Grandeur Hotels: Toronto", "hotelLocation": "Toronto", "hotelRoomType": "standard", "hotelRoomCount": "1", "hotelGuestAdultCount": "1", "hotelGuestChildCount": "0", "hotelNightCount": "7", "hotelRoomPrice": "133.26", "hotelFinalPrice": "932.82"}}}
{"_id": "orderid:159579", "timestamp": "2020-01-18T07:40:02.000Z", "eventType": "transaction", "_adobeamericaspot3": {"CRMID": "crmid:8029651950", "orderDetails": {"orderID": "orderid:159579", "reservationid": "LJY-3QSL", "orderType": "mobile", "hotelSKU": "prd1148", "hotelCheckInUnix": "1579765202", "hotelCheckOutUnix": "1580974802", "hotelCheckInTS": "2020-01-23T07:40:02+00:00", "hotelCheckOutTS": "2020-02-06T07:40:02+00:00", "hotelChain": "Aspen Heights", "hotelName": "Aspen Heights: Jacksonville", "hotelLocation": "Jacksonville", "hotelRoomType": "presidential-suite", "hotelRoomCount": "1", "hotelGuestAdultCount": "1", "hotelGuestChildCount": "0", "hotelNightCount": "14", "hotelRoomPrice": "917.56", "hotelFinalPrice": "12845.84"}}}
{"_id": "orderid:459681", "timestamp": "2019-12-31T07:03:48.000Z", "eventType": "transaction", "_adobeamericaspot3": {"CRMID": "crmid:6403546696", "orderDetails": {"orderID": "orderid:459681", "reservationid": "JK6-T6D9", "orderType": "call center", "hotelSKU": "prd1045", "hotelCheckInUnix": "1579590228", "hotelCheckOutUnix": "1581231828", "hotelCheckInTS": "2020-01-21T07:03:48+00:00", "hotelCheckOutTS": "2020-02-09T07:03:48+00:00", "hotelChain": "Admiralty Plaza", "hotelName": "Admiralty Plaza: Miami", "hotelLocation": "Miami", "hotelRoomType": "standard", "hotelRoomCount": "1", "hotelGuestAdultCount": "1", "hotelGuestChildCount": "0", "hotelNightCount": "19", "hotelRoomPrice": "137.0", "hotelFinalPrice": "2603.0"}}}
{"_id": "orderid:120462", "timestamp": "2020-01-28T23:55:32.000Z", "eventType": "transaction", "_adobeamericaspot3": {"CRMID": "crmid:5978718509", "orderDetails": {"orderID": "orderid:120462", "reservationid": "FUD-U7C4", "orderType": "kiosk", "hotelSKU": "prd1136", "hotelCheckInUnix": "1581810932", "hotelCheckOutUnix": "1583020532", "hotelCheckInTS": "2020-02-15T23:55:32+00:00", "hotelCheckOutTS": "2020-02-29T23:55:32+00:00", "hotelChain": "Aspen Heights", "hotelName": "Aspen Heights: Osaka", "hotelLocation": "Osaka", "hotelRoomType": "standard", "hotelRoomCount": "1", "hotelGuestAdultCount": "1", "hotelGuestChildCount": "3", "hotelNightCount": "14", "hotelRoomPrice": "166.44", "hotelFinalPrice": "2330.16"}}}
{"_id": "orderid:914741", "timestamp": "2019-12-07T05:37:56.000Z", "eventType": "transaction", "_adobeamericaspot3": {"CRMID": "crmid:8748797924", "orderDetails": {"orderID": "orderid:914741", "reservationid": "TUY-YHCW", "orderType": "website", "hotelSKU": "prd1100", "hotelCheckInUnix": "1577597876", "hotelCheckOutUnix": "1578289076", "hotelCheckInTS": "2019-12-29T05:37:56+00:00", "hotelCheckOutTS": "2020-01-06T05:37:56+00:00", "hotelChain": "Aspen Heights", "hotelName": "Aspen Heights: Misk", "hotelLocation": "Misk", "hotelRoomType": "standard", "hotelRoomCount": "1", "hotelGuestAdultCount": "1", "hotelGuestChildCount": "0", "hotelNightCount": "8", "hotelRoomPrice": "127.73", "hotelFinalPrice": "1021.84"}}}
{"_id": "orderid:757745", "timestamp": "2020-01-21T15:10:02.000Z", "eventType": "transaction", "_adobeamericaspot3": {"CRMID": "crmid:8577409071", "orderDetails": {"orderID": "orderid:757745", "reservationid": "AF6-T5LT", "orderType": "call center", "hotelSKU": "prd1005", "hotelCheckInUnix": "1579878602", "hotelCheckOutUnix": "1580483402", "hotelCheckInTS": "2020-01-24T15:10:02+00:00", "hotelCheckOutTS": "2020-01-31T15:10:02+00:00", "hotelChain": "Sapphire Suites", "hotelName": "Sapphire Suites: Los Angeles", "hotelLocation": "Los Angeles", "hotelRoomType": "standard", "hotelRoomCount": "1", "hotelGuestAdultCount": "1", "hotelGuestChildCount": "3", "hotelNightCount": "7", "hotelRoomPrice": "152.92", "hotelFinalPrice": "1070.44"}}}
{"_id": "orderid:808917", "timestamp": "2019-12-23T01:26:06.000Z", "eventType": "transaction", "_adobeamericaspot3": {"CRMID": "crmid:7797156370", "orderDetails": {"orderID": "orderid:808917", "reservationid": "Q8U-1B2I", "orderType": "service desk", "hotelSKU": "prd1182", "hotelCheckInUnix": "1579397166", "hotelCheckOutUnix": "1580001966", "hotelCheckInTS": "2020-01-19T01:26:06+00:00", "hotelCheckOutTS": "2020-01-26T01:26:06+00:00", "hotelChain": "Restful Nights", "hotelName": "Restful Nights: Minneapolis", "hotelLocation": "Minneapolis", "hotelRoomType": "premium", "hotelRoomCount": "1", "hotelGuestAdultCount": "1", "hotelGuestChildCount": "0", "hotelNightCount": "7", "hotelRoomPrice": "106.96", "hotelFinalPrice": "748.72"}}}
{"_id": "orderid:141611", "timestamp": "2020-02-08T03:32:41.000Z", "eventType": "transaction", "_adobeamericaspot3": {"CRMID": "crmid:1851204825", "orderDetails": {"orderID": "orderid:141611", "reservationid": "CMK-GKJQ", "orderType": "service desk", "hotelSKU": "prd1119", "hotelCheckInUnix": "1582860761", "hotelCheckOutUnix": "1583119961", "hotelCheckInTS": "2020-02-28T03:32:41+00:00", "hotelCheckOutTS": "2020-03-02T03:32:41+00:00", "hotelChain": "Hospitality Inn", "hotelName": "Hospitality Inn: Turin", "hotelLocation": "Turin", "hotelRoomType": "luxury", "hotelRoomCount": "1", "hotelGuestAdultCount": "1", "hotelGuestChildCount": "0", "hotelNightCount": "3", "hotelRoomPrice": "342.2", "hotelFinalPrice": "1026.6"}}}
{"_id": "orderid:480273", "timestamp": "2019-12-06T03:20:08.000Z", "eventType": "transaction", "_adobeamericaspot3": {"CRMID": "crmid:8953474258", "orderDetails": {"orderID": "orderid:480273", "reservationid": "H4E-QBUT", "orderType": "website", "hotelSKU": "prd1002", "hotelCheckInUnix": "1576293608", "hotelCheckOutUnix": "1576725608", "hotelCheckInTS": "2019-12-14T03:20:08+00:00", "hotelCheckOutTS": "2019-12-19T03:20:08+00:00", "hotelChain": "Restful Nights", "hotelName": "Restful Nights: Chicago", "hotelLocation": "Chicago", "hotelRoomType": "luxury", "hotelRoomCount": "1", "hotelGuestAdultCount": "1", "hotelGuestChildCount": "0", "hotelNightCount": "5", "hotelRoomPrice": "300.07", "hotelFinalPrice": "1500.35"}}}
{"_id": "orderid:176159", "timestamp": "2020-01-08T00:35:30.000Z", "eventType": "transaction", "_adobeamericaspot3": {"CRMID": "crmid:5397304066", "orderDetails": {"orderID": "orderid:176159", "reservationid": "QBA-WRNN", "orderType": "kiosk", "hotelSKU": "prd1059", "hotelCheckInUnix": "1578530130", "hotelCheckOutUnix": "1578789330", "hotelCheckInTS": "2020-01-09T00:35:30+00:00", "hotelCheckOutTS": "2020-01-12T00:35:30+00:00", "hotelChain": "Hospitality Inn", "hotelName": "Hospitality Inn: Kinshasa", "hotelLocation": "Kinshasa", "hotelRoomType": "premium", "hotelRoomCount": "1", "hotelGuestAdultCount": "1", "hotelGuestChildCount": "0", "hotelNightCount": "3", "hotelRoomPrice": "159.09", "hotelFinalPrice": "477.27"}}}
{"_id": "orderid:567085", "timestamp": "2019-12-01T12:03:22.000Z", "eventType": "transaction", "_adobeamericaspot3": {"CRMID": "crmid:5071950340", "orderDetails": {"orderID": "orderid:567085", "reservationid": "FG6-HUMW", "orderType": "service desk", "hotelSKU": "prd1021", "hotelCheckInUnix": "1575288202", "hotelCheckOutUnix": "1575374602", "hotelCheckInTS": "2019-12-02T12:03:22+00:00", "hotelCheckOutTS": "2019-12-03T12:03:22+00:00", "hotelChain": "Admiralty Plaza", "hotelName": "Admiralty Plaza: Denver", "hotelLocation": "Denver", "hotelRoomType": "standard", "hotelRoomCount": "1", "hotelGuestAdultCount": "1", "hotelGuestChildCount": "0", "hotelNightCount": "1", "hotelRoomPrice": "116.68", "hotelFinalPrice": "116.68"}}}
{"_id": "orderid:292179", "timestamp": "2020-02-02T07:39:33.000Z", "eventType": "transaction", "_adobeamericaspot3": {"CRMID": "crmid:7001815146", "orderDetails": {"orderID": "orderid:292179", "reservationid": "FMW-CIFT", "orderType": "website", "hotelSKU": "prd1117", "hotelCheckInUnix": "1582789173", "hotelCheckOutUnix": "1584257973", "hotelCheckInTS": "2020-02-27T07:39:33+00:00", "hotelCheckOutTS": "2020-03-15T07:39:33+00:00", "hotelChain": "Admiralty Plaza", "hotelName": "Admiralty Plaza: Dublin", "hotelLocation": "Dublin", "hotelRoomType": "standard", "hotelRoomCount": "1", "hotelGuestAdultCount": "1", "hotelGuestChildCount": "0", "hotelNightCount": "17", "hotelRoomPrice": "86.31", "hotelFinalPrice": "1467.27"}}}
{"_id": "orderid:891740", "timestamp": "2020-02-12T17:57:58.000Z", "eventType": "transaction", "_adobeamericaspot3": {"CRMID": "crmid:8320373046", "orderDetails": {"orderID": "orderid:891740", "reservationid": "XCD-NXIX", "orderType": "mobile", "hotelSKU": "prd1098", "hotelCheckInUnix": "1583344678", "hotelCheckOutUnix": "1583517478", "hotelCheckInTS": "2020-03-04T17:57:58+00:00", "hotelCheckOutTS": "2020-03-06T17:57:58+00:00", "hotelChain": "Restful Nights", "hotelName": "Restful Nights: Kiev", "hotelLocation": "Kiev", "hotelRoomType": "standard", "hotelRoomCount": "1", "hotelGuestAdultCount": "1", "hotelGuestChildCount": "0", "hotelNightCount": "2", "hotelRoomPrice": "139.92", "hotelFinalPrice": "279.84"}}}
{"_id": "orderid:660206", "timestamp": "2019-12-15T08:19:21.000Z", "eventType": "transaction", "_adobeamericaspot3": {"CRMID": "crmid:2560258195", "orderDetails": {"orderID": "orderid:660206", "reservationid": "GSY-DLJ3", "orderType": "website", "hotelSKU": "prd1121", "hotelCheckInUnix": "1578903561", "hotelCheckOutUnix": "1579940361", "hotelCheckInTS": "2020-01-13T08:19:21+00:00", "hotelCheckOutTS": "2020-01-25T08:19:21+00:00", "hotelChain": "Grandeur Hotels", "hotelName": "Grandeur Hotels: Stockholm", "hotelLocation": "Stockholm", "hotelRoomType": "premium", "hotelRoomCount": "1", "hotelGuestAdultCount": "1", "hotelGuestChildCount": "0", "hotelNightCount": "12", "hotelRoomPrice": "151.54", "hotelFinalPrice": "1818.48"}}}
{"_id": "orderid:879695", "timestamp": "2020-01-18T06:34:04.000Z", "eventType": "transaction", "_adobeamericaspot3": {"CRMID": "crmid:6211812028", "orderDetails": {"orderID": "orderid:879695", "reservationid": "AJY-SCQY", "orderType": "mobile", "hotelSKU": "prd1130", "hotelCheckInUnix": "1581489244", "hotelCheckOutUnix": "1581748444", "hotelCheckInTS": "2020-02-12T06:34:04+00:00", "hotelCheckOutTS": "2020-02-15T06:34:04+00:00", "hotelChain": "Blue Reef Resort", "hotelName": "Blue Reef Resort: Bremen", "hotelLocation": "Bremen", "hotelRoomType": "standard", "hotelRoomCount": "1", "hotelGuestAdultCount": "1", "hotelGuestChildCount": "0", "hotelNightCount": "3", "hotelRoomPrice": "163.55", "hotelFinalPrice": "490.65"}}}
{"_id": "orderid:120969", "timestamp": "2019-12-05T01:31:12.000Z", "eventType": "transaction", "_adobeamericaspot3": {"CRMID": "crmid:3924043058", "orderDetails": {"orderID": "orderid:120969", "reservationid": "D7X-QIGY", "orderType": "mobile", "hotelSKU": "prd1189", "hotelCheckInUnix": "1575855072", "hotelCheckOutUnix": "1576459872", "hotelCheckInTS": "2019-12-09T01:31:12+00:00", "hotelCheckOutTS": "2019-12-16T01:31:12+00:00", "hotelChain": "Admiralty Plaza", "hotelName": "Admiralty Plaza: Bakersfield", "hotelLocation": "Bakersfield", "hotelRoomType": "presidential-suite", "hotelRoomCount": "1", "hotelGuestAdultCount": "1", "hotelGuestChildCount": "1", "hotelNightCount": "7", "hotelRoomPrice": "882.89", "hotelFinalPrice": "6180.23"}}}
{"_id": "orderid:927152", "timestamp": "2019-12-31T19:38:12.000Z", "eventType": "transaction", "_adobeamericaspot3": {"CRMID": "crmid:5341683679", "orderDetails": {"orderID": "orderid:927152", "reservationid": "X47-PO6V", "orderType": "kiosk", "hotelSKU": "prd1014", "hotelCheckInUnix": "1579635492", "hotelCheckOutUnix": "1580845092", "hotelCheckInTS": "2020-01-21T19:38:12+00:00", "hotelCheckOutTS": "2020-02-04T19:38:12+00:00", "hotelChain": "Restful Nights", "hotelName": "Restful Nights: Jacksonville", "hotelLocation": "Jacksonville", "hotelRoomType": "standard", "hotelRoomCount": "1", "hotelGuestAdultCount": "1", "hotelGuestChildCount": "3", "hotelNightCount": "14", "hotelRoomPrice": "165.26", "hotelFinalPrice": "2313.64"}}}
{"_id": "orderid:768066", "timestamp": "2020-02-14T23:06:30.000Z", "eventType": "transaction", "_adobeamericaspot3": {"CRMID": "crmid:7914331170", "orderDetails": {"orderID": "orderid:768066", "reservationid": "HGZ-NIGU", "orderType": "call center", "hotelSKU": "prd1040", "hotelCheckInUnix": "1584054390", "hotelCheckOutUnix": "1584313590", "hotelCheckInTS": "2020-03-12T23:06:30+00:00", "hotelCheckOutTS": "2020-03-15T23:06:30+00:00", "hotelChain": "Aspen Heights", "hotelName": "Aspen Heights: Atlanta", "hotelLocation": "Atlanta", "hotelRoomType": "standard", "hotelRoomCount": "1", "hotelGuestAdultCount": "1", "hotelGuestChildCount": "0", "hotelNightCount": "3", "hotelRoomPrice": "106.23", "hotelFinalPrice": "318.69"}}}
{"_id": "orderid:382190", "timestamp": "2020-02-05T21:41:05.000Z", "eventType": "transaction", "_adobeamericaspot3": {"CRMID": "crmid:3700216727", "orderDetails": {"orderID": "orderid:382190", "reservationid": "HFT-FOEA", "orderType": "kiosk", "hotelSKU": "prd1109", "hotelCheckInUnix": "1582839665", "hotelCheckOutUnix": "1583185265", "hotelCheckInTS": "2020-02-27T21:41:05+00:00", "hotelCheckOutTS": "2020-03-02T21:41:05+00:00", "hotelChain": "Grandeur Hotels", "hotelName": "Grandeur Hotels: Belgrade", "hotelLocation": "Belgrade", "hotelRoomType": "standard", "hotelRoomCount": "1", "hotelGuestAdultCount": "1", "hotelGuestChildCount": "3", "hotelNightCount": "4", "hotelRoomPrice": "128.23", "hotelFinalPrice": "512.92"}}}
{"_id": "orderid:350940", "timestamp": "2020-01-22T09:38:51.000Z", "eventType": "transaction", "_adobeamericaspot3": {"CRMID": "crmid:6389804981", "orderDetails": {"orderID": "orderid:350940", "reservationid": "M4L-JIRP", "orderType": "kiosk", "hotelSKU": "prd1156", "hotelCheckInUnix": "1580463531", "hotelCheckOutUnix": "1581327531", "hotelCheckInTS": "2020-01-31T09:38:51+00:00", "hotelCheckOutTS": "2020-02-10T09:38:51+00:00", "hotelChain": "Sandhill", "hotelName": "Sandhill: Washington DC", "hotelLocation": "Washington DC", "hotelRoomType": "standard", "hotelRoomCount": "1", "hotelGuestAdultCount": "1", "hotelGuestChildCount": "2", "hotelNightCount": "10", "hotelRoomPrice": "180.54", "hotelFinalPrice": "1805.4"}}}
{"_id": "orderid:572535", "timestamp": "2020-01-01T12:15:05.000Z", "eventType": "transaction", "_adobeamericaspot3": {"CRMID": "crmid:1950862006", "orderDetails": {"orderID": "orderid:572535", "reservationid": "466-FKTZ", "orderType": "website", "hotelSKU": "prd1145", "hotelCheckInUnix": "1577967305", "hotelCheckOutUnix": "1578226505", "hotelCheckInTS": "2020-01-02T12:15:05+00:00", "hotelCheckOutTS": "2020-01-05T12:15:05+00:00", "hotelChain": "Grandeur Hotels", "hotelName": "Grandeur Hotels: Dallas", "hotelLocation": "Dallas", "hotelRoomType": "standard", "hotelRoomCount": "1", "hotelGuestAdultCount": "1", "hotelGuestChildCount": "0", "hotelNightCount": "3", "hotelRoomPrice": "161.09", "hotelFinalPrice": "483.27"}}}
{"_id": "orderid:312379", "timestamp": "2020-01-06T00:00:00.000Z", "eventType": "transaction", "_adobeamericaspot3": {"CRMID": "crmid:1950862006", "orderDetails": {"orderID": "orderid:312379", "reservationid": "6NF-UUM7", "orderType": "call center", "hotelSKU": "prd1007", "hotelCheckInUnix": "1578441600", "hotelCheckOutUnix": "1578528000", "hotelCheckInTS": "2020-01-08T00:00:00+00:00", "hotelCheckOutTS": "2020-01-09T00:00:00+00:00", "hotelChain": "Nesting Box Inn", "hotelName": "Nesting Box Inn: Phoenix", "hotelLocation": "Phoenix", "hotelRoomType": "standard", "hotelRoomCount": "1", "hotelGuestAdultCount": "1", "hotelGuestChildCount": "0", "hotelNightCount": "1", "hotelRoomPrice": "147.88", "hotelFinalPrice": "147.88"}}}
{"_id": "orderid:429012", "timestamp": "2020-01-10T00:00:00.000Z", "eventType": "transaction", "_adobeamericaspot3": {"CRMID": "crmid:1950862006", "orderDetails": {"orderID": "orderid:429012", "reservationid": "ZAK-1CHH", "orderType": "kiosk", "hotelSKU": "prd1026", "hotelCheckInUnix": "1578787200", "hotelCheckOutUnix": "1578873600", "hotelCheckInTS": "2020-01-12T00:00:00+00:00", "hotelCheckOutTS": "2020-01-13T00:00:00+00:00", "hotelChain": "Restful Nights", "hotelName": "Restful Nights: Nashville", "hotelLocation": "Nashville", "hotelRoomType": "standard", "hotelRoomCount": "1", "hotelGuestAdultCount": "1", "hotelGuestChildCount": "0", "hotelNightCount": "1", "hotelRoomPrice": "126.86", "hotelFinalPrice": "126.86"}}}
{"_id": "orderid:336949", "timestamp": "2020-01-24T20:17:08.000Z", "eventType": "transaction", "_adobeamericaspot3": {"CRMID": "crmid:5971640260", "orderDetails": {"orderID": "orderid:336949", "reservationid": "WZT-0ICP", "orderType": "kiosk", "hotelSKU": "prd1146", "hotelCheckInUnix": "1581884228", "hotelCheckOutUnix": "1582316228", "hotelCheckInTS": "2020-02-16T20:17:08+00:00", "hotelCheckOutTS": "2020-02-21T20:17:08+00:00", "hotelChain": "Restful Nights", "hotelName": "Restful Nights: San Jose", "hotelLocation": "San Jose", "hotelRoomType": "premium", "hotelRoomCount": "1", "hotelGuestAdultCount": "1", "hotelGuestChildCount": "0", "hotelNightCount": "5", "hotelRoomPrice": "159.75", "hotelFinalPrice": "798.75"}}}
{"_id": "orderid:766814", "timestamp": "2020-01-17T22:18:43.000Z", "eventType": "transaction", "_adobeamericaspot3": {"CRMID": "crmid:1754491809", "orderDetails": {"orderID": "orderid:766814", "reservationid": "BMM-YMOC", "orderType": "mobile", "hotelSKU": "prd1033", "hotelCheckInUnix": "1579385923", "hotelCheckOutUnix": "1579472323", "hotelCheckInTS": "2020-01-18T22:18:43+00:00", "hotelCheckOutTS": "2020-01-19T22:18:43+00:00", "hotelChain": "Admiralty Plaza", "hotelName": "Admiralty Plaza: Milwaukee", "hotelLocation": "Milwaukee", "hotelRoomType": "standard", "hotelRoomCount": "1", "hotelGuestAdultCount": "1", "hotelGuestChildCount": "0", "hotelNightCount": "1", "hotelRoomPrice": "160.85", "hotelFinalPrice": "160.85"}}}
{"_id": "orderid:121930", "timestamp": "2020-02-03T17:47:04.000Z", "eventType": "transaction", "_adobeamericaspot3": {"CRMID": "crmid:6909479423", "orderDetails": {"orderID": "orderid:121930", "reservationid": "LA6-PIHX", "orderType": "call center", "hotelSKU": "prd1177", "hotelCheckInUnix": "1580838424", "hotelCheckOutUnix": "1580924824", "hotelCheckInTS": "2020-02-04T17:47:04+00:00", "hotelCheckOutTS": "2020-02-05T17:47:04+00:00", "hotelChain": "Admiralty Plaza", "hotelName": "Admiralty Plaza: Raleigh", "hotelLocation": "Raleigh", "hotelRoomType": "standard", "hotelRoomCount": "1", "hotelGuestAdultCount": "1", "hotelGuestChildCount": "0", "hotelNightCount": "1", "hotelRoomPrice": "153.78", "hotelFinalPrice": "153.78"}}}
{"_id": "orderid:767069", "timestamp": "2019-12-09T13:31:26.000Z", "eventType": "transaction", "_adobeamericaspot3": {"CRMID": "crmid:9910392819", "orderDetails": {"orderID": "orderid:767069", "reservationid": "ZD2-R8CC", "orderType": "kiosk", "hotelSKU": "prd1028", "hotelCheckInUnix": "1577626286", "hotelCheckOutUnix": "1577971886", "hotelCheckInTS": "2019-12-29T13:31:26+00:00", "hotelCheckOutTS": "2020-01-02T13:31:26+00:00", "hotelChain": "Aspen Heights", "hotelName": "Aspen Heights: Portland", "hotelLocation": "Portland", "hotelRoomType": "presidential-suite", "hotelRoomCount": "1", "hotelGuestAdultCount": "1", "hotelGuestChildCount": "0", "hotelNightCount": "4", "hotelRoomPrice": "908.78", "hotelFinalPrice": "3635.12"}}}
{"_id": "orderid:720283", "timestamp": "2020-01-17T13:20:45.000Z", "eventType": "transaction", "_adobeamericaspot3": {"CRMID": "crmid:5079175090", "orderDetails": {"orderID": "orderid:720283", "reservationid": "8OT-D5GQ", "orderType": "website", "hotelSKU": "prd1016", "hotelCheckInUnix": "1581686445", "hotelCheckOutUnix": "1582118445", "hotelCheckInTS": "2020-02-14T13:20:45+00:00", "hotelCheckOutTS": "2020-02-19T13:20:45+00:00", "hotelChain": "Aspen Heights", "hotelName": "Aspen Heights: Columbus", "hotelLocation": "Columbus", "hotelRoomType": "standard", "hotelRoomCount": "1", "hotelGuestAdultCount": "1", "hotelGuestChildCount": "0", "hotelNightCount": "5", "hotelRoomPrice": "128.19", "hotelFinalPrice": "640.95"}}}
{"_id": "orderid:778711", "timestamp": "2020-01-21T07:11:01.000Z", "eventType": "transaction", "_adobeamericaspot3": {"CRMID": "crmid:2936093671", "orderDetails": {"orderID": "orderid:778711", "reservationid": "WOB-QD4L", "orderType": "mobile", "hotelSKU": "prd1071", "hotelCheckInUnix": "1580109061", "hotelCheckOutUnix": "1580195461", "hotelCheckInTS": "2020-01-27T07:11:01+00:00", "hotelCheckOutTS": "2020-01-28T07:11:01+00:00", "hotelChain": "Hospitality Inn", "hotelName": "Hospitality Inn: Seoul", "hotelLocation": "Seoul", "hotelRoomType": "standard", "hotelRoomCount": "1", "hotelGuestAdultCount": "1", "hotelGuestChildCount": "0", "hotelNightCount": "1", "hotelRoomPrice": "174.15", "hotelFinalPrice": "174.15"}}}
{"_id": "orderid:563263", "timestamp": "2019-12-19T21:47:52.000Z", "eventType": "transaction", "_adobeamericaspot3": {"CRMID": "crmid:5970906044", "orderDetails": {"orderID": "orderid:563263", "reservationid": "CBA-MQR0", "orderType": "mobile", "hotelSKU": "prd1130", "hotelCheckInUnix": "1579124872", "hotelCheckOutUnix": "1579470472", "hotelCheckInTS": "2020-01-15T21:47:52+00:00", "hotelCheckOutTS": "2020-01-19T21:47:52+00:00", "hotelChain": "Blue Reef Resort", "hotelName": "Blue Reef Resort: Bremen", "hotelLocation": "Bremen", "hotelRoomType": "standard", "hotelRoomCount": "1", "hotelGuestAdultCount": "1", "hotelGuestChildCount": "0", "hotelNightCount": "4", "hotelRoomPrice": "148.0", "hotelFinalPrice": "592.0"}}}
{"_id": "orderid:688617", "timestamp": "2020-02-07T04:36:07.000Z", "eventType": "transaction", "_adobeamericaspot3": {"CRMID": "crmid:4988829726", "orderDetails": {"orderID": "orderid:688617", "reservationid": "SNW-VCMW", "orderType": "kiosk", "hotelSKU": "prd1071", "hotelCheckInUnix": "1581136567", "hotelCheckOutUnix": "1581309367", "hotelCheckInTS": "2020-02-08T04:36:07+00:00", "hotelCheckOutTS": "2020-02-10T04:36:07+00:00", "hotelChain": "Hospitality Inn", "hotelName": "Hospitality Inn: Seoul", "hotelLocation": "Seoul", "hotelRoomType": "standard", "hotelRoomCount": "1", "hotelGuestAdultCount": "1", "hotelGuestChildCount": "0", "hotelNightCount": "2", "hotelRoomPrice": "107.42", "hotelFinalPrice": "214.84"}}}
{"_id": "orderid:420110", "timestamp": "2020-02-07T12:15:36.000Z", "eventType": "transaction", "_adobeamericaspot3": {"CRMID": "crmid:7871279214", "orderDetails": {"orderID": "orderid:420110", "reservationid": "GSE-82IN", "orderType": "call center", "hotelSKU": "prd1194", "hotelCheckInUnix": "1582978536", "hotelCheckOutUnix": "1583496936", "hotelCheckInTS": "2020-02-29T12:15:36+00:00", "hotelCheckOutTS": "2020-03-06T12:15:36+00:00", "hotelChain": "Restful Nights", "hotelName": "Restful Nights: Tianjin", "hotelLocation": "Tianjin", "hotelRoomType": "standard", "hotelRoomCount": "1", "hotelGuestAdultCount": "1", "hotelGuestChildCount": "0", "hotelNightCount": "6", "hotelRoomPrice": "131.0", "hotelFinalPrice": "786.0"}}}
{"_id": "orderid:732706", "timestamp": "2019-12-20T03:53:29.000Z", "eventType": "transaction", "_adobeamericaspot3": {"CRMID": "crmid:2872274184", "orderDetails": {"orderID": "orderid:732706", "reservationid": "5SR-KU6F", "orderType": "website", "hotelSKU": "prd1118", "hotelCheckInUnix": "1576900409", "hotelCheckOutUnix": "1577246009", "hotelCheckInTS": "2019-12-21T03:53:29+00:00", "hotelCheckOutTS": "2019-12-25T03:53:29+00:00", "hotelChain": "Blue Reef Resort", "hotelName": "Blue Reef Resort: Cologne", "hotelLocation": "Cologne", "hotelRoomType": "standard", "hotelRoomCount": "1", "hotelGuestAdultCount": "1", "hotelGuestChildCount": "0", "hotelNightCount": "4", "hotelRoomPrice": "148.24", "hotelFinalPrice": "592.96"}}}
{"_id": "orderid:224968", "timestamp": "2020-01-23T18:40:32.000Z", "eventType": "transaction", "_adobeamericaspot3": {"CRMID": "crmid:9958560717", "orderDetails": {"orderID": "orderid:224968", "reservationid": "PAP-UFDG", "orderType": "mobile", "hotelSKU": "prd1012", "hotelCheckInUnix": "1581360032", "hotelCheckOutUnix": "1581878432", "hotelCheckInTS": "2020-02-10T18:40:32+00:00", "hotelCheckOutTS": "2020-02-16T18:40:32+00:00", "hotelChain": "Sandhill", "hotelName": "Sandhill: San Jose", "hotelLocation": "San Jose", "hotelRoomType": "standard", "hotelRoomCount": "1", "hotelGuestAdultCount": "1", "hotelGuestChildCount": "0", "hotelNightCount": "6", "hotelRoomPrice": "102.54", "hotelFinalPrice": "615.24"}}}
{"_id": "orderid:894908", "timestamp": "2020-02-15T01:10:31.000Z", "eventType": "transaction", "_adobeamericaspot3": {"CRMID": "crmid:5464113693", "orderDetails": {"orderID": "orderid:894908", "reservationid": "PCG-TYTY", "orderType": "call center", "hotelSKU": "prd1190", "hotelCheckInUnix": "1582679431", "hotelCheckOutUnix": "1583197831", "hotelCheckInTS": "2020-02-26T01:10:31+00:00", "hotelCheckOutTS": "2020-03-03T01:10:31+00:00", "hotelChain": "Blue Reef Resort", "hotelName": "Blue Reef Resort: Aurora", "hotelLocation": "Aurora", "hotelRoomType": "standard", "hotelRoomCount": "1", "hotelGuestAdultCount": "1", "hotelGuestChildCount": "0", "hotelNightCount": "6", "hotelRoomPrice": "151.03", "hotelFinalPrice": "906.18"}}}
{"_id": "orderid:449613", "timestamp": "2019-12-28T07:23:09.000Z", "eventType": "transaction", "_adobeamericaspot3": {"CRMID": "crmid:7553093613", "orderDetails": {"orderID": "orderid:449613", "reservationid": "SBE-TXPR", "orderType": "kiosk", "hotelSKU": "prd1046", "hotelCheckInUnix": "1578122589", "hotelCheckOutUnix": "1578208989", "hotelCheckInTS": "2020-01-04T07:23:09+00:00", "hotelCheckOutTS": "2020-01-05T07:23:09+00:00", "hotelChain": "Blue Reef Resort", "hotelName": "Blue Reef Resort: Virginia Beach", "hotelLocation": "Virginia Beach", "hotelRoomType": "standard", "hotelRoomCount": "1", "hotelGuestAdultCount": "1", "hotelGuestChildCount": "0", "hotelNightCount": "1", "hotelRoomPrice": "182.96", "hotelFinalPrice": "182.96"}}}
{"_id": "orderid:946051", "timestamp": "2019-12-27T15:34:45.000Z", "eventType": "transaction", "_adobeamericaspot3": {"CRMID": "crmid:1767738911", "orderDetails": {"orderID": "orderid:946051", "reservationid": "WLH-ARN4", "orderType": "kiosk", "hotelSKU": "prd1052", "hotelCheckInUnix": "1579793685", "hotelCheckOutUnix": "1580484885", "hotelCheckInTS": "2020-01-23T15:34:45+00:00", "hotelCheckOutTS": "2020-01-31T15:34:45+00:00", "hotelChain": "Aspen Heights", "hotelName": "Aspen Heights: Wichita", "hotelLocation": "Wichita", "hotelRoomType": "premium", "hotelRoomCount": "1", "hotelGuestAdultCount": "1", "hotelGuestChildCount": "0", "hotelNightCount": "8", "hotelRoomPrice": "128.03", "hotelFinalPrice": "1024.24"}}}
{"_id": "orderid:682571", "timestamp": "2019-12-08T17:24:15.000Z", "eventType": "transaction", "_adobeamericaspot3": {"CRMID": "crmid:3687682543", "orderDetails": {"orderID": "orderid:682571", "reservationid": "UGT-JDSF", "orderType": "website", "hotelSKU": "prd1190", "hotelCheckInUnix": "1577381055", "hotelCheckOutUnix": "1577813055", "hotelCheckInTS": "2019-12-26T17:24:15+00:00", "hotelCheckOutTS": "2019-12-31T17:24:15+00:00", "hotelChain": "Blue Reef Resort", "hotelName": "Blue Reef Resort: Aurora", "hotelLocation": "Aurora", "hotelRoomType": "standard", "hotelRoomCount": "1", "hotelGuestAdultCount": "1", "hotelGuestChildCount": "0", "hotelNightCount": "5", "hotelRoomPrice": "87.61", "hotelFinalPrice": "438.05"}}}
{"_id": "orderid:245271", "timestamp": "2020-01-12T10:50:40.000Z", "eventType": "transaction", "_adobeamericaspot3": {"CRMID": "crmid:8560035807", "orderDetails": {"orderID": "orderid:245271", "reservationid": "13M-GQVI", "orderType": "kiosk", "hotelSKU": "prd1166", "hotelCheckInUnix": "1580813440", "hotelCheckOutUnix": "1582109440", "hotelCheckInTS": "2020-02-04T10:50:40+00:00", "hotelCheckOutTS": "2020-02-19T10:50:40+00:00", "hotelChain": "Blue Reef Resort", "hotelName": "Blue Reef Resort: Baltimore", "hotelLocation": "Baltimore", "hotelRoomType": "ultra-luxury", "hotelRoomCount": "1", "hotelGuestAdultCount": "1", "hotelGuestChildCount": "1", "hotelNightCount": "15", "hotelRoomPrice": "376.02", "hotelFinalPrice": "5640.3"}}}
{"_id": "orderid:295643", "timestamp": "2019-12-30T23:24:43.000Z", "eventType": "transaction", "_adobeamericaspot3": {"CRMID": "crmid:8173606222", "orderDetails": {"orderID": "orderid:295643", "reservationid": "1KR-9HJS", "orderType": "service desk", "hotelSKU": "prd1092", "hotelCheckInUnix": "1579130683", "hotelCheckOutUnix": "1579908283", "hotelCheckInTS": "2020-01-15T23:24:43+00:00", "hotelCheckOutTS": "2020-01-24T23:24:43+00:00", "hotelChain": "Repose Resort", "hotelName": "Repose Resort: Cape Town", "hotelLocation": "Cape Town", "hotelRoomType": "premium", "hotelRoomCount": "1", "hotelGuestAdultCount": "1", "hotelGuestChildCount": "0", "hotelNightCount": "9", "hotelRoomPrice": "152.68", "hotelFinalPrice": "1374.12"}}}
{"_id": "orderid:315555", "timestamp": "2019-12-31T11:31:28.000Z", "eventType": "transaction", "_adobeamericaspot3": {"CRMID": "crmid:9296586780", "orderDetails": {"orderID": "orderid:315555", "reservationid": "1LO-QT59", "orderType": "kiosk", "hotelSKU": "prd1119", "hotelCheckInUnix": "1579606288", "hotelCheckOutUnix": "1580124688", "hotelCheckInTS": "2020-01-21T11:31:28+00:00", "hotelCheckOutTS": "2020-01-27T11:31:28+00:00", "hotelChain": "Hospitality Inn", "hotelName": "Hospitality Inn: Turin", "hotelLocation": "Turin", "hotelRoomType": "premium", "hotelRoomCount": "1", "hotelGuestAdultCount": "1", "hotelGuestChildCount": "1", "hotelNightCount": "6", "hotelRoomPrice": "172.64", "hotelFinalPrice": "1035.84"}}}
{"_id": "orderid:581245", "timestamp": "2019-12-12T00:51:59.000Z", "eventType": "transaction", "_adobeamericaspot3": {"CRMID": "crmid:5753165446", "orderDetails": {"orderID": "orderid:581245", "reservationid": "MOG-FZFO", "orderType": "website", "hotelSKU": "prd1189", "hotelCheckInUnix": "1577407919", "hotelCheckOutUnix": "1578444719", "hotelCheckInTS": "2019-12-27T00:51:59+00:00", "hotelCheckOutTS": "2020-01-08T00:51:59+00:00", "hotelChain": "Admiralty Plaza", "hotelName": "Admiralty Plaza: Bakersfield", "hotelLocation": "Bakersfield", "hotelRoomType": "standard", "hotelRoomCount": "1", "hotelGuestAdultCount": "1", "hotelGuestChildCount": "1", "hotelNightCount": "12", "hotelRoomPrice": "159.9", "hotelFinalPrice": "1918.8"}}}
{"_id": "orderid:754890", "timestamp": "2020-01-13T00:27:35.000Z", "eventType": "transaction", "_adobeamericaspot3": {"CRMID": "crmid:3139484196", "orderDetails": {"orderID": "orderid:754890", "reservationid": "9IS-NRHT", "orderType": "mobile", "hotelSKU": "prd1169", "hotelCheckInUnix": "1580776055", "hotelCheckOutUnix": "1581553655", "hotelCheckInTS": "2020-02-04T00:27:35+00:00", "hotelCheckOutTS": "2020-02-13T00:27:35+00:00", "hotelChain": "Grandeur Hotels", "hotelName": "Grandeur Hotels: Tucson", "hotelLocation": "Tucson", "hotelRoomType": "standard", "hotelRoomCount": "1", "hotelGuestAdultCount": "1", "hotelGuestChildCount": "2", "hotelNightCount": "9", "hotelRoomPrice": "113.98", "hotelFinalPrice": "1025.82"}}}
{"_id": "orderid:335187", "timestamp": "2019-12-22T02:38:00.000Z", "eventType": "transaction", "_adobeamericaspot3": {"CRMID": "crmid:7735702364", "orderDetails": {"orderID": "orderid:335187", "reservationid": "LWW-P47Q", "orderType": "website", "hotelSKU": "prd1193", "hotelCheckInUnix": "1579228680", "hotelCheckOutUnix": "1580265480", "hotelCheckInTS": "2020-01-17T02:38:00+00:00", "hotelCheckOutTS": "2020-01-29T02:38:00+00:00", "hotelChain": "Grandeur Hotels", "hotelName": "Grandeur Hotels: Kinshasa", "hotelLocation": "Kinshasa", "hotelRoomType": "standard", "hotelRoomCount": "1", "hotelGuestAdultCount": "1", "hotelGuestChildCount": "4", "hotelNightCount": "12", "hotelRoomPrice": "135.76", "hotelFinalPrice": "1629.12"}}}
{"_id": "orderid:869599", "timestamp": "2019-12-09T21:43:32.000Z", "eventType": "transaction", "_adobeamericaspot3": {"CRMID": "crmid:5188789481", "orderDetails": {"orderID": "orderid:869599", "reservationid": "JEY-XEVR", "orderType": "call center", "hotelSKU": "prd1169", "hotelCheckInUnix": "1577828612", "hotelCheckOutUnix": "1579383812", "hotelCheckInTS": "2019-12-31T21:43:32+00:00", "hotelCheckOutTS": "2020-01-18T21:43:32+00:00", "hotelChain": "Grandeur Hotels", "hotelName": "Grandeur Hotels: Tucson", "hotelLocation": "Tucson", "hotelRoomType": "standard", "hotelRoomCount": "1", "hotelGuestAdultCount": "1", "hotelGuestChildCount": "0", "hotelNightCount": "18", "hotelRoomPrice": "150.9", "hotelFinalPrice": "2716.2"}}}
{"_id": "orderid:496291", "timestamp": "2020-01-02T21:46:19.000Z", "eventType": "transaction", "_adobeamericaspot3": {"CRMID": "crmid:8039768331", "orderDetails": {"orderID": "orderid:496291", "reservationid": "A1Y-WTHK", "orderType": "call center", "hotelSKU": "prd1190", "hotelCheckInUnix": "1580161579", "hotelCheckOutUnix": "1580939179", "hotelCheckInTS": "2020-01-27T21:46:19+00:00", "hotelCheckOutTS": "2020-02-05T21:46:19+00:00", "hotelChain": "Blue Reef Resort", "hotelName": "Blue Reef Resort: Aurora", "hotelLocation": "Aurora", "hotelRoomType": "luxury", "hotelRoomCount": "1", "hotelGuestAdultCount": "1", "hotelGuestChildCount": "0", "hotelNightCount": "9", "hotelRoomPrice": "354.39", "hotelFinalPrice": "3189.51"}}}
{"_id": "orderid:446776", "timestamp": "2020-01-21T22:51:15.000Z", "eventType": "transaction", "_adobeamericaspot3": {"CRMID": "crmid:9222413844", "orderDetails": {"orderID": "orderid:446776", "reservationid": "FIB-PGXZ", "orderType": "website", "hotelSKU": "prd1063", "hotelCheckInUnix": "1579733475", "hotelCheckOutUnix": "1580251875", "hotelCheckInTS": "2020-01-22T22:51:15+00:00", "hotelCheckOutTS": "2020-01-28T22:51:15+00:00", "hotelChain": "Family Fun Hotels", "hotelName": "Family Fun Hotels: London", "hotelLocation": "London", "hotelRoomType": "standard", "hotelRoomCount": "1", "hotelGuestAdultCount": "1", "hotelGuestChildCount": "0", "hotelNightCount": "6", "hotelRoomPrice": "204.48", "hotelFinalPrice": "1226.88"}}}
{"_id": "orderid:280723", "timestamp": "2019-12-01T15:20:40.000Z", "eventType": "transaction", "_adobeamericaspot3": {"CRMID": "crmid:2466427610", "orderDetails": {"orderID": "orderid:280723", "reservationid": "SO1-HJ3L", "orderType": "service desk", "hotelSKU": "prd1047", "hotelCheckInUnix": "1576941640", "hotelCheckOutUnix": "1577287240", "hotelCheckInTS": "2019-12-21T15:20:40+00:00", "hotelCheckOutTS": "2019-12-25T15:20:40+00:00", "hotelChain": "Hospitality Inn", "hotelName": "Hospitality Inn: Oakland", "hotelLocation": "Oakland", "hotelRoomType": "standard", "hotelRoomCount": "1", "hotelGuestAdultCount": "1", "hotelGuestChildCount": "0", "hotelNightCount": "4", "hotelRoomPrice": "122.21", "hotelFinalPrice": "488.84"}}}
{"_id": "orderid:320265", "timestamp": "2019-12-10T13:03:59.000Z", "eventType": "transaction", "_adobeamericaspot3": {"CRMID": "crmid:4560051104", "orderDetails": {"orderID": "orderid:320265", "reservationid": "FCB-KQ9L", "orderType": "kiosk", "hotelSKU": "prd1143", "hotelCheckInUnix": "1576242239", "hotelCheckOutUnix": "1576328639", "hotelCheckInTS": "2019-12-13T13:03:59+00:00", "hotelCheckOutTS": "2019-12-14T13:03:59+00:00", "hotelChain": "Hospitality Inn", "hotelName": "Hospitality Inn: San Antonio", "hotelLocation": "San Antonio", "hotelRoomType": "presidential-suite", "hotelRoomCount": "1", "hotelGuestAdultCount": "1", "hotelGuestChildCount": "0", "hotelNightCount": "1", "hotelRoomPrice": "874.42", "hotelFinalPrice": "874.42"}}}
{"_id": "orderid:785673", "timestamp": "2020-01-04T10:56:12.000Z", "eventType": "transaction", "_adobeamericaspot3": {"CRMID": "crmid:1610430839", "orderDetails": {"orderID": "orderid:785673", "reservationid": "EOF-XY4V", "orderType": "website", "hotelSKU": "prd1148", "hotelCheckInUnix": "1578221772", "hotelCheckOutUnix": "1578394572", "hotelCheckInTS": "2020-01-05T10:56:12+00:00", "hotelCheckOutTS": "2020-01-07T10:56:12+00:00", "hotelChain": "Aspen Heights", "hotelName": "Aspen Heights: Jacksonville", "hotelLocation": "Jacksonville", "hotelRoomType": "standard", "hotelRoomCount": "1", "hotelGuestAdultCount": "1", "hotelGuestChildCount": "0", "hotelNightCount": "2", "hotelRoomPrice": "115.85", "hotelFinalPrice": "231.7"}}}
{"_id": "orderid:610027", "timestamp": "2020-01-08T00:00:00.000Z", "eventType": "transaction", "_adobeamericaspot3": {"CRMID": "crmid:1610430839", "orderDetails": {"orderID": "orderid:610027", "reservationid": "ZZI-HRTR", "orderType": "website", "hotelSKU": "prd1118", "hotelCheckInUnix": "1578787200", "hotelCheckOutUnix": "1579046400", "hotelCheckInTS": "2020-01-12T00:00:00+00:00", "hotelCheckOutTS": "2020-01-15T00:00:00+00:00", "hotelChain": "Blue Reef Resort", "hotelName": "Blue Reef Resort: Cologne", "hotelLocation": "Cologne", "hotelRoomType": "standard", "hotelRoomCount": "1", "hotelGuestAdultCount": "1", "hotelGuestChildCount": "0", "hotelNightCount": "3", "hotelRoomPrice": "117.89", "hotelFinalPrice": "353.67"}}}
{"_id": "orderid:230617", "timestamp": "2019-12-10T23:55:50.000Z", "eventType": "transaction", "_adobeamericaspot3": {"CRMID": "crmid:9429865682", "orderDetails": {"orderID": "orderid:230617", "reservationid": "8ZI-WNJK", "orderType": "kiosk", "hotelSKU": "prd1070", "hotelCheckInUnix": "1578268550", "hotelCheckOutUnix": "1578873350", "hotelCheckInTS": "2020-01-05T23:55:50+00:00", "hotelCheckOutTS": "2020-01-12T23:55:50+00:00", "hotelChain": "Blue Reef Resort", "hotelName": "Blue Reef Resort: Jakarta", "hotelLocation": "Jakarta", "hotelRoomType": "standard", "hotelRoomCount": "1", "hotelGuestAdultCount": "1", "hotelGuestChildCount": "0", "hotelNightCount": "7", "hotelRoomPrice": "169.67", "hotelFinalPrice": "1187.69"}}}
{"_id": "orderid:672263", "timestamp": "2019-12-27T09:14:12.000Z", "eventType": "transaction", "_adobeamericaspot3": {"CRMID": "crmid:8084572608", "orderDetails": {"orderID": "orderid:672263", "reservationid": "GP3-7CEU", "orderType": "website", "hotelSKU": "prd1105", "hotelCheckInUnix": "1579770852", "hotelCheckOutUnix": "1580030052", "hotelCheckInTS": "2020-01-23T09:14:12+00:00", "hotelCheckOutTS": "2020-01-26T09:14:12+00:00", "hotelChain": "Admiralty Plaza", "hotelName": "Admiralty Plaza: Barcelona", "hotelLocation": "Barcelona", "hotelRoomType": "standard", "hotelRoomCount": "1", "hotelGuestAdultCount": "1", "hotelGuestChildCount": "0", "hotelNightCount": "3", "hotelRoomPrice": "149.83", "hotelFinalPrice": "449.49"}}}
{"_id": "orderid:365311", "timestamp": "2019-12-27T16:27:58.000Z", "eventType": "transaction", "_adobeamericaspot3": {"CRMID": "crmid:9152770021", "orderDetails": {"orderID": "orderid:365311", "reservationid": "LWW-HHLQ", "orderType": "call center", "hotelSKU": "prd1053", "hotelCheckInUnix": "1579192078", "hotelCheckOutUnix": "1579796878", "hotelCheckInTS": "2020-01-16T16:27:58+00:00", "hotelCheckOutTS": "2020-01-23T16:27:58+00:00", "hotelChain": "Sapphire Suites", "hotelName": "Sapphire Suites: Cleveland", "hotelLocation": "Cleveland", "hotelRoomType": "standard", "hotelRoomCount": "1", "hotelGuestAdultCount": "1", "hotelGuestChildCount": "4", "hotelNightCount": "7", "hotelRoomPrice": "108.99", "hotelFinalPrice": "762.93"}}}
{"_id": "orderid:780454", "timestamp": "2020-01-13T02:56:42.000Z", "eventType": "transaction", "_adobeamericaspot3": {"CRMID": "crmid:3809385271", "orderDetails": {"orderID": "orderid:780454", "reservationid": "3JK-G9PN", "orderType": "service desk", "hotelSKU": "prd1100", "hotelCheckInUnix": "1580785002", "hotelCheckOutUnix": "1581130602", "hotelCheckInTS": "2020-02-04T02:56:42+00:00", "hotelCheckOutTS": "2020-02-08T02:56:42+00:00", "hotelChain": "Aspen Heights", "hotelName": "Aspen Heights: Misk", "hotelLocation": "Misk", "hotelRoomType": "standard", "hotelRoomCount": "1", "hotelGuestAdultCount": "1", "hotelGuestChildCount": "0", "hotelNightCount": "4", "hotelRoomPrice": "106.52", "hotelFinalPrice": "426.08"}}}
{"_id": "orderid:421633", "timestamp": "2019-12-10T06:17:53.000Z", "eventType": "transaction", "_adobeamericaspot3": {"CRMID": "crmid:4709513272", "orderDetails": {"orderID": "orderid:421633", "reservationid": "MX6-ESWL", "orderType": "call center", "hotelSKU": "prd1113", "hotelCheckInUnix": "1577686673", "hotelCheckOutUnix": "1578896273", "hotelCheckInTS": "2019-12-30T06:17:53+00:00", "hotelCheckOutTS": "2020-01-13T06:17:53+00:00", "hotelChain": "Sapphire Suites", "hotelName": "Sapphire Suites: Kazan", "hotelLocation": "Kazan", "hotelRoomType": "standard", "hotelRoomCount": "1", "hotelGuestAdultCount": "1", "hotelGuestChildCount": "0", "hotelNightCount": "14", "hotelRoomPrice": "134.1", "hotelFinalPrice": "1877.4"}}}
{"_id": "orderid:147354", "timestamp": "2020-01-23T20:33:24.000Z", "eventType": "transaction", "_adobeamericaspot3": {"CRMID": "crmid:7738366994", "orderDetails": {"orderID": "orderid:147354", "reservationid": "7BY-DM5N", "orderType": "website", "hotelSKU": "prd1032", "hotelCheckInUnix": "1581712404", "hotelCheckOutUnix": "1583094804", "hotelCheckInTS": "2020-02-14T20:33:24+00:00", "hotelCheckOutTS": "2020-03-01T20:33:24+00:00", "hotelChain": "Repose Resort", "hotelName": "Repose Resort: Baltimore", "hotelLocation": "Baltimore", "hotelRoomType": "standard", "hotelRoomCount": "1", "hotelGuestAdultCount": "1", "hotelGuestChildCount": "4", "hotelNightCount": "16", "hotelRoomPrice": "147.27", "hotelFinalPrice": "2356.32"}}}
{"_id": "orderid:791904", "timestamp": "2020-01-11T16:46:59.000Z", "eventType": "transaction", "_adobeamericaspot3": {"CRMID": "crmid:7993967965", "orderDetails": {"orderID": "orderid:791904", "reservationid": "CXB-TPAA", "orderType": "mobile", "hotelSKU": "prd1130", "hotelCheckInUnix": "1579193219", "hotelCheckOutUnix": "1579970819", "hotelCheckInTS": "2020-01-16T16:46:59+00:00", "hotelCheckOutTS": "2020-01-25T16:46:59+00:00", "hotelChain": "Blue Reef Resort", "hotelName": "Blue Reef Resort: Bremen", "hotelLocation": "Bremen", "hotelRoomType": "standard", "hotelRoomCount": "1", "hotelGuestAdultCount": "1", "hotelGuestChildCount": "0", "hotelNightCount": "9", "hotelRoomPrice": "129.96", "hotelFinalPrice": "1169.64"}}}
{"_id": "orderid:838375", "timestamp": "2020-01-30T07:57:02.000Z", "eventType": "transaction", "_adobeamericaspot3": {"CRMID": "crmid:7177382789", "orderDetails": {"orderID": "orderid:838375", "reservationid": "CWJ-2FRI", "orderType": "website", "hotelSKU": "prd1129", "hotelCheckInUnix": "1580457422", "hotelCheckOutUnix": "1580543822", "hotelCheckInTS": "2020-01-31T07:57:02+00:00", "hotelCheckOutTS": "2020-02-01T07:57:02+00:00", "hotelChain": "Admiralty Plaza", "hotelName": "Admiralty Plaza: Helsinki", "hotelLocation": "Helsinki", "hotelRoomType": "standard", "hotelRoomCount": "1", "hotelGuestAdultCount": "1", "hotelGuestChildCount": "0", "hotelNightCount": "1", "hotelRoomPrice": "161.84", "hotelFinalPrice": "161.84"}}}
{"_id": "orderid:274510", "timestamp": "2020-02-03T00:00:00.000Z", "eventType": "transaction", "_adobeamericaspot3": {"CRMID": "crmid:7177382789", "orderDetails": {"orderID": "orderid:274510", "reservationid": "0WX-XEUQ", "orderType": "mobile", "hotelSKU": "prd1105", "hotelCheckInUnix": "1580774400", "hotelCheckOutUnix": "1580947200", "hotelCheckInTS": "2020-02-04T00:00:00+00:00", "hotelCheckOutTS": "2020-02-06T00:00:00+00:00", "hotelChain": "Admiralty Plaza", "hotelName": "Admiralty Plaza: Barcelona", "hotelLocation": "Barcelona", "hotelRoomType": "premium", "hotelRoomCount": "1", "hotelGuestAdultCount": "1", "hotelGuestChildCount": "0", "hotelNightCount": "2", "hotelRoomPrice": "199.65", "hotelFinalPrice": "399.3"}}}
{"_id": "orderid:235532", "timestamp": "2019-12-02T20:47:07.000Z", "eventType": "transaction", "_adobeamericaspot3": {"CRMID": "crmid:1113402843", "orderDetails": {"orderID": "orderid:235532", "reservationid": "6XR-45DH", "orderType": "kiosk", "hotelSKU": "prd1004", "hotelCheckInUnix": "1577652427", "hotelCheckOutUnix": "1578170827", "hotelCheckInTS": "2019-12-29T20:47:07+00:00", "hotelCheckOutTS": "2020-01-04T20:47:07+00:00", "hotelChain": "Aspen Heights", "hotelName": "Aspen Heights: Boulder", "hotelLocation": "Boulder", "hotelRoomType": "standard", "hotelRoomCount": "1", "hotelGuestAdultCount": "1", "hotelGuestChildCount": "0", "hotelNightCount": "6", "hotelRoomPrice": "121.82", "hotelFinalPrice": "730.92"}}}
{"_id": "orderid:723440", "timestamp": "2019-12-30T18:58:54.000Z", "eventType": "transaction", "_adobeamericaspot3": {"CRMID": "crmid:5071157827", "orderDetails": {"orderID": "orderid:723440", "reservationid": "A0G-6FIX", "orderType": "website", "hotelSKU": "prd1184", "hotelCheckInUnix": "1579546734", "hotelCheckOutUnix": "1580324334", "hotelCheckInTS": "2020-01-20T18:58:54+00:00", "hotelCheckOutTS": "2020-01-29T18:58:54+00:00", "hotelChain": "Aspen Heights", "hotelName": "Aspen Heights: Arlington", "hotelLocation": "Arlington", "hotelRoomType": "premium", "hotelRoomCount": "1", "hotelGuestAdultCount": "1", "hotelGuestChildCount": "0", "hotelNightCount": "9", "hotelRoomPrice": "141.07", "hotelFinalPrice": "1269.63"}}}
{"_id": "orderid:452317", "timestamp": "2019-12-05T21:06:17.000Z", "eventType": "transaction", "_adobeamericaspot3": {"CRMID": "crmid:9157498210", "orderDetails": {"orderID": "orderid:452317", "reservationid": "1YU-NQDB", "orderType": "mobile", "hotelSKU": "prd1154", "hotelCheckInUnix": "1575666377", "hotelCheckOutUnix": "1575839177", "hotelCheckInTS": "2019-12-06T21:06:17+00:00", "hotelCheckOutTS": "2019-12-08T21:06:17+00:00", "hotelChain": "Blue Reef Resort", "hotelName": "Blue Reef Resort: Seattle", "hotelLocation": "Seattle", "hotelRoomType": "standard", "hotelRoomCount": "1", "hotelGuestAdultCount": "1", "hotelGuestChildCount": "0", "hotelNightCount": "2", "hotelRoomPrice": "159.35", "hotelFinalPrice": "318.7"}}}
{"_id": "orderid:987371", "timestamp": "2019-12-29T16:35:07.000Z", "eventType": "transaction", "_adobeamericaspot3": {"CRMID": "crmid:9336888631", "orderDetails": {"orderID": "orderid:987371", "reservationid": "UU7-CHFC", "orderType": "website", "hotelSKU": "prd1112", "hotelCheckInUnix": "1579451707", "hotelCheckOutUnix": "1580142907", "hotelCheckInTS": "2020-01-19T16:35:07+00:00", "hotelCheckOutTS": "2020-01-27T16:35:07+00:00", "hotelChain": "Aspen Heights", "hotelName": "Aspen Heights: Birmingham", "hotelLocation": "Birmingham", "hotelRoomType": "premium", "hotelRoomCount": "1", "hotelGuestAdultCount": "1", "hotelGuestChildCount": "0", "hotelNightCount": "8", "hotelRoomPrice": "174.64", "hotelFinalPrice": "1397.12"}}}
{"_id": "orderid:232022", "timestamp": "2020-02-04T04:45:24.000Z", "eventType": "transaction", "_adobeamericaspot3": {"CRMID": "crmid:6502950474", "orderDetails": {"orderID": "orderid:232022", "reservationid": "X4L-8WKV", "orderType": "website", "hotelSKU": "prd1052", "hotelCheckInUnix": "1582778724", "hotelCheckOutUnix": "1583037924", "hotelCheckInTS": "2020-02-27T04:45:24+00:00", "hotelCheckOutTS": "2020-03-01T04:45:24+00:00", "hotelChain": "Aspen Heights", "hotelName": "Aspen Heights: Wichita", "hotelLocation": "Wichita", "hotelRoomType": "standard", "hotelRoomCount": "1", "hotelGuestAdultCount": "1", "hotelGuestChildCount": "0", "hotelNightCount": "3", "hotelRoomPrice": "145.27", "hotelFinalPrice": "435.81"}}}
{"_id": "orderid:978290", "timestamp": "2020-02-11T07:40:41.000Z", "eventType": "transaction", "_adobeamericaspot3": {"CRMID": "crmid:6686931131", "orderDetails": {"orderID": "orderid:978290", "reservationid": "CMI-K64E", "orderType": "call center", "hotelSKU": "prd1077", "hotelCheckInUnix": "1581493241", "hotelCheckOutUnix": "1582011641", "hotelCheckInTS": "2020-02-12T07:40:41+00:00", "hotelCheckOutTS": "2020-02-18T07:40:41+00:00", "hotelChain": "Sapphire Suites", "hotelName": "Sapphire Suites: Cairo", "hotelLocation": "Cairo", "hotelRoomType": "standard", "hotelRoomCount": "1", "hotelGuestAdultCount": "1", "hotelGuestChildCount": "0", "hotelNightCount": "6", "hotelRoomPrice": "158.54", "hotelFinalPrice": "951.24"}}}
{"_id": "orderid:377394", "timestamp": "2019-12-19T14:57:48.000Z", "eventType": "transaction", "_adobeamericaspot3": {"CRMID": "crmid:9344830607", "orderDetails": {"orderID": "orderid:377394", "reservationid": "ELR-ZDJW", "orderType": "website", "hotelSKU": "prd1187", "hotelCheckInUnix": "1578841068", "hotelCheckOutUnix": "1580309868", "hotelCheckInTS": "2020-01-12T14:57:48+00:00", "hotelCheckOutTS": "2020-01-29T14:57:48+00:00", "hotelChain": "Nesting Box Inn", "hotelName": "Nesting Box Inn: Cleveland", "hotelLocation": "Cleveland", "hotelRoomType": "standard", "hotelRoomCount": "1", "hotelGuestAdultCount": "1", "hotelGuestChildCount": "0", "hotelNightCount": "17", "hotelRoomPrice": "184.48", "hotelFinalPrice": "3136.16"}}}
{"_id": "orderid:173531", "timestamp": "2019-12-15T02:40:29.000Z", "eventType": "transaction", "_adobeamericaspot3": {"CRMID": "crmid:9276077343", "orderDetails": {"orderID": "orderid:173531", "reservationid": "CDH-GSVQ", "orderType": "call center", "hotelSKU": "prd1118", "hotelCheckInUnix": "1576550429", "hotelCheckOutUnix": "1576723229", "hotelCheckInTS": "2019-12-17T02:40:29+00:00", "hotelCheckOutTS": "2019-12-19T02:40:29+00:00", "hotelChain": "Blue Reef Resort", "hotelName": "Blue Reef Resort: Cologne", "hotelLocation": "Cologne", "hotelRoomType": "standard", "hotelRoomCount": "1", "hotelGuestAdultCount": "1", "hotelGuestChildCount": "0", "hotelNightCount": "2", "hotelRoomPrice": "141.1", "hotelFinalPrice": "282.2"}}}
{"_id": "orderid:994040", "timestamp": "2019-12-30T14:50:50.000Z", "eventType": "transaction", "_adobeamericaspot3": {"CRMID": "crmid:1989957145", "orderDetails": {"orderID": "orderid:994040", "reservationid": "1H4-WL7W", "orderType": "website", "hotelSKU": "prd1124", "hotelCheckInUnix": "1579791050", "hotelCheckOutUnix": "1580655050", "hotelCheckInTS": "2020-01-23T14:50:50+00:00", "hotelCheckOutTS": "2020-02-02T14:50:50+00:00", "hotelChain": "Aspen Heights", "hotelName": "Aspen Heights: Leeds", "hotelLocation": "Leeds", "hotelRoomType": "standard", "hotelRoomCount": "1", "hotelGuestAdultCount": "1", "hotelGuestChildCount": "0", "hotelNightCount": "10", "hotelRoomPrice": "158.34", "hotelFinalPrice": "1583.4"}}}
{"_id": "orderid:501975", "timestamp": "2020-02-06T18:58:18.000Z", "eventType": "transaction", "_adobeamericaspot3": {"CRMID": "crmid:6535686207", "orderDetails": {"orderID": "orderid:501975", "reservationid": "AEA-WSI8", "orderType": "kiosk", "hotelSKU": "prd1103", "hotelCheckInUnix": "1581101898", "hotelCheckOutUnix": "1581274698", "hotelCheckInTS": "2020-02-07T18:58:18+00:00", "hotelCheckOutTS": "2020-02-09T18:58:18+00:00", "hotelChain": "Nesting Box Inn", "hotelName": "Nesting Box Inn: Hamburg", "hotelLocation": "Hamburg", "hotelRoomType": "standard", "hotelRoomCount": "1", "hotelGuestAdultCount": "1", "hotelGuestChildCount": "0", "hotelNightCount": "2", "hotelRoomPrice": "107.97", "hotelFinalPrice": "215.94"}}}
