{"_id": "f9720bf6-53c8-11ea-90ef-b88a60e194fb", "timestamp": "2020-01-23T08:00:19.000Z", "eventType": "transaction", "_adobeamericaspot3": {"CRMID": "crmid:7906401059", "orderDetails": {"orderID": "orderid:480532", "reservationid": "28U-ILAB", "orderType": "website"}}}
{"_id": "f972f63a-53c8-11ea-897c-b88a60e194fb", "timestamp": "2020-02-03T00:09:03.000Z", "eventType": "transaction", "_adobeamericaspot3": {"CRMID": "crmid:5105200989", "orderDetails": {"orderID": "orderid:947301", "reservationid": "BP1-NGUX", "orderType": "website"}}}
{"_id": "f973e098-53c8-11ea-ad38-b88a60e194fb", "timestamp": "2020-01-02T15:30:35.000Z", "eventType": "transaction", "_adobeamericaspot3": {"CRMID": "crmid:3516402593", "orderDetails": {"orderID": "orderid:633449", "reservationid": "SRF-VPVE", "orderType": "website"}}}
{"_id": "f974cae2-53c8-11ea-8814-b88a60e194fb", "timestamp": "2020-02-08T08:14:55.000Z", "eventType": "transaction", "_adobeamericaspot3": {"CRMID": "crmid:1220616234", "orderDetails": {"orderID": "orderid:536000", "reservationid": "6HK-WPW3", "orderType": "mobile"}}}
{"_id": "f9758e24-53c8-11ea-9756-b88a60e194fb", "timestamp": "2020-02-01T18:40:28.000Z", "eventType": "transaction", "_adobeamericaspot3": {"CRMID": "crmid:4614287642", "orderDetails": {"orderID": "orderid:775214", "reservationid": "EWP-LKAA", "orderType": "mobile"}}}
{"_id": "f976789e-53c8-11ea-8e3d-b88a60e194fb", "timestamp": "2019-12-02T23:44:53.000Z", "eventType": "transaction", "_adobeamericaspot3": {"CRMID": "crmid:1108957991", "orderDetails": {"orderID": "orderid:765670", "reservationid": "E62-VQH4", "orderType": "call center"}}}
{"_id": "f9778a8c-53c8-11ea-833d-b88a60e194fb", "timestamp": "2020-01-16T07:24:35.000Z", "eventType": "transaction", "_adobeamericaspot3": {"CRMID": "crmid:2714641190", "orderDetails": {"orderID": "orderid:938388", "reservationid": "D2S-3MIZ", "orderType": "website"}}}
{"_id": "f9784d74-53c8-11ea-8d2a-b88a60e194fb", "timestamp": "2019-12-06T23:20:59.000Z", "eventType": "transaction", "_adobeamericaspot3": {"CRMID": "crmid:2163847566", "orderDetails": {"orderID": "orderid:395535", "reservationid": "4CC-CPRU", "orderType": "mobile"}}}
{"_id": "f97910ae-53c8-11ea-8ff4-b88a60e194fb", "timestamp": "2020-01-08T07:39:10.000Z", "eventType": "transaction", "_adobeamericaspot3": {"CRMID": "crmid:7663625933", "orderDetails": {"orderID": "orderid:195969", "reservationid": "YDR-OEQT", "orderType": "kiosk"}}}
{"_id": "f979d400-53c8-11ea-9e8e-b88a60e194fb", "timestamp": "2019-12-20T08:00:47.000Z", "eventType": "transaction", "_adobeamericaspot3": {"CRMID": "crmid:5550675738", "orderDetails": {"orderID": "orderid:583061", "reservationid": "L18-DEXW", "orderType": "kiosk"}}}
{"_id": "f97ae574-53c8-11ea-8923-b88a60e194fb", "timestamp": "2020-01-28T13:52:23.000Z", "eventType": "transaction", "_adobeamericaspot3": {"CRMID": "crmid:2806773557", "orderDetails": {"orderID": "orderid:723849", "reservationid": "1XL-JHM4", "orderType": "call center"}}}
{"_id": "f97ba8ba-53c8-11ea-b6f5-b88a60e194fb", "timestamp": "2019-12-14T05:18:37.000Z", "eventType": "transaction", "_adobeamericaspot3": {"CRMID": "crmid:6981169325", "orderDetails": {"orderID": "orderid:166857", "reservationid": "SMV-YZ0C", "orderType": "call center"}}}
{"_id": "f97cba36-53c8-11ea-87ba-b88a60e194fb", "timestamp": "2020-02-04T14:19:24.000Z", "eventType": "transaction", "_adobeamericaspot3": {"CRMID": "crmid:2144277523", "orderDetails": {"orderID": "orderid:237653", "reservationid": "YBJ-HQ9Y", "orderType": "call center"}}}
{"_id": "f97d7d76-53c8-11ea-9b45-b88a60e194fb", "timestamp": "2019-12-27T23:21:06.000Z", "eventType": "transaction", "_adobeamericaspot3": {"CRMID": "crmid:8303277063", "orderDetails": {"orderID": "orderid:762758", "reservationid": "SWN-4XPQ", "orderType": "website"}}}
{"_id": "f97e67d8-53c8-11ea-8e36-b88a60e194fb", "timestamp": "2019-12-21T03:10:57.000Z", "eventType": "transaction", "_adobeamericaspot3": {"CRMID": "crmid:4359557282", "orderDetails": {"orderID": "orderid:868041", "reservationid": "LLY-GTEO", "orderType": "call center"}}}
{"_id": "f97f2b2e-53c8-11ea-94f9-b88a60e194fb", "timestamp": "2020-01-09T10:44:35.000Z", "eventType": "transaction", "_adobeamericaspot3": {"CRMID": "crmid:4711871644", "orderDetails": {"orderID": "orderid:953615", "reservationid": "BQH-OTUD", "orderType": "call center"}}}
{"_id": "f97feeb6-53c8-11ea-9435-b88a60e194fb", "timestamp": "2019-12-22T22:45:53.000Z", "eventType": "transaction", "_adobeamericaspot3": {"CRMID": "crmid:5576469933", "orderDetails": {"orderID": "orderid:987834", "reservationid": "P1S-QMFS", "orderType": "mobile"}}}
{"_id": "f980d8de-53c8-11ea-a7d8-b88a60e194fb", "timestamp": "2020-01-23T03:20:37.000Z", "eventType": "transaction", "_adobeamericaspot3": {"CRMID": "crmid:7039164119", "orderDetails": {"orderID": "orderid:886348", "reservationid": "7OS-LF7S", "orderType": "call center"}}}
{"_id": "f981c1fa-53c8-11ea-afbf-b88a60e194fb", "timestamp": "2020-01-14T13:21:28.000Z", "eventType": "transaction", "_adobeamericaspot3": {"CRMID": "crmid:8952619347", "orderDetails": {"orderID": "orderid:966320", "reservationid": "ZP9-GOXB", "orderType": "kiosk"}}}
{"_id": "f982868a-53c8-11ea-adab-b88a60e194fb", "timestamp": "2020-01-27T06:05:58.000Z", "eventType": "transaction", "_adobeamericaspot3": {"CRMID": "crmid:9603314627", "orderDetails": {"orderID": "orderid:395902", "reservationid": "RKM-DIHQ", "orderType": "service desk"}}}
{"_id": "f98370f6-53c8-11ea-b5c0-b88a60e194fb", "timestamp": "2020-01-30T04:42:59.000Z", "eventType": "transaction", "_adobeamericaspot3": {"CRMID": "crmid:5654694673", "orderDetails": {"orderID": "orderid:652044", "reservationid": "HD1-XU8M", "orderType": "kiosk"}}}
{"_id": "f9843426-53c8-11ea-9684-b88a60e194fb", "timestamp": "2020-02-04T22:18:32.000Z", "eventType": "transaction", "_adobeamericaspot3": {"CRMID": "crmid:4720147233", "orderDetails": {"orderID": "orderid:270383", "reservationid": "CEF-4GAY", "orderType": "website"}}}
{"_id": "f9851eb6-53c8-11ea-a1fb-b88a60e194fb", "timestamp": "2019-12-08T12:09:33.000Z", "eventType": "transaction", "_adobeamericaspot3": {"CRMID": "crmid:7288324764", "orderDetails": {"orderID": "orderid:435156", "reservationid": "PI0-OXMP", "orderType": "call center"}}}
{"_id": "f9863012-53c8-11ea-a8bb-b88a60e194fb", "timestamp": "2020-01-08T10:23:23.000Z", "eventType": "transaction", "_adobeamericaspot3": {"CRMID": "crmid:8053542159", "orderDetails": {"orderID": "orderid:643041", "reservationid": "DSG-1V9R", "orderType": "website"}}}
{"_id": "f986f370-53c8-11ea-ba88-b88a60e194fb", "timestamp": "2019-12-25T18:23:20.000Z", "eventType": "transaction", "_adobeamericaspot3": {"CRMID": "crmid:6302088972", "orderDetails": {"orderID": "orderid:486723", "reservationid": "UQM-EVQG", "orderType": "mobile"}}}
{"_id": "f987ddc8-53c8-11ea-a000-b88a60e194fb", "timestamp": "2019-12-16T03:40:11.000Z", "eventType": "transaction", "_adobeamericaspot3": {"CRMID": "crmid:5691301137", "orderDetails": {"orderID": "orderid:156859", "reservationid": "DIE-QH4E", "orderType": "kiosk"}}}
{"_id": "f988c710-53c8-11ea-82a9-b88a60e194fb", "timestamp": "2019-12-29T17:55:34.000Z", "eventType": "transaction", "_adobeamericaspot3": {"CRMID": "crmid:1163036237", "orderDetails": {"orderID": "orderid:496107", "reservationid": "BGT-AWY3", "orderType": "kiosk"}}}
{"_id": "f9898b6e-53c8-11ea-922d-b88a60e194fb", "timestamp": "2020-01-17T05:18:59.000Z", "eventType": "transaction", "_adobeamericaspot3": {"CRMID": "crmid:4785610946", "orderDetails": {"orderID": "orderid:588415", "reservationid": "4B7-HZAQ", "orderType": "kiosk"}}}
{"_id": "f98a9cd8-53c8-11ea-9530-b88a60e194fb", "timestamp": "2020-01-27T22:58:53.000Z", "eventType": "transaction", "_adobeamericaspot3": {"CRMID": "crmid:9626404131", "orderDetails": {"orderID": "orderid:480775", "reservationid": "KRW-ITW9", "orderType": "mobile"}}}
{"_id": "f98b8728-53c8-11ea-a13c-b88a60e194fb", "timestamp": "2020-02-09T23:08:22.000Z", "eventType": "transaction", "_adobeamericaspot3": {"CRMID": "crmid:8973739284", "orderDetails": {"orderID": "orderid:188491", "reservationid": "QNI-GNSK", "orderType": "website"}}}
{"_id": "f98c4a8c-53c8-11ea-ad53-b88a60e194fb", "timestamp": "2019-12-26T02:23:43.000Z", "eventType": "transaction", "_adobeamericaspot3": {"CRMID": "crmid:5762752974", "orderDetails": {"orderID": "orderid:226714", "reservationid": "I7O-K1XV", "orderType": "website"}}}
{"_id": "f98d34e6-53c8-11ea-9c75-b88a60e194fb", "timestamp": "2020-01-20T07:27:33.000Z", "eventType": "transaction", "_adobeamericaspot3": {"CRMID": "crmid:8464867147", "orderDetails": {"orderID": "orderid:327555", "reservationid": "QBR-JGBW", "orderType": "website"}}}
{"_id": "f98e1f52-53c8-11ea-93cb-b88a60e194fb", "timestamp": "2019-12-29T16:49:46.000Z", "eventType": "transaction", "_adobeamericaspot3": {"CRMID": "crmid:2308743727", "orderDetails": {"orderID": "orderid:265342", "reservationid": "YHM-V31S", "orderType": "website"}}}
{"_id": "f98f30c2-53c8-11ea-9bb2-b88a60e194fb", "timestamp": "2020-01-28T21:28:04.000Z", "eventType": "transaction", "_adobeamericaspot3": {"CRMID": "crmid:8719808538", "orderDetails": {"orderID": "orderid:175790", "reservationid": "ZIH-IFPZ", "orderType": "website"}}}
{"_id": "f9901b3a-53c8-11ea-ab42-b88a60e194fb", "timestamp": "2020-01-05T22:16:59.000Z", "eventType": "transaction", "_adobeamericaspot3": {"CRMID": "crmid:6110937811", "orderDetails": {"orderID": "orderid:268752", "reservationid": "OXH-LYAP", "orderType": "call center"}}}
{"_id": "f990de6e-53c8-11ea-afca-b88a60e194fb", "timestamp": "2020-01-19T21:46:15.000Z", "eventType": "transaction", "_adobeamericaspot3": {"CRMID": "crmid:2749682818", "orderDetails": {"orderID": "orderid:889690", "reservationid": "TIO-LC7A", "orderType": "website"}}}
{"_id": "f991a1b8-53c8-11ea-9f8a-b88a60e194fb", "timestamp": "2019-12-16T08:54:16.000Z", "eventType": "transaction", "_adobeamericaspot3": {"CRMID": "crmid:1192689272", "orderDetails": {"orderID": "orderid:386673", "reservationid": "4S4-Q1RE", "orderType": "website"}}}
{"_id": "f9928c3a-53c8-11ea-878c-b88a60e194fb", "timestamp": "2020-02-15T16:44:40.000Z", "eventType": "transaction", "_adobeamericaspot3": {"CRMID": "crmid:8317083763", "orderDetails": {"orderID": "orderid:552647", "reservationid": "BTE-VZGR", "orderType": "call center"}}}
{"_id": "f993768a-53c8-11ea-a990-b88a60e194fb", "timestamp": "2020-02-02T05:18:41.000Z", "eventType": "transaction", "_adobeamericaspot3": {"CRMID": "crmid:6206654735", "orderDetails": {"orderID": "orderid:197671", "reservationid": "ZDO-5SVO", "orderType": "call center"}}}
{"_id": "f993768b-53c8-11ea-ad29-b88a60e194fb", "timestamp": "2020-02-09T00:00:00.000Z", "eventType": "transaction", "_adobeamericaspot3": {"CRMID": "crmid:6206654735", "orderDetails": {"orderID": "orderid:201969", "reservationid": "KVG-WMRJ", "orderType": "mobile"}}}
{"_id": "f99460f4-53c8-11ea-b899-b88a60e194fb", "timestamp": "2020-01-10T17:33:31.000Z", "eventType": "transaction", "_adobeamericaspot3": {"CRMID": "crmid:7617315896", "orderDetails": {"orderID": "orderid:180142", "reservationid": "BJD-JEW3", "orderType": "website"}}}
{"_id": "f995242e-53c8-11ea-b148-b88a60e194fb", "timestamp": "2020-01-13T14:21:22.000Z", "eventType": "transaction", "_adobeamericaspot3": {"CRMID": "crmid:6134351881", "orderDetails": {"orderID": "orderid:252362", "reservationid": "3UV-3YMV", "orderType": "call center"}}}
{"_id": "f995e786-53c8-11ea-824f-b88a60e194fb", "timestamp": "2020-02-15T21:21:28.000Z", "eventType": "transaction", "_adobeamericaspot3": {"CRMID": "crmid:2007711311", "orderDetails": {"orderID": "orderid:154256", "reservationid": "XXP-N7HH", "orderType": "call center"}}}
{"_id": "f996d0ee-53c8-11ea-896b-b88a60e194fb", "timestamp": "2019-12-25T00:57:37.000Z", "eventType": "transaction", "_adobeamericaspot3": {"CRMID": "crmid:8521180307", "orderDetails": {"orderID": "orderid:155600", "reservationid": "PU3-NKEL", "orderType": "kiosk"}}}
{"_id": "f9979524-53c8-11ea-ab06-b88a60e194fb", "timestamp": "2019-12-12T00:07:31.000Z", "eventType": "transaction", "_adobeamericaspot3": {"CRMID": "crmid:4861230712", "orderDetails": {"orderID": "orderid:142015", "reservationid": "ZWI-FK9R", "orderType": "kiosk"}}}
{"_id": "f99ac97e-53c8-11ea-bbff-b88a60e194fb", "timestamp": "2020-01-31T10:00:28.000Z", "eventType": "transaction", "_adobeamericaspot3": {"CRMID": "crmid:6471475468", "orderDetails": {"orderID": "orderid:915859", "reservationid": "7XR-CCBB", "orderType": "kiosk"}}}
{"_id": "f99bb33a-53c8-11ea-8858-b88a60e194fb", "timestamp": "2019-12-19T00:46:40.000Z", "eventType": "transaction", "_adobeamericaspot3": {"CRMID": "crmid:6552687466", "orderDetails": {"orderID": "orderid:958622", "reservationid": "QVZ-ZTU8", "orderType": "mobile"}}}
{"_id": "f99c9e28-53c8-11ea-a013-b88a60e194fb", "timestamp": "2020-01-02T13:50:03.000Z", "eventType": "transaction", "_adobeamericaspot3": {"CRMID": "crmid:1277542316", "orderDetails": {"orderID": "orderid:429538", "reservationid": "MIC-IAWZ", "orderType": "kiosk"}}}
{"_id": "f99dafb0-53c8-11ea-b08f-b88a60e194fb", "timestamp": "2020-01-29T00:00:41.000Z", "eventType": "transaction", "_adobeamericaspot3": {"CRMID": "crmid:8782724917", "orderDetails": {"orderID": "orderid:324166", "reservationid": "OP7-05BF", "orderType": "call center"}}}
{"_id": "f99e98b6-53c8-11ea-8477-b88a60e194fb", "timestamp": "2020-01-13T09:19:20.000Z", "eventType": "transaction", "_adobeamericaspot3": {"CRMID": "crmid:7925299222", "orderDetails": {"orderID": "orderid:204712", "reservationid": "VK1-R6ZK", "orderType": "website"}}}
{"_id": "f99f8464-53c8-11ea-8054-b88a60e194fb", "timestamp": "2020-01-07T03:16:04.000Z", "eventType": "transaction", "_adobeamericaspot3": {"CRMID": "crmid:9630551624", "orderDetails": {"orderID": "orderid:604768", "reservationid": "I3A-25XR", "orderType": "kiosk"}}}
{"_id": "f9a06ee8-53c8-11ea-89ff-b88a60e194fb", "timestamp": "2020-01-25T15:45:17.000Z", "eventType": "transaction", "_adobeamericaspot3": {"CRMID": "crmid:6333134855", "orderDetails": {"orderID": "orderid:892923", "reservationid": "ULW-R68H", "orderType": "website"}}}
{"_id": "f9a1323e-53c8-11ea-89c6-b88a60e194fb", "timestamp": "2020-01-30T06:22:08.000Z", "eventType": "transaction", "_adobeamericaspot3": {"CRMID": "crmid:2185478264", "orderDetails": {"orderID": "orderid:878232", "reservationid": "3RE-KWIQ", "orderType": "website"}}}
{"_id": "f9a21b40-53c8-11ea-9cef-b88a60e194fb", "timestamp": "2020-02-14T22:50:03.000Z", "eventType": "transaction", "_adobeamericaspot3": {"CRMID": "crmid:9269830157", "orderDetails": {"orderID": "orderid:989888", "reservationid": "FSH-LTSX", "orderType": "website"}}}
{"_id": "f9a2dfdc-53c8-11ea-a51a-b88a60e194fb", "timestamp": "2020-01-05T16:09:04.000Z", "eventType": "transaction", "_adobeamericaspot3": {"CRMID": "crmid:9466710111", "orderDetails": {"orderID": "orderid:466177", "reservationid": "GT3-NVWZ", "orderType": "website"}}}
{"_id": "f9a3f14c-53c8-11ea-aad1-b88a60e194fb", "timestamp": "2020-01-03T21:35:50.000Z", "eventType": "transaction", "_adobeamericaspot3": {"CRMID": "crmid:3100865300", "orderDetails": {"orderID": "orderid:771478", "reservationid": "ONV-21AA", "orderType": "mobile"}}}
{"_id": "f9a4b488-53c8-11ea-8d60-b88a60e194fb", "timestamp": "2020-01-21T08:04:58.000Z", "eventType": "transaction", "_adobeamericaspot3": {"CRMID": "crmid:7931258890", "orderDetails": {"orderID": "orderid:345291", "reservationid": "77K-OHRN", "orderType": "kiosk"}}}
{"_id": "f9a59eec-53c8-11ea-b6a4-b88a60e194fb", "timestamp": "2020-02-01T10:25:43.000Z", "eventType": "transaction", "_adobeamericaspot3": {"CRMID": "crmid:1733244871", "orderDetails": {"orderID": "orderid:787087", "reservationid": "SRK-ZOKY", "orderType": "kiosk"}}}
{"_id": "f9a6622c-53c8-11ea-8037-b88a60e194fb", "timestamp": "2020-01-18T22:46:35.000Z", "eventType": "transaction", "_adobeamericaspot3": {"CRMID": "crmid:8392363475", "orderDetails": {"orderID": "orderid:611705", "reservationid": "HLQ-KWVA", "orderType": "website"}}}
{"_id": "f9a773b8-53c8-11ea-b9f6-b88a60e194fb", "timestamp": "2020-01-19T20:24:32.000Z", "eventType": "transaction", "_adobeamericaspot3": {"CRMID": "crmid:7449291845", "orderDetails": {"orderID": "orderid:624396", "reservationid": "UEL-EUIQ", "orderType": "kiosk"}}}
{"_id": "f9a836fa-53c8-11ea-870d-b88a60e194fb", "timestamp": "2019-12-25T19:11:58.000Z", "eventType": "transaction", "_adobeamericaspot3": {"CRMID": "crmid:4104081646", "orderDetails": {"orderID": "orderid:686529", "reservationid": "MQ5-FARO", "orderType": "website"}}}
{"_id": "f9a8fa4a-53c8-11ea-87d2-b88a60e194fb", "timestamp": "2019-12-11T00:43:23.000Z", "eventType": "transaction", "_adobeamericaspot3": {"CRMID": "crmid:6071759877", "orderDetails": {"orderID": "orderid:911721", "reservationid": "5SR-HAGI", "orderType": "service desk"}}}
{"_id": "f9a9bd9c-53c8-11ea-9536-b88a60e194fb", "timestamp": "2020-01-10T16:56:02.000Z", "eventType": "transaction", "_adobeamericaspot3": {"CRMID": "crmid:9285680742", "orderDetails": {"orderID": "orderid:569706", "reservationid": "DSC-3HFT", "orderType": "kiosk"}}}
{"_id": "f9ab1d28-53c8-11ea-95f3-b88a60e194fb", "timestamp": "2020-02-10T05:22:09.000Z", "eventType": "transaction", "_adobeamericaspot3": {"CRMID": "crmid:7133769706", "orderDetails": {"orderID": "orderid:550372", "reservationid": "ZKJ-BYY5", "orderType": "call center"}}}
{"_id": "f9ac078c-53c8-11ea-9f2a-b88a60e194fb", "timestamp": "2019-12-08T20:22:39.000Z", "eventType": "transaction", "_adobeamericaspot3": {"CRMID": "crmid:5936877095", "orderDetails": {"orderID": "orderid:239743", "reservationid": "J8E-EEEU", "orderType": "kiosk"}}}
{"_id": "f9accad8-53c8-11ea-86a5-b88a60e194fb", "timestamp": "2019-12-09T03:20:14.000Z", "eventType": "transaction", "_adobeamericaspot3": {"CRMID": "crmid:5788164732", "orderDetails": {"orderID": "orderid:834556", "reservationid": "9F5-CKQH", "orderType": "kiosk"}}}
{"_id": "f9addc6c-53c8-11ea-818d-b88a60e194fb", "timestamp": "2020-02-15T19:33:23.000Z", "eventType": "transaction", "_adobeamericaspot3": {"CRMID": "crmid:2194650645", "orderDetails": {"orderID": "orderid:932859", "reservationid": "I6L-BNHY", "orderType": "website"}}}
{"_id": "f9ae9fa6-53c8-11ea-b753-b88a60e194fb", "timestamp": "2020-01-30T10:48:56.000Z", "eventType": "transaction", "_adobeamericaspot3": {"CRMID": "crmid:5073012097", "orderDetails": {"orderID": "orderid:826080", "reservationid": "N0R-9UMO", "orderType": "call center"}}}
{"_id": "f9af89f8-53c8-11ea-92ad-b88a60e194fb", "timestamp": "2019-12-07T17:21:39.000Z", "eventType": "transaction", "_adobeamericaspot3": {"CRMID": "crmid:4531826786", "orderDetails": {"orderID": "orderid:696190", "reservationid": "NTA-POLS", "orderType": "call center"}}}
{"_id": "f9b09ca8-53c8-11ea-9ee4-b88a60e194fb", "timestamp": "2020-01-16T11:03:02.000Z", "eventType": "transaction", "_adobeamericaspot3": {"CRMID": "crmid:6546159421", "orderDetails": {"orderID": "orderid:963617", "reservationid": "5YN-IYZS", "orderType": "website"}}}
{"_id": "f9b185dc-53c8-11ea-a23e-b88a60e194fb", "timestamp": "2020-02-06T16:26:05.000Z", "eventType": "transaction", "_adobeamericaspot3": {"CRMID": "crmid:3198836989", "orderDetails": {"orderID": "orderid:528085", "reservationid": "FFO-UP1G", "orderType": "kiosk"}}}
{"_id": "f9b22218-53c8-11ea-bd79-b88a60e194fb", "timestamp": "2019-12-13T14:56:24.000Z", "eventType": "transaction", "_adobeamericaspot3": {"CRMID": "crmid:9370411668", "orderDetails": {"orderID": "orderid:557411", "reservationid": "UML-QGCE", "orderType": "call center"}}}
{"_id": "f9b30b24-53c8-11ea-ada8-b88a60e194fb", "timestamp": "2019-12-23T18:42:40.000Z", "eventType": "transaction", "_adobeamericaspot3": {"CRMID": "crmid:2402581926", "orderDetails": {"orderID": "orderid:660404", "reservationid": "VMV-EEEO", "orderType": "website"}}}
{"_id": "f9b44380-53c8-11ea-9893-b88a60e194fb", "timestamp": "2020-02-07T03:41:00.000Z", "eventType": "transaction", "_adobeamericaspot3": {"CRMID": "crmid:4583438078", "orderDetails": {"orderID": "orderid:963058", "reservationid": "RUV-I169", "orderType": "kiosk"}}}
{"_id": "f9b5a330-53c8-11ea-9b47-b88a60e194fb", "timestamp": "2020-01-21T18:50:50.000Z", "eventType": "transaction", "_adobeamericaspot3": {"CRMID": "crmid:2828959728", "orderDetails": {"orderID": "orderid:614657", "reservationid": "PRE-NFUE", "orderType": "call center"}}}
{"_id": "f9b6b49a-53c8-11ea-ae1c-b88a60e194fb", "timestamp": "2019-12-23T13:49:20.000Z", "eventType": "transaction", "_adobeamericaspot3": {"CRMID": "crmid:4772767976", "orderDetails": {"orderID": "orderid:770518", "reservationid": "M6E-AEQO", "orderType": "service desk"}}}
{"_id": "f9b7c776-53c8-11ea-8eb0-b88a60e194fb", "timestamp": "2020-01-31T08:07:19.000Z", "eventType": "transaction", "_adobeamericaspot3": {"CRMID": "crmid:2838728108", "orderDetails": {"orderID": "orderid:208565", "reservationid": "9TQ-JX8T", "orderType": "call center"}}}
{"_id": "f9b8b1ba-53c8-11ea-a786-b88a60e194fb", "timestamp": "2019-12-31T07:24:53.000Z", "eventType": "transaction", "_adobeamericaspot3": {"CRMID": "crmid:2955479085", "orderDetails": {"orderID": "orderid:833230", "reservationid": "EU2-QOTL", "orderType": "kiosk"}}}
{"_id": "f9b9753a-53c8-11ea-b064-b88a60e194fb", "timestamp": "2020-02-08T16:31:20.000Z", "eventType": "transaction", "_adobeamericaspot3": {"CRMID": "crmid:6041963247", "orderDetails": {"orderID": "orderid:655730", "reservationid": "CIV-ASPD", "orderType": "call center"}}}
{"_id": "f9ba5f68-53c8-11ea-a45e-b88a60e194fb", "timestamp": "2019-12-23T01:56:02.000Z", "eventType": "transaction", "_adobeamericaspot3": {"CRMID": "crmid:6013352776", "orderDetails": {"orderID": "orderid:820648", "reservationid": "IW5-VVKV", "orderType": "website"}}}
{"_id": "f9bb49de-53c8-11ea-badd-b88a60e194fb", "timestamp": "2020-01-14T08:50:43.000Z", "eventType": "transaction", "_adobeamericaspot3": {"CRMID": "crmid:9396043170", "orderDetails": {"orderID": "orderid:807176", "reservationid": "YYP-Y10L", "orderType": "kiosk"}}}
{"_id": "f9bc0d46-53c8-11ea-9100-b88a60e194fb", "timestamp": "2020-02-12T21:26:15.000Z", "eventType": "transaction", "_adobeamericaspot3": {"CRMID": "crmid:9642779037", "orderDetails": {"orderID": "orderid:380027", "reservationid": "IGR-G9F1", "orderType": "website"}}}
{"_id": "f9bcd06c-53c8-11ea-b98f-b88a60e194fb", "timestamp": "2019-12-27T20:21:25.000Z", "eventType": "transaction", "_adobeamericaspot3": {"CRMID": "crmid:2469237764", "orderDetails": {"orderID": "orderid:233660", "reservationid": "NYV-JCLN", "orderType": "website"}}}
{"_id": "f9bdbae4-53c8-11ea-ab57-b88a60e194fb", "timestamp": "2019-12-26T13:46:11.000Z", "eventType": "transaction", "_adobeamericaspot3": {"CRMID": "crmid:5181189816", "orderDetails": {"orderID": "orderid:567091", "reservationid": "JZ0-2JNF", "orderType": "mobile"}}}
{"_id": "f9bea4e6-53c8-11ea-9916-b88a60e194fb", "timestamp": "2020-01-12T13:28:10.000Z", "eventType": "transaction", "_adobeamericaspot3": {"CRMID": "crmid:6536830016", "orderDetails": {"orderID": "orderid:556420", "reservationid": "6XZ-VOUF", "orderType": "service desk"}}}
{"_id": "f9bf8f92-53c8-11ea-ad00-b88a60e194fb", "timestamp": "2020-01-19T23:59:20.000Z", "eventType": "transaction", "_adobeamericaspot3": {"CRMID": "crmid:9729620606", "orderDetails": {"orderID": "orderid:817275", "reservationid": "PA3-IPWP", "orderType": "call center"}}}
{"_id": "f9c02be8-53c8-11ea-a53f-b88a60e194fb", "timestamp": "2020-01-29T09:34:45.000Z", "eventType": "transaction", "_adobeamericaspot3": {"CRMID": "crmid:1465441996", "orderDetails": {"orderID": "orderid:769009", "reservationid": "9BN-LA0L", "orderType": "service desk"}}}
{"_id": "f9c13d82-53c8-11ea-b682-b88a60e194fb", "timestamp": "2020-01-10T16:53:56.000Z", "eventType": "transaction", "_adobeamericaspot3": {"CRMID": "crmid:4272740928", "orderDetails": {"orderID": "orderid:482177", "reservationid": "SDJ-CUVE", "orderType": "service desk"}}}
{"_id": "f9c226d4-53c8-11ea-a8c7-b88a60e194fb", "timestamp": "2019-12-16T06:39:26.000Z", "eventType": "transaction", "_adobeamericaspot3": {"CRMID": "crmid:9784654809", "orderDetails": {"orderID": "orderid:851037", "reservationid": "JFR-UFG0", "orderType": "website"}}}
{"_id": "f9c310ae-53c8-11ea-954f-b88a60e194fb", "timestamp": "2020-02-15T13:56:08.000Z", "eventType": "transaction", "_adobeamericaspot3": {"CRMID": "crmid:4503762838", "orderDetails": {"orderID": "orderid:365125", "reservationid": "XHO-EISE", "orderType": "kiosk"}}}
{"_id": "f9c3fc80-53c8-11ea-b9a5-b88a60e194fb", "timestamp": "2020-01-25T00:37:29.000Z", "eventType": "transaction", "_adobeamericaspot3": {"CRMID": "crmid:6729640716", "orderDetails": {"orderID": "orderid:689260", "reservationid": "SBP-UY0L", "orderType": "kiosk"}}}
{"_id": "f9c4bfb0-53c8-11ea-833f-b88a60e194fb", "timestamp": "2020-01-13T01:30:19.000Z", "eventType": "transaction", "_adobeamericaspot3": {"CRMID": "crmid:9124711887", "orderDetails": {"orderID": "orderid:267495", "reservationid": "RJY-DJGB", "orderType": "kiosk"}}}
{"_id": "f9c582f6-53c8-11ea-87ee-b88a60e194fb", "timestamp": "2019-12-11T02:31:43.000Z", "eventType": "transaction", "_adobeamericaspot3": {"CRMID": "crmid:6079644586", "orderDetails": {"orderID": "orderid:105258", "reservationid": "BCM-RJLD", "orderType": "mobile"}}}
{"_id": "f9c66d7a-53c8-11ea-9866-b88a60e194fb", "timestamp": "2019-12-10T18:21:26.000Z", "eventType": "transaction", "_adobeamericaspot3": {"CRMID": "crmid:5572209138", "orderDetails": {"orderID": "orderid:252563", "reservationid": "WVB-MWN5", "orderType": "kiosk"}}}
{"_id": "f9c77edc-53c8-11ea-9586-b88a60e194fb", "timestamp": "2020-02-16T21:27:21.000Z", "eventType": "transaction", "_adobeamericaspot3": {"CRMID": "crmid:3871224409", "orderDetails": {"orderID": "orderid:521194", "reservationid": "987-SROL", "orderType": "call center"}}}
{"_id": "f9c8423a-53c8-11ea-96a6-b88a60e194fb", "timestamp": "2020-02-12T02:57:02.000Z", "eventType": "transaction", "_adobeamericaspot3": {"CRMID": "crmid:3953664904", "orderDetails": {"orderID": "orderid:517751", "reservationid": "TZX-IUOA", "orderType": "call center"}}}
{"_id": "f9c9538a-53c8-11ea-a46b-b88a60e194fb", "timestamp": "2019-12-28T03:47:47.000Z", "eventType": "transaction", "_adobeamericaspot3": {"CRMID": "crmid:6969412088", "orderDetails": {"orderID": "orderid:303570", "reservationid": "Y74-KZI7", "orderType": "website"}}}
{"_id": "f9ca3df6-53c8-11ea-9a93-b88a60e194fb", "timestamp": "2020-01-17T04:32:46.000Z", "eventType": "transaction", "_adobeamericaspot3": {"CRMID": "crmid:1119191352", "orderDetails": {"orderID": "orderid:380217", "reservationid": "QZM-DY3M", "orderType": "call center"}}}
{"_id": "f9cbc328-53c8-11ea-9d50-b88a60e194fb", "timestamp": "2019-12-17T11:39:53.000Z", "eventType": "transaction", "_adobeamericaspot3": {"CRMID": "crmid:6932303619", "orderDetails": {"orderID": "orderid:262046", "reservationid": "CGX-6LTX", "orderType": "website"}}}
{"_id": "f9cd22c0-53c8-11ea-9eab-b88a60e194fb", "timestamp": "2019-12-05T15:17:41.000Z", "eventType": "transaction", "_adobeamericaspot3": {"CRMID": "crmid:5345066009", "orderDetails": {"orderID": "orderid:290649", "reservationid": "OKU-XCTE", "orderType": "kiosk"}}}
{"_id": "f9ce0d36-53c8-11ea-8302-b88a60e194fb", "timestamp": "2019-12-03T22:56:08.000Z", "eventType": "transaction", "_adobeamericaspot3": {"CRMID": "crmid:4544641814", "orderDetails": {"orderID": "orderid:340603", "reservationid": "ENR-VP5R", "orderType": "kiosk"}}}
{"_id": "f9ced1e4-53c8-11ea-b4cd-b88a60e194fb", "timestamp": "2020-01-14T10:19:23.000Z", "eventType": "transaction", "_adobeamericaspot3": {"CRMID": "crmid:9452437300", "orderDetails": {"orderID": "orderid:410047", "reservationid": "EKF-JWA5", "orderType": "website"}}}
{"_id": "f9cf93e4-53c8-11ea-bc14-b88a60e194fb", "timestamp": "2019-12-10T07:28:12.000Z", "eventType": "transaction", "_adobeamericaspot3": {"CRMID": "crmid:2002103547", "orderDetails": {"orderID": "orderid:465171", "reservationid": "TEY-WAZB", "orderType": "website"}}}
{"_id": "f9d07fe6-53c8-11ea-bf66-b88a60e194fb", "timestamp": "2020-01-10T18:13:50.000Z", "eventType": "transaction", "_adobeamericaspot3": {"CRMID": "crmid:5388653327", "orderDetails": {"orderID": "orderid:560292", "reservationid": "4SW-BKKC", "orderType": "kiosk"}}}
{"_id": "f9d169ee-53c8-11ea-8b61-b88a60e194fb", "timestamp": "2020-01-31T11:25:24.000Z", "eventType": "transaction", "_adobeamericaspot3": {"CRMID": "crmid:9338790236", "orderDetails": {"orderID": "orderid:593635", "reservationid": "LZV-ZRJG", "orderType": "kiosk"}}}
{"_id": "f9d27b4a-53c8-11ea-b9a2-b88a60e194fb", "timestamp": "2019-12-26T06:18:19.000Z", "eventType": "transaction", "_adobeamericaspot3": {"CRMID": "crmid:6912933954", "orderDetails": {"orderID": "orderid:178771", "reservationid": "YGY-K5IK", "orderType": "call center"}}}
{"_id": "f9d33ea6-53c8-11ea-ac9f-b88a60e194fb", "timestamp": "2020-02-12T15:59:29.000Z", "eventType": "transaction", "_adobeamericaspot3": {"CRMID": "crmid:1046727500", "orderDetails": {"orderID": "orderid:960098", "reservationid": "LGM-HU4Q", "orderType": "mobile"}}}
{"_id": "f9d42906-53c8-11ea-bd36-b88a60e194fb", "timestamp": "2019-12-07T07:41:26.000Z", "eventType": "transaction", "_adobeamericaspot3": {"CRMID": "crmid:6805947222", "orderDetails": {"orderID": "orderid:864026", "reservationid": "ABY-HWDJ", "orderType": "call center"}}}
{"_id": "f9d53a9a-53c8-11ea-a7ae-b88a60e194fb", "timestamp": "2020-02-03T13:15:55.000Z", "eventType": "transaction", "_adobeamericaspot3": {"CRMID": "crmid:9746520105", "orderDetails": {"orderID": "orderid:490186", "reservationid": "SJO-I4HP", "orderType": "call center"}}}
{"_id": "f9d6bfc2-53c8-11ea-bc51-b88a60e194fb", "timestamp": "2020-01-08T07:51:10.000Z", "eventType": "transaction", "_adobeamericaspot3": {"CRMID": "crmid:5341233586", "orderDetails": {"orderID": "orderid:350198", "reservationid": "L7W-ORRX", "orderType": "website"}}}
{"_id": "f9d7aa46-53c8-11ea-a4e4-b88a60e194fb", "timestamp": "2020-01-30T05:31:42.000Z", "eventType": "transaction", "_adobeamericaspot3": {"CRMID": "crmid:5681507044", "orderDetails": {"orderID": "orderid:807624", "reservationid": "5PG-QPST", "orderType": "website"}}}
{"_id": "f9d8bcde-53c8-11ea-ad87-b88a60e194fb", "timestamp": "2019-12-30T16:28:24.000Z", "eventType": "transaction", "_adobeamericaspot3": {"CRMID": "crmid:7358307795", "orderDetails": {"orderID": "orderid:155669", "reservationid": "Q8G-KULY", "orderType": "website"}}}
{"_id": "f9d9a64a-53c8-11ea-ba0d-b88a60e194fb", "timestamp": "2020-01-13T08:44:37.000Z", "eventType": "transaction", "_adobeamericaspot3": {"CRMID": "crmid:8406665774", "orderDetails": {"orderID": "orderid:822499", "reservationid": "527-HMYH", "orderType": "call center"}}}
{"_id": "f9da6a90-53c8-11ea-8154-b88a60e194fb", "timestamp": "2019-12-13T03:47:42.000Z", "eventType": "transaction", "_adobeamericaspot3": {"CRMID": "crmid:3486391234", "orderDetails": {"orderID": "orderid:897639", "reservationid": "9EN-OZ1J", "orderType": "kiosk"}}}
{"_id": "f9db54ec-53c8-11ea-9ea6-b88a60e194fb", "timestamp": "2020-02-08T14:09:41.000Z", "eventType": "transaction", "_adobeamericaspot3": {"CRMID": "crmid:8392679945", "orderDetails": {"orderID": "orderid:281488", "reservationid": "DJV-GSV6", "orderType": "mobile"}}}
{"_id": "f9dc1828-53c8-11ea-8ee0-b88a60e194fb", "timestamp": "2020-01-16T08:22:00.000Z", "eventType": "transaction", "_adobeamericaspot3": {"CRMID": "crmid:6301091949", "orderDetails": {"orderID": "orderid:109682", "reservationid": "MDM-GUEC", "orderType": "website"}}}
{"_id": "f9dcdba2-53c8-11ea-8939-b88a60e194fb", "timestamp": "2020-01-03T08:47:27.000Z", "eventType": "transaction", "_adobeamericaspot3": {"CRMID": "crmid:9827363563", "orderDetails": {"orderID": "orderid:346380", "reservationid": "J82-LGPT", "orderType": "mobile"}}}
{"_id": "f9ddc48c-53c8-11ea-a228-b88a60e194fb", "timestamp": "2019-12-01T22:14:34.000Z", "eventType": "transaction", "_adobeamericaspot3": {"CRMID": "crmid:7443492137", "orderDetails": {"orderID": "orderid:128130", "reservationid": "6E0-XSEH", "orderType": "website"}}}
{"_id": "f9ded5f8-53c8-11ea-a0c8-b88a60e194fb", "timestamp": "2019-12-14T14:11:25.000Z", "eventType": "transaction", "_adobeamericaspot3": {"CRMID": "crmid:8210599342", "orderDetails": {"orderID": "orderid:786372", "reservationid": "OO0-PSP8", "orderType": "service desk"}}}
{"_id": "f9e035b4-53c8-11ea-a36f-b88a60e194fb", "timestamp": "2019-12-17T01:46:53.000Z", "eventType": "transaction", "_adobeamericaspot3": {"CRMID": "crmid:4732893456", "orderDetails": {"orderID": "orderid:797879", "reservationid": "OWU-OGIN", "orderType": "mobile"}}}
{"_id": "f9e0f908-53c8-11ea-ba22-b88a60e194fb", "timestamp": "2020-01-26T14:48:55.000Z", "eventType": "transaction", "_adobeamericaspot3": {"CRMID": "crmid:8491982929", "orderDetails": {"orderID": "orderid:848578", "reservationid": "GLY-6LRF", "orderType": "website"}}}
{"_id": "f9e1e378-53c8-11ea-8e26-b88a60e194fb", "timestamp": "2020-01-31T14:56:52.000Z", "eventType": "transaction", "_adobeamericaspot3": {"CRMID": "crmid:5752693688", "orderDetails": {"orderID": "orderid:802803", "reservationid": "QBZ-DLYT", "orderType": "mobile"}}}
{"_id": "f9e2cdc6-53c8-11ea-8bf0-b88a60e194fb", "timestamp": "2020-01-15T06:23:35.000Z", "eventType": "transaction", "_adobeamericaspot3": {"CRMID": "crmid:3314370124", "orderDetails": {"orderID": "orderid:525059", "reservationid": "J62-7NNC", "orderType": "kiosk"}}}
{"_id": "f9e3b830-53c8-11ea-bf82-b88a60e194fb", "timestamp": "2020-01-25T22:32:09.000Z", "eventType": "transaction", "_adobeamericaspot3": {"CRMID": "crmid:6598310767", "orderDetails": {"orderID": "orderid:430022", "reservationid": "OAT-OLJO", "orderType": "service desk"}}}
{"_id": "f9e4a3c8-53c8-11ea-8d15-b88a60e194fb", "timestamp": "2020-01-21T21:09:31.000Z", "eventType": "transaction", "_adobeamericaspot3": {"CRMID": "crmid:4990879416", "orderDetails": {"orderID": "orderid:126442", "reservationid": "QFP-4KUM", "orderType": "kiosk"}}}
{"_id": "f9e56710-53c8-11ea-b2b6-b88a60e194fb", "timestamp": "2020-01-26T16:46:14.000Z", "eventType": "transaction", "_adobeamericaspot3": {"CRMID": "crmid:1990190983", "orderDetails": {"orderID": "orderid:719167", "reservationid": "SSR-YVB7", "orderType": "website"}}}
{"_id": "f9e62a70-53c8-11ea-b07b-b88a60e194fb", "timestamp": "2019-12-26T00:42:58.000Z", "eventType": "transaction", "_adobeamericaspot3": {"CRMID": "crmid:5183827339", "orderDetails": {"orderID": "orderid:868551", "reservationid": "EJS-9JM1", "orderType": "kiosk"}}}
{"_id": "f9e714b4-53c8-11ea-97fd-b88a60e194fb", "timestamp": "2020-01-13T12:18:05.000Z", "eventType": "transaction", "_adobeamericaspot3": {"CRMID": "crmid:6022572324", "orderDetails": {"orderID": "orderid:573553", "reservationid": "4UH-JTTE", "orderType": "call center"}}}
{"_id": "f9e7d812-53c8-11ea-bd1f-b88a60e194fb", "timestamp": "2020-02-13T04:54:57.000Z", "eventType": "transaction", "_adobeamericaspot3": {"CRMID": "crmid:7899407726", "orderDetails": {"orderID": "orderid:838811", "reservationid": "1A1-NGI6", "orderType": "call center"}}}
{"_id": "f9e8e978-53c8-11ea-93ba-b88a60e194fb", "timestamp": "2019-12-05T15:45:38.000Z", "eventType": "transaction", "_adobeamericaspot3": {"CRMID": "crmid:8926112944", "orderDetails": {"orderID": "orderid:241772", "reservationid": "FH2-FMRE", "orderType": "service desk"}}}
{"_id": "f9e9faee-53c8-11ea-8e01-b88a60e194fb", "timestamp": "2019-12-31T18:38:41.000Z", "eventType": "transaction", "_adobeamericaspot3": {"CRMID": "crmid:6096196831", "orderDetails": {"orderID": "orderid:679732", "reservationid": "LUU-8KWS", "orderType": "kiosk"}}}
{"_id": "f9eabe1e-53c8-11ea-bf59-b88a60e194fb", "timestamp": "2019-12-17T11:58:02.000Z", "eventType": "transaction", "_adobeamericaspot3": {"CRMID": "crmid:2073359209", "orderDetails": {"orderID": "orderid:341082", "reservationid": "E7M-MAXE", "orderType": "mobile"}}}
{"_id": "f9eba89c-53c8-11ea-9cf3-b88a60e194fb", "timestamp": "2020-02-09T07:23:24.000Z", "eventType": "transaction", "_adobeamericaspot3": {"CRMID": "crmid:1258088124", "orderDetails": {"orderID": "orderid:523392", "reservationid": "Q0O-Z4RR", "orderType": "website"}}}
{"_id": "f9ec6c38-53c8-11ea-8675-b88a60e194fb", "timestamp": "2020-01-09T15:25:37.000Z", "eventType": "transaction", "_adobeamericaspot3": {"CRMID": "crmid:8412638957", "orderDetails": {"orderID": "orderid:876193", "reservationid": "WE0-CV3E", "orderType": "website"}}}
{"_id": "f9ed564a-53c8-11ea-ab86-b88a60e194fb", "timestamp": "2019-12-25T15:16:59.000Z", "eventType": "transaction", "_adobeamericaspot3": {"CRMID": "crmid:4778521682", "orderDetails": {"orderID": "orderid:701124", "reservationid": "EOW-M8ZS", "orderType": "kiosk"}}}
{"_id": "f9ee199c-53c8-11ea-ab2a-b88a60e194fb", "timestamp": "2020-01-17T18:07:19.000Z", "eventType": "transaction", "_adobeamericaspot3": {"CRMID": "crmid:5778589660", "orderDetails": {"orderID": "orderid:190815", "reservationid": "6G2-W2DT", "orderType": "call center"}}}
{"_id": "f9ef03fe-53c8-11ea-b6c7-b88a60e194fb", "timestamp": "2020-02-05T01:21:39.000Z", "eventType": "transaction", "_adobeamericaspot3": {"CRMID": "crmid:7104089503", "orderDetails": {"orderID": "orderid:717193", "reservationid": "FBZ-6DDA", "orderType": "kiosk"}}}
{"_id": "f9efc74a-53c8-11ea-808d-b88a60e194fb", "timestamp": "2020-01-15T01:40:05.000Z", "eventType": "transaction", "_adobeamericaspot3": {"CRMID": "crmid:6984145834", "orderDetails": {"orderID": "orderid:429495", "reservationid": "496-B1KO", "orderType": "website"}}}
{"_id": "f9f0b1b6-53c8-11ea-a478-b88a60e194fb", "timestamp": "2020-01-29T08:22:00.000Z", "eventType": "transaction", "_adobeamericaspot3": {"CRMID": "crmid:1737351653", "orderDetails": {"orderID": "orderid:628085", "reservationid": "WLH-RMQA", "orderType": "call center"}}}
{"_id": "f9f0d8d8-53c8-11ea-abf6-b88a60e194fb", "timestamp": "2020-02-03T00:00:00.000Z", "eventType": "transaction", "_adobeamericaspot3": {"CRMID": "crmid:1737351653", "orderDetails": {"orderID": "orderid:411199", "reservationid": "KZ5-NMXE", "orderType": "mobile"}}}
{"_id": "f9f19c0a-53c8-11ea-8390-b88a60e194fb", "timestamp": "2020-01-02T20:26:50.000Z", "eventType": "transaction", "_adobeamericaspot3": {"CRMID": "crmid:4798342596", "orderDetails": {"orderID": "orderid:617031", "reservationid": "LS5-IFXH", "orderType": "call center"}}}
{"_id": "f9f2d492-53c8-11ea-bdea-b88a60e194fb", "timestamp": "2019-12-18T13:10:34.000Z", "eventType": "transaction", "_adobeamericaspot3": {"CRMID": "crmid:8384638888", "orderDetails": {"orderID": "orderid:835382", "reservationid": "IQ8-PFMA", "orderType": "mobile"}}}
{"_id": "f9f3bee4-53c8-11ea-9b36-b88a60e194fb", "timestamp": "2020-01-07T05:32:08.000Z", "eventType": "transaction", "_adobeamericaspot3": {"CRMID": "crmid:7717501658", "orderDetails": {"orderID": "orderid:134519", "reservationid": "3UX-ESGP", "orderType": "kiosk"}}}
{"_id": "f9f48224-53c8-11ea-84b8-b88a60e194fb", "timestamp": "2020-01-10T14:43:54.000Z", "eventType": "transaction", "_adobeamericaspot3": {"CRMID": "crmid:8562763941", "orderDetails": {"orderID": "orderid:415823", "reservationid": "T0H-IM84", "orderType": "service desk"}}}
{"_id": "f9f54594-53c8-11ea-aba5-b88a60e194fb", "timestamp": "2019-12-15T04:40:02.000Z", "eventType": "transaction", "_adobeamericaspot3": {"CRMID": "crmid:5587882981", "orderDetails": {"orderID": "orderid:245787", "reservationid": "P7L-QLCY", "orderType": "kiosk"}}}
{"_id": "f9f6301c-53c8-11ea-9ee4-b88a60e194fb", "timestamp": "2019-12-31T04:57:05.000Z", "eventType": "transaction", "_adobeamericaspot3": {"CRMID": "crmid:3481603406", "orderDetails": {"orderID": "orderid:795098", "reservationid": "DE5-VZIV", "orderType": "kiosk"}}}
{"_id": "f9f74170-53c8-11ea-936c-b88a60e194fb", "timestamp": "2020-02-11T17:02:44.000Z", "eventType": "transaction", "_adobeamericaspot3": {"CRMID": "crmid:3426126252", "orderDetails": {"orderID": "orderid:633499", "reservationid": "Q2W-EYMK", "orderType": "website"}}}
{"_id": "f9f804b0-53c8-11ea-aad0-b88a60e194fb", "timestamp": "2019-12-25T16:27:08.000Z", "eventType": "transaction", "_adobeamericaspot3": {"CRMID": "crmid:3053426319", "orderDetails": {"orderID": "orderid:203156", "reservationid": "SOB-2DGH", "orderType": "kiosk"}}}
{"_id": "f9f8c7f6-53c8-11ea-ac4a-b88a60e194fb", "timestamp": "2019-12-26T10:01:50.000Z", "eventType": "transaction", "_adobeamericaspot3": {"CRMID": "crmid:5795800544", "orderDetails": {"orderID": "orderid:825833", "reservationid": "ET2-HM6Y", "orderType": "website"}}}
{"_id": "f9f9b278-53c8-11ea-8932-b88a60e194fb", "timestamp": "2019-12-09T08:51:35.000Z", "eventType": "transaction", "_adobeamericaspot3": {"CRMID": "crmid:3610296420", "orderDetails": {"orderID": "orderid:529667", "reservationid": "WAM-MGG8", "orderType": "mobile"}}}
{"_id": "f9fa9cba-53c8-11ea-a658-b88a60e194fb", "timestamp": "2020-02-05T12:00:38.000Z", "eventType": "transaction", "_adobeamericaspot3": {"CRMID": "crmid:2482705669", "orderDetails": {"orderID": "orderid:248185", "reservationid": "PSR-D6YQ", "orderType": "call center"}}}
{"_id": "f9fbd576-53c8-11ea-9d42-b88a60e194fb", "timestamp": "2019-12-26T01:49:03.000Z", "eventType": "transaction", "_adobeamericaspot3": {"CRMID": "crmid:9545670010", "orderDetails": {"orderID": "orderid:317650", "reservationid": "4JL-P22K", "orderType": "website"}}}
{"_id": "f9fce6a8-53c8-11ea-805d-b88a60e194fb", "timestamp": "2020-02-03T07:13:55.000Z", "eventType": "transaction", "_adobeamericaspot3": {"CRMID": "crmid:6228276293", "orderDetails": {"orderID": "orderid:947659", "reservationid": "72Q-8URL", "orderType": "call center"}}}
{"_id": "f9fdaa36-53c8-11ea-9f62-b88a60e194fb", "timestamp": "2020-01-01T22:55:21.000Z", "eventType": "transaction", "_adobeamericaspot3": {"CRMID": "crmid:6697762286", "orderDetails": {"orderID": "orderid:386971", "reservationid": "GA5-QEKV", "orderType": "service desk"}}}
{"_id": "f9fe6d8a-53c8-11ea-9831-b88a60e194fb", "timestamp": "2020-01-07T16:23:01.000Z", "eventType": "transaction", "_adobeamericaspot3": {"CRMID": "crmid:6833092133", "orderDetails": {"orderID": "orderid:791251", "reservationid": "6X9-UP9Y", "orderType": "mobile"}}}
{"_id": "f9ff5664-53c8-11ea-9fae-b88a60e194fb", "timestamp": "2019-12-08T15:37:59.000Z", "eventType": "transaction", "_adobeamericaspot3": {"CRMID": "crmid:6814039638", "orderDetails": {"orderID": "orderid:702619", "reservationid": "DKL-O93M", "orderType": "kiosk"}}}
{"_id": "f9ff7ee6-53c8-11ea-b6a3-b88a60e194fb", "timestamp": "2019-12-11T00:00:00.000Z", "eventType": "transaction", "_adobeamericaspot3": {"CRMID": "crmid:6814039638", "orderDetails": {"orderID": "orderid:443354", "reservationid": "OQX-WRL3", "orderType": "kiosk"}}}
{"_id": "fa004210-53c8-11ea-9c0c-b88a60e194fb", "timestamp": "2020-02-14T21:46:10.000Z", "eventType": "transaction", "_adobeamericaspot3": {"CRMID": "crmid:2510828480", "orderDetails": {"orderID": "orderid:551054", "reservationid": "XYA-6MCE", "orderType": "kiosk"}}}
{"_id": "fa012c70-53c8-11ea-9ebf-b88a60e194fb", "timestamp": "2019-12-31T17:02:18.000Z", "eventType": "transaction", "_adobeamericaspot3": {"CRMID": "crmid:1971788534", "orderDetails": {"orderID": "orderid:208255", "reservationid": "YYW-SGHZ", "orderType": "call center"}}}
{"_id": "fa01ee74-53c8-11ea-b772-b88a60e194fb", "timestamp": "2019-12-15T04:57:18.000Z", "eventType": "transaction", "_adobeamericaspot3": {"CRMID": "crmid:9266534607", "orderDetails": {"orderID": "orderid:609461", "reservationid": "ELQ-HF6K", "orderType": "kiosk"}}}
{"_id": "fa02da36-53c8-11ea-8d82-b88a60e194fb", "timestamp": "2020-01-03T08:04:36.000Z", "eventType": "transaction", "_adobeamericaspot3": {"CRMID": "crmid:4040152972", "orderDetails": {"orderID": "orderid:750826", "reservationid": "OJI-AX8B", "orderType": "website"}}}
{"_id": "fa039d74-53c8-11ea-8143-b88a60e194fb", "timestamp": "2019-12-14T20:52:19.000Z", "eventType": "transaction", "_adobeamericaspot3": {"CRMID": "crmid:1460709503", "orderDetails": {"orderID": "orderid:980578", "reservationid": "QBY-BWOB", "orderType": "kiosk"}}}
{"_id": "fa0460c0-53c8-11ea-ae9f-b88a60e194fb", "timestamp": "2020-01-13T20:37:21.000Z", "eventType": "transaction", "_adobeamericaspot3": {"CRMID": "crmid:7670134838", "orderDetails": {"orderID": "orderid:908984", "reservationid": "87P-AAXJ", "orderType": "kiosk"}}}
{"_id": "fa05bf9c-53c8-11ea-978e-b88a60e194fb", "timestamp": "2020-01-18T23:54:35.000Z", "eventType": "transaction", "_adobeamericaspot3": {"CRMID": "crmid:7816992177", "orderDetails": {"orderID": "orderid:640285", "reservationid": "6U5-ZUHS", "orderType": "website"}}}
{"_id": "fa06d0fe-53c8-11ea-b597-b88a60e194fb", "timestamp": "2019-12-25T20:40:41.000Z", "eventType": "transaction", "_adobeamericaspot3": {"CRMID": "crmid:9693257696", "orderDetails": {"orderID": "orderid:136097", "reservationid": "8GP-YHGV", "orderType": "kiosk"}}}
{"_id": "fa07bc3e-53c8-11ea-86b3-b88a60e194fb", "timestamp": "2020-02-09T13:04:13.000Z", "eventType": "transaction", "_adobeamericaspot3": {"CRMID": "crmid:1609921144", "orderDetails": {"orderID": "orderid:964087", "reservationid": "MHQ-DIWK", "orderType": "website"}}}
{"_id": "fa087f74-53c8-11ea-882d-b88a60e194fb", "timestamp": "2020-01-15T05:47:54.000Z", "eventType": "transaction", "_adobeamericaspot3": {"CRMID": "crmid:7773405558", "orderDetails": {"orderID": "orderid:910005", "reservationid": "C91-5LMH", "orderType": "kiosk"}}}
{"_id": "fa0969de-53c8-11ea-be7a-b88a60e194fb", "timestamp": "2020-01-17T04:51:04.000Z", "eventType": "transaction", "_adobeamericaspot3": {"CRMID": "crmid:8610865367", "orderDetails": {"orderID": "orderid:725825", "reservationid": "OZF-FYLX", "orderType": "website"}}}
{"_id": "fa0969df-53c8-11ea-86a8-b88a60e194fb", "timestamp": "2020-01-22T00:00:00.000Z", "eventType": "transaction", "_adobeamericaspot3": {"CRMID": "crmid:8610865367", "orderDetails": {"orderID": "orderid:371234", "reservationid": "E2C-MI1X", "orderType": "kiosk"}}}
{"_id": "fa0a5424-53c8-11ea-b184-b88a60e194fb", "timestamp": "2020-01-17T17:02:35.000Z", "eventType": "transaction", "_adobeamericaspot3": {"CRMID": "crmid:5628879891", "orderDetails": {"orderID": "orderid:779370", "reservationid": "1KP-UFQE", "orderType": "website"}}}
{"_id": "fa0b3e98-53c8-11ea-bcfd-b88a60e194fb", "timestamp": "2020-02-07T12:38:20.000Z", "eventType": "transaction", "_adobeamericaspot3": {"CRMID": "crmid:3571189096", "orderDetails": {"orderID": "orderid:651022", "reservationid": "BIU-NVJA", "orderType": "website"}}}
{"_id": "fa0c01da-53c8-11ea-95dc-b88a60e194fb", "timestamp": "2019-12-05T18:20:37.000Z", "eventType": "transaction", "_adobeamericaspot3": {"CRMID": "crmid:6803269146", "orderDetails": {"orderID": "orderid:468835", "reservationid": "SY8-J2SN", "orderType": "website"}}}
{"_id": "fa0cc536-53c8-11ea-a574-b88a60e194fb", "timestamp": "2020-01-10T05:17:58.000Z", "eventType": "transaction", "_adobeamericaspot3": {"CRMID": "crmid:4169065508", "orderDetails": {"orderID": "orderid:245089", "reservationid": "QUZ-OH0X", "orderType": "website"}}}
{"_id": "fa0d8882-53c8-11ea-8e1f-b88a60e194fb", "timestamp": "2019-12-07T19:17:13.000Z", "eventType": "transaction", "_adobeamericaspot3": {"CRMID": "crmid:9461452695", "orderDetails": {"orderID": "orderid:502132", "reservationid": "VL3-8WV7", "orderType": "website"}}}
{"_id": "fa113200-53c8-11ea-b054-b88a60e194fb", "timestamp": "2020-01-13T05:37:34.000Z", "eventType": "transaction", "_adobeamericaspot3": {"CRMID": "crmid:8514020490", "orderDetails": {"orderID": "orderid:244480", "reservationid": "G1T-WD2O", "orderType": "kiosk"}}}
{"_id": "fa121c6e-53c8-11ea-a155-b88a60e194fb", "timestamp": "2019-12-25T08:09:28.000Z", "eventType": "transaction", "_adobeamericaspot3": {"CRMID": "crmid:5697235930", "orderDetails": {"orderID": "orderid:427982", "reservationid": "MVT-NROD", "orderType": "kiosk"}}}
{"_id": "fa12dfe6-53c8-11ea-ac07-b88a60e194fb", "timestamp": "2020-02-12T15:53:50.000Z", "eventType": "transaction", "_adobeamericaspot3": {"CRMID": "crmid:3538647304", "orderDetails": {"orderID": "orderid:747317", "reservationid": "SYT-NNNF", "orderType": "call center"}}}
{"_id": "fa13ca0c-53c8-11ea-87ef-b88a60e194fb", "timestamp": "2019-12-25T21:31:36.000Z", "eventType": "transaction", "_adobeamericaspot3": {"CRMID": "crmid:2630007264", "orderDetails": {"orderID": "orderid:350611", "reservationid": "FL0-OKKY", "orderType": "website"}}}
{"_id": "fa14db7a-53c8-11ea-b0b6-b88a60e194fb", "timestamp": "2020-01-18T03:22:37.000Z", "eventType": "transaction", "_adobeamericaspot3": {"CRMID": "crmid:9049846226", "orderDetails": {"orderID": "orderid:337380", "reservationid": "XW3-25Y8", "orderType": "service desk"}}}
{"_id": "fa15c4a4-53c8-11ea-8fb6-b88a60e194fb", "timestamp": "2019-12-18T15:24:30.000Z", "eventType": "transaction", "_adobeamericaspot3": {"CRMID": "crmid:7104719176", "orderDetails": {"orderID": "orderid:251793", "reservationid": "XOO-C8WT", "orderType": "website"}}}
{"_id": "fa1687fe-53c8-11ea-a8cf-b88a60e194fb", "timestamp": "2019-12-09T07:40:17.000Z", "eventType": "transaction", "_adobeamericaspot3": {"CRMID": "crmid:6115663221", "orderDetails": {"orderID": "orderid:314148", "reservationid": "GD9-ZUTK", "orderType": "service desk"}}}
{"_id": "fa177252-53c8-11ea-bfc7-b88a60e194fb", "timestamp": "2019-12-17T02:39:27.000Z", "eventType": "transaction", "_adobeamericaspot3": {"CRMID": "crmid:8112679597", "orderDetails": {"orderID": "orderid:719764", "reservationid": "DAK-S6QY", "orderType": "mobile"}}}
{"_id": "fa185cb8-53c8-11ea-a4b6-b88a60e194fb", "timestamp": "2020-02-16T01:12:57.000Z", "eventType": "transaction", "_adobeamericaspot3": {"CRMID": "crmid:4441751738", "orderDetails": {"orderID": "orderid:436779", "reservationid": "WYH-WFCZ", "orderType": "call center"}}}
{"_id": "fa19471a-53c8-11ea-b7cc-b88a60e194fb", "timestamp": "2020-02-16T20:00:19.000Z", "eventType": "transaction", "_adobeamericaspot3": {"CRMID": "crmid:1504032597", "orderDetails": {"orderID": "orderid:619613", "reservationid": "6W3-NI5F", "orderType": "mobile"}}}
{"_id": "fa1a3174-53c8-11ea-9db8-b88a60e194fb", "timestamp": "2019-12-18T20:27:22.000Z", "eventType": "transaction", "_adobeamericaspot3": {"CRMID": "crmid:9382576419", "orderDetails": {"orderID": "orderid:885475", "reservationid": "PFT-ACCA", "orderType": "mobile"}}}
{"_id": "fa1b42e4-53c8-11ea-b55e-b88a60e194fb", "timestamp": "2019-12-06T08:21:30.000Z", "eventType": "transaction", "_adobeamericaspot3": {"CRMID": "crmid:2607797424", "orderDetails": {"orderID": "orderid:230976", "reservationid": "FPS-F8C4", "orderType": "mobile"}}}
{"_id": "fa1c2d42-53c8-11ea-940f-b88a60e194fb", "timestamp": "2020-02-11T20:55:30.000Z", "eventType": "transaction", "_adobeamericaspot3": {"CRMID": "crmid:6151309688", "orderDetails": {"orderID": "orderid:437803", "reservationid": "Q5T-KV6I", "orderType": "website"}}}
{"_id": "fa1d17a8-53c8-11ea-8368-b88a60e194fb", "timestamp": "2020-01-15T03:28:03.000Z", "eventType": "transaction", "_adobeamericaspot3": {"CRMID": "crmid:4229856436", "orderDetails": {"orderID": "orderid:614263", "reservationid": "VO8-FV0G", "orderType": "service desk"}}}
{"_id": "fa1e2918-53c8-11ea-9e70-b88a60e194fb", "timestamp": "2020-01-09T13:14:45.000Z", "eventType": "transaction", "_adobeamericaspot3": {"CRMID": "crmid:7769063270", "orderDetails": {"orderID": "orderid:983213", "reservationid": "U8Q-HLHW", "orderType": "website"}}}
{"_id": "fa1eec68-53c8-11ea-8479-b88a60e194fb", "timestamp": "2020-01-10T12:08:35.000Z", "eventType": "transaction", "_adobeamericaspot3": {"CRMID": "crmid:7434848429", "orderDetails": {"orderID": "orderid:394791", "reservationid": "6ZC-RPEV", "orderType": "call center"}}}
{"_id": "fa1ffdc6-53c8-11ea-bf05-b88a60e194fb", "timestamp": "2019-12-17T12:23:37.000Z", "eventType": "transaction", "_adobeamericaspot3": {"CRMID": "crmid:2512760993", "orderDetails": {"orderID": "orderid:536002", "reservationid": "TUL-NVQ6", "orderType": "website"}}}
{"_id": "fa20c124-53c8-11ea-b8a9-b88a60e194fb", "timestamp": "2019-12-02T19:57:33.000Z", "eventType": "transaction", "_adobeamericaspot3": {"CRMID": "crmid:4252181519", "orderDetails": {"orderID": "orderid:305434", "reservationid": "VKQ-AG9F", "orderType": "service desk"}}}
{"_id": "fa21ab86-53c8-11ea-90ea-b88a60e194fb", "timestamp": "2020-01-14T18:21:19.000Z", "eventType": "transaction", "_adobeamericaspot3": {"CRMID": "crmid:1426626280", "orderDetails": {"orderID": "orderid:140621", "reservationid": "ERF-C2DG", "orderType": "mobile"}}}
{"_id": "fa22bdd8-53c8-11ea-8ecc-b88a60e194fb", "timestamp": "2019-12-30T21:29:22.000Z", "eventType": "transaction", "_adobeamericaspot3": {"CRMID": "crmid:2226283485", "orderDetails": {"orderID": "orderid:226763", "reservationid": "6VZ-XLE1", "orderType": "website"}}}
{"_id": "fa238046-53c8-11ea-a932-b88a60e194fb", "timestamp": "2019-12-28T08:09:51.000Z", "eventType": "transaction", "_adobeamericaspot3": {"CRMID": "crmid:7948795437", "orderDetails": {"orderID": "orderid:348666", "reservationid": "A7C-G0RZ", "orderType": "kiosk"}}}
{"_id": "fa2491ba-53c8-11ea-8188-b88a60e194fb", "timestamp": "2020-01-27T14:12:06.000Z", "eventType": "transaction", "_adobeamericaspot3": {"CRMID": "crmid:6071789080", "orderDetails": {"orderID": "orderid:862678", "reservationid": "5KZ-VL7T", "orderType": "website"}}}
{"_id": "fa257d4c-53c8-11ea-81c6-b88a60e194fb", "timestamp": "2020-02-05T18:12:02.000Z", "eventType": "transaction", "_adobeamericaspot3": {"CRMID": "crmid:2422540181", "orderDetails": {"orderID": "orderid:645352", "reservationid": "DZG-VW0I", "orderType": "kiosk"}}}
{"_id": "fa2667b8-53c8-11ea-88ea-b88a60e194fb", "timestamp": "2019-12-04T05:21:53.000Z", "eventType": "transaction", "_adobeamericaspot3": {"CRMID": "crmid:4350287606", "orderDetails": {"orderID": "orderid:965135", "reservationid": "ZVB-PGVA", "orderType": "mobile"}}}
{"_id": "fa272b00-53c8-11ea-8dee-b88a60e194fb", "timestamp": "2020-01-31T03:00:59.000Z", "eventType": "transaction", "_adobeamericaspot3": {"CRMID": "crmid:8681969620", "orderDetails": {"orderID": "orderid:950160", "reservationid": "VQC-CCKY", "orderType": "kiosk"}}}
{"_id": "fa283c68-53c8-11ea-a393-b88a60e194fb", "timestamp": "2019-12-04T02:29:13.000Z", "eventType": "transaction", "_adobeamericaspot3": {"CRMID": "crmid:6022922447", "orderDetails": {"orderID": "orderid:272922", "reservationid": "IDH-VOCB", "orderType": "website"}}}
{"_id": "fa28ffc0-53c8-11ea-9747-b88a60e194fb", "timestamp": "2019-12-18T09:46:34.000Z", "eventType": "transaction", "_adobeamericaspot3": {"CRMID": "crmid:5147696199", "orderDetails": {"orderID": "orderid:472307", "reservationid": "AV3-J8EY", "orderType": "kiosk"}}}
{"_id": "fa29c306-53c8-11ea-a32a-b88a60e194fb", "timestamp": "2019-12-24T23:34:31.000Z", "eventType": "transaction", "_adobeamericaspot3": {"CRMID": "crmid:5886843228", "orderDetails": {"orderID": "orderid:814183", "reservationid": "GNI-DTJK", "orderType": "kiosk"}}}
{"_id": "fa2a8678-53c8-11ea-997f-b88a60e194fb", "timestamp": "2020-02-13T15:54:11.000Z", "eventType": "transaction", "_adobeamericaspot3": {"CRMID": "crmid:8094364972", "orderDetails": {"orderID": "orderid:694329", "reservationid": "CMU-MRL1", "orderType": "mobile"}}}
{"_id": "fa2b70b8-53c8-11ea-8f87-b88a60e194fb", "timestamp": "2020-01-07T08:11:39.000Z", "eventType": "transaction", "_adobeamericaspot3": {"CRMID": "crmid:1877915083", "orderDetails": {"orderID": "orderid:385518", "reservationid": "UDU-678U", "orderType": "website"}}}
