crmid,email,first_name,last_name,gender,mobile telephone,city,country,zip,state,street address,birthday,historicalpoints
crmid:5476056160,oxalates1998@gmail.com,Reatha,Ratliff,female,981-648-1841,Tualatin,United States,17093,Delaware,367 Stevenson,1949-07-24,919
crmid:7171143867,hubcaps1960@yahoo.com,Mike,Singleton,,174-415-4481,Haines City,United States,13466,Nebraska,260 Lucky,1969-03-20,2663
crmid:6989346914,megalomaniac1862@gmail.com,Ted,Rosales,,563-995-2109,Yuma,United States,25345,Utah,251 Clearview,1966-10-31,2614
crmid:3722680549,catherina2067@yahoo.com,Keith,Davenport,male,015-116-7616,Brigham City,United States,39685,Oklahoma,556 Treat,1941-06-07,418
crmid:7030076414,bargeman2016@live.com,Britni,Nelson,female,346-310-4642,Onalaska,United States,16943,New Hampshire,252 Meadowbrook,1950-01-21,960
crmid:5306818499,insert1870@yandex.com,Stacey,Hyde,,723-448-8297,Glendora,United States,51517,Arkansas,588 Fairbanks,1966-09-09,1120
crmid:1970027226,revolutionariness1935@outlook.com,Virgil,Kirkland,male,546-192-3430,Bolingbrook,United States,55627,Wyoming,171 Pinto,1940-10-16,907
crmid:4912048621,unaborted2038@gmail.com,Marcel,Stephenson,male,572-187-5948,Burleson,United States,73045,Illinois,1109 Connecticut,1943-12-21,1483
crmid:6584848158,aiwan2024@live.com,Nathanael,Knight,,854-242-3728,McKinney,United States,26484,Louisiana,842 Harding,1988-04-13,1047
crmid:7963014055,runnion1876@outlook.com,Sang,Shaffer,female,682-601-2516,West Allis,United States,58945,Georgia,1372 Merrimac,1998-03-31,1630
crmid:8969205835,aeonian1845@outlook.com,Ela,Woods,female,309-184-0453,Palisades Park,United States,19754,California,301 Treasure Island,1949-03-31,2486
crmid:6646156836,toner1891@live.com,Percy,Hall,male,037-520-2118,Warren,United States,78893,Nebraska,1323 Ardath,1933-08-12,1259
crmid:1919750841,artiste2056@live.com,Shawnee,Guy,female,959-211-9362,Stephenville,United States,61440,Nebraska,253 Varney,1951-08-12,1854
crmid:6754344320,applejack2034@live.com,Isiah,Payne,,227-400-2672,Lake Elsinore,United States,58916,Wisconsin,1343 San Benito,1980-09-04,1421
crmid:6094077496,protragedy1990@yandex.com,Marcos,Mcpherson,,379-107-3440,Homestead,United States,75859,South Dakota,79 Ney,1973-12-03,1118
crmid:9581336783,briar2017@gmail.com,Josphine,Kerr,female,294-520-7988,Des Plaines,United States,54776,Connecticut,809 Larch,1954-10-08,323
crmid:5246222455,disyntheme1880@yahoo.com,Salvador,Duran,,742-327-0321,Melrose Park,United States,79682,South Dakota,891 Imperial,1989-12-16,2737
crmid:7667085369,benedicta2054@live.com,Darell,Padilla,,875-069-8374,Huntington Beach,United States,52663,Virginia,418 Quickstep,1974-10-13,1035
crmid:2950012837,scissor1813@yahoo.com,Brain,Gilmore,,657-795-5054,Methuen,United States,30733,Pennsylvania,1134 Auto,1990-07-14,2878
crmid:7407064439,barclay1883@outlook.com,Maryland,Rowland,female,392-086-7804,Delaware,United States,35895,South Dakota,932 Hollister,1954-06-25,1381
crmid:4252664809,salangid1917@gmail.com,Marcos,Smith,,245-468-6177,Wellington,United States,46182,New Mexico,936 Galewood,1984-01-20,2896
crmid:4350127414,contrafagotto1897@yahoo.com,Monet,Levy,female,576-622-3313,Chanhassen,United States,39719,Michigan,71 Laskie,1946-07-17,1063
crmid:4938600068,embittered1979@gmail.com,Jayson,Wade,male,938-918-0939,West Springfield,United States,02079,Montana,1312 Dixie,1941-10-10,828
crmid:7532555697,coyan1918@yahoo.com,Man,Gilmore,female,757-249-2521,Downey,United States,33262,Vermont,505 Cooper,1955-06-11,521
crmid:5785115950,synaxes1833@yandex.com,Alfredo,Luna,,454-988-1998,Searcy,United States,84258,Virginia,772 Bright,1985-08-18,405
crmid:4024328145,nightingale1801@yahoo.com,Myles,Kramer,male,568-957-7200,Atlanta,United States,43705,South Dakota,164 Marne,1934-07-17,888
crmid:9068941009,bridges1979@gmail.com,Lianne,Bender,female,374-636-1598,Detroit,United States,39073,Michigan,925 Langton,1954-05-02,1002
crmid:6064613419,alleviated1923@live.com,Arthur,Whitaker,,011-123-4734,Streamwood,United States,53799,Missouri,559 Hernandez,1995-06-10,2715
crmid:4393968714,comfortable2055@live.com,Lavona,Harrell,female,273-057-8522,Clemmons,United States,24276,Wyoming,842 Stilwell,1948-05-13,2780
crmid:4791988460,unzips1825@outlook.com,Refugia,Morse,female,379-772-0432,Elko,United States,74503,Virginia,437 Magellan,1959-07-21,2365
crmid:2529649367,brekel1967@live.com,Melvin,Fuentes,,643-977-3356,New Braunfels,United States,54493,New Hampshire,671 Esmeralda,1996-09-20,1350
crmid:8290151500,vertebroiliac1883@live.com,Orville,Kelley,,787-185-2918,Mayfield Heights,United States,20842,Hawaii,505 Kohler,1988-04-28,2349
crmid:5167865276,congregationist1993@gmail.com,Chet,West,,529-780-1187,Livermore,United States,91493,Vermont,593 Northpoint,1983-11-06,2627
crmid:6591024325,incognitos1936@outlook.com,Johnie,Shaw,,254-403-8356,Griffin,United States,30377,Louisiana,596 Cameron,1968-06-05,560
crmid:2641711232,subcurate1908@outlook.com,Domenic,Gaines,,330-008-2345,Lansing,United States,06329,Missouri,660 Goettingen,1980-02-01,350
crmid:1514224843,hilum1937@outlook.com,Fred,Daniel,male,448-257-3595,Naugatuck,United States,69252,New Mexico,1182 Stanton,1995-11-04,847
crmid:6344733635,tortoise1954@yahoo.com,Gene,Fry,male,085-875-1286,Antioch,United States,23990,Nevada,249 Varennes,1933-04-10,2965
crmid:3662751019,contrafagotto1841@yandex.com,Rudy,Morales,,050-301-9540,Oakley,United States,82042,Colorado,197 Kenny,1975-05-01,2501
crmid:2995568857,bommer1934@outlook.com,Sharee,Norman,female,660-535-4958,Cuyahoga Falls,United States,56109,Georgia,261 Central Magazine,1952-10-15,1716
crmid:3610422209,unstaled1997@gmail.com,Lamont,Hardin,,577-025-0293,Glendale,United States,91636,Missouri,1133 Beatrice,1966-06-04,339
crmid:3398244548,urinaries2036@yandex.com,Phil,Lowe,male,684-937-6311,Camas,United States,46146,Washington,519 South,1943-08-18,1352
crmid:6488508634,backers1994@gmail.com,Rene,Bernard,male,418-694-7821,Pittsburg,United States,50083,New Jersey,1221 Downey,1999-09-03,2017
crmid:8166197112,nurls1907@yahoo.com,Linsey,Cobb,female,941-816-0629,Fairfax,United States,36982,New Hampshire,348 Waltham,1961-05-06,389
crmid:5985050997,concussion1954@yahoo.com,Roosevelt,Foreman,,604-839-6102,Seal Beach,United States,47625,Maryland,168 Boardman,1993-04-25,882
crmid:5113158506,strutting2058@yahoo.com,Florencio,Camacho,male,123-070-7174,New Philadelphia,United States,67882,Mississippi,1035 France,1996-12-31,1165
crmid:9788450797,cricker1924@live.com,Kelley,Hernandez,male,417-639-1057,South Holland,United States,14611,Idaho,595 Division,1944-06-13,2054
crmid:6541275688,legmen2015@gmail.com,Ruthe,Mcintyre,female,565-220-2299,Plainview,United States,95265,Nebraska,1343 Prosper,1994-04-21,784
crmid:3990174850,dryopians1921@yahoo.com,Jack,Head,male,483-527-9829,Sherwood,United States,03674,Massachusetts,953 Heritage,1931-05-13,527
crmid:8331391129,snuffliness1995@gmail.com,Joselyn,Santos,female,986-334-4340,Peachtree City,United States,76290,West Virginia,957 Ocean Vista,1949-04-26,1236
crmid:7157498025,unsaturation1892@yahoo.com,Elene,Massey,female,244-731-7063,Universal City,United States,15870,Iowa,371 Potrero,1954-03-18,2511
crmid:2615361559,cautivo1994@live.com,Everett,Mccall,,330-253-1194,Yucca Valley,United States,58991,New Jersey,1153 Oakdale,1997-05-29,2398
crmid:9335524628,knifelike1855@gmail.com,Micah,Jennings,,949-103-6353,Longmont,United States,63844,Louisiana,1004 Foerster,1984-11-04,2519
crmid:6959886394,scourer1809@gmail.com,Gianna,Summers,female,842-931-7554,Warrensburg,United States,52800,Michigan,530 Revello,1996-10-07,1618
crmid:2501972622,undersomething1960@outlook.com,Teddy,Medina,male,317-180-8708,South Elgin,United States,59593,Montana,757 Marina,1939-09-20,1393
crmid:3823598787,decries2017@outlook.com,Charise,Dejesus,female,647-080-5488,Collierville,United States,72994,South Dakota,863 Scotland,1949-12-03,707
crmid:1822738526,scarfwise1880@yandex.com,Elvin,Morrison,,823-154-9323,Harvey,United States,29671,Hawaii,650 Capen,1970-05-01,2618
crmid:9475203820,aglycons1850@live.com,Jackelyn,Lindsay,female,641-968-8589,Plainview,United States,79550,Tennessee,310 Phoenix,1956-04-17,1460
crmid:6319926445,claimed2006@yahoo.com,Benito,Carrillo,male,189-519-1921,Berkeley,United States,81467,Montana,283 Hollis,1938-01-05,470
crmid:9418522456,neuropathical1829@outlook.com,Hermina,Mullen,female,587-358-4822,Winchester,United States,26481,Alaska,1315 Van Dyke,1957-04-21,1906
crmid:7768973931,gulonic1953@gmail.com,Charlyn,Avila,female,619-835-9063,Taylor,United States,69002,Utah,289 Getz,1957-02-01,2318
crmid:5274745877,snakey1896@live.com,Korey,Humphrey,,326-560-0822,Laconia,United States,10414,Missouri,383 Isis,1979-03-16,1175
crmid:3694586738,trout1822@gmail.com,Ronny,Savage,,611-104-3046,Mission Viejo,United States,83748,Connecticut,89 Steuben,1991-07-11,344
crmid:7475755518,thoracicohumeral1821@outlook.com,Norbert,Blair,,625-035-3759,Malden,United States,26747,Maryland,744 Bayview,1985-05-29,1378
crmid:5053773363,masterstroke1929@gmail.com,Russell,Mathis,,801-769-8888,West Haven,United States,96981,Wisconsin,1141 Stone,1981-11-27,1208
crmid:6218843395,saleps1870@yandex.com,Denver,Parks,,088-062-4691,Fredericksburg,United States,12666,Kansas,14 De Montfort,1964-04-22,2335
crmid:3183501463,nonexpeditiousness1838@live.com,Wilber,Olson,,470-253-2718,Lufkin,United States,22976,Arkansas,915 Byxbee,1985-04-10,2059
crmid:9591168041,downhills2069@gmail.com,Warner,Dillon,,006-364-9911,Marlborough,United States,34509,Oregon,709 Tuscany,1987-07-31,2114
crmid:7924037581,aiding2049@yahoo.com,Hilma,Santana,female,572-658-3188,Crown Point,United States,12780,Wisconsin,1048 Harper,1952-04-26,1687
crmid:2103288562,beachcomber2035@gmail.com,Leonel,Gilbert,,884-803-5624,North Platte,United States,37503,Wisconsin,942 Burns,1999-06-04,2014
crmid:9576282946,reflection1959@yandex.com,Olen,Valencia,,033-216-8125,Haines City,United States,75584,Connecticut,1149 Cashmere,1969-04-19,979
crmid:8171135273,externity1884@yandex.com,Leonard,Gilliam,,984-668-7842,Norman,United States,41932,Hawaii,883 Appleton,1998-07-16,653
crmid:7132512216,dovelet1882@yandex.com,Royal,Forbes,,685-430-1732,Xenia,United States,85614,Illinois,330 Miramar,1965-10-31,1898
crmid:6437259616,ablution1907@gmail.com,Chase,Terry,,342-751-4695,Westlake,United States,75880,Colorado,431 Bush,1966-10-20,2165
crmid:7105219692,overabusiveness2023@yandex.com,Dee,Workman,male,192-967-3245,Brea,United States,11473,New York,387 Junior,1941-03-31,388
crmid:4152868568,industry2063@gmail.com,Sammie,Mejia,,844-762-1091,New London,United States,45758,North Dakota,153 Thornton,1996-08-12,1711
crmid:9395719010,epistropheus1833@outlook.com,Rolf,Whitaker,,390-576-2384,High Point,United States,13485,California,657 Howth,1971-03-28,2048
crmid:5811343470,diablo1856@live.com,Antonia,Marshall,,436-181-8462,South El Monte,United States,37266,Alaska,843 Wedemeyer,1978-03-24,1507
crmid:9539383405,ripost1819@yahoo.com,Elly,Contreras,female,667-225-4448,Country Club Hills,United States,81533,Arkansas,598 Congo,1951-03-07,941
crmid:7783023810,built2021@outlook.com,Davis,Frye,,966-123-5890,Methuen,United States,47869,Maryland,1337 Junipero Serra,1990-08-16,1316
crmid:4102641383,lithopone1804@yahoo.com,Quinn,Wilkins,,406-122-1771,Lansing,United States,95808,Michigan,18 Thorne,1980-09-18,1157
crmid:2686411896,elkins1813@outlook.com,Marcelo,Elliott,,960-846-9059,San Benito,United States,69393,South Carolina,1232 Hobart,1976-06-01,2139
crmid:7352833086,became1939@yahoo.com,Asa,Williams,,004-548-9945,Temple,United States,45022,Ohio,10 Charter Oak,1990-05-17,2490
crmid:2073543274,tubenose2061@live.com,Lynwood,Boyle,,467-417-2621,Morton Grove,United States,30345,Nebraska,872 Ellsworth,1993-06-10,953
crmid:1530873606,discriminant1874@yahoo.com,Lon,Mayo,male,698-446-6253,Augusta,United States,98573,Pennsylvania,998 Macondray,1935-06-19,1489
crmid:5273517017,jaguar1852@gmail.com,Peter,Gonzales,,528-118-7029,Marana,United States,57741,Connecticut,756 Kramer,1986-09-07,1126
crmid:9347082754,castilian2053@yandex.com,Bradley,Heath,male,668-302-3733,Rosemount,United States,03751,Nebraska,4 Cordova,1935-01-13,2048
crmid:8529939822,flounder1887@live.com,Duncan,Head,,666-015-1259,Marquette,United States,60163,Hawaii,1275 Malvina,1987-11-06,728
crmid:2684699349,launce2070@live.com,Raphael,Castaneda,,299-761-5907,Ogden,United States,59444,North Dakota,583 Loomis,1970-06-16,2032
crmid:2981822343,cudgeled1979@yahoo.com,Gustavo,Rollins,male,036-541-9012,Bellingham,United States,72393,Colorado,741 Riverton,1937-04-25,1754
crmid:3080481174,streeking1946@yandex.com,Benny,Bates,,708-844-3499,Lompoc,United States,27092,West Virginia,1158 Kronquist,1984-04-17,1260
crmid:6322706312,reviviscency1835@live.com,Claude,Barr,female,889-811-9962,Puyallup,United States,20862,Vermont,239 Hubbell,1959-02-02,347
crmid:4707139549,dunker1973@yandex.com,Alexander,Conway,male,808-695-0364,Calexico,United States,91763,Iowa,1374 Bay Shore,1943-01-07,1587
crmid:6922854571,dorser1971@yandex.com,Steve,Figueroa,male,891-253-4965,Bangor,United States,52938,Florida,53 Java,1936-09-09,1885
crmid:9355813176,hippidium1809@outlook.com,Jed,Walker,,017-112-9951,Placentia,United States,45389,Oregon,639 Arballo,1992-10-08,2006
crmid:8023567754,colicky2057@gmail.com,Dyan,Hahn,female,234-725-2600,Crest Hill,United States,73052,Maryland,847 Burnside,1951-03-12,2351
crmid:2118631985,conceit1890@outlook.com,Carry,Potter,female,546-258-0693,Superior,United States,20564,Kentucky,1351 South Hughes,1960-02-23,2231
crmid:3717206933,preatomic1994@outlook.com,Shin,Kramer,female,503-423-4343,Chesapeake,United States,48335,Connecticut,954 Mammon,1946-08-17,1849
crmid:6830581265,dekle2041@outlook.com,Teodoro,Cabrera,male,046-430-2928,Thousand Oaks,United States,59161,Kentucky,138 Seawell,1999-10-29,1618
crmid:1638123853,epicontinental2005@live.com,Ceola,Gibbs,female,492-347-4391,El Cerrito,United States,93444,North Dakota,1206 Keppler,1958-02-11,921
crmid:1409343765,unconformableness2051@yahoo.com,Bernie,Stevenson,,550-848-4274,Liberal,United States,65960,Mississippi,1006 Behr,1982-10-29,329
crmid:9916935048,badju2066@outlook.com,Emmitt,Joseph,,335-837-1514,Sandusky,United States,29474,Colorado,1361 Towerside,1967-12-23,2538
crmid:4066271330,chaperno2008@live.com,Hiroko,Moran,female,829-706-8241,St. Matthews,United States,61850,Utah,1294 Hangah,1960-04-21,384
crmid:9073462240,hucksterage2004@gmail.com,Seth,Church,,522-985-9891,Northampton,United States,44616,West Virginia,698 Park Presidio,1999-07-09,1910
crmid:2619285429,alleluia1961@gmail.com,Jerry,Bradshaw,,831-997-8889,Kaysville,United States,00381,Rhode Island,1263 Lurmont,1976-02-22,2561
crmid:5094152122,polybrid1910@yahoo.com,Modesto,Rose,male,011-908-2054,Somerville,United States,50437,Mississippi,309 Agua,1931-07-25,2092
crmid:5419517252,dissembles1821@yandex.com,Emil,Bradford,male,300-371-3993,Bixby,United States,18891,Arizona,739 Edward,1939-03-03,2094
crmid:8110427983,groggy2015@outlook.com,Kerry,Madden,male,810-500-7935,Rosenberg,United States,89356,Nebraska,1186 Kezar,1933-06-18,1069
crmid:9175692822,bellboy1912@outlook.com,Sean,Morton,,609-480-9716,Hannibal,United States,79198,South Dakota,1374 Madera,1969-12-30,1366
crmid:9965763099,duckwalk1995@gmail.com,Yuriko,Guerrero,female,843-576-2627,Daphne,United States,50384,Missouri,1112 Ross,1953-09-12,901
crmid:3185267871,planetologic1922@live.com,Dalton,Lawrence,,918-294-5836,Ypsilanti,United States,83628,North Carolina,439 Seymour,1984-05-24,1132
crmid:2940245477,adiana2040@yandex.com,Emmett,Downs,male,183-403-3715,Anacortes,United States,11776,Wisconsin,914 Del Sur,1932-04-08,2686
crmid:4718449819,canossa1908@gmail.com,Rocky,Moody,,211-752-8263,Wooster,United States,45404,Rhode Island,318 Jose Sarria,1986-04-17,2658
crmid:5294680887,aindrea2020@yahoo.com,Kaleigh,Frank,female,217-074-5606,Wausau,United States,18378,Tennessee,347 Ivy,1954-04-10,348
crmid:1945653954,undertaken2065@outlook.com,Gale,Malone,male,666-759-7842,Perrysburg,United States,05056,Utah,1195 Meadowbrook,1931-04-18,793
crmid:2927670710,belight1853@yandex.com,Shawnee,Knowles,female,082-199-5905,Detroit,United States,41818,Indiana,388 Gold Mine,1954-08-16,1442
crmid:4600831732,aglaos1998@live.com,Tyler,Dorsey,male,232-042-9937,Amsterdam,United States,75432,Maryland,423 Jansen,1932-12-22,1749
crmid:8240652998,biologists2009@yandex.com,Lane,Benjamin,,350-658-5323,Goodlettsville,United States,32391,Tennessee,839 Vienna,1967-07-31,404
crmid:5837134564,bobcat1864@outlook.com,Fausto,Randall,male,154-298-3737,Bellwood,United States,97321,South Carolina,179 Seward,1937-04-24,2478
crmid:7384954113,athene1926@yahoo.com,Karl,Bradford,,823-010-5056,Lewiston,United States,04700,California,477 Green,1982-01-30,1288
crmid:1696170758,shaman1981@yahoo.com,Georgiann,Blackwell,female,287-450-1889,Orem,United States,91331,Colorado,1248 Stigwood,1954-03-03,1025
crmid:9549434479,amygdalotome1913@gmail.com,Sherell,Stone,female,680-789-3354,Eagle Pass,United States,97851,Pennsylvania,137 Jose Sarria,1956-08-28,1399
crmid:3595006493,dominium1828@yahoo.com,Antonio,Patterson,male,926-534-9637,Athens,United States,03709,Kansas,1320 Enterprise,1934-01-23,2559
crmid:1002334357,predelinquent2051@gmail.com,Robin,Medina,,914-029-0827,Somerville,United States,64894,New Mexico,776 Congo,1987-09-27,995
crmid:5926968247,hiding1842@outlook.com,Blair,Neal,,437-173-4468,Laguna Niguel,United States,82050,Colorado,834 Cedar,1979-02-09,1469
crmid:8624320267,usself1817@gmail.com,Robin,Owen,,248-025-2086,Schererville,United States,76376,Colorado,945 Baltimore,1981-11-18,479
crmid:5014675189,drainpipe1833@outlook.com,Leigh,Cochran,,861-016-1201,Harrisonburg,United States,36943,Rhode Island,105 Brice,1970-06-20,1455
crmid:4957919786,connelly2024@yahoo.com,Toi,Gross,female,990-940-2973,Park Forest,United States,99567,Kansas,185 Wall,1952-11-17,752
crmid:5283743576,unfrequentable2053@yandex.com,Zana,Sargent,female,459-224-1300,Cleveland Heights,United States,77171,Mississippi,639 Sunrise,1948-09-26,1143
crmid:7671616070,denes1825@yandex.com,Glendora,Morris,female,173-682-8494,Chapel Hill,United States,96760,Delaware,766 Candyland,1946-03-21,2160
crmid:7997846188,conestoga1873@yahoo.com,Arron,Barr,,126-616-6416,Mint Hill,United States,45021,Florida,1261 Huntington,1991-08-29,817
crmid:8322573203,bewitching1935@outlook.com,Cristobal,Jimenez,,672-038-2561,Sayreville,United States,84045,Kentucky,1317 Decker,1981-08-03,2523
crmid:2485913207,earles1865@gmail.com,Hung,York,male,569-386-2467,North Olmsted,United States,02115,Texas,1398 Niantic,1999-01-25,543
crmid:2389961873,bigha1912@yahoo.com,Newton,Casey,,128-073-9661,Hollywood,United States,46439,Idaho,412 Ewer,1972-07-05,2989
crmid:8204301813,falconry1967@outlook.com,Cira,Ramsey,female,118-082-5996,Dixon,United States,09131,Illinois,163 Mayfair,1955-02-24,1516
crmid:7726568522,fibrinate1857@outlook.com,Francesco,Patterson,,375-412-1872,Santee,United States,71828,Florida,763 Collingwood,1975-04-17,933
crmid:9144454587,microlitic2039@yahoo.com,Rodrigo,Bolton,,559-704-2450,Yuba City,United States,30489,Virginia,343 Santa Ysabel,1970-07-01,1579
crmid:3024308809,ox1834@yahoo.com,Alfredo,West,,378-070-0905,Sikeston,United States,50408,Arizona,171 Bronte,1972-01-29,1531
crmid:3243819024,giggled1984@yahoo.com,Drucilla,White,female,441-029-5670,Erie,United States,19532,Kansas,1366 College,1960-03-31,914
crmid:1907209116,baklavas1906@yahoo.com,Alberto,Fox,,888-714-8367,Lawndale,United States,47425,Oklahoma,394 Olive,1981-07-25,1011
crmid:2579906592,aptly1873@gmail.com,Azucena,Hubbard,female,568-241-1226,Spring Hill,United States,87001,Oregon,289 Kensington,1955-12-28,932
crmid:9156166008,yoks1905@yandex.com,Maxwell,Mueller,,544-266-2701,Tyler,United States,30268,Wyoming,1393 Fortuna,1974-11-03,2558
crmid:5047674128,chaudry1980@live.com,Ezekiel,Boyer,,108-057-7907,Hempstead,United States,04246,Louisiana,526 Edgehill,1971-02-04,1379
crmid:5316693512,unstocking1968@gmail.com,Santiago,Rich,,342-301-7110,Marion,United States,70471,Michigan,946 Ludlow,1987-12-31,2149
crmid:4997569927,sylvanitic1810@yandex.com,Mariano,Morse,,099-125-7852,La Quinta,United States,44310,Florida,842 Blake,1979-07-15,2037
crmid:9179642103,celsius2005@yahoo.com,Raymon,Mcclain,,699-055-6337,Perris,United States,31466,Hawaii,998 Storrie,1970-03-05,1853
crmid:4756174182,evolutionism2060@yandex.com,Marcellus,Cain,male,717-758-3697,Altamonte Springs,United States,71257,Hawaii,1106 Houston,1931-12-13,2029
crmid:6448286422,cayapa1827@outlook.com,Al,Washington,,150-059-2955,Saratoga Springs,United States,91589,Illinois,13 Bartol,1962-02-21,2978
crmid:1935444406,bulbilla1855@outlook.com,Elmer,Sandoval,,951-148-1027,Strongsville,United States,72711,Oregon,1387 Cohen,1966-12-25,599
crmid:5617947462,bossa2044@outlook.com,Benton,Reilly,,625-629-0922,Winona,United States,89454,Alabama,1085 Bemis,1983-10-10,2721
crmid:8224506529,affluent1828@live.com,Branden,Avery,,199-135-0976,Grand Junction,United States,77599,Minnesota,126 Poppy,1967-12-20,506
crmid:8329643153,zillionaire1940@yahoo.com,Ling,Hendricks,female,148-484-5191,Chowchilla,United States,37962,Idaho,885 Owens,1947-05-13,749
crmid:4743685226,bluefish1964@gmail.com,Vincent,Pacheco,,103-576-2154,Santa Maria,United States,31398,Rhode Island,917 Madrone,1972-10-05,2287
crmid:8375242197,brims1982@outlook.com,Frida,Barker,female,010-824-3562,Des Plaines,United States,80290,Connecticut,58 Leavenworth,1954-03-02,2899
crmid:4129344305,colston1992@gmail.com,Torri,Santos,female,915-165-6531,Creve Coeur,United States,50391,Rhode Island,326 Cielito,1951-09-26,1233
crmid:6489503080,breaster1896@gmail.com,Vanetta,Fischer,female,456-360-9544,Crystal Lake,United States,50758,Illinois,965 Delmar,1952-09-10,816
crmid:1107709233,spermatovum2031@yahoo.com,Anderson,Slater,,828-498-6862,Flint,United States,50189,Wyoming,1397 Mahan,1962-09-23,635
crmid:5965704875,pongidae1927@gmail.com,Keeley,Lester,female,887-287-2307,Winter Park,United States,16205,Ohio,521 Hastings,1951-11-28,645
crmid:5508566640,radioactivities1824@yandex.com,Granville,Hendrix,,602-198-4735,Miami Gardens,United States,07532,Arkansas,1230 Casitas,1990-01-27,1851
crmid:2740838185,feminist1994@live.com,Vanita,Stevens,female,216-369-2418,College Park,United States,54626,New Hampshire,1389 Palace Of Fine Arts,1949-09-28,2924
crmid:3823790848,eland2058@yandex.com,Emerson,Willis,,881-340-3938,La Mesa,United States,53712,Iowa,215 Sussex,1978-10-12,576
crmid:6198793479,curcuma2012@yandex.com,Dewey,Cummings,male,737-089-4087,Port Huron,United States,02347,Massachusetts,79 Fresnel,1937-03-07,2804
crmid:7299097768,newt1895@outlook.com,Erin,Brock,male,638-564-8919,Carteret,United States,15897,Pennsylvania,1196 Mississippi,1944-04-04,1188
crmid:4992002441,zapateo2014@yahoo.com,Jamel,Adams,,673-170-0697,Leander,United States,32266,North Dakota,746 Owens,1981-06-25,1388
crmid:2787964703,bouche2006@outlook.com,Calvin,Perkins,,695-119-1329,Grand Island,United States,05605,Massachusetts,897 Pennington,1967-01-17,2628
crmid:8794623538,tartanas2066@yahoo.com,Tamala,Stuart,female,878-628-0436,Covington,United States,98388,Nevada,1330 Lois,1951-08-28,2716
crmid:2261088440,bitton1966@gmail.com,Raphael,Hampton,,134-221-5898,St. George,United States,32137,Vermont,369 Franconia,1975-10-08,1446
crmid:4276781133,biddie1941@yandex.com,Parker,Case,male,292-327-4193,New Orleans,United States,76472,West Virginia,1052 Langdon,1996-11-04,373
crmid:4954163110,brynn1905@yandex.com,Javier,Ayers,male,473-824-9371,Bloomingdale,United States,21062,Colorado,76 Seneca,1939-05-01,1163
crmid:4603275952,pulselessness1904@live.com,Carl,Head,male,012-962-2797,Baltimore,United States,04207,Florida,807 Gerke,1935-02-13,639
crmid:1771411882,blubber1936@outlook.com,Dustin,Malone,,130-703-2825,McMinnville,United States,58875,South Carolina,1389 Jason,1988-09-01,450
crmid:2359762553,outbetter1984@gmail.com,Gaston,Roman,male,094-492-6495,Bloomington,United States,20980,Arizona,603 Reeves,1939-04-25,2843
crmid:1589375856,chops2066@outlook.com,Adolph,Keller,,847-863-4684,Lynbrook,United States,13437,Pennsylvania,987 Torrens,1985-03-05,862
crmid:9630230348,poesy1958@yandex.com,Zachery,Kemp,male,759-681-6572,Rock Island,United States,75167,Maryland,1197 Minna,1940-10-16,1001
crmid:6636349774,poodle1871@yandex.com,Amee,Torres,female,683-409-4860,Northbrook,United States,17889,West Virginia,1151 Auto,1999-03-20,776
crmid:1126014409,eyeshot1819@yahoo.com,Tom,Finch,male,334-437-0019,Alexandria,United States,62287,Massachusetts,995 Webster,1931-10-18,1799
crmid:5400009494,fribbled1992@gmail.com,Willodean,Guerrero,female,530-072-9014,Duluth,United States,83364,Nebraska,654 Morgan,1956-09-12,1566
crmid:8165939909,turmeric1971@yahoo.com,Luis,Collier,male,312-555-9000,Bozeman,United States,83262,Kentucky,205 Concourse,1940-12-12,1086
crmid:9750490902,oryx1855@yahoo.com,Charlie,Craft,,768-373-4506,Hercules,United States,04021,Wisconsin,1242 Palace Of Fine Arts,1971-01-19,1382
crmid:1141857961,smarmy1804@live.com,David,Winters,,245-601-0779,Whitehall,United States,87491,Vermont,789 Danton,1994-08-29,1070
crmid:6016946499,fowl2044@gmail.com,Beula,Christian,female,937-044-0212,Coachella,United States,81894,Michigan,412 Lomita,1948-01-06,385
crmid:9848349456,transact1962@yahoo.com,Henry,Lloyd,,143-241-6757,Kankakee,United States,09722,Massachusetts,342 Sunnydale,1976-02-01,768
crmid:4940532886,broomer2014@yahoo.com,Osvaldo,Hooper,,595-495-1582,Lackawanna,United States,64472,Kansas,1063 Sunview,1979-11-15,2203
crmid:7449577217,tripe1811@yandex.com,Federico,Brewer,male,364-870-3321,Ames,United States,80991,Mississippi,722 Arthur,1932-04-04,808
crmid:8042627987,demandative2007@gmail.com,Quyen,Sanchez,female,856-368-1062,East Chicago,United States,84793,Oklahoma,1169 Scotland,1957-07-26,2115
crmid:5652491415,enunciators1871@yandex.com,Elliot,Hester,male,526-054-2220,Bowie,United States,16255,Wisconsin,1199 Deems,1940-03-14,2386
crmid:6453270550,selachian1928@outlook.com,Ned,Sanders,,524-895-7553,Mayfield Heights,United States,38752,North Carolina,952 Hardie,1988-06-09,772
crmid:3394881423,pleurotyphoid1938@yandex.com,Bernie,Neal,male,465-245-0547,Wilkes-Barre,United States,90762,New Hampshire,1290 Tacoma,1940-01-21,2041
crmid:6699878775,eastland1939@yahoo.com,Darron,Levy,,968-058-9541,Slidell,United States,86511,Utah,1016 Joice,1989-11-25,2890
crmid:5543550683,dotterel1960@yandex.com,Lenita,Mays,female,153-605-5264,Palo Alto,United States,92327,Utah,219 Lower,1957-12-10,433
crmid:7214577534,embryon1804@live.com,Chas,Mcguire,male,576-658-4898,Arroyo Grande,United States,04701,Michigan,881 Varney,1934-02-19,1388
crmid:1750035101,evensong1927@gmail.com,Jeffery,Winters,,459-447-9757,Wooster,United States,65226,Delaware,829 Holly Park,1976-09-07,1988
crmid:8287561812,processor1845@gmail.com,Pasquale,Zimmerman,,493-036-7984,Monroeville,United States,42848,Missouri,1245 Casitas,1992-07-19,1161
crmid:8635874198,bubak1811@live.com,Francesco,Rosa,,029-860-7523,Perris,United States,23261,Alaska,144 Battery,1962-08-11,2026
crmid:2787877785,bommer1893@yahoo.com,Alphonse,Garrett,,145-458-1937,Kinston,United States,57709,Hawaii,551 Farnsworth,1978-09-05,765
crmid:7084953590,shaman2003@yandex.com,Everett,Mercer,,780-391-3737,Patterson,United States,22118,Wisconsin,65 Sea View,1965-08-07,989
crmid:5630006110,scumble1980@live.com,Bobby,Briggs,,418-395-6139,Lenoir,United States,23013,Louisiana,582 Copper,1982-05-15,1320
crmid:6978401480,aciduria2028@outlook.com,Oscar,Miles,,375-140-5136,Grandview,United States,33697,Washington,585 Roscoe,1967-07-11,723
crmid:7271772584,plainswomen2017@yahoo.com,Troy,Park,male,324-592-7444,Cambridge,United States,56343,Louisiana,507 Scotland,1943-09-22,1716
crmid:6520268126,polioencephalomyelitis1810@live.com,Gema,Cantu,female,172-477-6147,East Chicago,United States,71710,Illinois,467 Guy,1957-12-06,2658
crmid:7466945430,unicist2034@yahoo.com,Kathyrn,Reyes,female,928-465-5194,Oakdale,United States,72344,Utah,428 La Avanzada,1960-05-24,2375
