id,crmid,propensity_room_upgrade,propensity_extended_nights
orderid:836689,crmid:8210965342,2,3
orderid:341985,crmid:8579875505,7,5
orderid:766410,crmid:1997432207,3,1
orderid:610962,crmid:6329904467,4,5
orderid:855602,crmid:3757468733,4,4
orderid:508473,crmid:3794055366,5,5
orderid:813671,crmid:6575570209,6,4
orderid:539269,crmid:6601595215,5,2
orderid:871785,crmid:8024056766,5,3
orderid:618222,crmid:5249575322,4,5
orderid:976120,crmid:6918032845,3,6
orderid:276470,crmid:9613445622,4,4
orderid:727592,crmid:9787299520,7,4
orderid:300114,crmid:1778885896,6,4
orderid:197631,crmid:4792048943,5,2
orderid:195666,crmid:7825099975,8,3
orderid:888236,crmid:5220271387,6,4
orderid:141032,crmid:7474865509,4,5
orderid:954017,crmid:8061661387,4,4
orderid:721287,crmid:6596755701,3,4
orderid:359736,crmid:7467321412,4,5
orderid:559215,crmid:1433942463,5,5
orderid:343651,crmid:6588317642,9,4
orderid:838626,crmid:6903416866,5,4
orderid:303834,crmid:6701758529,8,4
orderid:760501,crmid:4838016332,5,4
orderid:827199,crmid:2739791272,3,7
orderid:755857,crmid:3997378169,2,5
orderid:223171,crmid:4469025365,4,3
orderid:382685,crmid:4430840113,4,4
orderid:623056,crmid:3743617563,3,5
orderid:577875,crmid:1524230599,6,4
orderid:325075,crmid:9798339022,2,5
orderid:408259,crmid:7554807691,3,4
orderid:208608,crmid:4397466721,3,5
orderid:159579,crmid:8029651950,5,3
orderid:459681,crmid:6403546696,4,5
orderid:120462,crmid:5978718509,6,4
orderid:914741,crmid:8748797924,3,5
orderid:757745,crmid:8577409071,5,9
orderid:808917,crmid:7797156370,8,4
orderid:141611,crmid:1851204825,4,2
orderid:480273,crmid:8953474258,8,6
orderid:176159,crmid:5397304066,4,5
orderid:567085,crmid:5071950340,5,3
orderid:292179,crmid:7001815146,4,3
orderid:891740,crmid:8320373046,6,5
orderid:660206,crmid:2560258195,4,4
orderid:879695,crmid:6211812028,4,4
orderid:120969,crmid:3924043058,4,3
orderid:927152,crmid:5341683679,8,4
orderid:768066,crmid:7914331170,4,4
orderid:382190,crmid:3700216727,5,5
orderid:350940,crmid:6389804981,8,3
orderid:429012,crmid:1950862006,7,5
orderid:336949,crmid:5971640260,8,4
orderid:766814,crmid:1754491809,5,5
orderid:121930,crmid:6909479423,4,4
orderid:767069,crmid:9910392819,4,4
orderid:720283,crmid:5079175090,3,3
orderid:778711,crmid:2936093671,2,6
orderid:563263,crmid:5970906044,5,5
orderid:688617,crmid:4988829726,3,4
orderid:420110,crmid:7871279214,7,5
orderid:732706,crmid:2872274184,4,4
orderid:224968,crmid:9958560717,9,4
orderid:894908,crmid:5464113693,2,4
orderid:449613,crmid:7553093613,5,4
orderid:946051,crmid:1767738911,3,3
orderid:682571,crmid:3687682543,5,4
orderid:245271,crmid:8560035807,4,5
orderid:295643,crmid:8173606222,8,5
orderid:315555,crmid:9296586780,4,4
orderid:581245,crmid:5753165446,5,2
orderid:754890,crmid:3139484196,3,3
orderid:335187,crmid:7735702364,6,3
orderid:869599,crmid:5188789481,3,5
orderid:496291,crmid:8039768331,5,5
orderid:446776,crmid:9222413844,4,6
orderid:280723,crmid:2466427610,4,3
orderid:320265,crmid:4560051104,5,5
orderid:610027,crmid:1610430839,5,2
orderid:230617,crmid:9429865682,6,5
orderid:672263,crmid:8084572608,4,4
orderid:365311,crmid:9152770021,5,8
orderid:780454,crmid:3809385271,4,4
orderid:421633,crmid:4709513272,3,8
orderid:147354,crmid:7738366994,8,6
orderid:791904,crmid:7993967965,4,4
orderid:274510,crmid:7177382789,4,3
orderid:235532,crmid:1113402843,2,5
orderid:723440,crmid:5071157827,4,2
orderid:452317,crmid:9157498210,2,3
orderid:987371,crmid:9336888631,4,5
orderid:232022,crmid:6502950474,4,4
orderid:978290,crmid:6686931131,5,8
orderid:377394,crmid:9344830607,3,5
orderid:173531,crmid:9276077343,5,4
orderid:994040,crmid:1989957145,4,4
orderid:501975,crmid:6535686207,4,4
