id,crmid,propensity_room_upgrade,propensity_extended_nights
b2369d7a-53cb-11ea-90ef-b88a60e194fb,crmid:7906401059,2,3
b237d5fe-53cb-11ea-897c-b88a60e194fb,crmid:5105200989,5,5
b238e766-53cb-11ea-ad38-b88a60e194fb,crmid:3516402593,5,5
b239aab6-53cb-11ea-8814-b88a60e194fb,crmid:1220616234,4,5
b23a9514-53cb-11ea-9756-b88a60e194fb,crmid:4614287642,6,4
b23bcd92-53cb-11ea-8e3d-b88a60e194fb,crmid:1108957991,6,5
b23cb7f8-53cb-11ea-833d-b88a60e194fb,crmid:2714641190,2,3
b23da3a2-53cb-11ea-8d2a-b88a60e194fb,crmid:2163847566,10,6
b23e66e6-53cb-11ea-8ff4-b88a60e194fb,crmid:7663625933,5,8
b23f5158-53cb-11ea-9e8e-b88a60e194fb,crmid:5550675738,9,4
b2403b8c-53cb-11ea-8923-b88a60e194fb,crmid:2806773557,5,4
b2414d58-53cb-11ea-b6f5-b88a60e194fb,crmid:6981169325,4,5
b242106c-53cb-11ea-87ba-b88a60e194fb,crmid:2144277523,4,8
b2436ffa-53cb-11ea-9b45-b88a60e194fb,crmid:8303277063,3,4
b244334a-53cb-11ea-8e36-b88a60e194fb,crmid:4359557282,4,5
b2641790-53cb-11ea-94f9-b88a60e194fb,crmid:4711871644,5,5
b2a40530-53cb-11ea-9435-b88a60e194fb,crmid:5576469933,4,4
b2a516a2-53cb-11ea-a7d8-b88a60e194fb,crmid:7039164119,3,4
b2a6765a-53cb-11ea-afbf-b88a60e194fb,crmid:8952619347,4,4
b2a739a4-53cb-11ea-adab-b88a60e194fb,crmid:9603314627,4,4
b2a82406-53cb-11ea-b5c0-b88a60e194fb,crmid:5654694673,3,4
b2a90e66-53cb-11ea-9684-b88a60e194fb,crmid:4720147233,2,2
b2a9f8c6-53cb-11ea-a1fb-b88a60e194fb,crmid:7288324764,8,4
b2ab3158-53cb-11ea-a8bb-b88a60e194fb,crmid:8053542159,7,2
b2ac1bac-53cb-11ea-ba88-b88a60e194fb,crmid:6302088972,2,2
b2acdef4-53cb-11ea-a000-b88a60e194fb,crmid:5691301137,5,5
b2adf07e-53cb-11ea-82a9-b88a60e194fb,crmid:1163036237,4,3
b2aedad8-53cb-11ea-922d-b88a60e194fb,crmid:4785610946,10,4
b2afc53a-53cb-11ea-9530-b88a60e194fb,crmid:9626404131,7,5
b2b0afb0-53cb-11ea-a13c-b88a60e194fb,crmid:8973739284,4,3
b2b1c0fa-53cb-11ea-ad53-b88a60e194fb,crmid:5762752974,6,9
b2b2ab68-53cb-11ea-9c75-b88a60e194fb,crmid:8464867147,4,4
b2b395b4-53cb-11ea-93cb-b88a60e194fb,crmid:2308743727,4,4
b2b4801e-53cb-11ea-9bb2-b88a60e194fb,crmid:8719808538,3,3
b2b606be-53cb-11ea-ab42-b88a60e194fb,crmid:6110937811,4,2
b2b71824-53cb-11ea-afca-b88a60e194fb,crmid:2749682818,4,6
b2b7db74-53cb-11ea-9f8a-b88a60e194fb,crmid:1192689272,3,5
b2b8c5de-53cb-11ea-878c-b88a60e194fb,crmid:8317083763,4,4
b2b9b02e-53cb-11ea-ad29-b88a60e194fb,crmid:6206654735,5,4
b2ba9a9a-53cb-11ea-b899-b88a60e194fb,crmid:7617315896,5,3
b2bbac02-53cb-11ea-b148-b88a60e194fb,crmid:6134351881,4,5
b2bc7066-53cb-11ea-824f-b88a60e194fb,crmid:2007711311,5,2
b2bd5b00-53cb-11ea-896b-b88a60e194fb,crmid:8521180307,3,8
b2be443e-53cb-11ea-ab06-b88a60e194fb,crmid:4861230712,4,4
b2c17876-53cb-11ea-bbff-b88a60e194fb,crmid:6471475468,8,4
b2c289e2-53cb-11ea-8858-b88a60e194fb,crmid:6552687466,5,6
b2c37450-53cb-11ea-a013-b88a60e194fb,crmid:1277542316,4,5
b2c45e9c-53cb-11ea-b08f-b88a60e194fb,crmid:8782724917,3,4
b2c548f6-53cb-11ea-8477-b88a60e194fb,crmid:7925299222,5,3
b2c65a5c-53cb-11ea-8054-b88a60e194fb,crmid:9630551624,5,5
b2c7ba8a-53cb-11ea-89ff-b88a60e194fb,crmid:6333134855,5,5
b2c8cb76-53cb-11ea-89c6-b88a60e194fb,crmid:2185478264,5,5
b2ca2adc-53cb-11ea-9cef-b88a60e194fb,crmid:9269830157,4,5
b2cb1558-53cb-11ea-a51a-b88a60e194fb,crmid:9466710111,4,9
b2cbffac-53cb-11ea-aad1-b88a60e194fb,crmid:3100865300,4,4
b2cd111c-53cb-11ea-8d60-b88a60e194fb,crmid:7931258890,3,6
b2cdfb76-53cb-11ea-b6a4-b88a60e194fb,crmid:1733244871,3,5
b2cf0d54-53cb-11ea-8037-b88a60e194fb,crmid:8392363475,5,7
b2d01e58-53cb-11ea-b9f6-b88a60e194fb,crmid:7449291845,2,5
b2d10a1a-53cb-11ea-870d-b88a60e194fb,crmid:4104081646,5,5
b2d21b86-53cb-11ea-87d2-b88a60e194fb,crmid:6071759877,3,4
b2d304fa-53cb-11ea-9536-b88a60e194fb,crmid:9285680742,6,4
b2d41612-53cb-11ea-95f3-b88a60e194fb,crmid:7133769706,5,5
b2d528e2-53cb-11ea-9f2a-b88a60e194fb,crmid:5936877095,4,6
b2d61328-53cb-11ea-86a5-b88a60e194fb,crmid:5788164732,3,4
b2d6fd92-53cb-11ea-818d-b88a60e194fb,crmid:2194650645,3,5
b2d83618-53cb-11ea-b753-b88a60e194fb,crmid:5073012097,8,5
b2d9205e-53cb-11ea-92ad-b88a60e194fb,crmid:4531826786,4,4
b2da5914-53cb-11ea-9ee4-b88a60e194fb,crmid:6546159421,5,4
b2db1ae8-53cb-11ea-a23e-b88a60e194fb,crmid:3198836989,3,4
b2dbdf86-53cb-11ea-bd79-b88a60e194fb,crmid:9370411668,4,4
b2dcef9a-53cb-11ea-ada8-b88a60e194fb,crmid:2402581926,3,4
b2dddb6e-53cb-11ea-9893-b88a60e194fb,crmid:4583438078,4,4
b2df1418-53cb-11ea-9b47-b88a60e194fb,crmid:2828959728,2,5
b2dfd724-53cb-11ea-ae1c-b88a60e194fb,crmid:4772767976,4,4
b2e09ac8-53cb-11ea-8eb0-b88a60e194fb,crmid:2838728108,7,4
b2e1d2f8-53cb-11ea-a786-b88a60e194fb,crmid:2955479085,3,5
b2e2bd86-53cb-11ea-b064-b88a60e194fb,crmid:6041963247,2,4
b2e3a7be-53cb-11ea-a45e-b88a60e194fb,crmid:6013352776,5,4
b2e4c24a-53cb-11ea-badd-b88a60e194fb,crmid:9396043170,2,3
b2e5a448-53cb-11ea-9100-b88a60e194fb,crmid:9642779037,4,5
b2e701b4-53cb-11ea-b98f-b88a60e194fb,crmid:2469237764,4,5
b2e8afe6-53cb-11ea-ab57-b88a60e194fb,crmid:5181189816,5,3
b2e9c23a-53cb-11ea-9916-b88a60e194fb,crmid:6536830016,4,5
b2eaacdc-53cb-11ea-ad00-b88a60e194fb,crmid:9729620606,4,3
b2ebbe10-53cb-11ea-a53f-b88a60e194fb,crmid:1465441996,4,5
b2eca718-53cb-11ea-b682-b88a60e194fb,crmid:4272740928,4,5
b2ede0b0-53cb-11ea-a8c7-b88a60e194fb,crmid:9784654809,4,3
b2eecb46-53cb-11ea-954f-b88a60e194fb,crmid:4503762838,6,5
b2efdb5c-53cb-11ea-b9a5-b88a60e194fb,crmid:6729640716,4,4
b2f0c712-53cb-11ea-833f-b88a60e194fb,crmid:9124711887,3,4
b2f1b176-53cb-11ea-87ee-b88a60e194fb,crmid:6079644586,8,3
b2f2737a-53cb-11ea-9866-b88a60e194fb,crmid:5572209138,4,2
b2f35f2c-53cb-11ea-9586-b88a60e194fb,crmid:3871224409,9,4
b3119426-53cb-11ea-96a6-b88a60e194fb,crmid:3953664904,4,4
b330dd74-53cb-11ea-a46b-b88a60e194fb,crmid:6969412088,3,4
b331a0ba-53cb-11ea-9a93-b88a60e194fb,crmid:1119191352,4,3
b3330042-53cb-11ea-9d50-b88a60e194fb,crmid:6932303619,3,4
b333eaa4-53cb-11ea-9eab-b88a60e194fb,crmid:5345066009,3,5
b334fc14-53cb-11ea-8302-b88a60e194fb,crmid:4544641814,3,5
b3365a74-53cb-11ea-b4cd-b88a60e194fb,crmid:9452437300,3,4
b337b9fe-53cb-11ea-bc14-b88a60e194fb,crmid:2002103547,4,8
b338cc9c-53cb-11ea-bf66-b88a60e194fb,crmid:5388653327,5,4
b339b5be-53cb-11ea-8b61-b88a60e194fb,crmid:9338790236,4,6
b33aa174-53cb-11ea-b9a2-b88a60e194fb,crmid:6912933954,3,4
b33b64c2-53cb-11ea-ac9f-b88a60e194fb,crmid:1046727500,4,4
b33c7618-53cb-11ea-bd36-b88a60e194fb,crmid:6805947222,7,5
b33d6074-53cb-11ea-a7ae-b88a60e194fb,crmid:9746520105,3,4
b33e720a-53cb-11ea-bc51-b88a60e194fb,crmid:5341233586,3,3
b33f825c-53cb-11ea-a4e4-b88a60e194fb,crmid:5681507044,3,5
b3406cbe-53cb-11ea-ad87-b88a60e194fb,crmid:7358307795,5,5
b3415812-53cb-11ea-ba0d-b88a60e194fb,crmid:8406665774,5,4
b3424274-53cb-11ea-8154-b88a60e194fb,crmid:3486391234,3,5
b343528a-53cb-11ea-9ea6-b88a60e194fb,crmid:8392679945,4,4
b3443ce6-53cb-11ea-8ee0-b88a60e194fb,crmid:6301091949,2,5
b3452746-53cb-11ea-8939-b88a60e194fb,crmid:9827363563,4,4
b34611b4-53cb-11ea-a228-b88a60e194fb,crmid:7443492137,4,4
b3472310-53cb-11ea-a0c8-b88a60e194fb,crmid:8210599342,7,3
b3485cfa-53cb-11ea-a36f-b88a60e194fb,crmid:4732893456,2,4
b3494662-53cb-11ea-ba22-b88a60e194fb,crmid:8491982929,7,6
b34a7e68-53cb-11ea-8e26-b88a60e194fb,crmid:5752693688,4,5
b34b68c6-53cb-11ea-8bf0-b88a60e194fb,crmid:3314370124,3,2
b34c2d82-53cb-11ea-bf82-b88a60e194fb,crmid:6598310767,2,3
b34d64e8-53cb-11ea-8d15-b88a60e194fb,crmid:4990879416,4,5
b34e7776-53cb-11ea-b2b6-b88a60e194fb,crmid:1990190983,5,4
b34f6078-53cb-11ea-b07b-b88a60e194fb,crmid:5183827339,3,4
b3504ad4-53cb-11ea-97fd-b88a60e194fb,crmid:6022572324,4,5
b3513530-53cb-11ea-bd1f-b88a60e194fb,crmid:7899407726,4,3
b352470a-53cb-11ea-93ba-b88a60e194fb,crmid:8926112944,4,5
b3537fee-53cb-11ea-8e01-b88a60e194fb,crmid:6096196831,5,4
b3546988-53cb-11ea-bf59-b88a60e194fb,crmid:2073359209,4,3
b35553e8-53cb-11ea-9cf3-b88a60e194fb,crmid:1258088124,4,3
b3563e46-53cb-11ea-8675-b88a60e194fb,crmid:8412638957,5,6
b35728a8-53cb-11ea-ab86-b88a60e194fb,crmid:4778521682,4,2
b358612c-53cb-11ea-ab2a-b88a60e194fb,crmid:5778589660,4,4
b3594b8a-53cb-11ea-b6c7-b88a60e194fb,crmid:7104089503,5,5
b35a0ed8-53cb-11ea-808d-b88a60e194fb,crmid:6984145834,4,5
b35b2041-53cb-11ea-abf6-b88a60e194fb,crmid:1737351653,8,4
b35c0aa4-53cb-11ea-8390-b88a60e194fb,crmid:4798342596,4,4
b35d914a-53cb-11ea-bdea-b88a60e194fb,crmid:8384638888,7,4
b35e7ba6-53cb-11ea-9b36-b88a60e194fb,crmid:7717501658,7,5
b35f6608-53cb-11ea-84b8-b88a60e194fb,crmid:8562763941,4,3
b3605068-53cb-11ea-aba5-b88a60e194fb,crmid:5587882981,6,5
b36113b0-53cb-11ea-9ee4-b88a60e194fb,crmid:3481603406,4,3
b3622526-53cb-11ea-936c-b88a60e194fb,crmid:3426126252,4,5
b36384b4-53cb-11ea-aad0-b88a60e194fb,crmid:3053426319,4,6
b3646f14-53cb-11ea-ac4a-b88a60e194fb,crmid:5795800544,3,5
b3655968-53cb-11ea-8932-b88a60e194fb,crmid:3610296420,8,5
b3666b46-53cb-11ea-a658-b88a60e194fb,crmid:2482705669,4,10
b367a35a-53cb-11ea-9d42-b88a60e194fb,crmid:9545670010,8,3
b368dbda-53cb-11ea-805d-b88a60e194fb,crmid:6228276293,3,4
b369ed4c-53cb-11ea-9f62-b88a60e194fb,crmid:6697762286,4,7
b36ab098-53cb-11ea-9831-b88a60e194fb,crmid:6833092133,3,4
b36bc214-53cb-11ea-b6a3-b88a60e194fb,crmid:6814039638,2,3
b36cac62-53cb-11ea-9c0c-b88a60e194fb,crmid:2510828480,3,3
b36de502-53cb-11ea-9ebf-b88a60e194fb,crmid:1971788534,5,3
b36ed0b6-53cb-11ea-b772-b88a60e194fb,crmid:9266534607,4,5
b36f940a-53cb-11ea-8d82-b88a60e194fb,crmid:4040152972,7,4
b3707e66-53cb-11ea-8143-b88a60e194fb,crmid:1460709503,4,3
b3718e9c-53cb-11ea-ae9f-b88a60e194fb,crmid:7670134838,9,3
b372c6f6-53cb-11ea-978e-b88a60e194fb,crmid:7816992177,6,6
b373d866-53cb-11ea-b597-b88a60e194fb,crmid:9693257696,5,5
b374c2c0-53cb-11ea-86b3-b88a60e194fb,crmid:1609921144,3,5
b375ad24-53cb-11ea-882d-b88a60e194fb,crmid:7773405558,5,3
b376bff7-53cb-11ea-86a8-b88a60e194fb,crmid:8610865367,3,3
b377aa76-53cb-11ea-b184-b88a60e194fb,crmid:5628879891,4,4
b3786dc0-53cb-11ea-bcfd-b88a60e194fb,crmid:3571189096,3,5
b3797f54-53cb-11ea-95dc-b88a60e194fb,crmid:6803269146,5,4
b37a9092-53cb-11ea-a574-b88a60e194fb,crmid:4169065508,4,5
b37b53e8-53cb-11ea-8e1f-b88a60e194fb,crmid:9461452695,5,5
b37c6552-53cb-11ea-b054-b88a60e194fb,crmid:8514020490,4,4
b3800df6-53cb-11ea-a155-b88a60e194fb,crmid:5697235930,3,4
b381bb40-53cb-11ea-ac07-b88a60e194fb,crmid:3538647304,5,5
b382f3b8-53cb-11ea-87ef-b88a60e194fb,crmid:2630007264,3,3
b3840530-53cb-11ea-b0b6-b88a60e194fb,crmid:9049846226,5,9
b384ef92-53cb-11ea-8fb6-b88a60e194fb,crmid:7104719176,4,3
b385da9c-53cb-11ea-a8cf-b88a60e194fb,crmid:6115663221,3,4
b3871276-53cb-11ea-bfc7-b88a60e194fb,crmid:8112679597,4,5
b387fcd4-53cb-11ea-a4b6-b88a60e194fb,crmid:4441751738,4,4
b388e74a-53cb-11ea-b7cc-b88a60e194fb,crmid:1504032597,6,5
b389d192-53cb-11ea-9db8-b88a60e194fb,crmid:9382576419,6,4
b38b09f8-53cb-11ea-b55e-b88a60e194fb,crmid:2607797424,4,5
b38bce98-53cb-11ea-940f-b88a60e194fb,crmid:6151309688,4,4
b38d0624-53cb-11ea-8368-b88a60e194fb,crmid:4229856436,4,4
b38df194-53cb-11ea-9e70-b88a60e194fb,crmid:7769063270,2,2
b38edae2-53cb-11ea-8479-b88a60e194fb,crmid:7434848429,4,3
b38f9f2e-53cb-11ea-bf05-b88a60e194fb,crmid:2512760993,5,4
b3908a54-53cb-11ea-b8a9-b88a60e194fb,crmid:4252181519,3,4
b391c0a4-53cb-11ea-90ea-b88a60e194fb,crmid:1426626280,4,4
b392d210-53cb-11ea-8ecc-b88a60e194fb,crmid:2226283485,5,3
b393bc76-53cb-11ea-a932-b88a60e194fb,crmid:7948795437,2,2
b394a836-53cb-11ea-8188-b88a60e194fb,crmid:6071789080,5,4
b395e0ae-53cb-11ea-81c6-b88a60e194fb,crmid:2422540181,4,3
b396cb1a-53cb-11ea-88ea-b88a60e194fb,crmid:4350287606,3,3
b398039a-53cb-11ea-8dee-b88a60e194fb,crmid:8681969620,4,2
b398c70c-53cb-11ea-a393-b88a60e194fb,crmid:6022922447,4,4
b399b14c-53cb-11ea-9747-b88a60e194fb,crmid:5147696199,4,5
b39a9bba-53cb-11ea-a32a-b88a60e194fb,crmid:5886843228,2,1
b39babae-53cb-11ea-997f-b88a60e194fb,crmid:8094364972,3,3
b39c9770-53cb-11ea-8f87-b88a60e194fb,crmid:1877915083,5,4
