id,crmid,propensity_room_upgrade,propensity_extended_nights
f9720bf6-53c8-11ea-90ef-b88a60e194fb,crmid:7906401059,2,3
f972f63a-53c8-11ea-897c-b88a60e194fb,crmid:5105200989,5,5
f973e098-53c8-11ea-ad38-b88a60e194fb,crmid:3516402593,5,5
f974cae2-53c8-11ea-8814-b88a60e194fb,crmid:1220616234,4,5
f9758e24-53c8-11ea-9756-b88a60e194fb,crmid:4614287642,6,4
f976789e-53c8-11ea-8e3d-b88a60e194fb,crmid:1108957991,6,5
f9778a8c-53c8-11ea-833d-b88a60e194fb,crmid:2714641190,2,3
f9784d74-53c8-11ea-8d2a-b88a60e194fb,crmid:2163847566,10,6
f97910ae-53c8-11ea-8ff4-b88a60e194fb,crmid:7663625933,5,8
f979d400-53c8-11ea-9e8e-b88a60e194fb,crmid:5550675738,9,4
f97ae574-53c8-11ea-8923-b88a60e194fb,crmid:2806773557,5,4
f97ba8ba-53c8-11ea-b6f5-b88a60e194fb,crmid:6981169325,4,5
f97cba36-53c8-11ea-87ba-b88a60e194fb,crmid:2144277523,4,8
f97d7d76-53c8-11ea-9b45-b88a60e194fb,crmid:8303277063,3,4
f97e67d8-53c8-11ea-8e36-b88a60e194fb,crmid:4359557282,4,5
f97f2b2e-53c8-11ea-94f9-b88a60e194fb,crmid:4711871644,5,5
f97feeb6-53c8-11ea-9435-b88a60e194fb,crmid:5576469933,4,4
f980d8de-53c8-11ea-a7d8-b88a60e194fb,crmid:7039164119,3,4
f981c1fa-53c8-11ea-afbf-b88a60e194fb,crmid:8952619347,4,4
f982868a-53c8-11ea-adab-b88a60e194fb,crmid:9603314627,4,4
f98370f6-53c8-11ea-b5c0-b88a60e194fb,crmid:5654694673,3,4
f9843426-53c8-11ea-9684-b88a60e194fb,crmid:4720147233,2,2
f9851eb6-53c8-11ea-a1fb-b88a60e194fb,crmid:7288324764,8,4
f9863012-53c8-11ea-a8bb-b88a60e194fb,crmid:8053542159,7,2
f986f370-53c8-11ea-ba88-b88a60e194fb,crmid:6302088972,2,2
f987ddc8-53c8-11ea-a000-b88a60e194fb,crmid:5691301137,5,5
f988c710-53c8-11ea-82a9-b88a60e194fb,crmid:1163036237,4,3
f9898b6e-53c8-11ea-922d-b88a60e194fb,crmid:4785610946,10,4
f98a9cd8-53c8-11ea-9530-b88a60e194fb,crmid:9626404131,7,5
f98b8728-53c8-11ea-a13c-b88a60e194fb,crmid:8973739284,4,3
f98c4a8c-53c8-11ea-ad53-b88a60e194fb,crmid:5762752974,6,9
f98d34e6-53c8-11ea-9c75-b88a60e194fb,crmid:8464867147,4,4
f98e1f52-53c8-11ea-93cb-b88a60e194fb,crmid:2308743727,4,4
f98f30c2-53c8-11ea-9bb2-b88a60e194fb,crmid:8719808538,3,3
f9901b3a-53c8-11ea-ab42-b88a60e194fb,crmid:6110937811,4,2
f990de6e-53c8-11ea-afca-b88a60e194fb,crmid:2749682818,4,6
f991a1b8-53c8-11ea-9f8a-b88a60e194fb,crmid:1192689272,3,5
f9928c3a-53c8-11ea-878c-b88a60e194fb,crmid:8317083763,4,4
f993768b-53c8-11ea-ad29-b88a60e194fb,crmid:6206654735,5,4
f99460f4-53c8-11ea-b899-b88a60e194fb,crmid:7617315896,5,3
f995242e-53c8-11ea-b148-b88a60e194fb,crmid:6134351881,4,5
f995e786-53c8-11ea-824f-b88a60e194fb,crmid:2007711311,5,2
f996d0ee-53c8-11ea-896b-b88a60e194fb,crmid:8521180307,3,8
f9979524-53c8-11ea-ab06-b88a60e194fb,crmid:4861230712,4,4
f99ac97e-53c8-11ea-bbff-b88a60e194fb,crmid:6471475468,8,4
f99bb33a-53c8-11ea-8858-b88a60e194fb,crmid:6552687466,5,6
f99c9e28-53c8-11ea-a013-b88a60e194fb,crmid:1277542316,4,5
f99dafb0-53c8-11ea-b08f-b88a60e194fb,crmid:8782724917,3,4
f99e98b6-53c8-11ea-8477-b88a60e194fb,crmid:7925299222,5,3
f99f8464-53c8-11ea-8054-b88a60e194fb,crmid:9630551624,5,5
f9a06ee8-53c8-11ea-89ff-b88a60e194fb,crmid:6333134855,5,5
f9a1323e-53c8-11ea-89c6-b88a60e194fb,crmid:2185478264,5,5
f9a21b40-53c8-11ea-9cef-b88a60e194fb,crmid:9269830157,4,5
f9a2dfdc-53c8-11ea-a51a-b88a60e194fb,crmid:9466710111,4,9
f9a3f14c-53c8-11ea-aad1-b88a60e194fb,crmid:3100865300,4,4
f9a4b488-53c8-11ea-8d60-b88a60e194fb,crmid:7931258890,3,6
f9a59eec-53c8-11ea-b6a4-b88a60e194fb,crmid:1733244871,3,5
f9a6622c-53c8-11ea-8037-b88a60e194fb,crmid:8392363475,5,7
f9a773b8-53c8-11ea-b9f6-b88a60e194fb,crmid:7449291845,2,5
f9a836fa-53c8-11ea-870d-b88a60e194fb,crmid:4104081646,5,5
f9a8fa4a-53c8-11ea-87d2-b88a60e194fb,crmid:6071759877,3,4
f9a9bd9c-53c8-11ea-9536-b88a60e194fb,crmid:9285680742,6,4
f9ab1d28-53c8-11ea-95f3-b88a60e194fb,crmid:7133769706,5,5
f9ac078c-53c8-11ea-9f2a-b88a60e194fb,crmid:5936877095,4,6
f9accad8-53c8-11ea-86a5-b88a60e194fb,crmid:5788164732,3,4
f9addc6c-53c8-11ea-818d-b88a60e194fb,crmid:2194650645,3,5
f9ae9fa6-53c8-11ea-b753-b88a60e194fb,crmid:5073012097,8,5
f9af89f8-53c8-11ea-92ad-b88a60e194fb,crmid:4531826786,4,4
f9b09ca8-53c8-11ea-9ee4-b88a60e194fb,crmid:6546159421,5,4
f9b185dc-53c8-11ea-a23e-b88a60e194fb,crmid:3198836989,3,4
f9b22218-53c8-11ea-bd79-b88a60e194fb,crmid:9370411668,4,4
f9b30b24-53c8-11ea-ada8-b88a60e194fb,crmid:2402581926,3,4
f9b44380-53c8-11ea-9893-b88a60e194fb,crmid:4583438078,4,4
f9b5a330-53c8-11ea-9b47-b88a60e194fb,crmid:2828959728,2,5
f9b6b49a-53c8-11ea-ae1c-b88a60e194fb,crmid:4772767976,4,4
f9b7c776-53c8-11ea-8eb0-b88a60e194fb,crmid:2838728108,7,4
f9b8b1ba-53c8-11ea-a786-b88a60e194fb,crmid:2955479085,3,5
f9b9753a-53c8-11ea-b064-b88a60e194fb,crmid:6041963247,2,4
f9ba5f68-53c8-11ea-a45e-b88a60e194fb,crmid:6013352776,5,4
f9bb49de-53c8-11ea-badd-b88a60e194fb,crmid:9396043170,2,3
f9bc0d46-53c8-11ea-9100-b88a60e194fb,crmid:9642779037,4,5
f9bcd06c-53c8-11ea-b98f-b88a60e194fb,crmid:2469237764,4,5
f9bdbae4-53c8-11ea-ab57-b88a60e194fb,crmid:5181189816,5,3
f9bea4e6-53c8-11ea-9916-b88a60e194fb,crmid:6536830016,4,5
f9bf8f92-53c8-11ea-ad00-b88a60e194fb,crmid:9729620606,4,3
f9c02be8-53c8-11ea-a53f-b88a60e194fb,crmid:1465441996,4,5
f9c13d82-53c8-11ea-b682-b88a60e194fb,crmid:4272740928,4,5
f9c226d4-53c8-11ea-a8c7-b88a60e194fb,crmid:9784654809,4,3
f9c310ae-53c8-11ea-954f-b88a60e194fb,crmid:4503762838,6,5
f9c3fc80-53c8-11ea-b9a5-b88a60e194fb,crmid:6729640716,4,4
f9c4bfb0-53c8-11ea-833f-b88a60e194fb,crmid:9124711887,3,4
f9c582f6-53c8-11ea-87ee-b88a60e194fb,crmid:6079644586,8,3
f9c66d7a-53c8-11ea-9866-b88a60e194fb,crmid:5572209138,4,2
f9c77edc-53c8-11ea-9586-b88a60e194fb,crmid:3871224409,9,4
f9c8423a-53c8-11ea-96a6-b88a60e194fb,crmid:3953664904,4,4
f9c9538a-53c8-11ea-a46b-b88a60e194fb,crmid:6969412088,3,4
f9ca3df6-53c8-11ea-9a93-b88a60e194fb,crmid:1119191352,4,3
f9cbc328-53c8-11ea-9d50-b88a60e194fb,crmid:6932303619,3,4
f9cd22c0-53c8-11ea-9eab-b88a60e194fb,crmid:5345066009,3,5
f9ce0d36-53c8-11ea-8302-b88a60e194fb,crmid:4544641814,3,5
f9ced1e4-53c8-11ea-b4cd-b88a60e194fb,crmid:9452437300,3,4
f9cf93e4-53c8-11ea-bc14-b88a60e194fb,crmid:2002103547,4,8
f9d07fe6-53c8-11ea-bf66-b88a60e194fb,crmid:5388653327,5,4
f9d169ee-53c8-11ea-8b61-b88a60e194fb,crmid:9338790236,4,6
f9d27b4a-53c8-11ea-b9a2-b88a60e194fb,crmid:6912933954,3,4
f9d33ea6-53c8-11ea-ac9f-b88a60e194fb,crmid:1046727500,4,4
f9d42906-53c8-11ea-bd36-b88a60e194fb,crmid:6805947222,7,5
f9d53a9a-53c8-11ea-a7ae-b88a60e194fb,crmid:9746520105,3,4
f9d6bfc2-53c8-11ea-bc51-b88a60e194fb,crmid:5341233586,3,3
f9d7aa46-53c8-11ea-a4e4-b88a60e194fb,crmid:5681507044,3,5
f9d8bcde-53c8-11ea-ad87-b88a60e194fb,crmid:7358307795,5,5
f9d9a64a-53c8-11ea-ba0d-b88a60e194fb,crmid:8406665774,5,4
f9da6a90-53c8-11ea-8154-b88a60e194fb,crmid:3486391234,3,5
f9db54ec-53c8-11ea-9ea6-b88a60e194fb,crmid:8392679945,4,4
f9dc1828-53c8-11ea-8ee0-b88a60e194fb,crmid:6301091949,2,5
f9dcdba2-53c8-11ea-8939-b88a60e194fb,crmid:9827363563,4,4
f9ddc48c-53c8-11ea-a228-b88a60e194fb,crmid:7443492137,4,4
f9ded5f8-53c8-11ea-a0c8-b88a60e194fb,crmid:8210599342,7,3
f9e035b4-53c8-11ea-a36f-b88a60e194fb,crmid:4732893456,2,4
f9e0f908-53c8-11ea-ba22-b88a60e194fb,crmid:8491982929,7,6
f9e1e378-53c8-11ea-8e26-b88a60e194fb,crmid:5752693688,4,5
f9e2cdc6-53c8-11ea-8bf0-b88a60e194fb,crmid:3314370124,3,2
f9e3b830-53c8-11ea-bf82-b88a60e194fb,crmid:6598310767,2,3
f9e4a3c8-53c8-11ea-8d15-b88a60e194fb,crmid:4990879416,4,5
f9e56710-53c8-11ea-b2b6-b88a60e194fb,crmid:1990190983,5,4
f9e62a70-53c8-11ea-b07b-b88a60e194fb,crmid:5183827339,3,4
f9e714b4-53c8-11ea-97fd-b88a60e194fb,crmid:6022572324,4,5
f9e7d812-53c8-11ea-bd1f-b88a60e194fb,crmid:7899407726,4,3
f9e8e978-53c8-11ea-93ba-b88a60e194fb,crmid:8926112944,4,5
f9e9faee-53c8-11ea-8e01-b88a60e194fb,crmid:6096196831,5,4
f9eabe1e-53c8-11ea-bf59-b88a60e194fb,crmid:2073359209,4,3
f9eba89c-53c8-11ea-9cf3-b88a60e194fb,crmid:1258088124,4,3
f9ec6c38-53c8-11ea-8675-b88a60e194fb,crmid:8412638957,5,6
f9ed564a-53c8-11ea-ab86-b88a60e194fb,crmid:4778521682,4,2
f9ee199c-53c8-11ea-ab2a-b88a60e194fb,crmid:5778589660,4,4
f9ef03fe-53c8-11ea-b6c7-b88a60e194fb,crmid:7104089503,5,5
f9efc74a-53c8-11ea-808d-b88a60e194fb,crmid:6984145834,4,5
f9f0d8d8-53c8-11ea-abf6-b88a60e194fb,crmid:1737351653,8,4
f9f19c0a-53c8-11ea-8390-b88a60e194fb,crmid:4798342596,4,4
f9f2d492-53c8-11ea-bdea-b88a60e194fb,crmid:8384638888,7,4
f9f3bee4-53c8-11ea-9b36-b88a60e194fb,crmid:7717501658,7,5
f9f48224-53c8-11ea-84b8-b88a60e194fb,crmid:8562763941,4,3
f9f54594-53c8-11ea-aba5-b88a60e194fb,crmid:5587882981,6,5
f9f6301c-53c8-11ea-9ee4-b88a60e194fb,crmid:3481603406,4,3
f9f74170-53c8-11ea-936c-b88a60e194fb,crmid:3426126252,4,5
f9f804b0-53c8-11ea-aad0-b88a60e194fb,crmid:3053426319,4,6
f9f8c7f6-53c8-11ea-ac4a-b88a60e194fb,crmid:5795800544,3,5
f9f9b278-53c8-11ea-8932-b88a60e194fb,crmid:3610296420,8,5
f9fa9cba-53c8-11ea-a658-b88a60e194fb,crmid:2482705669,4,10
f9fbd576-53c8-11ea-9d42-b88a60e194fb,crmid:9545670010,8,3
f9fce6a8-53c8-11ea-805d-b88a60e194fb,crmid:6228276293,3,4
f9fdaa36-53c8-11ea-9f62-b88a60e194fb,crmid:6697762286,4,7
f9fe6d8a-53c8-11ea-9831-b88a60e194fb,crmid:6833092133,3,4
f9ff7ee6-53c8-11ea-b6a3-b88a60e194fb,crmid:6814039638,2,3
fa004210-53c8-11ea-9c0c-b88a60e194fb,crmid:2510828480,3,3
fa012c70-53c8-11ea-9ebf-b88a60e194fb,crmid:1971788534,5,3
fa01ee74-53c8-11ea-b772-b88a60e194fb,crmid:9266534607,4,5
fa02da36-53c8-11ea-8d82-b88a60e194fb,crmid:4040152972,7,4
fa039d74-53c8-11ea-8143-b88a60e194fb,crmid:1460709503,4,3
fa0460c0-53c8-11ea-ae9f-b88a60e194fb,crmid:7670134838,9,3
fa05bf9c-53c8-11ea-978e-b88a60e194fb,crmid:7816992177,6,6
fa06d0fe-53c8-11ea-b597-b88a60e194fb,crmid:9693257696,5,5
fa07bc3e-53c8-11ea-86b3-b88a60e194fb,crmid:1609921144,3,5
fa087f74-53c8-11ea-882d-b88a60e194fb,crmid:7773405558,5,3
fa0969df-53c8-11ea-86a8-b88a60e194fb,crmid:8610865367,3,3
fa0a5424-53c8-11ea-b184-b88a60e194fb,crmid:5628879891,4,4
fa0b3e98-53c8-11ea-bcfd-b88a60e194fb,crmid:3571189096,3,5
fa0c01da-53c8-11ea-95dc-b88a60e194fb,crmid:6803269146,5,4
fa0cc536-53c8-11ea-a574-b88a60e194fb,crmid:4169065508,4,5
fa0d8882-53c8-11ea-8e1f-b88a60e194fb,crmid:9461452695,5,5
fa113200-53c8-11ea-b054-b88a60e194fb,crmid:8514020490,4,4
fa121c6e-53c8-11ea-a155-b88a60e194fb,crmid:5697235930,3,4
fa12dfe6-53c8-11ea-ac07-b88a60e194fb,crmid:3538647304,5,5
fa13ca0c-53c8-11ea-87ef-b88a60e194fb,crmid:2630007264,3,3
fa14db7a-53c8-11ea-b0b6-b88a60e194fb,crmid:9049846226,5,9
fa15c4a4-53c8-11ea-8fb6-b88a60e194fb,crmid:7104719176,4,3
fa1687fe-53c8-11ea-a8cf-b88a60e194fb,crmid:6115663221,3,4
fa177252-53c8-11ea-bfc7-b88a60e194fb,crmid:8112679597,4,5
fa185cb8-53c8-11ea-a4b6-b88a60e194fb,crmid:4441751738,4,4
fa19471a-53c8-11ea-b7cc-b88a60e194fb,crmid:1504032597,6,5
fa1a3174-53c8-11ea-9db8-b88a60e194fb,crmid:9382576419,6,4
fa1b42e4-53c8-11ea-b55e-b88a60e194fb,crmid:2607797424,4,5
fa1c2d42-53c8-11ea-940f-b88a60e194fb,crmid:6151309688,4,4
fa1d17a8-53c8-11ea-8368-b88a60e194fb,crmid:4229856436,4,4
fa1e2918-53c8-11ea-9e70-b88a60e194fb,crmid:7769063270,2,2
fa1eec68-53c8-11ea-8479-b88a60e194fb,crmid:7434848429,4,3
fa1ffdc6-53c8-11ea-bf05-b88a60e194fb,crmid:2512760993,5,4
fa20c124-53c8-11ea-b8a9-b88a60e194fb,crmid:4252181519,3,4
fa21ab86-53c8-11ea-90ea-b88a60e194fb,crmid:1426626280,4,4
fa22bdd8-53c8-11ea-8ecc-b88a60e194fb,crmid:2226283485,5,3
fa238046-53c8-11ea-a932-b88a60e194fb,crmid:7948795437,2,2
fa2491ba-53c8-11ea-8188-b88a60e194fb,crmid:6071789080,5,4
fa257d4c-53c8-11ea-81c6-b88a60e194fb,crmid:2422540181,4,3
fa2667b8-53c8-11ea-88ea-b88a60e194fb,crmid:4350287606,3,3
fa272b00-53c8-11ea-8dee-b88a60e194fb,crmid:8681969620,4,2
fa283c68-53c8-11ea-a393-b88a60e194fb,crmid:6022922447,4,4
fa28ffc0-53c8-11ea-9747-b88a60e194fb,crmid:5147696199,4,5
fa29c306-53c8-11ea-a32a-b88a60e194fb,crmid:5886843228,2,1
fa2a8678-53c8-11ea-997f-b88a60e194fb,crmid:8094364972,3,3
fa2b70b8-53c8-11ea-8f87-b88a60e194fb,crmid:1877915083,5,4
