crmid,email,first_name,last_name,gender,mobile telephone,city,country,zip,state,street address,birthday
crmid:7735548857,rurally1834@yandex.com,Jan,Holmes,male,022-351-4208,Murray,United States,62620,Colorado,468 Paradise,1994-12-01
crmid:2828674296,baetuli1875@gmail.com,Luba,Joyner,female,231-380-2340,Deltona,United States,34282,Maryland,564 Dr Tom Waddell,1954-06-16
crmid:6927416959,ambitions1959@outlook.com,Wilber,Parker,male,045-581-1395,Somerville,United States,75596,Utah,1261 Loraine,1937-10-22
crmid:5720686934,asters2061@gmail.com,Haywood,Parsons,male,260-439-2540,Pembroke Pines,United States,06052,Vermont,403 Beverly,1941-05-23
crmid:8694023338,batster1869@yahoo.com,Wilton,Strickland,,806-295-5613,Niagara Falls,United States,49366,Virginia,279 Nimitz,1997-08-26
crmid:9917103825,behalf1853@live.com,Anibal,Strong,male,863-684-0860,Aventura,United States,09455,New Hampshire,1234 Mateo,1935-01-28
crmid:1798362686,pronephros1918@live.com,Darron,Austin,,265-052-6858,Pine Bluff,United States,39658,Alaska,1400 Shaw,1979-03-22
crmid:4616129720,unawakableness2029@yandex.com,Walter,Cruz,male,953-555-2058,Rockville,United States,61271,Oregon,1073 Vine,1942-10-07
crmid:5992335512,desecration1959@yandex.com,Lino,Steele,,984-567-0188,Urbandale,United States,51488,Alaska,213 Lowell,1970-03-08
crmid:2159649722,alluring1810@yandex.com,Denis,Melton,male,082-393-8307,Port Orange,United States,81695,Colorado,1306 Byron,1944-03-20
crmid:7119852407,protologist2029@outlook.com,Aldo,Hayden,,476-793-6073,Jefferson City,United States,68929,Missouri,395 Rosewood,1975-12-25
crmid:6888510812,fiercely1959@yandex.com,Irina,Russo,female,430-496-3703,El Monte,United States,27934,Michigan,86 South Gate,1958-04-26
crmid:7798669935,paratrophy1893@live.com,Antony,Carr,male,076-253-1452,Beckley,United States,71931,Alabama,528 Dixie,1937-12-01
crmid:6498088179,asmear1917@yahoo.com,Ralph,Bryant,,443-956-4133,Lexington,United States,99414,Michigan,372 Hamilton,1982-08-02
crmid:4471815762,quokka1975@live.com,Vaughn,Boyle,,757-992-2395,Walla Walla,United States,57379,Oklahoma,851 Cassandra,1996-11-24
crmid:5135477839,allida1963@outlook.com,Chance,Hickman,,911-861-7979,Las Cruces,United States,67484,Rhode Island,653 Ora,1981-11-27
crmid:5562300407,ludicrous1838@gmail.com,Elliott,Prince,male,565-115-9200,San Marcos,United States,78777,Utah,931 Byxbee,1932-03-24
crmid:7413144474,cupper1964@yahoo.com,Cyrus,Whitfield,,048-918-6878,Hoffman Estates,United States,18937,Nebraska,1306 Bartlett,1972-03-14
crmid:1220036846,borated2060@gmail.com,Geoffrey,Barlow,male,341-930-7226,Attleboro,United States,26293,Nevada,320 Fanning,1934-04-02
crmid:9838962230,electrified1963@live.com,Roland,Mosley,,627-416-0624,Valley Stream,United States,22924,Tennessee,665 Rivas,1962-04-20
crmid:7045343890,sassiest1954@gmail.com,Marty,Sanford,,030-931-2669,McAlester,United States,21361,Alaska,666 Walter U Lum,1988-05-30
crmid:6396730317,amit1857@gmail.com,Marcelino,Brennan,,358-222-0001,Petaluma,United States,98110,Nebraska,371 Colton,1990-02-07
crmid:5013765832,angioleucitis1997@outlook.com,Berry,Franks,,216-996-3345,Fredericksburg,United States,31383,Louisiana,906 Ewing,1964-06-13
crmid:5635545323,frustrative1895@outlook.com,Shirley,Burch,male,313-309-1597,Muncie,United States,88111,Massachusetts,264 Industrial,1994-01-28
crmid:2107547166,explorers1816@yahoo.com,Lashawnda,Reid,female,915-806-3378,Easton,United States,67124,Mississippi,99 Crespi,1957-11-10
crmid:5027751934,agonal1806@yahoo.com,Melvin,Glass,,651-625-8629,Martinez,United States,04325,California,1054 Van Ness,1987-01-25
crmid:5318692822,bunni2026@live.com,Clark,Burks,,512-999-5910,McAllen,United States,48174,Maine,710 Ewer,1988-08-16
crmid:8002643536,cise2055@yahoo.com,Lovetta,Lambert,female,656-638-4657,Daly City,United States,36346,Ohio,726 Fratessa,1952-06-17
crmid:3224389889,masterstroke2017@gmail.com,Arron,Horton,,443-095-8943,Glenview,United States,15194,Illinois,226 Raccoon,1966-03-31
crmid:9059609445,amorim1953@yahoo.com,Richard,Marks,,690-555-9071,Waterloo,United States,49980,Tennessee,1123 Seal Cove,1993-01-31
crmid:5521858871,hemistater2003@yandex.com,Mikel,Hartman,,299-094-1423,Martinez,United States,42373,Montana,488 Jerrold,1987-08-18
crmid:2478268241,sourish1951@gmail.com,Merlene,Mason,female,492-895-8580,New Lenox,United States,61730,Maine,1290 Spooner,1996-11-20
crmid:3936891534,siums2059@yahoo.com,Oscar,West,,917-375-7519,Lafayette,United States,58414,Tennessee,794 Marvel,1979-09-29
crmid:2146321347,gruesome1823@gmail.com,Steven,Potts,,705-788-2411,Santa Clara,United States,36727,Oklahoma,714 Beideman,1976-06-21
crmid:8725372969,admedial2046@gmail.com,Earnest,Burnett,male,105-205-5732,Caledonia,United States,19868,New Mexico,9 College,1943-03-04
crmid:3555308237,hemopathy2064@yandex.com,Harrison,Larsen,,618-614-6080,West Springfield,United States,30652,Mississippi,1102 Tocoloma,1979-03-02
crmid:8457174104,catfight1994@yandex.com,Harland,Douglas,,357-912-8229,Merced,United States,77531,Kansas,802 French,1989-12-18
crmid:6103165144,deperition1953@live.com,Isreal,Newman,male,797-166-4702,Boynton Beach,United States,66775,New Hampshire,237 Onique,1940-11-09
crmid:4927911588,trijets1884@yandex.com,Cornell,Farley,male,019-135-9313,South Portland,United States,01922,Florida,748 Edgemont,1936-02-09
crmid:2137076921,brahms2064@live.com,Elease,Avila,female,532-647-7135,Munster,United States,11455,Missouri,565 Boardman,1994-04-21
crmid:1370389877,bridal1840@gmail.com,Andrew,Wong,male,127-109-9065,St. Louis,United States,19901,Louisiana,324 Circular,1943-01-31
crmid:4713295861,outscouring2031@outlook.com,Vaughn,Paul,male,856-676-4745,Blythe,United States,56485,South Dakota,1400 Trenton,1940-09-23
crmid:2597266050,cannibals2039@live.com,Margit,Nelson,female,398-084-1206,East Orange,United States,63701,Arkansas,110 Wagner,1957-10-26
crmid:9567790703,irremissibleness1956@live.com,Andera,Bowers,female,179-953-6141,Paducah,United States,10443,Wyoming,523 West Broadway,1953-01-03
crmid:1724574974,congregationist1824@live.com,Jerald,Kirby,,290-951-7319,Flower Mound,United States,69047,Washington,641 Shephard,1962-12-04
crmid:4737297046,abiding2022@live.com,Milan,Burton,,356-201-8095,Rolla,United States,92174,New Hampshire,983 Rey,1991-05-22
crmid:5682090018,slete1841@yandex.com,Barry,Medina,,490-802-5215,Kenmore,United States,55252,Colorado,869 Jessie East,1977-10-08
crmid:7856464169,adine1913@live.com,Adrian,Wood,male,319-240-5917,Arlington,United States,88992,Mississippi,635 Cohen,1933-01-31
crmid:4647097644,arundo2002@yandex.com,Clair,Hancock,male,625-087-1588,Bowling Green,United States,01386,Maryland,178 Berry Extension,1940-02-12
crmid:8956106177,outspanning2035@yandex.com,Shon,Nieves,male,836-266-1772,Revere,United States,60992,Virginia,1320 San Diego,1933-11-30
crmid:2133727185,photographic1937@gmail.com,Long,Roberts,,657-230-0678,Reedley,United States,89833,Alaska,1351 Jefferson,1981-07-11
crmid:2298741187,carpetbag1816@gmail.com,Danyelle,Frost,female,538-202-2125,Durango,United States,17005,Mississippi,569 Wayne,1956-02-10
crmid:6167037127,egality1901@yahoo.com,Harlan,Martin,,927-888-8303,New Smyrna Beach,United States,52359,Washington,539 Fredson,1997-09-10
crmid:7330340550,subtrahends2059@gmail.com,Raymonde,Bishop,female,109-082-8566,Creve Coeur,United States,40789,Colorado,640 Farview,1951-07-03
crmid:3365132741,unmelted1944@live.com,Ramon,Hahn,,670-959-6533,Fishers,United States,48342,Utah,1219 Ash,1962-08-06
crmid:6846140775,brutter1974@yahoo.com,Reynaldo,Reid,,233-115-2691,Kingman,United States,75243,Oklahoma,464 Megan,1977-12-26
crmid:5356134627,devow1835@live.com,Harlan,Griffith,male,894-644-3345,Camden,United States,28605,Virginia,893 Sloan,1943-04-12
crmid:4907040690,unchronological1964@yandex.com,Gaylord,Byers,male,171-776-9149,Tuscaloosa,United States,88299,Massachusetts,233 Granada,1934-04-04
crmid:5260236709,career1903@outlook.com,Kanisha,Wade,female,604-639-5971,Rochester,United States,29286,Arizona,901 Kennedy,1957-04-30
crmid:7973149317,unprematureness1869@live.com,Emile,Griffin,,008-568-4143,Killeen,United States,50163,Washington,1134 Darien,1977-10-23
crmid:4244976352,saddlers1887@live.com,Pasquale,Page,,452-425-8234,West Bend,United States,31494,Hawaii,935 York,1976-07-06
crmid:4886685712,dreamworld2038@gmail.com,Lino,Garrison,male,528-972-4454,Abilene,United States,30544,Michigan,1234 John Muir,1930-06-11
crmid:8754324556,goalposts1940@yandex.com,Tracee,Luna,female,328-211-6884,Southgate,United States,15816,Texas,510 Mesa,1950-09-18
crmid:1260543988,persuasibly1811@yandex.com,Carrol,Reynolds,,733-950-7176,Merced,United States,35766,Michigan,1388 Malta,1989-06-17
crmid:9396852047,tabid1837@outlook.com,Rueben,Mayer,male,826-145-8531,Tempe,United States,90561,Georgia,510 Cameron,1936-08-18
crmid:3479634518,papillon1922@yandex.com,Kelvin,Reynolds,,373-370-2270,Newburgh,United States,35239,Minnesota,968 Head,1997-07-28
crmid:6801082682,dastardly1910@yahoo.com,Darnell,Robertson,male,248-325-0007,Amarillo,United States,13650,Michigan,485 Otter Cove,1932-03-25
crmid:5168583738,griffin1947@live.com,Richard,Wilder,male,092-300-9081,Orem,United States,99447,Maine,92 Miramar,1945-08-31
crmid:3872231140,poplars1927@yahoo.com,Troy,Weiss,,340-529-7247,Harlingen,United States,35652,South Carolina,109 Holly Park,1969-06-08
crmid:4765468828,disturber1939@gmail.com,Ezequiel,Guy,male,014-134-6447,Staunton,United States,12128,Colorado,276 Duboce,1945-04-12
crmid:8076437186,lawing1867@outlook.com,Mervin,Mcclure,,226-697-7189,Sun Prairie,United States,26265,Pennsylvania,271 Onique,1968-07-22
crmid:5733773242,docken1839@yandex.com,Brant,Guy,,059-112-4792,Stamford,United States,45939,California,190 South Van Ness,1989-07-18
crmid:4109490191,arley1974@live.com,Homer,Winters,male,596-814-0230,Arcata,United States,89135,Illinois,378 Baldwin,1933-05-31
crmid:9859283221,booking2035@yahoo.com,Reginald,Phelps,,664-458-5407,Parker,United States,25634,Minnesota,1318 Sunnydale,1966-02-20
crmid:9690156009,snobby2037@outlook.com,Otha,Estes,male,358-851-7430,Taylor,United States,99268,Maryland,1190 King,1944-08-09
crmid:9576607590,bikers1939@live.com,Chris,Sloan,male,746-261-9450,Adelanto,United States,04274,Vermont,563 Beeman,1930-02-27
crmid:7000969875,undercount1858@yahoo.com,Sung,Bennett,,209-543-2522,Glenview,United States,56507,Maryland,873 Gibson,1966-09-08
crmid:4877351400,cradler1923@yahoo.com,Norman,Nielsen,,859-183-6937,Lewisville,United States,53176,Indiana,494 Verdun,1982-10-29
crmid:8177285864,notifying2049@yandex.com,Seymour,Atkins,male,297-504-8160,Bakersfield,United States,67808,Florida,1390 Vista,1935-11-22
crmid:8824548132,baalath2068@yahoo.com,Andres,Willis,,033-774-2481,Hinesville,United States,90886,Alaska,1248 Lansing,1972-02-01
crmid:2040888825,succursal1901@gmail.com,Antony,Stewart,,584-337-5431,Harvey,United States,01871,Oklahoma,1396 South Park,1970-01-14
crmid:8322332205,washy1887@gmail.com,Jason,Combs,,923-824-0065,League City,United States,84206,Hawaii,259 Scenic,1981-07-14
crmid:6347843734,reelect1820@yandex.com,Cary,Wilson,male,769-348-4755,Boulder,United States,02029,Minnesota,735 Vasquez,1940-02-07
crmid:2985416634,imbued2068@yahoo.com,Carter,Terry,,037-256-3825,Rock Springs,United States,54809,Colorado,965 Truby,1998-05-14
crmid:6610581317,fulgurous1812@yahoo.com,Terrell,Kent,,307-579-1933,Glassboro,United States,38145,Vermont,1211 Mandalay,1966-06-29
crmid:9679913868,intracutaneously2043@outlook.com,Frances,Franco,,442-144-8092,Round Rock,United States,93971,Maryland,899 Ventura,1997-06-06
crmid:9147454159,possum2065@outlook.com,Calandra,Bean,female,379-600-6740,Elk Grove Village,United States,90553,Wisconsin,1103 Boalt,1959-01-02
crmid:7912812595,sketch2061@yahoo.com,Larry,Spence,male,670-317-7036,Bay City,United States,83356,Wyoming,40 Brewster,1936-06-28
crmid:4247771109,datos1907@gmail.com,Blondell,Watts,female,934-856-5195,West Bend,United States,70071,South Dakota,1139 Main,1957-01-30
crmid:3582742872,exophoria2035@gmail.com,Anibal,Ortega,male,405-232-6606,Austin,United States,06144,Missouri,83 Capen,1935-01-22
crmid:1208450795,sauncy2011@yandex.com,Tod,Mcintyre,,615-984-1100,San Marcos,United States,48598,Pennsylvania,218 Harry,1985-02-19
crmid:9056432622,citrons1834@live.com,Ezequiel,Aguirre,,914-699-1831,Sheridan,United States,83824,California,1160 Bromley,1970-06-09
crmid:1924410346,semiticism2058@yahoo.com,Dominic,Collier,,860-422-5710,Wildwood,United States,45487,Virginia,378 Dormitory,1986-09-17
crmid:7232576813,wingding2047@gmail.com,Manual,Floyd,,460-859-7237,Grand Island,United States,66503,California,672 Signal,1967-11-17
crmid:8160268877,pike1804@gmail.com,Stepanie,Townsend,female,523-115-5980,Cerritos,United States,40503,Tennessee,809 Gay,1946-08-29
crmid:4571168945,presecuring1908@gmail.com,Freddy,Workman,male,160-619-4969,Ottumwa,United States,70904,Mississippi,1382 Beverly,1935-04-01
crmid:4120526557,delightingly1858@yahoo.com,Jamison,Sharp,male,853-622-7758,Palatine,United States,08470,Connecticut,580 Ware,1934-05-27
crmid:8752718734,armourer1990@gmail.com,Marco,Tanner,,715-578-4404,Imperial Beach,United States,85388,Alabama,1017 Niantic,1974-09-07
crmid:7536306412,datos1838@yahoo.com,Teodoro,Farley,,234-049-0955,West Memphis,United States,25012,North Carolina,576 Burnside,1967-12-18
crmid:1962429350,endang1843@yandex.com,Carroll,Mooney,male,607-231-0773,Brigham City,United States,86933,Arizona,382 Varney,1941-02-20
crmid:4739708767,cardecu1895@outlook.com,Harlan,Fischer,,581-814-4039,Great Falls,United States,46274,Idaho,210 Tingley,1968-07-07
crmid:9971187732,nasi1938@gmail.com,Shalanda,Johnston,female,767-963-5992,Compton,United States,40276,Washington,324 Hilton,1949-08-15
crmid:3440672707,arley1800@yahoo.com,Herbert,Emerson,,905-417-6437,Hercules,United States,35629,Idaho,439 Abbey,1971-05-22
crmid:7772947326,ensign2045@live.com,Lavenia,Brewer,female,098-348-8364,North Ridgeville,United States,10740,Arkansas,1017 Naglee,1999-03-10
crmid:1164994986,victorianism1856@live.com,Tony,Snider,male,714-721-6971,Annapolis,United States,54162,Indiana,643 Rayburn,1933-09-27
crmid:3213986839,watercolors1948@yahoo.com,Kenneth,Padilla,male,832-014-8076,Napa,United States,06370,Arkansas,28 Newburg,1995-01-11
crmid:1483862171,apotropaion1853@outlook.com,Lucien,Stafford,,453-175-2381,Holladay,United States,53488,Connecticut,897 Ellington,1972-09-19
crmid:6693133384,almadia2026@live.com,Rayford,Clarke,,361-950-3739,Leesburg,United States,35445,West Virginia,591 Rock,1982-06-25
crmid:6581158691,toruloid1958@live.com,Otis,Graham,male,265-722-8878,Atwater,United States,44326,North Carolina,96 Glenbrook,1934-08-12
crmid:5968438777,unacted1893@yandex.com,Dede,Knapp,female,205-906-3070,Sun Prairie,United States,79754,Washington,879 Farview,1958-10-04
crmid:8664174892,allegiances2004@yandex.com,Arnoldo,Wong,,482-309-8640,Menomonee Falls,United States,99801,Tennessee,565 Parnassus,1989-05-07
crmid:6874028285,ciscos1979@yandex.com,Terrance,Washington,male,201-894-2171,Battle Ground,United States,59053,Iowa,134 Carroll,1936-09-30
crmid:1693934998,crassula1978@outlook.com,Latia,Salinas,female,920-113-0988,Clarksville,United States,25392,Alabama,370 Pomona,1948-05-26
crmid:6211626557,dunder1828@outlook.com,Torrie,Everett,female,802-556-7261,Compton,United States,75586,Colorado,1029 Hill,1949-10-17
crmid:6786954701,achates1931@gmail.com,Chet,Rosales,,734-941-7154,Keizer,United States,92077,Michigan,597 Illinois,1976-06-08
crmid:6263286243,reindeer1922@yahoo.com,Doyle,Howe,male,004-310-6595,Avon,United States,64548,Nebraska,427 Shrader,1935-10-06
crmid:6770087559,biabo1854@gmail.com,Lanelle,Hernandez,female,165-725-4641,Converse,United States,20457,Pennsylvania,1229 Himmelmann,1950-05-13
crmid:8133813233,inaccessibility1910@gmail.com,Berenice,George,female,079-232-5203,Eugene,United States,08120,Virginia,604 Toyon,1960-01-11
crmid:4046880960,abroad1834@live.com,Efrain,Kaufman,,263-946-2640,St. Cloud,United States,36189,New York,140 Mary Teresa,1970-01-21
crmid:4436184352,demeo1901@outlook.com,Noel,Shields,,338-389-5535,Hialeah,United States,86824,Pennsylvania,407 Day,1971-11-20
crmid:8698107049,artaba1974@yahoo.com,Micah,Harrington,male,655-829-4720,Selma,United States,75426,Wisconsin,1160 Medical Center,1996-01-13
crmid:8605680717,incunabulist1825@yahoo.com,Rueben,Brock,,887-401-6243,Loma Linda,United States,00439,Arkansas,474 Bridgeview,1983-02-18
crmid:2664212795,aitch1805@gmail.com,Korey,Ellison,,803-630-7537,Juneau,United States,06062,North Carolina,961 Alta Vista,1976-02-26
crmid:7595880385,bedtime1838@live.com,Lauren,Salinas,male,022-127-1736,Orange,United States,79697,Texas,823 Merritt,1931-12-22
crmid:5160655103,adenine1856@gmail.com,Lenard,Townsend,,021-963-3620,Sioux City,United States,95088,Vermont,75 Coleridge,1983-09-03
crmid:3762949956,tapinceophalism1971@yahoo.com,Maxima,Harrington,female,098-654-7417,Fair Lawn,United States,63141,Oregon,1267 Taber,1960-11-12
crmid:3534866543,unmoderated1874@yandex.com,Hayden,Frederick,,381-808-4051,Fuquay-Varina,United States,51218,Georgia,736 Pink,1964-10-09
crmid:7828132537,supercommendation1922@outlook.com,Claud,Mccray,,564-894-2001,Hempstead,United States,92648,Washington,1176 Chesley,1971-10-09
crmid:9550926598,resectional1855@yandex.com,Ellena,Pitts,female,971-578-2234,Champlin,United States,87509,Kentucky,1275 Diaz,1946-03-23
crmid:2885410280,bromes1808@yandex.com,Louie,Mcgee,,129-511-1112,San Gabriel,United States,34329,Alaska,379 Hancock,1976-02-16
crmid:6552239777,polypage1987@live.com,Beau,Walters,,018-090-7884,Hannibal,United States,01948,Mississippi,27 Venus,1969-02-14
crmid:9659096065,worm1942@yandex.com,Shemeka,Alston,female,242-436-3925,De Pere,United States,80175,Alaska,867 Harlem,1953-08-01
crmid:3645005359,religionists1856@gmail.com,Trinity,Chan,female,190-596-4169,College Park,United States,65095,Kansas,56 Todd,1949-12-25
crmid:3654050329,bondholding1826@live.com,Toby,Simpson,,119-541-8975,Roy,United States,78378,New Mexico,107 Verdun,1966-05-12
crmid:5834011067,physiognomist1859@yahoo.com,Brent,Kane,,773-800-4593,Largo,United States,91031,Wyoming,275 Lisbon,1980-03-06
crmid:8159600217,californicus1910@yandex.com,Ramonita,Abbott,female,032-570-9606,Eden Prairie,United States,47413,Iowa,715 Van Dyke,1957-07-01
crmid:5720208512,dewitte1985@yahoo.com,Jutta,Sims,female,368-177-4217,El Cajon,United States,62377,Virginia,448 Sala,1958-10-25
crmid:8664174892,biune1873@gmail.com,Buster,Barry,,091-978-4319,San Gabriel,United States,95390,Connecticut,293 Serrano,1982-10-13
crmid:1880661969,hews1896@live.com,Oliver,Lambert,,293-342-4952,Lisle,United States,65444,Illinois,611 Oak Grove,1983-12-06
crmid:2387894012,crinkly1984@yahoo.com,Forest,Fuentes,male,696-786-9630,Adelanto,United States,29299,Tennessee,1270 Belden,1930-04-10
crmid:9209497542,dosser1885@yandex.com,Merlin,Durham,male,912-712-5837,Tigard,United States,81291,Ohio,585 Deming,1944-07-09
crmid:4562907626,expiry1821@yahoo.com,Clemente,Justice,,284-849-2022,Galesburg,United States,65169,Arkansas,86 Watchman,1964-11-10
crmid:8409990115,malleablize1932@live.com,Riley,Vinson,male,181-773-7430,Newark,United States,94452,Hawaii,262 Orben,1997-01-16
crmid:6123186876,colene1861@yahoo.com,Lester,Espinoza,male,724-065-1337,Port St. Lucie,United States,93896,Delaware,820 Wheeler,1938-06-09
crmid:2107547166,squirting1906@gmail.com,Ismael,Dejesus,,203-198-1724,Yakima,United States,36172,Oklahoma,417 Gellert,1974-01-20
crmid:5885921699,decalage1999@yandex.com,Dee,Colon,male,079-191-7778,Centennial,United States,12930,Washington,93 Hare,1945-03-06
crmid:8889485439,demeo1986@gmail.com,Ali,Gallagher,,266-058-1537,Lake Forest,United States,23008,Washington,1170 Myra,1980-04-24
crmid:9518792287,probonding1801@outlook.com,Fermin,Reilly,,289-341-9403,Pullman,United States,88448,Indiana,1316 Young,1981-01-15
crmid:5067553253,uranite1882@yahoo.com,Enoch,Emerson,,988-016-7457,Gilbert,United States,29278,Hawaii,1052 Tulare,1966-04-06
crmid:1091799339,halites1846@yahoo.com,Bernie,Rocha,,029-887-5984,Gresham,United States,16032,South Dakota,406 Byron,1968-02-09
crmid:7474805724,englishmen1842@gmail.com,Karey,Farmer,female,590-244-2515,Dixon,United States,26153,Maryland,589 Allison,1955-04-09
crmid:7757767202,dyspepsia1832@live.com,Alyse,Gentry,female,504-125-8768,Everett,United States,04765,Idaho,245 Regent,1960-01-11
crmid:4399315713,schnaps1913@yandex.com,Leoma,Jarvis,female,636-121-1702,Darien,United States,37457,North Dakota,341 Williar,1953-05-15
crmid:6724845212,leesing1918@outlook.com,Mike,Castro,,558-878-1046,Sioux Falls,United States,68097,Montana,1209 Dudley,1978-10-01
crmid:6008284032,shaman1980@yahoo.com,Phillip,Ratliff,,869-452-8148,Havelock,United States,07725,Texas,1328 Kate,1970-01-18
crmid:9929743718,allstate1836@yahoo.com,Ula,Waller,female,816-880-5479,Revere,United States,87598,California,342 Stag Trail,1947-12-28
crmid:1439946526,immigrating1879@yahoo.com,Dewayne,Mckinney,,424-070-2589,Stockton,United States,98992,Georgia,1112 Newton,1987-02-13
crmid:9312239748,triphammer1986@yahoo.com,Jeromy,Pitts,,432-598-2238,Fridley,United States,18767,New Jersey,746 Wawona,1964-03-28
crmid:7753396998,endosteum1820@yahoo.com,Loyd,Hansen,,682-235-7687,Melbourne,United States,55183,Texas,953 Maddux,1989-09-20
crmid:9123245610,ilicaceae1813@outlook.com,Britteny,Winters,female,796-128-3161,Deer Park,United States,69460,Texas,965 Elk,1953-11-02
crmid:2901767359,indris1940@outlook.com,Penney,Freeman,female,426-413-7995,Des Plaines,United States,45773,Illinois,348 Leavenworth,1954-07-10
crmid:2262980023,desistance1953@outlook.com,Gregory,Ochoa,,562-357-3567,Thomasville,United States,31765,Maryland,1367 Zoo,1970-05-05
crmid:4579506253,aware1879@yahoo.com,Ismael,Nelson,,492-379-7194,Sacramento,United States,47723,Oregon,1094 Dukes,1983-07-26
crmid:5131816304,codfish1801@outlook.com,Karry,Vazquez,female,678-455-9877,Oshkosh,United States,12599,Pennsylvania,176 Hillcrest,1951-05-29
crmid:4285773858,babuina1854@yandex.com,Shirley,Weiss,,137-135-0390,Lodi,United States,53357,South Carolina,939 Clifford,1983-10-25
crmid:6399253083,wormer2009@outlook.com,Fredrick,Bradford,male,428-685-4484,Philadelphia,United States,57004,Nebraska,601 San Diego,1996-01-24
crmid:8457669354,eagle1832@yahoo.com,Arthur,Schultz,,988-257-3173,Fort Pierce,United States,12882,Texas,340 Brady,1963-03-18
crmid:3060415312,celsius1888@outlook.com,Scott,Miller,male,560-242-4896,Casa Grande,United States,58551,North Dakota,676 Mesa,1945-09-20
crmid:1269024331,celtish1837@live.com,Ignacio,Kline,,388-915-3474,Galveston,United States,32240,Minnesota,480 Fontinella,1965-07-23
crmid:2735823932,padmasana1896@live.com,Virgil,Keller,,242-714-2968,Goshen,United States,13584,Illinois,694 Hale,1967-03-22
crmid:5594337316,deipnophobia1937@gmail.com,David,Medina,,272-596-3527,Frankfort,United States,72254,South Carolina,222 Kempton,1963-04-08
crmid:9312239748,fletcher1934@yandex.com,Jamey,Mcgowan,,939-579-7442,Foster City,United States,18505,Kentucky,908 Lysette,1963-02-09
crmid:7037651230,bloodlessly1996@outlook.com,Xavier,Wiggins,male,763-156-2864,Carrollton,United States,55470,New York,295 Opal,1944-10-31
crmid:4125396754,content1937@yandex.com,Gerry,Strong,male,532-841-2876,Adelanto,United States,22253,Kentucky,957 Paper,1930-04-28
crmid:1404550047,protoderm1973@yandex.com,Javier,Booth,,526-850-3481,Hayward,United States,59682,Hawaii,755 Mckinley,1970-09-27
crmid:1718867699,dragonade2026@outlook.com,Rico,Pratt,,045-272-6842,Manteca,United States,48746,New York,75 Byron,1986-08-14
crmid:7638205336,subcostae2067@gmail.com,Walton,Johnson,,317-996-3101,Wenatchee,United States,51994,Pennsylvania,259 Treat,1999-05-06
crmid:2023745767,finalist1914@yahoo.com,Wilfred,Kane,,285-152-3832,Folsom,United States,75069,Pennsylvania,673 Seville,1962-12-24
crmid:7956215064,podial1942@yandex.com,Krysten,Bates,female,536-025-1965,El Paso,United States,20288,Kansas,936 Stow Lake,1958-05-02
crmid:3909440383,clamber1808@gmail.com,Halley,Long,female,338-210-1304,Dublin,United States,95292,Tennessee,881 Lettuce,1956-04-17
crmid:8221387569,cequi1934@yandex.com,Yan,Weaver,female,564-237-8201,Wadsworth,United States,78675,Iowa,539 Clement,1959-09-30
crmid:6831761177,mopeier1908@gmail.com,Fredric,Simon,,488-920-8471,Rutland,United States,61368,Utah,1119 Collins,1986-04-21
crmid:5587009676,ascertainability1956@live.com,Tennille,Harvey,female,386-648-5387,Cuyahoga Falls,United States,65994,Maryland,667 Devonshire,1952-11-23
crmid:5292638993,smoldering1917@live.com,Hilario,Roy,,406-663-7298,North Tonawanda,United States,38387,Maine,168 Hamlin,1999-06-25
crmid:6295414855,rabbit2004@outlook.com,Brenton,Ayala,,901-384-1781,Lynn,United States,67009,Montana,131 Battery Wagner,1985-11-04
crmid:5215231015,plantula1952@yahoo.com,Myron,Cortez,,897-916-7514,Santa Paula,United States,48670,Nebraska,538 French,1991-05-22
crmid:2396007949,landmark2015@yahoo.com,Chad,Bean,male,971-515-9647,Camas,United States,80924,Missouri,327 Dehon,1943-10-03
crmid:4798488681,dotterel1887@yandex.com,Moses,Osborne,,807-993-7731,Frankfort,United States,77394,Kansas,351 Mullen,1963-12-17
crmid:1283195969,pinta2068@yahoo.com,Edison,Oliver,,795-739-5492,Laredo,United States,12127,Illinois,1136 Carrizal,1980-03-08
crmid:9379613476,whitherso1827@outlook.com,Adalberto,Randolph,,071-418-2324,Hazleton,United States,91070,Massachusetts,858 Berry Extension,1970-03-06
crmid:9044097423,decency1955@yandex.com,Milan,Nielsen,,374-664-7716,Sugar Land,United States,44477,Ohio,623 Valletta,1990-01-15
crmid:9521275601,spermatovum2021@yandex.com,David,Pitts,male,749-369-7677,Weatherford,United States,87718,Utah,886 Walkway,1945-12-26
crmid:2617573170,deformative1945@yandex.com,Horacio,Wagner,male,014-905-3716,Shawnee,United States,99216,Ohio,3 Knockash,1939-05-30
crmid:6277889979,heeler1882@yandex.com,Josh,Kidd,,855-847-8112,State College,United States,36844,Georgia,644 Edgardo,1969-08-21
crmid:3019499874,backers2033@yandex.com,Freddy,Woodward,,028-967-1995,Long Branch,United States,18214,Arkansas,466 Seal Rock,1984-03-15
crmid:8310981236,hippidium1838@gmail.com,Ignacia,Carrillo,female,568-567-2783,Wadsworth,United States,21568,Delaware,1203 Molimo,1958-04-05
crmid:7345207097,biggers1843@yandex.com,Hung,Hickman,male,601-009-2881,Brookfield,United States,87468,Rhode Island,89 Juniper,1941-05-14
crmid:4043044078,anxious1919@yandex.com,Austin,Wilkins,,979-459-7289,Maple Heights,United States,40601,Iowa,898 Leavenworth,1986-08-19
crmid:9546944591,decaf1884@yandex.com,Hank,Hess,male,740-127-2424,Bethany,United States,64198,Washington,200 Pierce,1938-10-08
crmid:3440760862,redeployed1814@gmail.com,Marguerita,Mcguire,female,984-241-6767,Rolla,United States,13009,Nebraska,488 Avenue F,1955-11-11
crmid:5461803969,echard1947@gmail.com,Barton,Juarez,male,411-212-3107,Tuscaloosa,United States,07473,Oklahoma,710 La Ferrera,1931-12-24
crmid:6857397596,fores1828@yandex.com,Duncan,Roy,male,879-979-8000,Bixby,United States,11087,Hawaii,148 Vara,1939-03-26
crmid:4855871425,olm1987@gmail.com,Jessie,Mcclure,,395-023-7711,Wilson,United States,95759,South Dakota,916 Inca,1970-11-21
crmid:6480362384,brierley1948@gmail.com,Jamison,Calhoun,,968-083-1941,Jacksonville Beach,United States,24292,New York,1387 Nobles,1975-05-30
crmid:1526650749,chechen1942@yahoo.com,Darcey,Elliott,female,691-049-3966,Youngstown,United States,59273,Oregon,302 Ord,1958-02-09
crmid:3389096653,locust1836@yahoo.com,Cruz,Lopez,,130-177-2808,Montrose,United States,52952,California,277 Silverview,1992-10-13
crmid:9195391437,propacifist1816@yandex.com,Tanner,Ratliff,,055-366-8010,Susanville,United States,35697,Louisiana,1260 Balboa,1971-04-19
crmid:9419555371,arachnoid1881@outlook.com,Angelika,Hayes,female,219-498-5753,Darien,United States,87065,Hawaii,447 Coleridge,1953-10-25
crmid:1058852281,biogen1833@gmail.com,Reinaldo,Noble,,395-240-9649,Rio Rancho,United States,93766,North Carolina,729 Paradise,1973-06-12
crmid:8219105177,nodder1879@outlook.com,Reggie,Miranda,,913-266-1643,Marshalltown,United States,73646,Georgia,221 Hitchcock,1987-12-15
crmid:3654050329,cushily2003@gmail.com,Norris,Matthews,male,763-817-7203,Westfield,United States,59480,Montana,383 Abbey,1997-01-14
crmid:5737663235,snop1986@live.com,Beverlee,Solomon,female,916-315-9480,Walnut Creek,United States,90953,Minnesota,122 Custom House,1950-01-27
crmid:5232129422,coolest1804@yahoo.com,Tammera,Wade,female,045-292-0581,Duarte,United States,43578,Alabama,997 Vassar,1955-08-30
crmid:6587441795,dickford1995@live.com,Theo,Frank,female,201-869-2934,Mukilteo,United States,51638,South Dakota,505 Ocean Vista,1994-10-31
crmid:1975334384,soling2035@yahoo.com,Weldon,Dixon,,729-333-6115,Midvale,United States,56628,Oregon,656 Hawes,1990-09-29
crmid:3019987933,wrasse2033@yandex.com,Antony,Green,,641-158-9012,Newburyport,United States,62731,New Jersey,934 Yosemite,1997-11-09
crmid:2936415782,cremant1802@yahoo.com,Hyman,Elliott,,856-986-3215,Milpitas,United States,92230,North Carolina,1305 Tamalpais,1991-06-09
crmid:5801191774,orthognathy1916@live.com,Marc,Swanson,,443-157-9504,Paris,United States,33934,Iowa,892 Rodgers,1975-06-06
crmid:3676331654,intraoral1887@yahoo.com,Micheal,Buck,,395-648-0998,Hendersonville,United States,35132,Virginia,804 Taber,1971-06-02
crmid:6970122469,jeoparding1969@yandex.com,Thad,Warner,,092-353-1794,Gastonia,United States,15562,Michigan,285 Badger,1965-04-13
crmid:5781831496,nonmanila1967@gmail.com,Pierre,Weiss,,419-694-8843,Hazleton,United States,95299,Indiana,970 Marin,1970-11-17
crmid:2231167691,longhair1831@outlook.com,Ezra,Jennings,male,865-641-6149,Newport News,United States,04569,Wyoming,1213 Crestlake,1997-01-07
crmid:8516860934,zappiest1921@gmail.com,Alphonse,Hull,male,616-649-5707,Boise City,United States,08109,Arkansas,1335 Phelan,1940-01-15
crmid:8242124350,defect2046@outlook.com,Hugo,Wilkerson,male,902-141-6932,Wilson,United States,19412,Alaska,306 Kohler,1944-05-31
crmid:1872127373,blackbelly1964@live.com,Cedrick,Sutton,,466-279-3715,La Quinta,United States,21832,South Carolina,579 Imperial,1979-04-09
crmid:1185132756,stonelayer2049@outlook.com,Wendell,Lane,,812-738-5550,Fountain Hills,United States,85272,North Carolina,1026 Velasco,1963-09-22
crmid:1610700091,pharm1909@live.com,Delbert,Morales,male,150-367-8007,Bryan,United States,14521,Pennsylvania,61 First,1942-03-20
crmid:1089746483,pedicab2005@yahoo.com,Ha,Cook,female,154-001-6906,Chino Hills,United States,61566,Wyoming,1290 Spring,1947-11-07
crmid:8667878332,danny1910@yahoo.com,Renato,Meyer,male,323-111-8927,Wyoming,United States,80684,West Virginia,1258 Orange,1997-01-15
crmid:8280292505,patching2057@gmail.com,Bruna,Charles,female,117-603-7234,Encinitas,United States,51051,Hawaii,1317 Golden Gate,1959-09-02
crmid:2103192871,canopus1923@gmail.com,Karry,Martin,female,835-324-2175,Pittsfield,United States,15982,Tennessee,1217 Midcrest,1950-05-18
crmid:3528756063,dingdonging1858@yahoo.com,Gidget,Holt,female,762-805-2088,East Providence,United States,13617,Utah,1379 Kearny,1957-03-14
crmid:7418302556,cadaster1937@gmail.com,Hoyt,Willis,,796-743-1298,Indianapolis,United States,55216,South Dakota,8 Omar,1974-09-15
crmid:7646993885,architectural1935@outlook.com,Cory,Fisher,,182-366-1940,Kent,United States,73426,Alaska,590 Circular,1977-12-31
crmid:1086281970,reobtains1889@live.com,Xavier,Wilkins,male,340-051-4982,Bullhead City,United States,57919,Missouri,989 Prescott,1942-10-31
crmid:8354876512,yak1859@yahoo.com,Nathanial,Mercer,,160-294-7238,Valdosta,United States,98026,Michigan,458 Continuum,1968-01-15
crmid:8118379046,doily1848@gmail.com,Chung,Chase,female,691-452-2721,Roswell,United States,85919,Colorado,196 Kenwood,1999-04-30
crmid:8644328640,dauties1982@live.com,Tim,Holcomb,,654-207-6112,Holland,United States,88185,Nebraska,732 Westmoorland,1972-11-29
crmid:9981495794,cilice1878@live.com,Floyd,Jones,male,975-469-5481,Bossier City,United States,23919,Minnesota,834 Willow,1940-04-16
crmid:6454247961,batch1832@yahoo.com,Clair,Key,male,937-788-5075,Bountiful,United States,03395,Maine,608 Myrtle,1940-02-16
crmid:7576953075,pongidae1806@live.com,Gene,Snider,,070-599-4650,Livermore,United States,58324,Alabama,161 Iris,1983-09-02
crmid:2009592475,unaltering2041@outlook.com,Wayne,Bell,,146-998-3910,Tulare,United States,77199,Arkansas,966 Peru,1991-12-19
crmid:9565982856,concretization1819@live.com,Richard,Wilkerson,male,444-094-0169,Ann Arbor,United States,44712,California,1249 Polk,1932-08-31
crmid:4772381124,recurrent1982@yahoo.com,Wilber,Fowler,,977-874-2835,Sterling Heights,United States,78052,Wyoming,31 John F Kennedy,1964-01-15
crmid:3816155068,pinole1806@gmail.com,Candyce,Macias,female,757-527-5598,Edwardsville,United States,00787,Pennsylvania,1173 Milan,1958-02-18
crmid:4339818058,mastiff2066@yandex.com,Gennie,Love,female,451-174-2768,Chambersburg,United States,11558,Maine,820 Cityview,1946-03-18
crmid:2702153592,basin1910@yahoo.com,Shad,Townsend,male,775-097-5556,Schererville,United States,79532,Missouri,1157 Gateview 2,1935-09-29
crmid:1738008728,massa2012@yahoo.com,Eugene,Carr,,840-491-5381,Shelton,United States,46417,Montana,769 Poppy,1987-11-05
crmid:8208020979,arcus1920@outlook.com,Dione,Stephenson,female,314-758-5070,New Bern,United States,51803,Iowa,1390 Farnum,1996-10-17
crmid:2288482965,photon1846@outlook.com,Hershel,Head,,589-385-5561,Orem,United States,36829,Rhode Island,187 Saint Croix,1975-07-22
crmid:2231936741,anaconda2062@yandex.com,Stanton,Dorsey,male,933-232-8683,Abilene,United States,51589,Mississippi,887 Oshaughnessy,1930-09-08
crmid:9858572348,imper2062@gmail.com,Randy,Marshall,,599-593-7099,McKinney,United States,06140,Alabama,436 Terry A Francois,1988-01-19
crmid:9108958819,deuteron2046@outlook.com,Donald,Durham,,228-663-6166,Kenmore,United States,36902,South Dakota,860 Urbano,1977-07-27
crmid:9226095500,endeavours1878@outlook.com,Marin,Humphrey,female,311-951-7219,Poughkeepsie,United States,93513,Hawaii,352 Jerome,1957-06-15
crmid:1329691011,missilery1925@outlook.com,Ezequiel,Everett,,591-749-5971,Kansas City,United States,69425,New Mexico,1320 Hiliritas,1976-11-14
crmid:9392900010,wronghead1899@yandex.com,Denisha,Howe,female,212-645-6971,Chester,United States,18872,Hawaii,1375 Ingleside,1946-02-15
crmid:8666826593,habanera2067@gmail.com,Fred,Vega,,142-690-6914,Galesburg,United States,72469,Illinois,744 Trinity,1964-12-19
crmid:8406693800,tropicbird1905@gmail.com,Kurt,Madden,,680-289-4008,Lawndale,United States,53650,Indiana,1346 Casitas,1981-09-26
crmid:7826421272,oversured2031@outlook.com,Otto,Gates,male,905-755-9638,Broomfield,United States,45490,North Carolina,954 Alana,1942-08-11
crmid:6689868511,precogitation1879@yandex.com,Bryan,Greer,,619-333-4425,Hickory,United States,23375,New Jersey,885 Eaton,1971-04-12
crmid:5098835599,arracacha1824@yandex.com,Scotty,Curry,,334-423-3078,Norwich,United States,30927,Oklahoma,514 Old Harford,1999-05-17
crmid:1231508440,consul1936@outlook.com,Luther,Fry,,389-070-1609,Flint,United States,91359,Vermont,276 Jean,1962-04-05
crmid:5408588745,murmuringly1918@yahoo.com,Britt,Harrington,female,215-394-8403,El Centro,United States,99382,Arkansas,319 Kirkwood,1958-01-13
crmid:4500791178,lacrosse2047@live.com,Claretta,Alford,female,236-701-3684,Compton,United States,06651,Utah,360 Jerome,1949-02-01
crmid:7826691813,prosecutor1843@gmail.com,Ronny,Watkins,,539-040-4122,Saginaw,United States,91596,South Dakota,176 Sparrow,1982-04-30
crmid:7737425607,satirically1804@outlook.com,Lakenya,Wood,female,666-449-2050,West Haven,United States,61526,Rhode Island,368 Almaden,1948-09-29
crmid:7697524459,athrocyte1916@outlook.com,Melvin,Olsen,,435-989-0771,Pullman,United States,47217,Texas,613 Yorba,1992-10-24
crmid:6223627778,carlean1820@yandex.com,Shakia,Langley,female,730-509-4383,Crest Hill,United States,41073,Connecticut,1171 Birch,1951-08-17
crmid:7510689865,unlawyerlike2038@yandex.com,Klara,Patrick,female,991-153-9736,Corpus Christi,United States,96541,Pennsylvania,213 Margaret,1951-05-23
crmid:6240116768,dutiful2046@live.com,Faustina,Howell,female,904-401-5563,Dallas,United States,13490,New York,998 Century,1952-03-15
crmid:5346051512,hubristic2008@yandex.com,Josef,Bird,male,070-013-1401,New Port Richey,United States,00465,Alaska,148 Chicago,1996-01-11
crmid:6762569219,jollier1956@yahoo.com,Brandon,Rios,male,195-627-3149,Bellwood,United States,67576,Maryland,1262 Craig,1937-10-20
crmid:8451281334,arock1902@yahoo.com,Elbert,Lewis,male,751-179-5720,Orange,United States,61880,Kentucky,1099 Grand View,1931-03-17
crmid:1261845710,eyebrow1801@outlook.com,Kris,Guerrero,,105-062-7214,Moses Lake,United States,04390,Idaho,47 Bitting,1993-01-02
crmid:9330031042,penciled2031@gmail.com,Tyrell,Kirkland,,633-554-6682,Hinesville,United States,46499,New Hampshire,1316 Vega,1972-07-01
crmid:3532583477,danielak1919@yahoo.com,Cody,Mercado,,046-105-3396,Ocean Springs,United States,68471,Maine,478 Rossmoor,1988-08-16
crmid:4068533042,dingbats1958@outlook.com,Pedro,Wolfe,,872-679-4889,Raleigh,United States,87529,Arkansas,451 Lake,1996-09-09
crmid:3557462621,benefactory1949@outlook.com,Gabriel,Terry,male,458-584-2081,San Gabriel,United States,95877,South Carolina,1030 Gough,1936-12-22
crmid:4272966687,kehillah1923@outlook.com,Williams,Morrow,,021-728-9571,Milledgeville,United States,33552,Colorado,1022 Galindo,1991-06-26
crmid:4397928419,diena1907@gmail.com,Jerry,Gamble,male,145-996-4092,Trotwood,United States,03137,Washington,373 Rickard,1936-05-11
crmid:3648861562,birthing1874@yandex.com,Ema,Mccarthy,female,482-089-5565,Champlin,United States,99191,Pennsylvania,506 Franconia,1946-03-19
crmid:2860881484,caribou1852@yandex.com,Ken,Sullivan,,603-584-0551,Parker,United States,94563,Florida,1094 Cuvier,1992-07-18
crmid:1063424331,reversible1939@yahoo.com,Jarod,David,male,797-175-1332,Centerville,United States,27697,Indiana,365 Mcnair,1945-05-08
crmid:6053973745,cheng2030@yandex.com,Hilton,Franklin,male,651-238-8953,Toledo,United States,62246,North Carolina,706 Elk,1933-05-10
crmid:7913000390,boons1832@yandex.com,Tyisha,Ware,female,235-190-8052,Tamarac,United States,85299,Delaware,38 Greenview,1956-09-30
crmid:2205865554,gwerziou1927@yahoo.com,Barry,Matthews,,194-690-0243,Yucca Valley,United States,69125,Kentucky,1322 Beatrice,1991-02-08
crmid:5870026980,undertenancy2004@live.com,Cornelius,Salas,male,175-697-4090,Cedar Falls,United States,97931,Mississippi,806 Telegraph,1945-02-26
crmid:2294728245,asbest1849@live.com,Andreas,Albert,,075-612-0746,Grand Prairie,United States,78067,Virginia,16 Arlington,1967-02-02
crmid:7999795530,able1931@outlook.com,Roland,Owens,male,172-618-7781,Brunswick,United States,66521,Washington,448 Samoset,1942-11-16
crmid:5064862664,sylvanitic2003@gmail.com,Stanley,Leblanc,male,325-341-9103,Camden,United States,59873,Oklahoma,723 Old Harford,1943-09-17
crmid:3515704807,exploiters1962@live.com,Leigh,Norman,,653-602-7873,Morton Grove,United States,98066,Texas,160 Opalo,1993-08-28
crmid:3579854798,binette1989@gmail.com,Carolin,Conrad,female,316-525-8669,Chanhassen,United States,06033,Georgia,1374 Paul,1946-02-07
crmid:8790364855,breezing2064@yandex.com,Kristopher,Bauer,,990-193-8023,Franklin Park,United States,64315,Vermont,606 Santa Rosa,1964-11-04
crmid:8325984454,erastus1820@live.com,Nelson,Thornton,,533-982-5008,La Vergne,United States,36820,Oregon,749 Comerford,1979-06-14
crmid:3186389799,vodkas1946@yahoo.com,Sheilah,Mcdaniel,female,624-894-8318,Weston,United States,24324,Illinois,232 Hastings,1956-08-19
crmid:1829523960,towelette1972@gmail.com,Ettie,Holder,female,710-767-9862,Ontario,United States,11913,California,153 Dunshee,1950-03-14
crmid:4418934611,religionists1911@outlook.com,Jessenia,Sloan,female,306-296-2775,Dearborn,United States,92952,Michigan,55 Country Club,1953-12-08
crmid:2378672661,entitledness2037@yahoo.com,Alan,Mason,male,301-895-6282,North Augusta,United States,07534,Michigan,141 Eighth,1998-02-25
crmid:3433744826,herbosity1858@live.com,Aurelio,Colon,male,426-128-0789,Beverly,United States,08385,Oregon,177 Jack Balestreri,1939-01-06
crmid:4713909346,cordoba1946@yahoo.com,Frida,Fischer,female,726-228-4702,Citrus Heights,United States,13297,Kansas,1380 Wright,1947-03-10
crmid:4444258571,tafia1896@gmail.com,Mellie,Payne,female,269-606-4000,Coconut Creek,United States,66487,Vermont,845 Custer,1949-11-12
crmid:2293453734,tortulaceous1919@gmail.com,Huey,Keith,male,831-443-7275,Broadview Heights,United States,20283,Delaware,933 St. Paul Street-Calvert,1941-05-16
crmid:3605641448,cordinar1827@live.com,Alfonzo,Lloyd,,003-151-8725,Mandan,United States,69465,Missouri,971 Beulah,1986-11-03
crmid:1939888339,colston1816@yahoo.com,Edmund,Dunlap,,959-825-9989,Moreno Valley,United States,63828,Maryland,1292 Bacon,1993-11-13
crmid:8482907941,wongsky1964@gmail.com,Malcolm,Weaver,,884-213-2558,Westland,United States,88126,Arizona,658 Rosa Parks,1971-03-31
crmid:9464338796,flycatcher1909@live.com,Andrea,Finley,,442-603-0686,La Vista,United States,72032,New Hampshire,190 San Jacinto,1979-12-06
crmid:5135477839,vocalist1855@yandex.com,Otis,Dalton,,321-927-7705,Tarpon Springs,United States,69465,Indiana,223 Halleck,1993-07-19
crmid:7668714621,slavophile1992@live.com,Royce,Sampson,,620-526-4778,Lacey,United States,60344,Missouri,1276 Rey,1979-11-23
crmid:3963661051,microphytology1952@gmail.com,Emanuel,Schroeder,male,187-388-7271,Spring Valley,United States,18899,North Carolina,235 Coso,1944-03-26
crmid:4154301508,econometrics1861@live.com,Aurelio,Raymond,,423-860-5756,Pearland,United States,23879,Delaware,837 Santa Monica,1965-05-14
crmid:5529604407,renascible2021@yahoo.com,Franklyn,Miles,,990-685-9177,Yukon,United States,44766,New York,431 Reeves,1983-08-12
crmid:9486859517,adebayo1853@live.com,Arlen,Chapman,,566-893-7191,Goodyear,United States,65617,Kansas,349 Clearfield,1967-11-10
crmid:4405967902,ananda1852@outlook.com,Chieko,Scott,female,712-552-0416,Scottsdale,United States,10617,Florida,1101 Hoff,1950-02-26
crmid:2201152239,costed1992@yahoo.com,Felipe,Hunter,,900-527-5638,Ridgecrest,United States,36052,Minnesota,771 Lurmont,1978-11-22
crmid:1872380790,agnosia1894@yandex.com,Fermin,Jenkins,male,331-345-5877,Akron,United States,22655,Florida,690 Sherwood,1930-04-15
crmid:6311857906,gouger1906@yahoo.com,Isaias,Moon,,658-760-0910,Pickerington,United States,31294,Louisiana,330 Whittier,1978-03-07
crmid:6056183322,drunks1806@outlook.com,Lyndon,Caldwell,male,734-047-4951,Snellville,United States,01509,Michigan,985 Linda Vista,1932-06-05
crmid:7036628728,canaller2049@gmail.com,Jean,Griffith,male,144-569-6902,Tuscaloosa,United States,03629,Illinois,928 Gilbert,1932-05-12
crmid:4625540334,hydromyelocele1995@yahoo.com,Basil,Buckner,male,491-206-9461,Carrollton,United States,91094,Florida,847 Duncombe,1944-01-04
crmid:1552024927,dolomites2067@yahoo.com,Bill,Kerr,,424-020-1651,Mequon,United States,01708,Kentucky,360 Treasury,1989-01-31
crmid:5455275759,beaucoup1895@yandex.com,Emile,Mcmillan,male,296-916-6327,Camden,United States,85791,Wyoming,382 West Pacific,1943-03-20
crmid:9981930865,unhelved1833@gmail.com,Corey,Calhoun,male,629-103-9319,Azusa,United States,18969,South Dakota,611 Goettingen,1935-02-05
crmid:9602785478,catfight1979@gmail.com,Calvin,Mcneil,,241-441-2710,Garland,United States,58085,Montana,211 Minnesota,1965-10-23
crmid:1323858880,leghorn1823@yandex.com,Enrique,Haley,male,150-445-9321,Palmetto Bay,United States,01359,Georgia,1174 Tuscany,1939-12-07
crmid:6749449827,antisun1818@yandex.com,Yuriko,Barnett,female,533-446-7050,Newnan,United States,72097,Arizona,1037 Daniel Burnham,1997-12-26
crmid:1455504159,polled1953@live.com,Lavona,Waller,female,821-779-1727,Tracy,United States,91572,South Dakota,895 South Van Horn,1955-10-23
crmid:9538304657,lyrebird1854@outlook.com,Sang,Duncan,,722-819-8321,Johnstown,United States,10258,Arkansas,458 Font,1975-03-07
crmid:8132032619,tralatitious1830@outlook.com,Gail,Fry,,060-065-1762,White Plains,United States,33630,Tennessee,1284 Burnett,1979-06-12
crmid:7347959702,tracking2060@yahoo.com,Alphonse,Terrell,male,606-663-5818,Alvin,United States,02251,Montana,884 Menoher,1932-01-28
crmid:9739876803,dunks2029@gmail.com,Jamal,Stanley,,053-456-0770,Olympia,United States,33282,New Hampshire,51 Cotter,1969-02-13
crmid:1352302152,bleach2034@live.com,Tynisha,Evans,female,670-575-5215,Crown Point,United States,92446,Washington,1319 Chestnut,1952-09-09
crmid:6837124370,progression1876@yahoo.com,Otha,Hull,,596-320-8545,Overland Park,United States,48043,Georgia,968 Yukon,1983-07-27
crmid:4169572143,bumpy1999@gmail.com,Sherril,Bryant,female,448-596-0980,Crestview,United States,40551,Connecticut,1114 Balceta,1951-08-04
crmid:1173804382,surcease1925@live.com,Russell,Herring,female,304-337-4773,Scottsdale,United States,91944,Oregon,723 Hillcrest,1954-07-13
crmid:9482101533,forrard1936@live.com,Deon,Griffith,,606-475-6928,Smyrna,United States,47769,Ohio,731 Dellbrook,1991-12-26
crmid:6911435764,succursal1860@outlook.com,Duane,Hood,,390-807-5769,Vancouver,United States,96406,Hawaii,1052 Rausch,1974-08-01
crmid:6945943933,bethel2006@outlook.com,Coleman,Kane,,072-564-7089,Fort Smith,United States,42154,Arizona,335 Woodward,1963-07-06
crmid:3301449636,algedi1823@gmail.com,Angelo,Little,,142-615-1987,Hempstead,United States,56500,California,1056 Belgrave,1971-10-25
crmid:8720378801,clink2025@outlook.com,Aleida,Vargas,female,710-633-4352,Elgin,United States,05554,Iowa,1222 Bertita,1958-01-29
crmid:3615475303,minning1848@live.com,Alaine,Shaffer,female,463-888-4263,Twinsburg,United States,91840,Nevada,739 Aladdin,1947-01-27
crmid:5867530559,botheration1819@live.com,Gene,Todd,,823-609-6471,Inglewood,United States,94986,Ohio,79 Wyton,1974-01-16
crmid:5011376078,cochin2043@yahoo.com,Rufus,Hyde,,333-188-5080,Frankfort,United States,89771,New Jersey,1340 Hotaling,1963-03-29
crmid:2637666942,chilicote1859@yandex.com,Benjamin,Banks,,072-667-5991,San Leandro,United States,32011,Arizona,475 Commonwealth,1980-08-08
crmid:7774621616,killing1867@live.com,Maximo,Molina,,674-680-2849,Golden,United States,49034,Florida,355 Thorne,1966-08-23
crmid:8868538548,brigandine2012@outlook.com,Matt,Burton,,094-202-1676,Hattiesburg,United States,63335,Nebraska,60 Hotaling,1970-10-23
crmid:4378670165,carrizo1993@gmail.com,Valentin,Walters,,009-267-0129,Kernersville,United States,45597,Georgia,1396 Northpoint,1977-08-25
crmid:9336990307,binturong1859@outlook.com,Yelena,Drake,female,456-854-1651,Eustis,United States,62121,Oregon,1281 Wyton,1960-11-18
crmid:2705633869,bodhi1929@yandex.com,Douglas,Roy,,491-089-0082,Romeoville,United States,59027,Wyoming,517 Farallones,1990-01-02
crmid:2985416634,mislabor1954@outlook.com,Caprice,Day,female,676-943-0207,Denver,United States,05367,Rhode Island,906 Tingley,1954-02-08
crmid:4696326703,castiron1871@yahoo.com,Lawanna,Franco,female,716-431-4734,Owensboro,United States,62371,Washington,376 Woolsey,1960-05-10
crmid:9461000979,boatly2047@yandex.com,Salvador,Beard,,829-533-8749,Mequon,United States,57202,Rhode Island,432 Jessie,1989-10-05
crmid:5647630172,netchilik1808@outlook.com,Brenton,Tillman,,139-736-8923,Palm Beach Gardens,United States,66809,California,1252 Vernon,1987-11-20
crmid:4418814706,arana1887@yahoo.com,Jerrold,Melendez,,596-140-9822,Lake Jackson,United States,70862,Rhode Island,1066 Encline,1980-12-09
crmid:9319454555,halomorphic1995@live.com,Waylon,Davenport,male,333-303-0227,Tempe,United States,19547,North Dakota,625 Nahua,1943-11-29
crmid:7344970590,idiots2000@yandex.com,Eusebia,Holden,female,707-665-6068,Cocoa,United States,64360,Arizona,1262 Towerside,1949-11-06
crmid:2084015816,darshi1986@live.com,Lawerence,Buckley,,012-905-4247,Grants Pass,United States,83811,Mississippi,634 Casitas,1967-07-13
crmid:9357677479,kankie1924@yahoo.com,Genna,Fletcher,female,696-561-5571,Point Pleasant,United States,58229,Kansas,1273 Barnard,1998-03-26
crmid:1296232440,regroove1944@live.com,Yuki,Floyd,female,141-573-2791,Ridgeland,United States,22982,Iowa,869 Clayton,1957-09-10
crmid:3723913486,europeanization2036@gmail.com,Elidia,Burks,female,143-857-3218,St. Louis Park,United States,18146,Connecticut,785 Rosewood,1946-03-04
crmid:9546841670,us1897@yandex.com,Buford,Cochran,,447-074-4572,Seguin,United States,40108,Florida,389 Concord,1988-02-27
crmid:6268249014,taurocholate1859@yahoo.com,Heath,Daniels,male,504-439-4636,San Bruno,United States,02207,Rhode Island,239 Van Buren,1933-05-07
crmid:2525629194,discus2065@outlook.com,Avery,Kerr,female,557-563-1980,Toledo,United States,77065,Alaska,1134 Trumbull,1958-01-16
crmid:3026502557,zappiest1918@yahoo.com,Daniel,Stokes,,913-469-0753,Lemon Grove,United States,15132,Louisiana,1180 Elsie,1982-03-02
crmid:9156353353,cobblerless1901@yandex.com,Emerson,Randall,male,062-072-5920,Bartlett,United States,18861,Alabama,540 Oshaughnessy,1936-03-24
crmid:1837754320,binette1930@gmail.com,Carter,Harrison,,405-522-9426,Vallejo,United States,49560,Arizona,1252 Terry A Francois,1982-03-17
crmid:7041806156,illano1965@yahoo.com,Ashlea,Castaneda,female,333-814-8411,Mountain View,United States,79713,Washington,738 Lippard,1994-09-08
crmid:2045425858,simplum1917@gmail.com,Marquis,Mathis,,160-323-5153,San Angelo,United States,67413,Alaska,811 Hampshire,1967-10-16
crmid:8662301368,apritif1967@yandex.com,Odell,Jarvis,,871-735-9582,Lockport,United States,04742,Wyoming,680 Marina Green,1983-01-04
crmid:3159849638,evens2015@gmail.com,Jesse,Meyer,,781-772-5540,Radcliff,United States,64043,Rhode Island,1347 Cerritos,1983-09-03
crmid:9265492226,tegment1874@outlook.com,Bart,Riley,,894-834-2563,Kankakee,United States,60051,Georgia,955 Robert C Levy,1976-11-05
crmid:5406005259,leesing2036@outlook.com,Isiah,Castillo,,084-173-4797,Lisle,United States,79901,Illinois,1030 San Jose,1983-03-31
crmid:5730338159,feminist1985@outlook.com,Sal,French,,615-315-7649,Plantation,United States,87089,Florida,628 Storey,1976-01-18
crmid:4255364074,gambet2060@yandex.com,Anette,Powell,female,496-517-1706,Crown Point,United States,60257,Alaska,1263 Locksley,1952-11-21
crmid:7574508615,ethelyn1964@gmail.com,Jamison,Moore,,032-593-6228,Howard,United States,26092,Virginia,1380 Bertie Minor,1973-04-21
crmid:1191550245,hamamelidanthemum1921@yahoo.com,Marco,Wright,,875-699-9402,Santa Paula,United States,65353,Maine,487 Utah,1999-07-13
crmid:6565294766,splacknuck1987@gmail.com,Valentin,Sanford,male,721-310-8333,Zanesville,United States,90503,Wyoming,677 Jones,1937-12-18
crmid:1708375238,triaene2051@yandex.com,Felton,Randolph,,535-171-8106,Green,United States,33279,Nebraska,880 Spofford,1968-06-04
crmid:8358052134,amit1813@gmail.com,Etha,Beach,female,523-462-4632,Sanford,United States,61190,Ohio,51 Austin,1948-03-02
crmid:1240163868,palookas2043@gmail.com,Hilario,Barry,,686-951-8661,Holly Springs,United States,14093,South Dakota,864 Sergeant John V Young,1972-03-01
crmid:2886835008,cambre1880@outlook.com,Philip,Mccarty,male,138-338-7064,Avon,United States,47511,Montana,1300 Neptune,1935-08-19
crmid:9770786318,taen1950@yandex.com,Carmelia,Franklin,female,964-360-1880,Des Moines,United States,09299,Georgia,628 Richardson,1954-02-10
crmid:3284275057,balthasar1892@yahoo.com,Gary,Miranda,,125-801-7303,Hazel Park,United States,97756,Vermont,497 Nimitz,1970-06-24
crmid:5970155509,disorient1854@gmail.com,Maynard,Lane,,047-268-3759,Goshen,United States,30505,Kansas,501 Cesar Chavez On,1967-06-17
crmid:3731648077,pantomime2049@live.com,Daine,Doyle,female,275-476-5021,Westfield,United States,81442,Wisconsin,1155 Vulcan,1958-02-08
crmid:3934402133,sprit1885@yahoo.com,Rodney,Dotson,male,662-392-7977,Riverton,United States,84316,Vermont,632 Kohler,1937-08-08
crmid:7614203665,camion1996@gmail.com,Tyesha,Lindsey,female,959-163-2919,Farmington,United States,58157,Pennsylvania,1379 Claude,1961-09-17
crmid:9737879327,erroneously1870@gmail.com,Marleen,Conway,female,612-766-6429,Cleveland,United States,30536,Kansas,572 Grove,1948-06-07
crmid:8818874578,semiorb1923@yahoo.com,Aaron,Manning,,052-835-9179,Kaysville,United States,46022,Arizona,1093 Byxbee,1976-08-02
crmid:1212104609,confab1956@gmail.com,Jackeline,Abbott,female,700-528-4018,San Dimas,United States,62183,Maine,748 Arthur,1956-04-01
crmid:4734084037,cavum2001@yahoo.com,Chance,Matthews,,927-217-3602,Lincoln,United States,24052,Montana,1031 Cosmo,1982-05-13
crmid:6763915590,forger1874@yandex.com,Jan,Hendrix,,253-793-9068,San Bernardino,United States,74572,Florida,297 Mississippi,1980-07-30
crmid:1449643570,beaux1840@gmail.com,Randell,Mercado,,086-597-1993,Greenbelt,United States,61480,Washington,1379 Calvert,1968-11-08
crmid:8478061170,cayuga2058@yahoo.com,Genie,Finch,female,556-489-3416,Faribault,United States,81737,Colorado,1157 Yorba,1961-03-09
crmid:2816472081,artiste1957@outlook.com,Luigi,Vance,male,881-344-2623,Antioch,United States,35577,Utah,513 Converse,1933-06-29
crmid:8524020590,hardyhead1894@live.com,Chas,Alston,male,095-402-1402,Ansonia,United States,69410,North Dakota,16 Quarry,1933-11-03
crmid:9795824659,saturants1868@yahoo.com,Lonny,Kane,male,489-733-5595,Rolla,United States,98897,New Mexico,275 Newburg,1945-12-21
crmid:6799807695,shantey1972@gmail.com,Jonathan,Mccarty,,216-927-4464,Provo,United States,71350,Rhode Island,961 Mcallister,1991-04-16
crmid:3652021792,bencher1834@yandex.com,Rebbeca,Page,female,062-985-3376,Chesterfield,United States,41663,Kansas,149 Baldwin,1946-07-22
crmid:6280988015,vulture1956@yandex.com,Carey,Bowman,,215-115-9020,High Point,United States,41018,Delaware,287 Jasper,1971-07-02
crmid:1189884623,barse1935@outlook.com,Jeffery,Burris,,487-272-3040,Lindenhurst,United States,28827,Colorado,928 James,1983-05-11
crmid:3270428923,kilts2054@live.com,Adolfo,Bowers,male,205-255-5993,Americus,United States,04894,New Hampshire,461 C,1932-01-03
crmid:6754380332,celebrity2033@gmail.com,Willian,Valencia,,520-579-3019,Malden,United States,56451,Washington,539 Saint Marys,1985-09-15
crmid:3244256096,tortoise1942@live.com,Shelby,Townsend,,697-207-9062,Lake in the Hills,United States,69682,Ohio,1149 Kansas,1980-11-04
crmid:6135115711,fiction1831@yahoo.com,Abe,Cochran,,523-084-0813,Goshen,United States,82506,Louisiana,506 Bowman,1967-06-10
crmid:5784993096,debenture1943@outlook.com,Chauncey,Tate,male,726-675-5053,Bradenton,United States,90952,Wisconsin,419 Ingerson,1941-02-28
crmid:7473411262,congregant1969@live.com,Dante,Caldwell,male,092-322-6279,Ashland,United States,14309,Louisiana,999 Morse,1934-03-05
crmid:4984843005,bombyx1973@live.com,Kayce,Stuart,female,890-943-3113,Shakopee,United States,12453,Pennsylvania,979 Beale,1949-12-09
crmid:1100973196,unappeasedness1928@yandex.com,Heath,Maxwell,,131-895-2113,Lenoir,United States,18515,Kentucky,667 Francisco,1982-04-08
crmid:8574057720,slithery1984@gmail.com,Paz,Franks,female,000-084-5056,Elgin,United States,40300,Alabama,180 Manor,1958-07-10
crmid:6464616988,promorphologist1824@live.com,Jamel,Fuller,,335-650-3143,Massapequa Park,United States,22267,Arkansas,1384 Moncada,1988-04-23
crmid:6174041221,eland1888@gmail.com,Riley,Frye,,460-225-9451,Longmont,United States,97506,Maryland,468 Albatross,1984-12-18
crmid:9465633667,abrus1888@live.com,Nicolasa,Kidd,female,077-745-9791,Colonial Heights,United States,34810,Virginia,975 Eighth,1949-07-16
crmid:3820025361,inchoacy1893@outlook.com,Ruben,Cortez,male,332-855-2464,Sugar Hill,United States,60891,Hawaii,819 Farallones,1934-08-07
crmid:2044024440,cuttlefish1927@gmail.com,Wendolyn,Potts,female,751-593-9277,Mukilteo,United States,85816,Maine,529 Zoe,1994-03-18
crmid:1472036413,evacuator1999@outlook.com,Gonzalo,Hoffman,male,813-086-9804,South Portland,United States,68046,Tennessee,215 Sagamore,1937-04-14
crmid:9597004540,dotterel1973@yahoo.com,Pat,Byrd,,618-882-0667,Marina,United States,23649,Mississippi,433 Meacham,1987-05-31
crmid:7481424162,brody2047@outlook.com,Rudolph,Cummings,,850-414-5458,Granite City,United States,99622,Rhode Island,1180 Via Bufano,1967-09-30
crmid:7723999067,beachcomber1850@outlook.com,Gricelda,Booth,female,801-884-8591,Urbana,United States,92059,Wyoming,301 China Basin,1956-04-03
crmid:2618043486,barragon1999@yandex.com,Jamie,Farmer,male,499-728-0714,Pleasantville,United States,88121,South Carolina,640 Springfield,1994-02-10
crmid:2897883166,magistral1896@live.com,Jerold,Blevins,,916-881-2990,Wellington,United States,52378,California,1348 San Gabriel,1994-11-10
crmid:1475360014,victorianism1842@outlook.com,Wilfred,Guerrero,,396-197-0364,Port Angeles,United States,98338,Mississippi,172 Waverly,1976-03-11
crmid:4573466689,multibranchiate1967@outlook.com,Jenae,Maddox,female,490-088-8732,Westmont,United States,15634,Alaska,743 Bengal,1949-04-18
crmid:5538800731,dewit1841@gmail.com,Cliff,Zamora,,086-608-7240,Vernon Hills,United States,58663,Connecticut,168 Carnelian,1999-06-26
crmid:4898015616,athelia1958@yahoo.com,Seymour,Douglas,male,510-047-5399,Bloomingdale,United States,57749,Vermont,286 Century,1939-09-08
crmid:5117996225,capozzi2003@outlook.com,Odis,Dillard,,715-729-4203,Tualatin,United States,94498,Kansas,134 Tulip,1990-04-14
crmid:8228113636,adoree1829@yandex.com,Elsy,Ellison,female,335-289-6006,Cleveland,United States,17103,Missouri,1028 Gillette,1948-03-09
crmid:2741838619,doodlebug1877@gmail.com,Seymour,Dunlap,male,626-161-6720,Ashland,United States,56612,Washington,1359 Hidalgo,1934-09-09
crmid:4581913675,dreamworld1803@yandex.com,Rusty,Pennington,,972-006-3661,Midvale,United States,48962,West Virginia,79 Harry,1990-08-08
crmid:2852491371,trophospongium1939@live.com,Refugio,Graham,male,007-519-3777,Wheeling,United States,04942,Arizona,17 Fort Funston,1938-11-15
crmid:5908173301,bourreau2032@yandex.com,Carlee,Rojas,female,818-362-9207,Eastlake,United States,01841,Tennessee,672 Crown,1957-02-25
crmid:4686001154,hoya1942@outlook.com,Mark,Murphy,,419-086-1944,Lincoln Park,United States,62355,Vermont,1380 Soule,1983-11-16
crmid:9320614767,belowdecks1948@yandex.com,Julietta,Morin,female,946-834-0257,Colorado Springs,United States,22294,Tennessee,695 Palmetto,1949-04-21
crmid:8259000971,sines1902@outlook.com,Fernande,Ball,female,095-631-9935,Cottage Grove,United States,15209,Rhode Island,1372 Lucerne,1951-03-02
crmid:1678692898,zebra1903@gmail.com,Crystle,Barry,female,497-855-2163,Walla Walla,United States,20784,Michigan,1253 Warren,1960-02-02
crmid:6818530436,moirai1984@yahoo.com,Heriberto,Goodwin,male,358-387-5898,Bergenfield,United States,26316,Texas,711 Chabot,1938-05-12
crmid:3577409471,pharm1998@yandex.com,Porter,Kelly,,878-203-0870,Pinellas Park,United States,49049,Vermont,1214 Orben,1991-08-25
crmid:9803958447,publicness1836@gmail.com,Adalberto,Pope,male,793-395-2431,Apache Junction,United States,07170,West Virginia,702 Presidio,1933-01-23
crmid:1621673890,osmanthus1857@live.com,Shandi,Atkins,female,412-689-5702,Passaic,United States,54971,Massachusetts,1003 Rosenkranz,1998-03-15
crmid:5713685419,alcyone2035@outlook.com,Whitney,Summers,male,513-738-7478,Plano,United States,55969,New Jersey,1168 Goethe,1998-02-19
crmid:4208839953,forepeak2013@yandex.com,Jonathan,Cross,,986-498-1777,Fredericksburg,United States,84385,Louisiana,1378 Alvord,1964-03-15
crmid:6855040673,disappearance1879@yandex.com,Phil,Ramos,,133-788-2568,New Castle,United States,25149,Indiana,319 Underwood,1996-05-01
crmid:5581336089,crassula1899@live.com,Kendall,Wiggins,male,508-559-4391,Bettendorf,United States,34915,Arizona,1047 Pond,1938-06-14
crmid:7053456256,dress1907@gmail.com,Theresia,Schmidt,female,025-323-9313,West Chicago,United States,25020,Maryland,1192 Utah,1957-09-26
crmid:1537355036,coast1831@yandex.com,Renaldo,Dillon,male,065-124-0928,Bozeman,United States,42700,Rhode Island,825 Terrace,1940-08-08
crmid:4632565922,imprudential1896@outlook.com,Bula,Caldwell,female,587-947-6851,Fairfield,United States,75067,New Jersey,336 Tillman,1961-09-19
crmid:5771910889,atpco1846@yahoo.com,Shanti,Ellis,female,408-694-6220,Englewood,United States,43917,New Jersey,1309 Berkshire,1959-08-09
crmid:1626804523,sandgoby2060@live.com,Gordon,Guerra,,146-421-5730,Lauderhill,United States,73271,North Carolina,1069 Fargo,1981-06-11
crmid:1605659734,capelet1981@gmail.com,Earl,Peck,,256-682-7224,Saratoga Springs,United States,36601,Alabama,728 Homestead,1976-03-22
crmid:2674230515,acolapissa1990@outlook.com,Wendie,Hammond,female,753-385-5504,Eden Prairie,United States,79557,Texas,1112 Matthew,1957-12-23
crmid:5867530559,flapping2026@gmail.com,Rodger,Walsh,male,117-389-6913,Mundelein,United States,60908,Florida,759 Coleridge,1994-10-01
crmid:5184070989,atlas2066@yandex.com,Rigoberto,Warren,,427-373-1389,Westmont,United States,32415,North Dakota,939 Sandpiper Cove,1978-02-08
crmid:6042943604,snowdrops1875@live.com,Jose,Mercado,,211-649-0502,Hallandale Beach,United States,06864,Wyoming,525 Division,1969-02-07
crmid:9831584484,imprejudice1952@outlook.com,Gerry,Reynolds,,363-043-7832,Pleasantville,United States,65840,West Virginia,612 Ventura,1972-08-09
crmid:4700033999,acephalous1874@gmail.com,Darrell,Davenport,male,877-091-2959,Caldwell,United States,72044,Virginia,62 Emmett,1943-12-05
crmid:6607716108,insulators1942@yandex.com,Javier,Keller,male,962-475-0224,Battle Ground,United States,74529,Texas,805 Guttenberg,1936-05-16
crmid:1756491811,ringingly1873@outlook.com,Reinaldo,Yates,,365-731-9422,Morgan Hill,United States,16269,North Dakota,295 Hays,1993-03-22
crmid:8649926063,taen2042@yahoo.com,Hiedi,Dalton,female,075-243-8131,Pacifica,United States,12458,Massachusetts,674 Taylor,1950-04-07
crmid:8387091488,didani1864@outlook.com,Taylor,Parks,,114-991-4075,Loveland,United States,34763,New Mexico,278 Drumm,1984-06-22
crmid:6991011720,crow1800@yahoo.com,Cornell,Frye,male,747-444-8147,Arlington Heights,United States,13857,Oklahoma,1001 Buckingham,1933-02-10
crmid:3305425973,shortcake1974@live.com,Peg,Byrd,female,800-379-7859,Coalinga,United States,74853,Alaska,625 Carson,1948-07-05
crmid:1384327945,pioneering1965@gmail.com,Roberto,Noel,,981-689-8972,Yukon,United States,75770,New Mexico,181 Crags,1966-10-09
crmid:8361793832,hardyhead1925@outlook.com,Kirk,Levine,,868-247-8858,Hercules,United States,05568,Kansas,740 Kronquist,1971-02-07
crmid:7652194876,idolatrous1828@yandex.com,Ismael,Maddox,male,636-142-4771,Brooklyn Park,United States,29198,Arkansas,1324 Battery Caulfield,1942-05-18
crmid:8379209594,overbrim2056@yandex.com,Danyel,Moran,female,354-653-3001,East Moline,United States,17353,Oklahoma,1017 Rutland,1957-02-21
crmid:6827267728,bahamian1878@live.com,Nu,Norman,female,014-509-9601,Petaluma,United States,23310,Hawaii,987 Jauss,1959-11-13
crmid:2734713297,starling1836@yandex.com,Vaughn,Head,male,557-147-7410,Bettendorf,United States,52885,North Carolina,226 Bright,1938-09-13
crmid:6880033930,attune2015@live.com,Cedrick,Bryant,,984-440-9139,Natchez,United States,95964,North Carolina,221 Carr,1995-06-19
crmid:3913653540,parlay2035@gmail.com,Luis,Navarro,,444-696-3499,Menlo Park,United States,52684,Mississippi,228 Compton,1989-09-23
crmid:2246541486,strawsmall1959@outlook.com,Emanuel,Freeman,,251-183-4141,Manchester,United States,59293,Idaho,1207 Lindsay,1986-09-25
crmid:5022305360,exegete1800@yandex.com,Jeremy,Clarke,,200-202-1036,Mission,United States,65225,Wisconsin,1062 Acevedo,1991-11-13
crmid:7162210754,breakup1811@live.com,Marna,Richard,female,617-708-5591,Ennis,United States,83996,Pennsylvania,240 Emerald Cove,1960-06-24
crmid:6247634586,phlomis1810@yahoo.com,Dannie,Gallegos,male,207-581-3925,Cedar Falls,United States,91889,Iowa,21 Hastings,1945-11-04
crmid:7803299381,aquatinta1828@gmail.com,Truman,Woods,male,528-235-8885,Batavia,United States,75790,Pennsylvania,759 Blake,1936-12-31
crmid:8118379046,ambiguous1979@yandex.com,Jake,Patrick,male,806-999-2534,Apple Valley,United States,22738,California,1336 Cornwall,1933-05-23
crmid:2855892803,pharm2010@gmail.com,Donald,Villarreal,,164-739-3275,Junction City,United States,80799,Nebraska,276 Meda,1976-06-01
crmid:2583183550,usself2011@outlook.com,Ezekiel,Hahn,male,673-074-3218,Alliance,United States,28094,Vermont,777 Natick,1931-04-12
crmid:4586846610,albizzia1996@outlook.com,Ara,Barrera,female,175-926-4436,Naples,United States,27056,Missouri,194 Country Club,1995-04-27
crmid:9181153751,undercount2016@outlook.com,Judson,Walton,male,271-781-3825,Barberton,United States,39705,Missouri,67 Edgemont,1936-06-30
crmid:8843844586,citronella1958@outlook.com,Mel,Ferguson,,518-397-8773,Loveland,United States,86662,Wyoming,563 Paramount,1984-11-17
crmid:5500385784,borsht1819@gmail.com,Willard,Lang,male,170-338-6465,Bridgeport,United States,50601,West Virginia,274 Avenue C,1941-10-17
crmid:6315361519,unobstructedness1906@yahoo.com,Bree,Carpenter,female,217-206-8688,Pompano Beach,United States,91122,Louisiana,362 Melrose,1951-01-05
crmid:9159043799,ewing2006@yahoo.com,Percy,Knowles,,808-830-4281,Norco,United States,21493,Texas,301 Pennington,1998-05-01
crmid:5101887593,swankiness1897@yandex.com,Zackary,Hardy,,560-551-3680,Westland,United States,64259,Louisiana,1118 Florence,1993-07-07
crmid:6805234663,annemari1922@yahoo.com,Sari,Galloway,female,192-205-9391,Clearfield,United States,93742,Florida,724 Duncan,1948-08-11
crmid:8221318603,cosmopolitanize1850@live.com,Kaylene,Garcia,female,186-583-3789,South Pasadena,United States,23470,New Mexico,1205 Chatham,1958-05-11
crmid:1134752173,achmetha2011@live.com,Hosea,Parsons,,582-982-6016,Hampton,United States,48461,Nebraska,1117 Whipple,1969-08-22
crmid:7317467992,carbonite2036@outlook.com,Heriberto,Ross,male,708-971-1268,Centennial,United States,25664,Wyoming,163 Drumm,1945-05-25
crmid:7804425324,brune1997@gmail.com,Berna,Gallagher,female,936-338-1115,Susanville,United States,13039,Maryland,758 Wayland,1951-01-11
crmid:2630950747,semiliquidity1815@outlook.com,Henry,Trevino,,017-167-7260,Hagerstown,United States,73484,Alaska,652 Allston,1969-12-26
crmid:7012082145,elvera1969@live.com,Rene,Hamilton,male,907-911-3533,Brighton,United States,63613,Colorado,53 Balceta,1941-10-15
crmid:3950370127,paunchful1813@live.com,Russ,Parks,male,176-308-7917,Salina,United States,16256,South Dakota,74 Nordhoff,1945-08-22
crmid:7237547175,oximetry2025@live.com,Mammie,Willis,female,655-368-8419,Spring Hill,United States,83443,Nebraska,1154 Thorp,1961-06-14
crmid:9526773580,ungambolled1833@yandex.com,Mack,Lyons,,555-424-7465,Middletown,United States,29387,Washington,714 Briarcliff,1990-04-12
crmid:1704290464,molar2001@yahoo.com,Lanny,Ballard,,127-309-3700,White Plains,United States,26720,West Virginia,57 Mcdonald,1965-02-21
crmid:3820995679,reversible1842@yandex.com,Nicol,Weiss,female,151-393-3049,Cypress,United States,31015,Idaho,768 John F Kennedy,1952-07-30
crmid:1616706871,diploptera2008@live.com,Pok,Williams,female,851-071-3917,Vacaville,United States,14475,Michigan,852 Woolsey,1952-07-31
crmid:7329008533,pearmonger1995@outlook.com,Milford,Langley,male,409-017-2673,Buffalo,United States,45340,Oregon,253 Beale,1942-07-17
crmid:1455893012,splendent2006@gmail.com,Terina,Harper,female,516-973-7221,Strongsville,United States,13045,Delaware,64 Marne,1950-09-13
crmid:4593458801,chambertin1809@yahoo.com,Napoleon,Mosley,,896-984-7664,Maple Valley,United States,23601,Nebraska,375 Woodward,1986-05-06
crmid:7143251110,drescher2027@outlook.com,Isaac,Mullen,,988-912-3471,Wyoming,United States,42295,New Hampshire,1037 United Nations,1988-09-07
