crmid,email,first_name,last_name,gender,mobile telephone,city,country,zip,state,street address,birthday,creditrating
crmid:5946564977,unshadily2055@yahoo.com,Dominick,Cash,male,384-283-9901,Alexandria,United States,71074,Minnesota,932 Decatur,1931-12-05,338
crmid:7620366037,contradiction1871@yandex.com,Frankie,Sparks,male,194-186-1020,Wyoming,United States,96850,Arizona,1024 Seawell,1930-11-07,935
crmid:4639867206,clubs1989@yandex.com,Arturo,Yates,male,117-570-7782,Yucca Valley,United States,89507,Arizona,616 Nelson,1930-10-30,633
crmid:4177758953,amour2027@outlook.com,Gabriel,Snow,male,967-458-1685,San Bruno,United States,08175,Arkansas,522 Freelon,1930-04-27,2135
crmid:2861694791,tewing1824@yahoo.com,Sid,Hammond,,576-749-5119,Orlando,United States,47736,Mississippi,98 Middle Point,1990-12-03,1307
crmid:1487139712,antinome2055@outlook.com,Tory,Battle,,640-537-1462,Romeoville,United States,38410,Kentucky,1222 Stillings,1974-12-27,1960
crmid:2126424153,vanished2054@live.com,Magdalen,Sampson,female,334-115-1290,Columbus,United States,34768,Michigan,152 Roanoke,1949-06-26,1605
crmid:5997047720,caxton2026@outlook.com,Tonita,Johnson,female,751-462-9933,Creve Coeur,United States,94497,Oregon,266 Tevis,1951-09-15,1648
crmid:7080328705,daleth2002@gmail.com,Quincy,Vaughan,,548-637-6605,Paducah,United States,30579,Hawaii,518 Palo Alto,1976-11-03,1690
crmid:5169290940,slinking1826@gmail.com,Serafina,Cobb,female,429-143-7939,Vista,United States,19104,Kansas,858 Halibut,1951-08-06,2125
crmid:6726229415,hellion1883@live.com,Azalee,Mullen,female,481-497-7820,Evanston,United States,04167,Idaho,919 Emil,1960-01-21,571
crmid:4312779009,spearing1921@yandex.com,Cristopher,Boone,,603-251-7851,Loves Park,United States,71611,Vermont,1394 Hawkins,1984-08-05,1096
crmid:1424353479,legator1828@gmail.com,Micheal,Christensen,,894-199-4048,Palm Coast,United States,65954,Montana,78 Elliot,1974-02-20,2719
crmid:7452129729,unthumped1971@live.com,Rickie,Booth,,593-743-6317,Goldsboro,United States,21083,Ohio,1190 Archer,1967-04-07,1057
crmid:6940100533,eventfully2035@yandex.com,Von,Lowery,male,121-309-1162,Alameda,United States,52412,Georgia,722 Hemlock,1930-10-18,2293
crmid:5446808473,aviation1830@yahoo.com,Roselia,Reeves,female,583-104-4216,Ridgewood,United States,29799,Wisconsin,1064 Bonifacio,1960-07-24,633
crmid:9513872072,fairless1863@gmail.com,Chris,Zamora,male,250-237-4392,Aliso Viejo,United States,60161,Kentucky,1113 General Kennedy,1931-11-25,1730
crmid:7054167176,pianograph1808@yahoo.com,Gilma,Buckner,female,798-166-8632,Cottage Grove,United States,71260,Hawaii,85 Cowell,1951-12-06,2288
crmid:7309790252,retestifying1987@yandex.com,Harley,Montgomery,,399-995-7722,Rockville,United States,94622,Kansas,1335 Naples,1984-11-08,1186
crmid:4515598853,kilohertz2009@outlook.com,Zachariah,Morin,,793-784-7564,New Castle,United States,32359,Ohio,1138 Brentwood,1996-06-22,1827
crmid:8619490090,uniembryonate2055@yahoo.com,Victor,Cotton,,097-640-3540,Vestavia Hills,United States,69462,Colorado,1229 Winding,1985-12-14,2094
crmid:9381438964,lemon1899@yandex.com,Horace,Burch,male,588-908-1939,Sheboygan,United States,06171,West Virginia,862 West Broadway,1933-10-09,2661
crmid:5568807887,bohdan1896@yandex.com,Sanford,Byers,,149-320-4071,Sugar Hill,United States,69099,Delaware,385 Gaiser,1964-01-18,2371
crmid:4233838739,dodie1824@live.com,Warren,Rose,,720-130-4039,Killeen,United States,01581,Arkansas,606 Emil,1977-01-24,2748
crmid:3395030643,ailuropus1835@yahoo.com,Milan,Snow,,711-826-9012,Little Rock,United States,05870,Iowa,213 Peter Yorke,1983-01-01,1882
crmid:7755986617,gobbet1811@yandex.com,Clemente,Church,,558-065-8303,Las Cruces,United States,25107,Oregon,33 Zircon,1981-05-19,2816
crmid:8116893742,galactosis1959@outlook.com,Lester,Hartman,female,328-534-0904,Chelsea,United States,93333,Maine,269 Anglo,1946-05-13,2383
crmid:5779474517,dalt1945@gmail.com,Bryce,Valdez,,509-688-0569,La Crosse,United States,01809,Maine,1129 San Fernando,1978-01-15,2020
crmid:1083006894,dragonade1986@gmail.com,Mauricio,Lowe,,387-522-8357,Richfield,United States,39938,Montana,67 Van Dyke,1977-09-30,2588
crmid:2900909787,hometown1996@outlook.com,Bo,Mayer,,968-264-9765,Monterey,United States,12053,South Dakota,535 Dutch Windmill Access,1992-03-18,600
crmid:4343078857,booby1897@outlook.com,Antone,Aguirre,,816-693-8780,Frankfort,United States,92093,Virginia,1304 Flounder,1963-07-10,2830
crmid:9222565057,nonblooming1934@gmail.com,Cris,Atkins,female,486-902-9655,Tinton Falls,United States,71024,Connecticut,464 Balmy,1957-02-01,2632
crmid:3751754903,underling1854@yahoo.com,Evelyne,Larsen,female,279-160-5665,East Lansing,United States,17299,South Carolina,198 Heron,1957-03-17,937
crmid:1355710542,bruise2018@live.com,Mistie,Foster,female,957-327-0889,Danbury,United States,92889,Ohio,735 Cuesta,1952-06-10,2926
crmid:7695145487,cassolette1931@live.com,Margit,Bonner,female,546-320-7564,South El Monte,United States,20647,North Carolina,891 Thor,1956-06-03,1490
crmid:3880176340,commanded1836@yandex.com,Charlott,Parks,female,755-958-6533,Coppell,United States,96167,Oregon,1068 Belgrave,1950-02-22,1705
crmid:6388056132,baalath1867@outlook.com,Fernando,Burton,,981-803-1818,Lemon Grove,United States,85286,Florida,277 Fielding,1982-06-19,2277
crmid:3731127742,wonders2001@gmail.com,Patricia,Petty,,550-117-1036,Safety Harbor,United States,30077,Montana,1040 Barcelona,1973-09-02,2157
crmid:1401636350,vermillions1963@yandex.com,Vaughn,Kramer,male,742-705-7478,Aurora,United States,65287,New York,440 Hicks,1935-11-18,1855
crmid:1647060616,unspecific2069@yandex.com,Jaime,Roman,,275-085-5046,Redding,United States,48379,North Dakota,18 Turk,1981-07-26,2865
crmid:5402893137,tubenose1971@yahoo.com,Dalton,Reid,,825-685-2744,Millbrae,United States,64574,Michigan,983 Gaven,1990-11-15,2228
crmid:3503764619,quibblers2036@live.com,Yuki,Stephenson,female,499-678-7002,Culver City,United States,76544,Iowa,1162 Prentiss,1952-11-18,2875
crmid:6608079166,quott1990@gmail.com,Kirby,Mccall,female,794-106-6234,Columbus,United States,29083,Washington,898 La Grande,1949-05-19,1065
crmid:1385385253,pinta1811@live.com,Deon,Day,,056-520-6795,Lenoir,United States,40194,Alaska,139 Joy,1982-08-15,937
crmid:6156828671,ferret2032@gmail.com,Herb,Kramer,,012-483-9280,Las Cruces,United States,39172,Alabama,931 Walkway,1981-06-23,2048
crmid:1595000832,pig1886@yahoo.com,Cecil,Jennings,,518-382-5807,Sahuarita,United States,44927,Colorado,519 San Ramon,1992-07-31,720
crmid:7757590335,fermentitious2061@yahoo.com,King,Giles,male,992-698-0313,Buffalo,United States,33599,Illinois,121 Fort Mason,1942-06-11,1063
crmid:2684743097,caesar1929@gmail.com,Kirk,Nash,,352-271-0484,Missoula,United States,91366,Virginia,240 Humboldt,1992-03-22,1026
crmid:8126405989,bridgeman1995@yandex.com,Adrien,Atkinson,female,247-985-6360,Columbus,United States,79702,Iowa,996 Ocean Vista,1949-11-19,1380
crmid:7837520050,bounder1834@yahoo.com,Ruben,Wilkerson,,980-360-7675,Stillwater,United States,83142,California,1285 Leidesdorff,1980-02-04,2609
crmid:1702149353,delectated1885@yandex.com,Kennith,Valenzuela,male,411-431-8019,Sedalia,United States,08188,Nebraska,257 Mauldin,1932-06-29,2824
crmid:5631760066,sighted1837@live.com,Dotty,Willis,female,385-685-9271,San Diego,United States,68965,Iowa,783 Darrell,1958-03-31,1370
crmid:6122296357,siberian1831@gmail.com,Trinidad,Wilkins,male,625-435-6045,Utica,United States,98990,Oklahoma,507 Bowley,1930-09-03,2519
crmid:1102449423,lageniform1978@gmail.com,Cornelius,Bright,,009-628-6264,Lake Oswego,United States,19660,Alaska,715 Pope,1980-02-20,2665
crmid:1501242156,sclerenchyme1997@gmail.com,Serita,Kim,female,253-716-1525,Des Plaines,United States,48043,Iowa,1207 Whitfield,1954-08-16,1671
crmid:8556557722,scarabs2002@yahoo.com,Delorse,Gross,female,756-309-2955,Philadelphia,United States,55633,Pennsylvania,812 Whitecliff,1995-04-19,1430
crmid:1527039638,hamamelidanthemum1808@gmail.com,Ward,Kirkland,,199-302-5096,North Miami,United States,21947,Alaska,184 Eugenia,1998-05-18,2342
crmid:6669622641,revolutionariness2037@live.com,Freddy,Pitts,,035-962-7627,Millville,United States,76122,New Jersey,1068 San Ramon,1991-12-25,2605
crmid:3174737747,strumatic2036@outlook.com,Tad,Sanford,,180-485-9191,Winchester,United States,73590,Ohio,945 Thor,1972-09-11,1413
crmid:4043358952,streamiest2016@yahoo.com,Anibal,Leblanc,,919-425-1192,North Tonawanda,United States,69482,Alaska,541 Thrift,1999-11-30,1875
crmid:2290988155,cybernetic2066@outlook.com,Scott,O'neill,,974-864-0007,Kalispell,United States,40576,Rhode Island,1067 Hancock,1976-08-02,2958
crmid:7202817413,nonslipping1999@yandex.com,Bradley,Velez,,369-217-7922,Keller,United States,38307,Texas,410 Ordway,1977-06-21,1278
crmid:8078306836,batten2062@yandex.com,Earnest,Bright,,043-814-9101,Lauderhill,United States,80711,North Carolina,121 Bruce,1981-02-08,778
crmid:2630691382,balcom1950@yandex.com,Lane,Burch,,026-549-7800,Harrisburg,United States,85131,Oklahoma,1300 Lapham,1970-10-01,1596
crmid:6504970326,turkophil1974@outlook.com,Israel,Simpson,,574-473-7127,Lacey,United States,94980,Kentucky,1358 Timothy Pflueger,1979-08-14,843
crmid:3979831678,curite2003@gmail.com,Jeremiah,Anderson,,415-025-7030,Gretna,United States,86221,Virginia,866 Paris,1968-09-22,1494
crmid:5059575911,shivey2008@outlook.com,Weldon,Stanley,male,385-876-1542,Santa Barbara,United States,50858,Nebraska,680 Hester,1999-02-19,1719
crmid:7662872155,busby2056@outlook.com,Trent,Hopkins,male,523-370-4715,Steubenville,United States,70567,Delaware,980 Stratford,1937-09-14,2838
crmid:8409935514,doubts2043@yahoo.com,Gretta,Faulkner,female,953-267-5804,Chanhassen,United States,13495,Massachusetts,1002 Jamestown,1946-04-09,1851
crmid:5650213789,replenished2048@outlook.com,Ariel,Fuller,male,010-429-9802,Saratoga Springs,United States,78364,Arizona,318 Via Bufano,1945-01-10,945
crmid:5995116492,granddada1823@yahoo.com,Mao,Delaney,female,966-188-9465,Cliffside Park,United States,53630,New Hampshire,208 Gennessee,1948-10-19,2516
crmid:7086286428,apron2001@live.com,Florencio,Jennings,,685-223-1667,Leominster,United States,84243,Utah,1123 Catalina,1982-05-14,2008
crmid:8456773737,numbat1868@live.com,Trenton,Stevenson,,527-928-2935,Huntley,United States,98059,Wyoming,126 Spreckels Lake,1974-01-03,1436
crmid:2170854171,cranky1866@yahoo.com,Larry,Espinoza,male,373-093-3901,Walnut Creek,United States,63281,Mississippi,605 Paulding,1939-06-09,1789
crmid:3960806497,siums1957@live.com,Herb,Marks,,726-196-6084,Godfrey,United States,86353,Rhode Island,549 Lois,1966-02-20,503
crmid:2055303098,agnomen2054@live.com,Ferdinand,Lawrence,male,744-014-8108,Brownsburg,United States,28641,Indiana,1009 Rudden,1942-04-17,859
crmid:7817214957,dupree1945@live.com,Alfred,Hodge,,886-364-9324,Joliet,United States,62072,Alaska,891 Mcnair,1976-11-10,2169
crmid:4704547953,trust2037@live.com,Numbers,Moody,,817-035-6972,Riviera Beach,United States,58614,New Mexico,952 Spring Valley,1989-10-11,2166
crmid:5116774834,hipmi2055@yandex.com,Jae,Rosa,male,608-043-6423,Bothell,United States,97468,Ohio,856 Apollo,1940-05-25,1165
crmid:7455950595,yak1834@outlook.com,Chi,Kennedy,,286-409-3796,Jersey City,United States,84884,Pennsylvania,140 Vernon,1975-01-14,2329
crmid:1649589248,findings1915@yahoo.com,Omar,Greene,,672-013-2043,Streamwood,United States,74653,Minnesota,463 Wright,1984-03-20,900
crmid:4769873200,kerb2048@live.com,Shannon,Dillon,,856-530-5134,La Vergne,United States,30597,New York,994 Fuente,1979-06-19,1838
crmid:6580706333,jay2027@outlook.com,Bernie,Blankenship,,461-826-7093,Sebastian,United States,42106,New Hampshire,899 La Ferrera,1992-10-09,2811
crmid:7020780522,addis1900@yahoo.com,Lamar,Robinson,male,946-664-3117,Bethlehem,United States,32958,California,765 Badger,1938-06-25,2898
crmid:5152595369,suffixal2016@outlook.com,Olin,Massey,,563-200-6139,Lynn,United States,22756,Idaho,1385 Quebec,1985-05-27,2468
crmid:5025261962,bedding1948@live.com,Love,Livingston,female,005-324-2685,Edgewater,United States,53532,Arizona,116 Jones,1958-10-20,1202
crmid:6425210208,diviner1885@outlook.com,Leonard,Carter,male,318-683-5752,Bowling Green,United States,35131,Michigan,686 Hillview,1940-06-05,1989
crmid:3430863762,diwata2007@yandex.com,Sterling,Sears,,648-626-4806,Lubbock,United States,98451,Montana,1011 Cotter,1985-07-27,508
crmid:5786005012,auricularia2031@outlook.com,Man,Wade,male,836-822-8851,Bonney Lake,United States,35648,Maryland,1275 Hitchcock,1940-07-30,2258
crmid:2629672476,antical1985@outlook.com,Micah,Noel,male,414-937-3989,Bismarck,United States,54534,Idaho,858 Beaver,1939-10-13,2529
crmid:3028340410,cassady1952@live.com,Lynwood,Montgomery,,002-208-3997,Lakeland,United States,88456,Pennsylvania,649 Leavenworth,1980-07-10,1522
crmid:4149374917,byron2062@live.com,Misha,Pope,female,798-311-0070,Davenport,United States,97715,North Carolina,335 Stigwood,1953-06-23,1897
crmid:5649281608,abusive1823@yahoo.com,Cornelius,Patton,male,688-784-8966,Arlington Heights,United States,13909,Utah,921 Corwin,1933-02-23,2457
crmid:6793983018,enchanter1866@gmail.com,Lynn,Aguirre,male,197-989-5597,Anderson,United States,39191,Wyoming,96 Catherine,1932-07-01,1029
crmid:8275093368,heteroploidy1977@live.com,Maragret,Peck,female,957-749-2315,Columbia Heights,United States,38873,Rhode Island,1223 Ezekiel,1949-06-23,2549
crmid:8909191158,timaliine1892@yahoo.com,Iraida,Stephenson,female,902-559-9940,Pleasanton,United States,81837,Idaho,450 Bartol,1948-04-28,2761
crmid:7707014143,seersucker2032@yandex.com,Jeremy,Henderson,,530-997-8825,Tallmadge,United States,47863,Pennsylvania,931 Waller,1986-07-25,1524
crmid:7779617502,zoner1818@yahoo.com,Warren,Petersen,,881-265-1730,Logansport,United States,42563,Arizona,517 Justin,1983-07-25,806
crmid:8832879410,bogland2026@live.com,Ismael,Roth,,832-833-3824,Fort Walton Beach,United States,32798,New Jersey,1145 Robinhood,1963-05-07,347
crmid:5693978972,dayman1813@outlook.com,Dwayne,Hill,,209-568-2103,Gulfport,United States,98764,Ohio,846 El Plazuela,1969-12-29,2659
crmid:9140364608,reobtains1847@live.com,Xavier,Travis,,486-474-6134,Garfield Heights,United States,86305,South Dakota,880 Skyview,1965-11-28,1995
crmid:4867879406,cosmetic1843@outlook.com,Quinton,Trujillo,,791-018-2501,Ocean Springs,United States,35466,Colorado,491 Berkshire,1980-07-19,1324
crmid:3483596448,expatriate2003@yandex.com,Emilio,Mills,,421-057-0842,Milledgeville,United States,87569,Montana,966 Alta Mar,1991-05-26,2481
crmid:6255879988,cobhead1865@gmail.com,Jeffery,Allison,male,106-041-1991,Oxnard,United States,88044,Mississippi,806 August,1938-05-01,867
crmid:3481745392,catharizing1981@outlook.com,Tyree,Bruce,male,821-913-1007,Alexandria,United States,75856,Massachusetts,437 Opalo,1931-09-04,1963
crmid:3162054254,ant2017@yahoo.com,Larisa,Houston,female,220-910-9440,Murfreesboro,United States,62339,New York,666 Josepha,1994-11-08,2261
crmid:5991787950,brutter1942@live.com,Greg,England,,942-575-2763,Havelock,United States,90245,Oklahoma,282 Pollard,1970-08-02,1877
crmid:7575105525,bickford1984@outlook.com,Leonila,Atkins,female,906-393-5557,Port St. Lucie,United States,16088,Maryland,51 Winthrop,1954-12-10,2622
crmid:8785491161,badge1874@yandex.com,Rodrick,Hampton,,864-608-0930,Fresno,United States,42421,Tennessee,1022 Weston,1964-07-19,2426
crmid:4709724645,deuterostomata1869@yandex.com,Jolie,Hurst,female,991-207-3125,Salina,United States,81289,Tennessee,583 Dawnview,1950-11-08,1959
crmid:3851771639,emball2047@yahoo.com,Whitney,Duncan,,952-388-2370,Miamisburg,United States,02216,Ohio,12 Skyline,1990-01-02,963
crmid:4193718504,concertizes1835@yandex.com,Victor,Romero,,988-467-5457,Lackawanna,United States,79051,California,245 Tuscany,1979-12-31,2201
crmid:5075657908,atique1875@gmail.com,Scotty,Stevens,,136-184-1447,Milpitas,United States,99088,California,381 Dickinson,1991-02-19,1455
crmid:4088754603,coelacanthoid1807@live.com,Marc,Snow,,317-767-8286,Hilton Head Island,United States,58833,Missouri,1215 Nauman,1972-10-05,622
crmid:5865598413,curcumas1823@yandex.com,Gudrun,Lancaster,female,753-277-2105,Shakopee,United States,15170,West Virginia,1025 Ingerson,1951-04-17,2806
crmid:6910813543,assuming1845@gmail.com,Darell,Gilbert,,609-991-4888,Raymore,United States,64317,Nevada,90 Castenada,1984-01-11,1292
crmid:4669690636,visionariness2060@yandex.com,Nathaniel,Adkins,male,629-167-7446,Acworth,United States,41562,Maryland,222 Faith,1930-07-01,1123
crmid:5879197840,pteridium2064@yandex.com,Albert,Simpson,,132-493-6164,Grand Island,United States,22815,Connecticut,679 Ulloa,1967-04-10,766
crmid:8818352150,asthenopia1983@yahoo.com,Nathan,Horne,,718-360-7890,Poway,United States,49940,Minnesota,272 Lilac,1992-07-30,2439
crmid:5469040817,absorbing1913@outlook.com,Hank,Frank,,387-155-0875,Leawood,United States,32282,Wisconsin,462 Naples,1981-06-24,1265
crmid:8150778665,castling1936@gmail.com,Karey,Hodge,female,175-504-7499,Saratoga,United States,14479,Minnesota,142 Fielding,1946-04-14,2325
crmid:5317020291,tommed1898@outlook.com,Simon,Stafford,male,107-467-2739,Northglenn,United States,90685,Delaware,776 Casitas,1999-02-22,1917
crmid:2674374939,zelkova1847@outlook.com,Kenton,Morris,,034-652-5535,Tinley Park,United States,36966,North Dakota,192 Granville,1978-08-20,1888
crmid:4271349649,nonstereotyped2029@yandex.com,Jefferson,Wynn,,311-339-6945,Greer,United States,03213,New Hampshire,651 Isis,1968-01-13,510
crmid:2268020328,bourlet1886@yandex.com,Shirl,Baker,female,482-268-6574,Deer Park,United States,74111,Louisiana,460 Avon,1953-12-31,1385
crmid:4665872558,debater1828@yahoo.com,Rudolf,Frank,male,398-685-8526,Pittsfield,United States,70356,Wisconsin,239 Lobos,1934-08-10,2923
crmid:9250479475,wormer1939@yahoo.com,Odilia,Berry,female,473-979-9131,Waxahachie,United States,10224,Missouri,490 South Van Ness,1950-07-03,2324
crmid:2933249003,flycatcher1861@yahoo.com,Monroe,Aguilar,male,235-252-0718,Pontiac,United States,84868,Delaware,713 Howard,1945-07-01,2220
crmid:6710814664,aback1834@gmail.com,Ernie,Kelly,,475-235-6910,Midland,United States,00640,Arizona,445 Petrarch,1990-02-19,1878
crmid:1996765667,rooky1914@live.com,Nadene,Barrett,female,825-832-6495,Crestview,United States,34821,Maryland,11 Globe,1951-07-02,2325
crmid:8437272429,outcheat1948@yahoo.com,Keven,Clay,male,027-356-3119,Redwood City,United States,01667,Maine,23 Racine,1939-06-06,2566
crmid:6057700128,distinctive1922@yahoo.com,King,Reynolds,male,686-470-9044,Napa,United States,07022,Vermont,929 Stanley,1995-02-11,2492
crmid:3608914101,corners2015@live.com,Julian,Petersen,,420-256-9958,Lauderhill,United States,90672,Virginia,861 Rosenkranz,1981-04-01,2091
crmid:1598907560,vaultier1903@live.com,Carlton,Joyce,male,213-424-2282,Arlington Heights,United States,08172,Utah,509 Ellis,1933-02-16,2134
crmid:7586634537,acrook1822@outlook.com,Nicholas,Navarro,male,076-657-0443,Cape Girardeau,United States,45007,Utah,1400 Nebraska,1944-07-21,2398
crmid:5752861453,chrysops1901@gmail.com,Lon,Torres,,709-233-2980,Roy,United States,48298,Colorado,599 Fresnel,1986-08-07,1522
crmid:1465169377,coldish1955@live.com,Jc,Barrett,,505-284-9909,Malden,United States,09071,Delaware,231 Argonaut,1985-01-09,2180
crmid:3368665040,assault2019@yandex.com,Bernardine,Mckenzie,female,079-397-6114,Durant,United States,07748,California,664 Belgrave,1956-01-19,873
crmid:1331317255,neanderthal1939@outlook.com,Jeffrey,Powell,female,311-590-6615,Eastpointe,United States,25231,Hawaii,1164 Poppy,1957-04-24,317
crmid:2512164932,outdodges1999@gmail.com,Misha,Acosta,female,611-379-6509,Covina,United States,38236,Delaware,263 Lillian,1951-06-01,638
crmid:2773710239,pendative1887@live.com,Isaac,Howard,,872-100-9976,Lake Havasu City,United States,35743,South Carolina,851 English,1980-06-18,1681
crmid:8713944859,unconformableness1871@live.com,Stephan,Myers,,788-818-8865,Nampa,United States,71862,Tennessee,93 Rolph,1995-12-15,2360
crmid:9794854350,billiards2046@outlook.com,Ali,Cantrell,,031-929-6330,Kyle,United States,47671,Ohio,1237 Sibley,1978-08-05,2863
crmid:8182437904,atwood1996@live.com,Willetta,Hahn,female,638-982-9689,Edinburg,United States,93436,Mississippi,400 Britton,1958-09-12,1784
crmid:3093461533,burstones1813@outlook.com,Demetrius,Cameron,,932-372-3001,Green Bay,United States,24150,Nebraska,929 Oak Grove,1968-04-23,1815
crmid:3962762300,delawn1923@gmail.com,Marquetta,Kim,female,937-153-0493,Sandy Springs,United States,97450,South Carolina,178 Mendosa,1955-12-12,983
crmid:1294805210,broddy1826@live.com,Denis,Banks,male,146-533-7268,Novato,United States,10059,Georgia,1399 South Gate,1945-03-02,630
crmid:6468466938,furbished1872@yahoo.com,Titus,Flowers,,614-009-3627,Reedley,United States,35452,Wyoming,458 Dellbrook,1978-03-19,2744
crmid:3706018439,gallican1916@live.com,Scottie,Duffy,male,242-261-4396,York,United States,06292,Kentucky,956 Vale,1933-10-17,2085
crmid:3407342039,anathemas2055@live.com,Clay,Warren,,839-639-7925,Victorville,United States,77289,Colorado,1023 Worden,1976-04-14,1657
crmid:2829406263,anita1896@outlook.com,Werner,Steele,male,548-952-2417,Bethlehem,United States,85581,Oregon,929 Franklin,1938-10-28,2334
crmid:5009590368,camacho1978@outlook.com,Kelley,Barber,,195-309-0972,Garfield Heights,United States,90163,West Virginia,716 Music Concourse,1965-10-02,1580
crmid:5280325783,deeann1805@gmail.com,Elliot,Shaw,,557-179-9256,Hannibal,United States,61183,Oregon,302 Amatury,1969-11-28,2920
crmid:1319213243,havanese1992@gmail.com,Elvis,Blevins,,386-847-2903,San Carlos,United States,64861,Arizona,770 Ulloa,1978-07-31,2281
crmid:8754942107,dessa2019@yandex.com,Garrett,Reynolds,male,494-405-0059,Reynoldsburg,United States,50214,Nevada,669 Quintara,1941-12-08,1519
crmid:4464695442,galactosis1977@gmail.com,Gary,Mcgee,male,709-029-7171,Bismarck,United States,92037,Alabama,1047 Chatham,1939-04-19,1320
crmid:8656579969,transform1993@gmail.com,Garfield,Hoffman,,812-741-6907,South Milwaukee,United States,45203,New Hampshire,515 Craut,1993-05-19,1858
crmid:3220852040,optimacy1910@live.com,Ja,Buckner,female,441-943-4439,Coconut Creek,United States,26424,New York,242 Walter,1949-04-04,1476
crmid:2451473514,incarnate2047@gmail.com,Rod,Browning,male,024-269-6061,Alpharetta,United States,40940,Maine,937 Baltimore,1931-08-04,1831
crmid:7124167740,braunschweiger2069@yandex.com,Laci,Newman,female,121-416-6657,Salt Lake City,United States,95916,Wyoming,273 Ulloa,1996-09-20,2486
crmid:9169988433,amnesia1820@outlook.com,Alexis,Schmidt,,028-514-6851,Wenatchee,United States,82085,Massachusetts,587 Chicago,1981-04-06,1223
crmid:9364899709,nonseparable2068@gmail.com,Fredric,Cole,,560-006-5581,Juneau,United States,88996,Wyoming,373 Golden Gate,1976-11-27,2673
crmid:9959498434,burlie2016@yandex.com,Moises,Livingston,male,604-742-6948,Arcadia,United States,85111,Pennsylvania,547 Steveloe,1933-07-17,2169
crmid:6257741885,eladio2011@live.com,Nu,Jacobson,female,728-490-0547,Cooper City,United States,78737,Virginia,1381 Pizarro,1950-12-23,928
crmid:4058526793,chaperone1813@yahoo.com,Carmen,Britt,male,512-077-1471,Carlsbad,United States,06156,Wisconsin,282 Charles,1944-02-04,644
crmid:9557890792,axled1979@outlook.com,Carmen,House,,864-164-4758,Fredericksburg,United States,82059,Minnesota,1380 Keppler,1964-08-10,2768
crmid:2825847045,prolegomenon2039@live.com,Tracy,Thomas,,147-011-4548,Sidney,United States,33153,New Jersey,836 Dormitory,1976-11-10,1437
crmid:2492934274,cassondra1969@yandex.com,Rosendo,Everett,,549-814-7626,Madisonville,United States,18041,Michigan,1116 Cadell,1985-02-27,1161
crmid:3309048532,arses2068@gmail.com,Francesco,King,male,389-129-2112,Round Rock,United States,02605,Maryland,387 Delano,1936-11-07,1987
crmid:8089349823,sleekier1975@live.com,Temple,Washington,female,951-447-0185,Wylie,United States,62930,North Carolina,322 Jack London,1956-09-30,1183
crmid:1052018350,beppie1962@outlook.com,Eloy,Nash,male,734-402-1354,Niagara Falls,United States,06359,Rhode Island,951 Seymour,1997-01-06,2128
crmid:1670613176,crucify1964@yahoo.com,Arnette,Elliott,female,978-825-9962,Delano,United States,72088,Michigan,199 El Sereno,1954-01-09,1611
crmid:7774140121,unpinched2044@yandex.com,Nicolas,Carr,,305-588-4225,North Las Vegas,United States,44219,Oklahoma,747 Shafter,1998-08-19,1612
crmid:3006916857,disquantity1996@yandex.com,Nick,Nunez,male,150-193-1142,Yucca Valley,United States,84131,Ohio,129 Burrows,1942-07-22,1850
crmid:6099304932,artifactual1958@outlook.com,Tad,Mclaughlin,,249-314-9422,Florissant,United States,07685,South Carolina,634 Gabilan,1962-02-25,1939
crmid:8861825837,haler1880@outlook.com,Shad,Guerra,male,303-384-0307,Central Falls,United States,56558,Massachusetts,901 Bernard,1945-09-12,2651
crmid:4791431388,solarise1924@gmail.com,Michale,Robinson,,737-876-7679,Honolulu,United States,71490,Kansas,819 Fresno,1973-12-08,2596
crmid:3088687184,catalysis2026@outlook.com,Denver,James,male,232-624-5904,Apache Junction,United States,19575,Maryland,576 Mullen,1933-03-15,2594
crmid:9985303767,atop1868@gmail.com,Preston,Gilbert,,319-275-3763,Menlo Park,United States,75477,Illinois,536 Liberty,1989-12-16,915
crmid:3022397218,chimbley1915@gmail.com,Rayford,Melton,male,200-957-4979,Cambridge,United States,74067,Tennessee,463 Van Buren,1943-12-24,2868
crmid:6951442373,cercocebus1870@outlook.com,Bert,Lloyd,male,364-025-6106,San Clemente,United States,08539,Maryland,285 Saint Josephs,1933-01-17,2046
crmid:9466149445,fantasize1909@gmail.com,Oscar,Byrd,,592-036-3567,Keizer,United States,34418,Indiana,1085 Linares,1976-06-23,1020
crmid:6175307155,dories2005@live.com,Julio,Peterson,male,186-837-8210,Ballwin,United States,33878,Arizona,329 Fort Funston,1935-06-23,1484
crmid:3864772620,quokka2005@yandex.com,Mose,Atkins,,752-110-1332,South Bend,United States,39474,West Virginia,803 Halibut,1977-07-06,559
crmid:1373192548,arpita1907@yandex.com,Graig,Wolf,male,129-111-0505,North Ridgeville,United States,09521,Kentucky,381 Morningside,1999-02-08,2596
crmid:3042036524,atpco1943@yandex.com,Jamey,Rosales,,776-493-4242,Huber Heights,United States,50279,Louisiana,778 Samoset,1973-10-01,2840
crmid:2402758064,columbic1888@live.com,Grady,Kane,male,597-444-2912,Centennial,United States,98421,Wisconsin,849 Cordelia,1945-04-16,1812
crmid:1081983981,deipnophobia2062@yandex.com,Elmer,Mccarthy,female,480-125-1589,Sanger,United States,61664,Virginia,902 Texas,1956-03-19,888
crmid:1215021949,nondenotative2063@gmail.com,Devin,Phillips,male,674-091-1716,Arroyo Grande,United States,10567,Nevada,150 Homestead,1934-03-23,1200
crmid:9321486377,jotisi1911@live.com,Gertrudis,Clark,female,232-438-2047,Denver,United States,51482,Kentucky,782 Lauren,1954-10-20,2812
crmid:2412720030,screechbird1992@yahoo.com,Alonso,Anthony,male,148-651-1526,Azusa,United States,80331,New Mexico,1052 Blair,1935-01-01,1090
crmid:8813943332,drescher2015@yandex.com,Scott,Wiggins,,098-120-4580,Lewiston,United States,14581,Nebraska,16 North Hughes,1982-03-21,874
crmid:5096043387,clam2005@live.com,Luvenia,Schmidt,female,626-306-8887,Schererville,United States,28944,South Dakota,469 Mabrey,1959-06-26,2418
crmid:1351899867,methyl1864@outlook.com,Bev,Tanner,female,060-148-9828,Elizabeth,United States,66873,Texas,12 Avenue I,1958-11-30,2630
crmid:6400371557,abrasax1857@live.com,Nikia,Mcleod,female,013-704-4915,Paducah,United States,15710,Idaho,660 Toland,1948-07-19,741
crmid:7267620280,pipsqueak2066@gmail.com,Vasiliki,Nolan,female,403-613-1696,Texas City,United States,95699,Wyoming,294 Torrens,1959-09-22,1570
crmid:9847142889,outlandish1847@yandex.com,Marcos,Farley,male,694-705-6789,Painesville,United States,68271,Florida,216 Stillings,1935-07-09,2372
crmid:5689161988,oximetry1854@yandex.com,Jordan,Rosales,male,398-206-3049,Vero Beach,United States,17218,Missouri,481 Valencia,1945-06-25,2995
crmid:8425781942,subplantigrade2018@outlook.com,Dwana,Ballard,female,315-107-0000,Chicopee,United States,15737,Hawaii,458 Cordova,1947-03-02,2206
crmid:5200553984,umiaq1904@yahoo.com,Davis,Henry,,102-999-6742,Lindenwold,United States,06173,Indiana,169 Cross,1983-02-12,2256
