id,crmid,propensity_score_credit_cards,suggested_credit_card,propensity_score_loan,suggested_loan
2eb9d73a-4be1-11ea-b34e-b88a60e194fb-1-ps,crmid:1013758206,4,Business Card,3,Business Loan
2ebaea28-4be1-11ea-a6fe-b88a60e194fb-1-ps,crmid:6225217880,6,Business Card,7,Personal Loan
2ebbad5c-4be1-11ea-ba27-b88a60e194fb-1-ps,crmid:7388453342,4,Student Card,5,Personal Loan
2ebc6f5a-4be1-11ea-bbb0-b88a60e194fb-1-ps,crmid:8019003601,3,Student Card,5,Student Loan
2ebd5af0-4be1-11ea-8624-b88a60e194fb-1-ps,crmid:5118521572,4,Travel Card,4,Student Loan
2ebe1d28-4be1-11ea-a5e1-b88a60e194fb-1-ps,crmid:7360331745,4,Dividend Card,3,Business Loan
2ecbd9e6-4be1-11ea-84e8-b88a60e194fb-1-ps,crmid:7824289454,5,Travel Card,2,Personal Loan
2ecc9bd4-4be1-11ea-821a-b88a60e194fb-1-ps,crmid:5604870302,4,Dividend Card,5,Auto Loan
2ecd8636-4be1-11ea-8d23-b88a60e194fb-1-ps,crmid:3474097773,6,Business Card,4,Personal Loan
2ece708c-4be1-11ea-9e63-b88a60e194fb-1-ps,crmid:7576355807,4,Simplicity Card,3,Business Loan
2ecf33e4-4be1-11ea-a4c3-b88a60e194fb-1-ps,crmid:8833492936,5,Rewards Card,8,Business Loan
2ed01f06-4be1-11ea-9400-b88a60e194fb-1-ps,crmid:4031120086,4,Travel Card,3,Personal Loan
2ed0ba86-4be1-11ea-a699-b88a60e194fb-1-ps,crmid:5920327664,5,Platinum Card,4,Business Loan
2ede295a-4be1-11ea-8e5b-b88a60e194fb-1-ps,crmid:7973574472,4,Travel Card,4,Auto Loan
2edf1258-4be1-11ea-9d9b-b88a60e194fb-1-ps,crmid:1075035197,4,Rewards Card,3,Personal Loan
2edfd64c-4be1-11ea-a6ee-b88a60e194fb-1-ps,crmid:1494144105,4,Business Card,3,Student Loan
2ee0bff6-4be1-11ea-8095-b88a60e194fb-1-ps,crmid:1409670520,4,Rewards Card,8,Auto Loan
2ee1834c-4be1-11ea-b3f2-b88a60e194fb-1-ps,crmid:6774324665,4,Rewards Card,4,Auto Loan
2ee246a8-4be1-11ea-8d4d-b88a60e194fb-1-ps,crmid:6007702072,5,Platinum Card,5,Student Loan
2ee309f6-4be1-11ea-ba81-b88a60e194fb-1-ps,crmid:7080355421,4,Business Card,4,Personal Loan
2ef0c594-4be1-11ea-a71e-b88a60e194fb-1-ps,crmid:7350762876,4,Dividend Card,5,Business Loan
2ef1b06c-4be1-11ea-bd53-b88a60e194fb-1-ps,crmid:6307614592,4,Rewards Card,5,Auto Loan
2ef29a9e-4be1-11ea-8707-b88a60e194fb-1-ps,crmid:9727979680,5,Dividend Card,3,Auto Loan
2ef35d9e-4be1-11ea-ab86-b88a60e194fb-1-ps,crmid:6441789906,3,Dividend Card,4,Auto Loan
2ef420f4-4be1-11ea-90b7-b88a60e194fb-1-ps,crmid:2669149516,3,Travel Card,3,Business Loan
2ef4e440-4be1-11ea-b0e4-b88a60e194fb-1-ps,crmid:6304692293,3,Business Card,4,Personal Loan
2ef5a792-4be1-11ea-a370-b88a60e194fb-1-ps,crmid:5958552579,5,Student Card,4,Personal Loan
2f0251be-4be1-11ea-8f69-b88a60e194fb-1-ps,crmid:4671128341,4,Business Card,4,Personal Loan
2f03150c-4be1-11ea-ab87-b88a60e194fb-1-ps,crmid:8408827670,4,Student Card,7,Personal Loan
2f042692-4be1-11ea-a978-b88a60e194fb-1-ps,crmid:5428970171,3,Simplicity Card,3,Business Loan
2f04e9d2-4be1-11ea-83a8-b88a60e194fb-1-ps,crmid:4095172439,5,Dividend Card,4,Personal Loan
2f05d428-4be1-11ea-a5f0-b88a60e194fb-1-ps,crmid:5852836594,5,Platinum Card,2,Personal Loan
2f06be9c-4be1-11ea-b4df-b88a60e194fb-1-ps,crmid:2964280931,4,Dividend Card,4,Personal Loan
2f0781ec-4be1-11ea-b13e-b88a60e194fb-1-ps,crmid:8762672663,3,Business Card,3,Personal Loan
2f142dd4-4be1-11ea-876a-b88a60e194fb-1-ps,crmid:3153300255,4,Student Card,5,Student Loan
2f14c98a-4be1-11ea-aa08-b88a60e194fb-1-ps,crmid:5176254343,4,Business Card,10,Personal Loan
2f158bb6-4be1-11ea-8917-b88a60e194fb-1-ps,crmid:1465326496,4,Platinum Card,3,Personal Loan
2f164fe6-4be1-11ea-8698-b88a60e194fb-1-ps,crmid:9098127747,4,Platinum Card,3,Personal Loan
2f171398-4be1-11ea-8c59-b88a60e194fb-1-ps,crmid:3554317157,2,Rewards Card,4,Auto Loan
2f17fc98-4be1-11ea-9f83-b88a60e194fb-1-ps,crmid:2267026285,5,Travel Card,3,Auto Loan
2f18bfe4-4be1-11ea-ac85-b88a60e194fb-1-ps,crmid:2976198016,3,Travel Card,9,Business Loan
2f26546e-4be1-11ea-99e2-b88a60e194fb-1-ps,crmid:8028089532,3,Simplicity Card,4,Personal Loan
2f273ec8-4be1-11ea-ab2b-b88a60e194fb-1-ps,crmid:9405233210,5,Rewards Card,4,Auto Loan
2f280376-4be1-11ea-8512-b88a60e194fb-1-ps,crmid:3323402145,5,Student Card,4,Student Loan
2f289fae-4be1-11ea-b59b-b88a60e194fb-1-ps,crmid:3853422340,6,Simplicity Card,5,Personal Loan
2f29630c-4be1-11ea-9170-b88a60e194fb-1-ps,crmid:2892051854,3,Rewards Card,5,Personal Loan
2f2a9a40-4be1-11ea-aca9-b88a60e194fb-1-ps,crmid:1716452023,4,Simplicity Card,3,Personal Loan
2f2b5ec0-4be1-11ea-b00f-b88a60e194fb-1-ps,crmid:9541508001,3,Student Card,4,Student Loan
2f394188-4be1-11ea-8e5c-b88a60e194fb-1-ps,crmid:9395235553,3,Dividend Card,3,Personal Loan
2f3a04d8-4be1-11ea-9483-b88a60e194fb-1-ps,crmid:4596759843,4,Platinum Card,3,Personal Loan
2f3a9fe6-4be1-11ea-943a-b88a60e194fb-1-ps,crmid:1007640373,4,Business Card,6,Auto Loan
2f3bb128-4be1-11ea-98af-b88a60e194fb-1-ps,crmid:5543973244,3,Student Card,4,Personal Loan
2f3cc2b4-4be1-11ea-9ea1-b88a60e194fb-1-ps,crmid:3599681097,3,Dividend Card,4,Business Loan
2f3dd412-4be1-11ea-adb6-b88a60e194fb-1-ps,crmid:7740661470,4,Travel Card,5,Business Loan
2f3ee580-4be1-11ea-aca4-b88a60e194fb-1-ps,crmid:2031755960,5,Student Card,5,Student Loan
2f4d8ce8-4be1-11ea-a827-b88a60e194fb-1-ps,crmid:5140112574,2,Travel Card,3,Personal Loan
2f4e781c-4be1-11ea-8278-b88a60e194fb-1-ps,crmid:4503876532,4,Platinum Card,5,Student Loan
2f4f3a80-4be1-11ea-a851-b88a60e194fb-1-ps,crmid:8757890942,5,Student Card,5,Auto Loan
2f4ffd7a-4be1-11ea-bf9a-b88a60e194fb-1-ps,crmid:7770067642,4,Business Card,3,Business Loan
2f50c128-4be1-11ea-a9ee-b88a60e194fb-1-ps,crmid:7460324337,4,Rewards Card,3,Auto Loan
2f51831e-4be1-11ea-9112-b88a60e194fb-1-ps,crmid:7090813234,4,Dividend Card,5,Business Loan
2f5295ca-4be1-11ea-a7fd-b88a60e194fb-1-ps,crmid:5852836594,5,Student Card,6,Auto Loan
2f609e64-4be1-11ea-b0b2-b88a60e194fb-1-ps,crmid:7281206253,3,Business Card,3,Personal Loan
2f616210-4be1-11ea-a854-b88a60e194fb-1-ps,crmid:4224537667,6,Business Card,3,Student Loan
2f6224f6-4be1-11ea-a33d-b88a60e194fb-1-ps,crmid:9306913233,5,Student Card,4,Auto Loan
2f62e84a-4be1-11ea-9949-b88a60e194fb-1-ps,crmid:3819336306,3,Travel Card,7,Auto Loan
2f63aba2-4be1-11ea-8fda-b88a60e194fb-1-ps,crmid:7983704970,4,Simplicity Card,2,Personal Loan
2f64bd0c-4be1-11ea-8547-b88a60e194fb-1-ps,crmid:6099322377,3,Student Card,4,Business Loan
2f65a8a4-4be1-11ea-bf48-b88a60e194fb-1-ps,crmid:3690837394,4,Student Card,3,Personal Loan
2f733c14-4be1-11ea-820e-b88a60e194fb-1-ps,crmid:1183010692,6,Rewards Card,6,Auto Loan
2f73ff3a-4be1-11ea-88d0-b88a60e194fb-1-ps,crmid:7564142932,4,Dividend Card,4,Personal Loan
2f74c458-4be1-11ea-a7db-b88a60e194fb-1-ps,crmid:3523850807,2,Dividend Card,5,Auto Loan
2f75600c-4be1-11ea-9e9e-b88a60e194fb-1-ps,crmid:1622858682,4,Dividend Card,7,Personal Loan
2f764912-4be1-11ea-bf01-b88a60e194fb-1-ps,crmid:8983216219,5,Student Card,7,Personal Loan
2f773526-4be1-11ea-b7c5-b88a60e194fb-1-ps,crmid:9567790703,4,Simplicity Card,4,Personal Loan
2f77f774-4be1-11ea-aa49-b88a60e194fb-1-ps,crmid:2672971845,4,Travel Card,4,Personal Loan
2f858cd2-4be1-11ea-b7a7-b88a60e194fb-1-ps,crmid:2454563366,4,Student Card,9,Student Loan
2f8628fe-4be1-11ea-8555-b88a60e194fb-1-ps,crmid:9688349805,5,Dividend Card,4,Auto Loan
2f871202-4be1-11ea-9026-b88a60e194fb-1-ps,crmid:5047393111,4,Dividend Card,2,Student Loan
2f87fc5e-4be1-11ea-b9a7-b88a60e194fb-1-ps,crmid:7144098303,4,Student Card,4,Student Loan
2f8934d0-4be1-11ea-af06-b88a60e194fb-1-ps,crmid:4125234739,3,Rewards Card,4,Student Loan
2f8a462e-4be1-11ea-adc7-b88a60e194fb-1-ps,crmid:7952962723,4,Business Card,9,Business Loan
2f8b3092-4be1-11ea-95ad-b88a60e194fb-1-ps,crmid:2479413129,4,Student Card,3,Personal Loan
2f9a24c8-4be1-11ea-962e-b88a60e194fb-1-ps,crmid:4937236781,5,Platinum Card,5,Personal Loan
2f9ae81a-4be1-11ea-ac63-b88a60e194fb-1-ps,crmid:6042394063,4,Business Card,8,Student Loan
2f9bd4ac-4be1-11ea-b559-b88a60e194fb-1-ps,crmid:1109359348,3,Dividend Card,4,Personal Loan
2f9ce4d0-4be1-11ea-a312-b88a60e194fb-1-ps,crmid:8745753128,4,Rewards Card,4,Personal Loan
2f9da7f6-4be1-11ea-8536-b88a60e194fb-1-ps,crmid:4106652651,5,Student Card,5,Personal Loan
2f9e6b0a-4be1-11ea-990c-b88a60e194fb-1-ps,crmid:5374591530,2,Travel Card,4,Business Loan
2f9f55e8-4be1-11ea-bde9-b88a60e194fb-1-ps,crmid:3380069388,6,Rewards Card,4,Business Loan
2facc250-4be1-11ea-820a-b88a60e194fb-1-ps,crmid:2536162989,4,Dividend Card,5,Personal Loan
2fadae10-4be1-11ea-a50e-b88a60e194fb-1-ps,crmid:3134637517,4,Platinum Card,3,Business Loan
2fae7018-4be1-11ea-8dcb-b88a60e194fb-1-ps,crmid:6790432498,3,Business Card,4,Auto Loan
2faf5be2-4be1-11ea-bda1-b88a60e194fb-1-ps,crmid:2310669074,5,Platinum Card,4,Personal Loan
2faff7fa-4be1-11ea-8bed-b88a60e194fb-1-ps,crmid:5959218153,5,Travel Card,8,Personal Loan
2fb0bb5c-4be1-11ea-872c-b88a60e194fb-1-ps,crmid:2336086178,4,Travel Card,2,Personal Loan
2fb1cb82-4be1-11ea-b4f9-b88a60e194fb-1-ps,crmid:2355228499,4,Travel Card,3,Personal Loan
2fc072a6-4be1-11ea-94da-b88a60e194fb-1-ps,crmid:8059180115,3,Business Card,5,Personal Loan
2fc134e4-4be1-11ea-a150-b88a60e194fb-1-ps,crmid:1127769865,5,Dividend Card,3,Auto Loan
2fc1d25c-4be1-11ea-b591-b88a60e194fb-1-ps,crmid:8027013676,3,Student Card,7,Business Loan
2fc2bb5c-4be1-11ea-ab44-b88a60e194fb-1-ps,crmid:1656684371,4,Travel Card,9,Personal Loan
2fc37eac-4be1-11ea-b15a-b88a60e194fb-1-ps,crmid:3282908885,5,Student Card,2,Business Loan
2fc441ee-4be1-11ea-890c-b88a60e194fb-1-ps,crmid:8458400474,3,Platinum Card,4,Business Loan
2fc55374-4be1-11ea-ae08-b88a60e194fb-1-ps,crmid:3899095583,5,Platinum Card,5,Auto Loan
2fd4e502-4be1-11ea-b28c-b88a60e194fb-1-ps,crmid:4920664555,4,Rewards Card,4,Auto Loan
2fd5a81c-4be1-11ea-9846-b88a60e194fb-1-ps,crmid:2665970893,3,Student Card,5,Auto Loan
2fd6b928-4be1-11ea-9f7c-b88a60e194fb-1-ps,crmid:6174041221,3,Rewards Card,2,Auto Loan
2fd7a2e2-4be1-11ea-ac8c-b88a60e194fb-1-ps,crmid:2237072399,6,Rewards Card,2,Business Loan
2fd86778-4be1-11ea-a9b8-b88a60e194fb-1-ps,crmid:2074979571,5,Platinum Card,2,Personal Loan
2fd903ae-4be1-11ea-b3a9-b88a60e194fb-1-ps,crmid:5587583269,4,Rewards Card,5,Auto Loan
2fda15de-4be1-11ea-a691-b88a60e194fb-1-ps,crmid:7956337330,4,Platinum Card,4,Personal Loan
2fe8448c-4be1-11ea-a410-b88a60e194fb-1-ps,crmid:8235894055,4,Platinum Card,4,Personal Loan
2fe92ef4-4be1-11ea-9969-b88a60e194fb-1-ps,crmid:9579814337,5,Rewards Card,3,Business Loan
2fe9f254-4be1-11ea-a55d-b88a60e194fb-1-ps,crmid:3327032186,4,Platinum Card,4,Business Loan
2feab5c6-4be1-11ea-b9ce-b88a60e194fb-1-ps,crmid:4145811986,2,Dividend Card,4,Personal Loan
2feb78fa-4be1-11ea-8e47-b88a60e194fb-1-ps,crmid:5801191774,3,Rewards Card,4,Personal Loan
2fec3d90-4be1-11ea-bf9e-b88a60e194fb-1-ps,crmid:8517438507,5,Simplicity Card,3,Auto Loan
2fed26a2-4be1-11ea-93de-b88a60e194fb-1-ps,crmid:7737020874,6,Rewards Card,3,Business Loan
2ffc8ff6-4be1-11ea-9e0f-b88a60e194fb-1-ps,crmid:5374668529,3,Rewards Card,4,Business Loan
2ffd5352-4be1-11ea-8544-b88a60e194fb-1-ps,crmid:8850383131,7,Travel Card,3,Student Loan
2ffe3da4-4be1-11ea-9c1c-b88a60e194fb-1-ps,crmid:6136111869,5,Student Card,5,Auto Loan
2fff00ec-4be1-11ea-a914-b88a60e194fb-1-ps,crmid:7646433014,3,Student Card,4,Personal Loan
2fffeb4c-4be1-11ea-8d01-b88a60e194fb-1-ps,crmid:9756692745,3,Business Card,4,Business Loan
3000d59c-4be1-11ea-849f-b88a60e194fb-1-ps,crmid:2402134929,5,Platinum Card,4,Student Loan
300198ee-4be1-11ea-b382-b88a60e194fb-1-ps,crmid:3115872181,3,Simplicity Card,5,Student Loan
3010db42-4be1-11ea-aa0c-b88a60e194fb-1-ps,crmid:1274756894,4,Platinum Card,5,Personal Loan
301178c2-4be1-11ea-8de3-b88a60e194fb-1-ps,crmid:3343973343,2,Business Card,5,Student Loan
301262f4-4be1-11ea-9168-b88a60e194fb-1-ps,crmid:5546991023,3,Dividend Card,6,Student Loan
30132514-4be1-11ea-a268-b88a60e194fb-1-ps,crmid:4617967228,3,Dividend Card,4,Auto Loan
30145ea8-4be1-11ea-ad2f-b88a60e194fb-1-ps,crmid:7728521743,4,Rewards Card,7,Auto Loan
3014fb2c-4be1-11ea-8010-b88a60e194fb-1-ps,crmid:5833398674,5,Student Card,4,Student Loan
3015e498-4be1-11ea-b4ac-b88a60e194fb-1-ps,crmid:4566981747,5,Simplicity Card,4,Auto Loan
30252662-4be1-11ea-b3e8-b88a60e194fb-1-ps,crmid:8307655524,2,Platinum Card,6,Student Loan
3025ebcc-4be1-11ea-9882-b88a60e194fb-1-ps,crmid:5321804827,4,Travel Card,4,Student Loan
3026ae8c-4be1-11ea-a820-b88a60e194fb-1-ps,crmid:5918933345,9,Rewards Card,4,Auto Loan
302771b0-4be1-11ea-84c0-b88a60e194fb-1-ps,crmid:2479460397,5,Student Card,4,Student Loan
30283502-4be1-11ea-9420-b88a60e194fb-1-ps,crmid:6365138190,4,Travel Card,5,Auto Loan
3028f8cc-4be1-11ea-8d25-b88a60e194fb-1-ps,crmid:1076553866,5,Dividend Card,2,Personal Loan
3029bbbe-4be1-11ea-a3d9-b88a60e194fb-1-ps,crmid:1012052347,5,Travel Card,4,Auto Loan
303888a4-4be1-11ea-97a2-b88a60e194fb-1-ps,crmid:7375606407,4,Business Card,3,Auto Loan
30394aca-4be1-11ea-a1e0-b88a60e194fb-1-ps,crmid:8682142505,7,Dividend Card,3,Personal Loan
303a0f50-4be1-11ea-bf02-b88a60e194fb-1-ps,crmid:2274827323,4,Platinum Card,4,Student Loan
303ad2ba-4be1-11ea-bb08-b88a60e194fb-1-ps,crmid:2975916049,8,Simplicity Card,3,Personal Loan
303b9546-4be1-11ea-bbcb-b88a60e194fb-1-ps,crmid:6142256295,4,Business Card,9,Auto Loan
303c57cc-4be1-11ea-8a6a-b88a60e194fb-1-ps,crmid:6434180051,3,Student Card,3,Business Loan
303d6940-4be1-11ea-84e8-b88a60e194fb-1-ps,crmid:7596160346,4,Platinum Card,5,Student Loan
304c5d8a-4be1-11ea-87b9-b88a60e194fb-1-ps,crmid:3914956972,4,Dividend Card,4,Personal Loan
304d2218-4be1-11ea-a533-b88a60e194fb-1-ps,crmid:4101728423,4,Dividend Card,4,Personal Loan
304de574-4be1-11ea-bd9d-b88a60e194fb-1-ps,crmid:1442937039,5,Platinum Card,3,Personal Loan
304ea778-4be1-11ea-ba84-b88a60e194fb-1-ps,crmid:4817353750,5,Platinum Card,8,Business Loan
304f91b4-4be1-11ea-85b2-b88a60e194fb-1-ps,crmid:9192805745,3,Dividend Card,5,Business Loan
30505698-4be1-11ea-ba0c-b88a60e194fb-1-ps,crmid:5852836594,5,Platinum Card,4,Personal Loan
30513f90-4be1-11ea-a442-b88a60e194fb-1-ps,crmid:4605869213,2,Rewards Card,3,Personal Loan
30605bde-4be1-11ea-b079-b88a60e194fb-1-ps,crmid:9182987021,3,Platinum Card,7,Business Loan
30611ed0-4be1-11ea-ae43-b88a60e194fb-1-ps,crmid:7133534904,4,Business Card,3,Personal Loan
3062083e-4be1-11ea-aa2c-b88a60e194fb-1-ps,crmid:7442291447,9,Travel Card,3,Student Loan
3062cce2-4be1-11ea-9f8a-b88a60e194fb-1-ps,crmid:5061000834,3,Travel Card,3,Auto Loan
3063901a-4be1-11ea-9f44-b88a60e194fb-1-ps,crmid:2038065858,3,Dividend Card,4,Auto Loan
306453a2-4be1-11ea-b514-b88a60e194fb-1-ps,crmid:2539342351,4,Dividend Card,3,Business Loan
30656522-4be1-11ea-9e69-b88a60e194fb-1-ps,crmid:2735336209,3,Simplicity Card,3,Business Loan
3074cd2e-4be1-11ea-adc8-b88a60e194fb-1-ps,crmid:6658088297,2,Platinum Card,5,Personal Loan
3075b8ae-4be1-11ea-b537-b88a60e194fb-1-ps,crmid:1793365996,2,Dividend Card,9,Business Loan
30767c14-4be1-11ea-9f30-b88a60e194fb-1-ps,crmid:7752320704,3,Travel Card,3,Auto Loan
30776662-4be1-11ea-8768-b88a60e194fb-1-ps,crmid:5791494744,3,Business Card,5,Business Loan
307802cc-4be1-11ea-98c1-b88a60e194fb-1-ps,crmid:6359618501,3,Rewards Card,6,Business Loan
30791334-4be1-11ea-a242-b88a60e194fb-1-ps,crmid:3555308237,4,Travel Card,3,Student Loan
307a2412-4be1-11ea-bc78-b88a60e194fb-1-ps,crmid:2673549266,4,Business Card,3,Personal Loan
3089b49e-4be1-11ea-ba06-b88a60e194fb-1-ps,crmid:4493013300,10,Dividend Card,4,Personal Loan
308aecf8-4be1-11ea-94ba-b88a60e194fb-1-ps,crmid:7225364552,3,Rewards Card,7,Personal Loan
308bd752-4be1-11ea-ae59-b88a60e194fb-1-ps,crmid:9791683542,4,Business Card,6,Business Loan
308ce98a-4be1-11ea-ba1e-b88a60e194fb-1-ps,crmid:9635524364,4,Student Card,4,Personal Loan
308dade6-4be1-11ea-a4c1-b88a60e194fb-1-ps,crmid:9432473593,4,Travel Card,4,Personal Loan
308ee5fe-4be1-11ea-8191-b88a60e194fb-1-ps,crmid:8415787356,4,Rewards Card,4,Personal Loan
308fa7dc-4be1-11ea-b42f-b88a60e194fb-1-ps,crmid:7493622630,5,Simplicity Card,3,Personal Loan
309faed8-4be1-11ea-9e56-b88a60e194fb-1-ps,crmid:2550378591,3,Travel Card,9,Personal Loan
30a070ca-4be1-11ea-8e41-b88a60e194fb-1-ps,crmid:9321616715,3,Travel Card,4,Personal Loan
30a13574-4be1-11ea-9a42-b88a60e194fb-1-ps,crmid:6445167912,4,Student Card,5,Personal Loan
30a1f79e-4be1-11ea-9429-b88a60e194fb-1-ps,crmid:4145811986,4,Student Card,7,Student Loan
30a2e1b6-4be1-11ea-80da-b88a60e194fb-1-ps,crmid:5197307195,3,Rewards Card,3,Student Loan
30a3cc1e-4be1-11ea-b712-b88a60e194fb-1-ps,crmid:9906062602,2,Platinum Card,3,Auto Loan
30a490dc-4be1-11ea-8b09-b88a60e194fb-1-ps,crmid:2507786679,3,Student Card,4,Personal Loan
30b4485a-4be1-11ea-b957-b88a60e194fb-1-ps,crmid:4572030034,4,Student Card,3,Auto Loan
30b50a6c-4be1-11ea-8531-b88a60e194fb-1-ps,crmid:8420425660,4,Student Card,2,Business Loan
30b5f61e-4be1-11ea-88a9-b88a60e194fb-1-ps,crmid:5298279676,5,Business Card,4,Business Loan
30b70606-4be1-11ea-86af-b88a60e194fb-1-ps,crmid:1696375798,5,Student Card,5,Business Loan
30b7cadc-4be1-11ea-9472-b88a60e194fb-1-ps,crmid:2155302918,4,Student Card,4,Business Loan
30b88de4-4be1-11ea-b015-b88a60e194fb-1-ps,crmid:3503774243,4,Simplicity Card,3,Auto Loan
30b95138-4be1-11ea-9515-b88a60e194fb-1-ps,crmid:5066082590,5,Simplicity Card,2,Personal Loan
30c9f30a-4be1-11ea-8ae4-b88a60e194fb-1-ps,crmid:9999214813,4,Simplicity Card,4,Student Loan
30cadd76-4be1-11ea-b30b-b88a60e194fb-1-ps,crmid:7464560775,8,Rewards Card,7,Auto Loan
30cba0b4-4be1-11ea-a746-b88a60e194fb-1-ps,crmid:3715133871,4,Dividend Card,4,Personal Loan
30cc3cee-4be1-11ea-a20b-b88a60e194fb-1-ps,crmid:2107619661,6,Student Card,4,Business Loan
30cd0028-4be1-11ea-b58c-b88a60e194fb-1-ps,crmid:1552024927,3,Platinum Card,3,Auto Loan
30ce105a-4be1-11ea-8215-b88a60e194fb-1-ps,crmid:5998416537,3,Rewards Card,3,Auto Loan
30ceadf4-4be1-11ea-aa1b-b88a60e194fb-1-ps,crmid:8049647655,5,Travel Card,3,Personal Loan
30dda0ae-4be1-11ea-868f-b88a60e194fb-1-ps,crmid:8396132701,5,Simplicity Card,8,Auto Loan
30de8b06-4be1-11ea-bc99-b88a60e194fb-1-ps,crmid:3111736728,4,Simplicity Card,3,Personal Loan
30df4e5a-4be1-11ea-8daf-b88a60e194fb-1-ps,crmid:6026957122,4,Student Card,9,Auto Loan
30e038fa-4be1-11ea-b1ec-b88a60e194fb-1-ps,crmid:6205721523,4,Travel Card,3,Personal Loan
30e0fd46-4be1-11ea-ab07-b88a60e194fb-1-ps,crmid:3386461149,5,Travel Card,4,Business Loan
30e1999c-4be1-11ea-92b0-b88a60e194fb-1-ps,crmid:1696688691,4,Student Card,5,Auto Loan
30e2aa4c-4be1-11ea-b8a1-b88a60e194fb-1-ps,crmid:8123504773,3,Business Card,6,Auto Loan
30f325d4-4be1-11ea-b4b7-b88a60e194fb-1-ps,crmid:7706951849,3,Dividend Card,9,Student Loan
30f40fe8-4be1-11ea-bba8-b88a60e194fb-1-ps,crmid:4101667591,7,Business Card,3,Business Loan
30f4fa58-4be1-11ea-be01-b88a60e194fb-1-ps,crmid:5960025155,4,Dividend Card,4,Business Loan
30f5bcc0-4be1-11ea-baa6-b88a60e194fb-1-ps,crmid:5376844252,4,Simplicity Card,4,Student Loan
30f68076-4be1-11ea-9e7f-b88a60e194fb-1-ps,crmid:8997338383,4,Dividend Card,9,Student Loan
30f74350-4be1-11ea-a219-b88a60e194fb-1-ps,crmid:3029399624,6,Platinum Card,4,Personal Loan
30f80734-4be1-11ea-b5bd-b88a60e194fb-1-ps,crmid:9796288419,4,Student Card,2,Personal Loan
31080d5e-4be1-11ea-b52c-b88a60e194fb-1-ps,crmid:7713934816,4,Simplicity Card,4,Personal Loan
3108d078-4be1-11ea-aa16-b88a60e194fb-1-ps,crmid:9486277966,5,Travel Card,5,Auto Loan
3109b99e-4be1-11ea-a312-b88a60e194fb-1-ps,crmid:1830385041,3,Platinum Card,9,Student Loan
310a7e28-4be1-11ea-aca0-b88a60e194fb-1-ps,crmid:4334175394,3,Simplicity Card,3,Student Loan
310b4062-4be1-11ea-b030-b88a60e194fb-1-ps,crmid:1182650334,5,Travel Card,9,Personal Loan
310c04c2-4be1-11ea-91f3-b88a60e194fb-1-ps,crmid:7005693476,3,Platinum Card,4,Personal Loan
310ca138-4be1-11ea-8160-b88a60e194fb-1-ps,crmid:1238530359,4,Simplicity Card,5,Personal Loan
311d90ec-4be1-11ea-8b1a-b88a60e194fb-1-ps,crmid:7197881870,4,Travel Card,3,Personal Loan
311e2d98-4be1-11ea-8fa0-b88a60e194fb-1-ps,crmid:7699031352,4,Rewards Card,5,Personal Loan
311ef0ca-4be1-11ea-bffe-b88a60e194fb-1-ps,crmid:9843856958,4,Student Card,3,Student Loan
312000e6-4be1-11ea-bd63-b88a60e194fb-1-ps,crmid:1057743402,6,Student Card,6,Personal Loan
31211222-4be1-11ea-a286-b88a60e194fb-1-ps,crmid:5754522718,3,Platinum Card,3,Personal Loan
3121fca2-4be1-11ea-86cc-b88a60e194fb-1-ps,crmid:2875787388,5,Travel Card,4,Auto Loan
31235c1e-4be1-11ea-bbd9-b88a60e194fb-1-ps,crmid:4287859846,5,Travel Card,4,Auto Loan
3133fdec-4be1-11ea-b250-b88a60e194fb-1-ps,crmid:4687028914,4,Rewards Card,4,Personal Loan
3134c14a-4be1-11ea-a70d-b88a60e194fb-1-ps,crmid:1752574197,3,Simplicity Card,4,Personal Loan
3135aba2-4be1-11ea-81bd-b88a60e194fb-1-ps,crmid:4988459871,3,Travel Card,5,Auto Loan
313695fe-4be1-11ea-900c-b88a60e194fb-1-ps,crmid:4804290015,5,Dividend Card,9,Auto Loan
3137594a-4be1-11ea-a410-b88a60e194fb-1-ps,crmid:2346999679,5,Simplicity Card,4,Auto Loan
31381e18-4be1-11ea-9161-b88a60e194fb-1-ps,crmid:9718589934,5,Platinum Card,8,Auto Loan
31392e1a-4be1-11ea-9359-b88a60e194fb-1-ps,crmid:2908555917,4,Platinum Card,3,Personal Loan
314981de-4be1-11ea-9a8c-b88a60e194fb-1-ps,crmid:2248876152,9,Travel Card,4,Auto Loan
314a4526-4be1-11ea-ac03-b88a60e194fb-1-ps,crmid:9377374906,3,Platinum Card,5,Business Loan
314b0876-4be1-11ea-9f09-b88a60e194fb-1-ps,crmid:1697510049,4,Rewards Card,3,Personal Loan
314bccfe-4be1-11ea-98be-b88a60e194fb-1-ps,crmid:8928636657,6,Platinum Card,8,Personal Loan
314c9050-4be1-11ea-8ded-b88a60e194fb-1-ps,crmid:6744544932,5,Platinum Card,5,Business Loan
314d53b6-4be1-11ea-a108-b88a60e194fb-1-ps,crmid:7418013380,4,Dividend Card,2,Business Loan
314e3cde-4be1-11ea-ba7f-b88a60e194fb-1-ps,crmid:4872349358,3,Dividend Card,8,Personal Loan
315fca26-4be1-11ea-935e-b88a60e194fb-1-ps,crmid:6928101269,4,Simplicity Card,4,Business Loan
3160b352-4be1-11ea-8500-b88a60e194fb-1-ps,crmid:2237072399,6,Platinum Card,3,Personal Loan
3161c486-4be1-11ea-ae76-b88a60e194fb-1-ps,crmid:4450781613,6,Business Card,5,Auto Loan
316287cc-4be1-11ea-a3ea-b88a60e194fb-1-ps,crmid:8739161003,4,Student Card,6,Personal Loan
31634b2c-4be1-11ea-9ea1-b88a60e194fb-1-ps,crmid:4929150387,6,Simplicity Card,7,Personal Loan
31643580-4be1-11ea-8cbb-b88a60e194fb-1-ps,crmid:6088596877,4,Travel Card,3,Auto Loan
3164f8dc-4be1-11ea-b49d-b88a60e194fb-1-ps,crmid:6039249172,2,Business Card,5,Personal Loan
31759a9c-4be1-11ea-b6f5-b88a60e194fb-1-ps,crmid:4540574003,5,Rewards Card,4,Business Loan
31765e78-4be1-11ea-9bde-b88a60e194fb-1-ps,crmid:3788882760,4,Travel Card,5,Student Loan
31772142-4be1-11ea-89c9-b88a60e194fb-1-ps,crmid:9276446091,4,Platinum Card,4,Student Loan
3177e48a-4be1-11ea-a934-b88a60e194fb-1-ps,crmid:2075180486,4,Travel Card,3,Personal Loan
3178a83a-4be1-11ea-a5e4-b88a60e194fb-1-ps,crmid:6191587139,5,Travel Card,3,Student Loan
31799248-4be1-11ea-a69a-b88a60e194fb-1-ps,crmid:9036230169,3,Dividend Card,4,Business Loan
317a7c98-4be1-11ea-a9b6-b88a60e194fb-1-ps,crmid:9147454159,4,Platinum Card,3,Business Loan
318b6c8a-4be1-11ea-9cc7-b88a60e194fb-1-ps,crmid:2633496890,4,Rewards Card,4,Student Loan
318c2fd4-4be1-11ea-a3bb-b88a60e194fb-1-ps,crmid:5692299192,4,Simplicity Card,5,Personal Loan
318d1a38-4be1-11ea-864b-b88a60e194fb-1-ps,crmid:9894363336,5,Platinum Card,4,Personal Loan
318e0522-4be1-11ea-9d7e-b88a60e194fb-1-ps,crmid:8306262987,4,Business Card,3,Auto Loan
318ec7f0-4be1-11ea-a3b4-b88a60e194fb-1-ps,crmid:2185492450,4,Dividend Card,4,Personal Loan
318f6424-4be1-11ea-a532-b88a60e194fb-1-ps,crmid:5044259673,4,Simplicity Card,6,Personal Loan
3190278c-4be1-11ea-a294-b88a60e194fb-1-ps,crmid:4652720086,2,Simplicity Card,4,Business Loan
31a2ec34-4be1-11ea-b140-b88a60e194fb-1-ps,crmid:2612252931,3,Rewards Card,2,Business Loan
31a3d6b8-4be1-11ea-9237-b88a60e194fb-1-ps,crmid:8524020590,5,Simplicity Card,3,Auto Loan
31a49a00-4be1-11ea-89d4-b88a60e194fb-1-ps,crmid:9754491833,1,Dividend Card,5,Personal Loan
31a55d4c-4be1-11ea-b75c-b88a60e194fb-1-ps,crmid:7523844712,3,Platinum Card,3,Business Loan
31a64798-4be1-11ea-8e55-b88a60e194fb-1-ps,crmid:8591462947,5,Platinum Card,5,Personal Loan
31a70acc-4be1-11ea-8727-b88a60e194fb-1-ps,crmid:5548197802,4,Student Card,5,Student Loan
31a7f564-4be1-11ea-bd18-b88a60e194fb-1-ps,crmid:9930565260,4,Platinum Card,4,Auto Loan
31ba4612-4be1-11ea-bc67-b88a60e194fb-1-ps,crmid:5639406149,5,Dividend Card,4,Personal Loan
31bba474-4be1-11ea-b772-b88a60e194fb-1-ps,crmid:5135477839,4,Platinum Card,9,Personal Loan
31bcdcd0-4be1-11ea-a9c2-b88a60e194fb-1-ps,crmid:2669994339,5,Rewards Card,3,Auto Loan
31be16ae-4be1-11ea-8a95-b88a60e194fb-1-ps,crmid:7731879799,3,Student Card,5,Auto Loan
31bed9c8-4be1-11ea-b9f9-b88a60e194fb-1-ps,crmid:9833893545,4,Student Card,3,Student Loan
31bf9dfa-4be1-11ea-9081-b88a60e194fb-1-ps,crmid:3758958010,2,Travel Card,4,Auto Loan
31c0613e-4be1-11ea-9616-b88a60e194fb-1-ps,crmid:2289836984,6,Simplicity Card,4,Student Loan
31d261fa-4be1-11ea-ac4a-b88a60e194fb-1-ps,crmid:8966379945,3,Student Card,2,Personal Loan
31d32534-4be1-11ea-a62d-b88a60e194fb-1-ps,crmid:3472761023,2,Travel Card,8,Student Loan
31d40e8a-4be1-11ea-8906-b88a60e194fb-1-ps,crmid:2292297147,5,Rewards Card,6,Personal Loan
31d4f8c0-4be1-11ea-9325-b88a60e194fb-1-ps,crmid:2586054865,9,Travel Card,5,Personal Loan
31d5e31c-4be1-11ea-8197-b88a60e194fb-1-ps,crmid:6781271446,4,Travel Card,5,Personal Loan
31d6a65e-4be1-11ea-b0a0-b88a60e194fb-1-ps,crmid:1037562563,3,Simplicity Card,7,Personal Loan
31d769ba-4be1-11ea-bb37-b88a60e194fb-1-ps,crmid:9605649187,4,Business Card,4,Auto Loan
31e8a7ae-4be1-11ea-83f8-b88a60e194fb-1-ps,crmid:9971060353,4,Dividend Card,5,Personal Loan
31e991f4-4be1-11ea-b3a0-b88a60e194fb-1-ps,crmid:1460581608,4,Travel Card,5,Personal Loan
31ea7ccc-4be1-11ea-9696-b88a60e194fb-1-ps,crmid:7837376067,6,Dividend Card,3,Auto Loan
31eb3f9e-4be1-11ea-b168-b88a60e194fb-1-ps,crmid:2449706994,5,Business Card,3,Personal Loan
31ec511a-4be1-11ea-a087-b88a60e194fb-1-ps,crmid:4660737936,5,Student Card,3,Auto Loan
31ed1466-4be1-11ea-9288-b88a60e194fb-1-ps,crmid:3754753816,4,Simplicity Card,6,Auto Loan
31ee4cf4-4be1-11ea-8316-b88a60e194fb-1-ps,crmid:8414066210,5,Platinum Card,3,Business Loan
32004e5c-4be1-11ea-922f-b88a60e194fb-1-ps,crmid:2023163387,2,Student Card,3,Student Loan
320111c2-4be1-11ea-9d1c-b88a60e194fb-1-ps,crmid:5197307195,5,Platinum Card,3,Auto Loan
3201fc1c-4be1-11ea-9b44-b88a60e194fb-1-ps,crmid:3191209940,4,Simplicity Card,4,Auto Loan
3202bf6e-4be1-11ea-b51f-b88a60e194fb-1-ps,crmid:9533390798,6,Business Card,3,Auto Loan
3203a9c2-4be1-11ea-896d-b88a60e194fb-1-ps,crmid:2884827644,5,Student Card,3,Business Loan
32044608-4be1-11ea-b98a-b88a60e194fb-1-ps,crmid:6450359416,3,Platinum Card,4,Student Loan
32050954-4be1-11ea-a7bb-b88a60e194fb-1-ps,crmid:6513273158,4,Business Card,4,Personal Loan
32169562-4be1-11ea-a2b7-b88a60e194fb-1-ps,crmid:4638311983,2,Travel Card,5,Auto Loan
321758a6-4be1-11ea-91a7-b88a60e194fb-1-ps,crmid:9388111117,5,Rewards Card,3,Auto Loan
32181df8-4be1-11ea-b71d-b88a60e194fb-1-ps,crmid:7673532038,3,Rewards Card,3,Personal Loan
32190780-4be1-11ea-a91f-b88a60e194fb-1-ps,crmid:5877479414,6,Rewards Card,5,Business Loan
3219cae8-4be1-11ea-bb39-b88a60e194fb-1-ps,crmid:7376432379,3,Simplicity Card,4,Student Loan
321a674c-4be1-11ea-8e91-b88a60e194fb-1-ps,crmid:5541623646,4,Student Card,5,Business Loan
321b77f4-4be1-11ea-9804-b88a60e194fb-1-ps,crmid:2231936741,5,Travel Card,4,Auto Loan
322d2bfa-4be1-11ea-8a10-b88a60e194fb-1-ps,crmid:8492050567,5,Platinum Card,3,Student Loan
322def58-4be1-11ea-a350-b88a60e194fb-1-ps,crmid:9515148780,4,Business Card,4,Business Loan
322eb138-4be1-11ea-ae8e-b88a60e194fb-1-ps,crmid:1092639516,4,Platinum Card,7,Personal Loan
322fc2b8-4be1-11ea-87ac-b88a60e194fb-1-ps,crmid:2953637402,5,Simplicity Card,5,Auto Loan
323086ae-4be1-11ea-b427-b88a60e194fb-1-ps,crmid:9035381578,4,Rewards Card,2,Personal Loan
32314a9c-4be1-11ea-8f8a-b88a60e194fb-1-ps,crmid:4842625887,3,Platinum Card,5,Personal Loan
32320de8-4be1-11ea-9f28-b88a60e194fb-1-ps,crmid:2948286622,3,Platinum Card,4,Student Loan
3243e6e8-4be1-11ea-8e63-b88a60e194fb-1-ps,crmid:6654949747,3,Simplicity Card,4,Auto Loan
3244ab9c-4be1-11ea-b3d7-b88a60e194fb-1-ps,crmid:1962084776,5,Dividend Card,4,Auto Loan
32456eda-4be1-11ea-a9d7-b88a60e194fb-1-ps,crmid:5350131258,4,Business Card,3,Student Loan
324659b0-4be1-11ea-8b81-b88a60e194fb-1-ps,crmid:1322879732,2,Student Card,5,Personal Loan
3247423e-4be1-11ea-80f7-b88a60e194fb-1-ps,crmid:1553975657,4,Dividend Card,4,Auto Loan
3247dfd8-4be1-11ea-adcb-b88a60e194fb-1-ps,crmid:9547577727,3,Dividend Card,3,Personal Loan
3248a324-4be1-11ea-82c4-b88a60e194fb-1-ps,crmid:1333168339,4,Travel Card,6,Personal Loan
325ca018-4be1-11ea-9f3d-b88a60e194fb-1-ps,crmid:4381501066,3,Dividend Card,5,Auto Loan
325d638a-4be1-11ea-93bd-b88a60e194fb-1-ps,crmid:7536306412,4,Business Card,7,Personal Loan
325e27da-4be1-11ea-a1f7-b88a60e194fb-1-ps,crmid:8213891865,5,Student Card,5,Student Loan
325f1014-4be1-11ea-b5ff-b88a60e194fb-1-ps,crmid:3580621091,7,Travel Card,7,Auto Loan
325fd33e-4be1-11ea-9b14-b88a60e194fb-1-ps,crmid:4375953550,7,Dividend Card,4,Personal Loan
3260beee-4be1-11ea-bfe7-b88a60e194fb-1-ps,crmid:9892961760,8,Dividend Card,5,Business Loan
32618246-4be1-11ea-b444-b88a60e194fb-1-ps,crmid:6038105685,4,Platinum Card,4,Student Loan
3273a94c-4be1-11ea-9880-b88a60e194fb-1-ps,crmid:3548917814,3,Dividend Card,5,Auto Loan
32746c8c-4be1-11ea-a1e7-b88a60e194fb-1-ps,crmid:7203303701,5,Student Card,3,Auto Loan
32752fec-4be1-11ea-b0f5-b88a60e194fb-1-ps,crmid:3403177009,3,Rewards Card,8,Business Loan
3275f33a-4be1-11ea-8df6-b88a60e194fb-1-ps,crmid:7639238027,5,Rewards Card,5,Business Loan
3276dd9c-4be1-11ea-a568-b88a60e194fb-1-ps,crmid:7353984277,9,Business Card,4,Student Loan
3277c800-4be1-11ea-b3bb-b88a60e194fb-1-ps,crmid:4896497072,5,Student Card,4,Business Loan
3278b25a-4be1-11ea-bddb-b88a60e194fb-1-ps,crmid:6152624560,3,Business Card,8,Personal Loan
328b502c-4be1-11ea-9a9b-b88a60e194fb-1-ps,crmid:8593962560,3,Student Card,4,Personal Loan
328c1452-4be1-11ea-8a3f-b88a60e194fb-1-ps,crmid:7417513689,4,Dividend Card,6,Personal Loan
328cd7d4-4be1-11ea-a8a2-b88a60e194fb-1-ps,crmid:6464603033,4,Student Card,5,Student Loan
328dc23a-4be1-11ea-9e18-b88a60e194fb-1-ps,crmid:5232147925,5,Travel Card,5,Auto Loan
328e85ae-4be1-11ea-b117-b88a60e194fb-1-ps,crmid:1798362686,5,Business Card,4,Auto Loan
328f6f10-4be1-11ea-80e3-b88a60e194fb-1-ps,crmid:8137420943,4,Platinum Card,3,Personal Loan
32908068-4be1-11ea-982f-b88a60e194fb-1-ps,crmid:2849291170,3,Simplicity Card,3,Business Loan
32a2a8e4-4be1-11ea-bf7b-b88a60e194fb-1-ps,crmid:7041223471,4,Travel Card,6,Personal Loan
32a36cf6-4be1-11ea-b7c3-b88a60e194fb-1-ps,crmid:7774473467,5,Student Card,3,Personal Loan
32a43548-4be1-11ea-9505-b88a60e194fb-1-ps,crmid:6647781752,5,Travel Card,6,Personal Loan
32a4f3d0-4be1-11ea-a8c8-b88a60e194fb-1-ps,crmid:3212967611,5,Rewards Card,7,Personal Loan
32a5b640-4be1-11ea-b2b3-b88a60e194fb-1-ps,crmid:5582365375,2,Simplicity Card,8,Business Loan
32a6a1d8-4be1-11ea-a533-b88a60e194fb-1-ps,crmid:9851400664,4,Rewards Card,4,Personal Loan
32a78a80-4be1-11ea-b2d7-b88a60e194fb-1-ps,crmid:3212472922,3,Simplicity Card,4,Personal Loan
32ba4f1e-4be1-11ea-85e7-b88a60e194fb-1-ps,crmid:8635348449,5,Travel Card,4,Personal Loan
32bb1318-4be1-11ea-b40a-b88a60e194fb-1-ps,crmid:3326796809,9,Simplicity Card,4,Business Loan
32bbfcc8-4be1-11ea-9b28-b88a60e194fb-1-ps,crmid:5991712316,3,Simplicity Card,2,Personal Loan
32bcc01a-4be1-11ea-8170-b88a60e194fb-1-ps,crmid:9155931197,5,Rewards Card,5,Personal Loan
32bd5c5a-4be1-11ea-8b8b-b88a60e194fb-1-ps,crmid:5454585664,2,Platinum Card,4,Personal Loan
32be46ae-4be1-11ea-a1a2-b88a60e194fb-1-ps,crmid:5543973244,4,Dividend Card,3,Personal Loan
32bee2fe-4be1-11ea-91ba-b88a60e194fb-1-ps,crmid:8469899679,3,Rewards Card,3,Auto Loan
32d1808a-4be1-11ea-9dc0-b88a60e194fb-1-ps,crmid:2185492450,4,Dividend Card,9,Personal Loan
32d26b08-4be1-11ea-b5e2-b88a60e194fb-1-ps,crmid:4186587329,4,Business Card,8,Student Loan
32d355f8-4be1-11ea-a581-b88a60e194fb-1-ps,crmid:5960025155,7,Dividend Card,3,Personal Loan
32d4189c-4be1-11ea-a9c0-b88a60e194fb-1-ps,crmid:7576355807,5,Travel Card,4,Personal Loan
32d4dc94-4be1-11ea-9bf1-b88a60e194fb-1-ps,crmid:3191209940,4,Travel Card,8,Personal Loan
32d5c710-4be1-11ea-a973-b88a60e194fb-1-ps,crmid:8303849356,1,Business Card,2,Business Loan
32d66292-4be1-11ea-9426-b88a60e194fb-1-ps,crmid:3003214790,5,Platinum Card,3,Business Loan
32e9eb64-4be1-11ea-810c-b88a60e194fb-1-ps,crmid:6526563688,2,Rewards Card,4,Auto Loan
32ead7e4-4be1-11ea-b09e-b88a60e194fb-1-ps,crmid:7727871101,10,Simplicity Card,3,Business Loan
32ec34b6-4be1-11ea-a71c-b88a60e194fb-1-ps,crmid:1076938331,5,Rewards Card,3,Auto Loan
32ed480a-4be1-11ea-9dd6-b88a60e194fb-1-ps,crmid:9753787665,2,Travel Card,6,Student Loan
32ee308c-4be1-11ea-a562-b88a60e194fb-1-ps,crmid:9900253820,3,Rewards Card,3,Auto Loan
32ef41e6-4be1-11ea-b954-b88a60e194fb-1-ps,crmid:6496469010,2,Student Card,7,Business Loan
32f006c2-4be1-11ea-904a-b88a60e194fb-1-ps,crmid:7417513689,3,Business Card,4,Business Loan
33038d40-4be1-11ea-b074-b88a60e194fb-1-ps,crmid:2998701455,3,Platinum Card,4,Student Loan
3304506e-4be1-11ea-b2a0-b88a60e194fb-1-ps,crmid:3323937378,5,Rewards Card,5,Student Loan
33053adc-4be1-11ea-ac12-b88a60e194fb-1-ps,crmid:9266993324,3,Travel Card,5,Personal Loan
3305fe62-4be1-11ea-a165-b88a60e194fb-1-ps,crmid:3140017623,5,Dividend Card,4,Personal Loan
3306e9e2-4be1-11ea-b28c-b88a60e194fb-1-ps,crmid:6633860942,4,Platinum Card,7,Business Loan
3307abc8-4be1-11ea-b7ec-b88a60e194fb-1-ps,crmid:5324115634,5,Rewards Card,5,Student Loan
3308978c-4be1-11ea-a50b-b88a60e194fb-1-ps,crmid:6703561157,4,Travel Card,2,Personal Loan
331b81c6-4be1-11ea-b757-b88a60e194fb-1-ps,crmid:3845820051,8,Simplicity Card,4,Personal Loan
331c4518-4be1-11ea-aba8-b88a60e194fb-1-ps,crmid:2622460937,4,Travel Card,5,Personal Loan
331d569a-4be1-11ea-a566-b88a60e194fb-1-ps,crmid:7679245615,3,Platinum Card,5,Business Loan
331eb646-4be1-11ea-a0c1-b88a60e194fb-1-ps,crmid:3275998414,3,Travel Card,4,Auto Loan
331f7982-4be1-11ea-a750-b88a60e194fb-1-ps,crmid:4784775551,5,Business Card,3,Personal Loan
33208ae8-4be1-11ea-b3b3-b88a60e194fb-1-ps,crmid:6513364559,8,Business Card,4,Business Loan
33219c3e-4be1-11ea-9176-b88a60e194fb-1-ps,crmid:5481267276,4,Simplicity Card,4,Personal Loan
3334d628-4be1-11ea-b9bc-b88a60e194fb-1-ps,crmid:5890476335,4,Rewards Card,3,Auto Loan
33357364-4be1-11ea-8a5c-b88a60e194fb-1-ps,crmid:9634087992,4,Platinum Card,4,Personal Loan
333636f6-4be1-11ea-905b-b88a60e194fb-1-ps,crmid:9866284543,8,Dividend Card,3,Personal Loan
3336fa58-4be1-11ea-bb0a-b88a60e194fb-1-ps,crmid:6048561493,5,Student Card,5,Student Loan
3337e35e-4be1-11ea-9382-b88a60e194fb-1-ps,crmid:6728111920,5,Simplicity Card,4,Personal Loan
3338a6ac-4be1-11ea-b9ba-b88a60e194fb-1-ps,crmid:6693779270,3,Platinum Card,3,Personal Loan
33396a80-4be1-11ea-8988-b88a60e194fb-1-ps,crmid:2428006622,4,Travel Card,5,Personal Loan
334cf1e6-4be1-11ea-bd5e-b88a60e194fb-1-ps,crmid:8581625530,4,Simplicity Card,3,Auto Loan
334db52e-4be1-11ea-814b-b88a60e194fb-1-ps,crmid:7774621616,2,Simplicity Card,9,Personal Loan
334e788c-4be1-11ea-bd5d-b88a60e194fb-1-ps,crmid:7618655758,9,Business Card,3,Personal Loan
334f62f4-4be1-11ea-a1f1-b88a60e194fb-1-ps,crmid:5205541845,2,Dividend Card,3,Personal Loan
3350263a-4be1-11ea-9cf3-b88a60e194fb-1-ps,crmid:7453006450,5,Rewards Card,3,Personal Loan
3350e980-4be1-11ea-8513-b88a60e194fb-1-ps,crmid:7142512594,4,Travel Card,4,Business Loan
3351faf6-4be1-11ea-aa2f-b88a60e194fb-1-ps,crmid:5793878002,4,Dividend Card,6,Personal Loan
3366948c-4be1-11ea-b936-b88a60e194fb-1-ps,crmid:7072494160,4,Travel Card,4,Student Loan
3367ccec-4be1-11ea-b546-b88a60e194fb-1-ps,crmid:5890476335,4,Business Card,4,Auto Loan
33689036-4be1-11ea-a324-b88a60e194fb-1-ps,crmid:4316406729,5,Dividend Card,5,Personal Loan
3369a1a8-4be1-11ea-8fc0-b88a60e194fb-1-ps,crmid:5129436066,4,Dividend Card,9,Personal Loan
336a6506-4be1-11ea-9b5e-b88a60e194fb-1-ps,crmid:5400043391,3,Rewards Card,3,Auto Loan
336b2848-4be1-11ea-bbe2-b88a60e194fb-1-ps,crmid:4020902391,6,Platinum Card,4,Student Loan
336beb86-4be1-11ea-8cf3-b88a60e194fb-1-ps,crmid:1607071725,3,Business Card,0,Student Loan
337f7500-4be1-11ea-a8d5-b88a60e194fb-1-ps,crmid:6502098890,4,Rewards Card,5,Business Loan
3380385a-4be1-11ea-9b0b-b88a60e194fb-1-ps,crmid:9480911652,5,Business Card,5,Personal Loan
3380d480-4be1-11ea-a0d1-b88a60e194fb-1-ps,crmid:3179520571,4,Student Card,3,Auto Loan
3381e49e-4be1-11ea-b9d6-b88a60e194fb-1-ps,crmid:2442653245,4,Business Card,4,Business Loan
3382cfcc-4be1-11ea-b693-b88a60e194fb-1-ps,crmid:5875859190,4,Student Card,6,Personal Loan
33839266-4be1-11ea-a9a2-b88a60e194fb-1-ps,crmid:7697238871,3,Rewards Card,3,Personal Loan
3384cb12-4be1-11ea-8d97-b88a60e194fb-1-ps,crmid:8731822394,3,Rewards Card,4,Business Loan
339b134a-4be1-11ea-956b-b88a60e194fb-1-ps,crmid:2245530442,5,Platinum Card,2,Business Loan
339bd67a-4be1-11ea-85b8-b88a60e194fb-1-ps,crmid:6415475552,5,Dividend Card,4,Personal Loan
339c72c6-4be1-11ea-93fb-b88a60e194fb-1-ps,crmid:1853432647,5,Student Card,3,Business Loan
339d5d82-4be1-11ea-ac94-b88a60e194fb-1-ps,crmid:3845820051,5,Student Card,5,Business Loan
339e477e-4be1-11ea-9c50-b88a60e194fb-1-ps,crmid:6857094862,3,Dividend Card,4,Auto Loan
339f0ada-4be1-11ea-9e31-b88a60e194fb-1-ps,crmid:8544582078,5,Simplicity Card,5,Student Loan
339fccc6-4be1-11ea-a912-b88a60e194fb-1-ps,crmid:1615221869,3,Rewards Card,9,Personal Loan
33b46652-4be1-11ea-9355-b88a60e194fb-1-ps,crmid:7251205065,4,Dividend Card,3,Auto Loan
33b551a8-4be1-11ea-93a4-b88a60e194fb-1-ps,crmid:6138744447,3,Platinum Card,3,Personal Loan
33b63aec-4be1-11ea-a6c7-b88a60e194fb-1-ps,crmid:7340302610,4,Rewards Card,3,Personal Loan
33b79a8a-4be1-11ea-ae61-b88a60e194fb-1-ps,crmid:7121329177,3,Rewards Card,4,Personal Loan
33b884dc-4be1-11ea-8504-b88a60e194fb-1-ps,crmid:8372130579,7,Business Card,4,Personal Loan
33b949ae-4be1-11ea-96c4-b88a60e194fb-1-ps,crmid:1305520423,4,Business Card,4,Auto Loan
33ba33f8-4be1-11ea-9ba5-b88a60e194fb-1-ps,crmid:9449854807,8,Travel Card,5,Auto Loan
33ce57e6-4be1-11ea-8037-b88a60e194fb-1-ps,crmid:3366090648,7,Platinum Card,4,Auto Loan
33cf1a38-4be1-11ea-8a9e-b88a60e194fb-1-ps,crmid:3065269692,8,Dividend Card,4,Personal Loan
33d0047a-4be1-11ea-929b-b88a60e194fb-1-ps,crmid:7078163531,2,Dividend Card,4,Student Loan
33d0c7c0-4be1-11ea-88bb-b88a60e194fb-1-ps,crmid:4750714372,4,Platinum Card,4,Personal Loan
33d18b36-4be1-11ea-90a1-b88a60e194fb-1-ps,crmid:5529278670,3,Simplicity Card,9,Personal Loan
33d24e86-4be1-11ea-8d8f-b88a60e194fb-1-ps,crmid:5203748723,3,Simplicity Card,5,Personal Loan
33d311da-4be1-11ea-86ae-b88a60e194fb-1-ps,crmid:4114543274,5,Platinum Card,4,Auto Loan
33e7f938-4be1-11ea-9d66-b88a60e194fb-1-ps,crmid:7432205528,3,Platinum Card,4,Personal Loan
33e8bde4-4be1-11ea-a6d7-b88a60e194fb-1-ps,crmid:3712285816,5,Simplicity Card,7,Personal Loan
33e9818a-4be1-11ea-afa3-b88a60e194fb-1-ps,crmid:6166694707,3,Business Card,5,Business Loan
33ea6b08-4be1-11ea-9139-b88a60e194fb-1-ps,crmid:7541133574,9,Simplicity Card,4,Personal Loan
33eb2ef0-4be1-11ea-b00b-b88a60e194fb-1-ps,crmid:3383399819,4,Travel Card,4,Student Loan
33ebf0ee-4be1-11ea-bb44-b88a60e194fb-1-ps,crmid:5962159421,5,Student Card,2,Student Loan
33ecb564-4be1-11ea-b5e7-b88a60e194fb-1-ps,crmid:2389946664,6,Rewards Card,8,Personal Loan
34019d64-4be1-11ea-b855-b88a60e194fb-1-ps,crmid:5153593690,5,Student Card,5,Personal Loan
34023946-4be1-11ea-9e8f-b88a60e194fb-1-ps,crmid:4485101575,2,Simplicity Card,8,Business Loan
3402fc94-4be1-11ea-ac44-b88a60e194fb-1-ps,crmid:2394835971,6,Simplicity Card,2,Personal Loan
34040e02-4be1-11ea-94d5-b88a60e194fb-1-ps,crmid:1740489326,5,Business Card,3,Student Loan
3404d154-4be1-11ea-8c81-b88a60e194fb-1-ps,crmid:5230842558,4,Travel Card,9,Auto Loan
3405935c-4be1-11ea-a27b-b88a60e194fb-1-ps,crmid:1657102668,5,Platinum Card,8,Business Loan
34067dd0-4be1-11ea-91b1-b88a60e194fb-1-ps,crmid:8198327505,2,Business Card,4,Business Loan
341bdbdc-4be1-11ea-af10-b88a60e194fb-1-ps,crmid:8570219096,8,Business Card,3,Business Loan
341c9dd4-4be1-11ea-bcce-b88a60e194fb-1-ps,crmid:9433446480,6,Travel Card,5,Personal Loan
341dd650-4be1-11ea-b670-b88a60e194fb-1-ps,crmid:1893079335,3,Platinum Card,3,Personal Loan
341f35cc-4be1-11ea-a60a-b88a60e194fb-1-ps,crmid:9607357416,2,Simplicity Card,5,Personal Loan
34206e8c-4be1-11ea-9b95-b88a60e194fb-1-ps,crmid:3643898002,6,Rewards Card,5,Personal Loan
342158ec-4be1-11ea-9cc3-b88a60e194fb-1-ps,crmid:2844172103,3,Platinum Card,3,Student Loan
34221c1a-4be1-11ea-b4f8-b88a60e194fb-1-ps,crmid:2788718687,3,Platinum Card,3,Auto Loan
3436b558-4be1-11ea-a36a-b88a60e194fb-1-ps,crmid:3263914704,4,Platinum Card,9,Auto Loan
34377898-4be1-11ea-b55a-b88a60e194fb-1-ps,crmid:7431426824,5,Business Card,5,Student Loan
34383bec-4be1-11ea-b578-b88a60e194fb-1-ps,crmid:6811066925,9,Simplicity Card,4,Personal Loan
3439264c-4be1-11ea-9401-b88a60e194fb-1-ps,crmid:4278878820,5,Business Card,3,Personal Loan
3439e99e-4be1-11ea-a2c5-b88a60e194fb-1-ps,crmid:6017519324,4,Platinum Card,4,Auto Loan
343aace8-4be1-11ea-8b04-b88a60e194fb-1-ps,crmid:1202111943,4,Dividend Card,3,Auto Loan
343bbed0-4be1-11ea-8451-b88a60e194fb-1-ps,crmid:2383682840,4,Travel Card,3,Personal Loan
34527ac8-4be1-11ea-bed5-b88a60e194fb-1-ps,crmid:4704649758,4,Business Card,5,Business Loan
34533e80-4be1-11ea-aa89-b88a60e194fb-1-ps,crmid:7163448352,4,Dividend Card,5,Personal Loan
34540266-4be1-11ea-8185-b88a60e194fb-1-ps,crmid:2292173165,5,Student Card,3,Student Loan
3454c4ec-4be1-11ea-8465-b88a60e194fb-1-ps,crmid:9414750640,5,Platinum Card,5,Personal Loan
3455aefa-4be1-11ea-8591-b88a60e194fb-1-ps,crmid:4514877679,4,Business Card,3,Personal Loan
3456724c-4be1-11ea-9bab-b88a60e194fb-1-ps,crmid:7464560775,5,Dividend Card,4,Auto Loan
345735c0-4be1-11ea-942c-b88a60e194fb-1-ps,crmid:3338477352,3,Travel Card,5,Business Loan
346bd018-4be1-11ea-9bec-b88a60e194fb-1-ps,crmid:7554194141,4,Platinum Card,4,Auto Loan
346c9278-4be1-11ea-9430-b88a60e194fb-1-ps,crmid:5819996505,5,Dividend Card,3,Personal Loan
346d55b6-4be1-11ea-baf1-b88a60e194fb-1-ps,crmid:6408226338,8,Business Card,5,Personal Loan
346e4002-4be1-11ea-8d24-b88a60e194fb-1-ps,crmid:2280485009,4,Dividend Card,6,Personal Loan
346f04b8-4be1-11ea-83a9-b88a60e194fb-1-ps,crmid:1265576185,3,Simplicity Card,2,Business Loan
346fc6ca-4be1-11ea-ac92-b88a60e194fb-1-ps,crmid:2987921825,4,Dividend Card,3,Auto Loan
34708b34-4be1-11ea-8771-b88a60e194fb-1-ps,crmid:2174642709,5,Travel Card,4,Personal Loan
348599ee-4be1-11ea-9ba6-b88a60e194fb-1-ps,crmid:5969938275,2,Dividend Card,2,Personal Loan
34865bdc-4be1-11ea-80f5-b88a60e194fb-1-ps,crmid:4669095505,5,Dividend Card,7,Business Loan
34874678-4be1-11ea-a018-b88a60e194fb-1-ps,crmid:7715414757,4,Simplicity Card,3,Business Loan
34880af4-4be1-11ea-a99a-b88a60e194fb-1-ps,crmid:7426117862,4,Dividend Card,7,Business Loan
3488ce3a-4be1-11ea-bba9-b88a60e194fb-1-ps,crmid:5540649151,4,Platinum Card,4,Personal Loan
34899148-4be1-11ea-81a9-b88a60e194fb-1-ps,crmid:7861831019,6,Student Card,5,Personal Loan
348a54e8-4be1-11ea-a3bf-b88a60e194fb-1-ps,crmid:7473411262,5,Dividend Card,3,Personal Loan
349eecdc-4be1-11ea-9068-b88a60e194fb-1-ps,crmid:1466780822,4,Student Card,5,Student Loan
349fb198-4be1-11ea-8104-b88a60e194fb-1-ps,crmid:8502514572,5,Student Card,4,Business Loan
34a07494-4be1-11ea-88cb-b88a60e194fb-1-ps,crmid:5487944157,6,Platinum Card,3,Personal Loan
34a15ebe-4be1-11ea-92b3-b88a60e194fb-1-ps,crmid:5165353644,6,Travel Card,4,Personal Loan
34a2229a-4be1-11ea-a2a6-b88a60e194fb-1-ps,crmid:2819058548,5,Student Card,4,Auto Loan
34a2e62c-4be1-11ea-8f68-b88a60e194fb-1-ps,crmid:6305968142,5,Platinum Card,4,Personal Loan
34a3a86e-4be1-11ea-9eb1-b88a60e194fb-1-ps,crmid:3045486368,4,Travel Card,5,Personal Loan
34b9c8fe-4be1-11ea-8850-b88a60e194fb-1-ps,crmid:2252171099,3,Dividend Card,3,Business Loan
34ba8c86-4be1-11ea-aa1c-b88a60e194fb-1-ps,crmid:4860561941,4,Student Card,4,Auto Loan
34bb4fd0-4be1-11ea-ba88-b88a60e194fb-1-ps,crmid:2195662355,4,Student Card,5,Student Loan
34bc6000-4be1-11ea-8103-b88a60e194fb-1-ps,crmid:7280093094,5,Student Card,8,Personal Loan
34bde6b4-4be1-11ea-9b81-b88a60e194fb-1-ps,crmid:2466688683,3,Travel Card,4,Business Loan
34bef81a-4be1-11ea-97f1-b88a60e194fb-1-ps,crmid:8642042993,5,Simplicity Card,3,Business Loan
34bfe26e-4be1-11ea-864b-b88a60e194fb-1-ps,crmid:5402857795,3,Simplicity Card,5,Auto Loan
34d5664a-4be1-11ea-bf14-b88a60e194fb-1-ps,crmid:8779340813,5,Student Card,4,Auto Loan
34d6025c-4be1-11ea-b772-b88a60e194fb-1-ps,crmid:3489570500,3,Business Card,3,Student Loan
34d6c734-4be1-11ea-b5a8-b88a60e194fb-1-ps,crmid:6404221929,4,Dividend Card,3,Personal Loan
34d78a4a-4be1-11ea-bbd6-b88a60e194fb-1-ps,crmid:2327770587,3,Platinum Card,8,Auto Loan
34d87376-4be1-11ea-9965-b88a60e194fb-1-ps,crmid:3919635916,3,Travel Card,4,Personal Loan
34d95ebe-4be1-11ea-869b-b88a60e194fb-1-ps,crmid:2003399524,4,Simplicity Card,3,Personal Loan
34da4814-4be1-11ea-9663-b88a60e194fb-1-ps,crmid:4448186499,6,Business Card,5,Business Loan
34f09092-4be1-11ea-b29c-b88a60e194fb-1-ps,crmid:7069841632,3,Rewards Card,4,Auto Loan
34f1529c-4be1-11ea-80c4-b88a60e194fb-1-ps,crmid:7507355408,4,Business Card,4,Personal Loan
34f23d00-4be1-11ea-8f37-b88a60e194fb-1-ps,crmid:5048856708,4,Student Card,4,Business Loan
34f30046-4be1-11ea-95a7-b88a60e194fb-1-ps,crmid:2571922029,3,Business Card,3,Auto Loan
