id,timestamp,crmid,orderid,prod_sku,prod_name,prod_category,prod_ownership,purchase_amt,units,currency_type,branchid
b2c03378-4c72-11ea-9108-b88a60e194fb-1,2020-01-25T11:42:42.000Z,crmid:7735548857,b2c03378-4c72-11ea-9108-b88a60e194fb,prd1115,Mortgage: VA,Mortgage,Personal,177019.45,1,USD,branchid:11058
b2c0f6b4-4c72-11ea-9919-b88a60e194fb-1,2020-01-13T05:31:17.000Z,crmid:2828674296,b2c0f6b4-4c72-11ea-9919-b88a60e194fb,prd1182,Brokerage Account,Investment,Personal,12815.38,1,USD,branchid:11044
b2c207a2-4c72-11ea-bd14-b88a60e194fb-1,2020-01-29T03:45:58.000Z,crmid:6927416959,b2c207a2-4c72-11ea-bd14-b88a60e194fb,prd1045,Mortgage: 10/1 ARM,Mortgage,Personal,20191.46,1,USD,branchid:11062
b2c2cbdc-4c72-11ea-a85c-b88a60e194fb-1,2020-01-10T05:58:26.000Z,crmid:5720686934,b2c2cbdc-4c72-11ea-a85c-b88a60e194fb,prd1061,Mortgage: 5/1 ARM,Mortgage,Personal,20924.41,1,USD,branchid:11043
b2c40392-4c72-11ea-ad55-b88a60e194fb-1,2020-01-19T07:03:09.000Z,crmid:8694023338,b2c40392-4c72-11ea-ad55-b88a60e194fb,prd1025,Brokerage Account,Investment,Personal,161354.68,1,USD,branchid:11132
b2c53bd0-4c72-11ea-9507-b88a60e194fb-1,2020-01-29T04:34:35.000Z,crmid:9917103825,b2c53bd0-4c72-11ea-9507-b88a60e194fb,prd1183,Fixed Deposit,Investment,Personal,14823.45,1,USD,branchid:11098
b2d652d8-4c72-11ea-a497-b88a60e194fb-1,2020-01-29T10:24:53.000Z,crmid:1798362686,b2d652d8-4c72-11ea-a497-b88a60e194fb,prd1078,Mortgage: 7/1 ARM,Mortgage,Personal,9713.31,1,USD,branchid:11139
b2d7643e-4c72-11ea-93fb-b88a60e194fb-1,2020-01-16T22:40:54.000Z,crmid:4616129720,b2d7643e-4c72-11ea-93fb-b88a60e194fb,prd1088,CDs: 1 year,Investment,Personal,14862.29,1,USD,branchid:11138
b2d875b4-4c72-11ea-9bbf-b88a60e194fb-1,2020-01-25T18:52:40.000Z,crmid:5992335512,b2d875b4-4c72-11ea-9bbf-b88a60e194fb,prd1155,CDs: 5 year,Investment,Personal,17147.62,1,USD,branchid:11150
b2d9fc66-4c72-11ea-ba77-b88a60e194fb-1,2020-01-25T03:30:38.000Z,crmid:2159649722,b2d9fc66-4c72-11ea-ba77-b88a60e194fb,prd1047,Mortgage: 10 yr Fixed,Mortgage,Personal,15086.46,1,USD,branchid:11078
b2db34d8-4c72-11ea-afcf-b88a60e194fb-1,2020-01-11T22:33:45.000Z,crmid:7119852407,b2db34d8-4c72-11ea-afcf-b88a60e194fb,prd1045,Mortgage: 10/1 ARM,Mortgage,Personal,18851.64,1,USD,branchid:11000
b2dc4640-4c72-11ea-8d94-b88a60e194fb-1,2020-01-17T07:16:03.000Z,crmid:6888510812,b2dc4640-4c72-11ea-8d94-b88a60e194fb,prd1167,Roth IRA,Retirement,Personal,10228.46,1,USD,branchid:11142
b2dd309a-4c72-11ea-b6f3-b88a60e194fb-1,2020-01-16T12:45:48.000Z,crmid:7798669935,b2dd309a-4c72-11ea-b6f3-b88a60e194fb,prd1037,Home Equity Loan,Mortgage,Personal,19459.65,1,USD,branchid:11011
b2ec99da-4c72-11ea-a6e6-b88a60e194fb-1,2020-01-30T13:18:14.000Z,crmid:6498088179,b2ec99da-4c72-11ea-a6e6-b88a60e194fb,prd1153,CDs: 1 year,Investment,Personal,17491.19,1,USD,branchid:11020
b2ee4790-4c72-11ea-b5d0-b88a60e194fb-1,2020-01-28T13:49:34.000Z,crmid:4471815762,b2ee4790-4c72-11ea-b5d0-b88a60e194fb,prd1186,Money Market,Investment,Personal,133357.83,1,USD,branchid:11132
b2ef31fa-4c72-11ea-a321-b88a60e194fb-1,2020-01-02T03:20:35.000Z,crmid:5135477839,b2ef31fa-4c72-11ea-a321-b88a60e194fb,prd1028,CDs: 1 year,Investment,Personal,273687.64,1,USD,branchid:11005
b2f0918a-4c72-11ea-a223-b88a60e194fb-1,2020-01-17T09:23:07.000Z,crmid:5562300407,b2f0918a-4c72-11ea-a223-b88a60e194fb,prd1064,CDs: 3 month,Investment,Personal,15753.13,1,USD,branchid:11118
b2f1a2e4-4c72-11ea-b2e8-b88a60e194fb-1,2020-01-31T04:22:36.000Z,crmid:7413144474,b2f1a2e4-4c72-11ea-b2e8-b88a60e194fb,prd1088,CDs: 1 year,Investment,Personal,17665.85,1,USD,branchid:11007
b2f30292-4c72-11ea-9891-b88a60e194fb-1,2020-01-15T00:35:52.000Z,crmid:1220036846,b2f30292-4c72-11ea-9891-b88a60e194fb,prd1117,Brokerage Account,Investment,Personal,237743.23,1,USD,branchid:11089
b2f3ecd4-4c72-11ea-bc09-b88a60e194fb-1,2020-01-11T01:05:57.000Z,crmid:9838962230,b2f3ecd4-4c72-11ea-bc09-b88a60e194fb,prd1034,Home Equity Loan,Mortgage,Personal,205889.22,1,USD,branchid:11046
b30244a4-4c72-11ea-9df8-b88a60e194fb-1,2020-01-23T20:34:50.000Z,crmid:7045343890,b30244a4-4c72-11ea-9df8-b88a60e194fb,prd1049,Business Brokerage Account,Investment,Business,203453.16,1,USD,branchid:11019
b3032f34-4c72-11ea-8d78-b88a60e194fb-1,2020-01-22T06:46:48.000Z,crmid:6396730317,b3032f34-4c72-11ea-8d78-b88a60e194fb,prd1139,Employee Stock Purchase Plans,Investment,Personal,15872.4,1,USD,branchid:11064
b30467d2-4c72-11ea-a03b-b88a60e194fb-1,2020-01-20T06:58:07.000Z,crmid:5013765832,b30467d2-4c72-11ea-a03b-b88a60e194fb,prd1061,Mortgage: 5/1 ARM,Mortgage,Personal,155884.12,1,USD,branchid:11026
b305791e-4c72-11ea-9333-b88a60e194fb-1,2020-01-05T18:11:53.000Z,crmid:5635545323,b305791e-4c72-11ea-9333-b88a60e194fb,prd1062,Mortgage: VA,Mortgage,Personal,180455.66,1,USD,branchid:11147
b306b1b0-4c72-11ea-8bda-b88a60e194fb-1,2020-01-04T23:03:14.000Z,crmid:2107547166,b306b1b0-4c72-11ea-8bda-b88a60e194fb,prd1111,Pension Account,Retirement,Personal,17142.02,1,USD,branchid:11001
b307c31c-4c72-11ea-8ec9-b88a60e194fb-1,2020-01-10T17:26:36.000Z,crmid:5027751934,b307c31c-4c72-11ea-8ec9-b88a60e194fb,prd1144,Home Equity Loan,Mortgage,Personal,11374.75,1,USD,branchid:11095
b3085f54-4c72-11ea-9d97-b88a60e194fb-1,2020-01-06T11:45:38.000Z,crmid:5318692822,b3085f54-4c72-11ea-9d97-b88a60e194fb,prd1186,Money Market,Investment,Personal,116602.46,1,USD,branchid:11111
b3164212-4c72-11ea-b0ac-b88a60e194fb-1,2020-01-31T04:19:43.000Z,crmid:8002643536,b3164212-4c72-11ea-b0ac-b88a60e194fb,prd1157,Brokerage Account,Investment,Personal,17947.05,1,USD,branchid:11046
b317539c-4c72-11ea-9579-b88a60e194fb-1,2020-01-18T22:55:06.000Z,crmid:3224389889,b317539c-4c72-11ea-9579-b88a60e194fb,prd1025,Brokerage Account,Investment,Personal,205446.93,1,USD,branchid:11066
b3183da4-4c72-11ea-9bbc-b88a60e194fb-1,2020-01-26T14:23:36.000Z,crmid:9059609445,b3183da4-4c72-11ea-9bbc-b88a60e194fb,prd1150,Money Market,Investment,Personal,246819.31,1,USD,branchid:11062
b3194f68-4c72-11ea-88f3-b88a60e194fb-1,2020-01-15T15:07:18.000Z,crmid:5521858871,b3194f68-4c72-11ea-88f3-b88a60e194fb,prd1073,Business Brokerage Account,Investment,Business,200489.22,1,USD,branchid:11066
b31a6092-4c72-11ea-b648-b88a60e194fb-1,2020-01-04T09:38:40.000Z,crmid:2478268241,b31a6092-4c72-11ea-b648-b88a60e194fb,prd1123,Mortgage: 10 yr Fixed,Mortgage,Personal,132841.47,1,USD,branchid:11034
b31b9974-4c72-11ea-ab86-b88a60e194fb-1,2020-01-07T18:48:47.000Z,crmid:3936891534,b31b9974-4c72-11ea-ab86-b88a60e194fb,prd1174,Traditional IRA,Retirement,Personal,13927.18,1,USD,branchid:11024
b31c835c-4c72-11ea-81b8-b88a60e194fb-1,2020-01-05T14:58:50.000Z,crmid:2146321347,b31c835c-4c72-11ea-81b8-b88a60e194fb,prd1027,Mortgage: 30-yr Fixed,Mortgage,Personal,116805.42,1,USD,branchid:11074
b329a2be-4c72-11ea-a005-b88a60e194fb-1,2020-01-24T21:00:37.000Z,crmid:8725372969,b329a2be-4c72-11ea-a005-b88a60e194fb,prd1042,Roth IRA,Retirement,Personal,14163.67,1,USD,branchid:11116
b32b296c-4c72-11ea-b9e3-b88a60e194fb-1,2020-01-26T09:05:08.000Z,crmid:3555308237,b32b296c-4c72-11ea-b9e3-b88a60e194fb,prd1068,Mortgage: 7/1 ARM,Mortgage,Personal,191498.37,1,USD,branchid:11011
b32c62ae-4c72-11ea-ab9d-b88a60e194fb-1,2020-01-21T18:31:46.000Z,crmid:8457174104,b32c62ae-4c72-11ea-ab9d-b88a60e194fb,prd1049,Business Brokerage Account,Investment,Business,16845.66,1,USD,branchid:11122
b32de8ba-4c72-11ea-b117-b88a60e194fb-1,2020-01-26T07:14:19.000Z,crmid:6103165144,b32de8ba-4c72-11ea-b117-b88a60e194fb,prd1047,Mortgage: 10 yr Fixed,Mortgage,Personal,200485.04,1,USD,branchid:11036
b32f210a-4c72-11ea-abaf-b88a60e194fb-1,2020-01-10T18:58:57.000Z,crmid:4927911588,b32f210a-4c72-11ea-abaf-b88a60e194fb,prd1008,Traditional IRA,Retirement,Personal,17820.66,1,USD,branchid:11018
b3303268-4c72-11ea-973a-b88a60e194fb-1,2020-01-21T19:50:21.000Z,crmid:2137076921,b3303268-4c72-11ea-973a-b88a60e194fb,prd1159,CDs: 3 month,Investment,Personal,3257093.06,1,USD,branchid:11037
b3311d18-4c72-11ea-9cc6-b88a60e194fb-1,2020-01-06T09:49:52.000Z,crmid:1370389877,b3311d18-4c72-11ea-9cc6-b88a60e194fb,prd1129,Mortgage: 10/1 ARM,Mortgage,Personal,13164.82,1,USD,branchid:11093
b33f9bfa-4c72-11ea-8507-b88a60e194fb-1,2020-01-15T17:10:54.000Z,crmid:4713295861,b33f9bfa-4c72-11ea-8507-b88a60e194fb,prd1154,Mortgage: 30-yr Fixed,Mortgage,Personal,15358.12,1,USD,branchid:11091
b340869a-4c72-11ea-9b3a-b88a60e194fb-1,2020-01-01T15:24:20.000Z,crmid:2597266050,b340869a-4c72-11ea-9b3a-b88a60e194fb,prd1025,Brokerage Account,Investment,Personal,305757.72,1,USD,branchid:11105
b3419790-4c72-11ea-8af4-b88a60e194fb-1,2020-01-13T12:30:01.000Z,crmid:9567790703,b3419790-4c72-11ea-8af4-b88a60e194fb,prd1056,CDs: 5 year,Investment,Personal,17445.71,1,USD,branchid:11149
b342a96e-4c72-11ea-835b-b88a60e194fb-1,2020-01-18T22:54:28.000Z,crmid:1724574974,b342a96e-4c72-11ea-835b-b88a60e194fb,prd1153,CDs: 1 year,Investment,Personal,14002.33,1,USD,branchid:11007
b3436c4a-4c72-11ea-b928-b88a60e194fb-1,2020-01-22T08:03:08.000Z,crmid:4737297046,b3436c4a-4c72-11ea-b928-b88a60e194fb,prd1176,Overseas Equity Fund,Investment,Personal,4053615.78,1,USD,branchid:11044
b34456e6-4c72-11ea-bc98-b88a60e194fb-1,2020-01-28T21:56:15.000Z,crmid:5682090018,b34456e6-4c72-11ea-bc98-b88a60e194fb,prd1114,CDs: 3 month,Investment,Personal,239048.38,1,USD,branchid:11116
b3454100-4c72-11ea-84d8-b88a60e194fb-1,2020-01-12T06:51:37.000Z,crmid:7856464169,b3454100-4c72-11ea-84d8-b88a60e194fb,prd1079,Mortgage: 30-yr Fixed,Mortgage,Personal,242343.21,1,USD,branchid:11048
b35371e6-4c72-11ea-8d3a-b88a60e194fb-1,2020-01-04T04:46:44.000Z,crmid:4647097644,b35371e6-4c72-11ea-8d3a-b88a60e194fb,prd1123,Mortgage: 10 yr Fixed,Mortgage,Personal,10550.05,1,USD,branchid:11036
b355bbda-4c72-11ea-a1f7-b88a60e194fb-1,2020-01-04T07:36:22.000Z,crmid:8956106177,b355bbda-4c72-11ea-a1f7-b88a60e194fb,prd1185,Mortgage: FHA,Mortgage,Personal,190394.14,1,USD,branchid:11121
b356f470-4c72-11ea-95f9-b88a60e194fb-1,2020-01-10T16:49:07.000Z,crmid:2133727185,b356f470-4c72-11ea-95f9-b88a60e194fb,prd1079,Mortgage: 30-yr Fixed,Mortgage,Personal,4264468.06,1,USD,branchid:11130
b3582d0a-4c72-11ea-93ed-b88a60e194fb-1,2020-01-15T21:33:24.000Z,crmid:2298741187,b3582d0a-4c72-11ea-93ed-b88a60e194fb,prd1112,Fixed Deposit,Investment,Personal,174918.68,1,USD,branchid:11140
b358f024-4c72-11ea-b5fd-b88a60e194fb-1,2020-01-17T02:22:21.000Z,crmid:6167037127,b358f024-4c72-11ea-b5fd-b88a60e194fb,prd1150,Money Market,Investment,Personal,14803.9,1,USD,branchid:11101
b359da74-4c72-11ea-a808-b88a60e194fb-1,2020-01-27T17:37:25.000Z,crmid:7330340550,b359da74-4c72-11ea-a808-b88a60e194fb,prd1033,Fixed Deposit,Investment,Personal,15943.54,1,USD,branchid:11092
b35aec06-4c72-11ea-8602-b88a60e194fb-1,2020-01-21T19:40:36.000Z,crmid:3365132741,b35aec06-4c72-11ea-8602-b88a60e194fb,prd1041,Mortgage: 7/1 ARM,Mortgage,Personal,133810.14,1,USD,branchid:11004
b3688108-4c72-11ea-94e4-b88a60e194fb-1,2020-01-16T03:31:27.000Z,crmid:6846140775,b3688108-4c72-11ea-94e4-b88a60e194fb,prd1045,Mortgage: 10/1 ARM,Mortgage,Personal,18491.63,1,USD,branchid:11125
b3696ad0-4c72-11ea-81f4-b88a60e194fb-1,2020-01-15T00:54:49.000Z,crmid:5356134627,b3696ad0-4c72-11ea-81f4-b88a60e194fb,prd1185,Mortgage: FHA,Mortgage,Personal,4573604.42,1,USD,branchid:11030
b36a5536-4c72-11ea-b5ad-b88a60e194fb-1,2020-01-01T17:36:05.000Z,crmid:4907040690,b36a5536-4c72-11ea-b5ad-b88a60e194fb,prd1157,Brokerage Account,Investment,Personal,15367.35,1,USD,branchid:11055
b36b3f8c-4c72-11ea-85c3-b88a60e194fb-1,2020-01-14T19:28:35.000Z,crmid:5260236709,b36b3f8c-4c72-11ea-85c3-b88a60e194fb,prd1173,Money Market,Investment,Personal,14969.41,1,USD,branchid:11003
b36c7812-4c72-11ea-a1bb-b88a60e194fb-1,2020-01-01T20:50:46.000Z,crmid:7973149317,b36c7812-4c72-11ea-a1bb-b88a60e194fb,prd1183,Fixed Deposit,Investment,Personal,15952.91,1,USD,branchid:11112
b36db092-4c72-11ea-a9e3-b88a60e194fb-1,2020-01-31T12:52:19.000Z,crmid:4244976352,b36db092-4c72-11ea-a9e3-b88a60e194fb,prd1030,401k,Retirement,Personal,4698976.71,1,USD,branchid:11092
b36ec218-4c72-11ea-bb33-b88a60e194fb-1,2020-01-03T22:12:53.000Z,crmid:4886685712,b36ec218-4c72-11ea-bb33-b88a60e194fb,prd1087,Overseas Equity Fund,Investment,Personal,111415.62,1,USD,branchid:11069
b37cf2dc-4c72-11ea-a249-b88a60e194fb-1,2020-01-10T18:49:48.000Z,crmid:8754324556,b37cf2dc-4c72-11ea-a249-b88a60e194fb,prd1062,Mortgage: VA,Mortgage,Personal,176126.84,1,USD,branchid:11017
b37ddd2e-4c72-11ea-83fd-b88a60e194fb-1,2020-01-12T16:56:36.000Z,crmid:1260543988,b37ddd2e-4c72-11ea-83fd-b88a60e194fb,prd1117,Brokerage Account,Investment,Personal,15402.3,1,USD,branchid:11145
b37ec78a-4c72-11ea-9259-b88a60e194fb-1,2020-01-28T10:07:16.000Z,crmid:9396852047,b37ec78a-4c72-11ea-9259-b88a60e194fb,prd1083,Pension Account,Retirement,Personal,241485.66,1,USD,branchid:11146
b37fd91c-4c72-11ea-84ea-b88a60e194fb-1,2020-01-04T23:37:29.000Z,crmid:3479634518,b37fd91c-4c72-11ea-84ea-b88a60e194fb,prd1034,Home Equity Loan,Mortgage,Personal,11953.38,1,USD,branchid:11133
b380c382-4c72-11ea-91ef-b88a60e194fb-1,2020-01-19T04:02:03.000Z,crmid:6801082682,b380c382-4c72-11ea-91ef-b88a60e194fb,prd1087,Overseas Equity Fund,Investment,Personal,13004.81,1,USD,branchid:11141
b38186a8-4c72-11ea-abcc-b88a60e194fb-1,2020-01-29T12:26:46.000Z,crmid:5168583738,b38186a8-4c72-11ea-abcc-b88a60e194fb,prd1121,Mortgage: 30-yr Fixed,Mortgage,Personal,130312.14,1,USD,branchid:11076
b3824a12-4c72-11ea-8621-b88a60e194fb-1,2020-01-28T08:39:15.000Z,crmid:3872231140,b3824a12-4c72-11ea-8621-b88a60e194fb,prd1182,Brokerage Account,Investment,Personal,12812.32,1,USD,branchid:11145
b390a1c8-4c72-11ea-ae38-b88a60e194fb-1,2020-01-30T19:32:16.000Z,crmid:4765468828,b390a1c8-4c72-11ea-ae38-b88a60e194fb,prd1157,Brokerage Account,Investment,Personal,15212.39,1,USD,branchid:11015
b3916546-4c72-11ea-b0eb-b88a60e194fb-1,2020-01-18T10:22:29.000Z,crmid:8076437186,b3916546-4c72-11ea-b0eb-b88a60e194fb,prd1176,Overseas Equity Fund,Investment,Personal,150937.64,1,USD,branchid:11059
b39276a8-4c72-11ea-979b-b88a60e194fb-1,2020-01-26T11:00:23.000Z,crmid:5733773242,b39276a8-4c72-11ea-979b-b88a60e194fb,prd1008,Traditional IRA,Retirement,Personal,15366.52,1,USD,branchid:11133
b39360f4-4c72-11ea-8e6a-b88a60e194fb-1,2020-01-19T01:26:08.000Z,crmid:4109490191,b39360f4-4c72-11ea-8e6a-b88a60e194fb,prd1088,CDs: 1 year,Investment,Personal,161752.03,1,USD,branchid:11111
b394243e-4c72-11ea-a7e0-b88a60e194fb-1,2020-01-27T11:17:02.000Z,crmid:9859283221,b394243e-4c72-11ea-a7e0-b88a60e194fb,prd1155,CDs: 5 year,Investment,Personal,18277.14,1,USD,branchid:11102
b394e79e-4c72-11ea-a9b1-b88a60e194fb-1,2020-01-18T16:58:32.000Z,crmid:9690156009,b394e79e-4c72-11ea-a9b1-b88a60e194fb,prd1120,Mortgage: 10/1 ARM,Mortgage,Personal,169425.76,1,USD,branchid:11116
b395d1ee-4c72-11ea-b827-b88a60e194fb-1,2020-01-28T23:30:48.000Z,crmid:9576607590,b395d1ee-4c72-11ea-b827-b88a60e194fb,prd1047,Mortgage: 10 yr Fixed,Mortgage,Personal,13389.05,1,USD,branchid:11008
b3a2a336-4c72-11ea-9aba-b88a60e194fb-1,2020-01-08T01:54:46.000Z,crmid:7000969875,b3a2a336-4c72-11ea-9aba-b88a60e194fb,prd1186,Money Market,Investment,Personal,18098.83,1,USD,branchid:11115
b3a33f7e-4c72-11ea-b2e2-b88a60e194fb-1,2020-01-22T08:20:04.000Z,crmid:4877351400,b3a33f7e-4c72-11ea-b2e2-b88a60e194fb,prd1167,Roth IRA,Retirement,Personal,16256.77,1,USD,branchid:11058
b3a429d4-4c72-11ea-a9f3-b88a60e194fb-1,2020-01-05T02:52:37.000Z,crmid:8177285864,b3a429d4-4c72-11ea-a9f3-b88a60e194fb,prd1049,Business Brokerage Account,Investment,Business,14377.58,1,USD,branchid:11123
b3a515b8-4c72-11ea-b37a-b88a60e194fb-1,2020-01-25T01:30:37.000Z,crmid:8824548132,b3a515b8-4c72-11ea-b37a-b88a60e194fb,prd1151,Mortgage: 10 yr Fixed,Mortgage,Personal,16025.41,1,USD,branchid:11029
b3a5fea6-4c72-11ea-b1a3-b88a60e194fb-1,2020-01-31T15:19:26.000Z,crmid:2040888825,b3a5fea6-4c72-11ea-b1a3-b88a60e194fb,prd1115,Mortgage: VA,Mortgage,Personal,265313.48,1,USD,branchid:11040
b3a6e8f8-4c72-11ea-9a42-b88a60e194fb-1,2020-01-31T14:53:59.000Z,crmid:8322332205,b3a6e8f8-4c72-11ea-9a42-b88a60e194fb,prd1033,Fixed Deposit,Investment,Personal,4499065.14,1,USD,branchid:11001
b3a7ac28-4c72-11ea-a41c-b88a60e194fb-1,2020-01-09T05:21:20.000Z,crmid:6347843734,b3a7ac28-4c72-11ea-a41c-b88a60e194fb,prd1148,Mortgage: 10/1 ARM,Mortgage,Personal,11929.06,1,USD,branchid:11130
b3b4565c-4c72-11ea-9886-b88a60e194fb-1,2020-01-28T01:39:17.000Z,crmid:2985416634,b3b4565c-4c72-11ea-9886-b88a60e194fb,prd1114,CDs: 3 month,Investment,Personal,181976.24,1,USD,branchid:11122
b3b519f8-4c72-11ea-bd0f-b88a60e194fb-1,2020-01-03T01:35:35.000Z,crmid:6610581317,b3b519f8-4c72-11ea-bd0f-b88a60e194fb,prd1173,Money Market,Investment,Personal,18292.67,1,USD,branchid:11022
b3b60464-4c72-11ea-bec4-b88a60e194fb-1,2020-01-27T01:36:08.000Z,crmid:9679913868,b3b60464-4c72-11ea-bec4-b88a60e194fb,prd1153,CDs: 1 year,Investment,Personal,17278.09,1,USD,branchid:11057
b3b6efe2-4c72-11ea-b966-b88a60e194fb-1,2020-01-23T09:40:55.000Z,crmid:9147454159,b3b6efe2-4c72-11ea-b966-b88a60e194fb,prd1186,Money Market,Investment,Personal,12034.46,1,USD,branchid:11107
b3b7b2d2-4c72-11ea-b84b-b88a60e194fb-1,2020-01-01T00:13:49.000Z,crmid:7912812595,b3b7b2d2-4c72-11ea-b84b-b88a60e194fb,prd1165,Roth IRA,Retirement,Personal,15901.71,1,USD,branchid:11036
b3b8752e-4c72-11ea-afd5-b88a60e194fb-1,2020-01-30T03:09:20.000Z,crmid:4247771109,b3b8752e-4c72-11ea-afd5-b88a60e194fb,prd1139,Employee Stock Purchase Plans,Investment,Personal,183308.79,1,USD,branchid:11045
b3b98686-4c72-11ea-8bea-b88a60e194fb-1,2020-01-30T20:05:03.000Z,crmid:3582742872,b3b98686-4c72-11ea-8bea-b88a60e194fb,prd1021,CDs: 5 year,Investment,Personal,250475.66,1,USD,branchid:11068
b3c7b774-4c72-11ea-8f53-b88a60e194fb-1,2020-01-29T12:30:50.000Z,crmid:1208450795,b3c7b774-4c72-11ea-8f53-b88a60e194fb,prd1034,Home Equity Loan,Mortgage,Personal,10372.62,1,USD,branchid:11148
b3c8ca2e-4c72-11ea-ac2d-b88a60e194fb-1,2020-01-27T06:08:39.000Z,crmid:9056432622,b3c8ca2e-4c72-11ea-ac2d-b88a60e194fb,prd1078,Mortgage: 7/1 ARM,Mortgage,Personal,191219.99,1,USD,branchid:11102
b3c9b45e-4c72-11ea-84c9-b88a60e194fb-1,2020-01-20T13:36:28.000Z,crmid:1924410346,b3c9b45e-4c72-11ea-84c9-b88a60e194fb,prd1062,Mortgage: VA,Mortgage,Personal,11389.63,1,USD,branchid:11018
b3ca76a4-4c72-11ea-8600-b88a60e194fb-1,2020-01-26T08:44:48.000Z,crmid:7232576813,b3ca76a4-4c72-11ea-8600-b88a60e194fb,prd1185,Mortgage: FHA,Mortgage,Personal,154327.21,1,USD,branchid:11092
b3cb3b28-4c72-11ea-b6dd-b88a60e194fb-1,2020-01-09T08:13:25.000Z,crmid:8160268877,b3cb3b28-4c72-11ea-b6dd-b88a60e194fb,prd1077,Roth IRA,Retirement,Personal,15925.9,1,USD,branchid:11003
b3cc2470-4c72-11ea-82dc-b88a60e194fb-1,2020-01-11T12:33:58.000Z,crmid:4571168945,b3cc2470-4c72-11ea-82dc-b88a60e194fb,prd1097,Employee Stock Purchase Plans,Investment,Personal,12962.23,1,USD,branchid:11041
b3cce78a-4c72-11ea-88ea-b88a60e194fb-1,2020-01-16T06:18:16.000Z,crmid:4120526557,b3cce78a-4c72-11ea-88ea-b88a60e194fb,prd1027,Mortgage: 30-yr Fixed,Mortgage,Personal,286464.96,1,USD,branchid:11120
b3db1866-4c72-11ea-aef0-b88a60e194fb-1,2020-01-15T12:42:59.000Z,crmid:8752718734,b3db1866-4c72-11ea-aef0-b88a60e194fb,prd1125,Mortgage: FHA,Mortgage,Personal,185908.05,1,USD,branchid:11129
b3dbdb9e-4c72-11ea-a7ad-b88a60e194fb-1,2020-01-24T02:17:34.000Z,crmid:7536306412,b3dbdb9e-4c72-11ea-a7ad-b88a60e194fb,prd1189,Overseas Equity Fund,Investment,Personal,246013.05,1,USD,branchid:11072
b3dcc5f4-4c72-11ea-ba28-b88a60e194fb-1,2020-01-28T00:46:41.000Z,crmid:1962429350,b3dcc5f4-4c72-11ea-ba28-b88a60e194fb,prd1159,CDs: 3 month,Investment,Personal,19399.72,1,USD,branchid:11011
b3dd895a-4c72-11ea-aa1b-b88a60e194fb-1,2020-01-01T14:34:27.000Z,crmid:4739708767,b3dd895a-4c72-11ea-aa1b-b88a60e194fb,prd1035,Pension Account,Retirement,Personal,145037.02,1,USD,branchid:11020
b3de4ca6-4c72-11ea-a321-b88a60e194fb-1,2020-01-13T15:05:51.000Z,crmid:9971187732,b3de4ca6-4c72-11ea-a321-b88a60e194fb,prd1182,Brokerage Account,Investment,Personal,4261148.91,1,USD,branchid:11067
b3df8a58-4c72-11ea-a692-b88a60e194fb-1,2020-01-30T14:37:03.000Z,crmid:3440672707,b3df8a58-4c72-11ea-a692-b88a60e194fb,prd1155,CDs: 5 year,Investment,Personal,13836.12,1,USD,branchid:11071
b3e070b4-4c72-11ea-b678-b88a60e194fb-1,2020-01-05T14:00:54.000Z,crmid:7772947326,b3e070b4-4c72-11ea-b678-b88a60e194fb,prd1027,Mortgage: 30-yr Fixed,Mortgage,Personal,144428.14,1,USD,branchid:11118
b3ee7924-4c72-11ea-8917-b88a60e194fb-1,2020-01-10T11:47:39.000Z,crmid:1164994986,b3ee7924-4c72-11ea-8917-b88a60e194fb,prd1186,Money Market,Investment,Personal,67059.25,1,USD,branchid:11085
b3ef6452-4c72-11ea-b9d4-b88a60e194fb-1,2020-01-15T23:34:31.000Z,crmid:3213986839,b3ef6452-4c72-11ea-b9d4-b88a60e194fb,prd1029,401k,Retirement,Personal,170384.17,1,USD,branchid:11015
b3f04f12-4c72-11ea-895d-b88a60e194fb-1,2020-01-16T00:48:21.000Z,crmid:1483862171,b3f04f12-4c72-11ea-895d-b88a60e194fb,prd1046,Mortgage: VA,Mortgage,Personal,17444.45,1,USD,branchid:11045
b3f11228-4c72-11ea-88f5-b88a60e194fb-1,2020-01-20T19:10:45.000Z,crmid:6693133384,b3f11228-4c72-11ea-88f5-b88a60e194fb,prd1073,Business Brokerage Account,Investment,Business,3779985.49,1,USD,branchid:11029
b3f1ae7e-4c72-11ea-b9ff-b88a60e194fb-1,2020-01-20T08:56:45.000Z,crmid:6581158691,b3f1ae7e-4c72-11ea-b9ff-b88a60e194fb,prd1139,Employee Stock Purchase Plans,Investment,Personal,19293.93,1,USD,branchid:11133
b3f2bf4c-4c72-11ea-9a9b-b88a60e194fb-1,2020-01-21T21:10:43.000Z,crmid:5968438777,b3f2bf4c-4c72-11ea-9a9b-b88a60e194fb,prd1047,Mortgage: 10 yr Fixed,Mortgage,Personal,14441.75,1,USD,branchid:11014
b3f3aa02-4c72-11ea-8069-b88a60e194fb-1,2020-01-14T16:11:08.000Z,crmid:8664174892,b3f3aa02-4c72-11ea-8069-b88a60e194fb,prd1062,Mortgage: VA,Mortgage,Personal,16529.63,1,USD,branchid:11075
b401da46-4c72-11ea-a367-b88a60e194fb-1,2020-01-06T22:23:47.000Z,crmid:6874028285,b401da46-4c72-11ea-a367-b88a60e194fb,prd1115,Mortgage: VA,Mortgage,Personal,13975.57,1,USD,branchid:11112
b40313ee-4c72-11ea-8ed9-b88a60e194fb-1,2020-01-08T23:29:01.000Z,crmid:1693934998,b40313ee-4c72-11ea-8ed9-b88a60e194fb,prd1114,CDs: 3 month,Investment,Personal,2787488.53,1,USD,branchid:11024
b404241a-4c72-11ea-8503-b88a60e194fb-1,2020-01-11T18:17:17.000Z,crmid:6211626557,b404241a-4c72-11ea-8503-b88a60e194fb,prd1046,Mortgage: VA,Mortgage,Personal,4254514.29,1,USD,branchid:11026
b404e75e-4c72-11ea-8ea0-b88a60e194fb-1,2020-01-10T22:39:45.000Z,crmid:6786954701,b404e75e-4c72-11ea-8ea0-b88a60e194fb,prd1087,Overseas Equity Fund,Investment,Personal,13211.94,1,USD,branchid:11078
b40646e8-4c72-11ea-a4df-b88a60e194fb-1,2020-01-30T20:27:28.000Z,crmid:6263286243,b40646e8-4c72-11ea-a4df-b88a60e194fb,prd1042,Roth IRA,Retirement,Personal,192615.31,1,USD,branchid:11054
b4073162-4c72-11ea-aa47-b88a60e194fb-1,2020-01-10T19:25:31.000Z,crmid:6770087559,b4073162-4c72-11ea-aa47-b88a60e194fb,prd1129,Mortgage: 10/1 ARM,Mortgage,Personal,13056.27,1,USD,branchid:11044
b40842b6-4c72-11ea-a044-b88a60e194fb-1,2020-01-19T18:40:35.000Z,crmid:8133813233,b40842b6-4c72-11ea-a044-b88a60e194fb,prd1035,Pension Account,Retirement,Personal,173793.71,1,USD,branchid:11137
b417d440-4c72-11ea-ab05-b88a60e194fb-1,2020-01-08T13:25:57.000Z,crmid:4046880960,b417d440-4c72-11ea-ab05-b88a60e194fb,prd1061,Mortgage: 5/1 ARM,Mortgage,Personal,12848.83,1,USD,branchid:11116
b418bd64-4c72-11ea-94e3-b88a60e194fb-1,2020-01-01T22:45:16.000Z,crmid:4436184352,b418bd64-4c72-11ea-94e3-b88a60e194fb,prd1061,Mortgage: 5/1 ARM,Mortgage,Personal,213492.53,1,USD,branchid:11117
b41980b6-4c72-11ea-8108-b88a60e194fb-1,2020-01-28T13:50:03.000Z,crmid:8698107049,b41980b6-4c72-11ea-8108-b88a60e194fb,prd1115,Mortgage: VA,Mortgage,Personal,255189.71,1,USD,branchid:11003
b41a4402-4c72-11ea-b149-b88a60e194fb-1,2020-01-23T17:45:48.000Z,crmid:8605680717,b41a4402-4c72-11ea-b149-b88a60e194fb,prd1027,Mortgage: 30-yr Fixed,Mortgage,Personal,217926.38,1,USD,branchid:11100
b41b0750-4c72-11ea-ab2f-b88a60e194fb-1,2020-01-14T02:31:08.000Z,crmid:2664212795,b41b0750-4c72-11ea-ab2f-b88a60e194fb,prd1114,CDs: 3 month,Investment,Personal,15601.84,1,USD,branchid:11090
b41c1a30-4c72-11ea-9e9f-b88a60e194fb-1,2020-01-06T21:36:00.000Z,crmid:7595880385,b41c1a30-4c72-11ea-9e9f-b88a60e194fb,prd1037,Home Equity Loan,Mortgage,Personal,163728.38,1,USD,branchid:11059
b41d035a-4c72-11ea-b402-b88a60e194fb-1,2020-01-16T19:03:19.000Z,crmid:5160655103,b41d035a-4c72-11ea-b402-b88a60e194fb,prd1025,Brokerage Account,Investment,Personal,16709.52,1,USD,branchid:11117
b42b5af4-4c72-11ea-9076-b88a60e194fb-1,2020-01-22T07:06:13.000Z,crmid:3762949956,b42b5af4-4c72-11ea-9076-b88a60e194fb,prd1183,Fixed Deposit,Investment,Personal,218692.75,1,USD,branchid:11136
b42c1fae-4c72-11ea-bac3-b88a60e194fb-1,2020-01-20T13:54:38.000Z,crmid:3534866543,b42c1fae-4c72-11ea-bac3-b88a60e194fb,prd1033,Fixed Deposit,Investment,Personal,193397.65,1,USD,branchid:11051
b42ce306-4c72-11ea-91a1-b88a60e194fb-1,2020-01-03T21:13:43.000Z,crmid:7828132537,b42ce306-4c72-11ea-91a1-b88a60e194fb,prd1025,Brokerage Account,Investment,Personal,220804.59,1,USD,branchid:11114
b42dcc58-4c72-11ea-9dc3-b88a60e194fb-1,2020-01-20T20:01:45.000Z,crmid:9550926598,b42dcc58-4c72-11ea-9dc3-b88a60e194fb,prd1124,CDs: 5 year,Investment,Personal,208614.19,1,USD,branchid:11037
b42f2bc6-4c72-11ea-9c19-b88a60e194fb-1,2020-01-23T02:17:10.000Z,crmid:2885410280,b42f2bc6-4c72-11ea-9c19-b88a60e194fb,prd1129,Mortgage: 10/1 ARM,Mortgage,Personal,234885.98,1,USD,branchid:11007
b430b24c-4c72-11ea-a4ce-b88a60e194fb-1,2020-01-25T14:59:33.000Z,crmid:6552239777,b430b24c-4c72-11ea-a4ce-b88a60e194fb,prd1021,CDs: 5 year,Investment,Personal,13661.1,1,USD,branchid:11024
b4321224-4c72-11ea-9af0-b88a60e194fb-1,2020-01-26T10:02:53.000Z,crmid:9659096065,b4321224-4c72-11ea-9af0-b88a60e194fb,prd1037,Home Equity Loan,Mortgage,Personal,213751.34,1,USD,branchid:11049
b440e028-4c72-11ea-9729-b88a60e194fb-1,2020-01-10T07:10:49.000Z,crmid:3645005359,b440e028-4c72-11ea-9729-b88a60e194fb,prd1030,401k,Retirement,Personal,191558.58,1,USD,branchid:11053
b441c96e-4c72-11ea-aa5c-b88a60e194fb-1,2020-01-20T16:25:59.000Z,crmid:3654050329,b441c96e-4c72-11ea-aa5c-b88a60e194fb,prd1028,CDs: 1 year,Investment,Personal,12586.18,1,USD,branchid:11100
b442b4e4-4c72-11ea-a51e-b88a60e194fb-1,2020-01-30T21:56:50.000Z,crmid:5834011067,b442b4e4-4c72-11ea-a51e-b88a60e194fb,prd1034,Home Equity Loan,Mortgage,Personal,173623.64,1,USD,branchid:11129
b44350f0-4c72-11ea-9fc7-b88a60e194fb-1,2020-01-31T03:05:24.000Z,crmid:8159600217,b44350f0-4c72-11ea-9fc7-b88a60e194fb,prd1046,Mortgage: VA,Mortgage,Personal,218158.84,1,USD,branchid:11028
b44462ac-4c72-11ea-8abf-b88a60e194fb-1,2020-01-19T07:37:56.000Z,crmid:5720208512,b44462ac-4c72-11ea-8abf-b88a60e194fb,prd1148,Mortgage: 10/1 ARM,Mortgage,Personal,19978.96,1,USD,branchid:11114
b44525f6-4c72-11ea-839e-b88a60e194fb-1,2020-01-06T09:41:57.000Z,crmid:8664174892,b44525f6-4c72-11ea-839e-b88a60e194fb,prd1030,401k,Retirement,Personal,198776.14,1,USD,branchid:11008
b4460f00-4c72-11ea-b62f-b88a60e194fb-1,2020-01-09T01:47:38.000Z,crmid:1880661969,b4460f00-4c72-11ea-b62f-b88a60e194fb,prd1042,Roth IRA,Retirement,Personal,13825.21,1,USD,branchid:11076
b454b500-4c72-11ea-b59e-b88a60e194fb-1,2020-01-04T02:41:37.000Z,crmid:2387894012,b454b500-4c72-11ea-b59e-b88a60e194fb,prd1181,Mortgage: 5/1 ARM,Mortgage,Personal,10716.67,1,USD,branchid:11021
b45579ac-4c72-11ea-be7c-b88a60e194fb-1,2020-01-22T18:41:31.000Z,crmid:9209497542,b45579ac-4c72-11ea-be7c-b88a60e194fb,prd1042,Roth IRA,Retirement,Personal,14457.42,1,USD,branchid:11061
b4563bd0-4c72-11ea-a2e6-b88a60e194fb-1,2020-01-09T22:58:43.000Z,crmid:4562907626,b4563bd0-4c72-11ea-a2e6-b88a60e194fb,prd1064,CDs: 3 month,Investment,Personal,15903.48,1,USD,branchid:11077
b4570038-4c72-11ea-8cd6-b88a60e194fb-1,2020-01-01T05:57:20.000Z,crmid:8409990115,b4570038-4c72-11ea-8cd6-b88a60e194fb,prd1046,Mortgage: VA,Mortgage,Personal,23009.36,1,USD,branchid:11008
b457c240-4c72-11ea-a961-b88a60e194fb-1,2020-01-31T20:13:33.000Z,crmid:6123186876,b457c240-4c72-11ea-a961-b88a60e194fb,prd1068,Mortgage: 7/1 ARM,Mortgage,Personal,16709.53,1,USD,branchid:11124
b45886d8-4c72-11ea-8e80-b88a60e194fb-1,2020-01-07T00:09:04.000Z,crmid:2107547166,b45886d8-4c72-11ea-8e80-b88a60e194fb,prd1013,Mortgage: FHA,Mortgage,Personal,2578656.67,1,USD,branchid:11041
b4596fe8-4c72-11ea-a2be-b88a60e194fb-1,2020-01-09T14:08:17.000Z,crmid:5885921699,b4596fe8-4c72-11ea-a2be-b88a60e194fb,prd1034,Home Equity Loan,Mortgage,Personal,19500.63,1,USD,branchid:11084
b468b354-4c72-11ea-9fde-b88a60e194fb-1,2020-01-07T21:30:01.000Z,crmid:8889485439,b468b354-4c72-11ea-9fde-b88a60e194fb,prd1062,Mortgage: VA,Mortgage,Personal,64393.84,1,USD,branchid:11056
b4699c78-4c72-11ea-a043-b88a60e194fb-1,2020-01-09T19:27:45.000Z,crmid:9518792287,b4699c78-4c72-11ea-a043-b88a60e194fb,prd1184,Fixed Deposit,Investment,Personal,221757.34,1,USD,branchid:11011
b46aae00-4c72-11ea-8646-b88a60e194fb-1,2020-01-12T05:23:22.000Z,crmid:5067553253,b46aae00-4c72-11ea-8646-b88a60e194fb,prd1153,CDs: 1 year,Investment,Personal,18978.61,1,USD,branchid:11025
b46b711e-4c72-11ea-b789-b88a60e194fb-1,2020-01-19T13:51:34.000Z,crmid:1091799339,b46b711e-4c72-11ea-b789-b88a60e194fb,prd1148,Mortgage: 10/1 ARM,Mortgage,Personal,13835.81,1,USD,branchid:11056
b46cd0ee-4c72-11ea-be30-b88a60e194fb-1,2020-01-08T06:46:20.000Z,crmid:7474805724,b46cd0ee-4c72-11ea-be30-b88a60e194fb,prd1068,Mortgage: 7/1 ARM,Mortgage,Personal,15089.74,1,USD,branchid:11137
b46dbb36-4c72-11ea-9ecd-b88a60e194fb-1,2020-01-21T06:01:49.000Z,crmid:7757767202,b46dbb36-4c72-11ea-9ecd-b88a60e194fb,prd1021,CDs: 5 year,Investment,Personal,11429.19,1,USD,branchid:11095
b46e7e76-4c72-11ea-b8fe-b88a60e194fb-1,2020-01-13T03:08:37.000Z,crmid:4399315713,b46e7e76-4c72-11ea-b8fe-b88a60e194fb,prd1013,Mortgage: FHA,Mortgage,Personal,18068.89,1,USD,branchid:11019
b47e5e6c-4c72-11ea-9498-b88a60e194fb-1,2020-01-23T00:54:25.000Z,crmid:6724845212,b47e5e6c-4c72-11ea-9498-b88a60e194fb,prd1079,Mortgage: 30-yr Fixed,Mortgage,Personal,9373.31,1,USD,branchid:11130
b47f204a-4c72-11ea-88ee-b88a60e194fb-1,2020-01-04T20:08:03.000Z,crmid:6008284032,b47f204a-4c72-11ea-88ee-b88a60e194fb,prd1117,Brokerage Account,Investment,Personal,4704516.33,1,USD,branchid:11057
b4800aa6-4c72-11ea-bfd8-b88a60e194fb-1,2020-01-14T08:51:27.000Z,crmid:9929743718,b4800aa6-4c72-11ea-bfd8-b88a60e194fb,prd1060,Traditional IRA,Retirement,Personal,11123.2,1,USD,branchid:11133
b480ce46-4c72-11ea-a373-b88a60e194fb-1,2020-01-07T03:13:06.000Z,crmid:1439946526,b480ce46-4c72-11ea-a373-b88a60e194fb,prd1021,CDs: 5 year,Investment,Personal,12897.52,1,USD,branchid:11099
b481b9ca-4c72-11ea-915e-b88a60e194fb-1,2020-01-28T04:50:20.000Z,crmid:9312239748,b481b9ca-4c72-11ea-915e-b88a60e194fb,prd1034,Home Equity Loan,Mortgage,Personal,217225.69,1,USD,branchid:11105
b4827bae-4c72-11ea-ba0c-b88a60e194fb-1,2020-01-20T06:00:17.000Z,crmid:7753396998,b4827bae-4c72-11ea-ba0c-b88a60e194fb,prd1042,Roth IRA,Retirement,Personal,12590.87,1,USD,branchid:11130
b48317ee-4c72-11ea-884c-b88a60e194fb-1,2020-01-01T16:23:50.000Z,crmid:9123245610,b48317ee-4c72-11ea-884c-b88a60e194fb,prd1148,Mortgage: 10/1 ARM,Mortgage,Personal,211341.06,1,USD,branchid:11003
b493932e-4c72-11ea-b93a-b88a60e194fb-1,2020-01-20T12:53:20.000Z,crmid:2901767359,b493932e-4c72-11ea-b93a-b88a60e194fb,prd1153,CDs: 1 year,Investment,Personal,13897.74,1,USD,branchid:11135
b49455de-4c72-11ea-9105-b88a60e194fb-1,2020-01-14T16:30:08.000Z,crmid:2262980023,b49455de-4c72-11ea-9105-b88a60e194fb,prd1151,Mortgage: 10 yr Fixed,Mortgage,Personal,146886.54,1,USD,branchid:11119
b495402c-4c72-11ea-8d99-b88a60e194fb-1,2020-01-31T23:59:17.000Z,crmid:4579506253,b495402c-4c72-11ea-8d99-b88a60e194fb,prd1185,Mortgage: FHA,Mortgage,Personal,15146.72,1,USD,branchid:11139
b4962ac6-4c72-11ea-890f-b88a60e194fb-1,2020-01-24T20:36:05.000Z,crmid:5131816304,b4962ac6-4c72-11ea-890f-b88a60e194fb,prd1174,Traditional IRA,Retirement,Personal,15905.65,1,USD,branchid:11021
b4973c36-4c72-11ea-bce6-b88a60e194fb-1,2020-01-13T21:02:11.000Z,crmid:4285773858,b4973c36-4c72-11ea-bce6-b88a60e194fb,prd1185,Mortgage: FHA,Mortgage,Personal,238470.58,1,USD,branchid:11046
b497d866-4c72-11ea-b6d7-b88a60e194fb-1,2020-01-04T20:04:05.000Z,crmid:6399253083,b497d866-4c72-11ea-b6d7-b88a60e194fb,prd1159,CDs: 3 month,Investment,Personal,15364.32,1,USD,branchid:11105
b498c53a-4c72-11ea-bbcd-b88a60e194fb-1,2020-01-14T17:06:50.000Z,crmid:8457669354,b498c53a-4c72-11ea-bbcd-b88a60e194fb,prd1117,Brokerage Account,Investment,Personal,3809296.85,1,USD,branchid:11094
b4a8ef7e-4c72-11ea-be2d-b88a60e194fb-1,2020-01-01T15:44:24.000Z,crmid:3060415312,b4a8ef7e-4c72-11ea-be2d-b88a60e194fb,prd1014,CDs: 3 month,Investment,Personal,14499.62,1,USD,branchid:11027
b4a9b408-4c72-11ea-9197-b88a60e194fb-1,2020-01-09T10:20:12.000Z,crmid:1269024331,b4a9b408-4c72-11ea-9197-b88a60e194fb,prd1181,Mortgage: 5/1 ARM,Mortgage,Personal,210538.3,1,USD,branchid:11038
b4aac400-4c72-11ea-865c-b88a60e194fb-1,2020-01-16T17:01:42.000Z,crmid:2735823932,b4aac400-4c72-11ea-865c-b88a60e194fb,prd1068,Mortgage: 7/1 ARM,Mortgage,Personal,13296.18,1,USD,branchid:11017
b4ab8782-4c72-11ea-99bc-b88a60e194fb-1,2020-01-04T12:38:05.000Z,crmid:5594337316,b4ab8782-4c72-11ea-99bc-b88a60e194fb,prd1179,Business Brokerage Account,Investment,Business,15395.45,1,USD,branchid:11020
b4ac71e2-4c72-11ea-b193-b88a60e194fb-1,2020-01-30T08:39:08.000Z,crmid:9312239748,b4ac71e2-4c72-11ea-b193-b88a60e194fb,prd1110,Traditional IRA,Retirement,Personal,224668.52,1,USD,branchid:11035
b4ad3534-4c72-11ea-a085-b88a60e194fb-1,2020-01-13T03:03:22.000Z,crmid:7037651230,b4ad3534-4c72-11ea-a085-b88a60e194fb,prd1111,Pension Account,Retirement,Personal,4409969.09,1,USD,branchid:11003
b4adf882-4c72-11ea-a58a-b88a60e194fb-1,2020-01-18T04:56:28.000Z,crmid:4125396754,b4adf882-4c72-11ea-a58a-b88a60e194fb,prd1150,Money Market,Investment,Personal,15826.72,1,USD,branchid:11002
b4bd3a98-4c72-11ea-acd6-b88a60e194fb-1,2020-01-02T00:01:12.000Z,crmid:1404550047,b4bd3a98-4c72-11ea-acd6-b88a60e194fb,prd1125,Mortgage: FHA,Mortgage,Personal,12197.22,1,USD,branchid:11103
b4bdd6e6-4c72-11ea-a8f3-b88a60e194fb-1,2020-01-07T14:59:52.000Z,crmid:1718867699,b4bdd6e6-4c72-11ea-a8f3-b88a60e194fb,prd1087,Overseas Equity Fund,Investment,Personal,17333.76,1,USD,branchid:11113
b4be9a3e-4c72-11ea-bb79-b88a60e194fb-1,2020-01-20T08:24:41.000Z,crmid:7638205336,b4be9a3e-4c72-11ea-bb79-b88a60e194fb,prd1034,Home Equity Loan,Mortgage,Personal,16905.05,1,USD,branchid:11134
b4bf849c-4c72-11ea-8bb4-b88a60e194fb-1,2020-01-27T19:34:01.000Z,crmid:2023745767,b4bf849c-4c72-11ea-8bb4-b88a60e194fb,prd1013,Mortgage: FHA,Mortgage,Personal,11748.61,1,USD,branchid:11029
b4c04950-4c72-11ea-8d62-b88a60e194fb-1,2020-01-12T18:44:14.000Z,crmid:7956215064,b4c04950-4c72-11ea-8d62-b88a60e194fb,prd1174,Traditional IRA,Retirement,Personal,254509.25,1,USD,branchid:11006
b4c13234-4c72-11ea-916c-b88a60e194fb-1,2020-01-17T00:11:19.000Z,crmid:3909440383,b4c13234-4c72-11ea-916c-b88a60e194fb,prd1087,Overseas Equity Fund,Investment,Personal,18805.02,1,USD,branchid:11065
b4c1f59a-4c72-11ea-ac25-b88a60e194fb-1,2020-01-16T14:31:16.000Z,crmid:8221387569,b4c1f59a-4c72-11ea-ac25-b88a60e194fb,prd1167,Roth IRA,Retirement,Personal,13323.88,1,USD,branchid:11145
b4d16046-4c72-11ea-823f-b88a60e194fb-1,2020-01-21T19:48:40.000Z,crmid:6831761177,b4d16046-4c72-11ea-823f-b88a60e194fb,prd1032,Home Equity Loan,Mortgage,Personal,14603.0,1,USD,branchid:11074
b4d24aba-4c72-11ea-a7e1-b88a60e194fb-1,2020-01-29T10:57:15.000Z,crmid:5587009676,b4d24aba-4c72-11ea-a7e1-b88a60e194fb,prd1024,Mortgage: FHA,Mortgage,Personal,23835.41,1,USD,branchid:11114
b4d33434-4c72-11ea-b465-b88a60e194fb-1,2020-01-04T01:38:09.000Z,crmid:5292638993,b4d33434-4c72-11ea-b465-b88a60e194fb,prd1144,Home Equity Loan,Mortgage,Personal,247175.3,1,USD,branchid:11025
b4d3f6d0-4c72-11ea-a930-b88a60e194fb-1,2020-01-08T13:19:59.000Z,crmid:6295414855,b4d3f6d0-4c72-11ea-a930-b88a60e194fb,prd1030,401k,Retirement,Personal,234269.72,1,USD,branchid:11148
b4d4e13a-4c72-11ea-9c50-b88a60e194fb-1,2020-01-11T07:59:22.000Z,crmid:5215231015,b4d4e13a-4c72-11ea-9c50-b88a60e194fb,prd1182,Brokerage Account,Investment,Personal,111651.51,1,USD,branchid:11005
b4d5a5e4-4c72-11ea-b41e-b88a60e194fb-1,2020-01-22T21:12:25.000Z,crmid:2396007949,b4d5a5e4-4c72-11ea-b41e-b88a60e194fb,prd1047,Mortgage: 10 yr Fixed,Mortgage,Personal,172307.58,1,USD,branchid:11136
b4d66934-4c72-11ea-b0c7-b88a60e194fb-1,2020-01-09T05:40:45.000Z,crmid:4798488681,b4d66934-4c72-11ea-b0c7-b88a60e194fb,prd1024,Mortgage: FHA,Mortgage,Personal,195067.83,1,USD,branchid:11137
b4eb4f74-4c72-11ea-8b5a-b88a60e194fb-1,2020-01-14T17:27:00.000Z,crmid:1283195969,b4eb4f74-4c72-11ea-8b5a-b88a60e194fb,prd1083,Pension Account,Retirement,Personal,15755.9,1,USD,branchid:11040
b4ec12be-4c72-11ea-8a0c-b88a60e194fb-1,2020-01-29T15:32:55.000Z,crmid:9379613476,b4ec12be-4c72-11ea-8a0c-b88a60e194fb,prd1110,Traditional IRA,Retirement,Personal,17933.74,1,USD,branchid:11061
b4ed25b8-4c72-11ea-9514-b88a60e194fb-1,2020-01-21T07:49:15.000Z,crmid:9044097423,b4ed25b8-4c72-11ea-9514-b88a60e194fb,prd1025,Brokerage Account,Investment,Personal,14049.07,1,USD,branchid:11008
b4ee0e80-4c72-11ea-8bda-b88a60e194fb-1,2020-01-09T01:29:12.000Z,crmid:9521275601,b4ee0e80-4c72-11ea-8bda-b88a60e194fb,prd1062,Mortgage: VA,Mortgage,Personal,15125.5,1,USD,branchid:11079
b4ef2024-4c72-11ea-ab6e-b88a60e194fb-1,2020-01-30T10:33:36.000Z,crmid:2617573170,b4ef2024-4c72-11ea-ab6e-b88a60e194fb,prd1159,CDs: 3 month,Investment,Personal,188941.85,1,USD,branchid:11076
b4f0f4cc-4c72-11ea-a6d0-b88a60e194fb-1,2020-01-14T16:33:09.000Z,crmid:6277889979,b4f0f4cc-4c72-11ea-a6d0-b88a60e194fb,prd1029,401k,Retirement,Personal,11008.43,1,USD,branchid:11043
b4f20634-4c72-11ea-aeff-b88a60e194fb-1,2020-01-31T05:42:32.000Z,crmid:3019499874,b4f20634-4c72-11ea-aeff-b88a60e194fb,prd1176,Overseas Equity Fund,Investment,Personal,13164.71,1,USD,branchid:11084
b506c690-4c72-11ea-93be-b88a60e194fb-1,2020-01-21T01:07:48.000Z,crmid:8310981236,b506c690-4c72-11ea-93be-b88a60e194fb,prd1027,Mortgage: 30-yr Fixed,Mortgage,Personal,13517.07,1,USD,branchid:11061
b507ff5c-4c72-11ea-91d6-b88a60e194fb-1,2020-01-21T18:15:25.000Z,crmid:7345207097,b507ff5c-4c72-11ea-91d6-b88a60e194fb,prd1083,Pension Account,Retirement,Personal,11358.8,1,USD,branchid:11061
b50937e4-4c72-11ea-8994-b88a60e194fb-1,2020-01-29T18:23:23.000Z,crmid:4043044078,b50937e4-4c72-11ea-8994-b88a60e194fb,prd1139,Employee Stock Purchase Plans,Investment,Personal,5030075.99,1,USD,branchid:11039
b50a21f0-4c72-11ea-97d2-b88a60e194fb-1,2020-01-13T17:41:06.000Z,crmid:9546944591,b50a21f0-4c72-11ea-97d2-b88a60e194fb,prd1049,Business Brokerage Account,Investment,Business,184793.7,1,USD,branchid:11110
b50b335c-4c72-11ea-ac03-b88a60e194fb-1,2020-01-07T19:10:51.000Z,crmid:3440760862,b50b335c-4c72-11ea-ac03-b88a60e194fb,prd1045,Mortgage: 10/1 ARM,Mortgage,Personal,191221.67,1,USD,branchid:11138
b50c6be6-4c72-11ea-bc70-b88a60e194fb-1,2020-01-27T07:03:19.000Z,crmid:5461803969,b50c6be6-4c72-11ea-bc70-b88a60e194fb,prd1176,Overseas Equity Fund,Investment,Personal,12976.26,1,USD,branchid:11031
b50da46e-4c72-11ea-bef9-b88a60e194fb-1,2020-01-17T15:02:24.000Z,crmid:6857397596,b50da46e-4c72-11ea-bef9-b88a60e194fb,prd1108,401k,Retirement,Personal,11436.96,1,USD,branchid:11002
b5212c46-4c72-11ea-bb00-b88a60e194fb-1,2020-01-22T03:32:34.000Z,crmid:4855871425,b5212c46-4c72-11ea-bb00-b88a60e194fb,prd1042,Roth IRA,Retirement,Personal,264600.33,1,USD,branchid:11006
b5223db8-4c72-11ea-90a5-b88a60e194fb-1,2020-01-28T01:14:35.000Z,crmid:6480362384,b5223db8-4c72-11ea-90a5-b88a60e194fb,prd1024,Mortgage: FHA,Mortgage,Personal,24685.81,1,USD,branchid:11106
b523286e-4c72-11ea-9150-b88a60e194fb-1,2020-01-08T10:06:28.000Z,crmid:1526650749,b523286e-4c72-11ea-9150-b88a60e194fb,prd1053,Mortgage: VA,Mortgage,Personal,11840.58,1,USD,branchid:11089
b5243980-4c72-11ea-ac9e-b88a60e194fb-1,2020-01-21T04:24:42.000Z,crmid:3389096653,b5243980-4c72-11ea-ac9e-b88a60e194fb,prd1047,Mortgage: 10 yr Fixed,Mortgage,Personal,19024.99,1,USD,branchid:11006
b52523e2-4c72-11ea-97a2-b88a60e194fb-1,2020-01-10T00:06:05.000Z,crmid:9195391437,b52523e2-4c72-11ea-97a2-b88a60e194fb,prd1101,Mortgage: 5/1 ARM,Mortgage,Personal,191826.78,1,USD,branchid:11080
b5263566-4c72-11ea-a9fc-b88a60e194fb-1,2020-01-18T18:25:39.000Z,crmid:9419555371,b5263566-4c72-11ea-a9fc-b88a60e194fb,prd1042,Roth IRA,Retirement,Personal,16652.64,1,USD,branchid:11045
b5276de4-4c72-11ea-8292-b88a60e194fb-1,2020-01-16T17:39:04.000Z,crmid:1058852281,b5276de4-4c72-11ea-8292-b88a60e194fb,prd1041,Mortgage: 7/1 ARM,Mortgage,Personal,12884.65,1,USD,branchid:11114
b53836ba-4c72-11ea-b84b-b88a60e194fb-1,2020-01-06T19:43:50.000Z,crmid:8219105177,b53836ba-4c72-11ea-b84b-b88a60e194fb,prd1087,Overseas Equity Fund,Investment,Personal,10266.4,1,USD,branchid:11084
b539215c-4c72-11ea-84f2-b88a60e194fb-1,2020-01-26T04:18:06.000Z,crmid:3654050329,b539215c-4c72-11ea-84f2-b88a60e194fb,prd1125,Mortgage: FHA,Mortgage,Personal,15093.97,1,USD,branchid:11102
b539e4a6-4c72-11ea-bc19-b88a60e194fb-1,2020-01-30T03:46:52.000Z,crmid:5737663235,b539e4a6-4c72-11ea-bc19-b88a60e194fb,prd1153,CDs: 1 year,Investment,Personal,10655.84,1,USD,branchid:11123
b53aa81a-4c72-11ea-bc2e-b88a60e194fb-1,2020-01-01T22:38:56.000Z,crmid:5232129422,b53aa81a-4c72-11ea-bc2e-b88a60e194fb,prd1131,Employee Stock Purchase Plans,Investment,Personal,17651.97,1,USD,branchid:11084
b53be050-4c72-11ea-881a-b88a60e194fb-1,2020-01-14T07:41:34.000Z,crmid:6587441795,b53be050-4c72-11ea-881a-b88a60e194fb,prd1154,Mortgage: 30-yr Fixed,Mortgage,Personal,15333.43,1,USD,branchid:11098
b53cf1cc-4c72-11ea-a8bb-b88a60e194fb-1,2020-01-11T03:10:04.000Z,crmid:1975334384,b53cf1cc-4c72-11ea-a8bb-b88a60e194fb,prd1024,Mortgage: FHA,Mortgage,Personal,11923.97,1,USD,branchid:11027
b53ddc30-4c72-11ea-9d03-b88a60e194fb-1,2020-01-04T07:00:03.000Z,crmid:3019987933,b53ddc30-4c72-11ea-9d03-b88a60e194fb,prd1037,Home Equity Loan,Mortgage,Personal,9771.22,1,USD,branchid:11065
b5524e7a-4c72-11ea-aa6d-b88a60e194fb-1,2020-01-21T17:48:09.000Z,crmid:2936415782,b5524e7a-4c72-11ea-aa6d-b88a60e194fb,prd1111,Pension Account,Retirement,Personal,157200.24,1,USD,branchid:11079
b5535fec-4c72-11ea-be5c-b88a60e194fb-1,2020-01-26T09:59:41.000Z,crmid:5801191774,b5535fec-4c72-11ea-be5c-b88a60e194fb,prd1115,Mortgage: VA,Mortgage,Personal,152214.98,1,USD,branchid:11059
b5544a22-4c72-11ea-a179-b88a60e194fb-1,2020-01-23T20:21:41.000Z,crmid:3676331654,b5544a22-4c72-11ea-a179-b88a60e194fb,prd1183,Fixed Deposit,Investment,Personal,12700.51,1,USD,branchid:11038
b5558376-4c72-11ea-973e-b88a60e194fb-1,2020-01-14T09:52:23.000Z,crmid:6970122469,b5558376-4c72-11ea-973e-b88a60e194fb,prd1183,Fixed Deposit,Investment,Personal,17732.87,1,USD,branchid:11101
b5566d8a-4c72-11ea-9881-b88a60e194fb-1,2020-01-03T23:02:39.000Z,crmid:5781831496,b5566d8a-4c72-11ea-9881-b88a60e194fb,prd1173,Money Market,Investment,Personal,4387763.05,1,USD,branchid:11139
b5577e7e-4c72-11ea-aa14-b88a60e194fb-1,2020-01-12T06:58:01.000Z,crmid:2231167691,b5577e7e-4c72-11ea-aa14-b88a60e194fb,prd1041,Mortgage: 7/1 ARM,Mortgage,Personal,19201.18,1,USD,branchid:11041
b558b746-4c72-11ea-8196-b88a60e194fb-1,2020-01-23T11:27:14.000Z,crmid:8516860934,b558b746-4c72-11ea-8196-b88a60e194fb,prd1129,Mortgage: 10/1 ARM,Mortgage,Personal,15981.19,1,USD,branchid:11128
b56b54b8-4c72-11ea-8618-b88a60e194fb-1,2020-01-15T23:18:26.000Z,crmid:8242124350,b56b54b8-4c72-11ea-8618-b88a60e194fb,prd1028,CDs: 1 year,Investment,Personal,4672668.92,1,USD,branchid:11013
b56c66ba-4c72-11ea-a21a-b88a60e194fb-1,2020-01-27T17:00:46.000Z,crmid:1872127373,b56c66ba-4c72-11ea-a21a-b88a60e194fb,prd1186,Money Market,Investment,Personal,220623.84,1,USD,branchid:11133
b56d77fa-4c72-11ea-981c-b88a60e194fb-1,2020-01-02T07:24:33.000Z,crmid:1185132756,b56d77fa-4c72-11ea-981c-b88a60e194fb,prd1021,CDs: 5 year,Investment,Personal,15203.12,1,USD,branchid:11145
b56e88e8-4c72-11ea-9e18-b88a60e194fb-1,2020-01-11T16:10:55.000Z,crmid:1610700091,b56e88e8-4c72-11ea-9e18-b88a60e194fb,prd1117,Brokerage Account,Investment,Personal,18303.52,1,USD,branchid:11006
b56f73f4-4c72-11ea-b079-b88a60e194fb-1,2020-01-02T16:50:17.000Z,crmid:1089746483,b56f73f4-4c72-11ea-b079-b88a60e194fb,prd1030,401k,Retirement,Personal,197540.6,1,USD,branchid:11135
b57084ca-4c72-11ea-b2df-b88a60e194fb-1,2020-01-28T23:40:33.000Z,crmid:8667878332,b57084ca-4c72-11ea-b2df-b88a60e194fb,prd1097,Employee Stock Purchase Plans,Investment,Personal,15469.63,1,USD,branchid:11075
b571e4ca-4c72-11ea-b433-b88a60e194fb-1,2020-01-04T00:30:57.000Z,crmid:8280292505,b571e4ca-4c72-11ea-b433-b88a60e194fb,prd1064,CDs: 3 month,Investment,Personal,258505.11,1,USD,branchid:11142
b5859364-4c72-11ea-b4e2-b88a60e194fb-1,2020-01-09T02:57:47.000Z,crmid:2103192871,b5859364-4c72-11ea-b4e2-b88a60e194fb,prd1120,Mortgage: 10/1 ARM,Mortgage,Personal,17194.95,1,USD,branchid:11029
b586a4b0-4c72-11ea-93bf-b88a60e194fb-1,2020-01-18T06:16:30.000Z,crmid:3528756063,b586a4b0-4c72-11ea-93bf-b88a60e194fb,prd1165,Roth IRA,Retirement,Personal,22948.88,1,USD,branchid:11003
b5878f68-4c72-11ea-a41e-b88a60e194fb-1,2020-01-04T21:24:58.000Z,crmid:7418302556,b5878f68-4c72-11ea-a41e-b88a60e194fb,prd1041,Mortgage: 7/1 ARM,Mortgage,Personal,12740.5,1,USD,branchid:11088
b588796e-4c72-11ea-a8a6-b88a60e194fb-1,2020-01-15T07:35:44.000Z,crmid:7646993885,b588796e-4c72-11ea-a8a6-b88a60e194fb,prd1186,Money Market,Investment,Personal,16580.63,1,USD,branchid:11080
b5893cbe-4c72-11ea-b630-b88a60e194fb-1,2020-01-20T17:35:03.000Z,crmid:1086281970,b5893cbe-4c72-11ea-b630-b88a60e194fb,prd1061,Mortgage: 5/1 ARM,Mortgage,Personal,237524.59,1,USD,branchid:11130
b58a7548-4c72-11ea-9a9b-b88a60e194fb-1,2020-01-16T01:31:45.000Z,crmid:8354876512,b58a7548-4c72-11ea-9a9b-b88a60e194fb,prd1148,Mortgage: 10/1 ARM,Mortgage,Personal,295208.13,1,USD,branchid:11119
b58b86e8-4c72-11ea-9f93-b88a60e194fb-1,2020-01-21T12:33:18.000Z,crmid:8118379046,b58b86e8-4c72-11ea-9f93-b88a60e194fb,prd1185,Mortgage: FHA,Mortgage,Personal,178288.08,1,USD,branchid:11112
b59e9990-4c72-11ea-a99f-b88a60e194fb-1,2020-01-18T11:19:33.000Z,crmid:8644328640,b59e9990-4c72-11ea-a99f-b88a60e194fb,prd1154,Mortgage: 30-yr Fixed,Mortgage,Personal,13920.15,1,USD,branchid:11042
b59f83dc-4c72-11ea-a6c5-b88a60e194fb-1,2020-01-22T15:44:02.000Z,crmid:9981495794,b59f83dc-4c72-11ea-a6c5-b88a60e194fb,prd1060,Traditional IRA,Retirement,Personal,13095.65,1,USD,branchid:11068
b5a09548-4c72-11ea-9a84-b88a60e194fb-1,2020-01-01T10:57:08.000Z,crmid:6454247961,b5a09548-4c72-11ea-9a84-b88a60e194fb,prd1060,Traditional IRA,Retirement,Personal,16926.14,1,USD,branchid:11112
b5a1ce12-4c72-11ea-8d0e-b88a60e194fb-1,2020-01-12T18:31:32.000Z,crmid:7576953075,b5a1ce12-4c72-11ea-8d0e-b88a60e194fb,prd1114,CDs: 3 month,Investment,Personal,12497.74,1,USD,branchid:11083
b5a2dfc0-4c72-11ea-9f82-b88a60e194fb-1,2020-01-13T18:54:17.000Z,crmid:2009592475,b5a2dfc0-4c72-11ea-9f82-b88a60e194fb,prd1088,CDs: 1 year,Investment,Personal,17200.23,1,USD,branchid:11070
b5a3f0c8-4c72-11ea-a4cc-b88a60e194fb-1,2020-01-02T04:41:29.000Z,crmid:9565982856,b5a3f0c8-4c72-11ea-a4cc-b88a60e194fb,prd1045,Mortgage: 10/1 ARM,Mortgage,Personal,219689.19,1,USD,branchid:11070
b5a55042-4c72-11ea-b19a-b88a60e194fb-1,2020-01-06T11:38:21.000Z,crmid:4772381124,b5a55042-4c72-11ea-b19a-b88a60e194fb,prd1181,Mortgage: 5/1 ARM,Mortgage,Personal,18157.67,1,USD,branchid:11095
b5b83cae-4c72-11ea-9253-b88a60e194fb-1,2020-01-04T08:34:00.000Z,crmid:3816155068,b5b83cae-4c72-11ea-9253-b88a60e194fb,prd1185,Mortgage: FHA,Mortgage,Personal,15704.37,1,USD,branchid:11137
b5b8ff6e-4c72-11ea-a0e1-b88a60e194fb-1,2020-01-06T00:07:42.000Z,crmid:4339818058,b5b8ff6e-4c72-11ea-a0e1-b88a60e194fb,prd1175,401k,Retirement,Personal,191457.64,1,USD,branchid:11033
b5b9e9d0-4c72-11ea-83f0-b88a60e194fb-1,2020-01-12T04:25:03.000Z,crmid:2702153592,b5b9e9d0-4c72-11ea-83f0-b88a60e194fb,prd1144,Home Equity Loan,Mortgage,Personal,4200358.74,1,USD,branchid:11131
b5baad34-4c72-11ea-8fdc-b88a60e194fb-1,2020-01-14T04:00:19.000Z,crmid:1738008728,b5baad34-4c72-11ea-8fdc-b88a60e194fb,prd1041,Mortgage: 7/1 ARM,Mortgage,Personal,11819.46,1,USD,branchid:11124
b5bb97ec-4c72-11ea-9ec6-b88a60e194fb-1,2020-01-28T00:43:41.000Z,crmid:8208020979,b5bb97ec-4c72-11ea-9ec6-b88a60e194fb,prd1056,CDs: 5 year,Investment,Personal,14207.49,1,USD,branchid:11136
b5bc81da-4c72-11ea-9071-b88a60e194fb-1,2020-01-28T14:50:11.000Z,crmid:2288482965,b5bc81da-4c72-11ea-9071-b88a60e194fb,prd1129,Mortgage: 10/1 ARM,Mortgage,Personal,16539.5,1,USD,branchid:11029
b5bd6c36-4c72-11ea-b0f7-b88a60e194fb-1,2020-01-26T04:19:23.000Z,crmid:2231936741,b5bd6c36-4c72-11ea-b0f7-b88a60e194fb,prd1175,401k,Retirement,Personal,17823.03,1,USD,branchid:11038
b5cf6d86-4c72-11ea-9ea6-b88a60e194fb-1,2020-01-15T11:11:54.000Z,crmid:9858572348,b5cf6d86-4c72-11ea-9ea6-b88a60e194fb,prd1046,Mortgage: VA,Mortgage,Personal,205239.33,1,USD,branchid:11002
b5d07f0c-4c72-11ea-a6df-b88a60e194fb-1,2020-01-13T06:42:55.000Z,crmid:9108958819,b5d07f0c-4c72-11ea-a6df-b88a60e194fb,prd1115,Mortgage: VA,Mortgage,Personal,15316.61,1,USD,branchid:11019
b5d14238-4c72-11ea-a59b-b88a60e194fb-1,2020-01-07T04:45:47.000Z,crmid:9226095500,b5d14238-4c72-11ea-a59b-b88a60e194fb,prd1159,CDs: 3 month,Investment,Personal,12671.65,1,USD,branchid:11120
b5d22c9a-4c72-11ea-b652-b88a60e194fb-1,2020-01-27T17:53:21.000Z,crmid:1329691011,b5d22c9a-4c72-11ea-b652-b88a60e194fb,prd1114,CDs: 3 month,Investment,Personal,17716.18,1,USD,branchid:11112
b5d2efe4-4c72-11ea-9777-b88a60e194fb-1,2020-01-28T13:11:11.000Z,crmid:9392900010,b5d2efe4-4c72-11ea-9777-b88a60e194fb,prd1115,Mortgage: VA,Mortgage,Personal,19667.24,1,USD,branchid:11084
b5d3da4c-4c72-11ea-b9d0-b88a60e194fb-1,2020-01-31T18:39:27.000Z,crmid:8666826593,b5d3da4c-4c72-11ea-b9d0-b88a60e194fb,prd1120,Mortgage: 10/1 ARM,Mortgage,Personal,246941.61,1,USD,branchid:11067
b5d4c4ba-4c72-11ea-968f-b88a60e194fb-1,2020-01-10T10:07:18.000Z,crmid:8406693800,b5d4c4ba-4c72-11ea-968f-b88a60e194fb,prd1062,Mortgage: VA,Mortgage,Personal,13031.89,1,USD,branchid:11099
b5e6c762-4c72-11ea-86dc-b88a60e194fb-1,2020-01-04T01:35:11.000Z,crmid:7826421272,b5e6c762-4c72-11ea-86dc-b88a60e194fb,prd1008,Traditional IRA,Retirement,Personal,17262.99,1,USD,branchid:11046
b5e7b140-4c72-11ea-83e1-b88a60e194fb-1,2020-01-21T20:20:06.000Z,crmid:6689868511,b5e7b140-4c72-11ea-83e1-b88a60e194fb,prd1028,CDs: 1 year,Investment,Personal,3743207.38,1,USD,branchid:11040
b5e89ada-4c72-11ea-9e8e-b88a60e194fb-1,2020-01-27T08:33:19.000Z,crmid:5098835599,b5e89ada-4c72-11ea-9e8e-b88a60e194fb,prd1046,Mortgage: VA,Mortgage,Personal,11998.4,1,USD,branchid:11032
b5e98522-4c72-11ea-a18d-b88a60e194fb-1,2020-01-13T08:39:08.000Z,crmid:1231508440,b5e98522-4c72-11ea-a18d-b88a60e194fb,prd1182,Brokerage Account,Investment,Personal,12803.9,1,USD,branchid:11010
b5ea4862-4c72-11ea-b610-b88a60e194fb-1,2020-01-20T17:48:04.000Z,crmid:5408588745,b5ea4862-4c72-11ea-b610-b88a60e194fb,prd1078,Mortgage: 7/1 ARM,Mortgage,Personal,10168.47,1,USD,branchid:11145
b5eb5a2c-4c72-11ea-bf5e-b88a60e194fb-1,2020-01-21T09:01:17.000Z,crmid:4500791178,b5eb5a2c-4c72-11ea-bf5e-b88a60e194fb,prd1153,CDs: 1 year,Investment,Personal,265161.98,1,USD,branchid:11093
b5ec6b68-4c72-11ea-bc5b-b88a60e194fb-1,2020-01-29T12:05:52.000Z,crmid:7826691813,b5ec6b68-4c72-11ea-bc5b-b88a60e194fb,prd1021,CDs: 5 year,Investment,Personal,18697.34,1,USD,branchid:11134
b5fcbf2e-4c72-11ea-849c-b88a60e194fb-1,2020-01-17T16:05:01.000Z,crmid:7737425607,b5fcbf2e-4c72-11ea-849c-b88a60e194fb,prd1173,Money Market,Investment,Personal,15752.96,1,USD,branchid:11101
b5fd825e-4c72-11ea-8e79-b88a60e194fb-1,2020-01-04T05:12:04.000Z,crmid:7697524459,b5fd825e-4c72-11ea-8e79-b88a60e194fb,prd1046,Mortgage: VA,Mortgage,Personal,11491.55,1,USD,branchid:11121
b5fe1e74-4c72-11ea-87a3-b88a60e194fb-1,2020-01-04T23:06:15.000Z,crmid:6223627778,b5fe1e74-4c72-11ea-87a3-b88a60e194fb,prd1029,401k,Retirement,Personal,226022.98,1,USD,branchid:11065
b5ff2ff8-4c72-11ea-afc9-b88a60e194fb-1,2020-01-27T12:02:46.000Z,crmid:7510689865,b5ff2ff8-4c72-11ea-afc9-b88a60e194fb,prd1108,401k,Retirement,Personal,18438.15,1,USD,branchid:11053
b60041ba-4c72-11ea-821f-b88a60e194fb-1,2020-01-03T17:50:21.000Z,crmid:6240116768,b60041ba-4c72-11ea-821f-b88a60e194fb,prd1078,Mortgage: 7/1 ARM,Mortgage,Personal,19574.75,1,USD,branchid:11102
b601ef18-4c72-11ea-8c6f-b88a60e194fb-1,2020-01-08T15:48:10.000Z,crmid:5346051512,b601ef18-4c72-11ea-8c6f-b88a60e194fb,prd1049,Business Brokerage Account,Investment,Business,3482835.77,1,USD,branchid:11142
b60327e2-4c72-11ea-bc3e-b88a60e194fb-1,2020-01-07T09:10:13.000Z,crmid:6762569219,b60327e2-4c72-11ea-bc3e-b88a60e194fb,prd1181,Mortgage: 5/1 ARM,Mortgage,Personal,3888453.11,1,USD,branchid:11140
b61772ee-4c72-11ea-8844-b88a60e194fb-1,2020-01-17T13:13:10.000Z,crmid:8451281334,b61772ee-4c72-11ea-8844-b88a60e194fb,prd1117,Brokerage Account,Investment,Personal,13014.3,1,USD,branchid:11042
b6180f2e-4c72-11ea-8b01-b88a60e194fb-1,2020-01-26T02:51:53.000Z,crmid:1261845710,b6180f2e-4c72-11ea-8b01-b88a60e194fb,prd1042,Roth IRA,Retirement,Personal,231637.03,1,USD,branchid:11101
b618f99a-4c72-11ea-b35b-b88a60e194fb-1,2020-01-10T17:02:42.000Z,crmid:9330031042,b618f99a-4c72-11ea-b35b-b88a60e194fb,prd1124,CDs: 5 year,Investment,Personal,180249.12,1,USD,branchid:11077
b619e3f8-4c72-11ea-81c4-b88a60e194fb-1,2020-01-19T10:19:48.000Z,crmid:3532583477,b619e3f8-4c72-11ea-81c4-b88a60e194fb,prd1144,Home Equity Loan,Mortgage,Personal,194456.8,1,USD,branchid:11062
b61aa73e-4c72-11ea-b139-b88a60e194fb-1,2020-01-05T22:14:55.000Z,crmid:4068533042,b61aa73e-4c72-11ea-b139-b88a60e194fb,prd1185,Mortgage: FHA,Mortgage,Personal,222185.9,1,USD,branchid:11060
b61b6a94-4c72-11ea-a176-b88a60e194fb-1,2020-01-03T13:08:20.000Z,crmid:3557462621,b61b6a94-4c72-11ea-a176-b88a60e194fb,prd1024,Mortgage: FHA,Mortgage,Personal,17535.29,1,USD,branchid:11051
b61c2de2-4c72-11ea-b4bb-b88a60e194fb-1,2020-01-21T21:17:59.000Z,crmid:4272966687,b61c2de2-4c72-11ea-b4bb-b88a60e194fb,prd1013,Mortgage: FHA,Mortgage,Personal,162460.1,1,USD,branchid:11062
b62f40ae-4c72-11ea-88d6-b88a60e194fb-1,2020-01-22T17:51:50.000Z,crmid:4397928419,b62f40ae-4c72-11ea-88d6-b88a60e194fb,prd1157,Brokerage Account,Investment,Personal,202520.39,1,USD,branchid:11009
b63003e8-4c72-11ea-b367-b88a60e194fb-1,2020-01-02T23:37:19.000Z,crmid:3648861562,b63003e8-4c72-11ea-b367-b88a60e194fb,prd1029,401k,Retirement,Personal,18617.77,1,USD,branchid:11064
b630c734-4c72-11ea-b3aa-b88a60e194fb-1,2020-01-07T05:14:01.000Z,crmid:2860881484,b630c734-4c72-11ea-b3aa-b88a60e194fb,prd1179,Business Brokerage Account,Investment,Business,228258.73,1,USD,branchid:11046
b63226f0-4c72-11ea-9ef1-b88a60e194fb-1,2020-01-26T23:41:36.000Z,crmid:1063424331,b63226f0-4c72-11ea-9ef1-b88a60e194fb,prd1032,Home Equity Loan,Mortgage,Personal,254844.6,1,USD,branchid:11068
b6331148-4c72-11ea-b4d1-b88a60e194fb-1,2020-01-22T18:14:03.000Z,crmid:6053973745,b6331148-4c72-11ea-b4d1-b88a60e194fb,prd1131,Employee Stock Purchase Plans,Investment,Personal,228935.92,1,USD,branchid:11046
b633ad76-4c72-11ea-ab06-b88a60e194fb-1,2020-01-25T08:31:07.000Z,crmid:7913000390,b633ad76-4c72-11ea-ab06-b88a60e194fb,prd1139,Employee Stock Purchase Plans,Investment,Personal,3154050.99,1,USD,branchid:11037
b63497de-4c72-11ea-ab4b-b88a60e194fb-1,2020-01-16T20:15:27.000Z,crmid:2205865554,b63497de-4c72-11ea-ab4b-b88a60e194fb,prd1073,Business Brokerage Account,Investment,Business,101754.24,1,USD,branchid:11056
b64959a2-4c72-11ea-8d6e-b88a60e194fb-1,2020-01-06T22:07:32.000Z,crmid:5870026980,b64959a2-4c72-11ea-8d6e-b88a60e194fb,prd1026,Mortgage: 5/1 ARM,Mortgage,Personal,16464.07,1,USD,branchid:11047
b64a1c62-4c72-11ea-86be-b88a60e194fb-1,2020-01-28T04:47:09.000Z,crmid:2294728245,b64a1c62-4c72-11ea-86be-b88a60e194fb,prd1181,Mortgage: 5/1 ARM,Mortgage,Personal,207275.85,1,USD,branchid:11042
b64b2d1a-4c72-11ea-96f5-b88a60e194fb-1,2020-01-04T05:40:36.000Z,crmid:7999795530,b64b2d1a-4c72-11ea-96f5-b88a60e194fb,prd1189,Overseas Equity Fund,Investment,Personal,12813.16,1,USD,branchid:11008
b64c17a6-4c72-11ea-9ae1-b88a60e194fb-1,2020-01-26T02:23:37.000Z,crmid:5064862664,b64c17a6-4c72-11ea-9ae1-b88a60e194fb,prd1189,Overseas Equity Fund,Investment,Personal,15069.02,1,USD,branchid:11099
b64d01e8-4c72-11ea-974e-b88a60e194fb-1,2020-01-16T00:48:56.000Z,crmid:3515704807,b64d01e8-4c72-11ea-974e-b88a60e194fb,prd1108,401k,Retirement,Personal,20152.82,1,USD,branchid:11021
b64dc4fe-4c72-11ea-8f06-b88a60e194fb-1,2020-01-10T03:00:28.000Z,crmid:3579854798,b64dc4fe-4c72-11ea-8f06-b88a60e194fb,prd1148,Mortgage: 10/1 ARM,Mortgage,Personal,3512100.53,1,USD,branchid:11065
b64e885c-4c72-11ea-aca2-b88a60e194fb-1,2020-01-18T20:44:55.000Z,crmid:8790364855,b64e885c-4c72-11ea-aca2-b88a60e194fb,prd1064,CDs: 3 month,Investment,Personal,179112.86,1,USD,branchid:11033
b6612622-4c72-11ea-b7cf-b88a60e194fb-1,2020-01-18T01:17:33.000Z,crmid:8325984454,b6612622-4c72-11ea-b7cf-b88a60e194fb,prd1173,Money Market,Investment,Personal,15406.2,1,USD,branchid:11008
b661c3b6-4c72-11ea-ab82-b88a60e194fb-1,2020-01-13T13:26:35.000Z,crmid:3186389799,b661c3b6-4c72-11ea-ab82-b88a60e194fb,prd1013,Mortgage: FHA,Mortgage,Personal,17172.19,1,USD,branchid:11096
b662d3e2-4c72-11ea-af81-b88a60e194fb-1,2020-01-04T01:34:01.000Z,crmid:1829523960,b662d3e2-4c72-11ea-af81-b88a60e194fb,prd1035,Pension Account,Retirement,Personal,14256.78,1,USD,branchid:11095
b6639862-4c72-11ea-9132-b88a60e194fb-1,2020-01-23T02:12:55.000Z,crmid:4418934611,b6639862-4c72-11ea-9132-b88a60e194fb,prd1056,CDs: 5 year,Investment,Personal,218397.43,1,USD,branchid:11083
b6645a70-4c72-11ea-bf42-b88a60e194fb-1,2020-01-19T01:54:39.000Z,crmid:2378672661,b6645a70-4c72-11ea-bf42-b88a60e194fb,prd1046,Mortgage: VA,Mortgage,Personal,12823.39,1,USD,branchid:11121
b66544c2-4c72-11ea-bd58-b88a60e194fb-1,2020-01-09T12:32:39.000Z,crmid:3433744826,b66544c2-4c72-11ea-bd58-b88a60e194fb,prd1029,401k,Retirement,Personal,3644863.8,1,USD,branchid:11094
b6660986-4c72-11ea-8d47-b88a60e194fb-1,2020-01-12T04:36:27.000Z,crmid:4713909346,b6660986-4c72-11ea-8d47-b88a60e194fb,prd1008,Traditional IRA,Retirement,Personal,229306.18,1,USD,branchid:11136
b678576e-4c72-11ea-8782-b88a60e194fb-1,2020-01-15T05:37:30.000Z,crmid:4444258571,b678576e-4c72-11ea-8782-b88a60e194fb,prd1056,CDs: 5 year,Investment,Personal,152127.04,1,USD,branchid:11071
b6794334-4c72-11ea-8afc-b88a60e194fb-1,2020-01-13T09:19:31.000Z,crmid:2293453734,b6794334-4c72-11ea-8afc-b88a60e194fb,prd1125,Mortgage: FHA,Mortgage,Personal,16604.29,1,USD,branchid:11082
b67a2dac-4c72-11ea-852f-b88a60e194fb-1,2020-01-27T23:34:34.000Z,crmid:3605641448,b67a2dac-4c72-11ea-852f-b88a60e194fb,prd1165,Roth IRA,Retirement,Personal,162684.77,1,USD,branchid:11026
b67b17d0-4c72-11ea-b7ba-b88a60e194fb-1,2020-01-06T13:28:07.000Z,crmid:1939888339,b67b17d0-4c72-11ea-b7ba-b88a60e194fb,prd1053,Mortgage: VA,Mortgage,Personal,20363.89,1,USD,branchid:11049
b67c0124-4c72-11ea-8a71-b88a60e194fb-1,2020-01-10T04:47:10.000Z,crmid:8482907941,b67c0124-4c72-11ea-8a71-b88a60e194fb,prd1123,Mortgage: 10 yr Fixed,Mortgage,Personal,12066.36,1,USD,branchid:11140
b67cec9c-4c72-11ea-9b49-b88a60e194fb-1,2020-01-14T06:49:14.000Z,crmid:9464338796,b67cec9c-4c72-11ea-9b49-b88a60e194fb,prd1153,CDs: 1 year,Investment,Personal,2589367.3,1,USD,branchid:11023
b67daebe-4c72-11ea-94dd-b88a60e194fb-1,2020-01-01T13:18:06.000Z,crmid:5135477839,b67daebe-4c72-11ea-94dd-b88a60e194fb,prd1073,Business Brokerage Account,Investment,Business,291208.96,1,USD,branchid:11054
b691abda-4c72-11ea-8a4b-b88a60e194fb-1,2020-01-08T09:33:48.000Z,crmid:7668714621,b691abda-4c72-11ea-8a4b-b88a60e194fb,prd1061,Mortgage: 5/1 ARM,Mortgage,Personal,16265.76,1,USD,branchid:11100
b692490c-4c72-11ea-abac-b88a60e194fb-1,2020-01-12T11:53:25.000Z,crmid:3963661051,b692490c-4c72-11ea-abac-b88a60e194fb,prd1062,Mortgage: VA,Mortgage,Personal,18675.35,1,USD,branchid:11081
b693596e-4c72-11ea-a345-b88a60e194fb-1,2020-01-31T01:56:56.000Z,crmid:4154301508,b693596e-4c72-11ea-a345-b88a60e194fb,prd1083,Pension Account,Retirement,Personal,158533.58,1,USD,branchid:11090
b69443ee-4c72-11ea-889d-b88a60e194fb-1,2020-01-30T07:00:50.000Z,crmid:5529604407,b69443ee-4c72-11ea-889d-b88a60e194fb,prd1008,Traditional IRA,Retirement,Personal,3088233.62,1,USD,branchid:11006
b6952e64-4c72-11ea-9b62-b88a60e194fb-1,2020-01-30T05:39:20.000Z,crmid:9486859517,b6952e64-4c72-11ea-9b62-b88a60e194fb,prd1013,Mortgage: FHA,Mortgage,Personal,19477.07,1,USD,branchid:11012
b69618c6-4c72-11ea-b823-b88a60e194fb-1,2020-01-10T04:41:35.000Z,crmid:4405967902,b69618c6-4c72-11ea-b823-b88a60e194fb,prd1185,Mortgage: FHA,Mortgage,Personal,3650383.47,1,USD,branchid:11038
b696dbca-4c72-11ea-b915-b88a60e194fb-1,2020-01-03T17:51:08.000Z,crmid:2201152239,b696dbca-4c72-11ea-b915-b88a60e194fb,prd1120,Mortgage: 10/1 ARM,Mortgage,Personal,11433.09,1,USD,branchid:11003
b6b168e2-4c72-11ea-b1f7-b88a60e194fb-1,2020-01-19T06:03:43.000Z,crmid:1872380790,b6b168e2-4c72-11ea-b1f7-b88a60e194fb,prd1175,401k,Retirement,Personal,134209.07,1,USD,branchid:11120
b6b27b9c-4c72-11ea-a653-b88a60e194fb-1,2020-01-31T01:05:34.000Z,crmid:6311857906,b6b27b9c-4c72-11ea-a653-b88a60e194fb,prd1045,Mortgage: 10/1 ARM,Mortgage,Personal,3240377.83,1,USD,branchid:11099
b6b38bb4-4c72-11ea-8aeb-b88a60e194fb-1,2020-01-28T05:00:22.000Z,crmid:6056183322,b6b38bb4-4c72-11ea-8aeb-b88a60e194fb,prd1046,Mortgage: VA,Mortgage,Personal,211734.64,1,USD,branchid:11120
b6b4eb36-4c72-11ea-ba11-b88a60e194fb-1,2020-01-05T06:15:12.000Z,crmid:7036628728,b6b4eb36-4c72-11ea-ba11-b88a60e194fb,prd1061,Mortgage: 5/1 ARM,Mortgage,Personal,3404914.07,1,USD,branchid:11019
b6b671e8-4c72-11ea-9bcc-b88a60e194fb-1,2020-01-21T16:25:16.000Z,crmid:4625540334,b6b671e8-4c72-11ea-9bcc-b88a60e194fb,prd1033,Fixed Deposit,Investment,Personal,236952.14,1,USD,branchid:11036
b6b78348-4c72-11ea-b9db-b88a60e194fb-1,2020-01-15T22:07:37.000Z,crmid:1552024927,b6b78348-4c72-11ea-b9db-b88a60e194fb,prd1027,Mortgage: 30-yr Fixed,Mortgage,Personal,13761.94,1,USD,branchid:11130
b6b90a86-4c72-11ea-9c4e-b88a60e194fb-1,2020-01-25T18:53:07.000Z,crmid:5455275759,b6b90a86-4c72-11ea-9c4e-b88a60e194fb,prd1175,401k,Retirement,Personal,15703.61,1,USD,branchid:11046
b6cf2a8c-4c72-11ea-b4b3-b88a60e194fb-1,2020-01-26T00:18:25.000Z,crmid:9981930865,b6cf2a8c-4c72-11ea-b4b3-b88a60e194fb,prd1073,Business Brokerage Account,Investment,Business,18937.73,1,USD,branchid:11096
b6d0897e-4c72-11ea-9834-b88a60e194fb-1,2020-01-25T04:36:26.000Z,crmid:9602785478,b6d0897e-4c72-11ea-9834-b88a60e194fb,prd1068,Mortgage: 7/1 ARM,Mortgage,Personal,211012.48,1,USD,branchid:11067
b6d1c1f4-4c72-11ea-bb0a-b88a60e194fb-1,2020-01-04T18:58:09.000Z,crmid:1323858880,b6d1c1f4-4c72-11ea-bb0a-b88a60e194fb,prd1155,CDs: 5 year,Investment,Personal,4066850.61,1,USD,branchid:11028
b6d2fa94-4c72-11ea-a58b-b88a60e194fb-1,2020-01-19T14:55:35.000Z,crmid:6749449827,b6d2fa94-4c72-11ea-a58b-b88a60e194fb,prd1008,Traditional IRA,Retirement,Personal,258349.41,1,USD,branchid:11052
b6d432f0-4c72-11ea-9b9b-b88a60e194fb-1,2020-01-13T12:59:43.000Z,crmid:1455504159,b6d432f0-4c72-11ea-9b9b-b88a60e194fb,prd1174,Traditional IRA,Retirement,Personal,158984.04,1,USD,branchid:11092
b6d56b5a-4c72-11ea-bf69-b88a60e194fb-1,2020-01-07T02:03:00.000Z,crmid:9538304657,b6d56b5a-4c72-11ea-bf69-b88a60e194fb,prd1027,Mortgage: 30-yr Fixed,Mortgage,Personal,11652.45,1,USD,branchid:11129
b6d67cd2-4c72-11ea-b863-b88a60e194fb-1,2020-01-26T04:39:08.000Z,crmid:8132032619,b6d67cd2-4c72-11ea-b863-b88a60e194fb,prd1034,Home Equity Loan,Mortgage,Personal,18494.82,1,USD,branchid:11075
b6ef832e-4c72-11ea-9ac5-b88a60e194fb-1,2020-01-12T05:45:03.000Z,crmid:7347959702,b6ef832e-4c72-11ea-9ac5-b88a60e194fb,prd1032,Home Equity Loan,Mortgage,Personal,161350.45,1,USD,branchid:11122
b6f17f24-4c72-11ea-86eb-b88a60e194fb-1,2020-01-12T13:33:27.000Z,crmid:9739876803,b6f17f24-4c72-11ea-86eb-b88a60e194fb,prd1079,Mortgage: 30-yr Fixed,Mortgage,Personal,198836.97,1,USD,branchid:11015
b6f305ae-4c72-11ea-bff8-b88a60e194fb-1,2020-01-15T06:22:34.000Z,crmid:1352302152,b6f305ae-4c72-11ea-bff8-b88a60e194fb,prd1087,Overseas Equity Fund,Investment,Personal,19255.18,1,USD,branchid:11060
b6f48c2c-4c72-11ea-bbce-b88a60e194fb-1,2020-01-27T15:08:27.000Z,crmid:6837124370,b6f48c2c-4c72-11ea-bbce-b88a60e194fb,prd1049,Business Brokerage Account,Investment,Business,11848.97,1,USD,branchid:11077
b6f612e2-4c72-11ea-940f-b88a60e194fb-1,2020-01-18T07:58:21.000Z,crmid:4169572143,b6f612e2-4c72-11ea-940f-b88a60e194fb,prd1151,Mortgage: 10 yr Fixed,Mortgage,Personal,315417.79,1,USD,branchid:11059
b6f74b46-4c72-11ea-8a35-b88a60e194fb-1,2020-01-26T10:44:58.000Z,crmid:1173804382,b6f74b46-4c72-11ea-8a35-b88a60e194fb,prd1062,Mortgage: VA,Mortgage,Personal,16677.56,1,USD,branchid:11078
b6f8aae4-4c72-11ea-826d-b88a60e194fb-1,2020-01-24T03:28:53.000Z,crmid:9482101533,b6f8aae4-4c72-11ea-826d-b88a60e194fb,prd1060,Traditional IRA,Retirement,Personal,3901316.35,1,USD,branchid:11113
b7129b5e-4c72-11ea-8f85-b88a60e194fb-1,2020-01-04T13:49:01.000Z,crmid:6911435764,b7129b5e-4c72-11ea-8f85-b88a60e194fb,prd1028,CDs: 1 year,Investment,Personal,19179.43,1,USD,branchid:11075
b713d3e6-4c72-11ea-8f32-b88a60e194fb-1,2020-01-30T11:17:36.000Z,crmid:6945943933,b713d3e6-4c72-11ea-8f32-b88a60e194fb,prd1167,Roth IRA,Retirement,Personal,272888.9,1,USD,branchid:11016
b7150cec-4c72-11ea-9c83-b88a60e194fb-1,2020-01-20T19:54:34.000Z,crmid:3301449636,b7150cec-4c72-11ea-9c83-b88a60e194fb,prd1189,Overseas Equity Fund,Investment,Personal,11560.57,1,USD,branchid:11121
b7170862-4c72-11ea-8044-b88a60e194fb-1,2020-01-25T10:15:07.000Z,crmid:8720378801,b7170862-4c72-11ea-8044-b88a60e194fb,prd1042,Roth IRA,Retirement,Personal,146473.82,1,USD,branchid:11037
b717f282-4c72-11ea-818d-b88a60e194fb-1,2020-01-05T07:01:21.000Z,crmid:3615475303,b717f282-4c72-11ea-818d-b88a60e194fb,prd1101,Mortgage: 5/1 ARM,Mortgage,Personal,148204.02,1,USD,branchid:11045
b718dd0a-4c72-11ea-8c52-b88a60e194fb-1,2020-01-12T02:55:31.000Z,crmid:5867530559,b718dd0a-4c72-11ea-8c52-b88a60e194fb,prd1083,Pension Account,Retirement,Personal,3307117.34,1,USD,branchid:11090
b719c754-4c72-11ea-915a-b88a60e194fb-1,2020-01-26T02:18:01.000Z,crmid:5011376078,b719c754-4c72-11ea-915a-b88a60e194fb,prd1150,Money Market,Investment,Personal,4302901.41,1,USD,branchid:11144
b72d011e-4c72-11ea-b930-b88a60e194fb-1,2020-01-11T11:20:00.000Z,crmid:2637666942,b72d011e-4c72-11ea-b930-b88a60e194fb,prd1159,CDs: 3 month,Investment,Personal,17301.65,1,USD,branchid:11082
b72dc49e-4c72-11ea-9801-b88a60e194fb-1,2020-01-28T15:48:04.000Z,crmid:7774621616,b72dc49e-4c72-11ea-9801-b88a60e194fb,prd1077,Roth IRA,Retirement,Personal,16962.7,1,USD,branchid:11089
b72eaee4-4c72-11ea-8913-b88a60e194fb-1,2020-01-05T16:40:11.000Z,crmid:8868538548,b72eaee4-4c72-11ea-8913-b88a60e194fb,prd1041,Mortgage: 7/1 ARM,Mortgage,Personal,14840.33,1,USD,branchid:11079
b72f726e-4c72-11ea-833a-b88a60e194fb-1,2020-01-24T14:09:56.000Z,crmid:4378670165,b72f726e-4c72-11ea-833a-b88a60e194fb,prd1041,Mortgage: 7/1 ARM,Mortgage,Personal,14480.23,1,USD,branchid:11046
b73083d2-4c72-11ea-afd8-b88a60e194fb-1,2020-01-31T13:59:12.000Z,crmid:9336990307,b73083d2-4c72-11ea-afd8-b88a60e194fb,prd1024,Mortgage: FHA,Mortgage,Personal,16114.42,1,USD,branchid:11070
b731950c-4c72-11ea-a73c-b88a60e194fb-1,2020-01-23T23:04:33.000Z,crmid:2705633869,b731950c-4c72-11ea-a73c-b88a60e194fb,prd1159,CDs: 3 month,Investment,Personal,210142.53,1,USD,branchid:11110
b7327f5a-4c72-11ea-a030-b88a60e194fb-1,2020-01-11T08:12:48.000Z,crmid:2985416634,b7327f5a-4c72-11ea-a030-b88a60e194fb,prd1185,Mortgage: FHA,Mortgage,Personal,11972.59,1,USD,branchid:11101
b74718f4-4c72-11ea-83cc-b88a60e194fb-1,2020-01-12T14:59:25.000Z,crmid:4696326703,b74718f4-4c72-11ea-83cc-b88a60e194fb,prd1185,Mortgage: FHA,Mortgage,Personal,19460.92,1,USD,branchid:11136
b7487892-4c72-11ea-b69c-b88a60e194fb-1,2020-01-10T06:24:33.000Z,crmid:9461000979,b7487892-4c72-11ea-b69c-b88a60e194fb,prd1124,CDs: 5 year,Investment,Personal,176079.21,1,USD,branchid:11013
b749ff1e-4c72-11ea-8702-b88a60e194fb-1,2020-01-10T11:53:55.000Z,crmid:5647630172,b749ff1e-4c72-11ea-8702-b88a60e194fb,prd1112,Fixed Deposit,Investment,Personal,229903.07,1,USD,branchid:11036
b74b37a4-4c72-11ea-a2c4-b88a60e194fb-1,2020-01-03T03:20:46.000Z,crmid:4418814706,b74b37a4-4c72-11ea-a2c4-b88a60e194fb,prd1073,Business Brokerage Account,Investment,Business,10225.42,1,USD,branchid:11036
b74c700a-4c72-11ea-a081-b88a60e194fb-1,2020-01-28T22:47:11.000Z,crmid:9319454555,b74c700a-4c72-11ea-a081-b88a60e194fb,prd1060,Traditional IRA,Retirement,Personal,245274.26,1,USD,branchid:11149
b74dcfd8-4c72-11ea-95b1-b88a60e194fb-1,2020-01-03T04:53:32.000Z,crmid:7344970590,b74dcfd8-4c72-11ea-95b1-b88a60e194fb,prd1028,CDs: 1 year,Investment,Personal,146499.85,1,USD,branchid:11088
b74eb9e8-4c72-11ea-be65-b88a60e194fb-1,2020-01-24T23:01:33.000Z,crmid:2084015816,b74eb9e8-4c72-11ea-be65-b88a60e194fb,prd1021,CDs: 5 year,Investment,Personal,218039.54,1,USD,branchid:11090
b76723ee-4c72-11ea-863c-b88a60e194fb-1,2020-01-02T17:05:16.000Z,crmid:9357677479,b76723ee-4c72-11ea-863c-b88a60e194fb,prd1172,Employee Stock Purchase Plans,Investment,Personal,14322.13,1,USD,branchid:11080
b76883c0-4c72-11ea-b008-b88a60e194fb-1,2020-01-15T08:13:00.000Z,crmid:1296232440,b76883c0-4c72-11ea-b008-b88a60e194fb,prd1179,Business Brokerage Account,Investment,Business,267287.75,1,USD,branchid:11146
b7696de8-4c72-11ea-bdf8-b88a60e194fb-1,2020-01-17T16:48:27.000Z,crmid:3723913486,b7696de8-4c72-11ea-bdf8-b88a60e194fb,prd1174,Traditional IRA,Retirement,Personal,105749.72,1,USD,branchid:11035
b76a3124-4c72-11ea-9664-b88a60e194fb-1,2020-01-04T18:47:22.000Z,crmid:9546841670,b76a3124-4c72-11ea-9664-b88a60e194fb,prd1157,Brokerage Account,Investment,Personal,165638.48,1,USD,branchid:11112
b76b42a8-4c72-11ea-b9c8-b88a60e194fb-1,2020-01-06T20:32:29.000Z,crmid:6268249014,b76b42a8-4c72-11ea-b9c8-b88a60e194fb,prd1167,Roth IRA,Retirement,Personal,3883780.63,1,USD,branchid:11128
b76c540a-4c72-11ea-aada-b88a60e194fb-1,2020-01-05T03:23:01.000Z,crmid:2525629194,b76c540a-4c72-11ea-aada-b88a60e194fb,prd1181,Mortgage: 5/1 ARM,Mortgage,Personal,14588.26,1,USD,branchid:11012
b76d3e62-4c72-11ea-b963-b88a60e194fb-1,2020-01-09T18:33:29.000Z,crmid:3026502557,b76d3e62-4c72-11ea-b963-b88a60e194fb,prd1033,Fixed Deposit,Investment,Personal,286301.17,1,USD,branchid:11050
b78841a8-4c72-11ea-a1c9-b88a60e194fb-1,2020-01-25T01:05:39.000Z,crmid:9156353353,b78841a8-4c72-11ea-a1c9-b88a60e194fb,prd1184,Fixed Deposit,Investment,Personal,2405212.68,1,USD,branchid:11082
b789c724-4c72-11ea-8572-b88a60e194fb-1,2020-01-23T08:29:08.000Z,crmid:1837754320,b789c724-4c72-11ea-8572-b88a60e194fb,prd1150,Money Market,Investment,Personal,10612.35,1,USD,branchid:11024
b78b2698-4c72-11ea-a100-b88a60e194fb-1,2020-01-15T10:08:28.000Z,crmid:7041806156,b78b2698-4c72-11ea-a100-b88a60e194fb,prd1159,CDs: 3 month,Investment,Personal,14575.22,1,USD,branchid:11062
b78c3810-4c72-11ea-bc89-b88a60e194fb-1,2020-01-31T23:09:30.000Z,crmid:2045425858,b78c3810-4c72-11ea-bc89-b88a60e194fb,prd1108,401k,Retirement,Personal,101977.47,1,USD,branchid:11055
b78d97b0-4c72-11ea-8513-b88a60e194fb-1,2020-01-26T06:39:12.000Z,crmid:8662301368,b78d97b0-4c72-11ea-8513-b88a60e194fb,prd1129,Mortgage: 10/1 ARM,Mortgage,Personal,22503.02,1,USD,branchid:11120
b78f4566-4c72-11ea-b116-b88a60e194fb-1,2020-01-13T16:28:59.000Z,crmid:3159849638,b78f4566-4c72-11ea-b116-b88a60e194fb,prd1026,Mortgage: 5/1 ARM,Mortgage,Personal,11837.0,1,USD,branchid:11074
b790592e-4c72-11ea-98a9-b88a60e194fb-1,2020-01-04T19:32:45.000Z,crmid:9265492226,b790592e-4c72-11ea-98a9-b88a60e194fb,prd1028,CDs: 1 year,Investment,Personal,13045.1,1,USD,branchid:11012
b7a73a10-4c72-11ea-89c9-b88a60e194fb-1,2020-01-17T14:56:29.000Z,crmid:5406005259,b7a73a10-4c72-11ea-89c9-b88a60e194fb,prd1123,Mortgage: 10 yr Fixed,Mortgage,Personal,12915.29,1,USD,branchid:11067
b7a82488-4c72-11ea-87a5-b88a60e194fb-1,2020-01-13T16:57:11.000Z,crmid:5730338159,b7a82488-4c72-11ea-87a5-b88a60e194fb,prd1087,Overseas Equity Fund,Investment,Personal,19685.99,1,USD,branchid:11037
b7a935e4-4c72-11ea-85fe-b88a60e194fb-1,2020-01-08T06:12:15.000Z,crmid:4255364074,b7a935e4-4c72-11ea-85fe-b88a60e194fb,prd1027,Mortgage: 30-yr Fixed,Mortgage,Personal,9069.24,1,USD,branchid:11040
b7a9f94a-4c72-11ea-aa53-b88a60e194fb-1,2020-01-08T14:49:36.000Z,crmid:7574508615,b7a9f94a-4c72-11ea-aa53-b88a60e194fb,prd1121,Mortgage: 30-yr Fixed,Mortgage,Personal,11565.42,1,USD,branchid:11002
b7aae42c-4c72-11ea-a332-b88a60e194fb-1,2020-01-20T19:21:36.000Z,crmid:1191550245,b7aae42c-4c72-11ea-a332-b88a60e194fb,prd1101,Mortgage: 5/1 ARM,Mortgage,Personal,269932.45,1,USD,branchid:11066
b7aba6ec-4c72-11ea-8bf7-b88a60e194fb-1,2020-01-09T13:32:20.000Z,crmid:6565294766,b7aba6ec-4c72-11ea-8bf7-b88a60e194fb,prd1034,Home Equity Loan,Mortgage,Personal,11972.67,1,USD,branchid:11067
b7acb8de-4c72-11ea-99b1-b88a60e194fb-1,2020-01-04T01:11:37.000Z,crmid:1708375238,b7acb8de-4c72-11ea-99b1-b88a60e194fb,prd1025,Brokerage Account,Investment,Personal,9593.03,1,USD,branchid:11034
b7c23c0c-4c72-11ea-8619-b88a60e194fb-1,2020-01-08T18:39:28.000Z,crmid:8358052134,b7c23c0c-4c72-11ea-8619-b88a60e194fb,prd1159,CDs: 3 month,Investment,Personal,280207.89,1,USD,branchid:11134
b7c34d9c-4c72-11ea-8719-b88a60e194fb-1,2020-01-26T08:45:54.000Z,crmid:1240163868,b7c34d9c-4c72-11ea-8719-b88a60e194fb,prd1150,Money Market,Investment,Personal,229195.45,1,USD,branchid:11118
b7c48602-4c72-11ea-956e-b88a60e194fb-1,2020-01-28T02:13:02.000Z,crmid:2886835008,b7c48602-4c72-11ea-956e-b88a60e194fb,prd1151,Mortgage: 10 yr Fixed,Mortgage,Personal,11718.56,1,USD,branchid:11112
b7c54950-4c72-11ea-a35c-b88a60e194fb-1,2020-01-12T17:45:31.000Z,crmid:9770786318,b7c54950-4c72-11ea-a35c-b88a60e194fb,prd1049,Business Brokerage Account,Investment,Business,243750.94,1,USD,branchid:11053
b7c60c98-4c72-11ea-8d6b-b88a60e194fb-1,2020-01-12T01:11:48.000Z,crmid:3284275057,b7c60c98-4c72-11ea-8d6b-b88a60e194fb,prd1027,Mortgage: 30-yr Fixed,Mortgage,Personal,4983970.83,1,USD,branchid:11143
b7c6f718-4c72-11ea-bbd8-b88a60e194fb-1,2020-01-01T08:15:52.000Z,crmid:5970155509,b7c6f718-4c72-11ea-bbd8-b88a60e194fb,prd1110,Traditional IRA,Retirement,Personal,180934.04,1,USD,branchid:11057
b7c7ba62-4c72-11ea-a626-b88a60e194fb-1,2020-01-03T08:16:04.000Z,crmid:3731648077,b7c7ba62-4c72-11ea-a626-b88a60e194fb,prd1172,Employee Stock Purchase Plans,Investment,Personal,129247.35,1,USD,branchid:11057
b7db426c-4c72-11ea-a248-b88a60e194fb-1,2020-01-27T08:46:49.000Z,crmid:3934402133,b7db426c-4c72-11ea-a248-b88a60e194fb,prd1155,CDs: 5 year,Investment,Personal,12241.07,1,USD,branchid:11006
b7dc2dd8-4c72-11ea-9162-b88a60e194fb-1,2020-01-06T22:37:51.000Z,crmid:7614203665,b7dc2dd8-4c72-11ea-9162-b88a60e194fb,prd1061,Mortgage: 5/1 ARM,Mortgage,Personal,8701.97,1,USD,branchid:11066
b7dcf166-4c72-11ea-9a07-b88a60e194fb-1,2020-01-19T12:08:58.000Z,crmid:9737879327,b7dcf166-4c72-11ea-9a07-b88a60e194fb,prd1035,Pension Account,Retirement,Personal,13145.38,1,USD,branchid:11096
b7de0194-4c72-11ea-a780-b88a60e194fb-1,2020-01-23T16:04:01.000Z,crmid:8818874578,b7de0194-4c72-11ea-a780-b88a60e194fb,prd1184,Fixed Deposit,Investment,Personal,194730.05,1,USD,branchid:11006
b7dec4f6-4c72-11ea-9f37-b88a60e194fb-1,2020-01-31T21:14:49.000Z,crmid:1212104609,b7dec4f6-4c72-11ea-9f37-b88a60e194fb,prd1185,Mortgage: FHA,Mortgage,Personal,16927.35,1,USD,branchid:11052
b7dfd78c-4c72-11ea-97c8-b88a60e194fb-1,2020-01-18T10:49:34.000Z,crmid:4734084037,b7dfd78c-4c72-11ea-97c8-b88a60e194fb,prd1032,Home Equity Loan,Mortgage,Personal,186285.86,1,USD,branchid:11002
b7e09adc-4c72-11ea-9eec-b88a60e194fb-1,2020-01-25T19:21:57.000Z,crmid:6763915590,b7e09adc-4c72-11ea-9eec-b88a60e194fb,prd1046,Mortgage: VA,Mortgage,Personal,185280.28,1,USD,branchid:11100
b7fe0c8c-4c72-11ea-82e3-b88a60e194fb-1,2020-01-14T05:19:45.000Z,crmid:1449643570,b7fe0c8c-4c72-11ea-82e3-b88a60e194fb,prd1045,Mortgage: 10/1 ARM,Mortgage,Personal,95495.6,1,USD,branchid:11030
b8002f74-4c72-11ea-95fd-b88a60e194fb-1,2020-01-21T15:19:21.000Z,crmid:8478061170,b8002f74-4c72-11ea-95fd-b88a60e194fb,prd1037,Home Equity Loan,Mortgage,Personal,9576.84,1,USD,branchid:11109
b802525a-4c72-11ea-8dec-b88a60e194fb-1,2020-01-04T14:17:25.000Z,crmid:2816472081,b802525a-4c72-11ea-8dec-b88a60e194fb,prd1144,Home Equity Loan,Mortgage,Personal,223391.33,1,USD,branchid:11008
b803b1e4-4c72-11ea-a083-b88a60e194fb-1,2020-01-31T01:19:07.000Z,crmid:8524020590,b803b1e4-4c72-11ea-a083-b88a60e194fb,prd1032,Home Equity Loan,Mortgage,Personal,120141.86,1,USD,branchid:11133
b804ea5a-4c72-11ea-a33a-b88a60e194fb-1,2020-01-08T17:42:13.000Z,crmid:9795824659,b804ea5a-4c72-11ea-a33a-b88a60e194fb,prd1045,Mortgage: 10/1 ARM,Mortgage,Personal,12156.33,1,USD,branchid:11104
b806e642-4c72-11ea-82d1-b88a60e194fb-1,2020-01-26T20:58:31.000Z,crmid:6799807695,b806e642-4c72-11ea-82d1-b88a60e194fb,prd1030,401k,Retirement,Personal,301286.35,1,USD,branchid:11097
b80845b8-4c72-11ea-a09a-b88a60e194fb-1,2020-01-23T00:53:59.000Z,crmid:3652021792,b80845b8-4c72-11ea-a09a-b88a60e194fb,prd1114,CDs: 3 month,Investment,Personal,15975.76,1,USD,branchid:11050
b820af9e-4c72-11ea-8b73-b88a60e194fb-1,2020-01-31T05:58:29.000Z,crmid:6280988015,b820af9e-4c72-11ea-8b73-b88a60e194fb,prd1182,Brokerage Account,Investment,Personal,182201.96,1,USD,branchid:11019
b821c11a-4c72-11ea-af4b-b88a60e194fb-1,2020-01-08T14:06:03.000Z,crmid:1189884623,b821c11a-4c72-11ea-af4b-b88a60e194fb,prd1167,Roth IRA,Retirement,Personal,14638.26,1,USD,branchid:11139
b822d28a-4c72-11ea-b0df-b88a60e194fb-1,2020-01-25T04:54:12.000Z,crmid:3270428923,b822d28a-4c72-11ea-b0df-b88a60e194fb,prd1035,Pension Account,Retirement,Personal,14508.25,1,USD,branchid:11013
b823e3fe-4c72-11ea-88fb-b88a60e194fb-1,2020-01-14T14:03:47.000Z,crmid:6754380332,b823e3fe-4c72-11ea-88fb-b88a60e194fb,prd1184,Fixed Deposit,Investment,Personal,17882.3,1,USD,branchid:11080
b824f566-4c72-11ea-9a2e-b88a60e194fb-1,2020-01-02T01:39:02.000Z,crmid:3244256096,b824f566-4c72-11ea-9a2e-b88a60e194fb,prd1123,Mortgage: 10 yr Fixed,Mortgage,Personal,254564.34,1,USD,branchid:11079
b825dfe2-4c72-11ea-a6ed-b88a60e194fb-1,2020-01-05T12:46:49.000Z,crmid:6135115711,b825dfe2-4c72-11ea-a6ed-b88a60e194fb,prd1129,Mortgage: 10/1 ARM,Mortgage,Personal,16237.17,1,USD,branchid:11028
b826ca34-4c72-11ea-a220-b88a60e194fb-1,2020-01-14T22:21:46.000Z,crmid:5784993096,b826ca34-4c72-11ea-a220-b88a60e194fb,prd1053,Mortgage: VA,Mortgage,Personal,17031.46,1,USD,branchid:11042
b83a2c76-4c72-11ea-9412-b88a60e194fb-1,2020-01-01T09:06:18.000Z,crmid:7473411262,b83a2c76-4c72-11ea-9412-b88a60e194fb,prd1087,Overseas Equity Fund,Investment,Personal,16836.18,1,USD,branchid:11094
b83aee7a-4c72-11ea-813d-b88a60e194fb-1,2020-01-09T00:13:22.000Z,crmid:4984843005,b83aee7a-4c72-11ea-813d-b88a60e194fb,prd1077,Roth IRA,Retirement,Personal,18435.61,1,USD,branchid:11060
b83bd93a-4c72-11ea-b632-b88a60e194fb-1,2020-01-20T22:00:41.000Z,crmid:1100973196,b83bd93a-4c72-11ea-b632-b88a60e194fb,prd1028,CDs: 1 year,Investment,Personal,14225.88,1,USD,branchid:11137
b83c7510-4c72-11ea-8e26-b88a60e194fb-1,2020-01-03T04:16:48.000Z,crmid:8574057720,b83c7510-4c72-11ea-8e26-b88a60e194fb,prd1053,Mortgage: VA,Mortgage,Personal,195000.0,1,USD,branchid:11085
b83d3940-4c72-11ea-95ab-b88a60e194fb-1,2020-01-19T01:23:07.000Z,crmid:6464616988,b83d3940-4c72-11ea-95ab-b88a60e194fb,prd1111,Pension Account,Retirement,Personal,17745.7,1,USD,branchid:11071
b83dfcae-4c72-11ea-97f9-b88a60e194fb-1,2020-01-15T17:50:06.000Z,crmid:6174041221,b83dfcae-4c72-11ea-97f9-b88a60e194fb,prd1097,Employee Stock Purchase Plans,Investment,Personal,13569.31,1,USD,branchid:11021
b83ec04a-4c72-11ea-8dca-b88a60e194fb-1,2020-01-09T15:44:54.000Z,crmid:9465633667,b83ec04a-4c72-11ea-8dca-b88a60e194fb,prd1035,Pension Account,Retirement,Personal,17297.82,1,USD,branchid:11081
b853ce80-4c72-11ea-a580-b88a60e194fb-1,2020-01-12T09:17:37.000Z,crmid:3820025361,b853ce80-4c72-11ea-a580-b88a60e194fb,prd1101,Mortgage: 5/1 ARM,Mortgage,Personal,248891.58,1,USD,branchid:11121
b8546ae4-4c72-11ea-874e-b88a60e194fb-1,2020-01-22T12:18:15.000Z,crmid:2044024440,b8546ae4-4c72-11ea-874e-b88a60e194fb,prd1042,Roth IRA,Retirement,Personal,204569.3,1,USD,branchid:11097
b8555534-4c72-11ea-b7e6-b88a60e194fb-1,2020-01-24T15:13:41.000Z,crmid:1472036413,b8555534-4c72-11ea-b7e6-b88a60e194fb,prd1144,Home Equity Loan,Mortgage,Personal,15528.51,1,USD,branchid:11006
b8561786-4c72-11ea-8231-b88a60e194fb-1,2020-01-22T18:17:20.000Z,crmid:9597004540,b8561786-4c72-11ea-8231-b88a60e194fb,prd1041,Mortgage: 7/1 ARM,Mortgage,Personal,13742.49,1,USD,branchid:11136
b856daf0-4c72-11ea-9030-b88a60e194fb-1,2020-01-03T07:51:31.000Z,crmid:7481424162,b856daf0-4c72-11ea-9030-b88a60e194fb,prd1061,Mortgage: 5/1 ARM,Mortgage,Personal,13142.7,1,USD,branchid:11103
b857ec52-4c72-11ea-b134-b88a60e194fb-1,2020-01-12T15:33:20.000Z,crmid:7723999067,b857ec52-4c72-11ea-b134-b88a60e194fb,prd1165,Roth IRA,Retirement,Personal,13604.54,1,USD,branchid:11005
b858b098-4c72-11ea-be7e-b88a60e194fb-1,2020-01-20T08:18:58.000Z,crmid:2618043486,b858b098-4c72-11ea-be7e-b88a60e194fb,prd1042,Roth IRA,Retirement,Personal,15012.57,1,USD,branchid:11009
b86cacca-4c72-11ea-ae68-b88a60e194fb-1,2020-01-19T22:29:28.000Z,crmid:2897883166,b86cacca-4c72-11ea-ae68-b88a60e194fb,prd1139,Employee Stock Purchase Plans,Investment,Personal,133674.08,1,USD,branchid:11139
b86d702c-4c72-11ea-a7fe-b88a60e194fb-1,2020-01-01T08:08:19.000Z,crmid:1475360014,b86d702c-4c72-11ea-a7fe-b88a60e194fb,prd1088,CDs: 1 year,Investment,Personal,11008.15,1,USD,branchid:11048
b86e5a7e-4c72-11ea-ae97-b88a60e194fb-1,2020-01-09T07:05:15.000Z,crmid:4573466689,b86e5a7e-4c72-11ea-ae97-b88a60e194fb,prd1111,Pension Account,Retirement,Personal,9970.57,1,USD,branchid:11015
b86f1dc6-4c72-11ea-8e96-b88a60e194fb-1,2020-01-05T01:38:57.000Z,crmid:5538800731,b86f1dc6-4c72-11ea-8e96-b88a60e194fb,prd1155,CDs: 5 year,Investment,Personal,19497.0,1,USD,branchid:11130
b870088c-4c72-11ea-b98c-b88a60e194fb-1,2020-01-05T15:41:00.000Z,crmid:4898015616,b870088c-4c72-11ea-b98c-b88a60e194fb,prd1014,CDs: 3 month,Investment,Personal,16418.47,1,USD,branchid:11130
b870f268-4c72-11ea-8e45-b88a60e194fb-1,2020-01-06T08:09:24.000Z,crmid:5117996225,b870f268-4c72-11ea-8e45-b88a60e194fb,prd1124,CDs: 5 year,Investment,Personal,19979.07,1,USD,branchid:11067
b871dcc0-4c72-11ea-8b6f-b88a60e194fb-1,2020-01-07T04:51:41.000Z,crmid:8228113636,b871dcc0-4c72-11ea-8b6f-b88a60e194fb,prd1029,401k,Retirement,Personal,14051.46,1,USD,branchid:11048
b886c470-4c72-11ea-9ae3-b88a60e194fb-1,2020-01-24T18:56:27.000Z,crmid:2741838619,b886c470-4c72-11ea-9ae3-b88a60e194fb,prd1014,CDs: 3 month,Investment,Personal,319624.08,1,USD,branchid:11070
b887d614-4c72-11ea-b1d2-b88a60e194fb-1,2020-01-02T23:14:07.000Z,crmid:4581913675,b887d614-4c72-11ea-b1d2-b88a60e194fb,prd1021,CDs: 5 year,Investment,Personal,16696.7,1,USD,branchid:11061
b888c03e-4c72-11ea-a461-b88a60e194fb-1,2020-01-04T12:56:59.000Z,crmid:2852491371,b888c03e-4c72-11ea-a461-b88a60e194fb,prd1073,Business Brokerage Account,Investment,Business,14408.16,1,USD,branchid:11031
b8895c7e-4c72-11ea-81f6-b88a60e194fb-1,2020-01-10T22:01:46.000Z,crmid:5908173301,b8895c7e-4c72-11ea-81f6-b88a60e194fb,prd1176,Overseas Equity Fund,Investment,Personal,12776.93,1,USD,branchid:11025
b88a6de8-4c72-11ea-abad-b88a60e194fb-1,2020-01-31T21:47:22.000Z,crmid:4686001154,b88a6de8-4c72-11ea-abad-b88a60e194fb,prd1097,Employee Stock Purchase Plans,Investment,Personal,17282.4,1,USD,branchid:11058
b88b3136-4c72-11ea-8e9a-b88a60e194fb-1,2020-01-01T17:38:13.000Z,crmid:9320614767,b88b3136-4c72-11ea-8e9a-b88a60e194fb,prd1062,Mortgage: VA,Mortgage,Personal,14210.39,1,USD,branchid:11106
b88bf58c-4c72-11ea-9d7b-b88a60e194fb-1,2020-01-12T23:44:48.000Z,crmid:8259000971,b88bf58c-4c72-11ea-9d7b-b88a60e194fb,prd1046,Mortgage: VA,Mortgage,Personal,12189.59,1,USD,branchid:11019
b8a1ed8c-4c72-11ea-9959-b88a60e194fb-1,2020-01-24T22:36:16.000Z,crmid:1678692898,b8a1ed8c-4c72-11ea-9959-b88a60e194fb,prd1175,401k,Retirement,Personal,17618.23,1,USD,branchid:11100
b8a2b0e4-4c72-11ea-91fa-b88a60e194fb-1,2020-01-10T20:46:15.000Z,crmid:6818530436,b8a2b0e4-4c72-11ea-91fa-b88a60e194fb,prd1077,Roth IRA,Retirement,Personal,15511.44,1,USD,branchid:11026
b8a34d1c-4c72-11ea-a10b-b88a60e194fb-1,2020-01-13T14:50:35.000Z,crmid:3577409471,b8a34d1c-4c72-11ea-a10b-b88a60e194fb,prd1027,Mortgage: 30-yr Fixed,Mortgage,Personal,14367.4,1,USD,branchid:11147
b8a45fe2-4c72-11ea-96fb-b88a60e194fb-1,2020-01-29T10:47:00.000Z,crmid:9803958447,b8a45fe2-4c72-11ea-96fb-b88a60e194fb,prd1108,401k,Retirement,Personal,9379.78,1,USD,branchid:11033
b8a52314-4c72-11ea-82c6-b88a60e194fb-1,2020-01-02T03:21:47.000Z,crmid:1621673890,b8a52314-4c72-11ea-82c6-b88a60e194fb,prd1025,Brokerage Account,Investment,Personal,4642747.54,1,USD,branchid:11115
b8a5e664-4c72-11ea-aaf3-b88a60e194fb-1,2020-01-12T17:18:15.000Z,crmid:5713685419,b8a5e664-4c72-11ea-aaf3-b88a60e194fb,prd1175,401k,Retirement,Personal,12283.44,1,USD,branchid:11003
b8a71dda-4c72-11ea-b461-b88a60e194fb-1,2020-01-12T10:57:15.000Z,crmid:4208839953,b8a71dda-4c72-11ea-b461-b88a60e194fb,prd1184,Fixed Deposit,Investment,Personal,16717.58,1,USD,branchid:11066
b8bcc89e-4c72-11ea-9e24-b88a60e194fb-1,2020-01-08T21:27:49.000Z,crmid:6855040673,b8bcc89e-4c72-11ea-9e24-b88a60e194fb,prd1083,Pension Account,Retirement,Personal,206699.38,1,USD,branchid:11075
b8bd8d38-4c72-11ea-bfec-b88a60e194fb-1,2020-01-16T19:31:50.000Z,crmid:5581336089,b8bd8d38-4c72-11ea-bfec-b88a60e194fb,prd1024,Mortgage: FHA,Mortgage,Personal,14514.75,1,USD,branchid:11075
b8be4fd8-4c72-11ea-b6e6-b88a60e194fb-1,2020-01-01T16:27:01.000Z,crmid:7053456256,b8be4fd8-4c72-11ea-b6e6-b88a60e194fb,prd1049,Business Brokerage Account,Investment,Business,10141.68,1,USD,branchid:11144
b8bf8794-4c72-11ea-8ae4-b88a60e194fb-1,2020-01-05T18:19:52.000Z,crmid:1537355036,b8bf8794-4c72-11ea-8ae4-b88a60e194fb,prd1033,Fixed Deposit,Investment,Personal,238809.54,1,USD,branchid:11035
b8c0c000-4c72-11ea-b5a6-b88a60e194fb-1,2020-01-18T03:37:39.000Z,crmid:4632565922,b8c0c000-4c72-11ea-b5a6-b88a60e194fb,prd1026,Mortgage: 5/1 ARM,Mortgage,Personal,231537.24,1,USD,branchid:11140
b8c21fc8-4c72-11ea-b267-b88a60e194fb-1,2020-01-21T13:40:59.000Z,crmid:5771910889,b8c21fc8-4c72-11ea-b267-b88a60e194fb,prd1042,Roth IRA,Retirement,Personal,4903569.92,1,USD,branchid:11108
b8c35826-4c72-11ea-a44f-b88a60e194fb-1,2020-01-22T18:04:40.000Z,crmid:1626804523,b8c35826-4c72-11ea-a44f-b88a60e194fb,prd1053,Mortgage: VA,Mortgage,Personal,16600.58,1,USD,branchid:11038
b8e1b57a-4c72-11ea-858e-b88a60e194fb-1,2020-01-19T04:59:06.000Z,crmid:1605659734,b8e1b57a-4c72-11ea-858e-b88a60e194fb,prd1111,Pension Account,Retirement,Personal,16290.88,1,USD,branchid:11058
b8e33c22-4c72-11ea-894a-b88a60e194fb-1,2020-01-26T15:14:40.000Z,crmid:2674230515,b8e33c22-4c72-11ea-894a-b88a60e194fb,prd1172,Employee Stock Purchase Plans,Investment,Personal,23037.02,1,USD,branchid:11098
b8e49bb4-4c72-11ea-b0b5-b88a60e194fb-1,2020-01-06T14:02:37.000Z,crmid:5867530559,b8e49bb4-4c72-11ea-b0b5-b88a60e194fb,prd1083,Pension Account,Retirement,Personal,4033611.26,1,USD,branchid:11007
b8e5d43a-4c72-11ea-b162-b88a60e194fb-1,2020-01-07T18:04:41.000Z,crmid:5184070989,b8e5d43a-4c72-11ea-b162-b88a60e194fb,prd1097,Employee Stock Purchase Plans,Investment,Personal,276121.93,1,USD,branchid:11135
b8e70c9e-4c72-11ea-b9d3-b88a60e194fb-1,2020-01-10T07:27:54.000Z,crmid:6042943604,b8e70c9e-4c72-11ea-b9d3-b88a60e194fb,prd1139,Employee Stock Purchase Plans,Investment,Personal,2670534.22,1,USD,branchid:11044
b8e89342-4c72-11ea-a979-b88a60e194fb-1,2020-01-30T14:49:42.000Z,crmid:9831584484,b8e89342-4c72-11ea-a979-b88a60e194fb,prd1148,Mortgage: 10/1 ARM,Mortgage,Personal,157459.89,1,USD,branchid:11141
b8e9a4c2-4c72-11ea-8eff-b88a60e194fb-1,2020-01-28T16:32:27.000Z,crmid:4700033999,b8e9a4c2-4c72-11ea-8eff-b88a60e194fb,prd1175,401k,Retirement,Personal,251489.6,1,USD,branchid:11122
b900d642-4c72-11ea-8804-b88a60e194fb-1,2020-01-28T17:52:15.000Z,crmid:6607716108,b900d642-4c72-11ea-8804-b88a60e194fb,prd1112,Fixed Deposit,Investment,Personal,14347.77,1,USD,branchid:11037
b901c0b6-4c72-11ea-b30c-b88a60e194fb-1,2020-01-17T08:57:39.000Z,crmid:1756491811,b901c0b6-4c72-11ea-b30c-b88a60e194fb,prd1079,Mortgage: 30-yr Fixed,Mortgage,Personal,10979.63,1,USD,branchid:11002
b90283e8-4c72-11ea-a380-b88a60e194fb-1,2020-01-28T16:03:18.000Z,crmid:8649926063,b90283e8-4c72-11ea-a380-b88a60e194fb,prd1148,Mortgage: 10/1 ARM,Mortgage,Personal,204732.89,1,USD,branchid:11115
b9036edc-4c72-11ea-bdf9-b88a60e194fb-1,2020-01-26T09:25:12.000Z,crmid:8387091488,b9036edc-4c72-11ea-bdf9-b88a60e194fb,prd1117,Brokerage Account,Investment,Personal,16066.26,1,USD,branchid:11032
b905433a-4c72-11ea-9a40-b88a60e194fb-1,2020-01-04T13:11:07.000Z,crmid:6991011720,b905433a-4c72-11ea-9a40-b88a60e194fb,prd1030,401k,Retirement,Personal,256484.96,1,USD,branchid:11131
b906065e-4c72-11ea-958b-b88a60e194fb-1,2020-01-15T18:13:25.000Z,crmid:3305425973,b906065e-4c72-11ea-958b-b88a60e194fb,prd1046,Mortgage: VA,Mortgage,Personal,15311.8,1,USD,branchid:11124
b90717a6-4c72-11ea-8376-b88a60e194fb-1,2020-01-25T23:40:32.000Z,crmid:1384327945,b90717a6-4c72-11ea-8376-b88a60e194fb,prd1061,Mortgage: 5/1 ARM,Mortgage,Personal,181767.68,1,USD,branchid:11071
b91a5186-4c72-11ea-8fdf-b88a60e194fb-1,2020-01-05T06:39:15.000Z,crmid:8361793832,b91a5186-4c72-11ea-8fdf-b88a60e194fb,prd1013,Mortgage: FHA,Mortgage,Personal,11487.78,1,USD,branchid:11073
b91b14e2-4c72-11ea-a1eb-b88a60e194fb-1,2020-01-16T03:12:36.000Z,crmid:7652194876,b91b14e2-4c72-11ea-a1eb-b88a60e194fb,prd1037,Home Equity Loan,Mortgage,Personal,16871.2,1,USD,branchid:11044
b91bff38-4c72-11ea-b587-b88a60e194fb-1,2020-01-23T21:19:04.000Z,crmid:8379209594,b91bff38-4c72-11ea-b587-b88a60e194fb,prd1155,CDs: 5 year,Investment,Personal,13306.06,1,USD,branchid:11150
b91cc288-4c72-11ea-b2b1-b88a60e194fb-1,2020-01-24T14:56:10.000Z,crmid:6827267728,b91cc288-4c72-11ea-b2b1-b88a60e194fb,prd1179,Business Brokerage Account,Investment,Business,11934.3,1,USD,branchid:11107
b91dad12-4c72-11ea-96a7-b88a60e194fb-1,2020-01-25T17:47:27.000Z,crmid:2734713297,b91dad12-4c72-11ea-96a7-b88a60e194fb,prd1014,CDs: 3 month,Investment,Personal,124603.34,1,USD,branchid:11127
b91e71a8-4c72-11ea-b46e-b88a60e194fb-1,2020-01-08T12:33:24.000Z,crmid:6880033930,b91e71a8-4c72-11ea-b46e-b88a60e194fb,prd1129,Mortgage: 10/1 ARM,Mortgage,Personal,14943.35,1,USD,branchid:11094
b91f33ac-4c72-11ea-964e-b88a60e194fb-1,2020-01-10T18:38:32.000Z,crmid:3913653540,b91f33ac-4c72-11ea-964e-b88a60e194fb,prd1154,Mortgage: 30-yr Fixed,Mortgage,Personal,17229.64,1,USD,branchid:11097
b935a302-4c72-11ea-a90e-b88a60e194fb-1,2020-01-28T11:11:42.000Z,crmid:2246541486,b935a302-4c72-11ea-a90e-b88a60e194fb,prd1034,Home Equity Loan,Mortgage,Personal,14862.33,1,USD,branchid:11054
b9368c06-4c72-11ea-9ca8-b88a60e194fb-1,2020-01-20T19:02:08.000Z,crmid:5022305360,b9368c06-4c72-11ea-9ca8-b88a60e194fb,prd1173,Money Market,Investment,Personal,16568.6,1,USD,branchid:11073
b9374f4c-4c72-11ea-b2d2-b88a60e194fb-1,2020-01-06T20:28:10.000Z,crmid:7162210754,b9374f4c-4c72-11ea-b2d2-b88a60e194fb,prd1155,CDs: 5 year,Investment,Personal,20094.13,1,USD,branchid:11061
b938129e-4c72-11ea-90e6-b88a60e194fb-1,2020-01-24T00:25:10.000Z,crmid:6247634586,b938129e-4c72-11ea-90e6-b88a60e194fb,prd1025,Brokerage Account,Investment,Personal,17342.23,1,USD,branchid:11132
b938fd18-4c72-11ea-8abc-b88a60e194fb-1,2020-01-21T13:36:35.000Z,crmid:7803299381,b938fd18-4c72-11ea-8abc-b88a60e194fb,prd1115,Mortgage: VA,Mortgage,Personal,13010.47,1,USD,branchid:11124
b939e79e-4c72-11ea-9190-b88a60e194fb-1,2020-01-16T12:03:41.000Z,crmid:8118379046,b939e79e-4c72-11ea-9190-b88a60e194fb,prd1121,Mortgage: 30-yr Fixed,Mortgage,Personal,4619898.09,1,USD,branchid:11010
b93aac34-4c72-11ea-963d-b88a60e194fb-1,2020-01-20T21:12:45.000Z,crmid:2855892803,b93aac34-4c72-11ea-963d-b88a60e194fb,prd1042,Roth IRA,Retirement,Personal,17784.25,1,USD,branchid:11057
b950f1f4-4c72-11ea-bcb5-b88a60e194fb-1,2020-01-16T08:32:11.000Z,crmid:2583183550,b950f1f4-4c72-11ea-bcb5-b88a60e194fb,prd1153,CDs: 1 year,Investment,Personal,243666.99,1,USD,branchid:11045
b951b542-4c72-11ea-bf07-b88a60e194fb-1,2020-01-27T05:52:48.000Z,crmid:4586846610,b951b542-4c72-11ea-bf07-b88a60e194fb,prd1114,CDs: 3 month,Investment,Personal,109883.84,1,USD,branchid:11068
b95279e2-4c72-11ea-b6f7-b88a60e194fb-1,2020-01-06T18:25:11.000Z,crmid:9181153751,b95279e2-4c72-11ea-b6f7-b88a60e194fb,prd1129,Mortgage: 10/1 ARM,Mortgage,Personal,11670.11,1,USD,branchid:11037
b95362f8-4c72-11ea-9f79-b88a60e194fb-1,2020-01-12T16:17:36.000Z,crmid:8843844586,b95362f8-4c72-11ea-9f79-b88a60e194fb,prd1181,Mortgage: 5/1 ARM,Mortgage,Personal,15294.54,1,USD,branchid:11112
b9544d5a-4c72-11ea-a1f1-b88a60e194fb-1,2020-01-12T04:50:52.000Z,crmid:5500385784,b9544d5a-4c72-11ea-a1f1-b88a60e194fb,prd1184,Fixed Deposit,Investment,Personal,133653.56,1,USD,branchid:11060
b95511e4-4c72-11ea-ad1a-b88a60e194fb-1,2020-01-09T02:41:51.000Z,crmid:6315361519,b95511e4-4c72-11ea-ad1a-b88a60e194fb,prd1167,Roth IRA,Retirement,Personal,19970.19,1,USD,branchid:11138
b955d406-4c72-11ea-a5b7-b88a60e194fb-1,2020-01-03T21:48:19.000Z,crmid:9159043799,b955d406-4c72-11ea-a5b7-b88a60e194fb,prd1033,Fixed Deposit,Investment,Personal,205138.63,1,USD,branchid:11059
b9714b18-4c72-11ea-b563-b88a60e194fb-1,2020-01-16T07:28:16.000Z,crmid:5101887593,b9714b18-4c72-11ea-b563-b88a60e194fb,prd1079,Mortgage: 30-yr Fixed,Mortgage,Personal,5284140.16,1,USD,branchid:11026
b9725c66-4c72-11ea-87c1-b88a60e194fb-1,2020-01-27T03:03:10.000Z,crmid:6805234663,b9725c66-4c72-11ea-87c1-b88a60e194fb,prd1186,Money Market,Investment,Personal,15045.64,1,USD,branchid:11011
b9731fb6-4c72-11ea-a57d-b88a60e194fb-1,2020-01-22T18:48:11.000Z,crmid:8221318603,b9731fb6-4c72-11ea-a57d-b88a60e194fb,prd1032,Home Equity Loan,Mortgage,Personal,15988.86,1,USD,branchid:11050
b97458fa-4c72-11ea-9b76-b88a60e194fb-1,2020-01-09T23:25:53.000Z,crmid:1134752173,b97458fa-4c72-11ea-9b76-b88a60e194fb,prd1131,Employee Stock Purchase Plans,Investment,Personal,18996.05,1,USD,branchid:11008
b97542be-4c72-11ea-9c5c-b88a60e194fb-1,2020-01-24T16:54:52.000Z,crmid:7317467992,b97542be-4c72-11ea-9c5c-b88a60e194fb,prd1112,Fixed Deposit,Investment,Personal,16099.34,1,USD,branchid:11036
b9767c34-4c72-11ea-8969-b88a60e194fb-1,2020-01-31T03:29:33.000Z,crmid:7804425324,b9767c34-4c72-11ea-8969-b88a60e194fb,prd1154,Mortgage: 30-yr Fixed,Mortgage,Personal,284269.42,1,USD,branchid:11088
b977658a-4c72-11ea-87f7-b88a60e194fb-1,2020-01-16T19:32:13.000Z,crmid:2630950747,b977658a-4c72-11ea-87f7-b88a60e194fb,prd1174,Traditional IRA,Retirement,Personal,199140.28,1,USD,branchid:11061
b98e700c-4c72-11ea-9564-b88a60e194fb-1,2020-01-22T18:08:26.000Z,crmid:7012082145,b98e700c-4c72-11ea-9564-b88a60e194fb,prd1062,Mortgage: VA,Mortgage,Personal,2472027.58,1,USD,branchid:11122
b98f816c-4c72-11ea-990e-b88a60e194fb-1,2020-01-05T00:00:30.000Z,crmid:3950370127,b98f816c-4c72-11ea-990e-b88a60e194fb,prd1097,Employee Stock Purchase Plans,Investment,Personal,17256.3,1,USD,branchid:11148
b9906bbe-4c72-11ea-8cff-b88a60e194fb-1,2020-01-17T10:23:29.000Z,crmid:7237547175,b9906bbe-4c72-11ea-8cff-b88a60e194fb,prd1110,Traditional IRA,Retirement,Personal,5042238.54,1,USD,branchid:11009
b991a506-4c72-11ea-8d62-b88a60e194fb-1,2020-01-19T05:03:14.000Z,crmid:9526773580,b991a506-4c72-11ea-8d62-b88a60e194fb,prd1008,Traditional IRA,Retirement,Personal,17659.89,1,USD,branchid:11078
b99303da-4c72-11ea-9e61-b88a60e194fb-1,2020-01-06T22:26:55.000Z,crmid:1704290464,b99303da-4c72-11ea-9e61-b88a60e194fb,prd1108,401k,Retirement,Personal,119588.6,1,USD,branchid:11144
b99415c8-4c72-11ea-8601-b88a60e194fb-1,2020-01-26T09:42:48.000Z,crmid:3820995679,b99415c8-4c72-11ea-8601-b88a60e194fb,prd1110,Traditional IRA,Retirement,Personal,12046.43,1,USD,branchid:11075
b99574da-4c72-11ea-91d3-b88a60e194fb-1,2020-01-08T11:36:56.000Z,crmid:1616706871,b99574da-4c72-11ea-91d3-b88a60e194fb,prd1028,CDs: 1 year,Investment,Personal,8308.41,1,USD,branchid:11103
b9ad9098-4c72-11ea-8e34-b88a60e194fb-1,2020-01-12T19:08:17.000Z,crmid:7329008533,b9ad9098-4c72-11ea-8e34-b88a60e194fb,prd1114,CDs: 3 month,Investment,Personal,3380549.9,1,USD,branchid:11037
b9ae7b34-4c72-11ea-b169-b88a60e194fb-1,2020-01-10T22:15:39.000Z,crmid:1455893012,b9ae7b34-4c72-11ea-b169-b88a60e194fb,prd1047,Mortgage: 10 yr Fixed,Mortgage,Personal,4857091.7,1,USD,branchid:11135
b9af8cba-4c72-11ea-8ce1-b88a60e194fb-1,2020-01-31T01:51:29.000Z,crmid:4593458801,b9af8cba-4c72-11ea-8ce1-b88a60e194fb,prd1120,Mortgage: 10/1 ARM,Mortgage,Personal,14334.16,1,USD,branchid:11124
b9b0c4f8-4c72-11ea-8348-b88a60e194fb-1,2020-01-01T12:35:48.000Z,crmid:7143251110,b9b0c4f8-4c72-11ea-8348-b88a60e194fb,prd1184,Fixed Deposit,Investment,Personal,16741.04,1,USD,branchid:11141
