email,first_name,last_name
cantalas1834@outlook.com,Marcelo,Gordon
caprifigs1950@yandex.com,Man,Hammond
heterosexual1851@gmail.com,Lucina,Finley
fortuneteller1982@gmail.com,Valentine,Lee
dinkey2069@outlook.com,Sterling,Clarke
poetess2053@gmail.com,Dion,Maynard
trafflike1997@gmail.com,Mellie,Duffy
ringtailed2059@yandex.com,Claude,Roman
dinner1952@yahoo.com,Brenton,Macias
tritoma2044@gmail.com,Laurence,Navarro
brownlee1965@outlook.com,Gwenda,Cantu
reabandoned2001@gmail.com,Lurlene,Nichols
compatriot2016@yahoo.com,Von,Peterson
ribbon1976@gmail.com,Nick,Cherry
hucksterage1804@yahoo.com,Terrell,Carson
hoidening1829@outlook.com,Guy,Ross
narcotization1800@gmail.com,Linn,Dawson
sawer1909@live.com,Maynard,Paul
entitledness1942@yandex.com,Nguyet,Meyers
crepeau1928@yahoo.com,Quinn,Vaughn
crinoids1950@gmail.com,Hiedi,Giles
secret1893@outlook.com,Sharyl,Sargent
lifer1819@outlook.com,Herman,Jenkins
chinchilla1848@yahoo.com,Marco,Velez
excalibur1860@yahoo.com,Lester,Avila
