id,crmid,propensity_premium,propensity_high_speed
6d5aeeb8-83cb-11ea-979e-b88a60e194fb,crmid:3575724387,3,6
6d5c7552-83cb-11ea-899c-b88a60e194fb,crmid:4511194598,4,7
6d5dd4e8-83cb-11ea-ae46-b88a60e194fb,crmid:4287061126,6,4
6d5f3468-83cb-11ea-b984-b88a60e194fb,crmid:8061816738,10,4
6d685c1e-83cb-11ea-9602-b88a60e194fb,crmid:7984984838,4,8
6d69bd30-83cb-11ea-ade2-b88a60e194fb,crmid:9823025945,8,6
6d6af59e-83cb-11ea-95dc-b88a60e194fb,crmid:4053369146,8,4
6d6c7c0c-83cb-11ea-9487-b88a60e194fb,crmid:5288715404,3,7
6d6dda86-83cb-11ea-9969-b88a60e194fb,crmid:3319220710,8,5
6d6f8846-83cb-11ea-81f9-b88a60e194fb,crmid:1640891241,5,7
6d70e79c-83cb-11ea-b5bd-b88a60e194fb,crmid:8802307143,7,4
6d724728-83cb-11ea-9790-b88a60e194fb,crmid:8865518799,5,10
6d741d80-83cb-11ea-a480-b88a60e194fb,crmid:4390441470,2,8
6daa32f4-83cb-11ea-bc5a-b88a60e194fb,crmid:8947801057,7,4
6dab936c-83cb-11ea-9377-b88a60e194fb,crmid:4852904701,8,5
6de196b6-83cb-11ea-a21a-b88a60e194fb,crmid:8921724509,4,7
6de2ce70-83cb-11ea-8552-b88a60e194fb,crmid:2719027361,9,4
6defa4ee-83cb-11ea-9f93-b88a60e194fb,crmid:2808825376,3,8
6df1043e-83cb-11ea-961c-b88a60e194fb,crmid:6254411268,4,7
6df30000-83cb-11ea-b785-b88a60e194fb,crmid:6261608163,5,7
6df71f24-83cb-11ea-bddb-b88a60e194fb,crmid:4492376165,7,3
6df8586e-83cb-11ea-8901-b88a60e194fb,crmid:3216574553,8,4
6df9df1c-83cb-11ea-b9d4-b88a60e194fb,crmid:2461620521,4,9
6dfb6592-83cb-11ea-89f8-b88a60e194fb,crmid:2835085273,6,7
6dfd1362-83cb-11ea-9ad1-b88a60e194fb,crmid:5374410788,7,3
6dfe4bdc-83cb-11ea-a47e-b88a60e194fb,crmid:8456303413,7,3
6dff8464-83cb-11ea-81ca-b88a60e194fb,crmid:2631644752,7,3
6e0109b6-83cb-11ea-a915-b88a60e194fb,crmid:7205881846,10,4
6e02b892-83cb-11ea-9c78-b88a60e194fb,crmid:1224413367,4,9
6e03efde-83cb-11ea-9e76-b88a60e194fb,crmid:7044670809,3,8
6e059eda-83cb-11ea-a8bf-b88a60e194fb,crmid:8709763753,8,4
6e07240c-83cb-11ea-93e7-b88a60e194fb,crmid:7643573926,8,3
6e085c8a-83cb-11ea-b1c2-b88a60e194fb,crmid:8871601300,3,8
6e09e34c-83cb-11ea-98cf-b88a60e194fb,crmid:2899420593,3,9
6e0b42e8-83cb-11ea-84b6-b88a60e194fb,crmid:2691542916,9,6
6e0db3fa-83cb-11ea-8fe5-b88a60e194fb,crmid:8790032772,4,9
6e0f615e-83cb-11ea-ad34-b88a60e194fb,crmid:9326714632,5,8
6e10c10c-83cb-11ea-be15-b88a60e194fb,crmid:9351498879,4,9
6e129686-83cb-11ea-843e-b88a60e194fb,crmid:8566717578,9,3
6e1c80e8-83cb-11ea-aaa5-b88a60e194fb,crmid:5806720032,2,7
6e1e08c8-83cb-11ea-bb1d-b88a60e194fb,crmid:3053519829,8,5
6e1f8f88-83cb-11ea-ab5e-b88a60e194fb,crmid:1110661910,8,4
6e20c7f6-83cb-11ea-a92e-b88a60e194fb,crmid:2879778906,7,3
6e222724-83cb-11ea-8b89-b88a60e194fb,crmid:3249707125,5,7
6e23acde-83cb-11ea-9971-b88a60e194fb,crmid:1407149095,6,8
6e253346-83cb-11ea-a7c1-b88a60e194fb,crmid:3959838377,7,5
6e2692d4-83cb-11ea-b04b-b88a60e194fb,crmid:3554288878,6,6
6e27f264-83cb-11ea-8baa-b88a60e194fb,crmid:6836562680,9,5
6e292ae4-83cb-11ea-bcc9-b88a60e194fb,crmid:7079414489,6,4
6e2ada18-83cb-11ea-ab34-b88a60e194fb,crmid:6620538586,4,9
6e2c864c-83cb-11ea-a067-b88a60e194fb,crmid:9152696457,3,7
6e2de71a-83cb-11ea-89ac-b88a60e194fb,crmid:8012214207,9,6
6e2f46b0-83cb-11ea-8d6f-b88a60e194fb,crmid:4459918817,3,10
6e307ed2-83cb-11ea-801b-b88a60e194fb,crmid:9670615767,8,5
6e31b6fe-83cb-11ea-8799-b88a60e194fb,crmid:7536239039,4,9
6e338c80-83cb-11ea-be27-b88a60e194fb,crmid:2466457850,5,7
6e3511dc-83cb-11ea-98ca-b88a60e194fb,crmid:1059423042,10,3
6e3deb4a-83cb-11ea-8e50-b88a60e194fb,crmid:5642704239,8,5
6e3f9900-83cb-11ea-a252-b88a60e194fb,crmid:4939331415,6,7
6e40f89e-83cb-11ea-901c-b88a60e194fb,crmid:8189742601,8,6
6e425822-83cb-11ea-8238-b88a60e194fb,crmid:1914423655,5,7
6e442cdc-83cb-11ea-968b-b88a60e194fb,crmid:8492635998,5,8
6e45b37a-83cb-11ea-a787-b88a60e194fb,crmid:9681664103,9,4
6e473a1a-83cb-11ea-9072-b88a60e194fb,crmid:9135448755,8,4
6e484b8a-83cb-11ea-810a-b88a60e194fb,crmid:7976964767,4,7
6e49f992-83cb-11ea-8615-b88a60e194fb,crmid:1737345532,4,7
6e4c4366-83cb-11ea-8b0a-b88a60e194fb,crmid:7154753260,8,3
6e4da324-83cb-11ea-a752-b88a60e194fb,crmid:2164850977,5,8
6e4f0240-83cb-11ea-9b69-b88a60e194fb,crmid:7632897231,9,5
6e5061d4-83cb-11ea-9fc5-b88a60e194fb,crmid:8075180938,6,3
6e51e86e-83cb-11ea-aab6-b88a60e194fb,crmid:2241583556,3,8
6e536f0c-83cb-11ea-a39a-b88a60e194fb,crmid:4865849076,4,9
6e556af0-83cb-11ea-a1fa-b88a60e194fb,crmid:8314551887,7,3
6e56a35e-83cb-11ea-ad81-b88a60e194fb,crmid:3831839581,4,8
6e5802fe-83cb-11ea-ad9d-b88a60e194fb,crmid:9284593197,10,4
6e5963dc-83cb-11ea-8233-b88a60e194fb,crmid:2058508988,7,3
6e5aea98-83cb-11ea-8e57-b88a60e194fb,crmid:2775070710,7,8
6e5c97e6-83cb-11ea-b859-b88a60e194fb,crmid:4570204821,5,8
6e5df76e-83cb-11ea-883d-b88a60e194fb,crmid:1237949583,5,8
6e5f08d2-83cb-11ea-896e-b88a60e194fb,crmid:3213366336,4,5
6e606912-83cb-11ea-9c09-b88a60e194fb,crmid:4696588713,3,9
6e61c85a-83cb-11ea-8184-b88a60e194fb,crmid:7379113564,3,8
6e634e8a-83cb-11ea-a19f-b88a60e194fb,crmid:1965273459,9,3
6e64fc4a-83cb-11ea-94d2-b88a60e194fb,crmid:6044965272,5,9
6e663512-83cb-11ea-9f1b-b88a60e194fb,crmid:4810464110,5,6
6e67949e-83cb-11ea-b29c-b88a60e194fb,crmid:8207831261,10,3
6e68cbde-83cb-11ea-ba4d-b88a60e194fb,crmid:3787894979,8,5
6e6a5280-83cb-11ea-87f5-b88a60e194fb,crmid:7053251139,5,7
6e6c2764-83cb-11ea-965e-b88a60e194fb,crmid:9468688722,5,8
6e6d86cc-83cb-11ea-9c60-b88a60e194fb,crmid:6847183640,9,4
6e6ebf54-83cb-11ea-8b3b-b88a60e194fb,crmid:8130262577,4,8
6e7045e4-83cb-11ea-b56d-b88a60e194fb,crmid:1892884951,10,4
6e71f576-83cb-11ea-b0ec-b88a60e194fb,crmid:5125299615,7,6
6e737b7a-83cb-11ea-a67e-b88a60e194fb,crmid:1563572254,8,4
6e74dac0-83cb-11ea-aa8e-b88a60e194fb,crmid:2829356878,10,5
6e763b68-83cb-11ea-8b17-b88a60e194fb,crmid:2704813750,3,8
6e7798e6-83cb-11ea-b501-b88a60e194fb,crmid:2355936908,5,8
6e791fd8-83cb-11ea-ab9e-b88a60e194fb,crmid:6402676214,9,4
6e7aa780-83cb-11ea-a916-b88a60e194fb,crmid:9046130270,5,8
6e7c05a4-83cb-11ea-b205-b88a60e194fb,crmid:8193055721,7,3
6e7d3f1a-83cb-11ea-a85b-b88a60e194fb,crmid:5502508209,4,7
6e7ec4be-83cb-11ea-959a-b88a60e194fb,crmid:2082349255,9,4
6e802448-83cb-11ea-8c8e-b88a60e194fb,crmid:9645870348,4,6
6e81ac66-83cb-11ea-a973-b88a60e194fb,crmid:7862158417,10,4
6e83809e-83cb-11ea-9ed5-b88a60e194fb,crmid:2880752689,7,3
6e84df2c-83cb-11ea-947f-b88a60e194fb,crmid:7006505880,5,8
6e866734-83cb-11ea-82e7-b88a60e194fb,crmid:8615267842,3,10
6e883b98-83cb-11ea-b1da-b88a60e194fb,crmid:8402943387,4,8
6e899b28-83cb-11ea-858e-b88a60e194fb,crmid:4066660572,7,3
6e8b20ca-83cb-11ea-b9eb-b88a60e194fb,crmid:4585909409,5,10
6e8c8194-83cb-11ea-a751-b88a60e194fb,crmid:2367440043,10,5
6e8de124-83cb-11ea-992a-b88a60e194fb,crmid:7930998570,10,5
6e8fb4a4-83cb-11ea-916a-b88a60e194fb,crmid:8319287601,5,8
6e913b3a-83cb-11ea-9c33-b88a60e194fb,crmid:7428220256,8,3
6e9274de-83cb-11ea-983f-b88a60e194fb,crmid:3726967977,4,8
6e93fb8c-83cb-11ea-88c1-b88a60e194fb,crmid:3196576496,9,3
6e95810c-83cb-11ea-a869-b88a60e194fb,crmid:2512504905,4,9
6e96e09c-83cb-11ea-bc36-b88a60e194fb,crmid:8246031308,7,5
6e986886-83cb-11ea-bb3c-b88a60e194fb,crmid:7981232502,9,5
6e99c836-83cb-11ea-a717-b88a60e194fb,crmid:7585200161,3,8
6e9b264c-83cb-11ea-9148-b88a60e194fb,crmid:4839299130,4,5
6e9c870c-83cb-11ea-a607-b88a60e194fb,crmid:5672752659,7,5
6e9dbfae-83cb-11ea-a15d-b88a60e194fb,crmid:5258409548,9,4
6e9f9464-83cb-11ea-866e-b88a60e194fb,crmid:2247926017,5,7
6ea0cc90-83cb-11ea-b7ec-b88a60e194fb,crmid:7687833364,3,10
6ea2532c-83cb-11ea-b59f-b88a60e194fb,crmid:9832596201,7,4
6ea38c06-83cb-11ea-a538-b88a60e194fb,crmid:2118545820,8,4
6ea55f80-83cb-11ea-baa8-b88a60e194fb,crmid:3747630154,8,3
6ea6e786-83cb-11ea-af78-b88a60e194fb,crmid:5594555359,4,8
6ea84694-83cb-11ea-84a6-b88a60e194fb,crmid:8319641070,8,3
6ea97f2c-83cb-11ea-8761-b88a60e194fb,crmid:1147419305,9,6
6eaab7ee-83cb-11ea-9ddf-b88a60e194fb,crmid:2855101534,4,9
6eabf08c-83cb-11ea-89e3-b88a60e194fb,crmid:6844774812,5,5
6eadc424-83cb-11ea-9f90-b88a60e194fb,crmid:1311141023,6,8
6eaefc42-83cb-11ea-b25c-b88a60e194fb,crmid:2397533800,8,4
6eb034be-83cb-11ea-b74f-b88a60e194fb,crmid:8546398984,4,8
6eb1e3de-83cb-11ea-9ce8-b88a60e194fb,crmid:1153959034,7,1
6eb36928-83cb-11ea-9115-b88a60e194fb,crmid:9021200727,9,4
6eb7fde4-83cb-11ea-b383-b88a60e194fb,crmid:4535385038,8,4
6eb95dd4-83cb-11ea-aa5d-b88a60e194fb,crmid:6134268523,8,5
6ebae326-83cb-11ea-83b5-b88a60e194fb,crmid:2827851529,3,9
6ebc69c6-83cb-11ea-b860-b88a60e194fb,crmid:5089260021,8,2
6ebdca5c-83cb-11ea-8a9d-b88a60e194fb,crmid:5680953287,8,6
6ebf29ec-83cb-11ea-ba2f-b88a60e194fb,crmid:4765764055,3,9
6ec0d80a-83cb-11ea-9c96-b88a60e194fb,crmid:2649201539,4,8
6ec2100c-83cb-11ea-bb44-b88a60e194fb,crmid:5440733863,8,5
6ec654ca-83cb-11ea-be9f-b88a60e194fb,crmid:9467600693,5,6
6ec7b466-83cb-11ea-b0af-b88a60e194fb,crmid:8476820009,4,9
6ec8eccc-83cb-11ea-b708-b88a60e194fb,crmid:8372788287,3,7
6eca737e-83cb-11ea-bf61-b88a60e194fb,crmid:1611878885,3,8
6ecbd466-83cb-11ea-8b87-b88a60e194fb,crmid:7150287274,8,5
6ecd5acc-83cb-11ea-9fa6-b88a60e194fb,crmid:5119694536,5,9
6eceb928-83cb-11ea-bc66-b88a60e194fb,crmid:5800928668,4,8
6ed0411c-83cb-11ea-9ef1-b88a60e194fb,crmid:6914914994,10,5
6ed1528a-83cb-11ea-af55-b88a60e194fb,crmid:4095268888,3,9
6ed2d91e-83cb-11ea-af7e-b88a60e194fb,crmid:6289167640,8,4
6ed4acd2-83cb-11ea-a72e-b88a60e194fb,crmid:4741275422,4,8
6ed65a4c-83cb-11ea-b2cf-b88a60e194fb,crmid:5315903101,4,8
6ed82efe-83cb-11ea-87a6-b88a60e194fb,crmid:1602124829,4,7
6eda03ee-83cb-11ea-ba18-b88a60e194fb,crmid:2418692920,5,7
6edbb1f4-83cb-11ea-a0b8-b88a60e194fb,crmid:6579300369,3,7
6edd864c-83cb-11ea-a5fe-b88a60e194fb,crmid:4153779515,7,4
6edf5bcc-83cb-11ea-801f-b88a60e194fb,crmid:7761949972,7,3
6ee10a18-83cb-11ea-9880-b88a60e194fb,crmid:6575623496,8,5
6ee30470-83cb-11ea-96fe-b88a60e194fb,crmid:1615570918,7,3
6ee59fd4-83cb-11ea-b453-b88a60e194fb,crmid:4548719768,4,8
6ee85d24-83cb-11ea-89c8-b88a60e194fb,crmid:7833942078,7,5
6ee9e398-83cb-11ea-a06c-b88a60e194fb,crmid:7710153751,8,4
6eeb4206-83cb-11ea-9225-b88a60e194fb,crmid:7269468526,3,10
6eee778c-83cb-11ea-871d-b88a60e194fb,crmid:6023169570,8,3
6eefd6ba-83cb-11ea-81c6-b88a60e194fb,crmid:8068021433,3,8
6ef1845a-83cb-11ea-94e4-b88a60e194fb,crmid:5387812957,3,9
6ef2bcdc-83cb-11ea-83c2-b88a60e194fb,crmid:5344914003,8,4
6ef44374-83cb-11ea-abf2-b88a60e194fb,crmid:8405450343,7,4
6ef5f026-83cb-11ea-b462-b88a60e194fb,crmid:6045222520,8,4
6ef74fa4-83cb-11ea-bc5f-b88a60e194fb,crmid:6765727238,3,9
6ef8af58-83cb-11ea-bb9f-b88a60e194fb,crmid:5539659622,9,4
6ef9c0d0-83cb-11ea-b30a-b88a60e194fb,crmid:1678535719,8,4
6efb6e74-83cb-11ea-b64f-b88a60e194fb,crmid:7817482366,9,4
6efca6ee-83cb-11ea-bb71-b88a60e194fb,crmid:8793312929,6,9
6efe2d8c-83cb-11ea-b842-b88a60e194fb,crmid:1025303387,4,6
6eff6614-83cb-11ea-9fc1-b88a60e194fb,crmid:5384472209,9,4
6f009e92-83cb-11ea-b4d1-b88a60e194fb,crmid:7283878708,4,8
6f01d710-83cb-11ea-bc80-b88a60e194fb,crmid:7061260036,8,4
6f03369c-83cb-11ea-8a54-b88a60e194fb,crmid:3025665620,8,3
6f04e45c-83cb-11ea-80d0-b88a60e194fb,crmid:5117051072,6,5
6f05f5ba-83cb-11ea-976d-b88a60e194fb,crmid:6224225128,8,3
6f072e3a-83cb-11ea-a755-b88a60e194fb,crmid:8190207190,8,2
6f0902f4-83cb-11ea-a9d2-b88a60e194fb,crmid:3121606186,9,5
6f0a3b80-83cb-11ea-b3b1-b88a60e194fb,crmid:9046041802,5,8
6f0b7402-83cb-11ea-882f-b88a60e194fb,crmid:8815740668,2,8
6f0cfa9c-83cb-11ea-b4bf-b88a60e194fb,crmid:4240577621,4,8
6f0e3312-83cb-11ea-bd00-b88a60e194fb,crmid:2422928058,10,4
6f0f92a6-83cb-11ea-b138-b88a60e194fb,crmid:3324961085,7,5
6f11194c-83cb-11ea-99d4-b88a60e194fb,crmid:1768608025,9,3
6f1278d0-83cb-11ea-b1f4-b88a60e194fb,crmid:9275779019,4,9
6f138a3e-83cb-11ea-aded-b88a60e194fb,crmid:9676022843,7,4
6f151224-83cb-11ea-9600-b88a60e194fb,crmid:2368236004,8,5
6f16238c-83cb-11ea-8ab1-b88a60e194fb,crmid:6129740245,9,6
6f181e12-83cb-11ea-910d-b88a60e194fb,crmid:6616424809,5,10
