id,crmid,propensity_premium,propensity_high_speed
bfcd3768-83f2-11ea-979e-b88a60e194fb,crmid:3575724387,3,6
bfcebd22-83f2-11ea-899c-b88a60e194fb,crmid:4511194598,4,7
bfd01c9e-83f2-11ea-ae46-b88a60e194fb,crmid:4287061126,6,4
bfd12f6e-83f2-11ea-b984-b88a60e194fb,crmid:8061816738,10,4
bfd26808-83f2-11ea-9602-b88a60e194fb,crmid:7984984838,4,8
bfd48a24-83f2-11ea-ade2-b88a60e194fb,crmid:9823025945,8,6
bfd6ac94-83f2-11ea-95dc-b88a60e194fb,crmid:4053369146,8,4
bfd8f72e-83f2-11ea-9487-b88a60e194fb,crmid:5288715404,3,7
bfdaa4fe-83f2-11ea-9969-b88a60e194fb,crmid:3319220710,8,5
bfdbdd68-83f2-11ea-81f9-b88a60e194fb,crmid:1640891241,5,7
bfdd1674-83f2-11ea-b5bd-b88a60e194fb,crmid:8802307143,7,4
bfde4e6e-83f2-11ea-9790-b88a60e194fb,crmid:8865518799,5,10
bfdf85d8-83f2-11ea-a480-b88a60e194fb,crmid:4390441470,2,8
bfe10cb4-83f2-11ea-bc5a-b88a60e194fb,crmid:8947801057,7,4
bfe26c24-83f2-11ea-9377-b88a60e194fb,crmid:4852904701,8,5
bfe3a49e-83f2-11ea-a21a-b88a60e194fb,crmid:8921724509,4,7
bfe52bf4-83f2-11ea-8552-b88a60e194fb,crmid:2719027361,9,4
bfe6da40-83f2-11ea-9f93-b88a60e194fb,crmid:2808825376,3,8
bfeaf7a4-83f2-11ea-961c-b88a60e194fb,crmid:6254411268,4,7
bfec573e-83f2-11ea-b785-b88a60e194fb,crmid:6261608163,5,7
bfedb6be-83f2-11ea-bddb-b88a60e194fb,crmid:4492376165,7,3
bfef3d70-83f2-11ea-8901-b88a60e194fb,crmid:3216574553,8,4
bff075d8-83f2-11ea-b9d4-b88a60e194fb,crmid:2461620521,4,9
bff271c2-83f2-11ea-89f8-b88a60e194fb,crmid:2835085273,6,7
bff46d98-83f2-11ea-9ad1-b88a60e194fb,crmid:5374410788,7,3
bff5f400-83f2-11ea-a47e-b88a60e194fb,crmid:8456303413,7,3
bff7c8b6-83f2-11ea-81ca-b88a60e194fb,crmid:2631644752,7,3
bff94f52-83f2-11ea-a915-b88a60e194fb,crmid:7205881846,10,4
bffaaee2-83f2-11ea-9c78-b88a60e194fb,crmid:1224413367,4,9
bffc5c92-83f2-11ea-9e76-b88a60e194fb,crmid:7044670809,3,8
bffe0a4c-83f2-11ea-a8bf-b88a60e194fb,crmid:8709763753,8,4
bfff69dc-83f2-11ea-93e7-b88a60e194fb,crmid:7643573926,8,3
c000c964-83f2-11ea-b1c2-b88a60e194fb,crmid:8871601300,3,8
c0024ffa-83f2-11ea-98cf-b88a60e194fb,crmid:2899420593,3,9
c003af90-83f2-11ea-84b6-b88a60e194fb,crmid:2691542916,9,6
c0055d36-83f2-11ea-8fe5-b88a60e194fb,crmid:8790032772,4,9
c006e3cc-83f2-11ea-ad34-b88a60e194fb,crmid:9326714632,5,8
c0084374-83f2-11ea-be15-b88a60e194fb,crmid:9351498879,4,9
c009a302-83f2-11ea-843e-b88a60e194fb,crmid:8566717578,9,3
c00b7868-83f2-11ea-aaa5-b88a60e194fb,crmid:5806720032,2,7
c00cffc6-83f2-11ea-bb1d-b88a60e194fb,crmid:3053519829,8,5
c00ed336-83f2-11ea-ab5e-b88a60e194fb,crmid:1110661910,8,4
c010d05c-83f2-11ea-a92e-b88a60e194fb,crmid:2879778906,7,3
c0122e8c-83f2-11ea-8b89-b88a60e194fb,crmid:3249707125,5,7
c0138ed4-83f2-11ea-9971-b88a60e194fb,crmid:1407149095,6,8
c014eda8-83f2-11ea-a7c1-b88a60e194fb,crmid:3959838377,7,5
c016759a-83f2-11ea-b04b-b88a60e194fb,crmid:3554288878,6,6
c017ae1e-83f2-11ea-8baa-b88a60e194fb,crmid:6836562680,9,5
c018e64a-83f2-11ea-bcc9-b88a60e194fb,crmid:7079414489,6,4
c01a6bfa-83f2-11ea-ab34-b88a60e194fb,crmid:6620538586,4,9
c01c199c-83f2-11ea-a067-b88a60e194fb,crmid:9152696457,3,7
c01da024-83f2-11ea-89ac-b88a60e194fb,crmid:8012214207,9,6
c01f26ba-83f2-11ea-8d6f-b88a60e194fb,crmid:4459918817,3,10
c0208648-83f2-11ea-801b-b88a60e194fb,crmid:9670615767,8,5
c0220ce8-83f2-11ea-8799-b88a60e194fb,crmid:7536239039,4,9
c0236c92-83f2-11ea-be27-b88a60e194fb,crmid:2466457850,5,7
c024a512-83f2-11ea-98ca-b88a60e194fb,crmid:1059423042,10,3
c02653fa-83f2-11ea-8e50-b88a60e194fb,crmid:5642704239,8,5
c027b3a6-83f2-11ea-a252-b88a60e194fb,crmid:4939331415,6,7
c0291336-83f2-11ea-901c-b88a60e194fb,crmid:8189742601,8,6
c02b0f06-83f2-11ea-8238-b88a60e194fb,crmid:1914423655,5,7
c02c6e98-83f2-11ea-968b-b88a60e194fb,crmid:8492635998,5,8
c02e1ada-83f2-11ea-a787-b88a60e194fb,crmid:9681664103,9,4
c02f7a66-83f2-11ea-9072-b88a60e194fb,crmid:9135448755,8,4
c0310102-83f2-11ea-810a-b88a60e194fb,crmid:7976964767,4,7
c03261de-83f2-11ea-8615-b88a60e194fb,crmid:1737345532,4,7
c033c18a-83f2-11ea-8b0a-b88a60e194fb,crmid:7154753260,8,3
c0352102-83f2-11ea-a752-b88a60e194fb,crmid:2164850977,5,8
c036a654-83f2-11ea-9b69-b88a60e194fb,crmid:7632897231,9,5
c037dee2-83f2-11ea-9fc5-b88a60e194fb,crmid:8075180938,6,3
c0393e6c-83f2-11ea-aab6-b88a60e194fb,crmid:2241583556,3,8
c03aec28-83f2-11ea-a39a-b88a60e194fb,crmid:4865849076,4,9
c03c72ca-83f2-11ea-a1fa-b88a60e194fb,crmid:8314551887,7,3
c03df980-83f2-11ea-ad81-b88a60e194fb,crmid:3831839581,4,8
c03f31ec-83f2-11ea-ad9d-b88a60e194fb,crmid:9284593197,10,4
c040b886-83f2-11ea-8233-b88a60e194fb,crmid:2058508988,7,3
c0421814-83f2-11ea-8e57-b88a60e194fb,crmid:2775070710,7,8
c04377a4-83f2-11ea-b859-b88a60e194fb,crmid:4570204821,5,8
c044d746-83f2-11ea-883d-b88a60e194fb,crmid:1237949583,5,8
c0465de6-83f2-11ea-896e-b88a60e194fb,crmid:3213366336,4,5
c047bd5c-83f2-11ea-9c09-b88a60e194fb,crmid:4696588713,3,9
c049b934-83f2-11ea-8184-b88a60e194fb,crmid:7379113564,3,8
c04b18d2-83f2-11ea-a19f-b88a60e194fb,crmid:1965273459,9,3
c04cc67a-83f2-11ea-94d2-b88a60e194fb,crmid:6044965272,5,9
c04dff02-83f2-11ea-9f1b-b88a60e194fb,crmid:4810464110,5,6
c04f5e86-83f2-11ea-b29c-b88a60e194fb,crmid:8207831261,10,3
c050e502-83f2-11ea-ba4d-b88a60e194fb,crmid:3787894979,8,5
c052448c-83f2-11ea-87f5-b88a60e194fb,crmid:7053251139,5,7
c053a44a-83f2-11ea-965e-b88a60e194fb,crmid:9468688722,5,8
c05503cc-83f2-11ea-9c60-b88a60e194fb,crmid:6847183640,9,4
c056635a-83f2-11ea-8b3b-b88a60e194fb,crmid:8130262577,4,8
c057e9f6-83f2-11ea-b56d-b88a60e194fb,crmid:1892884951,10,4
c059979a-83f2-11ea-b0ec-b88a60e194fb,crmid:5125299615,7,6
c05b1e3a-83f2-11ea-a67e-b88a60e194fb,crmid:1563572254,8,4
c05ca58a-83f2-11ea-aa8e-b88a60e194fb,crmid:2829356878,10,5
c05e2b82-83f2-11ea-8b17-b88a60e194fb,crmid:2704813750,3,8
c05f8b1e-83f2-11ea-b501-b88a60e194fb,crmid:2355936908,5,8
c06111ca-83f2-11ea-ab9e-b88a60e194fb,crmid:6402676214,9,4
c0627140-83f2-11ea-a916-b88a60e194fb,crmid:9046130270,5,8
c063a9ba-83f2-11ea-b205-b88a60e194fb,crmid:8193055721,7,3
c065305e-83f2-11ea-a85b-b88a60e194fb,crmid:5502508209,4,7
c066b700-83f2-11ea-959a-b88a60e194fb,crmid:2082349255,9,4
c06864a8-83f2-11ea-8c8e-b88a60e194fb,crmid:9645870348,4,6
c069eb52-83f2-11ea-a973-b88a60e194fb,crmid:7862158417,10,4
c06b991c-83f2-11ea-9ed5-b88a60e194fb,crmid:2880752689,7,3
c06de2d2-83f2-11ea-947f-b88a60e194fb,crmid:7006505880,5,8
c06f6970-83f2-11ea-82e7-b88a60e194fb,crmid:8615267842,3,10
c070f028-83f2-11ea-b1da-b88a60e194fb,crmid:8402943387,4,8
c0724fac-83f2-11ea-858e-b88a60e194fb,crmid:4066660572,7,3
c073d64c-83f2-11ea-b9eb-b88a60e194fb,crmid:4585909409,5,10
c07535d4-83f2-11ea-a751-b88a60e194fb,crmid:2367440043,10,5
c0766e5a-83f2-11ea-992a-b88a60e194fb,crmid:7930998570,10,5
c077f4e6-83f2-11ea-916a-b88a60e194fb,crmid:8319287601,5,8
c079a2b4-83f2-11ea-9c33-b88a60e194fb,crmid:7428220256,8,3
c07adb40-83f2-11ea-983f-b88a60e194fb,crmid:3726967977,4,8
c07c3abe-83f2-11ea-88c1-b88a60e194fb,crmid:3196576496,9,3
c07d9a52-83f2-11ea-a869-b88a60e194fb,crmid:2512504905,4,9
c07ef9e2-83f2-11ea-bc36-b88a60e194fb,crmid:8246031308,7,5
c080325e-83f2-11ea-bb3c-b88a60e194fb,crmid:7981232502,9,5
c081b902-83f2-11ea-a717-b88a60e194fb,crmid:7585200161,3,8
c0836698-83f2-11ea-9148-b88a60e194fb,crmid:4839299130,4,5
c0849f0c-83f2-11ea-a607-b88a60e194fb,crmid:5672752659,7,5
c08673f8-83f2-11ea-a15d-b88a60e194fb,crmid:5258409548,9,4
c0882198-83f2-11ea-866e-b88a60e194fb,crmid:2247926017,5,7
c089813e-83f2-11ea-b7ec-b88a60e194fb,crmid:7687833364,3,10
c08b07d8-83f2-11ea-b59f-b88a60e194fb,crmid:9832596201,7,4
c08c6734-83f2-11ea-a538-b88a60e194fb,crmid:2118545820,8,4
c08dc6c2-83f2-11ea-baa8-b88a60e194fb,crmid:3747630154,8,3
c08f2650-83f2-11ea-af78-b88a60e194fb,crmid:5594555359,4,8
c090acf4-83f2-11ea-84a6-b88a60e194fb,crmid:8319641070,8,3
c092a958-83f2-11ea-8761-b88a60e194fb,crmid:1147419305,9,6
c0943158-83f2-11ea-9ddf-b88a60e194fb,crmid:2855101534,4,9
c095b600-83f2-11ea-89e3-b88a60e194fb,crmid:6844774812,5,5
c097158c-83f2-11ea-9f90-b88a60e194fb,crmid:1311141023,6,8
c098c33e-83f2-11ea-b25c-b88a60e194fb,crmid:2397533800,8,4
c09a49e2-83f2-11ea-b74f-b88a60e194fb,crmid:8546398984,4,8
c09b825c-83f2-11ea-9ce8-b88a60e194fb,crmid:1153959034,7,1
c09d097a-83f2-11ea-9115-b88a60e194fb,crmid:9021200727,9,4
c09e688a-83f2-11ea-b383-b88a60e194fb,crmid:4535385038,8,4
c09fef26-83f2-11ea-aa5d-b88a60e194fb,crmid:6134268523,8,5
c0a14eba-83f2-11ea-83b5-b88a60e194fb,crmid:2827851529,3,9
c0a2d558-83f2-11ea-b860-b88a60e194fb,crmid:5089260021,8,2
c0a45c08-83f2-11ea-8a9d-b88a60e194fb,crmid:5680953287,8,6
c0a630d0-83f2-11ea-ba2f-b88a60e194fb,crmid:4765764055,3,9
c0aa29b8-83f2-11ea-9c96-b88a60e194fb,crmid:2649201539,4,8
c0abaf14-83f2-11ea-bb44-b88a60e194fb,crmid:5440733863,8,5
c0ad0f8c-83f2-11ea-be9f-b88a60e194fb,crmid:9467600693,5,6
c0ae9646-83f2-11ea-b0af-b88a60e194fb,crmid:8476820009,4,9
c0aff5c6-83f2-11ea-b708-b88a60e194fb,crmid:8372788287,3,7
c0b12eb4-83f2-11ea-bf61-b88a60e194fb,crmid:1611878885,3,8
c0b2b3c8-83f2-11ea-8b87-b88a60e194fb,crmid:7150287274,8,5
c0b3ec70-83f2-11ea-9fa6-b88a60e194fb,crmid:5119694536,5,9
c0b54d12-83f2-11ea-bc66-b88a60e194fb,crmid:5800928668,4,8
c0b6acd4-83f2-11ea-9ef1-b88a60e194fb,crmid:6914914994,10,5
c0b80c6e-83f2-11ea-af55-b88a60e194fb,crmid:4095268888,3,9
c0b9931e-83f2-11ea-af7e-b88a60e194fb,crmid:6289167640,8,4
c0bb182e-83f2-11ea-a72e-b88a60e194fb,crmid:4741275422,4,8
c0bc7980-83f2-11ea-b2cf-b88a60e194fb,crmid:5315903101,4,8
c0bdd788-83f2-11ea-87a6-b88a60e194fb,crmid:1602124829,4,7
c0bf3880-83f2-11ea-ba18-b88a60e194fb,crmid:2418692920,5,7
c0c096a6-83f2-11ea-a0b8-b88a60e194fb,crmid:6579300369,3,7
c0c21d1e-83f2-11ea-a5fe-b88a60e194fb,crmid:4153779515,7,4
c0c355ae-83f2-11ea-801f-b88a60e194fb,crmid:7761949972,7,3
c0c5036c-83f2-11ea-9880-b88a60e194fb,crmid:6575623496,8,5
c0c68a06-83f2-11ea-96fe-b88a60e194fb,crmid:1615570918,7,3
c0c837b0-83f2-11ea-b453-b88a60e194fb,crmid:4548719768,4,8
c0c9be3a-83f2-11ea-89c8-b88a60e194fb,crmid:7833942078,7,5
c0cb1dec-83f2-11ea-a06c-b88a60e194fb,crmid:7710153751,8,4
c0cc5662-83f2-11ea-9225-b88a60e194fb,crmid:7269468526,3,10
c0ce520a-83f2-11ea-871d-b88a60e194fb,crmid:6023169570,8,3
c0d04dda-83f2-11ea-81c6-b88a60e194fb,crmid:8068021433,3,8
c0d1d5dc-83f2-11ea-94e4-b88a60e194fb,crmid:5387812957,3,9
c0d383a6-83f2-11ea-83c2-b88a60e194fb,crmid:5344914003,8,4
c0d556f4-83f2-11ea-abf2-b88a60e194fb,crmid:8405450343,7,4
c0d705fe-83f2-11ea-b462-b88a60e194fb,crmid:6045222520,8,4
c0d8b250-83f2-11ea-bc5f-b88a60e194fb,crmid:6765727238,3,9
c0dafc3a-83f2-11ea-bb9f-b88a60e194fb,crmid:5539659622,9,4
c0dcaaa4-83f2-11ea-b30a-b88a60e194fb,crmid:1678535719,8,4
c0de7ea4-83f2-11ea-b64f-b88a60e194fb,crmid:7817482366,9,4
c0e02c52-83f2-11ea-bb71-b88a60e194fb,crmid:8793312929,6,9
c0e1b308-83f2-11ea-b842-b88a60e194fb,crmid:1025303387,4,6
c0e387d0-83f2-11ea-9fc1-b88a60e194fb,crmid:5384472209,9,4
c0e4e758-83f2-11ea-b4d1-b88a60e194fb,crmid:7283878708,4,8
c0e66e12-83f2-11ea-bc80-b88a60e194fb,crmid:7061260036,8,4
c0e7a68a-83f2-11ea-8a54-b88a60e194fb,crmid:3025665620,8,3
c0e92d1e-83f2-11ea-80d0-b88a60e194fb,crmid:5117051072,6,5
c0eab392-83f2-11ea-976d-b88a60e194fb,crmid:6224225128,8,3
c0ec3a30-83f2-11ea-a755-b88a60e194fb,crmid:8190207190,8,2
c0ed9b4c-83f2-11ea-a9d2-b88a60e194fb,crmid:3121606186,9,5
c0ef477e-83f2-11ea-b3b1-b88a60e194fb,crmid:9046041802,5,8
c0f0ce1e-83f2-11ea-882f-b88a60e194fb,crmid:8815740668,2,8
c0f22da4-83f2-11ea-b4bf-b88a60e194fb,crmid:4240577621,4,8
c0f40314-83f2-11ea-bd00-b88a60e194fb,crmid:2422928058,10,4
c0f5d870-83f2-11ea-b138-b88a60e194fb,crmid:3324961085,7,5
c0f8211e-83f2-11ea-99d4-b88a60e194fb,crmid:1768608025,9,3
c0fa453e-83f2-11ea-b1f4-b88a60e194fb,crmid:9275779019,4,9
c0fc18c2-83f2-11ea-aded-b88a60e194fb,crmid:9676022843,7,4
c0fe6300-83f2-11ea-9600-b88a60e194fb,crmid:2368236004,8,5
c0ffc3a4-83f2-11ea-8ab1-b88a60e194fb,crmid:6129740245,9,6
c1014a46-83f2-11ea-910d-b88a60e194fb,crmid:6616424809,5,10
