crmid,email,first_name,last_name,gender,mobile_telephone,city,country,zip,state,street_address,birthday,genre
crmid:5207241402,minae1895@outlook.aephandson.com,Edgar,Mcmahon,male,977-087-4600,Brownwood,United States,17919,Wyoming,17 Sedgewick,1942-03-19,Sport
crmid:2277487786,crumby1891@yahoo.aephandson.com,Jacques,Joyner,,583-207-2928,Montclair,United States,06411,Pennsylvania,529 Lippard,1992-02-07,Comedy
crmid:8674527012,sulphitic1843@live.aephandson.com,Reynaldo,Dunn,,861-891-8349,Huntington Beach,United States,78728,New Mexico,891 Howard,1974-12-26,Fantasy
crmid:2147818971,regauges1885@outlook.aephandson.com,Emil,Monroe,,036-506-1712,Terre Haute,United States,74586,Oregon,343 Moscow,1967-08-24,Biography
crmid:1425408715,schoolbookish2032@yahoo.aephandson.com,Wilbert,Graves,,484-510-8053,Gilroy,United States,82526,Pennsylvania,968 Saint Elmo,1966-04-10,Fantasy
crmid:9667787746,devaluation1965@live.aephandson.com,Bradford,Adkins,,206-773-1214,Menlo Park,United States,48081,Texas,1167 Malta,1989-08-03,History
crmid:1291159408,filagree2002@live.aephandson.com,Spring,Waters,female,361-907-5813,Faribault,United States,44336,Delaware,123 Mountview,1961-08-30,Action
crmid:1642334394,acrite2017@yandex.aephandson.com,Isiah,Salinas,male,226-980-0153,Bountiful,United States,97259,Colorado,312 Landers,1940-05-26,Reality-TV
crmid:9654046689,mantoid1898@outlook.aephandson.com,Rafael,Williamson,,802-984-5608,Mishawaka,United States,48096,Illinois,50 Storey,1991-07-29,News
crmid:4049840118,iters2060@yahoo.aephandson.com,Rima,Russell,female,590-827-7722,Evans,United States,99735,North Dakota,197 Reeves,1960-07-26,Reality-TV
crmid:2140185590,moralistic1940@outlook.aephandson.com,Mary,Everett,,181-799-0132,Natchez,United States,36586,Montana,1143 Jerome,1995-06-19,Mystery
crmid:4913621475,receipt1805@live.aephandson.com,Kenisha,Velez,female,837-967-4843,Conroe,United States,24083,Virginia,1362 Winthrop,1950-05-29,Family
crmid:9026471411,triplocaulescent2036@gmail.aephandson.com,Abe,Garcia,,696-662-7065,Issaquah,United States,73030,New Jersey,531 Mason,1975-12-08,Fantasy
crmid:2578160839,brayed1913@yandex.aephandson.com,Elias,Santiago,,347-997-8549,Tempe,United States,64409,Hawaii,755 Graymalkin,1988-08-08,Drama
crmid:5846942385,elastica1929@yahoo.aephandson.com,Johnny,Nguyen,female,051-419-4623,Diamond Bar,United States,96547,Arkansas,511 Essex,1955-04-21,Action
crmid:1373764924,missilery1922@gmail.aephandson.com,Theodore,Bryan,,594-511-2188,Sun Prairie,United States,39259,New Mexico,380 Heather,1975-08-13,Drama
crmid:7950478130,heartbreak2065@gmail.aephandson.com,Brendan,Owen,,429-213-5865,Plum,United States,25996,Texas,421 Toledo,1964-03-19,Family
crmid:7512479793,sylvanitic1835@yahoo.aephandson.com,Sheldon,Slater,,344-120-9393,Godfrey,United States,88926,North Dakota,305 Loyola,1966-10-28,News
crmid:6721701771,overgratefulness2007@yandex.aephandson.com,Mica,Mcintosh,female,291-221-5156,Tempe,United States,51516,Missouri,545 Gladiolus,1949-06-19,Reality-TV
crmid:2450879654,jophiel1805@yandex.aephandson.com,Mallie,Mcguire,female,267-430-0579,Chino Hills,United States,31026,Wyoming,854 Vinton,1947-06-19,Fantasy
crmid:5430290606,occlusions1938@outlook.aephandson.com,Arturo,Ballard,male,502-851-7828,Wylie,United States,66077,Rhode Island,574 Teddy,1937-01-02,Mystery
crmid:4212268524,beggarman1971@yahoo.aephandson.com,Edward,Morales,female,004-005-3398,Cleveland,United States,13300,New Jersey,535 Blackstone,1948-03-20,Account Cancelation
crmid:7083745770,butting1805@gmail.aephandson.com,Gale,Potts,male,506-392-2361,Westmont,United States,07318,Alaska,792 Seacliff,1930-04-23,Fantasy
crmid:7326000757,exacter1950@outlook.aephandson.com,Lore,Irwin,female,756-985-5966,Santa Maria,United States,13572,Wyoming,592 Brazil,1953-11-11,Animation
crmid:1481809400,cottontail1968@live.aephandson.com,Darrell,Conrad,,128-361-0788,Grand Rapids,United States,62419,South Dakota,196 Marist,1967-12-13,Fantasy
crmid:1412403142,quasijudicial2049@gmail.aephandson.com,Lionel,Atkins,,366-552-6799,Manhattan Beach,United States,25378,New York,667 Aerial,1986-04-17,Account Cancelation
crmid:6702678351,unprofaned1855@live.aephandson.com,Patrick,Santana,,925-200-0740,Parkersburg,United States,52564,New Hampshire,224 Stigwood,1995-09-09,Thriller
crmid:4021484421,bobwhite2015@gmail.aephandson.com,Tod,Maldonado,,585-211-7366,Huber Heights,United States,43580,South Dakota,460 Prosper,1973-07-28,Fantasy
crmid:8866388641,chump1932@yahoo.aephandson.com,Boyce,Vazquez,,717-644-2192,Hawthorne,United States,33938,Alaska,314 Fontinella,1970-06-12,Fantasy
crmid:7775817064,decrowning1987@outlook.aephandson.com,Margurite,Marquez,female,967-397-9659,Elko,United States,38463,Oklahoma,919 Mersey,1959-06-18,Biography
crmid:2513072361,chazans1930@gmail.aephandson.com,Jared,Huff,,552-929-5752,Streamwood,United States,38932,Connecticut,776 Huron,1968-05-27,Family
crmid:3618590294,tonsured1991@yandex.aephandson.com,Santos,Shepard,,534-470-3166,Goshen,United States,11574,Oregon,144 Weldon,1967-02-06,Fantasy
crmid:2868149833,islamitic1917@yahoo.aephandson.com,Edison,Atkinson,,304-295-7462,Mayfield Heights,United States,60060,Utah,897 Hampshire,1988-11-19,Animation
crmid:8146439779,pluviography1816@outlook.aephandson.com,Nikole,Goff,female,845-883-5126,Cottonwood Heights,United States,57339,Arizona,910 Opal,1951-10-29,Thriller
crmid:2400927729,banat2045@live.aephandson.com,Barry,Gilbert,,785-450-6741,Miramar,United States,87078,Maine,87 Bay Shore,1991-11-03,Family
crmid:4827582900,uncontenting1993@yahoo.aephandson.com,Lenard,Fuller,,870-315-4450,Manchester,United States,05032,West Virginia,1356 Northgate,1986-01-25,Action
crmid:7268589030,bodhi1901@yahoo.aephandson.com,Elbert,West,male,629-148-1123,Bellaire,United States,18266,Wyoming,222 Payson,1937-03-30,Thriller
crmid:7910015269,azido2035@gmail.aephandson.com,Dusty,Lynch,female,826-788-3815,Converse,United States,10482,Utah,703 Kirkham,1950-03-18,Biography
crmid:3385432119,nonobstetrically2002@yahoo.aephandson.com,Hang,Gamble,female,372-066-5889,Tinley Park,United States,13665,Alaska,1258 Houston,1954-04-11,Westerns
crmid:3881202269,desiderative1994@gmail.aephandson.com,Katelin,Marsh,female,955-985-1256,Vancouver,United States,71543,Oregon,1109 Dutch Windmill Access,1999-03-09,Mystery
crmid:7050710140,convict1941@live.aephandson.com,Rikki,Lewis,female,265-477-0124,Simpsonville,United States,94422,Tennessee,1188 Tompkins,1949-07-17,Drama
crmid:7426920930,darshi2061@gmail.aephandson.com,Felton,Goff,,413-755-2925,North Port,United States,70889,Michigan,286 Capistrano,1999-08-03,Reality-TV
crmid:5999877287,globefish1868@yandex.aephandson.com,Wanetta,Cobb,female,886-163-5916,El Mirage,United States,51178,Montana,1345 Drumm,1958-09-06,Reality-TV
crmid:4895527012,contrary1922@outlook.aephandson.com,Jan,Harrell,male,170-405-7984,South Gate,United States,87033,Kansas,274 Mountview,1930-05-13,News
crmid:9852220234,nemichthys2003@gmail.aephandson.com,Golden,Meyers,female,364-726-9065,Topeka,United States,26707,Maryland,1184 Pacheco,1960-03-20,Biography
crmid:6760874535,bookworm1964@outlook.aephandson.com,Frances,Savage,male,442-842-1344,Tamarac,United States,52503,Nebraska,114 San Marcos,1933-04-26,Horror
crmid:4412991928,douping2069@yandex.aephandson.com,Ray,Arnold,male,827-391-7842,Canton,United States,48958,Louisiana,16 Valerton,1944-08-01,History
crmid:4235547785,raddle1863@live.aephandson.com,Steven,Pruitt,,444-461-0531,Hopewell,United States,95107,Virginia,281 Country Club,1973-09-17,Biography
crmid:6363631019,atavus1878@live.aephandson.com,Larry,Kline,female,824-097-8858,Claremont,United States,28214,Arkansas,238 Shakespeare,1947-05-16,Action
crmid:7509998958,champertor2030@live.aephandson.com,Orlando,Clark,,341-302-6199,Troy,United States,49741,Missouri,163 Ruckman,1981-08-23,Biography
crmid:6395926699,protomartyr1809@yahoo.aephandson.com,Willy,Ross,,910-727-3045,Port Angeles,United States,43485,Massachusetts,40 Missouri,1993-07-19,Biography
crmid:6115711713,arpen1887@live.aephandson.com,Monty,Conrad,,994-580-7515,Pascagoula,United States,52644,West Virginia,1264 Rossmoor,1991-05-28,Drama
crmid:1259079505,welcomely2067@gmail.aephandson.com,Stefan,Whitney,male,774-222-6515,Casper,United States,58059,Vermont,893 Cardenas,1945-09-27,Family
crmid:3079136577,saltee1893@gmail.aephandson.com,Edwin,Knapp,,043-594-9039,Lodi,United States,35101,Florida,831 Black,1983-06-27,Action
crmid:9523374610,absent2032@yahoo.aephandson.com,Lowell,Fleming,male,583-027-4483,Blacksburg,United States,32864,Maryland,632 Cora,1939-06-10,Animation
crmid:4224697838,carnations2064@live.aephandson.com,Brett,Alvarado,male,964-983-3874,Bridgeport,United States,06403,Maryland,263 Rae,1941-02-01,Animation
crmid:4039672735,jurisdictional1942@yahoo.aephandson.com,Orval,Byrd,male,329-509-2545,Burbank,United States,84632,Massachusetts,1331 Hillview,1942-07-05,Sport
crmid:5221185156,grasshopper1992@gmail.aephandson.com,Gaylord,Dunlap,male,779-802-3555,Bellaire,United States,29794,Missouri,310 Chenery,1937-04-09,History
crmid:8308562013,vituperatory1866@gmail.aephandson.com,Patrick,Baker,,615-263-7348,Palm Desert,United States,49549,North Dakota,1130 Cumberland,1991-08-31,Thriller
crmid:1604241148,babak1870@yahoo.aephandson.com,Max,Ochoa,male,254-985-1648,Battle Ground,United States,76812,Pennsylvania,856 El Mirasol,1936-12-13,Fantasy
crmid:2219324409,planted2020@yandex.aephandson.com,Arnold,Lee,,441-752-7360,Woodburn,United States,74695,Hawaii,881 Rome,1984-01-22,Fantasy
crmid:9636894361,aware1804@live.aephandson.com,Emmaline,Guthrie,female,524-469-0280,Peoria,United States,51330,Oklahoma,145 Homewood,1951-03-12,Family
crmid:9835933220,bijan1803@gmail.aephandson.com,Mason,Lott,male,168-117-3917,Bend,United States,38616,Utah,351 Fifth,1938-07-17,Animation
crmid:1882315293,elasmosaur1855@yandex.aephandson.com,Brendon,Fischer,,983-742-7744,Lewiston,United States,07801,Oklahoma,234 Clover,1982-01-29,Comedy
crmid:2903570164,necrobacillary1802@gmail.aephandson.com,Dorian,Reed,male,843-051-4608,Brownsburg,United States,77950,Alaska,418 Stone,1942-12-06,Account Cancelation
crmid:5399240916,acephalous1925@yandex.aephandson.com,Hiram,Crawford,male,292-012-3501,Bay City,United States,92912,Maine,455 R,1936-05-07,News
crmid:8679650151,senna1825@live.aephandson.com,Mickie,Boyer,female,468-827-0770,Dalton,United States,38448,Tennessee,876 Berkshire,1952-06-03,Action
crmid:5558220589,schizophrenic1923@outlook.aephandson.com,Marcell,Burnett,female,072-386-5617,Colleyville,United States,36483,New Mexico,121 Lathrop,1949-06-04,Reality-TV
crmid:2459534643,saltee2047@yandex.aephandson.com,Emerson,Mckay,,747-044-3300,Oklahoma City,United States,73415,Washington,18 Farallones,1979-06-15,Sport
crmid:1456204909,unpanged1933@gmail.aephandson.com,Leonel,Alford,male,620-103-3662,Peoria,United States,58705,Kentucky,1337 Crestlake,1999-12-29,Sport
crmid:2277747494,mazard1929@gmail.aephandson.com,Kevin,Day,,889-729-3157,Solon,United States,39072,Minnesota,829 Houston,1973-05-31,News
crmid:7130132451,virgal2000@yandex.aephandson.com,Everette,Lambert,male,974-711-3969,Oakland Park,United States,52932,Washington,317 Perego,1997-01-07,News
crmid:1265465095,hautbois1873@yandex.aephandson.com,Damon,Pitts,,860-244-1831,Kearny,United States,10111,Montana,511 Battery,1976-04-25,News
crmid:5143586938,cameo1904@gmail.aephandson.com,Warren,David,,615-380-2908,Temple,United States,76047,South Carolina,224 Gorham,1990-01-31,Mystery
crmid:8123970816,myelopathy2055@yahoo.aephandson.com,Loralee,Bridges,female,057-353-3454,Elk Grove Village,United States,90584,West Virginia,981 Chain Of Lakes,1959-06-04,Mystery
crmid:9230136264,segueing1877@gmail.aephandson.com,Fidel,Greer,male,747-226-2185,Broken Arrow,United States,99637,Georgia,431 Rausch,1941-11-07,Sport
crmid:1923730915,alist1974@yahoo.aephandson.com,Edgar,Norton,,419-957-7839,Mineola,United States,73127,West Virginia,113 Melra,1991-12-11,News
crmid:1742648319,oddnesses1882@outlook.aephandson.com,Shu,Reese,female,456-475-2003,Cumberland,United States,45900,Delaware,162 Plaza,1952-08-24,News
crmid:2959457000,canille1885@yandex.aephandson.com,Geoffrey,May,,562-035-1073,Stevens Point,United States,20211,North Carolina,1366 Vasquez,1966-06-01,Action
crmid:1925774609,penicilliform1883@yandex.aephandson.com,Caprice,Allison,female,653-934-8820,Corpus Christi,United States,02878,Missouri,533 Levant,1951-02-01,Animation
crmid:4073821378,protesting2060@gmail.aephandson.com,Gail,Morse,male,897-785-7940,Agoura Hills,United States,20525,Colorado,401 Transbay Loop,1930-04-21,Thriller
crmid:3644827382,alcyone1989@outlook.aephandson.com,Antione,Dodson,,573-015-7802,Lompoc,United States,14924,Louisiana,944 Verna,1984-03-21,News
crmid:2823847608,physiognomist1801@gmail.aephandson.com,Terrell,Wooten,female,378-965-3340,Chester,United States,59958,Alabama,1346 Marine,1946-09-29,History
crmid:9968073316,groundsheet1821@yandex.aephandson.com,Cristobal,Long,,296-503-2253,Homewood,United States,23112,Texas,1137 Koret,1973-05-29,Fantasy
crmid:9096263589,oryx2022@outlook.aephandson.com,Emmitt,Chan,,174-540-8494,San Dimas,United States,23898,Illinois,1062 Earl,1964-12-12,Biography
crmid:2583251359,cristina1994@gmail.aephandson.com,Silas,Mccoy,male,614-845-7069,Casper,United States,95286,Ohio,589 Oak Hills,1945-09-19,Drama
crmid:2010407931,anteater1850@yahoo.aephandson.com,Arnette,Bird,female,852-815-2313,Rexburg,United States,60673,Maryland,316 Child,1953-01-03,Animation
crmid:6790826275,tailcoat1816@yandex.aephandson.com,Duane,Heath,,433-081-8675,Steubenville,United States,63293,Indiana,1099 Sierra,1969-05-10,Family
crmid:4324689641,shirtdress1820@yandex.aephandson.com,Marcos,Hancock,,260-716-8456,Temple,United States,57943,Florida,82 Lamartine,1996-08-26,Horror
crmid:8773427981,edenize1961@yandex.aephandson.com,Emerson,Everett,,009-667-5657,Greenbelt,United States,08721,Oklahoma,909 Lunado,1968-01-16,Sport
crmid:5698965919,apparition1958@outlook.aephandson.com,Solomon,Eaton,male,094-307-1743,Broomfield,United States,85635,Wyoming,970 Long Bridge,1942-09-09,Family
crmid:8303580315,uncolourable2062@live.aephandson.com,Glenn,Buck,,650-825-8911,Lockport,United States,43235,Massachusetts,111 Julian,1983-08-10,Account Cancelation
crmid:8363261657,snobby1942@live.aephandson.com,Abe,Cochran,,596-336-9564,Mercer Island,United States,81045,Arkansas,1371 Eagle,1989-06-04,News
crmid:5496934199,adventure2036@yahoo.aephandson.com,Mee,Cruz,female,824-251-3385,Coppell,United States,32482,Nebraska,502 Eighth,1950-06-07,Thriller
crmid:2257769468,toughening1873@live.aephandson.com,Rene,Chang,,800-531-7869,Goleta,United States,49418,Massachusetts,81 Devonshire,1967-08-11,Comedy
crmid:4692215409,insert2020@gmail.aephandson.com,Delmar,Lindsay,male,618-718-7377,Castle Rock,United States,61037,Nevada,267 Nueva,1945-12-29,Drama
crmid:6962468301,jocund1886@gmail.aephandson.com,Tristan,Richards,female,331-374-3484,Eustis,United States,50133,Delaware,24 Lincoln,1960-09-24,Thriller
crmid:1954741627,betumbled1858@outlook.aephandson.com,Shelton,Hudson,male,961-276-1725,Steubenville,United States,04514,Kansas,310 Urbano,1939-09-15,News
crmid:4580212539,tradition1871@live.aephandson.com,Long,Lowe,,869-679-3223,Maricopa,United States,83692,Ohio,285 South Hill,1987-06-22,Action
crmid:7142481632,correy1871@gmail.aephandson.com,Milton,Wallace,,381-593-8482,Nixa,United States,59866,Ohio,836 Brewster,1997-09-19,History
crmid:7999951343,appleton2013@yahoo.aephandson.com,Denver,Gould,,173-661-7435,Florissant,United States,26338,Nebraska,347 Oceanview,1962-04-13,Account Cancelation
crmid:6220045337,cornada1834@yahoo.aephandson.com,Wilbur,Duke,,623-658-1520,Machesney Park,United States,20526,California,496 Everson,1985-05-26,Biography
crmid:9457417427,tariff1870@yahoo.aephandson.com,Josh,Rivera,,353-798-9604,Lake Oswego,United States,88894,Hawaii,650 Peek,1980-10-30,Action
crmid:3003863399,padmasana1819@yandex.aephandson.com,Gabriel,Barron,male,278-689-1706,American Fork,United States,28650,Colorado,788 Halleck,1932-04-02,Horror
crmid:9614019522,counterclaims1968@gmail.aephandson.com,Emmitt,Avila,male,867-586-0393,Bellwood,United States,71038,Utah,339 Warner,1937-12-07,Comedy
crmid:3420557656,arvin1901@live.aephandson.com,Verlene,Barry,female,609-810-9665,Corvallis,United States,57920,New Hampshire,1099 Blanken,1951-09-02,Reality-TV
crmid:3784833150,carful1995@yandex.aephandson.com,Tuan,Bauer,,207-807-2411,Long Beach,United States,79708,Oklahoma,442 Ocean Vista,1984-12-13,Fantasy
crmid:2064547311,dovetailed1936@yandex.aephandson.com,Amos,Whitney,,019-438-1652,Petaluma,United States,86057,Wyoming,304 Ardath,1983-10-24,Family
crmid:8018675796,codeias1968@live.aephandson.com,Olympia,Wolf,female,255-420-0250,Copperas Cove,United States,33306,Wyoming,530 Pershing,1950-07-31,Thriller
crmid:4546682785,concertizes1934@yahoo.aephandson.com,Felton,Rivers,male,452-724-3648,White Bear Lake,United States,60715,Illinois,1124 Sfgh Access,1935-04-25,Reality-TV
crmid:2382492211,linemen2040@outlook.aephandson.com,Rosendo,Monroe,,397-515-9596,Poplar Bluff,United States,67830,South Carolina,414 Schwerin,1970-06-07,Action
crmid:9874016198,unhelved2011@yandex.aephandson.com,Benton,Vinson,male,345-911-9480,Brandon,United States,99781,South Carolina,667 Pleasant,1941-01-30,Biography
crmid:2287169825,procline1865@gmail.aephandson.com,Allan,Stanley,,061-728-8810,Oswego,United States,81384,Alaska,1274 Anzavista,1980-03-15,Biography
crmid:1402130524,expone2015@yahoo.aephandson.com,Elden,Garza,,882-450-9868,Kingston,United States,23124,North Dakota,257 King,1977-04-26,Action
crmid:2491919783,simars2039@outlook.aephandson.com,Mose,Hull,,812-126-3276,La Quinta,United States,87791,Nebraska,1125 Rosella,1979-03-26,Biography
crmid:5241947267,cockroach1911@outlook.aephandson.com,Antony,Cline,male,332-720-7290,South Holland,United States,60152,Minnesota,198 Martin Luther King Jr,1934-01-06,Mystery
crmid:8859913583,aerobatic1859@gmail.aephandson.com,Kena,Flynn,female,257-455-0006,San Marcos,United States,97762,Arkansas,238 Armistead,1960-12-22,Westerns
crmid:3826343788,utterancy1922@outlook.aephandson.com,Gregory,Bird,,473-222-9949,Mansfield,United States,20256,Nebraska,544 Patterson,1986-05-25,Thriller
crmid:4312480114,soapery1901@outlook.aephandson.com,Douglass,Wilkerson,,661-070-7357,Redmond,United States,33515,Illinois,1281 West Portal,1970-11-10,Action
crmid:4939533717,beechy1956@live.aephandson.com,Farah,Kirkland,female,720-493-8511,Chaska,United States,94743,West Virginia,602 Freeman,1946-03-16,Animation
crmid:6179433946,upseek1870@gmail.aephandson.com,Deandrea,Tanner,female,292-898-2922,Duncanville,United States,10129,Iowa,1018 Waterloo,1956-02-28,Fantasy
crmid:3962392440,veddoid1833@yahoo.aephandson.com,Wesley,Clements,,612-564-6311,Tahlequah,United States,67795,Maine,1345 Redwood,1991-08-25,Action
crmid:6937190779,equilibrio1927@yahoo.aephandson.com,Micheal,Rodgers,,861-661-1567,Texarkana,United States,72778,Kansas,78 Miguel,1986-05-10,Drama
crmid:3450242351,pixies1971@live.aephandson.com,Patricia,Jennings,male,183-553-8859,Niles,United States,60414,Massachusetts,1183 White,1997-10-17,Action
crmid:3958353167,serialism1925@yandex.aephandson.com,Agustin,Williamson,male,334-105-8701,Santee,United States,00176,Missouri,982 Marina Green,1939-01-31,Thriller
crmid:5554734417,aucan1971@outlook.aephandson.com,Stanton,Davidson,,081-557-1574,Zion,United States,40562,Michigan,1031 Bradford,1983-04-03,Sport
crmid:5017058792,kudu1923@outlook.aephandson.com,Ray,Hebert,male,782-933-2837,Ogden,United States,99458,Arizona,798 Homestead,1938-11-15,Sport
crmid:2163773274,improbable1861@outlook.aephandson.com,Malena,Vega,female,038-487-4396,El Cajon,United States,37458,Alabama,918 Oakdale,1958-06-29,News
crmid:8257813445,afret1889@outlook.aephandson.com,Robbie,Marshall,male,626-476-5186,Shawnee,United States,05516,Iowa,1371 Golding,1930-08-18,Fantasy
crmid:4374717246,deathy2070@outlook.aephandson.com,Steve,Oliver,,355-773-0029,North Olmsted,United States,38255,North Dakota,748 Appleton,1999-05-11,Comedy
crmid:3053314074,velocipeded1819@yandex.aephandson.com,Hunter,Lindsay,,108-741-3472,Overland Park,United States,38122,California,1064 Battery Cranston,1970-02-06,Action
crmid:4506314390,tabid1843@live.aephandson.com,Horace,Hamilton,male,989-880-8449,Broadview Heights,United States,28122,West Virginia,150 Jennifer,1941-05-12,Family
crmid:6854644004,coquelicot1986@gmail.aephandson.com,Craig,Moore,,387-692-1518,Willoughby,United States,82873,Tennessee,1278 Concord,1967-01-24,News
crmid:5646918445,drseuss1844@yandex.aephandson.com,Ken,Mcdowell,male,119-131-8132,Niles,United States,06357,New Jersey,31 Cortland,1997-01-21,Horror
crmid:2032246258,sheep1933@outlook.aephandson.com,Johnie,Daniel,male,195-939-9790,Albuquerque,United States,35621,Texas,1044 Zeno,1931-05-07,Action
crmid:8532609311,cites1896@yahoo.aephandson.com,Breana,Chen,female,366-933-9980,Colonial Heights,United States,70779,Oregon,1368 Lucky,1949-12-30,Biography
crmid:3953929586,champertor1855@gmail.aephandson.com,Cleveland,Ryan,,198-521-6485,Georgetown,United States,82979,Oklahoma,614 Cohen,1965-04-10,News
crmid:6527150811,aptly2017@yahoo.aephandson.com,Eddy,Fleming,,513-868-7375,Jeffersontown,United States,19091,Michigan,869 Shoup,1975-03-24,Thriller
crmid:7056884094,angry1850@live.aephandson.com,Russel,Gamble,,930-270-0277,Urbana,United States,76398,Massachusetts,960 Saroyan,1969-05-28,Family
crmid:1754732317,gecko1991@yahoo.aephandson.com,Kip,Blankenship,,838-662-9630,Frisco,United States,58090,Florida,256 Nobles,1964-10-23,News
crmid:2161704057,scalper1878@yahoo.aephandson.com,Sherilyn,Williamson,female,169-015-6089,Zanesville,United States,29311,Tennessee,61 Walbridge,1956-08-31,Reality-TV
crmid:2363661014,italy1928@yahoo.aephandson.com,Vashti,Rocha,female,023-866-9108,Converse,United States,87822,Arizona,263 Battery,1950-09-25,Horror
crmid:9694415542,plotter1885@outlook.aephandson.com,Paris,Santiago,,838-895-7204,Pearl,United States,78237,North Dakota,1013 Ellsworth,1983-05-14,Biography
crmid:6402666773,westwards1929@live.aephandson.com,Marvin,Ortega,male,129-188-1824,Americus,United States,38483,Texas,44 Gay,1932-07-22,News
crmid:2474284908,periappendicitis1875@gmail.aephandson.com,Shelton,Valenzuela,male,673-048-8670,Brighton,United States,76811,Kentucky,742 Las Villas,1941-12-26,Thriller
crmid:5143438292,topos1981@outlook.aephandson.com,Rana,Hudson,female,111-072-2340,Crystal,United States,94583,Alaska,270 Dellbrook,1952-07-15,Mystery
crmid:2109373652,seaflood1845@outlook.aephandson.com,Boyd,Head,male,040-865-9201,Broomfield,United States,63080,New Hampshire,375 Amber,1942-11-02,News
crmid:4182963091,chordate1956@yahoo.aephandson.com,Leia,Green,female,151-472-8018,Tacoma,United States,16233,Delaware,291 Trader Vic,1950-10-23,Fantasy
crmid:8833113962,byroad1827@yandex.aephandson.com,Wilton,Larsen,male,738-826-2216,Westmont,United States,05736,South Dakota,1293 Grenard,1938-10-17,Family
crmid:9132311491,ananda1885@yandex.aephandson.com,Thaddeus,Weaver,,505-365-3832,Kirksville,United States,58389,Indiana,1251 Whipple,1978-09-21,Reality-TV
crmid:6442781041,rattlesnake1837@outlook.aephandson.com,Jerome,Mcfarland,male,895-316-0568,Owensboro,United States,52571,Minnesota,1109 Rockdale,1932-05-19,Thriller
crmid:5669039582,gopher2006@live.aephandson.com,Jamel,Morrison,,180-804-3397,Fort Worth,United States,94789,South Dakota,80 Peninsula,1963-07-25,News
crmid:7401561479,claws1912@yandex.aephandson.com,Darrin,Cole,,202-216-7943,Greenwood,United States,38112,Iowa,201 Retiro,1968-06-13,History
crmid:1910821838,swallow2070@outlook.aephandson.com,Keeley,Newton,female,857-096-7335,Stillwater,United States,51655,Massachusetts,903 Webb,1998-03-09,Sport
crmid:2467958934,narcotization1970@outlook.aephandson.com,Gregg,Leon,,412-002-2619,Madison Heights,United States,57425,Michigan,1011 Long,1985-09-18,Sport
crmid:9680759116,carlock1819@live.aephandson.com,Cristopher,Marquez,,091-251-3288,Shakopee,United States,82485,Massachusetts,975 Battery Blaney,1967-10-14,Thriller
crmid:9274294865,fingerlings1884@gmail.aephandson.com,Deshawn,Herrera,,096-176-9581,Zanesville,United States,85764,Georgia,63 Penny,1982-12-10,Family
crmid:5243542081,deere1888@yahoo.aephandson.com,Londa,Lowe,female,243-195-3214,Duncan,United States,33882,Nebraska,667 Gilroy,1956-06-18,Reality-TV
crmid:3424475639,eulalie1919@yahoo.aephandson.com,Kip,Snow,male,251-132-2339,San Jose,United States,63322,Pennsylvania,332 Florida,1931-06-27,Fantasy
crmid:2091380367,wichtisite1878@yandex.aephandson.com,Aaron,Fischer,male,327-739-4420,Socorro,United States,70213,Kansas,799 Nimitz,1932-01-10,Comedy
crmid:6627355838,coleridge1965@live.aephandson.com,Anibal,Newton,,206-919-8376,Forest Grove,United States,55570,New Hampshire,662 Sycamore,1962-09-03,Biography
crmid:1021709248,wastiest2054@live.aephandson.com,Leo,Wiley,female,185-660-7703,Parma Heights,United States,53341,Idaho,743 San Marcos,1994-03-10,News
crmid:5953958382,jebus1834@outlook.aephandson.com,Jonah,Castaneda,male,877-267-3294,Anderson,United States,91746,Utah,602 Brompton,1932-05-05,History
crmid:6632126666,cablet1804@yahoo.aephandson.com,Robena,Hood,female,338-849-8335,Eagle,United States,89489,Alabama,619 Harbor,1956-07-14,Action
crmid:6003757439,anaesthetic1904@outlook.aephandson.com,Danny,Travis,male,595-560-3032,Anderson,United States,19461,Oklahoma,1137 Commonwealth,1932-03-29,History
crmid:5920867996,willowweed1826@gmail.aephandson.com,Adan,Palmer,male,633-764-0082,Carpentersville,United States,00174,Massachusetts,1361 Selma,1944-01-22,Reality-TV
crmid:1770683437,bayard1881@gmail.aephandson.com,Genia,Combs,female,033-828-2505,Erlanger,United States,71226,Tennessee,540 North 15Th,1960-12-06,Horror
crmid:9698192388,afloat1903@live.aephandson.com,Mason,Prince,,969-710-0432,Wilsonville,United States,45597,Utah,415 Smith,1985-09-11,History
crmid:9963552157,cougar1816@gmail.aephandson.com,Emile,Shields,,577-838-4915,Grapevine,United States,86210,Arizona,1229 Clay,1967-06-22,Animation
crmid:5634990803,coved2015@gmail.aephandson.com,Miles,Drake,,178-103-2519,Jamestown,United States,65647,Hawaii,1188 Pretor,1975-10-12,Reality-TV
crmid:3160102046,oxbow2023@gmail.aephandson.com,Dirk,Cross,male,629-597-6279,Brownwood,United States,92146,Louisiana,1085 Wilde,1942-03-07,Reality-TV
crmid:2555032393,chunkiest2037@gmail.aephandson.com,Eloy,Joyner,,787-483-9523,Santa Fe,United States,46210,Virginia,390 Sanches,1987-12-21,Action
crmid:8749805476,dissave1928@live.aephandson.com,Mariella,Nielsen,female,019-170-2670,Santa Monica,United States,93836,Georgia,752 Santa Ysabel,1950-06-21,Biography
crmid:6100786067,experimentally1805@gmail.aephandson.com,Joshua,Higgins,,673-993-2372,Laguna Niguel,United States,98646,South Carolina,180 Lafayette,1979-05-29,News
crmid:4621943144,isobutylene1939@yandex.aephandson.com,Trey,Powell,,989-321-0430,Patterson,United States,92905,Georgia,519 Jordan,1973-04-18,Thriller
crmid:3164686284,wallaby1876@live.aephandson.com,Todd,Ochoa,male,005-248-9231,Oakley,United States,85310,California,559 Bonifacio,1941-09-22,Action
crmid:8299256303,antre2001@gmail.aephandson.com,Anamaria,Davenport,female,380-410-9559,Champaign,United States,07368,Alaska,509 Rae,1946-01-07,News
crmid:9191559197,waiting1837@yandex.aephandson.com,Tom,Gross,,339-483-7730,San Juan Capistrano,United States,38483,Alaska,754 Burgoyne,1979-12-28,Animation
crmid:8014962376,deodate1957@live.aephandson.com,Monty,Chen,,019-225-4291,Lenexa,United States,29515,Idaho,361 Beaumont,1982-05-29,Animation
crmid:5960068525,chipmunk2001@live.aephandson.com,Tonette,Herrera,female,141-980-0758,Reno,United States,58440,Nebraska,1015 Crespi,1995-03-27,News
crmid:4385261087,malleablize2038@gmail.aephandson.com,Cristobal,Lewis,,012-194-3037,Oshkosh,United States,93501,Utah,957 Augusta,1970-12-19,Action
crmid:8013158178,daaboul1953@gmail.aephandson.com,Sonny,Sargent,,853-648-2842,Merced,United States,88225,Alaska,616 Lapham,1989-12-26,Comedy
crmid:6323977038,acrite2067@yahoo.aephandson.com,Drew,Townsend,,955-943-2947,McMinnville,United States,29862,Ohio,113 Treasury,1988-04-17,Comedy
crmid:8918287489,dupree1886@yandex.aephandson.com,Han,Shaffer,female,218-743-6502,Urbana,United States,18212,Delaware,847 Uranus,1955-04-27,Horror
crmid:6556290320,saddlers1925@live.aephandson.com,Jarod,Mcmahon,,792-717-2368,Wilmette,United States,94212,Texas,1298 Saroyan,1997-08-17,Biography
crmid:8259017103,dives1959@outlook.aephandson.com,Gary,Fernandez,male,691-972-1300,Canton,United States,62643,Vermont,870 Nimitz,1944-11-08,News
crmid:6072707967,asarin2035@outlook.aephandson.com,Frank,Chambers,,168-342-7339,Galt,United States,41106,Rhode Island,629 Channel,1965-08-05,Sport
crmid:3066698071,banshie1974@outlook.aephandson.com,Sterling,Bauer,male,463-951-1108,Avon,United States,55834,Texas,630 Arballo,1935-09-02,News
crmid:9440652290,lageniform1853@yandex.aephandson.com,Laurine,Francis,female,399-844-9665,Coachella,United States,97216,South Dakota,782 Clay,1948-10-25,Reality-TV
crmid:9399012645,repopulated2040@yahoo.aephandson.com,Curt,Francis,,063-306-9348,Indio,United States,64623,New Mexico,49 Crossover,1974-11-18,News
crmid:2307940903,transubstantiate1881@outlook.aephandson.com,Casey,Flowers,,361-769-4538,Maywood,United States,12289,Wisconsin,128 East Fort Miley,1988-04-16,Animation
crmid:2780586323,enrapted2057@yahoo.aephandson.com,Tamala,Atkinson,female,856-208-8367,Pleasant Prairie,United States,99436,North Carolina,1098 India,1953-08-01,Comedy
crmid:2320702900,molybdite1880@yandex.aephandson.com,Zachery,Dejesus,,531-202-7691,Rocklin,United States,38056,Indiana,324 Newman,1978-06-27,Action
crmid:9846096942,nodes2054@yandex.aephandson.com,Merle,Dunlap,,038-464-1276,Marshfield,United States,35362,New York,24 Pennsylvania,1987-05-20,Fantasy
crmid:2283363116,tribromophenol1876@gmail.aephandson.com,Jan,Rivas,,265-056-9596,Tinley Park,United States,84056,Maine,871 Bellair,1988-10-01,Westerns
crmid:9725169312,gorgoniaceous1912@gmail.aephandson.com,Alva,Glass,,692-117-0079,Merced,United States,64002,Vermont,617 Pinto,1989-10-12,News
crmid:6522405635,rumshop1814@yahoo.aephandson.com,Gita,Barlow,female,541-693-7896,Chowchilla,United States,70858,Ohio,224 San Andreas,1947-12-06,Comedy
crmid:4788963908,cascarilla1808@outlook.aephandson.com,Myrle,Bentley,female,538-608-6719,Owasso,United States,13959,Alaska,1039 Wool,1951-12-13,Animation
crmid:5127957004,earrings2045@outlook.aephandson.com,Wilson,Adkins,male,184-096-9181,Altoona,United States,56241,Colorado,109 Saint George,1932-10-01,Action
crmid:9743588085,prunitrin1805@yandex.aephandson.com,Lesley,Flynn,,143-102-9021,Wauwatosa,United States,68712,Oklahoma,956 Alvord,1984-01-24,Fantasy
