id,crmid,propensity_premium,propensity_high_speed
aabaa7e6-83cc-11ea-8bef-b88a60e194fb,crmid:5207241402,8,5
aabbe04c-83cc-11ea-b7e9-b88a60e194fb,crmid:2277487786,4,9
aabd8cf4-83cc-11ea-ae0f-b88a60e194fb,crmid:8674527012,9,4
aabf1394-83cc-11ea-95f1-b88a60e194fb,crmid:2147818971,9,2
aac09ba2-83cc-11ea-8788-b88a60e194fb,crmid:1425408715,7,4
aac2495c-83cc-11ea-93e7-b88a60e194fb,crmid:9667787746,6,3
aac3ce8a-83cc-11ea-806d-b88a60e194fb,crmid:1291159408,8,4
aac57d8a-83cc-11ea-a68a-b88a60e194fb,crmid:1642334394,2,7
aac72b5a-83cc-11ea-a9d1-b88a60e194fb,crmid:9654046689,8,3
aac8d8e6-83cc-11ea-83d7-b88a60e194fb,crmid:4049840118,8,3
aacaac2e-83cc-11ea-a0ee-b88a60e194fb,crmid:2140185590,8,5
aacc3450-83cc-11ea-b1d0-b88a60e194fb,crmid:4913621475,8,3
aacd93da-83cc-11ea-bd28-b88a60e194fb,crmid:9026471411,2,8
aad2c390-83cc-11ea-8006-b88a60e194fb,crmid:2578160839,9,3
aad4984a-83cc-11ea-9c71-b88a60e194fb,crmid:5846942385,9,5
aad9c86e-83cc-11ea-b705-b88a60e194fb,crmid:1373764924,10,5
aadb767a-83cc-11ea-a71d-b88a60e194fb,crmid:7950478130,5,7
aadcfcc6-83cc-11ea-8c5c-b88a60e194fb,crmid:7512479793,4,7
aadeaaf4-83cc-11ea-8d74-b88a60e194fb,crmid:6721701771,8,5
aae058f4-83cc-11ea-a6ab-b88a60e194fb,crmid:2450879654,5,9
aae204de-83cc-11ea-a17d-b88a60e194fb,crmid:5430290606,7,3
aae3b3d8-83cc-11ea-945f-b88a60e194fb,crmid:4212268524,7,5
aae5123e-83cc-11ea-a587-b88a60e194fb,crmid:7083745770,7,4
aae6e83a-83cc-11ea-9f91-b88a60e194fb,crmid:7326000757,9,4
aae8bcf4-83cc-11ea-b424-b88a60e194fb,crmid:1481809400,9,6
aaea1c76-83cc-11ea-82de-b88a60e194fb,crmid:1412403142,4,9
aaebca38-83cc-11ea-8e39-b88a60e194fb,crmid:6702678351,8,4
aaedc5f6-83cc-11ea-9e1c-b88a60e194fb,crmid:4021484421,10,3
aaef4b64-83cc-11ea-a04e-b88a60e194fb,crmid:8866388641,7,2
aaf0f8f0-83cc-11ea-87ee-b88a60e194fb,crmid:7775817064,4,9
aaf2f4c2-83cc-11ea-9fab-b88a60e194fb,crmid:2513072361,8,4
aaf4a338-83cc-11ea-b767-b88a60e194fb,crmid:3618590294,9,4
aaf6500a-83cc-11ea-9cf8-b88a60e194fb,crmid:2868149833,6,9
aaf899f0-83cc-11ea-8e04-b88a60e194fb,crmid:8146439779,10,3
aafa479c-83cc-11ea-a6c8-b88a60e194fb,crmid:2400927729,7,3
aafbcf98-83cc-11ea-9c59-b88a60e194fb,crmid:4827582900,8,3
aafda45c-83cc-11ea-9d35-b88a60e194fb,crmid:7268589030,4,10
aaff7924-83cc-11ea-a58e-b88a60e194fb,crmid:7910015269,9,4
ab00fe68-83cc-11ea-83c6-b88a60e194fb,crmid:3385432119,9,5
ab02ad68-83cc-11ea-aeda-b88a60e194fb,crmid:3881202269,4,8
ab045b1c-83cc-11ea-9512-b88a60e194fb,crmid:7050710140,6,4
ab093d22-83cc-11ea-a933-b88a60e194fb,crmid:7426920930,4,8
ab0ac358-83cc-11ea-af1b-b88a60e194fb,crmid:5999877287,8,6
ab0c981c-83cc-11ea-9bb9-b88a60e194fb,crmid:4895527012,4,9
ab0e4640-83cc-11ea-b901-b88a60e194fb,crmid:9852220234,8,5
ab0ff266-83cc-11ea-97bd-b88a60e194fb,crmid:6760874535,9,6
ab11c734-83cc-11ea-a844-b88a60e194fb,crmid:4412991928,4,10
ab13754c-83cc-11ea-9cad-b88a60e194fb,crmid:4235547785,8,2
ab14fc1e-83cc-11ea-aeb8-b88a60e194fb,crmid:6363631019,3,9
ab16aa54-83cc-11ea-8d99-b88a60e194fb,crmid:7509998958,7,3
ab18306e-83cc-11ea-bff8-b88a60e194fb,crmid:6395926699,3,7
ab19de12-83cc-11ea-b45c-b88a60e194fb,crmid:6115711713,6,3
ab1bda4c-83cc-11ea-bd9d-b88a60e194fb,crmid:1259079505,9,3
ab1d86fa-83cc-11ea-a5b8-b88a60e194fb,crmid:3079136577,5,6
ab1f35b6-83cc-11ea-881a-b88a60e194fb,crmid:9523374610,8,5
ab20e34a-83cc-11ea-9a7e-b88a60e194fb,crmid:4224697838,8,4
ab226912-83cc-11ea-822a-b88a60e194fb,crmid:4039672735,8,6
ab29e350-83cc-11ea-a79a-b88a60e194fb,crmid:5221185156,8,5
ab2b6af8-83cc-11ea-bee3-b88a60e194fb,crmid:8308562013,6,9
ab2cf08c-83cc-11ea-8110-b88a60e194fb,crmid:1604241148,5,8
ab2e7834-83cc-11ea-8791-b88a60e194fb,crmid:2219324409,3,9
ab2ffe7e-83cc-11ea-bf37-b88a60e194fb,crmid:9636894361,10,3
ab31ab4c-83cc-11ea-9534-b88a60e194fb,crmid:9835933220,3,8
ab3358e8-83cc-11ea-bcdb-b88a60e194fb,crmid:1882315293,9,3
ab352db4-83cc-11ea-a0be-b88a60e194fb,crmid:2903570164,7,3
ab368d3a-83cc-11ea-b373-b88a60e194fb,crmid:5399240916,7,3
ab38151e-83cc-11ea-bdfb-b88a60e194fb,crmid:8679650151,8,2
ab39c294-83cc-11ea-9590-b88a60e194fb,crmid:5558220589,5,8
ab3b9628-83cc-11ea-a164-b88a60e194fb,crmid:2459534643,4,8
ab3d1cb8-83cc-11ea-8579-b88a60e194fb,crmid:1456204909,4,9
ab3ea364-83cc-11ea-8f86-b88a60e194fb,crmid:2277747494,4,8
ab402a00-83cc-11ea-ae57-b88a60e194fb,crmid:7130132451,6,7
ab420006-83cc-11ea-99ce-b88a60e194fb,crmid:1265465095,5,8
ab4496d0-83cc-11ea-96d5-b88a60e194fb,crmid:5143586938,3,8
ab4755e2-83cc-11ea-ad68-b88a60e194fb,crmid:8123970816,9,4
ab48ddec-83cc-11ea-b16c-b88a60e194fb,crmid:9230136264,5,9
ab4a3c18-83cc-11ea-87ba-b88a60e194fb,crmid:1923730915,2,8
ab4beb12-83cc-11ea-8b92-b88a60e194fb,crmid:1742648319,7,5
ab52a0da-83cc-11ea-9643-b88a60e194fb,crmid:2959457000,8,5
ab544f9e-83cc-11ea-9306-b88a60e194fb,crmid:1925774609,4,9
ab55fd46-83cc-11ea-b349-b88a60e194fb,crmid:4073821378,4,8
ab57a9b8-83cc-11ea-82e1-b88a60e194fb,crmid:3644827382,4,10
ab593192-83cc-11ea-a8c0-b88a60e194fb,crmid:2823847608,4,9
ab5b2bf6-83cc-11ea-8e41-b88a60e194fb,crmid:9968073316,8,4
ab5cd9ca-83cc-11ea-bd4c-b88a60e194fb,crmid:9096263589,4,8
ab5e6042-83cc-11ea-8f44-b88a60e194fb,crmid:2583251359,5,8
ab60350a-83cc-11ea-889d-b88a60e194fb,crmid:2010407931,4,8
ab61bc52-83cc-11ea-a038-b88a60e194fb,crmid:6790826275,3,9
ab636a8a-83cc-11ea-8083-b88a60e194fb,crmid:4324689641,4,8
ab65184c-83cc-11ea-97ee-b88a60e194fb,crmid:8773427981,8,5
ab6677e4-83cc-11ea-919c-b88a60e194fb,crmid:5698965919,7,4
ab682590-83cc-11ea-81b2-b88a60e194fb,crmid:8303580315,3,9
ab69ac0a-83cc-11ea-9299-b88a60e194fb,crmid:8363261657,3,7
ab6b8106-83cc-11ea-bb0c-b88a60e194fb,crmid:5496934199,5,8
ab6d2ecc-83cc-11ea-a614-b88a60e194fb,crmid:2257769468,4,8
ab6eb418-83cc-11ea-82aa-b88a60e194fb,crmid:4692215409,9,4
ab703bf4-83cc-11ea-8da8-b88a60e194fb,crmid:6962468301,8,6
ab71e82e-83cc-11ea-9182-b88a60e194fb,crmid:1954741627,9,4
ab7347c0-83cc-11ea-bc1c-b88a60e194fb,crmid:4580212539,8,4
ab751c82-83cc-11ea-8ed6-b88a60e194fb,crmid:7142481632,3,7
ab76ca2e-83cc-11ea-ba58-b88a60e194fb,crmid:7999951343,4,8
ab7829be-83cc-11ea-b639-b88a60e194fb,crmid:6220045337,8,4
ab79fe7a-83cc-11ea-b6ee-b88a60e194fb,crmid:9457417427,9,1
ab7b5e42-83cc-11ea-bee8-b88a60e194fb,crmid:3003863399,5,8
ab7d342e-83cc-11ea-8e32-b88a60e194fb,crmid:9614019522,7,3
ab7ee1cc-83cc-11ea-9d05-b88a60e194fb,crmid:3420557656,4,8
ab80673e-83cc-11ea-99a1-b88a60e194fb,crmid:3784833150,3,8
ab823bcc-83cc-11ea-b015-b88a60e194fb,crmid:2064547311,6,3
ab83ead8-83cc-11ea-a42e-b88a60e194fb,crmid:8018675796,4,9
ab8571a8-83cc-11ea-90ed-b88a60e194fb,crmid:4546682785,4,8
ab8744e2-83cc-11ea-80b2-b88a60e194fb,crmid:2382492211,8,4
ab88f3d8-83cc-11ea-aeb3-b88a60e194fb,crmid:9874016198,9,4
ab8a537a-83cc-11ea-a44c-b88a60e194fb,crmid:2287169825,8,6
ab8c021e-83cc-11ea-af90-b88a60e194fb,crmid:1402130524,4,10
ab8daee4-83cc-11ea-b6dd-b88a60e194fb,crmid:2491919783,3,8
ab8f8254-83cc-11ea-89af-b88a60e194fb,crmid:5241947267,5,9
ab912ff0-83cc-11ea-bb87-b88a60e194fb,crmid:8859913583,8,3
ab92df3a-83cc-11ea-8953-b88a60e194fb,crmid:3826343788,5,8
ab943ea4-83cc-11ea-810e-b88a60e194fb,crmid:4312480114,7,4
ab961310-83cc-11ea-ac43-b88a60e194fb,crmid:4939533717,10,4
ab97e6b0-83cc-11ea-986c-b88a60e194fb,crmid:6179433946,7,6
ab999562-83cc-11ea-8b2a-b88a60e194fb,crmid:3962392440,7,5
ab9b438a-83cc-11ea-8f8a-b88a60e194fb,crmid:6937190779,8,4
ab9d16dc-83cc-11ea-91c2-b88a60e194fb,crmid:3450242351,3,8
ab9e9d78-83cc-11ea-af05-b88a60e194fb,crmid:3958353167,4,8
aba10ef8-83cc-11ea-8b1f-b88a60e194fb,crmid:5554734417,4,8
aba30bf8-83cc-11ea-8e4f-b88a60e194fb,crmid:5017058792,3,9
aba4b948-83cc-11ea-8121-b88a60e194fb,crmid:2163773274,7,4
aba68d1c-83cc-11ea-8695-b88a60e194fb,crmid:8257813445,4,10
aba862ba-83cc-11ea-b005-b88a60e194fb,crmid:4374717246,7,3
abaa107e-83cc-11ea-931e-b88a60e194fb,crmid:3053314074,3,10
ababbeec-83cc-11ea-8057-b88a60e194fb,crmid:4506314390,3,7
abad6ac6-83cc-11ea-bb25-b88a60e194fb,crmid:6854644004,4,7
abaf4088-83cc-11ea-b6f3-b88a60e194fb,crmid:5646918445,8,2
abb0c63a-83cc-11ea-9882-b88a60e194fb,crmid:2032246258,4,8
abb27366-83cc-11ea-8e41-b88a60e194fb,crmid:8532609311,6,7
abb46f64-83cc-11ea-b4e0-b88a60e194fb,crmid:3953929586,8,5
abb819da-83cc-11ea-9892-b88a60e194fb,crmid:6527150811,10,4
abb9c76e-83cc-11ea-bfff-b88a60e194fb,crmid:7056884094,8,5
abbbc23e-83cc-11ea-8706-b88a60e194fb,crmid:1754732317,4,8
abbd21c6-83cc-11ea-ad80-b88a60e194fb,crmid:2161704057,8,5
abbecf74-83cc-11ea-8346-b88a60e194fb,crmid:2363661014,9,5
abc0a430-83cc-11ea-9040-b88a60e194fb,crmid:9694415542,8,4
abc53830-83cc-11ea-ac20-b88a60e194fb,crmid:6402666773,4,9
abc698ee-83cc-11ea-b697-b88a60e194fb,crmid:2474284908,8,2
abc846b4-83cc-11ea-97bf-b88a60e194fb,crmid:5143438292,8,2
abca4152-83cc-11ea-94e3-b88a60e194fb,crmid:2109373652,9,4
abcba0ba-83cc-11ea-8929-b88a60e194fb,crmid:4182963091,4,5
abcd9de2-83cc-11ea-a292-b88a60e194fb,crmid:8833113962,4,9
abcf232c-83cc-11ea-aed7-b88a60e194fb,crmid:9132311491,8,3
abd0a9b4-83cc-11ea-9395-b88a60e194fb,crmid:6442781041,9,5
abd27fde-83cc-11ea-91f2-b88a60e194fb,crmid:5669039582,7,2
abd4068c-83cc-11ea-85af-b88a60e194fb,crmid:7401561479,10,5
abd5b434-83cc-11ea-9719-b88a60e194fb,crmid:1910821838,4,9
abd73b5a-83cc-11ea-81b2-b88a60e194fb,crmid:2467958934,4,9
abd8e894-83cc-11ea-adcc-b88a60e194fb,crmid:9680759116,3,8
abdabd52-83cc-11ea-81f3-b88a60e194fb,crmid:9274294865,8,4
abdc909c-83cc-11ea-b2ad-b88a60e194fb,crmid:5243542081,5,10
abdeb376-83cc-11ea-b2f2-b88a60e194fb,crmid:3424475639,3,7
abe03a24-83cc-11ea-881b-b88a60e194fb,crmid:2091380367,10,4
abe1e91c-83cc-11ea-9245-b88a60e194fb,crmid:6627355838,8,4
abe3956e-83cc-11ea-a7a9-b88a60e194fb,crmid:1021709248,8,4
abe6067e-83cc-11ea-a930-b88a60e194fb,crmid:5953958382,2,6
abe7b40c-83cc-11ea-9a95-b88a60e194fb,crmid:6632126666,5,8
abe988d2-83cc-11ea-a689-b88a60e194fb,crmid:6003757439,8,4
abeae85e-83cc-11ea-b697-b88a60e194fb,crmid:5920867996,6,8
abecbe6e-83cc-11ea-80ae-b88a60e194fb,crmid:1770683437,8,3
abf1044c-83cc-11ea-adb5-b88a60e194fb,crmid:9698192388,8,5
abf2637a-83cc-11ea-b24b-b88a60e194fb,crmid:9963552157,8,5
abf41128-83cc-11ea-804b-b88a60e194fb,crmid:5634990803,5,8
abf59846-83cc-11ea-a478-b88a60e194fb,crmid:3160102046,3,8
abf6f7b4-83cc-11ea-bcc8-b88a60e194fb,crmid:2555032393,7,3
abf8a576-83cc-11ea-8343-b88a60e194fb,crmid:8749805476,5,7
abfa2b62-83cc-11ea-8661-b88a60e194fb,crmid:6100786067,7,2
abfbd9e8-83cc-11ea-b5b0-b88a60e194fb,crmid:4621943144,7,5
abfd5ef6-83cc-11ea-b1db-b88a60e194fb,crmid:3164686284,9,5
abfee792-83cc-11ea-aa4d-b88a60e194fb,crmid:8299256303,8,3
ac009498-83cc-11ea-aedf-b88a60e194fb,crmid:9191559197,3,7
ac02427e-83cc-11ea-b408-b88a60e194fb,crmid:8014962376,5,7
ac03f024-83cc-11ea-b9cc-b88a60e194fb,crmid:5960068525,4,9
ac05c348-83cc-11ea-a9d6-b88a60e194fb,crmid:4385261087,8,3
ac0772ae-83cc-11ea-b02c-b88a60e194fb,crmid:8013158178,9,5
ac08f8fa-83cc-11ea-979a-b88a60e194fb,crmid:6323977038,4,7
ac0ace94-83cc-11ea-b0ae-b88a60e194fb,crmid:8918287489,2,8
ac0c7bb0-83cc-11ea-bbeb-b88a60e194fb,crmid:6556290320,8,5
ac0e0222-83cc-11ea-93a9-b88a60e194fb,crmid:8259017103,2,9
ac0f88a8-83cc-11ea-97dc-b88a60e194fb,crmid:6072707967,8,4
ac113640-83cc-11ea-b537-b88a60e194fb,crmid:3066698071,5,7
ac130b14-83cc-11ea-9164-b88a60e194fb,crmid:9440652290,4,10
ac14b8cc-83cc-11ea-b88c-b88a60e194fb,crmid:9399012645,9,4
ac161890-83cc-11ea-8127-b88a60e194fb,crmid:2307940903,5,8
ac1812d8-83cc-11ea-91ea-b88a60e194fb,crmid:2780586323,4,6
ac19c094-83cc-11ea-a285-b88a60e194fb,crmid:2320702900,8,4
ac1b2014-83cc-11ea-9f9f-b88a60e194fb,crmid:9846096942,7,5
ac1cf4c0-83cc-11ea-b11a-b88a60e194fb,crmid:2283363116,10,5
ac1ecae2-83cc-11ea-9dbc-b88a60e194fb,crmid:9725169312,3,9
ac205000-83cc-11ea-95d6-b88a60e194fb,crmid:6522405635,4,9
ac222654-83cc-11ea-aff5-b88a60e194fb,crmid:4788963908,9,3
ac23d408-83cc-11ea-abc3-b88a60e194fb,crmid:5127957004,9,4
ac25d010-83cc-11ea-af75-b88a60e194fb,crmid:9743588085,3,8
