id,transactionID,crmid,timestamp,orderType,transactionSKU,transactionName,transactionType,transactionOwnership,transactionAction,transactionMethod,transactionAmount,transactionFlag
d85370d8-914c-11ea-816d-b88a60e194fb,transactionid:228160,crmid:6006388801,2020-03-17T02:33:09.000Z,transaction - broker,prd1178,Everyday Savings,Savings,Personal,credit,call center,3565.8,1
d8551ee2-914c-11ea-8d35-b88a60e194fb,transactionid:382792,crmid:1914053314,2020-03-26T03:38:40.000Z,transaction - broker,prd1159,CDs: 3 month,Investment,Personal,credit,broker,1911.94,1
d856a526-914c-11ea-bd4b-b88a60e194fb,transactionid:593500,crmid:3093929160,2020-03-15T07:15:08.000Z,transaction - broker,prd1044,Rewards Card,Credit Card,Personal,close,call center,3100.38,1
d858a0ee-914c-11ea-b736-b88a60e194fb,transactionid:236185,crmid:6673776533,2020-03-29T14:07:50.000Z,transaction - broker,prd1184,Fixed Deposit,Investment,Personal,debt,mobile,383450.36,1
d859eb8a-914c-11ea-af8f-b88a60e194fb,transactionid:833272,crmid:1674856713,2020-03-28T15:40:32.000Z,transaction - broker,prd1126,Merchant Services Account,Merchant Services,Business,credit,ATM,379920.89,1
d85b7364-914c-11ea-b414-b88a60e194fb,transactionid:411322,crmid:7160708798,2020-03-16T21:13:36.000Z,transaction - broker,prd1010,529 College Savings,College Savings,Personal,credit,mobile,2938.94,1
d85ce562-914c-11ea-b8d3-b88a60e194fb,transactionid:406617,crmid:8319689946,2020-03-30T04:30:08.000Z,transaction - broker,prd1138,Money Market Savings,Savings,Personal,credit,ATM,3696.45,1
d85e7f7e-914c-11ea-9fa9-b88a60e194fb,transactionid:702236,crmid:1955576925,2020-03-15T00:41:11.000Z,transaction - broker,prd1125,Mortgage: FHA,Mortgage,Personal,credit,mobile,333014.67,1
d85ff348-914c-11ea-b23e-b88a60e194fb,transactionid:527870,crmid:2881229639,2020-03-19T17:41:05.000Z,transaction - broker,prd1018,Auto Insurance,Insurance,Personal,credit,call center,1996.16,1
d861538c-914c-11ea-b850-b88a60e194fb,transactionid:269612,crmid:2471584206,2020-03-16T23:52:47.000Z,transaction - broker,prd1156,Student Card,Credit Card,Personal,credit,call center,4196.47,1
d863fdc0-914c-11ea-bd81-b88a60e194fb,transactionid:452566,crmid:4868594496,2020-03-17T17:59:12.000Z,transaction - broker,prd1138,Money Market Savings,Savings,Personal,credit,call center,3404.88,1
d865f988-914c-11ea-8d19-b88a60e194fb,transactionid:779562,crmid:1082969861,2020-03-31T09:59:51.000Z,transaction - broker,prd1063,High Interest Savings,Savings,Personal,credit,call center,2881.23,1
d867cf94-914c-11ea-b5f1-b88a60e194fb,transactionid:745682,crmid:6022698792,2020-03-28T12:08:08.000Z,transaction - broker,prd1003,Premium Checking,Checking,Personal,credit,ATM,732.95,1
d8692f1c-914c-11ea-8e54-b88a60e194fb,transactionid:346896,crmid:7780799550,2020-03-15T12:39:51.000Z,transaction - broker,prd1188,Business Savings,Savings,Business,credit,call center,3046.83,1
d86f9ef0-914c-11ea-af74-b88a60e194fb,transactionid:131169,crmid:8730122262,2020-03-27T18:11:37.000Z,transaction - broker,prd1174,Traditional IRA,Retirement,Personal,credit,mobile,2895.02,1
d871139c-914c-11ea-8d87-b88a60e194fb,transactionid:926825,crmid:2317384844,2020-03-21T19:37:21.000Z,transaction - broker,prd1095,529 College Savings,College Savings,Personal,credit,call center,393000.25,1
d87272e2-914c-11ea-8895-b88a60e194fb,transactionid:302477,crmid:7612935326,2020-03-15T04:43:04.000Z,transaction - broker,prd1180,529 College Savings,College Savings,Personal,credit,branch,1069.83,1
d8740d08-914c-11ea-95ed-b88a60e194fb,transactionid:151350,crmid:6650444403,2020-03-30T13:33:40.000Z,transaction - broker,prd1087,Overseas Equity Fund,Investment,Personal,credit,call center,3916.39,1
d8765654-914c-11ea-8040-b88a60e194fb,transactionid:748997,crmid:2142733627,2020-03-23T01:37:53.000Z,transaction - broker,prd1116,Everyday Checking,Checking,Personal,credit,mobile,3056.5,1
d877c94a-914c-11ea-963d-b88a60e194fb,transactionid:266375,crmid:6665832771,2020-03-16T10:30:26.000Z,transaction - broker,prd1116,Everyday Checking,Checking,Personal,credit,mobile,402885.39,1
d8799de6-914c-11ea-b2ae-b88a60e194fb,transactionid:966451,crmid:7437993400,2020-03-16T00:56:42.000Z,transaction - broker,prd1188,Business Savings,Savings,Business,credit,call center,961.85,1
d87c5c70-914c-11ea-b6fc-b88a60e194fb,transactionid:351045,crmid:1604559234,2020-03-26T22:28:47.000Z,transaction - broker,prd1085,Auto Loan,Loan,Personal,debt,mobile,3690.46,1
d87e44e2-914c-11ea-9d94-b88a60e194fb,transactionid:452116,crmid:5019905598,2020-03-26T00:36:31.000Z,transaction - broker,prd1161,Business Checking,Checking,Business,debt,ATM,2369.29,1
d893c892-914c-11ea-b98e-b88a60e194fb,transactionid:576625,crmid:2775830187,2020-03-20T13:47:02.000Z,transaction - broker,prd1133,High Interest Savings,Savings,Personal,credit,call center,2893.01,1
d89612a2-914c-11ea-8c8b-b88a60e194fb,transactionid:607678,crmid:8676311851,2020-03-22T02:10:07.000Z,transaction - broker,prd1108,401k,Retirement,Personal,credit,ATM,329685.34,1
d8977212-914c-11ea-8fdd-b88a60e194fb,transactionid:812188,crmid:3940589257,2020-03-22T11:46:56.000Z,transaction - broker,prd1189,Overseas Equity Fund,Investment,Personal,close,mobile,288017.78,1
d89946d2-914c-11ea-bd0b-b88a60e194fb,transactionid:576159,crmid:5439447082,2020-03-15T09:55:07.000Z,transaction - broker,prd1106,Business Loan,Loan,Business,credit,call center,358403.63,1
d89aa64c-914c-11ea-a7b2-b88a60e194fb,transactionid:119785,crmid:5011853579,2020-03-22T01:31:46.000Z,transaction - broker,prd1178,Everyday Savings,Savings,Personal,credit,call center,3525.01,1
d89c05fa-914c-11ea-9fad-b88a60e194fb,transactionid:986371,crmid:4591141727,2020-03-31T13:56:15.000Z,transaction - broker,prd1008,Traditional IRA,Retirement,Personal,credit,call center,2711.96,1
d89da0da-914c-11ea-bb8e-b88a60e194fb,transactionid:113413,crmid:7427945365,2020-03-17T22:08:32.000Z,transaction - broker,prd1032,Home Equity Loan,Mortgage,Personal,credit,mobile,3038.39,1
d89f6292-914c-11ea-8f09-b88a60e194fb,transactionid:872342,crmid:9963745059,2020-03-17T19:01:34.000Z,transaction - broker,prd1122,Merchant Services Account,Merchant Services,Business,credit,mobile,4116.78,1
d8a0adcc-914c-11ea-9fb4-b88a60e194fb,transactionid:702598,crmid:2507521728,2020-03-15T17:06:01.000Z,transaction - broker,prd1095,529 College Savings,College Savings,Personal,credit,call center,3279.0,1
d8a20d6e-914c-11ea-9d67-b88a60e194fb,transactionid:666346,crmid:8955596505,2020-03-22T00:49:02.000Z,transaction - broker,prd1089,Business Card,Credit Card,Business,credit,call center,402160.28,1
d8a35a2e-914c-11ea-8e83-b88a60e194fb,transactionid:190675,crmid:4151091017,2020-03-21T18:17:41.000Z,transaction - broker,prd1070,High Interest Savings,Savings,Personal,debt,mobile,3547.13,1
d8a52d7a-914c-11ea-b011-b88a60e194fb,transactionid:884923,crmid:4849690992,2020-03-19T19:18:49.000Z,transaction - broker,prd1143,Travel Card,Credit Card,Personal,credit,broker,2740.26,1
d8a66768-914c-11ea-ac23-b88a60e194fb,transactionid:247319,crmid:9230606972,2020-03-28T21:22:20.000Z,transaction - broker,prd1038,Dividend Card,Credit Card,Personal,credit,broker,2152.05,1
d8a7ecae-914c-11ea-9f5e-b88a60e194fb,transactionid:879058,crmid:2222086014,2020-03-28T23:12:10.000Z,transaction - broker,prd1197,Business Card,Credit Card,Business,close,call center,4295.4,1
d8a9748c-914c-11ea-8105-b88a60e194fb,transactionid:863759,crmid:7445549468,2020-03-28T06:01:26.000Z,transaction - broker,prd1083,Pension Account,Retirement,Personal,credit,call center,4423.77,1
d8aad424-914c-11ea-b831-b88a60e194fb,transactionid:439242,crmid:7736968348,2020-03-16T10:40:30.000Z,transaction - broker,prd1101,Mortgage: 5/1 ARM,Mortgage,Personal,credit,broker,2815.95,1
d8ace2b6-914c-11ea-bbd8-b88a60e194fb,transactionid:217755,crmid:2834908055,2020-03-29T23:38:23.000Z,transaction - broker,prd1083,Pension Account,Retirement,Personal,debt,call center,3485.39,1
d8aea498-914c-11ea-b6b6-b88a60e194fb,transactionid:928862,crmid:5611132767,2020-03-19T22:10:57.000Z,transaction - broker,prd1194,Preferred Checking,Checking,Personal,credit,call center,1325.23,1
d8b002f4-914c-11ea-ab37-b88a60e194fb,transactionid:234397,crmid:3704142337,2020-03-18T04:38:40.000Z,transaction - broker,prd1091,Critical Illness Insurance,Insurance,Personal,credit,broker,2987.91,1
d8b18aec-914c-11ea-a1e9-b88a60e194fb,transactionid:647405,crmid:7178281711,2020-03-16T15:24:26.000Z,transaction - broker,prd1192,Money Market Savings,Savings,Personal,debt,call center,2322.98,1
d8b2e8f4-914c-11ea-a683-b88a60e194fb,transactionid:426253,crmid:9823517228,2020-03-19T08:40:05.000Z,transaction - broker,prd1046,Mortgage: VA,Mortgage,Personal,credit,mobile,1577.81,1
d8b49810-914c-11ea-a12c-b88a60e194fb,transactionid:510459,crmid:8999139865,2020-03-24T02:33:42.000Z,transaction - broker,prd1094,Preferred Checking,Checking,Personal,credit,ATM,2187.24,1
d8c7d6e8-914c-11ea-b7ea-b88a60e194fb,transactionid:799207,crmid:7262742953,2020-03-31T04:14:34.000Z,transaction - broker,prd1010,529 College Savings,College Savings,Personal,debt,broker,1576.32,1
d8c984ca-914c-11ea-8d8e-b88a60e194fb,transactionid:126175,crmid:3358698913,2020-03-24T16:09:24.000Z,transaction - broker,prd1009,Everyday Checking,Checking,Personal,close,broker,333964.93,1
d8cb3258-914c-11ea-909d-b88a60e194fb,transactionid:751271,crmid:2763072154,2020-03-23T18:34:22.000Z,transaction - broker,prd1074,Premium Checking,Checking,Personal,credit,mobile,2817.15,1
d8e495ec-914c-11ea-a6d2-b88a60e194fb,transactionid:181031,crmid:7209763208,2020-03-30T16:58:21.000Z,transaction - broker,prd1114,CDs: 3 month,Investment,Personal,close,broker,3687.8,1
d8e62f06-914c-11ea-8a9c-b88a60e194fb,transactionid:915506,crmid:7417131816,2020-03-21T02:54:11.000Z,transaction - broker,prd1080,Mortgage Insurance,Insurance,Personal,credit,branch,3433.36,1
d8e7dcbe-914c-11ea-ae5c-b88a60e194fb,transactionid:198350,crmid:2632061576,2020-03-18T17:21:07.000Z,transaction - broker,prd1196,Dividend Card,Credit Card,Personal,credit,ATM,3143.48,1
d8e96474-914c-11ea-8ba5-b88a60e194fb,transactionid:642800,crmid:6647600747,2020-03-28T19:57:17.000Z,transaction - broker,prd1195,Student Card,Credit Card,Personal,debt,call center,3087.01,1
d8faa924-914c-11ea-affa-b88a60e194fb,transactionid:163045,crmid:5207548622,2020-03-25T15:34:53.000Z,transaction - broker,prd1190,Premium Checking,Checking,Personal,credit,call center,2899.71,1
d8fc6bc0-914c-11ea-be1a-b88a60e194fb,transactionid:666266,crmid:9786629426,2020-03-20T03:47:33.000Z,transaction - broker,prd1116,Everyday Checking,Checking,Personal,credit,broker,3226.53,1
d8fe3f06-914c-11ea-8051-b88a60e194fb,transactionid:600285,crmid:1598205766,2020-03-30T21:04:01.000Z,transaction - broker,prd1128,High Interest Savings,Savings,Personal,close,call center,468353.49,1
d8ffd97e-914c-11ea-adc0-b88a60e194fb,transactionid:779619,crmid:8587652492,2020-03-31T05:50:48.000Z,transaction - broker,prd1188,Business Savings,Savings,Business,credit,call center,4396.98,1
d9018834-914c-11ea-9b51-b88a60e194fb,transactionid:608362,crmid:6826463570,2020-03-20T14:51:36.000Z,transaction - broker,prd1105,Homeowner's Insurance,Insurance,Personal,credit,broker,1895.17,1
d9030f12-914c-11ea-8c9a-b88a60e194fb,transactionid:248787,crmid:6223527849,2020-03-21T15:48:32.000Z,transaction - broker,prd1158,Preferred Checking,Checking,Personal,credit,call center,4381.08,1
d904bb38-914c-11ea-abc9-b88a60e194fb,transactionid:854149,crmid:8739727327,2020-03-23T10:04:30.000Z,transaction - broker,prd1191,Merchant Services Account,Merchant Services,Business,credit,broker,2399.29,1
d906b70a-914c-11ea-99f4-b88a60e194fb,transactionid:937950,crmid:7409923299,2020-03-22T23:04:31.000Z,transaction - broker,prd1030,401k,Retirement,Personal,credit,call center,3270.06,1
d908ed5c-914c-11ea-b0b4-b88a60e194fb,transactionid:731440,crmid:3361466925,2020-03-21T17:55:54.000Z,transaction - broker,prd1002,Platinum Card,Credit Card,Personal,credit,broker,3225.48,1
d90a6064-914c-11ea-ad5a-b88a60e194fb,transactionid:373161,crmid:9559340438,2020-03-30T13:47:59.000Z,transaction - broker,prd1138,Money Market Savings,Savings,Personal,credit,mobile,3007.97,1
d90bd3a8-914c-11ea-bd32-b88a60e194fb,transactionid:511977,crmid:7992049692,2020-03-23T18:21:09.000Z,transaction - broker,prd1142,Rewards Savings,Savings,Personal,credit,branch,444804.5,1
d90d812e-914c-11ea-bc30-b88a60e194fb,transactionid:468501,crmid:6424397122,2020-03-18T05:01:39.000Z,transaction - broker,prd1115,Mortgage: VA,Mortgage,Personal,credit,call center,338446.93,1
d90f1c08-914c-11ea-8472-b88a60e194fb,transactionid:751029,crmid:1239334054,2020-03-28T23:46:57.000Z,transaction - broker,prd1141,Premium Checking,Checking,Personal,credit,ATM,3393.3,1
d910b5a4-914c-11ea-b47e-b88a60e194fb,transactionid:511361,crmid:8160820242,2020-03-25T08:56:14.000Z,transaction - broker,prd1058,Simplicity Card,Credit Card,Personal,credit,call center,3130.7,1
d9123d9c-914c-11ea-9223-b88a60e194fb,transactionid:530331,crmid:2547966472,2020-03-28T13:20:15.000Z,transaction - broker,prd1066,Homeowner's Insurance,Insurance,Personal,credit,broker,3925.18,1
d9139d28-914c-11ea-a2cb-b88a60e194fb,transactionid:165341,crmid:4749944551,2020-03-16T19:25:49.000Z,transaction - broker,prd1158,Preferred Checking,Checking,Personal,credit,broker,3876.38,1
d9152276-914c-11ea-b877-b88a60e194fb,transactionid:426198,crmid:9973164595,2020-03-18T20:42:10.000Z,transaction - broker,prd1156,Student Card,Credit Card,Personal,credit,call center,2117.8,1
d9170a88-914c-11ea-b362-b88a60e194fb,transactionid:288082,crmid:6144652942,2020-03-20T03:33:14.000Z,transaction - broker,prd1176,Overseas Equity Fund,Investment,Personal,credit,branch,2130.3,1
d9187f2c-914c-11ea-a9e8-b88a60e194fb,transactionid:981649,crmid:9403329451,2020-03-28T21:52:32.000Z,transaction - broker,prd1022,Auto Loan,Loan,Personal,credit,mobile,3913.19,1
d91a65f6-914c-11ea-914f-b88a60e194fb,transactionid:421450,crmid:6720742120,2020-03-19T13:14:05.000Z,transaction - broker,prd1192,Money Market Savings,Savings,Personal,credit,call center,4475.44,1
d91beca6-914c-11ea-8ce6-b88a60e194fb,transactionid:787390,crmid:3255181581,2020-03-16T23:47:19.000Z,transaction - broker,prd1044,Rewards Card,Credit Card,Personal,credit,call center,2932.04,1
d91d86ee-914c-11ea-a6f8-b88a60e194fb,transactionid:464971,crmid:9282950247,2020-03-19T16:07:44.000Z,transaction - broker,prd1017,Merchant Services Account,Merchant Services,Business,credit,call center,1515.49,1
d91f348a-914c-11ea-b7b6-b88a60e194fb,transactionid:611183,crmid:4526087913,2020-03-20T22:10:42.000Z,transaction - broker,prd1128,High Interest Savings,Savings,Personal,credit,call center,3972.24,1
d92080a2-914c-11ea-84ff-b88a60e194fb,transactionid:885483,crmid:9495217972,2020-03-27T17:21:07.000Z,transaction - broker,prd1077,Roth IRA,Retirement,Personal,credit,call center,2687.2,1
d922553e-914c-11ea-9079-b88a60e194fb,transactionid:103797,crmid:8418717072,2020-03-23T05:20:22.000Z,transaction - broker,prd1030,401k,Retirement,Personal,credit,call center,2215.17,1
d924b2d4-914c-11ea-8b5a-b88a60e194fb,transactionid:472717,crmid:8947480864,2020-03-19T11:32:53.000Z,transaction - broker,prd1076,Student Savings,Savings,Personal,debt,branch,489586.19,1
d9264e28-914c-11ea-9df9-b88a60e194fb,transactionid:878478,crmid:2947923196,2020-03-21T06:56:36.000Z,transaction - broker,prd1093,Money Market Savings,Savings,Personal,credit,ATM,2739.06,1
d927869a-914c-11ea-9a93-b88a60e194fb,transactionid:557022,crmid:1923825326,2020-03-20T19:44:32.000Z,transaction - broker,prd1020,Everyday Savings,Savings,Personal,credit,call center,3155.72,1
d9295a26-914c-11ea-8330-b88a60e194fb,transactionid:840398,crmid:3166305892,2020-03-31T23:01:29.000Z,transaction - broker,prd1126,Merchant Services Account,Merchant Services,Business,credit,call center,2022.88,1
d92b909c-914c-11ea-8723-b88a60e194fb,transactionid:866061,crmid:4287445078,2020-03-28T16:11:38.000Z,transaction - broker,prd1099,High Interest Savings,Savings,Personal,credit,ATM,1560.15,1
d92d0394-914c-11ea-b5fe-b88a60e194fb,transactionid:884295,crmid:9369707217,2020-03-22T06:40:26.000Z,transaction - broker,prd1086,Auto Insurance,Insurance,Personal,credit,branch,2652.73,1
d92e6392-914c-11ea-899e-b88a60e194fb,transactionid:872350,crmid:5567890833,2020-03-19T17:05:40.000Z,transaction - broker,prd1070,High Interest Savings,Savings,Personal,credit,broker,1566.33,1
d9302452-914c-11ea-827a-b88a60e194fb,transactionid:546963,crmid:5937691903,2020-03-20T21:02:07.000Z,transaction - broker,prd1141,Premium Checking,Checking,Personal,credit,broker,2435.0,1
d940ba46-914c-11ea-9304-b88a60e194fb,transactionid:286977,crmid:3080111100,2020-03-27T02:22:05.000Z,transaction - broker,prd1076,Student Savings,Savings,Personal,debt,call center,1638.7,1
d9420766-914c-11ea-b60b-b88a60e194fb,transactionid:709065,crmid:5325927173,2020-03-16T18:48:14.000Z,transaction - broker,prd1196,Dividend Card,Credit Card,Personal,credit,mobile,3732.71,1
d9437a82-914c-11ea-b2c4-b88a60e194fb,transactionid:953260,crmid:2173462114,2020-03-17T00:06:33.000Z,transaction - broker,prd1069,Homeowner's Insurance,Insurance,Personal,credit,call center,3947.81,1
d9451336-914c-11ea-827a-b88a60e194fb,transactionid:846737,crmid:1785093759,2020-03-15T12:57:22.000Z,transaction - broker,prd1027,Mortgage: 30-yr Fixed,Mortgage,Personal,credit,ATM,2614.18,1
d946d4b8-914c-11ea-a1fe-b88a60e194fb,transactionid:672507,crmid:1710164488,2020-03-20T10:26:01.000Z,transaction - broker,prd1126,Merchant Services Account,Merchant Services,Business,credit,mobile,3725.27,1
d94821ca-914c-11ea-ba9f-b88a60e194fb,transactionid:451800,crmid:4750194562,2020-03-17T11:50:14.000Z,transaction - broker,prd1106,Business Loan,Loan,Business,credit,mobile,409882.9,1
d94993a6-914c-11ea-af5d-b88a60e194fb,transactionid:625024,crmid:2972341577,2020-03-19T14:30:44.000Z,transaction - broker,prd1136,Student Savings,Savings,Personal,credit,mobile,3594.63,1
d94c1840-914c-11ea-9e25-b88a60e194fb,transactionid:140692,crmid:7048378885,2020-03-15T06:55:42.000Z,transaction - broker,prd1012,Renter's Insurance,Insurance,Personal,close,mobile,3914.9,1
d94d658c-914c-11ea-b1ed-b88a60e194fb,transactionid:873019,crmid:2773287209,2020-03-18T18:30:25.000Z,transaction - broker,prd1115,Mortgage: VA,Mortgage,Personal,credit,broker,3269.61,1
d94f4d12-914c-11ea-84af-b88a60e194fb,transactionid:964535,crmid:7876372130,2020-03-28T07:05:30.000Z,transaction - broker,prd1145,Everyday Checking,Checking,Personal,credit,branch,2890.18,1
d950e6a6-914c-11ea-a459-b88a60e194fb,transactionid:502893,crmid:8103431927,2020-03-16T10:18:46.000Z,transaction - broker,prd1138,Money Market Savings,Savings,Personal,credit,call center,458095.97,1
d952462e-914c-11ea-bd36-b88a60e194fb,transactionid:450125,crmid:5267867659,2020-03-25T23:19:48.000Z,transaction - broker,prd1116,Everyday Checking,Checking,Personal,debt,call center,2906.35,1
d9541af4-914c-11ea-ad30-b88a60e194fb,transactionid:114968,crmid:7489492944,2020-03-15T08:57:09.000Z,transaction - broker,prd1162,High Interest Savings,Savings,Personal,credit,mobile,2846.93,1
d9557b9c-914c-11ea-9b44-b88a60e194fb,transactionid:439573,crmid:3876558754,2020-03-31T20:12:38.000Z,transaction - broker,prd1152,Health Savings,Savings,Personal,credit,ATM,3157.38,1
d9574f52-914c-11ea-89fe-b88a60e194fb,transactionid:296957,crmid:8057372527,2020-03-23T11:18:31.000Z,transaction - broker,prd1009,Everyday Checking,Checking,Personal,credit,call center,2607.5,1
d95a359c-914c-11ea-b563-b88a60e194fb,transactionid:480260,crmid:4418001688,2020-03-27T14:39:44.000Z,transaction - broker,prd1003,Premium Checking,Checking,Personal,credit,call center,638.34,1
d95c1ef4-914c-11ea-be5f-b88a60e194fb,transactionid:601092,crmid:4041172941,2020-03-26T08:43:13.000Z,transaction - broker,prd1101,Mortgage: 5/1 ARM,Mortgage,Personal,credit,call center,3190.52,1
d95e53ee-914c-11ea-a07e-b88a60e194fb,transactionid:810805,crmid:9078048191,2020-03-19T14:13:19.000Z,transaction - broker,prd1092,Rewards Card,Credit Card,Personal,credit,call center,3357.47,1
d95fc724-914c-11ea-a286-b88a60e194fb,transactionid:842643,crmid:5172341489,2020-03-27T16:44:49.000Z,transaction - broker,prd1146,529 College Savings,College Savings,Personal,credit,call center,3427.37,1
d9616124-914c-11ea-aa9e-b88a60e194fb,transactionid:565335,crmid:3038901329,2020-03-20T18:50:02.000Z,transaction - broker,prd1141,Premium Checking,Checking,Personal,credit,broker,2478.41,1
d962d43a-914c-11ea-90ec-b88a60e194fb,transactionid:641952,crmid:8533621039,2020-03-27T07:06:05.000Z,transaction - broker,prd1196,Dividend Card,Credit Card,Personal,credit,call center,2600.35,1
d9645ad8-914c-11ea-9260-b88a60e194fb,transactionid:492150,crmid:5977377163,2020-03-27T10:03:04.000Z,transaction - broker,prd1190,Premium Checking,Checking,Personal,credit,mobile,3769.28,1
d965e1ae-914c-11ea-9293-b88a60e194fb,transactionid:715898,crmid:1497145652,2020-03-22T03:35:40.000Z,transaction - broker,prd1148,Mortgage: 10/1 ARM,Mortgage,Personal,credit,branch,2629.89,1
d9675600-914c-11ea-a95b-b88a60e194fb,transactionid:424515,crmid:5525039031,2020-03-20T11:24:16.000Z,transaction - broker,prd1158,Preferred Checking,Checking,Personal,credit,branch,390840.9,1
d968b4c6-914c-11ea-bd27-b88a60e194fb,transactionid:911263,crmid:8756002665,2020-03-19T08:16:32.000Z,transaction - broker,prd1164,Student Card,Credit Card,Personal,credit,mobile,2452.38,1
d96a2906-914c-11ea-a4cd-b88a60e194fb,transactionid:283243,crmid:9748070502,2020-03-30T15:09:30.000Z,transaction - broker,prd1010,529 College Savings,College Savings,Personal,debt,call center,4805.27,1
d96b87fe-914c-11ea-8a90-b88a60e194fb,transactionid:689412,crmid:2199443565,2020-03-23T03:45:01.000Z,transaction - broker,prd1012,Renter's Insurance,Insurance,Personal,close,call center,2296.89,1
d96cfa10-914c-11ea-854b-b88a60e194fb,transactionid:665530,crmid:6534284263,2020-03-16T20:56:25.000Z,transaction - broker,prd1146,529 College Savings,College Savings,Personal,credit,ATM,3788.69,1
d9713fb0-914c-11ea-b2d2-b88a60e194fb,transactionid:511287,crmid:7782722869,2020-03-20T02:45:19.000Z,transaction - broker,prd1116,Everyday Checking,Checking,Personal,credit,branch,2435.56,1
d972a086-914c-11ea-b3c6-b88a60e194fb,transactionid:315171,crmid:8174012063,2020-03-17T15:59:38.000Z,transaction - broker,prd1098,Platinum Card,Credit Card,Personal,credit,call center,2926.69,1
d973d91c-914c-11ea-a539-b88a60e194fb,transactionid:914381,crmid:6818162428,2020-03-20T21:59:22.000Z,transaction - broker,prd1186,Money Market,Investment,Personal,credit,broker,2794.6,1
d9755e76-914c-11ea-9d93-b88a60e194fb,transactionid:688918,crmid:4226290864,2020-03-22T07:00:43.000Z,transaction - broker,prd1137,Business Checking,Checking,Business,credit,mobile,1527.1,1
d97fe5a8-914c-11ea-9abc-b88a60e194fb,transactionid:609710,crmid:5384105020,2020-03-27T03:04:40.000Z,transaction - broker,prd1094,Preferred Checking,Checking,Personal,credit,call center,3037.6,1
d9814518-914c-11ea-a2f7-b88a60e194fb,transactionid:616659,crmid:5562360150,2020-03-30T18:30:22.000Z,transaction - broker,prd1026,Mortgage: 5/1 ARM,Mortgage,Personal,credit,call center,3039.55,1
d982a54c-914c-11ea-8aa2-b88a60e194fb,transactionid:871058,crmid:7784720283,2020-03-24T10:28:57.000Z,transaction - broker,prd1090,Business Checking,Checking,Business,credit,call center,3186.85,1
d9843eee-914c-11ea-9538-b88a60e194fb,transactionid:157253,crmid:7272518353,2020-03-23T14:07:40.000Z,transaction - broker,prd1008,Traditional IRA,Retirement,Personal,credit,call center,2933.76,1
d985b346-914c-11ea-b429-b88a60e194fb,transactionid:267364,crmid:5096922225,2020-03-16T05:33:46.000Z,transaction - broker,prd1190,Premium Checking,Checking,Personal,debt,branch,2628.77,1
d9871200-914c-11ea-ab36-b88a60e194fb,transactionid:161833,crmid:4446460739,2020-03-20T11:59:05.000Z,transaction - broker,prd1095,529 College Savings,College Savings,Personal,credit,call center,3984.57,1
d988f9ec-914c-11ea-9130-b88a60e194fb,transactionid:227524,crmid:9905366476,2020-03-21T06:18:05.000Z,transaction - broker,prd1108,401k,Retirement,Personal,credit,call center,1546.54,1
d98a81ae-914c-11ea-a594-b88a60e194fb,transactionid:210600,crmid:4578030807,2020-03-20T00:19:00.000Z,transaction - broker,prd1110,Traditional IRA,Retirement,Personal,credit,mobile,3565.77,1
d98bdfca-914c-11ea-8a53-b88a60e194fb,transactionid:514318,crmid:8911178423,2020-03-16T08:08:07.000Z,transaction - broker,prd1049,Business Brokerage Account,Investment,Business,close,mobile,3989.78,1
d98d8d7a-914c-11ea-b7c6-b88a60e194fb,transactionid:540189,crmid:5478408461,2020-03-31T03:10:34.000Z,transaction - broker,prd1180,529 College Savings,College Savings,Personal,close,call center,1965.29,1
d98f140c-914c-11ea-8dc5-b88a60e194fb,transactionid:943744,crmid:3534177745,2020-03-21T09:11:45.000Z,transaction - broker,prd1074,Premium Checking,Checking,Personal,credit,ATM,2575.5,1
d990ae3e-914c-11ea-8234-b88a60e194fb,transactionid:289287,crmid:2675702213,2020-03-16T13:05:14.000Z,transaction - broker,prd1141,Premium Checking,Checking,Personal,credit,mobile,3793.01,1
d99234d4-914c-11ea-bce3-b88a60e194fb,transactionid:585424,crmid:9860801917,2020-03-15T09:55:54.000Z,transaction - broker,prd1108,401k,Retirement,Personal,credit,call center,3024.66,1
d9940b08-914c-11ea-959d-b88a60e194fb,transactionid:667607,crmid:8662433154,2020-03-26T05:26:38.000Z,transaction - broker,prd1065,High Interest Savings,Savings,Personal,credit,mobile,2679.46,1
d9955700-914c-11ea-bc6c-b88a60e194fb,transactionid:293837,crmid:3192523185,2020-03-26T17:17:58.000Z,transaction - broker,prd1109,Dividend Card,Credit Card,Personal,credit,mobile,2013.85,1
d9972a52-914c-11ea-91ac-b88a60e194fb,transactionid:501690,crmid:5347598049,2020-03-21T02:47:39.000Z,transaction - broker,prd1152,Health Savings,Savings,Personal,close,ATM,1470.11,1
d998b276-914c-11ea-ac96-b88a60e194fb,transactionid:296212,crmid:9557608725,2020-03-22T22:44:03.000Z,transaction - broker,prd1084,Student Savings,Savings,Personal,credit,ATM,4182.15,1
d99a390c-914c-11ea-9f9c-b88a60e194fb,transactionid:887552,crmid:2048730527,2020-03-20T20:47:51.000Z,transaction - broker,prd1083,Pension Account,Retirement,Personal,credit,mobile,2263.29,1
d99bbf98-914c-11ea-a65b-b88a60e194fb,transactionid:599079,crmid:3954390716,2020-03-22T01:05:29.000Z,transaction - broker,prd1168,Auto Insurance,Insurance,Personal,debt,call center,3665.36,1
d99d80d8-914c-11ea-967e-b88a60e194fb,transactionid:581146,crmid:4636856835,2020-03-27T15:46:23.000Z,transaction - broker,prd1146,529 College Savings,College Savings,Personal,close,branch,2507.34,1
d99f19c2-914c-11ea-8146-b88a60e194fb,transactionid:281863,crmid:9001847626,2020-03-26T11:43:43.000Z,transaction - broker,prd1162,High Interest Savings,Savings,Personal,credit,call center,2344.78,1
d9a1c578-914c-11ea-a0c1-b88a60e194fb,transactionid:622305,crmid:4817210709,2020-03-24T22:03:16.000Z,transaction - broker,prd1178,Everyday Savings,Savings,Personal,credit,mobile,2779.08,1
d9a3382e-914c-11ea-b8ee-b88a60e194fb,transactionid:317275,crmid:4750152640,2020-03-24T19:18:53.000Z,transaction - broker,prd1105,Homeowner's Insurance,Insurance,Personal,close,ATM,3377.62,1
d9a497c2-914c-11ea-a779-b88a60e194fb,transactionid:624650,crmid:5025187325,2020-03-27T10:51:41.000Z,transaction - broker,prd1091,Critical Illness Insurance,Insurance,Personal,credit,mobile,3042.5,1
d9a631ee-914c-11ea-95b5-b88a60e194fb,transactionid:403112,crmid:5275819092,2020-03-29T05:35:49.000Z,transaction - broker,prd1095,529 College Savings,College Savings,Personal,credit,call center,2537.25,1
d9a7a4fa-914c-11ea-a715-b88a60e194fb,transactionid:795857,crmid:6525569640,2020-03-25T06:03:19.000Z,transaction - broker,prd1102,Everyday Savings,Savings,Personal,credit,branch,3301.43,1
d9a92bfa-914c-11ea-8cd7-b88a60e194fb,transactionid:784956,crmid:6719986405,2020-03-15T10:49:26.000Z,transaction - broker,prd1017,Merchant Services Account,Merchant Services,Business,credit,branch,2922.4,1
d9aac5f0-914c-11ea-b5bd-b88a60e194fb,transactionid:575915,crmid:5532780117,2020-03-21T16:29:29.000Z,transaction - broker,prd1065,High Interest Savings,Savings,Personal,credit,mobile,3292.09,1
d9ace8a4-914c-11ea-8bc9-b88a60e194fb,transactionid:603060,crmid:6093862196,2020-03-15T10:58:37.000Z,transaction - broker,prd1115,Mortgage: VA,Mortgage,Personal,credit,mobile,416432.21,1
d9ae5bbe-914c-11ea-9bfb-b88a60e194fb,transactionid:727619,crmid:8693426343,2020-03-30T16:02:49.000Z,transaction - broker,prd1124,CDs: 5 year,Investment,Personal,credit,call center,439850.31,1
d9b07fde-914c-11ea-8020-b88a60e194fb,transactionid:211593,crmid:1388527350,2020-03-29T04:51:14.000Z,transaction - broker,prd1104,Health Savings,Savings,Personal,credit,mobile,3548.54,1
d9b26712-914c-11ea-997f-b88a60e194fb,transactionid:306751,crmid:4901085897,2020-03-22T22:13:50.000Z,transaction - broker,prd1160,Platinum Card,Credit Card,Personal,credit,mobile,2761.47,1
d9b3ed7a-914c-11ea-bdb1-b88a60e194fb,transactionid:856245,crmid:5852107725,2020-03-15T17:12:42.000Z,transaction - broker,prd1130,Money Market Savings,Savings,Personal,credit,call center,1915.74,1
d9b56088-914c-11ea-9ce4-b88a60e194fb,transactionid:826570,crmid:4876900261,2020-03-17T08:24:08.000Z,transaction - broker,prd1006,Travel Card,Credit Card,Personal,credit,ATM,2800.77,1
d9b6d39e-914c-11ea-87b5-b88a60e194fb,transactionid:669331,crmid:1850309467,2020-03-16T02:07:35.000Z,transaction - broker,prd1198,Critical Illness Insurance,Insurance,Personal,debt,mobile,3955.9,1
d9c023cc-914c-11ea-999b-b88a60e194fb,transactionid:220441,crmid:2747289502,2020-03-30T02:17:24.000Z,transaction - broker,prd1143,Travel Card,Credit Card,Personal,credit,ATM,4316.16,1
d9c1bdfa-914c-11ea-a446-b88a60e194fb,transactionid:366955,crmid:1583274202,2020-03-21T21:45:58.000Z,transaction - broker,prd1150,Money Market,Investment,Personal,credit,call center,3654.54,1
d9c3cc00-914c-11ea-ad06-b88a60e194fb,transactionid:520564,crmid:4676704478,2020-03-21T00:44:49.000Z,transaction - broker,prd1104,Health Savings,Savings,Personal,credit,call center,3659.97,1
d9c5b43e-914c-11ea-9a3c-b88a60e194fb,transactionid:907945,crmid:5603363145,2020-03-28T07:56:41.000Z,transaction - broker,prd1059,Platinum Card,Credit Card,Personal,credit,broker,3889.95,1
d9c7891e-914c-11ea-af2d-b88a60e194fb,transactionid:724892,crmid:1815983933,2020-03-28T08:17:22.000Z,transaction - broker,prd1196,Dividend Card,Credit Card,Personal,credit,call center,3857.46,1
d9c924e4-914c-11ea-ae10-b88a60e194fb,transactionid:516998,crmid:4582943263,2020-03-26T11:20:35.000Z,transaction - broker,prd1109,Dividend Card,Credit Card,Personal,close,call center,2547.7,1
d9caab40-914c-11ea-bf95-b88a60e194fb,transactionid:961806,crmid:6428564054,2020-03-31T04:09:45.000Z,transaction - broker,prd1142,Rewards Savings,Savings,Personal,credit,call center,423890.05,1
d9cc1cde-914c-11ea-a7b4-b88a60e194fb,transactionid:567944,crmid:9282453903,2020-03-24T14:18:38.000Z,transaction - broker,prd1128,High Interest Savings,Savings,Personal,credit,ATM,3672.41,1
d9cd9092-914c-11ea-a3cb-b88a60e194fb,transactionid:976024,crmid:9371199590,2020-03-31T20:28:16.000Z,transaction - broker,prd1188,Business Savings,Savings,Business,credit,broker,276348.57,1
d9ceef86-914c-11ea-896d-b88a60e194fb,transactionid:407001,crmid:8087269661,2020-03-28T21:49:09.000Z,transaction - broker,prd1143,Travel Card,Credit Card,Personal,credit,call center,2519.4,1
d9d08ac8-914c-11ea-adbb-b88a60e194fb,transactionid:521024,crmid:6673288954,2020-03-15T12:46:31.000Z,transaction - broker,prd1052,Preferred Checking,Checking,Personal,credit,call center,3533.38,1
d9d271c6-914c-11ea-b3ec-b88a60e194fb,transactionid:355202,crmid:3444602684,2020-03-22T09:11:24.000Z,transaction - broker,prd1113,Personal Loan,Loan,Personal,credit,broker,2863.4,1
d9d4960c-914c-11ea-84f3-b88a60e194fb,transactionid:255788,crmid:6602736705,2020-03-18T17:15:52.000Z,transaction - broker,prd1167,Roth IRA,Retirement,Personal,credit,call center,2347.31,1
d9d6303a-914c-11ea-8107-b88a60e194fb,transactionid:916218,crmid:1095332817,2020-03-19T18:32:11.000Z,transaction - broker,prd1034,Home Equity Loan,Mortgage,Personal,credit,branch,1542.2,1
d9d7c8e8-914c-11ea-900f-b88a60e194fb,transactionid:283269,crmid:5358614810,2020-03-15T09:33:44.000Z,transaction - broker,prd1181,Mortgage: 5/1 ARM,Mortgage,Personal,credit,call center,2792.79,1
d9d950be-914c-11ea-9021-b88a60e194fb,transactionid:679141,crmid:8323234871,2020-03-25T17:24:20.000Z,transaction - broker,prd1050,Travel Card,Credit Card,Personal,close,mobile,3317.89,1
d9dad762-914c-11ea-8fc9-b88a60e194fb,transactionid:444287,crmid:4260549636,2020-03-21T11:43:27.000Z,transaction - broker,prd1040,High Interest Savings,Savings,Personal,debt,call center,2308.23,1
d9dc100a-914c-11ea-a0fb-b88a60e194fb,transactionid:953424,crmid:6162434858,2020-03-16T03:18:03.000Z,transaction - broker,prd1071,Critical Illness Insurance,Insurance,Personal,debt,call center,3266.45,1
d9dd831e-914c-11ea-9989-b88a60e194fb,transactionid:695700,crmid:1085839333,2020-03-23T22:08:10.000Z,transaction - broker,prd1141,Premium Checking,Checking,Personal,credit,ATM,1638.88,1
d9dee2b4-914c-11ea-88fb-b88a60e194fb,transactionid:965111,crmid:9427560194,2020-03-25T14:01:21.000Z,transaction - broker,prd1012,Renter's Insurance,Insurance,Personal,credit,mobile,1476.28,1
d9e0681c-914c-11ea-9edd-b88a60e194fb,transactionid:566215,crmid:3662369481,2020-03-16T21:28:03.000Z,transaction - broker,prd1159,CDs: 3 month,Investment,Personal,credit,ATM,2508.85,1
d9e1db4a-914c-11ea-ab45-b88a60e194fb,transactionid:496149,crmid:9044575348,2020-03-26T14:55:59.000Z,transaction - broker,prd1169,Business Loan,Loan,Personal,credit,mobile,1965.75,1
d9e388dc-914c-11ea-bf62-b88a60e194fb,transactionid:749617,crmid:8605065370,2020-03-29T02:58:40.000Z,transaction - broker,prd1027,Mortgage: 30-yr Fixed,Mortgage,Personal,credit,mobile,2183.04,1
d9e57112-914c-11ea-a9bd-b88a60e194fb,transactionid:210797,crmid:9747564813,2020-03-26T15:25:47.000Z,transaction - broker,prd1158,Preferred Checking,Checking,Personal,credit,mobile,472089.29,1
d9e7f592-914c-11ea-9d88-b88a60e194fb,transactionid:171613,crmid:9624828392,2020-03-29T07:08:24.000Z,transaction - broker,prd1065,High Interest Savings,Savings,Personal,credit,mobile,3744.28,1
d9ea1874-914c-11ea-a88f-b88a60e194fb,transactionid:937590,crmid:1620984617,2020-03-26T11:17:16.000Z,transaction - broker,prd1161,Business Checking,Checking,Business,credit,mobile,1645.03,1
d9eb3eb6-914c-11ea-8aa2-b88a60e194fb,transactionid:241634,crmid:1191976004,2020-03-19T19:05:46.000Z,transaction - broker,prd1146,529 College Savings,College Savings,Personal,credit,mobile,1374.38,1
d9eceb06-914c-11ea-b197-b88a60e194fb,transactionid:557312,crmid:3830069736,2020-03-29T22:33:14.000Z,transaction - broker,prd1010,529 College Savings,College Savings,Personal,credit,call center,3934.22,1
d9ee7318-914c-11ea-bf7d-b88a60e194fb,transactionid:991667,crmid:3141995401,2020-03-30T01:14:21.000Z,transaction - broker,prd1030,401k,Retirement,Personal,credit,call center,2694.44,1
d9efe640-914c-11ea-a99c-b88a60e194fb,transactionid:426860,crmid:9511938397,2020-03-23T16:21:15.000Z,transaction - broker,prd1007,Health Savings,Savings,Personal,credit,call center,2913.61,1
d9fa4640-914c-11ea-82f9-b88a60e194fb,transactionid:761370,crmid:7111163553,2020-03-15T14:28:58.000Z,transaction - broker,prd1128,High Interest Savings,Savings,Personal,credit,broker,4362.55,1
d9fba5d2-914c-11ea-97b1-b88a60e194fb,transactionid:467692,crmid:5755622980,2020-03-17T02:37:34.000Z,transaction - broker,prd1115,Mortgage: VA,Mortgage,Personal,credit,call center,3320.67,1
d9fcf080-914c-11ea-8619-b88a60e194fb,transactionid:117462,crmid:1830179526,2020-03-17T07:46:24.000Z,transaction - broker,prd1095,529 College Savings,College Savings,Personal,credit,mobile,3072.53,1
d9fe64a6-914c-11ea-8297-b88a60e194fb,transactionid:793967,crmid:9886081912,2020-03-21T04:31:03.000Z,transaction - broker,prd1061,Mortgage: 5/1 ARM,Mortgage,Personal,credit,call center,3946.17,1
d9ffea36-914c-11ea-b956-b88a60e194fb,transactionid:675427,crmid:2357132470,2020-03-27T04:20:40.000Z,transaction - broker,prd1192,Money Market Savings,Savings,Personal,credit,call center,2570.43,1
da0198ca-914c-11ea-a956-b88a60e194fb,transactionid:352198,crmid:3941962249,2020-03-30T03:07:16.000Z,transaction - broker,prd1142,Rewards Savings,Savings,Personal,credit,mobile,2850.4,1
da02f75c-914c-11ea-b579-b88a60e194fb,transactionid:458612,crmid:3970188091,2020-03-20T04:21:09.000Z,transaction - broker,prd1036,Simplicity Card,Credit Card,Personal,credit,call center,4351.64,1
da08940c-914c-11ea-b25b-b88a60e194fb,transactionid:891871,crmid:3417672328,2020-03-24T23:58:28.000Z,transaction - broker,prd1011,Rewards Savings,Savings,Personal,credit,call center,2388.5,1
da09cd7e-914c-11ea-aa0b-b88a60e194fb,transactionid:855030,crmid:8128538552,2020-03-20T09:04:18.000Z,transaction - broker,prd1125,Mortgage: FHA,Mortgage,Personal,credit,broker,1978.12,1
da0b67c8-914c-11ea-817e-b88a60e194fb,transactionid:967723,crmid:9003582044,2020-03-30T08:37:16.000Z,transaction - broker,prd1011,Rewards Savings,Savings,Personal,credit,ATM,3694.94,1
da0d155c-914c-11ea-8f8b-b88a60e194fb,transactionid:736310,crmid:7333462329,2020-03-28T09:00:32.000Z,transaction - broker,prd1089,Business Card,Credit Card,Business,credit,mobile,388724.29,1
da0e7538-914c-11ea-806c-b88a60e194fb,transactionid:405328,crmid:7189909729,2020-03-30T16:58:31.000Z,transaction - broker,prd1008,Traditional IRA,Retirement,Personal,credit,broker,2181.54,1
da0ffc1a-914c-11ea-931a-b88a60e194fb,transactionid:388725,crmid:2813740193,2020-03-22T01:08:25.000Z,transaction - broker,prd1057,Student Card,Credit Card,Personal,credit,ATM,2641.12,1
da11480a-914c-11ea-884c-b88a60e194fb,transactionid:219246,crmid:8587864259,2020-03-25T08:08:35.000Z,transaction - broker,prd1040,High Interest Savings,Savings,Personal,credit,call center,2064.62,1
da131cbe-914c-11ea-93c4-b88a60e194fb,transactionid:596452,crmid:9172553938,2020-03-26T01:49:41.000Z,transaction - broker,prd1011,Rewards Savings,Savings,Personal,credit,mobile,3655.2,1
da14dca2-914c-11ea-b5a8-b88a60e194fb,transactionid:789893,crmid:7292018839,2020-03-30T07:12:13.000Z,transaction - broker,prd1089,Business Card,Credit Card,Business,credit,call center,2740.85,1
da1629ec-914c-11ea-881a-b88a60e194fb,transactionid:148807,crmid:8320695605,2020-03-16T19:26:53.000Z,transaction - broker,prd1143,Travel Card,Credit Card,Personal,credit,mobile,3417.7,1
da17c41e-914c-11ea-ab75-b88a60e194fb,transactionid:784919,crmid:8609984886,2020-03-31T16:09:32.000Z,transaction - broker,prd1136,Student Savings,Savings,Personal,credit,mobile,461551.24,1
