id,transactionID,crmid,timestamp,orderType,transactionSKU,transactionName,transactionType,transactionOwnership,transactionAction,transactionMethod,transactionAmount,transactionFlag
5987c44a-8012-11ea-ba8c-b88a60e194fb,transactionid:173930,crmid:5156822194,2020-03-24T03:53:45.000Z,transaction - mobile,prd1020,Everyday Savings,Savings,Personal,credit,call center,1577.84,1
5989c008-8012-11ea-98a0-b88a60e194fb,transactionid:958387,crmid:8385884389,2020-03-31T12:26:19.000Z,transaction - mobile,prd1090,Business Checking,Checking,Business,credit,call center,3799.17,1
598c3118-8012-11ea-9be0-b88a60e194fb,transactionid:615050,crmid:3841631319,2020-03-23T17:33:17.000Z,transaction - mobile,prd1185,Mortgage: FHA,Mortgage,Personal,close,call center,4373.25,1
598ea200-8012-11ea-91f3-b88a60e194fb,transactionid:915813,crmid:4115900381,2020-03-15T08:21:02.000Z,transaction - mobile,prd1147,Business Savings,Savings,Business,credit,branch,3588.42,1
5991d658-8012-11ea-bbbf-b88a60e194fb,transactionid:693547,crmid:3773857903,2020-03-24T09:58:14.000Z,transaction - mobile,prd1136,Student Savings,Savings,Personal,credit,mobile,1652.77,1
59946e62-8012-11ea-81e8-b88a60e194fb,transactionid:871810,crmid:9727690433,2020-03-27T11:51:10.000Z,transaction - mobile,prd1145,Everyday Checking,Checking,Personal,credit,mobile,2778.33,1
59961c0c-8012-11ea-aaae-b88a60e194fb,transactionid:717639,crmid:8027871090,2020-03-16T01:37:06.000Z,transaction - mobile,prd1131,Employee Stock Purchase Plans,Investment,Personal,credit,ATM,1751.21,1
5997a298-8012-11ea-bba1-b88a60e194fb,transactionid:205440,crmid:8292364385,2020-03-29T17:54:45.000Z,transaction - mobile,prd1186,Money Market,Investment,Personal,credit,call center,3766.71,1
5999023a-8012-11ea-8870-b88a60e194fb,transactionid:454662,crmid:3038763578,2020-03-25T18:00:42.000Z,transaction - mobile,prd1103,Business Card,Credit Card,Business,credit,mobile,4175.09,1
599a61d2-8012-11ea-aaef-b88a60e194fb,transactionid:851906,crmid:2282368622,2020-03-26T11:16:34.000Z,transaction - mobile,prd1049,Business Brokerage Account,Investment,Business,credit,call center,2982.8,1
59a70bde-8012-11ea-8406-b88a60e194fb,transactionid:576217,crmid:6651903642,2020-03-18T20:42:23.000Z,transaction - mobile,prd1050,Travel Card,Credit Card,Personal,credit,call center,2563.21,1
59a8e0a8-8012-11ea-90d6-b88a60e194fb,transactionid:426600,crmid:8171040095,2020-03-27T19:59:53.000Z,transaction - mobile,prd1052,Preferred Checking,Checking,Personal,credit,mobile,3898.86,1
59aa68ba-8012-11ea-b121-b88a60e194fb,transactionid:384777,crmid:7533002238,2020-03-16T03:17:06.000Z,transaction - mobile,prd1067,Everyday Checking,Checking,Personal,credit,broker,1651.32,1
59ac3d7e-8012-11ea-96f2-b88a60e194fb,transactionid:352583,crmid:7362511848,2020-03-19T22:09:22.000Z,transaction - mobile,prd1120,Mortgage: 10/1 ARM,Mortgage,Personal,credit,call center,3385.84,1
59adc2ae-8012-11ea-b9bb-b88a60e194fb,transactionid:212617,crmid:4024716088,2020-03-20T22:49:33.000Z,transaction - mobile,prd1180,529 College Savings,College Savings,Personal,credit,call center,1663.68,1
59af4a70-8012-11ea-b578-b88a60e194fb,transactionid:812125,crmid:3812911108,2020-03-16T03:24:47.000Z,transaction - mobile,prd1041,Mortgage: 7/1 ARM,Mortgage,Personal,credit,mobile,3035.76,1
59b082e2-8012-11ea-a121-b88a60e194fb,transactionid:786943,crmid:7518563710,2020-03-17T07:18:41.000Z,transaction - mobile,prd1040,High Interest Savings,Savings,Personal,credit,ATM,3382.22,1
59b20874-8012-11ea-a911-b88a60e194fb,transactionid:281254,crmid:3295504912,2020-03-28T09:36:25.000Z,transaction - mobile,prd1169,Business Loan,Loan,Personal,credit,call center,3770.56,1
59b3905e-8012-11ea-9ecf-b88a60e194fb,transactionid:571768,crmid:7890217201,2020-03-18T02:13:53.000Z,transaction - mobile,prd1193,Renter's Insurance,Insurance,Personal,credit,branch,2458.93,1
59b53cb4-8012-11ea-8744-b88a60e194fb,transactionid:837310,crmid:8984254938,2020-03-26T07:01:50.000Z,transaction - mobile,prd1080,Mortgage Insurance,Insurance,Personal,credit,mobile,2890.56,1
59b6c368-8012-11ea-88c4-b88a60e194fb,transactionid:976413,crmid:5986365371,2020-03-16T17:12:31.000Z,transaction - mobile,prd1195,Student Card,Credit Card,Personal,credit,call center,1913.04,1
59b87112-8012-11ea-b431-b88a60e194fb,transactionid:830416,crmid:4198194082,2020-03-23T18:22:16.000Z,transaction - mobile,prd1146,529 College Savings,College Savings,Personal,credit,ATM,2530.46,1
59ba1ea8-8012-11ea-8c7b-b88a60e194fb,transactionid:276240,crmid:2621677534,2020-03-30T01:26:22.000Z,transaction - mobile,prd1180,529 College Savings,College Savings,Personal,credit,mobile,1936.92,1
59bbcc86-8012-11ea-b3f5-b88a60e194fb,transactionid:561294,crmid:3491940209,2020-03-16T10:23:42.000Z,transaction - mobile,prd1144,Home Equity Loan,Mortgage,Personal,credit,call center,2843.39,1
59bd7a9a-8012-11ea-9065-b88a60e194fb,transactionid:668406,crmid:3105434079,2020-03-31T08:45:25.000Z,transaction - mobile,prd1123,Mortgage: 10 yr Fixed,Mortgage,Personal,credit,call center,1844.44,1
59bf9e74-8012-11ea-be24-b88a60e194fb,transactionid:184609,crmid:9120664690,2020-03-17T20:11:50.000Z,transaction - mobile,prd1105,Homeowner's Insurance,Insurance,Personal,credit,call center,2146.32,1
59c14aa4-8012-11ea-aa68-b88a60e194fb,transactionid:158446,crmid:6361155125,2020-03-26T19:29:33.000Z,transaction - mobile,prd1017,Merchant Services Account,Merchant Services,Business,credit,call center,2519.35,1
59cb5dc6-8012-11ea-a951-b88a60e194fb,transactionid:996267,crmid:7486264881,2020-03-23T03:16:07.000Z,transaction - mobile,prd1187,Business Savings,Savings,Business,close,call center,2643.21,1
59ccbda6-8012-11ea-aaf0-b88a60e194fb,transactionid:390595,crmid:3913108032,2020-03-22T08:06:22.000Z,transaction - mobile,prd1123,Mortgage: 10 yr Fixed,Mortgage,Personal,credit,branch,3101.79,1
59ce4338-8012-11ea-af94-b88a60e194fb,transactionid:905023,crmid:1886434106,2020-03-17T18:50:59.000Z,transaction - mobile,prd1122,Merchant Services Account,Merchant Services,Business,debt,call center,468001.55,1
59cf7c9e-8012-11ea-b748-b88a60e194fb,transactionid:240864,crmid:6160319387,2020-03-22T17:07:57.000Z,transaction - mobile,prd1182,Brokerage Account,Investment,Personal,credit,broker,2354.06,1
59d0dc02-8012-11ea-897a-b88a60e194fb,transactionid:523710,crmid:3414002953,2020-03-30T18:43:42.000Z,transaction - mobile,prd1005,Everyday Savings,Savings,Personal,credit,call center,327462.19,1
59d23ba4-8012-11ea-8a64-b88a60e194fb,transactionid:620940,crmid:2776702189,2020-03-29T22:47:52.000Z,transaction - mobile,prd1095,529 College Savings,College Savings,Personal,credit,call center,2110.0,1
59d3740a-8012-11ea-a75c-b88a60e194fb,transactionid:393490,crmid:5044051368,2020-03-19T22:00:58.000Z,transaction - mobile,prd1152,Health Savings,Savings,Personal,credit,mobile,3681.08,1
59dce8d8-8012-11ea-b282-b88a60e194fb,transactionid:533459,crmid:4801913921,2020-03-27T06:06:04.000Z,transaction - mobile,prd1017,Merchant Services Account,Merchant Services,Business,credit,mobile,2912.54,1
59ee751a-8012-11ea-89ba-b88a60e194fb,transactionid:865721,crmid:2704460116,2020-03-18T18:34:17.000Z,transaction - mobile,prd1059,Platinum Card,Credit Card,Personal,credit,mobile,2964.39,1
59f0e612-8012-11ea-b722-b88a60e194fb,transactionid:222296,crmid:7695872477,2020-03-20T04:45:52.000Z,transaction - mobile,prd1137,Business Checking,Checking,Business,credit,mobile,172487.68,1
59f32fe4-8012-11ea-a4c8-b88a60e194fb,transactionid:123435,crmid:9034012422,2020-03-23T00:52:28.000Z,transaction - mobile,prd1120,Mortgage: 10/1 ARM,Mortgage,Personal,debt,branch,1605.26,1
59f55428-8012-11ea-aafe-b88a60e194fb,transactionid:884097,crmid:3213540770,2020-03-17T17:25:11.000Z,transaction - mobile,prd1023,Health Savings,Savings,Personal,debt,call center,2331.99,1
59f728c6-8012-11ea-a92b-b88a60e194fb,transactionid:678435,crmid:1419566243,2020-03-23T21:56:50.000Z,transaction - mobile,prd1161,Business Checking,Checking,Business,credit,call center,3151.56,1
59f8fc34-8012-11ea-8669-b88a60e194fb,transactionid:955041,crmid:7380651812,2020-03-31T21:01:52.000Z,transaction - mobile,prd1093,Money Market Savings,Savings,Personal,debt,mobile,3042.73,1
59fad0ec-8012-11ea-ac97-b88a60e194fb,transactionid:774417,crmid:3078628627,2020-03-23T10:44:18.000Z,transaction - mobile,prd1148,Mortgage: 10/1 ARM,Mortgage,Personal,credit,mobile,1753.01,1
5a05a686-8012-11ea-beac-b88a60e194fb,transactionid:638415,crmid:7494806342,2020-03-26T20:16:09.000Z,transaction - mobile,prd1146,529 College Savings,College Savings,Personal,credit,call center,4199.97,1
5a072cfe-8012-11ea-a4e4-b88a60e194fb,transactionid:438663,crmid:1455642321,2020-03-19T00:07:12.000Z,transaction - mobile,prd1090,Business Checking,Checking,Business,credit,mobile,2503.24,1
5a088c88-8012-11ea-808f-b88a60e194fb,transactionid:964523,crmid:2516496906,2020-03-30T10:26:37.000Z,transaction - mobile,prd1023,Health Savings,Savings,Personal,credit,broker,1888.93,1
5a0a6152-8012-11ea-b409-b88a60e194fb,transactionid:801221,crmid:8958190087,2020-03-22T12:32:10.000Z,transaction - mobile,prd1154,Mortgage: 30-yr Fixed,Mortgage,Personal,credit,ATM,2301.47,1
5a0c0f02-8012-11ea-b742-b88a60e194fb,transactionid:638211,crmid:5010811709,2020-03-21T14:43:48.000Z,transaction - mobile,prd1104,Health Savings,Savings,Personal,close,mobile,1288.31,1
5a0d95ae-8012-11ea-a2d0-b88a60e194fb,transactionid:492823,crmid:9706325776,2020-03-29T19:37:37.000Z,transaction - mobile,prd1146,529 College Savings,College Savings,Personal,credit,mobile,3301.6,1
5a0ef540-8012-11ea-b135-b88a60e194fb,transactionid:792979,crmid:4560357505,2020-03-24T16:56:04.000Z,transaction - mobile,prd1193,Renter's Insurance,Insurance,Personal,credit,broker,382539.53,1
5a107bd8-8012-11ea-88a0-b88a60e194fb,transactionid:265431,crmid:9010599997,2020-03-26T09:34:21.000Z,transaction - mobile,prd1158,Preferred Checking,Checking,Personal,credit,branch,2809.47,1
5a1277ae-8012-11ea-a0b7-b88a60e194fb,transactionid:726391,crmid:9595445509,2020-03-22T12:50:27.000Z,transaction - mobile,prd1174,Traditional IRA,Retirement,Personal,close,call center,298576.06,1
5a1425ec-8012-11ea-9456-b88a60e194fb,transactionid:371780,crmid:3118502913,2020-03-28T14:03:02.000Z,transaction - mobile,prd1043,Business Savings,Savings,Business,debt,branch,2588.39,1
5a155ed8-8012-11ea-a6f7-b88a60e194fb,transactionid:601400,crmid:3295633970,2020-03-29T10:04:09.000Z,transaction - mobile,prd1022,Auto Loan,Loan,Personal,credit,mobile,3072.92,1
5a16976e-8012-11ea-b45f-b88a60e194fb,transactionid:221292,crmid:8161363320,2020-03-21T02:46:25.000Z,transaction - mobile,prd1187,Business Savings,Savings,Business,credit,broker,4172.74,1
5a181cf0-8012-11ea-8f7f-b88a60e194fb,transactionid:848799,crmid:4609365272,2020-03-17T17:11:00.000Z,transaction - mobile,prd1097,Employee Stock Purchase Plans,Investment,Personal,credit,broker,3381.17,1
5a19a498-8012-11ea-962a-b88a60e194fb,transactionid:113441,crmid:7458946223,2020-03-31T15:47:40.000Z,transaction - mobile,prd1044,Rewards Card,Credit Card,Personal,credit,call center,3051.45,1
5a1b51e8-8012-11ea-a935-b88a60e194fb,transactionid:199961,crmid:1794396733,2020-03-26T19:02:25.000Z,transaction - mobile,prd1094,Preferred Checking,Checking,Personal,close,mobile,3012.49,1
5a1d74e2-8012-11ea-9bf1-b88a60e194fb,transactionid:745744,crmid:9956231741,2020-03-25T13:10:38.000Z,transaction - mobile,prd1107,Auto Insurance,Insurance,Personal,credit,call center,3026.58,1
5a1f21e4-8012-11ea-9ac7-b88a60e194fb,transactionid:735979,crmid:3184051153,2020-03-29T05:29:39.000Z,transaction - mobile,prd1104,Health Savings,Savings,Personal,credit,call center,4020.16,1
5a20f69a-8012-11ea-a453-b88a60e194fb,transactionid:349649,crmid:1476435942,2020-03-18T07:41:22.000Z,transaction - mobile,prd1082,Mortgage Insurance,Insurance,Personal,credit,call center,1820.43,1
5a22cb36-8012-11ea-896c-b88a60e194fb,transactionid:838201,crmid:8153449117,2020-03-26T06:13:36.000Z,transaction - mobile,prd1102,Everyday Savings,Savings,Personal,credit,mobile,4025.68,1
5a242ad0-8012-11ea-96f2-b88a60e194fb,transactionid:174013,crmid:2137301103,2020-03-25T16:33:02.000Z,transaction - mobile,prd1004,Business Card,Credit Card,Business,debt,call center,3333.77,1
5a258a66-8012-11ea-bdb7-b88a60e194fb,transactionid:969816,crmid:2469810668,2020-03-17T08:44:12.000Z,transaction - mobile,prd1143,Travel Card,Credit Card,Personal,credit,ATM,4007.95,1
5a26c3f0-8012-11ea-b6ab-b88a60e194fb,transactionid:379228,crmid:5606740460,2020-03-17T18:48:10.000Z,transaction - mobile,prd1138,Money Market Savings,Savings,Personal,credit,call center,3639.08,1
5a2897b0-8012-11ea-a9a3-b88a60e194fb,transactionid:344024,crmid:3339827400,2020-03-15T09:44:19.000Z,transaction - mobile,prd1104,Health Savings,Savings,Personal,credit,broker,3608.52,1
5a2a9370-8012-11ea-ad1b-b88a60e194fb,transactionid:526611,crmid:8844906962,2020-03-16T19:23:33.000Z,transaction - mobile,prd1166,Business Checking,Checking,Business,credit,call center,3217.26,1
5a2c1a1a-8012-11ea-8b7f-b88a60e194fb,transactionid:997504,crmid:7701027528,2020-03-20T03:08:09.000Z,transaction - mobile,prd1068,Mortgage: 7/1 ARM,Mortgage,Personal,credit,mobile,1000.72,1
5a2fc37a-8012-11ea-b816-b88a60e194fb,transactionid:227443,crmid:5611142901,2020-03-27T06:21:42.000Z,transaction - mobile,prd1148,Mortgage: 10/1 ARM,Mortgage,Personal,credit,call center,2802.36,1
5a31230a-8012-11ea-81a9-b88a60e194fb,transactionid:781006,crmid:7066388567,2020-03-28T11:44:53.000Z,transaction - mobile,prd1142,Rewards Savings,Savings,Personal,credit,broker,1429.27,1
5a32d0b8-8012-11ea-a2c0-b88a60e194fb,transactionid:737833,crmid:7472087803,2020-03-15T18:16:30.000Z,transaction - mobile,prd1174,Traditional IRA,Retirement,Personal,credit,call center,3683.37,1
5a343058-8012-11ea-952d-b88a60e194fb,transactionid:951160,crmid:6680718802,2020-03-18T20:23:37.000Z,transaction - mobile,prd1121,Mortgage: 30-yr Fixed,Mortgage,Personal,credit,call center,2629.64,1
5a358fec-8012-11ea-b08c-b88a60e194fb,transactionid:336184,crmid:1689884724,2020-03-22T03:40:55.000Z,transaction - mobile,prd1194,Preferred Checking,Checking,Personal,credit,call center,3972.31,1
5a371686-8012-11ea-bb1d-b88a60e194fb,transactionid:677469,crmid:3871642011,2020-03-17T18:52:43.000Z,transaction - mobile,prd1071,Critical Illness Insurance,Insurance,Personal,credit,call center,3428.3,1
5a38c58c-8012-11ea-80ef-b88a60e194fb,transactionid:940846,crmid:8343913194,2020-03-16T18:22:58.000Z,transaction - mobile,prd1062,Mortgage: VA,Mortgage,Personal,credit,branch,5307.61,1
5a3a23be-8012-11ea-ae00-b88a60e194fb,transactionid:242493,crmid:1691660992,2020-03-18T05:18:06.000Z,transaction - mobile,prd1023,Health Savings,Savings,Personal,debt,call center,4212.24,1
5a3b8340-8012-11ea-b94d-b88a60e194fb,transactionid:987032,crmid:9699052723,2020-03-16T04:09:40.000Z,transaction - mobile,prd1022,Auto Loan,Loan,Personal,credit,call center,3150.94,1
5a3d0a70-8012-11ea-9775-b88a60e194fb,transactionid:360983,crmid:1306696021,2020-03-17T15:30:01.000Z,transaction - mobile,prd1011,Rewards Savings,Savings,Personal,credit,call center,3150.58,1
5a3e908a-8012-11ea-9f57-b88a60e194fb,transactionid:164168,crmid:4710805506,2020-03-20T00:37:55.000Z,transaction - mobile,prd1187,Business Savings,Savings,Business,credit,broker,2373.7,1
5a40655c-8012-11ea-ad54-b88a60e194fb,transactionid:317868,crmid:3885455103,2020-03-22T23:09:40.000Z,transaction - mobile,prd1084,Student Savings,Savings,Personal,credit,broker,2746.53,1
5a428840-8012-11ea-9c4c-b88a60e194fb,transactionid:727214,crmid:9842154564,2020-03-25T12:46:36.000Z,transaction - mobile,prd1180,529 College Savings,College Savings,Personal,credit,call center,2939.83,1
5a4435e8-8012-11ea-a9ee-b88a60e194fb,transactionid:457286,crmid:7729652788,2020-03-24T09:35:36.000Z,transaction - mobile,prd1023,Health Savings,Savings,Personal,credit,call center,3239.39,1
5a460a8a-8012-11ea-b7c9-b88a60e194fb,transactionid:449291,crmid:8827864404,2020-03-19T17:42:13.000Z,transaction - mobile,prd1051,Personal Loan,Loan,Personal,debt,call center,3185.05,1
5a47b84a-8012-11ea-aa29-b88a60e194fb,transactionid:920358,crmid:5299784622,2020-03-19T02:49:51.000Z,transaction - mobile,prd1048,Business Loan,Loan,Business,credit,call center,1828.88,1
5a4965e8-8012-11ea-aaf0-b88a60e194fb,transactionid:359437,crmid:9500984528,2020-03-19T13:04:55.000Z,transaction - mobile,prd1180,529 College Savings,College Savings,Personal,credit,ATM,3751.39,1
5a51f190-8012-11ea-93e3-b88a60e194fb,transactionid:112732,crmid:1368703535,2020-03-20T13:48:07.000Z,transaction - mobile,prd1114,CDs: 3 month,Investment,Personal,credit,branch,2109.49,1
5a537a38-8012-11ea-8d83-b88a60e194fb,transactionid:937381,crmid:7339257183,2020-03-30T10:46:48.000Z,transaction - mobile,prd1046,Mortgage: VA,Mortgage,Personal,credit,call center,3324.99,1
5a54d7ae-8012-11ea-89e4-b88a60e194fb,transactionid:321616,crmid:5524582937,2020-03-16T21:55:28.000Z,transaction - mobile,prd1092,Rewards Card,Credit Card,Personal,credit,branch,3413.51,1
5a5637cc-8012-11ea-86a1-b88a60e194fb,transactionid:162274,crmid:2918502974,2020-03-26T21:03:17.000Z,transaction - mobile,prd1005,Everyday Savings,Savings,Personal,credit,call center,2615.38,1
5a583424-8012-11ea-a9d1-b88a60e194fb,transactionid:149272,crmid:9689398485,2020-03-17T13:36:26.000Z,transaction - mobile,prd1016,Homeowner's Insurance,Insurance,Personal,close,mobile,3112.7,1
5a5993a2-8012-11ea-ab00-b88a60e194fb,transactionid:448781,crmid:7924250393,2020-03-24T12:33:30.000Z,transaction - mobile,prd1066,Homeowner's Insurance,Insurance,Personal,credit,ATM,1608.32,1
5a5acc24-8012-11ea-bf1b-b88a60e194fb,transactionid:459214,crmid:1643145129,2020-03-22T01:29:07.000Z,transaction - mobile,prd1021,CDs: 5 year,Investment,Personal,credit,call center,2852.92,1
5a5c2a9e-8012-11ea-b2d9-b88a60e194fb,transactionid:604345,crmid:5351018742,2020-03-17T05:48:22.000Z,transaction - mobile,prd1125,Mortgage: FHA,Mortgage,Personal,credit,call center,3293.02,1
5a5db266-8012-11ea-81ff-b88a60e194fb,transactionid:932557,crmid:6611440852,2020-03-29T10:29:31.000Z,transaction - mobile,prd1161,Business Checking,Checking,Business,credit,ATM,2008.28,1
5a5f11c6-8012-11ea-809b-b88a60e194fb,transactionid:473822,crmid:6172634981,2020-03-28T22:52:10.000Z,transaction - mobile,prd1124,CDs: 5 year,Investment,Personal,credit,mobile,1679.08,1
5a604ad0-8012-11ea-9450-b88a60e194fb,transactionid:762476,crmid:1185492808,2020-03-18T22:20:41.000Z,transaction - mobile,prd1123,Mortgage: 10 yr Fixed,Mortgage,Personal,debt,broker,2527.19,1
5a61aa38-8012-11ea-91ab-b88a60e194fb,transactionid:849604,crmid:5451715376,2020-03-17T15:40:00.000Z,transaction - mobile,prd1007,Health Savings,Savings,Personal,debt,branch,2559.65,1
5a6357e4-8012-11ea-8cef-b88a60e194fb,transactionid:587008,crmid:3351169807,2020-03-21T12:17:29.000Z,transaction - mobile,prd1196,Dividend Card,Credit Card,Personal,close,call center,4221.9,1
5a6f8cb4-8012-11ea-845a-b88a60e194fb,transactionid:831812,crmid:6631859856,2020-03-18T15:13:05.000Z,transaction - mobile,prd1064,CDs: 3 month,Investment,Personal,debt,call center,509021.45,1
5a70ec50-8012-11ea-94c5-b88a60e194fb,transactionid:828474,crmid:3501550272,2020-03-18T01:58:39.000Z,transaction - mobile,prd1026,Mortgage: 5/1 ARM,Mortgage,Personal,credit,mobile,3981.04,1
5a7272fe-8012-11ea-a8b2-b88a60e194fb,transactionid:374646,crmid:4367094395,2020-03-26T19:25:32.000Z,transaction - mobile,prd1090,Business Checking,Checking,Business,credit,call center,3131.14,1
5a73d29c-8012-11ea-b294-b88a60e194fb,transactionid:845173,crmid:9689234374,2020-03-17T16:24:05.000Z,transaction - mobile,prd1131,Employee Stock Purchase Plans,Investment,Personal,credit,call center,3687.35,1
5a7530b0-8012-11ea-b514-b88a60e194fb,transactionid:710785,crmid:7347057196,2020-03-17T13:09:58.000Z,transaction - mobile,prd1146,529 College Savings,College Savings,Personal,credit,ATM,3833.3,1
5a76903e-8012-11ea-b67b-b88a60e194fb,transactionid:862376,crmid:6574831986,2020-03-30T20:08:27.000Z,transaction - mobile,prd1194,Preferred Checking,Checking,Personal,credit,mobile,2923.45,1
5a77efd4-8012-11ea-8d31-b88a60e194fb,transactionid:127557,crmid:9471336700,2020-03-25T12:15:29.000Z,transaction - mobile,prd1146,529 College Savings,College Savings,Personal,credit,ATM,2603.02,1
5a794f5c-8012-11ea-9e26-b88a60e194fb,transactionid:982688,crmid:2835121903,2020-03-19T11:35:54.000Z,transaction - mobile,prd1008,Traditional IRA,Retirement,Personal,credit,call center,2903.65,1
5a7ad62e-8012-11ea-a9b5-b88a60e194fb,transactionid:146967,crmid:6464420321,2020-03-20T21:09:56.000Z,transaction - mobile,prd1182,Brokerage Account,Investment,Personal,debt,call center,4706.65,1
5a7c83dc-8012-11ea-8e42-b88a60e194fb,transactionid:373448,crmid:6009421934,2020-03-16T20:49:10.000Z,transaction - mobile,prd1186,Money Market,Investment,Personal,credit,ATM,2608.86,1
5a7e0a50-8012-11ea-9674-b88a60e194fb,transactionid:673068,crmid:6891018566,2020-03-15T11:56:40.000Z,transaction - mobile,prd1118,Simplicity Card,Credit Card,Personal,credit,call center,2858.83,1
5a7f42ca-8012-11ea-a5a6-b88a60e194fb,transactionid:335608,crmid:7399082668,2020-03-31T16:42:09.000Z,transaction - mobile,prd1146,529 College Savings,College Savings,Personal,debt,ATM,2735.81,1
5a8118f6-8012-11ea-b303-b88a60e194fb,transactionid:413005,crmid:3204499752,2020-03-27T06:46:22.000Z,transaction - mobile,prd1057,Student Card,Credit Card,Personal,credit,call center,3560.89,1
5a82518a-8012-11ea-90b0-b88a60e194fb,transactionid:317390,crmid:9154653672,2020-03-31T05:55:41.000Z,transaction - mobile,prd1149,Auto Loan,Loan,Personal,credit,call center,4695.18,1
5a83b0e6-8012-11ea-8409-b88a60e194fb,transactionid:369615,crmid:6035213744,2020-03-28T07:58:53.000Z,transaction - mobile,prd1035,Pension Account,Retirement,Personal,credit,mobile,3521.0,1
5a853640-8012-11ea-8e72-b88a60e194fb,transactionid:204352,crmid:4006522685,2020-03-25T12:22:56.000Z,transaction - mobile,prd1146,529 College Savings,College Savings,Personal,credit,mobile,2110.69,1
5a86bce2-8012-11ea-9f8e-b88a60e194fb,transactionid:459271,crmid:3872277707,2020-03-16T18:45:27.000Z,transaction - mobile,prd1176,Overseas Equity Fund,Investment,Personal,credit,call center,3725.15,1
5a886c0a-8012-11ea-a2dd-b88a60e194fb,transactionid:925451,crmid:3781765872,2020-03-27T13:01:50.000Z,transaction - mobile,prd1075,Student Savings,Savings,Personal,credit,branch,4272.39,1
5a89f286-8012-11ea-817f-b88a60e194fb,transactionid:525809,crmid:5866006068,2020-03-15T17:42:41.000Z,transaction - mobile,prd1097,Employee Stock Purchase Plans,Investment,Personal,credit,mobile,3340.43,1
5a8b2ae6-8012-11ea-a753-b88a60e194fb,transactionid:966479,crmid:3370275624,2020-03-15T18:40:55.000Z,transaction - mobile,prd1119,Renter's Insurance,Insurance,Personal,credit,call center,2649.95,1
5a8cb106-8012-11ea-a6bd-b88a60e194fb,transactionid:654034,crmid:6447474156,2020-03-30T23:52:04.000Z,transaction - mobile,prd1076,Student Savings,Savings,Personal,credit,mobile,4313.39,1
5a8e0fe4-8012-11ea-92e5-b88a60e194fb,transactionid:982355,crmid:5090169233,2020-03-30T03:03:42.000Z,transaction - mobile,prd1128,High Interest Savings,Savings,Personal,debt,call center,2299.69,1
5a8f706e-8012-11ea-bee7-b88a60e194fb,transactionid:502306,crmid:3181833702,2020-03-15T22:30:40.000Z,transaction - mobile,prd1096,Renter's Insurance,Insurance,Personal,credit,call center,3646.64,1
5a90f72e-8012-11ea-a88c-b88a60e194fb,transactionid:718585,crmid:9366564563,2020-03-29T14:59:25.000Z,transaction - mobile,prd1028,CDs: 1 year,Investment,Personal,debt,ATM,403842.47,1
5a927cc2-8012-11ea-8efd-b88a60e194fb,transactionid:511525,crmid:7000373823,2020-03-31T03:04:58.000Z,transaction - mobile,prd1040,High Interest Savings,Savings,Personal,credit,call center,1889.2,1
5a940342-8012-11ea-a7b1-b88a60e194fb,transactionid:405922,crmid:6382362845,2020-03-26T05:40:01.000Z,transaction - mobile,prd1065,High Interest Savings,Savings,Personal,credit,mobile,3682.48,1
5a9589d4-8012-11ea-9263-b88a60e194fb,transactionid:481237,crmid:5950207688,2020-03-30T05:14:01.000Z,transaction - mobile,prd1074,Premium Checking,Checking,Personal,credit,mobile,3114.23,1
5a971074-8012-11ea-8d43-b88a60e194fb,transactionid:778875,crmid:6750842159,2020-03-30T09:32:05.000Z,transaction - mobile,prd1137,Business Checking,Checking,Business,credit,call center,3354.97,1
5a98be46-8012-11ea-94da-b88a60e194fb,transactionid:375630,crmid:6431534761,2020-03-27T20:20:03.000Z,transaction - mobile,prd1065,High Interest Savings,Savings,Personal,credit,ATM,3385.38,1
5a9a1f34-8012-11ea-a44d-b88a60e194fb,transactionid:403513,crmid:9678858124,2020-03-27T12:59:55.000Z,transaction - mobile,prd1162,High Interest Savings,Savings,Personal,credit,call center,2917.63,1
5a9bcb6e-8012-11ea-98f5-b88a60e194fb,transactionid:825092,crmid:3341051425,2020-03-17T17:23:10.000Z,transaction - mobile,prd1131,Employee Stock Purchase Plans,Investment,Personal,close,mobile,3932.87,1
5a9d5358-8012-11ea-a706-b88a60e194fb,transactionid:698768,crmid:5476964289,2020-03-21T22:10:34.000Z,transaction - mobile,prd1071,Critical Illness Insurance,Insurance,Personal,credit,broker,3189.96,1
5a9eb198-8012-11ea-9260-b88a60e194fb,transactionid:396196,crmid:4849011715,2020-03-27T12:05:32.000Z,transaction - mobile,prd1124,CDs: 5 year,Investment,Personal,credit,mobile,3697.14,1
5aa038ac-8012-11ea-9589-b88a60e194fb,transactionid:494775,crmid:5275941505,2020-03-27T04:05:08.000Z,transaction - mobile,prd1194,Preferred Checking,Checking,Personal,credit,ATM,1604.52,1
5aa20e70-8012-11ea-b575-b88a60e194fb,transactionid:930167,crmid:3777842246,2020-03-23T06:29:28.000Z,transaction - mobile,prd1038,Dividend Card,Credit Card,Personal,credit,ATM,2382.01,1
5aa36dee-8012-11ea-989b-b88a60e194fb,transactionid:876244,crmid:7978861687,2020-03-18T20:34:44.000Z,transaction - mobile,prd1044,Rewards Card,Credit Card,Personal,debt,mobile,2591.35,1
5aa4cd18-8012-11ea-91bb-b88a60e194fb,transactionid:572254,crmid:3900112055,2020-03-18T15:34:54.000Z,transaction - mobile,prd1133,High Interest Savings,Savings,Personal,credit,broker,526084.68,1
5aa652c0-8012-11ea-8417-b88a60e194fb,transactionid:881578,crmid:9085213142,2020-03-21T03:08:27.000Z,transaction - mobile,prd1194,Preferred Checking,Checking,Personal,credit,call center,1728.52,1
5aa7dae2-8012-11ea-8a2a-b88a60e194fb,transactionid:741829,crmid:9982712275,2020-03-27T13:31:38.000Z,transaction - mobile,prd1142,Rewards Savings,Savings,Personal,credit,mobile,2013.46,1
5aa9131c-8012-11ea-8bb5-b88a60e194fb,transactionid:665515,crmid:6357793350,2020-03-17T05:32:43.000Z,transaction - mobile,prd1196,Dividend Card,Credit Card,Personal,credit,call center,2269.49,1
5aaa719e-8012-11ea-b2b5-b88a60e194fb,transactionid:484132,crmid:7072119819,2020-03-25T13:33:58.000Z,transaction - mobile,prd1009,Everyday Checking,Checking,Personal,debt,call center,2345.45,1
5aae68f0-8012-11ea-a03c-b88a60e194fb,transactionid:556252,crmid:3908333816,2020-03-18T20:18:00.000Z,transaction - mobile,prd1115,Mortgage: VA,Mortgage,Personal,credit,call center,3783.5,1
5aafa174-8012-11ea-92c1-b88a60e194fb,transactionid:509348,crmid:9865486168,2020-03-23T11:56:58.000Z,transaction - mobile,prd1141,Premium Checking,Checking,Personal,credit,mobile,2998.95,1
5ab1281a-8012-11ea-ae46-b88a60e194fb,transactionid:150160,crmid:7487774483,2020-03-29T14:26:05.000Z,transaction - mobile,prd1033,Fixed Deposit,Investment,Personal,close,call center,293853.88,1
5ab2fcd4-8012-11ea-a4f6-b88a60e194fb,transactionid:470471,crmid:3944764631,2020-03-28T18:20:30.000Z,transaction - mobile,prd1102,Everyday Savings,Savings,Personal,credit,mobile,478685.26,1
5ab45dae-8012-11ea-b4e7-b88a60e194fb,transactionid:740057,crmid:3056324245,2020-03-17T08:36:56.000Z,transaction - mobile,prd1010,529 College Savings,College Savings,Personal,credit,branch,300244.77,1
5ab5bd00-8012-11ea-8e28-b88a60e194fb,transactionid:634998,crmid:3453709500,2020-03-25T03:36:18.000Z,transaction - mobile,prd1146,529 College Savings,College Savings,Personal,credit,ATM,1723.94,1
5ab6f56c-8012-11ea-99a2-b88a60e194fb,transactionid:695243,crmid:3361525843,2020-03-30T04:21:46.000Z,transaction - mobile,prd1167,Roth IRA,Retirement,Personal,credit,ATM,3232.25,1
5ab82de6-8012-11ea-9a6b-b88a60e194fb,transactionid:145694,crmid:5968045337,2020-03-23T17:52:05.000Z,transaction - mobile,prd1122,Merchant Services Account,Merchant Services,Business,credit,call center,4139.63,1
5ab96580-8012-11ea-9204-b88a60e194fb,transactionid:167851,crmid:8838052855,2020-03-22T22:10:04.000Z,transaction - mobile,prd1197,Business Card,Credit Card,Business,credit,mobile,456926.82,1
5aba9f00-8012-11ea-a5f0-b88a60e194fb,transactionid:787854,crmid:6408049682,2020-03-19T01:38:06.000Z,transaction - mobile,prd1042,Roth IRA,Retirement,Personal,credit,branch,3696.4,1
5abbd692-8012-11ea-b717-b88a60e194fb,transactionid:300556,crmid:3818278309,2020-03-25T11:06:18.000Z,transaction - mobile,prd1171,Personal Loan,Loan,Personal,debt,mobile,3040.1,1
5abd5d1e-8012-11ea-8735-b88a60e194fb,transactionid:953090,crmid:5501121377,2020-03-18T04:44:49.000Z,transaction - mobile,prd1106,Business Loan,Loan,Business,credit,ATM,422579.03,1
5abebda4-8012-11ea-867a-b88a60e194fb,transactionid:747308,crmid:7501076973,2020-03-23T22:24:33.000Z,transaction - mobile,prd1060,Traditional IRA,Retirement,Personal,credit,ATM,3057.5,1
5ac01cba-8012-11ea-8dec-b88a60e194fb,transactionid:679420,crmid:3264256272,2020-03-15T02:48:50.000Z,transaction - mobile,prd1196,Dividend Card,Credit Card,Personal,close,mobile,2402.32,1
5ac1a2de-8012-11ea-a182-b88a60e194fb,transactionid:451861,crmid:4985788853,2020-03-27T12:27:03.000Z,transaction - mobile,prd1150,Money Market,Investment,Personal,credit,broker,376754.86,1
5ac3ecd2-8012-11ea-993b-b88a60e194fb,transactionid:475720,crmid:7547285450,2020-03-22T14:00:29.000Z,transaction - mobile,prd1003,Premium Checking,Checking,Personal,credit,ATM,306353.82,1
5ac59bca-8012-11ea-9153-b88a60e194fb,transactionid:377205,crmid:9607548760,2020-03-17T01:04:02.000Z,transaction - mobile,prd1009,Everyday Checking,Checking,Personal,credit,call center,1662.44,1
5ac6fa18-8012-11ea-8001-b88a60e194fb,transactionid:351049,crmid:7225961718,2020-03-15T16:40:33.000Z,transaction - mobile,prd1074,Premium Checking,Checking,Personal,credit,ATM,3103.67,1
5ac83386-8012-11ea-a95a-b88a60e194fb,transactionid:616884,crmid:2116450905,2020-03-22T17:48:57.000Z,transaction - mobile,prd1026,Mortgage: 5/1 ARM,Mortgage,Personal,credit,mobile,1790.68,1
5ac96b78-8012-11ea-9ddf-b88a60e194fb,transactionid:404955,crmid:4268280685,2020-03-25T16:16:58.000Z,transaction - mobile,prd1117,Brokerage Account,Investment,Personal,credit,ATM,376498.7,1
5acaf2c6-8012-11ea-9819-b88a60e194fb,transactionid:337457,crmid:6174163768,2020-03-22T15:22:24.000Z,transaction - mobile,prd1131,Employee Stock Purchase Plans,Investment,Personal,credit,call center,4289.96,1
5acc2b22-8012-11ea-b675-b88a60e194fb,transactionid:229843,crmid:7817510483,2020-03-29T03:16:24.000Z,transaction - mobile,prd1031,Business Loan,Loan,Business,credit,call center,1476.77,1
5acd63dc-8012-11ea-be03-b88a60e194fb,transactionid:457795,crmid:1632284177,2020-03-25T14:28:17.000Z,transaction - mobile,prd1194,Preferred Checking,Checking,Personal,credit,broker,4434.35,1
5ace9c2e-8012-11ea-bc96-b88a60e194fb,transactionid:232367,crmid:7310004020,2020-03-16T14:27:48.000Z,transaction - mobile,prd1145,Everyday Checking,Checking,Personal,credit,broker,1697.14,1
5ad022a4-8012-11ea-8c64-b88a60e194fb,transactionid:330857,crmid:2296493333,2020-03-23T17:42:38.000Z,transaction - mobile,prd1137,Business Checking,Checking,Business,credit,call center,2165.97,1
5ad1a95c-8012-11ea-8075-b88a60e194fb,transactionid:625951,crmid:3722974266,2020-03-29T11:40:54.000Z,transaction - mobile,prd1008,Traditional IRA,Retirement,Personal,credit,ATM,1638.78,1
5ad307d4-8012-11ea-b125-b88a60e194fb,transactionid:414647,crmid:1603880273,2020-03-28T02:55:12.000Z,transaction - mobile,prd1162,High Interest Savings,Savings,Personal,credit,ATM,3021.88,1
5ad48e90-8012-11ea-bfcc-b88a60e194fb,transactionid:976381,crmid:5240649621,2020-03-31T19:35:21.000Z,transaction - mobile,prd1036,Simplicity Card,Credit Card,Personal,credit,call center,4135.14,1
5ad61610-8012-11ea-8ae8-b88a60e194fb,transactionid:631780,crmid:9073882756,2020-03-18T20:28:17.000Z,transaction - mobile,prd1059,Platinum Card,Credit Card,Personal,credit,mobile,2904.99,1
5ad74f22-8012-11ea-8788-b88a60e194fb,transactionid:937742,crmid:7696837338,2020-03-20T08:04:17.000Z,transaction - mobile,prd1146,529 College Savings,College Savings,Personal,debt,call center,2937.12,1
5ad8fb5a-8012-11ea-9770-b88a60e194fb,transactionid:690915,crmid:7022664613,2020-03-18T21:00:12.000Z,transaction - mobile,prd1120,Mortgage: 10/1 ARM,Mortgage,Personal,credit,mobile,1691.95,1
5adaf70c-8012-11ea-bc62-b88a60e194fb,transactionid:536643,crmid:5140120212,2020-03-16T07:51:00.000Z,transaction - mobile,prd1045,Mortgage: 10/1 ARM,Mortgage,Personal,credit,mobile,4281.64,1
5add19f8-8012-11ea-b6d8-b88a60e194fb,transactionid:665794,crmid:6486657155,2020-03-21T14:35:46.000Z,transaction - mobile,prd1025,Brokerage Account,Investment,Personal,close,call center,3739.39,1
5adf3d98-8012-11ea-afd1-b88a60e194fb,transactionid:810511,crmid:9314048220,2020-03-27T03:12:01.000Z,transaction - mobile,prd1141,Premium Checking,Checking,Personal,credit,mobile,2483.8,1
5ae138b6-8012-11ea-8196-b88a60e194fb,transactionid:351339,crmid:9066643437,2020-03-25T10:21:29.000Z,transaction - mobile,prd1065,High Interest Savings,Savings,Personal,credit,ATM,2481.5,1
5ae3829e-8012-11ea-a108-b88a60e194fb,transactionid:845231,crmid:8261276942,2020-03-31T03:52:02.000Z,transaction - mobile,prd1127,Rewards Card,Credit Card,Personal,close,mobile,534760.03,1
5ae57e64-8012-11ea-9c8a-b88a60e194fb,transactionid:681451,crmid:7870466233,2020-03-24T22:54:04.000Z,transaction - mobile,prd1096,Renter's Insurance,Insurance,Personal,credit,call center,438411.44,1
5ae75334-8012-11ea-b3b7-b88a60e194fb,transactionid:886842,crmid:3276963187,2020-03-30T16:04:56.000Z,transaction - mobile,prd1041,Mortgage: 7/1 ARM,Mortgage,Personal,credit,mobile,1999.38,1
5ae927de-8012-11ea-8e13-b88a60e194fb,transactionid:346346,crmid:6515695304,2020-03-23T19:18:31.000Z,transaction - mobile,prd1003,Premium Checking,Checking,Personal,credit,call center,1036.92,1
5aeb23be-8012-11ea-a06c-b88a60e194fb,transactionid:232132,crmid:3512241632,2020-03-30T21:09:09.000Z,transaction - mobile,prd1192,Money Market Savings,Savings,Personal,debt,ATM,3321.62,1
5aecf8f4-8012-11ea-9e6c-b88a60e194fb,transactionid:565617,crmid:8122861363,2020-03-31T18:10:56.000Z,transaction - mobile,prd1036,Simplicity Card,Credit Card,Personal,credit,mobile,3524.81,1
5aeecd98-8012-11ea-bdc7-b88a60e194fb,transactionid:871214,crmid:1624705379,2020-03-19T12:47:17.000Z,transaction - mobile,prd1172,Employee Stock Purchase Plans,Investment,Personal,credit,call center,3032.97,1
5af0c8f6-8012-11ea-b7a1-b88a60e194fb,transactionid:627291,crmid:5585263935,2020-03-25T17:16:48.000Z,transaction - mobile,prd1146,529 College Savings,College Savings,Personal,credit,call center,3083.94,1
5af24f8a-8012-11ea-a784-b88a60e194fb,transactionid:984251,crmid:9562901604,2020-03-17T22:27:23.000Z,transaction - mobile,prd1029,401k,Retirement,Personal,close,mobile,3055.96,1
5af42458-8012-11ea-8bf1-b88a60e194fb,transactionid:222022,crmid:3720141961,2020-03-18T08:41:51.000Z,transaction - mobile,prd1145,Everyday Checking,Checking,Personal,credit,call center,3024.79,1
5af62008-8012-11ea-9cd9-b88a60e194fb,transactionid:590935,crmid:5715761734,2020-03-26T00:26:28.000Z,transaction - mobile,prd1198,Critical Illness Insurance,Insurance,Personal,debt,call center,2066.69,1
5af7f4da-8012-11ea-96f2-b88a60e194fb,transactionid:657863,crmid:8988996030,2020-03-28T23:21:50.000Z,transaction - mobile,prd1197,Business Card,Credit Card,Business,close,call center,2641.37,1
5af95464-8012-11ea-9ace-b88a60e194fb,transactionid:534221,crmid:5651793799,2020-03-30T14:41:40.000Z,transaction - mobile,prd1040,High Interest Savings,Savings,Personal,credit,call center,3217.25,1
5afab400-8012-11ea-ae34-b88a60e194fb,transactionid:228994,crmid:8872780709,2020-03-26T22:47:32.000Z,transaction - mobile,prd1008,Traditional IRA,Retirement,Personal,credit,mobile,1802.25,1
5afc61ba-8012-11ea-9a73-b88a60e194fb,transactionid:378678,crmid:5811180102,2020-03-27T21:06:47.000Z,transaction - mobile,prd1063,High Interest Savings,Savings,Personal,credit,ATM,3774.42,1
5afd9a28-8012-11ea-9ec9-b88a60e194fb,transactionid:626782,crmid:5507957966,2020-03-21T07:01:27.000Z,transaction - mobile,prd1124,CDs: 5 year,Investment,Personal,credit,mobile,3542.49,1
5aff20cc-8012-11ea-b9f3-b88a60e194fb,transactionid:659224,crmid:4817101527,2020-03-18T00:40:55.000Z,transaction - mobile,prd1035,Pension Account,Retirement,Personal,debt,call center,2585.46,1
5b00805c-8012-11ea-ae60-b88a60e194fb,transactionid:287795,crmid:1798037569,2020-03-17T11:56:52.000Z,transaction - mobile,prd1003,Premium Checking,Checking,Personal,credit,call center,3702.84,1
5b01e128-8012-11ea-aed4-b88a60e194fb,transactionid:422422,crmid:2187545533,2020-03-30T10:00:55.000Z,transaction - mobile,prd1180,529 College Savings,College Savings,Personal,credit,mobile,2766.12,1
5b033f8a-8012-11ea-b311-b88a60e194fb,transactionid:889454,crmid:5561994141,2020-03-18T11:18:40.000Z,transaction - mobile,prd1180,529 College Savings,College Savings,Personal,credit,call center,2903.23,1
5b049f1e-8012-11ea-91a6-b88a60e194fb,transactionid:199690,crmid:6033584069,2020-03-30T20:16:44.000Z,transaction - mobile,prd1191,Merchant Services Account,Merchant Services,Business,credit,mobile,3274.37,1
5b086fba-8012-11ea-bb51-b88a60e194fb,transactionid:180535,crmid:7017896962,2020-03-18T09:31:28.000Z,transaction - mobile,prd1147,Business Savings,Savings,Business,credit,call center,2812.66,1
5b09cf52-8012-11ea-8546-b88a60e194fb,transactionid:449342,crmid:1445476407,2020-03-16T15:43:09.000Z,transaction - mobile,prd1153,CDs: 1 year,Investment,Personal,credit,mobile,433400.73,1
5b0b091a-8012-11ea-8cf9-b88a60e194fb,transactionid:139888,crmid:5390459797,2020-03-28T21:24:50.000Z,transaction - mobile,prd1170,Mortgage Insurance,Insurance,Personal,credit,broker,2568.82,1
5b0c8e5c-8012-11ea-839c-b88a60e194fb,transactionid:320152,crmid:3668648071,2020-03-30T23:21:01.000Z,transaction - mobile,prd1190,Premium Checking,Checking,Personal,credit,call center,3242.36,1
5b0dedec-8012-11ea-a8cd-b88a60e194fb,transactionid:843613,crmid:3895924380,2020-03-31T07:18:01.000Z,transaction - mobile,prd1190,Premium Checking,Checking,Personal,credit,broker,4705.84,1
5b0f4d54-8012-11ea-a186-b88a60e194fb,transactionid:386106,crmid:5653144921,2020-03-25T09:40:40.000Z,transaction - mobile,prd1079,Mortgage: 30-yr Fixed,Mortgage,Personal,credit,call center,2221.17,1
