id,crmid,propensity_room_upgrade,propensity_extended_nights
d85370d8-914c-11ea-816d-b88a60e194fb,crmid:6006388801,8,3
d8551ee2-914c-11ea-8d35-b88a60e194fb,crmid:1914053314,9,4
d856a526-914c-11ea-bd4b-b88a60e194fb,crmid:3093929160,4,9
d858a0ee-914c-11ea-b736-b88a60e194fb,crmid:6673776533,9,6
d859eb8a-914c-11ea-af8f-b88a60e194fb,crmid:1674856713,4,5
d85b7364-914c-11ea-b414-b88a60e194fb,crmid:7160708798,3,3
d85ce562-914c-11ea-b8d3-b88a60e194fb,crmid:8319689946,8,2
d85e7f7e-914c-11ea-9fa9-b88a60e194fb,crmid:1955576925,3,5
d85ff348-914c-11ea-b23e-b88a60e194fb,crmid:2881229639,3,4
d861538c-914c-11ea-b850-b88a60e194fb,crmid:2471584206,4,8
d863fdc0-914c-11ea-bd81-b88a60e194fb,crmid:4868594496,8,3
d865f988-914c-11ea-8d19-b88a60e194fb,crmid:1082969861,9,3
d867cf94-914c-11ea-b5f1-b88a60e194fb,crmid:6022698792,7,5
d8692f1c-914c-11ea-8e54-b88a60e194fb,crmid:7780799550,9,5
d86f9ef0-914c-11ea-af74-b88a60e194fb,crmid:8730122262,4,5
d871139c-914c-11ea-8d87-b88a60e194fb,crmid:2317384844,4,4
d87272e2-914c-11ea-8895-b88a60e194fb,crmid:7612935326,3,4
d8740d08-914c-11ea-95ed-b88a60e194fb,crmid:6650444403,8,5
d8765654-914c-11ea-8040-b88a60e194fb,crmid:2142733627,9,3
d877c94a-914c-11ea-963d-b88a60e194fb,crmid:6665832771,6,3
d8799de6-914c-11ea-b2ae-b88a60e194fb,crmid:7437993400,6,5
d87c5c70-914c-11ea-b6fc-b88a60e194fb,crmid:1604559234,4,8
d87e44e2-914c-11ea-9d94-b88a60e194fb,crmid:5019905598,8,2
d893c892-914c-11ea-b98e-b88a60e194fb,crmid:2775830187,9,4
d89612a2-914c-11ea-8c8b-b88a60e194fb,crmid:8676311851,4,3
d8977212-914c-11ea-8fdd-b88a60e194fb,crmid:3940589257,8,5
d89946d2-914c-11ea-bd0b-b88a60e194fb,crmid:5439447082,4,8
d89aa64c-914c-11ea-a7b2-b88a60e194fb,crmid:5011853579,8,3
d89c05fa-914c-11ea-9fad-b88a60e194fb,crmid:4591141727,5,5
d89da0da-914c-11ea-bb8e-b88a60e194fb,crmid:7427945365,3,5
d89f6292-914c-11ea-8f09-b88a60e194fb,crmid:9963745059,5,4
d8a0adcc-914c-11ea-9fb4-b88a60e194fb,crmid:2507521728,4,4
d8a20d6e-914c-11ea-9d67-b88a60e194fb,crmid:8955596505,4,6
d8a35a2e-914c-11ea-8e83-b88a60e194fb,crmid:4151091017,10,4
d8a52d7a-914c-11ea-b011-b88a60e194fb,crmid:4849690992,3,6
d8a66768-914c-11ea-ac23-b88a60e194fb,crmid:9230606972,3,6
d8a7ecae-914c-11ea-9f5e-b88a60e194fb,crmid:2222086014,5,9
d8a9748c-914c-11ea-8105-b88a60e194fb,crmid:7445549468,5,3
d8aad424-914c-11ea-b831-b88a60e194fb,crmid:7736968348,4,3
d8ace2b6-914c-11ea-bbd8-b88a60e194fb,crmid:2834908055,4,4
d8aea498-914c-11ea-b6b6-b88a60e194fb,crmid:5611132767,7,3
d8b002f4-914c-11ea-ab37-b88a60e194fb,crmid:3704142337,5,4
d8b18aec-914c-11ea-a1e9-b88a60e194fb,crmid:7178281711,7,4
d8b2e8f4-914c-11ea-a683-b88a60e194fb,crmid:9823517228,3,5
d8b49810-914c-11ea-a12c-b88a60e194fb,crmid:8999139865,8,5
d8c7d6e8-914c-11ea-b7ea-b88a60e194fb,crmid:7262742953,3,4
d8c984ca-914c-11ea-8d8e-b88a60e194fb,crmid:3358698913,7,4
d8cb3258-914c-11ea-909d-b88a60e194fb,crmid:2763072154,9,4
d8e495ec-914c-11ea-a6d2-b88a60e194fb,crmid:7209763208,7,3
d8e62f06-914c-11ea-8a9c-b88a60e194fb,crmid:7417131816,5,4
d8e7dcbe-914c-11ea-ae5c-b88a60e194fb,crmid:2632061576,5,9
d8e96474-914c-11ea-8ba5-b88a60e194fb,crmid:6647600747,4,9
d8faa924-914c-11ea-affa-b88a60e194fb,crmid:5207548622,9,5
d8fc6bc0-914c-11ea-be1a-b88a60e194fb,crmid:9786629426,8,3
d8fe3f06-914c-11ea-8051-b88a60e194fb,crmid:1598205766,8,5
d8ffd97e-914c-11ea-adc0-b88a60e194fb,crmid:8587652492,9,2
d9018834-914c-11ea-9b51-b88a60e194fb,crmid:6826463570,4,4
d9030f12-914c-11ea-8c9a-b88a60e194fb,crmid:6223527849,8,3
d904bb38-914c-11ea-abc9-b88a60e194fb,crmid:8739727327,2,4
d906b70a-914c-11ea-99f4-b88a60e194fb,crmid:7409923299,3,3
d908ed5c-914c-11ea-b0b4-b88a60e194fb,crmid:3361466925,5,8
d90a6064-914c-11ea-ad5a-b88a60e194fb,crmid:9559340438,7,5
d90bd3a8-914c-11ea-bd32-b88a60e194fb,crmid:7992049692,7,3
d90d812e-914c-11ea-bc30-b88a60e194fb,crmid:6424397122,3,4
d90f1c08-914c-11ea-8472-b88a60e194fb,crmid:1239334054,7,6
d910b5a4-914c-11ea-b47e-b88a60e194fb,crmid:8160820242,4,7
d9123d9c-914c-11ea-9223-b88a60e194fb,crmid:2547966472,4,3
d9139d28-914c-11ea-a2cb-b88a60e194fb,crmid:4749944551,6,5
d9152276-914c-11ea-b877-b88a60e194fb,crmid:9973164595,4,9
d9170a88-914c-11ea-b362-b88a60e194fb,crmid:6144652942,7,4
d9187f2c-914c-11ea-a9e8-b88a60e194fb,crmid:9403329451,4,9
d91a65f6-914c-11ea-914f-b88a60e194fb,crmid:6720742120,9,4
d91beca6-914c-11ea-8ce6-b88a60e194fb,crmid:3255181581,5,8
d91d86ee-914c-11ea-a6f8-b88a60e194fb,crmid:9282950247,4,5
d91f348a-914c-11ea-b7b6-b88a60e194fb,crmid:4526087913,8,5
d92080a2-914c-11ea-84ff-b88a60e194fb,crmid:9495217972,5,3
d922553e-914c-11ea-9079-b88a60e194fb,crmid:8418717072,7,4
d924b2d4-914c-11ea-8b5a-b88a60e194fb,crmid:8947480864,7,5
d9264e28-914c-11ea-9df9-b88a60e194fb,crmid:2947923196,7,4
d927869a-914c-11ea-9a93-b88a60e194fb,crmid:1923825326,9,3
d9295a26-914c-11ea-8330-b88a60e194fb,crmid:3166305892,3,4
d92b909c-914c-11ea-8723-b88a60e194fb,crmid:4287445078,7,5
d92d0394-914c-11ea-b5fe-b88a60e194fb,crmid:9369707217,4,2
d92e6392-914c-11ea-899e-b88a60e194fb,crmid:5567890833,7,4
d9302452-914c-11ea-827a-b88a60e194fb,crmid:5937691903,8,4
d940ba46-914c-11ea-9304-b88a60e194fb,crmid:3080111100,7,4
d9420766-914c-11ea-b60b-b88a60e194fb,crmid:5325927173,4,7
d9437a82-914c-11ea-b2c4-b88a60e194fb,crmid:2173462114,3,5
d9451336-914c-11ea-827a-b88a60e194fb,crmid:1785093759,7,5
d946d4b8-914c-11ea-a1fe-b88a60e194fb,crmid:1710164488,6,3
d94821ca-914c-11ea-ba9f-b88a60e194fb,crmid:4750194562,5,8
d94993a6-914c-11ea-af5d-b88a60e194fb,crmid:2972341577,6,3
d94c1840-914c-11ea-9e25-b88a60e194fb,crmid:7048378885,5,3
d94d658c-914c-11ea-b1ed-b88a60e194fb,crmid:2773287209,4,4
d94f4d12-914c-11ea-84af-b88a60e194fb,crmid:7876372130,6,5
d950e6a6-914c-11ea-a459-b88a60e194fb,crmid:8103431927,8,4
d952462e-914c-11ea-bd36-b88a60e194fb,crmid:5267867659,8,5
d9541af4-914c-11ea-ad30-b88a60e194fb,crmid:7489492944,7,4
d9557b9c-914c-11ea-9b44-b88a60e194fb,crmid:3876558754,9,3
d9574f52-914c-11ea-89fe-b88a60e194fb,crmid:8057372527,6,3
d95a359c-914c-11ea-b563-b88a60e194fb,crmid:4418001688,7,5
d95c1ef4-914c-11ea-be5f-b88a60e194fb,crmid:4041172941,5,4
d95e53ee-914c-11ea-a07e-b88a60e194fb,crmid:9078048191,5,9
d95fc724-914c-11ea-a286-b88a60e194fb,crmid:5172341489,4,4
d9616124-914c-11ea-aa9e-b88a60e194fb,crmid:3038901329,9,4
d962d43a-914c-11ea-90ec-b88a60e194fb,crmid:8533621039,4,9
d9645ad8-914c-11ea-9260-b88a60e194fb,crmid:5977377163,9,4
d965e1ae-914c-11ea-9293-b88a60e194fb,crmid:1497145652,6,3
d9675600-914c-11ea-a95b-b88a60e194fb,crmid:5525039031,10,5
d968b4c6-914c-11ea-bd27-b88a60e194fb,crmid:8756002665,6,8
d96a2906-914c-11ea-a4cd-b88a60e194fb,crmid:9748070502,3,4
d96b87fe-914c-11ea-8a90-b88a60e194fb,crmid:2199443565,5,2
d96cfa10-914c-11ea-854b-b88a60e194fb,crmid:6534284263,3,5
d9713fb0-914c-11ea-b2d2-b88a60e194fb,crmid:7782722869,7,3
d972a086-914c-11ea-b3c6-b88a60e194fb,crmid:8174012063,5,6
d973d91c-914c-11ea-a539-b88a60e194fb,crmid:6818162428,8,3
d9755e76-914c-11ea-9d93-b88a60e194fb,crmid:4226290864,8,3
d97fe5a8-914c-11ea-9abc-b88a60e194fb,crmid:5384105020,9,2
d9814518-914c-11ea-a2f7-b88a60e194fb,crmid:5562360150,4,3
d982a54c-914c-11ea-8aa2-b88a60e194fb,crmid:7784720283,8,6
d9843eee-914c-11ea-9538-b88a60e194fb,crmid:7272518353,5,3
d985b346-914c-11ea-b429-b88a60e194fb,crmid:5096922225,8,4
d9871200-914c-11ea-ab36-b88a60e194fb,crmid:4446460739,4,3
d988f9ec-914c-11ea-9130-b88a60e194fb,crmid:9905366476,3,4
d98a81ae-914c-11ea-a594-b88a60e194fb,crmid:4578030807,6,3
d98bdfca-914c-11ea-8a53-b88a60e194fb,crmid:8911178423,8,4
d98d8d7a-914c-11ea-b7c6-b88a60e194fb,crmid:5478408461,4,2
d98f140c-914c-11ea-8dc5-b88a60e194fb,crmid:3534177745,9,6
d990ae3e-914c-11ea-8234-b88a60e194fb,crmid:2675702213,8,4
d99234d4-914c-11ea-bce3-b88a60e194fb,crmid:9860801917,4,5
d9940b08-914c-11ea-959d-b88a60e194fb,crmid:8662433154,9,5
d9955700-914c-11ea-bc6c-b88a60e194fb,crmid:3192523185,5,10
d9972a52-914c-11ea-91ac-b88a60e194fb,crmid:5347598049,10,6
d998b276-914c-11ea-ac96-b88a60e194fb,crmid:9557608725,7,4
d99a390c-914c-11ea-9f9c-b88a60e194fb,crmid:2048730527,4,5
d99bbf98-914c-11ea-a65b-b88a60e194fb,crmid:3954390716,6,4
d99d80d8-914c-11ea-967e-b88a60e194fb,crmid:4636856835,3,6
d99f19c2-914c-11ea-8146-b88a60e194fb,crmid:9001847626,8,5
d9a1c578-914c-11ea-a0c1-b88a60e194fb,crmid:4817210709,7,2
d9a3382e-914c-11ea-b8ee-b88a60e194fb,crmid:4750152640,3,4
d9a497c2-914c-11ea-a779-b88a60e194fb,crmid:5025187325,4,4
d9a631ee-914c-11ea-95b5-b88a60e194fb,crmid:5275819092,4,3
d9a7a4fa-914c-11ea-a715-b88a60e194fb,crmid:6525569640,9,4
d9a92bfa-914c-11ea-8cd7-b88a60e194fb,crmid:6719986405,2,4
d9aac5f0-914c-11ea-b5bd-b88a60e194fb,crmid:5532780117,7,5
d9ace8a4-914c-11ea-8bc9-b88a60e194fb,crmid:6093862196,3,6
d9ae5bbe-914c-11ea-9bfb-b88a60e194fb,crmid:8693426343,7,5
d9b07fde-914c-11ea-8020-b88a60e194fb,crmid:1388527350,8,5
d9b26712-914c-11ea-997f-b88a60e194fb,crmid:4901085897,4,6
d9b3ed7a-914c-11ea-bdb1-b88a60e194fb,crmid:5852107725,7,3
d9b56088-914c-11ea-9ce4-b88a60e194fb,crmid:4876900261,4,8
d9b6d39e-914c-11ea-87b5-b88a60e194fb,crmid:1850309467,4,4
d9c023cc-914c-11ea-999b-b88a60e194fb,crmid:2747289502,4,7
d9c1bdfa-914c-11ea-a446-b88a60e194fb,crmid:1583274202,9,4
d9c3cc00-914c-11ea-ad06-b88a60e194fb,crmid:4676704478,9,6
d9c5b43e-914c-11ea-9a3c-b88a60e194fb,crmid:5603363145,2,8
d9c7891e-914c-11ea-af2d-b88a60e194fb,crmid:1815983933,3,9
d9c924e4-914c-11ea-ae10-b88a60e194fb,crmid:4582943263,4,8
d9caab40-914c-11ea-bf95-b88a60e194fb,crmid:6428564054,9,5
d9cc1cde-914c-11ea-a7b4-b88a60e194fb,crmid:9282453903,8,5
d9cd9092-914c-11ea-a3cb-b88a60e194fb,crmid:9371199590,9,5
d9ceef86-914c-11ea-896d-b88a60e194fb,crmid:8087269661,4,8
d9d08ac8-914c-11ea-adbb-b88a60e194fb,crmid:6673288954,8,2
d9d271c6-914c-11ea-b3ec-b88a60e194fb,crmid:3444602684,5,9
d9d4960c-914c-11ea-84f3-b88a60e194fb,crmid:6602736705,5,4
d9d6303a-914c-11ea-8107-b88a60e194fb,crmid:1095332817,4,5
d9d7c8e8-914c-11ea-900f-b88a60e194fb,crmid:5358614810,3,3
d9d950be-914c-11ea-9021-b88a60e194fb,crmid:8323234871,4,8
d9dad762-914c-11ea-8fc9-b88a60e194fb,crmid:4260549636,10,2
d9dc100a-914c-11ea-a0fb-b88a60e194fb,crmid:6162434858,4,4
d9dd831e-914c-11ea-9989-b88a60e194fb,crmid:1085839333,8,4
d9dee2b4-914c-11ea-88fb-b88a60e194fb,crmid:9427560194,6,4
d9e0681c-914c-11ea-9edd-b88a60e194fb,crmid:3662369481,6,2
d9e1db4a-914c-11ea-ab45-b88a60e194fb,crmid:9044575348,3,7
d9e388dc-914c-11ea-bf62-b88a60e194fb,crmid:8605065370,2,3
d9e57112-914c-11ea-a9bd-b88a60e194fb,crmid:9747564813,7,4
d9e7f592-914c-11ea-9d88-b88a60e194fb,crmid:9624828392,6,2
d9ea1874-914c-11ea-a88f-b88a60e194fb,crmid:1620984617,8,2
d9eb3eb6-914c-11ea-8aa2-b88a60e194fb,crmid:1191976004,4,4
d9eceb06-914c-11ea-b197-b88a60e194fb,crmid:3830069736,5,2
d9ee7318-914c-11ea-bf7d-b88a60e194fb,crmid:3141995401,6,5
d9efe640-914c-11ea-a99c-b88a60e194fb,crmid:9511938397,9,5
d9fa4640-914c-11ea-82f9-b88a60e194fb,crmid:7111163553,8,2
d9fba5d2-914c-11ea-97b1-b88a60e194fb,crmid:5755622980,3,5
d9fcf080-914c-11ea-8619-b88a60e194fb,crmid:1830179526,3,3
d9fe64a6-914c-11ea-8297-b88a60e194fb,crmid:9886081912,4,3
d9ffea36-914c-11ea-b956-b88a60e194fb,crmid:2357132470,6,6
da0198ca-914c-11ea-a956-b88a60e194fb,crmid:3941962249,7,5
da02f75c-914c-11ea-b579-b88a60e194fb,crmid:3970188091,6,8
da08940c-914c-11ea-b25b-b88a60e194fb,crmid:3417672328,10,5
da09cd7e-914c-11ea-aa0b-b88a60e194fb,crmid:8128538552,4,4
da0b67c8-914c-11ea-817e-b88a60e194fb,crmid:9003582044,7,5
da0d155c-914c-11ea-8f8b-b88a60e194fb,crmid:7333462329,4,8
da0e7538-914c-11ea-806c-b88a60e194fb,crmid:7189909729,4,4
da0ffc1a-914c-11ea-931a-b88a60e194fb,crmid:2813740193,3,8
da11480a-914c-11ea-884c-b88a60e194fb,crmid:8587864259,9,5
da131cbe-914c-11ea-93c4-b88a60e194fb,crmid:9172553938,8,4
da14dca2-914c-11ea-b5a8-b88a60e194fb,crmid:7292018839,4,8
da1629ec-914c-11ea-881a-b88a60e194fb,crmid:8320695605,4,8
da17c41e-914c-11ea-ab75-b88a60e194fb,crmid:8609984886,7,4
