id,crmid,propensity_score_credit_cards,suggested_credit_card,propensity_score_loan,suggested_loan
813016a2-4be1-11ea-bd9b-b88a60e194fb-1-ps,crmid:1220480462,6,Travel Card,4,Business Loan
8131010c-4be1-11ea-9b85-b88a60e194fb-1-ps,crmid:6303849688,3,Travel Card,9,Auto Loan
8131eb5c-4be1-11ea-9ef1-b88a60e194fb-1-ps,crmid:3224971644,2,Student Card,4,Auto Loan
8132ae9c-4be1-11ea-8a5e-b88a60e194fb-1-ps,crmid:8975021423,6,Business Card,3,Personal Loan
81337286-4be1-11ea-baa9-b88a60e194fb-1-ps,crmid:5688710507,5,Simplicity Card,6,Personal Loan
8134835a-4be1-11ea-a651-b88a60e194fb-1-ps,crmid:9613151321,3,Simplicity Card,4,Business Loan
813546b4-4be1-11ea-a7b5-b88a60e194fb-1-ps,crmid:5031751199,4,Simplicity Card,3,Student Loan
8181b9e4-4be1-11ea-8835-b88a60e194fb-1-ps,crmid:7284107512,3,Business Card,2,Auto Loan
8182a342-4be1-11ea-a748-b88a60e194fb-1-ps,crmid:4566173489,3,Platinum Card,4,Student Loan
818367ca-4be1-11ea-a752-b88a60e194fb-1-ps,crmid:9585276146,3,Rewards Card,3,Personal Loan
818451f0-4be1-11ea-869e-b88a60e194fb-1-ps,crmid:1328692682,4,Simplicity Card,4,Personal Loan
818562e2-4be1-11ea-841f-b88a60e194fb-1-ps,crmid:8754976667,3,Business Card,6,Personal Loan
818626dc-4be1-11ea-834f-b88a60e194fb-1-ps,crmid:8928636657,5,Business Card,4,Personal Loan
81870ff8-4be1-11ea-b043-b88a60e194fb-1-ps,crmid:9533390798,3,Platinum Card,5,Personal Loan
81d026f0-4be1-11ea-afc0-b88a60e194fb-1-ps,crmid:6359378302,3,Travel Card,5,Personal Loan
81d11158-4be1-11ea-9520-b88a60e194fb-1-ps,crmid:2302125686,9,Simplicity Card,5,Auto Loan
81d1d4a4-4be1-11ea-bf58-b88a60e194fb-1-ps,crmid:5232129422,3,Platinum Card,7,Business Loan
81d2e5fa-4be1-11ea-91a7-b88a60e194fb-1-ps,crmid:9971060353,5,Business Card,3,Student Loan
81d3a958-4be1-11ea-8a71-b88a60e194fb-1-ps,crmid:4636345578,5,Travel Card,4,Auto Loan
81d46c92-4be1-11ea-bc12-b88a60e194fb-1-ps,crmid:6479440097,5,Student Card,3,Personal Loan
81d55706-4be1-11ea-95b4-b88a60e194fb-1-ps,crmid:9768067383,3,Travel Card,4,Personal Loan
82201b82-4be1-11ea-9e0e-b88a60e194fb-1-ps,crmid:1314320988,3,Business Card,9,Personal Loan
822105c0-4be1-11ea-a6b9-b88a60e194fb-1-ps,crmid:5688980543,5,Simplicity Card,3,Student Loan
8222171c-4be1-11ea-ba52-b88a60e194fb-1-ps,crmid:6856219374,5,Platinum Card,6,Auto Loan
8222dbcc-4be1-11ea-8d68-b88a60e194fb-1-ps,crmid:6230403544,4,Travel Card,4,Auto Loan
8223c6fe-4be1-11ea-a53c-b88a60e194fb-1-ps,crmid:3026839547,6,Rewards Card,4,Auto Loan
8224b0a6-4be1-11ea-a917-b88a60e194fb-1-ps,crmid:6546977184,5,Rewards Card,5,Student Loan
8225c21c-4be1-11ea-98b2-b88a60e194fb-1-ps,crmid:2550378591,4,Platinum Card,3,Personal Loan
826eb1e6-4be1-11ea-86f8-b88a60e194fb-1-ps,crmid:1336043012,4,Platinum Card,2,Personal Loan
826f9c46-4be1-11ea-a7ec-b88a60e194fb-1-ps,crmid:8771490859,5,Business Card,4,Auto Loan
82708648-4be1-11ea-9261-b88a60e194fb-1-ps,crmid:5143435501,3,Rewards Card,5,Business Loan
827122c8-4be1-11ea-aad2-b88a60e194fb-1-ps,crmid:6257411859,4,Rewards Card,3,Personal Loan
82723402-4be1-11ea-bcca-b88a60e194fb-1-ps,crmid:6001779519,5,Rewards Card,6,Personal Loan
8272f72e-4be1-11ea-9206-b88a60e194fb-1-ps,crmid:9920099487,4,Simplicity Card,3,Personal Loan
8273e1a4-4be1-11ea-8c4b-b88a60e194fb-1-ps,crmid:3479276277,5,Platinum Card,4,Personal Loan
82bd46ec-4be1-11ea-9fc8-b88a60e194fb-1-ps,crmid:6789239832,3,Dividend Card,4,Auto Loan
82be2fe8-4be1-11ea-90b3-b88a60e194fb-1-ps,crmid:1531320633,4,Student Card,3,Personal Loan
82bef48c-4be1-11ea-9406-b88a60e194fb-1-ps,crmid:2674798207,5,Platinum Card,6,Student Loan
82bfb7d2-4be1-11ea-98f2-b88a60e194fb-1-ps,crmid:4376984473,4,Rewards Card,5,Student Loan
82c07b24-4be1-11ea-b7f9-b88a60e194fb-1-ps,crmid:1122118562,4,Business Card,4,Personal Loan
82c13e74-4be1-11ea-99ef-b88a60e194fb-1-ps,crmid:3699456411,5,Platinum Card,3,Personal Loan
82c2278c-4be1-11ea-a00a-b88a60e194fb-1-ps,crmid:7542549105,5,Platinum Card,8,Student Loan
830d141e-4be1-11ea-9d9d-b88a60e194fb-1-ps,crmid:9005986319,2,Business Card,6,Business Loan
830dfe86-4be1-11ea-8edf-b88a60e194fb-1-ps,crmid:4535238997,6,Rewards Card,4,Business Loan
830ec0fa-4be1-11ea-b369-b88a60e194fb-1-ps,crmid:3106867270,3,Business Card,5,Personal Loan
830f840a-4be1-11ea-bf9f-b88a60e194fb-1-ps,crmid:6321754894,3,Dividend Card,3,Auto Loan
831048ae-4be1-11ea-a48a-b88a60e194fb-1-ps,crmid:8415295014,6,Student Card,3,Auto Loan
831158c8-4be1-11ea-8f9f-b88a60e194fb-1-ps,crmid:4473250463,4,Simplicity Card,5,Student Loan
83121d70-4be1-11ea-b05e-b88a60e194fb-1-ps,crmid:9498114849,4,Simplicity Card,5,Personal Loan
835b345a-4be1-11ea-928c-b88a60e194fb-1-ps,crmid:6667409828,3,Business Card,4,Auto Loan
835c1edc-4be1-11ea-95da-b88a60e194fb-1-ps,crmid:2936986481,5,Simplicity Card,4,Auto Loan
835ce222-4be1-11ea-a74d-b88a60e194fb-1-ps,crmid:5157769613,4,Student Card,4,Auto Loan
835da3ee-4be1-11ea-ad13-b88a60e194fb-1-ps,crmid:4170616660,5,Travel Card,4,Personal Loan
835e6738-4be1-11ea-80b1-b88a60e194fb-1-ps,crmid:3981355563,5,Simplicity Card,3,Personal Loan
835f520c-4be1-11ea-b2fb-b88a60e194fb-1-ps,crmid:1613955521,4,Platinum Card,8,Personal Loan
83601640-4be1-11ea-af25-b88a60e194fb-1-ps,crmid:5474668960,5,Platinum Card,5,Student Loan
83ac6002-4be1-11ea-8a2d-b88a60e194fb-1-ps,crmid:7394815442,4,Rewards Card,8,Auto Loan
83ad24e4-4be1-11ea-84f3-b88a60e194fb-1-ps,crmid:7973574472,5,Simplicity Card,5,Personal Loan
83ae0dca-4be1-11ea-99e3-b88a60e194fb-1-ps,crmid:4219800921,4,Business Card,4,Business Loan
83aed278-4be1-11ea-a312-b88a60e194fb-1-ps,crmid:4184537641,4,Student Card,4,Auto Loan
83af9474-4be1-11ea-85b4-b88a60e194fb-1-ps,crmid:2873023298,5,Business Card,5,Auto Loan
83b058f8-4be1-11ea-a5df-b88a60e194fb-1-ps,crmid:4533889974,5,Platinum Card,4,Business Loan
83b16918-4be1-11ea-8504-b88a60e194fb-1-ps,crmid:6759588537,4,Dividend Card,3,Auto Loan
83fe5062-4be1-11ea-a746-b88a60e194fb-1-ps,crmid:3802600336,6,Travel Card,5,Business Loan
83ff3aca-4be1-11ea-a15b-b88a60e194fb-1-ps,crmid:8120967427,5,Travel Card,4,Business Loan
83fffe18-4be1-11ea-8081-b88a60e194fb-1-ps,crmid:4389367999,4,Student Card,3,Personal Loan
8400e878-4be1-11ea-a7ea-b88a60e194fb-1-ps,crmid:4688235833,5,Travel Card,4,Personal Loan
8401abca-4be1-11ea-a57a-b88a60e194fb-1-ps,crmid:7787284017,5,Travel Card,5,Personal Loan
8402978c-4be1-11ea-8f89-b88a60e194fb-1-ps,crmid:4964463292,4,Dividend Card,4,Personal Loan
84035ac2-4be1-11ea-8498-b88a60e194fb-1-ps,crmid:8556095028,3,Platinum Card,5,Student Loan
844d33dc-4be1-11ea-864f-b88a60e194fb-1-ps,crmid:1783703528,5,Simplicity Card,4,Student Loan
844e1e30-4be1-11ea-acd9-b88a60e194fb-1-ps,crmid:7996335522,5,Rewards Card,4,Business Loan
844ee2c8-4be1-11ea-8045-b88a60e194fb-1-ps,crmid:3461668796,5,Dividend Card,3,Student Loan
844fa570-4be1-11ea-a577-b88a60e194fb-1-ps,crmid:1774981146,5,Platinum Card,5,Personal Loan
84508f18-4be1-11ea-9f6d-b88a60e194fb-1-ps,crmid:9867241766,8,Rewards Card,4,Personal Loan
84512c9e-4be1-11ea-9c8f-b88a60e194fb-1-ps,crmid:7234177046,5,Rewards Card,3,Personal Loan
8451eff0-4be1-11ea-9f51-b88a60e194fb-1-ps,crmid:6274043844,3,Student Card,3,Auto Loan
849d2864-4be1-11ea-b8a7-b88a60e194fb-1-ps,crmid:3175593832,4,Student Card,3,Personal Loan
849debb4-4be1-11ea-a94c-b88a60e194fb-1-ps,crmid:5873600495,3,Business Card,5,Personal Loan
849ed60a-4be1-11ea-8710-b88a60e194fb-1-ps,crmid:9839290566,3,Platinum Card,2,Student Loan
849f9a9e-4be1-11ea-8618-b88a60e194fb-1-ps,crmid:7067307049,4,Business Card,5,Student Loan
84a05cac-4be1-11ea-b833-b88a60e194fb-1-ps,crmid:5503166087,4,Business Card,5,Auto Loan
84a1470c-4be1-11ea-bcda-b88a60e194fb-1-ps,crmid:1576047403,4,Dividend Card,5,Personal Loan
84a2314c-4be1-11ea-a807-b88a60e194fb-1-ps,crmid:7638802512,4,Dividend Card,4,Student Loan
84ecf602-4be1-11ea-be74-b88a60e194fb-1-ps,crmid:7277346034,4,Rewards Card,3,Auto Loan
84ede066-4be1-11ea-af67-b88a60e194fb-1-ps,crmid:6117891689,5,Rewards Card,4,Personal Loan
84eecaa4-4be1-11ea-9058-b88a60e194fb-1-ps,crmid:9828279940,6,Rewards Card,4,Business Loan
84ef8eae-4be1-11ea-809c-b88a60e194fb-1-ps,crmid:9459145869,5,Rewards Card,4,Personal Loan
84f051ae-4be1-11ea-bebf-b88a60e194fb-1-ps,crmid:8975021423,2,Simplicity Card,5,Auto Loan
84f11474-4be1-11ea-a123-b88a60e194fb-1-ps,crmid:6606686149,5,Simplicity Card,6,Business Loan
84f1fec8-4be1-11ea-ba11-b88a60e194fb-1-ps,crmid:6534228158,6,Dividend Card,3,Personal Loan
8541a592-4be1-11ea-9200-b88a60e194fb-1-ps,crmid:5602284249,5,Simplicity Card,3,Auto Loan
85428fda-4be1-11ea-aeb7-b88a60e194fb-1-ps,crmid:9121198840,4,Simplicity Card,5,Auto Loan
85435330-4be1-11ea-a3f1-b88a60e194fb-1-ps,crmid:4640759962,4,Rewards Card,2,Personal Loan
8544167a-4be1-11ea-81f1-b88a60e194fb-1-ps,crmid:1094406108,4,Simplicity Card,5,Business Loan
8544d9c0-4be1-11ea-98cb-b88a60e194fb-1-ps,crmid:2888485504,4,Platinum Card,4,Student Loan
85459e58-4be1-11ea-9f56-b88a60e194fb-1-ps,crmid:4525858675,5,Student Card,6,Business Loan
8546877e-4be1-11ea-8487-b88a60e194fb-1-ps,crmid:8027013676,3,Simplicity Card,5,Business Loan
85932208-4be1-11ea-9d4b-b88a60e194fb-1-ps,crmid:8328388845,3,Student Card,6,Business Loan
85940c76-4be1-11ea-a53e-b88a60e194fb-1-ps,crmid:4092779758,4,Simplicity Card,5,Auto Loan
8594f55c-4be1-11ea-8db0-b88a60e194fb-1-ps,crmid:4248175506,5,Platinum Card,4,Personal Loan
8595ba14-4be1-11ea-8954-b88a60e194fb-1-ps,crmid:9629042915,4,Dividend Card,4,Personal Loan
85967d5a-4be1-11ea-967f-b88a60e194fb-1-ps,crmid:1017746152,3,Student Card,6,Student Loan
859802b0-4be1-11ea-bbc7-b88a60e194fb-1-ps,crmid:3914956972,4,Travel Card,3,Personal Loan
8599140a-4be1-11ea-875a-b88a60e194fb-1-ps,crmid:2685473211,4,Travel Card,5,Personal Loan
85e58764-4be1-11ea-9bf4-b88a60e194fb-1-ps,crmid:8544734205,4,Rewards Card,2,Auto Loan
85e671b4-4be1-11ea-9f2e-b88a60e194fb-1-ps,crmid:8119059327,3,Business Card,5,Business Loan
85e7354a-4be1-11ea-8459-b88a60e194fb-1-ps,crmid:2836779445,4,Simplicity Card,3,Personal Loan
85e7f88c-4be1-11ea-9e38-b88a60e194fb-1-ps,crmid:9613632915,4,Student Card,3,Personal Loan
85e9099c-4be1-11ea-89f5-b88a60e194fb-1-ps,crmid:7328137158,3,Dividend Card,4,Student Loan
85e9cbec-4be1-11ea-9fc8-b88a60e194fb-1-ps,crmid:1391938988,3,Rewards Card,4,Auto Loan
85eaded8-4be1-11ea-b439-b88a60e194fb-1-ps,crmid:9373467700,4,Student Card,8,Business Loan
8636b378-4be1-11ea-b52f-b88a60e194fb-1-ps,crmid:5202089394,3,Platinum Card,4,Business Loan
86377812-4be1-11ea-8a50-b88a60e194fb-1-ps,crmid:7930194486,3,Simplicity Card,9,Personal Loan
86386148-4be1-11ea-ae0b-b88a60e194fb-1-ps,crmid:4966766426,3,Student Card,5,Auto Loan
863925ae-4be1-11ea-8e96-b88a60e194fb-1-ps,crmid:6467502671,3,Business Card,2,Auto Loan
863a101c-4be1-11ea-a034-b88a60e194fb-1-ps,crmid:6723894063,3,Travel Card,4,Personal Loan
863ad36e-4be1-11ea-b44f-b88a60e194fb-1-ps,crmid:8483319738,4,Business Card,5,Personal Loan
863bbc6c-4be1-11ea-aeef-b88a60e194fb-1-ps,crmid:5490199009,4,Rewards Card,3,Personal Loan
8685bd8a-4be1-11ea-a9a6-b88a60e194fb-1-ps,crmid:9445278042,5,Platinum Card,3,Personal Loan
8686a982-4be1-11ea-b50f-b88a60e194fb-1-ps,crmid:4583108670,3,Business Card,5,Personal Loan
86879274-4be1-11ea-a72c-b88a60e194fb-1-ps,crmid:7473411262,3,Platinum Card,3,Personal Loan
8688574c-4be1-11ea-89e0-b88a60e194fb-1-ps,crmid:6444795876,3,Platinum Card,4,Personal Loan
8688f334-4be1-11ea-9025-b88a60e194fb-1-ps,crmid:7439159207,6,Simplicity Card,4,Auto Loan
8689b68c-4be1-11ea-b486-b88a60e194fb-1-ps,crmid:2724991629,5,Travel Card,4,Auto Loan
868aa094-4be1-11ea-972c-b88a60e194fb-1-ps,crmid:8123504773,5,Platinum Card,4,Personal Loan
86d7adf8-4be1-11ea-8459-b88a60e194fb-1-ps,crmid:4871345870,5,Student Card,9,Personal Loan
86d8714a-4be1-11ea-b8a5-b88a60e194fb-1-ps,crmid:7208380941,5,Business Card,7,Student Loan
86d95bae-4be1-11ea-b7ef-b88a60e194fb-1-ps,crmid:5648228724,5,Student Card,4,Personal Loan
86da1ef6-4be1-11ea-a6d9-b88a60e194fb-1-ps,crmid:4104860113,4,Travel Card,4,Student Loan
86db0958-4be1-11ea-9e16-b88a60e194fb-1-ps,crmid:7813847092,3,Business Card,3,Personal Loan
86dbcdf0-4be1-11ea-bab9-b88a60e194fb-1-ps,crmid:4758259299,4,Simplicity Card,7,Personal Loan
86dc916c-4be1-11ea-96cb-b88a60e194fb-1-ps,crmid:3941560535,3,Platinum Card,6,Personal Loan
8727f0e4-4be1-11ea-bae7-b88a60e194fb-1-ps,crmid:4342252607,5,Simplicity Card,3,Business Loan
8728dca2-4be1-11ea-8c2c-b88a60e194fb-1-ps,crmid:9256163016,3,Student Card,6,Business Loan
87299e86-4be1-11ea-99bf-b88a60e194fb-1-ps,crmid:5766165891,3,Simplicity Card,5,Personal Loan
872a61b0-4be1-11ea-8f14-b88a60e194fb-1-ps,crmid:3610436009,4,Simplicity Card,5,Student Loan
872b2502-4be1-11ea-ba52-b88a60e194fb-1-ps,crmid:5921030877,3,Business Card,6,Business Loan
872be852-4be1-11ea-b196-b88a60e194fb-1-ps,crmid:6457949969,4,Platinum Card,3,Personal Loan
872cd2b8-4be1-11ea-aeea-b88a60e194fb-1-ps,crmid:7354631716,4,Business Card,5,Student Loan
877ca052-4be1-11ea-9f2a-b88a60e194fb-1-ps,crmid:1086737883,8,Business Card,4,Personal Loan
877d8ac8-4be1-11ea-9849-b88a60e194fb-1-ps,crmid:9735899383,4,Rewards Card,4,Personal Loan
877e4f64-4be1-11ea-9f03-b88a60e194fb-1-ps,crmid:2074486383,2,Student Card,2,Personal Loan
877eeb98-4be1-11ea-953b-b88a60e194fb-1-ps,crmid:5811055384,5,Simplicity Card,3,Personal Loan
877fae98-4be1-11ea-99b7-b88a60e194fb-1-ps,crmid:4716127017,3,Business Card,6,Personal Loan
87807246-4be1-11ea-a04a-b88a60e194fb-1-ps,crmid:1407877361,6,Platinum Card,5,Personal Loan
87813580-4be1-11ea-adb5-b88a60e194fb-1-ps,crmid:2011816313,4,Dividend Card,4,Auto Loan
87cc94e2-4be1-11ea-81a7-b88a60e194fb-1-ps,crmid:3422778297,2,Simplicity Card,4,Business Loan
87cd583a-4be1-11ea-9d7d-b88a60e194fb-1-ps,crmid:2900016733,3,Simplicity Card,5,Personal Loan
87ce1b88-4be1-11ea-8486-b88a60e194fb-1-ps,crmid:5914441708,5,Travel Card,3,Personal Loan
87cf05d2-4be1-11ea-a630-b88a60e194fb-1-ps,crmid:6988011394,8,Student Card,6,Business Loan
87cfc930-4be1-11ea-bb30-b88a60e194fb-1-ps,crmid:7324760858,2,Business Card,3,Personal Loan
87d0b392-4be1-11ea-81fb-b88a60e194fb-1-ps,crmid:3212967611,3,Simplicity Card,2,Personal Loan
87d19dec-4be1-11ea-93dc-b88a60e194fb-1-ps,crmid:2819058548,5,Student Card,6,Personal Loan
881e5e52-4be1-11ea-86de-b88a60e194fb-1-ps,crmid:7571106896,3,Platinum Card,4,Auto Loan
881f48b4-4be1-11ea-8c21-b88a60e194fb-1-ps,crmid:1780068470,4,Business Card,6,Personal Loan
88203330-4be1-11ea-9e3c-b88a60e194fb-1-ps,crmid:4332262764,4,Platinum Card,4,Business Loan
8820f66e-4be1-11ea-a0f3-b88a60e194fb-1-ps,crmid:4159109606,3,Travel Card,5,Student Loan
8821ba4a-4be1-11ea-b5ec-b88a60e194fb-1-ps,crmid:5466053270,3,Rewards Card,4,Auto Loan
88227e52-4be1-11ea-a02c-b88a60e194fb-1-ps,crmid:1702614662,4,Student Card,6,Student Loan
882341b6-4be1-11ea-8a17-b88a60e194fb-1-ps,crmid:4359271273,5,Dividend Card,3,Personal Loan
886ec846-4be1-11ea-ae92-b88a60e194fb-1-ps,crmid:8677484363,3,Student Card,1,Auto Loan
886fb2a4-4be1-11ea-ac61-b88a60e194fb-1-ps,crmid:9932095226,4,Platinum Card,2,Personal Loan
887075ec-4be1-11ea-9c8a-b88a60e194fb-1-ps,crmid:7856464169,3,Platinum Card,3,Business Loan
8871601c-4be1-11ea-a89c-b88a60e194fb-1-ps,crmid:8823533939,8,Travel Card,4,Personal Loan
8872238c-4be1-11ea-96c7-b88a60e194fb-1-ps,crmid:4391980002,4,Business Card,5,Student Loan
88730dfe-4be1-11ea-8808-b88a60e194fb-1-ps,crmid:1761082892,4,Travel Card,6,Auto Loan
8873ab6e-4be1-11ea-8320-b88a60e194fb-1-ps,crmid:9426997471,3,Simplicity Card,3,Business Loan
88c1a2e8-4be1-11ea-8eb4-b88a60e194fb-1-ps,crmid:6488698138,9,Travel Card,5,Personal Loan
88c28d38-4be1-11ea-8a7c-b88a60e194fb-1-ps,crmid:7460775180,1,Platinum Card,4,Business Loan
88c3783a-4be1-11ea-9318-b88a60e194fb-1-ps,crmid:2549421850,5,Student Card,5,Personal Loan
88c461ec-4be1-11ea-ae64-b88a60e194fb-1-ps,crmid:3643277372,4,Travel Card,3,Business Loan
88c54c52-4be1-11ea-a693-b88a60e194fb-1-ps,crmid:9572026007,3,Platinum Card,5,Business Loan
88c60fa6-4be1-11ea-a742-b88a60e194fb-1-ps,crmid:7112336282,4,Rewards Card,3,Auto Loan
88c6fa10-4be1-11ea-a734-b88a60e194fb-1-ps,crmid:4484538350,5,Business Card,5,Personal Loan
89105f1c-4be1-11ea-b730-b88a60e194fb-1-ps,crmid:1422927527,4,Platinum Card,5,Business Loan
89114964-4be1-11ea-8f5e-b88a60e194fb-1-ps,crmid:1349723013,3,Platinum Card,6,Auto Loan
89120cc6-4be1-11ea-bf24-b88a60e194fb-1-ps,crmid:5428970171,5,Student Card,2,Student Loan
8912cffe-4be1-11ea-9147-b88a60e194fb-1-ps,crmid:5922828576,4,Business Card,4,Auto Loan
8913937e-4be1-11ea-9c93-b88a60e194fb-1-ps,crmid:1114737385,5,Simplicity Card,4,Auto Loan
8914a592-4be1-11ea-8948-b88a60e194fb-1-ps,crmid:7700093670,4,Business Card,3,Personal Loan
89156954-4be1-11ea-872a-b88a60e194fb-1-ps,crmid:8212107358,4,Business Card,2,Auto Loan
8966bc3a-4be1-11ea-b759-b88a60e194fb-1-ps,crmid:1475638374,3,Simplicity Card,5,Auto Loan
8967a68a-4be1-11ea-8051-b88a60e194fb-1-ps,crmid:3125008195,4,Platinum Card,4,Auto Loan
896890f0-4be1-11ea-9b41-b88a60e194fb-1-ps,crmid:2644958505,2,Simplicity Card,5,Business Loan
89695464-4be1-11ea-8b1b-b88a60e194fb-1-ps,crmid:2939509460,3,Platinum Card,5,Business Loan
896a6662-4be1-11ea-a510-b88a60e194fb-1-ps,crmid:1659184539,3,Travel Card,3,Business Loan
896b5012-4be1-11ea-b392-b88a60e194fb-1-ps,crmid:5653209397,4,Student Card,5,Business Loan
896c3a70-4be1-11ea-9414-b88a60e194fb-1-ps,crmid:3095745032,6,Student Card,3,Business Loan
89b838dc-4be1-11ea-a49b-b88a60e194fb-1-ps,crmid:2375358964,5,Platinum Card,3,Student Loan
89b92352-4be1-11ea-9cc0-b88a60e194fb-1-ps,crmid:2804473552,5,Rewards Card,4,Personal Loan
89b9e54c-4be1-11ea-a89f-b88a60e194fb-1-ps,crmid:3795107916,3,Business Card,3,Business Loan
89baa976-4be1-11ea-8be0-b88a60e194fb-1-ps,crmid:3864709275,4,Dividend Card,7,Personal Loan
89bb6bd0-4be1-11ea-9280-b88a60e194fb-1-ps,crmid:3588089030,4,Business Card,4,Auto Loan
89bc5658-4be1-11ea-adb7-b88a60e194fb-1-ps,crmid:3639209441,3,Rewards Card,3,Personal Loan
89bd408c-4be1-11ea-bb00-b88a60e194fb-1-ps,crmid:3484116765,3,Student Card,3,Student Loan
8a0a5070-4be1-11ea-b409-b88a60e194fb-1-ps,crmid:3511034923,5,Rewards Card,3,Auto Loan
8a0b605c-4be1-11ea-bd99-b88a60e194fb-1-ps,crmid:1540248643,4,Platinum Card,5,Student Loan
8a0c23b0-4be1-11ea-bcd3-b88a60e194fb-1-ps,crmid:8184226975,4,Travel Card,4,Business Loan
8a0d0e0c-4be1-11ea-8ed0-b88a60e194fb-1-ps,crmid:2798499676,4,Rewards Card,3,Auto Loan
8a0dd15c-4be1-11ea-a5cd-b88a60e194fb-1-ps,crmid:5098558983,3,Travel Card,5,Personal Loan
8a0e9492-4be1-11ea-a8fe-b88a60e194fb-1-ps,crmid:7610273228,4,Rewards Card,6,Auto Loan
8a0f57f8-4be1-11ea-9296-b88a60e194fb-1-ps,crmid:1309581304,2,Dividend Card,3,Business Loan
8a5ae154-4be1-11ea-ab5e-b88a60e194fb-1-ps,crmid:3357022773,4,Platinum Card,6,Student Loan
8a5bcb8c-4be1-11ea-b8e0-b88a60e194fb-1-ps,crmid:2678178003,4,Simplicity Card,7,Business Loan
8a5c8d9c-4be1-11ea-9e30-b88a60e194fb-1-ps,crmid:2128965938,5,Rewards Card,1,Personal Loan
8a5e142e-4be1-11ea-a6fe-b88a60e194fb-1-ps,crmid:9623220235,3,Simplicity Card,4,Auto Loan
8a5efe90-4be1-11ea-99b7-b88a60e194fb-1-ps,crmid:4300823990,4,Platinum Card,4,Personal Loan
8a603710-4be1-11ea-a3c1-b88a60e194fb-1-ps,crmid:4234141136,6,Dividend Card,9,Business Loan
8a61499e-4be1-11ea-821a-b88a60e194fb-1-ps,crmid:2000990145,4,Simplicity Card,5,Personal Loan
8aaea676-4be1-11ea-8583-b88a60e194fb-1-ps,crmid:2571038039,3,Dividend Card,3,Auto Loan
8aaf8f54-4be1-11ea-ac8f-b88a60e194fb-1-ps,crmid:5123009849,3,Platinum Card,6,Auto Loan
8ab052ac-4be1-11ea-9423-b88a60e194fb-1-ps,crmid:3742159141,3,Simplicity Card,9,Personal Loan
8ab115fa-4be1-11ea-9b95-b88a60e194fb-1-ps,crmid:1236461071,5,Dividend Card,4,Student Loan
8ab20058-4be1-11ea-b88c-b88a60e194fb-1-ps,crmid:6065366271,5,Business Card,10,Personal Loan
8ab2c3a2-4be1-11ea-b796-b88a60e194fb-1-ps,crmid:4678516723,3,Simplicity Card,6,Personal Loan
8ab3ae48-4be1-11ea-a473-b88a60e194fb-1-ps,crmid:8747130657,2,Student Card,5,Business Loan
8b0047ac-4be1-11ea-85b3-b88a60e194fb-1-ps,crmid:5700385638,3,Platinum Card,5,Business Loan
8b013318-4be1-11ea-b031-b88a60e194fb-1-ps,crmid:8460331671,5,Student Card,4,Personal Loan
8b01f666-4be1-11ea-b357-b88a60e194fb-1-ps,crmid:9761282117,3,Business Card,4,Auto Loan
8b02df66-4be1-11ea-8d20-b88a60e194fb-1-ps,crmid:7640909879,5,Simplicity Card,9,Student Loan
8b03a2ee-4be1-11ea-8258-b88a60e194fb-1-ps,crmid:7487700164,3,Travel Card,7,Personal Loan
8b048da4-4be1-11ea-87d2-b88a60e194fb-1-ps,crmid:1253059051,4,Platinum Card,5,Auto Loan
8b059e8c-4be1-11ea-8297-b88a60e194fb-1-ps,crmid:1364262284,6,Rewards Card,6,Auto Loan
8b5f5798-4be1-11ea-8f5a-b88a60e194fb-1-ps,crmid:2083372638,5,Simplicity Card,4,Personal Loan
8b606878-4be1-11ea-8520-b88a60e194fb-1-ps,crmid:6192580408,3,Rewards Card,4,Personal Loan
8b6152da-4be1-11ea-a494-b88a60e194fb-1-ps,crmid:3899831837,5,Dividend Card,3,Auto Loan
8b628b74-4be1-11ea-aad0-b88a60e194fb-1-ps,crmid:9281053549,4,Platinum Card,3,Auto Loan
8b6375cc-4be1-11ea-a879-b88a60e194fb-1-ps,crmid:2689009113,4,Dividend Card,5,Student Loan
8b646024-4be1-11ea-8513-b88a60e194fb-1-ps,crmid:5952129494,4,Platinum Card,3,Student Loan
8b65718c-4be1-11ea-8012-b88a60e194fb-1-ps,crmid:9412106056,4,Student Card,5,Business Loan
8bbc4426-4be1-11ea-ae39-b88a60e194fb-1-ps,crmid:2677197727,5,Student Card,5,Personal Loan
8bbd7df4-4be1-11ea-b168-b88a60e194fb-1-ps,crmid:1536255601,5,Dividend Card,3,Auto Loan
8bbe410a-4be1-11ea-9744-b88a60e194fb-1-ps,crmid:8681711268,3,Simplicity Card,5,Business Loan
8bbf52a6-4be1-11ea-aa89-b88a60e194fb-1-ps,crmid:3149271639,5,Dividend Card,3,Business Loan
8bc01492-4be1-11ea-a443-b88a60e194fb-1-ps,crmid:1342894963,5,Business Card,4,Personal Loan
8bc0d93a-4be1-11ea-8f1a-b88a60e194fb-1-ps,crmid:3307425320,5,Student Card,4,Business Loan
8bc19c70-4be1-11ea-8ebd-b88a60e194fb-1-ps,crmid:5138376492,3,Simplicity Card,4,Student Loan
8c0cadd0-4be1-11ea-85fb-b88a60e194fb-1-ps,crmid:8579247475,4,Dividend Card,3,Auto Loan
8c0d9834-4be1-11ea-99ca-b88a60e194fb-1-ps,crmid:6933899541,4,Travel Card,5,Personal Loan
8c0e8288-4be1-11ea-89fd-b88a60e194fb-1-ps,crmid:3478104906,5,Platinum Card,4,Student Loan
8c0f45d2-4be1-11ea-9a40-b88a60e194fb-1-ps,crmid:9527190826,5,Platinum Card,4,Personal Loan
8c10091e-4be1-11ea-9f3a-b88a60e194fb-1-ps,crmid:4815766500,3,Rewards Card,4,Student Loan
8c10cc6c-4be1-11ea-b641-b88a60e194fb-1-ps,crmid:3445357585,5,Simplicity Card,8,Student Loan
8c118fc0-4be1-11ea-984d-b88a60e194fb-1-ps,crmid:7473461869,3,Simplicity Card,3,Personal Loan
8c6247b6-4be1-11ea-a4c5-b88a60e194fb-1-ps,crmid:4982500981,6,Platinum Card,3,Student Loan
8c630c8a-4be1-11ea-8b07-b88a60e194fb-1-ps,crmid:9270974566,3,Travel Card,6,Business Loan
8c63f690-4be1-11ea-af08-b88a60e194fb-1-ps,crmid:8502514572,4,Travel Card,3,Personal Loan
8c64ba18-4be1-11ea-adf6-b88a60e194fb-1-ps,crmid:1232267440,3,Student Card,3,Auto Loan
8c655664-4be1-11ea-b37a-b88a60e194fb-1-ps,crmid:6049119968,3,Business Card,4,Business Loan
8c664050-4be1-11ea-9e04-b88a60e194fb-1-ps,crmid:5819905383,4,Student Card,4,Business Loan
8c670402-4be1-11ea-bae9-b88a60e194fb-1-ps,crmid:4842391528,3,Business Card,3,Auto Loan
8cb487be-4be1-11ea-9935-b88a60e194fb-1-ps,crmid:7476896093,7,Rewards Card,4,Business Loan
8cb570b6-4be1-11ea-91b0-b88a60e194fb-1-ps,crmid:8200115781,4,Simplicity Card,3,Personal Loan
8cb65b52-4be1-11ea-846c-b88a60e194fb-1-ps,crmid:5224753031,9,Simplicity Card,4,Auto Loan
8cb71e76-4be1-11ea-aa43-b88a60e194fb-1-ps,crmid:1433384750,4,Student Card,3,Personal Loan
8cb7e330-4be1-11ea-a2fb-b88a60e194fb-1-ps,crmid:2429236922,3,Travel Card,5,Personal Loan
8cb8a65a-4be1-11ea-a280-b88a60e194fb-1-ps,crmid:8317636813,5,Business Card,9,Personal Loan
8cb98f66-4be1-11ea-9476-b88a60e194fb-1-ps,crmid:8718796443,4,Platinum Card,6,Personal Loan
8d0dcb34-4be1-11ea-94ba-b88a60e194fb-1-ps,crmid:5603126659,4,Travel Card,2,Business Loan
8d0eb564-4be1-11ea-8a37-b88a60e194fb-1-ps,crmid:6649663025,6,Travel Card,5,Personal Loan
8d0f779e-4be1-11ea-89d4-b88a60e194fb-1-ps,crmid:3842013190,3,Dividend Card,5,Personal Loan
8d106348-4be1-11ea-93c3-b88a60e194fb-1-ps,crmid:1808559395,3,Student Card,4,Personal Loan
8d112500-4be1-11ea-b640-b88a60e194fb-1-ps,crmid:3595636047,5,Student Card,4,Personal Loan
8d11e85a-4be1-11ea-b543-b88a60e194fb-1-ps,crmid:5939367362,4,Rewards Card,3,Business Loan
8d12d2ba-4be1-11ea-8790-b88a60e194fb-1-ps,crmid:2298276462,4,Platinum Card,4,Business Loan
8d6057fa-4be1-11ea-85f2-b88a60e194fb-1-ps,crmid:9481792572,6,Student Card,4,Business Loan
8d614224-4be1-11ea-9a3a-b88a60e194fb-1-ps,crmid:6586687296,4,Platinum Card,4,Personal Loan
8d61de64-4be1-11ea-bf6d-b88a60e194fb-1-ps,crmid:1891381894,3,Rewards Card,5,Student Loan
8d62c778-4be1-11ea-bc5d-b88a60e194fb-1-ps,crmid:4012533489,4,Platinum Card,3,Auto Loan
8d63b1b6-4be1-11ea-9a9b-b88a60e194fb-1-ps,crmid:7290267337,5,Travel Card,5,Personal Loan
8d64768a-4be1-11ea-9a5a-b88a60e194fb-1-ps,crmid:5627290184,5,Travel Card,3,Auto Loan
8d656070-4be1-11ea-9b7e-b88a60e194fb-1-ps,crmid:7407175937,4,Travel Card,3,Auto Loan
8db41ce8-4be1-11ea-b9f3-b88a60e194fb-1-ps,crmid:6730317609,5,Business Card,5,Auto Loan
8db4e0f8-4be1-11ea-8f57-b88a60e194fb-1-ps,crmid:3504627168,4,Dividend Card,5,Personal Loan
8db5c95e-4be1-11ea-b442-b88a60e194fb-1-ps,crmid:9777704059,5,Business Card,3,Auto Loan
8db68de4-4be1-11ea-b897-b88a60e194fb-1-ps,crmid:7966187567,5,Student Card,5,Auto Loan
8db74fdc-4be1-11ea-b77a-b88a60e194fb-1-ps,crmid:6465460590,2,Simplicity Card,3,Auto Loan
8db83a74-4be1-11ea-bba9-b88a60e194fb-1-ps,crmid:8988098320,6,Platinum Card,3,Personal Loan
8db8ff66-4be1-11ea-980f-b88a60e194fb-1-ps,crmid:9041962502,5,Rewards Card,4,Auto Loan
8e05bf4a-4be1-11ea-bdca-b88a60e194fb-1-ps,crmid:8828956496,5,Simplicity Card,2,Personal Loan
8e071e0a-4be1-11ea-9047-b88a60e194fb-1-ps,crmid:5475708262,4,Dividend Card,4,Auto Loan
8e0807f6-4be1-11ea-90a0-b88a60e194fb-1-ps,crmid:2936415782,4,Rewards Card,4,Business Loan
8e08f25a-4be1-11ea-80bd-b88a60e194fb-1-ps,crmid:7753285874,4,Rewards Card,4,Auto Loan
8e09dcbe-4be1-11ea-865b-b88a60e194fb-1-ps,crmid:2284233354,5,Platinum Card,4,Business Loan
8e0aa00a-4be1-11ea-9f8d-b88a60e194fb-1-ps,crmid:6038105685,5,Simplicity Card,5,Auto Loan
8e0b8a58-4be1-11ea-a840-b88a60e194fb-1-ps,crmid:9854612574,8,Travel Card,4,Business Loan
8e5b804c-4be1-11ea-b6d0-b88a60e194fb-1-ps,crmid:2804473552,2,Student Card,6,Business Loan
8e5c6ade-4be1-11ea-873d-b88a60e194fb-1-ps,crmid:7613388211,5,Student Card,6,Auto Loan
8e5d2e00-4be1-11ea-8a8b-b88a60e194fb-1-ps,crmid:8227699091,3,Student Card,3,Business Loan
8e5e16e8-4be1-11ea-9105-b88a60e194fb-1-ps,crmid:2005070413,5,Simplicity Card,5,Personal Loan
8e5edbc6-4be1-11ea-b494-b88a60e194fb-1-ps,crmid:1622903934,4,Travel Card,2,Personal Loan
8e5febc0-4be1-11ea-9e28-b88a60e194fb-1-ps,crmid:4874616167,4,Platinum Card,6,Business Loan
8e60b08c-4be1-11ea-b765-b88a60e194fb-1-ps,crmid:4251105826,4,Travel Card,3,Personal Loan
8eb0077e-4be1-11ea-9aa2-b88a60e194fb-1-ps,crmid:4230165242,3,Platinum Card,3,Student Loan
8eb0cc1e-4be1-11ea-b132-b88a60e194fb-1-ps,crmid:2383790843,1,Business Card,5,Auto Loan
8eb1b500-4be1-11ea-87ac-b88a60e194fb-1-ps,crmid:8045764789,5,Business Card,5,Auto Loan
8eb279ae-4be1-11ea-9225-b88a60e194fb-1-ps,crmid:5098558983,5,Rewards Card,8,Student Loan
8eb363a8-4be1-11ea-83a3-b88a60e194fb-1-ps,crmid:6894950672,6,Platinum Card,5,Personal Loan
8eb4270c-4be1-11ea-8e28-b88a60e194fb-1-ps,crmid:9070063007,5,Simplicity Card,4,Student Loan
8eb51066-4be1-11ea-9b97-b88a60e194fb-1-ps,crmid:1951174462,4,Dividend Card,4,Auto Loan
8f04ddf4-4be1-11ea-a511-b88a60e194fb-1-ps,crmid:6908540408,5,Student Card,4,Personal Loan
8f05c874-4be1-11ea-b99c-b88a60e194fb-1-ps,crmid:2379650123,6,Business Card,9,Business Loan
8f068cee-4be1-11ea-8ff0-b88a60e194fb-1-ps,crmid:6304122379,4,Simplicity Card,5,Personal Loan
8f075048-4be1-11ea-9757-b88a60e194fb-1-ps,crmid:7329227047,4,Dividend Card,3,Business Loan
8f08138a-4be1-11ea-aa00-b88a60e194fb-1-ps,crmid:7769210889,2,Travel Card,3,Auto Loan
8f08d60c-4be1-11ea-8d96-b88a60e194fb-1-ps,crmid:6082393474,5,Travel Card,3,Personal Loan
8f09c0f4-4be1-11ea-b60b-b88a60e194fb-1-ps,crmid:8497239468,3,Simplicity Card,4,Personal Loan
8f593f98-4be1-11ea-b3d5-b88a60e194fb-1-ps,crmid:7967388503,4,Business Card,2,Auto Loan
8f5a02d2-4be1-11ea-8657-b88a60e194fb-1-ps,crmid:5370713527,4,Rewards Card,5,Personal Loan
8f5aee6e-4be1-11ea-824a-b88a60e194fb-1-ps,crmid:7950880510,3,Student Card,2,Business Loan
8f5bb1a4-4be1-11ea-ac4b-b88a60e194fb-1-ps,crmid:3556368467,3,Student Card,3,Personal Loan
8f5c9c26-4be1-11ea-871c-b88a60e194fb-1-ps,crmid:6548872781,3,Platinum Card,4,Personal Loan
8f5d5e0c-4be1-11ea-b5e2-b88a60e194fb-1-ps,crmid:1125340105,5,Business Card,4,Business Loan
8f5e4a02-4be1-11ea-8ba6-b88a60e194fb-1-ps,crmid:8160268877,4,Platinum Card,8,Student Loan
8fb0ae38-4be1-11ea-af48-b88a60e194fb-1-ps,crmid:3133914707,4,Business Card,5,Personal Loan
8fb198a4-4be1-11ea-bde4-b88a60e194fb-1-ps,crmid:3828305663,5,Business Card,8,Auto Loan
8fb25be4-4be1-11ea-8bb2-b88a60e194fb-1-ps,crmid:1134028357,3,Platinum Card,5,Student Loan
8fb34646-4be1-11ea-8859-b88a60e194fb-1-ps,crmid:7677606831,4,Dividend Card,5,Personal Loan
8fb40a90-4be1-11ea-b935-b88a60e194fb-1-ps,crmid:2104706703,8,Travel Card,4,Personal Loan
8fb4ccde-4be1-11ea-871c-b88a60e194fb-1-ps,crmid:3121789779,3,Student Card,3,Student Loan
8fb5901c-4be1-11ea-9ac6-b88a60e194fb-1-ps,crmid:9628819741,5,Student Card,5,Student Loan
900361f8-4be1-11ea-b26b-b88a60e194fb-1-ps,crmid:6089297153,3,Business Card,3,Business Loan
90044c46-4be1-11ea-ae8d-b88a60e194fb-1-ps,crmid:6828016263,4,Business Card,4,Student Loan
90050f90-4be1-11ea-9e6e-b88a60e194fb-1-ps,crmid:1118516513,1,Simplicity Card,2,Personal Loan
9005d41a-4be1-11ea-bbef-b88a60e194fb-1-ps,crmid:9959215506,5,Rewards Card,5,Auto Loan
90069628-4be1-11ea-b097-b88a60e194fb-1-ps,crmid:2351695969,4,Dividend Card,4,Business Loan
90075966-4be1-11ea-8679-b88a60e194fb-1-ps,crmid:1644095778,4,Student Card,4,Personal Loan
90086ac0-4be1-11ea-9777-b88a60e194fb-1-ps,crmid:6582072871,3,Student Card,3,Personal Loan
90568ae4-4be1-11ea-ba23-b88a60e194fb-1-ps,crmid:8358052134,3,Simplicity Card,5,Personal Loan
90577518-4be1-11ea-8812-b88a60e194fb-1-ps,crmid:4099564592,6,Platinum Card,3,Personal Loan
90588686-4be1-11ea-befa-b88a60e194fb-1-ps,crmid:2433419020,4,Rewards Card,10,Student Loan
90599958-4be1-11ea-9242-b88a60e194fb-1-ps,crmid:7143251110,4,Rewards Card,4,Auto Loan
905a824c-4be1-11ea-b54a-b88a60e194fb-1-ps,crmid:6910692354,4,Simplicity Card,4,Personal Loan
905b9508-4be1-11ea-a3ca-b88a60e194fb-1-ps,crmid:6744544932,4,Simplicity Card,3,Personal Loan
905c5870-4be1-11ea-8f1c-b88a60e194fb-1-ps,crmid:3943584991,4,Travel Card,6,Student Loan
90adf986-4be1-11ea-8e25-b88a60e194fb-1-ps,crmid:6732087053,3,Simplicity Card,5,Auto Loan
90aee3cc-4be1-11ea-a005-b88a60e194fb-1-ps,crmid:8204163205,6,Rewards Card,6,Business Loan
90afce7e-4be1-11ea-9f14-b88a60e194fb-1-ps,crmid:3328083889,5,Business Card,5,Student Loan
90b0921c-4be1-11ea-bc57-b88a60e194fb-1-ps,crmid:2405603009,6,Platinum Card,4,Student Loan
90b15618-4be1-11ea-a0ea-b88a60e194fb-1-ps,crmid:7729763522,4,Business Card,4,Personal Loan
90b21842-4be1-11ea-8378-b88a60e194fb-1-ps,crmid:6811434000,5,Platinum Card,7,Personal Loan
90b3027e-4be1-11ea-8795-b88a60e194fb-1-ps,crmid:1665610743,3,Rewards Card,4,Student Loan
91051b5c-4be1-11ea-9a69-b88a60e194fb-1-ps,crmid:1712001614,3,Simplicity Card,5,Auto Loan
9105deac-4be1-11ea-b315-b88a60e194fb-1-ps,crmid:4444781505,4,Travel Card,4,Business Loan
9106c78c-4be1-11ea-b943-b88a60e194fb-1-ps,crmid:3783905622,3,Dividend Card,2,Auto Loan
91078ae2-4be1-11ea-9a27-b88a60e194fb-1-ps,crmid:9754491833,5,Travel Card,6,Student Loan
910875b4-4be1-11ea-b9e2-b88a60e194fb-1-ps,crmid:9496531423,4,Business Card,5,Student Loan
910986e6-4be1-11ea-b730-b88a60e194fb-1-ps,crmid:2901193665,3,Simplicity Card,3,Personal Loan
910a4a30-4be1-11ea-828f-b88a60e194fb-1-ps,crmid:2130034166,5,Platinum Card,5,Auto Loan
915eab76-4be1-11ea-81d6-b88a60e194fb-1-ps,crmid:2777721700,4,Simplicity Card,5,Auto Loan
915f95d8-4be1-11ea-8c51-b88a60e194fb-1-ps,crmid:4714616185,3,Simplicity Card,5,Student Loan
91605912-4be1-11ea-80a9-b88a60e194fb-1-ps,crmid:3234022133,4,Dividend Card,5,Auto Loan
91614376-4be1-11ea-be93-b88a60e194fb-1-ps,crmid:9194785181,3,Simplicity Card,5,Student Loan
91622f66-4be1-11ea-a9be-b88a60e194fb-1-ps,crmid:2299998831,4,Business Card,5,Personal Loan
9162f1dc-4be1-11ea-aa2d-b88a60e194fb-1-ps,crmid:6855602218,4,Dividend Card,4,Personal Loan
9164029e-4be1-11ea-a717-b88a60e194fb-1-ps,crmid:4943864940,5,Rewards Card,4,Personal Loan
91b41e98-4be1-11ea-b8a4-b88a60e194fb-1-ps,crmid:5234569643,4,Dividend Card,10,Student Loan
91b52fc6-4be1-11ea-917c-b88a60e194fb-1-ps,crmid:2760039075,4,Student Card,3,Personal Loan
91b61a26-4be1-11ea-a338-b88a60e194fb-1-ps,crmid:5970052067,4,Business Card,5,Personal Loan
91b6dd68-4be1-11ea-8c9e-b88a60e194fb-1-ps,crmid:1341287155,5,Business Card,4,Auto Loan
91b7c7c8-4be1-11ea-a713-b88a60e194fb-1-ps,crmid:9282466121,6,Simplicity Card,5,Student Loan
91b8b224-4be1-11ea-9714-b88a60e194fb-1-ps,crmid:9817617076,4,Rewards Card,5,Student Loan
91b9eb26-4be1-11ea-ad39-b88a60e194fb-1-ps,crmid:3937444828,2,Simplicity Card,3,Auto Loan
9206f91e-4be1-11ea-8bca-b88a60e194fb-1-ps,crmid:4101080893,3,Dividend Card,4,Personal Loan
9207e3a8-4be1-11ea-ac32-b88a60e194fb-1-ps,crmid:7427300091,4,Platinum Card,8,Personal Loan
9208a6e6-4be1-11ea-9549-b88a60e194fb-1-ps,crmid:8444640385,4,Travel Card,3,Auto Loan
92096a3e-4be1-11ea-8938-b88a60e194fb-1-ps,crmid:5171077292,2,Business Card,4,Student Loan
920a5f6c-4be1-11ea-8b32-b88a60e194fb-1-ps,crmid:8693700603,3,Simplicity Card,3,Personal Loan
920b6602-4be1-11ea-8296-b88a60e194fb-1-ps,crmid:9458313887,4,Business Card,3,Auto Loan
920c2940-4be1-11ea-a09b-b88a60e194fb-1-ps,crmid:1872526619,4,Business Card,5,Auto Loan
92651ed4-4be1-11ea-8d6b-b88a60e194fb-1-ps,crmid:3902220190,3,Simplicity Card,5,Auto Loan
92660a4c-4be1-11ea-8341-b88a60e194fb-1-ps,crmid:1403945148,4,Business Card,3,Personal Loan
9266a692-4be1-11ea-ac4c-b88a60e194fb-1-ps,crmid:3836931104,4,Business Card,3,Student Loan
926769d4-4be1-11ea-8397-b88a60e194fb-1-ps,crmid:9914582886,4,Dividend Card,5,Personal Loan
92687a24-4be1-11ea-9416-b88a60e194fb-1-ps,crmid:8388732881,4,Travel Card,7,Personal Loan
9269174a-4be1-11ea-96b7-b88a60e194fb-1-ps,crmid:3362727440,3,Simplicity Card,3,Student Loan
926a2790-4be1-11ea-92af-b88a60e194fb-1-ps,crmid:8956237173,2,Dividend Card,2,Personal Loan
92b895ae-4be1-11ea-8485-b88a60e194fb-1-ps,crmid:4340338619,3,Travel Card,4,Business Loan
92b9ce02-4be1-11ea-987b-b88a60e194fb-1-ps,crmid:5271160992,4,Dividend Card,5,Personal Loan
92bb069c-4be1-11ea-9d38-b88a60e194fb-1-ps,crmid:8836232633,4,Platinum Card,3,Personal Loan
92bc181a-4be1-11ea-b792-b88a60e194fb-1-ps,crmid:4376975514,4,Business Card,5,Student Loan
92bd2a1a-4be1-11ea-ab3a-b88a60e194fb-1-ps,crmid:3244256096,4,Simplicity Card,4,Personal Loan
92be13d2-4be1-11ea-a7bb-b88a60e194fb-1-ps,crmid:3231927329,5,Travel Card,3,Personal Loan
92befe54-4be1-11ea-82fc-b88a60e194fb-1-ps,crmid:9618630005,9,Dividend Card,4,Student Loan
93124e2c-4be1-11ea-b11a-b88a60e194fb-1-ps,crmid:4219800921,4,Simplicity Card,4,Business Loan
93135f9e-4be1-11ea-b34f-b88a60e194fb-1-ps,crmid:5970808923,4,Platinum Card,4,Student Loan
931422e2-4be1-11ea-82ac-b88a60e194fb-1-ps,crmid:4874148217,5,Platinum Card,5,Auto Loan
9314e62c-4be1-11ea-8e8b-b88a60e194fb-1-ps,crmid:4609456778,3,Rewards Card,5,Student Loan
9315f79e-4be1-11ea-8462-b88a60e194fb-1-ps,crmid:8835430767,4,Travel Card,3,Auto Loan
9316bb6e-4be1-11ea-962b-b88a60e194fb-1-ps,crmid:2369206356,2,Rewards Card,4,Personal Loan
93177e3e-4be1-11ea-a700-b88a60e194fb-1-ps,crmid:6055283803,3,Platinum Card,6,Student Loan
93674d36-4be1-11ea-8f07-b88a60e194fb-1-ps,crmid:6153268235,3,Platinum Card,6,Student Loan
9368378c-4be1-11ea-b8da-b88a60e194fb-1-ps,crmid:4383088077,3,Rewards Card,5,Student Loan
9368f994-4be1-11ea-bf2e-b88a60e194fb-1-ps,crmid:7412449759,4,Business Card,5,Personal Loan
9369bdf4-4be1-11ea-b53c-b88a60e194fb-1-ps,crmid:1076553866,3,Platinum Card,4,Student Loan
936a8186-4be1-11ea-bc36-b88a60e194fb-1-ps,crmid:8758952533,4,Platinum Card,4,Student Loan
936b43a6-4be1-11ea-b7ee-b88a60e194fb-1-ps,crmid:8748587376,4,Simplicity Card,3,Student Loan
936c54e8-4be1-11ea-9f2a-b88a60e194fb-1-ps,crmid:2844172103,3,Travel Card,4,Personal Loan
93bdf736-4be1-11ea-ad99-b88a60e194fb-1-ps,crmid:8876824513,4,Simplicity Card,3,Student Loan
93bee198-4be1-11ea-8b7b-b88a60e194fb-1-ps,crmid:1546693487,5,Business Card,5,Auto Loan
93bff306-4be1-11ea-9388-b88a60e194fb-1-ps,crmid:2877387259,4,Simplicity Card,4,Personal Loan
93c0b64a-4be1-11ea-afb1-b88a60e194fb-1-ps,crmid:5358700956,4,Dividend Card,8,Auto Loan
93c1a09e-4be1-11ea-b58a-b88a60e194fb-1-ps,crmid:4920970434,5,Student Card,3,Business Loan
93c263f4-4be1-11ea-8e96-b88a60e194fb-1-ps,crmid:1404550047,3,Business Card,4,Business Loan
93c32748-4be1-11ea-ad2b-b88a60e194fb-1-ps,crmid:8443475253,4,Platinum Card,5,Personal Loan
9415db06-4be1-11ea-8897-b88a60e194fb-1-ps,crmid:1849468635,3,Travel Card,4,Student Loan
9416c562-4be1-11ea-b9d0-b88a60e194fb-1-ps,crmid:6623186198,4,Simplicity Card,4,Business Loan
941788b4-4be1-11ea-8232-b88a60e194fb-1-ps,crmid:3010706981,5,Dividend Card,3,Auto Loan
94184c00-4be1-11ea-a10d-b88a60e194fb-1-ps,crmid:6750989980,4,Simplicity Card,4,Personal Loan
94193670-4be1-11ea-a7d5-b88a60e194fb-1-ps,crmid:7747715299,4,Travel Card,4,Student Loan
941a20f8-4be1-11ea-909e-b88a60e194fb-1-ps,crmid:2791881252,3,Dividend Card,4,Business Loan
941b0b1e-4be1-11ea-a065-b88a60e194fb-1-ps,crmid:8974334077,6,Dividend Card,8,Personal Loan
946ad8b8-4be1-11ea-8a22-b88a60e194fb-1-ps,crmid:5440054746,3,Platinum Card,5,Personal Loan
946b9c0c-4be1-11ea-be00-b88a60e194fb-1-ps,crmid:2669994339,4,Travel Card,4,Business Loan
946c5f4c-4be1-11ea-b173-b88a60e194fb-1-ps,crmid:6819189545,3,Business Card,4,Business Loan
946d49d0-4be1-11ea-b560-b88a60e194fb-1-ps,crmid:3944874293,4,Rewards Card,4,Personal Loan
946e0e4c-4be1-11ea-bf2b-b88a60e194fb-1-ps,crmid:4777343504,4,Dividend Card,2,Personal Loan
946ed198-4be1-11ea-88a0-b88a60e194fb-1-ps,crmid:9381226657,4,Simplicity Card,2,Personal Loan
946fbbac-4be1-11ea-971a-b88a60e194fb-1-ps,crmid:4573199286,5,Travel Card,6,Auto Loan
94c099ee-4be1-11ea-9e45-b88a60e194fb-1-ps,crmid:2502332180,4,Rewards Card,5,Personal Loan
94c18424-4be1-11ea-a86f-b88a60e194fb-1-ps,crmid:1205469436,4,Dividend Card,5,Personal Loan
94c2bcb0-4be1-11ea-abc5-b88a60e194fb-1-ps,crmid:8771490859,4,Student Card,6,Business Loan
94c38176-4be1-11ea-b786-b88a60e194fb-1-ps,crmid:9224443697,2,Simplicity Card,4,Personal Loan
94c4448c-4be1-11ea-be81-b88a60e194fb-1-ps,crmid:2030003014,4,Platinum Card,5,Student Loan
94c52db6-4be1-11ea-a298-b88a60e194fb-1-ps,crmid:1666192440,1,Simplicity Card,2,Business Loan
94c5f0dc-4be1-11ea-8bac-b88a60e194fb-1-ps,crmid:5883207176,4,Rewards Card,3,Business Loan
9515bffa-4be1-11ea-bdf1-b88a60e194fb-1-ps,crmid:9127912472,4,Business Card,5,Business Loan
9516a8fe-4be1-11ea-b1fb-b88a60e194fb-1-ps,crmid:2956957600,4,Platinum Card,4,Auto Loan
95176c1e-4be1-11ea-8fb6-b88a60e194fb-1-ps,crmid:8096178554,4,Simplicity Card,10,Student Loan
95185686-4be1-11ea-b66d-b88a60e194fb-1-ps,crmid:3240200472,4,Student Card,4,Student Loan
951940d2-4be1-11ea-be50-b88a60e194fb-1-ps,crmid:4843693155,5,Rewards Card,3,Business Loan
951a0428-4be1-11ea-9060-b88a60e194fb-1-ps,crmid:9655111416,4,Travel Card,4,Personal Loan
951aef14-4be1-11ea-a22c-b88a60e194fb-1-ps,crmid:3367197252,5,Business Card,4,Auto Loan
956d2e3a-4be1-11ea-b30d-b88a60e194fb-1-ps,crmid:6978811884,4,Simplicity Card,4,Auto Loan
956e189a-4be1-11ea-aadc-b88a60e194fb-1-ps,crmid:6297839171,4,Business Card,4,Personal Loan
956f01dc-4be1-11ea-b02d-b88a60e194fb-1-ps,crmid:3510505352,9,Travel Card,4,Auto Loan
956fc530-4be1-11ea-933b-b88a60e194fb-1-ps,crmid:1491332594,3,Platinum Card,4,Business Loan
9570b106-4be1-11ea-b770-b88a60e194fb-1-ps,crmid:5088443479,4,Platinum Card,8,Business Loan
957199e4-4be1-11ea-8bb5-b88a60e194fb-1-ps,crmid:3112181499,3,Simplicity Card,7,Personal Loan
957284d8-4be1-11ea-a265-b88a60e194fb-1-ps,crmid:1635744776,4,Simplicity Card,4,Personal Loan
95c27a14-4be1-11ea-b81f-b88a60e194fb-1-ps,crmid:9005436566,4,Business Card,9,Auto Loan
95c36352-4be1-11ea-ac7b-b88a60e194fb-1-ps,crmid:6533711501,4,Travel Card,4,Business Loan
95c474f0-4be1-11ea-8798-b88a60e194fb-1-ps,crmid:1117330555,4,Platinum Card,4,Business Loan
95c55f4c-4be1-11ea-a66b-b88a60e194fb-1-ps,crmid:5714598405,6,Business Card,4,Student Loan
95c69836-4be1-11ea-a103-b88a60e194fb-1-ps,crmid:3457608325,3,Student Card,4,Student Loan
95c78222-4be1-11ea-94a1-b88a60e194fb-1-ps,crmid:6801082682,6,Rewards Card,1,Personal Loan
95c89368-4be1-11ea-95b4-b88a60e194fb-1-ps,crmid:1780068470,4,Platinum Card,5,Student Loan
9618feb4-4be1-11ea-8414-b88a60e194fb-1-ps,crmid:2942865138,3,Business Card,8,Business Loan
9619e7ec-4be1-11ea-bfc3-b88a60e194fb-1-ps,crmid:2816715461,3,Rewards Card,7,Personal Loan
961ad374-4be1-11ea-a36a-b88a60e194fb-1-ps,crmid:5514784896,3,Travel Card,5,Business Loan
961b6f98-4be1-11ea-8961-b88a60e194fb-1-ps,crmid:1009375300,4,Platinum Card,4,Auto Loan
961ca6cc-4be1-11ea-beb0-b88a60e194fb-1-ps,crmid:3850093834,3,Business Card,6,Student Loan
961d912e-4be1-11ea-9311-b88a60e194fb-1-ps,crmid:4752528505,3,Student Card,4,Personal Loan
961e7ccc-4be1-11ea-8198-b88a60e194fb-1-ps,crmid:5596747310,4,Platinum Card,5,Business Loan
966e9854-4be1-11ea-a329-b88a60e194fb-1-ps,crmid:9024321077,3,Travel Card,6,Business Loan
966f5be8-4be1-11ea-9835-b88a60e194fb-1-ps,crmid:4230111326,4,Travel Card,9,Auto Loan
967045f8-4be1-11ea-82d0-b88a60e194fb-1-ps,crmid:3160575012,4,Dividend Card,6,Personal Loan
9671082c-4be1-11ea-9848-b88a60e194fb-1-ps,crmid:2568670683,3,Simplicity Card,5,Business Loan
9671f3ee-4be1-11ea-a4d2-b88a60e194fb-1-ps,crmid:4669095505,5,Rewards Card,5,Student Loan
96729024-4be1-11ea-8922-b88a60e194fb-1-ps,crmid:6590627220,4,Travel Card,7,Business Loan
96737a9a-4be1-11ea-9ab0-b88a60e194fb-1-ps,crmid:7318790854,4,Rewards Card,5,Auto Loan
96c6a380-4be1-11ea-b5e0-b88a60e194fb-1-ps,crmid:5967666062,3,Dividend Card,6,Student Loan
96c78c98-4be1-11ea-90b5-b88a60e194fb-1-ps,crmid:9311911472,4,Simplicity Card,4,Student Loan
96c85126-4be1-11ea-bc13-b88a60e194fb-1-ps,crmid:9608110097,5,Travel Card,3,Personal Loan
96c9142e-4be1-11ea-8e84-b88a60e194fb-1-ps,crmid:5994452115,4,Business Card,4,Auto Loan
96ca259c-4be1-11ea-a4d5-b88a60e194fb-1-ps,crmid:3064418234,3,Simplicity Card,4,Student Loan
96cae7e4-4be1-11ea-b10a-b88a60e194fb-1-ps,crmid:6574551387,6,Platinum Card,4,Personal Loan
96cbd28a-4be1-11ea-b8a6-b88a60e194fb-1-ps,crmid:1746680357,4,Rewards Card,4,Business Loan
971ead1e-4be1-11ea-bb48-b88a60e194fb-1-ps,crmid:1056872319,3,Rewards Card,4,Personal Loan
971f71e2-4be1-11ea-86ed-b88a60e194fb-1-ps,crmid:2835851505,2,Travel Card,5,Auto Loan
97205b00-4be1-11ea-b98e-b88a60e194fb-1-ps,crmid:4394732385,4,Student Card,4,Business Loan
97216c0c-4be1-11ea-a5ee-b88a60e194fb-1-ps,crmid:1006422064,3,Rewards Card,4,Business Loan
97222f90-4be1-11ea-9888-b88a60e194fb-1-ps,crmid:8317636813,5,Business Card,4,Personal Loan
9722f3e6-4be1-11ea-b39c-b88a60e194fb-1-ps,crmid:8583619626,5,Simplicity Card,4,Student Loan
9723b768-4be1-11ea-8ff1-b88a60e194fb-1-ps,crmid:7387747287,4,Student Card,4,Business Loan
9779773a-4be1-11ea-a0fb-b88a60e194fb-1-ps,crmid:8477821105,5,Student Card,1,Business Loan
977a6192-4be1-11ea-ae54-b88a60e194fb-1-ps,crmid:1968087233,5,Simplicity Card,3,Business Loan
977b4bf6-4be1-11ea-8f10-b88a60e194fb-1-ps,crmid:4559536677,3,Platinum Card,3,Business Loan
977c0f38-4be1-11ea-884a-b88a60e194fb-1-ps,crmid:6180998740,4,Travel Card,3,Student Loan
977cd286-4be1-11ea-badc-b88a60e194fb-1-ps,crmid:2387887572,3,Rewards Card,4,Personal Loan
977dbd4c-4be1-11ea-a451-b88a60e194fb-1-ps,crmid:3326796809,5,Platinum Card,5,Business Loan
977ece1c-4be1-11ea-a523-b88a60e194fb-1-ps,crmid:8271336780,4,Platinum Card,5,Personal Loan
97d46998-4be1-11ea-a718-b88a60e194fb-1-ps,crmid:6827573305,3,Business Card,7,Student Loan
97d55290-4be1-11ea-b256-b88a60e194fb-1-ps,crmid:3515816953,3,Travel Card,4,Personal Loan
97d63e52-4be1-11ea-a96e-b88a60e194fb-1-ps,crmid:6840632559,5,Dividend Card,2,Personal Loan
97d701b0-4be1-11ea-bc18-b88a60e194fb-1-ps,crmid:4688186247,4,Simplicity Card,5,Auto Loan
97d7c436-4be1-11ea-a714-b88a60e194fb-1-ps,crmid:1791798621,6,Simplicity Card,8,Personal Loan
97d88840-4be1-11ea-ade5-b88a60e194fb-1-ps,crmid:6115685990,6,Business Card,4,Personal Loan
97d94ba6-4be1-11ea-b34d-b88a60e194fb-1-ps,crmid:8134449337,5,Business Card,4,Auto Loan
982ac582-4be1-11ea-a552-b88a60e194fb-1-ps,crmid:9270974566,4,Travel Card,3,Personal Loan
982b8a2e-4be1-11ea-ab89-b88a60e194fb-1-ps,crmid:4075552127,5,Simplicity Card,4,Business Loan
982c7476-4be1-11ea-8444-b88a60e194fb-1-ps,crmid:1227170929,5,Business Card,5,Personal Loan
982d3686-4be1-11ea-9fe2-b88a60e194fb-1-ps,crmid:6161940497,7,Student Card,4,Personal Loan
982dfb1c-4be1-11ea-bcb4-b88a60e194fb-1-ps,crmid:1656395718,5,Rewards Card,1,Business Loan
982ebcfa-4be1-11ea-b5be-b88a60e194fb-1-ps,crmid:8973971509,4,Dividend Card,5,Business Loan
982fa79a-4be1-11ea-9e6f-b88a60e194fb-1-ps,crmid:6669167507,4,Simplicity Card,4,Auto Loan
98812298-4be1-11ea-9f64-b88a60e194fb-1-ps,crmid:6304692293,3,Travel Card,5,Business Loan
98820cf8-4be1-11ea-bdf7-b88a60e194fb-1-ps,crmid:4652933102,4,Simplicity Card,3,Personal Loan
9882f758-4be1-11ea-9853-b88a60e194fb-1-ps,crmid:2034678478,3,Rewards Card,8,Business Loan
