crmid,city,country,zip,state,street address
crmid:2034678478,Warwick,United States,90820,Hawaii,1353 Atalaya
crmid:2034678478,Muscatine,United States,13657,Massachusetts,550 Dunshee
crmid:2034678478,Oak Lawn,United States,10353,Louisiana,393 Hahn
crmid:2034678478,Wichita Falls,United States,91844,Florida,247 Rosella
crmid:2034678478,Lake Havasu City,United States,55194,South Carolina,641 Rebecca
crmid:2034678478,Mineola,United States,41058,North Carolina,581 Oak Hills
crmid:2034678478,Bergenfield,United States,55877,Missouri,754 Molimo
crmid:2034678478,West Jordan,United States,28372,Georgia,570 West Point
crmid:2034678478,Douglas,United States,15525,Missouri,1371 Clarence
crmid:2034678478,Temple,United States,55478,Washington,550 Edgehill
crmid:2034678478,Carlsbad,United States,41203,Nebraska,320 Deming
crmid:2034678478,Westlake,United States,72620,Kentucky,474 Drummond
crmid:2034678478,Central Falls,United States,77361,Nevada,613 Wayne
crmid:2034678478,Novi,United States,00356,Hawaii,406 Krausgrill
crmid:2034678478,Carbondale,United States,77562,New Jersey,647 Petrarch
crmid:2034678478,Elko,United States,55233,Montana,608 Indiana
crmid:2034678478,Fall River,United States,44453,Ohio,1305 Golf Course
crmid:2034678478,Jamestown,United States,10788,Utah,417 Emery
crmid:2034678478,Rogers,United States,34423,West Virginia,987 Lapidge
crmid:2034678478,Macomb,United States,89570,Arkansas,381 California
crmid:2034678478,South St. Paul,United States,79293,North Carolina,407 Macondray
crmid:2034678478,Stanton,United States,31145,New Hampshire,1358 Transverse
crmid:2034678478,Parma,United States,26747,Wisconsin,621 Rincon
crmid:2034678478,Fall River,United States,98554,North Carolina,873 Gorgas
crmid:2034678478,Westminster,United States,81909,California,487 Dutch Windmill Access
