crmid,city,country,zip,state,street address
crmid:8702014485,Rocky Mount,United States,96835,Massachusetts,1213 Langdon
crmid:5207707048,Huntington Park,United States,66083,South Dakota,663 Flood
crmid:3615365305,Yorkville,United States,96137,Oregon,1025 Doric
crmid:7306619515,Conway,United States,28429,Minnesota,1049 Bonifacio
crmid:6599176963,North Tonawanda,United States,76970,Virginia,838 Falmouth
crmid:3445340320,Bartlett,United States,13273,Tennessee,83 Dublin
crmid:7006045537,West Chester,United States,90386,Mississippi,781 Grafton
crmid:3802593977,Norwich,United States,75913,Washington,894 Huntington
crmid:2952337788,Russellville,United States,47940,Utah,77 Mary Teresa
crmid:6455597186,Homewood,United States,19607,Pennsylvania,425 Hansen
crmid:3811575368,Louisville,United States,27791,Indiana,737 Cervantes
crmid:7675595162,Parker,United States,75753,Connecticut,1349 Delmar
crmid:7110789891,Shoreview,United States,61478,Maryland,860 Fairfax
crmid:8567206547,San Francisco,United States,29359,Washington,361 Eastwood
crmid:7036749868,Mansfield,United States,77595,Minnesota,336 Double Rock
crmid:9802061566,Hazelwood,United States,92338,Nebraska,1263 Perry
crmid:9422504543,Hobbs,United States,05346,Massachusetts,1322 Natick
crmid:2300811169,East Point,United States,56326,North Dakota,1186 Glenhaven
crmid:3819242327,Gallatin,United States,51342,California,782 Bonita
crmid:7294659191,San Bruno,United States,63141,Oklahoma,1086 Reposa
crmid:2948577176,Palmetto Bay,United States,37057,New Mexico,293 Cross
crmid:4922195292,Sapulpa,United States,68606,West Virginia,797 Irwin
crmid:1761923075,Orange,United States,69913,Rhode Island,155 St. Paul Street-Calvert
crmid:7549246226,Addison,United States,15133,New Hampshire,426 Bartlett
crmid:1845664257,Vestavia Hills,United States,15449,Colorado,1086 Colonial
