id,transactionID,crmid,timestamp,orderType,transactionSKU,transactionName,transactionType,transactionOwnership,transactionAction,transactionMethod,transactionAmount,transactionFlag
6a1b23ac-8012-11ea-a448-b88a60e194fb,transactionid:813325,crmid:2489742406,2020-03-30T06:36:08.000Z,transaction - mobile,prd1096,Renter's Insurance,Insurance,Personal,credit,ATM,3136.48,1
6a1caa4c-8012-11ea-9663-b88a60e194fb,transactionid:929307,crmid:2078541147,2020-03-17T00:55:39.000Z,transaction - mobile,prd1122,Merchant Services Account,Merchant Services,Business,debt,branch,2785.35,1
6a1e57fe-8012-11ea-b210-b88a60e194fb,transactionid:801262,crmid:5619261878,2020-03-25T04:40:02.000Z,transaction - mobile,prd1063,High Interest Savings,Savings,Personal,debt,branch,3149.6,1
6a1fb78c-8012-11ea-9dc2-b88a60e194fb,transactionid:207612,crmid:9517968050,2020-03-15T03:47:08.000Z,transaction - mobile,prd1114,CDs: 3 month,Investment,Personal,credit,broker,2892.95,1
6a213f22-8012-11ea-9050-b88a60e194fb,transactionid:487642,crmid:8524029094,2020-03-27T14:57:26.000Z,transaction - mobile,prd1113,Personal Loan,Loan,Personal,credit,call center,469461.8,1
6a23144a-8012-11ea-8d50-b88a60e194fb,transactionid:799376,crmid:5228373166,2020-03-24T21:27:47.000Z,transaction - mobile,prd1182,Brokerage Account,Investment,Personal,credit,broker,3821.72,1
6a24c088-8012-11ea-b501-b88a60e194fb,transactionid:693292,crmid:9248577984,2020-03-26T09:07:06.000Z,transaction - mobile,prd1006,Travel Card,Credit Card,Personal,debt,mobile,3254.23,1
6a2647a8-8012-11ea-8d42-b88a60e194fb,transactionid:877514,crmid:9744082975,2020-03-28T18:01:26.000Z,transaction - mobile,prd1197,Business Card,Credit Card,Business,debt,branch,4739.56,1
6a281bf4-8012-11ea-84d4-b88a60e194fb,transactionid:888481,crmid:5137783352,2020-03-18T18:16:04.000Z,transaction - mobile,prd1054,Personal Loan,Loan,Personal,close,call center,3128.99,1
6a29c974-8012-11ea-959b-b88a60e194fb,transactionid:239314,crmid:9180545997,2020-03-28T15:43:32.000Z,transaction - mobile,prd1058,Simplicity Card,Credit Card,Personal,close,broker,3650.0,1
6a2b7722-8012-11ea-a6be-b88a60e194fb,transactionid:690385,crmid:4569429642,2020-03-15T10:59:52.000Z,transaction - mobile,prd1053,Mortgage: VA,Mortgage,Personal,credit,branch,2656.14,1
6a2d24f0-8012-11ea-9052-b88a60e194fb,transactionid:320051,crmid:6775696867,2020-03-24T15:24:31.000Z,transaction - mobile,prd1019,Personal Loan,Loan,Personal,credit,call center,2327.09,1
6a2eace2-8012-11ea-a3a0-b88a60e194fb,transactionid:207976,crmid:3481266651,2020-03-25T10:46:24.000Z,transaction - mobile,prd1067,Everyday Checking,Checking,Personal,credit,call center,5487.21,1
6a300b26-8012-11ea-b539-b88a60e194fb,transactionid:933402,crmid:2382294865,2020-03-18T18:52:40.000Z,transaction - mobile,prd1127,Rewards Card,Credit Card,Personal,credit,call center,2715.02,1
6a3191ec-8012-11ea-bea8-b88a60e194fb,transactionid:290310,crmid:6876602887,2020-03-21T17:48:43.000Z,transaction - mobile,prd1154,Mortgage: 30-yr Fixed,Mortgage,Personal,credit,mobile,3574.83,1
6a336688-8012-11ea-8d72-b88a60e194fb,transactionid:659812,crmid:9017211802,2020-03-26T06:13:33.000Z,transaction - mobile,prd1017,Merchant Services Account,Merchant Services,Business,credit,ATM,3630.92,1
6a351434-8012-11ea-a4df-b88a60e194fb,transactionid:217470,crmid:9565786011,2020-03-30T16:51:04.000Z,transaction - mobile,prd1010,529 College Savings,College Savings,Personal,credit,mobile,2872.82,1
6a369b92-8012-11ea-b3f4-b88a60e194fb,transactionid:217073,crmid:3538146909,2020-03-15T20:45:46.000Z,transaction - mobile,prd1166,Business Checking,Checking,Business,credit,mobile,4349.61,1
6a3821a4-8012-11ea-bc32-b88a60e194fb,transactionid:630657,crmid:6979500188,2020-03-18T08:33:08.000Z,transaction - mobile,prd1147,Business Savings,Savings,Business,credit,mobile,4750.04,1
6a395b74-8012-11ea-bc5b-b88a60e194fb,transactionid:525638,crmid:6509243116,2020-03-27T13:10:39.000Z,transaction - mobile,prd1110,Traditional IRA,Retirement,Personal,credit,broker,1887.7,1
6a3ab982-8012-11ea-a272-b88a60e194fb,transactionid:223002,crmid:5164919126,2020-03-24T12:48:35.000Z,transaction - mobile,prd1192,Money Market Savings,Savings,Personal,credit,branch,4101.83,1
6a3c401e-8012-11ea-8702-b88a60e194fb,transactionid:985906,crmid:3446699796,2020-03-24T12:51:35.000Z,transaction - mobile,prd1162,High Interest Savings,Savings,Personal,credit,ATM,2961.17,1
6a3dc69c-8012-11ea-af84-b88a60e194fb,transactionid:104955,crmid:9473005145,2020-03-23T09:36:25.000Z,transaction - mobile,prd1143,Travel Card,Credit Card,Personal,close,mobile,1040.1,1
6a3f4e10-8012-11ea-bb4d-b88a60e194fb,transactionid:351414,crmid:4605266551,2020-03-18T09:17:20.000Z,transaction - mobile,prd1008,Traditional IRA,Retirement,Personal,debt,call center,2566.58,1
6a40ae4c-8012-11ea-a23a-b88a60e194fb,transactionid:627113,crmid:6531810654,2020-03-22T08:52:12.000Z,transaction - mobile,prd1025,Brokerage Account,Investment,Personal,credit,call center,2215.14,1
6a42a8b8-8012-11ea-880a-b88a60e194fb,transactionid:729368,crmid:7309344449,2020-03-22T22:50:37.000Z,transaction - mobile,prd1190,Premium Checking,Checking,Personal,credit,ATM,539734.33,1
6a44cb86-8012-11ea-8347-b88a60e194fb,transactionid:148108,crmid:1629126629,2020-03-17T11:27:16.000Z,transaction - mobile,prd1013,Mortgage: FHA,Mortgage,Personal,credit,broker,1931.27,1
6a467930-8012-11ea-96e3-b88a60e194fb,transactionid:330949,crmid:7219347933,2020-03-15T04:28:33.000Z,transaction - mobile,prd1116,Everyday Checking,Checking,Personal,close,call center,2838.52,1
6a484df6-8012-11ea-b983-b88a60e194fb,transactionid:914577,crmid:7045408103,2020-03-25T04:34:25.000Z,transaction - mobile,prd1146,529 College Savings,College Savings,Personal,credit,mobile,4513.06,1
6a4a22d2-8012-11ea-8bee-b88a60e194fb,transactionid:829578,crmid:8960584261,2020-03-22T17:25:57.000Z,transaction - mobile,prd1098,Platinum Card,Credit Card,Personal,credit,call center,4223.18,1
6a4bf794-8012-11ea-b723-b88a60e194fb,transactionid:853818,crmid:8736598417,2020-03-18T20:29:38.000Z,transaction - mobile,prd1128,High Interest Savings,Savings,Personal,credit,ATM,3428.74,1
6a4df3cc-8012-11ea-8288-b88a60e194fb,transactionid:457121,crmid:2405477788,2020-03-21T06:38:28.000Z,transaction - mobile,prd1005,Everyday Savings,Savings,Personal,credit,call center,2658.43,1
6a4fc806-8012-11ea-a930-b88a60e194fb,transactionid:804834,crmid:5116712342,2020-03-17T15:28:55.000Z,transaction - mobile,prd1058,Simplicity Card,Credit Card,Personal,credit,call center,3073.2,1
6a519cba-8012-11ea-ade0-b88a60e194fb,transactionid:428463,crmid:9572249574,2020-03-26T01:40:57.000Z,transaction - mobile,prd1090,Business Checking,Checking,Business,credit,ATM,2356.55,1
6a540da8-8012-11ea-8e43-b88a60e194fb,transactionid:941883,crmid:8549630749,2020-03-29T18:39:40.000Z,transaction - mobile,prd1003,Premium Checking,Checking,Personal,credit,call center,2473.1,1
6a5630b6-8012-11ea-9e30-b88a60e194fb,transactionid:440412,crmid:1915025781,2020-03-24T03:17:19.000Z,transaction - mobile,prd1004,Business Card,Credit Card,Business,credit,call center,3435.74,1
6a580574-8012-11ea-8a77-b88a60e194fb,transactionid:600985,crmid:2310843004,2020-03-27T15:27:49.000Z,transaction - mobile,prd1167,Roth IRA,Retirement,Personal,credit,call center,3611.48,1
6a59b424-8012-11ea-b660-b88a60e194fb,transactionid:316646,crmid:3624873363,2020-03-24T01:19:03.000Z,transaction - mobile,prd1027,Mortgage: 30-yr Fixed,Mortgage,Personal,credit,call center,1781.36,1
6a5bd612-8012-11ea-a61c-b88a60e194fb,transactionid:443405,crmid:6429607045,2020-03-28T17:58:01.000Z,transaction - mobile,prd1162,High Interest Savings,Savings,Personal,credit,mobile,2680.2,1
6a5d838c-8012-11ea-8465-b88a60e194fb,transactionid:626148,crmid:3642966859,2020-03-21T16:55:59.000Z,transaction - mobile,prd1007,Health Savings,Savings,Personal,credit,mobile,4950.27,1
6a5f0a30-8012-11ea-ae3e-b88a60e194fb,transactionid:535422,crmid:2612803462,2020-03-21T07:36:12.000Z,transaction - mobile,prd1140,Travel Card,Credit Card,Personal,credit,call center,1169.35,1
6a60b812-8012-11ea-a26c-b88a60e194fb,transactionid:120919,crmid:8061872624,2020-03-23T19:33:58.000Z,transaction - mobile,prd1158,Preferred Checking,Checking,Personal,credit,call center,1357.91,1
6a628cae-8012-11ea-b4a3-b88a60e194fb,transactionid:424168,crmid:6023541507,2020-03-28T06:20:59.000Z,transaction - mobile,prd1002,Platinum Card,Credit Card,Personal,credit,mobile,2583.99,1
6a6461e6-8012-11ea-98c8-b88a60e194fb,transactionid:129456,crmid:8512593821,2020-03-25T11:08:29.000Z,transaction - mobile,prd1090,Business Checking,Checking,Business,credit,ATM,2528.86,1
6a660f1e-8012-11ea-a4c5-b88a60e194fb,transactionid:980290,crmid:4635047124,2020-03-20T22:04:51.000Z,transaction - mobile,prd1134,Student Loan,Loan,Personal,credit,call center,2631.47,1
6a680b5e-8012-11ea-9dee-b88a60e194fb,transactionid:887468,crmid:1795924234,2020-03-30T02:20:18.000Z,transaction - mobile,prd1182,Brokerage Account,Investment,Personal,credit,call center,383386.67,1
6a6a06d8-8012-11ea-b7af-b88a60e194fb,transactionid:703706,crmid:3486001125,2020-03-23T17:43:15.000Z,transaction - mobile,prd1050,Travel Card,Credit Card,Personal,credit,ATM,1950.71,1
6a6c77c2-8012-11ea-9e69-b88a60e194fb,transactionid:505456,crmid:4939122038,2020-03-30T18:07:04.000Z,transaction - mobile,prd1141,Premium Checking,Checking,Personal,credit,broker,3143.74,1
6a6e4c9e-8012-11ea-aadc-b88a60e194fb,transactionid:300151,crmid:4448103702,2020-03-17T22:14:15.000Z,transaction - mobile,prd1167,Roth IRA,Retirement,Personal,credit,broker,2731.28,1
6a702136-8012-11ea-adfd-b88a60e194fb,transactionid:986088,crmid:5085515548,2020-03-30T21:06:15.000Z,transaction - mobile,prd1116,Everyday Checking,Checking,Personal,credit,ATM,1776.57,1
6a71a7d8-8012-11ea-9952-b88a60e194fb,transactionid:282312,crmid:9982270139,2020-03-31T14:06:48.000Z,transaction - mobile,prd1095,529 College Savings,College Savings,Personal,debt,call center,2941.38,1
6a730850-8012-11ea-920d-b88a60e194fb,transactionid:456060,crmid:8718714833,2020-03-26T18:16:18.000Z,transaction - mobile,prd1074,Premium Checking,Checking,Personal,credit,mobile,2684.34,1
6a74b508-8012-11ea-8f18-b88a60e194fb,transactionid:278559,crmid:1178894781,2020-03-31T20:10:53.000Z,transaction - mobile,prd1160,Platinum Card,Credit Card,Personal,credit,call center,3395.5,1
6a768a1e-8012-11ea-be16-b88a60e194fb,transactionid:108854,crmid:4572033284,2020-03-18T14:12:37.000Z,transaction - mobile,prd1094,Preferred Checking,Checking,Personal,credit,ATM,2848.98,1
6a783792-8012-11ea-bcea-b88a60e194fb,transactionid:145276,crmid:3908637183,2020-03-19T07:01:06.000Z,transaction - mobile,prd1035,Pension Account,Retirement,Personal,credit,ATM,2806.68,1
6a7a3338-8012-11ea-8b66-b88a60e194fb,transactionid:622614,crmid:9190415403,2020-03-23T01:44:01.000Z,transaction - mobile,prd1001,Personal Loan,Loan,Personal,credit,ATM,2909.44,1
6a7c07f4-8012-11ea-aa4f-b88a60e194fb,transactionid:742934,crmid:5408283598,2020-03-26T22:01:24.000Z,transaction - mobile,prd1040,High Interest Savings,Savings,Personal,credit,call center,2825.18,1
6a7db5e2-8012-11ea-b715-b88a60e194fb,transactionid:502039,crmid:3241686639,2020-03-15T08:41:06.000Z,transaction - mobile,prd1180,529 College Savings,College Savings,Personal,credit,call center,1851.25,1
6a7fd898-8012-11ea-b721-b88a60e194fb,transactionid:985347,crmid:2551455787,2020-03-28T06:00:26.000Z,transaction - mobile,prd1039,Dividend Card,Credit Card,Personal,credit,call center,3104.76,1
6a81ad46-8012-11ea-84e1-b88a60e194fb,transactionid:987095,crmid:6129126059,2020-03-21T00:45:26.000Z,transaction - mobile,prd1071,Critical Illness Insurance,Insurance,Personal,credit,call center,3409.62,1
6a8381fa-8012-11ea-942c-b88a60e194fb,transactionid:851411,crmid:6808799756,2020-03-16T09:30:30.000Z,transaction - mobile,prd1011,Rewards Savings,Savings,Personal,credit,call center,479315.93,1
6a8556cc-8012-11ea-bcf2-b88a60e194fb,transactionid:720067,crmid:1125845008,2020-03-18T11:36:06.000Z,transaction - mobile,prd1192,Money Market Savings,Savings,Personal,credit,broker,2262.94,1
6a872c0c-8012-11ea-bc49-b88a60e194fb,transactionid:635498,crmid:3543823140,2020-03-24T05:53:29.000Z,transaction - mobile,prd1169,Business Loan,Loan,Personal,credit,call center,2148.84,1
6a890036-8012-11ea-bbea-b88a60e194fb,transactionid:487610,crmid:2223505101,2020-03-17T22:11:10.000Z,transaction - mobile,prd1066,Homeowner's Insurance,Insurance,Personal,debt,call center,2609.67,1
6a8ad508-8012-11ea-8302-b88a60e194fb,transactionid:791887,crmid:4934710761,2020-03-20T14:56:26.000Z,transaction - mobile,prd1121,Mortgage: 30-yr Fixed,Mortgage,Personal,credit,mobile,3429.82,1
6a8cd0e2-8012-11ea-9472-b88a60e194fb,transactionid:295787,crmid:1840087589,2020-03-27T14:53:20.000Z,transaction - mobile,prd1161,Business Checking,Checking,Business,credit,ATM,365333.22,1
6a8ea586-8012-11ea-aa7c-b88a60e194fb,transactionid:373051,crmid:5312022872,2020-03-20T22:58:35.000Z,transaction - mobile,prd1029,401k,Retirement,Personal,credit,ATM,1934.72,1
6a905340-8012-11ea-ab22-b88a60e194fb,transactionid:267452,crmid:6733073063,2020-03-19T21:58:25.000Z,transaction - mobile,prd1179,Business Brokerage Account,Investment,Business,credit,call center,3028.32,1
6a9227ee-8012-11ea-9f7f-b88a60e194fb,transactionid:766416,crmid:9875794061,2020-03-19T16:31:27.000Z,transaction - mobile,prd1115,Mortgage: VA,Mortgage,Personal,credit,ATM,2550.96,1
6a93b000-8012-11ea-bfd3-b88a60e194fb,transactionid:983669,crmid:6472911422,2020-03-17T01:02:49.000Z,transaction - mobile,prd1088,CDs: 1 year,Investment,Personal,credit,call center,3343.12,1
6a950e48-8012-11ea-9013-b88a60e194fb,transactionid:215101,crmid:3981819434,2020-03-31T10:38:27.000Z,transaction - mobile,prd1146,529 College Savings,College Savings,Personal,close,ATM,483375.18,1
6a969664-8012-11ea-931d-b88a60e194fb,transactionid:875981,crmid:7588860199,2020-03-18T15:50:49.000Z,transaction - mobile,prd1020,Everyday Savings,Savings,Personal,close,ATM,2038.34,1
6a986994-8012-11ea-9daa-b88a60e194fb,transactionid:892764,crmid:2382953600,2020-03-26T19:02:15.000Z,transaction - mobile,prd1118,Simplicity Card,Credit Card,Personal,credit,mobile,3158.14,1
6a9b01c8-8012-11ea-b327-b88a60e194fb,transactionid:764400,crmid:6603526909,2020-03-30T20:30:34.000Z,transaction - mobile,prd1094,Preferred Checking,Checking,Personal,credit,call center,4266.51,1
6a9d4bc6-8012-11ea-9a45-b88a60e194fb,transactionid:327789,crmid:6218430344,2020-03-15T13:45:07.000Z,transaction - mobile,prd1104,Health Savings,Savings,Personal,credit,mobile,2821.13,1
6a9f4774-8012-11ea-a375-b88a60e194fb,transactionid:644616,crmid:6905225666,2020-03-26T02:36:11.000Z,transaction - mobile,prd1118,Simplicity Card,Credit Card,Personal,credit,mobile,3298.82,1
6aa1432c-8012-11ea-9fb0-b88a60e194fb,transactionid:626590,crmid:1315847373,2020-03-20T16:22:30.000Z,transaction - mobile,prd1172,Employee Stock Purchase Plans,Investment,Personal,credit,call center,2854.72,1
6aa365e6-8012-11ea-99d5-b88a60e194fb,transactionid:573437,crmid:5714408214,2020-03-31T19:20:21.000Z,transaction - mobile,prd1146,529 College Savings,College Savings,Personal,credit,ATM,5085.31,1
6aa513b4-8012-11ea-b38d-b88a60e194fb,transactionid:746291,crmid:5489140020,2020-03-15T13:04:50.000Z,transaction - mobile,prd1069,Homeowner's Insurance,Insurance,Personal,credit,mobile,2575.67,1
6aa6e8c2-8012-11ea-a88d-b88a60e194fb,transactionid:947761,crmid:2985298558,2020-03-18T21:45:21.000Z,transaction - mobile,prd1021,CDs: 5 year,Investment,Personal,credit,ATM,3367.0,1
6aa8bd22-8012-11ea-b57c-b88a60e194fb,transactionid:242370,crmid:1725163678,2020-03-22T09:02:34.000Z,transaction - mobile,prd1143,Travel Card,Credit Card,Personal,close,ATM,3145.24,1
6aaa9234-8012-11ea-a1f9-b88a60e194fb,transactionid:186476,crmid:6118543798,2020-03-31T18:50:57.000Z,transaction - mobile,prd1033,Fixed Deposit,Investment,Personal,credit,broker,1603.19,1
6aac3fae-8012-11ea-a654-b88a60e194fb,transactionid:478822,crmid:5848950969,2020-03-22T05:59:11.000Z,transaction - mobile,prd1163,Rewards Savings,Savings,Personal,credit,call center,3946.97,1
6aad9f14-8012-11ea-b63d-b88a60e194fb,transactionid:776996,crmid:5001620831,2020-03-25T02:48:21.000Z,transaction - mobile,prd1043,Business Savings,Savings,Business,credit,ATM,2851.48,1
6aaf73f4-8012-11ea-8fce-b88a60e194fb,transactionid:175718,crmid:4249689324,2020-03-18T09:37:33.000Z,transaction - mobile,prd1087,Overseas Equity Fund,Investment,Personal,credit,branch,3069.49,1
6ab0fb90-8012-11ea-8c06-b88a60e194fb,transactionid:554532,crmid:4465750988,2020-03-18T20:21:21.000Z,transaction - mobile,prd1162,High Interest Savings,Savings,Personal,credit,ATM,2055.03,1
6ab28128-8012-11ea-b09b-b88a60e194fb,transactionid:267124,crmid:6645132928,2020-03-19T20:38:22.000Z,transaction - mobile,prd1190,Premium Checking,Checking,Personal,debt,broker,349597.54,1
6ab42f4a-8012-11ea-8054-b88a60e194fb,transactionid:899623,crmid:2686608252,2020-03-21T16:33:00.000Z,transaction - mobile,prd1074,Premium Checking,Checking,Personal,debt,branch,2586.08,1
6ab5b566-8012-11ea-9e1d-b88a60e194fb,transactionid:890463,crmid:5200745132,2020-03-20T23:54:04.000Z,transaction - mobile,prd1190,Premium Checking,Checking,Personal,credit,ATM,3619.0,1
6ab78a2e-8012-11ea-a3f4-b88a60e194fb,transactionid:241778,crmid:2510497794,2020-03-24T13:10:52.000Z,transaction - mobile,prd1075,Student Savings,Savings,Personal,credit,mobile,4200.88,1
6ab95f4a-8012-11ea-83aa-b88a60e194fb,transactionid:522981,crmid:8924148380,2020-03-30T21:22:47.000Z,transaction - mobile,prd1013,Mortgage: FHA,Mortgage,Personal,credit,mobile,3845.26,1
6abb81d2-8012-11ea-9d44-b88a60e194fb,transactionid:762678,crmid:5128132678,2020-03-18T06:36:22.000Z,transaction - mobile,prd1146,529 College Savings,College Savings,Personal,credit,ATM,1330.35,1
6abd568c-8012-11ea-a8b0-b88a60e194fb,transactionid:496051,crmid:2470552965,2020-03-21T01:26:13.000Z,transaction - mobile,prd1023,Health Savings,Savings,Personal,credit,ATM,3528.7,1
6abedd1c-8012-11ea-8f9a-b88a60e194fb,transactionid:387497,crmid:7505425983,2020-03-19T23:13:16.000Z,transaction - mobile,prd1149,Auto Loan,Loan,Personal,credit,ATM,2562.44,1
6ac08ae8-8012-11ea-8c1c-b88a60e194fb,transactionid:201416,crmid:9424357724,2020-03-28T18:43:48.000Z,transaction - mobile,prd1102,Everyday Savings,Savings,Personal,credit,ATM,3413.84,1
6ac21168-8012-11ea-b953-b88a60e194fb,transactionid:394882,crmid:4319508928,2020-03-19T08:42:19.000Z,transaction - mobile,prd1048,Business Loan,Loan,Business,credit,broker,3141.62,1
6ac3e642-8012-11ea-8e50-b88a60e194fb,transactionid:467844,crmid:9446179244,2020-03-30T18:24:46.000Z,transaction - mobile,prd1010,529 College Savings,College Savings,Personal,credit,broker,495600.48,1
6ac5baf6-8012-11ea-9a9c-b88a60e194fb,transactionid:240991,crmid:5935319317,2020-03-16T16:48:18.000Z,transaction - mobile,prd1084,Student Savings,Savings,Personal,credit,call center,1620.54,1
6ac7699c-8012-11ea-a0e1-b88a60e194fb,transactionid:144401,crmid:2625689946,2020-03-27T07:17:47.000Z,transaction - mobile,prd1094,Preferred Checking,Checking,Personal,credit,call center,3661.43,1
6ac8ef3a-8012-11ea-82ea-b88a60e194fb,transactionid:655265,crmid:1330302626,2020-03-24T18:59:56.000Z,transaction - mobile,prd1085,Auto Loan,Loan,Personal,credit,call center,410684.3,1
6acac3f4-8012-11ea-9b49-b88a60e194fb,transactionid:976207,crmid:4482786249,2020-03-21T15:52:08.000Z,transaction - mobile,prd1167,Roth IRA,Retirement,Personal,credit,branch,2370.32,1
6acc4bee-8012-11ea-9ca3-b88a60e194fb,transactionid:257237,crmid:1418525217,2020-03-20T21:23:27.000Z,transaction - mobile,prd1054,Personal Loan,Loan,Personal,credit,call center,2664.36,1
6acdd11e-8012-11ea-ab29-b88a60e194fb,transactionid:426414,crmid:7990851145,2020-03-16T12:51:00.000Z,transaction - mobile,prd1074,Premium Checking,Checking,Personal,credit,ATM,3004.49,1
6acfa600-8012-11ea-89bc-b88a60e194fb,transactionid:621130,crmid:9115725680,2020-03-29T08:02:10.000Z,transaction - mobile,prd1084,Student Savings,Savings,Personal,credit,call center,3442.3,1
6ad1538c-8012-11ea-9708-b88a60e194fb,transactionid:477673,crmid:6896117218,2020-03-28T22:03:54.000Z,transaction - mobile,prd1174,Traditional IRA,Retirement,Personal,credit,ATM,3878.71,1
6ad2da38-8012-11ea-ad39-b88a60e194fb,transactionid:736043,crmid:9148908545,2020-03-31T19:07:10.000Z,transaction - mobile,prd1052,Preferred Checking,Checking,Personal,credit,broker,4152.53,1
6ad488a6-8012-11ea-bccd-b88a60e194fb,transactionid:474850,crmid:6124885334,2020-03-16T00:19:57.000Z,transaction - mobile,prd1096,Renter's Insurance,Insurance,Personal,credit,mobile,2202.66,1
6ad635a4-8012-11ea-bbcc-b88a60e194fb,transactionid:977553,crmid:4904833175,2020-03-29T13:17:04.000Z,transaction - mobile,prd1134,Student Loan,Loan,Personal,credit,call center,3431.13,1
6ad7e352-8012-11ea-86f9-b88a60e194fb,transactionid:776771,crmid:4310154327,2020-03-19T09:06:27.000Z,transaction - mobile,prd1142,Rewards Savings,Savings,Personal,credit,ATM,3264.54,1
6ad9918a-8012-11ea-9aa2-b88a60e194fb,transactionid:507692,crmid:7423685804,2020-03-24T00:14:43.000Z,transaction - mobile,prd1164,Student Card,Credit Card,Personal,close,mobile,4230.89,1
6add6182-8012-11ea-9b51-b88a60e194fb,transactionid:604511,crmid:2764848473,2020-03-19T02:46:52.000Z,transaction - mobile,prd1142,Rewards Savings,Savings,Personal,credit,broker,3372.14,1
6adf375c-8012-11ea-8e05-b88a60e194fb,transactionid:833274,crmid:9915091201,2020-03-20T20:19:15.000Z,transaction - mobile,prd1141,Premium Checking,Checking,Personal,credit,call center,3317.45,1
6ae0bcee-8012-11ea-a003-b88a60e194fb,transactionid:363190,crmid:6832131901,2020-03-24T19:33:55.000Z,transaction - mobile,prd1061,Mortgage: 5/1 ARM,Mortgage,Personal,credit,call center,473994.88,1
6ae26a94-8012-11ea-a9dc-b88a60e194fb,transactionid:503646,crmid:4513011265,2020-03-28T04:46:55.000Z,transaction - mobile,prd1095,529 College Savings,College Savings,Personal,credit,call center,3388.95,1
6ae41848-8012-11ea-8a85-b88a60e194fb,transactionid:142239,crmid:8581999012,2020-03-23T21:13:26.000Z,transaction - mobile,prd1155,CDs: 5 year,Investment,Personal,credit,ATM,1509.04,1
6ae59f0c-8012-11ea-9307-b88a60e194fb,transactionid:252917,crmid:7437430983,2020-03-30T06:05:15.000Z,transaction - mobile,prd1078,Mortgage: 7/1 ARM,Mortgage,Personal,close,call center,3442.87,1
6ae72580-8012-11ea-ae33-b88a60e194fb,transactionid:595882,crmid:4949850727,2020-03-16T10:29:16.000Z,transaction - mobile,prd1166,Business Checking,Checking,Business,debt,call center,2859.18,1
6ae8fa50-8012-11ea-b59b-b88a60e194fb,transactionid:421106,crmid:6154924950,2020-03-21T01:17:00.000Z,transaction - mobile,prd1055,Rewards Card,Credit Card,Personal,credit,call center,501.15,1
6aeacf0a-8012-11ea-83ff-b88a60e194fb,transactionid:351226,crmid:8552650970,2020-03-20T10:23:41.000Z,transaction - mobile,prd1099,High Interest Savings,Savings,Personal,credit,broker,4780.4,1
6aec55b4-8012-11ea-ad4c-b88a60e194fb,transactionid:518620,crmid:9235062047,2020-03-23T01:14:18.000Z,transaction - mobile,prd1140,Travel Card,Credit Card,Personal,credit,ATM,2588.49,1
6aee2a90-8012-11ea-85d6-b88a60e194fb,transactionid:188814,crmid:7263651421,2020-03-17T09:36:41.000Z,transaction - mobile,prd1004,Business Card,Credit Card,Business,credit,call center,3543.12,1
6af04dd2-8012-11ea-bba2-b88a60e194fb,transactionid:786666,crmid:5199511198,2020-03-29T08:58:44.000Z,transaction - mobile,prd1156,Student Card,Credit Card,Personal,debt,ATM,286467.01,1
6af27018-8012-11ea-af7b-b88a60e194fb,transactionid:641951,crmid:4771266652,2020-03-17T14:20:33.000Z,transaction - mobile,prd1190,Premium Checking,Checking,Personal,credit,broker,3463.28,1
6af46bfe-8012-11ea-a66d-b88a60e194fb,transactionid:836857,crmid:2036459222,2020-03-28T05:40:06.000Z,transaction - mobile,prd1009,Everyday Checking,Checking,Personal,credit,broker,3343.21,1
6af667be-8012-11ea-b2e7-b88a60e194fb,transactionid:671208,crmid:8483273357,2020-03-21T22:55:25.000Z,transaction - mobile,prd1126,Merchant Services Account,Merchant Services,Business,credit,mobile,3584.09,1
6af86386-8012-11ea-bad3-b88a60e194fb,transactionid:952487,crmid:9624877456,2020-03-28T06:01:54.000Z,transaction - mobile,prd1138,Money Market Savings,Savings,Personal,debt,call center,3444.7,1
6af9ea22-8012-11ea-9274-b88a60e194fb,transactionid:267301,crmid:4206480306,2020-03-18T02:34:02.000Z,transaction - mobile,prd1109,Dividend Card,Credit Card,Personal,credit,branch,3865.67,1
6afbe5dc-8012-11ea-bbf6-b88a60e194fb,transactionid:257600,crmid:4877119678,2020-03-21T18:38:41.000Z,transaction - mobile,prd1049,Business Brokerage Account,Investment,Business,credit,call center,3022.0,1
6afe08d8-8012-11ea-9616-b88a60e194fb,transactionid:690486,crmid:8858413862,2020-03-25T16:05:46.000Z,transaction - mobile,prd1074,Premium Checking,Checking,Personal,credit,call center,2244.06,1
6b000528-8012-11ea-924a-b88a60e194fb,transactionid:541410,crmid:9367527095,2020-03-20T01:32:00.000Z,transaction - mobile,prd1195,Student Card,Credit Card,Personal,credit,broker,2447.24,1
6b01b2a4-8012-11ea-9411-b88a60e194fb,transactionid:643003,crmid:7090502636,2020-03-21T13:19:56.000Z,transaction - mobile,prd1142,Rewards Savings,Savings,Personal,credit,broker,3700.1,1
6b03d528-8012-11ea-9336-b88a60e194fb,transactionid:956305,crmid:2752197131,2020-03-17T15:40:13.000Z,transaction - mobile,prd1009,Everyday Checking,Checking,Personal,credit,mobile,493529.72,1
6b05a9e4-8012-11ea-9c6a-b88a60e194fb,transactionid:100057,crmid:1304643005,2020-03-19T19:39:55.000Z,transaction - mobile,prd1137,Business Checking,Checking,Business,debt,call center,2482.46,1
6b07579a-8012-11ea-9e23-b88a60e194fb,transactionid:307105,crmid:9462990615,2020-03-26T23:23:56.000Z,transaction - mobile,prd1194,Preferred Checking,Checking,Personal,credit,call center,1653.49,1
6b095392-8012-11ea-838c-b88a60e194fb,transactionid:309584,crmid:3952457983,2020-03-15T16:11:36.000Z,transaction - mobile,prd1147,Business Savings,Savings,Business,credit,call center,3393.63,1
6b0b29c6-8012-11ea-801e-b88a60e194fb,transactionid:236274,crmid:2678249194,2020-03-24T20:43:19.000Z,transaction - mobile,prd1038,Dividend Card,Credit Card,Personal,credit,call center,3985.25,1
6b0cd5e6-8012-11ea-a653-b88a60e194fb,transactionid:918694,crmid:3709168146,2020-03-19T13:47:23.000Z,transaction - mobile,prd1076,Student Savings,Savings,Personal,close,call center,1934.0,1
6b0eab40-8012-11ea-90f4-b88a60e194fb,transactionid:145124,crmid:2381255835,2020-03-18T08:07:12.000Z,transaction - mobile,prd1187,Business Savings,Savings,Business,credit,mobile,2687.6,1
6b107f54-8012-11ea-9b3e-b88a60e194fb,transactionid:779890,crmid:1231358888,2020-03-27T11:10:48.000Z,transaction - mobile,prd1125,Mortgage: FHA,Mortgage,Personal,credit,call center,527950.36,1
6b1205f4-8012-11ea-bc1d-b88a60e194fb,transactionid:695075,crmid:2116383856,2020-03-23T22:41:42.000Z,transaction - mobile,prd1076,Student Savings,Savings,Personal,credit,broker,414843.65,1
6b13db3a-8012-11ea-8e41-b88a60e194fb,transactionid:845447,crmid:2387496022,2020-03-23T16:37:49.000Z,transaction - mobile,prd1020,Everyday Savings,Savings,Personal,credit,mobile,400786.97,1
6b15af62-8012-11ea-be3d-b88a60e194fb,transactionid:126439,crmid:9665752974,2020-03-16T00:10:39.000Z,transaction - mobile,prd1141,Premium Checking,Checking,Personal,credit,call center,2752.53,1
6b175d24-8012-11ea-b5e0-b88a60e194fb,transactionid:234367,crmid:7874231349,2020-03-25T11:02:57.000Z,transaction - mobile,prd1070,High Interest Savings,Savings,Personal,credit,broker,3668.34,1
6b197fe6-8012-11ea-973a-b88a60e194fb,transactionid:979857,crmid:5392654441,2020-03-20T12:42:48.000Z,transaction - mobile,prd1084,Student Savings,Savings,Personal,credit,branch,2534.13,1
6b1ba2cc-8012-11ea-a40f-b88a60e194fb,transactionid:174822,crmid:2962075451,2020-03-23T11:14:34.000Z,transaction - mobile,prd1104,Health Savings,Savings,Personal,close,mobile,3797.92,1
6b1d9ec2-8012-11ea-a7d2-b88a60e194fb,transactionid:945184,crmid:4906459849,2020-03-15T04:02:10.000Z,transaction - mobile,prd1147,Business Savings,Savings,Business,credit,mobile,1948.8,1
6b1f4c68-8012-11ea-9c35-b88a60e194fb,transactionid:655363,crmid:3570823862,2020-03-28T00:35:48.000Z,transaction - mobile,prd1043,Business Savings,Savings,Business,credit,mobile,4258.78,1
6b212124-8012-11ea-91a9-b88a60e194fb,transactionid:103173,crmid:4278540222,2020-03-28T04:58:41.000Z,transaction - mobile,prd1157,Brokerage Account,Investment,Personal,credit,ATM,2157.42,1
6b22f5c0-8012-11ea-ad7f-b88a60e194fb,transactionid:123242,crmid:5042880790,2020-03-30T06:15:45.000Z,transaction - mobile,prd1040,High Interest Savings,Savings,Personal,credit,branch,1918.5,1
6b247c58-8012-11ea-a357-b88a60e194fb,transactionid:790512,crmid:8969046586,2020-03-17T08:42:16.000Z,transaction - mobile,prd1136,Student Savings,Savings,Personal,credit,branch,2783.86,1
6b2651e8-8012-11ea-acdd-b88a60e194fb,transactionid:494661,crmid:2782333297,2020-03-20T16:27:43.000Z,transaction - mobile,prd1143,Travel Card,Credit Card,Personal,credit,call center,3145.23,1
6b28260c-8012-11ea-b5fb-b88a60e194fb,transactionid:906783,crmid:5657681743,2020-03-15T17:59:28.000Z,transaction - mobile,prd1066,Homeowner's Insurance,Insurance,Personal,credit,call center,3745.94,1
6b2a7134-8012-11ea-bd31-b88a60e194fb,transactionid:366770,crmid:8539684930,2020-03-26T09:33:42.000Z,transaction - mobile,prd1014,CDs: 3 month,Investment,Personal,credit,call center,3758.15,1
6b2bf69e-8012-11ea-9581-b88a60e194fb,transactionid:634841,crmid:4137601784,2020-03-30T13:56:06.000Z,transaction - mobile,prd1013,Mortgage: FHA,Mortgage,Personal,debt,ATM,3323.44,1
6b2dcb4a-8012-11ea-9da3-b88a60e194fb,transactionid:419298,crmid:6166588601,2020-03-23T12:04:15.000Z,transaction - mobile,prd1136,Student Savings,Savings,Personal,credit,mobile,2600.85,1
6b2f78ee-8012-11ea-8643-b88a60e194fb,transactionid:425863,crmid:5139566397,2020-03-18T12:25:27.000Z,transaction - mobile,prd1180,529 College Savings,College Savings,Personal,credit,mobile,3224.75,1
6b30ff92-8012-11ea-abf1-b88a60e194fb,transactionid:652211,crmid:5888092587,2020-03-21T14:17:43.000Z,transaction - mobile,prd1093,Money Market Savings,Savings,Personal,credit,mobile,2378.16,1
6b32ad5a-8012-11ea-abd6-b88a60e194fb,transactionid:988049,crmid:1860831276,2020-03-18T13:16:05.000Z,transaction - mobile,prd1001,Personal Loan,Loan,Personal,credit,mobile,2136.66,1
6b3482b4-8012-11ea-adb5-b88a60e194fb,transactionid:870075,crmid:8789790817,2020-03-26T08:15:12.000Z,transaction - mobile,prd1131,Employee Stock Purchase Plans,Investment,Personal,debt,broker,1040.02,1
6b36a4dc-8012-11ea-8b14-b88a60e194fb,transactionid:135473,crmid:6364461501,2020-03-16T13:20:41.000Z,transaction - mobile,prd1187,Business Savings,Savings,Business,credit,mobile,3102.41,1
6b38c78c-8012-11ea-9855-b88a60e194fb,transactionid:150031,crmid:6252722146,2020-03-23T21:53:53.000Z,transaction - mobile,prd1090,Business Checking,Checking,Business,credit,call center,467811.53,1
6b3a9c74-8012-11ea-8edd-b88a60e194fb,transactionid:497712,crmid:5235702945,2020-03-27T10:30:36.000Z,transaction - mobile,prd1164,Student Card,Credit Card,Personal,credit,ATM,2543.09,1
6b3cbf66-8012-11ea-990c-b88a60e194fb,transactionid:220025,crmid:9942087119,2020-03-16T11:25:20.000Z,transaction - mobile,prd1188,Business Savings,Savings,Business,credit,call center,2473.82,1
6b3f7e5c-8012-11ea-a9cd-b88a60e194fb,transactionid:988802,crmid:9827102102,2020-03-22T18:02:12.000Z,transaction - mobile,prd1124,CDs: 5 year,Investment,Personal,credit,branch,1733.11,1
6b417a4a-8012-11ea-9979-b88a60e194fb,transactionid:677199,crmid:4293683357,2020-03-21T01:22:02.000Z,transaction - mobile,prd1120,Mortgage: 10/1 ARM,Mortgage,Personal,credit,broker,3321.31,1
6b434eec-8012-11ea-8815-b88a60e194fb,transactionid:148101,crmid:9153555186,2020-03-29T15:56:50.000Z,transaction - mobile,prd1054,Personal Loan,Loan,Personal,credit,call center,3028.88,1
6b454afa-8012-11ea-9be9-b88a60e194fb,transactionid:725610,crmid:7537951797,2020-03-19T02:58:58.000Z,transaction - mobile,prd1099,High Interest Savings,Savings,Personal,credit,ATM,4456.46,1
6b4746b4-8012-11ea-81b4-b88a60e194fb,transactionid:818980,crmid:7193551948,2020-03-24T18:39:01.000Z,transaction - mobile,prd1197,Business Card,Credit Card,Business,credit,mobile,1993.12,1
6b49424c-8012-11ea-b9bd-b88a60e194fb,transactionid:921806,crmid:3984700389,2020-03-15T02:21:05.000Z,transaction - mobile,prd1141,Premium Checking,Checking,Personal,close,ATM,1681.58,1
6b4b170c-8012-11ea-a73b-b88a60e194fb,transactionid:836012,crmid:9672529935,2020-03-15T06:42:09.000Z,transaction - mobile,prd1007,Health Savings,Savings,Personal,credit,ATM,3035.52,1
6b4d12e2-8012-11ea-8058-b88a60e194fb,transactionid:153465,crmid:9552532134,2020-03-16T02:27:30.000Z,transaction - mobile,prd1187,Business Savings,Savings,Business,credit,ATM,3475.95,1
6b4f1018-8012-11ea-86f3-b88a60e194fb,transactionid:469345,crmid:9142292049,2020-03-21T06:28:53.000Z,transaction - mobile,prd1026,Mortgage: 5/1 ARM,Mortgage,Personal,credit,ATM,2991.24,1
6b506e4c-8012-11ea-b0d1-b88a60e194fb,transactionid:551958,crmid:2988893828,2020-03-21T21:49:41.000Z,transaction - mobile,prd1155,CDs: 5 year,Investment,Personal,debt,call center,2897.12,1
6b521be8-8012-11ea-bf34-b88a60e194fb,transactionid:183071,crmid:9994703658,2020-03-29T00:46:21.000Z,transaction - mobile,prd1091,Critical Illness Insurance,Insurance,Personal,credit,ATM,3006.69,1
6b543f86-8012-11ea-b6fb-b88a60e194fb,transactionid:903065,crmid:3836911165,2020-03-30T19:23:28.000Z,transaction - mobile,prd1133,High Interest Savings,Savings,Personal,credit,branch,2438.22,1
6b561394-8012-11ea-b160-b88a60e194fb,transactionid:727266,crmid:7251508069,2020-03-27T19:03:35.000Z,transaction - mobile,prd1180,529 College Savings,College Savings,Personal,credit,mobile,1912.76,1
6b5836c8-8012-11ea-a78d-b88a60e194fb,transactionid:318972,crmid:4344134533,2020-03-18T11:43:11.000Z,transaction - mobile,prd1122,Merchant Services Account,Merchant Services,Business,credit,call center,395879.26,1
6b5a3234-8012-11ea-a497-b88a60e194fb,transactionid:672309,crmid:5906553707,2020-03-18T15:37:05.000Z,transaction - mobile,prd1152,Health Savings,Savings,Personal,credit,call center,461547.88,1
6b5c2e28-8012-11ea-8f6e-b88a60e194fb,transactionid:194785,crmid:3814289852,2020-03-21T01:50:20.000Z,transaction - mobile,prd1195,Student Card,Credit Card,Personal,credit,call center,3320.98,1
6b5e50d8-8012-11ea-9225-b88a60e194fb,transactionid:868700,crmid:1975973771,2020-03-28T02:50:13.000Z,transaction - mobile,prd1150,Money Market,Investment,Personal,credit,ATM,1736.55,1
6b6025c0-8012-11ea-a72a-b88a60e194fb,transactionid:226238,crmid:8805700072,2020-03-20T07:13:47.000Z,transaction - mobile,prd1116,Everyday Checking,Checking,Personal,credit,call center,4452.9,1
6b61d36c-8012-11ea-9692-b88a60e194fb,transactionid:952652,crmid:6470833332,2020-03-20T14:09:53.000Z,transaction - mobile,prd1003,Premium Checking,Checking,Personal,credit,call center,2670.46,1
6b6332fa-8012-11ea-9b8e-b88a60e194fb,transactionid:463932,crmid:9288746784,2020-03-21T09:30:09.000Z,transaction - mobile,prd1158,Preferred Checking,Checking,Personal,close,call center,2441.48,1
6b64b998-8012-11ea-8999-b88a60e194fb,transactionid:844740,crmid:1345309767,2020-03-25T22:04:23.000Z,transaction - mobile,prd1058,Simplicity Card,Credit Card,Personal,credit,call center,3058.8,1
6b66b566-8012-11ea-b36e-b88a60e194fb,transactionid:750115,crmid:4256364666,2020-03-30T13:47:49.000Z,transaction - mobile,prd1189,Overseas Equity Fund,Investment,Personal,credit,mobile,3021.18,1
6b688a3a-8012-11ea-aa21-b88a60e194fb,transactionid:663463,crmid:7009167326,2020-03-28T04:47:03.000Z,transaction - mobile,prd1009,Everyday Checking,Checking,Personal,credit,mobile,2978.12,1
6b6a5eb6-8012-11ea-b515-b88a60e194fb,transactionid:390086,crmid:2360619909,2020-03-20T13:30:31.000Z,transaction - mobile,prd1067,Everyday Checking,Checking,Personal,credit,mobile,3673.44,1
6b6c5a92-8012-11ea-b182-b88a60e194fb,transactionid:899985,crmid:3529319737,2020-03-18T10:14:04.000Z,transaction - mobile,prd1144,Home Equity Loan,Mortgage,Personal,credit,ATM,3639.2,1
6b6e2f74-8012-11ea-839d-b88a60e194fb,transactionid:448567,crmid:7469200040,2020-03-23T03:48:57.000Z,transaction - mobile,prd1124,CDs: 5 year,Investment,Personal,credit,branch,2982.25,1
6b6fdd12-8012-11ea-bb40-b88a60e194fb,transactionid:381139,crmid:6751239350,2020-03-17T21:32:35.000Z,transaction - mobile,prd1040,High Interest Savings,Savings,Personal,close,mobile,3036.72,1
6b71b1de-8012-11ea-b936-b88a60e194fb,transactionid:172206,crmid:7294312535,2020-03-21T04:54:36.000Z,transaction - mobile,prd1039,Dividend Card,Credit Card,Personal,credit,call center,4363.27,1
6b733874-8012-11ea-9c98-b88a60e194fb,transactionid:942011,crmid:8357464269,2020-03-22T23:10:02.000Z,transaction - mobile,prd1142,Rewards Savings,Savings,Personal,credit,mobile,3173.11,1
6b74e62e-8012-11ea-a4d8-b88a60e194fb,transactionid:445982,crmid:6579643782,2020-03-30T16:13:47.000Z,transaction - mobile,prd1185,Mortgage: FHA,Mortgage,Personal,debt,branch,4448.53,1
6b76bae6-8012-11ea-9366-b88a60e194fb,transactionid:901997,crmid:8131482600,2020-03-28T02:49:32.000Z,transaction - mobile,prd1185,Mortgage: FHA,Mortgage,Personal,credit,call center,3545.17,1
6b788fc8-8012-11ea-9492-b88a60e194fb,transactionid:810193,crmid:2138731888,2020-03-19T09:12:56.000Z,transaction - mobile,prd1180,529 College Savings,College Savings,Personal,credit,call center,2831.02,1
6b7a8b78-8012-11ea-b95f-b88a60e194fb,transactionid:786337,crmid:7340862594,2020-03-26T05:18:41.000Z,transaction - mobile,prd1109,Dividend Card,Credit Card,Personal,debt,ATM,2374.23,1
6b7c3938-8012-11ea-b68c-b88a60e194fb,transactionid:597492,crmid:3716845007,2020-03-20T05:08:00.000Z,transaction - mobile,prd1014,CDs: 3 month,Investment,Personal,credit,mobile,2321.15,1
6b7e0dcc-8012-11ea-8abf-b88a60e194fb,transactionid:957406,crmid:1612757512,2020-03-24T17:29:43.000Z,transaction - mobile,prd1116,Everyday Checking,Checking,Personal,credit,broker,5669.61,1
6b7fbc78-8012-11ea-af7a-b88a60e194fb,transactionid:654503,crmid:6386926174,2020-03-18T09:09:16.000Z,transaction - mobile,prd1158,Preferred Checking,Checking,Personal,debt,mobile,3503.31,1
6b816952-8012-11ea-a964-b88a60e194fb,transactionid:887835,crmid:8955863147,2020-03-25T09:47:33.000Z,transaction - mobile,prd1031,Business Loan,Loan,Business,credit,broker,3874.23,1
