crmid,email,first_name,last_name,gender,mobile telephone,city,country,zip,state,street address,birthday,creditrating
crmid:1185521792,scythed1854@yandex.com,Barton,Cross,,596-717-3492,Fort Smith,United States,80207,Connecticut,1325 Clifford,1963-10-03,1369
crmid:6548031578,comprehensibly1905@gmail.com,Arturo,Hudson,,479-259-0209,Manassas,United States,71700,Indiana,958 Clearview,1986-02-05,1448
crmid:9098844759,scarabs1846@yandex.com,Hana,Fletcher,female,326-065-5310,Clarksburg,United States,62800,South Carolina,150 Grant,1948-11-07,2383
crmid:3314808891,indifferent1968@live.com,Elden,Barry,,894-730-1254,Tacoma,United States,49511,New Jersey,674 Mckinley,1992-12-30,1298
crmid:7738237636,unobstructedness1808@outlook.com,Bao,Stein,female,160-693-0970,Parma Heights,United States,28477,Oklahoma,601 Diamond Heights,1956-01-28,1814
crmid:3941337979,dosanjh1986@yandex.com,Bernie,Livingston,,451-925-8974,New Haven,United States,81007,Arkansas,362 Myra,1996-07-04,1489
crmid:8255942997,fossa1994@live.com,Karl,Dean,,045-294-5354,Madison Heights,United States,32274,South Carolina,314 Raccoon,1985-05-01,1250
crmid:1246607697,nonmanila1902@yahoo.com,Saul,Rodgers,male,203-004-2827,Albertville,United States,53822,Alaska,75 Nautilus,1931-09-25,1449
crmid:4991651365,oxysalts1995@outlook.com,Galen,Welch,male,125-440-5103,Stillwater,United States,19499,Delaware,471 Hillcrest,1943-04-30,967
crmid:9349087955,latria2065@outlook.com,Hung,Myers,,334-680-6102,Manchester,United States,77865,Georgia,593 Topaz,1986-05-26,2934
crmid:4761644122,alboranite1933@yahoo.com,Agnus,Hewitt,female,292-676-0105,Pflugerville,United States,24325,Oregon,519 Jeopardy,1958-01-14,2313
crmid:3510826608,theropod1848@live.com,Malka,Williamson,female,042-656-1902,Schertz,United States,19109,Louisiana,83 Glendale,1955-06-15,394
crmid:8540155614,antical1875@live.com,Oliva,Silva,female,571-738-6466,St. Peters,United States,71867,Georgia,994 Exposition,1951-07-27,2857
crmid:4971131214,accessible1891@outlook.com,Wallace,Branch,,350-764-9140,Hawthorne,United States,49556,Utah,681 Terry A Francois,1970-07-22,545
crmid:2039479978,claimer1950@live.com,Eldridge,Ochoa,male,747-545-1848,Burbank,United States,19627,Nebraska,1044 West Crystal Cove,1942-03-22,879
crmid:4269110230,donatistical1875@live.com,Patrick,Garrett,,785-340-3266,Ozark,United States,64383,Tennessee,467 Division,1985-03-13,1183
crmid:9792044494,quarts1893@live.com,Don,Daniels,,331-306-3817,Lorain,United States,70014,Washington,1299 Fanning,1984-01-28,2459
crmid:8829857765,emory1945@live.com,Toby,Mcclain,,869-129-0854,Patterson,United States,43755,New Hampshire,48 Knollview,1992-06-26,2219
crmid:1396432559,corners1837@yahoo.com,Billie,Norris,,277-665-4055,Gallatin,United States,80396,Washington,584 Kenwood,1965-01-30,888
crmid:4674733047,aback1882@gmail.com,Donnell,Kramer,,417-990-9095,Littleton,United States,21509,New Hampshire,389 Deming,1983-05-10,2520
crmid:1848294225,affirmation1815@yandex.com,Sonny,Bowen,male,248-580-5803,Aliso Viejo,United States,51024,Pennsylvania,142 Margaret,1931-09-03,2466
crmid:4187675283,acanthurus1969@live.com,Morris,Zamora,,100-809-7462,Monroeville,United States,83999,Michigan,5 Cole,1992-06-13,2436
crmid:6043736741,sooners1895@yahoo.com,Lenny,Brown,male,654-745-4787,Allentown,United States,36103,Virginia,1019 Santos,1931-06-04,2551
crmid:5964863731,gerbil1924@live.com,Charlyn,Hart,female,459-572-6623,Dallas,United States,66342,Massachusetts,1400 Riley,1952-12-21,1359
crmid:7204006625,syzygetic1917@yandex.com,Damion,Snow,,472-484-2137,Holyoke,United States,91121,Nevada,198 Sonora,1972-02-06,2113
crmid:9917577193,asperates1838@live.com,Brooks,O'donnell,,816-452-0143,Modesto,United States,92048,California,257 Visitacion,1992-02-07,2492
crmid:4215239211,exterminatress2037@yahoo.com,Raul,Morris,,463-335-8256,Hamilton,United States,10610,Connecticut,691 Ophir,1969-03-09,648
crmid:2133866218,brushy2059@live.com,Leonard,Cash,male,278-347-7635,Bethlehem,United States,34511,Nevada,800 Wheeler,1938-06-05,2694
crmid:3868813539,dulcity1890@gmail.com,Lyle,Hawkins,male,281-308-0060,Augusta,United States,30681,Kentucky,996 Chula,1935-06-13,2587
crmid:2390973249,aboveground1892@outlook.com,Johnson,Bryan,male,709-906-3844,Blue Springs,United States,35752,Wisconsin,154 English,1939-05-04,2318
crmid:5952227817,unsuperstitiousness1890@live.com,Carmine,Sanchez,,875-870-5547,Killeen,United States,47104,Wyoming,4 Everglade,1977-08-26,2815
crmid:3518878940,ebbman1993@live.com,Lucas,Grimes,,465-170-6415,Killeen,United States,56513,New Mexico,196 Norwich,1977-10-29,2032
crmid:9952460875,politics1908@yahoo.com,Cristin,Mosley,female,535-019-2184,Edinburg,United States,85133,Hawaii,915 Towerside,1958-10-19,2862
crmid:9851334367,exacta1992@outlook.com,Antoine,Grimes,male,788-457-0785,Alliance,United States,05937,Mississippi,1185 Pizarro,1931-01-12,2240
crmid:9176837688,malpracticing1830@outlook.com,Patricia,Boyer,,154-241-0925,Waxahachie,United States,29400,Idaho,754 Crestwell,1962-05-30,1320
crmid:8328667446,nympholept2013@live.com,Theresia,Wheeler,female,562-328-3831,Edinburg,United States,54526,Maine,58 Letterman Hospital Access,1958-09-14,1041
crmid:7537322782,shark2057@yandex.com,Chauncey,Mathis,,774-204-1642,Lacey,United States,72751,North Carolina,47 Rosella,1979-05-01,2077
crmid:4049955870,deluxe1989@yahoo.com,Karole,Mcneil,female,079-483-7026,White Bear Lake,United States,22833,Arkansas,844 Zanowitz,1960-05-20,662
crmid:5029679809,divergence2012@outlook.com,Jona,O'connor,female,720-071-3024,Dinuba,United States,86197,Connecticut,1236 Irwin,1955-04-22,1728
crmid:1478348397,moralistic1933@live.com,Renna,Taylor,female,887-083-9395,Fall River,United States,44250,Illinois,122 Eve,1961-07-28,1320
crmid:9139670292,deuterogenesis1830@yahoo.com,Noble,Gay,male,159-964-9119,Ardmore,United States,63251,North Carolina,1259 Forest Side,1933-10-14,1821
crmid:5329873245,cranky1986@outlook.com,Jamey,Rivera,male,641-720-1671,Saratoga Springs,United States,70679,Delaware,796 Myra,1935-11-10,756
crmid:6516323878,oxeyes2068@live.com,Jerrold,Cummings,,041-070-1732,Joliet,United States,17292,Maine,113 Tulip,1976-03-25,1515
crmid:2094361556,dustman1895@yandex.com,Saul,Shepherd,male,201-811-0578,Bismarck,United States,52840,Wisconsin,260 Earl,1939-09-27,2857
crmid:7973647959,siamese1916@outlook.com,Mikel,Mcguire,,605-829-0151,McDonough,United States,41480,Pennsylvania,1310 Brookdale,1988-07-31,1134
crmid:5715910834,abiezer2062@live.com,Demetrius,Bass,female,456-747-9013,West Sacramento,United States,75113,Massachusetts,949 Terry A Francois,1954-02-02,593
crmid:7222657895,serglobulin1941@gmail.com,Ned,Bryant,,835-544-9848,Keene,United States,22402,Tennessee,314 Nautilus,1976-04-05,2693
crmid:5884159808,epical1938@outlook.com,Rod,Mccarty,,196-477-6494,Knoxville,United States,67145,Louisiana,557 Encinal,1978-11-22,603
crmid:8666997547,aftercourse2005@yandex.com,Berry,Rodriguez,,459-758-5224,Wilson,United States,28071,Maine,1107 Russ,1968-04-28,1028
crmid:6471808573,turkey1934@live.com,Theo,Gillespie,,904-356-6274,Terre Haute,United States,79054,Kentucky,177 Clifford,1967-08-01,1290
crmid:6782281557,dinny1908@yahoo.com,Elliot,Nolan,male,032-390-2818,Shelbyville,United States,09629,Nebraska,1312 Acevedo,1936-03-22,1438
crmid:8268081932,abominated1806@yahoo.com,Valentine,Warren,,736-254-2110,Monroe,United States,74299,Minnesota,807 Anderson,1992-08-13,2197
crmid:3397453041,bolio1940@gmail.com,Darell,Barrera,,176-003-6708,La Habra,United States,67719,Wyoming,83 Crescio,1978-11-20,1066
crmid:1113807847,anaesthesis1997@yandex.com,Charles,Rich,male,849-648-9959,West New York,United States,90062,Missouri,875 Ruger,1930-12-03,1705
crmid:2922235588,charta1832@yandex.com,Julius,Macias,,725-140-2765,New York,United States,29431,California,558 Baden,1997-05-07,2236
crmid:7510296233,ooecium2021@outlook.com,Edmundo,Nelson,,516-308-6488,Kettering,United States,23644,Montana,268 Cotter,1977-05-13,2491
crmid:1140567529,cailliach1832@gmail.com,Jeff,Ballard,,079-695-3831,Mount Juliet,United States,46027,Washington,132 Warner,1993-07-27,2289
crmid:6611380485,baboon1814@gmail.com,Robt,Rasmussen,,434-227-0464,Ferndale,United States,01780,New Hampshire,631 Acme,1962-01-03,2485
crmid:9266504129,bourreau2037@live.com,Leopoldo,Mcdonald,,522-411-9954,Gardner,United States,77379,Utah,1181 Montalvo,1965-12-14,574
crmid:2201591930,bodier2050@yahoo.com,Luther,Richardson,,463-462-8233,Jacksonville Beach,United States,30671,New York,1013 Sanches,1975-06-03,704
crmid:2951404065,devaluation1867@live.com,Willie,Becker,male,114-125-9840,Blythe,United States,80913,Louisiana,781 Devonshire,1940-10-02,2199
crmid:5809332735,animations1944@gmail.com,Omar,Morton,male,588-395-0368,Oak Lawn,United States,14025,Maine,766 Farview,1942-07-21,2328
crmid:2566457293,bucerotidae2029@gmail.com,Ramiro,Mcpherson,male,463-265-5479,Steubenville,United States,07598,Texas,979 Rosie Lee,1942-12-25,1755
crmid:8798453663,atazir2049@yahoo.com,Osvaldo,Charles,,227-036-4420,Hickory,United States,19094,Maryland,998 Danton,1971-02-28,2176
crmid:7683515111,dingo1906@outlook.com,Trevor,Leblanc,,112-216-9394,Perris,United States,32658,Indiana,213 Jordan,1974-01-07,2419
crmid:3562186508,aspersion1919@gmail.com,Johnathan,Ford,,327-804-2783,Greenwood,United States,25289,Iowa,728 Tunnel,1968-04-17,345
crmid:5710371609,posadaship1975@yahoo.com,Davis,Morse,male,195-545-3667,Atlantic City,United States,18831,New Hampshire,923 Wilde,1934-03-21,2327
crmid:5794832508,bat1918@outlook.com,Melodee,Collier,female,334-317-9066,Northglenn,United States,69763,Wisconsin,474 Taber,1999-11-27,1439
crmid:3124390007,slinking1821@live.com,Roseline,Hensley,female,963-355-2186,Eagan,United States,43096,Minnesota,642 Holly Park,1956-07-13,1547
crmid:2252335966,supergeneric1884@yandex.com,Sandy,Greene,,561-302-6324,Iowa City,United States,64511,North Carolina,1397 Jennings,1974-10-02,1677
crmid:4109969383,stenophragma1807@yahoo.com,Cleveland,Mcpherson,,507-991-3017,North Platte,United States,80055,Wyoming,944 Varney,1999-07-02,365
crmid:4104186050,biddings2066@gmail.com,Adolph,Horton,male,506-105-7753,Brownsburg,United States,00555,Ohio,376 Bocana,1942-01-14,1280
crmid:9380709883,rottweiler2067@live.com,Quinton,Mitchell,,553-776-4517,Kettering,United States,76825,Delaware,1262 Saint Charles,1977-10-19,728
crmid:6359434415,fiducial1989@yahoo.com,Abe,Prince,,172-109-2988,Las Vegas,United States,17697,Tennessee,1235 La Bica,1981-03-21,2833
crmid:5077623715,elding2059@live.com,Damien,Stephenson,,184-578-4149,Huntley,United States,95989,Montana,703 Tamalpais,1974-08-18,2356
crmid:4252882333,blackings1889@yandex.com,Carl,Craft,,961-373-0982,Manitowoc,United States,39022,Idaho,1369 East Beach,1986-07-20,1990
crmid:6644653321,zonkey1801@yahoo.com,Darnell,Murray,,037-684-6434,Keizer,United States,08112,Rhode Island,706 Addison,1976-01-26,837
crmid:1492832298,maidhoods1942@gmail.com,Junior,Campos,,163-556-4786,Williamsport,United States,67861,Hawaii,277 Malvina,1984-09-26,2057
crmid:6788534616,abilities2007@yahoo.com,Hosea,Warren,,802-327-9268,Owasso,United States,60894,Maryland,119 Stonecrest,1990-02-07,507
crmid:2232881666,comically1903@outlook.com,Cedrick,Jimenez,male,768-059-3850,Burlington,United States,05670,Massachusetts,1312 Candlewood,1943-02-15,1220
crmid:8887173335,cheetham1876@gmail.com,Whitney,Rodriquez,,031-222-8713,Kyle,United States,97051,Wisconsin,1117 Don Chee,1978-04-25,745
crmid:8056432142,acromegalies2052@yahoo.com,Sean,Hendrix,male,619-441-3521,Wilkes-Barre,United States,03773,Wyoming,1268 Payson,1933-09-13,768
crmid:8970715237,kalimbas2070@yahoo.com,Odis,Christensen,,500-624-8025,Inglewood,United States,85614,Tennessee,1170 Avenue F,1974-08-19,727
crmid:2729784073,aculeate1892@live.com,Ira,Walton,male,035-267-3492,Rancho Santa Margarita,United States,80931,California,1030 Meda,1934-05-30,486
crmid:2442547676,decafid1950@outlook.com,Lachelle,Green,female,792-214-5009,Evergreen Park,United States,92866,Indiana,1065 Hegal,1960-05-12,998
crmid:2377539130,aphelandra2068@gmail.com,Eloy,Ashley,,573-104-1541,Tukwila,United States,34510,Oregon,257 Tulare,1970-08-15,2009
crmid:5759299167,caved1875@yahoo.com,Lesley,Juarez,,145-219-2808,Pharr,United States,82761,Vermont,972 Monterey,1965-12-03,2739
crmid:9276029086,elute2041@gmail.com,Ariane,Mclaughlin,female,203-713-8200,Dumont,United States,98858,New Mexico,420 Hill,1956-10-28,1243
crmid:6757046422,elysia1820@yahoo.com,Howard,Wilson,,216-315-3551,Holyoke,United States,53599,Utah,1005 Baxter,1972-09-12,2212
crmid:7512286880,arora1915@live.com,Errol,Case,male,042-173-8007,Binghamton,United States,17417,Arizona,291 Hazelwood,1939-04-05,2926
crmid:3266882149,nonfossiliferous1820@live.com,Mikel,Stanton,,588-472-7356,Laguna Hills,United States,05868,Arizona,755 Wildwood,1979-02-04,2146
crmid:2124043764,vocalist1890@live.com,Russ,Santiago,,525-124-8672,South Pasadena,United States,45044,Tennessee,373 Eve,1986-04-19,2282
crmid:6957657676,dhangar1967@gmail.com,Veronika,Dunn,female,253-002-2948,Elmwood Park,United States,56232,Oregon,789 Elk,1959-09-09,2287
crmid:4228678824,choctaw1938@gmail.com,Weston,Grant,,609-432-8907,Gresham,United States,71338,Louisiana,1293 Winding,1968-12-31,1296
crmid:7699817208,aisling1878@yandex.com,David,Parsons,male,466-988-6370,Sheridan,United States,09110,Pennsylvania,1159 Shakespeare,1930-12-05,410
crmid:1505296467,outportion1897@gmail.com,Normand,Rojas,,318-962-8358,Raymore,United States,68943,Texas,59 Red Rock,1988-12-10,2732
crmid:4219014624,alligator1813@gmail.com,Kasandra,Combs,female,522-352-3843,Derby,United States,71128,Hawaii,143 Hawes,1954-12-09,1595
crmid:7141455765,draughtsman1841@live.com,Elden,Daniels,,420-215-1589,Springdale,United States,65281,Idaho,865 Gold,1977-04-24,1343
crmid:6713342325,strongboxes1919@live.com,Marcellus,Fowler,male,449-572-0685,Wyandotte,United States,50252,South Dakota,1085 Pennington,1997-12-03,1253
crmid:3099460264,votresses1806@gmail.com,Tamala,Harrell,female,748-977-2604,Oak Ridge,United States,91300,Washington,1094 Security Pacific,1955-08-13,2783
crmid:8584860750,electromassage1931@outlook.com,Bart,Cohen,male,572-855-9556,Boulder,United States,09592,Georgia,469 Washington,1940-01-06,1327
crmid:4317400451,peafowl1811@outlook.com,Elmer,Kerr,,461-284-1913,Santa Fe Springs,United States,83218,Ohio,1207 Armistead,1973-05-07,2273
crmid:6046668400,retort1887@yahoo.com,Kanesha,Estrada,female,717-524-0396,Dania Beach,United States,23171,Wyoming,388 Whittier,1952-04-09,593
crmid:7467261723,scattershot1909@live.com,Franklin,Chapman,male,590-227-7686,Ashtabula,United States,26425,Kansas,273 Alta Mar,1934-04-06,2874
crmid:2698164963,obscenity1846@yahoo.com,Ferdinand,Morrison,,563-127-7422,Sunrise,United States,89477,Hawaii,421 Avenue I,1993-06-26,1199
crmid:4114994157,veligers1924@gmail.com,Korey,Stout,male,391-226-8198,Americus,United States,30850,Vermont,528 Columbus,1932-06-28,1208
crmid:3353464884,forehead1963@outlook.com,Seth,Raymond,,158-111-5888,Hayward,United States,26555,Vermont,510 Macarthur,1970-05-26,2830
crmid:2795762840,internal1815@yandex.com,Selene,Singleton,female,743-902-3954,Cookeville,United States,98811,Massachusetts,272 Cesar Chavez,1950-08-27,1817
crmid:7952956264,ambsace1929@yahoo.com,Romeo,Shaw,,417-462-2264,Russellville,United States,80539,Maryland,519 Cottonwood,1993-02-26,993
crmid:9416731046,classical1992@outlook.com,Dell,Lewis,female,474-218-9318,DeSoto,United States,65424,California,1255 Rhine,1953-11-04,1120
crmid:8124743187,harborers1854@yandex.com,Dusty,Battle,,666-846-4375,La Ca�ada Flintridge,United States,11116,South Dakota,1348 Mercato,1978-04-12,1042
crmid:8039586885,hotpot1976@live.com,Jonathon,Simon,male,251-658-9829,Cartersville,United States,34325,Georgia,1379 Hillcrest,1944-06-27,1792
crmid:8810596107,entomb1985@gmail.com,Salvador,Hunter,,395-827-1414,Lompoc,United States,61850,Mississippi,713 France,1984-10-18,697
crmid:3185518415,trapezial1954@yandex.com,Andy,Warren,,839-404-9026,Harrisonburg,United States,49609,Alaska,760 Lettuce,1970-07-31,1252
crmid:5292871265,relaxing1855@outlook.com,Valentine,Hebert,,398-220-6617,Upper Arlington,United States,76639,Oklahoma,1111 Palos,1993-10-08,1527
crmid:1147685597,cacara1973@gmail.com,Rhona,Wright,female,266-207-5426,Eastlake,United States,40782,South Dakota,1278 Mason,1957-07-31,2629
crmid:3075819805,cherish1869@live.com,James,Stuart,,931-803-7870,Wheaton,United States,65198,New Hampshire,280 Franconia,1979-09-21,948
crmid:6286022348,oscillancy1889@outlook.com,Taylor,Fitzgerald,,873-754-9777,Huber Heights,United States,15564,Rhode Island,1064 Donner,1973-03-04,1388
crmid:8601591025,uniaxally1881@live.com,Katelynn,Howe,female,013-146-1561,Elko,United States,89444,Missouri,37 Crestwell,1959-05-15,1525
crmid:8878090054,cabrio1870@live.com,Lacresha,Saunders,female,163-445-2509,Charlotte,United States,29695,Virginia,635 Wheeler,1946-05-26,2888
crmid:3587253822,squid1956@yahoo.com,Yolando,Slater,female,662-013-3036,Del Rio,United States,57873,Vermont,1375 Marina Green,1954-09-27,1834
crmid:3830590576,bastille1848@live.com,Trinidad,Shaw,male,906-808-4400,Atlantic City,United States,57768,Montana,197 Middle Point,1934-09-27,2666
crmid:3060701839,piscators2061@gmail.com,Mitchell,Moses,,253-364-5743,Merced,United States,66726,Alabama,1231 Tenny,1989-11-05,627
crmid:4492175192,unmoderated1952@live.com,Ronnie,Scott,,235-468-3524,Garland,United States,52043,Oregon,490 Ledyard,1965-09-28,739
crmid:2082842298,excavating1993@outlook.com,Grisel,Bonner,female,012-276-8945,New Britain,United States,20553,Alaska,238 Fillmore,1996-04-07,1193
crmid:4663591265,going2064@yandex.com,Stepanie,Cannon,female,318-556-9010,Des Moines,United States,49795,North Dakota,761 Abbey,1954-08-05,2719
crmid:3572320061,bellboy2063@yandex.com,Alec,Dalton,,850-599-9975,West Jordan,United States,43706,Massachusetts,1072 Thorne,1986-02-11,2768
crmid:1780502502,jayhawker1917@outlook.com,Arden,Mcgee,male,363-647-0817,Beaverton,United States,07123,South Carolina,719 Steveloe,1937-01-19,2905
crmid:5240522710,ablaze1837@outlook.com,Keith,Vang,male,287-461-3929,Carol Stream,United States,35982,Alaska,880 Pollock,1944-06-29,2692
crmid:5875931732,goodwill2044@gmail.com,Odelia,Rich,female,622-414-2631,Redding,United States,82788,Arkansas,602 Crestlake,1958-07-24,336
crmid:7970504629,pilgrim1851@gmail.com,Ezekiel,Mccoy,,822-341-0617,Rock Hill,United States,45562,Rhode Island,1174 Funston,1981-12-18,666
crmid:5847586215,urinaries1813@live.com,Carl,Brennan,male,714-242-1450,Urbana,United States,50790,Vermont,306 Cedro,1999-02-03,1396
crmid:3854924293,libra2013@live.com,Craig,Whitehead,,579-845-8368,Fountain Hills,United States,72185,Nebraska,1045 Campton,1963-05-09,1706
crmid:8292598090,aphasiacs1946@live.com,Piedad,Mercado,female,992-642-4272,Queen Creek,United States,64481,Louisiana,529 Sparta,1947-07-20,1468
crmid:9706258700,bunni1920@gmail.com,Chris,Rojas,,024-556-1046,Lemoore,United States,76988,North Carolina,40 Cerritos,1982-12-18,915
crmid:2904372074,hebete1821@yahoo.com,Emmy,Park,female,226-873-2157,Scranton,United States,29620,Maine,437 Vista Verde,1956-03-22,1494
crmid:6154489208,audrie1995@outlook.com,Britt,Robles,,623-976-5728,Franklin,United States,10758,Illinois,497 Harper,1963-02-13,2048
crmid:5708095020,brockie1896@live.com,Levi,Knight,,015-437-5445,Lake Charles,United States,75513,Montana,654 Fitch,1979-12-27,1986
crmid:8391478162,eeeeee1817@yahoo.com,Royce,Cunningham,,825-554-7051,Vero Beach,United States,57242,Arizona,421 Haight,1992-12-02,2094
crmid:2953172069,flowerer1819@yahoo.com,Cordell,Battle,male,208-217-6998,Balch Springs,United States,19977,North Carolina,275 Brentwood,1935-02-02,916
crmid:3581055395,abime1947@gmail.com,Dania,Powers,female,550-716-1687,Norco,United States,67172,Oregon,366 La Ferrera,1998-10-27,2524
crmid:5739000034,launce2061@live.com,Delmer,Arnold,,549-835-4476,Gadsden,United States,39149,North Carolina,1123 Morrell,1964-07-04,865
crmid:2091964718,trypaneidae1928@gmail.com,Nick,Britt,,477-258-9346,Midlothian,United States,14813,Kentucky,835 Peralta,1990-03-31,1523
crmid:2593932104,sillago1835@yahoo.com,Barney,Howell,,522-542-2395,Hoover,United States,16458,California,1150 Monte Vista,1973-03-10,1303
crmid:3081376695,batwa2021@gmail.com,Abel,Hall,male,375-337-3630,Bettendorf,United States,01437,Ohio,1293 Melrose,1938-01-12,535
crmid:3555111972,rearwards1941@yandex.com,Shawn,Robbins,male,436-090-2840,Bergenfield,United States,51784,Missouri,1315 Nimitz,1938-09-25,1632
crmid:4717981540,analogue1946@outlook.com,Emmitt,Morales,male,522-508-0782,Broomfield,United States,86003,Nebraska,708 Jerome,1942-04-20,509
crmid:6272420674,extraneous2046@yandex.com,Elmo,Maynard,,125-567-0651,Morton Grove,United States,78527,Oklahoma,937 Harrison,1993-03-19,920
crmid:4588011883,phlegmier1883@yahoo.com,Chantell,Wong,female,570-135-5148,Venice,United States,29332,Vermont,402 Burnside,1956-02-11,340
crmid:9216912049,haler1934@yahoo.com,Georgiann,Day,female,211-914-8676,Washington,United States,61385,Ohio,240 Cordova,1956-03-08,348
crmid:4307208236,educable1898@yandex.com,Kyle,Avila,,250-241-4248,Mandan,United States,71774,Virginia,51 Medical Center,1986-11-06,511
crmid:6458348791,kloof1805@live.com,Maria,Nash,,720-488-6776,Hinesville,United States,53673,New Hampshire,21 Jackson,1972-10-09,1175
crmid:2611463328,dervish2061@outlook.com,Glady,Bradshaw,female,696-745-3042,Eagle,United States,95716,South Carolina,1048 Whittier,1956-10-18,1918
crmid:6423117066,enrapt2008@outlook.com,Armand,Brewer,,480-878-3886,Huntington Beach,United States,33805,Nebraska,1017 Mojave,1974-06-28,2504
crmid:5018505373,clarified1929@live.com,Rolf,Parsons,,014-426-5474,Fort Wayne,United States,72666,Virginia,518 Panorama,1963-12-13,1779
crmid:5627271933,angiotomy1820@yahoo.com,Arden,Nguyen,,973-447-3474,Lufkin,United States,25030,Minnesota,1330 Santa Rosa,1985-04-23,1504
crmid:8928813335,jeopardise1814@outlook.com,Cortez,Weeks,,464-835-9546,Queen Creek,United States,56833,Hawaii,1121 Colton,1969-10-11,2416
crmid:2378600748,longshoremen2020@live.com,Amberly,Mccarty,female,505-040-6915,Rosemount,United States,25467,Missouri,118 Welsh,1960-01-19,662
crmid:8404531286,crumble2052@live.com,Rufus,Ramirez,,660-759-0257,Texas City,United States,30878,Virginia,376 Stanley,1981-02-01,567
crmid:6004788920,occults1807@live.com,Alvaro,Griffin,,520-556-6709,Madera,United States,19870,Nebraska,31 Mccormick,1985-03-20,1435
crmid:5039668221,unstaffed1988@gmail.com,Chauncey,Marsh,male,346-419-1799,Azusa,United States,00373,California,999 Rainey,1935-02-18,637
crmid:3175678611,cosmorama1861@outlook.com,Monnie,Mcclure,female,819-111-2380,Yuma,United States,19578,Alabama,302 Brookdale,1953-07-19,867
crmid:8301074546,dribbling2032@yandex.com,Johnny,Mann,,256-037-1996,Mount Pleasant,United States,54324,Kentucky,632 Zanowitz,1993-09-01,2160
crmid:6832838286,mosquito2065@outlook.com,Breana,Suarez,female,091-595-7782,Charleston,United States,09158,Vermont,98 Escolta,1946-01-28,819
crmid:9772294792,colder1897@yandex.com,Carroll,Cobb,,179-519-8845,Pleasant Prairie,United States,40481,Pennsylvania,844 Florida,1984-11-03,756
crmid:7417791009,christl1842@outlook.com,Wally,Mcclain,male,418-085-2290,Carbondale,United States,55959,Rhode Island,725 Second,1944-10-19,881
crmid:6320585217,strutting1909@yandex.com,Cletus,Matthews,,574-756-9044,Lodi,United States,69076,Oklahoma,401 Gellert,1983-11-21,1490
crmid:6468244905,anathemas1907@outlook.com,Zachariah,Briggs,male,284-313-0444,Brook Park,United States,59062,Maine,655 Richardson,1941-10-04,1082
crmid:6838991351,peddles2035@gmail.com,Winford,Glover,,962-479-6232,Miami Lakes,United States,42508,New Jersey,1379 Moncada,1990-08-27,2644
crmid:2511790074,disenclose1952@gmail.com,Columbus,Harrington,,160-454-0805,Shelby,United States,76031,Arizona,612 Thorp,1980-01-17,2651
crmid:2340510299,barnacle2031@yahoo.com,Brooks,Booker,male,146-747-1272,Northfield,United States,10369,Idaho,732 Cranleigh,1999-02-03,988
crmid:5385712480,attrition1943@yahoo.com,Hosea,O'connor,male,783-343-5381,Baton Rouge,United States,23367,Louisiana,734 Cross,1936-05-22,1992
crmid:1700126588,convolutedly1819@live.com,Norberto,Ford,male,978-196-5155,Camden,United States,43097,Rhode Island,7 Essex,1943-07-10,2626
crmid:4184544897,blandishingly1938@outlook.com,Tuan,Webb,,733-445-4879,Paris,United States,37975,Oklahoma,556 San Luis,1976-12-12,1171
crmid:2843173545,gecko1945@yandex.com,Hee,Larson,female,950-882-6945,Deerfield Beach,United States,17179,Mississippi,1052 Midway,1954-04-17,2118
crmid:9527938701,precast1967@live.com,Demetrius,Hood,,926-145-0026,Montgomery,United States,11447,Ohio,1368 Humboldt,1992-04-01,1078
crmid:3670155883,desolates1844@outlook.com,Rosann,Thornton,female,133-684-5682,Staunton,United States,14637,Alaska,685 Crisp,1949-07-29,2679
crmid:7586129675,lark1993@yahoo.com,Mitchell,Sweet,female,395-426-7981,Escondido,United States,36863,Rhode Island,1117 Teresita,1960-06-28,2564
crmid:2928224970,airplay1860@live.com,Despina,Bell,female,583-755-2233,West Sacramento,United States,57141,Pennsylvania,734 Eddy,1999-10-25,2297
crmid:7872047776,coggly1894@live.com,Darrell,Vargas,,585-649-8617,La Quinta,United States,56116,New Jersey,1242 Faxon,1979-09-16,824
crmid:7300851612,alcyone2024@live.com,Roy,Christian,,723-773-9969,Howard,United States,68414,Nevada,154 Hangah,1973-11-07,2924
crmid:5074741439,carless1956@live.com,Elroy,Berry,,965-697-3232,Vestavia Hills,United States,95000,Texas,392 Linden,1975-09-02,2239
crmid:9513640984,athene1967@yandex.com,Hank,Maddox,male,658-447-0192,Bettendorf,United States,21986,Rhode Island,1185 Piper,1938-04-18,1147
crmid:9996154523,graciousness1962@outlook.com,Spencer,Rios,,957-952-7911,Salina,United States,45776,North Dakota,1185 Ver Mehr,1981-06-19,2522
crmid:4777237854,delirious1824@live.com,Daron,Holmes,male,201-056-8792,Blue Island,United States,14036,New Mexico,159 Douglass,1939-03-14,1808
crmid:2298317801,executant1815@gmail.com,Tristan,Young,,463-911-4942,Oak Ridge,United States,39163,Oklahoma,1321 Coleridge,1977-03-21,2105
crmid:8081996891,reamalgamated1962@outlook.com,Ernest,Nolan,,938-672-6498,Medina,United States,95993,Illinois,49 Mabel,1989-10-15,1306
crmid:8349570769,imperforates1849@live.com,Lenard,Bowman,male,111-801-2907,Attleboro,United States,39401,Idaho,224 Farview,1934-06-03,2913
crmid:2468092035,engrave2056@yandex.com,Glen,Riley,,373-562-4385,Ferndale,United States,19267,Pennsylvania,1325 Stoneybrook,1962-03-27,2313
crmid:4161284725,alcyone1989@outlook.com,Jerald,Estes,,708-933-6371,Fountain,United States,31274,Mississippi,736 Blatchford,1963-07-04,2639
crmid:4651602311,benight1981@live.com,Tyrone,Kerr,,534-020-9396,Santa Paula,United States,48745,New Hampshire,727 Flounder,1986-03-13,2287
crmid:5786501078,chancery2040@yandex.com,Eldridge,Zamora,male,174-519-5542,Twinsburg,United States,76181,New Mexico,294 Charlton,1944-03-29,2873
crmid:1988907494,cephalins1800@yahoo.com,Arthur,Wiggins,,701-168-7116,West Des Moines,United States,23994,Kansas,191 Harney,1964-02-13,2705
crmid:4561603028,jug2053@live.com,Antwan,Case,male,843-840-8133,Augusta,United States,03626,New Hampshire,965 Lippard,1935-01-05,2437
crmid:7254265155,dryopians1904@live.com,Chuck,Harper,male,067-733-3521,Alsip,United States,73698,Alaska,1242 Lyell,1931-12-04,1619
crmid:5127690491,massa1880@outlook.com,Sharie,Brown,female,965-272-0417,Dunedin,United States,45883,Georgia,586 Pioche,1956-08-04,2079
crmid:1675572038,flightless1856@outlook.com,Margareta,Valdez,female,808-244-5970,Spokane,United States,18218,Colorado,1165 Walter U Lum,1950-06-29,2640
crmid:2154206081,fettuccine1801@outlook.com,Maryrose,Colon,female,782-448-1948,North Little Rock,United States,73880,Alabama,451 Franconia,1998-04-12,1577
crmid:5161184258,malices2035@live.com,Stephen,Salazar,,350-063-5128,Manhattan,United States,60540,Connecticut,613 Mateo,1986-11-14,997
crmid:8735215715,tipple1995@live.com,Marx,Humphrey,female,355-353-2670,Westmont,United States,86148,Missouri,778 Prentiss,1953-06-15,2285
