id,crmid,propensity_score_credit_cards,suggested_credit_card,propensity_score_loan,suggested_loan
f1f071dc-4c73-11ea-b7ac-b88a60e194fb-1-ps,crmid:9628902176,4,Business Card,3,Student Loan
f1f15b28-4c73-11ea-82a5-b88a60e194fb-1-ps,crmid:7312277542,5,Business Card,6,Business Loan
f1f29386-4c73-11ea-bee6-b88a60e194fb-1-ps,crmid:9839578155,4,Simplicity Card,4,Personal Loan
f1f37f5c-4c73-11ea-a258-b88a60e194fb-1-ps,crmid:5373706642,6,Dividend Card,6,Auto Loan
f1f44142-4c73-11ea-aa3b-b88a60e194fb-1-ps,crmid:8283049810,4,Simplicity Card,2,Personal Loan
f2a73dc6-4c73-11ea-9d79-b88a60e194fb-1-ps,crmid:3830411019,3,Rewards Card,4,Personal Loan
f2a875be-4c73-11ea-8c82-b88a60e194fb-1-ps,crmid:2769562777,4,Business Card,2,Business Loan
f2a9ae4c-4c73-11ea-855b-b88a60e194fb-1-ps,crmid:3495422383,4,Platinum Card,8,Personal Loan
f2aa98a2-4c73-11ea-8a08-b88a60e194fb-1-ps,crmid:5053583045,3,Travel Card,3,Personal Loan
f2abaa18-4c73-11ea-bed7-b88a60e194fb-1-ps,crmid:2028557935,4,Dividend Card,3,Auto Loan
f2acbb8c-4c73-11ea-8813-b88a60e194fb-1-ps,crmid:3906462455,6,Platinum Card,3,Personal Loan
f2adccfe-4c73-11ea-bb19-b88a60e194fb-1-ps,crmid:8667878332,4,Dividend Card,6,Personal Loan
f2af0776-4c73-11ea-a967-b88a60e194fb-1-ps,crmid:3304889666,4,Student Card,4,Student Loan
f2b016e2-4c73-11ea-83c1-b88a60e194fb-1-ps,crmid:6773262587,5,Rewards Card,3,Business Loan
f2b14f76-4c73-11ea-a297-b88a60e194fb-1-ps,crmid:3046248228,5,Student Card,4,Personal Loan
f2b2af1c-4c73-11ea-96c0-b88a60e194fb-1-ps,crmid:9305074702,4,Simplicity Card,3,Personal Loan
f3507552-4c73-11ea-8fec-b88a60e194fb-1-ps,crmid:3032591342,5,Travel Card,4,Business Loan
f3515fd8-4c73-11ea-ba6f-b88a60e194fb-1-ps,crmid:5729271322,4,Student Card,4,Auto Loan
f3522336-4c73-11ea-8036-b88a60e194fb-1-ps,crmid:3571097152,2,Dividend Card,5,Business Loan
f3530d98-4c73-11ea-baca-b88a60e194fb-1-ps,crmid:4766356784,4,Travel Card,7,Personal Loan
f3540608-4c73-11ea-b2c9-b88a60e194fb-1-ps,crmid:8589434795,1,Student Card,4,Personal Loan
f354e394-4c73-11ea-b11c-b88a60e194fb-1-ps,crmid:7427300091,4,Travel Card,4,Personal Loan
f35668ec-4c73-11ea-b34b-b88a60e194fb-1-ps,crmid:8993675548,4,Business Card,3,Personal Loan
f357a170-4c73-11ea-a9cf-b88a60e194fb-1-ps,crmid:3205815530,3,Rewards Card,3,Business Loan
f358da64-4c73-11ea-be1e-b88a60e194fb-1-ps,crmid:8936299732,4,Travel Card,4,Personal Loan
f359eb74-4c73-11ea-8864-b88a60e194fb-1-ps,crmid:5553840496,6,Platinum Card,6,Personal Loan
f35afce2-4c73-11ea-ad4a-b88a60e194fb-1-ps,crmid:5963592980,4,Rewards Card,4,Personal Loan
f40964fa-4c73-11ea-b94c-b88a60e194fb-1-ps,crmid:3076710387,5,Platinum Card,5,Personal Loan
f40a2846-4c73-11ea-aaf8-b88a60e194fb-1-ps,crmid:4769298134,3,Business Card,6,Personal Loan
f40aeb8c-4c73-11ea-ba4f-b88a60e194fb-1-ps,crmid:4578067940,4,Rewards Card,4,Personal Loan
f40baee2-4c73-11ea-9305-b88a60e194fb-1-ps,crmid:3982765482,3,Rewards Card,4,Business Loan
f40c7236-4c73-11ea-bd17-b88a60e194fb-1-ps,crmid:2627962049,2,Business Card,4,Personal Loan
f40d36ee-4c73-11ea-a220-b88a60e194fb-1-ps,crmid:1106709883,5,Travel Card,7,Personal Loan
f40dfa4c-4c73-11ea-bf43-b88a60e194fb-1-ps,crmid:6163233049,5,Business Card,5,Auto Loan
f40f0a2e-4c73-11ea-90ca-b88a60e194fb-1-ps,crmid:6113016347,3,Student Card,3,Personal Loan
f4101bc6-4c73-11ea-b064-b88a60e194fb-1-ps,crmid:9790669028,6,Business Card,3,Business Loan
f4110776-4c73-11ea-a939-b88a60e194fb-1-ps,crmid:7563480849,3,Rewards Card,4,Student Loan
f411f090-4c73-11ea-9b90-b88a60e194fb-1-ps,crmid:5574268349,3,Dividend Card,3,Student Loan
f412dadc-4c73-11ea-a146-b88a60e194fb-1-ps,crmid:2228775269,4,Platinum Card,3,Personal Loan
f4b694a8-4c73-11ea-a8a6-b88a60e194fb-1-ps,crmid:6680674494,5,Rewards Card,5,Business Loan
f4b77f08-4c73-11ea-aab8-b88a60e194fb-1-ps,crmid:3468834867,5,Business Card,3,Personal Loan
f4b86964-4c73-11ea-b0e7-b88a60e194fb-1-ps,crmid:8908850007,4,Dividend Card,4,Business Loan
f4b97ad2-4c73-11ea-9090-b88a60e194fb-1-ps,crmid:8800886924,5,Rewards Card,5,Student Loan
f4ba6536-4c73-11ea-884c-b88a60e194fb-1-ps,crmid:8505462342,5,Dividend Card,5,Student Loan
f4bb77f6-4c73-11ea-b416-b88a60e194fb-1-ps,crmid:7313216599,3,Platinum Card,3,Business Loan
f4bc6122-4c73-11ea-8b89-b88a60e194fb-1-ps,crmid:4855379767,4,Platinum Card,3,Personal Loan
f4bd4b4c-4c73-11ea-a672-b88a60e194fb-1-ps,crmid:3776638774,3,Rewards Card,4,Personal Loan
f4be5cbe-4c73-11ea-a8de-b88a60e194fb-1-ps,crmid:6217217876,4,Rewards Card,9,Auto Loan
f4bf6e58-4c73-11ea-9e17-b88a60e194fb-1-ps,crmid:9329375386,5,Rewards Card,5,Auto Loan
f4c05886-4c73-11ea-8497-b88a60e194fb-1-ps,crmid:5745600716,3,Travel Card,4,Personal Loan
f566f8a6-4c73-11ea-8cdc-b88a60e194fb-1-ps,crmid:9837638567,5,Student Card,3,Student Loan
f5691cde-4c73-11ea-a3fd-b88a60e194fb-1-ps,crmid:5098098805,4,Platinum Card,3,Student Loan
f56a05dc-4c73-11ea-ae3e-b88a60e194fb-1-ps,crmid:1404550047,3,Student Card,4,Auto Loan
f56ac93a-4c73-11ea-b37e-b88a60e194fb-1-ps,crmid:1911287053,4,Platinum Card,3,Student Loan
f56bb38a-4c73-11ea-b74a-b88a60e194fb-1-ps,crmid:4019780859,5,Simplicity Card,6,Business Loan
f56c76dc-4c73-11ea-8e03-b88a60e194fb-1-ps,crmid:9562452288,3,Simplicity Card,6,Personal Loan
f56d3a36-4c73-11ea-a652-b88a60e194fb-1-ps,crmid:1727454406,5,Platinum Card,4,Student Loan
f56e99ba-4c73-11ea-9913-b88a60e194fb-1-ps,crmid:9197402204,4,Business Card,4,Auto Loan
f56f5d22-4c73-11ea-b75d-b88a60e194fb-1-ps,crmid:3747239963,4,Platinum Card,5,Personal Loan
f5704812-4c73-11ea-b2a4-b88a60e194fb-1-ps,crmid:5373058308,4,Platinum Card,5,Personal Loan
f60c120a-4c73-11ea-ac7b-b88a60e194fb-1-ps,crmid:9983234318,7,Dividend Card,5,Personal Loan
f60cfc66-4c73-11ea-9a89-b88a60e194fb-1-ps,crmid:6254538793,4,Student Card,4,Auto Loan
f60de81c-4c73-11ea-87b7-b88a60e194fb-1-ps,crmid:1132440328,3,Platinum Card,2,Business Loan
f60ed11a-4c73-11ea-bc55-b88a60e194fb-1-ps,crmid:6648591812,4,Platinum Card,5,Personal Loan
f6100a1a-4c73-11ea-b3af-b88a60e194fb-1-ps,crmid:8800886924,4,Travel Card,4,Personal Loan
f610cce4-4c73-11ea-a771-b88a60e194fb-1-ps,crmid:6191205188,4,Business Card,4,Personal Loan
f611b73e-4c73-11ea-ad0d-b88a60e194fb-1-ps,crmid:7484537595,4,Simplicity Card,4,Personal Loan
f612c9ec-4c73-11ea-ae1d-b88a60e194fb-1-ps,crmid:9737611433,1,Platinum Card,3,Auto Loan
f613b322-4c73-11ea-9387-b88a60e194fb-1-ps,crmid:6871213049,3,Rewards Card,5,Personal Loan
f6147664-4c73-11ea-8d91-b88a60e194fb-1-ps,crmid:9936374314,4,Dividend Card,4,Auto Loan
f61561ba-4c73-11ea-abfd-b88a60e194fb-1-ps,crmid:2977835168,3,Platinum Card,5,Business Loan
f6167346-4c73-11ea-a60a-b88a60e194fb-1-ps,crmid:7174784688,3,Travel Card,3,Auto Loan
f6db48b4-4c73-11ea-9e12-b88a60e194fb-1-ps,crmid:2275847206,3,Platinum Card,2,Personal Loan
f6dc5b38-4c73-11ea-897c-b88a60e194fb-1-ps,crmid:9267099600,4,Dividend Card,4,Personal Loan
f6dd6ce2-4c73-11ea-84af-b88a60e194fb-1-ps,crmid:5729982102,4,Rewards Card,9,Auto Loan
f6de303e-4c73-11ea-8711-b88a60e194fb-1-ps,crmid:2549421850,5,Rewards Card,7,Business Loan
f6def378-4c73-11ea-8a51-b88a60e194fb-1-ps,crmid:2018729100,3,Business Card,4,Student Loan
f6dfdc82-4c73-11ea-bc78-b88a60e194fb-1-ps,crmid:3550766014,4,Simplicity Card,5,Personal Loan
f6e0c7da-4c73-11ea-ace3-b88a60e194fb-1-ps,crmid:4987601855,3,Dividend Card,4,Personal Loan
f6e1ff46-4c73-11ea-a321-b88a60e194fb-1-ps,crmid:4133279911,6,Business Card,3,Personal Loan
f6e35ef6-4c73-11ea-b9fd-b88a60e194fb-1-ps,crmid:6095288019,3,Simplicity Card,4,Auto Loan
f6e4be7a-4c73-11ea-94cd-b88a60e194fb-1-ps,crmid:8749259197,4,Rewards Card,4,Personal Loan
f6e5f6ee-4c73-11ea-ab9e-b88a60e194fb-1-ps,crmid:6693086906,3,Travel Card,3,Personal Loan
f791c708-4c73-11ea-aa4b-b88a60e194fb-1-ps,crmid:9364561602,4,Rewards Card,2,Personal Loan
f792b170-4c73-11ea-aeaf-b88a60e194fb-1-ps,crmid:8006507430,5,Business Card,4,Business Loan
f794d464-4c73-11ea-aa43-b88a60e194fb-1-ps,crmid:8856789070,4,Platinum Card,3,Student Loan
f795e5b0-4c73-11ea-93db-b88a60e194fb-1-ps,crmid:9658382301,4,Business Card,4,Auto Loan
f7971f4a-4c73-11ea-98de-b88a60e194fb-1-ps,crmid:4320785454,4,Simplicity Card,4,Personal Loan
f798088c-4c73-11ea-b963-b88a60e194fb-1-ps,crmid:8829547865,9,Business Card,4,Personal Loan
f7991a10-4c73-11ea-a1f2-b88a60e194fb-1-ps,crmid:9223077668,4,Simplicity Card,6,Business Loan
f79a2d98-4c73-11ea-9001-b88a60e194fb-1-ps,crmid:1942464128,7,Student Card,4,Personal Loan
f79af0d0-4c73-11ea-9fb2-b88a60e194fb-1-ps,crmid:6408226338,5,Business Card,2,Personal Loan
f79c0026-4c73-11ea-a171-b88a60e194fb-1-ps,crmid:1976495028,3,Simplicity Card,5,Business Loan
f842c786-4c73-11ea-ada4-b88a60e194fb-1-ps,crmid:1174694089,4,Rewards Card,3,Student Loan
f844000a-4c73-11ea-8f09-b88a60e194fb-1-ps,crmid:1250619706,2,Dividend Card,4,Student Loan
f845384a-4c73-11ea-a038-b88a60e194fb-1-ps,crmid:7445192976,4,Student Card,4,Business Loan
f8464b64-4c73-11ea-b82b-b88a60e194fb-1-ps,crmid:2724991629,2,Rewards Card,4,Personal Loan
f8475b28-4c73-11ea-aac4-b88a60e194fb-1-ps,crmid:8110416881,4,Business Card,3,Auto Loan
f848942e-4c73-11ea-893b-b88a60e194fb-1-ps,crmid:4921706558,2,Business Card,3,Auto Loan
f849f346-4c73-11ea-80a6-b88a60e194fb-1-ps,crmid:6047809491,8,Rewards Card,4,Personal Loan
f84b2bca-4c73-11ea-86d1-b88a60e194fb-1-ps,crmid:7186848424,4,Business Card,5,Personal Loan
f84c3d2e-4c73-11ea-9311-b88a60e194fb-1-ps,crmid:2713743370,5,Student Card,2,Auto Loan
f84d75ba-4c73-11ea-9cf1-b88a60e194fb-1-ps,crmid:5672430475,5,Dividend Card,3,Business Loan
f84eae22-4c73-11ea-af4c-b88a60e194fb-1-ps,crmid:7372888003,3,Business Card,1,Business Loan
f84fbf9e-4c73-11ea-9df5-b88a60e194fb-1-ps,crmid:1328252849,3,Travel Card,5,Auto Loan
f932cc6c-4c73-11ea-863e-b88a60e194fb-1-ps,crmid:7309479898,3,Rewards Card,4,Personal Loan
f95c262c-4c73-11ea-a487-b88a60e194fb-1-ps,crmid:3818676165,3,Rewards Card,5,Personal Loan
f95e7030-4c73-11ea-bd3a-b88a60e194fb-1-ps,crmid:2004386461,3,Dividend Card,2,Personal Loan
f95fcfc0-4c73-11ea-b4ca-b88a60e194fb-1-ps,crmid:8244425088,4,Platinum Card,4,Personal Loan
f9617d6e-4c73-11ea-9a9f-b88a60e194fb-1-ps,crmid:2594982063,4,Rewards Card,4,Personal Loan
f9630406-4c73-11ea-8b73-b88a60e194fb-1-ps,crmid:7414297109,4,Travel Card,3,Business Loan
f964638c-4c73-11ea-84de-b88a60e194fb-1-ps,crmid:9970443220,4,Simplicity Card,6,Student Loan
f965ea38-4c73-11ea-91bd-b88a60e194fb-1-ps,crmid:5771910889,5,Simplicity Card,4,Personal Loan
f96a08f8-4c73-11ea-9025-b88a60e194fb-1-ps,crmid:5678775026,8,Student Card,5,Auto Loan
f96db26e-4c73-11ea-977e-b88a60e194fb-1-ps,crmid:9506605791,3,Simplicity Card,4,Personal Loan
f970e6b0-4c73-11ea-bfe9-b88a60e194fb-1-ps,crmid:4035251133,4,Dividend Card,4,Personal Loan
fa2c6e36-4c73-11ea-b645-b88a60e194fb-1-ps,crmid:9433416263,4,Dividend Card,5,Business Loan
fa2e42e2-4c73-11ea-9f20-b88a60e194fb-1-ps,crmid:4976529364,3,Dividend Card,2,Student Loan
fa2ff088-4c73-11ea-8827-b88a60e194fb-1-ps,crmid:8763617163,4,Business Card,3,Auto Loan
fa32889a-4c73-11ea-83f2-b88a60e194fb-1-ps,crmid:8559330215,5,Simplicity Card,5,Business Loan
fa33e830-4c73-11ea-bf9c-b88a60e194fb-1-ps,crmid:1860544809,3,Dividend Card,4,Student Loan
fa7a8e90-4c73-11ea-87c3-b88a60e194fb-1-ps,crmid:7471702274,5,Business Card,4,Auto Loan
fa7beed0-4c73-11ea-a263-b88a60e194fb-1-ps,crmid:9556566106,5,Rewards Card,2,Auto Loan
fa7d2646-4c73-11ea-b372-b88a60e194fb-1-ps,crmid:8903203775,4,Simplicity Card,4,Personal Loan
fa7e5ef6-4c73-11ea-ad28-b88a60e194fb-1-ps,crmid:9411352010,6,Student Card,4,Business Loan
fa7f985e-4c73-11ea-9c90-b88a60e194fb-1-ps,crmid:3295547186,7,Travel Card,3,Personal Loan
fa80f782-4c73-11ea-8db8-b88a60e194fb-1-ps,crmid:3214445941,4,Platinum Card,4,Personal Loan
fb1e95fa-4c73-11ea-b2aa-b88a60e194fb-1-ps,crmid:1838137972,4,Business Card,5,Student Loan
fb201c92-4c73-11ea-a66d-b88a60e194fb-1-ps,crmid:1411124408,4,Travel Card,5,Business Loan
fb21ca3e-4c73-11ea-925c-b88a60e194fb-1-ps,crmid:5050014569,4,Platinum Card,4,Personal Loan
fb2350fa-4c73-11ea-ab71-b88a60e194fb-1-ps,crmid:6710531989,6,Student Card,5,Business Loan
fb24d86e-4c73-11ea-ae6d-b88a60e194fb-1-ps,crmid:2005425286,5,Rewards Card,3,Business Loan
fb27e4e8-4c73-11ea-add8-b88a60e194fb-1-ps,crmid:6757077581,7,Simplicity Card,6,Personal Loan
fb2d14e4-4c73-11ea-a60b-b88a60e194fb-1-ps,crmid:7104425268,5,Travel Card,6,Personal Loan
fb315acc-4c73-11ea-b198-b88a60e194fb-1-ps,crmid:5894561598,5,Travel Card,3,Personal Loan
fb555eb8-4c73-11ea-997a-b88a60e194fb-1-ps,crmid:5747765550,3,Simplicity Card,4,Business Loan
fbc05412-4c73-11ea-9840-b88a60e194fb-1-ps,crmid:1868836741,4,Platinum Card,5,Auto Loan
fbc13e68-4c73-11ea-a772-b88a60e194fb-1-ps,crmid:2245530442,3,Platinum Card,5,Student Loan
fbc201b6-4c73-11ea-b9b5-b88a60e194fb-1-ps,crmid:5049227978,5,Platinum Card,4,Auto Loan
fc63719e-4c73-11ea-8807-b88a60e194fb-1-ps,crmid:1107694574,5,Simplicity Card,4,Student Loan
fc645bf8-4c73-11ea-85d1-b88a60e194fb-1-ps,crmid:6758701506,6,Rewards Card,4,Business Loan
fc654666-4c73-11ea-90b5-b88a60e194fb-1-ps,crmid:2916307622,6,Simplicity Card,4,Business Loan
fc6630d2-4c73-11ea-8616-b88a60e194fb-1-ps,crmid:4152564770,5,Travel Card,4,Personal Loan
fc676946-4c73-11ea-b281-b88a60e194fb-1-ps,crmid:2225993069,4,Simplicity Card,3,Personal Loan
fc68ca0a-4c73-11ea-8132-b88a60e194fb-1-ps,crmid:1804162605,6,Travel Card,5,Auto Loan
fc6a2864-4c73-11ea-9187-b88a60e194fb-1-ps,crmid:4151503852,4,Rewards Card,5,Business Loan
fc6b39c2-4c73-11ea-bf68-b88a60e194fb-1-ps,crmid:6037774300,4,Student Card,5,Student Loan
fc6bfd18-4c73-11ea-9c68-b88a60e194fb-1-ps,crmid:3853764567,2,Platinum Card,8,Business Loan
fc6d359e-4c73-11ea-8393-b88a60e194fb-1-ps,crmid:9051821841,4,Travel Card,5,Personal Loan
fd124f12-4c73-11ea-83c3-b88a60e194fb-1-ps,crmid:1751070351,5,Business Card,4,Personal Loan
fd136068-4c73-11ea-842e-b88a60e194fb-1-ps,crmid:8719620399,2,Rewards Card,4,Personal Loan
fd14725a-4c73-11ea-9477-b88a60e194fb-1-ps,crmid:9542927381,3,Travel Card,5,Student Loan
fd15d194-4c73-11ea-91f6-b88a60e194fb-1-ps,crmid:1742103005,3,Travel Card,2,Student Loan
fd16e336-4c73-11ea-86ed-b88a60e194fb-1-ps,crmid:8516124534,6,Business Card,3,Personal Loan
fd17cd40-4c73-11ea-92a1-b88a60e194fb-1-ps,crmid:1577644270,7,Platinum Card,5,Student Loan
fd18b798-4c73-11ea-abab-b88a60e194fb-1-ps,crmid:6765742198,5,Platinum Card,7,Student Loan
fd19c936-4c73-11ea-a750-b88a60e194fb-1-ps,crmid:7099709086,4,Travel Card,4,Personal Loan
fd1adaa8-4c73-11ea-818f-b88a60e194fb-1-ps,crmid:1371520560,6,Student Card,4,Personal Loan
fd1b9df6-4c73-11ea-b84d-b88a60e194fb-1-ps,crmid:7577767342,5,Travel Card,6,Personal Loan
fd1cd6cc-4c73-11ea-94b6-b88a60e194fb-1-ps,crmid:8718687779,6,Student Card,3,Personal Loan
fde02682-4c73-11ea-b779-b88a60e194fb-1-ps,crmid:8226631964,2,Rewards Card,4,Student Loan
fde1378a-4c73-11ea-8eb2-b88a60e194fb-1-ps,crmid:1195465309,5,Simplicity Card,2,Student Loan
fde248f8-4c73-11ea-a586-b88a60e194fb-1-ps,crmid:9960206496,3,Rewards Card,4,Personal Loan
fde33346-4c73-11ea-bee9-b88a60e194fb-1-ps,crmid:6522239439,5,Platinum Card,2,Student Loan
fde46be8-4c73-11ea-9a9e-b88a60e194fb-1-ps,crmid:9737611433,9,Platinum Card,4,Business Loan
fde57d4c-4c73-11ea-868a-b88a60e194fb-1-ps,crmid:8106317642,4,Travel Card,4,Business Loan
fde68f30-4c73-11ea-85b5-b88a60e194fb-1-ps,crmid:6847041172,3,Business Card,4,Personal Loan
fde77924-4c73-11ea-b7b4-b88a60e194fb-1-ps,crmid:4436078489,4,Simplicity Card,3,Personal Loan
fde8d92e-4c73-11ea-adcb-b88a60e194fb-1-ps,crmid:2133180689,3,Business Card,4,Personal Loan
fde9c2ec-4c73-11ea-9ad3-b88a60e194fb-1-ps,crmid:9425165700,2,Dividend Card,4,Auto Loan
fdeafb90-4c73-11ea-8c1f-b88a60e194fb-1-ps,crmid:9917050762,4,Rewards Card,4,Auto Loan
fdec0cfe-4c73-11ea-a534-b88a60e194fb-1-ps,crmid:4684751932,3,Dividend Card,4,Auto Loan
fea4d54a-4c73-11ea-9255-b88a60e194fb-1-ps,crmid:2656047901,3,Rewards Card,4,Personal Loan
fea60dc8-4c73-11ea-96e5-b88a60e194fb-1-ps,crmid:6992309103,4,Student Card,4,Student Loan
fea76d62-4c73-11ea-a265-b88a60e194fb-1-ps,crmid:4493796191,4,Student Card,3,Student Loan
fea91b36-4c73-11ea-9bde-b88a60e194fb-1-ps,crmid:3858266926,4,Simplicity Card,9,Business Loan
feaaefe2-4c73-11ea-8148-b88a60e194fb-1-ps,crmid:8564882439,6,Dividend Card,5,Auto Loan
feac7674-4c73-11ea-83fc-b88a60e194fb-1-ps,crmid:4731249551,3,Simplicity Card,4,Personal Loan
feae24a4-4c73-11ea-8b10-b88a60e194fb-1-ps,crmid:9272191645,3,Simplicity Card,5,Auto Loan
feb01ff4-4c73-11ea-8f6a-b88a60e194fb-1-ps,crmid:9457321667,5,Business Card,3,Business Loan
feb269dc-4c73-11ea-8ade-b88a60e194fb-1-ps,crmid:8712547713,3,Simplicity Card,4,Business Loan
feb41788-4c73-11ea-8fc6-b88a60e194fb-1-ps,crmid:8409917181,5,Student Card,4,Personal Loan
ff6a20cc-4c73-11ea-abcd-b88a60e194fb-1-ps,crmid:3496240079,2,Simplicity Card,4,Student Loan
001afa2e-4c74-11ea-b09f-b88a60e194fb-1-ps,crmid:7772947326,3,Platinum Card,8,Business Loan
00d262da-4c74-11ea-a839-b88a60e194fb-1-ps,crmid:2184495605,4,Student Card,4,Personal Loan
0116228a-4c74-11ea-b4de-b88a60e194fb-1-ps,crmid:8346716367,9,Rewards Card,4,Student Loan
011ba0a4-4c74-11ea-936c-b88a60e194fb-1-ps,crmid:1136254173,4,Student Card,5,Personal Loan
01219590-4c74-11ea-b156-b88a60e194fb-1-ps,crmid:2274899909,4,Platinum Card,3,Personal Loan
016a855c-4c74-11ea-b510-b88a60e194fb-1-ps,crmid:3360639687,0,Rewards Card,3,Personal Loan
020f7664-4c74-11ea-a2f0-b88a60e194fb-1-ps,crmid:1410612708,5,Travel Card,6,Personal Loan
02511348-4c74-11ea-b12a-b88a60e194fb-1-ps,crmid:8772733735,3,Rewards Card,4,Personal Loan
025903de-4c74-11ea-9f4f-b88a60e194fb-1-ps,crmid:1800156095,3,Dividend Card,5,Personal Loan
029dd37a-4c74-11ea-8dae-b88a60e194fb-1-ps,crmid:2694978163,4,Dividend Card,3,Personal Loan
072c5bc0-4c74-11ea-81a1-b88a60e194fb-1-ps,crmid:2107619661,4,Simplicity Card,4,Business Loan
072fb710-4c74-11ea-b02a-b88a60e194fb-1-ps,crmid:1633166430,4,Business Card,3,Business Loan
0730c870-4c74-11ea-8a8e-b88a60e194fb-1-ps,crmid:9948187984,5,Travel Card,4,Personal Loan
07318ac6-4c74-11ea-9141-b88a60e194fb-1-ps,crmid:4600923846,4,Simplicity Card,4,Auto Loan
07327534-4c74-11ea-a291-b88a60e194fb-1-ps,crmid:8975850709,3,Platinum Card,4,Business Loan
07335f76-4c74-11ea-82fe-b88a60e194fb-1-ps,crmid:7301052095,4,Travel Card,6,Personal Loan
073449d4-4c74-11ea-bf4d-b88a60e194fb-1-ps,crmid:1481008580,3,Travel Card,5,Auto Loan
073583ee-4c74-11ea-95cf-b88a60e194fb-1-ps,crmid:1499235311,3,Travel Card,5,Personal Loan
073646ec-4c74-11ea-91b5-b88a60e194fb-1-ps,crmid:1538533978,3,Platinum Card,3,Business Loan
07375888-4c74-11ea-932c-b88a60e194fb-1-ps,crmid:6590627220,4,Simplicity Card,4,Personal Loan
07384406-4c74-11ea-a56c-b88a60e194fb-1-ps,crmid:3380013762,3,Platinum Card,4,Business Loan
073953c0-4c74-11ea-a525-b88a60e194fb-1-ps,crmid:2774314590,4,Student Card,7,Auto Loan
07e0683e-4c74-11ea-abe6-b88a60e194fb-1-ps,crmid:9537605440,5,Travel Card,5,Personal Loan
07e17b00-4c74-11ea-af96-b88a60e194fb-1-ps,crmid:7498085489,4,Rewards Card,3,Personal Loan
07e23e46-4c74-11ea-9395-b88a60e194fb-1-ps,crmid:3366528690,4,Dividend Card,5,Personal Loan
07e32750-4c74-11ea-8228-b88a60e194fb-1-ps,crmid:5566213376,4,Student Card,4,Personal Loan
07e413ba-4c74-11ea-9b89-b88a60e194fb-1-ps,crmid:3601074227,4,Business Card,1,Auto Loan
07e4fc14-4c74-11ea-84c1-b88a60e194fb-1-ps,crmid:5805668604,4,Platinum Card,4,Personal Loan
07e5e67a-4c74-11ea-aabf-b88a60e194fb-1-ps,crmid:4489175130,5,Simplicity Card,4,Business Loan
07e6d0de-4c74-11ea-b16d-b88a60e194fb-1-ps,crmid:1219743842,3,Simplicity Card,3,Personal Loan
07e79562-4c74-11ea-bb91-b88a60e194fb-1-ps,crmid:2245350960,4,Platinum Card,3,Auto Loan
07e8f3b6-4c74-11ea-ab3f-b88a60e194fb-1-ps,crmid:4717254107,4,Rewards Card,3,Student Loan
08bfa5c0-4c74-11ea-b2c1-b88a60e194fb-1-ps,crmid:5027844217,5,Travel Card,5,Personal Loan
08c0dce4-4c74-11ea-993f-b88a60e194fb-1-ps,crmid:8687273749,4,Travel Card,3,Student Loan
08c1c702-4c74-11ea-8584-b88a60e194fb-1-ps,crmid:1901371716,3,Business Card,5,Auto Loan
08c2b19c-4c74-11ea-9dd6-b88a60e194fb-1-ps,crmid:8597968413,4,Dividend Card,5,Student Loan
08c3ea18-4c74-11ea-8c53-b88a60e194fb-1-ps,crmid:9398117915,5,Business Card,4,Student Loan
08c4aeac-4c74-11ea-bc54-b88a60e194fb-1-ps,crmid:4062856972,4,Simplicity Card,4,Auto Loan
08c5bf38-4c74-11ea-8aae-b88a60e194fb-1-ps,crmid:7259729012,4,Dividend Card,7,Student Loan
08c6aa5a-4c74-11ea-8dbf-b88a60e194fb-1-ps,crmid:2646024131,3,Platinum Card,4,Personal Loan
08c76c8a-4c74-11ea-b75d-b88a60e194fb-1-ps,crmid:1338766348,3,Student Card,9,Personal Loan
08c856ee-4c74-11ea-a94f-b88a60e194fb-1-ps,crmid:4856371792,3,Platinum Card,4,Auto Loan
08c94140-4c74-11ea-b6a0-b88a60e194fb-1-ps,crmid:6855040673,3,Dividend Card,3,Business Loan
08ca52a8-4c74-11ea-b816-b88a60e194fb-1-ps,crmid:5929112455,5,Rewards Card,3,Student Loan
098873a4-4c74-11ea-87ca-b88a60e194fb-1-ps,crmid:4842236997,3,Dividend Card,5,Business Loan
098983c2-4c74-11ea-b5c4-b88a60e194fb-1-ps,crmid:5752908645,5,Simplicity Card,3,Auto Loan
098abc26-4c74-11ea-9696-b88a60e194fb-1-ps,crmid:5027554861,3,Dividend Card,4,Auto Loan
098bcdbe-4c74-11ea-a085-b88a60e194fb-1-ps,crmid:1412206306,4,Travel Card,4,Personal Loan
098d06a4-4c74-11ea-8377-b88a60e194fb-1-ps,crmid:1770950201,5,Simplicity Card,6,Personal Loan
098e3e8a-4c74-11ea-ac50-b88a60e194fb-1-ps,crmid:9882834991,4,Dividend Card,3,Business Loan
098f7740-4c74-11ea-bf00-b88a60e194fb-1-ps,crmid:3112334162,4,Rewards Card,3,Business Loan
0990887a-4c74-11ea-b277-b88a60e194fb-1-ps,crmid:1375548995,4,Dividend Card,9,Personal Loan
0991c12c-4c74-11ea-a193-b88a60e194fb-1-ps,crmid:8530208074,3,Platinum Card,4,Student Loan
0992ab94-4c74-11ea-ade4-b88a60e194fb-1-ps,crmid:2792455656,5,Platinum Card,5,Auto Loan
099395c8-4c74-11ea-8a57-b88a60e194fb-1-ps,crmid:5635112555,4,Dividend Card,5,Personal Loan
0a3553e6-4c74-11ea-a887-b88a60e194fb-1-ps,crmid:8388299953,5,Business Card,5,Personal Loan
0a363e3a-4c74-11ea-9b93-b88a60e194fb-1-ps,crmid:8385763240,4,Business Card,4,Personal Loan
0a379da8-4c74-11ea-bf13-b88a60e194fb-1-ps,crmid:1231508440,5,Business Card,3,Personal Loan
0a38880c-4c74-11ea-a403-b88a60e194fb-1-ps,crmid:4475570824,4,Travel Card,5,Student Loan
0a39e930-4c74-11ea-b3f0-b88a60e194fb-1-ps,crmid:5345176066,4,Platinum Card,4,Personal Loan
0a3ad24c-4c74-11ea-b017-b88a60e194fb-1-ps,crmid:1097793828,4,Travel Card,5,Auto Loan
0a3be434-4c74-11ea-91f2-b88a60e194fb-1-ps,crmid:6943047342,4,Business Card,4,Personal Loan
0a3cf67a-4c74-11ea-ae2f-b88a60e194fb-1-ps,crmid:1607071725,3,Dividend Card,4,Auto Loan
0a3db994-4c74-11ea-9b80-b88a60e194fb-1-ps,crmid:9453220398,5,Rewards Card,2,Personal Loan
0a3ef178-4c74-11ea-9b06-b88a60e194fb-1-ps,crmid:7255531087,4,Platinum Card,3,Auto Loan
0a3fb50a-4c74-11ea-beac-b88a60e194fb-1-ps,crmid:9467558495,5,Simplicity Card,5,Personal Loan
0ade3dc0-4c74-11ea-9f1a-b88a60e194fb-1-ps,crmid:9959812301,3,Business Card,3,Student Loan
0adf776c-4c74-11ea-b8fd-b88a60e194fb-1-ps,crmid:5383762100,4,Student Card,5,Business Loan
0ae061be-4c74-11ea-b5e9-b88a60e194fb-1-ps,crmid:9155271080,3,Platinum Card,4,Student Loan
0ae14c06-4c74-11ea-9561-b88a60e194fb-1-ps,crmid:5455999675,6,Simplicity Card,3,Student Loan
0ae20f4a-4c74-11ea-865e-b88a60e194fb-1-ps,crmid:6277062457,4,Dividend Card,4,Student Loan
0ae2d29e-4c74-11ea-ab78-b88a60e194fb-1-ps,crmid:3499671546,3,Student Card,5,Personal Loan
0ae3e318-4c74-11ea-bb0d-b88a60e194fb-1-ps,crmid:5234569643,5,Travel Card,4,Personal Loan
0ae4cd70-4c74-11ea-b444-b88a60e194fb-1-ps,crmid:2307083150,3,Student Card,5,Personal Loan
0ae5b8d0-4c74-11ea-ac83-b88a60e194fb-1-ps,crmid:3598421780,4,Platinum Card,4,Business Loan
0ae6a23a-4c74-11ea-94ab-b88a60e194fb-1-ps,crmid:3341266326,7,Simplicity Card,4,Personal Loan
0ae828da-4c74-11ea-b481-b88a60e194fb-1-ps,crmid:8483614896,4,Platinum Card,3,Business Loan
0bb897e2-4c74-11ea-9553-b88a60e194fb-1-ps,crmid:2692317484,4,Platinum Card,4,Business Loan
0be39f52-4c74-11ea-8303-b88a60e194fb-1-ps,crmid:9425165700,8,Dividend Card,4,Auto Loan
0be4d7cc-4c74-11ea-8a79-b88a60e194fb-1-ps,crmid:9629103527,3,Simplicity Card,4,Business Loan
0be59b24-4c74-11ea-8727-b88a60e194fb-1-ps,crmid:9900253820,4,Business Card,2,Personal Loan
0be6ac94-4c74-11ea-835c-b88a60e194fb-1-ps,crmid:1759057285,5,Platinum Card,5,Student Loan
0be7be10-4c74-11ea-bd72-b88a60e194fb-1-ps,crmid:8060693471,4,Business Card,3,Student Loan
0be8cf8c-4c74-11ea-a616-b88a60e194fb-1-ps,crmid:2401779848,4,Rewards Card,3,Student Loan
0be9e0ee-4c74-11ea-86ef-b88a60e194fb-1-ps,crmid:4363673402,4,Rewards Card,4,Business Loan
0beacb46-4c74-11ea-aec5-b88a60e194fb-1-ps,crmid:7495539815,3,Rewards Card,3,Auto Loan
0bebb636-4c74-11ea-b0e9-b88a60e194fb-1-ps,crmid:9126403717,3,Student Card,4,Auto Loan
0becee46-4c74-11ea-8aa1-b88a60e194fb-1-ps,crmid:4888375115,3,Dividend Card,5,Personal Loan
0bedff8a-4c74-11ea-92e8-b88a60e194fb-1-ps,crmid:8552951732,4,Business Card,5,Business Loan
0c99f880-4c74-11ea-938f-b88a60e194fb-1-ps,crmid:5440054746,3,Dividend Card,4,Business Loan
0c9abbee-4c74-11ea-a73b-b88a60e194fb-1-ps,crmid:3705158109,5,Dividend Card,7,Business Loan
0c9c1bba-4c74-11ea-b31f-b88a60e194fb-1-ps,crmid:1491332594,4,Platinum Card,3,Student Loan
0c9d04cc-4c74-11ea-82b6-b88a60e194fb-1-ps,crmid:4991761589,4,Travel Card,5,Auto Loan
0c9e1578-4c74-11ea-88ce-b88a60e194fb-1-ps,crmid:9035381578,4,Business Card,4,Business Loan
0c9f013e-4c74-11ea-9f12-b88a60e194fb-1-ps,crmid:8809615668,5,Student Card,3,Personal Loan
0c9fc45a-4c74-11ea-8766-b88a60e194fb-1-ps,crmid:7576355807,4,Simplicity Card,3,Personal Loan
0ca0adae-4c74-11ea-b3c4-b88a60e194fb-1-ps,crmid:4596249937,2,Dividend Card,5,Auto Loan
0ca1bf18-4c74-11ea-9a26-b88a60e194fb-1-ps,crmid:6231399671,3,Student Card,2,Personal Loan
0ca283b0-4c74-11ea-8816-b88a60e194fb-1-ps,crmid:3456348303,5,Rewards Card,10,Personal Loan
0ca3bc4a-4c74-11ea-83d6-b88a60e194fb-1-ps,crmid:8637238329,4,Simplicity Card,5,Business Loan
0d65abee-4c74-11ea-8734-b88a60e194fb-1-ps,crmid:8971945626,3,Rewards Card,4,Business Loan
0d66957a-4c74-11ea-83eb-b88a60e194fb-1-ps,crmid:5553576951,4,Student Card,4,Auto Loan
0d67a6de-4c74-11ea-b3ba-b88a60e194fb-1-ps,crmid:2474394889,4,Simplicity Card,5,Business Loan
0d689142-4c74-11ea-b46c-b88a60e194fb-1-ps,crmid:9065899890,2,Simplicity Card,5,Student Loan
0d69548a-4c74-11ea-bf5b-b88a60e194fb-1-ps,crmid:1253059051,2,Business Card,6,Personal Loan
0d6a3ef4-4c74-11ea-8b71-b88a60e194fb-1-ps,crmid:9302673500,5,Student Card,3,Personal Loan
0d6b038c-4c74-11ea-bffd-b88a60e194fb-1-ps,crmid:9690040368,4,Simplicity Card,4,Business Loan
0d6c13da-4c74-11ea-8c17-b88a60e194fb-1-ps,crmid:2837855976,4,Platinum Card,4,Personal Loan
0d6d251e-4c74-11ea-8acd-b88a60e194fb-1-ps,crmid:6869192929,1,Business Card,4,Personal Loan
0d6e370c-4c74-11ea-a585-b88a60e194fb-1-ps,crmid:7386446670,4,Simplicity Card,4,Personal Loan
0d6f6ee8-4c74-11ea-88c8-b88a60e194fb-1-ps,crmid:7369193986,5,Platinum Card,4,Auto Loan
0e462110-4c74-11ea-99d4-b88a60e194fb-1-ps,crmid:6295414855,4,Student Card,4,Personal Loan
0e47327a-4c74-11ea-8478-b88a60e194fb-1-ps,crmid:9554688243,3,Travel Card,5,Personal Loan
0e47f46e-4c74-11ea-b309-b88a60e194fb-1-ps,crmid:9132648982,5,Rewards Card,4,Auto Loan
0e48dfc8-4c74-11ea-9776-b88a60e194fb-1-ps,crmid:3036285602,5,Platinum Card,3,Personal Loan
0e49f054-4c74-11ea-be80-b88a60e194fb-1-ps,crmid:5917792715,4,Business Card,5,Student Loan
0e4ab3dc-4c74-11ea-8db5-b88a60e194fb-1-ps,crmid:3458715922,5,Student Card,4,Business Loan
0e4b9dfa-4c74-11ea-b7ab-b88a60e194fb-1-ps,crmid:8983085401,3,Business Card,5,Auto Loan
0e4c89ae-4c74-11ea-8241-b88a60e194fb-1-ps,crmid:5440407970,5,Platinum Card,4,Personal Loan
0e4d4d02-4c74-11ea-b930-b88a60e194fb-1-ps,crmid:3197197033,4,Student Card,2,Auto Loan
0e4e841a-4c74-11ea-99f1-b88a60e194fb-1-ps,crmid:6831883205,3,Platinum Card,6,Auto Loan
0e4f95b8-4c74-11ea-9634-b88a60e194fb-1-ps,crmid:7513478380,4,Rewards Card,6,Student Loan
0ef6839e-4c74-11ea-87f1-b88a60e194fb-1-ps,crmid:5255360757,3,Rewards Card,4,Auto Loan
0ef79508-4c74-11ea-965c-b88a60e194fb-1-ps,crmid:6260621617,2,Student Card,4,Student Loan
0ef91ba4-4c74-11ea-a68c-b88a60e194fb-1-ps,crmid:8105626919,3,Simplicity Card,3,Personal Loan
0efa542c-4c74-11ea-9ab1-b88a60e194fb-1-ps,crmid:5980665272,7,Rewards Card,6,Personal Loan
0efbdade-4c74-11ea-afbe-b88a60e194fb-1-ps,crmid:6671347260,5,Student Card,4,Personal Loan
0efcc51a-4c74-11ea-ac81-b88a60e194fb-1-ps,crmid:7373639116,5,Rewards Card,9,Personal Loan
0efdaf7e-4c74-11ea-968e-b88a60e194fb-1-ps,crmid:2257033580,3,Rewards Card,4,Student Loan
0efe99e2-4c74-11ea-9cb1-b88a60e194fb-1-ps,crmid:1009375300,5,Travel Card,5,Student Loan
0eff8440-4c74-11ea-9197-b88a60e194fb-1-ps,crmid:5363544557,3,Business Card,6,Student Loan
0f00bcba-4c74-11ea-959f-b88a60e194fb-1-ps,crmid:7387747287,3,Travel Card,3,Student Loan
0f01ce62-4c74-11ea-b337-b88a60e194fb-1-ps,crmid:2275542714,5,Dividend Card,7,Personal Loan
0f02dfc0-4c74-11ea-80b9-b88a60e194fb-1-ps,crmid:1960574321,3,Student Card,4,Business Loan
0fab2eda-4c74-11ea-aa03-b88a60e194fb-1-ps,crmid:6172310181,3,Rewards Card,5,Auto Loan
0fac17ac-4c74-11ea-b62d-b88a60e194fb-1-ps,crmid:1375297176,2,Dividend Card,8,Student Loan
0fad5062-4c74-11ea-9d25-b88a60e194fb-1-ps,crmid:1463926637,5,Rewards Card,5,Personal Loan
0fae61ca-4c74-11ea-b996-b88a60e194fb-1-ps,crmid:9944566622,4,Platinum Card,5,Personal Loan
0faf2512-4c74-11ea-b025-b88a60e194fb-1-ps,crmid:9318032253,4,Rewards Card,3,Personal Loan
0fb00f50-4c74-11ea-954e-b88a60e194fb-1-ps,crmid:9849871202,3,Rewards Card,4,Student Loan
0fb120b6-4c74-11ea-a639-b88a60e194fb-1-ps,crmid:2493908011,4,Dividend Card,4,Business Loan
0fb20b22-4c74-11ea-8e23-b88a60e194fb-1-ps,crmid:5630670574,5,Business Card,2,Personal Loan
0fb36ae2-4c74-11ea-a065-b88a60e194fb-1-ps,crmid:2032446382,2,Rewards Card,5,Student Loan
0fb4a352-4c74-11ea-9e81-b88a60e194fb-1-ps,crmid:4667328474,7,Simplicity Card,3,Personal Loan
0fb5b4c2-4c74-11ea-b000-b88a60e194fb-1-ps,crmid:1924410346,4,Business Card,4,Student Loan
1056fefe-4c74-11ea-9164-b88a60e194fb-1-ps,crmid:5508372086,5,Dividend Card,4,Auto Loan
10580f1c-4c74-11ea-ac09-b88a60e194fb-1-ps,crmid:5867568142,4,Rewards Card,4,Personal Loan
1058d3a2-4c74-11ea-87d1-b88a60e194fb-1-ps,crmid:3683467748,4,Rewards Card,6,Personal Loan
105996e8-4c74-11ea-aa6a-b88a60e194fb-1-ps,crmid:3339521990,3,Student Card,3,Auto Loan
105af5f8-4c74-11ea-9264-b88a60e194fb-1-ps,crmid:7317142534,5,Simplicity Card,4,Auto Loan
105bb88a-4c74-11ea-a32b-b88a60e194fb-1-ps,crmid:3782457440,3,Student Card,4,Business Loan
105cf112-4c74-11ea-beed-b88a60e194fb-1-ps,crmid:5373527915,2,Simplicity Card,3,Student Loan
105ddb54-4c74-11ea-a079-b88a60e194fb-1-ps,crmid:7913000390,5,Rewards Card,4,Business Loan
105e9fae-4c74-11ea-b901-b88a60e194fb-1-ps,crmid:9803015473,4,Travel Card,3,Personal Loan
105fb026-4c74-11ea-9315-b88a60e194fb-1-ps,crmid:9256109848,4,Travel Card,2,Business Loan
10607368-4c74-11ea-ae5c-b88a60e194fb-1-ps,crmid:6251466957,9,Platinum Card,3,Personal Loan
106184dc-4c74-11ea-974d-b88a60e194fb-1-ps,crmid:5441431371,3,Platinum Card,5,Personal Loan
10fdeb92-4c74-11ea-bd0c-b88a60e194fb-1-ps,crmid:9461000979,5,Platinum Card,8,Personal Loan
10fed606-4c74-11ea-a134-b88a60e194fb-1-ps,crmid:4960592672,2,Dividend Card,5,Student Loan
10ffe7ba-4c74-11ea-a51c-b88a60e194fb-1-ps,crmid:2028022787,4,Dividend Card,4,Personal Loan
1100d34a-4c74-11ea-bb18-b88a60e194fb-1-ps,crmid:8517438507,3,Student Card,4,Personal Loan
1101bc3e-4c74-11ea-bdf5-b88a60e194fb-1-ps,crmid:3929811172,3,Student Card,4,Personal Loan
11031bb4-4c74-11ea-bccc-b88a60e194fb-1-ps,crmid:2891485623,3,Simplicity Card,5,Business Loan
11042dc2-4c74-11ea-85f2-b88a60e194fb-1-ps,crmid:6621710357,5,Travel Card,8,Student Loan
11058e2e-4c74-11ea-8fec-b88a60e194fb-1-ps,crmid:3422416771,4,Platinum Card,8,Auto Loan
11069fa6-4c74-11ea-ab74-b88a60e194fb-1-ps,crmid:1139570741,5,Student Card,4,Business Loan
1108e818-4c74-11ea-ba5b-b88a60e194fb-1-ps,crmid:7064029786,4,Student Card,4,Business Loan
110b5980-4c74-11ea-8270-b88a60e194fb-1-ps,crmid:8500287156,5,Business Card,4,Auto Loan
11bb2114-4c74-11ea-962c-b88a60e194fb-1-ps,crmid:7389117881,5,Business Card,3,Business Loan
11bccfae-4c74-11ea-9448-b88a60e194fb-1-ps,crmid:2946618276,3,Rewards Card,4,Personal Loan
11becbb4-4c74-11ea-a951-b88a60e194fb-1-ps,crmid:8857264116,4,Dividend Card,3,Business Loan
11c05246-4c74-11ea-82d9-b88a60e194fb-1-ps,crmid:3363766975,4,Travel Card,8,Business Loan
11c24dca-4c74-11ea-aa38-b88a60e194fb-1-ps,crmid:5112561151,4,Rewards Card,5,Personal Loan
11c3fbd0-4c74-11ea-92a6-b88a60e194fb-1-ps,crmid:7188397735,5,Student Card,5,Business Loan
11c66d12-4c74-11ea-9cfc-b88a60e194fb-1-ps,crmid:5508081812,5,Travel Card,5,Personal Loan
11c84192-4c74-11ea-b4cf-b88a60e194fb-1-ps,crmid:4336994551,4,Travel Card,5,Personal Loan
11ca3d66-4c74-11ea-8a94-b88a60e194fb-1-ps,crmid:9509520942,3,Platinum Card,9,Auto Loan
11cc5f50-4c74-11ea-b5bd-b88a60e194fb-1-ps,crmid:9659364072,4,Dividend Card,3,Business Loan
11cf469c-4c74-11ea-a169-b88a60e194fb-1-ps,crmid:2032446382,6,Travel Card,2,Business Loan
11d18f0a-4c74-11ea-ad89-b88a60e194fb-1-ps,crmid:6791768019,3,Platinum Card,7,Business Loan
12915c6e-4c74-11ea-a48e-b88a60e194fb-1-ps,crmid:6981916472,3,Simplicity Card,5,Auto Loan
12988842-4c74-11ea-88be-b88a60e194fb-1-ps,crmid:1389683647,7,Student Card,4,Personal Loan
129b958a-4c74-11ea-be23-b88a60e194fb-1-ps,crmid:2257502344,6,Dividend Card,4,Student Loan
129c7fd4-4c74-11ea-a94f-b88a60e194fb-1-ps,crmid:2304210995,5,Travel Card,3,Personal Loan
129d6a30-4c74-11ea-a621-b88a60e194fb-1-ps,crmid:6480362384,5,Travel Card,5,Auto Loan
129ea2b8-4c74-11ea-8ed3-b88a60e194fb-1-ps,crmid:1315788505,4,Platinum Card,4,Auto Loan
129fdb2c-4c74-11ea-951e-b88a60e194fb-1-ps,crmid:9119731262,4,Business Card,3,Personal Loan
12a0ecb4-4c74-11ea-946e-b88a60e194fb-1-ps,crmid:6735815537,5,Platinum Card,4,Auto Loan
12a1d700-4c74-11ea-8f29-b88a60e194fb-1-ps,crmid:1535364054,5,Dividend Card,5,Personal Loan
12a2c186-4c74-11ea-a75b-b88a60e194fb-1-ps,crmid:2184536903,4,Business Card,6,Auto Loan
13510410-4c74-11ea-8900-b88a60e194fb-1-ps,crmid:4364740049,4,Business Card,4,Personal Loan
13521422-4c74-11ea-8d35-b88a60e194fb-1-ps,crmid:4957024645,4,Simplicity Card,3,Personal Loan
1352fe7a-4c74-11ea-9f31-b88a60e194fb-1-ps,crmid:1015105404,3,Rewards Card,4,Personal Loan
1353ea2e-4c74-11ea-bb77-b88a60e194fb-1-ps,crmid:6137898929,4,Student Card,3,Business Loan
1354d306-4c74-11ea-af6e-b88a60e194fb-1-ps,crmid:2442653245,6,Platinum Card,3,Personal Loan
1355bf08-4c74-11ea-8137-b88a60e194fb-1-ps,crmid:2350365747,3,Platinum Card,4,Auto Loan
135680e2-4c74-11ea-8a23-b88a60e194fb-1-ps,crmid:4279421331,4,Student Card,6,Personal Loan
13579254-4c74-11ea-be01-b88a60e194fb-1-ps,crmid:7178337683,4,Dividend Card,4,Student Loan
13587d68-4c74-11ea-a0fd-b88a60e194fb-1-ps,crmid:4625540334,4,Rewards Card,4,Business Loan
13598e24-4c74-11ea-ba02-b88a60e194fb-1-ps,crmid:1660419850,4,Simplicity Card,4,Business Loan
135ac686-4c74-11ea-b1d3-b88a60e194fb-1-ps,crmid:1475155965,4,Travel Card,9,Personal Loan
135bb0da-4c74-11ea-aca9-b88a60e194fb-1-ps,crmid:9630501162,5,Travel Card,5,Student Loan
13ffb8cc-4c74-11ea-9f63-b88a60e194fb-1-ps,crmid:9791160241,5,Simplicity Card,4,Auto Loan
1400cb08-4c74-11ea-8935-b88a60e194fb-1-ps,crmid:8725542180,4,Student Card,3,Business Loan
14018d92-4c74-11ea-96ea-b88a60e194fb-1-ps,crmid:8202880335,4,Business Card,4,Business Loan
1403142e-4c74-11ea-86b4-b88a60e194fb-1-ps,crmid:1108859838,2,Rewards Card,4,Personal Loan
1404eab6-4c74-11ea-aac1-b88a60e194fb-1-ps,crmid:1041664638,4,Dividend Card,5,Personal Loan
1406968a-4c74-11ea-87c8-b88a60e194fb-1-ps,crmid:5089274624,6,Business Card,5,Personal Loan
14086b62-4c74-11ea-bd9d-b88a60e194fb-1-ps,crmid:3695869019,4,Travel Card,4,Personal Loan
140a4062-4c74-11ea-9f46-b88a60e194fb-1-ps,crmid:9196944291,4,Student Card,3,Auto Loan
140c14e2-4c74-11ea-865d-b88a60e194fb-1-ps,crmid:5332432784,5,Business Card,3,Student Loan
140deae2-4c74-11ea-94d6-b88a60e194fb-1-ps,crmid:1391531738,3,Dividend Card,4,Personal Loan
14103458-4c74-11ea-abbe-b88a60e194fb-1-ps,crmid:1562874113,4,Rewards Card,4,Student Loan
14d64268-4c74-11ea-b1f8-b88a60e194fb-1-ps,crmid:5617905311,3,Simplicity Card,3,Student Loan
14db99d8-4c74-11ea-bbbd-b88a60e194fb-1-ps,crmid:6352333405,4,Dividend Card,3,Personal Loan
14e33ac8-4c74-11ea-a77a-b88a60e194fb-1-ps,crmid:8739999001,4,Business Card,3,Personal Loan
14eadbfe-4c74-11ea-814f-b88a60e194fb-1-ps,crmid:5912357404,4,Rewards Card,4,Business Loan
1518a27e-4c74-11ea-9f5d-b88a60e194fb-1-ps,crmid:8846675044,4,Simplicity Card,3,Auto Loan
151a9e64-4c74-11ea-98e6-b88a60e194fb-1-ps,crmid:3485937935,7,Dividend Card,2,Personal Loan
151c7302-4c74-11ea-9236-b88a60e194fb-1-ps,crmid:4838306488,4,Student Card,4,Personal Loan
151e6ee2-4c74-11ea-836d-b88a60e194fb-1-ps,crmid:6760481419,5,Student Card,3,Business Loan
15206ab0-4c74-11ea-8bef-b88a60e194fb-1-ps,crmid:3239808897,3,Travel Card,5,Personal Loan
1522667a-4c74-11ea-8977-b88a60e194fb-1-ps,crmid:4808946771,4,Student Card,4,Auto Loan
156e3c92-4c74-11ea-9ff7-b88a60e194fb-1-ps,crmid:7225364552,4,Travel Card,5,Personal Loan
156f26f0-4c74-11ea-87fa-b88a60e194fb-1-ps,crmid:8303849356,5,Simplicity Card,2,Auto Loan
161ddd1c-4c74-11ea-a18f-b88a60e194fb-1-ps,crmid:6269373859,3,Travel Card,5,Student Loan
161f9182-4c74-11ea-8d46-b88a60e194fb-1-ps,crmid:5445564341,4,Platinum Card,2,Auto Loan
16227110-4c74-11ea-a171-b88a60e194fb-1-ps,crmid:8808106413,8,Dividend Card,4,Personal Loan
16246cd8-4c74-11ea-8a08-b88a60e194fb-1-ps,crmid:2730116574,4,Rewards Card,5,Personal Loan
1626ddde-4c74-11ea-b744-b88a60e194fb-1-ps,crmid:5500385784,4,Business Card,3,Student Loan
162a3950-4c74-11ea-9e28-b88a60e194fb-1-ps,crmid:2808469216,4,Student Card,4,Auto Loan
163387fa-4c74-11ea-92dd-b88a60e194fb-1-ps,crmid:4773797062,5,Simplicity Card,6,Auto Loan
16392d5a-4c74-11ea-8618-b88a60e194fb-1-ps,crmid:5278640753,5,Dividend Card,4,Personal Loan
1667b74a-4c74-11ea-b025-b88a60e194fb-1-ps,crmid:5846978690,4,Dividend Card,3,Auto Loan
169445b6-4c74-11ea-a8ce-b88a60e194fb-1-ps,crmid:6969599050,4,Dividend Card,4,Personal Loan
1753ebca-4c74-11ea-9a83-b88a60e194fb-1-ps,crmid:8805733323,3,Platinum Card,8,Personal Loan
1754d798-4c74-11ea-95e4-b88a60e194fb-1-ps,crmid:5991733971,4,Dividend Card,2,Personal Loan
1755c094-4c74-11ea-bc94-b88a60e194fb-1-ps,crmid:5739741085,5,Simplicity Card,5,Personal Loan
1756ac86-4c74-11ea-a30c-b88a60e194fb-1-ps,crmid:5223097467,4,Student Card,3,Personal Loan
17579558-4c74-11ea-bba8-b88a60e194fb-1-ps,crmid:9139024388,4,Travel Card,4,Auto Loan
175859f8-4c74-11ea-9ad3-b88a60e194fb-1-ps,crmid:7523765242,2,Dividend Card,3,Auto Loan
17594310-4c74-11ea-8c0c-b88a60e194fb-1-ps,crmid:1659048263,3,Dividend Card,7,Student Loan
175a2ea2-4c74-11ea-a391-b88a60e194fb-1-ps,crmid:4696326703,5,Dividend Card,8,Business Loan
175af1ee-4c74-11ea-b37c-b88a60e194fb-1-ps,crmid:5507688633,5,Business Card,4,Personal Loan
175bdbe2-4c74-11ea-968b-b88a60e194fb-1-ps,crmid:3995834181,4,Student Card,4,Business Loan
175cc576-4c74-11ea-a4e7-b88a60e194fb-1-ps,crmid:7831045937,3,Simplicity Card,3,Personal Loan
175d88d8-4c74-11ea-ad62-b88a60e194fb-1-ps,crmid:1525772469,4,Student Card,5,Personal Loan
1805fd92-4c74-11ea-b787-b88a60e194fb-1-ps,crmid:5114662722,4,Rewards Card,5,Business Loan
18075d00-4c74-11ea-b9c5-b88a60e194fb-1-ps,crmid:2453025694,5,Business Card,4,Personal Loan
18090aa2-4c74-11ea-a6d1-b88a60e194fb-1-ps,crmid:5258261057,5,Dividend Card,4,Personal Loan
180a9152-4c74-11ea-b8dd-b88a60e194fb-1-ps,crmid:6130558734,3,Simplicity Card,4,Student Loan
180c3ee8-4c74-11ea-a6c4-b88a60e194fb-1-ps,crmid:7518120588,4,Travel Card,3,Student Loan
180e61e8-4c74-11ea-be61-b88a60e194fb-1-ps,crmid:9743675612,3,Dividend Card,3,Personal Loan
1810abc6-4c74-11ea-adaf-b88a60e194fb-1-ps,crmid:3780437057,3,Rewards Card,7,Student Loan
1812325c-4c74-11ea-93d0-b88a60e194fb-1-ps,crmid:6758701506,3,Platinum Card,5,Student Loan
1813b8f8-4c74-11ea-97f8-b88a60e194fb-1-ps,crmid:6553435647,6,Rewards Card,2,Student Loan
18158dd0-4c74-11ea-be8e-b88a60e194fb-1-ps,crmid:2547237462,4,Travel Card,4,Business Loan
1816c64c-4c74-11ea-ad63-b88a60e194fb-1-ps,crmid:7933419150,4,Dividend Card,4,Student Loan
18baa76e-4c74-11ea-ba15-b88a60e194fb-1-ps,crmid:4553353355,3,Business Card,4,Auto Loan
18bb9298-4c74-11ea-960c-b88a60e194fb-1-ps,crmid:9858094487,4,Student Card,3,Auto Loan
18bc7c12-4c74-11ea-81ad-b88a60e194fb-1-ps,crmid:6826182069,4,Travel Card,6,Business Loan
18bd8eba-4c74-11ea-891b-b88a60e194fb-1-ps,crmid:7417513689,1,Dividend Card,4,Business Loan
18be779e-4c74-11ea-9bd5-b88a60e194fb-1-ps,crmid:5224510163,4,Rewards Card,3,Student Loan
18bf8934-4c74-11ea-a341-b88a60e194fb-1-ps,crmid:2335449004,4,Rewards Card,4,Auto Loan
18c09a8a-4c74-11ea-b04f-b88a60e194fb-1-ps,crmid:8693229353,4,Rewards Card,3,Personal Loan
18c18652-4c74-11ea-9ef6-b88a60e194fb-1-ps,crmid:1368454765,4,Rewards Card,3,Business Loan
18c270c2-4c74-11ea-b535-b88a60e194fb-1-ps,crmid:2743313239,5,Student Card,5,Personal Loan
18c35b18-4c74-11ea-b003-b88a60e194fb-1-ps,crmid:9603959453,3,Business Card,5,Personal Loan
18c46b3e-4c74-11ea-9703-b88a60e194fb-1-ps,crmid:5245563738,4,Business Card,4,Auto Loan
18c555a8-4c74-11ea-ae67-b88a60e194fb-1-ps,crmid:4290907908,3,Business Card,4,Personal Loan
1963b85e-4c74-11ea-8b7d-b88a60e194fb-1-ps,crmid:9883452507,4,Rewards Card,3,Business Loan
1964a2d8-4c74-11ea-9b3d-b88a60e194fb-1-ps,crmid:4920500875,5,Student Card,6,Auto Loan
1965b424-4c74-11ea-9713-b88a60e194fb-1-ps,crmid:2904522176,3,Rewards Card,4,Business Loan
19669e58-4c74-11ea-86b6-b88a60e194fb-1-ps,crmid:1254625579,6,Travel Card,6,Auto Loan
1967d700-4c74-11ea-8ed5-b88a60e194fb-1-ps,crmid:3370313866,4,Business Card,2,Student Loan
1968e846-4c74-11ea-ac87-b88a60e194fb-1-ps,crmid:8792579946,3,Travel Card,3,Auto Loan
1969f9b8-4c74-11ea-92f3-b88a60e194fb-1-ps,crmid:2453888807,4,Business Card,9,Student Loan
196b0b86-4c74-11ea-8419-b88a60e194fb-1-ps,crmid:2374517222,3,Platinum Card,4,Student Loan
196c6ab6-4c74-11ea-b836-b88a60e194fb-1-ps,crmid:9412106056,5,Rewards Card,3,Business Loan
196d5514-4c74-11ea-a7be-b88a60e194fb-1-ps,crmid:3516278042,4,Travel Card,4,Personal Loan
196e40d8-4c74-11ea-a7b9-b88a60e194fb-1-ps,crmid:7176609839,3,Platinum Card,6,Personal Loan
1a1025e4-4c74-11ea-a5be-b88a60e194fb-1-ps,crmid:7538708114,3,Dividend Card,2,Personal Loan
1a113626-4c74-11ea-8c28-b88a60e194fb-1-ps,crmid:9389247826,5,Student Card,5,Personal Loan
1a124788-4c74-11ea-83fb-b88a60e194fb-1-ps,crmid:3499688625,4,Student Card,4,Auto Loan
1a1332e8-4c74-11ea-b686-b88a60e194fb-1-ps,crmid:9932153188,4,Platinum Card,3,Student Loan
1a13f6b6-4c74-11ea-b94d-b88a60e194fb-1-ps,crmid:3962987490,7,Student Card,4,Auto Loan
1a14e0d8-4c74-11ea-a5ae-b88a60e194fb-1-ps,crmid:1569193993,3,Platinum Card,5,Personal Loan
1a15a42e-4c74-11ea-88bb-b88a60e194fb-1-ps,crmid:2662659013,4,Dividend Card,3,Personal Loan
1a168d40-4c74-11ea-b62b-b88a60e194fb-1-ps,crmid:2328522611,4,Business Card,3,Personal Loan
1a177876-4c74-11ea-b65d-b88a60e194fb-1-ps,crmid:6821295128,4,Travel Card,4,Student Loan
1a1889de-4c74-11ea-80f4-b88a60e194fb-1-ps,crmid:2220126819,3,Rewards Card,8,Personal Loan
1a1974b8-4c74-11ea-8c22-b88a60e194fb-1-ps,crmid:7470302312,4,Travel Card,4,Auto Loan
1aca4cc0-4c74-11ea-b8c8-b88a60e194fb-1-ps,crmid:7417414775,4,Student Card,4,Personal Loan
1acc488c-4c74-11ea-9d07-b88a60e194fb-1-ps,crmid:1777996776,3,Rewards Card,3,Personal Loan
1acd80d0-4c74-11ea-a685-b88a60e194fb-1-ps,crmid:6622151139,5,Business Card,4,Personal Loan
1aceba9c-4c74-11ea-b4f8-b88a60e194fb-1-ps,crmid:3408294609,3,Travel Card,3,Business Loan
1acf7cac-4c74-11ea-9890-b88a60e194fb-1-ps,crmid:2012381428,3,Platinum Card,2,Personal Loan
1ad08f52-4c74-11ea-956a-b88a60e194fb-1-ps,crmid:9049136571,4,Travel Card,3,Student Loan
1ad1516c-4c74-11ea-ba2f-b88a60e194fb-1-ps,crmid:1601448322,4,Platinum Card,3,Business Loan
1ad26376-4c74-11ea-a9ea-b88a60e194fb-1-ps,crmid:4265038045,5,Simplicity Card,4,Student Loan
1ad37570-4c74-11ea-abfc-b88a60e194fb-1-ps,crmid:4195279174,8,Student Card,4,Auto Loan
1ad45eb0-4c74-11ea-babc-b88a60e194fb-1-ps,crmid:1274756894,4,Dividend Card,4,Personal Loan
1ad54a62-4c74-11ea-baec-b88a60e194fb-1-ps,crmid:6203722151,3,Travel Card,4,Student Loan
1ad63378-4c74-11ea-90bb-b88a60e194fb-1-ps,crmid:2022486878,6,Business Card,4,Personal Loan
1b8474ae-4c74-11ea-a6be-b88a60e194fb-1-ps,crmid:6704066611,3,Travel Card,4,Personal Loan
1b858624-4c74-11ea-a82a-b88a60e194fb-1-ps,crmid:1621943221,4,Dividend Card,3,Auto Loan
1b86bea8-4c74-11ea-93a6-b88a60e194fb-1-ps,crmid:6251299328,5,Dividend Card,3,Personal Loan
1b87d024-4c74-11ea-92e9-b88a60e194fb-1-ps,crmid:8493998130,4,Platinum Card,4,Student Loan
1b88bbb4-4c74-11ea-a861-b88a60e194fb-1-ps,crmid:4884705589,4,Simplicity Card,4,Personal Loan
1b897f02-4c74-11ea-985b-b88a60e194fb-1-ps,crmid:8995927483,5,Student Card,8,Personal Loan
1b8b045a-4c74-11ea-9041-b88a60e194fb-1-ps,crmid:6855040673,4,Rewards Card,3,Auto Loan
1b8bef42-4c74-11ea-b0e0-b88a60e194fb-1-ps,crmid:9491532627,5,Simplicity Card,7,Auto Loan
1b8cda06-4c74-11ea-9aa8-b88a60e194fb-1-ps,crmid:2035831088,4,Business Card,3,Auto Loan
1bb34e00-4c74-11ea-8b14-b88a60e194fb-1-ps,crmid:6308227106,4,Student Card,4,Business Loan
1bfc3c92-4c74-11ea-b2b7-b88a60e194fb-1-ps,crmid:9088666202,10,Travel Card,4,Business Loan
1ca156a6-4c74-11ea-afd6-b88a60e194fb-1-ps,crmid:6597955667,4,Student Card,7,Personal Loan
1ca28e86-4c74-11ea-b198-b88a60e194fb-1-ps,crmid:5143662938,4,Rewards Card,7,Personal Loan
