id,crmid,propensity_room_upgrade,propensity_extended_nights
e6d8a886-914c-11ea-b1cf-b88a60e194fb,crmid:1185521792,9,4
e6da9100-914c-11ea-980e-b88a60e194fb,crmid:6548031578,8,4
e6dcee8c-914c-11ea-af96-b88a60e194fb,crmid:9098844759,8,4
e6de8866-914c-11ea-9083-b88a60e194fb,crmid:3314808891,8,5
e6dffb86-914c-11ea-8691-b88a60e194fb,crmid:7738237636,4,5
e6e1e3c6-914c-11ea-b0ad-b88a60e194fb,crmid:3941337979,5,8
e6e37de6-914c-11ea-80ce-b88a60e194fb,crmid:8255942997,4,3
e6e5c7de-914c-11ea-8e65-b88a60e194fb,crmid:1246607697,6,3
e6e8121a-914c-11ea-9b92-b88a60e194fb,crmid:4991651365,7,4
e6e9abd8-914c-11ea-aca4-b88a60e194fb,crmid:9349087955,2,8
e6eb32de-914c-11ea-91fd-b88a60e194fb,crmid:4761644122,8,3
e6eca598-914c-11ea-8cac-b88a60e194fb,crmid:3510826608,4,4
e6ee18be-914c-11ea-88a5-b88a60e194fb,crmid:8540155614,7,4
e6f03b80-914c-11ea-b93d-b88a60e194fb,crmid:4971131214,4,8
e6f1c226-914c-11ea-a973-b88a60e194fb,crmid:2039479978,3,4
e6f38350-914c-11ea-a05a-b88a60e194fb,crmid:4269110230,9,3
e6f509f4-914c-11ea-a07b-b88a60e194fb,crmid:9792044494,5,7
e6f6a41a-914c-11ea-8bd4-b88a60e194fb,crmid:8829857765,5,2
e6f86540-914c-11ea-a350-b88a60e194fb,crmid:1396432559,3,8
e6fa7530-914c-11ea-84c9-b88a60e194fb,crmid:4674733047,7,4
e6fc3606-914c-11ea-b78b-b88a60e194fb,crmid:1848294225,10,5
e6fdd000-914c-11ea-b7e3-b88a60e194fb,crmid:4187675283,9,2
e6ffb842-914c-11ea-abde-b88a60e194fb,crmid:6043736741,7,5
e701b424-914c-11ea-843c-b88a60e194fb,crmid:5964863731,7,3
e703b080-914c-11ea-86a6-b88a60e194fb,crmid:7204006625,7,4
e705e63e-914c-11ea-885e-b88a60e194fb,crmid:9917577193,6,6
e707bb1c-914c-11ea-944c-b88a60e194fb,crmid:4215239211,8,3
e7099014-914c-11ea-8d3d-b88a60e194fb,crmid:2133866218,7,4
e70b3d6e-914c-11ea-b867-b88a60e194fb,crmid:3868813539,6,5
e70ff858-914c-11ea-a36a-b88a60e194fb,crmid:2390973249,8,4
e711f41c-914c-11ea-a7ba-b88a60e194fb,crmid:5952227817,4,8
e713dcb4-914c-11ea-9c49-b88a60e194fb,crmid:3518878940,6,4
e71674f8-914c-11ea-81ac-b88a60e194fb,crmid:9952460875,9,4
e719200c-914c-11ea-95fe-b88a60e194fb,crmid:9851334367,7,4
e71ae162-914c-11ea-99bb-b88a60e194fb,crmid:9176837688,4,6
e71ca278-914c-11ea-9902-b88a60e194fb,crmid:8328667446,7,5
e71eec5e-914c-11ea-812c-b88a60e194fb,crmid:7537322782,3,4
e720e842-914c-11ea-9b16-b88a60e194fb,crmid:4049955870,8,3
e72393b4-914c-11ea-bcd3-b88a60e194fb,crmid:5029679809,4,3
e725ddac-914c-11ea-9494-b88a60e194fb,crmid:1478348397,6,2
e7283b42-914c-11ea-82ae-b88a60e194fb,crmid:9139670292,5,4
e72afa3a-914c-11ea-b400-b88a60e194fb,crmid:5329873245,5,4
e72ecaca-914c-11ea-9169-b88a60e194fb,crmid:6516323878,8,5
e73162d8-914c-11ea-8c14-b88a60e194fb,crmid:2094361556,10,3
e7343570-914c-11ea-8285-b88a60e194fb,crmid:7973647959,4,8
e7367f58-914c-11ea-bb00-b88a60e194fb,crmid:5715910834,3,2
e738dcd4-914c-11ea-a260-b88a60e194fb,crmid:7222657895,5,9
e73b1340-914c-11ea-b2a2-b88a60e194fb,crmid:5884159808,3,3
e73e5b12-914c-11ea-8568-b88a60e194fb,crmid:8666997547,4,5
e7412dae-914c-11ea-b056-b88a60e194fb,crmid:6471808573,7,4
e7443af4-914c-11ea-b517-b88a60e194fb,crmid:6782281557,8,3
e746bf74-914c-11ea-ab25-b88a60e194fb,crmid:8268081932,4,4
e7499206-914c-11ea-a87e-b88a60e194fb,crmid:3397453041,8,5
e74d1490-914c-11ea-9dda-b88a60e194fb,crmid:1113807847,4,7
e74f5e76-914c-11ea-8099-b88a60e194fb,crmid:2922235588,3,7
e75146a4-914c-11ea-8f55-b88a60e194fb,crmid:7510296233,8,5
e7532ef8-914c-11ea-84b6-b88a60e194fb,crmid:1140567529,5,4
e755b378-914c-11ea-9891-b88a60e194fb,crmid:6611380485,8,4
e7579bd0-914c-11ea-9d9a-b88a60e194fb,crmid:9266504129,6,3
e7599788-914c-11ea-9b20-b88a60e194fb,crmid:2201591930,8,4
e75b6c52-914c-11ea-bb23-b88a60e194fb,crmid:2951404065,3,5
e75cf2e6-914c-11ea-af23-b88a60e194fb,crmid:5809332735,10,5
e75eb414-914c-11ea-9580-b88a60e194fb,crmid:2566457293,7,2
e760753e-914c-11ea-892d-b88a60e194fb,crmid:8798453663,8,3
e761e85e-914c-11ea-855c-b88a60e194fb,crmid:7683515111,8,3
e7636efe-914c-11ea-9d68-b88a60e194fb,crmid:3562186508,3,5
e76509ae-914c-11ea-af4b-b88a60e194fb,crmid:5710371609,9,6
e7667c62-914c-11ea-808a-b88a60e194fb,crmid:5794832508,9,4
e7691468-914c-11ea-b5b1-b88a60e194fb,crmid:3124390007,3,4
e76cbdca-914c-11ea-ad96-b88a60e194fb,crmid:2252335966,5,6
e76f2eda-914c-11ea-ba22-b88a60e194fb,crmid:4109969383,5,8
e772c4c6-914c-11ea-ba41-b88a60e194fb,crmid:4104186050,9,3
e774e788-914c-11ea-a8f3-b88a60e194fb,crmid:9380709883,8,5
e776a8ca-914c-11ea-855e-b88a60e194fb,crmid:6359434415,4,2
e778910c-914c-11ea-9c66-b88a60e194fb,crmid:5077623715,7,4
e77a3eac-914c-11ea-89cc-b88a60e194fb,crmid:4252882333,5,4
e77bed06-914c-11ea-b939-b88a60e194fb,crmid:6644653321,9,4
e77de83a-914c-11ea-b68c-b88a60e194fb,crmid:1492832298,3,9
e77fd074-914c-11ea-80d4-b88a60e194fb,crmid:6788534616,6,3
e7813000-914c-11ea-abe5-b88a60e194fb,crmid:2232881666,8,3
e78352de-914c-11ea-a538-b88a60e194fb,crmid:8887173335,8,5
e7862586-914c-11ea-af60-b88a60e194fb,crmid:8056432142,5,9
e787e6c0-914c-11ea-877a-b88a60e194fb,crmid:8970715237,8,4
e7896d48-914c-11ea-999b-b88a60e194fb,crmid:2729784073,7,3
e78ae070-914c-11ea-94c4-b88a60e194fb,crmid:2442547676,5,4
e78c7a8c-914c-11ea-9d0f-b88a60e194fb,crmid:2377539130,4,3
e78e62c0-914c-11ea-aedd-b88a60e194fb,crmid:5759299167,3,7
e78fd662-914c-11ea-8eed-b88a60e194fb,crmid:9276029086,7,5
e7917010-914c-11ea-9646-b88a60e194fb,crmid:6757046422,8,5
e792f6a6-914c-11ea-b897-b88a60e194fb,crmid:7512286880,4,9
e79469be-914c-11ea-91c6-b88a60e194fb,crmid:3266882149,3,8
e795de5a-914c-11ea-b0fb-b88a60e194fb,crmid:2124043764,6,4
e7979e18-914c-11ea-a367-b88a60e194fb,crmid:6957657676,5,4
e79924d0-914c-11ea-a482-b88a60e194fb,crmid:4228678824,3,5
e79ad288-914c-11ea-8703-b88a60e194fb,crmid:7699817208,3,8
e79cbabe-914c-11ea-81a2-b88a60e194fb,crmid:1505296467,7,5
e79e413e-914c-11ea-98fc-b88a60e194fb,crmid:4219014624,7,2
e7a09ec8-914c-11ea-b487-b88a60e194fb,crmid:7141455765,7,4
e7a24cc2-914c-11ea-98d5-b88a60e194fb,crmid:6713342325,8,5
e7a3e690-914c-11ea-b2d6-b88a60e194fb,crmid:3099460264,4,9
e7a5f610-914c-11ea-8c82-b88a60e194fb,crmid:8584860750,7,3
e7a80598-914c-11ea-b2ea-b88a60e194fb,crmid:4317400451,8,3
e7a9a0d2-914c-11ea-9e7b-b88a60e194fb,crmid:6046668400,8,5
e7ab3ada-914c-11ea-a50e-b88a60e194fb,crmid:7467261723,8,4
e7acc146-914c-11ea-881c-b88a60e194fb,crmid:2698164963,3,5
e7aebc9a-914c-11ea-bfc8-b88a60e194fb,crmid:4114994157,7,5
e7b07e8c-914c-11ea-8e08-b88a60e194fb,crmid:3353464884,10,4
e7b2b4e8-914c-11ea-9fd2-b88a60e194fb,crmid:2795762840,8,4
e7b48834-914c-11ea-a79b-b88a60e194fb,crmid:7952956264,6,4
e7b649f6-914c-11ea-9287-b88a60e194fb,crmid:9416731046,6,5
e7b7e3d8-914c-11ea-a7e5-b88a60e194fb,crmid:8124743187,8,5
e7baa2cc-914c-11ea-bb2b-b88a60e194fb,crmid:8039586885,4,4
e7bc8aee-914c-11ea-abcf-b88a60e194fb,crmid:8810596107,8,3
e7bec162-914c-11ea-a0d0-b88a60e194fb,crmid:3185518415,9,2
e7c0bd40-914c-11ea-bb5e-b88a60e194fb,crmid:5292871265,3,6
e7c2e01c-914c-11ea-884e-b88a60e194fb,crmid:1147685597,7,2
e7c53d86-914c-11ea-bd57-b88a60e194fb,crmid:3075819805,8,5
e7c7d58a-914c-11ea-af23-b88a60e194fb,crmid:6286022348,4,4
e7c9d170-914c-11ea-8695-b88a60e194fb,crmid:8601591025,4,3
e7cdc8e2-914c-11ea-9e93-b88a60e194fb,crmid:8878090054,6,5
e7cfc4ba-914c-11ea-b96b-b88a60e194fb,crmid:3587253822,3,7
e7d22238-914c-11ea-bec2-b88a60e194fb,crmid:3830590576,6,8
e7d41f40-914c-11ea-933e-b88a60e194fb,crmid:3060701839,6,9
e7d6a27a-914c-11ea-8620-b88a60e194fb,crmid:4492175192,4,5
e7d95036-914c-11ea-b363-b88a60e194fb,crmid:2082842298,2,8
e7db85c2-914c-11ea-a569-b88a60e194fb,crmid:4663591265,8,4
e7dd81a2-914c-11ea-b835-b88a60e194fb,crmid:3572320061,4,5
e7df8fca-914c-11ea-8a14-b88a60e194fb,crmid:1780502502,5,3
e7e1b2a4-914c-11ea-b848-b88a60e194fb,crmid:5240522710,4,7
e7e48692-914c-11ea-adf9-b88a60e194fb,crmid:5875931732,8,7
e7e76b50-914c-11ea-adef-b88a60e194fb,crmid:7970504629,10,4
e7ea9f9e-914c-11ea-b791-b88a60e194fb,crmid:5847586215,7,4
e7ed241a-914c-11ea-aef4-b88a60e194fb,crmid:3854924293,4,8
e7efa88a-914c-11ea-9532-b88a60e194fb,crmid:8292598090,5,7
e7f2f09c-914c-11ea-93d1-b88a60e194fb,crmid:9706258700,7,4
e7f59c06-914c-11ea-9774-b88a60e194fb,crmid:2904372074,4,9
e7f82082-914c-11ea-a04e-b88a60e194fb,crmid:6154489208,5,3
e7fa4350-914c-11ea-b852-b88a60e194fb,crmid:5708095020,7,5
e7fc3f12-914c-11ea-a1bb-b88a60e194fb,crmid:8391478162,5,4
e7fdd94c-914c-11ea-85d7-b88a60e194fb,crmid:2953172069,4,3
e7ff735e-914c-11ea-b253-b88a60e194fb,crmid:3581055395,10,5
e80134a4-914c-11ea-9143-b88a60e194fb,crmid:5739000034,8,5
e8030968-914c-11ea-87b3-b88a60e194fb,crmid:2091964718,9,4
e804b734-914c-11ea-aff4-b88a60e194fb,crmid:2593932104,10,3
e80664d8-914c-11ea-928e-b88a60e194fb,crmid:3081376695,4,7
e807ffe8-914c-11ea-a909-b88a60e194fb,crmid:3555111972,9,5
e8099a76-914c-11ea-adeb-b88a60e194fb,crmid:4717981540,8,4
e80b46be-914c-11ea-a66f-b88a60e194fb,crmid:6272420674,3,4
e80ce0ec-914c-11ea-834d-b88a60e194fb,crmid:4588011883,9,6
e80e6826-914c-11ea-9001-b88a60e194fb,crmid:9216912049,4,5
e81002a8-914c-11ea-80e8-b88a60e194fb,crmid:4307208236,5,5
e8118998-914c-11ea-8198-b88a60e194fb,crmid:6458348791,5,2
e812e902-914c-11ea-aabd-b88a60e194fb,crmid:2611463328,7,4
e814bc8a-914c-11ea-97fc-b88a60e194fb,crmid:6423117066,5,4
e8166a40-914c-11ea-bc90-b88a60e194fb,crmid:5018505373,5,8
e81a779e-914c-11ea-bd09-b88a60e194fb,crmid:5627271933,8,3
e81bfd08-914c-11ea-b242-b88a60e194fb,crmid:8928813335,7,4
e81de434-914c-11ea-85d9-b88a60e194fb,crmid:2378600748,4,4
e8201c30-914c-11ea-b9df-b88a60e194fb,crmid:8404531286,8,4
e821dc90-914c-11ea-83f3-b88a60e194fb,crmid:6004788920,5,4
e82363d8-914c-11ea-ab45-b88a60e194fb,crmid:5039668221,8,5
e82523c0-914c-11ea-9796-b88a60e194fb,crmid:3175678611,8,3
e826d2c0-914c-11ea-824d-b88a60e194fb,crmid:8301074546,6,4
e82857f6-914c-11ea-8295-b88a60e194fb,crmid:6832838286,5,5
e82a070a-914c-11ea-bdfd-b88a60e194fb,crmid:9772294792,6,2
e82b668c-914c-11ea-a3e0-b88a60e194fb,crmid:7417791009,2,9
e82d2680-914c-11ea-8b58-b88a60e194fb,crmid:6320585217,4,4
e82eae7a-914c-11ea-8972-b88a60e194fb,crmid:6468244905,5,10
e8305ad8-914c-11ea-96b5-b88a60e194fb,crmid:6838991351,8,5
e83208a2-914c-11ea-9256-b88a60e194fb,crmid:2511790074,5,3
e8337cc0-914c-11ea-9d8c-b88a60e194fb,crmid:2340510299,4,3
e8351594-914c-11ea-abbd-b88a60e194fb,crmid:5385712480,9,5
e836d7d8-914c-11ea-99f7-b88a60e194fb,crmid:1700126588,4,3
e838711a-914c-11ea-8283-b88a60e194fb,crmid:4184544897,9,4
e83a1eca-914c-11ea-aa4b-b88a60e194fb,crmid:2843173545,4,4
e83bcdb4-914c-11ea-8f03-b88a60e194fb,crmid:9527938701,3,4
e83d67d4-914c-11ea-aeb4-b88a60e194fb,crmid:3670155883,9,3
e83eed26-914c-11ea-aa12-b88a60e194fb,crmid:7586129675,8,5
e8409ad4-914c-11ea-a124-b88a60e194fb,crmid:2928224970,4,4
e84222da-914c-11ea-a577-b88a60e194fb,crmid:7872047776,5,6
e843bb7a-914c-11ea-a3ae-b88a60e194fb,crmid:7300851612,9,4
e845b8ae-914c-11ea-bd54-b88a60e194fb,crmid:5074741439,5,6
e84877cc-914c-11ea-9236-b88a60e194fb,crmid:9513640984,8,3
e84a7340-914c-11ea-94a1-b88a60e194fb,crmid:9996154523,5,4
e84bbf34-914c-11ea-9e47-b88a60e194fb,crmid:4777237854,9,4
e84d5966-914c-11ea-b643-b88a60e194fb,crmid:2298317801,5,4
e84ecc74-914c-11ea-851e-b88a60e194fb,crmid:8081996891,9,3
e850b4d2-914c-11ea-8d22-b88a60e194fb,crmid:8349570769,6,4
e8524ee4-914c-11ea-ad83-b88a60e194fb,crmid:2468092035,4,4
e85470b4-914c-11ea-84ff-b88a60e194fb,crmid:4161284725,9,4
e856807a-914c-11ea-a189-b88a60e194fb,crmid:4651602311,5,3
e858416e-914c-11ea-96f0-b88a60e194fb,crmid:5786501078,9,7
e85a641e-914c-11ea-9846-b88a60e194fb,crmid:1988907494,4,7
e85dd358-914c-11ea-995c-b88a60e194fb,crmid:4561603028,8,3
e86057b6-914c-11ea-a713-b88a60e194fb,crmid:7254265155,7,7
e8637866-914c-11ea-ae30-b88a60e194fb,crmid:5127690491,4,4
e865d5d8-914c-11ea-949d-b88a60e194fb,crmid:1675572038,8,5
e8680c34-914c-11ea-84df-b88a60e194fb,crmid:2154206081,10,6
e86aa44a-914c-11ea-8172-b88a60e194fb,crmid:5161184258,3,7
e86cee2e-914c-11ea-9bdb-b88a60e194fb,crmid:8735215715,4,9
