crmid,email,first_name,last_name,gender,mobile_telephone,city,country,zip,state,street_address,birthday,historicalpoints
crmid:9243816475,stoop1960@yandex.com,Alexis,Tyson,,744-132-3475,Madison Heights,United States,99992,Oklahoma,1029 Ludlow,1985-08-30,2086
crmid:9114702216,scorer2054@gmail.com,Karine,Contreras,female,391-277-6851,Westminster,United States,52094,Maryland,571 East Crystal Cove,1950-04-07,1300
crmid:7300474242,peculiarise1864@outlook.com,Bert,Mcdonald,,394-007-4143,Winston-Salem,United States,53165,Pennsylvania,257 South,1976-09-05,2541
crmid:5957828479,craftly1837@yahoo.com,Jaye,Weaver,female,735-979-1400,Winchester,United States,52208,Nevada,731 Littlefield,1994-04-08,1088
crmid:5464791062,upload1996@outlook.com,Neil,Mullins,male,595-681-0316,Brook Park,United States,45835,Pennsylvania,852 Del Monte,1941-07-21,2799
crmid:3124581176,approachable1895@yahoo.com,Vaughn,Holder,,839-976-5904,Ottawa,United States,35653,Idaho,753 Coronado,1971-06-18,690
crmid:8142258988,thermostat1831@outlook.com,Kendall,Jimenez,,009-825-6070,Findlay,United States,85495,New Jersey,1094 Wilde,1962-10-17,460
crmid:3396604684,comiferous1917@yahoo.com,Fae,Hunt,female,160-798-1895,Delray Beach,United States,94221,Utah,1068 Bache,1954-03-15,1676
crmid:3959090237,bugler1907@gmail.com,Wilbert,English,male,922-267-4748,San Juan Capistrano,United States,12692,New Jersey,444 Homer,1944-10-09,2613
crmid:8753461189,cabasset2007@yandex.com,Belkis,Lynch,female,041-064-0723,Dolton,United States,02450,Georgia,186 Medau,1955-01-18,401
crmid:1165140984,equivocal1930@yandex.com,Rossana,George,female,439-155-3413,Cypress,United States,73149,South Carolina,363 Dogwood,1952-12-14,1496
crmid:1816384535,artery1803@gmail.com,Hubert,Workman,,919-146-0182,Ogden,United States,40548,Colorado,1328 Alder,1989-02-20,1400
crmid:3432818251,kamassi1847@yandex.com,Cedrick,Skinner,male,831-352-9802,Broken Arrow,United States,09106,Alabama,689 Oak Access,1941-02-27,400
crmid:2590014942,millistere1908@outlook.com,Anton,Salas,male,653-265-8568,West Covina,United States,07512,Texas,1081 Sfgh Access,1930-01-26,366
crmid:2234040181,struthionine1966@yahoo.com,Florance,Holder,female,429-703-2395,Corpus Christi,United States,12934,Illinois,128 Parkhurst,1951-03-14,2677
crmid:2425864965,ecdemite2005@yandex.com,Dwain,Melton,male,027-787-4065,South Milwaukee,United States,06188,Michigan,531 Patterson,1941-11-28,797
crmid:6461533871,bellhop1887@yandex.com,Tod,Dean,,227-687-4704,Menlo Park,United States,23762,Hawaii,1281 Osgood,1989-04-23,2493
crmid:4190233961,porpoise1867@yandex.com,Dennis,Humphrey,,453-847-4500,Fort Wayne,United States,40179,Virginia,113 Custom House,1963-08-25,1378
crmid:7255507123,alshain2013@yahoo.com,Farah,Emerson,female,787-558-6950,St. Charles,United States,61260,Massachusetts,1114 Jules,1951-03-09,1125
crmid:2659331642,dunsmore1934@live.com,Alfredo,Maldonado,,857-996-7044,North Ridgeville,United States,67374,Alabama,917 Walkway,1999-11-16,1741
crmid:8324518201,pulsific1957@outlook.com,Ashlea,Prince,female,430-079-1700,Dayton,United States,90563,New York,195 Middlefield,1953-01-24,596
crmid:7364194268,allida1878@yahoo.com,Rod,Carver,male,767-174-7252,Belton,United States,42176,Wisconsin,954 France,1937-08-05,1662
crmid:6556453688,dendrobatinae1867@gmail.com,Lashunda,Parrish,female,248-307-9977,Coachella,United States,20712,New Mexico,1308 Sickles,1948-05-23,1795
crmid:5414515062,lashorn1854@live.com,Tari,Fox,female,551-889-8439,San Antonio,United States,64415,North Carolina,375 Church,1950-08-10,2806
crmid:1858662033,ambivert1928@live.com,Joaquin,Britt,male,127-514-6358,Cedar Park,United States,36149,Wyoming,1109 Beaumont,1945-05-04,2437
crmid:6227102017,caterpillars2017@live.com,Issac,Cunningham,male,120-699-7749,Sayreville,United States,02448,Delaware,451 Ruth,1930-11-09,447
crmid:3350729240,coati2017@yahoo.com,Stevie,Alvarado,,590-148-6057,San Carlos,United States,49997,Alabama,870 Miguel,1990-06-29,2317
crmid:3003038545,esparto1814@yahoo.com,Eduardo,Wade,male,666-790-1696,Broken Arrow,United States,61835,Tennessee,940 Avenue F,1941-11-21,2958
crmid:5609835240,buggyman1835@gmail.com,Burl,Watson,male,860-814-1581,Savage,United States,87000,California,1228 Duncan,1941-02-03,1117
crmid:2718403374,marsileaceae1822@gmail.com,Rosendo,Nunez,,048-019-7188,St. Petersburg,United States,82348,Alabama,834 Beckett,1964-07-10,1770
crmid:2548791411,blent1885@outlook.com,Silas,Roberson,,256-479-0618,Inglewood,United States,07891,North Dakota,452 Theresa,1974-02-23,750
crmid:9642246991,nonseparable2043@outlook.com,Everette,May,,603-617-5226,Hartford,United States,68045,Colorado,104 Serrano,1970-11-20,2921
crmid:5894452108,pantopterous1842@gmail.com,Ned,Waller,,314-698-7969,Grandview,United States,22997,Arizona,1072 Palos,1967-04-06,737
crmid:6104804409,integrate2048@outlook.com,Tristan,Rollins,,178-196-2619,Lockport,United States,17617,North Dakota,993 Gilroy,1983-02-22,2806
crmid:3447601837,emollient1996@live.com,Booker,Melton,male,796-308-9572,Belvidere,United States,09346,Iowa,235 Mclea,1938-01-20,599
crmid:8512097304,ardith2024@gmail.com,Hosea,Short,,526-118-7912,Pueblo,United States,27078,Minnesota,1355 Rincon,1962-12-03,1509
crmid:7479472438,xylon2031@outlook.com,Chi,Rosario,male,546-973-9845,Troy,United States,00594,Pennsylvania,1364 Pond,1939-11-03,481
crmid:7089449856,diploplaculate1890@live.com,Larry,Morgan,,578-008-0333,Nampa,United States,83349,Minnesota,213 San Ramon,1995-06-20,1774
crmid:9681223380,shortcake1871@yandex.com,Jerrod,Mcdonald,,971-381-3764,Greensboro,United States,45229,Wisconsin,901 Dehon,1968-08-03,1831
crmid:6138968232,molluscans1857@yandex.com,Andres,Knowles,male,544-543-1370,Carpentersville,United States,01103,Florida,1062 Saul,1944-01-16,2805
crmid:8149476573,influenzic1929@yahoo.com,Everett,Gilmore,,309-721-1294,Garland,United States,08983,New Mexico,620 Hubbell,1965-01-16,949
crmid:8944946121,halomorphic1949@outlook.com,King,Mcconnell,,066-666-0029,Tupelo,United States,56183,Washington,597 Vista,1994-08-23,1081
crmid:3070837147,onomatopy1876@outlook.com,Stanton,Hurley,,109-496-5129,Gainesville,United States,89584,Florida,1185 Dogwood,1964-08-30,381
crmid:6054581073,funkia1961@outlook.com,Jimmy,Jefferson,female,976-599-8098,Pickerington,United States,14289,Vermont,1326 Rankin,1949-04-15,1150
crmid:8881598946,snop2008@gmail.com,Lorenzo,Klein,,935-891-1942,Menomonee Falls,United States,38138,California,834 Townsend,1989-06-20,2816
crmid:5584696415,underreader1815@yandex.com,Timothy,Serrano,,849-103-4785,Lake Forest,United States,98187,Indiana,66 Avenue N,1980-07-26,2124
crmid:5899817612,projacient1870@gmail.com,Oswaldo,Hughes,,506-803-0925,South Euclid,United States,20345,Utah,557 Dawson,1966-09-01,938
crmid:1330685542,antivenom1902@gmail.com,Gaylord,Hubbard,,854-371-7671,Shawnee,United States,51592,New Hampshire,94 Bellair,1965-04-30,2662
crmid:6258289998,cuttlefish1869@yandex.com,Dorian,Terrell,,615-051-4057,Winter Garden,United States,68017,Georgia,577 Dawnview,1986-01-03,1199
crmid:1907516088,passwords1946@yahoo.com,Josphine,Nixon,female,455-253-7645,Twinsburg,United States,16029,Nevada,1154 Clara,1951-04-21,787
crmid:9175036398,byrnie1979@yahoo.com,Oliver,Wright,male,503-564-4125,Tigard,United States,09663,Oklahoma,18 Pratt,1933-07-31,1318
crmid:7635032168,forehead2001@outlook.com,Antione,Forbes,male,750-186-6823,South Pasadena,United States,02537,North Dakota,26 Crestmont,1932-01-10,1699
crmid:1321493257,pleiocene1918@yahoo.com,Annamaria,Hines,female,664-873-2868,Savage,United States,50226,Tennessee,1008 Rome,1999-04-01,2494
crmid:2748364383,pachytene2025@gmail.com,Hobert,Davis,,372-474-0898,Temple City,United States,74612,Alabama,902 Chestnut,1985-05-21,2602
crmid:1562701194,carburator2031@yahoo.com,Rodrigo,Huffman,,055-384-9477,Gallatin,United States,97647,Michigan,784 Russia,1965-07-25,2025
crmid:9205521721,beate1875@yahoo.com,Julius,Nunez,male,306-450-8084,St. Joseph,United States,03313,Alaska,916 Foerster,1937-06-22,723
crmid:5043290540,dribbling1902@yahoo.com,Eric,Perkins,male,897-493-8329,Scranton,United States,51631,Nevada,257 Mabel,1931-04-23,1714
crmid:4889875420,monikers1868@live.com,Ron,Whitaker,male,738-939-4786,Americus,United States,74399,West Virginia,744 Seal Rock,1932-12-26,1432
crmid:1188378985,tingler1885@outlook.com,Wally,Mccray,,434-979-2566,Kernersville,United States,05955,Hawaii,743 Quane,1977-01-12,2088
crmid:6773311746,anagoges1949@outlook.com,Tim,Burns,,019-328-2116,Kankakee,United States,99355,Oklahoma,88 Langton,1976-04-01,1179
crmid:1206400629,everard1867@live.com,Johnie,Roth,,626-334-5501,Gilroy,United States,40372,New Hampshire,531 Cityview,1966-07-09,2325
crmid:8135392857,assault1899@yandex.com,Bryant,Bolton,male,381-329-9904,Barberton,United States,06713,Oregon,636 Encline,1936-02-03,2516
crmid:2380907314,belowdecks2029@outlook.com,Tommie,English,,689-847-6207,Smyrna,United States,36224,New Hampshire,424 Sedgewick,1974-05-20,2865
crmid:7130297892,stacker2044@yahoo.com,Kum,Willis,female,102-139-7394,West Jordan,United States,26985,Montana,28 El Plazuela,1956-11-09,739
crmid:3049173635,trustees1944@live.com,Elroy,Strong,,068-463-1841,McMinnville,United States,43684,Maryland,839 Keyes,1988-08-21,2504
crmid:6147094826,aliyos1902@yandex.com,Cliff,Larsen,,686-474-6258,Grand Rapids,United States,24182,Illinois,1387 Hamerton,1967-05-30,2575
crmid:1258326353,blowbacks1994@live.com,Marlin,Butler,female,743-872-2032,Chino,United States,81437,Montana,204 Otter Cove,1947-06-04,2059
crmid:6981662463,beaverish1891@yandex.com,Dee,Garrett,,747-795-9479,Richland,United States,36663,Massachusetts,245 Exchange,1976-08-21,1972
crmid:4131868274,haematins1827@gmail.com,Yulanda,Romero,female,829-864-6779,Plum,United States,17108,Kansas,1285 Newcomb,1952-09-25,751
crmid:7066380556,alcalde1819@outlook.com,Margarito,Stark,male,452-893-1428,Apopka,United States,35045,Indiana,947 Chinook,1933-07-28,2958
crmid:7799135342,streamliner1853@live.com,Carson,Holman,,135-425-1308,Fort Dodge,United States,96308,Maryland,660 Clarion,1963-11-22,2259
crmid:7223883939,inadventurous1967@yahoo.com,Brendan,Hahn,,973-727-6425,South Gate,United States,70638,Montana,199 Margrave,1965-01-17,1304
crmid:5401037380,feoffee1900@gmail.com,Mason,Huff,,546-505-8663,Prior Lake,United States,83808,Montana,58 Rockridge,1977-06-29,396
crmid:2743176680,immerging1929@yahoo.com,Jere,Hensley,,629-532-2969,Houma,United States,50384,Washington,1391 Hulbert,1973-10-21,424
crmid:4105447128,magistral2000@live.com,Carley,Glover,female,829-016-8670,Plymouth,United States,58388,Iowa,49 Marshall,1996-04-27,1301
crmid:9703274976,creen2031@live.com,Keenan,Hodge,,677-146-6694,Manhattan Beach,United States,98474,New Hampshire,1253 Elmira,1986-03-16,2506
crmid:9306374081,consonance2035@yandex.com,Jayson,Huff,,928-692-4021,Santa Ana,United States,49294,Virginia,1132 San Fernando,1993-09-24,2947
crmid:1492953136,misunderstandable1802@yandex.com,Duncan,Campbell,,069-891-9711,Lumberton,United States,30120,Arizona,779 Sunbeam,1985-06-06,2869
crmid:1981993928,halbert1973@live.com,Vivan,Herring,female,859-539-4954,Reynoldsburg,United States,27449,Maryland,1074 Veterans,1960-09-13,1700
crmid:3708607761,sulphitic1987@yandex.com,Amado,Ingram,,512-479-1908,Howard,United States,03023,Oklahoma,429 Crown,1973-01-30,789
crmid:9145437306,elegances1930@yahoo.com,Ramon,Kinney,,908-752-1052,Macon,United States,16543,Kentucky,127 Russia,1985-03-20,396
crmid:5200588191,tandoori2043@yahoo.com,Shelby,Gray,,186-014-4764,Manteca,United States,20573,New Mexico,355 Veterans,1986-05-29,1455
crmid:4920293180,everyone1814@outlook.com,Myron,Tate,,781-549-8402,High Point,United States,76649,Pennsylvania,59 Italy,1971-12-07,2689
crmid:6874496889,hermele2035@gmail.com,Rodolfo,Moore,,498-354-4758,Grand Junction,United States,51408,Indiana,282 Saint Elmo,1967-10-13,632
crmid:1717477201,nesty2055@outlook.com,Lianne,Mathis,female,486-658-8853,Des Plaines,United States,37585,Maryland,818 San Jacinto,1954-05-18,2902
crmid:8368564208,callianassidae2027@outlook.com,Damon,Odom,,652-413-6496,Mansfield,United States,71816,Oklahoma,912 Catalina,1986-12-27,1947
crmid:5085603991,empathetic1911@live.com,Bari,Weeks,female,417-676-8973,Chesapeake,United States,04241,South Carolina,1318 Ewing,1946-01-30,1072
crmid:1427370188,atomizers1871@yandex.com,Yahaira,Dominguez,female,321-470-1651,Newport,United States,12839,Florida,771 Wyman,1997-03-18,2373
crmid:4641089757,unladylike1835@yahoo.com,Rayford,Carlson,male,287-032-9992,Atwater,United States,42028,Virginia,85 Apollo,1934-08-05,1102
crmid:1239970798,nesty1976@gmail.com,Antony,Roy,,534-147-7352,Warwick,United States,67893,Vermont,247 Avenue E,1968-04-13,1309
crmid:1693675423,dolman1998@yandex.com,Gerardo,Powell,,202-166-2661,Fishers,United States,27725,Oklahoma,322 Battery Safford,1962-04-13,1711
crmid:9550456447,nonadjacent1921@yahoo.com,Ruthe,Elliott,female,249-925-7461,Elkhart,United States,62635,Wisconsin,539 Fredela,1959-11-15,2325
crmid:7869968443,repair1838@yandex.com,Alla,Scott,female,690-398-3657,Council Bluffs,United States,07906,Arkansas,730 Waldo,1951-01-26,1632
crmid:3981881327,sippingly1836@yandex.com,Alisia,Valdez,female,552-550-3201,Rocky River,United States,50110,Idaho,1193 Warren,1961-01-29,2427
crmid:6945097061,bartram1821@yahoo.com,Claudio,Travis,,205-261-5082,Hilliard,United States,38810,Alaska,1132 Marsily,1972-07-05,1794
crmid:8286335783,barracuda1939@gmail.com,Calvin,Harrington,male,906-851-8562,New Rochelle,United States,03735,Colorado,1384 Parkhurst,1996-02-03,2832
crmid:7197645909,episarkine1889@outlook.com,Arturo,Donovan,,362-945-3219,Maryland Heights,United States,30927,Idaho,635 Oreilly,1987-06-03,437
crmid:8831728057,speisscobalt2033@outlook.com,Madison,Knight,female,297-247-3113,DeKalb,United States,36566,Kentucky,945 Lapham,1953-06-16,2258
crmid:5203902575,adiana1859@yandex.com,Rudy,Combs,female,976-190-6886,Sulphur,United States,68178,Delaware,355 Malden,1952-07-06,2272
crmid:8463521141,gummers2040@live.com,Clyde,Dennis,male,977-451-8829,Sherwood,United States,02164,Texas,935 Liggett,1939-02-08,549
crmid:3045517215,plectridium1869@gmail.com,Lloyd,Potts,,560-885-0984,Minnetonka,United States,43744,North Dakota,8 Harkness,1991-08-16,2509
crmid:4512587165,ewing1997@gmail.com,Rolf,Bright,,332-000-8733,Lewisville,United States,69371,Tennessee,183 Atoll,1982-10-17,1858
crmid:5695779092,adsorption2062@gmail.com,Hector,Schroeder,,059-233-7686,Shaker Heights,United States,28421,Alaska,1049 Wilde,1963-05-16,1046
crmid:9369275290,lariated1811@gmail.com,Murray,Harvey,,112-195-9006,Kingston,United States,58478,Nebraska,224 Opalo,1977-10-23,492
crmid:6273481388,optoelectronic1999@live.com,Dorsey,Brewer,,246-681-2577,Largo,United States,43143,Maine,1017 Kendall,1980-07-03,414
crmid:7404896451,sarcophilous1818@yandex.com,Coy,Townsend,,155-444-7025,Sandy Springs,United States,20083,Tennessee,460 Church Access,1963-08-04,1470
crmid:4645733785,aggies1803@live.com,August,Fisher,male,704-956-8391,Akron,United States,04070,Nebraska,1178 View,1930-01-10,1676
crmid:3158647872,papulation1909@yandex.com,Trey,Moon,,595-970-0230,Grand Prairie,United States,32157,Washington,801 Gladeview,1967-06-07,487
crmid:2859276301,criterium1949@outlook.com,Shelby,Hodge,,779-001-6289,Titusville,United States,76748,Nebraska,290 Whitecliff,1986-10-05,382
crmid:1987716238,chroococcaceous1851@yandex.com,Walton,Padilla,male,024-866-4135,Parma Heights,United States,68862,Ohio,1186 Christmas Tree Point,1931-10-22,943
crmid:1417274681,creecy1996@outlook.com,Moshe,Ramos,male,494-536-8943,Binghamton,United States,45349,Nevada,1187 Lurline,1939-07-24,529
crmid:4471742133,ailuropus1811@outlook.com,Shawanda,Burton,female,689-941-2843,Statesville,United States,21979,Connecticut,377 Prentiss,1959-08-04,680
crmid:8205620661,zaffre1955@gmail.com,Porsche,Rivas,female,311-239-5570,Clearfield,United States,47733,Delaware,985 Delmar,1948-07-25,2363
crmid:6413045436,seiser2032@yahoo.com,Herbert,Cummings,,816-965-1420,Trotwood,United States,46022,New Jersey,228 Rockdale,1983-06-22,1307
crmid:3505702181,mediums1973@yandex.com,Oscar,Perkins,female,850-292-2882,Coral Gables,United States,67668,Virginia,173 Waterloo,1950-11-13,2510
crmid:1052975462,sponge1964@yandex.com,Vertie,Pennington,female,590-830-6484,Creve Coeur,United States,56334,Arizona,57 Church Parking Lot,1951-09-23,2888
crmid:6111852201,polystylar1802@outlook.com,Kristeen,Marshall,female,153-935-7309,Eastpointe,United States,92501,North Dakota,671 El Polin,1957-10-09,2219
crmid:3078421358,unladylike2004@yandex.com,Connie,Estrada,,389-561-9340,St. Matthews,United States,39986,Louisiana,715 Florida,1979-04-21,2011
crmid:8875760729,earthenware1920@gmail.com,Maple,Burch,female,430-659-6580,Eagle,United States,37284,Alaska,1249 Lydia,1956-06-04,1200
crmid:4400881791,julienite2038@live.com,Fernando,Mckay,,062-057-6221,Maple Valley,United States,44248,North Dakota,1320 Canby,1986-08-29,364
crmid:5754176773,towers2012@live.com,Blake,Morrow,female,221-054-1192,Columbia Heights,United States,04422,Delaware,204 Kent,1949-01-21,2371
crmid:5062064089,compliant1989@outlook.com,Darnell,Herrera,female,715-486-0737,North Miami Beach,United States,11632,Idaho,885 Foote,1998-03-29,915
crmid:9956329120,legate2065@live.com,Weston,Snyder,,251-935-1652,Midwest City,United States,03988,North Dakota,220 Jerrold,1990-01-23,723
crmid:8208277616,adebayo2054@gmail.com,Fred,Dotson,,284-075-6554,Ossining,United States,49935,Kansas,483 Allison,1985-09-30,368
crmid:5426043147,clamorous1999@gmail.com,Denis,Dejesus,,595-284-5165,Ocala,United States,20692,Oklahoma,1134 Oriole,1966-05-01,1121
crmid:1401383863,verdi2055@yandex.com,Hiram,Cain,,555-229-1646,Lakeville,United States,53213,Minnesota,1121 Tubbs,1980-09-06,789
crmid:7548016835,carbonated1811@gmail.com,Geoffrey,Mclaughlin,male,782-951-4783,Broadview Heights,United States,20078,Louisiana,1069 Dolores,1941-04-19,990
crmid:3566729555,graciousness1983@live.com,Faustino,Freeman,,237-456-3900,Mayfield Heights,United States,43836,Maryland,840 Glenbrook,1988-07-27,614
crmid:9791402058,findings2070@outlook.com,Ben,Mullins,male,503-889-6857,Bentonville,United States,08555,Alabama,975 Park,1938-01-21,2379
crmid:9699130545,augeri1815@outlook.com,Merrie,Higgins,female,493-834-2039,DeSoto,United States,39132,Connecticut,541 Melrose,1953-06-14,2938
crmid:3178751720,corker2027@gmail.com,Britt,Rodgers,male,424-469-8687,Yorkville,United States,65071,New Hampshire,549 Silver,1994-11-03,1157
crmid:2123341082,demiss2021@yandex.com,Donnell,Daniels,,360-714-1324,Henderson,United States,72729,Georgia,885 Farnum,1971-12-13,2427
crmid:3635005885,pityriasis1803@outlook.com,Russel,Gregory,male,210-975-5462,Belvidere,United States,69510,Hawaii,1094 Halleck,1938-10-16,2462
crmid:8000656009,alaric1863@yahoo.com,Jonathon,Cotton,male,778-753-9709,Belton,United States,33606,Alabama,1054 Murray,1937-06-07,1170
crmid:5126979773,censitaire1993@live.com,Jefferey,Gould,,142-739-3271,Newark,United States,40934,Mississippi,1184 Northgate,1997-07-29,860
crmid:2168188902,etherize1849@gmail.com,Raphael,Vance,,684-815-4122,Green,United States,94489,Iowa,551 Chatham,1968-10-15,914
crmid:1826288212,swabble1951@yandex.com,Jerrold,Cervantes,,292-601-1007,Mundelein,United States,35251,Illinois,1109 Fresno,1994-07-24,371
crmid:9615869761,knotlike1986@gmail.com,Vincent,Richard,,323-291-9536,Glassboro,United States,90509,Virginia,619 Nadell,1966-04-03,2025
crmid:9281997574,graciousness2021@live.com,Darell,Snyder,,272-828-9826,Mequon,United States,19514,Nevada,373 Funston,1989-03-23,1957
crmid:6951719836,griffin1920@outlook.com,Raymundo,Forbes,,472-112-3866,Huntley,United States,00462,New Jersey,487 Florence,1974-01-29,1496
crmid:7090704632,built1916@outlook.com,Anthony,Craig,,099-800-1556,Tustin,United States,37409,Vermont,468 Junipero Serra,1971-12-25,723
crmid:9136210818,derivedness1812@gmail.com,Dillon,Justice,,537-784-3223,Plantation,United States,66760,New Mexico,939 Battery Crosby,1987-02-21,393
crmid:2461523201,metaluminic1950@yandex.com,Ned,Frost,,538-543-1223,Las Cruces,United States,98149,Washington,630 Progress,1981-09-27,1979
crmid:9514900788,alexis1927@yandex.com,Oren,Walsh,,301-356-7930,Mount Clemens,United States,93291,Washington,1151 Hollywood,1993-06-08,2066
crmid:3875024103,disazo2061@live.com,Winston,Weeks,male,538-965-9878,Parma,United States,09947,Arkansas,677 Mcdonald,1939-10-30,774
crmid:7096800946,aliyos1804@live.com,Brad,Buckner,male,397-069-0583,Piqua,United States,01922,Hawaii,43 Woodward,1936-01-04,1757
crmid:2372054667,unwhistled1963@gmail.com,Jc,Vaughan,,001-965-5684,Honolulu,United States,50206,Maine,1054 Burlwood,1973-09-01,1383
crmid:5960921504,prosecutor1969@yandex.com,Gregorio,Cantrell,male,911-224-5170,Blythe,United States,21391,Hawaii,564 Arroyo,1940-04-05,2257
crmid:7333120254,basin1860@gmail.com,Kendrick,Quinn,,685-980-8025,Highland Park,United States,06278,New Jersey,1265 Conwell,1971-01-18,438
crmid:4240143433,hadron2013@yahoo.com,Brain,Park,,981-839-3655,Galesburg,United States,89102,Missouri,628 Portola,1964-08-31,2428
crmid:6386733599,byran1965@gmail.com,Stasia,Daugherty,female,879-982-7633,Pittsburg,United States,94707,Massachusetts,120 Capistrano,1952-08-07,831
crmid:8095337054,darker1828@gmail.com,Lyndon,Buck,,730-048-6618,Godfrey,United States,80305,Vermont,683 Recycle,1966-08-03,1701
crmid:9428192101,jewish1871@outlook.com,Donnie,Fischer,,911-705-6663,Palm Coast,United States,48631,Ohio,928 Dedman,1993-03-27,1407
crmid:2339656646,collie2032@outlook.com,Loyd,Fischer,,027-671-6753,Kearney,United States,13720,Connecticut,75 Carl,1976-02-12,1305
crmid:9793250534,subantichrist1990@yahoo.com,Willard,Phelps,,674-280-4546,Newburgh,United States,82937,Virginia,481 Newhall,1997-05-13,353
crmid:8279786319,buttermaker1828@gmail.com,Herbert,Cummings,,418-932-7099,Rosemount,United States,71620,South Carolina,881 Blairwood,1982-03-13,2468
crmid:4359500083,perfusate1861@yahoo.com,Darrick,Hall,,990-621-9338,Victorville,United States,46517,Utah,458 Corbin,1987-10-16,2149
crmid:1637993739,careworn2048@gmail.com,Allegra,Bonner,female,797-261-7920,Creve Coeur,United States,00479,Wisconsin,1264 Jose Sarria,1951-01-03,476
crmid:7833075278,archplagiary1885@gmail.com,Branden,Chase,,025-438-9598,Highland Park,United States,51171,Montana,386 Elk,1971-09-21,2401
crmid:5388982311,robbery2009@yandex.com,Sung,Evans,male,636-822-7027,Ardmore,United States,82158,New Mexico,959 Pino,1933-09-09,747
crmid:3063166493,nonanarchic1973@yahoo.com,Octavio,Rosario,male,025-004-7286,Oceanside,United States,07635,Rhode Island,1040 Huron,1932-07-25,552
crmid:2578853423,fuligulinae2053@yahoo.com,Leo,Mckay,,641-525-0504,Kearney,United States,53197,Pennsylvania,531 Lombard,1976-10-31,947
crmid:1721629889,suedes1846@yandex.com,Stepanie,Farrell,female,772-394-9850,Port Hueneme,United States,24166,Tennessee,741 J,1956-11-16,1162
crmid:9428713596,transistors1900@yandex.com,Damion,Carter,male,440-174-7679,Taylor,United States,01114,Nevada,178 Mcdowell,1934-02-05,1168
crmid:2233693353,erykah1804@live.com,Alec,Fox,,498-439-8004,Homestead,United States,15709,Virginia,859 Alta,1973-03-17,1034
crmid:9975131140,hydrome1923@gmail.com,Hwa,Woodward,female,726-842-9600,Colorado Springs,United States,10272,South Carolina,997 Emmett,1949-04-03,1516
crmid:9115311603,broking1991@live.com,Devon,Schwartz,,052-863-5732,Greenville,United States,27833,Colorado,1069 Hickory,1968-04-17,2258
crmid:6443660143,exorcise1939@gmail.com,Dan,Daniels,,216-339-8990,Huntington Park,United States,39222,Louisiana,282 Diana,1974-05-05,2079
crmid:7792480182,malleating1823@outlook.com,Rachal,Talley,female,250-585-9148,Orinda,United States,14668,Idaho,839 Belgrave,1953-12-14,2200
crmid:3284888155,aboard1913@outlook.com,Josef,Jacobson,,877-884-9018,San Rafael,United States,50239,South Dakota,581 Tara,1984-02-26,1878
crmid:2286671501,pendative1992@gmail.com,Noble,Harmon,,964-987-5656,Parkland,United States,40238,Colorado,770 Mizpah,1985-09-01,2918
crmid:3156360396,molybdite1999@yahoo.com,Milford,Howe,male,202-346-2174,Pottstown,United States,55423,South Dakota,71 Heron,1995-09-02,1595
crmid:6454505551,ailuropus2018@outlook.com,Vernon,Preston,,768-296-2336,Lake Charles,United States,27987,West Virginia,279 Ramsell,1979-05-09,1386
crmid:3680412434,underlain1885@outlook.com,Williemae,Shelton,female,512-673-6073,Scranton,United States,15615,Illinois,561 Lancaster,1951-09-27,1687
crmid:2000633942,aligner1932@yandex.com,Slyvia,Charles,female,947-590-4807,Emporia,United States,42294,West Virginia,1155 Summit,1959-08-06,686
crmid:1323952100,semilate2057@gmail.com,Junita,Skinner,female,732-723-1286,Durant,United States,98178,Arkansas,304 Merlin,1956-04-27,2954
crmid:5164687431,denice1839@yandex.com,Kenda,Skinner,female,224-239-4513,Donna,United States,72202,Indiana,613 Scott,1955-11-09,2159
crmid:9276712428,chuser1966@live.com,Krissy,Fry,female,926-717-3300,Cortland,United States,28175,Maryland,437 Emma,1951-05-10,1245
crmid:7290564610,sexiness1918@outlook.com,Ernest,Jackson,,024-715-6384,Round Rock,United States,79358,Mississippi,936 Forsyth,1968-09-17,1184
crmid:6956483102,agnar1942@yahoo.com,Casie,Chase,female,173-261-6008,Chowchilla,United States,02217,Mississippi,581 Enterprise,1947-02-06,625
crmid:3531575828,normalcy2027@gmail.com,Carroll,Sharp,male,970-027-1323,Beaumont,United States,00497,Alabama,7 Sumner,1936-02-27,2122
crmid:5687320039,cougar2017@outlook.com,Adaline,Hurley,female,848-215-4944,Dixon,United States,07561,Florida,499 Presidio,1955-01-15,1659
crmid:8015044715,dyslogistic1892@yahoo.com,Omar,Wright,male,732-787-9458,Buffalo Grove,United States,66692,Tennessee,755 Faith,1942-11-20,1931
crmid:4607275481,arbacia1997@live.com,Matthew,Schmidt,,959-742-0322,Lynn,United States,15368,West Virginia,1097 Tubbs,1985-02-23,1548
crmid:8800353429,chaplin1823@live.com,Christopher,Holcomb,,518-333-4418,Phoenix,United States,66364,Louisiana,1030 Bella Vista,1986-11-02,2349
crmid:4732480740,suum2066@live.com,Josiah,Morrow,,270-969-2505,Jefferson City,United States,19661,North Dakota,1027 Heyman,1975-03-26,1640
crmid:5440346242,pokeroot1998@live.com,Omar,Benson,male,896-378-8082,Berea,United States,79944,West Virginia,1072 Orange,1938-11-30,1739
crmid:1956113414,jazzing1804@yahoo.com,Marcelino,Hunt,,988-828-2829,Merced,United States,43745,Alabama,112 Exchange,1989-08-23,2320
crmid:9862015774,miffs1901@outlook.com,Domenic,Delacruz,,438-974-9843,Lakeland,United States,05821,Arkansas,789 Sterling,1980-01-05,2392
crmid:7589968469,cablet2064@yandex.com,Jason,Thompson,,834-389-5958,Portsmouth,United States,74498,Georgia,1072 Tingley,1971-08-09,1895
crmid:9451225724,adriena1928@yahoo.com,Mario,Fields,,814-373-8582,Grove City,United States,02332,Connecticut,972 Capitol,1968-01-23,2567
crmid:6712661165,abucco1989@yahoo.com,Kacie,Case,female,567-429-4892,Davie,United States,23578,Virginia,855 Mclaren,1953-04-05,954
crmid:9849980491,deodate1826@gmail.com,Marlin,Rhodes,,043-670-5811,Thousand Oaks,United States,88693,Missouri,1172 Catherine,1983-05-23,531
crmid:2545402489,auric2005@yandex.com,Londa,Bean,female,612-334-4807,Dunedin,United States,31385,Montana,206 Campton,1956-06-02,388
crmid:3849856271,dhoul2061@yahoo.com,Edda,Chambers,female,839-249-0870,Christiansburg,United States,76175,Alabama,518 Merced,1947-12-05,1112
crmid:5926394189,crosse1930@yandex.com,Dexter,Irwin,male,212-594-0883,Appleton,United States,18175,Kentucky,182 Grove,1933-03-15,2854
crmid:5404854619,unicotyledonous1801@outlook.com,Alden,Perez,,343-156-5268,Maricopa,United States,52677,Alaska,594 Osgood,1987-10-02,2433
crmid:3715745677,cupholder2020@live.com,Jewel,Foreman,male,861-032-8807,Bainbridge Island,United States,36467,Mississippi,1073 Elm,1935-05-10,2143
crmid:9113097883,canille1851@yandex.com,Ula,Bonner,female,357-819-3346,Omaha,United States,17091,Arkansas,1011 Old Mason,1949-12-17,2986
crmid:6089840932,aitch2030@yahoo.com,Boris,Lowery,male,113-033-7675,Bangor,United States,07564,Illinois,634 Clipper,1936-01-18,479
