crmid,email,first_name,last_name,gender,mobile telephone,city,country,zip,state,street address,birthday
crmid:5740841699,breaststroker1833@gmail.com,Dwain,Orr,male,901-421-2249,Alabaster,United States,10909,Alaska,389 Ledyard,1930-03-22
crmid:8123978865,algicides2061@yahoo.com,Catarina,Owen,female,858-778-3385,New Philadelphia,United States,16295,Maryland,1090 Utah,1996-03-03
crmid:1765679653,marten2005@live.com,Troy,Vargas,,065-424-3378,Mesquite,United States,83549,North Carolina,1161 Atalaya,1990-06-12
crmid:5095344744,bottleman1910@gmail.com,Tim,Booth,,268-489-1588,White Bear Lake,United States,97210,Nevada,780 Globe,1989-04-14
crmid:1707749686,crataegus1854@yandex.com,Merlin,Perez,,858-759-1474,Johnstown,United States,97583,South Dakota,152 Gough,1975-08-26
crmid:6180811670,divots1849@yandex.com,Britteny,Mckinney,female,494-364-4186,Plattsburgh,United States,82532,New Jersey,1320 London,1957-01-19
crmid:6924953309,tawer1920@yandex.com,Warner,Landry,male,296-794-3143,Orlando,United States,75221,Connecticut,1352 Congdon,1940-10-17
crmid:9257537540,browning2008@yahoo.com,Cecila,Lowe,female,872-106-3466,Delray Beach,United States,06364,Washington,610 Dunshee,1954-02-18
crmid:9478741210,pinta2013@yahoo.com,Alfonzo,Newman,male,492-262-7546,Atascadero,United States,09846,Louisiana,965 Richardson,1934-01-21
crmid:6763360394,tripe2041@outlook.com,Faviola,Howard,female,861-337-1345,Neenah,United States,85218,North Dakota,967 Niagara,1995-09-17
crmid:7961979179,elusory1995@yahoo.com,Elisha,Joyce,,877-200-7270,New Bedford,United States,96481,Louisiana,1254 Lundeen,1995-11-22
crmid:7227680009,caxton1871@outlook.com,Jazmine,Payne,female,107-317-3099,Coral Springs,United States,25618,Delaware,57 Museum,1950-04-23
crmid:7970382163,chambertin1878@yahoo.com,Maryland,Rodriguez,female,196-603-2515,Sioux City,United States,66977,California,1340 Dove,1959-11-25
crmid:6794422878,dewdrop1875@gmail.com,Winter,Harrell,female,232-276-0028,Fairhope,United States,50979,Montana,790 La Salle,1961-09-13
crmid:2521895873,burian1894@live.com,Grady,Dunlap,male,688-126-8862,Brandon,United States,23432,Pennsylvania,497 Custom House,1941-04-09
crmid:7282332153,padmasana1912@outlook.com,Vern,Molina,,276-992-6382,Manhattan,United States,96666,Oregon,321 Grace,1986-05-23
crmid:5089274624,corsair1863@yandex.com,Lamonica,Ramsey,female,811-220-6477,Elmhurst,United States,22181,Florida,529 Fielding,1959-05-24
crmid:8452458402,abdominal1953@gmail.com,Curtis,Burch,female,062-893-8938,Denison,United States,71072,Rhode Island,445 Payson,1954-12-04
crmid:6886999223,scabs1800@yandex.com,Danilo,Mckay,male,351-393-7020,Rutherford,United States,01187,Alabama,803 Tampa,1939-02-19
crmid:6039249172,dickerson2029@yandex.com,Tyrone,Bradshaw,,445-747-2804,Spanish Fork,United States,67139,Oklahoma,483 Central Magazine,1967-12-26
crmid:4166582184,semiorb2065@yahoo.com,Fred,Williamson,male,661-546-3468,New Castle,United States,62356,South Carolina,258 Bayside Village,1996-12-04
crmid:4579040096,outplodding1945@gmail.com,Harry,Chan,,392-964-6434,Matteson,United States,74262,Maine,697 Dwight,1988-12-15
crmid:2022486878,surahs1974@live.com,Jeanett,Woods,female,129-082-2508,Temple Terrace,United States,27796,Pennsylvania,1036 Devonshire,1960-11-25
crmid:7937853335,atwood1895@yandex.com,Belkis,Johnson,female,671-040-0733,Olive Branch,United States,24497,Wyoming,1069 Battery Caulfield,1958-01-15
crmid:2994117934,forgotten1942@live.com,Luigi,Sykes,,426-142-3771,Miamisburg,United States,45348,Minnesota,611 Rosemont,1990-08-21
crmid:5540384147,brune1907@live.com,Conrad,Case,,667-509-7670,Santa Fe Springs,United States,24999,Georgia,45 Shoup,1964-07-21
crmid:1313244480,trioxide1927@yandex.com,Wilmer,Sullivan,male,167-945-8840,Brownsville,United States,65967,South Dakota,778 Lippard,1942-12-23
crmid:1550501303,dabblingly1903@outlook.com,Justin,Hobbs,male,102-369-0331,Birmingham,United States,35210,Iowa,113 Mabel,1939-06-14
crmid:6582076571,pimplinae1811@yandex.com,Irwin,Marshall,,544-284-3698,Garfield Heights,United States,22227,Wisconsin,900 Washington,1965-04-20
crmid:7406760461,recrank1818@gmail.com,Elvina,Humphrey,female,220-748-8552,Darien,United States,94035,Illinois,900 Bowman,1953-03-15
crmid:7140397685,skreel2068@gmail.com,Ramiro,Hooper,,579-333-3125,Johns Creek,United States,13467,Nevada,721 Yukon,1975-03-15
crmid:2783492573,reuttering1863@live.com,Thanh,Fletcher,,916-741-4329,Sand Springs,United States,65598,South Carolina,833 Castelo,1996-10-20
crmid:1168331726,sandpiper1902@live.com,Cory,Payne,,262-304-3708,Owasso,United States,26969,Illinois,1365 Lauren,1964-04-22
crmid:2552560585,larding2023@yahoo.com,Claud,Richards,,058-554-4633,Murrysville,United States,94257,Nevada,1091 Baldwin,1994-08-21
crmid:2032707005,surahs2016@yandex.com,Dusty,Ballard,,078-788-5185,Sycamore,United States,41411,Nevada,9 Clipper,1990-11-04
crmid:6209718601,chegre1894@outlook.com,Hank,Cameron,male,311-741-5550,Benton,United States,91746,Alaska,223 Dutch Windmill Access,1938-04-05
crmid:2588711828,aryballi1808@outlook.com,Sterling,Calhoun,,715-295-7479,Fort Lee,United States,70211,Louisiana,286 Arballo,1963-01-17
crmid:8832217905,stoper1967@live.com,Rex,Garner,,812-618-5343,Redding,United States,62547,Montana,1208 Ggp Access Road,1969-05-03
crmid:6481338853,salmon2059@yahoo.com,Aurelio,Rosa,male,945-715-8659,New Bern,United States,10295,Alabama,651 Sierra,1996-02-21
crmid:7183889187,passionometer2012@yahoo.com,Stewart,Hatfield,male,637-812-4757,Burbank,United States,56211,Florida,407 Veterans,1942-09-13
crmid:3723913486,akinesia1960@gmail.com,Matt,Mcmahon,,577-232-8975,Malden,United States,78692,Montana,1041 Battery Safford,1985-12-14
crmid:7373899721,discus1933@gmail.com,Timmy,Curtis,,705-195-7364,Peabody,United States,75222,Delaware,533 Petrarch,1968-10-28
crmid:1362042761,monotrochian2051@live.com,Son,Humphrey,,156-269-1295,Temple City,United States,31359,Colorado,937 Spooner,1973-03-10
crmid:5157190137,nodder1998@yandex.com,Dean,Prince,,935-162-1531,Seal Beach,United States,97292,Washington,1329 Hahn,1962-04-30
crmid:2679224046,deuterostomata1886@yahoo.com,Kelvin,Kidd,,855-244-2823,Houma,United States,36461,Minnesota,1078 Upper,1973-07-05
crmid:6320402055,rooky1973@yandex.com,Maire,Buckner,female,372-762-7565,Evans,United States,71033,Illinois,338 Hotaling,1960-06-04
crmid:1747003803,trytophan1900@outlook.com,Dallas,Barnes,,483-594-6621,Milledgeville,United States,18078,Nevada,742 Letterman,1991-03-10
crmid:8074916880,cocain2056@yahoo.com,Stefan,Lindsay,,106-247-2583,Jacksonville,United States,11595,Florida,120 Capp,1975-02-16
crmid:8946944225,sarcolytic1916@yandex.com,Carmelo,Farmer,,328-265-5383,Mount Juliet,United States,90689,Idaho,468 Bepler,1993-02-21
crmid:8276746198,piffles1808@outlook.com,Ignacio,Miller,male,955-040-0331,Athens,United States,25709,Oregon,1102 Wedemeyer,1934-05-20
crmid:3959343557,polypage1936@outlook.com,Renaldo,Cantu,,720-822-4668,San Jose,United States,44195,Louisiana,1093 Old Harford,1987-10-15
crmid:5684070372,xylon1924@live.com,Mabelle,Greer,female,142-510-3771,Dunedin,United States,34652,Illinois,578 Sacramento,1956-06-12
crmid:5197307195,alegre1955@gmail.com,Riley,Dillard,male,155-436-7203,Brownsville,United States,82731,Pennsylvania,943 Thorne,1942-08-08
crmid:5296986355,fifes2001@outlook.com,Travis,Carrillo,,308-870-6509,Indianapolis,United States,66501,North Carolina,805 Isis,1974-11-07
crmid:6623628120,emmetropism1967@gmail.com,Renaldo,Goff,,089-213-2708,Pocatello,United States,27944,South Dakota,51 Arco,1962-09-23
crmid:6062310065,goalkeeping2063@outlook.com,Emmett,Villarreal,male,656-508-7929,Oak Park,United States,09995,Vermont,410 Upper,1933-11-07
crmid:9182962414,motophone2053@gmail.com,Chris,Carpenter,,801-467-9626,Horn Lake,United States,33880,California,1016 Page,1973-07-25
crmid:2335302947,tilak1849@gmail.com,Jonathan,Vaughan,,288-911-6492,Fountain,United States,51733,Tennessee,200 Bemis,1963-09-22
crmid:9385694562,jenny1800@yahoo.com,Randolph,Cooley,,051-642-2151,South Euclid,United States,65091,Arkansas,152 Ada,1973-09-11
crmid:8346587008,knotlike1875@yahoo.com,Tashina,Barnes,female,224-980-1116,Olathe,United States,88402,Kentucky,574 Jack London,1960-08-02
crmid:4786637463,uniaxally1843@live.com,Harlan,Juarez,,968-310-6344,Lake Worth,United States,76798,Kansas,899 Sequoia,1980-12-22
crmid:1590044261,badju1839@gmail.com,Noe,Dalton,,735-398-7990,Moses Lake,United States,44774,Alaska,158 Casitas,1993-08-30
crmid:2004249851,eggfish1836@live.com,Bo,Mclean,male,640-076-4849,Pine Bluff,United States,05179,California,884 Truby,1936-01-19
crmid:8715294562,chiropractor1968@yahoo.com,Markus,Eaton,male,706-341-6514,Tallahassee,United States,69333,Wisconsin,96 Manor,1944-07-09
crmid:4392929679,counterclaims2011@outlook.com,Emmett,Juarez,male,877-469-5545,St. Petersburg,United States,76149,Alabama,1113 Pizarro,1944-04-16
crmid:2836779445,livyer1842@live.com,Kent,Holder,,880-616-7952,Gilroy,United States,30388,Colorado,484 Sunglow,1966-06-02
crmid:6223463991,benedicta1811@outlook.com,Lakiesha,Benjamin,female,702-388-9602,Newark,United States,66039,Utah,798 Birchwood,1997-11-07
crmid:2264843291,arras1984@gmail.com,Junior,Wagner,,189-678-7239,Hutchinson,United States,54597,Mississippi,310 Brumiss,1974-09-23
crmid:1442686973,starlighted1844@live.com,Regena,Meyer,female,513-652-9202,Coon Rapids,United States,49632,Minnesota,1270 Lettuce,1950-07-20
crmid:1111287957,didani2018@live.com,Wesley,Myers,male,392-049-7208,Bakersfield,United States,56488,Texas,616 Rainey,1935-10-21
crmid:2849593903,glome1881@gmail.com,Dante,Mcintyre,,587-537-5096,Payson,United States,94690,New Hampshire,730 Easement,1991-08-17
crmid:4717768906,tzarina1844@live.com,Jude,Horton,,330-058-3668,Hurst,United States,57777,Nevada,990 Richard Henry Dana,1974-10-05
crmid:8354414308,cruche1818@yahoo.com,Odell,Cote,,826-548-1981,Malden,United States,21426,Hawaii,885 Gabilan,1985-05-28
crmid:7184896974,caballer1861@yandex.com,Daryl,Barron,male,625-042-6827,Calabasas,United States,67168,Colorado,1300 Cordova,1943-11-23
crmid:1341153599,thob1888@yandex.com,Norris,Dillon,male,364-275-3450,Alexandria,United States,62805,Idaho,872 Selma,1931-12-14
crmid:7722033808,lunchroom1807@outlook.com,Trevor,Sheppard,male,555-011-7580,Carteret,United States,78605,Oregon,1029 Ambrose Bierce,1944-09-27
crmid:6798684686,paperweight1850@yahoo.com,Maximina,Ayala,female,239-660-1130,Darien,United States,80302,Missouri,1301 Southern Heights,1953-06-01
crmid:4372596771,consonantic2025@live.com,Wilburn,Mcguire,,397-874-4981,Mattoon,United States,69053,New Hampshire,679 Haight,1988-11-11
crmid:2630424967,carlett1966@live.com,Ramiro,Graham,male,070-790-5986,Palo Alto,United States,04464,Wyoming,776 Alton,1942-10-15
crmid:5327956541,carburator1854@yandex.com,Kristofer,Morrison,,078-196-3949,Laconia,United States,38671,Colorado,1130 Conservatory,1979-07-06
crmid:7259729012,dipterocarpaceae1963@yandex.com,Rayford,Townsend,,367-095-6782,Rutland,United States,68624,Utah,358 Guerrero,1962-09-21
crmid:6542296415,stinkbug1813@outlook.com,Art,Parker,,830-086-5493,Trotwood,United States,55756,Arizona,884 Teresita,1991-12-02
crmid:1022191251,celature2062@gmail.com,Clifton,Wallace,male,134-152-9371,Prescott Valley,United States,09205,Georgia,1222 Progress,1933-02-03
crmid:9448973618,chrismary1867@live.com,Cary,Hull,,580-606-5611,Lowell,United States,41045,Missouri,1085 Woodland,1984-07-10
crmid:1030923302,fallibly1926@yahoo.com,Lenny,Flores,,311-469-3844,Gardena,United States,58079,Massachusetts,590 Mississippi,1965-09-23
crmid:1967164812,cutesy1828@gmail.com,Delmer,Avery,,994-989-3954,Gallatin,United States,28069,Arkansas,255 Whittier,1965-04-04
crmid:6138630023,baggy2045@outlook.com,Lindsay,Jones,,919-192-9992,Weirton,United States,77947,Mississippi,1102 Schofield,1966-05-15
crmid:5475708262,eduard1954@outlook.com,Thora,Frederick,female,629-991-9682,Tarpon Springs,United States,28359,Wisconsin,508 Lester,1956-11-28
crmid:5064862664,devera1955@yandex.com,Patricia,Marsh,,230-911-5169,Ventura,United States,41466,New Hampshire,353 Wayne,1988-10-06
crmid:6309671070,brevier2009@yandex.com,Earle,Mcclain,male,839-711-2789,Tualatin,United States,76512,Hawaii,255 Mississippi,1930-11-06
crmid:3177589020,beppie1975@outlook.com,Sean,Griffith,,552-560-6592,Goleta,United States,62538,Michigan,1091 Marine,1967-12-26
crmid:7014278600,teethache1872@yahoo.com,Jae,Hart,,910-239-2371,Moorhead,United States,39292,Georgia,988 August,1993-06-02
crmid:5969938275,bateman2070@live.com,Jeff,England,,281-823-5172,Pawtucket,United States,36682,Ohio,496 Underwood,1970-02-20
crmid:9704622986,accompanimental1908@gmail.com,Omega,Alexander,female,645-789-5402,Wake Forest,United States,53015,Kansas,717 Quintara,1946-07-01
crmid:6280988015,vertebras1843@yahoo.com,Bill,Vega,male,982-059-4713,San Angelo,United States,90374,Indiana,654 Golden,1934-01-29
crmid:3943475923,criminol1945@gmail.com,Ela,Fischer,female,050-452-1065,Decatur,United States,19069,West Virginia,324 Carrizal,1953-03-10
crmid:3652691455,bastion1993@live.com,Emmanuel,Rogers,male,902-154-1535,Warwick,United States,61463,Pennsylvania,1078 Bernal Heights,1931-04-25
crmid:9488516271,hypotrophy2070@live.com,Ike,Combs,,217-999-1616,Lakeland,United States,45236,North Dakota,459 Pierpoint,1980-07-24
crmid:8483226367,kenticism1827@outlook.com,Christia,Pugh,female,212-337-2089,Edinburg,United States,05016,Oklahoma,155 Incinerator,1958-02-24
crmid:6638716362,econometrics1983@live.com,Huey,Craig,male,545-892-4118,Arcadia,United States,92338,North Dakota,415 Wheat,1933-05-07
crmid:6704032267,alcindor1940@live.com,Milo,Robbins,male,928-299-9800,New Haven,United States,07399,Louisiana,1328 Flood,1996-01-14
crmid:7316394074,torot2004@gmail.com,Fredricka,Sargent,female,370-119-0791,Corvallis,United States,18110,Wyoming,862 Balboa,1951-03-26
crmid:9711143309,corders1900@gmail.com,Fermin,Sheppard,,432-446-1703,Killeen,United States,53720,Illinois,1005 Rio,1977-10-27
crmid:3418381621,alegre2015@live.com,Marcos,Melton,male,287-993-6331,Bangor,United States,36777,Hawaii,165 Entrada,1936-07-20
crmid:2729133046,peteca1966@gmail.com,Harley,Griffith,,882-020-1505,Miramar,United States,43346,Missouri,555 Custer,1991-07-11
crmid:4023884268,photographic1840@yandex.com,Reid,Owen,,719-051-5555,Kettering,United States,71768,Washington,272 Cambridge,1977-12-21
crmid:6735779798,berlitz1971@gmail.com,Issac,Leon,,673-292-8473,Palm Coast,United States,32750,Michigan,458 Roemer,1969-12-09
crmid:5536530816,schuss1975@gmail.com,Burt,Chaney,,929-513-8074,Hannibal,United States,31153,Maryland,779 Green,1969-07-01
crmid:2195038851,heartbird2021@gmail.com,Rashad,Wolf,,153-562-2070,Gadsden,United States,09979,Colorado,728 Reposa,1964-01-19
crmid:8667878332,haters1841@gmail.com,Dino,Kane,,655-479-3510,Martinsburg,United States,34910,Tennessee,1100 Joost,1987-07-12
crmid:6016513757,daaboul1805@live.com,Dino,Bradley,,914-183-7262,Phoenix,United States,87809,Ohio,187 Donner,1979-12-21
crmid:3071708748,bolio1881@outlook.com,Lorrine,Schneider,female,833-823-6402,Ypsilanti,United States,99375,Tennessee,1276 Easement,1957-06-26
crmid:8640951796,dunder1932@yandex.com,Barney,Blevins,male,547-949-6941,Bay City,United States,97096,Maryland,1228 Upton,1936-12-26
crmid:6997429964,furbished2008@outlook.com,Frederic,Patrick,male,149-169-3818,Beckley,United States,25241,New Mexico,239 Battery Crosby,1937-04-23
crmid:7112752957,hydrosulphurated2056@live.com,Marcelino,Harding,male,581-192-8750,Stockton,United States,03619,Maine,1033 Thor,1937-07-13
crmid:2608207319,boran1838@outlook.com,Paulita,Osborne,female,642-692-5758,Delray Beach,United States,45844,Kentucky,817 Golden,1954-07-22
crmid:2447631875,enrica1869@outlook.com,Chad,Simon,,196-352-7367,Gallup,United States,54509,Illinois,1151 Davis,1965-09-29
crmid:9347446678,pronephros2036@gmail.com,Merlin,Hurst,,116-867-1949,Wilkinsburg,United States,54784,New Hampshire,947 Carmelita,1994-07-23
crmid:4535394524,antiquarian1856@gmail.com,Leonia,Farley,female,232-241-2374,Clinton,United States,52361,Utah,251 Green,1948-10-10
crmid:3902467384,flattop1894@outlook.com,Buster,Sheppard,,695-273-1646,West Chester,United States,32987,Montana,265 Sawyer,1978-04-07
crmid:8972671594,iters1950@yandex.com,Clint,Serrano,,217-918-5713,Mobile,United States,28116,Pennsylvania,924 Lansdale,1992-04-03
crmid:6250938392,coater1802@yahoo.com,Marin,Peck,female,405-041-5129,New Braunfels,United States,16640,Vermont,66 West Broadway,1996-03-12
crmid:2788718687,jaborin2046@yandex.com,Landon,Cline,,252-751-1340,Olympia,United States,93723,Idaho,987 Coralino,1999-06-16
crmid:2194833850,pectinogen1839@yandex.com,Abram,Richmond,male,601-516-3028,Palo Alto,United States,50757,California,1261 Marston,1937-01-25
crmid:4261903876,astronautic1915@live.com,Valentin,Cameron,,933-840-8111,Radcliff,United States,31012,Arkansas,718 Greely,1977-04-02
crmid:1693934998,tinkle1950@live.com,Fermin,Landry,male,645-199-5121,Avondale,United States,95426,New York,1043 Dartmouth,1935-04-17
crmid:9659364072,samlet2051@outlook.com,Brant,Cook,,884-147-4853,Mill Creek,United States,39074,Alabama,828 Bishop,1990-06-14
crmid:6164813181,biabo1820@yandex.com,Wiley,Mcfarland,,016-553-6306,West Chicago,United States,91857,Oregon,848 Florence,1973-03-31
crmid:1952538754,rondawel2028@live.com,Rocco,Morrow,,319-568-0653,Killeen,United States,28647,Wisconsin,767 Roosevelt,1977-05-17
crmid:3312335261,anglesmith1905@gmail.com,Hermila,Slater,female,382-177-9556,Tualatin,United States,28792,Maryland,1199 Park Hill,1957-04-27
crmid:9850187568,alaric1884@yahoo.com,Damien,Sullivan,,053-170-6951,Tuscaloosa,United States,45979,Indiana,722 Corona,1984-09-30
crmid:5098630755,acromegalies1868@yahoo.com,Nancie,Clements,female,411-443-0206,Elmhurst,United States,33606,Washington,294 Cole,1959-07-06
crmid:1916049189,kittenship2047@outlook.com,Elmer,Branch,male,228-543-8620,Willmar,United States,61561,Oregon,1034 Lawton,1935-03-04
crmid:7227614514,aesthesodic2006@outlook.com,Benito,Shepard,,336-902-6248,Fredericksburg,United States,40824,Mississippi,32 Mill,1964-08-04
crmid:6973500221,electrolysis2051@yahoo.com,Dallas,Bennett,,279-231-2119,Hinsdale,United States,76098,New Hampshire,124 Coralino,1972-11-20
crmid:4928542717,elusions1932@gmail.com,Francesco,Webb,male,888-954-4415,Bonita Springs,United States,21882,Wisconsin,493 San Buenaventura,1940-04-30
crmid:8772277812,unlimned2060@outlook.com,Clyde,Eaton,,060-593-2909,Rome,United States,41168,North Carolina,1259 Bret Harte,1990-06-07
crmid:2355712074,dispraiser1817@yandex.com,Jacinto,Black,male,195-268-4841,Camas,United States,92169,Illinois,1170 Joost,1943-12-09
crmid:5053918582,rhyolite1910@yahoo.com,Noe,Mccray,male,667-432-9393,Tifton,United States,04228,Oregon,104 Innes,1939-12-14
crmid:8420002576,euktolite2028@live.com,Merrill,Patterson,,450-533-6378,Soledad,United States,34386,Oregon,858 Santa Ana,1980-01-15
crmid:4172218296,deposit1963@gmail.com,Larhonda,Knight,female,515-311-4433,Cornelius,United States,84035,Delaware,1035 Tacoma,1950-05-16
crmid:3404079278,scouth1999@yahoo.com,Fermina,Eaton,female,907-002-5050,Elgin,United States,13390,Virginia,1038 Bowley,1958-03-09
crmid:4625256478,waylay2003@gmail.com,Richie,Fleming,,463-711-2124,Loves Park,United States,93497,Wisconsin,814 Briarcliff,1984-05-12
crmid:8594961585,adsorption1904@live.com,Rodney,Holmes,,906-692-0807,Harrison,United States,60144,Indiana,19 Bayview,1970-10-31
crmid:9032794844,undistrustfulness2069@gmail.com,Stuart,Gordon,,907-293-7559,Prescott Valley,United States,58557,Wisconsin,903 Twin Peaks,1994-07-28
crmid:1404384076,fanmaker1979@yahoo.com,Felipe,Durham,,163-173-2254,Ferguson,United States,42203,Delaware,1377 Evelyn,1962-08-17
crmid:8269241277,penguin1956@gmail.com,Stevie,Calderon,,282-781-3276,Milpitas,United States,54917,Oklahoma,405 Hagiwara Tea Garden,1991-10-30
crmid:5421163862,pastorale1905@yahoo.com,Aron,Watkins,,981-538-9885,Hazelwood,United States,00903,Ohio,366 Gatun,1970-02-27
crmid:7112006014,epispinal1874@gmail.com,Georgeann,Atkins,female,128-837-2652,Sherwood,United States,11071,Idaho,262 Hartford,1949-10-06
crmid:9952952916,sacculoutricular1955@outlook.com,Ivey,Bender,female,707-487-0983,Crown Point,United States,29771,Rhode Island,1067 Lilac,1952-04-02
crmid:1583101364,privater2026@live.com,Tyron,Delacruz,male,141-662-6326,Avon Lake,United States,65985,Hawaii,850 Encanto,1935-11-25
crmid:6232220350,tuatera1808@gmail.com,Lyla,Crawford,female,852-118-9114,Desert Hot Springs,United States,67909,New Hampshire,1060 Frank Norris,1954-11-22
crmid:8395436222,estelle2011@yahoo.com,King,Hatfield,,273-427-8069,North Platte,United States,64874,South Carolina,1253 Redfield,1999-11-24
crmid:6625869174,multijet2032@gmail.com,Marcel,Byers,male,966-300-4181,Batavia,United States,37929,New Jersey,367 Jewett,1936-07-04
crmid:4153320249,pearmonger2051@yahoo.com,Kathe,Garrison,female,755-161-7738,Denton,United States,29177,New York,100 Mateo,1954-05-11
crmid:8437495442,databank1881@yahoo.com,Chang,Weaver,,970-318-2796,Wellington,United States,38896,Idaho,133 Prague,1980-03-28
crmid:7365604251,cithara1824@yahoo.com,Cyrus,Bush,,301-072-8086,Longview,United States,84813,Arkansas,749 Pontiac,1984-05-16
crmid:5098835599,splacknuck2037@outlook.com,Jae,Robles,male,490-487-5166,Brandon,United States,25244,New Mexico,373 Calvert,1941-05-25
crmid:9892961760,executant2047@yandex.com,Larry,Shaw,male,934-468-5316,Annapolis,United States,39641,Florida,1021 Panorama,1933-06-27
crmid:7927211019,british1968@yandex.com,Laurence,Chase,,029-978-0841,Mason City,United States,32120,Michigan,143 Capra,1987-06-01
crmid:8061374276,primeval1940@outlook.com,Filiberto,Chan,,069-323-8957,Mount Juliet,United States,32102,Colorado,681 Clementina,1993-06-18
crmid:3880613009,huffily2007@live.com,Billie,Bryant,,442-443-1617,Montclair,United States,07069,Rhode Island,482 Penny,1992-02-10
crmid:2210436223,sensated2040@outlook.com,Rosio,Woodard,female,884-446-6227,College Station,United States,49482,Oklahoma,901 De Long,1949-07-31
crmid:2345559311,ambush1945@yandex.com,Rolf,Cochran,,812-261-1052,Northfield,United States,26474,Texas,675 Dunsmuir,1999-05-09
crmid:1782013540,forepeak1826@gmail.com,Donnie,Sanders,,458-051-4331,Upper Arlington,United States,47879,Oregon,12 Bertita,1981-07-25
crmid:4227958014,relaces1826@yandex.com,Darin,O'brien,,753-043-2789,Folsom,United States,43791,Idaho,107 Marsily,1962-08-31
crmid:1531320633,stickups1834@gmail.com,Everette,Myers,,884-778-5523,Lewiston,United States,47817,Connecticut,920 Bronte,1982-08-18
crmid:4636819897,trilled2011@outlook.com,Tim,Blair,,247-212-7953,Highland Village,United States,44029,Iowa,895 Veterans,1971-08-10
crmid:9689575804,lefty1930@outlook.com,Wilbert,Rowland,male,298-521-5815,Riviera Beach,United States,99178,Kentucky,333 Homer,1945-10-25
crmid:7645466163,chiefs2027@gmail.com,Mckinley,Hurley,,824-805-4197,Maple Valley,United States,15194,Alaska,332 Rodgers,1986-02-20
crmid:2784277514,lariated1984@live.com,Carmen,Davenport,,286-538-0548,Shawnee,United States,69800,New Jersey,1273 Ninth,1976-05-03
crmid:5454318085,unfickle1983@yahoo.com,Clark,Hawkins,,761-875-2469,Goleta,United States,47633,Minnesota,111 Service,1967-07-12
crmid:6498088179,andirin2027@outlook.com,William,Clemons,,551-492-9491,Fort Worth,United States,19810,Nevada,482 Wheat,1963-03-04
crmid:8112018270,dissembles1979@outlook.com,Monty,Howell,,646-566-5179,La Ca�ada Flintridge,United States,80456,Minnesota,1316 Dickinson,1978-02-02
crmid:7596952753,absit1912@yandex.com,Donte,Holden,,823-990-0264,Tustin,United States,27354,Ohio,191 Gorham,1963-02-11
crmid:5805323630,uninfluencing1977@yahoo.com,Carmine,Shields,,870-599-7706,Ruston,United States,22583,Minnesota,1044 Miguel,1966-04-06
crmid:9305074702,galopade1850@live.com,Jay,Padilla,,391-542-3952,Highland Park,United States,59496,Maryland,580 Chicago,1971-09-08
crmid:3528756063,diene1983@outlook.com,Ezekiel,Rodriquez,,704-737-8514,Kirkwood,United States,11256,North Carolina,65 Manzanita,1978-03-19
crmid:7246717886,defensor1986@yandex.com,Denis,Weber,male,337-049-1795,Ballwin,United States,71913,Missouri,626 Opal,1935-12-26
crmid:1667800646,bitter1885@yandex.com,Nichelle,Mills,female,904-925-4874,Chino,United States,32190,Nebraska,821 Dr Carlton B Goodlett,1947-07-20
crmid:5391910866,boldface2040@yandex.com,Fletcher,Walls,male,949-799-9147,Orlando,United States,51999,Delaware,413 Sawyer,1999-02-07
crmid:4401792130,cenozoic1860@yandex.com,Jacques,Pierce,,182-583-4045,Munster,United States,38328,Delaware,550 El Dorado,1994-06-04
crmid:8226330723,disorient1802@outlook.com,Carroll,Peterson,male,647-379-9434,Sheboygan,United States,00506,New Mexico,660 Coso,1932-02-23
crmid:3071708748,mose1901@outlook.com,Tracy,Avery,male,573-200-8980,West Jordan,United States,05549,Rhode Island,795 Julian,1934-09-01
crmid:6840808063,adebayo1863@live.com,Brice,Cabrera,male,554-038-4988,Bonney Lake,United States,90831,North Carolina,905 Campton,1940-11-03
crmid:7729321438,nasociliary1990@yahoo.com,Raphael,Duffy,,634-830-4362,Grand Rapids,United States,97792,New Hampshire,396 Newman,1967-08-23
crmid:8268950762,bowlful1912@live.com,Deja,Nguyen,female,080-857-2452,Easton,United States,14224,California,939 August,1957-02-21
crmid:2492462482,gnat2024@live.com,Rodney,Avila,,545-495-1930,Pawtucket,United States,39660,New Hampshire,1149 Whitfield,1971-06-24
crmid:9445278042,eskimo1881@gmail.com,Tuan,Marshall,,837-592-4038,Mission Viejo,United States,87251,Oklahoma,731 Eaton,1991-07-09
crmid:9288573650,chunmei1900@outlook.com,Vance,Dawson,male,421-063-8772,Beverly,United States,57518,New York,601 Kenny,1939-09-08
crmid:8947541511,achmetha2010@live.com,Demarcus,Dean,male,650-432-3938,Ridgecrest,United States,71815,Tennessee,99 Funston,1945-03-08
crmid:5894561598,eclair1991@yandex.com,Dionna,Porter,female,840-880-4758,Willmar,United States,51747,New Hampshire,864 Merriam,1947-03-23
crmid:2043840417,coppered1918@yahoo.com,Loma,Spencer,female,642-150-1326,Des Plaines,United States,37286,New York,676 Laurel,1954-06-28
crmid:1529619689,dessa1935@live.com,Moshe,Jefferson,,882-624-4639,Leominster,United States,02432,Vermont,436 Faith,1982-01-09
crmid:2229623022,dwale1815@outlook.com,Kourtney,Mclean,female,862-332-2333,Wyoming,United States,51558,Alaska,1275 Bercut Access,1946-05-19
crmid:4920777372,amperage1848@gmail.com,Hayden,Walker,male,971-541-5508,Northampton,United States,76962,Maryland,308 Font,1999-12-02
crmid:5082185978,armour1923@outlook.com,Bryce,O'neill,,717-832-4455,Inkster,United States,23642,Delaware,218 Dwight,1974-04-03
crmid:4186587329,ad2023@gmail.com,Chad,Nicholson,,338-828-6583,Garner,United States,71560,Washington,945 Martin Luther King Jr,1965-09-06
crmid:1781483874,projacient1927@yandex.com,Howard,Dale,,322-496-9052,Fountain,United States,54892,Indiana,512 Van Keuren,1963-09-26
crmid:5173148311,balate1843@yahoo.com,Boyce,Larson,,497-099-1310,Mount Vernon,United States,73710,Massachusetts,174 Varney,1994-09-12
crmid:5416204872,introconversion2025@yahoo.com,Leigh,Fuentes,,274-186-7327,Lathrop,United States,41375,New Hampshire,493 Crestwell,1981-08-05
crmid:2061593254,atomizers1932@yandex.com,Lane,Rice,male,033-948-3347,Brighton,United States,76731,Indiana,760 Mersey,1941-11-21
crmid:7416864389,chewer1811@yahoo.com,Leonel,Monroe,male,227-592-4322,Seymour,United States,06990,New York,116 Hugo,1941-06-20
crmid:5850747641,poohing1810@yahoo.com,Mitchell,Barrett,male,640-055-5374,Bridgeport,United States,43165,Oregon,306 Arguello,1941-07-02
crmid:1193238257,afret2038@outlook.com,Tuan,Mcclain,,090-147-2356,Rochester Hills,United States,84655,Rhode Island,151 Santa Clara,1997-08-03
crmid:5117110618,cameraman2039@gmail.com,Shella,Hurst,female,576-444-2018,Chesterfield,United States,74709,Minnesota,1210 Thorp,1946-08-15
crmid:1493380026,ceara1943@outlook.com,Issac,Mcneil,,652-484-7292,Romulus,United States,79777,Alabama,1220 Juan Bautista,1981-09-26
crmid:5508535606,polybrid1915@yandex.com,Marc,Clark,,075-204-3115,Moses Lake,United States,49312,Montana,316 Ashburton,1993-08-19
crmid:1843622989,groundsheet1876@outlook.com,Harris,Buckner,,524-021-2405,Newport News,United States,90376,Delaware,431 Temple,1997-05-03
crmid:9558864928,cowtail1829@live.com,Dallas,Clemons,,077-447-2828,Lockport,United States,52819,Delaware,913 Euclid,1983-09-23
crmid:9489989359,gingiva1994@outlook.com,Oswaldo,Deleon,male,462-766-8849,Santa Ana,United States,04506,Iowa,1273 Selma,1933-08-08
crmid:8780975172,insaneness1931@yahoo.com,Temple,Garza,female,859-092-6875,Fairview Heights,United States,53741,Louisiana,85 Mission Bay,1961-09-11
crmid:4969449312,procline2065@outlook.com,Ernest,Barlow,,490-876-0036,Grayslake,United States,37047,Texas,1240 Stone,1968-06-03
crmid:7574285273,segueing1802@yahoo.com,Mario,Clay,,191-385-9011,Sanford,United States,68043,Texas,11 Jason,1991-02-14
crmid:2731023404,sedimentary2012@gmail.com,Normand,Osborne,male,719-120-1468,Mountlake Terrace,United States,65074,Delaware,849 Nobles,1994-10-22
crmid:6116777991,dresel2035@yandex.com,Branden,Austin,,742-683-4438,Kent,United States,80660,Idaho,943 Comerford,1977-09-01
crmid:5182233999,pecky1821@gmail.com,Edgardo,Thornton,,005-293-0907,Lee's Summit,United States,56491,California,87 Galvez,1982-10-18
crmid:5536530816,bodymaking2043@yandex.com,Wes,Stephenson,,917-610-2764,Jacksonville Beach,United States,85698,Pennsylvania,974 Dow,1975-09-19
crmid:5774042194,waylay1932@yandex.com,Burl,Baxter,,296-371-0143,Gastonia,United States,97006,Kentucky,1029 Howard,1965-02-24
crmid:9075778315,blame1857@gmail.com,Else,Shannon,female,559-984-9858,East St. Louis,United States,88081,Alaska,1270 Terrace,1957-03-27
crmid:5515533286,earles2067@gmail.com,Abe,Pugh,,503-212-0730,North Chicago,United States,67490,New Jersey,2 Apollo,1998-11-24
crmid:6808909391,vulnerable1940@live.com,Davis,Mckinney,male,898-747-3558,Rock Hill,United States,77754,Louisiana,908 Winthrop,1934-12-23
crmid:3486318158,became1931@yandex.com,Louie,Sanchez,female,091-239-0288,Durango,United States,37618,Kentucky,124 Marine,1956-06-26
crmid:2652200795,afterspeech1985@yandex.com,Kristopher,Riley,,835-716-2636,Hinesville,United States,62777,Delaware,1120 Paper,1972-10-31
crmid:9241784497,nepenthe1957@gmail.com,Royce,Grimes,,556-589-3266,Gaithersburg,United States,08830,Indiana,470 Locust,1964-02-06
crmid:9796236498,finalized2015@yahoo.com,Tyson,Pruitt,,734-965-3104,Lawndale,United States,05784,Washington,824 Merlin,1981-01-03
crmid:4343482441,boing2043@live.com,Lavonia,Barber,female,968-626-8044,Eagle Pass,United States,29349,South Dakota,1305 Todd,1956-05-02
crmid:4533370366,amygdalotome1804@live.com,Morton,Reilly,,577-612-3504,Yorba Linda,United States,89385,Nebraska,1129 Sierra,1996-06-22
crmid:3979098358,cordilleran2023@outlook.com,Adalberto,Wagner,male,064-209-6464,New Rochelle,United States,00587,Alaska,854 Eddy,1996-01-20
crmid:7331235499,finch1980@outlook.com,Angelo,Wallace,,876-582-7180,Palm Coast,United States,36429,Oregon,1127 Harold,1981-11-23
crmid:6845537425,hysterectomize1899@outlook.com,Blaine,Acosta,male,748-840-3776,Bridgeport,United States,05174,Michigan,953 Trinity,1941-01-01
crmid:5441431371,tzarina1959@live.com,Barbie,Chen,female,896-854-5382,Chula Vista,United States,60463,Wisconsin,611 Rondel,1947-11-18
crmid:3320333135,aurevoir1938@yandex.com,Loren,Gallagher,,936-998-3866,Payson,United States,34322,Idaho,1265 North Hughes,1970-04-16
crmid:4484094323,coward1851@live.com,Garland,Howell,male,657-193-6954,Windsor,United States,78241,Hawaii,176 Verna,1943-04-15
crmid:6245310123,bee1937@gmail.com,Shayne,Horton,female,075-074-1429,Paso Robles,United States,69574,Kentucky,100 Jennings,1960-08-14
crmid:1258005012,intervallum2038@gmail.com,Faustino,Copeland,,078-125-5378,Gardner,United States,37179,Arkansas,411 Al Scoma,1965-07-15
crmid:3956905743,pseudonym1913@live.com,David,Armstrong,,174-088-6276,Kearney,United States,10903,New Mexico,446 Elliot,1976-03-02
crmid:3903849115,comfortable1972@gmail.com,Tanner,Clarke,,897-704-2219,Mount Juliet,United States,69650,Michigan,983 Constanso,1993-11-11
crmid:1832576626,birdseed1814@live.com,Buford,Welch,male,899-740-7684,Beverly,United States,04808,Vermont,830 Egbert,1939-02-15
crmid:8332017161,tryptone1831@gmail.com,Emerald,Weiss,female,418-532-9079,Eagan,United States,10069,North Dakota,1312 Todd,1956-03-30
crmid:3941123442,consolable1806@yandex.com,Dong,O'neal,,215-754-0254,Huntington Beach,United States,56767,Oregon,1181 Amity,1974-09-12
crmid:2012485214,beland1869@yahoo.com,Hugo,Henderson,male,193-638-3731,Burnsville,United States,22411,Vermont,695 Mercato,1943-05-13
crmid:5960025155,beaverish1948@gmail.com,Lane,Cortez,male,030-698-3497,Winona,United States,01881,Maine,32 Casa,1941-06-07
crmid:1837087033,wafer1853@yahoo.com,Denver,Hughes,male,588-927-1577,Brownsville,United States,94353,Pennsylvania,614 Arco,1942-03-15
crmid:3555308237,dhooras1885@yahoo.com,Bulah,Conway,female,778-162-7917,Eau Claire,United States,02177,Texas,1386 Fillmore,1957-01-07
crmid:7500625178,herbivore2027@outlook.com,Carroll,Hicks,,718-973-7456,Lenexa,United States,99746,Delaware,917 Dutch Windmill Access,1982-01-31
crmid:7762963575,unmanageably1949@outlook.com,Seymour,Benjamin,,569-718-3062,Westfield,United States,35552,Connecticut,1319 Hickory,1973-02-17
crmid:8135294470,dirigent1891@yandex.com,Cayla,Mooney,female,254-561-3897,Peabody,United States,97025,Idaho,432 Hobart,1957-02-20
crmid:4647895530,opossum1801@gmail.com,Dominic,Rosario,,012-101-2180,Spokane,United States,53467,Illinois,1228 Adair,1996-06-12
crmid:6074788278,alterant1924@yahoo.com,Deshawn,Hughes,,749-809-4793,Wheeling,United States,58201,Mississippi,499 Farallones,1999-10-27
crmid:5027421695,unattractive1940@outlook.com,Antwan,Melendez,,906-097-8325,Jefferson City,United States,46521,New Mexico,1388 Boardman,1975-08-03
crmid:7802585173,unremarkable1820@yandex.com,Scott,Battle,,912-646-6011,Manteca,United States,41602,Oregon,352 Duboce,1986-08-29
crmid:2643445397,betumbled2026@yandex.com,Glennie,Carr,female,372-600-6169,Raymore,United States,79116,North Carolina,105 Osceola,1959-03-05
crmid:9458689628,knifelike1931@gmail.com,Nery,Petty,female,159-048-0342,Decatur,United States,30849,Wyoming,1277 China Basin,1953-07-23
crmid:2289037962,foreordaining1819@yahoo.com,Allan,Hill,,152-072-1272,Holly Springs,United States,77629,Nebraska,1226 Jarboe,1972-12-22
crmid:4167244248,collie1995@gmail.com,Emery,Woodard,,741-319-4129,Mankato,United States,47710,Missouri,1000 Bartlett,1986-08-22
crmid:9095223171,bronchiole1993@live.com,Karma,Parks,female,553-408-2562,Colleyville,United States,27095,Pennsylvania,1212 Ordway,1949-05-22
crmid:7540031075,tralatitious1937@gmail.com,Perry,Griffin,,179-765-7714,West Valley City,United States,36140,Louisiana,318 Burke,1970-08-21
crmid:8186779011,potsie1990@live.com,Drew,Logan,female,797-963-7858,Davenport,United States,95066,Mississippi,1254 Fulton,1953-03-17
crmid:1532273962,sanded1801@outlook.com,Samual,Lester,,039-985-9948,Nashville,United States,83459,California,694 Adam,1995-08-11
crmid:9026910246,cyclothyme1800@yandex.com,Lavelle,Leach,female,038-278-4304,Painesville,United States,61534,Mississippi,416 Jones,1950-05-17
crmid:9926206702,close2060@yahoo.com,Carmen,Short,,067-479-7466,Myrtle Beach,United States,75058,Louisiana,683 Telegraph,1995-12-31
crmid:5242934042,capricornus1854@outlook.com,Antone,Gibson,,065-053-0341,Goshen,United States,31393,Connecticut,1332 Castelo,1967-06-02
crmid:4438119515,coyish1836@gmail.com,Tomas,Wilkinson,male,910-665-4007,Wadsworth,United States,09870,Tennessee,44 Brush,1932-09-25
crmid:5899134696,excitor1917@yandex.com,Torie,Cote,female,857-738-2105,Dover,United States,58898,North Dakota,412 Everglade,1955-09-07
crmid:6744544932,subfusc1881@outlook.com,Wilmer,Frye,,118-204-9933,Vista,United States,22737,Delaware,326 Windsor Mill,1966-02-09
crmid:8532182288,swimy1980@gmail.com,Francesco,Washington,,219-232-7004,Yonkers,United States,85806,Colorado,1361 Stratford,1991-09-01
crmid:7083215896,compulsed1861@outlook.com,Marvin,James,,534-965-8455,Steubenville,United States,73484,South Carolina,1324 Corbett,1991-06-15
crmid:2383790843,zoophobia1871@gmail.com,Reginia,Holcomb,female,059-488-1723,Philadelphia,United States,54081,Alabama,1179 Acadia,1956-07-14
crmid:3041771601,redictating1938@gmail.com,Irving,Francis,,690-392-0316,Warren,United States,31263,Louisiana,1378 Mesa,1969-03-04
crmid:8374122573,alans1926@gmail.com,Rufus,Pickett,male,193-752-4450,Port Hueneme,United States,90706,Massachusetts,1069 Deems,1937-08-23
crmid:9796123421,pasha1872@yandex.com,Olene,Burks,female,530-252-4597,Simpsonville,United States,11215,Massachusetts,205 Laura,1954-07-04
crmid:8276746198,batteries1859@live.com,Jamison,Curtis,male,094-518-2666,Prior Lake,United States,02610,Kansas,988 Sibley,1937-05-07
crmid:1067100217,dekko2030@outlook.com,Asuncion,Gibson,female,592-133-7186,Duarte,United States,05962,Connecticut,77 Kensington,1955-01-11
crmid:2520389085,belissa1809@outlook.com,Xavier,Snow,male,638-830-7765,Brooklyn Center,United States,55570,Mississippi,669 Anthony,1942-10-27
crmid:8112225100,cormac1925@outlook.com,Sherill,Johnston,female,723-167-2727,Spokane Valley,United States,24582,West Virginia,719 Kalmanovitz,1956-12-15
crmid:3060537389,transportables2004@yahoo.com,Chris,Jones,male,701-052-9798,Batavia,United States,60437,Rhode Island,73 Shaw,1936-11-22
crmid:2229623022,circle2002@gmail.com,Clifford,Lowe,,932-263-5603,Libertyville,United States,37250,Oregon,4 Paloma,1982-07-22
crmid:5634538782,killas1986@yandex.com,Ervin,Mueller,,988-875-3824,Syracuse,United States,68907,South Dakota,1305 Francis,1988-04-03
crmid:1333980435,greyhen1933@live.com,Jefferson,Randall,,792-411-5132,Pharr,United States,73224,Kentucky,1281 Dartmouth,1974-03-10
crmid:8096178554,coils1822@yandex.com,Randolph,Day,,796-483-8000,Orland Park,United States,40424,Arizona,1356 Orben,1986-07-02
crmid:9390148583,dendral2070@live.com,Brain,Wolfe,,072-916-2903,Manitowoc,United States,82046,Washington,397 C,1986-02-07
crmid:4567012048,binits1885@outlook.com,Neville,Sparks,,050-942-8145,Palmetto Bay,United States,28368,Louisiana,866 Ina,1962-12-27
crmid:2206346672,kapp1984@yandex.com,Thomasine,Livingston,female,539-524-3333,Cookeville,United States,75535,Montana,1086 Decatur,1950-09-17
crmid:9466284422,semidiaphanously1970@yandex.com,Gerard,Mcgee,,903-863-1153,West Lafayette,United States,85235,Indiana,523 Massachusetts,1998-06-08
crmid:2920373813,arras1809@gmail.com,Delmar,Solis,male,151-433-7165,Pawtucket,United States,05878,Oklahoma,373 Aquavista,1935-10-20
crmid:2690810214,auspicious1953@gmail.com,Reagan,Morales,female,744-442-0337,Rio Rancho,United States,86460,Alabama,722 Quint,1946-07-20
crmid:7308603275,intercom1988@outlook.com,Dusty,Parsons,male,526-955-0338,South Pasadena,United States,99153,Oklahoma,438 Mcdonald,1944-10-06
crmid:9038899651,flits1886@outlook.com,Margit,Mason,female,639-228-9310,Easton,United States,35616,Maryland,553 Midcrest,1957-06-18
crmid:4238695290,thorax2040@outlook.com,Scot,Church,male,385-277-8795,Schenectady,United States,11239,Oklahoma,599 Timothy Pflueger,1944-09-06
crmid:7685678561,polybrid2009@yandex.com,Floyd,Greene,male,311-010-7462,Cedar City,United States,22643,Idaho,254 Moultrie,1945-04-12
crmid:8293679222,propacifist1999@live.com,Prince,Cruz,,625-526-7040,Susanville,United States,27543,Louisiana,1212 Ortega,1964-03-23
crmid:4528971341,cockeyed1815@yahoo.com,Matt,Watkins,,770-120-4924,Idaho Falls,United States,22329,Alaska,459 Leo,1974-04-15
crmid:2647178277,razzmatazz1894@live.com,Neville,Slater,,767-863-1239,Grand Junction,United States,29549,Wyoming,581 Felix,1967-05-29
crmid:2424870271,basements1966@gmail.com,Steve,Schroeder,,000-853-3071,Manteca,United States,80780,Massachusetts,106 Dore,1986-08-02
crmid:8432962289,schistous2044@live.com,Ernesto,Cortez,,969-590-5771,Kalispell,United States,75041,Delaware,269 Sharp,1976-12-25
crmid:5259507854,ribbon2003@gmail.com,Antonia,Macdonald,male,885-805-3728,Barberton,United States,78506,South Carolina,272 Paraiso,1936-11-26
crmid:3682836942,pokeroot1887@yahoo.com,Art,Parsons,,786-877-0593,Greenacres,United States,60071,Hawaii,592 Dutton,1968-10-08
crmid:6951545951,crow1922@gmail.com,Criselda,Parsons,female,419-147-7993,Cottonwood Heights,United States,10214,Louisiana,346 Ingalls,1951-02-23
crmid:6145520306,antisociality2037@gmail.com,Marth,Ewing,female,397-215-8025,Rockledge,United States,63053,Vermont,516 Doric,1947-06-09
crmid:9364150925,potentize1986@yandex.com,Reyes,Rojas,,018-042-7630,Rome,United States,34677,Colorado,187 Calgary,1971-11-13
crmid:2537017872,sanatorium1961@gmail.com,Jonathan,Best,male,335-703-4505,Bixby,United States,39033,Maryland,1025 Cotter,1939-06-03
crmid:8641797924,bitter1958@gmail.com,Walton,Trevino,,404-179-7544,Highland Park,United States,03503,Missouri,205 Rockaway,1971-02-20
crmid:2483462796,costumey1860@outlook.com,Sherell,Riggs,female,410-746-0979,Danville,United States,89759,Montana,1060 Silliman,1953-08-25
crmid:3581159523,atpco2031@live.com,Donte,Tucker,,067-578-1045,Patterson,United States,62728,Arkansas,1311 Ruth,1966-04-25
crmid:6742368954,unlassoed1833@live.com,Chuck,Daugherty,male,542-697-7917,South Lake Tahoe,United States,08046,Kentucky,858 Villa,1940-02-07
crmid:5562370714,aardvark1857@gmail.com,Jeremy,Hughes,,370-756-0381,Portsmouth,United States,46979,Rhode Island,47 Onique,1991-12-22
crmid:6027942485,benefactory1988@outlook.com,Mariano,Johnson,,538-897-1046,Matthews,United States,31495,Rhode Island,580 Navy,1988-06-02
crmid:2698792649,tepidity1893@outlook.com,Ricardo,Leach,male,526-419-0954,Rancho Cucamonga,United States,15563,Virginia,994 Warren,1945-08-17
crmid:2450214039,dipietro1850@yandex.com,Leopoldo,Everett,male,886-697-0816,Palm Desert,United States,12190,Rhode Island,1349 Todd,1944-06-09
crmid:5006089215,clarified2017@yahoo.com,Stacey,Witt,male,427-512-9191,Cedar Hill,United States,52442,Washington,254 Tehama,1945-09-10
crmid:2370987897,takeout1871@yandex.com,Monty,Humphrey,,570-949-3001,Warrensburg,United States,46524,Rhode Island,1071 Decker,1989-11-02
crmid:4966840197,unthumped1807@gmail.com,Lenita,Murphy,female,725-345-8412,North Chicago,United States,16967,Oklahoma,633 Andover,1998-04-22
crmid:6536658761,infantly1933@live.com,Keneth,Farley,male,348-762-8602,Shively,United States,91783,Wisconsin,1085 Palmetto,1945-11-24
crmid:3869441767,killing1803@gmail.com,Buddy,Heath,,837-494-6454,Glenview,United States,22300,Iowa,785 Montezuma,1966-04-07
crmid:9491457159,hepatotoxic2008@gmail.com,Roderick,Brennan,,721-994-4534,Long Beach,United States,40055,Idaho,156 Juniper,1984-07-09
crmid:9434283161,fossorial2022@yandex.com,Guy,Kinney,male,933-627-5399,Westmont,United States,19482,Wyoming,891 Wheeler,1944-12-31
crmid:9264702395,amour2018@yahoo.com,Ivana,Calderon,female,188-072-5725,Oak Lawn,United States,98110,Ohio,152 Harlan,1947-04-05
crmid:1619547116,champ1959@yandex.com,Tony,Barlow,,729-845-2484,Wayne,United States,40260,Washington,1215 Louisburg,1992-10-03
crmid:7118898585,nondeafened1953@yandex.com,Trudi,Chase,female,987-638-8317,Downers Grove,United States,55229,South Carolina,813 Lapidge,1955-10-28
crmid:6026957122,castell2068@yahoo.com,Buster,Wells,,900-731-2208,Lawndale,United States,84038,North Dakota,143 Timothy Pflueger,1981-01-14
crmid:9674467563,pintada2021@yahoo.com,Seymour,Harding,male,491-515-2822,Arnold,United States,58904,New Mexico,1137 Espanola,1933-09-13
crmid:8946833571,cumulate1809@yahoo.com,Melvin,Pacheco,,766-220-1864,Lynchburg,United States,80267,Alaska,1292 Whitney Young,1985-11-01
crmid:2831622770,maidenhead1808@yandex.com,Vance,Bolton,,781-469-1223,Muncie,United States,38965,Georgia,35 Everglade,1994-05-04
crmid:8741968938,supercommendation1979@outlook.com,Randell,Vasquez,,321-757-3006,Kent,United States,36087,New Mexico,659 Minerva,1977-06-29
crmid:8231624528,firearms1969@outlook.com,Yong,Hutchinson,male,969-387-6093,Caldwell,United States,55814,Arkansas,694 Huron,1943-10-15
crmid:8225366990,guarded1977@yandex.com,Fletcher,Wilder,,087-069-6540,Florissant,United States,52227,Tennessee,1198 Burns,1962-09-08
crmid:6593349790,unwillfully1822@live.com,Elodia,Ball,female,388-891-4915,Delaware,United States,18776,Vermont,658 Beaumont,1954-03-02
crmid:7109199568,plasmid1920@outlook.com,Heide,Dunlap,female,082-471-7419,Elko,United States,61725,Nebraska,926 Gene Friend,1959-11-28
crmid:5892857636,tridiapason2020@live.com,Rocco,Carlson,,078-773-1549,Georgetown,United States,07114,Arizona,1230 Atoll,1965-02-02
crmid:8693700603,index1865@gmail.com,Lauran,Hoover,female,751-220-9178,Chambersburg,United States,20745,North Carolina,168 Delancey,1946-05-14
crmid:7487700164,blissfully1897@yandex.com,Dwain,Weber,,767-653-6255,Salt Lake City,United States,32699,Illinois,765 Birchwood,1980-12-10
crmid:1876301013,shaman1805@outlook.com,Israel,Kline,,653-870-8013,Largo,United States,59829,Nebraska,259 Alvord,1980-09-15
crmid:8524020590,antiquarian1852@yahoo.com,Adan,Jensen,male,843-658-8733,Beaverton,United States,60683,Connecticut,1020 Gorgas,1937-11-21
crmid:7239128839,emissary1961@live.com,Brent,Banks,male,183-174-7059,Wichita Falls,United States,00385,Minnesota,370 Dunshee,1940-02-02
crmid:4815766500,envelop1991@gmail.com,Kenny,Dickerson,,591-137-6765,Mentor,United States,81730,Washington,41 Nido,1989-02-14
crmid:2291073657,religion2011@yandex.com,Latoyia,Sweeney,female,592-190-2249,East Ridge,United States,21459,Indiana,947 Euclid,1957-05-28
crmid:3671465629,chilicote1980@yahoo.com,Tommie,Velazquez,,240-183-9774,Shreveport,United States,60297,Minnesota,925 Havelock,1983-01-16
crmid:7980525912,gamester1942@yahoo.com,Cruz,Price,,105-046-5155,North Platte,United States,87698,Ohio,724 Connecticut,1999-06-25
crmid:5228684081,electropsychrometer1927@gmail.com,Asa,Mann,male,961-476-1562,Vacaville,United States,08808,Wyoming,35 Bacon,1937-12-29
crmid:5747765550,ceratium1950@live.com,Sal,Dorsey,,869-771-4963,Kissimmee,United States,18828,Kansas,60 Parkhurst,1978-03-27
crmid:3580039301,arsenium1834@live.com,Wava,Robertson,female,369-078-2975,Durham,United States,58050,Michigan,710 August,1956-09-25
crmid:5710038203,alloclase2007@yahoo.com,Jay,Willis,female,411-182-8259,New Bedford,United States,76234,New Jersey,294 Recycle,1995-04-23
crmid:1685154809,quarts1862@gmail.com,Russel,Gardner,,884-998-7646,LaGrange,United States,79716,Massachusetts,970 Boardman,1979-12-03
crmid:7481503699,indris1937@yahoo.com,Ali,Farrell,male,207-941-6815,San Antonio,United States,09836,Pennsylvania,88 Islais,1931-01-09
crmid:8635553429,cringingly1868@yandex.com,Latoria,Knight,female,050-321-6904,Oxford,United States,12196,Florida,249 White,1947-12-10
crmid:3671411825,bondon1930@gmail.com,Kendrick,Hester,,843-377-4550,Montgomery,United States,69149,Texas,403 Hunters Point,1992-12-09
crmid:3788986945,relentless2058@outlook.com,Nicolas,Baxter,,076-908-0513,Waterloo,United States,28445,Minnesota,777 Sussex,1967-10-29
crmid:6135115711,recipe1879@outlook.com,Fredricka,Schultz,female,987-966-5709,Covington,United States,15810,Kentucky,1287 Ozbourn,1951-03-26
crmid:4960513888,dendral1957@yahoo.com,Rodrick,Whitney,,560-691-0625,Phoenix,United States,82207,New Mexico,837 Mclaren,1995-05-30
crmid:6030154355,pyruloid2061@live.com,Will,Haynes,,437-171-1211,Goose Creek,United States,80547,North Carolina,1249 San Marcos,1967-01-03
crmid:4021101064,bloch1975@outlook.com,Joshua,Pratt,,172-248-2334,Westminster,United States,93037,New York,1030 Melrose,1976-02-09
crmid:6040877821,slinking2002@gmail.com,Harland,Arnold,male,114-631-2596,San Marcos,United States,00189,South Carolina,810 Whiting,1940-04-01
crmid:8155307899,eidetic2032@yandex.com,Shan,Carver,female,839-943-1532,East Lansing,United States,42748,Minnesota,1184 Santa Monica,1957-08-05
crmid:6476614121,datos1809@live.com,Rigoberto,Griffin,,052-957-7663,Woodbury,United States,48193,North Carolina,1079 Arballo,1991-03-28
crmid:1505032309,piperazine1928@yahoo.com,Davis,Maddox,,802-757-2455,Moore,United States,66513,Tennessee,1170 Hopkins,1992-11-21
crmid:7737425607,debilitate1874@yahoo.com,Agustin,Kerr,,578-022-7907,McDonough,United States,44431,Oklahoma,1020 Abbey,1988-08-10
crmid:9169920283,adcox2011@gmail.com,Jeramy,Harvey,,556-418-6603,St. Matthews,United States,25137,Tennessee,382 Pleasant,1965-06-19
crmid:7281206253,anglophilia1843@outlook.com,Armand,Ford,,033-114-3629,Lebanon,United States,88306,Colorado,34 Grant,1981-07-12
crmid:5027751934,imbued1831@live.com,Brice,Buckley,,568-237-8832,Port St. Lucie,United States,93271,Colorado,70 Bowman,1999-07-21
crmid:3225248891,beate1867@outlook.com,Hai,Delacruz,,370-983-6875,Linden,United States,49266,Wisconsin,1031 Curtis,1983-08-10
crmid:9020890109,fulgurous1866@yandex.com,Darron,Forbes,,975-712-7709,Meriden,United States,77611,Florida,478 Bluxome,1989-12-13
crmid:2395128024,alien1884@live.com,Kieth,Strong,,191-514-5993,Inver Grove Heights,United States,49810,Colorado,394 Rincon,1974-08-05
crmid:8753973439,misdirects1947@gmail.com,Markus,Holman,,033-630-1353,Marshalltown,United States,74748,Texas,1223 Laguna Honda,1987-12-28
crmid:6861489817,babyface1848@live.com,Emery,Mcpherson,,276-191-6197,Lawrence,United States,55153,Connecticut,465 Kendall,1981-09-01
crmid:1528775607,angeleyes1934@outlook.com,Regine,Farmer,female,779-025-3204,Weslaco,United States,65845,Kentucky,117 Ivy,1956-07-09
crmid:4199947383,cardiff2027@live.com,Cassy,Huffman,female,463-790-0089,Eagle Pass,United States,84353,Rhode Island,865 Mary Teresa,1956-02-15
crmid:4707361653,siciliano1867@yandex.com,Augustine,Higgins,male,493-218-2975,Battle Ground,United States,01149,Missouri,553 Bergen,1936-01-14
crmid:8182436783,tuke1876@yahoo.com,Ivana,Mercer,female,735-085-9581,Decatur,United States,28417,Massachusetts,161 Mill,1953-04-20
crmid:6839445862,epomophorus1914@yandex.com,Manuel,Keller,,786-711-9483,Walla Walla,United States,50184,Connecticut,639 Greenwood,1967-02-24
crmid:1338766348,revivals1921@live.com,Norman,Whitaker,female,565-061-0145,Cottage Grove,United States,93487,Kentucky,1272 Windsor Mill,1951-07-31
crmid:2088425623,passwords1882@gmail.com,Shad,Potter,,286-345-4791,Goshen,United States,70497,Virginia,185 Bonview,1967-12-30
crmid:8517438507,delawn1905@outlook.com,Guadalupe,Kirkland,,182-877-0692,Longmont,United States,49845,Louisiana,348 Ellert,1984-07-15
crmid:4102608941,orpheus2048@live.com,Collin,Cooper,,820-554-5436,Tallahassee,United States,39661,Tennessee,123 Severn,1980-08-30
crmid:7586205640,slavophile1831@gmail.com,Georgiann,Rollins,female,885-020-7665,Eustis,United States,10088,North Dakota,159 Marengo,1960-03-25
crmid:4640437058,proscind2024@gmail.com,Malcolm,Simmons,,060-115-0849,Manhattan,United States,61688,Wisconsin,1159 Rio Verde,1986-11-04
crmid:1782594862,acrid1984@outlook.com,Wilfred,Rollins,male,192-657-8449,Bethlehem,United States,87758,Mississippi,429 Downey,1938-11-24
crmid:2808469216,ockster1927@gmail.com,Blair,Sharp,,582-065-4239,Independence,United States,30988,Kansas,1145 Middle West,1974-06-03
crmid:5230842558,hodad2024@yandex.com,Samuel,Russo,male,845-406-2630,Boston,United States,51670,New Mexico,827 Science,1940-09-26
crmid:6955349273,kapp1844@yandex.com,Alvaro,Griffin,,338-115-0350,Leawood,United States,23801,North Dakota,1352 Casa,1981-05-31
crmid:6008104035,deaved1805@gmail.com,Dewitt,Hendrix,,537-196-9458,Socorro,United States,37077,Montana,849 Coleman,1974-06-01
crmid:2970970133,debater2022@gmail.com,Elicia,Sharp,female,554-818-4493,Dubuque,United States,61045,Oregon,978 Jason,1956-10-29
crmid:3101296552,alsaleh1984@outlook.com,Ruben,Dominguez,,085-588-3575,McAllen,United States,16474,Mississippi,822 Battery Caulfield,1988-03-10
crmid:1327610993,backcross2065@yahoo.com,Meridith,Salazar,female,029-486-5622,Rockledge,United States,87237,Alabama,1315 Tomaso,1959-10-12
crmid:9244343778,avenue1817@live.com,Elvin,Dean,,314-114-4673,Ferndale,United States,07816,Iowa,885 Piper,1962-02-19
crmid:1709402751,bedlamic2011@outlook.com,Deshawn,Craig,,300-889-4371,Santa Ana,United States,96381,Virginia,417 Devonshire,1972-11-27
crmid:3788986945,cadmium1955@gmail.com,Sal,Marsh,,580-065-9677,Winston-Salem,United States,77208,North Carolina,158 Wayland,1991-04-24
crmid:7628317340,faultlessly1977@live.com,Berry,Burks,,056-635-9056,San Bernardino,United States,38104,Minnesota,167 Madrid,1969-11-29
crmid:4364619675,codicil1870@yahoo.com,Terence,Price,,925-803-1437,Upper Arlington,United States,89615,Maryland,87 Day,1974-11-09
crmid:4140001354,byproducts2003@gmail.com,Takako,Drake,female,599-522-7885,Duncanville,United States,41873,Utah,1349 Toll Plaza Tunnel,1956-08-08
crmid:3995369124,close1938@yahoo.com,Cristopher,Hess,,609-283-1797,Rochester Hills,United States,35364,Louisiana,73 Jewett,1969-02-18
crmid:6998261721,positive2061@outlook.com,Jacqualine,Velez,female,040-341-0261,Chicopee,United States,25506,Delaware,735 Cesar Chavez On,1947-04-29
crmid:2011870503,segueing1871@live.com,Lupe,Cabrera,male,985-093-4699,Auburn Hills,United States,76179,Connecticut,1225 Front,1934-10-12
crmid:3449975335,silicon1921@live.com,Bob,Walters,male,210-451-4831,Terre Haute,United States,50492,Indiana,320 Valmar,1999-02-02
crmid:4812728571,seginus1860@yandex.com,Lucien,Vaughan,,520-925-9949,Lawndale,United States,89848,Florida,244 Del Sur,1981-05-27
crmid:7807732378,rivals2021@outlook.com,Janene,Lyons,female,950-130-0360,Williamsport,United States,69599,Nevada,1024 Reservoir,1951-04-18
crmid:8833287139,antelation2013@yahoo.com,Lonnie,Emerson,,534-185-1008,Jamestown,United States,39429,Maine,855 Rosewood,1975-06-04
crmid:6448695976,creative2024@outlook.com,Eddie,Merritt,,691-203-1603,Issaquah,United States,86781,Rhode Island,1164 Calvert,1975-11-06
crmid:4681987358,guidon1934@yahoo.com,Edmund,Mann,,708-823-8904,Little Elm,United States,53153,Kentucky,41 Pope,1983-10-22
crmid:9083177440,debus1824@yahoo.com,Jesus,Phelps,female,820-592-5725,Parkland,United States,62923,Arkansas,1304 Gabilan,1958-04-23
crmid:1437717075,clarin1916@yandex.com,Brain,Manning,,797-840-9939,Joplin,United States,19007,Montana,302 Habitat,1976-02-27
crmid:3080163857,secret1830@gmail.com,Donny,Chen,,441-742-3828,Hobart,United States,98217,Rhode Island,397 Bocana,1972-08-26
crmid:8249113390,canaller2066@live.com,Colin,Mcdaniel,,151-153-0101,Lynbrook,United States,51452,North Dakota,1144 Elmwood,1985-09-18
crmid:5668881916,cutthroat1902@gmail.com,Lashaun,Durham,female,767-215-6169,Oakland,United States,22017,Rhode Island,151 Stillings,1957-05-09
crmid:3153557677,monotheistically1978@yandex.com,Maurice,Copeland,male,041-260-5344,Barstow,United States,38700,Arizona,541 Dicha,1936-07-07
crmid:2784277514,assentatory1916@yandex.com,Minh,Bender,,965-347-0974,Howard,United States,82709,Louisiana,1302 Hagiwara Tea Garden,1973-12-09
crmid:5004381794,brownlee2041@gmail.com,Efren,Hale,,775-704-2392,Newburyport,United States,86647,Mississippi,597 Case,1997-07-22
crmid:1154685000,chaotic1911@gmail.com,Wes,Donaldson,,640-568-9678,Roswell,United States,39722,Ohio,989 Goleta,1972-01-30
crmid:3220991791,draughtsman1864@gmail.com,Theo,Wooten,,632-822-7754,Round Rock,United States,67387,Vermont,94 Vicksburg,1981-07-26
crmid:3672742849,numbat1966@yahoo.com,Carisa,Warner,female,544-032-1684,Shoreline,United States,98996,Minnesota,987 Visitacion,1946-02-12
crmid:2615380829,electrodes1809@outlook.com,Yong,Wilkerson,,907-631-4975,Jefferson City,United States,47497,Michigan,129 Pizarro,1975-08-22
crmid:4605505312,slaters1917@live.com,Josh,Vance,male,332-618-8683,Bountiful,United States,89894,Vermont,745 Merlin,1940-06-29
crmid:8924908353,amylan1914@outlook.com,Karl,Sheppard,,844-877-7969,Melbourne,United States,92383,Iowa,840 Moncada,1989-05-06
crmid:4750023273,mousse1819@yandex.com,Donnell,Maddox,,126-070-4871,Moorhead,United States,98580,Massachusetts,319 Steiner,1993-10-28
crmid:4050441696,speer1997@yahoo.com,Anibal,Talley,,362-375-3676,Joplin,United States,19303,Virginia,341 Olympic Country Club,1976-03-27
crmid:6172412458,eccentrics1964@yahoo.com,Frederick,Mcintyre,,956-969-6967,White Plains,United States,43929,New Jersey,455 Magnolia,1981-01-12
crmid:5133695284,addis2014@yahoo.com,Newton,Bishop,,455-682-5194,Hanover Park,United States,91477,Michigan,860 Rockland,1969-01-05
crmid:7947654058,coquillage1818@live.com,Michael,Jefferson,,898-366-8368,Lewiston,United States,82747,Arizona,982 Double Rock,1982-03-08
crmid:9487029516,pleiocene1987@yahoo.com,Barrett,Mcneil,,827-069-1009,Warren,United States,34023,Maryland,441 Evelyn,1979-03-14
crmid:1716056247,nordenfelt1936@yandex.com,Shirl,Mullen,female,128-543-1584,Sedalia,United States,14775,Louisiana,575 Forest Knolls,1948-12-16
crmid:7304425444,pongidae1916@yandex.com,Asa,Merritt,,670-278-6278,West Allis,United States,20869,Florida,797 Habitat,1962-01-01
crmid:7108638212,overdiscount1987@yahoo.com,Cletus,Davidson,male,860-781-1094,Steubenville,United States,61756,Virginia,1267 Cleveland,1943-02-08
crmid:1949659107,azoic2048@yahoo.com,Benton,Barrera,,507-556-8741,Richfield,United States,87490,Maryland,1156 Anson,1971-12-09
crmid:8053687356,unprematureness1837@gmail.com,Matthew,Copeland,male,554-719-2580,Trotwood,United States,67307,California,1039 Jarboe,1930-07-07
crmid:7678216204,spieler1898@live.com,Darrick,Fields,male,386-880-4550,Agoura Hills,United States,14118,Vermont,148 Ada,1930-03-09
crmid:3717678907,ephialtes1989@outlook.com,Mariano,Marsh,male,738-703-1574,Blaine,United States,35373,Minnesota,733 Bowman,1939-07-18
crmid:1605659734,condiction2009@live.com,Shala,Terrell,female,168-750-1938,Muscatine,United States,16874,Connecticut,1323 Sagamore,1994-03-23
crmid:5383762100,chinotti2045@gmail.com,Jan,Powell,,648-281-1354,Jonesboro,United States,34299,New Mexico,993 Forest View,1976-06-05
crmid:9496834993,branchful1882@yandex.com,Breann,Montoya,female,572-892-3473,New Braunfels,United States,99661,Ohio,576 Majestic,1996-03-30
crmid:8678483484,ethelyn1883@live.com,Glady,Tillman,female,290-334-9348,Faribault,United States,13129,Alabama,716 Mercury,1961-03-29
crmid:5428579227,belie2021@outlook.com,Dwain,Mcintosh,male,105-892-0353,Bartow,United States,17854,Georgia,10 R,1936-03-19
crmid:3995369124,oxalyl2015@live.com,Warren,Ryan,,349-945-2642,Monterey,United States,86454,Nebraska,673 Carmel,1992-01-22
crmid:3761525863,sovite1998@yahoo.com,Curtis,Bradshaw,male,210-548-5241,St. Joseph,United States,00229,North Dakota,605 Cambon,1940-02-03
crmid:5553840496,havanese1893@live.com,Cathern,Little,female,009-605-8391,Commerce City,United States,03100,Mississippi,198 Seventh,1949-02-17
crmid:8441753431,unadmonished1900@live.com,Lowell,Cox,,552-967-5059,Glendale,United States,54362,Wyoming,438 Fratessa,1966-09-13
crmid:8087215086,eyeballs1994@yandex.com,Faustina,Faulkner,female,469-041-5136,Tulsa,United States,71219,Kentucky,667 Pasadena,1955-03-09
crmid:1690051729,gloms1864@yandex.com,Theron,Velasquez,male,417-436-0864,Nacogdoches,United States,05181,New York,356 Nobles,1995-02-26
crmid:1712202950,magpie1977@yandex.com,Sanora,Marshall,female,353-864-4076,Chula Vista,United States,64183,Mississippi,766 Yukon,1947-12-30
crmid:4874148217,moose1865@outlook.com,Chi,Morgan,male,225-688-3832,Sandusky,United States,09084,Arkansas,457 Jauss,1937-02-21
crmid:7325720709,molly1956@gmail.com,Genevive,Potter,female,308-774-7167,Cutler Bay,United States,10330,Arkansas,851 Ashburton,1952-03-23
crmid:6481846239,blubber2061@yahoo.com,Barney,Gilmore,,711-097-1500,Ithaca,United States,70763,Arizona,1338 Matthew,1975-12-23
crmid:1148496619,reviviscency1902@yahoo.com,Scottie,Holt,female,760-465-5464,De Pere,United States,46296,Rhode Island,18 Gordon,1953-08-14
crmid:4737798943,narsinga1925@yahoo.com,Benjamin,Whitley,male,385-033-5794,Parkland,United States,89698,Kansas,796 Middlefield,1930-11-02
crmid:4957024645,horsiest1987@gmail.com,Clayton,Gould,male,677-774-8740,Perth Amboy,United States,06399,Mississippi,1261 Davis,1939-11-21
crmid:2586605395,corvo1814@yahoo.com,Lynsey,Watson,female,925-724-3148,Elmhurst,United States,79960,Vermont,1026 Kennedy,1959-09-11
crmid:2103192871,hyalinization1904@gmail.com,Micheal,Acosta,,239-801-6260,Miami,United States,37006,Oklahoma,54 Keppler,1990-05-04
crmid:4731931154,chromo1916@yahoo.com,Franchesca,Dickerson,female,725-518-9225,Chino,United States,17897,Kansas,1175 Jansen,1947-03-08
crmid:9851400664,molybdite1885@gmail.com,Freeman,Bradley,,430-773-4051,Galesburg,United States,75480,Mississippi,399 Ellis,1964-09-18
crmid:1630626758,warve1835@live.com,Duncan,Snider,,781-074-4283,Holly Springs,United States,78313,California,993 Hawkins,1972-05-11
crmid:4939295085,subjicible1875@yandex.com,Devon,Patterson,,396-412-7046,Napa,United States,46241,Idaho,301 Gerke,1995-07-30
crmid:1082924823,cequi1895@outlook.com,Rolland,Valentine,,544-434-7974,Rockledge,United States,78931,New York,217 Whitecliff,1995-06-02
crmid:3992625728,oversured1973@gmail.com,Brett,Walsh,,757-353-9444,Pocatello,United States,94640,California,695 Quickstep,1992-11-01
crmid:1784510474,bemole1838@gmail.com,Harvey,Benton,,901-493-9775,Muscatine,United States,38427,California,154 Edna,1994-06-16
crmid:3037147290,disproportionate1900@gmail.com,Virgil,Valdez,,861-624-5831,Williamsport,United States,41851,West Virginia,827 Fratessa,1991-03-04
crmid:8458400474,bred1981@gmail.com,Dyan,Nelson,female,237-984-2452,Diamond Bar,United States,91032,Minnesota,1038 San Miguel,1955-03-21
crmid:2748478166,redias1871@outlook.com,Oliver,Grimes,male,481-098-5596,Paterson,United States,03262,Arkansas,721 Fairmount,1933-07-12
crmid:8733529304,potentize1898@yahoo.com,Jarod,Madden,,093-932-7342,Mooresville,United States,43571,Alaska,739 Norfolk,1993-08-05
crmid:6110229773,skinkers1864@outlook.com,Jackie,Winters,male,910-452-6931,Bend,United States,27649,Washington,574 Fair,1938-05-31
crmid:4264734805,dorelia1845@gmail.com,Mitchel,Ashley,male,017-974-6092,West Fargo,United States,64070,Colorado,805 Elwood,1939-07-01
crmid:7486074179,raphia1824@gmail.com,Leopoldo,Ramirez,,232-783-1011,Mineral Wells,United States,83300,Hawaii,343 Hauser,1991-06-13
crmid:1550377903,angry1935@gmail.com,Arlen,Manning,,858-859-0988,Las Cruces,United States,23504,Iowa,791 Sutro Heights,1981-04-12
crmid:8828554683,pouncing1832@yahoo.com,Ira,Guthrie,,288-037-0663,Shakopee,United States,56842,Louisiana,129 Eighth,1995-11-16
crmid:6324336817,waiting1946@outlook.com,Julee,Olson,female,695-921-1939,Crest Hill,United States,82650,Minnesota,1090 Clyde,1951-04-22
crmid:6621650054,panicked1913@gmail.com,Lupe,Hinton,,171-364-3552,Friendswood,United States,61964,Delaware,1370 Sparta,1964-11-07
crmid:3937319981,amazing1897@gmail.com,Lorrine,Torres,female,439-801-4773,Downey,United States,38968,Illinois,817 Sotelo,1955-06-29
crmid:1547119407,palmira1881@outlook.com,Shin,Beach,female,065-439-0880,Washington,United States,20690,South Carolina,1065 Stoneybrook,1961-08-02
crmid:2257502344,enflagellation2010@outlook.com,Virgil,Gates,female,324-490-2321,Rocky Mount,United States,87515,Wisconsin,1204 Wheeler,1996-04-18
crmid:9544851915,midwifes1836@yandex.com,Wyatt,Mejia,,954-112-1597,Matthews,United States,64092,Alaska,112 Bryn Mahr,1988-11-29
crmid:6054086228,unbrotherliness1880@yahoo.com,Syreeta,Reyes,female,567-371-9770,Tulare,United States,14215,South Carolina,774 California,1955-08-24
crmid:8098665460,ad1999@gmail.com,Cornelius,Bennett,male,391-426-5649,Ankeny,United States,90093,Georgia,1120 Mckinnon,1932-02-02
crmid:3403177009,outwept1995@yahoo.com,Vincenzo,Strickland,,186-428-6038,Loveland,United States,64598,Kentucky,784 Wallace,1984-10-22
crmid:8530872579,whitier2040@gmail.com,Shaun,Molina,,812-286-9210,Paradise,United States,52415,Washington,1174 Bonview,1996-05-16
crmid:6388329803,transplace2020@yahoo.com,Gus,Osborne,male,216-336-8772,Richland,United States,99238,Massachusetts,683 Lathrop,1940-11-08
crmid:6144170128,murras1898@outlook.com,Dean,Mcintyre,,663-800-3775,Shively,United States,95387,Pennsylvania,393 Wyton,1964-07-25
crmid:6806147809,cushing1967@outlook.com,Randy,Chandler,male,375-671-0825,Cathedral City,United States,45563,Michigan,1214 Telegraph,1945-08-06
crmid:9753787665,differentiator1801@gmail.com,Jacqualine,Baxter,female,431-181-0529,Novi,United States,75877,Indiana,5 Berkeley,1997-04-24
crmid:4838177421,aisling2012@live.com,Lenny,Morris,,282-684-7516,Norman,United States,92393,Missouri,852 Charles,1998-08-07
crmid:5157089405,became1817@gmail.com,Cameron,Thornton,male,554-561-9798,Casper,United States,80618,West Virginia,116 Baldwin,1945-12-03
crmid:2458042178,babyface1914@yahoo.com,Cleotilde,Foreman,female,652-275-4209,Deerfield Beach,United States,70222,Iowa,591 Grote,1954-12-27
crmid:6128679131,aborticide1958@gmail.com,Ty,Mccray,,615-707-3325,Paterson,United States,88135,Missouri,809 Long,1967-10-04
crmid:3082909622,unnomadically1829@gmail.com,Tad,Booker,,486-524-0655,Hurst,United States,32070,New Jersey,529 School,1974-07-08
crmid:5504397538,sewings1811@gmail.com,Yoko,Stevenson,female,850-916-5794,San Ramon,United States,18608,South Carolina,103 Walbridge,1947-09-28
crmid:8037484781,needlewomen2026@gmail.com,Lonny,Mitchell,male,578-547-4452,Allentown,United States,30457,Oklahoma,1010 Moore,1931-06-20
crmid:8773242378,hypocoristical1938@live.com,Darnell,Cain,female,377-926-9210,Danville,United States,81323,West Virginia,719 Fillmore,1953-02-05
crmid:1566040678,concordancy1879@live.com,Waltraud,Cash,female,959-207-9688,East Cleveland,United States,54008,West Virginia,510 Mark,1957-09-05
crmid:2319407432,penguin1887@live.com,Season,Mcguire,female,767-263-2665,Cooper City,United States,44176,Virginia,911 Joost,1950-08-19
crmid:2154951347,nonderogation1922@yandex.com,Jarrod,Tyson,male,829-158-8106,Roseburg,United States,88812,New Jersey,290 Jamestown,1938-05-29
crmid:8351847765,gargantuan1858@live.com,Trinidad,Joyner,,627-146-9145,Key West,United States,75541,South Carolina,494 Hermann,1977-03-17
crmid:6031755189,dewberry1979@outlook.com,Johnnie,Patton,male,421-983-1245,Novi,United States,80357,Missouri,804 Santa Monica,1939-12-10
crmid:7232808147,cocobolos1956@live.com,Loreta,Thomas,female,783-356-8426,Dodge City,United States,36437,South Carolina,1071 Madrid,1955-06-29
crmid:4426684438,delphinite1960@live.com,Jamey,Gibson,,735-001-7329,Kenmore,United States,80472,New Jersey,641 Museum,1977-12-02
crmid:9127912472,gunsmithing1973@yandex.com,Nathanael,Martinez,,659-933-7948,Sidney,United States,47729,Oklahoma,1166 Emery,1982-05-24
crmid:6522089114,ahead2065@yandex.com,Codi,Olsen,female,970-963-9620,Southgate,United States,62968,Delaware,1096 Kinzey,1957-02-22
crmid:4657462810,civility1917@yandex.com,Millard,Salas,male,114-912-1149,Roseburg,United States,17786,New York,248 Clarence,1943-07-26
crmid:7980519334,blinkered2018@outlook.com,Magali,Horton,female,773-234-8830,Rocky Mount,United States,14956,Rhode Island,624 Hutchins,1953-06-14
crmid:6890541923,british1977@gmail.com,Barrett,Foster,,038-257-8769,Waco,United States,22700,California,585 Mesa,1964-12-09
crmid:3486318158,enlivenment2046@live.com,Chuck,Britt,,583-950-4740,Millbrook,United States,61045,Massachusetts,687 Reeves,1991-11-12
crmid:3499989660,concentrate1968@outlook.com,Woodrow,Pugh,male,590-341-7190,Sherwood,United States,65832,Nebraska,159 Livingston,1932-10-24
crmid:4954762128,woundless2023@outlook.com,Johnny,Fuller,male,489-836-3626,Altoona,United States,37331,Washington,743 Merritt,1932-05-10
crmid:4715588035,befits2014@outlook.com,Joshua,Leonard,,625-061-0705,Irving,United States,99917,Massachusetts,1079 Tompkins,1975-01-30
