id,crmid,propensity_room_upgrade,propensity_extended_nights
7a3ca154-914b-11ea-97d1-b88a60e194fb,crmid:4319042572,6,3
7a3e75e6-914b-11ea-83b8-b88a60e194fb,crmid:7990094592,5,3
7a40103e-914b-11ea-aee4-b88a60e194fb,crmid:8938656675,3,8
7a4184ee-914b-11ea-b603-b88a60e194fb,crmid:8533873390,4,4
7a42e2be-914b-11ea-9d91-b88a60e194fb,crmid:5098303808,3,6
7a444264-914b-11ea-9df2-b88a60e194fb,crmid:3746691776,7,4
7a458fba-914b-11ea-ba07-b88a60e194fb,crmid:6701237471,10,5
7a4715fe-914b-11ea-a3ff-b88a60e194fb,crmid:7612425672,8,5
7a489c9c-914b-11ea-9a79-b88a60e194fb,crmid:7268753355,3,4
7a4a2380-914b-11ea-af2a-b88a60e194fb,crmid:8676147973,4,7
7a4b5bb6-914b-11ea-a2d5-b88a60e194fb,crmid:3795841679,4,2
7a4ccdba-914b-11ea-a113-b88a60e194fb,crmid:4426020256,5,4
7a4e41da-914b-11ea-9ea5-b88a60e194fb,crmid:5606700218,8,2
7a4fa088-914b-11ea-953b-b88a60e194fb,crmid:6903549010,3,4
7a513bcc-914b-11ea-a8cc-b88a60e194fb,crmid:3178607736,4,4
7a5286a8-914b-11ea-96c1-b88a60e194fb,crmid:8496411682,7,2
7a53fab0-914b-11ea-9136-b88a60e194fb,crmid:1461050505,5,7
7a554668-914b-11ea-be2f-b88a60e194fb,crmid:8850570106,4,3
7a5707ec-914b-11ea-88c4-b88a60e194fb,crmid:1177362224,7,4
7a5852ee-914b-11ea-8157-b88a60e194fb,crmid:5115803687,3,4
7a59a040-914b-11ea-8765-b88a60e194fb,crmid:1875042100,5,4
7a5b130c-914b-11ea-9216-b88a60e194fb,crmid:2972879016,4,4
7a5c36ee-914b-11ea-92ba-b88a60e194fb,crmid:1404252343,9,3
7a5dbdb0-914b-11ea-8cca-b88a60e194fb,crmid:6494458374,3,10
7a5ef78c-914b-11ea-bd5a-b88a60e194fb,crmid:2743406794,10,3
7a6055b4-914b-11ea-b563-b88a60e194fb,crmid:8158706017,4,4
7a61dcc6-914b-11ea-9ad6-b88a60e194fb,crmid:7995356268,10,3
7a633d36-914b-11ea-a616-b88a60e194fb,crmid:9095293721,9,3
7a6511f6-914b-11ea-8637-b88a60e194fb,crmid:4128172299,4,7
7a66d1c0-914b-11ea-8038-b88a60e194fb,crmid:2466572950,9,3
7a6832e2-914b-11ea-a0ed-b88a60e194fb,crmid:3145219790,9,5
7a69b952-914b-11ea-8324-b88a60e194fb,crmid:4324232315,3,4
7a6af1f4-914b-11ea-96e7-b88a60e194fb,crmid:9986431252,8,3
7a6cc51c-914b-11ea-bb22-b88a60e194fb,crmid:3316968021,5,3
7a6e72f6-914b-11ea-88cf-b88a60e194fb,crmid:5676794117,9,5
7a6ff99c-914b-11ea-a264-b88a60e194fb,crmid:7333980975,7,4
7a714598-914b-11ea-93fc-b88a60e194fb,crmid:4436225200,7,4
7a72dfc2-914b-11ea-8975-b88a60e194fb,crmid:9787727283,8,4
7a740618-914b-11ea-8d41-b88a60e194fb,crmid:9057809558,5,8
7a75ee3e-914b-11ea-b10b-b88a60e194fb,crmid:9299342962,9,4
7a773a4c-914b-11ea-80b5-b88a60e194fb,crmid:7418340511,5,7
7a78fa48-914b-11ea-8151-b88a60e194fb,crmid:9645298054,8,3
7a7a5b18-914b-11ea-8caa-b88a60e194fb,crmid:5592026490,8,3
7a7be0ba-914b-11ea-a84d-b88a60e194fb,crmid:7034695449,9,3
7a7d4136-914b-11ea-8932-b88a60e194fb,crmid:5172670837,4,7
7a7eda7e-914b-11ea-b802-b88a60e194fb,crmid:4803923352,7,5
7a807430-914b-11ea-8608-b88a60e194fb,crmid:8856470004,5,5
7a820e28-914b-11ea-bc02-b88a60e194fb,crmid:8793668346,8,4
7a8394cc-914b-11ea-9a1f-b88a60e194fb,crmid:3379797213,9,6
7a852f1c-914b-11ea-afa0-b88a60e194fb,crmid:3836304297,5,4
7a86ca70-914b-11ea-abf0-b88a60e194fb,crmid:3466501017,10,4
7a882a06-914b-11ea-86fd-b88a60e194fb,crmid:2650608644,4,7
7a899bc6-914b-11ea-ada9-b88a60e194fb,crmid:5336925601,4,4
7a8b102c-914b-11ea-afc0-b88a60e194fb,crmid:8218978932,6,4
7a8c47ae-914b-11ea-837a-b88a60e194fb,crmid:2767622002,8,5
7a8da876-914b-11ea-961a-b88a60e194fb,crmid:2599977732,6,6
7a8f1a22-914b-11ea-a6e5-b88a60e194fb,crmid:2561878807,8,3
7a907afe-914b-11ea-9f2d-b88a60e194fb,crmid:4656772200,6,5
7a91da92-914b-11ea-a0dc-b88a60e194fb,crmid:3041834046,10,2
7a93265c-914b-11ea-8e2e-b88a60e194fb,crmid:2809300943,4,5
7a94e7c8-914b-11ea-a205-b88a60e194fb,crmid:2381020795,10,5
7a9633c6-914b-11ea-9025-b88a60e194fb,crmid:8173514053,4,8
7a977fdc-914b-11ea-bcdc-b88a60e194fb,crmid:2167101282,7,4
7a98f1ae-914b-11ea-823f-b88a60e194fb,crmid:5887262941,3,8
7a9a781e-914b-11ea-9700-b88a60e194fb,crmid:5454056646,8,4
7a9c3952-914b-11ea-9cd1-b88a60e194fb,crmid:8491773481,8,3
7a9e0e46-914b-11ea-9b0d-b88a60e194fb,crmid:3321649748,7,4
7a9fa850-914b-11ea-a61e-b88a60e194fb,crmid:8102436248,6,4
7aa0f5b6-914b-11ea-813a-b88a60e194fb,crmid:9159274511,7,6
7aa24082-914b-11ea-8f6b-b88a60e194fb,crmid:3969195884,8,4
7aa3b4ee-914b-11ea-aabe-b88a60e194fb,crmid:5524332016,3,5
7aa7aaf4-914b-11ea-abfe-b88a60e194fb,crmid:3768368152,4,4
7aa90aa8-914b-11ea-9a2b-b88a60e194fb,crmid:5706172194,5,4
7aaa69f8-914b-11ea-8e31-b88a60e194fb,crmid:5450056229,9,4
7aabc9b6-914b-11ea-b432-b88a60e194fb,crmid:5351845762,4,3
7aadb1e4-914b-11ea-a151-b88a60e194fb,crmid:5943594557,4,4
7aaf4c1c-914b-11ea-87a2-b88a60e194fb,crmid:4100838498,5,4
7ab0fb12-914b-11ea-ae32-b88a60e194fb,crmid:3984531997,9,4
7ab25946-914b-11ea-b6f8-b88a60e194fb,crmid:3198780855,4,9
7ab3ba38-914b-11ea-8105-b88a60e194fb,crmid:9657291819,4,8
7ab504f0-914b-11ea-94da-b88a60e194fb,crmid:3835626495,4,3
7ab6c722-914b-11ea-b886-b88a60e194fb,crmid:7597977156,8,4
7ab88768-914b-11ea-a832-b88a60e194fb,crmid:1420932799,10,4
7aba0df4-914b-11ea-b8a5-b88a60e194fb,crmid:5637368773,4,3
7abb59fa-914b-11ea-a449-b88a60e194fb,crmid:3586031014,4,7
7abce0a2-914b-11ea-bcbf-b88a60e194fb,crmid:3635313012,6,3
7abe4186-914b-11ea-9820-b88a60e194fb,crmid:7267089880,9,4
7ac16230-914b-11ea-a49e-b88a60e194fb,crmid:6645712311,7,4
7ac2ace6-914b-11ea-9a09-b88a60e194fb,crmid:4658324183,4,8
7ac45bee-914b-11ea-a64e-b88a60e194fb,crmid:6969107749,4,9
7ac6086e-914b-11ea-a42c-b88a60e194fb,crmid:5560599618,7,4
7ac77c76-914b-11ea-8b19-b88a60e194fb,crmid:8127079654,6,5
7ac91576-914b-11ea-a75b-b88a60e194fb,crmid:9678284719,3,8
7aca9cca-914b-11ea-b28a-b88a60e194fb,crmid:9727778779,5,4
7acc3658-914b-11ea-9d08-b88a60e194fb,crmid:4608866085,3,3
7ace590c-914b-11ea-87f0-b88a60e194fb,crmid:6800175060,7,4
7ad0dd82-914b-11ea-8332-b88a60e194fb,crmid:4258344705,9,5
7ad2d9a8-914b-11ea-bc3f-b88a60e194fb,crmid:4116148480,6,4
7ad4d52c-914b-11ea-97c4-b88a60e194fb,crmid:3528815113,9,3
7ad73282-914b-11ea-9eb6-b88a60e194fb,crmid:5994745364,4,7
7ad8a5d0-914b-11ea-87f7-b88a60e194fb,crmid:7680696954,3,8
7adac882-914b-11ea-ae0a-b88a60e194fb,crmid:2994585712,10,4
7adcff7a-914b-11ea-b40e-b88a60e194fb,crmid:8794084579,4,5
7adefac0-914b-11ea-bcac-b88a60e194fb,crmid:8028585908,5,3
7ae0bc12-914b-11ea-ad55-b88a60e194fb,crmid:6985097762,5,6
7ae2b7d8-914b-11ea-a18f-b88a60e194fb,crmid:4776785249,5,8
7ae42aca-914b-11ea-b17a-b88a60e194fb,crmid:7486754659,3,8
7ae5d88c-914b-11ea-9054-b88a60e194fb,crmid:9296031493,3,7
7ae7729c-914b-11ea-971b-b88a60e194fb,crmid:8602391389,9,4
7ae8e5ae-914b-11ea-83ee-b88a60e194fb,crmid:2995523069,4,7
7aea31b0-914b-11ea-b693-b88a60e194fb,crmid:9822865802,4,3
7aeb9152-914b-11ea-9662-b88a60e194fb,crmid:4873136727,4,4
7aed0468-914b-11ea-be06-b88a60e194fb,crmid:4812572582,10,4
7aeeecc2-914b-11ea-bb0c-b88a60e194fb,crmid:6188352819,8,4
7af05fc2-914b-11ea-8039-b88a60e194fb,crmid:8700245264,6,4
7af25cca-914b-11ea-b068-b88a60e194fb,crmid:9275644325,8,5
7af40946-914b-11ea-bd5f-b88a60e194fb,crmid:7284421621,6,9
7af5a3a4-914b-11ea-b913-b88a60e194fb,crmid:5337448267,5,6
7af6f0ec-914b-11ea-8972-b88a60e194fb,crmid:6600141751,3,8
7af8294a-914b-11ea-89ef-b88a60e194fb,crmid:3435456899,4,4
7af9c36e-914b-11ea-962d-b88a60e194fb,crmid:1984989916,8,5
7afb48ba-914b-11ea-a1c2-b88a60e194fb,crmid:5161245875,5,2
7afca838-914b-11ea-b98e-b88a60e194fb,crmid:6770625886,10,5
7afe908a-914b-11ea-bc9e-b88a60e194fb,crmid:6461833639,5,6
7b00189a-914b-11ea-b1d4-b88a60e194fb,crmid:9650834347,7,5
7b01648c-914b-11ea-997b-b88a60e194fb,crmid:4955187049,3,5
7b0337d4-914b-11ea-ad63-b88a60e194fb,crmid:1883800174,6,4
7b04be86-914b-11ea-a139-b88a60e194fb,crmid:2423515878,8,4
7b060a8a-914b-11ea-a0f2-b88a60e194fb,crmid:3866577515,3,7
7b079136-914b-11ea-bc67-b88a60e194fb,crmid:5494597532,5,8
7b0917d8-914b-11ea-ab77-b88a60e194fb,crmid:3529205785,9,4
7b0a63dc-914b-11ea-bd3e-b88a60e194fb,crmid:9081482102,9,5
7b0c12ec-914b-11ea-b4d4-b88a60e194fb,crmid:1976963478,9,2
7b0d8492-914b-11ea-aa45-b88a60e194fb,crmid:5751466242,4,5
7b0f941c-914b-11ea-ac70-b88a60e194fb,crmid:8055433711,5,8
7b111a8a-914b-11ea-aca6-b88a60e194fb,crmid:7530319071,9,5
7b128da4-914b-11ea-84e4-b88a60e194fb,crmid:8796175942,8,4
7b13da48-914b-11ea-8025-b88a60e194fb,crmid:7467581986,9,5
7b156028-914b-11ea-b69d-b88a60e194fb,crmid:9797546179,9,4
7b16d35a-914b-11ea-af19-b88a60e194fb,crmid:4455502302,8,4
7b1833d2-914b-11ea-bb65-b88a60e194fb,crmid:7327295588,4,5
7b19ccf6-914b-11ea-91ad-b88a60e194fb,crmid:5785804667,5,6
7b1ba1c2-914b-11ea-8792-b88a60e194fb,crmid:1678970047,2,5
7b1cef6e-914b-11ea-8922-b88a60e194fb,crmid:3116674642,1,8
7b1eaf36-914b-11ea-849d-b88a60e194fb,crmid:1807251973,9,5
7b20359e-914b-11ea-a3eb-b88a60e194fb,crmid:8408528620,4,4
7b2232dc-914b-11ea-a28f-b88a60e194fb,crmid:5538117331,8,5
7b23cb6e-914b-11ea-b30b-b88a60e194fb,crmid:7182030038,10,3
7b253e9c-914b-11ea-9519-b88a60e194fb,crmid:9775238476,7,4
7b268c02-914b-11ea-8278-b88a60e194fb,crmid:5801922063,5,9
7b281194-914b-11ea-a164-b88a60e194fb,crmid:7335979548,5,8
7b298462-914b-11ea-a710-b88a60e194fb,crmid:7384875481,8,2
7b2abcca-914b-11ea-a960-b88a60e194fb,crmid:7347948674,6,5
7b2c3140-914b-11ea-b976-b88a60e194fb,crmid:7021557449,7,4
7b2dde98-914b-11ea-a156-b88a60e194fb,crmid:7185161419,8,5
7b2fdac6-914b-11ea-be91-b88a60e194fb,crmid:2466700037,7,5
7b313a64-914b-11ea-a7cb-b88a60e194fb,crmid:5758259969,9,4
7b32e81e-914b-11ea-a276-b88a60e194fb,crmid:4654433953,9,4
7b34bb6e-914b-11ea-bf44-b88a60e194fb,crmid:1541980825,7,5
7b36a3dc-914b-11ea-aa96-b88a60e194fb,crmid:1152014199,9,6
7b383eee-914b-11ea-a96e-b88a60e194fb,crmid:1768612499,5,2
7b398b2c-914b-11ea-96e5-b88a60e194fb,crmid:2661420870,4,3
7b3ad72e-914b-11ea-8911-b88a60e194fb,crmid:5138140935,4,5
7b3c5c5e-914b-11ea-9472-b88a60e194fb,crmid:9239076407,4,5
7b3de32c-914b-11ea-8ce0-b88a60e194fb,crmid:8825236077,5,8
7b3f561c-914b-11ea-9640-b88a60e194fb,crmid:1042420796,8,4
7b40f09e-914b-11ea-8297-b88a60e194fb,crmid:4915278571,6,2
7b42c4fe-914b-11ea-ae20-b88a60e194fb,crmid:8745547854,9,3
7b4425ee-914b-11ea-b5a0-b88a60e194fb,crmid:4414356259,4,4
7b45c014-914b-11ea-b647-b88a60e194fb,crmid:6192752193,7,6
7b473340-914b-11ea-8e77-b88a60e194fb,crmid:2666698762,8,3
7b48f31a-914b-11ea-96cf-b88a60e194fb,crmid:3958425704,4,8
7b4a7b18-914b-11ea-b918-b88a60e194fb,crmid:7353694631,4,3
7b4becbe-914b-11ea-aa63-b88a60e194fb,crmid:1250025127,4,4
7b4d2636-914b-11ea-b32e-b88a60e194fb,crmid:3700527415,7,5
7b4e84d8-914b-11ea-96bb-b88a60e194fb,crmid:2862338183,1,2
7b505ae8-914b-11ea-bc4b-b88a60e194fb,crmid:2275598380,10,4
7b51cc8a-914b-11ea-b20a-b88a60e194fb,crmid:9630746138,3,9
7b538dd2-914b-11ea-bb40-b88a60e194fb,crmid:2720015664,4,4
7b55296e-914b-11ea-83c0-b88a60e194fb,crmid:4015061034,9,3
7b5688e6-914b-11ea-9b91-b88a60e194fb,crmid:7821589110,3,4
7b57fb5e-914b-11ea-a1fa-b88a60e194fb,crmid:1375439347,5,7
7b59824a-914b-11ea-be75-b88a60e194fb,crmid:4853750776,6,2
7b5aba7e-914b-11ea-b196-b88a60e194fb,crmid:2692181464,7,2
7b5c060a-914b-11ea-8360-b88a60e194fb,crmid:1919028181,5,4
7b5d665c-914b-11ea-8854-b88a60e194fb,crmid:8544444943,3,7
7b5f1468-914b-11ea-91d8-b88a60e194fb,crmid:2625925081,7,5
7b60c20a-914b-11ea-937f-b88a60e194fb,crmid:5312529859,4,7
7b620df0-914b-11ea-a9ef-b88a60e194fb,crmid:7427019739,4,7
7b634682-914b-11ea-afe7-b88a60e194fb,crmid:6894071265,4,5
7b647f14-914b-11ea-b198-b88a60e194fb,crmid:3030353007,10,4
7b6604da-914b-11ea-9e2a-b88a60e194fb,crmid:5970345967,4,6
7b679e4c-914b-11ea-949c-b88a60e194fb,crmid:6462626273,8,3
7b69129c-914b-11ea-8200-b88a60e194fb,crmid:4604956354,4,8
7b6a982e-914b-11ea-8446-b88a60e194fb,crmid:1174975450,5,8
7b6bf86c-914b-11ea-bafc-b88a60e194fb,crmid:7587198119,4,8
7b6d7e54-914b-11ea-a60e-b88a60e194fb,crmid:8785669192,7,3
7b71c412-914b-11ea-82e1-b88a60e194fb,crmid:6576606633,8,5
7b73239e-914b-11ea-af16-b88a60e194fb,crmid:1350947222,7,4
7b74bf42-914b-11ea-8bb2-b88a60e194fb,crmid:5708436316,4,3
