id,crmid,propensity_score_credit_cards,suggested_credit_card,propensity_score_loan,suggested_loan
d0846670-4c72-11ea-bdd1-b88a60e194fb-1-ps,crmid:9794429137,4,Platinum Card,8,Business Loan
d0854fa6-4c72-11ea-b81b-b88a60e194fb-1-ps,crmid:3597869312,4,Dividend Card,5,Auto Loan
d0863a3a-4c72-11ea-8303-b88a60e194fb-1-ps,crmid:3750610250,5,Student Card,4,Business Loan
d087248a-4c72-11ea-b6df-b88a60e194fb-1-ps,crmid:4072176748,4,Simplicity Card,5,Personal Loan
d0b25308-4c72-11ea-b9cc-b88a60e194fb-1-ps,crmid:3815809411,3,Rewards Card,6,Auto Loan
d0b33d70-4c72-11ea-b735-b88a60e194fb-1-ps,crmid:2319407432,2,Dividend Card,4,Student Loan
d0b427e8-4c72-11ea-9c35-b88a60e194fb-1-ps,crmid:1374547172,5,Dividend Card,4,Business Loan
d0b5124a-4c72-11ea-b376-b88a60e194fb-1-ps,crmid:5112692306,4,Dividend Card,4,Auto Loan
d0b62508-4c72-11ea-9564-b88a60e194fb-1-ps,crmid:8956106177,5,Rewards Card,5,Personal Loan
d0b7353a-4c72-11ea-b7fe-b88a60e194fb-1-ps,crmid:2619885916,6,Travel Card,3,Personal Loan
d0b7f886-4c72-11ea-ba64-b88a60e194fb-1-ps,crmid:5775927899,3,Business Card,6,Personal Loan
d0e487f6-4c72-11ea-9d3e-b88a60e194fb-1-ps,crmid:5685947612,4,Simplicity Card,4,Student Loan
d0e5710a-4c72-11ea-8fd3-b88a60e194fb-1-ps,crmid:7579793013,4,Dividend Card,5,Personal Loan
d0e65b76-4c72-11ea-8d3e-b88a60e194fb-1-ps,crmid:3968719267,4,Travel Card,3,Personal Loan
d0e793ba-4c72-11ea-845c-b88a60e194fb-1-ps,crmid:8650967302,2,Simplicity Card,4,Business Loan
d0e85730-4c72-11ea-bade-b88a60e194fb-1-ps,crmid:2880829484,4,Student Card,4,Personal Loan
d0e942d2-4c72-11ea-b044-b88a60e194fb-1-ps,crmid:1655519718,5,Student Card,5,Personal Loan
d0ea0624-4c72-11ea-b5ee-b88a60e194fb-1-ps,crmid:6317278817,5,Travel Card,5,Student Loan
d112e99c-4c72-11ea-a3e4-b88a60e194fb-1-ps,crmid:3997348658,3,Platinum Card,4,Business Loan
d113fb26-4c72-11ea-a553-b88a60e194fb-1-ps,crmid:3511055297,3,Dividend Card,8,Personal Loan
d114e57e-4c72-11ea-8de2-b88a60e194fb-1-ps,crmid:2511914070,5,Simplicity Card,4,Personal Loan
d115f768-4c72-11ea-948c-b88a60e194fb-1-ps,crmid:4573884728,7,Student Card,4,Personal Loan
d1177d98-4c72-11ea-81b9-b88a60e194fb-1-ps,crmid:9787349673,5,Simplicity Card,4,Personal Loan
d1188ed2-4c72-11ea-8218-b88a60e194fb-1-ps,crmid:6477021004,4,Platinum Card,6,Auto Loan
d11a63b6-4c72-11ea-82dc-b88a60e194fb-1-ps,crmid:2841394509,5,Business Card,5,Business Loan
d159dd80-4c72-11ea-a6ef-b88a60e194fb-1-ps,crmid:4840734763,4,Simplicity Card,5,Student Loan
d15ac826-4c72-11ea-9fa9-b88a60e194fb-1-ps,crmid:6684073357,7,Business Card,5,Personal Loan
d15c2762-4c72-11ea-9681-b88a60e194fb-1-ps,crmid:4251105826,4,Rewards Card,7,Personal Loan
d15d86f6-4c72-11ea-94b8-b88a60e194fb-1-ps,crmid:3249562576,5,Business Card,3,Auto Loan
d15e9880-4c72-11ea-8822-b88a60e194fb-1-ps,crmid:4170555424,5,Dividend Card,3,Student Loan
d15f82da-4c72-11ea-8bf8-b88a60e194fb-1-ps,crmid:7688133515,3,Simplicity Card,5,Business Loan
d160941e-4c72-11ea-b88c-b88a60e194fb-1-ps,crmid:1431882224,3,Business Card,8,Auto Loan
d18fba88-4c72-11ea-9df9-b88a60e194fb-1-ps,crmid:5944815255,7,Rewards Card,3,Personal Loan
d190a4c6-4c72-11ea-a784-b88a60e194fb-1-ps,crmid:6214181244,5,Travel Card,3,Personal Loan
d191dd6c-4c72-11ea-9ef5-b88a60e194fb-1-ps,crmid:8897866478,8,Student Card,5,Auto Loan
d1933ce4-4c72-11ea-9aa6-b88a60e194fb-1-ps,crmid:1928802915,3,Travel Card,4,Business Loan
d1947592-4c72-11ea-a94f-b88a60e194fb-1-ps,crmid:4904144835,4,Simplicity Card,5,Student Loan
d195fc00-4c72-11ea-a07a-b88a60e194fb-1-ps,crmid:6550108239,4,Student Card,4,Business Loan
d196e68c-4c72-11ea-83c1-b88a60e194fb-1-ps,crmid:3537801440,3,Simplicity Card,3,Personal Loan
d1c9b602-4c72-11ea-a614-b88a60e194fb-1-ps,crmid:5210442120,5,Dividend Card,5,Personal Loan
d1caa064-4c72-11ea-9327-b88a60e194fb-1-ps,crmid:9140304427,4,Student Card,4,Personal Loan
d1cbb298-4c72-11ea-9f3c-b88a60e194fb-1-ps,crmid:2571922029,2,Student Card,8,Auto Loan
d1ccea50-4c72-11ea-8e87-b88a60e194fb-1-ps,crmid:9981930865,4,Rewards Card,3,Personal Loan
d1cdd4b4-4c72-11ea-bbd9-b88a60e194fb-1-ps,crmid:1243037549,5,Simplicity Card,3,Student Loan
d1ce9810-4c72-11ea-bb10-b88a60e194fb-1-ps,crmid:1629601759,4,Student Card,3,Personal Loan
d1cf828c-4c72-11ea-807f-b88a60e194fb-1-ps,crmid:4047268181,2,Platinum Card,2,Business Loan
d1fbe9e4-4c72-11ea-8521-b88a60e194fb-1-ps,crmid:6701080942,5,Simplicity Card,5,Personal Loan
d1fcae54-4c72-11ea-a233-b88a60e194fb-1-ps,crmid:9644062826,4,Travel Card,5,Personal Loan
d1fde592-4c72-11ea-9eb1-b88a60e194fb-1-ps,crmid:1466780822,5,Travel Card,2,Personal Loan
d1fecff0-4c72-11ea-95fc-b88a60e194fb-1-ps,crmid:1701814664,5,Business Card,5,Personal Loan
d1ffba1c-4c72-11ea-897a-b88a60e194fb-1-ps,crmid:5804061217,3,Platinum Card,3,Business Loan
d200cb94-4c72-11ea-8afa-b88a60e194fb-1-ps,crmid:5215231015,3,Rewards Card,4,Business Loan
d201b614-4c72-11ea-ba44-b88a60e194fb-1-ps,crmid:5620309170,3,Platinum Card,3,Student Loan
d232d80c-4c72-11ea-8702-b88a60e194fb-1-ps,crmid:6997429964,5,Simplicity Card,5,Personal Loan
d2345eba-4c72-11ea-bac6-b88a60e194fb-1-ps,crmid:1042378883,4,Travel Card,2,Personal Loan
d235496e-4c72-11ea-975b-b88a60e194fb-1-ps,crmid:9448732793,5,Rewards Card,5,Personal Loan
d236337e-4c72-11ea-a511-b88a60e194fb-1-ps,crmid:7961979179,3,Student Card,5,Business Loan
d2371dec-4c72-11ea-9a55-b88a60e194fb-1-ps,crmid:9346558989,4,Rewards Card,5,Student Loan
d237e124-4c72-11ea-87f8-b88a60e194fb-1-ps,crmid:8556095028,5,Business Card,3,Auto Loan
d238cb62-4c72-11ea-9654-b88a60e194fb-1-ps,crmid:2358965505,4,Dividend Card,2,Student Loan
d2666b40-4c72-11ea-a424-b88a60e194fb-1-ps,crmid:1375969252,4,Business Card,5,Student Loan
d267075c-4c72-11ea-8d39-b88a60e194fb-1-ps,crmid:6265991104,2,Platinum Card,4,Business Loan
d267cbb6-4c72-11ea-9c1a-b88a60e194fb-1-ps,crmid:4473250463,3,Student Card,5,Auto Loan
d268b506-4c72-11ea-97c5-b88a60e194fb-1-ps,crmid:3360639687,4,Business Card,5,Business Loan
d2695250-4c72-11ea-af9c-b88a60e194fb-1-ps,crmid:9625618285,3,Rewards Card,8,Personal Loan
d26a1490-4c72-11ea-bf79-b88a60e194fb-1-ps,crmid:4559536677,3,Travel Card,4,Business Loan
d26b260c-4c72-11ea-a292-b88a60e194fb-1-ps,crmid:7039653568,3,Rewards Card,2,Personal Loan
d296a2ee-4c72-11ea-83c2-b88a60e194fb-1-ps,crmid:4942320331,5,Platinum Card,6,Auto Loan
d2976608-4c72-11ea-b135-b88a60e194fb-1-ps,crmid:3298708609,4,Rewards Card,3,Auto Loan
d2982966-4c72-11ea-843b-b88a60e194fb-1-ps,crmid:9389765359,5,Simplicity Card,3,Auto Loan
d29988dc-4c72-11ea-a99a-b88a60e194fb-1-ps,crmid:4098264926,4,Travel Card,5,Auto Loan
d29a4c28-4c72-11ea-ba83-b88a60e194fb-1-ps,crmid:3957297983,10,Business Card,4,Personal Loan
d29b84c0-4c72-11ea-be44-b88a60e194fb-1-ps,crmid:4707361653,5,Simplicity Card,2,Personal Loan
d29c9636-4c72-11ea-a0e1-b88a60e194fb-1-ps,crmid:1699122163,6,Travel Card,2,Auto Loan
d2cb4764-4c72-11ea-96be-b88a60e194fb-1-ps,crmid:8631357492,3,Platinum Card,5,Auto Loan
d2cc31d0-4c72-11ea-8989-b88a60e194fb-1-ps,crmid:4700033999,4,Rewards Card,4,Student Loan
d2ccf502-4c72-11ea-b5b0-b88a60e194fb-1-ps,crmid:5184070989,6,Dividend Card,4,Personal Loan
d2cde024-4c72-11ea-af1d-b88a60e194fb-1-ps,crmid:7414961550,4,Rewards Card,5,Auto Loan
d2cec9c6-4c72-11ea-8398-b88a60e194fb-1-ps,crmid:9045417427,7,Student Card,4,Personal Loan
d2cf8d0c-4c72-11ea-bd18-b88a60e194fb-1-ps,crmid:4293331871,4,Student Card,4,Auto Loan
d2d05152-4c72-11ea-af22-b88a60e194fb-1-ps,crmid:7641181935,5,Rewards Card,2,Personal Loan
d3012446-4c72-11ea-899b-b88a60e194fb-1-ps,crmid:3668049351,3,Rewards Card,4,Personal Loan
d3020eb6-4c72-11ea-b86c-b88a60e194fb-1-ps,crmid:6398486810,4,Student Card,3,Student Loan
d302f910-4c72-11ea-aa9b-b88a60e194fb-1-ps,crmid:2254556626,4,Platinum Card,4,Auto Loan
d3040a5a-4c72-11ea-926f-b88a60e194fb-1-ps,crmid:2811401478,6,Platinum Card,4,Auto Loan
d304ceec-4c72-11ea-b454-b88a60e194fb-1-ps,crmid:2058106275,4,Simplicity Card,7,Student Loan
d305920a-4c72-11ea-a243-b88a60e194fb-1-ps,crmid:9907016642,3,Rewards Card,3,Business Loan
d306a2a6-4c72-11ea-b0e1-b88a60e194fb-1-ps,crmid:6418924235,5,Rewards Card,5,Business Loan
d334901a-4c72-11ea-8a68-b88a60e194fb-1-ps,crmid:1833420394,4,Business Card,3,Personal Loan
d3355434-4c72-11ea-841b-b88a60e194fb-1-ps,crmid:6775376495,2,Simplicity Card,10,Student Loan
d3361702-4c72-11ea-9af6-b88a60e194fb-1-ps,crmid:6795293207,4,Student Card,9,Personal Loan
d337011c-4c72-11ea-a3ec-b88a60e194fb-1-ps,crmid:9839725781,4,Rewards Card,4,Personal Loan
d33839f6-4c72-11ea-8255-b88a60e194fb-1-ps,crmid:9701758210,5,Student Card,2,Auto Loan
d3392414-4c72-11ea-ae5c-b88a60e194fb-1-ps,crmid:6469777563,5,Rewards Card,4,Personal Loan
d339e8a6-4c72-11ea-8f90-b88a60e194fb-1-ps,crmid:6434012680,5,Student Card,3,Student Loan
d36dc89c-4c72-11ea-bdf2-b88a60e194fb-1-ps,crmid:8607138789,4,Student Card,4,Auto Loan
d36edab6-4c72-11ea-b49c-b88a60e194fb-1-ps,crmid:7277760371,6,Dividend Card,3,Auto Loan
d36fc4da-4c72-11ea-9a25-b88a60e194fb-1-ps,crmid:3627577383,3,Travel Card,4,Personal Loan
d370aea8-4c72-11ea-8e80-b88a60e194fb-1-ps,crmid:8151419192,3,Platinum Card,3,Auto Loan
d371e7da-4c72-11ea-8ec3-b88a60e194fb-1-ps,crmid:4418934611,4,Rewards Card,5,Student Loan
d3732048-4c72-11ea-b92a-b88a60e194fb-1-ps,crmid:4211923392,4,Travel Card,5,Personal Loan
d3747f80-4c72-11ea-b1ae-b88a60e194fb-1-ps,crmid:1354979112,4,Dividend Card,3,Student Loan
d3a5a146-4c72-11ea-91d9-b88a60e194fb-1-ps,crmid:3065906278,5,Student Card,4,Business Loan
d3a664ac-4c72-11ea-9938-b88a60e194fb-1-ps,crmid:5994266743,4,Dividend Card,7,Personal Loan
d3a7507a-4c72-11ea-a2b6-b88a60e194fb-1-ps,crmid:5685947612,4,Student Card,3,Personal Loan
d3a812ca-4c72-11ea-8341-b88a60e194fb-1-ps,crmid:9713010434,5,Travel Card,3,Student Loan
d3a94ae4-4c72-11ea-b0cf-b88a60e194fb-1-ps,crmid:5060945495,2,Rewards Card,5,Student Loan
d3aaaa62-4c72-11ea-b455-b88a60e194fb-1-ps,crmid:1165966019,3,Student Card,4,Auto Loan
d3abbbf0-4c72-11ea-967d-b88a60e194fb-1-ps,crmid:4559523548,3,Dividend Card,3,Personal Loan
d3da1ec6-4c72-11ea-9560-b88a60e194fb-1-ps,crmid:5452971282,4,Simplicity Card,6,Personal Loan
d3db0aa6-4c72-11ea-989b-b88a60e194fb-1-ps,crmid:1354931991,5,Rewards Card,4,Business Loan
d3dc1c00-4c72-11ea-8674-b88a60e194fb-1-ps,crmid:2870088646,5,Business Card,3,Auto Loan
d3dd066c-4c72-11ea-b42d-b88a60e194fb-1-ps,crmid:2525369779,4,Business Card,4,Auto Loan
d3de1680-4c72-11ea-a73a-b88a60e194fb-1-ps,crmid:4483120063,2,Travel Card,3,Personal Loan
d3df00f4-4c72-11ea-91e7-b88a60e194fb-1-ps,crmid:7183889187,2,Simplicity Card,5,Business Loan
d3dfc442-4c72-11ea-a6a8-b88a60e194fb-1-ps,crmid:3240968544,3,Rewards Card,4,Personal Loan
d422c058-4c72-11ea-971d-b88a60e194fb-1-ps,crmid:3474123849,3,Business Card,3,Auto Loan
d423aac6-4c72-11ea-9812-b88a60e194fb-1-ps,crmid:1238386799,4,Simplicity Card,4,Business Loan
d424951a-4c72-11ea-a6e3-b88a60e194fb-1-ps,crmid:9104227536,5,Business Card,3,Personal Loan
d425a6ba-4c72-11ea-940f-b88a60e194fb-1-ps,crmid:6964865202,5,Platinum Card,3,Personal Loan
d42690f0-4c72-11ea-bb8e-b88a60e194fb-1-ps,crmid:4047268181,3,Travel Card,5,Personal Loan
d4275446-4c72-11ea-abce-b88a60e194fb-1-ps,crmid:1289728650,3,Simplicity Card,4,Personal Loan
d42865a6-4c72-11ea-ad94-b88a60e194fb-1-ps,crmid:2437152338,5,Business Card,8,Personal Loan
d45960e4-4c72-11ea-829c-b88a60e194fb-1-ps,crmid:8309623294,4,Rewards Card,7,Personal Loan
d45ae768-4c72-11ea-9318-b88a60e194fb-1-ps,crmid:2906573726,5,Student Card,7,Personal Loan
d45c226e-4c72-11ea-aad6-b88a60e194fb-1-ps,crmid:9628897910,4,Simplicity Card,9,Personal Loan
d45da6a2-4c72-11ea-b6c0-b88a60e194fb-1-ps,crmid:2965452854,3,Dividend Card,3,Personal Loan
d45f2d12-4c72-11ea-924e-b88a60e194fb-1-ps,crmid:6857397596,5,Business Card,5,Personal Loan
d460daca-4c72-11ea-98e9-b88a60e194fb-1-ps,crmid:9296969427,4,Travel Card,3,Personal Loan
d462fda8-4c72-11ea-9091-b88a60e194fb-1-ps,crmid:4959768731,4,Dividend Card,2,Auto Loan
d4a97c74-4c72-11ea-85eb-b88a60e194fb-1-ps,crmid:2124188436,5,Business Card,3,Personal Loan
d4ab2a1c-4c72-11ea-84f1-b88a60e194fb-1-ps,crmid:2846945394,3,Simplicity Card,4,Business Loan
d4acd7e4-4c72-11ea-b519-b88a60e194fb-1-ps,crmid:1744845406,5,Platinum Card,4,Personal Loan
d4aeac9a-4c72-11ea-8cde-b88a60e194fb-1-ps,crmid:8035985775,3,Student Card,2,Auto Loan
d4b05a52-4c72-11ea-a936-b88a60e194fb-1-ps,crmid:4540280157,5,Business Card,5,Business Loan
d4b2561a-4c72-11ea-b079-b88a60e194fb-1-ps,crmid:5822504890,3,Platinum Card,4,Personal Loan
d4b4ee28-4c72-11ea-9225-b88a60e194fb-1-ps,crmid:1065005134,6,Business Card,5,Business Loan
d4f57964-4c72-11ea-ac86-b88a60e194fb-1-ps,crmid:7265974529,2,Travel Card,2,Auto Loan
d4f6b1f8-4c72-11ea-af79-b88a60e194fb-1-ps,crmid:6796797532,4,Dividend Card,5,Personal Loan
d4f8119c-4c72-11ea-8e59-b88a60e194fb-1-ps,crmid:3126565664,3,Travel Card,5,Student Loan
d4f94a06-4c72-11ea-b067-b88a60e194fb-1-ps,crmid:9628902176,2,Dividend Card,5,Personal Loan
d4fa3468-4c72-11ea-bca9-b88a60e194fb-1-ps,crmid:7356172377,4,Travel Card,3,Business Loan
d4fb6cde-4c72-11ea-afc5-b88a60e194fb-1-ps,crmid:3621100355,4,Rewards Card,5,Student Loan
d4fca5da-4c72-11ea-a2cc-b88a60e194fb-1-ps,crmid:1959245558,4,Simplicity Card,5,Business Loan
d53149e8-4c72-11ea-82e8-b88a60e194fb-1-ps,crmid:2839743085,2,Dividend Card,5,Auto Loan
d5323442-4c72-11ea-90bb-b88a60e194fb-1-ps,crmid:8000649903,4,Student Card,4,Personal Loan
d532f780-4c72-11ea-9629-b88a60e194fb-1-ps,crmid:5705032138,4,Travel Card,5,Personal Loan
d5340924-4c72-11ea-ac46-b88a60e194fb-1-ps,crmid:4356109168,3,Platinum Card,5,Personal Loan
d534f378-4c72-11ea-bb32-b88a60e194fb-1-ps,crmid:1232893015,3,Rewards Card,4,Business Loan
d535b700-4c72-11ea-af3d-b88a60e194fb-1-ps,crmid:4121847655,5,Platinum Card,4,Business Loan
d536a110-4c72-11ea-8b0a-b88a60e194fb-1-ps,crmid:1771610730,6,Student Card,4,Personal Loan
d568ada4-4c72-11ea-9da7-b88a60e194fb-1-ps,crmid:9577504415,4,Dividend Card,2,Student Loan
d569991c-4c72-11ea-bc41-b88a60e194fb-1-ps,crmid:7194630963,4,Student Card,4,Personal Loan
d56a8354-4c72-11ea-a0ab-b88a60e194fb-1-ps,crmid:6637017095,4,Travel Card,9,Student Loan
d56b946e-4c72-11ea-b28e-b88a60e194fb-1-ps,crmid:2060828100,4,Student Card,4,Personal Loan
d56ca530-4c72-11ea-822f-b88a60e194fb-1-ps,crmid:5535524577,3,Platinum Card,3,Auto Loan
d56db6da-4c72-11ea-8c3b-b88a60e194fb-1-ps,crmid:9388647142,5,Dividend Card,3,Student Loan
d56ea11c-4c72-11ea-a7c2-b88a60e194fb-1-ps,crmid:6432410608,8,Business Card,4,Personal Loan
d5a0384a-4c72-11ea-aed9-b88a60e194fb-1-ps,crmid:2559383094,3,Rewards Card,4,Personal Loan
d5a14a14-4c72-11ea-9c39-b88a60e194fb-1-ps,crmid:2195038851,4,Business Card,5,Auto Loan
d5a25b4a-4c72-11ea-b4e8-b88a60e194fb-1-ps,crmid:9072931574,4,Simplicity Card,7,Business Loan
d5a39390-4c72-11ea-830d-b88a60e194fb-1-ps,crmid:2905586394,3,Simplicity Card,5,Personal Loan
d5a4f33a-4c72-11ea-ac62-b88a60e194fb-1-ps,crmid:1189884623,3,Dividend Card,3,Auto Loan
d5a679b4-4c72-11ea-8d87-b88a60e194fb-1-ps,crmid:8452458402,2,Simplicity Card,4,Student Loan
d5a73cfa-4c72-11ea-ba3b-b88a60e194fb-1-ps,crmid:9088995411,4,Platinum Card,4,Student Loan
d5d997c0-4c72-11ea-9d78-b88a60e194fb-1-ps,crmid:1982693038,4,Business Card,4,Personal Loan
d5daa936-4c72-11ea-ac42-b88a60e194fb-1-ps,crmid:4020902391,5,Platinum Card,3,Personal Loan
d5dc0900-4c72-11ea-bf09-b88a60e194fb-1-ps,crmid:8763328697,3,Simplicity Card,7,Business Loan
d5dd4140-4c72-11ea-8f89-b88a60e194fb-1-ps,crmid:4600923846,3,Dividend Card,4,Auto Loan
d5de7998-4c72-11ea-9939-b88a60e194fb-1-ps,crmid:6001901945,6,Travel Card,3,Personal Loan
d5dfb2dc-4c72-11ea-8786-b88a60e194fb-1-ps,crmid:6389180425,4,Dividend Card,2,Personal Loan
d5e09c70-4c72-11ea-ad88-b88a60e194fb-1-ps,crmid:7112817342,3,Rewards Card,7,Business Loan
d614a4ee-4c72-11ea-9f24-b88a60e194fb-1-ps,crmid:1845033212,4,Dividend Card,4,Auto Loan
d6159066-4c72-11ea-b915-b88a60e194fb-1-ps,crmid:6734517319,4,Student Card,4,Auto Loan
d6167a86-4c72-11ea-bb0e-b88a60e194fb-1-ps,crmid:5098149680,5,Student Card,2,Personal Loan
d6173ce2-4c72-11ea-a15f-b88a60e194fb-1-ps,crmid:4363775221,3,Business Card,4,Auto Loan
d6182754-4c72-11ea-adca-b88a60e194fb-1-ps,crmid:2713743370,4,Dividend Card,9,Personal Loan
d6191194-4c72-11ea-b35e-b88a60e194fb-1-ps,crmid:5830430736,5,Dividend Card,5,Auto Loan
d619add2-4c72-11ea-a48b-b88a60e194fb-1-ps,crmid:2754488717,3,Travel Card,8,Personal Loan
d64e03fe-4c72-11ea-81af-b88a60e194fb-1-ps,crmid:1704290464,3,Platinum Card,4,Auto Loan
d64eef18-4c72-11ea-8e4a-b88a60e194fb-1-ps,crmid:3779628487,4,Student Card,3,Auto Loan
d6500018-4c72-11ea-badf-b88a60e194fb-1-ps,crmid:2962520018,1,Business Card,5,Personal Loan
d650ea34-4c72-11ea-a06a-b88a60e194fb-1-ps,crmid:9780777317,5,Student Card,3,Auto Loan
d651d48c-4c72-11ea-a9b6-b88a60e194fb-1-ps,crmid:6186823873,3,Travel Card,4,Auto Loan
d6530d52-4c72-11ea-9a21-b88a60e194fb-1-ps,crmid:3074780801,3,Business Card,5,Personal Loan
d653f790-4c72-11ea-a6f8-b88a60e194fb-1-ps,crmid:2403689572,4,Business Card,4,Business Loan
d684f2ee-4c72-11ea-a929-b88a60e194fb-1-ps,crmid:1725267042,6,Platinum Card,4,Personal Loan
d686521a-4c72-11ea-b422-b88a60e194fb-1-ps,crmid:8610533639,5,Rewards Card,4,Auto Loan
d687b1cc-4c72-11ea-8331-b88a60e194fb-1-ps,crmid:7840134556,5,Dividend Card,4,Student Loan
d688eb1e-4c72-11ea-b1eb-b88a60e194fb-1-ps,crmid:3065906278,4,Travel Card,2,Personal Loan
d689ad74-4c72-11ea-a2a8-b88a60e194fb-1-ps,crmid:3557462621,4,Business Card,6,Business Loan
d68abeee-4c72-11ea-9436-b88a60e194fb-1-ps,crmid:4331456236,4,Rewards Card,3,Business Loan
d68b8226-4c72-11ea-bb3f-b88a60e194fb-1-ps,crmid:7662441887,4,Simplicity Card,4,Business Loan
d6b63bc6-4c72-11ea-a5f1-b88a60e194fb-1-ps,crmid:7324760858,5,Dividend Card,3,Student Loan
d6b74e92-4c72-11ea-8fc6-b88a60e194fb-1-ps,crmid:3956370739,5,Dividend Card,2,Auto Loan
d6b7eaac-4c72-11ea-9051-b88a60e194fb-1-ps,crmid:4025571549,4,Simplicity Card,9,Personal Loan
d6b8fade-4c72-11ea-805f-b88a60e194fb-1-ps,crmid:6527946204,4,Dividend Card,3,Personal Loan
d6b9bf58-4c72-11ea-90e4-b88a60e194fb-1-ps,crmid:2583624917,4,Rewards Card,3,Student Loan
d6ba82d8-4c72-11ea-8be8-b88a60e194fb-1-ps,crmid:1538533978,5,Business Card,5,Student Loan
d6bb6bd2-4c72-11ea-ad53-b88a60e194fb-1-ps,crmid:7217401234,3,Simplicity Card,5,Student Loan
d6e9326e-4c72-11ea-96d1-b88a60e194fb-1-ps,crmid:5771026991,8,Rewards Card,5,Personal Loan
d6e9f5be-4c72-11ea-aec5-b88a60e194fb-1-ps,crmid:8262222828,4,Student Card,9,Auto Loan
d6eae1a4-4c72-11ea-9428-b88a60e194fb-1-ps,crmid:8897640722,4,Dividend Card,2,Personal Loan
d6eba386-4c72-11ea-a16b-b88a60e194fb-1-ps,crmid:1074988065,3,Student Card,4,Auto Loan
d6ec6818-4c72-11ea-a3b5-b88a60e194fb-1-ps,crmid:8204503975,5,Rewards Card,4,Auto Loan
d6ed5136-4c72-11ea-9966-b88a60e194fb-1-ps,crmid:3830411019,4,Rewards Card,4,Business Loan
d6ee3ba4-4c72-11ea-9aff-b88a60e194fb-1-ps,crmid:8269241277,6,Rewards Card,3,Auto Loan
d71c0276-4c72-11ea-98e2-b88a60e194fb-1-ps,crmid:1007640373,5,Student Card,6,Auto Loan
d71d1398-4c72-11ea-867d-b88a60e194fb-1-ps,crmid:3537281529,4,Dividend Card,4,Personal Loan
d71e9a62-4c72-11ea-b34a-b88a60e194fb-1-ps,crmid:8402064364,4,Rewards Card,3,Auto Loan
d71ff9fa-4c72-11ea-947a-b88a60e194fb-1-ps,crmid:8109157706,5,Student Card,3,Auto Loan
d72159fe-4c72-11ea-8d66-b88a60e194fb-1-ps,crmid:5837641667,5,Student Card,3,Student Loan
d722451e-4c72-11ea-8228-b88a60e194fb-1-ps,crmid:4658306111,3,Business Card,5,Auto Loan
d723ca4a-4c72-11ea-870b-b88a60e194fb-1-ps,crmid:4454532291,4,Student Card,3,Personal Loan
d754ed18-4c72-11ea-8e59-b88a60e194fb-1-ps,crmid:7645466163,4,Student Card,4,Auto Loan
d755fdee-4c72-11ea-b64c-b88a60e194fb-1-ps,crmid:1328692682,4,Business Card,3,Auto Loan
d756e852-4c72-11ea-90ca-b88a60e194fb-1-ps,crmid:2549516575,5,Rewards Card,3,Business Loan
d757d39e-4c72-11ea-b0a1-b88a60e194fb-1-ps,crmid:2387894012,4,Business Card,6,Student Loan
d758967a-4c72-11ea-9ee3-b88a60e194fb-1-ps,crmid:2644958505,4,Travel Card,4,Student Loan
d759804a-4c72-11ea-8f4d-b88a60e194fb-1-ps,crmid:6063816784,3,Rewards Card,5,Personal Loan
d75a4386-4c72-11ea-a1c0-b88a60e194fb-1-ps,crmid:7626583456,2,Rewards Card,5,Auto Loan
d789b812-4c72-11ea-8ce2-b88a60e194fb-1-ps,crmid:4497079454,3,Rewards Card,5,Auto Loan
d78a7cac-4c72-11ea-ab2a-b88a60e194fb-1-ps,crmid:7448824618,5,Platinum Card,6,Personal Loan
d78b6714-4c72-11ea-b375-b88a60e194fb-1-ps,crmid:4728119136,4,Travel Card,3,Business Loan
d78c5036-4c72-11ea-87d3-b88a60e194fb-1-ps,crmid:6196254601,3,Business Card,3,Auto Loan
d78d618c-4c72-11ea-bb31-b88a60e194fb-1-ps,crmid:5700762363,5,Travel Card,5,Student Loan
d78e9a1c-4c72-11ea-9e51-b88a60e194fb-1-ps,crmid:6986886281,5,Business Card,4,Personal Loan
d78f858a-4c72-11ea-b036-b88a60e194fb-1-ps,crmid:2060433660,4,Student Card,3,Student Loan
d7c190e6-4c72-11ea-bb81-b88a60e194fb-1-ps,crmid:9832045716,3,Travel Card,4,Business Loan
d7c25434-4c72-11ea-8d0c-b88a60e194fb-1-ps,crmid:4188862758,5,Dividend Card,4,Personal Loan
d7c33f1c-4c72-11ea-8929-b88a60e194fb-1-ps,crmid:1266756735,3,Travel Card,7,Personal Loan
d7c42a36-4c72-11ea-b599-b88a60e194fb-1-ps,crmid:8669855645,4,Student Card,9,Personal Loan
d7c4ec36-4c72-11ea-9709-b88a60e194fb-1-ps,crmid:2965798235,5,Travel Card,5,Personal Loan
d7c5af8c-4c72-11ea-a2ac-b88a60e194fb-1-ps,crmid:4959768731,5,Business Card,3,Auto Loan
d7c6c0e8-4c72-11ea-8b14-b88a60e194fb-1-ps,crmid:5282313800,4,Platinum Card,3,Personal Loan
d7f4d5c6-4c72-11ea-996e-b88a60e194fb-1-ps,crmid:6550108239,3,Travel Card,3,Personal Loan
d7f59a8a-4c72-11ea-9372-b88a60e194fb-1-ps,crmid:8233226412,3,Student Card,6,Personal Loan
d7f683fa-4c72-11ea-ae35-b88a60e194fb-1-ps,crmid:6251605121,3,Student Card,4,Auto Loan
d7f746d8-4c72-11ea-8194-b88a60e194fb-1-ps,crmid:6837242303,4,Student Card,3,Business Loan
d7f83126-4c72-11ea-b15f-b88a60e194fb-1-ps,crmid:7999425370,4,Rewards Card,2,Business Loan
d7f8f590-4c72-11ea-836a-b88a60e194fb-1-ps,crmid:7536398980,5,Travel Card,4,Auto Loan
d7f9e066-4c72-11ea-a52e-b88a60e194fb-1-ps,crmid:4280446399,4,Platinum Card,5,Personal Loan
d829a162-4c72-11ea-8cd2-b88a60e194fb-1-ps,crmid:9788533756,5,Business Card,8,Auto Loan
d82a8b9a-4c72-11ea-874e-b88a60e194fb-1-ps,crmid:8851355401,4,Platinum Card,8,Business Loan
d82b4f1a-4c72-11ea-a07b-b88a60e194fb-1-ps,crmid:6972255147,3,Business Card,5,Business Loan
d82c396e-4c72-11ea-9001-b88a60e194fb-1-ps,crmid:6321335722,2,Simplicity Card,2,Student Loan
d82d251e-4c72-11ea-8e38-b88a60e194fb-1-ps,crmid:5713602582,3,Travel Card,2,Business Loan
d82de718-4c72-11ea-ab08-b88a60e194fb-1-ps,crmid:1681096306,3,Business Card,3,Personal Loan
d82eaa70-4c72-11ea-a941-b88a60e194fb-1-ps,crmid:1674453637,4,Rewards Card,4,Student Loan
d85e474a-4c72-11ea-ac12-b88a60e194fb-1-ps,crmid:6292577431,4,Platinum Card,4,Student Loan
d85f3046-4c72-11ea-a791-b88a60e194fb-1-ps,crmid:8088636317,4,Simplicity Card,3,Personal Loan
d85ff380-4c72-11ea-bc39-b88a60e194fb-1-ps,crmid:3543285520,5,Business Card,4,Personal Loan
d8608fbe-4c72-11ea-8383-b88a60e194fb-1-ps,crmid:7937853335,5,Platinum Card,5,Business Loan
d861a146-4c72-11ea-a21e-b88a60e194fb-1-ps,crmid:4179044841,5,Student Card,4,Student Loan
d862e598-4c72-11ea-b436-b88a60e194fb-1-ps,crmid:4736491069,3,Platinum Card,3,Personal Loan
d863eb28-4c72-11ea-a591-b88a60e194fb-1-ps,crmid:8589270901,4,Platinum Card,5,Personal Loan
d8918b28-4c72-11ea-a5ef-b88a60e194fb-1-ps,crmid:7551345073,4,Dividend Card,4,Auto Loan
d8927536-4c72-11ea-aa06-b88a60e194fb-1-ps,crmid:9598867257,1,Rewards Card,5,Personal Loan
d8933886-4c72-11ea-83d5-b88a60e194fb-1-ps,crmid:7898490312,4,Platinum Card,4,Student Loan
d893fd00-4c72-11ea-a303-b88a60e194fb-1-ps,crmid:2344640120,4,Student Card,8,Student Loan
d894c070-4c72-11ea-a598-b88a60e194fb-1-ps,crmid:5027554861,4,Student Card,4,Personal Loan
d895831c-4c72-11ea-b9ef-b88a60e194fb-1-ps,crmid:5267052588,3,Platinum Card,4,Personal Loan
d8966cc0-4c72-11ea-8faf-b88a60e194fb-1-ps,crmid:1243270038,4,Student Card,4,Personal Loan
d8c7198a-4c72-11ea-91cb-b88a60e194fb-1-ps,crmid:4559523548,5,Business Card,6,Student Loan
d8c82b36-4c72-11ea-b7ab-b88a60e194fb-1-ps,crmid:7954802681,4,Dividend Card,4,Personal Loan
d8c91564-4c72-11ea-81e3-b88a60e194fb-1-ps,crmid:9046082325,4,Business Card,5,Personal Loan
d8c9d8ae-4c72-11ea-9c34-b88a60e194fb-1-ps,crmid:7409501174,4,Rewards Card,10,Auto Loan
d8cac2ee-4c72-11ea-9e62-b88a60e194fb-1-ps,crmid:6411157218,5,Platinum Card,3,Personal Loan
d8cbd47a-4c72-11ea-bac6-b88a60e194fb-1-ps,crmid:4225172051,4,Travel Card,4,Personal Loan
d8cc97c6-4c72-11ea-bf2a-b88a60e194fb-1-ps,crmid:4012470988,6,Travel Card,4,Personal Loan
d8fd4646-4c72-11ea-94ba-b88a60e194fb-1-ps,crmid:6440897134,5,Simplicity Card,4,Auto Loan
d8fe2fb8-4c72-11ea-890a-b88a60e194fb-1-ps,crmid:1056337066,4,Platinum Card,4,Student Loan
d8ff1974-4c72-11ea-a736-b88a60e194fb-1-ps,crmid:5536530816,3,Business Card,9,Student Loan
d8ffdcc8-4c72-11ea-8c6a-b88a60e194fb-1-ps,crmid:3013226718,4,Platinum Card,4,Personal Loan
d9007906-4c72-11ea-882a-b88a60e194fb-1-ps,crmid:3754753816,3,Simplicity Card,5,Auto Loan
d901b162-4c72-11ea-a377-b88a60e194fb-1-ps,crmid:4842625887,6,Dividend Card,4,Student Loan
d90274f4-4c72-11ea-bea6-b88a60e194fb-1-ps,crmid:1786786558,5,Student Card,2,Personal Loan
d93371e8-4c72-11ea-bb65-b88a60e194fb-1-ps,crmid:9531526753,4,Rewards Card,6,Business Loan
d93433b8-4c72-11ea-bbc7-b88a60e194fb-1-ps,crmid:7972412750,4,Rewards Card,5,Student Loan
d9351dda-4c72-11ea-a157-b88a60e194fb-1-ps,crmid:1100973196,4,Platinum Card,5,Personal Loan
d93607f0-4c72-11ea-acb0-b88a60e194fb-1-ps,crmid:9498114849,3,Business Card,4,Personal Loan
d937197a-4c72-11ea-a7ba-b88a60e194fb-1-ps,crmid:8786997497,5,Travel Card,2,Personal Loan
d93803b4-4c72-11ea-b178-b88a60e194fb-1-ps,crmid:5292426812,5,Business Card,5,Business Loan
d938c712-4c72-11ea-a882-b88a60e194fb-1-ps,crmid:5617905311,4,Business Card,5,Business Loan
d9681482-4c72-11ea-9b54-b88a60e194fb-1-ps,crmid:6430714775,4,Business Card,4,Auto Loan
d96925b8-4c72-11ea-b07b-b88a60e194fb-1-ps,crmid:6064551580,3,Travel Card,4,Personal Loan
d96a1024-4c72-11ea-8b95-b88a60e194fb-1-ps,crmid:3930995625,5,Dividend Card,5,Personal Loan
d96afa94-4c72-11ea-a24f-b88a60e194fb-1-ps,crmid:4607707568,4,Travel Card,4,Personal Loan
d96bbf24-4c72-11ea-82e1-b88a60e194fb-1-ps,crmid:4189408347,3,Dividend Card,5,Student Loan
d96cf638-4c72-11ea-af64-b88a60e194fb-1-ps,crmid:9675865380,4,Simplicity Card,5,Business Loan
d96e07cc-4c72-11ea-aefb-b88a60e194fb-1-ps,crmid:6495628401,6,Rewards Card,4,Auto Loan
d99f29ba-4c72-11ea-8f4a-b88a60e194fb-1-ps,crmid:9920053123,4,Rewards Card,4,Business Loan
d99fed08-4c72-11ea-8377-b88a60e194fb-1-ps,crmid:8452458402,5,Student Card,3,Business Loan
d9a0d8c6-4c72-11ea-83f0-b88a60e194fb-1-ps,crmid:4396580685,8,Rewards Card,4,Business Loan
d9a1c354-4c72-11ea-8c9b-b88a60e194fb-1-ps,crmid:9421997609,4,Business Card,8,Personal Loan
d9a28674-4c72-11ea-b625-b88a60e194fb-1-ps,crmid:2622029584,4,Dividend Card,4,Personal Loan
d9a36f94-4c72-11ea-b815-b88a60e194fb-1-ps,crmid:7382371899,6,Dividend Card,5,Personal Loan
d9a45b00-4c72-11ea-a1a9-b88a60e194fb-1-ps,crmid:7764936057,3,Travel Card,4,Auto Loan
d9d1363a-4c72-11ea-a77d-b88a60e194fb-1-ps,crmid:3930308594,3,Travel Card,3,Personal Loan
d9d1fae2-4c72-11ea-ab0d-b88a60e194fb-1-ps,crmid:9518792287,4,Rewards Card,4,Personal Loan
d9d2be24-4c72-11ea-aab4-b88a60e194fb-1-ps,crmid:8386574733,2,Student Card,6,Personal Loan
d9d3a748-4c72-11ea-9832-b88a60e194fb-1-ps,crmid:4521315467,3,Business Card,3,Business Loan
d9d49306-4c72-11ea-bcc0-b88a60e194fb-1-ps,crmid:5474922961,3,Simplicity Card,5,Auto Loan
d9d55658-4c72-11ea-8a16-b88a60e194fb-1-ps,crmid:2875265743,3,Travel Card,6,Personal Loan
d9d63f54-4c72-11ea-99df-b88a60e194fb-1-ps,crmid:4558233769,4,Business Card,4,Student Loan
da07d662-4c72-11ea-b602-b88a60e194fb-1-ps,crmid:4588027009,4,Travel Card,4,Personal Loan
da090eec-4c72-11ea-95a0-b88a60e194fb-1-ps,crmid:1375007400,3,Travel Card,9,Personal Loan
da0a475c-4c72-11ea-bdfa-b88a60e194fb-1-ps,crmid:1893648660,4,Business Card,2,Student Loan
da0b31b6-4c72-11ea-aefb-b88a60e194fb-1-ps,crmid:1174694089,5,Rewards Card,4,Personal Loan
da0c6a58-4c72-11ea-8df8-b88a60e194fb-1-ps,crmid:9959553871,4,Student Card,2,Student Loan
da0d2dac-4c72-11ea-b1cf-b88a60e194fb-1-ps,crmid:6265184286,5,Business Card,4,Personal Loan
da0df15e-4c72-11ea-81ee-b88a60e194fb-1-ps,crmid:1555966387,4,Business Card,4,Student Loan
da40c09a-4c72-11ea-bd98-b88a60e194fb-1-ps,crmid:6600213811,6,Rewards Card,4,Auto Loan
da418400-4c72-11ea-81bb-b88a60e194fb-1-ps,crmid:4745902470,4,Travel Card,6,Auto Loan
da4248a4-4c72-11ea-a045-b88a60e194fb-1-ps,crmid:3179731723,4,Business Card,9,Personal Loan
da430ad2-4c72-11ea-87f0-b88a60e194fb-1-ps,crmid:2784277514,5,Travel Card,5,Business Loan
da441c06-4c72-11ea-8926-b88a60e194fb-1-ps,crmid:9096325153,4,Rewards Card,3,Personal Loan
da44e034-4c72-11ea-8432-b88a60e194fb-1-ps,crmid:3422416080,5,Student Card,4,Personal Loan
da45c9d2-4c72-11ea-ac42-b88a60e194fb-1-ps,crmid:9552317008,5,Travel Card,3,Auto Loan
da758d9a-4c72-11ea-8add-b88a60e194fb-1-ps,crmid:9212789675,4,Travel Card,5,Personal Loan
da764fb6-4c72-11ea-82cd-b88a60e194fb-1-ps,crmid:6778083316,5,Dividend Card,4,Personal Loan
da7712fe-4c72-11ea-8854-b88a60e194fb-1-ps,crmid:2588711828,5,Business Card,2,Personal Loan
da782452-4c72-11ea-a744-b88a60e194fb-1-ps,crmid:9802635372,5,Simplicity Card,4,Personal Loan
da790e9e-4c72-11ea-9555-b88a60e194fb-1-ps,crmid:5910392380,4,Student Card,5,Auto Loan
da7a47ac-4c72-11ea-a7b9-b88a60e194fb-1-ps,crmid:8889439256,5,Dividend Card,3,Student Loan
da7b0bda-4c72-11ea-9c37-b88a60e194fb-1-ps,crmid:1890845698,5,Business Card,2,Personal Loan
daac7ab0-4c72-11ea-8f50-b88a60e194fb-1-ps,crmid:9938911478,4,Student Card,5,Student Loan
daad8c2e-4c72-11ea-8d1b-b88a60e194fb-1-ps,crmid:8523231132,5,Travel Card,4,Auto Loan
daae50ba-4c72-11ea-b30b-b88a60e194fb-1-ps,crmid:1344031488,6,Rewards Card,4,Business Loan
daaf60ee-4c72-11ea-8d13-b88a60e194fb-1-ps,crmid:6969599050,4,Student Card,5,Personal Loan
dab04b8a-4c72-11ea-aa3e-b88a60e194fb-1-ps,crmid:5146894340,5,Travel Card,7,Personal Loan
dab10fb4-4c72-11ea-85c1-b88a60e194fb-1-ps,crmid:7369193986,5,Travel Card,2,Business Loan
dab1fa54-4c72-11ea-8abf-b88a60e194fb-1-ps,crmid:9870678143,4,Dividend Card,4,Business Loan
dae4c890-4c72-11ea-a864-b88a60e194fb-1-ps,crmid:6911488460,4,Travel Card,4,Auto Loan
dae58c22-4c72-11ea-95d7-b88a60e194fb-1-ps,crmid:2384329667,4,Simplicity Card,3,Personal Loan
dae64f24-4c72-11ea-a8f4-b88a60e194fb-1-ps,crmid:2807439041,6,Simplicity Card,4,Auto Loan
dae76098-4c72-11ea-b10b-b88a60e194fb-1-ps,crmid:6624180197,4,Student Card,3,Business Loan
dae84b7e-4c72-11ea-b016-b88a60e194fb-1-ps,crmid:7749345970,4,Platinum Card,4,Business Loan
dae90e68-4c72-11ea-9d36-b88a60e194fb-1-ps,crmid:2161863729,3,Travel Card,7,Business Loan
daea1fd2-4c72-11ea-870f-b88a60e194fb-1-ps,crmid:5445065027,4,Simplicity Card,6,Student Loan
db1af3c2-4c72-11ea-a03f-b88a60e194fb-1-ps,crmid:7427300091,4,Rewards Card,4,Personal Loan
db1b9168-4c72-11ea-b304-b88a60e194fb-1-ps,crmid:3010706981,4,Student Card,5,Auto Loan
db1ca16e-4c72-11ea-9d89-b88a60e194fb-1-ps,crmid:6530425176,8,Platinum Card,2,Personal Loan
db1d6658-4c72-11ea-ab70-b88a60e194fb-1-ps,crmid:6556314931,4,Rewards Card,5,Auto Loan
db1e4f34-4c72-11ea-bb17-b88a60e194fb-1-ps,crmid:8123650199,4,Platinum Card,4,Personal Loan
db1ffdd8-4c72-11ea-b135-b88a60e194fb-1-ps,crmid:5517481340,4,Student Card,5,Business Loan
db20e790-4c72-11ea-be42-b88a60e194fb-1-ps,crmid:5355458982,3,Travel Card,3,Auto Loan
db55db22-4c72-11ea-8522-b88a60e194fb-1-ps,crmid:2672705098,4,Simplicity Card,4,Personal Loan
db569d2c-4c72-11ea-b338-b88a60e194fb-1-ps,crmid:2122036642,5,Simplicity Card,5,Auto Loan
db57aeae-4c72-11ea-abb7-b88a60e194fb-1-ps,crmid:6272822237,7,Travel Card,6,Personal Loan
db589918-4c72-11ea-84bd-b88a60e194fb-1-ps,crmid:4822983198,4,Dividend Card,6,Student Loan
db595c76-4c72-11ea-ad18-b88a60e194fb-1-ps,crmid:3364067464,5,Rewards Card,6,Student Loan
db5a46ae-4c72-11ea-a23d-b88a60e194fb-1-ps,crmid:2667314960,4,Rewards Card,3,Personal Loan
db5b3246-4c72-11ea-a7dc-b88a60e194fb-1-ps,crmid:5608550555,3,Simplicity Card,4,Business Loan
db8cc9b6-4c72-11ea-b12f-b88a60e194fb-1-ps,crmid:9477446385,3,Simplicity Card,5,Student Loan
db8d8ba2-4c72-11ea-8aa2-b88a60e194fb-1-ps,crmid:2911045694,4,Business Card,4,Auto Loan
db8e4fe2-4c72-11ea-9943-b88a60e194fb-1-ps,crmid:4574157941,6,Travel Card,4,Personal Loan
db8f603a-4c72-11ea-a424-b88a60e194fb-1-ps,crmid:1747003803,3,Rewards Card,4,Personal Loan
db9071ae-4c72-11ea-83a9-b88a60e194fb-1-ps,crmid:2888485504,3,Travel Card,7,Business Loan
db918498-4c72-11ea-a723-b88a60e194fb-1-ps,crmid:6705695888,5,Rewards Card,3,Student Loan
db924692-4c72-11ea-a28b-b88a60e194fb-1-ps,crmid:5387683543,4,Travel Card,5,Personal Loan
dbc56502-4c72-11ea-8608-b88a60e194fb-1-ps,crmid:1898289044,3,Business Card,4,Personal Loan
dbc627cc-4c72-11ea-a937-b88a60e194fb-1-ps,crmid:8142361488,7,Platinum Card,3,Auto Loan
dbc711ec-4c72-11ea-a86d-b88a60e194fb-1-ps,crmid:5471161406,4,Platinum Card,6,Business Loan
dbc7fc58-4c72-11ea-905f-b88a60e194fb-1-ps,crmid:2685473211,3,Platinum Card,4,Personal Loan
dbc8bfac-4c72-11ea-af86-b88a60e194fb-1-ps,crmid:5673970886,5,Simplicity Card,5,Auto Loan
dbc9a9f4-4c72-11ea-b6a6-b88a60e194fb-1-ps,crmid:6251378924,4,Business Card,5,Personal Loan
dbca6d62-4c72-11ea-ac69-b88a60e194fb-1-ps,crmid:9946074575,6,Travel Card,4,Auto Loan
dbfcc84c-4c72-11ea-ab1f-b88a60e194fb-1-ps,crmid:7288109580,3,Business Card,4,Business Loan
dbfd8c90-4c72-11ea-a6b6-b88a60e194fb-1-ps,crmid:7546381182,2,Travel Card,4,Auto Loan
dbfe4ec2-4c72-11ea-b976-b88a60e194fb-1-ps,crmid:3781201451,4,Rewards Card,5,Auto Loan
dbff3914-4c72-11ea-ad0a-b88a60e194fb-1-ps,crmid:4974473480,4,Student Card,9,Auto Loan
dc002374-4c72-11ea-93e7-b88a60e194fb-1-ps,crmid:5437923925,5,Business Card,5,Personal Loan
dc0134da-4c72-11ea-846f-b88a60e194fb-1-ps,crmid:4477924780,3,Business Card,4,Personal Loan
dc01f834-4c72-11ea-bae5-b88a60e194fb-1-ps,crmid:8542874722,3,Simplicity Card,3,Student Loan
dc32f328-4c72-11ea-ba18-b88a60e194fb-1-ps,crmid:4407183741,5,Platinum Card,4,Student Loan
dc33b818-4c72-11ea-b2d5-b88a60e194fb-1-ps,crmid:8505582030,4,Simplicity Card,7,Auto Loan
dc34a0c2-4c72-11ea-afe4-b88a60e194fb-1-ps,crmid:3702249306,3,Platinum Card,8,Personal Loan
dc35642c-4c72-11ea-850b-b88a60e194fb-1-ps,crmid:7324148301,1,Student Card,4,Student Loan
dc3628b0-4c72-11ea-abac-b88a60e194fb-1-ps,crmid:5092908943,5,Simplicity Card,5,Student Loan
dc376134-4c72-11ea-8ad9-b88a60e194fb-1-ps,crmid:1657102668,3,Rewards Card,2,Personal Loan
dc38248c-4c72-11ea-8cb8-b88a60e194fb-1-ps,crmid:1448477313,6,Rewards Card,4,Student Loan
dc68f708-4c72-11ea-a875-b88a60e194fb-1-ps,crmid:2804473552,4,Simplicity Card,3,Personal Loan
dc6a08ae-4c72-11ea-a4c0-b88a60e194fb-1-ps,crmid:5979685027,4,Rewards Card,5,Personal Loan
dc6af2ee-4c72-11ea-b761-b88a60e194fb-1-ps,crmid:8589434795,3,Rewards Card,4,Auto Loan
dc6c045a-4c72-11ea-88eb-b88a60e194fb-1-ps,crmid:6293424836,5,Student Card,5,Personal Loan
dc6ceec0-4c72-11ea-9432-b88a60e194fb-1-ps,crmid:1982693038,3,Business Card,4,Student Loan
dc6dd914-4c72-11ea-ac84-b88a60e194fb-1-ps,crmid:1519528202,3,Dividend Card,4,Business Loan
dc6ec376-4c72-11ea-b126-b88a60e194fb-1-ps,crmid:8911154373,2,Platinum Card,3,Auto Loan
dca626fa-4c72-11ea-9642-b88a60e194fb-1-ps,crmid:3872231140,5,Rewards Card,3,Personal Loan
dca7117a-4c72-11ea-a318-b88a60e194fb-1-ps,crmid:6231851818,4,Platinum Card,4,Auto Loan
dca7fbec-4c72-11ea-acfb-b88a60e194fb-1-ps,crmid:9755310497,4,Business Card,4,Auto Loan
dca8bf0a-4c72-11ea-92ac-b88a60e194fb-1-ps,crmid:9906062602,6,Rewards Card,3,Business Loan
dca9d148-4c72-11ea-aa3b-b88a60e194fb-1-ps,crmid:4415087795,4,Student Card,2,Personal Loan
dcaabb0a-4c72-11ea-afe0-b88a60e194fb-1-ps,crmid:4251091563,7,Travel Card,5,Personal Loan
dcaba5ac-4c72-11ea-a6d5-b88a60e194fb-1-ps,crmid:5318692822,3,Rewards Card,4,Business Loan
dcdf117e-4c72-11ea-a47c-b88a60e194fb-1-ps,crmid:5004150896,4,Rewards Card,4,Business Loan
dcdfd482-4c72-11ea-b55e-b88a60e194fb-1-ps,crmid:7476896093,5,Travel Card,5,Business Loan
dce0bf30-4c72-11ea-a85b-b88a60e194fb-1-ps,crmid:7837318532,3,Dividend Card,3,Personal Loan
dce1d08c-4c72-11ea-9af6-b88a60e194fb-1-ps,crmid:2948010769,5,Rewards Card,4,Auto Loan
dce294dc-4c72-11ea-af4f-b88a60e194fb-1-ps,crmid:1507954920,4,Student Card,4,Business Loan
dce37e10-4c72-11ea-9571-b88a60e194fb-1-ps,crmid:1035838447,5,Travel Card,5,Business Loan
dce46878-4c72-11ea-8ec9-b88a60e194fb-1-ps,crmid:4164819473,4,Dividend Card,5,Student Loan
dd193422-4c72-11ea-8f6a-b88a60e194fb-1-ps,crmid:4933184888,2,Student Card,2,Personal Loan
dd19f764-4c72-11ea-9c1d-b88a60e194fb-1-ps,crmid:4705207088,4,Rewards Card,2,Auto Loan
dd1b7e06-4c72-11ea-9a91-b88a60e194fb-1-ps,crmid:3951308674,4,Rewards Card,3,Auto Loan
dd1cdda4-4c72-11ea-8423-b88a60e194fb-1-ps,crmid:4577424013,4,Business Card,5,Personal Loan
dd1e3d9c-4c72-11ea-b2dd-b88a60e194fb-1-ps,crmid:2866883832,4,Rewards Card,4,Auto Loan
dd1f757e-4c72-11ea-939b-b88a60e194fb-1-ps,crmid:4226046156,4,Platinum Card,4,Auto Loan
dd2038ec-4c72-11ea-aad9-b88a60e194fb-1-ps,crmid:8676631702,3,Business Card,3,Personal Loan
dd526c98-4c72-11ea-8be2-b88a60e194fb-1-ps,crmid:1217149923,2,Business Card,5,Business Loan
dd53f466-4c72-11ea-8929-b88a60e194fb-1-ps,crmid:7083215896,5,Student Card,4,Personal Loan
dd549080-4c72-11ea-a45d-b88a60e194fb-1-ps,crmid:1359792904,3,Rewards Card,6,Student Loan
dd55a0f8-4c72-11ea-a5d2-b88a60e194fb-1-ps,crmid:6130218198,4,Platinum Card,3,Business Loan
dd566574-4c72-11ea-a273-b88a60e194fb-1-ps,crmid:3371066446,4,Rewards Card,3,Business Loan
dd572770-4c72-11ea-915d-b88a60e194fb-1-ps,crmid:1925167974,5,Simplicity Card,5,Personal Loan
dd57eab6-4c72-11ea-a6a6-b88a60e194fb-1-ps,crmid:7767942765,6,Platinum Card,4,Auto Loan
dd8a4536-4c72-11ea-a1c4-b88a60e194fb-1-ps,crmid:5363544557,3,Dividend Card,4,Student Loan
dd8b304c-4c72-11ea-8e62-b88a60e194fb-1-ps,crmid:8402909339,5,Business Card,4,Student Loan
dd8c681a-4c72-11ea-926f-b88a60e194fb-1-ps,crmid:6797869216,3,Travel Card,4,Business Loan
dd8da078-4c72-11ea-bfd6-b88a60e194fb-1-ps,crmid:3404079278,6,Platinum Card,4,Student Loan
dd8ed91a-4c72-11ea-9004-b88a60e194fb-1-ps,crmid:2340480738,3,Platinum Card,5,Personal Loan
dd8fc380-4c72-11ea-91f0-b88a60e194fb-1-ps,crmid:8709407705,4,Travel Card,4,Auto Loan
dd90d4de-4c72-11ea-88ac-b88a60e194fb-1-ps,crmid:2490295070,4,Rewards Card,3,Student Loan
ddca3482-4c72-11ea-92ae-b88a60e194fb-1-ps,crmid:4952183853,3,Travel Card,3,Auto Loan
ddcb6d74-4c72-11ea-a4c6-b88a60e194fb-1-ps,crmid:6351229070,4,Business Card,3,Personal Loan
ddcc7e58-4c72-11ea-a867-b88a60e194fb-1-ps,crmid:6175146268,3,Travel Card,4,Student Loan
ddcd8fb6-4c72-11ea-b6e4-b88a60e194fb-1-ps,crmid:4163984935,5,Business Card,5,Business Loan
ddce79e8-4c72-11ea-b7c7-b88a60e194fb-1-ps,crmid:8226631964,3,Travel Card,9,Student Loan
ddcf6458-4c72-11ea-aa53-b88a60e194fb-1-ps,crmid:3886764913,4,Travel Card,4,Student Loan
ddd0760c-4c72-11ea-a3c4-b88a60e194fb-1-ps,crmid:6793450599,5,Business Card,8,Personal Loan
de05de3a-4c72-11ea-a020-b88a60e194fb-1-ps,crmid:2376404208,9,Platinum Card,5,Auto Loan
de06a108-4c72-11ea-8604-b88a60e194fb-1-ps,crmid:6276025893,6,Dividend Card,5,Business Loan
de08279e-4c72-11ea-9933-b88a60e194fb-1-ps,crmid:8718687779,5,Rewards Card,4,Business Loan
de0938ec-4c72-11ea-97b7-b88a60e194fb-1-ps,crmid:6438677448,6,Rewards Card,5,Auto Loan
de0a2442-4c72-11ea-aef5-b88a60e194fb-1-ps,crmid:3989326867,8,Travel Card,4,Student Loan
de0b0dba-4c72-11ea-bd96-b88a60e194fb-1-ps,crmid:1146621151,3,Student Card,2,Auto Loan
de0bd0fe-4c72-11ea-a7ef-b88a60e194fb-1-ps,crmid:6700767615,3,Business Card,4,Business Loan
de4000b4-4c72-11ea-8fff-b88a60e194fb-1-ps,crmid:4750554737,4,Dividend Card,3,Auto Loan
de40eac0-4c72-11ea-8187-b88a60e194fb-1-ps,crmid:1548951358,4,Student Card,5,Business Loan
de41d51c-4c72-11ea-a9c6-b88a60e194fb-1-ps,crmid:3035559013,4,Student Card,3,Auto Loan
de42c0ee-4c72-11ea-b332-b88a60e194fb-1-ps,crmid:1570290786,6,Rewards Card,3,Business Loan
de4382f4-4c72-11ea-89a2-b88a60e194fb-1-ps,crmid:3835046779,3,Dividend Card,3,Personal Loan
de449434-4c72-11ea-af6d-b88a60e194fb-1-ps,crmid:9415253355,3,Travel Card,5,Auto Loan
de45578a-4c72-11ea-b042-b88a60e194fb-1-ps,crmid:1485300267,7,Travel Card,4,Student Loan
de7a234a-4c72-11ea-ad12-b88a60e194fb-1-ps,crmid:2117659812,3,Travel Card,6,Personal Loan
de7b0da4-4c72-11ea-9b08-b88a60e194fb-1-ps,crmid:1183673661,4,Business Card,3,Business Loan
de7bf7e8-4c72-11ea-935c-b88a60e194fb-1-ps,crmid:1386423395,4,Travel Card,4,Business Loan
de7cbb34-4c72-11ea-bc83-b88a60e194fb-1-ps,crmid:5321708028,3,Platinum Card,6,Personal Loan
de7da57a-4c72-11ea-b643-b88a60e194fb-1-ps,crmid:7685678561,3,Business Card,4,Personal Loan
de7e68ca-4c72-11ea-a182-b88a60e194fb-1-ps,crmid:2938032008,4,Rewards Card,3,Personal Loan
de7f5324-4c72-11ea-9f7a-b88a60e194fb-1-ps,crmid:5866222630,4,Platinum Card,6,Business Loan
deb24a0a-4c72-11ea-9ef5-b88a60e194fb-1-ps,crmid:4014228944,5,Travel Card,4,Business Loan
deb30f5a-4c72-11ea-8d2e-b88a60e194fb-1-ps,crmid:8107395597,4,Business Card,4,Personal Loan
deb3f798-4c72-11ea-958d-b88a60e194fb-1-ps,crmid:5434488820,4,Platinum Card,3,Personal Loan
deb4baf6-4c72-11ea-a6af-b88a60e194fb-1-ps,crmid:5406193586,4,Dividend Card,3,Auto Loan
deb57fc2-4c72-11ea-9388-b88a60e194fb-1-ps,crmid:3845071200,5,Student Card,8,Personal Loan
deb641b4-4c72-11ea-8aea-b88a60e194fb-1-ps,crmid:3872231140,3,Simplicity Card,6,Personal Loan
deb75482-4c72-11ea-8bac-b88a60e194fb-1-ps,crmid:1937167891,3,Rewards Card,6,Auto Loan
deed7fc6-4c72-11ea-800c-b88a60e194fb-1-ps,crmid:5209484089,5,Student Card,3,Personal Loan
deee8f82-4c72-11ea-ac02-b88a60e194fb-1-ps,crmid:2065382088,4,Simplicity Card,3,Personal Loan
deef79f4-4c72-11ea-ac9e-b88a60e194fb-1-ps,crmid:9620812448,7,Student Card,4,Personal Loan
def06480-4c72-11ea-ae4d-b88a60e194fb-1-ps,crmid:1465863708,4,Platinum Card,4,Business Loan
def175dc-4c72-11ea-b656-b88a60e194fb-1-ps,crmid:7818994532,4,Travel Card,3,Personal Loan
def28752-4c72-11ea-b7cd-b88a60e194fb-1-ps,crmid:5834117667,1,Travel Card,3,Business Loan
def34aa4-4c72-11ea-ae73-b88a60e194fb-1-ps,crmid:1134472896,2,Rewards Card,4,Personal Loan
df25571c-4c72-11ea-b68b-b88a60e194fb-1-ps,crmid:7829642394,3,Platinum Card,5,Business Loan
df261a5e-4c72-11ea-a7c8-b88a60e194fb-1-ps,crmid:7804425324,3,Travel Card,4,Student Loan
df26b6b4-4c72-11ea-96b4-b88a60e194fb-1-ps,crmid:9834900378,3,Travel Card,5,Personal Loan
df27ef08-4c72-11ea-b9b0-b88a60e194fb-1-ps,crmid:7828535419,3,Student Card,4,Personal Loan
df294eae-4c72-11ea-9e4d-b88a60e194fb-1-ps,crmid:3642546032,4,Student Card,2,Auto Loan
df2a3918-4c72-11ea-ab44-b88a60e194fb-1-ps,crmid:7475863928,5,Student Card,9,Student Loan
df2afc70-4c72-11ea-a8b1-b88a60e194fb-1-ps,crmid:5915676459,4,Platinum Card,2,Business Loan
df6e46d8-4c72-11ea-884f-b88a60e194fb-1-ps,crmid:6858378613,4,Platinum Card,3,Auto Loan
df6fcd8a-4c72-11ea-9c3d-b88a60e194fb-1-ps,crmid:3906490813,5,Dividend Card,3,Personal Loan
df715410-4c72-11ea-b2f5-b88a60e194fb-1-ps,crmid:4550744831,3,Rewards Card,4,Business Loan
df723e90-4c72-11ea-98ba-b88a60e194fb-1-ps,crmid:9274491179,4,Simplicity Card,5,Auto Loan
df7301cc-4c72-11ea-b243-b88a60e194fb-1-ps,crmid:1354282181,6,Travel Card,5,Student Loan
df73ecfe-4c72-11ea-961b-b88a60e194fb-1-ps,crmid:9181153751,4,Business Card,5,Auto Loan
df74afa4-4c72-11ea-a896-b88a60e194fb-1-ps,crmid:1309259862,3,Travel Card,4,Personal Loan
dfa8b8f4-4c72-11ea-818f-b88a60e194fb-1-ps,crmid:5268228207,4,Business Card,4,Personal Loan
dfa9c90a-4c72-11ea-ae86-b88a60e194fb-1-ps,crmid:5321804827,4,Travel Card,9,Personal Loan
dfaa8c62-4c72-11ea-8bd3-b88a60e194fb-1-ps,crmid:6293870117,4,Rewards Card,2,Personal Loan
dfab5118-4c72-11ea-9551-b88a60e194fb-1-ps,crmid:7677518147,5,Simplicity Card,4,Student Loan
dfac624a-4c72-11ea-9990-b88a60e194fb-1-ps,crmid:4035251133,4,Business Card,3,Auto Loan
dfad25b6-4c72-11ea-88e6-b88a60e194fb-1-ps,crmid:5131520760,3,Simplicity Card,4,Personal Loan
dfade91c-4c72-11ea-baae-b88a60e194fb-1-ps,crmid:1835862642,5,Rewards Card,8,Student Loan
dfdfa612-4c72-11ea-8c89-b88a60e194fb-1-ps,crmid:6353498368,3,Travel Card,5,Personal Loan
dfe09076-4c72-11ea-aae5-b88a60e194fb-1-ps,crmid:2942539745,4,Business Card,3,Personal Loan
dfe153dc-4c72-11ea-9f54-b88a60e194fb-1-ps,crmid:1690051729,3,Rewards Card,6,Personal Loan
dfe23f74-4c72-11ea-856f-b88a60e194fb-1-ps,crmid:8654051353,5,Platinum Card,5,Business Loan
dfe32974-4c72-11ea-9182-b88a60e194fb-1-ps,crmid:8389385364,4,Rewards Card,3,Student Loan
dfe3ecb4-4c72-11ea-b42b-b88a60e194fb-1-ps,crmid:5261268837,1,Simplicity Card,4,Personal Loan
dfe4b01a-4c72-11ea-8e4f-b88a60e194fb-1-ps,crmid:9156949982,5,Platinum Card,3,Student Loan
e01b5036-4c72-11ea-9b25-b88a60e194fb-1-ps,crmid:9312239748,4,Travel Card,5,Auto Loan
e01c60f6-4c72-11ea-9559-b88a60e194fb-1-ps,crmid:7795317888,5,Rewards Card,9,Personal Loan
e01d4bbe-4c72-11ea-ae5d-b88a60e194fb-1-ps,crmid:7752320704,4,Rewards Card,4,Personal Loan
e01e5cd0-4c72-11ea-ae32-b88a60e194fb-1-ps,crmid:5058276477,2,Student Card,3,Student Loan
e01f47b0-4c72-11ea-b99e-b88a60e194fb-1-ps,crmid:6610581317,6,Travel Card,6,Personal Loan
e020317a-4c72-11ea-8d14-b88a60e194fb-1-ps,crmid:8456676732,4,Simplicity Card,4,Auto Loan
