email,first_name,last_name
breaststroker1833@gmail.com,Dwain,Orr
algicides2061@yahoo.com,Catarina,Owen
marten2005@live.com,Troy,Vargas
bottleman1910@gmail.com,Tim,Booth
crataegus1854@yandex.com,Merlin,Perez
divots1849@yandex.com,Britteny,Mckinney
tawer1920@yandex.com,Warner,Landry
browning2008@yahoo.com,Cecila,Lowe
pinta2013@yahoo.com,Alfonzo,Newman
tripe2041@outlook.com,Faviola,Howard
elusory1995@yahoo.com,Elisha,Joyce
caxton1871@outlook.com,Jazmine,Payne
chambertin1878@yahoo.com,Maryland,Rodriguez
dewdrop1875@gmail.com,Winter,Harrell
burian1894@live.com,Grady,Dunlap
padmasana1912@outlook.com,Vern,Molina
corsair1863@yandex.com,Lamonica,Ramsey
abdominal1953@gmail.com,Curtis,Burch
scabs1800@yandex.com,Danilo,Mckay
dickerson2029@yandex.com,Tyrone,Bradshaw
semiorb2065@yahoo.com,Fred,Williamson
outplodding1945@gmail.com,Harry,Chan
surahs1974@live.com,Jeanett,Woods
atwood1895@yandex.com,Belkis,Johnson
forgotten1942@live.com,Luigi,Sykes
