id,reservationid,orderid,crmid,timestamp,orderType,productsku,hotelCheckInUnix,hotelCheckOutUnix,hotelCheckInTS,hotelCheckOutTS,hotelName,hotelChain,hotelLocation,hotelRoomType,hotelRoomCount,hotelGuestAdultCount,hotelGuestChildCount,hotelNightCount,hotelRoomPrice,hotelFinalPrice
fd17ffc2-7dd9-11ea-aa15-b88a60e194fb,QDA-ZKUI,orderid:975812,crmid:4558663583,2020-03-10T14:46:54.000Z,kiosk,prd1109,1586011614,1586357214,2020-04-04T14:46:54.000Z,2020-04-08T14:46:54.000Z,Grandeur Hotels: Belgrade,Grandeur Hotels,Belgrade,standard,1,1,1,4,165.08,660.32
fd19869e-7dd9-11ea-9b2f-b88a60e194fb,MTY-KNE8,orderid:988935,crmid:1243217571,2020-03-20T09:25:00.000Z,kiosk,prd1176,1584782700,1584955500,2020-03-21T09:25:00.000Z,2020-03-23T09:25:00.000Z,Repose Resort: Omaha,Repose Resort,Omaha,presidential-suite,1,1,0,2,811.73,1623.46
fd1b0c46-7dd9-11ea-a16b-b88a60e194fb,UBO-W27N,orderid:863710,crmid:7853647544,2020-03-28T23:45:15.000Z,kiosk,prd1098,1587167115,1587858315,2020-04-17T23:45:15.000Z,2020-04-25T23:45:15.000Z,Restful Nights: Kiev,Restful Nights,Kiev,standard,1,1,0,8,150.03,1200.24
fd1c1eb6-7dd9-11ea-a8c9-b88a60e194fb,PYW-CREV,orderid:250535,crmid:1852390400,2020-03-02T01:19:10.000Z,kiosk,prd1169,1585099150,1585617550,2020-03-25T01:19:10.000Z,2020-03-31T01:19:10.000Z,Grandeur Hotels: Tucson,Grandeur Hotels,Tucson,standard,1,1,0,6,140.04,840.24
fd1da5ac-7dd9-11ea-80ec-b88a60e194fb,RLP-JT0J,orderid:405616,crmid:1809913891,2020-03-23T16:31:56.000Z,call center,prd1141,1585153916,1585672316,2020-03-25T16:31:56.000Z,2020-03-31T16:31:56.000Z,Admiralty Plaza: Phoenix,Admiralty Plaza,Phoenix,premium,1,1,0,6,139.25,835.5
fd1f2ae6-7dd9-11ea-b0cc-b88a60e194fb,AUV-EMZQ,orderid:616913,crmid:1839879251,2020-03-13T13:03:52.000Z,kiosk,prd1155,1585746232,1586178232,2020-04-01T13:03:52.000Z,2020-04-06T13:03:52.000Z,Hospitality Inn: Denver,Hospitality Inn,Denver,premium,1,1,0,5,124.13,620.65
fd225f2c-7dd9-11ea-9785-b88a60e194fb,MIF-XONO,orderid:934023,crmid:3011451019,2020-03-06T17:16:17.000Z,call center,prd1136,1585674977,1586020577,2020-03-31T17:16:17.000Z,2020-04-04T17:16:17.000Z,Aspen Heights: Osaka,Aspen Heights,Osaka,standard,1,1,0,4,126.09,504.36
fd23bed2-7dd9-11ea-b511-b88a60e194fb,Q8S-H7K7,orderid:215232,crmid:1122493718,2020-03-01T06:16:56.000Z,mobile,prd1190,1585117016,1585808216,2020-03-25T06:16:56.000Z,2020-04-02T06:16:56.000Z,Blue Reef Resort: Aurora,Blue Reef Resort,Aurora,luxury,1,1,0,8,380.37,3042.96
fd254552-7dd9-11ea-95a7-b88a60e194fb,YEJ-N8TC,orderid:499691,crmid:4793131310,2020-03-03T16:07:39.000Z,call center,prd1105,1585411659,1586448459,2020-03-28T16:07:39.000Z,2020-04-09T16:07:39.000Z,Admiralty Plaza: Barcelona,Admiralty Plaza,Barcelona,premium,1,1,0,12,129.73,1556.76
fd2656c6-7dd9-11ea-be96-b88a60e194fb,N2M-AVAY,orderid:947787,crmid:7159147348,2020-03-14T23:26:57.000Z,call center,prd1077,1584660417,1584919617,2020-03-19T23:26:57.000Z,2020-03-22T23:26:57.000Z,Sapphire Suites: Cairo,Sapphire Suites,Cairo,standard,1,1,0,3,169.51,508.53
fd27dd62-7dd9-11ea-899e-b88a60e194fb,TEK-QTG4,orderid:522281,crmid:8916567838,2020-03-03T01:40:43.000Z,mobile,prd1195,1584841243,1585273243,2020-03-22T01:40:43.000Z,2020-03-27T01:40:43.000Z,Family Fun Hotels: Lahore,Family Fun Hotels,Lahore,standard,1,1,0,5,171.76,858.8
fd298b2e-7dd9-11ea-9f72-b88a60e194fb,OW9-6YNP,orderid:346177,crmid:4053335105,2020-03-02T03:25:34.000Z,service desk,prd1112,1583292334,1583378734,2020-03-04T03:25:34.000Z,2020-03-05T03:25:34.000Z,Aspen Heights: Birmingham,Aspen Heights,Birmingham,standard,1,1,0,1,83.97,83.97
fd2aebda-7dd9-11ea-bd27-b88a60e194fb,CS2-CQJS,orderid:801724,crmid:1887094553,2020-03-18T16:46:29.000Z,mobile,prd1026,1584636389,1584722789,2020-03-19T16:46:29.000Z,2020-03-20T16:46:29.000Z,Restful Nights: Nashville,Restful Nights,Nashville,premium,1,1,0,1,160.92,160.92
fd2ce68a-7dd9-11ea-bc32-b88a60e194fb,PKU-HVDR,orderid:151548,crmid:8148553634,2020-03-16T10:43:42.000Z,call center,prd1119,1584441822,1584614622,2020-03-17T10:43:42.000Z,2020-03-19T10:43:42.000Z,Hospitality Inn: Turin,Hospitality Inn,Turin,standard,1,1,0,2,140.56,281.12
fd2e6e54-7dd9-11ea-94b5-b88a60e194fb,LB4-S58M,orderid:628632,crmid:9909444793,2020-03-13T01:08:28.000Z,call center,prd1187,1586221708,1586653708,2020-04-07T01:08:28.000Z,2020-04-12T01:08:28.000Z,Nesting Box Inn: Cleveland,Nesting Box Inn,Cleveland,premium,1,1,0,5,126.29,631.45
fd2ff3e4-7dd9-11ea-a1da-b88a60e194fb,SNY-8SZU,orderid:465433,crmid:6209481555,2020-03-11T09:55:40.000Z,kiosk,prd1009,1585216540,1585475740,2020-03-26T09:55:40.000Z,2020-03-29T09:55:40.000Z,Admiralty Plaza: San Antonio,Admiralty Plaza,San Antonio,standard,1,1,0,3,149.99,449.97
fd31efa2-7dd9-11ea-8e4c-b88a60e194fb,7YZ-JGBZ,orderid:575254,crmid:9674350033,2020-03-09T00:06:11.000Z,kiosk,prd1034,1583798771,1583885171,2020-03-10T00:06:11.000Z,2020-03-11T00:06:11.000Z,Blue Reef Resort: Albuquerque,Blue Reef Resort,Albuquerque,premium,1,1,0,1,138.92,138.92
fd33eb68-7dd9-11ea-bc3b-b88a60e194fb,M4C-VHKA,orderid:196105,crmid:1950151141,2020-03-05T04:51:29.000Z,mobile,prd1010,1583643089,1583815889,2020-03-08T04:51:29.000Z,2020-03-10T04:51:29.000Z,Blue Reef Resort: San Diego,Blue Reef Resort,San Diego,premium,1,1,0,2,176.38,352.76
fd35abe2-7dd9-11ea-b070-b88a60e194fb,3PH-VVO9,orderid:667311,crmid:8760696664,2020-03-27T09:42:13.000Z,call center,prd1029,1585388533,1586684533,2020-03-28T09:42:13.000Z,2020-04-12T09:42:13.000Z,Sapphire Suites: Oklahoma City,Sapphire Suites,Oklahoma City,standard,1,1,0,15,158.45,2376.75
fd3734d0-7dd9-11ea-9a67-b88a60e194fb,CLH-NAW5,orderid:824807,crmid:8107394577,2020-03-15T03:14:30.000Z,call center,prd1035,1584587670,1584760470,2020-03-19T03:14:30.000Z,2020-03-21T03:14:30.000Z,Hospitality Inn: Tucson,Hospitality Inn,Tucson,premium,1,1,0,2,216.04,432.08
fd38829a-7dd9-11ea-afee-b88a60e194fb,TYN-4ONU,orderid:990038,crmid:5164286910,2020-03-21T04:48:54.000Z,mobile,prd1087,1586753334,1587444534,2020-04-13T04:48:54.000Z,2020-04-21T04:48:54.000Z,Family Fun Hotels: Kolkata,Family Fun Hotels,Kolkata,premium,1,1,4,8,139.46,1115.68
fd3a0ff8-7dd9-11ea-bfff-b88a60e194fb,G9D-GDSN,orderid:122808,crmid:3128301139,2020-03-16T10:38:31.000Z,call center,prd1148,1584700711,1585046311,2020-03-20T10:38:31.000Z,2020-03-24T10:38:31.000Z,Aspen Heights: Jacksonville,Aspen Heights,Jacksonville,premium,1,1,0,4,134.15,536.6
fd3b4a48-7dd9-11ea-9aa7-b88a60e194fb,FMW-7NHO,orderid:699567,crmid:4489870956,2020-03-22T20:36:41.000Z,kiosk,prd1063,1584995801,1585255001,2020-03-23T20:36:41.000Z,2020-03-26T20:36:41.000Z,Family Fun Hotels: London,Family Fun Hotels,London,standard,1,1,0,3,107.51,322.53
fd3c5cf6-7dd9-11ea-8471-b88a60e194fb,O95-OATX,orderid:323297,crmid:7861910253,2020-03-22T03:51:15.000Z,kiosk,prd1021,1584935475,1585281075,2020-03-23T03:51:15.000Z,2020-03-27T03:51:15.000Z,Admiralty Plaza: Denver,Admiralty Plaza,Denver,standard,1,1,0,4,131.53,526.12
fd3d956c-7dd9-11ea-83ba-b88a60e194fb,8KX-97AD,orderid:305578,crmid:3796568489,2020-03-28T01:15:19.000Z,service desk,prd1143,1587690919,1589159719,2020-04-24T01:15:19.000Z,2020-05-11T01:15:19.000Z,Hospitality Inn: San Antonio,Hospitality Inn,San Antonio,premium,1,1,0,17,111.82,1900.94
fd3ecd92-7dd9-11ea-8c57-b88a60e194fb,ROG-BAWO,orderid:566309,crmid:9584886827,2020-03-26T02:23:03.000Z,service desk,prd1139,1585621383,1585880583,2020-03-31T02:23:03.000Z,2020-04-03T02:23:03.000Z,Nesting Box Inn: Nairobi,Nesting Box Inn,Nairobi,standard,1,1,0,3,74.58,223.74
fd400614-7dd9-11ea-bd20-b88a60e194fb,JCA-TR3F,orderid:444517,crmid:9328751181,2020-03-30T04:14:00.000Z,mobile,prd1074,1587960840,1588392840,2020-04-27T04:14:00.000Z,2020-05-02T04:14:00.000Z,Restful Nights: Mexico City,Restful Nights,Mexico City,standard,1,1,1,5,123.05,615.25
fd41b2ae-7dd9-11ea-99d5-b88a60e194fb,CZH-EKMN,orderid:687745,crmid:8357980669,2020-03-21T07:02:33.000Z,kiosk,prd1028,1585983753,1586329353,2020-04-04T07:02:33.000Z,2020-04-08T07:02:33.000Z,Aspen Heights: Portland,Aspen Heights,Portland,standard,1,1,1,4,66.18,264.72
fd42c428-7dd9-11ea-9946-b88a60e194fb,Q3A-0RH0,orderid:895932,crmid:7064492229,2020-03-23T08:44:15.000Z,mobile,prd1143,1587113055,1587804255,2020-04-17T08:44:15.000Z,2020-04-25T08:44:15.000Z,Hospitality Inn: San Antonio,Hospitality Inn,San Antonio,standard,1,1,0,8,150.34,1202.72
fd444c26-7dd9-11ea-9066-b88a60e194fb,DPY-OHU8,orderid:408301,crmid:7851516374,2020-03-08T01:03:22.000Z,kiosk,prd1117,1585703002,1586307802,2020-04-01T01:03:22.000Z,2020-04-08T01:03:22.000Z,Admiralty Plaza: Dublin,Admiralty Plaza,Dublin,standard,1,1,4,7,159.42,1115.94
fd458348-7dd9-11ea-a887-b88a60e194fb,OUW-HX2I,orderid:843841,crmid:9762148749,2020-03-15T13:24:05.000Z,kiosk,prd1181,1586093045,1586352245,2020-04-05T13:24:05.000Z,2020-04-08T13:24:05.000Z,Grandeur Hotels: Oakland,Grandeur Hotels,Oakland,standard,1,1,0,3,139.17,417.51
fd470b42-7dd9-11ea-85cd-b88a60e194fb,KGV-LWBM,orderid:292830,crmid:4734770430,2020-03-09T22:57:34.000Z,mobile,prd1109,1586041054,1586473054,2020-04-04T22:57:34.000Z,2020-04-09T22:57:34.000Z,Grandeur Hotels: Belgrade,Grandeur Hotels,Belgrade,premium,1,1,0,5,125.2,626.0
fd48426e-7dd9-11ea-8e86-b88a60e194fb,3XO-I9OB,orderid:485189,crmid:7944791700,2020-03-14T12:37:17.000Z,call center,prd1153,1586090237,1587127037,2020-04-05T12:37:17.000Z,2020-04-17T12:37:17.000Z,Admiralty Plaza: Charlotte,Admiralty Plaza,Charlotte,standard,1,1,0,12,149.3,1791.6
fd49a1e4-7dd9-11ea-93dd-b88a60e194fb,QYY-CMLQ,orderid:701606,crmid:6607169729,2020-03-27T20:10:58.000Z,call center,prd1081,1585426258,1585512658,2020-03-28T20:10:58.000Z,2020-03-29T20:10:58.000Z,Admiralty Plaza: Rod de Janeiro,Admiralty Plaza,Rod de Janeiro,premium,1,1,0,1,150.89,150.89
fd4b028c-7dd9-11ea-8946-b88a60e194fb,VXU-MLUX,orderid:548133,crmid:1355246162,2020-03-30T20:34:21.000Z,call center,prd1010,1585686861,1585859661,2020-03-31T20:34:21.000Z,2020-04-02T20:34:21.000Z,Blue Reef Resort: San Diego,Blue Reef Resort,San Diego,premium,1,1,0,2,137.17,274.34
fd4c3a18-7dd9-11ea-9a1a-b88a60e194fb,2JJ-RBIT,orderid:745573,crmid:8963126919,2020-03-18T10:22:26.000Z,kiosk,prd1184,1586082146,1586427746,2020-04-05T10:22:26.000Z,2020-04-09T10:22:26.000Z,Aspen Heights: Arlington,Aspen Heights,Arlington,standard,1,1,0,4,140.71,562.84
fd4dc1ca-7dd9-11ea-88ec-b88a60e194fb,LE5-RBGD,orderid:618969,crmid:8465224553,2020-03-04T21:29:39.000Z,mobile,prd1074,1583443779,1583702979,2020-03-05T21:29:39.000Z,2020-03-08T21:29:39.000Z,Restful Nights: Mexico City,Restful Nights,Mexico City,standard,1,1,0,3,110.98,332.94
fd4f4746-7dd9-11ea-a972-b88a60e194fb,UPO-Q5DZ,orderid:232708,crmid:1335317923,2020-03-08T05:01:05.000Z,call center,prd1093,1586149265,1586667665,2020-04-06T05:01:05.000Z,2020-04-12T05:01:05.000Z,Admiralty Plaza: Yokohama,Admiralty Plaza,Yokohama,standard,1,1,0,6,144.68,868.08
fd50cdee-7dd9-11ea-b3bf-b88a60e194fb,G6E-A7RT,orderid:950105,crmid:5597673301,2020-03-25T15:48:21.000Z,mobile,prd1076,1585410501,1585496901,2020-03-28T15:48:21.000Z,2020-03-29T15:48:21.000Z,Aspen Heights: Bogota,Aspen Heights,Bogota,standard,1,1,0,1,124.99,124.99
fd527c30-7dd9-11ea-bf25-b88a60e194fb,PHA-SEMU,orderid:795154,crmid:9785075075,2020-03-30T21:35:13.000Z,kiosk,prd1119,1587764113,1588023313,2020-04-24T21:35:13.000Z,2020-04-27T21:35:13.000Z,Hospitality Inn: Turin,Hospitality Inn,Turin,standard,1,1,4,3,152.29,456.87
fd54024c-7dd9-11ea-9a84-b88a60e194fb,WUK-DGW6,orderid:316467,crmid:3421098096,2020-03-18T07:08:55.000Z,call center,prd1181,1586675335,1587193735,2020-04-12T07:08:55.000Z,2020-04-18T07:08:55.000Z,Grandeur Hotels: Oakland,Grandeur Hotels,Oakland,premium,1,1,0,6,160.98,965.88
fd5561d2-7dd9-11ea-9bd9-b88a60e194fb,L5V-ARSH,orderid:963479,crmid:5750483250,2020-03-21T10:55:45.000Z,kiosk,prd1119,1586084145,1586688945,2020-04-05T10:55:45.000Z,2020-04-12T10:55:45.000Z,Hospitality Inn: Turin,Hospitality Inn,Turin,standard,1,1,0,7,143.23,1002.61
fd567346-7dd9-11ea-958b-b88a60e194fb,CVO-LABK,orderid:763389,crmid:1978426971,2020-03-21T14:28:52.000Z,mobile,prd1029,1585492132,1586010532,2020-03-29T14:28:52.000Z,2020-04-04T14:28:52.000Z,Sapphire Suites: Oklahoma City,Sapphire Suites,Oklahoma City,standard,1,1,0,6,90.96,545.76
fd57d41c-7dd9-11ea-8ee6-b88a60e194fb,FOJ-JYUH,orderid:141888,crmid:2038757160,2020-03-10T13:19:10.000Z,call center,prd1031,1585919950,1586351950,2020-04-03T13:19:10.000Z,2020-04-08T13:19:10.000Z,Nesting Box Inn: Louisville,Nesting Box Inn,Louisville,standard,1,1,4,5,139.39,696.95
fd590b78-7dd9-11ea-851e-b88a60e194fb,J8M-F6T2,orderid:613474,crmid:4626523038,2020-03-10T20:10:44.000Z,call center,prd1124,1584389444,1584994244,2020-03-16T20:10:44.000Z,2020-03-23T20:10:44.000Z,Aspen Heights: Leeds,Aspen Heights,Leeds,premium,1,1,0,7,105.73,740.11
fd5a6adc-7dd9-11ea-89a1-b88a60e194fb,YVE-YA0O,orderid:229039,crmid:6848941951,2020-03-31T12:27:48.000Z,mobile,prd1058,1586089668,1586780868,2020-04-05T12:27:48.000Z,2020-04-13T12:27:48.000Z,Blue Reef Resort: Delhi,Blue Reef Resort,Delhi,standard,1,1,0,8,205.7,1645.6
fd5bca92-7dd9-11ea-baa7-b88a60e194fb,UUD-7FYB,orderid:506139,crmid:1597842470,2020-03-04T12:26:03.000Z,mobile,prd1154,1584015963,1584793563,2020-03-12T12:26:03.000Z,2020-03-21T12:26:03.000Z,Blue Reef Resort: Seattle,Blue Reef Resort,Seattle,premium,1,1,0,9,105.46,949.14
fd5d5126-7dd9-11ea-a835-b88a60e194fb,2GO-ISV0,orderid:536406,crmid:8709118251,2020-03-19T22:26:44.000Z,kiosk,prd1136,1586816804,1587508004,2020-04-13T22:26:44.000Z,2020-04-21T22:26:44.000Z,Aspen Heights: Osaka,Aspen Heights,Osaka,standard,1,1,0,8,95.44,763.52
fd5eb09c-7dd9-11ea-aed8-b88a60e194fb,OLN-TIP4,orderid:353130,crmid:4321102540,2020-03-21T16:15:53.000Z,mobile,prd1133,1586794553,1587485753,2020-04-13T16:15:53.000Z,2020-04-21T16:15:53.000Z,Grandeur Hotels: Toronto,Grandeur Hotels,Toronto,standard,1,1,0,8,131.18,1049.44
fd6037cc-7dd9-11ea-bf79-b88a60e194fb,JIN-JES9,orderid:752088,crmid:2574516400,2020-03-24T05:42:28.000Z,kiosk,prd1023,1585287748,1585374148,2020-03-27T05:42:28.000Z,2020-03-28T05:42:28.000Z,Hospitality Inn: Boston,Hospitality Inn,Boston,premium,1,1,0,1,165.48,165.48
fd61bdb8-7dd9-11ea-9e40-b88a60e194fb,WLK-QI7Y,orderid:844496,crmid:8017169117,2020-03-15T09:16:36.000Z,call center,prd1093,1586337396,1586596596,2020-04-08T09:16:36.000Z,2020-04-11T09:16:36.000Z,Admiralty Plaza: Yokohama,Admiralty Plaza,Yokohama,premium,1,1,1,3,178.98,536.94
fd62f636-7dd9-11ea-b873-b88a60e194fb,AOB-GELZ,orderid:451363,crmid:7897804303,2020-03-29T03:04:48.000Z,mobile,prd1177,1587697488,1588475088,2020-04-24T03:04:48.000Z,2020-05-03T03:04:48.000Z,Admiralty Plaza: Raleigh,Admiralty Plaza,Raleigh,luxury,1,1,0,9,358.38,3225.42
fd64a422-7dd9-11ea-91e8-b88a60e194fb,W4U-WJTK,orderid:557806,crmid:1978959130,2020-03-10T15:31:07.000Z,mobile,prd1089,1585150267,1585841467,2020-03-25T15:31:07.000Z,2020-04-02T15:31:07.000Z,Sapphire Suites: Rome,Sapphire Suites,Rome,standard,1,1,4,8,108.54,868.32
fd665194-7dd9-11ea-9969-b88a60e194fb,RUO-MYTG,orderid:950780,crmid:7326215368,2020-03-13T06:39:50.000Z,service desk,prd1057,1586327990,1586414390,2020-04-08T06:39:50.000Z,2020-04-09T06:39:50.000Z,Admiralty Plaza: Mumbai,Admiralty Plaza,Mumbai,standard,1,1,0,1,136.47,136.47
fd67d84a-7dd9-11ea-9c0f-b88a60e194fb,VU3-QYPA,orderid:700836,crmid:3481939692,2020-03-01T22:00:22.000Z,call center,prd1197,1583186422,1583359222,2020-03-02T22:00:22.000Z,2020-03-04T22:00:22.000Z,Sapphire Suites: London,Sapphire Suites,London,standard,1,1,0,2,144.22,288.44
fd6910d2-7dd9-11ea-ad70-b88a60e194fb,H3Y-3UQD,orderid:908708,crmid:2839768305,2020-03-29T04:43:06.000Z,kiosk,prd1166,1586752986,1587271386,2020-04-13T04:43:06.000Z,2020-04-19T04:43:06.000Z,Blue Reef Resort: Baltimore,Blue Reef Resort,Baltimore,standard,1,1,0,6,154.22,925.32
fd6a705a-7dd9-11ea-880d-b88a60e194fb,9YL-VUQK,orderid:339687,crmid:2169100977,2020-03-22T15:57:18.000Z,call center,prd1115,1587398238,1588262238,2020-04-20T15:57:18.000Z,2020-04-30T15:57:18.000Z,Nesting Box Inn: Cologne,Nesting Box Inn,Cologne,standard,1,1,3,10,160.68,1606.8
fd6c4522-7dd9-11ea-a3d0-b88a60e194fb,Q2J-USDK,orderid:620448,crmid:3918259239,2020-03-31T23:43:23.000Z,call center,prd1081,1585784603,1585957403,2020-04-01T23:43:23.000Z,2020-04-03T23:43:23.000Z,Admiralty Plaza: Rod de Janeiro,Admiralty Plaza,Rod de Janeiro,standard,1,1,0,2,125.89,251.78
fd6da4b8-7dd9-11ea-80b3-b88a60e194fb,NUE-IBK8,orderid:509976,crmid:4797817439,2020-03-02T12:58:32.000Z,service desk,prd1143,1585400312,1586782712,2020-03-28T12:58:32.000Z,2020-04-13T12:58:32.000Z,Hospitality Inn: San Antonio,Hospitality Inn,San Antonio,luxury,1,1,0,16,319.29,5108.64
fd719c1a-7dd9-11ea-a1b9-b88a60e194fb,HHY-P42W,orderid:288620,crmid:6326802967,2020-03-23T12:48:20.000Z,kiosk,prd1052,1585054100,1585140500,2020-03-24T12:48:20.000Z,2020-03-25T12:48:20.000Z,Aspen Heights: Wichita,Aspen Heights,Wichita,standard,1,1,0,1,115.43,115.43
fd72d4c0-7dd9-11ea-b12e-b88a60e194fb,7RR-EFNC,orderid:410040,crmid:3481446376,2020-03-20T21:09:03.000Z,kiosk,prd1169,1586725743,1587157743,2020-04-12T21:09:03.000Z,2020-04-17T21:09:03.000Z,Grandeur Hotels: Tucson,Grandeur Hotels,Tucson,luxury,1,1,0,5,359.15,1795.75
fd743452-7dd9-11ea-a50e-b88a60e194fb,GU9-0PTD,orderid:801541,crmid:1145656116,2020-03-17T23:22:56.000Z,kiosk,prd1064,1586820176,1588029776,2020-04-13T23:22:56.000Z,2020-04-27T23:22:56.000Z,Aspen Heights: Paris,Aspen Heights,Paris,premium,1,1,0,14,123.92,1734.88
fd756cde-7dd9-11ea-b958-b88a60e194fb,U2D-HRVO,orderid:104053,crmid:5657558367,2020-03-30T02:50:02.000Z,mobile,prd1157,1587178202,1587869402,2020-04-18T02:50:02.000Z,2020-04-26T02:50:02.000Z,Grandeur Hotels: Boston,Grandeur Hotels,Boston,standard,1,1,0,8,160.13,1281.04
fd76cc5e-7dd9-11ea-8b3c-b88a60e194fb,8FG-OUZT,orderid:309112,crmid:7149241581,2020-03-10T11:13:19.000Z,mobile,prd1013,1585825999,1586085199,2020-04-02T11:13:19.000Z,2020-04-05T11:13:19.000Z,Grandeur Hotels: Austin,Grandeur Hotels,Austin,standard,1,1,0,3,174.17,522.51
fd782be8-7dd9-11ea-9a35-b88a60e194fb,BGN-R42H,orderid:911326,crmid:2019320609,2020-03-03T08:48:25.000Z,call center,prd1004,1585039705,1585385305,2020-03-24T08:48:25.000Z,2020-03-28T08:48:25.000Z,Aspen Heights: Boulder,Aspen Heights,Boulder,standard,1,1,0,4,135.25,541.0
fd798cf8-7dd9-11ea-91e9-b88a60e194fb,YSI-8L2E,orderid:547712,crmid:2206880158,2020-03-31T06:32:45.000Z,call center,prd1191,1587709965,1588833165,2020-04-24T06:32:45.000Z,2020-05-07T06:32:45.000Z,Hospitality Inn: Mumbai,Hospitality Inn,Mumbai,standard,1,1,0,13,130.6,1697.8
fd7ac462-7dd9-11ea-b2dc-b88a60e194fb,YOC-R6XG,orderid:396126,crmid:8129665601,2020-03-12T21:53:30.000Z,call center,prd1185,1585778010,1586296410,2020-04-01T21:53:30.000Z,2020-04-07T21:53:30.000Z,Sapphire Suites: New Orleans,Sapphire Suites,New Orleans,standard,1,1,3,6,144.69,868.14
fd7bfc74-7dd9-11ea-9be7-b88a60e194fb,0FB-CRPP,orderid:487819,crmid:1143970965,2020-03-12T14:20:14.000Z,kiosk,prd1070,1586269214,1587824414,2020-04-07T14:20:14.000Z,2020-04-25T14:20:14.000Z,Blue Reef Resort: Jakarta,Blue Reef Resort,Jakarta,standard,1,1,0,18,124.39,2239.02
fd7d601c-7dd9-11ea-9300-b88a60e194fb,G8C-VRJG,orderid:814229,crmid:6824789943,2020-03-26T18:22:39.000Z,call center,prd1137,1585333359,1585678959,2020-03-27T18:22:39.000Z,2020-03-31T18:22:39.000Z,Sapphire Suites: Manila,Sapphire Suites,Manila,standard,1,1,0,4,152.93,611.72
fd7d8306-7dd9-11ea-9fc2-b88a60e194fb,JNY-TLMA,orderid:618576,crmid:6824789943,2020-04-01T00:00:00.000Z,kiosk,prd1184,1586044800,1586217600,2020-04-05T00:00:00.000Z,2020-04-07T00:00:00.000Z,Aspen Heights: Arlington,Aspen Heights,Arlington,standard,1,1,0,2,126.7,253.4
fd7f3118-7dd9-11ea-a5ad-b88a60e194fb,TXG-QZK6,orderid:724427,crmid:5204293446,2020-03-10T10:55:01.000Z,kiosk,prd1141,1585479301,1587120901,2020-03-29T10:55:01.000Z,2020-04-17T10:55:01.000Z,Admiralty Plaza: Phoenix,Admiralty Plaza,Phoenix,premium,1,1,0,19,156.35,2970.65
fd8091de-7dd9-11ea-8a9a-b88a60e194fb,KUH-FORY,orderid:210360,crmid:4275899086,2020-03-03T23:04:34.000Z,call center,prd1065,1585523074,1585782274,2020-03-29T23:04:34.000Z,2020-04-01T23:04:34.000Z,Sapphire Suites: Beijing,Sapphire Suites,Beijing,standard,1,1,0,3,190.76,572.28
fd81a314-7dd9-11ea-982a-b88a60e194fb,KK8-CMWS,orderid:585484,crmid:1757005576,2020-03-05T05:10:08.000Z,kiosk,prd1173,1583644208,1583903408,2020-03-08T05:10:08.000Z,2020-03-11T05:10:08.000Z,Sapphire Suites: Kansas City,Sapphire Suites,Kansas City,standard,1,1,0,3,118.85,356.55
fd837698-7dd9-11ea-befe-b88a60e194fb,YHS-0FKP,orderid:128971,crmid:8431478106,2020-03-06T23:04:54.000Z,call center,prd1043,1585955094,1587164694,2020-04-03T23:04:54.000Z,2020-04-17T23:04:54.000Z,Nesting Box Inn: Raleigh,Nesting Box Inn,Raleigh,luxury,1,1,0,14,280.25,3923.5
fd85e776-7dd9-11ea-9276-b88a60e194fb,BSC-DEQ6,orderid:386787,crmid:6152264582,2020-03-26T19:25:24.000Z,mobile,prd1155,1585682724,1585769124,2020-03-31T19:25:24.000Z,2020-04-01T19:25:24.000Z,Hospitality Inn: Denver,Hospitality Inn,Denver,standard,1,1,0,1,109.08,109.08
fd87486e-7dd9-11ea-a260-b88a60e194fb,VK3-U2JG,orderid:236661,crmid:9036797829,2020-03-23T15:10:18.000Z,service desk,prd1037,1585062618,1585149018,2020-03-24T15:10:18.000Z,2020-03-25T15:10:18.000Z,Grandeur Hotels: Sacramento,Grandeur Hotels,Sacramento,standard,1,1,0,1,176.37,176.37
fd88a794-7dd9-11ea-b676-b88a60e194fb,W2T-CCW7,orderid:747292,crmid:2073765791,2020-03-07T06:05:30.000Z,kiosk,prd1153,1583647530,1583820330,2020-03-08T06:05:30.000Z,2020-03-10T06:05:30.000Z,Admiralty Plaza: Charlotte,Admiralty Plaza,Charlotte,standard,1,1,0,2,153.77,307.54
fd89b926-7dd9-11ea-a73a-b88a60e194fb,GVY-GT1W,orderid:326106,crmid:8270152414,2020-03-31T10:28:41.000Z,kiosk,prd1056,1588242521,1588847321,2020-04-30T10:28:41.000Z,2020-05-07T10:28:41.000Z,Repose Resort: Aurora,Repose Resort,Aurora,premium,1,1,0,7,157.87,1105.09
fd8b3e92-7dd9-11ea-9ddd-b88a60e194fb,VSA-H8XZ,orderid:177166,crmid:4458349135,2020-03-26T13:59:21.000Z,call center,prd1141,1587563961,1587909561,2020-04-22T13:59:21.000Z,2020-04-26T13:59:21.000Z,Admiralty Plaza: Phoenix,Admiralty Plaza,Phoenix,ultra-luxury,1,1,0,4,318.73,1274.92
fd8c9e2c-7dd9-11ea-8042-b88a60e194fb,JBY-GLMX,orderid:199659,crmid:6192579156,2020-03-02T12:13:24.000Z,call center,prd1134,1583928804,1584447204,2020-03-11T12:13:24.000Z,2020-03-17T12:13:24.000Z,Restful Nights: Montreal,Restful Nights,Montreal,luxury,1,1,0,6,342.04,2052.24
fd8ec142-7dd9-11ea-91d0-b88a60e194fb,W8J-QJXI,orderid:411301,crmid:7776187740,2020-03-19T01:34:48.000Z,service desk,prd1027,1586914488,1587519288,2020-04-15T01:34:48.000Z,2020-04-22T01:34:48.000Z,Family Fun Hotels: Memphis,Family Fun Hotels,Memphis,luxury,1,1,0,7,391.26,2738.82
fd910c46-7dd9-11ea-9d48-b88a60e194fb,8ZZ-6AWF,orderid:469428,crmid:3475609019,2020-03-31T19:48:05.000Z,call center,prd1152,1586288885,1586548085,2020-04-07T19:48:05.000Z,2020-04-10T19:48:05.000Z,Repose Resort: Indianapolis,Repose Resort,Indianapolis,premium,1,1,2,3,119.52,358.56
fd92e10c-7dd9-11ea-b861-b88a60e194fb,XK0-XDUE,orderid:659533,crmid:9719828438,2020-03-18T22:15:39.000Z,call center,prd1004,1585260939,1585952139,2020-03-26T22:15:39.000Z,2020-04-03T22:15:39.000Z,Aspen Heights: Boulder,Aspen Heights,Boulder,standard,1,1,0,8,147.17,1177.36
fd948eb4-7dd9-11ea-b4db-b88a60e194fb,AKN-AF6I,orderid:834315,crmid:4839287915,2020-03-30T07:14:34.000Z,kiosk,prd1045,1587626074,1588317274,2020-04-23T07:14:34.000Z,2020-05-01T07:14:34.000Z,Admiralty Plaza: Miami,Admiralty Plaza,Miami,standard,1,1,0,8,142.83,1142.64
fd966398-7dd9-11ea-912d-b88a60e194fb,YHL-NQCM,orderid:741935,crmid:7633090446,2020-03-01T20:19:42.000Z,kiosk,prd1049,1583180382,1583266782,2020-03-02T20:19:42.000Z,2020-03-03T20:19:42.000Z,Grandeur Hotels: Tulsa,Grandeur Hotels,Tulsa,standard,1,1,0,1,150.3,150.3
fd98113a-7dd9-11ea-b584-b88a60e194fb,DI0-RTWN,orderid:618504,crmid:3703652780,2020-03-22T18:20:13.000Z,call center,prd1148,1587061213,1588098013,2020-04-16T18:20:13.000Z,2020-04-28T18:20:13.000Z,Aspen Heights: Jacksonville,Aspen Heights,Jacksonville,standard,1,1,1,12,171.99,2063.88
fd99e5b8-7dd9-11ea-b01a-b88a60e194fb,NRV-LLEY,orderid:483349,crmid:4235975296,2020-03-19T12:40:13.000Z,call center,prd1107,1586090413,1586608813,2020-04-05T12:40:13.000Z,2020-04-11T12:40:13.000Z,Hospitality Inn: Kharkiv,Hospitality Inn,Kharkiv,standard,1,1,0,6,120.5,723.0
fd9b9366-7dd9-11ea-9285-b88a60e194fb,YBS-2P9I,orderid:276536,crmid:7442815246,2020-03-12T10:41:37.000Z,mobile,prd1110,1585737697,1586342497,2020-04-01T10:41:37.000Z,2020-04-08T10:41:37.000Z,Restful Nights: Sofia,Restful Nights,Sofia,standard,1,1,0,7,124.36,870.52
fd9d4118-7dd9-11ea-91b2-b88a60e194fb,VMK-N9Q8,orderid:141261,crmid:9364454888,2020-03-30T13:20:38.000Z,service desk,prd1055,1587993638,1588425638,2020-04-27T13:20:38.000Z,2020-05-02T13:20:38.000Z,Nesting Box Inn: Bakersfield,Nesting Box Inn,Bakersfield,premium,1,1,0,5,183.6,918.0
fd9ef04a-7dd9-11ea-8982-b88a60e194fb,BKU-WIHU,orderid:153777,crmid:2905901418,2020-03-29T18:14:27.000Z,kiosk,prd1169,1585764867,1585851267,2020-04-01T18:14:27.000Z,2020-04-02T18:14:27.000Z,Grandeur Hotels: Tucson,Grandeur Hotels,Tucson,standard,1,1,0,1,169.97,169.97
fda07564-7dd9-11ea-a3ac-b88a60e194fb,ON8-NWZX,orderid:944499,crmid:2468546298,2020-03-12T04:10:39.000Z,call center,prd1135,1586059839,1586405439,2020-04-05T04:10:39.000Z,2020-04-09T04:10:39.000Z,Family Fun Hotels: Vancouver,Family Fun Hotels,Vancouver,presidential-suite,1,1,0,4,906.99,3627.96
fda24ab4-7dd9-11ea-824a-b88a60e194fb,JSF-PIR5,orderid:305935,crmid:8450882441,2020-03-01T01:08:20.000Z,call center,prd1059,1584925700,1586480900,2020-03-23T01:08:20.000Z,2020-04-10T01:08:20.000Z,Hospitality Inn: Kinshasa,Hospitality Inn,Kinshasa,luxury,1,1,0,18,416.91,7504.38
fda4471e-7dd9-11ea-b11a-b88a60e194fb,BYV-95JA,orderid:614072,crmid:5429519830,2020-03-10T03:59:06.000Z,kiosk,prd1106,1584331146,1584763146,2020-03-16T03:59:06.000Z,2020-03-21T03:59:06.000Z,Blue Reef Resort: Munich,Blue Reef Resort,Munich,standard,1,1,0,5,150.04,750.2
fda5cca2-7dd9-11ea-b9bb-b88a60e194fb,UTS-J79S,orderid:531910,crmid:9480066181,2020-03-21T12:26:13.000Z,mobile,prd1147,1587212773,1588163173,2020-04-18T12:26:13.000Z,2020-04-29T12:26:13.000Z,Family Fun Hotels: Austin,Family Fun Hotels,Austin,standard,1,1,1,11,117.62,1293.82
fda75340-7dd9-11ea-9882-b88a60e194fb,YIM-TH2S,orderid:660712,crmid:7098985435,2020-03-10T07:33:03.000Z,call center,prd1122,1583911983,1583998383,2020-03-11T07:33:03.000Z,2020-03-12T07:33:03.000Z,Restful Nights: Valencia,Restful Nights,Valencia,presidential-suite,1,1,0,1,972.17,972.17
fda8d9e4-7dd9-11ea-85b8-b88a60e194fb,HUP-WCFL,orderid:567616,crmid:3234628959,2020-03-03T05:56:59.000Z,call center,prd1044,1583733419,1583819819,2020-03-09T05:56:59.000Z,2020-03-10T05:56:59.000Z,Repose Resort: Colorado Springs,Repose Resort,Colorado Springs,standard,1,1,0,1,134.12,134.12
fdaa6080-7dd9-11ea-9f07-b88a60e194fb,0M1-HUTC,orderid:110862,crmid:8980096558,2020-03-07T02:32:55.000Z,call center,prd1160,1586140375,1586658775,2020-04-06T02:32:55.000Z,2020-04-12T02:32:55.000Z,Aspen Heights: Nashville,Aspen Heights,Nashville,standard,1,1,0,6,130.98,785.88
fdabe722-7dd9-11ea-92f7-b88a60e194fb,KOQ-92WD,orderid:234736,crmid:2750446387,2020-03-10T21:13:46.000Z,mobile,prd1099,1586380426,1586639626,2020-04-08T21:13:46.000Z,2020-04-11T21:13:46.000Z,Family Fun Hotels: Bucharest,Family Fun Hotels,Bucharest,standard,1,1,0,3,154.89,464.67
fdad46a4-7dd9-11ea-83b9-b88a60e194fb,KCR-Z4IW,orderid:980823,crmid:4152377819,2020-03-23T20:35:38.000Z,service desk,prd1179,1587501338,1587933338,2020-04-21T20:35:38.000Z,2020-04-26T20:35:38.000Z,Hospitality Inn: Miami,Hospitality Inn,Miami,standard,1,1,0,5,153.13,765.65
fdaecd4c-7dd9-11ea-8ca1-b88a60e194fb,VZM-XI4Y,orderid:168816,crmid:8922424507,2020-03-29T18:46:06.000Z,call center,prd1065,1587840366,1588445166,2020-04-25T18:46:06.000Z,2020-05-02T18:46:06.000Z,Sapphire Suites: Beijing,Sapphire Suites,Beijing,premium,1,1,0,7,182.43,1277.01
fdb02cd8-7dd9-11ea-a555-b88a60e194fb,O6O-EIPQ,orderid:533340,crmid:2232943251,2020-03-16T03:58:05.000Z,mobile,prd1184,1585886285,1586923085,2020-04-03T03:58:05.000Z,2020-04-15T03:58:05.000Z,Aspen Heights: Arlington,Aspen Heights,Arlington,premium,1,1,0,12,159.52,1914.24
fdb18c7a-7dd9-11ea-a1aa-b88a60e194fb,9QE-4UM4,orderid:129103,crmid:3079647563,2020-03-05T13:56:54.000Z,kiosk,prd1179,1584021414,1584453414,2020-03-12T13:56:54.000Z,2020-03-17T13:56:54.000Z,Hospitality Inn: Miami,Hospitality Inn,Miami,standard,1,1,0,5,90.23,451.15
fdb3612e-7dd9-11ea-8db8-b88a60e194fb,BCD-PJ2C,orderid:969394,crmid:2839793273,2020-03-27T04:50:25.000Z,mobile,prd1121,1585371025,1585543825,2020-03-28T04:50:25.000Z,2020-03-30T04:50:25.000Z,Grandeur Hotels: Stockholm,Grandeur Hotels,Stockholm,standard,1,1,0,2,147.57,295.14
fdb499a4-7dd9-11ea-84d4-b88a60e194fb,YAA-BAPK,orderid:283478,crmid:1560394397,2020-03-21T18:31:14.000Z,mobile,prd1044,1586025074,1586716274,2020-04-04T18:31:14.000Z,2020-04-12T18:31:14.000Z,Repose Resort: Colorado Springs,Repose Resort,Colorado Springs,standard,1,1,1,8,169.05,1352.4
fdb62048-7dd9-11ea-8c66-b88a60e194fb,OO9-Q9BV,orderid:825229,crmid:9430330792,2020-03-14T04:50:38.000Z,mobile,prd1176,1586062238,1586321438,2020-04-05T04:50:38.000Z,2020-04-08T04:50:38.000Z,Repose Resort: Omaha,Repose Resort,Omaha,premium,1,1,4,3,111.35,334.05
fdb77fe4-7dd9-11ea-a5da-b88a60e194fb,65F-2MFW,orderid:147760,crmid:9472735400,2020-03-03T23:00:21.000Z,call center,prd1033,1585695621,1586300421,2020-03-31T23:00:21.000Z,2020-04-07T23:00:21.000Z,Admiralty Plaza: Milwaukee,Admiralty Plaza,Milwaukee,premium,1,1,0,7,209.3,1465.1
fdb92db0-7dd9-11ea-bc26-b88a60e194fb,Y2X-BWA0,orderid:217836,crmid:8034646511,2020-03-24T23:31:59.000Z,mobile,prd1088,1586475119,1587252719,2020-04-09T23:31:59.000Z,2020-04-18T23:31:59.000Z,Aspen Heights: Ankara,Aspen Heights,Ankara,standard,1,1,0,9,114.81,1033.29
fdbab436-7dd9-11ea-91ff-b88a60e194fb,ETQ-U9OM,orderid:148287,crmid:1459704481,2020-03-18T01:32:42.000Z,call center,prd1101,1586914362,1587259962,2020-04-15T01:32:42.000Z,2020-04-19T01:32:42.000Z,Sapphire Suites: Vienna,Sapphire Suites,Vienna,premium,1,1,0,4,167.77,671.08
fdbc3abe-7dd9-11ea-be5a-b88a60e194fb,YWY-MB6E,orderid:568262,crmid:8280942326,2020-03-13T04:44:03.000Z,kiosk,prd1161,1584161043,1584333843,2020-03-14T04:44:03.000Z,2020-03-16T04:44:03.000Z,Sapphire Suites: Memphis,Sapphire Suites,Memphis,standard,1,1,0,2,112.97,225.94
fdbd9a52-7dd9-11ea-b727-b88a60e194fb,AZQ-ZHP4,orderid:246589,crmid:3218561825,2020-03-12T08:27:59.000Z,call center,prd1171,1586593679,1588062479,2020-04-11T08:27:59.000Z,2020-04-28T08:27:59.000Z,Family Fun Hotels: Sacramento,Family Fun Hotels,Sacramento,standard,1,1,0,17,197.89,3364.13
fdbed2d0-7dd9-11ea-9154-b88a60e194fb,VIR-8SHL,orderid:624564,crmid:1672121775,2020-03-14T12:23:32.000Z,call center,prd1057,1584275012,1584620612,2020-03-15T12:23:32.000Z,2020-03-19T12:23:32.000Z,Admiralty Plaza: Mumbai,Admiralty Plaza,Mumbai,premium,1,1,0,4,167.32,669.28
fdc05976-7dd9-11ea-9105-b88a60e194fb,ZLQ-O9RH,orderid:949088,crmid:6276245153,2020-03-12T03:16:32.000Z,call center,prd1155,1584069392,1584328592,2020-03-13T03:16:32.000Z,2020-03-16T03:16:32.000Z,Hospitality Inn: Denver,Hospitality Inn,Denver,standard,1,1,0,3,137.66,412.98
fdc207a8-7dd9-11ea-9bbd-b88a60e194fb,XP7-GCUN,orderid:789183,crmid:3936676579,2020-03-03T17:29:02.000Z,mobile,prd1033,1584898142,1585589342,2020-03-22T17:29:02.000Z,2020-03-30T17:29:02.000Z,Admiralty Plaza: Milwaukee,Admiralty Plaza,Milwaukee,standard,1,1,1,8,131.08,1048.64
fdc38dee-7dd9-11ea-8bd6-b88a60e194fb,XXR-PK6F,orderid:939934,crmid:5184334391,2020-03-05T18:26:29.000Z,service desk,prd1178,1585506389,1585679189,2020-03-29T18:26:29.000Z,2020-03-31T18:26:29.000Z,Blue Reef Resort: Colorado Springs,Blue Reef Resort,Colorado Springs,standard,1,1,2,2,129.69,259.38
fdc53b66-7dd9-11ea-acaf-b88a60e194fb,XJJ-3UR0,orderid:730166,crmid:3363228365,2020-03-17T11:10:17.000Z,kiosk,prd1065,1586603417,1587208217,2020-04-11T11:10:17.000Z,2020-04-18T11:10:17.000Z,Sapphire Suites: Beijing,Sapphire Suites,Beijing,standard,1,1,0,7,120.28,841.96
fdc6e924-7dd9-11ea-a28d-b88a60e194fb,FVX-H6HP,orderid:282176,crmid:5532795231,2020-03-08T23:22:10.000Z,call center,prd1074,1585524130,1585869730,2020-03-29T23:22:10.000Z,2020-04-02T23:22:10.000Z,Restful Nights: Mexico City,Restful Nights,Mexico City,standard,1,1,2,4,130.8,523.2
fdc848a6-7dd9-11ea-86a9-b88a60e194fb,B8P-1C3R,orderid:389434,crmid:3421975541,2020-03-31T16:51:17.000Z,kiosk,prd1009,1586105477,1587487877,2020-04-05T16:51:17.000Z,2020-04-21T16:51:17.000Z,Admiralty Plaza: San Antonio,Admiralty Plaza,San Antonio,premium,1,1,0,16,138.09,2209.44
fdc9a85c-7dd9-11ea-a7bf-b88a60e194fb,6NW-7BPT,orderid:100765,crmid:8917638893,2020-03-20T23:46:48.000Z,service desk,prd1125,1586908008,1587426408,2020-04-14T23:46:48.000Z,2020-04-20T23:46:48.000Z,Sapphire Suites: Palermo,Sapphire Suites,Palermo,standard,1,1,0,6,146.25,877.5
fdcb2ed8-7dd9-11ea-999e-b88a60e194fb,ZAF-KWLY,orderid:437600,crmid:8510414274,2020-03-22T01:56:30.000Z,mobile,prd1088,1586915790,1587520590,2020-04-15T01:56:30.000Z,2020-04-22T01:56:30.000Z,Aspen Heights: Ankara,Aspen Heights,Ankara,standard,1,1,0,7,135.71,949.97
fdcc8e5c-7dd9-11ea-a83e-b88a60e194fb,MNJ-8I7W,orderid:452732,crmid:6176697415,2020-03-18T19:33:24.000Z,call center,prd1117,1585510404,1585683204,2020-03-29T19:33:24.000Z,2020-03-31T19:33:24.000Z,Admiralty Plaza: Dublin,Admiralty Plaza,Dublin,standard,1,1,0,2,134.94,269.88
fdce151c-7dd9-11ea-a555-b88a60e194fb,ZB0-UQFC,orderid:190802,crmid:5147324176,2020-03-03T18:44:30.000Z,kiosk,prd1064,1585421070,1585939470,2020-03-28T18:44:30.000Z,2020-04-03T18:44:30.000Z,Aspen Heights: Paris,Aspen Heights,Paris,premium,1,1,4,6,116.43,698.58
fdcf74a4-7dd9-11ea-ac2a-b88a60e194fb,QYH-AXYW,orderid:173708,crmid:7640245423,2020-03-30T17:34:18.000Z,call center,prd1166,1587058458,1587576858,2020-04-16T17:34:18.000Z,2020-04-22T17:34:18.000Z,Blue Reef Resort: Baltimore,Blue Reef Resort,Baltimore,standard,1,1,0,6,138.18,829.08
fdd0d438-7dd9-11ea-89bf-b88a60e194fb,YVI-OYVN,orderid:884991,crmid:7678838759,2020-03-11T22:21:11.000Z,call center,prd1011,1586470871,1587075671,2020-04-09T22:21:11.000Z,2020-04-16T22:21:11.000Z,Hospitality Inn: Dallas,Hospitality Inn,Dallas,premium,1,1,0,7,166.93,1168.51
fdd25aca-7dd9-11ea-b7c3-b88a60e194fb,ETI-MHM7,orderid:409599,crmid:7588817751,2020-03-22T06:51:56.000Z,mobile,prd1098,1584946316,1585119116,2020-03-23T06:51:56.000Z,2020-03-25T06:51:56.000Z,Restful Nights: Kiev,Restful Nights,Kiev,standard,1,1,0,2,146.0,292.0
fdd3ba58-7dd9-11ea-b86c-b88a60e194fb,FCU-RHYZ,orderid:454423,crmid:6369382912,2020-03-08T19:50:10.000Z,kiosk,prd1093,1585943410,1586548210,2020-04-03T19:50:10.000Z,2020-04-10T19:50:10.000Z,Admiralty Plaza: Yokohama,Admiralty Plaza,Yokohama,standard,1,1,0,7,119.08,833.56
fdd540ee-7dd9-11ea-ba1a-b88a60e194fb,K7S-WAQU,orderid:727800,crmid:2167723488,2020-03-14T19:52:19.000Z,service desk,prd1117,1584301939,1584474739,2020-03-15T19:52:19.000Z,2020-03-17T19:52:19.000Z,Admiralty Plaza: Dublin,Admiralty Plaza,Dublin,standard,1,1,0,2,172.23,344.46
fdd540ef-7dd9-11ea-83ea-b88a60e194fb,8Q6-DZN3,orderid:122341,crmid:2167723488,2020-03-19T00:00:00.000Z,kiosk,prd1083,1584662400,1584748800,2020-03-20T00:00:00.000Z,2020-03-21T00:00:00.000Z,Hospitality Inn: Bangkok,Hospitality Inn,Bangkok,standard,1,1,0,1,181.11,181.11
fdd6c794-7dd9-11ea-90d5-b88a60e194fb,N9V-6URZ,orderid:493844,crmid:3162424607,2020-03-28T23:09:56.000Z,call center,prd1106,1585523396,1585609796,2020-03-29T23:09:56.000Z,2020-03-30T23:09:56.000Z,Blue Reef Resort: Munich,Blue Reef Resort,Munich,standard,1,1,0,1,151.14,151.14
fdd82724-7dd9-11ea-a3fa-b88a60e194fb,MJ2-AEVX,orderid:287158,crmid:3931185020,2020-03-26T04:13:09.000Z,kiosk,prd1046,1585973589,1586232789,2020-04-04T04:13:09.000Z,2020-04-07T04:13:09.000Z,Blue Reef Resort: Virginia Beach,Blue Reef Resort,Virginia Beach,premium,1,1,0,3,149.63,448.89
fdd9adf4-7dd9-11ea-94f0-b88a60e194fb,MFG-DVUF,orderid:662275,crmid:9873571643,2020-03-13T04:08:30.000Z,kiosk,prd1007,1584504510,1584677310,2020-03-18T04:08:30.000Z,2020-03-20T04:08:30.000Z,Nesting Box Inn: Phoenix,Nesting Box Inn,Phoenix,standard,1,1,0,2,175.82,351.64
fddb0d8a-7dd9-11ea-9767-b88a60e194fb,CFQ-LGSW,orderid:968770,crmid:3802479705,2020-03-05T13:35:32.000Z,kiosk,prd1173,1583501732,1583674532,2020-03-06T13:35:32.000Z,2020-03-08T13:35:32.000Z,Sapphire Suites: Kansas City,Sapphire Suites,Kansas City,premium,1,1,0,2,138.41,276.82
fddc6cd2-7dd9-11ea-8724-b88a60e194fb,PGD-1WYF,orderid:907768,crmid:7011347903,2020-03-24T04:43:02.000Z,mobile,prd1104,1587012182,1587616982,2020-04-16T04:43:02.000Z,2020-04-23T04:43:02.000Z,Repose Resort: Warsaw,Repose Resort,Warsaw,standard,1,1,0,7,173.76,1216.32
fdddcc6e-7dd9-11ea-9b5f-b88a60e194fb,ZRA-Y8RM,orderid:264330,crmid:3660507998,2020-03-13T17:47:31.000Z,call center,prd1172,1586022451,1586281651,2020-04-04T17:47:31.000Z,2020-04-07T17:47:31.000Z,Aspen Heights: Mesa,Aspen Heights,Mesa,standard,1,1,0,3,156.7,470.1
fde01662-7dd9-11ea-9957-b88a60e194fb,RQ5-JXAA,orderid:826631,crmid:8476795641,2020-03-19T15:08:38.000Z,call center,prd1059,1584716918,1584803318,2020-03-20T15:08:38.000Z,2020-03-21T15:08:38.000Z,Hospitality Inn: Kinshasa,Hospitality Inn,Kinshasa,premium,1,1,0,1,146.66,146.66
fde03dc0-7dd9-11ea-8589-b88a60e194fb,PCX-PHAO,orderid:801676,crmid:8476795641,2020-03-23T00:00:00.000Z,kiosk,prd1083,1585008000,1585094400,2020-03-24T00:00:00.000Z,2020-03-25T00:00:00.000Z,Hospitality Inn: Bangkok,Hospitality Inn,Bangkok,standard,1,1,0,1,109.01,109.01
fde23930-7dd9-11ea-8f2b-b88a60e194fb,P3P-3CWU,orderid:669207,crmid:3322168796,2020-03-12T23:10:26.000Z,call center,prd1159,1584141026,1584659426,2020-03-13T23:10:26.000Z,2020-03-19T23:10:26.000Z,Family Fun Hotels: Detroit,Family Fun Hotels,Detroit,standard,1,1,0,6,121.98,731.88
fde40dfe-7dd9-11ea-8015-b88a60e194fb,L4K-KCEW,orderid:369966,crmid:5559415009,2020-03-03T20:26:25.000Z,call center,prd1076,1584649585,1585167985,2020-03-19T20:26:25.000Z,2020-03-25T20:26:25.000Z,Aspen Heights: Bogota,Aspen Heights,Bogota,standard,1,1,2,6,127.52,765.12
fde609e2-7dd9-11ea-9add-b88a60e194fb,XFN-8Y5Q,orderid:360852,crmid:3755764838,2020-03-04T08:32:20.000Z,kiosk,prd1195,1583483540,1583569940,2020-03-06T08:32:20.000Z,2020-03-07T08:32:20.000Z,Family Fun Hotels: Lahore,Family Fun Hotels,Lahore,standard,1,1,0,1,155.09,155.09
fde7695a-7dd9-11ea-8ddc-b88a60e194fb,PXK-JPP9,orderid:347854,crmid:1333017106,2020-03-16T00:48:19.000Z,call center,prd1177,1586047699,1586825299,2020-04-05T00:48:19.000Z,2020-04-14T00:48:19.000Z,Admiralty Plaza: Raleigh,Admiralty Plaza,Raleigh,presidential-suite,1,1,0,9,884.22,7957.98
fde8efde-7dd9-11ea-87c9-b88a60e194fb,A0U-1LRQ,orderid:975313,crmid:6074671995,2020-03-26T21:52:20.000Z,mobile,prd1067,1585345940,1585432340,2020-03-27T21:52:20.000Z,2020-03-28T21:52:20.000Z,Nesting Box Inn: Istanbul,Nesting Box Inn,Istanbul,standard,1,1,0,1,146.09,146.09
fdeb12da-7dd9-11ea-a76b-b88a60e194fb,MDQ-FAJB,orderid:350519,crmid:9255143871,2020-03-05T02:11:37.000Z,kiosk,prd1023,1585534297,1586916697,2020-03-30T02:11:37.000Z,2020-04-15T02:11:37.000Z,Hospitality Inn: Boston,Hospitality Inn,Boston,standard,1,1,3,16,168.79,2700.64
fdecc08c-7dd9-11ea-95e7-b88a60e194fb,UBA-PYP4,orderid:263101,crmid:6475846907,2020-03-18T15:42:57.000Z,call center,prd1158,1586533377,1587051777,2020-04-10T15:42:57.000Z,2020-04-16T15:42:57.000Z,Restful Nights: El Paso,Restful Nights,El Paso,standard,1,1,0,6,193.08,1158.48
fdeee364-7dd9-11ea-a88d-b88a60e194fb,MO4-PP1Q,orderid:134304,crmid:4462074546,2020-03-24T20:40:54.000Z,call center,prd1184,1586983254,1587501654,2020-04-15T20:40:54.000Z,2020-04-21T20:40:54.000Z,Aspen Heights: Arlington,Aspen Heights,Arlington,ultra-luxury,1,1,0,6,340.53,2043.18
fdf0911c-7dd9-11ea-a60a-b88a60e194fb,3M6-63GA,orderid:353528,crmid:3174875553,2020-03-10T05:34:55.000Z,call center,prd1104,1586151295,1586756095,2020-04-06T05:34:55.000Z,2020-04-13T05:34:55.000Z,Repose Resort: Warsaw,Repose Resort,Warsaw,standard,1,1,0,7,106.33,744.31
fdf28cec-7dd9-11ea-90b6-b88a60e194fb,XN1-D1TT,orderid:515863,crmid:9497942708,2020-03-14T20:47:06.000Z,mobile,prd1160,1586119626,1586551626,2020-04-05T20:47:06.000Z,2020-04-10T20:47:06.000Z,Aspen Heights: Nashville,Aspen Heights,Nashville,standard,1,1,0,5,159.24,796.2
fdf3ec76-7dd9-11ea-9ebb-b88a60e194fb,GXB-57IT,orderid:159680,crmid:8297353393,2020-03-25T23:44:47.000Z,kiosk,prd1065,1587253487,1587426287,2020-04-18T23:44:47.000Z,2020-04-20T23:44:47.000Z,Sapphire Suites: Beijing,Sapphire Suites,Beijing,standard,1,1,0,2,106.38,212.76
fdf6364a-7dd9-11ea-bd39-b88a60e194fb,QUU-WLQM,orderid:851917,crmid:3851027464,2020-03-06T03:58:36.000Z,service desk,prd1160,1585195116,1585713516,2020-03-26T03:58:36.000Z,2020-04-01T03:58:36.000Z,Aspen Heights: Nashville,Aspen Heights,Nashville,standard,1,1,0,6,132.38,794.28
fdf80b0c-7dd9-11ea-8680-b88a60e194fb,EFD-1C45,orderid:618055,crmid:8029848251,2020-03-10T13:36:03.000Z,mobile,prd1131,1583933763,1584020163,2020-03-11T13:36:03.000Z,2020-03-12T13:36:03.000Z,Hospitality Inn: Sheffield,Hospitality Inn,Sheffield,premium,1,1,0,1,164.3,164.3
fdf83228-7dd9-11ea-8139-b88a60e194fb,SPD-CHQ2,orderid:395047,crmid:8029848251,2020-03-13T00:00:00.000Z,mobile,prd1175,1584144000,1584230400,2020-03-14T00:00:00.000Z,2020-03-15T00:00:00.000Z,Nesting Box Inn: Long Beach,Nesting Box Inn,Long Beach,premium,1,1,0,1,183.39,183.39
fdf9b8c8-7dd9-11ea-b62e-b88a60e194fb,WN5-OPTA,orderid:581939,crmid:2236014280,2020-03-23T04:39:37.000Z,call center,prd1022,1585888777,1587530377,2020-04-03T04:39:37.000Z,2020-04-22T04:39:37.000Z,Blue Reef Resort: Washington DC,Blue Reef Resort,Washington DC,premium,1,1,0,19,113.69,2160.11
fdfb6668-7dd9-11ea-9ddf-b88a60e194fb,9WH-3V7S,orderid:214095,crmid:6265081284,2020-03-28T05:51:45.000Z,call center,prd1022,1587016305,1587621105,2020-04-16T05:51:45.000Z,2020-04-23T05:51:45.000Z,Blue Reef Resort: Washington DC,Blue Reef Resort,Washington DC,standard,1,1,0,7,132.42,926.94
fdfd3b36-7dd9-11ea-923b-b88a60e194fb,6PV-XJUW,orderid:616711,crmid:3113800312,2020-03-23T16:57:25.000Z,kiosk,prd1182,1587056245,1587229045,2020-04-16T16:57:25.000Z,2020-04-18T16:57:25.000Z,Restful Nights: Minneapolis,Restful Nights,Minneapolis,ultra-luxury,1,1,0,2,423.4,846.8
fdfe73ba-7dd9-11ea-91fb-b88a60e194fb,MOP-JWT0,orderid:989350,crmid:2087578987,2020-03-11T14:14:20.000Z,call center,prd1035,1584108860,1584195260,2020-03-13T14:14:20.000Z,2020-03-14T14:14:20.000Z,Hospitality Inn: Tucson,Hospitality Inn,Tucson,standard,1,1,0,1,171.41,171.41
fdfffa4c-7dd9-11ea-a553-b88a60e194fb,85S-CMAP,orderid:179881,crmid:1816906608,2020-03-02T06:05:23.000Z,call center,prd1021,1584165923,1584252323,2020-03-14T06:05:23.000Z,2020-03-15T06:05:23.000Z,Admiralty Plaza: Denver,Admiralty Plaza,Denver,standard,1,1,3,1,120.68,120.68
fe0159dc-7dd9-11ea-a541-b88a60e194fb,YIE-PXHB,orderid:300961,crmid:1457625332,2020-03-22T23:00:59.000Z,mobile,prd1196,1585004459,1585177259,2020-03-23T23:00:59.000Z,2020-03-25T23:00:59.000Z,Aspen Heights: Moscow,Aspen Heights,Moscow,standard,1,1,0,2,97.64,195.28
fe018106-7dd9-11ea-acda-b88a60e194fb,PF4-8B7I,orderid:346646,crmid:1457625332,2020-03-27T00:00:00.000Z,kiosk,prd1196,1585612800,1585958400,2020-03-31T00:00:00.000Z,2020-04-04T00:00:00.000Z,Aspen Heights: Moscow,Aspen Heights,Moscow,premium,1,1,0,4,117.55,470.2
fe03079a-7dd9-11ea-9dfc-b88a60e194fb,IOF-VSAN,orderid:535602,crmid:7630602973,2020-03-28T16:49:02.000Z,service desk,prd1153,1585500542,1585759742,2020-03-29T16:49:02.000Z,2020-04-01T16:49:02.000Z,Admiralty Plaza: Charlotte,Admiralty Plaza,Charlotte,premium,1,1,0,3,159.46,478.38
fe048e52-7dd9-11ea-8317-b88a60e194fb,VLB-YCJ0,orderid:610305,crmid:2573820847,2020-03-22T15:23:59.000Z,kiosk,prd1149,1586791439,1587396239,2020-04-13T15:23:59.000Z,2020-04-20T15:23:59.000Z,Sapphire Suites: San Francisco,Sapphire Suites,San Francisco,standard,1,1,0,7,111.6,781.2
fe063bfa-7dd9-11ea-9a4b-b88a60e194fb,M6W-EMZA,orderid:260575,crmid:4382701384,2020-03-31T21:35:01.000Z,call center,prd1161,1585776901,1587159301,2020-04-01T21:35:01.000Z,2020-04-17T21:35:01.000Z,Sapphire Suites: Memphis,Sapphire Suites,Memphis,luxury,1,1,0,16,306.41,4902.56
fe07c27a-7dd9-11ea-ad3c-b88a60e194fb,PGG-OTW4,orderid:537415,crmid:8064569868,2020-03-04T09:19:37.000Z,call center,prd1159,1585300777,1585646377,2020-03-27T09:19:37.000Z,2020-03-31T09:19:37.000Z,Family Fun Hotels: Detroit,Family Fun Hotels,Detroit,premium,1,1,1,4,111.18,444.72
fe097040-7dd9-11ea-a529-b88a60e194fb,TWF-2W4H,orderid:329742,crmid:4371643849,2020-03-30T04:36:24.000Z,kiosk,prd1052,1587184584,1587962184,2020-04-18T04:36:24.000Z,2020-04-27T04:36:24.000Z,Aspen Heights: Wichita,Aspen Heights,Wichita,standard,1,1,4,9,149.07,1341.63
fe0aa8b0-7dd9-11ea-856c-b88a60e194fb,S5T-YS5W,orderid:875779,crmid:2388705952,2020-03-28T01:41:45.000Z,call center,prd1059,1587260505,1587951705,2020-04-19T01:41:45.000Z,2020-04-27T01:41:45.000Z,Hospitality Inn: Kinshasa,Hospitality Inn,Kinshasa,standard,1,1,0,8,132.63,1061.04
fe0c5654-7dd9-11ea-a6f1-b88a60e194fb,Z4G-ZPR8,orderid:281859,crmid:7941849719,2020-03-17T10:51:52.000Z,call center,prd1181,1586775112,1587293512,2020-04-13T10:51:52.000Z,2020-04-19T10:51:52.000Z,Grandeur Hotels: Oakland,Grandeur Hotels,Oakland,standard,1,1,0,6,162.21,973.26
fe0db5d4-7dd9-11ea-a1db-b88a60e194fb,JWJ-VNOK,orderid:201892,crmid:1636529118,2020-03-19T03:05:10.000Z,mobile,prd1033,1584759910,1584846310,2020-03-21T03:05:10.000Z,2020-03-22T03:05:10.000Z,Admiralty Plaza: Milwaukee,Admiralty Plaza,Milwaukee,standard,1,1,0,1,162.93,162.93
fe0f8aa4-7dd9-11ea-80c0-b88a60e194fb,7HH-ZWIZ,orderid:497509,crmid:1680493142,2020-03-13T04:54:34.000Z,kiosk,prd1075,1584161674,1584334474,2020-03-14T04:54:34.000Z,2020-03-16T04:54:34.000Z,Family Fun Hotels: Bangalore,Family Fun Hotels,Bangalore,premium,1,1,0,2,117.82,235.64
fe11384a-7dd9-11ea-93b9-b88a60e194fb,KXN-DTNW,orderid:306444,crmid:6418065818,2020-03-08T02:11:16.000Z,call center,prd1098,1585447876,1586225476,2020-03-29T02:11:16.000Z,2020-04-07T02:11:16.000Z,Restful Nights: Kiev,Restful Nights,Kiev,premium,1,1,0,9,150.77,1356.93
fe12bf08-7dd9-11ea-a3cc-b88a60e194fb,DBY-62FY,orderid:527813,crmid:3870497465,2020-03-26T12:37:32.000Z,call center,prd1033,1585399052,1585744652,2020-03-28T12:37:32.000Z,2020-04-01T12:37:32.000Z,Admiralty Plaza: Milwaukee,Admiralty Plaza,Milwaukee,premium,1,1,0,4,142.6,570.4
fe1445a2-7dd9-11ea-9e3b-b88a60e194fb,NZZ-HTVJ,orderid:833626,crmid:9046229918,2020-03-14T20:53:01.000Z,call center,prd1040,1586292781,1586811181,2020-04-07T20:53:01.000Z,2020-04-13T20:53:01.000Z,Aspen Heights: Atlanta,Aspen Heights,Atlanta,premium,1,1,0,6,101.77,610.62
fe15cc30-7dd9-11ea-bd3b-b88a60e194fb,OV2-ZZ9C,orderid:334362,crmid:8530202522,2020-03-18T02:47:08.000Z,call center,prd1028,1586400428,1587091628,2020-04-09T02:47:08.000Z,2020-04-17T02:47:08.000Z,Aspen Heights: Portland,Aspen Heights,Portland,standard,1,1,0,8,106.92,855.36
fe17a0e6-7dd9-11ea-96c8-b88a60e194fb,K3F-RNDA,orderid:752342,crmid:1291527089,2020-03-31T16:45:00.000Z,call center,prd1065,1587141900,1588697100,2020-04-17T16:45:00.000Z,2020-05-05T16:45:00.000Z,Sapphire Suites: Beijing,Sapphire Suites,Beijing,standard,1,1,0,18,125.3,2255.4
fe192780-7dd9-11ea-aed4-b88a60e194fb,VT1-6VS1,orderid:662399,crmid:1254648069,2020-03-12T20:04:32.000Z,mobile,prd1189,1584302672,1584389072,2020-03-15T20:04:32.000Z,2020-03-16T20:04:32.000Z,Admiralty Plaza: Bakersfield,Admiralty Plaza,Bakersfield,standard,1,1,0,1,159.5,159.5
fe1b2382-7dd9-11ea-bbe1-b88a60e194fb,YHJ-TQGT,orderid:285839,crmid:1699484964,2020-03-22T19:27:00.000Z,mobile,prd1014,1586978820,1588274820,2020-04-15T19:27:00.000Z,2020-04-30T19:27:00.000Z,Restful Nights: Jacksonville,Restful Nights,Jacksonville,standard,1,1,0,15,117.49,1762.35
fe1d1f46-7dd9-11ea-8cb0-b88a60e194fb,OM0-S0CX,orderid:739716,crmid:9583386314,2020-03-15T18:04:54.000Z,mobile,prd1177,1586196294,1587837894,2020-04-06T18:04:54.000Z,2020-04-25T18:04:54.000Z,Admiralty Plaza: Raleigh,Admiralty Plaza,Raleigh,premium,1,1,0,19,123.97,2355.43
fe1e7eb4-7dd9-11ea-a8be-b88a60e194fb,XTT-VK9X,orderid:453869,crmid:7071605084,2020-03-20T07:04:01.000Z,kiosk,prd1016,1584860641,1584947041,2020-03-22T07:04:01.000Z,2020-03-23T07:04:01.000Z,Aspen Heights: Columbus,Aspen Heights,Columbus,standard,1,1,0,1,154.71,154.71
fe1ea5c0-7dd9-11ea-8832-b88a60e194fb,ILT-NH9S,orderid:401978,crmid:7071605084,2020-03-25T00:00:00.000Z,kiosk,prd1100,1585180800,1585353600,2020-03-26T00:00:00.000Z,2020-03-28T00:00:00.000Z,Aspen Heights: Misk,Aspen Heights,Misk,standard,1,1,0,2,95.28,190.56
fe202c86-7dd9-11ea-a643-b88a60e194fb,HRZ-LLD2,orderid:536692,crmid:3294693511,2020-03-03T19:47:32.000Z,kiosk,prd1129,1584647252,1585252052,2020-03-19T19:47:32.000Z,2020-03-26T19:47:32.000Z,Admiralty Plaza: Helsinki,Admiralty Plaza,Helsinki,premium,1,1,0,7,97.1,679.7
fe218c58-7dd9-11ea-928d-b88a60e194fb,4BJ-YSRJ,orderid:387855,crmid:2458081547,2020-03-12T09:20:21.000Z,call center,prd1142,1585992021,1587374421,2020-04-04T09:20:21.000Z,2020-04-20T09:20:21.000Z,Blue Reef Resort: Philadelphia,Blue Reef Resort,Philadelphia,standard,1,1,0,16,155.58,2489.28
fe23132e-7dd9-11ea-bc28-b88a60e194fb,PT1-CNBF,orderid:965743,crmid:8947192339,2020-03-18T05:43:51.000Z,kiosk,prd1124,1586151831,1586583831,2020-04-06T05:43:51.000Z,2020-04-11T05:43:51.000Z,Aspen Heights: Leeds,Aspen Heights,Leeds,standard,1,1,1,5,137.27,686.35
fe247218-7dd9-11ea-8119-b88a60e194fb,A9V-HTZR,orderid:641826,crmid:9758377744,2020-03-30T20:03:15.000Z,kiosk,prd1055,1587499395,1587758595,2020-04-21T20:03:15.000Z,2020-04-24T20:03:15.000Z,Nesting Box Inn: Bakersfield,Nesting Box Inn,Bakersfield,premium,1,1,0,3,157.65,472.95
fe25f8c8-7dd9-11ea-989b-b88a60e194fb,ZNZ-8NKY,orderid:734242,crmid:1676331667,2020-03-23T15:36:47.000Z,kiosk,prd1121,1586705807,1587397007,2020-04-12T15:36:47.000Z,2020-04-20T15:36:47.000Z,Grandeur Hotels: Stockholm,Grandeur Hotels,Stockholm,luxury,1,1,0,8,303.78,2430.24
fe277f68-7dd9-11ea-92b1-b88a60e194fb,QCN-LNRV,orderid:318728,crmid:8666582444,2020-03-30T01:44:08.000Z,call center,prd1196,1585705448,1586137448,2020-04-01T01:44:08.000Z,2020-04-06T01:44:08.000Z,Aspen Heights: Moscow,Aspen Heights,Moscow,standard,1,1,0,5,133.96,669.8
fe27a674-7dd9-11ea-b826-b88a60e194fb,EAK-W7UL,orderid:609864,crmid:8666582444,2020-04-08T00:00:00.000Z,service desk,prd1136,1586390400,1586563200,2020-04-09T00:00:00.000Z,2020-04-11T00:00:00.000Z,Aspen Heights: Osaka,Aspen Heights,Osaka,premium,1,1,0,2,138.82,277.64
fe292d4c-7dd9-11ea-9e80-b88a60e194fb,94D-ESB6,orderid:493987,crmid:7324891314,2020-03-27T08:42:11.000Z,kiosk,prd1148,1587285731,1587717731,2020-04-19T08:42:11.000Z,2020-04-24T08:42:11.000Z,Aspen Heights: Jacksonville,Aspen Heights,Jacksonville,standard,1,1,4,5,133.92,669.6
fe2a8cac-7dd9-11ea-bd4f-b88a60e194fb,FUS-JKNN,orderid:767220,crmid:2115082731,2020-03-06T11:10:01.000Z,kiosk,prd1092,1585048201,1586085001,2020-03-24T11:10:01.000Z,2020-04-05T11:10:01.000Z,Repose Resort: Cape Town,Repose Resort,Cape Town,standard,1,1,0,12,129.64,1555.68
fe2c133e-7dd9-11ea-bb6b-b88a60e194fb,W9V-KCKE,orderid:877608,crmid:1792854857,2020-03-08T09:51:24.000Z,call center,prd1093,1584006684,1584093084,2020-03-12T09:51:24.000Z,2020-03-13T09:51:24.000Z,Admiralty Plaza: Yokohama,Admiralty Plaza,Yokohama,standard,1,1,0,1,171.42,171.42
fe2d72ba-7dd9-11ea-82a8-b88a60e194fb,07X-WKZK,orderid:745609,crmid:1362589055,2020-03-09T12:19:24.000Z,call center,prd1009,1584188364,1584793164,2020-03-14T12:19:24.000Z,2020-03-21T12:19:24.000Z,Admiralty Plaza: San Antonio,Admiralty Plaza,San Antonio,standard,1,1,0,7,164.79,1153.53
fe2ed2dc-7dd9-11ea-be9b-b88a60e194fb,UWN-6LSR,orderid:376857,crmid:7178117775,2020-03-22T19:19:25.000Z,kiosk,prd1136,1587151165,1588533565,2020-04-17T19:19:25.000Z,2020-05-03T19:19:25.000Z,Aspen Heights: Osaka,Aspen Heights,Osaka,standard,1,1,3,16,141.64,2266.24
fe3058e8-7dd9-11ea-b42e-b88a60e194fb,NV6-ZOD1,orderid:178945,crmid:1337320751,2020-03-20T02:08:38.000Z,kiosk,prd1088,1585706918,1586398118,2020-04-01T02:08:38.000Z,2020-04-09T02:08:38.000Z,Aspen Heights: Ankara,Aspen Heights,Ankara,standard,1,1,0,8,137.62,1100.96
fe31dfa6-7dd9-11ea-a5a5-b88a60e194fb,RHX-ZUPM,orderid:953090,crmid:2686406896,2020-03-25T02:42:11.000Z,call center,prd1165,1585536131,1586054531,2020-03-30T02:42:11.000Z,2020-04-05T02:42:11.000Z,Admiralty Plaza: Louisville,Admiralty Plaza,Louisville,luxury,1,1,0,6,348.66,2091.96
fe333f1a-7dd9-11ea-9fa2-b88a60e194fb,TLQ-9I9U,orderid:416252,crmid:9585039098,2020-03-19T07:59:27.000Z,service desk,prd1077,1585468767,1586505567,2020-03-29T07:59:27.000Z,2020-04-10T07:59:27.000Z,Sapphire Suites: Cairo,Sapphire Suites,Cairo,standard,1,1,0,12,140.31,1683.72
fe349ec6-7dd9-11ea-8108-b88a60e194fb,G18-P7C2,orderid:491728,crmid:1786332361,2020-03-14T21:17:51.000Z,kiosk,prd1015,1584998271,1586207871,2020-03-23T21:17:51.000Z,2020-04-06T21:17:51.000Z,Family Fun Hotels: San Francisco,Family Fun Hotels,San Francisco,standard,1,1,0,14,111.9,1566.6
fe35fecc-7dd9-11ea-b776-b88a60e194fb,CEM-2M88,orderid:689483,crmid:3502064431,2020-03-26T07:13:40.000Z,kiosk,prd1080,1587107620,1587539620,2020-04-17T07:13:40.000Z,2020-04-22T07:13:40.000Z,Repose Resort: Hyderabad,Repose Resort,Hyderabad,premium,1,1,0,5,156.81,784.05
fe3a9224-7dd9-11ea-9ee1-b88a60e194fb,GDR-ZCBS,orderid:776556,crmid:2932498771,2020-03-31T14:19:34.000Z,kiosk,prd1122,1587392374,1587651574,2020-04-20T14:19:34.000Z,2020-04-23T14:19:34.000Z,Restful Nights: Valencia,Restful Nights,Valencia,premium,1,1,0,3,139.64,418.92
fe3c6706-7dd9-11ea-b267-b88a60e194fb,AE7-XTBU,orderid:978507,crmid:3658648837,2020-03-13T19:53:04.000Z,mobile,prd1070,1585684384,1586548384,2020-03-31T19:53:04.000Z,2020-04-10T19:53:04.000Z,Blue Reef Resort: Jakarta,Blue Reef Resort,Jakarta,standard,1,1,0,10,107.42,1074.2
fe3e3b9c-7dd9-11ea-b34b-b88a60e194fb,NC8-JPOA,orderid:648619,crmid:8921856406,2020-03-30T10:38:26.000Z,mobile,prd1113,1586169506,1586774306,2020-04-06T10:38:26.000Z,2020-04-13T10:38:26.000Z,Sapphire Suites: Kazan,Sapphire Suites,Kazan,premium,1,1,3,7,166.13,1162.91
fe3fe964-7dd9-11ea-90c9-b88a60e194fb,IGW-6Y6J,orderid:133810,crmid:9281164209,2020-03-12T15:57:45.000Z,call center,prd1064,1585843065,1586707065,2020-04-02T15:57:45.000Z,2020-04-12T15:57:45.000Z,Aspen Heights: Paris,Aspen Heights,Paris,standard,1,1,1,10,186.07,1860.7
fe417008-7dd9-11ea-8a0a-b88a60e194fb,OWI-1OP3,orderid:861207,crmid:4702328969,2020-03-21T17:22:10.000Z,call center,prd1052,1587403330,1588180930,2020-04-20T17:22:10.000Z,2020-04-29T17:22:10.000Z,Aspen Heights: Wichita,Aspen Heights,Wichita,standard,1,1,0,9,142.48,1282.32
fe436bba-7dd9-11ea-be25-b88a60e194fb,ST6-07VP,orderid:773442,crmid:8043601529,2020-03-02T01:48:08.000Z,kiosk,prd1184,1583200088,1583632088,2020-03-03T01:48:08.000Z,2020-03-08T01:48:08.000Z,Aspen Heights: Arlington,Aspen Heights,Arlington,premium,1,1,0,5,119.65,598.25
fe458ed4-7dd9-11ea-ad06-b88a60e194fb,T8U-KWAM,orderid:545455,crmid:1345317748,2020-03-12T18:11:52.000Z,call center,prd1153,1586542312,1587665512,2020-04-10T18:11:52.000Z,2020-04-23T18:11:52.000Z,Admiralty Plaza: Charlotte,Admiralty Plaza,Charlotte,premium,1,1,0,13,131.55,1710.15
fe478af0-7dd9-11ea-b868-b88a60e194fb,OY8-L0UK,orderid:589901,crmid:6207651483,2020-03-11T20:22:54.000Z,call center,prd1105,1586118174,1586809374,2020-04-05T20:22:54.000Z,2020-04-13T20:22:54.000Z,Admiralty Plaza: Barcelona,Admiralty Plaza,Barcelona,premium,1,1,0,8,128.1,1024.8
fe49ad66-7dd9-11ea-806c-b88a60e194fb,JVG-7ID9,orderid:995952,crmid:6326600256,2020-03-31T10:02:32.000Z,kiosk,prd1110,1585735352,1586167352,2020-04-01T10:02:32.000Z,2020-04-06T10:02:32.000Z,Restful Nights: Sofia,Restful Nights,Sofia,standard,1,1,0,5,137.38,686.9
fe4b5b02-7dd9-11ea-ab61-b88a60e194fb,XMK-FTXH,orderid:596698,crmid:5906708931,2020-03-17T14:24:20.000Z,mobile,prd1029,1585923860,1586528660,2020-04-03T14:24:20.000Z,2020-04-10T14:24:20.000Z,Sapphire Suites: Oklahoma City,Sapphire Suites,Oklahoma City,premium,1,1,1,7,152.89,1070.23
fe4d2fc0-7dd9-11ea-8a35-b88a60e194fb,FO2-IGZY,orderid:221433,crmid:9491884620,2020-03-13T06:29:46.000Z,mobile,prd1035,1586240986,1586500186,2020-04-07T06:29:46.000Z,2020-04-10T06:29:46.000Z,Hospitality Inn: Tucson,Hospitality Inn,Tucson,luxury,1,1,0,3,367.76,1103.28
fe4f2b9a-7dd9-11ea-b17d-b88a60e194fb,LDT-XUIC,orderid:869459,crmid:9365697648,2020-03-31T07:06:13.000Z,call center,prd1089,1585724773,1586070373,2020-04-01T07:06:13.000Z,2020-04-05T07:06:13.000Z,Sapphire Suites: Rome,Sapphire Suites,Rome,standard,1,1,0,4,81.47,325.88
fe50b230-7dd9-11ea-b2cb-b88a60e194fb,3M6-6J7K,orderid:408606,crmid:1697696084,2020-03-31T14:53:15.000Z,mobile,prd1084,1587826395,1589122395,2020-04-25T14:53:15.000Z,2020-05-10T14:53:15.000Z,Sandhill: Santiago,Sandhill,Santiago,standard,1,1,1,15,147.89,2218.35
fe52d50a-7dd9-11ea-9bca-b88a60e194fb,GTO-KGWC,orderid:110429,crmid:9923672062,2020-03-06T08:27:48.000Z,kiosk,prd1192,1585470468,1586939268,2020-03-29T08:27:48.000Z,2020-04-15T08:27:48.000Z,Sandhill: Delhi,Sandhill,Delhi,premium,1,1,0,17,161.57,2746.69
fe54a9b0-7dd9-11ea-ac83-b88a60e194fb,UFS-JSPB,orderid:144968,crmid:7076260735,2020-03-03T14:17:25.000Z,kiosk,prd1047,1585318645,1585837045,2020-03-27T14:17:25.000Z,2020-04-02T14:17:25.000Z,Hospitality Inn: Oakland,Hospitality Inn,Oakland,standard,1,1,1,6,124.13,744.78
