{"_id": "orderid:241581", "timestamp": "2019-12-30T10:58:38.000Z", "eventType": "transaction", "_adobeamericaspot3": {"CRMID": "crmid:7978220751", "orderDetails": {"orderID": "orderid:241581", "reservationid": "S7B-5U9E", "orderType": "kiosk", "hotelSKU": "prd1040", "hotelCheckInUnix": "1580122718", "hotelCheckOutUnix": "1580554718", "hotelCheckInTS": "2020-01-27T10:58:38+00:00", "hotelCheckOutTS": "2020-02-01T10:58:38+00:00", "hotelChain": "Aspen Heights", "hotelName": "Aspen Heights: Atlanta", "hotelLocation": "Atlanta", "hotelRoomType": "standard", "hotelRoomCount": "1", "hotelGuestAdultCount": "1", "hotelGuestChildCount": "0", "hotelNightCount": "5", "hotelRoomPrice": "102.33", "hotelFinalPrice": "511.65"}}}
{"_id": "orderid:447846", "timestamp": "2019-12-07T17:11:54.000Z", "eventType": "transaction", "_adobeamericaspot3": {"CRMID": "crmid:1530873940", "orderDetails": {"orderID": "orderid:447846", "reservationid": "XLB-TFF0", "orderType": "service desk", "hotelSKU": "prd1051", "hotelCheckInUnix": "1576775514", "hotelCheckOutUnix": "1578330714", "hotelCheckInTS": "2019-12-19T17:11:54+00:00", "hotelCheckOutTS": "2020-01-06T17:11:54+00:00", "hotelChain": "Family Fun Hotels", "hotelName": "Family Fun Hotels: New Orleans", "hotelLocation": "New Orleans", "hotelRoomType": "standard", "hotelRoomCount": "1", "hotelGuestAdultCount": "1", "hotelGuestChildCount": "0", "hotelNightCount": "18", "hotelRoomPrice": "120.07", "hotelFinalPrice": "2161.26"}}}
{"_id": "orderid:472102", "timestamp": "2020-02-05T05:45:25.000Z", "eventType": "transaction", "_adobeamericaspot3": {"CRMID": "crmid:8143516499", "orderDetails": {"orderID": "orderid:472102", "reservationid": "XHV-XNRW", "orderType": "call center", "hotelSKU": "prd1099", "hotelCheckInUnix": "1582091125", "hotelCheckOutUnix": "1582263925", "hotelCheckInTS": "2020-02-19T05:45:25+00:00", "hotelCheckOutTS": "2020-02-21T05:45:25+00:00", "hotelChain": "Family Fun Hotels", "hotelName": "Family Fun Hotels: Bucharest", "hotelLocation": "Bucharest", "hotelRoomType": "premium", "hotelRoomCount": "1", "hotelGuestAdultCount": "1", "hotelGuestChildCount": "0", "hotelNightCount": "2", "hotelRoomPrice": "141.05", "hotelFinalPrice": "282.1"}}}
{"_id": "orderid:399439", "timestamp": "2019-12-26T21:51:38.000Z", "eventType": "transaction", "_adobeamericaspot3": {"CRMID": "crmid:9714184364", "orderDetails": {"orderID": "orderid:399439", "reservationid": "EGP-PAA2", "orderType": "call center", "hotelSKU": "prd1084", "hotelCheckInUnix": "1577483498", "hotelCheckOutUnix": "1577569898", "hotelCheckInTS": "2019-12-27T21:51:38+00:00", "hotelCheckOutTS": "2019-12-28T21:51:38+00:00", "hotelChain": "Sandhill", "hotelName": "Sandhill: Santiago", "hotelLocation": "Santiago", "hotelRoomType": "ultra-luxury", "hotelRoomCount": "1", "hotelGuestAdultCount": "1", "hotelGuestChildCount": "0", "hotelNightCount": "1", "hotelRoomPrice": "315.98", "hotelFinalPrice": "315.98"}}}
{"_id": "orderid:885205", "timestamp": "2020-02-12T12:18:49.000Z", "eventType": "transaction", "_adobeamericaspot3": {"CRMID": "crmid:3473960585", "orderDetails": {"orderID": "orderid:885205", "reservationid": "DVF-KWGH", "orderType": "website", "hotelSKU": "prd1154", "hotelCheckInUnix": "1581941929", "hotelCheckOutUnix": "1582287529", "hotelCheckInTS": "2020-02-17T12:18:49+00:00", "hotelCheckOutTS": "2020-02-21T12:18:49+00:00", "hotelChain": "Blue Reef Resort", "hotelName": "Blue Reef Resort: Seattle", "hotelLocation": "Seattle", "hotelRoomType": "standard", "hotelRoomCount": "1", "hotelGuestAdultCount": "1", "hotelGuestChildCount": "0", "hotelNightCount": "4", "hotelRoomPrice": "132.63", "hotelFinalPrice": "530.52"}}}
{"_id": "orderid:759723", "timestamp": "2019-12-28T20:35:12.000Z", "eventType": "transaction", "_adobeamericaspot3": {"CRMID": "crmid:3798093377", "orderDetails": {"orderID": "orderid:759723", "reservationid": "QSB-QXPM", "orderType": "website", "hotelSKU": "prd1059", "hotelCheckInUnix": "1579120512", "hotelCheckOutUnix": "1579984512", "hotelCheckInTS": "2020-01-15T20:35:12+00:00", "hotelCheckOutTS": "2020-01-25T20:35:12+00:00", "hotelChain": "Hospitality Inn", "hotelName": "Hospitality Inn: Kinshasa", "hotelLocation": "Kinshasa", "hotelRoomType": "premium", "hotelRoomCount": "1", "hotelGuestAdultCount": "1", "hotelGuestChildCount": "0", "hotelNightCount": "10", "hotelRoomPrice": "131.21", "hotelFinalPrice": "1312.1"}}}
{"_id": "orderid:776672", "timestamp": "2020-01-02T16:07:21.000Z", "eventType": "transaction", "_adobeamericaspot3": {"CRMID": "crmid:6567306741", "orderDetails": {"orderID": "orderid:776672", "reservationid": "F9N-BL2G", "orderType": "kiosk", "hotelSKU": "prd1075", "hotelCheckInUnix": "1578586041", "hotelCheckOutUnix": "1579104441", "hotelCheckInTS": "2020-01-09T16:07:21+00:00", "hotelCheckOutTS": "2020-01-15T16:07:21+00:00", "hotelChain": "Family Fun Hotels", "hotelName": "Family Fun Hotels: Bangalore", "hotelLocation": "Bangalore", "hotelRoomType": "standard", "hotelRoomCount": "1", "hotelGuestAdultCount": "1", "hotelGuestChildCount": "3", "hotelNightCount": "6", "hotelRoomPrice": "139.91", "hotelFinalPrice": "839.46"}}}
{"_id": "orderid:262190", "timestamp": "2019-12-11T17:01:04.000Z", "eventType": "transaction", "_adobeamericaspot3": {"CRMID": "crmid:8107719436", "orderDetails": {"orderID": "orderid:262190", "reservationid": "XA6-FTED", "orderType": "call center", "hotelSKU": "prd1033", "hotelCheckInUnix": "1577898064", "hotelCheckOutUnix": "1579366864", "hotelCheckInTS": "2020-01-01T17:01:04+00:00", "hotelCheckOutTS": "2020-01-18T17:01:04+00:00", "hotelChain": "Admiralty Plaza", "hotelName": "Admiralty Plaza: Milwaukee", "hotelLocation": "Milwaukee", "hotelRoomType": "standard", "hotelRoomCount": "1", "hotelGuestAdultCount": "1", "hotelGuestChildCount": "3", "hotelNightCount": "17", "hotelRoomPrice": "145.17", "hotelFinalPrice": "2467.89"}}}
{"_id": "orderid:444700", "timestamp": "2019-12-11T14:22:35.000Z", "eventType": "transaction", "_adobeamericaspot3": {"CRMID": "crmid:6860857611", "orderDetails": {"orderID": "orderid:444700", "reservationid": "WJD-UDP1", "orderType": "website", "hotelSKU": "prd1045", "hotelCheckInUnix": "1577888555", "hotelCheckOutUnix": "1578493355", "hotelCheckInTS": "2020-01-01T14:22:35+00:00", "hotelCheckOutTS": "2020-01-08T14:22:35+00:00", "hotelChain": "Admiralty Plaza", "hotelName": "Admiralty Plaza: Miami", "hotelLocation": "Miami", "hotelRoomType": "luxury", "hotelRoomCount": "1", "hotelGuestAdultCount": "1", "hotelGuestChildCount": "0", "hotelNightCount": "7", "hotelRoomPrice": "333.14", "hotelFinalPrice": "2331.98"}}}
{"_id": "orderid:551708", "timestamp": "2019-12-05T09:40:23.000Z", "eventType": "transaction", "_adobeamericaspot3": {"CRMID": "crmid:8090408367", "orderDetails": {"orderID": "orderid:551708", "reservationid": "SXD-65MB", "orderType": "website", "hotelSKU": "prd1182", "hotelCheckInUnix": "1577266823", "hotelCheckOutUnix": "1577612423", "hotelCheckInTS": "2019-12-25T09:40:23+00:00", "hotelCheckOutTS": "2019-12-29T09:40:23+00:00", "hotelChain": "Restful Nights", "hotelName": "Restful Nights: Minneapolis", "hotelLocation": "Minneapolis", "hotelRoomType": "standard", "hotelRoomCount": "1", "hotelGuestAdultCount": "1", "hotelGuestChildCount": "0", "hotelNightCount": "4", "hotelRoomPrice": "107.38", "hotelFinalPrice": "429.52"}}}
{"_id": "orderid:955322", "timestamp": "2020-02-01T18:09:59.000Z", "eventType": "transaction", "_adobeamericaspot3": {"CRMID": "crmid:2405347473", "orderDetails": {"orderID": "orderid:955322", "reservationid": "FQY-M1SL", "orderType": "website", "hotelSKU": "prd1119", "hotelCheckInUnix": "1581271799", "hotelCheckOutUnix": "1581617399", "hotelCheckInTS": "2020-02-09T18:09:59+00:00", "hotelCheckOutTS": "2020-02-13T18:09:59+00:00", "hotelChain": "Hospitality Inn", "hotelName": "Hospitality Inn: Turin", "hotelLocation": "Turin", "hotelRoomType": "presidential-suite", "hotelRoomCount": "1", "hotelGuestAdultCount": "1", "hotelGuestChildCount": "0", "hotelNightCount": "4", "hotelRoomPrice": "1023.44", "hotelFinalPrice": "4093.76"}}}
{"_id": "orderid:851744", "timestamp": "2020-01-05T20:41:55.000Z", "eventType": "transaction", "_adobeamericaspot3": {"CRMID": "crmid:8842394888", "orderDetails": {"orderID": "orderid:851744", "reservationid": "SIB-CPMH", "orderType": "call center", "hotelSKU": "prd1025", "hotelCheckInUnix": "1579725715", "hotelCheckOutUnix": "1580416915", "hotelCheckInTS": "2020-01-22T20:41:55+00:00", "hotelCheckOutTS": "2020-01-30T20:41:55+00:00", "hotelChain": "Grandeur Hotels", "hotelName": "Grandeur Hotels: Detroit", "hotelLocation": "Detroit", "hotelRoomType": "standard", "hotelRoomCount": "1", "hotelGuestAdultCount": "1", "hotelGuestChildCount": "0", "hotelNightCount": "8", "hotelRoomPrice": "158.48", "hotelFinalPrice": "1267.84"}}}
{"_id": "orderid:660349", "timestamp": "2020-02-04T23:33:38.000Z", "eventType": "transaction", "_adobeamericaspot3": {"CRMID": "crmid:7623314033", "orderDetails": {"orderID": "orderid:660349", "reservationid": "N8M-OZ7D", "orderType": "mobile", "hotelSKU": "prd1101", "hotelCheckInUnix": "1580945618", "hotelCheckOutUnix": "1581118418", "hotelCheckInTS": "2020-02-05T23:33:38+00:00", "hotelCheckOutTS": "2020-02-07T23:33:38+00:00", "hotelChain": "Sapphire Suites", "hotelName": "Sapphire Suites: Vienna", "hotelLocation": "Vienna", "hotelRoomType": "standard", "hotelRoomCount": "1", "hotelGuestAdultCount": "1", "hotelGuestChildCount": "0", "hotelNightCount": "2", "hotelRoomPrice": "162.77", "hotelFinalPrice": "325.54"}}}
{"_id": "orderid:457918", "timestamp": "2019-12-30T04:38:48.000Z", "eventType": "transaction", "_adobeamericaspot3": {"CRMID": "crmid:5315904013", "orderDetails": {"orderID": "orderid:457918", "reservationid": "6D0-ASCM", "orderType": "call center", "hotelSKU": "prd1172", "hotelCheckInUnix": "1578976728", "hotelCheckOutUnix": "1579581528", "hotelCheckInTS": "2020-01-14T04:38:48+00:00", "hotelCheckOutTS": "2020-01-21T04:38:48+00:00", "hotelChain": "Aspen Heights", "hotelName": "Aspen Heights: Mesa", "hotelLocation": "Mesa", "hotelRoomType": "premium", "hotelRoomCount": "1", "hotelGuestAdultCount": "1", "hotelGuestChildCount": "0", "hotelNightCount": "7", "hotelRoomPrice": "147.61", "hotelFinalPrice": "1033.27"}}}
{"_id": "orderid:409334", "timestamp": "2019-12-13T21:01:24.000Z", "eventType": "transaction", "_adobeamericaspot3": {"CRMID": "crmid:4338889761", "orderDetails": {"orderID": "orderid:409334", "reservationid": "PF1-KPED", "orderType": "call center", "hotelSKU": "prd1152", "hotelCheckInUnix": "1578690084", "hotelCheckOutUnix": "1578949284", "hotelCheckInTS": "2020-01-10T21:01:24+00:00", "hotelCheckOutTS": "2020-01-13T21:01:24+00:00", "hotelChain": "Repose Resort", "hotelName": "Repose Resort: Indianapolis", "hotelLocation": "Indianapolis", "hotelRoomType": "standard", "hotelRoomCount": "1", "hotelGuestAdultCount": "1", "hotelGuestChildCount": "1", "hotelNightCount": "3", "hotelRoomPrice": "149.85", "hotelFinalPrice": "449.55"}}}
{"_id": "orderid:431959", "timestamp": "2020-02-08T09:52:50.000Z", "eventType": "transaction", "_adobeamericaspot3": {"CRMID": "crmid:2815669815", "orderDetails": {"orderID": "orderid:431959", "reservationid": "26O-NJKJ", "orderType": "kiosk", "hotelSKU": "prd1070", "hotelCheckInUnix": "1583315570", "hotelCheckOutUnix": "1583661170", "hotelCheckInTS": "2020-03-04T09:52:50+00:00", "hotelCheckOutTS": "2020-03-08T09:52:50+00:00", "hotelChain": "Blue Reef Resort", "hotelName": "Blue Reef Resort: Jakarta", "hotelLocation": "Jakarta", "hotelRoomType": "standard", "hotelRoomCount": "1", "hotelGuestAdultCount": "1", "hotelGuestChildCount": "0", "hotelNightCount": "4", "hotelRoomPrice": "124.12", "hotelFinalPrice": "496.48"}}}
{"_id": "orderid:861954", "timestamp": "2020-02-16T11:00:57.000Z", "eventType": "transaction", "_adobeamericaspot3": {"CRMID": "crmid:3845711107", "orderDetails": {"orderID": "orderid:861954", "reservationid": "CVC-DLVL", "orderType": "call center", "hotelSKU": "prd1124", "hotelCheckInUnix": "1584010857", "hotelCheckOutUnix": "1584529257", "hotelCheckInTS": "2020-03-12T11:00:57+00:00", "hotelCheckOutTS": "2020-03-18T11:00:57+00:00", "hotelChain": "Aspen Heights", "hotelName": "Aspen Heights: Leeds", "hotelLocation": "Leeds", "hotelRoomType": "standard", "hotelRoomCount": "1", "hotelGuestAdultCount": "1", "hotelGuestChildCount": "0", "hotelNightCount": "6", "hotelRoomPrice": "131.93", "hotelFinalPrice": "791.58"}}}
{"_id": "orderid:618337", "timestamp": "2020-01-31T05:08:54.000Z", "eventType": "transaction", "_adobeamericaspot3": {"CRMID": "crmid:4052128421", "orderDetails": {"orderID": "orderid:618337", "reservationid": "3HE-YP9R", "orderType": "service desk", "hotelSKU": "prd1051", "hotelCheckInUnix": "1580879334", "hotelCheckOutUnix": "1580965734", "hotelCheckInTS": "2020-02-05T05:08:54+00:00", "hotelCheckOutTS": "2020-02-06T05:08:54+00:00", "hotelChain": "Family Fun Hotels", "hotelName": "Family Fun Hotels: New Orleans", "hotelLocation": "New Orleans", "hotelRoomType": "standard", "hotelRoomCount": "1", "hotelGuestAdultCount": "1", "hotelGuestChildCount": "0", "hotelNightCount": "1", "hotelRoomPrice": "104.47", "hotelFinalPrice": "104.47"}}}
{"_id": "orderid:422268", "timestamp": "2020-02-07T00:00:00.000Z", "eventType": "transaction", "_adobeamericaspot3": {"CRMID": "crmid:4052128421", "orderDetails": {"orderID": "orderid:422268", "reservationid": "NGT-MC8X", "orderType": "kiosk", "hotelSKU": "prd1142", "hotelCheckInUnix": "1581292800", "hotelCheckOutUnix": "1581379200", "hotelCheckInTS": "2020-02-10T00:00:00+00:00", "hotelCheckOutTS": "2020-02-11T00:00:00+00:00", "hotelChain": "Blue Reef Resort", "hotelName": "Blue Reef Resort: Philadelphia", "hotelLocation": "Philadelphia", "hotelRoomType": "premium", "hotelRoomCount": "1", "hotelGuestAdultCount": "1", "hotelGuestChildCount": "0", "hotelNightCount": "1", "hotelRoomPrice": "138.18", "hotelFinalPrice": "138.18"}}}
{"_id": "orderid:875481", "timestamp": "2019-12-22T10:24:37.000Z", "eventType": "transaction", "_adobeamericaspot3": {"CRMID": "crmid:7226981954", "orderDetails": {"orderID": "orderid:875481", "reservationid": "QMG-ZUPM", "orderType": "website", "hotelSKU": "prd1004", "hotelCheckInUnix": "1577096677", "hotelCheckOutUnix": "1577528677", "hotelCheckInTS": "2019-12-23T10:24:37+00:00", "hotelCheckOutTS": "2019-12-28T10:24:37+00:00", "hotelChain": "Aspen Heights", "hotelName": "Aspen Heights: Boulder", "hotelLocation": "Boulder", "hotelRoomType": "premium", "hotelRoomCount": "1", "hotelGuestAdultCount": "1", "hotelGuestChildCount": "0", "hotelNightCount": "5", "hotelRoomPrice": "132.25", "hotelFinalPrice": "661.25"}}}
{"_id": "orderid:433151", "timestamp": "2020-01-05T04:47:30.000Z", "eventType": "transaction", "_adobeamericaspot3": {"CRMID": "crmid:3023353304", "orderDetails": {"orderID": "orderid:433151", "reservationid": "49J-LMOG", "orderType": "service desk", "hotelSKU": "prd1082", "hotelCheckInUnix": "1578458850", "hotelCheckOutUnix": "1578631650", "hotelCheckInTS": "2020-01-08T04:47:30+00:00", "hotelCheckOutTS": "2020-01-10T04:47:30+00:00", "hotelChain": "Blue Reef Resort", "hotelName": "Blue Reef Resort: Surat", "hotelLocation": "Surat", "hotelRoomType": "standard", "hotelRoomCount": "1", "hotelGuestAdultCount": "1", "hotelGuestChildCount": "0", "hotelNightCount": "2", "hotelRoomPrice": "129.82", "hotelFinalPrice": "259.64"}}}
{"_id": "orderid:571475", "timestamp": "2019-12-21T10:58:38.000Z", "eventType": "transaction", "_adobeamericaspot3": {"CRMID": "crmid:7965720602", "orderDetails": {"orderID": "orderid:571475", "reservationid": "KBN-GEIL", "orderType": "call center", "hotelSKU": "prd1093", "hotelCheckInUnix": "1577012318", "hotelCheckOutUnix": "1577271518", "hotelCheckInTS": "2019-12-22T10:58:38+00:00", "hotelCheckOutTS": "2019-12-25T10:58:38+00:00", "hotelChain": "Admiralty Plaza", "hotelName": "Admiralty Plaza: Yokohama", "hotelLocation": "Yokohama", "hotelRoomType": "premium", "hotelRoomCount": "1", "hotelGuestAdultCount": "1", "hotelGuestChildCount": "0", "hotelNightCount": "3", "hotelRoomPrice": "199.52", "hotelFinalPrice": "598.56"}}}
{"_id": "orderid:850131", "timestamp": "2020-02-15T09:11:11.000Z", "eventType": "transaction", "_adobeamericaspot3": {"CRMID": "crmid:7755458261", "orderDetails": {"orderID": "orderid:850131", "reservationid": "SWA-IQLN", "orderType": "mobile", "hotelSKU": "prd1054", "hotelCheckInUnix": "1583658671", "hotelCheckOutUnix": "1584522671", "hotelCheckInTS": "2020-03-08T09:11:11+00:00", "hotelCheckOutTS": "2020-03-18T09:11:11+00:00", "hotelChain": "Sego Lily Suites", "hotelName": "Sego Lily Suites: Tampa", "hotelLocation": "Tampa", "hotelRoomType": "premium", "hotelRoomCount": "1", "hotelGuestAdultCount": "1", "hotelGuestChildCount": "1", "hotelNightCount": "10", "hotelRoomPrice": "163.66", "hotelFinalPrice": "1636.6"}}}
{"_id": "orderid:501731", "timestamp": "2019-12-08T16:53:32.000Z", "eventType": "transaction", "_adobeamericaspot3": {"CRMID": "crmid:1899715475", "orderDetails": {"orderID": "orderid:501731", "reservationid": "COG-M0FN", "orderType": "website", "hotelSKU": "prd1175", "hotelCheckInUnix": "1577638412", "hotelCheckOutUnix": "1578070412", "hotelCheckInTS": "2019-12-29T16:53:32+00:00", "hotelCheckOutTS": "2020-01-03T16:53:32+00:00", "hotelChain": "Nesting Box Inn", "hotelName": "Nesting Box Inn: Long Beach", "hotelLocation": "Long Beach", "hotelRoomType": "standard", "hotelRoomCount": "1", "hotelGuestAdultCount": "1", "hotelGuestChildCount": "0", "hotelNightCount": "5", "hotelRoomPrice": "186.44", "hotelFinalPrice": "932.2"}}}
{"_id": "orderid:149056", "timestamp": "2019-12-14T13:10:27.000Z", "eventType": "transaction", "_adobeamericaspot3": {"CRMID": "crmid:5296968412", "orderDetails": {"orderID": "orderid:149056", "reservationid": "PKX-VOYP", "orderType": "call center", "hotelSKU": "prd1122", "hotelCheckInUnix": "1576415427", "hotelCheckOutUnix": "1576501827", "hotelCheckInTS": "2019-12-15T13:10:27+00:00", "hotelCheckOutTS": "2019-12-16T13:10:27+00:00", "hotelChain": "Restful Nights", "hotelName": "Restful Nights: Valencia", "hotelLocation": "Valencia", "hotelRoomType": "standard", "hotelRoomCount": "1", "hotelGuestAdultCount": "1", "hotelGuestChildCount": "0", "hotelNightCount": "1", "hotelRoomPrice": "128.65", "hotelFinalPrice": "128.65"}}}
{"_id": "orderid:670306", "timestamp": "2019-12-06T01:50:44.000Z", "eventType": "transaction", "_adobeamericaspot3": {"CRMID": "crmid:3588594758", "orderDetails": {"orderID": "orderid:670306", "reservationid": "Q74-KKEY", "orderType": "mobile", "hotelSKU": "prd1025", "hotelCheckInUnix": "1575683444", "hotelCheckOutUnix": "1575942644", "hotelCheckInTS": "2019-12-07T01:50:44+00:00", "hotelCheckOutTS": "2019-12-10T01:50:44+00:00", "hotelChain": "Grandeur Hotels", "hotelName": "Grandeur Hotels: Detroit", "hotelLocation": "Detroit", "hotelRoomType": "standard", "hotelRoomCount": "1", "hotelGuestAdultCount": "1", "hotelGuestChildCount": "0", "hotelNightCount": "3", "hotelRoomPrice": "103.9", "hotelFinalPrice": "311.7"}}}
{"_id": "orderid:379552", "timestamp": "2020-02-13T19:01:30.000Z", "eventType": "transaction", "_adobeamericaspot3": {"CRMID": "crmid:6488079453", "orderDetails": {"orderID": "orderid:379552", "reservationid": "N4F-ZNNU", "orderType": "website", "hotelSKU": "prd1064", "hotelCheckInUnix": "1583866890", "hotelCheckOutUnix": "1585335690", "hotelCheckInTS": "2020-03-10T19:01:30+00:00", "hotelCheckOutTS": "2020-03-27T19:01:30+00:00", "hotelChain": "Aspen Heights", "hotelName": "Aspen Heights: Paris", "hotelLocation": "Paris", "hotelRoomType": "standard", "hotelRoomCount": "1", "hotelGuestAdultCount": "1", "hotelGuestChildCount": "4", "hotelNightCount": "17", "hotelRoomPrice": "137.43", "hotelFinalPrice": "2336.31"}}}
{"_id": "orderid:968394", "timestamp": "2020-02-11T13:28:13.000Z", "eventType": "transaction", "_adobeamericaspot3": {"CRMID": "crmid:4516455592", "orderDetails": {"orderID": "orderid:968394", "reservationid": "FXB-D86Y", "orderType": "call center", "hotelSKU": "prd1057", "hotelCheckInUnix": "1583933293", "hotelCheckOutUnix": "1584710893", "hotelCheckInTS": "2020-03-11T13:28:13+00:00", "hotelCheckOutTS": "2020-03-20T13:28:13+00:00", "hotelChain": "Admiralty Plaza", "hotelName": "Admiralty Plaza: Mumbai", "hotelLocation": "Mumbai", "hotelRoomType": "premium", "hotelRoomCount": "1", "hotelGuestAdultCount": "1", "hotelGuestChildCount": "0", "hotelNightCount": "9", "hotelRoomPrice": "146.05", "hotelFinalPrice": "1314.45"}}}
{"_id": "orderid:673505", "timestamp": "2019-12-07T07:43:38.000Z", "eventType": "transaction", "_adobeamericaspot3": {"CRMID": "crmid:8018604399", "orderDetails": {"orderID": "orderid:673505", "reservationid": "4Y8-LXHS", "orderType": "mobile", "hotelSKU": "prd1097", "hotelCheckInUnix": "1577951018", "hotelCheckOutUnix": "1578383018", "hotelCheckInTS": "2020-01-02T07:43:38+00:00", "hotelCheckOutTS": "2020-01-07T07:43:38+00:00", "hotelChain": "Grandeur Hotels", "hotelName": "Grandeur Hotels: Buenos Aires", "hotelLocation": "Buenos Aires", "hotelRoomType": "standard", "hotelRoomCount": "1", "hotelGuestAdultCount": "1", "hotelGuestChildCount": "0", "hotelNightCount": "5", "hotelRoomPrice": "137.31", "hotelFinalPrice": "686.55"}}}
{"_id": "orderid:843536", "timestamp": "2020-02-06T08:40:35.000Z", "eventType": "transaction", "_adobeamericaspot3": {"CRMID": "crmid:8445604090", "orderDetails": {"orderID": "orderid:843536", "reservationid": "6NO-SXV9", "orderType": "call center", "hotelSKU": "prd1021", "hotelCheckInUnix": "1582879235", "hotelCheckOutUnix": "1583484035", "hotelCheckInTS": "2020-02-28T08:40:35+00:00", "hotelCheckOutTS": "2020-03-06T08:40:35+00:00", "hotelChain": "Admiralty Plaza", "hotelName": "Admiralty Plaza: Denver", "hotelLocation": "Denver", "hotelRoomType": "premium", "hotelRoomCount": "1", "hotelGuestAdultCount": "1", "hotelGuestChildCount": "0", "hotelNightCount": "7", "hotelRoomPrice": "130.25", "hotelFinalPrice": "911.75"}}}
{"_id": "orderid:170267", "timestamp": "2019-12-07T06:36:43.000Z", "eventType": "transaction", "_adobeamericaspot3": {"CRMID": "crmid:8907859853", "orderDetails": {"orderID": "orderid:170267", "reservationid": "3YM-RDBW", "orderType": "call center", "hotelSKU": "prd1105", "hotelCheckInUnix": "1576996603", "hotelCheckOutUnix": "1577601403", "hotelCheckInTS": "2019-12-22T06:36:43+00:00", "hotelCheckOutTS": "2019-12-29T06:36:43+00:00", "hotelChain": "Admiralty Plaza", "hotelName": "Admiralty Plaza: Barcelona", "hotelLocation": "Barcelona", "hotelRoomType": "standard", "hotelRoomCount": "1", "hotelGuestAdultCount": "1", "hotelGuestChildCount": "0", "hotelNightCount": "7", "hotelRoomPrice": "140.69", "hotelFinalPrice": "984.83"}}}
{"_id": "orderid:220846", "timestamp": "2020-01-27T12:28:21.000Z", "eventType": "transaction", "_adobeamericaspot3": {"CRMID": "crmid:3295116903", "orderDetails": {"orderID": "orderid:220846", "reservationid": "QAQ-EGJQ", "orderType": "website", "hotelSKU": "prd1160", "hotelCheckInUnix": "1581683301", "hotelCheckOutUnix": "1582201701", "hotelCheckInTS": "2020-02-14T12:28:21+00:00", "hotelCheckOutTS": "2020-02-20T12:28:21+00:00", "hotelChain": "Aspen Heights", "hotelName": "Aspen Heights: Nashville", "hotelLocation": "Nashville", "hotelRoomType": "standard", "hotelRoomCount": "1", "hotelGuestAdultCount": "1", "hotelGuestChildCount": "0", "hotelNightCount": "6", "hotelRoomPrice": "156.28", "hotelFinalPrice": "937.68"}}}
{"_id": "orderid:215150", "timestamp": "2020-01-18T05:21:14.000Z", "eventType": "transaction", "_adobeamericaspot3": {"CRMID": "crmid:7738454788", "orderDetails": {"orderID": "orderid:215150", "reservationid": "UIQ-Y0UI", "orderType": "call center", "hotelSKU": "prd1153", "hotelCheckInUnix": "1581830474", "hotelCheckOutUnix": "1582521674", "hotelCheckInTS": "2020-02-16T05:21:14+00:00", "hotelCheckOutTS": "2020-02-24T05:21:14+00:00", "hotelChain": "Admiralty Plaza", "hotelName": "Admiralty Plaza: Charlotte", "hotelLocation": "Charlotte", "hotelRoomType": "standard", "hotelRoomCount": "1", "hotelGuestAdultCount": "1", "hotelGuestChildCount": "0", "hotelNightCount": "8", "hotelRoomPrice": "175.85", "hotelFinalPrice": "1406.8"}}}
{"_id": "orderid:407388", "timestamp": "2019-12-13T22:04:03.000Z", "eventType": "transaction", "_adobeamericaspot3": {"CRMID": "crmid:8524121354", "orderDetails": {"orderID": "orderid:407388", "reservationid": "UDI-UHB1", "orderType": "mobile", "hotelSKU": "prd1107", "hotelCheckInUnix": "1577916243", "hotelCheckOutUnix": "1579471443", "hotelCheckInTS": "2020-01-01T22:04:03+00:00", "hotelCheckOutTS": "2020-01-19T22:04:03+00:00", "hotelChain": "Hospitality Inn", "hotelName": "Hospitality Inn: Kharkiv", "hotelLocation": "Kharkiv", "hotelRoomType": "standard", "hotelRoomCount": "1", "hotelGuestAdultCount": "1", "hotelGuestChildCount": "0", "hotelNightCount": "18", "hotelRoomPrice": "175.42", "hotelFinalPrice": "3157.56"}}}
{"_id": "orderid:311751", "timestamp": "2020-02-05T00:00:15.000Z", "eventType": "transaction", "_adobeamericaspot3": {"CRMID": "crmid:4571607263", "orderDetails": {"orderID": "orderid:311751", "reservationid": "OQT-JCO5", "orderType": "kiosk", "hotelSKU": "prd1140", "hotelCheckInUnix": "1583020815", "hotelCheckOutUnix": "1583625615", "hotelCheckInTS": "2020-03-01T00:00:15+00:00", "hotelCheckOutTS": "2020-03-08T00:00:15+00:00", "hotelChain": "Repose Resort", "hotelName": "Repose Resort: Kano", "hotelLocation": "Kano", "hotelRoomType": "premium", "hotelRoomCount": "1", "hotelGuestAdultCount": "1", "hotelGuestChildCount": "0", "hotelNightCount": "7", "hotelRoomPrice": "148.41", "hotelFinalPrice": "1038.87"}}}
{"_id": "orderid:671919", "timestamp": "2019-12-26T15:15:11.000Z", "eventType": "transaction", "_adobeamericaspot3": {"CRMID": "crmid:1926441273", "orderDetails": {"orderID": "orderid:671919", "reservationid": "FM2-RB9I", "orderType": "website", "hotelSKU": "prd1124", "hotelCheckInUnix": "1577459711", "hotelCheckOutUnix": "1577718911", "hotelCheckInTS": "2019-12-27T15:15:11+00:00", "hotelCheckOutTS": "2019-12-30T15:15:11+00:00", "hotelChain": "Aspen Heights", "hotelName": "Aspen Heights: Leeds", "hotelLocation": "Leeds", "hotelRoomType": "standard", "hotelRoomCount": "1", "hotelGuestAdultCount": "1", "hotelGuestChildCount": "0", "hotelNightCount": "3", "hotelRoomPrice": "100.61", "hotelFinalPrice": "301.83"}}}
{"_id": "orderid:466972", "timestamp": "2020-01-31T16:34:51.000Z", "eventType": "transaction", "_adobeamericaspot3": {"CRMID": "crmid:6681805652", "orderDetails": {"orderID": "orderid:466972", "reservationid": "PWS-DLIF", "orderType": "website", "hotelSKU": "prd1106", "hotelCheckInUnix": "1580574891", "hotelCheckOutUnix": "1580747691", "hotelCheckInTS": "2020-02-01T16:34:51+00:00", "hotelCheckOutTS": "2020-02-03T16:34:51+00:00", "hotelChain": "Blue Reef Resort", "hotelName": "Blue Reef Resort: Munich", "hotelLocation": "Munich", "hotelRoomType": "standard", "hotelRoomCount": "1", "hotelGuestAdultCount": "1", "hotelGuestChildCount": "0", "hotelNightCount": "2", "hotelRoomPrice": "93.91", "hotelFinalPrice": "187.82"}}}
{"_id": "orderid:617731", "timestamp": "2020-01-06T16:53:51.000Z", "eventType": "transaction", "_adobeamericaspot3": {"CRMID": "crmid:2055023134", "orderDetails": {"orderID": "orderid:617731", "reservationid": "35M-KLNR", "orderType": "kiosk", "hotelSKU": "prd1067", "hotelCheckInUnix": "1578588831", "hotelCheckOutUnix": "1578675231", "hotelCheckInTS": "2020-01-09T16:53:51+00:00", "hotelCheckOutTS": "2020-01-10T16:53:51+00:00", "hotelChain": "Nesting Box Inn", "hotelName": "Nesting Box Inn: Istanbul", "hotelLocation": "Istanbul", "hotelRoomType": "standard", "hotelRoomCount": "1", "hotelGuestAdultCount": "1", "hotelGuestChildCount": "0", "hotelNightCount": "1", "hotelRoomPrice": "167.96", "hotelFinalPrice": "167.96"}}}
{"_id": "orderid:152944", "timestamp": "2020-01-12T00:00:00.000Z", "eventType": "transaction", "_adobeamericaspot3": {"CRMID": "crmid:2055023134", "orderDetails": {"orderID": "orderid:152944", "reservationid": "HC9-YSJ1", "orderType": "service desk", "hotelSKU": "prd1159", "hotelCheckInUnix": "1578873600", "hotelCheckOutUnix": "1578960000", "hotelCheckInTS": "2020-01-13T00:00:00+00:00", "hotelCheckOutTS": "2020-01-14T00:00:00+00:00", "hotelChain": "Family Fun Hotels", "hotelName": "Family Fun Hotels: Detroit", "hotelLocation": "Detroit", "hotelRoomType": "standard", "hotelRoomCount": "1", "hotelGuestAdultCount": "1", "hotelGuestChildCount": "0", "hotelNightCount": "1", "hotelRoomPrice": "116.3", "hotelFinalPrice": "116.3"}}}
{"_id": "orderid:409354", "timestamp": "2020-01-15T00:00:00.000Z", "eventType": "transaction", "_adobeamericaspot3": {"CRMID": "crmid:2055023134", "orderDetails": {"orderID": "orderid:409354", "reservationid": "DDI-EONR", "orderType": "mobile", "hotelSKU": "prd1129", "hotelCheckInUnix": "1579132800", "hotelCheckOutUnix": "1579392000", "hotelCheckInTS": "2020-01-16T00:00:00+00:00", "hotelCheckOutTS": "2020-01-19T00:00:00+00:00", "hotelChain": "Admiralty Plaza", "hotelName": "Admiralty Plaza: Helsinki", "hotelLocation": "Helsinki", "hotelRoomType": "standard", "hotelRoomCount": "1", "hotelGuestAdultCount": "1", "hotelGuestChildCount": "0", "hotelNightCount": "3", "hotelRoomPrice": "171.94", "hotelFinalPrice": "515.82"}}}
{"_id": "orderid:579958", "timestamp": "2020-02-11T01:50:56.000Z", "eventType": "transaction", "_adobeamericaspot3": {"CRMID": "crmid:5394544560", "orderDetails": {"orderID": "orderid:579958", "reservationid": "3PC-6CWF", "orderType": "call center", "hotelSKU": "prd1097", "hotelCheckInUnix": "1581904256", "hotelCheckOutUnix": "1582422656", "hotelCheckInTS": "2020-02-17T01:50:56+00:00", "hotelCheckOutTS": "2020-02-23T01:50:56+00:00", "hotelChain": "Grandeur Hotels", "hotelName": "Grandeur Hotels: Buenos Aires", "hotelLocation": "Buenos Aires", "hotelRoomType": "standard", "hotelRoomCount": "1", "hotelGuestAdultCount": "1", "hotelGuestChildCount": "0", "hotelNightCount": "6", "hotelRoomPrice": "149.07", "hotelFinalPrice": "894.42"}}}
{"_id": "orderid:265502", "timestamp": "2019-12-31T02:21:00.000Z", "eventType": "transaction", "_adobeamericaspot3": {"CRMID": "crmid:3697633738", "orderDetails": {"orderID": "orderid:265502", "reservationid": "4KO-3U5E", "orderType": "kiosk", "hotelSKU": "prd1125", "hotelCheckInUnix": "1578104460", "hotelCheckOutUnix": "1578536460", "hotelCheckInTS": "2020-01-04T02:21:00+00:00", "hotelCheckOutTS": "2020-01-09T02:21:00+00:00", "hotelChain": "Sapphire Suites", "hotelName": "Sapphire Suites: Palermo", "hotelLocation": "Palermo", "hotelRoomType": "standard", "hotelRoomCount": "1", "hotelGuestAdultCount": "1", "hotelGuestChildCount": "0", "hotelNightCount": "5", "hotelRoomPrice": "114.44", "hotelFinalPrice": "572.2"}}}
{"_id": "orderid:201835", "timestamp": "2020-01-28T07:22:14.000Z", "eventType": "transaction", "_adobeamericaspot3": {"CRMID": "crmid:2760669875", "orderDetails": {"orderID": "orderid:201835", "reservationid": "LSR-SCX3", "orderType": "call center", "hotelSKU": "prd1098", "hotelCheckInUnix": "1580368934", "hotelCheckOutUnix": "1580455334", "hotelCheckInTS": "2020-01-30T07:22:14+00:00", "hotelCheckOutTS": "2020-01-31T07:22:14+00:00", "hotelChain": "Restful Nights", "hotelName": "Restful Nights: Kiev", "hotelLocation": "Kiev", "hotelRoomType": "premium", "hotelRoomCount": "1", "hotelGuestAdultCount": "1", "hotelGuestChildCount": "0", "hotelNightCount": "1", "hotelRoomPrice": "150.5", "hotelFinalPrice": "150.5"}}}
{"_id": "orderid:868491", "timestamp": "2020-02-01T00:00:00.000Z", "eventType": "transaction", "_adobeamericaspot3": {"CRMID": "crmid:2760669875", "orderDetails": {"orderID": "orderid:868491", "reservationid": "6OP-BA8P", "orderType": "kiosk", "hotelSKU": "prd1118", "hotelCheckInUnix": "1580774400", "hotelCheckOutUnix": "1580947200", "hotelCheckInTS": "2020-02-04T00:00:00+00:00", "hotelCheckOutTS": "2020-02-06T00:00:00+00:00", "hotelChain": "Blue Reef Resort", "hotelName": "Blue Reef Resort: Cologne", "hotelLocation": "Cologne", "hotelRoomType": "standard", "hotelRoomCount": "1", "hotelGuestAdultCount": "1", "hotelGuestChildCount": "0", "hotelNightCount": "2", "hotelRoomPrice": "159.63", "hotelFinalPrice": "319.26"}}}
{"_id": "orderid:460206", "timestamp": "2020-01-29T09:07:28.000Z", "eventType": "transaction", "_adobeamericaspot3": {"CRMID": "crmid:5658087492", "orderDetails": {"orderID": "orderid:460206", "reservationid": "RMC-NWOK", "orderType": "website", "hotelSKU": "prd1130", "hotelCheckInUnix": "1580375248", "hotelCheckOutUnix": "1580461648", "hotelCheckInTS": "2020-01-30T09:07:28+00:00", "hotelCheckOutTS": "2020-01-31T09:07:28+00:00", "hotelChain": "Blue Reef Resort", "hotelName": "Blue Reef Resort: Bremen", "hotelLocation": "Bremen", "hotelRoomType": "ultra-luxury", "hotelRoomCount": "1", "hotelGuestAdultCount": "1", "hotelGuestChildCount": "0", "hotelNightCount": "1", "hotelRoomPrice": "273.92", "hotelFinalPrice": "273.92"}}}
{"_id": "orderid:183264", "timestamp": "2020-02-01T00:00:00.000Z", "eventType": "transaction", "_adobeamericaspot3": {"CRMID": "crmid:5658087492", "orderDetails": {"orderID": "orderid:183264", "reservationid": "0WY-3NH5", "orderType": "service desk", "hotelSKU": "prd1105", "hotelCheckInUnix": "1580688000", "hotelCheckOutUnix": "1580860800", "hotelCheckInTS": "2020-02-03T00:00:00+00:00", "hotelCheckOutTS": "2020-02-05T00:00:00+00:00", "hotelChain": "Admiralty Plaza", "hotelName": "Admiralty Plaza: Barcelona", "hotelLocation": "Barcelona", "hotelRoomType": "ultra-luxury", "hotelRoomCount": "1", "hotelGuestAdultCount": "1", "hotelGuestChildCount": "0", "hotelNightCount": "2", "hotelRoomPrice": "317.93", "hotelFinalPrice": "635.86"}}}
{"_id": "orderid:690306", "timestamp": "2020-02-05T14:32:49.000Z", "eventType": "transaction", "_adobeamericaspot3": {"CRMID": "crmid:2892662266", "orderDetails": {"orderID": "orderid:690306", "reservationid": "ZVF-6HKT", "orderType": "kiosk", "hotelSKU": "prd1071", "hotelCheckInUnix": "1581517969", "hotelCheckOutUnix": "1581949969", "hotelCheckInTS": "2020-02-12T14:32:49+00:00", "hotelCheckOutTS": "2020-02-17T14:32:49+00:00", "hotelChain": "Hospitality Inn", "hotelName": "Hospitality Inn: Seoul", "hotelLocation": "Seoul", "hotelRoomType": "ultra-luxury", "hotelRoomCount": "1", "hotelGuestAdultCount": "1", "hotelGuestChildCount": "0", "hotelNightCount": "5", "hotelRoomPrice": "276.35", "hotelFinalPrice": "1381.75"}}}
{"_id": "orderid:286465", "timestamp": "2020-02-11T15:08:47.000Z", "eventType": "transaction", "_adobeamericaspot3": {"CRMID": "crmid:1448577005", "orderDetails": {"orderID": "orderid:286465", "reservationid": "YCS-QSDD", "orderType": "mobile", "hotelSKU": "prd1088", "hotelCheckInUnix": "1582038527", "hotelCheckOutUnix": "1582729727", "hotelCheckInTS": "2020-02-18T15:08:47+00:00", "hotelCheckOutTS": "2020-02-26T15:08:47+00:00", "hotelChain": "Aspen Heights", "hotelName": "Aspen Heights: Ankara", "hotelLocation": "Ankara", "hotelRoomType": "ultra-luxury", "hotelRoomCount": "1", "hotelGuestAdultCount": "1", "hotelGuestChildCount": "0", "hotelNightCount": "8", "hotelRoomPrice": "284.06", "hotelFinalPrice": "2272.48"}}}
{"_id": "orderid:612607", "timestamp": "2020-01-28T16:34:03.000Z", "eventType": "transaction", "_adobeamericaspot3": {"CRMID": "crmid:3412719787", "orderDetails": {"orderID": "orderid:612607", "reservationid": "9VP-CIZZ", "orderType": "kiosk", "hotelSKU": "prd1009", "hotelCheckInUnix": "1582475643", "hotelCheckOutUnix": "1583080443", "hotelCheckInTS": "2020-02-23T16:34:03+00:00", "hotelCheckOutTS": "2020-03-01T16:34:03+00:00", "hotelChain": "Admiralty Plaza", "hotelName": "Admiralty Plaza: San Antonio", "hotelLocation": "San Antonio", "hotelRoomType": "premium", "hotelRoomCount": "1", "hotelGuestAdultCount": "1", "hotelGuestChildCount": "4", "hotelNightCount": "7", "hotelRoomPrice": "212.86", "hotelFinalPrice": "1490.02"}}}
{"_id": "orderid:935329", "timestamp": "2020-02-01T05:18:01.000Z", "eventType": "transaction", "_adobeamericaspot3": {"CRMID": "crmid:3156574696", "orderDetails": {"orderID": "orderid:935329", "reservationid": "98U-NTJS", "orderType": "website", "hotelSKU": "prd1108", "hotelCheckInUnix": "1582175881", "hotelCheckOutUnix": "1582694281", "hotelCheckInTS": "2020-02-20T05:18:01+00:00", "hotelCheckOutTS": "2020-02-26T05:18:01+00:00", "hotelChain": "Sandhill", "hotelName": "Sandhill: Milan", "hotelLocation": "Milan", "hotelRoomType": "standard", "hotelRoomCount": "1", "hotelGuestAdultCount": "1", "hotelGuestChildCount": "0", "hotelNightCount": "6", "hotelRoomPrice": "105.19", "hotelFinalPrice": "631.14"}}}
{"_id": "orderid:647928", "timestamp": "2020-01-05T22:16:43.000Z", "eventType": "transaction", "_adobeamericaspot3": {"CRMID": "crmid:2768253768", "orderDetails": {"orderID": "orderid:647928", "reservationid": "ULU-XXJC", "orderType": "website", "hotelSKU": "prd1052", "hotelCheckInUnix": "1579904203", "hotelCheckOutUnix": "1580509003", "hotelCheckInTS": "2020-01-24T22:16:43+00:00", "hotelCheckOutTS": "2020-01-31T22:16:43+00:00", "hotelChain": "Aspen Heights", "hotelName": "Aspen Heights: Wichita", "hotelLocation": "Wichita", "hotelRoomType": "standard", "hotelRoomCount": "1", "hotelGuestAdultCount": "1", "hotelGuestChildCount": "0", "hotelNightCount": "7", "hotelRoomPrice": "141.19", "hotelFinalPrice": "988.33"}}}
{"_id": "orderid:516323", "timestamp": "2019-12-17T03:17:24.000Z", "eventType": "transaction", "_adobeamericaspot3": {"CRMID": "crmid:7742388052", "orderDetails": {"orderID": "orderid:516323", "reservationid": "DQX-U9BM", "orderType": "call center", "hotelSKU": "prd1070", "hotelCheckInUnix": "1576811844", "hotelCheckOutUnix": "1576898244", "hotelCheckInTS": "2019-12-20T03:17:24+00:00", "hotelCheckOutTS": "2019-12-21T03:17:24+00:00", "hotelChain": "Blue Reef Resort", "hotelName": "Blue Reef Resort: Jakarta", "hotelLocation": "Jakarta", "hotelRoomType": "standard", "hotelRoomCount": "1", "hotelGuestAdultCount": "1", "hotelGuestChildCount": "0", "hotelNightCount": "1", "hotelRoomPrice": "153.12", "hotelFinalPrice": "153.12"}}}
{"_id": "orderid:238778", "timestamp": "2019-12-18T20:51:21.000Z", "eventType": "transaction", "_adobeamericaspot3": {"CRMID": "crmid:2223020024", "orderDetails": {"orderID": "orderid:238778", "reservationid": "6GJ-BC9F", "orderType": "website", "hotelSKU": "prd1133", "hotelCheckInUnix": "1578862281", "hotelCheckOutUnix": "1579985481", "hotelCheckInTS": "2020-01-12T20:51:21+00:00", "hotelCheckOutTS": "2020-01-25T20:51:21+00:00", "hotelChain": "Grandeur Hotels", "hotelName": "Grandeur Hotels: Toronto", "hotelLocation": "Toronto", "hotelRoomType": "standard", "hotelRoomCount": "1", "hotelGuestAdultCount": "1", "hotelGuestChildCount": "0", "hotelNightCount": "13", "hotelRoomPrice": "121.29", "hotelFinalPrice": "1576.77"}}}
{"_id": "orderid:683232", "timestamp": "2020-02-07T02:15:56.000Z", "eventType": "transaction", "_adobeamericaspot3": {"CRMID": "crmid:7358570906", "orderDetails": {"orderID": "orderid:683232", "reservationid": "VTM-DU3X", "orderType": "website", "hotelSKU": "prd1033", "hotelCheckInUnix": "1583115356", "hotelCheckOutUnix": "1584152156", "hotelCheckInTS": "2020-03-02T02:15:56+00:00", "hotelCheckOutTS": "2020-03-14T02:15:56+00:00", "hotelChain": "Admiralty Plaza", "hotelName": "Admiralty Plaza: Milwaukee", "hotelLocation": "Milwaukee", "hotelRoomType": "premium", "hotelRoomCount": "1", "hotelGuestAdultCount": "1", "hotelGuestChildCount": "0", "hotelNightCount": "12", "hotelRoomPrice": "150.19", "hotelFinalPrice": "1802.28"}}}
{"_id": "orderid:142546", "timestamp": "2019-12-17T18:40:14.000Z", "eventType": "transaction", "_adobeamericaspot3": {"CRMID": "crmid:3029880043", "orderDetails": {"orderID": "orderid:142546", "reservationid": "AUH-BV9T", "orderType": "call center", "hotelSKU": "prd1167", "hotelCheckInUnix": "1576953614", "hotelCheckOutUnix": "1577040014", "hotelCheckInTS": "2019-12-21T18:40:14+00:00", "hotelCheckOutTS": "2019-12-22T18:40:14+00:00", "hotelChain": "Hospitality Inn", "hotelName": "Hospitality Inn: Milwaukee", "hotelLocation": "Milwaukee", "hotelRoomType": "standard", "hotelRoomCount": "1", "hotelGuestAdultCount": "1", "hotelGuestChildCount": "0", "hotelNightCount": "1", "hotelRoomPrice": "145.78", "hotelFinalPrice": "145.78"}}}
{"_id": "orderid:982466", "timestamp": "2019-12-23T00:00:00.000Z", "eventType": "transaction", "_adobeamericaspot3": {"CRMID": "crmid:3029880043", "orderDetails": {"orderID": "orderid:982466", "reservationid": "NEF-UNDN", "orderType": "kiosk", "hotelSKU": "prd1119", "hotelCheckInUnix": "1577145600", "hotelCheckOutUnix": "1577318400", "hotelCheckInTS": "2019-12-24T00:00:00+00:00", "hotelCheckOutTS": "2019-12-26T00:00:00+00:00", "hotelChain": "Hospitality Inn", "hotelName": "Hospitality Inn: Turin", "hotelLocation": "Turin", "hotelRoomType": "premium", "hotelRoomCount": "1", "hotelGuestAdultCount": "1", "hotelGuestChildCount": "0", "hotelNightCount": "2", "hotelRoomPrice": "164.57", "hotelFinalPrice": "329.14"}}}
{"_id": "orderid:355823", "timestamp": "2020-01-18T14:21:11.000Z", "eventType": "transaction", "_adobeamericaspot3": {"CRMID": "crmid:5192201260", "orderDetails": {"orderID": "orderid:355823", "reservationid": "O5W-I9DB", "orderType": "kiosk", "hotelSKU": "prd1053", "hotelCheckInUnix": "1579530071", "hotelCheckOutUnix": "1579702871", "hotelCheckInTS": "2020-01-20T14:21:11+00:00", "hotelCheckOutTS": "2020-01-22T14:21:11+00:00", "hotelChain": "Sapphire Suites", "hotelName": "Sapphire Suites: Cleveland", "hotelLocation": "Cleveland", "hotelRoomType": "standard", "hotelRoomCount": "1", "hotelGuestAdultCount": "1", "hotelGuestChildCount": "0", "hotelNightCount": "2", "hotelRoomPrice": "182.4", "hotelFinalPrice": "364.8"}}}
{"_id": "orderid:372856", "timestamp": "2019-12-17T06:55:44.000Z", "eventType": "transaction", "_adobeamericaspot3": {"CRMID": "crmid:2025582650", "orderDetails": {"orderID": "orderid:372856", "reservationid": "SW5-OFHW", "orderType": "kiosk", "hotelSKU": "prd1093", "hotelCheckInUnix": "1578812144", "hotelCheckOutUnix": "1579244144", "hotelCheckInTS": "2020-01-12T06:55:44+00:00", "hotelCheckOutTS": "2020-01-17T06:55:44+00:00", "hotelChain": "Admiralty Plaza", "hotelName": "Admiralty Plaza: Yokohama", "hotelLocation": "Yokohama", "hotelRoomType": "premium", "hotelRoomCount": "1", "hotelGuestAdultCount": "1", "hotelGuestChildCount": "2", "hotelNightCount": "5", "hotelRoomPrice": "93.79", "hotelFinalPrice": "468.95"}}}
{"_id": "orderid:658843", "timestamp": "2020-01-22T17:34:00.000Z", "eventType": "transaction", "_adobeamericaspot3": {"CRMID": "crmid:3106846819", "orderDetails": {"orderID": "orderid:658843", "reservationid": "ALB-O53U", "orderType": "kiosk", "hotelSKU": "prd1078", "hotelCheckInUnix": "1581528840", "hotelCheckOutUnix": "1582133640", "hotelCheckInTS": "2020-02-12T17:34:00+00:00", "hotelCheckOutTS": "2020-02-19T17:34:00+00:00", "hotelChain": "Sego Lily Suites", "hotelName": "Sego Lily Suites: Ho Chi Minh", "hotelLocation": "Ho Chi Minh", "hotelRoomType": "standard", "hotelRoomCount": "1", "hotelGuestAdultCount": "1", "hotelGuestChildCount": "0", "hotelNightCount": "7", "hotelRoomPrice": "106.92", "hotelFinalPrice": "748.44"}}}
{"_id": "orderid:206020", "timestamp": "2020-02-12T19:18:59.000Z", "eventType": "transaction", "_adobeamericaspot3": {"CRMID": "crmid:9221226497", "orderDetails": {"orderID": "orderid:206020", "reservationid": "3VW-D5Q0", "orderType": "kiosk", "hotelSKU": "prd1148", "hotelCheckInUnix": "1581967139", "hotelCheckOutUnix": "1582399139", "hotelCheckInTS": "2020-02-17T19:18:59+00:00", "hotelCheckOutTS": "2020-02-22T19:18:59+00:00", "hotelChain": "Aspen Heights", "hotelName": "Aspen Heights: Jacksonville", "hotelLocation": "Jacksonville", "hotelRoomType": "standard", "hotelRoomCount": "1", "hotelGuestAdultCount": "1", "hotelGuestChildCount": "0", "hotelNightCount": "5", "hotelRoomPrice": "168.69", "hotelFinalPrice": "843.45"}}}
{"_id": "orderid:271814", "timestamp": "2020-01-12T12:56:17.000Z", "eventType": "transaction", "_adobeamericaspot3": {"CRMID": "crmid:1518442198", "orderDetails": {"orderID": "orderid:271814", "reservationid": "XKX-ME09", "orderType": "website", "hotelSKU": "prd1035", "hotelCheckInUnix": "1578920177", "hotelCheckOutUnix": "1579006577", "hotelCheckInTS": "2020-01-13T12:56:17+00:00", "hotelCheckOutTS": "2020-01-14T12:56:17+00:00", "hotelChain": "Hospitality Inn", "hotelName": "Hospitality Inn: Tucson", "hotelLocation": "Tucson", "hotelRoomType": "standard", "hotelRoomCount": "1", "hotelGuestAdultCount": "1", "hotelGuestChildCount": "0", "hotelNightCount": "1", "hotelRoomPrice": "115.3", "hotelFinalPrice": "115.3"}}}
{"_id": "orderid:240074", "timestamp": "2019-12-28T02:25:58.000Z", "eventType": "transaction", "_adobeamericaspot3": {"CRMID": "crmid:5691711552", "orderDetails": {"orderID": "orderid:240074", "reservationid": "CCN-AWHG", "orderType": "call center", "hotelSKU": "prd1023", "hotelCheckInUnix": "1579314358", "hotelCheckOutUnix": "1580783158", "hotelCheckInTS": "2020-01-18T02:25:58+00:00", "hotelCheckOutTS": "2020-02-04T02:25:58+00:00", "hotelChain": "Hospitality Inn", "hotelName": "Hospitality Inn: Boston", "hotelLocation": "Boston", "hotelRoomType": "premium", "hotelRoomCount": "1", "hotelGuestAdultCount": "1", "hotelGuestChildCount": "0", "hotelNightCount": "17", "hotelRoomPrice": "137.76", "hotelFinalPrice": "2341.92"}}}
{"_id": "orderid:227800", "timestamp": "2020-01-11T16:01:34.000Z", "eventType": "transaction", "_adobeamericaspot3": {"CRMID": "crmid:3174113422", "orderDetails": {"orderID": "orderid:227800", "reservationid": "SQQ-0YAQ", "orderType": "call center", "hotelSKU": "prd1141", "hotelCheckInUnix": "1579449694", "hotelCheckOutUnix": "1579968094", "hotelCheckInTS": "2020-01-19T16:01:34+00:00", "hotelCheckOutTS": "2020-01-25T16:01:34+00:00", "hotelChain": "Admiralty Plaza", "hotelName": "Admiralty Plaza: Phoenix", "hotelLocation": "Phoenix", "hotelRoomType": "premium", "hotelRoomCount": "1", "hotelGuestAdultCount": "1", "hotelGuestChildCount": "0", "hotelNightCount": "6", "hotelRoomPrice": "141.21", "hotelFinalPrice": "847.26"}}}
{"_id": "orderid:368391", "timestamp": "2019-12-15T13:04:22.000Z", "eventType": "transaction", "_adobeamericaspot3": {"CRMID": "crmid:9938797722", "orderDetails": {"orderID": "orderid:368391", "reservationid": "UFI-UGMT", "orderType": "website", "hotelSKU": "prd1046", "hotelCheckInUnix": "1576501462", "hotelCheckOutUnix": "1576587862", "hotelCheckInTS": "2019-12-16T13:04:22+00:00", "hotelCheckOutTS": "2019-12-17T13:04:22+00:00", "hotelChain": "Blue Reef Resort", "hotelName": "Blue Reef Resort: Virginia Beach", "hotelLocation": "Virginia Beach", "hotelRoomType": "standard", "hotelRoomCount": "1", "hotelGuestAdultCount": "1", "hotelGuestChildCount": "0", "hotelNightCount": "1", "hotelRoomPrice": "133.35", "hotelFinalPrice": "133.35"}}}
{"_id": "orderid:152472", "timestamp": "2019-12-18T00:00:00.000Z", "eventType": "transaction", "_adobeamericaspot3": {"CRMID": "crmid:9938797722", "orderDetails": {"orderID": "orderid:152472", "reservationid": "BI1-M4AT", "orderType": "call center", "hotelSKU": "prd1033", "hotelCheckInUnix": "1576800000", "hotelCheckOutUnix": "1576886400", "hotelCheckInTS": "2019-12-20T00:00:00+00:00", "hotelCheckOutTS": "2019-12-21T00:00:00+00:00", "hotelChain": "Admiralty Plaza", "hotelName": "Admiralty Plaza: Milwaukee", "hotelLocation": "Milwaukee", "hotelRoomType": "premium", "hotelRoomCount": "1", "hotelGuestAdultCount": "1", "hotelGuestChildCount": "0", "hotelNightCount": "1", "hotelRoomPrice": "165.03", "hotelFinalPrice": "165.03"}}}
{"_id": "orderid:826449", "timestamp": "2019-12-22T00:00:00.000Z", "eventType": "transaction", "_adobeamericaspot3": {"CRMID": "crmid:9938797722", "orderDetails": {"orderID": "orderid:826449", "reservationid": "V92-GHOA", "orderType": "website", "hotelSKU": "prd1001", "hotelCheckInUnix": "1577145600", "hotelCheckOutUnix": "1577491200", "hotelCheckInTS": "2019-12-24T00:00:00+00:00", "hotelCheckOutTS": "2019-12-28T00:00:00+00:00", "hotelChain": "Grandeur Hotels", "hotelName": "Grandeur Hotels: New York", "hotelLocation": "New York", "hotelRoomType": "standard", "hotelRoomCount": "1", "hotelGuestAdultCount": "1", "hotelGuestChildCount": "0", "hotelNightCount": "4", "hotelRoomPrice": "133.15", "hotelFinalPrice": "532.6"}}}
{"_id": "orderid:404661", "timestamp": "2020-02-16T17:25:56.000Z", "eventType": "transaction", "_adobeamericaspot3": {"CRMID": "crmid:7697491540", "orderDetails": {"orderID": "orderid:404661", "reservationid": "JVH-BP6P", "orderType": "call center", "hotelSKU": "prd1058", "hotelCheckInUnix": "1581960356", "hotelCheckOutUnix": "1582133156", "hotelCheckInTS": "2020-02-17T17:25:56+00:00", "hotelCheckOutTS": "2020-02-19T17:25:56+00:00", "hotelChain": "Blue Reef Resort", "hotelName": "Blue Reef Resort: Delhi", "hotelLocation": "Delhi", "hotelRoomType": "standard", "hotelRoomCount": "1", "hotelGuestAdultCount": "1", "hotelGuestChildCount": "0", "hotelNightCount": "2", "hotelRoomPrice": "112.65", "hotelFinalPrice": "225.3"}}}
{"_id": "orderid:850631", "timestamp": "2020-02-05T17:32:32.000Z", "eventType": "transaction", "_adobeamericaspot3": {"CRMID": "crmid:7312292808", "orderDetails": {"orderID": "orderid:850631", "reservationid": "0BR-RTIR", "orderType": "service desk", "hotelSKU": "prd1052", "hotelCheckInUnix": "1582824752", "hotelCheckOutUnix": "1583515952", "hotelCheckInTS": "2020-02-27T17:32:32+00:00", "hotelCheckOutTS": "2020-03-06T17:32:32+00:00", "hotelChain": "Aspen Heights", "hotelName": "Aspen Heights: Wichita", "hotelLocation": "Wichita", "hotelRoomType": "standard", "hotelRoomCount": "1", "hotelGuestAdultCount": "1", "hotelGuestChildCount": "4", "hotelNightCount": "8", "hotelRoomPrice": "186.98", "hotelFinalPrice": "1495.84"}}}
{"_id": "orderid:288194", "timestamp": "2019-12-19T05:13:07.000Z", "eventType": "transaction", "_adobeamericaspot3": {"CRMID": "crmid:6349686852", "orderDetails": {"orderID": "orderid:288194", "reservationid": "UP9-C1VO", "orderType": "call center", "hotelSKU": "prd1142", "hotelCheckInUnix": "1578546787", "hotelCheckOutUnix": "1578892387", "hotelCheckInTS": "2020-01-09T05:13:07+00:00", "hotelCheckOutTS": "2020-01-13T05:13:07+00:00", "hotelChain": "Blue Reef Resort", "hotelName": "Blue Reef Resort: Philadelphia", "hotelLocation": "Philadelphia", "hotelRoomType": "luxury", "hotelRoomCount": "1", "hotelGuestAdultCount": "1", "hotelGuestChildCount": "0", "hotelNightCount": "4", "hotelRoomPrice": "464.5", "hotelFinalPrice": "1858.0"}}}
{"_id": "orderid:326649", "timestamp": "2019-12-20T15:39:53.000Z", "eventType": "transaction", "_adobeamericaspot3": {"CRMID": "crmid:4497589070", "orderDetails": {"orderID": "orderid:326649", "reservationid": "U8N-MMS3", "orderType": "website", "hotelSKU": "prd1045", "hotelCheckInUnix": "1577288393", "hotelCheckOutUnix": "1577461193", "hotelCheckInTS": "2019-12-25T15:39:53+00:00", "hotelCheckOutTS": "2019-12-27T15:39:53+00:00", "hotelChain": "Admiralty Plaza", "hotelName": "Admiralty Plaza: Miami", "hotelLocation": "Miami", "hotelRoomType": "standard", "hotelRoomCount": "1", "hotelGuestAdultCount": "1", "hotelGuestChildCount": "0", "hotelNightCount": "2", "hotelRoomPrice": "164.44", "hotelFinalPrice": "328.88"}}}
{"_id": "orderid:121261", "timestamp": "2020-01-15T12:29:41.000Z", "eventType": "transaction", "_adobeamericaspot3": {"CRMID": "crmid:8860966353", "orderDetails": {"orderID": "orderid:121261", "reservationid": "NOT-HHFX", "orderType": "call center", "hotelSKU": "prd1130", "hotelCheckInUnix": "1581337781", "hotelCheckOutUnix": "1581769781", "hotelCheckInTS": "2020-02-10T12:29:41+00:00", "hotelCheckOutTS": "2020-02-15T12:29:41+00:00", "hotelChain": "Blue Reef Resort", "hotelName": "Blue Reef Resort: Bremen", "hotelLocation": "Bremen", "hotelRoomType": "standard", "hotelRoomCount": "1", "hotelGuestAdultCount": "1", "hotelGuestChildCount": "4", "hotelNightCount": "5", "hotelRoomPrice": "202.22", "hotelFinalPrice": "1011.1"}}}
{"_id": "orderid:208950", "timestamp": "2019-12-29T22:33:55.000Z", "eventType": "transaction", "_adobeamericaspot3": {"CRMID": "crmid:3416689079", "orderDetails": {"orderID": "orderid:208950", "reservationid": "SYP-YO7Q", "orderType": "website", "hotelSKU": "prd1137", "hotelCheckInUnix": "1577745235", "hotelCheckOutUnix": "1577831635", "hotelCheckInTS": "2019-12-30T22:33:55+00:00", "hotelCheckOutTS": "2019-12-31T22:33:55+00:00", "hotelChain": "Sapphire Suites", "hotelName": "Sapphire Suites: Manila", "hotelLocation": "Manila", "hotelRoomType": "standard", "hotelRoomCount": "1", "hotelGuestAdultCount": "1", "hotelGuestChildCount": "0", "hotelNightCount": "1", "hotelRoomPrice": "141.16", "hotelFinalPrice": "141.16"}}}
{"_id": "orderid:408880", "timestamp": "2020-02-10T10:16:25.000Z", "eventType": "transaction", "_adobeamericaspot3": {"CRMID": "crmid:9996856500", "orderDetails": {"orderID": "orderid:408880", "reservationid": "PKJ-U6GP", "orderType": "mobile", "hotelSKU": "prd1013", "hotelCheckInUnix": "1583316985", "hotelCheckOutUnix": "1583576185", "hotelCheckInTS": "2020-03-04T10:16:25+00:00", "hotelCheckOutTS": "2020-03-07T10:16:25+00:00", "hotelChain": "Grandeur Hotels", "hotelName": "Grandeur Hotels: Austin", "hotelLocation": "Austin", "hotelRoomType": "premium", "hotelRoomCount": "1", "hotelGuestAdultCount": "1", "hotelGuestChildCount": "4", "hotelNightCount": "3", "hotelRoomPrice": "128.47", "hotelFinalPrice": "385.41"}}}
{"_id": "orderid:766413", "timestamp": "2019-12-12T22:39:36.000Z", "eventType": "transaction", "_adobeamericaspot3": {"CRMID": "crmid:2132115528", "orderDetails": {"orderID": "orderid:766413", "reservationid": "JY2-0LZD", "orderType": "website", "hotelSKU": "prd1150", "hotelCheckInUnix": "1576708776", "hotelCheckOutUnix": "1577399976", "hotelCheckInTS": "2019-12-18T22:39:36+00:00", "hotelCheckOutTS": "2019-12-26T22:39:36+00:00", "hotelChain": "Sego Lily Suites", "hotelName": "Sego Lily Suites: Columbus", "hotelLocation": "Columbus", "hotelRoomType": "standard", "hotelRoomCount": "1", "hotelGuestAdultCount": "1", "hotelGuestChildCount": "4", "hotelNightCount": "8", "hotelRoomPrice": "106.21", "hotelFinalPrice": "849.68"}}}
{"_id": "orderid:617054", "timestamp": "2020-01-11T23:24:44.000Z", "eventType": "transaction", "_adobeamericaspot3": {"CRMID": "crmid:3610401318", "orderDetails": {"orderID": "orderid:617054", "reservationid": "QMJ-SLPX", "orderType": "website", "hotelSKU": "prd1171", "hotelCheckInUnix": "1579217084", "hotelCheckOutUnix": "1580253884", "hotelCheckInTS": "2020-01-16T23:24:44+00:00", "hotelCheckOutTS": "2020-01-28T23:24:44+00:00", "hotelChain": "Family Fun Hotels", "hotelName": "Family Fun Hotels: Sacramento", "hotelLocation": "Sacramento", "hotelRoomType": "standard", "hotelRoomCount": "1", "hotelGuestAdultCount": "1", "hotelGuestChildCount": "4", "hotelNightCount": "12", "hotelRoomPrice": "123.29", "hotelFinalPrice": "1479.48"}}}
{"_id": "orderid:449262", "timestamp": "2020-02-01T14:49:58.000Z", "eventType": "transaction", "_adobeamericaspot3": {"CRMID": "crmid:3658906752", "orderDetails": {"orderID": "orderid:449262", "reservationid": "N56-ICIT", "orderType": "kiosk", "hotelSKU": "prd1110", "hotelCheckInUnix": "1582037398", "hotelCheckOutUnix": "1582382998", "hotelCheckInTS": "2020-02-18T14:49:58+00:00", "hotelCheckOutTS": "2020-02-22T14:49:58+00:00", "hotelChain": "Restful Nights", "hotelName": "Restful Nights: Sofia", "hotelLocation": "Sofia", "hotelRoomType": "premium", "hotelRoomCount": "1", "hotelGuestAdultCount": "1", "hotelGuestChildCount": "0", "hotelNightCount": "4", "hotelRoomPrice": "120.18", "hotelFinalPrice": "480.72"}}}
{"_id": "orderid:497664", "timestamp": "2020-01-12T12:04:03.000Z", "eventType": "transaction", "_adobeamericaspot3": {"CRMID": "crmid:1309656564", "orderDetails": {"orderID": "orderid:497664", "reservationid": "AN2-RIS8", "orderType": "call center", "hotelSKU": "prd1045", "hotelCheckInUnix": "1580731443", "hotelCheckOutUnix": "1581163443", "hotelCheckInTS": "2020-02-03T12:04:03+00:00", "hotelCheckOutTS": "2020-02-08T12:04:03+00:00", "hotelChain": "Admiralty Plaza", "hotelName": "Admiralty Plaza: Miami", "hotelLocation": "Miami", "hotelRoomType": "premium", "hotelRoomCount": "1", "hotelGuestAdultCount": "1", "hotelGuestChildCount": "4", "hotelNightCount": "5", "hotelRoomPrice": "144.83", "hotelFinalPrice": "724.15"}}}
{"_id": "orderid:781362", "timestamp": "2020-01-24T12:50:14.000Z", "eventType": "transaction", "_adobeamericaspot3": {"CRMID": "crmid:6987667670", "orderDetails": {"orderID": "orderid:781362", "reservationid": "2VK-0BD1", "orderType": "service desk", "hotelSKU": "prd1040", "hotelCheckInUnix": "1582289414", "hotelCheckOutUnix": "1583326214", "hotelCheckInTS": "2020-02-21T12:50:14+00:00", "hotelCheckOutTS": "2020-03-04T12:50:14+00:00", "hotelChain": "Aspen Heights", "hotelName": "Aspen Heights: Atlanta", "hotelLocation": "Atlanta", "hotelRoomType": "standard", "hotelRoomCount": "1", "hotelGuestAdultCount": "1", "hotelGuestChildCount": "1", "hotelNightCount": "12", "hotelRoomPrice": "163.24", "hotelFinalPrice": "1958.88"}}}
{"_id": "orderid:281215", "timestamp": "2020-01-11T15:07:42.000Z", "eventType": "transaction", "_adobeamericaspot3": {"CRMID": "crmid:9986277035", "orderDetails": {"orderID": "orderid:281215", "reservationid": "WSV-VBYL", "orderType": "call center", "hotelSKU": "prd1041", "hotelCheckInUnix": "1580656062", "hotelCheckOutUnix": "1581260862", "hotelCheckInTS": "2020-02-02T15:07:42+00:00", "hotelCheckOutTS": "2020-02-09T15:07:42+00:00", "hotelChain": "Sapphire Suites", "hotelName": "Sapphire Suites: Long Beach", "hotelLocation": "Long Beach", "hotelRoomType": "standard", "hotelRoomCount": "1", "hotelGuestAdultCount": "1", "hotelGuestChildCount": "0", "hotelNightCount": "7", "hotelRoomPrice": "137.7", "hotelFinalPrice": "963.9"}}}
{"_id": "orderid:202060", "timestamp": "2019-12-25T20:33:47.000Z", "eventType": "transaction", "_adobeamericaspot3": {"CRMID": "crmid:8328148285", "orderDetails": {"orderID": "orderid:202060", "reservationid": "WMI-HTNX", "orderType": "call center", "hotelSKU": "prd1040", "hotelCheckInUnix": "1577910827", "hotelCheckOutUnix": "1578947627", "hotelCheckInTS": "2020-01-01T20:33:47+00:00", "hotelCheckOutTS": "2020-01-13T20:33:47+00:00", "hotelChain": "Aspen Heights", "hotelName": "Aspen Heights: Atlanta", "hotelLocation": "Atlanta", "hotelRoomType": "presidential-suite", "hotelRoomCount": "1", "hotelGuestAdultCount": "1", "hotelGuestChildCount": "0", "hotelNightCount": "12", "hotelRoomPrice": "784.77", "hotelFinalPrice": "9417.24"}}}
{"_id": "orderid:890547", "timestamp": "2020-01-03T22:34:26.000Z", "eventType": "transaction", "_adobeamericaspot3": {"CRMID": "crmid:6665289610", "orderDetails": {"orderID": "orderid:890547", "reservationid": "KKD-K5JQ", "orderType": "mobile", "hotelSKU": "prd1033", "hotelCheckInUnix": "1578177266", "hotelCheckOutUnix": "1578522866", "hotelCheckInTS": "2020-01-04T22:34:26+00:00", "hotelCheckOutTS": "2020-01-08T22:34:26+00:00", "hotelChain": "Admiralty Plaza", "hotelName": "Admiralty Plaza: Milwaukee", "hotelLocation": "Milwaukee", "hotelRoomType": "premium", "hotelRoomCount": "1", "hotelGuestAdultCount": "1", "hotelGuestChildCount": "0", "hotelNightCount": "4", "hotelRoomPrice": "106.75", "hotelFinalPrice": "427.0"}}}
{"_id": "orderid:508618", "timestamp": "2020-01-09T00:00:00.000Z", "eventType": "transaction", "_adobeamericaspot3": {"CRMID": "crmid:6665289610", "orderDetails": {"orderID": "orderid:508618", "reservationid": "CVV-QAPM", "orderType": "kiosk", "hotelSKU": "prd1105", "hotelCheckInUnix": "1578873600", "hotelCheckOutUnix": "1579132800", "hotelCheckInTS": "2020-01-13T00:00:00+00:00", "hotelCheckOutTS": "2020-01-16T00:00:00+00:00", "hotelChain": "Admiralty Plaza", "hotelName": "Admiralty Plaza: Barcelona", "hotelLocation": "Barcelona", "hotelRoomType": "premium", "hotelRoomCount": "1", "hotelGuestAdultCount": "1", "hotelGuestChildCount": "0", "hotelNightCount": "3", "hotelRoomPrice": "127.87", "hotelFinalPrice": "383.61"}}}
{"_id": "orderid:654652", "timestamp": "2019-12-12T22:13:22.000Z", "eventType": "transaction", "_adobeamericaspot3": {"CRMID": "crmid:5685646376", "orderDetails": {"orderID": "orderid:654652", "reservationid": "OOX-0VQE", "orderType": "kiosk", "hotelSKU": "prd1117", "hotelCheckInUnix": "1578435202", "hotelCheckOutUnix": "1579126402", "hotelCheckInTS": "2020-01-07T22:13:22+00:00", "hotelCheckOutTS": "2020-01-15T22:13:22+00:00", "hotelChain": "Admiralty Plaza", "hotelName": "Admiralty Plaza: Dublin", "hotelLocation": "Dublin", "hotelRoomType": "standard", "hotelRoomCount": "1", "hotelGuestAdultCount": "1", "hotelGuestChildCount": "0", "hotelNightCount": "8", "hotelRoomPrice": "140.11", "hotelFinalPrice": "1120.88"}}}
{"_id": "orderid:622226", "timestamp": "2020-01-02T23:16:14.000Z", "eventType": "transaction", "_adobeamericaspot3": {"CRMID": "crmid:6636858466", "orderDetails": {"orderID": "orderid:622226", "reservationid": "QNQ-Q6DC", "orderType": "kiosk", "hotelSKU": "prd1064", "hotelCheckInUnix": "1578438974", "hotelCheckOutUnix": "1578957374", "hotelCheckInTS": "2020-01-07T23:16:14+00:00", "hotelCheckOutTS": "2020-01-13T23:16:14+00:00", "hotelChain": "Aspen Heights", "hotelName": "Aspen Heights: Paris", "hotelLocation": "Paris", "hotelRoomType": "standard", "hotelRoomCount": "1", "hotelGuestAdultCount": "1", "hotelGuestChildCount": "0", "hotelNightCount": "6", "hotelRoomPrice": "104.39", "hotelFinalPrice": "626.34"}}}
{"_id": "orderid:890238", "timestamp": "2020-01-08T17:46:30.000Z", "eventType": "transaction", "_adobeamericaspot3": {"CRMID": "crmid:2516406707", "orderDetails": {"orderID": "orderid:890238", "reservationid": "G6E-KJD8", "orderType": "website", "hotelSKU": "prd1191", "hotelCheckInUnix": "1580319990", "hotelCheckOutUnix": "1580838390", "hotelCheckInTS": "2020-01-29T17:46:30+00:00", "hotelCheckOutTS": "2020-02-04T17:46:30+00:00", "hotelChain": "Hospitality Inn", "hotelName": "Hospitality Inn: Mumbai", "hotelLocation": "Mumbai", "hotelRoomType": "standard", "hotelRoomCount": "1", "hotelGuestAdultCount": "1", "hotelGuestChildCount": "4", "hotelNightCount": "6", "hotelRoomPrice": "122.45", "hotelFinalPrice": "734.7"}}}
{"_id": "orderid:336387", "timestamp": "2020-01-28T16:05:03.000Z", "eventType": "transaction", "_adobeamericaspot3": {"CRMID": "crmid:7236548375", "orderDetails": {"orderID": "orderid:336387", "reservationid": "6ZF-FWLE", "orderType": "call center", "hotelSKU": "prd1133", "hotelCheckInUnix": "1580313903", "hotelCheckOutUnix": "1580486703", "hotelCheckInTS": "2020-01-29T16:05:03+00:00", "hotelCheckOutTS": "2020-01-31T16:05:03+00:00", "hotelChain": "Grandeur Hotels", "hotelName": "Grandeur Hotels: Toronto", "hotelLocation": "Toronto", "hotelRoomType": "standard", "hotelRoomCount": "1", "hotelGuestAdultCount": "1", "hotelGuestChildCount": "0", "hotelNightCount": "2", "hotelRoomPrice": "138.8", "hotelFinalPrice": "277.6"}}}
{"_id": "orderid:760714", "timestamp": "2020-01-01T10:07:09.000Z", "eventType": "transaction", "_adobeamericaspot3": {"CRMID": "crmid:8035255784", "orderDetails": {"orderID": "orderid:760714", "reservationid": "YJ5-ZLJF", "orderType": "kiosk", "hotelSKU": "prd1052", "hotelCheckInUnix": "1580378829", "hotelCheckOutUnix": "1580638029", "hotelCheckInTS": "2020-01-30T10:07:09+00:00", "hotelCheckOutTS": "2020-02-02T10:07:09+00:00", "hotelChain": "Aspen Heights", "hotelName": "Aspen Heights: Wichita", "hotelLocation": "Wichita", "hotelRoomType": "standard", "hotelRoomCount": "1", "hotelGuestAdultCount": "1", "hotelGuestChildCount": "1", "hotelNightCount": "3", "hotelRoomPrice": "159.91", "hotelFinalPrice": "479.73"}}}
{"_id": "orderid:663009", "timestamp": "2019-12-28T04:36:08.000Z", "eventType": "transaction", "_adobeamericaspot3": {"CRMID": "crmid:6604337582", "orderDetails": {"orderID": "orderid:663009", "reservationid": "9NP-QZLA", "orderType": "call center", "hotelSKU": "prd1155", "hotelCheckInUnix": "1579494968", "hotelCheckOutUnix": "1579926968", "hotelCheckInTS": "2020-01-20T04:36:08+00:00", "hotelCheckOutTS": "2020-01-25T04:36:08+00:00", "hotelChain": "Hospitality Inn", "hotelName": "Hospitality Inn: Denver", "hotelLocation": "Denver", "hotelRoomType": "standard", "hotelRoomCount": "1", "hotelGuestAdultCount": "1", "hotelGuestChildCount": "0", "hotelNightCount": "5", "hotelRoomPrice": "163.36", "hotelFinalPrice": "816.8"}}}
{"_id": "orderid:584991", "timestamp": "2019-12-20T11:10:16.000Z", "eventType": "transaction", "_adobeamericaspot3": {"CRMID": "crmid:3542964436", "orderDetails": {"orderID": "orderid:584991", "reservationid": "7MF-PLGT", "orderType": "website", "hotelSKU": "prd1141", "hotelCheckInUnix": "1579173016", "hotelCheckOutUnix": "1579432216", "hotelCheckInTS": "2020-01-16T11:10:16+00:00", "hotelCheckOutTS": "2020-01-19T11:10:16+00:00", "hotelChain": "Admiralty Plaza", "hotelName": "Admiralty Plaza: Phoenix", "hotelLocation": "Phoenix", "hotelRoomType": "standard", "hotelRoomCount": "1", "hotelGuestAdultCount": "1", "hotelGuestChildCount": "0", "hotelNightCount": "3", "hotelRoomPrice": "131.42", "hotelFinalPrice": "394.26"}}}
{"_id": "orderid:281765", "timestamp": "2019-12-15T23:31:46.000Z", "eventType": "transaction", "_adobeamericaspot3": {"CRMID": "crmid:9513981751", "orderDetails": {"orderID": "orderid:281765", "reservationid": "IUU-HJET", "orderType": "call center", "hotelSKU": "prd1059", "hotelCheckInUnix": "1576539106", "hotelCheckOutUnix": "1576625506", "hotelCheckInTS": "2019-12-16T23:31:46+00:00", "hotelCheckOutTS": "2019-12-17T23:31:46+00:00", "hotelChain": "Hospitality Inn", "hotelName": "Hospitality Inn: Kinshasa", "hotelLocation": "Kinshasa", "hotelRoomType": "standard", "hotelRoomCount": "1", "hotelGuestAdultCount": "1", "hotelGuestChildCount": "0", "hotelNightCount": "1", "hotelRoomPrice": "159.81", "hotelFinalPrice": "159.81"}}}
{"_id": "orderid:604873", "timestamp": "2020-01-09T13:32:06.000Z", "eventType": "transaction", "_adobeamericaspot3": {"CRMID": "crmid:3724856865", "orderDetails": {"orderID": "orderid:604873", "reservationid": "BJE-ABRL", "orderType": "service desk", "hotelSKU": "prd1195", "hotelCheckInUnix": "1581082326", "hotelCheckOutUnix": "1581341526", "hotelCheckInTS": "2020-02-07T13:32:06+00:00", "hotelCheckOutTS": "2020-02-10T13:32:06+00:00", "hotelChain": "Family Fun Hotels", "hotelName": "Family Fun Hotels: Lahore", "hotelLocation": "Lahore", "hotelRoomType": "premium", "hotelRoomCount": "1", "hotelGuestAdultCount": "1", "hotelGuestChildCount": "0", "hotelNightCount": "3", "hotelRoomPrice": "144.26", "hotelFinalPrice": "432.78"}}}
{"_id": "orderid:107015", "timestamp": "2020-02-10T10:54:33.000Z", "eventType": "transaction", "_adobeamericaspot3": {"CRMID": "crmid:9884731580", "orderDetails": {"orderID": "orderid:107015", "reservationid": "LBE-UCJH", "orderType": "kiosk", "hotelSKU": "prd1088", "hotelCheckInUnix": "1583405673", "hotelCheckOutUnix": "1583664873", "hotelCheckInTS": "2020-03-05T10:54:33+00:00", "hotelCheckOutTS": "2020-03-08T10:54:33+00:00", "hotelChain": "Aspen Heights", "hotelName": "Aspen Heights: Ankara", "hotelLocation": "Ankara", "hotelRoomType": "standard", "hotelRoomCount": "1", "hotelGuestAdultCount": "1", "hotelGuestChildCount": "0", "hotelNightCount": "3", "hotelRoomPrice": "171.55", "hotelFinalPrice": "514.65"}}}
{"_id": "orderid:499175", "timestamp": "2020-01-24T18:56:57.000Z", "eventType": "transaction", "_adobeamericaspot3": {"CRMID": "crmid:4515526267", "orderDetails": {"orderID": "orderid:499175", "reservationid": "COH-JH55", "orderType": "kiosk", "hotelSKU": "prd1052", "hotelCheckInUnix": "1581706617", "hotelCheckOutUnix": "1582225017", "hotelCheckInTS": "2020-02-14T18:56:57+00:00", "hotelCheckOutTS": "2020-02-20T18:56:57+00:00", "hotelChain": "Aspen Heights", "hotelName": "Aspen Heights: Wichita", "hotelLocation": "Wichita", "hotelRoomType": "standard", "hotelRoomCount": "1", "hotelGuestAdultCount": "1", "hotelGuestChildCount": "4", "hotelNightCount": "6", "hotelRoomPrice": "117.54", "hotelFinalPrice": "705.24"}}}
{"_id": "orderid:862024", "timestamp": "2019-12-12T01:06:55.000Z", "eventType": "transaction", "_adobeamericaspot3": {"CRMID": "crmid:7343296911", "orderDetails": {"orderID": "orderid:862024", "reservationid": "FZA-GPEW", "orderType": "website", "hotelSKU": "prd1047", "hotelCheckInUnix": "1578445615", "hotelCheckOutUnix": "1579828015", "hotelCheckInTS": "2020-01-08T01:06:55+00:00", "hotelCheckOutTS": "2020-01-24T01:06:55+00:00", "hotelChain": "Hospitality Inn", "hotelName": "Hospitality Inn: Oakland", "hotelLocation": "Oakland", "hotelRoomType": "premium", "hotelRoomCount": "1", "hotelGuestAdultCount": "1", "hotelGuestChildCount": "0", "hotelNightCount": "16", "hotelRoomPrice": "140.53", "hotelFinalPrice": "2248.48"}}}
{"_id": "orderid:535730", "timestamp": "2019-12-11T18:46:28.000Z", "eventType": "transaction", "_adobeamericaspot3": {"CRMID": "crmid:1109621201", "orderDetails": {"orderID": "orderid:535730", "reservationid": "MYR-OYTE", "orderType": "website", "hotelSKU": "prd1155", "hotelCheckInUnix": "1578422788", "hotelCheckOutUnix": "1579805188", "hotelCheckInTS": "2020-01-07T18:46:28+00:00", "hotelCheckOutTS": "2020-01-23T18:46:28+00:00", "hotelChain": "Hospitality Inn", "hotelName": "Hospitality Inn: Denver", "hotelLocation": "Denver", "hotelRoomType": "standard", "hotelRoomCount": "1", "hotelGuestAdultCount": "1", "hotelGuestChildCount": "0", "hotelNightCount": "16", "hotelRoomPrice": "166.96", "hotelFinalPrice": "2671.36"}}}
{"_id": "orderid:495320", "timestamp": "2020-01-16T07:49:27.000Z", "eventType": "transaction", "_adobeamericaspot3": {"CRMID": "crmid:2835872430", "orderDetails": {"orderID": "orderid:495320", "reservationid": "G7N-XCTF", "orderType": "call center", "hotelSKU": "prd1070", "hotelCheckInUnix": "1579506567", "hotelCheckOutUnix": "1579679367", "hotelCheckInTS": "2020-01-20T07:49:27+00:00", "hotelCheckOutTS": "2020-01-22T07:49:27+00:00", "hotelChain": "Blue Reef Resort", "hotelName": "Blue Reef Resort: Jakarta", "hotelLocation": "Jakarta", "hotelRoomType": "luxury", "hotelRoomCount": "1", "hotelGuestAdultCount": "1", "hotelGuestChildCount": "0", "hotelNightCount": "2", "hotelRoomPrice": "398.43", "hotelFinalPrice": "796.86"}}}
{"_id": "orderid:437211", "timestamp": "2020-01-24T00:00:00.000Z", "eventType": "transaction", "_adobeamericaspot3": {"CRMID": "crmid:2835872430", "orderDetails": {"orderID": "orderid:437211", "reservationid": "1AK-E7XO", "orderType": "website", "hotelSKU": "prd1173", "hotelCheckInUnix": "1579996800", "hotelCheckOutUnix": "1580169600", "hotelCheckInTS": "2020-01-26T00:00:00+00:00", "hotelCheckOutTS": "2020-01-28T00:00:00+00:00", "hotelChain": "Sapphire Suites", "hotelName": "Sapphire Suites: Kansas City", "hotelLocation": "Kansas City", "hotelRoomType": "premium", "hotelRoomCount": "1", "hotelGuestAdultCount": "1", "hotelGuestChildCount": "0", "hotelNightCount": "2", "hotelRoomPrice": "137.33", "hotelFinalPrice": "274.66"}}}
{"_id": "orderid:758008", "timestamp": "2019-12-05T16:03:34.000Z", "eventType": "transaction", "_adobeamericaspot3": {"CRMID": "crmid:4270183804", "orderDetails": {"orderID": "orderid:758008", "reservationid": "2GC-62V6", "orderType": "kiosk", "hotelSKU": "prd1086", "hotelCheckInUnix": "1577721814", "hotelCheckOutUnix": "1578240214", "hotelCheckInTS": "2019-12-30T16:03:34+00:00", "hotelCheckOutTS": "2020-01-05T16:03:34+00:00", "hotelChain": "Restful Nights", "hotelName": "Restful Nights: Johannesburg", "hotelLocation": "Johannesburg", "hotelRoomType": "standard", "hotelRoomCount": "1", "hotelGuestAdultCount": "1", "hotelGuestChildCount": "0", "hotelNightCount": "6", "hotelRoomPrice": "125.71", "hotelFinalPrice": "754.26"}}}
{"_id": "orderid:193781", "timestamp": "2020-01-08T02:26:28.000Z", "eventType": "transaction", "_adobeamericaspot3": {"CRMID": "crmid:1494157185", "orderDetails": {"orderID": "orderid:193781", "reservationid": "K9R-D0CX", "orderType": "kiosk", "hotelSKU": "prd1149", "hotelCheckInUnix": "1580351188", "hotelCheckOutUnix": "1581647188", "hotelCheckInTS": "2020-01-30T02:26:28+00:00", "hotelCheckOutTS": "2020-02-14T02:26:28+00:00", "hotelChain": "Sapphire Suites", "hotelName": "Sapphire Suites: San Francisco", "hotelLocation": "San Francisco", "hotelRoomType": "standard", "hotelRoomCount": "1", "hotelGuestAdultCount": "1", "hotelGuestChildCount": "0", "hotelNightCount": "15", "hotelRoomPrice": "124.94", "hotelFinalPrice": "1874.1"}}}
{"_id": "orderid:670761", "timestamp": "2019-12-08T16:00:11.000Z", "eventType": "transaction", "_adobeamericaspot3": {"CRMID": "crmid:7948898322", "orderDetails": {"orderID": "orderid:670761", "reservationid": "CRP-IKXL", "orderType": "call center", "hotelSKU": "prd1189", "hotelCheckInUnix": "1577980811", "hotelCheckOutUnix": "1578931211", "hotelCheckInTS": "2020-01-02T16:00:11+00:00", "hotelCheckOutTS": "2020-01-13T16:00:11+00:00", "hotelChain": "Admiralty Plaza", "hotelName": "Admiralty Plaza: Bakersfield", "hotelLocation": "Bakersfield", "hotelRoomType": "premium", "hotelRoomCount": "1", "hotelGuestAdultCount": "1", "hotelGuestChildCount": "0", "hotelNightCount": "11", "hotelRoomPrice": "159.81", "hotelFinalPrice": "1757.91"}}}
{"_id": "orderid:505798", "timestamp": "2020-02-02T05:46:56.000Z", "eventType": "transaction", "_adobeamericaspot3": {"CRMID": "crmid:7795824405", "orderDetails": {"orderID": "orderid:505798", "reservationid": "5SL-IAOM", "orderType": "kiosk", "hotelSKU": "prd1069", "hotelCheckInUnix": "1581054416", "hotelCheckOutUnix": "1581572816", "hotelCheckInTS": "2020-02-07T05:46:56+00:00", "hotelCheckOutTS": "2020-02-13T05:46:56+00:00", "hotelChain": "Admiralty Plaza", "hotelName": "Admiralty Plaza: Singapore", "hotelLocation": "Singapore", "hotelRoomType": "standard", "hotelRoomCount": "1", "hotelGuestAdultCount": "1", "hotelGuestChildCount": "0", "hotelNightCount": "6", "hotelRoomPrice": "152.83", "hotelFinalPrice": "916.98"}}}
{"_id": "orderid:800567", "timestamp": "2020-02-11T23:10:04.000Z", "eventType": "transaction", "_adobeamericaspot3": {"CRMID": "crmid:3206921166", "orderDetails": {"orderID": "orderid:800567", "reservationid": "J6R-I8ZH", "orderType": "mobile", "hotelSKU": "prd1071", "hotelCheckInUnix": "1583449804", "hotelCheckOutUnix": "1584054604", "hotelCheckInTS": "2020-03-05T23:10:04+00:00", "hotelCheckOutTS": "2020-03-12T23:10:04+00:00", "hotelChain": "Hospitality Inn", "hotelName": "Hospitality Inn: Seoul", "hotelLocation": "Seoul", "hotelRoomType": "premium", "hotelRoomCount": "1", "hotelGuestAdultCount": "1", "hotelGuestChildCount": "0", "hotelNightCount": "7", "hotelRoomPrice": "148.51", "hotelFinalPrice": "1039.57"}}}
{"_id": "orderid:135545", "timestamp": "2020-01-26T10:24:27.000Z", "eventType": "transaction", "_adobeamericaspot3": {"CRMID": "crmid:2040495899", "orderDetails": {"orderID": "orderid:135545", "reservationid": "EAE-AOXD", "orderType": "mobile", "hotelSKU": "prd1163", "hotelCheckInUnix": "1581762267", "hotelCheckOutUnix": "1582194267", "hotelCheckInTS": "2020-02-15T10:24:27+00:00", "hotelCheckOutTS": "2020-02-20T10:24:27+00:00", "hotelChain": "Nesting Box Inn", "hotelName": "Nesting Box Inn: Oklahoma City", "hotelLocation": "Oklahoma City", "hotelRoomType": "standard", "hotelRoomCount": "1", "hotelGuestAdultCount": "1", "hotelGuestChildCount": "0", "hotelNightCount": "5", "hotelRoomPrice": "136.41", "hotelFinalPrice": "682.05"}}}
{"_id": "orderid:506155", "timestamp": "2020-02-05T17:34:14.000Z", "eventType": "transaction", "_adobeamericaspot3": {"CRMID": "crmid:7227958931", "orderDetails": {"orderID": "orderid:506155", "reservationid": "5WZ-09DM", "orderType": "website", "hotelSKU": "prd1195", "hotelCheckInUnix": "1581528854", "hotelCheckOutUnix": "1581874454", "hotelCheckInTS": "2020-02-12T17:34:14+00:00", "hotelCheckOutTS": "2020-02-16T17:34:14+00:00", "hotelChain": "Family Fun Hotels", "hotelName": "Family Fun Hotels: Lahore", "hotelLocation": "Lahore", "hotelRoomType": "premium", "hotelRoomCount": "1", "hotelGuestAdultCount": "1", "hotelGuestChildCount": "0", "hotelNightCount": "4", "hotelRoomPrice": "153.8", "hotelFinalPrice": "615.2"}}}
{"_id": "orderid:588552", "timestamp": "2019-12-29T11:33:01.000Z", "eventType": "transaction", "_adobeamericaspot3": {"CRMID": "crmid:4042553990", "orderDetails": {"orderID": "orderid:588552", "reservationid": "NHD-VVEZ", "orderType": "website", "hotelSKU": "prd1137", "hotelCheckInUnix": "1577705581", "hotelCheckOutUnix": "1577878381", "hotelCheckInTS": "2019-12-30T11:33:01+00:00", "hotelCheckOutTS": "2020-01-01T11:33:01+00:00", "hotelChain": "Sapphire Suites", "hotelName": "Sapphire Suites: Manila", "hotelLocation": "Manila", "hotelRoomType": "standard", "hotelRoomCount": "1", "hotelGuestAdultCount": "1", "hotelGuestChildCount": "0", "hotelNightCount": "2", "hotelRoomPrice": "155.16", "hotelFinalPrice": "310.32"}}}
{"_id": "orderid:305318", "timestamp": "2019-12-06T08:18:55.000Z", "eventType": "transaction", "_adobeamericaspot3": {"CRMID": "crmid:1796720765", "orderDetails": {"orderID": "orderid:305318", "reservationid": "ZWV-Q5PR", "orderType": "kiosk", "hotelSKU": "prd1059", "hotelCheckInUnix": "1575706735", "hotelCheckOutUnix": "1575879535", "hotelCheckInTS": "2019-12-07T08:18:55+00:00", "hotelCheckOutTS": "2019-12-09T08:18:55+00:00", "hotelChain": "Hospitality Inn", "hotelName": "Hospitality Inn: Kinshasa", "hotelLocation": "Kinshasa", "hotelRoomType": "standard", "hotelRoomCount": "1", "hotelGuestAdultCount": "1", "hotelGuestChildCount": "0", "hotelNightCount": "2", "hotelRoomPrice": "116.59", "hotelFinalPrice": "233.18"}}}
{"_id": "orderid:906737", "timestamp": "2020-01-05T17:12:56.000Z", "eventType": "transaction", "_adobeamericaspot3": {"CRMID": "crmid:2491306057", "orderDetails": {"orderID": "orderid:906737", "reservationid": "XWD-WDOV", "orderType": "kiosk", "hotelSKU": "prd1153", "hotelCheckInUnix": "1578330776", "hotelCheckOutUnix": "1578503576", "hotelCheckInTS": "2020-01-06T17:12:56+00:00", "hotelCheckOutTS": "2020-01-08T17:12:56+00:00", "hotelChain": "Admiralty Plaza", "hotelName": "Admiralty Plaza: Charlotte", "hotelLocation": "Charlotte", "hotelRoomType": "standard", "hotelRoomCount": "1", "hotelGuestAdultCount": "1", "hotelGuestChildCount": "0", "hotelNightCount": "2", "hotelRoomPrice": "198.28", "hotelFinalPrice": "396.56"}}}
{"_id": "orderid:150641", "timestamp": "2020-02-14T21:01:20.000Z", "eventType": "transaction", "_adobeamericaspot3": {"CRMID": "crmid:3504058762", "orderDetails": {"orderID": "orderid:150641", "reservationid": "TPM-GBD7", "orderType": "website", "hotelSKU": "prd1033", "hotelCheckInUnix": "1583960480", "hotelCheckOutUnix": "1584565280", "hotelCheckInTS": "2020-03-11T21:01:20+00:00", "hotelCheckOutTS": "2020-03-18T21:01:20+00:00", "hotelChain": "Admiralty Plaza", "hotelName": "Admiralty Plaza: Milwaukee", "hotelLocation": "Milwaukee", "hotelRoomType": "premium", "hotelRoomCount": "1", "hotelGuestAdultCount": "1", "hotelGuestChildCount": "0", "hotelNightCount": "7", "hotelRoomPrice": "173.65", "hotelFinalPrice": "1215.55"}}}
{"_id": "orderid:184003", "timestamp": "2019-12-31T19:22:48.000Z", "eventType": "transaction", "_adobeamericaspot3": {"CRMID": "crmid:1855459167", "orderDetails": {"orderID": "orderid:184003", "reservationid": "OV8-TWC6", "orderType": "mobile", "hotelSKU": "prd1147", "hotelCheckInUnix": "1580325768", "hotelCheckOutUnix": "1581103368", "hotelCheckInTS": "2020-01-29T19:22:48+00:00", "hotelCheckOutTS": "2020-02-07T19:22:48+00:00", "hotelChain": "Family Fun Hotels", "hotelName": "Family Fun Hotels: Austin", "hotelLocation": "Austin", "hotelRoomType": "presidential-suite", "hotelRoomCount": "1", "hotelGuestAdultCount": "1", "hotelGuestChildCount": "0", "hotelNightCount": "9", "hotelRoomPrice": "756.23", "hotelFinalPrice": "6806.07"}}}
{"_id": "orderid:601304", "timestamp": "2020-02-04T21:55:22.000Z", "eventType": "transaction", "_adobeamericaspot3": {"CRMID": "crmid:5591022893", "orderDetails": {"orderID": "orderid:601304", "reservationid": "3LH-Y8OS", "orderType": "call center", "hotelSKU": "prd1191", "hotelCheckInUnix": "1583445322", "hotelCheckOutUnix": "1584050122", "hotelCheckInTS": "2020-03-05T21:55:22+00:00", "hotelCheckOutTS": "2020-03-12T21:55:22+00:00", "hotelChain": "Hospitality Inn", "hotelName": "Hospitality Inn: Mumbai", "hotelLocation": "Mumbai", "hotelRoomType": "premium", "hotelRoomCount": "1", "hotelGuestAdultCount": "1", "hotelGuestChildCount": "0", "hotelNightCount": "7", "hotelRoomPrice": "170.48", "hotelFinalPrice": "1193.36"}}}
