id,reservationid,orderid,crmid,timestamp,orderType,productsku,hotelCheckInUnix,hotelCheckOutUnix,hotelCheckInTS,hotelCheckOutTS,hotelName,hotelChain,hotelLocation,hotelRoomType,hotelRoomCount,hotelGuestAdultCount,hotelGuestChildCount,hotelNightCount,hotelRoomPrice,hotelFinalPrice
03173970-53c9-11ea-be1d-b88a60e194fb,BBT-UGDN,orderid:341838,crmid:4652751741,2020-01-15T05:13:24.000Z,call center,prd1190,1579151604,1579410804,2020-01-16T05:13:24+00:00,2020-01-19T05:13:24+00:00,Blue Reef Resort: Aurora,Blue Reef Resort,Aurora,premium,1,1,0,3,135.14,405.42
0318722c-53c9-11ea-bfbf-b88a60e194fb,ZK6-WN1C,orderid:235761,crmid:1757191071,2020-01-11T08:21:23.000Z,kiosk,prd1177,1580890883,1581841283,2020-02-05T08:21:23+00:00,2020-02-16T08:21:23+00:00,Admiralty Plaza: Raleigh,Admiralty Plaza,Raleigh,premium,1,1,0,11,146.64,1613.04
0319aa78-53c9-11ea-a596-b88a60e194fb,P8L-S54Y,orderid:673201,crmid:5514181097,2020-02-13T12:17:30.000Z,website,prd1195,1584188250,1584533850,2020-03-14T12:17:30+00:00,2020-03-18T12:17:30+00:00,Family Fun Hotels: Lahore,Family Fun Hotels,Lahore,standard,1,1,0,4,227.19,908.76
031a94dc-53c9-11ea-97b4-b88a60e194fb,B8S-SUAO,orderid:992463,crmid:8425351345,2020-02-09T20:40:29.000Z,website,prd1129,1581885629,1582404029,2020-02-16T20:40:29+00:00,2020-02-22T20:40:29+00:00,Admiralty Plaza: Helsinki,Admiralty Plaza,Helsinki,standard,1,1,0,6,133.44,800.64
031bcd50-53c9-11ea-8a02-b88a60e194fb,QFU-TKVV,orderid:630048,crmid:3992227076,2019-12-17T13:36:35.000Z,mobile,prd1095,1576762595,1576848995,2019-12-19T13:36:35+00:00,2019-12-20T13:36:35+00:00,Hospitality Inn: Casablanca,Hospitality Inn,Casablanca,standard,1,1,0,1,113.19,113.19
031cb7b8-53c9-11ea-a740-b88a60e194fb,UFX-ZKWH,orderid:564622,crmid:4135815498,2020-01-20T00:52:03.000Z,service desk,prd1107,1579999923,1580518323,2020-01-26T00:52:03+00:00,2020-02-01T00:52:03+00:00,Hospitality Inn: Kharkiv,Hospitality Inn,Kharkiv,standard,1,1,0,6,175.09,1050.54
031dc924-53c9-11ea-854c-b88a60e194fb,URU-1HBO,orderid:120904,crmid:7122682699,2020-01-01T07:18:57.000Z,call center,prd1190,1578035937,1578381537,2020-01-03T07:18:57+00:00,2020-01-07T07:18:57+00:00,Blue Reef Resort: Aurora,Blue Reef Resort,Aurora,standard,1,1,0,4,150.65,602.6
031df036-53c9-11ea-8cb3-b88a60e194fb,FOH-FURJ,orderid:396622,crmid:7122682699,2020-01-08T00:00:00.000Z,kiosk,prd1152,1578528000,1578700800,2020-01-09T00:00:00+00:00,2020-01-11T00:00:00+00:00,Repose Resort: Indianapolis,Repose Resort,Indianapolis,standard,1,1,0,2,107.23,214.46
031eda92-53c9-11ea-aad8-b88a60e194fb,F3H-4MGA,orderid:576487,crmid:2490038335,2020-01-19T02:39:27.000Z,kiosk,prd1037,1581561567,1581734367,2020-02-13T02:39:27+00:00,2020-02-15T02:39:27+00:00,Grandeur Hotels: Sacramento,Grandeur Hotels,Sacramento,premium,1,1,0,2,89.59,179.18
031fec02-53c9-11ea-b1e3-b88a60e194fb,2QD-EHPT,orderid:331171,crmid:7685244505,2020-02-05T14:37:31.000Z,website,prd1153,1582555051,1583073451,2020-02-24T14:37:31+00:00,2020-03-01T14:37:31+00:00,Admiralty Plaza: Charlotte,Admiralty Plaza,Charlotte,standard,1,1,0,6,168.11,1008.66
0320fd78-53c9-11ea-9c42-b88a60e194fb,QWV-QJRJ,orderid:888240,crmid:5423083341,2019-12-10T18:11:04.000Z,kiosk,prd1149,1576260664,1576519864,2019-12-13T18:11:04+00:00,2019-12-16T18:11:04+00:00,Sapphire Suites: San Francisco,Sapphire Suites,San Francisco,standard,1,1,0,3,116.51,349.53
03220ef6-53c9-11ea-8f9f-b88a60e194fb,ADI-NBQT,orderid:633390,crmid:4077106162,2020-01-07T20:34:34.000Z,kiosk,prd1187,1581021274,1581971674,2020-02-06T20:34:34+00:00,2020-02-17T20:34:34+00:00,Nesting Box Inn: Cleveland,Nesting Box Inn,Cleveland,standard,1,1,0,11,142.01,1562.11
0322f958-53c9-11ea-ae77-b88a60e194fb,0KZ-94RQ,orderid:340938,crmid:2575409253,2019-12-04T22:19:29.000Z,service desk,prd1141,1577830769,1578349169,2019-12-31T22:19:29+00:00,2020-01-06T22:19:29+00:00,Admiralty Plaza: Phoenix,Admiralty Plaza,Phoenix,premium,1,1,2,6,114.93,689.58
032458e2-53c9-11ea-82db-b88a60e194fb,824-L0FF,orderid:625997,crmid:6913990135,2020-01-09T01:03:09.000Z,call center,prd1047,1578877389,1579309389,2020-01-13T01:03:09+00:00,2020-01-18T01:03:09+00:00,Hospitality Inn: Oakland,Hospitality Inn,Oakland,standard,1,1,0,5,184.7,923.5
03256a48-53c9-11ea-bbd9-b88a60e194fb,7MW-955T,orderid:905611,crmid:2590245895,2020-02-05T14:50:20.000Z,website,prd1123,1582037420,1582469420,2020-02-18T14:50:20+00:00,2020-02-23T14:50:20+00:00,Family Fun Hotels: Amsterdam,Family Fun Hotels,Amsterdam,premium,1,1,0,5,183.73,918.65
0326a2d0-53c9-11ea-9ac3-b88a60e194fb,S64-WSCC,orderid:837675,crmid:7295220509,2019-12-30T05:54:08.000Z,mobile,prd1057,1578117248,1579586048,2020-01-04T05:54:08+00:00,2020-01-21T05:54:08+00:00,Admiralty Plaza: Mumbai,Admiralty Plaza,Mumbai,standard,1,1,0,17,159.21,2706.57
03278d3a-53c9-11ea-a824-b88a60e194fb,XET-3D6B,orderid:682559,crmid:4742528668,2019-12-22T01:16:52.000Z,kiosk,prd1057,1578964612,1580433412,2020-01-14T01:16:52+00:00,2020-01-31T01:16:52+00:00,Admiralty Plaza: Mumbai,Admiralty Plaza,Mumbai,premium,1,1,0,17,129.53,2202.01
03287798-53c9-11ea-bd3b-b88a60e194fb,2GC-TKS7,orderid:547314,crmid:1873160062,2020-02-06T17:15:31.000Z,website,prd1165,1581268531,1581354931,2020-02-09T17:15:31+00:00,2020-02-10T17:15:31+00:00,Admiralty Plaza: Louisville,Admiralty Plaza,Louisville,standard,1,1,0,1,111.91,111.91
03289ea4-53c9-11ea-aeb1-b88a60e194fb,YTB-AXRH,orderid:335656,crmid:1873160062,2020-02-12T00:00:00.000Z,kiosk,prd1095,1581724800,1581984000,2020-02-15T00:00:00+00:00,2020-02-18T00:00:00+00:00,Hospitality Inn: Casablanca,Hospitality Inn,Casablanca,premium,1,1,0,3,132.63,397.89
032988fa-53c9-11ea-91d7-b88a60e194fb,O8E-TRF5,orderid:428864,crmid:8396132106,2019-12-06T03:29:59.000Z,website,prd1040,1576294199,1577158199,2019-12-14T03:29:59+00:00,2019-12-24T03:29:59+00:00,Aspen Heights: Atlanta,Aspen Heights,Atlanta,standard,1,1,4,10,110.32,1103.2
032a9a8c-53c9-11ea-927f-b88a60e194fb,06B-C9ZH,orderid:686683,crmid:6475930415,2020-02-14T14:52:34.000Z,mobile,prd1064,1583765554,1584197554,2020-03-09T14:52:34+00:00,2020-03-14T14:52:34+00:00,Aspen Heights: Paris,Aspen Heights,Paris,standard,1,1,0,5,161.03,805.15
032bac00-53c9-11ea-9a3b-b88a60e194fb,MTO-NHNL,orderid:231230,crmid:2543745481,2019-12-01T17:54:42.000Z,mobile,prd1119,1577296482,1577901282,2019-12-25T17:54:42+00:00,2020-01-01T17:54:42+00:00,Hospitality Inn: Turin,Hospitality Inn,Turin,standard,1,1,0,7,102.91,720.37
032c9664-53c9-11ea-bf98-b88a60e194fb,VTJ-VXGK,orderid:674766,crmid:1787518278,2020-01-01T18:51:22.000Z,kiosk,prd1057,1577991082,1578336682,2020-01-02T18:51:22+00:00,2020-01-06T18:51:22+00:00,Admiralty Plaza: Mumbai,Admiralty Plaza,Mumbai,standard,1,1,0,4,182.33,729.32
032cbd6e-53c9-11ea-a2ed-b88a60e194fb,JPJ-AR6K,orderid:754750,crmid:1787518278,2020-01-08T00:00:00.000Z,mobile,prd1081,1578700800,1579046400,2020-01-11T00:00:00+00:00,2020-01-15T00:00:00+00:00,Admiralty Plaza: Rod de Janeiro,Admiralty Plaza,Rod de Janeiro,standard,1,1,0,4,192.88,771.52
032da7fa-53c9-11ea-9aa0-b88a60e194fb,MTL-STDZ,orderid:152107,crmid:2361609460,2020-01-20T07:02:58.000Z,kiosk,prd1092,1582009378,1582268578,2020-02-18T07:02:58+00:00,2020-02-21T07:02:58+00:00,Repose Resort: Cape Town,Repose Resort,Cape Town,standard,1,1,0,3,98.91,296.73
032e9236-53c9-11ea-8e2f-b88a60e194fb,SXZ-9UP3,orderid:742091,crmid:3472830290,2019-12-19T12:08:18.000Z,kiosk,prd1003,1579090098,1580213298,2020-01-15T12:08:18+00:00,2020-01-28T12:08:18+00:00,Family Fun Hotels: Houston,Family Fun Hotels,Houston,standard,1,1,0,13,128.9,1675.7
032ff1ae-53c9-11ea-83ad-b88a60e194fb,2N9-GG19,orderid:234605,crmid:1438106570,2020-02-10T19:23:11.000Z,kiosk,prd1194,1583090591,1583349791,2020-03-01T19:23:11+00:00,2020-03-04T19:23:11+00:00,Restful Nights: Tianjin,Restful Nights,Tianjin,standard,1,1,0,3,145.58,436.74
0331031e-53c9-11ea-b7fa-b88a60e194fb,5T5-R3VI,orderid:746052,crmid:9997640463,2020-02-02T21:03:52.000Z,website,prd1160,1582837432,1583528632,2020-02-27T21:03:52+00:00,2020-03-06T21:03:52+00:00,Aspen Heights: Nashville,Aspen Heights,Nashville,premium,1,1,0,8,107.12,856.96
0332149c-53c9-11ea-b6f5-b88a60e194fb,GWB-0FHL,orderid:934630,crmid:2982561126,2020-01-10T17:25:32.000Z,website,prd1196,1581009932,1582651532,2020-02-06T17:25:32+00:00,2020-02-25T17:25:32+00:00,Aspen Heights: Moscow,Aspen Heights,Moscow,standard,1,1,0,19,110.09,2091.71
0333004c-53c9-11ea-a6cc-b88a60e194fb,195-YBEQ,orderid:361712,crmid:3966907890,2020-02-16T03:38:54.000Z,kiosk,prd1035,1581910734,1582083534,2020-02-17T03:38:54+00:00,2020-02-19T03:38:54+00:00,Hospitality Inn: Tucson,Hospitality Inn,Tucson,standard,1,1,0,2,153.42,306.84
033410de-53c9-11ea-ac5f-b88a60e194fb,ZBV-1W11,orderid:500729,crmid:8309110106,2020-02-12T01:36:19.000Z,website,prd1158,1583544979,1584927379,2020-03-07T01:36:19+00:00,2020-03-23T01:36:19+00:00,Restful Nights: El Paso,Restful Nights,El Paso,premium,1,1,0,16,86.33,1381.28
0335231e-53c9-11ea-9b9c-b88a60e194fb,6XV-C0XN,orderid:855322,crmid:9788025475,2019-12-28T23:06:44.000Z,call center,prd1029,1578352004,1578784004,2020-01-06T23:06:44+00:00,2020-01-11T23:06:44+00:00,Sapphire Suites: Oklahoma City,Sapphire Suites,Oklahoma City,standard,1,1,0,5,111.85,559.25
0335e674-53c9-11ea-91e1-b88a60e194fb,GTC-KIS0,orderid:290045,crmid:6391610515,2019-12-23T00:16:32.000Z,website,prd1046,1579306592,1580084192,2020-01-18T00:16:32+00:00,2020-01-27T00:16:32+00:00,Blue Reef Resort: Virginia Beach,Blue Reef Resort,Virginia Beach,standard,1,1,0,9,177.59,1598.31
0336f7f4-53c9-11ea-9067-b88a60e194fb,UUV-IAGI,orderid:814725,crmid:1629641984,2019-12-22T16:51:22.000Z,kiosk,prd1071,1577465482,1577638282,2019-12-27T16:51:22+00:00,2019-12-29T16:51:22+00:00,Hospitality Inn: Seoul,Hospitality Inn,Seoul,premium,1,1,0,2,165.66,331.32
0337e100-53c9-11ea-9ca8-b88a60e194fb,ALP-LGCQ,orderid:101179,crmid:1558786053,2020-01-08T20:50:52.000Z,website,prd1099,1581022252,1581886252,2020-02-06T20:50:52+00:00,2020-02-16T20:50:52+00:00,Family Fun Hotels: Bucharest,Family Fun Hotels,Bucharest,standard,1,1,0,10,190.79,1907.9
0338f27e-53c9-11ea-a708-b88a60e194fb,PJN-BGSV,orderid:376499,crmid:8414923020,2019-12-12T05:55:49.000Z,website,prd1197,1577685349,1579326949,2019-12-30T05:55:49+00:00,2020-01-18T05:55:49+00:00,Sapphire Suites: London,Sapphire Suites,London,standard,1,1,0,19,79.27,1506.13
033a51fa-53c9-11ea-82e6-b88a60e194fb,MKH-TLYK,orderid:618251,crmid:2362025749,2020-01-11T09:09:20.000Z,call center,prd1016,1580980160,1582189760,2020-02-06T09:09:20+00:00,2020-02-20T09:09:20+00:00,Aspen Heights: Columbus,Aspen Heights,Columbus,standard,1,1,1,14,152.47,2134.58
033b636c-53c9-11ea-94aa-b88a60e194fb,5CB-HERF,orderid:695864,crmid:6585929864,2020-01-01T04:25:02.000Z,kiosk,prd1041,1580444702,1581740702,2020-01-31T04:25:02+00:00,2020-02-15T04:25:02+00:00,Sapphire Suites: Long Beach,Sapphire Suites,Long Beach,standard,1,1,2,15,98.93,1483.95
033c4dd0-53c9-11ea-854b-b88a60e194fb,X8T-AHCD,orderid:442746,crmid:1021581889,2020-01-06T14:07:57.000Z,call center,prd1196,1578578877,1578751677,2020-01-09T14:07:57+00:00,2020-01-11T14:07:57+00:00,Aspen Heights: Moscow,Aspen Heights,Moscow,premium,1,1,0,2,192.54,385.08
033d8658-53c9-11ea-b554-b88a60e194fb,79X-QUDZ,orderid:844574,crmid:1163830249,2019-12-28T16:06:00.000Z,kiosk,prd1121,1577635560,1577808360,2019-12-29T16:06:00+00:00,2019-12-31T16:06:00+00:00,Grandeur Hotels: Stockholm,Grandeur Hotels,Stockholm,premium,1,1,0,2,172.85,345.7
033e70a2-53c9-11ea-908d-b88a60e194fb,EDZ-C2VX,orderid:812049,crmid:5819372105,2020-01-05T00:07:01.000Z,kiosk,prd1070,1578528421,1578614821,2020-01-09T00:07:01+00:00,2020-01-10T00:07:01+00:00,Blue Reef Resort: Jakarta,Blue Reef Resort,Jakarta,premium,1,1,0,1,156.65,156.65
033fd024-53c9-11ea-a639-b88a60e194fb,RUU-WCGV,orderid:802633,crmid:2775516517,2020-01-31T01:45:17.000Z,website,prd1059,1582508717,1583286317,2020-02-24T01:45:17+00:00,2020-03-04T01:45:17+00:00,Hospitality Inn: Kinshasa,Hospitality Inn,Kinshasa,luxury,1,1,0,9,252.27,2270.43
03412fb0-53c9-11ea-96fb-b88a60e194fb,6GW-425I,orderid:123348,crmid:6044825214,2020-01-17T04:56:40.000Z,website,prd1196,1581137800,1581310600,2020-02-08T04:56:40+00:00,2020-02-10T04:56:40+00:00,Aspen Heights: Moscow,Aspen Heights,Moscow,premium,1,1,0,2,132.29,264.58
03428f46-53c9-11ea-8650-b88a60e194fb,AHG-G70D,orderid:448577,crmid:9836787832,2020-01-05T21:03:52.000Z,call center,prd1004,1578517432,1578603832,2020-01-08T21:03:52+00:00,2020-01-09T21:03:52+00:00,Aspen Heights: Boulder,Aspen Heights,Boulder,premium,1,1,0,1,126.42,126.42
0343eed2-53c9-11ea-8571-b88a60e194fb,MCF-BQCQ,orderid:906609,crmid:5696776695,2020-01-06T04:29:23.000Z,website,prd1057,1578371363,1578457763,2020-01-07T04:29:23+00:00,2020-01-08T04:29:23+00:00,Admiralty Plaza: Mumbai,Admiralty Plaza,Mumbai,standard,1,1,0,1,122.54,122.54
034415e4-53c9-11ea-9020-b88a60e194fb,EIY-D25A,orderid:304432,crmid:5696776695,2020-01-09T00:00:00.000Z,website,prd1071,1578614400,1578700800,2020-01-10T00:00:00+00:00,2020-01-11T00:00:00+00:00,Hospitality Inn: Seoul,Hospitality Inn,Seoul,premium,1,1,0,1,115.37,115.37
03457574-53c9-11ea-a85c-b88a60e194fb,Z0Q-MNNS,orderid:354211,crmid:4014803316,2020-01-13T06:16:58.000Z,website,prd1106,1580969818,1582611418,2020-02-06T06:16:58+00:00,2020-02-25T06:16:58+00:00,Blue Reef Resort: Munich,Blue Reef Resort,Munich,standard,1,1,0,19,166.94,3171.86
03465fac-53c9-11ea-b4c7-b88a60e194fb,BR5-CJRS,orderid:110959,crmid:2136782275,2020-02-04T02:12:55.000Z,kiosk,prd1131,1582769575,1584065575,2020-02-27T02:12:55+00:00,2020-03-13T02:12:55+00:00,Hospitality Inn: Sheffield,Hospitality Inn,Sheffield,standard,1,1,1,15,165.53,2482.95
0347e64a-53c9-11ea-9957-b88a60e194fb,QOG-X3HN,orderid:730235,crmid:2193042717,2019-12-23T13:03:39.000Z,call center,prd1114,1577192619,1577538219,2019-12-24T13:03:39+00:00,2019-12-28T13:03:39+00:00,Sego Lily Suites: Brussels,Sego Lily Suites,Brussels,standard,1,1,0,4,134.96,539.84
0348f7c8-53c9-11ea-9eef-b88a60e194fb,4NQ-8BKR,orderid:530289,crmid:8512270532,2020-01-06T00:01:54.000Z,website,prd1161,1578355314,1578441714,2020-01-07T00:01:54+00:00,2020-01-08T00:01:54+00:00,Sapphire Suites: Memphis,Sapphire Suites,Memphis,premium,1,1,0,1,129.26,129.26
034a0938-53c9-11ea-8a3d-b88a60e194fb,EWM-9H4B,orderid:503802,crmid:6645840883,2020-01-24T05:03:47.000Z,kiosk,prd1002,1580187827,1580879027,2020-01-28T05:03:47+00:00,2020-02-05T05:03:47+00:00,Restful Nights: Chicago,Restful Nights,Chicago,presidential-suite,1,1,4,8,881.73,7053.84
034b1aa6-53c9-11ea-9cd4-b88a60e194fb,R8X-OCHH,orderid:428795,crmid:1227624187,2020-02-03T15:29:34.000Z,call center,prd1124,1580830174,1581262174,2020-02-04T15:29:34+00:00,2020-02-09T15:29:34+00:00,Aspen Heights: Leeds,Aspen Heights,Leeds,standard,1,1,0,5,137.9,689.5
034c04fe-53c9-11ea-88a6-b88a60e194fb,AX2-JXXU,orderid:933841,crmid:6802973006,2020-01-08T10:52:46.000Z,kiosk,prd1093,1578653566,1578826366,2020-01-10T10:52:46+00:00,2020-01-12T10:52:46+00:00,Admiralty Plaza: Yokohama,Admiralty Plaza,Yokohama,standard,1,1,0,2,95.36,190.72
034d3d8c-53c9-11ea-a0d0-b88a60e194fb,NWK-9DRD,orderid:377815,crmid:9553637018,2020-02-01T19:11:42.000Z,website,prd1124,1580929902,1581189102,2020-02-05T19:11:42+00:00,2020-02-08T19:11:42+00:00,Aspen Heights: Leeds,Aspen Heights,Leeds,standard,1,1,0,3,195.41,586.23
034ec428-53c9-11ea-86e5-b88a60e194fb,MEU-XHVN,orderid:700566,crmid:5082748608,2020-01-12T16:07:47.000Z,kiosk,prd1172,1579795667,1580400467,2020-01-23T16:07:47+00:00,2020-01-30T16:07:47+00:00,Aspen Heights: Mesa,Aspen Heights,Mesa,standard,1,1,0,7,135.69,949.83
03504ac6-53c9-11ea-91b0-b88a60e194fb,PYA-LNSU,orderid:852728,crmid:6604793364,2019-12-16T03:11:38.000Z,call center,prd1088,1578366698,1578885098,2020-01-07T03:11:38+00:00,2020-01-13T03:11:38+00:00,Aspen Heights: Ankara,Aspen Heights,Ankara,standard,1,1,0,6,165.25,991.5
0351834a-53c9-11ea-b9c2-b88a60e194fb,S09-RXA9,orderid:620259,crmid:3108523048,2019-12-21T09:59:38.000Z,website,prd1047,1577181578,1577354378,2019-12-24T09:59:38+00:00,2019-12-26T09:59:38+00:00,Hospitality Inn: Oakland,Hospitality Inn,Oakland,standard,1,1,0,2,115.04,230.08
0352e39c-53c9-11ea-9f1b-b88a60e194fb,HH7-SZYE,orderid:923795,crmid:2914630897,2020-01-08T20:22:56.000Z,website,prd1167,1579292576,1579638176,2020-01-17T20:22:56+00:00,2020-01-21T20:22:56+00:00,Hospitality Inn: Milwaukee,Hospitality Inn,Milwaukee,standard,1,1,0,4,104.46,417.84
03541b62-53c9-11ea-8566-b88a60e194fb,JOU-M3JF,orderid:211724,crmid:5905479423,2020-02-04T00:33:40.000Z,call center,prd1136,1582936420,1583541220,2020-02-29T00:33:40+00:00,2020-03-07T00:33:40+00:00,Aspen Heights: Osaka,Aspen Heights,Osaka,premium,1,1,0,7,148.91,1042.37
035553dc-53c9-11ea-a5df-b88a60e194fb,X32-BG9B,orderid:527011,crmid:9278348993,2020-01-14T23:59:29.000Z,service desk,prd1069,1579651169,1580601569,2020-01-21T23:59:29+00:00,2020-02-01T23:59:29+00:00,Admiralty Plaza: Singapore,Admiralty Plaza,Singapore,standard,1,1,0,11,189.28,2082.08
03563e34-53c9-11ea-9e1b-b88a60e194fb,EQB-SRRG,orderid:527159,crmid:8219074393,2019-12-04T16:07:35.000Z,website,prd1135,1577981255,1578499655,2020-01-02T16:07:35+00:00,2020-01-08T16:07:35+00:00,Family Fun Hotels: Vancouver,Family Fun Hotels,Vancouver,standard,1,1,0,6,141.2,847.2
035776a8-53c9-11ea-b889-b88a60e194fb,LCX-BGVU,orderid:421250,crmid:2718601716,2020-01-18T15:00:07.000Z,website,prd1148,1579618807,1579964407,2020-01-21T15:00:07+00:00,2020-01-25T15:00:07+00:00,Aspen Heights: Jacksonville,Aspen Heights,Jacksonville,standard,1,1,0,4,155.06,620.24
0358881e-53c9-11ea-ad14-b88a60e194fb,FDY-7GFN,orderid:682416,crmid:5526206178,2020-01-17T18:19:03.000Z,website,prd1106,1580753943,1580840343,2020-02-03T18:19:03+00:00,2020-02-04T18:19:03+00:00,Blue Reef Resort: Munich,Blue Reef Resort,Munich,premium,1,1,0,1,132.02,132.02
03597282-53c9-11ea-9535-b88a60e194fb,PPH-APKS,orderid:366344,crmid:4782233035,2019-12-16T03:31:10.000Z,call center,prd1057,1576985470,1577331070,2019-12-22T03:31:10+00:00,2019-12-26T03:31:10+00:00,Admiralty Plaza: Mumbai,Admiralty Plaza,Mumbai,luxury,1,1,4,4,315.78,1263.12
035a83f4-53c9-11ea-8a0c-b88a60e194fb,YBC-5NNX,orderid:819172,crmid:2339109426,2020-01-02T19:14:43.000Z,mobile,prd1082,1578424483,1578510883,2020-01-07T19:14:43+00:00,2020-01-08T19:14:43+00:00,Blue Reef Resort: Surat,Blue Reef Resort,Surat,standard,1,1,0,1,110.45,110.45
035be38c-53c9-11ea-b0fd-b88a60e194fb,0LF-TMQQ,orderid:113192,crmid:3745163616,2019-12-01T02:04:41.000Z,website,prd1088,1575252281,1575338681,2019-12-02T02:04:41+00:00,2019-12-03T02:04:41+00:00,Aspen Heights: Ankara,Aspen Heights,Ankara,standard,1,1,0,1,126.52,126.52
035d431a-53c9-11ea-b1e8-b88a60e194fb,KBS-RBFY,orderid:111738,crmid:6791186099,2020-01-20T18:49:59.000Z,website,prd1184,1579632599,1580150999,2020-01-21T18:49:59+00:00,2020-01-27T18:49:59+00:00,Aspen Heights: Arlington,Aspen Heights,Arlington,standard,1,1,0,6,149.13,894.78
035e5488-53c9-11ea-9f1b-b88a60e194fb,8VT-RL5Y,orderid:827596,crmid:8113425337,2020-02-06T03:34:03.000Z,kiosk,prd1020,1581219243,1582169643,2020-02-09T03:34:03+00:00,2020-02-20T03:34:03+00:00,Repose Resort: Seattle,Repose Resort,Seattle,standard,1,1,2,11,190.18,2091.98
035f8d3a-53c9-11ea-bdc5-b88a60e194fb,EOZ-KDPC,orderid:410418,crmid:3042792699,2020-02-01T20:59:10.000Z,call center,prd1155,1580763550,1580936350,2020-02-03T20:59:10+00:00,2020-02-05T20:59:10+00:00,Hospitality Inn: Denver,Hospitality Inn,Denver,standard,1,1,0,2,163.72,327.44
036447f8-53c9-11ea-a466-b88a60e194fb,91W-HWGT,orderid:701233,crmid:5608823241,2020-02-09T01:06:20.000Z,website,prd1064,1581296780,1581555980,2020-02-10T01:06:20+00:00,2020-02-13T01:06:20+00:00,Aspen Heights: Paris,Aspen Heights,Paris,standard,1,1,0,3,105.44,316.32
0365ce9a-53c9-11ea-b21e-b88a60e194fb,YKC-ISS5,orderid:298532,crmid:4142120490,2020-01-20T21:53:10.000Z,kiosk,prd1189,1582149190,1582753990,2020-02-19T21:53:10+00:00,2020-02-26T21:53:10+00:00,Admiralty Plaza: Bakersfield,Admiralty Plaza,Bakersfield,premium,1,1,0,7,103.56,724.92
03675548-53c9-11ea-9839-b88a60e194fb,31M-GPWR,orderid:881061,crmid:7101767432,2020-01-23T09:22:36.000Z,mobile,prd1101,1580289756,1580635356,2020-01-29T09:22:36+00:00,2020-02-02T09:22:36+00:00,Sapphire Suites: Vienna,Sapphire Suites,Vienna,standard,1,1,0,4,191.95,767.8
0368dc80-53c9-11ea-ad53-b88a60e194fb,5JE-848X,orderid:135772,crmid:7010704453,2019-12-16T13:33:59.000Z,kiosk,prd1112,1576589639,1576848839,2019-12-17T13:33:59+00:00,2019-12-20T13:33:59+00:00,Aspen Heights: Birmingham,Aspen Heights,Birmingham,premium,1,1,0,3,172.47,517.41
036902f6-53c9-11ea-9c8f-b88a60e194fb,1TG-VTRW,orderid:988395,crmid:7010704453,2019-12-21T00:00:00.000Z,mobile,prd1009,1576972800,1577232000,2019-12-22T00:00:00+00:00,2019-12-25T00:00:00+00:00,Admiralty Plaza: San Antonio,Admiralty Plaza,San Antonio,standard,1,1,0,3,113.14,339.42
036a6278-53c9-11ea-8233-b88a60e194fb,2JR-ZB5E,orderid:419308,crmid:6284631481,2019-12-11T19:49:30.000Z,website,prd1011,1576180170,1576266570,2019-12-12T19:49:30+00:00,2019-12-13T19:49:30+00:00,Hospitality Inn: Dallas,Hospitality Inn,Dallas,premium,1,1,0,1,127.02,127.02
036b4cda-53c9-11ea-b5c0-b88a60e194fb,GMB-RYCY,orderid:887670,crmid:9315439739,2020-02-05T16:57:11.000Z,call center,prd1062,1583254631,1583427431,2020-03-03T16:57:11+00:00,2020-03-05T16:57:11+00:00,Restful Nights: Moscow,Restful Nights,Moscow,standard,1,1,0,2,112.04,224.08
036c5e48-53c9-11ea-95a3-b88a60e194fb,RS9-X34E,orderid:430180,crmid:4594303357,2020-01-11T16:32:31.000Z,call center,prd1062,1578933151,1579537951,2020-01-13T16:32:31+00:00,2020-01-20T16:32:31+00:00,Restful Nights: Moscow,Restful Nights,Moscow,standard,1,1,3,7,178.87,1252.09
036d48a6-53c9-11ea-9a60-b88a60e194fb,4U8-VRBJ,orderid:846947,crmid:4349319717,2020-01-19T01:57:10.000Z,call center,prd1027,1579485430,1579658230,2020-01-20T01:57:10+00:00,2020-01-22T01:57:10+00:00,Family Fun Hotels: Memphis,Family Fun Hotels,Memphis,standard,1,1,0,2,131.08,262.16
036e5a1a-53c9-11ea-b2b1-b88a60e194fb,E2S-UUGX,orderid:800853,crmid:7591652601,2020-02-01T18:22:57.000Z,kiosk,prd1158,1582568577,1583259777,2020-02-24T18:22:57+00:00,2020-03-03T18:22:57+00:00,Restful Nights: El Paso,Restful Nights,El Paso,premium,1,1,0,8,134.99,1079.92
036f6b7a-53c9-11ea-a539-b88a60e194fb,RWK-PDTF,orderid:321260,crmid:1033994225,2020-02-01T07:40:34.000Z,website,prd1110,1582702834,1583221234,2020-02-26T07:40:34+00:00,2020-03-03T07:40:34+00:00,Restful Nights: Sofia,Restful Nights,Sofia,standard,1,1,0,6,146.36,878.16
0370cb26-53c9-11ea-b873-b88a60e194fb,FFH-AWPI,orderid:801584,crmid:6801226273,2020-01-23T06:03:27.000Z,website,prd1007,1580105007,1580709807,2020-01-27T06:03:27+00:00,2020-02-03T06:03:27+00:00,Nesting Box Inn: Phoenix,Nesting Box Inn,Phoenix,ultra-luxury,1,1,0,7,357.61,2503.27
03722ac2-53c9-11ea-b1ff-b88a60e194fb,NNF-OOIL,orderid:317700,crmid:1554465948,2019-12-15T07:59:55.000Z,service desk,prd1005,1576569595,1576655995,2019-12-17T07:59:55+00:00,2019-12-18T07:59:55+00:00,Sapphire Suites: Los Angeles,Sapphire Suites,Los Angeles,standard,1,1,0,1,96.12,96.12
03733c1c-53c9-11ea-9171-b88a60e194fb,SUE-I2FO,orderid:249854,crmid:5823409036,2020-02-09T06:43:14.000Z,website,prd1167,1581316994,1581662594,2020-02-10T06:43:14+00:00,2020-02-14T06:43:14+00:00,Hospitality Inn: Milwaukee,Hospitality Inn,Milwaukee,luxury,1,1,0,4,271.37,1085.48
03744d8a-53c9-11ea-b4b3-b88a60e194fb,ODZ-BI3E,orderid:295355,crmid:8477054735,2019-12-23T04:39:01.000Z,call center,prd1052,1578976741,1580531941,2020-01-14T04:39:01+00:00,2020-02-01T04:39:01+00:00,Aspen Heights: Wichita,Aspen Heights,Wichita,standard,1,1,3,18,158.8,2858.4
037537e8-53c9-11ea-bdb6-b88a60e194fb,IEF-RQJ2,orderid:812110,crmid:7310609591,2020-01-10T22:27:28.000Z,call center,prd1071,1580423248,1581373648,2020-01-30T22:27:28+00:00,2020-02-10T22:27:28+00:00,Hospitality Inn: Seoul,Hospitality Inn,Seoul,standard,1,1,0,11,123.87,1362.57
03764966-53c9-11ea-96fa-b88a60e194fb,RX5-SU4Z,orderid:804481,crmid:5676244855,2020-01-26T16:33:51.000Z,call center,prd1129,1582130031,1582994031,2020-02-19T16:33:51+00:00,2020-02-29T16:33:51+00:00,Admiralty Plaza: Helsinki,Admiralty Plaza,Helsinki,standard,1,1,3,10,181.24,1812.4
03775ac2-53c9-11ea-834c-b88a60e194fb,N0L-3YE1,orderid:238357,crmid:6964062894,2019-12-12T22:43:02.000Z,kiosk,prd1059,1578091382,1578264182,2020-01-03T22:43:02+00:00,2020-01-05T22:43:02+00:00,Hospitality Inn: Kinshasa,Hospitality Inn,Kinshasa,standard,1,1,0,2,136.64,273.28
03786c28-53c9-11ea-a278-b88a60e194fb,73I-AWHI,orderid:395434,crmid:6180823642,2020-01-07T11:38:55.000Z,call center,prd1193,1580470735,1581161935,2020-01-31T11:38:55+00:00,2020-02-08T11:38:55+00:00,Grandeur Hotels: Kinshasa,Grandeur Hotels,Kinshasa,standard,1,1,0,8,141.21,1129.68
037a19e6-53c9-11ea-a0ff-b88a60e194fb,UQR-XDQ1,orderid:991585,crmid:9759769822,2020-02-14T13:50:20.000Z,mobile,prd1079,1583329820,1583848220,2020-03-04T13:50:20+00:00,2020-03-10T13:50:20+00:00,Nesting Box Inn: Chennai,Nesting Box Inn,Chennai,standard,1,1,0,6,156.96,941.76
037ba092-53c9-11ea-be57-b88a60e194fb,PMT-D1FR,orderid:563383,crmid:2210220760,2020-01-10T07:35:59.000Z,kiosk,prd1013,1580369759,1581233759,2020-01-30T07:35:59+00:00,2020-02-09T07:35:59+00:00,Grandeur Hotels: Austin,Grandeur Hotels,Austin,premium,1,1,0,10,150.05,1500.5
037d0014-53c9-11ea-87f5-b88a60e194fb,WYK-ATNU,orderid:776452,crmid:1013315882,2020-01-11T05:12:00.000Z,kiosk,prd1104,1580361120,1580706720,2020-01-30T05:12:00+00:00,2020-02-03T05:12:00+00:00,Repose Resort: Warsaw,Repose Resort,Warsaw,standard,1,1,0,4,136.36,545.44
037ed4da-53c9-11ea-ab8b-b88a60e194fb,IUK-MRNX,orderid:102196,crmid:9993129487,2020-01-12T12:26:52.000Z,service desk,prd1112,1579091212,1579264012,2020-01-15T12:26:52+00:00,2020-01-17T12:26:52+00:00,Aspen Heights: Birmingham,Aspen Heights,Birmingham,standard,1,1,0,2,101.18,202.36
03800d5e-53c9-11ea-aa5e-b88a60e194fb,SVB-GAVM,orderid:726190,crmid:4417850854,2020-02-13T15:14:17.000Z,call center,prd1121,1584026057,1584458057,2020-03-12T15:14:17+00:00,2020-03-17T15:14:17+00:00,Grandeur Hotels: Stockholm,Grandeur Hotels,Stockholm,premium,1,1,0,5,129.03,645.15
0380f7b0-53c9-11ea-8f00-b88a60e194fb,OPR-O0KR,orderid:219761,crmid:3406848043,2020-02-15T08:07:40.000Z,call center,prd1172,1581840460,1581926860,2020-02-16T08:07:40+00:00,2020-02-17T08:07:40+00:00,Aspen Heights: Mesa,Aspen Heights,Mesa,standard,1,1,0,1,160.09,160.09
03820922-53c9-11ea-9cb2-b88a60e194fb,AA6-QRCU,orderid:128163,crmid:1408382584,2020-01-12T20:16:43.000Z,website,prd1147,1581106603,1581538603,2020-02-07T20:16:43+00:00,2020-02-12T20:16:43+00:00,Family Fun Hotels: Austin,Family Fun Hotels,Austin,standard,1,1,1,5,160.74,803.7
03838fc8-53c9-11ea-99c9-b88a60e194fb,ZOU-1IV6,orderid:257889,crmid:2011353521,2019-12-13T22:44:01.000Z,call center,prd1185,1578177841,1578869041,2020-01-04T22:44:01+00:00,2020-01-12T22:44:01+00:00,Sapphire Suites: New Orleans,Sapphire Suites,New Orleans,ultra-luxury,1,1,4,8,329.15,2633.2
0384a136-53c9-11ea-bdc3-b88a60e194fb,TUS-2H0K,orderid:646490,crmid:8689484844,2020-01-21T05:46:06.000Z,website,prd1118,1580103966,1580535966,2020-01-27T05:46:06+00:00,2020-02-01T05:46:06+00:00,Blue Reef Resort: Cologne,Blue Reef Resort,Cologne,standard,1,1,0,5,109.81,549.05
0385da3a-53c9-11ea-a12a-b88a60e194fb,AAB-VEQW,orderid:135233,crmid:6982032595,2020-01-10T16:21:51.000Z,website,prd1130,1580833311,1581524511,2020-02-04T16:21:51+00:00,2020-02-12T16:21:51+00:00,Blue Reef Resort: Bremen,Blue Reef Resort,Bremen,standard,1,1,0,8,116.17,929.36
0387122e-53c9-11ea-acc9-b88a60e194fb,YFQ-JPQW,orderid:788171,crmid:5665118170,2020-01-10T02:31:35.000Z,website,prd1086,1580524295,1580697095,2020-02-01T02:31:35+00:00,2020-02-03T02:31:35+00:00,Restful Nights: Johannesburg,Restful Nights,Johannesburg,standard,1,1,0,2,127.57,255.14
0387fc8c-53c9-11ea-b14f-b88a60e194fb,C3P-X2Y1,orderid:844135,crmid:6101072702,2019-12-02T01:19:07.000Z,mobile,prd1081,1575335947,1575595147,2019-12-03T01:19:07+00:00,2019-12-06T01:19:07+00:00,Admiralty Plaza: Rod de Janeiro,Admiralty Plaza,Rod de Janeiro,standard,1,1,0,3,129.4,388.2
03890dfa-53c9-11ea-a4b8-b88a60e194fb,K39-DYYO,orderid:832867,crmid:9076085783,2020-01-21T19:33:36.000Z,kiosk,prd1172,1581363216,1581968016,2020-02-10T19:33:36+00:00,2020-02-17T19:33:36+00:00,Aspen Heights: Mesa,Aspen Heights,Mesa,standard,1,1,1,7,122.19,855.33
038a94b6-53c9-11ea-bfc6-b88a60e194fb,LFZ-H3F1,orderid:438431,crmid:7074561460,2020-02-07T22:19:14.000Z,website,prd1069,1582064354,1582841954,2020-02-18T22:19:14+00:00,2020-02-27T22:19:14+00:00,Admiralty Plaza: Singapore,Admiralty Plaza,Singapore,standard,1,1,0,9,147.25,1325.25
038c6976-53c9-11ea-9d1b-b88a60e194fb,OVL-KRUN,orderid:412631,crmid:7803688137,2020-01-12T23:35:07.000Z,kiosk,prd1009,1580686507,1581291307,2020-02-02T23:35:07+00:00,2020-02-09T23:35:07+00:00,Admiralty Plaza: San Antonio,Admiralty Plaza,San Antonio,standard,1,1,0,7,132.25,925.75
038e171a-53c9-11ea-a62d-b88a60e194fb,NK3-MWKK,orderid:332850,crmid:2395904387,2020-02-06T21:16:13.000Z,kiosk,prd1149,1582665373,1583010973,2020-02-25T21:16:13+00:00,2020-02-29T21:16:13+00:00,Sapphire Suites: San Francisco,Sapphire Suites,San Francisco,standard,1,1,4,4,157.2,628.8
038f76ac-53c9-11ea-befe-b88a60e194fb,FFF-JRON,orderid:498669,crmid:9906796316,2019-12-20T13:23:26.000Z,kiosk,prd1191,1578749006,1579526606,2020-01-11T13:23:26+00:00,2020-01-20T13:23:26+00:00,Hospitality Inn: Mumbai,Hospitality Inn,Mumbai,premium,1,1,0,9,123.32,1109.88
0390fd4c-53c9-11ea-b676-b88a60e194fb,SDB-M2AQ,orderid:985729,crmid:1364111417,2020-01-23T09:39:49.000Z,website,prd1050,1580031589,1580204389,2020-01-26T09:39:49+00:00,2020-01-28T09:39:49+00:00,Restful Nights: Arlington,Restful Nights,Arlington,standard,1,1,0,2,133.0,266.0
03925cda-53c9-11ea-8250-b88a60e194fb,PC8-JGZV,orderid:417747,crmid:9923468011,2020-01-03T00:02:02.000Z,kiosk,prd1167,1578096122,1578182522,2020-01-04T00:02:02+00:00,2020-01-05T00:02:02+00:00,Hospitality Inn: Milwaukee,Hospitality Inn,Milwaukee,premium,1,1,0,1,166.73,166.73
0393e38c-53c9-11ea-831b-b88a60e194fb,SO3-DHV8,orderid:447088,crmid:9560326443,2020-01-10T18:37:52.000Z,website,prd1028,1578767872,1578940672,2020-01-11T18:37:52+00:00,2020-01-13T18:37:52+00:00,Aspen Heights: Portland,Aspen Heights,Portland,standard,1,1,0,2,127.83,255.66
03956a1e-53c9-11ea-914d-b88a60e194fb,PPM-J5ZD,orderid:395236,crmid:5371460511,2020-02-02T01:18:12.000Z,website,prd1098,1580692692,1580865492,2020-02-03T01:18:12+00:00,2020-02-05T01:18:12+00:00,Restful Nights: Kiev,Restful Nights,Kiev,standard,1,1,0,2,157.26,314.52
0396a29c-53c9-11ea-8ec5-b88a60e194fb,DYL-QJZK,orderid:606092,crmid:4145803606,2019-12-03T06:18:18.000Z,service desk,prd1047,1575526698,1575958698,2019-12-05T06:18:18+00:00,2019-12-10T06:18:18+00:00,Hospitality Inn: Oakland,Hospitality Inn,Oakland,standard,1,1,0,5,176.04,880.2
03982952-53c9-11ea-a598-b88a60e194fb,ZTT-U0GY,orderid:880336,crmid:5429856237,2020-01-21T12:36:07.000Z,kiosk,prd1129,1581856567,1582374967,2020-02-16T12:36:07+00:00,2020-02-22T12:36:07+00:00,Admiralty Plaza: Helsinki,Admiralty Plaza,Helsinki,standard,1,1,0,6,157.83,946.98
039988ca-53c9-11ea-9d44-b88a60e194fb,3OT-SMVJ,orderid:483589,crmid:5341055963,2019-12-22T14:32:03.000Z,service desk,prd1061,1577111523,1577284323,2019-12-23T14:32:03+00:00,2019-12-25T14:32:03+00:00,Grandeur Hotels: Lahore,Grandeur Hotels,Lahore,standard,1,1,0,2,135.4,270.8
039b5da2-53c9-11ea-902a-b88a60e194fb,BCK-KKLL,orderid:359204,crmid:4440479675,2019-12-14T10:02:25.000Z,mobile,prd1095,1578218545,1578391345,2020-01-05T10:02:25+00:00,2020-01-07T10:02:25+00:00,Hospitality Inn: Casablanca,Hospitality Inn,Casablanca,standard,1,1,0,2,134.67,269.34
039cbd22-53c9-11ea-bf42-b88a60e194fb,DOT-5MFA,orderid:424580,crmid:4756388979,2019-12-12T15:21:02.000Z,service desk,prd1121,1576855262,1577373662,2019-12-20T15:21:02+00:00,2019-12-26T15:21:02+00:00,Grandeur Hotels: Stockholm,Grandeur Hotels,Stockholm,premium,1,1,0,6,160.3,961.8
039e43ba-53c9-11ea-a2d1-b88a60e194fb,AB0-TLFS,orderid:123245,crmid:7259900770,2019-12-02T02:48:14.000Z,mobile,prd1038,1575859694,1576378094,2019-12-09T02:48:14+00:00,2019-12-15T02:48:14+00:00,Restful Nights: Mesa,Restful Nights,Mesa,luxury,1,1,2,6,275.17,1651.02
039fca6c-53c9-11ea-ae1a-b88a60e194fb,HBY-FY4J,orderid:437188,crmid:6187635932,2019-12-21T05:43:48.000Z,service desk,prd1087,1579239828,1580535828,2020-01-17T05:43:48+00:00,2020-02-01T05:43:48+00:00,Family Fun Hotels: Kolkata,Family Fun Hotels,Kolkata,standard,1,1,0,15,138.9,2083.5
03a17808-53c9-11ea-b5b1-b88a60e194fb,ZCZ-NEAH,orderid:248865,crmid:7914375936,2020-02-01T19:30:25.000Z,mobile,prd1116,1582659025,1583955025,2020-02-25T19:30:25+00:00,2020-03-11T19:30:25+00:00,Repose Resort: Naples,Repose Resort,Naples,luxury,1,1,1,15,295.25,4428.75
03a325d2-53c9-11ea-aa1d-b88a60e194fb,YP5-CYY4,orderid:618638,crmid:8404218385,2020-01-06T15:46:37.000Z,website,prd1155,1580485597,1581435997,2020-01-31T15:46:37+00:00,2020-02-11T15:46:37+00:00,Hospitality Inn: Denver,Hospitality Inn,Denver,premium,1,1,0,11,137.87,1516.57
03a4d366-53c9-11ea-85bb-b88a60e194fb,LSJ-OXTM,orderid:398926,crmid:4687031162,2019-12-11T03:32:57.000Z,mobile,prd1010,1578367977,1579318377,2020-01-07T03:32:57+00:00,2020-01-18T03:32:57+00:00,Blue Reef Resort: San Diego,Blue Reef Resort,San Diego,standard,1,1,0,11,130.2,1432.2
03a6cf52-53c9-11ea-9397-b88a60e194fb,MRI-UDGU,orderid:319052,crmid:1669846453,2020-01-10T13:58:20.000Z,website,prd1166,1578923900,1579355900,2020-01-13T13:58:20+00:00,2020-01-18T13:58:20+00:00,Blue Reef Resort: Baltimore,Blue Reef Resort,Baltimore,standard,1,1,0,5,158.0,790.0
03a8cb10-53c9-11ea-b7c2-b88a60e194fb,BNE-9TNF,orderid:717539,crmid:2256424324,2019-12-13T03:10:59.000Z,call center,prd1100,1578539459,1579835459,2020-01-09T03:10:59+00:00,2020-01-24T03:10:59+00:00,Aspen Heights: Misk,Aspen Heights,Misk,standard,1,1,2,15,113.28,1699.2
03aac6e2-53c9-11ea-b021-b88a60e194fb,0KV-HDOM,orderid:713320,crmid:8875591450,2020-01-29T08:39:00.000Z,mobile,prd1073,1582533540,1582879140,2020-02-24T08:39:00+00:00,2020-02-28T08:39:00+00:00,Grandeur Hotels: Lima,Grandeur Hotels,Lima,premium,1,1,0,4,133.04,532.16
03ac7492-53c9-11ea-8231-b88a60e194fb,2SW-YBX4,orderid:119620,crmid:6170450044,2020-01-23T01:37:15.000Z,mobile,prd1047,1581644235,1581903435,2020-02-14T01:37:15+00:00,2020-02-17T01:37:15+00:00,Hospitality Inn: Oakland,Hospitality Inn,Oakland,standard,1,1,0,3,157.29,471.87
03ae9774-53c9-11ea-9b23-b88a60e194fb,MT8-AWAJ,orderid:176683,crmid:3036026281,2020-01-08T00:32:05.000Z,website,prd1021,1578529925,1578702725,2020-01-09T00:32:05+00:00,2020-01-11T00:32:05+00:00,Admiralty Plaza: Denver,Admiralty Plaza,Denver,standard,1,1,0,2,163.71,327.42
03aebe82-53c9-11ea-86c3-b88a60e194fb,RBE-TQTJ,orderid:757716,crmid:3036026281,2020-01-13T00:00:00.000Z,mobile,prd1189,1579132800,1579219200,2020-01-16T00:00:00+00:00,2020-01-17T00:00:00+00:00,Admiralty Plaza: Bakersfield,Admiralty Plaza,Bakersfield,standard,1,1,0,1,167.86,167.86
03b06c28-53c9-11ea-b412-b88a60e194fb,NHM-VHGM,orderid:395480,crmid:3118845952,2020-01-13T05:25:59.000Z,kiosk,prd1131,1581225959,1581312359,2020-02-09T05:25:59+00:00,2020-02-10T05:25:59+00:00,Hospitality Inn: Sheffield,Hospitality Inn,Sheffield,premium,1,1,4,1,107.75,107.75
03b1cbcc-53c9-11ea-be7d-b88a60e194fb,WTT-TZLJ,orderid:767277,crmid:6115979443,2019-12-20T04:33:36.000Z,website,prd1070,1576902816,1576989216,2019-12-21T04:33:36+00:00,2019-12-22T04:33:36+00:00,Blue Reef Resort: Jakarta,Blue Reef Resort,Jakarta,standard,1,1,0,1,152.64,152.64
03b32b58-53c9-11ea-8183-b88a60e194fb,AQW-PHCI,orderid:878380,crmid:7677706154,2019-12-07T13:12:00.000Z,kiosk,prd1118,1577970720,1579180320,2020-01-02T13:12:00+00:00,2020-01-16T13:12:00+00:00,Blue Reef Resort: Cologne,Blue Reef Resort,Cologne,standard,1,1,0,14,115.45,1616.3
03b4d8fe-53c9-11ea-9234-b88a60e194fb,4TA-C0BO,orderid:524433,crmid:7010064582,2019-12-10T22:19:09.000Z,service desk,prd1021,1577571549,1577830749,2019-12-28T22:19:09+00:00,2019-12-31T22:19:09+00:00,Admiralty Plaza: Denver,Admiralty Plaza,Denver,presidential-suite,1,1,0,3,913.06,2739.18
03b63882-53c9-11ea-893a-b88a60e194fb,RRM-JLCS,orderid:927671,crmid:6231721192,2019-12-22T01:18:00.000Z,service desk,prd1069,1579483080,1580606280,2020-01-20T01:18:00+00:00,2020-02-02T01:18:00+00:00,Admiralty Plaza: Singapore,Admiralty Plaza,Singapore,standard,1,1,0,13,125.37,1629.81
03b77106-53c9-11ea-9e92-b88a60e194fb,YIG-RQPZ,orderid:900463,crmid:1610123478,2020-01-17T17:47:43.000Z,mobile,prd1091,1580147263,1580752063,2020-01-27T17:47:43+00:00,2020-02-03T17:47:43+00:00,Nesting Box Inn: New Taipei,Nesting Box Inn,New Taipei,standard,1,1,0,7,173.56,1214.92
03b8827e-53c9-11ea-b741-b88a60e194fb,PCH-UNIR,orderid:861073,crmid:3339935086,2020-02-12T23:53:22.000Z,kiosk,prd1089,1581638002,1581724402,2020-02-13T23:53:22+00:00,2020-02-14T23:53:22+00:00,Sapphire Suites: Rome,Sapphire Suites,Rome,standard,1,1,0,1,133.88,133.88
03b9e226-53c9-11ea-9f0c-b88a60e194fb,FF3-NK8S,orderid:623721,crmid:4542724557,2019-12-24T10:36:29.000Z,website,prd1130,1579602989,1580898989,2020-01-21T10:36:29+00:00,2020-02-05T10:36:29+00:00,Blue Reef Resort: Bremen,Blue Reef Resort,Bremen,standard,1,1,0,15,181.31,2719.65
03bb1a9e-53c9-11ea-b6eb-b88a60e194fb,NBT-9EGM,orderid:841336,crmid:2272741357,2019-12-09T20:18:28.000Z,website,prd1028,1576009108,1576181908,2019-12-10T20:18:28+00:00,2019-12-12T20:18:28+00:00,Aspen Heights: Portland,Aspen Heights,Portland,standard,1,1,0,2,170.67,341.34
03bd3da2-53c9-11ea-b95b-b88a60e194fb,FIS-IZAI,orderid:989355,crmid:4289140449,2020-01-10T07:48:07.000Z,website,prd1083,1580975287,1581666487,2020-02-06T07:48:07+00:00,2020-02-14T07:48:07+00:00,Hospitality Inn: Bangkok,Hospitality Inn,Bangkok,standard,1,1,0,8,132.92,1063.36
03bf3938-53c9-11ea-b5c8-b88a60e194fb,SBC-WW3I,orderid:738069,crmid:2260263686,2020-01-31T17:37:59.000Z,mobile,prd1193,1581961079,1582306679,2020-02-17T17:37:59+00:00,2020-02-21T17:37:59+00:00,Grandeur Hotels: Kinshasa,Grandeur Hotels,Kinshasa,standard,1,1,1,4,206.47,825.88
03c13518-53c9-11ea-bbab-b88a60e194fb,CKT-ATMY,orderid:378261,crmid:7710585168,2020-02-14T12:47:40.000Z,website,prd1082,1581770860,1582030060,2020-02-15T12:47:40+00:00,2020-02-18T12:47:40+00:00,Blue Reef Resort: Surat,Blue Reef Resort,Surat,standard,1,1,0,3,118.13,354.39
03c37f00-53c9-11ea-a0c1-b88a60e194fb,OCG-QV3X,orderid:109319,crmid:6984274474,2019-12-09T00:44:43.000Z,kiosk,prd1158,1577493883,1578530683,2019-12-28T00:44:43+00:00,2020-01-09T00:44:43+00:00,Restful Nights: El Paso,Restful Nights,El Paso,standard,1,1,0,12,182.85,2194.2
03c553ca-53c9-11ea-a78d-b88a60e194fb,GEL-B3W8,orderid:507239,crmid:6576907991,2020-01-27T15:16:14.000Z,call center,prd1177,1580224574,1580570174,2020-01-28T15:16:14+00:00,2020-02-01T15:16:14+00:00,Admiralty Plaza: Raleigh,Admiralty Plaza,Raleigh,standard,1,1,0,4,165.62,662.48
03c7287a-53c9-11ea-a6de-b88a60e194fb,3XQ-9UB9,orderid:360998,crmid:2374635811,2020-02-04T12:27:51.000Z,kiosk,prd1092,1582201671,1582633671,2020-02-20T12:27:51+00:00,2020-02-25T12:27:51+00:00,Repose Resort: Cape Town,Repose Resort,Cape Town,premium,1,1,0,5,116.26,581.3
03c97280-53c9-11ea-8955-b88a60e194fb,KWR-QC6J,orderid:741790,crmid:5624252096,2019-12-22T15:27:27.000Z,website,prd1028,1579534047,1579706847,2020-01-20T15:27:27+00:00,2020-01-22T15:27:27+00:00,Aspen Heights: Portland,Aspen Heights,Portland,standard,1,1,0,2,122.69,245.38
03cb955e-53c9-11ea-8f34-b88a60e194fb,5YV-CSHY,orderid:937895,crmid:8876036848,2020-01-21T14:10:37.000Z,call center,prd1175,1581171037,1581775837,2020-02-08T14:10:37+00:00,2020-02-15T14:10:37+00:00,Nesting Box Inn: Long Beach,Nesting Box Inn,Long Beach,luxury,1,1,0,7,319.68,2237.76
03cd9118-53c9-11ea-8950-b88a60e194fb,60G-ZU4L,orderid:292222,crmid:2959331257,2020-02-13T09:30:29.000Z,call center,prd1093,1582277429,1582795829,2020-02-21T09:30:29+00:00,2020-02-27T09:30:29+00:00,Admiralty Plaza: Yokohama,Admiralty Plaza,Yokohama,standard,1,1,0,6,127.16,762.96
03cfdb00-53c9-11ea-8e11-b88a60e194fb,Z0U-GP1M,orderid:272412,crmid:4468681294,2020-01-02T14:06:09.000Z,call center,prd1040,1578233169,1578751569,2020-01-05T14:06:09+00:00,2020-01-11T14:06:09+00:00,Aspen Heights: Atlanta,Aspen Heights,Atlanta,standard,1,1,4,6,152.01,912.06
03d1d6ec-53c9-11ea-aba9-b88a60e194fb,IYY-8TSL,orderid:959879,crmid:1027656560,2019-12-11T17:15:02.000Z,kiosk,prd1188,1576257302,1576430102,2019-12-13T17:15:02+00:00,2019-12-15T17:15:02+00:00,Repose Resort: Tampa,Repose Resort,Tampa,premium,1,1,0,2,124.86,249.72
03d3abb0-53c9-11ea-b4c5-b88a60e194fb,QDS-ZPXG,orderid:336798,crmid:1736193427,2020-02-02T09:17:43.000Z,website,prd1154,1580721463,1580980663,2020-02-03T09:17:43+00:00,2020-02-06T09:17:43+00:00,Blue Reef Resort: Seattle,Blue Reef Resort,Seattle,standard,1,1,0,3,151.98,455.94
03d3d2be-53c9-11ea-bbdd-b88a60e194fb,ERU-115Z,orderid:938460,crmid:1736193427,2020-02-07T00:00:00.000Z,website,prd1134,1581292800,1581379200,2020-02-10T00:00:00+00:00,2020-02-11T00:00:00+00:00,Restful Nights: Montreal,Restful Nights,Montreal,standard,1,1,0,1,155.84,155.84
03d691d0-53c9-11ea-b247-b88a60e194fb,L3M-W4SK,orderid:322744,crmid:6614807978,2020-01-07T03:47:51.000Z,website,prd1184,1579664871,1580183271,2020-01-22T03:47:51+00:00,2020-01-28T03:47:51+00:00,Aspen Heights: Arlington,Aspen Heights,Arlington,presidential-suite,1,1,1,6,1021.25,6127.5
03d99f18-53c9-11ea-a58e-b88a60e194fb,LUC-3NIM,orderid:528703,crmid:7047306589,2019-12-20T10:40:14.000Z,website,prd1160,1578566414,1579430414,2020-01-09T10:40:14+00:00,2020-01-19T10:40:14+00:00,Aspen Heights: Nashville,Aspen Heights,Nashville,standard,1,1,0,10,135.8,1358.0
03db9ada-53c9-11ea-934a-b88a60e194fb,YX2-RNZR,orderid:541097,crmid:4430612183,2019-12-08T10:23:09.000Z,mobile,prd1160,1575886989,1576146189,2019-12-09T10:23:09+00:00,2019-12-12T10:23:09+00:00,Aspen Heights: Nashville,Aspen Heights,Nashville,premium,1,1,0,3,113.61,340.83
03dd2182-53c9-11ea-aab9-b88a60e194fb,CTN-DC7X,orderid:593962,crmid:6561612729,2020-02-02T19:01:26.000Z,call center,prd1112,1581102086,1581706886,2020-02-07T19:01:26+00:00,2020-02-14T19:01:26+00:00,Aspen Heights: Birmingham,Aspen Heights,Birmingham,standard,1,1,0,7,173.29,1213.03
03decf36-53c9-11ea-9ee5-b88a60e194fb,ACJ-CBMB,orderid:883278,crmid:5825854818,2020-02-06T06:55:11.000Z,website,prd1136,1581317711,1582700111,2020-02-10T06:55:11+00:00,2020-02-26T06:55:11+00:00,Aspen Heights: Osaka,Aspen Heights,Osaka,standard,1,1,0,16,154.24,2467.84
03e07cde-53c9-11ea-8f68-b88a60e194fb,APY-QNR7,orderid:413381,crmid:5286171269,2020-01-03T05:51:12.000Z,website,prd1145,1578376272,1578808272,2020-01-07T05:51:12+00:00,2020-01-12T05:51:12+00:00,Grandeur Hotels: Dallas,Grandeur Hotels,Dallas,premium,1,1,0,5,145.63,728.15
03e25194-53c9-11ea-8ef1-b88a60e194fb,C7O-KIHG,orderid:609817,crmid:5874799121,2019-12-22T14:50:34.000Z,kiosk,prd1058,1579099834,1580741434,2020-01-15T14:50:34+00:00,2020-02-03T14:50:34+00:00,Blue Reef Resort: Delhi,Blue Reef Resort,Delhi,standard,1,1,0,19,156.41,2971.79
03e3ff5c-53c9-11ea-8818-b88a60e194fb,1UJ-5NHV,orderid:273265,crmid:6434492640,2020-01-31T17:45:52.000Z,website,prd1040,1582393552,1583084752,2020-02-22T17:45:52+00:00,2020-03-01T17:45:52+00:00,Aspen Heights: Atlanta,Aspen Heights,Atlanta,standard,1,1,0,8,88.12,704.96
03e58606-53c9-11ea-b5cf-b88a60e194fb,GXQ-15IY,orderid:558289,crmid:3773299583,2020-02-12T05:51:32.000Z,website,prd1136,1583646692,1584510692,2020-03-08T05:51:32+00:00,2020-03-18T05:51:32+00:00,Aspen Heights: Osaka,Aspen Heights,Osaka,standard,1,1,0,10,153.37,1533.7
03e75ab0-53c9-11ea-9e64-b88a60e194fb,ZF4-HXHK,orderid:809540,crmid:5519180670,2019-12-19T08:11:23.000Z,kiosk,prd1008,1578903083,1579507883,2020-01-13T08:11:23+00:00,2020-01-20T08:11:23+00:00,Repose Resort: Philadelphia,Repose Resort,Philadelphia,premium,1,1,0,7,143.12,1001.84
03e8e15e-53c9-11ea-bbce-b88a60e194fb,34T-UN8J,orderid:266221,crmid:8458145332,2019-12-12T22:42:36.000Z,mobile,prd1061,1578609756,1579128156,2020-01-09T22:42:36+00:00,2020-01-15T22:42:36+00:00,Grandeur Hotels: Lahore,Grandeur Hotels,Lahore,standard,1,1,0,6,146.14,876.84
03ea91f8-53c9-11ea-b780-b88a60e194fb,W2H-5SLZ,orderid:490025,crmid:2251718238,2020-01-24T23:56:35.000Z,kiosk,prd1177,1581206195,1581983795,2020-02-08T23:56:35+00:00,2020-02-17T23:56:35+00:00,Admiralty Plaza: Raleigh,Admiralty Plaza,Raleigh,standard,1,1,0,9,149.05,1341.45
03ec15ac-53c9-11ea-b23c-b88a60e194fb,JLD-J4RC,orderid:209646,crmid:1162756187,2020-01-14T04:24:39.000Z,kiosk,prd1180,1581222279,1581740679,2020-02-09T04:24:39+00:00,2020-02-15T04:24:39+00:00,Sandhill: Virginia Beach,Sandhill,Virginia Beach,standard,1,1,0,6,156.25,937.5
03edc35e-53c9-11ea-813c-b88a60e194fb,BAD-OI5C,orderid:381843,crmid:6655869256,2019-12-05T04:10:08.000Z,mobile,prd1167,1575605408,1575864608,2019-12-06T04:10:08+00:00,2019-12-09T04:10:08+00:00,Hospitality Inn: Milwaukee,Hospitality Inn,Milwaukee,standard,1,1,0,3,150.85,452.55
03edea74-53c9-11ea-8958-b88a60e194fb,SRL-UMHR,orderid:279492,crmid:6655869256,2019-12-11T00:00:00.000Z,kiosk,prd1053,1576281600,1576368000,2019-12-14T00:00:00+00:00,2019-12-15T00:00:00+00:00,Sapphire Suites: Cleveland,Sapphire Suites,Cleveland,standard,1,1,0,1,148.91,148.91
03ef7100-53c9-11ea-9658-b88a60e194fb,017-LUJZ,orderid:377668,crmid:9393227011,2020-01-22T16:51:18.000Z,call center,prd1029,1582303878,1582649478,2020-02-21T16:51:18+00:00,2020-02-25T16:51:18+00:00,Sapphire Suites: Oklahoma City,Sapphire Suites,Oklahoma City,premium,1,1,3,4,125.08,500.32
03f11ec8-53c9-11ea-be2c-b88a60e194fb,63G-CL4I,orderid:996594,crmid:1422516391,2019-12-15T03:48:12.000Z,mobile,prd1170,1578714492,1579232892,2020-01-11T03:48:12+00:00,2020-01-17T03:48:12+00:00,Restful Nights: Fresno,Restful Nights,Fresno,standard,1,1,0,6,151.04,906.24
03f2cc62-53c9-11ea-a0d1-b88a60e194fb,MCN-W2IO,orderid:643864,crmid:1905908617,2019-12-22T21:14:34.000Z,mobile,prd1013,1579036474,1580246074,2020-01-14T21:14:34+00:00,2020-01-28T21:14:34+00:00,Grandeur Hotels: Austin,Grandeur Hotels,Austin,standard,1,1,1,14,120.37,1685.18
03f42bee-53c9-11ea-9f58-b88a60e194fb,SDP-VF3F,orderid:467394,crmid:2131646768,2019-12-23T23:16:43.000Z,service desk,prd1001,1579130203,1579216603,2020-01-15T23:16:43+00:00,2020-01-16T23:16:43+00:00,Grandeur Hotels: New York,Grandeur Hotels,New York,presidential-suite,1,1,0,1,820.25,820.25
03f5b28a-53c9-11ea-9a4e-b88a60e194fb,H0P-SGKO,orderid:723955,crmid:1885557964,2020-01-07T07:19:15.000Z,call center,prd1025,1579936755,1580627955,2020-01-25T07:19:15+00:00,2020-02-02T07:19:15+00:00,Grandeur Hotels: Detroit,Grandeur Hotels,Detroit,premium,1,1,0,8,114.34,914.72
03f73946-53c9-11ea-b556-b88a60e194fb,N5C-ZD1Y,orderid:217066,crmid:5043145388,2019-12-31T04:10:40.000Z,mobile,prd1075,1579752640,1580011840,2020-01-23T04:10:40+00:00,2020-01-26T04:10:40+00:00,Family Fun Hotels: Bangalore,Family Fun Hotels,Bangalore,standard,1,1,0,3,112.99,338.97
03fa1f62-53c9-11ea-a34c-b88a60e194fb,E4D-LKTQ,orderid:968396,crmid:7309064205,2020-01-20T03:46:18.000Z,call center,prd1109,1581565578,1581911178,2020-02-13T03:46:18+00:00,2020-02-17T03:46:18+00:00,Grandeur Hotels: Belgrade,Grandeur Hotels,Belgrade,standard,1,1,2,4,197.58,790.32
03fc424c-53c9-11ea-9fbc-b88a60e194fb,E9L-D7DX,orderid:268585,crmid:2257800877,2019-12-16T11:49:01.000Z,call center,prd1133,1576756141,1577015341,2019-12-19T11:49:01+00:00,2019-12-22T11:49:01+00:00,Grandeur Hotels: Toronto,Grandeur Hotels,Toronto,standard,1,1,0,3,197.98,593.94
03fe171c-53c9-11ea-8a06-b88a60e194fb,HTI-DS7R,orderid:304765,crmid:2403865306,2019-12-13T11:23:01.000Z,mobile,prd1179,1576754581,1577704981,2019-12-19T11:23:01+00:00,2019-12-30T11:23:01+00:00,Hospitality Inn: Miami,Hospitality Inn,Miami,luxury,1,1,0,11,282.81,3110.91
03ffc4ae-53c9-11ea-b1a2-b88a60e194fb,E4Y-8CQK,orderid:262565,crmid:8697894183,2019-12-21T04:24:50.000Z,mobile,prd1071,1577507090,1577593490,2019-12-28T04:24:50+00:00,2019-12-29T04:24:50+00:00,Hospitality Inn: Seoul,Hospitality Inn,Seoul,standard,1,1,0,1,168.59,168.59
0402f90a-53c9-11ea-9ea3-b88a60e194fb,PP6-RSKB,orderid:914237,crmid:6914442093,2019-12-02T09:40:11.000Z,service desk,prd1142,1577871611,1578217211,2020-01-01T09:40:11+00:00,2020-01-05T09:40:11+00:00,Blue Reef Resort: Philadelphia,Blue Reef Resort,Philadelphia,standard,1,1,0,4,151.37,605.48
04051bf6-53c9-11ea-b6d0-b88a60e194fb,TYR-OFZG,orderid:301731,crmid:5132807147,2019-12-04T12:21:25.000Z,kiosk,prd1043,1576066885,1576844485,2019-12-11T12:21:25+00:00,2019-12-20T12:21:25+00:00,Nesting Box Inn: Raleigh,Nesting Box Inn,Raleigh,standard,1,1,0,9,129.02,1161.18
0406c9d4-53c9-11ea-b06d-b88a60e194fb,SE7-CC9B,orderid:748966,crmid:9075372053,2020-01-07T16:37:49.000Z,website,prd1179,1580488669,1581007069,2020-01-31T16:37:49+00:00,2020-02-06T16:37:49+00:00,Hospitality Inn: Miami,Hospitality Inn,Miami,standard,1,1,2,6,184.94,1109.64
04087740-53c9-11ea-a781-b88a60e194fb,YKG-J2CM,orderid:961248,crmid:7903836822,2020-02-16T19:55:03.000Z,website,prd1021,1583006103,1584474903,2020-02-29T19:55:03+00:00,2020-03-17T19:55:03+00:00,Admiralty Plaza: Denver,Admiralty Plaza,Denver,standard,1,1,0,17,116.3,1977.1
040a24f6-53c9-11ea-8b61-b88a60e194fb,6GD-ZZEX,orderid:875404,crmid:8293512033,2020-01-06T23:15:34.000Z,website,prd1028,1580166934,1580512534,2020-01-27T23:15:34+00:00,2020-01-31T23:15:34+00:00,Aspen Heights: Portland,Aspen Heights,Portland,luxury,1,1,0,4,270.97,1083.88
040bab9c-53c9-11ea-8f27-b88a60e194fb,QTN-UPQP,orderid:880531,crmid:2602449062,2020-01-24T02:35:52.000Z,mobile,prd1040,1580438152,1581042952,2020-01-31T02:35:52+00:00,2020-02-07T02:35:52+00:00,Aspen Heights: Atlanta,Aspen Heights,Atlanta,standard,1,1,0,7,147.77,1034.39
040d8088-53c9-11ea-a5cc-b88a60e194fb,AKZ-IQXX,orderid:130514,crmid:4103694172,2020-01-07T03:33:29.000Z,mobile,prd1016,1578454409,1578713609,2020-01-08T03:33:29+00:00,2020-01-11T03:33:29+00:00,Aspen Heights: Columbus,Aspen Heights,Columbus,premium,1,1,0,3,163.51,490.53
040f06ee-53c9-11ea-808c-b88a60e194fb,YYH-8O3I,orderid:729163,crmid:4019382779,2020-01-14T07:27:16.000Z,service desk,prd1028,1579159636,1579418836,2020-01-16T07:27:16+00:00,2020-01-19T07:27:16+00:00,Aspen Heights: Portland,Aspen Heights,Portland,standard,1,1,0,3,151.7,455.1
04103f68-53c9-11ea-879c-b88a60e194fb,IMV-GVEG,orderid:876512,crmid:1939426405,2020-02-07T08:29:18.000Z,kiosk,prd1153,1583483358,1584001758,2020-03-06T08:29:18+00:00,2020-03-12T08:29:18+00:00,Admiralty Plaza: Charlotte,Admiralty Plaza,Charlotte,standard,1,1,4,6,155.59,933.54
04119f10-53c9-11ea-8084-b88a60e194fb,HMV-WS6F,orderid:332786,crmid:8987638763,2019-12-14T22:02:50.000Z,kiosk,prd1069,1578002570,1578607370,2020-01-02T22:02:50+00:00,2020-01-09T22:02:50+00:00,Admiralty Plaza: Singapore,Admiralty Plaza,Singapore,premium,1,1,0,7,102.86,720.02
0412d77a-53c9-11ea-b2e0-b88a60e194fb,QZX-SAN8,orderid:974783,crmid:1643486878,2020-01-25T20:06:46.000Z,website,prd1057,1581970006,1582488406,2020-02-17T20:06:46+00:00,2020-02-23T20:06:46+00:00,Admiralty Plaza: Mumbai,Admiralty Plaza,Mumbai,standard,1,1,0,6,164.16,984.96
04145e2e-53c9-11ea-a55f-b88a60e194fb,DWL-VCBH,orderid:327671,crmid:4752501296,2020-01-10T03:58:59.000Z,website,prd1082,1580529539,1581739139,2020-02-01T03:58:59+00:00,2020-02-15T03:58:59+00:00,Blue Reef Resort: Surat,Blue Reef Resort,Surat,standard,1,1,0,14,146.13,2045.82
0415bdac-53c9-11ea-9db4-b88a60e194fb,BAH-EUDN,orderid:433594,crmid:9815216276,2020-01-13T11:15:40.000Z,kiosk,prd1184,1579173340,1579691740,2020-01-16T11:15:40+00:00,2020-01-22T11:15:40+00:00,Aspen Heights: Arlington,Aspen Heights,Arlington,premium,1,1,0,6,137.39,824.34
04176ba8-53c9-11ea-9fcf-b88a60e194fb,FXS-WSEI,orderid:929707,crmid:9672633766,2020-01-12T18:32:15.000Z,kiosk,prd1183,1580754735,1581359535,2020-02-03T18:32:15+00:00,2020-02-10T18:32:15+00:00,Family Fun Hotels: Tulsa,Family Fun Hotels,Tulsa,ultra-luxury,1,1,2,7,318.64,2230.48
04194024-53c9-11ea-8e69-b88a60e194fb,PDK-K22R,orderid:581975,crmid:3866853760,2019-12-29T17:21:37.000Z,call center,prd1052,1579281697,1579800097,2020-01-17T17:21:37+00:00,2020-01-23T17:21:37+00:00,Aspen Heights: Wichita,Aspen Heights,Wichita,standard,1,1,2,6,156.65,939.9
041aa00a-53c9-11ea-9cc1-b88a60e194fb,GXW-V33G,orderid:677882,crmid:6792518160,2019-12-24T04:56:53.000Z,call center,prd1119,1577249813,1577336213,2019-12-25T04:56:53+00:00,2019-12-26T04:56:53+00:00,Hospitality Inn: Turin,Hospitality Inn,Turin,premium,1,1,0,1,151.39,151.39
041bd836-53c9-11ea-bf1d-b88a60e194fb,BX7-0BRY,orderid:595118,crmid:3367774180,2019-12-21T18:27:49.000Z,website,prd1069,1578853669,1580063269,2020-01-12T18:27:49+00:00,2020-01-26T18:27:49+00:00,Admiralty Plaza: Singapore,Admiralty Plaza,Singapore,ultra-luxury,1,1,1,14,390.3,5464.2
041d5f28-53c9-11ea-8c8c-b88a60e194fb,GSJ-ZWA0,orderid:530924,crmid:6094712480,2020-01-21T07:51:45.000Z,website,prd1129,1581061905,1581321105,2020-02-07T07:51:45+00:00,2020-02-10T07:51:45+00:00,Admiralty Plaza: Helsinki,Admiralty Plaza,Helsinki,standard,1,1,2,3,122.91,368.73
041ebe74-53c9-11ea-ab74-b88a60e194fb,RNY-IUAN,orderid:140019,crmid:6440212206,2019-12-23T03:03:12.000Z,website,prd1083,1578452592,1579057392,2020-01-08T03:03:12+00:00,2020-01-15T03:03:12+00:00,Hospitality Inn: Bangkok,Hospitality Inn,Bangkok,standard,1,1,0,7,150.43,1053.01
04201dfa-53c9-11ea-8b16-b88a60e194fb,JH2-MLZ8,orderid:440457,crmid:7551097989,2019-12-12T06:19:51.000Z,call center,prd1165,1578637191,1580105991,2020-01-10T06:19:51+00:00,2020-01-27T06:19:51+00:00,Admiralty Plaza: Louisville,Admiralty Plaza,Louisville,standard,1,1,0,17,137.39,2335.63
0421cba8-53c9-11ea-8371-b88a60e194fb,HGK-0BCS,orderid:657680,crmid:8364279933,2019-12-23T13:05:14.000Z,call center,prd1038,1579525514,1580130314,2020-01-20T13:05:14+00:00,2020-01-27T13:05:14+00:00,Restful Nights: Mesa,Restful Nights,Mesa,standard,1,1,4,7,107.45,752.15
04232b28-53c9-11ea-b38f-b88a60e194fb,P8R-ZEOK,orderid:647707,crmid:8476760764,2020-01-31T17:45:17.000Z,website,prd1029,1580751917,1580924717,2020-02-03T17:45:17+00:00,2020-02-05T17:45:17+00:00,Sapphire Suites: Oklahoma City,Sapphire Suites,Oklahoma City,standard,1,1,0,2,144.34,288.68
0424b1cc-53c9-11ea-806c-b88a60e194fb,QHU-4KRM,orderid:103563,crmid:2261061745,2020-01-31T15:21:27.000Z,kiosk,prd1039,1582039287,1582644087,2020-02-18T15:21:27+00:00,2020-02-25T15:21:27+00:00,Family Fun Hotels: Kansas City,Family Fun Hotels,Kansas City,standard,1,1,0,7,164.7,1152.9
0425ea5a-53c9-11ea-802b-b88a60e194fb,CIL-AXR7,orderid:372110,crmid:3371074985,2020-01-02T03:57:35.000Z,kiosk,prd1040,1578455855,1578974255,2020-01-08T03:57:35+00:00,2020-01-14T03:57:35+00:00,Aspen Heights: Atlanta,Aspen Heights,Atlanta,premium,1,1,0,6,138.12,828.72
042722d8-53c9-11ea-80a5-b88a60e194fb,UL1-QIJQ,orderid:487913,crmid:4736859222,2019-12-04T23:19:55.000Z,call center,prd1158,1577661595,1578611995,2019-12-29T23:19:55+00:00,2020-01-09T23:19:55+00:00,Restful Nights: El Paso,Restful Nights,El Paso,ultra-luxury,1,1,0,11,320.46,3525.06
0428826c-53c9-11ea-ab1a-b88a60e194fb,RDR-SIAJ,orderid:306358,crmid:3693624628,2020-01-10T15:28:35.000Z,mobile,prd1184,1580484515,1581089315,2020-01-31T15:28:35+00:00,2020-02-07T15:28:35+00:00,Aspen Heights: Arlington,Aspen Heights,Arlington,ultra-luxury,1,1,0,7,351.59,2461.13
0429bade-53c9-11ea-8505-b88a60e194fb,G3N-BSRR,orderid:782263,crmid:9524443398,2019-12-04T00:26:01.000Z,kiosk,prd1087,1575505561,1575591961,2019-12-05T00:26:01+00:00,2019-12-06T00:26:01+00:00,Family Fun Hotels: Kolkata,Family Fun Hotels,Kolkata,standard,1,1,0,1,162.0,162.0
042db286-53c9-11ea-941d-b88a60e194fb,FSQ-OX8L,orderid:183957,crmid:4161433987,2020-02-11T05:25:14.000Z,call center,prd1069,1581485114,1581744314,2020-02-12T05:25:14+00:00,2020-02-15T05:25:14+00:00,Admiralty Plaza: Singapore,Admiralty Plaza,Singapore,standard,1,1,0,3,143.87,431.61
042f3950-53c9-11ea-880e-b88a60e194fb,F4W-S9VP,orderid:634338,crmid:1505116761,2020-01-29T08:16:33.000Z,kiosk,prd1157,1582618593,1583223393,2020-02-25T08:16:33+00:00,2020-03-03T08:16:33+00:00,Grandeur Hotels: Boston,Grandeur Hotels,Boston,standard,1,1,0,7,131.28,918.96
0430bfbe-53c9-11ea-92e8-b88a60e194fb,B7Y-C5J9,orderid:169789,crmid:6312750308,2020-01-30T07:19:23.000Z,kiosk,prd1179,1582269563,1582615163,2020-02-21T07:19:23+00:00,2020-02-25T07:19:23+00:00,Hospitality Inn: Miami,Hospitality Inn,Miami,standard,1,1,1,4,167.46,669.84
04326df0-53c9-11ea-a76d-b88a60e194fb,TMZ-IY4H,orderid:356068,crmid:4923582890,2019-12-01T16:08:48.000Z,call center,prd1055,1577635728,1577722128,2019-12-29T16:08:48+00:00,2019-12-30T16:08:48+00:00,Nesting Box Inn: Bakersfield,Nesting Box Inn,Bakersfield,premium,1,1,0,1,93.1,93.1
0433a5f0-53c9-11ea-9b2e-b88a60e194fb,JKM-F0GQ,orderid:648861,crmid:3319165017,2020-01-09T01:57:21.000Z,kiosk,prd1081,1580695041,1581645441,2020-02-03T01:57:21+00:00,2020-02-14T01:57:21+00:00,Admiralty Plaza: Rod de Janeiro,Admiralty Plaza,Rod de Janeiro,premium,1,1,0,11,153.98,1693.78
04352c88-53c9-11ea-bc4e-b88a60e194fb,SHN-LJFO,orderid:231437,crmid:3823683627,2020-02-13T17:36:25.000Z,website,prd1179,1582738585,1583343385,2020-02-26T17:36:25+00:00,2020-03-04T17:36:25+00:00,Hospitality Inn: Miami,Hospitality Inn,Miami,premium,1,1,0,7,149.8,1048.6
04363e00-53c9-11ea-852d-b88a60e194fb,4KZ-JCKO,orderid:887209,crmid:8160325852,2019-12-26T23:33:18.000Z,mobile,prd1169,1579476798,1579822398,2020-01-19T23:33:18+00:00,2020-01-23T23:33:18+00:00,Grandeur Hotels: Tucson,Grandeur Hotels,Tucson,standard,1,1,0,4,135.75,543.0
04379d88-53c9-11ea-a966-b88a60e194fb,YJM-TX4L,orderid:437857,crmid:6619061830,2020-01-11T20:04:02.000Z,website,prd1035,1579032242,1579291442,2020-01-14T20:04:02+00:00,2020-01-17T20:04:02+00:00,Hospitality Inn: Tucson,Hospitality Inn,Tucson,standard,1,1,0,3,133.9,401.7
0438fd94-53c9-11ea-a0cd-b88a60e194fb,2LO-0QQJ,orderid:952497,crmid:4482209533,2020-01-06T21:44:01.000Z,website,prd1130,1580247841,1581198241,2020-01-28T21:44:01+00:00,2020-02-08T21:44:01+00:00,Blue Reef Resort: Bremen,Blue Reef Resort,Bremen,premium,1,1,0,11,108.09,1188.99
