id,reservationid,orderid,crmid,timestamp,orderType,productsku,hotelCheckInUnix,hotelCheckOutUnix,hotelCheckInTS,hotelCheckOutTS,hotelName,hotelChain,hotelLocation,hotelRoomType,hotelRoomCount,hotelGuestAdultCount,hotelGuestChildCount,hotelNightCount,hotelRoomPrice,hotelFinalPrice
orderid:102685,PF6-2LYG,orderid:102685,crmid:4701040945,2019-12-02T11:26:51.000Z,website,prd1151,1577359611,1578828411,2019-12-26T11:26:51+00:00,2020-01-12T11:26:51+00:00,Nesting Box Inn: Fort Worth,Nesting Box Inn,Fort Worth,standard,1,1,4,17,139.09,2364.53
orderid:693225,IE7-MDBB,orderid:693225,crmid:2752705014,2019-12-31T20:16:41.000Z,kiosk,prd1184,1579897001,1580501801,2020-01-24T20:16:41+00:00,2020-01-31T20:16:41+00:00,Aspen Heights: Arlington,Aspen Heights,Arlington,luxury,1,1,0,7,275.0,1925.0
orderid:397166,PKH-4ELW,orderid:397166,crmid:2519317976,2020-02-14T00:28:30.000Z,call center,prd1033,1584059310,1584577710,2020-03-13T00:28:30+00:00,2020-03-19T00:28:30+00:00,Admiralty Plaza: Milwaukee,Admiralty Plaza,Milwaukee,standard,1,1,0,6,122.2,733.2
orderid:488656,BV0-7TKK,orderid:488656,crmid:6103140731,2019-12-23T10:00:26.000Z,kiosk,prd1069,1579168826,1579600826,2020-01-16T10:00:26+00:00,2020-01-21T10:00:26+00:00,Admiralty Plaza: Singapore,Admiralty Plaza,Singapore,ultra-luxury,1,1,1,5,334.34,1671.7
orderid:868958,HOU-NLOT,orderid:868958,crmid:7326303128,2020-01-02T20:02:45.000Z,service desk,prd1057,1579982565,1580673765,2020-01-25T20:02:45+00:00,2020-02-02T20:02:45+00:00,Admiralty Plaza: Mumbai,Admiralty Plaza,Mumbai,standard,1,1,0,8,146.19,1169.52
orderid:524705,18I-UVFU,orderid:524705,crmid:9113114667,2019-12-01T21:26:00.000Z,website,prd1153,1575494760,1575667560,2019-12-04T21:26:00+00:00,2019-12-06T21:26:00+00:00,Admiralty Plaza: Charlotte,Admiralty Plaza,Charlotte,standard,1,1,0,2,136.86,273.72
orderid:559895,5UY-K88P,orderid:559895,crmid:9113114667,2019-12-08T00:00:00.000Z,call center,prd1016,1576368000,1576800000,2019-12-15T00:00:00+00:00,2019-12-20T00:00:00+00:00,Aspen Heights: Columbus,Aspen Heights,Columbus,luxury,1,1,0,5,221.85,1109.25
orderid:769918,PYI-A7WM,orderid:769918,crmid:7578209109,2019-12-31T17:34:47.000Z,website,prd1159,1579368887,1580232887,2020-01-18T17:34:47+00:00,2020-01-28T17:34:47+00:00,Family Fun Hotels: Detroit,Family Fun Hotels,Detroit,standard,1,1,0,10,117.91,1179.1
orderid:161329,FW1-KCL6,orderid:161329,crmid:6619978823,2020-01-16T13:14:43.000Z,mobile,prd1141,1579698883,1580908483,2020-01-22T13:14:43+00:00,2020-02-05T13:14:43+00:00,Admiralty Plaza: Phoenix,Admiralty Plaza,Phoenix,standard,1,1,0,14,140.83,1971.62
orderid:510337,SQU-KOKG,orderid:510337,crmid:3710577385,2020-01-10T09:40:08.000Z,kiosk,prd1052,1578822008,1579081208,2020-01-12T09:40:08+00:00,2020-01-15T09:40:08+00:00,Aspen Heights: Wichita,Aspen Heights,Wichita,standard,1,1,0,3,139.18,417.54
orderid:823814,T0E-YQZA,orderid:823814,crmid:1137725670,2020-02-09T09:37:22.000Z,website,prd1034,1581759442,1581845842,2020-02-15T09:37:22+00:00,2020-02-16T09:37:22+00:00,Blue Reef Resort: Albuquerque,Blue Reef Resort,Albuquerque,premium,1,1,2,1,130.21,130.21
orderid:903790,JCK-RHIG,orderid:903790,crmid:2015978176,2020-01-22T05:01:01.000Z,kiosk,prd1057,1580274061,1581138061,2020-01-29T05:01:01+00:00,2020-02-08T05:01:01+00:00,Admiralty Plaza: Mumbai,Admiralty Plaza,Mumbai,standard,1,1,0,10,90.61,906.1
orderid:627043,Y4M-1BDF,orderid:627043,crmid:7196218713,2020-02-12T09:22:27.000Z,call center,prd1100,1581844947,1582363347,2020-02-16T09:22:27+00:00,2020-02-22T09:22:27+00:00,Aspen Heights: Misk,Aspen Heights,Misk,standard,1,1,0,6,144.38,866.28
orderid:293943,NRF-T3NE,orderid:293943,crmid:9383263364,2019-12-20T03:18:44.000Z,mobile,prd1136,1579144724,1580354324,2020-01-16T03:18:44+00:00,2020-01-30T03:18:44+00:00,Aspen Heights: Osaka,Aspen Heights,Osaka,standard,1,1,0,14,138.68,1941.52
orderid:772717,N4T-RFYO,orderid:772717,crmid:5904965039,2019-12-17T10:44:08.000Z,website,prd1001,1576665848,1576838648,2019-12-18T10:44:08+00:00,2019-12-20T10:44:08+00:00,Grandeur Hotels: New York,Grandeur Hotels,New York,standard,1,1,0,2,138.77,277.54
orderid:349693,KZO-5NLH,orderid:349693,crmid:5897196941,2020-02-01T10:08:36.000Z,website,prd1094,1583143716,1583489316,2020-03-02T10:08:36+00:00,2020-03-06T10:08:36+00:00,Blue Reef Resort: Berlin,Blue Reef Resort,Berlin,premium,1,1,0,4,142.4,569.6
orderid:122474,GYE-ZLJ0,orderid:122474,crmid:5411301209,2019-12-10T03:40:03.000Z,website,prd1026,1577590803,1578627603,2019-12-29T03:40:03+00:00,2020-01-10T03:40:03+00:00,Restful Nights: Nashville,Restful Nights,Nashville,standard,1,1,3,12,122.41,1468.92
orderid:746507,5NU-ZDSR,orderid:746507,crmid:1609671425,2020-01-20T15:14:44.000Z,service desk,prd1153,1579878884,1580138084,2020-01-24T15:14:44+00:00,2020-01-27T15:14:44+00:00,Admiralty Plaza: Charlotte,Admiralty Plaza,Charlotte,ultra-luxury,1,1,3,3,311.63,934.89
orderid:581249,TBC-YFHF,orderid:581249,crmid:1492508385,2020-01-29T10:27:13.000Z,kiosk,prd1021,1580552833,1580984833,2020-02-01T10:27:13+00:00,2020-02-06T10:27:13+00:00,Admiralty Plaza: Denver,Admiralty Plaza,Denver,standard,1,1,0,5,146.46,732.3
orderid:945810,AZJ-1JVW,orderid:945810,crmid:9723651543,2020-01-07T17:28:51.000Z,kiosk,prd1152,1578936531,1579195731,2020-01-13T17:28:51+00:00,2020-01-16T17:28:51+00:00,Repose Resort: Indianapolis,Repose Resort,Indianapolis,standard,1,1,0,3,155.63,466.89
orderid:296462,ZVN-BSYY,orderid:296462,crmid:4109324353,2019-12-06T23:05:00.000Z,call center,prd1063,1575759900,1576278300,2019-12-07T23:05:00+00:00,2019-12-13T23:05:00+00:00,Family Fun Hotels: London,Family Fun Hotels,London,standard,1,1,0,6,163.05,978.3
orderid:776685,HKP-C4MR,orderid:776685,crmid:7523681213,2020-01-05T17:08:17.000Z,website,prd1109,1580317697,1580663297,2020-01-29T17:08:17+00:00,2020-02-02T17:08:17+00:00,Grandeur Hotels: Belgrade,Grandeur Hotels,Belgrade,premium,1,1,0,4,140.43,561.72
orderid:216120,SYB-SRRP,orderid:216120,crmid:6033327015,2019-12-23T21:25:27.000Z,mobile,prd1145,1577654727,1577827527,2019-12-29T21:25:27+00:00,2019-12-31T21:25:27+00:00,Grandeur Hotels: Dallas,Grandeur Hotels,Dallas,standard,1,1,0,2,67.6,135.2
orderid:895340,3UK-PWTB,orderid:895340,crmid:8871239145,2019-12-13T02:38:00.000Z,mobile,prd1016,1577673480,1578191880,2019-12-30T02:38:00+00:00,2020-01-05T02:38:00+00:00,Aspen Heights: Columbus,Aspen Heights,Columbus,premium,1,1,1,6,129.8,778.8
orderid:972256,RO5-MTCY,orderid:972256,crmid:8178662449,2019-12-13T06:05:10.000Z,kiosk,prd1021,1576476310,1576562710,2019-12-16T06:05:10+00:00,2019-12-17T06:05:10+00:00,Admiralty Plaza: Denver,Admiralty Plaza,Denver,standard,1,1,0,1,166.7,166.7
orderid:244141,Z1O-LBU6,orderid:244141,crmid:3868504182,2020-01-25T22:15:06.000Z,website,prd1109,1582496106,1582668906,2020-02-23T22:15:06+00:00,2020-02-25T22:15:06+00:00,Grandeur Hotels: Belgrade,Grandeur Hotels,Belgrade,standard,1,1,0,2,127.19,254.38
orderid:527898,W98-VWB0,orderid:527898,crmid:7326850930,2020-02-11T19:21:19.000Z,website,prd1011,1583695279,1585250479,2020-03-08T19:21:19+00:00,2020-03-26T19:21:19+00:00,Hospitality Inn: Dallas,Hospitality Inn,Dallas,premium,1,1,0,18,158.28,2849.04
orderid:947306,CMA-MAVH,orderid:947306,crmid:8912213568,2019-12-25T18:11:11.000Z,kiosk,prd1010,1577383871,1577902271,2019-12-26T18:11:11+00:00,2020-01-01T18:11:11+00:00,Blue Reef Resort: San Diego,Blue Reef Resort,San Diego,standard,1,1,0,6,157.73,946.38
orderid:207531,GKQ-GWWR,orderid:207531,crmid:3203339150,2020-01-30T11:09:26.000Z,service desk,prd1195,1580987366,1581332966,2020-02-06T11:09:26+00:00,2020-02-10T11:09:26+00:00,Family Fun Hotels: Lahore,Family Fun Hotels,Lahore,premium,1,1,4,4,126.55,506.2
orderid:765194,RVD-MWAU,orderid:765194,crmid:9586171931,2019-12-20T18:32:49.000Z,website,prd1106,1577730769,1578681169,2019-12-30T18:32:49+00:00,2020-01-10T18:32:49+00:00,Blue Reef Resort: Munich,Blue Reef Resort,Munich,standard,1,1,3,11,149.7,1646.7
orderid:546029,WZU-KSVK,orderid:546029,crmid:9243284088,2019-12-21T09:19:17.000Z,kiosk,prd1061,1579339157,1579857557,2020-01-18T09:19:17+00:00,2020-01-24T09:19:17+00:00,Grandeur Hotels: Lahore,Grandeur Hotels,Lahore,standard,1,1,0,6,140.63,843.78
orderid:376259,NSE-PUWP,orderid:376259,crmid:2019272624,2019-12-30T21:33:46.000Z,mobile,prd1139,1579296826,1579815226,2020-01-17T21:33:46+00:00,2020-01-23T21:33:46+00:00,Nesting Box Inn: Nairobi,Nesting Box Inn,Nairobi,standard,1,1,0,6,136.34,818.04
orderid:633323,569-DOXR,orderid:633323,crmid:9238659572,2019-12-20T07:35:13.000Z,call center,prd1040,1578296113,1578468913,2020-01-06T07:35:13+00:00,2020-01-08T07:35:13+00:00,Aspen Heights: Atlanta,Aspen Heights,Atlanta,standard,1,1,0,2,133.57,267.14
orderid:547696,ZGJ-0WQA,orderid:547696,crmid:6433688923,2019-12-30T01:32:37.000Z,website,prd1025,1578187957,1578706357,2020-01-05T01:32:37+00:00,2020-01-11T01:32:37+00:00,Grandeur Hotels: Detroit,Grandeur Hotels,Detroit,standard,1,1,0,6,121.74,730.44
orderid:557816,6P2-TJHR,orderid:557816,crmid:3725312920,2020-02-14T02:26:51.000Z,website,prd1033,1583720811,1584412011,2020-03-09T02:26:51+00:00,2020-03-17T02:26:51+00:00,Admiralty Plaza: Milwaukee,Admiralty Plaza,Milwaukee,standard,1,1,0,8,149.77,1198.16
orderid:284450,8KJ-0VVF,orderid:284450,crmid:2627907745,2020-01-17T03:29:59.000Z,website,prd1098,1579663799,1580182199,2020-01-22T03:29:59+00:00,2020-01-28T03:29:59+00:00,Restful Nights: Kiev,Restful Nights,Kiev,premium,1,1,0,6,74.12,444.72
orderid:961848,8TV-K82K,orderid:961848,crmid:8811290949,2019-12-03T19:43:54.000Z,mobile,prd1076,1575747834,1576698234,2019-12-07T19:43:54+00:00,2019-12-18T19:43:54+00:00,Aspen Heights: Bogota,Aspen Heights,Bogota,luxury,1,1,0,11,411.21,4523.31
orderid:841437,KOL-SBF7,orderid:841437,crmid:3586085988,2019-12-16T09:09:03.000Z,call center,prd1177,1578042543,1578647343,2020-01-03T09:09:03+00:00,2020-01-10T09:09:03+00:00,Admiralty Plaza: Raleigh,Admiralty Plaza,Raleigh,standard,1,1,0,7,152.71,1068.97
orderid:871152,MZK-8SRQ,orderid:871152,crmid:6110820944,2019-12-12T17:13:14.000Z,kiosk,prd1082,1576257194,1576429994,2019-12-13T17:13:14+00:00,2019-12-15T17:13:14+00:00,Blue Reef Resort: Surat,Blue Reef Resort,Surat,standard,1,1,0,2,171.91,343.82
orderid:169894,1VC-OAGH,orderid:169894,crmid:4527021411,2019-12-20T21:31:42.000Z,call center,prd1007,1577050302,1577482302,2019-12-22T21:31:42+00:00,2019-12-27T21:31:42+00:00,Nesting Box Inn: Phoenix,Nesting Box Inn,Phoenix,standard,1,1,0,5,126.63,633.15
orderid:429590,BGH-OSAG,orderid:429590,crmid:7818817700,2019-12-02T18:10:04.000Z,kiosk,prd1083,1576347004,1576865404,2019-12-14T18:10:04+00:00,2019-12-20T18:10:04+00:00,Hospitality Inn: Bangkok,Hospitality Inn,Bangkok,standard,1,1,3,6,150.33,901.98
orderid:652800,X5B-O2AQ,orderid:652800,crmid:2807494717,2020-01-15T01:20:31.000Z,website,prd1100,1579310431,1579569631,2020-01-18T01:20:31+00:00,2020-01-21T01:20:31+00:00,Aspen Heights: Misk,Aspen Heights,Misk,premium,1,1,0,3,169.04,507.12
orderid:163854,KBR-LNPD,orderid:163854,crmid:9061889687,2019-12-01T16:04:41.000Z,website,prd1069,1575302681,1575475481,2019-12-02T16:04:41+00:00,2019-12-04T16:04:41+00:00,Admiralty Plaza: Singapore,Admiralty Plaza,Singapore,luxury,1,1,0,2,190.4,380.8
orderid:591690,CF2-UXQH,orderid:591690,crmid:1689272775,2020-01-06T23:51:07.000Z,website,prd1191,1580428267,1580860267,2020-01-30T23:51:07+00:00,2020-02-04T23:51:07+00:00,Hospitality Inn: Mumbai,Hospitality Inn,Mumbai,premium,1,1,1,5,137.72,688.6
orderid:581013,ZIK-01VB,orderid:581013,crmid:1782387296,2019-12-28T04:25:00.000Z,call center,prd1038,1577766300,1578111900,2019-12-31T04:25:00+00:00,2020-01-04T04:25:00+00:00,Restful Nights: Mesa,Restful Nights,Mesa,standard,1,1,0,4,160.9,643.6
orderid:374414,ERL-OYRC,orderid:374414,crmid:1782387296,2020-01-05T00:00:00.000Z,kiosk,prd1153,1578268800,1578614400,2020-01-06T00:00:00+00:00,2020-01-10T00:00:00+00:00,Admiralty Plaza: Charlotte,Admiralty Plaza,Charlotte,standard,1,1,0,4,86.76,347.04
orderid:595869,KJQ-9REC,orderid:595869,crmid:8411209311,2019-12-26T06:59:54.000Z,call center,prd1148,1578207594,1579330794,2020-01-05T06:59:54+00:00,2020-01-18T06:59:54+00:00,Aspen Heights: Jacksonville,Aspen Heights,Jacksonville,standard,1,1,1,13,178.63,2322.19
orderid:381569,IOF-ZWHH,orderid:381569,crmid:2421968220,2020-02-15T17:26:36.000Z,kiosk,prd1082,1581873996,1582133196,2020-02-16T17:26:36+00:00,2020-02-19T17:26:36+00:00,Blue Reef Resort: Surat,Blue Reef Resort,Surat,standard,1,1,0,3,102.29,306.87
orderid:514834,W15-KTW3,orderid:514834,crmid:1584618856,2020-02-13T02:32:40.000Z,kiosk,prd1094,1581647560,1581733960,2020-02-14T02:32:40+00:00,2020-02-15T02:32:40+00:00,Blue Reef Resort: Berlin,Blue Reef Resort,Berlin,standard,1,1,0,1,172.49,172.49
orderid:790782,3HK-EOUR,orderid:790782,crmid:9129568116,2020-01-26T22:37:27.000Z,call center,prd1044,1581806247,1582583847,2020-02-15T22:37:27+00:00,2020-02-24T22:37:27+00:00,Repose Resort: Colorado Springs,Repose Resort,Colorado Springs,standard,1,1,0,9,158.4,1425.6
orderid:444197,JEL-HHMK,orderid:444197,crmid:1913684030,2020-01-17T21:33:21.000Z,mobile,prd1011,1581543201,1581888801,2020-02-12T21:33:21+00:00,2020-02-16T21:33:21+00:00,Hospitality Inn: Dallas,Hospitality Inn,Dallas,luxury,1,1,0,4,450.53,1802.12
orderid:504058,AHG-ROMJ,orderid:504058,crmid:4195278256,2020-01-03T19:11:54.000Z,call center,prd1010,1579633914,1580065914,2020-01-21T19:11:54+00:00,2020-01-26T19:11:54+00:00,Blue Reef Resort: San Diego,Blue Reef Resort,San Diego,standard,1,1,0,5,126.49,632.45
orderid:873215,FEF-KN9N,orderid:873215,crmid:7704049494,2019-12-15T07:34:12.000Z,call center,prd1176,1576913652,1577000052,2019-12-21T07:34:12+00:00,2019-12-22T07:34:12+00:00,Repose Resort: Omaha,Repose Resort,Omaha,standard,1,1,0,1,153.12,153.12
orderid:784948,IYQ-IHMJ,orderid:784948,crmid:7704049494,2019-12-24T00:00:00.000Z,call center,prd1153,1577318400,1577404800,2019-12-26T00:00:00+00:00,2019-12-27T00:00:00+00:00,Admiralty Plaza: Charlotte,Admiralty Plaza,Charlotte,standard,1,1,0,1,128.35,128.35
orderid:793251,S1Q-0YCS,orderid:793251,crmid:6299052482,2020-02-02T08:41:12.000Z,website,prd1015,1582965672,1583397672,2020-02-29T08:41:12+00:00,2020-03-05T08:41:12+00:00,Family Fun Hotels: San Francisco,Family Fun Hotels,San Francisco,standard,1,1,4,5,122.97,614.85
orderid:406681,BTZ-TUFY,orderid:406681,crmid:9587152786,2020-02-16T04:20:42.000Z,kiosk,prd1111,1583986842,1585542042,2020-03-12T04:20:42+00:00,2020-03-30T04:20:42+00:00,Family Fun Hotels: Prague,Family Fun Hotels,Prague,premium,1,1,0,18,135.07,2431.26
orderid:867795,GAF-SBWD,orderid:867795,crmid:8996962826,2020-02-14T23:01:20.000Z,kiosk,prd1155,1581807680,1581980480,2020-02-15T23:01:20+00:00,2020-02-17T23:01:20+00:00,Hospitality Inn: Denver,Hospitality Inn,Denver,standard,1,1,0,2,182.11,364.22
orderid:395607,CXV-YGEN,orderid:395607,crmid:4622616685,2020-01-09T18:19:36.000Z,kiosk,prd1141,1580753976,1581013176,2020-02-03T18:19:36+00:00,2020-02-06T18:19:36+00:00,Admiralty Plaza: Phoenix,Admiralty Plaza,Phoenix,standard,1,1,0,3,140.97,422.91
orderid:466821,XBJ-VXW8,orderid:466821,crmid:4885456465,2020-02-05T21:43:07.000Z,call center,prd1105,1581111787,1581457387,2020-02-07T21:43:07+00:00,2020-02-11T21:43:07+00:00,Admiralty Plaza: Barcelona,Admiralty Plaza,Barcelona,standard,1,1,0,4,143.09,572.36
orderid:368919,R20-ZZZF,orderid:368919,crmid:2371842293,2020-01-17T15:17:52.000Z,mobile,prd1074,1581434272,1581952672,2020-02-11T15:17:52+00:00,2020-02-17T15:17:52+00:00,Restful Nights: Mexico City,Restful Nights,Mexico City,standard,1,1,0,6,188.81,1132.86
orderid:332740,0MT-S3CO,orderid:332740,crmid:9515134165,2020-01-24T00:36:44.000Z,kiosk,prd1105,1579912604,1580085404,2020-01-25T00:36:44+00:00,2020-01-27T00:36:44+00:00,Admiralty Plaza: Barcelona,Admiralty Plaza,Barcelona,standard,1,1,0,2,135.79,271.58
orderid:372233,5TQ-KNBF,orderid:372233,crmid:9057706243,2019-12-09T16:16:27.000Z,mobile,prd1144,1578068187,1579191387,2020-01-03T16:16:27+00:00,2020-01-16T16:16:27+00:00,Sandhill: San Diego,Sandhill,San Diego,premium,1,1,0,13,87.4,1136.2
orderid:614036,0SK-TPUE,orderid:614036,crmid:6857747074,2020-01-28T13:32:51.000Z,call center,prd1058,1580995971,1582032771,2020-02-06T13:32:51+00:00,2020-02-18T13:32:51+00:00,Blue Reef Resort: Delhi,Blue Reef Resort,Delhi,premium,1,1,4,12,135.25,1623.0
orderid:388540,WVP-1GYM,orderid:388540,crmid:5784296852,2019-12-12T03:31:59.000Z,mobile,prd1004,1578454319,1578972719,2020-01-08T03:31:59+00:00,2020-01-14T03:31:59+00:00,Aspen Heights: Boulder,Aspen Heights,Boulder,luxury,1,1,0,6,301.38,1808.28
orderid:919119,705-RSJD,orderid:919119,crmid:6361641695,2020-02-11T00:34:29.000Z,mobile,prd1094,1581467669,1581813269,2020-02-12T00:34:29+00:00,2020-02-16T00:34:29+00:00,Blue Reef Resort: Berlin,Blue Reef Resort,Berlin,standard,1,1,0,4,180.48,721.92
orderid:130684,BW1-LTAC,orderid:130684,crmid:8496924306,2020-01-06T12:38:16.000Z,kiosk,prd1033,1579869496,1580474296,2020-01-24T12:38:16+00:00,2020-01-31T12:38:16+00:00,Admiralty Plaza: Milwaukee,Admiralty Plaza,Milwaukee,standard,1,1,4,7,147.98,1035.86
orderid:402560,EEF-XQQF,orderid:402560,crmid:7597486827,2020-01-07T01:34:17.000Z,call center,prd1022,1580866457,1581471257,2020-02-05T01:34:17+00:00,2020-02-12T01:34:17+00:00,Blue Reef Resort: Washington DC,Blue Reef Resort,Washington DC,standard,1,1,0,7,106.01,742.07
orderid:266453,YOG-YGU4,orderid:266453,crmid:6232793946,2020-01-15T14:36:22.000Z,kiosk,prd1154,1579876582,1580394982,2020-01-24T14:36:22+00:00,2020-01-30T14:36:22+00:00,Blue Reef Resort: Seattle,Blue Reef Resort,Seattle,premium,1,1,0,6,134.44,806.64
orderid:325435,E1S-B5UO,orderid:325435,crmid:5992058649,2020-01-04T16:59:25.000Z,kiosk,prd1136,1578243565,1578329965,2020-01-05T16:59:25+00:00,2020-01-06T16:59:25+00:00,Aspen Heights: Osaka,Aspen Heights,Osaka,standard,1,1,0,1,179.74,179.74
orderid:856425,ECG-PF9B,orderid:856425,crmid:8700578111,2020-01-14T20:54:10.000Z,website,prd1013,1581627250,1582232050,2020-02-13T20:54:10+00:00,2020-02-20T20:54:10+00:00,Grandeur Hotels: Austin,Grandeur Hotels,Austin,standard,1,1,4,7,89.03,623.21
orderid:709014,MRK-PLNI,orderid:709014,crmid:4217346847,2020-01-21T12:18:21.000Z,call center,prd1184,1580905101,1581164301,2020-02-05T12:18:21+00:00,2020-02-08T12:18:21+00:00,Aspen Heights: Arlington,Aspen Heights,Arlington,standard,1,1,0,3,172.91,518.73
orderid:580694,OUR-SUUF,orderid:580694,crmid:7678097957,2020-01-21T15:38:45.000Z,website,prd1193,1579793925,1579880325,2020-01-23T15:38:45+00:00,2020-01-24T15:38:45+00:00,Grandeur Hotels: Kinshasa,Grandeur Hotels,Kinshasa,luxury,1,1,0,1,227.63,227.63
orderid:507557,KEX-F6AX,orderid:507557,crmid:1479133408,2020-01-08T08:24:00.000Z,website,prd1070,1579508640,1579854240,2020-01-20T08:24:00+00:00,2020-01-24T08:24:00+00:00,Blue Reef Resort: Jakarta,Blue Reef Resort,Jakarta,premium,1,1,0,4,117.19,468.76
orderid:216121,YGT-HPN2,orderid:216121,crmid:5537228140,2019-12-25T21:36:09.000Z,call center,prd1118,1579037769,1579210569,2020-01-14T21:36:09+00:00,2020-01-16T21:36:09+00:00,Blue Reef Resort: Cologne,Blue Reef Resort,Cologne,standard,1,1,0,2,142.31,284.62
orderid:454741,ZQG-BBRI,orderid:454741,crmid:1302116239,2019-12-04T22:30:34.000Z,kiosk,prd1136,1577485834,1578263434,2019-12-27T22:30:34+00:00,2020-01-05T22:30:34+00:00,Aspen Heights: Osaka,Aspen Heights,Osaka,ultra-luxury,1,1,0,9,303.61,2732.49
orderid:621782,FOB-ERLM,orderid:621782,crmid:8666811273,2019-12-07T05:11:15.000Z,call center,prd1046,1577337075,1578633075,2019-12-26T05:11:15+00:00,2020-01-10T05:11:15+00:00,Blue Reef Resort: Virginia Beach,Blue Reef Resort,Virginia Beach,standard,1,1,0,15,159.45,2391.75
orderid:970120,QAB-QG16,orderid:970120,crmid:5545782280,2020-02-12T08:07:24.000Z,kiosk,prd1001,1584000444,1584259644,2020-03-12T08:07:24+00:00,2020-03-15T08:07:24+00:00,Grandeur Hotels: New York,Grandeur Hotels,New York,standard,1,1,0,3,165.56,496.68
orderid:570243,UDJ-AWSH,orderid:570243,crmid:4993652114,2020-01-24T17:26:49.000Z,kiosk,prd1197,1582306009,1582651609,2020-02-21T17:26:49+00:00,2020-02-25T17:26:49+00:00,Sapphire Suites: London,Sapphire Suites,London,standard,1,1,0,4,164.96,659.84
orderid:210278,YLG-LHQF,orderid:210278,crmid:8005197824,2020-01-01T20:46:16.000Z,call center,prd1015,1578516376,1578775576,2020-01-08T20:46:16+00:00,2020-01-11T20:46:16+00:00,Family Fun Hotels: San Francisco,Family Fun Hotels,San Francisco,premium,1,1,0,3,116.27,348.81
orderid:340323,LVY-W3FK,orderid:340323,crmid:5383269707,2019-12-12T23:13:03.000Z,kiosk,prd1091,1576969983,1577747583,2019-12-21T23:13:03+00:00,2019-12-30T23:13:03+00:00,Nesting Box Inn: New Taipei,Nesting Box Inn,New Taipei,standard,1,1,3,9,155.97,1403.73
orderid:769886,VBX-4LFV,orderid:769886,crmid:9512725787,2020-01-25T02:48:57.000Z,website,prd1097,1582426137,1582771737,2020-02-23T02:48:57+00:00,2020-02-27T02:48:57+00:00,Grandeur Hotels: Buenos Aires,Grandeur Hotels,Buenos Aires,standard,1,1,4,4,139.01,556.04
orderid:858301,VPZ-QIB2,orderid:858301,crmid:3871746078,2020-02-07T18:35:40.000Z,call center,prd1170,1581532540,1581618940,2020-02-12T18:35:40+00:00,2020-02-13T18:35:40+00:00,Restful Nights: Fresno,Restful Nights,Fresno,luxury,1,1,0,1,283.39,283.39
orderid:623345,ZTS-YUEK,orderid:623345,crmid:3871746078,2020-02-14T00:00:00.000Z,service desk,prd1175,1581724800,1582070400,2020-02-15T00:00:00+00:00,2020-02-19T00:00:00+00:00,Nesting Box Inn: Long Beach,Nesting Box Inn,Long Beach,premium,1,1,0,4,151.01,604.04
orderid:941418,G4P-CREH,orderid:941418,crmid:7042384524,2019-12-21T08:17:12.000Z,kiosk,prd1148,1578298632,1579681032,2020-01-06T08:17:12+00:00,2020-01-22T08:17:12+00:00,Aspen Heights: Jacksonville,Aspen Heights,Jacksonville,luxury,1,1,0,16,282.16,4514.56
orderid:416754,YC1-4VZ2,orderid:416754,crmid:4495200250,2020-01-30T10:47:22.000Z,service desk,prd1111,1580467642,1580554042,2020-01-31T10:47:22+00:00,2020-02-01T10:47:22+00:00,Family Fun Hotels: Prague,Family Fun Hotels,Prague,standard,1,1,0,1,161.72,161.72
orderid:596279,KDX-60XO,orderid:596279,crmid:2097456040,2020-02-09T07:41:05.000Z,call center,prd1172,1583307665,1584690065,2020-03-04T07:41:05+00:00,2020-03-20T07:41:05+00:00,Aspen Heights: Mesa,Aspen Heights,Mesa,standard,1,1,4,16,132.91,2126.56
orderid:873024,YPM-HFMQ,orderid:873024,crmid:4948292282,2019-12-31T14:20:16.000Z,website,prd1196,1578234016,1578493216,2020-01-05T14:20:16+00:00,2020-01-08T14:20:16+00:00,Aspen Heights: Moscow,Aspen Heights,Moscow,standard,1,1,0,3,122.66,367.98
orderid:555496,PCJ-AFDD,orderid:555496,crmid:1715916854,2020-01-24T11:26:46.000Z,mobile,prd1117,1582025206,1582716406,2020-02-18T11:26:46+00:00,2020-02-26T11:26:46+00:00,Admiralty Plaza: Dublin,Admiralty Plaza,Dublin,standard,1,1,1,8,130.1,1040.8
orderid:571781,VNE-WP8U,orderid:571781,crmid:1615945302,2020-01-16T04:26:48.000Z,website,prd1131,1581308808,1581654408,2020-02-10T04:26:48+00:00,2020-02-14T04:26:48+00:00,Hospitality Inn: Sheffield,Hospitality Inn,Sheffield,standard,1,1,2,4,125.16,500.64
orderid:297624,GFY-R1QG,orderid:297624,crmid:6220111709,2020-02-10T16:12:40.000Z,call center,prd1184,1583165560,1583597560,2020-03-02T16:12:40+00:00,2020-03-07T16:12:40+00:00,Aspen Heights: Arlington,Aspen Heights,Arlington,standard,1,1,0,5,177.23,886.15
orderid:595595,B1L-UMCP,orderid:595595,crmid:5941340277,2020-01-25T05:17:42.000Z,kiosk,prd1020,1580188662,1580447862,2020-01-28T05:17:42+00:00,2020-01-31T05:17:42+00:00,Repose Resort: Seattle,Repose Resort,Seattle,ultra-luxury,1,1,0,3,320.8,962.4
orderid:562736,W3M-CLBT,orderid:562736,crmid:6297622473,2020-02-07T22:44:31.000Z,kiosk,prd1088,1581201871,1581461071,2020-02-08T22:44:31+00:00,2020-02-11T22:44:31+00:00,Aspen Heights: Ankara,Aspen Heights,Ankara,standard,1,1,0,3,135.54,406.62
orderid:495344,OVZ-IOWY,orderid:495344,crmid:6297622473,2020-02-13T00:00:00.000Z,mobile,prd1081,1581724800,1581811200,2020-02-15T00:00:00+00:00,2020-02-16T00:00:00+00:00,Admiralty Plaza: Rod de Janeiro,Admiralty Plaza,Rod de Janeiro,standard,1,1,0,1,162.99,162.99
orderid:989503,GY3-STRK,orderid:989503,crmid:9896614592,2020-02-12T20:11:19.000Z,call center,prd1005,1582143079,1582747879,2020-02-19T20:11:19+00:00,2020-02-26T20:11:19+00:00,Sapphire Suites: Los Angeles,Sapphire Suites,Los Angeles,standard,1,1,0,7,71.41,499.87
orderid:724869,Y2Q-LDMW,orderid:724869,crmid:3563602146,2020-01-21T01:50:35.000Z,website,prd1094,1581904235,1582336235,2020-02-17T01:50:35+00:00,2020-02-22T01:50:35+00:00,Blue Reef Resort: Berlin,Blue Reef Resort,Berlin,standard,1,1,0,5,150.81,754.05
orderid:372008,OUK-DTNE,orderid:372008,crmid:2708376626,2019-12-14T16:44:03.000Z,kiosk,prd1148,1576514643,1576601043,2019-12-16T16:44:03+00:00,2019-12-17T16:44:03+00:00,Aspen Heights: Jacksonville,Aspen Heights,Jacksonville,standard,1,1,0,1,163.37,163.37
orderid:346184,8X8-SMKL,orderid:346184,crmid:2708376626,2019-12-19T00:00:00.000Z,website,prd1177,1576800000,1576886400,2019-12-20T00:00:00+00:00,2019-12-21T00:00:00+00:00,Admiralty Plaza: Raleigh,Admiralty Plaza,Raleigh,standard,1,1,0,1,155.65,155.65
orderid:381326,LQ6-PTNV,orderid:381326,crmid:4703030535,2020-02-01T03:52:12.000Z,service desk,prd1059,1583121132,1583639532,2020-03-02T03:52:12+00:00,2020-03-08T03:52:12+00:00,Hospitality Inn: Kinshasa,Hospitality Inn,Kinshasa,standard,1,1,0,6,177.04,1062.24
orderid:833159,2SX-6SDG,orderid:833159,crmid:3399938907,2020-02-07T19:36:00.000Z,call center,prd1131,1582140960,1583436960,2020-02-19T19:36:00+00:00,2020-03-05T19:36:00+00:00,Hospitality Inn: Sheffield,Hospitality Inn,Sheffield,standard,1,1,0,15,102.91,1543.65
orderid:559164,GPM-QW81,orderid:559164,crmid:1956408013,2019-12-28T16:51:22.000Z,call center,prd1179,1577638282,1577724682,2019-12-29T16:51:22+00:00,2019-12-30T16:51:22+00:00,Hospitality Inn: Miami,Hospitality Inn,Miami,standard,1,1,0,1,129.84,129.84
orderid:335986,2YD-Z2CT,orderid:335986,crmid:4212922443,2020-01-09T07:31:45.000Z,service desk,prd1088,1579764705,1580283105,2020-01-23T07:31:45+00:00,2020-01-29T07:31:45+00:00,Aspen Heights: Ankara,Aspen Heights,Ankara,premium,1,1,0,6,125.89,755.34
orderid:634445,96X-QOIP,orderid:634445,crmid:2944907203,2019-12-15T06:48:13.000Z,kiosk,prd1189,1576478893,1576565293,2019-12-16T06:48:13+00:00,2019-12-17T06:48:13+00:00,Admiralty Plaza: Bakersfield,Admiralty Plaza,Bakersfield,presidential-suite,1,1,0,1,828.62,828.62
orderid:880608,EMF-GQYC,orderid:880608,crmid:4935382593,2020-01-09T01:12:15.000Z,mobile,prd1058,1580865135,1581383535,2020-02-05T01:12:15+00:00,2020-02-11T01:12:15+00:00,Blue Reef Resort: Delhi,Blue Reef Resort,Delhi,standard,1,1,0,6,173.85,1043.1
orderid:477047,ONB-CWPM,orderid:477047,crmid:3266476930,2019-12-20T19:18:17.000Z,mobile,prd1160,1578943097,1579893497,2020-01-13T19:18:17+00:00,2020-01-24T19:18:17+00:00,Aspen Heights: Nashville,Aspen Heights,Nashville,standard,1,1,0,11,161.56,1777.16
orderid:457326,R6D-8NX5,orderid:457326,crmid:9070496825,2020-01-25T14:00:19.000Z,kiosk,prd1159,1580047219,1580133619,2020-01-26T14:00:19+00:00,2020-01-27T14:00:19+00:00,Family Fun Hotels: Detroit,Family Fun Hotels,Detroit,standard,1,1,0,1,146.87,146.87
orderid:427723,IOA-XMNW,orderid:427723,crmid:8949286955,2020-01-04T02:50:05.000Z,kiosk,prd1166,1580525405,1580871005,2020-02-01T02:50:05+00:00,2020-02-05T02:50:05+00:00,Blue Reef Resort: Baltimore,Blue Reef Resort,Baltimore,premium,1,1,1,4,134.4,537.6
orderid:455788,3D9-FXZ0,orderid:455788,crmid:9402596247,2019-12-01T15:29:11.000Z,mobile,prd1173,1577633351,1578670151,2019-12-29T15:29:11+00:00,2020-01-10T15:29:11+00:00,Sapphire Suites: Kansas City,Sapphire Suites,Kansas City,standard,1,1,2,12,167.45,2009.4
orderid:571473,HBT-UXOW,orderid:571473,crmid:7869260273,2020-02-02T13:38:19.000Z,call center,prd1031,1580737099,1580996299,2020-02-03T13:38:19+00:00,2020-02-06T13:38:19+00:00,Nesting Box Inn: Louisville,Nesting Box Inn,Louisville,premium,1,1,0,3,133.0,399.0
orderid:156904,XTW-ZA54,orderid:156904,crmid:7869260273,2020-02-08T00:00:00.000Z,call center,prd1177,1581206400,1581465600,2020-02-09T00:00:00+00:00,2020-02-12T00:00:00+00:00,Admiralty Plaza: Raleigh,Admiralty Plaza,Raleigh,standard,1,1,0,3,121.13,363.39
orderid:908632,HVO-ZQJP,orderid:908632,crmid:2614741625,2019-12-10T16:03:58.000Z,mobile,prd1129,1576339438,1576425838,2019-12-14T16:03:58+00:00,2019-12-15T16:03:58+00:00,Admiralty Plaza: Helsinki,Admiralty Plaza,Helsinki,standard,1,1,0,1,153.76,153.76
orderid:162524,JF4-R0L3,orderid:162524,crmid:2614741625,2019-12-17T00:00:00.000Z,mobile,prd1148,1576627200,1576800000,2019-12-18T00:00:00+00:00,2019-12-20T00:00:00+00:00,Aspen Heights: Jacksonville,Aspen Heights,Jacksonville,standard,1,1,0,2,141.7,283.4
orderid:831749,KI9-CYO8,orderid:831749,crmid:8764187272,2020-01-08T01:45:05.000Z,service desk,prd1026,1578707105,1579052705,2020-01-11T01:45:05+00:00,2020-01-15T01:45:05+00:00,Restful Nights: Nashville,Restful Nights,Nashville,standard,1,1,0,4,119.74,478.96
orderid:985331,CZG-GX0J,orderid:985331,crmid:6805867545,2019-12-24T00:27:03.000Z,website,prd1144,1577665623,1578097623,2019-12-30T00:27:03+00:00,2020-01-04T00:27:03+00:00,Sandhill: San Diego,Sandhill,San Diego,standard,1,1,0,5,128.13,640.65
orderid:804973,LZ5-C9JQ,orderid:804973,crmid:5895436540,2019-12-20T23:56:13.000Z,kiosk,prd1027,1576972573,1577145373,2019-12-21T23:56:13+00:00,2019-12-23T23:56:13+00:00,Family Fun Hotels: Memphis,Family Fun Hotels,Memphis,standard,1,1,0,2,145.04,290.08
orderid:872245,T8U-YWCS,orderid:872245,crmid:5895436540,2019-12-24T00:00:00.000Z,call center,prd1040,1577404800,1577664000,2019-12-27T00:00:00+00:00,2019-12-30T00:00:00+00:00,Aspen Heights: Atlanta,Aspen Heights,Atlanta,presidential-suite,1,1,0,3,957.86,2873.58
orderid:246798,ESV-V5AY,orderid:246798,crmid:5895436540,2020-01-01T00:00:00.000Z,website,prd1079,1577923200,1578096000,2020-01-02T00:00:00+00:00,2020-01-04T00:00:00+00:00,Nesting Box Inn: Chennai,Nesting Box Inn,Chennai,premium,1,1,0,2,106.78,213.56
orderid:165021,LPM-BRJW,orderid:165021,crmid:9174080908,2020-01-19T09:36:52.000Z,kiosk,prd1035,1580290612,1581413812,2020-01-29T09:36:52+00:00,2020-02-11T09:36:52+00:00,Hospitality Inn: Tucson,Hospitality Inn,Tucson,standard,1,1,0,13,143.94,1871.22
orderid:108229,FRQ-1YHY,orderid:108229,crmid:1268890105,2020-01-22T17:40:56.000Z,call center,prd1191,1579801256,1579974056,2020-01-23T17:40:56+00:00,2020-01-25T17:40:56+00:00,Hospitality Inn: Mumbai,Hospitality Inn,Mumbai,premium,1,1,0,2,132.16,264.32
orderid:789654,MTP-HC2L,orderid:789654,crmid:6981730636,2020-02-13T00:34:02.000Z,website,prd1085,1583886842,1584491642,2020-03-11T00:34:02+00:00,2020-03-18T00:34:02+00:00,Grandeur Hotels: Saint Petersburg,Grandeur Hotels,Saint Petersburg,premium,1,1,0,7,193.46,1354.22
orderid:498858,5F2-HCKU,orderid:498858,crmid:9330259320,2020-01-23T04:17:59.000Z,website,prd1122,1581481079,1581999479,2020-02-12T04:17:59+00:00,2020-02-18T04:17:59+00:00,Restful Nights: Valencia,Restful Nights,Valencia,luxury,1,1,0,6,316.71,1900.26
orderid:336463,7VD-FWG8,orderid:336463,crmid:6025897581,2020-01-08T04:53:58.000Z,website,prd1064,1580532838,1581224038,2020-02-01T04:53:58+00:00,2020-02-09T04:53:58+00:00,Aspen Heights: Paris,Aspen Heights,Paris,standard,1,1,0,8,127.35,1018.8
orderid:308520,GSM-KKCB,orderid:308520,crmid:2036404371,2019-12-30T03:49:22.000Z,website,prd1050,1578455362,1579146562,2020-01-08T03:49:22+00:00,2020-01-16T03:49:22+00:00,Restful Nights: Arlington,Restful Nights,Arlington,standard,1,1,4,8,143.66,1149.28
orderid:406426,2DM-IYDC,orderid:406426,crmid:4641364463,2020-01-10T16:40:47.000Z,kiosk,prd1117,1580748047,1581266447,2020-02-03T16:40:47+00:00,2020-02-09T16:40:47+00:00,Admiralty Plaza: Dublin,Admiralty Plaza,Dublin,premium,1,1,0,6,165.55,993.3
orderid:434172,RNN-YNPX,orderid:434172,crmid:3083272119,2019-12-13T22:36:32.000Z,kiosk,prd1034,1576362992,1576535792,2019-12-14T22:36:32+00:00,2019-12-16T22:36:32+00:00,Blue Reef Resort: Albuquerque,Blue Reef Resort,Albuquerque,standard,1,1,0,2,118.66,237.32
orderid:467241,MNS-LXZL,orderid:467241,crmid:3024676014,2020-01-10T14:31:36.000Z,kiosk,prd1189,1578753096,1578925896,2020-01-11T14:31:36+00:00,2020-01-13T14:31:36+00:00,Admiralty Plaza: Bakersfield,Admiralty Plaza,Bakersfield,standard,1,1,0,2,146.48,292.96
orderid:535200,SDH-XY9G,orderid:535200,crmid:7059877325,2020-01-22T05:45:42.000Z,call center,prd1085,1581227142,1582523142,2020-02-09T05:45:42+00:00,2020-02-24T05:45:42+00:00,Grandeur Hotels: Saint Petersburg,Grandeur Hotels,Saint Petersburg,standard,1,1,0,15,155.58,2333.7
orderid:722861,TLZ-5YOX,orderid:722861,crmid:9404441077,2019-12-11T19:10:59.000Z,call center,prd1058,1578165059,1578769859,2020-01-04T19:10:59+00:00,2020-01-11T19:10:59+00:00,Blue Reef Resort: Delhi,Blue Reef Resort,Delhi,standard,1,1,4,7,146.46,1025.22
orderid:425551,LN4-0HGI,orderid:425551,crmid:2198616823,2020-01-08T19:36:54.000Z,mobile,prd1040,1580326614,1580758614,2020-01-29T19:36:54+00:00,2020-02-03T19:36:54+00:00,Aspen Heights: Atlanta,Aspen Heights,Atlanta,standard,1,1,0,5,144.92,724.6
orderid:372184,2GP-ORDC,orderid:372184,crmid:1360173411,2020-02-09T06:08:48.000Z,kiosk,prd1009,1581574128,1581746928,2020-02-13T06:08:48+00:00,2020-02-15T06:08:48+00:00,Admiralty Plaza: San Antonio,Admiralty Plaza,San Antonio,standard,1,1,0,2,138.03,276.06
orderid:451433,QF3-UIIO,orderid:451433,crmid:9617097946,2020-02-13T06:55:15.000Z,call center,prd1070,1582268115,1582872915,2020-02-21T06:55:15+00:00,2020-02-28T06:55:15+00:00,Blue Reef Resort: Jakarta,Blue Reef Resort,Jakarta,luxury,1,1,0,7,390.36,2732.52
orderid:813794,3YE-6TMJ,orderid:813794,crmid:8942350811,2020-01-19T09:05:23.000Z,call center,prd1088,1581843923,1582275923,2020-02-16T09:05:23+00:00,2020-02-21T09:05:23+00:00,Aspen Heights: Ankara,Aspen Heights,Ankara,premium,1,1,0,5,155.77,778.85
orderid:405909,B2G-VVND,orderid:405909,crmid:7119646425,2019-12-24T22:33:53.000Z,mobile,prd1157,1578695633,1579386833,2020-01-10T22:33:53+00:00,2020-01-18T22:33:53+00:00,Grandeur Hotels: Boston,Grandeur Hotels,Boston,standard,1,1,0,8,142.51,1140.08
orderid:935526,TDK-CG7U,orderid:935526,crmid:3800164128,2019-12-29T03:42:52.000Z,call center,prd1101,1578195772,1578886972,2020-01-05T03:42:52+00:00,2020-01-13T03:42:52+00:00,Sapphire Suites: Vienna,Sapphire Suites,Vienna,standard,1,1,0,8,131.92,1055.36
orderid:800300,8PA-YIUV,orderid:800300,crmid:5057402978,2020-01-28T21:51:13.000Z,website,prd1035,1582494673,1582840273,2020-02-23T21:51:13+00:00,2020-02-27T21:51:13+00:00,Hospitality Inn: Tucson,Hospitality Inn,Tucson,ultra-luxury,1,1,4,4,236.12,944.48
orderid:238220,XWM-OWD5,orderid:238220,crmid:2253023972,2020-01-24T04:42:25.000Z,kiosk,prd1184,1581655345,1582260145,2020-02-14T04:42:25+00:00,2020-02-21T04:42:25+00:00,Aspen Heights: Arlington,Aspen Heights,Arlington,standard,1,1,1,7,116.48,815.36
orderid:644623,7Z4-SAYL,orderid:644623,crmid:5814504140,2019-12-24T18:10:12.000Z,call center,prd1061,1577297412,1577470212,2019-12-25T18:10:12+00:00,2019-12-27T18:10:12+00:00,Grandeur Hotels: Lahore,Grandeur Hotels,Lahore,standard,1,1,0,2,125.87,251.74
orderid:772101,D5V-GQAL,orderid:772101,crmid:4498605096,2019-12-30T00:47:32.000Z,mobile,prd1117,1577753252,1577926052,2019-12-31T00:47:32+00:00,2020-01-02T00:47:32+00:00,Admiralty Plaza: Dublin,Admiralty Plaza,Dublin,standard,1,1,0,2,181.65,363.3
orderid:579083,9PZ-YOY3,orderid:579083,crmid:5586256979,2020-01-22T01:52:14.000Z,kiosk,prd1023,1579744334,1579917134,2020-01-23T01:52:14+00:00,2020-01-25T01:52:14+00:00,Hospitality Inn: Boston,Hospitality Inn,Boston,premium,1,1,0,2,127.85,255.7
orderid:966208,MTU-NIDM,orderid:966208,crmid:6795347712,2020-02-11T14:05:58.000Z,website,prd1064,1583762758,1584281158,2020-03-09T14:05:58+00:00,2020-03-15T14:05:58+00:00,Aspen Heights: Paris,Aspen Heights,Paris,standard,1,1,2,6,142.86,857.16
orderid:681933,GH3-ULW3,orderid:681933,crmid:7617333009,2020-02-06T02:35:21.000Z,kiosk,prd1092,1581042921,1581302121,2020-02-07T02:35:21+00:00,2020-02-10T02:35:21+00:00,Repose Resort: Cape Town,Repose Resort,Cape Town,standard,1,1,0,3,164.2,492.6
orderid:153053,OLK-IK9K,orderid:153053,crmid:9042410998,2020-01-06T09:11:52.000Z,website,prd1032,1580893912,1581930712,2020-02-05T09:11:52+00:00,2020-02-17T09:11:52+00:00,Repose Resort: Baltimore,Repose Resort,Baltimore,standard,1,1,0,12,140.76,1689.12
orderid:206473,M77-KSXK,orderid:206473,crmid:1291282148,2019-12-04T19:27:32.000Z,website,prd1105,1575660452,1576006052,2019-12-06T19:27:32+00:00,2019-12-10T19:27:32+00:00,Admiralty Plaza: Barcelona,Admiralty Plaza,Barcelona,standard,1,1,0,4,150.54,602.16
orderid:609536,SWO-XBEC,orderid:609536,crmid:6817433299,2019-12-13T03:27:07.000Z,website,prd1046,1576380427,1576639627,2019-12-15T03:27:07+00:00,2019-12-18T03:27:07+00:00,Blue Reef Resort: Virginia Beach,Blue Reef Resort,Virginia Beach,premium,1,1,0,3,142.7,428.1
orderid:268173,MIW-ITGR,orderid:268173,crmid:5248955708,2019-12-24T11:52:52.000Z,call center,prd1110,1577447572,1578484372,2019-12-27T11:52:52+00:00,2020-01-08T11:52:52+00:00,Restful Nights: Sofia,Restful Nights,Sofia,standard,1,1,0,12,132.98,1595.76
orderid:172928,JBX-NEAU,orderid:172928,crmid:6776104620,2019-12-24T23:24:12.000Z,website,prd1083,1579735452,1580340252,2020-01-22T23:24:12+00:00,2020-01-29T23:24:12+00:00,Hospitality Inn: Bangkok,Hospitality Inn,Bangkok,premium,1,1,0,7,163.11,1141.77
orderid:339644,NIJ-MDGM,orderid:339644,crmid:1056091069,2019-12-13T15:08:39.000Z,mobile,prd1175,1578668919,1579014519,2020-01-10T15:08:39+00:00,2020-01-14T15:08:39+00:00,Nesting Box Inn: Long Beach,Nesting Box Inn,Long Beach,standard,1,1,0,4,144.19,576.76
orderid:847724,QFF-VDWZ,orderid:847724,crmid:9357853202,2019-12-18T14:10:21.000Z,website,prd1147,1576937421,1577110221,2019-12-21T14:10:21+00:00,2019-12-23T14:10:21+00:00,Family Fun Hotels: Austin,Family Fun Hotels,Austin,premium,1,1,0,2,166.32,332.64
orderid:243539,BQV-M3TX,orderid:243539,crmid:2467532786,2019-12-15T07:16:01.000Z,website,prd1059,1578467761,1578726961,2020-01-08T07:16:01+00:00,2020-01-11T07:16:01+00:00,Hospitality Inn: Kinshasa,Hospitality Inn,Kinshasa,ultra-luxury,1,1,0,3,377.09,1131.27
orderid:245865,1UC-ILBJ,orderid:245865,crmid:1072740415,2020-02-11T01:14:55.000Z,kiosk,prd1038,1581556495,1581642895,2020-02-13T01:14:55+00:00,2020-02-14T01:14:55+00:00,Restful Nights: Mesa,Restful Nights,Mesa,standard,1,1,0,1,101.05,101.05
orderid:580255,J6U-EMX4,orderid:580255,crmid:4946814953,2020-01-17T05:16:04.000Z,website,prd1142,1581052564,1582694164,2020-02-07T05:16:04+00:00,2020-02-26T05:16:04+00:00,Blue Reef Resort: Philadelphia,Blue Reef Resort,Philadelphia,standard,1,1,1,19,142.58,2709.02
orderid:305182,GST-XMLC,orderid:305182,crmid:1745704496,2019-12-10T04:58:12.000Z,mobile,prd1130,1577595492,1577941092,2019-12-29T04:58:12+00:00,2020-01-02T04:58:12+00:00,Blue Reef Resort: Bremen,Blue Reef Resort,Bremen,premium,1,1,0,4,112.02,448.08
orderid:131694,DFS-KXBK,orderid:131694,crmid:5746437460,2019-12-29T21:08:45.000Z,call center,prd1154,1579727325,1579986525,2020-01-22T21:08:45+00:00,2020-01-25T21:08:45+00:00,Blue Reef Resort: Seattle,Blue Reef Resort,Seattle,premium,1,1,0,3,148.01,444.03
orderid:532000,0MX-KSA7,orderid:532000,crmid:2330537599,2019-12-26T12:25:05.000Z,website,prd1058,1579868705,1580905505,2020-01-24T12:25:05+00:00,2020-02-05T12:25:05+00:00,Blue Reef Resort: Delhi,Blue Reef Resort,Delhi,premium,1,1,0,12,173.48,2081.76
orderid:755956,1VD-XXAV,orderid:755956,crmid:8866890296,2020-01-15T11:16:41.000Z,kiosk,prd1111,1580296601,1580901401,2020-01-29T11:16:41+00:00,2020-02-05T11:16:41+00:00,Family Fun Hotels: Prague,Family Fun Hotels,Prague,standard,1,1,0,7,121.62,851.34
orderid:974176,9W6-X5FG,orderid:974176,crmid:1341658625,2019-12-07T01:40:48.000Z,kiosk,prd1165,1575942048,1576201248,2019-12-10T01:40:48+00:00,2019-12-13T01:40:48+00:00,Admiralty Plaza: Louisville,Admiralty Plaza,Louisville,standard,1,1,0,3,130.06,390.18
orderid:367674,NVO-KBLD,orderid:367674,crmid:1341658625,2019-12-14T00:00:00.000Z,mobile,prd1112,1576454400,1576972800,2019-12-16T00:00:00+00:00,2019-12-22T00:00:00+00:00,Aspen Heights: Birmingham,Aspen Heights,Birmingham,standard,1,1,0,6,160.87,965.22
orderid:777434,ZDX-5VHY,orderid:777434,crmid:1341658625,2019-12-23T00:00:00.000Z,mobile,prd1124,1577232000,1577404800,2019-12-25T00:00:00+00:00,2019-12-27T00:00:00+00:00,Aspen Heights: Leeds,Aspen Heights,Leeds,luxury,1,1,0,2,369.6,739.2
orderid:694747,BZL-5K9Y,orderid:694747,crmid:6361815083,2020-02-11T16:41:13.000Z,call center,prd1023,1583512873,1583772073,2020-03-06T16:41:13+00:00,2020-03-09T16:41:13+00:00,Hospitality Inn: Boston,Hospitality Inn,Boston,premium,1,1,0,3,75.87,227.61
orderid:956776,Q39-6CPA,orderid:956776,crmid:8813477218,2019-12-25T09:12:03.000Z,service desk,prd1023,1577351523,1577437923,2019-12-26T09:12:03+00:00,2019-12-27T09:12:03+00:00,Hospitality Inn: Boston,Hospitality Inn,Boston,standard,1,1,0,1,144.85,144.85
orderid:402081,RLQ-L5XQ,orderid:402081,crmid:7644147475,2020-02-01T10:35:52.000Z,mobile,prd1023,1581071752,1582108552,2020-02-07T10:35:52+00:00,2020-02-19T10:35:52+00:00,Hospitality Inn: Boston,Hospitality Inn,Boston,premium,1,1,0,12,152.16,1825.92
orderid:559854,RY8-49Q7,orderid:559854,crmid:3102473991,2019-12-24T23:37:14.000Z,website,prd1093,1579045034,1580168234,2020-01-14T23:37:14+00:00,2020-01-27T23:37:14+00:00,Admiralty Plaza: Yokohama,Admiralty Plaza,Yokohama,premium,1,1,0,13,123.42,1604.46
orderid:439207,IUW-FFD3,orderid:439207,crmid:5212648816,2020-01-23T04:02:21.000Z,mobile,prd1155,1579838541,1580270541,2020-01-24T04:02:21+00:00,2020-01-29T04:02:21+00:00,Hospitality Inn: Denver,Hospitality Inn,Denver,premium,1,1,0,5,157.33,786.65
orderid:314345,UMF-7KDC,orderid:314345,crmid:3802925056,2019-12-07T04:06:41.000Z,kiosk,prd1035,1577592401,1578110801,2019-12-29T04:06:41+00:00,2020-01-04T04:06:41+00:00,Hospitality Inn: Tucson,Hospitality Inn,Tucson,standard,1,1,0,6,144.39,866.34
orderid:944058,1W1-AAKK,orderid:944058,crmid:6927165961,2020-01-01T02:46:17.000Z,website,prd1153,1577933177,1578192377,2020-01-02T02:46:17+00:00,2020-01-05T02:46:17+00:00,Admiralty Plaza: Charlotte,Admiralty Plaza,Charlotte,standard,1,1,0,3,159.13,477.39
orderid:929971,JIY-J15B,orderid:929971,crmid:7700626774,2019-12-09T13:34:34.000Z,kiosk,prd1033,1577799274,1578404074,2019-12-31T13:34:34+00:00,2020-01-07T13:34:34+00:00,Admiralty Plaza: Milwaukee,Admiralty Plaza,Milwaukee,standard,1,1,0,7,154.86,1084.02
orderid:319810,NWK-VUX5,orderid:319810,crmid:5910120409,2019-12-24T20:42:24.000Z,mobile,prd1041,1577911344,1578516144,2020-01-01T20:42:24+00:00,2020-01-08T20:42:24+00:00,Sapphire Suites: Long Beach,Sapphire Suites,Long Beach,standard,1,1,0,7,142.81,999.67
orderid:164741,J7P-ZHIM,orderid:164741,crmid:4429592110,2020-01-24T12:38:44.000Z,kiosk,prd1167,1580387924,1580474324,2020-01-30T12:38:44+00:00,2020-01-31T12:38:44+00:00,Hospitality Inn: Milwaukee,Hospitality Inn,Milwaukee,premium,1,1,0,1,127.12,127.12
orderid:931740,MM8-IKUV,orderid:931740,crmid:9904430574,2020-02-10T05:12:37.000Z,website,prd1089,1583471557,1584940357,2020-03-06T05:12:37+00:00,2020-03-23T05:12:37+00:00,Sapphire Suites: Rome,Sapphire Suites,Rome,standard,1,1,0,17,95.1,1616.7
orderid:212471,BKS-ZHCG,orderid:212471,crmid:2992249082,2020-01-10T13:40:45.000Z,call center,prd1034,1580650845,1581946845,2020-02-02T13:40:45+00:00,2020-02-17T13:40:45+00:00,Blue Reef Resort: Albuquerque,Blue Reef Resort,Albuquerque,luxury,1,1,2,15,357.42,5361.3
orderid:296768,WTU-GUP5,orderid:296768,crmid:3563390180,2020-01-05T09:06:25.000Z,mobile,prd1163,1579856785,1580893585,2020-01-24T09:06:25+00:00,2020-02-05T09:06:25+00:00,Nesting Box Inn: Oklahoma City,Nesting Box Inn,Oklahoma City,premium,1,1,4,12,168.09,2017.08
orderid:756320,JTS-KS4O,orderid:756320,crmid:9811527706,2019-12-27T22:12:44.000Z,website,prd1129,1579385564,1579903964,2020-01-18T22:12:44+00:00,2020-01-24T22:12:44+00:00,Admiralty Plaza: Helsinki,Admiralty Plaza,Helsinki,standard,1,1,0,6,127.52,765.12
orderid:844116,IGJ-AMJ2,orderid:844116,crmid:7822670666,2020-01-07T00:38:35.000Z,kiosk,prd1010,1578443915,1578962315,2020-01-08T00:38:35+00:00,2020-01-14T00:38:35+00:00,Blue Reef Resort: San Diego,Blue Reef Resort,San Diego,standard,1,1,0,6,178.23,1069.38
orderid:403964,RUA-EKGJ,orderid:403964,crmid:2564269274,2020-02-12T15:27:18.000Z,call center,prd1166,1582212438,1582385238,2020-02-20T15:27:18+00:00,2020-02-22T15:27:18+00:00,Blue Reef Resort: Baltimore,Blue Reef Resort,Baltimore,standard,1,1,3,2,134.09,268.18
orderid:289046,PDK-U0TQ,orderid:289046,crmid:1057308542,2020-02-02T06:36:38.000Z,website,prd1086,1580711798,1581057398,2020-02-03T06:36:38+00:00,2020-02-07T06:36:38+00:00,Restful Nights: Johannesburg,Restful Nights,Johannesburg,standard,1,1,0,4,103.01,412.04
orderid:255506,G7F-V0AK,orderid:255506,crmid:9469561963,2020-01-23T01:46:52.000Z,call center,prd1110,1581904012,1582422412,2020-02-17T01:46:52+00:00,2020-02-23T01:46:52+00:00,Restful Nights: Sofia,Restful Nights,Sofia,premium,1,1,0,6,139.62,837.72
orderid:759191,SGE-FCOQ,orderid:759191,crmid:4690097569,2020-01-06T18:42:58.000Z,kiosk,prd1167,1580668978,1582224178,2020-02-02T18:42:58+00:00,2020-02-20T18:42:58+00:00,Hospitality Inn: Milwaukee,Hospitality Inn,Milwaukee,standard,1,1,0,18,161.59,2908.62
orderid:122479,ZOO-L7HK,orderid:122479,crmid:6806357118,2020-01-05T07:19:51.000Z,service desk,prd1139,1578986391,1579677591,2020-01-14T07:19:51+00:00,2020-01-22T07:19:51+00:00,Nesting Box Inn: Nairobi,Nesting Box Inn,Nairobi,standard,1,1,0,8,134.77,1078.16
orderid:444480,4VL-EJ09,orderid:444480,crmid:7579379302,2019-12-12T03:07:18.000Z,kiosk,prd1119,1578193638,1578539238,2020-01-05T03:07:18+00:00,2020-01-09T03:07:18+00:00,Hospitality Inn: Turin,Hospitality Inn,Turin,standard,1,1,1,4,164.65,658.6
orderid:973112,MHP-OUY1,orderid:973112,crmid:3589405240,2020-01-28T01:57:30.000Z,kiosk,prd1168,1582595850,1583719050,2020-02-25T01:57:30+00:00,2020-03-09T01:57:30+00:00,Sandhill: Albuquerque,Sandhill,Albuquerque,standard,1,1,0,13,154.09,2003.17
orderid:474563,KCB-A6JM,orderid:474563,crmid:6491981380,2019-12-21T11:10:36.000Z,service desk,prd1040,1577185836,1577358636,2019-12-24T11:10:36+00:00,2019-12-26T11:10:36+00:00,Aspen Heights: Atlanta,Aspen Heights,Atlanta,standard,1,1,0,2,142.43,284.86
orderid:269266,LZB-HBLV,orderid:269266,crmid:2910579495,2020-01-19T14:10:42.000Z,website,prd1184,1579702242,1579788642,2020-01-22T14:10:42+00:00,2020-01-23T14:10:42+00:00,Aspen Heights: Arlington,Aspen Heights,Arlington,standard,1,1,0,1,151.32,151.32
orderid:488759,JOO-AXAW,orderid:488759,crmid:3401999512,2020-02-08T21:53:15.000Z,kiosk,prd1190,1583272395,1583963595,2020-03-03T21:53:15+00:00,2020-03-11T21:53:15+00:00,Blue Reef Resort: Aurora,Blue Reef Resort,Aurora,standard,1,1,0,8,167.61,1340.88
orderid:335733,EBV-RSF8,orderid:335733,crmid:2584636746,2020-01-03T21:09:56.000Z,mobile,prd1112,1578172196,1578258596,2020-01-04T21:09:56+00:00,2020-01-05T21:09:56+00:00,Aspen Heights: Birmingham,Aspen Heights,Birmingham,standard,1,1,0,1,166.3,166.3
orderid:858079,AMB-JYUB,orderid:858079,crmid:2917890323,2020-02-05T15:08:32.000Z,website,prd1004,1581347312,1581433712,2020-02-10T15:08:32+00:00,2020-02-11T15:08:32+00:00,Aspen Heights: Boulder,Aspen Heights,Boulder,standard,1,1,0,1,200.79,200.79
orderid:509704,EU4-HVIS,orderid:509704,crmid:8271416722,2019-12-10T08:59:08.000Z,website,prd1095,1576486748,1576745948,2019-12-16T08:59:08+00:00,2019-12-19T08:59:08+00:00,Hospitality Inn: Casablanca,Hospitality Inn,Casablanca,premium,1,1,0,3,107.35,322.05
orderid:985937,NHN-3FF1,orderid:985937,crmid:2905547037,2020-01-21T13:34:04.000Z,kiosk,prd1094,1582119244,1582464844,2020-02-19T13:34:04+00:00,2020-02-23T13:34:04+00:00,Blue Reef Resort: Berlin,Blue Reef Resort,Berlin,standard,1,1,0,4,166.47,665.88
orderid:251672,810-ASJO,orderid:251672,crmid:1500891335,2020-01-22T02:45:33.000Z,mobile,prd1131,1581216333,1581907533,2020-02-09T02:45:33+00:00,2020-02-17T02:45:33+00:00,Hospitality Inn: Sheffield,Hospitality Inn,Sheffield,premium,1,1,0,8,115.6,924.8
orderid:155664,8JZ-JHL1,orderid:155664,crmid:2575597572,2020-01-21T04:56:45.000Z,website,prd1193,1581310605,1581656205,2020-02-10T04:56:45+00:00,2020-02-14T04:56:45+00:00,Grandeur Hotels: Kinshasa,Grandeur Hotels,Kinshasa,premium,1,1,0,4,166.2,664.8
orderid:737689,TAO-QLBA,orderid:737689,crmid:6262037610,2019-12-16T20:15:35.000Z,kiosk,prd1088,1578860135,1579378535,2020-01-12T20:15:35+00:00,2020-01-18T20:15:35+00:00,Aspen Heights: Ankara,Aspen Heights,Ankara,standard,1,1,0,6,147.75,886.5
orderid:537476,J9M-DEOI,orderid:537476,crmid:6668831549,2019-12-13T12:09:44.000Z,website,prd1040,1576498184,1576584584,2019-12-16T12:09:44+00:00,2019-12-17T12:09:44+00:00,Aspen Heights: Atlanta,Aspen Heights,Atlanta,standard,1,1,0,1,162.16,162.16
orderid:511637,QFZ-ZIJU,orderid:511637,crmid:1682955974,2019-12-24T00:18:25.000Z,website,prd1160,1577665105,1577837905,2019-12-30T00:18:25+00:00,2020-01-01T00:18:25+00:00,Aspen Heights: Nashville,Aspen Heights,Nashville,standard,1,1,0,2,117.81,235.62
orderid:484858,ON0-3QON,orderid:484858,crmid:1000019922,2020-01-31T14:39:27.000Z,website,prd1050,1580740767,1581863967,2020-02-03T14:39:27+00:00,2020-02-16T14:39:27+00:00,Restful Nights: Arlington,Restful Nights,Arlington,premium,1,1,3,13,137.72,1790.36
orderid:189360,0DV-DGSZ,orderid:189360,crmid:1527872429,2020-01-22T05:39:12.000Z,website,prd1173,1579930752,1580189952,2020-01-25T05:39:12+00:00,2020-01-28T05:39:12+00:00,Sapphire Suites: Kansas City,Sapphire Suites,Kansas City,standard,1,1,0,3,150.16,450.48
orderid:856463,NTX-UX1T,orderid:856463,crmid:1527872429,2020-01-29T00:00:00.000Z,website,prd1197,1580342400,1580515200,2020-01-30T00:00:00+00:00,2020-02-01T00:00:00+00:00,Sapphire Suites: London,Sapphire Suites,London,standard,1,1,0,2,117.37,234.74
orderid:371630,3HF-DWVC,orderid:371630,crmid:4769741341,2020-01-12T00:15:36.000Z,call center,prd1055,1578960936,1579133736,2020-01-14T00:15:36+00:00,2020-01-16T00:15:36+00:00,Nesting Box Inn: Bakersfield,Nesting Box Inn,Bakersfield,standard,1,1,0,2,104.39,208.78
orderid:794929,TI2-O9LI,orderid:794929,crmid:9225481072,2019-12-26T18:44:28.000Z,service desk,prd1118,1577472268,1577558668,2019-12-27T18:44:28+00:00,2019-12-28T18:44:28+00:00,Blue Reef Resort: Cologne,Blue Reef Resort,Cologne,standard,1,1,0,1,123.79,123.79
orderid:798509,XQJ-CGFC,orderid:798509,crmid:4220809071,2020-01-04T15:35:30.000Z,kiosk,prd1045,1580398530,1581089730,2020-01-30T15:35:30+00:00,2020-02-07T15:35:30+00:00,Admiralty Plaza: Miami,Admiralty Plaza,Miami,standard,1,1,0,8,122.14,977.12
orderid:948286,5OB-BQFI,orderid:948286,crmid:9529405853,2020-01-07T14:42:23.000Z,website,prd1145,1579876943,1580568143,2020-01-24T14:42:23+00:00,2020-02-01T14:42:23+00:00,Grandeur Hotels: Dallas,Grandeur Hotels,Dallas,premium,1,1,0,8,130.72,1045.76
orderid:915914,BTO-PEIX,orderid:915914,crmid:5686979636,2019-12-09T07:07:49.000Z,website,prd1037,1577862469,1579331269,2020-01-01T07:07:49+00:00,2020-01-18T07:07:49+00:00,Grandeur Hotels: Sacramento,Grandeur Hotels,Sacramento,standard,1,1,4,17,136.69,2323.73
orderid:211234,QLP-ESUZ,orderid:211234,crmid:5742054298,2020-02-12T09:02:33.000Z,website,prd1011,1583571753,1583917353,2020-03-07T09:02:33+00:00,2020-03-11T09:02:33+00:00,Hospitality Inn: Dallas,Hospitality Inn,Dallas,standard,1,1,0,4,94.16,376.64
orderid:721449,I58-DGUA,orderid:721449,crmid:4199583960,2019-12-07T08:07:56.000Z,website,prd1198,1575878876,1575965276,2019-12-09T08:07:56+00:00,2019-12-10T08:07:56+00:00,Sego Lily Suites: Paris,Sego Lily Suites,Paris,standard,1,1,0,1,134.19,134.19
orderid:413662,WXL-NDYL,orderid:413662,crmid:9567782215,2019-12-14T15:30:06.000Z,mobile,prd1081,1576510206,1577115006,2019-12-16T15:30:06+00:00,2019-12-23T15:30:06+00:00,Admiralty Plaza: Rod de Janeiro,Admiralty Plaza,Rod de Janeiro,premium,1,1,1,7,127.58,893.06
orderid:248675,MGH-7XPJ,orderid:248675,crmid:6998719082,2020-01-31T18:53:55.000Z,service desk,prd1193,1582916035,1583434435,2020-02-28T18:53:55+00:00,2020-03-05T18:53:55+00:00,Grandeur Hotels: Kinshasa,Grandeur Hotels,Kinshasa,premium,1,1,0,6,164.06,984.36
orderid:760270,LC8-WFGV,orderid:760270,crmid:2152475195,2019-12-28T12:58:02.000Z,website,prd1154,1579525082,1580561882,2020-01-20T12:58:02+00:00,2020-02-01T12:58:02+00:00,Blue Reef Resort: Seattle,Blue Reef Resort,Seattle,luxury,1,1,0,12,357.72,4292.64
orderid:688425,CI4-7O86,orderid:688425,crmid:1102590057,2019-12-22T08:46:37.000Z,service desk,prd1064,1579596397,1579855597,2020-01-21T08:46:37+00:00,2020-01-24T08:46:37+00:00,Aspen Heights: Paris,Aspen Heights,Paris,standard,1,1,1,3,118.01,354.03
orderid:334202,LR9-NPUT,orderid:334202,crmid:3711307088,2020-02-04T23:59:48.000Z,call center,prd1077,1582243188,1582415988,2020-02-20T23:59:48+00:00,2020-02-22T23:59:48+00:00,Sapphire Suites: Cairo,Sapphire Suites,Cairo,standard,1,1,0,2,159.51,319.02
orderid:426075,VMG-HRQ1,orderid:426075,crmid:3207611022,2019-12-15T09:35:12.000Z,mobile,prd1129,1578476112,1580031312,2020-01-08T09:35:12+00:00,2020-01-26T09:35:12+00:00,Admiralty Plaza: Helsinki,Admiralty Plaza,Helsinki,standard,1,1,0,18,104.86,1887.48
orderid:414321,PB9-71SX,orderid:414321,crmid:7559332255,2020-02-06T13:43:42.000Z,call center,prd1086,1581083022,1581255822,2020-02-07T13:43:42+00:00,2020-02-09T13:43:42+00:00,Restful Nights: Johannesburg,Restful Nights,Johannesburg,standard,1,1,0,2,167.76,335.52
orderid:558461,JFY-QBRE,orderid:558461,crmid:7862678041,2019-12-16T00:29:08.000Z,website,prd1189,1578529748,1579134548,2020-01-09T00:29:08+00:00,2020-01-16T00:29:08+00:00,Admiralty Plaza: Bakersfield,Admiralty Plaza,Bakersfield,premium,1,1,2,7,90.4,632.8
orderid:416338,VJS-GRQT,orderid:416338,crmid:6717520680,2020-01-11T09:11:05.000Z,kiosk,prd1092,1580375465,1580980265,2020-01-30T09:11:05+00:00,2020-02-06T09:11:05+00:00,Repose Resort: Cape Town,Repose Resort,Cape Town,premium,1,1,0,7,158.43,1109.01
orderid:138765,LZP-S33G,orderid:138765,crmid:3344457990,2020-02-11T13:32:59.000Z,call center,prd1095,1583415179,1583587979,2020-03-05T13:32:59+00:00,2020-03-07T13:32:59+00:00,Hospitality Inn: Casablanca,Hospitality Inn,Casablanca,standard,1,1,0,2,128.07,256.14
orderid:256011,Y5O-ZB9N,orderid:256011,crmid:4498930322,2019-12-21T01:40:20.000Z,website,prd1033,1577497220,1578102020,2019-12-28T01:40:20+00:00,2020-01-04T01:40:20+00:00,Admiralty Plaza: Milwaukee,Admiralty Plaza,Milwaukee,ultra-luxury,1,1,1,7,334.42,2340.94
orderid:459273,CDJ-SHUN,orderid:459273,crmid:5374073355,2020-02-02T18:25:11.000Z,kiosk,prd1153,1581013511,1581186311,2020-02-06T18:25:11+00:00,2020-02-08T18:25:11+00:00,Admiralty Plaza: Charlotte,Admiralty Plaza,Charlotte,standard,1,1,0,2,156.98,313.96
