{"_id": "03173970-53c9-11ea-be1d-b88a60e194fb", "timestamp": "2020-01-15T05:13:24.000Z", "eventType": "transaction", "_adobeamericaspot3": {"CRMID": "crmid:4652751741", "orderDetails": {"orderID": "orderid:341838", "reservationid": "BBT-UGDN", "orderType": "call center"}}}
{"_id": "0318722c-53c9-11ea-bfbf-b88a60e194fb", "timestamp": "2020-01-11T08:21:23.000Z", "eventType": "transaction", "_adobeamericaspot3": {"CRMID": "crmid:1757191071", "orderDetails": {"orderID": "orderid:235761", "reservationid": "ZK6-WN1C", "orderType": "kiosk"}}}
{"_id": "0319aa78-53c9-11ea-a596-b88a60e194fb", "timestamp": "2020-02-13T12:17:30.000Z", "eventType": "transaction", "_adobeamericaspot3": {"CRMID": "crmid:5514181097", "orderDetails": {"orderID": "orderid:673201", "reservationid": "P8L-S54Y", "orderType": "website"}}}
{"_id": "031a94dc-53c9-11ea-97b4-b88a60e194fb", "timestamp": "2020-02-09T20:40:29.000Z", "eventType": "transaction", "_adobeamericaspot3": {"CRMID": "crmid:8425351345", "orderDetails": {"orderID": "orderid:992463", "reservationid": "B8S-SUAO", "orderType": "website"}}}
{"_id": "031bcd50-53c9-11ea-8a02-b88a60e194fb", "timestamp": "2019-12-17T13:36:35.000Z", "eventType": "transaction", "_adobeamericaspot3": {"CRMID": "crmid:3992227076", "orderDetails": {"orderID": "orderid:630048", "reservationid": "QFU-TKVV", "orderType": "mobile"}}}
{"_id": "031cb7b8-53c9-11ea-a740-b88a60e194fb", "timestamp": "2020-01-20T00:52:03.000Z", "eventType": "transaction", "_adobeamericaspot3": {"CRMID": "crmid:4135815498", "orderDetails": {"orderID": "orderid:564622", "reservationid": "UFX-ZKWH", "orderType": "service desk"}}}
{"_id": "031dc924-53c9-11ea-854c-b88a60e194fb", "timestamp": "2020-01-01T07:18:57.000Z", "eventType": "transaction", "_adobeamericaspot3": {"CRMID": "crmid:7122682699", "orderDetails": {"orderID": "orderid:120904", "reservationid": "URU-1HBO", "orderType": "call center"}}}
{"_id": "031df036-53c9-11ea-8cb3-b88a60e194fb", "timestamp": "2020-01-08T00:00:00.000Z", "eventType": "transaction", "_adobeamericaspot3": {"CRMID": "crmid:7122682699", "orderDetails": {"orderID": "orderid:396622", "reservationid": "FOH-FURJ", "orderType": "kiosk"}}}
{"_id": "031eda92-53c9-11ea-aad8-b88a60e194fb", "timestamp": "2020-01-19T02:39:27.000Z", "eventType": "transaction", "_adobeamericaspot3": {"CRMID": "crmid:2490038335", "orderDetails": {"orderID": "orderid:576487", "reservationid": "F3H-4MGA", "orderType": "kiosk"}}}
{"_id": "031fec02-53c9-11ea-b1e3-b88a60e194fb", "timestamp": "2020-02-05T14:37:31.000Z", "eventType": "transaction", "_adobeamericaspot3": {"CRMID": "crmid:7685244505", "orderDetails": {"orderID": "orderid:331171", "reservationid": "2QD-EHPT", "orderType": "website"}}}
{"_id": "0320fd78-53c9-11ea-9c42-b88a60e194fb", "timestamp": "2019-12-10T18:11:04.000Z", "eventType": "transaction", "_adobeamericaspot3": {"CRMID": "crmid:5423083341", "orderDetails": {"orderID": "orderid:888240", "reservationid": "QWV-QJRJ", "orderType": "kiosk"}}}
{"_id": "03220ef6-53c9-11ea-8f9f-b88a60e194fb", "timestamp": "2020-01-07T20:34:34.000Z", "eventType": "transaction", "_adobeamericaspot3": {"CRMID": "crmid:4077106162", "orderDetails": {"orderID": "orderid:633390", "reservationid": "ADI-NBQT", "orderType": "kiosk"}}}
{"_id": "0322f958-53c9-11ea-ae77-b88a60e194fb", "timestamp": "2019-12-04T22:19:29.000Z", "eventType": "transaction", "_adobeamericaspot3": {"CRMID": "crmid:2575409253", "orderDetails": {"orderID": "orderid:340938", "reservationid": "0KZ-94RQ", "orderType": "service desk"}}}
{"_id": "032458e2-53c9-11ea-82db-b88a60e194fb", "timestamp": "2020-01-09T01:03:09.000Z", "eventType": "transaction", "_adobeamericaspot3": {"CRMID": "crmid:6913990135", "orderDetails": {"orderID": "orderid:625997", "reservationid": "824-L0FF", "orderType": "call center"}}}
{"_id": "03256a48-53c9-11ea-bbd9-b88a60e194fb", "timestamp": "2020-02-05T14:50:20.000Z", "eventType": "transaction", "_adobeamericaspot3": {"CRMID": "crmid:2590245895", "orderDetails": {"orderID": "orderid:905611", "reservationid": "7MW-955T", "orderType": "website"}}}
{"_id": "0326a2d0-53c9-11ea-9ac3-b88a60e194fb", "timestamp": "2019-12-30T05:54:08.000Z", "eventType": "transaction", "_adobeamericaspot3": {"CRMID": "crmid:7295220509", "orderDetails": {"orderID": "orderid:837675", "reservationid": "S64-WSCC", "orderType": "mobile"}}}
{"_id": "03278d3a-53c9-11ea-a824-b88a60e194fb", "timestamp": "2019-12-22T01:16:52.000Z", "eventType": "transaction", "_adobeamericaspot3": {"CRMID": "crmid:4742528668", "orderDetails": {"orderID": "orderid:682559", "reservationid": "XET-3D6B", "orderType": "kiosk"}}}
{"_id": "03287798-53c9-11ea-bd3b-b88a60e194fb", "timestamp": "2020-02-06T17:15:31.000Z", "eventType": "transaction", "_adobeamericaspot3": {"CRMID": "crmid:1873160062", "orderDetails": {"orderID": "orderid:547314", "reservationid": "2GC-TKS7", "orderType": "website"}}}
{"_id": "03289ea4-53c9-11ea-aeb1-b88a60e194fb", "timestamp": "2020-02-12T00:00:00.000Z", "eventType": "transaction", "_adobeamericaspot3": {"CRMID": "crmid:1873160062", "orderDetails": {"orderID": "orderid:335656", "reservationid": "YTB-AXRH", "orderType": "kiosk"}}}
{"_id": "032988fa-53c9-11ea-91d7-b88a60e194fb", "timestamp": "2019-12-06T03:29:59.000Z", "eventType": "transaction", "_adobeamericaspot3": {"CRMID": "crmid:8396132106", "orderDetails": {"orderID": "orderid:428864", "reservationid": "O8E-TRF5", "orderType": "website"}}}
{"_id": "032a9a8c-53c9-11ea-927f-b88a60e194fb", "timestamp": "2020-02-14T14:52:34.000Z", "eventType": "transaction", "_adobeamericaspot3": {"CRMID": "crmid:6475930415", "orderDetails": {"orderID": "orderid:686683", "reservationid": "06B-C9ZH", "orderType": "mobile"}}}
{"_id": "032bac00-53c9-11ea-9a3b-b88a60e194fb", "timestamp": "2019-12-01T17:54:42.000Z", "eventType": "transaction", "_adobeamericaspot3": {"CRMID": "crmid:2543745481", "orderDetails": {"orderID": "orderid:231230", "reservationid": "MTO-NHNL", "orderType": "mobile"}}}
{"_id": "032c9664-53c9-11ea-bf98-b88a60e194fb", "timestamp": "2020-01-01T18:51:22.000Z", "eventType": "transaction", "_adobeamericaspot3": {"CRMID": "crmid:1787518278", "orderDetails": {"orderID": "orderid:674766", "reservationid": "VTJ-VXGK", "orderType": "kiosk"}}}
{"_id": "032cbd6e-53c9-11ea-a2ed-b88a60e194fb", "timestamp": "2020-01-08T00:00:00.000Z", "eventType": "transaction", "_adobeamericaspot3": {"CRMID": "crmid:1787518278", "orderDetails": {"orderID": "orderid:754750", "reservationid": "JPJ-AR6K", "orderType": "mobile"}}}
{"_id": "032da7fa-53c9-11ea-9aa0-b88a60e194fb", "timestamp": "2020-01-20T07:02:58.000Z", "eventType": "transaction", "_adobeamericaspot3": {"CRMID": "crmid:2361609460", "orderDetails": {"orderID": "orderid:152107", "reservationid": "MTL-STDZ", "orderType": "kiosk"}}}
{"_id": "032e9236-53c9-11ea-8e2f-b88a60e194fb", "timestamp": "2019-12-19T12:08:18.000Z", "eventType": "transaction", "_adobeamericaspot3": {"CRMID": "crmid:3472830290", "orderDetails": {"orderID": "orderid:742091", "reservationid": "SXZ-9UP3", "orderType": "kiosk"}}}
{"_id": "032ff1ae-53c9-11ea-83ad-b88a60e194fb", "timestamp": "2020-02-10T19:23:11.000Z", "eventType": "transaction", "_adobeamericaspot3": {"CRMID": "crmid:1438106570", "orderDetails": {"orderID": "orderid:234605", "reservationid": "2N9-GG19", "orderType": "kiosk"}}}
{"_id": "0331031e-53c9-11ea-b7fa-b88a60e194fb", "timestamp": "2020-02-02T21:03:52.000Z", "eventType": "transaction", "_adobeamericaspot3": {"CRMID": "crmid:9997640463", "orderDetails": {"orderID": "orderid:746052", "reservationid": "5T5-R3VI", "orderType": "website"}}}
{"_id": "0332149c-53c9-11ea-b6f5-b88a60e194fb", "timestamp": "2020-01-10T17:25:32.000Z", "eventType": "transaction", "_adobeamericaspot3": {"CRMID": "crmid:2982561126", "orderDetails": {"orderID": "orderid:934630", "reservationid": "GWB-0FHL", "orderType": "website"}}}
{"_id": "0333004c-53c9-11ea-a6cc-b88a60e194fb", "timestamp": "2020-02-16T03:38:54.000Z", "eventType": "transaction", "_adobeamericaspot3": {"CRMID": "crmid:3966907890", "orderDetails": {"orderID": "orderid:361712", "reservationid": "195-YBEQ", "orderType": "kiosk"}}}
{"_id": "033410de-53c9-11ea-ac5f-b88a60e194fb", "timestamp": "2020-02-12T01:36:19.000Z", "eventType": "transaction", "_adobeamericaspot3": {"CRMID": "crmid:8309110106", "orderDetails": {"orderID": "orderid:500729", "reservationid": "ZBV-1W11", "orderType": "website"}}}
{"_id": "0335231e-53c9-11ea-9b9c-b88a60e194fb", "timestamp": "2019-12-28T23:06:44.000Z", "eventType": "transaction", "_adobeamericaspot3": {"CRMID": "crmid:9788025475", "orderDetails": {"orderID": "orderid:855322", "reservationid": "6XV-C0XN", "orderType": "call center"}}}
{"_id": "0335e674-53c9-11ea-91e1-b88a60e194fb", "timestamp": "2019-12-23T00:16:32.000Z", "eventType": "transaction", "_adobeamericaspot3": {"CRMID": "crmid:6391610515", "orderDetails": {"orderID": "orderid:290045", "reservationid": "GTC-KIS0", "orderType": "website"}}}
{"_id": "0336f7f4-53c9-11ea-9067-b88a60e194fb", "timestamp": "2019-12-22T16:51:22.000Z", "eventType": "transaction", "_adobeamericaspot3": {"CRMID": "crmid:1629641984", "orderDetails": {"orderID": "orderid:814725", "reservationid": "UUV-IAGI", "orderType": "kiosk"}}}
{"_id": "0337e100-53c9-11ea-9ca8-b88a60e194fb", "timestamp": "2020-01-08T20:50:52.000Z", "eventType": "transaction", "_adobeamericaspot3": {"CRMID": "crmid:1558786053", "orderDetails": {"orderID": "orderid:101179", "reservationid": "ALP-LGCQ", "orderType": "website"}}}
{"_id": "0338f27e-53c9-11ea-a708-b88a60e194fb", "timestamp": "2019-12-12T05:55:49.000Z", "eventType": "transaction", "_adobeamericaspot3": {"CRMID": "crmid:8414923020", "orderDetails": {"orderID": "orderid:376499", "reservationid": "PJN-BGSV", "orderType": "website"}}}
{"_id": "033a51fa-53c9-11ea-82e6-b88a60e194fb", "timestamp": "2020-01-11T09:09:20.000Z", "eventType": "transaction", "_adobeamericaspot3": {"CRMID": "crmid:2362025749", "orderDetails": {"orderID": "orderid:618251", "reservationid": "MKH-TLYK", "orderType": "call center"}}}
{"_id": "033b636c-53c9-11ea-94aa-b88a60e194fb", "timestamp": "2020-01-01T04:25:02.000Z", "eventType": "transaction", "_adobeamericaspot3": {"CRMID": "crmid:6585929864", "orderDetails": {"orderID": "orderid:695864", "reservationid": "5CB-HERF", "orderType": "kiosk"}}}
{"_id": "033c4dd0-53c9-11ea-854b-b88a60e194fb", "timestamp": "2020-01-06T14:07:57.000Z", "eventType": "transaction", "_adobeamericaspot3": {"CRMID": "crmid:1021581889", "orderDetails": {"orderID": "orderid:442746", "reservationid": "X8T-AHCD", "orderType": "call center"}}}
{"_id": "033d8658-53c9-11ea-b554-b88a60e194fb", "timestamp": "2019-12-28T16:06:00.000Z", "eventType": "transaction", "_adobeamericaspot3": {"CRMID": "crmid:1163830249", "orderDetails": {"orderID": "orderid:844574", "reservationid": "79X-QUDZ", "orderType": "kiosk"}}}
{"_id": "033e70a2-53c9-11ea-908d-b88a60e194fb", "timestamp": "2020-01-05T00:07:01.000Z", "eventType": "transaction", "_adobeamericaspot3": {"CRMID": "crmid:5819372105", "orderDetails": {"orderID": "orderid:812049", "reservationid": "EDZ-C2VX", "orderType": "kiosk"}}}
{"_id": "033fd024-53c9-11ea-a639-b88a60e194fb", "timestamp": "2020-01-31T01:45:17.000Z", "eventType": "transaction", "_adobeamericaspot3": {"CRMID": "crmid:2775516517", "orderDetails": {"orderID": "orderid:802633", "reservationid": "RUU-WCGV", "orderType": "website"}}}
{"_id": "03412fb0-53c9-11ea-96fb-b88a60e194fb", "timestamp": "2020-01-17T04:56:40.000Z", "eventType": "transaction", "_adobeamericaspot3": {"CRMID": "crmid:6044825214", "orderDetails": {"orderID": "orderid:123348", "reservationid": "6GW-425I", "orderType": "website"}}}
{"_id": "03428f46-53c9-11ea-8650-b88a60e194fb", "timestamp": "2020-01-05T21:03:52.000Z", "eventType": "transaction", "_adobeamericaspot3": {"CRMID": "crmid:9836787832", "orderDetails": {"orderID": "orderid:448577", "reservationid": "AHG-G70D", "orderType": "call center"}}}
{"_id": "0343eed2-53c9-11ea-8571-b88a60e194fb", "timestamp": "2020-01-06T04:29:23.000Z", "eventType": "transaction", "_adobeamericaspot3": {"CRMID": "crmid:5696776695", "orderDetails": {"orderID": "orderid:906609", "reservationid": "MCF-BQCQ", "orderType": "website"}}}
{"_id": "034415e4-53c9-11ea-9020-b88a60e194fb", "timestamp": "2020-01-09T00:00:00.000Z", "eventType": "transaction", "_adobeamericaspot3": {"CRMID": "crmid:5696776695", "orderDetails": {"orderID": "orderid:304432", "reservationid": "EIY-D25A", "orderType": "website"}}}
{"_id": "03457574-53c9-11ea-a85c-b88a60e194fb", "timestamp": "2020-01-13T06:16:58.000Z", "eventType": "transaction", "_adobeamericaspot3": {"CRMID": "crmid:4014803316", "orderDetails": {"orderID": "orderid:354211", "reservationid": "Z0Q-MNNS", "orderType": "website"}}}
{"_id": "03465fac-53c9-11ea-b4c7-b88a60e194fb", "timestamp": "2020-02-04T02:12:55.000Z", "eventType": "transaction", "_adobeamericaspot3": {"CRMID": "crmid:2136782275", "orderDetails": {"orderID": "orderid:110959", "reservationid": "BR5-CJRS", "orderType": "kiosk"}}}
{"_id": "0347e64a-53c9-11ea-9957-b88a60e194fb", "timestamp": "2019-12-23T13:03:39.000Z", "eventType": "transaction", "_adobeamericaspot3": {"CRMID": "crmid:2193042717", "orderDetails": {"orderID": "orderid:730235", "reservationid": "QOG-X3HN", "orderType": "call center"}}}
{"_id": "0348f7c8-53c9-11ea-9eef-b88a60e194fb", "timestamp": "2020-01-06T00:01:54.000Z", "eventType": "transaction", "_adobeamericaspot3": {"CRMID": "crmid:8512270532", "orderDetails": {"orderID": "orderid:530289", "reservationid": "4NQ-8BKR", "orderType": "website"}}}
{"_id": "034a0938-53c9-11ea-8a3d-b88a60e194fb", "timestamp": "2020-01-24T05:03:47.000Z", "eventType": "transaction", "_adobeamericaspot3": {"CRMID": "crmid:6645840883", "orderDetails": {"orderID": "orderid:503802", "reservationid": "EWM-9H4B", "orderType": "kiosk"}}}
{"_id": "034b1aa6-53c9-11ea-9cd4-b88a60e194fb", "timestamp": "2020-02-03T15:29:34.000Z", "eventType": "transaction", "_adobeamericaspot3": {"CRMID": "crmid:1227624187", "orderDetails": {"orderID": "orderid:428795", "reservationid": "R8X-OCHH", "orderType": "call center"}}}
{"_id": "034c04fe-53c9-11ea-88a6-b88a60e194fb", "timestamp": "2020-01-08T10:52:46.000Z", "eventType": "transaction", "_adobeamericaspot3": {"CRMID": "crmid:6802973006", "orderDetails": {"orderID": "orderid:933841", "reservationid": "AX2-JXXU", "orderType": "kiosk"}}}
{"_id": "034d3d8c-53c9-11ea-a0d0-b88a60e194fb", "timestamp": "2020-02-01T19:11:42.000Z", "eventType": "transaction", "_adobeamericaspot3": {"CRMID": "crmid:9553637018", "orderDetails": {"orderID": "orderid:377815", "reservationid": "NWK-9DRD", "orderType": "website"}}}
{"_id": "034ec428-53c9-11ea-86e5-b88a60e194fb", "timestamp": "2020-01-12T16:07:47.000Z", "eventType": "transaction", "_adobeamericaspot3": {"CRMID": "crmid:5082748608", "orderDetails": {"orderID": "orderid:700566", "reservationid": "MEU-XHVN", "orderType": "kiosk"}}}
{"_id": "03504ac6-53c9-11ea-91b0-b88a60e194fb", "timestamp": "2019-12-16T03:11:38.000Z", "eventType": "transaction", "_adobeamericaspot3": {"CRMID": "crmid:6604793364", "orderDetails": {"orderID": "orderid:852728", "reservationid": "PYA-LNSU", "orderType": "call center"}}}
{"_id": "0351834a-53c9-11ea-b9c2-b88a60e194fb", "timestamp": "2019-12-21T09:59:38.000Z", "eventType": "transaction", "_adobeamericaspot3": {"CRMID": "crmid:3108523048", "orderDetails": {"orderID": "orderid:620259", "reservationid": "S09-RXA9", "orderType": "website"}}}
{"_id": "0352e39c-53c9-11ea-9f1b-b88a60e194fb", "timestamp": "2020-01-08T20:22:56.000Z", "eventType": "transaction", "_adobeamericaspot3": {"CRMID": "crmid:2914630897", "orderDetails": {"orderID": "orderid:923795", "reservationid": "HH7-SZYE", "orderType": "website"}}}
{"_id": "03541b62-53c9-11ea-8566-b88a60e194fb", "timestamp": "2020-02-04T00:33:40.000Z", "eventType": "transaction", "_adobeamericaspot3": {"CRMID": "crmid:5905479423", "orderDetails": {"orderID": "orderid:211724", "reservationid": "JOU-M3JF", "orderType": "call center"}}}
{"_id": "035553dc-53c9-11ea-a5df-b88a60e194fb", "timestamp": "2020-01-14T23:59:29.000Z", "eventType": "transaction", "_adobeamericaspot3": {"CRMID": "crmid:9278348993", "orderDetails": {"orderID": "orderid:527011", "reservationid": "X32-BG9B", "orderType": "service desk"}}}
{"_id": "03563e34-53c9-11ea-9e1b-b88a60e194fb", "timestamp": "2019-12-04T16:07:35.000Z", "eventType": "transaction", "_adobeamericaspot3": {"CRMID": "crmid:8219074393", "orderDetails": {"orderID": "orderid:527159", "reservationid": "EQB-SRRG", "orderType": "website"}}}
{"_id": "035776a8-53c9-11ea-b889-b88a60e194fb", "timestamp": "2020-01-18T15:00:07.000Z", "eventType": "transaction", "_adobeamericaspot3": {"CRMID": "crmid:2718601716", "orderDetails": {"orderID": "orderid:421250", "reservationid": "LCX-BGVU", "orderType": "website"}}}
{"_id": "0358881e-53c9-11ea-ad14-b88a60e194fb", "timestamp": "2020-01-17T18:19:03.000Z", "eventType": "transaction", "_adobeamericaspot3": {"CRMID": "crmid:5526206178", "orderDetails": {"orderID": "orderid:682416", "reservationid": "FDY-7GFN", "orderType": "website"}}}
{"_id": "03597282-53c9-11ea-9535-b88a60e194fb", "timestamp": "2019-12-16T03:31:10.000Z", "eventType": "transaction", "_adobeamericaspot3": {"CRMID": "crmid:4782233035", "orderDetails": {"orderID": "orderid:366344", "reservationid": "PPH-APKS", "orderType": "call center"}}}
{"_id": "035a83f4-53c9-11ea-8a0c-b88a60e194fb", "timestamp": "2020-01-02T19:14:43.000Z", "eventType": "transaction", "_adobeamericaspot3": {"CRMID": "crmid:2339109426", "orderDetails": {"orderID": "orderid:819172", "reservationid": "YBC-5NNX", "orderType": "mobile"}}}
{"_id": "035be38c-53c9-11ea-b0fd-b88a60e194fb", "timestamp": "2019-12-01T02:04:41.000Z", "eventType": "transaction", "_adobeamericaspot3": {"CRMID": "crmid:3745163616", "orderDetails": {"orderID": "orderid:113192", "reservationid": "0LF-TMQQ", "orderType": "website"}}}
{"_id": "035d431a-53c9-11ea-b1e8-b88a60e194fb", "timestamp": "2020-01-20T18:49:59.000Z", "eventType": "transaction", "_adobeamericaspot3": {"CRMID": "crmid:6791186099", "orderDetails": {"orderID": "orderid:111738", "reservationid": "KBS-RBFY", "orderType": "website"}}}
{"_id": "035e5488-53c9-11ea-9f1b-b88a60e194fb", "timestamp": "2020-02-06T03:34:03.000Z", "eventType": "transaction", "_adobeamericaspot3": {"CRMID": "crmid:8113425337", "orderDetails": {"orderID": "orderid:827596", "reservationid": "8VT-RL5Y", "orderType": "kiosk"}}}
{"_id": "035f8d3a-53c9-11ea-bdc5-b88a60e194fb", "timestamp": "2020-02-01T20:59:10.000Z", "eventType": "transaction", "_adobeamericaspot3": {"CRMID": "crmid:3042792699", "orderDetails": {"orderID": "orderid:410418", "reservationid": "EOZ-KDPC", "orderType": "call center"}}}
{"_id": "036447f8-53c9-11ea-a466-b88a60e194fb", "timestamp": "2020-02-09T01:06:20.000Z", "eventType": "transaction", "_adobeamericaspot3": {"CRMID": "crmid:5608823241", "orderDetails": {"orderID": "orderid:701233", "reservationid": "91W-HWGT", "orderType": "website"}}}
{"_id": "0365ce9a-53c9-11ea-b21e-b88a60e194fb", "timestamp": "2020-01-20T21:53:10.000Z", "eventType": "transaction", "_adobeamericaspot3": {"CRMID": "crmid:4142120490", "orderDetails": {"orderID": "orderid:298532", "reservationid": "YKC-ISS5", "orderType": "kiosk"}}}
{"_id": "03675548-53c9-11ea-9839-b88a60e194fb", "timestamp": "2020-01-23T09:22:36.000Z", "eventType": "transaction", "_adobeamericaspot3": {"CRMID": "crmid:7101767432", "orderDetails": {"orderID": "orderid:881061", "reservationid": "31M-GPWR", "orderType": "mobile"}}}
{"_id": "0368dc80-53c9-11ea-ad53-b88a60e194fb", "timestamp": "2019-12-16T13:33:59.000Z", "eventType": "transaction", "_adobeamericaspot3": {"CRMID": "crmid:7010704453", "orderDetails": {"orderID": "orderid:135772", "reservationid": "5JE-848X", "orderType": "kiosk"}}}
{"_id": "036902f6-53c9-11ea-9c8f-b88a60e194fb", "timestamp": "2019-12-21T00:00:00.000Z", "eventType": "transaction", "_adobeamericaspot3": {"CRMID": "crmid:7010704453", "orderDetails": {"orderID": "orderid:988395", "reservationid": "1TG-VTRW", "orderType": "mobile"}}}
{"_id": "036a6278-53c9-11ea-8233-b88a60e194fb", "timestamp": "2019-12-11T19:49:30.000Z", "eventType": "transaction", "_adobeamericaspot3": {"CRMID": "crmid:6284631481", "orderDetails": {"orderID": "orderid:419308", "reservationid": "2JR-ZB5E", "orderType": "website"}}}
{"_id": "036b4cda-53c9-11ea-b5c0-b88a60e194fb", "timestamp": "2020-02-05T16:57:11.000Z", "eventType": "transaction", "_adobeamericaspot3": {"CRMID": "crmid:9315439739", "orderDetails": {"orderID": "orderid:887670", "reservationid": "GMB-RYCY", "orderType": "call center"}}}
{"_id": "036c5e48-53c9-11ea-95a3-b88a60e194fb", "timestamp": "2020-01-11T16:32:31.000Z", "eventType": "transaction", "_adobeamericaspot3": {"CRMID": "crmid:4594303357", "orderDetails": {"orderID": "orderid:430180", "reservationid": "RS9-X34E", "orderType": "call center"}}}
{"_id": "036d48a6-53c9-11ea-9a60-b88a60e194fb", "timestamp": "2020-01-19T01:57:10.000Z", "eventType": "transaction", "_adobeamericaspot3": {"CRMID": "crmid:4349319717", "orderDetails": {"orderID": "orderid:846947", "reservationid": "4U8-VRBJ", "orderType": "call center"}}}
{"_id": "036e5a1a-53c9-11ea-b2b1-b88a60e194fb", "timestamp": "2020-02-01T18:22:57.000Z", "eventType": "transaction", "_adobeamericaspot3": {"CRMID": "crmid:7591652601", "orderDetails": {"orderID": "orderid:800853", "reservationid": "E2S-UUGX", "orderType": "kiosk"}}}
{"_id": "036f6b7a-53c9-11ea-a539-b88a60e194fb", "timestamp": "2020-02-01T07:40:34.000Z", "eventType": "transaction", "_adobeamericaspot3": {"CRMID": "crmid:1033994225", "orderDetails": {"orderID": "orderid:321260", "reservationid": "RWK-PDTF", "orderType": "website"}}}
{"_id": "0370cb26-53c9-11ea-b873-b88a60e194fb", "timestamp": "2020-01-23T06:03:27.000Z", "eventType": "transaction", "_adobeamericaspot3": {"CRMID": "crmid:6801226273", "orderDetails": {"orderID": "orderid:801584", "reservationid": "FFH-AWPI", "orderType": "website"}}}
{"_id": "03722ac2-53c9-11ea-b1ff-b88a60e194fb", "timestamp": "2019-12-15T07:59:55.000Z", "eventType": "transaction", "_adobeamericaspot3": {"CRMID": "crmid:1554465948", "orderDetails": {"orderID": "orderid:317700", "reservationid": "NNF-OOIL", "orderType": "service desk"}}}
{"_id": "03733c1c-53c9-11ea-9171-b88a60e194fb", "timestamp": "2020-02-09T06:43:14.000Z", "eventType": "transaction", "_adobeamericaspot3": {"CRMID": "crmid:5823409036", "orderDetails": {"orderID": "orderid:249854", "reservationid": "SUE-I2FO", "orderType": "website"}}}
{"_id": "03744d8a-53c9-11ea-b4b3-b88a60e194fb", "timestamp": "2019-12-23T04:39:01.000Z", "eventType": "transaction", "_adobeamericaspot3": {"CRMID": "crmid:8477054735", "orderDetails": {"orderID": "orderid:295355", "reservationid": "ODZ-BI3E", "orderType": "call center"}}}
{"_id": "037537e8-53c9-11ea-bdb6-b88a60e194fb", "timestamp": "2020-01-10T22:27:28.000Z", "eventType": "transaction", "_adobeamericaspot3": {"CRMID": "crmid:7310609591", "orderDetails": {"orderID": "orderid:812110", "reservationid": "IEF-RQJ2", "orderType": "call center"}}}
{"_id": "03764966-53c9-11ea-96fa-b88a60e194fb", "timestamp": "2020-01-26T16:33:51.000Z", "eventType": "transaction", "_adobeamericaspot3": {"CRMID": "crmid:5676244855", "orderDetails": {"orderID": "orderid:804481", "reservationid": "RX5-SU4Z", "orderType": "call center"}}}
{"_id": "03775ac2-53c9-11ea-834c-b88a60e194fb", "timestamp": "2019-12-12T22:43:02.000Z", "eventType": "transaction", "_adobeamericaspot3": {"CRMID": "crmid:6964062894", "orderDetails": {"orderID": "orderid:238357", "reservationid": "N0L-3YE1", "orderType": "kiosk"}}}
{"_id": "03786c28-53c9-11ea-a278-b88a60e194fb", "timestamp": "2020-01-07T11:38:55.000Z", "eventType": "transaction", "_adobeamericaspot3": {"CRMID": "crmid:6180823642", "orderDetails": {"orderID": "orderid:395434", "reservationid": "73I-AWHI", "orderType": "call center"}}}
{"_id": "037a19e6-53c9-11ea-a0ff-b88a60e194fb", "timestamp": "2020-02-14T13:50:20.000Z", "eventType": "transaction", "_adobeamericaspot3": {"CRMID": "crmid:9759769822", "orderDetails": {"orderID": "orderid:991585", "reservationid": "UQR-XDQ1", "orderType": "mobile"}}}
{"_id": "037ba092-53c9-11ea-be57-b88a60e194fb", "timestamp": "2020-01-10T07:35:59.000Z", "eventType": "transaction", "_adobeamericaspot3": {"CRMID": "crmid:2210220760", "orderDetails": {"orderID": "orderid:563383", "reservationid": "PMT-D1FR", "orderType": "kiosk"}}}
{"_id": "037d0014-53c9-11ea-87f5-b88a60e194fb", "timestamp": "2020-01-11T05:12:00.000Z", "eventType": "transaction", "_adobeamericaspot3": {"CRMID": "crmid:1013315882", "orderDetails": {"orderID": "orderid:776452", "reservationid": "WYK-ATNU", "orderType": "kiosk"}}}
{"_id": "037ed4da-53c9-11ea-ab8b-b88a60e194fb", "timestamp": "2020-01-12T12:26:52.000Z", "eventType": "transaction", "_adobeamericaspot3": {"CRMID": "crmid:9993129487", "orderDetails": {"orderID": "orderid:102196", "reservationid": "IUK-MRNX", "orderType": "service desk"}}}
{"_id": "03800d5e-53c9-11ea-aa5e-b88a60e194fb", "timestamp": "2020-02-13T15:14:17.000Z", "eventType": "transaction", "_adobeamericaspot3": {"CRMID": "crmid:4417850854", "orderDetails": {"orderID": "orderid:726190", "reservationid": "SVB-GAVM", "orderType": "call center"}}}
{"_id": "0380f7b0-53c9-11ea-8f00-b88a60e194fb", "timestamp": "2020-02-15T08:07:40.000Z", "eventType": "transaction", "_adobeamericaspot3": {"CRMID": "crmid:3406848043", "orderDetails": {"orderID": "orderid:219761", "reservationid": "OPR-O0KR", "orderType": "call center"}}}
{"_id": "03820922-53c9-11ea-9cb2-b88a60e194fb", "timestamp": "2020-01-12T20:16:43.000Z", "eventType": "transaction", "_adobeamericaspot3": {"CRMID": "crmid:1408382584", "orderDetails": {"orderID": "orderid:128163", "reservationid": "AA6-QRCU", "orderType": "website"}}}
{"_id": "03838fc8-53c9-11ea-99c9-b88a60e194fb", "timestamp": "2019-12-13T22:44:01.000Z", "eventType": "transaction", "_adobeamericaspot3": {"CRMID": "crmid:2011353521", "orderDetails": {"orderID": "orderid:257889", "reservationid": "ZOU-1IV6", "orderType": "call center"}}}
{"_id": "0384a136-53c9-11ea-bdc3-b88a60e194fb", "timestamp": "2020-01-21T05:46:06.000Z", "eventType": "transaction", "_adobeamericaspot3": {"CRMID": "crmid:8689484844", "orderDetails": {"orderID": "orderid:646490", "reservationid": "TUS-2H0K", "orderType": "website"}}}
{"_id": "0385da3a-53c9-11ea-a12a-b88a60e194fb", "timestamp": "2020-01-10T16:21:51.000Z", "eventType": "transaction", "_adobeamericaspot3": {"CRMID": "crmid:6982032595", "orderDetails": {"orderID": "orderid:135233", "reservationid": "AAB-VEQW", "orderType": "website"}}}
{"_id": "0387122e-53c9-11ea-acc9-b88a60e194fb", "timestamp": "2020-01-10T02:31:35.000Z", "eventType": "transaction", "_adobeamericaspot3": {"CRMID": "crmid:5665118170", "orderDetails": {"orderID": "orderid:788171", "reservationid": "YFQ-JPQW", "orderType": "website"}}}
{"_id": "0387fc8c-53c9-11ea-b14f-b88a60e194fb", "timestamp": "2019-12-02T01:19:07.000Z", "eventType": "transaction", "_adobeamericaspot3": {"CRMID": "crmid:6101072702", "orderDetails": {"orderID": "orderid:844135", "reservationid": "C3P-X2Y1", "orderType": "mobile"}}}
{"_id": "03890dfa-53c9-11ea-a4b8-b88a60e194fb", "timestamp": "2020-01-21T19:33:36.000Z", "eventType": "transaction", "_adobeamericaspot3": {"CRMID": "crmid:9076085783", "orderDetails": {"orderID": "orderid:832867", "reservationid": "K39-DYYO", "orderType": "kiosk"}}}
{"_id": "038a94b6-53c9-11ea-bfc6-b88a60e194fb", "timestamp": "2020-02-07T22:19:14.000Z", "eventType": "transaction", "_adobeamericaspot3": {"CRMID": "crmid:7074561460", "orderDetails": {"orderID": "orderid:438431", "reservationid": "LFZ-H3F1", "orderType": "website"}}}
{"_id": "038c6976-53c9-11ea-9d1b-b88a60e194fb", "timestamp": "2020-01-12T23:35:07.000Z", "eventType": "transaction", "_adobeamericaspot3": {"CRMID": "crmid:7803688137", "orderDetails": {"orderID": "orderid:412631", "reservationid": "OVL-KRUN", "orderType": "kiosk"}}}
{"_id": "038e171a-53c9-11ea-a62d-b88a60e194fb", "timestamp": "2020-02-06T21:16:13.000Z", "eventType": "transaction", "_adobeamericaspot3": {"CRMID": "crmid:2395904387", "orderDetails": {"orderID": "orderid:332850", "reservationid": "NK3-MWKK", "orderType": "kiosk"}}}
{"_id": "038f76ac-53c9-11ea-befe-b88a60e194fb", "timestamp": "2019-12-20T13:23:26.000Z", "eventType": "transaction", "_adobeamericaspot3": {"CRMID": "crmid:9906796316", "orderDetails": {"orderID": "orderid:498669", "reservationid": "FFF-JRON", "orderType": "kiosk"}}}
{"_id": "0390fd4c-53c9-11ea-b676-b88a60e194fb", "timestamp": "2020-01-23T09:39:49.000Z", "eventType": "transaction", "_adobeamericaspot3": {"CRMID": "crmid:1364111417", "orderDetails": {"orderID": "orderid:985729", "reservationid": "SDB-M2AQ", "orderType": "website"}}}
{"_id": "03925cda-53c9-11ea-8250-b88a60e194fb", "timestamp": "2020-01-03T00:02:02.000Z", "eventType": "transaction", "_adobeamericaspot3": {"CRMID": "crmid:9923468011", "orderDetails": {"orderID": "orderid:417747", "reservationid": "PC8-JGZV", "orderType": "kiosk"}}}
{"_id": "0393e38c-53c9-11ea-831b-b88a60e194fb", "timestamp": "2020-01-10T18:37:52.000Z", "eventType": "transaction", "_adobeamericaspot3": {"CRMID": "crmid:9560326443", "orderDetails": {"orderID": "orderid:447088", "reservationid": "SO3-DHV8", "orderType": "website"}}}
{"_id": "03956a1e-53c9-11ea-914d-b88a60e194fb", "timestamp": "2020-02-02T01:18:12.000Z", "eventType": "transaction", "_adobeamericaspot3": {"CRMID": "crmid:5371460511", "orderDetails": {"orderID": "orderid:395236", "reservationid": "PPM-J5ZD", "orderType": "website"}}}
{"_id": "0396a29c-53c9-11ea-8ec5-b88a60e194fb", "timestamp": "2019-12-03T06:18:18.000Z", "eventType": "transaction", "_adobeamericaspot3": {"CRMID": "crmid:4145803606", "orderDetails": {"orderID": "orderid:606092", "reservationid": "DYL-QJZK", "orderType": "service desk"}}}
{"_id": "03982952-53c9-11ea-a598-b88a60e194fb", "timestamp": "2020-01-21T12:36:07.000Z", "eventType": "transaction", "_adobeamericaspot3": {"CRMID": "crmid:5429856237", "orderDetails": {"orderID": "orderid:880336", "reservationid": "ZTT-U0GY", "orderType": "kiosk"}}}
{"_id": "039988ca-53c9-11ea-9d44-b88a60e194fb", "timestamp": "2019-12-22T14:32:03.000Z", "eventType": "transaction", "_adobeamericaspot3": {"CRMID": "crmid:5341055963", "orderDetails": {"orderID": "orderid:483589", "reservationid": "3OT-SMVJ", "orderType": "service desk"}}}
{"_id": "039b5da2-53c9-11ea-902a-b88a60e194fb", "timestamp": "2019-12-14T10:02:25.000Z", "eventType": "transaction", "_adobeamericaspot3": {"CRMID": "crmid:4440479675", "orderDetails": {"orderID": "orderid:359204", "reservationid": "BCK-KKLL", "orderType": "mobile"}}}
{"_id": "039cbd22-53c9-11ea-bf42-b88a60e194fb", "timestamp": "2019-12-12T15:21:02.000Z", "eventType": "transaction", "_adobeamericaspot3": {"CRMID": "crmid:4756388979", "orderDetails": {"orderID": "orderid:424580", "reservationid": "DOT-5MFA", "orderType": "service desk"}}}
{"_id": "039e43ba-53c9-11ea-a2d1-b88a60e194fb", "timestamp": "2019-12-02T02:48:14.000Z", "eventType": "transaction", "_adobeamericaspot3": {"CRMID": "crmid:7259900770", "orderDetails": {"orderID": "orderid:123245", "reservationid": "AB0-TLFS", "orderType": "mobile"}}}
{"_id": "039fca6c-53c9-11ea-ae1a-b88a60e194fb", "timestamp": "2019-12-21T05:43:48.000Z", "eventType": "transaction", "_adobeamericaspot3": {"CRMID": "crmid:6187635932", "orderDetails": {"orderID": "orderid:437188", "reservationid": "HBY-FY4J", "orderType": "service desk"}}}
{"_id": "03a17808-53c9-11ea-b5b1-b88a60e194fb", "timestamp": "2020-02-01T19:30:25.000Z", "eventType": "transaction", "_adobeamericaspot3": {"CRMID": "crmid:7914375936", "orderDetails": {"orderID": "orderid:248865", "reservationid": "ZCZ-NEAH", "orderType": "mobile"}}}
{"_id": "03a325d2-53c9-11ea-aa1d-b88a60e194fb", "timestamp": "2020-01-06T15:46:37.000Z", "eventType": "transaction", "_adobeamericaspot3": {"CRMID": "crmid:8404218385", "orderDetails": {"orderID": "orderid:618638", "reservationid": "YP5-CYY4", "orderType": "website"}}}
{"_id": "03a4d366-53c9-11ea-85bb-b88a60e194fb", "timestamp": "2019-12-11T03:32:57.000Z", "eventType": "transaction", "_adobeamericaspot3": {"CRMID": "crmid:4687031162", "orderDetails": {"orderID": "orderid:398926", "reservationid": "LSJ-OXTM", "orderType": "mobile"}}}
{"_id": "03a6cf52-53c9-11ea-9397-b88a60e194fb", "timestamp": "2020-01-10T13:58:20.000Z", "eventType": "transaction", "_adobeamericaspot3": {"CRMID": "crmid:1669846453", "orderDetails": {"orderID": "orderid:319052", "reservationid": "MRI-UDGU", "orderType": "website"}}}
{"_id": "03a8cb10-53c9-11ea-b7c2-b88a60e194fb", "timestamp": "2019-12-13T03:10:59.000Z", "eventType": "transaction", "_adobeamericaspot3": {"CRMID": "crmid:2256424324", "orderDetails": {"orderID": "orderid:717539", "reservationid": "BNE-9TNF", "orderType": "call center"}}}
{"_id": "03aac6e2-53c9-11ea-b021-b88a60e194fb", "timestamp": "2020-01-29T08:39:00.000Z", "eventType": "transaction", "_adobeamericaspot3": {"CRMID": "crmid:8875591450", "orderDetails": {"orderID": "orderid:713320", "reservationid": "0KV-HDOM", "orderType": "mobile"}}}
{"_id": "03ac7492-53c9-11ea-8231-b88a60e194fb", "timestamp": "2020-01-23T01:37:15.000Z", "eventType": "transaction", "_adobeamericaspot3": {"CRMID": "crmid:6170450044", "orderDetails": {"orderID": "orderid:119620", "reservationid": "2SW-YBX4", "orderType": "mobile"}}}
{"_id": "03ae9774-53c9-11ea-9b23-b88a60e194fb", "timestamp": "2020-01-08T00:32:05.000Z", "eventType": "transaction", "_adobeamericaspot3": {"CRMID": "crmid:3036026281", "orderDetails": {"orderID": "orderid:176683", "reservationid": "MT8-AWAJ", "orderType": "website"}}}
{"_id": "03aebe82-53c9-11ea-86c3-b88a60e194fb", "timestamp": "2020-01-13T00:00:00.000Z", "eventType": "transaction", "_adobeamericaspot3": {"CRMID": "crmid:3036026281", "orderDetails": {"orderID": "orderid:757716", "reservationid": "RBE-TQTJ", "orderType": "mobile"}}}
{"_id": "03b06c28-53c9-11ea-b412-b88a60e194fb", "timestamp": "2020-01-13T05:25:59.000Z", "eventType": "transaction", "_adobeamericaspot3": {"CRMID": "crmid:3118845952", "orderDetails": {"orderID": "orderid:395480", "reservationid": "NHM-VHGM", "orderType": "kiosk"}}}
{"_id": "03b1cbcc-53c9-11ea-be7d-b88a60e194fb", "timestamp": "2019-12-20T04:33:36.000Z", "eventType": "transaction", "_adobeamericaspot3": {"CRMID": "crmid:6115979443", "orderDetails": {"orderID": "orderid:767277", "reservationid": "WTT-TZLJ", "orderType": "website"}}}
{"_id": "03b32b58-53c9-11ea-8183-b88a60e194fb", "timestamp": "2019-12-07T13:12:00.000Z", "eventType": "transaction", "_adobeamericaspot3": {"CRMID": "crmid:7677706154", "orderDetails": {"orderID": "orderid:878380", "reservationid": "AQW-PHCI", "orderType": "kiosk"}}}
{"_id": "03b4d8fe-53c9-11ea-9234-b88a60e194fb", "timestamp": "2019-12-10T22:19:09.000Z", "eventType": "transaction", "_adobeamericaspot3": {"CRMID": "crmid:7010064582", "orderDetails": {"orderID": "orderid:524433", "reservationid": "4TA-C0BO", "orderType": "service desk"}}}
{"_id": "03b63882-53c9-11ea-893a-b88a60e194fb", "timestamp": "2019-12-22T01:18:00.000Z", "eventType": "transaction", "_adobeamericaspot3": {"CRMID": "crmid:6231721192", "orderDetails": {"orderID": "orderid:927671", "reservationid": "RRM-JLCS", "orderType": "service desk"}}}
{"_id": "03b77106-53c9-11ea-9e92-b88a60e194fb", "timestamp": "2020-01-17T17:47:43.000Z", "eventType": "transaction", "_adobeamericaspot3": {"CRMID": "crmid:1610123478", "orderDetails": {"orderID": "orderid:900463", "reservationid": "YIG-RQPZ", "orderType": "mobile"}}}
{"_id": "03b8827e-53c9-11ea-b741-b88a60e194fb", "timestamp": "2020-02-12T23:53:22.000Z", "eventType": "transaction", "_adobeamericaspot3": {"CRMID": "crmid:3339935086", "orderDetails": {"orderID": "orderid:861073", "reservationid": "PCH-UNIR", "orderType": "kiosk"}}}
{"_id": "03b9e226-53c9-11ea-9f0c-b88a60e194fb", "timestamp": "2019-12-24T10:36:29.000Z", "eventType": "transaction", "_adobeamericaspot3": {"CRMID": "crmid:4542724557", "orderDetails": {"orderID": "orderid:623721", "reservationid": "FF3-NK8S", "orderType": "website"}}}
{"_id": "03bb1a9e-53c9-11ea-b6eb-b88a60e194fb", "timestamp": "2019-12-09T20:18:28.000Z", "eventType": "transaction", "_adobeamericaspot3": {"CRMID": "crmid:2272741357", "orderDetails": {"orderID": "orderid:841336", "reservationid": "NBT-9EGM", "orderType": "website"}}}
{"_id": "03bd3da2-53c9-11ea-b95b-b88a60e194fb", "timestamp": "2020-01-10T07:48:07.000Z", "eventType": "transaction", "_adobeamericaspot3": {"CRMID": "crmid:4289140449", "orderDetails": {"orderID": "orderid:989355", "reservationid": "FIS-IZAI", "orderType": "website"}}}
{"_id": "03bf3938-53c9-11ea-b5c8-b88a60e194fb", "timestamp": "2020-01-31T17:37:59.000Z", "eventType": "transaction", "_adobeamericaspot3": {"CRMID": "crmid:2260263686", "orderDetails": {"orderID": "orderid:738069", "reservationid": "SBC-WW3I", "orderType": "mobile"}}}
{"_id": "03c13518-53c9-11ea-bbab-b88a60e194fb", "timestamp": "2020-02-14T12:47:40.000Z", "eventType": "transaction", "_adobeamericaspot3": {"CRMID": "crmid:7710585168", "orderDetails": {"orderID": "orderid:378261", "reservationid": "CKT-ATMY", "orderType": "website"}}}
{"_id": "03c37f00-53c9-11ea-a0c1-b88a60e194fb", "timestamp": "2019-12-09T00:44:43.000Z", "eventType": "transaction", "_adobeamericaspot3": {"CRMID": "crmid:6984274474", "orderDetails": {"orderID": "orderid:109319", "reservationid": "OCG-QV3X", "orderType": "kiosk"}}}
{"_id": "03c553ca-53c9-11ea-a78d-b88a60e194fb", "timestamp": "2020-01-27T15:16:14.000Z", "eventType": "transaction", "_adobeamericaspot3": {"CRMID": "crmid:6576907991", "orderDetails": {"orderID": "orderid:507239", "reservationid": "GEL-B3W8", "orderType": "call center"}}}
{"_id": "03c7287a-53c9-11ea-a6de-b88a60e194fb", "timestamp": "2020-02-04T12:27:51.000Z", "eventType": "transaction", "_adobeamericaspot3": {"CRMID": "crmid:2374635811", "orderDetails": {"orderID": "orderid:360998", "reservationid": "3XQ-9UB9", "orderType": "kiosk"}}}
{"_id": "03c97280-53c9-11ea-8955-b88a60e194fb", "timestamp": "2019-12-22T15:27:27.000Z", "eventType": "transaction", "_adobeamericaspot3": {"CRMID": "crmid:5624252096", "orderDetails": {"orderID": "orderid:741790", "reservationid": "KWR-QC6J", "orderType": "website"}}}
{"_id": "03cb955e-53c9-11ea-8f34-b88a60e194fb", "timestamp": "2020-01-21T14:10:37.000Z", "eventType": "transaction", "_adobeamericaspot3": {"CRMID": "crmid:8876036848", "orderDetails": {"orderID": "orderid:937895", "reservationid": "5YV-CSHY", "orderType": "call center"}}}
{"_id": "03cd9118-53c9-11ea-8950-b88a60e194fb", "timestamp": "2020-02-13T09:30:29.000Z", "eventType": "transaction", "_adobeamericaspot3": {"CRMID": "crmid:2959331257", "orderDetails": {"orderID": "orderid:292222", "reservationid": "60G-ZU4L", "orderType": "call center"}}}
{"_id": "03cfdb00-53c9-11ea-8e11-b88a60e194fb", "timestamp": "2020-01-02T14:06:09.000Z", "eventType": "transaction", "_adobeamericaspot3": {"CRMID": "crmid:4468681294", "orderDetails": {"orderID": "orderid:272412", "reservationid": "Z0U-GP1M", "orderType": "call center"}}}
{"_id": "03d1d6ec-53c9-11ea-aba9-b88a60e194fb", "timestamp": "2019-12-11T17:15:02.000Z", "eventType": "transaction", "_adobeamericaspot3": {"CRMID": "crmid:1027656560", "orderDetails": {"orderID": "orderid:959879", "reservationid": "IYY-8TSL", "orderType": "kiosk"}}}
{"_id": "03d3abb0-53c9-11ea-b4c5-b88a60e194fb", "timestamp": "2020-02-02T09:17:43.000Z", "eventType": "transaction", "_adobeamericaspot3": {"CRMID": "crmid:1736193427", "orderDetails": {"orderID": "orderid:336798", "reservationid": "QDS-ZPXG", "orderType": "website"}}}
{"_id": "03d3d2be-53c9-11ea-bbdd-b88a60e194fb", "timestamp": "2020-02-07T00:00:00.000Z", "eventType": "transaction", "_adobeamericaspot3": {"CRMID": "crmid:1736193427", "orderDetails": {"orderID": "orderid:938460", "reservationid": "ERU-115Z", "orderType": "website"}}}
{"_id": "03d691d0-53c9-11ea-b247-b88a60e194fb", "timestamp": "2020-01-07T03:47:51.000Z", "eventType": "transaction", "_adobeamericaspot3": {"CRMID": "crmid:6614807978", "orderDetails": {"orderID": "orderid:322744", "reservationid": "L3M-W4SK", "orderType": "website"}}}
{"_id": "03d99f18-53c9-11ea-a58e-b88a60e194fb", "timestamp": "2019-12-20T10:40:14.000Z", "eventType": "transaction", "_adobeamericaspot3": {"CRMID": "crmid:7047306589", "orderDetails": {"orderID": "orderid:528703", "reservationid": "LUC-3NIM", "orderType": "website"}}}
{"_id": "03db9ada-53c9-11ea-934a-b88a60e194fb", "timestamp": "2019-12-08T10:23:09.000Z", "eventType": "transaction", "_adobeamericaspot3": {"CRMID": "crmid:4430612183", "orderDetails": {"orderID": "orderid:541097", "reservationid": "YX2-RNZR", "orderType": "mobile"}}}
{"_id": "03dd2182-53c9-11ea-aab9-b88a60e194fb", "timestamp": "2020-02-02T19:01:26.000Z", "eventType": "transaction", "_adobeamericaspot3": {"CRMID": "crmid:6561612729", "orderDetails": {"orderID": "orderid:593962", "reservationid": "CTN-DC7X", "orderType": "call center"}}}
{"_id": "03decf36-53c9-11ea-9ee5-b88a60e194fb", "timestamp": "2020-02-06T06:55:11.000Z", "eventType": "transaction", "_adobeamericaspot3": {"CRMID": "crmid:5825854818", "orderDetails": {"orderID": "orderid:883278", "reservationid": "ACJ-CBMB", "orderType": "website"}}}
{"_id": "03e07cde-53c9-11ea-8f68-b88a60e194fb", "timestamp": "2020-01-03T05:51:12.000Z", "eventType": "transaction", "_adobeamericaspot3": {"CRMID": "crmid:5286171269", "orderDetails": {"orderID": "orderid:413381", "reservationid": "APY-QNR7", "orderType": "website"}}}
{"_id": "03e25194-53c9-11ea-8ef1-b88a60e194fb", "timestamp": "2019-12-22T14:50:34.000Z", "eventType": "transaction", "_adobeamericaspot3": {"CRMID": "crmid:5874799121", "orderDetails": {"orderID": "orderid:609817", "reservationid": "C7O-KIHG", "orderType": "kiosk"}}}
{"_id": "03e3ff5c-53c9-11ea-8818-b88a60e194fb", "timestamp": "2020-01-31T17:45:52.000Z", "eventType": "transaction", "_adobeamericaspot3": {"CRMID": "crmid:6434492640", "orderDetails": {"orderID": "orderid:273265", "reservationid": "1UJ-5NHV", "orderType": "website"}}}
{"_id": "03e58606-53c9-11ea-b5cf-b88a60e194fb", "timestamp": "2020-02-12T05:51:32.000Z", "eventType": "transaction", "_adobeamericaspot3": {"CRMID": "crmid:3773299583", "orderDetails": {"orderID": "orderid:558289", "reservationid": "GXQ-15IY", "orderType": "website"}}}
{"_id": "03e75ab0-53c9-11ea-9e64-b88a60e194fb", "timestamp": "2019-12-19T08:11:23.000Z", "eventType": "transaction", "_adobeamericaspot3": {"CRMID": "crmid:5519180670", "orderDetails": {"orderID": "orderid:809540", "reservationid": "ZF4-HXHK", "orderType": "kiosk"}}}
{"_id": "03e8e15e-53c9-11ea-bbce-b88a60e194fb", "timestamp": "2019-12-12T22:42:36.000Z", "eventType": "transaction", "_adobeamericaspot3": {"CRMID": "crmid:8458145332", "orderDetails": {"orderID": "orderid:266221", "reservationid": "34T-UN8J", "orderType": "mobile"}}}
{"_id": "03ea91f8-53c9-11ea-b780-b88a60e194fb", "timestamp": "2020-01-24T23:56:35.000Z", "eventType": "transaction", "_adobeamericaspot3": {"CRMID": "crmid:2251718238", "orderDetails": {"orderID": "orderid:490025", "reservationid": "W2H-5SLZ", "orderType": "kiosk"}}}
{"_id": "03ec15ac-53c9-11ea-b23c-b88a60e194fb", "timestamp": "2020-01-14T04:24:39.000Z", "eventType": "transaction", "_adobeamericaspot3": {"CRMID": "crmid:1162756187", "orderDetails": {"orderID": "orderid:209646", "reservationid": "JLD-J4RC", "orderType": "kiosk"}}}
{"_id": "03edc35e-53c9-11ea-813c-b88a60e194fb", "timestamp": "2019-12-05T04:10:08.000Z", "eventType": "transaction", "_adobeamericaspot3": {"CRMID": "crmid:6655869256", "orderDetails": {"orderID": "orderid:381843", "reservationid": "BAD-OI5C", "orderType": "mobile"}}}
{"_id": "03edea74-53c9-11ea-8958-b88a60e194fb", "timestamp": "2019-12-11T00:00:00.000Z", "eventType": "transaction", "_adobeamericaspot3": {"CRMID": "crmid:6655869256", "orderDetails": {"orderID": "orderid:279492", "reservationid": "SRL-UMHR", "orderType": "kiosk"}}}
{"_id": "03ef7100-53c9-11ea-9658-b88a60e194fb", "timestamp": "2020-01-22T16:51:18.000Z", "eventType": "transaction", "_adobeamericaspot3": {"CRMID": "crmid:9393227011", "orderDetails": {"orderID": "orderid:377668", "reservationid": "017-LUJZ", "orderType": "call center"}}}
{"_id": "03f11ec8-53c9-11ea-be2c-b88a60e194fb", "timestamp": "2019-12-15T03:48:12.000Z", "eventType": "transaction", "_adobeamericaspot3": {"CRMID": "crmid:1422516391", "orderDetails": {"orderID": "orderid:996594", "reservationid": "63G-CL4I", "orderType": "mobile"}}}
{"_id": "03f2cc62-53c9-11ea-a0d1-b88a60e194fb", "timestamp": "2019-12-22T21:14:34.000Z", "eventType": "transaction", "_adobeamericaspot3": {"CRMID": "crmid:1905908617", "orderDetails": {"orderID": "orderid:643864", "reservationid": "MCN-W2IO", "orderType": "mobile"}}}
{"_id": "03f42bee-53c9-11ea-9f58-b88a60e194fb", "timestamp": "2019-12-23T23:16:43.000Z", "eventType": "transaction", "_adobeamericaspot3": {"CRMID": "crmid:2131646768", "orderDetails": {"orderID": "orderid:467394", "reservationid": "SDP-VF3F", "orderType": "service desk"}}}
{"_id": "03f5b28a-53c9-11ea-9a4e-b88a60e194fb", "timestamp": "2020-01-07T07:19:15.000Z", "eventType": "transaction", "_adobeamericaspot3": {"CRMID": "crmid:1885557964", "orderDetails": {"orderID": "orderid:723955", "reservationid": "H0P-SGKO", "orderType": "call center"}}}
{"_id": "03f73946-53c9-11ea-b556-b88a60e194fb", "timestamp": "2019-12-31T04:10:40.000Z", "eventType": "transaction", "_adobeamericaspot3": {"CRMID": "crmid:5043145388", "orderDetails": {"orderID": "orderid:217066", "reservationid": "N5C-ZD1Y", "orderType": "mobile"}}}
{"_id": "03fa1f62-53c9-11ea-a34c-b88a60e194fb", "timestamp": "2020-01-20T03:46:18.000Z", "eventType": "transaction", "_adobeamericaspot3": {"CRMID": "crmid:7309064205", "orderDetails": {"orderID": "orderid:968396", "reservationid": "E4D-LKTQ", "orderType": "call center"}}}
{"_id": "03fc424c-53c9-11ea-9fbc-b88a60e194fb", "timestamp": "2019-12-16T11:49:01.000Z", "eventType": "transaction", "_adobeamericaspot3": {"CRMID": "crmid:2257800877", "orderDetails": {"orderID": "orderid:268585", "reservationid": "E9L-D7DX", "orderType": "call center"}}}
{"_id": "03fe171c-53c9-11ea-8a06-b88a60e194fb", "timestamp": "2019-12-13T11:23:01.000Z", "eventType": "transaction", "_adobeamericaspot3": {"CRMID": "crmid:2403865306", "orderDetails": {"orderID": "orderid:304765", "reservationid": "HTI-DS7R", "orderType": "mobile"}}}
{"_id": "03ffc4ae-53c9-11ea-b1a2-b88a60e194fb", "timestamp": "2019-12-21T04:24:50.000Z", "eventType": "transaction", "_adobeamericaspot3": {"CRMID": "crmid:8697894183", "orderDetails": {"orderID": "orderid:262565", "reservationid": "E4Y-8CQK", "orderType": "mobile"}}}
{"_id": "0402f90a-53c9-11ea-9ea3-b88a60e194fb", "timestamp": "2019-12-02T09:40:11.000Z", "eventType": "transaction", "_adobeamericaspot3": {"CRMID": "crmid:6914442093", "orderDetails": {"orderID": "orderid:914237", "reservationid": "PP6-RSKB", "orderType": "service desk"}}}
{"_id": "04051bf6-53c9-11ea-b6d0-b88a60e194fb", "timestamp": "2019-12-04T12:21:25.000Z", "eventType": "transaction", "_adobeamericaspot3": {"CRMID": "crmid:5132807147", "orderDetails": {"orderID": "orderid:301731", "reservationid": "TYR-OFZG", "orderType": "kiosk"}}}
{"_id": "0406c9d4-53c9-11ea-b06d-b88a60e194fb", "timestamp": "2020-01-07T16:37:49.000Z", "eventType": "transaction", "_adobeamericaspot3": {"CRMID": "crmid:9075372053", "orderDetails": {"orderID": "orderid:748966", "reservationid": "SE7-CC9B", "orderType": "website"}}}
{"_id": "04087740-53c9-11ea-a781-b88a60e194fb", "timestamp": "2020-02-16T19:55:03.000Z", "eventType": "transaction", "_adobeamericaspot3": {"CRMID": "crmid:7903836822", "orderDetails": {"orderID": "orderid:961248", "reservationid": "YKG-J2CM", "orderType": "website"}}}
{"_id": "040a24f6-53c9-11ea-8b61-b88a60e194fb", "timestamp": "2020-01-06T23:15:34.000Z", "eventType": "transaction", "_adobeamericaspot3": {"CRMID": "crmid:8293512033", "orderDetails": {"orderID": "orderid:875404", "reservationid": "6GD-ZZEX", "orderType": "website"}}}
{"_id": "040bab9c-53c9-11ea-8f27-b88a60e194fb", "timestamp": "2020-01-24T02:35:52.000Z", "eventType": "transaction", "_adobeamericaspot3": {"CRMID": "crmid:2602449062", "orderDetails": {"orderID": "orderid:880531", "reservationid": "QTN-UPQP", "orderType": "mobile"}}}
{"_id": "040d8088-53c9-11ea-a5cc-b88a60e194fb", "timestamp": "2020-01-07T03:33:29.000Z", "eventType": "transaction", "_adobeamericaspot3": {"CRMID": "crmid:4103694172", "orderDetails": {"orderID": "orderid:130514", "reservationid": "AKZ-IQXX", "orderType": "mobile"}}}
{"_id": "040f06ee-53c9-11ea-808c-b88a60e194fb", "timestamp": "2020-01-14T07:27:16.000Z", "eventType": "transaction", "_adobeamericaspot3": {"CRMID": "crmid:4019382779", "orderDetails": {"orderID": "orderid:729163", "reservationid": "YYH-8O3I", "orderType": "service desk"}}}
{"_id": "04103f68-53c9-11ea-879c-b88a60e194fb", "timestamp": "2020-02-07T08:29:18.000Z", "eventType": "transaction", "_adobeamericaspot3": {"CRMID": "crmid:1939426405", "orderDetails": {"orderID": "orderid:876512", "reservationid": "IMV-GVEG", "orderType": "kiosk"}}}
{"_id": "04119f10-53c9-11ea-8084-b88a60e194fb", "timestamp": "2019-12-14T22:02:50.000Z", "eventType": "transaction", "_adobeamericaspot3": {"CRMID": "crmid:8987638763", "orderDetails": {"orderID": "orderid:332786", "reservationid": "HMV-WS6F", "orderType": "kiosk"}}}
{"_id": "0412d77a-53c9-11ea-b2e0-b88a60e194fb", "timestamp": "2020-01-25T20:06:46.000Z", "eventType": "transaction", "_adobeamericaspot3": {"CRMID": "crmid:1643486878", "orderDetails": {"orderID": "orderid:974783", "reservationid": "QZX-SAN8", "orderType": "website"}}}
{"_id": "04145e2e-53c9-11ea-a55f-b88a60e194fb", "timestamp": "2020-01-10T03:58:59.000Z", "eventType": "transaction", "_adobeamericaspot3": {"CRMID": "crmid:4752501296", "orderDetails": {"orderID": "orderid:327671", "reservationid": "DWL-VCBH", "orderType": "website"}}}
{"_id": "0415bdac-53c9-11ea-9db4-b88a60e194fb", "timestamp": "2020-01-13T11:15:40.000Z", "eventType": "transaction", "_adobeamericaspot3": {"CRMID": "crmid:9815216276", "orderDetails": {"orderID": "orderid:433594", "reservationid": "BAH-EUDN", "orderType": "kiosk"}}}
{"_id": "04176ba8-53c9-11ea-9fcf-b88a60e194fb", "timestamp": "2020-01-12T18:32:15.000Z", "eventType": "transaction", "_adobeamericaspot3": {"CRMID": "crmid:9672633766", "orderDetails": {"orderID": "orderid:929707", "reservationid": "FXS-WSEI", "orderType": "kiosk"}}}
{"_id": "04194024-53c9-11ea-8e69-b88a60e194fb", "timestamp": "2019-12-29T17:21:37.000Z", "eventType": "transaction", "_adobeamericaspot3": {"CRMID": "crmid:3866853760", "orderDetails": {"orderID": "orderid:581975", "reservationid": "PDK-K22R", "orderType": "call center"}}}
{"_id": "041aa00a-53c9-11ea-9cc1-b88a60e194fb", "timestamp": "2019-12-24T04:56:53.000Z", "eventType": "transaction", "_adobeamericaspot3": {"CRMID": "crmid:6792518160", "orderDetails": {"orderID": "orderid:677882", "reservationid": "GXW-V33G", "orderType": "call center"}}}
{"_id": "041bd836-53c9-11ea-bf1d-b88a60e194fb", "timestamp": "2019-12-21T18:27:49.000Z", "eventType": "transaction", "_adobeamericaspot3": {"CRMID": "crmid:3367774180", "orderDetails": {"orderID": "orderid:595118", "reservationid": "BX7-0BRY", "orderType": "website"}}}
{"_id": "041d5f28-53c9-11ea-8c8c-b88a60e194fb", "timestamp": "2020-01-21T07:51:45.000Z", "eventType": "transaction", "_adobeamericaspot3": {"CRMID": "crmid:6094712480", "orderDetails": {"orderID": "orderid:530924", "reservationid": "GSJ-ZWA0", "orderType": "website"}}}
{"_id": "041ebe74-53c9-11ea-ab74-b88a60e194fb", "timestamp": "2019-12-23T03:03:12.000Z", "eventType": "transaction", "_adobeamericaspot3": {"CRMID": "crmid:6440212206", "orderDetails": {"orderID": "orderid:140019", "reservationid": "RNY-IUAN", "orderType": "website"}}}
{"_id": "04201dfa-53c9-11ea-8b16-b88a60e194fb", "timestamp": "2019-12-12T06:19:51.000Z", "eventType": "transaction", "_adobeamericaspot3": {"CRMID": "crmid:7551097989", "orderDetails": {"orderID": "orderid:440457", "reservationid": "JH2-MLZ8", "orderType": "call center"}}}
{"_id": "0421cba8-53c9-11ea-8371-b88a60e194fb", "timestamp": "2019-12-23T13:05:14.000Z", "eventType": "transaction", "_adobeamericaspot3": {"CRMID": "crmid:8364279933", "orderDetails": {"orderID": "orderid:657680", "reservationid": "HGK-0BCS", "orderType": "call center"}}}
{"_id": "04232b28-53c9-11ea-b38f-b88a60e194fb", "timestamp": "2020-01-31T17:45:17.000Z", "eventType": "transaction", "_adobeamericaspot3": {"CRMID": "crmid:8476760764", "orderDetails": {"orderID": "orderid:647707", "reservationid": "P8R-ZEOK", "orderType": "website"}}}
{"_id": "0424b1cc-53c9-11ea-806c-b88a60e194fb", "timestamp": "2020-01-31T15:21:27.000Z", "eventType": "transaction", "_adobeamericaspot3": {"CRMID": "crmid:2261061745", "orderDetails": {"orderID": "orderid:103563", "reservationid": "QHU-4KRM", "orderType": "kiosk"}}}
{"_id": "0425ea5a-53c9-11ea-802b-b88a60e194fb", "timestamp": "2020-01-02T03:57:35.000Z", "eventType": "transaction", "_adobeamericaspot3": {"CRMID": "crmid:3371074985", "orderDetails": {"orderID": "orderid:372110", "reservationid": "CIL-AXR7", "orderType": "kiosk"}}}
{"_id": "042722d8-53c9-11ea-80a5-b88a60e194fb", "timestamp": "2019-12-04T23:19:55.000Z", "eventType": "transaction", "_adobeamericaspot3": {"CRMID": "crmid:4736859222", "orderDetails": {"orderID": "orderid:487913", "reservationid": "UL1-QIJQ", "orderType": "call center"}}}
{"_id": "0428826c-53c9-11ea-ab1a-b88a60e194fb", "timestamp": "2020-01-10T15:28:35.000Z", "eventType": "transaction", "_adobeamericaspot3": {"CRMID": "crmid:3693624628", "orderDetails": {"orderID": "orderid:306358", "reservationid": "RDR-SIAJ", "orderType": "mobile"}}}
{"_id": "0429bade-53c9-11ea-8505-b88a60e194fb", "timestamp": "2019-12-04T00:26:01.000Z", "eventType": "transaction", "_adobeamericaspot3": {"CRMID": "crmid:9524443398", "orderDetails": {"orderID": "orderid:782263", "reservationid": "G3N-BSRR", "orderType": "kiosk"}}}
{"_id": "042db286-53c9-11ea-941d-b88a60e194fb", "timestamp": "2020-02-11T05:25:14.000Z", "eventType": "transaction", "_adobeamericaspot3": {"CRMID": "crmid:4161433987", "orderDetails": {"orderID": "orderid:183957", "reservationid": "FSQ-OX8L", "orderType": "call center"}}}
{"_id": "042f3950-53c9-11ea-880e-b88a60e194fb", "timestamp": "2020-01-29T08:16:33.000Z", "eventType": "transaction", "_adobeamericaspot3": {"CRMID": "crmid:1505116761", "orderDetails": {"orderID": "orderid:634338", "reservationid": "F4W-S9VP", "orderType": "kiosk"}}}
{"_id": "0430bfbe-53c9-11ea-92e8-b88a60e194fb", "timestamp": "2020-01-30T07:19:23.000Z", "eventType": "transaction", "_adobeamericaspot3": {"CRMID": "crmid:6312750308", "orderDetails": {"orderID": "orderid:169789", "reservationid": "B7Y-C5J9", "orderType": "kiosk"}}}
{"_id": "04326df0-53c9-11ea-a76d-b88a60e194fb", "timestamp": "2019-12-01T16:08:48.000Z", "eventType": "transaction", "_adobeamericaspot3": {"CRMID": "crmid:4923582890", "orderDetails": {"orderID": "orderid:356068", "reservationid": "TMZ-IY4H", "orderType": "call center"}}}
{"_id": "0433a5f0-53c9-11ea-9b2e-b88a60e194fb", "timestamp": "2020-01-09T01:57:21.000Z", "eventType": "transaction", "_adobeamericaspot3": {"CRMID": "crmid:3319165017", "orderDetails": {"orderID": "orderid:648861", "reservationid": "JKM-F0GQ", "orderType": "kiosk"}}}
{"_id": "04352c88-53c9-11ea-bc4e-b88a60e194fb", "timestamp": "2020-02-13T17:36:25.000Z", "eventType": "transaction", "_adobeamericaspot3": {"CRMID": "crmid:3823683627", "orderDetails": {"orderID": "orderid:231437", "reservationid": "SHN-LJFO", "orderType": "website"}}}
{"_id": "04363e00-53c9-11ea-852d-b88a60e194fb", "timestamp": "2019-12-26T23:33:18.000Z", "eventType": "transaction", "_adobeamericaspot3": {"CRMID": "crmid:8160325852", "orderDetails": {"orderID": "orderid:887209", "reservationid": "4KZ-JCKO", "orderType": "mobile"}}}
{"_id": "04379d88-53c9-11ea-a966-b88a60e194fb", "timestamp": "2020-01-11T20:04:02.000Z", "eventType": "transaction", "_adobeamericaspot3": {"CRMID": "crmid:6619061830", "orderDetails": {"orderID": "orderid:437857", "reservationid": "YJM-TX4L", "orderType": "website"}}}
{"_id": "0438fd94-53c9-11ea-a0cd-b88a60e194fb", "timestamp": "2020-01-06T21:44:01.000Z", "eventType": "transaction", "_adobeamericaspot3": {"CRMID": "crmid:4482209533", "orderDetails": {"orderID": "orderid:952497", "reservationid": "2LO-0QQJ", "orderType": "website"}}}
