crmid,email,first_name,last_name,gender,mobile_telephone,city,country,zip,state,street_address,birthday,creditrating
crmid:5405577835,iridescent1846@live.com,Lacy,Ayala,male,678-862-9799,Allen,United States,34085,New Mexico,468 Merlin,1931-06-01,349
crmid:4039498285,deviated2069@gmail.com,Bert,Greer,,704-653-5092,Marquette,United States,40930,Pennsylvania,178 Mesa,1987-08-31,1429
crmid:1813839954,ardys1821@gmail.com,Xavier,Duke,,537-977-6395,Medina,United States,05205,Indiana,413 Mccarthy,1989-02-10,1943
crmid:4368537930,draughtsman1863@live.com,Sharyl,Cervantes,female,555-044-4111,Palm Beach Gardens,United States,21315,Massachusetts,110 Zampa,1956-08-05,1093
crmid:6114102533,ambivert2012@live.com,Joesph,Campos,,887-362-2652,Kalispell,United States,02194,Wisconsin,780 Leona,1976-01-11,1841
crmid:7533542253,dhava1960@gmail.com,Tim,Holt,,672-192-2359,St. Matthews,United States,62150,Massachusetts,1339 Crestwell,1967-04-07,351
crmid:1582900570,insuree1998@live.com,Jerrell,Vance,,418-848-4503,Los Banos,United States,18286,Tennessee,660 Pope,1984-03-30,2032
crmid:3208031208,jellyfish1848@live.com,Arnoldo,Alexander,,972-572-3980,Kingsport,United States,52001,California,295 West Halleck,1977-09-08,826
crmid:6278639119,bikini1864@yandex.com,Marin,Barnes,female,154-415-0772,Ogden,United States,20111,Oregon,932 Rayburn,1961-06-02,1599
crmid:2063073284,caballero2002@yahoo.com,Jess,Lowe,,468-706-7669,Grandville,United States,91332,Arizona,628 Palace Of Fine Arts,1967-11-04,598
crmid:1992365054,cleistogamously1899@outlook.com,Robin,Carroll,,425-213-5794,Westminster,United States,99502,Washington,300 Shephard,1975-09-25,557
crmid:1123538593,buckhorn2000@yahoo.com,Anton,Wyatt,,608-953-8430,Haverhill,United States,42932,Oklahoma,148 Ecker,1970-07-06,1148
crmid:1274778645,shaman1921@gmail.com,Aleshia,Molina,female,417-451-8658,De Land,United States,96641,Ohio,909 Donner,1953-11-01,2772
crmid:6519479653,prechecked1840@yandex.com,Cristin,Wilkinson,female,590-011-5687,Clearfield,United States,11041,Montana,454 Anza,1948-02-05,433
crmid:1004069120,blacktongue2032@yandex.com,Marcene,Wheeler,female,165-496-7165,Quincy,United States,55372,New Jersey,269 Annie,1952-10-24,1483
crmid:6725869108,coquelicot2060@outlook.com,Josh,Delgado,male,591-980-0488,Yakima,United States,02795,Michigan,1184 Kohler,1930-06-08,1134
crmid:8605494484,hebete1938@gmail.com,Lorean,Drake,female,072-945-5776,Sammamish,United States,23020,Wisconsin,582 Holyoke,1957-11-11,2339
crmid:6094288725,contrafagotto1995@live.com,Felton,Hebert,,108-738-1951,Schenectady,United States,41703,Washington,1007 Ogden,1990-02-24,2878
crmid:4832312080,aptly1980@yandex.com,Adrian,Le,male,058-031-5822,Cedar City,United States,08409,South Dakota,187 Alana,1945-01-17,1938
crmid:6161024825,coved1934@yahoo.com,Simon,Murray,,476-049-5391,Moorhead,United States,88836,Hawaii,161 Isola,1993-02-26,1310
crmid:7316498805,bourreau1800@outlook.com,Gilberte,Burks,female,680-659-1330,Pembroke Pines,United States,71718,Ohio,1122 Ada,1949-12-25,716
crmid:7678647905,palindrome1904@yahoo.com,Vanesa,Gilliam,female,582-200-1677,Fargo,United States,83932,Virginia,450 Toyon,1961-09-11,1954
crmid:2294953618,tricostate1997@live.com,Carson,Myers,male,025-836-5113,Castle Rock,United States,08753,Colorado,1039 Illinois,1945-02-21,834
crmid:9744078166,subsextuple1823@gmail.com,Modesto,Young,,463-192-5811,Keizer,United States,82509,Alabama,94 Progress,1976-12-08,2940
crmid:5140939084,crackback2047@gmail.com,Bryce,Grant,male,420-915-4045,West St. Paul,United States,60604,Hawaii,783 Rico,1939-02-12,1856
crmid:7865849089,nonscraping1882@yandex.com,Brett,Gill,male,068-186-0142,Muskogee,United States,03180,Texas,797 Lessing,1994-01-03,1690
crmid:7155723589,concertizes2057@outlook.com,Granville,Hunter,,349-030-9684,Keizer,United States,22674,Illinois,795 Sunnyside,1976-05-28,2660
crmid:7494317660,backcross2067@live.com,Wade,Cotton,male,403-278-4399,Ashwaubenon,United States,85454,California,819 Prague,1934-10-07,396
crmid:9985626480,malpractice1935@outlook.com,Reginald,Hickman,male,776-333-0658,Bartlett,United States,45277,Utah,452 Merlin,1936-08-14,1802
crmid:5456920837,libra1857@yahoo.com,Zachary,Roberts,,817-913-1572,Manteca,United States,48795,Minnesota,1090 Craig,1986-07-06,2647
crmid:5457408845,laureate1878@yahoo.com,Austin,Baird,,279-139-9449,Hastings,United States,36608,New Mexico,1199 Drumm,1970-05-22,699
crmid:7134521960,adamant1997@gmail.com,Mario,Mathews,,347-238-1928,Watsonville,United States,56997,Texas,1139 Oneida,1994-09-21,2792
crmid:5167312487,pioneering1990@outlook.com,Toney,Howard,,005-479-4190,Highland,United States,94975,South Carolina,763 Case,1971-12-15,2634
crmid:1305256374,culet2066@outlook.com,Mark,Henry,male,109-479-3699,Agoura Hills,United States,63795,Kentucky,159 Crane,1930-11-29,1899
crmid:9307622093,hippuridaceae1847@outlook.com,Kasi,Mitchell,female,834-783-3199,Coeur d'Alene,United States,77687,Colorado,733 Peter Yorke,1949-05-20,832
crmid:7027726652,comfit2070@yahoo.com,Harlan,Glover,,555-239-7533,Jersey City,United States,08073,Mississippi,1358 Yacht,1975-01-30,886
crmid:9747200737,guernsey1901@live.com,Leland,Collier,,330-980-3022,Muskegon,United States,42719,Pennsylvania,406 Willie B Kennedy,1994-08-11,465
crmid:3577631656,snakebite1919@gmail.com,Max,Church,,961-776-2925,Gary,United States,82864,Montana,1283 Emerald,1965-04-27,1259
crmid:3449391160,reimpregnating1961@yahoo.com,Lady,Sosa,female,074-877-1436,Duncan,United States,22307,Nebraska,231 Elsie,1956-05-27,1407
crmid:4111890856,tradition1984@yahoo.com,Antonio,Townsend,,666-990-1964,South Lake Tahoe,United States,30792,Mississippi,1339 Bepler,1971-08-03,1819
crmid:8836917179,sclerosing1869@yandex.com,Fernando,Baker,male,354-905-8426,Berea,United States,29113,North Carolina,334 Service,1938-04-01,875
crmid:2815867454,lollygag2058@gmail.com,Jessie,Dennis,male,012-641-3721,Brandon,United States,30525,South Dakota,1338 Le Conte,1941-05-08,2555
crmid:7241379020,prefinanced2061@outlook.com,Gavin,Salazar,male,416-859-6996,Ashtabula,United States,97599,South Dakota,345 Peralta,1934-04-26,1605
crmid:2112947345,ignatian1857@gmail.com,Carl,Santana,male,470-961-8964,Philadelphia,United States,60808,Colorado,121 Stanford Heights,1936-02-26,1235
crmid:9806408984,artur1977@yandex.com,Fredda,Deleon,female,238-508-7794,Derby,United States,82232,Massachusetts,1030 Van Ness,1954-03-08,1076
crmid:9896500172,dinkey1864@outlook.com,Guillermo,Hess,,368-594-7711,Maywood,United States,78626,New Hampshire,65 Craut,1988-12-07,1368
crmid:8946767446,enfeeblish1987@yandex.com,Donnell,Knight,,740-815-6770,Wausau,United States,64099,New York,382 Golden,1983-05-01,530
crmid:7758231544,bedroom1941@gmail.com,Wesley,Cummings,,815-371-7882,Gretna,United States,84623,Louisiana,235 Espanola,1968-07-16,2853
crmid:2565916558,parlay1866@gmail.com,Dagmar,Sosa,female,734-754-5405,Oak Ridge,United States,28163,Texas,279 Smith,1957-02-27,576
crmid:8134699992,decries1857@gmail.com,Ross,Irwin,male,307-800-4573,Walla Walla,United States,04735,Delaware,730 Dormitory,1932-10-16,1261
crmid:4474048869,corvo1970@yahoo.com,Shavonne,Stephenson,female,583-299-0114,Fairbanks,United States,48635,Oklahoma,155 Lusk,1961-08-28,1463
crmid:1556641445,peteca1956@yandex.com,Bernie,Griffith,male,033-597-5508,Alice,United States,09422,Louisiana,1227 Oak Access,1931-01-12,1699
crmid:2341776096,betumbled1862@yahoo.com,Toby,Harrington,,651-060-0330,Mooresville,United States,64053,Delaware,1330 Chapman,1993-11-29,2645
crmid:8466505709,rachidial1865@yahoo.com,Roman,Cunningham,,747-519-4497,Frankfort,United States,47326,Oklahoma,20 Reno,1963-08-26,396
crmid:1089712600,decimate1983@yahoo.com,Cyrus,Horton,,697-543-7038,Port Angeles,United States,75870,Wyoming,242 Atoll,1997-11-26,2662
crmid:2438746993,arras1890@yahoo.com,Lane,Warren,,373-448-3014,Morristown,United States,87779,West Virginia,74 Everson,1993-05-24,802
crmid:8624275463,stachydrin1804@yandex.com,Marcel,Thornton,,064-933-1145,Loves Park,United States,70398,Kansas,17 Todd,1984-01-22,400
crmid:7719787470,downstreet1888@outlook.com,Johnny,Dawson,,233-805-4057,Martinsburg,United States,65321,Idaho,415 Claude,1987-11-02,1424
crmid:3798348222,carmina2037@outlook.com,Mack,Harrison,,802-912-1294,Huntington Park,United States,05737,Wyoming,1393 Santa Ana,1974-01-04,2309
crmid:4801420519,discus2040@live.com,Raphael,Holden,,798-365-2972,Sheboygan,United States,47244,New Mexico,55 Jamestown,1988-12-07,535
crmid:1126286150,aptness1904@yandex.com,Denver,Montgomery,male,278-871-7328,Ashland,United States,66122,Washington,973 Wilde,1934-11-05,499
crmid:4888980749,sleekier2049@live.com,Emmanuel,Sandoval,,718-101-6403,Manhattan,United States,11778,Michigan,1180 South Park,1986-03-23,1954
crmid:6437956757,repair1809@gmail.com,Odell,Vang,,973-450-5481,Paso Robles,United States,73198,Maine,1399 Willow,1988-06-28,869
crmid:5589492657,drover1959@yandex.com,Chuck,Davidson,male,364-254-2037,Bartlett,United States,92163,Missouri,1273 Restani,1936-02-08,448
crmid:3067975359,butta1881@live.com,Ike,Cortez,,434-925-7494,South St. Paul,United States,44928,New York,120 Eastwood,1992-04-15,1379
crmid:6326496273,progenitorship1889@yandex.com,Shenna,Woodard,female,424-751-1216,Fairfax,United States,69651,New York,463 Beaumont,1961-11-15,2162
crmid:9481051185,cannikin2016@live.com,Odis,Webster,male,835-048-3711,Avondale,United States,44468,North Carolina,82 Elim,1935-07-30,2037
crmid:2193454850,copious1820@outlook.com,Rheba,Whitney,female,814-751-1568,Fayetteville,United States,88958,Massachusetts,395 Boylston,1961-07-31,952
crmid:2709470052,eyeball1956@live.com,Marx,Jimenez,female,086-490-6213,Derby,United States,34308,Tennessee,972 Garlington,1954-06-15,1313
crmid:9246494953,unwailing1826@outlook.com,Kanisha,Miles,female,341-880-1934,Chino,United States,29950,Missouri,672 Sheridan,1947-04-20,1312
crmid:2960959011,ditone1996@yahoo.com,Chau,Puckett,female,240-994-1239,South Elgin,United States,17558,North Carolina,159 Bepler,1952-02-24,533
crmid:8641373897,cenozoic1830@yahoo.com,Hyun,Gaines,female,322-991-7422,Redwood City,United States,13806,South Carolina,604 Harney,1951-04-11,2048
crmid:4180031214,chechen1965@yahoo.com,Leo,Mcknight,,372-896-7391,Fort Lauderdale,United States,47579,Missouri,587 Russian Hill,1963-07-03,1503
crmid:1242288220,brandie1915@live.com,Loan,Puckett,female,983-899-8525,Dover,United States,73748,Ohio,1067 H,1955-05-24,2528
crmid:6552262017,monastery1936@yandex.com,Maria,Roach,male,241-517-8578,Adelanto,United States,31229,Michigan,1100 Cortes,1930-07-25,2093
crmid:1298673450,adminstration1996@yahoo.com,Drew,Chen,female,987-628-5146,Cerritos,United States,91684,New Mexico,1384 Eve,1946-03-06,1690
crmid:6310971401,unbiblical2061@live.com,Markus,Barker,,885-210-2346,Peekskill,United States,77766,California,74 Ophir,1964-12-27,1751
crmid:7733353551,ag1968@gmail.com,Berry,Alexander,female,467-578-6097,Champaign,United States,60603,New Hampshire,1151 Hansen,1946-11-21,1162
crmid:3710613107,hymenium1944@gmail.com,Alfred,Howe,,159-057-7165,Mesquite,United States,52098,Wisconsin,107 Kern,1990-10-15,913
crmid:4724547625,squibling2032@gmail.com,Dario,Rosario,,985-256-0591,Little Elm,United States,34667,Massachusetts,656 Sadowa,1983-07-12,426
crmid:5012605133,wooled1963@yahoo.com,Dante,Vance,,205-367-4223,Rancho Palos Verdes,United States,90812,Massachusetts,1053 Lagunitas,1979-01-15,754
crmid:4848985020,chafe1856@yandex.com,Austin,Chandler,,570-923-5419,Kingsport,United States,33168,Indiana,645 Coleridge,1977-06-03,1568
crmid:4136296159,unstocking1912@live.com,Drew,Lamb,,632-684-0486,North Ridgeville,United States,31858,Iowa,1077 Littlefield,1999-06-21,320
crmid:2089761391,calcutta2065@outlook.com,Louis,Foreman,male,787-237-0824,Brownsburg,United States,62783,Michigan,365 Riley,1942-11-12,982
crmid:2662107766,novela1818@yandex.com,Gabriel,Patel,,649-174-2880,Mishawaka,United States,95496,Florida,295 Barnard,1991-06-17,1954
crmid:5422042758,prats2014@gmail.com,Pinkie,Osborne,female,945-773-3253,Daphne,United States,46540,Florida,1175 Plymouth,1953-07-22,401
crmid:5057046402,probonding2029@yandex.com,Hal,Duncan,male,175-739-5259,Sand Springs,United States,92858,Georgia,1296 Whipple,1930-04-09,2946
crmid:3943803366,homologoumena1844@live.com,Cary,Hernandez,,505-357-8056,Monrovia,United States,05704,Wyoming,1329 Carrizal,1992-01-20,2064
crmid:8450315668,hometown1988@yahoo.com,Brooks,Mcmillan,,819-202-5268,Peachtree City,United States,83292,Oregon,130 Nautilus,1970-06-03,2823
crmid:2300685653,screechbird1853@yandex.com,Charley,Wright,,812-393-9472,Mineral Wells,United States,68501,Connecticut,293 Turk Murphy,1991-12-12,2710
crmid:6452909377,suez2046@gmail.com,Vernon,Russell,,733-465-3318,Melrose Park,United States,16950,New Mexico,727 Orben,1989-03-15,2396
crmid:2501403499,dioptrically1942@yandex.com,Afton,Reynolds,female,392-214-3741,Springfield,United States,17398,South Carolina,1120 Newhall,1947-01-24,1269
crmid:4830651884,indisciplinable1839@yandex.com,Hobert,Austin,,962-936-7965,Fort Myers,United States,81960,Wisconsin,1337 Warner,1963-03-21,1975
crmid:2345873669,riemannian2059@yandex.com,Alphonse,Zimmerman,male,204-722-1035,Pico Rivera,United States,09287,North Carolina,529 Jennings,1937-01-21,1588
crmid:7608163559,flapping1968@gmail.com,Lowell,Wong,male,613-086-2789,Carson City,United States,30361,Michigan,936 Agua,1944-06-03,470
crmid:2365389021,denny1907@outlook.com,Danial,Hensley,,319-602-6101,San Carlos,United States,86270,South Dakota,822 Cottonwood,1966-01-24,1918
crmid:7528910690,myrmecoid1805@yandex.com,Lynn,Nunez,,819-050-2235,Hobbs,United States,78714,Tennessee,1356 Noriega,1972-12-23,1820
crmid:2976914324,preatomic2033@gmail.com,Ambrose,Rutledge,male,820-618-9198,Berkeley,United States,00894,Iowa,1275 Bowley,1938-01-26,960
crmid:6077880491,bowyer1875@yandex.com,Weldon,Reyes,,727-041-2990,Pflugerville,United States,47295,West Virginia,1354 Gordon,1984-02-23,2777
crmid:8879248018,docken1892@outlook.com,Jordon,Ewing,male,804-557-4443,Americus,United States,82739,Oklahoma,436 Stag Trail,1932-06-09,1327
crmid:6721180733,axled1849@gmail.com,Galen,Atkins,,160-616-0019,Winston-Salem,United States,39552,Texas,541 Avenue I,1972-10-12,1642
crmid:9895929469,confederacy1833@outlook.com,Chaya,Crane,female,694-555-2856,Starkville,United States,12006,New Hampshire,1107 South Van Ness,1950-02-07,1850
crmid:6578595594,despot1864@outlook.com,Sterling,Whitehead,,751-621-8444,Lake Havasu City,United States,89998,Kansas,1019 Crescio,1980-01-05,1588
crmid:3361567347,millistere1952@yahoo.com,Alberto,Weiss,,514-471-7833,Norton Shores,United States,84560,Alabama,365 Kimball,1999-08-30,1722
crmid:7942752096,vibrative1855@yandex.com,Judson,Acevedo,,451-911-1540,Mineola,United States,12381,North Dakota,495 Clover,1991-02-19,739
crmid:8193050128,somali1991@gmail.com,Jerrold,Austin,male,502-560-9963,University Place,United States,02827,Louisiana,1049 Buena Vista,1936-05-01,1086
crmid:8756517297,betumbled1990@live.com,Randell,Berry,,338-683-7307,Hazel Park,United States,94696,New Jersey,921 Broadway,1970-03-16,1936
crmid:7705414335,danize1897@gmail.com,Lindsey,Manning,male,682-781-8595,Brighton,United States,65214,Maine,415 Sanches,1941-11-12,2899
crmid:3839511633,badju2029@live.com,Chad,Chapman,,151-895-9982,St. Clair Shores,United States,29579,Virginia,178 Conservatory Access,1966-09-04,1237
crmid:6923005349,scandic1843@yahoo.com,Issac,O'neil,male,529-452-8084,Brownwood,United States,29205,Maine,1212 Shipley,1942-05-22,1950
crmid:1538213128,congruism1981@outlook.com,Charlsie,Dudley,female,927-013-1253,Emporia,United States,05679,Wyoming,407 Apollo,1959-02-08,951
crmid:8889169088,fibrinate1885@gmail.com,Javier,Mcgee,,489-415-0672,Largo,United States,32517,Hawaii,938 Santa Rosa,1980-06-01,497
crmid:6154354354,dupable1983@yandex.com,Elvin,Ramsey,male,610-712-9426,University City,United States,88974,Texas,335 Moraga,1936-03-24,2988
crmid:9629533511,bondon1978@outlook.com,Fredric,Woodward,male,909-790-5855,South El Monte,United States,92539,Arkansas,436 Brunswick,1941-04-18,2250
crmid:3007698185,anthems1833@yahoo.com,Mitch,Mcconnell,,749-117-6199,Wooster,United States,94058,California,857 The Block,1963-08-17,1844
crmid:1152342291,finalized1823@yandex.com,Vanna,Holloway,female,418-563-0561,Washington,United States,24201,Wyoming,680 Dodge,1956-09-14,1107
crmid:7827315008,donatistical1998@yandex.com,Emery,Hickman,,014-059-8441,Noblesville,United States,59541,Illinois,530 Opalo,1997-10-09,1852
crmid:2148308787,arney1918@live.com,Issac,Wallace,,649-140-1284,Greer,United States,15694,Iowa,1297 Cooper,1968-03-05,2151
crmid:9743342346,bernadette1832@yandex.com,Jamal,Strong,,409-183-1911,North Las Vegas,United States,85298,Florida,129 Ils,1998-09-09,2416
crmid:6505021338,scumble1925@outlook.com,Malcom,Boyd,male,412-749-7454,Berwyn,United States,37108,Kentucky,320 Healy,1938-07-03,2578
crmid:7924771674,arctalian1967@live.com,Young,Lancaster,male,967-863-1719,Bangor,United States,54730,Vermont,1318 Peter Yorke,1936-10-17,394
crmid:8701018916,piranha2006@gmail.com,Maryanna,Bass,female,550-970-0250,Cheyenne,United States,53095,Montana,1216 Silliman,1947-10-31,1366
crmid:7722563109,married1915@live.com,Preston,Finley,,998-698-8027,Iowa City,United States,52432,Mississippi,199 Music Concourse Access,1974-10-16,1306
crmid:4607116274,demised1908@gmail.com,Adena,Vazquez,female,413-009-9636,East Peoria,United States,59012,Illinois,628 Quickstep,1957-10-01,1362
crmid:6434109215,validity1884@outlook.com,Teodoro,Hudson,,736-567-3109,Goose Creek,United States,75595,Hawaii,815 Oak Park,1967-12-03,527
crmid:4443413699,adriene2059@live.com,Salena,Solomon,female,102-474-3017,SeaTac,United States,14715,Idaho,54 Pollard,1951-12-15,1845
crmid:6834573405,humiliation2037@yandex.com,Wade,Ingram,male,412-510-5671,Topeka,United States,79424,Nevada,244 Todd,1933-10-15,2909
crmid:7352888933,nete2020@gmail.com,Anneliese,Andrews,female,382-438-5585,Deerfield Beach,United States,00843,Georgia,1362 Hastings,1954-01-01,1760
crmid:5722036900,decrowning1866@yandex.com,Denver,Foster,,112-127-7222,Rockwall,United States,98296,Georgia,450 Laskie,1970-11-09,1432
crmid:3966632539,cachet1856@gmail.com,Virgil,Barrett,,520-077-0541,Manhattan,United States,07375,Arizona,539 Battery Caulfield,1986-02-21,2080
crmid:6454212188,cise1914@yandex.com,Lupe,Sexton,male,622-593-8149,Auburn,United States,37762,Texas,557 Gene Friend,1934-06-26,2376
crmid:2437355530,abominated2070@live.com,Nelson,Olson,,040-740-3462,Oviedo,United States,74628,Nebraska,719 Public,1988-11-13,2526
crmid:8437743360,phthalein1951@gmail.com,Art,Calderon,male,615-696-0968,Pocatello,United States,01892,South Dakota,797 Crescio,1940-01-05,2834
crmid:9985288102,raphia2070@yandex.com,Logan,Bell,,400-979-1066,Sterling Heights,United States,85100,Washington,735 Uranus,1982-02-13,1709
crmid:1888059930,gaur2002@live.com,Jerrod,Molina,male,200-059-8152,Beloit,United States,76332,Arkansas,98 Bancroft,1937-12-10,340
crmid:8484580464,contradiction2067@outlook.com,Jean,O'connor,,894-638-1095,Oviedo,United States,69362,Pennsylvania,1069 Vicente,1977-06-04,342
crmid:1781186582,cicatrix1846@gmail.com,Sherril,Hopkins,female,158-558-9427,Wausau,United States,25446,South Carolina,635 Clearview,1959-11-19,2909
crmid:5933885100,constantinople2069@gmail.com,Bok,Dudley,female,316-774-4769,Donna,United States,00593,Delaware,866 Cesar Chavez,1955-01-08,2429
crmid:3649809296,indulger1894@gmail.com,Jules,Lucas,,822-946-7744,Ponca City,United States,65828,Ohio,1396 Aspen,1974-05-01,1485
crmid:9440588915,shrimp1864@live.com,Wilton,Beach,male,579-763-3095,Alamo,United States,56915,Wyoming,1052 Shaw,1930-10-02,1069
crmid:8013428052,alvaro1992@live.com,Shannon,Bauer,male,664-671-5017,Albertville,United States,54619,Arkansas,1389 San Miguel,1931-09-02,2177
crmid:7225270286,cosmorama1965@live.com,Sammy,Ellis,male,893-858-5051,Ashtabula,United States,55273,Utah,1073 Conservatory,1934-10-24,1990
crmid:7755781651,able1974@live.com,Huey,Burns,,481-462-5372,Garfield,United States,74724,Michigan,888 Golden Gate,1965-12-24,499
crmid:7040665284,asperates1935@yandex.com,Babara,Neal,female,399-602-2996,Pawtucket,United States,16182,Delaware,97 Carrizal,1950-01-21,989
crmid:2180627826,interregnum1995@yandex.com,Brady,Webster,male,005-577-8683,Westbrook,United States,08913,Colorado,685 Bank,1934-10-29,1991
crmid:2806078965,enterocoele2044@yahoo.com,Keiko,Garrett,female,924-167-7956,Wauwatosa,United States,71276,Tennessee,910 Jauss,1997-03-30,2121
crmid:5083904992,lemur2068@yandex.com,Lynsey,Love,female,011-299-0727,Taylor,United States,86526,Wyoming,1138 Truby,1959-12-11,1107
crmid:4604218486,securableness1954@yahoo.com,Tonisha,Ayers,female,230-613-7037,Ennis,United States,53932,Maryland,24 Park,1960-09-01,1610
crmid:1464437697,jarbird1927@live.com,Katherina,Chang,female,039-652-9593,Farragut,United States,21078,Arizona,111 Paloma,1961-05-06,2753
crmid:6135246881,signification1992@yahoo.com,Madelaine,Weiss,female,868-072-5602,Cranston,United States,93708,South Carolina,179 Graystone,1951-06-30,2490
crmid:8636512521,unaffectionate1947@gmail.com,Isela,Floyd,female,603-975-1333,Dolton,United States,20260,Mississippi,1160 Montecito,1955-04-10,516
crmid:6537196150,anastasis1959@yandex.com,Kasey,Wilkinson,,760-108-9388,Lake Zurich,United States,06647,Massachusetts,533 Cross,1980-01-24,2158
crmid:3217775642,pullover1968@outlook.com,Archie,Mcconnell,,179-194-3158,Missouri City,United States,51958,Pennsylvania,575 Mark,1992-09-01,2643
crmid:6606928694,guanaco2045@yahoo.com,Fletcher,Reeves,male,860-237-2705,Banning,United States,27254,South Carolina,1199 Chattanooga,1936-04-24,1440
crmid:4929340582,adaptable1880@live.com,Christopher,Armstrong,,216-060-6779,Pittsburg,United States,64007,Iowa,158 Earl,1981-07-01,1648
crmid:9658747630,amperage1895@gmail.com,Willian,Woodward,,253-845-1376,Issaquah,United States,24996,Idaho,463 Leo,1975-05-25,533
crmid:6528740488,bashed1812@yahoo.com,Nigel,Snyder,,905-517-3686,Southaven,United States,88958,Mississippi,117 Healy,1970-09-25,1579
crmid:1850250176,borgh1882@yandex.com,Andres,Reid,male,814-869-5899,Anchorage,United States,80251,New Hampshire,862 Danton,1932-11-01,423
crmid:9168593271,electrostatic1829@yahoo.com,Gaylord,Whitfield,,078-153-9972,Mayfield Heights,United States,36882,Maine,117 Emerson,1988-06-26,2849
crmid:1998473725,callianassidae1981@yandex.com,Todd,Johnson,,393-893-2064,Mattoon,United States,55036,New Jersey,186 Greenview,1988-10-20,1928
crmid:9327603615,deforestation1968@live.com,Riley,Mccarthy,,665-123-8468,Huntington Park,United States,67785,Montana,674 Colby,1974-11-21,2351
crmid:1718635638,combinator2009@live.com,Ceola,Best,female,001-577-0680,Papillion,United States,20640,California,233 Harding,1958-02-03,1383
crmid:2715668980,longlines1905@gmail.com,Jarrod,Tran,male,148-956-5300,Poughkeepsie,United States,62884,Washington,911 Spring Valley,1936-05-29,2228
crmid:1115807956,trout2002@yahoo.com,Roscoe,Steele,male,055-382-5474,Azusa,United States,43907,North Carolina,713 Guerrero,1935-08-28,821
crmid:4683306218,lepidopter1832@yahoo.com,Prince,Kaufman,male,079-016-9986,Opelika,United States,89420,Colorado,1084 Topaz,1941-08-16,1976
crmid:4765966179,plexuses1801@yandex.com,Carli,Vasquez,female,450-323-9581,Pontiac,United States,96981,Alabama,835 Vicente,1953-10-28,2851
crmid:9569118763,dhole1871@live.com,Hans,Tanner,,513-168-0838,Minot,United States,45284,Virginia,285 Vandewater,1991-08-15,1577
crmid:2966100067,avigdor2047@gmail.com,Ferdinand,Rowland,male,053-726-7368,Brighton,United States,62743,Ohio,629 San Lorenzo,1941-11-29,587
crmid:3711539357,arming2067@yandex.com,Shad,England,,703-700-5001,Macomb,United States,87789,Massachusetts,537 The Block,1985-09-25,2832
crmid:4741191078,bastille1917@outlook.com,Floyd,Duncan,male,394-420-9747,Prescott Valley,United States,79275,Iowa,678 Mabrey,1943-11-07,2451
crmid:6633130125,bikini1982@outlook.com,Gerard,Green,,796-870-2519,Milford,United States,94731,South Carolina,892 Monterey,1990-03-15,993
crmid:3013232448,baton1961@yandex.com,Junior,Golden,male,563-719-7491,Boulder,United States,69393,Maine,1301 Tennessee,1940-10-25,2674
crmid:3278210038,consultary1809@gmail.com,Del,Myers,male,299-828-3738,Pasadena,United States,80680,Kentucky,668 Poplar,1996-02-05,1388
crmid:9906791075,unlawyerlike2020@live.com,Reid,Osborne,male,785-570-0861,Rio Rancho,United States,98465,Minnesota,1027 States,1941-11-15,801
crmid:5678958496,egalites2045@outlook.com,Deadra,Howe,female,547-262-0286,University Place,United States,24554,Maryland,220 Spruce,1960-02-15,1126
crmid:2435753451,intersprinkled2067@yahoo.com,Esteban,Buckner,,675-523-5405,Rowlett,United States,65439,South Carolina,230 Frank Norris,1966-10-23,331
crmid:1653756837,pigeon2003@outlook.com,Colin,Howard,,052-384-6505,New Smyrna Beach,United States,39819,Connecticut,745 Paris,1997-06-03,2198
crmid:2830415216,indisciplinable1944@yahoo.com,Tyron,English,,838-628-8407,Montgomery,United States,11589,Utah,521 Kingston,1992-02-25,2649
crmid:9044835791,scalded1874@live.com,Henry,Stevens,male,450-512-5194,Atlanta,United States,24615,Utah,613 Capistrano,1934-05-28,2264
crmid:7685275944,boondoggling1845@gmail.com,Carter,Russell,,662-994-2453,Loma Linda,United States,78808,Colorado,1266 Cabrillo,1983-01-27,2553
crmid:4919010659,nitrosify1872@yandex.com,Forest,Bridges,,857-698-4195,Moorhead,United States,31221,Georgia,464 Nimitz,1993-07-04,1557
crmid:1533351268,guineafowl2048@yandex.com,Danny,Key,,565-871-1409,Leesburg,United States,48046,New York,1142 Baywood,1982-08-22,2526
crmid:5328082784,nontarred1911@outlook.com,Lawrence,Case,,300-109-2221,Gaithersburg,United States,38158,Massachusetts,933 Northwood,1964-07-16,2130
crmid:1566788217,unirritableness1949@yahoo.com,Karleen,Finch,female,821-485-2265,Sulphur,United States,61239,Maine,611 Fresnel,1949-04-09,2718
crmid:7953406661,tournefortian2026@gmail.com,Daren,Cochran,,194-341-4572,Sunrise,United States,92910,New Hampshire,401 San Lorenzo,1972-04-14,1287
crmid:4590166289,passwords2000@live.com,Martin,Hoover,,302-914-3151,Weston,United States,44937,New Mexico,804 Castle,1988-09-15,2773
crmid:2057109112,coarse1932@gmail.com,Eliseo,Whitfield,male,958-636-4413,Carmel,United States,10776,Wyoming,1193 Gilman,1944-03-31,1833
crmid:2243705733,lobations2061@live.com,Shiloh,Barr,female,422-278-1792,Dubuque,United States,50754,Maine,551 Fairbanks,1956-10-16,793
crmid:7131117323,taurocholate1860@yahoo.com,Dennis,Wilkerson,,826-251-1268,Ferguson,United States,23907,Delaware,396 Dorman,1962-05-19,577
crmid:6262552624,fagan2052@yandex.com,Erik,Lang,,917-707-9114,Upper Arlington,United States,65379,Mississippi,1037 Forest Hill,1999-07-08,924
crmid:9747376316,scruff2033@live.com,Elease,Farmer,female,234-639-9426,Pasadena,United States,11478,Oregon,195 Salinas,1947-10-05,1978
crmid:9746596942,haddock1836@yandex.com,Donald,Burch,,319-471-3087,Shively,United States,33919,Maryland,1053 Bucareli,1972-04-12,670
crmid:6526299556,raincoat2008@outlook.com,Cornell,Henry,male,795-733-6187,Vero Beach,United States,07167,Texas,612 Peter Yorke,1940-11-24,1663
crmid:6675124724,upbrighten1875@live.com,Alva,Ashley,male,158-679-9833,Caldwell,United States,04571,North Carolina,585 Parnassus,1943-01-01,1239
crmid:2143882109,adjoining2055@yandex.com,Wilber,Townsend,,039-418-7251,Yuba City,United States,96946,Iowa,1024 Winston,1985-04-14,850
crmid:7773200825,myelopathy1877@yahoo.com,Librada,Hammond,female,239-134-4426,Wheeling,United States,99835,Georgia,590 Bancroft,1949-05-12,1345
crmid:9974997993,cocain1991@gmail.com,Catrice,Ramos,female,407-609-0928,East Cleveland,United States,87434,Alabama,736 Tennessee,1957-02-24,2627
crmid:4288595908,afret1854@live.com,Jeff,Colon,,051-544-6297,Ossining,United States,31241,Arkansas,1026 Arch,1977-02-06,2722
crmid:8400187618,uninspired1885@yahoo.com,Shad,Bass,male,035-325-1295,Cartersville,United States,80501,Kansas,653 Frederick,1944-09-02,2936
crmid:8890631766,consultive2066@yandex.com,Van,Shannon,,153-142-2910,Selma,United States,37251,North Dakota,140 Flounder,1970-12-13,336
