{"_id": "orderid:835775", "timestamp": "2020-01-17T20:51:36.000Z", "eventType": "transaction", "_adobeamericaspot3": {"CRMID": "crmid:3282931569", "orderDetails": {"orderID": "orderid:835775", "reservationid": "BEZ-N2GH", "orderType": "kiosk", "hotelSKU": "prd1095", "hotelCheckInUnix": "1581367896", "hotelCheckOutUnix": "1582145496", "hotelCheckInTS": "2020-02-10T20:51:36+00:00", "hotelCheckOutTS": "2020-02-19T20:51:36+00:00", "hotelChain": "Hospitality Inn", "hotelName": "Hospitality Inn: Casablanca", "hotelLocation": "Casablanca", "hotelRoomType": "standard", "hotelRoomCount": "1", "hotelGuestAdultCount": "1", "hotelGuestChildCount": "2", "hotelNightCount": "9", "hotelRoomPrice": "163.3", "hotelFinalPrice": "1469.7"}}}
{"_id": "orderid:779105", "timestamp": "2019-12-01T14:01:59.000Z", "eventType": "transaction", "_adobeamericaspot3": {"CRMID": "crmid:9713896541", "orderDetails": {"orderID": "orderid:779105", "reservationid": "PRT-V4R7", "orderType": "call center", "hotelSKU": "prd1064", "hotelCheckInUnix": "1577023319", "hotelCheckOutUnix": "1578060119", "hotelCheckInTS": "2019-12-22T14:01:59+00:00", "hotelCheckOutTS": "2020-01-03T14:01:59+00:00", "hotelChain": "Aspen Heights", "hotelName": "Aspen Heights: Paris", "hotelLocation": "Paris", "hotelRoomType": "standard", "hotelRoomCount": "1", "hotelGuestAdultCount": "1", "hotelGuestChildCount": "0", "hotelNightCount": "12", "hotelRoomPrice": "190.31", "hotelFinalPrice": "2283.72"}}}
{"_id": "orderid:311594", "timestamp": "2020-02-12T17:59:49.000Z", "eventType": "transaction", "_adobeamericaspot3": {"CRMID": "crmid:5420344849", "orderDetails": {"orderID": "orderid:311594", "reservationid": "XH2-TAXM", "orderType": "kiosk", "hotelSKU": "prd1181", "hotelCheckInUnix": "1581875989", "hotelCheckOutUnix": "1581962389", "hotelCheckInTS": "2020-02-16T17:59:49+00:00", "hotelCheckOutTS": "2020-02-17T17:59:49+00:00", "hotelChain": "Grandeur Hotels", "hotelName": "Grandeur Hotels: Oakland", "hotelLocation": "Oakland", "hotelRoomType": "standard", "hotelRoomCount": "1", "hotelGuestAdultCount": "1", "hotelGuestChildCount": "0", "hotelNightCount": "1", "hotelRoomPrice": "146.91", "hotelFinalPrice": "146.91"}}}
{"_id": "orderid:559034", "timestamp": "2019-12-06T17:41:26.000Z", "eventType": "transaction", "_adobeamericaspot3": {"CRMID": "crmid:9104936556", "orderDetails": {"orderID": "orderid:559034", "reservationid": "ZRC-IVKU", "orderType": "service desk", "hotelSKU": "prd1190", "hotelCheckInUnix": "1577727686", "hotelCheckOutUnix": "1578418886", "hotelCheckInTS": "2019-12-30T17:41:26+00:00", "hotelCheckOutTS": "2020-01-07T17:41:26+00:00", "hotelChain": "Blue Reef Resort", "hotelName": "Blue Reef Resort: Aurora", "hotelLocation": "Aurora", "hotelRoomType": "standard", "hotelRoomCount": "1", "hotelGuestAdultCount": "1", "hotelGuestChildCount": "3", "hotelNightCount": "8", "hotelRoomPrice": "132.88", "hotelFinalPrice": "1063.04"}}}
{"_id": "orderid:478048", "timestamp": "2020-02-04T08:27:13.000Z", "eventType": "transaction", "_adobeamericaspot3": {"CRMID": "crmid:4758328864", "orderDetails": {"orderID": "orderid:478048", "reservationid": "NSU-DDPE", "orderType": "call center", "hotelSKU": "prd1059", "hotelCheckInUnix": "1583310433", "hotelCheckOutUnix": "1583656033", "hotelCheckInTS": "2020-03-04T08:27:13+00:00", "hotelCheckOutTS": "2020-03-08T08:27:13+00:00", "hotelChain": "Hospitality Inn", "hotelName": "Hospitality Inn: Kinshasa", "hotelLocation": "Kinshasa", "hotelRoomType": "premium", "hotelRoomCount": "1", "hotelGuestAdultCount": "1", "hotelGuestChildCount": "0", "hotelNightCount": "4", "hotelRoomPrice": "135.12", "hotelFinalPrice": "540.48"}}}
{"_id": "orderid:284875", "timestamp": "2020-01-15T20:18:24.000Z", "eventType": "transaction", "_adobeamericaspot3": {"CRMID": "crmid:7436149162", "orderDetails": {"orderID": "orderid:284875", "reservationid": "EDF-PFJT", "orderType": "call center", "hotelSKU": "prd1191", "hotelCheckInUnix": "1581538704", "hotelCheckOutUnix": "1582143504", "hotelCheckInTS": "2020-02-12T20:18:24+00:00", "hotelCheckOutTS": "2020-02-19T20:18:24+00:00", "hotelChain": "Hospitality Inn", "hotelName": "Hospitality Inn: Mumbai", "hotelLocation": "Mumbai", "hotelRoomType": "standard", "hotelRoomCount": "1", "hotelGuestAdultCount": "1", "hotelGuestChildCount": "0", "hotelNightCount": "7", "hotelRoomPrice": "106.78", "hotelFinalPrice": "747.46"}}}
{"_id": "orderid:618430", "timestamp": "2019-12-14T08:55:48.000Z", "eventType": "transaction", "_adobeamericaspot3": {"CRMID": "crmid:6953040976", "orderDetails": {"orderID": "orderid:618430", "reservationid": "KOC-RCC2", "orderType": "service desk", "hotelSKU": "prd1093", "hotelCheckInUnix": "1578473748", "hotelCheckOutUnix": "1579942548", "hotelCheckInTS": "2020-01-08T08:55:48+00:00", "hotelCheckOutTS": "2020-01-25T08:55:48+00:00", "hotelChain": "Admiralty Plaza", "hotelName": "Admiralty Plaza: Yokohama", "hotelLocation": "Yokohama", "hotelRoomType": "premium", "hotelRoomCount": "1", "hotelGuestAdultCount": "1", "hotelGuestChildCount": "0", "hotelNightCount": "17", "hotelRoomPrice": "143.26", "hotelFinalPrice": "2435.42"}}}
{"_id": "orderid:739379", "timestamp": "2020-01-05T03:30:49.000Z", "eventType": "transaction", "_adobeamericaspot3": {"CRMID": "crmid:2244972625", "orderDetails": {"orderID": "orderid:739379", "reservationid": "S0Z-A9G0", "orderType": "website", "hotelSKU": "prd1113", "hotelCheckInUnix": "1579059049", "hotelCheckOutUnix": "1580700649", "hotelCheckInTS": "2020-01-15T03:30:49+00:00", "hotelCheckOutTS": "2020-02-03T03:30:49+00:00", "hotelChain": "Sapphire Suites", "hotelName": "Sapphire Suites: Kazan", "hotelLocation": "Kazan", "hotelRoomType": "standard", "hotelRoomCount": "1", "hotelGuestAdultCount": "1", "hotelGuestChildCount": "2", "hotelNightCount": "19", "hotelRoomPrice": "143.46", "hotelFinalPrice": "2725.74"}}}
{"_id": "orderid:569917", "timestamp": "2019-12-05T06:09:51.000Z", "eventType": "transaction", "_adobeamericaspot3": {"CRMID": "crmid:6785876326", "orderDetails": {"orderID": "orderid:569917", "reservationid": "YXY-PY6G", "orderType": "call center", "hotelSKU": "prd1178", "hotelCheckInUnix": "1577513391", "hotelCheckOutUnix": "1578550191", "hotelCheckInTS": "2019-12-28T06:09:51+00:00", "hotelCheckOutTS": "2020-01-09T06:09:51+00:00", "hotelChain": "Blue Reef Resort", "hotelName": "Blue Reef Resort: Colorado Springs", "hotelLocation": "Colorado Springs", "hotelRoomType": "premium", "hotelRoomCount": "1", "hotelGuestAdultCount": "1", "hotelGuestChildCount": "0", "hotelNightCount": "12", "hotelRoomPrice": "196.15", "hotelFinalPrice": "2353.8"}}}
{"_id": "orderid:173239", "timestamp": "2019-12-06T21:07:54.000Z", "eventType": "transaction", "_adobeamericaspot3": {"CRMID": "crmid:9268400933", "orderDetails": {"orderID": "orderid:173239", "reservationid": "PBB-BCT8", "orderType": "mobile", "hotelSKU": "prd1161", "hotelCheckInUnix": "1577567274", "hotelCheckOutUnix": "1578085674", "hotelCheckInTS": "2019-12-28T21:07:54+00:00", "hotelCheckOutTS": "2020-01-03T21:07:54+00:00", "hotelChain": "Sapphire Suites", "hotelName": "Sapphire Suites: Memphis", "hotelLocation": "Memphis", "hotelRoomType": "standard", "hotelRoomCount": "1", "hotelGuestAdultCount": "1", "hotelGuestChildCount": "4", "hotelNightCount": "6", "hotelRoomPrice": "173.79", "hotelFinalPrice": "1042.74"}}}
{"_id": "orderid:707725", "timestamp": "2020-02-09T20:32:39.000Z", "eventType": "transaction", "_adobeamericaspot3": {"CRMID": "crmid:5493035372", "orderDetails": {"orderID": "orderid:707725", "reservationid": "9KN-SYWY", "orderType": "mobile", "hotelSKU": "prd1004", "hotelCheckInUnix": "1581366759", "hotelCheckOutUnix": "1581539559", "hotelCheckInTS": "2020-02-10T20:32:39+00:00", "hotelCheckOutTS": "2020-02-12T20:32:39+00:00", "hotelChain": "Aspen Heights", "hotelName": "Aspen Heights: Boulder", "hotelLocation": "Boulder", "hotelRoomType": "premium", "hotelRoomCount": "1", "hotelGuestAdultCount": "1", "hotelGuestChildCount": "0", "hotelNightCount": "2", "hotelRoomPrice": "158.0", "hotelFinalPrice": "316.0"}}}
{"_id": "orderid:360253", "timestamp": "2019-12-22T17:36:56.000Z", "eventType": "transaction", "_adobeamericaspot3": {"CRMID": "crmid:4014395358", "orderDetails": {"orderID": "orderid:360253", "reservationid": "HKI-M9BN", "orderType": "call center", "hotelSKU": "prd1132", "hotelCheckInUnix": "1577554616", "hotelCheckOutUnix": "1577986616", "hotelCheckInTS": "2019-12-28T17:36:56+00:00", "hotelCheckOutTS": "2020-01-02T17:36:56+00:00", "hotelChain": "Sandhill", "hotelName": "Sandhill: Oslo", "hotelLocation": "Oslo", "hotelRoomType": "standard", "hotelRoomCount": "1", "hotelGuestAdultCount": "1", "hotelGuestChildCount": "0", "hotelNightCount": "5", "hotelRoomPrice": "150.36", "hotelFinalPrice": "751.8"}}}
{"_id": "orderid:261386", "timestamp": "2020-01-20T08:34:16.000Z", "eventType": "transaction", "_adobeamericaspot3": {"CRMID": "crmid:2664037786", "orderDetails": {"orderID": "orderid:261386", "reservationid": "ZYQ-8QWT", "orderType": "website", "hotelSKU": "prd1058", "hotelCheckInUnix": "1581669256", "hotelCheckOutUnix": "1582187656", "hotelCheckInTS": "2020-02-14T08:34:16+00:00", "hotelCheckOutTS": "2020-02-20T08:34:16+00:00", "hotelChain": "Blue Reef Resort", "hotelName": "Blue Reef Resort: Delhi", "hotelLocation": "Delhi", "hotelRoomType": "premium", "hotelRoomCount": "1", "hotelGuestAdultCount": "1", "hotelGuestChildCount": "3", "hotelNightCount": "6", "hotelRoomPrice": "125.45", "hotelFinalPrice": "752.7"}}}
{"_id": "orderid:279721", "timestamp": "2019-12-14T15:48:15.000Z", "eventType": "transaction", "_adobeamericaspot3": {"CRMID": "crmid:8584593106", "orderDetails": {"orderID": "orderid:279721", "reservationid": "ZBA-TB3X", "orderType": "call center", "hotelSKU": "prd1040", "hotelCheckInUnix": "1576424895", "hotelCheckOutUnix": "1576597695", "hotelCheckInTS": "2019-12-15T15:48:15+00:00", "hotelCheckOutTS": "2019-12-17T15:48:15+00:00", "hotelChain": "Aspen Heights", "hotelName": "Aspen Heights: Atlanta", "hotelLocation": "Atlanta", "hotelRoomType": "standard", "hotelRoomCount": "1", "hotelGuestAdultCount": "1", "hotelGuestChildCount": "0", "hotelNightCount": "2", "hotelRoomPrice": "161.39", "hotelFinalPrice": "322.78"}}}
{"_id": "orderid:855134", "timestamp": "2019-12-09T03:44:46.000Z", "eventType": "transaction", "_adobeamericaspot3": {"CRMID": "crmid:2945970190", "orderDetails": {"orderID": "orderid:855134", "reservationid": "WXM-YKEI", "orderType": "kiosk", "hotelSKU": "prd1003", "hotelCheckInUnix": "1577936686", "hotelCheckOutUnix": "1578973486", "hotelCheckInTS": "2020-01-02T03:44:46+00:00", "hotelCheckOutTS": "2020-01-14T03:44:46+00:00", "hotelChain": "Family Fun Hotels", "hotelName": "Family Fun Hotels: Houston", "hotelLocation": "Houston", "hotelRoomType": "standard", "hotelRoomCount": "1", "hotelGuestAdultCount": "1", "hotelGuestChildCount": "1", "hotelNightCount": "12", "hotelRoomPrice": "141.71", "hotelFinalPrice": "1700.52"}}}
{"_id": "orderid:975879", "timestamp": "2020-01-30T03:00:33.000Z", "eventType": "transaction", "_adobeamericaspot3": {"CRMID": "crmid:7046157189", "orderDetails": {"orderID": "orderid:975879", "reservationid": "JHR-XH4F", "orderType": "mobile", "hotelSKU": "prd1058", "hotelCheckInUnix": "1582513233", "hotelCheckOutUnix": "1583290833", "hotelCheckInTS": "2020-02-24T03:00:33+00:00", "hotelCheckOutTS": "2020-03-04T03:00:33+00:00", "hotelChain": "Blue Reef Resort", "hotelName": "Blue Reef Resort: Delhi", "hotelLocation": "Delhi", "hotelRoomType": "ultra-luxury", "hotelRoomCount": "1", "hotelGuestAdultCount": "1", "hotelGuestChildCount": "2", "hotelNightCount": "9", "hotelRoomPrice": "307.81", "hotelFinalPrice": "2770.29"}}}
{"_id": "orderid:103769", "timestamp": "2020-01-28T13:52:59.000Z", "eventType": "transaction", "_adobeamericaspot3": {"CRMID": "crmid:1246756148", "orderDetails": {"orderID": "orderid:103769", "reservationid": "Y14-A3F0", "orderType": "call center", "hotelSKU": "prd1040", "hotelCheckInUnix": "1582206779", "hotelCheckOutUnix": "1583848379", "hotelCheckInTS": "2020-02-20T13:52:59+00:00", "hotelCheckOutTS": "2020-03-10T13:52:59+00:00", "hotelChain": "Aspen Heights", "hotelName": "Aspen Heights: Atlanta", "hotelLocation": "Atlanta", "hotelRoomType": "standard", "hotelRoomCount": "1", "hotelGuestAdultCount": "1", "hotelGuestChildCount": "4", "hotelNightCount": "19", "hotelRoomPrice": "125.55", "hotelFinalPrice": "2385.45"}}}
{"_id": "orderid:849272", "timestamp": "2020-02-08T21:05:20.000Z", "eventType": "transaction", "_adobeamericaspot3": {"CRMID": "crmid:8152799474", "orderDetails": {"orderID": "orderid:849272", "reservationid": "VDU-ICPL", "orderType": "call center", "hotelSKU": "prd1121", "hotelCheckInUnix": "1583183120", "hotelCheckOutUnix": "1584824720", "hotelCheckInTS": "2020-03-02T21:05:20+00:00", "hotelCheckOutTS": "2020-03-21T21:05:20+00:00", "hotelChain": "Grandeur Hotels", "hotelName": "Grandeur Hotels: Stockholm", "hotelLocation": "Stockholm", "hotelRoomType": "premium", "hotelRoomCount": "1", "hotelGuestAdultCount": "1", "hotelGuestChildCount": "3", "hotelNightCount": "19", "hotelRoomPrice": "165.63", "hotelFinalPrice": "3146.97"}}}
{"_id": "orderid:715154", "timestamp": "2020-01-21T15:52:47.000Z", "eventType": "transaction", "_adobeamericaspot3": {"CRMID": "crmid:7009011269", "orderDetails": {"orderID": "orderid:715154", "reservationid": "IBU-OS54", "orderType": "kiosk", "hotelSKU": "prd1014", "hotelCheckInUnix": "1581263567", "hotelCheckOutUnix": "1581781967", "hotelCheckInTS": "2020-02-09T15:52:47+00:00", "hotelCheckOutTS": "2020-02-15T15:52:47+00:00", "hotelChain": "Restful Nights", "hotelName": "Restful Nights: Jacksonville", "hotelLocation": "Jacksonville", "hotelRoomType": "premium", "hotelRoomCount": "1", "hotelGuestAdultCount": "1", "hotelGuestChildCount": "0", "hotelNightCount": "6", "hotelRoomPrice": "142.42", "hotelFinalPrice": "854.52"}}}
{"_id": "orderid:419221", "timestamp": "2020-01-09T10:20:17.000Z", "eventType": "transaction", "_adobeamericaspot3": {"CRMID": "crmid:7340732082", "orderDetails": {"orderID": "orderid:419221", "reservationid": "QD3-NJ27", "orderType": "service desk", "hotelSKU": "prd1052", "hotelCheckInUnix": "1578997217", "hotelCheckOutUnix": "1579947617", "hotelCheckInTS": "2020-01-14T10:20:17+00:00", "hotelCheckOutTS": "2020-01-25T10:20:17+00:00", "hotelChain": "Aspen Heights", "hotelName": "Aspen Heights: Wichita", "hotelLocation": "Wichita", "hotelRoomType": "standard", "hotelRoomCount": "1", "hotelGuestAdultCount": "1", "hotelGuestChildCount": "4", "hotelNightCount": "11", "hotelRoomPrice": "148.68", "hotelFinalPrice": "1635.48"}}}
{"_id": "orderid:669106", "timestamp": "2019-12-26T04:24:52.000Z", "eventType": "transaction", "_adobeamericaspot3": {"CRMID": "crmid:5251983891", "orderDetails": {"orderID": "orderid:669106", "reservationid": "PDL-TIYF", "orderType": "website", "hotelSKU": "prd1071", "hotelCheckInUnix": "1577507092", "hotelCheckOutUnix": "1577766292", "hotelCheckInTS": "2019-12-28T04:24:52+00:00", "hotelCheckOutTS": "2019-12-31T04:24:52+00:00", "hotelChain": "Hospitality Inn", "hotelName": "Hospitality Inn: Seoul", "hotelLocation": "Seoul", "hotelRoomType": "standard", "hotelRoomCount": "1", "hotelGuestAdultCount": "1", "hotelGuestChildCount": "0", "hotelNightCount": "3", "hotelRoomPrice": "152.58", "hotelFinalPrice": "457.74"}}}
{"_id": "orderid:135750", "timestamp": "2020-01-15T09:01:49.000Z", "eventType": "transaction", "_adobeamericaspot3": {"CRMID": "crmid:2980521361", "orderDetails": {"orderID": "orderid:135750", "reservationid": "GKP-4T7W", "orderType": "mobile", "hotelSKU": "prd1196", "hotelCheckInUnix": "1580979709", "hotelCheckOutUnix": "1581498109", "hotelCheckInTS": "2020-02-06T09:01:49+00:00", "hotelCheckOutTS": "2020-02-12T09:01:49+00:00", "hotelChain": "Aspen Heights", "hotelName": "Aspen Heights: Moscow", "hotelLocation": "Moscow", "hotelRoomType": "standard", "hotelRoomCount": "1", "hotelGuestAdultCount": "1", "hotelGuestChildCount": "0", "hotelNightCount": "6", "hotelRoomPrice": "135.4", "hotelFinalPrice": "812.4"}}}
{"_id": "orderid:296434", "timestamp": "2019-12-10T06:07:09.000Z", "eventType": "transaction", "_adobeamericaspot3": {"CRMID": "crmid:2194776230", "orderDetails": {"orderID": "orderid:296434", "reservationid": "0RQ-0HFA", "orderType": "kiosk", "hotelSKU": "prd1104", "hotelCheckInUnix": "1576044429", "hotelCheckOutUnix": "1576562829", "hotelCheckInTS": "2019-12-11T06:07:09+00:00", "hotelCheckOutTS": "2019-12-17T06:07:09+00:00", "hotelChain": "Repose Resort", "hotelName": "Repose Resort: Warsaw", "hotelLocation": "Warsaw", "hotelRoomType": "standard", "hotelRoomCount": "1", "hotelGuestAdultCount": "1", "hotelGuestChildCount": "2", "hotelNightCount": "6", "hotelRoomPrice": "141.59", "hotelFinalPrice": "849.54"}}}
{"_id": "orderid:616672", "timestamp": "2019-12-22T23:31:36.000Z", "eventType": "transaction", "_adobeamericaspot3": {"CRMID": "crmid:3910360994", "orderDetails": {"orderID": "orderid:616672", "reservationid": "FUW-P1EG", "orderType": "website", "hotelSKU": "prd1031", "hotelCheckInUnix": "1577748696", "hotelCheckOutUnix": "1579131096", "hotelCheckInTS": "2019-12-30T23:31:36+00:00", "hotelCheckOutTS": "2020-01-15T23:31:36+00:00", "hotelChain": "Nesting Box Inn", "hotelName": "Nesting Box Inn: Louisville", "hotelLocation": "Louisville", "hotelRoomType": "standard", "hotelRoomCount": "1", "hotelGuestAdultCount": "1", "hotelGuestChildCount": "0", "hotelNightCount": "16", "hotelRoomPrice": "157.2", "hotelFinalPrice": "2515.2"}}}
{"_id": "orderid:969882", "timestamp": "2020-01-21T23:01:23.000Z", "eventType": "transaction", "_adobeamericaspot3": {"CRMID": "crmid:1912158025", "orderDetails": {"orderID": "orderid:969882", "reservationid": "EBN-PBFO", "orderType": "website", "hotelSKU": "prd1148", "hotelCheckInUnix": "1581289283", "hotelCheckOutUnix": "1581548483", "hotelCheckInTS": "2020-02-09T23:01:23+00:00", "hotelCheckOutTS": "2020-02-12T23:01:23+00:00", "hotelChain": "Aspen Heights", "hotelName": "Aspen Heights: Jacksonville", "hotelLocation": "Jacksonville", "hotelRoomType": "standard", "hotelRoomCount": "1", "hotelGuestAdultCount": "1", "hotelGuestChildCount": "3", "hotelNightCount": "3", "hotelRoomPrice": "79.54", "hotelFinalPrice": "238.62"}}}
{"_id": "orderid:216291", "timestamp": "2019-12-23T03:31:03.000Z", "eventType": "transaction", "_adobeamericaspot3": {"CRMID": "crmid:1941637968", "orderDetails": {"orderID": "orderid:216291", "reservationid": "0AV-I21I", "orderType": "kiosk", "hotelSKU": "prd1014", "hotelCheckInUnix": "1579059063", "hotelCheckOutUnix": "1579577463", "hotelCheckInTS": "2020-01-15T03:31:03+00:00", "hotelCheckOutTS": "2020-01-21T03:31:03+00:00", "hotelChain": "Restful Nights", "hotelName": "Restful Nights: Jacksonville", "hotelLocation": "Jacksonville", "hotelRoomType": "standard", "hotelRoomCount": "1", "hotelGuestAdultCount": "1", "hotelGuestChildCount": "0", "hotelNightCount": "6", "hotelRoomPrice": "167.91", "hotelFinalPrice": "1007.46"}}}
{"_id": "orderid:421097", "timestamp": "2020-01-08T17:26:30.000Z", "eventType": "transaction", "_adobeamericaspot3": {"CRMID": "crmid:6547988598", "orderDetails": {"orderID": "orderid:421097", "reservationid": "EJN-S7AU", "orderType": "mobile", "hotelSKU": "prd1105", "hotelCheckInUnix": "1580145990", "hotelCheckOutUnix": "1580577990", "hotelCheckInTS": "2020-01-27T17:26:30+00:00", "hotelCheckOutTS": "2020-02-01T17:26:30+00:00", "hotelChain": "Admiralty Plaza", "hotelName": "Admiralty Plaza: Barcelona", "hotelLocation": "Barcelona", "hotelRoomType": "premium", "hotelRoomCount": "1", "hotelGuestAdultCount": "1", "hotelGuestChildCount": "0", "hotelNightCount": "5", "hotelRoomPrice": "129.85", "hotelFinalPrice": "649.25"}}}
{"_id": "orderid:656663", "timestamp": "2019-12-08T01:24:38.000Z", "eventType": "transaction", "_adobeamericaspot3": {"CRMID": "crmid:7410354424", "orderDetails": {"orderID": "orderid:656663", "reservationid": "X6B-DAJU", "orderType": "website", "hotelSKU": "prd1146", "hotelCheckInUnix": "1578187478", "hotelCheckOutUnix": "1578792278", "hotelCheckInTS": "2020-01-05T01:24:38+00:00", "hotelCheckOutTS": "2020-01-12T01:24:38+00:00", "hotelChain": "Restful Nights", "hotelName": "Restful Nights: San Jose", "hotelLocation": "San Jose", "hotelRoomType": "premium", "hotelRoomCount": "1", "hotelGuestAdultCount": "1", "hotelGuestChildCount": "0", "hotelNightCount": "7", "hotelRoomPrice": "177.34", "hotelFinalPrice": "1241.38"}}}
{"_id": "orderid:718406", "timestamp": "2019-12-25T19:27:49.000Z", "eventType": "transaction", "_adobeamericaspot3": {"CRMID": "crmid:1528729611", "orderDetails": {"orderID": "orderid:718406", "reservationid": "0PW-GQD2", "orderType": "website", "hotelSKU": "prd1016", "hotelCheckInUnix": "1577820469", "hotelCheckOutUnix": "1577993269", "hotelCheckInTS": "2019-12-31T19:27:49+00:00", "hotelCheckOutTS": "2020-01-02T19:27:49+00:00", "hotelChain": "Aspen Heights", "hotelName": "Aspen Heights: Columbus", "hotelLocation": "Columbus", "hotelRoomType": "premium", "hotelRoomCount": "1", "hotelGuestAdultCount": "1", "hotelGuestChildCount": "0", "hotelNightCount": "2", "hotelRoomPrice": "164.22", "hotelFinalPrice": "328.44"}}}
{"_id": "orderid:943451", "timestamp": "2019-12-28T07:21:48.000Z", "eventType": "transaction", "_adobeamericaspot3": {"CRMID": "crmid:4468805281", "orderDetails": {"orderID": "orderid:943451", "reservationid": "QQM-SJKB", "orderType": "website", "hotelSKU": "prd1165", "hotelCheckInUnix": "1580109708", "hotelCheckOutUnix": "1580714508", "hotelCheckInTS": "2020-01-27T07:21:48+00:00", "hotelCheckOutTS": "2020-02-03T07:21:48+00:00", "hotelChain": "Admiralty Plaza", "hotelName": "Admiralty Plaza: Louisville", "hotelLocation": "Louisville", "hotelRoomType": "premium", "hotelRoomCount": "1", "hotelGuestAdultCount": "1", "hotelGuestChildCount": "0", "hotelNightCount": "7", "hotelRoomPrice": "131.37", "hotelFinalPrice": "919.59"}}}
{"_id": "orderid:270108", "timestamp": "2020-01-05T03:58:43.000Z", "eventType": "transaction", "_adobeamericaspot3": {"CRMID": "crmid:3166959148", "orderDetails": {"orderID": "orderid:270108", "reservationid": "UYL-E4JM", "orderType": "kiosk", "hotelSKU": "prd1091", "hotelCheckInUnix": "1578455923", "hotelCheckOutUnix": "1578715123", "hotelCheckInTS": "2020-01-08T03:58:43+00:00", "hotelCheckOutTS": "2020-01-11T03:58:43+00:00", "hotelChain": "Nesting Box Inn", "hotelName": "Nesting Box Inn: New Taipei", "hotelLocation": "New Taipei", "hotelRoomType": "standard", "hotelRoomCount": "1", "hotelGuestAdultCount": "1", "hotelGuestChildCount": "0", "hotelNightCount": "3", "hotelRoomPrice": "182.79", "hotelFinalPrice": "548.37"}}}
{"_id": "orderid:681245", "timestamp": "2020-01-12T00:00:00.000Z", "eventType": "transaction", "_adobeamericaspot3": {"CRMID": "crmid:3166959148", "orderDetails": {"orderID": "orderid:681245", "reservationid": "BKO-XSER", "orderType": "service desk", "hotelSKU": "prd1129", "hotelCheckInUnix": "1578873600", "hotelCheckOutUnix": "1579305600", "hotelCheckInTS": "2020-01-13T00:00:00+00:00", "hotelCheckOutTS": "2020-01-18T00:00:00+00:00", "hotelChain": "Admiralty Plaza", "hotelName": "Admiralty Plaza: Helsinki", "hotelLocation": "Helsinki", "hotelRoomType": "premium", "hotelRoomCount": "1", "hotelGuestAdultCount": "1", "hotelGuestChildCount": "0", "hotelNightCount": "5", "hotelRoomPrice": "127.21", "hotelFinalPrice": "636.05"}}}
{"_id": "orderid:554775", "timestamp": "2020-01-08T21:05:57.000Z", "eventType": "transaction", "_adobeamericaspot3": {"CRMID": "crmid:9265321999", "orderDetails": {"orderID": "orderid:554775", "reservationid": "TD6-FR7B", "orderType": "mobile", "hotelSKU": "prd1118", "hotelCheckInUnix": "1579640757", "hotelCheckOutUnix": "1579986357", "hotelCheckInTS": "2020-01-21T21:05:57+00:00", "hotelCheckOutTS": "2020-01-25T21:05:57+00:00", "hotelChain": "Blue Reef Resort", "hotelName": "Blue Reef Resort: Cologne", "hotelLocation": "Cologne", "hotelRoomType": "standard", "hotelRoomCount": "1", "hotelGuestAdultCount": "1", "hotelGuestChildCount": "0", "hotelNightCount": "4", "hotelRoomPrice": "139.54", "hotelFinalPrice": "558.16"}}}
{"_id": "orderid:704729", "timestamp": "2019-12-14T17:41:39.000Z", "eventType": "transaction", "_adobeamericaspot3": {"CRMID": "crmid:1038253387", "orderDetails": {"orderID": "orderid:704729", "reservationid": "MJR-194M", "orderType": "website", "hotelSKU": "prd1135", "hotelCheckInUnix": "1576690899", "hotelCheckOutUnix": "1577122899", "hotelCheckInTS": "2019-12-18T17:41:39+00:00", "hotelCheckOutTS": "2019-12-23T17:41:39+00:00", "hotelChain": "Family Fun Hotels", "hotelName": "Family Fun Hotels: Vancouver", "hotelLocation": "Vancouver", "hotelRoomType": "standard", "hotelRoomCount": "1", "hotelGuestAdultCount": "1", "hotelGuestChildCount": "0", "hotelNightCount": "5", "hotelRoomPrice": "146.83", "hotelFinalPrice": "734.15"}}}
{"_id": "orderid:321849", "timestamp": "2020-01-26T13:48:57.000Z", "eventType": "transaction", "_adobeamericaspot3": {"CRMID": "crmid:7359724798", "orderDetails": {"orderID": "orderid:321849", "reservationid": "AQH-FOTM", "orderType": "service desk", "hotelSKU": "prd1117", "hotelCheckInUnix": "1581947337", "hotelCheckOutUnix": "1582465737", "hotelCheckInTS": "2020-02-17T13:48:57+00:00", "hotelCheckOutTS": "2020-02-23T13:48:57+00:00", "hotelChain": "Admiralty Plaza", "hotelName": "Admiralty Plaza: Dublin", "hotelLocation": "Dublin", "hotelRoomType": "premium", "hotelRoomCount": "1", "hotelGuestAdultCount": "1", "hotelGuestChildCount": "1", "hotelNightCount": "6", "hotelRoomPrice": "134.73", "hotelFinalPrice": "808.38"}}}
{"_id": "orderid:159282", "timestamp": "2019-12-14T06:48:17.000Z", "eventType": "transaction", "_adobeamericaspot3": {"CRMID": "crmid:7419123793", "orderDetails": {"orderID": "orderid:159282", "reservationid": "C4B-IPM8", "orderType": "website", "hotelSKU": "prd1131", "hotelCheckInUnix": "1578206897", "hotelCheckOutUnix": "1578984497", "hotelCheckInTS": "2020-01-05T06:48:17+00:00", "hotelCheckOutTS": "2020-01-14T06:48:17+00:00", "hotelChain": "Hospitality Inn", "hotelName": "Hospitality Inn: Sheffield", "hotelLocation": "Sheffield", "hotelRoomType": "premium", "hotelRoomCount": "1", "hotelGuestAdultCount": "1", "hotelGuestChildCount": "3", "hotelNightCount": "9", "hotelRoomPrice": "125.92", "hotelFinalPrice": "1133.28"}}}
{"_id": "orderid:307708", "timestamp": "2020-02-12T09:41:24.000Z", "eventType": "transaction", "_adobeamericaspot3": {"CRMID": "crmid:1320720685", "orderDetails": {"orderID": "orderid:307708", "reservationid": "KN5-EIGH", "orderType": "kiosk", "hotelSKU": "prd1151", "hotelCheckInUnix": "1581846084", "hotelCheckOutUnix": "1581932484", "hotelCheckInTS": "2020-02-16T09:41:24+00:00", "hotelCheckOutTS": "2020-02-17T09:41:24+00:00", "hotelChain": "Nesting Box Inn", "hotelName": "Nesting Box Inn: Fort Worth", "hotelLocation": "Fort Worth", "hotelRoomType": "premium", "hotelRoomCount": "1", "hotelGuestAdultCount": "1", "hotelGuestChildCount": "0", "hotelNightCount": "1", "hotelRoomPrice": "148.16", "hotelFinalPrice": "148.16"}}}
{"_id": "orderid:251438", "timestamp": "2019-12-25T02:56:47.000Z", "eventType": "transaction", "_adobeamericaspot3": {"CRMID": "crmid:5394728450", "orderDetails": {"orderID": "orderid:251438", "reservationid": "5ID-PR32", "orderType": "website", "hotelSKU": "prd1010", "hotelCheckInUnix": "1578970607", "hotelCheckOutUnix": "1580093807", "hotelCheckInTS": "2020-01-14T02:56:47+00:00", "hotelCheckOutTS": "2020-01-27T02:56:47+00:00", "hotelChain": "Blue Reef Resort", "hotelName": "Blue Reef Resort: San Diego", "hotelLocation": "San Diego", "hotelRoomType": "standard", "hotelRoomCount": "1", "hotelGuestAdultCount": "1", "hotelGuestChildCount": "0", "hotelNightCount": "13", "hotelRoomPrice": "130.55", "hotelFinalPrice": "1697.15"}}}
{"_id": "orderid:702276", "timestamp": "2020-01-07T18:22:47.000Z", "eventType": "transaction", "_adobeamericaspot3": {"CRMID": "crmid:2666867106", "orderDetails": {"orderID": "orderid:702276", "reservationid": "AJQ-M5Y6", "orderType": "website", "hotelSKU": "prd1057", "hotelCheckInUnix": "1578680567", "hotelCheckOutUnix": "1578766967", "hotelCheckInTS": "2020-01-10T18:22:47+00:00", "hotelCheckOutTS": "2020-01-11T18:22:47+00:00", "hotelChain": "Admiralty Plaza", "hotelName": "Admiralty Plaza: Mumbai", "hotelLocation": "Mumbai", "hotelRoomType": "premium", "hotelRoomCount": "1", "hotelGuestAdultCount": "1", "hotelGuestChildCount": "0", "hotelNightCount": "1", "hotelRoomPrice": "165.7", "hotelFinalPrice": "165.7"}}}
{"_id": "orderid:354752", "timestamp": "2020-01-23T16:41:35.000Z", "eventType": "transaction", "_adobeamericaspot3": {"CRMID": "crmid:2039976154", "orderDetails": {"orderID": "orderid:354752", "reservationid": "IX3-Y63W", "orderType": "kiosk", "hotelSKU": "prd1082", "hotelCheckInUnix": "1581439295", "hotelCheckOutUnix": "1582303295", "hotelCheckInTS": "2020-02-11T16:41:35+00:00", "hotelCheckOutTS": "2020-02-21T16:41:35+00:00", "hotelChain": "Blue Reef Resort", "hotelName": "Blue Reef Resort: Surat", "hotelLocation": "Surat", "hotelRoomType": "standard", "hotelRoomCount": "1", "hotelGuestAdultCount": "1", "hotelGuestChildCount": "0", "hotelNightCount": "10", "hotelRoomPrice": "167.09", "hotelFinalPrice": "1670.9"}}}
{"_id": "orderid:692966", "timestamp": "2020-01-18T02:26:50.000Z", "eventType": "transaction", "_adobeamericaspot3": {"CRMID": "crmid:3031030211", "orderDetails": {"orderID": "orderid:692966", "reservationid": "RLU-WKSD", "orderType": "mobile", "hotelSKU": "prd1046", "hotelCheckInUnix": "1580956010", "hotelCheckOutUnix": "1581388010", "hotelCheckInTS": "2020-02-06T02:26:50+00:00", "hotelCheckOutTS": "2020-02-11T02:26:50+00:00", "hotelChain": "Blue Reef Resort", "hotelName": "Blue Reef Resort: Virginia Beach", "hotelLocation": "Virginia Beach", "hotelRoomType": "premium", "hotelRoomCount": "1", "hotelGuestAdultCount": "1", "hotelGuestChildCount": "0", "hotelNightCount": "5", "hotelRoomPrice": "142.58", "hotelFinalPrice": "712.9"}}}
{"_id": "orderid:699070", "timestamp": "2020-01-04T14:58:42.000Z", "eventType": "transaction", "_adobeamericaspot3": {"CRMID": "crmid:2947050105", "orderDetails": {"orderID": "orderid:699070", "reservationid": "MZR-UIUQ", "orderType": "kiosk", "hotelSKU": "prd1016", "hotelCheckInUnix": "1578236322", "hotelCheckOutUnix": "1578322722", "hotelCheckInTS": "2020-01-05T14:58:42+00:00", "hotelCheckOutTS": "2020-01-06T14:58:42+00:00", "hotelChain": "Aspen Heights", "hotelName": "Aspen Heights: Columbus", "hotelLocation": "Columbus", "hotelRoomType": "premium", "hotelRoomCount": "1", "hotelGuestAdultCount": "1", "hotelGuestChildCount": "0", "hotelNightCount": "1", "hotelRoomPrice": "151.82", "hotelFinalPrice": "151.82"}}}
{"_id": "orderid:679715", "timestamp": "2019-12-12T14:51:22.000Z", "eventType": "transaction", "_adobeamericaspot3": {"CRMID": "crmid:7463570373", "orderDetails": {"orderID": "orderid:679715", "reservationid": "IDA-XDV3", "orderType": "kiosk", "hotelSKU": "prd1115", "hotelCheckInUnix": "1576248682", "hotelCheckOutUnix": "1576335082", "hotelCheckInTS": "2019-12-13T14:51:22+00:00", "hotelCheckOutTS": "2019-12-14T14:51:22+00:00", "hotelChain": "Nesting Box Inn", "hotelName": "Nesting Box Inn: Cologne", "hotelLocation": "Cologne", "hotelRoomType": "premium", "hotelRoomCount": "1", "hotelGuestAdultCount": "1", "hotelGuestChildCount": "0", "hotelNightCount": "1", "hotelRoomPrice": "88.26", "hotelFinalPrice": "88.26"}}}
{"_id": "orderid:841105", "timestamp": "2020-02-15T15:30:54.000Z", "eventType": "transaction", "_adobeamericaspot3": {"CRMID": "crmid:9018382390", "orderDetails": {"orderID": "orderid:841105", "reservationid": "SCU-WXAT", "orderType": "kiosk", "hotelSKU": "prd1008", "hotelCheckInUnix": "1583940654", "hotelCheckOutUnix": "1584459054", "hotelCheckInTS": "2020-03-11T15:30:54+00:00", "hotelCheckOutTS": "2020-03-17T15:30:54+00:00", "hotelChain": "Repose Resort", "hotelName": "Repose Resort: Philadelphia", "hotelLocation": "Philadelphia", "hotelRoomType": "premium", "hotelRoomCount": "1", "hotelGuestAdultCount": "1", "hotelGuestChildCount": "0", "hotelNightCount": "6", "hotelRoomPrice": "145.82", "hotelFinalPrice": "874.92"}}}
{"_id": "orderid:942057", "timestamp": "2020-01-24T19:21:03.000Z", "eventType": "transaction", "_adobeamericaspot3": {"CRMID": "crmid:1497628876", "orderDetails": {"orderID": "orderid:942057", "reservationid": "DP9-NOGC", "orderType": "kiosk", "hotelSKU": "prd1017", "hotelCheckInUnix": "1579980063", "hotelCheckOutUnix": "1580066463", "hotelCheckInTS": "2020-01-25T19:21:03+00:00", "hotelCheckOutTS": "2020-01-26T19:21:03+00:00", "hotelChain": "Sapphire Suites", "hotelName": "Sapphire Suites: Fort Worth", "hotelLocation": "Fort Worth", "hotelRoomType": "standard", "hotelRoomCount": "1", "hotelGuestAdultCount": "1", "hotelGuestChildCount": "0", "hotelNightCount": "1", "hotelRoomPrice": "162.57", "hotelFinalPrice": "162.57"}}}
{"_id": "orderid:555278", "timestamp": "2020-02-08T07:06:57.000Z", "eventType": "transaction", "_adobeamericaspot3": {"CRMID": "crmid:6291375263", "orderDetails": {"orderID": "orderid:555278", "reservationid": "R49-GKD0", "orderType": "kiosk", "hotelSKU": "prd1015", "hotelCheckInUnix": "1583219217", "hotelCheckOutUnix": "1583824017", "hotelCheckInTS": "2020-03-03T07:06:57+00:00", "hotelCheckOutTS": "2020-03-10T07:06:57+00:00", "hotelChain": "Family Fun Hotels", "hotelName": "Family Fun Hotels: San Francisco", "hotelLocation": "San Francisco", "hotelRoomType": "luxury", "hotelRoomCount": "1", "hotelGuestAdultCount": "1", "hotelGuestChildCount": "0", "hotelNightCount": "7", "hotelRoomPrice": "375.51", "hotelFinalPrice": "2628.57"}}}
{"_id": "orderid:399625", "timestamp": "2019-12-02T20:11:18.000Z", "eventType": "transaction", "_adobeamericaspot3": {"CRMID": "crmid:8598813590", "orderDetails": {"orderID": "orderid:399625", "reservationid": "PYC-VGNR", "orderType": "kiosk", "hotelSKU": "prd1059", "hotelCheckInUnix": "1576095078", "hotelCheckOutUnix": "1576613478", "hotelCheckInTS": "2019-12-11T20:11:18+00:00", "hotelCheckOutTS": "2019-12-17T20:11:18+00:00", "hotelChain": "Hospitality Inn", "hotelName": "Hospitality Inn: Kinshasa", "hotelLocation": "Kinshasa", "hotelRoomType": "standard", "hotelRoomCount": "1", "hotelGuestAdultCount": "1", "hotelGuestChildCount": "0", "hotelNightCount": "6", "hotelRoomPrice": "124.97", "hotelFinalPrice": "749.82"}}}
{"_id": "orderid:109843", "timestamp": "2020-02-03T15:27:47.000Z", "eventType": "transaction", "_adobeamericaspot3": {"CRMID": "crmid:5184559824", "orderDetails": {"orderID": "orderid:109843", "reservationid": "DXC-XJVV", "orderType": "website", "hotelSKU": "prd1051", "hotelCheckInUnix": "1580830067", "hotelCheckOutUnix": "1580916467", "hotelCheckInTS": "2020-02-04T15:27:47+00:00", "hotelCheckOutTS": "2020-02-05T15:27:47+00:00", "hotelChain": "Family Fun Hotels", "hotelName": "Family Fun Hotels: New Orleans", "hotelLocation": "New Orleans", "hotelRoomType": "luxury", "hotelRoomCount": "1", "hotelGuestAdultCount": "1", "hotelGuestChildCount": "0", "hotelNightCount": "1", "hotelRoomPrice": "367.83", "hotelFinalPrice": "367.83"}}}
{"_id": "orderid:978885", "timestamp": "2020-01-15T20:49:07.000Z", "eventType": "transaction", "_adobeamericaspot3": {"CRMID": "crmid:6617779169", "orderDetails": {"orderID": "orderid:978885", "reservationid": "DEK-LAHD", "orderType": "kiosk", "hotelSKU": "prd1050", "hotelCheckInUnix": "1579207747", "hotelCheckOutUnix": "1579639747", "hotelCheckInTS": "2020-01-16T20:49:07+00:00", "hotelCheckOutTS": "2020-01-21T20:49:07+00:00", "hotelChain": "Restful Nights", "hotelName": "Restful Nights: Arlington", "hotelLocation": "Arlington", "hotelRoomType": "standard", "hotelRoomCount": "1", "hotelGuestAdultCount": "1", "hotelGuestChildCount": "0", "hotelNightCount": "5", "hotelRoomPrice": "128.77", "hotelFinalPrice": "643.85"}}}
{"_id": "orderid:742498", "timestamp": "2019-12-28T04:33:17.000Z", "eventType": "transaction", "_adobeamericaspot3": {"CRMID": "crmid:3513583173", "orderDetails": {"orderID": "orderid:742498", "reservationid": "JQV-MB1V", "orderType": "website", "hotelSKU": "prd1193", "hotelCheckInUnix": "1577593997", "hotelCheckOutUnix": "1577766797", "hotelCheckInTS": "2019-12-29T04:33:17+00:00", "hotelCheckOutTS": "2019-12-31T04:33:17+00:00", "hotelChain": "Grandeur Hotels", "hotelName": "Grandeur Hotels: Kinshasa", "hotelLocation": "Kinshasa", "hotelRoomType": "premium", "hotelRoomCount": "1", "hotelGuestAdultCount": "1", "hotelGuestChildCount": "0", "hotelNightCount": "2", "hotelRoomPrice": "149.5", "hotelFinalPrice": "299.0"}}}
{"_id": "orderid:244314", "timestamp": "2020-01-15T22:09:44.000Z", "eventType": "transaction", "_adobeamericaspot3": {"CRMID": "crmid:9832280880", "orderDetails": {"orderID": "orderid:244314", "reservationid": "VV8-B3M8", "orderType": "call center", "hotelSKU": "prd1141", "hotelCheckInUnix": "1581372584", "hotelCheckOutUnix": "1582927784", "hotelCheckInTS": "2020-02-10T22:09:44+00:00", "hotelCheckOutTS": "2020-02-28T22:09:44+00:00", "hotelChain": "Admiralty Plaza", "hotelName": "Admiralty Plaza: Phoenix", "hotelLocation": "Phoenix", "hotelRoomType": "premium", "hotelRoomCount": "1", "hotelGuestAdultCount": "1", "hotelGuestChildCount": "0", "hotelNightCount": "18", "hotelRoomPrice": "108.43", "hotelFinalPrice": "1951.74"}}}
{"_id": "orderid:294723", "timestamp": "2020-01-31T03:52:45.000Z", "eventType": "transaction", "_adobeamericaspot3": {"CRMID": "crmid:7620816863", "orderDetails": {"orderID": "orderid:294723", "reservationid": "IQ4-NK37", "orderType": "website", "hotelSKU": "prd1021", "hotelCheckInUnix": "1582257165", "hotelCheckOutUnix": "1582861965", "hotelCheckInTS": "2020-02-21T03:52:45+00:00", "hotelCheckOutTS": "2020-02-28T03:52:45+00:00", "hotelChain": "Admiralty Plaza", "hotelName": "Admiralty Plaza: Denver", "hotelLocation": "Denver", "hotelRoomType": "premium", "hotelRoomCount": "1", "hotelGuestAdultCount": "1", "hotelGuestChildCount": "0", "hotelNightCount": "7", "hotelRoomPrice": "112.02", "hotelFinalPrice": "784.14"}}}
{"_id": "orderid:466850", "timestamp": "2020-01-28T06:22:32.000Z", "eventType": "transaction", "_adobeamericaspot3": {"CRMID": "crmid:1494784093", "orderDetails": {"orderID": "orderid:466850", "reservationid": "DGF-HS3F", "orderType": "call center", "hotelSKU": "prd1023", "hotelCheckInUnix": "1582525352", "hotelCheckOutUnix": "1582784552", "hotelCheckInTS": "2020-02-24T06:22:32+00:00", "hotelCheckOutTS": "2020-02-27T06:22:32+00:00", "hotelChain": "Hospitality Inn", "hotelName": "Hospitality Inn: Boston", "hotelLocation": "Boston", "hotelRoomType": "standard", "hotelRoomCount": "1", "hotelGuestAdultCount": "1", "hotelGuestChildCount": "0", "hotelNightCount": "3", "hotelRoomPrice": "169.16", "hotelFinalPrice": "507.48"}}}
{"_id": "orderid:575809", "timestamp": "2020-01-27T14:18:20.000Z", "eventType": "transaction", "_adobeamericaspot3": {"CRMID": "crmid:4709655594", "orderDetails": {"orderID": "orderid:575809", "reservationid": "DPQ-4NSJ", "orderType": "kiosk", "hotelSKU": "prd1177", "hotelCheckInUnix": "1580221100", "hotelCheckOutUnix": "1580307500", "hotelCheckInTS": "2020-01-28T14:18:20+00:00", "hotelCheckOutTS": "2020-01-29T14:18:20+00:00", "hotelChain": "Admiralty Plaza", "hotelName": "Admiralty Plaza: Raleigh", "hotelLocation": "Raleigh", "hotelRoomType": "premium", "hotelRoomCount": "1", "hotelGuestAdultCount": "1", "hotelGuestChildCount": "0", "hotelNightCount": "1", "hotelRoomPrice": "107.72", "hotelFinalPrice": "107.72"}}}
{"_id": "orderid:530684", "timestamp": "2019-12-05T12:07:46.000Z", "eventType": "transaction", "_adobeamericaspot3": {"CRMID": "crmid:8709391941", "orderDetails": {"orderID": "orderid:530684", "reservationid": "TBB-K0GY", "orderType": "call center", "hotelSKU": "prd1040", "hotelCheckInUnix": "1576930066", "hotelCheckOutUnix": "1577707666", "hotelCheckInTS": "2019-12-21T12:07:46+00:00", "hotelCheckOutTS": "2019-12-30T12:07:46+00:00", "hotelChain": "Aspen Heights", "hotelName": "Aspen Heights: Atlanta", "hotelLocation": "Atlanta", "hotelRoomType": "standard", "hotelRoomCount": "1", "hotelGuestAdultCount": "1", "hotelGuestChildCount": "0", "hotelNightCount": "9", "hotelRoomPrice": "130.37", "hotelFinalPrice": "1173.33"}}}
{"_id": "orderid:228324", "timestamp": "2020-02-05T00:10:39.000Z", "eventType": "transaction", "_adobeamericaspot3": {"CRMID": "crmid:7747013477", "orderDetails": {"orderID": "orderid:228324", "reservationid": "QTD-ISYC", "orderType": "website", "hotelSKU": "prd1043", "hotelCheckInUnix": "1583021439", "hotelCheckOutUnix": "1583194239", "hotelCheckInTS": "2020-03-01T00:10:39+00:00", "hotelCheckOutTS": "2020-03-03T00:10:39+00:00", "hotelChain": "Nesting Box Inn", "hotelName": "Nesting Box Inn: Raleigh", "hotelLocation": "Raleigh", "hotelRoomType": "premium", "hotelRoomCount": "1", "hotelGuestAdultCount": "1", "hotelGuestChildCount": "4", "hotelNightCount": "2", "hotelRoomPrice": "136.93", "hotelFinalPrice": "273.86"}}}
{"_id": "orderid:748990", "timestamp": "2020-01-05T18:59:54.000Z", "eventType": "transaction", "_adobeamericaspot3": {"CRMID": "crmid:2505511863", "orderDetails": {"orderID": "orderid:748990", "reservationid": "BR5-BSQ0", "orderType": "kiosk", "hotelSKU": "prd1011", "hotelCheckInUnix": "1578596394", "hotelCheckOutUnix": "1579114794", "hotelCheckInTS": "2020-01-09T18:59:54+00:00", "hotelCheckOutTS": "2020-01-15T18:59:54+00:00", "hotelChain": "Hospitality Inn", "hotelName": "Hospitality Inn: Dallas", "hotelLocation": "Dallas", "hotelRoomType": "standard", "hotelRoomCount": "1", "hotelGuestAdultCount": "1", "hotelGuestChildCount": "0", "hotelNightCount": "6", "hotelRoomPrice": "150.81", "hotelFinalPrice": "904.86"}}}
{"_id": "orderid:415126", "timestamp": "2020-01-28T04:14:21.000Z", "eventType": "transaction", "_adobeamericaspot3": {"CRMID": "crmid:6815159926", "orderDetails": {"orderID": "orderid:415126", "reservationid": "G0D-MP5O", "orderType": "kiosk", "hotelSKU": "prd1185", "hotelCheckInUnix": "1581740061", "hotelCheckOutUnix": "1582690461", "hotelCheckInTS": "2020-02-15T04:14:21+00:00", "hotelCheckOutTS": "2020-02-26T04:14:21+00:00", "hotelChain": "Sapphire Suites", "hotelName": "Sapphire Suites: New Orleans", "hotelLocation": "New Orleans", "hotelRoomType": "premium", "hotelRoomCount": "1", "hotelGuestAdultCount": "1", "hotelGuestChildCount": "0", "hotelNightCount": "11", "hotelRoomPrice": "119.06", "hotelFinalPrice": "1309.66"}}}
{"_id": "orderid:230539", "timestamp": "2020-02-01T19:59:46.000Z", "eventType": "transaction", "_adobeamericaspot3": {"CRMID": "crmid:7638309036", "orderDetails": {"orderID": "orderid:230539", "reservationid": "MRD-9CTU", "orderType": "mobile", "hotelSKU": "prd1165", "hotelCheckInUnix": "1581710386", "hotelCheckOutUnix": "1582401586", "hotelCheckInTS": "2020-02-14T19:59:46+00:00", "hotelCheckOutTS": "2020-02-22T19:59:46+00:00", "hotelChain": "Admiralty Plaza", "hotelName": "Admiralty Plaza: Louisville", "hotelLocation": "Louisville", "hotelRoomType": "premium", "hotelRoomCount": "1", "hotelGuestAdultCount": "1", "hotelGuestChildCount": "0", "hotelNightCount": "8", "hotelRoomPrice": "128.66", "hotelFinalPrice": "1029.28"}}}
{"_id": "orderid:965735", "timestamp": "2020-02-14T18:11:47.000Z", "eventType": "transaction", "_adobeamericaspot3": {"CRMID": "crmid:1948481774", "orderDetails": {"orderID": "orderid:965735", "reservationid": "6SN-YJQZ", "orderType": "kiosk", "hotelSKU": "prd1166", "hotelCheckInUnix": "1582049507", "hotelCheckOutUnix": "1582740707", "hotelCheckInTS": "2020-02-18T18:11:47+00:00", "hotelCheckOutTS": "2020-02-26T18:11:47+00:00", "hotelChain": "Blue Reef Resort", "hotelName": "Blue Reef Resort: Baltimore", "hotelLocation": "Baltimore", "hotelRoomType": "standard", "hotelRoomCount": "1", "hotelGuestAdultCount": "1", "hotelGuestChildCount": "0", "hotelNightCount": "8", "hotelRoomPrice": "127.65", "hotelFinalPrice": "1021.2"}}}
{"_id": "orderid:789931", "timestamp": "2020-01-26T18:43:05.000Z", "eventType": "transaction", "_adobeamericaspot3": {"CRMID": "crmid:5027324442", "orderDetails": {"orderID": "orderid:789931", "reservationid": "THP-ZCCX", "orderType": "mobile", "hotelSKU": "prd1037", "hotelCheckInUnix": "1581964985", "hotelCheckOutUnix": "1582396985", "hotelCheckInTS": "2020-02-17T18:43:05+00:00", "hotelCheckOutTS": "2020-02-22T18:43:05+00:00", "hotelChain": "Grandeur Hotels", "hotelName": "Grandeur Hotels: Sacramento", "hotelLocation": "Sacramento", "hotelRoomType": "standard", "hotelRoomCount": "1", "hotelGuestAdultCount": "1", "hotelGuestChildCount": "0", "hotelNightCount": "5", "hotelRoomPrice": "99.65", "hotelFinalPrice": "498.25"}}}
{"_id": "orderid:227701", "timestamp": "2020-02-13T16:57:20.000Z", "eventType": "transaction", "_adobeamericaspot3": {"CRMID": "crmid:6486865419", "orderDetails": {"orderID": "orderid:227701", "reservationid": "JPZ-XS4F", "orderType": "call center", "hotelSKU": "prd1009", "hotelCheckInUnix": "1583600240", "hotelCheckOutUnix": "1583686640", "hotelCheckInTS": "2020-03-07T16:57:20+00:00", "hotelCheckOutTS": "2020-03-08T16:57:20+00:00", "hotelChain": "Admiralty Plaza", "hotelName": "Admiralty Plaza: San Antonio", "hotelLocation": "San Antonio", "hotelRoomType": "standard", "hotelRoomCount": "1", "hotelGuestAdultCount": "1", "hotelGuestChildCount": "2", "hotelNightCount": "1", "hotelRoomPrice": "126.65", "hotelFinalPrice": "126.65"}}}
{"_id": "orderid:645600", "timestamp": "2020-02-02T13:42:08.000Z", "eventType": "transaction", "_adobeamericaspot3": {"CRMID": "crmid:5976643928", "orderDetails": {"orderID": "orderid:645600", "reservationid": "X9A-ELE6", "orderType": "kiosk", "hotelSKU": "prd1086", "hotelCheckInUnix": "1583070128", "hotelCheckOutUnix": "1583934128", "hotelCheckInTS": "2020-03-01T13:42:08+00:00", "hotelCheckOutTS": "2020-03-11T13:42:08+00:00", "hotelChain": "Restful Nights", "hotelName": "Restful Nights: Johannesburg", "hotelLocation": "Johannesburg", "hotelRoomType": "standard", "hotelRoomCount": "1", "hotelGuestAdultCount": "1", "hotelGuestChildCount": "0", "hotelNightCount": "10", "hotelRoomPrice": "118.56", "hotelFinalPrice": "1185.6"}}}
{"_id": "orderid:351616", "timestamp": "2020-02-10T15:04:46.000Z", "eventType": "transaction", "_adobeamericaspot3": {"CRMID": "crmid:6121416910", "orderDetails": {"orderID": "orderid:351616", "reservationid": "KWI-WX4C", "orderType": "website", "hotelSKU": "prd1177", "hotelCheckInUnix": "1582038286", "hotelCheckOutUnix": "1582556686", "hotelCheckInTS": "2020-02-18T15:04:46+00:00", "hotelCheckOutTS": "2020-02-24T15:04:46+00:00", "hotelChain": "Admiralty Plaza", "hotelName": "Admiralty Plaza: Raleigh", "hotelLocation": "Raleigh", "hotelRoomType": "standard", "hotelRoomCount": "1", "hotelGuestAdultCount": "1", "hotelGuestChildCount": "0", "hotelNightCount": "6", "hotelRoomPrice": "160.87", "hotelFinalPrice": "965.22"}}}
{"_id": "orderid:605393", "timestamp": "2020-01-10T21:01:40.000Z", "eventType": "transaction", "_adobeamericaspot3": {"CRMID": "crmid:2545537091", "orderDetails": {"orderID": "orderid:605393", "reservationid": "PPT-POO9", "orderType": "mobile", "hotelSKU": "prd1120", "hotelCheckInUnix": "1578776500", "hotelCheckOutUnix": "1578949300", "hotelCheckInTS": "2020-01-11T21:01:40+00:00", "hotelCheckOutTS": "2020-01-13T21:01:40+00:00", "hotelChain": "Sandhill", "hotelName": "Sandhill: Marseille", "hotelLocation": "Marseille", "hotelRoomType": "premium", "hotelRoomCount": "1", "hotelGuestAdultCount": "1", "hotelGuestChildCount": "0", "hotelNightCount": "2", "hotelRoomPrice": "189.29", "hotelFinalPrice": "378.58"}}}
{"_id": "orderid:168663", "timestamp": "2020-01-12T21:00:40.000Z", "eventType": "transaction", "_adobeamericaspot3": {"CRMID": "crmid:7979007225", "orderDetails": {"orderID": "orderid:168663", "reservationid": "IDO-FMXA", "orderType": "website", "hotelSKU": "prd1163", "hotelCheckInUnix": "1580677240", "hotelCheckOutUnix": "1581282040", "hotelCheckInTS": "2020-02-02T21:00:40+00:00", "hotelCheckOutTS": "2020-02-09T21:00:40+00:00", "hotelChain": "Nesting Box Inn", "hotelName": "Nesting Box Inn: Oklahoma City", "hotelLocation": "Oklahoma City", "hotelRoomType": "luxury", "hotelRoomCount": "1", "hotelGuestAdultCount": "1", "hotelGuestChildCount": "0", "hotelNightCount": "7", "hotelRoomPrice": "337.79", "hotelFinalPrice": "2364.53"}}}
{"_id": "orderid:217414", "timestamp": "2019-12-11T12:13:20.000Z", "eventType": "transaction", "_adobeamericaspot3": {"CRMID": "crmid:9286166250", "orderDetails": {"orderID": "orderid:217414", "reservationid": "FCZ-JV1Y", "orderType": "call center", "hotelSKU": "prd1009", "hotelCheckInUnix": "1578226400", "hotelCheckOutUnix": "1579436000", "hotelCheckInTS": "2020-01-05T12:13:20+00:00", "hotelCheckOutTS": "2020-01-19T12:13:20+00:00", "hotelChain": "Admiralty Plaza", "hotelName": "Admiralty Plaza: San Antonio", "hotelLocation": "San Antonio", "hotelRoomType": "standard", "hotelRoomCount": "1", "hotelGuestAdultCount": "1", "hotelGuestChildCount": "0", "hotelNightCount": "14", "hotelRoomPrice": "164.34", "hotelFinalPrice": "2300.76"}}}
{"_id": "orderid:173567", "timestamp": "2019-12-30T23:08:46.000Z", "eventType": "transaction", "_adobeamericaspot3": {"CRMID": "crmid:2343081583", "orderDetails": {"orderID": "orderid:173567", "reservationid": "2TT-GNZ2", "orderType": "kiosk", "hotelSKU": "prd1100", "hotelCheckInUnix": "1577833726", "hotelCheckOutUnix": "1577920126", "hotelCheckInTS": "2019-12-31T23:08:46+00:00", "hotelCheckOutTS": "2020-01-01T23:08:46+00:00", "hotelChain": "Aspen Heights", "hotelName": "Aspen Heights: Misk", "hotelLocation": "Misk", "hotelRoomType": "luxury", "hotelRoomCount": "1", "hotelGuestAdultCount": "1", "hotelGuestChildCount": "0", "hotelNightCount": "1", "hotelRoomPrice": "370.09", "hotelFinalPrice": "370.09"}}}
{"_id": "orderid:246032", "timestamp": "2020-01-23T12:18:16.000Z", "eventType": "transaction", "_adobeamericaspot3": {"CRMID": "crmid:2160093899", "orderDetails": {"orderID": "orderid:246032", "reservationid": "FCS-SZ8N", "orderType": "kiosk", "hotelSKU": "prd1004", "hotelCheckInUnix": "1582114696", "hotelCheckOutUnix": "1582546696", "hotelCheckInTS": "2020-02-19T12:18:16+00:00", "hotelCheckOutTS": "2020-02-24T12:18:16+00:00", "hotelChain": "Aspen Heights", "hotelName": "Aspen Heights: Boulder", "hotelLocation": "Boulder", "hotelRoomType": "standard", "hotelRoomCount": "1", "hotelGuestAdultCount": "1", "hotelGuestChildCount": "0", "hotelNightCount": "5", "hotelRoomPrice": "181.12", "hotelFinalPrice": "905.6"}}}
{"_id": "orderid:731771", "timestamp": "2020-01-07T09:44:43.000Z", "eventType": "transaction", "_adobeamericaspot3": {"CRMID": "crmid:4333592132", "orderDetails": {"orderID": "orderid:731771", "reservationid": "RWM-94C8", "orderType": "kiosk", "hotelSKU": "prd1052", "hotelCheckInUnix": "1580550283", "hotelCheckOutUnix": "1580982283", "hotelCheckInTS": "2020-02-01T09:44:43+00:00", "hotelCheckOutTS": "2020-02-06T09:44:43+00:00", "hotelChain": "Aspen Heights", "hotelName": "Aspen Heights: Wichita", "hotelLocation": "Wichita", "hotelRoomType": "standard", "hotelRoomCount": "1", "hotelGuestAdultCount": "1", "hotelGuestChildCount": "0", "hotelNightCount": "5", "hotelRoomPrice": "144.42", "hotelFinalPrice": "722.1"}}}
{"_id": "orderid:136592", "timestamp": "2020-01-11T09:08:40.000Z", "eventType": "transaction", "_adobeamericaspot3": {"CRMID": "crmid:6872505536", "orderDetails": {"orderID": "orderid:136592", "reservationid": "DRC-KR0N", "orderType": "kiosk", "hotelSKU": "prd1021", "hotelCheckInUnix": "1581066520", "hotelCheckOutUnix": "1581239320", "hotelCheckInTS": "2020-02-07T09:08:40+00:00", "hotelCheckOutTS": "2020-02-09T09:08:40+00:00", "hotelChain": "Admiralty Plaza", "hotelName": "Admiralty Plaza: Denver", "hotelLocation": "Denver", "hotelRoomType": "standard", "hotelRoomCount": "1", "hotelGuestAdultCount": "1", "hotelGuestChildCount": "0", "hotelNightCount": "2", "hotelRoomPrice": "148.62", "hotelFinalPrice": "297.24"}}}
{"_id": "orderid:644661", "timestamp": "2020-01-15T02:59:23.000Z", "eventType": "transaction", "_adobeamericaspot3": {"CRMID": "crmid:4977263784", "orderDetails": {"orderID": "orderid:644661", "reservationid": "T54-XS2D", "orderType": "kiosk", "hotelSKU": "prd1081", "hotelCheckInUnix": "1579834763", "hotelCheckOutUnix": "1580698763", "hotelCheckInTS": "2020-01-24T02:59:23+00:00", "hotelCheckOutTS": "2020-02-03T02:59:23+00:00", "hotelChain": "Admiralty Plaza", "hotelName": "Admiralty Plaza: Rod de Janeiro", "hotelLocation": "Rod de Janeiro", "hotelRoomType": "standard", "hotelRoomCount": "1", "hotelGuestAdultCount": "1", "hotelGuestChildCount": "0", "hotelNightCount": "10", "hotelRoomPrice": "122.03", "hotelFinalPrice": "1220.3"}}}
{"_id": "orderid:301280", "timestamp": "2020-02-12T07:28:54.000Z", "eventType": "transaction", "_adobeamericaspot3": {"CRMID": "crmid:4462549727", "orderDetails": {"orderID": "orderid:301280", "reservationid": "EBV-XYL1", "orderType": "kiosk", "hotelSKU": "prd1141", "hotelCheckInUnix": "1583738934", "hotelCheckOutUnix": "1584084534", "hotelCheckInTS": "2020-03-09T07:28:54+00:00", "hotelCheckOutTS": "2020-03-13T07:28:54+00:00", "hotelChain": "Admiralty Plaza", "hotelName": "Admiralty Plaza: Phoenix", "hotelLocation": "Phoenix", "hotelRoomType": "standard", "hotelRoomCount": "1", "hotelGuestAdultCount": "1", "hotelGuestChildCount": "0", "hotelNightCount": "4", "hotelRoomPrice": "137.22", "hotelFinalPrice": "548.88"}}}
{"_id": "orderid:840969", "timestamp": "2020-01-01T17:27:45.000Z", "eventType": "transaction", "_adobeamericaspot3": {"CRMID": "crmid:7334510953", "orderDetails": {"orderID": "orderid:840969", "reservationid": "LAE-PKLY", "orderType": "call center", "hotelSKU": "prd1106", "hotelCheckInUnix": "1579541265", "hotelCheckOutUnix": "1580059665", "hotelCheckInTS": "2020-01-20T17:27:45+00:00", "hotelCheckOutTS": "2020-01-26T17:27:45+00:00", "hotelChain": "Blue Reef Resort", "hotelName": "Blue Reef Resort: Munich", "hotelLocation": "Munich", "hotelRoomType": "standard", "hotelRoomCount": "1", "hotelGuestAdultCount": "1", "hotelGuestChildCount": "3", "hotelNightCount": "6", "hotelRoomPrice": "124.98", "hotelFinalPrice": "749.88"}}}
{"_id": "orderid:188241", "timestamp": "2020-01-25T23:18:47.000Z", "eventType": "transaction", "_adobeamericaspot3": {"CRMID": "crmid:2806540305", "orderDetails": {"orderID": "orderid:188241", "reservationid": "VW6-KQMZ", "orderType": "website", "hotelSKU": "prd1094", "hotelCheckInUnix": "1581895127", "hotelCheckOutUnix": "1582931927", "hotelCheckInTS": "2020-02-16T23:18:47+00:00", "hotelCheckOutTS": "2020-02-28T23:18:47+00:00", "hotelChain": "Blue Reef Resort", "hotelName": "Blue Reef Resort: Berlin", "hotelLocation": "Berlin", "hotelRoomType": "standard", "hotelRoomCount": "1", "hotelGuestAdultCount": "1", "hotelGuestChildCount": "0", "hotelNightCount": "12", "hotelRoomPrice": "164.94", "hotelFinalPrice": "1979.28"}}}
{"_id": "orderid:841733", "timestamp": "2020-02-08T01:15:40.000Z", "eventType": "transaction", "_adobeamericaspot3": {"CRMID": "crmid:1301915383", "orderDetails": {"orderID": "orderid:841733", "reservationid": "J7U-IF7M", "orderType": "kiosk", "hotelSKU": "prd1196", "hotelCheckInUnix": "1583198140", "hotelCheckOutUnix": "1583630140", "hotelCheckInTS": "2020-03-03T01:15:40+00:00", "hotelCheckOutTS": "2020-03-08T01:15:40+00:00", "hotelChain": "Aspen Heights", "hotelName": "Aspen Heights: Moscow", "hotelLocation": "Moscow", "hotelRoomType": "standard", "hotelRoomCount": "1", "hotelGuestAdultCount": "1", "hotelGuestChildCount": "0", "hotelNightCount": "5", "hotelRoomPrice": "150.66", "hotelFinalPrice": "753.3"}}}
{"_id": "orderid:717003", "timestamp": "2020-01-25T21:05:24.000Z", "eventType": "transaction", "_adobeamericaspot3": {"CRMID": "crmid:9767593978", "orderDetails": {"orderID": "orderid:717003", "reservationid": "8L7-UB1O", "orderType": "kiosk", "hotelSKU": "prd1063", "hotelCheckInUnix": "1582059924", "hotelCheckOutUnix": "1583701524", "hotelCheckInTS": "2020-02-18T21:05:24+00:00", "hotelCheckOutTS": "2020-03-08T21:05:24+00:00", "hotelChain": "Family Fun Hotels", "hotelName": "Family Fun Hotels: London", "hotelLocation": "London", "hotelRoomType": "standard", "hotelRoomCount": "1", "hotelGuestAdultCount": "1", "hotelGuestChildCount": "0", "hotelNightCount": "19", "hotelRoomPrice": "187.65", "hotelFinalPrice": "3565.35"}}}
{"_id": "orderid:455467", "timestamp": "2019-12-31T03:15:13.000Z", "eventType": "transaction", "_adobeamericaspot3": {"CRMID": "crmid:5052868955", "orderDetails": {"orderID": "orderid:455467", "reservationid": "IF8-2F5T", "orderType": "kiosk", "hotelSKU": "prd1067", "hotelCheckInUnix": "1578107713", "hotelCheckOutUnix": "1578194113", "hotelCheckInTS": "2020-01-04T03:15:13+00:00", "hotelCheckOutTS": "2020-01-05T03:15:13+00:00", "hotelChain": "Nesting Box Inn", "hotelName": "Nesting Box Inn: Istanbul", "hotelLocation": "Istanbul", "hotelRoomType": "standard", "hotelRoomCount": "1", "hotelGuestAdultCount": "1", "hotelGuestChildCount": "0", "hotelNightCount": "1", "hotelRoomPrice": "77.35", "hotelFinalPrice": "77.35"}}}
{"_id": "orderid:115411", "timestamp": "2020-01-11T05:29:31.000Z", "eventType": "transaction", "_adobeamericaspot3": {"CRMID": "crmid:1427466166", "orderDetails": {"orderID": "orderid:115411", "reservationid": "ROS-ZCOC", "orderType": "website", "hotelSKU": "prd1095", "hotelCheckInUnix": "1581053371", "hotelCheckOutUnix": "1581485371", "hotelCheckInTS": "2020-02-07T05:29:31+00:00", "hotelCheckOutTS": "2020-02-12T05:29:31+00:00", "hotelChain": "Hospitality Inn", "hotelName": "Hospitality Inn: Casablanca", "hotelLocation": "Casablanca", "hotelRoomType": "standard", "hotelRoomCount": "1", "hotelGuestAdultCount": "1", "hotelGuestChildCount": "0", "hotelNightCount": "5", "hotelRoomPrice": "154.2", "hotelFinalPrice": "771.0"}}}
{"_id": "orderid:497735", "timestamp": "2019-12-02T07:57:06.000Z", "eventType": "transaction", "_adobeamericaspot3": {"CRMID": "crmid:1677237146", "orderDetails": {"orderID": "orderid:497735", "reservationid": "T2I-AKY8", "orderType": "kiosk", "hotelSKU": "prd1159", "hotelCheckInUnix": "1575359826", "hotelCheckOutUnix": "1575532626", "hotelCheckInTS": "2019-12-03T07:57:06+00:00", "hotelCheckOutTS": "2019-12-05T07:57:06+00:00", "hotelChain": "Family Fun Hotels", "hotelName": "Family Fun Hotels: Detroit", "hotelLocation": "Detroit", "hotelRoomType": "standard", "hotelRoomCount": "1", "hotelGuestAdultCount": "1", "hotelGuestChildCount": "0", "hotelNightCount": "2", "hotelRoomPrice": "91.21", "hotelFinalPrice": "182.42"}}}
{"_id": "orderid:101541", "timestamp": "2019-12-06T08:11:52.000Z", "eventType": "transaction", "_adobeamericaspot3": {"CRMID": "crmid:1862054815", "orderDetails": {"orderID": "orderid:101541", "reservationid": "N9B-JQZT", "orderType": "call center", "hotelSKU": "prd1058", "hotelCheckInUnix": "1575706312", "hotelCheckOutUnix": "1576138312", "hotelCheckInTS": "2019-12-07T08:11:52+00:00", "hotelCheckOutTS": "2019-12-12T08:11:52+00:00", "hotelChain": "Blue Reef Resort", "hotelName": "Blue Reef Resort: Delhi", "hotelLocation": "Delhi", "hotelRoomType": "standard", "hotelRoomCount": "1", "hotelGuestAdultCount": "1", "hotelGuestChildCount": "0", "hotelNightCount": "5", "hotelRoomPrice": "104.01", "hotelFinalPrice": "520.05"}}}
{"_id": "orderid:417847", "timestamp": "2019-12-08T03:10:34.000Z", "eventType": "transaction", "_adobeamericaspot3": {"CRMID": "crmid:1014067585", "orderDetails": {"orderID": "orderid:417847", "reservationid": "SD0-GCTI", "orderType": "website", "hotelSKU": "prd1148", "hotelCheckInUnix": "1575861034", "hotelCheckOutUnix": "1576033834", "hotelCheckInTS": "2019-12-09T03:10:34+00:00", "hotelCheckOutTS": "2019-12-11T03:10:34+00:00", "hotelChain": "Aspen Heights", "hotelName": "Aspen Heights: Jacksonville", "hotelLocation": "Jacksonville", "hotelRoomType": "standard", "hotelRoomCount": "1", "hotelGuestAdultCount": "1", "hotelGuestChildCount": "0", "hotelNightCount": "2", "hotelRoomPrice": "139.97", "hotelFinalPrice": "279.94"}}}
{"_id": "orderid:443959", "timestamp": "2019-12-20T17:43:47.000Z", "eventType": "transaction", "_adobeamericaspot3": {"CRMID": "crmid:4805555712", "orderDetails": {"orderID": "orderid:443959", "reservationid": "2WA-C541", "orderType": "call center", "hotelSKU": "prd1080", "hotelCheckInUnix": "1578073427", "hotelCheckOutUnix": "1578678227", "hotelCheckInTS": "2020-01-03T17:43:47+00:00", "hotelCheckOutTS": "2020-01-10T17:43:47+00:00", "hotelChain": "Repose Resort", "hotelName": "Repose Resort: Hyderabad", "hotelLocation": "Hyderabad", "hotelRoomType": "premium", "hotelRoomCount": "1", "hotelGuestAdultCount": "1", "hotelGuestChildCount": "0", "hotelNightCount": "7", "hotelRoomPrice": "101.37", "hotelFinalPrice": "709.59"}}}
{"_id": "orderid:536644", "timestamp": "2019-12-28T02:51:11.000Z", "eventType": "transaction", "_adobeamericaspot3": {"CRMID": "crmid:5942481321", "orderDetails": {"orderID": "orderid:536644", "reservationid": "4K5-ZPLH", "orderType": "kiosk", "hotelSKU": "prd1119", "hotelCheckInUnix": "1580007071", "hotelCheckOutUnix": "1580698271", "hotelCheckInTS": "2020-01-26T02:51:11+00:00", "hotelCheckOutTS": "2020-02-03T02:51:11+00:00", "hotelChain": "Hospitality Inn", "hotelName": "Hospitality Inn: Turin", "hotelLocation": "Turin", "hotelRoomType": "luxury", "hotelRoomCount": "1", "hotelGuestAdultCount": "1", "hotelGuestChildCount": "0", "hotelNightCount": "8", "hotelRoomPrice": "292.84", "hotelFinalPrice": "2342.72"}}}
{"_id": "orderid:406260", "timestamp": "2020-02-07T11:07:39.000Z", "eventType": "transaction", "_adobeamericaspot3": {"CRMID": "crmid:8203564589", "orderDetails": {"orderID": "orderid:406260", "reservationid": "PT1-ZRAD", "orderType": "website", "hotelSKU": "prd1081", "hotelCheckInUnix": "1581332859", "hotelCheckOutUnix": "1581419259", "hotelCheckInTS": "2020-02-10T11:07:39+00:00", "hotelCheckOutTS": "2020-02-11T11:07:39+00:00", "hotelChain": "Admiralty Plaza", "hotelName": "Admiralty Plaza: Rod de Janeiro", "hotelLocation": "Rod de Janeiro", "hotelRoomType": "standard", "hotelRoomCount": "1", "hotelGuestAdultCount": "1", "hotelGuestChildCount": "0", "hotelNightCount": "1", "hotelRoomPrice": "93.51", "hotelFinalPrice": "93.51"}}}
{"_id": "orderid:303419", "timestamp": "2019-12-06T08:51:19.000Z", "eventType": "transaction", "_adobeamericaspot3": {"CRMID": "crmid:2081039230", "orderDetails": {"orderID": "orderid:303419", "reservationid": "TZ7-OF0W", "orderType": "service desk", "hotelSKU": "prd1129", "hotelCheckInUnix": "1577868679", "hotelCheckOutUnix": "1578127879", "hotelCheckInTS": "2020-01-01T08:51:19+00:00", "hotelCheckOutTS": "2020-01-04T08:51:19+00:00", "hotelChain": "Admiralty Plaza", "hotelName": "Admiralty Plaza: Helsinki", "hotelLocation": "Helsinki", "hotelRoomType": "premium", "hotelRoomCount": "1", "hotelGuestAdultCount": "1", "hotelGuestChildCount": "2", "hotelNightCount": "3", "hotelRoomPrice": "91.65", "hotelFinalPrice": "274.95"}}}
{"_id": "orderid:190456", "timestamp": "2019-12-21T06:09:18.000Z", "eventType": "transaction", "_adobeamericaspot3": {"CRMID": "crmid:6064400385", "orderDetails": {"orderID": "orderid:190456", "reservationid": "MIS-H5YS", "orderType": "website", "hotelSKU": "prd1131", "hotelCheckInUnix": "1579414158", "hotelCheckOutUnix": "1580018958", "hotelCheckInTS": "2020-01-19T06:09:18+00:00", "hotelCheckOutTS": "2020-01-26T06:09:18+00:00", "hotelChain": "Hospitality Inn", "hotelName": "Hospitality Inn: Sheffield", "hotelLocation": "Sheffield", "hotelRoomType": "standard", "hotelRoomCount": "1", "hotelGuestAdultCount": "1", "hotelGuestChildCount": "0", "hotelNightCount": "7", "hotelRoomPrice": "87.26", "hotelFinalPrice": "610.82"}}}
{"_id": "orderid:557521", "timestamp": "2020-02-16T04:52:56.000Z", "eventType": "transaction", "_adobeamericaspot3": {"CRMID": "crmid:6674157455", "orderDetails": {"orderID": "orderid:557521", "reservationid": "TCD-OTFR", "orderType": "kiosk", "hotelSKU": "prd1187", "hotelCheckInUnix": "1582174376", "hotelCheckOutUnix": "1582260776", "hotelCheckInTS": "2020-02-20T04:52:56+00:00", "hotelCheckOutTS": "2020-02-21T04:52:56+00:00", "hotelChain": "Nesting Box Inn", "hotelName": "Nesting Box Inn: Cleveland", "hotelLocation": "Cleveland", "hotelRoomType": "standard", "hotelRoomCount": "1", "hotelGuestAdultCount": "1", "hotelGuestChildCount": "0", "hotelNightCount": "1", "hotelRoomPrice": "191.41", "hotelFinalPrice": "191.41"}}}
{"_id": "orderid:416375", "timestamp": "2020-01-02T13:22:49.000Z", "eventType": "transaction", "_adobeamericaspot3": {"CRMID": "crmid:9508375406", "orderDetails": {"orderID": "orderid:416375", "reservationid": "787-PVCF", "orderType": "call center", "hotelSKU": "prd1040", "hotelCheckInUnix": "1578230569", "hotelCheckOutUnix": "1578316969", "hotelCheckInTS": "2020-01-05T13:22:49+00:00", "hotelCheckOutTS": "2020-01-06T13:22:49+00:00", "hotelChain": "Aspen Heights", "hotelName": "Aspen Heights: Atlanta", "hotelLocation": "Atlanta", "hotelRoomType": "standard", "hotelRoomCount": "1", "hotelGuestAdultCount": "1", "hotelGuestChildCount": "0", "hotelNightCount": "1", "hotelRoomPrice": "164.82", "hotelFinalPrice": "164.82"}}}
{"_id": "orderid:608623", "timestamp": "2019-12-21T21:45:48.000Z", "eventType": "transaction", "_adobeamericaspot3": {"CRMID": "crmid:2897876013", "orderDetails": {"orderID": "orderid:608623", "reservationid": "IQC-SFPH", "orderType": "service desk", "hotelSKU": "prd1185", "hotelCheckInUnix": "1578865548", "hotelCheckOutUnix": "1579729548", "hotelCheckInTS": "2020-01-12T21:45:48+00:00", "hotelCheckOutTS": "2020-01-22T21:45:48+00:00", "hotelChain": "Sapphire Suites", "hotelName": "Sapphire Suites: New Orleans", "hotelLocation": "New Orleans", "hotelRoomType": "standard", "hotelRoomCount": "1", "hotelGuestAdultCount": "1", "hotelGuestChildCount": "0", "hotelNightCount": "10", "hotelRoomPrice": "218.65", "hotelFinalPrice": "2186.5"}}}
{"_id": "orderid:255447", "timestamp": "2019-12-13T10:00:34.000Z", "eventType": "transaction", "_adobeamericaspot3": {"CRMID": "crmid:8143327727", "orderDetails": {"orderID": "orderid:255447", "reservationid": "KNO-FVCH", "orderType": "mobile", "hotelSKU": "prd1115", "hotelCheckInUnix": "1577181634", "hotelCheckOutUnix": "1577527234", "hotelCheckInTS": "2019-12-24T10:00:34+00:00", "hotelCheckOutTS": "2019-12-28T10:00:34+00:00", "hotelChain": "Nesting Box Inn", "hotelName": "Nesting Box Inn: Cologne", "hotelLocation": "Cologne", "hotelRoomType": "standard", "hotelRoomCount": "1", "hotelGuestAdultCount": "1", "hotelGuestChildCount": "0", "hotelNightCount": "4", "hotelRoomPrice": "132.95", "hotelFinalPrice": "531.8"}}}
{"_id": "orderid:549065", "timestamp": "2020-01-05T20:37:28.000Z", "eventType": "transaction", "_adobeamericaspot3": {"CRMID": "crmid:8584532676", "orderDetails": {"orderID": "orderid:549065", "reservationid": "VCB-CV9N", "orderType": "kiosk", "hotelSKU": "prd1189", "hotelCheckInUnix": "1578343048", "hotelCheckOutUnix": "1578429448", "hotelCheckInTS": "2020-01-06T20:37:28+00:00", "hotelCheckOutTS": "2020-01-07T20:37:28+00:00", "hotelChain": "Admiralty Plaza", "hotelName": "Admiralty Plaza: Bakersfield", "hotelLocation": "Bakersfield", "hotelRoomType": "standard", "hotelRoomCount": "1", "hotelGuestAdultCount": "1", "hotelGuestChildCount": "0", "hotelNightCount": "1", "hotelRoomPrice": "88.63", "hotelFinalPrice": "88.63"}}}
{"_id": "orderid:750602", "timestamp": "2019-12-05T23:24:22.000Z", "eventType": "transaction", "_adobeamericaspot3": {"CRMID": "crmid:2875132513", "orderDetails": {"orderID": "orderid:750602", "reservationid": "DKG-3TVX", "orderType": "website", "hotelSKU": "prd1025", "hotelCheckInUnix": "1576797862", "hotelCheckOutUnix": "1577402662", "hotelCheckInTS": "2019-12-19T23:24:22+00:00", "hotelCheckOutTS": "2019-12-26T23:24:22+00:00", "hotelChain": "Grandeur Hotels", "hotelName": "Grandeur Hotels: Detroit", "hotelLocation": "Detroit", "hotelRoomType": "luxury", "hotelRoomCount": "1", "hotelGuestAdultCount": "1", "hotelGuestChildCount": "0", "hotelNightCount": "7", "hotelRoomPrice": "338.82", "hotelFinalPrice": "2371.74"}}}
{"_id": "orderid:122498", "timestamp": "2020-01-01T14:35:48.000Z", "eventType": "transaction", "_adobeamericaspot3": {"CRMID": "crmid:3374214259", "orderDetails": {"orderID": "orderid:122498", "reservationid": "YDT-EWIQ", "orderType": "call center", "hotelSKU": "prd1100", "hotelCheckInUnix": "1577975748", "hotelCheckOutUnix": "1578148548", "hotelCheckInTS": "2020-01-02T14:35:48+00:00", "hotelCheckOutTS": "2020-01-04T14:35:48+00:00", "hotelChain": "Aspen Heights", "hotelName": "Aspen Heights: Misk", "hotelLocation": "Misk", "hotelRoomType": "premium", "hotelRoomCount": "1", "hotelGuestAdultCount": "1", "hotelGuestChildCount": "0", "hotelNightCount": "2", "hotelRoomPrice": "107.33", "hotelFinalPrice": "214.66"}}}
{"_id": "orderid:474675", "timestamp": "2020-02-06T05:06:31.000Z", "eventType": "transaction", "_adobeamericaspot3": {"CRMID": "crmid:9782121183", "orderDetails": {"orderID": "orderid:474675", "reservationid": "MO0-LWLP", "orderType": "kiosk", "hotelSKU": "prd1101", "hotelCheckInUnix": "1581570391", "hotelCheckOutUnix": "1581743191", "hotelCheckInTS": "2020-02-13T05:06:31+00:00", "hotelCheckOutTS": "2020-02-15T05:06:31+00:00", "hotelChain": "Sapphire Suites", "hotelName": "Sapphire Suites: Vienna", "hotelLocation": "Vienna", "hotelRoomType": "standard", "hotelRoomCount": "1", "hotelGuestAdultCount": "1", "hotelGuestChildCount": "0", "hotelNightCount": "2", "hotelRoomPrice": "190.16", "hotelFinalPrice": "380.32"}}}
{"_id": "orderid:651598", "timestamp": "2020-01-15T19:17:48.000Z", "eventType": "transaction", "_adobeamericaspot3": {"CRMID": "crmid:2019478989", "orderDetails": {"orderID": "orderid:651598", "reservationid": "JTO-1BBP", "orderType": "mobile", "hotelSKU": "prd1023", "hotelCheckInUnix": "1579461468", "hotelCheckOutUnix": "1580152668", "hotelCheckInTS": "2020-01-19T19:17:48+00:00", "hotelCheckOutTS": "2020-01-27T19:17:48+00:00", "hotelChain": "Hospitality Inn", "hotelName": "Hospitality Inn: Boston", "hotelLocation": "Boston", "hotelRoomType": "standard", "hotelRoomCount": "1", "hotelGuestAdultCount": "1", "hotelGuestChildCount": "0", "hotelNightCount": "8", "hotelRoomPrice": "126.96", "hotelFinalPrice": "1015.68"}}}
{"_id": "orderid:921059", "timestamp": "2019-12-16T07:29:39.000Z", "eventType": "transaction", "_adobeamericaspot3": {"CRMID": "crmid:9930538281", "orderDetails": {"orderID": "orderid:921059", "reservationid": "UJM-QEUM", "orderType": "service desk", "hotelSKU": "prd1129", "hotelCheckInUnix": "1576654179", "hotelCheckOutUnix": "1576826979", "hotelCheckInTS": "2019-12-18T07:29:39+00:00", "hotelCheckOutTS": "2019-12-20T07:29:39+00:00", "hotelChain": "Admiralty Plaza", "hotelName": "Admiralty Plaza: Helsinki", "hotelLocation": "Helsinki", "hotelRoomType": "luxury", "hotelRoomCount": "1", "hotelGuestAdultCount": "1", "hotelGuestChildCount": "0", "hotelNightCount": "2", "hotelRoomPrice": "251.97", "hotelFinalPrice": "503.94"}}}
{"_id": "orderid:979724", "timestamp": "2019-12-28T16:19:17.000Z", "eventType": "transaction", "_adobeamericaspot3": {"CRMID": "crmid:9015421281", "orderDetails": {"orderID": "orderid:979724", "reservationid": "Q6Z-6GME", "orderType": "kiosk", "hotelSKU": "prd1055", "hotelCheckInUnix": "1577981957", "hotelCheckOutUnix": "1578327557", "hotelCheckInTS": "2020-01-02T16:19:17+00:00", "hotelCheckOutTS": "2020-01-06T16:19:17+00:00", "hotelChain": "Nesting Box Inn", "hotelName": "Nesting Box Inn: Bakersfield", "hotelLocation": "Bakersfield", "hotelRoomType": "standard", "hotelRoomCount": "1", "hotelGuestAdultCount": "1", "hotelGuestChildCount": "0", "hotelNightCount": "4", "hotelRoomPrice": "153.32", "hotelFinalPrice": "613.28"}}}
{"_id": "orderid:259955", "timestamp": "2020-02-03T17:13:12.000Z", "eventType": "transaction", "_adobeamericaspot3": {"CRMID": "crmid:5100581114", "orderDetails": {"orderID": "orderid:259955", "reservationid": "ZIF-YMDY", "orderType": "call center", "hotelSKU": "prd1016", "hotelCheckInUnix": "1582909992", "hotelCheckOutUnix": "1583428392", "hotelCheckInTS": "2020-02-28T17:13:12+00:00", "hotelCheckOutTS": "2020-03-05T17:13:12+00:00", "hotelChain": "Aspen Heights", "hotelName": "Aspen Heights: Columbus", "hotelLocation": "Columbus", "hotelRoomType": "standard", "hotelRoomCount": "1", "hotelGuestAdultCount": "1", "hotelGuestChildCount": "0", "hotelNightCount": "6", "hotelRoomPrice": "126.65", "hotelFinalPrice": "759.9"}}}
{"_id": "orderid:769867", "timestamp": "2019-12-21T10:33:47.000Z", "eventType": "transaction", "_adobeamericaspot3": {"CRMID": "crmid:8298015649", "orderDetails": {"orderID": "orderid:769867", "reservationid": "ED3-1FXO", "orderType": "kiosk", "hotelSKU": "prd1052", "hotelCheckInUnix": "1578738827", "hotelCheckOutUnix": "1579516427", "hotelCheckInTS": "2020-01-11T10:33:47+00:00", "hotelCheckOutTS": "2020-01-20T10:33:47+00:00", "hotelChain": "Aspen Heights", "hotelName": "Aspen Heights: Wichita", "hotelLocation": "Wichita", "hotelRoomType": "premium", "hotelRoomCount": "1", "hotelGuestAdultCount": "1", "hotelGuestChildCount": "0", "hotelNightCount": "9", "hotelRoomPrice": "174.0", "hotelFinalPrice": "1566.0"}}}
{"_id": "orderid:799895", "timestamp": "2020-01-08T12:08:29.000Z", "eventType": "transaction", "_adobeamericaspot3": {"CRMID": "crmid:5218127337", "orderDetails": {"orderID": "orderid:799895", "reservationid": "NNY-0CIU", "orderType": "call center", "hotelSKU": "prd1159", "hotelCheckInUnix": "1578744509", "hotelCheckOutUnix": "1578917309", "hotelCheckInTS": "2020-01-11T12:08:29+00:00", "hotelCheckOutTS": "2020-01-13T12:08:29+00:00", "hotelChain": "Family Fun Hotels", "hotelName": "Family Fun Hotels: Detroit", "hotelLocation": "Detroit", "hotelRoomType": "standard", "hotelRoomCount": "1", "hotelGuestAdultCount": "1", "hotelGuestChildCount": "0", "hotelNightCount": "2", "hotelRoomPrice": "144.22", "hotelFinalPrice": "288.44"}}}
