{"_id": "e89016f4-53c8-11ea-9930-b88a60e194fb", "timestamp": "2020-01-23T12:32:14.000Z", "eventType": "transaction", "_adobeamericaspot3": {"CRMID": "crmid:9802214405", "orderDetails": {"orderID": "orderid:729444", "reservationid": "ABH-WYKA", "orderType": "call center"}}}
{"_id": "e8919dae-53c8-11ea-b55d-b88a60e194fb", "timestamp": "2020-01-24T19:08:31.000Z", "eventType": "transaction", "_adobeamericaspot3": {"CRMID": "crmid:5210347332", "orderDetails": {"orderID": "orderid:626895", "reservationid": "FUJ-MDLL", "orderType": "kiosk"}}}
{"_id": "e8934b86-53c8-11ea-9537-b88a60e194fb", "timestamp": "2020-02-02T08:17:21.000Z", "eventType": "transaction", "_adobeamericaspot3": {"CRMID": "crmid:2061591959", "orderDetails": {"orderID": "orderid:563618", "reservationid": "BIP-GCAP", "orderType": "service desk"}}}
{"_id": "e8948524-53c8-11ea-93d2-b88a60e194fb", "timestamp": "2019-12-02T13:54:31.000Z", "eventType": "transaction", "_adobeamericaspot3": {"CRMID": "crmid:4131646315", "orderDetails": {"orderID": "orderid:321594", "reservationid": "HAZ-RKBL", "orderType": "website"}}}
{"_id": "e8956f80-53c8-11ea-9991-b88a60e194fb", "timestamp": "2020-01-13T16:46:58.000Z", "eventType": "transaction", "_adobeamericaspot3": {"CRMID": "crmid:2981999419", "orderDetails": {"orderID": "orderid:440906", "reservationid": "TXH-ACPP", "orderType": "kiosk"}}}
{"_id": "e89659e4-53c8-11ea-8275-b88a60e194fb", "timestamp": "2020-02-16T00:21:34.000Z", "eventType": "transaction", "_adobeamericaspot3": {"CRMID": "crmid:1464770809", "orderDetails": {"orderID": "orderid:830088", "reservationid": "S5F-4ZSX", "orderType": "website"}}}
{"_id": "e8974392-53c8-11ea-b1ac-b88a60e194fb", "timestamp": "2020-01-01T19:04:25.000Z", "eventType": "transaction", "_adobeamericaspot3": {"CRMID": "crmid:8179798813", "orderDetails": {"orderID": "orderid:488244", "reservationid": "JFD-3VNG", "orderType": "website"}}}
{"_id": "e8985468-53c8-11ea-aef9-b88a60e194fb", "timestamp": "2020-01-20T20:54:17.000Z", "eventType": "transaction", "_adobeamericaspot3": {"CRMID": "crmid:5373891697", "orderDetails": {"orderID": "orderid:970949", "reservationid": "DKV-G4QD", "orderType": "service desk"}}}
{"_id": "e899671e-53c8-11ea-8bf0-b88a60e194fb", "timestamp": "2019-12-30T11:05:20.000Z", "eventType": "transaction", "_adobeamericaspot3": {"CRMID": "crmid:8049384544", "orderDetails": {"orderID": "orderid:594194", "reservationid": "HNZ-PFNY", "orderType": "kiosk"}}}
{"_id": "e89a2a76-53c8-11ea-8a07-b88a60e194fb", "timestamp": "2020-01-31T18:15:06.000Z", "eventType": "transaction", "_adobeamericaspot3": {"CRMID": "crmid:1637439096", "orderDetails": {"orderID": "orderid:149495", "reservationid": "GYX-QELX", "orderType": "call center"}}}
{"_id": "e89b889e-53c8-11ea-b660-b88a60e194fb", "timestamp": "2020-01-04T16:06:22.000Z", "eventType": "transaction", "_adobeamericaspot3": {"CRMID": "crmid:9961710443", "orderDetails": {"orderID": "orderid:535021", "reservationid": "EQF-GUP4", "orderType": "kiosk"}}}
{"_id": "e89cc280-53c8-11ea-8039-b88a60e194fb", "timestamp": "2020-02-03T01:47:19.000Z", "eventType": "transaction", "_adobeamericaspot3": {"CRMID": "crmid:7799089520", "orderDetails": {"orderID": "orderid:402898", "reservationid": "Y31-CRZ0", "orderType": "website"}}}
{"_id": "e89dd2b6-53c8-11ea-8e30-b88a60e194fb", "timestamp": "2020-01-03T05:20:32.000Z", "eventType": "transaction", "_adobeamericaspot3": {"CRMID": "crmid:8234791127", "orderDetails": {"orderID": "orderid:101451", "reservationid": "MWI-CRTB", "orderType": "website"}}}
{"_id": "e89f3212-53c8-11ea-bbe8-b88a60e194fb", "timestamp": "2019-12-01T22:37:39.000Z", "eventType": "transaction", "_adobeamericaspot3": {"CRMID": "crmid:7842122922", "orderDetails": {"orderID": "orderid:961352", "reservationid": "QIE-DDFI", "orderType": "kiosk"}}}
{"_id": "e8a01c98-53c8-11ea-b02c-b88a60e194fb", "timestamp": "2019-12-08T08:54:15.000Z", "eventType": "transaction", "_adobeamericaspot3": {"CRMID": "crmid:8058222015", "orderDetails": {"orderID": "orderid:829799", "reservationid": "C3L-ZRIT", "orderType": "kiosk"}}}
{"_id": "e8a10842-53c8-11ea-ac45-b88a60e194fb", "timestamp": "2020-01-21T11:05:36.000Z", "eventType": "transaction", "_adobeamericaspot3": {"CRMID": "crmid:1575532964", "orderDetails": {"orderID": "orderid:530784", "reservationid": "Q8V-JTEQ", "orderType": "kiosk"}}}
{"_id": "e8a1f224-53c8-11ea-acc3-b88a60e194fb", "timestamp": "2020-01-22T05:17:40.000Z", "eventType": "transaction", "_adobeamericaspot3": {"CRMID": "crmid:1028980019", "orderDetails": {"orderID": "orderid:131866", "reservationid": "92J-CNRC", "orderType": "call center"}}}
{"_id": "e8a302b0-53c8-11ea-a132-b88a60e194fb", "timestamp": "2020-01-19T04:23:49.000Z", "eventType": "transaction", "_adobeamericaspot3": {"CRMID": "crmid:6766576134", "orderDetails": {"orderID": "orderid:117111", "reservationid": "J6M-L3FR", "orderType": "service desk"}}}
{"_id": "e8a41578-53c8-11ea-b7d7-b88a60e194fb", "timestamp": "2019-12-30T09:41:10.000Z", "eventType": "transaction", "_adobeamericaspot3": {"CRMID": "crmid:4897526127", "orderDetails": {"orderID": "orderid:945718", "reservationid": "AYK-1DNC", "orderType": "mobile"}}}
{"_id": "e8a4d8e6-53c8-11ea-8ef2-b88a60e194fb", "timestamp": "2019-12-09T05:02:16.000Z", "eventType": "transaction", "_adobeamericaspot3": {"CRMID": "crmid:7835389571", "orderDetails": {"orderID": "orderid:580614", "reservationid": "1QU-EYKE", "orderType": "kiosk"}}}
{"_id": "e8a61014-53c8-11ea-b2e1-b88a60e194fb", "timestamp": "2020-02-13T10:36:59.000Z", "eventType": "transaction", "_adobeamericaspot3": {"CRMID": "crmid:5076575235", "orderDetails": {"orderID": "orderid:455069", "reservationid": "VTA-VM6X", "orderType": "mobile"}}}
{"_id": "e8a6fb8c-53c8-11ea-8076-b88a60e194fb", "timestamp": "2020-02-07T06:09:18.000Z", "eventType": "transaction", "_adobeamericaspot3": {"CRMID": "crmid:1324540053", "orderDetails": {"orderID": "orderid:327410", "reservationid": "HTT-9OR9", "orderType": "website"}}}
{"_id": "e8a7befe-53c8-11ea-b633-b88a60e194fb", "timestamp": "2019-12-10T15:18:52.000Z", "eventType": "transaction", "_adobeamericaspot3": {"CRMID": "crmid:9593744605", "orderDetails": {"orderID": "orderid:627790", "reservationid": "N4X-RIOT", "orderType": "kiosk"}}}
{"_id": "e8a8cf22-53c8-11ea-9406-b88a60e194fb", "timestamp": "2019-12-18T20:02:55.000Z", "eventType": "transaction", "_adobeamericaspot3": {"CRMID": "crmid:5754003675", "orderDetails": {"orderID": "orderid:340318", "reservationid": "GF6-KGHL", "orderType": "call center"}}}
{"_id": "e8a993b8-53c8-11ea-a4b7-b88a60e194fb", "timestamp": "2019-12-04T10:22:16.000Z", "eventType": "transaction", "_adobeamericaspot3": {"CRMID": "crmid:5866504179", "orderDetails": {"orderID": "orderid:560147", "reservationid": "Y3S-Q34G", "orderType": "call center"}}}
{"_id": "e8aa7e26-53c8-11ea-98a8-b88a60e194fb", "timestamp": "2019-12-08T02:09:08.000Z", "eventType": "transaction", "_adobeamericaspot3": {"CRMID": "crmid:2304694881", "orderDetails": {"orderID": "orderid:683014", "reservationid": "ESG-DRBT", "orderType": "mobile"}}}
{"_id": "e8ab6752-53c8-11ea-9745-b88a60e194fb", "timestamp": "2019-12-10T17:58:00.000Z", "eventType": "transaction", "_adobeamericaspot3": {"CRMID": "crmid:8843433229", "orderDetails": {"orderID": "orderid:960919", "reservationid": "FFE-EUHG", "orderType": "call center"}}}
{"_id": "e8ac792e-53c8-11ea-aa7f-b88a60e194fb", "timestamp": "2019-12-14T22:28:17.000Z", "eventType": "transaction", "_adobeamericaspot3": {"CRMID": "crmid:8440059286", "orderDetails": {"orderID": "orderid:589250", "reservationid": "QII-ZEXE", "orderType": "call center"}}}
{"_id": "e8ad3d4c-53c8-11ea-ac05-b88a60e194fb", "timestamp": "2020-01-06T16:23:10.000Z", "eventType": "transaction", "_adobeamericaspot3": {"CRMID": "crmid:1414864818", "orderDetails": {"orderID": "orderid:232016", "reservationid": "BSJ-BJ9A", "orderType": "website"}}}
{"_id": "e8ae4d78-53c8-11ea-b834-b88a60e194fb", "timestamp": "2020-01-14T06:41:44.000Z", "eventType": "transaction", "_adobeamericaspot3": {"CRMID": "crmid:7265648560", "orderDetails": {"orderID": "orderid:205009", "reservationid": "XCE-L9LE", "orderType": "call center"}}}
{"_id": "e8af5ee4-53c8-11ea-befe-b88a60e194fb", "timestamp": "2020-01-16T00:34:13.000Z", "eventType": "transaction", "_adobeamericaspot3": {"CRMID": "crmid:7762958182", "orderDetails": {"orderID": "orderid:768411", "reservationid": "7C2-6QVN", "orderType": "service desk"}}}
{"_id": "e8afad70-53c8-11ea-9d71-b88a60e194fb", "timestamp": "2020-01-20T00:00:00.000Z", "eventType": "transaction", "_adobeamericaspot3": {"CRMID": "crmid:7762958182", "orderDetails": {"orderID": "orderid:388389", "reservationid": "UNE-VIBS", "orderType": "mobile"}}}
{"_id": "e8b0bf98-53c8-11ea-992d-b88a60e194fb", "timestamp": "2020-01-25T15:54:02.000Z", "eventType": "transaction", "_adobeamericaspot3": {"CRMID": "crmid:5527691174", "orderDetails": {"orderID": "orderid:157899", "reservationid": "XSY-ZPXC", "orderType": "website"}}}
{"_id": "e8b1cfe6-53c8-11ea-b4f5-b88a60e194fb", "timestamp": "2020-02-15T17:10:56.000Z", "eventType": "transaction", "_adobeamericaspot3": {"CRMID": "crmid:9504854897", "orderDetails": {"orderID": "orderid:219600", "reservationid": "B3V-KEBQ", "orderType": "website"}}}
{"_id": "e8b3082e-53c8-11ea-b0dd-b88a60e194fb", "timestamp": "2019-12-13T11:46:25.000Z", "eventType": "transaction", "_adobeamericaspot3": {"CRMID": "crmid:6609240621", "orderDetails": {"orderID": "orderid:999123", "reservationid": "G9Z-IUKU", "orderType": "call center"}}}
{"_id": "e8b467f4-53c8-11ea-a1db-b88a60e194fb", "timestamp": "2019-12-03T13:01:44.000Z", "eventType": "transaction", "_adobeamericaspot3": {"CRMID": "crmid:4748345921", "orderDetails": {"orderID": "orderid:213457", "reservationid": "8HQ-1LDK", "orderType": "kiosk"}}}
{"_id": "e8b55246-53c8-11ea-a67c-b88a60e194fb", "timestamp": "2019-12-14T15:03:17.000Z", "eventType": "transaction", "_adobeamericaspot3": {"CRMID": "crmid:6289433595", "orderDetails": {"orderID": "orderid:332039", "reservationid": "9KD-LR3W", "orderType": "call center"}}}
{"_id": "e8b663ca-53c8-11ea-bc6f-b88a60e194fb", "timestamp": "2020-01-22T01:09:41.000Z", "eventType": "transaction", "_adobeamericaspot3": {"CRMID": "crmid:6671774408", "orderDetails": {"orderID": "orderid:397257", "reservationid": "W1N-SESY", "orderType": "service desk"}}}
{"_id": "e8b74e22-53c8-11ea-89be-b88a60e194fb", "timestamp": "2020-01-15T18:53:16.000Z", "eventType": "transaction", "_adobeamericaspot3": {"CRMID": "crmid:9999452637", "orderDetails": {"orderID": "orderid:999821", "reservationid": "Z9O-VSZZ", "orderType": "mobile"}}}
{"_id": "e8b85f8a-53c8-11ea-8cfc-b88a60e194fb", "timestamp": "2019-12-30T19:08:04.000Z", "eventType": "transaction", "_adobeamericaspot3": {"CRMID": "crmid:9285347549", "orderDetails": {"orderID": "orderid:843292", "reservationid": "5KQ-24NZ", "orderType": "mobile"}}}
{"_id": "e8b949d0-53c8-11ea-9d72-b88a60e194fb", "timestamp": "2020-01-17T06:04:54.000Z", "eventType": "transaction", "_adobeamericaspot3": {"CRMID": "crmid:1793307622", "orderDetails": {"orderID": "orderid:224854", "reservationid": "IQT-6KYD", "orderType": "call center"}}}
{"_id": "e8ba35a8-53c8-11ea-bab7-b88a60e194fb", "timestamp": "2020-02-10T05:14:56.000Z", "eventType": "transaction", "_adobeamericaspot3": {"CRMID": "crmid:7253208855", "orderDetails": {"orderID": "orderid:199511", "reservationid": "Q8H-ICCB", "orderType": "website"}}}
{"_id": "e8bb1f26-53c8-11ea-bc2b-b88a60e194fb", "timestamp": "2020-02-10T22:19:31.000Z", "eventType": "transaction", "_adobeamericaspot3": {"CRMID": "crmid:4469093675", "orderDetails": {"orderID": "orderid:931699", "reservationid": "2PV-ILZC", "orderType": "call center"}}}
{"_id": "e8bc3002-53c8-11ea-bf64-b88a60e194fb", "timestamp": "2019-12-29T08:52:55.000Z", "eventType": "transaction", "_adobeamericaspot3": {"CRMID": "crmid:4416312905", "orderDetails": {"orderID": "orderid:156299", "reservationid": "MOT-DUWY", "orderType": "website"}}}
{"_id": "e8bd6876-53c8-11ea-8fb4-b88a60e194fb", "timestamp": "2020-01-27T22:14:10.000Z", "eventType": "transaction", "_adobeamericaspot3": {"CRMID": "crmid:5628754448", "orderDetails": {"orderID": "orderid:849788", "reservationid": "DIQ-MZ4Q", "orderType": "website"}}}
{"_id": "e8be79de-53c8-11ea-ba24-b88a60e194fb", "timestamp": "2020-02-16T07:55:15.000Z", "eventType": "transaction", "_adobeamericaspot3": {"CRMID": "crmid:5616435177", "orderDetails": {"orderID": "orderid:799700", "reservationid": "HFA-SWEC", "orderType": "website"}}}
{"_id": "e8bf8b5a-53c8-11ea-bb8c-b88a60e194fb", "timestamp": "2020-02-13T03:58:44.000Z", "eventType": "transaction", "_adobeamericaspot3": {"CRMID": "crmid:2691110283", "orderDetails": {"orderID": "orderid:294907", "reservationid": "ERL-J0C6", "orderType": "kiosk"}}}
{"_id": "e8c09e28-53c8-11ea-89ed-b88a60e194fb", "timestamp": "2020-02-15T23:07:43.000Z", "eventType": "transaction", "_adobeamericaspot3": {"CRMID": "crmid:5676281589", "orderDetails": {"orderID": "orderid:984796", "reservationid": "BX9-4HVE", "orderType": "call center"}}}
{"_id": "e8c16024-53c8-11ea-8400-b88a60e194fb", "timestamp": "2019-12-23T05:52:05.000Z", "eventType": "transaction", "_adobeamericaspot3": {"CRMID": "crmid:8460539123", "orderDetails": {"orderID": "orderid:394487", "reservationid": "WNV-FXS8", "orderType": "mobile"}}}
{"_id": "e8c298c6-53c8-11ea-bfa6-b88a60e194fb", "timestamp": "2020-01-18T14:00:40.000Z", "eventType": "transaction", "_adobeamericaspot3": {"CRMID": "crmid:6384453180", "orderDetails": {"orderID": "orderid:532530", "reservationid": "WDB-UEGN", "orderType": "website"}}}
{"_id": "e8c3aa08-53c8-11ea-8dc5-b88a60e194fb", "timestamp": "2020-02-16T18:12:42.000Z", "eventType": "transaction", "_adobeamericaspot3": {"CRMID": "crmid:9621187628", "orderDetails": {"orderID": "orderid:885518", "reservationid": "SFW-BSAF", "orderType": "kiosk"}}}
{"_id": "e8c46d8a-53c8-11ea-9446-b88a60e194fb", "timestamp": "2019-12-11T22:55:07.000Z", "eventType": "transaction", "_adobeamericaspot3": {"CRMID": "crmid:4867945042", "orderDetails": {"orderID": "orderid:183354", "reservationid": "PJ1-RV1T", "orderType": "mobile"}}}
{"_id": "e8c5a648-53c8-11ea-acbc-b88a60e194fb", "timestamp": "2019-12-08T11:31:35.000Z", "eventType": "transaction", "_adobeamericaspot3": {"CRMID": "crmid:2803789526", "orderDetails": {"orderID": "orderid:679214", "reservationid": "GZS-SWZS", "orderType": "kiosk"}}}
{"_id": "e8c6903a-53c8-11ea-b396-b88a60e194fb", "timestamp": "2020-01-28T03:39:01.000Z", "eventType": "transaction", "_adobeamericaspot3": {"CRMID": "crmid:4551761970", "orderDetails": {"orderID": "orderid:795503", "reservationid": "T2Q-MUHR", "orderType": "website"}}}
{"_id": "e8c7a302-53c8-11ea-96ad-b88a60e194fb", "timestamp": "2019-12-12T18:58:26.000Z", "eventType": "transaction", "_adobeamericaspot3": {"CRMID": "crmid:3923928988", "orderDetails": {"orderID": "orderid:121991", "reservationid": "JXF-H34H", "orderType": "call center"}}}
{"_id": "e8c8b34c-53c8-11ea-aba9-b88a60e194fb", "timestamp": "2020-01-26T05:29:45.000Z", "eventType": "transaction", "_adobeamericaspot3": {"CRMID": "crmid:9319373554", "orderDetails": {"orderID": "orderid:695556", "reservationid": "FJ3-IJKV", "orderType": "service desk"}}}
{"_id": "e8cc83d4-53c8-11ea-9805-b88a60e194fb", "timestamp": "2020-01-25T17:47:12.000Z", "eventType": "transaction", "_adobeamericaspot3": {"CRMID": "crmid:4484922893", "orderDetails": {"orderID": "orderid:326286", "reservationid": "KZX-OXLJ", "orderType": "kiosk"}}}
{"_id": "e8cd9698-53c8-11ea-afc1-b88a60e194fb", "timestamp": "2020-01-15T22:34:00.000Z", "eventType": "transaction", "_adobeamericaspot3": {"CRMID": "crmid:2451224576", "orderDetails": {"orderID": "orderid:947664", "reservationid": "OFL-EU7N", "orderType": "call center"}}}
{"_id": "e8ce8006-53c8-11ea-a125-b88a60e194fb", "timestamp": "2019-12-07T06:24:30.000Z", "eventType": "transaction", "_adobeamericaspot3": {"CRMID": "crmid:1515006927", "orderDetails": {"orderID": "orderid:396105", "reservationid": "H1Q-NUPA", "orderType": "mobile"}}}
{"_id": "e8cf69dc-53c8-11ea-8db1-b88a60e194fb", "timestamp": "2020-02-06T13:55:04.000Z", "eventType": "transaction", "_adobeamericaspot3": {"CRMID": "crmid:6038467433", "orderDetails": {"orderID": "orderid:380495", "reservationid": "FFC-RPOT", "orderType": "call center"}}}
{"_id": "e8d0a3b4-53c8-11ea-bea2-b88a60e194fb", "timestamp": "2019-12-11T16:41:52.000Z", "eventType": "transaction", "_adobeamericaspot3": {"CRMID": "crmid:7209202968", "orderDetails": {"orderID": "orderid:617444", "reservationid": "LF7-BRCC", "orderType": "website"}}}
{"_id": "e8d18ce4-53c8-11ea-99c3-b88a60e194fb", "timestamp": "2019-12-08T14:32:56.000Z", "eventType": "transaction", "_adobeamericaspot3": {"CRMID": "crmid:2180852792", "orderDetails": {"orderID": "orderid:342666", "reservationid": "IXO-B3UI", "orderType": "service desk"}}}
{"_id": "e8d27728-53c8-11ea-9204-b88a60e194fb", "timestamp": "2020-02-12T23:35:27.000Z", "eventType": "transaction", "_adobeamericaspot3": {"CRMID": "crmid:7177405935", "orderDetails": {"orderID": "orderid:741436", "reservationid": "4Q0-BGUL", "orderType": "website"}}}
{"_id": "e8d388a4-53c8-11ea-8e9a-b88a60e194fb", "timestamp": "2019-12-04T16:05:53.000Z", "eventType": "transaction", "_adobeamericaspot3": {"CRMID": "crmid:6321158399", "orderDetails": {"orderID": "orderid:931070", "reservationid": "A28-EWNS", "orderType": "call center"}}}
{"_id": "e8d472f0-53c8-11ea-b848-b88a60e194fb", "timestamp": "2020-02-16T23:21:22.000Z", "eventType": "transaction", "_adobeamericaspot3": {"CRMID": "crmid:3195853793", "orderDetails": {"orderID": "orderid:633715", "reservationid": "ID9-H1QA", "orderType": "mobile"}}}
{"_id": "e8d585be-53c8-11ea-8712-b88a60e194fb", "timestamp": "2019-12-07T06:24:22.000Z", "eventType": "transaction", "_adobeamericaspot3": {"CRMID": "crmid:7649711531", "orderDetails": {"orderID": "orderid:938876", "reservationid": "0ZR-YKQD", "orderType": "call center"}}}
{"_id": "e8d6e412-53c8-11ea-8f40-b88a60e194fb", "timestamp": "2020-01-19T12:42:45.000Z", "eventType": "transaction", "_adobeamericaspot3": {"CRMID": "crmid:6474774536", "orderDetails": {"orderID": "orderid:398988", "reservationid": "SDR-M1I7", "orderType": "mobile"}}}
{"_id": "e8d7f576-53c8-11ea-8e68-b88a60e194fb", "timestamp": "2019-12-16T22:10:33.000Z", "eventType": "transaction", "_adobeamericaspot3": {"CRMID": "crmid:5380223576", "orderDetails": {"orderID": "orderid:237624", "reservationid": "UWT-MIPX", "orderType": "kiosk"}}}
{"_id": "e8d92df8-53c8-11ea-8bf4-b88a60e194fb", "timestamp": "2020-01-18T01:00:06.000Z", "eventType": "transaction", "_adobeamericaspot3": {"CRMID": "crmid:8260810198", "orderDetails": {"orderID": "orderid:453446", "reservationid": "AXE-F5FY", "orderType": "call center"}}}
{"_id": "e8da4098-53c8-11ea-96a2-b88a60e194fb", "timestamp": "2019-12-31T21:44:24.000Z", "eventType": "transaction", "_adobeamericaspot3": {"CRMID": "crmid:4909794798", "orderDetails": {"orderID": "orderid:136084", "reservationid": "FWI-WQWQ", "orderType": "website"}}}
{"_id": "e8db29d8-53c8-11ea-93dd-b88a60e194fb", "timestamp": "2019-12-19T11:11:49.000Z", "eventType": "transaction", "_adobeamericaspot3": {"CRMID": "crmid:9927690780", "orderDetails": {"orderID": "orderid:868197", "reservationid": "OXH-AF9I", "orderType": "call center"}}}
{"_id": "e8dc140a-53c8-11ea-996c-b88a60e194fb", "timestamp": "2019-12-18T12:13:56.000Z", "eventType": "transaction", "_adobeamericaspot3": {"CRMID": "crmid:9821324848", "orderDetails": {"orderID": "orderid:674492", "reservationid": "B0G-5FAM", "orderType": "call center"}}}
{"_id": "e8dd4d2c-53c8-11ea-b860-b88a60e194fb", "timestamp": "2020-02-07T07:21:13.000Z", "eventType": "transaction", "_adobeamericaspot3": {"CRMID": "crmid:4864367550", "orderDetails": {"orderID": "orderid:209175", "reservationid": "HHU-5W1X", "orderType": "service desk"}}}
{"_id": "e8de3730-53c8-11ea-922a-b88a60e194fb", "timestamp": "2020-01-13T02:40:14.000Z", "eventType": "transaction", "_adobeamericaspot3": {"CRMID": "crmid:9696565747", "orderDetails": {"orderID": "orderid:345885", "reservationid": "1A4-Y3MZ", "orderType": "mobile"}}}
{"_id": "e8df4890-53c8-11ea-ba9b-b88a60e194fb", "timestamp": "2019-12-28T17:47:10.000Z", "eventType": "transaction", "_adobeamericaspot3": {"CRMID": "crmid:6628300967", "orderDetails": {"orderID": "orderid:220193", "reservationid": "28C-PAU1", "orderType": "service desk"}}}
{"_id": "e8e059f6-53c8-11ea-a250-b88a60e194fb", "timestamp": "2020-01-23T03:36:26.000Z", "eventType": "transaction", "_adobeamericaspot3": {"CRMID": "crmid:6858842278", "orderDetails": {"orderID": "orderid:554903", "reservationid": "GCS-WKCX", "orderType": "website"}}}
{"_id": "e8e16b4a-53c8-11ea-8ad9-b88a60e194fb", "timestamp": "2019-12-25T22:20:23.000Z", "eventType": "transaction", "_adobeamericaspot3": {"CRMID": "crmid:1513111263", "orderDetails": {"orderID": "orderid:897247", "reservationid": "Q2S-FP9J", "orderType": "kiosk"}}}
{"_id": "e8e2a3ca-53c8-11ea-983f-b88a60e194fb", "timestamp": "2019-12-24T13:36:54.000Z", "eventType": "transaction", "_adobeamericaspot3": {"CRMID": "crmid:2671737013", "orderDetails": {"orderID": "orderid:562013", "reservationid": "I0I-L4VD", "orderType": "website"}}}
{"_id": "e8e3b552-53c8-11ea-bee2-b88a60e194fb", "timestamp": "2019-12-19T18:31:25.000Z", "eventType": "transaction", "_adobeamericaspot3": {"CRMID": "crmid:2109575507", "orderDetails": {"orderID": "orderid:946402", "reservationid": "SSK-VVJK", "orderType": "website"}}}
{"_id": "e8e49fba-53c8-11ea-b1ef-b88a60e194fb", "timestamp": "2020-01-28T08:59:46.000Z", "eventType": "transaction", "_adobeamericaspot3": {"CRMID": "crmid:3001599582", "orderDetails": {"orderID": "orderid:157866", "reservationid": "TQF-7ZAW", "orderType": "service desk"}}}
{"_id": "e8e5b11c-53c8-11ea-916b-b88a60e194fb", "timestamp": "2019-12-01T17:53:20.000Z", "eventType": "transaction", "_adobeamericaspot3": {"CRMID": "crmid:3917803477", "orderDetails": {"orderID": "orderid:626105", "reservationid": "MRC-YGYJ", "orderType": "website"}}}
{"_id": "e8e6c288-53c8-11ea-9522-b88a60e194fb", "timestamp": "2020-01-12T15:15:46.000Z", "eventType": "transaction", "_adobeamericaspot3": {"CRMID": "crmid:3960646277", "orderDetails": {"orderID": "orderid:441230", "reservationid": "1KH-QQLU", "orderType": "kiosk"}}}
{"_id": "e8e7ad06-53c8-11ea-ae64-b88a60e194fb", "timestamp": "2019-12-12T17:30:21.000Z", "eventType": "transaction", "_adobeamericaspot3": {"CRMID": "crmid:1047737681", "orderDetails": {"orderID": "orderid:361313", "reservationid": "BBM-XFMH", "orderType": "website"}}}
{"_id": "e8e8be58-53c8-11ea-8210-b88a60e194fb", "timestamp": "2019-12-13T11:44:35.000Z", "eventType": "transaction", "_adobeamericaspot3": {"CRMID": "crmid:6804031180", "orderDetails": {"orderID": "orderid:659667", "reservationid": "AHG-9NWU", "orderType": "call center"}}}
{"_id": "e8e9a8ba-53c8-11ea-916d-b88a60e194fb", "timestamp": "2020-01-11T14:45:08.000Z", "eventType": "transaction", "_adobeamericaspot3": {"CRMID": "crmid:8137448458", "orderDetails": {"orderID": "orderid:383509", "reservationid": "XWE-BQYS", "orderType": "kiosk"}}}
{"_id": "e8eaba36-53c8-11ea-af70-b88a60e194fb", "timestamp": "2020-02-07T07:52:17.000Z", "eventType": "transaction", "_adobeamericaspot3": {"CRMID": "crmid:4494374632", "orderDetails": {"orderID": "orderid:637005", "reservationid": "ATQ-R6E1", "orderType": "website"}}}
{"_id": "e8eba47e-53c8-11ea-a80f-b88a60e194fb", "timestamp": "2020-01-02T22:30:27.000Z", "eventType": "transaction", "_adobeamericaspot3": {"CRMID": "crmid:8199157910", "orderDetails": {"orderID": "orderid:386272", "reservationid": "PPC-T1BO", "orderType": "call center"}}}
{"_id": "e8ecdd0c-53c8-11ea-9b88-b88a60e194fb", "timestamp": "2019-12-13T11:04:29.000Z", "eventType": "transaction", "_adobeamericaspot3": {"CRMID": "crmid:5707953940", "orderDetails": {"orderID": "orderid:533360", "reservationid": "HR5-F87Z", "orderType": "call center"}}}
{"_id": "e8ee1658-53c8-11ea-b4f9-b88a60e194fb", "timestamp": "2020-01-27T12:06:10.000Z", "eventType": "transaction", "_adobeamericaspot3": {"CRMID": "crmid:7267405499", "orderDetails": {"orderID": "orderid:268734", "reservationid": "25A-QH2Z", "orderType": "kiosk"}}}
{"_id": "e8ef2780-53c8-11ea-8406-b88a60e194fb", "timestamp": "2019-12-28T19:00:02.000Z", "eventType": "transaction", "_adobeamericaspot3": {"CRMID": "crmid:4956393832", "orderDetails": {"orderID": "orderid:116370", "reservationid": "PJW-HF3A", "orderType": "kiosk"}}}
{"_id": "e8f0113e-53c8-11ea-a360-b88a60e194fb", "timestamp": "2020-02-14T21:12:41.000Z", "eventType": "transaction", "_adobeamericaspot3": {"CRMID": "crmid:5484485106", "orderDetails": {"orderID": "orderid:999460", "reservationid": "JDD-USLV", "orderType": "call center"}}}
{"_id": "e8f122e2-53c8-11ea-8ebc-b88a60e194fb", "timestamp": "2020-02-13T23:58:15.000Z", "eventType": "transaction", "_adobeamericaspot3": {"CRMID": "crmid:7455968042", "orderDetails": {"orderID": "orderid:642983", "reservationid": "5JJ-RFSZ", "orderType": "kiosk"}}}
{"_id": "e8f2824c-53c8-11ea-981c-b88a60e194fb", "timestamp": "2019-12-12T07:33:15.000Z", "eventType": "transaction", "_adobeamericaspot3": {"CRMID": "crmid:6053082395", "orderDetails": {"orderID": "orderid:305688", "reservationid": "IJ5-JYVT", "orderType": "service desk"}}}
{"_id": "e8f3bc34-53c8-11ea-86da-b88a60e194fb", "timestamp": "2019-12-06T11:16:08.000Z", "eventType": "transaction", "_adobeamericaspot3": {"CRMID": "crmid:3026904288", "orderDetails": {"orderID": "orderid:670864", "reservationid": "8AF-FK9Q", "orderType": "call center"}}}
{"_id": "e8f4f3d8-53c8-11ea-a3e3-b88a60e194fb", "timestamp": "2020-01-05T18:29:46.000Z", "eventType": "transaction", "_adobeamericaspot3": {"CRMID": "crmid:9497310532", "orderDetails": {"orderID": "orderid:507829", "reservationid": "EVC-ZYCS", "orderType": "call center"}}}
{"_id": "e8f604cc-53c8-11ea-88d7-b88a60e194fb", "timestamp": "2020-01-09T23:02:21.000Z", "eventType": "transaction", "_adobeamericaspot3": {"CRMID": "crmid:2303349258", "orderDetails": {"orderID": "orderid:428789", "reservationid": "T67-3L8L", "orderType": "website"}}}
{"_id": "e8f6ef34-53c8-11ea-8f61-b88a60e194fb", "timestamp": "2019-12-15T11:28:26.000Z", "eventType": "transaction", "_adobeamericaspot3": {"CRMID": "crmid:4965919043", "orderDetails": {"orderID": "orderid:164705", "reservationid": "5KB-H0X7", "orderType": "call center"}}}
{"_id": "e8f8009c-53c8-11ea-ad50-b88a60e194fb", "timestamp": "2019-12-03T15:05:15.000Z", "eventType": "transaction", "_adobeamericaspot3": {"CRMID": "crmid:7100098925", "orderDetails": {"orderID": "orderid:957013", "reservationid": "X3K-FA6U", "orderType": "service desk"}}}
{"_id": "e8f938fe-53c8-11ea-9c71-b88a60e194fb", "timestamp": "2020-01-09T06:06:37.000Z", "eventType": "transaction", "_adobeamericaspot3": {"CRMID": "crmid:9830517036", "orderDetails": {"orderID": "orderid:777505", "reservationid": "RCK-ZMN0", "orderType": "mobile"}}}
{"_id": "e8fa4a80-53c8-11ea-a410-b88a60e194fb", "timestamp": "2019-12-17T11:43:36.000Z", "eventType": "transaction", "_adobeamericaspot3": {"CRMID": "crmid:4390794044", "orderDetails": {"orderID": "orderid:261052", "reservationid": "CP3-NUWT", "orderType": "mobile"}}}
{"_id": "e8fb5bdc-53c8-11ea-bacc-b88a60e194fb", "timestamp": "2019-12-24T02:53:26.000Z", "eventType": "transaction", "_adobeamericaspot3": {"CRMID": "crmid:8199805761", "orderDetails": {"orderID": "orderid:884570", "reservationid": "NRM-QYTD", "orderType": "website"}}}
{"_id": "e8fc4652-53c8-11ea-ba36-b88a60e194fb", "timestamp": "2020-01-17T23:10:41.000Z", "eventType": "transaction", "_adobeamericaspot3": {"CRMID": "crmid:3612545153", "orderDetails": {"orderID": "orderid:573899", "reservationid": "LKN-5M5T", "orderType": "website"}}}
{"_id": "e8fd30cc-53c8-11ea-bf3f-b88a60e194fb", "timestamp": "2019-12-01T15:23:40.000Z", "eventType": "transaction", "_adobeamericaspot3": {"CRMID": "crmid:8582447358", "orderDetails": {"orderID": "orderid:988379", "reservationid": "CPF-U4K0", "orderType": "website"}}}
{"_id": "e8fe4228-53c8-11ea-9568-b88a60e194fb", "timestamp": "2019-12-21T22:29:48.000Z", "eventType": "transaction", "_adobeamericaspot3": {"CRMID": "crmid:1104978987", "orderDetails": {"orderID": "orderid:903146", "reservationid": "EKQ-2Z8V", "orderType": "kiosk"}}}
{"_id": "e8ff5374-53c8-11ea-81fc-b88a60e194fb", "timestamp": "2019-12-11T04:27:52.000Z", "eventType": "transaction", "_adobeamericaspot3": {"CRMID": "crmid:6193448532", "orderDetails": {"orderID": "orderid:806371", "reservationid": "323-IAKR", "orderType": "mobile"}}}
{"_id": "e900651c-53c8-11ea-bc79-b88a60e194fb", "timestamp": "2020-01-19T04:48:37.000Z", "eventType": "transaction", "_adobeamericaspot3": {"CRMID": "crmid:7620906146", "orderDetails": {"orderID": "orderid:144006", "reservationid": "VNY-XOKW", "orderType": "kiosk"}}}
{"_id": "e9008bfa-53c8-11ea-a7ed-b88a60e194fb", "timestamp": "2020-01-27T00:00:00.000Z", "eventType": "transaction", "_adobeamericaspot3": {"CRMID": "crmid:7620906146", "orderDetails": {"orderID": "orderid:777236", "reservationid": "EVO-0ZIN", "orderType": "website"}}}
{"_id": "e9019d6c-53c8-11ea-a939-b88a60e194fb", "timestamp": "2020-02-04T21:17:05.000Z", "eventType": "transaction", "_adobeamericaspot3": {"CRMID": "crmid:2501220606", "orderDetails": {"orderID": "orderid:788443", "reservationid": "LHP-L5QG", "orderType": "mobile"}}}
{"_id": "e902fcf6-53c8-11ea-ac7f-b88a60e194fb", "timestamp": "2020-01-21T13:21:47.000Z", "eventType": "transaction", "_adobeamericaspot3": {"CRMID": "crmid:5944992688", "orderDetails": {"orderID": "orderid:224699", "reservationid": "TNV-EVB9", "orderType": "kiosk"}}}
{"_id": "e903243a-53c8-11ea-930a-b88a60e194fb", "timestamp": "2020-01-26T00:00:00.000Z", "eventType": "transaction", "_adobeamericaspot3": {"CRMID": "crmid:5944992688", "orderDetails": {"orderID": "orderid:641862", "reservationid": "PH9-CTLE", "orderType": "kiosk"}}}
{"_id": "e904d26c-53c8-11ea-882a-b88a60e194fb", "timestamp": "2020-02-14T01:42:16.000Z", "eventType": "transaction", "_adobeamericaspot3": {"CRMID": "crmid:3113200854", "orderDetails": {"orderID": "orderid:638712", "reservationid": "HOG-E7LP", "orderType": "call center"}}}
{"_id": "e9060a40-53c8-11ea-940f-b88a60e194fb", "timestamp": "2019-12-12T10:23:38.000Z", "eventType": "transaction", "_adobeamericaspot3": {"CRMID": "crmid:9474652681", "orderDetails": {"orderID": "orderid:331103", "reservationid": "GFZ-SB7K", "orderType": "website"}}}
{"_id": "e906f49c-53c8-11ea-abad-b88a60e194fb", "timestamp": "2019-12-17T18:51:57.000Z", "eventType": "transaction", "_adobeamericaspot3": {"CRMID": "crmid:3221373386", "orderDetails": {"orderID": "orderid:865985", "reservationid": "BPH-Y6W0", "orderType": "website"}}}
{"_id": "e907def6-53c8-11ea-a565-b88a60e194fb", "timestamp": "2020-02-15T11:52:50.000Z", "eventType": "transaction", "_adobeamericaspot3": {"CRMID": "crmid:1640266052", "orderDetails": {"orderID": "orderid:681960", "reservationid": "LES-HFK9", "orderType": "call center"}}}
{"_id": "e9091792-53c8-11ea-b604-b88a60e194fb", "timestamp": "2020-02-10T23:58:31.000Z", "eventType": "transaction", "_adobeamericaspot3": {"CRMID": "crmid:9232079521", "orderDetails": {"orderID": "orderid:205451", "reservationid": "ZWJ-SGLE", "orderType": "kiosk"}}}
{"_id": "e90a770c-53c8-11ea-bd15-b88a60e194fb", "timestamp": "2020-01-02T04:47:36.000Z", "eventType": "transaction", "_adobeamericaspot3": {"CRMID": "crmid:6568161320", "orderDetails": {"orderID": "orderid:393188", "reservationid": "JIC-RB5Y", "orderType": "mobile"}}}
{"_id": "e90b887a-53c8-11ea-8d38-b88a60e194fb", "timestamp": "2020-01-14T06:48:28.000Z", "eventType": "transaction", "_adobeamericaspot3": {"CRMID": "crmid:2730265454", "orderDetails": {"orderID": "orderid:473639", "reservationid": "UFL-RKHI", "orderType": "kiosk"}}}
{"_id": "e90cc0fa-53c8-11ea-aeda-b88a60e194fb", "timestamp": "2020-01-16T19:27:36.000Z", "eventType": "transaction", "_adobeamericaspot3": {"CRMID": "crmid:2754634669", "orderDetails": {"orderID": "orderid:147293", "reservationid": "XYT-KZQU", "orderType": "website"}}}
{"_id": "e90dab48-53c8-11ea-8563-b88a60e194fb", "timestamp": "2020-01-27T17:47:49.000Z", "eventType": "transaction", "_adobeamericaspot3": {"CRMID": "crmid:1749701724", "orderDetails": {"orderID": "orderid:386727", "reservationid": "TSL-LNOU", "orderType": "call center"}}}
{"_id": "e90ebce4-53c8-11ea-8e8b-b88a60e194fb", "timestamp": "2019-12-30T12:15:41.000Z", "eventType": "transaction", "_adobeamericaspot3": {"CRMID": "crmid:4588828936", "orderDetails": {"orderID": "orderid:708013", "reservationid": "YDK-HIXA", "orderType": "website"}}}
{"_id": "e90fce40-53c8-11ea-8478-b88a60e194fb", "timestamp": "2019-12-26T04:23:33.000Z", "eventType": "transaction", "_adobeamericaspot3": {"CRMID": "crmid:5024722018", "orderDetails": {"orderID": "orderid:798834", "reservationid": "H0I-TESB", "orderType": "website"}}}
{"_id": "e910dfa8-53c8-11ea-abcd-b88a60e194fb", "timestamp": "2019-12-25T00:37:15.000Z", "eventType": "transaction", "_adobeamericaspot3": {"CRMID": "crmid:2957749688", "orderDetails": {"orderID": "orderid:249316", "reservationid": "XJ1-GXRV", "orderType": "website"}}}
{"_id": "e911f11e-53c8-11ea-bf16-b88a60e194fb", "timestamp": "2019-12-25T00:58:16.000Z", "eventType": "transaction", "_adobeamericaspot3": {"CRMID": "crmid:8113143785", "orderDetails": {"orderID": "orderid:568150", "reservationid": "1B6-PW0K", "orderType": "call center"}}}
{"_id": "e912db7a-53c8-11ea-a41f-b88a60e194fb", "timestamp": "2020-01-27T15:14:32.000Z", "eventType": "transaction", "_adobeamericaspot3": {"CRMID": "crmid:6873194578", "orderDetails": {"orderID": "orderid:237979", "reservationid": "AXY-0CPP", "orderType": "kiosk"}}}
{"_id": "e913ed1a-53c8-11ea-a5b8-b88a60e194fb", "timestamp": "2020-01-31T19:46:03.000Z", "eventType": "transaction", "_adobeamericaspot3": {"CRMID": "crmid:6851760837", "orderDetails": {"orderID": "orderid:222929", "reservationid": "CA5-S8L8", "orderType": "kiosk"}}}
{"_id": "e914d766-53c8-11ea-8144-b88a60e194fb", "timestamp": "2020-02-08T09:54:01.000Z", "eventType": "transaction", "_adobeamericaspot3": {"CRMID": "crmid:6014440802", "orderDetails": {"orderID": "orderid:583876", "reservationid": "G0X-JBRT", "orderType": "call center"}}}
{"_id": "e915e8c6-53c8-11ea-87e7-b88a60e194fb", "timestamp": "2020-02-08T15:25:05.000Z", "eventType": "transaction", "_adobeamericaspot3": {"CRMID": "crmid:3695711030", "orderDetails": {"orderID": "orderid:878287", "reservationid": "182-QB2K", "orderType": "service desk"}}}
{"_id": "e91721cc-53c8-11ea-aa10-b88a60e194fb", "timestamp": "2019-12-10T06:40:16.000Z", "eventType": "transaction", "_adobeamericaspot3": {"CRMID": "crmid:7505790718", "orderDetails": {"orderID": "orderid:616594", "reservationid": "9WM-KYPU", "orderType": "kiosk"}}}
{"_id": "e91859c2-53c8-11ea-9b80-b88a60e194fb", "timestamp": "2020-01-25T17:25:49.000Z", "eventType": "transaction", "_adobeamericaspot3": {"CRMID": "crmid:2844289609", "orderDetails": {"orderID": "orderid:588832", "reservationid": "XOB-HV60", "orderType": "website"}}}
{"_id": "e9196b5c-53c8-11ea-b078-b88a60e194fb", "timestamp": "2019-12-12T03:43:24.000Z", "eventType": "transaction", "_adobeamericaspot3": {"CRMID": "crmid:7473085250", "orderDetails": {"orderID": "orderid:778673", "reservationid": "UGX-IZEZ", "orderType": "call center"}}}
{"_id": "e91a7cdc-53c8-11ea-a7ff-b88a60e194fb", "timestamp": "2019-12-25T06:09:49.000Z", "eventType": "transaction", "_adobeamericaspot3": {"CRMID": "crmid:7319510355", "orderDetails": {"orderID": "orderid:511999", "reservationid": "TZM-KXWW", "orderType": "kiosk"}}}
{"_id": "e91b685c-53c8-11ea-8e70-b88a60e194fb", "timestamp": "2019-12-07T01:07:16.000Z", "eventType": "transaction", "_adobeamericaspot3": {"CRMID": "crmid:2873061251", "orderDetails": {"orderID": "orderid:421394", "reservationid": "B69-KV33", "orderType": "kiosk"}}}
{"_id": "e91cc6de-53c8-11ea-8df2-b88a60e194fb", "timestamp": "2019-12-08T10:49:09.000Z", "eventType": "transaction", "_adobeamericaspot3": {"CRMID": "crmid:3220439569", "orderDetails": {"orderID": "orderid:899366", "reservationid": "MFT-URJJ", "orderType": "website"}}}
{"_id": "e91dd7e8-53c8-11ea-97bb-b88a60e194fb", "timestamp": "2020-01-03T06:00:25.000Z", "eventType": "transaction", "_adobeamericaspot3": {"CRMID": "crmid:7644487667", "orderDetails": {"orderID": "orderid:412525", "reservationid": "ZWD-VWQX", "orderType": "service desk"}}}
{"_id": "e91ee976-53c8-11ea-bcd7-b88a60e194fb", "timestamp": "2020-01-22T03:03:33.000Z", "eventType": "transaction", "_adobeamericaspot3": {"CRMID": "crmid:2930951985", "orderDetails": {"orderID": "orderid:918311", "reservationid": "DIX-CY8K", "orderType": "website"}}}
{"_id": "e91fd3cc-53c8-11ea-ad04-b88a60e194fb", "timestamp": "2020-01-10T06:10:46.000Z", "eventType": "transaction", "_adobeamericaspot3": {"CRMID": "crmid:6358068149", "orderDetails": {"orderID": "orderid:938394", "reservationid": "YL9-DWXW", "orderType": "call center"}}}
{"_id": "e920be42-53c8-11ea-a3ec-b88a60e194fb", "timestamp": "2019-12-09T08:14:16.000Z", "eventType": "transaction", "_adobeamericaspot3": {"CRMID": "crmid:4107007022", "orderDetails": {"orderID": "orderid:901715", "reservationid": "QYI-30KA", "orderType": "mobile"}}}
{"_id": "e921f802-53c8-11ea-babc-b88a60e194fb", "timestamp": "2019-12-17T02:20:49.000Z", "eventType": "transaction", "_adobeamericaspot3": {"CRMID": "crmid:8780560328", "orderDetails": {"orderID": "orderid:931898", "reservationid": "SCH-PPXD", "orderType": "website"}}}
{"_id": "e922e334-53c8-11ea-a43e-b88a60e194fb", "timestamp": "2020-01-10T19:32:55.000Z", "eventType": "transaction", "_adobeamericaspot3": {"CRMID": "crmid:7216901142", "orderDetails": {"orderID": "orderid:491153", "reservationid": "CI4-BKMI", "orderType": "website"}}}
{"_id": "e923ccdc-53c8-11ea-b30b-b88a60e194fb", "timestamp": "2019-12-26T03:53:18.000Z", "eventType": "transaction", "_adobeamericaspot3": {"CRMID": "crmid:4004356073", "orderDetails": {"orderID": "orderid:749967", "reservationid": "EKO-ZLBE", "orderType": "website"}}}
{"_id": "e924dcd2-53c8-11ea-9e54-b88a60e194fb", "timestamp": "2020-02-15T18:38:31.000Z", "eventType": "transaction", "_adobeamericaspot3": {"CRMID": "crmid:6455812186", "orderDetails": {"orderID": "orderid:751210", "reservationid": "07A-MH6I", "orderType": "kiosk"}}}
{"_id": "e92503e6-53c8-11ea-9f96-b88a60e194fb", "timestamp": "2020-02-25T00:00:00.000Z", "eventType": "transaction", "_adobeamericaspot3": {"CRMID": "crmid:6455812186", "orderDetails": {"orderID": "orderid:420284", "reservationid": "IPT-KMTS", "orderType": "service desk"}}}
{"_id": "e926b1ee-53c8-11ea-884a-b88a60e194fb", "timestamp": "2019-12-09T20:12:49.000Z", "eventType": "transaction", "_adobeamericaspot3": {"CRMID": "crmid:4619794689", "orderDetails": {"orderID": "orderid:726185", "reservationid": "BO3-JQSL", "orderType": "website"}}}
{"_id": "e928d4e6-53c8-11ea-bbc2-b88a60e194fb", "timestamp": "2020-02-10T04:17:10.000Z", "eventType": "transaction", "_adobeamericaspot3": {"CRMID": "crmid:6923171610", "orderDetails": {"orderID": "orderid:618516", "reservationid": "6OG-TTLC", "orderType": "kiosk"}}}
{"_id": "e929bf12-53c8-11ea-b512-b88a60e194fb", "timestamp": "2020-01-04T20:51:16.000Z", "eventType": "transaction", "_adobeamericaspot3": {"CRMID": "crmid:6334540455", "orderDetails": {"orderID": "orderid:904827", "reservationid": "O2M-AIOK", "orderType": "website"}}}
{"_id": "e92ad06e-53c8-11ea-81e9-b88a60e194fb", "timestamp": "2020-02-06T16:10:52.000Z", "eventType": "transaction", "_adobeamericaspot3": {"CRMID": "crmid:2573860457", "orderDetails": {"orderID": "orderid:624030", "reservationid": "ZX0-W9SZ", "orderType": "kiosk"}}}
{"_id": "e92be1be-53c8-11ea-aa42-b88a60e194fb", "timestamp": "2019-12-21T11:50:03.000Z", "eventType": "transaction", "_adobeamericaspot3": {"CRMID": "crmid:2371757285", "orderDetails": {"orderID": "orderid:688723", "reservationid": "TOB-XZ4N", "orderType": "website"}}}
{"_id": "e92cf32e-53c8-11ea-9f9f-b88a60e194fb", "timestamp": "2020-01-05T18:35:36.000Z", "eventType": "transaction", "_adobeamericaspot3": {"CRMID": "crmid:3006726930", "orderDetails": {"orderID": "orderid:695372", "reservationid": "UYS-GVYQ", "orderType": "website"}}}
{"_id": "e92e051e-53c8-11ea-b631-b88a60e194fb", "timestamp": "2020-01-06T18:51:52.000Z", "eventType": "transaction", "_adobeamericaspot3": {"CRMID": "crmid:8113011631", "orderDetails": {"orderID": "orderid:313908", "reservationid": "YCY-HLUS", "orderType": "website"}}}
{"_id": "e92eef12-53c8-11ea-838e-b88a60e194fb", "timestamp": "2020-01-16T01:01:47.000Z", "eventType": "transaction", "_adobeamericaspot3": {"CRMID": "crmid:9875715731", "orderDetails": {"orderID": "orderid:392277", "reservationid": "MY7-6W1Y", "orderType": "call center"}}}
{"_id": "e9300098-53c8-11ea-bd0f-b88a60e194fb", "timestamp": "2019-12-19T05:58:09.000Z", "eventType": "transaction", "_adobeamericaspot3": {"CRMID": "crmid:2647770032", "orderDetails": {"orderID": "orderid:676846", "reservationid": "F6S-C4NS", "orderType": "website"}}}
{"_id": "e930eaca-53c8-11ea-ad07-b88a60e194fb", "timestamp": "2020-02-14T19:32:18.000Z", "eventType": "transaction", "_adobeamericaspot3": {"CRMID": "crmid:6128708456", "orderDetails": {"orderID": "orderid:600194", "reservationid": "P5E-HSZQ", "orderType": "mobile"}}}
{"_id": "e931fd9c-53c8-11ea-9776-b88a60e194fb", "timestamp": "2020-01-06T00:01:32.000Z", "eventType": "transaction", "_adobeamericaspot3": {"CRMID": "crmid:3160035416", "orderDetails": {"orderID": "orderid:989068", "reservationid": "UUG-PKHA", "orderType": "call center"}}}
{"_id": "e931fd9d-53c8-11ea-beb6-b88a60e194fb", "timestamp": "2020-01-10T00:00:00.000Z", "eventType": "transaction", "_adobeamericaspot3": {"CRMID": "crmid:3160035416", "orderDetails": {"orderID": "orderid:346537", "reservationid": "PEK-VXRS", "orderType": "kiosk"}}}
{"_id": "e932e800-53c8-11ea-9585-b88a60e194fb", "timestamp": "2019-12-02T13:06:19.000Z", "eventType": "transaction", "_adobeamericaspot3": {"CRMID": "crmid:5010707277", "orderDetails": {"orderID": "orderid:162151", "reservationid": "M3E-XKWQ", "orderType": "mobile"}}}
{"_id": "e933f964-53c8-11ea-afaf-b88a60e194fb", "timestamp": "2019-12-14T05:12:31.000Z", "eventType": "transaction", "_adobeamericaspot3": {"CRMID": "crmid:5878306557", "orderDetails": {"orderID": "orderid:956963", "reservationid": "RVP-TOQ1", "orderType": "call center"}}}
{"_id": "e9350a00-53c8-11ea-a0c6-b88a60e194fb", "timestamp": "2019-12-31T23:12:51.000Z", "eventType": "transaction", "_adobeamericaspot3": {"CRMID": "crmid:2854706179", "orderDetails": {"orderID": "orderid:321139", "reservationid": "QER-31KO", "orderType": "website"}}}
{"_id": "e9361b1c-53c8-11ea-97b3-b88a60e194fb", "timestamp": "2019-12-08T07:42:28.000Z", "eventType": "transaction", "_adobeamericaspot3": {"CRMID": "crmid:7073650108", "orderDetails": {"orderID": "orderid:216962", "reservationid": "7UE-GV0Q", "orderType": "website"}}}
{"_id": "e936df9a-53c8-11ea-a86c-b88a60e194fb", "timestamp": "2020-01-26T21:42:51.000Z", "eventType": "transaction", "_adobeamericaspot3": {"CRMID": "crmid:5884044132", "orderDetails": {"orderID": "orderid:812080", "reservationid": "TWM-PICL", "orderType": "website"}}}
{"_id": "e937f10a-53c8-11ea-a431-b88a60e194fb", "timestamp": "2020-01-10T09:23:52.000Z", "eventType": "transaction", "_adobeamericaspot3": {"CRMID": "crmid:2980324883", "orderDetails": {"orderID": "orderid:874819", "reservationid": "EG9-ZY6C", "orderType": "website"}}}
{"_id": "e9394fd2-53c8-11ea-9fcc-b88a60e194fb", "timestamp": "2020-01-28T19:22:18.000Z", "eventType": "transaction", "_adobeamericaspot3": {"CRMID": "crmid:9932112343", "orderDetails": {"orderID": "orderid:845579", "reservationid": "YOO-CGQQ", "orderType": "call center"}}}
{"_id": "e93a39e2-53c8-11ea-b770-b88a60e194fb", "timestamp": "2020-02-14T11:07:17.000Z", "eventType": "transaction", "_adobeamericaspot3": {"CRMID": "crmid:1933251342", "orderDetails": {"orderID": "orderid:471654", "reservationid": "PL1-R1HF", "orderType": "kiosk"}}}
{"_id": "e93b4c76-53c8-11ea-a6fd-b88a60e194fb", "timestamp": "2020-01-11T05:37:57.000Z", "eventType": "transaction", "_adobeamericaspot3": {"CRMID": "crmid:8265855580", "orderDetails": {"orderID": "orderid:380717", "reservationid": "CVO-VUVP", "orderType": "mobile"}}}
{"_id": "e93c5d8a-53c8-11ea-b147-b88a60e194fb", "timestamp": "2020-02-12T13:01:28.000Z", "eventType": "transaction", "_adobeamericaspot3": {"CRMID": "crmid:7378780418", "orderDetails": {"orderID": "orderid:811327", "reservationid": "E9F-CRL0", "orderType": "mobile"}}}
{"_id": "e93dbc00-53c8-11ea-a6cd-b88a60e194fb", "timestamp": "2020-02-06T22:00:21.000Z", "eventType": "transaction", "_adobeamericaspot3": {"CRMID": "crmid:2847201850", "orderDetails": {"orderID": "orderid:667872", "reservationid": "W3S-5BBB", "orderType": "website"}}}
{"_id": "e93ef492-53c8-11ea-8852-b88a60e194fb", "timestamp": "2019-12-17T12:15:48.000Z", "eventType": "transaction", "_adobeamericaspot3": {"CRMID": "crmid:2010142391", "orderDetails": {"orderID": "orderid:682685", "reservationid": "6IP-8VPN", "orderType": "website"}}}
{"_id": "e9400762-53c8-11ea-9e04-b88a60e194fb", "timestamp": "2020-02-13T14:52:29.000Z", "eventType": "transaction", "_adobeamericaspot3": {"CRMID": "crmid:9990441206", "orderDetails": {"orderID": "orderid:143309", "reservationid": "HM6-QEBR", "orderType": "kiosk"}}}
{"_id": "e940f066-53c8-11ea-a4ee-b88a60e194fb", "timestamp": "2019-12-18T15:29:36.000Z", "eventType": "transaction", "_adobeamericaspot3": {"CRMID": "crmid:8871858771", "orderDetails": {"orderID": "orderid:500589", "reservationid": "N0U-KKXM", "orderType": "mobile"}}}
{"_id": "e94201da-53c8-11ea-a24f-b88a60e194fb", "timestamp": "2020-01-14T15:34:15.000Z", "eventType": "transaction", "_adobeamericaspot3": {"CRMID": "crmid:6296423139", "orderDetails": {"orderID": "orderid:229422", "reservationid": "BVS-CVKX", "orderType": "mobile"}}}
{"_id": "e942ed58-53c8-11ea-a0d4-b88a60e194fb", "timestamp": "2020-01-24T06:07:29.000Z", "eventType": "transaction", "_adobeamericaspot3": {"CRMID": "crmid:4366679893", "orderDetails": {"orderID": "orderid:673234", "reservationid": "HGT-CAQM", "orderType": "website"}}}
{"_id": "e943d7f0-53c8-11ea-afe9-b88a60e194fb", "timestamp": "2020-01-08T10:24:08.000Z", "eventType": "transaction", "_adobeamericaspot3": {"CRMID": "crmid:2448721834", "orderDetails": {"orderID": "orderid:241677", "reservationid": "GA1-BLHO", "orderType": "mobile"}}}
{"_id": "e944e822-53c8-11ea-ac2e-b88a60e194fb", "timestamp": "2020-02-12T17:26:25.000Z", "eventType": "transaction", "_adobeamericaspot3": {"CRMID": "crmid:9387182550", "orderDetails": {"orderID": "orderid:544253", "reservationid": "6PS-L017", "orderType": "call center"}}}
{"_id": "e945d288-53c8-11ea-aa4f-b88a60e194fb", "timestamp": "2020-01-13T19:18:39.000Z", "eventType": "transaction", "_adobeamericaspot3": {"CRMID": "crmid:2038446151", "orderDetails": {"orderID": "orderid:235193", "reservationid": "JP8-B8QQ", "orderType": "mobile"}}}
{"_id": "e946e3ca-53c8-11ea-be0c-b88a60e194fb", "timestamp": "2019-12-02T16:37:22.000Z", "eventType": "transaction", "_adobeamericaspot3": {"CRMID": "crmid:4194895193", "orderDetails": {"orderID": "orderid:982139", "reservationid": "5MG-V4YE", "orderType": "website"}}}
{"_id": "e947f692-53c8-11ea-9a07-b88a60e194fb", "timestamp": "2019-12-06T17:29:42.000Z", "eventType": "transaction", "_adobeamericaspot3": {"CRMID": "crmid:6262340275", "orderDetails": {"orderID": "orderid:286990", "reservationid": "IML-DOAC", "orderType": "website"}}}
{"_id": "e948dfb8-53c8-11ea-bdfa-b88a60e194fb", "timestamp": "2019-12-04T09:36:38.000Z", "eventType": "transaction", "_adobeamericaspot3": {"CRMID": "crmid:3069012728", "orderDetails": {"orderID": "orderid:660932", "reservationid": "VKS-E8TV", "orderType": "kiosk"}}}
{"_id": "e94a181c-53c8-11ea-9e17-b88a60e194fb", "timestamp": "2019-12-15T11:10:07.000Z", "eventType": "transaction", "_adobeamericaspot3": {"CRMID": "crmid:3493936559", "orderDetails": {"orderID": "orderid:639667", "reservationid": "JCA-6SID", "orderType": "website"}}}
{"_id": "e94b02a8-53c8-11ea-ae6e-b88a60e194fb", "timestamp": "2020-02-13T13:10:16.000Z", "eventType": "transaction", "_adobeamericaspot3": {"CRMID": "crmid:6417008416", "orderDetails": {"orderID": "orderid:208591", "reservationid": "4TI-H6PA", "orderType": "website"}}}
{"_id": "e94c1552-53c8-11ea-b0cc-b88a60e194fb", "timestamp": "2020-02-07T08:16:00.000Z", "eventType": "transaction", "_adobeamericaspot3": {"CRMID": "crmid:1501167630", "orderDetails": {"orderID": "orderid:625613", "reservationid": "AP8-MS0X", "orderType": "call center"}}}
{"_id": "e94cfe52-53c8-11ea-a58b-b88a60e194fb", "timestamp": "2019-12-18T11:38:28.000Z", "eventType": "transaction", "_adobeamericaspot3": {"CRMID": "crmid:5861879635", "orderDetails": {"orderID": "orderid:623757", "reservationid": "9U7-T20Q", "orderType": "call center"}}}
{"_id": "e94dc1ae-53c8-11ea-a59b-b88a60e194fb", "timestamp": "2020-01-28T15:46:23.000Z", "eventType": "transaction", "_adobeamericaspot3": {"CRMID": "crmid:8891973018", "orderDetails": {"orderID": "orderid:313035", "reservationid": "JIP-MCSD", "orderType": "call center"}}}
{"_id": "e94de8cc-53c8-11ea-b97c-b88a60e194fb", "timestamp": "2020-02-02T00:00:00.000Z", "eventType": "transaction", "_adobeamericaspot3": {"CRMID": "crmid:8891973018", "orderDetails": {"orderID": "orderid:956903", "reservationid": "QLZ-JZ7L", "orderType": "service desk"}}}
{"_id": "e94f6f4a-53c8-11ea-a53b-b88a60e194fb", "timestamp": "2019-12-26T23:28:11.000Z", "eventType": "transaction", "_adobeamericaspot3": {"CRMID": "crmid:6501821585", "orderDetails": {"orderID": "orderid:987761", "reservationid": "5FP-K0YU", "orderType": "website"}}}
{"_id": "e950cee6-53c8-11ea-9941-b88a60e194fb", "timestamp": "2020-02-09T06:57:53.000Z", "eventType": "transaction", "_adobeamericaspot3": {"CRMID": "crmid:1720601545", "orderDetails": {"orderID": "orderid:659327", "reservationid": "GE8-10U0", "orderType": "call center"}}}
{"_id": "e9525586-53c8-11ea-93a6-b88a60e194fb", "timestamp": "2019-12-14T01:39:00.000Z", "eventType": "transaction", "_adobeamericaspot3": {"CRMID": "crmid:6728502247", "orderDetails": {"orderID": "orderid:721428", "reservationid": "POR-XVKW", "orderType": "mobile"}}}
{"_id": "e9540362-53c8-11ea-88dd-b88a60e194fb", "timestamp": "2020-01-17T00:32:44.000Z", "eventType": "transaction", "_adobeamericaspot3": {"CRMID": "crmid:3050996653", "orderDetails": {"orderID": "orderid:749010", "reservationid": "FIM-HIVK", "orderType": "kiosk"}}}
{"_id": "e955b1e6-53c8-11ea-9ec6-b88a60e194fb", "timestamp": "2019-12-16T12:42:53.000Z", "eventType": "transaction", "_adobeamericaspot3": {"CRMID": "crmid:9250206442", "orderDetails": {"orderID": "orderid:499859", "reservationid": "TOX-JD3B", "orderType": "call center"}}}
{"_id": "e959a89c-53c8-11ea-8b51-b88a60e194fb", "timestamp": "2020-02-04T18:46:13.000Z", "eventType": "transaction", "_adobeamericaspot3": {"CRMID": "crmid:7319412926", "orderDetails": {"orderID": "orderid:179175", "reservationid": "8U6-JH9Y", "orderType": "kiosk"}}}
{"_id": "e95ab9e6-53c8-11ea-b704-b88a60e194fb", "timestamp": "2020-01-04T08:44:24.000Z", "eventType": "transaction", "_adobeamericaspot3": {"CRMID": "crmid:3764791761", "orderDetails": {"orderID": "orderid:172643", "reservationid": "N4E-CDJJ", "orderType": "call center"}}}
{"_id": "e95ba462-53c8-11ea-8265-b88a60e194fb", "timestamp": "2019-12-29T15:34:21.000Z", "eventType": "transaction", "_adobeamericaspot3": {"CRMID": "crmid:8505124840", "orderDetails": {"orderID": "orderid:713962", "reservationid": "SWM-M3NC", "orderType": "website"}}}
{"_id": "e95cb5d2-53c8-11ea-8714-b88a60e194fb", "timestamp": "2019-12-17T06:13:11.000Z", "eventType": "transaction", "_adobeamericaspot3": {"CRMID": "crmid:1016266687", "orderDetails": {"orderID": "orderid:695170", "reservationid": "EFK-A9TC", "orderType": "website"}}}
{"_id": "e95da03e-53c8-11ea-986d-b88a60e194fb", "timestamp": "2020-01-15T07:11:03.000Z", "eventType": "transaction", "_adobeamericaspot3": {"CRMID": "crmid:5381169238", "orderDetails": {"orderID": "orderid:668493", "reservationid": "JR2-M24X", "orderType": "call center"}}}
{"_id": "e95eb2ee-53c8-11ea-8036-b88a60e194fb", "timestamp": "2019-12-31T17:48:46.000Z", "eventType": "transaction", "_adobeamericaspot3": {"CRMID": "crmid:3229831275", "orderDetails": {"orderID": "orderid:905245", "reservationid": "UJX-VPQG", "orderType": "kiosk"}}}
{"_id": "e95fea3a-53c8-11ea-85bf-b88a60e194fb", "timestamp": "2020-01-30T12:18:48.000Z", "eventType": "transaction", "_adobeamericaspot3": {"CRMID": "crmid:2799546731", "orderDetails": {"orderID": "orderid:266813", "reservationid": "VSZ-S614", "orderType": "kiosk"}}}
{"_id": "e960d49e-53c8-11ea-9c2f-b88a60e194fb", "timestamp": "2020-01-19T16:47:29.000Z", "eventType": "transaction", "_adobeamericaspot3": {"CRMID": "crmid:1235331794", "orderDetails": {"orderID": "orderid:264843", "reservationid": "XIJ-KTNY", "orderType": "call center"}}}
{"_id": "e961e5e2-53c8-11ea-b185-b88a60e194fb", "timestamp": "2019-12-04T09:51:45.000Z", "eventType": "transaction", "_adobeamericaspot3": {"CRMID": "crmid:8226110808", "orderDetails": {"orderID": "orderid:600089", "reservationid": "VDK-SKTB", "orderType": "kiosk"}}}
{"_id": "e962d05a-53c8-11ea-acab-b88a60e194fb", "timestamp": "2020-02-11T23:30:37.000Z", "eventType": "transaction", "_adobeamericaspot3": {"CRMID": "crmid:6375979402", "orderDetails": {"orderID": "orderid:363946", "reservationid": "VXC-RZME", "orderType": "kiosk"}}}
{"_id": "e963e1b4-53c8-11ea-b90c-b88a60e194fb", "timestamp": "2020-01-20T12:52:42.000Z", "eventType": "transaction", "_adobeamericaspot3": {"CRMID": "crmid:7487237152", "orderDetails": {"orderID": "orderid:244359", "reservationid": "6UX-P6LM", "orderType": "call center"}}}
{"_id": "e9651bae-53c8-11ea-a15c-b88a60e194fb", "timestamp": "2019-12-06T07:16:54.000Z", "eventType": "transaction", "_adobeamericaspot3": {"CRMID": "crmid:8450620021", "orderDetails": {"orderID": "orderid:375738", "reservationid": "RQO-LFVF", "orderType": "call center"}}}
{"_id": "e9662d02-53c8-11ea-8f2c-b88a60e194fb", "timestamp": "2019-12-02T01:47:45.000Z", "eventType": "transaction", "_adobeamericaspot3": {"CRMID": "crmid:6082388525", "orderDetails": {"orderID": "orderid:460097", "reservationid": "I8W-2KKQ", "orderType": "website"}}}
{"_id": "e96717a4-53c8-11ea-9503-b88a60e194fb", "timestamp": "2020-02-07T23:21:35.000Z", "eventType": "transaction", "_adobeamericaspot3": {"CRMID": "crmid:4192963462", "orderDetails": {"orderID": "orderid:766507", "reservationid": "XZ2-XZYV", "orderType": "kiosk"}}}
{"_id": "e9682794-53c8-11ea-8a62-b88a60e194fb", "timestamp": "2020-01-09T08:03:16.000Z", "eventType": "transaction", "_adobeamericaspot3": {"CRMID": "crmid:6767182660", "orderDetails": {"orderID": "orderid:200533", "reservationid": "ZY2-BI6H", "orderType": "service desk"}}}
{"_id": "e96911e6-53c8-11ea-a520-b88a60e194fb", "timestamp": "2020-02-08T05:48:33.000Z", "eventType": "transaction", "_adobeamericaspot3": {"CRMID": "crmid:9537902845", "orderDetails": {"orderID": "orderid:183517", "reservationid": "TJH-JHCG", "orderType": "call center"}}}
{"_id": "e96a2342-53c8-11ea-b885-b88a60e194fb", "timestamp": "2020-01-05T15:51:23.000Z", "eventType": "transaction", "_adobeamericaspot3": {"CRMID": "crmid:4252657918", "orderDetails": {"orderID": "orderid:519562", "reservationid": "UEZ-AAWY", "orderType": "call center"}}}
{"_id": "e96ae7e8-53c8-11ea-87dc-b88a60e194fb", "timestamp": "2019-12-23T08:54:53.000Z", "eventType": "transaction", "_adobeamericaspot3": {"CRMID": "crmid:4355005757", "orderDetails": {"orderID": "orderid:713016", "reservationid": "SRZ-OLNG", "orderType": "mobile"}}}
{"_id": "e96bf9b0-53c8-11ea-9989-b88a60e194fb", "timestamp": "2020-02-05T09:05:52.000Z", "eventType": "transaction", "_adobeamericaspot3": {"CRMID": "crmid:9569961306", "orderDetails": {"orderID": "orderid:107801", "reservationid": "MST-PIFO", "orderType": "call center"}}}
