id,reservationid,orderid,crmid,timestamp,orderType,productsku,hotelCheckInUnix,hotelCheckOutUnix,hotelCheckInTS,hotelCheckOutTS,hotelName,hotelChain,hotelLocation,hotelRoomType,hotelRoomCount,hotelGuestAdultCount,hotelGuestChildCount,hotelNightCount,hotelRoomPrice,hotelFinalPrice
e89016f4-53c8-11ea-9930-b88a60e194fb,ABH-WYKA,orderid:729444,crmid:9802214405,2020-01-23T12:32:14.000Z,call center,prd1011,1579869134,1580128334,2020-01-24T12:32:14+00:00,2020-01-27T12:32:14+00:00,Hospitality Inn: Dallas,Hospitality Inn,Dallas,luxury,1,1,0,3,285.7,857.1
e8919dae-53c8-11ea-b55d-b88a60e194fb,FUJ-MDLL,orderid:626895,crmid:5210347332,2020-01-24T19:08:31.000Z,kiosk,prd1014,1582139311,1582744111,2020-02-19T19:08:31+00:00,2020-02-26T19:08:31+00:00,Restful Nights: Jacksonville,Restful Nights,Jacksonville,premium,1,1,0,7,155.08,1085.56
e8934b86-53c8-11ea-9537-b88a60e194fb,BIP-GCAP,orderid:563618,crmid:2061591959,2020-02-02T08:17:21.000Z,service desk,prd1129,1582877841,1583655441,2020-02-28T08:17:21+00:00,2020-03-08T08:17:21+00:00,Admiralty Plaza: Helsinki,Admiralty Plaza,Helsinki,standard,1,1,0,9,194.14,1747.26
e8948524-53c8-11ea-93d2-b88a60e194fb,HAZ-RKBL,orderid:321594,crmid:4131646315,2019-12-02T13:54:31.000Z,website,prd1040,1576936471,1577714071,2019-12-21T13:54:31+00:00,2019-12-30T13:54:31+00:00,Aspen Heights: Atlanta,Aspen Heights,Atlanta,standard,1,1,0,9,128.3,1154.7
e8956f80-53c8-11ea-9991-b88a60e194fb,TXH-ACPP,orderid:440906,crmid:2981999419,2020-01-13T16:46:58.000Z,kiosk,prd1169,1579193218,1579366018,2020-01-16T16:46:58+00:00,2020-01-18T16:46:58+00:00,Grandeur Hotels: Tucson,Grandeur Hotels,Tucson,standard,1,1,0,2,165.31,330.62
e89659e4-53c8-11ea-8275-b88a60e194fb,S5F-4ZSX,orderid:830088,crmid:1464770809,2020-02-16T00:21:34.000Z,website,prd1141,1584404494,1585095694,2020-03-17T00:21:34+00:00,2020-03-25T00:21:34+00:00,Admiralty Plaza: Phoenix,Admiralty Plaza,Phoenix,standard,1,1,0,8,124.56,996.48
e8974392-53c8-11ea-b1ac-b88a60e194fb,JFD-3VNG,orderid:488244,crmid:8179798813,2020-01-01T19:04:25.000Z,website,prd1023,1580151865,1580583865,2020-01-27T19:04:25+00:00,2020-02-01T19:04:25+00:00,Hospitality Inn: Boston,Hospitality Inn,Boston,standard,1,1,0,5,141.13,705.65
e8985468-53c8-11ea-aef9-b88a60e194fb,DKV-G4QD,orderid:970949,crmid:5373891697,2020-01-20T20:54:17.000Z,service desk,prd1106,1582059257,1582318457,2020-02-18T20:54:17+00:00,2020-02-21T20:54:17+00:00,Blue Reef Resort: Munich,Blue Reef Resort,Munich,premium,1,1,1,3,145.76,437.28
e899671e-53c8-11ea-8bf0-b88a60e194fb,HNZ-PFNY,orderid:594194,crmid:8049384544,2019-12-30T11:05:20.000Z,kiosk,prd1134,1577790320,1578222320,2019-12-31T11:05:20+00:00,2020-01-05T11:05:20+00:00,Restful Nights: Montreal,Restful Nights,Montreal,luxury,1,1,0,5,323.15,1615.75
e89a2a76-53c8-11ea-8a07-b88a60e194fb,GYX-QELX,orderid:149495,crmid:1637439096,2020-01-31T18:15:06.000Z,call center,prd1100,1582395306,1583086506,2020-02-22T18:15:06+00:00,2020-03-01T18:15:06+00:00,Aspen Heights: Misk,Aspen Heights,Misk,ultra-luxury,1,1,0,8,341.66,2733.28
e89b889e-53c8-11ea-b660-b88a60e194fb,EQF-GUP4,orderid:535021,crmid:9961710443,2020-01-04T16:06:22.000Z,kiosk,prd1053,1580313982,1580659582,2020-01-29T16:06:22+00:00,2020-02-02T16:06:22+00:00,Sapphire Suites: Cleveland,Sapphire Suites,Cleveland,premium,1,1,0,4,160.48,641.92
e89cc280-53c8-11ea-8039-b88a60e194fb,Y31-CRZ0,orderid:402898,crmid:7799089520,2020-02-03T01:47:19.000Z,website,prd1016,1580780839,1581126439,2020-02-04T01:47:19+00:00,2020-02-08T01:47:19+00:00,Aspen Heights: Columbus,Aspen Heights,Columbus,premium,1,1,0,4,139.33,557.32
e89dd2b6-53c8-11ea-8e30-b88a60e194fb,MWI-CRTB,orderid:101451,crmid:8234791127,2020-01-03T05:20:32.000Z,website,prd1169,1578115232,1578201632,2020-01-04T05:20:32+00:00,2020-01-05T05:20:32+00:00,Grandeur Hotels: Tucson,Grandeur Hotels,Tucson,standard,1,1,0,1,172.16,172.16
e89f3212-53c8-11ea-bbe8-b88a60e194fb,QIE-DDFI,orderid:961352,crmid:7842122922,2019-12-01T22:37:39.000Z,kiosk,prd1070,1577659059,1578695859,2019-12-29T22:37:39+00:00,2020-01-10T22:37:39+00:00,Blue Reef Resort: Jakarta,Blue Reef Resort,Jakarta,standard,1,1,0,12,119.28,1431.36
e8a01c98-53c8-11ea-b02c-b88a60e194fb,C3L-ZRIT,orderid:829799,crmid:8058222015,2019-12-08T08:54:15.000Z,kiosk,prd1103,1578041655,1578905655,2020-01-03T08:54:15+00:00,2020-01-13T08:54:15+00:00,Nesting Box Inn: Hamburg,Nesting Box Inn,Hamburg,standard,1,1,0,10,129.24,1292.4
e8a10842-53c8-11ea-ac45-b88a60e194fb,Q8V-JTEQ,orderid:530784,crmid:1575532964,2020-01-21T11:05:36.000Z,kiosk,prd1039,1581419136,1581764736,2020-02-11T11:05:36+00:00,2020-02-15T11:05:36+00:00,Family Fun Hotels: Kansas City,Family Fun Hotels,Kansas City,luxury,1,1,0,4,372.29,1489.16
e8a1f224-53c8-11ea-acc3-b88a60e194fb,92J-CNRC,orderid:131866,crmid:1028980019,2020-01-22T05:17:40.000Z,call center,prd1155,1580102260,1580361460,2020-01-27T05:17:40+00:00,2020-01-30T05:17:40+00:00,Hospitality Inn: Denver,Hospitality Inn,Denver,standard,1,1,0,3,159.16,477.48
e8a302b0-53c8-11ea-a132-b88a60e194fb,J6M-L3FR,orderid:117111,crmid:6766576134,2020-01-19T04:23:49.000Z,service desk,prd1076,1581308629,1582086229,2020-02-10T04:23:49+00:00,2020-02-19T04:23:49+00:00,Aspen Heights: Bogota,Aspen Heights,Bogota,premium,1,1,2,9,140.88,1267.92
e8a41578-53c8-11ea-b7d7-b88a60e194fb,AYK-1DNC,orderid:945718,crmid:4897526127,2019-12-30T09:41:10.000Z,mobile,prd1149,1579167670,1579772470,2020-01-16T09:41:10+00:00,2020-01-23T09:41:10+00:00,Sapphire Suites: San Francisco,Sapphire Suites,San Francisco,standard,1,1,0,7,139.83,978.81
e8a4d8e6-53c8-11ea-8ef2-b88a60e194fb,1QU-EYKE,orderid:580614,crmid:7835389571,2019-12-09T05:02:16.000Z,kiosk,prd1019,1577854936,1578200536,2020-01-01T05:02:16+00:00,2020-01-05T05:02:16+00:00,Nesting Box Inn: Charlotte,Nesting Box Inn,Charlotte,ultra-luxury,1,1,0,4,420.33,1681.32
e8a61014-53c8-11ea-b2e1-b88a60e194fb,VTA-VM6X,orderid:455069,crmid:5076575235,2020-02-13T10:36:59.000Z,mobile,prd1069,1583923019,1585391819,2020-03-11T10:36:59+00:00,2020-03-28T10:36:59+00:00,Admiralty Plaza: Singapore,Admiralty Plaza,Singapore,standard,1,1,0,17,137.04,2329.68
e8a6fb8c-53c8-11ea-8076-b88a60e194fb,HTT-9OR9,orderid:327410,crmid:1324540053,2020-02-07T06:09:18.000Z,website,prd1030,1583215758,1584338958,2020-03-03T06:09:18+00:00,2020-03-16T06:09:18+00:00,Sego Lily Suites: Las Vegas,Sego Lily Suites,Las Vegas,standard,1,1,0,13,135.57,1762.41
e8a7befe-53c8-11ea-b633-b88a60e194fb,N4X-RIOT,orderid:627790,crmid:9593744605,2019-12-10T15:18:52.000Z,kiosk,prd1070,1577978332,1578583132,2020-01-02T15:18:52+00:00,2020-01-09T15:18:52+00:00,Blue Reef Resort: Jakarta,Blue Reef Resort,Jakarta,standard,1,1,0,7,145.95,1021.65
e8a8cf22-53c8-11ea-9406-b88a60e194fb,GF6-KGHL,orderid:340318,crmid:5754003675,2019-12-18T20:02:55.000Z,call center,prd1149,1579032175,1579291375,2020-01-14T20:02:55+00:00,2020-01-17T20:02:55+00:00,Sapphire Suites: San Francisco,Sapphire Suites,San Francisco,luxury,1,1,4,3,286.63,859.89
e8a993b8-53c8-11ea-a4b7-b88a60e194fb,Y3S-Q34G,orderid:560147,crmid:5866504179,2019-12-04T10:22:16.000Z,call center,prd1026,1576491736,1577182936,2019-12-16T10:22:16+00:00,2019-12-24T10:22:16+00:00,Restful Nights: Nashville,Restful Nights,Nashville,standard,1,1,0,8,159.16,1273.28
e8aa7e26-53c8-11ea-98a8-b88a60e194fb,ESG-DRBT,orderid:683014,crmid:2304694881,2019-12-08T02:09:08.000Z,mobile,prd1053,1577585348,1577844548,2019-12-29T02:09:08+00:00,2020-01-01T02:09:08+00:00,Sapphire Suites: Cleveland,Sapphire Suites,Cleveland,standard,1,1,0,3,146.22,438.66
e8ab6752-53c8-11ea-9745-b88a60e194fb,FFE-EUHG,orderid:960919,crmid:8843433229,2019-12-10T17:58:00.000Z,call center,prd1167,1576519080,1576778280,2019-12-16T17:58:00+00:00,2019-12-19T17:58:00+00:00,Hospitality Inn: Milwaukee,Hospitality Inn,Milwaukee,premium,1,1,0,3,163.75,491.25
e8ac792e-53c8-11ea-aa7f-b88a60e194fb,QII-ZEXE,orderid:589250,crmid:8440059286,2019-12-14T22:28:17.000Z,call center,prd1107,1578868097,1579386497,2020-01-12T22:28:17+00:00,2020-01-18T22:28:17+00:00,Hospitality Inn: Kharkiv,Hospitality Inn,Kharkiv,premium,1,1,3,6,137.88,827.28
e8ad3d4c-53c8-11ea-ac05-b88a60e194fb,BSJ-BJ9A,orderid:232016,crmid:1414864818,2020-01-06T16:23:10.000Z,website,prd1034,1578414190,1578586990,2020-01-07T16:23:10+00:00,2020-01-09T16:23:10+00:00,Blue Reef Resort: Albuquerque,Blue Reef Resort,Albuquerque,standard,1,1,0,2,130.23,260.46
e8ae4d78-53c8-11ea-b834-b88a60e194fb,XCE-L9LE,orderid:205009,crmid:7265648560,2020-01-14T06:41:44.000Z,call center,prd1134,1581230504,1581835304,2020-02-09T06:41:44+00:00,2020-02-16T06:41:44+00:00,Restful Nights: Montreal,Restful Nights,Montreal,presidential-suite,1,1,0,7,869.26,6084.82
e8af5ee4-53c8-11ea-befe-b88a60e194fb,7C2-6QVN,orderid:768411,crmid:7762958182,2020-01-16T00:34:13.000Z,service desk,prd1148,1579221253,1579394053,2020-01-17T00:34:13+00:00,2020-01-19T00:34:13+00:00,Aspen Heights: Jacksonville,Aspen Heights,Jacksonville,standard,1,1,0,2,136.78,273.56
e8afad70-53c8-11ea-9d71-b88a60e194fb,UNE-VIBS,orderid:388389,crmid:7762958182,2020-01-20T00:00:00.000Z,mobile,prd1129,1579651200,1580169600,2020-01-22T00:00:00+00:00,2020-01-28T00:00:00+00:00,Admiralty Plaza: Helsinki,Admiralty Plaza,Helsinki,premium,1,1,0,6,152.23,913.38
e8b0bf98-53c8-11ea-992d-b88a60e194fb,XSY-ZPXC,orderid:157899,crmid:5527691174,2020-01-25T15:54:02.000Z,website,prd1142,1581522842,1582386842,2020-02-12T15:54:02+00:00,2020-02-22T15:54:02+00:00,Blue Reef Resort: Philadelphia,Blue Reef Resort,Philadelphia,standard,1,1,0,10,149.78,1497.8
e8b1cfe6-53c8-11ea-b4f5-b88a60e194fb,B3V-KEBQ,orderid:219600,crmid:9504854897,2020-02-15T17:10:56.000Z,website,prd1022,1583687456,1584033056,2020-03-08T17:10:56+00:00,2020-03-12T17:10:56+00:00,Blue Reef Resort: Washington DC,Blue Reef Resort,Washington DC,standard,1,1,0,4,123.38,493.52
e8b3082e-53c8-11ea-b0dd-b88a60e194fb,G9Z-IUKU,orderid:999123,crmid:6609240621,2019-12-13T11:46:25.000Z,call center,prd1191,1578397585,1579261585,2020-01-07T11:46:25+00:00,2020-01-17T11:46:25+00:00,Hospitality Inn: Mumbai,Hospitality Inn,Mumbai,standard,1,1,0,10,124.0,1240.0
e8b467f4-53c8-11ea-a1db-b88a60e194fb,8HQ-1LDK,orderid:213457,crmid:4748345921,2019-12-03T13:01:44.000Z,kiosk,prd1022,1577192504,1577538104,2019-12-24T13:01:44+00:00,2019-12-28T13:01:44+00:00,Blue Reef Resort: Washington DC,Blue Reef Resort,Washington DC,standard,1,1,4,4,155.17,620.68
e8b55246-53c8-11ea-a67c-b88a60e194fb,9KD-LR3W,orderid:332039,crmid:6289433595,2019-12-14T15:03:17.000Z,call center,prd1011,1578841397,1579446197,2020-01-12T15:03:17+00:00,2020-01-19T15:03:17+00:00,Hospitality Inn: Dallas,Hospitality Inn,Dallas,standard,1,1,0,7,149.34,1045.38
e8b663ca-53c8-11ea-bc6f-b88a60e194fb,W1N-SESY,orderid:397257,crmid:6671774408,2020-01-22T01:09:41.000Z,service desk,prd1007,1579741781,1580087381,2020-01-23T01:09:41+00:00,2020-01-27T01:09:41+00:00,Nesting Box Inn: Phoenix,Nesting Box Inn,Phoenix,premium,1,1,0,4,166.87,667.48
e8b74e22-53c8-11ea-89be-b88a60e194fb,Z9O-VSZZ,orderid:999821,crmid:9999452637,2020-01-15T18:53:16.000Z,mobile,prd1049,1579459996,1580151196,2020-01-19T18:53:16+00:00,2020-01-27T18:53:16+00:00,Grandeur Hotels: Tulsa,Grandeur Hotels,Tulsa,premium,1,1,0,8,147.0,1176.0
e8b85f8a-53c8-11ea-8cfc-b88a60e194fb,5KQ-24NZ,orderid:843292,crmid:9285347549,2019-12-30T19:08:04.000Z,mobile,prd1100,1578251284,1578337684,2020-01-05T19:08:04+00:00,2020-01-06T19:08:04+00:00,Aspen Heights: Misk,Aspen Heights,Misk,standard,1,1,0,1,167.88,167.88
e8b949d0-53c8-11ea-9d72-b88a60e194fb,IQT-6KYD,orderid:224854,crmid:1793307622,2020-01-17T06:04:54.000Z,call center,prd1049,1579845894,1580364294,2020-01-24T06:04:54+00:00,2020-01-30T06:04:54+00:00,Grandeur Hotels: Tulsa,Grandeur Hotels,Tulsa,premium,1,1,0,6,122.72,736.32
e8ba35a8-53c8-11ea-bab7-b88a60e194fb,Q8H-ICCB,orderid:199511,crmid:7253208855,2020-02-10T05:14:56.000Z,website,prd1007,1583471696,1584422096,2020-03-06T05:14:56+00:00,2020-03-17T05:14:56+00:00,Nesting Box Inn: Phoenix,Nesting Box Inn,Phoenix,standard,1,1,0,11,143.71,1580.81
e8bb1f26-53c8-11ea-bc2b-b88a60e194fb,2PV-ILZC,orderid:931699,crmid:4469093675,2020-02-10T22:19:31.000Z,call center,prd1064,1582841971,1583705971,2020-02-27T22:19:31+00:00,2020-03-08T22:19:31+00:00,Aspen Heights: Paris,Aspen Heights,Paris,standard,1,1,0,10,134.67,1346.7
e8bc3002-53c8-11ea-bf64-b88a60e194fb,MOT-DUWY,orderid:156299,crmid:4416312905,2019-12-29T08:52:55.000Z,website,prd1050,1578300775,1578991975,2020-01-06T08:52:55+00:00,2020-01-14T08:52:55+00:00,Restful Nights: Arlington,Restful Nights,Arlington,standard,1,1,0,8,167.43,1339.44
e8bd6876-53c8-11ea-8fb4-b88a60e194fb,DIQ-MZ4Q,orderid:849788,crmid:5628754448,2020-01-27T22:14:10.000Z,website,prd1158,1580336050,1580595250,2020-01-29T22:14:10+00:00,2020-02-01T22:14:10+00:00,Restful Nights: El Paso,Restful Nights,El Paso,standard,1,1,0,3,109.65,328.95
e8be79de-53c8-11ea-ba24-b88a60e194fb,HFA-SWEC,orderid:799700,crmid:5616435177,2020-02-16T07:55:15.000Z,website,prd1058,1583567715,1584777315,2020-03-07T07:55:15+00:00,2020-03-21T07:55:15+00:00,Blue Reef Resort: Delhi,Blue Reef Resort,Delhi,ultra-luxury,1,1,0,14,392.92,5500.88
e8bf8b5a-53c8-11ea-bb8c-b88a60e194fb,ERL-J0C6,orderid:294907,crmid:2691110283,2020-02-13T03:58:44.000Z,kiosk,prd1165,1583726324,1584590324,2020-03-09T03:58:44+00:00,2020-03-19T03:58:44+00:00,Admiralty Plaza: Louisville,Admiralty Plaza,Louisville,standard,1,1,0,10,119.53,1195.3
e8c09e28-53c8-11ea-89ed-b88a60e194fb,BX9-4HVE,orderid:984796,crmid:5676281589,2020-02-15T23:07:43.000Z,call center,prd1074,1583363263,1584400063,2020-03-04T23:07:43+00:00,2020-03-16T23:07:43+00:00,Restful Nights: Mexico City,Restful Nights,Mexico City,standard,1,1,2,12,111.74,1340.88
e8c16024-53c8-11ea-8400-b88a60e194fb,WNV-FXS8,orderid:394487,crmid:8460539123,2019-12-23T05:52:05.000Z,mobile,prd1021,1578981125,1579585925,2020-01-14T05:52:05+00:00,2020-01-21T05:52:05+00:00,Admiralty Plaza: Denver,Admiralty Plaza,Denver,standard,1,1,0,7,158.95,1112.65
e8c298c6-53c8-11ea-bfa6-b88a60e194fb,WDB-UEGN,orderid:532530,crmid:6384453180,2020-01-18T14:00:40.000Z,website,prd1185,1581516040,1582812040,2020-02-12T14:00:40+00:00,2020-02-27T14:00:40+00:00,Sapphire Suites: New Orleans,Sapphire Suites,New Orleans,premium,1,1,0,15,131.32,1969.8
e8c3aa08-53c8-11ea-8dc5-b88a60e194fb,SFW-BSAF,orderid:885518,crmid:9621187628,2020-02-16T18:12:42.000Z,kiosk,prd1112,1583950362,1584555162,2020-03-11T18:12:42+00:00,2020-03-18T18:12:42+00:00,Aspen Heights: Birmingham,Aspen Heights,Birmingham,standard,1,1,0,7,127.59,893.13
e8c46d8a-53c8-11ea-9446-b88a60e194fb,PJ1-RV1T,orderid:183354,crmid:4867945042,2019-12-11T22:55:07.000Z,mobile,prd1021,1578005707,1578524107,2020-01-02T22:55:07+00:00,2020-01-08T22:55:07+00:00,Admiralty Plaza: Denver,Admiralty Plaza,Denver,premium,1,1,0,6,125.64,753.84
e8c5a648-53c8-11ea-acbc-b88a60e194fb,GZS-SWZS,orderid:679214,crmid:2803789526,2019-12-08T11:31:35.000Z,kiosk,prd1004,1577446295,1577964695,2019-12-27T11:31:35+00:00,2020-01-02T11:31:35+00:00,Aspen Heights: Boulder,Aspen Heights,Boulder,standard,1,1,0,6,109.56,657.36
e8c6903a-53c8-11ea-b396-b88a60e194fb,T2Q-MUHR,orderid:795503,crmid:4551761970,2020-01-28T03:39:01.000Z,website,prd1152,1580355541,1580528341,2020-01-30T03:39:01+00:00,2020-02-01T03:39:01+00:00,Repose Resort: Indianapolis,Repose Resort,Indianapolis,premium,1,1,0,2,70.28,140.56
e8c7a302-53c8-11ea-96ad-b88a60e194fb,JXF-H34H,orderid:121991,crmid:3923928988,2019-12-12T18:58:26.000Z,call center,prd1181,1578250706,1578941906,2020-01-05T18:58:26+00:00,2020-01-13T18:58:26+00:00,Grandeur Hotels: Oakland,Grandeur Hotels,Oakland,standard,1,1,1,8,114.9,919.2
e8c8b34c-53c8-11ea-aba9-b88a60e194fb,FJ3-IJKV,orderid:695556,crmid:9319373554,2020-01-26T05:29:45.000Z,service desk,prd1141,1580102985,1580189385,2020-01-27T05:29:45+00:00,2020-01-28T05:29:45+00:00,Admiralty Plaza: Phoenix,Admiralty Plaza,Phoenix,standard,1,1,0,1,130.12,130.12
e8cc83d4-53c8-11ea-9805-b88a60e194fb,KZX-OXLJ,orderid:326286,crmid:4484922893,2020-01-25T17:47:12.000Z,kiosk,prd1135,1581097632,1582048032,2020-02-07T17:47:12+00:00,2020-02-18T17:47:12+00:00,Family Fun Hotels: Vancouver,Family Fun Hotels,Vancouver,standard,1,1,1,11,128.72,1415.92
e8cd9698-53c8-11ea-afc1-b88a60e194fb,OFL-EU7N,orderid:947664,crmid:2451224576,2020-01-15T22:34:00.000Z,call center,prd1182,1579214040,1579300440,2020-01-16T22:34:00+00:00,2020-01-17T22:34:00+00:00,Restful Nights: Minneapolis,Restful Nights,Minneapolis,standard,1,1,0,1,147.77,147.77
e8ce8006-53c8-11ea-a125-b88a60e194fb,H1Q-NUPA,orderid:396105,crmid:1515006927,2019-12-07T06:24:30.000Z,mobile,prd1155,1575786270,1575872670,2019-12-08T06:24:30+00:00,2019-12-09T06:24:30+00:00,Hospitality Inn: Denver,Hospitality Inn,Denver,standard,1,1,0,1,175.79,175.79
e8cf69dc-53c8-11ea-8db1-b88a60e194fb,FFC-RPOT,orderid:380495,crmid:6038467433,2020-02-06T13:55:04.000Z,call center,prd1112,1583330104,1583762104,2020-03-04T13:55:04+00:00,2020-03-09T13:55:04+00:00,Aspen Heights: Birmingham,Aspen Heights,Birmingham,standard,1,1,0,5,117.99,589.95
e8d0a3b4-53c8-11ea-bea2-b88a60e194fb,LF7-BRCC,orderid:617444,crmid:7209202968,2019-12-11T16:41:52.000Z,website,prd1067,1577896912,1578847312,2020-01-01T16:41:52+00:00,2020-01-12T16:41:52+00:00,Nesting Box Inn: Istanbul,Nesting Box Inn,Istanbul,premium,1,1,0,11,122.29,1345.19
e8d18ce4-53c8-11ea-99c3-b88a60e194fb,IXO-B3UI,orderid:342666,crmid:2180852792,2019-12-08T14:32:56.000Z,service desk,prd1094,1578061976,1578666776,2020-01-03T14:32:56+00:00,2020-01-10T14:32:56+00:00,Blue Reef Resort: Berlin,Blue Reef Resort,Berlin,standard,1,1,0,7,170.05,1190.35
e8d27728-53c8-11ea-9204-b88a60e194fb,4Q0-BGUL,orderid:741436,crmid:7177405935,2020-02-12T23:35:27.000Z,website,prd1121,1581636927,1581982527,2020-02-13T23:35:27+00:00,2020-02-17T23:35:27+00:00,Grandeur Hotels: Stockholm,Grandeur Hotels,Stockholm,standard,1,1,0,4,148.19,592.76
e8d388a4-53c8-11ea-8e9a-b88a60e194fb,A28-EWNS,orderid:931070,crmid:6321158399,2019-12-04T16:05:53.000Z,call center,prd1003,1575648353,1575821153,2019-12-06T16:05:53+00:00,2019-12-08T16:05:53+00:00,Family Fun Hotels: Houston,Family Fun Hotels,Houston,standard,1,1,0,2,157.21,314.42
e8d472f0-53c8-11ea-b848-b88a60e194fb,ID9-H1QA,orderid:633715,crmid:3195853793,2020-02-16T23:21:22.000Z,mobile,prd1189,1583796082,1584400882,2020-03-09T23:21:22+00:00,2020-03-16T23:21:22+00:00,Admiralty Plaza: Bakersfield,Admiralty Plaza,Bakersfield,standard,1,1,0,7,154.36,1080.52
e8d585be-53c8-11ea-8712-b88a60e194fb,0ZR-YKQD,orderid:938876,crmid:7649711531,2019-12-07T06:24:22.000Z,call center,prd1102,1577427862,1578637462,2019-12-27T06:24:22+00:00,2020-01-10T06:24:22+00:00,Sego Lily Suites: Budapest,Sego Lily Suites,Budapest,standard,1,1,0,14,125.61,1758.54
e8d6e412-53c8-11ea-8f40-b88a60e194fb,SDR-M1I7,orderid:398988,crmid:6474774536,2020-01-19T12:42:45.000Z,mobile,prd1031,1581943365,1582720965,2020-02-17T12:42:45+00:00,2020-02-26T12:42:45+00:00,Nesting Box Inn: Louisville,Nesting Box Inn,Louisville,standard,1,1,0,9,120.1,1080.9
e8d7f576-53c8-11ea-8e68-b88a60e194fb,UWT-MIPX,orderid:237624,crmid:5380223576,2019-12-16T22:10:33.000Z,kiosk,prd1093,1576620633,1576707033,2019-12-17T22:10:33+00:00,2019-12-18T22:10:33+00:00,Admiralty Plaza: Yokohama,Admiralty Plaza,Yokohama,ultra-luxury,1,1,0,1,362.79,362.79
e8d92df8-53c8-11ea-8bf4-b88a60e194fb,AXE-F5FY,orderid:453446,crmid:8260810198,2020-01-18T01:00:06.000Z,call center,prd1117,1579395606,1579482006,2020-01-19T01:00:06+00:00,2020-01-20T01:00:06+00:00,Admiralty Plaza: Dublin,Admiralty Plaza,Dublin,standard,1,1,0,1,182.37,182.37
e8da4098-53c8-11ea-96a2-b88a60e194fb,FWI-WQWQ,orderid:136084,crmid:4909794798,2019-12-31T21:44:24.000Z,website,prd1046,1578260664,1578433464,2020-01-05T21:44:24+00:00,2020-01-07T21:44:24+00:00,Blue Reef Resort: Virginia Beach,Blue Reef Resort,Virginia Beach,premium,1,1,0,2,112.26,224.52
e8db29d8-53c8-11ea-93dd-b88a60e194fb,OXH-AF9I,orderid:868197,crmid:9927690780,2019-12-19T11:11:49.000Z,call center,prd1020,1577445109,1578049909,2019-12-27T11:11:49+00:00,2020-01-03T11:11:49+00:00,Repose Resort: Seattle,Repose Resort,Seattle,standard,1,1,0,7,146.91,1028.37
e8dc140a-53c8-11ea-996c-b88a60e194fb,B0G-5FAM,orderid:674492,crmid:9821324848,2019-12-18T12:13:56.000Z,call center,prd1137,1576757636,1577189636,2019-12-19T12:13:56+00:00,2019-12-24T12:13:56+00:00,Sapphire Suites: Manila,Sapphire Suites,Manila,standard,1,1,0,5,113.11,565.55
e8dd4d2c-53c8-11ea-b860-b88a60e194fb,HHU-5W1X,orderid:209175,crmid:4864367550,2020-02-07T07:21:13.000Z,service desk,prd1064,1583479273,1584775273,2020-03-06T07:21:13+00:00,2020-03-21T07:21:13+00:00,Aspen Heights: Paris,Aspen Heights,Paris,standard,1,1,0,15,153.51,2302.65
e8de3730-53c8-11ea-922a-b88a60e194fb,1A4-Y3MZ,orderid:345885,crmid:9696565747,2020-01-13T02:40:14.000Z,mobile,prd1155,1580784014,1581043214,2020-02-04T02:40:14+00:00,2020-02-07T02:40:14+00:00,Hospitality Inn: Denver,Hospitality Inn,Denver,standard,1,1,0,3,96.49,289.47
e8df4890-53c8-11ea-ba9b-b88a60e194fb,28C-PAU1,orderid:220193,crmid:6628300967,2019-12-28T17:47:10.000Z,service desk,prd1014,1579628830,1579974430,2020-01-21T17:47:10+00:00,2020-01-25T17:47:10+00:00,Restful Nights: Jacksonville,Restful Nights,Jacksonville,premium,1,1,0,4,174.3,697.2
e8e059f6-53c8-11ea-a250-b88a60e194fb,GCS-WKCX,orderid:554903,crmid:6858842278,2020-01-23T03:36:26.000Z,website,prd1052,1581564986,1582169786,2020-02-13T03:36:26+00:00,2020-02-20T03:36:26+00:00,Aspen Heights: Wichita,Aspen Heights,Wichita,standard,1,1,0,7,183.25,1282.75
e8e16b4a-53c8-11ea-8ad9-b88a60e194fb,Q2S-FP9J,orderid:897247,crmid:1513111263,2019-12-25T22:20:23.000Z,kiosk,prd1069,1578003623,1578522023,2020-01-02T22:20:23+00:00,2020-01-08T22:20:23+00:00,Admiralty Plaza: Singapore,Admiralty Plaza,Singapore,standard,1,1,0,6,118.68,712.08
e8e2a3ca-53c8-11ea-983f-b88a60e194fb,I0I-L4VD,orderid:562013,crmid:2671737013,2019-12-24T13:36:54.000Z,website,prd1062,1577972214,1578836214,2020-01-02T13:36:54+00:00,2020-01-12T13:36:54+00:00,Restful Nights: Moscow,Restful Nights,Moscow,premium,1,1,4,10,132.75,1327.5
e8e3b552-53c8-11ea-bee2-b88a60e194fb,SSK-VVJK,orderid:946402,crmid:2109575507,2019-12-19T18:31:25.000Z,website,prd1037,1576866685,1577385085,2019-12-20T18:31:25+00:00,2019-12-26T18:31:25+00:00,Grandeur Hotels: Sacramento,Grandeur Hotels,Sacramento,standard,1,1,0,6,145.52,873.12
e8e49fba-53c8-11ea-b1ef-b88a60e194fb,TQF-7ZAW,orderid:157866,crmid:3001599582,2020-01-28T08:59:46.000Z,service desk,prd1154,1580288386,1580547586,2020-01-29T08:59:46+00:00,2020-02-01T08:59:46+00:00,Blue Reef Resort: Seattle,Blue Reef Resort,Seattle,standard,1,1,0,3,169.0,507.0
e8e5b11c-53c8-11ea-916b-b88a60e194fb,MRC-YGYJ,orderid:626105,crmid:3917803477,2019-12-01T17:53:20.000Z,website,prd1189,1577469200,1578160400,2019-12-27T17:53:20+00:00,2020-01-04T17:53:20+00:00,Admiralty Plaza: Bakersfield,Admiralty Plaza,Bakersfield,standard,1,1,0,8,178.1,1424.8
e8e6c288-53c8-11ea-9522-b88a60e194fb,1KH-QQLU,orderid:441230,crmid:3960646277,2020-01-12T15:15:46.000Z,kiosk,prd1167,1579014946,1579187746,2020-01-14T15:15:46+00:00,2020-01-16T15:15:46+00:00,Hospitality Inn: Milwaukee,Hospitality Inn,Milwaukee,premium,1,1,0,2,162.74,325.48
e8e7ad06-53c8-11ea-ae64-b88a60e194fb,BBM-XFMH,orderid:361313,crmid:1047737681,2019-12-12T17:30:21.000Z,website,prd1072,1577208621,1577813421,2019-12-24T17:30:21+00:00,2019-12-31T17:30:21+00:00,Sandhill: Tokyo,Sandhill,Tokyo,standard,1,1,1,7,93.07,651.49
e8e8be58-53c8-11ea-8210-b88a60e194fb,AHG-9NWU,orderid:659667,crmid:6804031180,2019-12-13T11:44:35.000Z,call center,prd1073,1578483875,1579779875,2020-01-08T11:44:35+00:00,2020-01-23T11:44:35+00:00,Grandeur Hotels: Lima,Grandeur Hotels,Lima,premium,1,1,0,15,146.74,2201.1
e8e9a8ba-53c8-11ea-916d-b88a60e194fb,XWE-BQYS,orderid:383509,crmid:8137448458,2020-01-11T14:45:08.000Z,kiosk,prd1052,1580309108,1580481908,2020-01-29T14:45:08+00:00,2020-01-31T14:45:08+00:00,Aspen Heights: Wichita,Aspen Heights,Wichita,standard,1,1,3,2,130.85,261.7
e8eaba36-53c8-11ea-af70-b88a60e194fb,ATQ-R6E1,orderid:637005,crmid:4494374632,2020-02-07T07:52:17.000Z,website,prd1107,1582012337,1583567537,2020-02-18T07:52:17+00:00,2020-03-07T07:52:17+00:00,Hospitality Inn: Kharkiv,Hospitality Inn,Kharkiv,standard,1,1,0,18,182.97,3293.46
e8eba47e-53c8-11ea-a80f-b88a60e194fb,PPC-T1BO,orderid:386272,crmid:8199157910,2020-01-02T22:30:27.000Z,call center,prd1081,1578090627,1578177027,2020-01-03T22:30:27+00:00,2020-01-04T22:30:27+00:00,Admiralty Plaza: Rod de Janeiro,Admiralty Plaza,Rod de Janeiro,standard,1,1,0,1,147.34,147.34
e8ecdd0c-53c8-11ea-9b88-b88a60e194fb,HR5-F87Z,orderid:533360,crmid:5707953940,2019-12-13T11:04:29.000Z,call center,prd1106,1577012669,1577444669,2019-12-22T11:04:29+00:00,2019-12-27T11:04:29+00:00,Blue Reef Resort: Munich,Blue Reef Resort,Munich,premium,1,1,0,5,118.46,592.3
e8ee1658-53c8-11ea-b4f9-b88a60e194fb,25A-QH2Z,orderid:268734,crmid:7267405499,2020-01-27T12:06:10.000Z,kiosk,prd1089,1582200370,1582805170,2020-02-20T12:06:10+00:00,2020-02-27T12:06:10+00:00,Sapphire Suites: Rome,Sapphire Suites,Rome,standard,1,1,0,7,134.09,938.63
e8ef2780-53c8-11ea-8406-b88a60e194fb,PJW-HF3A,orderid:116370,crmid:4956393832,2019-12-28T19:00:02.000Z,kiosk,prd1196,1579460402,1580151602,2020-01-19T19:00:02+00:00,2020-01-27T19:00:02+00:00,Aspen Heights: Moscow,Aspen Heights,Moscow,presidential-suite,1,1,0,8,912.66,7301.28
e8f0113e-53c8-11ea-a360-b88a60e194fb,JDD-USLV,orderid:999460,crmid:5484485106,2020-02-14T21:12:41.000Z,call center,prd1124,1584220361,1584738761,2020-03-14T21:12:41+00:00,2020-03-20T21:12:41+00:00,Aspen Heights: Leeds,Aspen Heights,Leeds,standard,1,1,0,6,114.77,688.62
e8f122e2-53c8-11ea-8ebc-b88a60e194fb,5JJ-RFSZ,orderid:642983,crmid:7455968042,2020-02-13T23:58:15.000Z,kiosk,prd1088,1581724695,1582156695,2020-02-14T23:58:15+00:00,2020-02-19T23:58:15+00:00,Aspen Heights: Ankara,Aspen Heights,Ankara,standard,1,1,0,5,131.08,655.4
e8f2824c-53c8-11ea-981c-b88a60e194fb,IJ5-JYVT,orderid:305688,crmid:6053082395,2019-12-12T07:33:15.000Z,service desk,prd1148,1577518395,1577691195,2019-12-28T07:33:15+00:00,2019-12-30T07:33:15+00:00,Aspen Heights: Jacksonville,Aspen Heights,Jacksonville,standard,1,1,0,2,140.66,281.32
e8f3bc34-53c8-11ea-86da-b88a60e194fb,8AF-FK9Q,orderid:670864,crmid:3026904288,2019-12-06T11:16:08.000Z,call center,prd1081,1576149368,1576754168,2019-12-12T11:16:08+00:00,2019-12-19T11:16:08+00:00,Admiralty Plaza: Rod de Janeiro,Admiralty Plaza,Rod de Janeiro,premium,1,1,4,7,147.33,1031.31
e8f4f3d8-53c8-11ea-a3e3-b88a60e194fb,EVC-ZYCS,orderid:507829,crmid:9497310532,2020-01-05T18:29:46.000Z,call center,prd1009,1579976986,1580322586,2020-01-25T18:29:46+00:00,2020-01-29T18:29:46+00:00,Admiralty Plaza: San Antonio,Admiralty Plaza,San Antonio,standard,1,1,4,4,141.01,564.04
e8f604cc-53c8-11ea-88d7-b88a60e194fb,T67-3L8L,orderid:428789,crmid:2303349258,2020-01-09T23:02:21.000Z,website,prd1105,1578956541,1579042941,2020-01-13T23:02:21+00:00,2020-01-14T23:02:21+00:00,Admiralty Plaza: Barcelona,Admiralty Plaza,Barcelona,premium,1,1,0,1,140.34,140.34
e8f6ef34-53c8-11ea-8f61-b88a60e194fb,5KB-H0X7,orderid:164705,crmid:4965919043,2019-12-15T11:28:26.000Z,call center,prd1125,1576841306,1577359706,2019-12-20T11:28:26+00:00,2019-12-26T11:28:26+00:00,Sapphire Suites: Palermo,Sapphire Suites,Palermo,standard,1,1,0,6,170.09,1020.54
e8f8009c-53c8-11ea-ad50-b88a60e194fb,X3K-FA6U,orderid:957013,crmid:7100098925,2019-12-03T15:05:15.000Z,service desk,prd1165,1576249515,1576681515,2019-12-13T15:05:15+00:00,2019-12-18T15:05:15+00:00,Admiralty Plaza: Louisville,Admiralty Plaza,Louisville,premium,1,1,0,5,148.2,741.0
e8f938fe-53c8-11ea-9c71-b88a60e194fb,RCK-ZMN0,orderid:777505,crmid:9830517036,2020-01-09T06:06:37.000Z,mobile,prd1055,1578981997,1579154797,2020-01-14T06:06:37+00:00,2020-01-16T06:06:37+00:00,Nesting Box Inn: Bakersfield,Nesting Box Inn,Bakersfield,premium,1,1,0,2,119.26,238.52
e8fa4a80-53c8-11ea-a410-b88a60e194fb,CP3-NUWT,orderid:261052,crmid:4390794044,2019-12-17T11:43:36.000Z,mobile,prd1057,1576928616,1577533416,2019-12-21T11:43:36+00:00,2019-12-28T11:43:36+00:00,Admiralty Plaza: Mumbai,Admiralty Plaza,Mumbai,standard,1,1,3,7,99.69,697.83
e8fb5bdc-53c8-11ea-bacc-b88a60e194fb,NRM-QYTD,orderid:884570,crmid:8199805761,2019-12-24T02:53:26.000Z,website,prd1197,1577242406,1577328806,2019-12-25T02:53:26+00:00,2019-12-26T02:53:26+00:00,Sapphire Suites: London,Sapphire Suites,London,premium,1,1,0,1,144.51,144.51
e8fc4652-53c8-11ea-ba36-b88a60e194fb,LKN-5M5T,orderid:573899,crmid:3612545153,2020-01-17T23:10:41.000Z,website,prd1160,1581894641,1582585841,2020-02-16T23:10:41+00:00,2020-02-24T23:10:41+00:00,Aspen Heights: Nashville,Aspen Heights,Nashville,premium,1,1,0,8,144.55,1156.4
e8fd30cc-53c8-11ea-bf3f-b88a60e194fb,CPF-U4K0,orderid:988379,crmid:8582447358,2019-12-01T15:23:40.000Z,website,prd1014,1575905020,1576941820,2019-12-09T15:23:40+00:00,2019-12-21T15:23:40+00:00,Restful Nights: Jacksonville,Restful Nights,Jacksonville,standard,1,1,4,12,145.47,1745.64
e8fe4228-53c8-11ea-9568-b88a60e194fb,EKQ-2Z8V,orderid:903146,crmid:1104978987,2019-12-21T22:29:48.000Z,kiosk,prd1029,1579300188,1580336988,2020-01-17T22:29:48+00:00,2020-01-29T22:29:48+00:00,Sapphire Suites: Oklahoma City,Sapphire Suites,Oklahoma City,premium,1,1,0,12,174.74,2096.88
e8ff5374-53c8-11ea-81fc-b88a60e194fb,323-IAKR,orderid:806371,crmid:6193448532,2019-12-11T04:27:52.000Z,mobile,prd1035,1577852872,1578630472,2020-01-01T04:27:52+00:00,2020-01-10T04:27:52+00:00,Hospitality Inn: Tucson,Hospitality Inn,Tucson,premium,1,1,0,9,133.31,1199.79
e900651c-53c8-11ea-bc79-b88a60e194fb,VNY-XOKW,orderid:144006,crmid:7620906146,2020-01-19T04:48:37.000Z,kiosk,prd1033,1579754917,1579927717,2020-01-23T04:48:37+00:00,2020-01-25T04:48:37+00:00,Admiralty Plaza: Milwaukee,Admiralty Plaza,Milwaukee,premium,1,1,0,2,182.77,365.54
e9008bfa-53c8-11ea-a7ed-b88a60e194fb,EVO-0ZIN,orderid:777236,crmid:7620906146,2020-01-27T00:00:00.000Z,website,prd1043,1580515200,1580601600,2020-02-01T00:00:00+00:00,2020-02-02T00:00:00+00:00,Nesting Box Inn: Raleigh,Nesting Box Inn,Raleigh,luxury,1,1,0,1,231.12,231.12
e9019d6c-53c8-11ea-a939-b88a60e194fb,LHP-L5QG,orderid:788443,crmid:2501220606,2020-02-04T21:17:05.000Z,mobile,prd1125,1582838225,1584220625,2020-02-27T21:17:05+00:00,2020-03-14T21:17:05+00:00,Sapphire Suites: Palermo,Sapphire Suites,Palermo,ultra-luxury,1,1,1,16,315.99,5055.84
e902fcf6-53c8-11ea-ac7f-b88a60e194fb,TNV-EVB9,orderid:224699,crmid:5944992688,2020-01-21T13:21:47.000Z,kiosk,prd1097,1579699307,1579872107,2020-01-22T13:21:47+00:00,2020-01-24T13:21:47+00:00,Grandeur Hotels: Buenos Aires,Grandeur Hotels,Buenos Aires,standard,1,1,0,2,125.3,250.6
e903243a-53c8-11ea-930a-b88a60e194fb,PH9-CTLE,orderid:641862,crmid:5944992688,2020-01-26T00:00:00.000Z,kiosk,prd1153,1580083200,1580169600,2020-01-27T00:00:00+00:00,2020-01-28T00:00:00+00:00,Admiralty Plaza: Charlotte,Admiralty Plaza,Charlotte,standard,1,1,0,1,191.2,191.2
e904d26c-53c8-11ea-882a-b88a60e194fb,HOG-E7LP,orderid:638712,crmid:3113200854,2020-02-14T01:42:16.000Z,call center,prd1028,1583545336,1583890936,2020-03-07T01:42:16+00:00,2020-03-11T01:42:16+00:00,Aspen Heights: Portland,Aspen Heights,Portland,premium,1,1,0,4,110.16,440.64
e9060a40-53c8-11ea-940f-b88a60e194fb,GFZ-SB7K,orderid:331103,crmid:9474652681,2019-12-12T10:23:38.000Z,website,prd1178,1578133418,1578565418,2020-01-04T10:23:38+00:00,2020-01-09T10:23:38+00:00,Blue Reef Resort: Colorado Springs,Blue Reef Resort,Colorado Springs,standard,1,1,2,5,134.46,672.3
e906f49c-53c8-11ea-abad-b88a60e194fb,BPH-Y6W0,orderid:865985,crmid:3221373386,2019-12-17T18:51:57.000Z,website,prd1064,1576781517,1577127117,2019-12-19T18:51:57+00:00,2019-12-23T18:51:57+00:00,Aspen Heights: Paris,Aspen Heights,Paris,premium,1,1,3,4,141.87,567.48
e907def6-53c8-11ea-a565-b88a60e194fb,LES-HFK9,orderid:681960,crmid:1640266052,2020-02-15T11:52:50.000Z,call center,prd1129,1583927570,1584013970,2020-03-11T11:52:50+00:00,2020-03-12T11:52:50+00:00,Admiralty Plaza: Helsinki,Admiralty Plaza,Helsinki,premium,1,1,0,1,144.35,144.35
e9091792-53c8-11ea-b604-b88a60e194fb,ZWJ-SGLE,orderid:205451,crmid:9232079521,2020-02-10T23:58:31.000Z,kiosk,prd1100,1583193511,1583539111,2020-03-02T23:58:31+00:00,2020-03-06T23:58:31+00:00,Aspen Heights: Misk,Aspen Heights,Misk,standard,1,1,0,4,153.36,613.44
e90a770c-53c8-11ea-bd15-b88a60e194fb,JIC-RB5Y,orderid:393188,crmid:6568161320,2020-01-02T04:47:36.000Z,mobile,prd1153,1579927656,1580446056,2020-01-25T04:47:36+00:00,2020-01-31T04:47:36+00:00,Admiralty Plaza: Charlotte,Admiralty Plaza,Charlotte,ultra-luxury,1,1,0,6,342.34,2054.04
e90b887a-53c8-11ea-8d38-b88a60e194fb,UFL-RKHI,orderid:473639,crmid:2730265454,2020-01-14T06:48:28.000Z,kiosk,prd1069,1581403708,1581490108,2020-02-11T06:48:28+00:00,2020-02-12T06:48:28+00:00,Admiralty Plaza: Singapore,Admiralty Plaza,Singapore,standard,1,1,0,1,138.6,138.6
e90cc0fa-53c8-11ea-aeda-b88a60e194fb,XYT-KZQU,orderid:147293,crmid:2754634669,2020-01-16T19:27:36.000Z,website,prd1034,1579980456,1580239656,2020-01-25T19:27:36+00:00,2020-01-28T19:27:36+00:00,Blue Reef Resort: Albuquerque,Blue Reef Resort,Albuquerque,premium,1,1,0,3,166.11,498.33
e90dab48-53c8-11ea-8563-b88a60e194fb,TSL-LNOU,orderid:386727,crmid:1749701724,2020-01-27T17:47:49.000Z,call center,prd1148,1582566469,1582998469,2020-02-24T17:47:49+00:00,2020-02-29T17:47:49+00:00,Aspen Heights: Jacksonville,Aspen Heights,Jacksonville,standard,1,1,0,5,133.41,667.05
e90ebce4-53c8-11ea-8e8b-b88a60e194fb,YDK-HIXA,orderid:708013,crmid:4588828936,2019-12-30T12:15:41.000Z,website,prd1158,1577794541,1577880941,2019-12-31T12:15:41+00:00,2020-01-01T12:15:41+00:00,Restful Nights: El Paso,Restful Nights,El Paso,standard,1,1,0,1,158.17,158.17
e90fce40-53c8-11ea-8478-b88a60e194fb,H0I-TESB,orderid:798834,crmid:5024722018,2019-12-26T04:23:33.000Z,website,prd1183,1577852613,1578111813,2020-01-01T04:23:33+00:00,2020-01-04T04:23:33+00:00,Family Fun Hotels: Tulsa,Family Fun Hotels,Tulsa,standard,1,1,0,3,102.07,306.21
e910dfa8-53c8-11ea-abcd-b88a60e194fb,XJ1-GXRV,orderid:249316,crmid:2957749688,2019-12-25T00:37:15.000Z,website,prd1189,1577320635,1577493435,2019-12-26T00:37:15+00:00,2019-12-28T00:37:15+00:00,Admiralty Plaza: Bakersfield,Admiralty Plaza,Bakersfield,standard,1,1,0,2,141.15,282.3
e911f11e-53c8-11ea-bf16-b88a60e194fb,1B6-PW0K,orderid:568150,crmid:8113143785,2019-12-25T00:58:16.000Z,call center,prd1076,1579481896,1580000296,2020-01-20T00:58:16+00:00,2020-01-26T00:58:16+00:00,Aspen Heights: Bogota,Aspen Heights,Bogota,standard,1,1,0,6,147.6,885.6
e912db7a-53c8-11ea-a41f-b88a60e194fb,AXY-0CPP,orderid:237979,crmid:6873194578,2020-01-27T15:14:32.000Z,kiosk,prd1130,1581174872,1581779672,2020-02-08T15:14:32+00:00,2020-02-15T15:14:32+00:00,Blue Reef Resort: Bremen,Blue Reef Resort,Bremen,standard,1,1,0,7,123.49,864.43
e913ed1a-53c8-11ea-a5b8-b88a60e194fb,CA5-S8L8,orderid:222929,crmid:6851760837,2020-01-31T19:46:03.000Z,kiosk,prd1116,1583005563,1583696763,2020-02-29T19:46:03+00:00,2020-03-08T19:46:03+00:00,Repose Resort: Naples,Repose Resort,Naples,standard,1,1,0,8,210.8,1686.4
e914d766-53c8-11ea-8144-b88a60e194fb,G0X-JBRT,orderid:583876,crmid:6014440802,2020-02-08T09:54:01.000Z,call center,prd1163,1581587641,1581933241,2020-02-13T09:54:01+00:00,2020-02-17T09:54:01+00:00,Nesting Box Inn: Oklahoma City,Nesting Box Inn,Oklahoma City,standard,1,1,0,4,146.94,587.76
e915e8c6-53c8-11ea-87e7-b88a60e194fb,182-QB2K,orderid:878287,crmid:3695711030,2020-02-08T15:25:05.000Z,service desk,prd1155,1583249105,1583508305,2020-03-03T15:25:05+00:00,2020-03-06T15:25:05+00:00,Hospitality Inn: Denver,Hospitality Inn,Denver,premium,1,1,1,3,133.39,400.17
e91721cc-53c8-11ea-aa10-b88a60e194fb,9WM-KYPU,orderid:616594,crmid:7505790718,2019-12-10T06:40:16.000Z,kiosk,prd1165,1578120016,1578206416,2020-01-04T06:40:16+00:00,2020-01-05T06:40:16+00:00,Admiralty Plaza: Louisville,Admiralty Plaza,Louisville,premium,1,1,0,1,133.79,133.79
e91859c2-53c8-11ea-9b80-b88a60e194fb,XOB-HV60,orderid:588832,crmid:2844289609,2020-01-25T17:25:49.000Z,website,prd1076,1580491549,1580750749,2020-01-31T17:25:49+00:00,2020-02-03T17:25:49+00:00,Aspen Heights: Bogota,Aspen Heights,Bogota,standard,1,1,0,3,116.24,348.72
e9196b5c-53c8-11ea-b078-b88a60e194fb,UGX-IZEZ,orderid:778673,crmid:7473085250,2019-12-12T03:43:24.000Z,call center,prd1082,1576208604,1576295004,2019-12-13T03:43:24+00:00,2019-12-14T03:43:24+00:00,Blue Reef Resort: Surat,Blue Reef Resort,Surat,standard,1,1,0,1,179.22,179.22
e91a7cdc-53c8-11ea-a7ff-b88a60e194fb,TZM-KXWW,orderid:511999,crmid:7319510355,2019-12-25T06:09:49.000Z,kiosk,prd1002,1577340589,1577686189,2019-12-26T06:09:49+00:00,2019-12-30T06:09:49+00:00,Restful Nights: Chicago,Restful Nights,Chicago,premium,1,1,0,4,105.29,421.16
e91b685c-53c8-11ea-8e70-b88a60e194fb,B69-KV33,orderid:421394,crmid:2873061251,2019-12-07T01:07:16.000Z,kiosk,prd1059,1577927236,1578618436,2020-01-02T01:07:16+00:00,2020-01-10T01:07:16+00:00,Hospitality Inn: Kinshasa,Hospitality Inn,Kinshasa,luxury,1,1,0,8,307.84,2462.72
e91cc6de-53c8-11ea-8df2-b88a60e194fb,MFT-URJJ,orderid:899366,crmid:3220439569,2019-12-08T10:49:09.000Z,website,prd1155,1577789349,1578394149,2019-12-31T10:49:09+00:00,2020-01-07T10:49:09+00:00,Hospitality Inn: Denver,Hospitality Inn,Denver,standard,1,1,2,7,97.05,679.35
e91dd7e8-53c8-11ea-97bb-b88a60e194fb,ZWD-VWQX,orderid:412525,crmid:7644487667,2020-01-03T06:00:25.000Z,service desk,prd1166,1578117625,1578463225,2020-01-04T06:00:25+00:00,2020-01-08T06:00:25+00:00,Blue Reef Resort: Baltimore,Blue Reef Resort,Baltimore,standard,1,1,0,4,182.63,730.52
e91ee976-53c8-11ea-bcd7-b88a60e194fb,DIX-CY8K,orderid:918311,crmid:2930951985,2020-01-22T03:03:33.000Z,website,prd1170,1579748613,1579835013,2020-01-23T03:03:33+00:00,2020-01-24T03:03:33+00:00,Restful Nights: Fresno,Restful Nights,Fresno,standard,1,1,0,1,159.96,159.96
e91fd3cc-53c8-11ea-ad04-b88a60e194fb,YL9-DWXW,orderid:938394,crmid:6358068149,2020-01-10T06:10:46.000Z,call center,prd1179,1579587046,1580623846,2020-01-21T06:10:46+00:00,2020-02-02T06:10:46+00:00,Hospitality Inn: Miami,Hospitality Inn,Miami,standard,1,1,0,12,95.29,1143.48
e920be42-53c8-11ea-a3ec-b88a60e194fb,QYI-30KA,orderid:901715,crmid:4107007022,2019-12-09T08:14:16.000Z,mobile,prd1064,1577952856,1578298456,2020-01-02T08:14:16+00:00,2020-01-06T08:14:16+00:00,Aspen Heights: Paris,Aspen Heights,Paris,premium,1,1,0,4,148.82,595.28
e921f802-53c8-11ea-babc-b88a60e194fb,SCH-PPXD,orderid:931898,crmid:8780560328,2019-12-17T02:20:49.000Z,website,prd1136,1576722049,1576808449,2019-12-19T02:20:49+00:00,2019-12-20T02:20:49+00:00,Aspen Heights: Osaka,Aspen Heights,Osaka,premium,1,1,0,1,136.42,136.42
e922e334-53c8-11ea-a43e-b88a60e194fb,CI4-BKMI,orderid:491153,crmid:7216901142,2020-01-10T19:32:55.000Z,website,prd1125,1578771175,1578857575,2020-01-11T19:32:55+00:00,2020-01-12T19:32:55+00:00,Sapphire Suites: Palermo,Sapphire Suites,Palermo,standard,1,1,0,1,126.61,126.61
e923ccdc-53c8-11ea-b30b-b88a60e194fb,EKO-ZLBE,orderid:749967,crmid:4004356073,2019-12-26T03:53:18.000Z,website,prd1105,1578369198,1579405998,2020-01-07T03:53:18+00:00,2020-01-19T03:53:18+00:00,Admiralty Plaza: Barcelona,Admiralty Plaza,Barcelona,standard,1,1,3,12,140.19,1682.28
e924dcd2-53c8-11ea-9e54-b88a60e194fb,07A-MH6I,orderid:751210,crmid:6455812186,2020-02-15T18:38:31.000Z,kiosk,prd1081,1582396711,1582569511,2020-02-22T18:38:31+00:00,2020-02-24T18:38:31+00:00,Admiralty Plaza: Rod de Janeiro,Admiralty Plaza,Rod de Janeiro,premium,1,1,0,2,131.07,262.14
e92503e6-53c8-11ea-9f96-b88a60e194fb,IPT-KMTS,orderid:420284,crmid:6455812186,2020-02-25T00:00:00.000Z,service desk,prd1048,1582761600,1583020800,2020-02-27T00:00:00+00:00,2020-03-01T00:00:00+00:00,Sandhill: Minneapolis,Sandhill,Minneapolis,standard,1,1,0,3,163.14,489.42
e926b1ee-53c8-11ea-884a-b88a60e194fb,BO3-JQSL,orderid:726185,crmid:4619794689,2019-12-09T20:12:49.000Z,website,prd1035,1577736769,1579032769,2019-12-30T20:12:49+00:00,2020-01-14T20:12:49+00:00,Hospitality Inn: Tucson,Hospitality Inn,Tucson,standard,1,1,3,15,139.52,2092.8
e928d4e6-53c8-11ea-bbc2-b88a60e194fb,6OG-TTLC,orderid:618516,crmid:6923171610,2020-02-10T04:17:10.000Z,kiosk,prd1051,1581481030,1581826630,2020-02-12T04:17:10+00:00,2020-02-16T04:17:10+00:00,Family Fun Hotels: New Orleans,Family Fun Hotels,New Orleans,ultra-luxury,1,1,0,4,266.43,1065.72
e929bf12-53c8-11ea-b512-b88a60e194fb,O2M-AIOK,orderid:904827,crmid:6334540455,2020-01-04T20:51:16.000Z,website,prd1196,1580676676,1581454276,2020-02-02T20:51:16+00:00,2020-02-11T20:51:16+00:00,Aspen Heights: Moscow,Aspen Heights,Moscow,standard,1,1,0,9,156.08,1404.72
e92ad06e-53c8-11ea-81e9-b88a60e194fb,ZX0-W9SZ,orderid:624030,crmid:2573860457,2020-02-06T16:10:52.000Z,kiosk,prd1136,1581091852,1581178252,2020-02-07T16:10:52+00:00,2020-02-08T16:10:52+00:00,Aspen Heights: Osaka,Aspen Heights,Osaka,standard,1,1,0,1,128.79,128.79
e92be1be-53c8-11ea-aa42-b88a60e194fb,TOB-XZ4N,orderid:688723,crmid:2371757285,2019-12-21T11:50:03.000Z,website,prd1118,1577015403,1577101803,2019-12-22T11:50:03+00:00,2019-12-23T11:50:03+00:00,Blue Reef Resort: Cologne,Blue Reef Resort,Cologne,luxury,1,1,0,1,337.28,337.28
e92cf32e-53c8-11ea-9f9f-b88a60e194fb,UYS-GVYQ,orderid:695372,crmid:3006726930,2020-01-05T18:35:36.000Z,website,prd1181,1579804536,1580063736,2020-01-23T18:35:36+00:00,2020-01-26T18:35:36+00:00,Grandeur Hotels: Oakland,Grandeur Hotels,Oakland,presidential-suite,1,1,0,3,927.06,2781.18
e92e051e-53c8-11ea-b631-b88a60e194fb,YCY-HLUS,orderid:313908,crmid:8113011631,2020-01-06T18:51:52.000Z,website,prd1119,1580064712,1580842312,2020-01-26T18:51:52+00:00,2020-02-04T18:51:52+00:00,Hospitality Inn: Turin,Hospitality Inn,Turin,premium,1,1,4,9,145.89,1313.01
e92eef12-53c8-11ea-838e-b88a60e194fb,MY7-6W1Y,orderid:392277,crmid:9875715731,2020-01-16T01:01:47.000Z,call center,prd1085,1580605307,1580950907,2020-02-02T01:01:47+00:00,2020-02-06T01:01:47+00:00,Grandeur Hotels: Saint Petersburg,Grandeur Hotels,Saint Petersburg,standard,1,1,0,4,149.51,598.04
e9300098-53c8-11ea-bd0f-b88a60e194fb,F6S-C4NS,orderid:676846,crmid:2647770032,2019-12-19T05:58:09.000Z,website,prd1037,1577426289,1578290289,2019-12-27T05:58:09+00:00,2020-01-06T05:58:09+00:00,Grandeur Hotels: Sacramento,Grandeur Hotels,Sacramento,standard,1,1,0,10,151.15,1511.5
e930eaca-53c8-11ea-ad07-b88a60e194fb,P5E-HSZQ,orderid:600194,crmid:6128708456,2020-02-14T19:32:18.000Z,mobile,prd1019,1582831938,1583350338,2020-02-27T19:32:18+00:00,2020-03-04T19:32:18+00:00,Nesting Box Inn: Charlotte,Nesting Box Inn,Charlotte,premium,1,1,0,6,157.24,943.44
e931fd9c-53c8-11ea-9776-b88a60e194fb,UUG-PKHA,orderid:989068,crmid:3160035416,2020-01-06T00:01:32.000Z,call center,prd1017,1578355292,1578441692,2020-01-07T00:01:32+00:00,2020-01-08T00:01:32+00:00,Sapphire Suites: Fort Worth,Sapphire Suites,Fort Worth,standard,1,1,0,1,154.94,154.94
e931fd9d-53c8-11ea-beb6-b88a60e194fb,PEK-VXRS,orderid:346537,crmid:3160035416,2020-01-10T00:00:00.000Z,kiosk,prd1025,1578700800,1578787200,2020-01-11T00:00:00+00:00,2020-01-12T00:00:00+00:00,Grandeur Hotels: Detroit,Grandeur Hotels,Detroit,luxury,1,1,0,1,361.91,361.91
e932e800-53c8-11ea-9585-b88a60e194fb,M3E-XKWQ,orderid:162151,crmid:5010707277,2019-12-02T13:06:19.000Z,mobile,prd1148,1575551179,1575723979,2019-12-05T13:06:19+00:00,2019-12-07T13:06:19+00:00,Aspen Heights: Jacksonville,Aspen Heights,Jacksonville,standard,1,1,0,2,160.76,321.52
e933f964-53c8-11ea-afaf-b88a60e194fb,RVP-TOQ1,orderid:956963,crmid:5878306557,2019-12-14T05:12:31.000Z,call center,prd1077,1576559551,1576645951,2019-12-17T05:12:31+00:00,2019-12-18T05:12:31+00:00,Sapphire Suites: Cairo,Sapphire Suites,Cairo,luxury,1,1,0,1,290.84,290.84
e9350a00-53c8-11ea-a0c6-b88a60e194fb,QER-31KO,orderid:321139,crmid:2854706179,2019-12-31T23:12:51.000Z,website,prd1099,1579734771,1580339571,2020-01-22T23:12:51+00:00,2020-01-29T23:12:51+00:00,Family Fun Hotels: Bucharest,Family Fun Hotels,Bucharest,standard,1,1,0,7,193.52,1354.64
e9361b1c-53c8-11ea-97b3-b88a60e194fb,7UE-GV0Q,orderid:216962,crmid:7073650108,2019-12-08T07:42:28.000Z,website,prd1133,1576654948,1577173348,2019-12-18T07:42:28+00:00,2019-12-24T07:42:28+00:00,Grandeur Hotels: Toronto,Grandeur Hotels,Toronto,standard,1,1,0,6,152.37,914.22
e936df9a-53c8-11ea-a86c-b88a60e194fb,TWM-PICL,orderid:812080,crmid:5884044132,2020-01-26T21:42:51.000Z,website,prd1143,1581802971,1582321371,2020-02-15T21:42:51+00:00,2020-02-21T21:42:51+00:00,Hospitality Inn: San Antonio,Hospitality Inn,San Antonio,standard,1,1,0,6,148.59,891.54
e937f10a-53c8-11ea-a431-b88a60e194fb,EG9-ZY6C,orderid:874819,crmid:2980324883,2020-01-10T09:23:52.000Z,website,prd1022,1580376232,1581326632,2020-01-30T09:23:52+00:00,2020-02-10T09:23:52+00:00,Blue Reef Resort: Washington DC,Blue Reef Resort,Washington DC,standard,1,1,2,11,123.56,1359.16
e9394fd2-53c8-11ea-9fcc-b88a60e194fb,YOO-CGQQ,orderid:845579,crmid:9932112343,2020-01-28T19:22:18.000Z,call center,prd1021,1580325738,1580498538,2020-01-29T19:22:18+00:00,2020-01-31T19:22:18+00:00,Admiralty Plaza: Denver,Admiralty Plaza,Denver,standard,1,1,0,2,180.16,360.32
e93a39e2-53c8-11ea-b770-b88a60e194fb,PL1-R1HF,orderid:471654,crmid:1933251342,2020-02-14T11:07:17.000Z,kiosk,prd1158,1583665637,1584443237,2020-03-08T11:07:17+00:00,2020-03-17T11:07:17+00:00,Restful Nights: El Paso,Restful Nights,El Paso,premium,1,1,0,9,168.78,1519.02
e93b4c76-53c8-11ea-a6fd-b88a60e194fb,CVO-VUVP,orderid:380717,crmid:8265855580,2020-01-11T05:37:57.000Z,mobile,prd1023,1579498677,1580276277,2020-01-20T05:37:57+00:00,2020-01-29T05:37:57+00:00,Hospitality Inn: Boston,Hospitality Inn,Boston,standard,1,1,0,9,82.05,738.45
e93c5d8a-53c8-11ea-b147-b88a60e194fb,E9F-CRL0,orderid:811327,crmid:7378780418,2020-02-12T13:01:28.000Z,mobile,prd1129,1582981288,1583672488,2020-02-29T13:01:28+00:00,2020-03-08T13:01:28+00:00,Admiralty Plaza: Helsinki,Admiralty Plaza,Helsinki,ultra-luxury,1,1,0,8,344.72,2757.76
e93dbc00-53c8-11ea-a6cd-b88a60e194fb,W3S-5BBB,orderid:667872,crmid:2847201850,2020-02-06T22:00:21.000Z,website,prd1189,1582754421,1583445621,2020-02-26T22:00:21+00:00,2020-03-05T22:00:21+00:00,Admiralty Plaza: Bakersfield,Admiralty Plaza,Bakersfield,standard,1,1,0,8,152.68,1221.44
e93ef492-53c8-11ea-8852-b88a60e194fb,6IP-8VPN,orderid:682685,crmid:2010142391,2019-12-17T12:15:48.000Z,website,prd1022,1579004148,1579263348,2020-01-14T12:15:48+00:00,2020-01-17T12:15:48+00:00,Blue Reef Resort: Washington DC,Blue Reef Resort,Washington DC,standard,1,1,0,3,168.73,506.19
e9400762-53c8-11ea-9e04-b88a60e194fb,HM6-QEBR,orderid:143309,crmid:9990441206,2020-02-13T14:52:29.000Z,kiosk,prd1095,1584024749,1584715949,2020-03-12T14:52:29+00:00,2020-03-20T14:52:29+00:00,Hospitality Inn: Casablanca,Hospitality Inn,Casablanca,standard,1,1,0,8,169.25,1354.0
e940f066-53c8-11ea-a4ee-b88a60e194fb,N0U-KKXM,orderid:500589,crmid:8871858771,2019-12-18T15:29:36.000Z,mobile,prd1093,1577114976,1577374176,2019-12-23T15:29:36+00:00,2019-12-26T15:29:36+00:00,Admiralty Plaza: Yokohama,Admiralty Plaza,Yokohama,luxury,1,1,0,3,319.69,959.07
e94201da-53c8-11ea-a24f-b88a60e194fb,BVS-CVKX,orderid:229422,crmid:6296423139,2020-01-14T15:34:15.000Z,mobile,prd1081,1581176055,1581953655,2020-02-08T15:34:15+00:00,2020-02-17T15:34:15+00:00,Admiralty Plaza: Rod de Janeiro,Admiralty Plaza,Rod de Janeiro,standard,1,1,0,9,106.77,960.93
e942ed58-53c8-11ea-a0d4-b88a60e194fb,HGT-CAQM,orderid:673234,crmid:4366679893,2020-01-24T06:07:29.000Z,website,prd1016,1581228449,1581487649,2020-02-09T06:07:29+00:00,2020-02-12T06:07:29+00:00,Aspen Heights: Columbus,Aspen Heights,Columbus,standard,1,1,1,3,163.19,489.57
e943d7f0-53c8-11ea-afe9-b88a60e194fb,GA1-BLHO,orderid:241677,crmid:2448721834,2020-01-08T10:24:08.000Z,mobile,prd1105,1580552648,1581243848,2020-02-01T10:24:08+00:00,2020-02-09T10:24:08+00:00,Admiralty Plaza: Barcelona,Admiralty Plaza,Barcelona,standard,1,1,0,8,159.19,1273.52
e944e822-53c8-11ea-ac2e-b88a60e194fb,6PS-L017,orderid:544253,crmid:9387182550,2020-02-12T17:26:25.000Z,call center,prd1185,1581614785,1581701185,2020-02-13T17:26:25+00:00,2020-02-14T17:26:25+00:00,Sapphire Suites: New Orleans,Sapphire Suites,New Orleans,standard,1,1,0,1,133.47,133.47
e945d288-53c8-11ea-aa4f-b88a60e194fb,JP8-B8QQ,orderid:235193,crmid:2038446151,2020-01-13T19:18:39.000Z,mobile,prd1028,1581103119,1581707919,2020-02-07T19:18:39+00:00,2020-02-14T19:18:39+00:00,Aspen Heights: Portland,Aspen Heights,Portland,luxury,1,1,4,7,312.28,2185.96
e946e3ca-53c8-11ea-be0c-b88a60e194fb,5MG-V4YE,orderid:982139,crmid:4194895193,2019-12-02T16:37:22.000Z,website,prd1076,1576687042,1577291842,2019-12-18T16:37:22+00:00,2019-12-25T16:37:22+00:00,Aspen Heights: Bogota,Aspen Heights,Bogota,premium,1,1,0,7,127.3,891.1
e947f692-53c8-11ea-9a07-b88a60e194fb,IML-DOAC,orderid:286990,crmid:6262340275,2019-12-06T17:29:42.000Z,website,prd1165,1577554182,1578331782,2019-12-28T17:29:42+00:00,2020-01-06T17:29:42+00:00,Admiralty Plaza: Louisville,Admiralty Plaza,Louisville,premium,1,1,0,9,120.14,1081.26
e948dfb8-53c8-11ea-bdfa-b88a60e194fb,VKS-E8TV,orderid:660932,crmid:3069012728,2019-12-04T09:36:38.000Z,kiosk,prd1184,1577871398,1578216998,2020-01-01T09:36:38+00:00,2020-01-05T09:36:38+00:00,Aspen Heights: Arlington,Aspen Heights,Arlington,premium,1,1,0,4,139.01,556.04
e94a181c-53c8-11ea-9e17-b88a60e194fb,JCA-6SID,orderid:639667,crmid:3493936559,2019-12-15T11:10:07.000Z,website,prd1103,1576667407,1577185807,2019-12-18T11:10:07+00:00,2019-12-24T11:10:07+00:00,Nesting Box Inn: Hamburg,Nesting Box Inn,Hamburg,standard,1,1,0,6,163.55,981.3
e94b02a8-53c8-11ea-ae6e-b88a60e194fb,4TI-H6PA,orderid:208591,crmid:6417008416,2020-02-13T13:10:16.000Z,website,prd1122,1583932216,1585314616,2020-03-11T13:10:16+00:00,2020-03-27T13:10:16+00:00,Restful Nights: Valencia,Restful Nights,Valencia,standard,1,1,0,16,124.99,1999.84
e94c1552-53c8-11ea-b0cc-b88a60e194fb,AP8-MS0X,orderid:625613,crmid:1501167630,2020-02-07T08:16:00.000Z,call center,prd1001,1583655360,1584173760,2020-03-08T08:16:00+00:00,2020-03-14T08:16:00+00:00,Grandeur Hotels: New York,Grandeur Hotels,New York,standard,1,1,0,6,124.6,747.6
e94cfe52-53c8-11ea-a58b-b88a60e194fb,9U7-T20Q,orderid:623757,crmid:5861879635,2019-12-18T11:38:28.000Z,call center,prd1190,1576755508,1577014708,2019-12-19T11:38:28+00:00,2019-12-22T11:38:28+00:00,Blue Reef Resort: Aurora,Blue Reef Resort,Aurora,standard,1,1,0,3,133.95,401.85
e94dc1ae-53c8-11ea-a59b-b88a60e194fb,JIP-MCSD,orderid:313035,crmid:8891973018,2020-01-28T15:46:23.000Z,call center,prd1124,1580485583,1580571983,2020-01-31T15:46:23+00:00,2020-02-01T15:46:23+00:00,Aspen Heights: Leeds,Aspen Heights,Leeds,premium,1,1,0,1,143.43,143.43
e94de8cc-53c8-11ea-b97c-b88a60e194fb,QLZ-JZ7L,orderid:956903,crmid:8891973018,2020-02-02T00:00:00.000Z,service desk,prd1026,1580688000,1580860800,2020-02-03T00:00:00+00:00,2020-02-05T00:00:00+00:00,Restful Nights: Nashville,Restful Nights,Nashville,premium,1,1,0,2,121.99,243.98
e94f6f4a-53c8-11ea-a53b-b88a60e194fb,5FP-K0YU,orderid:987761,crmid:6501821585,2019-12-26T23:28:11.000Z,website,prd1142,1578353291,1578612491,2020-01-06T23:28:11+00:00,2020-01-09T23:28:11+00:00,Blue Reef Resort: Philadelphia,Blue Reef Resort,Philadelphia,standard,1,1,0,3,120.03,360.09
e950cee6-53c8-11ea-9941-b88a60e194fb,GE8-10U0,orderid:659327,crmid:1720601545,2020-02-09T06:57:53.000Z,call center,prd1098,1583477873,1583823473,2020-03-06T06:57:53+00:00,2020-03-10T06:57:53+00:00,Restful Nights: Kiev,Restful Nights,Kiev,standard,1,1,3,4,175.98,703.92
e9525586-53c8-11ea-93a6-b88a60e194fb,POR-XVKW,orderid:721428,crmid:6728502247,2019-12-14T01:39:00.000Z,mobile,prd1165,1578274740,1578879540,2020-01-06T01:39:00+00:00,2020-01-13T01:39:00+00:00,Admiralty Plaza: Louisville,Admiralty Plaza,Louisville,standard,1,1,3,7,198.52,1389.64
e9540362-53c8-11ea-88dd-b88a60e194fb,FIM-HIVK,orderid:749010,crmid:3050996653,2020-01-17T00:32:44.000Z,kiosk,prd1089,1581121964,1581467564,2020-02-08T00:32:44+00:00,2020-02-12T00:32:44+00:00,Sapphire Suites: Rome,Sapphire Suites,Rome,standard,1,1,0,4,124.91,499.64
e955b1e6-53c8-11ea-9ec6-b88a60e194fb,TOX-JD3B,orderid:499859,crmid:9250206442,2019-12-16T12:42:53.000Z,call center,prd1129,1577191373,1577709773,2019-12-24T12:42:53+00:00,2019-12-30T12:42:53+00:00,Admiralty Plaza: Helsinki,Admiralty Plaza,Helsinki,standard,1,1,1,6,124.57,747.42
e959a89c-53c8-11ea-8b51-b88a60e194fb,8U6-JH9Y,orderid:179175,crmid:7319412926,2020-02-04T18:46:13.000Z,kiosk,prd1004,1583261173,1583952373,2020-03-03T18:46:13+00:00,2020-03-11T18:46:13+00:00,Aspen Heights: Boulder,Aspen Heights,Boulder,standard,1,1,0,8,136.06,1088.48
e95ab9e6-53c8-11ea-b704-b88a60e194fb,N4E-CDJJ,orderid:172643,crmid:3764791761,2020-01-04T08:44:24.000Z,call center,prd1083,1578213864,1578473064,2020-01-05T08:44:24+00:00,2020-01-08T08:44:24+00:00,Hospitality Inn: Bangkok,Hospitality Inn,Bangkok,standard,1,1,0,3,148.09,444.27
e95ba462-53c8-11ea-8265-b88a60e194fb,SWM-M3NC,orderid:713962,crmid:8505124840,2019-12-29T15:34:21.000Z,website,prd1011,1579534461,1581003261,2020-01-20T15:34:21+00:00,2020-02-06T15:34:21+00:00,Hospitality Inn: Dallas,Hospitality Inn,Dallas,luxury,1,1,0,17,377.87,6423.79
e95cb5d2-53c8-11ea-8714-b88a60e194fb,EFK-A9TC,orderid:695170,crmid:1016266687,2019-12-17T06:13:11.000Z,website,prd1105,1576649591,1576822391,2019-12-18T06:13:11+00:00,2019-12-20T06:13:11+00:00,Admiralty Plaza: Barcelona,Admiralty Plaza,Barcelona,standard,1,1,0,2,161.0,322.0
e95da03e-53c8-11ea-986d-b88a60e194fb,JR2-M24X,orderid:668493,crmid:5381169238,2020-01-15T07:11:03.000Z,call center,prd1113,1579245063,1579504263,2020-01-17T07:11:03+00:00,2020-01-20T07:11:03+00:00,Sapphire Suites: Kazan,Sapphire Suites,Kazan,luxury,1,1,0,3,348.88,1046.64
e95eb2ee-53c8-11ea-8036-b88a60e194fb,UJX-VPQG,orderid:905245,crmid:3229831275,2019-12-31T17:48:46.000Z,kiosk,prd1058,1579628926,1580147326,2020-01-21T17:48:46+00:00,2020-01-27T17:48:46+00:00,Blue Reef Resort: Delhi,Blue Reef Resort,Delhi,standard,1,1,0,6,145.02,870.12
e95fea3a-53c8-11ea-85bf-b88a60e194fb,VSZ-S614,orderid:266813,crmid:2799546731,2020-01-30T12:18:48.000Z,kiosk,prd1118,1582633128,1583151528,2020-02-25T12:18:48+00:00,2020-03-02T12:18:48+00:00,Blue Reef Resort: Cologne,Blue Reef Resort,Cologne,standard,1,1,4,6,204.53,1227.18
e960d49e-53c8-11ea-9c2f-b88a60e194fb,XIJ-KTNY,orderid:264843,crmid:1235331794,2020-01-19T16:47:29.000Z,call center,prd1085,1579538849,1579711649,2020-01-20T16:47:29+00:00,2020-01-22T16:47:29+00:00,Grandeur Hotels: Saint Petersburg,Grandeur Hotels,Saint Petersburg,standard,1,1,0,2,153.88,307.76
e961e5e2-53c8-11ea-b185-b88a60e194fb,VDK-SKTB,orderid:600089,crmid:8226110808,2019-12-04T09:51:45.000Z,kiosk,prd1148,1576057905,1576662705,2019-12-11T09:51:45+00:00,2019-12-18T09:51:45+00:00,Aspen Heights: Jacksonville,Aspen Heights,Jacksonville,standard,1,1,2,7,156.92,1098.44
e962d05a-53c8-11ea-acab-b88a60e194fb,VXC-RZME,orderid:363946,crmid:6375979402,2020-02-11T23:30:37.000Z,kiosk,prd1153,1583451037,1584055837,2020-03-05T23:30:37+00:00,2020-03-12T23:30:37+00:00,Admiralty Plaza: Charlotte,Admiralty Plaza,Charlotte,standard,1,1,0,7,135.67,949.69
e963e1b4-53c8-11ea-b90c-b88a60e194fb,6UX-P6LM,orderid:244359,crmid:7487237152,2020-01-20T12:52:42.000Z,call center,prd1153,1581771162,1582030362,2020-02-15T12:52:42+00:00,2020-02-18T12:52:42+00:00,Admiralty Plaza: Charlotte,Admiralty Plaza,Charlotte,standard,1,1,0,3,167.23,501.69
e9651bae-53c8-11ea-a15c-b88a60e194fb,RQO-LFVF,orderid:375738,crmid:8450620021,2019-12-06T07:16:54.000Z,call center,prd1061,1575789414,1575875814,2019-12-08T07:16:54+00:00,2019-12-09T07:16:54+00:00,Grandeur Hotels: Lahore,Grandeur Hotels,Lahore,premium,1,1,0,1,166.17,166.17
e9662d02-53c8-11ea-8f2c-b88a60e194fb,I8W-2KKQ,orderid:460097,crmid:6082388525,2019-12-02T01:47:45.000Z,website,prd1154,1577238465,1577670465,2019-12-25T01:47:45+00:00,2019-12-30T01:47:45+00:00,Blue Reef Resort: Seattle,Blue Reef Resort,Seattle,standard,1,1,1,5,112.61,563.05
e96717a4-53c8-11ea-9503-b88a60e194fb,XZ2-XZYV,orderid:766507,crmid:4192963462,2020-02-07T23:21:35.000Z,kiosk,prd1094,1581204095,1581463295,2020-02-08T23:21:35+00:00,2020-02-11T23:21:35+00:00,Blue Reef Resort: Berlin,Blue Reef Resort,Berlin,standard,1,1,0,3,136.62,409.86
e9682794-53c8-11ea-8a62-b88a60e194fb,ZY2-BI6H,orderid:200533,crmid:6767182660,2020-01-09T08:03:16.000Z,service desk,prd1040,1578643396,1578816196,2020-01-10T08:03:16+00:00,2020-01-12T08:03:16+00:00,Aspen Heights: Atlanta,Aspen Heights,Atlanta,standard,1,1,0,2,169.45,338.9
e96911e6-53c8-11ea-a520-b88a60e194fb,TJH-JHCG,orderid:183517,crmid:9537902845,2020-02-08T05:48:33.000Z,call center,prd1026,1583041713,1583473713,2020-03-01T05:48:33+00:00,2020-03-06T05:48:33+00:00,Restful Nights: Nashville,Restful Nights,Nashville,premium,1,1,0,5,143.71,718.55
e96a2342-53c8-11ea-b885-b88a60e194fb,UEZ-AAWY,orderid:519562,crmid:4252657918,2020-01-05T15:51:23.000Z,call center,prd1124,1580658683,1581090683,2020-02-02T15:51:23+00:00,2020-02-07T15:51:23+00:00,Aspen Heights: Leeds,Aspen Heights,Leeds,standard,1,1,0,5,178.82,894.1
e96ae7e8-53c8-11ea-87dc-b88a60e194fb,SRZ-OLNG,orderid:713016,crmid:4355005757,2019-12-23T08:54:53.000Z,mobile,prd1130,1579510493,1579769693,2020-01-20T08:54:53+00:00,2020-01-23T08:54:53+00:00,Blue Reef Resort: Bremen,Blue Reef Resort,Bremen,standard,1,1,0,3,114.79,344.37
e96bf9b0-53c8-11ea-9989-b88a60e194fb,MST-PIFO,orderid:107801,crmid:9569961306,2020-02-05T09:05:52.000Z,call center,prd1155,1582275952,1582707952,2020-02-21T09:05:52+00:00,2020-02-26T09:05:52+00:00,Hospitality Inn: Denver,Hospitality Inn,Denver,luxury,1,1,3,5,327.34,1636.7
