crmid,email,first_name,last_name,gender,mobile telephone,city,country,zip,state,street address,birthday,historicalpoints
crmid:9802214405,skyre1919@yandex.com,Maurice,Marshall,,749-153-9806,Marshall,United States,36599,Iowa,1021 Sola,1987-07-02,2137
crmid:5210347332,irrefragability1873@gmail.com,Kortney,Cooley,female,645-475-2736,Papillion,United States,56165,Idaho,866 Mckinley,1996-03-22,1879
crmid:2061591959,subantarctic1970@yandex.com,Albert,Clemons,,104-405-8261,Georgetown,United States,18202,Michigan,343 Maryland,1965-03-27,2317
crmid:4131646315,unsuperstitiousness1890@live.com,Rocco,Mcdonald,,842-050-8459,Johnson City,United States,08043,Idaho,358 Marsily,1975-01-22,1588
crmid:2981999419,industry2019@yahoo.com,Jame,Gillespie,female,435-782-6715,Mukilteo,United States,17295,Kentucky,1348 Pasadena,1994-03-21,1300
crmid:1464770809,groten1964@yahoo.com,Edward,Hatfield,,345-871-4464,Palmetto Bay,United States,36769,West Virginia,795 Enterprise,1969-11-21,2674
crmid:8179798813,intercom1948@outlook.com,Robbie,Nicholson,,366-275-8240,New Philadelphia,United States,41465,Maine,741 Easement,1996-07-29,1015
crmid:5373891697,pyoses1833@outlook.com,Kelvin,Carey,,424-810-5046,Florissant,United States,85881,Delaware,815 Bret Harte,1962-10-02,2313
crmid:8049384544,sunshiny1929@gmail.com,Guy,Coffey,,471-318-0101,Olathe,United States,97541,Kansas,117 Fairfax,1983-10-29,664
crmid:1637439096,eliminable1881@live.com,Trent,Haney,,675-969-6988,Herriman,United States,57457,New Jersey,1225 Entrada,1971-10-02,2933
crmid:9961710443,dryopians2036@yandex.com,Sherwood,Nelson,male,736-357-8857,St. Peters,United States,85147,Mississippi,699 Juan Bautista,1939-09-21,477
crmid:7799089520,didie1973@outlook.com,Brendan,Davenport,,897-507-7558,Olathe,United States,95207,Oregon,427 Mclea,1992-10-05,440
crmid:8234791127,macrophyllous2065@gmail.com,Rich,Johnston,,354-823-9791,Moline,United States,68354,Oklahoma,1146 Tonquin,1992-10-26,1272
crmid:7842122922,diffraction2032@gmail.com,Scott,Rodgers,male,631-097-6965,Bethany,United States,75046,Missouri,237 Elmira,1938-12-25,1015
crmid:8058222015,buzzsaw1928@outlook.com,Yvone,Brock,female,575-645-4447,Spanish Fork,United States,51149,Oregon,105 Wawona,1949-09-04,2079
crmid:1575532964,dragnet1894@yandex.com,Salvatore,Park,,733-863-5792,Pontiac,United States,37545,Illinois,1129 Gerard,1980-11-19,2329
crmid:1028980019,subsextuple2056@outlook.com,Dillon,Haynes,,072-888-7180,Port Chester,United States,82473,Pennsylvania,1026 Progress,1968-11-15,1666
crmid:6766576134,interzygapophysial1915@gmail.com,Florentino,Hutchinson,male,592-705-1166,Bay City,United States,84093,North Carolina,1020 Gonzalez,1936-04-15,2630
crmid:4897526127,earles2047@yahoo.com,Stanford,Gay,,876-826-6424,Mobile,United States,35302,West Virginia,1267 Pope,1992-06-17,1023
crmid:7835389571,dullhead1860@yandex.com,Clemente,Chapman,male,932-868-3195,Altamonte Springs,United States,17819,Mississippi,465 Orben,1931-02-06,403
crmid:5076575235,blent1860@live.com,Larraine,Love,female,779-629-6800,Durant,United States,24916,Montana,1370 Nancy Pelosi,1956-05-18,1357
crmid:1324540053,exponent1858@outlook.com,Francis,Kim,,213-034-7861,Matteson,United States,08410,Idaho,623 Walter,1988-02-09,1208
crmid:9593744605,attice1896@yandex.com,Marion,Hinton,male,956-118-0407,Brookings,United States,34386,North Carolina,1306 Mendosa,1942-07-14,1201
crmid:5754003675,twinflower1871@yahoo.com,Von,Gill,male,037-336-5610,Wheat Ridge,United States,85628,Colorado,682 Wawona,1935-10-11,1535
crmid:5866504179,artaba1951@live.com,Billie,Snow,,180-306-7538,Goodyear,United States,65888,New York,607 Vallejo,1967-10-02,614
crmid:2304694881,ander1834@yandex.com,Foster,Mitchell,,661-612-6328,Southfield,United States,30167,California,1350 Gallagher,1974-02-17,2204
crmid:8843433229,broadmouth1901@outlook.com,Alonso,Schwartz,male,300-579-9338,Broken Arrow,United States,78681,Mississippi,51 Lendrum,1941-01-26,2126
crmid:8440059286,eskimo1830@gmail.com,Murray,Sherman,male,105-713-7612,Batavia,United States,98030,Montana,803 Troy,1936-07-27,756
crmid:1414864818,egality1807@yahoo.com,Caroll,Morales,female,382-506-9252,Conway,United States,03884,Kentucky,527 San Benito,1950-02-20,2301
crmid:7265648560,dryermen1989@gmail.com,Kieth,Gibbs,,679-574-8758,Goleta,United States,55230,Pennsylvania,1358 Newcomb,1967-09-30,2726
crmid:7762958182,whale1903@yahoo.com,Isreal,Morrison,,341-383-6220,South Jordan,United States,57585,Louisiana,432 Lobos,1998-05-24,2673
crmid:5527691174,donkey1925@gmail.com,Hai,Coleman,,499-788-6019,South Euclid,United States,36172,Wyoming,348 Benton,1970-03-22,2877
crmid:9504854897,vibrative1867@live.com,Edmund,Hinton,,457-041-8499,Jamestown,United States,02185,California,1159 Starr King,1975-01-19,2678
crmid:6609240621,iodimetry1952@outlook.com,Antone,Ayers,male,724-229-6546,Bergenfield,United States,05272,New York,430 Lathrop,1938-01-01,2515
crmid:4748345921,diagnose2068@live.com,Bradford,Harris,male,616-938-4716,Porterville,United States,03674,Maryland,365 Elim,1934-01-13,1081
crmid:6289433595,byproducts2037@outlook.com,Carmine,Hebert,male,926-709-6126,Rancho Mirage,United States,03689,New Jersey,495 Homer,1935-02-13,2831
crmid:6671774408,crow1997@outlook.com,Junior,Rosa,,154-966-3692,Palm Bay,United States,49338,Oklahoma,790 Jansen,1990-07-11,906
crmid:9999452637,guars1955@yahoo.com,Haywood,Riddle,male,361-059-2116,West Chicago,United States,58922,South Dakota,128 Liggett,1935-12-09,1669
crmid:9285347549,balcony2058@gmail.com,Micah,Rodriguez,,428-512-6336,Mill Creek,United States,14479,Delaware,1034 Spear,1990-03-15,1317
crmid:1793307622,kentrogon1875@yandex.com,Robt,Benton,,266-701-2781,Muncie,United States,96600,Ohio,990 Division,1994-05-20,501
crmid:7253208855,secret1973@yandex.com,Edwardo,Long,,214-336-8486,LaGrange,United States,08156,Iowa,543 Gold,1979-02-21,2389
crmid:4469093675,depict1809@yandex.com,Kurt,White,male,607-946-9212,Bolingbrook,United States,76319,Washington,1277 Archer,1940-12-22,2919
crmid:4416312905,prostitute1917@live.com,Sueann,Bruce,female,982-091-2771,Coronado,United States,46785,Alaska,524 Guttenberg,1951-08-04,1184
crmid:5628754448,bandager1973@yandex.com,Issac,Bryant,,082-300-2680,Horn Lake,United States,48197,South Carolina,684 Bay Shore,1973-08-16,2737
crmid:5616435177,trijets1973@gmail.com,Claud,Sellers,,522-448-4965,Lisle,United States,28089,Iowa,321 Mcnair,1983-05-04,2734
crmid:2691110283,answers1834@gmail.com,Theo,Hebert,male,894-633-4136,Savannah,United States,75008,Nebraska,1361 Deming,1937-09-13,974
crmid:5676281589,paterero1918@yandex.com,Santo,Cohen,male,375-000-7875,Vacaville,United States,05123,Mississippi,586 West,1932-09-06,1724
crmid:8460539123,mirbane1808@outlook.com,Erwin,Case,,586-451-9998,Laguna Beach,United States,28150,Ohio,825 Lloyd,1979-05-18,2590
crmid:6384453180,amylan2068@outlook.com,Luke,Ross,male,591-470-3446,Carpentersville,United States,38348,Idaho,1015 Presidio,1944-06-25,1887
crmid:9621187628,heeler1961@yandex.com,Rodrigo,Lara,,265-153-2940,Winchester,United States,34564,Florida,648 Venard,1977-05-14,2771
crmid:4867945042,metaluminic1863@live.com,Tyrone,Yates,,726-227-5951,Sanger,United States,86279,Idaho,1235 Cottonwood,1997-11-11,1444
crmid:2803789526,egret1981@live.com,Toney,Valdez,male,730-950-5810,Calumet City,United States,54897,Montana,687 Baker,1943-09-29,1102
crmid:4551761970,augurs1839@live.com,Wade,Noble,male,378-627-8716,Arlington,United States,53852,Alabama,684 Galvez,1933-10-21,1150
crmid:3923928988,stelic1820@yahoo.com,Nathanial,Moon,male,512-206-4219,Spring Valley,United States,66623,Colorado,363 Wilmot,1932-10-14,1678
crmid:9319373554,deformative1943@live.com,Quinn,Parks,,712-670-8042,Milford,United States,04448,Virginia,1129 Kennedy,1990-01-10,2165
crmid:4484922893,suum1977@gmail.com,Lonna,Sparks,female,945-106-3249,Ontario,United States,28368,Colorado,711 Downey,1961-12-28,762
crmid:2451224576,zebra2059@yahoo.com,Jesse,Brewer,male,892-782-8007,Wasco,United States,79075,Maine,560 Teddy,1941-05-04,2073
crmid:1515006927,demibrassart1947@live.com,Elli,Guerrero,female,897-153-1695,Fairhope,United States,71950,Montana,1153 Daggett,1961-10-05,1709
crmid:6038467433,tamias1863@live.com,Lawrence,Dennis,male,841-484-9145,North Las Vegas,United States,60393,Texas,902 Byron,1998-12-31,1142
crmid:7209202968,oncogene2022@gmail.com,Errol,Doyle,male,231-036-8387,Altoona,United States,79190,New Jersey,667 Latona,1932-04-08,1254
crmid:2180852792,capturer1817@gmail.com,Burt,Calderon,male,771-873-4570,New Brunswick,United States,51179,Massachusetts,373 Ottawa,1996-10-19,2639
crmid:7177405935,pyrrhic1949@yahoo.com,Johnathon,Fields,,044-468-2585,Huntsville,United States,15923,West Virginia,939 Langton,1974-03-14,2067
crmid:6321158399,yappiness2003@live.com,Claude,Stafford,male,334-711-4213,Muscatine,United States,90948,Montana,314 Newcomb,1994-01-04,2558
crmid:3195853793,brandie1830@gmail.com,Johnnie,Johnston,,221-596-1080,Morgantown,United States,68530,Wyoming,311 Boardman,1993-11-14,1289
crmid:7649711531,breaded1967@yahoo.com,Forest,Weeks,,525-678-1968,Syracuse,United States,77023,Massachusetts,1079 Jersey,1982-06-03,1920
crmid:6474774536,silly2006@yandex.com,Blake,Hardin,,717-649-9668,Sugar Hill,United States,51970,Illinois,826 Nancy Pelosi,1982-03-13,2479
crmid:5380223576,segueing1844@outlook.com,Gonzalo,Welch,,491-257-0125,Hialeah,United States,30979,New Jersey,770 Marsily,1971-05-11,1302
crmid:8260810198,enciphered1994@gmail.com,Rick,Bauer,,697-586-7735,Mesa,United States,12403,Colorado,408 Santa Monica,1989-03-02,2302
crmid:4909794798,assorted1977@yahoo.com,Dillon,Odom,male,362-745-7889,Winter Garden,United States,91963,Illinois,396 Middle Point,1944-11-29,1931
crmid:9927690780,bosom1887@yandex.com,Fausto,Mullen,,532-090-7855,Golden Valley,United States,84267,Delaware,591 Emil,1966-02-16,1435
crmid:9821324848,unproperness2055@outlook.com,Arthur,Thornton,male,984-383-3122,Reynoldsburg,United States,00840,South Dakota,67 Progress,1933-01-29,484
crmid:4864367550,bouse2013@live.com,Lenard,O'donnell,,895-548-3255,Lake Forest,United States,37344,Pennsylvania,240 Dr Carlton B Goodlett,1980-06-04,735
crmid:9696565747,minima1883@yahoo.com,Blossom,Coleman,female,465-007-4424,Chesapeake,United States,91312,Vermont,1002 Vista Verde,1946-01-06,2273
crmid:6628300967,depicting1800@live.com,Hipolito,Rasmussen,male,865-730-3798,Burlington,United States,67308,South Dakota,1114 Apollo,1943-11-09,590
crmid:6858842278,tups2047@yandex.com,Russell,Holden,,605-596-8750,Savannah,United States,28604,Illinois,298 Silliman,1966-02-22,2931
crmid:1513111263,bootlessness1902@yahoo.com,Seymour,Huffman,,486-162-4030,Lake Elsinore,United States,73877,New Hampshire,1393 Hunter,1980-06-10,1490
crmid:2671737013,crossways1879@yandex.com,Soraya,Collins,female,687-444-5475,Corcoran,United States,76119,New Jersey,861 Alhambra,1950-12-22,302
crmid:2109575507,nordenfelt1956@yandex.com,Carroll,Kirk,,215-843-7729,Forest Park,United States,22017,New Mexico,238 Globe,1962-05-26,2183
crmid:3001599582,ant2046@yahoo.com,Leif,Gray,,869-316-0029,Willoughby,United States,57996,Minnesota,619 Landers,1997-06-23,2173
crmid:3917803477,medicodental1962@gmail.com,Brittni,Cotton,female,339-252-1610,Cooper City,United States,70070,Kansas,393 Morrell,1950-01-07,467
crmid:3960646277,rachidial1954@yahoo.com,Evelin,Pruitt,female,042-609-1463,Cerritos,United States,12304,Kansas,94 Cypress,1946-03-24,379
crmid:1047737681,apurba1940@gmail.com,Abel,Cunningham,,121-084-8964,Rome,United States,21889,Indiana,906 Baden,1966-03-05,555
crmid:6804031180,axolotl1899@live.com,Cedrick,Randall,,004-164-5808,Norman,United States,55981,Colorado,495 North View,1998-10-11,889
crmid:8137448458,preinspired1919@gmail.com,Rima,Meadows,female,664-554-1589,Spartanburg,United States,24023,Oklahoma,1211 Ramona,1956-07-20,1622
crmid:4494374632,zapateo1870@live.com,Ronnie,Riggs,male,596-236-3623,Bowie,United States,47663,Connecticut,602 Von Schmidt,1940-08-25,2732
crmid:8199157910,exaggerating2028@gmail.com,Terry,Mcgee,male,725-375-5139,Rexburg,United States,85819,South Carolina,360 Romolo,1936-09-19,2712
crmid:5707953940,scrimpy1831@live.com,Antony,Preston,male,631-444-9651,Stafford,United States,90973,Wyoming,870 Bowman,1937-01-24,621
crmid:7267405499,climbed2018@live.com,Dawne,Frazier,female,910-927-1482,Sammamish,United States,95145,Kentucky,355 Mclea,1954-10-21,1539
crmid:4956393832,blais1938@yahoo.com,Williams,George,,704-055-2590,Fullerton,United States,07367,Georgia,1248 John F Shelley,1964-01-14,365
crmid:5484485106,parrot1814@yahoo.com,Ralph,Brown,,729-926-7637,Whittier,United States,79490,New Jersey,768 Clarion,1981-09-04,2031
crmid:7455968042,digraph1993@outlook.com,Margy,Tanner,female,031-981-0526,Durango,United States,78930,Michigan,712 El Plazuela,1956-12-11,2386
crmid:6053082395,buckman1873@live.com,Kym,Graham,female,579-913-7055,Ellensburg,United States,27821,Oregon,500 Mabrey,1959-05-12,2250
crmid:3026904288,monstrify1954@yandex.com,Monty,Madden,,578-530-6533,Hollywood,United States,58341,Maine,1001 Lessing,1972-10-03,2000
crmid:9497310532,withery1823@live.com,Jimmie,Aguirre,,134-788-4039,Kirkwood,United States,72899,Maine,13 Lillian,1978-04-26,2089
crmid:2303349258,steric1946@outlook.com,Peter,Sanders,male,947-859-5592,Plainview,United States,60469,Rhode Island,586 Winston,1935-08-26,1192
crmid:4965919043,shortcake1926@yahoo.com,Niesha,Reed,female,504-629-7249,Waltham,United States,63732,Rhode Island,122 Denslowe,1953-07-24,2682
crmid:7100098925,ephialtes1878@live.com,Lecia,Reynolds,female,845-792-8557,West Covina,United States,16741,Arizona,1071 Rossmoor,1952-11-10,599
crmid:9830517036,daymare2065@yahoo.com,Alvera,Rodriguez,female,396-143-1986,Simi Valley,United States,66703,North Dakota,781 Worth,1997-12-06,2642
crmid:4390794044,pager1987@live.com,Hilario,Gentry,,497-856-0942,Irving,United States,64233,New Jersey,378 Colton,1975-11-13,319
crmid:8199805761,rotundity1916@yahoo.com,Collin,Walters,,514-910-8270,Lake in the Hills,United States,19199,North Carolina,1201 Warren,1980-03-28,2072
crmid:3612545153,parterres2038@gmail.com,Michael,Martin,male,654-581-7765,Brooklyn Center,United States,47846,North Dakota,1044 Saint Charles,1942-07-18,2152
crmid:8582447358,magpie2009@live.com,Valda,Ford,female,949-928-4019,Torrington,United States,12656,Vermont,932 Glenhaven,1949-09-10,1632
crmid:1104978987,branch2005@yahoo.com,Cyrstal,Castaneda,female,173-183-9774,Oak Park,United States,11714,Michigan,962 Overlook,1951-02-05,1988
crmid:6193448532,brims1823@yandex.com,Ron,Fox,,521-783-3045,West Jordan,United States,74590,Ohio,609 South Van Horn,1988-09-19,1307
crmid:7620906146,crosse1837@yahoo.com,Elias,Chavez,,987-892-5058,La Mirada,United States,25177,Virginia,428 Las Villas,1978-05-10,2410
crmid:2501220606,palmetto1859@gmail.com,Irving,Evans,,532-114-0359,North Richland Hills,United States,57642,Louisiana,1379 Jennings,1999-09-16,2452
crmid:5944992688,rail2039@gmail.com,Clint,Nash,,285-644-3197,Wilkinsburg,United States,47110,New Jersey,829 Lee,1992-03-23,1696
crmid:3113200854,beshear1934@live.com,Stephen,Small,male,093-501-4453,Arnold,United States,58990,Arkansas,1118 Miles,1933-09-27,908
crmid:9474652681,bullfrog2004@yandex.com,Merlin,Guy,male,433-316-6194,Patterson,United States,55757,Colorado,745 Parkhurst,1999-10-24,2133
crmid:3221373386,adamczyk2000@live.com,Sunday,Stanley,female,185-515-4788,Tupelo,United States,85475,South Dakota,807 Davidson,1960-08-28,972
crmid:1640266052,chemosynthesis1978@gmail.com,Neil,Rush,male,430-368-1424,Baldwin,United States,40734,Missouri,74 Carpenter,1935-07-26,1712
crmid:9232079521,angelate1821@yandex.com,Dominic,Travis,,836-901-0348,Kentwood,United States,30181,Arizona,659 Niantic,1977-05-01,1647
crmid:6568161320,criticism1964@live.com,Marquis,Fisher,,610-115-0447,Gallup,United States,53373,Massachusetts,1293 Archer,1965-09-07,2057
crmid:2730265454,immune2059@yandex.com,Robena,Calhoun,female,373-791-1435,Durham,United States,46253,Vermont,366 Olympic Country Club,1956-07-05,682
crmid:2754634669,naturopathy2052@yahoo.com,Waltraud,Richardson,female,011-225-6188,Downers Grove,United States,56248,Wyoming,359 Brush,1955-09-24,2815
crmid:1749701724,regains1882@gmail.com,Ty,Ashley,,006-626-0961,Schenectady,United States,30009,Hawaii,54 Chumasero,1979-02-01,1911
crmid:4588828936,dekko1888@outlook.com,Murray,Whitfield,,641-279-0237,Royal Oak,United States,46549,Vermont,450 Erkson,1992-01-21,2385
crmid:5024722018,horseheads2038@outlook.com,Clarence,Carlson,male,210-246-9831,Union City,United States,01564,Maine,385 Eastman,1930-02-05,1902
crmid:2957749688,arthritis1866@yahoo.com,Theron,Lowery,,988-705-2255,Findlay,United States,72531,Alaska,778 Montezuma,1962-12-08,494
crmid:8113143785,ciscos1912@gmail.com,Deonna,Norton,female,367-605-3180,Enterprise,United States,56058,Missouri,1348 Pretor,1960-10-04,2782
crmid:6873194578,corvettes1991@yandex.com,Eleonora,Hammond,female,493-174-0189,Conway,United States,17933,Nebraska,718 Candlestick Cove,1950-03-12,1877
crmid:6851760837,fermentitious1874@yahoo.com,Stevie,Huffman,,128-364-8769,Wichita Falls,United States,20057,North Carolina,265 Dewitt,1967-10-03,1162
crmid:6014440802,revulsion1934@live.com,Morris,Mathews,,958-508-9215,Mineral Wells,United States,32442,Iowa,1045 Bay View,1991-06-27,2581
crmid:3695711030,deutomalar2019@gmail.com,Laine,Lucas,female,413-235-6478,Enterprise,United States,77214,Arkansas,636 Powers,1960-05-18,1908
crmid:7505790718,progression2070@yahoo.com,Edward,Mccray,,913-961-5225,Laguna Niguel,United States,59117,West Virginia,246 Union,1979-09-14,1029
crmid:2844289609,prawn1990@gmail.com,Contessa,Wood,female,838-170-1410,Palmetto Bay,United States,60094,New Jersey,563 Montgomery,1958-02-03,1725
crmid:7473085250,drunks1945@outlook.com,Dee,Houston,,574-268-7009,Pinellas Park,United States,53670,Ohio,281 Fisher,1976-11-21,895
crmid:7319510355,bloodhound1912@live.com,Andrea,Snider,,287-569-4469,Sugar Land,United States,95687,South Dakota,1222 Still,1973-09-13,729
crmid:2873061251,trichogrammatidae1837@yahoo.com,Reed,Rose,,261-792-8062,Florence,United States,44483,Texas,228 Burnett,1962-08-30,1455
crmid:3220439569,crystallose1809@gmail.com,Theo,Davenport,male,817-436-7562,Sunnyvale,United States,02197,New Mexico,936 Freelon,1937-09-07,418
crmid:7644487667,coquet1853@yahoo.com,Virgil,Manning,,772-411-6102,Summerville,United States,36475,South Dakota,378 Nelson Rising,1974-11-06,2568
crmid:2930951985,fly1872@outlook.com,Milly,Hardin,female,589-904-8838,Cicero,United States,39515,Maryland,1193 Fair,1947-06-13,2978
crmid:6358068149,chakras2014@gmail.com,Jamaal,Weeks,male,594-876-0105,Cape Coral,United States,20895,West Virginia,995 Sparta,1944-05-30,617
crmid:4107007022,secretive1813@yandex.com,Jamison,England,male,829-389-6979,Parma,United States,98721,Wisconsin,1199 Augusta,1938-12-23,774
crmid:8780560328,caatinga1868@gmail.com,Rex,Ortega,male,345-133-1156,Ames,United States,40252,Texas,1259 Tulip,1932-08-22,2541
crmid:7216901142,myriophyllite1830@yahoo.com,William,Rowland,male,234-035-9696,Athens,United States,57669,Hawaii,321 Pioche,1934-10-25,1412
crmid:4004356073,unsquirming2061@gmail.com,Lucius,Clemons,,628-190-2559,Mission Viejo,United States,13305,Rhode Island,955 Grote,1991-02-26,1321
crmid:6455812186,regularity1960@outlook.com,Jordon,Houston,male,656-389-4966,Caldwell,United States,68386,Arizona,1274 Lucerne,1943-11-30,2715
crmid:4619794689,cushily1878@yahoo.com,Trevor,Crane,male,773-793-9373,Santa Maria,United States,90259,Wyoming,788 Leona,1942-09-07,1925
crmid:6923171610,gibed2022@outlook.com,Erick,Henson,male,441-011-9404,Willmar,United States,04995,New York,242 Reed,1931-04-13,2436
crmid:6334540455,unexpensive2055@gmail.com,Brent,Rios,,989-030-8050,Fountain,United States,73018,Nevada,597 Aerial,1963-01-13,1112
crmid:2573860457,stork1846@live.com,Merlin,Roberts,,226-571-2137,Maryland Heights,United States,29370,Colorado,430 Alta Mar,1987-05-16,1734
crmid:2371757285,cardiophrenia1838@yandex.com,Weston,Bowers,male,746-371-7727,Painesville,United States,00507,New Jersey,1399 South Park,1934-10-03,2294
crmid:3006726930,compatriot1857@gmail.com,Sang,Phelps,female,902-117-3294,East Ridge,United States,67971,Wyoming,581 Cesar Chavez On,1957-10-15,2281
crmid:8113011631,radioactivities1869@live.com,Brooks,Moran,,738-033-4870,Lake in the Hills,United States,81166,South Dakota,1378 Parque,1980-03-25,380
crmid:9875715731,evangelian1953@gmail.com,Allegra,Woodard,female,390-453-6721,Delray Beach,United States,08953,Missouri,33 Wetmore,1954-01-31,2175
crmid:2647770032,consciences2025@yandex.com,Israel,Cotton,,895-880-1808,Tahlequah,United States,87502,Florida,901 Carmel,1963-10-02,2200
crmid:6128708456,keyless2063@outlook.com,Markus,Miranda,,017-232-3216,Miami,United States,01369,Nevada,353 Alviso,1990-02-14,1150
crmid:3160035416,modest1859@yandex.com,Virgilio,Roach,,242-758-4345,Victoria,United States,34678,Nevada,416 Conservatory Access,1970-08-16,1831
crmid:5010707277,disappearance1908@yandex.com,Wyatt,Chambers,male,782-155-0210,Paramount,United States,08157,Pennsylvania,435 Reuel,1932-10-06,1417
crmid:5878306557,ental1837@live.com,Tyrone,Stone,,357-959-2707,Loma Linda,United States,54530,Massachusetts,1045 Laidley,1983-09-16,911
crmid:2854706179,dekko1946@gmail.com,Maximo,Langley,male,465-085-5632,Bainbridge Island,United States,31624,South Carolina,819 Virgil,1935-07-17,2897
crmid:7073650108,chalumeau1997@outlook.com,Jin,Young,female,963-603-5547,Newport,United States,62959,Utah,1367 Marston,1997-11-06,2977
crmid:5884044132,schizophrenic1945@yandex.com,Troy,Greer,male,719-960-2588,Ballwin,United States,51835,Michigan,550 Cherry,1935-09-12,2643
crmid:2980324883,cocobolos1857@yahoo.com,Hsiu,Cummings,female,749-471-6006,Vernon Hills,United States,92289,Arkansas,895 Jersey,1959-04-07,702
crmid:9932112343,agonal2021@outlook.com,Rey,Chambers,,169-670-4591,Revere,United States,83445,Utah,500 Retiro,1989-07-27,2981
crmid:1933251342,cruche2024@yahoo.com,Shala,Bean,female,106-858-1940,Wilmington,United States,84241,Alaska,393 El Sereno,1956-08-02,986
crmid:8265855580,desmopyknosis1862@yahoo.com,Erin,Waller,,981-423-6331,Jacksonville,United States,79406,Illinois,249 Minna,1975-10-30,1559
crmid:7378780418,loment1828@gmail.com,Ezekiel,Cotton,,793-015-7033,Marquette,United States,21920,Vermont,984 Blair,1987-04-28,1640
crmid:2847201850,cerite1970@gmail.com,Bryce,Austin,,230-308-2149,Mission,United States,19908,Connecticut,767 Massasoit,1991-04-27,2587
crmid:2010142391,longshoremen2032@outlook.com,Dee,Mendez,male,167-471-9171,Baldwin Park,United States,15477,South Carolina,826 Dow,1935-03-20,2163
crmid:9990441206,befits1915@gmail.com,Norris,Burnett,male,646-908-0264,Santa Fe Springs,United States,16649,Arizona,1182 Grote,1945-11-20,1278
crmid:8871858771,forgeability1803@gmail.com,Hayden,Ayers,male,136-364-3828,Altamonte Springs,United States,90466,New Mexico,687 Paraiso,1931-05-01,2491
crmid:6296423139,calamite2035@yahoo.com,Marty,Glenn,,463-226-5953,Hopewell,United States,33373,West Virginia,669 San Diego,1973-06-30,944
crmid:4366679893,explorations1827@live.com,Carlton,Lara,,649-774-9959,Kansas City,United States,94660,New Jersey,112 Mauldin,1976-11-15,2456
crmid:2448721834,bethlehem1921@live.com,Bart,Finley,male,117-365-1734,Sierra Vista,United States,02427,Hawaii,120 J,1939-01-09,2354
crmid:9387182550,unbesmeared1935@live.com,Rodger,Baxter,male,766-961-2309,Canton,United States,48316,New York,1226 Fillmore,1944-08-02,696
crmid:2038446151,transistors1901@live.com,Saul,Rodriguez,,040-402-0243,Roseburg,United States,55987,Alaska,825 Tamalpais,1996-11-18,2131
crmid:4194895193,buckling1920@live.com,Bennett,Moses,male,449-417-8459,Palestine,United States,60667,New Jersey,1315 School,1935-01-21,2078
crmid:6262340275,travertine1997@yandex.com,Mitch,Leonard,,197-185-0834,Jacksonville Beach,United States,61242,Missouri,291 Rockaway,1975-10-24,694
crmid:3069012728,pecky1841@gmail.com,Deandre,Atkins,,484-005-2107,Overland Park,United States,65755,Alaska,415 Blackstone,1964-12-04,1692
crmid:3493936559,libra2010@yandex.com,Joan,Owens,,577-108-8667,Lowell,United States,92385,Nebraska,1052 Harris,1984-07-08,1637
crmid:6417008416,mesovaria2064@gmail.com,Shawn,Holden,,125-402-0742,Redmond,United States,91894,New Mexico,1057 Vista Verde,1991-04-26,1387
crmid:1501167630,canuck2046@gmail.com,Marshall,Maddox,male,761-490-8878,Calabasas,United States,35447,Tennessee,872 Egbert,1943-07-18,476
crmid:5861879635,confessions1809@gmail.com,Sebastian,May,male,947-936-1838,Westbrook,United States,95936,Wisconsin,532 Severn,1940-09-18,2266
crmid:8891973018,prelacy2000@outlook.com,Tobias,Byers,male,934-525-2174,Asheboro,United States,59509,Missouri,185 Plum,1934-09-04,1135
crmid:6501821585,iguana2062@yahoo.com,Ellis,Cunningham,,697-141-8493,Irvine,United States,78812,South Dakota,1148 Morrell,1975-12-10,1531
crmid:1720601545,antirepublican1827@yandex.com,Cliff,Farmer,male,816-443-2304,Bossier City,United States,19450,Michigan,1035 Regent,1940-02-09,444
crmid:6728502247,symmetrically1805@yahoo.com,Clay,Parker,,810-900-9438,Manhattan Beach,United States,81202,Alabama,400 Hunters Point,1986-02-03,985
crmid:3050996653,capabler1837@yahoo.com,Oren,Foreman,,356-421-8501,Mission,United States,86672,Vermont,617 Buena Vista,1991-11-14,2910
crmid:9250206442,imply1832@yandex.com,Rupert,Farmer,male,670-203-0834,Cambridge,United States,42276,Nevada,1127 Santa Marina,1943-08-09,2177
crmid:7319412926,estheticism1810@gmail.com,Chris,Vaughn,,882-751-4993,Tarpon Springs,United States,46399,Kansas,786 Ardath,1988-10-22,685
crmid:3764791761,glandarious2058@yahoo.com,Aide,Whitehead,female,063-791-6091,Neenah,United States,51035,Colorado,1279 Arbor,1995-09-21,1884
crmid:8505124840,haddock2000@gmail.com,Grover,Curtis,,954-947-2672,Palm Beach Gardens,United States,77890,Kansas,109 Girard,1993-09-28,1220
crmid:1016266687,birman1804@yahoo.com,Mirtha,Wynn,female,869-694-5042,Chanhassen,United States,99701,Colorado,65 Washington,1946-06-12,2807
crmid:5381169238,overbrush1895@live.com,Nathan,Stout,,030-650-1403,Holland,United States,25438,Wyoming,467 Carmel,1972-04-08,2616
crmid:3229831275,visionariness2016@yandex.com,Daniele,Silva,female,229-294-7042,Woodbury,United States,58184,Hawaii,563 Golden,1955-11-04,2238
crmid:2799546731,raddle1817@gmail.com,Georgetta,Odom,female,163-761-7034,Tarpon Springs,United States,86819,Connecticut,1278 Westgate,1961-03-22,1674
crmid:1235331794,overdogs1857@yandex.com,Kenia,Aguirre,female,755-753-5229,Denton,United States,90609,Iowa,427 Upper Service,1954-05-01,2339
crmid:8226110808,improve1924@live.com,Erik,Chen,male,015-928-9659,Oak Harbor,United States,11420,Florida,1134 Talbert,1945-04-06,577
crmid:6375979402,causes1999@gmail.com,Mandie,Christian,female,426-751-4870,Corona,United States,30315,Washington,433 Noe,1950-06-06,943
crmid:7487237152,legmen1841@yahoo.com,Luci,Blair,female,164-662-3649,Columbia Heights,United States,32016,New Hampshire,1396 Duncombe,1949-06-03,958
crmid:8450620021,adorable1843@yahoo.com,Sima,Conway,female,821-936-0452,Dania Beach,United States,43043,Tennessee,912 Clinton,1952-08-07,2177
crmid:6082388525,wombat1953@outlook.com,Jerry,Suarez,,365-074-7332,Newburyport,United States,90489,Ohio,1172 Fisher,1997-05-04,1828
crmid:4192963462,bocoy2004@yahoo.com,Dale,Middleton,,945-199-0688,South Burlington,United States,34467,Montana,640 Ralston,1978-07-05,2372
crmid:6767182660,vedism1810@yahoo.com,Vivan,Workman,female,597-763-1649,Fairborn,United States,57870,Oklahoma,513 Font,1961-09-23,603
crmid:9537902845,alyre1806@gmail.com,Dante,Larson,male,710-087-8570,Auburn Hills,United States,11076,Illinois,951 Bache,1934-03-17,2555
crmid:4252657918,artiller2036@yandex.com,Ross,Bell,,832-580-2581,Utica,United States,60001,New Jersey,684 Craig,1963-01-06,366
crmid:4355005757,amorim1930@gmail.com,Idell,Powell,female,507-659-5623,El Monte,United States,82052,Pennsylvania,16 Martha,1958-04-24,466
crmid:9569961306,telautography1980@outlook.com,Denny,Snyder,male,204-308-0525,Richardson,United States,97813,Indiana,91 Carrie,1944-03-27,1054
