id,crmid,propensity_room_upgrade,propensity_extended_nights
d5980d98-7dd9-11ea-93af-b88a60e194fb,crmid:2972214963,3,3
d59a317a-7dd9-11ea-9171-b88a60e194fb,crmid:5489118419,5,5
d59ca17a-7dd9-11ea-a4a5-b88a60e194fb,crmid:1804220321,8,5
d59f3986-7dd9-11ea-9980-b88a60e194fb,crmid:2289729777,4,3
d5a20cd4-7dd9-11ea-9a77-b88a60e194fb,crmid:7761010412,4,4
d5a47dd8-7dd9-11ea-b28e-b88a60e194fb,crmid:6961961352,5,3
d5a6eed4-7dd9-11ea-922a-b88a60e194fb,crmid:9928259477,4,6
d5a8eaba-7dd9-11ea-9a75-b88a60e194fb,crmid:8489938777,4,2
d5aabf64-7dd9-11ea-929b-b88a60e194fb,crmid:1861432379,4,3
d5ac9424-7dd9-11ea-88b6-b88a60e194fb,crmid:6522546353,5,8
d5ae68dc-7dd9-11ea-bfd9-b88a60e194fb,crmid:9271025760,4,6
d5b064b8-7dd9-11ea-86bf-b88a60e194fb,crmid:4556252418,3,1
d5b26086-7dd9-11ea-b7bd-b88a60e194fb,crmid:1516788885,3,5
d5b39908-7dd9-11ea-b4eb-b88a60e194fb,crmid:9710815537,3,6
d5b546b4-7dd9-11ea-a97f-b88a60e194fb,crmid:2808584391,7,5
d5b74286-7dd9-11ea-b332-b88a60e194fb,crmid:8399315835,5,4
d5b8c902-7dd9-11ea-9de3-b88a60e194fb,crmid:8402960851,4,5
d5bac4f0-7dd9-11ea-a165-b88a60e194fb,crmid:4700489961,4,4
d5bc99b6-7dd9-11ea-99ae-b88a60e194fb,crmid:9732987054,4,9
d5bf31ba-7dd9-11ea-9b15-b88a60e194fb,crmid:1064123786,3,4
d5c0df78-7dd9-11ea-9650-b88a60e194fb,crmid:2822320801,4,5
d5c28d2e-7dd9-11ea-97e7-b88a60e194fb,crmid:1856096960,8,3
d5c43ab6-7dd9-11ea-afbb-b88a60e194fb,crmid:7643505128,6,5
d5c5c162-7dd9-11ea-a94c-b88a60e194fb,crmid:9838556593,4,2
d5c79624-7dd9-11ea-81d8-b88a60e194fb,crmid:8265098827,9,3
d5c91cc0-7dd9-11ea-a7ca-b88a60e194fb,crmid:7545409482,5,5
d5cb3fb0-7dd9-11ea-8bec-b88a60e194fb,crmid:8192329169,3,9
d5ccc6c6-7dd9-11ea-b6b7-b88a60e194fb,crmid:8350238398,5,5
d5ce4cd2-7dd9-11ea-b42e-b88a60e194fb,crmid:2885099073,5,9
d5cfd386-7dd9-11ea-8a4d-b88a60e194fb,crmid:7830810284,3,4
d5d18134-7dd9-11ea-a8b4-b88a60e194fb,crmid:6087190984,5,5
d5d307b6-7dd9-11ea-a2fd-b88a60e194fb,crmid:5147013440,3,3
d5d48e58-7dd9-11ea-81c1-b88a60e194fb,crmid:7198112640,5,5
d5d63c10-7dd9-11ea-90bb-b88a60e194fb,crmid:4244110132,2,6
d5d7c2b4-7dd9-11ea-95ff-b88a60e194fb,crmid:1789065792,4,3
d5d922be-7dd9-11ea-a83c-b88a60e194fb,crmid:6617337449,7,4
d5daf70a-7dd9-11ea-b268-b88a60e194fb,crmid:7557540407,6,2
d5dc2f8c-7dd9-11ea-87e0-b88a60e194fb,crmid:8198904564,3,2
d5dd40ee-7dd9-11ea-ba30-b88a60e194fb,crmid:2994584495,3,3
d5de795c-7dd9-11ea-8d36-b88a60e194fb,crmid:3972065117,4,4
d5e04e1c-7dd9-11ea-b1b2-b88a60e194fb,crmid:4334252604,4,5
d5e15f94-7dd9-11ea-a474-b88a60e194fb,crmid:2820233016,6,5
d5e27102-7dd9-11ea-895b-b88a60e194fb,crmid:8656966622,10,3
d5e3aa0c-7dd9-11ea-884f-b88a60e194fb,crmid:6292214654,4,4
d5e4e1fa-7dd9-11ea-a087-b88a60e194fb,crmid:4762213399,3,4
d5e6914a-7dd9-11ea-aed2-b88a60e194fb,crmid:6866009281,2,3
d5e81658-7dd9-11ea-99f8-b88a60e194fb,crmid:7863447663,8,3
d5eb98c6-7dd9-11ea-afd9-b88a60e194fb,crmid:8287880087,5,8
d5ecaa28-7dd9-11ea-ad62-b88a60e194fb,crmid:7261551312,3,5
d5ed948a-7dd9-11ea-b3cb-b88a60e194fb,crmid:2534261474,4,5
d5eea602-7dd9-11ea-bc1f-b88a60e194fb,crmid:1455963958,5,4
d5efde9a-7dd9-11ea-800f-b88a60e194fb,crmid:4152552999,5,4
d5f13e30-7dd9-11ea-b5b4-b88a60e194fb,crmid:6578799834,3,3
d5f24f80-7dd9-11ea-b183-b88a60e194fb,crmid:2681895232,3,5
d5f36130-7dd9-11ea-a8ac-b88a60e194fb,crmid:8350799093,6,5
d5f4c080-7dd9-11ea-bb71-b88a60e194fb,crmid:4550086154,3,4
d5f5d40c-7dd9-11ea-b99b-b88a60e194fb,crmid:8082719469,2,4
d5f70a9a-7dd9-11ea-93c2-b88a60e194fb,crmid:3042690661,4,4
e9169012-7dd9-11ea-b289-b88a60e194fb,crmid:9090404283,4,3
e917c9d8-7dd9-11ea-91f4-b88a60e194fb,crmid:9109384396,5,4
e91900fe-7dd9-11ea-a265-b88a60e194fb,crmid:3558361873,9,5
e91a126e-7dd9-11ea-968e-b88a60e194fb,crmid:4622218604,3,6
e91b4bfe-7dd9-11ea-b90a-b88a60e194fb,crmid:2102368887,4,3
e91c369e-7dd9-11ea-906f-b88a60e194fb,crmid:4139493175,5,6
e91d94ee-7dd9-11ea-9ff8-b88a60e194fb,crmid:7213936452,3,3
e91ea63e-7dd9-11ea-9af1-b88a60e194fb,crmid:9462806302,4,4
e91f91e2-7dd9-11ea-b6fd-b88a60e194fb,crmid:9439157243,2,8
e920f19c-7dd9-11ea-9372-b88a60e194fb,crmid:8891945188,7,4
e92202d8-7dd9-11ea-98f3-b88a60e194fb,crmid:1851657277,4,3
e9233a6c-7dd9-11ea-ac97-b88a60e194fb,crmid:9838403588,5,6
e924247e-7dd9-11ea-9daf-b88a60e194fb,crmid:5667058838,6,3
e9255d3a-7dd9-11ea-be62-b88a60e194fb,crmid:9205701525,7,3
e9266fba-7dd9-11ea-85e2-b88a60e194fb,crmid:2801717004,4,4
e9277fd2-7dd9-11ea-a450-b88a60e194fb,crmid:4276032850,7,6
e928b9de-7dd9-11ea-b103-b88a60e194fb,crmid:7484911241,4,2
e92b29a6-7dd9-11ea-8a3c-b88a60e194fb,crmid:8790263313,3,3
e92d2548-7dd9-11ea-82e4-b88a60e194fb,crmid:2149704535,4,3
e92eabbe-7dd9-11ea-8aff-b88a60e194fb,crmid:4197072637,3,4
e931b90c-7dd9-11ea-b662-b88a60e194fb,crmid:3865486121,4,4
e932cbca-7dd9-11ea-b0da-b88a60e194fb,crmid:8717316062,4,4
e933dd5a-7dd9-11ea-a1ba-b88a60e194fb,crmid:5513315582,3,9
e934ee8c-7dd9-11ea-ad8e-b88a60e194fb,crmid:3762071974,5,5
e935fff9-7dd9-11ea-a9ff-b88a60e194fb,crmid:7104992561,4,6
e937388c-7dd9-11ea-8541-b88a60e194fb,crmid:4218074369,3,4
e93822f4-7dd9-11ea-9ddc-b88a60e194fb,crmid:8176330728,5,3
e9393300-7dd9-11ea-82a4-b88a60e194fb,crmid:4937919239,4,3
e93a6d0c-7dd9-11ea-9527-b88a60e194fb,crmid:6935231824,4,8
e93bf2a8-7dd9-11ea-b4d5-b88a60e194fb,crmid:4436317447,5,3
e93d51d2-7dd9-11ea-a58b-b88a60e194fb,crmid:6089500248,9,5
e93e6338-7dd9-11ea-afc2-b88a60e194fb,crmid:5480907573,4,6
e93f74ae-7dd9-11ea-a1bf-b88a60e194fb,crmid:8837709969,4,5
e9408626-7dd9-11ea-b9ae-b88a60e194fb,crmid:4669244066,5,6
e941beb4-7dd9-11ea-84d7-b88a60e194fb,crmid:7701767872,3,4
e942d006-7dd9-11ea-a8dd-b88a60e194fb,crmid:5247502102,4,6
e943e178-7dd9-11ea-bd0b-b88a60e194fb,crmid:2934333565,5,4
e944f2f4-7dd9-11ea-81c0-b88a60e194fb,crmid:5710520691,4,4
e9460454-7dd9-11ea-86d3-b88a60e194fb,crmid:5460247458,2,5
e94715c0-7dd9-11ea-8976-b88a60e194fb,crmid:7110448131,7,4
e9484e38-7dd9-11ea-9f97-b88a60e194fb,crmid:2874143368,3,8
e94a2302-7dd9-11ea-a0ae-b88a60e194fb,crmid:4523590821,3,4
e94b0de4-7dd9-11ea-a7d6-b88a60e194fb,crmid:8490779051,6,7
e94c6cda-7dd9-11ea-b839-b88a60e194fb,crmid:3747570596,4,8
e94dcc7e-7dd9-11ea-8bbe-b88a60e194fb,crmid:4125455854,3,5
e94f050c-7dd9-11ea-8346-b88a60e194fb,crmid:2264167766,6,5
e9503d74-7dd9-11ea-ad68-b88a60e194fb,crmid:4383449042,5,4
e95175fa-7dd9-11ea-807d-b88a60e194fb,crmid:4306705014,3,4
e952876e-7dd9-11ea-86ff-b88a60e194fb,crmid:7125971687,4,4
e953bfee-7dd9-11ea-98b2-b88a60e194fb,crmid:9854737766,5,4
e954d15c-7dd9-11ea-af93-b88a60e194fb,crmid:4208629025,5,7
e95630e8-7dd9-11ea-907a-b88a60e194fb,crmid:8617248600,4,2
e957696e-7dd9-11ea-ac2d-b88a60e194fb,crmid:8589491861,3,8
e958a1dc-7dd9-11ea-a999-b88a60e194fb,crmid:9183716253,3,2
e959b334-7dd9-11ea-852f-b88a60e194fb,crmid:9252022804,5,5
e95ac4b8-7dd9-11ea-a3d0-b88a60e194fb,crmid:8343792030,1,5
e95bd628-7dd9-11ea-a9ef-b88a60e194fb,crmid:2557443675,8,6
e95d35b8-7dd9-11ea-bfd2-b88a60e194fb,crmid:7911465893,3,3
e95e4726-7dd9-11ea-9b24-b88a60e194fb,crmid:5210950749,4,3
e95f3186-7dd9-11ea-abc3-b88a60e194fb,crmid:2396396946,9,3
e9606b66-7dd9-11ea-b3f4-b88a60e194fb,crmid:6621517217,4,4
e9617b5c-7dd9-11ea-9635-b88a60e194fb,crmid:5652532107,4,5
e962daec-7dd9-11ea-b835-b88a60e194fb,crmid:3560116341,4,4
e963c552-7dd9-11ea-a60c-b88a60e194fb,crmid:5823129581,3,3
e964d6ba-7dd9-11ea-ae30-b88a60e194fb,crmid:5966299289,4,9
e965e828-7dd9-11ea-b10a-b88a60e194fb,crmid:3828853160,5,2
e96720b4-7dd9-11ea-b763-b88a60e194fb,crmid:8181225284,9,2
e968321a-7dd9-11ea-838a-b88a60e194fb,crmid:9999613533,4,2
e9694388-7dd9-11ea-8efc-b88a60e194fb,crmid:5882829638,5,9
e96a54f6-7dd9-11ea-84b6-b88a60e194fb,crmid:3797237644,5,3
e96b6674-7dd9-11ea-9c7f-b88a60e194fb,crmid:8479103813,2,4
e96c77ec-7dd9-11ea-a6de-b88a60e194fb,crmid:4430573879,5,5
e96d8a9a-7dd9-11ea-ab0b-b88a60e194fb,crmid:3728965461,4,4
e96ec1e2-7dd9-11ea-83ad-b88a60e194fb,crmid:5885332073,4,4
e96fd4d8-7dd9-11ea-987e-b88a60e194fb,crmid:3986476233,4,5
e970bf7e-7dd9-11ea-8e36-b88a60e194fb,crmid:2365073789,5,3
e971d0d4-7dd9-11ea-b098-b88a60e194fb,crmid:7232373691,6,5
e972e1f6-7dd9-11ea-a73f-b88a60e194fb,crmid:7558761785,8,4
e973f39a-7dd9-11ea-9660-b88a60e194fb,crmid:4921479599,8,4
e97504da-7dd9-11ea-92ae-b88a60e194fb,crmid:4214957913,3,3
e975eee2-7dd9-11ea-8cd1-b88a60e194fb,crmid:2678655494,4,4
e97700fe-7dd9-11ea-af6e-b88a60e194fb,crmid:1285077879,4,4
e9785fc8-7dd9-11ea-872e-b88a60e194fb,crmid:6307713194,4,3
e979be76-7dd9-11ea-a57c-b88a60e194fb,crmid:6630209750,4,5
e97af6dc-7dd9-11ea-a6cd-b88a60e194fb,crmid:5129930931,2,3
e97c2f5e-7dd9-11ea-ba84-b88a60e194fb,crmid:9842436078,4,9
e97d67de-7dd9-11ea-ae6c-b88a60e194fb,crmid:5741889413,5,5
e97ea062-7dd9-11ea-a3c9-b88a60e194fb,crmid:4453167558,5,6
e97f8ac8-7dd9-11ea-80df-b88a60e194fb,crmid:1635451987,4,4
e980c3fa-7dd9-11ea-bb67-b88a60e194fb,crmid:9484383063,4,4
e981fbba-7dd9-11ea-a216-b88a60e194fb,crmid:7303437402,3,2
e9830d28-7dd9-11ea-8cd5-b88a60e194fb,crmid:4780402878,4,5
e9841e9c-7dd9-11ea-8f29-b88a60e194fb,crmid:3051182724,5,4
e985090a-7dd9-11ea-9ee2-b88a60e194fb,crmid:3293774554,5,4
e986b6a6-7dd9-11ea-85db-b88a60e194fb,crmid:3515679157,4,3
e987c958-7dd9-11ea-98e5-b88a60e194fb,crmid:9330078753,5,8
e988d97e-7dd9-11ea-8a82-b88a60e194fb,crmid:3285960775,2,7
e98a11fa-7dd9-11ea-a6b6-b88a60e194fb,crmid:3298352818,3,5
e98b4bec-7dd9-11ea-a3c6-b88a60e194fb,crmid:2271141780,3,4
e98c5be4-7dd9-11ea-8e64-b88a60e194fb,crmid:5877979954,3,3
e98d95b8-7dd9-11ea-976b-b88a60e194fb,crmid:7221109617,3,7
e98ef3fa-7dd9-11ea-9865-b88a60e194fb,crmid:9608764163,3,3
e990074c-7dd9-11ea-9da3-b88a60e194fb,crmid:2804526761,4,4
e9913f4a-7dd9-11ea-a7ba-b88a60e194fb,crmid:9574007243,5,4
e9929ede-7dd9-11ea-8d97-b88a60e194fb,crmid:2236305630,4,4
e993d76e-7dd9-11ea-93ca-b88a60e194fb,crmid:2201249514,3,4
e99536d4-7dd9-11ea-be0e-b88a60e194fb,crmid:9188748454,5,4
e9966e82-7dd9-11ea-b516-b88a60e194fb,crmid:5121631256,2,2
e997a686-7dd9-11ea-8eb3-b88a60e194fb,crmid:1750835996,4,4
e998b7fa-7dd9-11ea-bf7d-b88a60e194fb,crmid:1870946509,5,3
e999f080-7dd9-11ea-b1a3-b88a60e194fb,crmid:7765903929,4,5
e99b2a34-7dd9-11ea-a1b3-b88a60e194fb,crmid:4595666666,9,4
e99c3a5e-7dd9-11ea-bf54-b88a60e194fb,crmid:4089144624,7,6
e99d7422-7dd9-11ea-b83c-b88a60e194fb,crmid:3276438949,4,4
e99eaca6-7dd9-11ea-adf6-b88a60e194fb,crmid:2991284734,4,3
e9a00aec-7dd9-11ea-b7eb-b88a60e194fb,crmid:8759934167,3,4
e9a11dac-7dd9-11ea-ab67-b88a60e194fb,crmid:1761781252,5,9
e9a27cec-7dd9-11ea-9752-b88a60e194fb,crmid:7073296464,5,3
e9a38e58-7dd9-11ea-8930-b88a60e194fb,crmid:2339854001,3,3
e9a4c738-7dd9-11ea-8994-b88a60e194fb,crmid:8635880510,4,4
e9a6c1a8-7dd9-11ea-aacf-b88a60e194fb,crmid:9902309283,3,4
e9a7d462-7dd9-11ea-b3a3-b88a60e194fb,crmid:5573465860,5,3
e9a8e476-7dd9-11ea-87eb-b88a60e194fb,crmid:8273778946,5,5
e9a9f5fb-7dd9-11ea-b2ed-b88a60e194fb,crmid:7189153409,4,4
e9ab0778-7dd9-11ea-a30c-b88a60e194fb,crmid:8701719570,2,3
e9aed7d2-7dd9-11ea-a7c2-b88a60e194fb,crmid:7287639831,2,6
e9afea00-7dd9-11ea-920a-b88a60e194fb,crmid:6941506165,5,4
e9b121c2-7dd9-11ea-ab24-b88a60e194fb,crmid:9081998543,8,3
e9b23336-7dd9-11ea-a3f3-b88a60e194fb,crmid:1219417977,4,3
e9b344d2-7dd9-11ea-ba55-b88a60e194fb,crmid:1620972121,4,3
e9b42f0c-7dd9-11ea-a681-b88a60e194fb,crmid:9767049087,7,4
e9b5678c-7dd9-11ea-ba8d-b88a60e194fb,crmid:5462356546,5,6
e9b678f0-7dd9-11ea-a435-b88a60e194fb,crmid:6901098858,6,5
e9b78a64-7dd9-11ea-ae39-b88a60e194fb,crmid:8773782343,6,3
e9b89bd2-7dd9-11ea-ab17-b88a60e194fb,crmid:4917670875,4,4
e9b9ad40-7dd9-11ea-ada4-b88a60e194fb,crmid:5689405858,4,5
e9bb0cde-7dd9-11ea-8af3-b88a60e194fb,crmid:8850126288,6,5
e9bbf736-7dd9-11ea-b1d9-b88a60e194fb,crmid:6109320309,4,3
e9bd089f-7dd9-11ea-8474-b88a60e194fb,crmid:4213350461,3,6
e9be4128-7dd9-11ea-847a-b88a60e194fb,crmid:1494320628,2,5
e9bfa0c7-7dd9-11ea-845e-b88a60e194fb,crmid:1595106259,4,3
e9c10058-7dd9-11ea-91f7-b88a60e194fb,crmid:2732261165,3,4
