crmid,email,first_name,last_name,gender,mobile telephone,city,country,zip,state,street_address,birthday,genre
crmid:9501836880,resolutionist1845@yandex.com,Stanton,Jacobson,,589-060-1737,Gresham,United States,59574,Hawaii,92 Cassandra,1968-09-06,History
crmid:6925723769,aback1895@gmail.com,Sherril,Robbins,female,118-237-5901,Myrtle Beach,United States,17101,Delaware,971 Dashiell Hammett,1995-03-16,Fantasy
crmid:8941819072,chaka1912@outlook.com,Antwan,Morrison,male,594-716-1957,Berkeley,United States,05525,New York,363 Cunningham,1938-01-21,Fantasy
crmid:2909879355,ribbon1912@live.com,Zandra,Reynolds,female,386-085-6566,Shelby,United States,17892,Massachusetts,1304 Bengal,1954-09-24,History
crmid:8283579253,earring1835@yahoo.com,Bart,Johnson,male,419-288-3645,Auburn Hills,United States,02884,Illinois,1171 Galewood,1934-01-15,Family
crmid:1745955976,diets2034@yandex.com,Lamont,Conway,,889-200-8672,Schertz,United States,43366,Texas,132 San Benito,1985-04-11,Reality-TV
crmid:1925057469,starship1843@outlook.com,Marlon,Hardy,,279-255-4114,Santee,United States,42363,Rhode Island,174 Touchard,1988-09-09,Thriller
crmid:9257104797,boobies1940@gmail.com,Wallace,Beach,,476-912-7940,Woodburn,United States,43651,Louisiana,727 Saint Marys,1985-02-13,Action
crmid:2387343150,dorsocaudad1945@yandex.com,Rory,Huber,male,232-902-3452,Yuma,United States,89465,Maine,567 John Muir,1933-08-15,Fantasy
crmid:1446210239,adiana2059@yandex.com,Forest,Hunter,,346-271-2409,Hobart,United States,73217,South Dakota,1368 Middle West,1972-12-03,Fantasy
crmid:7637312617,greyhen2022@outlook.com,Gregory,Sykes,male,790-713-8490,Anaheim,United States,78259,Massachusetts,97 Chilton,1932-12-08,Reality-TV
crmid:6716152330,deflatable2005@live.com,Yoshie,Lloyd,female,700-378-3752,Chillicothe,United States,98554,Alabama,144 Ashbury,1947-11-27,Animation
crmid:1985973605,computer1981@yandex.com,Dot,Peterson,female,520-972-1452,Citrus Heights,United States,77835,Kentucky,918 Avoca,1947-12-05,Sport
crmid:4489461110,armour2068@yahoo.com,Woodrow,Weber,,846-878-4157,Ponca City,United States,88493,Virginia,1013 Marina,1990-06-13,Reality-TV
crmid:9541621360,calcine1831@outlook.com,Ashley,Justice,male,253-369-5540,Vero Beach,United States,60050,Ohio,1089 Lapidge,1932-11-02,Biography
crmid:9504661594,tattooage2029@live.com,Minna,Poole,female,962-549-8368,Edgewater,United States,34496,Louisiana,1204 Evelyn,1958-06-23,Fantasy
crmid:7559950067,absolute1951@outlook.com,Buena,Shields,female,830-395-2446,Dayton,United States,07728,Mississippi,809 Abbey,1953-01-27,Reality-TV
crmid:1265644164,pelican2047@outlook.com,Joseph,Walter,,633-843-9210,Longmont,United States,93037,Rhode Island,992 Adele,1984-10-12,Action
crmid:9769848744,quebrachos2051@outlook.com,Ronald,Johns,male,943-747-4497,Avenal,United States,94748,New Jersey,714 Byxbee,1935-08-15,Reality-TV
crmid:5402510561,notifying2061@gmail.com,Antoine,Brennan,,085-932-1616,Myrtle Beach,United States,49250,Florida,1342 Temescal,1995-07-23,Animation
crmid:1680819215,electrodes1986@gmail.com,Jackson,Simon,,610-437-2988,Hawthorne,United States,93297,North Dakota,1015 Detroit,1970-01-11,Mystery
crmid:1817320955,alumnal1953@yandex.com,Damon,Bridges,,476-658-4127,Sunrise,United States,40702,New Hampshire,273 Sabin,1987-03-02,Mystery
crmid:3930021696,charlotte1920@outlook.com,Anneliese,Britt,female,706-384-1898,Cocoa,United States,05271,Michigan,774 Le Conte,1949-01-04,Biography
crmid:9587671706,brewages1893@live.com,Phillip,Perkins,male,496-279-2987,Cape Girardeau,United States,49214,Michigan,541 Tacoma,1944-08-23,Thriller
crmid:8957084052,sheriff1829@live.com,Karyl,Crosby,female,277-421-9404,Elmwood Park,United States,24027,Wyoming,618 School,1959-05-07,Reality-TV
crmid:8718627736,saltboxes1904@outlook.com,Matt,Jones,,995-759-8314,San Marcos,United States,94435,South Dakota,336 Garrison,1992-03-15,Action
crmid:9778375108,heterotricha2026@yandex.com,Crista,Harrington,female,337-624-4539,Dearborn Heights,United States,61319,Wisconsin,661 Rockdale,1953-10-29,Animation
crmid:9150412409,compress1824@yahoo.com,Reyes,Charles,male,403-009-6464,Salt Lake City,United States,11160,California,803 Friendship,1945-08-06,Reality-TV
crmid:7349961342,adventurous1986@gmail.com,Jack,Ellis,,297-100-2928,Havelock,United States,25072,West Virginia,769 Nadell,1970-04-25,Thriller
crmid:5644670797,perivenous1945@gmail.com,Carl,Duffy,female,559-925-0601,Ridgewood,United States,18801,Ohio,1354 Knollview,1950-02-08,Action
crmid:3330566804,pachytene2039@outlook.com,Jere,Jackson,,238-479-2158,Johnson City,United States,73254,Indiana,1058 Holland,1975-06-13,Sport
crmid:5675128065,seaflood1811@gmail.com,Odell,Salazar,,074-885-3221,Machesney Park,United States,70409,North Carolina,1203 Athens,1985-12-04,Fantasy
crmid:6210580535,despot1979@gmail.com,Doug,Hawkins,male,046-208-4954,Arcadia,United States,16234,Nevada,1359 Rae,1933-03-13,Action
crmid:8378713654,latuka1918@outlook.com,Samuel,Reilly,female,338-819-2915,Elgin,United States,57823,Michigan,193 Filbert,1958-10-15,Account Cancelation
crmid:6559911564,byroad2034@gmail.com,Jerrell,Fox,,629-636-5261,Morgantown,United States,17278,Nevada,1295 Gonzalez,1993-02-10,News
crmid:7312398616,avgas1997@gmail.com,Armand,Leblanc,,102-161-0815,Hollywood,United States,00851,Missouri,313 Midway,1972-02-02,Family
crmid:4657930635,nonseparable1813@yandex.com,Greg,Bowen,,795-170-2330,Midwest City,United States,21210,Alabama,654 Post,1990-05-28,Biography
crmid:3587287735,bleeker2014@gmail.com,Dean,Aguilar,male,536-737-6934,Blaine,United States,19766,Maryland,856 Delaware,1939-03-01,Thriller
crmid:3875705029,cessna1971@yahoo.com,Wilton,Hart,male,961-849-6617,Riverton,United States,67533,New Hampshire,253 Mayflower,1945-10-13,Fantasy
crmid:3253128180,brack1882@outlook.com,Mozella,Sharp,female,556-260-3527,College Park,United States,38841,Oregon,1196 Shephard,1949-07-27,News
crmid:2967816306,snowmobile1897@outlook.com,Federico,Small,male,023-263-4257,Atlanta,United States,98765,Minnesota,512 Avalon,1934-04-27,Action
crmid:6065170517,booking1968@yahoo.com,Retta,Banks,female,428-053-7803,Coronado,United States,43731,Kentucky,209 Lane,1951-07-02,Mystery
crmid:6546788570,nonrefutation1981@yahoo.com,Josue,David,,208-036-1624,Frederick,United States,57537,Mississippi,725 Macarthur,1964-09-13,History
crmid:2440221306,arithmogram1818@yandex.com,Chuck,Cantrell,,040-088-6566,Scarsdale,United States,43671,Texas,734 Bannan,1984-08-11,Action
crmid:3046888581,arlin1936@yandex.com,Nicolasa,Floyd,female,546-238-4314,Cocoa,United States,72856,Louisiana,855 Waverly,1949-12-13,Comedy
crmid:9153836382,basenji1981@live.com,Carroll,Daniel,,122-737-9671,Prescott Valley,United States,34009,New Jersey,768 Mojave,1976-08-29,Reality-TV
crmid:3023796441,arethusa1845@yandex.com,Benny,Roberson,,317-936-5957,Troy,United States,45690,Wisconsin,184 Elm,1985-10-17,History
crmid:4027417873,mediums2030@yahoo.com,Dennis,Hickman,,997-682-2260,Rolla,United States,34124,Nevada,271 Pinto,1971-05-15,Action
crmid:6196643766,rhoding1872@outlook.com,Rod,Hatfield,,811-973-6905,Naperville,United States,45935,Nebraska,289 Willard,1995-08-05,Sport
crmid:1917905155,rebend1828@live.com,Glynda,Dunn,female,076-630-5531,Pelham,United States,62254,Wyoming,760 Owen,1958-03-09,Fantasy
crmid:4069339987,punproof2039@outlook.com,Tamatha,Stanton,female,967-073-3327,Chicago Heights,United States,45778,New Jersey,475 Hawes,1947-08-28,Fantasy
crmid:5410369617,yaird1875@gmail.com,Joey,Lyons,male,559-009-5099,Bryan,United States,95010,Ohio,10 Gladiolus,1942-05-18,Sport
crmid:9576484307,arcane2043@gmail.com,Wilson,Grimes,male,187-085-6723,Cape Girardeau,United States,87590,Virginia,756 Seymour,1944-10-25,Action
crmid:6214578653,unconflicting1840@yandex.com,Kristle,Weber,female,259-948-7131,North Canton,United States,99970,Minnesota,474 Wheeler,1998-03-30,Sport
crmid:9821347711,scaldweed1921@gmail.com,Alva,Clements,,222-988-9237,Highland Village,United States,42901,Kansas,464 Joice,1971-08-23,Comedy
crmid:9275930842,frettation1871@yandex.com,Cecil,Coleman,male,973-742-1807,Bossier City,United States,09188,New Jersey,768 Clinton,1940-02-06,Drama
crmid:2735360301,imbrices1832@outlook.com,Denver,Boyle,,606-311-5459,Hot Springs,United States,84208,Rhode Island,1378 Boylston,1973-09-16,Biography
crmid:1097668354,controversal1817@live.com,Barrett,Roberts,,460-040-1729,Sandusky,United States,48536,Texas,895 Bayside Village,1986-11-27,Sport
crmid:9900817058,shortcake1814@outlook.com,Thurman,Owen,,592-006-6840,Grayslake,United States,90989,Utah,59 Surrey,1968-01-26,History
crmid:4037225432,untended2047@outlook.com,Deeann,Winters,female,863-142-3764,Vincennes,United States,19748,South Dakota,616 Valencia,1947-02-18,Thriller
crmid:1652347350,pasha2023@outlook.com,Matthew,Snider,,780-175-9348,Klamath Falls,United States,25876,Indiana,27 Vermont,1978-05-14,Action
crmid:4357509223,silhouette1893@yandex.com,Taylor,Henson,,167-731-8899,Leesburg,United States,47472,Tennessee,238 Noe,1982-08-16,Action
crmid:2302448699,areopagite1982@outlook.com,Eddie,Burch,male,189-764-4606,Burnsville,United States,17683,Wisconsin,827 Forest Hill,1943-03-04,News
crmid:3478466883,eyeball1950@live.com,Leslie,Boyd,,287-178-4001,Forest Park,United States,71342,Kansas,218 Stanyan,1962-02-05,Thriller
crmid:2989234668,stodger1909@gmail.com,Brendan,Allison,male,300-796-1268,North Ridgeville,United States,75072,Kansas,306 Mullen,1999-02-20,Fantasy
crmid:8789079069,reopen1842@outlook.com,Warner,Lambert,,353-787-9088,South Elgin,United States,45551,Tennessee,170 Vassar,1981-04-17,Account Cancelation
crmid:9319788749,acoustic1965@outlook.com,Elbert,Finch,male,606-843-4014,Bell,United States,16998,Pennsylvania,175 Mojave,1937-03-09,Action
crmid:4248902449,leve2012@outlook.com,Arnold,Fry,,932-794-8970,Modesto,United States,28836,Arizona,1158 Locust,1992-04-26,History
crmid:4038698344,mankilling1839@outlook.com,William,Wagner,,182-737-3393,Winter Park,United States,63673,Maine,393 Caire,1974-10-17,Reality-TV
crmid:9616739847,hyalinization1859@gmail.com,Casey,Blankenship,male,997-571-0969,Azusa,United States,00061,Montana,1184 Jack Kerouac,1935-02-03,News
crmid:2639873341,arsenium1824@yahoo.com,Emmie,Graves,female,655-060-3214,Waynesboro,United States,13275,New Hampshire,1135 Anthony,1951-03-12,Action
crmid:7593858575,spectators1975@yandex.com,Robena,Patrick,female,738-867-1616,Chaska,United States,49624,Texas,238 Lomita,1946-07-23,Comedy
crmid:2543154190,afrikaans1936@yahoo.com,Kimberlie,Snow,female,609-898-7683,East Peoria,United States,26372,Wyoming,1318 Aerial,1957-05-27,Action
crmid:8485106256,benares1957@live.com,Wesley,Parrish,,742-638-7558,Tiffin,United States,24567,Nevada,630 Meade,1967-10-14,Reality-TV
crmid:9214228890,intersprinkled2063@yahoo.com,Emelina,Stanton,female,905-988-0979,Southgate,United States,18767,Indiana,826 Sunview,1950-03-28,Biography
crmid:2173243392,mate2053@yandex.com,Ali,Olson,,066-100-2193,Haltom City,United States,14014,Arizona,1267 Bitting,1969-03-30,Sport
crmid:9277767143,aberrant1829@gmail.com,Vern,Vazquez,male,890-085-3238,Skokie,United States,09568,Colorado,602 Castenada,1942-09-29,News
crmid:3724874033,anthracnose1935@yandex.com,Wilbert,Hyde,,635-101-4770,Herriman,United States,07591,Kentucky,1234 Norton,1971-02-03,News
crmid:2557053252,portrayal2029@outlook.com,Roseline,Padilla,female,672-843-0489,Chickasha,United States,45467,Louisiana,511 Aloha,1947-07-22,Reality-TV
crmid:7709364880,numbat1960@outlook.com,Ricky,Frye,,869-291-8919,Minneapolis,United States,62495,Arkansas,388 Lulu,1991-12-09,Westerns
crmid:6671307167,cosine1924@yahoo.com,Ha,Moore,female,338-090-2215,East Cleveland,United States,13683,Massachusetts,1278 Clyde,1957-04-20,Drama
crmid:7949291428,autogiro2023@yahoo.com,Mason,Hampton,male,111-191-4920,Annapolis,United States,87339,New Jersey,244 Ellington,1933-07-12,Fantasy
crmid:4476559671,cumulate1911@gmail.com,Lou,Calhoun,,146-227-5342,Medina,United States,59939,Florida,448 Cambridge,1989-09-04,History
crmid:9093070348,congruism1951@yahoo.com,Dalila,Zimmerman,female,782-249-8580,Coronado,United States,13278,Maine,563 Bellevue,1951-02-11,Thriller
crmid:9014056619,cuarenta1939@gmail.com,Lamar,Bradford,male,776-502-8476,Algonquin,United States,30227,West Virginia,1220 Bartlett,1931-06-03,Reality-TV
crmid:3339198566,bepimpling1826@yandex.com,Burton,Miller,,111-243-7759,Mequon,United States,33620,Connecticut,274 Dr Carlton B Goodlett,1989-06-16,News
crmid:9165673450,hemicentrum1970@live.com,Dylan,Vance,,790-336-6471,New Hope,United States,68318,Nevada,682 Paper,1996-10-30,Reality-TV
crmid:7511670457,blueberries1871@outlook.com,Nicholas,Lambert,male,876-142-9411,Sylvania,United States,05181,Pennsylvania,272 Fontinella,1933-07-17,News
crmid:9065982771,contrary2018@outlook.com,Sandy,Banks,,028-629-2114,Houma,United States,69305,Nevada,119 Beulah,1973-10-11,News
crmid:8947879719,allan1859@yahoo.com,Barry,Beasley,,911-470-6586,Muscatine,United States,88406,Delaware,774 Crespi,1994-08-27,News
crmid:4161671465,glassware1969@gmail.com,Adan,Porter,,064-083-8018,Mesquite,United States,51074,Michigan,124 Manor,1990-10-11,Animation
crmid:8203709285,downcome1888@live.com,Devin,Kelley,male,055-293-0593,Alexandria,United States,71491,Arkansas,919 Villa,1931-03-16,Thriller
crmid:3149526973,scalet1875@yahoo.com,Bruna,Hinton,female,768-807-1587,University City,United States,70317,South Dakota,65 Badger,1952-01-14,Reality-TV
crmid:1112316003,atlanta2014@live.com,Issac,Tran,,607-762-6917,Maryville,United States,17886,Delaware,196 Giants,1987-03-21,History
crmid:7162720430,pamperers1925@outlook.com,Terresa,Bentley,female,184-104-5540,South El Monte,United States,65569,North Carolina,1298 Hiliritas,1951-10-28,Sport
crmid:1707699090,dullhead1899@outlook.com,Floyd,Thompson,,670-829-6553,Lakeland,United States,74883,Illinois,1046 De Long,1980-04-15,Drama
crmid:9788057859,athelia1855@gmail.com,Shaun,Slater,,081-553-1405,Galt,United States,26698,Virginia,408 Colby,1965-05-26,Reality-TV
crmid:1399459349,coast1869@yandex.com,Lauran,Goodwin,female,333-568-8758,Tullahoma,United States,18388,Florida,792 Belle,1951-05-12,Fantasy
crmid:7691513501,calculous1808@yahoo.com,Bryant,Rutledge,,212-293-7074,Montebello,United States,32724,Virginia,409 La Grande,1992-07-09,Biography
crmid:8491443287,boomerang1985@yandex.com,Khadijah,Rivas,female,588-692-6079,Edina,United States,97063,New Jersey,20 Woodward,1958-05-25,Reality-TV
crmid:4815794816,blasted1847@gmail.com,Louie,Atkins,,591-746-7492,Gladstone,United States,72387,Alabama,337 Westgate,1966-12-12,Thriller
crmid:8892478415,nibble1966@yandex.com,Merrill,Schultz,,575-938-6370,Statesville,United States,64237,New Mexico,1347 Mansell,1988-02-08,Family
crmid:5489877113,asbestosis1980@outlook.com,Flavia,Lawrence,female,125-773-3208,Perrysburg,United States,25959,New York,436 Esmeralda,1959-03-17,Biography
crmid:8424808754,sanded1900@live.com,Kali,Bates,female,591-526-5410,Dyersburg,United States,24015,Massachusetts,1127 Dewey,1956-04-02,Fantasy
crmid:1854046185,dhoul2027@outlook.com,Rhett,Castro,,443-583-6404,Lancaster,United States,74618,New Hampshire,998 Whitney,1980-12-26,Sport
crmid:8076052193,amalgamation2021@live.com,Eugene,Phelps,female,768-712-1097,Euclid,United States,14863,Idaho,281 Victoria,1960-03-23,News
crmid:5176588608,cousins1809@live.com,Hilario,Hester,,961-818-3029,Minot,United States,25827,Hawaii,506 Arbol,1991-05-21,Horror
crmid:2607634161,invite1897@yahoo.com,Rashad,Wood,,819-386-0303,Mankato,United States,77029,West Virginia,1310 Flounder,1986-12-17,Mystery
crmid:1969608244,anasazi2012@gmail.com,Kanesha,Richardson,female,254-377-7754,Deerfield Beach,United States,97094,Maine,1176 Maple,1954-04-24,Action
crmid:3986713497,outspanning1975@live.com,Ralph,Puckett,,866-540-9109,Ypsilanti,United States,44993,New Jersey,1279 Rey,1988-12-14,Drama
crmid:4159404566,bengalic2047@live.com,Leisha,Kidd,female,648-400-2445,North Chicago,United States,52358,New Mexico,879 Martin Luther King Jr,1998-10-07,Mystery
crmid:4509627226,medical2054@outlook.com,Keith,Davidson,female,478-116-4437,Fairfield,United States,25447,Wyoming,272 Dublin,1961-05-08,Biography
crmid:9428842204,appointment1883@live.com,Skye,Hayden,female,290-191-0585,Westbrook,United States,13412,Colorado,919 Brewster,1948-08-13,Animation
crmid:5761267954,undistant1832@outlook.com,Roland,Kaufman,,829-106-9510,South Bend,United States,47804,Washington,1393 Brannan,1983-05-27,News
crmid:1873299705,nonslipping1979@live.com,Rodger,Bender,,761-654-9177,Mooresville,United States,26063,Wisconsin,1268 Hazelwood,1993-05-15,Reality-TV
crmid:4158466545,malgrado1868@gmail.com,Antonietta,Mcmahon,female,642-847-7632,Downers Grove,United States,65113,North Dakota,263 Sears,1955-11-01,Fantasy
crmid:1929033449,misunderstandable1845@outlook.com,Noble,Vargas,,688-946-5203,Montrose,United States,97616,Nevada,184 Lancaster,1992-12-23,Comedy
crmid:1045970532,griffin2032@yandex.com,Angel,Martinez,,751-734-4312,Moline,United States,98975,Louisiana,462 Sadowa,1992-07-29,Horror
crmid:2679506866,criminol1954@outlook.com,Robt,Meadows,,614-655-3161,Plainview,United States,43458,South Carolina,1233 Levant,1987-06-01,Sport
crmid:6492200810,enormously1846@live.com,Edris,Cochran,female,908-469-1401,Fairview Heights,United States,14090,Nebraska,806 Emerson,1961-03-06,News
crmid:3740702925,chisolm1807@yandex.com,Jarred,Campbell,,203-721-3150,High Point,United States,75361,Idaho,32 Joy,1971-04-19,Thriller
crmid:5189944895,cantoral1861@gmail.com,Kurtis,Knapp,,740-385-9124,Loves Park,United States,05490,Delaware,373 Selby,1984-02-06,News
crmid:6729216516,simoom1988@live.com,Janeth,Gregory,female,839-678-5302,Euless,United States,86246,Ohio,754 Walter U Lum,1960-10-25,Sport
crmid:4926525819,anticyclone1955@yandex.com,Larhonda,Melendez,female,742-966-9516,Portage,United States,15170,Rhode Island,413 Glover,1953-05-20,Animation
crmid:6290362549,exhibits1880@outlook.com,Rolf,Weaver,,194-260-4693,Milwaukee,United States,75596,South Dakota,1037 Sonora,1991-12-29,Westerns
crmid:6740599299,aldus1928@yandex.com,Karleen,Harper,female,487-305-3026,Yucaipa,United States,52124,Louisiana,658 Watt,1955-04-13,Biography
crmid:6319797990,birretta2040@yandex.com,Jessie,Grimes,male,525-065-8435,Blythe,United States,32452,North Carolina,124 Belles,1940-05-12,Animation
crmid:4414952130,ranchlike1845@yahoo.com,Nga,Hendrix,female,632-268-9621,Davis,United States,93297,Wyoming,629 Majestic,1953-07-13,History
crmid:3748180311,wren2009@yandex.com,Branden,Neal,,565-821-0403,McKinney,United States,15676,Indiana,893 Piedmont,1988-03-23,Fantasy
crmid:1473286795,guineapig2021@gmail.com,Domenic,Harrison,male,529-685-8158,Noblesville,United States,90108,Ohio,1011 Regent,1997-01-30,Comedy
crmid:3539549813,segment2049@yahoo.com,Keturah,Henry,female,187-511-3634,Rockville,United States,89149,Idaho,571 South Park,1947-05-13,Action
crmid:3482613687,dragnet1852@yandex.com,Roselle,Greene,female,942-765-3160,Evansville,United States,41826,Kansas,1320 Gough,1960-07-12,News
crmid:6688128724,completers2037@yandex.com,Shelby,Daniel,male,201-074-9143,Bay City,United States,92541,Kansas,1158 Cargo,1936-09-07,Fantasy
crmid:9622840928,bossa1937@gmail.com,Stan,Baker,,025-255-5283,Natchitoches,United States,35435,Alabama,1198 Maxwell,1995-05-28,Thriller
crmid:1771119560,drane1907@live.com,Lieselotte,Sherman,female,188-371-2355,Eustis,United States,63466,Massachusetts,649 Paraiso,1960-11-30,Sport
crmid:4863611459,neurin1988@live.com,Emilio,Rosales,male,402-708-5762,Beckley,United States,13371,Kentucky,706 Anzavista,1937-03-25,Thriller
crmid:8159173790,headwaiter1939@live.com,Jerome,Lindsay,male,789-151-3772,Agoura Hills,United States,24627,North Dakota,498 Corwin,1930-05-17,Biography
crmid:1589872390,vanished1923@yahoo.com,Jewell,Howell,,886-889-7910,Glendale,United States,76873,Kentucky,199 Hernandez,1966-12-17,Sport
crmid:1903469628,biogen1832@gmail.com,Michael,Mayo,,820-091-2114,North Charleston,United States,33419,California,38 Ironwood,1998-07-16,Fantasy
crmid:7419842969,parrot1923@live.com,Rafael,Pugh,male,251-347-2076,New Britain,United States,70797,New Hampshire,1372 Wood,1996-01-15,Horror
crmid:4851160244,finalized2045@yandex.com,Rayford,Carver,male,075-991-8663,Athens,United States,94290,Illinois,358 Auto,1934-08-05,Fantasy
crmid:6960508853,avgas2067@outlook.com,Sylvester,Pacheco,,933-666-1492,Homestead,United States,64616,Illinois,445 Troy,1973-11-17,News
crmid:2588575367,travertine2039@yahoo.com,Yuonne,Eaton,female,558-777-3895,Deerfield,United States,52455,Arizona,564 Devonshire,1954-09-09,Action
crmid:4701708835,vmintegral1886@gmail.com,Jon,Whitehead,,169-912-0687,Hackensack,United States,94692,Hawaii,29 Exeter,1969-05-15,Reality-TV
crmid:9602947819,randir1838@gmail.com,Merle,Spence,,170-034-4238,Hot Springs,United States,13803,Massachusetts,155 Dorado,1973-04-17,Reality-TV
crmid:2400937411,netlike2005@gmail.com,Emil,Watts,,659-264-2195,Fort Collins,United States,52181,Texas,956 Waterloo,1963-09-07,Reality-TV
crmid:8714735969,bobby1813@outlook.com,Jay,Bright,,101-067-7915,Machesney Park,United States,60606,North Dakota,181 Attridge,1985-11-03,Reality-TV
crmid:6981998485,brydges2004@yandex.com,Marion,Brennan,,062-330-2337,Lakeland,United States,36331,Montana,166 Vara,1980-07-25,Reality-TV
crmid:4421626269,unsolicited1924@gmail.com,Cornelius,Tucker,,045-225-6858,Laconia,United States,30980,Kansas,188 Del Vale,1979-06-29,History
crmid:8739702452,capturer1889@live.com,Judson,Jensen,,834-077-4816,Forest Lake,United States,13496,Alabama,705 Galindo,1962-02-15,Reality-TV
crmid:7489831748,aglaos2034@yahoo.com,Peter,Spence,,569-995-8029,Hinsdale,United States,82488,Minnesota,937 Transbay Loop,1972-01-09,Drama
crmid:7952728890,burps2003@yandex.com,Leo,Buckley,,771-055-7590,Shreveport,United States,62203,Illinois,814 Lundys,1966-05-08,Sport
crmid:6538871674,bedding1920@live.com,Leif,Owens,,407-972-1029,Sparks,United States,31667,Oregon,120 Santa Clara,1972-02-01,Mystery
crmid:1607725136,cockeyed1947@gmail.com,Darius,Velazquez,male,097-538-4748,Centerville,United States,10209,Oklahoma,746 Roscoe,1945-03-29,Fantasy
crmid:1611270971,hawk1866@live.com,Hsiu,Craig,female,427-777-2744,Edmond,United States,62173,Connecticut,436 Schwerin,1958-11-07,Action
crmid:2398982833,partridge2029@live.com,Larhonda,Melton,female,831-675-1827,Ocean Springs,United States,16948,Maryland,344 Windsor Mill,1952-05-20,Animation
crmid:5388326853,hoc2069@live.com,Alec,Boone,,415-349-7537,Southlake,United States,49906,Nebraska,208 Normandie,1981-01-31,Fantasy
crmid:2356264604,diffraction2046@outlook.com,Obdulia,Strickland,female,758-576-6956,Rocky River,United States,18943,Florida,1132 Trenton,1952-07-28,Family
crmid:1983745546,briolettes2010@live.com,Royce,Talley,male,020-382-2479,Ballwin,United States,48374,Texas,437 Anza,1935-08-28,Horror
crmid:8856142299,fenbank1889@gmail.com,Erick,Dillard,male,489-870-6565,Woodburn,United States,02516,North Carolina,309 Fredson,1942-04-08,Reality-TV
crmid:6030245714,quadridigitate1988@live.com,Emiko,Humphrey,female,776-626-1333,Columbus,United States,94437,Wisconsin,588 Canby,1949-03-15,Fantasy
crmid:2423921063,unsurrealistic2016@yandex.com,Zachery,Trujillo,,803-558-3232,Royal Palm Beach,United States,73051,Nevada,55 Edna,1967-07-28,Animation
crmid:7571239175,suppleness2000@gmail.com,Gustavo,Richmond,,048-656-7645,Onalaska,United States,35197,Wisconsin,967 Avenue D,1968-11-18,History
crmid:8318170497,offside1823@yandex.com,Jeffrey,Mcgowan,,449-836-5175,Roseburg,United States,36957,Pennsylvania,887 Elm,1975-11-16,Thriller
crmid:9086379601,swankiness1832@gmail.com,Jacquelyne,Mcdaniel,female,957-057-3629,Schaumburg,United States,16520,Texas,1140 Amherst,1951-11-07,News
crmid:9199680526,aglaos1971@live.com,Darryl,Coffey,male,783-320-5021,Nixa,United States,01437,Louisiana,678 Onondaga,1997-01-26,Family
crmid:1063714456,brassard1862@gmail.com,Justin,Emerson,male,645-156-6628,Muskegon,United States,02786,Wisconsin,669 Cortland,1994-02-11,Biography
crmid:4812304875,ceramics1931@yahoo.com,Clair,Greer,,051-739-6395,Pampa,United States,25306,Maryland,526 Wiese,1962-09-05,Sport
crmid:4957051460,gull1829@yandex.com,Bobbie,Harper,,660-156-3711,Placentia,United States,35931,Virginia,88 Blatchford,1980-08-18,Fantasy
crmid:7727649281,willowweed1967@yandex.com,Dominic,Haney,,822-690-0928,Searcy,United States,65641,Hawaii,1193 Clarkson,1972-10-11,News
crmid:5875661823,adventurous1926@yandex.com,Kellye,Mccormick,female,216-152-8946,Everett,United States,21221,Vermont,209 Florida,1960-05-19,Animation
crmid:2943108141,subgalea1931@live.com,Angel,Sanford,male,058-750-1116,Alexandria,United States,06967,Ohio,1123 Levant,1931-01-26,News
crmid:3028810530,brune1981@yandex.com,Olin,Mcleod,male,697-924-8001,Winter Springs,United States,78049,West Virginia,45 Gatun,1997-11-01,Biography
crmid:5079620218,caxton1973@live.com,Blaine,Blair,,654-230-5616,Mission,United States,51103,Washington,1231 Mckinley,1991-09-20,Action
crmid:1254801805,eskimo1909@outlook.com,Charlie,Goff,,604-123-3308,North Miami Beach,United States,50130,Indiana,59 Cascade,1998-09-14,Drama
crmid:7225428290,paucity1884@gmail.com,Yuette,Sharp,female,677-658-1156,East Lansing,United States,50600,Wisconsin,1306 Bergen,1957-09-27,Drama
crmid:9885755933,agnoite1800@gmail.com,Donnell,Livingston,,209-031-6583,Hagerstown,United States,03100,Kansas,1354 Bayside,1969-02-09,Reality-TV
crmid:4203253371,faultlessly2000@yahoo.com,Arron,Everett,,161-376-2999,Post Falls,United States,55920,Michigan,1056 Otega,1975-09-12,News
crmid:1509123341,unacted2032@live.com,Damion,Mullins,male,020-962-8900,Soledad,United States,87867,New Jersey,47 Brookhaven,1941-12-20,Mystery
crmid:9761500079,bombay2051@gmail.com,Adolph,Dudley,male,511-187-5039,Pontiac,United States,87004,North Carolina,341 Edie,1940-01-08,Action
crmid:1234479369,girlies1932@yandex.com,Brant,Gilmore,male,132-412-3901,Abilene,United States,02213,Kentucky,603 Silverview,1930-01-11,History
crmid:9348503027,assuming1916@yahoo.com,Jaimee,Strong,female,815-988-8863,Clifton,United States,69229,Vermont,542 Coleman,1948-11-07,News
crmid:3465193443,cajuputs1976@live.com,Larita,Rosario,female,531-006-4979,Taylorsville,United States,57172,Washington,1214 Merritt,1955-05-25,Sport
crmid:5687282967,pantomime1805@yandex.com,Chase,Keith,,555-256-7491,Kingsville,United States,70010,North Dakota,1189 Sutter,1978-02-03,Reality-TV
crmid:6714675006,ambsace1918@yahoo.com,Benjamin,Boyer,,578-809-3415,Manassas,United States,27070,Maine,476 Cottonwood,1986-05-25,News
crmid:3056716390,dominate1864@live.com,Meri,Bradshaw,female,142-765-6081,Wadsworth,United States,13311,New Hampshire,1012 Isadora Duncan,1948-12-12,Comedy
crmid:1421219027,repressionary2034@outlook.com,Fredricka,Robbins,female,568-562-9883,Cutler Bay,United States,18422,Wisconsin,724 Wanda,1952-03-25,Action
crmid:7557342978,financiers1875@yahoo.com,Sima,Leon,female,954-459-5911,Oak Creek,United States,59154,Nebraska,1033 Salinas,1955-08-17,Thriller
crmid:7155559633,blizz2045@yahoo.com,Jeffry,Carver,male,032-780-6941,West St. Paul,United States,88194,West Virginia,518 Sheldon,1942-05-05,Animation
crmid:2877352101,shares2032@outlook.com,Alphonso,Lester,,893-055-0455,Greenwood,United States,41077,Tennessee,932 Turner,1968-08-16,Biography
crmid:1244192624,arock1962@outlook.com,Carter,Simmons,male,767-512-2505,Carpentersville,United States,05937,Rhode Island,1199 Las Villas,1944-02-27,Fantasy
crmid:4060221298,cow1928@outlook.com,Deshawn,Mcgee,,461-221-3336,Rancho Cordova,United States,20958,West Virginia,1003 Hotaling,1963-03-01,Fantasy
crmid:7160548156,cherlyn2011@outlook.com,Lorina,Collins,female,143-439-4773,Stamford,United States,93748,Hawaii,919 Leroy,1947-06-06,Animation
crmid:9161656018,arcanist2053@yandex.com,Palmer,Boyd,male,468-348-3013,Ashland,United States,42446,Nevada,925 Mahan,1934-08-03,Horror
crmid:7060049084,optoelectronic1817@yandex.com,Jerry,Schultz,,155-037-5762,Tempe,United States,47924,Maryland,350 Dore,1986-12-26,Comedy
crmid:3685800483,lunchroom1991@outlook.com,Dana,Lester,,222-604-8296,Painesville,United States,78428,North Dakota,818 Wyton,1984-12-08,Fantasy
crmid:3403619152,smokers1958@yahoo.com,Leon,Hooper,,553-953-1626,Meridian,United States,87614,Arkansas,1048 Long Bridge,1989-10-24,Action
crmid:8241149149,vertep1865@yahoo.com,Noble,Stuart,,336-871-8379,Gary,United States,26969,Maryland,1151 Woodland,1965-05-11,History
crmid:9541187573,periappendicitis1972@yahoo.com,Dewayne,Phillips,,555-898-2164,Montrose,United States,81791,Kentucky,689 Friedell,1992-03-29,Animation
crmid:8426418890,overjoyed1850@yahoo.com,Ivan,Alston,,527-064-9224,West Palm Beach,United States,97537,West Virginia,26 Judah,1962-10-29,Sport
