{"_id": "orderid:517173", "timestamp": "2020-02-04T01:03:33.000Z", "eventType": "transaction", "_adobeamericaspot3": {"CRMID": "crmid:5754489585", "orderDetails": {"orderID": "orderid:517173", "reservationid": "CMD-SIXR", "orderType": "call center", "hotelSKU": "prd1178", "hotelCheckInUnix": "1582419813", "hotelCheckOutUnix": "1582851813", "hotelCheckInTS": "2020-02-23T01:03:33+00:00", "hotelCheckOutTS": "2020-02-28T01:03:33+00:00", "hotelChain": "Blue Reef Resort", "hotelName": "Blue Reef Resort: Colorado Springs", "hotelLocation": "Colorado Springs", "hotelRoomType": "standard", "hotelRoomCount": "1", "hotelGuestAdultCount": "1", "hotelGuestChildCount": "0", "hotelNightCount": "5", "hotelRoomPrice": "168.32", "hotelFinalPrice": "841.6"}}}
{"_id": "orderid:427456", "timestamp": "2020-01-09T10:05:31.000Z", "eventType": "transaction", "_adobeamericaspot3": {"CRMID": "crmid:2752671546", "orderDetails": {"orderID": "orderid:427456", "reservationid": "DJJ-2YQC", "orderType": "mobile", "hotelSKU": "prd1001", "hotelCheckInUnix": "1579773931", "hotelCheckOutUnix": "1580551531", "hotelCheckInTS": "2020-01-23T10:05:31+00:00", "hotelCheckOutTS": "2020-02-01T10:05:31+00:00", "hotelChain": "Grandeur Hotels", "hotelName": "Grandeur Hotels: New York", "hotelLocation": "New York", "hotelRoomType": "standard", "hotelRoomCount": "1", "hotelGuestAdultCount": "1", "hotelGuestChildCount": "0", "hotelNightCount": "9", "hotelRoomPrice": "64.78", "hotelFinalPrice": "583.02"}}}
{"_id": "orderid:646578", "timestamp": "2019-12-18T22:35:55.000Z", "eventType": "transaction", "_adobeamericaspot3": {"CRMID": "crmid:8129635970", "orderDetails": {"orderID": "orderid:646578", "reservationid": "I8E-GRCJ", "orderType": "website", "hotelSKU": "prd1129", "hotelCheckInUnix": "1576794955", "hotelCheckOutUnix": "1577140555", "hotelCheckInTS": "2019-12-19T22:35:55+00:00", "hotelCheckOutTS": "2019-12-23T22:35:55+00:00", "hotelChain": "Admiralty Plaza", "hotelName": "Admiralty Plaza: Helsinki", "hotelLocation": "Helsinki", "hotelRoomType": "standard", "hotelRoomCount": "1", "hotelGuestAdultCount": "1", "hotelGuestChildCount": "0", "hotelNightCount": "4", "hotelRoomPrice": "108.3", "hotelFinalPrice": "433.2"}}}
{"_id": "orderid:227969", "timestamp": "2019-12-05T09:52:00.000Z", "eventType": "transaction", "_adobeamericaspot3": {"CRMID": "crmid:5397568236", "orderDetails": {"orderID": "orderid:227969", "reservationid": "1FI-OQLA", "orderType": "website", "hotelSKU": "prd1166", "hotelCheckInUnix": "1577613120", "hotelCheckOutUnix": "1578217920", "hotelCheckInTS": "2019-12-29T09:52:00+00:00", "hotelCheckOutTS": "2020-01-05T09:52:00+00:00", "hotelChain": "Blue Reef Resort", "hotelName": "Blue Reef Resort: Baltimore", "hotelLocation": "Baltimore", "hotelRoomType": "standard", "hotelRoomCount": "1", "hotelGuestAdultCount": "1", "hotelGuestChildCount": "2", "hotelNightCount": "7", "hotelRoomPrice": "132.53", "hotelFinalPrice": "927.71"}}}
{"_id": "orderid:782304", "timestamp": "2020-02-09T09:07:08.000Z", "eventType": "transaction", "_adobeamericaspot3": {"CRMID": "crmid:8086186356", "orderDetails": {"orderID": "orderid:782304", "reservationid": "E0N-J2JF", "orderType": "kiosk", "hotelSKU": "prd1177", "hotelCheckInUnix": "1583399228", "hotelCheckOutUnix": "1584436028", "hotelCheckInTS": "2020-03-05T09:07:08+00:00", "hotelCheckOutTS": "2020-03-17T09:07:08+00:00", "hotelChain": "Admiralty Plaza", "hotelName": "Admiralty Plaza: Raleigh", "hotelLocation": "Raleigh", "hotelRoomType": "standard", "hotelRoomCount": "1", "hotelGuestAdultCount": "1", "hotelGuestChildCount": "0", "hotelNightCount": "12", "hotelRoomPrice": "114.75", "hotelFinalPrice": "1377.0"}}}
{"_id": "orderid:753277", "timestamp": "2019-12-12T05:51:24.000Z", "eventType": "transaction", "_adobeamericaspot3": {"CRMID": "crmid:3779980399", "orderDetails": {"orderID": "orderid:753277", "reservationid": "K2G-YFWP", "orderType": "kiosk", "hotelSKU": "prd1076", "hotelCheckInUnix": "1577425884", "hotelCheckOutUnix": "1578117084", "hotelCheckInTS": "2019-12-27T05:51:24+00:00", "hotelCheckOutTS": "2020-01-04T05:51:24+00:00", "hotelChain": "Aspen Heights", "hotelName": "Aspen Heights: Bogota", "hotelLocation": "Bogota", "hotelRoomType": "standard", "hotelRoomCount": "1", "hotelGuestAdultCount": "1", "hotelGuestChildCount": "0", "hotelNightCount": "8", "hotelRoomPrice": "149.47", "hotelFinalPrice": "1195.76"}}}
{"_id": "orderid:705762", "timestamp": "2020-02-15T15:29:10.000Z", "eventType": "transaction", "_adobeamericaspot3": {"CRMID": "crmid:6250536820", "orderDetails": {"orderID": "orderid:705762", "reservationid": "PYG-VUEU", "orderType": "kiosk", "hotelSKU": "prd1170", "hotelCheckInUnix": "1582298950", "hotelCheckOutUnix": "1582730950", "hotelCheckInTS": "2020-02-21T15:29:10+00:00", "hotelCheckOutTS": "2020-02-26T15:29:10+00:00", "hotelChain": "Restful Nights", "hotelName": "Restful Nights: Fresno", "hotelLocation": "Fresno", "hotelRoomType": "standard", "hotelRoomCount": "1", "hotelGuestAdultCount": "1", "hotelGuestChildCount": "0", "hotelNightCount": "5", "hotelRoomPrice": "147.53", "hotelFinalPrice": "737.65"}}}
{"_id": "orderid:214945", "timestamp": "2020-02-06T02:47:34.000Z", "eventType": "transaction", "_adobeamericaspot3": {"CRMID": "crmid:6200664865", "orderDetails": {"orderID": "orderid:214945", "reservationid": "9EX-YI6W", "orderType": "call center", "hotelSKU": "prd1112", "hotelCheckInUnix": "1581216454", "hotelCheckOutUnix": "1581302854", "hotelCheckInTS": "2020-02-09T02:47:34+00:00", "hotelCheckOutTS": "2020-02-10T02:47:34+00:00", "hotelChain": "Aspen Heights", "hotelName": "Aspen Heights: Birmingham", "hotelLocation": "Birmingham", "hotelRoomType": "standard", "hotelRoomCount": "1", "hotelGuestAdultCount": "1", "hotelGuestChildCount": "0", "hotelNightCount": "1", "hotelRoomPrice": "125.5", "hotelFinalPrice": "125.5"}}}
{"_id": "orderid:337393", "timestamp": "2020-02-11T00:00:00.000Z", "eventType": "transaction", "_adobeamericaspot3": {"CRMID": "crmid:6200664865", "orderDetails": {"orderID": "orderid:337393", "reservationid": "ANI-WFUR", "orderType": "call center", "hotelSKU": "prd1117", "hotelCheckInUnix": "1581811200", "hotelCheckOutUnix": "1581897600", "hotelCheckInTS": "2020-02-16T00:00:00+00:00", "hotelCheckOutTS": "2020-02-17T00:00:00+00:00", "hotelChain": "Admiralty Plaza", "hotelName": "Admiralty Plaza: Dublin", "hotelLocation": "Dublin", "hotelRoomType": "premium", "hotelRoomCount": "1", "hotelGuestAdultCount": "1", "hotelGuestChildCount": "0", "hotelNightCount": "1", "hotelRoomPrice": "142.6", "hotelFinalPrice": "142.6"}}}
{"_id": "orderid:467457", "timestamp": "2020-01-20T22:35:24.000Z", "eventType": "transaction", "_adobeamericaspot3": {"CRMID": "crmid:9966095548", "orderDetails": {"orderID": "orderid:467457", "reservationid": "AKD-EMXL", "orderType": "service desk", "hotelSKU": "prd1130", "hotelCheckInUnix": "1581978924", "hotelCheckOutUnix": "1582324524", "hotelCheckInTS": "2020-02-17T22:35:24+00:00", "hotelCheckOutTS": "2020-02-21T22:35:24+00:00", "hotelChain": "Blue Reef Resort", "hotelName": "Blue Reef Resort: Bremen", "hotelLocation": "Bremen", "hotelRoomType": "premium", "hotelRoomCount": "1", "hotelGuestAdultCount": "1", "hotelGuestChildCount": "0", "hotelNightCount": "4", "hotelRoomPrice": "103.98", "hotelFinalPrice": "415.92"}}}
{"_id": "orderid:897674", "timestamp": "2020-01-24T03:02:50.000Z", "eventType": "transaction", "_adobeamericaspot3": {"CRMID": "crmid:5446461497", "orderDetails": {"orderID": "orderid:897674", "reservationid": "8QT-ILHX", "orderType": "website", "hotelSKU": "prd1095", "hotelCheckInUnix": "1579921370", "hotelCheckOutUnix": "1580007770", "hotelCheckInTS": "2020-01-25T03:02:50+00:00", "hotelCheckOutTS": "2020-01-26T03:02:50+00:00", "hotelChain": "Hospitality Inn", "hotelName": "Hospitality Inn: Casablanca", "hotelLocation": "Casablanca", "hotelRoomType": "luxury", "hotelRoomCount": "1", "hotelGuestAdultCount": "1", "hotelGuestChildCount": "0", "hotelNightCount": "1", "hotelRoomPrice": "278.15", "hotelFinalPrice": "278.15"}}}
{"_id": "orderid:893340", "timestamp": "2020-02-08T09:53:35.000Z", "eventType": "transaction", "_adobeamericaspot3": {"CRMID": "crmid:6412614303", "orderDetails": {"orderID": "orderid:893340", "reservationid": "BOV-FOV0", "orderType": "call center", "hotelSKU": "prd1005", "hotelCheckInUnix": "1581242015", "hotelCheckOutUnix": "1581501215", "hotelCheckInTS": "2020-02-09T09:53:35+00:00", "hotelCheckOutTS": "2020-02-12T09:53:35+00:00", "hotelChain": "Sapphire Suites", "hotelName": "Sapphire Suites: Los Angeles", "hotelLocation": "Los Angeles", "hotelRoomType": "ultra-luxury", "hotelRoomCount": "1", "hotelGuestAdultCount": "1", "hotelGuestChildCount": "0", "hotelNightCount": "3", "hotelRoomPrice": "357.03", "hotelFinalPrice": "1071.09"}}}
{"_id": "orderid:745497", "timestamp": "2020-02-14T00:00:00.000Z", "eventType": "transaction", "_adobeamericaspot3": {"CRMID": "crmid:6412614303", "orderDetails": {"orderID": "orderid:745497", "reservationid": "ZK3-XOWR", "orderType": "kiosk", "hotelSKU": "prd1170", "hotelCheckInUnix": "1581724800", "hotelCheckOutUnix": "1581984000", "hotelCheckInTS": "2020-02-15T00:00:00+00:00", "hotelCheckOutTS": "2020-02-18T00:00:00+00:00", "hotelChain": "Restful Nights", "hotelName": "Restful Nights: Fresno", "hotelLocation": "Fresno", "hotelRoomType": "standard", "hotelRoomCount": "1", "hotelGuestAdultCount": "1", "hotelGuestChildCount": "0", "hotelNightCount": "3", "hotelRoomPrice": "115.3", "hotelFinalPrice": "345.9"}}}
{"_id": "orderid:576737", "timestamp": "2020-01-22T06:43:23.000Z", "eventType": "transaction", "_adobeamericaspot3": {"CRMID": "crmid:7296621832", "orderDetails": {"orderID": "orderid:576737", "reservationid": "QZX-3QPF", "orderType": "call center", "hotelSKU": "prd1109", "hotelCheckInUnix": "1579934603", "hotelCheckOutUnix": "1580021003", "hotelCheckInTS": "2020-01-25T06:43:23+00:00", "hotelCheckOutTS": "2020-01-26T06:43:23+00:00", "hotelChain": "Grandeur Hotels", "hotelName": "Grandeur Hotels: Belgrade", "hotelLocation": "Belgrade", "hotelRoomType": "standard", "hotelRoomCount": "1", "hotelGuestAdultCount": "1", "hotelGuestChildCount": "0", "hotelNightCount": "1", "hotelRoomPrice": "67.52", "hotelFinalPrice": "67.52"}}}
{"_id": "orderid:500210", "timestamp": "2020-02-11T16:17:30.000Z", "eventType": "transaction", "_adobeamericaspot3": {"CRMID": "crmid:6081251111", "orderDetails": {"orderID": "orderid:500210", "reservationid": "ZBN-9U0N", "orderType": "kiosk", "hotelSKU": "prd1116", "hotelCheckInUnix": "1583511450", "hotelCheckOutUnix": "1583943450", "hotelCheckInTS": "2020-03-06T16:17:30+00:00", "hotelCheckOutTS": "2020-03-11T16:17:30+00:00", "hotelChain": "Repose Resort", "hotelName": "Repose Resort: Naples", "hotelLocation": "Naples", "hotelRoomType": "standard", "hotelRoomCount": "1", "hotelGuestAdultCount": "1", "hotelGuestChildCount": "0", "hotelNightCount": "5", "hotelRoomPrice": "146.88", "hotelFinalPrice": "734.4"}}}
{"_id": "orderid:499279", "timestamp": "2019-12-23T21:14:01.000Z", "eventType": "transaction", "_adobeamericaspot3": {"CRMID": "crmid:8543809475", "orderDetails": {"orderID": "orderid:499279", "reservationid": "TVU-ZRVJ", "orderType": "service desk", "hotelSKU": "prd1117", "hotelCheckInUnix": "1577826841", "hotelCheckOutUnix": "1578086041", "hotelCheckInTS": "2019-12-31T21:14:01+00:00", "hotelCheckOutTS": "2020-01-03T21:14:01+00:00", "hotelChain": "Admiralty Plaza", "hotelName": "Admiralty Plaza: Dublin", "hotelLocation": "Dublin", "hotelRoomType": "premium", "hotelRoomCount": "1", "hotelGuestAdultCount": "1", "hotelGuestChildCount": "0", "hotelNightCount": "3", "hotelRoomPrice": "167.62", "hotelFinalPrice": "502.86"}}}
{"_id": "orderid:831836", "timestamp": "2019-12-27T22:53:25.000Z", "eventType": "transaction", "_adobeamericaspot3": {"CRMID": "crmid:7147233602", "orderDetails": {"orderID": "orderid:831836", "reservationid": "BPR-70YI", "orderType": "website", "hotelSKU": "prd1011", "hotelCheckInUnix": "1579820005", "hotelCheckOutUnix": "1580338405", "hotelCheckInTS": "2020-01-23T22:53:25+00:00", "hotelCheckOutTS": "2020-01-29T22:53:25+00:00", "hotelChain": "Hospitality Inn", "hotelName": "Hospitality Inn: Dallas", "hotelLocation": "Dallas", "hotelRoomType": "standard", "hotelRoomCount": "1", "hotelGuestAdultCount": "1", "hotelGuestChildCount": "4", "hotelNightCount": "6", "hotelRoomPrice": "151.09", "hotelFinalPrice": "906.54"}}}
{"_id": "orderid:394032", "timestamp": "2020-01-20T07:50:02.000Z", "eventType": "transaction", "_adobeamericaspot3": {"CRMID": "crmid:8456745513", "orderDetails": {"orderID": "orderid:394032", "reservationid": "WLV-HWMY", "orderType": "website", "hotelSKU": "prd1105", "hotelCheckInUnix": "1580111402", "hotelCheckOutUnix": "1580629802", "hotelCheckInTS": "2020-01-27T07:50:02+00:00", "hotelCheckOutTS": "2020-02-02T07:50:02+00:00", "hotelChain": "Admiralty Plaza", "hotelName": "Admiralty Plaza: Barcelona", "hotelLocation": "Barcelona", "hotelRoomType": "premium", "hotelRoomCount": "1", "hotelGuestAdultCount": "1", "hotelGuestChildCount": "0", "hotelNightCount": "6", "hotelRoomPrice": "182.14", "hotelFinalPrice": "1092.84"}}}
{"_id": "orderid:657143", "timestamp": "2020-02-13T22:03:12.000Z", "eventType": "transaction", "_adobeamericaspot3": {"CRMID": "crmid:5891925193", "orderDetails": {"orderID": "orderid:657143", "reservationid": "B3R-W8NY", "orderType": "website", "hotelSKU": "prd1029", "hotelCheckInUnix": "1583445792", "hotelCheckOutUnix": "1584309792", "hotelCheckInTS": "2020-03-05T22:03:12+00:00", "hotelCheckOutTS": "2020-03-15T22:03:12+00:00", "hotelChain": "Sapphire Suites", "hotelName": "Sapphire Suites: Oklahoma City", "hotelLocation": "Oklahoma City", "hotelRoomType": "standard", "hotelRoomCount": "1", "hotelGuestAdultCount": "1", "hotelGuestChildCount": "3", "hotelNightCount": "10", "hotelRoomPrice": "174.85", "hotelFinalPrice": "1748.5"}}}
{"_id": "orderid:278896", "timestamp": "2020-01-10T13:48:34.000Z", "eventType": "transaction", "_adobeamericaspot3": {"CRMID": "crmid:8372607289", "orderDetails": {"orderID": "orderid:278896", "reservationid": "BRO-REKQ", "orderType": "kiosk", "hotelSKU": "prd1174", "hotelCheckInUnix": "1580564914", "hotelCheckOutUnix": "1581515314", "hotelCheckInTS": "2020-02-01T13:48:34+00:00", "hotelCheckOutTS": "2020-02-12T13:48:34+00:00", "hotelChain": "Sego Lily Suites", "hotelName": "Sego Lily Suites: Atlanta", "hotelLocation": "Atlanta", "hotelRoomType": "standard", "hotelRoomCount": "1", "hotelGuestAdultCount": "1", "hotelGuestChildCount": "0", "hotelNightCount": "11", "hotelRoomPrice": "162.62", "hotelFinalPrice": "1788.82"}}}
{"_id": "orderid:904328", "timestamp": "2020-02-07T01:22:51.000Z", "eventType": "transaction", "_adobeamericaspot3": {"CRMID": "crmid:2079416642", "orderDetails": {"orderID": "orderid:904328", "reservationid": "VNP-2AMO", "orderType": "website", "hotelSKU": "prd1177", "hotelCheckInUnix": "1581556971", "hotelCheckOutUnix": "1581902571", "hotelCheckInTS": "2020-02-13T01:22:51+00:00", "hotelCheckOutTS": "2020-02-17T01:22:51+00:00", "hotelChain": "Admiralty Plaza", "hotelName": "Admiralty Plaza: Raleigh", "hotelLocation": "Raleigh", "hotelRoomType": "standard", "hotelRoomCount": "1", "hotelGuestAdultCount": "1", "hotelGuestChildCount": "0", "hotelNightCount": "4", "hotelRoomPrice": "126.63", "hotelFinalPrice": "506.52"}}}
{"_id": "orderid:584894", "timestamp": "2019-12-09T05:45:18.000Z", "eventType": "transaction", "_adobeamericaspot3": {"CRMID": "crmid:3595522834", "orderDetails": {"orderID": "orderid:584894", "reservationid": "RV6-GSS7", "orderType": "call center", "hotelSKU": "prd1165", "hotelCheckInUnix": "1577943918", "hotelCheckOutUnix": "1578462318", "hotelCheckInTS": "2020-01-02T05:45:18+00:00", "hotelCheckOutTS": "2020-01-08T05:45:18+00:00", "hotelChain": "Admiralty Plaza", "hotelName": "Admiralty Plaza: Louisville", "hotelLocation": "Louisville", "hotelRoomType": "standard", "hotelRoomCount": "1", "hotelGuestAdultCount": "1", "hotelGuestChildCount": "0", "hotelNightCount": "6", "hotelRoomPrice": "104.17", "hotelFinalPrice": "625.02"}}}
{"_id": "orderid:200497", "timestamp": "2020-01-26T09:03:54.000Z", "eventType": "transaction", "_adobeamericaspot3": {"CRMID": "crmid:8597398359", "orderDetails": {"orderID": "orderid:200497", "reservationid": "76G-8UGQ", "orderType": "website", "hotelSKU": "prd1136", "hotelCheckInUnix": "1581757434", "hotelCheckOutUnix": "1582448634", "hotelCheckInTS": "2020-02-15T09:03:54+00:00", "hotelCheckOutTS": "2020-02-23T09:03:54+00:00", "hotelChain": "Aspen Heights", "hotelName": "Aspen Heights: Osaka", "hotelLocation": "Osaka", "hotelRoomType": "standard", "hotelRoomCount": "1", "hotelGuestAdultCount": "1", "hotelGuestChildCount": "0", "hotelNightCount": "8", "hotelRoomPrice": "88.53", "hotelFinalPrice": "708.24"}}}
{"_id": "orderid:818725", "timestamp": "2020-01-10T07:02:40.000Z", "eventType": "transaction", "_adobeamericaspot3": {"CRMID": "crmid:1008874478", "orderDetails": {"orderID": "orderid:818725", "reservationid": "2GD-YEYA", "orderType": "call center", "hotelSKU": "prd1141", "hotelCheckInUnix": "1580194960", "hotelCheckOutUnix": "1580799760", "hotelCheckInTS": "2020-01-28T07:02:40+00:00", "hotelCheckOutTS": "2020-02-04T07:02:40+00:00", "hotelChain": "Admiralty Plaza", "hotelName": "Admiralty Plaza: Phoenix", "hotelLocation": "Phoenix", "hotelRoomType": "standard", "hotelRoomCount": "1", "hotelGuestAdultCount": "1", "hotelGuestChildCount": "0", "hotelNightCount": "7", "hotelRoomPrice": "139.89", "hotelFinalPrice": "979.23"}}}
{"_id": "orderid:883630", "timestamp": "2019-12-22T23:45:35.000Z", "eventType": "transaction", "_adobeamericaspot3": {"CRMID": "crmid:3902396629", "orderDetails": {"orderID": "orderid:883630", "reservationid": "331-8RVN", "orderType": "website", "hotelSKU": "prd1062", "hotelCheckInUnix": "1578872735", "hotelCheckOutUnix": "1579477535", "hotelCheckInTS": "2020-01-12T23:45:35+00:00", "hotelCheckOutTS": "2020-01-19T23:45:35+00:00", "hotelChain": "Restful Nights", "hotelName": "Restful Nights: Moscow", "hotelLocation": "Moscow", "hotelRoomType": "premium", "hotelRoomCount": "1", "hotelGuestAdultCount": "1", "hotelGuestChildCount": "0", "hotelNightCount": "7", "hotelRoomPrice": "136.88", "hotelFinalPrice": "958.16"}}}
{"_id": "orderid:123022", "timestamp": "2020-01-24T04:24:12.000Z", "eventType": "transaction", "_adobeamericaspot3": {"CRMID": "crmid:1933014642", "orderDetails": {"orderID": "orderid:123022", "reservationid": "KWT-3CT8", "orderType": "website", "hotelSKU": "prd1045", "hotelCheckInUnix": "1580185452", "hotelCheckOutUnix": "1581135852", "hotelCheckInTS": "2020-01-28T04:24:12+00:00", "hotelCheckOutTS": "2020-02-08T04:24:12+00:00", "hotelChain": "Admiralty Plaza", "hotelName": "Admiralty Plaza: Miami", "hotelLocation": "Miami", "hotelRoomType": "standard", "hotelRoomCount": "1", "hotelGuestAdultCount": "1", "hotelGuestChildCount": "0", "hotelNightCount": "11", "hotelRoomPrice": "135.93", "hotelFinalPrice": "1495.23"}}}
{"_id": "orderid:859910", "timestamp": "2019-12-04T17:46:28.000Z", "eventType": "transaction", "_adobeamericaspot3": {"CRMID": "crmid:3106585161", "orderDetails": {"orderID": "orderid:859910", "reservationid": "TNW-CFOL", "orderType": "mobile", "hotelSKU": "prd1113", "hotelCheckInUnix": "1577382388", "hotelCheckOutUnix": "1577987188", "hotelCheckInTS": "2019-12-26T17:46:28+00:00", "hotelCheckOutTS": "2020-01-02T17:46:28+00:00", "hotelChain": "Sapphire Suites", "hotelName": "Sapphire Suites: Kazan", "hotelLocation": "Kazan", "hotelRoomType": "premium", "hotelRoomCount": "1", "hotelGuestAdultCount": "1", "hotelGuestChildCount": "1", "hotelNightCount": "7", "hotelRoomPrice": "98.5", "hotelFinalPrice": "689.5"}}}
{"_id": "orderid:118712", "timestamp": "2019-12-11T23:17:05.000Z", "eventType": "transaction", "_adobeamericaspot3": {"CRMID": "crmid:3258575437", "orderDetails": {"orderID": "orderid:118712", "reservationid": "AU3-QK1Y", "orderType": "kiosk", "hotelSKU": "prd1073", "hotelCheckInUnix": "1576797425", "hotelCheckOutUnix": "1577229425", "hotelCheckInTS": "2019-12-19T23:17:05+00:00", "hotelCheckOutTS": "2019-12-24T23:17:05+00:00", "hotelChain": "Grandeur Hotels", "hotelName": "Grandeur Hotels: Lima", "hotelLocation": "Lima", "hotelRoomType": "standard", "hotelRoomCount": "1", "hotelGuestAdultCount": "1", "hotelGuestChildCount": "4", "hotelNightCount": "5", "hotelRoomPrice": "117.72", "hotelFinalPrice": "588.6"}}}
{"_id": "orderid:999647", "timestamp": "2019-12-15T17:40:54.000Z", "eventType": "transaction", "_adobeamericaspot3": {"CRMID": "crmid:3703155010", "orderDetails": {"orderID": "orderid:999647", "reservationid": "SGV-KVOO", "orderType": "website", "hotelSKU": "prd1193", "hotelCheckInUnix": "1578418854", "hotelCheckOutUnix": "1579023654", "hotelCheckInTS": "2020-01-07T17:40:54+00:00", "hotelCheckOutTS": "2020-01-14T17:40:54+00:00", "hotelChain": "Grandeur Hotels", "hotelName": "Grandeur Hotels: Kinshasa", "hotelLocation": "Kinshasa", "hotelRoomType": "premium", "hotelRoomCount": "1", "hotelGuestAdultCount": "1", "hotelGuestChildCount": "0", "hotelNightCount": "7", "hotelRoomPrice": "121.25", "hotelFinalPrice": "848.75"}}}
{"_id": "orderid:227651", "timestamp": "2020-02-12T06:02:13.000Z", "eventType": "transaction", "_adobeamericaspot3": {"CRMID": "crmid:3473907373", "orderDetails": {"orderID": "orderid:227651", "reservationid": "ZAR-XBCQ", "orderType": "call center", "hotelSKU": "prd1093", "hotelCheckInUnix": "1583560933", "hotelCheckOutUnix": "1584165733", "hotelCheckInTS": "2020-03-07T06:02:13+00:00", "hotelCheckOutTS": "2020-03-14T06:02:13+00:00", "hotelChain": "Admiralty Plaza", "hotelName": "Admiralty Plaza: Yokohama", "hotelLocation": "Yokohama", "hotelRoomType": "standard", "hotelRoomCount": "1", "hotelGuestAdultCount": "1", "hotelGuestChildCount": "0", "hotelNightCount": "7", "hotelRoomPrice": "165.08", "hotelFinalPrice": "1155.56"}}}
{"_id": "orderid:649111", "timestamp": "2020-02-04T14:32:55.000Z", "eventType": "transaction", "_adobeamericaspot3": {"CRMID": "crmid:6907853175", "orderDetails": {"orderID": "orderid:649111", "reservationid": "UWR-FSA6", "orderType": "mobile", "hotelSKU": "prd1117", "hotelCheckInUnix": "1583332375", "hotelCheckOutUnix": "1583677975", "hotelCheckInTS": "2020-03-04T14:32:55+00:00", "hotelCheckOutTS": "2020-03-08T14:32:55+00:00", "hotelChain": "Admiralty Plaza", "hotelName": "Admiralty Plaza: Dublin", "hotelLocation": "Dublin", "hotelRoomType": "standard", "hotelRoomCount": "1", "hotelGuestAdultCount": "1", "hotelGuestChildCount": "1", "hotelNightCount": "4", "hotelRoomPrice": "156.93", "hotelFinalPrice": "627.72"}}}
{"_id": "orderid:582177", "timestamp": "2020-02-01T18:09:46.000Z", "eventType": "transaction", "_adobeamericaspot3": {"CRMID": "crmid:6050483542", "orderDetails": {"orderID": "orderid:582177", "reservationid": "7K1-EEQ0", "orderType": "website", "hotelSKU": "prd1120", "hotelCheckInUnix": "1580839786", "hotelCheckOutUnix": "1580926186", "hotelCheckInTS": "2020-02-04T18:09:46+00:00", "hotelCheckOutTS": "2020-02-05T18:09:46+00:00", "hotelChain": "Sandhill", "hotelName": "Sandhill: Marseille", "hotelLocation": "Marseille", "hotelRoomType": "standard", "hotelRoomCount": "1", "hotelGuestAdultCount": "1", "hotelGuestChildCount": "0", "hotelNightCount": "1", "hotelRoomPrice": "125.42", "hotelFinalPrice": "125.42"}}}
{"_id": "orderid:858965", "timestamp": "2020-01-22T01:42:29.000Z", "eventType": "transaction", "_adobeamericaspot3": {"CRMID": "crmid:7489810703", "orderDetails": {"orderID": "orderid:858965", "reservationid": "GUV-LUYM", "orderType": "mobile", "hotelSKU": "prd1004", "hotelCheckInUnix": "1579743749", "hotelCheckOutUnix": "1579916549", "hotelCheckInTS": "2020-01-23T01:42:29+00:00", "hotelCheckOutTS": "2020-01-25T01:42:29+00:00", "hotelChain": "Aspen Heights", "hotelName": "Aspen Heights: Boulder", "hotelLocation": "Boulder", "hotelRoomType": "standard", "hotelRoomCount": "1", "hotelGuestAdultCount": "1", "hotelGuestChildCount": "0", "hotelNightCount": "2", "hotelRoomPrice": "150.19", "hotelFinalPrice": "300.38"}}}
{"_id": "orderid:267720", "timestamp": "2020-01-30T14:31:59.000Z", "eventType": "transaction", "_adobeamericaspot3": {"CRMID": "crmid:5391375269", "orderDetails": {"orderID": "orderid:267720", "reservationid": "7LL-YVLS", "orderType": "call center", "hotelSKU": "prd1085", "hotelCheckInUnix": "1581949919", "hotelCheckOutUnix": "1582468319", "hotelCheckInTS": "2020-02-17T14:31:59+00:00", "hotelCheckOutTS": "2020-02-23T14:31:59+00:00", "hotelChain": "Grandeur Hotels", "hotelName": "Grandeur Hotels: Saint Petersburg", "hotelLocation": "Saint Petersburg", "hotelRoomType": "standard", "hotelRoomCount": "1", "hotelGuestAdultCount": "1", "hotelGuestChildCount": "0", "hotelNightCount": "6", "hotelRoomPrice": "127.47", "hotelFinalPrice": "764.82"}}}
{"_id": "orderid:144237", "timestamp": "2019-12-10T07:37:36.000Z", "eventType": "transaction", "_adobeamericaspot3": {"CRMID": "crmid:5335406168", "orderDetails": {"orderID": "orderid:144237", "reservationid": "7YH-VQQ6", "orderType": "website", "hotelSKU": "prd1093", "hotelCheckInUnix": "1576568256", "hotelCheckOutUnix": "1577605056", "hotelCheckInTS": "2019-12-17T07:37:36+00:00", "hotelCheckOutTS": "2019-12-29T07:37:36+00:00", "hotelChain": "Admiralty Plaza", "hotelName": "Admiralty Plaza: Yokohama", "hotelLocation": "Yokohama", "hotelRoomType": "standard", "hotelRoomCount": "1", "hotelGuestAdultCount": "1", "hotelGuestChildCount": "0", "hotelNightCount": "12", "hotelRoomPrice": "147.53", "hotelFinalPrice": "1770.36"}}}
{"_id": "orderid:292419", "timestamp": "2020-01-15T18:18:52.000Z", "eventType": "transaction", "_adobeamericaspot3": {"CRMID": "crmid:8944986296", "orderDetails": {"orderID": "orderid:292419", "reservationid": "0DH-3FDN", "orderType": "kiosk", "hotelSKU": "prd1070", "hotelCheckInUnix": "1581013132", "hotelCheckOutUnix": "1582136332", "hotelCheckInTS": "2020-02-06T18:18:52+00:00", "hotelCheckOutTS": "2020-02-19T18:18:52+00:00", "hotelChain": "Blue Reef Resort", "hotelName": "Blue Reef Resort: Jakarta", "hotelLocation": "Jakarta", "hotelRoomType": "standard", "hotelRoomCount": "1", "hotelGuestAdultCount": "1", "hotelGuestChildCount": "0", "hotelNightCount": "13", "hotelRoomPrice": "172.43", "hotelFinalPrice": "2241.59"}}}
{"_id": "orderid:461522", "timestamp": "2019-12-06T03:23:43.000Z", "eventType": "transaction", "_adobeamericaspot3": {"CRMID": "crmid:5770986769", "orderDetails": {"orderID": "orderid:461522", "reservationid": "JIS-XNOY", "orderType": "mobile", "hotelSKU": "prd1053", "hotelCheckInUnix": "1577676223", "hotelCheckOutUnix": "1577849023", "hotelCheckInTS": "2019-12-30T03:23:43+00:00", "hotelCheckOutTS": "2020-01-01T03:23:43+00:00", "hotelChain": "Sapphire Suites", "hotelName": "Sapphire Suites: Cleveland", "hotelLocation": "Cleveland", "hotelRoomType": "ultra-luxury", "hotelRoomCount": "1", "hotelGuestAdultCount": "1", "hotelGuestChildCount": "0", "hotelNightCount": "2", "hotelRoomPrice": "320.37", "hotelFinalPrice": "640.74"}}}
{"_id": "orderid:678077", "timestamp": "2019-12-07T06:29:49.000Z", "eventType": "transaction", "_adobeamericaspot3": {"CRMID": "crmid:7098245409", "orderDetails": {"orderID": "orderid:678077", "reservationid": "UR5-TXFU", "orderType": "call center", "hotelSKU": "prd1136", "hotelCheckInUnix": "1577773789", "hotelCheckOutUnix": "1578292189", "hotelCheckInTS": "2019-12-31T06:29:49+00:00", "hotelCheckOutTS": "2020-01-06T06:29:49+00:00", "hotelChain": "Aspen Heights", "hotelName": "Aspen Heights: Osaka", "hotelLocation": "Osaka", "hotelRoomType": "standard", "hotelRoomCount": "1", "hotelGuestAdultCount": "1", "hotelGuestChildCount": "2", "hotelNightCount": "6", "hotelRoomPrice": "145.16", "hotelFinalPrice": "870.96"}}}
{"_id": "orderid:907110", "timestamp": "2020-01-01T21:28:27.000Z", "eventType": "transaction", "_adobeamericaspot3": {"CRMID": "crmid:3111341603", "orderDetails": {"orderID": "orderid:907110", "reservationid": "3YX-EEU9", "orderType": "kiosk", "hotelSKU": "prd1121", "hotelCheckInUnix": "1579642107", "hotelCheckOutUnix": "1580074107", "hotelCheckInTS": "2020-01-21T21:28:27+00:00", "hotelCheckOutTS": "2020-01-26T21:28:27+00:00", "hotelChain": "Grandeur Hotels", "hotelName": "Grandeur Hotels: Stockholm", "hotelLocation": "Stockholm", "hotelRoomType": "standard", "hotelRoomCount": "1", "hotelGuestAdultCount": "1", "hotelGuestChildCount": "0", "hotelNightCount": "5", "hotelRoomPrice": "114.21", "hotelFinalPrice": "571.05"}}}
{"_id": "orderid:767916", "timestamp": "2019-12-22T23:47:07.000Z", "eventType": "transaction", "_adobeamericaspot3": {"CRMID": "crmid:8823502990", "orderDetails": {"orderID": "orderid:767916", "reservationid": "C13-RKQQ", "orderType": "call center", "hotelSKU": "prd1131", "hotelCheckInUnix": "1578872827", "hotelCheckOutUnix": "1579477627", "hotelCheckInTS": "2020-01-12T23:47:07+00:00", "hotelCheckOutTS": "2020-01-19T23:47:07+00:00", "hotelChain": "Hospitality Inn", "hotelName": "Hospitality Inn: Sheffield", "hotelLocation": "Sheffield", "hotelRoomType": "standard", "hotelRoomCount": "1", "hotelGuestAdultCount": "1", "hotelGuestChildCount": "4", "hotelNightCount": "7", "hotelRoomPrice": "159.86", "hotelFinalPrice": "1119.02"}}}
{"_id": "orderid:885358", "timestamp": "2019-12-17T18:51:46.000Z", "eventType": "transaction", "_adobeamericaspot3": {"CRMID": "crmid:4192960553", "orderDetails": {"orderID": "orderid:885358", "reservationid": "Y8T-2A5T", "orderType": "call center", "hotelSKU": "prd1129", "hotelCheckInUnix": "1579114306", "hotelCheckOutUnix": "1579805506", "hotelCheckInTS": "2020-01-15T18:51:46+00:00", "hotelCheckOutTS": "2020-01-23T18:51:46+00:00", "hotelChain": "Admiralty Plaza", "hotelName": "Admiralty Plaza: Helsinki", "hotelLocation": "Helsinki", "hotelRoomType": "standard", "hotelRoomCount": "1", "hotelGuestAdultCount": "1", "hotelGuestChildCount": "0", "hotelNightCount": "8", "hotelRoomPrice": "152.61", "hotelFinalPrice": "1220.88"}}}
{"_id": "orderid:808488", "timestamp": "2020-01-29T21:40:39.000Z", "eventType": "transaction", "_adobeamericaspot3": {"CRMID": "crmid:6731500770", "orderDetails": {"orderID": "orderid:808488", "reservationid": "UNF-MPRV", "orderType": "call center", "hotelSKU": "prd1106", "hotelCheckInUnix": "1580420439", "hotelCheckOutUnix": "1580593239", "hotelCheckInTS": "2020-01-30T21:40:39+00:00", "hotelCheckOutTS": "2020-02-01T21:40:39+00:00", "hotelChain": "Blue Reef Resort", "hotelName": "Blue Reef Resort: Munich", "hotelLocation": "Munich", "hotelRoomType": "premium", "hotelRoomCount": "1", "hotelGuestAdultCount": "1", "hotelGuestChildCount": "0", "hotelNightCount": "2", "hotelRoomPrice": "149.47", "hotelFinalPrice": "298.94"}}}
{"_id": "orderid:224328", "timestamp": "2020-01-27T16:35:15.000Z", "eventType": "transaction", "_adobeamericaspot3": {"CRMID": "crmid:3103799762", "orderDetails": {"orderID": "orderid:224328", "reservationid": "DEW-5C7L", "orderType": "kiosk", "hotelSKU": "prd1190", "hotelCheckInUnix": "1580402115", "hotelCheckOutUnix": "1580574915", "hotelCheckInTS": "2020-01-30T16:35:15+00:00", "hotelCheckOutTS": "2020-02-01T16:35:15+00:00", "hotelChain": "Blue Reef Resort", "hotelName": "Blue Reef Resort: Aurora", "hotelLocation": "Aurora", "hotelRoomType": "standard", "hotelRoomCount": "1", "hotelGuestAdultCount": "1", "hotelGuestChildCount": "0", "hotelNightCount": "2", "hotelRoomPrice": "143.6", "hotelFinalPrice": "287.2"}}}
{"_id": "orderid:267347", "timestamp": "2020-01-21T18:03:58.000Z", "eventType": "transaction", "_adobeamericaspot3": {"CRMID": "crmid:9954530829", "orderDetails": {"orderID": "orderid:267347", "reservationid": "L8H-FOLW", "orderType": "mobile", "hotelSKU": "prd1169", "hotelCheckInUnix": "1579802638", "hotelCheckOutUnix": "1580321038", "hotelCheckInTS": "2020-01-23T18:03:58+00:00", "hotelCheckOutTS": "2020-01-29T18:03:58+00:00", "hotelChain": "Grandeur Hotels", "hotelName": "Grandeur Hotels: Tucson", "hotelLocation": "Tucson", "hotelRoomType": "standard", "hotelRoomCount": "1", "hotelGuestAdultCount": "1", "hotelGuestChildCount": "0", "hotelNightCount": "6", "hotelRoomPrice": "151.2", "hotelFinalPrice": "907.2"}}}
{"_id": "orderid:390878", "timestamp": "2019-12-22T08:49:52.000Z", "eventType": "transaction", "_adobeamericaspot3": {"CRMID": "crmid:2525236682", "orderDetails": {"orderID": "orderid:390878", "reservationid": "YJR-K3GK", "orderType": "website", "hotelSKU": "prd1148", "hotelCheckInUnix": "1579250992", "hotelCheckOutUnix": "1580719792", "hotelCheckInTS": "2020-01-17T08:49:52+00:00", "hotelCheckOutTS": "2020-02-03T08:49:52+00:00", "hotelChain": "Aspen Heights", "hotelName": "Aspen Heights: Jacksonville", "hotelLocation": "Jacksonville", "hotelRoomType": "standard", "hotelRoomCount": "1", "hotelGuestAdultCount": "1", "hotelGuestChildCount": "2", "hotelNightCount": "17", "hotelRoomPrice": "110.43", "hotelFinalPrice": "1877.31"}}}
{"_id": "orderid:261008", "timestamp": "2019-12-04T16:07:37.000Z", "eventType": "transaction", "_adobeamericaspot3": {"CRMID": "crmid:3989124908", "orderDetails": {"orderID": "orderid:261008", "reservationid": "UUN-6ISL", "orderType": "call center", "hotelSKU": "prd1189", "hotelCheckInUnix": "1575562057", "hotelCheckOutUnix": "1575734857", "hotelCheckInTS": "2019-12-05T16:07:37+00:00", "hotelCheckOutTS": "2019-12-07T16:07:37+00:00", "hotelChain": "Admiralty Plaza", "hotelName": "Admiralty Plaza: Bakersfield", "hotelLocation": "Bakersfield", "hotelRoomType": "standard", "hotelRoomCount": "1", "hotelGuestAdultCount": "1", "hotelGuestChildCount": "0", "hotelNightCount": "2", "hotelRoomPrice": "129.44", "hotelFinalPrice": "258.88"}}}
{"_id": "orderid:594268", "timestamp": "2020-02-08T15:19:12.000Z", "eventType": "transaction", "_adobeamericaspot3": {"CRMID": "crmid:1976609213", "orderDetails": {"orderID": "orderid:594268", "reservationid": "NFQ-DOGW", "orderType": "call center", "hotelSKU": "prd1153", "hotelCheckInUnix": "1581261552", "hotelCheckOutUnix": "1581347952", "hotelCheckInTS": "2020-02-09T15:19:12+00:00", "hotelCheckOutTS": "2020-02-10T15:19:12+00:00", "hotelChain": "Admiralty Plaza", "hotelName": "Admiralty Plaza: Charlotte", "hotelLocation": "Charlotte", "hotelRoomType": "standard", "hotelRoomCount": "1", "hotelGuestAdultCount": "1", "hotelGuestChildCount": "0", "hotelNightCount": "1", "hotelRoomPrice": "140.48", "hotelFinalPrice": "140.48"}}}
{"_id": "orderid:517636", "timestamp": "2019-12-13T19:01:02.000Z", "eventType": "transaction", "_adobeamericaspot3": {"CRMID": "crmid:4689032286", "orderDetails": {"orderID": "orderid:517636", "reservationid": "ZOP-JXLQ", "orderType": "kiosk", "hotelSKU": "prd1115", "hotelCheckInUnix": "1577818862", "hotelCheckOutUnix": "1578250862", "hotelCheckInTS": "2019-12-31T19:01:02+00:00", "hotelCheckOutTS": "2020-01-05T19:01:02+00:00", "hotelChain": "Nesting Box Inn", "hotelName": "Nesting Box Inn: Cologne", "hotelLocation": "Cologne", "hotelRoomType": "premium", "hotelRoomCount": "1", "hotelGuestAdultCount": "1", "hotelGuestChildCount": "0", "hotelNightCount": "5", "hotelRoomPrice": "135.82", "hotelFinalPrice": "679.1"}}}
{"_id": "orderid:248257", "timestamp": "2019-12-05T18:14:10.000Z", "eventType": "transaction", "_adobeamericaspot3": {"CRMID": "crmid:6334383470", "orderDetails": {"orderID": "orderid:248257", "reservationid": "7AY-XCEV", "orderType": "kiosk", "hotelSKU": "prd1016", "hotelCheckInUnix": "1577297650", "hotelCheckOutUnix": "1577816050", "hotelCheckInTS": "2019-12-25T18:14:10+00:00", "hotelCheckOutTS": "2019-12-31T18:14:10+00:00", "hotelChain": "Aspen Heights", "hotelName": "Aspen Heights: Columbus", "hotelLocation": "Columbus", "hotelRoomType": "standard", "hotelRoomCount": "1", "hotelGuestAdultCount": "1", "hotelGuestChildCount": "4", "hotelNightCount": "6", "hotelRoomPrice": "181.29", "hotelFinalPrice": "1087.74"}}}
{"_id": "orderid:159905", "timestamp": "2019-12-14T05:24:19.000Z", "eventType": "transaction", "_adobeamericaspot3": {"CRMID": "crmid:8804310876", "orderDetails": {"orderID": "orderid:159905", "reservationid": "TEB-GPMP", "orderType": "kiosk", "hotelSKU": "prd1010", "hotelCheckInUnix": "1578374659", "hotelCheckOutUnix": "1579065859", "hotelCheckInTS": "2020-01-07T05:24:19+00:00", "hotelCheckOutTS": "2020-01-15T05:24:19+00:00", "hotelChain": "Blue Reef Resort", "hotelName": "Blue Reef Resort: San Diego", "hotelLocation": "San Diego", "hotelRoomType": "presidential-suite", "hotelRoomCount": "1", "hotelGuestAdultCount": "1", "hotelGuestChildCount": "0", "hotelNightCount": "8", "hotelRoomPrice": "899.78", "hotelFinalPrice": "7198.24"}}}
{"_id": "orderid:818654", "timestamp": "2019-12-30T07:29:07.000Z", "eventType": "transaction", "_adobeamericaspot3": {"CRMID": "crmid:5098854384", "orderDetails": {"orderID": "orderid:818654", "reservationid": "CNP-8BJM", "orderType": "website", "hotelSKU": "prd1172", "hotelCheckInUnix": "1579591747", "hotelCheckOutUnix": "1580282947", "hotelCheckInTS": "2020-01-21T07:29:07+00:00", "hotelCheckOutTS": "2020-01-29T07:29:07+00:00", "hotelChain": "Aspen Heights", "hotelName": "Aspen Heights: Mesa", "hotelLocation": "Mesa", "hotelRoomType": "standard", "hotelRoomCount": "1", "hotelGuestAdultCount": "1", "hotelGuestChildCount": "0", "hotelNightCount": "8", "hotelRoomPrice": "130.15", "hotelFinalPrice": "1041.2"}}}
{"_id": "orderid:391891", "timestamp": "2020-02-15T23:33:24.000Z", "eventType": "transaction", "_adobeamericaspot3": {"CRMID": "crmid:3891235896", "orderDetails": {"orderID": "orderid:391891", "reservationid": "K0A-OGBB", "orderType": "call center", "hotelSKU": "prd1172", "hotelCheckInUnix": "1583537604", "hotelCheckOutUnix": "1584401604", "hotelCheckInTS": "2020-03-06T23:33:24+00:00", "hotelCheckOutTS": "2020-03-16T23:33:24+00:00", "hotelChain": "Aspen Heights", "hotelName": "Aspen Heights: Mesa", "hotelLocation": "Mesa", "hotelRoomType": "luxury", "hotelRoomCount": "1", "hotelGuestAdultCount": "1", "hotelGuestChildCount": "0", "hotelNightCount": "10", "hotelRoomPrice": "346.6", "hotelFinalPrice": "3466.0"}}}
{"_id": "orderid:902934", "timestamp": "2020-01-06T09:14:07.000Z", "eventType": "transaction", "_adobeamericaspot3": {"CRMID": "crmid:4377090816", "orderDetails": {"orderID": "orderid:902934", "reservationid": "JRH-PQEL", "orderType": "call center", "hotelSKU": "prd1117", "hotelCheckInUnix": "1578561247", "hotelCheckOutUnix": "1580030047", "hotelCheckInTS": "2020-01-09T09:14:07+00:00", "hotelCheckOutTS": "2020-01-26T09:14:07+00:00", "hotelChain": "Admiralty Plaza", "hotelName": "Admiralty Plaza: Dublin", "hotelLocation": "Dublin", "hotelRoomType": "premium", "hotelRoomCount": "1", "hotelGuestAdultCount": "1", "hotelGuestChildCount": "0", "hotelNightCount": "17", "hotelRoomPrice": "128.64", "hotelFinalPrice": "2186.88"}}}
{"_id": "orderid:600223", "timestamp": "2019-12-15T09:55:45.000Z", "eventType": "transaction", "_adobeamericaspot3": {"CRMID": "crmid:1212788532", "orderDetails": {"orderID": "orderid:600223", "reservationid": "ZCQ-MVGS", "orderType": "website", "hotelSKU": "prd1023", "hotelCheckInUnix": "1578045345", "hotelCheckOutUnix": "1578563745", "hotelCheckInTS": "2020-01-03T09:55:45+00:00", "hotelCheckOutTS": "2020-01-09T09:55:45+00:00", "hotelChain": "Hospitality Inn", "hotelName": "Hospitality Inn: Boston", "hotelLocation": "Boston", "hotelRoomType": "standard", "hotelRoomCount": "1", "hotelGuestAdultCount": "1", "hotelGuestChildCount": "0", "hotelNightCount": "6", "hotelRoomPrice": "189.29", "hotelFinalPrice": "1135.74"}}}
{"_id": "orderid:499352", "timestamp": "2019-12-04T17:29:37.000Z", "eventType": "transaction", "_adobeamericaspot3": {"CRMID": "crmid:7118702844", "orderDetails": {"orderID": "orderid:499352", "reservationid": "ZQK-ASQT", "orderType": "website", "hotelSKU": "prd1009", "hotelCheckInUnix": "1577640577", "hotelCheckOutUnix": "1578158977", "hotelCheckInTS": "2019-12-29T17:29:37+00:00", "hotelCheckOutTS": "2020-01-04T17:29:37+00:00", "hotelChain": "Admiralty Plaza", "hotelName": "Admiralty Plaza: San Antonio", "hotelLocation": "San Antonio", "hotelRoomType": "standard", "hotelRoomCount": "1", "hotelGuestAdultCount": "1", "hotelGuestChildCount": "0", "hotelNightCount": "6", "hotelRoomPrice": "161.16", "hotelFinalPrice": "966.96"}}}
{"_id": "orderid:583725", "timestamp": "2020-01-29T11:16:02.000Z", "eventType": "transaction", "_adobeamericaspot3": {"CRMID": "crmid:9031778710", "orderDetails": {"orderID": "orderid:583725", "reservationid": "T2K-SBSG", "orderType": "call center", "hotelSKU": "prd1169", "hotelCheckInUnix": "1580987762", "hotelCheckOutUnix": "1582456562", "hotelCheckInTS": "2020-02-06T11:16:02+00:00", "hotelCheckOutTS": "2020-02-23T11:16:02+00:00", "hotelChain": "Grandeur Hotels", "hotelName": "Grandeur Hotels: Tucson", "hotelLocation": "Tucson", "hotelRoomType": "standard", "hotelRoomCount": "1", "hotelGuestAdultCount": "1", "hotelGuestChildCount": "0", "hotelNightCount": "17", "hotelRoomPrice": "162.16", "hotelFinalPrice": "2756.72"}}}
{"_id": "orderid:208100", "timestamp": "2019-12-01T01:13:37.000Z", "eventType": "transaction", "_adobeamericaspot3": {"CRMID": "crmid:1662801858", "orderDetails": {"orderID": "orderid:208100", "reservationid": "UEH-XXEN", "orderType": "website", "hotelSKU": "prd1004", "hotelCheckInUnix": "1577150017", "hotelCheckOutUnix": "1578705217", "hotelCheckInTS": "2019-12-24T01:13:37+00:00", "hotelCheckOutTS": "2020-01-11T01:13:37+00:00", "hotelChain": "Aspen Heights", "hotelName": "Aspen Heights: Boulder", "hotelLocation": "Boulder", "hotelRoomType": "standard", "hotelRoomCount": "1", "hotelGuestAdultCount": "1", "hotelGuestChildCount": "0", "hotelNightCount": "18", "hotelRoomPrice": "102.76", "hotelFinalPrice": "1849.68"}}}
{"_id": "orderid:469447", "timestamp": "2020-02-12T19:18:19.000Z", "eventType": "transaction", "_adobeamericaspot3": {"CRMID": "crmid:1516662768", "orderDetails": {"orderID": "orderid:469447", "reservationid": "YSQ-UO40", "orderType": "website", "hotelSKU": "prd1080", "hotelCheckInUnix": "1581621499", "hotelCheckOutUnix": "1581967099", "hotelCheckInTS": "2020-02-13T19:18:19+00:00", "hotelCheckOutTS": "2020-02-17T19:18:19+00:00", "hotelChain": "Repose Resort", "hotelName": "Repose Resort: Hyderabad", "hotelLocation": "Hyderabad", "hotelRoomType": "standard", "hotelRoomCount": "1", "hotelGuestAdultCount": "1", "hotelGuestChildCount": "0", "hotelNightCount": "4", "hotelRoomPrice": "154.52", "hotelFinalPrice": "618.08"}}}
{"_id": "orderid:781346", "timestamp": "2020-01-12T11:38:39.000Z", "eventType": "transaction", "_adobeamericaspot3": {"CRMID": "crmid:9565742214", "orderDetails": {"orderID": "orderid:781346", "reservationid": "RH8-WEGG", "orderType": "mobile", "hotelSKU": "prd1161", "hotelCheckInUnix": "1578915519", "hotelCheckOutUnix": "1579261119", "hotelCheckInTS": "2020-01-13T11:38:39+00:00", "hotelCheckOutTS": "2020-01-17T11:38:39+00:00", "hotelChain": "Sapphire Suites", "hotelName": "Sapphire Suites: Memphis", "hotelLocation": "Memphis", "hotelRoomType": "standard", "hotelRoomCount": "1", "hotelGuestAdultCount": "1", "hotelGuestChildCount": "0", "hotelNightCount": "4", "hotelRoomPrice": "168.16", "hotelFinalPrice": "672.64"}}}
{"_id": "orderid:369093", "timestamp": "2020-01-02T13:23:39.000Z", "eventType": "transaction", "_adobeamericaspot3": {"CRMID": "crmid:5898648571", "orderDetails": {"orderID": "orderid:369093", "reservationid": "TAU-SHWR", "orderType": "website", "hotelSKU": "prd1027", "hotelCheckInUnix": "1579613019", "hotelCheckOutUnix": "1580304219", "hotelCheckInTS": "2020-01-21T13:23:39+00:00", "hotelCheckOutTS": "2020-01-29T13:23:39+00:00", "hotelChain": "Family Fun Hotels", "hotelName": "Family Fun Hotels: Memphis", "hotelLocation": "Memphis", "hotelRoomType": "luxury", "hotelRoomCount": "1", "hotelGuestAdultCount": "1", "hotelGuestChildCount": "0", "hotelNightCount": "8", "hotelRoomPrice": "278.4", "hotelFinalPrice": "2227.2"}}}
{"_id": "orderid:280118", "timestamp": "2019-12-26T17:32:52.000Z", "eventType": "transaction", "_adobeamericaspot3": {"CRMID": "crmid:5712322584", "orderDetails": {"orderID": "orderid:280118", "reservationid": "BCQ-TDIQ", "orderType": "mobile", "hotelSKU": "prd1062", "hotelCheckInUnix": "1577554372", "hotelCheckOutUnix": "1577813572", "hotelCheckInTS": "2019-12-28T17:32:52+00:00", "hotelCheckOutTS": "2019-12-31T17:32:52+00:00", "hotelChain": "Restful Nights", "hotelName": "Restful Nights: Moscow", "hotelLocation": "Moscow", "hotelRoomType": "premium", "hotelRoomCount": "1", "hotelGuestAdultCount": "1", "hotelGuestChildCount": "0", "hotelNightCount": "3", "hotelRoomPrice": "160.91", "hotelFinalPrice": "482.73"}}}
{"_id": "orderid:101216", "timestamp": "2020-01-14T01:48:39.000Z", "eventType": "transaction", "_adobeamericaspot3": {"CRMID": "crmid:4022216611", "orderDetails": {"orderID": "orderid:101216", "reservationid": "8ZO-T0AI", "orderType": "call center", "hotelSKU": "prd1106", "hotelCheckInUnix": "1580608119", "hotelCheckOutUnix": "1581126519", "hotelCheckInTS": "2020-02-02T01:48:39+00:00", "hotelCheckOutTS": "2020-02-08T01:48:39+00:00", "hotelChain": "Blue Reef Resort", "hotelName": "Blue Reef Resort: Munich", "hotelLocation": "Munich", "hotelRoomType": "standard", "hotelRoomCount": "1", "hotelGuestAdultCount": "1", "hotelGuestChildCount": "0", "hotelNightCount": "6", "hotelRoomPrice": "119.2", "hotelFinalPrice": "715.2"}}}
{"_id": "orderid:941313", "timestamp": "2019-12-08T05:19:26.000Z", "eventType": "transaction", "_adobeamericaspot3": {"CRMID": "crmid:9843791953", "orderDetails": {"orderID": "orderid:941313", "reservationid": "IYI-P1UD", "orderType": "website", "hotelSKU": "prd1088", "hotelCheckInUnix": "1576991966", "hotelCheckOutUnix": "1578028766", "hotelCheckInTS": "2019-12-22T05:19:26+00:00", "hotelCheckOutTS": "2020-01-03T05:19:26+00:00", "hotelChain": "Aspen Heights", "hotelName": "Aspen Heights: Ankara", "hotelLocation": "Ankara", "hotelRoomType": "standard", "hotelRoomCount": "1", "hotelGuestAdultCount": "1", "hotelGuestChildCount": "4", "hotelNightCount": "12", "hotelRoomPrice": "142.33", "hotelFinalPrice": "1707.96"}}}
{"_id": "orderid:379854", "timestamp": "2020-01-19T13:43:30.000Z", "eventType": "transaction", "_adobeamericaspot3": {"CRMID": "crmid:7255008830", "orderDetails": {"orderID": "orderid:379854", "reservationid": "T0Q-VLBY", "orderType": "call center", "hotelSKU": "prd1171", "hotelCheckInUnix": "1581774210", "hotelCheckOutUnix": "1582379010", "hotelCheckInTS": "2020-02-15T13:43:30+00:00", "hotelCheckOutTS": "2020-02-22T13:43:30+00:00", "hotelChain": "Family Fun Hotels", "hotelName": "Family Fun Hotels: Sacramento", "hotelLocation": "Sacramento", "hotelRoomType": "premium", "hotelRoomCount": "1", "hotelGuestAdultCount": "1", "hotelGuestChildCount": "0", "hotelNightCount": "7", "hotelRoomPrice": "132.5", "hotelFinalPrice": "927.5"}}}
{"_id": "orderid:990850", "timestamp": "2019-12-29T06:09:05.000Z", "eventType": "transaction", "_adobeamericaspot3": {"CRMID": "crmid:1858249361", "orderDetails": {"orderID": "orderid:990850", "reservationid": "ZIU-0IYM", "orderType": "kiosk", "hotelSKU": "prd1070", "hotelCheckInUnix": "1577772545", "hotelCheckOutUnix": "1578031745", "hotelCheckInTS": "2019-12-31T06:09:05+00:00", "hotelCheckOutTS": "2020-01-03T06:09:05+00:00", "hotelChain": "Blue Reef Resort", "hotelName": "Blue Reef Resort: Jakarta", "hotelLocation": "Jakarta", "hotelRoomType": "standard", "hotelRoomCount": "1", "hotelGuestAdultCount": "1", "hotelGuestChildCount": "0", "hotelNightCount": "3", "hotelRoomPrice": "116.84", "hotelFinalPrice": "350.52"}}}
{"_id": "orderid:635646", "timestamp": "2020-01-05T00:00:00.000Z", "eventType": "transaction", "_adobeamericaspot3": {"CRMID": "crmid:1858249361", "orderDetails": {"orderID": "orderid:635646", "reservationid": "T6C-BM0W", "orderType": "website", "hotelSKU": "prd1028", "hotelCheckInUnix": "1578268800", "hotelCheckOutUnix": "1578355200", "hotelCheckInTS": "2020-01-06T00:00:00+00:00", "hotelCheckOutTS": "2020-01-07T00:00:00+00:00", "hotelChain": "Aspen Heights", "hotelName": "Aspen Heights: Portland", "hotelLocation": "Portland", "hotelRoomType": "standard", "hotelRoomCount": "1", "hotelGuestAdultCount": "1", "hotelGuestChildCount": "0", "hotelNightCount": "1", "hotelRoomPrice": "121.76", "hotelFinalPrice": "121.76"}}}
{"_id": "orderid:148019", "timestamp": "2020-02-16T01:31:17.000Z", "eventType": "transaction", "_adobeamericaspot3": {"CRMID": "crmid:1761798940", "orderDetails": {"orderID": "orderid:148019", "reservationid": "ULF-DM8R", "orderType": "kiosk", "hotelSKU": "prd1158", "hotelCheckInUnix": "1583890277", "hotelCheckOutUnix": "1585531877", "hotelCheckInTS": "2020-03-11T01:31:17+00:00", "hotelCheckOutTS": "2020-03-30T01:31:17+00:00", "hotelChain": "Restful Nights", "hotelName": "Restful Nights: El Paso", "hotelLocation": "El Paso", "hotelRoomType": "standard", "hotelRoomCount": "1", "hotelGuestAdultCount": "1", "hotelGuestChildCount": "0", "hotelNightCount": "19", "hotelRoomPrice": "145.31", "hotelFinalPrice": "2760.89"}}}
{"_id": "orderid:299771", "timestamp": "2020-02-14T23:18:35.000Z", "eventType": "transaction", "_adobeamericaspot3": {"CRMID": "crmid:7076920728", "orderDetails": {"orderID": "orderid:299771", "reservationid": "7O0-NUEJ", "orderType": "website", "hotelSKU": "prd1182", "hotelCheckInUnix": "1581981515", "hotelCheckOutUnix": "1582067915", "hotelCheckInTS": "2020-02-17T23:18:35+00:00", "hotelCheckOutTS": "2020-02-18T23:18:35+00:00", "hotelChain": "Restful Nights", "hotelName": "Restful Nights: Minneapolis", "hotelLocation": "Minneapolis", "hotelRoomType": "standard", "hotelRoomCount": "1", "hotelGuestAdultCount": "1", "hotelGuestChildCount": "0", "hotelNightCount": "1", "hotelRoomPrice": "147.59", "hotelFinalPrice": "147.59"}}}
{"_id": "orderid:452195", "timestamp": "2020-02-20T00:00:00.000Z", "eventType": "transaction", "_adobeamericaspot3": {"CRMID": "crmid:7076920728", "orderDetails": {"orderID": "orderid:452195", "reservationid": "2UY-JG8E", "orderType": "call center", "hotelSKU": "prd1119", "hotelCheckInUnix": "1582243200", "hotelCheckOutUnix": "1582416000", "hotelCheckInTS": "2020-02-21T00:00:00+00:00", "hotelCheckOutTS": "2020-02-23T00:00:00+00:00", "hotelChain": "Hospitality Inn", "hotelName": "Hospitality Inn: Turin", "hotelLocation": "Turin", "hotelRoomType": "premium", "hotelRoomCount": "1", "hotelGuestAdultCount": "1", "hotelGuestChildCount": "0", "hotelNightCount": "2", "hotelRoomPrice": "139.4", "hotelFinalPrice": "278.8"}}}
{"_id": "orderid:141796", "timestamp": "2019-12-12T17:30:18.000Z", "eventType": "transaction", "_adobeamericaspot3": {"CRMID": "crmid:8455792609", "orderDetails": {"orderID": "orderid:141796", "reservationid": "EDV-POE0", "orderType": "kiosk", "hotelSKU": "prd1136", "hotelCheckInUnix": "1576603818", "hotelCheckOutUnix": "1576949418", "hotelCheckInTS": "2019-12-17T17:30:18+00:00", "hotelCheckOutTS": "2019-12-21T17:30:18+00:00", "hotelChain": "Aspen Heights", "hotelName": "Aspen Heights: Osaka", "hotelLocation": "Osaka", "hotelRoomType": "standard", "hotelRoomCount": "1", "hotelGuestAdultCount": "1", "hotelGuestChildCount": "0", "hotelNightCount": "4", "hotelRoomPrice": "150.35", "hotelFinalPrice": "601.4"}}}
{"_id": "orderid:116407", "timestamp": "2020-01-06T12:27:00.000Z", "eventType": "transaction", "_adobeamericaspot3": {"CRMID": "crmid:8846148788", "orderDetails": {"orderID": "orderid:116407", "reservationid": "GFE-IOWM", "orderType": "website", "hotelSKU": "prd1156", "hotelCheckInUnix": "1578400020", "hotelCheckOutUnix": "1578486420", "hotelCheckInTS": "2020-01-07T12:27:00+00:00", "hotelCheckOutTS": "2020-01-08T12:27:00+00:00", "hotelChain": "Sandhill", "hotelName": "Sandhill: Washington DC", "hotelLocation": "Washington DC", "hotelRoomType": "premium", "hotelRoomCount": "1", "hotelGuestAdultCount": "1", "hotelGuestChildCount": "0", "hotelNightCount": "1", "hotelRoomPrice": "117.22", "hotelFinalPrice": "117.22"}}}
{"_id": "orderid:488256", "timestamp": "2019-12-08T00:05:17.000Z", "eventType": "transaction", "_adobeamericaspot3": {"CRMID": "crmid:4944060558", "orderDetails": {"orderID": "orderid:488256", "reservationid": "GNR-TQZH", "orderType": "website", "hotelSKU": "prd1007", "hotelCheckInUnix": "1576541117", "hotelCheckOutUnix": "1576627517", "hotelCheckInTS": "2019-12-17T00:05:17+00:00", "hotelCheckOutTS": "2019-12-18T00:05:17+00:00", "hotelChain": "Nesting Box Inn", "hotelName": "Nesting Box Inn: Phoenix", "hotelLocation": "Phoenix", "hotelRoomType": "standard", "hotelRoomCount": "1", "hotelGuestAdultCount": "1", "hotelGuestChildCount": "0", "hotelNightCount": "1", "hotelRoomPrice": "140.37", "hotelFinalPrice": "140.37"}}}
{"_id": "orderid:657244", "timestamp": "2019-12-06T01:03:28.000Z", "eventType": "transaction", "_adobeamericaspot3": {"CRMID": "crmid:3623502767", "orderDetails": {"orderID": "orderid:657244", "reservationid": "USJ-UGOR", "orderType": "kiosk", "hotelSKU": "prd1167", "hotelCheckInUnix": "1575767008", "hotelCheckOutUnix": "1575939808", "hotelCheckInTS": "2019-12-08T01:03:28+00:00", "hotelCheckOutTS": "2019-12-10T01:03:28+00:00", "hotelChain": "Hospitality Inn", "hotelName": "Hospitality Inn: Milwaukee", "hotelLocation": "Milwaukee", "hotelRoomType": "standard", "hotelRoomCount": "1", "hotelGuestAdultCount": "1", "hotelGuestChildCount": "0", "hotelNightCount": "2", "hotelRoomPrice": "165.95", "hotelFinalPrice": "331.9"}}}
{"_id": "orderid:651278", "timestamp": "2020-01-19T18:19:04.000Z", "eventType": "transaction", "_adobeamericaspot3": {"CRMID": "crmid:4386192600", "orderDetails": {"orderID": "orderid:651278", "reservationid": "HPR-TEYY", "orderType": "website", "hotelSKU": "prd1145", "hotelCheckInUnix": "1579544344", "hotelCheckOutUnix": "1580062744", "hotelCheckInTS": "2020-01-20T18:19:04+00:00", "hotelCheckOutTS": "2020-01-26T18:19:04+00:00", "hotelChain": "Grandeur Hotels", "hotelName": "Grandeur Hotels: Dallas", "hotelLocation": "Dallas", "hotelRoomType": "premium", "hotelRoomCount": "1", "hotelGuestAdultCount": "1", "hotelGuestChildCount": "0", "hotelNightCount": "6", "hotelRoomPrice": "129.12", "hotelFinalPrice": "774.72"}}}
{"_id": "orderid:362218", "timestamp": "2020-01-10T05:00:22.000Z", "eventType": "transaction", "_adobeamericaspot3": {"CRMID": "crmid:8486748723", "orderDetails": {"orderID": "orderid:362218", "reservationid": "HOB-EUKM", "orderType": "website", "hotelSKU": "prd1016", "hotelCheckInUnix": "1578805222", "hotelCheckOutUnix": "1578891622", "hotelCheckInTS": "2020-01-12T05:00:22+00:00", "hotelCheckOutTS": "2020-01-13T05:00:22+00:00", "hotelChain": "Aspen Heights", "hotelName": "Aspen Heights: Columbus", "hotelLocation": "Columbus", "hotelRoomType": "standard", "hotelRoomCount": "1", "hotelGuestAdultCount": "1", "hotelGuestChildCount": "0", "hotelNightCount": "1", "hotelRoomPrice": "122.07", "hotelFinalPrice": "122.07"}}}
{"_id": "orderid:549086", "timestamp": "2020-01-12T09:12:53.000Z", "eventType": "transaction", "_adobeamericaspot3": {"CRMID": "crmid:4359514810", "orderDetails": {"orderID": "orderid:549086", "reservationid": "MN3-RXFT", "orderType": "kiosk", "hotelSKU": "prd1062", "hotelCheckInUnix": "1579597973", "hotelCheckOutUnix": "1580116373", "hotelCheckInTS": "2020-01-21T09:12:53+00:00", "hotelCheckOutTS": "2020-01-27T09:12:53+00:00", "hotelChain": "Restful Nights", "hotelName": "Restful Nights: Moscow", "hotelLocation": "Moscow", "hotelRoomType": "standard", "hotelRoomCount": "1", "hotelGuestAdultCount": "1", "hotelGuestChildCount": "0", "hotelNightCount": "6", "hotelRoomPrice": "153.61", "hotelFinalPrice": "921.66"}}}
{"_id": "orderid:427384", "timestamp": "2020-01-23T00:52:57.000Z", "eventType": "transaction", "_adobeamericaspot3": {"CRMID": "crmid:5246063423", "orderDetails": {"orderID": "orderid:427384", "reservationid": "9BM-IIYV", "orderType": "mobile", "hotelSKU": "prd1183", "hotelCheckInUnix": "1582073577", "hotelCheckOutUnix": "1582764777", "hotelCheckInTS": "2020-02-19T00:52:57+00:00", "hotelCheckOutTS": "2020-02-27T00:52:57+00:00", "hotelChain": "Family Fun Hotels", "hotelName": "Family Fun Hotels: Tulsa", "hotelLocation": "Tulsa", "hotelRoomType": "premium", "hotelRoomCount": "1", "hotelGuestAdultCount": "1", "hotelGuestChildCount": "0", "hotelNightCount": "8", "hotelRoomPrice": "186.89", "hotelFinalPrice": "1495.12"}}}
{"_id": "orderid:177475", "timestamp": "2020-01-15T03:31:51.000Z", "eventType": "transaction", "_adobeamericaspot3": {"CRMID": "crmid:9259337155", "orderDetails": {"orderID": "orderid:177475", "reservationid": "WZZ-3RAM", "orderType": "mobile", "hotelSKU": "prd1055", "hotelCheckInUnix": "1579145511", "hotelCheckOutUnix": "1579318311", "hotelCheckInTS": "2020-01-16T03:31:51+00:00", "hotelCheckOutTS": "2020-01-18T03:31:51+00:00", "hotelChain": "Nesting Box Inn", "hotelName": "Nesting Box Inn: Bakersfield", "hotelLocation": "Bakersfield", "hotelRoomType": "standard", "hotelRoomCount": "1", "hotelGuestAdultCount": "1", "hotelGuestChildCount": "0", "hotelNightCount": "2", "hotelRoomPrice": "126.2", "hotelFinalPrice": "252.4"}}}
{"_id": "orderid:996301", "timestamp": "2019-12-31T06:57:33.000Z", "eventType": "transaction", "_adobeamericaspot3": {"CRMID": "crmid:1817439326", "orderDetails": {"orderID": "orderid:996301", "reservationid": "HUW-PYUS", "orderType": "kiosk", "hotelSKU": "prd1045", "hotelCheckInUnix": "1578725853", "hotelCheckOutUnix": "1579503453", "hotelCheckInTS": "2020-01-11T06:57:33+00:00", "hotelCheckOutTS": "2020-01-20T06:57:33+00:00", "hotelChain": "Admiralty Plaza", "hotelName": "Admiralty Plaza: Miami", "hotelLocation": "Miami", "hotelRoomType": "premium", "hotelRoomCount": "1", "hotelGuestAdultCount": "1", "hotelGuestChildCount": "1", "hotelNightCount": "9", "hotelRoomPrice": "140.39", "hotelFinalPrice": "1263.51"}}}
{"_id": "orderid:402065", "timestamp": "2019-12-04T11:13:31.000Z", "eventType": "transaction", "_adobeamericaspot3": {"CRMID": "crmid:9898981098", "orderDetails": {"orderID": "orderid:402065", "reservationid": "NTN-JDJL", "orderType": "service desk", "hotelSKU": "prd1131", "hotelCheckInUnix": "1577272411", "hotelCheckOutUnix": "1577877211", "hotelCheckInTS": "2019-12-25T11:13:31+00:00", "hotelCheckOutTS": "2020-01-01T11:13:31+00:00", "hotelChain": "Hospitality Inn", "hotelName": "Hospitality Inn: Sheffield", "hotelLocation": "Sheffield", "hotelRoomType": "standard", "hotelRoomCount": "1", "hotelGuestAdultCount": "1", "hotelGuestChildCount": "0", "hotelNightCount": "7", "hotelRoomPrice": "129.46", "hotelFinalPrice": "906.22"}}}
{"_id": "orderid:359201", "timestamp": "2019-12-13T15:34:52.000Z", "eventType": "transaction", "_adobeamericaspot3": {"CRMID": "crmid:8764260073", "orderDetails": {"orderID": "orderid:359201", "reservationid": "5NX-XRDM", "orderType": "kiosk", "hotelSKU": "prd1161", "hotelCheckInUnix": "1578843292", "hotelCheckOutUnix": "1579275292", "hotelCheckInTS": "2020-01-12T15:34:52+00:00", "hotelCheckOutTS": "2020-01-17T15:34:52+00:00", "hotelChain": "Sapphire Suites", "hotelName": "Sapphire Suites: Memphis", "hotelLocation": "Memphis", "hotelRoomType": "standard", "hotelRoomCount": "1", "hotelGuestAdultCount": "1", "hotelGuestChildCount": "0", "hotelNightCount": "5", "hotelRoomPrice": "142.84", "hotelFinalPrice": "714.2"}}}
{"_id": "orderid:516958", "timestamp": "2019-12-13T16:23:16.000Z", "eventType": "transaction", "_adobeamericaspot3": {"CRMID": "crmid:9302545022", "orderDetails": {"orderID": "orderid:516958", "reservationid": "6FI-SY7G", "orderType": "kiosk", "hotelSKU": "prd1074", "hotelCheckInUnix": "1578241396", "hotelCheckOutUnix": "1579105396", "hotelCheckInTS": "2020-01-05T16:23:16+00:00", "hotelCheckOutTS": "2020-01-15T16:23:16+00:00", "hotelChain": "Restful Nights", "hotelName": "Restful Nights: Mexico City", "hotelLocation": "Mexico City", "hotelRoomType": "luxury", "hotelRoomCount": "1", "hotelGuestAdultCount": "1", "hotelGuestChildCount": "0", "hotelNightCount": "10", "hotelRoomPrice": "385.51", "hotelFinalPrice": "3855.1"}}}
{"_id": "orderid:278044", "timestamp": "2020-02-13T07:07:09.000Z", "eventType": "transaction", "_adobeamericaspot3": {"CRMID": "crmid:7144701060", "orderDetails": {"orderID": "orderid:278044", "reservationid": "MM6-YAAP", "orderType": "website", "hotelSKU": "prd1190", "hotelCheckInUnix": "1581750429", "hotelCheckOutUnix": "1582441629", "hotelCheckInTS": "2020-02-15T07:07:09+00:00", "hotelCheckOutTS": "2020-02-23T07:07:09+00:00", "hotelChain": "Blue Reef Resort", "hotelName": "Blue Reef Resort: Aurora", "hotelLocation": "Aurora", "hotelRoomType": "standard", "hotelRoomCount": "1", "hotelGuestAdultCount": "1", "hotelGuestChildCount": "0", "hotelNightCount": "8", "hotelRoomPrice": "118.43", "hotelFinalPrice": "947.44"}}}
{"_id": "orderid:686584", "timestamp": "2020-02-16T15:46:10.000Z", "eventType": "transaction", "_adobeamericaspot3": {"CRMID": "crmid:7706798327", "orderDetails": {"orderID": "orderid:686584", "reservationid": "XK1-WTKH", "orderType": "call center", "hotelSKU": "prd1197", "hotelCheckInUnix": "1581954370", "hotelCheckOutUnix": "1582299970", "hotelCheckInTS": "2020-02-17T15:46:10+00:00", "hotelCheckOutTS": "2020-02-21T15:46:10+00:00", "hotelChain": "Sapphire Suites", "hotelName": "Sapphire Suites: London", "hotelLocation": "London", "hotelRoomType": "presidential-suite", "hotelRoomCount": "1", "hotelGuestAdultCount": "1", "hotelGuestChildCount": "0", "hotelNightCount": "4", "hotelRoomPrice": "889.08", "hotelFinalPrice": "3556.32"}}}
{"_id": "orderid:818962", "timestamp": "2019-12-01T17:19:01.000Z", "eventType": "transaction", "_adobeamericaspot3": {"CRMID": "crmid:3066113079", "orderDetails": {"orderID": "orderid:818962", "reservationid": "Y4Y-P5JN", "orderType": "website", "hotelSKU": "prd1004", "hotelCheckInUnix": "1575393541", "hotelCheckOutUnix": "1575566341", "hotelCheckInTS": "2019-12-03T17:19:01+00:00", "hotelCheckOutTS": "2019-12-05T17:19:01+00:00", "hotelChain": "Aspen Heights", "hotelName": "Aspen Heights: Boulder", "hotelLocation": "Boulder", "hotelRoomType": "premium", "hotelRoomCount": "1", "hotelGuestAdultCount": "1", "hotelGuestChildCount": "0", "hotelNightCount": "2", "hotelRoomPrice": "149.33", "hotelFinalPrice": "298.66"}}}
{"_id": "orderid:232244", "timestamp": "2020-02-16T18:51:36.000Z", "eventType": "transaction", "_adobeamericaspot3": {"CRMID": "crmid:1314626115", "orderDetails": {"orderID": "orderid:232244", "reservationid": "2ZU-CI32", "orderType": "mobile", "hotelSKU": "prd1083", "hotelCheckInUnix": "1583779896", "hotelCheckOutUnix": "1584125496", "hotelCheckInTS": "2020-03-09T18:51:36+00:00", "hotelCheckOutTS": "2020-03-13T18:51:36+00:00", "hotelChain": "Hospitality Inn", "hotelName": "Hospitality Inn: Bangkok", "hotelLocation": "Bangkok", "hotelRoomType": "standard", "hotelRoomCount": "1", "hotelGuestAdultCount": "1", "hotelGuestChildCount": "0", "hotelNightCount": "4", "hotelRoomPrice": "124.71", "hotelFinalPrice": "498.84"}}}
{"_id": "orderid:217548", "timestamp": "2020-01-29T20:46:14.000Z", "eventType": "transaction", "_adobeamericaspot3": {"CRMID": "crmid:7558467402", "orderDetails": {"orderID": "orderid:217548", "reservationid": "KVD-EUSW", "orderType": "call center", "hotelSKU": "prd1191", "hotelCheckInUnix": "1582577174", "hotelCheckOutUnix": "1583354774", "hotelCheckInTS": "2020-02-24T20:46:14+00:00", "hotelCheckOutTS": "2020-03-04T20:46:14+00:00", "hotelChain": "Hospitality Inn", "hotelName": "Hospitality Inn: Mumbai", "hotelLocation": "Mumbai", "hotelRoomType": "standard", "hotelRoomCount": "1", "hotelGuestAdultCount": "1", "hotelGuestChildCount": "2", "hotelNightCount": "9", "hotelRoomPrice": "154.18", "hotelFinalPrice": "1387.62"}}}
{"_id": "orderid:579684", "timestamp": "2019-12-30T12:42:39.000Z", "eventType": "transaction", "_adobeamericaspot3": {"CRMID": "crmid:6398743090", "orderDetails": {"orderID": "orderid:579684", "reservationid": "DH9-EV8B", "orderType": "call center", "hotelSKU": "prd1011", "hotelCheckInUnix": "1579956159", "hotelCheckOutUnix": "1580042559", "hotelCheckInTS": "2020-01-25T12:42:39+00:00", "hotelCheckOutTS": "2020-01-26T12:42:39+00:00", "hotelChain": "Hospitality Inn", "hotelName": "Hospitality Inn: Dallas", "hotelLocation": "Dallas", "hotelRoomType": "standard", "hotelRoomCount": "1", "hotelGuestAdultCount": "1", "hotelGuestChildCount": "4", "hotelNightCount": "1", "hotelRoomPrice": "126.44", "hotelFinalPrice": "126.44"}}}
{"_id": "orderid:726966", "timestamp": "2019-12-05T23:50:48.000Z", "eventType": "transaction", "_adobeamericaspot3": {"CRMID": "crmid:1004626489", "orderDetails": {"orderID": "orderid:726966", "reservationid": "C1F-CGQV", "orderType": "mobile", "hotelSKU": "prd1177", "hotelCheckInUnix": "1576626648", "hotelCheckOutUnix": "1577404248", "hotelCheckInTS": "2019-12-17T23:50:48+00:00", "hotelCheckOutTS": "2019-12-26T23:50:48+00:00", "hotelChain": "Admiralty Plaza", "hotelName": "Admiralty Plaza: Raleigh", "hotelLocation": "Raleigh", "hotelRoomType": "standard", "hotelRoomCount": "1", "hotelGuestAdultCount": "1", "hotelGuestChildCount": "2", "hotelNightCount": "9", "hotelRoomPrice": "170.29", "hotelFinalPrice": "1532.61"}}}
{"_id": "orderid:735111", "timestamp": "2020-02-08T23:02:56.000Z", "eventType": "transaction", "_adobeamericaspot3": {"CRMID": "crmid:6563024584", "orderDetails": {"orderID": "orderid:735111", "reservationid": "BUF-WS8Q", "orderType": "call center", "hotelSKU": "prd1091", "hotelCheckInUnix": "1581289376", "hotelCheckOutUnix": "1581634976", "hotelCheckInTS": "2020-02-09T23:02:56+00:00", "hotelCheckOutTS": "2020-02-13T23:02:56+00:00", "hotelChain": "Nesting Box Inn", "hotelName": "Nesting Box Inn: New Taipei", "hotelLocation": "New Taipei", "hotelRoomType": "standard", "hotelRoomCount": "1", "hotelGuestAdultCount": "1", "hotelGuestChildCount": "0", "hotelNightCount": "4", "hotelRoomPrice": "161.89", "hotelFinalPrice": "647.56"}}}
{"_id": "orderid:964044", "timestamp": "2019-12-11T17:47:41.000Z", "eventType": "transaction", "_adobeamericaspot3": {"CRMID": "crmid:1927429603", "orderDetails": {"orderID": "orderid:964044", "reservationid": "7CQ-GM4X", "orderType": "service desk", "hotelSKU": "prd1119", "hotelCheckInUnix": "1577036861", "hotelCheckOutUnix": "1577296061", "hotelCheckInTS": "2019-12-22T17:47:41+00:00", "hotelCheckOutTS": "2019-12-25T17:47:41+00:00", "hotelChain": "Hospitality Inn", "hotelName": "Hospitality Inn: Turin", "hotelLocation": "Turin", "hotelRoomType": "premium", "hotelRoomCount": "1", "hotelGuestAdultCount": "1", "hotelGuestChildCount": "0", "hotelNightCount": "3", "hotelRoomPrice": "124.17", "hotelFinalPrice": "372.51"}}}
{"_id": "orderid:352558", "timestamp": "2020-01-18T21:10:26.000Z", "eventType": "transaction", "_adobeamericaspot3": {"CRMID": "crmid:5947877357", "orderDetails": {"orderID": "orderid:352558", "reservationid": "YNP-S80M", "orderType": "mobile", "hotelSKU": "prd1001", "hotelCheckInUnix": "1581714626", "hotelCheckOutUnix": "1582319426", "hotelCheckInTS": "2020-02-14T21:10:26+00:00", "hotelCheckOutTS": "2020-02-21T21:10:26+00:00", "hotelChain": "Grandeur Hotels", "hotelName": "Grandeur Hotels: New York", "hotelLocation": "New York", "hotelRoomType": "premium", "hotelRoomCount": "1", "hotelGuestAdultCount": "1", "hotelGuestChildCount": "1", "hotelNightCount": "7", "hotelRoomPrice": "149.46", "hotelFinalPrice": "1046.22"}}}
{"_id": "orderid:766148", "timestamp": "2020-02-06T09:38:35.000Z", "eventType": "transaction", "_adobeamericaspot3": {"CRMID": "crmid:6575716807", "orderDetails": {"orderID": "orderid:766148", "reservationid": "XSR-GNTI", "orderType": "call center", "hotelSKU": "prd1141", "hotelCheckInUnix": "1581413915", "hotelCheckOutUnix": "1582191515", "hotelCheckInTS": "2020-02-11T09:38:35+00:00", "hotelCheckOutTS": "2020-02-20T09:38:35+00:00", "hotelChain": "Admiralty Plaza", "hotelName": "Admiralty Plaza: Phoenix", "hotelLocation": "Phoenix", "hotelRoomType": "standard", "hotelRoomCount": "1", "hotelGuestAdultCount": "1", "hotelGuestChildCount": "0", "hotelNightCount": "9", "hotelRoomPrice": "137.85", "hotelFinalPrice": "1240.65"}}}
{"_id": "orderid:908089", "timestamp": "2020-02-13T03:03:03.000Z", "eventType": "transaction", "_adobeamericaspot3": {"CRMID": "crmid:4364391507", "orderDetails": {"orderID": "orderid:908089", "reservationid": "0ST-JONF", "orderType": "website", "hotelSKU": "prd1048", "hotelCheckInUnix": "1583377383", "hotelCheckOutUnix": "1583982183", "hotelCheckInTS": "2020-03-05T03:03:03+00:00", "hotelCheckOutTS": "2020-03-12T03:03:03+00:00", "hotelChain": "Sandhill", "hotelName": "Sandhill: Minneapolis", "hotelLocation": "Minneapolis", "hotelRoomType": "standard", "hotelRoomCount": "1", "hotelGuestAdultCount": "1", "hotelGuestChildCount": "0", "hotelNightCount": "7", "hotelRoomPrice": "145.33", "hotelFinalPrice": "1017.31"}}}
{"_id": "orderid:488421", "timestamp": "2019-12-27T08:07:51.000Z", "eventType": "transaction", "_adobeamericaspot3": {"CRMID": "crmid:1603559788", "orderDetails": {"orderID": "orderid:488421", "reservationid": "EZQ-FDQX", "orderType": "call center", "hotelSKU": "prd1018", "hotelCheckInUnix": "1577520471", "hotelCheckOutUnix": "1577693271", "hotelCheckInTS": "2019-12-28T08:07:51+00:00", "hotelCheckOutTS": "2019-12-30T08:07:51+00:00", "hotelChain": "Sego Lily Suites", "hotelName": "Sego Lily Suites: Indianapolis", "hotelLocation": "Indianapolis", "hotelRoomType": "premium", "hotelRoomCount": "1", "hotelGuestAdultCount": "1", "hotelGuestChildCount": "0", "hotelNightCount": "2", "hotelRoomPrice": "139.19", "hotelFinalPrice": "278.38"}}}
{"_id": "orderid:416732", "timestamp": "2020-01-04T23:28:29.000Z", "eventType": "transaction", "_adobeamericaspot3": {"CRMID": "crmid:1109557696", "orderDetails": {"orderID": "orderid:416732", "reservationid": "JSO-8LWR", "orderType": "call center", "hotelSKU": "prd1051", "hotelCheckInUnix": "1578266909", "hotelCheckOutUnix": "1578439709", "hotelCheckInTS": "2020-01-05T23:28:29+00:00", "hotelCheckOutTS": "2020-01-07T23:28:29+00:00", "hotelChain": "Family Fun Hotels", "hotelName": "Family Fun Hotels: New Orleans", "hotelLocation": "New Orleans", "hotelRoomType": "premium", "hotelRoomCount": "1", "hotelGuestAdultCount": "1", "hotelGuestChildCount": "0", "hotelNightCount": "2", "hotelRoomPrice": "187.34", "hotelFinalPrice": "374.68"}}}
{"_id": "orderid:857280", "timestamp": "2020-01-25T08:14:16.000Z", "eventType": "transaction", "_adobeamericaspot3": {"CRMID": "crmid:5642538236", "orderDetails": {"orderID": "orderid:857280", "reservationid": "OEN-YV9K", "orderType": "mobile", "hotelSKU": "prd1100", "hotelCheckInUnix": "1580026456", "hotelCheckOutUnix": "1580112856", "hotelCheckInTS": "2020-01-26T08:14:16+00:00", "hotelCheckOutTS": "2020-01-27T08:14:16+00:00", "hotelChain": "Aspen Heights", "hotelName": "Aspen Heights: Misk", "hotelLocation": "Misk", "hotelRoomType": "standard", "hotelRoomCount": "1", "hotelGuestAdultCount": "1", "hotelGuestChildCount": "0", "hotelNightCount": "1", "hotelRoomPrice": "113.78", "hotelFinalPrice": "113.78"}}}
{"_id": "orderid:280057", "timestamp": "2020-01-08T08:32:54.000Z", "eventType": "transaction", "_adobeamericaspot3": {"CRMID": "crmid:2679764127", "orderDetails": {"orderID": "orderid:280057", "reservationid": "TZW-JZV6", "orderType": "call center", "hotelSKU": "prd1189", "hotelCheckInUnix": "1578558774", "hotelCheckOutUnix": "1578645174", "hotelCheckInTS": "2020-01-09T08:32:54+00:00", "hotelCheckOutTS": "2020-01-10T08:32:54+00:00", "hotelChain": "Admiralty Plaza", "hotelName": "Admiralty Plaza: Bakersfield", "hotelLocation": "Bakersfield", "hotelRoomType": "premium", "hotelRoomCount": "1", "hotelGuestAdultCount": "1", "hotelGuestChildCount": "0", "hotelNightCount": "1", "hotelRoomPrice": "101.36", "hotelFinalPrice": "101.36"}}}
{"_id": "orderid:310531", "timestamp": "2020-02-09T12:18:25.000Z", "eventType": "transaction", "_adobeamericaspot3": {"CRMID": "crmid:9735042790", "orderDetails": {"orderID": "orderid:310531", "reservationid": "DJD-RMGQ", "orderType": "website", "hotelSKU": "prd1072", "hotelCheckInUnix": "1582287505", "hotelCheckOutUnix": "1583151505", "hotelCheckInTS": "2020-02-21T12:18:25+00:00", "hotelCheckOutTS": "2020-03-02T12:18:25+00:00", "hotelChain": "Sandhill", "hotelName": "Sandhill: Tokyo", "hotelLocation": "Tokyo", "hotelRoomType": "standard", "hotelRoomCount": "1", "hotelGuestAdultCount": "1", "hotelGuestChildCount": "0", "hotelNightCount": "10", "hotelRoomPrice": "137.85", "hotelFinalPrice": "1378.5"}}}
{"_id": "orderid:814044", "timestamp": "2020-02-09T15:01:13.000Z", "eventType": "transaction", "_adobeamericaspot3": {"CRMID": "crmid:8120592570", "orderDetails": {"orderID": "orderid:814044", "reservationid": "W9Y-BDDM", "orderType": "kiosk", "hotelSKU": "prd1153", "hotelCheckInUnix": "1582124473", "hotelCheckOutUnix": "1582556473", "hotelCheckInTS": "2020-02-19T15:01:13+00:00", "hotelCheckOutTS": "2020-02-24T15:01:13+00:00", "hotelChain": "Admiralty Plaza", "hotelName": "Admiralty Plaza: Charlotte", "hotelLocation": "Charlotte", "hotelRoomType": "standard", "hotelRoomCount": "1", "hotelGuestAdultCount": "1", "hotelGuestChildCount": "0", "hotelNightCount": "5", "hotelRoomPrice": "125.92", "hotelFinalPrice": "629.6"}}}
{"_id": "orderid:382505", "timestamp": "2020-01-23T15:47:48.000Z", "eventType": "transaction", "_adobeamericaspot3": {"CRMID": "crmid:4022548070", "orderDetails": {"orderID": "orderid:382505", "reservationid": "4ZR-HHUA", "orderType": "call center", "hotelSKU": "prd1082", "hotelCheckInUnix": "1581954468", "hotelCheckOutUnix": "1582732068", "hotelCheckInTS": "2020-02-17T15:47:48+00:00", "hotelCheckOutTS": "2020-02-26T15:47:48+00:00", "hotelChain": "Blue Reef Resort", "hotelName": "Blue Reef Resort: Surat", "hotelLocation": "Surat", "hotelRoomType": "premium", "hotelRoomCount": "1", "hotelGuestAdultCount": "1", "hotelGuestChildCount": "4", "hotelNightCount": "9", "hotelRoomPrice": "148.84", "hotelFinalPrice": "1339.56"}}}
{"_id": "orderid:286303", "timestamp": "2019-12-05T02:56:55.000Z", "eventType": "transaction", "_adobeamericaspot3": {"CRMID": "crmid:3132729027", "orderDetails": {"orderID": "orderid:286303", "reservationid": "RGF-ZE05", "orderType": "service desk", "hotelSKU": "prd1098", "hotelCheckInUnix": "1577761015", "hotelCheckOutUnix": "1578365815", "hotelCheckInTS": "2019-12-31T02:56:55+00:00", "hotelCheckOutTS": "2020-01-07T02:56:55+00:00", "hotelChain": "Restful Nights", "hotelName": "Restful Nights: Kiev", "hotelLocation": "Kiev", "hotelRoomType": "ultra-luxury", "hotelRoomCount": "1", "hotelGuestAdultCount": "1", "hotelGuestChildCount": "0", "hotelNightCount": "7", "hotelRoomPrice": "419.1", "hotelFinalPrice": "2933.7"}}}
{"_id": "orderid:103810", "timestamp": "2020-01-30T22:59:35.000Z", "eventType": "transaction", "_adobeamericaspot3": {"CRMID": "crmid:1752757882", "orderDetails": {"orderID": "orderid:103810", "reservationid": "5QO-BHFQ", "orderType": "website", "hotelSKU": "prd1035", "hotelCheckInUnix": "1580684375", "hotelCheckOutUnix": "1580857175", "hotelCheckInTS": "2020-02-02T22:59:35+00:00", "hotelCheckOutTS": "2020-02-04T22:59:35+00:00", "hotelChain": "Hospitality Inn", "hotelName": "Hospitality Inn: Tucson", "hotelLocation": "Tucson", "hotelRoomType": "premium", "hotelRoomCount": "1", "hotelGuestAdultCount": "1", "hotelGuestChildCount": "0", "hotelNightCount": "2", "hotelRoomPrice": "149.37", "hotelFinalPrice": "298.74"}}}
{"_id": "orderid:271325", "timestamp": "2019-12-13T00:50:06.000Z", "eventType": "transaction", "_adobeamericaspot3": {"CRMID": "crmid:8753315728", "orderDetails": {"orderID": "orderid:271325", "reservationid": "HK4-PBQD", "orderType": "mobile", "hotelSKU": "prd1061", "hotelCheckInUnix": "1578099006", "hotelCheckOutUnix": "1578617406", "hotelCheckInTS": "2020-01-04T00:50:06+00:00", "hotelCheckOutTS": "2020-01-10T00:50:06+00:00", "hotelChain": "Grandeur Hotels", "hotelName": "Grandeur Hotels: Lahore", "hotelLocation": "Lahore", "hotelRoomType": "standard", "hotelRoomCount": "1", "hotelGuestAdultCount": "1", "hotelGuestChildCount": "1", "hotelNightCount": "6", "hotelRoomPrice": "186.33", "hotelFinalPrice": "1117.98"}}}
