{"_id": "fb072990-53c8-11ea-924e-b88a60e194fb", "timestamp": "2019-12-16T14:40:43.000Z", "eventType": "transaction", "_adobeamericaspot3": {"CRMID": "crmid:8673695695", "orderDetails": {"orderID": "orderid:129154", "reservationid": "H3X-FKO1", "orderType": "website"}}}
{"_id": "fb092542-53c8-11ea-988a-b88a60e194fb", "timestamp": "2020-02-06T10:33:33.000Z", "eventType": "transaction", "_adobeamericaspot3": {"CRMID": "crmid:3557209563", "orderDetails": {"orderID": "orderid:106426", "reservationid": "MDW-1WRX", "orderType": "call center"}}}
{"_id": "fb0a5dd4-53c8-11ea-a8b7-b88a60e194fb", "timestamp": "2019-12-06T14:58:04.000Z", "eventType": "transaction", "_adobeamericaspot3": {"CRMID": "crmid:2128439647", "orderDetails": {"orderID": "orderid:501339", "reservationid": "EAY-1S7P", "orderType": "mobile"}}}
{"_id": "fb0b481e-53c8-11ea-98fc-b88a60e194fb", "timestamp": "2019-12-06T09:25:12.000Z", "eventType": "transaction", "_adobeamericaspot3": {"CRMID": "crmid:1412279708", "orderDetails": {"orderID": "orderid:825445", "reservationid": "PRW-CGTZ", "orderType": "website"}}}
{"_id": "fb0c3280-53c8-11ea-b1e6-b88a60e194fb", "timestamp": "2019-12-17T16:20:27.000Z", "eventType": "transaction", "_adobeamericaspot3": {"CRMID": "crmid:5313250631", "orderDetails": {"orderID": "orderid:600985", "reservationid": "EG4-KVZR", "orderType": "kiosk"}}}
{"_id": "fb0d1d14-53c8-11ea-8231-b88a60e194fb", "timestamp": "2020-01-07T17:23:04.000Z", "eventType": "transaction", "_adobeamericaspot3": {"CRMID": "crmid:1097033996", "orderDetails": {"orderID": "orderid:325784", "reservationid": "ALO-NQDY", "orderType": "website"}}}
{"_id": "fb0de02e-53c8-11ea-8912-b88a60e194fb", "timestamp": "2019-12-23T05:48:05.000Z", "eventType": "transaction", "_adobeamericaspot3": {"CRMID": "crmid:2154215116", "orderDetails": {"orderID": "orderid:287761", "reservationid": "VVK-YSTW", "orderType": "mobile"}}}
{"_id": "fb0eca8c-53c8-11ea-9183-b88a60e194fb", "timestamp": "2019-12-15T22:26:29.000Z", "eventType": "transaction", "_adobeamericaspot3": {"CRMID": "crmid:8718236444", "orderDetails": {"orderID": "orderid:740685", "reservationid": "5BK-NSUO", "orderType": "website"}}}
{"_id": "fb0f8ddc-53c8-11ea-b471-b88a60e194fb", "timestamp": "2019-12-05T12:50:51.000Z", "eventType": "transaction", "_adobeamericaspot3": {"CRMID": "crmid:1265908462", "orderDetails": {"orderID": "orderid:260126", "reservationid": "X52-AIYG", "orderType": "mobile"}}}
{"_id": "fb10794a-53c8-11ea-b63d-b88a60e194fb", "timestamp": "2020-01-18T09:23:02.000Z", "eventType": "transaction", "_adobeamericaspot3": {"CRMID": "crmid:7710708817", "orderDetails": {"orderID": "orderid:544301", "reservationid": "GU6-NKSV", "orderType": "kiosk"}}}
{"_id": "fb1162ba-53c8-11ea-9c63-b88a60e194fb", "timestamp": "2020-01-18T03:56:48.000Z", "eventType": "transaction", "_adobeamericaspot3": {"CRMID": "crmid:5249091423", "orderDetails": {"orderID": "orderid:894860", "reservationid": "7KJ-ONWV", "orderType": "mobile"}}}
{"_id": "fb122706-53c8-11ea-bfad-b88a60e194fb", "timestamp": "2019-12-19T14:43:24.000Z", "eventType": "transaction", "_adobeamericaspot3": {"CRMID": "crmid:2290560333", "orderDetails": {"orderID": "orderid:260839", "reservationid": "MWJ-EBQD", "orderType": "call center"}}}
{"_id": "fb1338e2-53c8-11ea-bbf3-b88a60e194fb", "timestamp": "2019-12-26T07:32:19.000Z", "eventType": "transaction", "_adobeamericaspot3": {"CRMID": "crmid:4523711710", "orderDetails": {"orderID": "orderid:552732", "reservationid": "VTU-XSIF", "orderType": "website"}}}
{"_id": "fb1422cc-53c8-11ea-a9af-b88a60e194fb", "timestamp": "2020-02-06T05:34:14.000Z", "eventType": "transaction", "_adobeamericaspot3": {"CRMID": "crmid:8968681534", "orderDetails": {"orderID": "orderid:997741", "reservationid": "ZIQ-PZ2T", "orderType": "mobile"}}}
{"_id": "fb150d28-53c8-11ea-b266-b88a60e194fb", "timestamp": "2020-01-11T14:40:56.000Z", "eventType": "transaction", "_adobeamericaspot3": {"CRMID": "crmid:4429414389", "orderDetails": {"orderID": "orderid:439556", "reservationid": "73K-CACM", "orderType": "kiosk"}}}
{"_id": "fb15d078-53c8-11ea-86ef-b88a60e194fb", "timestamp": "2020-02-02T12:10:22.000Z", "eventType": "transaction", "_adobeamericaspot3": {"CRMID": "crmid:9420277509", "orderDetails": {"orderID": "orderid:236695", "reservationid": "E0G-XRUJ", "orderType": "service desk"}}}
{"_id": "fb16bade-53c8-11ea-85a5-b88a60e194fb", "timestamp": "2019-12-04T16:41:58.000Z", "eventType": "transaction", "_adobeamericaspot3": {"CRMID": "crmid:7367788311", "orderDetails": {"orderID": "orderid:954993", "reservationid": "ZVU-HBMO", "orderType": "call center"}}}
{"_id": "fb17a578-53c8-11ea-9cdc-b88a60e194fb", "timestamp": "2020-01-29T13:49:37.000Z", "eventType": "transaction", "_adobeamericaspot3": {"CRMID": "crmid:9630094242", "orderDetails": {"orderID": "orderid:867453", "reservationid": "GD0-EYGC", "orderType": "website"}}}
{"_id": "fb188fd2-53c8-11ea-89e7-b88a60e194fb", "timestamp": "2020-01-05T17:30:37.000Z", "eventType": "transaction", "_adobeamericaspot3": {"CRMID": "crmid:1975281792", "orderDetails": {"orderID": "orderid:571660", "reservationid": "FVS-1LMO", "orderType": "call center"}}}
{"_id": "fb195328-53c8-11ea-ba5c-b88a60e194fb", "timestamp": "2020-01-25T00:42:07.000Z", "eventType": "transaction", "_adobeamericaspot3": {"CRMID": "crmid:8611177535", "orderDetails": {"orderID": "orderid:264312", "reservationid": "PYY-GNLU", "orderType": "call center"}}}
{"_id": "fb1a3d8c-53c8-11ea-b565-b88a60e194fb", "timestamp": "2020-02-04T08:07:01.000Z", "eventType": "transaction", "_adobeamericaspot3": {"CRMID": "crmid:9183355168", "orderDetails": {"orderID": "orderid:721232", "reservationid": "DCL-COBW", "orderType": "website"}}}
{"_id": "fb1b27ee-53c8-11ea-92e2-b88a60e194fb", "timestamp": "2019-12-03T02:39:56.000Z", "eventType": "transaction", "_adobeamericaspot3": {"CRMID": "crmid:6393980266", "orderDetails": {"orderID": "orderid:255418", "reservationid": "LLE-ZVCH", "orderType": "website"}}}
{"_id": "fb1c125c-53c8-11ea-b263-b88a60e194fb", "timestamp": "2019-12-05T06:32:47.000Z", "eventType": "transaction", "_adobeamericaspot3": {"CRMID": "crmid:2067579950", "orderDetails": {"orderID": "orderid:674812", "reservationid": "KIX-EA3K", "orderType": "call center"}}}
{"_id": "fb1f9378-53c8-11ea-a617-b88a60e194fb", "timestamp": "2020-01-01T22:42:17.000Z", "eventType": "transaction", "_adobeamericaspot3": {"CRMID": "crmid:3770945242", "orderDetails": {"orderID": "orderid:155424", "reservationid": "HDM-RSY4", "orderType": "website"}}}
{"_id": "fb207f3a-53c8-11ea-b8a5-b88a60e194fb", "timestamp": "2019-12-25T11:10:00.000Z", "eventType": "transaction", "_adobeamericaspot3": {"CRMID": "crmid:1979865380", "orderDetails": {"orderID": "orderid:460089", "reservationid": "ATR-2AHS", "orderType": "mobile"}}}
{"_id": "fb21697e-53c8-11ea-8d94-b88a60e194fb", "timestamp": "2019-12-03T20:07:52.000Z", "eventType": "transaction", "_adobeamericaspot3": {"CRMID": "crmid:7428151554", "orderDetails": {"orderID": "orderid:552473", "reservationid": "PO3-TXAO", "orderType": "kiosk"}}}
{"_id": "fb222ce2-53c8-11ea-942c-b88a60e194fb", "timestamp": "2020-02-16T19:26:38.000Z", "eventType": "transaction", "_adobeamericaspot3": {"CRMID": "crmid:9656132660", "orderDetails": {"orderID": "orderid:410525", "reservationid": "TBH-FBWT", "orderType": "call center"}}}
{"_id": "fb2315e2-53c8-11ea-8501-b88a60e194fb", "timestamp": "2020-01-30T11:32:48.000Z", "eventType": "transaction", "_adobeamericaspot3": {"CRMID": "crmid:6240066004", "orderDetails": {"orderID": "orderid:121412", "reservationid": "UIB-3WKX", "orderType": "call center"}}}
{"_id": "fb23da76-53c8-11ea-9800-b88a60e194fb", "timestamp": "2020-01-05T00:21:14.000Z", "eventType": "transaction", "_adobeamericaspot3": {"CRMID": "crmid:3706294904", "orderDetails": {"orderID": "orderid:804349", "reservationid": "2UG-HMQ0", "orderType": "service desk"}}}
{"_id": "fb24ebec-53c8-11ea-9681-b88a60e194fb", "timestamp": "2020-01-04T00:04:16.000Z", "eventType": "transaction", "_adobeamericaspot3": {"CRMID": "crmid:3570016396", "orderDetails": {"orderID": "orderid:210983", "reservationid": "7DR-LCMX", "orderType": "call center"}}}
{"_id": "fb25d648-53c8-11ea-8fcb-b88a60e194fb", "timestamp": "2020-01-23T12:51:31.000Z", "eventType": "transaction", "_adobeamericaspot3": {"CRMID": "crmid:3023001293", "orderDetails": {"orderID": "orderid:536635", "reservationid": "YEM-JK8J", "orderType": "call center"}}}
{"_id": "fb2699a2-53c8-11ea-ab7b-b88a60e194fb", "timestamp": "2020-01-13T02:01:41.000Z", "eventType": "transaction", "_adobeamericaspot3": {"CRMID": "crmid:5369694552", "orderDetails": {"orderID": "orderid:174908", "reservationid": "TWL-P5IS", "orderType": "service desk"}}}
{"_id": "fb2783fe-53c8-11ea-bdc3-b88a60e194fb", "timestamp": "2019-12-18T05:54:05.000Z", "eventType": "transaction", "_adobeamericaspot3": {"CRMID": "crmid:2073564896", "orderDetails": {"orderID": "orderid:143043", "reservationid": "SUZ-DWTN", "orderType": "website"}}}
{"_id": "fb289568-53c8-11ea-858b-b88a60e194fb", "timestamp": "2020-01-29T21:58:51.000Z", "eventType": "transaction", "_adobeamericaspot3": {"CRMID": "crmid:3340132492", "orderDetails": {"orderID": "orderid:958480", "reservationid": "JVC-5BUI", "orderType": "kiosk"}}}
{"_id": "fb29a6dc-53c8-11ea-b9f5-b88a60e194fb", "timestamp": "2020-01-02T15:18:09.000Z", "eventType": "transaction", "_adobeamericaspot3": {"CRMID": "crmid:2411383637", "orderDetails": {"orderID": "orderid:813101", "reservationid": "GUX-FMH6", "orderType": "kiosk"}}}
{"_id": "fb2a6a28-53c8-11ea-b79d-b88a60e194fb", "timestamp": "2019-12-17T10:48:56.000Z", "eventType": "transaction", "_adobeamericaspot3": {"CRMID": "crmid:1482979519", "orderDetails": {"orderID": "orderid:737650", "reservationid": "CMI-JYRR", "orderType": "call center"}}}
{"_id": "fb2b54a4-53c8-11ea-8d0c-b88a60e194fb", "timestamp": "2019-12-18T09:50:54.000Z", "eventType": "transaction", "_adobeamericaspot3": {"CRMID": "crmid:1508985510", "orderDetails": {"orderID": "orderid:152449", "reservationid": "MKP-OKWG", "orderType": "service desk"}}}
{"_id": "fb2c8bee-53c8-11ea-bba0-b88a60e194fb", "timestamp": "2020-01-18T02:58:50.000Z", "eventType": "transaction", "_adobeamericaspot3": {"CRMID": "crmid:7360099984", "orderDetails": {"orderID": "orderid:331662", "reservationid": "7TG-FT4D", "orderType": "kiosk"}}}
{"_id": "fb2dc50c-53c8-11ea-84d7-b88a60e194fb", "timestamp": "2020-02-15T17:47:54.000Z", "eventType": "transaction", "_adobeamericaspot3": {"CRMID": "crmid:4476618575", "orderDetails": {"orderID": "orderid:129206", "reservationid": "QFN-GT8F", "orderType": "call center"}}}
{"_id": "fb2efe10-53c8-11ea-8285-b88a60e194fb", "timestamp": "2019-12-21T04:12:59.000Z", "eventType": "transaction", "_adobeamericaspot3": {"CRMID": "crmid:1681831342", "orderDetails": {"orderID": "orderid:733086", "reservationid": "6GR-OGAM", "orderType": "website"}}}
{"_id": "fb2fe866-53c8-11ea-94aa-b88a60e194fb", "timestamp": "2020-01-23T13:30:01.000Z", "eventType": "transaction", "_adobeamericaspot3": {"CRMID": "crmid:1236342908", "orderDetails": {"orderID": "orderid:300452", "reservationid": "2N3-4OEL", "orderType": "call center"}}}
{"_id": "fb30d30a-53c8-11ea-8e9b-b88a60e194fb", "timestamp": "2019-12-28T21:25:08.000Z", "eventType": "transaction", "_adobeamericaspot3": {"CRMID": "crmid:9207516395", "orderDetails": {"orderID": "orderid:541290", "reservationid": "H5K-BURU", "orderType": "website"}}}
{"_id": "fb31bd3e-53c8-11ea-adbf-b88a60e194fb", "timestamp": "2020-02-13T21:10:48.000Z", "eventType": "transaction", "_adobeamericaspot3": {"CRMID": "crmid:5061605582", "orderDetails": {"orderID": "orderid:597346", "reservationid": "1DK-QQ2P", "orderType": "call center"}}}
{"_id": "fb328080-53c8-11ea-88e3-b88a60e194fb", "timestamp": "2020-01-02T02:38:15.000Z", "eventType": "transaction", "_adobeamericaspot3": {"CRMID": "crmid:3133057930", "orderDetails": {"orderID": "orderid:247859", "reservationid": "PBN-UMMA", "orderType": "kiosk"}}}
{"_id": "fb33e006-53c8-11ea-9d28-b88a60e194fb", "timestamp": "2019-12-02T20:42:34.000Z", "eventType": "transaction", "_adobeamericaspot3": {"CRMID": "crmid:1804269110", "orderDetails": {"orderID": "orderid:637552", "reservationid": "A66-AB4H", "orderType": "kiosk"}}}
{"_id": "fb34c906-53c8-11ea-8ae1-b88a60e194fb", "timestamp": "2020-02-14T23:36:19.000Z", "eventType": "transaction", "_adobeamericaspot3": {"CRMID": "crmid:4175580368", "orderDetails": {"orderID": "orderid:716682", "reservationid": "RSR-FWO0", "orderType": "website"}}}
{"_id": "fb358c5c-53c8-11ea-a51a-b88a60e194fb", "timestamp": "2019-12-29T22:41:47.000Z", "eventType": "transaction", "_adobeamericaspot3": {"CRMID": "crmid:5371724378", "orderDetails": {"orderID": "orderid:497340", "reservationid": "POC-0KW6", "orderType": "service desk"}}}
{"_id": "fb3676be-53c8-11ea-bec2-b88a60e194fb", "timestamp": "2019-12-18T07:12:02.000Z", "eventType": "transaction", "_adobeamericaspot3": {"CRMID": "crmid:3854906826", "orderDetails": {"orderID": "orderid:195495", "reservationid": "XKQ-RMAM", "orderType": "website"}}}
{"_id": "fb37611c-53c8-11ea-8882-b88a60e194fb", "timestamp": "2020-02-04T03:46:12.000Z", "eventType": "transaction", "_adobeamericaspot3": {"CRMID": "crmid:7811448356", "orderDetails": {"orderID": "orderid:391186", "reservationid": "RUT-NHTK", "orderType": "mobile"}}}
{"_id": "fb384b7e-53c8-11ea-81c8-b88a60e194fb", "timestamp": "2020-01-08T15:12:23.000Z", "eventType": "transaction", "_adobeamericaspot3": {"CRMID": "crmid:8456342253", "orderDetails": {"orderID": "orderid:427862", "reservationid": "Y0L-QPOR", "orderType": "kiosk"}}}
{"_id": "fb3935da-53c8-11ea-8fb5-b88a60e194fb", "timestamp": "2019-12-30T16:37:04.000Z", "eventType": "transaction", "_adobeamericaspot3": {"CRMID": "crmid:7881329969", "orderDetails": {"orderID": "orderid:861740", "reservationid": "FC5-W9PB", "orderType": "mobile"}}}
{"_id": "fb3a2036-53c8-11ea-86dc-b88a60e194fb", "timestamp": "2020-02-04T02:32:38.000Z", "eventType": "transaction", "_adobeamericaspot3": {"CRMID": "crmid:7725467551", "orderDetails": {"orderID": "orderid:128915", "reservationid": "QLR-TNGV", "orderType": "website"}}}
{"_id": "fb3b0a9e-53c8-11ea-80fb-b88a60e194fb", "timestamp": "2020-02-11T05:15:23.000Z", "eventType": "transaction", "_adobeamericaspot3": {"CRMID": "crmid:1116899423", "orderDetails": {"orderID": "orderid:464269", "reservationid": "Q1U-AM2T", "orderType": "website"}}}
{"_id": "fb3c6a2e-53c8-11ea-9864-b88a60e194fb", "timestamp": "2020-01-29T08:58:31.000Z", "eventType": "transaction", "_adobeamericaspot3": {"CRMID": "crmid:8970161587", "orderDetails": {"orderID": "orderid:896064", "reservationid": "ONK-ZGX2", "orderType": "website"}}}
{"_id": "fb3d7b86-53c8-11ea-b892-b88a60e194fb", "timestamp": "2019-12-30T21:35:19.000Z", "eventType": "transaction", "_adobeamericaspot3": {"CRMID": "crmid:2631629653", "orderDetails": {"orderID": "orderid:109010", "reservationid": "O5M-M7CK", "orderType": "kiosk"}}}
{"_id": "fb3e8d0c-53c8-11ea-af1f-b88a60e194fb", "timestamp": "2020-01-05T11:14:43.000Z", "eventType": "transaction", "_adobeamericaspot3": {"CRMID": "crmid:9064979811", "orderDetails": {"orderID": "orderid:542934", "reservationid": "B89-30SZ", "orderType": "website"}}}
{"_id": "fb3f776e-53c8-11ea-840b-b88a60e194fb", "timestamp": "2020-01-28T18:39:41.000Z", "eventType": "transaction", "_adobeamericaspot3": {"CRMID": "crmid:6290930881", "orderDetails": {"orderID": "orderid:637273", "reservationid": "HBC-KX3H", "orderType": "service desk"}}}
{"_id": "fb4088dc-53c8-11ea-ba49-b88a60e194fb", "timestamp": "2020-02-02T06:34:40.000Z", "eventType": "transaction", "_adobeamericaspot3": {"CRMID": "crmid:7692398159", "orderDetails": {"orderID": "orderid:491645", "reservationid": "H25-KXEV", "orderType": "call center"}}}
{"_id": "fb419a54-53c8-11ea-97c1-b88a60e194fb", "timestamp": "2020-01-06T07:27:21.000Z", "eventType": "transaction", "_adobeamericaspot3": {"CRMID": "crmid:4286455586", "orderDetails": {"orderID": "orderid:372294", "reservationid": "QBW-LERU", "orderType": "kiosk"}}}
{"_id": "fb4284b6-53c8-11ea-8b2d-b88a60e194fb", "timestamp": "2019-12-28T07:19:19.000Z", "eventType": "transaction", "_adobeamericaspot3": {"CRMID": "crmid:6952077204", "orderDetails": {"orderID": "orderid:153741", "reservationid": "U1W-GBTA", "orderType": "kiosk"}}}
{"_id": "fb436f1c-53c8-11ea-b150-b88a60e194fb", "timestamp": "2020-02-05T22:00:37.000Z", "eventType": "transaction", "_adobeamericaspot3": {"CRMID": "crmid:2005750649", "orderDetails": {"orderID": "orderid:862393", "reservationid": "9KA-MPHR", "orderType": "mobile"}}}
{"_id": "fb445992-53c8-11ea-9383-b88a60e194fb", "timestamp": "2019-12-08T02:22:47.000Z", "eventType": "transaction", "_adobeamericaspot3": {"CRMID": "crmid:4811089830", "orderDetails": {"orderID": "orderid:210911", "reservationid": "TG4-NYLU", "orderType": "kiosk"}}}
{"_id": "fb4543dc-53c8-11ea-b6fb-b88a60e194fb", "timestamp": "2020-01-26T07:29:16.000Z", "eventType": "transaction", "_adobeamericaspot3": {"CRMID": "crmid:2715799182", "orderDetails": {"orderID": "orderid:464281", "reservationid": "GIW-OFUB", "orderType": "website"}}}
{"_id": "fb465554-53c8-11ea-993c-b88a60e194fb", "timestamp": "2020-02-15T09:48:15.000Z", "eventType": "transaction", "_adobeamericaspot3": {"CRMID": "crmid:8946299038", "orderDetails": {"orderID": "orderid:950529", "reservationid": "H39-YUHC", "orderType": "kiosk"}}}
{"_id": "fb471898-53c8-11ea-af98-b88a60e194fb", "timestamp": "2020-01-16T02:11:24.000Z", "eventType": "transaction", "_adobeamericaspot3": {"CRMID": "crmid:7986648295", "orderDetails": {"orderID": "orderid:481848", "reservationid": "TTV-NESL", "orderType": "website"}}}
{"_id": "fb485106-53c8-11ea-8de7-b88a60e194fb", "timestamp": "2019-12-09T14:32:42.000Z", "eventType": "transaction", "_adobeamericaspot3": {"CRMID": "crmid:8241695468", "orderDetails": {"orderID": "orderid:968816", "reservationid": "MQK-T6JN", "orderType": "website"}}}
{"_id": "fb493b9c-53c8-11ea-a5c0-b88a60e194fb", "timestamp": "2019-12-11T03:27:53.000Z", "eventType": "transaction", "_adobeamericaspot3": {"CRMID": "crmid:8406028200", "orderDetails": {"orderID": "orderid:384508", "reservationid": "LDN-VWSW", "orderType": "service desk"}}}
{"_id": "fb4a25f8-53c8-11ea-aaa0-b88a60e194fb", "timestamp": "2020-02-15T02:03:09.000Z", "eventType": "transaction", "_adobeamericaspot3": {"CRMID": "crmid:4534416391", "orderDetails": {"orderID": "orderid:699525", "reservationid": "YH2-6NQY", "orderType": "website"}}}
{"_id": "fb4b5e62-53c8-11ea-8478-b88a60e194fb", "timestamp": "2020-01-10T22:24:33.000Z", "eventType": "transaction", "_adobeamericaspot3": {"CRMID": "crmid:7822834316", "orderDetails": {"orderID": "orderid:253750", "reservationid": "Z8A-RVQQ", "orderType": "call center"}}}
{"_id": "fb4c48d2-53c8-11ea-b6c0-b88a60e194fb", "timestamp": "2020-02-08T04:47:49.000Z", "eventType": "transaction", "_adobeamericaspot3": {"CRMID": "crmid:9141776005", "orderDetails": {"orderID": "orderid:544339", "reservationid": "YM7-ZW5C", "orderType": "call center"}}}
{"_id": "fb4d5a26-53c8-11ea-b1ce-b88a60e194fb", "timestamp": "2020-01-22T08:38:44.000Z", "eventType": "transaction", "_adobeamericaspot3": {"CRMID": "crmid:6513718283", "orderDetails": {"orderID": "orderid:957943", "reservationid": "V1C-N5TM", "orderType": "website"}}}
{"_id": "fb4e6ba2-53c8-11ea-90e5-b88a60e194fb", "timestamp": "2019-12-19T00:43:14.000Z", "eventType": "transaction", "_adobeamericaspot3": {"CRMID": "crmid:7972158646", "orderDetails": {"orderID": "orderid:275169", "reservationid": "5PQ-YBEQ", "orderType": "website"}}}
{"_id": "fb4f5612-53c8-11ea-bf5d-b88a60e194fb", "timestamp": "2019-12-16T08:45:46.000Z", "eventType": "transaction", "_adobeamericaspot3": {"CRMID": "crmid:3080309850", "orderDetails": {"orderID": "orderid:572474", "reservationid": "FQH-EHLG", "orderType": "website"}}}
{"_id": "fb5040f4-53c8-11ea-9e06-b88a60e194fb", "timestamp": "2019-12-23T12:42:16.000Z", "eventType": "transaction", "_adobeamericaspot3": {"CRMID": "crmid:6585993561", "orderDetails": {"orderID": "orderid:352107", "reservationid": "3BV-MOKH", "orderType": "call center"}}}
{"_id": "fb51524a-53c8-11ea-a24b-b88a60e194fb", "timestamp": "2020-02-07T22:32:16.000Z", "eventType": "transaction", "_adobeamericaspot3": {"CRMID": "crmid:3463406493", "orderDetails": {"orderID": "orderid:854383", "reservationid": "2L2-YDCU", "orderType": "website"}}}
{"_id": "fb52d84c-53c8-11ea-a45e-b88a60e194fb", "timestamp": "2020-01-06T15:36:09.000Z", "eventType": "transaction", "_adobeamericaspot3": {"CRMID": "crmid:7758021394", "orderDetails": {"orderID": "orderid:607442", "reservationid": "6KR-UAJ5", "orderType": "kiosk"}}}
{"_id": "fb53e9f4-53c8-11ea-aa15-b88a60e194fb", "timestamp": "2020-02-11T14:41:41.000Z", "eventType": "transaction", "_adobeamericaspot3": {"CRMID": "crmid:5960505874", "orderDetails": {"orderID": "orderid:378649", "reservationid": "ZMB-4JDB", "orderType": "website"}}}
{"_id": "fb54fb64-53c8-11ea-88eb-b88a60e194fb", "timestamp": "2019-12-19T22:26:50.000Z", "eventType": "transaction", "_adobeamericaspot3": {"CRMID": "crmid:1545043387", "orderDetails": {"orderID": "orderid:858303", "reservationid": "TUW-TOC9", "orderType": "service desk"}}}
{"_id": "fb55e5be-53c8-11ea-bce3-b88a60e194fb", "timestamp": "2019-12-19T12:20:00.000Z", "eventType": "transaction", "_adobeamericaspot3": {"CRMID": "crmid:1174723855", "orderDetails": {"orderID": "orderid:893538", "reservationid": "64F-4XWW", "orderType": "website"}}}
{"_id": "fb57454a-53c8-11ea-9528-b88a60e194fb", "timestamp": "2019-12-16T13:15:58.000Z", "eventType": "transaction", "_adobeamericaspot3": {"CRMID": "crmid:8460860133", "orderDetails": {"orderID": "orderid:728885", "reservationid": "AFJ-B6BM", "orderType": "call center"}}}
{"_id": "fb58f2f4-53c8-11ea-b849-b88a60e194fb", "timestamp": "2020-01-12T05:37:34.000Z", "eventType": "transaction", "_adobeamericaspot3": {"CRMID": "crmid:8791139039", "orderDetails": {"orderID": "orderid:177044", "reservationid": "KRW-PSFA", "orderType": "call center"}}}
{"_id": "fb5a79a2-53c8-11ea-99d6-b88a60e194fb", "timestamp": "2019-12-12T06:51:49.000Z", "eventType": "transaction", "_adobeamericaspot3": {"CRMID": "crmid:8205071704", "orderDetails": {"orderID": "orderid:489566", "reservationid": "3E2-FGWH", "orderType": "website"}}}
{"_id": "fb5c275a-53c8-11ea-8eb6-b88a60e194fb", "timestamp": "2019-12-07T19:14:14.000Z", "eventType": "transaction", "_adobeamericaspot3": {"CRMID": "crmid:7036227389", "orderDetails": {"orderID": "orderid:520308", "reservationid": "CDG-X9AK", "orderType": "mobile"}}}
{"_id": "fb5c4e6c-53c8-11ea-96b0-b88a60e194fb", "timestamp": "2019-12-14T00:00:00.000Z", "eventType": "transaction", "_adobeamericaspot3": {"CRMID": "crmid:7036227389", "orderDetails": {"orderID": "orderid:626273", "reservationid": "G6O-XKZG", "orderType": "website"}}}
{"_id": "fb5e7142-53c8-11ea-b992-b88a60e194fb", "timestamp": "2020-01-20T05:19:56.000Z", "eventType": "transaction", "_adobeamericaspot3": {"CRMID": "crmid:6232937454", "orderDetails": {"orderID": "orderid:443416", "reservationid": "LQP-QCBP", "orderType": "kiosk"}}}
{"_id": "fb5fd0c2-53c8-11ea-9a7f-b88a60e194fb", "timestamp": "2019-12-17T23:29:35.000Z", "eventType": "transaction", "_adobeamericaspot3": {"CRMID": "crmid:9759747333", "orderDetails": {"orderID": "orderid:503069", "reservationid": "2TT-G1PY", "orderType": "mobile"}}}
{"_id": "fb610936-53c8-11ea-8e1f-b88a60e194fb", "timestamp": "2019-12-24T23:21:56.000Z", "eventType": "transaction", "_adobeamericaspot3": {"CRMID": "crmid:6688411144", "orderDetails": {"orderID": "orderid:271226", "reservationid": "COW-GPE4", "orderType": "website"}}}
{"_id": "fb6268ba-53c8-11ea-b8e7-b88a60e194fb", "timestamp": "2020-02-12T17:39:46.000Z", "eventType": "transaction", "_adobeamericaspot3": {"CRMID": "crmid:9961953534", "orderDetails": {"orderID": "orderid:522371", "reservationid": "ZEJ-E6GU", "orderType": "kiosk"}}}
{"_id": "fb63531c-53c8-11ea-a23a-b88a60e194fb", "timestamp": "2020-02-05T18:37:14.000Z", "eventType": "transaction", "_adobeamericaspot3": {"CRMID": "crmid:3758959273", "orderDetails": {"orderID": "orderid:322701", "reservationid": "9KN-IYWE", "orderType": "website"}}}
{"_id": "fb643e3a-53c8-11ea-b82a-b88a60e194fb", "timestamp": "2020-02-09T08:26:29.000Z", "eventType": "transaction", "_adobeamericaspot3": {"CRMID": "crmid:3648180579", "orderDetails": {"orderID": "orderid:991948", "reservationid": "EJB-1ACA", "orderType": "kiosk"}}}
{"_id": "fb65eb34-53c8-11ea-8b00-b88a60e194fb", "timestamp": "2020-02-15T07:03:20.000Z", "eventType": "transaction", "_adobeamericaspot3": {"CRMID": "crmid:2384317385", "orderDetails": {"orderID": "orderid:823072", "reservationid": "1SW-VAUE", "orderType": "website"}}}
{"_id": "fb696d9a-53c8-11ea-80fb-b88a60e194fb", "timestamp": "2020-01-23T07:11:54.000Z", "eventType": "transaction", "_adobeamericaspot3": {"CRMID": "crmid:2783165778", "orderDetails": {"orderID": "orderid:767643", "reservationid": "HEC-W7TC", "orderType": "website"}}}
{"_id": "fb6b4428-53c8-11ea-8e23-b88a60e194fb", "timestamp": "2020-01-11T01:28:21.000Z", "eventType": "transaction", "_adobeamericaspot3": {"CRMID": "crmid:4449981683", "orderDetails": {"orderID": "orderid:319544", "reservationid": "1CI-JUJB", "orderType": "website"}}}
{"_id": "fb6ca20c-53c8-11ea-b0f3-b88a60e194fb", "timestamp": "2020-01-11T01:22:54.000Z", "eventType": "transaction", "_adobeamericaspot3": {"CRMID": "crmid:5264270148", "orderDetails": {"orderID": "orderid:383640", "reservationid": "LE5-VIHU", "orderType": "kiosk"}}}
{"_id": "fb6d8de8-53c8-11ea-9be5-b88a60e194fb", "timestamp": "2020-02-02T09:00:44.000Z", "eventType": "transaction", "_adobeamericaspot3": {"CRMID": "crmid:3444163344", "orderDetails": {"orderID": "orderid:450782", "reservationid": "WR5-LRER", "orderType": "kiosk"}}}
{"_id": "fb6eebe2-53c8-11ea-ad7b-b88a60e194fb", "timestamp": "2020-01-31T08:45:14.000Z", "eventType": "transaction", "_adobeamericaspot3": {"CRMID": "crmid:5245329085", "orderDetails": {"orderID": "orderid:395866", "reservationid": "HND-N3OG", "orderType": "mobile"}}}
{"_id": "fb702486-53c8-11ea-b7b6-b88a60e194fb", "timestamp": "2019-12-27T01:44:52.000Z", "eventType": "transaction", "_adobeamericaspot3": {"CRMID": "crmid:7535481318", "orderDetails": {"orderID": "orderid:998834", "reservationid": "YLU-BKGK", "orderType": "website"}}}
{"_id": "fb71ac82-53c8-11ea-86d4-b88a60e194fb", "timestamp": "2020-01-28T06:29:14.000Z", "eventType": "transaction", "_adobeamericaspot3": {"CRMID": "crmid:1100577612", "orderDetails": {"orderID": "orderid:686030", "reservationid": "1G9-QXXJ", "orderType": "website"}}}
{"_id": "fb7296cc-53c8-11ea-9913-b88a60e194fb", "timestamp": "2019-12-29T20:22:06.000Z", "eventType": "transaction", "_adobeamericaspot3": {"CRMID": "crmid:1708050359", "orderDetails": {"orderID": "orderid:727690", "reservationid": "L1Y-8F9J", "orderType": "mobile"}}}
{"_id": "fb73a828-53c8-11ea-a957-b88a60e194fb", "timestamp": "2020-02-04T21:11:26.000Z", "eventType": "transaction", "_adobeamericaspot3": {"CRMID": "crmid:1730240978", "orderDetails": {"orderID": "orderid:235060", "reservationid": "KPB-BN16", "orderType": "call center"}}}
{"_id": "fb749134-53c8-11ea-9257-b88a60e194fb", "timestamp": "2019-12-10T23:55:24.000Z", "eventType": "transaction", "_adobeamericaspot3": {"CRMID": "crmid:3879907925", "orderDetails": {"orderID": "orderid:946631", "reservationid": "W04-L0X9", "orderType": "service desk"}}}
{"_id": "fb75a29e-53c8-11ea-a9da-b88a60e194fb", "timestamp": "2020-01-24T13:04:16.000Z", "eventType": "transaction", "_adobeamericaspot3": {"CRMID": "crmid:3994244447", "orderDetails": {"orderID": "orderid:151177", "reservationid": "2YG-WKCN", "orderType": "call center"}}}
{"_id": "fb76b40a-53c8-11ea-9e99-b88a60e194fb", "timestamp": "2020-02-11T22:13:33.000Z", "eventType": "transaction", "_adobeamericaspot3": {"CRMID": "crmid:9054602293", "orderDetails": {"orderID": "orderid:720294", "reservationid": "JDM-DJGL", "orderType": "kiosk"}}}
{"_id": "fb779ef8-53c8-11ea-9caa-b88a60e194fb", "timestamp": "2020-02-07T04:05:55.000Z", "eventType": "transaction", "_adobeamericaspot3": {"CRMID": "crmid:7354042027", "orderDetails": {"orderID": "orderid:758708", "reservationid": "H1X-9UFH", "orderType": "kiosk"}}}
{"_id": "fb78afdc-53c8-11ea-854d-b88a60e194fb", "timestamp": "2020-01-31T01:34:49.000Z", "eventType": "transaction", "_adobeamericaspot3": {"CRMID": "crmid:9710822069", "orderDetails": {"orderID": "orderid:896565", "reservationid": "7DR-M27R", "orderType": "mobile"}}}
{"_id": "fb79c150-53c8-11ea-8d77-b88a60e194fb", "timestamp": "2019-12-15T20:48:40.000Z", "eventType": "transaction", "_adobeamericaspot3": {"CRMID": "crmid:7123333208", "orderDetails": {"orderID": "orderid:454009", "reservationid": "GY0-RNVC", "orderType": "kiosk"}}}
{"_id": "fb7ad2d2-53c8-11ea-a9be-b88a60e194fb", "timestamp": "2020-02-03T09:39:32.000Z", "eventType": "transaction", "_adobeamericaspot3": {"CRMID": "crmid:1189996400", "orderDetails": {"orderID": "orderid:878213", "reservationid": "UDU-OENZ", "orderType": "kiosk"}}}
{"_id": "fb7be424-53c8-11ea-b308-b88a60e194fb", "timestamp": "2020-02-11T17:24:04.000Z", "eventType": "transaction", "_adobeamericaspot3": {"CRMID": "crmid:2748057666", "orderDetails": {"orderID": "orderid:842981", "reservationid": "KN2-O7X2", "orderType": "mobile"}}}
{"_id": "fb7d43c6-53c8-11ea-9da0-b88a60e194fb", "timestamp": "2020-01-04T17:14:23.000Z", "eventType": "transaction", "_adobeamericaspot3": {"CRMID": "crmid:9129237378", "orderDetails": {"orderID": "orderid:647028", "reservationid": "OB8-SPEP", "orderType": "mobile"}}}
{"_id": "fb7e56be-53c8-11ea-a835-b88a60e194fb", "timestamp": "2019-12-24T15:54:43.000Z", "eventType": "transaction", "_adobeamericaspot3": {"CRMID": "crmid:9443290083", "orderDetails": {"orderID": "orderid:756701", "reservationid": "VJT-18D8", "orderType": "website"}}}
{"_id": "fb7f67fa-53c8-11ea-b99a-b88a60e194fb", "timestamp": "2020-02-06T23:49:23.000Z", "eventType": "transaction", "_adobeamericaspot3": {"CRMID": "crmid:4641485828", "orderDetails": {"orderID": "orderid:548739", "reservationid": "D0J-JMLN", "orderType": "website"}}}
{"_id": "fb805108-53c8-11ea-8636-b88a60e194fb", "timestamp": "2020-01-18T15:53:01.000Z", "eventType": "transaction", "_adobeamericaspot3": {"CRMID": "crmid:6820227569", "orderDetails": {"orderID": "orderid:716009", "reservationid": "QER-WRPA", "orderType": "call center"}}}
{"_id": "fb818980-53c8-11ea-bb35-b88a60e194fb", "timestamp": "2020-01-29T12:28:37.000Z", "eventType": "transaction", "_adobeamericaspot3": {"CRMID": "crmid:3139963495", "orderDetails": {"orderID": "orderid:447639", "reservationid": "8MH-CGTN", "orderType": "call center"}}}
{"_id": "fb8273e6-53c8-11ea-aa18-b88a60e194fb", "timestamp": "2019-12-24T12:15:33.000Z", "eventType": "transaction", "_adobeamericaspot3": {"CRMID": "crmid:5054704382", "orderDetails": {"orderID": "orderid:445675", "reservationid": "KQR-OJIT", "orderType": "call center"}}}
{"_id": "fb8386b8-53c8-11ea-87a7-b88a60e194fb", "timestamp": "2020-01-08T10:51:39.000Z", "eventType": "transaction", "_adobeamericaspot3": {"CRMID": "crmid:5972903702", "orderDetails": {"orderID": "orderid:957196", "reservationid": "1CM-MU47", "orderType": "mobile"}}}
{"_id": "fb847112-53c8-11ea-b16e-b88a60e194fb", "timestamp": "2019-12-08T15:21:35.000Z", "eventType": "transaction", "_adobeamericaspot3": {"CRMID": "crmid:5695567622", "orderDetails": {"orderID": "orderid:359130", "reservationid": "XBW-EDC6", "orderType": "call center"}}}
{"_id": "fb855b70-53c8-11ea-94c7-b88a60e194fb", "timestamp": "2020-01-13T11:11:24.000Z", "eventType": "transaction", "_adobeamericaspot3": {"CRMID": "crmid:1207893445", "orderDetails": {"orderID": "orderid:384088", "reservationid": "8SU-ZKPU", "orderType": "kiosk"}}}
{"_id": "fb86446c-53c8-11ea-af51-b88a60e194fb", "timestamp": "2020-01-21T18:49:34.000Z", "eventType": "transaction", "_adobeamericaspot3": {"CRMID": "crmid:4023966251", "orderDetails": {"orderID": "orderid:490507", "reservationid": "ZNV-PW8D", "orderType": "website"}}}
{"_id": "fb8755dc-53c8-11ea-8bbd-b88a60e194fb", "timestamp": "2020-02-05T18:20:52.000Z", "eventType": "transaction", "_adobeamericaspot3": {"CRMID": "crmid:8669178874", "orderDetails": {"orderID": "orderid:709799", "reservationid": "V2I-1V0I", "orderType": "call center"}}}
{"_id": "fb884040-53c8-11ea-a6db-b88a60e194fb", "timestamp": "2019-12-21T15:10:45.000Z", "eventType": "transaction", "_adobeamericaspot3": {"CRMID": "crmid:3877558674", "orderDetails": {"orderID": "orderid:168442", "reservationid": "OZU-F4ST", "orderType": "website"}}}
{"_id": "fb88674a-53c8-11ea-93f6-b88a60e194fb", "timestamp": "2019-12-27T00:00:00.000Z", "eventType": "transaction", "_adobeamericaspot3": {"CRMID": "crmid:3877558674", "orderDetails": {"orderID": "orderid:802316", "reservationid": "MVR-HX3Y", "orderType": "website"}}}
{"_id": "fb8978c0-53c8-11ea-b3c9-b88a60e194fb", "timestamp": "2020-01-27T01:01:59.000Z", "eventType": "transaction", "_adobeamericaspot3": {"CRMID": "crmid:2929795779", "orderDetails": {"orderID": "orderid:190737", "reservationid": "HFX-3IMT", "orderType": "call center"}}}
{"_id": "fb8a6322-53c8-11ea-bfb5-b88a60e194fb", "timestamp": "2020-02-06T19:18:19.000Z", "eventType": "transaction", "_adobeamericaspot3": {"CRMID": "crmid:5294973351", "orderDetails": {"orderID": "orderid:502081", "reservationid": "IQU-NODT", "orderType": "kiosk"}}}
{"_id": "fb8b75ec-53c8-11ea-822b-b88a60e194fb", "timestamp": "2020-01-28T02:15:19.000Z", "eventType": "transaction", "_adobeamericaspot3": {"CRMID": "crmid:4941917162", "orderDetails": {"orderID": "orderid:241061", "reservationid": "KHE-RUTR", "orderType": "kiosk"}}}
{"_id": "fb8cae78-53c8-11ea-aedb-b88a60e194fb", "timestamp": "2020-02-13T12:26:52.000Z", "eventType": "transaction", "_adobeamericaspot3": {"CRMID": "crmid:3742231612", "orderDetails": {"orderID": "orderid:299215", "reservationid": "0X9-6FOG", "orderType": "call center"}}}
{"_id": "fb8de592-53c8-11ea-a5a4-b88a60e194fb", "timestamp": "2019-12-23T01:51:43.000Z", "eventType": "transaction", "_adobeamericaspot3": {"CRMID": "crmid:8636892409", "orderDetails": {"orderID": "orderid:954338", "reservationid": "KQG-UIMH", "orderType": "call center"}}}
{"_id": "fb8ef718-53c8-11ea-a532-b88a60e194fb", "timestamp": "2019-12-11T14:27:22.000Z", "eventType": "transaction", "_adobeamericaspot3": {"CRMID": "crmid:7749163180", "orderDetails": {"orderID": "orderid:459204", "reservationid": "XQA-6XOR", "orderType": "website"}}}
{"_id": "fb90089a-53c8-11ea-938c-b88a60e194fb", "timestamp": "2019-12-18T03:32:52.000Z", "eventType": "transaction", "_adobeamericaspot3": {"CRMID": "crmid:6487652883", "orderDetails": {"orderID": "orderid:770760", "reservationid": "TXL-DF2S", "orderType": "website"}}}
{"_id": "fb91424a-53c8-11ea-a6f6-b88a60e194fb", "timestamp": "2019-12-06T20:20:41.000Z", "eventType": "transaction", "_adobeamericaspot3": {"CRMID": "crmid:2100587937", "orderDetails": {"orderID": "orderid:831513", "reservationid": "CYV-TN1W", "orderType": "kiosk"}}}
{"_id": "fb922b7a-53c8-11ea-9fe8-b88a60e194fb", "timestamp": "2020-01-28T08:40:32.000Z", "eventType": "transaction", "_adobeamericaspot3": {"CRMID": "crmid:2730497887", "orderDetails": {"orderID": "orderid:480831", "reservationid": "NTT-6U3H", "orderType": "kiosk"}}}
{"_id": "fb938ade-53c8-11ea-9e77-b88a60e194fb", "timestamp": "2019-12-02T05:19:42.000Z", "eventType": "transaction", "_adobeamericaspot3": {"CRMID": "crmid:1689689474", "orderDetails": {"orderID": "orderid:894862", "reservationid": "RJ7-M9YC", "orderType": "kiosk"}}}
{"_id": "fb949c50-53c8-11ea-a23b-b88a60e194fb", "timestamp": "2019-12-14T09:38:25.000Z", "eventType": "transaction", "_adobeamericaspot3": {"CRMID": "crmid:7855281773", "orderDetails": {"orderID": "orderid:966486", "reservationid": "SY0-MMW9", "orderType": "kiosk"}}}
{"_id": "fb9586ac-53c8-11ea-b461-b88a60e194fb", "timestamp": "2020-02-16T10:56:55.000Z", "eventType": "transaction", "_adobeamericaspot3": {"CRMID": "crmid:1894083817", "orderDetails": {"orderID": "orderid:912399", "reservationid": "Y8I-2IE6", "orderType": "call center"}}}
{"_id": "fb96bf24-53c8-11ea-9c5b-b88a60e194fb", "timestamp": "2020-01-30T10:08:32.000Z", "eventType": "transaction", "_adobeamericaspot3": {"CRMID": "crmid:3808991965", "orderDetails": {"orderID": "orderid:905764", "reservationid": "RLZ-6QHU", "orderType": "kiosk"}}}
{"_id": "fb9845c2-53c8-11ea-8658-b88a60e194fb", "timestamp": "2019-12-31T22:40:59.000Z", "eventType": "transaction", "_adobeamericaspot3": {"CRMID": "crmid:1567776778", "orderDetails": {"orderID": "orderid:769897", "reservationid": "BUF-0KJQ", "orderType": "kiosk"}}}
{"_id": "fb99cd0c-53c8-11ea-aa83-b88a60e194fb", "timestamp": "2020-01-15T14:50:04.000Z", "eventType": "transaction", "_adobeamericaspot3": {"CRMID": "crmid:1810813471", "orderDetails": {"orderID": "orderid:747157", "reservationid": "9BL-UEFE", "orderType": "call center"}}}
{"_id": "fb9b53e6-53c8-11ea-a9c3-b88a60e194fb", "timestamp": "2020-01-06T10:25:45.000Z", "eventType": "transaction", "_adobeamericaspot3": {"CRMID": "crmid:2277268226", "orderDetails": {"orderID": "orderid:501815", "reservationid": "Q4G-SMPQ", "orderType": "kiosk"}}}
{"_id": "fb9b7a2e-53c8-11ea-8cce-b88a60e194fb", "timestamp": "2020-01-13T00:00:00.000Z", "eventType": "transaction", "_adobeamericaspot3": {"CRMID": "crmid:2277268226", "orderDetails": {"orderID": "orderid:632223", "reservationid": "GMA-IN7Z", "orderType": "service desk"}}}
{"_id": "fb9cd9ca-53c8-11ea-b9a2-b88a60e194fb", "timestamp": "2020-01-11T07:52:47.000Z", "eventType": "transaction", "_adobeamericaspot3": {"CRMID": "crmid:7898397868", "orderDetails": {"orderID": "orderid:908881", "reservationid": "CE9-RRFW", "orderType": "website"}}}
{"_id": "fb9dec76-53c8-11ea-b331-b88a60e194fb", "timestamp": "2019-12-01T11:43:17.000Z", "eventType": "transaction", "_adobeamericaspot3": {"CRMID": "crmid:9192315222", "orderDetails": {"orderID": "orderid:593921", "reservationid": "LZR-IF2H", "orderType": "kiosk"}}}
{"_id": "fb9efdee-53c8-11ea-9320-b88a60e194fb", "timestamp": "2019-12-06T20:23:52.000Z", "eventType": "transaction", "_adobeamericaspot3": {"CRMID": "crmid:5713391550", "orderDetails": {"orderID": "orderid:982001", "reservationid": "N2S-JNJD", "orderType": "website"}}}
{"_id": "fba0aa74-53c8-11ea-8b4b-b88a60e194fb", "timestamp": "2019-12-10T08:34:48.000Z", "eventType": "transaction", "_adobeamericaspot3": {"CRMID": "crmid:9832858146", "orderDetails": {"orderID": "orderid:102774", "reservationid": "M7A-SRI7", "orderType": "call center"}}}
{"_id": "fba27f00-53c8-11ea-a5be-b88a60e194fb", "timestamp": "2019-12-02T06:50:35.000Z", "eventType": "transaction", "_adobeamericaspot3": {"CRMID": "crmid:4408457962", "orderDetails": {"orderID": "orderid:904604", "reservationid": "PRD-NT32", "orderType": "mobile"}}}
{"_id": "fba3b77a-53c8-11ea-ae63-b88a60e194fb", "timestamp": "2020-01-26T10:02:15.000Z", "eventType": "transaction", "_adobeamericaspot3": {"CRMID": "crmid:3484164742", "orderDetails": {"orderID": "orderid:179196", "reservationid": "G1W-3GFK", "orderType": "website"}}}
{"_id": "fba5170c-53c8-11ea-80c9-b88a60e194fb", "timestamp": "2020-01-02T05:50:12.000Z", "eventType": "transaction", "_adobeamericaspot3": {"CRMID": "crmid:8238698382", "orderDetails": {"orderID": "orderid:135939", "reservationid": "SFW-77BK", "orderType": "website"}}}
{"_id": "fba6287a-53c8-11ea-b59f-b88a60e194fb", "timestamp": "2019-12-05T15:03:15.000Z", "eventType": "transaction", "_adobeamericaspot3": {"CRMID": "crmid:8425358375", "orderDetails": {"orderID": "orderid:845291", "reservationid": "5U4-6NHP", "orderType": "mobile"}}}
{"_id": "fba712e4-53c8-11ea-a818-b88a60e194fb", "timestamp": "2020-02-05T23:15:17.000Z", "eventType": "transaction", "_adobeamericaspot3": {"CRMID": "crmid:5096022865", "orderDetails": {"orderID": "orderid:711232", "reservationid": "UKM-VDVZ", "orderType": "website"}}}
{"_id": "fba82448-53c8-11ea-b7ba-b88a60e194fb", "timestamp": "2020-01-19T02:42:24.000Z", "eventType": "transaction", "_adobeamericaspot3": {"CRMID": "crmid:7464500087", "orderDetails": {"orderID": "orderid:393569", "reservationid": "2D7-6JL6", "orderType": "call center"}}}
{"_id": "fba935b4-53c8-11ea-b872-b88a60e194fb", "timestamp": "2020-01-05T16:09:51.000Z", "eventType": "transaction", "_adobeamericaspot3": {"CRMID": "crmid:3923099908", "orderDetails": {"orderID": "orderid:672347", "reservationid": "QCQ-IEVK", "orderType": "mobile"}}}
{"_id": "fbaa6e46-53c8-11ea-a4a0-b88a60e194fb", "timestamp": "2020-01-19T07:59:54.000Z", "eventType": "transaction", "_adobeamericaspot3": {"CRMID": "crmid:2853547224", "orderDetails": {"orderID": "orderid:263138", "reservationid": "2BT-TWDU", "orderType": "website"}}}
{"_id": "fbac6a50-53c8-11ea-a3e6-b88a60e194fb", "timestamp": "2019-12-02T07:20:25.000Z", "eventType": "transaction", "_adobeamericaspot3": {"CRMID": "crmid:3894097843", "orderDetails": {"orderID": "orderid:891351", "reservationid": "OCV-TZTV", "orderType": "website"}}}
{"_id": "fbad7b7a-53c8-11ea-8d04-b88a60e194fb", "timestamp": "2020-02-12T06:01:18.000Z", "eventType": "transaction", "_adobeamericaspot3": {"CRMID": "crmid:7309007599", "orderDetails": {"orderID": "orderid:661205", "reservationid": "GMP-QOO1", "orderType": "kiosk"}}}
{"_id": "fbb0ff2c-53c8-11ea-a7b8-b88a60e194fb", "timestamp": "2020-01-17T13:34:59.000Z", "eventType": "transaction", "_adobeamericaspot3": {"CRMID": "crmid:9443109645", "orderDetails": {"orderID": "orderid:543834", "reservationid": "X3C-U6HH", "orderType": "kiosk"}}}
{"_id": "fbb210e2-53c8-11ea-98de-b88a60e194fb", "timestamp": "2019-12-21T12:31:09.000Z", "eventType": "transaction", "_adobeamericaspot3": {"CRMID": "crmid:7900360101", "orderDetails": {"orderID": "orderid:777558", "reservationid": "UHQ-759Z", "orderType": "website"}}}
{"_id": "fbb320b8-53c8-11ea-b9c8-b88a60e194fb", "timestamp": "2020-01-29T14:00:06.000Z", "eventType": "transaction", "_adobeamericaspot3": {"CRMID": "crmid:1919815010", "orderDetails": {"orderID": "orderid:241032", "reservationid": "SHO-YFQM", "orderType": "website"}}}
{"_id": "fbb40ca4-53c8-11ea-b464-b88a60e194fb", "timestamp": "2020-02-13T02:18:39.000Z", "eventType": "transaction", "_adobeamericaspot3": {"CRMID": "crmid:5653836276", "orderDetails": {"orderID": "orderid:596281", "reservationid": "J7X-ZM9M", "orderType": "service desk"}}}
{"_id": "fbb51e06-53c8-11ea-aaf5-b88a60e194fb", "timestamp": "2020-02-15T04:23:56.000Z", "eventType": "transaction", "_adobeamericaspot3": {"CRMID": "crmid:3049088763", "orderDetails": {"orderID": "orderid:836996", "reservationid": "LT8-RRWH", "orderType": "call center"}}}
{"_id": "fbb60718-53c8-11ea-8f5b-b88a60e194fb", "timestamp": "2019-12-11T03:46:11.000Z", "eventType": "transaction", "_adobeamericaspot3": {"CRMID": "crmid:4190323561", "orderDetails": {"orderID": "orderid:575478", "reservationid": "WR2-REXC", "orderType": "website"}}}
{"_id": "fbb6f194-53c8-11ea-a7d2-b88a60e194fb", "timestamp": "2019-12-06T02:04:14.000Z", "eventType": "transaction", "_adobeamericaspot3": {"CRMID": "crmid:5439120901", "orderDetails": {"orderID": "orderid:527894", "reservationid": "BPN-OL1P", "orderType": "call center"}}}
{"_id": "fbb7dd7a-53c8-11ea-9b98-b88a60e194fb", "timestamp": "2019-12-14T08:01:10.000Z", "eventType": "transaction", "_adobeamericaspot3": {"CRMID": "crmid:3514381158", "orderDetails": {"orderID": "orderid:650182", "reservationid": "WSZ-Z0D9", "orderType": "kiosk"}}}
{"_id": "fbb8ed58-53c8-11ea-b9ad-b88a60e194fb", "timestamp": "2019-12-18T10:46:41.000Z", "eventType": "transaction", "_adobeamericaspot3": {"CRMID": "crmid:7261683906", "orderDetails": {"orderID": "orderid:395607", "reservationid": "CXV-YGEN", "orderType": "call center"}}}
{"_id": "fbb9d7b8-53c8-11ea-8e53-b88a60e194fb", "timestamp": "2020-02-14T09:35:18.000Z", "eventType": "transaction", "_adobeamericaspot3": {"CRMID": "crmid:8876386476", "orderDetails": {"orderID": "orderid:799150", "reservationid": "554-2VGK", "orderType": "website"}}}
{"_id": "fbbae92c-53c8-11ea-9b32-b88a60e194fb", "timestamp": "2020-02-01T22:22:06.000Z", "eventType": "transaction", "_adobeamericaspot3": {"CRMID": "crmid:5130950943", "orderDetails": {"orderID": "orderid:110023", "reservationid": "KFM-XTNY", "orderType": "call center"}}}
{"_id": "fbbc48b0-53c8-11ea-92a3-b88a60e194fb", "timestamp": "2019-12-04T14:58:55.000Z", "eventType": "transaction", "_adobeamericaspot3": {"CRMID": "crmid:5303722747", "orderDetails": {"orderID": "orderid:680143", "reservationid": "EHK-H6RZ", "orderType": "mobile"}}}
{"_id": "fbbd5a2e-53c8-11ea-8801-b88a60e194fb", "timestamp": "2020-01-07T04:34:19.000Z", "eventType": "transaction", "_adobeamericaspot3": {"CRMID": "crmid:2643779134", "orderDetails": {"orderID": "orderid:895193", "reservationid": "GCM-NBZL", "orderType": "website"}}}
{"_id": "fbbe6b92-53c8-11ea-a71a-b88a60e194fb", "timestamp": "2020-02-14T23:01:22.000Z", "eventType": "transaction", "_adobeamericaspot3": {"CRMID": "crmid:9101932370", "orderDetails": {"orderID": "orderid:765994", "reservationid": "XDM-OQOE", "orderType": "call center"}}}
{"_id": "fbbf563e-53c8-11ea-95b0-b88a60e194fb", "timestamp": "2020-01-13T09:21:20.000Z", "eventType": "transaction", "_adobeamericaspot3": {"CRMID": "crmid:8654293905", "orderDetails": {"orderID": "orderid:997135", "reservationid": "YH1-SCE8", "orderType": "kiosk"}}}
{"_id": "fbc04058-53c8-11ea-bf3f-b88a60e194fb", "timestamp": "2019-12-29T12:21:23.000Z", "eventType": "transaction", "_adobeamericaspot3": {"CRMID": "crmid:9750784686", "orderDetails": {"orderID": "orderid:470737", "reservationid": "9QA-ASQW", "orderType": "kiosk"}}}
{"_id": "fbc12ad4-53c8-11ea-a80f-b88a60e194fb", "timestamp": "2020-02-16T01:50:08.000Z", "eventType": "transaction", "_adobeamericaspot3": {"CRMID": "crmid:7152633703", "orderDetails": {"orderID": "orderid:923239", "reservationid": "WAQ-COAO", "orderType": "website"}}}
{"_id": "fbc23c26-53c8-11ea-905a-b88a60e194fb", "timestamp": "2020-02-08T06:44:12.000Z", "eventType": "transaction", "_adobeamericaspot3": {"CRMID": "crmid:4349799339", "orderDetails": {"orderID": "orderid:985240", "reservationid": "EAH-C3BT", "orderType": "call center"}}}
{"_id": "fbc34dca-53c8-11ea-9ce8-b88a60e194fb", "timestamp": "2019-12-30T12:27:27.000Z", "eventType": "transaction", "_adobeamericaspot3": {"CRMID": "crmid:5269395855", "orderDetails": {"orderID": "orderid:905418", "reservationid": "TBY-OKYD", "orderType": "service desk"}}}
{"_id": "fbc374ac-53c8-11ea-9bda-b88a60e194fb", "timestamp": "2020-01-03T00:00:00.000Z", "eventType": "transaction", "_adobeamericaspot3": {"CRMID": "crmid:5269395855", "orderDetails": {"orderID": "orderid:642177", "reservationid": "AHJ-BQQG", "orderType": "website"}}}
{"_id": "fbc45eec-53c8-11ea-9df3-b88a60e194fb", "timestamp": "2019-12-04T05:28:09.000Z", "eventType": "transaction", "_adobeamericaspot3": {"CRMID": "crmid:9430099629", "orderDetails": {"orderID": "orderid:971519", "reservationid": "VLD-6XMN", "orderType": "website"}}}
{"_id": "fbc57052-53c8-11ea-828c-b88a60e194fb", "timestamp": "2020-01-25T01:55:53.000Z", "eventType": "transaction", "_adobeamericaspot3": {"CRMID": "crmid:1456930547", "orderDetails": {"orderID": "orderid:481275", "reservationid": "XVY-UBC3", "orderType": "website"}}}
{"_id": "fbc6a8da-53c8-11ea-a9d5-b88a60e194fb", "timestamp": "2019-12-13T09:59:24.000Z", "eventType": "transaction", "_adobeamericaspot3": {"CRMID": "crmid:4236680906", "orderDetails": {"orderID": "orderid:486100", "reservationid": "YY6-M4SF", "orderType": "website"}}}
{"_id": "fbc7934c-53c8-11ea-ab5a-b88a60e194fb", "timestamp": "2020-02-12T16:45:33.000Z", "eventType": "transaction", "_adobeamericaspot3": {"CRMID": "crmid:9060319916", "orderDetails": {"orderID": "orderid:508426", "reservationid": "YAN-NRVT", "orderType": "website"}}}
{"_id": "fbc7ba6c-53c8-11ea-bbf6-b88a60e194fb", "timestamp": "2020-02-19T00:00:00.000Z", "eventType": "transaction", "_adobeamericaspot3": {"CRMID": "crmid:9060319916", "orderDetails": {"orderID": "orderid:259125", "reservationid": "ISO-NS7B", "orderType": "call center"}}}
{"_id": "fbc7e180-53c8-11ea-8303-b88a60e194fb", "timestamp": "2020-02-22T00:00:00.000Z", "eventType": "transaction", "_adobeamericaspot3": {"CRMID": "crmid:9060319916", "orderDetails": {"orderID": "orderid:682074", "reservationid": "J0R-3JFR", "orderType": "website"}}}
{"_id": "fbc8f2f8-53c8-11ea-8a1b-b88a60e194fb", "timestamp": "2019-12-16T10:39:10.000Z", "eventType": "transaction", "_adobeamericaspot3": {"CRMID": "crmid:6377365748", "orderDetails": {"orderID": "orderid:391177", "reservationid": "YCL-Q11N", "orderType": "call center"}}}
{"_id": "fbca2b50-53c8-11ea-90d9-b88a60e194fb", "timestamp": "2020-02-09T07:26:21.000Z", "eventType": "transaction", "_adobeamericaspot3": {"CRMID": "crmid:1045262819", "orderDetails": {"orderID": "orderid:360487", "reservationid": "GPK-9T4M", "orderType": "call center"}}}
{"_id": "fbcb3cde-53c8-11ea-9fcc-b88a60e194fb", "timestamp": "2020-01-19T02:22:42.000Z", "eventType": "transaction", "_adobeamericaspot3": {"CRMID": "crmid:9094452216", "orderDetails": {"orderID": "orderid:282888", "reservationid": "VQD-KTAG", "orderType": "mobile"}}}
{"_id": "fbcc4e98-53c8-11ea-a8f4-b88a60e194fb", "timestamp": "2019-12-31T15:04:28.000Z", "eventType": "transaction", "_adobeamericaspot3": {"CRMID": "crmid:4939371190", "orderDetails": {"orderID": "orderid:281830", "reservationid": "4PB-RBD9", "orderType": "website"}}}
{"_id": "fbcd86cc-53c8-11ea-a4f4-b88a60e194fb", "timestamp": "2020-01-28T14:10:33.000Z", "eventType": "transaction", "_adobeamericaspot3": {"CRMID": "crmid:9532640584", "orderDetails": {"orderID": "orderid:959379", "reservationid": "CVE-JUAS", "orderType": "website"}}}
{"_id": "fbce9836-53c8-11ea-92d9-b88a60e194fb", "timestamp": "2019-12-24T23:57:17.000Z", "eventType": "transaction", "_adobeamericaspot3": {"CRMID": "crmid:9943118521", "orderDetails": {"orderID": "orderid:539069", "reservationid": "EVC-QMET", "orderType": "call center"}}}
{"_id": "fbcf82a4-53c8-11ea-a5d6-b88a60e194fb", "timestamp": "2019-12-11T04:33:02.000Z", "eventType": "transaction", "_adobeamericaspot3": {"CRMID": "crmid:6191092727", "orderDetails": {"orderID": "orderid:992849", "reservationid": "4RO-MXKR", "orderType": "service desk"}}}
{"_id": "fbd0bb08-53c8-11ea-ad89-b88a60e194fb", "timestamp": "2019-12-17T00:33:41.000Z", "eventType": "transaction", "_adobeamericaspot3": {"CRMID": "crmid:1026193940", "orderDetails": {"orderID": "orderid:685759", "reservationid": "OJ7-HYEU", "orderType": "call center"}}}
{"_id": "fbd1f390-53c8-11ea-9f53-b88a60e194fb", "timestamp": "2019-12-29T12:58:00.000Z", "eventType": "transaction", "_adobeamericaspot3": {"CRMID": "crmid:2541190964", "orderDetails": {"orderID": "orderid:865704", "reservationid": "VP7-ZFYJ", "orderType": "website"}}}
{"_id": "fbd3531c-53c8-11ea-aa30-b88a60e194fb", "timestamp": "2020-02-14T21:48:37.000Z", "eventType": "transaction", "_adobeamericaspot3": {"CRMID": "crmid:4311467085", "orderDetails": {"orderID": "orderid:445980", "reservationid": "A98-TKLB", "orderType": "service desk"}}}
{"_id": "fbd4648a-53c8-11ea-a57d-b88a60e194fb", "timestamp": "2019-12-18T05:11:29.000Z", "eventType": "transaction", "_adobeamericaspot3": {"CRMID": "crmid:9402863247", "orderDetails": {"orderID": "orderid:923124", "reservationid": "I2M-J57L", "orderType": "website"}}}
{"_id": "fbd57618-53c8-11ea-9c13-b88a60e194fb", "timestamp": "2020-01-26T07:27:24.000Z", "eventType": "transaction", "_adobeamericaspot3": {"CRMID": "crmid:5730593856", "orderDetails": {"orderID": "orderid:342538", "reservationid": "QXX-JLAJ", "orderType": "call center"}}}
{"_id": "fbd6d580-53c8-11ea-a384-b88a60e194fb", "timestamp": "2020-02-12T00:55:18.000Z", "eventType": "transaction", "_adobeamericaspot3": {"CRMID": "crmid:4714866009", "orderDetails": {"orderID": "orderid:557853", "reservationid": "2RL-4ZLC", "orderType": "mobile"}}}
{"_id": "fbd6fca6-53c8-11ea-876b-b88a60e194fb", "timestamp": "2020-02-15T00:00:00.000Z", "eventType": "transaction", "_adobeamericaspot3": {"CRMID": "crmid:4714866009", "orderDetails": {"orderID": "orderid:611698", "reservationid": "W87-EUBI", "orderType": "website"}}}
{"_id": "fbd6fca7-53c8-11ea-b875-b88a60e194fb", "timestamp": "2020-02-18T00:00:00.000Z", "eventType": "transaction", "_adobeamericaspot3": {"CRMID": "crmid:4714866009", "orderDetails": {"orderID": "orderid:139779", "reservationid": "ES4-C59O", "orderType": "kiosk"}}}
{"_id": "fbd83512-53c8-11ea-954d-b88a60e194fb", "timestamp": "2020-01-03T06:40:24.000Z", "eventType": "transaction", "_adobeamericaspot3": {"CRMID": "crmid:2103791085", "orderDetails": {"orderID": "orderid:425309", "reservationid": "6S3-QAJY", "orderType": "kiosk"}}}
{"_id": "fbd96d98-53c8-11ea-95c5-b88a60e194fb", "timestamp": "2020-01-22T14:24:04.000Z", "eventType": "transaction", "_adobeamericaspot3": {"CRMID": "crmid:1089090082", "orderDetails": {"orderID": "orderid:210600", "reservationid": "IIO-GTLL", "orderType": "mobile"}}}
{"_id": "fbda5802-53c8-11ea-bfa7-b88a60e194fb", "timestamp": "2019-12-23T12:48:07.000Z", "eventType": "transaction", "_adobeamericaspot3": {"CRMID": "crmid:6348361227", "orderDetails": {"orderID": "orderid:934178", "reservationid": "T67-EKZG", "orderType": "website"}}}
{"_id": "fbdb697e-53c8-11ea-a1f1-b88a60e194fb", "timestamp": "2019-12-15T06:27:33.000Z", "eventType": "transaction", "_adobeamericaspot3": {"CRMID": "crmid:7789492090", "orderDetails": {"orderID": "orderid:742742", "reservationid": "H6I-GIUI", "orderType": "kiosk"}}}
{"_id": "fbdc53e2-53c8-11ea-ace8-b88a60e194fb", "timestamp": "2019-12-10T01:17:10.000Z", "eventType": "transaction", "_adobeamericaspot3": {"CRMID": "crmid:4862758480", "orderDetails": {"orderID": "orderid:407676", "reservationid": "KZG-T9EZ", "orderType": "mobile"}}}
{"_id": "fbdd651a-53c8-11ea-b791-b88a60e194fb", "timestamp": "2019-12-11T07:57:08.000Z", "eventType": "transaction", "_adobeamericaspot3": {"CRMID": "crmid:8281778864", "orderDetails": {"orderID": "orderid:399938", "reservationid": "IRD-S7ST", "orderType": "kiosk"}}}
{"_id": "fbde9d9c-53c8-11ea-a3ba-b88a60e194fb", "timestamp": "2019-12-18T11:32:37.000Z", "eventType": "transaction", "_adobeamericaspot3": {"CRMID": "crmid:2290211931", "orderDetails": {"orderID": "orderid:837525", "reservationid": "QSC-RXEX", "orderType": "mobile"}}}
{"_id": "fbdfaf0a-53c8-11ea-902c-b88a60e194fb", "timestamp": "2020-01-24T15:04:24.000Z", "eventType": "transaction", "_adobeamericaspot3": {"CRMID": "crmid:5592649361", "orderDetails": {"orderID": "orderid:647974", "reservationid": "E9A-V6JD", "orderType": "kiosk"}}}
{"_id": "fbe0c080-53c8-11ea-b852-b88a60e194fb", "timestamp": "2020-01-15T14:12:53.000Z", "eventType": "transaction", "_adobeamericaspot3": {"CRMID": "crmid:1346711647", "orderDetails": {"orderID": "orderid:283697", "reservationid": "DOJ-EEEH", "orderType": "kiosk"}}}
{"_id": "fbe1d1ee-53c8-11ea-b9c5-b88a60e194fb", "timestamp": "2020-02-04T14:55:21.000Z", "eventType": "transaction", "_adobeamericaspot3": {"CRMID": "crmid:6205579502", "orderDetails": {"orderID": "orderid:212210", "reservationid": "MXT-IJHG", "orderType": "kiosk"}}}
{"_id": "fbe2e376-53c8-11ea-a254-b88a60e194fb", "timestamp": "2020-01-14T03:13:30.000Z", "eventType": "transaction", "_adobeamericaspot3": {"CRMID": "crmid:6429695865", "orderDetails": {"orderID": "orderid:341852", "reservationid": "YTM-FGM0", "orderType": "website"}}}
{"_id": "fbe3f4e8-53c8-11ea-a1b7-b88a60e194fb", "timestamp": "2020-01-20T03:06:59.000Z", "eventType": "transaction", "_adobeamericaspot3": {"CRMID": "crmid:9734542698", "orderDetails": {"orderID": "orderid:720205", "reservationid": "JS8-K7GY", "orderType": "kiosk"}}}
{"_id": "fbe4df5c-53c8-11ea-a47c-b88a60e194fb", "timestamp": "2020-01-09T04:17:31.000Z", "eventType": "transaction", "_adobeamericaspot3": {"CRMID": "crmid:2903196935", "orderDetails": {"orderID": "orderid:439519", "reservationid": "XUI-QAWE", "orderType": "kiosk"}}}
{"_id": "fbe5f0c6-53c8-11ea-8c0d-b88a60e194fb", "timestamp": "2019-12-21T04:31:24.000Z", "eventType": "transaction", "_adobeamericaspot3": {"CRMID": "crmid:5200121906", "orderDetails": {"orderID": "orderid:644661", "reservationid": "T54-XS2D", "orderType": "website"}}}
{"_id": "fbe729e2-53c8-11ea-aa41-b88a60e194fb", "timestamp": "2019-12-11T12:09:52.000Z", "eventType": "transaction", "_adobeamericaspot3": {"CRMID": "crmid:9438603176", "orderDetails": {"orderID": "orderid:718409", "reservationid": "LM4-YKVL", "orderType": "call center"}}}
