id,reservationid,orderid,crmid,timestamp,orderType,productsku,hotelCheckInUnix,hotelCheckOutUnix,hotelCheckInTS,hotelCheckOutTS,hotelName,hotelChain,hotelLocation,hotelRoomType,hotelRoomCount,hotelGuestAdultCount,hotelGuestChildCount,hotelNightCount,hotelRoomPrice,hotelFinalPrice
orderid:338379,KCN-BR8X,orderid:338379,crmid:7754458888,2020-01-02T12:31:58.000Z,kiosk,prd1177,1580387518,1581078718,2020-01-30T12:31:58+00:00,2020-02-07T12:31:58+00:00,Admiralty Plaza: Raleigh,Admiralty Plaza,Raleigh,standard,1,1,0,8,128.73,1029.84
orderid:450769,BYF-RHIR,orderid:450769,crmid:8954664705,2020-01-21T00:08:37.000Z,mobile,prd1011,1581811717,1582675717,2020-02-16T00:08:37+00:00,2020-02-26T00:08:37+00:00,Hospitality Inn: Dallas,Hospitality Inn,Dallas,premium,1,1,0,10,138.13,1381.3
orderid:790809,QNP-T3M6,orderid:790809,crmid:7350037104,2020-02-01T01:45:43.000Z,service desk,prd1028,1582767943,1583199943,2020-02-27T01:45:43+00:00,2020-03-03T01:45:43+00:00,Aspen Heights: Portland,Aspen Heights,Portland,standard,1,1,0,5,125.36,626.8
orderid:457787,ZEK-QQTJ,orderid:457787,crmid:7323501227,2020-02-14T14:07:05.000Z,call center,prd1153,1584194825,1584713225,2020-03-14T14:07:05+00:00,2020-03-20T14:07:05+00:00,Admiralty Plaza: Charlotte,Admiralty Plaza,Charlotte,standard,1,1,1,6,148.61,891.66
orderid:770967,OD3-8LEI,orderid:770967,crmid:4986167196,2020-01-25T19:54:45.000Z,call center,prd1038,1580068485,1580500485,2020-01-26T19:54:45+00:00,2020-01-31T19:54:45+00:00,Restful Nights: Mesa,Restful Nights,Mesa,standard,1,1,0,5,145.56,727.8
orderid:729947,6YT-PLYO,orderid:729947,crmid:2526063905,2019-12-04T06:03:57.000Z,call center,prd1185,1577599437,1578377037,2019-12-29T06:03:57+00:00,2020-01-07T06:03:57+00:00,Sapphire Suites: New Orleans,Sapphire Suites,New Orleans,standard,1,1,3,9,151.23,1361.07
orderid:770516,VEU-5F4N,orderid:770516,crmid:8927049625,2020-01-22T21:00:00.000Z,website,prd1019,1581541200,1581973200,2020-02-12T21:00:00+00:00,2020-02-17T21:00:00+00:00,Nesting Box Inn: Charlotte,Nesting Box Inn,Charlotte,standard,1,1,0,5,95.42,477.1
orderid:859631,YXX-LZSH,orderid:859631,crmid:3351282174,2020-01-16T06:00:39.000Z,website,prd1184,1580968839,1582264839,2020-02-06T06:00:39+00:00,2020-02-21T06:00:39+00:00,Aspen Heights: Arlington,Aspen Heights,Arlington,standard,1,1,0,15,146.18,2192.7
orderid:896088,CYO-DFJT,orderid:896088,crmid:1171965120,2020-02-11T05:36:25.000Z,service desk,prd1103,1583472985,1583904985,2020-03-06T05:36:25+00:00,2020-03-11T05:36:25+00:00,Nesting Box Inn: Hamburg,Nesting Box Inn,Hamburg,ultra-luxury,1,1,0,5,386.33,1931.65
orderid:421653,OUR-0PMG,orderid:421653,crmid:1949050716,2020-01-07T04:55:40.000Z,website,prd1062,1578459340,1578545740,2020-01-08T04:55:40+00:00,2020-01-09T04:55:40+00:00,Restful Nights: Moscow,Restful Nights,Moscow,standard,1,1,0,1,194.65,194.65
orderid:700485,RXT-TQU5,orderid:700485,crmid:7201293098,2020-01-03T12:49:35.000Z,service desk,prd1071,1578746975,1579006175,2020-01-11T12:49:35+00:00,2020-01-14T12:49:35+00:00,Hospitality Inn: Seoul,Hospitality Inn,Seoul,premium,1,1,0,3,145.44,436.32
orderid:414152,YD7-EMZQ,orderid:414152,crmid:6519270033,2020-01-10T06:08:16.000Z,call center,prd1047,1580191696,1581660496,2020-01-28T06:08:16+00:00,2020-02-14T06:08:16+00:00,Hospitality Inn: Oakland,Hospitality Inn,Oakland,standard,1,1,2,17,140.13,2382.21
orderid:778871,7DE-EZ14,orderid:778871,crmid:4921276060,2019-12-22T08:42:33.000Z,service desk,prd1077,1577349753,1577522553,2019-12-26T08:42:33+00:00,2019-12-28T08:42:33+00:00,Sapphire Suites: Cairo,Sapphire Suites,Cairo,standard,1,1,0,2,132.47,264.94
orderid:649789,SCE-5OUN,orderid:649789,crmid:5676170824,2020-02-10T04:43:08.000Z,website,prd1035,1581482588,1581568988,2020-02-12T04:43:08+00:00,2020-02-13T04:43:08+00:00,Hospitality Inn: Tucson,Hospitality Inn,Tucson,standard,1,1,0,1,151.8,151.8
orderid:520849,5RZ-EOIQ,orderid:520849,crmid:5013649587,2019-12-17T11:55:54.000Z,website,prd1142,1576842954,1577015754,2019-12-20T11:55:54+00:00,2019-12-22T11:55:54+00:00,Blue Reef Resort: Philadelphia,Blue Reef Resort,Philadelphia,luxury,1,1,0,2,334.65,669.3
orderid:199895,VW7-WTGB,orderid:199895,crmid:5013649587,2019-12-23T00:00:00.000Z,website,prd1026,1577145600,1577491200,2019-12-24T00:00:00+00:00,2019-12-28T00:00:00+00:00,Restful Nights: Nashville,Restful Nights,Nashville,standard,1,1,0,4,155.42,621.68
orderid:185968,B5V-0SEN,orderid:185968,crmid:7615179327,2020-01-29T04:47:27.000Z,website,prd1023,1582346847,1582951647,2020-02-22T04:47:27+00:00,2020-02-29T04:47:27+00:00,Hospitality Inn: Boston,Hospitality Inn,Boston,luxury,1,1,1,7,320.35,2242.45
orderid:680413,HCL-RL2P,orderid:680413,crmid:3992374638,2020-01-27T08:14:56.000Z,call center,prd1001,1582359296,1582704896,2020-02-22T08:14:56+00:00,2020-02-26T08:14:56+00:00,Grandeur Hotels: New York,Grandeur Hotels,New York,standard,1,1,0,4,136.05,544.2
orderid:292317,HHR-HESP,orderid:292317,crmid:6003896890,2019-12-04T23:10:44.000Z,call center,prd1004,1577574644,1578784244,2019-12-28T23:10:44+00:00,2020-01-11T23:10:44+00:00,Aspen Heights: Boulder,Aspen Heights,Boulder,premium,1,1,0,14,114.26,1599.64
orderid:437187,QCO-ZJCF,orderid:437187,crmid:4790248787,2019-12-07T22:49:24.000Z,kiosk,prd1094,1575845364,1576190964,2019-12-08T22:49:24+00:00,2019-12-12T22:49:24+00:00,Blue Reef Resort: Berlin,Blue Reef Resort,Berlin,standard,1,1,0,4,125.63,502.52
orderid:878479,AOH-AHRY,orderid:878479,crmid:4101169652,2020-01-12T03:23:33.000Z,call center,prd1167,1580354613,1580959413,2020-01-30T03:23:33+00:00,2020-02-06T03:23:33+00:00,Hospitality Inn: Milwaukee,Hospitality Inn,Milwaukee,standard,1,1,0,7,195.75,1370.25
orderid:383648,WXQ-NHLD,orderid:383648,crmid:3210133745,2020-01-27T06:53:06.000Z,service desk,prd1026,1582613586,1582786386,2020-02-25T06:53:06+00:00,2020-02-27T06:53:06+00:00,Restful Nights: Nashville,Restful Nights,Nashville,standard,1,1,0,2,161.02,322.04
orderid:835375,EDX-FIUX,orderid:835375,crmid:3507628804,2019-12-01T13:00:31.000Z,service desk,prd1176,1577278831,1577883631,2019-12-25T13:00:31+00:00,2020-01-01T13:00:31+00:00,Repose Resort: Omaha,Repose Resort,Omaha,premium,1,1,0,7,107.12,749.84
orderid:846493,SCC-TF5V,orderid:846493,crmid:2021375407,2019-12-17T18:35:58.000Z,website,prd1064,1577385358,1577990158,2019-12-26T18:35:58+00:00,2020-01-02T18:35:58+00:00,Aspen Heights: Paris,Aspen Heights,Paris,standard,1,1,0,7,147.04,1029.28
orderid:575373,ZC0-SGEU,orderid:575373,crmid:8527323626,2020-01-29T07:02:19.000Z,call center,prd1056,1582182139,1582959739,2020-02-20T07:02:19+00:00,2020-02-29T07:02:19+00:00,Repose Resort: Aurora,Repose Resort,Aurora,standard,1,1,0,9,163.25,1469.25
orderid:925852,GSH-FKZ9,orderid:925852,crmid:4467070680,2019-12-14T07:16:12.000Z,website,prd1035,1576394172,1576653372,2019-12-15T07:16:12+00:00,2019-12-18T07:16:12+00:00,Hospitality Inn: Tucson,Hospitality Inn,Tucson,premium,1,1,0,3,94.63,283.89
orderid:981285,T0M-M6Y8,orderid:981285,crmid:8293555500,2020-01-04T21:19:52.000Z,website,prd1106,1580419192,1581801592,2020-01-30T21:19:52+00:00,2020-02-15T21:19:52+00:00,Blue Reef Resort: Munich,Blue Reef Resort,Munich,standard,1,1,3,16,124.61,1993.76
orderid:523449,MAV-TWCU,orderid:523449,crmid:4289099425,2020-01-21T04:15:12.000Z,mobile,prd1172,1579839312,1580012112,2020-01-24T04:15:12+00:00,2020-01-26T04:15:12+00:00,Aspen Heights: Mesa,Aspen Heights,Mesa,standard,1,1,0,2,139.58,279.16
orderid:627857,UHD-1E8R,orderid:627857,crmid:4603067684,2020-01-16T22:14:34.000Z,website,prd1081,1581286474,1581891274,2020-02-09T22:14:34+00:00,2020-02-16T22:14:34+00:00,Admiralty Plaza: Rod de Janeiro,Admiralty Plaza,Rod de Janeiro,standard,1,1,0,7,133.52,934.64
orderid:687151,RGM-JU5J,orderid:687151,crmid:5723580271,2020-01-25T13:48:34.000Z,call center,prd1093,1582379314,1583070514,2020-02-22T13:48:34+00:00,2020-03-01T13:48:34+00:00,Admiralty Plaza: Yokohama,Admiralty Plaza,Yokohama,luxury,1,1,0,8,336.32,2690.56
orderid:341808,QEK-TZUT,orderid:341808,crmid:4206952752,2020-02-04T15:15:04.000Z,kiosk,prd1086,1581088504,1582298104,2020-02-07T15:15:04+00:00,2020-02-21T15:15:04+00:00,Restful Nights: Johannesburg,Restful Nights,Johannesburg,standard,1,1,3,14,158.0,2212.0
orderid:670583,ZMR-Q0NO,orderid:670583,crmid:7596047830,2020-01-30T12:09:05.000Z,call center,prd1040,1580731745,1580990945,2020-02-03T12:09:05+00:00,2020-02-06T12:09:05+00:00,Aspen Heights: Atlanta,Aspen Heights,Atlanta,standard,1,1,0,3,145.96,437.88
orderid:304355,AGN-OWZG,orderid:304355,crmid:4131646127,2020-02-02T01:57:35.000Z,kiosk,prd1021,1583027855,1583891855,2020-03-01T01:57:35+00:00,2020-03-11T01:57:35+00:00,Admiralty Plaza: Denver,Admiralty Plaza,Denver,standard,1,1,0,10,125.91,1259.1
orderid:826337,GR5-OMJB,orderid:826337,crmid:6562463176,2020-02-14T02:52:52.000Z,call center,prd1148,1581907972,1582080772,2020-02-17T02:52:52+00:00,2020-02-19T02:52:52+00:00,Aspen Heights: Jacksonville,Aspen Heights,Jacksonville,standard,1,1,0,2,78.63,157.26
orderid:438078,RHN-ALTO,orderid:438078,crmid:9570067233,2020-02-05T12:34:08.000Z,kiosk,prd1160,1581424448,1581683648,2020-02-11T12:34:08+00:00,2020-02-14T12:34:08+00:00,Aspen Heights: Nashville,Aspen Heights,Nashville,standard,1,1,0,3,156.1,468.3
orderid:265628,T8Q-ZZ5P,orderid:265628,crmid:9570067233,2020-02-15T00:00:00.000Z,kiosk,prd1131,1582070400,1582243200,2020-02-19T00:00:00+00:00,2020-02-21T00:00:00+00:00,Hospitality Inn: Sheffield,Hospitality Inn,Sheffield,standard,1,1,0,2,164.33,328.66
orderid:430226,UQL-KUMD,orderid:430226,crmid:4525527991,2019-12-12T17:46:31.000Z,mobile,prd1184,1578505591,1579023991,2020-01-08T17:46:31+00:00,2020-01-14T17:46:31+00:00,Aspen Heights: Arlington,Aspen Heights,Arlington,premium,1,1,1,6,112.33,673.98
orderid:653908,964-UFQ7,orderid:653908,crmid:2965261080,2020-02-09T20:38:15.000Z,website,prd1037,1583267895,1583699895,2020-03-03T20:38:15+00:00,2020-03-08T20:38:15+00:00,Grandeur Hotels: Sacramento,Grandeur Hotels,Sacramento,standard,1,1,0,5,155.74,778.7
orderid:645975,AJF-CQDT,orderid:645975,crmid:7240684375,2020-02-02T16:48:10.000Z,call center,prd1129,1580921290,1581007690,2020-02-05T16:48:10+00:00,2020-02-06T16:48:10+00:00,Admiralty Plaza: Helsinki,Admiralty Plaza,Helsinki,standard,1,1,0,1,140.76,140.76
orderid:608100,8NF-W2LP,orderid:608100,crmid:1036510855,2019-12-29T20:22:48.000Z,mobile,prd1189,1577737368,1577910168,2019-12-30T20:22:48+00:00,2020-01-01T20:22:48+00:00,Admiralty Plaza: Bakersfield,Admiralty Plaza,Bakersfield,luxury,1,1,0,2,386.0,772.0
orderid:209273,ILF-EZ8J,orderid:209273,crmid:2129181672,2019-12-12T11:15:43.000Z,mobile,prd1057,1578050143,1578482143,2020-01-03T11:15:43+00:00,2020-01-08T11:15:43+00:00,Admiralty Plaza: Mumbai,Admiralty Plaza,Mumbai,standard,1,1,0,5,158.57,792.85
orderid:946647,BOX-KNZB,orderid:946647,crmid:5329429155,2019-12-18T06:46:31.000Z,kiosk,prd1130,1578984391,1579070791,2020-01-14T06:46:31+00:00,2020-01-15T06:46:31+00:00,Blue Reef Resort: Bremen,Blue Reef Resort,Bremen,standard,1,1,0,1,100.79,100.79
orderid:186548,DP7-VVPN,orderid:186548,crmid:3499425961,2020-01-08T05:50:42.000Z,mobile,prd1142,1580536242,1580968242,2020-02-01T05:50:42+00:00,2020-02-06T05:50:42+00:00,Blue Reef Resort: Philadelphia,Blue Reef Resort,Philadelphia,standard,1,1,0,5,207.47,1037.35
orderid:312838,D0O-PO2T,orderid:312838,crmid:5669120807,2020-01-29T16:01:55.000Z,mobile,prd1147,1580400115,1580659315,2020-01-30T16:01:55+00:00,2020-02-02T16:01:55+00:00,Family Fun Hotels: Austin,Family Fun Hotels,Austin,premium,1,1,0,3,129.79,389.37
orderid:693350,MC5-U34Q,orderid:693350,crmid:6745334091,2019-12-13T09:37:26.000Z,mobile,prd1101,1578735446,1579081046,2020-01-11T09:37:26+00:00,2020-01-15T09:37:26+00:00,Sapphire Suites: Vienna,Sapphire Suites,Vienna,standard,1,1,4,4,147.59,590.36
orderid:312770,SA5-2MNB,orderid:312770,crmid:7675616226,2020-02-15T16:30:53.000Z,call center,prd1181,1583685053,1584721853,2020-03-08T16:30:53+00:00,2020-03-20T16:30:53+00:00,Grandeur Hotels: Oakland,Grandeur Hotels,Oakland,standard,1,1,0,12,141.97,1703.64
orderid:791824,BCX-ZHF5,orderid:791824,crmid:8879540758,2020-01-12T20:52:53.000Z,kiosk,prd1092,1580763173,1581799973,2020-02-03T20:52:53+00:00,2020-02-15T20:52:53+00:00,Repose Resort: Cape Town,Repose Resort,Cape Town,standard,1,1,0,12,171.84,2062.08
orderid:282280,IOG-ARLM,orderid:282280,crmid:9453561468,2020-01-29T20:34:41.000Z,call center,prd1179,1582662881,1584131681,2020-02-25T20:34:41+00:00,2020-03-13T20:34:41+00:00,Hospitality Inn: Miami,Hospitality Inn,Miami,premium,1,1,4,17,103.06,1752.02
orderid:290408,AMG-XYS9,orderid:290408,crmid:1813235560,2020-01-04T02:28:21.000Z,website,prd1148,1578450501,1578623301,2020-01-08T02:28:21+00:00,2020-01-10T02:28:21+00:00,Aspen Heights: Jacksonville,Aspen Heights,Jacksonville,premium,1,1,0,2,138.03,276.06
orderid:488010,A82-XMID,orderid:488010,crmid:6500252019,2020-01-14T22:55:55.000Z,service desk,prd1153,1579215355,1579560955,2020-01-16T22:55:55+00:00,2020-01-20T22:55:55+00:00,Admiralty Plaza: Charlotte,Admiralty Plaza,Charlotte,standard,1,1,0,4,128.09,512.36
orderid:529481,IEE-ERNJ,orderid:529481,crmid:6500252019,2020-01-21T00:00:00.000Z,call center,prd1163,1579651200,1579824000,2020-01-22T00:00:00+00:00,2020-01-24T00:00:00+00:00,Nesting Box Inn: Oklahoma City,Nesting Box Inn,Oklahoma City,standard,1,1,0,2,117.07,234.14
orderid:931685,WVO-RIGG,orderid:931685,crmid:1188504380,2020-01-08T08:03:00.000Z,website,prd1118,1580284980,1581667380,2020-01-29T08:03:00+00:00,2020-02-14T08:03:00+00:00,Blue Reef Resort: Cologne,Blue Reef Resort,Cologne,standard,1,1,2,16,149.31,2388.96
orderid:381736,FWJ-L79L,orderid:381736,crmid:3985667359,2019-12-06T07:29:56.000Z,website,prd1153,1578122996,1579764596,2020-01-04T07:29:56+00:00,2020-01-23T07:29:56+00:00,Admiralty Plaza: Charlotte,Admiralty Plaza,Charlotte,standard,1,1,0,19,189.56,3601.64
orderid:198518,NCT-5SKG,orderid:198518,crmid:4231544936,2020-01-25T01:10:28.000Z,website,prd1142,1581815428,1582333828,2020-02-16T01:10:28+00:00,2020-02-22T01:10:28+00:00,Blue Reef Resort: Philadelphia,Blue Reef Resort,Philadelphia,standard,1,1,0,6,154.86,929.16
orderid:358464,DXO-OU0K,orderid:358464,crmid:7345789284,2020-01-21T10:57:16.000Z,call center,prd1076,1581764236,1583060236,2020-02-15T10:57:16+00:00,2020-03-01T10:57:16+00:00,Aspen Heights: Bogota,Aspen Heights,Bogota,standard,1,1,0,15,88.13,1321.95
orderid:989979,FWE-AIVH,orderid:989979,crmid:3052436460,2019-12-15T06:31:42.000Z,kiosk,prd1174,1577428302,1577946702,2019-12-27T06:31:42+00:00,2020-01-02T06:31:42+00:00,Sego Lily Suites: Atlanta,Sego Lily Suites,Atlanta,premium,1,1,4,6,129.81,778.86
orderid:795751,B5X-90UJ,orderid:795751,crmid:5078807252,2019-12-08T06:59:04.000Z,kiosk,prd1196,1577602744,1578207544,2019-12-29T06:59:04+00:00,2020-01-05T06:59:04+00:00,Aspen Heights: Moscow,Aspen Heights,Moscow,standard,1,1,0,7,137.25,960.75
orderid:771595,HYC-BOZT,orderid:771595,crmid:7331359047,2019-12-08T05:55:53.000Z,service desk,prd1057,1577858153,1578549353,2020-01-01T05:55:53+00:00,2020-01-09T05:55:53+00:00,Admiralty Plaza: Mumbai,Admiralty Plaza,Mumbai,luxury,1,1,0,8,289.3,2314.4
orderid:612934,BHG-FFGY,orderid:612934,crmid:7120013778,2019-12-31T14:18:57.000Z,call center,prd1055,1577974737,1578493137,2020-01-02T14:18:57+00:00,2020-01-08T14:18:57+00:00,Nesting Box Inn: Bakersfield,Nesting Box Inn,Bakersfield,standard,1,1,0,6,95.37,572.22
orderid:834222,C8Q-BSLC,orderid:834222,crmid:3757892774,2020-01-21T02:17:38.000Z,call center,prd1141,1581128258,1581646658,2020-02-08T02:17:38+00:00,2020-02-14T02:17:38+00:00,Admiralty Plaza: Phoenix,Admiralty Plaza,Phoenix,luxury,1,1,0,6,408.31,2449.86
orderid:997019,ADM-8NO4,orderid:997019,crmid:5511236645,2019-12-27T23:21:20.000Z,kiosk,prd1184,1579216880,1579562480,2020-01-16T23:21:20+00:00,2020-01-20T23:21:20+00:00,Aspen Heights: Arlington,Aspen Heights,Arlington,premium,1,1,0,4,164.69,658.76
orderid:902379,VH5-R7QR,orderid:902379,crmid:9624636832,2019-12-05T17:28:12.000Z,service desk,prd1183,1577467692,1577813292,2019-12-27T17:28:12+00:00,2019-12-31T17:28:12+00:00,Family Fun Hotels: Tulsa,Family Fun Hotels,Tulsa,standard,1,1,0,4,160.12,640.48
orderid:951202,ZUE-XXSE,orderid:951202,crmid:8379222556,2020-01-14T12:20:40.000Z,kiosk,prd1113,1580214040,1581596440,2020-01-28T12:20:40+00:00,2020-02-13T12:20:40+00:00,Sapphire Suites: Kazan,Sapphire Suites,Kazan,standard,1,1,0,16,102.95,1647.2
orderid:998038,8K0-I43J,orderid:998038,crmid:2816317509,2020-02-11T16:35:26.000Z,website,prd1130,1583339726,1583598926,2020-03-04T16:35:26+00:00,2020-03-07T16:35:26+00:00,Blue Reef Resort: Bremen,Blue Reef Resort,Bremen,standard,1,1,0,3,137.74,413.22
orderid:176310,TZO-ODRV,orderid:176310,crmid:4426258801,2020-01-08T01:40:09.000Z,call center,prd1129,1580953209,1581730809,2020-02-06T01:40:09+00:00,2020-02-15T01:40:09+00:00,Admiralty Plaza: Helsinki,Admiralty Plaza,Helsinki,standard,1,1,0,9,122.6,1103.4
orderid:518204,BEN-PCIB,orderid:518204,crmid:8981608909,2020-02-15T16:13:32.000Z,kiosk,prd1122,1581869612,1582042412,2020-02-16T16:13:32+00:00,2020-02-18T16:13:32+00:00,Restful Nights: Valencia,Restful Nights,Valencia,standard,1,1,0,2,149.77,299.54
orderid:891574,KSW-W5VK,orderid:891574,crmid:7755582768,2020-01-03T15:16:09.000Z,call center,prd1152,1580051769,1580656569,2020-01-26T15:16:09+00:00,2020-02-02T15:16:09+00:00,Repose Resort: Indianapolis,Repose Resort,Indianapolis,premium,1,1,0,7,150.53,1053.71
orderid:530054,OIT-W7PY,orderid:530054,crmid:2440252391,2020-01-31T10:07:06.000Z,website,prd1158,1582452426,1583662026,2020-02-23T10:07:06+00:00,2020-03-08T10:07:06+00:00,Restful Nights: El Paso,Restful Nights,El Paso,premium,1,1,0,14,155.93,2183.02
orderid:170177,NVX-N6SP,orderid:170177,crmid:5981620863,2020-01-19T18:49:09.000Z,mobile,prd1076,1579718949,1580755749,2020-01-22T18:49:09+00:00,2020-02-03T18:49:09+00:00,Aspen Heights: Bogota,Aspen Heights,Bogota,ultra-luxury,1,1,0,12,316.75,3801.0
orderid:893425,GLO-S3QI,orderid:893425,crmid:3286790132,2020-02-15T17:44:55.000Z,call center,prd1171,1581875095,1581961495,2020-02-16T17:44:55+00:00,2020-02-17T17:44:55+00:00,Family Fun Hotels: Sacramento,Family Fun Hotels,Sacramento,standard,1,1,0,1,149.97,149.97
orderid:506833,FIJ-26BB,orderid:506833,crmid:4468770783,2019-12-01T10:47:08.000Z,kiosk,prd1184,1575802028,1576234028,2019-12-08T10:47:08+00:00,2019-12-13T10:47:08+00:00,Aspen Heights: Arlington,Aspen Heights,Arlington,standard,1,1,0,5,146.4,732.0
orderid:413016,IHJ-ZBAT,orderid:413016,crmid:7033655525,2020-02-03T05:37:35.000Z,website,prd1101,1580967455,1581140255,2020-02-06T05:37:35+00:00,2020-02-08T05:37:35+00:00,Sapphire Suites: Vienna,Sapphire Suites,Vienna,standard,1,1,0,2,134.52,269.04
orderid:617073,UKY-MSTE,orderid:617073,crmid:9248232833,2020-02-06T14:54:10.000Z,kiosk,prd1100,1582901650,1583333650,2020-02-28T14:54:10+00:00,2020-03-04T14:54:10+00:00,Aspen Heights: Misk,Aspen Heights,Misk,standard,1,1,0,5,122.88,614.4
orderid:752663,USL-QWOQ,orderid:752663,crmid:4244037243,2020-02-02T21:04:45.000Z,kiosk,prd1119,1580850285,1580936685,2020-02-04T21:04:45+00:00,2020-02-05T21:04:45+00:00,Hospitality Inn: Turin,Hospitality Inn,Turin,standard,1,1,0,1,168.25,168.25
orderid:678242,9GT-PDZT,orderid:678242,crmid:5800699953,2019-12-10T05:23:52.000Z,mobile,prd1023,1577597032,1578115432,2019-12-29T05:23:52+00:00,2020-01-04T05:23:52+00:00,Hospitality Inn: Boston,Hospitality Inn,Boston,ultra-luxury,1,1,0,6,402.11,2412.66
orderid:209510,3YB-NXYR,orderid:209510,crmid:6112616100,2019-12-25T23:13:31.000Z,website,prd1011,1577402011,1577574811,2019-12-26T23:13:31+00:00,2019-12-28T23:13:31+00:00,Hospitality Inn: Dallas,Hospitality Inn,Dallas,premium,1,1,0,2,161.9,323.8
orderid:494183,WVM-LHYT,orderid:494183,crmid:6112616100,2019-12-29T00:00:00.000Z,website,prd1057,1577664000,1577836800,2019-12-30T00:00:00+00:00,2020-01-01T00:00:00+00:00,Admiralty Plaza: Mumbai,Admiralty Plaza,Mumbai,standard,1,1,0,2,148.99,297.98
orderid:893124,WNW-6GK5,orderid:893124,crmid:7191314761,2020-01-13T05:14:46.000Z,call center,prd1106,1579238086,1580361286,2020-01-17T05:14:46+00:00,2020-01-30T05:14:46+00:00,Blue Reef Resort: Munich,Blue Reef Resort,Munich,premium,1,1,4,13,165.16,2147.08
orderid:424533,8UX-XIQD,orderid:424533,crmid:8683787443,2020-02-14T06:06:10.000Z,website,prd1190,1582437970,1584079570,2020-02-23T06:06:10+00:00,2020-03-13T06:06:10+00:00,Blue Reef Resort: Aurora,Blue Reef Resort,Aurora,premium,1,1,0,19,143.64,2729.16
orderid:832526,GLU-LI6P,orderid:832526,crmid:4697624411,2020-01-14T05:42:15.000Z,kiosk,prd1141,1580794935,1581658935,2020-02-04T05:42:15+00:00,2020-02-14T05:42:15+00:00,Admiralty Plaza: Phoenix,Admiralty Plaza,Phoenix,standard,1,1,0,10,82.98,829.8
orderid:881820,ORC-BRO2,orderid:881820,crmid:8659878831,2020-01-05T15:40:37.000Z,mobile,prd1124,1578325237,1578411637,2020-01-06T15:40:37+00:00,2020-01-07T15:40:37+00:00,Aspen Heights: Leeds,Aspen Heights,Leeds,standard,1,1,0,1,112.94,112.94
orderid:444388,J5B-DOKD,orderid:444388,crmid:9522012173,2020-02-08T21:34:29.000Z,kiosk,prd1107,1583530469,1584480869,2020-03-06T21:34:29+00:00,2020-03-17T21:34:29+00:00,Hospitality Inn: Kharkiv,Hospitality Inn,Kharkiv,standard,1,1,4,11,171.08,1881.88
orderid:721287,NT0-ZSOG,orderid:721287,crmid:9341685618,2020-02-05T23:49:20.000Z,kiosk,prd1131,1583279360,1583711360,2020-03-03T23:49:20+00:00,2020-03-08T23:49:20+00:00,Hospitality Inn: Sheffield,Hospitality Inn,Sheffield,premium,1,1,0,5,148.6,743.0
orderid:584520,AIQ-N1JW,orderid:584520,crmid:4685419352,2019-12-02T12:02:57.000Z,kiosk,prd1136,1576843377,1578052977,2019-12-20T12:02:57+00:00,2020-01-03T12:02:57+00:00,Aspen Heights: Osaka,Aspen Heights,Osaka,standard,1,1,0,14,141.9,1986.6
orderid:843797,IBP-6YBO,orderid:843797,crmid:3181453537,2020-01-16T07:43:36.000Z,call center,prd1159,1581407016,1581579816,2020-02-11T07:43:36+00:00,2020-02-13T07:43:36+00:00,Family Fun Hotels: Detroit,Family Fun Hotels,Detroit,standard,1,1,0,2,181.47,362.94
orderid:987155,DRJ-D6H1,orderid:987155,crmid:8392104855,2019-12-06T17:06:11.000Z,mobile,prd1178,1577379971,1578071171,2019-12-26T17:06:11+00:00,2020-01-03T17:06:11+00:00,Blue Reef Resort: Colorado Springs,Blue Reef Resort,Colorado Springs,standard,1,1,0,8,135.51,1084.08
orderid:721697,K15-0VGN,orderid:721697,crmid:1606411026,2020-01-27T07:15:57.000Z,mobile,prd1196,1581405357,1582182957,2020-02-11T07:15:57+00:00,2020-02-20T07:15:57+00:00,Aspen Heights: Moscow,Aspen Heights,Moscow,standard,1,1,0,9,124.86,1123.74
orderid:701426,2GM-APX3,orderid:701426,crmid:5509883436,2020-01-07T19:10:47.000Z,website,prd1179,1580411447,1581016247,2020-01-30T19:10:47+00:00,2020-02-06T19:10:47+00:00,Hospitality Inn: Miami,Hospitality Inn,Miami,standard,1,1,2,7,138.96,972.72
orderid:547510,3C8-WTNV,orderid:547510,crmid:2949118210,2020-02-10T21:40:21.000Z,call center,prd1124,1583703621,1584135621,2020-03-08T21:40:21+00:00,2020-03-13T21:40:21+00:00,Aspen Heights: Leeds,Aspen Heights,Leeds,ultra-luxury,1,1,0,5,392.4,1962.0
orderid:358563,FM5-VWJR,orderid:358563,crmid:6193823962,2019-12-27T02:03:55.000Z,mobile,prd1011,1579226635,1579313035,2020-01-17T02:03:55+00:00,2020-01-18T02:03:55+00:00,Hospitality Inn: Dallas,Hospitality Inn,Dallas,premium,1,1,1,1,141.88,141.88
orderid:337800,DET-EEGR,orderid:337800,crmid:3375948091,2019-12-06T12:27:53.000Z,call center,prd1016,1575721673,1576067273,2019-12-07T12:27:53+00:00,2019-12-11T12:27:53+00:00,Aspen Heights: Columbus,Aspen Heights,Columbus,premium,1,1,0,4,96.44,385.76
orderid:809990,IRO-BL94,orderid:809990,crmid:5478062591,2019-12-10T19:57:05.000Z,mobile,prd1034,1578081425,1578859025,2020-01-03T19:57:05+00:00,2020-01-12T19:57:05+00:00,Blue Reef Resort: Albuquerque,Blue Reef Resort,Albuquerque,standard,1,1,0,9,129.84,1168.56
orderid:392841,ANT-YEDN,orderid:392841,crmid:6665088860,2020-01-09T02:35:54.000Z,call center,prd1181,1580956554,1581388554,2020-02-06T02:35:54+00:00,2020-02-11T02:35:54+00:00,Grandeur Hotels: Oakland,Grandeur Hotels,Oakland,standard,1,1,0,5,139.88,699.4
orderid:624519,DVX-PZUD,orderid:624519,crmid:4456125518,2020-01-05T15:58:54.000Z,kiosk,prd1067,1580831934,1581436734,2020-02-04T15:58:54+00:00,2020-02-11T15:58:54+00:00,Nesting Box Inn: Istanbul,Nesting Box Inn,Istanbul,premium,1,1,1,7,124.08,868.56
orderid:448690,63Z-PHZV,orderid:448690,crmid:6472426288,2019-12-10T22:25:04.000Z,website,prd1146,1576621504,1577485504,2019-12-17T22:25:04+00:00,2019-12-27T22:25:04+00:00,Restful Nights: San Jose,Restful Nights,San Jose,standard,1,1,0,10,99.29,992.9
orderid:290744,RSX-H2YY,orderid:290744,crmid:5620642030,2019-12-01T15:17:47.000Z,call center,prd1177,1577200667,1577891867,2019-12-24T15:17:47+00:00,2020-01-01T15:17:47+00:00,Admiralty Plaza: Raleigh,Admiralty Plaza,Raleigh,standard,1,1,3,8,133.37,1066.96
orderid:114227,1IN-WTAJ,orderid:114227,crmid:5516288537,2020-01-09T00:09:17.000Z,kiosk,prd1143,1580688557,1580947757,2020-02-03T00:09:17+00:00,2020-02-06T00:09:17+00:00,Hospitality Inn: San Antonio,Hospitality Inn,San Antonio,standard,1,1,0,3,130.44,391.32
orderid:739294,VLS-FEJ3,orderid:739294,crmid:1222190139,2019-12-05T15:39:44.000Z,website,prd1196,1575992384,1576078784,2019-12-10T15:39:44+00:00,2019-12-11T15:39:44+00:00,Aspen Heights: Moscow,Aspen Heights,Moscow,standard,1,1,0,1,128.98,128.98
orderid:649129,BHJ-JGZ0,orderid:649129,crmid:9827852557,2020-01-16T11:30:14.000Z,kiosk,prd1001,1580729414,1581420614,2020-02-03T11:30:14+00:00,2020-02-11T11:30:14+00:00,Grandeur Hotels: New York,Grandeur Hotels,New York,standard,1,1,0,8,174.44,1395.52
orderid:447196,EUW-7ZJD,orderid:447196,crmid:9727779196,2020-01-31T07:04:53.000Z,call center,prd1045,1580540693,1581059093,2020-02-01T07:04:53+00:00,2020-02-07T07:04:53+00:00,Admiralty Plaza: Miami,Admiralty Plaza,Miami,standard,1,1,0,6,142.73,856.38
orderid:650292,SIA-WQJL,orderid:650292,crmid:8950720052,2020-01-05T02:04:59.000Z,kiosk,prd1022,1578276299,1578708299,2020-01-06T02:04:59+00:00,2020-01-11T02:04:59+00:00,Blue Reef Resort: Washington DC,Blue Reef Resort,Washington DC,standard,1,1,0,5,139.22,696.1
orderid:282676,DYK-NIJ5,orderid:282676,crmid:8950720052,2020-01-12T00:00:00.000Z,website,prd1045,1578873600,1579046400,2020-01-13T00:00:00+00:00,2020-01-15T00:00:00+00:00,Admiralty Plaza: Miami,Admiralty Plaza,Miami,standard,1,1,0,2,120.24,240.48
orderid:754482,WSC-Z3EX,orderid:754482,crmid:6497007816,2020-02-14T12:03:03.000Z,website,prd1074,1583323383,1583841783,2020-03-04T12:03:03+00:00,2020-03-10T12:03:03+00:00,Restful Nights: Mexico City,Restful Nights,Mexico City,standard,1,1,0,6,92.45,554.7
orderid:193711,MES-FGKH,orderid:193711,crmid:2203955642,2019-12-14T13:17:35.000Z,kiosk,prd1035,1576934255,1577452655,2019-12-21T13:17:35+00:00,2019-12-27T13:17:35+00:00,Hospitality Inn: Tucson,Hospitality Inn,Tucson,standard,1,1,0,6,153.57,921.42
orderid:437626,DLI-ODEO,orderid:437626,crmid:4055689002,2019-12-06T23:26:38.000Z,website,prd1085,1577575598,1578785198,2019-12-28T23:26:38+00:00,2020-01-11T23:26:38+00:00,Grandeur Hotels: Saint Petersburg,Grandeur Hotels,Saint Petersburg,standard,1,1,0,14,119.88,1678.32
orderid:653370,ZAG-NFSX,orderid:653370,crmid:9468813385,2020-01-31T02:53:27.000Z,call center,prd1074,1581044007,1582080807,2020-02-07T02:53:27+00:00,2020-02-19T02:53:27+00:00,Restful Nights: Mexico City,Restful Nights,Mexico City,luxury,1,1,0,12,272.34,3268.08
orderid:966541,AZF-PUTS,orderid:966541,crmid:4075160445,2020-01-22T14:00:41.000Z,service desk,prd1117,1581688841,1582120841,2020-02-14T14:00:41+00:00,2020-02-19T14:00:41+00:00,Admiralty Plaza: Dublin,Admiralty Plaza,Dublin,standard,1,1,0,5,125.78,628.9
orderid:116603,JLA-OPFT,orderid:116603,crmid:7784806572,2019-12-03T20:37:07.000Z,kiosk,prd1005,1577133427,1577738227,2019-12-23T20:37:07+00:00,2019-12-30T20:37:07+00:00,Sapphire Suites: Los Angeles,Sapphire Suites,Los Angeles,standard,1,1,4,7,123.4,863.8
orderid:186320,HSS-LGM5,orderid:186320,crmid:4195312052,2020-01-19T06:00:11.000Z,call center,prd1071,1581055211,1581573611,2020-02-07T06:00:11+00:00,2020-02-13T06:00:11+00:00,Hospitality Inn: Seoul,Hospitality Inn,Seoul,premium,1,1,0,6,153.28,919.68
orderid:290073,L5C-LQYX,orderid:290073,crmid:9850452391,2020-01-06T16:59:58.000Z,mobile,prd1106,1580835598,1581353998,2020-02-04T16:59:58+00:00,2020-02-10T16:59:58+00:00,Blue Reef Resort: Munich,Blue Reef Resort,Munich,standard,1,1,0,6,158.47,950.82
orderid:334491,0PL-H4Q5,orderid:334491,crmid:8515777688,2019-12-10T17:38:35.000Z,website,prd1123,1576690715,1577295515,2019-12-18T17:38:35+00:00,2019-12-25T17:38:35+00:00,Family Fun Hotels: Amsterdam,Family Fun Hotels,Amsterdam,standard,1,1,0,7,131.57,920.99
orderid:697148,PE7-KXHA,orderid:697148,crmid:1777016213,2020-01-16T17:30:30.000Z,website,prd1112,1580319030,1580837430,2020-01-29T17:30:30+00:00,2020-02-04T17:30:30+00:00,Aspen Heights: Birmingham,Aspen Heights,Birmingham,standard,1,1,0,6,115.39,692.34
orderid:205685,CQE-AG0B,orderid:205685,crmid:5391924981,2020-01-08T17:01:11.000Z,call center,prd1029,1578675671,1579021271,2020-01-10T17:01:11+00:00,2020-01-14T17:01:11+00:00,Sapphire Suites: Oklahoma City,Sapphire Suites,Oklahoma City,standard,1,1,0,4,133.49,533.96
orderid:357214,BCN-DOF6,orderid:357214,crmid:1917815674,2020-02-12T20:44:32.000Z,call center,prd1103,1583786672,1583959472,2020-03-09T20:44:32+00:00,2020-03-11T20:44:32+00:00,Nesting Box Inn: Hamburg,Nesting Box Inn,Hamburg,standard,1,1,0,2,117.83,235.66
orderid:799577,7JL-NSGT,orderid:799577,crmid:7155902430,2020-01-21T08:52:36.000Z,website,prd1073,1582015956,1582707156,2020-02-18T08:52:36+00:00,2020-02-26T08:52:36+00:00,Grandeur Hotels: Lima,Grandeur Hotels,Lima,standard,1,1,0,8,145.01,1160.08
orderid:437081,U8M-1FCV,orderid:437081,crmid:9426454274,2019-12-05T11:28:52.000Z,call center,prd1007,1575718132,1575977332,2019-12-07T11:28:52+00:00,2019-12-10T11:28:52+00:00,Nesting Box Inn: Phoenix,Nesting Box Inn,Phoenix,standard,1,1,0,3,126.77,380.31
orderid:127492,OQS-QRWD,orderid:127492,crmid:8686037355,2020-02-14T15:20:51.000Z,call center,prd1082,1583421651,1583853651,2020-03-05T15:20:51+00:00,2020-03-10T15:20:51+00:00,Blue Reef Resort: Surat,Blue Reef Resort,Surat,premium,1,1,0,5,159.21,796.05
orderid:845706,IDJ-RHG2,orderid:845706,crmid:9984487352,2019-12-06T05:10:20.000Z,kiosk,prd1164,1577164220,1577682620,2019-12-24T05:10:20+00:00,2019-12-30T05:10:20+00:00,Repose Resort: Las Vegas,Repose Resort,Las Vegas,standard,1,1,2,6,142.12,852.72
orderid:838137,FT9-6BVP,orderid:838137,crmid:2900961054,2020-01-09T15:15:50.000Z,call center,prd1146,1580483750,1580915750,2020-01-31T15:15:50+00:00,2020-02-05T15:15:50+00:00,Restful Nights: San Jose,Restful Nights,San Jose,standard,1,1,0,5,128.81,644.05
orderid:499981,LJ4-XDVH,orderid:499981,crmid:9796209176,2019-12-15T13:36:41.000Z,call center,prd1112,1577972201,1578577001,2020-01-02T13:36:41+00:00,2020-01-09T13:36:41+00:00,Aspen Heights: Birmingham,Aspen Heights,Birmingham,standard,1,1,0,7,146.33,1024.31
orderid:221581,NUT-FWNO,orderid:221581,crmid:6379074169,2019-12-23T13:59:19.000Z,kiosk,prd1169,1579442359,1580479159,2020-01-19T13:59:19+00:00,2020-01-31T13:59:19+00:00,Grandeur Hotels: Tucson,Grandeur Hotels,Tucson,standard,1,1,0,12,104.24,1250.88
orderid:843746,09Q-C2GN,orderid:843746,crmid:1756917901,2020-01-02T21:08:56.000Z,mobile,prd1095,1578690536,1579122536,2020-01-10T21:08:56+00:00,2020-01-15T21:08:56+00:00,Hospitality Inn: Casablanca,Hospitality Inn,Casablanca,premium,1,1,1,5,162.82,814.1
orderid:999349,ISO-BDDK,orderid:999349,crmid:1914000929,2020-02-16T01:34:34.000Z,call center,prd1069,1583285674,1583717674,2020-03-04T01:34:34+00:00,2020-03-09T01:34:34+00:00,Admiralty Plaza: Singapore,Admiralty Plaza,Singapore,premium,1,1,0,5,102.05,510.25
orderid:160315,YRP-AWAQ,orderid:160315,crmid:5389619304,2019-12-18T04:33:51.000Z,kiosk,prd1106,1579062831,1579581231,2020-01-15T04:33:51+00:00,2020-01-21T04:33:51+00:00,Blue Reef Resort: Munich,Blue Reef Resort,Munich,standard,1,1,0,6,163.58,981.48
orderid:784843,QEJ-APGI,orderid:784843,crmid:6289471975,2020-01-11T03:25:51.000Z,kiosk,prd1117,1578799551,1579058751,2020-01-12T03:25:51+00:00,2020-01-15T03:25:51+00:00,Admiralty Plaza: Dublin,Admiralty Plaza,Dublin,premium,1,1,0,3,89.66,268.98
orderid:997777,BDQ-WKZX,orderid:997777,crmid:4256263057,2019-12-11T22:47:03.000Z,call center,prd1094,1577659623,1577832423,2019-12-29T22:47:03+00:00,2019-12-31T22:47:03+00:00,Blue Reef Resort: Berlin,Blue Reef Resort,Berlin,premium,1,1,0,2,108.23,216.46
orderid:510763,NLG-WHC7,orderid:510763,crmid:9992745863,2019-12-17T18:20:16.000Z,call center,prd1166,1579026016,1580149216,2020-01-14T18:20:16+00:00,2020-01-27T18:20:16+00:00,Blue Reef Resort: Baltimore,Blue Reef Resort,Baltimore,standard,1,1,1,13,113.95,1481.35
orderid:674816,YON-MTKK,orderid:674816,crmid:9655059679,2019-12-03T12:58:12.000Z,call center,prd1009,1576933092,1577451492,2019-12-21T12:58:12+00:00,2019-12-27T12:58:12+00:00,Admiralty Plaza: San Antonio,Admiralty Plaza,San Antonio,standard,1,1,0,6,139.94,839.64
orderid:927362,3F1-BWHJ,orderid:927362,crmid:7881049128,2020-02-11T08:48:19.000Z,call center,prd1011,1582102099,1582793299,2020-02-19T08:48:19+00:00,2020-02-27T08:48:19+00:00,Hospitality Inn: Dallas,Hospitality Inn,Dallas,standard,1,1,0,8,147.5,1180.0
orderid:900453,QGY-0GMI,orderid:900453,crmid:3213100575,2020-01-21T17:09:20.000Z,website,prd1101,1582132160,1582823360,2020-02-19T17:09:20+00:00,2020-02-27T17:09:20+00:00,Sapphire Suites: Vienna,Sapphire Suites,Vienna,standard,1,1,0,8,169.8,1358.4
orderid:709279,7VA-CPWQ,orderid:709279,crmid:3740223847,2020-01-02T02:43:21.000Z,website,prd1100,1578019401,1578105801,2020-01-03T02:43:21+00:00,2020-01-04T02:43:21+00:00,Aspen Heights: Misk,Aspen Heights,Misk,standard,1,1,0,1,136.53,136.53
orderid:555292,D63-S58D,orderid:555292,crmid:8205936022,2019-12-08T01:35:59.000Z,kiosk,prd1147,1575855359,1576114559,2019-12-09T01:35:59+00:00,2019-12-12T01:35:59+00:00,Family Fun Hotels: Austin,Family Fun Hotels,Austin,luxury,1,1,0,3,407.47,1222.41
orderid:648083,QVQ-WKKH,orderid:648083,crmid:7684905044,2020-02-15T02:58:33.000Z,call center,prd1039,1581821913,1582167513,2020-02-16T02:58:33+00:00,2020-02-20T02:58:33+00:00,Family Fun Hotels: Kansas City,Family Fun Hotels,Kansas City,standard,1,1,0,4,96.5,386.0
orderid:578332,D6D-QQD1,orderid:578332,crmid:7874850457,2019-12-07T03:18:54.000Z,website,prd1117,1575947934,1576552734,2019-12-10T03:18:54+00:00,2019-12-17T03:18:54+00:00,Admiralty Plaza: Dublin,Admiralty Plaza,Dublin,luxury,1,1,0,7,319.99,2239.93
orderid:261083,0Z2-KA6N,orderid:261083,crmid:2240835175,2020-02-07T00:02:31.000Z,mobile,prd1190,1583193751,1583798551,2020-03-03T00:02:31+00:00,2020-03-10T00:02:31+00:00,Blue Reef Resort: Aurora,Blue Reef Resort,Aurora,ultra-luxury,1,1,3,7,271.19,1898.33
orderid:994606,V4F-L6YK,orderid:994606,crmid:8653658965,2020-01-29T05:19:06.000Z,kiosk,prd1190,1582175946,1582780746,2020-02-20T05:19:06+00:00,2020-02-27T05:19:06+00:00,Blue Reef Resort: Aurora,Blue Reef Resort,Aurora,standard,1,1,4,7,177.16,1240.12
orderid:160176,DJL-WUWN,orderid:160176,crmid:3606961553,2020-01-28T10:49:15.000Z,kiosk,prd1160,1580899755,1581331755,2020-02-05T10:49:15+00:00,2020-02-10T10:49:15+00:00,Aspen Heights: Nashville,Aspen Heights,Nashville,premium,1,1,0,5,143.1,715.5
orderid:248855,2PF-YNJZ,orderid:248855,crmid:7050860910,2019-12-10T18:10:07.000Z,website,prd1028,1577902207,1578507007,2020-01-01T18:10:07+00:00,2020-01-08T18:10:07+00:00,Aspen Heights: Portland,Aspen Heights,Portland,premium,1,1,0,7,113.34,793.38
orderid:259461,DKW-DEEV,orderid:259461,crmid:6066015352,2020-01-10T04:43:52.000Z,website,prd1035,1580705032,1581137032,2020-02-03T04:43:52+00:00,2020-02-08T04:43:52+00:00,Hospitality Inn: Tucson,Hospitality Inn,Tucson,standard,1,1,0,5,145.55,727.75
orderid:607522,GYL-X5IR,orderid:607522,crmid:7031981667,2020-01-15T06:15:57.000Z,website,prd1064,1579155357,1579500957,2020-01-16T06:15:57+00:00,2020-01-20T06:15:57+00:00,Aspen Heights: Paris,Aspen Heights,Paris,standard,1,1,0,4,101.68,406.72
orderid:339700,WV5-4CXR,orderid:339700,crmid:9837997341,2019-12-30T06:07:36.000Z,call center,prd1189,1578636456,1579414056,2020-01-10T06:07:36+00:00,2020-01-19T06:07:36+00:00,Admiralty Plaza: Bakersfield,Admiralty Plaza,Bakersfield,standard,1,1,0,9,128.95,1160.55
orderid:591544,NKL-VWUH,orderid:591544,crmid:5653458919,2019-12-20T09:11:31.000Z,kiosk,prd1106,1579338691,1579770691,2020-01-18T09:11:31+00:00,2020-01-23T09:11:31+00:00,Blue Reef Resort: Munich,Blue Reef Resort,Munich,standard,1,1,0,5,131.16,655.8
orderid:372266,WTL-LCQC,orderid:372266,crmid:7261985749,2020-01-21T01:08:50.000Z,call center,prd1022,1580519330,1581988130,2020-02-01T01:08:50+00:00,2020-02-18T01:08:50+00:00,Blue Reef Resort: Washington DC,Blue Reef Resort,Washington DC,ultra-luxury,1,1,0,17,261.36,4443.12
orderid:109035,8ZT-ZEYD,orderid:109035,crmid:4432975406,2019-12-08T14:42:24.000Z,kiosk,prd1105,1576248144,1576507344,2019-12-13T14:42:24+00:00,2019-12-16T14:42:24+00:00,Admiralty Plaza: Barcelona,Admiralty Plaza,Barcelona,ultra-luxury,1,1,0,3,316.55,949.65
orderid:695032,4QP-YLWR,orderid:695032,crmid:2571548167,2020-02-07T23:08:57.000Z,kiosk,prd1122,1581548937,1582326537,2020-02-12T23:08:57+00:00,2020-02-21T23:08:57+00:00,Restful Nights: Valencia,Restful Nights,Valencia,standard,1,1,0,9,147.76,1329.84
orderid:826405,BCK-6Y77,orderid:826405,crmid:9291184041,2019-12-16T03:13:34.000Z,kiosk,prd1124,1576552414,1576725214,2019-12-17T03:13:34+00:00,2019-12-19T03:13:34+00:00,Aspen Heights: Leeds,Aspen Heights,Leeds,standard,1,1,0,2,163.63,327.26
orderid:436478,CNQ-HQNI,orderid:436478,crmid:5517537282,2020-02-16T02:45:38.000Z,mobile,prd1148,1583462738,1584845138,2020-03-06T02:45:38+00:00,2020-03-22T02:45:38+00:00,Aspen Heights: Jacksonville,Aspen Heights,Jacksonville,premium,1,1,0,16,118.56,1896.96
orderid:466591,RNV-G9CI,orderid:466591,crmid:7809113434,2020-01-20T20:06:21.000Z,website,prd1082,1580155581,1581192381,2020-01-27T20:06:21+00:00,2020-02-08T20:06:21+00:00,Blue Reef Resort: Surat,Blue Reef Resort,Surat,premium,1,1,0,12,133.68,1604.16
orderid:741367,OP5-MHKC,orderid:741367,crmid:4852386650,2020-01-26T00:24:49.000Z,mobile,prd1064,1581899089,1582935889,2020-02-17T00:24:49+00:00,2020-02-29T00:24:49+00:00,Aspen Heights: Paris,Aspen Heights,Paris,standard,1,1,0,12,136.93,1643.16
orderid:847031,OTS-FUTY,orderid:847031,crmid:8052189297,2020-01-31T23:20:43.000Z,kiosk,prd1081,1580599243,1580858443,2020-02-01T23:20:43+00:00,2020-02-04T23:20:43+00:00,Admiralty Plaza: Rod de Janeiro,Admiralty Plaza,Rod de Janeiro,standard,1,1,0,3,160.69,482.07
orderid:295425,LTU-SZIR,orderid:295425,crmid:8508678217,2019-12-24T00:10:00.000Z,mobile,prd1188,1578960600,1579479000,2020-01-14T00:10:00+00:00,2020-01-20T00:10:00+00:00,Repose Resort: Tampa,Repose Resort,Tampa,standard,1,1,1,6,119.76,718.56
orderid:652050,ACD-RJZQ,orderid:652050,crmid:9984919697,2020-02-07T02:03:17.000Z,call center,prd1099,1583373797,1583892197,2020-03-05T02:03:17+00:00,2020-03-11T02:03:17+00:00,Family Fun Hotels: Bucharest,Family Fun Hotels,Bucharest,standard,1,1,2,6,123.44,740.64
orderid:120783,FFU-NLYU,orderid:120783,crmid:8506999493,2020-01-31T23:46:19.000Z,mobile,prd1106,1580859979,1581291979,2020-02-04T23:46:19+00:00,2020-02-09T23:46:19+00:00,Blue Reef Resort: Munich,Blue Reef Resort,Munich,premium,1,1,0,5,158.41,792.05
orderid:535425,DWT-CIOY,orderid:535425,crmid:7801562015,2019-12-24T08:02:22.000Z,kiosk,prd1069,1577520142,1578124942,2019-12-28T08:02:22+00:00,2020-01-04T08:02:22+00:00,Admiralty Plaza: Singapore,Admiralty Plaza,Singapore,luxury,1,1,0,7,361.15,2528.05
orderid:263917,9BQ-VMRS,orderid:263917,crmid:3238638658,2020-01-28T15:52:16.000Z,website,prd1064,1580313136,1580399536,2020-01-29T15:52:16+00:00,2020-01-30T15:52:16+00:00,Aspen Heights: Paris,Aspen Heights,Paris,standard,1,1,0,1,116.75,116.75
orderid:818553,KAM-RJAF,orderid:818553,crmid:3730349901,2020-02-04T15:34:30.000Z,website,prd1124,1581953670,1583508870,2020-02-17T15:34:30+00:00,2020-03-06T15:34:30+00:00,Aspen Heights: Leeds,Aspen Heights,Leeds,standard,1,1,4,18,134.05,2412.9
orderid:403905,MUB-FQFB,orderid:403905,crmid:4941598218,2019-12-10T06:13:20.000Z,website,prd1021,1578204800,1579155200,2020-01-05T06:13:20+00:00,2020-01-16T06:13:20+00:00,Admiralty Plaza: Denver,Admiralty Plaza,Denver,standard,1,1,0,11,126.22,1388.42
orderid:392578,RKT-ESNP,orderid:392578,crmid:3283729652,2020-01-17T00:49:13.000Z,call center,prd1190,1579308553,1579567753,2020-01-18T00:49:13+00:00,2020-01-21T00:49:13+00:00,Blue Reef Resort: Aurora,Blue Reef Resort,Aurora,standard,1,1,0,3,105.91,317.73
orderid:250448,K1X-YMFK,orderid:250448,crmid:5232886119,2020-01-03T10:02:27.000Z,mobile,prd1040,1578218547,1578564147,2020-01-05T10:02:27+00:00,2020-01-09T10:02:27+00:00,Aspen Heights: Atlanta,Aspen Heights,Atlanta,standard,1,1,0,4,161.17,644.68
orderid:667281,1IU-KMGG,orderid:667281,crmid:3369260636,2019-12-22T16:45:29.000Z,call center,prd1188,1578933929,1579711529,2020-01-13T16:45:29+00:00,2020-01-22T16:45:29+00:00,Repose Resort: Tampa,Repose Resort,Tampa,premium,1,1,0,9,95.51,859.59
orderid:831250,KET-TZR4,orderid:831250,crmid:3683843852,2020-01-15T17:51:46.000Z,website,prd1159,1579197106,1579369906,2020-01-16T17:51:46+00:00,2020-01-18T17:51:46+00:00,Family Fun Hotels: Detroit,Family Fun Hotels,Detroit,premium,1,1,0,2,136.14,272.28
orderid:269656,46I-ESYT,orderid:269656,crmid:4715311585,2020-01-16T06:10:36.000Z,kiosk,prd1049,1580883036,1581315036,2020-02-05T06:10:36+00:00,2020-02-10T06:10:36+00:00,Grandeur Hotels: Tulsa,Grandeur Hotels,Tulsa,premium,1,1,2,5,108.54,542.7
orderid:511317,RAK-E2DQ,orderid:511317,crmid:5788003280,2020-02-07T09:18:57.000Z,website,prd1105,1581239937,1582881537,2020-02-09T09:18:57+00:00,2020-02-28T09:18:57+00:00,Admiralty Plaza: Barcelona,Admiralty Plaza,Barcelona,premium,1,1,0,19,106.98,2032.62
orderid:966848,UUY-LQ8Q,orderid:966848,crmid:5796645332,2020-01-27T12:15:18.000Z,website,prd1104,1582114518,1582805718,2020-02-19T12:15:18+00:00,2020-02-27T12:15:18+00:00,Repose Resort: Warsaw,Repose Resort,Warsaw,premium,1,1,0,8,125.06,1000.48
orderid:617227,UVM-1140,orderid:617227,crmid:2556592638,2020-01-22T12:09:34.000Z,mobile,prd1087,1580126974,1580386174,2020-01-27T12:09:34+00:00,2020-01-30T12:09:34+00:00,Family Fun Hotels: Kolkata,Family Fun Hotels,Kolkata,standard,1,1,0,3,145.95,437.85
orderid:501772,F3T-PAIP,orderid:501772,crmid:2556592638,2020-01-31T00:00:00.000Z,website,prd1023,1580515200,1580601600,2020-02-01T00:00:00+00:00,2020-02-02T00:00:00+00:00,Hospitality Inn: Boston,Hospitality Inn,Boston,premium,1,1,0,1,121.69,121.69
orderid:881307,4X5-HLII,orderid:881307,crmid:2556592638,2020-02-04T00:00:00.000Z,kiosk,prd1100,1581120000,1581292800,2020-02-08T00:00:00+00:00,2020-02-10T00:00:00+00:00,Aspen Heights: Misk,Aspen Heights,Misk,standard,1,1,0,2,154.29,308.58
orderid:747780,YOU-CISI,orderid:747780,crmid:6268801924,2020-01-02T02:54:08.000Z,mobile,prd1107,1579834448,1580525648,2020-01-24T02:54:08+00:00,2020-02-01T02:54:08+00:00,Hospitality Inn: Kharkiv,Hospitality Inn,Kharkiv,premium,1,1,0,8,131.53,1052.24
orderid:727994,HCI-SDRM,orderid:727994,crmid:7844187329,2019-12-10T07:04:06.000Z,kiosk,prd1167,1578207846,1578639846,2020-01-05T07:04:06+00:00,2020-01-10T07:04:06+00:00,Hospitality Inn: Milwaukee,Hospitality Inn,Milwaukee,premium,1,1,0,5,157.08,785.4
orderid:846974,Y7Y-U94B,orderid:846974,crmid:2919688862,2020-02-02T22:57:28.000Z,call center,prd1184,1581980248,1582498648,2020-02-17T22:57:28+00:00,2020-02-23T22:57:28+00:00,Aspen Heights: Arlington,Aspen Heights,Arlington,presidential-suite,1,1,0,6,904.01,5424.06
orderid:140520,CYH-3XVN,orderid:140520,crmid:8181359212,2020-01-26T09:27:53.000Z,call center,prd1183,1582622873,1583141273,2020-02-25T09:27:53+00:00,2020-03-02T09:27:53+00:00,Family Fun Hotels: Tulsa,Family Fun Hotels,Tulsa,premium,1,1,1,6,164.5,987.0
orderid:935690,BZ9-ZEON,orderid:935690,crmid:4717012875,2019-12-01T08:11:33.000Z,kiosk,prd1033,1577088693,1577607093,2019-12-23T08:11:33+00:00,2019-12-29T08:11:33+00:00,Admiralty Plaza: Milwaukee,Admiralty Plaza,Milwaukee,standard,1,1,0,6,136.29,817.74
orderid:349421,WMF-S23P,orderid:349421,crmid:7838832966,2020-01-10T05:50:25.000Z,kiosk,prd1106,1579067425,1579240225,2020-01-15T05:50:25+00:00,2020-01-17T05:50:25+00:00,Blue Reef Resort: Munich,Blue Reef Resort,Munich,standard,1,1,0,2,121.74,243.48
orderid:358445,MMR-VYY4,orderid:358445,crmid:4440068498,2020-01-06T09:35:07.000Z,call center,prd1146,1578476107,1578821707,2020-01-08T09:35:07+00:00,2020-01-12T09:35:07+00:00,Restful Nights: San Jose,Restful Nights,San Jose,standard,1,1,0,4,139.31,557.24
orderid:172072,WKB-1BLV,orderid:172072,crmid:3482163450,2019-12-19T21:23:17.000Z,call center,prd1171,1576963397,1577136197,2019-12-21T21:23:17+00:00,2019-12-23T21:23:17+00:00,Family Fun Hotels: Sacramento,Family Fun Hotels,Sacramento,standard,1,1,0,2,167.04,334.08
orderid:234070,MSV-QOVF,orderid:234070,crmid:5218019839,2019-12-29T22:31:29.000Z,mobile,prd1024,1579473089,1579991489,2020-01-19T22:31:29+00:00,2020-01-25T22:31:29+00:00,Sandhill: El Paso,Sandhill,El Paso,standard,1,1,0,6,122.93,737.58
orderid:433618,NUX-N73C,orderid:433618,crmid:6597033191,2020-01-14T23:13:00.000Z,kiosk,prd1176,1579389180,1579475580,2020-01-18T23:13:00+00:00,2020-01-19T23:13:00+00:00,Repose Resort: Omaha,Repose Resort,Omaha,luxury,1,1,0,1,309.08,309.08
orderid:476968,QB5-IYEE,orderid:476968,crmid:6597033191,2020-01-21T00:00:00.000Z,kiosk,prd1065,1579651200,1579910400,2020-01-22T00:00:00+00:00,2020-01-25T00:00:00+00:00,Sapphire Suites: Beijing,Sapphire Suites,Beijing,standard,1,1,0,3,139.4,418.2
orderid:367601,RCT-UVUI,orderid:367601,crmid:2437251601,2020-01-13T18:41:49.000Z,kiosk,prd1047,1579027309,1579286509,2020-01-14T18:41:49+00:00,2020-01-17T18:41:49+00:00,Hospitality Inn: Oakland,Hospitality Inn,Oakland,premium,1,1,0,3,151.44,454.32
orderid:401314,WXC-LBNP,orderid:401314,crmid:4128100561,2020-01-20T02:27:26.000Z,kiosk,prd1125,1579746446,1579919246,2020-01-23T02:27:26+00:00,2020-01-25T02:27:26+00:00,Sapphire Suites: Palermo,Sapphire Suites,Palermo,standard,1,1,0,2,146.96,293.92
orderid:612342,8MR-RNPQ,orderid:612342,crmid:6667409066,2019-12-30T03:49:44.000Z,mobile,prd1043,1577850584,1578023384,2020-01-01T03:49:44+00:00,2020-01-03T03:49:44+00:00,Nesting Box Inn: Raleigh,Nesting Box Inn,Raleigh,premium,1,1,0,2,129.42,258.84
orderid:126556,JGV-MYXW,orderid:126556,crmid:5017114598,2019-12-06T20:31:19.000Z,mobile,prd1153,1575837079,1575923479,2019-12-08T20:31:19+00:00,2019-12-09T20:31:19+00:00,Admiralty Plaza: Charlotte,Admiralty Plaza,Charlotte,standard,1,1,0,1,190.85,190.85
orderid:159013,7W6-CDQU,orderid:159013,crmid:7543097512,2019-12-12T23:29:05.000Z,service desk,prd1165,1578785345,1580254145,2020-01-11T23:29:05+00:00,2020-01-28T23:29:05+00:00,Admiralty Plaza: Louisville,Admiralty Plaza,Louisville,standard,1,1,3,17,144.53,2457.01
orderid:762132,LW3-NKPY,orderid:762132,crmid:9369141417,2019-12-26T17:40:17.000Z,call center,prd1133,1577727617,1577900417,2019-12-30T17:40:17+00:00,2020-01-01T17:40:17+00:00,Grandeur Hotels: Toronto,Grandeur Hotels,Toronto,standard,1,1,0,2,140.71,281.42
orderid:786355,MNF-U9DD,orderid:786355,crmid:2087532911,2020-02-12T12:19:59.000Z,website,prd1190,1581769199,1581941999,2020-02-15T12:19:59+00:00,2020-02-17T12:19:59+00:00,Blue Reef Resort: Aurora,Blue Reef Resort,Aurora,standard,1,1,0,2,102.85,205.7
orderid:449175,CYC-0C2N,orderid:449175,crmid:5468001048,2020-02-01T20:07:15.000Z,website,prd1181,1582747635,1583957235,2020-02-26T20:07:15+00:00,2020-03-11T20:07:15+00:00,Grandeur Hotels: Oakland,Grandeur Hotels,Oakland,premium,1,1,4,14,153.39,2147.46
orderid:370140,ABY-EO1H,orderid:370140,crmid:7969355966,2020-01-02T11:41:55.000Z,kiosk,prd1112,1578051715,1578224515,2020-01-03T11:41:55+00:00,2020-01-05T11:41:55+00:00,Aspen Heights: Birmingham,Aspen Heights,Birmingham,standard,1,1,0,2,120.99,241.98
orderid:912651,Y0U-RFUJ,orderid:912651,crmid:2173186963,2019-12-21T12:43:31.000Z,kiosk,prd1181,1577018611,1577105011,2019-12-22T12:43:31+00:00,2019-12-23T12:43:31+00:00,Grandeur Hotels: Oakland,Grandeur Hotels,Oakland,ultra-luxury,1,1,0,1,326.87,326.87
orderid:882643,JWF-RS59,orderid:882643,crmid:9253492003,2020-01-01T12:29:43.000Z,kiosk,prd1101,1577968183,1578227383,2020-01-02T12:29:43+00:00,2020-01-05T12:29:43+00:00,Sapphire Suites: Vienna,Sapphire Suites,Vienna,standard,1,1,0,3,119.62,358.86
orderid:340847,STX-U9RV,orderid:340847,crmid:3976802302,2020-01-31T10:15:45.000Z,website,prd1093,1581761745,1582020945,2020-02-15T10:15:45+00:00,2020-02-18T10:15:45+00:00,Admiralty Plaza: Yokohama,Admiralty Plaza,Yokohama,ultra-luxury,1,1,0,3,268.96,806.88
orderid:316220,BCB-WI8Y,orderid:316220,crmid:3731119579,2019-12-18T04:24:58.000Z,mobile,prd1124,1579148698,1580012698,2020-01-16T04:24:58+00:00,2020-01-26T04:24:58+00:00,Aspen Heights: Leeds,Aspen Heights,Leeds,standard,1,1,4,10,181.67,1816.7
orderid:440952,ZPB-TLSI,orderid:440952,crmid:6731872985,2020-02-07T13:32:39.000Z,service desk,prd1167,1582896759,1583242359,2020-02-28T13:32:39+00:00,2020-03-03T13:32:39+00:00,Hospitality Inn: Milwaukee,Hospitality Inn,Milwaukee,premium,1,1,1,4,128.17,512.68
orderid:271827,6IX-PW4F,orderid:271827,crmid:8176214998,2020-01-30T03:56:37.000Z,kiosk,prd1113,1582257397,1582862197,2020-02-21T03:56:37+00:00,2020-02-28T03:56:37+00:00,Sapphire Suites: Kazan,Sapphire Suites,Kazan,standard,1,1,0,7,148.65,1040.55
orderid:933720,PI1-EJ7W,orderid:933720,crmid:1309522261,2019-12-28T17:37:40.000Z,service desk,prd1011,1577813860,1577900260,2019-12-31T17:37:40+00:00,2020-01-01T17:37:40+00:00,Hospitality Inn: Dallas,Hospitality Inn,Dallas,presidential-suite,1,1,0,1,883.86,883.86
orderid:304207,786-PHMC,orderid:304207,crmid:7032098300,2019-12-21T20:05:38.000Z,call center,prd1099,1577045138,1577131538,2019-12-22T20:05:38+00:00,2019-12-23T20:05:38+00:00,Family Fun Hotels: Bucharest,Family Fun Hotels,Bucharest,standard,1,1,0,1,162.77,162.77
orderid:786626,I3G-JSY1,orderid:786626,crmid:1535898391,2020-01-26T13:59:15.000Z,website,prd1016,1580219955,1580738355,2020-01-28T13:59:15+00:00,2020-02-03T13:59:15+00:00,Aspen Heights: Columbus,Aspen Heights,Columbus,standard,1,1,0,6,153.26,919.56
orderid:406801,ILL-EKTT,orderid:406801,crmid:5378580959,2019-12-24T01:03:41.000Z,mobile,prd1034,1579136621,1579741421,2020-01-16T01:03:41+00:00,2020-01-23T01:03:41+00:00,Blue Reef Resort: Albuquerque,Blue Reef Resort,Albuquerque,standard,1,1,0,7,113.69,795.83
orderid:475218,DDB-2WGM,orderid:475218,crmid:3167723188,2019-12-18T16:51:35.000Z,kiosk,prd1015,1576947095,1577206295,2019-12-21T16:51:35+00:00,2019-12-24T16:51:35+00:00,Family Fun Hotels: San Francisco,Family Fun Hotels,San Francisco,premium,1,1,0,3,150.99,452.97
orderid:889825,EDX-BJQV,orderid:889825,crmid:5099405905,2020-01-21T23:37:07.000Z,website,prd1116,1579736227,1580168227,2020-01-22T23:37:07+00:00,2020-01-27T23:37:07+00:00,Repose Resort: Naples,Repose Resort,Naples,standard,1,1,0,5,145.41,727.05
orderid:213063,OSF-9DH7,orderid:213063,crmid:7763098258,2020-02-08T08:07:28.000Z,website,prd1024,1581235648,1581322048,2020-02-09T08:07:28+00:00,2020-02-10T08:07:28+00:00,Sandhill: El Paso,Sandhill,El Paso,standard,1,1,0,1,157.23,157.23
orderid:352971,NCB-PVO0,orderid:352971,crmid:7274351858,2020-02-10T09:56:24.000Z,call center,prd1117,1582019784,1582451784,2020-02-18T09:56:24+00:00,2020-02-23T09:56:24+00:00,Admiralty Plaza: Dublin,Admiralty Plaza,Dublin,standard,1,1,2,5,114.84,574.2
orderid:710164,8LX-GOLB,orderid:710164,crmid:9852969528,2020-01-31T04:53:21.000Z,kiosk,prd1069,1582520001,1582779201,2020-02-24T04:53:21+00:00,2020-02-27T04:53:21+00:00,Admiralty Plaza: Singapore,Admiralty Plaza,Singapore,standard,1,1,0,3,139.3,417.9
orderid:271432,89L-ZMWO,orderid:271432,crmid:3465747788,2020-02-16T10:14:58.000Z,kiosk,prd1081,1583835298,1584180898,2020-03-10T10:14:58+00:00,2020-03-14T10:14:58+00:00,Admiralty Plaza: Rod de Janeiro,Admiralty Plaza,Rod de Janeiro,standard,1,1,0,4,95.48,381.92
orderid:847099,NJM-IJEN,orderid:847099,crmid:3944179065,2019-12-12T00:32:57.000Z,call center,prd1106,1576197177,1576283577,2019-12-13T00:32:57+00:00,2019-12-14T00:32:57+00:00,Blue Reef Resort: Munich,Blue Reef Resort,Munich,premium,1,1,0,1,128.73,128.73
orderid:199830,ILM-AMDC,orderid:199830,crmid:8407134150,2020-02-11T18:43:04.000Z,mobile,prd1105,1583260984,1583520184,2020-03-03T18:43:04+00:00,2020-03-06T18:43:04+00:00,Admiralty Plaza: Barcelona,Admiralty Plaza,Barcelona,standard,1,1,3,3,108.61,325.83
orderid:547981,DBU-XNGF,orderid:547981,crmid:7604868172,2020-01-10T01:28:29.000Z,mobile,prd1047,1580434109,1581816509,2020-01-31T01:28:29+00:00,2020-02-16T01:28:29+00:00,Hospitality Inn: Oakland,Hospitality Inn,Oakland,premium,1,1,0,16,122.72,1963.52
orderid:441413,LS7-UMPT,orderid:441413,crmid:2180820570,2020-02-14T17:59:07.000Z,service desk,prd1196,1582999147,1583690347,2020-02-29T17:59:07+00:00,2020-03-08T17:59:07+00:00,Aspen Heights: Moscow,Aspen Heights,Moscow,ultra-luxury,1,1,4,8,269.04,2152.32
orderid:886238,SFL-RDGY,orderid:886238,crmid:6775443050,2019-12-22T09:22:15.000Z,call center,prd1085,1578302535,1578907335,2020-01-06T09:22:15+00:00,2020-01-13T09:22:15+00:00,Grandeur Hotels: Saint Petersburg,Grandeur Hotels,Saint Petersburg,standard,1,1,0,7,149.12,1043.84
