crmid,email,first_name,last_name,gender,mobile telephone,city,country,zip,state,street address,birthday,historicalpoints
crmid:5754489585,artur2003@outlook.com,Waylon,Pierce,,079-665-7875,Moreno Valley,United States,71678,New Mexico,552 Paramount,1993-04-04,2324
crmid:2752671546,alanine1820@gmail.com,Bud,Lester,male,573-404-7888,Pontiac,United States,00005,Maine,895 Mendell,1940-02-17,643
crmid:8129635970,corporeal1831@gmail.com,Marcel,Roberts,,009-733-3946,Kankakee,United States,09308,Arkansas,202 Homer,1976-02-11,1145
crmid:5397568236,humidified1814@live.com,Tod,Curry,,042-612-7510,Palm Springs,United States,49035,New Mexico,60 Olympic Country Club,1985-10-03,2059
crmid:8086186356,anticyclone2005@gmail.com,Chad,Hinton,male,882-290-3552,Battle Creek,United States,80054,West Virginia,560 Leona,1936-02-14,1971
crmid:3779980399,capitalism1856@gmail.com,Harlan,Fleming,,108-732-9434,Vicksburg,United States,46521,West Virginia,618 Coleman,1985-02-22,1373
crmid:6250536820,consciousness2018@live.com,Sammie,Henry,,925-085-9214,Windsor,United States,70879,Montana,1089 Northridge,1964-01-21,2225
crmid:6200664865,lubberliness1964@live.com,Noe,Kemp,male,397-247-2917,Tucson,United States,04233,Ohio,1133 Gibson,1939-07-16,1813
crmid:9966095548,adaw1938@outlook.com,Ambrose,Tucker,,785-452-4874,Port Chester,United States,87330,Washington,556 View,1983-06-10,1784
crmid:5446461497,estelle1801@gmail.com,Micha,Bailey,female,428-674-3072,Porterville,United States,87928,Mississippi,137 Avalon,1959-10-28,1663
crmid:6412614303,millipede2035@live.com,Kirstie,Spence,female,382-286-7018,Port Hueneme,United States,92824,Maryland,490 San Bruno,1961-12-28,895
crmid:7296621832,pilastrade2018@outlook.com,Colton,Conway,male,545-900-7569,Sandy Springs,United States,81545,Nebraska,444 Vinton,1940-02-07,1222
crmid:6081251111,outlandish1983@yahoo.com,Ramiro,Ashley,,316-533-1114,Stow,United States,95493,Alaska,733 Marina,1998-09-15,805
crmid:8543809475,woodenweary1815@live.com,Otha,Morgan,male,690-043-0092,Brownsville,United States,74955,Delaware,1048 Carson,1942-10-15,2249
crmid:7147233602,bunkoed1869@gmail.com,Quintin,Ross,male,806-396-4297,Belton,United States,77967,Vermont,143 Tiffany,1937-08-25,798
crmid:8456745513,antinome2035@live.com,Jeff,Rodriguez,,668-066-2785,Nacogdoches,United States,94272,Maine,519 Sadowa,1995-12-16,496
crmid:5891925193,centuple1858@live.com,Shin,Donovan,female,936-077-3513,Wadsworth,United States,86461,New Mexico,686 Melrose,1959-11-16,1493
crmid:8372607289,tithing1952@yahoo.com,Lemuel,Hartman,,314-682-2903,Moraga,United States,10663,Mississippi,610 Pulaski,1993-03-22,1066
crmid:2079416642,crescentia1983@gmail.com,Eldridge,Shepherd,,278-941-7964,Rapid City,United States,30619,Alabama,734 Yosemite,1978-12-01,1929
crmid:3595522834,chazans1946@gmail.com,Markus,Beck,,408-185-1507,Salem,United States,37038,South Dakota,115 La Avanzada,1977-12-14,600
crmid:8597398359,sulphine1942@yandex.com,Michael,Hodges,,725-736-1662,White Bear Lake,United States,46614,Iowa,530 Kansas,1988-10-20,1007
crmid:1008874478,became1855@yandex.com,Werner,Douglas,,984-191-2705,Inglewood,United States,52958,Hawaii,503 Cohen,1974-09-04,2214
crmid:3902396629,babak1826@yahoo.com,Suzi,Cabrera,female,549-921-8560,Chicago,United States,48631,West Virginia,1021 Rossmoor,1947-08-05,2404
crmid:1933014642,sheriff1811@yahoo.com,Jacquelyne,Page,female,827-159-0009,St. Charles,United States,92390,Arizona,609 Hyde,1949-04-22,1942
crmid:3106585161,rondawel2007@outlook.com,Adolph,Wiley,,111-725-3414,Hendersonville,United States,91057,Montana,352 Pagoda,1971-04-04,1374
crmid:3258575437,habanera1876@yahoo.com,Deetta,Hancock,female,606-105-5610,Ramsey,United States,23352,Alabama,1312 Anson,1958-02-12,2058
crmid:3703155010,drover1858@outlook.com,Julian,Le,female,585-788-5072,Corcoran,United States,97251,Oregon,42 Woodacre,1950-12-24,3000
crmid:3473907373,optimize1963@live.com,Divina,Mckay,female,237-588-5627,Twin Falls,United States,82813,Vermont,97 Maddux,1955-10-29,2728
crmid:6907853175,loudness1809@live.com,Romana,Richardson,female,607-260-5118,Ennis,United States,44060,Maine,1232 Barcelona,1960-07-24,710
crmid:6050483542,cambeva1838@outlook.com,Ping,Holden,female,255-601-1991,Chandler,United States,46025,Ohio,152 Sumner,1946-07-14,2105
crmid:7489810703,computerise2010@gmail.com,Sang,Cohen,,078-427-0042,Kokomo,United States,17124,Alabama,839 Via Bufano,1978-03-01,2515
crmid:5391375269,misdeemed1937@live.com,Elton,Rich,,569-851-5003,Johnstown,United States,70818,Rhode Island,845 Jerrold,1975-02-16,2208
crmid:5335406168,deermeat1934@yandex.com,Warner,Pruitt,,107-064-2015,Lewisville,United States,76746,Washington,1323 Diamond,1982-12-23,1825
crmid:8944986296,scampers2041@live.com,Kasey,Frederick,male,338-795-1526,West Lafayette,United States,73875,Missouri,229 Olney,1932-06-10,1335
crmid:5770986769,crataegus1824@live.com,Thurman,Thompson,,659-445-4305,Lomita,United States,70549,Arkansas,1378 Scotia,1984-12-16,2858
crmid:7098245409,aywie2045@yandex.com,Arletta,Lynch,female,308-671-0400,Chattanooga,United States,02975,Colorado,1359 Enterprise,1946-01-18,1058
crmid:3111341603,trachytes1840@yandex.com,Chauncey,Holland,,091-446-4938,Holladay,United States,82016,Colorado,301 Cargo,1972-06-09,423
crmid:8823502990,shortcut1997@yahoo.com,Clarence,Fulton,male,476-925-8162,Bedford,United States,93232,Nevada,462 Overlook,1937-02-10,463
crmid:4192960553,embryony2031@live.com,Vaughn,Tyler,male,996-159-6408,New Bern,United States,17848,New Hampshire,584 Loyola,1996-02-28,2717
crmid:6731500770,denny1938@outlook.com,Anibal,Rollins,,577-340-9047,Kirkwood,United States,70052,North Dakota,45 Cottage,1978-12-07,902
crmid:3103799762,monstrify1997@yahoo.com,Tracey,Roman,,639-913-8820,National City,United States,97318,Wyoming,578 Lippard,1995-10-26,2559
crmid:9954530829,definitized1915@outlook.com,Duncan,Fitzgerald,,968-808-8903,Mishawaka,United States,28162,Wyoming,122 Berkeley,1991-04-10,1522
crmid:2525236682,viva1847@live.com,Florencio,Martinez,,246-634-9863,Grants Pass,United States,97549,Indiana,924 West Halleck,1967-12-25,2328
crmid:3989124908,unlassoed2037@outlook.com,Chang,Mclean,female,411-938-3063,South Plainfield,United States,15544,Delaware,345 Fourth,1947-02-19,1885
crmid:1976609213,knurly1837@yandex.com,Lamonica,Macdonald,female,752-880-3002,Chester,United States,82107,North Carolina,523 Cordelia,1946-05-18,2302
crmid:4689032286,lithoclase1808@yandex.com,Claude,Dawson,male,605-723-7463,Cedar Rapids,United States,98262,Michigan,76 Cadell,1945-02-08,878
crmid:6334383470,waggle1912@gmail.com,Rich,Allison,,628-814-0387,Rolla,United States,28160,New Jersey,844 Gorham,1962-08-27,797
crmid:8804310876,cajuputs1908@gmail.com,Kennith,Barrera,,659-593-7553,Tallmadge,United States,38033,Arizona,434 Le Conte,1975-09-01,845
crmid:5098854384,bajury1914@yahoo.com,Todd,Wise,male,391-504-2517,Central Point,United States,99049,Oregon,1139 Dove,1945-09-09,2416
crmid:3891235896,delawn1910@yandex.com,Isaias,Zamora,,231-252-6787,Houma,United States,97222,South Dakota,464 Gloria,1973-12-07,2449
crmid:4377090816,demarch2008@yandex.com,Pasquale,Barr,,035-973-5559,Peachtree City,United States,41108,Tennessee,833 Gonzalez,1982-02-17,816
crmid:1212788532,gulley1832@yahoo.com,Douglass,Downs,male,542-581-7302,Tyler,United States,01739,Nevada,1023 Seward,1937-03-08,935
crmid:7118702844,bloodhound1944@live.com,Efrain,Harrison,,540-297-7191,Goshen,United States,95183,New Mexico,971 Keyes,1967-11-18,2265
crmid:9031778710,rumshop2018@yahoo.com,Scottie,Hall,male,714-199-4642,Phoenix,United States,03071,Nebraska,1041 Codman,1940-09-12,2717
crmid:1662801858,habanera1938@yandex.com,Isis,Melendez,female,459-449-5205,Denver,United States,28166,Ohio,1230 Rhine,1954-04-20,660
crmid:1516662768,charlotte1945@live.com,Lloyd,Mueller,,023-452-5415,Kernersville,United States,13345,Maine,41 Galilee,1977-02-24,1420
crmid:9565742214,trickiness1963@outlook.com,Romeo,Salinas,,804-450-4167,Melrose,United States,42456,Massachusetts,870 Ceres,1989-08-08,2363
crmid:5898648571,erythrocyte1897@outlook.com,Julio,Davis,,753-090-9253,Lincoln,United States,29827,Rhode Island,351 Florence,1982-04-29,1128
crmid:5712322584,cobblerless2001@gmail.com,Cole,Winters,,384-332-3198,Meridian,United States,03993,Montana,875 Metson,1989-01-04,462
crmid:4022216611,bodymaking1865@yahoo.com,Conrad,Griffin,male,196-624-2804,Brookings,United States,61278,Oregon,1217 Crissy Field,1942-10-21,981
crmid:9843791953,bronny1815@outlook.com,Mauricio,Mccullough,male,985-323-3821,Westbrook,United States,50530,Oklahoma,803 Lucy,1997-09-01,913
crmid:7255008830,drugless1813@outlook.com,Amina,West,female,367-589-7086,Shreveport,United States,28790,Idaho,1398 Milton I Ross,1959-01-30,1908
crmid:1858249361,possum1964@gmail.com,Harlan,Gibbs,male,593-986-6239,Tampa,United States,03091,Tennessee,769 Mabel,1938-04-11,2094
crmid:1761798940,lariated1891@outlook.com,Hyman,Duran,,153-852-7299,Minnetonka,United States,87592,Mississippi,248 Ewing,1991-08-26,827
crmid:7076920728,gazelle1802@outlook.com,Kasha,Newton,female,235-490-2456,Clemmons,United States,72852,South Dakota,1112 Ahern,1948-12-25,1965
crmid:8455792609,chromatics1942@yahoo.com,Garrett,Murphy,,757-276-5126,Franklin Park,United States,24963,Tennessee,710 Kempton,1964-04-09,2959
crmid:8846148788,cryptic1836@live.com,Kurtis,Hinton,,723-001-7104,Paducah,United States,28164,Utah,916 Brunswick,1965-03-10,2670
crmid:4944060558,domination1988@yahoo.com,Ned,Jacobs,male,907-747-4242,Schererville,United States,97743,California,1143 Amador,1998-02-26,1024
crmid:3623502767,unrecorded2026@gmail.com,Royal,Barnes,male,849-141-3638,Villa Park,United States,70014,Oregon,53 Ralston,1936-08-02,2371
crmid:4386192600,decency2051@yandex.com,Emerson,Jensen,male,489-784-2007,Baytown,United States,11875,South Carolina,26 Spreckels Lake,1936-03-15,874
crmid:8486748723,chump1891@gmail.com,Dennis,Dalton,,984-809-9859,Morton Grove,United States,87010,Idaho,420 Walkway,1993-10-24,2404
crmid:4359514810,uniserial1851@yandex.com,Darcey,Maddox,female,476-769-5388,Roseville,United States,61594,Tennessee,1178 Chumasero,1947-02-18,578
crmid:5246063423,lynx2052@yahoo.com,Ruthe,Sexton,female,508-566-5600,Corinth,United States,58185,Arizona,769 Fitzgerald,1950-10-15,2165
crmid:9259337155,bloodiest1890@yahoo.com,Samual,Mcmahon,male,992-550-1038,Vallejo,United States,05351,Colorado,589 Santa Cruz,1930-09-19,513
crmid:1817439326,sensorium2066@gmail.com,Adolfo,Barrett,,687-876-0870,Kyle,United States,88366,Arizona,1207 Bessie,1978-09-28,371
crmid:9898981098,tafia1903@live.com,Claud,Delacruz,,593-528-2729,Rockford,United States,45028,Iowa,907 Pearl,1982-09-30,765
crmid:8764260073,congregate2037@live.com,Orville,Zamora,male,215-067-0965,National City,United States,04442,Georgia,1138 Calvert,1995-02-28,2714
crmid:9302545022,hoddens1868@live.com,Dannie,Kent,male,466-982-5372,Arcata,United States,64076,Maryland,826 Fontinella,1933-12-04,503
crmid:7144701060,crocodile1905@live.com,Shad,Bush,,104-930-3180,Marshalltown,United States,15196,Idaho,1044 Bonita,1987-03-17,532
crmid:7706798327,erode1818@yahoo.com,Cesar,Waller,,998-039-5538,South Holland,United States,49728,Colorado,73 Minerva,1992-12-24,2401
crmid:3066113079,colourblind1803@yahoo.com,Dominic,Santana,,745-500-4537,Sapulpa,United States,43195,Ohio,899 Cypress,1985-03-11,2951
crmid:1314626115,airplay2031@outlook.com,Guillermo,Hinton,,452-719-9110,Harker Heights,United States,68716,Nebraska,1140 Tomaso,1969-11-27,2175
crmid:7558467402,polled1870@yahoo.com,Blaine,Bowen,,592-982-0031,Saratoga,United States,53209,Utah,895 Kent,1966-07-06,2919
crmid:6398743090,messor1955@yahoo.com,Theodore,Potter,male,013-293-3221,Oregon,United States,07930,Delaware,659 Chabot,1938-09-23,1606
crmid:1004626489,outbetter1863@outlook.com,Melvin,Bradley,,566-031-8334,Grandview,United States,13369,Rhode Island,256 United Nations,1967-02-13,1590
crmid:6563024584,licencer1870@yandex.com,Nathaniel,Madden,,686-088-3038,South Milwaukee,United States,74624,Hawaii,284 Dr Tom Waddell,1981-08-30,2700
crmid:1927429603,pretranscription2024@yahoo.com,Roman,Mcfadden,,929-214-4266,Kettering,United States,48652,Pennsylvania,143 Riley,1977-08-28,2009
crmid:5947877357,business2034@outlook.com,Everette,Wood,male,436-942-0620,Bloomingdale,United States,89066,Ohio,360 Rhode Island,1939-04-18,2118
crmid:6575716807,nonimposition1833@live.com,Wilson,Mckay,,492-271-5065,Sun Prairie,United States,86256,Vermont,821 Bright,1992-11-05,2179
crmid:4364391507,dorsal1825@yahoo.com,Stacy,Mueller,male,063-523-3646,Belvidere,United States,52006,Michigan,1165 Plum,1938-09-21,1168
crmid:1603559788,jayhawker1835@yandex.com,Brigid,Acevedo,female,745-895-0085,Windsor,United States,89107,Georgia,977 Brooklyn,1947-01-01,2144
crmid:1109557696,reaper2029@live.com,Jenae,Gonzales,female,971-737-3637,Tustin,United States,23049,Iowa,1276 Cypress,1960-04-11,2753
crmid:5642538236,unchronological1861@live.com,Elvis,Cash,,839-950-7139,Rogers,United States,62814,Delaware,105 Evelyn,1987-04-14,347
crmid:2679764127,undefiniteness1817@gmail.com,Caleb,Ward,,444-907-7166,Orange,United States,54879,Louisiana,75 Byxbee,1989-10-27,1844
crmid:9735042790,boodie1929@gmail.com,Eric,Giles,,266-192-1331,Midwest City,United States,08269,Michigan,666 Belles,1990-01-20,1170
crmid:8120592570,phrenosinic1858@outlook.com,Wilfred,Bonner,,603-602-8706,Huntersville,United States,10705,Oregon,954 Compton,1973-02-20,1462
crmid:4022548070,terrorized2032@gmail.com,Kandace,Solomon,female,398-328-2768,Cranston,United States,82605,Michigan,143 Mahan,1951-04-27,2665
crmid:3132729027,gieaway2056@yandex.com,Deangelo,Hester,,916-109-6197,Kettering,United States,61199,Louisiana,464 Stoneyford,1977-11-15,473
crmid:1752757882,damager1835@gmail.com,Denny,Chaney,,482-900-1712,Hoover,United States,25818,Delaware,141 Towerside,1973-05-21,455
crmid:8753315728,euphonetic2063@outlook.com,Williams,Thornton,,058-435-9050,Kannapolis,United States,46186,California,1209 Mountview,1976-08-30,2904
