id,crmid,propensity_room_upgrade,propensity_extended_nights
orderid:517173,crmid:5754489585,4,5
orderid:427456,crmid:2752671546,3,5
orderid:646578,crmid:8129635970,5,3
orderid:227969,crmid:5397568236,6,2
orderid:782304,crmid:8086186356,5,5
orderid:753277,crmid:3779980399,5,5
orderid:705762,crmid:6250536820,8,3
orderid:337393,crmid:6200664865,3,5
orderid:467457,crmid:9966095548,3,6
orderid:897674,crmid:5446461497,4,3
orderid:745497,crmid:6412614303,9,3
orderid:576737,crmid:7296621832,4,2
orderid:500210,crmid:6081251111,8,5
orderid:499279,crmid:8543809475,5,3
orderid:831836,crmid:7147233602,4,5
orderid:394032,crmid:8456745513,5,7
orderid:657143,crmid:5891925193,5,8
orderid:278896,crmid:8372607289,4,10
orderid:904328,crmid:2079416642,4,3
orderid:584894,crmid:3595522834,4,1
orderid:200497,crmid:8597398359,3,4
orderid:818725,crmid:1008874478,3,4
orderid:883630,crmid:3902396629,6,4
orderid:123022,crmid:1933014642,4,5
orderid:859910,crmid:3106585161,4,9
orderid:118712,crmid:3258575437,4,3
orderid:999647,crmid:3703155010,4,4
orderid:227651,crmid:3473907373,3,3
orderid:649111,crmid:6907853175,5,6
orderid:582177,crmid:6050483542,8,3
orderid:858965,crmid:7489810703,3,4
orderid:267720,crmid:5391375269,4,3
orderid:144237,crmid:5335406168,3,4
orderid:292419,crmid:8944986296,5,3
orderid:461522,crmid:5770986769,5,9
orderid:678077,crmid:7098245409,4,3
orderid:907110,crmid:3111341603,4,5
orderid:767916,crmid:8823502990,4,2
orderid:885358,crmid:4192960553,4,3
orderid:808488,crmid:6731500770,4,4
orderid:224328,crmid:3103799762,4,3
orderid:267347,crmid:9954530829,4,5
orderid:390878,crmid:2525236682,6,4
orderid:261008,crmid:3989124908,6,4
orderid:594268,crmid:1976609213,6,4
orderid:517636,crmid:4689032286,6,1
orderid:248257,crmid:6334383470,4,3
orderid:159905,crmid:8804310876,5,5
orderid:818654,crmid:5098854384,5,5
orderid:391891,crmid:3891235896,4,3
orderid:902934,crmid:4377090816,4,4
orderid:600223,crmid:1212788532,4,3
orderid:499352,crmid:7118702844,4,4
orderid:583725,crmid:9031778710,5,3
orderid:208100,crmid:1662801858,2,5
orderid:469447,crmid:1516662768,9,4
orderid:781346,crmid:9565742214,4,8
orderid:369093,crmid:5898648571,4,4
orderid:280118,crmid:5712322584,7,4
orderid:101216,crmid:4022216611,6,6
orderid:941313,crmid:9843791953,4,5
orderid:379854,crmid:7255008830,4,3
orderid:635646,crmid:1858249361,5,3
orderid:148019,crmid:1761798940,8,4
orderid:452195,crmid:7076920728,5,4
orderid:141796,crmid:8455792609,4,5
orderid:116407,crmid:8846148788,9,3
orderid:488256,crmid:4944060558,5,4
orderid:657244,crmid:3623502767,2,4
orderid:651278,crmid:4386192600,4,5
orderid:362218,crmid:8486748723,5,5
orderid:549086,crmid:4359514810,6,2
orderid:427384,crmid:5246063423,5,4
orderid:177475,crmid:9259337155,4,2
orderid:996301,crmid:1817439326,5,3
orderid:402065,crmid:9898981098,4,7
orderid:359201,crmid:8764260073,4,7
orderid:516958,crmid:9302545022,7,3
orderid:278044,crmid:7144701060,4,2
orderid:686584,crmid:7706798327,6,7
orderid:818962,crmid:3066113079,3,1
orderid:232244,crmid:1314626115,4,5
orderid:217548,crmid:7558467402,4,5
orderid:579684,crmid:6398743090,5,3
orderid:726966,crmid:1004626489,2,3
orderid:735111,crmid:6563024584,6,4
orderid:964044,crmid:1927429603,4,5
orderid:352558,crmid:5947877357,4,6
orderid:766148,crmid:6575716807,4,4
orderid:908089,crmid:4364391507,9,5
orderid:488421,crmid:1603559788,4,8
orderid:416732,crmid:1109557696,4,3
orderid:857280,crmid:5642538236,6,4
orderid:280057,crmid:2679764127,2,2
orderid:310531,crmid:9735042790,9,3
orderid:814044,crmid:8120592570,4,4
orderid:382505,crmid:4022548070,4,2
orderid:286303,crmid:3132729027,8,4
orderid:103810,crmid:1752757882,3,3
orderid:271325,crmid:8753315728,4,4
