id,crmid,propensity_room_upgrade,propensity_extended_nights
fb072990-53c8-11ea-924e-b88a60e194fb,crmid:8673695695,2,8
fb092542-53c8-11ea-988a-b88a60e194fb,crmid:3557209563,2,4
fb0a5dd4-53c8-11ea-a8b7-b88a60e194fb,crmid:2128439647,4,5
fb0b481e-53c8-11ea-98fc-b88a60e194fb,crmid:1412279708,3,5
fb0c3280-53c8-11ea-b1e6-b88a60e194fb,crmid:5313250631,3,3
fb0d1d14-53c8-11ea-8231-b88a60e194fb,crmid:1097033996,3,6
fb0de02e-53c8-11ea-8912-b88a60e194fb,crmid:2154215116,5,2
fb0eca8c-53c8-11ea-9183-b88a60e194fb,crmid:8718236444,3,3
fb0f8ddc-53c8-11ea-b471-b88a60e194fb,crmid:1265908462,8,4
fb10794a-53c8-11ea-b63d-b88a60e194fb,crmid:7710708817,5,2
fb1162ba-53c8-11ea-9c63-b88a60e194fb,crmid:5249091423,4,4
fb122706-53c8-11ea-bfad-b88a60e194fb,crmid:2290560333,4,4
fb1338e2-53c8-11ea-bbf3-b88a60e194fb,crmid:4523711710,9,3
fb1422cc-53c8-11ea-a9af-b88a60e194fb,crmid:8968681534,4,4
fb150d28-53c8-11ea-b266-b88a60e194fb,crmid:4429414389,5,9
fb15d078-53c8-11ea-86ef-b88a60e194fb,crmid:9420277509,4,4
fb16bade-53c8-11ea-85a5-b88a60e194fb,crmid:7367788311,4,3
fb17a578-53c8-11ea-9cdc-b88a60e194fb,crmid:9630094242,6,6
fb188fd2-53c8-11ea-89e7-b88a60e194fb,crmid:1975281792,4,4
fb195328-53c8-11ea-ba5c-b88a60e194fb,crmid:8611177535,3,3
fb1a3d8c-53c8-11ea-b565-b88a60e194fb,crmid:9183355168,5,4
fb1b27ee-53c8-11ea-92e2-b88a60e194fb,crmid:6393980266,3,4
fb1c125c-53c8-11ea-b263-b88a60e194fb,crmid:2067579950,2,5
fb1f9378-53c8-11ea-a617-b88a60e194fb,crmid:3770945242,4,4
fb207f3a-53c8-11ea-b8a5-b88a60e194fb,crmid:1979865380,4,4
fb21697e-53c8-11ea-8d94-b88a60e194fb,crmid:7428151554,4,5
fb222ce2-53c8-11ea-942c-b88a60e194fb,crmid:9656132660,4,4
fb2315e2-53c8-11ea-8501-b88a60e194fb,crmid:6240066004,5,4
fb23da76-53c8-11ea-9800-b88a60e194fb,crmid:3706294904,5,6
fb24ebec-53c8-11ea-9681-b88a60e194fb,crmid:3570016396,10,4
fb25d648-53c8-11ea-8fcb-b88a60e194fb,crmid:3023001293,4,4
fb2699a2-53c8-11ea-ab7b-b88a60e194fb,crmid:5369694552,4,3
fb2783fe-53c8-11ea-bdc3-b88a60e194fb,crmid:2073564896,5,3
fb289568-53c8-11ea-858b-b88a60e194fb,crmid:3340132492,4,4
fb29a6dc-53c8-11ea-b9f5-b88a60e194fb,crmid:2411383637,4,3
fb2a6a28-53c8-11ea-b79d-b88a60e194fb,crmid:1482979519,5,4
fb2b54a4-53c8-11ea-8d0c-b88a60e194fb,crmid:1508985510,4,5
fb2c8bee-53c8-11ea-bba0-b88a60e194fb,crmid:7360099984,4,4
fb2dc50c-53c8-11ea-84d7-b88a60e194fb,crmid:4476618575,5,4
fb2efe10-53c8-11ea-8285-b88a60e194fb,crmid:1681831342,3,4
fb2fe866-53c8-11ea-94aa-b88a60e194fb,crmid:1236342908,4,3
fb30d30a-53c8-11ea-8e9b-b88a60e194fb,crmid:9207516395,3,3
fb31bd3e-53c8-11ea-adbf-b88a60e194fb,crmid:5061605582,5,4
fb328080-53c8-11ea-88e3-b88a60e194fb,crmid:3133057930,6,4
fb33e006-53c8-11ea-9d28-b88a60e194fb,crmid:1804269110,1,6
fb34c906-53c8-11ea-8ae1-b88a60e194fb,crmid:4175580368,5,3
fb358c5c-53c8-11ea-a51a-b88a60e194fb,crmid:5371724378,2,3
fb3676be-53c8-11ea-bec2-b88a60e194fb,crmid:3854906826,4,4
fb37611c-53c8-11ea-8882-b88a60e194fb,crmid:7811448356,6,4
fb384b7e-53c8-11ea-81c8-b88a60e194fb,crmid:8456342253,5,4
fb3935da-53c8-11ea-8fb5-b88a60e194fb,crmid:7881329969,4,6
fb3a2036-53c8-11ea-86dc-b88a60e194fb,crmid:7725467551,5,4
fb3b0a9e-53c8-11ea-80fb-b88a60e194fb,crmid:1116899423,3,4
fb3c6a2e-53c8-11ea-9864-b88a60e194fb,crmid:8970161587,5,4
fb3d7b86-53c8-11ea-b892-b88a60e194fb,crmid:2631629653,3,2
fb3e8d0c-53c8-11ea-af1f-b88a60e194fb,crmid:9064979811,8,6
fb3f776e-53c8-11ea-840b-b88a60e194fb,crmid:6290930881,7,2
fb4088dc-53c8-11ea-ba49-b88a60e194fb,crmid:7692398159,6,2
fb419a54-53c8-11ea-97c1-b88a60e194fb,crmid:4286455586,4,3
fb4284b6-53c8-11ea-8b2d-b88a60e194fb,crmid:6952077204,4,3
fb436f1c-53c8-11ea-b150-b88a60e194fb,crmid:2005750649,3,4
fb445992-53c8-11ea-9383-b88a60e194fb,crmid:4811089830,3,8
fb4543dc-53c8-11ea-b6fb-b88a60e194fb,crmid:2715799182,5,4
fb465554-53c8-11ea-993c-b88a60e194fb,crmid:8946299038,4,3
fb471898-53c8-11ea-af98-b88a60e194fb,crmid:7986648295,5,4
fb485106-53c8-11ea-8de7-b88a60e194fb,crmid:8241695468,3,6
fb493b9c-53c8-11ea-a5c0-b88a60e194fb,crmid:8406028200,4,9
fb4a25f8-53c8-11ea-aaa0-b88a60e194fb,crmid:4534416391,5,4
fb4b5e62-53c8-11ea-8478-b88a60e194fb,crmid:7822834316,6,5
fb4c48d2-53c8-11ea-b6c0-b88a60e194fb,crmid:9141776005,4,4
fb4d5a26-53c8-11ea-b1ce-b88a60e194fb,crmid:6513718283,4,6
fb4e6ba2-53c8-11ea-90e5-b88a60e194fb,crmid:7972158646,4,5
fb4f5612-53c8-11ea-bf5d-b88a60e194fb,crmid:3080309850,7,3
fb5040f4-53c8-11ea-9e06-b88a60e194fb,crmid:6585993561,4,4
fb51524a-53c8-11ea-a24b-b88a60e194fb,crmid:3463406493,4,5
fb52d84c-53c8-11ea-a45e-b88a60e194fb,crmid:7758021394,8,3
fb53e9f4-53c8-11ea-aa15-b88a60e194fb,crmid:5960505874,2,2
fb54fb64-53c8-11ea-88eb-b88a60e194fb,crmid:1545043387,3,3
fb55e5be-53c8-11ea-bce3-b88a60e194fb,crmid:1174723855,5,5
fb57454a-53c8-11ea-9528-b88a60e194fb,crmid:8460860133,4,9
fb58f2f4-53c8-11ea-b849-b88a60e194fb,crmid:8791139039,9,4
fb5a79a2-53c8-11ea-99d6-b88a60e194fb,crmid:8205071704,4,3
fb5c4e6c-53c8-11ea-96b0-b88a60e194fb,crmid:7036227389,2,4
fb5e7142-53c8-11ea-b992-b88a60e194fb,crmid:6232937454,5,3
fb5fd0c2-53c8-11ea-9a7f-b88a60e194fb,crmid:9759747333,3,4
fb610936-53c8-11ea-8e1f-b88a60e194fb,crmid:6688411144,5,3
fb6268ba-53c8-11ea-b8e7-b88a60e194fb,crmid:9961953534,5,2
fb63531c-53c8-11ea-a23a-b88a60e194fb,crmid:3758959273,5,5
fb643e3a-53c8-11ea-b82a-b88a60e194fb,crmid:3648180579,4,6
fb65eb34-53c8-11ea-8b00-b88a60e194fb,crmid:2384317385,3,4
fb696d9a-53c8-11ea-80fb-b88a60e194fb,crmid:2783165778,4,3
fb6b4428-53c8-11ea-8e23-b88a60e194fb,crmid:4449981683,4,3
fb6ca20c-53c8-11ea-b0f3-b88a60e194fb,crmid:5264270148,5,5
fb6d8de8-53c8-11ea-9be5-b88a60e194fb,crmid:3444163344,5,5
fb6eebe2-53c8-11ea-ad7b-b88a60e194fb,crmid:5245329085,5,3
fb702486-53c8-11ea-b7b6-b88a60e194fb,crmid:7535481318,5,3
fb71ac82-53c8-11ea-86d4-b88a60e194fb,crmid:1100577612,4,5
fb7296cc-53c8-11ea-9913-b88a60e194fb,crmid:1708050359,4,2
fb73a828-53c8-11ea-a957-b88a60e194fb,crmid:1730240978,2,5
fb749134-53c8-11ea-9257-b88a60e194fb,crmid:3879907925,4,2
fb75a29e-53c8-11ea-a9da-b88a60e194fb,crmid:3994244447,3,3
fb76b40a-53c8-11ea-9e99-b88a60e194fb,crmid:9054602293,4,4
fb779ef8-53c8-11ea-9caa-b88a60e194fb,crmid:7354042027,5,3
fb78afdc-53c8-11ea-854d-b88a60e194fb,crmid:9710822069,4,3
fb79c150-53c8-11ea-8d77-b88a60e194fb,crmid:7123333208,4,5
fb7ad2d2-53c8-11ea-a9be-b88a60e194fb,crmid:1189996400,4,3
fb7be424-53c8-11ea-b308-b88a60e194fb,crmid:2748057666,4,3
fb7d43c6-53c8-11ea-9da0-b88a60e194fb,crmid:9129237378,3,4
fb7e56be-53c8-11ea-a835-b88a60e194fb,crmid:9443290083,5,5
fb7f67fa-53c8-11ea-b99a-b88a60e194fb,crmid:4641485828,4,4
fb805108-53c8-11ea-8636-b88a60e194fb,crmid:6820227569,4,4
fb818980-53c8-11ea-bb35-b88a60e194fb,crmid:3139963495,4,5
fb8273e6-53c8-11ea-aa18-b88a60e194fb,crmid:5054704382,2,4
fb8386b8-53c8-11ea-87a7-b88a60e194fb,crmid:5972903702,4,6
fb847112-53c8-11ea-b16e-b88a60e194fb,crmid:5695567622,5,3
fb855b70-53c8-11ea-94c7-b88a60e194fb,crmid:1207893445,5,3
fb86446c-53c8-11ea-af51-b88a60e194fb,crmid:4023966251,3,3
fb8755dc-53c8-11ea-8bbd-b88a60e194fb,crmid:8669178874,4,3
fb88674a-53c8-11ea-93f6-b88a60e194fb,crmid:3877558674,4,3
fb8978c0-53c8-11ea-b3c9-b88a60e194fb,crmid:2929795779,6,3
fb8a6322-53c8-11ea-bfb5-b88a60e194fb,crmid:5294973351,5,5
fb8b75ec-53c8-11ea-822b-b88a60e194fb,crmid:4941917162,5,4
fb8cae78-53c8-11ea-aedb-b88a60e194fb,crmid:3742231612,8,5
fb8de592-53c8-11ea-a5a4-b88a60e194fb,crmid:8636892409,6,3
fb8ef718-53c8-11ea-a532-b88a60e194fb,crmid:7749163180,4,3
fb90089a-53c8-11ea-938c-b88a60e194fb,crmid:6487652883,4,6
fb91424a-53c8-11ea-a6f6-b88a60e194fb,crmid:2100587937,6,2
fb922b7a-53c8-11ea-9fe8-b88a60e194fb,crmid:2730497887,8,6
fb938ade-53c8-11ea-9e77-b88a60e194fb,crmid:1689689474,5,2
fb949c50-53c8-11ea-a23b-b88a60e194fb,crmid:7855281773,5,5
fb9586ac-53c8-11ea-b461-b88a60e194fb,crmid:1894083817,4,4
fb96bf24-53c8-11ea-9c5b-b88a60e194fb,crmid:3808991965,3,8
fb9845c2-53c8-11ea-8658-b88a60e194fb,crmid:1567776778,3,3
fb99cd0c-53c8-11ea-aa83-b88a60e194fb,crmid:1810813471,2,2
fb9b7a2e-53c8-11ea-8cce-b88a60e194fb,crmid:2277268226,3,3
fb9cd9ca-53c8-11ea-b9a2-b88a60e194fb,crmid:7898397868,3,6
fb9dec76-53c8-11ea-b331-b88a60e194fb,crmid:9192315222,4,4
fb9efdee-53c8-11ea-9320-b88a60e194fb,crmid:5713391550,5,3
fba0aa74-53c8-11ea-8b4b-b88a60e194fb,crmid:9832858146,7,4
fba27f00-53c8-11ea-a5be-b88a60e194fb,crmid:4408457962,4,3
fba3b77a-53c8-11ea-ae63-b88a60e194fb,crmid:3484164742,6,4
fba5170c-53c8-11ea-80c9-b88a60e194fb,crmid:8238698382,3,4
fba6287a-53c8-11ea-b59f-b88a60e194fb,crmid:8425358375,5,5
fba712e4-53c8-11ea-a818-b88a60e194fb,crmid:5096022865,4,3
fba82448-53c8-11ea-b7ba-b88a60e194fb,crmid:7464500087,4,3
fba935b4-53c8-11ea-b872-b88a60e194fb,crmid:3923099908,5,3
fbaa6e46-53c8-11ea-a4a0-b88a60e194fb,crmid:2853547224,4,4
fbac6a50-53c8-11ea-a3e6-b88a60e194fb,crmid:3894097843,4,4
fbad7b7a-53c8-11ea-8d04-b88a60e194fb,crmid:7309007599,5,3
fbb0ff2c-53c8-11ea-a7b8-b88a60e194fb,crmid:9443109645,2,4
fbb210e2-53c8-11ea-98de-b88a60e194fb,crmid:7900360101,6,4
fbb320b8-53c8-11ea-b9c8-b88a60e194fb,crmid:1919815010,3,5
fbb40ca4-53c8-11ea-b464-b88a60e194fb,crmid:5653836276,4,3
fbb51e06-53c8-11ea-aaf5-b88a60e194fb,crmid:3049088763,4,5
fbb60718-53c8-11ea-8f5b-b88a60e194fb,crmid:4190323561,5,4
fbb6f194-53c8-11ea-a7d2-b88a60e194fb,crmid:5439120901,4,3
fbb7dd7a-53c8-11ea-9b98-b88a60e194fb,crmid:3514381158,3,3
fbb8ed58-53c8-11ea-b9ad-b88a60e194fb,crmid:7261683906,3,2
fbb9d7b8-53c8-11ea-8e53-b88a60e194fb,crmid:8876386476,9,4
fbbae92c-53c8-11ea-9b32-b88a60e194fb,crmid:5130950943,3,4
fbbc48b0-53c8-11ea-92a3-b88a60e194fb,crmid:5303722747,5,4
fbbd5a2e-53c8-11ea-8801-b88a60e194fb,crmid:2643779134,4,7
fbbe6b92-53c8-11ea-a71a-b88a60e194fb,crmid:9101932370,2,3
fbbf563e-53c8-11ea-95b0-b88a60e194fb,crmid:8654293905,6,4
fbc04058-53c8-11ea-bf3f-b88a60e194fb,crmid:9750784686,3,3
fbc12ad4-53c8-11ea-a80f-b88a60e194fb,crmid:7152633703,4,8
fbc23c26-53c8-11ea-905a-b88a60e194fb,crmid:4349799339,3,7
fbc374ac-53c8-11ea-9bda-b88a60e194fb,crmid:5269395855,6,5
fbc45eec-53c8-11ea-9df3-b88a60e194fb,crmid:9430099629,4,7
fbc57052-53c8-11ea-828c-b88a60e194fb,crmid:1456930547,7,3
fbc6a8da-53c8-11ea-a9d5-b88a60e194fb,crmid:4236680906,4,4
fbc7e180-53c8-11ea-8303-b88a60e194fb,crmid:9060319916,4,7
fbc8f2f8-53c8-11ea-8a1b-b88a60e194fb,crmid:6377365748,4,5
fbca2b50-53c8-11ea-90d9-b88a60e194fb,crmid:1045262819,4,4
fbcb3cde-53c8-11ea-9fcc-b88a60e194fb,crmid:9094452216,5,4
fbcc4e98-53c8-11ea-a8f4-b88a60e194fb,crmid:4939371190,4,5
fbcd86cc-53c8-11ea-a4f4-b88a60e194fb,crmid:9532640584,5,5
fbce9836-53c8-11ea-92d9-b88a60e194fb,crmid:9943118521,4,3
fbcf82a4-53c8-11ea-a5d6-b88a60e194fb,crmid:6191092727,5,3
fbd0bb08-53c8-11ea-ad89-b88a60e194fb,crmid:1026193940,4,3
fbd1f390-53c8-11ea-9f53-b88a60e194fb,crmid:2541190964,4,5
fbd3531c-53c8-11ea-aa30-b88a60e194fb,crmid:4311467085,5,5
fbd4648a-53c8-11ea-a57d-b88a60e194fb,crmid:9402863247,4,5
fbd57618-53c8-11ea-9c13-b88a60e194fb,crmid:5730593856,4,4
fbd6fca7-53c8-11ea-b875-b88a60e194fb,crmid:4714866009,9,5
fbd83512-53c8-11ea-954d-b88a60e194fb,crmid:2103791085,4,4
fbd96d98-53c8-11ea-95c5-b88a60e194fb,crmid:1089090082,4,5
fbda5802-53c8-11ea-bfa7-b88a60e194fb,crmid:6348361227,6,5
fbdb697e-53c8-11ea-a1f1-b88a60e194fb,crmid:7789492090,6,6
fbdc53e2-53c8-11ea-ace8-b88a60e194fb,crmid:4862758480,4,4
fbdd651a-53c8-11ea-b791-b88a60e194fb,crmid:8281778864,3,2
fbde9d9c-53c8-11ea-a3ba-b88a60e194fb,crmid:2290211931,6,3
fbdfaf0a-53c8-11ea-902c-b88a60e194fb,crmid:5592649361,4,3
fbe0c080-53c8-11ea-b852-b88a60e194fb,crmid:1346711647,7,3
fbe1d1ee-53c8-11ea-b9c5-b88a60e194fb,crmid:6205579502,5,5
fbe2e376-53c8-11ea-a254-b88a60e194fb,crmid:6429695865,5,5
fbe3f4e8-53c8-11ea-a1b7-b88a60e194fb,crmid:9734542698,4,9
fbe4df5c-53c8-11ea-a47c-b88a60e194fb,crmid:2903196935,1,3
fbe5f0c6-53c8-11ea-8c0d-b88a60e194fb,crmid:5200121906,3,4
fbe729e2-53c8-11ea-aa41-b88a60e194fb,crmid:9438603176,5,4
