{"_id": "orderid:181424", "timestamp": "2019-12-04T03:23:10.000Z", "eventType": "transaction", "_adobeamericaspot3": {"CRMID": "crmid:7905181521", "orderDetails": {"orderID": "orderid:181424", "reservationid": "NIL-ZKJE", "orderType": "kiosk", "hotelSKU": "prd1082", "hotelCheckInUnix": "1575516190", "hotelCheckOutUnix": "1576034590", "hotelCheckInTS": "2019-12-05T03:23:10+00:00", "hotelCheckOutTS": "2019-12-11T03:23:10+00:00", "hotelChain": "Blue Reef Resort", "hotelName": "Blue Reef Resort: Surat", "hotelLocation": "Surat", "hotelRoomType": "standard", "hotelRoomCount": "1", "hotelGuestAdultCount": "1", "hotelGuestChildCount": "3", "hotelNightCount": "6", "hotelRoomPrice": "120.6", "hotelFinalPrice": "723.6"}}}
{"_id": "orderid:103925", "timestamp": "2019-12-26T07:10:21.000Z", "eventType": "transaction", "_adobeamericaspot3": {"CRMID": "crmid:3602310211", "orderDetails": {"orderID": "orderid:103925", "reservationid": "IV7-ZFUH", "orderType": "mobile", "hotelSKU": "prd1058", "hotelCheckInUnix": "1577517021", "hotelCheckOutUnix": "1577776221", "hotelCheckInTS": "2019-12-28T07:10:21+00:00", "hotelCheckOutTS": "2019-12-31T07:10:21+00:00", "hotelChain": "Blue Reef Resort", "hotelName": "Blue Reef Resort: Delhi", "hotelLocation": "Delhi", "hotelRoomType": "standard", "hotelRoomCount": "1", "hotelGuestAdultCount": "1", "hotelGuestChildCount": "0", "hotelNightCount": "3", "hotelRoomPrice": "114.11", "hotelFinalPrice": "342.33"}}}
{"_id": "orderid:199306", "timestamp": "2020-01-05T17:49:22.000Z", "eventType": "transaction", "_adobeamericaspot3": {"CRMID": "crmid:1876433542", "orderDetails": {"orderID": "orderid:199306", "reservationid": "SFG-U9BO", "orderType": "service desk", "hotelSKU": "prd1069", "hotelCheckInUnix": "1578332962", "hotelCheckOutUnix": "1578764962", "hotelCheckInTS": "2020-01-06T17:49:22+00:00", "hotelCheckOutTS": "2020-01-11T17:49:22+00:00", "hotelChain": "Admiralty Plaza", "hotelName": "Admiralty Plaza: Singapore", "hotelLocation": "Singapore", "hotelRoomType": "standard", "hotelRoomCount": "1", "hotelGuestAdultCount": "1", "hotelGuestChildCount": "0", "hotelNightCount": "5", "hotelRoomPrice": "142.44", "hotelFinalPrice": "712.2"}}}
{"_id": "orderid:808220", "timestamp": "2019-12-15T08:13:04.000Z", "eventType": "transaction", "_adobeamericaspot3": {"CRMID": "crmid:6352864858", "orderDetails": {"orderID": "orderid:808220", "reservationid": "ZII-SOTN", "orderType": "kiosk", "hotelSKU": "prd1100", "hotelCheckInUnix": "1576483984", "hotelCheckOutUnix": "1576656784", "hotelCheckInTS": "2019-12-16T08:13:04+00:00", "hotelCheckOutTS": "2019-12-18T08:13:04+00:00", "hotelChain": "Aspen Heights", "hotelName": "Aspen Heights: Misk", "hotelLocation": "Misk", "hotelRoomType": "premium", "hotelRoomCount": "1", "hotelGuestAdultCount": "1", "hotelGuestChildCount": "0", "hotelNightCount": "2", "hotelRoomPrice": "113.38", "hotelFinalPrice": "226.76"}}}
{"_id": "orderid:514195", "timestamp": "2019-12-19T00:00:00.000Z", "eventType": "transaction", "_adobeamericaspot3": {"CRMID": "crmid:6352864858", "orderDetails": {"orderID": "orderid:514195", "reservationid": "WRJ-QTGR", "orderType": "call center", "hotelSKU": "prd1154", "hotelCheckInUnix": "1576972800", "hotelCheckOutUnix": "1577145600", "hotelCheckInTS": "2019-12-22T00:00:00+00:00", "hotelCheckOutTS": "2019-12-24T00:00:00+00:00", "hotelChain": "Blue Reef Resort", "hotelName": "Blue Reef Resort: Seattle", "hotelLocation": "Seattle", "hotelRoomType": "standard", "hotelRoomCount": "1", "hotelGuestAdultCount": "1", "hotelGuestChildCount": "0", "hotelNightCount": "2", "hotelRoomPrice": "137.2", "hotelFinalPrice": "274.4"}}}
{"_id": "orderid:408850", "timestamp": "2020-01-10T00:19:19.000Z", "eventType": "transaction", "_adobeamericaspot3": {"CRMID": "crmid:3460336780", "orderDetails": {"orderID": "orderid:408850", "reservationid": "50J-MUXS", "orderType": "kiosk", "hotelSKU": "prd1148", "hotelCheckInUnix": "1579133959", "hotelCheckOutUnix": "1579997959", "hotelCheckInTS": "2020-01-16T00:19:19+00:00", "hotelCheckOutTS": "2020-01-26T00:19:19+00:00", "hotelChain": "Aspen Heights", "hotelName": "Aspen Heights: Jacksonville", "hotelLocation": "Jacksonville", "hotelRoomType": "premium", "hotelRoomCount": "1", "hotelGuestAdultCount": "1", "hotelGuestChildCount": "0", "hotelNightCount": "10", "hotelRoomPrice": "145.62", "hotelFinalPrice": "1456.2"}}}
{"_id": "orderid:690275", "timestamp": "2020-01-25T11:12:00.000Z", "eventType": "transaction", "_adobeamericaspot3": {"CRMID": "crmid:9746497992", "orderDetails": {"orderID": "orderid:690275", "reservationid": "9QC-STHQ", "orderType": "kiosk", "hotelSKU": "prd1039", "hotelCheckInUnix": "1580037120", "hotelCheckOutUnix": "1580469120", "hotelCheckInTS": "2020-01-26T11:12:00+00:00", "hotelCheckOutTS": "2020-01-31T11:12:00+00:00", "hotelChain": "Family Fun Hotels", "hotelName": "Family Fun Hotels: Kansas City", "hotelLocation": "Kansas City", "hotelRoomType": "standard", "hotelRoomCount": "1", "hotelGuestAdultCount": "1", "hotelGuestChildCount": "0", "hotelNightCount": "5", "hotelRoomPrice": "127.6", "hotelFinalPrice": "638.0"}}}
{"_id": "orderid:658410", "timestamp": "2020-01-18T20:15:17.000Z", "eventType": "transaction", "_adobeamericaspot3": {"CRMID": "crmid:8945732608", "orderDetails": {"orderID": "orderid:658410", "reservationid": "U4S-JXJW", "orderType": "website", "hotelSKU": "prd1106", "hotelCheckInUnix": "1579464917", "hotelCheckOutUnix": "1579551317", "hotelCheckInTS": "2020-01-19T20:15:17+00:00", "hotelCheckOutTS": "2020-01-20T20:15:17+00:00", "hotelChain": "Blue Reef Resort", "hotelName": "Blue Reef Resort: Munich", "hotelLocation": "Munich", "hotelRoomType": "standard", "hotelRoomCount": "1", "hotelGuestAdultCount": "1", "hotelGuestChildCount": "0", "hotelNightCount": "1", "hotelRoomPrice": "87.02", "hotelFinalPrice": "87.02"}}}
{"_id": "orderid:497733", "timestamp": "2019-12-07T13:47:19.000Z", "eventType": "transaction", "_adobeamericaspot3": {"CRMID": "crmid:4341376021", "orderDetails": {"orderID": "orderid:497733", "reservationid": "FXX-WVXE", "orderType": "call center", "hotelSKU": "prd1178", "hotelCheckInUnix": "1575812839", "hotelCheckOutUnix": "1575985639", "hotelCheckInTS": "2019-12-08T13:47:19+00:00", "hotelCheckOutTS": "2019-12-10T13:47:19+00:00", "hotelChain": "Blue Reef Resort", "hotelName": "Blue Reef Resort: Colorado Springs", "hotelLocation": "Colorado Springs", "hotelRoomType": "premium", "hotelRoomCount": "1", "hotelGuestAdultCount": "1", "hotelGuestChildCount": "0", "hotelNightCount": "2", "hotelRoomPrice": "108.69", "hotelFinalPrice": "217.38"}}}
{"_id": "orderid:574602", "timestamp": "2020-01-13T01:27:59.000Z", "eventType": "transaction", "_adobeamericaspot3": {"CRMID": "crmid:2163472836", "orderDetails": {"orderID": "orderid:574602", "reservationid": "PRE-KXTI", "orderType": "call center", "hotelSKU": "prd1058", "hotelCheckInUnix": "1579051679", "hotelCheckOutUnix": "1579138079", "hotelCheckInTS": "2020-01-15T01:27:59+00:00", "hotelCheckOutTS": "2020-01-16T01:27:59+00:00", "hotelChain": "Blue Reef Resort", "hotelName": "Blue Reef Resort: Delhi", "hotelLocation": "Delhi", "hotelRoomType": "standard", "hotelRoomCount": "1", "hotelGuestAdultCount": "1", "hotelGuestChildCount": "0", "hotelNightCount": "1", "hotelRoomPrice": "118.86", "hotelFinalPrice": "118.86"}}}
{"_id": "orderid:871259", "timestamp": "2019-12-03T00:07:44.000Z", "eventType": "transaction", "_adobeamericaspot3": {"CRMID": "crmid:8317066856", "orderDetails": {"orderID": "orderid:871259", "reservationid": "I1N-XANG", "orderType": "mobile", "hotelSKU": "prd1015", "hotelCheckInUnix": "1577405264", "hotelCheckOutUnix": "1577491664", "hotelCheckInTS": "2019-12-27T00:07:44+00:00", "hotelCheckOutTS": "2019-12-28T00:07:44+00:00", "hotelChain": "Family Fun Hotels", "hotelName": "Family Fun Hotels: San Francisco", "hotelLocation": "San Francisco", "hotelRoomType": "standard", "hotelRoomCount": "1", "hotelGuestAdultCount": "1", "hotelGuestChildCount": "0", "hotelNightCount": "1", "hotelRoomPrice": "167.5", "hotelFinalPrice": "167.5"}}}
{"_id": "orderid:765637", "timestamp": "2020-01-25T18:28:54.000Z", "eventType": "transaction", "_adobeamericaspot3": {"CRMID": "crmid:6730739584", "orderDetails": {"orderID": "orderid:765637", "reservationid": "0VA-4E2C", "orderType": "website", "hotelSKU": "prd1058", "hotelCheckInUnix": "1582050534", "hotelCheckOutUnix": "1583260134", "hotelCheckInTS": "2020-02-18T18:28:54+00:00", "hotelCheckOutTS": "2020-03-03T18:28:54+00:00", "hotelChain": "Blue Reef Resort", "hotelName": "Blue Reef Resort: Delhi", "hotelLocation": "Delhi", "hotelRoomType": "standard", "hotelRoomCount": "1", "hotelGuestAdultCount": "1", "hotelGuestChildCount": "3", "hotelNightCount": "14", "hotelRoomPrice": "139.92", "hotelFinalPrice": "1958.88"}}}
{"_id": "orderid:550987", "timestamp": "2019-12-15T00:22:21.000Z", "eventType": "transaction", "_adobeamericaspot3": {"CRMID": "crmid:3392981069", "orderDetails": {"orderID": "orderid:550987", "reservationid": "JGK-BSO0", "orderType": "mobile", "hotelSKU": "prd1026", "hotelCheckInUnix": "1577146941", "hotelCheckOutUnix": "1577319741", "hotelCheckInTS": "2019-12-24T00:22:21+00:00", "hotelCheckOutTS": "2019-12-26T00:22:21+00:00", "hotelChain": "Restful Nights", "hotelName": "Restful Nights: Nashville", "hotelLocation": "Nashville", "hotelRoomType": "premium", "hotelRoomCount": "1", "hotelGuestAdultCount": "1", "hotelGuestChildCount": "0", "hotelNightCount": "2", "hotelRoomPrice": "96.25", "hotelFinalPrice": "192.5"}}}
{"_id": "orderid:635646", "timestamp": "2020-01-25T09:58:13.000Z", "eventType": "transaction", "_adobeamericaspot3": {"CRMID": "crmid:1899575793", "orderDetails": {"orderID": "orderid:635646", "reservationid": "T6C-BM0W", "orderType": "website", "hotelSKU": "prd1175", "hotelCheckInUnix": "1581847093", "hotelCheckOutUnix": "1583229493", "hotelCheckInTS": "2020-02-16T09:58:13+00:00", "hotelCheckOutTS": "2020-03-03T09:58:13+00:00", "hotelChain": "Nesting Box Inn", "hotelName": "Nesting Box Inn: Long Beach", "hotelLocation": "Long Beach", "hotelRoomType": "standard", "hotelRoomCount": "1", "hotelGuestAdultCount": "1", "hotelGuestChildCount": "1", "hotelNightCount": "16", "hotelRoomPrice": "104.95", "hotelFinalPrice": "1679.2"}}}
{"_id": "orderid:449103", "timestamp": "2019-12-03T18:42:06.000Z", "eventType": "transaction", "_adobeamericaspot3": {"CRMID": "crmid:5798592277", "orderDetails": {"orderID": "orderid:449103", "reservationid": "ERP-3IW2", "orderType": "call center", "hotelSKU": "prd1141", "hotelCheckInUnix": "1577212926", "hotelCheckOutUnix": "1578422526", "hotelCheckInTS": "2019-12-24T18:42:06+00:00", "hotelCheckOutTS": "2020-01-07T18:42:06+00:00", "hotelChain": "Admiralty Plaza", "hotelName": "Admiralty Plaza: Phoenix", "hotelLocation": "Phoenix", "hotelRoomType": "premium", "hotelRoomCount": "1", "hotelGuestAdultCount": "1", "hotelGuestChildCount": "3", "hotelNightCount": "14", "hotelRoomPrice": "124.88", "hotelFinalPrice": "1748.32"}}}
{"_id": "orderid:689919", "timestamp": "2020-01-17T14:23:44.000Z", "eventType": "transaction", "_adobeamericaspot3": {"CRMID": "crmid:6050660208", "orderDetails": {"orderID": "orderid:689919", "reservationid": "PTL-ZMWW", "orderType": "website", "hotelSKU": "prd1082", "hotelCheckInUnix": "1579789424", "hotelCheckOutUnix": "1581171824", "hotelCheckInTS": "2020-01-23T14:23:44+00:00", "hotelCheckOutTS": "2020-02-08T14:23:44+00:00", "hotelChain": "Blue Reef Resort", "hotelName": "Blue Reef Resort: Surat", "hotelLocation": "Surat", "hotelRoomType": "premium", "hotelRoomCount": "1", "hotelGuestAdultCount": "1", "hotelGuestChildCount": "0", "hotelNightCount": "16", "hotelRoomPrice": "148.16", "hotelFinalPrice": "2370.56"}}}
{"_id": "orderid:594654", "timestamp": "2020-02-08T17:12:11.000Z", "eventType": "transaction", "_adobeamericaspot3": {"CRMID": "crmid:6918943072", "orderDetails": {"orderID": "orderid:594654", "reservationid": "7S1-CCDK", "orderType": "service desk", "hotelSKU": "prd1009", "hotelCheckInUnix": "1583341931", "hotelCheckOutUnix": "1583946731", "hotelCheckInTS": "2020-03-04T17:12:11+00:00", "hotelCheckOutTS": "2020-03-11T17:12:11+00:00", "hotelChain": "Admiralty Plaza", "hotelName": "Admiralty Plaza: San Antonio", "hotelLocation": "San Antonio", "hotelRoomType": "standard", "hotelRoomCount": "1", "hotelGuestAdultCount": "1", "hotelGuestChildCount": "0", "hotelNightCount": "7", "hotelRoomPrice": "145.78", "hotelFinalPrice": "1020.46"}}}
{"_id": "orderid:307647", "timestamp": "2020-01-10T01:14:43.000Z", "eventType": "transaction", "_adobeamericaspot3": {"CRMID": "crmid:1964024796", "orderDetails": {"orderID": "orderid:307647", "reservationid": "WFB-EDWZ", "orderType": "call center", "hotelSKU": "prd1010", "hotelCheckInUnix": "1580519683", "hotelCheckOutUnix": "1581210883", "hotelCheckInTS": "2020-02-01T01:14:43+00:00", "hotelCheckOutTS": "2020-02-09T01:14:43+00:00", "hotelChain": "Blue Reef Resort", "hotelName": "Blue Reef Resort: San Diego", "hotelLocation": "San Diego", "hotelRoomType": "standard", "hotelRoomCount": "1", "hotelGuestAdultCount": "1", "hotelGuestChildCount": "3", "hotelNightCount": "8", "hotelRoomPrice": "134.36", "hotelFinalPrice": "1074.88"}}}
{"_id": "orderid:340166", "timestamp": "2019-12-08T20:13:57.000Z", "eventType": "transaction", "_adobeamericaspot3": {"CRMID": "crmid:4699061691", "orderDetails": {"orderID": "orderid:340166", "reservationid": "UZA-CNJS", "orderType": "call center", "hotelSKU": "prd1016", "hotelCheckInUnix": "1577650437", "hotelCheckOutUnix": "1578168837", "hotelCheckInTS": "2019-12-29T20:13:57+00:00", "hotelCheckOutTS": "2020-01-04T20:13:57+00:00", "hotelChain": "Aspen Heights", "hotelName": "Aspen Heights: Columbus", "hotelLocation": "Columbus", "hotelRoomType": "standard", "hotelRoomCount": "1", "hotelGuestAdultCount": "1", "hotelGuestChildCount": "0", "hotelNightCount": "6", "hotelRoomPrice": "101.8", "hotelFinalPrice": "610.8"}}}
{"_id": "orderid:555075", "timestamp": "2019-12-27T15:30:34.000Z", "eventType": "transaction", "_adobeamericaspot3": {"CRMID": "crmid:6264795377", "orderDetails": {"orderID": "orderid:555075", "reservationid": "C6O-PXAZ", "orderType": "website", "hotelSKU": "prd1055", "hotelCheckInUnix": "1579447834", "hotelCheckOutUnix": "1579793434", "hotelCheckInTS": "2020-01-19T15:30:34+00:00", "hotelCheckOutTS": "2020-01-23T15:30:34+00:00", "hotelChain": "Nesting Box Inn", "hotelName": "Nesting Box Inn: Bakersfield", "hotelLocation": "Bakersfield", "hotelRoomType": "standard", "hotelRoomCount": "1", "hotelGuestAdultCount": "1", "hotelGuestChildCount": "1", "hotelNightCount": "4", "hotelRoomPrice": "157.2", "hotelFinalPrice": "628.8"}}}
{"_id": "orderid:500970", "timestamp": "2020-01-02T23:57:54.000Z", "eventType": "transaction", "_adobeamericaspot3": {"CRMID": "crmid:8470913850", "orderDetails": {"orderID": "orderid:500970", "reservationid": "89R-6L9I", "orderType": "call center", "hotelSKU": "prd1040", "hotelCheckInUnix": "1579823874", "hotelCheckOutUnix": "1581292674", "hotelCheckInTS": "2020-01-23T23:57:54+00:00", "hotelCheckOutTS": "2020-02-09T23:57:54+00:00", "hotelChain": "Aspen Heights", "hotelName": "Aspen Heights: Atlanta", "hotelLocation": "Atlanta", "hotelRoomType": "standard", "hotelRoomCount": "1", "hotelGuestAdultCount": "1", "hotelGuestChildCount": "0", "hotelNightCount": "17", "hotelRoomPrice": "118.17", "hotelFinalPrice": "2008.89"}}}
{"_id": "orderid:868069", "timestamp": "2019-12-04T16:35:14.000Z", "eventType": "transaction", "_adobeamericaspot3": {"CRMID": "crmid:4867000069", "orderDetails": {"orderID": "orderid:868069", "reservationid": "705-XJYR", "orderType": "website", "hotelSKU": "prd1112", "hotelCheckInUnix": "1575909314", "hotelCheckOutUnix": "1576082114", "hotelCheckInTS": "2019-12-09T16:35:14+00:00", "hotelCheckOutTS": "2019-12-11T16:35:14+00:00", "hotelChain": "Aspen Heights", "hotelName": "Aspen Heights: Birmingham", "hotelLocation": "Birmingham", "hotelRoomType": "luxury", "hotelRoomCount": "1", "hotelGuestAdultCount": "1", "hotelGuestChildCount": "0", "hotelNightCount": "2", "hotelRoomPrice": "277.94", "hotelFinalPrice": "555.88"}}}
{"_id": "orderid:737636", "timestamp": "2019-12-17T20:10:45.000Z", "eventType": "transaction", "_adobeamericaspot3": {"CRMID": "crmid:4011605265", "orderDetails": {"orderID": "orderid:737636", "reservationid": "9LN-HCDU", "orderType": "mobile", "hotelSKU": "prd1130", "hotelCheckInUnix": "1579032645", "hotelCheckOutUnix": "1579723845", "hotelCheckInTS": "2020-01-14T20:10:45+00:00", "hotelCheckOutTS": "2020-01-22T20:10:45+00:00", "hotelChain": "Blue Reef Resort", "hotelName": "Blue Reef Resort: Bremen", "hotelLocation": "Bremen", "hotelRoomType": "standard", "hotelRoomCount": "1", "hotelGuestAdultCount": "1", "hotelGuestChildCount": "0", "hotelNightCount": "8", "hotelRoomPrice": "82.88", "hotelFinalPrice": "663.04"}}}
{"_id": "orderid:777778", "timestamp": "2020-01-06T20:28:33.000Z", "eventType": "transaction", "_adobeamericaspot3": {"CRMID": "crmid:1986693356", "orderDetails": {"orderID": "orderid:777778", "reservationid": "LE4-YJ98", "orderType": "website", "hotelSKU": "prd1183", "hotelCheckInUnix": "1580243313", "hotelCheckOutUnix": "1580934513", "hotelCheckInTS": "2020-01-28T20:28:33+00:00", "hotelCheckOutTS": "2020-02-05T20:28:33+00:00", "hotelChain": "Family Fun Hotels", "hotelName": "Family Fun Hotels: Tulsa", "hotelLocation": "Tulsa", "hotelRoomType": "standard", "hotelRoomCount": "1", "hotelGuestAdultCount": "1", "hotelGuestChildCount": "0", "hotelNightCount": "8", "hotelRoomPrice": "143.0", "hotelFinalPrice": "1144.0"}}}
{"_id": "orderid:256632", "timestamp": "2019-12-15T22:36:56.000Z", "eventType": "transaction", "_adobeamericaspot3": {"CRMID": "crmid:4826108211", "orderDetails": {"orderID": "orderid:256632", "reservationid": "SS1-BVCQ", "orderType": "website", "hotelSKU": "prd1085", "hotelCheckInUnix": "1577572616", "hotelCheckOutUnix": "1578868616", "hotelCheckInTS": "2019-12-28T22:36:56+00:00", "hotelCheckOutTS": "2020-01-12T22:36:56+00:00", "hotelChain": "Grandeur Hotels", "hotelName": "Grandeur Hotels: Saint Petersburg", "hotelLocation": "Saint Petersburg", "hotelRoomType": "standard", "hotelRoomCount": "1", "hotelGuestAdultCount": "1", "hotelGuestChildCount": "0", "hotelNightCount": "15", "hotelRoomPrice": "172.86", "hotelFinalPrice": "2592.9"}}}
{"_id": "orderid:333020", "timestamp": "2020-01-16T20:35:06.000Z", "eventType": "transaction", "_adobeamericaspot3": {"CRMID": "crmid:3289271777", "orderDetails": {"orderID": "orderid:333020", "reservationid": "7NX-VJET", "orderType": "call center", "hotelSKU": "prd1021", "hotelCheckInUnix": "1580762106", "hotelCheckOutUnix": "1581971706", "hotelCheckInTS": "2020-02-03T20:35:06+00:00", "hotelCheckOutTS": "2020-02-17T20:35:06+00:00", "hotelChain": "Admiralty Plaza", "hotelName": "Admiralty Plaza: Denver", "hotelLocation": "Denver", "hotelRoomType": "standard", "hotelRoomCount": "1", "hotelGuestAdultCount": "1", "hotelGuestChildCount": "0", "hotelNightCount": "14", "hotelRoomPrice": "152.43", "hotelFinalPrice": "2134.02"}}}
{"_id": "orderid:727243", "timestamp": "2020-02-15T10:08:33.000Z", "eventType": "transaction", "_adobeamericaspot3": {"CRMID": "crmid:7732076479", "orderDetails": {"orderID": "orderid:727243", "reservationid": "TQF-WKVG", "orderType": "call center", "hotelSKU": "prd1181", "hotelCheckInUnix": "1582366113", "hotelCheckOutUnix": "1583489313", "hotelCheckInTS": "2020-02-22T10:08:33+00:00", "hotelCheckOutTS": "2020-03-06T10:08:33+00:00", "hotelChain": "Grandeur Hotels", "hotelName": "Grandeur Hotels: Oakland", "hotelLocation": "Oakland", "hotelRoomType": "standard", "hotelRoomCount": "1", "hotelGuestAdultCount": "1", "hotelGuestChildCount": "0", "hotelNightCount": "13", "hotelRoomPrice": "106.12", "hotelFinalPrice": "1379.56"}}}
{"_id": "orderid:875134", "timestamp": "2019-12-31T01:43:58.000Z", "eventType": "transaction", "_adobeamericaspot3": {"CRMID": "crmid:1861138986", "orderDetails": {"orderID": "orderid:875134", "reservationid": "WLD-J30V", "orderType": "website", "hotelSKU": "prd1077", "hotelCheckInUnix": "1579311838", "hotelCheckOutUnix": "1580867038", "hotelCheckInTS": "2020-01-18T01:43:58+00:00", "hotelCheckOutTS": "2020-02-05T01:43:58+00:00", "hotelChain": "Sapphire Suites", "hotelName": "Sapphire Suites: Cairo", "hotelLocation": "Cairo", "hotelRoomType": "standard", "hotelRoomCount": "1", "hotelGuestAdultCount": "1", "hotelGuestChildCount": "3", "hotelNightCount": "18", "hotelRoomPrice": "144.91", "hotelFinalPrice": "2608.38"}}}
{"_id": "orderid:853548", "timestamp": "2019-12-25T04:07:04.000Z", "eventType": "transaction", "_adobeamericaspot3": {"CRMID": "crmid:9833767782", "orderDetails": {"orderID": "orderid:853548", "reservationid": "8HT-PDBN", "orderType": "website", "hotelSKU": "prd1105", "hotelCheckInUnix": "1579406824", "hotelCheckOutUnix": "1580270824", "hotelCheckInTS": "2020-01-19T04:07:04+00:00", "hotelCheckOutTS": "2020-01-29T04:07:04+00:00", "hotelChain": "Admiralty Plaza", "hotelName": "Admiralty Plaza: Barcelona", "hotelLocation": "Barcelona", "hotelRoomType": "standard", "hotelRoomCount": "1", "hotelGuestAdultCount": "1", "hotelGuestChildCount": "0", "hotelNightCount": "10", "hotelRoomPrice": "171.6", "hotelFinalPrice": "1716.0"}}}
{"_id": "orderid:885728", "timestamp": "2020-02-13T07:02:47.000Z", "eventType": "transaction", "_adobeamericaspot3": {"CRMID": "crmid:2722064611", "orderDetails": {"orderID": "orderid:885728", "reservationid": "JOQ-TAB0", "orderType": "kiosk", "hotelSKU": "prd1021", "hotelCheckInUnix": "1582009367", "hotelCheckOutUnix": "1582441367", "hotelCheckInTS": "2020-02-18T07:02:47+00:00", "hotelCheckOutTS": "2020-02-23T07:02:47+00:00", "hotelChain": "Admiralty Plaza", "hotelName": "Admiralty Plaza: Denver", "hotelLocation": "Denver", "hotelRoomType": "standard", "hotelRoomCount": "1", "hotelGuestAdultCount": "1", "hotelGuestChildCount": "0", "hotelNightCount": "5", "hotelRoomPrice": "130.22", "hotelFinalPrice": "651.1"}}}
{"_id": "orderid:922437", "timestamp": "2020-02-16T02:17:34.000Z", "eventType": "transaction", "_adobeamericaspot3": {"CRMID": "crmid:1328012705", "orderDetails": {"orderID": "orderid:922437", "reservationid": "BJD-TWIV", "orderType": "website", "hotelSKU": "prd1159", "hotelCheckInUnix": "1581905854", "hotelCheckOutUnix": "1582078654", "hotelCheckInTS": "2020-02-17T02:17:34+00:00", "hotelCheckOutTS": "2020-02-19T02:17:34+00:00", "hotelChain": "Family Fun Hotels", "hotelName": "Family Fun Hotels: Detroit", "hotelLocation": "Detroit", "hotelRoomType": "standard", "hotelRoomCount": "1", "hotelGuestAdultCount": "1", "hotelGuestChildCount": "0", "hotelNightCount": "2", "hotelRoomPrice": "111.32", "hotelFinalPrice": "222.64"}}}
{"_id": "orderid:459995", "timestamp": "2019-12-04T11:34:01.000Z", "eventType": "transaction", "_adobeamericaspot3": {"CRMID": "crmid:7360229011", "orderDetails": {"orderID": "orderid:459995", "reservationid": "4S1-EMQI", "orderType": "website", "hotelSKU": "prd1105", "hotelCheckInUnix": "1576841641", "hotelCheckOutUnix": "1577705641", "hotelCheckInTS": "2019-12-20T11:34:01+00:00", "hotelCheckOutTS": "2019-12-30T11:34:01+00:00", "hotelChain": "Admiralty Plaza", "hotelName": "Admiralty Plaza: Barcelona", "hotelLocation": "Barcelona", "hotelRoomType": "standard", "hotelRoomCount": "1", "hotelGuestAdultCount": "1", "hotelGuestChildCount": "0", "hotelNightCount": "10", "hotelRoomPrice": "123.52", "hotelFinalPrice": "1235.2"}}}
{"_id": "orderid:696444", "timestamp": "2020-01-28T04:05:45.000Z", "eventType": "transaction", "_adobeamericaspot3": {"CRMID": "crmid:5752517321", "orderDetails": {"orderID": "orderid:696444", "reservationid": "QKD-UCBP", "orderType": "website", "hotelSKU": "prd1154", "hotelCheckInUnix": "1580529945", "hotelCheckOutUnix": "1580875545", "hotelCheckInTS": "2020-02-01T04:05:45+00:00", "hotelCheckOutTS": "2020-02-05T04:05:45+00:00", "hotelChain": "Blue Reef Resort", "hotelName": "Blue Reef Resort: Seattle", "hotelLocation": "Seattle", "hotelRoomType": "premium", "hotelRoomCount": "1", "hotelGuestAdultCount": "1", "hotelGuestChildCount": "0", "hotelNightCount": "4", "hotelRoomPrice": "159.09", "hotelFinalPrice": "636.36"}}}
{"_id": "orderid:850656", "timestamp": "2020-01-23T00:39:59.000Z", "eventType": "transaction", "_adobeamericaspot3": {"CRMID": "crmid:9052225961", "orderDetails": {"orderID": "orderid:850656", "reservationid": "VGV-7KI8", "orderType": "call center", "hotelSKU": "prd1081", "hotelCheckInUnix": "1579999199", "hotelCheckOutUnix": "1580258399", "hotelCheckInTS": "2020-01-26T00:39:59+00:00", "hotelCheckOutTS": "2020-01-29T00:39:59+00:00", "hotelChain": "Admiralty Plaza", "hotelName": "Admiralty Plaza: Rod de Janeiro", "hotelLocation": "Rod de Janeiro", "hotelRoomType": "standard", "hotelRoomCount": "1", "hotelGuestAdultCount": "1", "hotelGuestChildCount": "2", "hotelNightCount": "3", "hotelRoomPrice": "133.67", "hotelFinalPrice": "401.01"}}}
{"_id": "orderid:783272", "timestamp": "2019-12-02T11:57:16.000Z", "eventType": "transaction", "_adobeamericaspot3": {"CRMID": "crmid:2464183550", "orderDetails": {"orderID": "orderid:783272", "reservationid": "JMO-GET2", "orderType": "kiosk", "hotelSKU": "prd1002", "hotelCheckInUnix": "1575460636", "hotelCheckOutUnix": "1575547036", "hotelCheckInTS": "2019-12-04T11:57:16+00:00", "hotelCheckOutTS": "2019-12-05T11:57:16+00:00", "hotelChain": "Restful Nights", "hotelName": "Restful Nights: Chicago", "hotelLocation": "Chicago", "hotelRoomType": "standard", "hotelRoomCount": "1", "hotelGuestAdultCount": "1", "hotelGuestChildCount": "0", "hotelNightCount": "1", "hotelRoomPrice": "156.95", "hotelFinalPrice": "156.95"}}}
{"_id": "orderid:525747", "timestamp": "2019-12-14T15:18:03.000Z", "eventType": "transaction", "_adobeamericaspot3": {"CRMID": "crmid:6402121891", "orderDetails": {"orderID": "orderid:525747", "reservationid": "BDL-6ALM", "orderType": "kiosk", "hotelSKU": "prd1119", "hotelCheckInUnix": "1578496683", "hotelCheckOutUnix": "1579965483", "hotelCheckInTS": "2020-01-08T15:18:03+00:00", "hotelCheckOutTS": "2020-01-25T15:18:03+00:00", "hotelChain": "Hospitality Inn", "hotelName": "Hospitality Inn: Turin", "hotelLocation": "Turin", "hotelRoomType": "standard", "hotelRoomCount": "1", "hotelGuestAdultCount": "1", "hotelGuestChildCount": "0", "hotelNightCount": "17", "hotelRoomPrice": "134.96", "hotelFinalPrice": "2294.32"}}}
{"_id": "orderid:347385", "timestamp": "2019-12-16T10:52:48.000Z", "eventType": "transaction", "_adobeamericaspot3": {"CRMID": "crmid:4202019307", "orderDetails": {"orderID": "orderid:347385", "reservationid": "QSM-IEQC", "orderType": "kiosk", "hotelSKU": "prd1023", "hotelCheckInUnix": "1578480768", "hotelCheckOutUnix": "1579085568", "hotelCheckInTS": "2020-01-08T10:52:48+00:00", "hotelCheckOutTS": "2020-01-15T10:52:48+00:00", "hotelChain": "Hospitality Inn", "hotelName": "Hospitality Inn: Boston", "hotelLocation": "Boston", "hotelRoomType": "standard", "hotelRoomCount": "1", "hotelGuestAdultCount": "1", "hotelGuestChildCount": "0", "hotelNightCount": "7", "hotelRoomPrice": "151.6", "hotelFinalPrice": "1061.2"}}}
{"_id": "orderid:437287", "timestamp": "2019-12-11T04:03:52.000Z", "eventType": "transaction", "_adobeamericaspot3": {"CRMID": "crmid:5130675284", "orderDetails": {"orderID": "orderid:437287", "reservationid": "O08-FGTG", "orderType": "call center", "hotelSKU": "prd1016", "hotelCheckInUnix": "1576123432", "hotelCheckOutUnix": "1576209832", "hotelCheckInTS": "2019-12-12T04:03:52+00:00", "hotelCheckOutTS": "2019-12-13T04:03:52+00:00", "hotelChain": "Aspen Heights", "hotelName": "Aspen Heights: Columbus", "hotelLocation": "Columbus", "hotelRoomType": "premium", "hotelRoomCount": "1", "hotelGuestAdultCount": "1", "hotelGuestChildCount": "0", "hotelNightCount": "1", "hotelRoomPrice": "148.0", "hotelFinalPrice": "148.0"}}}
{"_id": "orderid:542770", "timestamp": "2019-12-04T23:00:49.000Z", "eventType": "transaction", "_adobeamericaspot3": {"CRMID": "crmid:1341533755", "orderDetails": {"orderID": "orderid:542770", "reservationid": "MB1-Q4IJ", "orderType": "mobile", "hotelSKU": "prd1152", "hotelCheckInUnix": "1575673249", "hotelCheckOutUnix": "1575846049", "hotelCheckInTS": "2019-12-06T23:00:49+00:00", "hotelCheckOutTS": "2019-12-08T23:00:49+00:00", "hotelChain": "Repose Resort", "hotelName": "Repose Resort: Indianapolis", "hotelLocation": "Indianapolis", "hotelRoomType": "standard", "hotelRoomCount": "1", "hotelGuestAdultCount": "1", "hotelGuestChildCount": "0", "hotelNightCount": "2", "hotelRoomPrice": "156.04", "hotelFinalPrice": "312.08"}}}
{"_id": "orderid:944074", "timestamp": "2020-02-15T07:04:34.000Z", "eventType": "transaction", "_adobeamericaspot3": {"CRMID": "crmid:9588572517", "orderDetails": {"orderID": "orderid:944074", "reservationid": "SRZ-FZPV", "orderType": "kiosk", "hotelSKU": "prd1154", "hotelCheckInUnix": "1583219074", "hotelCheckOutUnix": "1583564674", "hotelCheckInTS": "2020-03-03T07:04:34+00:00", "hotelCheckOutTS": "2020-03-07T07:04:34+00:00", "hotelChain": "Blue Reef Resort", "hotelName": "Blue Reef Resort: Seattle", "hotelLocation": "Seattle", "hotelRoomType": "premium", "hotelRoomCount": "1", "hotelGuestAdultCount": "1", "hotelGuestChildCount": "3", "hotelNightCount": "4", "hotelRoomPrice": "112.72", "hotelFinalPrice": "450.88"}}}
{"_id": "orderid:612419", "timestamp": "2020-01-22T04:21:21.000Z", "eventType": "transaction", "_adobeamericaspot3": {"CRMID": "crmid:9594103234", "orderDetails": {"orderID": "orderid:612419", "reservationid": "1NM-CGRU", "orderType": "website", "hotelSKU": "prd1192", "hotelCheckInUnix": "1579926081", "hotelCheckOutUnix": "1580012481", "hotelCheckInTS": "2020-01-25T04:21:21+00:00", "hotelCheckOutTS": "2020-01-26T04:21:21+00:00", "hotelChain": "Sandhill", "hotelName": "Sandhill: Delhi", "hotelLocation": "Delhi", "hotelRoomType": "premium", "hotelRoomCount": "1", "hotelGuestAdultCount": "1", "hotelGuestChildCount": "0", "hotelNightCount": "1", "hotelRoomPrice": "145.53", "hotelFinalPrice": "145.53"}}}
{"_id": "orderid:161271", "timestamp": "2020-01-01T21:31:27.000Z", "eventType": "transaction", "_adobeamericaspot3": {"CRMID": "crmid:4456982960", "orderDetails": {"orderID": "orderid:161271", "reservationid": "ZBG-ILLL", "orderType": "service desk", "hotelSKU": "prd1154", "hotelCheckInUnix": "1578691887", "hotelCheckOutUnix": "1578778287", "hotelCheckInTS": "2020-01-10T21:31:27+00:00", "hotelCheckOutTS": "2020-01-11T21:31:27+00:00", "hotelChain": "Blue Reef Resort", "hotelName": "Blue Reef Resort: Seattle", "hotelLocation": "Seattle", "hotelRoomType": "standard", "hotelRoomCount": "1", "hotelGuestAdultCount": "1", "hotelGuestChildCount": "1", "hotelNightCount": "1", "hotelRoomPrice": "162.22", "hotelFinalPrice": "162.22"}}}
{"_id": "orderid:937163", "timestamp": "2020-01-11T10:08:48.000Z", "eventType": "transaction", "_adobeamericaspot3": {"CRMID": "crmid:9546953109", "orderDetails": {"orderID": "orderid:937163", "reservationid": "FNV-MOVN", "orderType": "mobile", "hotelSKU": "prd1021", "hotelCheckInUnix": "1581242928", "hotelCheckOutUnix": "1581847728", "hotelCheckInTS": "2020-02-09T10:08:48+00:00", "hotelCheckOutTS": "2020-02-16T10:08:48+00:00", "hotelChain": "Admiralty Plaza", "hotelName": "Admiralty Plaza: Denver", "hotelLocation": "Denver", "hotelRoomType": "standard", "hotelRoomCount": "1", "hotelGuestAdultCount": "1", "hotelGuestChildCount": "0", "hotelNightCount": "7", "hotelRoomPrice": "167.0", "hotelFinalPrice": "1169.0"}}}
{"_id": "orderid:676839", "timestamp": "2020-02-13T07:33:54.000Z", "eventType": "transaction", "_adobeamericaspot3": {"CRMID": "crmid:8494781372", "orderDetails": {"orderID": "orderid:676839", "reservationid": "CC3-ETN9", "orderType": "kiosk", "hotelSKU": "prd1172", "hotelCheckInUnix": "1583048034", "hotelCheckOutUnix": "1583393634", "hotelCheckInTS": "2020-03-01T07:33:54+00:00", "hotelCheckOutTS": "2020-03-05T07:33:54+00:00", "hotelChain": "Aspen Heights", "hotelName": "Aspen Heights: Mesa", "hotelLocation": "Mesa", "hotelRoomType": "standard", "hotelRoomCount": "1", "hotelGuestAdultCount": "1", "hotelGuestChildCount": "0", "hotelNightCount": "4", "hotelRoomPrice": "156.44", "hotelFinalPrice": "625.76"}}}
{"_id": "orderid:112206", "timestamp": "2019-12-18T00:13:35.000Z", "eventType": "transaction", "_adobeamericaspot3": {"CRMID": "crmid:7982575878", "orderDetails": {"orderID": "orderid:112206", "reservationid": "A2H-SGHC", "orderType": "website", "hotelSKU": "prd1083", "hotelCheckInUnix": "1577146415", "hotelCheckOutUnix": "1577405615", "hotelCheckInTS": "2019-12-24T00:13:35+00:00", "hotelCheckOutTS": "2019-12-27T00:13:35+00:00", "hotelChain": "Hospitality Inn", "hotelName": "Hospitality Inn: Bangkok", "hotelLocation": "Bangkok", "hotelRoomType": "standard", "hotelRoomCount": "1", "hotelGuestAdultCount": "1", "hotelGuestChildCount": "0", "hotelNightCount": "3", "hotelRoomPrice": "141.56", "hotelFinalPrice": "424.68"}}}
{"_id": "orderid:330812", "timestamp": "2019-12-06T07:49:58.000Z", "eventType": "transaction", "_adobeamericaspot3": {"CRMID": "crmid:6253218863", "orderDetails": {"orderID": "orderid:330812", "reservationid": "QPL-O7MY", "orderType": "call center", "hotelSKU": "prd1143", "hotelCheckInUnix": "1575964198", "hotelCheckOutUnix": "1576223398", "hotelCheckInTS": "2019-12-10T07:49:58+00:00", "hotelCheckOutTS": "2019-12-13T07:49:58+00:00", "hotelChain": "Hospitality Inn", "hotelName": "Hospitality Inn: San Antonio", "hotelLocation": "San Antonio", "hotelRoomType": "standard", "hotelRoomCount": "1", "hotelGuestAdultCount": "1", "hotelGuestChildCount": "0", "hotelNightCount": "3", "hotelRoomPrice": "120.28", "hotelFinalPrice": "360.84"}}}
{"_id": "orderid:572697", "timestamp": "2019-12-04T21:57:09.000Z", "eventType": "transaction", "_adobeamericaspot3": {"CRMID": "crmid:8503946777", "orderDetails": {"orderID": "orderid:572697", "reservationid": "CKQ-7VV6", "orderType": "call center", "hotelSKU": "prd1023", "hotelCheckInUnix": "1575583029", "hotelCheckOutUnix": "1575669429", "hotelCheckInTS": "2019-12-05T21:57:09+00:00", "hotelCheckOutTS": "2019-12-06T21:57:09+00:00", "hotelChain": "Hospitality Inn", "hotelName": "Hospitality Inn: Boston", "hotelLocation": "Boston", "hotelRoomType": "standard", "hotelRoomCount": "1", "hotelGuestAdultCount": "1", "hotelGuestChildCount": "0", "hotelNightCount": "1", "hotelRoomPrice": "102.86", "hotelFinalPrice": "102.86"}}}
{"_id": "orderid:794042", "timestamp": "2019-12-12T17:54:23.000Z", "eventType": "transaction", "_adobeamericaspot3": {"CRMID": "crmid:1057153165", "orderDetails": {"orderID": "orderid:794042", "reservationid": "PLV-QFX5", "orderType": "kiosk", "hotelSKU": "prd1105", "hotelCheckInUnix": "1578246863", "hotelCheckOutUnix": "1578938063", "hotelCheckInTS": "2020-01-05T17:54:23+00:00", "hotelCheckOutTS": "2020-01-13T17:54:23+00:00", "hotelChain": "Admiralty Plaza", "hotelName": "Admiralty Plaza: Barcelona", "hotelLocation": "Barcelona", "hotelRoomType": "standard", "hotelRoomCount": "1", "hotelGuestAdultCount": "1", "hotelGuestChildCount": "0", "hotelNightCount": "8", "hotelRoomPrice": "108.14", "hotelFinalPrice": "865.12"}}}
{"_id": "orderid:546745", "timestamp": "2020-01-21T13:46:56.000Z", "eventType": "transaction", "_adobeamericaspot3": {"CRMID": "crmid:7464697328", "orderDetails": {"orderID": "orderid:546745", "reservationid": "76U-S7UJ", "orderType": "website", "hotelSKU": "prd1022", "hotelCheckInUnix": "1581515216", "hotelCheckOutUnix": "1582120016", "hotelCheckInTS": "2020-02-12T13:46:56+00:00", "hotelCheckOutTS": "2020-02-19T13:46:56+00:00", "hotelChain": "Blue Reef Resort", "hotelName": "Blue Reef Resort: Washington DC", "hotelLocation": "Washington DC", "hotelRoomType": "standard", "hotelRoomCount": "1", "hotelGuestAdultCount": "1", "hotelGuestChildCount": "0", "hotelNightCount": "7", "hotelRoomPrice": "168.3", "hotelFinalPrice": "1178.1"}}}
{"_id": "orderid:488620", "timestamp": "2020-01-21T16:53:14.000Z", "eventType": "transaction", "_adobeamericaspot3": {"CRMID": "crmid:1406978099", "orderDetails": {"orderID": "orderid:488620", "reservationid": "ZDN-GPOR", "orderType": "call center", "hotelSKU": "prd1196", "hotelCheckInUnix": "1581612794", "hotelCheckOutUnix": "1582649594", "hotelCheckInTS": "2020-02-13T16:53:14+00:00", "hotelCheckOutTS": "2020-02-25T16:53:14+00:00", "hotelChain": "Aspen Heights", "hotelName": "Aspen Heights: Moscow", "hotelLocation": "Moscow", "hotelRoomType": "standard", "hotelRoomCount": "1", "hotelGuestAdultCount": "1", "hotelGuestChildCount": "0", "hotelNightCount": "12", "hotelRoomPrice": "139.18", "hotelFinalPrice": "1670.16"}}}
{"_id": "orderid:421147", "timestamp": "2020-01-22T05:01:29.000Z", "eventType": "transaction", "_adobeamericaspot3": {"CRMID": "crmid:6199574987", "orderDetails": {"orderID": "orderid:421147", "reservationid": "OJL-CPHL", "orderType": "mobile", "hotelSKU": "prd1033", "hotelCheckInUnix": "1579928489", "hotelCheckOutUnix": "1580274089", "hotelCheckInTS": "2020-01-25T05:01:29+00:00", "hotelCheckOutTS": "2020-01-29T05:01:29+00:00", "hotelChain": "Admiralty Plaza", "hotelName": "Admiralty Plaza: Milwaukee", "hotelLocation": "Milwaukee", "hotelRoomType": "luxury", "hotelRoomCount": "1", "hotelGuestAdultCount": "1", "hotelGuestChildCount": "0", "hotelNightCount": "4", "hotelRoomPrice": "288.42", "hotelFinalPrice": "1153.68"}}}
{"_id": "orderid:773319", "timestamp": "2019-12-16T23:00:57.000Z", "eventType": "transaction", "_adobeamericaspot3": {"CRMID": "crmid:6371267938", "orderDetails": {"orderID": "orderid:773319", "reservationid": "FBD-BSZ5", "orderType": "website", "hotelSKU": "prd1041", "hotelCheckInUnix": "1578870057", "hotelCheckOutUnix": "1579388457", "hotelCheckInTS": "2020-01-12T23:00:57+00:00", "hotelCheckOutTS": "2020-01-18T23:00:57+00:00", "hotelChain": "Sapphire Suites", "hotelName": "Sapphire Suites: Long Beach", "hotelLocation": "Long Beach", "hotelRoomType": "premium", "hotelRoomCount": "1", "hotelGuestAdultCount": "1", "hotelGuestChildCount": "3", "hotelNightCount": "6", "hotelRoomPrice": "141.86", "hotelFinalPrice": "851.16"}}}
{"_id": "orderid:853124", "timestamp": "2019-12-15T02:38:35.000Z", "eventType": "transaction", "_adobeamericaspot3": {"CRMID": "crmid:2192406442", "orderDetails": {"orderID": "orderid:853124", "reservationid": "BFP-NF0K", "orderType": "website", "hotelSKU": "prd1141", "hotelCheckInUnix": "1578105515", "hotelCheckOutUnix": "1578364715", "hotelCheckInTS": "2020-01-04T02:38:35+00:00", "hotelCheckOutTS": "2020-01-07T02:38:35+00:00", "hotelChain": "Admiralty Plaza", "hotelName": "Admiralty Plaza: Phoenix", "hotelLocation": "Phoenix", "hotelRoomType": "standard", "hotelRoomCount": "1", "hotelGuestAdultCount": "1", "hotelGuestChildCount": "0", "hotelNightCount": "3", "hotelRoomPrice": "127.97", "hotelFinalPrice": "383.91"}}}
{"_id": "orderid:331578", "timestamp": "2019-12-18T05:20:38.000Z", "eventType": "transaction", "_adobeamericaspot3": {"CRMID": "crmid:6172322357", "orderDetails": {"orderID": "orderid:331578", "reservationid": "B6D-LXWT", "orderType": "website", "hotelSKU": "prd1134", "hotelCheckInUnix": "1579065638", "hotelCheckOutUnix": "1579670438", "hotelCheckInTS": "2020-01-15T05:20:38+00:00", "hotelCheckOutTS": "2020-01-22T05:20:38+00:00", "hotelChain": "Restful Nights", "hotelName": "Restful Nights: Montreal", "hotelLocation": "Montreal", "hotelRoomType": "standard", "hotelRoomCount": "1", "hotelGuestAdultCount": "1", "hotelGuestChildCount": "0", "hotelNightCount": "7", "hotelRoomPrice": "170.95", "hotelFinalPrice": "1196.65"}}}
{"_id": "orderid:988025", "timestamp": "2020-01-23T22:24:58.000Z", "eventType": "transaction", "_adobeamericaspot3": {"CRMID": "crmid:3881939070", "orderDetails": {"orderID": "orderid:988025", "reservationid": "FRZ-BW7U", "orderType": "service desk", "hotelSKU": "prd1005", "hotelCheckInUnix": "1581373498", "hotelCheckOutUnix": "1581546298", "hotelCheckInTS": "2020-02-10T22:24:58+00:00", "hotelCheckOutTS": "2020-02-12T22:24:58+00:00", "hotelChain": "Sapphire Suites", "hotelName": "Sapphire Suites: Los Angeles", "hotelLocation": "Los Angeles", "hotelRoomType": "standard", "hotelRoomCount": "1", "hotelGuestAdultCount": "1", "hotelGuestChildCount": "0", "hotelNightCount": "2", "hotelRoomPrice": "154.77", "hotelFinalPrice": "309.54"}}}
{"_id": "orderid:897174", "timestamp": "2020-01-28T13:58:47.000Z", "eventType": "transaction", "_adobeamericaspot3": {"CRMID": "crmid:1750462957", "orderDetails": {"orderID": "orderid:897174", "reservationid": "7QA-Q6NE", "orderType": "website", "hotelSKU": "prd1160", "hotelCheckInUnix": "1582207127", "hotelCheckOutUnix": "1582552727", "hotelCheckInTS": "2020-02-20T13:58:47+00:00", "hotelCheckOutTS": "2020-02-24T13:58:47+00:00", "hotelChain": "Aspen Heights", "hotelName": "Aspen Heights: Nashville", "hotelLocation": "Nashville", "hotelRoomType": "standard", "hotelRoomCount": "1", "hotelGuestAdultCount": "1", "hotelGuestChildCount": "4", "hotelNightCount": "4", "hotelRoomPrice": "111.08", "hotelFinalPrice": "444.32"}}}
{"_id": "orderid:911011", "timestamp": "2020-01-22T22:28:21.000Z", "eventType": "transaction", "_adobeamericaspot3": {"CRMID": "crmid:2382900821", "orderDetails": {"orderID": "orderid:911011", "reservationid": "XPW-FD7P", "orderType": "call center", "hotelSKU": "prd1190", "hotelCheckInUnix": "1581978501", "hotelCheckOutUnix": "1582410501", "hotelCheckInTS": "2020-02-17T22:28:21+00:00", "hotelCheckOutTS": "2020-02-22T22:28:21+00:00", "hotelChain": "Blue Reef Resort", "hotelName": "Blue Reef Resort: Aurora", "hotelLocation": "Aurora", "hotelRoomType": "premium", "hotelRoomCount": "1", "hotelGuestAdultCount": "1", "hotelGuestChildCount": "0", "hotelNightCount": "5", "hotelRoomPrice": "138.05", "hotelFinalPrice": "690.25"}}}
{"_id": "orderid:949638", "timestamp": "2020-01-31T21:16:31.000Z", "eventType": "transaction", "_adobeamericaspot3": {"CRMID": "crmid:2053860050", "orderDetails": {"orderID": "orderid:949638", "reservationid": "CAV-OTZY", "orderType": "mobile", "hotelSKU": "prd1182", "hotelCheckInUnix": "1581110191", "hotelCheckOutUnix": "1581628591", "hotelCheckInTS": "2020-02-07T21:16:31+00:00", "hotelCheckOutTS": "2020-02-13T21:16:31+00:00", "hotelChain": "Restful Nights", "hotelName": "Restful Nights: Minneapolis", "hotelLocation": "Minneapolis", "hotelRoomType": "standard", "hotelRoomCount": "1", "hotelGuestAdultCount": "1", "hotelGuestChildCount": "1", "hotelNightCount": "6", "hotelRoomPrice": "89.11", "hotelFinalPrice": "534.66"}}}
{"_id": "orderid:792091", "timestamp": "2020-02-12T05:12:35.000Z", "eventType": "transaction", "_adobeamericaspot3": {"CRMID": "crmid:3424821177", "orderDetails": {"orderID": "orderid:792091", "reservationid": "KCZ-DHWS", "orderType": "call center", "hotelSKU": "prd1172", "hotelCheckInUnix": "1582521155", "hotelCheckOutUnix": "1583039555", "hotelCheckInTS": "2020-02-24T05:12:35+00:00", "hotelCheckOutTS": "2020-03-01T05:12:35+00:00", "hotelChain": "Aspen Heights", "hotelName": "Aspen Heights: Mesa", "hotelLocation": "Mesa", "hotelRoomType": "standard", "hotelRoomCount": "1", "hotelGuestAdultCount": "1", "hotelGuestChildCount": "0", "hotelNightCount": "6", "hotelRoomPrice": "126.24", "hotelFinalPrice": "757.44"}}}
{"_id": "orderid:394858", "timestamp": "2020-01-13T00:48:00.000Z", "eventType": "transaction", "_adobeamericaspot3": {"CRMID": "crmid:9831218891", "orderDetails": {"orderID": "orderid:394858", "reservationid": "JF1-NFAK", "orderType": "kiosk", "hotelSKU": "prd1091", "hotelCheckInUnix": "1580604480", "hotelCheckOutUnix": "1581036480", "hotelCheckInTS": "2020-02-02T00:48:00+00:00", "hotelCheckOutTS": "2020-02-07T00:48:00+00:00", "hotelChain": "Nesting Box Inn", "hotelName": "Nesting Box Inn: New Taipei", "hotelLocation": "New Taipei", "hotelRoomType": "standard", "hotelRoomCount": "1", "hotelGuestAdultCount": "1", "hotelGuestChildCount": "2", "hotelNightCount": "5", "hotelRoomPrice": "127.09", "hotelFinalPrice": "635.45"}}}
{"_id": "orderid:702216", "timestamp": "2020-01-30T05:41:54.000Z", "eventType": "transaction", "_adobeamericaspot3": {"CRMID": "crmid:3805427762", "orderDetails": {"orderID": "orderid:702216", "reservationid": "8F5-REUS", "orderType": "kiosk", "hotelSKU": "prd1028", "hotelCheckInUnix": "1581831714", "hotelCheckOutUnix": "1582868514", "hotelCheckInTS": "2020-02-16T05:41:54+00:00", "hotelCheckOutTS": "2020-02-28T05:41:54+00:00", "hotelChain": "Aspen Heights", "hotelName": "Aspen Heights: Portland", "hotelLocation": "Portland", "hotelRoomType": "premium", "hotelRoomCount": "1", "hotelGuestAdultCount": "1", "hotelGuestChildCount": "0", "hotelNightCount": "12", "hotelRoomPrice": "88.77", "hotelFinalPrice": "1065.24"}}}
{"_id": "orderid:634729", "timestamp": "2019-12-28T10:34:02.000Z", "eventType": "transaction", "_adobeamericaspot3": {"CRMID": "crmid:4136344127", "orderDetails": {"orderID": "orderid:634729", "reservationid": "BUR-RB6Z", "orderType": "call center", "hotelSKU": "prd1058", "hotelCheckInUnix": "1577961242", "hotelCheckOutUnix": "1578220442", "hotelCheckInTS": "2020-01-02T10:34:02+00:00", "hotelCheckOutTS": "2020-01-05T10:34:02+00:00", "hotelChain": "Blue Reef Resort", "hotelName": "Blue Reef Resort: Delhi", "hotelLocation": "Delhi", "hotelRoomType": "premium", "hotelRoomCount": "1", "hotelGuestAdultCount": "1", "hotelGuestChildCount": "0", "hotelNightCount": "3", "hotelRoomPrice": "169.77", "hotelFinalPrice": "509.31"}}}
{"_id": "orderid:233759", "timestamp": "2019-12-16T14:32:04.000Z", "eventType": "transaction", "_adobeamericaspot3": {"CRMID": "crmid:2490179471", "orderDetails": {"orderID": "orderid:233759", "reservationid": "K4J-LK9B", "orderType": "kiosk", "hotelSKU": "prd1163", "hotelCheckInUnix": "1578839524", "hotelCheckOutUnix": "1579617124", "hotelCheckInTS": "2020-01-12T14:32:04+00:00", "hotelCheckOutTS": "2020-01-21T14:32:04+00:00", "hotelChain": "Nesting Box Inn", "hotelName": "Nesting Box Inn: Oklahoma City", "hotelLocation": "Oklahoma City", "hotelRoomType": "standard", "hotelRoomCount": "1", "hotelGuestAdultCount": "1", "hotelGuestChildCount": "3", "hotelNightCount": "9", "hotelRoomPrice": "173.56", "hotelFinalPrice": "1562.04"}}}
{"_id": "orderid:814782", "timestamp": "2020-02-08T10:11:13.000Z", "eventType": "transaction", "_adobeamericaspot3": {"CRMID": "crmid:6172411873", "orderDetails": {"orderID": "orderid:814782", "reservationid": "H34-RFQG", "orderType": "website", "hotelSKU": "prd1184", "hotelCheckInUnix": "1581243073", "hotelCheckOutUnix": "1581329473", "hotelCheckInTS": "2020-02-09T10:11:13+00:00", "hotelCheckOutTS": "2020-02-10T10:11:13+00:00", "hotelChain": "Aspen Heights", "hotelName": "Aspen Heights: Arlington", "hotelLocation": "Arlington", "hotelRoomType": "standard", "hotelRoomCount": "1", "hotelGuestAdultCount": "1", "hotelGuestChildCount": "0", "hotelNightCount": "1", "hotelRoomPrice": "182.75", "hotelFinalPrice": "182.75"}}}
{"_id": "orderid:574853", "timestamp": "2020-02-14T01:07:20.000Z", "eventType": "transaction", "_adobeamericaspot3": {"CRMID": "crmid:2812295436", "orderDetails": {"orderID": "orderid:574853", "reservationid": "BA2-ZGMJ", "orderType": "mobile", "hotelSKU": "prd1170", "hotelCheckInUnix": "1584061640", "hotelCheckOutUnix": "1584493640", "hotelCheckInTS": "2020-03-13T01:07:20+00:00", "hotelCheckOutTS": "2020-03-18T01:07:20+00:00", "hotelChain": "Restful Nights", "hotelName": "Restful Nights: Fresno", "hotelLocation": "Fresno", "hotelRoomType": "premium", "hotelRoomCount": "1", "hotelGuestAdultCount": "1", "hotelGuestChildCount": "1", "hotelNightCount": "5", "hotelRoomPrice": "143.83", "hotelFinalPrice": "719.15"}}}
{"_id": "orderid:745398", "timestamp": "2020-01-26T11:43:10.000Z", "eventType": "transaction", "_adobeamericaspot3": {"CRMID": "crmid:9631824446", "orderDetails": {"orderID": "orderid:745398", "reservationid": "8Y2-O0HT", "orderType": "mobile", "hotelSKU": "prd1025", "hotelCheckInUnix": "1580902990", "hotelCheckOutUnix": "1581507790", "hotelCheckInTS": "2020-02-05T11:43:10+00:00", "hotelCheckOutTS": "2020-02-12T11:43:10+00:00", "hotelChain": "Grandeur Hotels", "hotelName": "Grandeur Hotels: Detroit", "hotelLocation": "Detroit", "hotelRoomType": "standard", "hotelRoomCount": "1", "hotelGuestAdultCount": "1", "hotelGuestChildCount": "4", "hotelNightCount": "7", "hotelRoomPrice": "87.38", "hotelFinalPrice": "611.66"}}}
{"_id": "orderid:485574", "timestamp": "2020-02-05T20:11:36.000Z", "eventType": "transaction", "_adobeamericaspot3": {"CRMID": "crmid:5532479293", "orderDetails": {"orderID": "orderid:485574", "reservationid": "RSI-LFXT", "orderType": "website", "hotelSKU": "prd1190", "hotelCheckInUnix": "1581019896", "hotelCheckOutUnix": "1581192696", "hotelCheckInTS": "2020-02-06T20:11:36+00:00", "hotelCheckOutTS": "2020-02-08T20:11:36+00:00", "hotelChain": "Blue Reef Resort", "hotelName": "Blue Reef Resort: Aurora", "hotelLocation": "Aurora", "hotelRoomType": "standard", "hotelRoomCount": "1", "hotelGuestAdultCount": "1", "hotelGuestChildCount": "0", "hotelNightCount": "2", "hotelRoomPrice": "189.82", "hotelFinalPrice": "379.64"}}}
{"_id": "orderid:366654", "timestamp": "2020-01-14T07:32:07.000Z", "eventType": "transaction", "_adobeamericaspot3": {"CRMID": "crmid:9457790630", "orderDetails": {"orderID": "orderid:366654", "reservationid": "QSF-4HVQ", "orderType": "mobile", "hotelSKU": "prd1142", "hotelCheckInUnix": "1579764727", "hotelCheckOutUnix": "1580801527", "hotelCheckInTS": "2020-01-23T07:32:07+00:00", "hotelCheckOutTS": "2020-02-04T07:32:07+00:00", "hotelChain": "Blue Reef Resort", "hotelName": "Blue Reef Resort: Philadelphia", "hotelLocation": "Philadelphia", "hotelRoomType": "standard", "hotelRoomCount": "1", "hotelGuestAdultCount": "1", "hotelGuestChildCount": "0", "hotelNightCount": "12", "hotelRoomPrice": "158.58", "hotelFinalPrice": "1902.96"}}}
{"_id": "orderid:873685", "timestamp": "2019-12-06T01:50:29.000Z", "eventType": "transaction", "_adobeamericaspot3": {"CRMID": "crmid:5912966571", "orderDetails": {"orderID": "orderid:873685", "reservationid": "SJD-KIP5", "orderType": "kiosk", "hotelSKU": "prd1023", "hotelCheckInUnix": "1576201829", "hotelCheckOutUnix": "1576374629", "hotelCheckInTS": "2019-12-13T01:50:29+00:00", "hotelCheckOutTS": "2019-12-15T01:50:29+00:00", "hotelChain": "Hospitality Inn", "hotelName": "Hospitality Inn: Boston", "hotelLocation": "Boston", "hotelRoomType": "premium", "hotelRoomCount": "1", "hotelGuestAdultCount": "1", "hotelGuestChildCount": "0", "hotelNightCount": "2", "hotelRoomPrice": "184.47", "hotelFinalPrice": "368.94"}}}
{"_id": "orderid:163527", "timestamp": "2020-01-27T20:06:55.000Z", "eventType": "transaction", "_adobeamericaspot3": {"CRMID": "crmid:3766698715", "orderDetails": {"orderID": "orderid:163527", "reservationid": "W4F-VQ7V", "orderType": "mobile", "hotelSKU": "prd1161", "hotelCheckInUnix": "1580846815", "hotelCheckOutUnix": "1582142815", "hotelCheckInTS": "2020-02-04T20:06:55+00:00", "hotelCheckOutTS": "2020-02-19T20:06:55+00:00", "hotelChain": "Sapphire Suites", "hotelName": "Sapphire Suites: Memphis", "hotelLocation": "Memphis", "hotelRoomType": "standard", "hotelRoomCount": "1", "hotelGuestAdultCount": "1", "hotelGuestChildCount": "0", "hotelNightCount": "15", "hotelRoomPrice": "166.99", "hotelFinalPrice": "2504.85"}}}
{"_id": "orderid:313424", "timestamp": "2019-12-21T18:57:42.000Z", "eventType": "transaction", "_adobeamericaspot3": {"CRMID": "crmid:6162987436", "orderDetails": {"orderID": "orderid:313424", "reservationid": "IRP-SPDS", "orderType": "kiosk", "hotelSKU": "prd1005", "hotelCheckInUnix": "1577041062", "hotelCheckOutUnix": "1577213862", "hotelCheckInTS": "2019-12-22T18:57:42+00:00", "hotelCheckOutTS": "2019-12-24T18:57:42+00:00", "hotelChain": "Sapphire Suites", "hotelName": "Sapphire Suites: Los Angeles", "hotelLocation": "Los Angeles", "hotelRoomType": "premium", "hotelRoomCount": "1", "hotelGuestAdultCount": "1", "hotelGuestChildCount": "0", "hotelNightCount": "2", "hotelRoomPrice": "145.11", "hotelFinalPrice": "290.22"}}}
{"_id": "orderid:291442", "timestamp": "2020-01-06T18:13:41.000Z", "eventType": "transaction", "_adobeamericaspot3": {"CRMID": "crmid:7167981023", "orderDetails": {"orderID": "orderid:291442", "reservationid": "HEB-CWHO", "orderType": "website", "hotelSKU": "prd1040", "hotelCheckInUnix": "1578680021", "hotelCheckOutUnix": "1579025621", "hotelCheckInTS": "2020-01-10T18:13:41+00:00", "hotelCheckOutTS": "2020-01-14T18:13:41+00:00", "hotelChain": "Aspen Heights", "hotelName": "Aspen Heights: Atlanta", "hotelLocation": "Atlanta", "hotelRoomType": "standard", "hotelRoomCount": "1", "hotelGuestAdultCount": "1", "hotelGuestChildCount": "4", "hotelNightCount": "4", "hotelRoomPrice": "121.01", "hotelFinalPrice": "484.04"}}}
{"_id": "orderid:133032", "timestamp": "2020-02-13T23:57:40.000Z", "eventType": "transaction", "_adobeamericaspot3": {"CRMID": "crmid:5961385375", "orderDetails": {"orderID": "orderid:133032", "reservationid": "G3H-1VWS", "orderType": "call center", "hotelSKU": "prd1128", "hotelCheckInUnix": "1581724660", "hotelCheckOutUnix": "1581811060", "hotelCheckInTS": "2020-02-14T23:57:40+00:00", "hotelCheckOutTS": "2020-02-15T23:57:40+00:00", "hotelChain": "Repose Resort", "hotelName": "Repose Resort: Rotterdam", "hotelLocation": "Rotterdam", "hotelRoomType": "premium", "hotelRoomCount": "1", "hotelGuestAdultCount": "1", "hotelGuestChildCount": "0", "hotelNightCount": "1", "hotelRoomPrice": "96.35", "hotelFinalPrice": "96.35"}}}
{"_id": "orderid:816366", "timestamp": "2020-02-17T00:00:00.000Z", "eventType": "transaction", "_adobeamericaspot3": {"CRMID": "crmid:5961385375", "orderDetails": {"orderID": "orderid:816366", "reservationid": "5PY-WMWN", "orderType": "website", "hotelSKU": "prd1118", "hotelCheckInUnix": "1582156800", "hotelCheckOutUnix": "1582243200", "hotelCheckInTS": "2020-02-20T00:00:00+00:00", "hotelCheckOutTS": "2020-02-21T00:00:00+00:00", "hotelChain": "Blue Reef Resort", "hotelName": "Blue Reef Resort: Cologne", "hotelLocation": "Cologne", "hotelRoomType": "standard", "hotelRoomCount": "1", "hotelGuestAdultCount": "1", "hotelGuestChildCount": "0", "hotelNightCount": "1", "hotelRoomPrice": "120.26", "hotelFinalPrice": "120.26"}}}
{"_id": "orderid:922982", "timestamp": "2019-12-17T06:42:36.000Z", "eventType": "transaction", "_adobeamericaspot3": {"CRMID": "crmid:1898278564", "orderDetails": {"orderID": "orderid:922982", "reservationid": "7ZL-93OL", "orderType": "call center", "hotelSKU": "prd1165", "hotelCheckInUnix": "1578638556", "hotelCheckOutUnix": "1578897756", "hotelCheckInTS": "2020-01-10T06:42:36+00:00", "hotelCheckOutTS": "2020-01-13T06:42:36+00:00", "hotelChain": "Admiralty Plaza", "hotelName": "Admiralty Plaza: Louisville", "hotelLocation": "Louisville", "hotelRoomType": "standard", "hotelRoomCount": "1", "hotelGuestAdultCount": "1", "hotelGuestChildCount": "1", "hotelNightCount": "3", "hotelRoomPrice": "161.56", "hotelFinalPrice": "484.68"}}}
{"_id": "orderid:603504", "timestamp": "2019-12-20T10:27:38.000Z", "eventType": "transaction", "_adobeamericaspot3": {"CRMID": "crmid:6293843692", "orderDetails": {"orderID": "orderid:603504", "reservationid": "FYE-HLVO", "orderType": "kiosk", "hotelSKU": "prd1154", "hotelCheckInUnix": "1578652058", "hotelCheckOutUnix": "1580034458", "hotelCheckInTS": "2020-01-10T10:27:38+00:00", "hotelCheckOutTS": "2020-01-26T10:27:38+00:00", "hotelChain": "Blue Reef Resort", "hotelName": "Blue Reef Resort: Seattle", "hotelLocation": "Seattle", "hotelRoomType": "standard", "hotelRoomCount": "1", "hotelGuestAdultCount": "1", "hotelGuestChildCount": "0", "hotelNightCount": "16", "hotelRoomPrice": "146.48", "hotelFinalPrice": "2343.68"}}}
{"_id": "orderid:770219", "timestamp": "2019-12-04T14:07:31.000Z", "eventType": "transaction", "_adobeamericaspot3": {"CRMID": "crmid:6996947730", "orderDetails": {"orderID": "orderid:770219", "reservationid": "VO3-GHRH", "orderType": "call center", "hotelSKU": "prd1097", "hotelCheckInUnix": "1577714851", "hotelCheckOutUnix": "1578319651", "hotelCheckInTS": "2019-12-30T14:07:31+00:00", "hotelCheckOutTS": "2020-01-06T14:07:31+00:00", "hotelChain": "Grandeur Hotels", "hotelName": "Grandeur Hotels: Buenos Aires", "hotelLocation": "Buenos Aires", "hotelRoomType": "standard", "hotelRoomCount": "1", "hotelGuestAdultCount": "1", "hotelGuestChildCount": "1", "hotelNightCount": "7", "hotelRoomPrice": "151.15", "hotelFinalPrice": "1058.05"}}}
{"_id": "orderid:981701", "timestamp": "2020-01-14T13:08:21.000Z", "eventType": "transaction", "_adobeamericaspot3": {"CRMID": "crmid:6648872540", "orderDetails": {"orderID": "orderid:981701", "reservationid": "NJA-JGTN", "orderType": "call center", "hotelSKU": "prd1088", "hotelCheckInUnix": "1579612101", "hotelCheckOutUnix": "1580821701", "hotelCheckInTS": "2020-01-21T13:08:21+00:00", "hotelCheckOutTS": "2020-02-04T13:08:21+00:00", "hotelChain": "Aspen Heights", "hotelName": "Aspen Heights: Ankara", "hotelLocation": "Ankara", "hotelRoomType": "premium", "hotelRoomCount": "1", "hotelGuestAdultCount": "1", "hotelGuestChildCount": "0", "hotelNightCount": "14", "hotelRoomPrice": "136.41", "hotelFinalPrice": "1909.74"}}}
{"_id": "orderid:647934", "timestamp": "2020-01-29T09:28:00.000Z", "eventType": "transaction", "_adobeamericaspot3": {"CRMID": "crmid:1325460994", "orderDetails": {"orderID": "orderid:647934", "reservationid": "NOM-RW7J", "orderType": "call center", "hotelSKU": "prd1019", "hotelCheckInUnix": "1580376480", "hotelCheckOutUnix": "1580549280", "hotelCheckInTS": "2020-01-30T09:28:00+00:00", "hotelCheckOutTS": "2020-02-01T09:28:00+00:00", "hotelChain": "Nesting Box Inn", "hotelName": "Nesting Box Inn: Charlotte", "hotelLocation": "Charlotte", "hotelRoomType": "standard", "hotelRoomCount": "1", "hotelGuestAdultCount": "1", "hotelGuestChildCount": "0", "hotelNightCount": "2", "hotelRoomPrice": "135.98", "hotelFinalPrice": "271.96"}}}
{"_id": "orderid:630717", "timestamp": "2020-02-03T15:41:43.000Z", "eventType": "transaction", "_adobeamericaspot3": {"CRMID": "crmid:6168333926", "orderDetails": {"orderID": "orderid:630717", "reservationid": "ODD-O0WS", "orderType": "call center", "hotelSKU": "prd1063", "hotelCheckInUnix": "1580917303", "hotelCheckOutUnix": "1581090103", "hotelCheckInTS": "2020-02-05T15:41:43+00:00", "hotelCheckOutTS": "2020-02-07T15:41:43+00:00", "hotelChain": "Family Fun Hotels", "hotelName": "Family Fun Hotels: London", "hotelLocation": "London", "hotelRoomType": "premium", "hotelRoomCount": "1", "hotelGuestAdultCount": "1", "hotelGuestChildCount": "0", "hotelNightCount": "2", "hotelRoomPrice": "136.89", "hotelFinalPrice": "273.78"}}}
{"_id": "orderid:609393", "timestamp": "2020-02-15T16:10:48.000Z", "eventType": "transaction", "_adobeamericaspot3": {"CRMID": "crmid:5745347955", "orderDetails": {"orderID": "orderid:609393", "reservationid": "BDF-IWTC", "orderType": "website", "hotelSKU": "prd1119", "hotelCheckInUnix": "1581869448", "hotelCheckOutUnix": "1582215048", "hotelCheckInTS": "2020-02-16T16:10:48+00:00", "hotelCheckOutTS": "2020-02-20T16:10:48+00:00", "hotelChain": "Hospitality Inn", "hotelName": "Hospitality Inn: Turin", "hotelLocation": "Turin", "hotelRoomType": "standard", "hotelRoomCount": "1", "hotelGuestAdultCount": "1", "hotelGuestChildCount": "0", "hotelNightCount": "4", "hotelRoomPrice": "200.32", "hotelFinalPrice": "801.28"}}}
{"_id": "orderid:858886", "timestamp": "2019-12-04T02:06:59.000Z", "eventType": "transaction", "_adobeamericaspot3": {"CRMID": "crmid:5659879810", "orderDetails": {"orderID": "orderid:858886", "reservationid": "KQY-4CKJ", "orderType": "kiosk", "hotelSKU": "prd1158", "hotelCheckInUnix": "1577153219", "hotelCheckOutUnix": "1578708419", "hotelCheckInTS": "2019-12-24T02:06:59+00:00", "hotelCheckOutTS": "2020-01-11T02:06:59+00:00", "hotelChain": "Restful Nights", "hotelName": "Restful Nights: El Paso", "hotelLocation": "El Paso", "hotelRoomType": "standard", "hotelRoomCount": "1", "hotelGuestAdultCount": "1", "hotelGuestChildCount": "0", "hotelNightCount": "18", "hotelRoomPrice": "147.49", "hotelFinalPrice": "2654.82"}}}
{"_id": "orderid:594614", "timestamp": "2020-02-08T18:54:56.000Z", "eventType": "transaction", "_adobeamericaspot3": {"CRMID": "crmid:2970546203", "orderDetails": {"orderID": "orderid:594614", "reservationid": "CJW-AKMW", "orderType": "kiosk", "hotelSKU": "prd1095", "hotelCheckInUnix": "1581533696", "hotelCheckOutUnix": "1582138496", "hotelCheckInTS": "2020-02-12T18:54:56+00:00", "hotelCheckOutTS": "2020-02-19T18:54:56+00:00", "hotelChain": "Hospitality Inn", "hotelName": "Hospitality Inn: Casablanca", "hotelLocation": "Casablanca", "hotelRoomType": "standard", "hotelRoomCount": "1", "hotelGuestAdultCount": "1", "hotelGuestChildCount": "0", "hotelNightCount": "7", "hotelRoomPrice": "135.1", "hotelFinalPrice": "945.7"}}}
{"_id": "orderid:208412", "timestamp": "2019-12-20T10:43:16.000Z", "eventType": "transaction", "_adobeamericaspot3": {"CRMID": "crmid:7893332260", "orderDetails": {"orderID": "orderid:208412", "reservationid": "ZHI-XLIU", "orderType": "kiosk", "hotelSKU": "prd1136", "hotelCheckInUnix": "1578825796", "hotelCheckOutUnix": "1580380996", "hotelCheckInTS": "2020-01-12T10:43:16+00:00", "hotelCheckOutTS": "2020-01-30T10:43:16+00:00", "hotelChain": "Aspen Heights", "hotelName": "Aspen Heights: Osaka", "hotelLocation": "Osaka", "hotelRoomType": "standard", "hotelRoomCount": "1", "hotelGuestAdultCount": "1", "hotelGuestChildCount": "0", "hotelNightCount": "18", "hotelRoomPrice": "133.31", "hotelFinalPrice": "2399.58"}}}
{"_id": "orderid:873206", "timestamp": "2020-01-25T20:31:32.000Z", "eventType": "transaction", "_adobeamericaspot3": {"CRMID": "crmid:7783866849", "orderDetails": {"orderID": "orderid:873206", "reservationid": "WCM-APY6", "orderType": "mobile", "hotelSKU": "prd1081", "hotelCheckInUnix": "1580070692", "hotelCheckOutUnix": "1580157092", "hotelCheckInTS": "2020-01-26T20:31:32+00:00", "hotelCheckOutTS": "2020-01-27T20:31:32+00:00", "hotelChain": "Admiralty Plaza", "hotelName": "Admiralty Plaza: Rod de Janeiro", "hotelLocation": "Rod de Janeiro", "hotelRoomType": "luxury", "hotelRoomCount": "1", "hotelGuestAdultCount": "1", "hotelGuestChildCount": "0", "hotelNightCount": "1", "hotelRoomPrice": "328.29", "hotelFinalPrice": "328.29"}}}
{"_id": "orderid:195506", "timestamp": "2020-01-19T22:38:18.000Z", "eventType": "transaction", "_adobeamericaspot3": {"CRMID": "crmid:6432489852", "orderDetails": {"orderID": "orderid:195506", "reservationid": "CCM-3QMX", "orderType": "website", "hotelSKU": "prd1040", "hotelCheckInUnix": "1579559898", "hotelCheckOutUnix": "1579819098", "hotelCheckInTS": "2020-01-20T22:38:18+00:00", "hotelCheckOutTS": "2020-01-23T22:38:18+00:00", "hotelChain": "Aspen Heights", "hotelName": "Aspen Heights: Atlanta", "hotelLocation": "Atlanta", "hotelRoomType": "standard", "hotelRoomCount": "1", "hotelGuestAdultCount": "1", "hotelGuestChildCount": "0", "hotelNightCount": "3", "hotelRoomPrice": "119.81", "hotelFinalPrice": "359.43"}}}
{"_id": "orderid:950131", "timestamp": "2019-12-03T06:12:48.000Z", "eventType": "transaction", "_adobeamericaspot3": {"CRMID": "crmid:2036275354", "orderDetails": {"orderID": "orderid:950131", "reservationid": "LRC-HOCN", "orderType": "mobile", "hotelSKU": "prd1133", "hotelCheckInUnix": "1577513568", "hotelCheckOutUnix": "1577772768", "hotelCheckInTS": "2019-12-28T06:12:48+00:00", "hotelCheckOutTS": "2019-12-31T06:12:48+00:00", "hotelChain": "Grandeur Hotels", "hotelName": "Grandeur Hotels: Toronto", "hotelLocation": "Toronto", "hotelRoomType": "standard", "hotelRoomCount": "1", "hotelGuestAdultCount": "1", "hotelGuestChildCount": "3", "hotelNightCount": "3", "hotelRoomPrice": "133.22", "hotelFinalPrice": "399.66"}}}
{"_id": "orderid:190535", "timestamp": "2019-12-08T12:30:06.000Z", "eventType": "transaction", "_adobeamericaspot3": {"CRMID": "crmid:2093852230", "orderDetails": {"orderID": "orderid:190535", "reservationid": "NI6-TDAZ", "orderType": "website", "hotelSKU": "prd1151", "hotelCheckInUnix": "1577795406", "hotelCheckOutUnix": "1578400206", "hotelCheckInTS": "2019-12-31T12:30:06+00:00", "hotelCheckOutTS": "2020-01-07T12:30:06+00:00", "hotelChain": "Nesting Box Inn", "hotelName": "Nesting Box Inn: Fort Worth", "hotelLocation": "Fort Worth", "hotelRoomType": "luxury", "hotelRoomCount": "1", "hotelGuestAdultCount": "1", "hotelGuestChildCount": "0", "hotelNightCount": "7", "hotelRoomPrice": "438.56", "hotelFinalPrice": "3069.92"}}}
{"_id": "orderid:112624", "timestamp": "2019-12-17T21:59:34.000Z", "eventType": "transaction", "_adobeamericaspot3": {"CRMID": "crmid:7540490815", "orderDetails": {"orderID": "orderid:112624", "reservationid": "NAC-BXMK", "orderType": "website", "hotelSKU": "prd1021", "hotelCheckInUnix": "1578434374", "hotelCheckOutUnix": "1578866374", "hotelCheckInTS": "2020-01-07T21:59:34+00:00", "hotelCheckOutTS": "2020-01-12T21:59:34+00:00", "hotelChain": "Admiralty Plaza", "hotelName": "Admiralty Plaza: Denver", "hotelLocation": "Denver", "hotelRoomType": "standard", "hotelRoomCount": "1", "hotelGuestAdultCount": "1", "hotelGuestChildCount": "0", "hotelNightCount": "5", "hotelRoomPrice": "150.09", "hotelFinalPrice": "750.45"}}}
{"_id": "orderid:590996", "timestamp": "2020-02-01T17:34:41.000Z", "eventType": "transaction", "_adobeamericaspot3": {"CRMID": "crmid:9486612630", "orderDetails": {"orderID": "orderid:590996", "reservationid": "BUJ-X9VC", "orderType": "kiosk", "hotelSKU": "prd1047", "hotelCheckInUnix": "1580751281", "hotelCheckOutUnix": "1580924081", "hotelCheckInTS": "2020-02-03T17:34:41+00:00", "hotelCheckOutTS": "2020-02-05T17:34:41+00:00", "hotelChain": "Hospitality Inn", "hotelName": "Hospitality Inn: Oakland", "hotelLocation": "Oakland", "hotelRoomType": "premium", "hotelRoomCount": "1", "hotelGuestAdultCount": "1", "hotelGuestChildCount": "0", "hotelNightCount": "2", "hotelRoomPrice": "91.68", "hotelFinalPrice": "183.36"}}}
{"_id": "orderid:682718", "timestamp": "2019-12-06T22:42:22.000Z", "eventType": "transaction", "_adobeamericaspot3": {"CRMID": "crmid:4494388233", "orderDetails": {"orderID": "orderid:682718", "reservationid": "Z3Z-B5LO", "orderType": "call center", "hotelSKU": "prd1189", "hotelCheckInUnix": "1575758542", "hotelCheckOutUnix": "1575844942", "hotelCheckInTS": "2019-12-07T22:42:22+00:00", "hotelCheckOutTS": "2019-12-08T22:42:22+00:00", "hotelChain": "Admiralty Plaza", "hotelName": "Admiralty Plaza: Bakersfield", "hotelLocation": "Bakersfield", "hotelRoomType": "premium", "hotelRoomCount": "1", "hotelGuestAdultCount": "1", "hotelGuestChildCount": "0", "hotelNightCount": "1", "hotelRoomPrice": "185.05", "hotelFinalPrice": "185.05"}}}
{"_id": "orderid:739264", "timestamp": "2019-12-09T00:00:00.000Z", "eventType": "transaction", "_adobeamericaspot3": {"CRMID": "crmid:4494388233", "orderDetails": {"orderID": "orderid:739264", "reservationid": "D24-5Y2C", "orderType": "service desk", "hotelSKU": "prd1149", "hotelCheckInUnix": "1575936000", "hotelCheckOutUnix": "1576108800", "hotelCheckInTS": "2019-12-10T00:00:00+00:00", "hotelCheckOutTS": "2019-12-12T00:00:00+00:00", "hotelChain": "Sapphire Suites", "hotelName": "Sapphire Suites: San Francisco", "hotelLocation": "San Francisco", "hotelRoomType": "standard", "hotelRoomCount": "1", "hotelGuestAdultCount": "1", "hotelGuestChildCount": "0", "hotelNightCount": "2", "hotelRoomPrice": "143.4", "hotelFinalPrice": "286.8"}}}
{"_id": "orderid:704806", "timestamp": "2019-12-05T13:36:27.000Z", "eventType": "transaction", "_adobeamericaspot3": {"CRMID": "crmid:5989556234", "orderDetails": {"orderID": "orderid:704806", "reservationid": "JGW-PIQ6", "orderType": "mobile", "hotelSKU": "prd1086", "hotelCheckInUnix": "1575984987", "hotelCheckOutUnix": "1576848987", "hotelCheckInTS": "2019-12-10T13:36:27+00:00", "hotelCheckOutTS": "2019-12-20T13:36:27+00:00", "hotelChain": "Restful Nights", "hotelName": "Restful Nights: Johannesburg", "hotelLocation": "Johannesburg", "hotelRoomType": "premium", "hotelRoomCount": "1", "hotelGuestAdultCount": "1", "hotelGuestChildCount": "0", "hotelNightCount": "10", "hotelRoomPrice": "144.87", "hotelFinalPrice": "1448.7"}}}
{"_id": "orderid:336182", "timestamp": "2020-01-19T13:48:29.000Z", "eventType": "transaction", "_adobeamericaspot3": {"CRMID": "crmid:3716215946", "orderDetails": {"orderID": "orderid:336182", "reservationid": "C45-GUV8", "orderType": "kiosk", "hotelSKU": "prd1069", "hotelCheckInUnix": "1579873709", "hotelCheckOutUnix": "1581169709", "hotelCheckInTS": "2020-01-24T13:48:29+00:00", "hotelCheckOutTS": "2020-02-08T13:48:29+00:00", "hotelChain": "Admiralty Plaza", "hotelName": "Admiralty Plaza: Singapore", "hotelLocation": "Singapore", "hotelRoomType": "standard", "hotelRoomCount": "1", "hotelGuestAdultCount": "1", "hotelGuestChildCount": "0", "hotelNightCount": "15", "hotelRoomPrice": "151.14", "hotelFinalPrice": "2267.1"}}}
{"_id": "orderid:267228", "timestamp": "2020-01-19T03:53:21.000Z", "eventType": "transaction", "_adobeamericaspot3": {"CRMID": "crmid:5529783749", "orderDetails": {"orderID": "orderid:267228", "reservationid": "AZO-5LPT", "orderType": "website", "hotelSKU": "prd1153", "hotelCheckInUnix": "1580097201", "hotelCheckOutUnix": "1580270001", "hotelCheckInTS": "2020-01-27T03:53:21+00:00", "hotelCheckOutTS": "2020-01-29T03:53:21+00:00", "hotelChain": "Admiralty Plaza", "hotelName": "Admiralty Plaza: Charlotte", "hotelLocation": "Charlotte", "hotelRoomType": "standard", "hotelRoomCount": "1", "hotelGuestAdultCount": "1", "hotelGuestChildCount": "1", "hotelNightCount": "2", "hotelRoomPrice": "106.57", "hotelFinalPrice": "213.14"}}}
{"_id": "orderid:865782", "timestamp": "2020-01-20T17:16:01.000Z", "eventType": "transaction", "_adobeamericaspot3": {"CRMID": "crmid:3753775637", "orderDetails": {"orderID": "orderid:865782", "reservationid": "OZB-I4HI", "orderType": "call center", "hotelSKU": "prd1099", "hotelCheckInUnix": "1581614161", "hotelCheckOutUnix": "1583255761", "hotelCheckInTS": "2020-02-13T17:16:01+00:00", "hotelCheckOutTS": "2020-03-03T17:16:01+00:00", "hotelChain": "Family Fun Hotels", "hotelName": "Family Fun Hotels: Bucharest", "hotelLocation": "Bucharest", "hotelRoomType": "luxury", "hotelRoomCount": "1", "hotelGuestAdultCount": "1", "hotelGuestChildCount": "0", "hotelNightCount": "19", "hotelRoomPrice": "313.77", "hotelFinalPrice": "5961.63"}}}
{"_id": "orderid:700813", "timestamp": "2020-01-28T14:30:22.000Z", "eventType": "transaction", "_adobeamericaspot3": {"CRMID": "crmid:5021661971", "orderDetails": {"orderID": "orderid:700813", "reservationid": "VAM-4XZ1", "orderType": "website", "hotelSKU": "prd1056", "hotelCheckInUnix": "1580999422", "hotelCheckOutUnix": "1582295422", "hotelCheckInTS": "2020-02-06T14:30:22+00:00", "hotelCheckOutTS": "2020-02-21T14:30:22+00:00", "hotelChain": "Repose Resort", "hotelName": "Repose Resort: Aurora", "hotelLocation": "Aurora", "hotelRoomType": "standard", "hotelRoomCount": "1", "hotelGuestAdultCount": "1", "hotelGuestChildCount": "0", "hotelNightCount": "15", "hotelRoomPrice": "133.11", "hotelFinalPrice": "1996.65"}}}
{"_id": "orderid:418458", "timestamp": "2020-01-03T22:00:31.000Z", "eventType": "transaction", "_adobeamericaspot3": {"CRMID": "crmid:5186502701", "orderDetails": {"orderID": "orderid:418458", "reservationid": "DM4-VE4T", "orderType": "website", "hotelSKU": "prd1175", "hotelCheckInUnix": "1579816831", "hotelCheckOutUnix": "1579989631", "hotelCheckInTS": "2020-01-23T22:00:31+00:00", "hotelCheckOutTS": "2020-01-25T22:00:31+00:00", "hotelChain": "Nesting Box Inn", "hotelName": "Nesting Box Inn: Long Beach", "hotelLocation": "Long Beach", "hotelRoomType": "standard", "hotelRoomCount": "1", "hotelGuestAdultCount": "1", "hotelGuestChildCount": "0", "hotelNightCount": "2", "hotelRoomPrice": "134.07", "hotelFinalPrice": "268.14"}}}
{"_id": "orderid:709078", "timestamp": "2019-12-19T15:07:50.000Z", "eventType": "transaction", "_adobeamericaspot3": {"CRMID": "crmid:3510555511", "orderDetails": {"orderID": "orderid:709078", "reservationid": "3JR-AVUC", "orderType": "website", "hotelSKU": "prd1155", "hotelCheckInUnix": "1578668870", "hotelCheckOutUnix": "1579187270", "hotelCheckInTS": "2020-01-10T15:07:50+00:00", "hotelCheckOutTS": "2020-01-16T15:07:50+00:00", "hotelChain": "Hospitality Inn", "hotelName": "Hospitality Inn: Denver", "hotelLocation": "Denver", "hotelRoomType": "standard", "hotelRoomCount": "1", "hotelGuestAdultCount": "1", "hotelGuestChildCount": "0", "hotelNightCount": "6", "hotelRoomPrice": "150.49", "hotelFinalPrice": "902.94"}}}
{"_id": "orderid:445517", "timestamp": "2019-12-20T16:58:29.000Z", "eventType": "transaction", "_adobeamericaspot3": {"CRMID": "crmid:6474522305", "orderDetails": {"orderID": "orderid:445517", "reservationid": "7VK-TSHQ", "orderType": "kiosk", "hotelSKU": "prd1100", "hotelCheckInUnix": "1579021109", "hotelCheckOutUnix": "1580317109", "hotelCheckInTS": "2020-01-14T16:58:29+00:00", "hotelCheckOutTS": "2020-01-29T16:58:29+00:00", "hotelChain": "Aspen Heights", "hotelName": "Aspen Heights: Misk", "hotelLocation": "Misk", "hotelRoomType": "premium", "hotelRoomCount": "1", "hotelGuestAdultCount": "1", "hotelGuestChildCount": "0", "hotelNightCount": "15", "hotelRoomPrice": "107.63", "hotelFinalPrice": "1614.45"}}}
{"_id": "orderid:120666", "timestamp": "2020-01-20T13:56:11.000Z", "eventType": "transaction", "_adobeamericaspot3": {"CRMID": "crmid:5140513813", "orderDetails": {"orderID": "orderid:120666", "reservationid": "Z4T-DMGM", "orderType": "call center", "hotelSKU": "prd1008", "hotelCheckInUnix": "1581429371", "hotelCheckOutUnix": "1582034171", "hotelCheckInTS": "2020-02-11T13:56:11+00:00", "hotelCheckOutTS": "2020-02-18T13:56:11+00:00", "hotelChain": "Repose Resort", "hotelName": "Repose Resort: Philadelphia", "hotelLocation": "Philadelphia", "hotelRoomType": "premium", "hotelRoomCount": "1", "hotelGuestAdultCount": "1", "hotelGuestChildCount": "0", "hotelNightCount": "7", "hotelRoomPrice": "123.45", "hotelFinalPrice": "864.15"}}}
{"_id": "orderid:951064", "timestamp": "2019-12-01T09:03:34.000Z", "eventType": "transaction", "_adobeamericaspot3": {"CRMID": "crmid:1692407292", "orderDetails": {"orderID": "orderid:951064", "reservationid": "DFE-PALO", "orderType": "kiosk", "hotelSKU": "prd1148", "hotelCheckInUnix": "1577005414", "hotelCheckOutUnix": "1577437414", "hotelCheckInTS": "2019-12-22T09:03:34+00:00", "hotelCheckOutTS": "2019-12-27T09:03:34+00:00", "hotelChain": "Aspen Heights", "hotelName": "Aspen Heights: Jacksonville", "hotelLocation": "Jacksonville", "hotelRoomType": "standard", "hotelRoomCount": "1", "hotelGuestAdultCount": "1", "hotelGuestChildCount": "1", "hotelNightCount": "5", "hotelRoomPrice": "114.32", "hotelFinalPrice": "571.6"}}}
{"_id": "orderid:271544", "timestamp": "2020-01-08T02:39:09.000Z", "eventType": "transaction", "_adobeamericaspot3": {"CRMID": "crmid:7617059512", "orderDetails": {"orderID": "orderid:271544", "reservationid": "J9V-7UCM", "orderType": "kiosk", "hotelSKU": "prd1105", "hotelCheckInUnix": "1578623949", "hotelCheckOutUnix": "1578883149", "hotelCheckInTS": "2020-01-10T02:39:09+00:00", "hotelCheckOutTS": "2020-01-13T02:39:09+00:00", "hotelChain": "Admiralty Plaza", "hotelName": "Admiralty Plaza: Barcelona", "hotelLocation": "Barcelona", "hotelRoomType": "standard", "hotelRoomCount": "1", "hotelGuestAdultCount": "1", "hotelGuestChildCount": "0", "hotelNightCount": "3", "hotelRoomPrice": "99.12", "hotelFinalPrice": "297.36"}}}
