{"_id": "fcc2bd66-53c8-11ea-8724-b88a60e194fb", "timestamp": "2019-12-21T14:38:06.000Z", "eventType": "transaction", "_adobeamericaspot3": {"CRMID": "crmid:1550919233", "orderDetails": {"orderID": "orderid:261839", "reservationid": "JAV-AIYN", "orderType": "website"}}}
{"_id": "fcc3cd70-53c8-11ea-8efa-b88a60e194fb", "timestamp": "2020-01-17T15:44:52.000Z", "eventType": "transaction", "_adobeamericaspot3": {"CRMID": "crmid:1130577325", "orderDetails": {"orderID": "orderid:224851", "reservationid": "34I-IX42", "orderType": "mobile"}}}
{"_id": "fcc75018-53c8-11ea-a0a7-b88a60e194fb", "timestamp": "2020-01-26T13:05:03.000Z", "eventType": "transaction", "_adobeamericaspot3": {"CRMID": "crmid:9762138987", "orderDetails": {"orderID": "orderid:548143", "reservationid": "SYV-9IR3", "orderType": "mobile"}}}
{"_id": "fcc88864-53c8-11ea-9c24-b88a60e194fb", "timestamp": "2020-01-25T16:08:33.000Z", "eventType": "transaction", "_adobeamericaspot3": {"CRMID": "crmid:2926280676", "orderDetails": {"orderID": "orderid:162277", "reservationid": "TTT-7OEB", "orderType": "website"}}}
{"_id": "fcc9e7fe-53c8-11ea-959d-b88a60e194fb", "timestamp": "2020-01-13T07:43:49.000Z", "eventType": "transaction", "_adobeamericaspot3": {"CRMID": "crmid:3937462953", "orderDetails": {"orderID": "orderid:426527", "reservationid": "GUN-KWSY", "orderType": "call center"}}}
{"_id": "fccb209c-53c8-11ea-9499-b88a60e194fb", "timestamp": "2020-01-10T17:03:16.000Z", "eventType": "transaction", "_adobeamericaspot3": {"CRMID": "crmid:6051378501", "orderDetails": {"orderID": "orderid:654396", "reservationid": "VXG-DBIA", "orderType": "call center"}}}
{"_id": "fccc5998-53c8-11ea-9fd4-b88a60e194fb", "timestamp": "2020-01-17T03:08:36.000Z", "eventType": "transaction", "_adobeamericaspot3": {"CRMID": "crmid:4314548599", "orderDetails": {"orderID": "orderid:516758", "reservationid": "ARZ-J9LL", "orderType": "service desk"}}}
{"_id": "fccd6ab6-53c8-11ea-af6f-b88a60e194fb", "timestamp": "2019-12-25T09:59:27.000Z", "eventType": "transaction", "_adobeamericaspot3": {"CRMID": "crmid:6914732680", "orderDetails": {"orderID": "orderid:449163", "reservationid": "SFQ-KBGU", "orderType": "call center"}}}
{"_id": "fcce54c6-53c8-11ea-897e-b88a60e194fb", "timestamp": "2019-12-31T00:38:40.000Z", "eventType": "transaction", "_adobeamericaspot3": {"CRMID": "crmid:4759993494", "orderDetails": {"orderID": "orderid:538127", "reservationid": "T75-DKDF", "orderType": "kiosk"}}}
{"_id": "fccf181c-53c8-11ea-9303-b88a60e194fb", "timestamp": "2020-01-07T01:20:54.000Z", "eventType": "transaction", "_adobeamericaspot3": {"CRMID": "crmid:8752460757", "orderDetails": {"orderID": "orderid:238446", "reservationid": "UOB-WPEJ", "orderType": "website"}}}
{"_id": "fcd0027a-53c8-11ea-861b-b88a60e194fb", "timestamp": "2019-12-09T20:30:39.000Z", "eventType": "transaction", "_adobeamericaspot3": {"CRMID": "crmid:7742178772", "orderDetails": {"orderID": "orderid:176431", "reservationid": "WI8-QBQF", "orderType": "website"}}}
{"_id": "fcd1fe80-53c8-11ea-87d7-b88a60e194fb", "timestamp": "2019-12-29T17:46:39.000Z", "eventType": "transaction", "_adobeamericaspot3": {"CRMID": "crmid:2499124600", "orderDetails": {"orderID": "orderid:580599", "reservationid": "ZVF-EPL5", "orderType": "call center"}}}
{"_id": "fcd3851c-53c8-11ea-a387-b88a60e194fb", "timestamp": "2019-12-16T20:16:47.000Z", "eventType": "transaction", "_adobeamericaspot3": {"CRMID": "crmid:7073803752", "orderDetails": {"orderID": "orderid:604770", "reservationid": "NLV-0S4G", "orderType": "website"}}}
{"_id": "fcd497ba-53c8-11ea-9414-b88a60e194fb", "timestamp": "2020-02-16T04:15:22.000Z", "eventType": "transaction", "_adobeamericaspot3": {"CRMID": "crmid:9316150208", "orderDetails": {"orderID": "orderid:873871", "reservationid": "NPF-INDO", "orderType": "call center"}}}
{"_id": "fcd55b1c-53c8-11ea-b785-b88a60e194fb", "timestamp": "2020-01-16T21:00:16.000Z", "eventType": "transaction", "_adobeamericaspot3": {"CRMID": "crmid:3133312340", "orderDetails": {"orderID": "orderid:171457", "reservationid": "QL6-QHDA", "orderType": "call center"}}}
{"_id": "fcd58242-53c8-11ea-8319-b88a60e194fb", "timestamp": "2020-01-21T00:00:00.000Z", "eventType": "transaction", "_adobeamericaspot3": {"CRMID": "crmid:3133312340", "orderDetails": {"orderID": "orderid:127048", "reservationid": "GFS-MOZC", "orderType": "call center"}}}
{"_id": "fcd69392-53c8-11ea-bbcc-b88a60e194fb", "timestamp": "2019-12-02T22:15:23.000Z", "eventType": "transaction", "_adobeamericaspot3": {"CRMID": "crmid:7569424098", "orderDetails": {"orderID": "orderid:329703", "reservationid": "8A0-KJJ9", "orderType": "website"}}}
{"_id": "fcd756de-53c8-11ea-b6e9-b88a60e194fb", "timestamp": "2019-12-15T18:55:46.000Z", "eventType": "transaction", "_adobeamericaspot3": {"CRMID": "crmid:5842624480", "orderDetails": {"orderID": "orderid:444923", "reservationid": "NV6-YER8", "orderType": "website"}}}
{"_id": "fcd84138-53c8-11ea-9ca5-b88a60e194fb", "timestamp": "2019-12-26T11:32:54.000Z", "eventType": "transaction", "_adobeamericaspot3": {"CRMID": "crmid:8684714467", "orderDetails": {"orderID": "orderid:307807", "reservationid": "XQS-FU20", "orderType": "website"}}}
{"_id": "fcd90498-53c8-11ea-b1bd-b88a60e194fb", "timestamp": "2019-12-11T20:11:12.000Z", "eventType": "transaction", "_adobeamericaspot3": {"CRMID": "crmid:7035727270", "orderDetails": {"orderID": "orderid:343576", "reservationid": "GOG-OCPV", "orderType": "website"}}}
{"_id": "fcda15fa-53c8-11ea-b8dd-b88a60e194fb", "timestamp": "2019-12-28T20:38:13.000Z", "eventType": "transaction", "_adobeamericaspot3": {"CRMID": "crmid:7843015110", "orderDetails": {"orderID": "orderid:298341", "reservationid": "UGI-BCNB", "orderType": "website"}}}
{"_id": "fcdb007e-53c8-11ea-b335-b88a60e194fb", "timestamp": "2020-01-12T19:02:13.000Z", "eventType": "transaction", "_adobeamericaspot3": {"CRMID": "crmid:8342183333", "orderDetails": {"orderID": "orderid:227544", "reservationid": "C7W-DUSY", "orderType": "kiosk"}}}
{"_id": "fcdbeac0-53c8-11ea-9b37-b88a60e194fb", "timestamp": "2019-12-01T07:02:20.000Z", "eventType": "transaction", "_adobeamericaspot3": {"CRMID": "crmid:7075109290", "orderDetails": {"orderID": "orderid:128255", "reservationid": "IUS-TOK5", "orderType": "kiosk"}}}
{"_id": "fcdcae0c-53c8-11ea-931c-b88a60e194fb", "timestamp": "2019-12-28T08:21:21.000Z", "eventType": "transaction", "_adobeamericaspot3": {"CRMID": "crmid:9512881456", "orderDetails": {"orderID": "orderid:841007", "reservationid": "TXQ-URYI", "orderType": "kiosk"}}}
{"_id": "fcddbf82-53c8-11ea-9a05-b88a60e194fb", "timestamp": "2020-02-08T15:57:36.000Z", "eventType": "transaction", "_adobeamericaspot3": {"CRMID": "crmid:3809271723", "orderDetails": {"orderID": "orderid:129826", "reservationid": "4OD-6LHW", "orderType": "call center"}}}
{"_id": "fcded0ec-53c8-11ea-9761-b88a60e194fb", "timestamp": "2020-02-08T21:16:42.000Z", "eventType": "transaction", "_adobeamericaspot3": {"CRMID": "crmid:9307764791", "orderDetails": {"orderID": "orderid:936786", "reservationid": "GHC-WJ3N", "orderType": "website"}}}
{"_id": "fcdf941e-53c8-11ea-abc6-b88a60e194fb", "timestamp": "2020-01-09T07:41:23.000Z", "eventType": "transaction", "_adobeamericaspot3": {"CRMID": "crmid:3695154990", "orderDetails": {"orderID": "orderid:469496", "reservationid": "8UQ-ZJWP", "orderType": "service desk"}}}
{"_id": "fce0a5ba-53c8-11ea-8e28-b88a60e194fb", "timestamp": "2020-01-29T17:48:02.000Z", "eventType": "transaction", "_adobeamericaspot3": {"CRMID": "crmid:7455508621", "orderDetails": {"orderID": "orderid:550453", "reservationid": "CEH-VIBA", "orderType": "kiosk"}}}
{"_id": "fce19012-53c8-11ea-aa13-b88a60e194fb", "timestamp": "2019-12-09T21:30:01.000Z", "eventType": "transaction", "_adobeamericaspot3": {"CRMID": "crmid:2070317467", "orderDetails": {"orderID": "orderid:498839", "reservationid": "AT6-OEIE", "orderType": "website"}}}
{"_id": "fce19013-53c8-11ea-856b-b88a60e194fb", "timestamp": "2019-12-15T00:00:00.000Z", "eventType": "transaction", "_adobeamericaspot3": {"CRMID": "crmid:2070317467", "orderDetails": {"orderID": "orderid:182817", "reservationid": "GIL-GMVV", "orderType": "kiosk"}}}
{"_id": "fce1b740-53c8-11ea-a361-b88a60e194fb", "timestamp": "2019-12-20T00:00:00.000Z", "eventType": "transaction", "_adobeamericaspot3": {"CRMID": "crmid:2070317467", "orderDetails": {"orderID": "orderid:821660", "reservationid": "JZS-PMVZ", "orderType": "mobile"}}}
{"_id": "fce2a17e-53c8-11ea-9bf2-b88a60e194fb", "timestamp": "2019-12-21T03:21:17.000Z", "eventType": "transaction", "_adobeamericaspot3": {"CRMID": "crmid:4572217338", "orderDetails": {"orderID": "orderid:146829", "reservationid": "LYH-OEM8", "orderType": "website"}}}
{"_id": "fce3b2f0-53c8-11ea-9e18-b88a60e194fb", "timestamp": "2020-01-19T23:32:01.000Z", "eventType": "transaction", "_adobeamericaspot3": {"CRMID": "crmid:9790562316", "orderDetails": {"orderID": "orderid:248033", "reservationid": "VBW-BOMT", "orderType": "call center"}}}
{"_id": "fce49d62-53c8-11ea-bcfb-b88a60e194fb", "timestamp": "2020-02-09T18:52:21.000Z", "eventType": "transaction", "_adobeamericaspot3": {"CRMID": "crmid:2130878234", "orderDetails": {"orderID": "orderid:771930", "reservationid": "BOB-DOOI", "orderType": "website"}}}
{"_id": "fce70e52-53c8-11ea-92cb-b88a60e194fb", "timestamp": "2020-01-25T05:00:21.000Z", "eventType": "transaction", "_adobeamericaspot3": {"CRMID": "crmid:1759612923", "orderDetails": {"orderID": "orderid:738735", "reservationid": "SI5-KXEQ", "orderType": "website"}}}
{"_id": "fce7fa1e-53c8-11ea-885d-b88a60e194fb", "timestamp": "2020-02-13T14:35:26.000Z", "eventType": "transaction", "_adobeamericaspot3": {"CRMID": "crmid:5700228660", "orderDetails": {"orderID": "orderid:824621", "reservationid": "7FV-PYJV", "orderType": "kiosk"}}}
{"_id": "fce90a42-53c8-11ea-9537-b88a60e194fb", "timestamp": "2020-02-08T23:20:50.000Z", "eventType": "transaction", "_adobeamericaspot3": {"CRMID": "crmid:6859215373", "orderDetails": {"orderID": "orderid:330112", "reservationid": "KWJ-RKU4", "orderType": "website"}}}
{"_id": "fcea1b94-53c8-11ea-827d-b88a60e194fb", "timestamp": "2019-12-15T07:56:13.000Z", "eventType": "transaction", "_adobeamericaspot3": {"CRMID": "crmid:5768070301", "orderDetails": {"orderID": "orderid:201120", "reservationid": "VK8-E5US", "orderType": "website"}}}
{"_id": "fceb05f4-53c8-11ea-a8ba-b88a60e194fb", "timestamp": "2020-02-11T13:43:53.000Z", "eventType": "transaction", "_adobeamericaspot3": {"CRMID": "crmid:5159789465", "orderDetails": {"orderID": "orderid:311268", "reservationid": "NFQ-P7DU", "orderType": "call center"}}}
{"_id": "fcebf05c-53c8-11ea-96ad-b88a60e194fb", "timestamp": "2019-12-23T11:49:02.000Z", "eventType": "transaction", "_adobeamericaspot3": {"CRMID": "crmid:6053654661", "orderDetails": {"orderID": "orderid:686121", "reservationid": "IGH-H1NG", "orderType": "service desk"}}}
{"_id": "fced0292-53c8-11ea-9f75-b88a60e194fb", "timestamp": "2020-02-04T21:36:26.000Z", "eventType": "transaction", "_adobeamericaspot3": {"CRMID": "crmid:8855925622", "orderDetails": {"orderID": "orderid:524839", "reservationid": "E6J-9PYN", "orderType": "call center"}}}
{"_id": "fcee3a50-53c8-11ea-a590-b88a60e194fb", "timestamp": "2020-02-04T05:55:29.000Z", "eventType": "transaction", "_adobeamericaspot3": {"CRMID": "crmid:2223383825", "orderDetails": {"orderID": "orderid:284718", "reservationid": "DTY-98BM", "orderType": "kiosk"}}}
{"_id": "fcef249e-53c8-11ea-a2ec-b88a60e194fb", "timestamp": "2019-12-10T03:53:26.000Z", "eventType": "transaction", "_adobeamericaspot3": {"CRMID": "crmid:8379212140", "orderDetails": {"orderID": "orderid:945854", "reservationid": "F6Q-QDLB", "orderType": "mobile"}}}
{"_id": "fcf00f00-53c8-11ea-b769-b88a60e194fb", "timestamp": "2020-01-18T16:42:59.000Z", "eventType": "transaction", "_adobeamericaspot3": {"CRMID": "crmid:4194500260", "orderDetails": {"orderID": "orderid:926711", "reservationid": "EML-WPKM", "orderType": "call center"}}}
{"_id": "fcf0d24c-53c8-11ea-806a-b88a60e194fb", "timestamp": "2019-12-24T22:50:54.000Z", "eventType": "transaction", "_adobeamericaspot3": {"CRMID": "crmid:6009616341", "orderDetails": {"orderID": "orderid:685013", "reservationid": "TAN-MYBW", "orderType": "website"}}}
{"_id": "fcf1e3be-53c8-11ea-b2da-b88a60e194fb", "timestamp": "2020-01-08T11:51:48.000Z", "eventType": "transaction", "_adobeamericaspot3": {"CRMID": "crmid:8309949712", "orderDetails": {"orderID": "orderid:779007", "reservationid": "3AP-8YNU", "orderType": "website"}}}
{"_id": "fcf2ccd2-53c8-11ea-a5f3-b88a60e194fb", "timestamp": "2019-12-20T05:40:55.000Z", "eventType": "transaction", "_adobeamericaspot3": {"CRMID": "crmid:4066859028", "orderDetails": {"orderID": "orderid:504814", "reservationid": "XKN-PZTO", "orderType": "call center"}}}
{"_id": "fcf3df8c-53c8-11ea-b8d7-b88a60e194fb", "timestamp": "2019-12-02T04:55:22.000Z", "eventType": "transaction", "_adobeamericaspot3": {"CRMID": "crmid:5315783982", "orderDetails": {"orderID": "orderid:529419", "reservationid": "6KZ-RQ7L", "orderType": "kiosk"}}}
{"_id": "fcf4c9f0-53c8-11ea-b6fd-b88a60e194fb", "timestamp": "2020-01-24T03:24:24.000Z", "eventType": "transaction", "_adobeamericaspot3": {"CRMID": "crmid:3395982353", "orderDetails": {"orderID": "orderid:958217", "reservationid": "EZU-IFL0", "orderType": "call center"}}}
{"_id": "fcf5b446-53c8-11ea-a222-b88a60e194fb", "timestamp": "2020-02-14T15:20:33.000Z", "eventType": "transaction", "_adobeamericaspot3": {"CRMID": "crmid:8918417585", "orderDetails": {"orderID": "orderid:632095", "reservationid": "9B7-D8O1", "orderType": "call center"}}}
{"_id": "fcf69eba-53c8-11ea-9472-b88a60e194fb", "timestamp": "2019-12-03T19:31:11.000Z", "eventType": "transaction", "_adobeamericaspot3": {"CRMID": "crmid:8004034126", "orderDetails": {"orderID": "orderid:641730", "reservationid": "5RV-MNXK", "orderType": "call center"}}}
{"_id": "fcf7887e-53c8-11ea-97a7-b88a60e194fb", "timestamp": "2020-02-05T14:30:35.000Z", "eventType": "transaction", "_adobeamericaspot3": {"CRMID": "crmid:5591709505", "orderDetails": {"orderID": "orderid:866589", "reservationid": "TSX-JUFM", "orderType": "mobile"}}}
{"_id": "fcf87368-53c8-11ea-9458-b88a60e194fb", "timestamp": "2020-01-27T17:57:59.000Z", "eventType": "transaction", "_adobeamericaspot3": {"CRMID": "crmid:2632884576", "orderDetails": {"orderID": "orderid:846161", "reservationid": "FML-HHXY", "orderType": "call center"}}}
{"_id": "fcf95de6-53c8-11ea-8bd6-b88a60e194fb", "timestamp": "2019-12-23T14:50:52.000Z", "eventType": "transaction", "_adobeamericaspot3": {"CRMID": "crmid:7006361921", "orderDetails": {"orderID": "orderid:679019", "reservationid": "YHE-J3YV", "orderType": "kiosk"}}}
{"_id": "fcfa4764-53c8-11ea-9ecb-b88a60e194fb", "timestamp": "2019-12-16T12:46:59.000Z", "eventType": "transaction", "_adobeamericaspot3": {"CRMID": "crmid:6760451522", "orderDetails": {"orderID": "orderid:531631", "reservationid": "PKH-MLTX", "orderType": "kiosk"}}}
{"_id": "fcfb3298-53c8-11ea-91f3-b88a60e194fb", "timestamp": "2020-01-18T18:25:51.000Z", "eventType": "transaction", "_adobeamericaspot3": {"CRMID": "crmid:4795901872", "orderDetails": {"orderID": "orderid:209219", "reservationid": "PWG-NRMQ", "orderType": "kiosk"}}}
{"_id": "fcfbf5de-53c8-11ea-bde3-b88a60e194fb", "timestamp": "2019-12-19T04:42:46.000Z", "eventType": "transaction", "_adobeamericaspot3": {"CRMID": "crmid:3203924605", "orderDetails": {"orderID": "orderid:889148", "reservationid": "WFB-DLDY", "orderType": "service desk"}}}
{"_id": "fcfd556e-53c8-11ea-b8aa-b88a60e194fb", "timestamp": "2020-02-11T03:14:56.000Z", "eventType": "transaction", "_adobeamericaspot3": {"CRMID": "crmid:5909246592", "orderDetails": {"orderID": "orderid:922268", "reservationid": "OJJ-UBTO", "orderType": "call center"}}}
{"_id": "fcfe3fde-53c8-11ea-8463-b88a60e194fb", "timestamp": "2019-12-09T16:52:24.000Z", "eventType": "transaction", "_adobeamericaspot3": {"CRMID": "crmid:1713635739", "orderDetails": {"orderID": "orderid:646281", "reservationid": "QW9-JJ0P", "orderType": "call center"}}}
{"_id": "fcff2a30-53c8-11ea-a3c6-b88a60e194fb", "timestamp": "2020-01-27T14:54:18.000Z", "eventType": "transaction", "_adobeamericaspot3": {"CRMID": "crmid:7452234253", "orderDetails": {"orderID": "orderid:571038", "reservationid": "PMS-CYG0", "orderType": "kiosk"}}}
{"_id": "fd003b9c-53c8-11ea-bd33-b88a60e194fb", "timestamp": "2020-02-15T06:14:56.000Z", "eventType": "transaction", "_adobeamericaspot3": {"CRMID": "crmid:2596671184", "orderDetails": {"orderID": "orderid:138142", "reservationid": "HJG-4CUZ", "orderType": "mobile"}}}
{"_id": "fd00feee-53c8-11ea-a413-b88a60e194fb", "timestamp": "2019-12-10T16:52:28.000Z", "eventType": "transaction", "_adobeamericaspot3": {"CRMID": "crmid:9853922616", "orderDetails": {"orderID": "orderid:500593", "reservationid": "XUM-YQZY", "orderType": "mobile"}}}
{"_id": "fd01e94a-53c8-11ea-85c1-b88a60e194fb", "timestamp": "2019-12-13T15:56:23.000Z", "eventType": "transaction", "_adobeamericaspot3": {"CRMID": "crmid:8347706963", "orderDetails": {"orderID": "orderid:260185", "reservationid": "CBL-DTUB", "orderType": "kiosk"}}}
{"_id": "fd02d3b6-53c8-11ea-af65-b88a60e194fb", "timestamp": "2019-12-09T18:50:06.000Z", "eventType": "transaction", "_adobeamericaspot3": {"CRMID": "crmid:5797396219", "orderDetails": {"orderID": "orderid:453529", "reservationid": "DIN-PBOB", "orderType": "website"}}}
{"_id": "fd039728-53c8-11ea-ba4e-b88a60e194fb", "timestamp": "2020-01-22T03:31:30.000Z", "eventType": "transaction", "_adobeamericaspot3": {"CRMID": "crmid:5960130874", "orderDetails": {"orderID": "orderid:553860", "reservationid": "02C-QSPO", "orderType": "website"}}}
{"_id": "fd04817e-53c8-11ea-9405-b88a60e194fb", "timestamp": "2020-01-09T04:45:00.000Z", "eventType": "transaction", "_adobeamericaspot3": {"CRMID": "crmid:5104471415", "orderDetails": {"orderID": "orderid:513242", "reservationid": "JPC-VXTK", "orderType": "website"}}}
{"_id": "fd056bc0-53c8-11ea-bdab-b88a60e194fb", "timestamp": "2020-01-02T06:58:23.000Z", "eventType": "transaction", "_adobeamericaspot3": {"CRMID": "crmid:3593482604", "orderDetails": {"orderID": "orderid:539936", "reservationid": "BTC-GNCJ", "orderType": "website"}}}
{"_id": "fd067d30-53c8-11ea-a6e7-b88a60e194fb", "timestamp": "2020-01-19T16:03:47.000Z", "eventType": "transaction", "_adobeamericaspot3": {"CRMID": "crmid:3647869821", "orderDetails": {"orderID": "orderid:422127", "reservationid": "AGO-TPPW", "orderType": "kiosk"}}}
{"_id": "fd078eb6-53c8-11ea-87de-b88a60e194fb", "timestamp": "2020-02-04T10:40:47.000Z", "eventType": "transaction", "_adobeamericaspot3": {"CRMID": "crmid:2102015510", "orderDetails": {"orderID": "orderid:479183", "reservationid": "3UU-USTK", "orderType": "website"}}}
{"_id": "fd087906-53c8-11ea-8480-b88a60e194fb", "timestamp": "2019-12-28T13:50:31.000Z", "eventType": "transaction", "_adobeamericaspot3": {"CRMID": "crmid:3473610604", "orderDetails": {"orderID": "orderid:176913", "reservationid": "AXN-2KBL", "orderType": "website"}}}
{"_id": "fd09b12e-53c8-11ea-ae26-b88a60e194fb", "timestamp": "2020-01-28T19:52:08.000Z", "eventType": "transaction", "_adobeamericaspot3": {"CRMID": "crmid:3969926893", "orderDetails": {"orderID": "orderid:764653", "reservationid": "6XP-KIPE", "orderType": "kiosk"}}}
{"_id": "fd0a9ae4-53c8-11ea-bcb7-b88a60e194fb", "timestamp": "2019-12-28T22:09:55.000Z", "eventType": "transaction", "_adobeamericaspot3": {"CRMID": "crmid:5307013035", "orderDetails": {"orderID": "orderid:746344", "reservationid": "SYY-ZJLW", "orderType": "service desk"}}}
{"_id": "fd0b863a-53c8-11ea-9231-b88a60e194fb", "timestamp": "2020-02-05T17:02:37.000Z", "eventType": "transaction", "_adobeamericaspot3": {"CRMID": "crmid:3092351392", "orderDetails": {"orderID": "orderid:522956", "reservationid": "RLW-VKX8", "orderType": "website"}}}
{"_id": "fd0c499c-53c8-11ea-ae82-b88a60e194fb", "timestamp": "2019-12-18T11:07:28.000Z", "eventType": "transaction", "_adobeamericaspot3": {"CRMID": "crmid:7638509932", "orderDetails": {"orderID": "orderid:507287", "reservationid": "VKT-D13O", "orderType": "service desk"}}}
{"_id": "fd0d33e6-53c8-11ea-9446-b88a60e194fb", "timestamp": "2020-01-07T05:00:15.000Z", "eventType": "transaction", "_adobeamericaspot3": {"CRMID": "crmid:5257013303", "orderDetails": {"orderID": "orderid:971924", "reservationid": "BXM-QLPP", "orderType": "website"}}}
{"_id": "fd0e4568-53c8-11ea-aea6-b88a60e194fb", "timestamp": "2020-02-11T04:26:33.000Z", "eventType": "transaction", "_adobeamericaspot3": {"CRMID": "crmid:3959976053", "orderDetails": {"orderID": "orderid:176528", "reservationid": "Q4P-9DB7", "orderType": "website"}}}
{"_id": "fd0f08ba-53c8-11ea-a0a0-b88a60e194fb", "timestamp": "2019-12-07T22:32:58.000Z", "eventType": "transaction", "_adobeamericaspot3": {"CRMID": "crmid:8671864908", "orderDetails": {"orderID": "orderid:641607", "reservationid": "7VS-QTBW", "orderType": "call center"}}}
{"_id": "fd0ff312-53c8-11ea-8d85-b88a60e194fb", "timestamp": "2019-12-06T20:11:23.000Z", "eventType": "transaction", "_adobeamericaspot3": {"CRMID": "crmid:4107456668", "orderDetails": {"orderID": "orderid:851058", "reservationid": "YUU-VFTL", "orderType": "service desk"}}}
{"_id": "fd11047a-53c8-11ea-8cad-b88a60e194fb", "timestamp": "2020-01-15T02:08:03.000Z", "eventType": "transaction", "_adobeamericaspot3": {"CRMID": "crmid:5638985107", "orderDetails": {"orderID": "orderid:154901", "reservationid": "3MW-UKNT", "orderType": "kiosk"}}}
{"_id": "fd11eee4-53c8-11ea-8524-b88a60e194fb", "timestamp": "2020-02-12T04:35:49.000Z", "eventType": "transaction", "_adobeamericaspot3": {"CRMID": "crmid:7207303756", "orderDetails": {"orderID": "orderid:997741", "reservationid": "ZIQ-PZ2T", "orderType": "website"}}}
{"_id": "fd130052-53c8-11ea-ab4d-b88a60e194fb", "timestamp": "2019-12-17T07:50:12.000Z", "eventType": "transaction", "_adobeamericaspot3": {"CRMID": "crmid:7027170004", "orderDetails": {"orderID": "orderid:939330", "reservationid": "NDC-SSPA", "orderType": "website"}}}
{"_id": "fd13eac2-53c8-11ea-9b8f-b88a60e194fb", "timestamp": "2020-02-16T02:18:49.000Z", "eventType": "transaction", "_adobeamericaspot3": {"CRMID": "crmid:6371933131", "orderDetails": {"orderID": "orderid:980963", "reservationid": "G4J-9SM2", "orderType": "website"}}}
{"_id": "fd14d51e-53c8-11ea-9def-b88a60e194fb", "timestamp": "2020-01-08T16:25:00.000Z", "eventType": "transaction", "_adobeamericaspot3": {"CRMID": "crmid:5372026673", "orderDetails": {"orderID": "orderid:306380", "reservationid": "IDH-8HTR", "orderType": "website"}}}
{"_id": "fd159882-53c8-11ea-a97f-b88a60e194fb", "timestamp": "2019-12-21T00:55:25.000Z", "eventType": "transaction", "_adobeamericaspot3": {"CRMID": "crmid:2676338576", "orderDetails": {"orderID": "orderid:937473", "reservationid": "FNH-GSCJ", "orderType": "kiosk"}}}
{"_id": "fd1682be-53c8-11ea-95a3-b88a60e194fb", "timestamp": "2020-02-15T08:51:21.000Z", "eventType": "transaction", "_adobeamericaspot3": {"CRMID": "crmid:9505108439", "orderDetails": {"orderID": "orderid:192602", "reservationid": "EBG-UWHZ", "orderType": "service desk"}}}
{"_id": "fd16a9e4-53c8-11ea-bfad-b88a60e194fb", "timestamp": "2020-02-22T00:00:00.000Z", "eventType": "transaction", "_adobeamericaspot3": {"CRMID": "crmid:9505108439", "orderDetails": {"orderID": "orderid:525449", "reservationid": "LFL-HG8Z", "orderType": "service desk"}}}
{"_id": "fd16a9e5-53c8-11ea-939d-b88a60e194fb", "timestamp": "2020-02-28T00:00:00.000Z", "eventType": "transaction", "_adobeamericaspot3": {"CRMID": "crmid:9505108439", "orderDetails": {"orderID": "orderid:349470", "reservationid": "1W7-BLPE", "orderType": "website"}}}
{"_id": "fd176d3a-53c8-11ea-8b2b-b88a60e194fb", "timestamp": "2020-01-17T16:31:53.000Z", "eventType": "transaction", "_adobeamericaspot3": {"CRMID": "crmid:5043354973", "orderDetails": {"orderID": "orderid:549723", "reservationid": "NOB-E6ZE", "orderType": "call center"}}}
{"_id": "fd18579c-53c8-11ea-9699-b88a60e194fb", "timestamp": "2020-01-19T05:26:17.000Z", "eventType": "transaction", "_adobeamericaspot3": {"CRMID": "crmid:8338685946", "orderDetails": {"orderID": "orderid:267249", "reservationid": "PWE-0C0I", "orderType": "call center"}}}
{"_id": "fd1968e8-53c8-11ea-bf1f-b88a60e194fb", "timestamp": "2020-01-15T19:42:07.000Z", "eventType": "transaction", "_adobeamericaspot3": {"CRMID": "crmid:8428437037", "orderDetails": {"orderID": "orderid:796520", "reservationid": "AAL-TL7R", "orderType": "website"}}}
{"_id": "fd1a2c28-53c8-11ea-b7e8-b88a60e194fb", "timestamp": "2020-02-03T22:48:56.000Z", "eventType": "transaction", "_adobeamericaspot3": {"CRMID": "crmid:7198892172", "orderDetails": {"orderID": "orderid:177138", "reservationid": "WXD-TIFQ", "orderType": "call center"}}}
{"_id": "fd1b64b8-53c8-11ea-971b-b88a60e194fb", "timestamp": "2019-12-05T10:29:28.000Z", "eventType": "transaction", "_adobeamericaspot3": {"CRMID": "crmid:4486723301", "orderDetails": {"orderID": "orderid:592050", "reservationid": "JHD-U5MX", "orderType": "mobile"}}}
{"_id": "fd1c7628-53c8-11ea-9b2d-b88a60e194fb", "timestamp": "2019-12-26T21:05:54.000Z", "eventType": "transaction", "_adobeamericaspot3": {"CRMID": "crmid:2077153711", "orderDetails": {"orderID": "orderid:603634", "reservationid": "7HC-HFJE", "orderType": "mobile"}}}
{"_id": "fd1d60a8-53c8-11ea-b704-b88a60e194fb", "timestamp": "2020-01-04T13:19:39.000Z", "eventType": "transaction", "_adobeamericaspot3": {"CRMID": "crmid:7021978595", "orderDetails": {"orderID": "orderid:746563", "reservationid": "GGQ-2DRV", "orderType": "website"}}}
{"_id": "fd1e71c8-53c8-11ea-a476-b88a60e194fb", "timestamp": "2019-12-10T13:47:13.000Z", "eventType": "transaction", "_adobeamericaspot3": {"CRMID": "crmid:4002151513", "orderDetails": {"orderID": "orderid:614182", "reservationid": "PIO-BHIF", "orderType": "call center"}}}
{"_id": "fd1f5c6e-53c8-11ea-997b-b88a60e194fb", "timestamp": "2020-02-06T18:32:05.000Z", "eventType": "transaction", "_adobeamericaspot3": {"CRMID": "crmid:9665131477", "orderDetails": {"orderID": "orderid:542671", "reservationid": "HAY-OBOQ", "orderType": "kiosk"}}}
{"_id": "fd201fc0-53c8-11ea-9c61-b88a60e194fb", "timestamp": "2019-12-25T07:22:34.000Z", "eventType": "transaction", "_adobeamericaspot3": {"CRMID": "crmid:7021284326", "orderDetails": {"orderID": "orderid:685660", "reservationid": "QSO-RN28", "orderType": "website"}}}
{"_id": "fd21582e-53c8-11ea-a369-b88a60e194fb", "timestamp": "2019-12-10T08:40:13.000Z", "eventType": "transaction", "_adobeamericaspot3": {"CRMID": "crmid:2189558374", "orderDetails": {"orderID": "orderid:636228", "reservationid": "I6N-FWSU", "orderType": "website"}}}
{"_id": "fd221b8a-53c8-11ea-a4d8-b88a60e194fb", "timestamp": "2020-02-09T21:26:02.000Z", "eventType": "transaction", "_adobeamericaspot3": {"CRMID": "crmid:3055567830", "orderDetails": {"orderID": "orderid:234019", "reservationid": "GVA-2HQM", "orderType": "website"}}}
{"_id": "fd232cf6-53c8-11ea-b42a-b88a60e194fb", "timestamp": "2019-12-10T07:14:51.000Z", "eventType": "transaction", "_adobeamericaspot3": {"CRMID": "crmid:6130785513", "orderDetails": {"orderID": "orderid:598947", "reservationid": "HEA-HFSF", "orderType": "mobile"}}}
{"_id": "fd23f01e-53c8-11ea-b100-b88a60e194fb", "timestamp": "2020-01-20T03:55:51.000Z", "eventType": "transaction", "_adobeamericaspot3": {"CRMID": "crmid:9911262393", "orderDetails": {"orderID": "orderid:986830", "reservationid": "31Q-P5MV", "orderType": "website"}}}
{"_id": "fd2528e6-53c8-11ea-895c-b88a60e194fb", "timestamp": "2019-12-12T14:21:25.000Z", "eventType": "transaction", "_adobeamericaspot3": {"CRMID": "crmid:5991067407", "orderDetails": {"orderID": "orderid:126198", "reservationid": "1ZA-DGT2", "orderType": "website"}}}
{"_id": "fd2612e2-53c8-11ea-92bb-b88a60e194fb", "timestamp": "2019-12-27T01:10:18.000Z", "eventType": "transaction", "_adobeamericaspot3": {"CRMID": "crmid:8661345912", "orderDetails": {"orderID": "orderid:507480", "reservationid": "AKJ-GGHE", "orderType": "call center"}}}
{"_id": "fd26d62e-53c8-11ea-9b6d-b88a60e194fb", "timestamp": "2020-02-08T13:06:17.000Z", "eventType": "transaction", "_adobeamericaspot3": {"CRMID": "crmid:2010996645", "orderDetails": {"orderID": "orderid:533663", "reservationid": "YQ1-KLHY", "orderType": "website"}}}
{"_id": "fd27c092-53c8-11ea-bfdd-b88a60e194fb", "timestamp": "2019-12-20T07:54:38.000Z", "eventType": "transaction", "_adobeamericaspot3": {"CRMID": "crmid:2718778409", "orderDetails": {"orderID": "orderid:753021", "reservationid": "LM8-66C6", "orderType": "website"}}}
{"_id": "fd28aaf0-53c8-11ea-b7d1-b88a60e194fb", "timestamp": "2020-01-22T00:47:43.000Z", "eventType": "transaction", "_adobeamericaspot3": {"CRMID": "crmid:3840593752", "orderDetails": {"orderID": "orderid:288434", "reservationid": "MAJ-2HED", "orderType": "kiosk"}}}
{"_id": "fd2994e4-53c8-11ea-bbfe-b88a60e194fb", "timestamp": "2020-01-29T13:54:16.000Z", "eventType": "transaction", "_adobeamericaspot3": {"CRMID": "crmid:3218728453", "orderDetails": {"orderID": "orderid:587699", "reservationid": "SWT-9GIP", "orderType": "website"}}}
{"_id": "fd2a58e2-53c8-11ea-aeb4-b88a60e194fb", "timestamp": "2019-12-06T23:42:17.000Z", "eventType": "transaction", "_adobeamericaspot3": {"CRMID": "crmid:5261587955", "orderDetails": {"orderID": "orderid:471521", "reservationid": "OJS-OBIW", "orderType": "mobile"}}}
{"_id": "fd2b6a70-53c8-11ea-9e12-b88a60e194fb", "timestamp": "2019-12-12T13:50:34.000Z", "eventType": "transaction", "_adobeamericaspot3": {"CRMID": "crmid:1518234752", "orderDetails": {"orderID": "orderid:171437", "reservationid": "YPY-7C96", "orderType": "kiosk"}}}
{"_id": "fd2c5418-53c8-11ea-a45c-b88a60e194fb", "timestamp": "2020-02-10T21:02:17.000Z", "eventType": "transaction", "_adobeamericaspot3": {"CRMID": "crmid:7027464036", "orderDetails": {"orderID": "orderid:641078", "reservationid": "BMD-S7BU", "orderType": "website"}}}
{"_id": "fd2d3f46-53c8-11ea-92d4-b88a60e194fb", "timestamp": "2020-01-30T04:46:24.000Z", "eventType": "transaction", "_adobeamericaspot3": {"CRMID": "crmid:4593773959", "orderDetails": {"orderID": "orderid:301058", "reservationid": "KUH-AGTZ", "orderType": "website"}}}
{"_id": "fd2e2964-53c8-11ea-a7e9-b88a60e194fb", "timestamp": "2019-12-20T23:33:19.000Z", "eventType": "transaction", "_adobeamericaspot3": {"CRMID": "crmid:3053972025", "orderDetails": {"orderID": "orderid:995383", "reservationid": "NJL-ABPX", "orderType": "call center"}}}
{"_id": "fd2faf58-53c8-11ea-bbb0-b88a60e194fb", "timestamp": "2020-02-09T06:25:22.000Z", "eventType": "transaction", "_adobeamericaspot3": {"CRMID": "crmid:2146740236", "orderDetails": {"orderID": "orderid:185498", "reservationid": "GLL-AEJM", "orderType": "website"}}}
{"_id": "fd30c082-53c8-11ea-90f1-b88a60e194fb", "timestamp": "2019-12-12T12:42:25.000Z", "eventType": "transaction", "_adobeamericaspot3": {"CRMID": "crmid:7053445744", "orderDetails": {"orderID": "orderid:745244", "reservationid": "8JJ-LNTT", "orderType": "kiosk"}}}
{"_id": "fd31abe2-53c8-11ea-8b32-b88a60e194fb", "timestamp": "2020-02-04T01:24:31.000Z", "eventType": "transaction", "_adobeamericaspot3": {"CRMID": "crmid:7911552260", "orderDetails": {"orderID": "orderid:188091", "reservationid": "T0X-EOSU", "orderType": "website"}}}
{"_id": "fd31d328-53c8-11ea-8723-b88a60e194fb", "timestamp": "2020-02-08T00:00:00.000Z", "eventType": "transaction", "_adobeamericaspot3": {"CRMID": "crmid:7911552260", "orderDetails": {"orderID": "orderid:785013", "reservationid": "GBR-AYOI", "orderType": "kiosk"}}}
{"_id": "fd32969a-53c8-11ea-90b0-b88a60e194fb", "timestamp": "2020-01-18T07:36:36.000Z", "eventType": "transaction", "_adobeamericaspot3": {"CRMID": "crmid:8226077085", "orderDetails": {"orderID": "orderid:828121", "reservationid": "JYS-Z8OD", "orderType": "call center"}}}
{"_id": "fd33a764-53c8-11ea-a5e6-b88a60e194fb", "timestamp": "2020-02-11T22:38:36.000Z", "eventType": "transaction", "_adobeamericaspot3": {"CRMID": "crmid:2090967804", "orderDetails": {"orderID": "orderid:481200", "reservationid": "G8D-TDUD", "orderType": "mobile"}}}
{"_id": "fd34b7cc-53c8-11ea-b317-b88a60e194fb", "timestamp": "2020-02-12T23:11:17.000Z", "eventType": "transaction", "_adobeamericaspot3": {"CRMID": "crmid:6106577987", "orderDetails": {"orderID": "orderid:665904", "reservationid": "Y4Y-EOJO", "orderType": "kiosk"}}}
{"_id": "fd35c92c-53c8-11ea-bd38-b88a60e194fb", "timestamp": "2020-01-01T00:20:21.000Z", "eventType": "transaction", "_adobeamericaspot3": {"CRMID": "crmid:4575928630", "orderDetails": {"orderID": "orderid:591400", "reservationid": "2KK-AMXL", "orderType": "service desk"}}}
{"_id": "fd36b38c-53c8-11ea-882f-b88a60e194fb", "timestamp": "2020-01-17T11:11:58.000Z", "eventType": "transaction", "_adobeamericaspot3": {"CRMID": "crmid:1588259794", "orderDetails": {"orderID": "orderid:357454", "reservationid": "OVB-YIS0", "orderType": "kiosk"}}}
{"_id": "fd3776da-53c8-11ea-aafe-b88a60e194fb", "timestamp": "2020-02-02T13:33:36.000Z", "eventType": "transaction", "_adobeamericaspot3": {"CRMID": "crmid:9679770112", "orderDetails": {"orderID": "orderid:830139", "reservationid": "IC4-H7GB", "orderType": "kiosk"}}}
{"_id": "fd38af4c-53c8-11ea-b0a9-b88a60e194fb", "timestamp": "2020-01-08T13:57:44.000Z", "eventType": "transaction", "_adobeamericaspot3": {"CRMID": "crmid:7026583718", "orderDetails": {"orderID": "orderid:881258", "reservationid": "PXS-K0Y0", "orderType": "kiosk"}}}
{"_id": "fd39e866-53c8-11ea-b6f1-b88a60e194fb", "timestamp": "2020-01-26T13:15:14.000Z", "eventType": "transaction", "_adobeamericaspot3": {"CRMID": "crmid:3332761334", "orderDetails": {"orderID": "orderid:910472", "reservationid": "9XJ-NRNL", "orderType": "call center"}}}
{"_id": "fd3aab2e-53c8-11ea-9ffb-b88a60e194fb", "timestamp": "2020-01-04T05:22:56.000Z", "eventType": "transaction", "_adobeamericaspot3": {"CRMID": "crmid:6493263132", "orderDetails": {"orderID": "orderid:799941", "reservationid": "O6G-FPDA", "orderType": "website"}}}
{"_id": "fd3b9588-53c8-11ea-8b49-b88a60e194fb", "timestamp": "2020-01-22T09:22:58.000Z", "eventType": "transaction", "_adobeamericaspot3": {"CRMID": "crmid:7096355305", "orderDetails": {"orderID": "orderid:891696", "reservationid": "NIB-LIZA", "orderType": "mobile"}}}
{"_id": "fd3ca6ee-53c8-11ea-80be-b88a60e194fb", "timestamp": "2020-01-12T05:09:28.000Z", "eventType": "transaction", "_adobeamericaspot3": {"CRMID": "crmid:1018748378", "orderDetails": {"orderID": "orderid:784455", "reservationid": "5UA-LAYS", "orderType": "mobile"}}}
{"_id": "fd3d6a4a-53c8-11ea-86bc-b88a60e194fb", "timestamp": "2020-01-19T19:03:51.000Z", "eventType": "transaction", "_adobeamericaspot3": {"CRMID": "crmid:3429013427", "orderDetails": {"orderID": "orderid:218014", "reservationid": "EJT-XBVX", "orderType": "call center"}}}
{"_id": "fd3ea2ca-53c8-11ea-ac8c-b88a60e194fb", "timestamp": "2020-01-08T01:56:09.000Z", "eventType": "transaction", "_adobeamericaspot3": {"CRMID": "crmid:5968430143", "orderDetails": {"orderID": "orderid:512707", "reservationid": "9GX-U4FU", "orderType": "kiosk"}}}
{"_id": "fd3fdcc0-53c8-11ea-b16e-b88a60e194fb", "timestamp": "2020-01-02T11:34:16.000Z", "eventType": "transaction", "_adobeamericaspot3": {"CRMID": "crmid:2729165218", "orderDetails": {"orderID": "orderid:555443", "reservationid": "A4N-N4UC", "orderType": "website"}}}
{"_id": "fd416210-53c8-11ea-b8f8-b88a60e194fb", "timestamp": "2019-12-10T08:31:51.000Z", "eventType": "transaction", "_adobeamericaspot3": {"CRMID": "crmid:7001887467", "orderDetails": {"orderID": "orderid:114525", "reservationid": "QDH-BY60", "orderType": "website"}}}
{"_id": "fd43118a-53c8-11ea-a1a8-b88a60e194fb", "timestamp": "2020-02-04T18:40:10.000Z", "eventType": "transaction", "_adobeamericaspot3": {"CRMID": "crmid:8477621481", "orderDetails": {"orderID": "orderid:619483", "reservationid": "YFF-TTTD", "orderType": "call center"}}}
{"_id": "fd43118b-53c8-11ea-b508-b88a60e194fb", "timestamp": "2020-02-10T00:00:00.000Z", "eventType": "transaction", "_adobeamericaspot3": {"CRMID": "crmid:8477621481", "orderDetails": {"orderID": "orderid:643472", "reservationid": "KNR-YSTR", "orderType": "kiosk"}}}
{"_id": "fd447092-53c8-11ea-969a-b88a60e194fb", "timestamp": "2020-01-04T09:40:22.000Z", "eventType": "transaction", "_adobeamericaspot3": {"CRMID": "crmid:9188981816", "orderDetails": {"orderID": "orderid:873909", "reservationid": "N22-LCK6", "orderType": "kiosk"}}}
{"_id": "fd45a910-53c8-11ea-b125-b88a60e194fb", "timestamp": "2020-01-17T16:56:19.000Z", "eventType": "transaction", "_adobeamericaspot3": {"CRMID": "crmid:8789516259", "orderDetails": {"orderID": "orderid:413182", "reservationid": "WFA-KTIV", "orderType": "call center"}}}
{"_id": "fd492b88-53c8-11ea-8022-b88a60e194fb", "timestamp": "2020-02-05T18:13:19.000Z", "eventType": "transaction", "_adobeamericaspot3": {"CRMID": "crmid:2882171547", "orderDetails": {"orderID": "orderid:555076", "reservationid": "OC6-AMVR", "orderType": "website"}}}
{"_id": "fd4a160c-53c8-11ea-9bab-b88a60e194fb", "timestamp": "2020-01-17T23:14:05.000Z", "eventType": "transaction", "_adobeamericaspot3": {"CRMID": "crmid:7273341770", "orderDetails": {"orderID": "orderid:256859", "reservationid": "MLC-0S5H", "orderType": "website"}}}
{"_id": "fd4b0018-53c8-11ea-b372-b88a60e194fb", "timestamp": "2019-12-25T02:55:06.000Z", "eventType": "transaction", "_adobeamericaspot3": {"CRMID": "crmid:2492395573", "orderDetails": {"orderID": "orderid:544392", "reservationid": "2UU-YQU9", "orderType": "website"}}}
{"_id": "fd4be9da-53c8-11ea-8c9c-b88a60e194fb", "timestamp": "2020-01-02T19:31:54.000Z", "eventType": "transaction", "_adobeamericaspot3": {"CRMID": "crmid:9428699770", "orderDetails": {"orderID": "orderid:851739", "reservationid": "OCN-E23W", "orderType": "mobile"}}}
{"_id": "fd4cfaa6-53c8-11ea-b72e-b88a60e194fb", "timestamp": "2019-12-09T22:23:00.000Z", "eventType": "transaction", "_adobeamericaspot3": {"CRMID": "crmid:4971048331", "orderDetails": {"orderID": "orderid:652316", "reservationid": "MAL-TFBP", "orderType": "website"}}}
{"_id": "fd4cfaa7-53c8-11ea-afbd-b88a60e194fb", "timestamp": "2019-12-15T00:00:00.000Z", "eventType": "transaction", "_adobeamericaspot3": {"CRMID": "crmid:4971048331", "orderDetails": {"orderID": "orderid:247167", "reservationid": "DJU-LASZ", "orderType": "website"}}}
{"_id": "fd4e0c1c-53c8-11ea-9f5a-b88a60e194fb", "timestamp": "2020-01-29T17:50:15.000Z", "eventType": "transaction", "_adobeamericaspot3": {"CRMID": "crmid:9383773151", "orderDetails": {"orderID": "orderid:350606", "reservationid": "AIW-FPNO", "orderType": "call center"}}}
{"_id": "fd4ef67a-53c8-11ea-a268-b88a60e194fb", "timestamp": "2019-12-24T05:55:10.000Z", "eventType": "transaction", "_adobeamericaspot3": {"CRMID": "crmid:2603346768", "orderDetails": {"orderID": "orderid:761330", "reservationid": "PE6-LHBM", "orderType": "call center"}}}
{"_id": "fd4fe0dc-53c8-11ea-83e7-b88a60e194fb", "timestamp": "2019-12-26T08:38:03.000Z", "eventType": "transaction", "_adobeamericaspot3": {"CRMID": "crmid:2216988002", "orderDetails": {"orderID": "orderid:247063", "reservationid": "NZ3-RXD2", "orderType": "website"}}}
{"_id": "fd50cb34-53c8-11ea-bed2-b88a60e194fb", "timestamp": "2019-12-11T03:34:44.000Z", "eventType": "transaction", "_adobeamericaspot3": {"CRMID": "crmid:7816683909", "orderDetails": {"orderID": "orderid:916807", "reservationid": "E4B-HS70", "orderType": "website"}}}
{"_id": "fd51b59e-53c8-11ea-b724-b88a60e194fb", "timestamp": "2019-12-04T06:49:28.000Z", "eventType": "transaction", "_adobeamericaspot3": {"CRMID": "crmid:4590178261", "orderDetails": {"orderID": "orderid:730301", "reservationid": "RLX-ZEL0", "orderType": "call center"}}}
{"_id": "fd52c70a-53c8-11ea-a930-b88a60e194fb", "timestamp": "2019-12-15T22:32:09.000Z", "eventType": "transaction", "_adobeamericaspot3": {"CRMID": "crmid:7434881507", "orderDetails": {"orderID": "orderid:752204", "reservationid": "U4L-ZUES", "orderType": "kiosk"}}}
{"_id": "fd53d87e-53c8-11ea-9a47-b88a60e194fb", "timestamp": "2019-12-29T08:41:55.000Z", "eventType": "transaction", "_adobeamericaspot3": {"CRMID": "crmid:8218006109", "orderDetails": {"orderID": "orderid:221640", "reservationid": "JTO-GZL6", "orderType": "website"}}}
{"_id": "fd54e9e8-53c8-11ea-80f4-b88a60e194fb", "timestamp": "2019-12-27T03:31:34.000Z", "eventType": "transaction", "_adobeamericaspot3": {"CRMID": "crmid:9718914877", "orderDetails": {"orderID": "orderid:995658", "reservationid": "UNO-GKYT", "orderType": "kiosk"}}}
{"_id": "fd55d5b8-53c8-11ea-8309-b88a60e194fb", "timestamp": "2019-12-20T04:12:03.000Z", "eventType": "transaction", "_adobeamericaspot3": {"CRMID": "crmid:4348162038", "orderDetails": {"orderID": "orderid:909452", "reservationid": "K0M-CSJX", "orderType": "kiosk"}}}
{"_id": "fd56c006-53c8-11ea-a016-b88a60e194fb", "timestamp": "2019-12-28T16:51:15.000Z", "eventType": "transaction", "_adobeamericaspot3": {"CRMID": "crmid:4722719833", "orderDetails": {"orderID": "orderid:834233", "reservationid": "8ZX-FVKL", "orderType": "call center"}}}
{"_id": "fd57aa6c-53c8-11ea-b71f-b88a60e194fb", "timestamp": "2019-12-30T22:43:29.000Z", "eventType": "transaction", "_adobeamericaspot3": {"CRMID": "crmid:8956244081", "orderDetails": {"orderID": "orderid:692975", "reservationid": "ANZ-SN4U", "orderType": "kiosk"}}}
{"_id": "fd589490-53c8-11ea-b424-b88a60e194fb", "timestamp": "2020-02-03T13:36:36.000Z", "eventType": "transaction", "_adobeamericaspot3": {"CRMID": "crmid:6407978302", "orderDetails": {"orderID": "orderid:116208", "reservationid": "BLX-KLPU", "orderType": "service desk"}}}
{"_id": "fd59a608-53c8-11ea-acf7-b88a60e194fb", "timestamp": "2019-12-11T18:28:21.000Z", "eventType": "transaction", "_adobeamericaspot3": {"CRMID": "crmid:4415517729", "orderDetails": {"orderID": "orderid:359276", "reservationid": "IQR-C0FT", "orderType": "kiosk"}}}
{"_id": "fd5a90a4-53c8-11ea-9f4c-b88a60e194fb", "timestamp": "2020-01-19T21:30:12.000Z", "eventType": "transaction", "_adobeamericaspot3": {"CRMID": "crmid:7888998936", "orderDetails": {"orderID": "orderid:388172", "reservationid": "2AC-H9N5", "orderType": "mobile"}}}
{"_id": "fd5b7af6-53c8-11ea-9bf4-b88a60e194fb", "timestamp": "2019-12-26T16:19:44.000Z", "eventType": "transaction", "_adobeamericaspot3": {"CRMID": "crmid:3945811009", "orderDetails": {"orderID": "orderid:211191", "reservationid": "COJ-OPJ1", "orderType": "website"}}}
{"_id": "fd5c8cbe-53c8-11ea-998e-b88a60e194fb", "timestamp": "2019-12-15T23:41:58.000Z", "eventType": "transaction", "_adobeamericaspot3": {"CRMID": "crmid:8531271765", "orderDetails": {"orderID": "orderid:985148", "reservationid": "HSK-76GD", "orderType": "call center"}}}
{"_id": "fd5dc4f6-53c8-11ea-a57f-b88a60e194fb", "timestamp": "2019-12-05T17:39:53.000Z", "eventType": "transaction", "_adobeamericaspot3": {"CRMID": "crmid:3581669473", "orderDetails": {"orderID": "orderid:570103", "reservationid": "WXU-I44Q", "orderType": "website"}}}
{"_id": "fd5efc74-53c8-11ea-9e2d-b88a60e194fb", "timestamp": "2020-01-22T01:55:15.000Z", "eventType": "transaction", "_adobeamericaspot3": {"CRMID": "crmid:2051245953", "orderDetails": {"orderID": "orderid:996638", "reservationid": "P1R-1DXI", "orderType": "service desk"}}}
{"_id": "fd6035e8-53c8-11ea-b807-b88a60e194fb", "timestamp": "2020-02-16T04:43:43.000Z", "eventType": "transaction", "_adobeamericaspot3": {"CRMID": "crmid:8264444885", "orderDetails": {"orderID": "orderid:605760", "reservationid": "ZT8-YR3P", "orderType": "mobile"}}}
{"_id": "fd616e70-53c8-11ea-8afb-b88a60e194fb", "timestamp": "2019-12-30T02:25:03.000Z", "eventType": "transaction", "_adobeamericaspot3": {"CRMID": "crmid:9957145132", "orderDetails": {"orderID": "orderid:880564", "reservationid": "LQN-AEPZ", "orderType": "kiosk"}}}
{"_id": "fd62cdfa-53c8-11ea-90cb-b88a60e194fb", "timestamp": "2020-01-19T00:44:52.000Z", "eventType": "transaction", "_adobeamericaspot3": {"CRMID": "crmid:4797166749", "orderDetails": {"orderID": "orderid:352195", "reservationid": "GLA-MW6W", "orderType": "mobile"}}}
{"_id": "fd64effa-53c8-11ea-8a9e-b88a60e194fb", "timestamp": "2019-12-17T22:20:26.000Z", "eventType": "transaction", "_adobeamericaspot3": {"CRMID": "crmid:4625232608", "orderDetails": {"orderID": "orderid:382700", "reservationid": "ZOH-AHIJ", "orderType": "service desk"}}}
{"_id": "fda2bbda-53c8-11ea-8a9e-b88a60e194fb", "timestamp": "2020-01-28T18:32:42.000Z", "eventType": "transaction", "_adobeamericaspot3": {"CRMID": "crmid:1514691092", "orderDetails": {"orderID": "orderid:824220", "reservationid": "BXG-YA4F", "orderType": "mobile"}}}
{"_id": "fde988d4-53c8-11ea-b117-b88a60e194fb", "timestamp": "2020-01-10T07:09:31.000Z", "eventType": "transaction", "_adobeamericaspot3": {"CRMID": "crmid:8935595108", "orderDetails": {"orderID": "orderid:494501", "reservationid": "HEF-JN65", "orderType": "kiosk"}}}
{"_id": "fe10c0ac-53c8-11ea-bcbb-b88a60e194fb", "timestamp": "2020-01-25T04:17:19.000Z", "eventType": "transaction", "_adobeamericaspot3": {"CRMID": "crmid:5051767553", "orderDetails": {"orderID": "orderid:546677", "reservationid": "LDX-QXDF", "orderType": "kiosk"}}}
{"_id": "fe19e790-53c8-11ea-b0ad-b88a60e194fb", "timestamp": "2019-12-03T00:11:19.000Z", "eventType": "transaction", "_adobeamericaspot3": {"CRMID": "crmid:3262750040", "orderDetails": {"orderID": "orderid:733452", "reservationid": "F5T-NWJ1", "orderType": "website"}}}
{"_id": "fe1b2018-53c8-11ea-ace9-b88a60e194fb", "timestamp": "2019-12-19T06:10:27.000Z", "eventType": "transaction", "_adobeamericaspot3": {"CRMID": "crmid:7843257631", "orderDetails": {"orderID": "orderid:600619", "reservationid": "RJP-CG0Y", "orderType": "call center"}}}
{"_id": "fe1ca6b6-53c8-11ea-9094-b88a60e194fb", "timestamp": "2020-01-08T13:44:09.000Z", "eventType": "transaction", "_adobeamericaspot3": {"CRMID": "crmid:5894027273", "orderDetails": {"orderID": "orderid:406120", "reservationid": "OF6-WOAZ", "orderType": "mobile"}}}
{"_id": "fe1db82c-53c8-11ea-a1e0-b88a60e194fb", "timestamp": "2020-01-08T00:54:44.000Z", "eventType": "transaction", "_adobeamericaspot3": {"CRMID": "crmid:4252469748", "orderDetails": {"orderID": "orderid:164054", "reservationid": "5ZI-OXNU", "orderType": "call center"}}}
{"_id": "fe1f17b6-53c8-11ea-8589-b88a60e194fb", "timestamp": "2020-01-14T22:37:15.000Z", "eventType": "transaction", "_adobeamericaspot3": {"CRMID": "crmid:8168310707", "orderDetails": {"orderID": "orderid:186689", "reservationid": "UHW-VXBG", "orderType": "kiosk"}}}
{"_id": "fe205034-53c8-11ea-aa62-b88a60e194fb", "timestamp": "2020-01-11T16:45:46.000Z", "eventType": "transaction", "_adobeamericaspot3": {"CRMID": "crmid:7142431484", "orderDetails": {"orderID": "orderid:638833", "reservationid": "K6R-VCLL", "orderType": "service desk"}}}
{"_id": "fe2161a4-53c8-11ea-9815-b88a60e194fb", "timestamp": "2020-02-02T01:03:53.000Z", "eventType": "transaction", "_adobeamericaspot3": {"CRMID": "crmid:4588981892", "orderDetails": {"orderID": "orderid:947381", "reservationid": "I4G-TD29", "orderType": "kiosk"}}}
{"_id": "fe229a2c-53c8-11ea-939a-b88a60e194fb", "timestamp": "2019-12-02T12:51:44.000Z", "eventType": "transaction", "_adobeamericaspot3": {"CRMID": "crmid:1021468478", "orderDetails": {"orderID": "orderid:900703", "reservationid": "VZR-U8CP", "orderType": "call center"}}}
{"_id": "fe246edc-53c8-11ea-a60f-b88a60e194fb", "timestamp": "2020-01-20T07:28:45.000Z", "eventType": "transaction", "_adobeamericaspot3": {"CRMID": "crmid:8118444284", "orderDetails": {"orderID": "orderid:610476", "reservationid": "YR8-9P23", "orderType": "website"}}}
{"_id": "fe25f57e-53c8-11ea-a000-b88a60e194fb", "timestamp": "2020-02-13T05:29:12.000Z", "eventType": "transaction", "_adobeamericaspot3": {"CRMID": "crmid:9123634956", "orderDetails": {"orderID": "orderid:577954", "reservationid": "VAI-CFB9", "orderType": "mobile"}}}
{"_id": "fe27a390-53c8-11ea-a9a4-b88a60e194fb", "timestamp": "2020-01-23T17:30:27.000Z", "eventType": "transaction", "_adobeamericaspot3": {"CRMID": "crmid:1269581440", "orderDetails": {"orderID": "orderid:433936", "reservationid": "4PK-K4PJ", "orderType": "website"}}}
{"_id": "fe2929e8-53c8-11ea-9c42-b88a60e194fb", "timestamp": "2019-12-25T10:00:39.000Z", "eventType": "transaction", "_adobeamericaspot3": {"CRMID": "crmid:1294763631", "orderDetails": {"orderID": "orderid:328594", "reservationid": "W22-QO6F", "orderType": "call center"}}}
{"_id": "fe2a8968-53c8-11ea-9b17-b88a60e194fb", "timestamp": "2020-01-07T22:52:44.000Z", "eventType": "transaction", "_adobeamericaspot3": {"CRMID": "crmid:4883886283", "orderDetails": {"orderID": "orderid:792976", "reservationid": "K17-GI4N", "orderType": "call center"}}}
{"_id": "fe2ab080-53c8-11ea-8d30-b88a60e194fb", "timestamp": "2020-01-18T00:00:00.000Z", "eventType": "transaction", "_adobeamericaspot3": {"CRMID": "crmid:4883886283", "orderDetails": {"orderID": "orderid:816000", "reservationid": "KEL-6CYK", "orderType": "call center"}}}
{"_id": "fe2c0ff6-53c8-11ea-9818-b88a60e194fb", "timestamp": "2019-12-12T01:10:34.000Z", "eventType": "transaction", "_adobeamericaspot3": {"CRMID": "crmid:9635867277", "orderDetails": {"orderID": "orderid:438773", "reservationid": "0JG-P59I", "orderType": "call center"}}}
{"_id": "fe2d4888-53c8-11ea-a8e1-b88a60e194fb", "timestamp": "2019-12-05T02:23:29.000Z", "eventType": "transaction", "_adobeamericaspot3": {"CRMID": "crmid:1229403638", "orderDetails": {"orderID": "orderid:838160", "reservationid": "ANP-TWVL", "orderType": "kiosk"}}}
{"_id": "fe2e8106-53c8-11ea-92d9-b88a60e194fb", "timestamp": "2020-02-05T21:22:36.000Z", "eventType": "transaction", "_adobeamericaspot3": {"CRMID": "crmid:5873056996", "orderDetails": {"orderID": "orderid:914444", "reservationid": "OIT-HCN5", "orderType": "website"}}}
{"_id": "fe2ea80c-53c8-11ea-a28e-b88a60e194fb", "timestamp": "2020-02-11T00:00:00.000Z", "eventType": "transaction", "_adobeamericaspot3": {"CRMID": "crmid:5873056996", "orderDetails": {"orderID": "orderid:167145", "reservationid": "YQ9-IYYU", "orderType": "mobile"}}}
{"_id": "fe2fb97e-53c8-11ea-a534-b88a60e194fb", "timestamp": "2019-12-31T15:07:21.000Z", "eventType": "transaction", "_adobeamericaspot3": {"CRMID": "crmid:5419839352", "orderDetails": {"orderID": "orderid:883178", "reservationid": "9K6-DNAE", "orderType": "website"}}}
{"_id": "fe30f210-53c8-11ea-a4dc-b88a60e194fb", "timestamp": "2020-02-04T20:12:51.000Z", "eventType": "transaction", "_adobeamericaspot3": {"CRMID": "crmid:9956023346", "orderDetails": {"orderID": "orderid:176935", "reservationid": "P74-E3V7", "orderType": "website"}}}
{"_id": "fe325236-53c8-11ea-8483-b88a60e194fb", "timestamp": "2019-12-25T09:08:20.000Z", "eventType": "transaction", "_adobeamericaspot3": {"CRMID": "crmid:6147503048", "orderDetails": {"orderID": "orderid:674567", "reservationid": "PS9-634D", "orderType": "website"}}}
{"_id": "fe33b11e-53c8-11ea-a680-b88a60e194fb", "timestamp": "2020-01-30T21:07:43.000Z", "eventType": "transaction", "_adobeamericaspot3": {"CRMID": "crmid:9249466628", "orderDetails": {"orderID": "orderid:303696", "reservationid": "K2C-BYZ0", "orderType": "kiosk"}}}
{"_id": "fe3510be-53c8-11ea-9038-b88a60e194fb", "timestamp": "2020-01-19T13:47:33.000Z", "eventType": "transaction", "_adobeamericaspot3": {"CRMID": "crmid:5120180480", "orderDetails": {"orderID": "orderid:428495", "reservationid": "6GE-BQQQ", "orderType": "kiosk"}}}
{"_id": "fe364930-53c8-11ea-bf36-b88a60e194fb", "timestamp": "2019-12-08T23:05:11.000Z", "eventType": "transaction", "_adobeamericaspot3": {"CRMID": "crmid:1255597307", "orderDetails": {"orderID": "orderid:392497", "reservationid": "868-QHJL", "orderType": "kiosk"}}}
{"_id": "fe37cfd0-53c8-11ea-a22a-b88a60e194fb", "timestamp": "2019-12-13T03:56:20.000Z", "eventType": "transaction", "_adobeamericaspot3": {"CRMID": "crmid:9443123999", "orderDetails": {"orderID": "orderid:901196", "reservationid": "CSW-GCFJ", "orderType": "kiosk"}}}
{"_id": "fe392f58-53c8-11ea-a809-b88a60e194fb", "timestamp": "2020-01-15T10:43:04.000Z", "eventType": "transaction", "_adobeamericaspot3": {"CRMID": "crmid:6413292463", "orderDetails": {"orderID": "orderid:279372", "reservationid": "ZV1-FKTA", "orderType": "website"}}}
{"_id": "fe3a8ede-53c8-11ea-b08f-b88a60e194fb", "timestamp": "2020-02-09T07:08:50.000Z", "eventType": "transaction", "_adobeamericaspot3": {"CRMID": "crmid:9606597143", "orderDetails": {"orderID": "orderid:665120", "reservationid": "KGC-6NPZ", "orderType": "website"}}}
{"_id": "fe3b794a-53c8-11ea-95b7-b88a60e194fb", "timestamp": "2019-12-21T10:40:53.000Z", "eventType": "transaction", "_adobeamericaspot3": {"CRMID": "crmid:7953940810", "orderDetails": {"orderID": "orderid:400951", "reservationid": "QLL-FRBH", "orderType": "kiosk"}}}
{"_id": "fe3cb1c6-53c8-11ea-838f-b88a60e194fb", "timestamp": "2019-12-10T06:23:21.000Z", "eventType": "transaction", "_adobeamericaspot3": {"CRMID": "crmid:8584788117", "orderDetails": {"orderID": "orderid:762153", "reservationid": "REK-ON1W", "orderType": "call center"}}}
{"_id": "fe3d9da2-53c8-11ea-b24f-b88a60e194fb", "timestamp": "2020-02-06T18:45:49.000Z", "eventType": "transaction", "_adobeamericaspot3": {"CRMID": "crmid:1503065527", "orderDetails": {"orderID": "orderid:260861", "reservationid": "6HG-LPT1", "orderType": "kiosk"}}}
{"_id": "fe3ead9a-53c8-11ea-934c-b88a60e194fb", "timestamp": "2019-12-12T07:22:40.000Z", "eventType": "transaction", "_adobeamericaspot3": {"CRMID": "crmid:9251662544", "orderDetails": {"orderID": "orderid:178995", "reservationid": "VCD-EFGQ", "orderType": "kiosk"}}}
{"_id": "fe3fc07a-53c8-11ea-992f-b88a60e194fb", "timestamp": "2019-12-28T20:21:11.000Z", "eventType": "transaction", "_adobeamericaspot3": {"CRMID": "crmid:7544618483", "orderDetails": {"orderID": "orderid:658194", "reservationid": "JOH-CMLJ", "orderType": "website"}}}
{"_id": "fe40f7a2-53c8-11ea-8df7-b88a60e194fb", "timestamp": "2020-01-21T14:30:26.000Z", "eventType": "transaction", "_adobeamericaspot3": {"CRMID": "crmid:4321927681", "orderDetails": {"orderID": "orderid:706905", "reservationid": "HUV-ZR1G", "orderType": "website"}}}
{"_id": "fe425722-53c8-11ea-99f3-b88a60e194fb", "timestamp": "2019-12-05T05:01:06.000Z", "eventType": "transaction", "_adobeamericaspot3": {"CRMID": "crmid:3649347903", "orderDetails": {"orderID": "orderid:919979", "reservationid": "ONX-YA92", "orderType": "mobile"}}}
{"_id": "fe43b6ee-53c8-11ea-a92a-b88a60e194fb", "timestamp": "2020-02-10T08:02:02.000Z", "eventType": "transaction", "_adobeamericaspot3": {"CRMID": "crmid:8183377902", "orderDetails": {"orderID": "orderid:899633", "reservationid": "NFM-3LC3", "orderType": "service desk"}}}
{"_id": "fe45179c-53c8-11ea-93b5-b88a60e194fb", "timestamp": "2019-12-25T05:46:37.000Z", "eventType": "transaction", "_adobeamericaspot3": {"CRMID": "crmid:4088766367", "orderDetails": {"orderID": "orderid:997178", "reservationid": "45M-GL5X", "orderType": "website"}}}
{"_id": "fe464f14-53c8-11ea-b8c5-b88a60e194fb", "timestamp": "2019-12-29T10:30:58.000Z", "eventType": "transaction", "_adobeamericaspot3": {"CRMID": "crmid:8693686256", "orderDetails": {"orderID": "orderid:883274", "reservationid": "VQQ-B33O", "orderType": "call center"}}}
{"_id": "fe4788c2-53c8-11ea-9823-b88a60e194fb", "timestamp": "2019-12-03T01:47:27.000Z", "eventType": "transaction", "_adobeamericaspot3": {"CRMID": "crmid:8140724483", "orderDetails": {"orderID": "orderid:175323", "reservationid": "VK0-GYXG", "orderType": "website"}}}
{"_id": "fe48e706-53c8-11ea-8a2f-b88a60e194fb", "timestamp": "2020-02-11T04:05:24.000Z", "eventType": "transaction", "_adobeamericaspot3": {"CRMID": "crmid:2902222029", "orderDetails": {"orderID": "orderid:119321", "reservationid": "RYZ-XU01", "orderType": "kiosk"}}}
{"_id": "fe49d2a2-53c8-11ea-90ec-b88a60e194fb", "timestamp": "2019-12-09T14:43:30.000Z", "eventType": "transaction", "_adobeamericaspot3": {"CRMID": "crmid:7440082145", "orderDetails": {"orderID": "orderid:573155", "reservationid": "S1Q-LZ8B", "orderType": "call center"}}}
{"_id": "fe4abd00-53c8-11ea-9f3f-b88a60e194fb", "timestamp": "2019-12-06T04:31:02.000Z", "eventType": "transaction", "_adobeamericaspot3": {"CRMID": "crmid:4541423150", "orderDetails": {"orderID": "orderid:268110", "reservationid": "LAI-O55D", "orderType": "mobile"}}}
{"_id": "fe4b804c-53c8-11ea-81b8-b88a60e194fb", "timestamp": "2019-12-16T05:45:30.000Z", "eventType": "transaction", "_adobeamericaspot3": {"CRMID": "crmid:9818900676", "orderDetails": {"orderID": "orderid:723005", "reservationid": "8SP-B8SP", "orderType": "mobile"}}}
{"_id": "fe4c4394-53c8-11ea-9b93-b88a60e194fb", "timestamp": "2020-02-05T21:42:02.000Z", "eventType": "transaction", "_adobeamericaspot3": {"CRMID": "crmid:1794037361", "orderDetails": {"orderID": "orderid:664133", "reservationid": "MUA-MABL", "orderType": "website"}}}
{"_id": "fe4d2dc0-53c8-11ea-bfff-b88a60e194fb", "timestamp": "2020-02-05T04:19:48.000Z", "eventType": "transaction", "_adobeamericaspot3": {"CRMID": "crmid:1565951115", "orderDetails": {"orderID": "orderid:755011", "reservationid": "ISL-AE4I", "orderType": "call center"}}}
