email,first_name,last_name
bopeep1997@yahoo.com,Wayne,Chaney
spacial1890@gmail.com,Keith,Aguirre
dewdrop2039@yahoo.com,Ward,Hodges
ballroom2012@outlook.com,Junior,Salas
emblem1862@outlook.com,Tiesha,Cortez
militaristic1976@outlook.com,Domenic,Compton
dislocator1880@live.com,Son,Macias
misentreat1962@yandex.com,Loren,Mcconnell
dipak1869@live.com,Irvin,Crawford
strawsmall1989@yahoo.com,Les,Adkins
moralistic1870@outlook.com,Adan,Parker
peteca2052@yahoo.com,Lewis,Mcconnell
standardbred1935@yandex.com,Royal,Zamora
culinary2004@outlook.com,Lakiesha,Wilcox
victorianism1991@gmail.com,Tracy,Landry
feoffee1834@live.com,Palmer,Bishop
hayforks1946@gmail.com,Luciano,Savage
basset1916@yandex.com,Antonio,Calderon
delroy1951@yandex.com,Sherman,Mcguire
kurikata1886@gmail.com,Jaymie,Dickerson
bloodshedder1831@gmail.com,Wilfred,Coleman
blackings2017@live.com,Grant,Alvarado
calcinosis1960@yahoo.com,Miquel,Mckee
intact1851@gmail.com,Darius,Harrington
sevennight2014@live.com,Tommie,Tanner
