crmid,city,country,zip,state,street address
crmid:8633308767,Bellaire,United States,57969,California,376 Harney
crmid:1797222984,Westminster,United States,40522,Mississippi,856 Getz
crmid:7972677965,Socorro,United States,23363,Kansas,348 Williams
crmid:6337683940,Port Orange,United States,80139,Rhode Island,1399 Sadowa
crmid:1009598715,Round Rock,United States,85801,Alaska,281 Forest Hill
crmid:7446375856,Cary,United States,05354,New Hampshire,301 Harbor
crmid:6791548498,Bend,United States,19997,Colorado,1310 Woodland
crmid:4438640713,Lee's Summit,United States,04734,South Dakota,527 Eugenia
crmid:2380017264,St. George,United States,08791,Iowa,932 Santos
crmid:8058331199,Point Pleasant,United States,88138,Massachusetts,856 Valletta
crmid:1793069952,Washington,United States,76365,Alabama,912 Fairbanks
crmid:7129801914,Hoboken,United States,82220,Maryland,1316 Restani
crmid:7877087014,Port Hueneme,United States,33315,South Carolina,339 Fresnel
crmid:8608572662,Biloxi,United States,64977,Connecticut,995 Adele
crmid:8731920837,Jeffersontown,United States,29928,Nebraska,944 Larkin
crmid:4964308808,Grapevine,United States,17934,Colorado,1317 Middle Point
crmid:4144955747,Watertown,United States,14502,Mississippi,140 Blackstone
crmid:7107292872,Mount Clemens,United States,21418,Virginia,1385 Lathrop
crmid:6095864776,San Jose,United States,03751,Arizona,1253 Santa Ana
crmid:6516459673,DeSoto,United States,28671,Kentucky,926 Esquina
crmid:5167133788,Mesa,United States,85694,North Carolina,1023 Miramar
crmid:8201802706,Dinuba,United States,36562,Hawaii,110 Del Vale
crmid:9496080776,Tigard,United States,68729,California,376 Harlem
crmid:7758362639,Eagle Mountain,United States,16790,New Jersey,519 Heron
crmid:8438612223,Bedford,United States,98046,Tennessee,773 Oriole
