crmid,city,country,zip,state,street address
crmid:4842116368,New Orleans,United States,61466,South Carolina,419 Incinerator
crmid:2117922641,Crest Hill,United States,92286,Washington,1017 Mulford
crmid:1642621765,Whitehall,United States,82491,Hawaii,1010 Burrows
crmid:5900157813,Chelsea,United States,92943,Missouri,106 San Lorenzo
crmid:9733417999,Torrance,United States,53449,New Hampshire,1183 Quickstep
crmid:6297677517,Caledonia,United States,33832,Hawaii,1078 Arbor
crmid:5405844957,Palm Beach Gardens,United States,88270,Arizona,1182 Plum
crmid:1231524776,Brookings,United States,82735,New Mexico,896 Marion
crmid:9160597351,Tooele,United States,39209,Colorado,478 Georgia
crmid:8515592870,Johnstown,United States,64987,Arkansas,802 Wood
crmid:5300631876,Tuscaloosa,United States,33402,South Dakota,377 Hanover
crmid:9016132558,Dana Point,United States,39511,Virginia,583 Argent
crmid:6677000018,Tiffin,United States,00046,Michigan,491 Taraval
crmid:6882367335,North Canton,United States,92274,North Dakota,150 Great
crmid:6927451174,Lafayette,United States,53418,Wyoming,1298 John Maher
crmid:6059390934,Lake Elsinore,United States,76020,Maine,1151 Fair
crmid:4213843541,Ridgewood,United States,43050,Nevada,1043 Craut
crmid:1104975855,Bakersfield,United States,79104,Massachusetts,916 Staples
crmid:9071639458,Benton,United States,57002,Ohio,1132 Lessing
crmid:2917209916,Mesquite,United States,16871,New Jersey,461 Cloud
crmid:6096373747,Darien,United States,48765,Pennsylvania,1125 Owens
crmid:7528974198,Pickerington,United States,23612,Rhode Island,729 Vassar
crmid:9628294032,Russellville,United States,97728,Nevada,480 Kent
crmid:2494690236,Englewood,United States,81687,Arkansas,690 Arago
crmid:3030150274,North Richland Hills,United States,93845,West Virginia,1317 Sergeant John V Young
