id,reservationid,orderid,crmid,timestamp,orderType,productsku,hotelCheckInUnix,hotelCheckOutUnix,hotelCheckInTS,hotelCheckOutTS,hotelName,hotelChain,hotelLocation,hotelRoomType,hotelRoomCount,hotelGuestAdultCount,hotelGuestChildCount,hotelNightCount,hotelRoomPrice,hotelFinalPrice
9e95e6d2-53cb-11ea-af20-b88a60e194fb,X3X-BR1G,orderid:176521,crmid:3529668399,2019-12-24T03:07:31.000Z,kiosk,prd1013,1579144051,1579921651,2020-01-16T03:07:31+00:00,2020-01-25T03:07:31+00:00,Grandeur Hotels: Austin,Grandeur Hotels,Austin,standard,1,1,0,9,103.27,929.43
9e96a954-53cb-11ea-99e1-b88a60e194fb,FA0-XEDJ,orderid:974094,crmid:5224194823,2019-12-21T01:12:37.000Z,website,prd1059,1578791557,1579396357,2020-01-12T01:12:37+00:00,2020-01-19T01:12:37+00:00,Hospitality Inn: Kinshasa,Hospitality Inn,Kinshasa,standard,1,1,0,7,114.41,800.87
9e976d80-53cb-11ea-b3f6-b88a60e194fb,CTF-SENY,orderid:605784,crmid:3057217774,2019-12-24T17:49:29.000Z,call center,prd1049,1579110569,1579715369,2020-01-15T17:49:29+00:00,2020-01-22T17:49:29+00:00,Grandeur Hotels: Tulsa,Grandeur Hotels,Tulsa,standard,1,1,0,7,130.96,916.72
9e985652-53cb-11ea-b6d1-b88a60e194fb,2IH-4OZM,orderid:309340,crmid:9201709436,2020-01-01T21:40:00.000Z,mobile,prd1172,1580506800,1580938800,2020-01-31T21:40:00+00:00,2020-02-05T21:40:00+00:00,Aspen Heights: Mesa,Aspen Heights,Mesa,standard,1,1,2,5,110.34,551.7
9e994180-53cb-11ea-9809-b88a60e194fb,EW5-0JXI,orderid:907765,crmid:6897839655,2020-01-20T10:11:12.000Z,service desk,prd1051,1579687872,1579860672,2020-01-22T10:11:12+00:00,2020-01-24T10:11:12+00:00,Family Fun Hotels: New Orleans,Family Fun Hotels,New Orleans,standard,1,1,0,2,159.34,318.68
9e9a522c-53cb-11ea-a53e-b88a60e194fb,U8O-CBT6,orderid:516461,crmid:5428284465,2019-12-24T19:55:36.000Z,website,prd1149,1577303736,1577476536,2019-12-25T19:55:36+00:00,2019-12-27T19:55:36+00:00,Sapphire Suites: San Francisco,Sapphire Suites,San Francisco,standard,1,1,0,2,180.25,360.5
9e9b3c92-53cb-11ea-9f4b-b88a60e194fb,5FM-CNEN,orderid:642497,crmid:2842703086,2020-01-15T20:57:49.000Z,website,prd1183,1581022669,1581541069,2020-02-06T20:57:49+00:00,2020-02-12T20:57:49+00:00,Family Fun Hotels: Tulsa,Family Fun Hotels,Tulsa,standard,1,1,3,6,138.99,833.94
9e9bffd8-53cb-11ea-8db1-b88a60e194fb,IYI-IG6N,orderid:908743,crmid:9464606930,2020-01-28T17:41:31.000Z,kiosk,prd1118,1582134091,1582393291,2020-02-19T17:41:31+00:00,2020-02-22T17:41:31+00:00,Blue Reef Resort: Cologne,Blue Reef Resort,Cologne,premium,1,1,0,3,139.01,417.03
9e9c9c12-53cb-11ea-a52e-b88a60e194fb,ADG-QOLA,orderid:229325,crmid:9627547187,2020-01-05T22:41:29.000Z,call center,prd1098,1578350489,1578696089,2020-01-06T22:41:29+00:00,2020-01-10T22:41:29+00:00,Restful Nights: Kiev,Restful Nights,Kiev,premium,1,1,0,4,177.32,709.28
9e9d5f6c-53cb-11ea-b009-b88a60e194fb,1EZ-NIQN,orderid:696041,crmid:8108405422,2020-01-04T15:36:35.000Z,website,prd1189,1579707395,1580225795,2020-01-22T15:36:35+00:00,2020-01-28T15:36:35+00:00,Admiralty Plaza: Bakersfield,Admiralty Plaza,Bakersfield,premium,1,1,0,6,168.51,1011.06
9e9e22b6-53cb-11ea-a8a8-b88a60e194fb,NC9-I6CU,orderid:760643,crmid:3440226784,2019-12-31T03:27:37.000Z,mobile,prd1112,1577849257,1578022057,2020-01-01T03:27:37+00:00,2020-01-03T03:27:37+00:00,Aspen Heights: Birmingham,Aspen Heights,Birmingham,premium,1,1,0,2,110.79,221.58
9e9ee606-53cb-11ea-a903-b88a60e194fb,6P9-8K6Q,orderid:627994,crmid:8234519413,2019-12-26T22:43:40.000Z,call center,prd1169,1579041820,1580165020,2020-01-14T22:43:40+00:00,2020-01-27T22:43:40+00:00,Grandeur Hotels: Tucson,Grandeur Hotels,Tucson,standard,1,1,0,13,167.15,2172.95
9e9fd06e-53cb-11ea-9590-b88a60e194fb,CKT-HRKF,orderid:539302,crmid:5749433425,2020-01-01T21:52:20.000Z,website,prd1109,1580334740,1581371540,2020-01-29T21:52:20+00:00,2020-02-10T21:52:20+00:00,Grandeur Hotels: Belgrade,Grandeur Hotels,Belgrade,premium,1,1,4,12,117.48,1409.76
9ea0bac6-53cb-11ea-a797-b88a60e194fb,2VC-KGJ0,orderid:416765,crmid:8323918142,2020-02-07T16:13:49.000Z,website,prd1168,1582992829,1583684029,2020-02-29T16:13:49+00:00,2020-03-08T16:13:49+00:00,Sandhill: Albuquerque,Sandhill,Albuquerque,standard,1,1,0,8,150.71,1205.68
9ea1a52e-53cb-11ea-959a-b88a60e194fb,I17-JD0C,orderid:665720,crmid:3468796627,2020-01-12T03:21:32.000Z,call center,prd1086,1580872892,1581304892,2020-02-05T03:21:32+00:00,2020-02-10T03:21:32+00:00,Restful Nights: Johannesburg,Restful Nights,Johannesburg,standard,1,1,4,5,156.29,781.45
9ea24154-53cb-11ea-8eed-b88a60e194fb,HC6-LHLC,orderid:690653,crmid:6134450522,2019-12-03T06:40:21.000Z,call center,prd1065,1576996821,1577947221,2019-12-22T06:40:21+00:00,2020-01-02T06:40:21+00:00,Sapphire Suites: Beijing,Sapphire Suites,Beijing,presidential-suite,1,1,0,11,919.07,10109.77
9ea32bc6-53cb-11ea-8910-b88a60e194fb,F4C-J6V1,orderid:903192,crmid:9669852768,2019-12-27T13:00:06.000Z,call center,prd1142,1579870806,1580475606,2020-01-24T13:00:06+00:00,2020-01-31T13:00:06+00:00,Blue Reef Resort: Philadelphia,Blue Reef Resort,Philadelphia,premium,1,1,0,7,96.91,678.37
9ea3ef18-53cb-11ea-94f8-b88a60e194fb,JMO-0QDG,orderid:379438,crmid:3949384602,2019-12-23T12:02:22.000Z,website,prd1094,1578657742,1579435342,2020-01-10T12:02:22+00:00,2020-01-19T12:02:22+00:00,Blue Reef Resort: Berlin,Blue Reef Resort,Berlin,luxury,1,1,0,9,313.73,2823.57
9ea4b268-53cb-11ea-9e3b-b88a60e194fb,KFJ-P8YH,orderid:722200,crmid:3233039112,2020-02-04T14:47:08.000Z,website,prd1004,1582555628,1583506028,2020-02-24T14:47:08+00:00,2020-03-06T14:47:08+00:00,Aspen Heights: Boulder,Aspen Heights,Boulder,standard,1,1,0,11,145.61,1601.71
9ea54e9e-53cb-11ea-9a11-b88a60e194fb,SEH-EAVB,orderid:455374,crmid:8634411374,2019-12-11T00:45:10.000Z,website,prd1119,1576716310,1577321110,2019-12-19T00:45:10+00:00,2019-12-26T00:45:10+00:00,Hospitality Inn: Turin,Hospitality Inn,Turin,standard,1,1,0,7,124.41,870.87
9ea6601a-53cb-11ea-bfde-b88a60e194fb,TOW-XGJB,orderid:345764,crmid:5503517685,2019-12-11T07:57:09.000Z,kiosk,prd1160,1577865429,1578643029,2020-01-01T07:57:09+00:00,2020-01-10T07:57:09+00:00,Aspen Heights: Nashville,Aspen Heights,Nashville,premium,1,1,0,9,138.99,1250.91
9ea72424-53cb-11ea-bf7c-b88a60e194fb,O9P-EAZK,orderid:347068,crmid:5808001367,2020-01-27T15:13:58.000Z,kiosk,prd1190,1580570038,1581606838,2020-02-01T15:13:58+00:00,2020-02-13T15:13:58+00:00,Blue Reef Resort: Aurora,Blue Reef Resort,Aurora,premium,1,1,0,12,123.78,1485.36
9ea7e80a-53cb-11ea-b135-b88a60e194fb,IJ9-Y5JA,orderid:132343,crmid:7757810073,2019-12-21T13:11:16.000Z,mobile,prd1133,1577020276,1577193076,2019-12-22T13:11:16+00:00,2019-12-24T13:11:16+00:00,Grandeur Hotels: Toronto,Grandeur Hotels,Toronto,standard,1,1,0,2,123.36,246.72
9ea7e80b-53cb-11ea-87c1-b88a60e194fb,2T4-ZXSD,orderid:649646,crmid:7757810073,2019-12-25T00:00:00.000Z,call center,prd1077,1577318400,1577404800,2019-12-26T00:00:00+00:00,2019-12-27T00:00:00+00:00,Sapphire Suites: Cairo,Sapphire Suites,Cairo,standard,1,1,0,1,90.73,90.73
9ea8d242-53cb-11ea-8662-b88a60e194fb,A1P-425G,orderid:522252,crmid:2490780056,2019-12-16T14:53:31.000Z,mobile,prd1196,1577199211,1577544811,2019-12-24T14:53:31+00:00,2019-12-28T14:53:31+00:00,Aspen Heights: Moscow,Aspen Heights,Moscow,standard,1,1,0,4,109.67,438.68
9ea9bcc2-53cb-11ea-a23b-b88a60e194fb,PDU-HMGF,orderid:459314,crmid:7752225313,2020-02-16T12:01:18.000Z,website,prd1136,1583928078,1584014478,2020-03-11T12:01:18+00:00,2020-03-12T12:01:18+00:00,Aspen Heights: Osaka,Aspen Heights,Osaka,standard,1,1,0,1,126.5,126.5
9eaace2e-53cb-11ea-a31f-b88a60e194fb,IYZ-A2JK,orderid:496428,crmid:3537703542,2020-02-12T15:40:23.000Z,website,prd1191,1583163623,1583941223,2020-03-02T15:40:23+00:00,2020-03-11T15:40:23+00:00,Hospitality Inn: Mumbai,Hospitality Inn,Mumbai,ultra-luxury,1,1,0,9,277.08,2493.72
9eabb808-53cb-11ea-9aa8-b88a60e194fb,FDQ-ZIJ5,orderid:957327,crmid:6218307025,2019-12-27T23:34:18.000Z,website,prd1091,1577576058,1577662458,2019-12-28T23:34:18+00:00,2019-12-29T23:34:18+00:00,Nesting Box Inn: New Taipei,Nesting Box Inn,New Taipei,premium,1,1,0,1,121.11,121.11
9eac54ae-53cb-11ea-84be-b88a60e194fb,QI5-MQIN,orderid:481830,crmid:8212885731,2020-01-25T14:58:26.000Z,kiosk,prd1073,1580309906,1580914706,2020-01-29T14:58:26+00:00,2020-02-05T14:58:26+00:00,Grandeur Hotels: Lima,Grandeur Hotels,Lima,standard,1,1,2,7,152.24,1065.68
9ead181e-53cb-11ea-97df-b88a60e194fb,OA0-AHKO,orderid:547540,crmid:4503610176,2020-02-01T19:59:49.000Z,kiosk,prd1197,1580759989,1580846389,2020-02-03T19:59:49+00:00,2020-02-04T19:59:49+00:00,Sapphire Suites: London,Sapphire Suites,London,standard,1,1,0,1,129.24,129.24
9ead3f22-53cb-11ea-9acd-b88a60e194fb,EXV-BZNY,orderid:742110,crmid:4503610176,2020-02-05T00:00:00.000Z,website,prd1019,1580947200,1581292800,2020-02-06T00:00:00+00:00,2020-02-10T00:00:00+00:00,Nesting Box Inn: Charlotte,Nesting Box Inn,Charlotte,premium,1,1,0,4,136.91,547.64
9eae029a-53cb-11ea-b01f-b88a60e194fb,XRV-7M1S,orderid:273894,crmid:1606017612,2020-02-09T21:13:35.000Z,kiosk,prd1155,1583356415,1583874815,2020-03-04T21:13:35+00:00,2020-03-10T21:13:35+00:00,Hospitality Inn: Denver,Hospitality Inn,Denver,standard,1,1,3,6,183.69,1102.14
9eaec5b0-53cb-11ea-b087-b88a60e194fb,CDI-YMAO,orderid:631981,crmid:6092796253,2020-01-12T11:46:05.000Z,mobile,prd1157,1580557565,1580643965,2020-02-01T11:46:05+00:00,2020-02-02T11:46:05+00:00,Grandeur Hotels: Boston,Grandeur Hotels,Boston,standard,1,1,0,1,182.33,182.33
9eaf6224-53cb-11ea-b94f-b88a60e194fb,B5A-MXFP,orderid:319060,crmid:4250650327,2020-01-05T21:22:14.000Z,kiosk,prd1034,1578345734,1578432134,2020-01-06T21:22:14+00:00,2020-01-07T21:22:14+00:00,Blue Reef Resort: Albuquerque,Blue Reef Resort,Albuquerque,standard,1,1,0,1,148.41,148.41
9eb02566-53cb-11ea-80f9-b88a60e194fb,TOR-89E1,orderid:674564,crmid:4658414574,2019-12-20T06:01:16.000Z,call center,prd1022,1576994476,1577080876,2019-12-22T06:01:16+00:00,2019-12-23T06:01:16+00:00,Blue Reef Resort: Washington DC,Blue Reef Resort,Washington DC,premium,1,1,0,1,135.25,135.25
9eb15c98-53cb-11ea-a862-b88a60e194fb,6VR-OWXD,orderid:850716,crmid:7039959593,2020-02-02T02:59:11.000Z,website,prd1106,1582858751,1583636351,2020-02-28T02:59:11+00:00,2020-03-08T02:59:11+00:00,Blue Reef Resort: Munich,Blue Reef Resort,Munich,standard,1,1,1,9,166.1,1494.9
9eb24706-53cb-11ea-bb2a-b88a60e194fb,WKF-4GJD,orderid:762369,crmid:4098674508,2019-12-23T06:28:44.000Z,call center,prd1028,1579501724,1579933724,2020-01-20T06:28:44+00:00,2020-01-25T06:28:44+00:00,Aspen Heights: Portland,Aspen Heights,Portland,ultra-luxury,1,1,1,5,305.87,1529.35
9eb5f074-53cb-11ea-a33f-b88a60e194fb,NQK-DAA3,orderid:753166,crmid:9022040330,2019-12-22T05:31:02.000Z,kiosk,prd1165,1579411862,1580016662,2020-01-19T05:31:02+00:00,2020-01-26T05:31:02+00:00,Admiralty Plaza: Louisville,Admiralty Plaza,Louisville,standard,1,1,0,7,134.07,938.49
9eb68cb0-53cb-11ea-b6d5-b88a60e194fb,Y3X-UXPG,orderid:108826,crmid:1038892318,2020-01-31T16:13:24.000Z,call center,prd1027,1580832804,1581005604,2020-02-04T16:13:24+00:00,2020-02-06T16:13:24+00:00,Family Fun Hotels: Memphis,Family Fun Hotels,Memphis,standard,1,1,0,2,93.08,186.16
9eb77718-53cb-11ea-aa76-b88a60e194fb,5F4-LTYA,orderid:807378,crmid:6989458524,2019-12-05T06:30:34.000Z,kiosk,prd1066,1575613834,1576132234,2019-12-06T06:30:34+00:00,2019-12-12T06:30:34+00:00,Sego Lily Suites: Shanghai,Sego Lily Suites,Shanghai,luxury,1,1,0,6,268.79,1612.74
9eb81352-53cb-11ea-96b9-b88a60e194fb,QF6-MCAN,orderid:502851,crmid:2365612414,2020-01-03T06:42:42.000Z,mobile,prd1023,1578552162,1578811362,2020-01-09T06:42:42+00:00,2020-01-12T06:42:42+00:00,Hospitality Inn: Boston,Hospitality Inn,Boston,standard,1,1,0,3,121.58,364.74
9eb8d6ac-53cb-11ea-a8c6-b88a60e194fb,LUD-DP11,orderid:631997,crmid:4540931153,2019-12-20T02:00:59.000Z,mobile,prd1117,1579140059,1579744859,2020-01-16T02:00:59+00:00,2020-01-23T02:00:59+00:00,Admiralty Plaza: Dublin,Admiralty Plaza,Dublin,premium,1,1,0,7,139.32,975.24
9eb999f0-53cb-11ea-b3c2-b88a60e194fb,A0W-6HST,orderid:620386,crmid:6368212258,2019-12-01T22:26:00.000Z,call center,prd1070,1577744760,1578176760,2019-12-30T22:26:00+00:00,2020-01-04T22:26:00+00:00,Blue Reef Resort: Jakarta,Blue Reef Resort,Jakarta,standard,1,1,2,5,130.93,654.65
9eba8450-53cb-11ea-ab89-b88a60e194fb,U1M-KYMP,orderid:705543,crmid:2282823634,2020-01-13T15:43:41.000Z,kiosk,prd1025,1581435821,1581695021,2020-02-11T15:43:41+00:00,2020-02-14T15:43:41+00:00,Grandeur Hotels: Detroit,Grandeur Hotels,Detroit,standard,1,1,1,3,128.87,386.61
9ebbbd0c-53cb-11ea-80ed-b88a60e194fb,NA9-CDZZ,orderid:999824,crmid:8611704491,2019-12-30T08:22:35.000Z,call center,prd1009,1579681355,1580026955,2020-01-22T08:22:35+00:00,2020-01-26T08:22:35+00:00,Admiralty Plaza: San Antonio,Admiralty Plaza,San Antonio,standard,1,1,3,4,102.8,411.2
9ebcce74-53cb-11ea-aa8e-b88a60e194fb,GHA-U2Q8,orderid:804267,crmid:3741313693,2020-01-26T07:44:13.000Z,mobile,prd1037,1580629453,1581234253,2020-02-02T07:44:13+00:00,2020-02-09T07:44:13+00:00,Grandeur Hotels: Sacramento,Grandeur Hotels,Sacramento,ultra-luxury,1,1,0,7,314.61,2202.27
9ebd6aac-53cb-11ea-9c89-b88a60e194fb,BAG-YT01,orderid:343489,crmid:4734430512,2020-01-14T14:56:10.000Z,kiosk,prd1153,1580828170,1581087370,2020-02-04T14:56:10+00:00,2020-02-07T14:56:10+00:00,Admiralty Plaza: Charlotte,Admiralty Plaza,Charlotte,standard,1,1,4,3,171.88,515.64
9ebe7c24-53cb-11ea-b105-b88a60e194fb,JXF-OWGW,orderid:504396,crmid:9205693565,2020-01-28T10:07:36.000Z,call center,prd1014,1582452456,1583143656,2020-02-23T10:07:36+00:00,2020-03-02T10:07:36+00:00,Restful Nights: Jacksonville,Restful Nights,Jacksonville,standard,1,1,0,8,152.93,1223.44
9ebf8edc-53cb-11ea-9224-b88a60e194fb,GLD-QAHS,orderid:798155,crmid:8529523667,2020-01-23T23:11:26.000Z,mobile,prd1001,1580080286,1580512286,2020-01-26T23:11:26+00:00,2020-01-31T23:11:26+00:00,Grandeur Hotels: New York,Grandeur Hotels,New York,standard,1,1,0,5,117.22,586.1
9ec0521c-53cb-11ea-8523-b88a60e194fb,PHN-A55I,orderid:243879,crmid:1160494431,2020-01-09T02:56:44.000Z,mobile,prd1117,1578711404,1578970604,2020-01-11T02:56:44+00:00,2020-01-14T02:56:44+00:00,Admiralty Plaza: Dublin,Admiralty Plaza,Dublin,standard,1,1,0,3,136.01,408.03
9ec077e8-53cb-11ea-9cd5-b88a60e194fb,IFP-C7QJ,orderid:797232,crmid:1160494431,2020-01-15T00:00:00.000Z,call center,prd1019,1579219200,1579392000,2020-01-17T00:00:00+00:00,2020-01-19T00:00:00+00:00,Nesting Box Inn: Charlotte,Nesting Box Inn,Charlotte,standard,1,1,0,2,133.49,266.98
9ec11564-53cb-11ea-8ef7-b88a60e194fb,XYU-YBI9,orderid:722408,crmid:7803591054,2019-12-27T11:10:56.000Z,service desk,prd1189,1579086656,1579777856,2020-01-15T11:10:56+00:00,2020-01-23T11:10:56+00:00,Admiralty Plaza: Bakersfield,Admiralty Plaza,Bakersfield,premium,1,1,0,8,147.37,1178.96
9ec1d742-53cb-11ea-a451-b88a60e194fb,LLP-QFIP,orderid:908854,crmid:8061147183,2020-01-17T18:01:59.000Z,website,prd1081,1580666519,1581357719,2020-02-02T18:01:59+00:00,2020-02-10T18:01:59+00:00,Admiralty Plaza: Rod de Janeiro,Admiralty Plaza,Rod de Janeiro,premium,1,1,0,8,153.49,1227.92
9ec29c1a-53cb-11ea-b58d-b88a60e194fb,9E5-DVFH,orderid:445261,crmid:6818732911,2020-01-23T19:52:15.000Z,website,prd1062,1581364335,1581450735,2020-02-10T19:52:15+00:00,2020-02-11T19:52:15+00:00,Restful Nights: Moscow,Restful Nights,Moscow,standard,1,1,0,1,116.3,116.3
9ec33850-53cb-11ea-b350-b88a60e194fb,CQV-CRBM,orderid:958738,crmid:7692347234,2020-02-03T23:08:31.000Z,call center,prd1190,1582931311,1583536111,2020-02-28T23:08:31+00:00,2020-03-06T23:08:31+00:00,Blue Reef Resort: Aurora,Blue Reef Resort,Aurora,premium,1,1,0,7,142.19,995.33
9ec42170-53cb-11ea-9d4c-b88a60e194fb,4YC-C0AE,orderid:279576,crmid:9432195560,2020-01-24T01:06:38.000Z,kiosk,prd1148,1582333598,1583024798,2020-02-22T01:06:38+00:00,2020-03-01T01:06:38+00:00,Aspen Heights: Jacksonville,Aspen Heights,Jacksonville,ultra-luxury,1,1,0,8,311.09,2488.72
9ec4e5f8-53cb-11ea-816e-b88a60e194fb,QIZ-MNRY,orderid:798877,crmid:6770008930,2020-01-20T16:05:56.000Z,website,prd1172,1581696356,1582041956,2020-02-14T16:05:56+00:00,2020-02-18T16:05:56+00:00,Aspen Heights: Mesa,Aspen Heights,Mesa,standard,1,1,0,4,112.29,449.16
9ec5a946-53cb-11ea-8e43-b88a60e194fb,PAQ-FEMI,orderid:761858,crmid:9507933165,2019-12-01T12:13:59.000Z,website,prd1169,1576671239,1577189639,2019-12-18T12:13:59+00:00,2019-12-24T12:13:59+00:00,Grandeur Hotels: Tucson,Grandeur Hotels,Tucson,standard,1,1,0,6,141.14,846.84
9ec66cba-53cb-11ea-aa9a-b88a60e194fb,ACO-Q98Q,orderid:728279,crmid:4709370591,2020-01-27T00:51:39.000Z,website,prd1136,1580259099,1580345499,2020-01-29T00:51:39+00:00,2020-01-30T00:51:39+00:00,Aspen Heights: Osaka,Aspen Heights,Osaka,standard,1,1,0,1,145.26,145.26
9ec693d8-53cb-11ea-a27d-b88a60e194fb,OBI-TEJU,orderid:170942,crmid:4709370591,2020-01-31T00:00:00.000Z,kiosk,prd1165,1580515200,1580601600,2020-02-01T00:00:00+00:00,2020-02-02T00:00:00+00:00,Admiralty Plaza: Louisville,Admiralty Plaza,Louisville,standard,1,1,0,1,131.53,131.53
9ec7a512-53cb-11ea-9194-b88a60e194fb,SRG-7AZL,orderid:378862,crmid:5068311858,2020-01-26T03:57:07.000Z,call center,prd1009,1580183827,1580529427,2020-01-28T03:57:07+00:00,2020-02-01T03:57:07+00:00,Admiralty Plaza: San Antonio,Admiralty Plaza,San Antonio,standard,1,1,0,4,141.39,565.56
9ec88e36-53cb-11ea-bf87-b88a60e194fb,R4Z-4JD7,orderid:934362,crmid:2754427280,2019-12-07T08:24:30.000Z,service desk,prd1175,1577867070,1578558270,2020-01-01T08:24:30+00:00,2020-01-09T08:24:30+00:00,Nesting Box Inn: Long Beach,Nesting Box Inn,Long Beach,premium,1,1,0,8,153.98,1231.84
9ec92bc6-53cb-11ea-8dda-b88a60e194fb,JPN-CUZS,orderid:356689,crmid:6846710134,2019-12-29T02:48:25.000Z,website,prd1128,1579315705,1580611705,2020-01-18T02:48:25+00:00,2020-02-02T02:48:25+00:00,Repose Resort: Rotterdam,Repose Resort,Rotterdam,premium,1,1,0,15,158.19,2372.85
9eca3d2e-53cb-11ea-b883-b88a60e194fb,WCA-O6HO,orderid:169749,crmid:5039179952,2019-12-21T02:11:02.000Z,kiosk,prd1021,1577758262,1579313462,2019-12-31T02:11:02+00:00,2020-01-18T02:11:02+00:00,Admiralty Plaza: Denver,Admiralty Plaza,Denver,standard,1,1,1,18,143.93,2590.74
9ecad968-53cb-11ea-9552-b88a60e194fb,OZF-UV0Y,orderid:970011,crmid:3212407450,2019-12-11T05:46:40.000Z,call center,prd1075,1578030400,1578808000,2020-01-03T05:46:40+00:00,2020-01-12T05:46:40+00:00,Family Fun Hotels: Bangalore,Family Fun Hotels,Bangalore,standard,1,1,3,9,154.03,1386.27
9ecb9cb6-53cb-11ea-9f4d-b88a60e194fb,0LP-JTR5,orderid:203556,crmid:6353302749,2020-02-06T17:39:38.000Z,service desk,prd1118,1581356378,1582133978,2020-02-10T17:39:38+00:00,2020-02-19T17:39:38+00:00,Blue Reef Resort: Cologne,Blue Reef Resort,Cologne,standard,1,1,0,9,124.41,1119.69
9ecc6018-53cb-11ea-812e-b88a60e194fb,DJA-GIRJ,orderid:199478,crmid:7888595943,2020-01-19T00:19:46.000Z,website,prd1081,1581466786,1583108386,2020-02-12T00:19:46+00:00,2020-03-02T00:19:46+00:00,Admiralty Plaza: Rod de Janeiro,Admiralty Plaza,Rod de Janeiro,standard,1,1,0,19,104.84,1991.96
9ecd2358-53cb-11ea-826b-b88a60e194fb,8XB-GGEV,orderid:692880,crmid:5308398313,2020-02-07T16:22:50.000Z,website,prd1010,1583684570,1583943770,2020-03-08T16:22:50+00:00,2020-03-11T16:22:50+00:00,Blue Reef Resort: San Diego,Blue Reef Resort,San Diego,standard,1,1,0,3,123.23,369.69
9ecdbfa8-53cb-11ea-8562-b88a60e194fb,16M-LGCL,orderid:371893,crmid:8550832638,2019-12-05T18:55:03.000Z,mobile,prd1153,1575744903,1576349703,2019-12-07T18:55:03+00:00,2019-12-14T18:55:03+00:00,Admiralty Plaza: Charlotte,Admiralty Plaza,Charlotte,premium,1,1,0,7,125.88,881.16
9ece84c6-53cb-11ea-8875-b88a60e194fb,XJD-M1JP,orderid:337363,crmid:9699674925,2020-01-04T17:45:56.000Z,kiosk,prd1191,1580060756,1580492756,2020-01-26T17:45:56+00:00,2020-01-31T17:45:56+00:00,Hospitality Inn: Mumbai,Hospitality Inn,Mumbai,standard,1,1,0,5,168.35,841.75
9ecfe118-53cb-11ea-bc37-b88a60e194fb,DMC-K2KY,orderid:438086,crmid:1112558521,2019-12-30T06:38:10.000Z,mobile,prd1118,1579675090,1580279890,2020-01-22T06:38:10+00:00,2020-01-29T06:38:10+00:00,Blue Reef Resort: Cologne,Blue Reef Resort,Cologne,premium,1,1,0,7,167.93,1175.51
9ed0a5da-53cb-11ea-94db-b88a60e194fb,QDH-VRDY,orderid:288428,crmid:3966406637,2019-12-29T20:15:54.000Z,website,prd1058,1577823354,1578082554,2019-12-31T20:15:54+00:00,2020-01-03T20:15:54+00:00,Blue Reef Resort: Delhi,Blue Reef Resort,Delhi,premium,1,1,0,3,134.92,404.76
9ed1421c-53cb-11ea-a55b-b88a60e194fb,ML4-MXDV,orderid:409646,crmid:9533554402,2020-01-11T08:46:32.000Z,call center,prd1140,1579250792,1579855592,2020-01-17T08:46:32+00:00,2020-01-24T08:46:32+00:00,Repose Resort: Kano,Repose Resort,Kano,standard,1,1,1,7,91.83,642.81
9ed22c12-53cb-11ea-9fcc-b88a60e194fb,LQY-2KBR,orderid:400120,crmid:3019621290,2019-12-31T13:49:02.000Z,call center,prd1058,1579960142,1580564942,2020-01-25T13:49:02+00:00,2020-02-01T13:49:02+00:00,Blue Reef Resort: Delhi,Blue Reef Resort,Delhi,standard,1,1,0,7,150.85,1055.95
9ed2efb4-53cb-11ea-bfc4-b88a60e194fb,HPK-ZFF7,orderid:334527,crmid:7286787861,2020-02-10T11:44:49.000Z,kiosk,prd1077,1581594289,1581767089,2020-02-13T11:44:49+00:00,2020-02-15T11:44:49+00:00,Sapphire Suites: Cairo,Sapphire Suites,Cairo,premium,1,1,0,2,99.22,198.44
9ed3da12-53cb-11ea-9d1f-b88a60e194fb,8Z2-WDU6,orderid:386219,crmid:7113872039,2020-02-06T06:59:08.000Z,call center,prd1115,1581058748,1581231548,2020-02-07T06:59:08+00:00,2020-02-09T06:59:08+00:00,Nesting Box Inn: Cologne,Nesting Box Inn,Cologne,standard,1,1,0,2,120.93,241.86
9ed4eae6-53cb-11ea-a5d0-b88a60e194fb,EJD-1QCM,orderid:255338,crmid:7282497872,2019-12-21T15:44:10.000Z,website,prd1113,1578498250,1579189450,2020-01-08T15:44:10+00:00,2020-01-16T15:44:10+00:00,Sapphire Suites: Kazan,Sapphire Suites,Kazan,standard,1,1,0,8,195.97,1567.76
9ed5aeda-53cb-11ea-a80e-b88a60e194fb,ROL-DJDG,orderid:106115,crmid:6912099716,2020-01-01T08:58:03.000Z,website,prd1112,1580374683,1580979483,2020-01-30T08:58:03+00:00,2020-02-06T08:58:03+00:00,Aspen Heights: Birmingham,Aspen Heights,Birmingham,standard,1,1,0,7,179.67,1257.69
9ed64af6-53cb-11ea-a595-b88a60e194fb,QA7-G7KF,orderid:918324,crmid:7560747501,2019-12-11T03:40:16.000Z,website,prd1139,1578022816,1578886816,2020-01-03T03:40:16+00:00,2020-01-13T03:40:16+00:00,Nesting Box Inn: Nairobi,Nesting Box Inn,Nairobi,premium,1,1,0,10,159.88,1598.8
9ed70e22-53cb-11ea-bc26-b88a60e194fb,RWA-OJNA,orderid:516972,crmid:3592355656,2020-01-15T15:23:05.000Z,call center,prd1031,1579792985,1581002585,2020-01-23T15:23:05+00:00,2020-02-06T15:23:05+00:00,Nesting Box Inn: Louisville,Nesting Box Inn,Louisville,standard,1,1,0,14,135.39,1895.46
9ed7d176-53cb-11ea-8e5d-b88a60e194fb,53D-XYN4,orderid:519561,crmid:5896924342,2019-12-15T06:58:47.000Z,website,prd1050,1578034727,1578898727,2020-01-03T06:58:47+00:00,2020-01-13T06:58:47+00:00,Restful Nights: Arlington,Restful Nights,Arlington,premium,1,1,0,10,117.35,1173.5
9ed908d4-53cb-11ea-914d-b88a60e194fb,Y8X-DK02,orderid:310800,crmid:3729871715,2019-12-06T02:25:48.000Z,mobile,prd1131,1576981548,1577586348,2019-12-22T02:25:48+00:00,2019-12-29T02:25:48+00:00,Hospitality Inn: Sheffield,Hospitality Inn,Sheffield,standard,1,1,0,7,78.64,550.48
9ed9f4ac-53cb-11ea-b3ab-b88a60e194fb,FNA-PK5Q,orderid:811344,crmid:2486973703,2019-12-07T06:04:00.000Z,mobile,prd1022,1578031440,1578463440,2020-01-03T06:04:00+00:00,2020-01-08T06:04:00+00:00,Blue Reef Resort: Washington DC,Blue Reef Resort,Washington DC,premium,1,1,0,5,117.45,587.25
9edab836-53cb-11ea-a554-b88a60e194fb,EEF-W8YR,orderid:831581,crmid:9391062656,2020-02-13T03:15:53.000Z,website,prd1106,1583378153,1584242153,2020-03-05T03:15:53+00:00,2020-03-15T03:15:53+00:00,Blue Reef Resort: Munich,Blue Reef Resort,Munich,premium,1,1,0,10,169.84,1698.4
9edb79e8-53cb-11ea-867f-b88a60e194fb,TLV-9WKP,orderid:235516,crmid:8983539065,2020-02-07T10:48:38.000Z,website,prd1112,1581158918,1581245318,2020-02-08T10:48:38+00:00,2020-02-09T10:48:38+00:00,Aspen Heights: Birmingham,Aspen Heights,Birmingham,standard,1,1,0,1,131.39,131.39
9edc175c-53cb-11ea-8c17-b88a60e194fb,Y5H-HMCP,orderid:719213,crmid:2146458806,2020-01-10T21:03:04.000Z,call center,prd1094,1579986184,1581022984,2020-01-25T21:03:04+00:00,2020-02-06T21:03:04+00:00,Blue Reef Resort: Berlin,Blue Reef Resort,Berlin,standard,1,1,0,12,71.89,862.68
9edcd95c-53cb-11ea-96a4-b88a60e194fb,KHW-1KBR,orderid:768841,crmid:1231682994,2019-12-10T21:44:54.000Z,website,prd1165,1576100694,1576964694,2019-12-11T21:44:54+00:00,2019-12-21T21:44:54+00:00,Admiralty Plaza: Louisville,Admiralty Plaza,Louisville,standard,1,1,1,10,136.21,1362.1
9edd9e22-53cb-11ea-863a-b88a60e194fb,GPM-WGNR,orderid:751933,crmid:9728362218,2019-12-10T07:41:54.000Z,call center,prd1040,1576136514,1576395714,2019-12-12T07:41:54+00:00,2019-12-15T07:41:54+00:00,Aspen Heights: Atlanta,Aspen Heights,Atlanta,premium,1,1,2,3,151.8,455.4
9ede615c-53cb-11ea-b886-b88a60e194fb,ITE-D9SR,orderid:815719,crmid:9045166225,2020-01-13T03:32:47.000Z,mobile,prd1087,1579318367,1579577567,2020-01-18T03:32:47+00:00,2020-01-21T03:32:47+00:00,Family Fun Hotels: Kolkata,Family Fun Hotels,Kolkata,standard,1,1,0,3,118.13,354.39
9edefc5a-53cb-11ea-87cf-b88a60e194fb,LRJ-CHNQ,orderid:640401,crmid:7633127282,2019-12-14T16:24:22.000Z,call center,prd1177,1576686262,1576772662,2019-12-18T16:24:22+00:00,2019-12-19T16:24:22+00:00,Admiralty Plaza: Raleigh,Admiralty Plaza,Raleigh,premium,1,1,0,1,96.88,96.88
9ee0831a-53cb-11ea-92c9-b88a60e194fb,DW1-4KZ6,orderid:255130,crmid:6936866611,2020-01-25T06:12:53.000Z,website,prd1153,1581228773,1581747173,2020-02-09T06:12:53+00:00,2020-02-15T06:12:53+00:00,Admiralty Plaza: Charlotte,Admiralty Plaza,Charlotte,standard,1,1,0,6,143.05,858.3
9ee1bbf0-53cb-11ea-ab3f-b88a60e194fb,Y4C-GNRA,orderid:776514,crmid:5434128643,2019-12-17T11:56:40.000Z,website,prd1184,1577102200,1578398200,2019-12-23T11:56:40+00:00,2020-01-07T11:56:40+00:00,Aspen Heights: Arlington,Aspen Heights,Arlington,standard,1,1,0,15,159.18,2387.7
9ee2ccca-53cb-11ea-adda-b88a60e194fb,SNC-ATAY,orderid:538394,crmid:1629692123,2020-02-05T01:11:14.000Z,website,prd1081,1580951474,1581210674,2020-02-06T01:11:14+00:00,2020-02-09T01:11:14+00:00,Admiralty Plaza: Rod de Janeiro,Admiralty Plaza,Rod de Janeiro,standard,1,1,0,3,188.14,564.42
9ee40570-53cb-11ea-9475-b88a60e194fb,KX7-4XO1,orderid:395967,crmid:3498278507,2019-12-10T04:09:54.000Z,website,prd1197,1576469394,1577333394,2019-12-16T04:09:54+00:00,2019-12-26T04:09:54+00:00,Sapphire Suites: London,Sapphire Suites,London,standard,1,1,0,10,114.14,1141.4
9ee516b4-53cb-11ea-a0f9-b88a60e194fb,TC5-LX57,orderid:676832,crmid:4704450636,2019-12-10T00:52:46.000Z,website,prd1023,1576111966,1576803166,2019-12-12T00:52:46+00:00,2019-12-20T00:52:46+00:00,Hospitality Inn: Boston,Hospitality Inn,Boston,ultra-luxury,1,1,2,8,441.16,3529.28
9ee6011a-53cb-11ea-8381-b88a60e194fb,NNB-ZJWF,orderid:158884,crmid:5792836481,2020-01-19T11:36:13.000Z,mobile,prd1109,1580902573,1581680173,2020-02-05T11:36:13+00:00,2020-02-14T11:36:13+00:00,Grandeur Hotels: Belgrade,Grandeur Hotels,Belgrade,standard,1,1,0,9,169.77,1527.93
9ee73a26-53cb-11ea-b292-b88a60e194fb,UPD-RTWU,orderid:102143,crmid:4322218389,2020-01-01T03:22:27.000Z,website,prd1062,1578799347,1580181747,2020-01-12T03:22:27+00:00,2020-01-28T03:22:27+00:00,Restful Nights: Moscow,Restful Nights,Moscow,luxury,1,1,0,16,331.61,5305.76
9ee82424-53cb-11ea-997d-b88a60e194fb,LH1-YII3,orderid:887068,crmid:5912395588,2020-01-26T22:37:34.000Z,service desk,prd1153,1582238254,1582929454,2020-02-20T22:37:34+00:00,2020-02-28T22:37:34+00:00,Admiralty Plaza: Charlotte,Admiralty Plaza,Charlotte,standard,1,1,0,8,152.74,1221.92
9ee9357a-53cb-11ea-8b4e-b88a60e194fb,IGT-QXPO,orderid:976184,crmid:5756205520,2020-01-07T04:40:55.000Z,kiosk,prd1086,1579927255,1581136855,2020-01-25T04:40:55+00:00,2020-02-08T04:40:55+00:00,Restful Nights: Johannesburg,Restful Nights,Johannesburg,premium,1,1,0,14,153.36,2147.04
9eea2000-53cb-11ea-b12c-b88a60e194fb,M48-UXJR,orderid:181596,crmid:4960892204,2020-02-13T16:11:27.000Z,mobile,prd1117,1583597487,1584893487,2020-03-07T16:11:27+00:00,2020-03-22T16:11:27+00:00,Admiralty Plaza: Dublin,Admiralty Plaza,Dublin,standard,1,1,0,15,159.84,2397.6
9eeb7f92-53cb-11ea-9118-b88a60e194fb,FY9-M1VC,orderid:309466,crmid:1205880130,2019-12-28T22:35:05.000Z,kiosk,prd1161,1579041305,1579386905,2020-01-14T22:35:05+00:00,2020-01-18T22:35:05+00:00,Sapphire Suites: Memphis,Sapphire Suites,Memphis,standard,1,1,0,4,188.97,755.88
9eecdf8c-53cb-11ea-8162-b88a60e194fb,FHA-1E59,orderid:360776,crmid:4534806426,2020-01-04T04:16:42.000Z,kiosk,prd1016,1579580202,1580098602,2020-01-21T04:16:42+00:00,2020-01-27T04:16:42+00:00,Aspen Heights: Columbus,Aspen Heights,Columbus,standard,1,1,4,6,132.23,793.38
9eeedada-53cb-11ea-bd90-b88a60e194fb,XEK-1J5C,orderid:320179,crmid:9445552875,2020-01-20T04:44:46.000Z,kiosk,prd1016,1580100286,1580618686,2020-01-27T04:44:46+00:00,2020-02-02T04:44:46+00:00,Aspen Heights: Columbus,Aspen Heights,Columbus,standard,1,1,1,6,156.42,938.52
9eefc51e-53cb-11ea-9747-b88a60e194fb,CSY-6A2O,orderid:782478,crmid:1192032383,2020-02-02T16:17:22.000Z,call center,prd1124,1582733842,1583079442,2020-02-26T16:17:22+00:00,2020-03-01T16:17:22+00:00,Aspen Heights: Leeds,Aspen Heights,Leeds,luxury,1,1,0,4,297.28,1189.12
9ef08874-53cb-11ea-bd76-b88a60e194fb,1KD-IGD6,orderid:846351,crmid:5969256025,2019-12-03T14:08:11.000Z,kiosk,prd1118,1576591691,1576850891,2019-12-17T14:08:11+00:00,2019-12-20T14:08:11+00:00,Blue Reef Resort: Cologne,Blue Reef Resort,Cologne,standard,1,1,0,3,173.86,521.58
9ef14bbe-53cb-11ea-80e0-b88a60e194fb,YCS-PSHS,orderid:851205,crmid:9023312172,2020-02-11T21:09:58.000Z,website,prd1153,1583442598,1583788198,2020-03-05T21:09:58+00:00,2020-03-09T21:09:58+00:00,Admiralty Plaza: Charlotte,Admiralty Plaza,Charlotte,standard,1,1,2,4,152.14,608.56
9ef2d28a-53cb-11ea-977e-b88a60e194fb,HBS-SMAQ,orderid:188207,crmid:7921620824,2020-01-30T00:55:40.000Z,call center,prd1105,1582246540,1582851340,2020-02-21T00:55:40+00:00,2020-02-28T00:55:40+00:00,Admiralty Plaza: Barcelona,Admiralty Plaza,Barcelona,standard,1,1,0,7,140.68,984.76
9ef3e42e-53cb-11ea-b6e7-b88a60e194fb,IMF-H6UU,orderid:349406,crmid:3455716452,2020-01-07T08:17:07.000Z,website,prd1045,1578471427,1578557827,2020-01-08T08:17:07+00:00,2020-01-09T08:17:07+00:00,Admiralty Plaza: Miami,Admiralty Plaza,Miami,standard,1,1,0,1,111.91,111.91
9ef51c7a-53cb-11ea-b477-b88a60e194fb,W5D-QFIL,orderid:476807,crmid:7557611119,2019-12-15T08:57:21.000Z,kiosk,prd1055,1576486641,1576573041,2019-12-16T08:57:21+00:00,2019-12-17T08:57:21+00:00,Nesting Box Inn: Bakersfield,Nesting Box Inn,Bakersfield,standard,1,1,0,1,153.65,153.65
9ef54424-53cb-11ea-a652-b88a60e194fb,ZIV-R9VV,orderid:199513,crmid:7557611119,2019-12-18T00:00:00.000Z,website,prd1148,1576713600,1576800000,2019-12-19T00:00:00+00:00,2019-12-20T00:00:00+00:00,Aspen Heights: Jacksonville,Aspen Heights,Jacksonville,premium,1,1,0,1,148.35,148.35
9ef654d8-53cb-11ea-8898-b88a60e194fb,AQD-YUWM,orderid:794549,crmid:7750133804,2020-02-11T19:29:11.000Z,call center,prd1069,1583263751,1583522951,2020-03-03T19:29:11+00:00,2020-03-06T19:29:11+00:00,Admiralty Plaza: Singapore,Admiralty Plaza,Singapore,premium,1,1,0,3,137.67,413.01
9ef7181c-53cb-11ea-81aa-b88a60e194fb,Z6P-P4EX,orderid:621817,crmid:1694607501,2019-12-27T04:50:43.000Z,website,prd1164,1579063843,1579582243,2020-01-15T04:50:43+00:00,2020-01-21T04:50:43+00:00,Repose Resort: Las Vegas,Repose Resort,Las Vegas,standard,1,1,4,6,178.05,1068.3
9ef7db6e-53cb-11ea-8d99-b88a60e194fb,RUO-QGZ9,orderid:760275,crmid:1995342803,2020-01-25T20:26:02.000Z,kiosk,prd1080,1580070362,1580415962,2020-01-26T20:26:02+00:00,2020-01-30T20:26:02+00:00,Repose Resort: Hyderabad,Repose Resort,Hyderabad,luxury,1,1,0,4,231.35,925.4
9ef8028c-53cb-11ea-81b8-b88a60e194fb,5I7-6AJI,orderid:305159,crmid:1995342803,2020-02-01T00:00:00.000Z,kiosk,prd1033,1580860800,1581120000,2020-02-05T00:00:00+00:00,2020-02-08T00:00:00+00:00,Admiralty Plaza: Milwaukee,Admiralty Plaza,Milwaukee,standard,1,1,0,3,127.25,381.75
9ef93b0a-53cb-11ea-9df9-b88a60e194fb,QMK-CUIQ,orderid:346733,crmid:9266950140,2020-01-29T22:34:53.000Z,call center,prd1028,1582151693,1582410893,2020-02-19T22:34:53+00:00,2020-02-22T22:34:53+00:00,Aspen Heights: Portland,Aspen Heights,Portland,standard,1,1,0,3,131.6,394.8
9efa4c74-53cb-11ea-9c31-b88a60e194fb,UZK-ZEJF,orderid:761116,crmid:9633227303,2020-02-04T05:31:35.000Z,website,prd1189,1582435895,1583040695,2020-02-23T05:31:35+00:00,2020-03-01T05:31:35+00:00,Admiralty Plaza: Bakersfield,Admiralty Plaza,Bakersfield,premium,1,1,0,7,140.96,986.72
9efb5dec-53cb-11ea-9096-b88a60e194fb,D08-FLNU,orderid:735086,crmid:2598283191,2020-01-28T16:17:31.000Z,website,prd1154,1580314651,1580401051,2020-01-29T16:17:31+00:00,2020-01-30T16:17:31+00:00,Blue Reef Resort: Seattle,Blue Reef Resort,Seattle,standard,1,1,0,1,160.33,160.33
9efc4848-53cb-11ea-9810-b88a60e194fb,BF7-MCJX,orderid:943672,crmid:5737235808,2020-01-13T02:13:04.000Z,website,prd1105,1581127984,1581559984,2020-02-08T02:13:04+00:00,2020-02-13T02:13:04+00:00,Admiralty Plaza: Barcelona,Admiralty Plaza,Barcelona,standard,1,1,0,5,175.64,878.2
9efd34f4-53cb-11ea-a2fb-b88a60e194fb,NTC-B7PW,orderid:174034,crmid:4550989440,2020-02-06T22:28:22.000Z,kiosk,prd1194,1581200902,1581373702,2020-02-08T22:28:22+00:00,2020-02-10T22:28:22+00:00,Restful Nights: Tianjin,Restful Nights,Tianjin,standard,1,1,0,2,127.07,254.14
9efe1e34-53cb-11ea-873f-b88a60e194fb,MGQ-AUNZ,orderid:929960,crmid:3755347898,2019-12-04T08:16:21.000Z,kiosk,prd1034,1576052181,1576138581,2019-12-11T08:16:21+00:00,2019-12-12T08:16:21+00:00,Blue Reef Resort: Albuquerque,Blue Reef Resort,Albuquerque,standard,1,1,0,1,151.87,151.87
9eff2e7e-53cb-11ea-9d0f-b88a60e194fb,AR7-H7YD,orderid:197395,crmid:5984102013,2019-12-05T01:05:12.000Z,website,prd1153,1575767112,1576112712,2019-12-08T01:05:12+00:00,2019-12-12T01:05:12+00:00,Admiralty Plaza: Charlotte,Admiralty Plaza,Charlotte,premium,1,1,0,4,128.91,515.64
9efff1ca-53cb-11ea-880d-b88a60e194fb,XQ4-C2T4,orderid:950457,crmid:1848337057,2020-01-10T06:28:44.000Z,website,prd1148,1579328924,1579933724,2020-01-18T06:28:44+00:00,2020-01-25T06:28:44+00:00,Aspen Heights: Jacksonville,Aspen Heights,Jacksonville,standard,1,1,0,7,167.91,1175.37
9f010366-53cb-11ea-91f4-b88a60e194fb,QMT-C7XS,orderid:107779,crmid:7287802618,2019-12-23T05:30:04.000Z,kiosk,prd1105,1577770204,1578288604,2019-12-31T05:30:04+00:00,2020-01-06T05:30:04+00:00,Admiralty Plaza: Barcelona,Admiralty Plaza,Barcelona,luxury,1,1,0,6,365.21,2191.26
9f01edca-53cb-11ea-a59d-b88a60e194fb,3NC-WHSN,orderid:818255,crmid:1730938157,2020-01-09T05:26:16.000Z,kiosk,prd1148,1579152376,1579843576,2020-01-16T05:26:16+00:00,2020-01-24T05:26:16+00:00,Aspen Heights: Jacksonville,Aspen Heights,Jacksonville,ultra-luxury,1,1,0,8,304.42,2435.36
9f02b112-53cb-11ea-95eb-b88a60e194fb,JEQ-GYFR,orderid:415542,crmid:9284513149,2019-12-24T15:26:15.000Z,service desk,prd1098,1577373975,1577633175,2019-12-26T15:26:15+00:00,2019-12-29T15:26:15+00:00,Restful Nights: Kiev,Restful Nights,Kiev,premium,1,1,0,3,125.3,375.9
9f039b78-53cb-11ea-80ea-b88a60e194fb,8TA-OCEH,orderid:255479,crmid:6265641281,2020-02-08T15:22:28.000Z,website,prd1043,1583335348,1583940148,2020-03-04T15:22:28+00:00,2020-03-11T15:22:28+00:00,Nesting Box Inn: Raleigh,Nesting Box Inn,Raleigh,premium,1,1,0,7,165.47,1158.29
9f04acf0-53cb-11ea-a310-b88a60e194fb,WCR-4CF3,orderid:990618,crmid:2048792726,2019-12-15T07:55:24.000Z,kiosk,prd1037,1578038124,1578729324,2020-01-03T07:55:24+00:00,2020-01-11T07:55:24+00:00,Grandeur Hotels: Sacramento,Grandeur Hotels,Sacramento,standard,1,1,0,8,99.88,799.04
9f057036-53cb-11ea-9a25-b88a60e194fb,QQT-FKFR,orderid:105745,crmid:4888066601,2020-01-06T00:26:50.000Z,mobile,prd1052,1579998410,1580171210,2020-01-26T00:26:50+00:00,2020-01-28T00:26:50+00:00,Aspen Heights: Wichita,Aspen Heights,Wichita,standard,1,1,0,2,134.32,268.64
9f063398-53cb-11ea-b1a9-b88a60e194fb,GNQ-RECM,orderid:697830,crmid:2616825539,2019-12-29T20:31:17.000Z,website,prd1141,1577824277,1577997077,2019-12-31T20:31:17+00:00,2020-01-02T20:31:17+00:00,Admiralty Plaza: Phoenix,Admiralty Plaza,Phoenix,ultra-luxury,1,1,0,2,315.54,631.08
9f06f70a-53cb-11ea-bfce-b88a60e194fb,HQT-Y715,orderid:877660,crmid:8545364865,2020-02-04T17:08:55.000Z,mobile,prd1011,1581095335,1581181735,2020-02-07T17:08:55+00:00,2020-02-08T17:08:55+00:00,Hospitality Inn: Dallas,Hospitality Inn,Dallas,luxury,1,1,0,1,390.17,390.17
9f07ba28-53cb-11ea-857a-b88a60e194fb,FLO-CGCS,orderid:482848,crmid:8843647880,2019-12-01T18:14:34.000Z,call center,prd1046,1577124874,1577816074,2019-12-23T18:14:34+00:00,2019-12-31T18:14:34+00:00,Blue Reef Resort: Virginia Beach,Blue Reef Resort,Virginia Beach,luxury,1,1,0,8,323.72,2589.76
9f087d76-53cb-11ea-8e5f-b88a60e194fb,0DY-QT4S,orderid:595146,crmid:9892993337,2019-12-28T22:38:23.000Z,kiosk,prd1047,1579819103,1580942303,2020-01-23T22:38:23+00:00,2020-02-05T22:38:23+00:00,Hospitality Inn: Oakland,Hospitality Inn,Oakland,luxury,1,1,0,13,313.69,4077.97
9f0940c2-53cb-11ea-8833-b88a60e194fb,FXC-EAUS,orderid:843197,crmid:7726869799,2020-01-10T00:50:49.000Z,call center,prd1105,1580950249,1581555049,2020-02-06T00:50:49+00:00,2020-02-13T00:50:49+00:00,Admiralty Plaza: Barcelona,Admiralty Plaza,Barcelona,standard,1,1,4,7,192.99,1350.93
9f0a2b22-53cb-11ea-83fb-b88a60e194fb,PE9-DAIK,orderid:547377,crmid:6359072203,2020-02-01T22:15:42.000Z,mobile,prd1170,1582409742,1583273742,2020-02-22T22:15:42+00:00,2020-03-03T22:15:42+00:00,Restful Nights: Fresno,Restful Nights,Fresno,standard,1,1,0,10,174.07,1740.7
9f0ac764-53cb-11ea-8b9c-b88a60e194fb,UKG-DG2Y,orderid:348260,crmid:9968150406,2020-02-10T21:50:04.000Z,mobile,prd1070,1581544204,1582494604,2020-02-12T21:50:04+00:00,2020-02-23T21:50:04+00:00,Blue Reef Resort: Jakarta,Blue Reef Resort,Jakarta,standard,1,1,0,11,140.28,1543.08
9f0bffee-53cb-11ea-aa19-b88a60e194fb,0L3-6TMH,orderid:359786,crmid:5871778493,2020-01-24T09:39:18.000Z,website,prd1016,1581845958,1582018758,2020-02-16T09:39:18+00:00,2020-02-18T09:39:18+00:00,Aspen Heights: Columbus,Aspen Heights,Columbus,standard,1,1,0,2,91.53,183.06
9f0cc334-53cb-11ea-b46f-b88a60e194fb,17N-6Q8W,orderid:617817,crmid:1683959467,2020-01-26T20:47:06.000Z,website,prd1134,1581626826,1583009226,2020-02-13T20:47:06+00:00,2020-02-29T20:47:06+00:00,Restful Nights: Montreal,Restful Nights,Montreal,standard,1,1,2,16,128.57,2057.12
9f0d8682-53cb-11ea-8aa2-b88a60e194fb,DLB-YM9D,orderid:615369,crmid:2377240101,2019-12-04T05:33:14.000Z,kiosk,prd1105,1578029594,1579584794,2020-01-03T05:33:14+00:00,2020-01-21T05:33:14+00:00,Admiralty Plaza: Barcelona,Admiralty Plaza,Barcelona,standard,1,1,0,18,137.3,2471.4
9f0e49d4-53cb-11ea-98ec-b88a60e194fb,QFN-MCSB,orderid:635391,crmid:8035352147,2020-02-01T23:45:31.000Z,call center,prd1172,1580687131,1580773531,2020-02-02T23:45:31+00:00,2020-02-03T23:45:31+00:00,Aspen Heights: Mesa,Aspen Heights,Mesa,standard,1,1,0,1,124.09,124.09
9f0f5b4c-53cb-11ea-8c77-b88a60e194fb,S8H-2BM9,orderid:717386,crmid:6353709306,2020-01-27T07:02:11.000Z,call center,prd1009,1580540531,1580626931,2020-02-01T07:02:11+00:00,2020-02-02T07:02:11+00:00,Admiralty Plaza: San Antonio,Admiralty Plaza,San Antonio,luxury,1,1,0,1,290.25,290.25
9f1045a4-53cb-11ea-813f-b88a60e194fb,XK3-EYYP,orderid:920912,crmid:7005411378,2020-02-05T08:23:23.000Z,website,prd1094,1580977403,1581236603,2020-02-06T08:23:23+00:00,2020-02-09T08:23:23+00:00,Blue Reef Resort: Berlin,Blue Reef Resort,Berlin,premium,1,1,0,3,142.79,428.37
9f1045a5-53cb-11ea-8db4-b88a60e194fb,5I6-CTZJ,orderid:902076,crmid:7005411378,2020-02-10T00:00:00.000Z,call center,prd1122,1581379200,1581465600,2020-02-11T00:00:00+00:00,2020-02-12T00:00:00+00:00,Restful Nights: Valencia,Restful Nights,Valencia,standard,1,1,0,1,165.14,165.14
9f106cb4-53cb-11ea-a985-b88a60e194fb,X96-D8RB,orderid:526878,crmid:7005411378,2020-02-13T00:00:00.000Z,service desk,prd1118,1581638400,1581724800,2020-02-14T00:00:00+00:00,2020-02-15T00:00:00+00:00,Blue Reef Resort: Cologne,Blue Reef Resort,Cologne,standard,1,1,0,1,156.89,156.89
9f115714-53cb-11ea-b6b2-b88a60e194fb,RVH-VQRM,orderid:300965,crmid:4807477876,2019-12-18T14:32:14.000Z,website,prd1045,1577975534,1579271534,2020-01-02T14:32:14+00:00,2020-01-17T14:32:14+00:00,Admiralty Plaza: Miami,Admiralty Plaza,Miami,standard,1,1,0,15,177.58,2663.7
9f121a64-53cb-11ea-abd2-b88a60e194fb,JBO-QLKV,orderid:239262,crmid:1966919344,2020-01-28T21:23:34.000Z,call center,prd1119,1582147414,1582493014,2020-02-19T21:23:34+00:00,2020-02-23T21:23:34+00:00,Hospitality Inn: Turin,Hospitality Inn,Turin,standard,1,1,0,4,148.07,592.28
9f12b69e-53cb-11ea-bd17-b88a60e194fb,FAY-ZCM5,orderid:545691,crmid:8902715476,2019-12-01T09:20:55.000Z,mobile,prd1129,1576142455,1576574455,2019-12-12T09:20:55+00:00,2019-12-17T09:20:55+00:00,Admiralty Plaza: Helsinki,Admiralty Plaza,Helsinki,standard,1,1,0,5,159.97,799.85
9f1379f4-53cb-11ea-b5fb-b88a60e194fb,V0E-LZ8C,orderid:464606,crmid:8619793866,2020-01-20T12:05:04.000Z,website,prd1159,1581941104,1582373104,2020-02-17T12:05:04+00:00,2020-02-22T12:05:04+00:00,Family Fun Hotels: Detroit,Family Fun Hotels,Detroit,premium,1,1,0,5,100.69,503.45
9f148b30-53cb-11ea-8d07-b88a60e194fb,NVQ-KI8Z,orderid:741195,crmid:7464767900,2020-01-07T00:34:12.000Z,call center,prd1191,1580776452,1581035652,2020-02-04T00:34:12+00:00,2020-02-07T00:34:12+00:00,Hospitality Inn: Mumbai,Hospitality Inn,Mumbai,standard,1,1,0,3,167.15,501.45
9f157592-53cb-11ea-9430-b88a60e194fb,12Y-X9VS,orderid:120606,crmid:9844277928,2019-12-14T06:27:45.000Z,website,prd1001,1578205665,1578292065,2020-01-05T06:27:45+00:00,2020-01-06T06:27:45+00:00,Grandeur Hotels: New York,Grandeur Hotels,New York,premium,1,1,0,1,135.46,135.46
9f1638e2-53cb-11ea-a16c-b88a60e194fb,V33-D50M,orderid:511046,crmid:4572719754,2020-02-08T11:29:13.000Z,kiosk,prd1093,1581247753,1581334153,2020-02-09T11:29:13+00:00,2020-02-10T11:29:13+00:00,Admiralty Plaza: Yokohama,Admiralty Plaza,Yokohama,standard,1,1,0,1,136.21,136.21
9f174bb4-53cb-11ea-9e63-b88a60e194fb,EVC-ZGAW,orderid:591713,crmid:5482185540,2020-01-17T01:00:33.000Z,website,prd1127,1579309233,1579395633,2020-01-18T01:00:33+00:00,2020-01-19T01:00:33+00:00,Nesting Box Inn: Glasgow,Nesting Box Inn,Glasgow,standard,1,1,0,1,130.11,130.11
9f180f1a-53cb-11ea-a035-b88a60e194fb,JSB-CK1B,orderid:798134,crmid:7313326707,2019-12-21T11:58:47.000Z,website,prd1112,1577275127,1577793527,2019-12-25T11:58:47+00:00,2019-12-31T11:58:47+00:00,Aspen Heights: Birmingham,Aspen Heights,Birmingham,standard,1,1,2,6,174.68,1048.08
9f18ab4a-53cb-11ea-b71b-b88a60e194fb,ZTZ-5CFJ,orderid:269195,crmid:8322198227,2019-12-10T16:26:42.000Z,website,prd1076,1576168002,1576427202,2019-12-12T16:26:42+00:00,2019-12-15T16:26:42+00:00,Aspen Heights: Bogota,Aspen Heights,Bogota,standard,1,1,0,3,151.09,453.27
9f19bb5e-53cb-11ea-bf06-b88a60e194fb,UJI-EAQI,orderid:678847,crmid:7256367900,2019-12-22T12:49:12.000Z,website,prd1007,1579351752,1579610952,2020-01-18T12:49:12+00:00,2020-01-21T12:49:12+00:00,Nesting Box Inn: Phoenix,Nesting Box Inn,Phoenix,standard,1,1,0,3,125.28,375.84
9f1a8024-53cb-11ea-8565-b88a60e194fb,ISH-498Z,orderid:304963,crmid:8392883685,2020-02-14T18:21:28.000Z,call center,prd1026,1581790888,1581877288,2020-02-15T18:21:28+00:00,2020-02-16T18:21:28+00:00,Restful Nights: Nashville,Restful Nights,Nashville,standard,1,1,0,1,125.3,125.3
9f1b4352-53cb-11ea-8635-b88a60e194fb,QX5-CEBF,orderid:672448,crmid:2568806569,2020-01-25T16:18:27.000Z,call center,prd1117,1582042707,1582388307,2020-02-18T16:18:27+00:00,2020-02-22T16:18:27+00:00,Admiralty Plaza: Dublin,Admiralty Plaza,Dublin,standard,1,1,0,4,94.67,378.68
9f1c06de-53cb-11ea-a4f9-b88a60e194fb,SYU-KZDJ,orderid:941011,crmid:7714201188,2019-12-29T12:38:50.000Z,mobile,prd1088,1580215130,1581511130,2020-01-28T12:38:50+00:00,2020-02-12T12:38:50+00:00,Aspen Heights: Ankara,Aspen Heights,Ankara,standard,1,1,0,15,196.56,2948.4
9f1ca2cc-53cb-11ea-a51d-b88a60e194fb,48U-RCU3,orderid:614177,crmid:2575879657,2019-12-13T22:37:06.000Z,call center,prd1124,1578177426,1579127826,2020-01-04T22:37:06+00:00,2020-01-15T22:37:06+00:00,Aspen Heights: Leeds,Aspen Heights,Leeds,premium,1,1,0,11,139.44,1533.84
9f1d8d64-53cb-11ea-a9a9-b88a60e194fb,YPG-FDFT,orderid:781906,crmid:4010674024,2019-12-20T04:34:21.000Z,website,prd1107,1578544461,1579062861,2020-01-09T04:34:21+00:00,2020-01-15T04:34:21+00:00,Hospitality Inn: Kharkiv,Hospitality Inn,Kharkiv,standard,1,1,0,6,123.66,741.96
9f1e9d68-53cb-11ea-a858-b88a60e194fb,WNP-NRJS,orderid:968235,crmid:1396402357,2019-12-02T14:57:19.000Z,mobile,prd1099,1575471439,1575557839,2019-12-04T14:57:19+00:00,2019-12-05T14:57:19+00:00,Family Fun Hotels: Bucharest,Family Fun Hotels,Bucharest,standard,1,1,0,1,148.24,148.24
9f1fb02e-53cb-11ea-aef5-b88a60e194fb,OQE-KMR1,orderid:943596,crmid:3925309352,2020-01-20T18:08:50.000Z,service desk,prd1153,1581703730,1582394930,2020-02-14T18:08:50+00:00,2020-02-22T18:08:50+00:00,Admiralty Plaza: Charlotte,Admiralty Plaza,Charlotte,premium,1,1,3,8,161.89,1295.12
9f20738a-53cb-11ea-a862-b88a60e194fb,SQZ-B0VW,orderid:636996,crmid:8939690503,2020-01-01T06:59:12.000Z,website,prd1071,1579762752,1580799552,2020-01-23T06:59:12+00:00,2020-02-04T06:59:12+00:00,Hospitality Inn: Seoul,Hospitality Inn,Seoul,premium,1,1,0,12,75.76,909.12
9f210fca-53cb-11ea-90b3-b88a60e194fb,UHU-FSJW,orderid:176550,crmid:9087017330,2019-12-20T22:51:31.000Z,mobile,prd1169,1579215091,1579906291,2020-01-16T22:51:31+00:00,2020-01-24T22:51:31+00:00,Grandeur Hotels: Tucson,Grandeur Hotels,Tucson,premium,1,1,0,8,171.19,1369.52
9f21d31e-53cb-11ea-b721-b88a60e194fb,8JA-O2ZG,orderid:781863,crmid:9679870814,2020-01-07T05:21:33.000Z,service desk,prd1194,1578633693,1578806493,2020-01-10T05:21:33+00:00,2020-01-12T05:21:33+00:00,Restful Nights: Tianjin,Restful Nights,Tianjin,premium,1,1,0,2,157.59,315.18
9f229654-53cb-11ea-8d3c-b88a60e194fb,RKV-B03J,orderid:572821,crmid:3820978179,2019-12-16T05:07:11.000Z,service desk,prd1077,1576559231,1576904831,2019-12-17T05:07:11+00:00,2019-12-21T05:07:11+00:00,Sapphire Suites: Cairo,Sapphire Suites,Cairo,standard,1,1,0,4,76.27,305.08
9f238086-53cb-11ea-968f-b88a60e194fb,ZEJ-ZFER,orderid:792352,crmid:8480864202,2019-12-24T10:28:15.000Z,website,prd1135,1577269695,1577356095,2019-12-25T10:28:15+00:00,2019-12-26T10:28:15+00:00,Family Fun Hotels: Vancouver,Family Fun Hotels,Vancouver,standard,1,1,0,1,148.88,148.88
9f249208-53cb-11ea-a698-b88a60e194fb,GNV-FYO4,orderid:325818,crmid:4100391810,2020-02-05T17:40:27.000Z,kiosk,prd1167,1583084427,1583689227,2020-03-01T17:40:27+00:00,2020-03-08T17:40:27+00:00,Hospitality Inn: Milwaukee,Hospitality Inn,Milwaukee,standard,1,1,4,7,187.76,1314.32
9f25555a-53cb-11ea-8e64-b88a60e194fb,Q9P-LLJH,orderid:875814,crmid:2050141619,2020-02-06T20:46:33.000Z,service desk,prd1088,1583095593,1583527593,2020-03-01T20:46:33+00:00,2020-03-06T20:46:33+00:00,Aspen Heights: Ankara,Aspen Heights,Ankara,standard,1,1,0,5,123.09,615.45
9f25f1b6-53cb-11ea-94d1-b88a60e194fb,O0W-V1LH,orderid:342401,crmid:7545175452,2020-02-04T06:23:53.000Z,kiosk,prd1160,1581143033,1581747833,2020-02-08T06:23:53+00:00,2020-02-15T06:23:53+00:00,Aspen Heights: Nashville,Aspen Heights,Nashville,premium,1,1,0,7,151.24,1058.68
9f2999d8-53cb-11ea-bfb0-b88a60e194fb,9HB-4ZBI,orderid:899636,crmid:2120705547,2020-01-04T12:47:31.000Z,service desk,prd1065,1580215651,1580561251,2020-01-28T12:47:31+00:00,2020-02-01T12:47:31+00:00,Sapphire Suites: Beijing,Sapphire Suites,Beijing,standard,1,1,3,4,144.41,577.64
9f2b48b4-53cb-11ea-8577-b88a60e194fb,VOT-DUA3,orderid:900916,crmid:3041577716,2020-01-11T20:07:19.000Z,call center,prd1001,1579637239,1579982839,2020-01-21T20:07:19+00:00,2020-01-25T20:07:19+00:00,Grandeur Hotels: New York,Grandeur Hotels,New York,standard,1,1,0,4,125.89,503.56
9f2c31d8-53cb-11ea-8062-b88a60e194fb,WTA-UEWG,orderid:856915,crmid:7007620036,2019-12-01T21:37:28.000Z,website,prd1153,1577309848,1578087448,2019-12-25T21:37:28+00:00,2020-01-03T21:37:28+00:00,Admiralty Plaza: Charlotte,Admiralty Plaza,Charlotte,standard,1,1,0,9,88.49,796.41
9f2d1c58-53cb-11ea-bc6b-b88a60e194fb,COH-RF1U,orderid:581507,crmid:5659213601,2019-12-22T19:23:31.000Z,call center,prd1182,1579029811,1579893811,2020-01-14T19:23:31+00:00,2020-01-24T19:23:31+00:00,Restful Nights: Minneapolis,Restful Nights,Minneapolis,standard,1,1,0,10,158.23,1582.3
9f2e06d2-53cb-11ea-a566-b88a60e194fb,K5I-9Q4F,orderid:732594,crmid:8779881917,2020-02-14T16:02:25.000Z,kiosk,prd1136,1583424145,1584028945,2020-03-05T16:02:25+00:00,2020-03-12T16:02:25+00:00,Aspen Heights: Osaka,Aspen Heights,Osaka,standard,1,1,3,7,131.8,922.6
9f2f3f48-53cb-11ea-99f3-b88a60e194fb,BW9-GDRY,orderid:912609,crmid:5151275937,2019-12-05T19:23:48.000Z,website,prd1077,1575660228,1576092228,2019-12-06T19:23:48+00:00,2019-12-11T19:23:48+00:00,Sapphire Suites: Cairo,Sapphire Suites,Cairo,premium,1,1,0,5,144.95,724.75
9f3003d8-53cb-11ea-ad7b-b88a60e194fb,JKS-O5NL,orderid:577262,crmid:7175116936,2020-01-09T16:19:11.000Z,call center,prd1141,1581092351,1582388351,2020-02-07T16:19:11+00:00,2020-02-22T16:19:11+00:00,Admiralty Plaza: Phoenix,Admiralty Plaza,Phoenix,standard,1,1,0,15,143.12,2146.8
9f30a014-53cb-11ea-8a12-b88a60e194fb,FMZ-IVCZ,orderid:838717,crmid:8283713991,2020-02-13T23:17:37.000Z,website,prd1167,1581722257,1582067857,2020-02-14T23:17:37+00:00,2020-02-18T23:17:37+00:00,Hospitality Inn: Milwaukee,Hospitality Inn,Milwaukee,standard,1,1,0,4,144.65,578.6
9f316362-53cb-11ea-9ecc-b88a60e194fb,H3J-DN61,orderid:338575,crmid:4335725782,2019-12-29T19:12:05.000Z,call center,prd1149,1578165125,1578769925,2020-01-04T19:12:05+00:00,2020-01-11T19:12:05+00:00,Sapphire Suites: San Francisco,Sapphire Suites,San Francisco,premium,1,1,0,7,152.66,1068.62
9f3226ba-53cb-11ea-96e8-b88a60e194fb,IWR-0TDA,orderid:294558,crmid:4044384884,2019-12-23T13:11:34.000Z,service desk,prd1014,1577884294,1578316294,2020-01-01T13:11:34+00:00,2020-01-06T13:11:34+00:00,Restful Nights: Jacksonville,Restful Nights,Jacksonville,standard,1,1,0,5,109.97,549.85
9f3310dc-53cb-11ea-a7d2-b88a60e194fb,R1D-MHIJ,orderid:204361,crmid:8136134259,2019-12-24T18:33:08.000Z,call center,prd1016,1577644388,1578162788,2019-12-29T18:33:08+00:00,2020-01-04T18:33:08+00:00,Aspen Heights: Columbus,Aspen Heights,Columbus,premium,1,1,2,6,149.17,895.02
9f33fb6c-53cb-11ea-b67c-b88a60e194fb,KOV-RJLE,orderid:865304,crmid:6932329326,2020-01-19T08:06:59.000Z,website,prd1011,1581149219,1581754019,2020-02-08T08:06:59+00:00,2020-02-15T08:06:59+00:00,Hospitality Inn: Dallas,Hospitality Inn,Dallas,presidential-suite,1,1,0,7,869.11,6083.77
9f34e4a4-53cb-11ea-b52e-b88a60e194fb,NHN-FPAX,orderid:831399,crmid:6448798639,2020-01-24T05:30:11.000Z,kiosk,prd1181,1579930211,1580016611,2020-01-25T05:30:11+00:00,2020-01-26T05:30:11+00:00,Grandeur Hotels: Oakland,Grandeur Hotels,Oakland,premium,1,1,0,1,126.42,126.42
9f350cca-53cb-11ea-990f-b88a60e194fb,9MG-JE2G,orderid:571723,crmid:6448798639,2020-01-28T00:00:00.000Z,website,prd1172,1580256000,1580601600,2020-01-29T00:00:00+00:00,2020-02-02T00:00:00+00:00,Aspen Heights: Mesa,Aspen Heights,Mesa,premium,1,1,0,4,115.01,460.04
9f35f642-53cb-11ea-b6df-b88a60e194fb,SXA-ICGB,orderid:594317,crmid:7661064169,2020-01-19T00:24:05.000Z,mobile,prd1143,1580775845,1581726245,2020-02-04T00:24:05+00:00,2020-02-15T00:24:05+00:00,Hospitality Inn: San Antonio,Hospitality Inn,San Antonio,luxury,1,1,0,11,291.79,3209.69
9f369386-53cb-11ea-add3-b88a60e194fb,O7A-T9KD,orderid:956597,crmid:8554650188,2020-01-10T18:44:25.000Z,kiosk,prd1136,1578768265,1578854665,2020-01-11T18:44:25+00:00,2020-01-12T18:44:25+00:00,Aspen Heights: Osaka,Aspen Heights,Osaka,standard,1,1,0,1,110.37,110.37
9f36ba8c-53cb-11ea-ae24-b88a60e194fb,U3E-CFIM,orderid:317603,crmid:8554650188,2020-01-14T00:00:00.000Z,call center,prd1136,1579046400,1579305600,2020-01-15T00:00:00+00:00,2020-01-18T00:00:00+00:00,Aspen Heights: Osaka,Aspen Heights,Osaka,standard,1,1,0,3,183.41,550.23
9f377d0a-53cb-11ea-aca2-b88a60e194fb,MTH-R4VI,orderid:812235,crmid:7065546436,2020-01-30T21:44:24.000Z,website,prd1094,1580766264,1580939064,2020-02-03T21:44:24+00:00,2020-02-05T21:44:24+00:00,Blue Reef Resort: Berlin,Blue Reef Resort,Berlin,standard,1,1,0,2,77.7,155.4
9f381a1e-53cb-11ea-8b27-b88a60e194fb,J5X-2686,orderid:902573,crmid:8331233807,2020-02-04T03:31:58.000Z,website,prd1122,1581996718,1582601518,2020-02-18T03:31:58+00:00,2020-02-25T03:31:58+00:00,Restful Nights: Valencia,Restful Nights,Valencia,standard,1,1,0,7,166.22,1163.54
9f392b8c-53cb-11ea-a31d-b88a60e194fb,5OG-VDXU,orderid:307686,crmid:9714822427,2019-12-10T20:27:35.000Z,call center,prd1136,1578083255,1579120055,2020-01-03T20:27:35+00:00,2020-01-15T20:27:35+00:00,Aspen Heights: Osaka,Aspen Heights,Osaka,standard,1,1,0,12,149.28,1791.36
9f39c7d4-53cb-11ea-8d78-b88a60e194fb,BQ5-AAEG,orderid:163481,crmid:3948125882,2020-01-07T22:28:40.000Z,service desk,prd1113,1580768920,1581114520,2020-02-03T22:28:40+00:00,2020-02-07T22:28:40+00:00,Sapphire Suites: Kazan,Sapphire Suites,Kazan,standard,1,1,0,4,119.48,477.92
9f3ab106-53cb-11ea-8f96-b88a60e194fb,7FG-ZPIO,orderid:748812,crmid:2399271067,2019-12-07T09:49:06.000Z,kiosk,prd1119,1577958546,1578390546,2020-01-02T09:49:06+00:00,2020-01-07T09:49:06+00:00,Hospitality Inn: Turin,Hospitality Inn,Turin,standard,1,1,0,5,117.22,586.1
9f3b7458-53cb-11ea-b20f-b88a60e194fb,ADM-3ZWK,orderid:851079,crmid:7386594791,2020-01-02T16:05:56.000Z,kiosk,prd1051,1579622756,1580918756,2020-01-21T16:05:56+00:00,2020-02-05T16:05:56+00:00,Family Fun Hotels: New Orleans,Family Fun Hotels,New Orleans,premium,1,1,0,15,155.94,2339.1
9f3c8634-53cb-11ea-b1af-b88a60e194fb,LY5-LTHY,orderid:189308,crmid:7980245611,2019-12-15T01:44:33.000Z,call center,prd1179,1576633473,1576719873,2019-12-18T01:44:33+00:00,2019-12-19T01:44:33+00:00,Hospitality Inn: Miami,Hospitality Inn,Miami,standard,1,1,0,1,146.79,146.79
9f3d4910-53cb-11ea-8032-b88a60e194fb,4FC-V4UZ,orderid:482089,crmid:6262645996,2020-01-12T16:46:51.000Z,website,prd1189,1580834811,1581007611,2020-02-04T16:46:51+00:00,2020-02-06T16:46:51+00:00,Admiralty Plaza: Bakersfield,Admiralty Plaza,Bakersfield,standard,1,1,0,2,122.04,244.08
9f3e3374-53cb-11ea-94f5-b88a60e194fb,YWZ-ICER,orderid:929330,crmid:6337169534,2019-12-16T21:34:06.000Z,kiosk,prd1133,1576618446,1576704846,2019-12-17T21:34:06+00:00,2019-12-18T21:34:06+00:00,Grandeur Hotels: Toronto,Grandeur Hotels,Toronto,standard,1,1,0,1,93.88,93.88
9f3ecfae-53cb-11ea-a8b9-b88a60e194fb,J6I-Z7VB,orderid:996726,crmid:6058663256,2020-02-01T02:57:32.000Z,website,prd1074,1582513052,1583031452,2020-02-24T02:57:32+00:00,2020-03-01T02:57:32+00:00,Restful Nights: Mexico City,Restful Nights,Mexico City,luxury,1,1,1,6,364.53,2187.18
9f3fe168-53cb-11ea-b2f6-b88a60e194fb,PLD-U81M,orderid:737975,crmid:1706558270,2019-12-01T08:09:24.000Z,mobile,prd1034,1575360564,1575446964,2019-12-03T08:09:24+00:00,2019-12-04T08:09:24+00:00,Blue Reef Resort: Albuquerque,Blue Reef Resort,Albuquerque,standard,1,1,0,1,125.69,125.69
9f40a5b4-53cb-11ea-8fae-b88a60e194fb,UUT-GGZA,orderid:490524,crmid:8418676607,2019-12-11T02:08:27.000Z,website,prd1047,1576116507,1576202907,2019-12-12T02:08:27+00:00,2019-12-13T02:08:27+00:00,Hospitality Inn: Oakland,Hospitality Inn,Oakland,standard,1,1,0,1,153.61,153.61
9f40ccba-53cb-11ea-bc33-b88a60e194fb,QKS-OMUZ,orderid:879906,crmid:8418676607,2019-12-15T00:00:00.000Z,mobile,prd1071,1576540800,1576627200,2019-12-17T00:00:00+00:00,2019-12-18T00:00:00+00:00,Hospitality Inn: Seoul,Hospitality Inn,Seoul,standard,1,1,0,1,128.26,128.26
9f419024-53cb-11ea-b3fb-b88a60e194fb,DWF-OTYS,orderid:131328,crmid:3087933038,2020-02-11T13:24:46.000Z,website,prd1076,1582982686,1583414686,2020-02-29T13:24:46+00:00,2020-03-05T13:24:46+00:00,Aspen Heights: Bogota,Aspen Heights,Bogota,standard,1,1,0,5,132.41,662.05
9f425352-53cb-11ea-b8c7-b88a60e194fb,37Q-SXN5,orderid:223355,crmid:6827350608,2020-01-20T19:56:46.000Z,call center,prd1023,1581451006,1582142206,2020-02-11T19:56:46+00:00,2020-02-19T19:56:46+00:00,Hospitality Inn: Boston,Hospitality Inn,Boston,standard,1,1,1,8,149.59,1196.72
9f433db4-53cb-11ea-b010-b88a60e194fb,7UK-NXDO,orderid:764171,crmid:7702870458,2019-12-30T04:49:04.000Z,kiosk,prd1057,1580186944,1580791744,2020-01-28T04:49:04+00:00,2020-02-04T04:49:04+00:00,Admiralty Plaza: Mumbai,Admiralty Plaza,Mumbai,standard,1,1,0,7,121.6,851.2
9f440126-53cb-11ea-ad2c-b88a60e194fb,3ZV-YNM6,orderid:514102,crmid:6554744462,2019-12-09T05:35:13.000Z,kiosk,prd1100,1578029713,1578893713,2020-01-03T05:35:13+00:00,2020-01-13T05:35:13+00:00,Aspen Heights: Misk,Aspen Heights,Misk,standard,1,1,0,10,132.17,1321.7
9f44c452-53cb-11ea-9165-b88a60e194fb,ONR-CBVE,orderid:449622,crmid:9171005406,2020-01-06T06:32:29.000Z,call center,prd1142,1579242749,1580020349,2020-01-17T06:32:29+00:00,2020-01-26T06:32:29+00:00,Blue Reef Resort: Philadelphia,Blue Reef Resort,Philadelphia,standard,1,1,0,9,139.09,1251.81
9f45aec8-53cb-11ea-84fc-b88a60e194fb,RYP-LOJ6,orderid:396331,crmid:7055107525,2019-12-25T20:11:44.000Z,mobile,prd1021,1579551104,1580415104,2020-01-20T20:11:44+00:00,2020-01-30T20:11:44+00:00,Admiralty Plaza: Denver,Admiralty Plaza,Denver,standard,1,1,3,10,114.53,1145.3
9f467224-53cb-11ea-891d-b88a60e194fb,JUV-8K3J,orderid:416874,crmid:9290479145,2020-01-16T08:56:41.000Z,call center,prd1047,1579942601,1580633801,2020-01-25T08:56:41+00:00,2020-02-02T08:56:41+00:00,Hospitality Inn: Oakland,Hospitality Inn,Oakland,premium,1,1,0,8,141.31,1130.48
9f473586-53cb-11ea-8ca2-b88a60e194fb,RLO-5RXT,orderid:674576,crmid:4101346974,2019-12-03T10:47:18.000Z,kiosk,prd1010,1577011638,1577530038,2019-12-22T10:47:18+00:00,2019-12-28T10:47:18+00:00,Blue Reef Resort: San Diego,Blue Reef Resort,San Diego,standard,1,1,4,6,97.3,583.8
9f47f74c-53cb-11ea-b95e-b88a60e194fb,MZW-TNUW,orderid:797246,crmid:4788406643,2019-12-18T18:38:34.000Z,call center,prd1033,1577299114,1577644714,2019-12-25T18:38:34+00:00,2019-12-29T18:38:34+00:00,Admiralty Plaza: Milwaukee,Admiralty Plaza,Milwaukee,premium,1,1,0,4,122.79,491.16
9f48ba98-53cb-11ea-8993-b88a60e194fb,KZW-FFBK,orderid:298824,crmid:5475084394,2019-12-29T13:27:02.000Z,mobile,prd1190,1579526822,1580218022,2020-01-20T13:27:02+00:00,2020-01-28T13:27:02+00:00,Blue Reef Resort: Aurora,Blue Reef Resort,Aurora,standard,1,1,0,8,162.94,1303.52
9f497de4-53cb-11ea-9cdc-b88a60e194fb,O1O-SRNY,orderid:727438,crmid:5921045223,2020-01-01T19:06:28.000Z,website,prd1184,1577991988,1578078388,2020-01-02T19:06:28+00:00,2020-01-03T19:06:28+00:00,Aspen Heights: Arlington,Aspen Heights,Arlington,standard,1,1,0,1,146.34,146.34
9f4a1a28-53cb-11ea-bbd6-b88a60e194fb,JMC-X8WG,orderid:333585,crmid:9038473617,2020-02-06T02:32:13.000Z,kiosk,prd1181,1583116333,1584671533,2020-03-02T02:32:13+00:00,2020-03-20T02:32:13+00:00,Grandeur Hotels: Oakland,Grandeur Hotels,Oakland,standard,1,1,0,18,99.29,1787.22
