crmid,email,first_name,last_name,gender,mobile telephone,city,country,zip,state,street address,birthday,creditrating
crmid:9028035330,navies1934@yahoo.com,Jefferey,Orr,male,442-656-7083,Batavia,United States,28325,New Mexico,491 Longview,1936-05-22,508
crmid:9412716701,unapplicable1949@live.com,Yelena,Singleton,female,362-836-9932,Pampa,United States,25432,Maryland,1345 Fowler,1958-09-27,2899
crmid:1009193008,microphytology1874@yandex.com,Edward,Blackwell,,784-322-7606,Willmar,United States,32807,Alabama,81 Dudley,1976-11-08,1128
crmid:7249598052,redout1861@yandex.com,Hyman,Dunlap,,044-417-8165,Hazelwood,United States,40221,Arkansas,965 Metson,1970-08-25,417
crmid:3177143405,beelol1866@outlook.com,Rene,Simpson,male,098-356-9306,Sioux City,United States,18581,Connecticut,1057 Diamond Heights,1942-08-27,2064
crmid:4234733448,lazying1890@live.com,Andera,Keller,female,836-370-9987,El Mirage,United States,70881,Kansas,565 Mcdonald,1958-01-16,2466
crmid:5236180791,unfavourably1828@gmail.com,Clifton,Price,,122-057-0570,Knoxville,United States,15411,New York,955 Birmingham,1978-03-28,2813
crmid:2181950107,bear1931@outlook.com,Hugo,Hampton,,229-937-5986,Hoffman Estates,United States,39358,Wyoming,829 Ignacio,1972-07-13,1715
crmid:3526084179,pairing2063@outlook.com,Dallas,Barnett,female,506-921-7249,West Valley City,United States,68065,Oregon,166 Fielding,1961-02-02,704
crmid:9506532012,javanese1998@outlook.com,Javier,Bell,male,469-444-6597,Visalia,United States,52995,Missouri,205 Phelps,1994-01-10,665
crmid:1349932082,blackfeet1976@yahoo.com,Burton,Sargent,,775-070-2025,Ridgecrest,United States,64750,Minnesota,707 Reno,1985-01-24,1890
crmid:5572609456,unthumped1924@outlook.com,Donovan,Britt,,528-938-0752,North Little Rock,United States,37547,Connecticut,1149 Sutro Heights,1998-06-27,1991
crmid:6349663346,rhiptoglossa1809@outlook.com,Winston,Reilly,,633-364-7520,Puyallup,United States,22786,West Virginia,1015 Van Buren,1967-02-10,617
crmid:7892292931,prosobranch1979@gmail.com,Tracy,Bowen,,934-351-0100,Homestead,United States,73760,Louisiana,309 Mint,1973-11-12,928
crmid:5450873616,widegap2027@yahoo.com,Bradley,Graves,,723-855-5165,Vicksburg,United States,45932,New Hampshire,815 Kalmanovitz,1990-08-19,2311
crmid:3214548211,aboveground1934@yandex.com,Leonel,Reyes,male,133-376-6546,Oak Ridge,United States,90755,Ohio,769 Paloma,1938-06-24,1078
crmid:1202730475,creeps2028@gmail.com,Berry,Charles,,727-485-5034,Weirton,United States,73301,Nevada,914 Valmar,1974-06-11,2921
crmid:9444271625,himalayan1909@yandex.com,Debbi,Cochran,female,087-603-3866,Durant,United States,12707,West Virginia,1365 Pfeiffer,1956-02-06,625
crmid:7080902505,outwept1951@yahoo.com,Yukiko,House,female,411-261-9686,Port Chester,United States,14582,New Jersey,220 Heritage,1948-09-14,594
crmid:8153066891,amphithuron1933@gmail.com,Lacresha,Glenn,female,896-756-3361,Park Ridge,United States,76956,Louisiana,164 Maywood,1952-10-19,1565
crmid:5458406125,cheng2050@live.com,Lincoln,Carey,,984-570-4285,Irving,United States,44914,New York,953 Windsor,1975-07-26,2149
crmid:7981830050,disproportionate1998@gmail.com,David,Hutchinson,male,664-263-8908,San Francisco,United States,99482,Missouri,630 Joy,1939-03-15,2131
crmid:5806387428,geology2028@outlook.com,Terrance,Wilcox,,907-204-3642,Maryville,United States,37696,Louisiana,549 Rondel,1987-06-28,2926
crmid:1679945169,syntelome1924@live.com,Deon,Contreras,male,559-420-2806,Bentonville,United States,14820,Alaska,208 Water,1938-03-07,2960
crmid:9224881367,saintdom1940@gmail.com,Ryan,Downs,,604-243-8721,Helena,United States,73512,Wisconsin,105 Hagiwara Tea Garden,1970-07-11,992
crmid:8357526086,uncolourable2065@live.com,Santo,Grimes,,729-984-4500,Pittsfield,United States,83303,Iowa,988 Torney,1977-06-16,1742
crmid:7986688509,latipennate1824@yahoo.com,Felix,Maddox,,980-658-3805,Mount Prospect,United States,13859,Mississippi,1167 Bellevue,1993-03-24,644
crmid:2064444656,caricaturists2053@yahoo.com,Zofia,Cooley,female,637-479-6190,Utica,United States,77581,North Dakota,649 Icehouse,1946-09-07,1053
crmid:7858071462,cottonmouth1885@gmail.com,Valentine,Sharp,female,706-202-7551,Doral,United States,50751,New Mexico,248 Koret,1955-09-27,2002
crmid:4012163788,microlitic1973@yandex.com,Lupe,Santana,male,721-115-1861,Bellevue,United States,88723,West Virginia,579 School,1937-06-26,2134
crmid:5461922115,shantey1877@yandex.com,Homer,Gill,,599-040-0945,Joliet,United States,81221,Utah,782 Transverse,1976-01-05,1944
crmid:3301242111,alogism2063@gmail.com,Williams,Macdonald,,478-364-1169,Monterey Park,United States,74350,North Carolina,903 Bonview,1992-07-04,2654
crmid:4605409158,culet1911@yandex.com,Elinore,Christian,female,313-860-8896,Urbana,United States,28716,New Mexico,1056 Naples,1957-11-26,818
crmid:6562105341,locoed2023@gmail.com,Miquel,Robbins,,036-385-7976,Westbrook,United States,46804,Alabama,32 Richards,1991-05-22,488
crmid:2024935652,sorest1888@outlook.com,Ferdinand,Mcdaniel,,105-332-6182,South San Francisco,United States,98905,Indiana,756 Toll Plaza Tunnel,1965-09-30,2252
crmid:4922907782,asters1911@yandex.com,Michel,Gibson,female,849-446-2654,Country Club Hills,United States,93174,Florida,694 Rio Verde,1951-06-11,713
crmid:8379180138,collodion1934@outlook.com,Ivory,Evans,,680-731-0744,High Point,United States,93678,Alabama,550 Jules,1971-07-25,2313
crmid:4230006628,archjockey2032@live.com,Ben,Gross,,567-377-8487,Menlo Park,United States,72034,Texas,1034 Saint Charles,1989-12-08,2135
crmid:2083698341,disfavourable1955@live.com,Saul,Pennington,,371-466-4225,Hinesville,United States,29557,Missouri,623 Transbay Hump,1972-04-30,751
crmid:6362212866,prolegomenon1836@yandex.com,Despina,England,female,890-960-5034,Santa Paula,United States,97125,Michigan,1117 Brannan,1953-02-09,903
crmid:4802067436,mosso1853@live.com,Grady,Farmer,male,169-290-3507,Brownsville,United States,26481,Illinois,528 Whipple,1942-04-09,2841
crmid:8161972130,hydronegative1971@live.com,Venice,Mayo,female,500-940-2695,Clemmons,United States,75483,North Dakota,136 Clara,1948-12-17,1503
crmid:2425770534,tovarish1932@yandex.com,Rudolph,Mayo,male,144-352-1863,San Jacinto,United States,67051,Kentucky,296 Gerard,1994-09-03,1725
crmid:3836421611,elephantseal1837@yandex.com,Brian,Wiley,,917-329-0210,Morgantown,United States,94091,Virginia,391 Buena Vista,1993-04-15,1115
crmid:6472322693,apathetic1996@yahoo.com,Isidro,Greene,,285-427-4528,Howard,United States,36936,Louisiana,623 Mistral,1973-07-24,2830
crmid:8928661323,ventages1859@yahoo.com,Treasa,Roth,female,237-852-4263,Seattle,United States,75212,Missouri,611 Ramona,1953-09-25,902
crmid:4300919153,undersomething1967@live.com,Eliseo,Bray,male,893-948-0967,North Platte,United States,00378,Missouri,1357 Middle Point,1999-01-06,1817
crmid:9114160378,carbonite2008@yahoo.com,Lawrence,Wilder,,134-171-6001,North Miami Beach,United States,36576,Minnesota,834 Macarthur,1998-07-22,2250
crmid:1478664837,pedocalcic2010@gmail.com,Dennis,Sosa,,442-963-0895,Lehi,United States,15104,New Mexico,941 Hillside,1982-03-04,2116
crmid:3311089534,syntelome1973@outlook.com,Hank,Barber,,463-876-2211,Maricopa,United States,69370,Oklahoma,1126 Mcnair,1987-11-25,2337
crmid:7114677525,dimity1826@yandex.com,Lindsey,Sharp,,907-425-9819,Logansport,United States,55479,Idaho,439 Moscow,1983-10-17,1465
crmid:5486316192,tegment1845@live.com,Bryon,Hickman,,477-770-7836,Hobart,United States,48244,South Carolina,846 Case,1972-07-21,1530
crmid:2176948884,beaulieu1951@gmail.com,Fabian,Sims,,390-408-3392,Somerville,United States,49968,Alaska,612 Lauren,1981-08-31,1870
crmid:4224274868,bothersome1907@yahoo.com,Doug,Baxter,,550-750-4301,Lewiston,United States,38903,Oklahoma,1180 Fratessa,1982-05-16,1822
crmid:7226719418,lavinia1820@outlook.com,Talisha,Curry,female,231-283-0990,Darien,United States,72573,Mississippi,375 Lyndhurst,1953-12-16,984
crmid:9660758780,burin1961@gmail.com,Roni,Wolfe,female,570-168-5900,Opelousas,United States,29235,West Virginia,214 Cabrillo,1958-07-31,2943
crmid:2313826203,cosimo1844@outlook.com,Loida,Ruiz,female,285-028-6152,San Bernardino,United States,17699,Texas,1172 Carrizal,1954-05-26,833
crmid:5458509066,dijian2064@gmail.com,Allena,O'neal,female,989-795-5316,Durant,United States,00765,New Jersey,63 Schwerin,1956-01-22,778
crmid:8411457752,moped2058@yandex.com,Cira,Crawford,female,301-008-5968,Elk Grove,United States,92182,Oregon,372 Burnett,1959-02-07,1394
crmid:2976609137,ammar1821@gmail.com,Evelina,Burton,female,372-199-8328,Ottawa,United States,21003,West Virginia,607 Letterman,1960-12-06,653
crmid:4748292891,tribromophenol1843@yahoo.com,Sang,Nicholson,,444-689-4994,Hinsdale,United States,37520,New Hampshire,916 Cragmont,1972-05-11,1897
crmid:2684129071,deuce2025@live.com,Audria,Ramsey,female,360-909-8072,Fargo,United States,87124,Georgia,1202 Adam,1961-01-24,1226
crmid:9066107705,danize1835@gmail.com,Olympia,Deleon,female,746-007-6746,Stow,United States,55797,Iowa,543 Butte,1960-11-26,483
crmid:3741968450,eyetooth2007@yahoo.com,Chanell,Hayes,female,386-804-8298,East Providence,United States,80934,Massachusetts,657 Flint,1957-10-03,2603
crmid:8232995150,fletcher1947@yandex.com,Merlin,Flowers,,482-751-5342,Garland,United States,04202,New Hampshire,253 Laskie,1965-01-17,367
crmid:9183681665,gambet1868@outlook.com,Neville,Keith,,701-922-2499,Mason City,United States,99248,Wyoming,1277 Daniel Burnham,1987-03-30,740
crmid:5197401849,directory1960@outlook.com,Lindsay,Ashley,,738-274-9973,Los Angeles,United States,24369,Massachusetts,879 Seawell,1984-05-13,2806
crmid:8336396868,pellitories1805@yandex.com,Ross,Gibson,,094-012-1065,South San Francisco,United States,42330,Alabama,114 Saint Marys,1986-02-09,785
crmid:9436201688,recleansing1899@yahoo.com,Love,Duran,female,612-769-9063,Evans,United States,33161,Iowa,1382 Marengo,1960-06-09,432
crmid:7740858948,notturni1850@yandex.com,Cyrus,Terrell,male,750-612-4416,Sidney,United States,59911,Utah,239 China Basin,1930-02-28,1519
crmid:5386578286,pentameridae2036@live.com,Dirk,Gaines,,747-804-4220,Jersey City,United States,79913,Montana,945 Canby,1975-10-30,2914
crmid:5159574683,dermis1867@yahoo.com,Mose,Mcknight,,377-932-9980,North Richland Hills,United States,93142,Florida,795 Bacon,1999-11-13,832
crmid:7800740147,coventries1857@gmail.com,Giuseppe,Flynn,,452-722-3850,Ridgewood,United States,74507,Maine,1140 Bayview,1986-10-14,2538
crmid:1290684595,seugh1855@outlook.com,Sharolyn,Conrad,female,054-240-8156,Paramount,United States,21490,North Dakota,1197 Perego,1959-08-07,2523
crmid:7291178343,falchion1880@live.com,Britt,Pittman,female,395-101-3186,Romeoville,United States,97504,Michigan,883 Earl,1954-01-23,1530
crmid:9595152870,atlas1959@outlook.com,Dane,Schwartz,,994-561-2025,La Vista,United States,74119,Oregon,345 Louisiana,1979-12-23,1194
crmid:7770824947,alkyds1942@yahoo.com,Alden,Church,male,749-639-5318,Warrensburg,United States,80032,Iowa,940 Wallen,1938-01-06,2687
crmid:6893879267,camata1866@gmail.com,Steven,Key,female,740-271-4393,Dumont,United States,64890,Florida,197 Pennsylvania,1956-11-30,1373
crmid:2829390199,barnacle1863@yandex.com,Mike,Gamble,,465-072-0635,Owasso,United States,73838,Tennessee,775 Coventry,1980-07-14,2156
crmid:6408760223,holloo1865@yandex.com,Otis,Whitley,,487-645-8535,Glen Cove,United States,56469,Colorado,39 Cross,1966-10-22,1943
crmid:1615311836,censored1847@live.com,Jeromy,Vincent,male,350-318-1336,Big Spring,United States,69903,Oklahoma,719 Carmel,1939-11-10,2076
crmid:1181139798,ramentiferous1982@yahoo.com,Marc,Hooper,,728-334-5978,Logan,United States,87472,Hawaii,880 Oak Park,1983-12-26,2824
crmid:8266778326,designers1966@live.com,Billye,Buck,female,533-060-4194,Dover,United States,04957,Illinois,574 Oscar,1955-01-04,2357
crmid:9567874843,anemony1825@outlook.com,Reed,Pitts,,679-859-2848,Johnstown,United States,02847,Arkansas,1253 Kronquist,1975-01-03,2581
crmid:4095458929,reflowers1813@yahoo.com,Manie,Barr,female,506-590-8453,O'Fallon,United States,10594,Utah,1353 Benton,1948-06-02,1720
crmid:3394239680,thrillingness2064@yahoo.com,Fred,Yang,male,220-758-6077,Beavercreek,United States,23522,Arizona,969 Vicksburg,1937-04-12,919
crmid:8248720781,gregarina1989@yahoo.com,Guadalupe,Tyson,male,738-324-6445,Albert Lea,United States,23837,Minnesota,677 Nordhoff,1931-04-29,2575
crmid:4115674806,partridge1812@yandex.com,Manual,Torres,male,197-108-5363,Schertz,United States,08079,Alaska,221 Berry Extension,1930-07-29,1098
crmid:4914135829,toughening1835@live.com,Jay,Madden,male,190-579-8138,Bethlehem,United States,28374,Wisconsin,1050 Brookdale,1938-05-18,1836
crmid:9333936846,coerced2056@yahoo.com,Colton,Ayers,,267-581-8932,Hickory,United States,52135,Kansas,1198 Getz,1971-09-06,2427
crmid:4188640409,blizz2065@yahoo.com,Kurtis,Fox,,918-156-0612,Tustin,United States,31366,Maryland,998 Natick,1969-09-06,705
crmid:3205686427,accurate2058@outlook.com,Antonia,Owen,,843-420-3836,Marietta,United States,78265,Idaho,934 Gibson,1987-12-12,655
crmid:1572931338,cailliach1831@gmail.com,Paris,Odom,,110-811-7175,Pompano Beach,United States,32578,Texas,126 Bluxome,1979-04-22,1703
crmid:9854136632,cebil2017@live.com,Alexis,Wood,male,498-541-2999,Bensenville,United States,60444,Virginia,1057 Westmoorland,1938-12-23,1610
crmid:7003257401,demir1814@outlook.com,Derek,Golden,male,750-485-6238,Cambridge,United States,17861,Wisconsin,933 Carroll,1943-03-11,2006
crmid:6241914232,snuffing1873@live.com,Donella,Atkinson,female,699-569-5462,Renton,United States,20833,Georgia,1030 Moscow,1957-03-01,2608
crmid:3631085672,zeuzera1812@outlook.com,Andreas,Fuller,,062-778-7598,Porterville,United States,37660,Alaska,1080 Loraine,1979-04-24,2168
crmid:7680443401,peachen2000@live.com,Perry,Emerson,,407-055-0244,Palm Springs,United States,68414,New York,804 Anglo,1981-06-06,1653
crmid:2549699782,epispinal2000@live.com,Elvis,Oliver,male,455-038-0014,Burlingame,United States,16486,Maryland,378 Quarry,1943-03-22,1015
crmid:3844514118,closterium1818@gmail.com,Rudolf,Flores,male,846-814-8482,Sulphur,United States,07200,Alaska,534 Sibley,1937-12-16,502
crmid:8521006737,tutelae2001@outlook.com,Emil,Cotton,male,483-561-8889,Beaumont,United States,15348,Massachusetts,1027 Stoneybrook,1936-03-07,507
crmid:6081643133,rachidial1850@live.com,Bryon,Turner,,650-787-8491,Fullerton,United States,82040,Alaska,1056 Ahern,1964-02-10,2972
crmid:7828736527,vertep1981@outlook.com,Ranae,Weiss,female,327-449-0126,Richfield,United States,71956,Alabama,864 Hattie,1948-07-30,867
crmid:7143212485,lithosol1815@outlook.com,Johnathan,Blair,male,787-671-3637,Victoria,United States,99978,Maryland,1115 Burns,1934-12-10,1585
crmid:7629986848,okinagan1847@yandex.com,Colby,Pratt,,539-455-1748,Palisades Park,United States,49121,Georgia,1119 Dormitory,1984-10-06,1093
crmid:5409965893,culebra2049@outlook.com,Howard,Stephens,,592-055-9429,Lacey,United States,90078,Oklahoma,1150 Sotelo,1979-02-03,401
crmid:9049876062,gript2041@gmail.com,Greg,Kaufman,male,174-661-2988,Tampa,United States,69208,New Mexico,258 Dicha,1933-11-08,499
crmid:5914399589,keyless1994@yahoo.com,Amina,Franco,female,098-291-5283,Paragould,United States,17023,Alabama,900 Torney,1951-11-01,1398
crmid:9951072405,solatia2005@yandex.com,Gerald,Emerson,male,682-947-9262,Ashwaubenon,United States,21468,Iowa,846 Sylvan,1934-04-09,862
crmid:4437090044,tyrantship2057@yandex.com,Josue,Hood,,084-636-2845,Monroe,United States,24418,New Hampshire,716 Cedro,1992-04-04,1301
crmid:9882725220,nonoccurrence2044@yandex.com,Yoko,Flynn,female,757-176-9092,Coon Rapids,United States,58526,Alabama,523 Commonwealth,1950-09-10,2603
crmid:9419361699,archfiend1934@live.com,Cole,Finley,,072-486-8460,Van Buren,United States,36314,Kentucky,323 Bonview,1973-07-22,320
crmid:4448890677,boutade1853@yahoo.com,Eliseo,Monroe,,917-654-9586,Hammond,United States,60596,Mississippi,545 Clearfield,1969-11-23,2546
crmid:5191139590,holts1914@outlook.com,Shenika,Parsons,female,995-997-8849,Prichard,United States,16324,Wisconsin,800 Westmoorland,1952-08-23,2685
crmid:5191644800,toelike1989@outlook.com,Raymon,Rodriquez,male,728-138-1899,Bourbonnais,United States,47637,Iowa,638 Eldridge,1940-08-25,1498
crmid:8417365907,greengage1989@yahoo.com,Tomika,Hayes,female,118-059-5349,Fairborn,United States,59670,Minnesota,664 Delgado,1961-09-13,2107
crmid:8260113958,kentrogon2044@yahoo.com,Freddy,Munoz,male,760-372-2862,Bridgeport,United States,22565,Delaware,933 Avenue M,1941-04-21,1173
crmid:2761082224,longsomely1909@live.com,Mitchell,Wall,female,598-854-1155,Chico,United States,34259,Maryland,471 Trumbull,1947-06-30,1112
crmid:9144326804,silanes1841@outlook.com,Jim,Todd,,769-284-0243,Greenfield,United States,74235,Oklahoma,1156 Campton,1968-08-12,1377
crmid:1539647970,catharizing1928@outlook.com,Heath,Carson,male,213-647-4428,Azusa,United States,25804,Maryland,135 Nobles,1935-05-05,1898
crmid:1248423302,differences1987@gmail.com,Ray,Johns,,169-818-9823,Lake Havasu City,United States,24403,Connecticut,190 Front,1980-04-05,2794
crmid:3462893698,mutine1812@yandex.com,Vincenzo,Avery,,145-272-2256,Mount Prospect,United States,77691,Oregon,494 Ash,1993-11-25,2981
crmid:4916827105,barite1974@yahoo.com,Alphonse,Baird,,041-052-5752,Great Falls,United States,83987,Texas,60 Antonio,1968-08-13,1384
crmid:1600564372,dadaism2047@gmail.com,Granville,Ashley,male,611-971-2005,Whittier,United States,00795,Kentucky,336 Burke,1940-04-01,1604
crmid:3679884128,camacho1890@outlook.com,Marvis,Mccray,female,134-243-7917,Cleveland Heights,United States,38953,Connecticut,678 Fernwood,1948-06-19,1076
crmid:7553031195,creen2001@gmail.com,Arnulfo,Frost,male,695-856-5731,Camarillo,United States,00636,Texas,399 Zeno,1943-01-10,2826
crmid:5127552206,cabala1838@yandex.com,Halina,Holloway,female,791-098-6370,Champaign,United States,17175,Washington,1039 Forest,1946-04-14,1559
crmid:5020975891,transubstantiate1944@gmail.com,Sidney,Collins,male,554-998-5035,Butte-Silver Bow,United States,71725,Oregon,141 Pratt,1943-09-06,1171
crmid:6703553155,consonance2033@gmail.com,Garry,Lang,,109-503-4598,Leesburg,United States,41204,Georgia,23 Tucker,1982-08-12,2837
crmid:2658171088,cordoba1922@yandex.com,Tory,Mosley,female,073-079-9113,Eau Claire,United States,56120,Wisconsin,639 Panorama,1957-09-17,317
crmid:6841594802,broch2039@yahoo.com,Glennis,Beach,female,950-675-9272,Chambersburg,United States,12494,Michigan,242 Van Dyke,1946-03-02,364
crmid:8212254986,telegrams1882@yandex.com,Duane,Booker,,423-709-4088,Joplin,United States,81712,Hawaii,956 Rivoli,1976-03-07,2367
crmid:5403987701,reobtains1983@outlook.com,Louvenia,Potts,female,548-850-4259,Fall River,United States,35835,Nevada,1117 Nadell,1961-06-23,1675
crmid:9746943530,computer1825@yandex.com,Hermila,Mcintyre,female,056-123-6033,Niles,United States,75528,Colorado,421 Eddy,1997-12-05,1056
crmid:7848161434,curvilinear2010@gmail.com,Lanita,Suarez,female,567-767-3820,Roseburg,United States,99977,New Hampshire,841 Pinehurst,1947-05-28,1045
crmid:1673717529,engluts2060@gmail.com,Louanne,Collins,female,287-480-3016,Pasadena,United States,19125,Maine,911 Kate,1955-06-06,488
crmid:2116743598,budgerigar1975@yandex.com,Danilo,Brown,,673-280-0800,Grand Prairie,United States,98627,Delaware,417 Claude,1967-05-27,1474
crmid:9970641548,casas1884@gmail.com,Lekisha,Key,female,315-676-7708,Saginaw,United States,24371,Minnesota,370 Welsh,1958-05-16,1260
crmid:7974461975,breaststroker1816@yandex.com,Jimmie,Marquez,,771-443-0532,Killeen,United States,44391,Wyoming,1061 Baker,1977-08-24,2457
crmid:2115896755,unthumped2014@yahoo.com,Len,Chambers,,782-404-3456,Gillette,United States,04339,Nebraska,734 Brighton,1966-01-31,2372
crmid:8442607546,wombat2024@yandex.com,Dorian,Stark,male,087-958-9176,Warren,United States,01164,Arkansas,829 Jack Balestreri,1936-03-28,2027
crmid:5778946010,convected1847@yandex.com,Jude,Booker,,095-047-9344,Richfield,United States,44931,Colorado,465 Bepler,1986-01-16,1103
crmid:1343160012,wipers2070@yahoo.com,Del,Dotson,,408-714-1067,Stillwater,United States,93011,Kentucky,111 Union,1974-01-25,1000
crmid:8874495643,supervene1908@outlook.com,Vito,Beach,,213-602-1647,Fort Lauderdale,United States,16855,Indiana,468 San Carlos,1963-03-26,2929
crmid:3597388770,elizabethan1998@outlook.com,Linsey,Wood,female,446-834-8168,Raleigh,United States,28930,Wisconsin,1338 Prado,1955-05-31,2250
crmid:7046760090,apoda1966@gmail.com,Quincy,Holden,male,518-486-7937,Arcadia,United States,48035,Delaware,7 Pleasant,1933-08-14,977
crmid:2064092568,physiognomist2028@yahoo.com,Wen,Benton,female,945-788-7789,Coeur d'Alene,United States,52232,North Carolina,403 Valerton,1949-09-03,1865
crmid:1948124491,manerial2002@gmail.com,Eugene,Fowler,male,631-201-8753,Seattle,United States,61082,Maine,1050 Nueva,1934-04-10,2799
crmid:7136491043,melangeur1986@yahoo.com,Ezra,Nieves,,501-894-0574,Skokie,United States,43967,Virginia,1225 Myrtle,1986-04-12,1417
crmid:9082042622,tuke2034@gmail.com,Liberty,Barrett,female,926-693-5005,Coral Gables,United States,67047,Minnesota,458 Kingston,1950-12-24,526
crmid:2396442932,enflagellation1821@outlook.com,Ivan,O'neal,,678-340-3082,Titusville,United States,28645,Texas,1204 Upper Service,1963-10-21,714
crmid:5897888067,hydrome1804@yahoo.com,Oswaldo,Mcconnell,,103-707-1715,McKinney,United States,42964,Maine,19 Turk Murphy,1988-07-25,1652
crmid:7374899396,primeval1886@live.com,Danial,Boyd,,994-905-4260,Prairie Village,United States,31141,Indiana,875 Pizarro,1979-08-06,572
crmid:3233701890,heathrman2012@live.com,Gale,Strong,male,821-536-2187,Apex,United States,68348,Iowa,293 Emma,1933-11-08,842
crmid:2804545174,weatherologist1831@yandex.com,Roy,Parsons,male,924-574-7218,Bellaire,United States,49277,Virginia,323 Ironwood,1937-08-23,1361
crmid:2627193365,section1940@outlook.com,So,Coleman,female,568-918-0713,Omaha,United States,11603,Pennsylvania,260 Hillway,1952-08-06,1401
crmid:5159181444,fashionably1988@yahoo.com,Royal,Dickson,male,501-618-4485,Petaluma,United States,09962,Arkansas,597 Beeman,1938-08-08,1200
crmid:7628978743,paseos2061@live.com,Hwa,Pickett,female,544-233-3850,Charlotte,United States,66761,Tennessee,788 Upper Service,1946-10-28,1358
crmid:6721081449,bagels1900@live.com,Charlyn,Salas,female,446-070-4325,Fairfield,United States,04633,Idaho,85 Bowdoin,1961-02-26,502
crmid:6494391687,pantryman2022@yahoo.com,Leslie,Case,male,190-276-9848,Springfield,United States,03342,Illinois,186 Faxon,1942-06-05,2895
crmid:6853701723,aluminum1951@live.com,Myron,Moran,male,753-686-9068,Rockwall,United States,06527,Ohio,781 San Miguel,1930-07-21,1607
crmid:9179425478,sapid1815@yandex.com,Catherin,Robles,female,786-102-0278,Prattville,United States,67082,Alabama,107 Avery,1998-04-03,2841
crmid:5961130742,alogism2067@gmail.com,Cornell,Burke,,875-266-5550,Vero Beach,United States,92110,Tennessee,1306 Troy,1967-04-13,2460
crmid:4514929769,alegre1917@live.com,Chris,Guerrero,male,492-869-9968,Cedar City,United States,07758,Kentucky,1382 Fourth,1945-02-12,2781
crmid:4241804808,signification2047@yahoo.com,Hisako,Jenkins,female,857-599-4963,Shelby,United States,92120,Oklahoma,370 Simonds,1960-12-07,2676
crmid:2161695477,correct2040@yandex.com,Grover,Franco,,699-271-4053,Libertyville,United States,94021,New Mexico,245 Saint Charles,1982-10-15,2532
crmid:4469630640,protologist1997@live.com,Graham,Stephens,,469-473-9427,Miramar,United States,53923,Missouri,227 Schofield,1991-09-10,1503
crmid:3636928582,scoot1864@live.com,Jerrell,Jensen,,308-393-3983,Lynn,United States,83364,Utah,258 Washington,1985-07-30,662
crmid:4297083742,benares1803@live.com,Bruno,Mcbride,,296-218-8049,Germantown,United States,80303,Michigan,492 Alder,1966-01-25,1066
crmid:5794945957,cosmetic1879@outlook.com,Cedrick,Pratt,,314-067-3508,Gretna,United States,93306,Georgia,1006 North,1968-11-13,1869
crmid:6120065761,compatriot1807@yandex.com,Ramiro,Skinner,,408-715-5131,Woonsocket,United States,37653,New Jersey,1361 Highland,1973-10-23,2531
crmid:1942677128,macroprism1960@live.com,Titus,Alvarado,male,455-856-8580,Bonney Lake,United States,54234,Ohio,1063 Romolo,1940-09-01,1824
crmid:3850046262,chakras1843@yandex.com,Micah,Robbins,,464-721-0153,Sparks,United States,87441,South Dakota,1182 Carmel,1990-07-14,1871
crmid:7098949337,beleaguering1867@gmail.com,Graham,Mason,,323-569-1914,Miami Lakes,United States,77459,Florida,654 Peters,1990-12-09,2891
crmid:8428273562,monastery1922@yandex.com,Guadalupe,Maldonado,,543-387-3827,Loma Linda,United States,13227,North Dakota,966 Fayette,1983-03-18,474
crmid:2540166732,leucoryx1858@yahoo.com,Jesse,Nguyen,male,940-902-9792,American Fork,United States,33875,Wisconsin,937 Powell,1932-05-21,1321
crmid:7813628510,sprit2040@yahoo.com,Billye,Sharp,female,625-834-7687,College Park,United States,90858,Ohio,1366 Saul,1949-11-02,1898
crmid:4264641934,crossways1856@outlook.com,Brinda,Clements,female,908-799-8811,Williamsport,United States,11519,Alaska,1249 Brady,1948-01-06,676
crmid:5110935324,didus1955@gmail.com,Mack,Robinson,male,659-106-3690,Round Lake,United States,50759,South Carolina,1160 Saroyan,1933-07-25,583
crmid:9723592311,decaf1891@yandex.com,Ermelinda,Riggs,female,081-216-9337,Elk Grove,United States,77910,Illinois,367 Inverness,1959-03-25,1565
crmid:1264759299,kinkajou1813@yandex.com,Nicholas,Talley,,255-180-7232,Hutchinson,United States,23885,Minnesota,558 Jean,1974-04-08,815
crmid:5432614440,digestives1817@outlook.com,Leandro,Dorsey,,831-593-7689,South Gate,United States,43772,Tennessee,620 Thorne,1981-09-11,1792
crmid:8318555557,mazard1831@outlook.com,Willie,Cobb,,548-761-2293,Lynchburg,United States,99051,Minnesota,125 Visitacion,1985-05-29,716
crmid:1011523049,triplopia2038@gmail.com,Long,Hebert,,823-425-7456,Saratoga Springs,United States,30873,Oklahoma,682 Santa Rita,1974-06-02,651
crmid:1171839577,choctaw1903@gmail.com,Jackson,Newton,male,990-331-4251,Bettendorf,United States,26856,Ohio,254 Galilee,1938-05-21,2121
crmid:8417482971,euectic1870@live.com,Garry,Chavez,,393-523-5847,Forest Grove,United States,33146,Florida,1086 Oreilly,1962-07-03,445
crmid:5190436184,abime1837@live.com,Marquis,Flores,male,568-556-9397,Bell,United States,37222,Washington,160 Alana,1937-07-10,1723
crmid:1736391598,cobblerless1911@gmail.com,Dannette,Riley,female,573-072-7210,Youngstown,United States,21056,Vermont,713 Locust,1960-12-04,2291
crmid:6445981098,walies1816@yandex.com,Norris,Pennington,,101-063-3441,Ponca City,United States,67210,Nevada,943 Emerald,1997-05-24,2042
crmid:9710068161,crocodile1909@outlook.com,Eric,Mcpherson,male,280-383-4348,San Bruno,United States,01912,Maine,195 Locksley,1934-04-20,935
crmid:4238866881,pangasinan1908@gmail.com,Fumiko,Giles,female,332-557-3000,Shreveport,United States,18106,Indiana,713 Automobile,1951-03-11,2051
crmid:2482547263,boden2052@yahoo.com,Brant,Mcclain,,555-967-3272,Strongsville,United States,30103,Wisconsin,1012 Waverly,1978-01-05,1483
crmid:2570448517,dendrobatinae2053@yahoo.com,Scotty,Francis,,082-798-1403,Kearny,United States,71534,Texas,554 Starr King,1976-06-06,431
crmid:2809666642,waddie2011@outlook.com,Kermit,Whitfield,male,742-108-0236,Sandy Springs,United States,67955,Ohio,844 Humboldt,1943-06-24,873
crmid:9178893549,drizzly2058@outlook.com,Prince,Osborne,male,414-454-3813,Burlingame,United States,66985,Tennessee,1035 Ventura,1943-10-15,378
crmid:1863303929,mongeese1941@yahoo.com,Laverna,Berry,female,107-122-4669,Edmond,United States,22210,Wyoming,245 Vicksburg,1958-05-03,1446
crmid:7100992073,euktolite1854@yahoo.com,Lavera,May,female,703-246-8625,Dallas,United States,22768,Alabama,43 Moreland,1952-05-18,1900
crmid:8866676620,crumble1954@yandex.com,Lou,Mueller,,927-937-7424,Little Elm,United States,72966,Nebraska,817 Letterman,1983-12-28,1255
crmid:6604581129,focally1861@live.com,Doug,Dorsey,,151-357-1283,Lorain,United States,16208,South Carolina,489 Cortes,1984-03-10,1865
crmid:7968918796,camused1839@gmail.com,Denis,Harrington,,009-694-8771,Plant City,United States,82683,West Virginia,484 Christopher,1986-05-22,575
