id,crmid,propensity_credit_card,propensity_ReFi
a5ab6a22-942f-11ea-a10c-b88a60e194fb,crmid:4078040506,9,5
a5acdd28-942f-11ea-8560-b88a60e194fb,crmid:1837425749,3,9
a5ae3ccc-942f-11ea-9cdd-b88a60e194fb,crmid:3192298193,7,5
a5afc3dc-942f-11ea-94a2-b88a60e194fb,crmid:7945777050,7,6
a5b1ac3a-942f-11ea-b066-b88a60e194fb,crmid:7568369231,8,6
a5b39424-942f-11ea-8fbd-b88a60e194fb,crmid:4199172476,8,4
a5b4e034-942f-11ea-9d38-b88a60e194fb,crmid:3688532920,2,4
a5b7b298-942f-11ea-b1da-b88a60e194fb,crmid:8046221071,2,9
a5b9e924-942f-11ea-a552-b88a60e194fb,crmid:5755066355,3,7
a5bbf85e-942f-11ea-b87c-b88a60e194fb,crmid:1684059196,5,8
a5bd9298-942f-11ea-a42b-b88a60e194fb,crmid:5350425023,9,4
a5bf53ba-942f-11ea-b0ac-b88a60e194fb,crmid:8704106068,8,4
a5c0ede6-942f-11ea-a115-b88a60e194fb,crmid:9180188670,5,5
a5c274fa-942f-11ea-8756-b88a60e194fb,crmid:4143036714,8,2
a5c42236-942f-11ea-a0ea-b88a60e194fb,crmid:8994659534,3,2
a5c63182-942f-11ea-9948-b88a60e194fb,crmid:4293743706,5,8
a5c8a290-942f-11ea-ac59-b88a60e194fb,crmid:9225375083,3,6
a5ca63c8-942f-11ea-9015-b88a60e194fb,crmid:3183195564,8,5
a5cbea62-942f-11ea-aa32-b88a60e194fb,crmid:8529533185,4,3
a5cd365e-942f-11ea-8032-b88a60e194fb,crmid:1579050020,8,3
a5cf0b38-942f-11ea-b3b3-b88a60e194fb,crmid:9565701423,9,3
a5d091cc-942f-11ea-b39d-b88a60e194fb,crmid:9662679519,4,3
a5d1ca58-942f-11ea-8c17-b88a60e194fb,crmid:5155058336,9,5
a5d33d62-942f-11ea-b40b-b88a60e194fb,crmid:1620260967,6,5
a5d4eb26-942f-11ea-b9c7-b88a60e194fb,crmid:2908641074,7,4
a5d75c0c-942f-11ea-8ac7-b88a60e194fb,crmid:7837332955,2,5
a5d8cf28-942f-11ea-9cb9-b88a60e194fb,crmid:9935887090,7,4
a5dacb08-942f-11ea-b50b-b88a60e194fb,crmid:9356265303,3,3
a5dc8c2e-942f-11ea-8935-b88a60e194fb,crmid:7889373734,3,4
a5defd34-942f-11ea-990f-b88a60e194fb,crmid:8508467813,4,4
a5e48f5e-942f-11ea-ac85-b88a60e194fb,crmid:8501146098,9,4
a5e60274-942f-11ea-a9ce-b88a60e194fb,crmid:4957112415,8,5
a5e761a8-942f-11ea-9345-b88a60e194fb,crmid:7584746998,9,4
a5e8d4b4-942f-11ea-aaf0-b88a60e194fb,crmid:1460660059,10,4
a5ea3440-942f-11ea-8f05-b88a60e194fb,crmid:9180436893,5,8
a5ebe22e-942f-11ea-bafc-b88a60e194fb,crmid:5558125529,3,3
a5ed557e-942f-11ea-b514-b88a60e194fb,crmid:6307451610,8,5
a5ef50dc-942f-11ea-83df-b88a60e194fb,crmid:4110712962,8,4
a5f1ae52-942f-11ea-aeb4-b88a60e194fb,crmid:3333616975,6,4
a5f334ec-942f-11ea-ab2e-b88a60e194fb,crmid:7077263836,8,2
a5f4a7fa-942f-11ea-91fd-b88a60e194fb,crmid:5258744773,6,4
a5f64226-942f-11ea-a7fd-b88a60e194fb,crmid:8985859486,9,5
a5f7671c-942f-11ea-8328-b88a60e194fb,crmid:1383827489,6,4
a5f8b32e-942f-11ea-bb57-b88a60e194fb,crmid:8313654387,4,9
a5fa12d0-942f-11ea-bd49-b88a60e194fb,crmid:6190820357,3,9
a5fbacec-942f-11ea-9de4-b88a60e194fb,crmid:3977370576,8,4
a5fce578-942f-11ea-bc42-b88a60e194fb,crmid:3459904861,4,7
a5fe6bf6-942f-11ea-9305-b88a60e194fb,crmid:4494243429,7,3
a5ffcb8c-942f-11ea-8695-b88a60e194fb,crmid:5674867717,7,4
a60165ba-942f-11ea-a960-b88a60e194fb,crmid:2873331154,8,3
a602d8de-942f-11ea-802a-b88a60e194fb,crmid:1376079373,8,4
a604ad9a-942f-11ea-8a56-b88a60e194fb,crmid:4982231589,4,5
a605e60a-942f-11ea-9f22-b88a60e194fb,crmid:9306910358,4,5
a60891be-942f-11ea-9960-b88a60e194fb,crmid:9361166640,3,4
a60adba2-942f-11ea-993d-b88a60e194fb,crmid:5433940334,4,5
a60cfe82-942f-11ea-91e8-b88a60e194fb,crmid:5551633463,7,3
a6106db4-942f-11ea-a336-b88a60e194fb,crmid:1016057592,7,3
a6134026-942f-11ea-892a-b88a60e194fb,crmid:3834288031,10,3
a614da34-942f-11ea-b835-b88a60e194fb,crmid:8660625681,7,5
a6194706-942f-11ea-931a-b88a60e194fb,crmid:5739625135,5,7
a61d7934-942f-11ea-818f-b88a60e194fb,crmid:7517378721,8,6
a620fbac-942f-11ea-a34f-b88a60e194fb,crmid:8262858631,8,5
a6236c94-942f-11ea-bc3c-b88a60e194fb,crmid:2521278562,7,4
a624f340-942f-11ea-a0fc-b88a60e194fb,crmid:1417337882,4,5
a62827a2-942f-11ea-b543-b88a60e194fb,crmid:2836695609,8,5
a62a850c-942f-11ea-972d-b88a60e194fb,crmid:1502908809,5,4
a62c59d2-942f-11ea-becc-b88a60e194fb,crmid:2695351100,7,4
a62e905a-942f-11ea-8d96-b88a60e194fb,crmid:6836315551,8,3
a631765c-942f-11ea-9045-b88a60e194fb,crmid:5874657332,8,3
a634701e-942f-11ea-9c59-b88a60e194fb,crmid:4282474588,9,5
a6392b0c-942f-11ea-ab71-b88a60e194fb,crmid:2208529514,10,5
a63c24ba-942f-11ea-bd55-b88a60e194fb,crmid:9813323338,9,4
a63ebcd8-942f-11ea-bc61-b88a60e194fb,crmid:2508760914,3,2
a640dfc6-942f-11ea-95d8-b88a60e194fb,crmid:3611048437,3,3
a643162c-942f-11ea-a28b-b88a60e194fb,crmid:9467612770,3,9
a645600a-942f-11ea-b3d3-b88a60e194fb,crmid:1630834231,4,5
a6486d52-942f-11ea-a21d-b88a60e194fb,crmid:1044388100,10,4
a64ab728-942f-11ea-98d6-b88a60e194fb,crmid:6471844200,5,5
a64c8bde-942f-11ea-87cd-b88a60e194fb,crmid:7253444986,8,4
a64e60b4-942f-11ea-b6f7-b88a60e194fb,crmid:3568473945,4,9
a6500e5c-942f-11ea-a7a7-b88a60e194fb,crmid:6816001480,2,7
a652314c-942f-11ea-9434-b88a60e194fb,crmid:2288429516,4,7
a654a240-942f-11ea-8ce8-b88a60e194fb,crmid:5355581591,3,5
a6574dec-942f-11ea-8cdd-b88a60e194fb,crmid:2456143935,4,4
a659ab54-942f-11ea-a16b-b88a60e194fb,crmid:4673428249,8,3
a65bbaa8-942f-11ea-a116-b88a60e194fb,crmid:2265030332,10,3
a65d4158-942f-11ea-9b94-b88a60e194fb,crmid:7791404999,5,5
a660b02e-942f-11ea-a7c6-b88a60e194fb,crmid:5174435289,4,4
a6622340-942f-11ea-a567-b88a60e194fb,crmid:7735250338,8,3
a663e47e-942f-11ea-ad4b-b88a60e194fb,crmid:7715128631,3,4
a665ccc8-942f-11ea-8185-b88a60e194fb,crmid:1646672761,3,4
a666f1b8-942f-11ea-8c05-b88a60e194fb,crmid:1852072805,9,5
a669eb80-942f-11ea-a9b5-b88a60e194fb,crmid:7091862749,9,4
a66c35a8-942f-11ea-b9c8-b88a60e194fb,crmid:9096506577,9,3
a66e7fd0-942f-11ea-8735-b88a60e194fb,crmid:3341593014,6,3
a670545c-942f-11ea-9f59-b88a60e194fb,crmid:2285861215,3,2
a6721540-942f-11ea-85f8-b88a60e194fb,crmid:4113327762,8,4
a673d688-942f-11ea-96d5-b88a60e194fb,crmid:7308989175,4,3
a675843a-942f-11ea-98d9-b88a60e194fb,crmid:1169560167,4,9
a67731d8-942f-11ea-b922-b88a60e194fb,crmid:9331638326,3,4
a678a4ec-942f-11ea-883d-b88a60e194fb,crmid:4371128848,4,5
a679f0fa-942f-11ea-b2a5-b88a60e194fb,crmid:7000423456,4,3
a67b3d0c-942f-11ea-8142-b88a60e194fb,crmid:9493143940,5,5
a67c9c82-942f-11ea-8cb0-b88a60e194fb,crmid:4723696961,5,5
a67dfc10-942f-11ea-a0cd-b88a60e194fb,crmid:4564616107,8,4
a67efa06-942f-11ea-ac7c-b88a60e194fb,crmid:4695966371,9,4
a6800b74-942f-11ea-90f9-b88a60e194fb,crmid:4331496507,4,7
a68143f6-942f-11ea-b5c6-b88a60e194fb,crmid:4723640140,4,3
a68268ec-942f-11ea-9508-b88a60e194fb,crmid:1306610175,9,4
a6837c9a-942f-11ea-8770-b88a60e194fb,crmid:9404234839,3,4
a6847970-942f-11ea-b3f2-b88a60e194fb,crmid:8293752110,4,3
a685b264-942f-11ea-ad97-b88a60e194fb,crmid:7130268544,7,3
a686eae2-942f-11ea-a603-b88a60e194fb,crmid:6529831184,8,4
a687e728-942f-11ea-9813-b88a60e194fb,crmid:4878710799,9,4
a68933e8-942f-11ea-af9f-b88a60e194fb,crmid:5469368196,5,4
a68a3134-942f-11ea-bf3c-b88a60e194fb,crmid:5163197304,4,4
a68b1b94-942f-11ea-bd3b-b88a60e194fb,crmid:7930993319,7,3
a68c2e68-942f-11ea-9701-b88a60e194fb,crmid:1226685621,8,4
a68d2c70-942f-11ea-98f3-b88a60e194fb,crmid:9690003309,4,5
a68e28dc-942f-11ea-b837-b88a60e194fb,crmid:9072545079,4,4
a68f269c-942f-11ea-b295-b88a60e194fb,crmid:3210852955,8,3
a69010fa-942f-11ea-9a0c-b88a60e194fb,crmid:9081013761,7,5
a690fb58-942f-11ea-8d52-b88a60e194fb,crmid:9360799759,8,5
a691d234-942f-11ea-abc0-b88a60e194fb,crmid:9032833681,4,6
a692d024-942f-11ea-bf6c-b88a60e194fb,crmid:1639415591,8,4
a6946bb4-942f-11ea-9858-b88a60e194fb,crmid:2624251554,3,6
a6957bde-942f-11ea-af4d-b88a60e194fb,crmid:4675329952,4,3
a69679be-942f-11ea-a36d-b88a60e194fb,crmid:4820911593,4,9
a69777ba-942f-11ea-af48-b88a60e194fb,crmid:1579152958,3,4
a698891a-942f-11ea-89d9-b88a60e194fb,crmid:2597899676,3,8
a6996002-942f-11ea-af92-b88a60e194fb,crmid:4995921444,4,2
a69a84f4-942f-11ea-9c0f-b88a60e194fb,crmid:4768485766,3,7
a69b9630-942f-11ea-ae67-b88a60e194fb,crmid:5454380561,4,4
a69c820c-942f-11ea-afa2-b88a60e194fb,crmid:9603625782,9,4
a69d936e-942f-11ea-ba9f-b88a60e194fb,crmid:4182724885,3,4
a69e6a4c-942f-11ea-8ac3-b88a60e194fb,crmid:2513220713,5,3
a69fdd58-942f-11ea-bb92-b88a60e194fb,crmid:4616261068,8,7
a6a0d9e2-942f-11ea-9736-b88a60e194fb,crmid:6090780459,4,9
a6a2aed8-942f-11ea-8c6c-b88a60e194fb,crmid:6676660373,3,4
a6a44936-942f-11ea-b0df-b88a60e194fb,crmid:3480086403,10,4
a6a609f4-942f-11ea-a44f-b88a60e194fb,crmid:4171645224,4,3
a6a707da-942f-11ea-aadf-b88a60e194fb,crmid:1209516468,4,2
a6a805c2-942f-11ea-990e-b88a60e194fb,crmid:3028023695,5,4
a6a92c4a-942f-11ea-ae3f-b88a60e194fb,crmid:1699789733,8,2
a6aa3d9a-942f-11ea-8385-b88a60e194fb,crmid:4460484666,4,9
a6ab269c-942f-11ea-af9f-b88a60e194fb,crmid:6428611022,5,4
a6ac8770-942f-11ea-9987-b88a60e194fb,crmid:6754374245,4,6
a6ad98da-942f-11ea-9d06-b88a60e194fb,crmid:2765981781,8,4
a6ae8348-942f-11ea-8aac-b88a60e194fb,crmid:1248641596,4,4
a6afe2ca-942f-11ea-ad15-b88a60e194fb,crmid:3282891328,3,5
a6b119fa-942f-11ea-92d5-b88a60e194fb,crmid:1620123940,4,6
a6b22cd4-942f-11ea-b963-b88a60e194fb,crmid:3845194027,3,4
a6b31746-942f-11ea-b457-b88a60e194fb,crmid:5392603434,8,3
a6b413c0-942f-11ea-9ae2-b88a60e194fb,crmid:4059733945,9,4
a6b53a70-942f-11ea-afe2-b88a60e194fb,crmid:7750040177,4,4
a6b6381c-942f-11ea-86f8-b88a60e194fb,crmid:9636188222,4,4
a6b75cf8-942f-11ea-b0d1-b88a60e194fb,crmid:1758789731,8,5
a6bacbf6-942f-11ea-8ecf-b88a60e194fb,crmid:9774165338,9,3
a6bbf0a4-942f-11ea-b0db-b88a60e194fb,crmid:9359191502,8,6
a6bd02a8-942f-11ea-ad97-b88a60e194fb,crmid:4827410580,6,2
a6c872ec-942f-11ea-827a-b88a60e194fb,crmid:4283082304,8,3
a6c9856c-942f-11ea-9595-b88a60e194fb,crmid:6943837723,4,4
a6cb6db0-942f-11ea-acf9-b88a60e194fb,crmid:2598188626,4,3
a6cc7ed4-942f-11ea-ab18-b88a60e194fb,crmid:9337157109,7,5
a6cd7bdc-942f-11ea-9a38-b88a60e194fb,crmid:5236947566,8,3
a6ce8d46-942f-11ea-bc5d-b88a60e194fb,crmid:4609292796,8,4
a6cfb3a4-942f-11ea-b5fe-b88a60e194fb,crmid:3685998647,8,4
a6d126c0-942f-11ea-942e-b88a60e194fb,crmid:3528249497,4,3
a6d224dc-942f-11ea-a689-b88a60e194fb,crmid:9723323826,4,6
a6d35d28-942f-11ea-99ef-b88a60e194fb,crmid:5520570502,4,6
a6d45a42-942f-11ea-b37e-b88a60e194fb,crmid:1373436936,7,4
a6d59234-942f-11ea-8510-b88a60e194fb,crmid:4706386356,4,7
a6d6de2e-942f-11ea-ba49-b88a60e194fb,crmid:3099495090,3,5
a6d83de6-942f-11ea-bc36-b88a60e194fb,crmid:3420886317,8,4
a6d962b4-942f-11ea-859e-b88a60e194fb,crmid:2973808492,6,2
a6da9b30-942f-11ea-b310-b88a60e194fb,crmid:7459238746,3,3
a6dc0e52-942f-11ea-8230-b88a60e194fb,crmid:1839876237,7,3
a6ddbbfe-942f-11ea-82de-b88a60e194fb,crmid:3940859682,8,6
a6df69b4-942f-11ea-979d-b88a60e194fb,crmid:2456046862,8,4
a6e12afe-942f-11ea-847f-b88a60e194fb,crmid:8080432218,5,4
a6e3132c-942f-11ea-9de4-b88a60e194fb,crmid:2182876184,3,4
a6e4864c-942f-11ea-bcc6-b88a60e194fb,crmid:8014481447,4,8
a6e60cf8-942f-11ea-84ae-b88a60e194fb,crmid:6052040827,8,4
a6e76c74-942f-11ea-9556-b88a60e194fb,crmid:2175291538,7,6
a6e8b86e-942f-11ea-b4ab-b88a60e194fb,crmid:3274292428,6,7
a6ea2b82-942f-11ea-af1e-b88a60e194fb,crmid:6281785914,3,3
a6eb507e-942f-11ea-8892-b88a60e194fb,crmid:3474782493,3,8
a6ec8906-942f-11ea-a192-b88a60e194fb,crmid:8216829602,8,3
a6edd512-942f-11ea-8899-b88a60e194fb,crmid:8621864276,9,3
a6eef9fe-942f-11ea-9657-b88a60e194fb,crmid:8234323377,3,9
a6f00b6e-942f-11ea-b669-b88a60e194fb,crmid:4639522935,3,7
a6f143f6-942f-11ea-bdb2-b88a60e194fb,crmid:8090814776,8,2
a6f268e2-942f-11ea-8a2f-b88a60e194fb,crmid:3361238305,4,6
a6f3533a-942f-11ea-9a78-b88a60e194fb,crmid:5606071981,9,5
a6f464b4-942f-11ea-972e-b88a60e194fb,crmid:1106237066,9,5
a6f562a4-942f-11ea-a36b-b88a60e194fb,crmid:6264805516,3,4
a6f66080-942f-11ea-b9a4-b88a60e194fb,crmid:1243327688,7,4
a6f771f6-942f-11ea-844e-b88a60e194fb,crmid:5617489570,4,7
a6f86ff8-942f-11ea-81a1-b88a60e194fb,crmid:9118049087,7,2
a6f9e310-942f-11ea-8b41-b88a60e194fb,crmid:1670736308,5,4
