id,crmid,propensity_account_upgrade,propensity_premium
2faca4c0-7f63-11ea-b2f0-b88a60e194fb,crmid:7606968507,2,7
2fadb64d-7f63-11ea-9ddd-b88a60e194fb,crmid:7606968507,7,5
2faf3cd8-7f63-11ea-8be5-b88a60e194fb,crmid:7606968507,6,7
2fb04e4d-7f63-11ea-a07b-b88a60e194fb,crmid:7606968507,6,5
2fb1ae0b-7f63-11ea-ac6c-b88a60e194fb,crmid:7606968507,1,2
2fb33474-7f63-11ea-b0bc-b88a60e194fb,crmid:7606968507,9,9
2fb53042-7f63-11ea-aaee-b88a60e194fb,crmid:7606968507,3,7
2fb667ac-7f63-11ea-99ad-b88a60e194fb,crmid:7606968507,2,9
2fb81559-7f63-11ea-8845-b88a60e194fb,crmid:7606968507,4,6
2fb94ddf-7f63-11ea-872b-b88a60e194fb,crmid:7606968507,2,4
2fba86a1-7f63-11ea-9695-b88a60e194fb,crmid:7606968507,4,1
2fbc0dbb-7f63-11ea-adec-b88a60e194fb,crmid:7606968507,5,1
2fbd457a-7f63-11ea-b166-b88a60e194fb,crmid:7606968507,5,6
2fbe56ef-7f63-11ea-9830-b88a60e194fb,crmid:7606968507,7,8
2fc276e2-7f63-11ea-bdce-b88a60e194fb,crmid:7606968507,3,2
2fc4248e-7f63-11ea-9657-b88a60e194fb,crmid:7606968507,5,4
2fc5ab2e-7f63-11ea-8255-b88a60e194fb,crmid:7606968507,4,7
2fc70a05-7f63-11ea-9b9c-b88a60e194fb,crmid:7606968507,7,8
2fc89125-7f63-11ea-bc17-b88a60e194fb,crmid:7606968507,4,4
2fc9efb5-7f63-11ea-96a4-b88a60e194fb,crmid:7606968507,2,1
2fcb297c-7f63-11ea-b013-b88a60e194fb,crmid:7606968507,1,7
2fcc3afa-7f63-11ea-97a8-b88a60e194fb,crmid:7606968507,3,4
2fcd72c9-7f63-11ea-ae0d-b88a60e194fb,crmid:7606968507,6,2
2fceabf0-7f63-11ea-aca4-b88a60e194fb,crmid:7606968507,3,8
2fd00a19-7f63-11ea-950a-b88a60e194fb,crmid:7606968507,4,2
2fd11cee-7f63-11ea-b96b-b88a60e194fb,crmid:7606968507,3,3
2fd22e8a-7f63-11ea-a5bb-b88a60e194fb,crmid:7606968507,2,8
2fd366a3-7f63-11ea-94d6-b88a60e194fb,crmid:7606968507,6,5
2fd477ce-7f63-11ea-a1f7-b88a60e194fb,crmid:7606968507,4,8
2fd5d7a5-7f63-11ea-ac20-b88a60e194fb,crmid:7606968507,7,5
2fd6e965-7f63-11ea-80cc-b88a60e194fb,crmid:7606968507,4,4
2fd821e1-7f63-11ea-8447-b88a60e194fb,crmid:7606968507,1,8
2fd932f8-7f63-11ea-9152-b88a60e194fb,crmid:7606968507,4,8
2fda6a8d-7f63-11ea-95bb-b88a60e194fb,crmid:7606968507,1,7
2fdbcae9-7f63-11ea-8c26-b88a60e194fb,crmid:7606968507,5,4
2fdd7791-7f63-11ea-99bd-b88a60e194fb,crmid:7606968507,4,7
2fde8a7b-7f63-11ea-8015-b88a60e194fb,crmid:7606968507,9,5
2fe03815-7f63-11ea-8546-b88a60e194fb,crmid:7606968507,1,8
2fe1709b-7f63-11ea-b349-b88a60e194fb,crmid:7606968507,1,8
2fe2d03b-7f63-11ea-8552-b88a60e194fb,crmid:7606968507,6,8
2fe42feb-7f63-11ea-a746-b88a60e194fb,crmid:7606968507,2,4
2fe566f1-7f63-11ea-bde2-b88a60e194fb,crmid:7606968507,1,7
2fe6c876-7f63-11ea-8313-b88a60e194fb,crmid:7606968507,2,8
2fe7d939-7f63-11ea-a5ab-b88a60e194fb,crmid:7606968507,2,2
2fe986dd-7f63-11ea-8825-b88a60e194fb,crmid:7606968507,5,7
2feb349d-7f63-11ea-9423-b88a60e194fb,crmid:7606968507,3,6
2fed094c-7f63-11ea-a56b-b88a60e194fb,crmid:7606968507,9,2
2fedf3af-7f63-11ea-9f69-b88a60e194fb,crmid:7606968507,1,5
2fef5345-7f63-11ea-b10f-b88a60e194fb,crmid:7606968507,8,7
2ff064b3-7f63-11ea-ae2a-b88a60e194fb,crmid:7606968507,2,4
2ff1e9f9-7f63-11ea-950d-b88a60e194fb,crmid:7606968507,2,3
2ff32364-7f63-11ea-92cf-b88a60e194fb,crmid:7606968507,2,6
2ff434c2-7f63-11ea-8881-b88a60e194fb,crmid:7606968507,1,7
2ff59486-7f63-11ea-884d-b88a60e194fb,crmid:7606968507,2,2
2ff6cce9-7f63-11ea-a029-b88a60e194fb,crmid:7606968507,2,4
2ff85281-7f63-11ea-900b-b88a60e194fb,crmid:7606968507,5,1
2ffa002f-7f63-11ea-8804-b88a60e194fb,crmid:7606968507,6,8
2ffb11d3-7f63-11ea-b023-b88a60e194fb,crmid:7606968507,5,7
2ffbfc26-7f63-11ea-972c-b88a60e194fb,crmid:7606968507,5,7
2ffd5bc1-7f63-11ea-896b-b88a60e194fb,crmid:7606968507,4,3
2fff3123-7f63-11ea-929b-b88a60e194fb,crmid:7606968507,2,7
3000b7a7-7f63-11ea-bd9a-b88a60e194fb,crmid:7606968507,2,4
30023e80-7f63-11ea-81c7-b88a60e194fb,crmid:7606968507,1,7
3003281d-7f63-11ea-8e55-b88a60e194fb,crmid:7606968507,2,8
30046096-7f63-11ea-b9c2-b88a60e194fb,crmid:7606968507,7,4
30059918-7f63-11ea-a648-b88a60e194fb,crmid:7606968507,3,2
3006f8ca-7f63-11ea-a0ea-b88a60e194fb,crmid:7606968507,4,8
3008583f-7f63-11ea-a6c0-b88a60e194fb,crmid:7606968507,2,2
300990b5-7f63-11ea-a0db-b88a60e194fb,crmid:7606968507,1,7
300b1755-7f63-11ea-a591-b88a60e194fb,crmid:7606968507,6,1
300c76e5-7f63-11ea-bf7d-b88a60e194fb,crmid:7606968507,1,5
300dfeca-7f63-11ea-b765-b88a60e194fb,crmid:7606968507,5,2
300f8551-7f63-11ea-b65e-b88a60e194fb,crmid:7606968507,2,8
3011f4ec-7f63-11ea-a3eb-b88a60e194fb,crmid:7606968507,2,2
3013f0cd-7f63-11ea-9c6b-b88a60e194fb,crmid:7606968507,4,7
3015505c-7f63-11ea-9c3d-b88a60e194fb,crmid:7606968507,6,3
30168a27-7f63-11ea-973f-b88a60e194fb,crmid:7606968507,3,8
30185e99-7f63-11ea-ba2e-b88a60e194fb,crmid:7606968507,1,8
301a3390-7f63-11ea-b86a-b88a60e194fb,crmid:7606968507,1,5
301b935b-7f63-11ea-8920-b88a60e194fb,crmid:7606968507,1,6
301d8f15-7f63-11ea-82a1-b88a60e194fb,crmid:7606968507,9,3
301ec768-7f63-11ea-bc23-b88a60e194fb,crmid:7606968507,6,7
301fffbb-7f63-11ea-aa6e-b88a60e194fb,crmid:7606968507,9,6
3021868d-7f63-11ea-8906-b88a60e194fb,crmid:7606968507,9,2
3022beee-7f63-11ea-bd7f-b88a60e194fb,crmid:7606968507,1,3
3023f675-7f63-11ea-a69c-b88a60e194fb,crmid:7606968507,9,2
3025301b-7f63-11ea-ae1b-b88a60e194fb,crmid:7606968507,2,7
3026b6c0-7f63-11ea-8519-b88a60e194fb,crmid:7606968507,4,7
30283d0e-7f63-11ea-8b90-b88a60e194fb,crmid:7606968507,8,8
302975e3-7f63-11ea-9e27-b88a60e194fb,crmid:7606968507,5,4
302a8771-7f63-11ea-abeb-b88a60e194fb,crmid:7606968507,3,3
302bc007-7f63-11ea-b5a2-b88a60e194fb,crmid:7606968507,3,9
302d1f0b-7f63-11ea-8f20-b88a60e194fb,crmid:7606968507,4,6
302ecc2d-7f63-11ea-8947-b88a60e194fb,crmid:7606968507,7,2
30302c8e-7f63-11ea-8799-b88a60e194fb,crmid:7606968507,1,2
30322729-7f63-11ea-96c5-b88a60e194fb,crmid:7606968507,1,3
3033d61c-7f63-11ea-b58d-b88a60e194fb,crmid:7606968507,1,7
3035d0f9-7f63-11ea-ab07-b88a60e194fb,crmid:7606968507,4,3
3037f5c8-7f63-11ea-8a4c-b88a60e194fb,crmid:7606968507,4,7
30397b6d-7f63-11ea-a669-b88a60e194fb,crmid:7606968507,7,3
303b5059-7f63-11ea-a378-b88a60e194fb,crmid:7606968507,4,7
303cfdcd-7f63-11ea-ac66-b88a60e194fb,crmid:7606968507,4,3
303e8477-7f63-11ea-b892-b88a60e194fb,crmid:7606968507,1,9
303f95a6-7f63-11ea-9836-b88a60e194fb,crmid:7606968507,5,2
3040cf4e-7f63-11ea-b56b-b88a60e194fb,crmid:7606968507,1,7
3043171b-7f63-11ea-aea6-b88a60e194fb,crmid:7606968507,3,2
3045af09-7f63-11ea-ab86-b88a60e194fb,crmid:7606968507,4,1
3048958b-7f63-11ea-a71d-b88a60e194fb,crmid:7606968507,1,6
304bf088-7f63-11ea-8770-b88a60e194fb,crmid:7606968507,4,7
304f24e7-7f63-11ea-a9a7-b88a60e194fb,crmid:7606968507,1,4
3050d287-7f63-11ea-ac03-b88a60e194fb,crmid:7606968507,2,3
3052ce48-7f63-11ea-8bed-b88a60e194fb,crmid:7606968507,5,7
3054ca2c-7f63-11ea-9e7c-b88a60e194fb,crmid:7606968507,4,8
3056ed01-7f63-11ea-984a-b88a60e194fb,crmid:7606968507,9,3
3058c263-7f63-11ea-8dc4-b88a60e194fb,crmid:7606968507,1,7
305b32bb-7f63-11ea-b9d5-b88a60e194fb,crmid:7606968507,9,7
305ce093-7f63-11ea-b783-b88a60e194fb,crmid:7606968507,2,9
306089e4-7f63-11ea-b59f-b88a60e194fb,crmid:7606968507,3,3
30625ea8-7f63-11ea-a184-b88a60e194fb,crmid:7606968507,3,7
3064a88f-7f63-11ea-88f6-b88a60e194fb,crmid:7606968507,7,5
30667d54-7f63-11ea-b1c1-b88a60e194fb,crmid:7606968507,1,7
3068520d-7f63-11ea-9908-b88a60e194fb,crmid:7606968507,2,7
3069ffd5-7f63-11ea-9c4b-b88a60e194fb,crmid:7606968507,2,9
306bad6c-7f63-11ea-87bc-b88a60e194fb,crmid:7606968507,3,2
306d5b54-7f63-11ea-b306-b88a60e194fb,crmid:7606968507,9,5
306f7df7-7f63-11ea-94fa-b88a60e194fb,crmid:7606968507,4,3
307179cb-7f63-11ea-9aaf-b88a60e194fb,crmid:7606968507,2,7
30732799-7f63-11ea-838e-b88a60e194fb,crmid:7606968507,8,7
3075716d-7f63-11ea-953f-b88a60e194fb,crmid:7606968507,3,1
30779443-7f63-11ea-ae45-b88a60e194fb,crmid:7606968507,4,7
3079b768-7f63-11ea-abd2-b88a60e194fb,crmid:7606968507,6,3
307c0119-7f63-11ea-9624-b88a60e194fb,crmid:7606968507,6,1
307d398d-7f63-11ea-a475-b88a60e194fb,crmid:7606968507,8,8
307f3559-7f63-11ea-b89a-b88a60e194fb,crmid:7606968507,2,7
30813136-7f63-11ea-af32-b88a60e194fb,crmid:7606968507,5,3
30830601-7f63-11ea-8014-b88a60e194fb,crmid:7606968507,1,5
30850234-7f63-11ea-bc2c-b88a60e194fb,crmid:7606968507,4,7
30874ba2-7f63-11ea-9085-b88a60e194fb,crmid:7606968507,9,2
30896e91-7f63-11ea-9c36-b88a60e194fb,crmid:7606968507,8,4
308b6a53-7f63-11ea-a28a-b88a60e194fb,crmid:7606968507,1,5
3091d2f7-7f63-11ea-af33-b88a60e194fb,crmid:7606968507,1,1
30949211-7f63-11ea-a322-b88a60e194fb,crmid:7606968507,4,2
309666dd-7f63-11ea-885f-b88a60e194fb,crmid:7606968507,2,7
30983bd5-7f63-11ea-b4f6-b88a60e194fb,crmid:7606968507,6,4
309a5e63-7f63-11ea-a49a-b88a60e194fb,crmid:7606968507,4,6
309c5a92-7f63-11ea-9f2d-b88a60e194fb,crmid:7606968507,2,7
309ea4ad-7f63-11ea-9f67-b88a60e194fb,crmid:7606968507,2,4
30a13c36-7f63-11ea-b72e-b88a60e194fb,crmid:7606968507,2,8
30a2ea39-7f63-11ea-b614-b88a60e194fb,crmid:7606968507,2,1
30a3fb6f-7f63-11ea-acd9-b88a60e194fb,crmid:7606968507,1,4
30a533dd-7f63-11ea-99d5-b88a60e194fb,crmid:7606968507,2,3
30a6ba74-7f63-11ea-ad37-b88a60e194fb,crmid:7606968507,9,3
30a7f47f-7f63-11ea-8f8e-b88a60e194fb,crmid:7606968507,9,3
30aa1619-7f63-11ea-aa84-b88a60e194fb,crmid:7606968507,8,3
30abc389-7f63-11ea-9ef3-b88a60e194fb,crmid:7606968507,1,3
30ae3493-7f63-11ea-9c88-b88a60e194fb,crmid:7606968507,4,7
30afe243-7f63-11ea-afa0-b88a60e194fb,crmid:7606968507,6,7
30b33d87-7f63-11ea-bdb6-b88a60e194fb,crmid:7606968507,3,7
30b6e71c-7f63-11ea-b302-b88a60e194fb,crmid:7606968507,7,8
30b8e2e6-7f63-11ea-95a7-b88a60e194fb,crmid:7606968507,5,9
30bb2cd1-7f63-11ea-9fba-b88a60e194fb,crmid:7606968507,6,7
30bc8c67-7f63-11ea-88ed-b88a60e194fb,crmid:7606968507,7,7
30bed651-7f63-11ea-867d-b88a60e194fb,crmid:7606968507,4,3
30c0ab0d-7f63-11ea-b255-b88a60e194fb,crmid:7606968507,4,8
30c2f4e5-7f63-11ea-84a7-b88a60e194fb,crmid:7606968507,1,7
30c4f0d3-7f63-11ea-82e4-b88a60e194fb,crmid:7606968507,4,2
30c69e6f-7f63-11ea-8922-b88a60e194fb,crmid:7606968507,9,2
30c9abcb-7f63-11ea-875c-b88a60e194fb,crmid:7606968507,4,4
30ccb8ff-7f63-11ea-a4ec-b88a60e194fb,crmid:7606968507,3,4
30ce66b1-7f63-11ea-9c9f-b88a60e194fb,crmid:7606968507,7,4
30cfc647-7f63-11ea-8e77-b88a60e194fb,crmid:7606968507,5,7
30d14ce9-7f63-11ea-b74c-b88a60e194fb,crmid:7606968507,4,2
30d40bff-7f63-11ea-8510-b88a60e194fb,crmid:7606968507,6,4
30d607b9-7f63-11ea-832b-b88a60e194fb,crmid:7606968507,8,8
30d78ed1-7f63-11ea-a027-b88a60e194fb,crmid:7606968507,1,7
30d9ff49-7f63-11ea-a2d4-b88a60e194fb,crmid:7606968507,1,7
30db37d9-7f63-11ea-b229-b88a60e194fb,crmid:7606968507,2,7
30dc9765-7f63-11ea-b704-b88a60e194fb,crmid:7606968507,8,8
30de1df8-7f63-11ea-a539-b88a60e194fb,crmid:7606968507,1,8
30dfa4c3-7f63-11ea-b317-b88a60e194fb,crmid:7606968507,4,8
30e12cae-7f63-11ea-82f1-b88a60e194fb,crmid:7606968507,3,4
30e2b1f9-7f63-11ea-853c-b88a60e194fb,crmid:7606968507,7,7
30e438b7-7f63-11ea-b767-b88a60e194fb,crmid:7606968507,3,9
30e63446-7f63-11ea-826b-b88a60e194fb,crmid:7606968507,9,7
30e7e253-7f63-11ea-9ee7-b88a60e194fb,crmid:7606968507,4,4
30e94265-7f63-11ea-b947-b88a60e194fb,crmid:7606968507,4,3
30eac86a-7f63-11ea-a441-b88a60e194fb,crmid:7606968507,2,7
30ec9d25-7f63-11ea-92e8-b88a60e194fb,crmid:7606968507,7,8
30edd5ae-7f63-11ea-b171-b88a60e194fb,crmid:7606968507,1,2
30ef832d-7f63-11ea-967b-b88a60e194fb,crmid:7606968507,4,8
30f130fb-7f63-11ea-bbf8-b88a60e194fb,crmid:7606968507,8,8
30f2de7f-7f63-11ea-a8a5-b88a60e194fb,crmid:7606968507,4,1
30f4b465-7f63-11ea-b183-b88a60e194fb,crmid:7606968507,9,8
30f72439-7f63-11ea-9a0c-b88a60e194fb,crmid:7606968507,2,2
30f8f8f0-7f63-11ea-be19-b88a60e194fb,crmid:7606968507,3,3
30fa7f92-7f63-11ea-a9de-b88a60e194fb,crmid:7606968507,1,2
30fbe038-7f63-11ea-823c-b88a60e194fb,crmid:7606968507,2,3
30fd6683-7f63-11ea-92ce-b88a60e194fb,crmid:7606968507,4,2
30fe77ef-7f63-11ea-96d8-b88a60e194fb,crmid:7606968507,1,3
30ffd7c1-7f63-11ea-b9d4-b88a60e194fb,crmid:7606968507,9,3
