crmid,email,first_name,last_name,gender,mobile telephone,city,country,zip,state,street address,birthday,historicalpoints
crmid:4623622156,esson1856@live.com,Jerrell,Miller,male,977-679-6595,Victorville,United States,50293,Iowa,1355 Healy,1994-01-26,2362
crmid:9146532932,coir1865@gmail.com,Dorsey,Monroe,,646-933-5152,West Chester,United States,30466,Missouri,841 Minerva,1978-12-01,1975
crmid:6630348375,bevatrons1851@yandex.com,Lilla,Ramos,female,400-655-3609,Dyersburg,United States,57168,Nevada,48 Hoff,1956-10-10,516
crmid:5709910658,telautography1953@outlook.com,Abraham,Frost,male,897-253-1263,Calumet City,United States,70511,Utah,709 Plaza,1943-01-10,1893
crmid:1677667079,anthonin1888@outlook.com,Faviola,Logan,female,175-182-3459,College Station,United States,15117,Pennsylvania,940 Cuba,1949-03-17,2754
crmid:9947840752,darshi1854@outlook.com,Zack,Moore,male,205-624-7582,White Plains,United States,86551,Kansas,346 Belmont,1933-10-20,1043
crmid:6430747210,choctaw1912@outlook.com,Graig,Robles,,587-449-2205,Klamath Falls,United States,49262,North Carolina,833 Balceta,1978-08-14,2391
crmid:8251360013,arnis1951@gmail.com,Gregory,Hester,,516-054-3919,Redwood City,United States,31272,South Carolina,222 Tara,1978-05-04,948
crmid:8010382196,caprice1915@live.com,Kaycee,Hoover,female,056-934-2169,Chesterfield,United States,76448,Wyoming,300 Annapolis,1946-12-28,2006
crmid:8913331889,bloodshedder1846@yandex.com,Billy,Todd,,583-007-2351,Hammond,United States,46818,Oregon,1193 Eve,1969-08-02,1294
crmid:6837122209,shearwater1964@outlook.com,Freddie,Craig,male,946-586-0484,San Fernando,United States,77062,Virginia,654 Sweeny,1942-12-20,580
crmid:3127621158,cottontail1989@yandex.com,Gayle,Garza,male,381-661-7109,Wasco,United States,72191,Maine,242 Cochrane,1931-04-11,484
crmid:1489368888,curver1867@gmail.com,Jerrell,Mcleod,,300-847-5800,Friendswood,United States,23205,Florida,731 Islais,1964-04-18,325
crmid:8357691210,ethenyl1802@outlook.com,Ervin,Cantrell,,113-650-9381,Great Falls,United States,62731,Ohio,10 Alert,1968-11-22,1053
crmid:1180616776,tellurium1969@live.com,Lakendra,Waller,female,032-336-3164,Deer Park,United States,69954,Colorado,516 Moreland,1953-10-09,1942
crmid:6300028031,fluyt2015@live.com,Terence,Avila,male,996-103-8097,Cedar Falls,United States,75465,Alabama,286 Campton,1945-12-18,2192
crmid:8045127004,quelea1909@yahoo.com,Ramiro,Benjamin,,565-985-6783,Oregon City,United States,20687,New Jersey,1391 Bob Kaufman,1966-02-26,1056
crmid:2162276320,overincline1987@outlook.com,Dagny,Merrill,female,754-279-2425,Edmonds,United States,15839,Washington,1015 Clarke,1958-02-20,2585
crmid:9556452466,atazir1810@outlook.com,Graham,Hopkins,male,815-482-4128,Aventura,United States,74132,Arizona,1345 Peters,1935-04-14,1339
crmid:6440549151,aphelandra1941@gmail.com,Colby,Bowman,,597-007-5843,Morgantown,United States,19810,Oregon,531 Kamille,1993-03-30,1883
crmid:9021235485,nympholept2011@outlook.com,Donte,Dejesus,,280-687-7387,North Charleston,United States,36858,Iowa,562 Polk,1998-07-29,2966
crmid:9039955481,homeothermic2030@gmail.com,Marlon,Barr,,172-407-9149,Orlando,United States,43331,New Hampshire,377 Dewey,1989-09-12,1613
crmid:6374484493,copyist2013@yahoo.com,Malcom,Rojas,male,507-872-7336,Bainbridge Island,United States,32460,Virginia,519 Saul,1935-07-25,1655
crmid:8273329541,photon1842@yahoo.com,Keith,Pickett,,248-865-9764,Mill Creek,United States,95523,Texas,931 La Playa,1990-12-18,620
crmid:6920353743,finalized1821@live.com,Belia,Barrera,female,872-374-0941,Yorkville,United States,20908,Washington,441 Kramer,1959-01-02,506
crmid:1160534795,danize1989@live.com,Alfonzo,Hines,male,208-161-1347,Washington,United States,04490,Alaska,965 Tomaso,1935-01-14,2241
crmid:5895710466,alpaca2039@live.com,Winfred,O'brien,,031-613-5793,Garden City,United States,90663,Washington,170 Sargent,1965-08-03,469
crmid:4621911354,prats1909@yandex.com,Gilberto,Mccoy,,060-107-6811,Jeffersonville,United States,60475,Iowa,439 Gladys,1975-11-21,2288
crmid:3719573905,manerial1843@live.com,Faustino,Joyce,male,208-143-8609,Bismarck,United States,27648,Colorado,580 Heritage,1939-04-16,495
crmid:8814556155,catgut2067@gmail.com,Paris,Weber,,536-385-6573,Hamtramck,United States,67475,Colorado,983 Transverse,1969-11-22,1585
crmid:2644122811,axiomatic1912@yandex.com,Miles,Price,,373-117-6895,Sikeston,United States,47027,Texas,770 Gordon,1982-11-24,778
crmid:5042715939,analytic2060@gmail.com,Jerrell,Yates,,601-937-4281,Palatine,United States,49055,Maryland,11 Appleton,1988-11-02,971
crmid:7367033859,classical1988@yandex.com,Jewell,Stevens,,310-595-2924,Pittsfield,United States,23314,Wisconsin,616 Naylor,1966-02-11,1496
crmid:7522153700,weasel1951@live.com,Chet,Salas,male,574-285-6198,Bismarck,United States,03230,New Jersey,584 Prado,1939-02-26,2897
crmid:8574903161,adenitis1856@outlook.com,Adan,Pope,,463-093-1641,Port Hueneme,United States,60105,Oregon,916 Colin P Kelly Jr,1977-02-01,2450
crmid:8058199768,pianograph1951@outlook.com,Hugo,Rosa,,418-944-8036,La Habra,United States,31262,Maryland,356 Pasadena,1978-07-25,2956
crmid:3218552187,coaly1820@gmail.com,Gustavo,Nielsen,male,703-735-4374,Valley Stream,United States,62090,New Mexico,929 Amity,1944-04-21,1732
crmid:7354754179,caban1848@yandex.com,Nickolas,Barnes,,931-063-2597,Ormond Beach,United States,75570,Vermont,78 Quintara,1999-09-13,2782
crmid:6995108307,abrupt2012@outlook.com,Donnette,Harmon,female,058-886-0403,Eastlake,United States,15003,Arizona,575 Card,1957-03-13,2497
crmid:2458646479,publicness2008@yahoo.com,Phil,Caldwell,male,856-001-1461,Burlington,United States,81388,Ohio,1374 Blandy,1943-08-05,1486
crmid:9942308065,pulmometer1903@yandex.com,Ira,Luna,,346-411-5936,Geneva,United States,86765,South Dakota,1211 Dalewood,1965-10-14,2182
crmid:9068599937,desires1845@yahoo.com,Hong,Odom,,950-349-3712,Manteca,United States,25769,Maine,248 Castillo,1986-05-20,824
crmid:4926394489,croups1949@live.com,Anderson,Reynolds,,624-970-1579,Kearney,United States,28742,Maine,870 Julia,1976-04-16,771
crmid:8640105505,bradley2022@gmail.com,Johnathan,Rosales,,850-687-5277,Largo,United States,47171,Ohio,1060 Valdez,1980-08-22,2644
crmid:7787120684,photon1841@yandex.com,Charmain,Calderon,female,534-276-4733,Parma,United States,60180,Ohio,922 Lusk,1959-02-05,2624
crmid:1627341123,worker1865@yahoo.com,Rickey,Waters,male,188-238-4641,Tinton Falls,United States,14211,Iowa,708 Golden Gate,1944-08-30,2793
crmid:8820558022,tarsier2033@gmail.com,Jacob,Herman,,018-218-9206,Fishers,United States,78806,Montana,178 Carrie,1962-09-28,2249
crmid:2604816323,subclans1842@gmail.com,Leonard,Norman,male,427-463-6458,Port Huron,United States,09699,Oregon,966 South Hughes,1932-11-12,855
crmid:5050125211,brody1979@yahoo.com,Federico,Small,,480-056-7525,Kirksville,United States,95812,Indiana,1126 Linden,1978-10-26,1925
crmid:6864763263,dingar2048@yahoo.com,Vernon,Vincent,,845-872-0713,Hazelwood,United States,69195,New York,317 Almaden,1970-10-15,2597
crmid:1527071544,aggressive2061@yandex.com,Ramon,Dotson,,385-660-3539,Morristown,United States,91822,Utah,1046 Van Keuren,1993-12-07,1058
crmid:9112277554,pangamous2008@yahoo.com,Delmar,Lindsey,male,767-180-5361,Stephenville,United States,01268,West Virginia,335 Apollo,1930-10-05,1066
crmid:6733545937,roaming2061@live.com,Jeanice,Gamble,female,599-522-9989,Colonial Heights,United States,73457,Maryland,1169 San Buenaventura,1949-12-08,1465
crmid:3703439989,nondyspeptically1958@yandex.com,Lowell,Wilcox,,947-784-8841,Littleton,United States,87231,Kansas,276 Long Bridge,1983-02-09,610
crmid:2170857523,costarred1800@yahoo.com,Shantae,Pugh,female,869-665-7208,Temecula,United States,14939,Alabama,1359 Lassen,1955-08-24,1023
crmid:9089929824,bicentenarnaries1828@outlook.com,Roselia,Dawson,female,004-080-0149,Seattle,United States,51290,Arizona,1300 Bernal Heights,1946-07-08,1909
crmid:1261597451,annelid1825@yahoo.com,Granville,Contreras,,404-389-6139,Franklin,United States,39713,Pennsylvania,647 Bepler,1963-06-10,981
crmid:8606742644,chouser2013@outlook.com,Arthur,Mckinney,male,518-983-0474,Tifton,United States,79805,Nebraska,767 Derby,1940-01-19,2221
crmid:6672825954,overlow1982@yahoo.com,Hugh,Chan,male,141-081-6714,Plum,United States,02873,Arizona,308 Red Leaf,1931-05-06,1740
crmid:6278485321,caking1981@live.com,Marquitta,Trevino,female,379-283-9943,Walnut,United States,18893,Montana,655 Irving,1947-06-29,1171
crmid:4431149604,mediatorial1865@gmail.com,Marybelle,Hurst,female,082-509-1467,Northampton,United States,27446,Delaware,1127 Gateview 3,1999-04-29,686
crmid:9780567084,systemic1914@yandex.com,Beau,Guy,male,647-820-2222,Carol Stream,United States,02662,Wisconsin,882 Elizabeth,1944-01-12,505
crmid:9556202571,deek1956@yahoo.com,Arnulfo,Baldwin,male,393-554-9494,Alabaster,United States,60964,New York,454 Medical Center,1930-10-26,642
crmid:9005351099,propenes1923@live.com,Marcel,Barker,male,237-366-1565,Tamarac,United States,03422,Mississippi,380 North Van Horn,1934-07-02,1517
crmid:2987724038,bluecollar1867@outlook.com,Tiera,Howe,female,447-890-0824,Portland,United States,81458,New Mexico,901 Alhambra,1950-09-15,894
crmid:5255432864,heathrman1980@yahoo.com,Hiram,Bird,male,751-388-4115,Barnstable Town,United States,23378,Colorado,1038 Thorp,1936-05-03,1606
crmid:7415967777,hydroscopicity1851@yandex.com,Stevie,Mccray,male,926-663-9647,Buffalo,United States,51192,Utah,754 Hancock,1942-09-19,1319
crmid:6353411988,waftage1859@outlook.com,Silas,Stone,,051-388-7537,West Hollywood,United States,59055,Wyoming,514 Conkling,1992-07-04,2357
crmid:9287884313,coleslaw1932@live.com,Raymon,Sweeney,,258-273-3633,O'Fallon,United States,41588,Washington,825 Indiana,1985-10-07,2795
crmid:7231798797,cod1884@yandex.com,Kenneth,Flowers,,249-309-4364,Laguna Woods,United States,20361,Hawaii,464 Alviso,1979-04-23,1681
crmid:4089715023,redout1972@gmail.com,Erik,Vaughan,male,272-422-0858,Albertville,United States,17843,Iowa,973 East Crystal Cove,1931-04-29,1431
crmid:1427270109,meatmen1994@outlook.com,Zachary,Henderson,,864-439-1894,Oshkosh,United States,58926,Pennsylvania,1031 Paper,1966-12-31,1829
crmid:3985241551,tiptoppishness1978@yandex.com,Clarence,Booth,male,641-869-9648,Bixby,United States,02364,Florida,770 Douglass,1939-02-03,1597
crmid:1789672372,cholones2005@gmail.com,Amado,Ramirez,male,332-241-4039,Cape Girardeau,United States,67593,Minnesota,603 Greenwood,1944-11-01,1642
crmid:2159729896,capitation1906@live.com,Rodger,Crosby,,814-090-3735,Macon,United States,78373,New Mexico,932 Gaviota,1985-11-13,1252
crmid:5203082476,bannet1927@yandex.com,Everett,Rasmussen,male,157-256-1875,Cedar Falls,United States,87200,Wisconsin,546 Blythdale,1945-04-24,2325
crmid:3290107857,peculiarise1912@gmail.com,Terrell,Gentry,,241-558-0041,Sand Springs,United States,94725,Wisconsin,998 Aspen,1984-09-26,2184
crmid:2766213219,blindeyes1865@yahoo.com,Chong,Workman,,414-809-2951,Gillette,United States,12921,Florida,1032 Stigwood,1966-02-07,537
crmid:1431068487,ebenezer1848@yandex.com,Seymour,Carson,,555-652-3112,Milford,United States,40112,Iowa,1100 Transbay Loop,1990-08-11,2176
crmid:9508438320,branchful1955@yandex.com,Kizzie,Blackwell,female,790-589-0472,Crest Hill,United States,70137,Indiana,641 Aerial,1951-05-03,2006
crmid:6447505295,deanthropomorphism1928@yandex.com,Page,Knapp,female,291-120-5742,Euclid,United States,42229,Connecticut,299 Rose,1960-07-16,432
crmid:8315271953,torpedos2018@outlook.com,Leroy,Britt,,031-815-3347,Nampa,United States,41367,North Carolina,874 Beach,1995-07-15,1758
crmid:1187142855,episcopalian1908@live.com,Trey,Gentry,,730-868-2878,Midland,United States,40538,Colorado,272 Mariposa,1990-08-25,2762
crmid:9217729187,altruistic1933@gmail.com,Barbera,Avila,female,154-984-3441,Clifton,United States,06649,Florida,318 Rockridge,1948-01-01,424
crmid:5365546392,abandoned1842@yandex.com,Jc,Sweet,,200-809-5618,Haines City,United States,98886,Colorado,546 Cesar Chavez On,1969-01-29,763
crmid:3761476532,profaners1985@gmail.com,Romeo,Mccray,male,653-507-6483,West Allis,United States,05743,Florida,338 Oceanview,1940-08-19,632
crmid:7758475211,oenin1869@gmail.com,Erin,Walls,,617-679-7808,Tallahassee,United States,85018,Arkansas,280 Walter U Lum,1974-10-09,2182
crmid:4381530206,syed2033@yahoo.com,Raymond,Love,male,996-849-5191,Belton,United States,42499,Utah,933 Britton,1937-08-18,2834
crmid:3487582939,deprogramming1996@yahoo.com,Carol,Hensley,,004-606-8304,Memphis,United States,60842,Iowa,1400 Bluestone,1989-10-09,2327
crmid:4114590748,patter2015@outlook.com,Bradley,Burch,male,642-503-9764,Battle Ground,United States,05769,Rhode Island,1068 Healy,1936-01-04,2642
crmid:4905493827,digraph1921@gmail.com,Neal,Maddox,,429-902-2852,Jamestown,United States,87450,Kansas,891 Walker,1975-07-25,1158
crmid:6246575493,entomb1970@live.com,Basil,Morris,,318-358-0802,Garfield,United States,39376,New Mexico,1119 Seneca,1965-06-25,2748
crmid:7089659682,guineafowl1913@live.com,Joi,Buckley,female,577-300-1948,Sheboygan,United States,62236,Iowa,1056 Lois,1961-11-08,2267
crmid:2558423151,sooners1893@gmail.com,Bradly,Mclean,,537-507-3665,Golden Valley,United States,78870,Arkansas,344 Bemis,1966-02-20,2419
crmid:3133140453,burry1827@live.com,Emilio,Kelley,,956-123-3511,Scranton,United States,22044,Louisiana,429 Bigelow,1965-09-08,1718
crmid:6530324531,unsanctifying1914@yahoo.com,Rigoberto,Randolph,male,570-285-5258,Baton Rouge,United States,48797,Connecticut,802 Brazil,1936-08-24,1853
crmid:9427931590,impala2024@gmail.com,Darin,Santiago,,877-048-2200,Kenmore,United States,10778,Texas,1246 Ringold,1977-03-21,1002
crmid:7493201489,chromo1849@gmail.com,Jerrold,Lott,male,241-346-3232,Brea,United States,75853,Nevada,324 Josepha,1941-05-17,1167
crmid:2755822545,bottleman2059@live.com,Duncan,Ayala,male,658-074-5186,Blacksburg,United States,18419,Wisconsin,50 Alpine,1939-03-01,394
crmid:2329877557,sawing1802@live.com,Ezekiel,Rodriquez,,771-292-3547,Ferndale,United States,19124,Alabama,4 Chatham,1962-02-27,2324
crmid:9538926392,bubales1816@outlook.com,Quinton,Harrell,,556-040-2198,Methuen,United States,74459,South Carolina,387 Baker,1990-05-15,2792
crmid:7527344956,undenotative2000@outlook.com,Le,Foreman,female,594-892-6849,Murray,United States,12535,Alaska,1043 Potrero,1994-03-10,1334
crmid:9744190474,flamer1994@yahoo.com,Diego,Mcclain,male,855-909-5752,Plymouth,United States,05986,North Carolina,1062 Van Dyke,1940-03-19,2224
crmid:4537091893,developed1996@gmail.com,Quinn,Stone,female,421-156-1805,Edmonds,United States,86485,Missouri,821 Lori,1958-11-24,862
crmid:2134023040,agamic1917@gmail.com,Jerald,Frank,,575-888-9778,Paso Robles,United States,84713,Rhode Island,1059 Hampshire,1992-04-24,443
crmid:8336826681,carlene2064@yahoo.com,Jeff,Kim,male,901-083-1315,Bartlesville,United States,82975,Montana,73 Rickard,1936-12-10,324
crmid:5818549355,colorate1889@yandex.com,Darwin,Burgess,,917-150-4545,Lodi,United States,14125,Ohio,721 Estero,1983-03-27,2751
crmid:2272421069,delayer1860@outlook.com,Galen,Sherman,male,237-517-2008,Bellingham,United States,29182,Mississippi,1105 Berwick,1937-04-27,677
crmid:2813895894,aquaria1874@gmail.com,Geraldo,Fletcher,,214-300-2758,Haverhill,United States,82120,Ohio,727 Diamond Cove,1970-12-08,2534
crmid:6054082925,tamias1808@gmail.com,Augustine,Morton,male,858-963-0339,Myrtle Beach,United States,16763,Oregon,448 Apparel,1995-02-02,2056
crmid:4230695664,shrubberies1998@yandex.com,Rosy,Sullivan,female,904-267-7555,Murrieta,United States,52813,California,821 Bartol,1994-09-28,655
crmid:5182865437,elevatory1809@yahoo.com,Randy,Sanford,,714-288-9487,Flint,United States,15142,Wyoming,89 Arballo,1962-03-28,1002
crmid:5976341555,amuck1823@live.com,Levi,Glass,,670-568-7136,Highland Village,United States,93839,Arizona,114 Keith,1971-05-11,649
crmid:3076498129,knurly1880@outlook.com,Tracey,Mitchell,male,343-234-1501,North Canton,United States,06705,California,773 Stanford,1998-02-18,2064
crmid:6606918161,pleonastic1911@yandex.com,Rickey,Cooke,male,432-737-8742,Beloit,United States,48824,Maryland,481 Hawkins,1937-08-07,2316
crmid:4086823668,bolas1825@gmail.com,Lanny,Padilla,,642-516-6158,Salinas,United States,62066,Massachusetts,636 Bergen,1967-04-02,470
crmid:1931410913,bouncer1888@outlook.com,Damian,Robbins,,488-656-3575,Ponca City,United States,20931,Tennessee,77 Whittier,1964-01-23,1476
crmid:3098466142,atavistic1832@yahoo.com,Sherwood,Joyner,male,516-147-0717,Allentown,United States,53079,South Dakota,370 Anderson,1931-09-16,345
crmid:3313897578,rebelong1862@outlook.com,Alva,Guzman,,690-169-0723,Petaluma,United States,48039,Rhode Island,697 Costa,1990-06-29,1379
crmid:2291154000,ringtailed1861@yandex.com,Garret,Maldonado,,059-894-6304,Vancouver,United States,49565,Vermont,41 Cortes,1985-03-30,384
crmid:6112601915,domination1971@yahoo.com,Francesco,Clay,male,555-304-1759,Oak Creek,United States,67023,Texas,373 Mayflower,1941-04-06,1048
crmid:6941567110,zootaxy1945@yahoo.com,Gino,Dennis,,929-229-7939,Stockton,United States,93717,Rhode Island,473 Harold,1974-12-23,2870
crmid:9511177200,damaged1814@gmail.com,Jenine,Delgado,female,264-442-5008,Farragut,United States,28810,Maine,935 Dashiell Hammett,1961-04-08,1086
crmid:8958969665,bornagain1812@outlook.com,Tianna,Peters,female,460-024-7476,Corsicana,United States,57004,Vermont,170 Fredela,1951-09-23,1642
crmid:1135340820,undog1836@outlook.com,Edda,Watts,female,533-124-0110,Twin Falls,United States,19760,Maryland,792 Lincoln,1950-03-30,700
crmid:7772587755,bulbous1904@gmail.com,Joseph,Mcneil,,611-599-4155,Trussville,United States,68113,Connecticut,48 Garnett,1973-03-22,401
crmid:4111427934,expiry1849@gmail.com,Napoleon,Butler,,221-547-9070,Kernersville,United States,28340,Wisconsin,1222 Charlton,1977-04-19,556
crmid:2697260920,rewards1949@live.com,Duncan,Clay,,945-512-2929,Fuquay-Varina,United States,95142,New Hampshire,886 Sanchez,1964-06-19,2690
crmid:4570178310,enravishes1981@live.com,Royce,O'neill,,033-404-2569,Roanoke Rapids,United States,27880,New York,727 Seacliff,1968-11-25,1320
crmid:6023462600,centrosome1976@yandex.com,Serafina,Bolton,female,257-397-9311,Dickinson,United States,80978,Rhode Island,1264 Vasquez,1955-08-03,1727
crmid:8507778174,bannet1914@yandex.com,Genevie,Cox,female,894-799-5053,El Monte,United States,18624,Wyoming,967 Shawnee,1958-03-07,2828
crmid:3704721342,tarmacadam1804@yandex.com,Marya,Morse,female,410-517-7299,Seminole,United States,26253,Nebraska,531 Central Magazine,1960-06-21,571
crmid:6283127417,steadiest1947@gmail.com,Christian,Garza,male,829-988-1078,Newport News,United States,60822,Utah,1302 Hulbert,1997-11-04,767
crmid:7783346238,sanatorium2064@yandex.com,Gustavo,Christian,,649-096-0115,Merrillville,United States,70321,Tennessee,167 Tillman,1989-12-23,453
crmid:4621343375,clandestine1852@outlook.com,Fredia,Jordan,female,601-221-4324,Panama City,United States,19999,Ohio,212 Forest View,1952-10-31,1771
crmid:5995466762,castoffs1833@yandex.com,Wava,Floyd,female,653-610-8016,Coppell,United States,59806,North Dakota,164 Maynard,1950-09-10,1346
crmid:9772259676,cichlid2034@yandex.com,Everett,Grant,,844-286-1812,White Bear Lake,United States,88874,Illinois,442 Millwright Cottage Access,1984-12-25,1916
crmid:7897131706,stiffish1976@yandex.com,Chun,Alexander,female,352-544-3563,Concord,United States,01335,Maryland,1047 Morris,1950-02-01,406
crmid:8579220642,levied1924@yahoo.com,Ian,Myers,,262-050-6514,Fort Wayne,United States,35682,Arizona,1396 Hearst,1963-06-10,991
crmid:9323409991,airlock1868@live.com,Carson,Gaines,,862-388-6499,Hilliard,United States,27308,Nebraska,275 Gibson,1972-05-29,1400
crmid:7415646111,superinference2029@outlook.com,Arden,Bartlett,,646-320-4515,Wyoming,United States,63960,Kansas,728 Rossi,1973-06-18,322
crmid:7256588155,belee1815@live.com,Olimpia,Stout,female,976-928-1914,Christiansburg,United States,33699,Vermont,444 Poplar,1947-07-28,1242
crmid:3141651508,underling2041@outlook.com,Joshua,Gallegos,,431-046-4099,Tustin,United States,39735,New Mexico,925 Reeves,1972-04-29,1038
crmid:1347316957,temporooccipital2055@outlook.com,Maximina,Foreman,female,222-926-0313,Staunton,United States,71278,Iowa,511 Ceres,1951-06-10,1362
crmid:4271407522,transportables2051@live.com,Warren,Daugherty,,311-815-7227,Plainview,United States,89475,Wisconsin,961 Goldberg,1987-10-25,2752
crmid:1770080161,ingots1967@yahoo.com,Noe,Wyatt,,111-327-7554,Huntington Park,United States,42935,Kentucky,1320 Converse,1974-07-08,1917
crmid:5726222303,stoop2047@live.com,Cary,Ramos,,485-790-6251,Irvine,United States,27776,Vermont,1095 Quickstep,1975-04-15,2330
crmid:7891062337,trophospongium2025@yandex.com,Dani,Mclean,female,429-058-9240,North Lauderdale,United States,81987,New Hampshire,835 Meacham,1998-03-04,809
crmid:3324859044,lemon2016@gmail.com,Gus,Carr,male,486-273-0050,Carson City,United States,20448,Utah,614 Hobart,1944-04-05,2099
crmid:2723464995,ordanchite1920@outlook.com,Milly,Franklin,female,968-527-6508,Coachella,United States,35629,Rhode Island,1095 Jessie West,1948-06-10,1975
crmid:2916496592,scorner1800@live.com,Rogelio,Jensen,male,575-761-6692,Westland,United States,16497,Oregon,1257 Acacia,1943-10-30,2015
crmid:9136542551,elephant2054@live.com,Jennine,Barron,female,902-363-0230,Danville,United States,24981,Virginia,514 Bass,1953-04-02,2021
crmid:9223374926,killing1930@outlook.com,Rudolf,Zimmerman,,302-414-5254,Lauderdale Lakes,United States,71462,Missouri,19 Encline,1981-12-16,2026
crmid:1706379918,bonobo1955@live.com,Kip,Molina,,787-148-5301,Linden,United States,74963,Maryland,280 Chabot,1983-01-14,1562
crmid:4318664250,stereotype1973@outlook.com,Dominick,Colon,,743-851-1907,Massapequa Park,United States,31193,Wyoming,1222 Sherman,1988-05-14,1819
crmid:8920626673,docherty1857@yandex.com,Charlie,Hutchinson,,205-176-4711,Kissimmee,United States,00071,Ohio,664 Colon,1978-02-25,706
crmid:7811939196,hydrosulphurated1801@yahoo.com,Eryn,Goodman,female,606-994-8745,West Bend,United States,71319,Alabama,73 Thorp,1948-03-12,2757
crmid:9122644747,christl2018@yandex.com,Frances,Weeks,,006-060-8489,Wilmette,United States,21222,Nevada,1350 Armistead,1962-09-05,2061
crmid:8422078441,desirae2027@outlook.com,Franklyn,Snider,male,673-965-2218,Twinsburg,United States,08646,Wisconsin,654 Hemway,1932-04-27,2043
crmid:1634253330,llama1846@gmail.com,Patricia,Allison,,878-115-1535,Herndon,United States,31031,New Mexico,651 Hollister,1971-07-01,1180
crmid:3083818049,staminigerous1807@yandex.com,Sharmaine,Ferrell,female,010-340-7497,Natchitoches,United States,22750,California,372 Dorman,1995-04-15,1044
crmid:8151727828,hucksterage2041@gmail.com,David,Hurley,male,694-365-2882,Allen,United States,94679,New Mexico,1015 Phoenix,1931-03-15,2875
crmid:4173000292,chirre1897@yandex.com,Lucas,Avery,,294-392-2404,Gallatin,United States,26098,Virginia,863 Isadora Duncan,1965-04-08,680
crmid:5999901708,twattles1892@live.com,Abraham,Head,,333-851-0178,Sapulpa,United States,59450,New Jersey,371 Watchman,1987-08-08,598
crmid:5633296732,pearmonger1861@yahoo.com,Diedra,Chan,female,636-142-0434,Winston-Salem,United States,91131,California,950 Mersey,1953-03-06,651
crmid:6425096884,usaron1821@gmail.com,Kim,Barrera,male,563-123-3044,Tustin,United States,03005,South Dakota,816 Olmstead,1930-06-02,2324
crmid:2539729676,dearaujo1985@outlook.com,Ezra,Livingston,,006-944-5021,Sheridan,United States,74156,West Virginia,251 Mountview,1986-08-07,2214
crmid:3714199332,corvo1873@yandex.com,Carl,Burt,,315-744-0602,University Place,United States,22709,Rhode Island,687 Denslowe,1967-05-08,1868
crmid:4221137726,stereology1991@outlook.com,Mack,Skinner,,600-514-5229,Woodstock,United States,32035,Mississippi,8 Wedemeyer,1977-10-08,1283
crmid:6914829523,unfavourably1812@gmail.com,Deangelo,Martin,,503-177-1658,Kissimmee,United States,76241,Alaska,1241 Spruce,1978-12-28,1318
crmid:4378615143,carless1958@gmail.com,Lamont,Pugh,,563-872-5250,Westland,United States,30670,Maryland,1130 Rainey,1970-07-01,1740
crmid:6690045198,bilayer2005@gmail.com,Neville,Camacho,,202-148-5843,Holyoke,United States,01710,Ohio,559 Paulding,1972-02-07,2293
crmid:2500521720,awide1936@gmail.com,Denae,Lawson,female,497-092-1506,Dover,United States,55524,Virginia,75 Seal Cove,1955-10-04,846
crmid:1761510526,serialism1834@yahoo.com,Brendan,Dillard,male,750-498-9327,Rexburg,United States,02533,Arizona,436 Allston,1935-02-08,2960
crmid:3557062192,oreophasine1888@yandex.com,Junior,Franklin,male,288-728-9085,Oklahoma City,United States,05832,Idaho,1132 Gellert,1939-10-22,1212
crmid:5298261344,aphasiacs2001@yandex.com,Porfirio,Glass,,381-130-5300,Goodyear,United States,57968,Colorado,923 The Embarcadero,1967-09-25,654
crmid:4741409041,chape1958@live.com,Irwin,Weiss,,648-122-5045,Neenah,United States,33694,New Hampshire,1394 Lone Mountain,1995-06-28,1309
crmid:1616563389,emblem1973@gmail.com,Karmen,Brewer,female,733-803-8758,Wilson,United States,92719,Wyoming,615 Mcrae,1947-05-04,1785
crmid:9716221312,borsht1872@yandex.com,Leif,Workman,male,187-755-8128,Caledonia,United States,79327,Wisconsin,1167 De Boom,1943-12-12,1826
crmid:1536740339,shipworms1992@yahoo.com,Luke,Frank,male,016-476-8894,Casselberry,United States,72377,Wyoming,1349 Edgardo,1945-06-10,2535
crmid:5625577113,mouths2048@outlook.com,Ferdinand,Madden,,481-448-8021,Naples,United States,21750,Ohio,1347 Pink,1995-05-30,1925
crmid:9507432958,bourreau2067@outlook.com,Harvey,Pearson,,883-853-9773,Mountain View,United States,83226,West Virginia,574 Trenton,1994-07-11,2318
crmid:4856240929,stickups2017@outlook.com,Merrill,Stokes,,111-465-0383,Hagerstown,United States,43986,Nevada,209 Rock,1969-07-08,928
crmid:7994789181,betassel1979@outlook.com,Jesse,Meyers,male,582-003-6063,Bolingbrook,United States,93535,Virginia,43 Issleib,1940-12-10,716
crmid:3638285352,eulalie2068@live.com,Darnell,Petty,male,635-492-7825,Brockton,United States,57470,Illinois,1351 Pacheco,1941-10-05,1650
crmid:5883252703,lipomas1982@outlook.com,Stuart,Holcomb,,825-432-1435,Hawthorne,United States,00865,Pennsylvania,1299 Montcalm,1970-01-22,1112
crmid:3752303806,mouse2052@live.com,Irvin,Byrd,,585-335-0961,Marshfield,United States,18528,Texas,257 Jeopardy,1987-03-27,2017
crmid:4396098226,alexis2010@live.com,Curtis,Webster,male,447-369-4543,Baldwin,United States,79444,Nebraska,734 Woolsey,1935-02-15,684
crmid:5006144395,secret1801@gmail.com,Mikel,Padilla,,249-795-8390,Pleasant Hill,United States,62940,Alabama,568 Balance,1965-04-11,1875
crmid:2223311919,outside1941@yahoo.com,Cole,Tucker,male,681-420-9435,Anaheim,United States,68822,Hawaii,351 Hamilton,1932-11-04,2245
crmid:9800419595,seginus1910@yahoo.com,Romeo,Koch,male,415-253-7020,Roseburg,United States,14491,Indiana,994 Crestline,1944-08-16,1478
crmid:2036514558,assays1914@live.com,Donnie,Evans,male,726-791-5894,Port Arthur,United States,12595,Mississippi,1116 High,1944-03-09,2369
crmid:9012987123,cutthroat1984@gmail.com,Asa,Dale,,125-813-9296,Fridley,United States,16776,Indiana,63 Cameron,1964-03-16,1605
crmid:5394544004,esparto1892@gmail.com,Ressie,Haney,female,987-733-8234,Dubuque,United States,53719,Virginia,799 Del Sur,1956-10-14,2407
crmid:4740455716,allocatur1856@gmail.com,Brain,Levy,male,131-395-7591,Ames,United States,06288,Delaware,280 Ottawa,1932-01-17,2096
crmid:2846498939,precognition2008@outlook.com,Anderson,Tate,,632-803-0217,McHenry,United States,23054,Rhode Island,18 Navajo,1988-04-22,365
crmid:8527148747,didactic1969@live.com,Yer,Snider,female,254-048-8309,Woodbury,United States,95980,Nebraska,81 Geneva,1947-09-27,928
crmid:2560261335,dogged1817@outlook.com,Rodrigo,Chase,male,020-659-4708,Boca Raton,United States,45780,Louisiana,27 Lakeshore,1940-08-06,632
crmid:8214847211,unperfidiousness1961@yandex.com,Buster,Ryan,,450-036-5244,San Bruno,United States,59762,California,960 Franconia,1997-07-25,2405
crmid:9618968998,haler1947@gmail.com,Silas,Newman,,773-780-6976,Sycamore,United States,93888,Washington,1328 Torrens,1978-08-28,1215
