id,crmid,propensity_account_upgrade,propensity_premium
ba206795-7a33-11ea-b7c9-b88a60e194fb,crmid:4429982108,4,7
ba21c4d1-7a33-11ea-8b71-b88a60e194fb,crmid:4429982108,2,4
ba2374b1-7a33-11ea-bd23-b88a60e194fb,crmid:4429982108,4,6
ba248409-7a33-11ea-925e-b88a60e194fb,crmid:4429982108,3,9
ba2658d5-7a33-11ea-a577-b88a60e194fb,crmid:4429982108,5,1
ba27b85f-7a33-11ea-97f9-b88a60e194fb,crmid:4429982108,8,8
ba28f0af-7a33-11ea-9d14-b88a60e194fb,crmid:4429982108,2,7
ba2a9ed7-7a33-11ea-9dec-b88a60e194fb,crmid:4429982108,4,7
ba2bfde9-7a33-11ea-89a5-b88a60e194fb,crmid:4429982108,1,9
ba2daba9-7a33-11ea-bd6d-b88a60e194fb,crmid:4429982108,4,6
ba2ebd12-7a33-11ea-b10d-b88a60e194fb,crmid:4429982108,2,3
ba301ca7-7a33-11ea-a4d4-b88a60e194fb,crmid:4429982108,2,4
ba31f169-7a33-11ea-89a6-b88a60e194fb,crmid:4429982108,9,3
ba33c60b-7a33-11ea-ac4e-b88a60e194fb,crmid:4429982108,1,3
ba352746-7a33-11ea-8382-b88a60e194fb,crmid:4429982108,2,7
ba368689-7a33-11ea-9517-b88a60e194fb,crmid:4429982108,3,6
ba37e4f0-7a33-11ea-99ae-b88a60e194fb,crmid:4429982108,8,7
ba391d49-7a33-11ea-996d-b88a60e194fb,crmid:4429982108,3,2
ba3b1938-7a33-11ea-9166-b88a60e194fb,crmid:4429982108,3,8
ba3c51b5-7a33-11ea-b185-b88a60e194fb,crmid:4429982108,2,5
ba3d8a37-7a33-11ea-854b-b88a60e194fb,crmid:4429982108,6,9
ba3ec447-7a33-11ea-aef6-b88a60e194fb,crmid:4429982108,7,2
ba3fd577-7a33-11ea-a7d8-b88a60e194fb,crmid:4429982108,6,1
ba415ac9-7a33-11ea-8acf-b88a60e194fb,crmid:4429982108,7,9
ba42bb7b-7a33-11ea-b951-b88a60e194fb,crmid:4429982108,2,2
ba441be1-7a33-11ea-bda6-b88a60e194fb,crmid:4429982108,6,7
ba45538b-7a33-11ea-8d00-b88a60e194fb,crmid:4429982108,2,2
ba46b259-7a33-11ea-a174-b88a60e194fb,crmid:4429982108,2,7
ba47eac4-7a33-11ea-abab-b88a60e194fb,crmid:4429982108,3,8
ba494aed-7a33-11ea-88d3-b88a60e194fb,crmid:4429982108,8,7
ba4ad051-7a33-11ea-9669-b88a60e194fb,crmid:4429982108,7,1
ba4c5808-7a33-11ea-a332-b88a60e194fb,crmid:4429982108,6,7
ba4dddd0-7a33-11ea-8cfc-b88a60e194fb,crmid:4429982108,1,7
ba4f6549-7a33-11ea-9eb7-b88a60e194fb,crmid:4429982108,3,7
ba51872d-7a33-11ea-9a07-b88a60e194fb,crmid:4429982108,4,7
ba5334d1-7a33-11ea-9445-b88a60e194fb,crmid:4429982108,5,2
ba54956f-7a33-11ea-8bfd-b88a60e194fb,crmid:4429982108,3,8
ba561c5e-7a33-11ea-a2a4-b88a60e194fb,crmid:4429982108,5,8
ba5754fa-7a33-11ea-b780-b88a60e194fb,crmid:4429982108,5,1
ba58db23-7a33-11ea-a413-b88a60e194fb,crmid:4429982108,3,7
ba5a60e5-7a33-11ea-b2d3-b88a60e194fb,crmid:4429982108,1,3
ba5be85f-7a33-11ea-b6ab-b88a60e194fb,crmid:4429982108,6,4
ba5d6f60-7a33-11ea-9c69-b88a60e194fb,crmid:4429982108,5,7
ba5ece77-7a33-11ea-b6e9-b88a60e194fb,crmid:4429982108,4,3
ba607b2c-7a33-11ea-a98d-b88a60e194fb,crmid:4429982108,2,2
ba624fe7-7a33-11ea-9f75-b88a60e194fb,crmid:4429982108,6,4
ba63af79-7a33-11ea-b589-b88a60e194fb,crmid:4429982108,9,3
ba650f03-7a33-11ea-94bd-b88a60e194fb,crmid:4429982108,2,1
ba666e91-7a33-11ea-b49f-b88a60e194fb,crmid:4429982108,1,3
ba67f52c-7a33-11ea-ac69-b88a60e194fb,crmid:4429982108,8,8
ba692daa-7a33-11ea-b80b-b88a60e194fb,crmid:4429982108,4,8
ba6ab45a-7a33-11ea-9db1-b88a60e194fb,crmid:4429982108,9,4
ba6bc5c7-7a33-11ea-a5a0-b88a60e194fb,crmid:4429982108,1,3
ba6d26ec-7a33-11ea-b9ec-b88a60e194fb,crmid:4429982108,1,4
ba6e10f6-7a33-11ea-8d86-b88a60e194fb,crmid:4429982108,7,6
ba727d9e-7a33-11ea-9ed6-b88a60e194fb,crmid:4429982108,9,4
ba742a2c-7a33-11ea-8cf4-b88a60e194fb,crmid:4429982108,2,2
ba7563a7-7a33-11ea-bd81-b88a60e194fb,crmid:4429982108,3,1
ba76c242-7a33-11ea-9e45-b88a60e194fb,crmid:4429982108,5,2
ba77fbd3-7a33-11ea-92b8-b88a60e194fb,crmid:4429982108,4,6
ba798259-7a33-11ea-adcf-b88a60e194fb,crmid:4429982108,7,5
ba7b5715-7a33-11ea-96b7-b88a60e194fb,crmid:4429982108,1,4
ba7d78da-7a33-11ea-b442-b88a60e194fb,crmid:4429982108,7,7
ba7f74e6-7a33-11ea-bab0-b88a60e194fb,crmid:4429982108,2,4
ba814a9b-7a33-11ea-9ad1-b88a60e194fb,crmid:4429982108,4,2
ba82f863-7a33-11ea-9957-b88a60e194fb,crmid:4429982108,4,8
ba84ccdf-7a33-11ea-a03d-b88a60e194fb,crmid:4429982108,4,8
ba86539e-7a33-11ea-b63e-b88a60e194fb,crmid:4429982108,1,8
ba8764fb-7a33-11ea-9905-b88a60e194fb,crmid:4429982108,1,7
ba88c46f-7a33-11ea-967c-b88a60e194fb,crmid:4429982108,1,9
ba8ac08b-7a33-11ea-a0df-b88a60e194fb,crmid:4429982108,6,2
ba8bf8da-7a33-11ea-b848-b88a60e194fb,crmid:4429982108,5,7
ba8dcd8b-7a33-11ea-9905-b88a60e194fb,crmid:4429982108,7,7
ba8fc869-7a33-11ea-a004-b88a60e194fb,crmid:4429982108,7,2
ba9101d4-7a33-11ea-9b91-b88a60e194fb,crmid:4429982108,3,6
ba92d6f1-7a33-11ea-a227-b88a60e194fb,crmid:4429982108,3,7
ba945c29-7a33-11ea-84f6-b88a60e194fb,crmid:4429982108,4,2
ba95e2c1-7a33-11ea-b8c3-b88a60e194fb,crmid:4429982108,3,8
ba9791d4-7a33-11ea-b1c0-b88a60e194fb,crmid:4429982108,9,2
ba996693-7a33-11ea-a149-b88a60e194fb,crmid:4429982108,1,3
ba9a9f1c-7a33-11ea-8eb8-b88a60e194fb,crmid:4429982108,4,4
ba9bd78e-7a33-11ea-ad47-b88a60e194fb,crmid:4429982108,4,8
ba9dd1fb-7a33-11ea-a503-b88a60e194fb,crmid:4429982108,3,7
ba9f32f1-7a33-11ea-8090-b88a60e194fb,crmid:4429982108,4,8
baa092a5-7a33-11ea-9bdd-b88a60e194fb,crmid:4429982108,2,3
baa1f0bf-7a33-11ea-a992-b88a60e194fb,crmid:4429982108,7,2
baa35153-7a33-11ea-96db-b88a60e194fb,crmid:4429982108,2,7
baa5263f-7a33-11ea-a953-b88a60e194fb,crmid:4429982108,6,2
baa6d3c1-7a33-11ea-9fb3-b88a60e194fb,crmid:4429982108,3,2
baa8ce9c-7a33-11ea-a8af-b88a60e194fb,crmid:4429982108,2,1
baaaa359-7a33-11ea-a405-b88a60e194fb,crmid:4429982108,3,9
baac5107-7a33-11ea-b2ba-b88a60e194fb,crmid:4429982108,4,3
baad898c-7a33-11ea-aec6-b88a60e194fb,crmid:4429982108,7,1
baaec207-7a33-11ea-8636-b88a60e194fb,crmid:4429982108,4,2
baaffa8a-7a33-11ea-9603-b88a60e194fb,crmid:4429982108,3,1
bab18254-7a33-11ea-9644-b88a60e194fb,crmid:4429982108,8,9
bab2e29c-7a33-11ea-b7c5-b88a60e194fb,crmid:4429982108,2,4
bab4ddbf-7a33-11ea-98eb-b88a60e194fb,crmid:4429982108,2,1
bab6b119-7a33-11ea-ab65-b88a60e194fb,crmid:4429982108,7,8
bab811fe-7a33-11ea-ad1b-b88a60e194fb,crmid:4429982108,2,6
bab9e675-7a33-11ea-9634-b88a60e194fb,crmid:4429982108,1,7
babbe22d-7a33-11ea-bbcc-b88a60e194fb,crmid:4429982108,9,8
babd8ec9-7a33-11ea-befd-b88a60e194fb,crmid:4429982108,2,7
babf1590-7a33-11ea-a6a1-b88a60e194fb,crmid:4429982108,4,6
bac0c430-7a33-11ea-83cf-b88a60e194fb,crmid:4429982108,6,6
bac22483-7a33-11ea-9ced-b88a60e194fb,crmid:4429982108,4,4
bac3f80d-7a33-11ea-8e08-b88a60e194fb,crmid:4429982108,9,6
bac61a47-7a33-11ea-b788-b88a60e194fb,crmid:4429982108,2,6
bac8162d-7a33-11ea-91d4-b88a60e194fb,crmid:4429982108,1,5
bac975a5-7a33-11ea-9649-b88a60e194fb,crmid:4429982108,5,1
bacb4c09-7a33-11ea-9269-b88a60e194fb,crmid:4429982108,4,4
bacc5d1b-7a33-11ea-b1ce-b88a60e194fb,crmid:4429982108,6,1
bace0ad1-7a33-11ea-b86f-b88a60e194fb,crmid:4429982108,4,7
bacf6917-7a33-11ea-9aab-b88a60e194fb,crmid:4429982108,4,3
bad0efa5-7a33-11ea-91ab-b88a60e194fb,crmid:4429982108,6,8
bad2eb89-7a33-11ea-abbf-b88a60e194fb,crmid:4429982108,4,4
bad4c19e-7a33-11ea-bb3f-b88a60e194fb,crmid:4429982108,5,8
bad66f26-7a33-11ea-889f-b88a60e194fb,crmid:4429982108,1,9
bad7f487-7a33-11ea-b805-b88a60e194fb,crmid:4429982108,4,6
bad9a23b-7a33-11ea-bf28-b88a60e194fb,crmid:4429982108,2,4
badb01c2-7a33-11ea-acaf-b88a60e194fb,crmid:4429982108,1,2
badc8859-7a33-11ea-93a8-b88a60e194fb,crmid:4429982108,2,3
bade0ef6-7a33-11ea-9859-b88a60e194fb,crmid:4429982108,6,1
badf9627-7a33-11ea-a35e-b88a60e194fb,crmid:4429982108,5,3
bae14349-7a33-11ea-85c3-b88a60e194fb,crmid:4429982108,4,7
bae27bba-7a33-11ea-bd4b-b88a60e194fb,crmid:4429982108,4,8
bae4295f-7a33-11ea-b6c4-b88a60e194fb,crmid:4429982108,4,7
bae5b000-7a33-11ea-b4fe-b88a60e194fb,crmid:4429982108,9,7
bae75db5-7a33-11ea-962e-b88a60e194fb,crmid:4429982108,6,2
bae90b63-7a33-11ea-a41f-b88a60e194fb,crmid:4429982108,6,8
baeb0768-7a33-11ea-8e21-b88a60e194fb,crmid:4429982108,8,2
baed2ad3-7a33-11ea-b58c-b88a60e194fb,crmid:4429982108,9,3
baeed7f1-7a33-11ea-b8a4-b88a60e194fb,crmid:4429982108,1,3
baf05e9f-7a33-11ea-95d4-b88a60e194fb,crmid:4429982108,2,4
baf25a5d-7a33-11ea-939d-b88a60e194fb,crmid:4429982108,2,2
baf3e101-7a33-11ea-9242-b88a60e194fb,crmid:4429982108,4,9
baf5408a-7a33-11ea-a7f7-b88a60e194fb,crmid:4429982108,2,5
baf7154c-7a33-11ea-8d28-b88a60e194fb,crmid:4429982108,6,2
baf8ea07-7a33-11ea-be56-b88a60e194fb,crmid:4429982108,4,3
bafa49ad-7a33-11ea-b7a3-b88a60e194fb,crmid:4429982108,1,3
bafc6c75-7a33-11ea-b7ab-b88a60e194fb,crmid:4429982108,4,7
bafe1b54-7a33-11ea-a212-b88a60e194fb,crmid:4429982108,6,3
bafff00b-7a33-11ea-aa18-b88a60e194fb,crmid:4429982108,4,8
bb019e3c-7a33-11ea-b801-b88a60e194fb,crmid:4429982108,9,4
bb039835-7a33-11ea-ae75-b88a60e194fb,crmid:4429982108,8,7
bb0545d5-7a33-11ea-bc11-b88a60e194fb,crmid:4429982108,4,7
bb06cc76-7a33-11ea-91d4-b88a60e194fb,crmid:4429982108,6,2
bb0854db-7a33-11ea-9141-b88a60e194fb,crmid:4429982108,3,7
bb09b2d5-7a33-11ea-bfee-b88a60e194fb,crmid:4429982108,8,9
bb0b604d-7a33-11ea-9cc8-b88a60e194fb,crmid:4429982108,8,3
bb0d3711-7a33-11ea-8bd5-b88a60e194fb,crmid:4429982108,1,8
bb0ebc69-7a33-11ea-acfa-b88a60e194fb,crmid:4429982108,6,5
bb1043f9-7a33-11ea-8ca1-b88a60e194fb,crmid:4429982108,2,3
bb11eff5-7a33-11ea-a08e-b88a60e194fb,crmid:4429982108,7,3
bb1350f8-7a33-11ea-afb7-b88a60e194fb,crmid:4429982108,3,6
bb14d77d-7a33-11ea-8639-b88a60e194fb,crmid:4429982108,1,3
bb176ed3-7a33-11ea-94e8-b88a60e194fb,crmid:4429982108,2,5
bb18f4e9-7a33-11ea-b2ae-b88a60e194fb,crmid:4429982108,2,8
bb1aa27f-7a33-11ea-9ef7-b88a60e194fb,crmid:4429982108,4,8
bb1d3be8-7a33-11ea-967c-b88a60e194fb,crmid:4429982108,9,7
bb1f5d5d-7a33-11ea-a33b-b88a60e194fb,crmid:4429982108,4,2
bb21f577-7a33-11ea-b1ab-b88a60e194fb,crmid:4429982108,1,1
bb2529f5-7a33-11ea-9772-b88a60e194fb,crmid:4429982108,7,8
bb272579-7a33-11ea-82b7-b88a60e194fb,crmid:4429982108,6,8
bb296f73-7a33-11ea-b377-b88a60e194fb,crmid:4429982108,4,4
bb2be07f-7a33-11ea-a2dc-b88a60e194fb,crmid:4429982108,2,2
bb2e5224-7a33-11ea-ac7d-b88a60e194fb,crmid:4429982108,1,4
bb30748b-7a33-11ea-a44f-b88a60e194fb,crmid:4429982108,4,3
bb329747-7a33-11ea-aa6f-b88a60e194fb,crmid:4429982108,9,7
bb350835-7a33-11ea-b24e-b88a60e194fb,crmid:4429982108,7,7
bb37a05f-7a33-11ea-a005-b88a60e194fb,crmid:4429982108,2,8
bb399c14-7a33-11ea-8d0a-b88a60e194fb,crmid:4429982108,4,9
bb3c3406-7a33-11ea-9dd8-b88a60e194fb,crmid:4429982108,2,6
bb3e08c3-7a33-11ea-89bb-b88a60e194fb,crmid:4429982108,2,6
bb4004a1-7a33-11ea-a2d7-b88a60e194fb,crmid:4429982108,9,2
bb422767-7a33-11ea-a011-b88a60e194fb,crmid:4429982108,1,6
bb444a5f-7a33-11ea-93b3-b88a60e194fb,crmid:4429982108,7,1
bb464615-7a33-11ea-bd11-b88a60e194fb,crmid:4429982108,1,2
bb47ccb0-7a33-11ea-92f7-b88a60e194fb,crmid:4429982108,9,2
bb49c886-7a33-11ea-a363-b88a60e194fb,crmid:4429982108,6,3
bb4b2814-7a33-11ea-a006-b88a60e194fb,crmid:4429982108,5,2
bb4cd631-7a33-11ea-b7a3-b88a60e194fb,crmid:4429982108,5,7
bb519146-7a33-11ea-9249-b88a60e194fb,crmid:4429982108,2,9
bb5428cb-7a33-11ea-830e-b88a60e194fb,crmid:4429982108,6,3
bb5672ac-7a33-11ea-ae31-b88a60e194fb,crmid:4429982108,6,2
bb5895a8-7a33-11ea-b5d4-b88a60e194fb,crmid:4429982108,6,4
bb5a1c2d-7a33-11ea-8b91-b88a60e194fb,crmid:4429982108,6,3
bb5bc9cb-7a33-11ea-9242-b88a60e194fb,crmid:4429982108,8,7
bb5d9f37-7a33-11ea-a60a-b88a60e194fb,crmid:4429982108,4,2
bb5f9a55-7a33-11ea-ad00-b88a60e194fb,crmid:4429982108,2,8
bb619657-7a33-11ea-b5cd-b88a60e194fb,crmid:4429982108,4,6
bb636ae5-7a33-11ea-8849-b88a60e194fb,crmid:4429982108,2,7
bb658dcb-7a33-11ea-b6aa-b88a60e194fb,crmid:4429982108,2,6
bb67898b-7a33-11ea-b4ee-b88a60e194fb,crmid:4429982108,7,2
bb69373b-7a33-11ea-a2c2-b88a60e194fb,crmid:4429982108,2,4
bb6ae4e8-7a33-11ea-9d28-b88a60e194fb,crmid:4429982108,9,7
bb6c9295-7a33-11ea-97b7-b88a60e194fb,crmid:4429982108,1,3
bb6e4047-7a33-11ea-b92f-b88a60e194fb,crmid:4429982108,3,7
bb6fedf5-7a33-11ea-a3af-b88a60e194fb,crmid:4429982108,2,1
bb725ef5-7a33-11ea-b6cc-b88a60e194fb,crmid:4429982108,2,8
