id,crmid,propensity_account_upgrade,propensity_premium
3a359a7b-7f63-11ea-b8ac-b88a60e194fb,crmid:7606968507,7,9
3a36fa17-7f63-11ea-be64-b88a60e194fb,crmid:7606968507,9,6
3a394429-7f63-11ea-af79-b88a60e194fb,crmid:7606968507,4,7
3a3c045e-7f63-11ea-8dcc-b88a60e194fb,crmid:7606968507,2,8
3a3dd8e0-7f63-11ea-a83c-b88a60e194fb,crmid:7606968507,1,9
3a3f5e8b-7f63-11ea-a0e1-b88a60e194fb,crmid:7606968507,4,2
3a40be1b-7f63-11ea-b357-b88a60e194fb,crmid:7606968507,6,6
3a42ba04-7f63-11ea-be90-b88a60e194fb,crmid:7606968507,7,7
3a452ae5-7f63-11ea-94f2-b88a60e194fb,crmid:7606968507,3,6
3a47006c-7f63-11ea-bee5-b88a60e194fb,crmid:7606968507,2,3
3a48fb5d-7f63-11ea-8170-b88a60e194fb,crmid:7606968507,5,4
3a4b6d75-7f63-11ea-84dd-b88a60e194fb,crmid:7606968507,5,2
3a4d422a-7f63-11ea-8ec0-b88a60e194fb,crmid:7606968507,3,3
3a4f650d-7f63-11ea-aefd-b88a60e194fb,crmid:7606968507,7,9
3a5160d6-7f63-11ea-a43c-b88a60e194fb,crmid:7606968507,9,7
3a52c05b-7f63-11ea-b4ed-b88a60e194fb,crmid:7606968507,1,2
3a544707-7f63-11ea-9294-b88a60e194fb,crmid:7606968507,5,4
3a56911f-7f63-11ea-a8d4-b88a60e194fb,crmid:7606968507,2,3
3a58db47-7f63-11ea-bce2-b88a60e194fb,crmid:7606968507,5,8
3a5ab018-7f63-11ea-bd02-b88a60e194fb,crmid:7606968507,3,7
3a5c3695-7f63-11ea-b323-b88a60e194fb,crmid:7606968507,3,2
3a5dbd44-7f63-11ea-96b2-b88a60e194fb,crmid:7606968507,6,4
3a5f1cc7-7f63-11ea-a304-b88a60e194fb,crmid:7606968507,3,3
3a60f19b-7f63-11ea-9c9a-b88a60e194fb,crmid:7606968507,1,2
3a633b6f-7f63-11ea-9d82-b88a60e194fb,crmid:7606968507,9,2
3a650ecb-7f63-11ea-bf25-b88a60e194fb,crmid:7606968507,6,7
3a66e3bf-7f63-11ea-a952-b88a60e194fb,crmid:7606968507,2,9
3a68b87d-7f63-11ea-9ae5-b88a60e194fb,crmid:7606968507,8,5
3a6ab44b-7f63-11ea-b875-b88a60e194fb,crmid:7606968507,3,6
3a6c3aef-7f63-11ea-9db2-b88a60e194fb,crmid:7606968507,3,6
3a6e84d5-7f63-11ea-8e18-b88a60e194fb,crmid:7606968507,6,8
3a70599d-7f63-11ea-ae94-b88a60e194fb,crmid:7606968507,7,8
3a725569-7f63-11ea-97d0-b88a60e194fb,crmid:7606968507,9,7
3a73dc07-7f63-11ea-b7ad-b88a60e194fb,crmid:7606968507,6,5
3a7673ee-7f63-11ea-8e13-b88a60e194fb,crmid:7606968507,7,4
3a77d3a5-7f63-11ea-8ee0-b88a60e194fb,crmid:7606968507,6,2
3a79aa0a-7f63-11ea-98fc-b88a60e194fb,crmid:7606968507,7,7
3a7b2ecd-7f63-11ea-840f-b88a60e194fb,crmid:7606968507,8,6
3a7d0376-7f63-11ea-9beb-b88a60e194fb,crmid:7606968507,8,8
3a7ed83f-7f63-11ea-95bc-b88a60e194fb,crmid:7606968507,4,2
3a8037c1-7f63-11ea-8213-b88a60e194fb,crmid:7606968507,1,8
3a820c7e-7f63-11ea-876f-b88a60e194fb,crmid:7606968507,4,6
3a839321-7f63-11ea-a115-b88a60e194fb,crmid:7606968507,2,8
3a8540cf-7f63-11ea-9349-b88a60e194fb,crmid:7606968507,2,2
3a86ee7c-7f63-11ea-bad8-b88a60e194fb,crmid:7606968507,1,7
3a88ea51-7f63-11ea-8f84-b88a60e194fb,crmid:7606968507,5,8
3a8a70e9-7f63-11ea-85d9-b88a60e194fb,crmid:7606968507,3,7
3a8c45a8-7f63-11ea-9e8d-b88a60e194fb,crmid:7606968507,2,6
3a8e41e1-7f63-11ea-a341-b88a60e194fb,crmid:7606968507,1,5
3a8fef3a-7f63-11ea-902a-b88a60e194fb,crmid:7606968507,6,7
3a914ebf-7f63-11ea-aaee-b88a60e194fb,crmid:7606968507,4,7
3a92ae4a-7f63-11ea-8108-b88a60e194fb,crmid:7606968507,5,8
3a9434e2-7f63-11ea-87e8-b88a60e194fb,crmid:7606968507,6,7
3a9657d9-7f63-11ea-ab40-b88a60e194fb,crmid:7606968507,8,7
3a98539a-7f63-11ea-9316-b88a60e194fb,crmid:7606968507,7,7
3a9a0149-7f63-11ea-9a3d-b88a60e194fb,crmid:7606968507,1,7
3a9e6e1b-7f63-11ea-9353-b88a60e194fb,crmid:7606968507,5,4
3aa09129-7f63-11ea-8872-b88a60e194fb,crmid:7606968507,6,5
3aa3501d-7f63-11ea-9f9a-b88a60e194fb,crmid:7606968507,4,2
3aa4d6a9-7f63-11ea-b3fe-b88a60e194fb,crmid:7606968507,4,6
3aa68461-7f63-11ea-aa11-b88a60e194fb,crmid:7606968507,3,7
3aa8320d-7f63-11ea-881e-b88a60e194fb,crmid:7606968507,5,8
3aaa06c8-7f63-11ea-a9ce-b88a60e194fb,crmid:7606968507,7,4
3aabb47d-7f63-11ea-841f-b88a60e194fb,crmid:7606968507,1,7
3aadfe62-7f63-11ea-8e2a-b88a60e194fb,crmid:7606968507,4,2
3aafd31f-7f63-11ea-af29-b88a60e194fb,crmid:7606968507,3,7
3ab180d9-7f63-11ea-a79f-b88a60e194fb,crmid:7606968507,3,3
3ab3a3c6-7f63-11ea-a25d-b88a60e194fb,crmid:7606968507,6,5
3ab4dc49-7f63-11ea-87a8-b88a60e194fb,crmid:7606968507,3,2
3ab63d1b-7f63-11ea-9ffc-b88a60e194fb,crmid:7606968507,1,6
3ab7c3d6-7f63-11ea-b172-b88a60e194fb,crmid:7606968507,8,9
3ab9491d-7f63-11ea-8539-b88a60e194fb,crmid:7606968507,7,7
3abb1df9-7f63-11ea-bacd-b88a60e194fb,crmid:7606968507,4,1
3abea03a-7f63-11ea-bd29-b88a60e194fb,crmid:7606968507,9,7
3ac11138-7f63-11ea-a39c-b88a60e194fb,crmid:7606968507,6,9
3ac3a96b-7f63-11ea-9602-b88a60e194fb,crmid:7606968507,8,5
3ac61a3b-7f63-11ea-965e-b88a60e194fb,crmid:7606968507,2,7
3ac8d977-7f63-11ea-a3e6-b88a60e194fb,crmid:7606968507,9,8
3acad541-7f63-11ea-8956-b88a60e194fb,crmid:7606968507,5,7
3acc5bd6-7f63-11ea-bc11-b88a60e194fb,crmid:7606968507,3,1
3ace0999-7f63-11ea-a31c-b88a60e194fb,crmid:7606968507,4,5
3ad0c8a6-7f63-11ea-a419-b88a60e194fb,crmid:7606968507,7,9
3ad58399-7f63-11ea-912f-b88a60e194fb,crmid:7606968507,2,7
3ad7f498-7f63-11ea-b2ab-b88a60e194fb,crmid:7606968507,2,5
3ad9a241-7f63-11ea-bcac-b88a60e194fb,crmid:7606968507,4,2
3adb770e-7f63-11ea-994d-b88a60e194fb,crmid:7606968507,2,7
3add99e9-7f63-11ea-9ca5-b88a60e194fb,crmid:7606968507,9,7
3adf6f28-7f63-11ea-aa98-b88a60e194fb,crmid:7606968507,2,7
3ae1917a-7f63-11ea-8be7-b88a60e194fb,crmid:7606968507,5,7
3ae4c5d4-7f63-11ea-abfa-b88a60e194fb,crmid:7606968507,1,3
3ae7abf3-7f63-11ea-8c6d-b88a60e194fb,crmid:7606968507,2,4
3ae9cec8-7f63-11ea-baa8-b88a60e194fb,crmid:7606968507,5,7
3aec18c7-7f63-11ea-b5b3-b88a60e194fb,crmid:7606968507,1,8
3aee149d-7f63-11ea-a3bb-b88a60e194fb,crmid:7606968507,5,7
3af0105c-7f63-11ea-9b94-b88a60e194fb,crmid:7606968507,7,2
3af20c37-7f63-11ea-9c7b-b88a60e194fb,crmid:7606968507,6,7
3af392d5-7f63-11ea-8ef0-b88a60e194fb,crmid:7606968507,2,2
3af51964-7f63-11ea-9be6-b88a60e194fb,crmid:7606968507,6,1
3af7154a-7f63-11ea-8dbc-b88a60e194fb,crmid:7606968507,7,1
3af89be5-7f63-11ea-938a-b88a60e194fb,crmid:7606968507,3,1
3afa4980-7f63-11ea-9510-b88a60e194fb,crmid:7606968507,4,8
3afc4554-7f63-11ea-8de4-b88a60e194fb,crmid:7606968507,4,9
3afdcbf5-7f63-11ea-baf5-b88a60e194fb,crmid:7606968507,4,4
3aff529a-7f63-11ea-9ad0-b88a60e194fb,crmid:7606968507,6,4
3b00d930-7f63-11ea-945f-b88a60e194fb,crmid:7606968507,6,5
3b03231f-7f63-11ea-89f0-b88a60e194fb,crmid:7606968507,1,3
3b04d0c3-7f63-11ea-9889-b88a60e194fb,crmid:7606968507,1,4
3b06575d-7f63-11ea-95ea-b88a60e194fb,crmid:7606968507,6,5
3b07b6ff-7f63-11ea-ba90-b88a60e194fb,crmid:7606968507,2,1
3b09d9cd-7f63-11ea-b295-b88a60e194fb,crmid:7606968507,2,1
3b0bfcc7-7f63-11ea-a07e-b88a60e194fb,crmid:7606968507,7,2
3b0df894-7f63-11ea-847a-b88a60e194fb,crmid:7606968507,1,8
3b101b5d-7f63-11ea-9321-b88a60e194fb,crmid:7606968507,2,3
3b12655b-7f63-11ea-a9ba-b88a60e194fb,crmid:7606968507,3,4
3b14d6fb-7f63-11ea-912c-b88a60e194fb,crmid:7606968507,1,7
3b16d224-7f63-11ea-b47c-b88a60e194fb,crmid:7606968507,7,9
3b1858a9-7f63-11ea-9545-b88a60e194fb,crmid:7606968507,5,7
3b19df4b-7f63-11ea-9e52-b88a60e194fb,crmid:7606968507,8,8
3b1b6607-7f63-11ea-a998-b88a60e194fb,crmid:7606968507,4,6
3b1dd6ff-7f63-11ea-9438-b88a60e194fb,crmid:7606968507,5,8
3b1faba8-7f63-11ea-8a40-b88a60e194fb,crmid:7606968507,1,6
3b210b35-7f63-11ea-8d59-b88a60e194fb,crmid:7606968507,1,8
3b2291d4-7f63-11ea-aa00-b88a60e194fb,crmid:7606968507,1,3
3b241886-7f63-11ea-b94d-b88a60e194fb,crmid:7606968507,5,2
3b26145b-7f63-11ea-86f4-b88a60e194fb,crmid:7606968507,2,2
3b27e919-7f63-11ea-94f6-b88a60e194fb,crmid:7606968507,5,7
3b296fb2-7f63-11ea-96a0-b88a60e194fb,crmid:7606968507,4,3
3b2b1d53-7f63-11ea-a16b-b88a60e194fb,crmid:7606968507,4,8
3b2c2ec1-7f63-11ea-998b-b88a60e194fb,crmid:7606968507,1,3
3b2ddc84-7f63-11ea-b8f3-b88a60e194fb,crmid:7606968507,6,5
3b2fff52-7f63-11ea-9d85-b88a60e194fb,crmid:7606968507,1,7
3b3110c3-7f63-11ea-8ba3-b88a60e194fb,crmid:7606968507,5,7
3b32494c-7f63-11ea-abda-b88a60e194fb,crmid:7606968507,7,7
3b341dfc-7f63-11ea-b1e5-b88a60e194fb,crmid:7606968507,4,9
3b35567b-7f63-11ea-a5f1-b88a60e194fb,crmid:7606968507,7,4
3b36b609-7f63-11ea-8386-b88a60e194fb,crmid:7606968507,2,3
3b3815a7-7f63-11ea-9bc3-b88a60e194fb,crmid:7606968507,7,2
3b399c39-7f63-11ea-ad5e-b88a60e194fb,crmid:7606968507,7,1
3b3ad4b6-7f63-11ea-8470-b88a60e194fb,crmid:7606968507,5,2
3b3c5b58-7f63-11ea-8320-b88a60e194fb,crmid:7606968507,1,3
3b3de201-7f63-11ea-bc96-b88a60e194fb,crmid:7606968507,4,1
3b3f4189-7f63-11ea-9f6d-b88a60e194fb,crmid:7606968507,1,8
3b40c81e-7f63-11ea-a50a-b88a60e194fb,crmid:7606968507,7,4
3b4227b7-7f63-11ea-bcf8-b88a60e194fb,crmid:7606968507,4,8
3b43d55b-7f63-11ea-809e-b88a60e194fb,crmid:7606968507,1,7
3b450ddd-7f63-11ea-9693-b88a60e194fb,crmid:7606968507,1,7
3b469479-7f63-11ea-8d7a-b88a60e194fb,crmid:7606968507,8,8
3b481b1e-7f63-11ea-ba9f-b88a60e194fb,crmid:7606968507,5,1
3b4953c3-7f63-11ea-ab03-b88a60e194fb,crmid:7606968507,9,7
3b4ab328-7f63-11ea-aa92-b88a60e194fb,crmid:7606968507,8,3
3b4c60e9-7f63-11ea-bbea-b88a60e194fb,crmid:7606968507,4,5
3b4e5cb8-7f63-11ea-949e-b88a60e194fb,crmid:7606968507,3,6
3b505887-7f63-11ea-afea-b88a60e194fb,crmid:7606968507,2,6
3b522d58-7f63-11ea-b69c-b88a60e194fb,crmid:7606968507,3,8
3b53b41d-7f63-11ea-a513-b88a60e194fb,crmid:7606968507,2,4
3b5514ef-7f63-11ea-9534-b88a60e194fb,crmid:7606968507,2,8
3b567320-7f63-11ea-a2e7-b88a60e194fb,crmid:7606968507,4,5
3b57f995-7f63-11ea-9246-b88a60e194fb,crmid:7606968507,4,6
3b5981f4-7f63-11ea-8376-b88a60e194fb,crmid:7606968507,2,4
3b5ae13f-7f63-11ea-ba0f-b88a60e194fb,crmid:7606968507,1,2
3b5d02b1-7f63-11ea-b0ba-b88a60e194fb,crmid:7606968507,5,7
3b5f74c2-7f63-11ea-b9e1-b88a60e194fb,crmid:7606968507,7,3
3b60ad3b-7f63-11ea-b6d0-b88a60e194fb,crmid:7606968507,3,1
3b61bf0c-7f63-11ea-a89d-b88a60e194fb,crmid:7606968507,2,9
3b62cf42-7f63-11ea-904a-b88a60e194fb,crmid:7606968507,2,1
3b640969-7f63-11ea-9834-b88a60e194fb,crmid:7606968507,2,3
3b658f99-7f63-11ea-b0ca-b88a60e194fb,crmid:7606968507,8,3
3b6716af-7f63-11ea-9106-b88a60e194fb,crmid:7606968507,5,7
3b6910bd-7f63-11ea-b233-b88a60e194fb,crmid:7606968507,9,9
3b6b5abb-7f63-11ea-8f46-b88a60e194fb,crmid:7606968507,1,2
3b6cbb1f-7f63-11ea-a57c-b88a60e194fb,crmid:7606968507,5,3
3b6e1abb-7f63-11ea-a4b2-b88a60e194fb,crmid:7606968507,8,9
3b701689-7f63-11ea-bb41-b88a60e194fb,crmid:7606968507,5,3
3b719d13-7f63-11ea-866a-b88a60e194fb,crmid:7606968507,7,5
3b72fcb5-7f63-11ea-8672-b88a60e194fb,crmid:7606968507,7,4
3b740e7c-7f63-11ea-94fe-b88a60e194fb,crmid:7606968507,6,5
3b7546fa-7f63-11ea-98b2-b88a60e194fb,crmid:7606968507,7,7
3b771a5f-7f63-11ea-8036-b88a60e194fb,crmid:7606968507,7,2
3b78a26b-7f63-11ea-8bc6-b88a60e194fb,crmid:7606968507,3,8
3b7a28f8-7f63-11ea-91df-b88a60e194fb,crmid:7606968507,1,4
3b7bae5e-7f63-11ea-82c5-b88a60e194fb,crmid:7606968507,4,5
3b7ce7df-7f63-11ea-bca5-b88a60e194fb,crmid:7606968507,7,1
3b7e47a5-7f63-11ea-b6d6-b88a60e194fb,crmid:7606968507,4,7
3b81f049-7f63-11ea-95f4-b88a60e194fb,crmid:7606968507,9,6
3b8460c9-7f63-11ea-91da-b88a60e194fb,crmid:7606968507,1,2
3b859a90-7f63-11ea-83fb-b88a60e194fb,crmid:7606968507,9,2
3b86d3ef-7f63-11ea-9bfe-b88a60e194fb,crmid:7606968507,1,4
3b880b8b-7f63-11ea-b1ee-b88a60e194fb,crmid:7606968507,1,7
3b896b0d-7f63-11ea-9485-b88a60e194fb,crmid:7606968507,7,2
3b8a7c84-7f63-11ea-a155-b88a60e194fb,crmid:7606968507,2,7
3b8c0330-7f63-11ea-84e9-b88a60e194fb,crmid:7606968507,9,4
3b8d14b1-7f63-11ea-95fb-b88a60e194fb,crmid:7606968507,3,5
3b8ec288-7f63-11ea-9ea6-b88a60e194fb,crmid:7606968507,3,7
3b90968e-7f63-11ea-8bc3-b88a60e194fb,crmid:7606968507,9,4
3b921dcb-7f63-11ea-b5fe-b88a60e194fb,crmid:7606968507,2,9
3b9355dd-7f63-11ea-974e-b88a60e194fb,crmid:7606968507,5,9
3b948d59-7f63-11ea-944f-b88a60e194fb,crmid:7606968507,9,6
3b95ece0-7f63-11ea-97b4-b88a60e194fb,crmid:7606968507,3,6
3b9725e6-7f63-11ea-9a89-b88a60e194fb,crmid:7606968507,4,2
3b98d475-7f63-11ea-9061-b88a60e194fb,crmid:7606968507,5,4
