crmid,city,country,zip,state,street address
crmid:9912869455,New Orleans,United States,16934,Iowa,1023 Brunswick
crmid:7015381083,El Paso,United States,63724,Michigan,794 Clement
crmid:2790240265,Chula Vista,United States,19868,Connecticut,136 John Maher
crmid:6803539657,Boston,United States,39546,Wisconsin,1286 Juan Bautista
crmid:8649904312,New Smyrna Beach,United States,03787,Indiana,880 Dudley
crmid:5049715224,Royal Palm Beach,United States,84629,Arizona,1371 Mistral
crmid:7203305231,Idaho Falls,United States,79297,Virginia,1373 Black
crmid:8321131628,Santa Monica,United States,02883,Illinois,1243 Saratoga
crmid:8560228339,Brook Park,United States,58696,Iowa,136 Brewster
crmid:3237610237,Rexburg,United States,39192,New Hampshire,705 C
crmid:6634458694,Southfield,United States,34866,Delaware,915 Dore
crmid:2307136891,Midland,United States,77503,Arkansas,1137 Melrose
crmid:4103399418,Avondale,United States,53522,Minnesota,269 Kendall
crmid:3271035939,Nixa,United States,34022,Ohio,87 Escondido
crmid:8449958546,Mamaroneck,United States,28037,Louisiana,1143 Quarry
crmid:9087583894,West Linn,United States,03663,Oklahoma,189 Athens
crmid:8158191478,Maple Grove,United States,92466,Rhode Island,662 John F Shelley
crmid:8874053854,Frankfort,United States,13093,Missouri,977 Hickory
crmid:6828959965,Copperas Cove,United States,31661,Washington,261 United Nations
crmid:4461687394,Holly Springs,United States,14203,Wyoming,237 Edgardo
crmid:1208501733,Diamond Bar,United States,29297,California,960 Wanda
crmid:9446157531,Anderson,United States,72513,Rhode Island,629 Collingwood
crmid:5916007238,Staunton,United States,44859,Mississippi,139 Owen
crmid:7786072246,Bloomingdale,United States,22283,Massachusetts,567 Bacon
crmid:9471421402,National City,United States,32835,Connecticut,294 Wabash
