crmid,email,first_name,last_name,gender,mobile telephone,city,country,zip,state,street address,birthday
crmid:9230535363,arienzo1945@yandex.com,Cristobal,Forbes,male,679-987-3545,Buckeye,United States,16863,Wisconsin,546 Exposition,1942-02-10
crmid:5231625098,streptothrix1986@yahoo.com,Florrie,Fuller,female,905-493-7160,Charleston,United States,13390,North Carolina,981 Mary,1946-03-10
crmid:9113097325,exponent1907@yandex.com,Ricky,Shelton,male,119-865-1126,Burnsville,United States,42950,Florida,402 Reposa,1943-08-27
crmid:3823855413,pilgrim1976@gmail.com,Margorie,Good,female,987-738-6458,Oviedo,United States,93883,Arizona,724 Julia,1951-06-11
crmid:3529798263,punproof2040@live.com,Hye,Scott,female,069-207-4775,Plantation,United States,18476,Connecticut,1084 Dormitory,1953-04-26
crmid:8039953740,curvilinear1966@yahoo.com,Chung,Grimes,,385-865-0850,Salem,United States,34203,Massachusetts,717 San Diego,1975-08-24
crmid:6110229773,balcony1831@yahoo.com,Bobbie,Hernandez,male,538-190-4123,Carlsbad,United States,54305,Mississippi,833 Comerford,1944-10-02
crmid:7162210754,palindrome2049@yandex.com,Kendall,Rivers,male,465-809-4909,Rahway,United States,66314,New Hampshire,1108 Karen,1930-06-25
crmid:8002110731,claustrum1994@yahoo.com,Nieves,Huffman,female,943-552-1084,Columbus,United States,74250,Utah,1282 Pino,1949-12-13
crmid:7831494579,binits1991@gmail.com,Colby,Robinson,male,606-185-0194,Boca Raton,United States,97696,Nebraska,736 Card,1940-02-25
crmid:5616060544,bedlamite1923@yandex.com,Rupert,Nash,,316-854-6894,Sparks,United States,44861,Kansas,1255 Morris,1981-08-17
crmid:6343731668,aborter2065@gmail.com,Zane,Moreno,,986-245-3777,Garden City,United States,88925,Virginia,314 Christopher,1965-06-28
crmid:3658628515,therapy2047@live.com,Errol,Montoya,male,951-512-5943,Bartlett,United States,19575,Kansas,949 Del Vale,1936-04-20
crmid:4616573663,gibbon1823@outlook.com,Irvin,Mosley,,191-461-1216,Mount Prospect,United States,83777,Louisiana,96 Drummond,1993-12-11
crmid:9029874708,nonexpeditiousness1971@gmail.com,Christoper,Guerrero,,217-472-5388,Glen Ellyn,United States,35003,Maine,212 Cosmo,1966-06-27
crmid:2289836984,uninfluencing2036@live.com,Morris,Castaneda,male,363-157-1877,Windsor,United States,01364,Texas,1128 Mclaren,1939-07-05
crmid:4540173071,dirtbird1961@live.com,Deetta,Herman,female,416-885-1002,Dover,United States,14650,Utah,669 Pulaski,1955-02-13
crmid:3488176043,ceriel2026@yahoo.com,Ebonie,Scott,female,171-575-5093,Denver,United States,71736,Massachusetts,1204 Eldridge,1954-11-05
crmid:6601076340,rhiptoglossa1857@live.com,Blair,Heath,,835-072-1805,Hudson,United States,58949,Arkansas,840 Palace Of Fine Arts,1973-09-14
crmid:9941049149,eyeball2067@yahoo.com,Christopher,Pearson,,200-011-9148,Rock Springs,United States,70762,Texas,425 Treat,1987-01-17
crmid:8299072033,desires1844@yahoo.com,Duane,Walls,,836-896-8359,Statesville,United States,35553,Tennessee,525 Edgehill,1978-10-18
crmid:2527476699,nonrefutation1999@live.com,Rigoberto,Mack,,435-275-3761,Ottawa,United States,93044,Wisconsin,57 Osage,1972-01-03
crmid:7986492896,ribbon1919@yahoo.com,Brady,Walls,,495-929-3555,St. Clair Shores,United States,49888,Florida,559 Bonview,1989-11-26
crmid:3638210183,phies1862@yahoo.com,Leif,Howell,male,169-151-4534,Battle Creek,United States,33577,Kansas,219 Crown,1936-06-15
crmid:9541508001,orbitar1929@outlook.com,Wallace,Green,male,645-201-2580,Bethlehem,United States,65627,Kentucky,1138 San Antonio,1938-11-27
crmid:1775467948,synascidian1957@gmail.com,Rufus,Wagner,,767-692-7428,Wisconsin Rapids,United States,48909,Arizona,630 Varney,1989-02-10
crmid:7729554574,agnatha1969@yandex.com,Salvatore,Alford,,902-242-5635,Lehi,United States,56025,Iowa,677 Grove,1982-09-28
crmid:2856221196,baktun1888@gmail.com,Grady,Gregory,,523-458-5399,Hialeah Gardens,United States,63201,Ohio,466 Webb,1971-11-10
crmid:1659048263,bilayer1905@live.com,Junie,Holmes,female,261-148-7744,Commerce City,United States,27950,New York,363 Leona,1949-04-14
crmid:9936374314,alvine1956@gmail.com,Ressie,Carpenter,female,763-398-9132,Wildwood,United States,95840,Connecticut,1387 Linda,1954-07-05
crmid:6772020776,vineal2070@live.com,Dulcie,Sweeney,female,417-986-9562,Eagle,United States,98354,Illinois,757 Homer,1956-03-28
crmid:5608437225,disobligatory1904@yahoo.com,Mitchel,Malone,male,653-067-0140,Sunnyvale,United States,05617,Arizona,53 Lily,1930-07-18
crmid:3082979419,sassiest1865@live.com,Malik,Mitchell,,254-601-2092,Newnan,United States,81386,New York,1195 Clyde,1997-08-06
crmid:7451171091,anatolic2024@yandex.com,Camellia,Prince,female,053-154-8796,Plantation,United States,77724,Arizona,1120 Juniper,1955-12-02
crmid:2022648671,beaver2036@live.com,Karole,Sims,female,917-342-3568,Creve Coeur,United States,28484,Delaware,661 Clearfield,1951-05-27
crmid:1179801810,middlesplitter2065@yahoo.com,Ira,Riddle,,137-905-0861,Hayward,United States,96062,Maine,1064 Pinar,1970-11-08
crmid:6890047322,addis2049@live.com,Gavin,Mccray,male,108-278-1812,Bolingbrook,United States,65944,Colorado,173 Collingwood,1940-11-08
crmid:1466780822,henna1879@yahoo.com,Kena,Briggs,female,961-132-2372,Douglasville,United States,70319,Tennessee,360 Elmira,1955-12-09
crmid:5385285942,electrostatic2019@live.com,Lance,Whitley,,805-170-3483,Huntersville,United States,92769,New Hampshire,877 Emerson,1973-03-08
crmid:5746310195,havens2040@outlook.com,Samual,Contreras,,796-234-6004,Malden,United States,02564,New Mexico,975 Hahn,1985-02-26
crmid:2076198543,dartman1907@yahoo.com,Mario,Tucker,,814-911-7419,Mooresville,United States,84866,Kentucky,430 Harrison,1993-08-06
crmid:2065382088,virgal2056@outlook.com,Cristopher,Witt,,088-603-3782,South Holland,United States,82839,Mississippi,124 Stoneybrook,1997-05-04
crmid:1872373960,pangamous2016@gmail.com,Juliane,Frank,female,867-990-8809,Erlanger,United States,96821,North Dakota,242 Quartz,1960-10-21
crmid:8671242743,qqv1872@live.com,Milton,Huffman,,241-612-3050,Logan,United States,48141,Illinois,597 Jules,1983-08-29
crmid:8371521263,plexuses1895@outlook.com,Norman,Kelley,male,333-600-5493,Thousand Oaks,United States,84568,Virginia,989 Fillmore,1931-07-16
crmid:6208048463,ditone1988@outlook.com,Jeramy,Hooper,,250-020-8408,Park Forest,United States,46962,Oklahoma,755 Truby,1993-08-21
crmid:1039735617,unprematureness1914@yahoo.com,Ligia,Webster,female,810-109-9385,Elmwood Park,United States,79728,Illinois,370 Angelos,1959-05-30
crmid:1461768684,disjointedness1966@yahoo.com,Alexander,Finch,,580-870-9377,Keller,United States,58003,Massachusetts,112 Nob Hill,1977-10-09
crmid:3017040917,chaka1911@gmail.com,Alejandro,Craig,male,155-742-3722,Tupelo,United States,80208,Indiana,373 Coso,1995-02-01
crmid:2938997440,equiped1939@gmail.com,William,Hoover,,849-834-2249,Indian Trail,United States,79259,Alaska,1208 Liggett,1974-12-19
crmid:7207654249,propriety1918@yandex.com,Sherlene,Christensen,female,425-544-3996,Rutherford,United States,21294,Indiana,1175 Broderick,1957-08-06
crmid:4283918171,blacky1885@yandex.com,Cletus,Morton,,947-773-0286,Peabody,United States,39767,Alabama,891 Cortes,1973-01-30
crmid:1630626758,squirting1919@yandex.com,Trudie,Pena,female,169-661-2195,Douglas,United States,56225,Arizona,772 Gay,1955-10-17
crmid:3465012929,soundless2035@yandex.com,Micheal,Case,,931-227-1170,Massillon,United States,60696,Washington,808 Florentine,1988-11-24
crmid:2095049590,calepin1810@yahoo.com,Erick,Lester,,086-438-1336,Lakeville,United States,06952,Oklahoma,889 Candlewood,1980-02-01
crmid:2354122219,detours1886@yahoo.com,Elwood,Meadows,male,191-697-2458,Burnsville,United States,12158,Delaware,519 Emerald Cove,1943-03-20
crmid:1098268027,orthodox1981@yahoo.com,Sang,Armstrong,male,684-925-7739,Vancouver,United States,98063,South Dakota,276 Martha,1942-09-01
crmid:1336605668,chaperno1819@live.com,Nevada,Emerson,female,617-070-6495,Rockford,United States,53450,Rhode Island,389 Juniper,1959-07-09
crmid:2373296410,apoda2049@outlook.com,Riley,Blackburn,,575-051-9390,Homewood,United States,12456,Oregon,1022 Charles J Brenham,1973-02-18
crmid:2135076565,unknots1977@outlook.com,Rachele,Price,female,911-753-8370,Turlock,United States,89453,Michigan,437 Fernandez,1951-07-24
crmid:8758952533,represented2045@outlook.com,Earl,Simpson,,587-836-3915,Goldsboro,United States,41877,Montana,57 Hagiwara Tea Garden,1967-08-09
crmid:7307130568,bactrian1958@gmail.com,Kraig,Waters,,933-466-8459,West Covina,United States,72499,New Mexico,296 Loomis,1971-04-18
crmid:4758899083,secretive1811@yahoo.com,Ernesto,Nixon,male,496-633-3247,St. Paul,United States,09304,Texas,756 Olney,1938-04-21
crmid:7863658877,prefacers1945@yandex.com,Sherrell,Blanchard,female,345-851-0394,Desert Hot Springs,United States,94123,New Jersey,1039 Butte,1954-08-03
crmid:2922993966,batteries1983@live.com,Erich,Parker,,830-338-1500,Rosemount,United States,85118,Illinois,1325 Sabin,1971-10-24
crmid:8362077334,danny1855@gmail.com,Jerrold,Gentry,,867-613-2381,Kankakee,United States,08207,Arizona,1175 Lilac,1976-02-15
crmid:5427756360,illuminati2028@live.com,Lashandra,Pollard,female,781-677-8681,Pearland,United States,29796,Oregon,400 Liebig,1961-12-30
crmid:4132358050,proletarianised1871@gmail.com,Michale,Reed,,467-983-0862,Westlake,United States,23404,Wyoming,1337 Dedman,1966-03-11
crmid:9788533756,magnetooptical2041@gmail.com,Chi,Moore,female,878-124-8201,West Fargo,United States,91619,Vermont,188 Faxon,1946-02-20
crmid:2454819640,dreyfuss2043@yandex.com,Casey,Cox,male,739-931-1091,SeaTac,United States,97256,Ohio,1332 Milan,1932-02-07
crmid:4280446399,mornings1895@yandex.com,Miles,Compton,male,963-138-4247,Soledad,United States,01719,Tennessee,238 Oceanview,1930-07-07
crmid:7084082075,hyracina1830@gmail.com,Mikki,Higgins,female,091-176-1525,Englewood,United States,64068,Alaska,1161 Crisp,1959-10-12
crmid:4016377352,concussion1917@yandex.com,Vern,Osborne,,506-719-3395,South St. Paul,United States,31169,Georgia,140 Hangah,1976-03-16
crmid:2498179446,bryanism1804@yahoo.com,Wilfredo,Doyle,,267-617-9761,Mercer Island,United States,94675,Maryland,18 Conkling,1989-07-23
crmid:4376975514,aeonian2009@yandex.com,Terry,Kelly,,749-720-4838,Santa Cruz,United States,74051,Washington,110 Phoenix,1965-08-09
crmid:4573363298,segueing2047@gmail.com,Robby,Simpson,,673-073-6111,Prattville,United States,32488,New Mexico,1283 Clarendon,1975-02-08
crmid:2332301202,acrook1802@outlook.com,Mose,Williams,,156-636-5800,Park Forest,United States,82395,Colorado,531 Aladdin,1980-04-11
crmid:5423046625,sistering1839@live.com,Levi,Perry,male,511-216-5624,Sammamish,United States,58340,North Dakota,296 Blanken,1995-01-12
crmid:3700880735,chameleon2028@live.com,Shonna,Hammond,female,660-937-0298,Omaha,United States,14784,Utah,412 Roscoe,1948-08-12
crmid:8090577104,butterfly1915@yahoo.com,Sean,Coleman,male,856-119-3880,Natchitoches,United States,87591,Montana,931 Stoneyford,1995-12-01
crmid:8649926063,flycatcher1932@yahoo.com,Berna,Mack,female,057-960-6753,Culver City,United States,09422,Vermont,94 Vicksburg,1952-01-18
crmid:4978612896,discriminant1974@outlook.com,Rico,Mcfarland,male,396-465-4351,Ankeny,United States,96588,Minnesota,419 Meade,1932-11-16
crmid:7125668674,aboard1968@outlook.com,Marquis,Gallegos,male,423-020-1328,Mount Vernon,United States,83353,New Hampshire,1101 Jose Sarria,1994-02-13
crmid:7970382163,raphia1969@gmail.com,Colby,Black,male,285-222-5880,Anderson,United States,70732,Pennsylvania,443 Elwood,1932-12-04
crmid:4454019222,contradiction1893@yandex.com,Seymour,Irwin,male,381-578-3174,Caldwell,United States,86491,Mississippi,214 Fredson,1943-10-17
crmid:9635264300,abnegative2050@yandex.com,Nicolas,Burks,,892-479-3933,Marquette,United States,01641,New York,559 Gladiolus,1987-01-25
crmid:6684073357,madras2067@yandex.com,Eldridge,Dunlap,,240-768-8689,Grand Forks,United States,97427,Missouri,94 Jules,1967-05-24
crmid:6183073433,intersoil2064@live.com,Nathanial,Holt,,110-234-0015,Napa,United States,68872,Nevada,638 Reno,1995-12-16
crmid:3750610250,estevam1889@yandex.com,Mee,Webb,female,878-785-6338,Denison,United States,32510,New Mexico,1071 Yale,1954-06-30
crmid:8762672663,unwistful1848@live.com,Lynn,Barnes,,965-681-1893,Tualatin,United States,42534,Connecticut,783 Vista View,1984-05-09
crmid:6251605121,frazzled1861@yandex.com,Frederick,Keller,,295-678-6002,Hialeah,United States,04229,Tennessee,944 Gateview 2,1971-01-02
crmid:4527206771,gambet1883@gmail.com,Ron,Bray,male,045-715-5308,Baton Rouge,United States,90710,Nebraska,1069 Oakhurst,1936-08-04
crmid:4258918351,trigs2034@outlook.com,Timmy,Pollard,,070-206-4177,Port Huron,United States,32172,New Jersey,657 Brown,1975-10-09
crmid:3859384916,anisotropic1829@yahoo.com,Winter,Olsen,female,425-854-9835,Durant,United States,53042,North Dakota,1133 Ervine,1956-09-22
crmid:6830937941,splendent1976@yandex.com,Toby,Berry,male,945-765-7285,Brook Park,United States,89239,New Jersey,1344 Wattson,1941-09-03
crmid:8387091488,longshoremen1803@outlook.com,Emanuel,Wolf,male,342-199-9607,Addison,United States,17654,New Mexico,725 Navajo,1930-03-31
crmid:7660851156,navite1839@outlook.com,Marquis,Martinez,male,483-312-7701,Baldwin Park,United States,36048,Minnesota,711 Farallones,1935-07-18
crmid:1208587145,borneo1841@yandex.com,Marcelino,Wall,male,376-745-8086,Waxahachie,United States,07971,South Carolina,1335 Wills,1932-11-26
crmid:1686709094,juliennes1856@live.com,Von,Sharpe,,779-760-3364,Tampa,United States,47284,Delaware,813 Howth,1982-02-24
crmid:6453682454,curlew2062@live.com,Classie,Daniel,female,772-652-3147,Darien,United States,82783,North Carolina,354 Lulu,1953-02-07
crmid:3230269953,counts1987@gmail.com,Omar,Bolton,,933-342-5957,Sherman,United States,86374,Delaware,750 Oshaughnessy,1975-11-08
crmid:1462959055,normality1832@live.com,Fletcher,Kline,male,912-829-0557,Pleasanton,United States,08240,Nevada,401 Globe,1934-04-16
crmid:7088689492,rewards1967@live.com,Fredric,Joyce,,143-707-0221,Laurel,United States,05478,Georgia,931 Falmouth,1981-01-10
crmid:9467558495,quietens2000@yandex.com,Bruno,Suarez,,706-029-3730,Johnson City,United States,06813,Indiana,52 Battery East,1975-01-15
crmid:1849106448,friseur1968@yandex.com,Angila,Decker,female,334-240-6404,Eastlake,United States,01333,Nebraska,515 Lettuce,1957-01-08
crmid:5031680315,panther2043@live.com,Ngan,Nielsen,female,302-216-9028,Encinitas,United States,55644,Maryland,426 Castillo,1959-09-21
crmid:9920053123,clavodeltoid1827@gmail.com,Lorrine,Mckinney,female,444-438-5853,Norman,United States,83069,New York,372 San Miguel,1998-03-11
crmid:9705017593,suffixal1956@gmail.com,Ron,Barber,,256-498-5668,Rohnert Park,United States,23601,Iowa,568 Germania,1963-01-11
crmid:4860561941,chloropalladic1877@outlook.com,Wilfredo,O'neill,,056-360-0810,Riverbank,United States,47737,Kentucky,309 English,1991-10-26
crmid:9664071685,egret1845@gmail.com,Long,Rose,,804-792-6564,Fountain Valley,United States,28070,Tennessee,413 Castenada,1963-05-29
crmid:1817737217,axolotl2055@yahoo.com,Aurelio,Herring,,046-996-1418,Machesney Park,United States,87820,Michigan,1022 Hermann,1985-12-29
crmid:3095745032,unhinderingly1963@live.com,Amos,Beach,male,264-670-0013,Apache Junction,United States,60426,Pennsylvania,955 Boynton,1933-10-23
crmid:8182791230,demir1951@gmail.com,Jamika,Wilkinson,female,682-690-7258,El Paso,United States,20268,Iowa,51 Liberty,1958-04-03
crmid:4212478914,bosset1934@live.com,Corey,Kirby,,942-503-5985,Newport Beach,United States,77294,Maine,982 Italy,1997-12-14
crmid:6377796135,drane1802@live.com,Jacob,Greene,,872-506-7777,Ypsilanti,United States,39138,Idaho,91 Albatross,1969-01-30
crmid:9305074702,heartbird1825@yahoo.com,Amiee,Mejia,female,334-587-3763,Sugar Hill,United States,20860,Mississippi,288 Maynard,1960-01-20
crmid:7409334624,slithery2043@gmail.com,Andrea,Chang,male,315-765-2288,Schaumburg,United States,01412,Minnesota,951 Utah,1938-01-06
crmid:7513261960,zimbi1894@live.com,Hong,Lucas,male,152-439-1416,Alabaster,United States,29749,Idaho,385 Ccsf Parking Lot,1930-05-18
crmid:7340376561,biker2012@yandex.com,Rocco,Velasquez,male,715-512-2855,Norman,United States,06690,South Dakota,1103 Congo,1998-01-20
crmid:1738104044,merry2011@gmail.com,Austin,George,,392-926-5990,Minneapolis,United States,09330,Alaska,1248 Plymouth,1991-01-18
crmid:6150894529,discount2023@yahoo.com,Dinorah,Michael,female,861-876-9661,Paterson,United States,16235,Connecticut,821 Crestwell,1952-03-20
crmid:5822472888,syzygetic1807@outlook.com,Nathaniel,Hanson,male,482-336-8434,Bensenville,United States,43194,Kentucky,352 Leroy,1938-07-13
crmid:7039791864,motorman1804@yahoo.com,Earl,Carlson,male,422-997-6106,Yucca Valley,United States,11701,Minnesota,116 Lapu-Lapu,1943-03-05
crmid:6320402055,blueberries2002@live.com,Kayce,Mckenzie,female,798-136-4210,El Paso,United States,67516,Vermont,240 Richardson,1958-11-30
crmid:6140825416,withery1936@gmail.com,Terence,Vance,,417-074-2061,Hallandale Beach,United States,83750,Idaho,989 Jason,1969-01-13
crmid:3804615033,placekick1938@live.com,Franchesca,Guy,female,063-523-4357,Sulphur,United States,21694,Iowa,210 John,1960-03-12
crmid:6709397131,topos1953@yahoo.com,Ramiro,Crawford,,379-061-0470,New Haven,United States,74872,Tennessee,1204 Windsor Mill,1996-12-28
crmid:3101296552,hellion2034@yahoo.com,Betsey,Snyder,female,785-564-6985,Chino,United States,88907,New Jersey,1058 West Portal,1947-01-27
crmid:4691401681,tritoma1858@live.com,Maryland,Cooley,female,235-817-0976,Doral,United States,63721,Indiana,88 Onique,1955-11-12
crmid:9000171145,tibouchina1997@yandex.com,Karey,Monroe,female,401-827-3556,St. Joseph,United States,75227,New York,1082 Riverton,1998-09-08
crmid:5351724739,donica1889@yahoo.com,Violette,Whitney,female,542-254-3319,Deerfield Beach,United States,57215,Nebraska,486 Marshall,1954-09-23
crmid:9219719952,poodle2003@gmail.com,Philip,Peters,,620-764-4421,Lake Zurich,United States,45703,Utah,370 Hamlin,1980-08-08
crmid:1775467948,polypage1878@yahoo.com,Ike,Sellers,male,023-227-0264,Sandy,United States,02361,Colorado,573 Fresnel,1935-11-09
crmid:5160698987,combo1835@gmail.com,Phylicia,Giles,female,515-730-0175,Detroit,United States,40051,Ohio,202 Capitol,1954-07-11
crmid:8013553920,thumps2013@live.com,Rex,Best,,347-033-3694,Great Falls,United States,56384,Nevada,87 Potrero,1968-10-22
crmid:3528271780,dacian1835@gmail.com,Pia,Trujillo,female,785-674-0560,Salem,United States,19897,West Virginia,1201 Progress,1951-07-29
crmid:3950888963,scurry1957@yahoo.com,Tona,Abbott,female,759-132-5798,South Euclid,United States,65058,Alaska,1217 Modoc,1954-09-17
crmid:2772445368,berlitz1919@gmail.com,Derek,Nelson,,280-139-2490,Rutherford,United States,83176,Illinois,483 Harris,1992-06-28
crmid:5690533405,allstate1927@outlook.com,Loyd,Trujillo,male,870-781-3689,Ardmore,United States,39854,Arizona,1071 Candlestick Cove,1933-06-29
crmid:3298762280,balboa1814@live.com,Elvina,Thompson,female,764-049-2071,Oviedo,United States,61840,Oklahoma,1349 Oak,1953-03-29
crmid:4885159199,apurba1943@outlook.com,Trey,Hughes,,719-052-5553,Helena,United States,47446,Louisiana,446 Bannock,1970-08-07
crmid:7697524459,geometry1913@gmail.com,Werner,Lancaster,,918-408-2741,Kearney,United States,97750,New Jersey,1337 Granville,1976-06-24
crmid:9516426756,capelet1930@outlook.com,Bethel,Kaufman,female,244-095-3813,Cypress,United States,05224,Nevada,836 Butte,1952-01-16
crmid:8493906689,beaverish1949@gmail.com,Lon,Doyle,,645-054-3391,Rockwall,United States,41430,Maine,1261 Lyndhurst,1988-03-13
crmid:2098323937,dacian1996@outlook.com,Malorie,Stevens,female,356-319-7547,Denver,United States,36536,Massachusetts,681 Delano,1954-06-28
crmid:6401311014,blinkered1829@yandex.com,James,Vega,male,207-040-9860,Balch Springs,United States,29102,Alaska,638 Acorn,1935-05-29
crmid:9711377438,unmanageably1885@live.com,Raphael,Foster,male,732-128-9994,Ramsey,United States,02741,West Virginia,604 Loraine,1937-08-10
crmid:7607115807,peroxid2026@gmail.com,Carlo,Bush,,488-867-9460,Frederick,United States,82301,New Hampshire,164 Second,1964-10-09
crmid:8235894055,award1815@yandex.com,Wendell,Roth,male,376-220-9593,West Sacramento,United States,59875,Alaska,618 Margaret,1944-10-25
crmid:5639659036,noncompetitively1805@live.com,Rochell,Conner,female,762-826-6958,Derby,United States,71309,Kansas,1275 Sweeny,1954-07-07
crmid:5356134627,snakemouths1866@outlook.com,Willis,Gillespie,male,630-350-1153,Bell,United States,56351,Vermont,109 Natick,1937-10-11
crmid:6334284144,brooklyn2024@live.com,Barrett,Caldwell,male,768-908-5010,Ramsey,United States,65018,West Virginia,1287 Riley,1931-01-05
crmid:7572995188,hamster1943@outlook.com,Mozella,Downs,female,496-885-7517,Council Bluffs,United States,83518,Nebraska,1305 Oak Hills,1951-12-13
crmid:5427508268,osmundaceae1977@yahoo.com,Lyndon,Delgado,,950-216-5565,South Salt Lake,United States,99633,Minnesota,1144 Middle Point,1994-06-23
crmid:3405024053,poetess1804@outlook.com,Robt,Holden,,050-987-7783,Moore,United States,08459,Alabama,10 Livingston,1992-01-06
crmid:6653996066,nondenotative1894@live.com,Nolan,Joyce,,810-135-7637,Homewood,United States,97447,Kansas,1110 Felix,1973-07-24
crmid:4784294505,apama2070@outlook.com,Bryce,Lee,male,745-265-1880,Adrian,United States,05854,Florida,1042 Portal,1930-02-17
crmid:3383825148,mouse1832@yandex.com,Rueben,Reed,,314-048-1054,Harrison,United States,10414,Utah,855 Bradford,1970-03-26
crmid:4169572143,tegment1853@outlook.com,Monty,Thornton,,368-061-1949,Papillion,United States,35688,Colorado,213 Whiting,1969-04-17
crmid:4776438951,horometry1896@yandex.com,Rayford,Emerson,male,013-313-1016,Boynton Beach,United States,62210,Illinois,1063 Otter Cove,1940-12-15
crmid:2221123651,evoked1944@yahoo.com,Mervin,Macdonald,,909-989-8106,Las Vegas,United States,08092,Maine,114 Shipley,1981-01-27
crmid:3893357266,vibrational1855@yahoo.com,Efren,Roman,,598-410-1693,Manhattan,United States,07777,Maryland,1151 Clyde,1986-01-12
crmid:8818974606,unattractive2005@yandex.com,Jerry,Potter,male,843-350-2685,Ansonia,United States,67724,Kentucky,100 Ross,1933-11-10
crmid:4955393467,overdiscount1962@live.com,Levi,Wallace,,648-603-2978,Laredo,United States,81659,Ohio,791 Lyndhurst,1980-10-06
crmid:3440760862,fanes2049@yandex.com,Dawne,Rosales,female,579-235-8471,Chillicothe,United States,12899,Pennsylvania,964 Habitat,1947-02-25
crmid:1662792603,renograms1914@yahoo.com,Sherman,Curry,,809-362-4027,Margate,United States,08268,Hawaii,82 Encline,1986-01-17
crmid:2912550772,perturbation1875@live.com,Garfield,Moreno,,156-513-2165,Huntington Park,United States,68064,Georgia,246 Clay,1974-11-05
crmid:2971149719,consolato1868@yahoo.com,Franklyn,Vaughan,,709-620-6737,Springboro,United States,85546,Vermont,1363 Glendale,1997-09-11
crmid:9594311843,buckeye1891@live.com,Tabetha,Cook,female,022-217-8687,Clarksdale,United States,74477,Kentucky,497 Fell,1948-08-07
crmid:1636590892,horrifiedly1942@live.com,Milford,Washington,male,489-580-4643,Cedar Hill,United States,44530,Tennessee,594 Hidalgo,1945-07-30
crmid:9137410979,demur2058@gmail.com,Adam,Burt,male,465-202-6917,Upland,United States,00076,New Mexico,1350 Ridge,1938-11-01
crmid:1042409150,labrus1833@yahoo.com,An,Salinas,female,326-806-4370,Opelousas,United States,17303,Indiana,184 Birmingham,1952-01-26
crmid:5788808422,bursate2059@yandex.com,Jamey,Rivera,,547-347-4774,Lemoore,United States,65970,Delaware,29 Whiting,1982-11-16
crmid:1493380026,intraoral2027@yahoo.com,Boyce,Orr,male,875-238-8912,Owasso,United States,86034,Minnesota,1198 Torrens,1934-10-26
crmid:6799496345,cuirassed1872@outlook.com,Winfred,Hunt,,537-771-8604,Keene,United States,22598,Kentucky,671 Dellbrook,1976-04-03
crmid:6524514630,equiped1969@yahoo.com,Wade,Elliott,,558-058-7756,Kearney,United States,19753,Michigan,1071 Alta,1976-03-10
crmid:2967352276,precast1996@outlook.com,Allen,Hampton,male,860-187-4131,Prior Lake,United States,85835,Wisconsin,752 Old Chinatown,1943-01-12
crmid:3676017055,prolongating1879@yandex.com,Dong,Stein,,356-172-4720,Matteson,United States,51418,Washington,100 Gough,1988-09-10
crmid:7798765628,slewer1863@gmail.com,Dan,Phillips,,280-900-1377,Montrose,United States,29107,West Virginia,479 Hamilton,1992-04-10
crmid:6726595531,mistermed1926@gmail.com,Katelin,Merrill,female,882-200-1454,Cliffside Park,United States,96705,Indiana,432 Fratessa,1948-05-20
crmid:3581649635,leopard2039@gmail.com,Elijah,Hogan,,327-010-2384,Forest Park,United States,10847,California,850 Santa Ynez,1962-03-20
crmid:6247563709,scimitar1819@live.com,Allen,French,,117-741-8123,Pasco,United States,96083,Iowa,190 Bartol,1976-12-01
crmid:1420508247,depicting1991@outlook.com,Tad,Britt,male,890-375-9788,Port Huron,United States,99558,Utah,503 Retiro,1936-09-04
crmid:8043085704,puddinglike1885@live.com,Cyril,Galloway,male,579-981-1387,Calexico,United States,14157,New Jersey,392 Cambridge,1943-02-11
crmid:1514491677,abbotships1900@gmail.com,Lucas,Harmon,,041-525-7611,Pasco,United States,46623,Colorado,402 Bertie Minor,1982-04-23
crmid:4454532291,bakers1954@yandex.com,Rufus,Solis,male,521-541-9122,Prescott,United States,54787,Kentucky,1117 Lexington,1998-01-16
crmid:8435161497,redpanda1939@live.com,Amado,Booth,,652-520-8999,Pleasant Prairie,United States,49560,Washington,148 Silver,1985-03-30
crmid:2672705098,kilts1986@yahoo.com,Reinaldo,Hill,,232-636-6713,Ossining,United States,42924,Louisiana,837 Nadell,1984-04-19
crmid:6213108783,culet1905@live.com,Terrell,Hancock,,485-370-6843,Gilroy,United States,25549,Indiana,840 Jordan,1966-05-01
crmid:4688235833,archplagiary2030@outlook.com,Hosea,Espinoza,,467-047-0555,Shawnee,United States,48125,New Hampshire,360 San Fernando,1982-03-27
crmid:3574990965,unsurrealistic1859@outlook.com,Sidney,Wilkins,,990-571-0838,Milpitas,United States,81799,West Virginia,786 Conservatory Access,1991-08-06
crmid:7411854176,escobilla1837@live.com,Bernardo,Ware,male,262-709-0177,Azusa,United States,89202,Texas,512 Dewitt,1935-01-30
crmid:3256270608,welcome1957@outlook.com,Erwin,Luna,,120-762-4163,Lockport,United States,95918,Ohio,708 Wilde,1983-10-19
crmid:6477562630,transmissionist1954@yandex.com,Hayden,Hodge,,754-129-8287,Xenia,United States,37648,Idaho,617 Crescio,1974-03-25
crmid:7036869542,clocks1899@outlook.com,Jermaine,Klein,male,141-311-1238,Alameda,United States,25611,New Hampshire,366 Quickstep,1930-05-16
crmid:7143251110,painful1841@yandex.com,Roosevelt,Klein,male,296-143-4827,Santa Monica,United States,17420,Louisiana,1251 Bannan,1945-12-16
crmid:5257888870,kentrogon1907@yandex.com,Graig,Horne,male,928-830-2300,Blue Springs,United States,77225,Missouri,538 Ship,1939-11-08
crmid:6025954850,transmissionist1875@outlook.com,Lionel,Copeland,male,542-525-7605,North Tonawanda,United States,01185,Nebraska,804 Gatun,1999-02-12
crmid:4778235291,elasmosaur2053@yahoo.com,Theo,Savage,male,085-255-2326,Carpentersville,United States,89854,Arkansas,1032 Westbrook,1944-09-26
crmid:2938235446,octopus1865@gmail.com,Kurt,Adkins,,448-424-6662,McMinnville,United States,99280,Oregon,1301 Crissy Field,1988-02-20
crmid:9576607590,pager1997@live.com,Gene,Sargent,,223-217-5854,Newnan,United States,24274,Missouri,480 Catherine,1997-05-13
crmid:7300132345,ultramaximal1875@gmail.com,Margy,Shaw,female,030-648-5006,Coachella,United States,69095,Georgia,335 Myra,1948-11-11
crmid:7087606164,sines1877@live.com,Blake,Woodward,female,854-096-7574,Cortland,United States,09447,Nebraska,15 Retiro,1951-01-31
crmid:8277555128,asoka1909@gmail.com,Adolph,Barton,male,454-338-5703,Paramount,United States,50002,New York,1336 Thornburg,1998-01-01
crmid:6684073357,augeri2060@outlook.com,Kurtis,Tran,,198-682-9363,Fountain Hills,United States,18436,North Carolina,214 Edgehill,1963-03-31
crmid:4373325016,christea1803@yandex.com,Carlton,Haney,,261-239-2538,Honolulu,United States,42635,Alabama,506 Ramona,1973-08-09
crmid:5929112455,syllogist1870@outlook.com,Ezekiel,Foley,,950-679-5518,Klamath Falls,United States,27231,Arizona,331 Stoneyford,1978-04-03
crmid:9801696355,crumby1869@live.com,Leonie,Mcbride,female,301-129-3473,Converse,United States,38913,Arizona,238 Louisburg,1950-05-19
crmid:6260621617,egret1888@yandex.com,Terrilyn,Park,female,962-218-5932,Edina,United States,96219,Rhode Island,446 Quarry,1958-09-22
crmid:6702855306,tegment1982@outlook.com,Freeman,Long,,346-222-0606,Kansas City,United States,96883,Indiana,1184 Upper,1976-05-20
crmid:3341266326,christoffel2068@outlook.com,Nolan,Knapp,,437-278-8726,Rosemead,United States,41455,Vermont,809 Rhine,1987-02-04
crmid:3997348658,bakers2026@live.com,Margit,England,female,907-599-6083,East Peoria,United States,72398,New York,155 Cambon,1957-06-09
crmid:6659297285,cynicalness2043@outlook.com,Blair,Navarro,,323-416-2930,Vero Beach,United States,85837,Tennessee,974 Yukon,1988-07-13
crmid:2372661066,loment1820@yahoo.com,Chris,Carter,,452-990-9942,Hinsdale,United States,25088,Colorado,972 Saint Croix,1972-05-23
crmid:8719971972,undertenancy2007@yahoo.com,Glenn,Houston,,708-873-8630,Grandview,United States,10287,Montana,102 Alameda,1967-04-18
crmid:2757776923,billowy2068@gmail.com,Rey,Wallace,,548-915-0562,West Haven,United States,49440,North Dakota,1131 Dawnview,1984-03-29
crmid:9385084673,distressedly1933@gmail.com,Marybelle,Padilla,female,279-851-7221,Durham,United States,86068,Minnesota,1109 Montezuma,1956-06-22
crmid:1725270141,lifer1812@outlook.com,Leo,Bullock,female,192-883-5207,Davis,United States,86358,Alaska,739 Executive Park,1953-10-25
crmid:3369630210,isopoda2005@yandex.com,Jorge,Evans,,141-929-3236,Gresham,United States,94838,Iowa,356 Pasadena,1968-07-17
crmid:4871312807,damil1972@gmail.com,Ivan,Bird,,438-344-7215,Laguna Beach,United States,19020,Pennsylvania,903 Mcdowell,1979-03-23
crmid:3862078308,awatch2004@yahoo.com,Ricky,Blankenship,male,534-436-6506,Pueblo,United States,55464,Maryland,1000 Park Presidio,1939-08-03
crmid:3400173174,unattractive1965@yandex.com,Rodolfo,Stuart,,175-216-7647,McMinnville,United States,18826,Delaware,1142 Fontinella,1988-03-14
crmid:4356109168,comfortable2050@yandex.com,Delisa,Maddox,female,779-017-3138,Round Rock,United States,15233,Maine,1369 Andover,1952-02-18
crmid:4826200288,snail1977@yandex.com,Jasper,Spears,,627-714-5454,La Mesa,United States,35897,Oklahoma,777 Michigan,1978-06-14
crmid:7717525395,censorial1843@yahoo.com,Bobbie,Phillips,,471-754-9138,St. Joseph,United States,73750,Tennessee,622 John,1968-07-26
crmid:7773702998,pupillonian1922@outlook.com,Evan,Duffy,male,779-362-0846,Blue Island,United States,72592,Nevada,771 Holland,1939-04-08
crmid:1080313693,equivocal1862@live.com,Gail,Whitney,,968-845-3493,Topeka,United States,35079,Nebraska,251 Espanola,1976-02-19
crmid:1273003718,electroretinography1976@yandex.com,Sam,Wooten,,291-240-1131,Moreno Valley,United States,28456,Tennessee,950 Edinburgh,1993-04-27
crmid:7664576265,blowbacks1853@yandex.com,Sam,Mcclure,,170-328-3933,Mineola,United States,33576,Utah,1227 Dormitory,1991-07-25
crmid:4712127942,aisling1903@gmail.com,Ricky,Puckett,male,970-168-8466,Banning,United States,87798,Illinois,419 Easement,1936-12-16
crmid:5834117667,unlassoed2066@yandex.com,Andre,Frank,female,878-705-9632,Elk River,United States,01587,Arizona,1062 Bemis,1959-01-10
crmid:3371788483,landings1810@live.com,Tracey,Cunningham,,843-883-0050,Manhattan Beach,United States,43540,Mississippi,1119 Salinas,1986-08-22
crmid:4439966589,thumps1960@yandex.com,John,Crosby,,197-648-7699,Lindenwold,United States,96938,Indiana,94 Lucky,1983-01-21
crmid:8286738326,unimitated1888@yahoo.com,Adriene,Griffin,female,304-185-2053,Roseville,United States,65026,New York,270 Owen,1999-10-05
crmid:4175874884,habilimented2020@yahoo.com,Cyrus,Mendoza,male,151-263-7877,New Castle,United States,61240,North Carolina,663 Cooper,1996-11-03
crmid:4265321365,gameness1877@live.com,Ernest,Neal,male,158-228-0704,Nogales,United States,86691,Washington,1375 East,1998-01-23
crmid:8079666655,trytophan2044@gmail.com,Moses,Joyner,,102-529-5099,Point Pleasant,United States,77844,Alaska,1137 Shafter,1977-04-16
crmid:7002082290,koala1801@yahoo.com,Esteban,Weeks,,914-788-6551,Issaquah,United States,90581,West Virginia,6 Kelloch,1975-12-03
crmid:7750426420,cuttlefish1843@yandex.com,Shane,Perkins,,523-192-3024,Gary,United States,82957,Georgia,322 Cargo,1965-01-08
crmid:7167719036,listeriosis1852@gmail.com,Bryant,Harrington,,651-445-5639,San Pablo,United States,47273,California,212 Lower,1989-11-23
crmid:4053755627,integrate2002@yahoo.com,Leigh,Huffman,,371-018-7247,Ramsey,United States,70532,Montana,744 Northwood,1984-01-03
crmid:4507629119,disembroilment2026@outlook.com,Joseph,Brady,,734-201-4077,Highland,United States,37436,New Hampshire,1177 Hamerton,1971-07-24
crmid:3568383386,curupira1984@live.com,Maybell,Alvarez,female,073-607-8518,Commerce City,United States,34630,Virginia,772 Wyman,1949-06-01
crmid:4335576113,adolphe1894@gmail.com,Rogelio,Mcgee,male,514-682-2165,Victorville,United States,54881,Oklahoma,280 Locksley,1945-08-19
crmid:7837289590,byron2008@live.com,Weston,Woodard,,179-195-4058,Los Gatos,United States,50544,Idaho,841 Ardath,1984-09-10
crmid:7523369651,espied1970@live.com,Suk,Pickett,female,388-612-7804,Conroe,United States,44355,Wyoming,346 Sears,1950-08-23
crmid:1276873972,dawing2049@live.com,Ambrose,Carr,,874-372-4536,Minnetonka,United States,07044,Wyoming,885 Avenue B,1991-02-01
crmid:3020281267,remittances1991@gmail.com,Melita,Vincent,female,559-032-3805,El Reno,United States,73078,Oregon,1146 Maxwell,1958-12-12
crmid:6007100009,kilograin2000@yandex.com,Boris,Morgan,,201-626-0002,Sikeston,United States,97475,Wyoming,1399 Gladstone,1986-09-13
crmid:7215346882,balatron2028@yahoo.com,Maximo,Whitehead,male,638-139-5481,Napa,United States,58799,Mississippi,913 Mercury,1995-10-26
crmid:2066465308,cockeyed2060@gmail.com,Stephan,Potts,male,715-540-3520,Anacortes,United States,67457,Hawaii,1203 Still,1932-11-17
crmid:4933502354,tabloids2068@live.com,Thersa,Pierce,female,964-275-9561,North Charleston,United States,18796,Nevada,507 Steiner,1998-03-26
crmid:5915676459,kingdoms1826@yahoo.com,Dewitt,Trevino,,712-108-9043,Warrensburg,United States,39780,Kentucky,107 Irwin,1976-07-23
crmid:3571080224,joiningly1947@yahoo.com,Maurice,Mann,,634-371-1213,Plattsburgh,United States,21795,Colorado,1372 La Bica,1962-03-27
crmid:3990639693,moguls1960@yahoo.com,Mose,Powers,,723-397-1095,West Jordan,United States,59937,Washington,613 Langdon,1978-05-26
crmid:6871213049,entomb2009@gmail.com,Dudley,Frost,,124-917-5466,Hermosa Beach,United States,84106,Wisconsin,788 Dirk Dirksen,1971-01-16
crmid:3380013762,unlawyerlike1985@outlook.com,Mario,Allen,male,447-539-3575,Weston,United States,63852,Nebraska,884 Mullen,1940-07-01
crmid:3376687298,platypus1928@yahoo.com,Keenan,Dodson,,161-580-7134,Shakopee,United States,88439,Kansas,294 Jarboe,1981-07-01
crmid:3384604445,biddie2068@yahoo.com,Nathanial,Chandler,male,234-120-4772,Alton,United States,47252,Michigan,921 Service,1931-07-06
crmid:5601374202,amberoid1986@yahoo.com,Jospeh,Hamilton,,653-712-9414,Keller,United States,53663,Michigan,529 Munich,1977-09-12
crmid:4767540682,annamaria2049@yahoo.com,Hwa,Gibson,female,926-478-0042,West Fargo,United States,72304,Nevada,516 Bitting,1997-04-07
crmid:3740301532,hippidium1886@live.com,Marquetta,Evans,female,962-447-7023,Eden Prairie,United States,73879,Oregon,1027 Elmira,1957-12-22
crmid:9760318881,enfeeblish1984@yahoo.com,Clay,Marsh,male,617-420-8002,Alexandria,United States,65134,California,1172 Pinto,1931-12-04
crmid:8070075655,calabrese1859@gmail.com,Kelvin,Robles,,109-204-2893,Mission,United States,59170,Delaware,283 Shafter,1991-10-07
crmid:2665675605,chloropalladic1870@yahoo.com,Broderick,Zamora,male,268-057-8974,Schaumburg,United States,90699,Florida,503 Cosmo,1936-02-22
crmid:3671465629,achmetha2047@outlook.com,Norberto,Lang,,004-207-8744,Golden,United States,56675,Connecticut,569 Sixth,1966-09-06
crmid:9208890373,expansible1976@live.com,Angelo,Clay,male,429-022-5433,Bellflower,United States,04587,Maryland,737 Jefferson,1937-01-06
crmid:3215762828,chanson2025@gmail.com,Nigel,Mcfadden,male,571-712-7807,Bellwood,United States,65048,Tennessee,818 Whipple,1937-12-14
crmid:3976410695,tiffany1954@outlook.com,Winfred,Navarro,male,407-156-1150,Norwalk,United States,06648,Vermont,1096 Forsyth,1999-02-19
crmid:3205825845,allthing2024@yandex.com,Douglas,Mccoy,male,884-547-8153,Opelousas,United States,09514,New York,1095 Bass,1939-12-31
crmid:4552705852,septembral2018@live.com,Cedric,Richard,male,137-558-0106,Baytown,United States,97855,Nevada,234 Young,1936-02-24
crmid:8359891563,agamic2054@outlook.com,Hong,Rodriquez,,151-434-0767,Santa Clarita,United States,42679,Vermont,1224 Taber,1990-07-09
crmid:7111120932,insulators2036@gmail.com,Dario,Key,male,134-979-1376,Brighton,United States,88485,New Jersey,737 East Crystal Cove,1941-03-16
crmid:8219107568,uncolourable1917@gmail.com,Chung,Murphy,female,857-848-0899,Elmwood Park,United States,00285,Wyoming,1129 Valmar,1959-02-21
crmid:6213624356,annoyed1884@gmail.com,Jerrod,Parks,,180-642-4670,Ithaca,United States,31686,Connecticut,1327 Neptune,1975-06-23
crmid:5754698104,markhor1978@gmail.com,Trey,Atkinson,,864-934-4544,Keller,United States,88645,Wyoming,707 Boylston,1977-01-27
crmid:4812728571,unrobing1804@outlook.com,Columbus,Patel,male,500-385-8486,Westlake,United States,16564,Pennsylvania,130 Brosnan,1944-02-23
crmid:1906506601,knifelike1868@yahoo.com,Lionel,Whitley,,191-737-5573,Hercules,United States,62693,Texas,939 Dakota,1971-11-02
crmid:3489417152,cormac1903@outlook.com,Drew,Vincent,female,256-740-0388,Delray Beach,United States,15223,South Carolina,792 Red Leaf,1954-03-30
crmid:7153934171,brachydiagonal1840@yandex.com,Octavio,Webster,,623-972-2370,Tinton Falls,United States,79137,Virginia,275 Gallagher,1989-02-26
crmid:2908249493,annalisa1886@live.com,Sammy,Farmer,female,201-068-3040,Northampton,United States,57223,Oklahoma,519 Kirkwood,1999-09-26
crmid:5202089394,chaka1864@live.com,Zetta,Scott,female,334-468-8586,Costa Mesa,United States,54133,New Mexico,161 Standish,1951-09-26
crmid:1745462295,squid1843@gmail.com,Floyd,Johnson,,007-289-2648,South Pasadena,United States,61228,Connecticut,1137 Cargo,1971-03-04
crmid:6220098969,insuree1935@yahoo.com,Delcie,Webster,female,033-956-5205,North Ridgeville,United States,78173,Kentucky,20 Arbol,1999-12-23
crmid:4955298479,glome1939@gmail.com,Troy,Peters,,129-885-0556,Prichard,United States,49774,Oklahoma,1170 Joice,1993-07-31
crmid:5740841699,ditone1999@live.com,Whitney,Riddle,,192-563-6353,Hutchinson,United States,83954,North Dakota,638 Orsi,1974-06-11
crmid:1307823434,curcuma1941@gmail.com,Mee,Brooks,female,928-857-8523,Champlin,United States,61635,Louisiana,509 San Leandro,1946-11-12
crmid:1106709883,hymenium1987@yahoo.com,Hye,Leonard,female,647-214-3971,Cleveland Heights,United States,23836,Nebraska,431 Red Rock,1948-04-17
crmid:1716452023,necking1889@yahoo.com,Beau,Cantrell,male,525-213-5988,Wayne,United States,87186,Idaho,1166 Sedgewick,1936-12-02
crmid:6218508994,electrotechnics1812@gmail.com,Jeffry,Morrow,,458-360-7641,San Jacinto,United States,67481,Maine,1334 Carson,1989-04-04
crmid:9902546094,subrector1909@gmail.com,Jamaal,Andrews,male,231-059-4359,Tyler,United States,60080,Indiana,539 Getz,1940-05-01
crmid:9674467563,colorize1813@gmail.com,Setsuko,Pierce,female,365-538-2552,Eugene,United States,57190,Mississippi,1212 Balhi,1960-10-15
crmid:6265899469,multirooted1904@yahoo.com,Melany,Wallace,female,580-359-0600,Dickinson,United States,79395,Arizona,1175 Middle Point,1955-06-30
crmid:3680854765,wrasse2062@gmail.com,Freeman,Larson,male,397-191-5810,Peachtree City,United States,05497,South Dakota,85 Henry Adams,1933-04-17
crmid:4173225759,atazir1996@yahoo.com,Wayne,House,male,094-715-1118,San Fernando,United States,58418,Oregon,1303 Old Decatur,1996-01-27
crmid:9725000918,censorial1950@outlook.com,Gerardo,Young,,879-057-2999,Oakdale,United States,81393,Colorado,204 Gates,1976-03-03
crmid:1188180375,welcomely1841@yandex.com,Philip,Calderon,male,578-729-0479,Boynton Beach,United States,48840,West Virginia,135 Imperial,1940-08-05
crmid:7219458698,slewer1912@gmail.com,Rob,Armstrong,,762-662-6792,Skokie,United States,68640,Utah,312 Gorham,1971-03-20
crmid:1957361684,adventurous2061@outlook.com,Jeffery,Levine,,966-046-5874,Grapevine,United States,86929,Maine,1070 Torrens,1967-11-20
crmid:7344154965,soapery1906@yandex.com,Devon,Weber,,840-953-2689,Jackson,United States,26012,Indiana,939 Northgate,1975-04-22
crmid:2031767383,brachylogy2033@outlook.com,Pamella,Wade,female,844-768-3337,Chino,United States,64606,New Mexico,849 Richard Henry Dana,1947-11-27
crmid:2378672661,sokols1829@live.com,Cedric,Munoz,,454-863-8310,Hilton Head Island,United States,79504,Oregon,120 Western Shore,1972-12-30
crmid:1058522126,predeciding1833@live.com,Margart,Holman,female,600-221-6272,Crest Hill,United States,33060,California,904 Hampshire,1951-06-14
crmid:4325581096,louie1928@yahoo.com,Roosevelt,Conrad,,291-420-2607,St. Cloud,United States,60212,Kentucky,568 Spooner,1974-01-13
crmid:6072719972,cocoa1834@yahoo.com,Cletus,Nelson,male,220-911-8564,Oregon City,United States,91202,Kentucky,242 Berry Extension,1938-02-21
crmid:7323285236,acceptable1811@live.com,Lesley,Holloway,,973-865-2730,Hemet,United States,41461,Wyoming,620 Brotherhood,1971-08-10
crmid:5254699357,ungambolled2042@gmail.com,Jesse,Bean,,770-021-1082,Moline,United States,32074,Pennsylvania,50 Fowler,1992-06-07
crmid:6572856339,kwashiorkor1854@gmail.com,Bart,Chase,,014-524-1549,Kirkwood,United States,30061,Arizona,51 Clinton,1978-06-25
crmid:6672732524,cation1909@yahoo.com,Sherill,Cotton,female,659-854-8129,Santa Maria,United States,12194,Illinois,838 Lurline,1954-08-07
crmid:3016929076,siciliano1970@live.com,Launa,Keith,female,609-873-7168,Dearborn Heights,United States,24360,Texas,943 North Hughes,1953-05-16
crmid:4804290015,vibratile1925@gmail.com,Johnathon,Saunders,,222-993-6452,Rolling Meadows,United States,77069,Georgia,634 Stoneridge,1972-12-03
crmid:3807767614,eunice1804@yandex.com,Bud,Gentry,,698-789-4128,Huntsville,United States,34390,Tennessee,325 Hawkins,1974-07-04
crmid:3064118013,pioneering1854@yahoo.com,Linwood,Floyd,,123-610-6416,Kingman,United States,04833,Connecticut,384 Double Rock,1977-01-13
crmid:3828305663,chaute1855@gmail.com,Landon,Trujillo,male,992-983-8743,Rocky River,United States,63019,Connecticut,932 Key,1936-06-29
crmid:5861069497,carnations2066@yandex.com,Dong,Potts,,439-606-1677,Tiffin,United States,86887,South Dakota,833 Lower Fort Mason,1988-03-23
crmid:6052080343,groten1948@outlook.com,Leif,Adams,,550-759-6591,Pickerington,United States,55512,Minnesota,1077 Admiral,1999-10-17
crmid:3934402133,moose2028@outlook.com,Stevie,Hendrix,,459-990-6768,Lindenhurst,United States,66455,Oregon,913 Rainey,1983-11-20
crmid:5033847185,beaverish1885@gmail.com,Lloyd,Baldwin,,760-838-1200,Temple,United States,43309,Connecticut,70 John F Shelley,1985-04-11
crmid:9287831590,consultant1891@yahoo.com,Grayce,Crawford,female,559-113-3343,Dublin,United States,13915,Oregon,384 Commercial,1956-03-07
crmid:7946577843,untamely1842@gmail.com,Micah,Blackwell,,653-041-1489,Hilton Head Island,United States,02487,Tennessee,759 Capen,1972-01-27
crmid:4462418341,troad1814@yahoo.com,Antione,Chambers,,134-525-7686,Revere,United States,40281,Minnesota,58 Beulah,1992-12-01
crmid:8884288486,scallywags2026@yahoo.com,Alvin,Bonner,,514-879-3193,Wasco,United States,24790,Kentucky,1033 Robert C Levy,1965-07-28
crmid:9570751698,annale2022@gmail.com,Isaac,Woodward,,204-522-0448,Wilkes-Barre,United States,98062,Delaware,889 Cesar Chavez,1987-10-02
crmid:9510142149,voyageurs1848@outlook.com,Dan,Ruiz,,741-855-9800,Meriden,United States,73159,Connecticut,762 Flournoy,1989-04-11
crmid:6172979250,swankiness1873@live.com,Neal,Velazquez,male,226-491-8240,Casper,United States,48491,Kansas,1344 Golding,1945-07-29
crmid:3918523388,rudiment1827@yandex.com,Taylor,Holman,male,775-208-6736,New Haven,United States,04183,West Virginia,1152 Loma Vista,1996-01-18
crmid:1701313715,deodate1992@yahoo.com,Kristofer,Benson,,922-870-9502,League City,United States,55990,Mississippi,987 North Gate,1981-10-24
crmid:9691659253,antagonizing1906@yahoo.com,Theo,Daniel,,791-060-8755,Maple Heights,United States,11888,Indiana,935 Music Concourse,1986-04-04
crmid:9182987021,wallet2021@outlook.com,Dung,Buckley,female,571-042-3273,Chapel Hill,United States,61145,Wisconsin,1258 Corona,1946-11-05
crmid:8420002576,lynx1870@outlook.com,Zack,Lynn,,550-779-6753,Hazleton,United States,61851,South Carolina,395 De Soto,1970-11-24
crmid:9597638335,huddled1891@live.com,Ted,Miller,,416-761-0566,Lakeville,United States,96694,Idaho,476 State,1980-02-20
crmid:9677690153,intrigued1949@gmail.com,Sydney,Brown,,627-464-7416,Joplin,United States,44168,Maine,1357 Regent,1976-07-11
crmid:7523844712,surahs1969@yandex.com,Royal,Guerrero,,094-540-2853,Pelham,United States,58473,Utah,1373 Gellert,1991-06-15
crmid:1447929798,antonym2017@outlook.com,Boyd,Meadows,male,392-065-6434,Brentwood,United States,80643,Maryland,489 Kimball,1941-01-20
crmid:5013336137,craft1990@outlook.com,Earnest,Henderson,male,361-454-0425,Bakersfield,United States,18411,Maryland,42 Coralino,1935-03-13
crmid:1546693487,palaeoalchemical1888@gmail.com,Hugo,Lambert,,093-112-0931,Lorain,United States,16257,Idaho,100 Don Chee,1984-03-19
crmid:1885593791,haired1839@live.com,Virgil,Duncan,,602-400-0713,Monroeville,United States,41540,Utah,8 Chancery,1992-07-30
crmid:1893299344,calcutta2013@outlook.com,Grady,Conrad,,142-949-5697,Hollister,United States,57466,Illinois,856 Willie B Kennedy,1972-10-02
crmid:8102994729,climbed1823@outlook.com,Jerry,Watson,male,116-583-4968,Beckley,United States,38301,Delaware,1329 Blatchford,1937-05-30
crmid:4678516723,coleslaw1997@gmail.com,Elois,Hendrix,female,497-065-2592,Eau Claire,United States,13675,Wyoming,356 Stag Trail,1957-03-13
crmid:2098268867,stowdown1871@outlook.com,Nathanial,Bruce,male,277-832-4924,Birmingham,United States,46442,Nebraska,110 Ada,1939-07-04
crmid:5094454870,stridingly1831@yahoo.com,Aron,Maxwell,,886-345-5979,Laurel,United States,71795,Oklahoma,844 Middle West,1981-12-27
crmid:2946681530,woodcock1845@live.com,Granville,Stone,,798-518-1594,Streamwood,United States,49188,New York,1120 Genoa,1989-04-04
crmid:6743179300,lark1899@outlook.com,Larry,Romero,,202-722-0660,LaGrange,United States,28759,Illinois,506 Ralston,1979-05-08
crmid:7036869542,wooled2021@live.com,Ellsworth,Chavez,,619-269-1284,Lewiston,United States,39810,Louisiana,1198 Elmira,1982-07-30
crmid:6099024590,exceptionalness1944@yandex.com,Rubin,Garner,,753-454-0132,San Jose,United States,51241,South Carolina,27 Kingston,1997-07-04
crmid:5014734097,precognition1847@yandex.com,Gilbert,Keith,,763-155-8460,Madera,United States,38614,Illinois,1135 Cameo,1985-06-30
crmid:4042695877,postscapular1963@gmail.com,Tim,Clayton,male,768-365-1628,West Chicago,United States,80505,Rhode Island,1240 Macarthur,1935-12-18
crmid:1443409730,lag2067@outlook.com,Cleveland,Morin,,053-043-1107,Wyoming,United States,63983,Connecticut,383 Winn,1974-05-27
crmid:2720826440,dimension1901@yandex.com,Clyde,Blake,male,495-928-1219,Onalaska,United States,01811,Nebraska,1182 North Van Horn,1935-10-04
crmid:3375177839,alliya1896@yahoo.com,Morgan,Stanley,,498-982-9631,McKeesport,United States,30870,Alaska,331 High,1988-07-05
crmid:4065206951,egalites1873@yahoo.com,Kraig,Gardner,male,696-617-0551,Cedar Falls,United States,33516,Alaska,1230 Hazelwood,1945-06-11
crmid:7140355104,rondawel1864@yahoo.com,Weston,Mitchell,,338-992-7262,Wilsonville,United States,78371,New Mexico,260 Lenox,1970-10-25
crmid:2841394509,chaplin1962@live.com,Kelvin,Hendricks,,434-579-6072,Manhattan Beach,United States,87536,Nebraska,649 Jersey,1986-01-25
crmid:5701937816,chroococcaceous2009@gmail.com,Steffanie,Franklin,female,739-855-7940,Chester,United States,40473,South Carolina,1112 Edgardo,1946-08-10
crmid:1913529066,oliphant1859@gmail.com,Marisha,Carter,female,596-911-6549,Plano,United States,19101,North Dakota,1367 Marin,1952-06-05
crmid:5240352635,despoiler2010@gmail.com,Linwood,Evans,,412-302-7740,Medina,United States,22207,Nebraska,247 Saint Marys,1989-04-08
crmid:6408226338,oversubscribing1898@yandex.com,Jc,Buchanan,,723-232-1691,Hazel Park,United States,32217,Illinois,615 Niagara,1970-06-25
crmid:3338905311,limbate2046@gmail.com,Ellis,York,,675-058-4075,Painesville,United States,28621,Colorado,1311 Worcester,1967-06-29
crmid:3029399624,haole2013@live.com,Robby,Knapp,,478-809-5559,Frederick,United States,16444,West Virginia,93 Dunnes,1964-02-08
crmid:6887762481,brierley1997@gmail.com,Carlo,Holmes,,413-207-1520,Thornton,United States,73342,Nevada,357 Santa Cruz,1962-05-14
crmid:1962084776,pleurotyphoid1868@live.com,Colton,House,,673-540-3189,Mesquite,United States,48441,Tennessee,447 Ninth,1990-07-14
crmid:3896471205,aromatic1992@gmail.com,Omer,Solomon,male,174-723-5081,Barstow,United States,40537,Nevada,244 Valley,1936-07-27
crmid:8728095250,semblance1869@gmail.com,Marth,Cruz,female,337-194-7612,Elizabethtown,United States,30133,Virginia,1138 Delgado,1959-06-07
crmid:1658943477,pulvinus2047@yahoo.com,Marlon,Benjamin,male,306-193-9396,San Luis,United States,00299,Michigan,1097 Battery,1935-07-02
crmid:1371474660,freemen1897@live.com,Sharika,Carr,female,482-707-7628,Deerfield,United States,44184,North Carolina,123 Legion Of Honor,1954-08-05
crmid:5981155552,stenocephaly1890@yahoo.com,Tom,Preston,male,483-345-9283,Boynton Beach,United States,53914,Montana,863 Newhall,1940-09-24
crmid:5713524985,daube1902@yandex.com,Jerald,Baldwin,,702-629-7549,Plainview,United States,76090,Illinois,64 Matthew,1985-02-05
crmid:6917785311,lambs2049@gmail.com,Abel,Turner,male,868-252-0171,Belmont,United States,88867,South Dakota,1163 Dixie,1937-01-29
crmid:5011616556,skunk1805@yandex.com,Glayds,Manning,female,549-338-4432,Clearfield,United States,11054,California,332 Mcrae,1948-03-18
crmid:1014992022,patter1810@outlook.com,Sydney,Zimmerman,,989-803-6171,Mishawaka,United States,77295,Oregon,44 Montcalm,1991-08-26
crmid:2935106112,blackberry1929@yahoo.com,Allen,Rios,,216-083-1506,Loma Linda,United States,14027,Kentucky,580 Precita,1983-03-09
crmid:4671628210,scallywags1941@gmail.com,Duane,Porter,,985-549-4207,West Covina,United States,87387,Oklahoma,142 Edgemont,1973-04-25
crmid:1076612872,orthognathy1943@gmail.com,Ezra,Walker,male,073-132-1769,Bolingbrook,United States,79235,Missouri,766 Clayton,1940-04-30
crmid:6399766221,dhangar2008@live.com,Etha,Charles,female,225-831-5354,Phenix City,United States,11442,Iowa,1150 Liggett,1951-03-06
crmid:8838895207,dangle1864@yandex.com,Margy,Meyer,female,618-797-4621,Orlando,United States,16887,Florida,1346 Taylor,1949-06-20
crmid:9834249057,essed1922@gmail.com,Ray,Bell,,878-579-9079,Grove City,United States,59347,West Virginia,448 Ardenwood,1968-10-15
crmid:8178095794,unhelved1882@live.com,Zack,Kennedy,male,897-138-7305,Brookfield,United States,54618,California,221 Oak Grove,1941-10-16
crmid:1009691329,earmark1963@live.com,Genaro,Russell,male,508-963-3682,Barnstable Town,United States,24535,Colorado,682 Robert C Levy,1936-04-26
crmid:3203889030,centrarchidae1955@yahoo.com,Delena,Kirkland,female,264-357-5665,Chandler,United States,19163,Maine,896 Tamalpais,1946-02-16
crmid:8223557035,preacquisition2015@outlook.com,Larry,Rogers,male,173-191-5812,Shelton,United States,07641,Washington,448 Nantucket,1941-06-25
crmid:1938016884,outlandish1872@yahoo.com,Barton,Knowles,,328-978-1977,Holland,United States,09147,Louisiana,19 Delmar,1972-02-07
crmid:8469899679,adorable1907@live.com,Lowell,Kirby,,840-496-5296,Marshall,United States,59274,Montana,432 Castillo,1987-10-01
crmid:4136722883,bronze1897@outlook.com,Danilo,Frost,male,014-183-0896,Salina,United States,01642,Alabama,849 Flower,1939-02-10
crmid:1327994432,euectic2002@yandex.com,Kristopher,Lewis,,800-662-8843,San Ramon,United States,20758,Georgia,812 Campbell,1965-09-03
crmid:4319835895,aggies1885@yahoo.com,Ezekiel,Caldwell,,933-067-2038,Fridley,United States,64812,Hawaii,718 Poppy,1964-10-12
crmid:5725470392,ribbons1806@gmail.com,Hildred,Stephenson,female,447-461-2130,Duncan,United States,98601,New York,855 Commonwealth,1956-04-28
crmid:1316957424,trioxide1973@gmail.com,Cletus,Potter,,398-676-7196,Midvale,United States,44103,Mississippi,301 Behr,1990-08-28
crmid:6620752446,widegap1856@live.com,Augustine,Walsh,,988-423-5253,Hallandale Beach,United States,57850,New York,226 Jasper,1969-10-21
crmid:5924359005,downturn1903@outlook.com,Guy,Zimmerman,,357-458-9244,Naperville,United States,83379,Oregon,672 Garces,1995-05-12
crmid:9610640481,athelia1899@gmail.com,Cedric,Yates,,811-823-9505,Manhattan,United States,80200,Virginia,300 Fourth,1986-09-01
crmid:2234538822,spiderling1970@yandex.com,Gus,Sherman,,370-188-2473,Houston,United States,79189,Virginia,1054 Massachusetts,1973-12-02
crmid:4258591391,normoblastic1943@yandex.com,Clarine,Green,female,818-389-4342,Dover,United States,02281,South Carolina,93 Mcrae,1955-02-12
crmid:5258261057,andira1970@gmail.com,Nicky,Malone,,353-418-5412,Laguna Beach,United States,49459,Utah,747 Mary Teresa,1979-08-25
crmid:5422779816,monotrochian1823@yahoo.com,Clair,Vang,,501-912-9966,Tahlequah,United States,99507,Oklahoma,198 Baldwin,1995-10-13
crmid:3802635699,camata1896@yandex.com,Ignacio,Calderon,,506-248-1133,Lawrenceville,United States,79318,New York,1293 Fisher,1981-01-31
crmid:1403231620,claudius2014@outlook.com,Lindsey,Savage,,297-530-2527,Ramsey,United States,92337,Oregon,555 Powhattan,1964-05-21
crmid:5632665583,demeo2070@outlook.com,Wes,Herring,,125-667-0385,Pinellas Park,United States,44581,Arizona,539 Forest View,1989-02-16
crmid:7795216419,akinesia1937@yahoo.com,Candyce,Macdonald,female,459-007-4820,Eagan,United States,03245,Colorado,282 Athens,1956-02-18
crmid:2958356240,pupillonian1842@gmail.com,Latina,Black,female,501-101-3969,Twin Falls,United States,10089,Ohio,293 Cargo,1952-05-03
crmid:9027477432,borderless1914@yahoo.com,Vern,Powers,male,688-078-9688,Anderson,United States,56110,Massachusetts,1088 Arguello,1932-09-24
crmid:7695891000,dinosaur2043@yandex.com,Clifton,Henderson,,454-748-7771,Gardena,United States,05637,New Mexico,1022 Wawona,1965-02-23
crmid:2162626075,chicken1821@outlook.com,Issac,Spears,,757-393-3650,Mountain Brook,United States,49526,Arizona,1199 Lydia,1994-07-19
crmid:1612811103,vilification1947@yahoo.com,Adan,Kinney,,288-733-6222,Sherman,United States,49820,Mississippi,591 Josepha,1981-10-24
crmid:8060693471,dovelet1999@gmail.com,Gary,Huff,female,292-714-3633,Pinole,United States,14039,Missouri,576 Trainor,1950-03-15
crmid:1447970963,dipietro1837@live.com,Kenton,Brennan,,509-576-9427,South Portland,United States,21338,Texas,1167 Burns,1962-11-04
crmid:2358916806,preoblige1843@yandex.com,Lucina,Castaneda,female,367-586-7069,Passaic,United States,76317,Colorado,105 Ordway,1957-06-05
crmid:6815178423,dastardly1968@gmail.com,Arianna,Pitts,female,973-490-6856,Rock Hill,United States,17639,Wyoming,1225 Miller,1947-01-23
crmid:1562874113,tridiapason1842@yahoo.com,Long,Mendoza,,003-898-5965,Fort Wayne,United States,74328,Colorado,147 Eastwood,1963-12-10
crmid:7703376458,worker1826@yandex.com,Gaston,Barton,,469-761-0405,Thousand Oaks,United States,48901,Pennsylvania,1380 Southern Heights,1993-07-29
crmid:3214644005,ceibo1913@live.com,Kasey,Maxwell,,377-555-3570,Leominster,United States,31342,Massachusetts,436 Hermann,1982-06-17
crmid:6637217336,ad1918@outlook.com,Ernesto,Durham,,289-033-5703,Frisco,United States,41620,West Virginia,60 Hardie,1964-08-26
crmid:3041771601,carpetbags1835@yahoo.com,Claude,Barron,,109-180-2855,Lauderhill,United States,74407,Arkansas,749 Brooklyn,1981-08-26
crmid:9126403717,affies1974@live.com,Newton,Terry,,044-209-4861,Holyoke,United States,67734,New Hampshire,698 Sunbeam,1972-11-15
crmid:3078258390,gaffe1927@outlook.com,Mauro,Rice,male,794-742-1677,Agawam,United States,67352,Nebraska,452 Stoneman,1930-11-13
crmid:4869182496,discus1938@gmail.com,Nyla,Patton,female,088-582-9661,Elmwood Park,United States,63082,Alabama,1048 Tonquin,1959-11-25
crmid:8075707201,diena2064@yandex.com,Norberto,Barnes,male,817-287-4325,Apple Valley,United States,64616,North Dakota,12 Fresno,1933-10-23
crmid:8396132701,absconsa1853@yandex.com,Brendon,Galloway,,819-092-7410,Laramie,United States,80902,Utah,993 Claude,1980-01-02
crmid:3263914704,absconsa1870@yahoo.com,Dalton,Cummings,,537-927-8179,Kenosha,United States,56051,Indiana,1079 Moffitt,1977-09-20
crmid:8637238329,filemaker2065@yahoo.com,Rusty,Hendricks,,014-520-2042,Inver Grove Heights,United States,89547,Louisiana,54 Torney,1974-08-30
crmid:2201307201,bobwhite1889@outlook.com,Giuseppe,Morgan,,058-071-2274,Watauga,United States,98375,Connecticut,480 Rodgers,1997-06-19
crmid:1466780822,otter1913@yandex.com,Fermina,Guerrero,female,516-140-6601,Patterson,United States,91326,New Mexico,1116 Claremont,1950-03-12
crmid:2310116354,arock1806@yahoo.com,Bertram,Craig,,625-601-4363,Kenner,United States,78220,Kansas,549 De Long,1977-02-27
crmid:9755310497,apatornis1877@live.com,Drew,Ramsey,,594-890-1638,La Mesa,United States,97377,South Dakota,1119 Dormitory,1978-10-23
crmid:5657483105,devious1956@live.com,Cody,Green,,844-348-8700,Millville,United States,14181,Maryland,251 Sheridan,1991-04-29
crmid:2606538881,souletin1872@outlook.com,Agustin,Contreras,,760-609-0676,Palm Bay,United States,54331,Pennsylvania,289 Claude,1998-08-30
crmid:1042409150,cangle2040@yahoo.com,Angel,Glass,,914-224-5481,Russellville,United States,47402,New Mexico,344 Laguna,1983-12-24
crmid:6249594588,bandits1816@gmail.com,Lesley,Hurley,,646-268-3657,Hollister,United States,90047,Alabama,68 Tulip,1972-01-11
crmid:8349197770,vertebras2016@yahoo.com,Dino,Stokes,,986-979-7740,Fredericksburg,United States,91197,Nevada,1057 Athens,1964-06-06
crmid:7082628127,spacial1981@outlook.com,Michale,Fulton,,761-235-8650,Granite City,United States,86884,Montana,1118 Lowell,1967-11-22
crmid:4817128901,ragger1928@live.com,Nathanael,Frye,,170-689-6905,Mattoon,United States,82893,Rhode Island,16 Horne,1988-04-12
crmid:7276273108,dormouse1803@gmail.com,Glen,Dejesus,,768-039-3873,Yorkville,United States,92420,Alabama,961 Commercial,1991-04-25
crmid:5961512472,perfusate1984@outlook.com,Darell,Snyder,male,524-369-4671,New Philadelphia,United States,51569,Oregon,434 Gateview 2,1996-09-04
crmid:8980385695,whitier1842@gmail.com,Ferdinand,Lamb,male,183-543-8715,Roanoke Rapids,United States,06500,Georgia,340 Everglade,1934-12-21
crmid:4833344819,capriole1816@live.com,Luciano,Grimes,male,239-086-9721,Bend,United States,34023,Pennsylvania,1357 Arguello,1938-06-12
crmid:1433160005,submanic2020@yandex.com,Odis,Dillon,male,884-649-7296,Rockville Centre,United States,02779,Hawaii,1127 Robert C Levy,1933-07-08
crmid:7280093094,craze1999@live.com,Jonas,George,,071-847-8603,Gretna,United States,74343,Colorado,9 Esquina,1968-12-10
crmid:1422927527,whale2019@gmail.com,Donald,Castillo,female,810-201-5131,Newton,United States,91610,Nevada,554 Campton,1997-03-21
crmid:5163004061,almadia1854@live.com,Leif,Witt,male,467-345-1562,Austin,United States,99765,Connecticut,873 Quincy,1935-06-29
crmid:3500273355,aiwan1814@live.com,Rayford,Moreno,,452-798-1792,Grandville,United States,41447,Alaska,954 Nobles,1967-07-03
crmid:8746634326,displayer1858@live.com,Talitha,O'brien,female,914-882-3461,Southlake,United States,18661,Michigan,267 Crook,1953-08-22
crmid:9137236947,anoraks2069@yandex.com,Chet,Mccoy,male,617-746-3280,Cary,United States,65678,North Dakota,638 Forest View,1945-10-03
crmid:8057227994,hemopathy1906@live.com,Demarcus,Vaughn,,946-539-9556,Glen Ellyn,United States,83142,Maine,503 Sloan,1966-05-12
crmid:7664576265,quasijudicial1840@live.com,Eilene,Mcgowan,female,226-509-6571,Elmwood Park,United States,14066,Ohio,1130 Continuum,1959-03-19
crmid:3454488811,bezzo2019@yandex.com,Ivey,Mccray,female,219-920-7980,Cottage Grove,United States,29732,North Dakota,20 Garcia,1951-04-19
crmid:7247566379,attice1917@yahoo.com,Mark,Hess,,852-757-3962,New London,United States,62338,Nebraska,671 Lundeen,1996-10-28
crmid:9546841670,porkpie1884@yahoo.com,Lee,Raymond,male,118-102-7467,Port Hueneme,United States,03213,Connecticut,802 Dashiell Hammett,1932-12-12
crmid:6365449428,beaver1967@gmail.com,Russ,Torres,,595-524-5978,Moore,United States,13413,Oregon,281 Navy,1992-04-23
crmid:8902879716,croppy1921@yandex.com,Wes,Mitchell,,955-828-5095,Kentwood,United States,36686,Kansas,1089 Tocoloma,1977-05-10
crmid:7344728325,walrus1869@live.com,Valene,Nash,female,864-880-3303,Dunedin,United States,85707,Georgia,1312 Noe,1956-09-21
crmid:1390505375,bernadette2005@outlook.com,Donnie,Cote,,780-062-8063,Forest Park,United States,45591,Oklahoma,824 Ils,1962-08-29
crmid:4562907626,sellouts1842@live.com,Everette,Brooks,,619-244-8786,Mount Prospect,United States,81714,Wyoming,112 Cardenas,1993-06-07
crmid:1937167891,joiningly1968@yahoo.com,Michale,Hartman,male,932-227-0080,Stevens Point,United States,96730,Michigan,787 Watchman,1995-11-02
crmid:8191747359,biplab1919@yahoo.com,Chuck,Rollins,,610-180-2199,Fort Pierce,United States,70038,Iowa,1260 Gladys,1963-12-11
crmid:7295290774,pimplinae1825@gmail.com,Armando,Peterson,,919-966-0278,South Burlington,United States,77328,Virginia,168 Cameron,1986-12-30
crmid:7085848848,wakened1810@yandex.com,Jim,Winters,,966-937-0251,Mountlake Terrace,United States,53543,Washington,459 Hastings,1994-10-27
crmid:7501676514,classical1908@yandex.com,Vance,Petersen,,237-127-4263,West Valley City,United States,94217,Florida,435 Sanchez,1985-04-02
crmid:9477214334,periangioma1991@gmail.com,Frank,Hurley,,378-981-5111,Greenfield,United States,08409,Mississippi,720 Vista View,1968-01-11
crmid:4280248378,smidgin1957@yandex.com,Francesco,Graham,,263-248-4309,Palm Desert,United States,86352,West Virginia,1399 Cunningham,1974-11-13
crmid:6540908752,greyhound1896@yahoo.com,Tijuana,French,female,919-290-8914,West Fargo,United States,23219,Delaware,590 Knott,1961-09-10
crmid:2691843107,semiticism1882@gmail.com,Lane,Christensen,male,978-808-4474,Rancho Santa Margarita,United States,01116,Maryland,551 Crestmont,1935-06-06
crmid:2717093948,callery1968@gmail.com,Lauren,Stout,,919-537-9875,San Gabriel,United States,43983,Kansas,370 Steveloe,1982-04-11
crmid:1595569363,mouths1936@outlook.com,Natacha,Ewing,female,601-712-9855,Downers Grove,United States,93201,Vermont,372 Bay View,1955-07-09
crmid:6085388218,yoks1916@yandex.com,Carlyn,Phelps,female,127-441-6656,Munster,United States,10769,Georgia,396 Jewett,1994-03-24
crmid:4455901518,benjamite1982@gmail.com,Sol,Miranda,,037-119-9007,Mandan,United States,98067,Minnesota,802 Brooklyn,1986-08-28
crmid:2523068462,vermillions1964@live.com,Weston,Kerr,,575-020-2269,Mokena,United States,54958,Louisiana,107 Magnolia,1992-10-13
crmid:4933502354,elbow1822@yandex.com,Raul,Gillespie,,756-540-4546,Revere,United States,26163,Arizona,1293 Beaver,1964-11-06
crmid:7803299381,woodcock2026@yandex.com,Bee,Hendrix,female,843-547-3213,Elkhart,United States,02643,Connecticut,19 Nauman,1959-01-13
crmid:9762382335,unicapsular1844@live.com,Thanh,Richards,male,988-224-8209,Santa Monica,United States,07490,West Virginia,590 Golf Course,1940-09-24
crmid:5834011067,sensorium1912@outlook.com,Loree,Griffin,female,685-593-0537,Fayetteville,United States,93666,Oregon,113 West Halleck,1961-10-11
crmid:6914365286,inducting1828@live.com,Winter,Wilkins,female,250-372-4676,Westbrook,United States,81964,South Dakota,222 Bitting,1953-09-30
crmid:2201354674,depicting1808@live.com,Jerrell,Strickland,male,312-894-8967,Warner Robins,United States,82637,Alaska,378 Lisbon,1938-05-28
crmid:6068151072,counterdistinct1933@gmail.com,Elias,Mccray,,001-814-5800,Tampa,United States,87569,Colorado,363 Capra,1995-08-22
crmid:6781578080,astral1960@yahoo.com,Santos,Hinton,,043-342-2073,Westland,United States,89544,Nebraska,642 Ils,1989-10-17
crmid:4116184798,overfragmented2007@yahoo.com,Sonny,Rocha,,219-847-8642,Maple Grove,United States,75377,Maryland,899 Perasto,1986-04-19
crmid:4038247543,taen1927@yandex.com,Ken,Ross,,513-452-6290,McDonough,United States,47832,Kansas,1204 Troy,1988-08-25
crmid:6853017878,brachydiagonal1975@outlook.com,Rey,Stanley,,489-548-9360,Havelock,United States,30813,Indiana,897 Uranus,1970-06-17
crmid:4812728571,calinda1930@yahoo.com,Newton,Hurst,male,841-492-2152,Addison,United States,84672,Kentucky,1304 Bishop,1930-07-15
crmid:8083499807,echard1889@yandex.com,Domenic,Olsen,,725-049-1544,North Charleston,United States,99118,Minnesota,486 Eucalyptus,1998-06-02
crmid:9350789967,scoot1903@outlook.com,Del,Hubbard,,396-180-4725,Riverton,United States,73234,Utah,452 Garces,1978-04-15
crmid:5673350247,everyone1907@yandex.com,Sang,Wilcox,,014-654-6547,Spring Valley,United States,66709,Kentucky,453 Germania,1966-11-09
crmid:4737297046,armando2045@yahoo.com,Jay,Snyder,,914-776-4498,Lancaster,United States,10234,Idaho,56 Francisco,1980-03-16
crmid:3008737033,looseness2059@outlook.com,Kerry,Caldwell,male,210-911-9354,San Luis Obispo,United States,73569,West Virginia,1038 Weston,1944-06-05
crmid:5050154016,phonetical1952@yandex.com,Pasquale,Johnston,,474-023-7361,Grove City,United States,39694,Michigan,1316 Lawrence,1968-06-23
crmid:6728735804,bahamian2048@yandex.com,Frank,Pate,,390-144-6415,Huntsville,United States,44604,Michigan,33 Kaplan,1974-07-16
crmid:3297303250,seapoose1853@gmail.com,Dave,Butler,,729-901-4759,Mason,United States,74182,Indiana,629 Gellert,1987-05-15
crmid:9365383884,aware1981@live.com,Fredia,Willis,female,782-286-4417,Pleasanton,United States,66216,New Hampshire,726 Holland,1995-11-22
crmid:1437048053,clandestine1865@outlook.com,Vicente,Boyd,,102-007-0572,Friendswood,United States,87600,Oklahoma,262 Forest View,1964-01-25
crmid:8052326760,hump1841@live.com,Jeremy,Frederick,female,618-459-9039,El Paso,United States,72836,California,933 Fremont,1958-12-19
crmid:4101080893,pronephros2055@yandex.com,Charles,Richard,,659-705-1996,Nacogdoches,United States,56699,New York,452 Emerald,1995-09-19
crmid:5216530826,drift1845@yahoo.com,Lon,Roberson,male,283-090-3357,Brownsburg,United States,33682,Montana,1365 Aquavista,1942-06-25
crmid:1107201540,globalism2022@live.com,Bertram,Fry,,303-311-6221,Scottsdale,United States,33483,New York,1330 Revello,1978-11-12
crmid:1448716927,centenary2011@yahoo.com,Odell,Sargent,male,477-477-2681,Bend,United States,49737,Tennessee,880 Desmond,1938-07-26
crmid:9707604188,novelette1913@yandex.com,Deangelo,Webb,,472-254-0279,Grants Pass,United States,58116,Maine,976 Granville,1967-09-28
crmid:1867486212,pooty2014@yandex.com,Denver,Velez,,535-432-2942,Yuma,United States,47795,Nebraska,1030 Seward,1982-06-26
crmid:6145359451,suum1860@yahoo.com,Diego,Best,,391-076-0110,Juneau,United States,75139,Alaska,1210 Main,1976-12-09
crmid:9868989404,barnacle1865@yahoo.com,Max,Valenzuela,,713-876-8416,San Juan Capistrano,United States,95778,Wyoming,1343 Navy,1982-10-10
crmid:9411753444,hamster1980@gmail.com,Terry,Griffith,,605-336-7720,Jonesboro,United States,56658,Ohio,214 Monterey,1976-09-22
crmid:2449706994,canossa2018@gmail.com,Quinn,Harrington,,205-919-8968,Michigan City,United States,09484,New Jersey,1106 Hopkins,1990-01-01
crmid:1893648660,nightingale2037@live.com,Rubin,Joyner,male,553-018-7577,Albany,United States,64894,New Jersey,1122 Oak Park,1930-12-31
