crmid,email,first_name,last_name,gender,mobile_telephone,city,country,zip,state,street_address,birthday,creditrating
crmid:9911241165,bombings2034@yandex.com,Celena,Quinn,female,328-609-1642,Corona,United States,85063,Arkansas,581 Mckinley,1950-10-19,971
crmid:6684644990,taen1803@yandex.com,Harrison,Roach,,227-255-9712,Union City,United States,29916,Wisconsin,903 Ewing,1965-12-30,1852
crmid:4363211230,baboonery1993@gmail.com,Kim,Klein,male,521-831-3767,Tampa,United States,03966,Missouri,1184 Miguel,1941-12-11,1847
crmid:5724896932,deserving2070@yahoo.com,Isiah,Shepard,,156-665-5784,Northglenn,United States,69712,Maryland,184 United Nations,1999-11-29,2028
crmid:4771083814,bossman1988@gmail.com,Sammie,Avery,,837-303-1279,Laredo,United States,28083,Vermont,884 Panorama,1980-05-09,2484
crmid:3821059882,atopy2002@gmail.com,Mervin,Rogers,,670-679-0303,Plantation,United States,44697,West Virginia,1327 Palou,1989-04-16,1867
crmid:7846561506,kirimon1985@live.com,Porfirio,Strong,,842-313-7242,Mequon,United States,76544,West Virginia,1280 Mountview,1989-12-10,2389
crmid:2721902512,trafflike1923@gmail.com,Christopher,Powell,,155-061-8253,Helena,United States,53066,Tennessee,202 Birch,1970-09-06,1797
crmid:7252939919,unpresuming1900@live.com,Roosevelt,Leblanc,male,915-965-0302,Burton,United States,43948,Illinois,552 Pico,1943-08-17,2199
crmid:3155682904,beaucoup1962@yandex.com,Kraig,Knight,,274-931-0002,Murrysville,United States,64361,Michigan,397 Steuart,1994-11-25,1103
crmid:5548531059,stallions1976@live.com,Agustin,Howard,,492-749-1872,Pharr,United States,30641,Michigan,1153 Red Leaf,1975-03-02,2556
crmid:1959964910,auspicious1873@yahoo.com,Carli,Rojas,female,753-821-8192,Racine,United States,17017,North Dakota,700 Inverness,1954-02-25,1358
crmid:1300305220,damping1989@yandex.com,Darcey,Hughes,female,243-814-7691,Farmington,United States,12520,West Virginia,1117 Nantucket,1961-02-15,2104
crmid:5334479182,nixy1963@yahoo.com,Eduardo,English,,068-576-8353,Matteson,United States,95927,Arkansas,1026 Madison,1988-08-19,1013
crmid:4494103018,basenji2009@outlook.com,Leon,Patel,female,913-103-2582,Sherwood,United States,16662,Idaho,641 Scotia,1950-10-22,1365
crmid:9104301687,trust1846@yahoo.com,Wilbur,Torres,,410-978-3119,Muscatine,United States,98236,Maryland,186 Spring Valley,1994-08-28,2143
crmid:4554317752,charta2038@outlook.com,Delmar,Townsend,male,133-973-0417,Bakersfield,United States,15541,Michigan,662 Lawrence,1935-03-29,2149
crmid:5169897801,veining1821@yahoo.com,Olen,Craig,,654-186-2312,Riviera Beach,United States,31024,Arizona,174 Upland,1973-03-05,2575
crmid:8824952770,orchestric2062@outlook.com,Arnetta,Holt,female,221-638-9433,Dolton,United States,05522,Hawaii,1306 Sonora,1955-01-14,2222
crmid:2469871093,ape2052@outlook.com,Nadene,Simmons,female,811-925-1211,Edmond,United States,98582,Vermont,391 Conkling,1958-07-27,1861
crmid:8825418502,primordality1904@gmail.com,Joey,Richards,,115-743-1106,Key West,United States,48792,Georgia,337 Cameron,1977-08-18,1687
crmid:4682670030,cycloid2001@live.com,Billy,Heath,,247-465-8558,Gulfport,United States,53043,Maine,122 Sanches,1969-09-13,325
crmid:5032906019,dower1803@gmail.com,Emerson,Randolph,male,480-192-0959,Warren,United States,17104,Wisconsin,976 Calhoun,1944-03-24,1482
crmid:3012557763,impious1809@yahoo.com,Rusty,Salazar,,201-826-3997,Santa Paula,United States,31346,Mississippi,799 Arco,1980-12-05,2818
crmid:9415820682,browning1946@yahoo.com,Gricelda,Slater,female,229-270-5509,Compton,United States,13622,Maine,506 Flournoy,1949-04-27,2239
crmid:2901145581,siamese1942@yandex.com,Jamal,Duran,male,270-911-7955,Alpharetta,United States,21747,Illinois,823 Benton,1931-05-09,1415
crmid:4828834173,forgeability2007@outlook.com,Osvaldo,Browning,,373-099-8478,Westminster,United States,62545,Oklahoma,719 Perry,1996-05-14,2727
crmid:2639245157,bouzouki2063@gmail.com,Yanira,Garrett,female,975-734-7913,Erlanger,United States,95799,North Carolina,522 Boalt,1960-09-11,519
crmid:9130192447,gobio2015@gmail.com,Thomas,Wilder,,188-342-4060,West Haven,United States,56416,Idaho,90 Vine,1993-03-20,2206
crmid:9076671134,adapa1885@gmail.com,Erasmo,Stevens,,341-990-2411,Garfield,United States,88310,Hawaii,722 Gene Friend,1965-02-28,2149
crmid:7398517194,censitaire1981@live.com,Jose,Navarro,,684-506-5972,Goose Creek,United States,07663,New York,868 Lone Mountain,1967-01-29,1914
crmid:9982136472,cabrio1989@live.com,Cedrick,Rosa,,014-872-5890,Pharr,United States,86361,Colorado,1366 San Luis,1970-11-27,2743
crmid:3449962125,overjoyed1812@live.com,Kim,Cooper,,916-645-3548,Kennesaw,United States,34116,Washington,664 Excelsior,1977-07-01,1243
crmid:6264772413,interleaver1838@outlook.com,Wyatt,Espinoza,,493-864-2458,Hays,United States,57457,New York,1277 Byron,1970-10-24,2482
crmid:7342960397,beefsteak1992@gmail.com,Vernon,Whitney,female,697-984-6290,East Cleveland,United States,59131,Idaho,1304 Gladeview,1957-09-30,1133
crmid:4945116340,hypocoristical2019@live.com,Kim,Hardin,,862-316-6915,Greenville,United States,82586,Missouri,663 Reservoir,1968-11-09,1948
crmid:9333466396,buckhorn1866@gmail.com,Vinnie,Rivas,female,439-250-7400,Savage,United States,15014,Michigan,575 Mangels,1954-09-25,899
crmid:9365902632,strawsmall1967@yandex.com,William,Dickson,male,137-774-5167,New Brighton,United States,55912,Hawaii,953 Morton,1996-09-03,2945
crmid:2400433915,brach1890@gmail.com,Irwin,Newton,,664-831-9840,Redmond,United States,34527,Delaware,1370 Avenue Of The Palms,1980-08-21,1608
crmid:3642241195,polyphone1802@yandex.com,Andre,Cox,,318-197-4386,Grandview,United States,08234,Minnesota,1355 Decker,1967-02-17,472
crmid:4353852469,anasa1800@yandex.com,Emerita,Glass,female,479-174-0749,West Jordan,United States,11260,Nevada,282 Marview,1949-03-11,1951
crmid:2832059933,quibblers1831@yandex.com,Ward,Elliott,male,628-247-2982,Suisun City,United States,02700,Vermont,556 Arroyo,1938-10-09,729
crmid:3509749320,oliphant1821@yandex.com,Aracelis,Wynn,female,082-106-9902,Elmwood Park,United States,67980,Arizona,145 Northern,1959-11-21,1169
crmid:7701147325,hypotrochanteric1860@yandex.com,Ghislaine,Wallace,female,368-155-7184,Talladega,United States,51871,South Dakota,672 Harlow,1997-04-28,2747
crmid:4507825987,arnis2036@outlook.com,Andy,Roy,,203-077-3206,Jersey City,United States,55868,Maine,538 Ozbourn,1975-09-29,1808
crmid:4081371127,cupper2002@yahoo.com,Lacy,Murphy,,049-747-3062,Holladay,United States,27139,Oregon,359 Palmetto,1972-04-26,1878
crmid:7596007053,arithmogram1954@live.com,Jeffery,West,,026-828-6419,Scottsdale,United States,84379,Texas,1091 Lester,1983-02-12,2948
crmid:9420219333,vulnerable1835@outlook.com,Bennie,Rosales,male,722-545-0689,Casselberry,United States,97506,Maine,461 Avenue F,1945-01-25,1979
crmid:8538662815,huddlingly1851@live.com,Waneta,Noel,female,648-975-0950,DeKalb,United States,56727,Washington,1052 Evelyn,1953-09-22,1651
crmid:6941356344,orthocentre1886@yahoo.com,Archie,Ryan,,418-922-1051,Seaside,United States,31571,Hawaii,1017 Sloan,1970-03-05,1638
crmid:2530292029,necrosis1845@yandex.com,Denny,Sheppard,male,150-357-0946,Sheboygan,United States,06110,North Dakota,16 Crestlake,1935-11-21,2849
crmid:4979249083,congruism1886@yandex.com,Stuart,Weiss,male,674-225-1745,Carrboro,United States,57725,West Virginia,1064 Pink,1944-09-30,2544
crmid:2114109261,crude1987@yahoo.com,Tommy,Dickerson,,449-592-7371,Lenoir,United States,28653,Washington,1333 Natick,1982-04-08,2374
crmid:1428612276,ordanchite1979@yandex.com,Jonathon,Kim,,843-410-3446,Fort Collins,United States,96742,Minnesota,862 Palm,1963-01-21,1910
crmid:2849448944,bannet2054@gmail.com,Carter,Barlow,male,432-361-1022,Bowie,United States,00824,Iowa,1373 Miles,1940-02-02,2966
crmid:4181666663,overgratefulness2003@yahoo.com,Francina,Knowles,female,266-771-2977,Cortland,United States,74803,Louisiana,1258 Wagner,1951-12-06,2907
crmid:7119715856,rumpus1909@outlook.com,Jackie,Roth,,709-095-2033,Frederick,United States,10575,Indiana,156 Gaiser,1964-03-31,2755
crmid:8494064468,mixers1970@outlook.com,Clark,Case,male,549-450-0026,Auburn Hills,United States,07532,Maine,862 San Leandro,1934-02-05,736
crmid:6017836707,burley2018@outlook.com,Tonie,Gaines,female,596-295-5410,Santa Ana,United States,89723,Rhode Island,86 Randall,1957-09-11,727
crmid:4426319964,babbage2023@gmail.com,Donn,Vaughn,male,686-582-7250,Burton,United States,89460,Tennessee,1123 Saroyan,1943-03-29,2346
crmid:7952726148,combinator1812@yandex.com,Maxwell,Franks,,476-176-7197,Lake Oswego,United States,67372,Maryland,1297 Esquina,1980-11-25,1842
crmid:6316325836,casselty2027@gmail.com,Ramiro,Camacho,,466-990-0878,Moorpark,United States,42913,New Hampshire,1329 Sadowa,1993-08-01,2252
crmid:9889849794,bloodstains2065@gmail.com,Charles,Puckett,male,830-233-5391,Strongsville,United States,00605,Kansas,869 Mount Vernon,1932-02-24,793
crmid:2720007799,chilicote1801@outlook.com,Leif,Sullivan,,543-199-5597,Tallahassee,United States,55469,Tennessee,1122 Minerva,1996-10-30,2882
crmid:3798918348,monadiform1999@live.com,Abe,Allen,,703-289-7398,Pickerington,United States,52140,South Dakota,797 Virgil,1963-10-04,429
crmid:4570141881,shaly2054@gmail.com,Lynell,Holmes,female,331-864-6080,Cortland,United States,83086,Missouri,725 Mallorca,1951-10-11,1720
crmid:8075650141,coppered1999@gmail.com,Joseph,Castro,male,695-868-7086,North Olmsted,United States,11275,Ohio,240 Incinerator,1999-02-11,1733
crmid:6991381906,semitropic1940@gmail.com,Cary,Mcneil,,666-161-7004,Long Branch,United States,26152,Wisconsin,1003 Julian,1984-04-26,2358
crmid:3812030150,grievance1935@live.com,Gerry,Steele,,521-046-3653,Indio,United States,64248,Louisiana,199 Sycamore,1974-11-02,1949
crmid:9207388588,resolutionist2002@gmail.com,Mitch,Duke,male,972-729-0720,Asheville,United States,86265,Florida,567 Van Ness,1934-10-14,1275
crmid:9156846062,cornishman1945@gmail.com,Deon,Richards,female,347-743-7164,Owatonna,United States,51023,New Jersey,552 Otter Cove,1995-03-04,2935
crmid:9940569312,aptness1831@gmail.com,Micki,O'connor,female,409-990-1438,Pacifica,United States,66860,Arkansas,972 San Benito,1954-06-22,455
crmid:9043755454,acrid2025@live.com,Jimmy,Quinn,,070-107-9617,Wisconsin Rapids,United States,55948,Maryland,90 Reardon,1974-04-14,702
crmid:2060901044,pyrrhic1800@yandex.com,Royal,Griffin,male,412-670-0912,Bartow,United States,83144,Maine,19 Lagunitas,1936-08-12,1383
crmid:3314001498,gibbon2022@outlook.com,Jackson,Cote,,663-608-0716,Homer Glen,United States,79425,Nevada,1352 Cambon,1972-12-24,820
crmid:8499194565,woodenweary2056@outlook.com,Oda,Lancaster,female,706-574-2582,Poplar Bluff,United States,25755,Wisconsin,74 West Portal,1958-07-17,2761
crmid:9592354595,sextur2053@outlook.com,Rudolf,Christensen,male,277-328-2940,Woburn,United States,88801,South Carolina,735 Starview,1940-08-06,783
crmid:4325681468,eskar1946@yandex.com,Pierre,Alexander,,623-930-1211,Rockville,United States,83090,Maine,529 Davis,1970-04-03,1124
crmid:6065386640,netlike1923@yahoo.com,Vincent,Stevens,,046-138-2457,Forest Lake,United States,06788,Hawaii,217 Heron,1962-02-09,2715
crmid:8720759113,sebasic1951@live.com,Leonard,Conrad,,845-985-2566,Orange,United States,82038,Missouri,605 Mono,1965-06-01,1732
crmid:3443448126,phalaropodidae2006@gmail.com,Bobby,Padilla,male,243-220-5718,Boulder,United States,09279,Utah,318 Mint,1940-01-22,2394
crmid:6223398215,hagmane2031@live.com,Boyd,Conner,,665-060-2067,Hilliard,United States,19084,New Hampshire,1345 Boalt,1972-02-10,2722
crmid:8804154833,claimer2009@gmail.com,Samual,Cook,,894-120-7871,Lynnwood,United States,89701,Delaware,414 Phelps,1985-04-24,1851
crmid:7351124742,unshadily1937@outlook.com,Freeman,Zamora,,927-083-7590,Tempe,United States,20890,Louisiana,1392 Lenox,1963-04-02,2234
crmid:6390222569,divide1886@outlook.com,Al,Ferguson,,915-724-7208,Southlake,United States,89119,Wisconsin,564 Alberta,1970-02-19,1525
crmid:5202553827,parser1816@live.com,Quiana,Hopper,female,088-173-7473,Dearborn Heights,United States,48400,Texas,389 Cosgrove,1953-07-14,983
crmid:2871499923,gript2051@gmail.com,Will,Armstrong,,172-375-0779,Wasco,United States,43504,Florida,1088 Dow,1985-06-12,1978
crmid:5425067072,atomizers1886@yahoo.com,Lonny,Doyle,male,015-087-3717,Albuquerque,United States,92836,Virginia,1109 Elmwood,1931-06-08,315
crmid:3101450740,floral1821@outlook.com,Mao,Anderson,female,934-047-3209,DeSoto,United States,39750,New Jersey,192 Safira,1953-06-01,1722
crmid:4617686764,contraptious2029@yahoo.com,Cammie,Velazquez,female,982-686-6470,Fall River,United States,03426,Maryland,814 Jean,1961-01-29,562
crmid:3147115596,bradley1867@yandex.com,Magen,Stark,female,381-016-4650,Rome,United States,18158,Hawaii,620 Daggett,1947-06-28,1019
crmid:4468135603,underlain1850@live.com,Logan,Hunt,,703-126-9695,Sherman,United States,99713,Missouri,1256 Ridge,1974-08-24,2736
crmid:5268828207,recrank1864@live.com,Faustino,Hewitt,,450-288-7803,Tinley Park,United States,89337,Nebraska,44 Ramona,1976-07-13,1553
crmid:6926733171,subject1832@live.com,Odelia,Bennett,female,336-956-3349,Corsicana,United States,33891,Missouri,605 Marist,1951-07-02,2814
crmid:7974922736,emilee2056@live.com,Micah,Clarke,male,843-322-2180,Alvin,United States,44584,Massachusetts,762 Gilman,1932-07-06,2838
crmid:8335723544,valours1813@live.com,Julius,Benjamin,male,939-313-8759,Battle Creek,United States,34093,New Jersey,1182 Marne,1936-06-02,2531
crmid:7423598038,albanians1819@gmail.com,Lucas,Mullen,,826-060-3759,Moline,United States,68730,Washington,78 Whitney Young,1992-11-05,1779
crmid:2432806801,chaute1827@yahoo.com,Jan,Nichols,,647-499-9104,White Bear Lake,United States,83369,New Mexico,289 Birchwood,1974-06-05,1310
crmid:3448692757,conservatives2064@outlook.com,Sherril,Melendez,female,863-091-4177,Round Rock,United States,25458,South Carolina,741 Paul,1961-08-20,2745
crmid:8498228899,bluestocking1848@outlook.com,Rickie,Emerson,female,144-692-9876,Dickinson,United States,94501,Nevada,852 Ship,1955-11-14,896
crmid:4366241412,consonantic1863@outlook.com,Christoper,Madden,,680-410-4763,Tempe,United States,66155,Maine,1295 Cragmont,1965-11-19,709
crmid:4731106784,broadway1954@outlook.com,Alberto,Schneider,,135-494-2013,Richmond,United States,39648,Rhode Island,620 Hoffman,1970-12-14,2494
crmid:3411661753,amarvel1826@gmail.com,Jerome,Lowe,male,029-403-3077,Bryan,United States,92062,Delaware,170 Hickory,1942-12-10,782
crmid:9900646072,brutter1925@outlook.com,Raphael,Whitley,,258-803-6234,Medford,United States,15489,Kansas,612 Via Ferlinghetti,1988-03-18,307
crmid:7587220954,obsoletes1850@yandex.com,Lenny,Ferguson,,945-593-7210,Yucca Valley,United States,59132,Nebraska,872 Chicago,1981-03-01,626
crmid:1880938297,myoporum1899@gmail.com,Bennett,Mccall,,756-028-9907,Manhattan,United States,95670,Alaska,635 Forsyth,1986-07-20,2849
crmid:1139827387,prophecy2057@yahoo.com,Marilou,Cummings,female,233-692-3256,Sanford,United States,96139,Idaho,1034 Sunrise,1996-10-17,1301
crmid:6781681992,beaverish2010@yahoo.com,Truman,Espinoza,,846-285-3035,Passaic,United States,46646,Kentucky,672 Nautilus,1984-11-20,1757
crmid:2366187110,debatement1848@gmail.com,Greg,Ingram,,806-116-1952,Rockville,United States,37520,Connecticut,973 Bercut Access,1971-03-24,806
crmid:2054594875,body1873@yandex.com,Chung,Munoz,male,000-141-5040,Norfolk,United States,06688,Georgia,163 Gates,1998-02-24,2216
crmid:2505973351,hereinabove1808@gmail.com,Elwanda,Potter,female,218-595-0777,Reynoldsburg,United States,71100,Kansas,210 Berry Extension,1946-11-05,1928
crmid:6920826286,chaudry1933@gmail.com,Donte,Fisher,male,590-044-1702,Anniston,United States,19356,Kentucky,1104 Gerke,1933-03-10,513
crmid:6884625933,embrica1985@yandex.com,Rigoberto,Riddle,male,488-593-8525,Niagara Falls,United States,09705,Oregon,1083 Upland,1997-01-20,2634
crmid:3102798180,dayton2066@outlook.com,Al,Kramer,male,818-263-6875,Bakersfield,United States,09653,North Carolina,59 Copper,1935-01-17,488
crmid:4237037810,improbable1901@yandex.com,Tuan,Ward,male,433-757-0926,Bountiful,United States,52994,Tennessee,777 Leroy,1940-09-30,1673
crmid:9131666569,beswick1820@live.com,Sherilyn,Montgomery,female,309-556-6995,Plymouth,United States,64403,Arkansas,245 Valmar,1954-08-20,2975
crmid:5274631258,peculated2032@yahoo.com,Kasey,Osborn,,972-088-4805,Wyandotte,United States,69718,Utah,651 Jennifer,1969-06-26,1943
crmid:6961685610,transplace2060@gmail.com,Nida,Pruitt,female,942-029-3291,Queen Creek,United States,23908,South Carolina,557 Taraval,1955-07-24,540
crmid:5833129946,balatron1979@yahoo.com,Garth,Dunn,,616-262-2377,Glen Ellyn,United States,13823,Minnesota,1351 Sibley,1966-03-30,2441
crmid:9562010950,eggfish1948@outlook.com,Will,O'connor,,816-760-3466,Terre Haute,United States,98055,Maine,541 Underwood,1990-07-02,329
crmid:9837085989,eyeshot2012@outlook.com,Jonathan,Sanford,male,939-819-1428,Orland Park,United States,88607,Maine,639 Pope,1933-06-26,2772
crmid:4925542763,heartbreak1879@yandex.com,Narcisa,Snider,female,222-512-3277,Easley,United States,31122,Kentucky,1088 Custer,1956-07-27,2995
crmid:8516465629,willowweed1956@outlook.com,Erich,Beard,male,870-716-7320,Bristol,United States,80198,Virginia,561 Bluxome,1941-04-02,1811
crmid:6044810734,subopercle2062@yahoo.com,Jerrold,Marsh,,196-440-1846,Forest Grove,United States,86023,North Carolina,1360 Edgewood,1962-12-22,715
crmid:4586833477,horrifiedly1944@outlook.com,Joeann,O'brien,female,354-020-6330,Weslaco,United States,55268,Maine,770 Mendosa,1999-04-08,2081
crmid:3062670650,complex2011@live.com,Walter,Schmidt,,022-066-9438,Moore,United States,39835,Wisconsin,161 Scott,1992-06-28,1100
crmid:8556974665,convolvulus1825@yandex.com,Silas,Velez,,952-975-6579,Fresno,United States,47908,Idaho,1027 Bergen,1964-07-27,846
crmid:3622401041,oversshot2048@gmail.com,Dayle,Buchanan,female,079-469-9975,Chowchilla,United States,17040,Maine,636 Prague,1947-02-04,2904
crmid:7302466115,climbed2015@yahoo.com,Dorsey,Kane,male,430-690-9518,Steubenville,United States,08139,South Carolina,1008 Public,1931-12-06,2895
crmid:8495244504,organismal1967@outlook.com,Joesph,Farmer,male,787-834-0680,Whitehall,United States,78638,New York,396 Mariner,1941-12-21,741
crmid:6212425598,basker1959@outlook.com,Tashina,Gill,female,631-326-8043,San Fernando,United States,89836,Rhode Island,893 Lowell,1959-08-11,1481
crmid:1809837495,tonic1911@gmail.com,Dennise,O'neil,female,797-909-5306,Pickerington,United States,85102,Vermont,195 Missouri,1960-02-22,2034
crmid:9569752182,befoam1991@outlook.com,Desmond,Small,,572-152-5295,Miami Gardens,United States,19853,Oregon,462 Head,1990-02-06,738
crmid:9803679638,rat1805@yandex.com,Bebe,Galloway,female,524-092-0791,Evanston,United States,93132,Vermont,1001 Karen,1960-01-11,1379
crmid:2169871799,clamorous1954@gmail.com,Peter,Sullivan,male,968-182-3788,Bothell,United States,46576,South Carolina,1098 Havens,1940-08-28,382
crmid:9046691096,discolor2051@gmail.com,Meda,Finch,female,963-552-7864,Denison,United States,37643,Michigan,68 Newhall,1954-06-09,1601
crmid:6793778184,anthroxan2047@live.com,Zack,Fernandez,,569-756-8295,San Antonio,United States,44954,South Dakota,948 Signal,1981-03-15,2147
crmid:3749738462,chaya2068@gmail.com,Vella,Dudley,female,220-681-9376,Oceanside,United States,12947,Alabama,161 Hunter,1951-09-08,713
crmid:5668936731,donned1929@outlook.com,Willy,Logan,male,792-788-8620,Casper,United States,58514,Louisiana,558 Reservoir,1945-10-17,446
crmid:3193826113,debatement1838@yandex.com,Tennie,West,female,133-225-0090,Federal Way,United States,79201,Missouri,635 Joice,1961-12-17,1460
crmid:1988855582,overspeculation1862@outlook.com,Elmo,Dickerson,male,069-144-0206,Winter Garden,United States,09258,Texas,122 Cosmo,1932-03-08,1768
crmid:8383911604,nonexpeditiousness1852@yandex.com,Darren,Stanton,,776-509-9164,Waterbury,United States,43380,New York,1199 Moultrie,1985-10-12,2575
crmid:3188802671,frigatebird1893@yahoo.com,Trinidad,Frye,male,241-461-5457,Calumet City,United States,73651,Indiana,994 Wilson,1943-12-18,337
crmid:2168550539,heartbreak2070@yahoo.com,Vaughn,Jimenez,,281-194-6236,Portland,United States,46776,Ohio,1217 York,1990-04-20,754
crmid:9194966978,superstardom1899@yandex.com,Geoffrey,Payne,,092-656-0823,McAlester,United States,67062,Arizona,619 Atalaya,1988-11-03,2315
crmid:3312212171,widegap1875@gmail.com,Santiago,Rivera,male,708-471-9057,Cape Girardeau,United States,86951,Louisiana,184 Dixie,1944-12-22,2119
crmid:8122423200,fluyt1867@gmail.com,Pete,Larsen,,697-662-9617,Garfield,United States,98865,Alaska,21 Cushman,1965-03-28,564
crmid:2945315772,chameleons1929@gmail.com,Esteban,Huber,,188-966-5254,Lakeville,United States,17740,Connecticut,1383 Forest Side,1980-03-13,2611
crmid:5094566549,azophenol1924@gmail.com,Kelvin,Dale,,503-451-7430,Lemoore,United States,01397,Arkansas,1127 Hicks,1982-01-27,300
crmid:6488041109,carbonite1867@gmail.com,Santo,Collins,,664-301-2002,Salem,United States,40050,Florida,1330 Santa Clara,1984-12-04,2995
crmid:9269473649,souletin1818@yahoo.com,Georgeanna,Bradley,female,209-400-5091,Citrus Heights,United States,12020,Oklahoma,522 Priest,1947-03-03,1503
crmid:2650005680,unimodal1866@live.com,Zachery,Roberts,,585-612-5680,Mentor,United States,41741,North Carolina,1394 Ottawa,1989-07-14,1578
crmid:6034773868,sanatorium1855@live.com,Scott,Sheppard,,415-243-4524,Vacaville,United States,34531,South Dakota,321 Southard,1972-03-16,1497
crmid:2982827217,unliberally1869@yahoo.com,Arthur,Hodges,male,962-460-2261,Vallejo,United States,80659,Wyoming,1336 Davidson,1942-01-14,2148
crmid:8880256671,auric1843@yandex.com,Danial,Melendez,,771-073-6635,New Philadelphia,United States,25611,South Dakota,394 Carmel,1996-05-11,1587
crmid:6567685684,grundyite2051@yahoo.com,Enrique,Murphy,male,845-733-1838,Wichita,United States,57781,Maryland,1007 Britton,1995-02-25,1225
crmid:1133194292,bemoon1808@yandex.com,Emilio,Butler,,249-888-8786,Park Forest,United States,34417,Iowa,826 Appleton,1973-10-15,1259
crmid:3518891887,croak1815@yandex.com,Roderick,Melton,,192-732-7256,Watauga,United States,69592,New Mexico,729 France,1985-09-29,2625
crmid:9264706869,centrarchidae1931@yahoo.com,Jeanelle,Lowe,female,714-182-5984,Ogden,United States,16851,Kentucky,339 Carrie,1949-12-21,2456
crmid:2813251889,sundering1854@yandex.com,Ellis,Workman,male,110-179-7032,Orange,United States,19611,Hawaii,150 Sacramento,1944-03-31,676
crmid:1011950818,evens2062@yahoo.com,Cinderella,Leblanc,female,840-483-6257,Dublin,United States,03665,Michigan,1144 Sfgh Access,1956-02-17,599
crmid:5628886261,hipmi2037@live.com,Tracee,Murphy,female,534-873-4220,Crystal,United States,96445,Michigan,1164 Seville,1952-09-21,2896
crmid:8415282871,donohue1810@live.com,Otelia,Schneider,female,595-506-3671,El Cerrito,United States,38405,Michigan,1168 Zoo,1958-07-26,2515
crmid:1982965819,atlanta1815@live.com,Monroe,Fowler,male,002-046-2353,Cartersville,United States,44600,Alaska,587 Coral,1944-07-10,1487
crmid:3546550872,blindeyes1891@yahoo.com,Karly,Rose,female,259-290-4848,St. Peters,United States,17139,Nebraska,405 Johnstone,1954-04-25,2863
crmid:7795249933,durovic1940@yandex.com,Ronnie,Lott,,295-866-4729,Woodbury,United States,40947,Iowa,562 Mulford,1981-02-02,2598
crmid:3788292769,blacktop1918@yahoo.com,Vincent,Warren,,069-404-3550,Laurel,United States,75522,Arizona,1392 Arkansas,1981-12-07,1877
crmid:4266112605,wedgeable1835@live.com,Lawrence,Humphrey,,148-850-1895,Lincoln,United States,35345,New York,921 Custer,1982-06-21,1919
crmid:2602760703,patness1827@outlook.com,Delmer,Weiss,,272-862-7174,Sulphur,United States,36199,Wisconsin,64 Bigelow,1970-10-20,1397
crmid:3605289150,inbounds1995@outlook.com,Tyler,Saunders,,512-323-3050,Goodlettsville,United States,10571,California,773 West,1967-02-18,2283
crmid:4829576505,visionariness2026@live.com,Claude,Jimenez,male,866-996-8209,Attleboro,United States,04888,Tennessee,1119 Vista Verde,1934-02-15,2233
crmid:7259617086,gar1833@outlook.com,Lupe,Hodges,,479-232-2853,Sidney,United States,74535,California,844 Telegraph Hill,1989-08-17,1192
crmid:7561668596,docken2013@gmail.com,Karl,Mcfadden,,731-565-8023,Goldsboro,United States,96858,Arizona,1185 Mansell,1967-09-22,2174
crmid:7811316228,catfish1930@gmail.com,Dale,Day,,460-745-4034,New York,United States,92679,Virginia,458 Copper,1997-05-09,1991
crmid:4494760646,recycled2030@gmail.com,Tyree,Dominguez,,447-606-7654,San Luis Obispo,United States,88503,Oklahoma,93 Healy,1969-12-17,1307
crmid:1196693686,pleasurably1900@yahoo.com,Rudolph,Allen,,850-105-5282,Franklin Park,United States,43436,Illinois,193 Garlington,1964-08-01,745
crmid:6602080546,alcheringa1853@yandex.com,Ricardo,York,,614-241-6495,Laramie,United States,76024,Iowa,213 Hernandez,1980-10-20,2809
crmid:2125136497,disturber1932@live.com,Rana,Zamora,female,554-549-0692,Murrysville,United States,19325,North Dakota,966 Woodside,1994-03-14,2254
crmid:6694129705,nebaliidae1964@live.com,Markus,Fuller,,558-951-1728,La Ca�ada Flintridge,United States,06317,Oregon,1228 Surrey,1978-02-03,2875
crmid:5965639760,tortoise1940@gmail.com,Romeo,Silva,,048-153-7744,Lacey,United States,21824,Virginia,282 South Hughes,1979-05-11,367
crmid:5715132474,paraflocculus1832@outlook.com,Quinn,Whitney,male,520-503-3548,Bourbonnais,United States,47505,Iowa,1217 Cherry,1940-08-31,1639
crmid:9033654131,jewish1979@yahoo.com,Delmer,Burris,,004-229-8646,Fremont,United States,45163,Pennsylvania,1173 Beaumont,1964-07-10,1043
crmid:9845089558,periangioma1804@yandex.com,Norris,Huff,,423-266-2920,New Brighton,United States,31746,Alabama,966 Arguello,1996-06-15,1942
crmid:9016179305,papulation1868@live.com,Hang,Morton,female,180-484-8671,Elmira,United States,76387,Florida,748 College,1959-04-21,1802
crmid:4109997068,sarcoplastic2015@live.com,Dustin,Mccoy,male,103-142-5495,New Iberia,United States,05833,Arizona,976 Charles,1996-01-06,987
crmid:1600191592,misnomer1889@outlook.com,Tad,Watson,,864-546-4695,New Lenox,United States,43574,Massachusetts,1335 Rhine,1996-08-07,2906
crmid:1060581543,secateurs1922@outlook.com,Esteban,Norris,,331-979-7149,Roy,United States,73801,Rhode Island,490 Ingerson,1971-07-29,1093
crmid:6877919358,pedlers2036@yahoo.com,Cristopher,Mcdaniel,,612-884-6657,Georgetown,United States,11134,Vermont,358 Teddy,1965-04-24,2796
crmid:5088906543,petal1883@gmail.com,Twana,Leach,female,185-263-2697,Pottstown,United States,15955,Nebraska,419 Halleck,1950-10-17,1676
crmid:2749747876,unperfidiousness1871@outlook.com,Jeffrey,Slater,,323-305-6347,Gladstone,United States,22784,New York,268 Ninth,1966-05-26,2813
crmid:5365762709,chatelaine1952@live.com,Jame,Holt,male,004-661-2652,Parkersburg,United States,02640,Colorado,1011 Malden,1933-05-14,945
crmid:8389672919,ambsace2032@gmail.com,Jose,Graves,,758-014-8021,Gadsden,United States,14380,West Virginia,1384 Saint Francis,1964-04-26,2365
crmid:6587215519,belanda1865@outlook.com,Bennett,Hodges,male,604-190-0693,Avon Lake,United States,80598,Florida,108 Nobles,1935-11-02,1713
crmid:1311098629,cathole1895@yahoo.com,Sherwood,Blackwell,,751-127-4091,Oak Forest,United States,45597,West Virginia,707 Westwood,1984-06-18,2480
crmid:7726636344,calcar1863@live.com,Janene,Shepard,female,446-365-7718,Virginia Beach,United States,18466,Washington,211 Sala,1946-04-27,667
crmid:4506700813,cebil1820@live.com,Jeffrey,Barron,,548-191-3104,Las Cruces,United States,32020,Missouri,362 Roemer,1981-06-01,1568
crmid:1300025797,kazatske2018@yandex.com,Lonny,Dennis,,763-396-8131,Independence,United States,50421,Nevada,1294 Federal,1974-09-23,2080
crmid:7909093725,overdogs1825@gmail.com,Jude,Glenn,,551-638-6020,Maricopa,United States,13830,Texas,1174 Madrone,1987-04-21,1936
crmid:8328818790,tyrantship1810@yandex.com,Eddy,Mann,,023-261-8642,Moorpark,United States,49520,Alaska,436 East Crystal Cove,1993-08-15,2944
crmid:6833388318,blame2059@live.com,Lyndon,Spencer,male,762-202-0939,Binghamton,United States,37895,Wisconsin,732 Sycamore,1939-06-28,2765
