id,crmid,propensity_score_credit_cards,suggested_credit_card,propensity_score_loan,suggested_loan
bb27b53a-4be2-11ea-a436-b88a60e194fb-1-ps,crmid:5296859749,5,Platinum Card,4,Personal Loan
bb28785c-4be2-11ea-bf02-b88a60e194fb-1-ps,crmid:8385763240,3,Student Card,5,Personal Loan
bb29d6cc-4be2-11ea-8b93-b88a60e194fb-1-ps,crmid:3595636047,5,Student Card,3,Personal Loan
bb2ac114-4be2-11ea-8432-b88a60e194fb-1-ps,crmid:5203695663,5,Platinum Card,5,Personal Loan
bb2bab68-4be2-11ea-8f99-b88a60e194fb-1-ps,crmid:8642042993,3,Simplicity Card,6,Auto Loan
bb2c9734-4be2-11ea-9d33-b88a60e194fb-1-ps,crmid:1553150353,2,Travel Card,4,Student Loan
bb2d5a5e-4be2-11ea-b8d2-b88a60e194fb-1-ps,crmid:8005707780,6,Travel Card,4,Personal Loan
bb2e6bb0-4be2-11ea-91a2-b88a60e194fb-1-ps,crmid:5402857795,4,Student Card,4,Business Loan
bb2f2f1e-4be2-11ea-9fba-b88a60e194fb-1-ps,crmid:8546712734,6,Travel Card,4,Student Loan
bbf47980-4be2-11ea-8376-b88a60e194fb-1-ps,crmid:5958082695,4,Platinum Card,4,Personal Loan
bbf58acc-4be2-11ea-a44d-b88a60e194fb-1-ps,crmid:7628955655,5,Simplicity Card,3,Personal Loan
bbf67550-4be2-11ea-b1c3-b88a60e194fb-1-ps,crmid:4606594041,6,Student Card,4,Student Loan
bbf73892-4be2-11ea-bb7e-b88a60e194fb-1-ps,crmid:7183889187,5,Platinum Card,5,Personal Loan
bbf849fa-4be2-11ea-96c1-b88a60e194fb-1-ps,crmid:7708403600,3,Simplicity Card,4,Student Loan
bbf90d46-4be2-11ea-836a-b88a60e194fb-1-ps,crmid:6389959696,5,Dividend Card,3,Personal Loan
bbf9d124-4be2-11ea-b2cc-b88a60e194fb-1-ps,crmid:1810898079,5,Travel Card,4,Personal Loan
bbfae1f6-4be2-11ea-89e5-b88a60e194fb-1-ps,crmid:3320638306,4,Dividend Card,4,Student Loan
bbfbf3ba-4be2-11ea-9460-b88a60e194fb-1-ps,crmid:1075612803,5,Travel Card,9,Student Loan
bbfcddc8-4be2-11ea-881d-b88a60e194fb-1-ps,crmid:1195123737,9,Dividend Card,4,Business Loan
bbfdc830-4be2-11ea-8d83-b88a60e194fb-1-ps,crmid:7382371899,5,Platinum Card,4,Personal Loan
bbfeb292-4be2-11ea-b197-b88a60e194fb-1-ps,crmid:2497387912,5,Business Card,6,Student Loan
bbffc636-4be2-11ea-a938-b88a60e194fb-1-ps,crmid:8342102683,3,Dividend Card,5,Personal Loan
bc0088cc-4be2-11ea-bd73-b88a60e194fb-1-ps,crmid:8265405094,6,Business Card,3,Personal Loan
bcc33ad8-4be2-11ea-8d79-b88a60e194fb-1-ps,crmid:8540929642,7,Business Card,4,Business Loan
bcc42680-4be2-11ea-b56f-b88a60e194fb-1-ps,crmid:4533790184,4,Rewards Card,5,Personal Loan
bcc536b6-4be2-11ea-b892-b88a60e194fb-1-ps,crmid:7322409287,3,Rewards Card,4,Auto Loan
bcc5fb3e-4be2-11ea-abad-b88a60e194fb-1-ps,crmid:3594436661,1,Business Card,4,Personal Loan
bcc6bea2-4be2-11ea-b945-b88a60e194fb-1-ps,crmid:5224753031,4,Simplicity Card,3,Personal Loan
bcc7a80a-4be2-11ea-b824-b88a60e194fb-1-ps,crmid:4625256478,5,Platinum Card,3,Personal Loan
bcc956be-4be2-11ea-9dac-b88a60e194fb-1-ps,crmid:7749345970,4,Platinum Card,3,Personal Loan
bcca19a8-4be2-11ea-88b7-b88a60e194fb-1-ps,crmid:8010720594,5,Business Card,4,Business Loan
bccb2a74-4be2-11ea-a26e-b88a60e194fb-1-ps,crmid:5215231015,4,Business Card,3,Business Loan
bccbee80-4be2-11ea-bc07-b88a60e194fb-1-ps,crmid:6669918614,5,Platinum Card,4,Personal Loan
bcccd8be-4be2-11ea-bad6-b88a60e194fb-1-ps,crmid:6315361519,4,Simplicity Card,8,Personal Loan
bccd9b6c-4be2-11ea-a01f-b88a60e194fb-1-ps,crmid:5024878473,5,Simplicity Card,4,Personal Loan
bcce8612-4be2-11ea-a1a5-b88a60e194fb-1-ps,crmid:9654044738,4,Business Card,5,Auto Loan
bccf4a08-4be2-11ea-8a6e-b88a60e194fb-1-ps,crmid:7724690639,4,Rewards Card,4,Personal Loan
bd97050a-4be2-11ea-95d6-b88a60e194fb-1-ps,crmid:1738361686,5,Platinum Card,3,Personal Loan
bd97ef6c-4be2-11ea-939e-b88a60e194fb-1-ps,crmid:7661506883,4,Rewards Card,5,Personal Loan
bd98d9d0-4be2-11ea-8beb-b88a60e194fb-1-ps,crmid:4632910378,2,Simplicity Card,4,Business Loan
bd999d06-4be2-11ea-8997-b88a60e194fb-1-ps,crmid:7819842652,3,Business Card,4,Business Loan
bd9ad5a4-4be2-11ea-8891-b88a60e194fb-1-ps,crmid:3679523083,5,Dividend Card,3,Auto Loan
bd9c3576-4be2-11ea-908c-b88a60e194fb-1-ps,crmid:8762672663,3,Rewards Card,6,Business Loan
bd9d6dca-4be2-11ea-b0d8-b88a60e194fb-1-ps,crmid:3484116765,6,Simplicity Card,3,Auto Loan
bd9ea636-4be2-11ea-98bb-b88a60e194fb-1-ps,crmid:6136111869,4,Rewards Card,4,Student Loan
bd9f6ac8-4be2-11ea-9e7b-b88a60e194fb-1-ps,crmid:1979550815,3,Travel Card,6,Student Loan
bda02e26-4be2-11ea-8cbc-b88a60e194fb-1-ps,crmid:1457013330,4,Travel Card,3,Business Loan
bda11834-4be2-11ea-9994-b88a60e194fb-1-ps,crmid:6210136930,6,Student Card,4,Auto Loan
bda20192-4be2-11ea-bbe1-b88a60e194fb-1-ps,crmid:3946677646,5,Travel Card,3,Student Loan
bda2ed34-4be2-11ea-8567-b88a60e194fb-1-ps,crmid:1479878315,6,Business Card,6,Personal Loan
be67263a-4be2-11ea-bc84-b88a60e194fb-1-ps,crmid:2121028323,4,Simplicity Card,4,Personal Loan
be6811da-4be2-11ea-9107-b88a60e194fb-1-ps,crmid:5461523413,3,Rewards Card,3,Business Loan
be6921da-4be2-11ea-be62-b88a60e194fb-1-ps,crmid:1943839247,4,Simplicity Card,5,Auto Loan
be6a0de4-4be2-11ea-b19d-b88a60e194fb-1-ps,crmid:4297875065,6,Student Card,7,Business Loan
be6ad0d4-4be2-11ea-b291-b88a60e194fb-1-ps,crmid:9015207828,4,Rewards Card,4,Business Loan
be6b942c-4be2-11ea-83e1-b88a60e194fb-1-ps,crmid:7122816110,5,Dividend Card,3,Business Loan
be6ca578-4be2-11ea-84b6-b88a60e194fb-1-ps,crmid:9729920489,4,Travel Card,7,Personal Loan
be6d8f00-4be2-11ea-86f2-b88a60e194fb-1-ps,crmid:8644328640,3,Simplicity Card,4,Business Loan
be6e79d8-4be2-11ea-9894-b88a60e194fb-1-ps,crmid:5239166228,4,Student Card,4,Student Loan
be6f6354-4be2-11ea-aa49-b88a60e194fb-1-ps,crmid:5380140608,5,Platinum Card,3,Personal Loan
be70281e-4be2-11ea-b1e3-b88a60e194fb-1-ps,crmid:5567825749,3,Student Card,5,Student Loan
be711212-4be2-11ea-a85a-b88a60e194fb-1-ps,crmid:8750394157,5,Simplicity Card,3,Personal Loan
be71d5ba-4be2-11ea-afa2-b88a60e194fb-1-ps,crmid:4750714372,5,Simplicity Card,2,Business Loan
be72beb6-4be2-11ea-8305-b88a60e194fb-1-ps,crmid:9572163748,4,Dividend Card,3,Business Loan
bf3573a8-4be2-11ea-9248-b88a60e194fb-1-ps,crmid:8344799299,5,Simplicity Card,5,Student Loan
bf365c9c-4be2-11ea-99c7-b88a60e194fb-1-ps,crmid:5906412329,4,Platinum Card,3,Personal Loan
bf374854-4be2-11ea-af05-b88a60e194fb-1-ps,crmid:2677197727,4,Travel Card,4,Personal Loan
bf3832a8-4be2-11ea-9b02-b88a60e194fb-1-ps,crmid:5031680315,4,Dividend Card,4,Personal Loan
bf38f634-4be2-11ea-be4d-b88a60e194fb-1-ps,crmid:9769138057,2,Student Card,4,Personal Loan
bf3a06a4-4be2-11ea-a712-b88a60e194fb-1-ps,crmid:1290716367,4,Student Card,4,Business Loan
bf3af1c2-4be2-11ea-a90f-b88a60e194fb-1-ps,crmid:5195899005,3,Dividend Card,8,Student Loan
bf3bdc3a-4be2-11ea-ab8a-b88a60e194fb-1-ps,crmid:4605765076,4,Travel Card,3,Student Loan
bf3cc528-4be2-11ea-a1b4-b88a60e194fb-1-ps,crmid:5363544557,3,Business Card,3,Business Loan
bf3d89da-4be2-11ea-b4c9-b88a60e194fb-1-ps,crmid:3512821637,4,Rewards Card,4,Personal Loan
bf3e7430-4be2-11ea-8c7b-b88a60e194fb-1-ps,crmid:1071014719,5,Student Card,4,Auto Loan
bf3f365c-4be2-11ea-bd92-b88a60e194fb-1-ps,crmid:2922993966,9,Platinum Card,4,Personal Loan
bf4021dc-4be2-11ea-a543-b88a60e194fb-1-ps,crmid:4399315713,5,Platinum Card,1,Personal Loan
bf40be0c-4be2-11ea-a999-b88a60e194fb-1-ps,crmid:2355712074,3,Travel Card,4,Personal Loan
c005ba2c-4be2-11ea-9ec6-b88a60e194fb-1-ps,crmid:2348040330,5,Platinum Card,4,Auto Loan
c006cd24-4be2-11ea-91fc-b88a60e194fb-1-ps,crmid:2370987897,4,Student Card,3,Business Loan
c0078f0a-4be2-11ea-8ce0-b88a60e194fb-1-ps,crmid:5201605485,2,Student Card,4,Student Loan
c0087a9a-4be2-11ea-b811-b88a60e194fb-1-ps,crmid:6810044592,4,Rewards Card,8,Personal Loan
c0093dee-4be2-11ea-80e7-b88a60e194fb-1-ps,crmid:2583057771,4,Rewards Card,6,Business Loan
c00a2850-4be2-11ea-bf01-b88a60e194fb-1-ps,crmid:7788757424,5,Rewards Card,3,Auto Loan
c00aeb9e-4be2-11ea-b682-b88a60e194fb-1-ps,crmid:2721276469,3,Rewards Card,7,Student Loan
c00bd498-4be2-11ea-80fb-b88a60e194fb-1-ps,crmid:2501432953,4,Travel Card,4,Personal Loan
c00ce63e-4be2-11ea-991a-b88a60e194fb-1-ps,crmid:4807603601,4,Dividend Card,6,Auto Loan
c00da976-4be2-11ea-9684-b88a60e194fb-1-ps,crmid:7401706409,2,Simplicity Card,10,Student Loan
c00e93e2-4be2-11ea-9887-b88a60e194fb-1-ps,crmid:6328420157,3,Travel Card,4,Personal Loan
c00f7e46-4be2-11ea-93c2-b88a60e194fb-1-ps,crmid:6282958206,3,Dividend Card,7,Personal Loan
c0104190-4be2-11ea-9a80-b88a60e194fb-1-ps,crmid:6515632294,4,Travel Card,7,Student Loan
c0112bf0-4be2-11ea-8675-b88a60e194fb-1-ps,crmid:9899528172,3,Simplicity Card,4,Business Loan
c0d89bb0-4be2-11ea-9b5c-b88a60e194fb-1-ps,crmid:1780666092,3,Platinum Card,4,Business Loan
c0d984b6-4be2-11ea-b7c4-b88a60e194fb-1-ps,crmid:8719620399,6,Rewards Card,4,Business Loan
c0da6eec-4be2-11ea-8658-b88a60e194fb-1-ps,crmid:2300791905,6,Student Card,5,Business Loan
c0db804c-4be2-11ea-993f-b88a60e194fb-1-ps,crmid:9489875040,2,Travel Card,5,Auto Loan
c0dc6aa8-4be2-11ea-8f85-b88a60e194fb-1-ps,crmid:1897546540,4,Student Card,4,Personal Loan
c0dd54fa-4be2-11ea-842b-b88a60e194fb-1-ps,crmid:2417452541,3,Travel Card,4,Business Loan
c0de3f92-4be2-11ea-81c2-b88a60e194fb-1-ps,crmid:5351092212,6,Simplicity Card,5,Business Loan
c0df02ee-4be2-11ea-83ac-b88a60e194fb-1-ps,crmid:4758788504,4,Student Card,3,Business Loan
c0dfc630-4be2-11ea-be91-b88a60e194fb-1-ps,crmid:9493302959,5,Student Card,5,Auto Loan
c0e0b09e-4be2-11ea-8299-b88a60e194fb-1-ps,crmid:1185739740,3,Rewards Card,5,Personal Loan
c0e19b00-4be2-11ea-9c9d-b88a60e194fb-1-ps,crmid:8946233890,9,Simplicity Card,4,Business Loan
c0e2ac66-4be2-11ea-a1ae-b88a60e194fb-1-ps,crmid:1375969252,3,Platinum Card,3,Business Loan
c0e3981a-4be2-11ea-bcf3-b88a60e194fb-1-ps,crmid:5753497591,4,Travel Card,5,Personal Loan
c0e45a1e-4be2-11ea-b26a-b88a60e194fb-1-ps,crmid:5756638081,5,Dividend Card,3,Personal Loan
c0e56b8c-4be2-11ea-bf93-b88a60e194fb-1-ps,crmid:3056702541,4,Business Card,6,Student Loan
c1a6e790-4be2-11ea-82f9-b88a60e194fb-1-ps,crmid:1243882832,4,Platinum Card,5,Business Loan
c1a7d0b0-4be2-11ea-928b-b88a60e194fb-1-ps,crmid:3937444828,5,Simplicity Card,2,Personal Loan
c1a8bb08-4be2-11ea-98f1-b88a60e194fb-1-ps,crmid:9829531085,4,Simplicity Card,2,Personal Loan
c1a97e5a-4be2-11ea-b472-b88a60e194fb-1-ps,crmid:7572512394,3,Simplicity Card,3,Auto Loan
c1aa68b8-4be2-11ea-8b9e-b88a60e194fb-1-ps,crmid:7807732378,4,Dividend Card,7,Auto Loan
c1ab531e-4be2-11ea-a4ae-b88a60e194fb-1-ps,crmid:9423692602,4,Platinum Card,5,Personal Loan
c1ac1666-4be2-11ea-b582-b88a60e194fb-1-ps,crmid:4371934387,5,Simplicity Card,4,Personal Loan
c1adc428-4be2-11ea-af4d-b88a60e194fb-1-ps,crmid:7204906418,2,Platinum Card,4,Auto Loan
c1aed598-4be2-11ea-a453-b88a60e194fb-1-ps,crmid:1326728577,3,Travel Card,5,Auto Loan
c1afe74a-4be2-11ea-b5de-b88a60e194fb-1-ps,crmid:6576585208,4,Simplicity Card,5,Business Loan
c1b11f82-4be2-11ea-b885-b88a60e194fb-1-ps,crmid:8112225100,4,Travel Card,4,Student Loan
c1b230ee-4be2-11ea-8951-b88a60e194fb-1-ps,crmid:3725616551,5,Simplicity Card,4,Personal Loan
c1b31b5a-4be2-11ea-9bab-b88a60e194fb-1-ps,crmid:9851400664,5,Travel Card,3,Personal Loan
c1b405b0-4be2-11ea-a80b-b88a60e194fb-1-ps,crmid:1696717840,4,Travel Card,5,Business Loan
c27c10a8-4be2-11ea-9b9e-b88a60e194fb-1-ps,crmid:4214899687,4,Business Card,3,Student Loan
c27cfab8-4be2-11ea-8cd9-b88a60e194fb-1-ps,crmid:2516950426,4,Rewards Card,3,Personal Loan
c27e0d82-4be2-11ea-b485-b88a60e194fb-1-ps,crmid:4363528383,4,Business Card,10,Business Loan
c27ecf86-4be2-11ea-8294-b88a60e194fb-1-ps,crmid:3108453131,5,Simplicity Card,4,Student Loan
c27f9418-4be2-11ea-9193-b88a60e194fb-1-ps,crmid:4124287145,3,Business Card,3,Personal Loan
c2805768-4be2-11ea-b118-b88a60e194fb-1-ps,crmid:2059204486,1,Rewards Card,4,Auto Loan
c2814076-4be2-11ea-85f9-b88a60e194fb-1-ps,crmid:5874494320,4,Student Card,3,Business Loan
c2822ae2-4be2-11ea-a3ee-b88a60e194fb-1-ps,crmid:1421488125,8,Student Card,6,Student Loan
c283152e-4be2-11ea-a9fd-b88a60e194fb-1-ps,crmid:2099837167,3,Student Card,4,Auto Loan
c2844d9c-4be2-11ea-9e54-b88a60e194fb-1-ps,crmid:4106652651,3,Rewards Card,3,Personal Loan
c285119e-4be2-11ea-9135-b88a60e194fb-1-ps,crmid:7292130364,5,Simplicity Card,3,Personal Loan
c285d43e-4be2-11ea-ae15-b88a60e194fb-1-ps,crmid:9839725781,5,Dividend Card,6,Student Loan
c286c000-4be2-11ea-a8a1-b88a60e194fb-1-ps,crmid:5745532835,3,Simplicity Card,5,Personal Loan
c2878354-4be2-11ea-96b3-b88a60e194fb-1-ps,crmid:2996953416,2,Student Card,3,Personal Loan
c34aaa8c-4be2-11ea-80d6-b88a60e194fb-1-ps,crmid:3218216704,5,Business Card,5,Business Loan
c34b94ec-4be2-11ea-a89f-b88a60e194fb-1-ps,crmid:3439288286,5,Business Card,6,Business Loan
c34c7f52-4be2-11ea-b474-b88a60e194fb-1-ps,crmid:7493975346,4,Travel Card,4,Auto Loan
c34d429e-4be2-11ea-973a-b88a60e194fb-1-ps,crmid:3637049644,5,Business Card,4,Auto Loan
c34e05e4-4be2-11ea-8587-b88a60e194fb-1-ps,crmid:1713794398,4,Dividend Card,5,Business Loan
c34ef046-4be2-11ea-86b4-b88a60e194fb-1-ps,crmid:8149250237,4,Simplicity Card,3,Business Loan
c34fb39e-4be2-11ea-9819-b88a60e194fb-1-ps,crmid:7610273228,4,Business Card,9,Personal Loan
c3509dee-4be2-11ea-bf6a-b88a60e194fb-1-ps,crmid:1208450795,3,Platinum Card,5,Business Loan
c351885a-4be2-11ea-abc0-b88a60e194fb-1-ps,crmid:1302061908,5,Simplicity Card,5,Business Loan
c35272b6-4be2-11ea-87f7-b88a60e194fb-1-ps,crmid:1693372563,4,Simplicity Card,3,Business Loan
c3538594-4be2-11ea-89cc-b88a60e194fb-1-ps,crmid:7482287121,3,Travel Card,3,Student Loan
c35448ca-4be2-11ea-a97d-b88a60e194fb-1-ps,crmid:8976964263,4,Business Card,3,Personal Loan
c3550c0c-4be2-11ea-9f45-b88a60e194fb-1-ps,crmid:5374126061,2,Travel Card,5,Personal Loan
c355f52c-4be2-11ea-a6d4-b88a60e194fb-1-ps,crmid:1813154223,4,Dividend Card,4,Business Loan
c41ec328-4be2-11ea-97b7-b88a60e194fb-1-ps,crmid:5713524985,3,Simplicity Card,5,Business Loan
c41faef0-4be2-11ea-b8e7-b88a60e194fb-1-ps,crmid:3357011395,4,Rewards Card,8,Auto Loan
c42097d0-4be2-11ea-8488-b88a60e194fb-1-ps,crmid:4985825442,5,Dividend Card,2,Business Loan
c421823e-4be2-11ea-9a1a-b88a60e194fb-1-ps,crmid:5963592980,9,Platinum Card,4,Personal Loan
c4226c92-4be2-11ea-93f0-b88a60e194fb-1-ps,crmid:5962887408,5,Business Card,3,Auto Loan
c4232fc6-4be2-11ea-ac26-b88a60e194fb-1-ps,crmid:2850000297,6,Business Card,6,Personal Loan
c424419a-4be2-11ea-9110-b88a60e194fb-1-ps,crmid:1327994432,4,Platinum Card,4,Auto Loan
c4255322-4be2-11ea-a886-b88a60e194fb-1-ps,crmid:9236028073,6,Rewards Card,4,Personal Loan
c4263ec2-4be2-11ea-a78a-b88a60e194fb-1-ps,crmid:2512344728,4,Rewards Card,4,Student Loan
c42701e6-4be2-11ea-9402-b88a60e194fb-1-ps,crmid:5324115634,3,Rewards Card,4,Business Loan
c427ebf6-4be2-11ea-8a43-b88a60e194fb-1-ps,crmid:6007864092,4,Simplicity Card,4,Business Loan
c428af90-4be2-11ea-9b37-b88a60e194fb-1-ps,crmid:6513273158,3,Simplicity Card,4,Business Loan
c42972d2-4be2-11ea-876f-b88a60e194fb-1-ps,crmid:8505462342,3,Business Card,3,Business Loan
c42a5bda-4be2-11ea-83f2-b88a60e194fb-1-ps,crmid:5502588437,5,Travel Card,2,Personal Loan
c42b6d6c-4be2-11ea-bce7-b88a60e194fb-1-ps,crmid:2146961369,3,Dividend Card,5,Auto Loan
c4f41594-4be2-11ea-bcfb-b88a60e194fb-1-ps,crmid:8994197297,3,Travel Card,5,Personal Loan
c4f4fffe-4be2-11ea-b167-b88a60e194fb-1-ps,crmid:3176516570,5,Business Card,3,Personal Loan
c4f5ea42-4be2-11ea-b18d-b88a60e194fb-1-ps,crmid:2321744611,4,Business Card,5,Personal Loan
c4f6d334-4be2-11ea-9550-b88a60e194fb-1-ps,crmid:4048772812,3,Rewards Card,5,Auto Loan
c4f7e6cc-4be2-11ea-bb0a-b88a60e194fb-1-ps,crmid:8678483484,5,Student Card,8,Student Loan
c4f8cf18-4be2-11ea-a9e3-b88a60e194fb-1-ps,crmid:8850383131,2,Dividend Card,3,Personal Loan
c4f9e0a6-4be2-11ea-8df8-b88a60e194fb-1-ps,crmid:4495688185,4,Travel Card,6,Auto Loan
c4facc4a-4be2-11ea-96df-b88a60e194fb-1-ps,crmid:6998550938,4,Rewards Card,5,Student Loan
c4fb8f88-4be2-11ea-91bd-b88a60e194fb-1-ps,crmid:8917859409,6,Business Card,4,Personal Loan
c4fca0fa-4be2-11ea-a216-b88a60e194fb-1-ps,crmid:3326796809,4,Simplicity Card,3,Business Loan
c4fd6434-4be2-11ea-b5bb-b88a60e194fb-1-ps,crmid:4177317077,4,Travel Card,4,Student Loan
c4fe27ae-4be2-11ea-9603-b88a60e194fb-1-ps,crmid:6950321867,4,Business Card,2,Business Loan
c4ff37a8-4be2-11ea-b309-b88a60e194fb-1-ps,crmid:4829859012,6,Simplicity Card,3,Auto Loan
c500236e-4be2-11ea-97d3-b88a60e194fb-1-ps,crmid:5858364808,3,Platinum Card,5,Auto Loan
c501341e-4be2-11ea-93ce-b88a60e194fb-1-ps,crmid:4645407077,8,Platinum Card,1,Personal Loan
c5c853c0-4be2-11ea-ab43-b88a60e194fb-1-ps,crmid:1203000538,2,Student Card,2,Personal Loan
c5c96524-4be2-11ea-982f-b88a60e194fb-1-ps,crmid:9851400664,3,Business Card,4,Business Loan
c5ca2874-4be2-11ea-8e7a-b88a60e194fb-1-ps,crmid:6434012680,4,Rewards Card,6,Business Loan
c5cb1374-4be2-11ea-b9a6-b88a60e194fb-1-ps,crmid:4397510514,4,Platinum Card,3,Personal Loan
c5cbd61c-4be2-11ea-b6e0-b88a60e194fb-1-ps,crmid:8251221265,4,Rewards Card,4,Personal Loan
c5cc996c-4be2-11ea-ab12-b88a60e194fb-1-ps,crmid:4368891296,3,Travel Card,2,Business Loan
c5cd83d2-4be2-11ea-b375-b88a60e194fb-1-ps,crmid:9827008661,2,Dividend Card,4,Business Loan
c5ce6e36-4be2-11ea-a22a-b88a60e194fb-1-ps,crmid:4657068104,4,Travel Card,3,Business Loan
c5cf5886-4be2-11ea-b24b-b88a60e194fb-1-ps,crmid:9461141560,3,Dividend Card,3,Business Loan
c5d042e6-4be2-11ea-8f31-b88a60e194fb-1-ps,crmid:4083629564,4,Business Card,8,Personal Loan
c5d1063a-4be2-11ea-8f2e-b88a60e194fb-1-ps,crmid:5223417956,6,Platinum Card,5,Personal Loan
c5d1c98a-4be2-11ea-8ff1-b88a60e194fb-1-ps,crmid:4157210440,5,Travel Card,6,Personal Loan
c5d2db94-4be2-11ea-850c-b88a60e194fb-1-ps,crmid:2300626331,3,Rewards Card,5,Auto Loan
c69d2f86-4be2-11ea-ae25-b88a60e194fb-1-ps,crmid:6294938284,4,Platinum Card,4,Personal Loan
c69e424c-4be2-11ea-9fdb-b88a60e194fb-1-ps,crmid:4234374974,3,Business Card,2,Personal Loan
c69f0590-4be2-11ea-9c1a-b88a60e194fb-1-ps,crmid:9872100620,4,Platinum Card,2,Auto Loan
c69fc8e6-4be2-11ea-8229-b88a60e194fb-1-ps,crmid:5004199898,5,Rewards Card,4,Personal Loan
c6a0d90c-4be2-11ea-b179-b88a60e194fb-1-ps,crmid:4750714372,3,Platinum Card,9,Personal Loan
c6a19d76-4be2-11ea-aaf9-b88a60e194fb-1-ps,crmid:7175796398,3,Business Card,3,Auto Loan
c6a286d0-4be2-11ea-9572-b88a60e194fb-1-ps,crmid:1858427741,4,Travel Card,4,Auto Loan
c6a37126-4be2-11ea-b01b-b88a60e194fb-1-ps,crmid:1221004645,5,Business Card,5,Business Loan
c6a45bc2-4be2-11ea-b99b-b88a60e194fb-1-ps,crmid:3526651551,4,Travel Card,4,Auto Loan
c6a51ec8-4be2-11ea-b7a7-b88a60e194fb-1-ps,crmid:6381233583,3,Student Card,5,Student Loan
c6a5e234-4be2-11ea-9fae-b88a60e194fb-1-ps,crmid:8961004058,6,Simplicity Card,6,Student Loan
c6a6a592-4be2-11ea-9502-b88a60e194fb-1-ps,crmid:5019431641,3,Rewards Card,3,Student Loan
c6a7ddde-4be2-11ea-ab7a-b88a60e194fb-1-ps,crmid:5892857636,4,Simplicity Card,4,Student Loan
c6a8c846-4be2-11ea-b6d7-b88a60e194fb-1-ps,crmid:4208383060,3,Rewards Card,4,Auto Loan
c77197b4-4be2-11ea-a7a1-b88a60e194fb-1-ps,crmid:5541834089,3,Travel Card,4,Business Loan
c772820a-4be2-11ea-8837-b88a60e194fb-1-ps,crmid:9217011147,5,Dividend Card,9,Personal Loan
c7736b18-4be2-11ea-aed1-b88a60e194fb-1-ps,crmid:5736897472,5,Travel Card,4,Personal Loan
c7742f5a-4be2-11ea-b29c-b88a60e194fb-1-ps,crmid:9412106056,5,Simplicity Card,4,Personal Loan
c774f2f6-4be2-11ea-845f-b88a60e194fb-1-ps,crmid:9761033717,5,Travel Card,2,Business Loan
c775dbf6-4be2-11ea-901e-b88a60e194fb-1-ps,crmid:5852132473,5,Rewards Card,4,Business Loan
c776c792-4be2-11ea-b307-b88a60e194fb-1-ps,crmid:3509291639,5,Dividend Card,4,Business Loan
c77789c6-4be2-11ea-896c-b88a60e194fb-1-ps,crmid:8715035422,5,Dividend Card,5,Auto Loan
c7789b3a-4be2-11ea-a5e9-b88a60e194fb-1-ps,crmid:1964970118,3,Dividend Card,4,Student Loan
c77986ec-4be2-11ea-b2c7-b88a60e194fb-1-ps,crmid:4251091563,6,Student Card,4,Personal Loan
c77a230c-4be2-11ea-a2c8-b88a60e194fb-1-ps,crmid:8741347732,6,Rewards Card,3,Student Loan
c77ae518-4be2-11ea-83bc-b88a60e194fb-1-ps,crmid:2107547166,3,Rewards Card,3,Personal Loan
c77c1d80-4be2-11ea-a1f1-b88a60e194fb-1-ps,crmid:1918238565,4,Travel Card,3,Personal Loan
c77d080c-4be2-11ea-a322-b88a60e194fb-1-ps,crmid:6962899490,6,Rewards Card,5,Business Loan
c77e407a-4be2-11ea-83b8-b88a60e194fb-1-ps,crmid:7878510744,4,Platinum Card,5,Personal Loan
c848e306-4be2-11ea-a77e-b88a60e194fb-1-ps,crmid:1424445759,4,Simplicity Card,4,Student Loan
c849cd66-4be2-11ea-980b-b88a60e194fb-1-ps,crmid:1531746212,4,Business Card,5,Auto Loan
c84ab7cc-4be2-11ea-a8bd-b88a60e194fb-1-ps,crmid:1853909148,4,Simplicity Card,4,Personal Loan
c84b7b12-4be2-11ea-9b07-b88a60e194fb-1-ps,crmid:9346558989,4,Rewards Card,5,Auto Loan
c84c3e5c-4be2-11ea-821f-b88a60e194fb-1-ps,crmid:9219667164,4,Rewards Card,4,Personal Loan
c84d01b4-4be2-11ea-a4ad-b88a60e194fb-1-ps,crmid:5138376492,5,Dividend Card,5,Business Loan
c84e3a98-4be2-11ea-ba49-b88a60e194fb-1-ps,crmid:2720716530,7,Dividend Card,3,Business Loan
c84f2492-4be2-11ea-bd0f-b88a60e194fb-1-ps,crmid:6732897316,5,Rewards Card,5,Auto Loan
c8500eee-4be2-11ea-9612-b88a60e194fb-1-ps,crmid:4716418318,5,Platinum Card,2,Business Loan
c850f952-4be2-11ea-8a46-b88a60e194fb-1-ps,crmid:1361524004,6,Dividend Card,4,Personal Loan
c851e3ae-4be2-11ea-b866-b88a60e194fb-1-ps,crmid:8002104446,3,Simplicity Card,2,Business Loan
c852a6f4-4be2-11ea-a433-b88a60e194fb-1-ps,crmid:1347716118,4,Student Card,6,Business Loan
c85391e4-4be2-11ea-8970-b88a60e194fb-1-ps,crmid:2672705098,5,Business Card,7,Personal Loan
c8547bba-4be2-11ea-8c96-b88a60e194fb-1-ps,crmid:7957216778,3,Simplicity Card,4,Auto Loan
c8553f0a-4be2-11ea-8e55-b88a60e194fb-1-ps,crmid:2749171412,5,Student Card,4,Personal Loan
c91cd478-4be2-11ea-9850-b88a60e194fb-1-ps,crmid:2832227628,5,Platinum Card,5,Student Loan
c91dbed8-4be2-11ea-ab81-b88a60e194fb-1-ps,crmid:4885825269,3,Simplicity Card,2,Personal Loan
c91ea940-4be2-11ea-92a1-b88a60e194fb-1-ps,crmid:9415779505,3,Simplicity Card,2,Personal Loan
c91f938c-4be2-11ea-90ab-b88a60e194fb-1-ps,crmid:3743642100,4,Student Card,5,Student Loan
c92056e8-4be2-11ea-93db-b88a60e194fb-1-ps,crmid:2260667947,4,Dividend Card,6,Personal Loan
c9211a3a-4be2-11ea-a6be-b88a60e194fb-1-ps,crmid:5471161406,5,Travel Card,4,Auto Loan
c9222ba6-4be2-11ea-b270-b88a60e194fb-1-ps,crmid:5594337316,4,Travel Card,3,Business Loan
c9233d12-4be2-11ea-a19b-b88a60e194fb-1-ps,crmid:8998119735,3,Travel Card,5,Personal Loan
c9244e78-4be2-11ea-9b28-b88a60e194fb-1-ps,crmid:4376416915,3,Dividend Card,5,Auto Loan
c92511ca-4be2-11ea-9906-b88a60e194fb-1-ps,crmid:3188038592,3,Travel Card,4,Personal Loan
c925fc30-4be2-11ea-80d0-b88a60e194fb-1-ps,crmid:6466910996,3,Dividend Card,3,Business Loan
c926bf80-4be2-11ea-850f-b88a60e194fb-1-ps,crmid:3490515300,4,Rewards Card,9,Personal Loan
c927aa7a-4be2-11ea-b8a4-b88a60e194fb-1-ps,crmid:5502983866,3,Dividend Card,3,Auto Loan
c9289440-4be2-11ea-8787-b88a60e194fb-1-ps,crmid:6668003423,6,Platinum Card,3,Personal Loan
c9ef8d8a-4be2-11ea-92a5-b88a60e194fb-1-ps,crmid:3959343557,4,Travel Card,4,Personal Loan
c9f0a064-4be2-11ea-954e-b88a60e194fb-1-ps,crmid:9801541525,5,Simplicity Card,4,Business Loan
c9f18aba-4be2-11ea-b547-b88a60e194fb-1-ps,crmid:2729133046,5,Platinum Card,5,Personal Loan
c9f24df8-4be2-11ea-8e82-b88a60e194fb-1-ps,crmid:4263082175,4,Platinum Card,4,Personal Loan
c9f3385a-4be2-11ea-8bc6-b88a60e194fb-1-ps,crmid:6338215942,3,Simplicity Card,5,Personal Loan
c9f3fba6-4be2-11ea-beee-b88a60e194fb-1-ps,crmid:9448775858,4,Student Card,5,Auto Loan
c9f4e5b6-4be2-11ea-9917-b88a60e194fb-1-ps,crmid:7866771121,5,Business Card,7,Personal Loan
c9f5cf00-4be2-11ea-af5a-b88a60e194fb-1-ps,crmid:1927797967,4,Platinum Card,6,Business Loan
c9f6e27e-4be2-11ea-b500-b88a60e194fb-1-ps,crmid:7566771234,5,Rewards Card,5,Auto Loan
c9f7f340-4be2-11ea-bc0b-b88a60e194fb-1-ps,crmid:9405233210,3,Dividend Card,4,Personal Loan
c9f8b558-4be2-11ea-9eaf-b88a60e194fb-1-ps,crmid:1992202020,6,Dividend Card,4,Student Loan
c9f99fbe-4be2-11ea-a126-b88a60e194fb-1-ps,crmid:4279066148,6,Business Card,9,Business Loan
c9fa6440-4be2-11ea-9837-b88a60e194fb-1-ps,crmid:2953999060,4,Travel Card,4,Personal Loan
cac330c6-4be2-11ea-abb9-b88a60e194fb-1-ps,crmid:5824577760,5,Simplicity Card,5,Business Loan
cac4b77e-4be2-11ea-9dac-b88a60e194fb-1-ps,crmid:9414525757,4,Travel Card,4,Business Loan
cac5efe2-4be2-11ea-b45d-b88a60e194fb-1-ps,crmid:5112561151,5,Rewards Card,3,Auto Loan
cac74f90-4be2-11ea-a169-b88a60e194fb-1-ps,crmid:4582977360,2,Travel Card,3,Auto Loan
cac8610c-4be2-11ea-8729-b88a60e194fb-1-ps,crmid:4943573199,4,Student Card,2,Personal Loan
cac92438-4be2-11ea-a6bd-b88a60e194fb-1-ps,crmid:7890128225,4,Dividend Card,3,Business Loan
caca35c8-4be2-11ea-90c9-b88a60e194fb-1-ps,crmid:8457174104,4,Platinum Card,3,Personal Loan
cacafa62-4be2-11ea-8da3-b88a60e194fb-1-ps,crmid:2255515840,3,Rewards Card,5,Auto Loan
cacbbda6-4be2-11ea-a508-b88a60e194fb-1-ps,crmid:2690461159,5,Dividend Card,3,Personal Loan
cacccdf4-4be2-11ea-b15f-b88a60e194fb-1-ps,crmid:6665498779,6,Student Card,4,Auto Loan
cacdb92c-4be2-11ea-8fcb-b88a60e194fb-1-ps,crmid:8276194960,5,Platinum Card,8,Auto Loan
cacea42c-4be2-11ea-9fbf-b88a60e194fb-1-ps,crmid:9023593309,4,Travel Card,9,Auto Loan
cacf65d2-4be2-11ea-aec0-b88a60e194fb-1-ps,crmid:1886406243,4,Travel Card,5,Auto Loan
cad051c2-4be2-11ea-9cbb-b88a60e194fb-1-ps,crmid:1938016884,5,Simplicity Card,7,Business Loan
cad13be2-4be2-11ea-9e7f-b88a60e194fb-1-ps,crmid:6527184031,4,Rewards Card,4,Personal Loan
cb9a08b4-4be2-11ea-911a-b88a60e194fb-1-ps,crmid:6840690045,3,Rewards Card,4,Personal Loan
cb9b1b5a-4be2-11ea-94fe-b88a60e194fb-1-ps,crmid:4850588081,4,Travel Card,3,Auto Loan
cb9c2cb8-4be2-11ea-a8b6-b88a60e194fb-1-ps,crmid:2244153848,4,Rewards Card,4,Student Loan
cb9d15e4-4be2-11ea-b91b-b88a60e194fb-1-ps,crmid:6897901731,5,Business Card,8,Personal Loan
cb9dda80-4be2-11ea-9b63-b88a60e194fb-1-ps,crmid:3539655428,5,Simplicity Card,4,Business Loan
cb9e9db0-4be2-11ea-8b58-b88a60e194fb-1-ps,crmid:5933637340,4,Platinum Card,5,Personal Loan
cb9f87d8-4be2-11ea-9660-b88a60e194fb-1-ps,crmid:6192869498,3,Dividend Card,4,Auto Loan
cba0722e-4be2-11ea-ab9e-b88a60e194fb-1-ps,crmid:8372130579,4,Student Card,5,Personal Loan
cba15ce2-4be2-11ea-9f17-b88a60e194fb-1-ps,crmid:4062856972,4,Simplicity Card,4,Personal Loan
cba26d0a-4be2-11ea-b31f-b88a60e194fb-1-ps,crmid:5242818157,3,Student Card,8,Business Loan
cba33046-4be2-11ea-97d9-b88a60e194fb-1-ps,crmid:5506592536,5,Platinum Card,3,Personal Loan
cba3f39a-4be2-11ea-b748-b88a60e194fb-1-ps,crmid:4907040690,3,Dividend Card,5,Student Loan
cba505c0-4be2-11ea-bf4a-b88a60e194fb-1-ps,crmid:2065382088,3,Simplicity Card,4,Student Loan
cba5c870-4be2-11ea-99d0-b88a60e194fb-1-ps,crmid:2182130789,2,Student Card,3,Student Loan
cba6b2c8-4be2-11ea-abcb-b88a60e194fb-1-ps,crmid:9354758795,7,Travel Card,7,Auto Loan
cc6fa7b6-4be2-11ea-9fa3-b88a60e194fb-1-ps,crmid:5454811541,4,Dividend Card,3,Business Loan
cc70b8fe-4be2-11ea-87ba-b88a60e194fb-1-ps,crmid:3165414473,4,Business Card,3,Personal Loan
cc717c58-4be2-11ea-b4c9-b88a60e194fb-1-ps,crmid:8552797757,3,Travel Card,3,Personal Loan
cc728de8-4be2-11ea-9dd1-b88a60e194fb-1-ps,crmid:3343973343,4,Dividend Card,3,Business Loan
cc73a12e-4be2-11ea-a63c-b88a60e194fb-1-ps,crmid:3041545142,2,Rewards Card,5,Personal Loan
cc74d8d8-4be2-11ea-b764-b88a60e194fb-1-ps,crmid:6144170128,3,Travel Card,3,Student Loan
cc76102c-4be2-11ea-aa36-b88a60e194fb-1-ps,crmid:1593051279,3,Student Card,3,Student Loan
cc774942-4be2-11ea-a8f1-b88a60e194fb-1-ps,crmid:1468128633,5,Student Card,4,Personal Loan
cc788192-4be2-11ea-a9d6-b88a60e194fb-1-ps,crmid:5356259081,3,Student Card,8,Personal Loan
cc796b90-4be2-11ea-a861-b88a60e194fb-1-ps,crmid:7450258365,3,Dividend Card,5,Personal Loan
cc7a7d54-4be2-11ea-b6e3-b88a60e194fb-1-ps,crmid:2456071111,4,Student Card,2,Personal Loan
cc7b6762-4be2-11ea-9528-b88a60e194fb-1-ps,crmid:7033071658,5,Dividend Card,3,Personal Loan
cc7c78e2-4be2-11ea-a488-b88a60e194fb-1-ps,crmid:9326787238,6,Dividend Card,4,Personal Loan
cc7d8a2e-4be2-11ea-b150-b88a60e194fb-1-ps,crmid:1362042761,2,Platinum Card,5,Personal Loan
cd4769a4-4be2-11ea-8809-b88a60e194fb-1-ps,crmid:7427300091,7,Student Card,4,Student Loan
cd48555c-4be2-11ea-aaac-b88a60e194fb-1-ps,crmid:5573724973,3,Student Card,4,Business Loan
cd493fc6-4be2-11ea-b93f-b88a60e194fb-1-ps,crmid:8536226252,4,Simplicity Card,5,Student Loan
cd4a4fee-4be2-11ea-9b49-b88a60e194fb-1-ps,crmid:5239166228,3,Travel Card,5,Personal Loan
cd4b3b8c-4be2-11ea-a1d6-b88a60e194fb-1-ps,crmid:9598643339,4,Rewards Card,3,Personal Loan
cd4bfed4-4be2-11ea-82c0-b88a60e194fb-1-ps,crmid:1744930752,5,Travel Card,2,Auto Loan
cd4cc230-4be2-11ea-ac4b-b88a60e194fb-1-ps,crmid:5385718493,3,Platinum Card,5,Business Loan
cd4dd39a-4be2-11ea-9287-b88a60e194fb-1-ps,crmid:6155104821,3,Dividend Card,4,Student Loan
cd4e9706-4be2-11ea-958f-b88a60e194fb-1-ps,crmid:9997812054,4,Simplicity Card,1,Auto Loan
cd4fa728-4be2-11ea-ad79-b88a60e194fb-1-ps,crmid:1183010692,6,Business Card,4,Auto Loan
cd5092c6-4be2-11ea-89b3-b88a60e194fb-1-ps,crmid:6037058044,3,Simplicity Card,4,Personal Loan
cd517d3a-4be2-11ea-b1d2-b88a60e194fb-1-ps,crmid:3390574923,3,Dividend Card,5,Personal Loan
cd528d36-4be2-11ea-ba12-b88a60e194fb-1-ps,crmid:1850504738,6,Platinum Card,2,Business Loan
cd537900-4be2-11ea-bf4e-b88a60e194fb-1-ps,crmid:2523555818,3,Student Card,5,Personal Loan
ce1bf766-4be2-11ea-81e4-b88a60e194fb-1-ps,crmid:7065978678,4,Simplicity Card,4,Personal Loan
ce1d2fd8-4be2-11ea-afca-b88a60e194fb-1-ps,crmid:7575341307,4,Travel Card,6,Personal Loan
ce1e1a40-4be2-11ea-bda6-b88a60e194fb-1-ps,crmid:1702955933,4,Simplicity Card,4,Personal Loan
ce1f05f6-4be2-11ea-8936-b88a60e194fb-1-ps,crmid:7108173190,4,Platinum Card,4,Business Loan
ce1ff02c-4be2-11ea-9027-b88a60e194fb-1-ps,crmid:4575770922,2,Business Card,4,Auto Loan
ce210092-4be2-11ea-8b86-b88a60e194fb-1-ps,crmid:4605869213,2,Simplicity Card,4,Business Loan
ce21c3d8-4be2-11ea-b47d-b88a60e194fb-1-ps,crmid:6821295128,3,Student Card,7,Auto Loan
ce22ae4c-4be2-11ea-9b95-b88a60e194fb-1-ps,crmid:9589616337,4,Rewards Card,3,Auto Loan
ce23989c-4be2-11ea-a88d-b88a60e194fb-1-ps,crmid:6304122379,3,Travel Card,4,Business Loan
ce248300-4be2-11ea-9705-b88a60e194fb-1-ps,crmid:1046578945,3,Platinum Card,4,Auto Loan
ce25464a-4be2-11ea-a827-b88a60e194fb-1-ps,crmid:5570566893,3,Platinum Card,9,Auto Loan
ce2631e4-4be2-11ea-bd65-b88a60e194fb-1-ps,crmid:5501994851,5,Rewards Card,3,Auto Loan
ce26f49c-4be2-11ea-8262-b88a60e194fb-1-ps,crmid:1100973196,4,Business Card,4,Personal Loan
ce27de36-4be2-11ea-a062-b88a60e194fb-1-ps,crmid:6352333405,5,Student Card,4,Auto Loan
cef42e86-4be2-11ea-9cff-b88a60e194fb-1-ps,crmid:6780014973,4,Platinum Card,4,Personal Loan
cef56728-4be2-11ea-b1aa-b88a60e194fb-1-ps,crmid:6401509443,3,Travel Card,8,Student Loan
cef67a9c-4be2-11ea-a959-b88a60e194fb-1-ps,crmid:2083048601,5,Business Card,6,Personal Loan
cef73bc0-4be2-11ea-9eaf-b88a60e194fb-1-ps,crmid:3119656682,3,Platinum Card,4,Auto Loan
cef7ff06-4be2-11ea-bfaf-b88a60e194fb-1-ps,crmid:4477924780,4,Travel Card,5,Personal Loan
cef8e970-4be2-11ea-92b7-b88a60e194fb-1-ps,crmid:3356445057,3,Dividend Card,4,Personal Loan
cef9fadc-4be2-11ea-b3ff-b88a60e194fb-1-ps,crmid:6347843734,3,Platinum Card,4,Personal Loan
cefae542-4be2-11ea-99e7-b88a60e194fb-1-ps,crmid:2754754026,3,Business Card,4,Personal Loan
cefba892-4be2-11ea-8e39-b88a60e194fb-1-ps,crmid:6745382006,3,Platinum Card,5,Business Loan
cefcba0a-4be2-11ea-a761-b88a60e194fb-1-ps,crmid:5672430475,4,Dividend Card,3,Student Loan
cefd7d4a-4be2-11ea-bdee-b88a60e194fb-1-ps,crmid:7849936922,2,Travel Card,2,Business Loan
cefe67a8-4be2-11ea-81a0-b88a60e194fb-1-ps,crmid:1740103411,3,Simplicity Card,8,Personal Loan
ceff2aec-4be2-11ea-9b48-b88a60e194fb-1-ps,crmid:4907040690,8,Student Card,5,Business Loan
cf003cca-4be2-11ea-ad09-b88a60e194fb-1-ps,crmid:6935651519,4,Rewards Card,4,Auto Loan
cf0126dc-4be2-11ea-a1a3-b88a60e194fb-1-ps,crmid:7213461841,3,Simplicity Card,3,Personal Loan
cfc9a6b6-4be2-11ea-9d2f-b88a60e194fb-1-ps,crmid:4177317077,5,Simplicity Card,5,Student Loan
cfca90fa-4be2-11ea-8000-b88a60e194fb-1-ps,crmid:2502332180,2,Rewards Card,6,Student Loan
cfcb7b62-4be2-11ea-bde0-b88a60e194fb-1-ps,crmid:6089297153,5,Rewards Card,5,Personal Loan
cfcc3eae-4be2-11ea-b24c-b88a60e194fb-1-ps,crmid:4528971341,4,Dividend Card,4,Student Loan
cfcd2908-4be2-11ea-bfbc-b88a60e194fb-1-ps,crmid:2721099177,2,Business Card,4,Student Loan
cfcdec5c-4be2-11ea-9d69-b88a60e194fb-1-ps,crmid:2060433660,4,Platinum Card,4,Student Loan
cfced7d8-4be2-11ea-aeb7-b88a60e194fb-1-ps,crmid:5841250215,5,Rewards Card,9,Business Loan
cfcf9b90-4be2-11ea-bf68-b88a60e194fb-1-ps,crmid:5986993337,6,Dividend Card,4,Business Loan
cfd05ecc-4be2-11ea-8351-b88a60e194fb-1-ps,crmid:9725000918,5,Rewards Card,3,Student Loan
cfd147e8-4be2-11ea-bbee-b88a60e194fb-1-ps,crmid:5265792457,5,Dividend Card,3,Personal Loan
cfd23228-4be2-11ea-9b8c-b88a60e194fb-1-ps,crmid:3826326890,5,Student Card,4,Auto Loan
cfd344c0-4be2-11ea-bff9-b88a60e194fb-1-ps,crmid:7474485462,4,Simplicity Card,8,Business Loan
cfd42e8c-4be2-11ea-a653-b88a60e194fb-1-ps,crmid:1097793828,3,Business Card,4,Business Loan
cfd519ac-4be2-11ea-b85e-b88a60e194fb-1-ps,crmid:6887762481,3,Rewards Card,3,Personal Loan
d0a07e68-4be2-11ea-82e6-b88a60e194fb-1-ps,crmid:9282211827,4,Platinum Card,3,Personal Loan
d0a168b4-4be2-11ea-a043-b88a60e194fb-1-ps,crmid:1449122686,6,Student Card,4,Business Loan
d0a22c08-4be2-11ea-bd3a-b88a60e194fb-1-ps,crmid:7861860896,4,Simplicity Card,3,Auto Loan
d0a3165a-4be2-11ea-b454-b88a60e194fb-1-ps,crmid:3111896274,4,Business Card,5,Personal Loan
d0a3d9b6-4be2-11ea-b2ce-b88a60e194fb-1-ps,crmid:7675744648,4,Business Card,4,Auto Loan
d0a4c410-4be2-11ea-9291-b88a60e194fb-1-ps,crmid:8865637581,4,Platinum Card,3,Student Loan
d0a5ae74-4be2-11ea-bfef-b88a60e194fb-1-ps,crmid:8879874962,3,Dividend Card,4,Business Loan
d0a698de-4be2-11ea-abe3-b88a60e194fb-1-ps,crmid:1565609967,4,Travel Card,3,Business Loan
d0a78336-4be2-11ea-897c-b88a60e194fb-1-ps,crmid:6048038379,2,Dividend Card,4,Student Loan
d0a86d86-4be2-11ea-8c0f-b88a60e194fb-1-ps,crmid:8094327195,4,Travel Card,6,Business Loan
d0a9a676-4be2-11ea-a350-b88a60e194fb-1-ps,crmid:3308726902,5,Rewards Card,3,Auto Loan
d0aa920a-4be2-11ea-b998-b88a60e194fb-1-ps,crmid:7234320098,4,Student Card,3,Auto Loan
d0ab7ac0-4be2-11ea-8b41-b88a60e194fb-1-ps,crmid:3829053926,3,Student Card,3,Auto Loan
d0ac6538-4be2-11ea-acf5-b88a60e194fb-1-ps,crmid:6760481419,4,Simplicity Card,1,Business Loan
d0ad29ec-4be2-11ea-a6fa-b88a60e194fb-1-ps,crmid:9263546697,6,Dividend Card,4,Auto Loan
d177f22e-4be2-11ea-bd37-b88a60e194fb-1-ps,crmid:1877621975,3,Simplicity Card,7,Auto Loan
d1790518-4be2-11ea-a491-b88a60e194fb-1-ps,crmid:3779251367,4,Platinum Card,5,Business Loan
d179efae-4be2-11ea-899c-b88a60e194fb-1-ps,crmid:9551784499,1,Student Card,3,Auto Loan
d17ab2b4-4be2-11ea-9548-b88a60e194fb-1-ps,crmid:4015863655,3,Business Card,10,Personal Loan
d17bc394-4be2-11ea-81c7-b88a60e194fb-1-ps,crmid:4494932827,3,Simplicity Card,5,Personal Loan
d17c8770-4be2-11ea-8a34-b88a60e194fb-1-ps,crmid:6130262872,3,Dividend Card,4,Auto Loan
d17d706c-4be2-11ea-a180-b88a60e194fb-1-ps,crmid:8409207485,2,Platinum Card,3,Personal Loan
d17e352c-4be2-11ea-aba3-b88a60e194fb-1-ps,crmid:7869816169,4,Travel Card,4,Personal Loan
d17f4542-4be2-11ea-aef9-b88a60e194fb-1-ps,crmid:9104573139,3,Simplicity Card,4,Personal Loan
d1802fe2-4be2-11ea-87c3-b88a60e194fb-1-ps,crmid:5712851647,5,Platinum Card,3,Auto Loan
d1811b48-4be2-11ea-a883-b88a60e194fb-1-ps,crmid:4922607140,4,Simplicity Card,4,Personal Loan
d181de8a-4be2-11ea-8c4f-b88a60e194fb-1-ps,crmid:3688313285,4,Rewards Card,4,Personal Loan
d182a1f4-4be2-11ea-8123-b88a60e194fb-1-ps,crmid:8387091488,6,Business Card,5,Personal Loan
d183b1f8-4be2-11ea-8022-b88a60e194fb-1-ps,crmid:5524120984,6,Travel Card,3,Student Loan
d1849dd2-4be2-11ea-8853-b88a60e194fb-1-ps,crmid:4503876532,4,Rewards Card,2,Student Loan
d24fdb6e-4be2-11ea-ae39-b88a60e194fb-1-ps,crmid:5271738747,7,Rewards Card,9,Auto Loan
d250ed00-4be2-11ea-b6a7-b88a60e194fb-1-ps,crmid:1469259106,4,Rewards Card,5,Personal Loan
d251fe4c-4be2-11ea-b547-b88a60e194fb-1-ps,crmid:6530760641,3,Business Card,4,Business Loan
d252c2c6-4be2-11ea-bfd0-b88a60e194fb-1-ps,crmid:6157366105,9,Dividend Card,5,Student Loan
d253ad36-4be2-11ea-ba69-b88a60e194fb-1-ps,crmid:2916307622,5,Rewards Card,4,Personal Loan
d254be9a-4be2-11ea-af64-b88a60e194fb-1-ps,crmid:8933498196,5,Rewards Card,4,Personal Loan
d255a8f8-4be2-11ea-a5ca-b88a60e194fb-1-ps,crmid:1448477313,4,Platinum Card,4,Auto Loan
d256920c-4be2-11ea-94a3-b88a60e194fb-1-ps,crmid:1942153105,3,Travel Card,4,Personal Loan
d2577c68-4be2-11ea-89c6-b88a60e194fb-1-ps,crmid:3210989432,3,Simplicity Card,5,Personal Loan
d2584114-4be2-11ea-bee2-b88a60e194fb-1-ps,crmid:6572225118,3,Simplicity Card,3,Student Loan
d2590476-4be2-11ea-aac7-b88a60e194fb-1-ps,crmid:9201648857,3,Travel Card,3,Business Loan
d25a3cfa-4be2-11ea-a5c7-b88a60e194fb-1-ps,crmid:1184376719,6,Platinum Card,3,Personal Loan
d25b4d92-4be2-11ea-87a4-b88a60e194fb-1-ps,crmid:9158770542,4,Travel Card,5,Auto Loan
d25c85a4-4be2-11ea-a3e8-b88a60e194fb-1-ps,crmid:1419590429,4,Simplicity Card,5,Business Loan
d25e3352-4be2-11ea-bffe-b88a60e194fb-1-ps,crmid:9228118074,5,Rewards Card,5,Personal Loan
d32aab80-4be2-11ea-9690-b88a60e194fb-1-ps,crmid:5098630755,4,Business Card,4,Personal Loan
d32b96ba-4be2-11ea-ace5-b88a60e194fb-1-ps,crmid:3489570500,3,Rewards Card,5,Personal Loan
d32ca65c-4be2-11ea-90b9-b88a60e194fb-1-ps,crmid:9285186265,4,Rewards Card,6,Auto Loan
d32d91dc-4be2-11ea-a5c0-b88a60e194fb-1-ps,crmid:2286199448,5,Simplicity Card,4,Personal Loan
d32ea246-4be2-11ea-9c19-b88a60e194fb-1-ps,crmid:3016929076,3,Dividend Card,3,Personal Loan
d32f8dfa-4be2-11ea-bce7-b88a60e194fb-1-ps,crmid:8315116725,3,Platinum Card,5,Auto Loan
d3305140-4be2-11ea-8a63-b88a60e194fb-1-ps,crmid:9070063007,3,Dividend Card,4,Business Loan
d33114c2-4be2-11ea-a124-b88a60e194fb-1-ps,crmid:1816698390,4,Simplicity Card,4,Personal Loan
d33224ae-4be2-11ea-962a-b88a60e194fb-1-ps,crmid:2735336209,5,Simplicity Card,4,Auto Loan
d3331054-4be2-11ea-92a3-b88a60e194fb-1-ps,crmid:1209476617,5,Business Card,4,Personal Loan
d333d3a8-4be2-11ea-a23b-b88a60e194fb-1-ps,crmid:7902737834,2,Simplicity Card,3,Personal Loan
d334be22-4be2-11ea-83a9-b88a60e194fb-1-ps,crmid:5172430731,5,Rewards Card,5,Student Loan
d335a89a-4be2-11ea-a700-b88a60e194fb-1-ps,crmid:6790432498,4,Business Card,2,Business Loan
d3366a7a-4be2-11ea-b5d4-b88a60e194fb-1-ps,crmid:3229938965,6,Travel Card,4,Personal Loan
d3375614-4be2-11ea-ac3c-b88a60e194fb-1-ps,crmid:1063424331,3,Rewards Card,3,Auto Loan
d40308d2-4be2-11ea-b864-b88a60e194fb-1-ps,crmid:3954023280,4,Simplicity Card,6,Personal Loan
d4041a2e-4be2-11ea-a8c6-b88a60e194fb-1-ps,crmid:7483127557,5,Platinum Card,3,Personal Loan
d404dd8c-4be2-11ea-962d-b88a60e194fb-1-ps,crmid:8483226367,4,Student Card,2,Personal Loan
d405c7e2-4be2-11ea-9349-b88a60e194fb-1-ps,crmid:1951174462,5,Simplicity Card,4,Business Loan
d406b242-4be2-11ea-99a5-b88a60e194fb-1-ps,crmid:2594754033,3,Dividend Card,5,Personal Loan
d4079ca4-4be2-11ea-ab2c-b88a60e194fb-1-ps,crmid:6445663480,5,Simplicity Card,5,Personal Loan
d4085fee-4be2-11ea-8c77-b88a60e194fb-1-ps,crmid:5196658179,4,Business Card,3,Personal Loan
d4092346-4be2-11ea-b07d-b88a60e194fb-1-ps,crmid:9960206496,5,Rewards Card,4,Personal Loan
d40a0d9c-4be2-11ea-969a-b88a60e194fb-1-ps,crmid:1590911699,4,Simplicity Card,3,Personal Loan
d40ad0f4-4be2-11ea-be02-b88a60e194fb-1-ps,crmid:5458015953,6,Business Card,4,Student Loan
d40b9440-4be2-11ea-af0d-b88a60e194fb-1-ps,crmid:5150529802,3,Dividend Card,9,Personal Loan
d40c7ea6-4be2-11ea-8494-b88a60e194fb-1-ps,crmid:5149727032,4,Student Card,5,Business Loan
d40d69a6-4be2-11ea-95a7-b88a60e194fb-1-ps,crmid:9766523960,2,Simplicity Card,4,Business Loan
d40e54ae-4be2-11ea-8ccd-b88a60e194fb-1-ps,crmid:6947000415,2,Travel Card,6,Personal Loan
d40f16d4-4be2-11ea-b556-b88a60e194fb-1-ps,crmid:8191737362,4,Travel Card,3,Personal Loan
d4da7e34-4be2-11ea-aabb-b88a60e194fb-1-ps,crmid:1119024270,6,Simplicity Card,4,Business Loan
d4db417a-4be2-11ea-b5cb-b88a60e194fb-1-ps,crmid:2006429410,4,Business Card,3,Personal Loan
d4dc04c0-4be2-11ea-9472-b88a60e194fb-1-ps,crmid:1953181669,4,Platinum Card,2,Auto Loan
d4dcedd8-4be2-11ea-9c4b-b88a60e194fb-1-ps,crmid:8800886924,4,Travel Card,4,Personal Loan
d4ddd978-4be2-11ea-8c70-b88a60e194fb-1-ps,crmid:6138744447,4,Rewards Card,2,Personal Loan
d4de75ae-4be2-11ea-82e4-b88a60e194fb-1-ps,crmid:4446426057,3,Platinum Card,4,Auto Loan
d4df85d8-4be2-11ea-80f4-b88a60e194fb-1-ps,crmid:8678483484,3,Simplicity Card,5,Personal Loan
d4e04a7a-4be2-11ea-b164-b88a60e194fb-1-ps,crmid:2824937451,4,Dividend Card,7,Student Loan
d4e134dc-4be2-11ea-96a2-b88a60e194fb-1-ps,crmid:7271379666,3,Business Card,9,Personal Loan
d4e1f6e4-4be2-11ea-a0c7-b88a60e194fb-1-ps,crmid:6753386187,4,Platinum Card,4,Personal Loan
d4e2bb22-4be2-11ea-80d4-b88a60e194fb-1-ps,crmid:2846945394,4,Business Card,6,Personal Loan
d4e3a5e2-4be2-11ea-afea-b88a60e194fb-1-ps,crmid:8138141985,5,Simplicity Card,5,Business Loan
d4e490b4-4be2-11ea-acfb-b88a60e194fb-1-ps,crmid:2687498100,3,Travel Card,4,Personal Loan
d4e57936-4be2-11ea-80d9-b88a60e194fb-1-ps,crmid:1424550572,3,Platinum Card,7,Student Loan
d4e63c8a-4be2-11ea-a651-b88a60e194fb-1-ps,crmid:2433419020,4,Student Card,3,Personal Loan
d5b0926c-4be2-11ea-b279-b88a60e194fb-1-ps,crmid:7112006014,6,Platinum Card,5,Student Loan
d5b1a2a4-4be2-11ea-9f4d-b88a60e194fb-1-ps,crmid:2175286666,5,Business Card,4,Personal Loan
d5b28cd0-4be2-11ea-bbc4-b88a60e194fb-1-ps,crmid:8879778171,4,Rewards Card,5,Auto Loan
d5b378a4-4be2-11ea-813a-b88a60e194fb-1-ps,crmid:9121063484,5,Platinum Card,5,Business Loan
d5b4d6ba-4be2-11ea-9164-b88a60e194fb-1-ps,crmid:5368258793,4,Business Card,5,Personal Loan
d5b5e870-4be2-11ea-948d-b88a60e194fb-1-ps,crmid:8084840902,4,Platinum Card,5,Auto Loan
d5b6ace4-4be2-11ea-81b1-b88a60e194fb-1-ps,crmid:9866550973,5,Platinum Card,4,Personal Loan
d5b7703a-4be2-11ea-b04c-b88a60e194fb-1-ps,crmid:7457112268,3,Platinum Card,5,Student Loan
d5b85a9e-4be2-11ea-a548-b88a60e194fb-1-ps,crmid:4534304134,5,Student Card,6,Personal Loan
d5b91df4-4be2-11ea-a3a3-b88a60e194fb-1-ps,crmid:5597437873,4,Business Card,5,Auto Loan
d5ba083a-4be2-11ea-aa2d-b88a60e194fb-1-ps,crmid:8779340813,4,Platinum Card,8,Personal Loan
d5bb3f88-4be2-11ea-aa4e-b88a60e194fb-1-ps,crmid:6325743266,2,Rewards Card,5,Business Loan
d5bc29dc-4be2-11ea-adbe-b88a60e194fb-1-ps,crmid:8660871612,4,Dividend Card,6,Business Loan
d5bd15a2-4be2-11ea-94f1-b88a60e194fb-1-ps,crmid:6064551580,4,Platinum Card,5,Student Loan
d5bdd8da-4be2-11ea-952b-b88a60e194fb-1-ps,crmid:2972850957,4,Student Card,5,Personal Loan
d6898bae-4be2-11ea-a988-b88a60e194fb-1-ps,crmid:8531396575,2,Business Card,4,Auto Loan
d68ac428-4be2-11ea-bac3-b88a60e194fb-1-ps,crmid:9711143309,4,Dividend Card,4,Auto Loan
d68c23ca-4be2-11ea-b657-b88a60e194fb-1-ps,crmid:1057743402,2,Business Card,6,Business Loan
d68d0df0-4be2-11ea-a76b-b88a60e194fb-1-ps,crmid:8144945546,3,Rewards Card,5,Business Loan
d68dd146-4be2-11ea-955f-b88a60e194fb-1-ps,crmid:3307425320,4,Platinum Card,4,Personal Loan
d68e9498-4be2-11ea-93f9-b88a60e194fb-1-ps,crmid:8127437927,6,Simplicity Card,9,Personal Loan
d68fa6a6-4be2-11ea-be3a-b88a60e194fb-1-ps,crmid:8927450932,3,Travel Card,3,Business Loan
d6909078-4be2-11ea-9b7e-b88a60e194fb-1-ps,crmid:7230104516,2,Simplicity Card,4,Personal Loan
d6917ad8-4be2-11ea-a228-b88a60e194fb-1-ps,crmid:6282602278,4,Simplicity Card,8,Personal Loan
d6923f62-4be2-11ea-aa59-b88a60e194fb-1-ps,crmid:7085848848,4,Business Card,3,Personal Loan
d693288c-4be2-11ea-aaec-b88a60e194fb-1-ps,crmid:6225495314,4,Rewards Card,7,Personal Loan
d693ed28-4be2-11ea-b0e5-b88a60e194fb-1-ps,crmid:6840808063,3,Platinum Card,4,Personal Loan
d694d62c-4be2-11ea-85c4-b88a60e194fb-1-ps,crmid:2720012675,5,Business Card,7,Personal Loan
d6959aba-4be2-11ea-a270-b88a60e194fb-1-ps,crmid:4608746011,2,Dividend Card,4,Personal Loan
d696aae8-4be2-11ea-8029-b88a60e194fb-1-ps,crmid:4027124926,3,Simplicity Card,3,Personal Loan
d75f2ab4-4be2-11ea-b020-b88a60e194fb-1-ps,crmid:7418302556,4,Platinum Card,2,Personal Loan
d760150c-4be2-11ea-a65c-b88a60e194fb-1-ps,crmid:6899497033,3,Dividend Card,5,Auto Loan
d760ff76-4be2-11ea-ba66-b88a60e194fb-1-ps,crmid:7173381729,6,Rewards Card,4,Personal Loan
d761e9cc-4be2-11ea-a478-b88a60e194fb-1-ps,crmid:6192580408,4,Platinum Card,4,Business Loan
d762d43e-4be2-11ea-8cca-b88a60e194fb-1-ps,crmid:4446630458,2,Rewards Card,4,Student Loan
d763e702-4be2-11ea-9119-b88a60e194fb-1-ps,crmid:8125528235,3,Student Card,4,Personal Loan
d764aa7a-4be2-11ea-8c77-b88a60e194fb-1-ps,crmid:7806648878,5,Dividend Card,3,Personal Loan
d7659410-4be2-11ea-9eec-b88a60e194fb-1-ps,crmid:3445357585,4,Platinum Card,5,Personal Loan
d7667f46-4be2-11ea-94d9-b88a60e194fb-1-ps,crmid:9226467264,3,Travel Card,4,Auto Loan
d7671b5a-4be2-11ea-8c7e-b88a60e194fb-1-ps,crmid:7966187567,5,Rewards Card,3,Student Loan
d7682b52-4be2-11ea-9f2b-b88a60e194fb-1-ps,crmid:1836157425,4,Rewards Card,5,Personal Loan
d7693cdc-4be2-11ea-8a00-b88a60e194fb-1-ps,crmid:9566961301,4,Rewards Card,3,Auto Loan
d76a274c-4be2-11ea-9139-b88a60e194fb-1-ps,crmid:8931440678,6,Business Card,3,Personal Loan
d76b3a34-4be2-11ea-bdeb-b88a60e194fb-1-ps,crmid:9353531992,3,Business Card,4,Personal Loan
d76bfc06-4be2-11ea-9489-b88a60e194fb-1-ps,crmid:3366528690,4,Rewards Card,8,Student Loan
d8389a78-4be2-11ea-8754-b88a60e194fb-1-ps,crmid:7009114720,4,Student Card,4,Student Loan
