id,crmid,propensity_room_upgrade,propensity_extended_nights
f0527934-914c-11ea-85b4-b88a60e194fb,crmid:5642175376,3,5
f054d830-914c-11ea-b608-b88a60e194fb,crmid:3144730497,5,9
f056990a-914c-11ea-9a8c-b88a60e194fb,crmid:5215522865,8,3
f0581e64-914c-11ea-be9e-b88a60e194fb,crmid:1129697172,8,3
f05a0674-914c-11ea-88bc-b88a60e194fb,crmid:4821932862,7,5
f05c5208-914c-11ea-9487-b88a60e194fb,crmid:8848443784,7,4
f05e9a4a-914c-11ea-93a9-b88a60e194fb,crmid:8150538258,7,3
f060e590-914c-11ea-924e-b88a60e194fb,crmid:5451674761,5,4
f0637c58-914c-11ea-99de-b88a60e194fb,crmid:9653709082,8,4
f0656486-914c-11ea-a1c3-b88a60e194fb,crmid:3158093420,5,9
f0671246-914c-11ea-ae75-b88a60e194fb,crmid:2444288868,7,4
f069d180-914c-11ea-b0c3-b88a60e194fb,crmid:9202712404,7,6
f06be09c-914c-11ea-84d7-b88a60e194fb,crmid:2855920191,3,5
f06dc8ec-914c-11ea-9edd-b88a60e194fb,crmid:5983207096,3,10
f06f9da4-914c-11ea-a7e8-b88a60e194fb,crmid:5461794234,4,7
f0715f6e-914c-11ea-a7be-b88a60e194fb,crmid:2718942334,7,3
f072f900-914c-11ea-a2fa-b88a60e194fb,crmid:4989023358,7,5
f074ba64-914c-11ea-a3f4-b88a60e194fb,crmid:5843309658,5,4
f076f0a8-914c-11ea-955d-b88a60e194fb,crmid:9174303407,3,3
f0787736-914c-11ea-837b-b88a60e194fb,crmid:2508343546,7,3
f07a7308-914c-11ea-84d2-b88a60e194fb,crmid:3654930252,4,3
f07c20ca-914c-11ea-a1c6-b88a60e194fb,crmid:1674923298,9,4
f07d93d4-914c-11ea-bf94-b88a60e194fb,crmid:6870992805,3,8
f07fb6cc-914c-11ea-ab01-b88a60e194fb,crmid:4668697378,9,4
f08177e4-914c-11ea-aafc-b88a60e194fb,crmid:4870774476,5,8
f082eae6-914c-11ea-8744-b88a60e194fb,crmid:3534597316,3,4
f084d33e-914c-11ea-b034-b88a60e194fb,crmid:6343630473,3,5
f0869464-914c-11ea-a803-b88a60e194fb,crmid:6122516733,4,9
f0880786-914c-11ea-8a27-b88a60e194fb,crmid:5388388280,7,5
f08ac6ae-914c-11ea-a4fc-b88a60e194fb,crmid:1099473963,9,4
f08c8954-914c-11ea-aeaf-b88a60e194fb,crmid:1366840107,3,5
f08ed218-914c-11ea-ab0a-b88a60e194fb,crmid:4599587859,8,4
f091564a-914c-11ea-8a45-b88a60e194fb,crmid:9779908004,5,5
f094b1c0-914c-11ea-97a3-b88a60e194fb,crmid:4689965765,5,4
f0973648-914c-11ea-bde9-b88a60e194fb,crmid:5152123196,8,3
f099801a-914c-11ea-b0eb-b88a60e194fb,crmid:6010452247,5,3
f09b685c-914c-11ea-a6df-b88a60e194fb,crmid:6924824181,9,4
f09d77b6-914c-11ea-bce0-b88a60e194fb,crmid:4266337440,4,8
f0a05de4-914c-11ea-b7e4-b88a60e194fb,crmid:2853732060,9,5
f0a2f5e8-914c-11ea-bb15-b88a60e194fb,crmid:4592941932,4,7
f0a4f1b4-914c-11ea-94de-b88a60e194fb,crmid:8603598046,4,5
f0a69f58-914c-11ea-934f-b88a60e194fb,crmid:3197733675,9,2
f0a89b34-914c-11ea-b818-b88a60e194fb,crmid:9077187212,4,5
f0aa838c-914c-11ea-b114-b88a60e194fb,crmid:7424572854,9,4
f0ac44ca-914c-11ea-b281-b88a60e194fb,crmid:5966475856,5,4
f0ae4070-914c-11ea-891f-b88a60e194fb,crmid:1712980161,4,4
f0b0024c-914c-11ea-a0f1-b88a60e194fb,crmid:4187529658,4,8
f0b1fd9e-914c-11ea-8e86-b88a60e194fb,crmid:9092921139,8,4
f0b433ca-914c-11ea-9ea2-b88a60e194fb,crmid:7196579121,9,5
f0b5f510-914c-11ea-9f04-b88a60e194fb,crmid:5419922623,5,9
f0b7b63e-914c-11ea-9b6a-b88a60e194fb,crmid:3380996504,4,7
f0b92958-914c-11ea-b9a5-b88a60e194fb,crmid:7423034844,7,2
f0ba9c6c-914c-11ea-b97d-b88a60e194fb,crmid:5247632241,7,3
f0bbfbf4-914c-11ea-9271-b88a60e194fb,crmid:6029010362,8,3
f0bd6f06-914c-11ea-b08e-b88a60e194fb,crmid:6197779239,3,3
f0bef5b0-914c-11ea-aa0a-b88a60e194fb,crmid:2641620293,8,3
f0c44cfe-914c-11ea-866d-b88a60e194fb,crmid:5509401322,3,7
f0c6aa54-914c-11ea-894b-b88a60e194fb,crmid:3579474588,4,6
f0c91b36-914c-11ea-b37d-b88a60e194fb,crmid:8910295715,3,4
f0cb0388-914c-11ea-8823-b88a60e194fb,crmid:1369977094,7,3
f0cfd1f0-914c-11ea-8bf3-b88a60e194fb,crmid:9798107428,4,8
f0d19354-914c-11ea-9d3e-b88a60e194fb,crmid:9484049458,8,5
f0d47982-914c-11ea-8ef9-b88a60e194fb,crmid:9654030087,7,3
f0d711ae-914c-11ea-a5c1-b88a60e194fb,crmid:7617732426,10,4
f0d98274-914c-11ea-b661-b88a60e194fb,crmid:1254553786,4,5
f0db6ab4-914c-11ea-be71-b88a60e194fb,crmid:9749484722,10,6
f0dd3f66-914c-11ea-bc4a-b88a60e194fb,crmid:4284565975,3,7
f0ded998-914c-11ea-ba73-b88a60e194fb,crmid:6282307531,8,4
f0e0e8e8-914c-11ea-a34b-b88a60e194fb,crmid:3206751596,2,7
f0e2f83a-914c-11ea-a1f7-b88a60e194fb,crmid:9960900928,6,4
f0e56936-914c-11ea-8385-b88a60e194fb,crmid:6011463458,8,3
f0e7b31c-914c-11ea-95ab-b88a60e194fb,crmid:7848858779,9,6
f0e99b74-914c-11ea-96da-b88a60e194fb,crmid:2106626815,5,5
f0ec6e08-914c-11ea-a155-b88a60e194fb,crmid:9602406840,6,7
f0ee0842-914c-11ea-af22-b88a60e194fb,crmid:7286535724,9,6
f0efdce6-914c-11ea-904c-b88a60e194fb,crmid:4288104959,3,5
f0f1d8ba-914c-11ea-906e-b88a60e194fb,crmid:6468723973,7,4
f0f35f74-914c-11ea-92cd-b88a60e194fb,crmid:3868516896,8,4
f0f5479a-914c-11ea-975e-b88a60e194fb,crmid:9317051585,7,5
f0f6f548-914c-11ea-a366-b88a60e194fb,crmid:9179542520,5,6
f0f8a2fa-914c-11ea-a55b-b88a60e194fb,crmid:9252990671,9,4
f0fa6428-914c-11ea-a7ef-b88a60e194fb,crmid:6739725784,3,10
f0fbffc8-914c-11ea-8fa1-b88a60e194fb,crmid:4240657675,4,7
f0fdad64-914c-11ea-8676-b88a60e194fb,crmid:3265354809,10,3
f137ec86-914c-11ea-a1c6-b88a60e194fb,crmid:9258991026,8,5
f139fd46-914c-11ea-be46-b88a60e194fb,crmid:9155561917,3,6
f13c3330-914c-11ea-b126-b88a60e194fb,crmid:7027977258,8,4
f13e9114-914c-11ea-9240-b88a60e194fb,crmid:9405473290,4,3
f140a0a8-914c-11ea-a2ed-b88a60e194fb,crmid:9060077513,4,4
f142878c-914c-11ea-87e6-b88a60e194fb,crmid:8203593214,3,3
f144d158-914c-11ea-95f2-b88a60e194fb,crmid:3920669910,5,7
f14755b6-914c-11ea-b116-b88a60e194fb,crmid:9017897730,9,4
f1493e24-914c-11ea-adaa-b88a60e194fb,crmid:9161334183,5,5
f14aebc2-914c-11ea-a8a3-b88a60e194fb,crmid:7082354750,2,4
f14dd1d8-914c-11ea-b55d-b88a60e194fb,crmid:6963026098,9,4
f1502f52-914c-11ea-9a19-b88a60e194fb,crmid:5973102346,5,4
f151c976-914c-11ea-9bbc-b88a60e194fb,crmid:3227791280,5,6
f153638a-914c-11ea-b0fb-b88a60e194fb,crmid:6335698709,3,7
f154fdc0-914c-11ea-90e0-b88a60e194fb,crmid:2795557575,9,4
f1565d62-914c-11ea-8dc5-b88a60e194fb,crmid:9921463507,4,4
f1589510-914c-11ea-9ead-b88a60e194fb,crmid:5410204596,9,5
f15a42ca-914c-11ea-8f5b-b88a60e194fb,crmid:4778372527,4,3
f15c040c-914c-11ea-a010-b88a60e194fb,crmid:8409549712,5,5
f15d773e-914c-11ea-9170-b88a60e194fb,crmid:5399055020,4,3
f15ed6d8-914c-11ea-a1be-b88a60e194fb,crmid:1569088018,7,4
f160bd92-914c-11ea-ae19-b88a60e194fb,crmid:9588537185,8,5
f1625794-914c-11ea-9221-b88a60e194fb,crmid:2748554971,5,4
f16418da-914c-11ea-8f05-b88a60e194fb,crmid:5677354397,10,2
f165c808-914c-11ea-be78-b88a60e194fb,crmid:9588529070,7,5
f1671414-914c-11ea-97fb-b88a60e194fb,crmid:6984107946,3,9
f1689948-914c-11ea-bd8c-b88a60e194fb,crmid:8470883954,8,3
f169f8f6-914c-11ea-97a6-b88a60e194fb,crmid:3744401414,6,5
f16d8ea8-914c-11ea-86ed-b88a60e194fb,crmid:5385702594,6,5
f170c318-914c-11ea-9e85-b88a60e194fb,crmid:5793978610,4,8
f1728454-914c-11ea-97c8-b88a60e194fb,crmid:9107126001,5,8
f1745aca-914c-11ea-a4d3-b88a60e194fb,crmid:4466313941,4,4
f1762de4-914c-11ea-aba2-b88a60e194fb,crmid:1982164174,8,4
f177a222-914c-11ea-b4f7-b88a60e194fb,crmid:4982241732,5,9
f179144c-914c-11ea-9451-b88a60e194fb,crmid:4880641828,3,8
f17b72c8-914c-11ea-a527-b88a60e194fb,crmid:4811560285,8,4
f17ce448-914c-11ea-a9b5-b88a60e194fb,crmid:7818948883,3,3
f17e936e-914c-11ea-b758-b88a60e194fb,crmid:4276000349,8,5
f1803ff0-914c-11ea-aee8-b88a60e194fb,crmid:5800203225,7,5
f1822894-914c-11ea-9a2f-b88a60e194fb,crmid:3627932758,6,2
f1839c88-914c-11ea-b7e0-b88a60e194fb,crmid:8304674571,3,8
f1855c4a-914c-11ea-aae5-b88a60e194fb,crmid:3769222069,5,7
f186f658-914c-11ea-b8c0-b88a60e194fb,crmid:2419835260,5,5
f188696c-914c-11ea-ac30-b88a60e194fb,crmid:2170380284,8,5
f18a050a-914c-11ea-bdac-b88a60e194fb,crmid:5768791010,4,4
f18bc654-914c-11ea-a227-b88a60e194fb,crmid:9348380345,4,3
f18d6086-914c-11ea-927b-b88a60e194fb,crmid:5801557636,5,4
f18efaa2-914c-11ea-ace0-b88a60e194fb,crmid:2039671036,5,4
f1906c48-914c-11ea-8fb6-b88a60e194fb,crmid:6280247013,4,4
f191e0b4-914c-11ea-8069-b88a60e194fb,crmid:7741500267,5,8
f193db4c-914c-11ea-ba0e-b88a60e194fb,crmid:3299991076,5,2
f195d74c-914c-11ea-9962-b88a60e194fb,crmid:1162105321,8,3
f1974a24-914c-11ea-b9d2-b88a60e194fb,crmid:1444894147,5,8
f1992022-914c-11ea-a3ff-b88a60e194fb,crmid:5637002473,10,6
f19a933a-914c-11ea-a306-b88a60e194fb,crmid:3658376879,9,4
f19c8db4-914c-11ea-8ba2-b88a60e194fb,crmid:7438498771,9,5
f19e159c-914c-11ea-b426-b88a60e194fb,crmid:3556160237,9,4
f19fc364-914c-11ea-a77c-b88a60e194fb,crmid:4382357338,10,4
f1a14a2c-914c-11ea-881d-b88a60e194fb,crmid:3785892846,9,4
f1a2e40a-914c-11ea-84ea-b88a60e194fb,crmid:8302838931,4,7
f1a4b8ec-914c-11ea-a1e1-b88a60e194fb,crmid:5821799850,8,2
f1a63f68-914c-11ea-9286-b88a60e194fb,crmid:1727715199,7,3
f1a7c4be-914c-11ea-ad4a-b88a60e194fb,crmid:7094537274,8,2
f1a9c0e4-914c-11ea-9cb3-b88a60e194fb,crmid:8347813800,9,4
f1ab9550-914c-11ea-9076-b88a60e194fb,crmid:3586254733,3,5
f1ad9138-914c-11ea-9d17-b88a60e194fb,crmid:8815393573,3,5
f1af8dc6-914c-11ea-91ac-b88a60e194fb,crmid:8757406619,8,4
f1b114c2-914c-11ea-bda2-b88a60e194fb,crmid:5667533684,5,5
f1b2877a-914c-11ea-9cd1-b88a60e194fb,crmid:1365423964,7,3
f1b45b7e-914c-11ea-9f4a-b88a60e194fb,crmid:5161619516,3,10
f1b6447e-914c-11ea-ab87-b88a60e194fb,crmid:3227411458,4,4
f1b8419c-914c-11ea-a01b-b88a60e194fb,crmid:9401561262,4,9
f1b9ed22-914c-11ea-9b9d-b88a60e194fb,crmid:4381861673,4,8
f1bb617a-914c-11ea-8b42-b88a60e194fb,crmid:2374346705,8,2
f1bcd41c-914c-11ea-abdb-b88a60e194fb,crmid:2951485484,3,3
f1be5adc-914c-11ea-bd22-b88a60e194fb,crmid:3190954175,9,5
f1c06968-914c-11ea-adfc-b88a60e194fb,crmid:5730560072,4,4
f1c27928-914c-11ea-81fd-b88a60e194fb,crmid:7711650406,7,5
f1c46230-914c-11ea-939c-b88a60e194fb,crmid:5259358355,5,8
f1c62248-914c-11ea-b8bc-b88a60e194fb,crmid:2433650789,5,4
f1c783d2-914c-11ea-8e1c-b88a60e194fb,crmid:5690582888,8,3
f1c8f61e-914c-11ea-8ae3-b88a60e194fb,crmid:7531233661,10,3
f1cab5ec-914c-11ea-b0aa-b88a60e194fb,crmid:6119165044,10,5
f1cc636e-914c-11ea-a36a-b88a60e194fb,crmid:2861987692,9,5
f1cdfda6-914c-11ea-8e3e-b88a60e194fb,crmid:6231205202,7,4
f1cf97d2-914c-11ea-80e6-b88a60e194fb,crmid:5365034611,8,5
f1d146f8-914c-11ea-9c3d-b88a60e194fb,crmid:1386715508,8,5
f1d32f08-914c-11ea-8926-b88a60e194fb,crmid:4475280186,8,3
f1d52adc-914c-11ea-a3ae-b88a60e194fb,crmid:3784636365,3,2
f1d7253e-914c-11ea-8f24-b88a60e194fb,crmid:5362330507,8,4
f1d8ad4a-914c-11ea-9e33-b88a60e194fb,crmid:7173707876,9,3
f1da0ccc-914c-11ea-8e93-b88a60e194fb,crmid:4194512586,4,3
f1dbba78-914c-11ea-a7ed-b88a60e194fb,crmid:8263547127,4,3
f1dd4112-914c-11ea-b9d1-b88a60e194fb,crmid:5620347677,9,4
f1dec7ba-914c-11ea-b661-b88a60e194fb,crmid:8162250978,8,4
f1e03ad0-914c-11ea-9a8c-b88a60e194fb,crmid:1438156990,4,5
f1e199a4-914c-11ea-9a9a-b88a60e194fb,crmid:8691578844,6,2
f1e31fa8-914c-11ea-af92-b88a60e194fb,crmid:9431634651,6,4
f1e492cc-914c-11ea-9aab-b88a60e194fb,crmid:2669225386,8,5
f1e640c6-914c-11ea-8442-b88a60e194fb,crmid:9997421210,8,3
f1e8ebe8-914c-11ea-b67d-b88a60e194fb,crmid:8651931314,4,4
f1eb498c-914c-11ea-880d-b88a60e194fb,crmid:2663833005,8,3
f1ed454a-914c-11ea-a7de-b88a60e194fb,crmid:1364350451,7,4
f1f18c52-914c-11ea-ad09-b88a60e194fb,crmid:7366418475,8,3
f1f3252e-914c-11ea-8d2f-b88a60e194fb,crmid:8670564898,4,4
f1f4c0c6-914c-11ea-8bca-b88a60e194fb,crmid:8399220641,4,7
f1f633b0-914c-11ea-b894-b88a60e194fb,crmid:9778391029,10,4
f1f7cc9e-914c-11ea-8c95-b88a60e194fb,crmid:3975109222,4,3
f1f98d9c-914c-11ea-baf3-b88a60e194fb,crmid:6418227670,5,4
f1fc6078-914c-11ea-8602-b88a60e194fb,crmid:2658042787,5,4
f1fe83e8-914c-11ea-8112-b88a60e194fb,crmid:9615472164,7,4
f20093e2-914c-11ea-b139-b88a60e194fb,crmid:7799853403,3,8
f2024136-914c-11ea-bfc4-b88a60e194fb,crmid:9827000732,8,4
f2041646-914c-11ea-abd6-b88a60e194fb,crmid:5861855594,7,3
f205624c-914c-11ea-9f8f-b88a60e194fb,crmid:6316436811,7,5
f2072236-914c-11ea-9c03-b88a60e194fb,crmid:8462198073,8,4
