crmid,city,country,zip,state,street address
crmid:7009114720,Myrtle Beach,United States,73022,Virginia,1264 Restani
crmid:7009114720,Culver City,United States,73283,Indiana,139 Valletta
crmid:7009114720,Howard,United States,09511,New Jersey,870 Nellie
crmid:7009114720,Muskegon,United States,79427,Alabama,315 Armstrong
crmid:7009114720,Lake Forest,United States,48113,Utah,200 Mcdowell
crmid:7009114720,Newark,United States,80104,Hawaii,6 Olive
crmid:7009114720,Pueblo,United States,87274,New Mexico,818 Market
crmid:7009114720,Batavia,United States,13480,Missouri,513 Exposition
crmid:7009114720,Morgantown,United States,30429,New York,366 Lucky
crmid:7009114720,Fort Wayne,United States,56527,Delaware,669 Kimball
crmid:7009114720,Desert Hot Springs,United States,99730,Oregon,301 Galvez
crmid:7009114720,Copperas Cove,United States,21000,Mississippi,110 Shipley
crmid:7009114720,Tullahoma,United States,46497,Hawaii,710 Manzanita
crmid:7009114720,Doral,United States,59484,Idaho,169 Crystal
crmid:7009114720,Benton,United States,36515,Michigan,69 Castle Manor
crmid:7009114720,Kenosha,United States,13455,New Jersey,837 Card
crmid:7009114720,Staunton,United States,14101,Texas,1208 Brumiss
crmid:7009114720,Sanger,United States,95332,West Virginia,411 Marview
crmid:7009114720,Highland,United States,50668,Utah,384 El Plazuela
crmid:7009114720,West Fargo,United States,71931,Virginia,131 Dore
crmid:7009114720,Statesville,United States,35674,New Hampshire,1291 Sussex
crmid:7009114720,Phenix City,United States,09372,Maryland,405 Bella Vista
crmid:7009114720,Pharr,United States,78828,New Jersey,248 Harold
crmid:7009114720,Richardson,United States,21878,Nebraska,560 Amity
crmid:7009114720,Bessemer,United States,28439,South Dakota,511 Delmar
