email,first_name,last_name
aftercourse1935@gmail.com,Mellie,Moss
palesman1963@yahoo.com,Ossie,Combs
monkhood1869@live.com,Cristopher,Levy
chilicote1806@yandex.com,Kurt,Knox
entad1972@yahoo.com,Doug,Gregory
countess1811@yandex.com,Carlena,Cooley
bucketman1991@live.com,Lashawna,Ewing
patrist2039@yahoo.com,Elvin,Grant
cormorant1841@yandex.com,Olen,Gallagher
exacter1921@yandex.com,Earnest,Deleon
geologizing1917@yahoo.com,Thanh,Wilkerson
brogues1885@gmail.com,Lashawnda,Pacheco
acanthurus1977@yandex.com,Rudy,Sanford
cailliach2050@live.com,Avery,Sparks
colder1873@yandex.com,Louis,Sampson
egalites2034@outlook.com,Kasey,Hoffman
upaithric1999@yandex.com,Wayne,Joyner
megaloenteron1969@yahoo.com,Tonette,Giles
escudero1884@outlook.com,Raleigh,Nichols
overincline1869@yahoo.com,Scottie,Wong
unaccountably1864@outlook.com,Perry,Mcfarland
merchants1953@live.com,Henry,Mckenzie
entach1919@gmail.com,Jaye,Ellison
phaenogamous1939@live.com,Edmond,Raymond
demandative1969@live.com,Haywood,Andrews
