{"_id": "0212257a-53c9-11ea-b3c2-b88a60e194fb", "timestamp": "2020-02-02T01:15:39.000Z", "eventType": "transaction", "_adobeamericaspot3": {"CRMID": "crmid:3810336058", "orderDetails": {"orderID": "orderid:676115", "reservationid": "MKD-I7SO", "orderType": "kiosk"}}}
{"_id": "021336ee-53c9-11ea-806c-b88a60e194fb", "timestamp": "2020-02-06T03:27:52.000Z", "eventType": "transaction", "_adobeamericaspot3": {"CRMID": "crmid:3585442997", "orderDetails": {"orderID": "orderid:486639", "reservationid": "REP-AIK2", "orderType": "call center"}}}
{"_id": "02146f76-53c9-11ea-83e9-b88a60e194fb", "timestamp": "2019-12-15T01:30:48.000Z", "eventType": "transaction", "_adobeamericaspot3": {"CRMID": "crmid:3777529088", "orderDetails": {"orderID": "orderid:321729", "reservationid": "HQD-ZKMG", "orderType": "website"}}}
{"_id": "0215a7f0-53c9-11ea-ba34-b88a60e194fb", "timestamp": "2019-12-23T13:49:57.000Z", "eventType": "transaction", "_adobeamericaspot3": {"CRMID": "crmid:3013163164", "orderDetails": {"orderID": "orderid:395135", "reservationid": "RSI-1LDS", "orderType": "service desk"}}}
{"_id": "02169250-53c9-11ea-bb21-b88a60e194fb", "timestamp": "2019-12-09T11:53:30.000Z", "eventType": "transaction", "_adobeamericaspot3": {"CRMID": "crmid:4347213036", "orderDetails": {"orderID": "orderid:456102", "reservationid": "XM1-EGRV", "orderType": "website"}}}
{"_id": "02177cc0-53c9-11ea-b6f0-b88a60e194fb", "timestamp": "2019-12-30T07:42:10.000Z", "eventType": "transaction", "_adobeamericaspot3": {"CRMID": "crmid:9928269849", "orderDetails": {"orderID": "orderid:753738", "reservationid": "85K-LGSU", "orderType": "kiosk"}}}
{"_id": "0218671c-53c9-11ea-90cc-b88a60e194fb", "timestamp": "2020-02-13T23:22:22.000Z", "eventType": "transaction", "_adobeamericaspot3": {"CRMID": "crmid:9679315743", "orderDetails": {"orderID": "orderid:524344", "reservationid": "SDP-HEHL", "orderType": "mobile"}}}
{"_id": "0219517a-53c9-11ea-b6c5-b88a60e194fb", "timestamp": "2019-12-24T08:25:25.000Z", "eventType": "transaction", "_adobeamericaspot3": {"CRMID": "crmid:9006255146", "orderDetails": {"orderID": "orderid:789746", "reservationid": "7N2-GKAP", "orderType": "kiosk"}}}
{"_id": "021a89f8-53c9-11ea-b014-b88a60e194fb", "timestamp": "2020-01-03T18:52:25.000Z", "eventType": "transaction", "_adobeamericaspot3": {"CRMID": "crmid:9068859099", "orderDetails": {"orderID": "orderid:827076", "reservationid": "G0Q-YYFO", "orderType": "call center"}}}
{"_id": "021be98c-53c9-11ea-b244-b88a60e194fb", "timestamp": "2020-01-14T20:01:57.000Z", "eventType": "transaction", "_adobeamericaspot3": {"CRMID": "crmid:6634868608", "orderDetails": {"orderID": "orderid:744115", "reservationid": "J6Z-CSKX", "orderType": "call center"}}}
{"_id": "021cd3f0-53c9-11ea-9f22-b88a60e194fb", "timestamp": "2019-12-06T21:01:35.000Z", "eventType": "transaction", "_adobeamericaspot3": {"CRMID": "crmid:2569516554", "orderDetails": {"orderID": "orderid:384078", "reservationid": "OTT-ADGT", "orderType": "service desk"}}}
{"_id": "021dbe4c-53c9-11ea-81d9-b88a60e194fb", "timestamp": "2020-01-04T16:04:43.000Z", "eventType": "transaction", "_adobeamericaspot3": {"CRMID": "crmid:2516104081", "orderDetails": {"orderID": "orderid:744420", "reservationid": "VYA-5P4K", "orderType": "call center"}}}
{"_id": "022140ae-53c9-11ea-80c6-b88a60e194fb", "timestamp": "2020-01-20T12:11:58.000Z", "eventType": "transaction", "_adobeamericaspot3": {"CRMID": "crmid:8061644306", "orderDetails": {"orderID": "orderid:569658", "reservationid": "EWS-XCIY", "orderType": "kiosk"}}}
{"_id": "02222b1a-53c9-11ea-ab18-b88a60e194fb", "timestamp": "2019-12-11T00:51:16.000Z", "eventType": "transaction", "_adobeamericaspot3": {"CRMID": "crmid:3066619824", "orderDetails": {"orderID": "orderid:194798", "reservationid": "O2N-Z0ZX", "orderType": "website"}}}
{"_id": "0223157e-53c9-11ea-a655-b88a60e194fb", "timestamp": "2020-02-10T02:30:07.000Z", "eventType": "transaction", "_adobeamericaspot3": {"CRMID": "crmid:3934107077", "orderDetails": {"orderID": "orderid:635163", "reservationid": "NII-YNLP", "orderType": "service desk"}}}
{"_id": "02244dee-53c9-11ea-93a4-b88a60e194fb", "timestamp": "2019-12-29T13:19:16.000Z", "eventType": "transaction", "_adobeamericaspot3": {"CRMID": "crmid:4811956852", "orderDetails": {"orderID": "orderid:872254", "reservationid": "EBV-GU41", "orderType": "website"}}}
{"_id": "0225385c-53c9-11ea-a80a-b88a60e194fb", "timestamp": "2020-01-13T05:17:58.000Z", "eventType": "transaction", "_adobeamericaspot3": {"CRMID": "crmid:7123915066", "orderDetails": {"orderID": "orderid:716002", "reservationid": "8RZ-63EV", "orderType": "call center"}}}
{"_id": "022622b6-53c9-11ea-ac83-b88a60e194fb", "timestamp": "2020-02-06T01:07:35.000Z", "eventType": "transaction", "_adobeamericaspot3": {"CRMID": "crmid:8335167027", "orderDetails": {"orderID": "orderid:563447", "reservationid": "SDW-WB5M", "orderType": "mobile"}}}
{"_id": "02273426-53c9-11ea-8f7f-b88a60e194fb", "timestamp": "2020-02-10T06:35:40.000Z", "eventType": "transaction", "_adobeamericaspot3": {"CRMID": "crmid:7171232079", "orderDetails": {"orderID": "orderid:267538", "reservationid": "0JV-HNWB", "orderType": "kiosk"}}}
{"_id": "02284590-53c9-11ea-93e1-b88a60e194fb", "timestamp": "2019-12-28T08:20:00.000Z", "eventType": "transaction", "_adobeamericaspot3": {"CRMID": "crmid:9456369755", "orderDetails": {"orderID": "orderid:200138", "reservationid": "BD7-VBYV", "orderType": "kiosk"}}}
{"_id": "022908ec-53c9-11ea-99b5-b88a60e194fb", "timestamp": "2019-12-17T18:28:23.000Z", "eventType": "transaction", "_adobeamericaspot3": {"CRMID": "crmid:3349758505", "orderDetails": {"orderID": "orderid:656730", "reservationid": "H7J-W0QE", "orderType": "website"}}}
{"_id": "022a1a5a-53c9-11ea-842c-b88a60e194fb", "timestamp": "2020-01-02T12:08:23.000Z", "eventType": "transaction", "_adobeamericaspot3": {"CRMID": "crmid:5092566311", "orderDetails": {"orderID": "orderid:575173", "reservationid": "ILZ-N3F5", "orderType": "kiosk"}}}
{"_id": "022b04ba-53c9-11ea-b15b-b88a60e194fb", "timestamp": "2020-01-17T16:50:16.000Z", "eventType": "transaction", "_adobeamericaspot3": {"CRMID": "crmid:1709403021", "orderDetails": {"orderID": "orderid:682699", "reservationid": "ZEO-S9NX", "orderType": "service desk"}}}
{"_id": "022c3d36-53c9-11ea-a699-b88a60e194fb", "timestamp": "2020-01-09T18:29:40.000Z", "eventType": "transaction", "_adobeamericaspot3": {"CRMID": "crmid:7611160643", "orderDetails": {"orderID": "orderid:341631", "reservationid": "KRD-HYLP", "orderType": "website"}}}
{"_id": "022d4ea8-53c9-11ea-b6ee-b88a60e194fb", "timestamp": "2019-12-12T02:17:26.000Z", "eventType": "transaction", "_adobeamericaspot3": {"CRMID": "crmid:9741503518", "orderDetails": {"orderID": "orderid:192584", "reservationid": "JCM-CI0X", "orderType": "kiosk"}}}
{"_id": "022ed574-53c9-11ea-a32e-b88a60e194fb", "timestamp": "2020-01-09T15:58:57.000Z", "eventType": "transaction", "_adobeamericaspot3": {"CRMID": "crmid:5127685355", "orderDetails": {"orderID": "orderid:204649", "reservationid": "GNX-8EKW", "orderType": "call center"}}}
{"_id": "023082f8-53c9-11ea-aa54-b88a60e194fb", "timestamp": "2020-01-26T12:58:50.000Z", "eventType": "transaction", "_adobeamericaspot3": {"CRMID": "crmid:2672705419", "orderDetails": {"orderID": "orderid:958982", "reservationid": "UH3-CHDQ", "orderType": "call center"}}}
{"_id": "0231bb76-53c9-11ea-8ac1-b88a60e194fb", "timestamp": "2020-02-12T20:10:32.000Z", "eventType": "transaction", "_adobeamericaspot3": {"CRMID": "crmid:6044234674", "orderDetails": {"orderID": "orderid:222993", "reservationid": "XCM-3ZBU", "orderType": "call center"}}}
{"_id": "0232a5d8-53c9-11ea-a8dc-b88a60e194fb", "timestamp": "2020-01-10T16:36:59.000Z", "eventType": "transaction", "_adobeamericaspot3": {"CRMID": "crmid:9254312589", "orderDetails": {"orderID": "orderid:261891", "reservationid": "BQO-ADXB", "orderType": "website"}}}
{"_id": "0233de5c-53c9-11ea-836a-b88a60e194fb", "timestamp": "2020-01-16T09:03:55.000Z", "eventType": "transaction", "_adobeamericaspot3": {"CRMID": "crmid:1587576301", "orderDetails": {"orderID": "orderid:908467", "reservationid": "ECT-CNSQ", "orderType": "website"}}}
{"_id": "023565c2-53c9-11ea-a567-b88a60e194fb", "timestamp": "2020-01-24T18:47:38.000Z", "eventType": "transaction", "_adobeamericaspot3": {"CRMID": "crmid:8581174227", "orderDetails": {"orderID": "orderid:904198", "reservationid": "9YV-FKYU", "orderType": "call center"}}}
{"_id": "02369d74-53c9-11ea-8148-b88a60e194fb", "timestamp": "2020-02-06T14:05:26.000Z", "eventType": "transaction", "_adobeamericaspot3": {"CRMID": "crmid:7199299465", "orderDetails": {"orderID": "orderid:330226", "reservationid": "QVI-N0UL", "orderType": "kiosk"}}}
{"_id": "0237aee4-53c9-11ea-894e-b88a60e194fb", "timestamp": "2020-02-05T01:36:14.000Z", "eventType": "transaction", "_adobeamericaspot3": {"CRMID": "crmid:6472480889", "orderDetails": {"orderID": "orderid:573960", "reservationid": "NVW-VD8Z", "orderType": "kiosk"}}}
{"_id": "0237d600-53c9-11ea-b8fd-b88a60e194fb", "timestamp": "2020-02-08T00:00:00.000Z", "eventType": "transaction", "_adobeamericaspot3": {"CRMID": "crmid:6472480889", "orderDetails": {"orderID": "orderid:763289", "reservationid": "LCW-RFHL", "orderType": "website"}}}
{"_id": "02398392-53c9-11ea-968a-b88a60e194fb", "timestamp": "2019-12-27T04:57:37.000Z", "eventType": "transaction", "_adobeamericaspot3": {"CRMID": "crmid:4214332275", "orderDetails": {"orderID": "orderid:342196", "reservationid": "BSA-M3LA", "orderType": "website"}}}
{"_id": "023ae338-53c9-11ea-a97e-b88a60e194fb", "timestamp": "2019-12-30T06:43:10.000Z", "eventType": "transaction", "_adobeamericaspot3": {"CRMID": "crmid:4400233202", "orderDetails": {"orderID": "orderid:257923", "reservationid": "E09-MWFI", "orderType": "call center"}}}
{"_id": "023bcd92-53c9-11ea-b09a-b88a60e194fb", "timestamp": "2020-01-29T07:43:45.000Z", "eventType": "transaction", "_adobeamericaspot3": {"CRMID": "crmid:5334892711", "orderDetails": {"orderID": "orderid:159676", "reservationid": "J8M-C5Y8", "orderType": "call center"}}}
{"_id": "023cdf0c-53c9-11ea-afdf-b88a60e194fb", "timestamp": "2020-01-01T17:53:37.000Z", "eventType": "transaction", "_adobeamericaspot3": {"CRMID": "crmid:3167240040", "orderDetails": {"orderID": "orderid:617407", "reservationid": "CTV-PAYU", "orderType": "kiosk"}}}
{"_id": "023e1786-53c9-11ea-95e7-b88a60e194fb", "timestamp": "2020-01-03T09:06:23.000Z", "eventType": "transaction", "_adobeamericaspot3": {"CRMID": "crmid:6938271188", "orderDetails": {"orderID": "orderid:842104", "reservationid": "UPD-XE1R", "orderType": "service desk"}}}
{"_id": "023e3e92-53c9-11ea-a7c7-b88a60e194fb", "timestamp": "2020-01-09T00:00:00.000Z", "eventType": "transaction", "_adobeamericaspot3": {"CRMID": "crmid:6938271188", "orderDetails": {"orderID": "orderid:375404", "reservationid": "LGS-68RW", "orderType": "mobile"}}}
{"_id": "023e65a4-53c9-11ea-84fe-b88a60e194fb", "timestamp": "2020-01-16T00:00:00.000Z", "eventType": "transaction", "_adobeamericaspot3": {"CRMID": "crmid:6938271188", "orderDetails": {"orderID": "orderid:289783", "reservationid": "DH4-M89P", "orderType": "website"}}}
{"_id": "023fc538-53c9-11ea-a829-b88a60e194fb", "timestamp": "2020-02-03T07:26:14.000Z", "eventType": "transaction", "_adobeamericaspot3": {"CRMID": "crmid:7403166700", "orderDetails": {"orderID": "orderid:259743", "reservationid": "5RF-7D1E", "orderType": "website"}}}
{"_id": "0240af9a-53c9-11ea-b1cb-b88a60e194fb", "timestamp": "2020-02-01T17:56:09.000Z", "eventType": "transaction", "_adobeamericaspot3": {"CRMID": "crmid:5613406432", "orderDetails": {"orderID": "orderid:968609", "reservationid": "FNG-XPTT", "orderType": "website"}}}
{"_id": "024199f8-53c9-11ea-80bd-b88a60e194fb", "timestamp": "2019-12-20T14:26:05.000Z", "eventType": "transaction", "_adobeamericaspot3": {"CRMID": "crmid:3781097974", "orderDetails": {"orderID": "orderid:470978", "reservationid": "B5Z-BK8B", "orderType": "website"}}}
{"_id": "0242ab64-53c9-11ea-b695-b88a60e194fb", "timestamp": "2020-01-20T12:58:47.000Z", "eventType": "transaction", "_adobeamericaspot3": {"CRMID": "crmid:3660606118", "orderDetails": {"orderID": "orderid:751556", "reservationid": "QCJ-FSH1", "orderType": "website"}}}
{"_id": "024395c6-53c9-11ea-aa5d-b88a60e194fb", "timestamp": "2019-12-26T10:16:53.000Z", "eventType": "transaction", "_adobeamericaspot3": {"CRMID": "crmid:8123665686", "orderDetails": {"orderID": "orderid:599968", "reservationid": "DKF-DPWD", "orderType": "kiosk"}}}
{"_id": "02448026-53c9-11ea-9ca9-b88a60e194fb", "timestamp": "2019-12-02T12:05:29.000Z", "eventType": "transaction", "_adobeamericaspot3": {"CRMID": "crmid:3291931968", "orderDetails": {"orderID": "orderid:868181", "reservationid": "8UC-JLBK", "orderType": "service desk"}}}
{"_id": "0245dfc0-53c9-11ea-ab3f-b88a60e194fb", "timestamp": "2019-12-04T04:47:44.000Z", "eventType": "transaction", "_adobeamericaspot3": {"CRMID": "crmid:7793423799", "orderDetails": {"orderID": "orderid:471775", "reservationid": "KYI-MKIC", "orderType": "website"}}}
{"_id": "0246ca1e-53c9-11ea-b10e-b88a60e194fb", "timestamp": "2020-01-28T04:27:39.000Z", "eventType": "transaction", "_adobeamericaspot3": {"CRMID": "crmid:9568707732", "orderDetails": {"orderID": "orderid:728766", "reservationid": "YM5-W9S4", "orderType": "website"}}}
{"_id": "0247b480-53c9-11ea-b5bc-b88a60e194fb", "timestamp": "2019-12-24T13:50:55.000Z", "eventType": "transaction", "_adobeamericaspot3": {"CRMID": "crmid:2645446295", "orderDetails": {"orderID": "orderid:334307", "reservationid": "HNR-VS3K", "orderType": "mobile"}}}
{"_id": "02489edc-53c9-11ea-9745-b88a60e194fb", "timestamp": "2020-01-22T21:39:51.000Z", "eventType": "transaction", "_adobeamericaspot3": {"CRMID": "crmid:5367428400", "orderDetails": {"orderID": "orderid:401284", "reservationid": "JEO-BGIG", "orderType": "website"}}}
{"_id": "0249893a-53c9-11ea-85c0-b88a60e194fb", "timestamp": "2020-02-14T11:14:20.000Z", "eventType": "transaction", "_adobeamericaspot3": {"CRMID": "crmid:8877800383", "orderDetails": {"orderID": "orderid:632570", "reservationid": "S53-VXEX", "orderType": "call center"}}}
{"_id": "0249b052-53c9-11ea-9d42-b88a60e194fb", "timestamp": "2020-02-18T00:00:00.000Z", "eventType": "transaction", "_adobeamericaspot3": {"CRMID": "crmid:8877800383", "orderDetails": {"orderID": "orderid:669816", "reservationid": "NPH-Y3SH", "orderType": "service desk"}}}
{"_id": "024ae8c2-53c9-11ea-a58f-b88a60e194fb", "timestamp": "2020-01-28T13:01:46.000Z", "eventType": "transaction", "_adobeamericaspot3": {"CRMID": "crmid:3462890838", "orderDetails": {"orderID": "orderid:466544", "reservationid": "ZLS-IQPD", "orderType": "website"}}}
{"_id": "024bfa3a-53c9-11ea-bca1-b88a60e194fb", "timestamp": "2020-01-17T20:00:45.000Z", "eventType": "transaction", "_adobeamericaspot3": {"CRMID": "crmid:3326803892", "orderDetails": {"orderID": "orderid:882344", "reservationid": "GOU-PZE0", "orderType": "mobile"}}}
{"_id": "024d32b0-53c9-11ea-8c83-b88a60e194fb", "timestamp": "2020-02-01T09:25:00.000Z", "eventType": "transaction", "_adobeamericaspot3": {"CRMID": "crmid:2977185215", "orderDetails": {"orderID": "orderid:897257", "reservationid": "XDC-V8Y3", "orderType": "mobile"}}}
{"_id": "024e1d1a-53c9-11ea-b63d-b88a60e194fb", "timestamp": "2020-01-20T07:32:10.000Z", "eventType": "transaction", "_adobeamericaspot3": {"CRMID": "crmid:9513989194", "orderDetails": {"orderID": "orderid:119206", "reservationid": "P5O-R2SY", "orderType": "website"}}}
{"_id": "024f5598-53c9-11ea-a8eb-b88a60e194fb", "timestamp": "2020-01-10T14:23:32.000Z", "eventType": "transaction", "_adobeamericaspot3": {"CRMID": "crmid:8012635081", "orderDetails": {"orderID": "orderid:689175", "reservationid": "L4A-BWK2", "orderType": "call center"}}}
{"_id": "02508e22-53c9-11ea-85c0-b88a60e194fb", "timestamp": "2020-02-16T13:10:44.000Z", "eventType": "transaction", "_adobeamericaspot3": {"CRMID": "crmid:1846680577", "orderDetails": {"orderID": "orderid:683664", "reservationid": "4NW-KWPB", "orderType": "website"}}}
{"_id": "0251787a-53c9-11ea-8404-b88a60e194fb", "timestamp": "2019-12-02T19:32:52.000Z", "eventType": "transaction", "_adobeamericaspot3": {"CRMID": "crmid:7095050326", "orderDetails": {"orderID": "orderid:193674", "reservationid": "4ER-H7T7", "orderType": "kiosk"}}}
{"_id": "025262dc-53c9-11ea-a315-b88a60e194fb", "timestamp": "2020-01-25T11:08:47.000Z", "eventType": "transaction", "_adobeamericaspot3": {"CRMID": "crmid:9279887534", "orderDetails": {"orderID": "orderid:603811", "reservationid": "F54-YECI", "orderType": "website"}}}
{"_id": "02539b68-53c9-11ea-a856-b88a60e194fb", "timestamp": "2019-12-12T23:16:55.000Z", "eventType": "transaction", "_adobeamericaspot3": {"CRMID": "crmid:9139904972", "orderDetails": {"orderID": "orderid:518400", "reservationid": "UFL-MIK6", "orderType": "website"}}}
{"_id": "0254d3de-53c9-11ea-9ebb-b88a60e194fb", "timestamp": "2019-12-22T13:42:44.000Z", "eventType": "transaction", "_adobeamericaspot3": {"CRMID": "crmid:4427301670", "orderDetails": {"orderID": "orderid:551035", "reservationid": "MNB-SPAQ", "orderType": "kiosk"}}}
{"_id": "0255e552-53c9-11ea-97e8-b88a60e194fb", "timestamp": "2020-01-09T22:10:04.000Z", "eventType": "transaction", "_adobeamericaspot3": {"CRMID": "crmid:1488997297", "orderDetails": {"orderID": "orderid:907343", "reservationid": "MLY-JOMX", "orderType": "call center"}}}
{"_id": "0256d110-53c9-11ea-ac5e-b88a60e194fb", "timestamp": "2020-01-04T02:36:56.000Z", "eventType": "transaction", "_adobeamericaspot3": {"CRMID": "crmid:7089732295", "orderDetails": {"orderID": "orderid:814901", "reservationid": "NG2-GRUE", "orderType": "mobile"}}}
{"_id": "0257bb68-53c9-11ea-aad3-b88a60e194fb", "timestamp": "2020-01-12T09:47:34.000Z", "eventType": "transaction", "_adobeamericaspot3": {"CRMID": "crmid:2868111168", "orderDetails": {"orderID": "orderid:653333", "reservationid": "HQX-HR1T", "orderType": "call center"}}}
{"_id": "0258ccde-53c9-11ea-b9b6-b88a60e194fb", "timestamp": "2020-02-12T15:21:11.000Z", "eventType": "transaction", "_adobeamericaspot3": {"CRMID": "crmid:4006170718", "orderDetails": {"orderID": "orderid:239345", "reservationid": "VLS-L1PG", "orderType": "website"}}}
{"_id": "0259dce8-53c9-11ea-b6cc-b88a60e194fb", "timestamp": "2020-01-23T05:06:46.000Z", "eventType": "transaction", "_adobeamericaspot3": {"CRMID": "crmid:2397596170", "orderDetails": {"orderID": "orderid:637975", "reservationid": "GSY-92R1", "orderType": "website"}}}
{"_id": "025b8c10-53c9-11ea-a4d9-b88a60e194fb", "timestamp": "2019-12-28T09:30:02.000Z", "eventType": "transaction", "_adobeamericaspot3": {"CRMID": "crmid:7618382997", "orderDetails": {"orderID": "orderid:244462", "reservationid": "Y1Q-29QP", "orderType": "kiosk"}}}
{"_id": "025cc49a-53c9-11ea-ad54-b88a60e194fb", "timestamp": "2019-12-31T03:34:11.000Z", "eventType": "transaction", "_adobeamericaspot3": {"CRMID": "crmid:8705177165", "orderDetails": {"orderID": "orderid:954740", "reservationid": "AMR-WWDA", "orderType": "mobile"}}}
{"_id": "025dfcf0-53c9-11ea-a6c1-b88a60e194fb", "timestamp": "2020-01-12T01:41:52.000Z", "eventType": "transaction", "_adobeamericaspot3": {"CRMID": "crmid:1228319196", "orderDetails": {"orderID": "orderid:762240", "reservationid": "DMW-M9ZV", "orderType": "website"}}}
{"_id": "025f359c-53c9-11ea-8810-b88a60e194fb", "timestamp": "2020-02-12T15:26:54.000Z", "eventType": "transaction", "_adobeamericaspot3": {"CRMID": "crmid:2343741479", "orderDetails": {"orderID": "orderid:418107", "reservationid": "PR5-TY5L", "orderType": "website"}}}
{"_id": "02601fcc-53c9-11ea-861a-b88a60e194fb", "timestamp": "2019-12-08T05:14:55.000Z", "eventType": "transaction", "_adobeamericaspot3": {"CRMID": "crmid:2288335358", "orderDetails": {"orderID": "orderid:306602", "reservationid": "2JH-INNC", "orderType": "kiosk"}}}
{"_id": "02615870-53c9-11ea-b043-b88a60e194fb", "timestamp": "2019-12-06T11:28:03.000Z", "eventType": "transaction", "_adobeamericaspot3": {"CRMID": "crmid:9435760710", "orderDetails": {"orderID": "orderid:547296", "reservationid": "TC5-XJCO", "orderType": "call center"}}}
{"_id": "0262defa-53c9-11ea-9ad0-b88a60e194fb", "timestamp": "2019-12-22T23:41:53.000Z", "eventType": "transaction", "_adobeamericaspot3": {"CRMID": "crmid:2693723368", "orderDetails": {"orderID": "orderid:668455", "reservationid": "S8W-LBIL", "orderType": "call center"}}}
{"_id": "0264179a-53c9-11ea-b24f-b88a60e194fb", "timestamp": "2020-01-21T04:23:17.000Z", "eventType": "transaction", "_adobeamericaspot3": {"CRMID": "crmid:8266251002", "orderDetails": {"orderID": "orderid:175509", "reservationid": "FFJ-X8LV", "orderType": "mobile"}}}
{"_id": "0264179b-53c9-11ea-a7d5-b88a60e194fb", "timestamp": "2020-01-27T00:00:00.000Z", "eventType": "transaction", "_adobeamericaspot3": {"CRMID": "crmid:8266251002", "orderDetails": {"orderID": "orderid:920310", "reservationid": "V12-EI09", "orderType": "website"}}}
{"_id": "02652906-53c9-11ea-8cce-b88a60e194fb", "timestamp": "2019-12-08T20:02:27.000Z", "eventType": "transaction", "_adobeamericaspot3": {"CRMID": "crmid:4710054142", "orderDetails": {"orderID": "orderid:972260", "reservationid": "HMO-UJLK", "orderType": "website"}}}
{"_id": "02661352-53c9-11ea-ac70-b88a60e194fb", "timestamp": "2019-12-16T05:47:59.000Z", "eventType": "transaction", "_adobeamericaspot3": {"CRMID": "crmid:5613357900", "orderDetails": {"orderID": "orderid:642415", "reservationid": "PCF-N4WE", "orderType": "kiosk"}}}
{"_id": "026724ba-53c9-11ea-a05a-b88a60e194fb", "timestamp": "2020-01-12T07:37:38.000Z", "eventType": "transaction", "_adobeamericaspot3": {"CRMID": "crmid:6338958090", "orderDetails": {"orderID": "orderid:219102", "reservationid": "IXD-QFPM", "orderType": "website"}}}
{"_id": "0268ab6c-53c9-11ea-9b0d-b88a60e194fb", "timestamp": "2020-01-31T21:22:21.000Z", "eventType": "transaction", "_adobeamericaspot3": {"CRMID": "crmid:3788297385", "orderDetails": {"orderID": "orderid:788690", "reservationid": "EZE-T6AZ", "orderType": "kiosk"}}}
{"_id": "0269bb5a-53c9-11ea-ac55-b88a60e194fb", "timestamp": "2020-01-05T17:53:29.000Z", "eventType": "transaction", "_adobeamericaspot3": {"CRMID": "crmid:5314114703", "orderDetails": {"orderID": "orderid:624563", "reservationid": "RV1-ZX5E", "orderType": "website"}}}
{"_id": "026af546-53c9-11ea-b462-b88a60e194fb", "timestamp": "2020-01-31T06:00:26.000Z", "eventType": "transaction", "_adobeamericaspot3": {"CRMID": "crmid:8630627144", "orderDetails": {"orderID": "orderid:504743", "reservationid": "MJT-X89Y", "orderType": "call center"}}}
{"_id": "026c06ba-53c9-11ea-b670-b88a60e194fb", "timestamp": "2019-12-26T10:45:00.000Z", "eventType": "transaction", "_adobeamericaspot3": {"CRMID": "crmid:8630669737", "orderDetails": {"orderID": "orderid:896680", "reservationid": "JET-HL7A", "orderType": "kiosk"}}}
{"_id": "026d664c-53c9-11ea-bb43-b88a60e194fb", "timestamp": "2020-02-01T15:51:48.000Z", "eventType": "transaction", "_adobeamericaspot3": {"CRMID": "crmid:5814672967", "orderDetails": {"orderID": "orderid:668222", "reservationid": "Q5O-BK4N", "orderType": "website"}}}
{"_id": "026e77b6-53c9-11ea-8172-b88a60e194fb", "timestamp": "2019-12-01T09:55:50.000Z", "eventType": "transaction", "_adobeamericaspot3": {"CRMID": "crmid:7632487796", "orderDetails": {"orderID": "orderid:560344", "reservationid": "F22-WT1E", "orderType": "kiosk"}}}
{"_id": "026e9ec8-53c9-11ea-8a24-b88a60e194fb", "timestamp": "2019-12-09T00:00:00.000Z", "eventType": "transaction", "_adobeamericaspot3": {"CRMID": "crmid:7632487796", "orderDetails": {"orderID": "orderid:156621", "reservationid": "G9R-X58O", "orderType": "service desk"}}}
{"_id": "026fb074-53c9-11ea-b0aa-b88a60e194fb", "timestamp": "2020-01-01T06:19:57.000Z", "eventType": "transaction", "_adobeamericaspot3": {"CRMID": "crmid:6523290389", "orderDetails": {"orderID": "orderid:899848", "reservationid": "NEV-FSZU", "orderType": "website"}}}
{"_id": "0270e8c2-53c9-11ea-b912-b88a60e194fb", "timestamp": "2019-12-25T12:39:53.000Z", "eventType": "transaction", "_adobeamericaspot3": {"CRMID": "crmid:6123824441", "orderDetails": {"orderID": "orderid:563613", "reservationid": "UCF-JWAQ", "orderType": "website"}}}
{"_id": "0271fa2c-53c9-11ea-b74b-b88a60e194fb", "timestamp": "2020-02-04T15:46:11.000Z", "eventType": "transaction", "_adobeamericaspot3": {"CRMID": "crmid:3593030005", "orderDetails": {"orderID": "orderid:592012", "reservationid": "JIT-QDR3", "orderType": "mobile"}}}
{"_id": "027332b6-53c9-11ea-8828-b88a60e194fb", "timestamp": "2020-01-20T03:08:18.000Z", "eventType": "transaction", "_adobeamericaspot3": {"CRMID": "crmid:6983562194", "orderDetails": {"orderID": "orderid:952225", "reservationid": "1J2-6YMT", "orderType": "call center"}}}
{"_id": "02744418-53c9-11ea-90a5-b88a60e194fb", "timestamp": "2020-02-05T05:35:45.000Z", "eventType": "transaction", "_adobeamericaspot3": {"CRMID": "crmid:3842203265", "orderDetails": {"orderID": "orderid:360799", "reservationid": "HJV-LUWG", "orderType": "kiosk"}}}
{"_id": "0275a3ae-53c9-11ea-8244-b88a60e194fb", "timestamp": "2019-12-12T04:16:04.000Z", "eventType": "transaction", "_adobeamericaspot3": {"CRMID": "crmid:4254496620", "orderDetails": {"orderID": "orderid:877433", "reservationid": "NYH-EFRB", "orderType": "call center"}}}
{"_id": "0277034c-53c9-11ea-ae49-b88a60e194fb", "timestamp": "2019-12-30T16:42:15.000Z", "eventType": "transaction", "_adobeamericaspot3": {"CRMID": "crmid:6042098725", "orderDetails": {"orderID": "orderid:253901", "reservationid": "GKW-CFBH", "orderType": "mobile"}}}
{"_id": "0277ed94-53c9-11ea-8872-b88a60e194fb", "timestamp": "2019-12-23T13:12:56.000Z", "eventType": "transaction", "_adobeamericaspot3": {"CRMID": "crmid:2663657290", "orderDetails": {"orderID": "orderid:243889", "reservationid": "57M-YUGO", "orderType": "website"}}}
{"_id": "02792628-53c9-11ea-9525-b88a60e194fb", "timestamp": "2019-12-08T09:56:32.000Z", "eventType": "transaction", "_adobeamericaspot3": {"CRMID": "crmid:2708076144", "orderDetails": {"orderID": "orderid:508984", "reservationid": "SOP-MHNH", "orderType": "website"}}}
{"_id": "027a5e9e-53c9-11ea-ba5d-b88a60e194fb", "timestamp": "2020-01-19T13:39:12.000Z", "eventType": "transaction", "_adobeamericaspot3": {"CRMID": "crmid:1358791525", "orderDetails": {"orderID": "orderid:568110", "reservationid": "0IT-GORJ", "orderType": "kiosk"}}}
{"_id": "027a85ae-53c9-11ea-bfab-b88a60e194fb", "timestamp": "2020-01-25T00:00:00.000Z", "eventType": "transaction", "_adobeamericaspot3": {"CRMID": "crmid:1358791525", "orderDetails": {"orderID": "orderid:759280", "reservationid": "MSD-HDZ1", "orderType": "website"}}}
{"_id": "027bbe26-53c9-11ea-970e-b88a60e194fb", "timestamp": "2020-02-12T16:39:09.000Z", "eventType": "transaction", "_adobeamericaspot3": {"CRMID": "crmid:4503999916", "orderDetails": {"orderID": "orderid:576939", "reservationid": "0G4-BYMK", "orderType": "mobile"}}}
{"_id": "027ccfae-53c9-11ea-bfe9-b88a60e194fb", "timestamp": "2019-12-22T22:31:59.000Z", "eventType": "transaction", "_adobeamericaspot3": {"CRMID": "crmid:9407507631", "orderDetails": {"orderID": "orderid:992836", "reservationid": "754-XFVV", "orderType": "website"}}}
{"_id": "027de10c-53c9-11ea-91e6-b88a60e194fb", "timestamp": "2020-01-19T12:45:49.000Z", "eventType": "transaction", "_adobeamericaspot3": {"CRMID": "crmid:8386025160", "orderDetails": {"orderID": "orderid:211422", "reservationid": "EU5-BMDQ", "orderType": "website"}}}
{"_id": "027f19ac-53c9-11ea-97d0-b88a60e194fb", "timestamp": "2020-01-08T06:05:09.000Z", "eventType": "transaction", "_adobeamericaspot3": {"CRMID": "crmid:3430838194", "orderDetails": {"orderID": "orderid:629853", "reservationid": "SG4-X0M6", "orderType": "website"}}}
{"_id": "0280791c-53c9-11ea-bcea-b88a60e194fb", "timestamp": "2019-12-21T12:51:28.000Z", "eventType": "transaction", "_adobeamericaspot3": {"CRMID": "crmid:5145085624", "orderDetails": {"orderID": "orderid:893837", "reservationid": "TK5-DSBF", "orderType": "call center"}}}
{"_id": "0281b1ec-53c9-11ea-b9a8-b88a60e194fb", "timestamp": "2019-12-22T08:34:12.000Z", "eventType": "transaction", "_adobeamericaspot3": {"CRMID": "crmid:7903283201", "orderDetails": {"orderID": "orderid:658126", "reservationid": "GC2-ITAB", "orderType": "call center"}}}
{"_id": "02831128-53c9-11ea-afc5-b88a60e194fb", "timestamp": "2020-01-05T08:09:42.000Z", "eventType": "transaction", "_adobeamericaspot3": {"CRMID": "crmid:5873000029", "orderDetails": {"orderID": "orderid:555419", "reservationid": "TX6-PXEM", "orderType": "call center"}}}
{"_id": "028449ae-53c9-11ea-8bf2-b88a60e194fb", "timestamp": "2020-02-08T18:13:39.000Z", "eventType": "transaction", "_adobeamericaspot3": {"CRMID": "crmid:1281732697", "orderDetails": {"orderID": "orderid:245053", "reservationid": "Q2L-L4MG", "orderType": "kiosk"}}}
{"_id": "0285822e-53c9-11ea-a12a-b88a60e194fb", "timestamp": "2020-01-01T01:55:34.000Z", "eventType": "transaction", "_adobeamericaspot3": {"CRMID": "crmid:6724797036", "orderDetails": {"orderID": "orderid:634932", "reservationid": "U2A-833I", "orderType": "website"}}}
{"_id": "0286bab0-53c9-11ea-abb9-b88a60e194fb", "timestamp": "2019-12-12T10:43:00.000Z", "eventType": "transaction", "_adobeamericaspot3": {"CRMID": "crmid:5649871459", "orderDetails": {"orderID": "orderid:944310", "reservationid": "W8D-INDR", "orderType": "website"}}}
{"_id": "0287cc12-53c9-11ea-9fa5-b88a60e194fb", "timestamp": "2019-12-18T02:55:28.000Z", "eventType": "transaction", "_adobeamericaspot3": {"CRMID": "crmid:9978724108", "orderDetails": {"orderID": "orderid:777014", "reservationid": "E9I-GKUZ", "orderType": "kiosk"}}}
{"_id": "02890498-53c9-11ea-a9b5-b88a60e194fb", "timestamp": "2020-01-24T01:29:26.000Z", "eventType": "transaction", "_adobeamericaspot3": {"CRMID": "crmid:3527422137", "orderDetails": {"orderID": "orderid:949848", "reservationid": "EJD-BFR3", "orderType": "kiosk"}}}
{"_id": "028a3d1a-53c9-11ea-8bd1-b88a60e194fb", "timestamp": "2020-02-13T16:57:36.000Z", "eventType": "transaction", "_adobeamericaspot3": {"CRMID": "crmid:8567317302", "orderDetails": {"orderID": "orderid:882838", "reservationid": "AFM-IA3U", "orderType": "website"}}}
{"_id": "028b4e8c-53c9-11ea-8163-b88a60e194fb", "timestamp": "2020-02-14T08:16:06.000Z", "eventType": "transaction", "_adobeamericaspot3": {"CRMID": "crmid:7785200745", "orderDetails": {"orderID": "orderid:501618", "reservationid": "CYV-GFPP", "orderType": "call center"}}}
{"_id": "028c870c-53c9-11ea-b055-b88a60e194fb", "timestamp": "2019-12-03T12:06:46.000Z", "eventType": "transaction", "_adobeamericaspot3": {"CRMID": "crmid:5781079762", "orderDetails": {"orderID": "orderid:558231", "reservationid": "G7S-LAEB", "orderType": "call center"}}}
{"_id": "028dbf86-53c9-11ea-9312-b88a60e194fb", "timestamp": "2019-12-02T16:31:34.000Z", "eventType": "transaction", "_adobeamericaspot3": {"CRMID": "crmid:8565133289", "orderDetails": {"orderID": "orderid:581125", "reservationid": "BSK-UZ3H", "orderType": "website"}}}
{"_id": "028f1f1c-53c9-11ea-9481-b88a60e194fb", "timestamp": "2020-01-13T04:18:36.000Z", "eventType": "transaction", "_adobeamericaspot3": {"CRMID": "crmid:4377356328", "orderDetails": {"orderID": "orderid:197845", "reservationid": "D5S-GMLS", "orderType": "kiosk"}}}
{"_id": "02907d52-53c9-11ea-8111-b88a60e194fb", "timestamp": "2019-12-30T15:13:57.000Z", "eventType": "transaction", "_adobeamericaspot3": {"CRMID": "crmid:7418674112", "orderDetails": {"orderID": "orderid:914296", "reservationid": "3PM-QVQL", "orderType": "mobile"}}}
{"_id": "0291b726-53c9-11ea-ac9d-b88a60e194fb", "timestamp": "2019-12-18T16:27:39.000Z", "eventType": "transaction", "_adobeamericaspot3": {"CRMID": "crmid:4573220072", "orderDetails": {"orderID": "orderid:147909", "reservationid": "UP5-ACEK", "orderType": "mobile"}}}
{"_id": "0292a17e-53c9-11ea-b0fa-b88a60e194fb", "timestamp": "2019-12-28T10:10:39.000Z", "eventType": "transaction", "_adobeamericaspot3": {"CRMID": "crmid:9422392593", "orderDetails": {"orderID": "orderid:997547", "reservationid": "VTU-MJZH", "orderType": "mobile"}}}
{"_id": "0294011c-53c9-11ea-9fb0-b88a60e194fb", "timestamp": "2020-01-23T02:35:27.000Z", "eventType": "transaction", "_adobeamericaspot3": {"CRMID": "crmid:2569407855", "orderDetails": {"orderID": "orderid:531640", "reservationid": "PZT-MEXS", "orderType": "mobile"}}}
{"_id": "02942834-53c9-11ea-8204-b88a60e194fb", "timestamp": "2020-01-29T00:00:00.000Z", "eventType": "transaction", "_adobeamericaspot3": {"CRMID": "crmid:2569407855", "orderDetails": {"orderID": "orderid:346333", "reservationid": "69I-X9FS", "orderType": "website"}}}
{"_id": "0295399c-53c9-11ea-aba9-b88a60e194fb", "timestamp": "2020-02-10T15:28:28.000Z", "eventType": "transaction", "_adobeamericaspot3": {"CRMID": "crmid:7292429548", "orderDetails": {"orderID": "orderid:868300", "reservationid": "EGL-BQX7", "orderType": "mobile"}}}
{"_id": "0296718c-53c9-11ea-bbd1-b88a60e194fb", "timestamp": "2020-02-13T13:25:42.000Z", "eventType": "transaction", "_adobeamericaspot3": {"CRMID": "crmid:9665224932", "orderDetails": {"orderID": "orderid:611089", "reservationid": "KRY-YEBD", "orderType": "mobile"}}}
{"_id": "0297838a-53c9-11ea-9114-b88a60e194fb", "timestamp": "2020-01-03T18:23:33.000Z", "eventType": "transaction", "_adobeamericaspot3": {"CRMID": "crmid:3197715870", "orderDetails": {"orderID": "orderid:792895", "reservationid": "2MC-Z3JZ", "orderType": "mobile"}}}
{"_id": "02990a24-53c9-11ea-a712-b88a60e194fb", "timestamp": "2020-01-30T09:13:48.000Z", "eventType": "transaction", "_adobeamericaspot3": {"CRMID": "crmid:4986468619", "orderDetails": {"orderID": "orderid:856977", "reservationid": "OSR-XSD9", "orderType": "call center"}}}
{"_id": "029a42c6-53c9-11ea-bbb3-b88a60e194fb", "timestamp": "2020-01-17T22:59:11.000Z", "eventType": "transaction", "_adobeamericaspot3": {"CRMID": "crmid:5885577743", "orderDetails": {"orderID": "orderid:279347", "reservationid": "RSV-O4RI", "orderType": "kiosk"}}}
{"_id": "029b541c-53c9-11ea-95ac-b88a60e194fb", "timestamp": "2019-12-04T00:30:16.000Z", "eventType": "transaction", "_adobeamericaspot3": {"CRMID": "crmid:4183132477", "orderDetails": {"orderID": "orderid:959084", "reservationid": "TBK-9K3Q", "orderType": "website"}}}
{"_id": "029cdaec-53c9-11ea-93b6-b88a60e194fb", "timestamp": "2019-12-26T11:10:13.000Z", "eventType": "transaction", "_adobeamericaspot3": {"CRMID": "crmid:7089083697", "orderDetails": {"orderID": "orderid:160635", "reservationid": "HK0-OS2D", "orderType": "call center"}}}
{"_id": "029e1362-53c9-11ea-a7b7-b88a60e194fb", "timestamp": "2019-12-21T18:23:41.000Z", "eventType": "transaction", "_adobeamericaspot3": {"CRMID": "crmid:6744296788", "orderDetails": {"orderID": "orderid:849175", "reservationid": "HHG-YXFD", "orderType": "call center"}}}
{"_id": "029f4bae-53c9-11ea-8664-b88a60e194fb", "timestamp": "2020-01-11T11:47:06.000Z", "eventType": "transaction", "_adobeamericaspot3": {"CRMID": "crmid:9345417634", "orderDetails": {"orderID": "orderid:512979", "reservationid": "CRF-GYFY", "orderType": "website"}}}
{"_id": "029f4baf-53c9-11ea-a510-b88a60e194fb", "timestamp": "2020-01-16T00:00:00.000Z", "eventType": "transaction", "_adobeamericaspot3": {"CRMID": "crmid:9345417634", "orderDetails": {"orderID": "orderid:388682", "reservationid": "JH2-JEEY", "orderType": "website"}}}
{"_id": "02a0844c-53c9-11ea-ba0c-b88a60e194fb", "timestamp": "2020-02-05T09:02:48.000Z", "eventType": "transaction", "_adobeamericaspot3": {"CRMID": "crmid:7265800735", "orderDetails": {"orderID": "orderid:412054", "reservationid": "LVL-1PMP", "orderType": "website"}}}
{"_id": "02a1bcbe-53c9-11ea-9a66-b88a60e194fb", "timestamp": "2020-01-08T00:21:52.000Z", "eventType": "transaction", "_adobeamericaspot3": {"CRMID": "crmid:3215825121", "orderDetails": {"orderID": "orderid:393431", "reservationid": "1O5-ALBU", "orderType": "call center"}}}
{"_id": "02a2ce2e-53c9-11ea-aa38-b88a60e194fb", "timestamp": "2019-12-29T00:42:13.000Z", "eventType": "transaction", "_adobeamericaspot3": {"CRMID": "crmid:9169067007", "orderDetails": {"orderID": "orderid:454683", "reservationid": "FQT-7RYI", "orderType": "website"}}}
{"_id": "02a40768-53c9-11ea-b038-b88a60e194fb", "timestamp": "2020-01-12T22:08:19.000Z", "eventType": "transaction", "_adobeamericaspot3": {"CRMID": "crmid:9649819075", "orderDetails": {"orderID": "orderid:861538", "reservationid": "HS5-IAS3", "orderType": "call center"}}}
{"_id": "02a53f30-53c9-11ea-bf1c-b88a60e194fb", "timestamp": "2020-01-18T03:13:35.000Z", "eventType": "transaction", "_adobeamericaspot3": {"CRMID": "crmid:1574436005", "orderDetails": {"orderID": "orderid:186996", "reservationid": "0S3-VNY2", "orderType": "website"}}}
{"_id": "02a6c49a-53c9-11ea-8194-b88a60e194fb", "timestamp": "2020-01-12T15:36:43.000Z", "eventType": "transaction", "_adobeamericaspot3": {"CRMID": "crmid:8181192086", "orderDetails": {"orderID": "orderid:271752", "reservationid": "WRR-YLSX", "orderType": "call center"}}}
{"_id": "02a7fd10-53c9-11ea-a446-b88a60e194fb", "timestamp": "2020-01-04T08:42:06.000Z", "eventType": "transaction", "_adobeamericaspot3": {"CRMID": "crmid:9619787922", "orderDetails": {"orderID": "orderid:853511", "reservationid": "GKE-WAGY", "orderType": "website"}}}
{"_id": "02a8241e-53c9-11ea-8294-b88a60e194fb", "timestamp": "2020-01-11T00:00:00.000Z", "eventType": "transaction", "_adobeamericaspot3": {"CRMID": "crmid:9619787922", "orderDetails": {"orderID": "orderid:311520", "reservationid": "WJL-U4T7", "orderType": "mobile"}}}
{"_id": "02a9aa94-53c9-11ea-9333-b88a60e194fb", "timestamp": "2020-01-13T10:23:28.000Z", "eventType": "transaction", "_adobeamericaspot3": {"CRMID": "crmid:2456946138", "orderDetails": {"orderID": "orderid:807393", "reservationid": "KYM-BCIL", "orderType": "service desk"}}}
{"_id": "02ab5868-53c9-11ea-87b6-b88a60e194fb", "timestamp": "2020-02-06T08:13:04.000Z", "eventType": "transaction", "_adobeamericaspot3": {"CRMID": "crmid:6636601363", "orderDetails": {"orderID": "orderid:403530", "reservationid": "DKO-4J9Z", "orderType": "call center"}}}
{"_id": "02ac91b6-53c9-11ea-8210-b88a60e194fb", "timestamp": "2020-02-16T01:16:24.000Z", "eventType": "transaction", "_adobeamericaspot3": {"CRMID": "crmid:1525717351", "orderDetails": {"orderID": "orderid:107318", "reservationid": "AFH-N2S3", "orderType": "kiosk"}}}
{"_id": "02adf11c-53c9-11ea-828f-b88a60e194fb", "timestamp": "2020-01-11T21:27:00.000Z", "eventType": "transaction", "_adobeamericaspot3": {"CRMID": "crmid:9303411146", "orderDetails": {"orderID": "orderid:627737", "reservationid": "DGG-YIQL", "orderType": "kiosk"}}}
{"_id": "02af28dc-53c9-11ea-8485-b88a60e194fb", "timestamp": "2019-12-14T08:52:42.000Z", "eventType": "transaction", "_adobeamericaspot3": {"CRMID": "crmid:8795768970", "orderDetails": {"orderID": "orderid:710623", "reservationid": "L8Y-NBJF", "orderType": "website"}}}
{"_id": "02b0af6c-53c9-11ea-a5c4-b88a60e194fb", "timestamp": "2020-02-13T07:35:42.000Z", "eventType": "transaction", "_adobeamericaspot3": {"CRMID": "crmid:5855456148", "orderDetails": {"orderID": "orderid:118154", "reservationid": "4PL-JXLO", "orderType": "website"}}}
{"_id": "02b20f34-53c9-11ea-8383-b88a60e194fb", "timestamp": "2020-01-25T16:46:53.000Z", "eventType": "transaction", "_adobeamericaspot3": {"CRMID": "crmid:2668368231", "orderDetails": {"orderID": "orderid:329192", "reservationid": "QU6-8H7P", "orderType": "kiosk"}}}
{"_id": "02b347a6-53c9-11ea-8438-b88a60e194fb", "timestamp": "2020-02-02T06:58:45.000Z", "eventType": "transaction", "_adobeamericaspot3": {"CRMID": "crmid:9275528336", "orderDetails": {"orderID": "orderid:250809", "reservationid": "M66-CQPZ", "orderType": "mobile"}}}
{"_id": "02b36eba-53c9-11ea-b63a-b88a60e194fb", "timestamp": "2020-02-09T00:00:00.000Z", "eventType": "transaction", "_adobeamericaspot3": {"CRMID": "crmid:9275528336", "orderDetails": {"orderID": "orderid:877713", "reservationid": "UFZ-EFBE", "orderType": "call center"}}}
{"_id": "02b4a706-53c9-11ea-a6b9-b88a60e194fb", "timestamp": "2020-01-12T06:30:49.000Z", "eventType": "transaction", "_adobeamericaspot3": {"CRMID": "crmid:8523257957", "orderDetails": {"orderID": "orderid:825817", "reservationid": "NS9-PBBE", "orderType": "kiosk"}}}
{"_id": "02b5dfb6-53c9-11ea-ace2-b88a60e194fb", "timestamp": "2020-01-14T17:35:29.000Z", "eventType": "transaction", "_adobeamericaspot3": {"CRMID": "crmid:1368120327", "orderDetails": {"orderID": "orderid:754513", "reservationid": "NXN-ZZOG", "orderType": "call center"}}}
{"_id": "02b76636-53c9-11ea-a5ac-b88a60e194fb", "timestamp": "2020-02-06T05:08:17.000Z", "eventType": "transaction", "_adobeamericaspot3": {"CRMID": "crmid:8941707736", "orderDetails": {"orderID": "orderid:453554", "reservationid": "RT2-UR3H", "orderType": "website"}}}
{"_id": "02bb36da-53c9-11ea-8fe3-b88a60e194fb", "timestamp": "2020-01-26T05:38:48.000Z", "eventType": "transaction", "_adobeamericaspot3": {"CRMID": "crmid:6756468973", "orderDetails": {"orderID": "orderid:408717", "reservationid": "6WJ-EQUL", "orderType": "website"}}}
{"_id": "02bc967a-53c9-11ea-a239-b88a60e194fb", "timestamp": "2019-12-13T06:18:46.000Z", "eventType": "transaction", "_adobeamericaspot3": {"CRMID": "crmid:7503794119", "orderDetails": {"orderID": "orderid:137427", "reservationid": "ALC-7X4L", "orderType": "service desk"}}}
{"_id": "02bdf5cc-53c9-11ea-a2eb-b88a60e194fb", "timestamp": "2020-02-01T16:53:38.000Z", "eventType": "transaction", "_adobeamericaspot3": {"CRMID": "crmid:9132342067", "orderDetails": {"orderID": "orderid:163308", "reservationid": "2TJ-VRDJ", "orderType": "kiosk"}}}
{"_id": "02bf559c-53c9-11ea-bbc8-b88a60e194fb", "timestamp": "2020-01-20T17:45:52.000Z", "eventType": "transaction", "_adobeamericaspot3": {"CRMID": "crmid:1638437878", "orderDetails": {"orderID": "orderid:623279", "reservationid": "ZTO-EC8R", "orderType": "kiosk"}}}
{"_id": "02c08e02-53c9-11ea-bcc6-b88a60e194fb", "timestamp": "2019-12-28T08:33:44.000Z", "eventType": "transaction", "_adobeamericaspot3": {"CRMID": "crmid:4686298316", "orderDetails": {"orderID": "orderid:694125", "reservationid": "S26-XJRI", "orderType": "call center"}}}
{"_id": "02c1c680-53c9-11ea-a3a6-b88a60e194fb", "timestamp": "2020-01-17T02:33:14.000Z", "eventType": "transaction", "_adobeamericaspot3": {"CRMID": "crmid:9495567842", "orderDetails": {"orderID": "orderid:859335", "reservationid": "BCI-8O1Y", "orderType": "mobile"}}}
{"_id": "02c2ff00-53c9-11ea-b97d-b88a60e194fb", "timestamp": "2020-01-11T08:05:16.000Z", "eventType": "transaction", "_adobeamericaspot3": {"CRMID": "crmid:8428341193", "orderDetails": {"orderID": "orderid:146060", "reservationid": "C6P-AITY", "orderType": "call center"}}}
{"_id": "02c485ac-53c9-11ea-965e-b88a60e194fb", "timestamp": "2020-02-12T14:41:41.000Z", "eventType": "transaction", "_adobeamericaspot3": {"CRMID": "crmid:1599092057", "orderDetails": {"orderID": "orderid:323523", "reservationid": "EEB-BPH6", "orderType": "website"}}}
{"_id": "02c5e536-53c9-11ea-9724-b88a60e194fb", "timestamp": "2019-12-09T09:59:27.000Z", "eventType": "transaction", "_adobeamericaspot3": {"CRMID": "crmid:9334131291", "orderDetails": {"orderID": "orderid:520270", "reservationid": "EDN-YOZL", "orderType": "website"}}}
{"_id": "02c7e102-53c9-11ea-bc3c-b88a60e194fb", "timestamp": "2020-01-15T23:34:12.000Z", "eventType": "transaction", "_adobeamericaspot3": {"CRMID": "crmid:7405914628", "orderDetails": {"orderID": "orderid:674884", "reservationid": "AS8-BANK", "orderType": "mobile"}}}
{"_id": "02ca2af6-53c9-11ea-a4d9-b88a60e194fb", "timestamp": "2020-01-30T01:39:50.000Z", "eventType": "transaction", "_adobeamericaspot3": {"CRMID": "crmid:3149536439", "orderDetails": {"orderID": "orderid:762882", "reservationid": "WJH-2IDN", "orderType": "kiosk"}}}
{"_id": "02cbd898-53c9-11ea-aa68-b88a60e194fb", "timestamp": "2020-01-11T09:48:16.000Z", "eventType": "transaction", "_adobeamericaspot3": {"CRMID": "crmid:6795471338", "orderDetails": {"orderID": "orderid:717551", "reservationid": "V8D-FVLQ", "orderType": "website"}}}
{"_id": "02cd381c-53c9-11ea-bac5-b88a60e194fb", "timestamp": "2019-12-17T07:38:05.000Z", "eventType": "transaction", "_adobeamericaspot3": {"CRMID": "crmid:3146617460", "orderDetails": {"orderID": "orderid:905596", "reservationid": "MGS-RGNS", "orderType": "call center"}}}
{"_id": "02cf0cee-53c9-11ea-85f4-b88a60e194fb", "timestamp": "2020-02-14T17:27:00.000Z", "eventType": "transaction", "_adobeamericaspot3": {"CRMID": "crmid:2812398805", "orderDetails": {"orderID": "orderid:810645", "reservationid": "KGP-CDMQ", "orderType": "kiosk"}}}
{"_id": "02d2686e-53c9-11ea-8aa2-b88a60e194fb", "timestamp": "2020-01-25T21:17:02.000Z", "eventType": "transaction", "_adobeamericaspot3": {"CRMID": "crmid:6788640544", "orderDetails": {"orderID": "orderid:125152", "reservationid": "ONM-MFQZ", "orderType": "website"}}}
{"_id": "02d43cf8-53c9-11ea-9c66-b88a60e194fb", "timestamp": "2020-01-25T05:04:33.000Z", "eventType": "transaction", "_adobeamericaspot3": {"CRMID": "crmid:3365848300", "orderDetails": {"orderID": "orderid:691702", "reservationid": "WIX-YQXL", "orderType": "call center"}}}
{"_id": "02d5c3ae-53c9-11ea-8701-b88a60e194fb", "timestamp": "2020-01-27T00:11:46.000Z", "eventType": "transaction", "_adobeamericaspot3": {"CRMID": "crmid:7772729974", "orderDetails": {"orderID": "orderid:666629", "reservationid": "RBW-TJXT", "orderType": "website"}}}
{"_id": "02d74a3a-53c9-11ea-82d4-b88a60e194fb", "timestamp": "2019-12-03T16:22:58.000Z", "eventType": "transaction", "_adobeamericaspot3": {"CRMID": "crmid:2842398990", "orderDetails": {"orderID": "orderid:325094", "reservationid": "63G-27RP", "orderType": "website"}}}
{"_id": "02d8d0f4-53c9-11ea-8336-b88a60e194fb", "timestamp": "2019-12-14T15:24:01.000Z", "eventType": "transaction", "_adobeamericaspot3": {"CRMID": "crmid:9621377978", "orderDetails": {"orderID": "orderid:725439", "reservationid": "HP7-DYA3", "orderType": "website"}}}
{"_id": "02da3068-53c9-11ea-bc59-b88a60e194fb", "timestamp": "2019-12-03T06:15:06.000Z", "eventType": "transaction", "_adobeamericaspot3": {"CRMID": "crmid:9592661775", "orderDetails": {"orderID": "orderid:355365", "reservationid": "Z1I-DYYH", "orderType": "website"}}}
{"_id": "02dbb71e-53c9-11ea-8d1d-b88a60e194fb", "timestamp": "2019-12-24T21:09:56.000Z", "eventType": "transaction", "_adobeamericaspot3": {"CRMID": "crmid:8298673580", "orderDetails": {"orderID": "orderid:900873", "reservationid": "YFI-ZQO6", "orderType": "kiosk"}}}
{"_id": "02dd655c-53c9-11ea-ae56-b88a60e194fb", "timestamp": "2019-12-23T00:23:19.000Z", "eventType": "transaction", "_adobeamericaspot3": {"CRMID": "crmid:1219065706", "orderDetails": {"orderID": "orderid:829596", "reservationid": "NRZ-USFQ", "orderType": "kiosk"}}}
{"_id": "02deeb62-53c9-11ea-9739-b88a60e194fb", "timestamp": "2019-12-23T04:27:20.000Z", "eventType": "transaction", "_adobeamericaspot3": {"CRMID": "crmid:1189817059", "orderDetails": {"orderID": "orderid:325172", "reservationid": "06L-IDQL", "orderType": "kiosk"}}}
{"_id": "02e04af4-53c9-11ea-942e-b88a60e194fb", "timestamp": "2020-02-08T19:42:37.000Z", "eventType": "transaction", "_adobeamericaspot3": {"CRMID": "crmid:9023999892", "orderDetails": {"orderID": "orderid:276072", "reservationid": "CTI-Y0JB", "orderType": "call center"}}}
{"_id": "02e1d1ae-53c9-11ea-8ba2-b88a60e194fb", "timestamp": "2019-12-06T15:57:20.000Z", "eventType": "transaction", "_adobeamericaspot3": {"CRMID": "crmid:9741881094", "orderDetails": {"orderID": "orderid:944363", "reservationid": "JNG-WVFW", "orderType": "call center"}}}
{"_id": "02e33128-53c9-11ea-893b-b88a60e194fb", "timestamp": "2019-12-22T08:39:25.000Z", "eventType": "transaction", "_adobeamericaspot3": {"CRMID": "crmid:7638547568", "orderDetails": {"orderID": "orderid:844042", "reservationid": "XA8-FR7B", "orderType": "kiosk"}}}
{"_id": "02e490b8-53c9-11ea-a2d1-b88a60e194fb", "timestamp": "2019-12-20T19:27:33.000Z", "eventType": "transaction", "_adobeamericaspot3": {"CRMID": "crmid:6321571350", "orderDetails": {"orderID": "orderid:954503", "reservationid": "85O-JU3I", "orderType": "call center"}}}
{"_id": "02e5c928-53c9-11ea-836d-b88a60e194fb", "timestamp": "2020-01-13T05:54:44.000Z", "eventType": "transaction", "_adobeamericaspot3": {"CRMID": "crmid:7119643983", "orderDetails": {"orderID": "orderid:894088", "reservationid": "9ZR-KGVL", "orderType": "mobile"}}}
{"_id": "02e701b6-53c9-11ea-8cc0-b88a60e194fb", "timestamp": "2020-01-31T02:24:38.000Z", "eventType": "transaction", "_adobeamericaspot3": {"CRMID": "crmid:5249836166", "orderDetails": {"orderID": "orderid:272076", "reservationid": "OH6-NFDV", "orderType": "service desk"}}}
{"_id": "02e81314-53c9-11ea-b703-b88a60e194fb", "timestamp": "2020-02-14T13:31:29.000Z", "eventType": "transaction", "_adobeamericaspot3": {"CRMID": "crmid:6184698712", "orderDetails": {"orderID": "orderid:581908", "reservationid": "OZD-P7VN", "orderType": "call center"}}}
{"_id": "02e94b94-53c9-11ea-ba45-b88a60e194fb", "timestamp": "2019-12-19T14:55:09.000Z", "eventType": "transaction", "_adobeamericaspot3": {"CRMID": "crmid:7911115303", "orderDetails": {"orderID": "orderid:937906", "reservationid": "7WC-RMXI", "orderType": "mobile"}}}
{"_id": "02eaab34-53c9-11ea-8bca-b88a60e194fb", "timestamp": "2020-01-30T23:57:51.000Z", "eventType": "transaction", "_adobeamericaspot3": {"CRMID": "crmid:1512928316", "orderDetails": {"orderID": "orderid:146710", "reservationid": "8SO-9VZF", "orderType": "kiosk"}}}
{"_id": "02eb959e-53c9-11ea-88ee-b88a60e194fb", "timestamp": "2020-01-30T21:56:35.000Z", "eventType": "transaction", "_adobeamericaspot3": {"CRMID": "crmid:8176183965", "orderDetails": {"orderID": "orderid:608869", "reservationid": "IJG-H03D", "orderType": "website"}}}
{"_id": "02ec7ffe-53c9-11ea-be84-b88a60e194fb", "timestamp": "2019-12-07T17:06:57.000Z", "eventType": "transaction", "_adobeamericaspot3": {"CRMID": "crmid:5990189746", "orderDetails": {"orderID": "orderid:143327", "reservationid": "ZA5-AW25", "orderType": "call center"}}}
{"_id": "02ed6a5e-53c9-11ea-8ce4-b88a60e194fb", "timestamp": "2020-01-23T19:35:03.000Z", "eventType": "transaction", "_adobeamericaspot3": {"CRMID": "crmid:6712478701", "orderDetails": {"orderID": "orderid:558160", "reservationid": "NLR-MJSR", "orderType": "kiosk"}}}
{"_id": "02ee7bd8-53c9-11ea-b5df-b88a60e194fb", "timestamp": "2019-12-18T22:59:40.000Z", "eventType": "transaction", "_adobeamericaspot3": {"CRMID": "crmid:9100158969", "orderDetails": {"orderID": "orderid:638435", "reservationid": "Z1J-DSNH", "orderType": "service desk"}}}
{"_id": "02ef662e-53c9-11ea-8575-b88a60e194fb", "timestamp": "2020-02-13T18:42:59.000Z", "eventType": "transaction", "_adobeamericaspot3": {"CRMID": "crmid:7113188533", "orderDetails": {"orderID": "orderid:176236", "reservationid": "BHR-4HJ7", "orderType": "kiosk"}}}
{"_id": "02ef662f-53c9-11ea-988f-b88a60e194fb", "timestamp": "2020-02-18T00:00:00.000Z", "eventType": "transaction", "_adobeamericaspot3": {"CRMID": "crmid:7113188533", "orderDetails": {"orderID": "orderid:433758", "reservationid": "TNL-QGM3", "orderType": "website"}}}
{"_id": "02f077a2-53c9-11ea-866f-b88a60e194fb", "timestamp": "2020-01-08T21:36:52.000Z", "eventType": "transaction", "_adobeamericaspot3": {"CRMID": "crmid:5046115750", "orderDetails": {"orderID": "orderid:637775", "reservationid": "HTB-JUH4", "orderType": "website"}}}
{"_id": "02f13c12-53c9-11ea-b994-b88a60e194fb", "timestamp": "2019-12-01T14:00:10.000Z", "eventType": "transaction", "_adobeamericaspot3": {"CRMID": "crmid:8614983321", "orderDetails": {"orderID": "orderid:501429", "reservationid": "OQL-TTX0", "orderType": "kiosk"}}}
{"_id": "02f273c6-53c9-11ea-87df-b88a60e194fb", "timestamp": "2020-01-26T07:45:37.000Z", "eventType": "transaction", "_adobeamericaspot3": {"CRMID": "crmid:3644701473", "orderDetails": {"orderID": "orderid:693709", "reservationid": "UEL-ULYE", "orderType": "kiosk"}}}
{"_id": "02f35f38-53c9-11ea-98fb-b88a60e194fb", "timestamp": "2020-01-21T06:04:33.000Z", "eventType": "transaction", "_adobeamericaspot3": {"CRMID": "crmid:3521812500", "orderDetails": {"orderID": "orderid:138603", "reservationid": "DUM-KGNC", "orderType": "kiosk"}}}
{"_id": "02f47098-53c9-11ea-935e-b88a60e194fb", "timestamp": "2019-12-05T02:25:45.000Z", "eventType": "transaction", "_adobeamericaspot3": {"CRMID": "crmid:3772416443", "orderDetails": {"orderID": "orderid:568100", "reservationid": "NJ2-KPUI", "orderType": "kiosk"}}}
{"_id": "02f7a51e-53c9-11ea-9fc1-b88a60e194fb", "timestamp": "2020-01-07T08:25:09.000Z", "eventType": "transaction", "_adobeamericaspot3": {"CRMID": "crmid:3907785977", "orderDetails": {"orderID": "orderid:898478", "reservationid": "JZJ-9WDZ", "orderType": "mobile"}}}
{"_id": "02f8b568-53c9-11ea-b810-b88a60e194fb", "timestamp": "2020-01-14T16:01:55.000Z", "eventType": "transaction", "_adobeamericaspot3": {"CRMID": "crmid:1777756905", "orderDetails": {"orderID": "orderid:161110", "reservationid": "B94-SELO", "orderType": "kiosk"}}}
{"_id": "02f9a0c2-53c9-11ea-88aa-b88a60e194fb", "timestamp": "2019-12-19T01:28:37.000Z", "eventType": "transaction", "_adobeamericaspot3": {"CRMID": "crmid:8558796777", "orderDetails": {"orderID": "orderid:318551", "reservationid": "RPO-OPCR", "orderType": "mobile"}}}
{"_id": "02fab224-53c9-11ea-9a36-b88a60e194fb", "timestamp": "2019-12-11T17:43:04.000Z", "eventType": "transaction", "_adobeamericaspot3": {"CRMID": "crmid:2105941635", "orderDetails": {"orderID": "orderid:633831", "reservationid": "ZRX-Z9FS", "orderType": "call center"}}}
{"_id": "02fbc38c-53c9-11ea-8f99-b88a60e194fb", "timestamp": "2019-12-14T01:23:55.000Z", "eventType": "transaction", "_adobeamericaspot3": {"CRMID": "crmid:1621774725", "orderDetails": {"orderID": "orderid:206813", "reservationid": "PHQ-RVE4", "orderType": "website"}}}
{"_id": "02fcd55c-53c9-11ea-9b4c-b88a60e194fb", "timestamp": "2020-01-17T10:07:37.000Z", "eventType": "transaction", "_adobeamericaspot3": {"CRMID": "crmid:3859964384", "orderDetails": {"orderID": "orderid:734196", "reservationid": "FYN-IUTZ", "orderType": "kiosk"}}}
{"_id": "02fdbf6e-53c9-11ea-85d0-b88a60e194fb", "timestamp": "2020-02-15T15:27:25.000Z", "eventType": "transaction", "_adobeamericaspot3": {"CRMID": "crmid:1072102405", "orderDetails": {"orderID": "orderid:423184", "reservationid": "0OT-VG9Y", "orderType": "mobile"}}}
{"_id": "02fea9ca-53c9-11ea-a46f-b88a60e194fb", "timestamp": "2019-12-21T03:47:27.000Z", "eventType": "transaction", "_adobeamericaspot3": {"CRMID": "crmid:3604811105", "orderDetails": {"orderID": "orderid:693544", "reservationid": "DPW-ALWE", "orderType": "kiosk"}}}
{"_id": "0300082c-53c9-11ea-8aa8-b88a60e194fb", "timestamp": "2019-12-11T02:17:02.000Z", "eventType": "transaction", "_adobeamericaspot3": {"CRMID": "crmid:1822270641", "orderDetails": {"orderID": "orderid:493215", "reservationid": "LEQ-VHKP", "orderType": "kiosk"}}}
{"_id": "0300f3be-53c9-11ea-86ac-b88a60e194fb", "timestamp": "2020-01-07T10:23:40.000Z", "eventType": "transaction", "_adobeamericaspot3": {"CRMID": "crmid:5618354026", "orderDetails": {"orderID": "orderid:797508", "reservationid": "YCQ-LNBJ", "orderType": "service desk"}}}
{"_id": "03022c58-53c9-11ea-9e65-b88a60e194fb", "timestamp": "2019-12-31T20:35:14.000Z", "eventType": "transaction", "_adobeamericaspot3": {"CRMID": "crmid:8306235084", "orderDetails": {"orderID": "orderid:169175", "reservationid": "ELB-1I1W", "orderType": "call center"}}}
{"_id": "0303169a-53c9-11ea-a855-b88a60e194fb", "timestamp": "2020-01-15T23:06:29.000Z", "eventType": "transaction", "_adobeamericaspot3": {"CRMID": "crmid:7487633532", "orderDetails": {"orderID": "orderid:887746", "reservationid": "K8E-JWYC", "orderType": "kiosk"}}}
{"_id": "0304285a-53c9-11ea-a625-b88a60e194fb", "timestamp": "2020-01-13T20:43:32.000Z", "eventType": "transaction", "_adobeamericaspot3": {"CRMID": "crmid:4524383694", "orderDetails": {"orderID": "orderid:411904", "reservationid": "IPH-AWYC", "orderType": "call center"}}}
{"_id": "03051274-53c9-11ea-bf5c-b88a60e194fb", "timestamp": "2020-02-10T15:15:35.000Z", "eventType": "transaction", "_adobeamericaspot3": {"CRMID": "crmid:1628367524", "orderDetails": {"orderID": "orderid:863436", "reservationid": "SCG-NSYU", "orderType": "website"}}}
{"_id": "030670c8-53c9-11ea-8092-b88a60e194fb", "timestamp": "2019-12-02T09:44:11.000Z", "eventType": "transaction", "_adobeamericaspot3": {"CRMID": "crmid:9096504911", "orderDetails": {"orderID": "orderid:812618", "reservationid": "J7O-TTK1", "orderType": "website"}}}
{"_id": "03078234-53c9-11ea-89b8-b88a60e194fb", "timestamp": "2019-12-23T04:57:42.000Z", "eventType": "transaction", "_adobeamericaspot3": {"CRMID": "crmid:8405837742", "orderDetails": {"orderID": "orderid:179572", "reservationid": "KZG-BT9F", "orderType": "website"}}}
{"_id": "0308ba9c-53c9-11ea-928f-b88a60e194fb", "timestamp": "2020-01-02T00:36:40.000Z", "eventType": "transaction", "_adobeamericaspot3": {"CRMID": "crmid:2987206005", "orderDetails": {"orderID": "orderid:214410", "reservationid": "7JV-LSO4", "orderType": "mobile"}}}
{"_id": "030a90ae-53c9-11ea-aae4-b88a60e194fb", "timestamp": "2019-12-25T10:11:45.000Z", "eventType": "transaction", "_adobeamericaspot3": {"CRMID": "crmid:7836356914", "orderDetails": {"orderID": "orderid:316575", "reservationid": "PCD-RJUZ", "orderType": "call center"}}}
{"_id": "030ba0d2-53c9-11ea-9700-b88a60e194fb", "timestamp": "2019-12-25T13:07:28.000Z", "eventType": "transaction", "_adobeamericaspot3": {"CRMID": "crmid:8185357923", "orderDetails": {"orderID": "orderid:132542", "reservationid": "VD1-8AFH", "orderType": "kiosk"}}}
