id,reservationid,orderid,crmid,timestamp,orderType,productsku,hotelCheckInUnix,hotelCheckOutUnix,hotelCheckInTS,hotelCheckOutTS,hotelName,hotelChain,hotelLocation,hotelRoomType,hotelRoomCount,hotelGuestAdultCount,hotelGuestChildCount,hotelNightCount,hotelRoomPrice,hotelFinalPrice
fbaf18d2-7dd9-11ea-968f-b88a60e194fb,UYJ-GUI8,orderid:718081,crmid:3330907919,2020-03-02T05:50:12.000Z,mobile,prd1028,1583646612,1584251412,2020-03-08T05:50:12.000Z,2020-03-15T05:50:12.000Z,Aspen Heights: Portland,Aspen Heights,Portland,ultra-luxury,1,1,0,7,361.97,2533.79
fbb0c6a6-7dd9-11ea-b40e-b88a60e194fb,TRN-MCNA,orderid:327370,crmid:5716816685,2020-03-25T08:37:41.000Z,call center,prd1038,1586680661,1587285461,2020-04-12T08:37:41.000Z,2020-04-19T08:37:41.000Z,Restful Nights: Mesa,Restful Nights,Mesa,standard,1,1,0,7,144.31,1010.17
fbb22600-7dd9-11ea-8bde-b88a60e194fb,MBF-RCGY,orderid:490716,crmid:5945363334,2020-03-12T21:14:47.000Z,call center,prd1009,1585689287,1586207687,2020-03-31T21:14:47.000Z,2020-04-06T21:14:47.000Z,Admiralty Plaza: San Antonio,Admiralty Plaza,San Antonio,standard,1,1,1,6,131.84,791.04
fbb3d3be-7dd9-11ea-938a-b88a60e194fb,OSJ-VU4S,orderid:247188,crmid:8967151361,2020-03-20T11:48:45.000Z,kiosk,prd1086,1585223325,1585914525,2020-03-26T11:48:45.000Z,2020-04-03T11:48:45.000Z,Restful Nights: Johannesburg,Restful Nights,Johannesburg,premium,1,1,0,8,137.57,1100.56
fbb58164-7dd9-11ea-a396-b88a60e194fb,JKN-B6KY,orderid:454951,crmid:5473362165,2020-03-22T18:05:35.000Z,service desk,prd1177,1586714735,1587405935,2020-04-12T18:05:35.000Z,2020-04-20T18:05:35.000Z,Admiralty Plaza: Raleigh,Admiralty Plaza,Raleigh,standard,1,1,0,8,118.5,948.0
fbb7089c-7dd9-11ea-9e9e-b88a60e194fb,J6Y-FTCP,orderid:523310,crmid:3094020123,2020-03-08T20:57:36.000Z,service desk,prd1112,1585947456,1586206656,2020-04-03T20:57:36.000Z,2020-04-06T20:57:36.000Z,Aspen Heights: Birmingham,Aspen Heights,Birmingham,standard,1,1,0,3,137.82,413.46
fbbb74f0-7dd9-11ea-8dfb-b88a60e194fb,X2D-WMLW,orderid:442469,crmid:2160210231,2020-03-26T21:13:36.000Z,kiosk,prd1076,1585430016,1585862016,2020-03-28T21:13:36.000Z,2020-04-02T21:13:36.000Z,Aspen Heights: Bogota,Aspen Heights,Bogota,standard,1,1,0,5,177.83,889.15
fbbcd46e-7dd9-11ea-88b9-b88a60e194fb,STP-CZ1A,orderid:970811,crmid:9031180232,2020-03-03T22:59:09.000Z,mobile,prd1009,1584572349,1585522749,2020-03-18T22:59:09.000Z,2020-03-29T22:59:09.000Z,Admiralty Plaza: San Antonio,Admiralty Plaza,San Antonio,standard,1,1,3,11,143.76,1581.36
fbbe3402-7dd9-11ea-9565-b88a60e194fb,FPH-QKRC,orderid:563058,crmid:6900946202,2020-03-01T10:59:05.000Z,kiosk,prd1136,1583233145,1583319545,2020-03-03T10:59:05.000Z,2020-03-04T10:59:05.000Z,Aspen Heights: Osaka,Aspen Heights,Osaka,standard,1,1,0,1,100.22,100.22
fbc00926-7dd9-11ea-bc14-b88a60e194fb,ZM7-DDFT,orderid:160095,crmid:1590206909,2020-03-22T07:18:23.000Z,call center,prd1134,1585552703,1586243903,2020-03-30T07:18:23.000Z,2020-04-07T07:18:23.000Z,Restful Nights: Montreal,Restful Nights,Montreal,standard,1,1,2,8,164.79,1318.32
fbc1b658-7dd9-11ea-870a-b88a60e194fb,QZI-TWJW,orderid:144392,crmid:3651086900,2020-03-18T05:33:33.000Z,kiosk,prd1061,1584596013,1584682413,2020-03-19T05:33:33.000Z,2020-03-20T05:33:33.000Z,Grandeur Hotels: Lahore,Grandeur Hotels,Lahore,standard,1,1,0,1,155.99,155.99
fbc2eee6-7dd9-11ea-9863-b88a60e194fb,VPZ-N3N2,orderid:983625,crmid:4986523291,2020-03-07T02:17:40.000Z,mobile,prd1159,1584065860,1584152260,2020-03-13T02:17:40.000Z,2020-03-14T02:17:40.000Z,Family Fun Hotels: Detroit,Family Fun Hotels,Detroit,standard,1,1,0,1,150.85,150.85
fbc2eee7-7dd9-11ea-9823-b88a60e194fb,LBD-WHOS,orderid:417618,crmid:4986523291,2020-03-15T00:00:00.000Z,kiosk,prd1141,1584489600,1584576000,2020-03-18T00:00:00.000Z,2020-03-19T00:00:00.000Z,Admiralty Plaza: Phoenix,Admiralty Plaza,Phoenix,premium,1,1,0,1,122.51,122.51
fbc44e7a-7dd9-11ea-b353-b88a60e194fb,HNT-ATVW,orderid:450676,crmid:2836071929,2020-03-10T12:13:57.000Z,kiosk,prd1045,1585570437,1586088837,2020-03-30T12:13:57.000Z,2020-04-05T12:13:57.000Z,Admiralty Plaza: Miami,Admiralty Plaza,Miami,standard,1,1,3,6,153.02,918.12
fbc55fe4-7dd9-11ea-ae2d-b88a60e194fb,1PU-KVWG,orderid:346794,crmid:4946638441,2020-03-31T00:48:10.000Z,mobile,prd1062,1587775690,1588380490,2020-04-25T00:48:10.000Z,2020-05-02T00:48:10.000Z,Restful Nights: Moscow,Restful Nights,Moscow,standard,1,1,0,7,123.45,864.15
fbc69852-7dd9-11ea-ad21-b88a60e194fb,BGI-7MZO,orderid:394803,crmid:1858834249,2020-03-11T17:02:10.000Z,call center,prd1071,1586192530,1586883730,2020-04-06T17:02:10.000Z,2020-04-14T17:02:10.000Z,Hospitality Inn: Seoul,Hospitality Inn,Seoul,standard,1,1,0,8,134.02,1072.16
fbc7f7ec-7dd9-11ea-9e1a-b88a60e194fb,XH7-EMLK,orderid:214048,crmid:2794915416,2020-03-26T13:17:25.000Z,call center,prd1098,1586265445,1586611045,2020-04-07T13:17:25.000Z,2020-04-11T13:17:25.000Z,Restful Nights: Kiev,Restful Nights,Kiev,standard,1,1,0,4,149.57,598.28
fbc9577a-7dd9-11ea-bc60-b88a60e194fb,A62-VMNS,orderid:566538,crmid:7693316994,2020-03-03T07:47:00.000Z,kiosk,prd1033,1583912820,1585554420,2020-03-11T07:47:00.000Z,2020-03-30T07:47:00.000Z,Admiralty Plaza: Milwaukee,Admiralty Plaza,Milwaukee,standard,1,1,1,19,73.67,1399.73
fbca9170-7dd9-11ea-890a-b88a60e194fb,JD0-XMVM,orderid:957320,crmid:7731761734,2020-03-12T12:56:06.000Z,call center,prd1021,1586523366,1587128166,2020-04-10T12:56:06.000Z,2020-04-17T12:56:06.000Z,Admiralty Plaza: Denver,Admiralty Plaza,Denver,premium,1,1,0,7,184.01,1288.07
fbcba15c-7dd9-11ea-9f47-b88a60e194fb,CKG-JTAE,orderid:527546,crmid:9678646867,2020-03-22T14:43:40.000Z,service desk,prd1142,1587307420,1587739420,2020-04-19T14:43:40.000Z,2020-04-24T14:43:40.000Z,Blue Reef Resort: Philadelphia,Blue Reef Resort,Philadelphia,standard,1,1,0,5,131.83,659.15
fbccb2ca-7dd9-11ea-aee3-b88a60e194fb,R4V-SLNR,orderid:493640,crmid:5400377230,2020-03-19T03:21:42.000Z,kiosk,prd1196,1586316102,1586575302,2020-04-08T03:21:42.000Z,2020-04-11T03:21:42.000Z,Aspen Heights: Moscow,Aspen Heights,Moscow,premium,1,1,3,3,159.92,479.76
fbce12e2-7dd9-11ea-a21f-b88a60e194fb,K8Q-XGBJ,orderid:298050,crmid:2000293325,2020-03-19T07:56:47.000Z,call center,prd1191,1586332607,1586937407,2020-04-08T07:56:47.000Z,2020-04-15T07:56:47.000Z,Hospitality Inn: Mumbai,Hospitality Inn,Mumbai,standard,1,1,0,7,101.71,711.97
fbcf4c50-7dd9-11ea-abc8-b88a60e194fb,XI1-WD2G,orderid:605308,crmid:9983660111,2020-03-05T01:26:05.000Z,kiosk,prd1154,1585185965,1585617965,2020-03-26T01:26:05.000Z,2020-03-31T01:26:05.000Z,Blue Reef Resort: Seattle,Blue Reef Resort,Seattle,standard,1,1,2,5,154.75,773.75
fbd08552-7dd9-11ea-a8bf-b88a60e194fb,UID-ON27,orderid:244759,crmid:2572359687,2020-03-18T12:31:43.000Z,call center,prd1004,1586953903,1587817903,2020-04-15T12:31:43.000Z,2020-04-25T12:31:43.000Z,Aspen Heights: Boulder,Aspen Heights,Boulder,standard,1,1,0,10,108.64,1086.4
fbd1964a-7dd9-11ea-8606-b88a60e194fb,HJ7-EI02,orderid:907943,crmid:4086145265,2020-03-09T17:31:42.000Z,service desk,prd1052,1583861502,1584034302,2020-03-10T17:31:42.000Z,2020-03-12T17:31:42.000Z,Aspen Heights: Wichita,Aspen Heights,Wichita,standard,1,1,0,2,129.62,259.24
fbd2cec6-7dd9-11ea-96ff-b88a60e194fb,BPT-O76V,orderid:577835,crmid:7193407572,2020-03-18T06:54:03.000Z,call center,prd1195,1586242443,1587365643,2020-04-07T06:54:03.000Z,2020-04-20T06:54:03.000Z,Family Fun Hotels: Lahore,Family Fun Hotels,Lahore,luxury,1,1,4,13,269.7,3506.1
fbd40662-7dd9-11ea-8849-b88a60e194fb,GQQ-2FKU,orderid:262854,crmid:9482311190,2020-03-08T07:48:52.000Z,call center,prd1029,1583912932,1584085732,2020-03-11T07:48:52.000Z,2020-03-13T07:48:52.000Z,Sapphire Suites: Oklahoma City,Sapphire Suites,Oklahoma City,standard,1,1,0,2,172.23,344.46
fbd42d12-7dd9-11ea-aaeb-b88a60e194fb,GFJ-LRRN,orderid:852658,crmid:9482311190,2020-03-14T00:00:00.000Z,call center,prd1016,1584748800,1584921600,2020-03-21T00:00:00.000Z,2020-03-23T00:00:00.000Z,Aspen Heights: Columbus,Aspen Heights,Columbus,standard,1,1,0,2,121.29,242.58
fbd5657e-7dd9-11ea-8953-b88a60e194fb,IKL-GVDQ,orderid:566645,crmid:8397839380,2020-03-06T16:28:55.000Z,mobile,prd1159,1583598535,1583684935,2020-03-07T16:28:55.000Z,2020-03-08T16:28:55.000Z,Family Fun Hotels: Detroit,Family Fun Hotels,Detroit,standard,1,1,0,1,165.32,165.32
fbd6ec1c-7dd9-11ea-93cd-b88a60e194fb,MQS-MFXL,orderid:369366,crmid:7888732712,2020-03-29T04:23:18.000Z,call center,prd1163,1586924598,1588306998,2020-04-15T04:23:18.000Z,2020-05-01T04:23:18.000Z,Nesting Box Inn: Oklahoma City,Nesting Box Inn,Oklahoma City,standard,1,1,0,16,103.77,1660.32
fbd8249e-7dd9-11ea-bb09-b88a60e194fb,EUT-K2BK,orderid:193714,crmid:2435902245,2020-03-25T02:30:11.000Z,kiosk,prd1069,1587090611,1588473011,2020-04-17T02:30:11.000Z,2020-05-03T02:30:11.000Z,Admiralty Plaza: Singapore,Admiralty Plaza,Singapore,standard,1,1,0,16,152.02,2432.32
fbd95d46-7dd9-11ea-a26f-b88a60e194fb,K70-5BTE,orderid:333691,crmid:3940581688,2020-03-16T12:34:10.000Z,kiosk,prd1079,1586781250,1587299650,2020-04-13T12:34:10.000Z,2020-04-19T12:34:10.000Z,Nesting Box Inn: Chennai,Nesting Box Inn,Chennai,standard,1,1,0,6,166.03,996.18
fbda959a-7dd9-11ea-b3fc-b88a60e194fb,1MY-ASVX,orderid:187507,crmid:5632816456,2020-03-07T16:16:19.000Z,service desk,prd1151,1583770579,1584461779,2020-03-09T16:16:19.000Z,2020-03-17T16:16:19.000Z,Nesting Box Inn: Fort Worth,Nesting Box Inn,Fort Worth,standard,1,1,0,8,143.7,1149.6
fbdbcdf4-7dd9-11ea-8a3a-b88a60e194fb,0BR-UDPE,orderid:843437,crmid:2315397633,2020-03-17T21:24:29.000Z,mobile,prd1190,1586294669,1586726669,2020-04-07T21:24:29.000Z,2020-04-12T21:24:29.000Z,Blue Reef Resort: Aurora,Blue Reef Resort,Aurora,ultra-luxury,1,1,0,5,391.51,1957.55
fbdd0670-7dd9-11ea-90b6-b88a60e194fb,JRO-JMXJ,orderid:715615,crmid:9276493901,2020-03-25T21:44:14.000Z,mobile,prd1166,1585345454,1585431854,2020-03-27T21:44:14.000Z,2020-03-28T21:44:14.000Z,Blue Reef Resort: Baltimore,Blue Reef Resort,Baltimore,standard,1,1,0,1,142.24,142.24
fbde663a-7dd9-11ea-a867-b88a60e194fb,P51-DG2C,orderid:703289,crmid:3767011993,2020-03-29T17:37:13.000Z,kiosk,prd1064,1587922633,1588268233,2020-04-26T17:37:13.000Z,2020-04-30T17:37:13.000Z,Aspen Heights: Paris,Aspen Heights,Paris,standard,1,1,4,4,142.96,571.84
fbdf9ea4-7dd9-11ea-b74f-b88a60e194fb,1FX-QA2N,orderid:920073,crmid:9893279005,2020-03-10T07:34:48.000Z,mobile,prd1061,1583912088,1584084888,2020-03-11T07:34:48.000Z,2020-03-13T07:34:48.000Z,Grandeur Hotels: Lahore,Grandeur Hotels,Lahore,standard,1,1,0,2,144.38,288.76
fbe0d702-7dd9-11ea-9e22-b88a60e194fb,SJZ-G1LC,orderid:760354,crmid:9194938061,2020-03-22T13:08:38.000Z,call center,prd1058,1586869718,1587647318,2020-04-14T13:08:38.000Z,2020-04-23T13:08:38.000Z,Blue Reef Resort: Delhi,Blue Reef Resort,Delhi,standard,1,1,2,9,104.56,941.04
fbe20fa4-7dd9-11ea-a878-b88a60e194fb,O8Y-X2RO,orderid:128626,crmid:7775774249,2020-03-14T10:12:51.000Z,call center,prd1009,1584267171,1584353571,2020-03-15T10:12:51.000Z,2020-03-16T10:12:51.000Z,Admiralty Plaza: San Antonio,Admiralty Plaza,San Antonio,premium,1,1,0,1,111.19,111.19
fbe3bf0c-7dd9-11ea-a5b1-b88a60e194fb,B9A-WUCY,orderid:996327,crmid:3601675212,2020-03-21T03:05:55.000Z,kiosk,prd1173,1585364755,1585623955,2020-03-28T03:05:55.000Z,2020-03-31T03:05:55.000Z,Sapphire Suites: Kansas City,Sapphire Suites,Kansas City,premium,1,1,0,3,142.42,427.26
fbe4d012-7dd9-11ea-92ed-b88a60e194fb,Y3E-VZOC,orderid:871630,crmid:4125247655,2020-03-13T06:13:16.000Z,mobile,prd1009,1585807996,1587017596,2020-04-02T06:13:16.000Z,2020-04-16T06:13:16.000Z,Admiralty Plaza: San Antonio,Admiralty Plaza,San Antonio,premium,1,1,0,14,143.53,2009.42
fbe62f58-7dd9-11ea-a446-b88a60e194fb,D4R-CURD,orderid:157234,crmid:6551422706,2020-03-13T11:11:07.000Z,call center,prd1177,1586257867,1587467467,2020-04-07T11:11:07.000Z,2020-04-21T11:11:07.000Z,Admiralty Plaza: Raleigh,Admiralty Plaza,Raleigh,standard,1,1,2,14,151.42,2119.88
fbe78e74-7dd9-11ea-814b-b88a60e194fb,QKP-RWGX,orderid:668919,crmid:6047312396,2020-03-12T00:06:01.000Z,service desk,prd1118,1586304361,1586736361,2020-04-08T00:06:01.000Z,2020-04-13T00:06:01.000Z,Blue Reef Resort: Cologne,Blue Reef Resort,Cologne,premium,1,1,2,5,182.68,913.4
fbe89f46-7dd9-11ea-98b6-b88a60e194fb,PXE-HCBB,orderid:889876,crmid:9734321114,2020-03-29T12:21:42.000Z,service desk,prd1148,1586866902,1587644502,2020-04-14T12:21:42.000Z,2020-04-23T12:21:42.000Z,Aspen Heights: Jacksonville,Aspen Heights,Jacksonville,standard,1,1,0,9,127.87,1150.83
fbe9d7c8-7dd9-11ea-bbc3-b88a60e194fb,X7A-G6IY,orderid:779539,crmid:2613811595,2020-03-25T00:55:20.000Z,mobile,prd1035,1586998520,1587171320,2020-04-16T00:55:20.000Z,2020-04-18T00:55:20.000Z,Hospitality Inn: Tucson,Hospitality Inn,Tucson,standard,1,1,0,2,127.96,255.92
fbeb1026-7dd9-11ea-a7d8-b88a60e194fb,UYC-RXIC,orderid:835675,crmid:2827258521,2020-03-02T02:41:19.000Z,kiosk,prd1022,1583289679,1583462479,2020-03-04T02:41:19.000Z,2020-03-06T02:41:19.000Z,Blue Reef Resort: Washington DC,Blue Reef Resort,Washington DC,standard,1,1,0,2,141.17,282.34
fbec48de-7dd9-11ea-8c34-b88a60e194fb,JE9-OHYV,orderid:532950,crmid:9056399766,2020-03-31T17:15:30.000Z,call center,prd1064,1585761330,1585934130,2020-04-01T17:15:30.000Z,2020-04-03T17:15:30.000Z,Aspen Heights: Paris,Aspen Heights,Paris,standard,1,1,0,2,188.88,377.76
fbec6fec-7dd9-11ea-9dd6-b88a60e194fb,QPN-YUA2,orderid:831345,crmid:9056399766,2020-04-05T00:00:00.000Z,call center,prd1073,1586131200,1586304000,2020-04-06T00:00:00.000Z,2020-04-08T00:00:00.000Z,Grandeur Hotels: Lima,Grandeur Hotels,Lima,standard,1,1,0,2,118.7,237.4
fbec96f8-7dd9-11ea-8d2c-b88a60e194fb,JMF-NHUI,orderid:940357,crmid:9056399766,2020-04-10T00:00:00.000Z,kiosk,prd1009,1586736000,1587081600,2020-04-13T00:00:00.000Z,2020-04-17T00:00:00.000Z,Admiralty Plaza: San Antonio,Admiralty Plaza,San Antonio,standard,1,1,0,4,97.2,388.8
fbee44d2-7dd9-11ea-bb9c-b88a60e194fb,J2O-UYQB,orderid:491197,crmid:7570229507,2020-03-26T00:21:16.000Z,kiosk,prd1002,1585268476,1585354876,2020-03-27T00:21:16.000Z,2020-03-28T00:21:16.000Z,Restful Nights: Chicago,Restful Nights,Chicago,standard,1,1,0,1,116.91,116.91
fbefccb6-7dd9-11ea-8100-b88a60e194fb,NX2-H9RY,orderid:206410,crmid:5260822003,2020-03-05T17:18:29.000Z,mobile,prd1040,1583515109,1583601509,2020-03-06T17:18:29.000Z,2020-03-07T17:18:29.000Z,Aspen Heights: Atlanta,Aspen Heights,Atlanta,premium,1,1,0,1,103.12,103.12
fbf151c0-7dd9-11ea-b039-b88a60e194fb,LDD-P8U2,orderid:587394,crmid:7260554949,2020-03-27T01:07:34.000Z,mobile,prd1059,1586826454,1587863254,2020-04-14T01:07:34.000Z,2020-04-26T01:07:34.000Z,Hospitality Inn: Kinshasa,Hospitality Inn,Kinshasa,standard,1,1,0,12,136.9,1642.8
fbf2ffac-7dd9-11ea-8034-b88a60e194fb,DVN-9JDR,orderid:567488,crmid:7002053780,2020-03-24T21:45:01.000Z,kiosk,prd1118,1586987101,1587419101,2020-04-15T21:45:01.000Z,2020-04-20T21:45:01.000Z,Blue Reef Resort: Cologne,Blue Reef Resort,Cologne,standard,1,1,0,5,130.45,652.25
fbf48654-7dd9-11ea-b876-b88a60e194fb,D6G-ESVD,orderid:882750,crmid:6370826363,2020-03-27T00:30:43.000Z,call center,prd1157,1585614643,1585960243,2020-03-31T00:30:43.000Z,2020-04-04T00:30:43.000Z,Grandeur Hotels: Boston,Grandeur Hotels,Boston,standard,1,1,0,4,148.66,594.64
fbf60d28-7dd9-11ea-ba9a-b88a60e194fb,QLD-JISB,orderid:813888,crmid:5961362731,2020-03-09T18:53:22.000Z,call center,prd1107,1584730402,1585335202,2020-03-20T18:53:22.000Z,2020-03-27T18:53:22.000Z,Hospitality Inn: Kharkiv,Hospitality Inn,Kharkiv,premium,1,1,0,7,161.03,1127.21
fbf79366-7dd9-11ea-bb38-b88a60e194fb,QZQ-R5GO,orderid:850984,crmid:7097072869,2020-03-16T06:59:13.000Z,call center,prd1082,1584946753,1586329153,2020-03-23T06:59:13.000Z,2020-04-08T06:59:13.000Z,Blue Reef Resort: Surat,Blue Reef Resort,Surat,standard,1,1,0,16,140.28,2244.48
fbf91a14-7dd9-11ea-b3d3-b88a60e194fb,KEB-UTNZ,orderid:163787,crmid:1392004555,2020-03-15T19:52:19.000Z,call center,prd1178,1585770739,1586029939,2020-04-01T19:52:19.000Z,2020-04-04T19:52:19.000Z,Blue Reef Resort: Colorado Springs,Blue Reef Resort,Colorado Springs,standard,1,1,2,3,125.21,375.63
fbfa7992-7dd9-11ea-9b18-b88a60e194fb,OHR-2UDM,orderid:350536,crmid:8328425239,2020-03-12T23:16:56.000Z,call center,prd1131,1584141416,1584314216,2020-03-13T23:16:56.000Z,2020-03-15T23:16:56.000Z,Hospitality Inn: Sheffield,Hospitality Inn,Sheffield,standard,1,1,0,2,154.26,308.52
fbfc003e-7dd9-11ea-87db-b88a60e194fb,FHX-ML6S,orderid:273247,crmid:3859224100,2020-03-08T10:28:56.000Z,service desk,prd1124,1583749736,1583836136,2020-03-09T10:28:56.000Z,2020-03-10T10:28:56.000Z,Aspen Heights: Leeds,Aspen Heights,Leeds,standard,1,1,0,1,168.74,168.74
fbfdd566-7dd9-11ea-a89e-b88a60e194fb,KTE-KVE7,orderid:310889,crmid:7541611463,2020-03-31T03:43:24.000Z,kiosk,prd1035,1587354204,1588131804,2020-04-20T03:43:24.000Z,2020-04-29T03:43:24.000Z,Hospitality Inn: Tucson,Hospitality Inn,Tucson,standard,1,1,0,9,183.44,1650.96
fbffa982-7dd9-11ea-bf6d-b88a60e194fb,3ZP-4VFY,orderid:791470,crmid:4297551860,2020-03-16T22:05:21.000Z,call center,prd1082,1584482721,1584741921,2020-03-17T22:05:21.000Z,2020-03-20T22:05:21.000Z,Blue Reef Resort: Surat,Blue Reef Resort,Surat,standard,1,1,0,3,154.33,462.99
fc017e40-7dd9-11ea-865a-b88a60e194fb,FIB-6KSZ,orderid:402956,crmid:4105082754,2020-03-11T03:20:36.000Z,call center,prd1105,1584588036,1585192836,2020-03-19T03:20:36.000Z,2020-03-26T03:20:36.000Z,Admiralty Plaza: Barcelona,Admiralty Plaza,Barcelona,standard,1,1,0,7,128.31,898.17
fc037a0c-7dd9-11ea-8574-b88a60e194fb,3KG-ILPO,orderid:581644,crmid:2247899816,2020-03-15T01:16:10.000Z,call center,prd1183,1586481370,1586913370,2020-04-10T01:16:10.000Z,2020-04-15T01:16:10.000Z,Family Fun Hotels: Tulsa,Family Fun Hotels,Tulsa,standard,1,1,0,5,139.32,696.6
fc059cee-7dd9-11ea-87e3-b88a60e194fb,BQU-KFGS,orderid:643347,crmid:2427375696,2020-03-02T08:56:22.000Z,call center,prd1021,1583225782,1583571382,2020-03-03T08:56:22.000Z,2020-03-07T08:56:22.000Z,Admiralty Plaza: Denver,Admiralty Plaza,Denver,premium,1,1,0,4,149.02,596.08
fc07238c-7dd9-11ea-b28e-b88a60e194fb,D1D-CUUJ,orderid:644396,crmid:8486491795,2020-03-23T07:34:47.000Z,service desk,prd1093,1585121687,1585208087,2020-03-25T07:34:47.000Z,2020-03-26T07:34:47.000Z,Admiralty Plaza: Yokohama,Admiralty Plaza,Yokohama,standard,1,1,0,1,125.07,125.07
fc08d148-7dd9-11ea-bb88-b88a60e194fb,LMP-TSZ8,orderid:106490,crmid:6742192545,2020-03-17T16:51:58.000Z,mobile,prd1013,1584550318,1584895918,2020-03-18T16:51:58.000Z,2020-03-22T16:51:58.000Z,Grandeur Hotels: Austin,Grandeur Hotels,Austin,ultra-luxury,1,1,0,4,207.24,828.96
fc091f66-7dd9-11ea-9cfc-b88a60e194fb,JNR-TFJP,orderid:944974,crmid:6742192545,2020-03-24T00:00:00.000Z,call center,prd1105,1585094400,1585267200,2020-03-25T00:00:00.000Z,2020-03-27T00:00:00.000Z,Admiralty Plaza: Barcelona,Admiralty Plaza,Barcelona,standard,1,1,0,2,139.66,279.32
fc0acd06-7dd9-11ea-b270-b88a60e194fb,T2G-ND69,orderid:777350,crmid:3930601978,2020-03-26T01:48:15.000Z,mobile,prd1062,1587433695,1588729695,2020-04-21T01:48:15.000Z,2020-05-06T01:48:15.000Z,Restful Nights: Moscow,Restful Nights,Moscow,standard,1,1,0,15,126.75,1901.25
fc0c53ac-7dd9-11ea-91e6-b88a60e194fb,VIY-RLYB,orderid:235261,crmid:7053594034,2020-03-10T04:16:16.000Z,call center,prd1187,1585541776,1586146576,2020-03-30T04:16:16.000Z,2020-04-06T04:16:16.000Z,Nesting Box Inn: Cleveland,Nesting Box Inn,Cleveland,premium,1,1,0,7,99.48,696.36
fc0db32c-7dd9-11ea-8544-b88a60e194fb,NDJ-ZPNK,orderid:581782,crmid:3894367995,2020-03-23T18:39:58.000Z,service desk,prd1088,1587321598,1588703998,2020-04-19T18:39:58.000Z,2020-05-05T18:39:58.000Z,Aspen Heights: Ankara,Aspen Heights,Ankara,standard,1,1,0,16,145.17,2322.72
fc0f39d8-7dd9-11ea-836d-b88a60e194fb,IHL-2QHG,orderid:583467,crmid:4594149069,2020-03-26T15:13:31.000Z,kiosk,prd1011,1585322011,1585408411,2020-03-27T15:13:31.000Z,2020-03-28T15:13:31.000Z,Hospitality Inn: Dallas,Hospitality Inn,Dallas,standard,1,1,0,1,154.79,154.79
fc0f60e2-7dd9-11ea-9a2e-b88a60e194fb,0C9-QTSW,orderid:753110,crmid:4594149069,2020-03-30T00:00:00.000Z,mobile,prd1185,1585612800,1585785600,2020-03-31T00:00:00.000Z,2020-04-02T00:00:00.000Z,Sapphire Suites: New Orleans,Sapphire Suites,New Orleans,standard,1,1,0,2,131.97,263.94
fc115cba-7dd9-11ea-ba66-b88a60e194fb,DJR-IWSO,orderid:884497,crmid:3754194921,2020-03-24T01:00:36.000Z,mobile,prd1184,1586653236,1587171636,2020-04-12T01:00:36.000Z,2020-04-18T01:00:36.000Z,Aspen Heights: Arlington,Aspen Heights,Arlington,premium,1,1,0,6,131.91,791.46
fc137fa6-7dd9-11ea-a1e0-b88a60e194fb,XJE-5ALY,orderid:601203,crmid:5415237743,2020-03-24T00:45:36.000Z,kiosk,prd1045,1585097136,1585701936,2020-03-25T00:45:36.000Z,2020-04-01T00:45:36.000Z,Admiralty Plaza: Miami,Admiralty Plaza,Miami,premium,1,1,0,7,153.47,1074.29
fc1506ee-7dd9-11ea-b3db-b88a60e194fb,RQP-DTDM,orderid:954890,crmid:2275428459,2020-03-06T12:19:42.000Z,mobile,prd1009,1585397982,1586607582,2020-03-28T12:19:42.000Z,2020-04-11T12:19:42.000Z,Admiralty Plaza: San Antonio,Admiralty Plaza,San Antonio,standard,1,1,1,14,138.03,1932.42
fc16db0c-7dd9-11ea-98e8-b88a60e194fb,KJ8-ZTN7,orderid:784919,crmid:8909576894,2020-03-03T13:00:54.000Z,service desk,prd1090,1583326854,1583586054,2020-03-04T13:00:54.000Z,2020-03-07T13:00:54.000Z,Sego Lily Suites: Giza,Sego Lily Suites,Giza,standard,1,1,0,3,120.39,361.17
fc1888ba-7dd9-11ea-8293-b88a60e194fb,2JX-NOTY,orderid:826309,crmid:6313966519,2020-03-27T02:15:12.000Z,call center,prd1165,1587348912,1588212912,2020-04-20T02:15:12.000Z,2020-04-30T02:15:12.000Z,Admiralty Plaza: Louisville,Admiralty Plaza,Louisville,standard,1,1,0,10,134.12,1341.2
fc1a3652-7dd9-11ea-87ec-b88a60e194fb,GLH-8SMK,orderid:949107,crmid:8107019843,2020-03-19T19:06:18.000Z,call center,prd1070,1584731178,1585249578,2020-03-20T19:06:18.000Z,2020-03-26T19:06:18.000Z,Blue Reef Resort: Jakarta,Blue Reef Resort,Jakarta,premium,1,1,0,6,159.74,958.44
fc1c0b1e-7dd9-11ea-bf1f-b88a60e194fb,YE5-OZSP,orderid:839649,crmid:8428813583,2020-03-12T08:07:26.000Z,call center,prd1028,1585987646,1586419646,2020-04-04T08:07:26.000Z,2020-04-09T08:07:26.000Z,Aspen Heights: Portland,Aspen Heights,Portland,standard,1,1,0,5,127.28,636.4
fc1de00a-7dd9-11ea-9531-b88a60e194fb,WHN-63HC,orderid:215951,crmid:9257056957,2020-03-21T05:27:23.000Z,kiosk,prd1153,1584941243,1585546043,2020-03-23T05:27:23.000Z,2020-03-30T05:27:23.000Z,Admiralty Plaza: Charlotte,Admiralty Plaza,Charlotte,standard,1,1,0,7,138.02,966.14
fc1f6678-7dd9-11ea-a0d7-b88a60e194fb,WR9-ZUVV,orderid:912124,crmid:1169984580,2020-03-17T22:56:27.000Z,kiosk,prd1064,1584572187,1584658587,2020-03-18T22:56:27.000Z,2020-03-19T22:56:27.000Z,Aspen Heights: Paris,Aspen Heights,Paris,standard,1,1,0,1,130.78,130.78
fc216252-7dd9-11ea-b094-b88a60e194fb,2ZU-OGRC,orderid:903154,crmid:1952101728,2020-03-31T08:40:11.000Z,mobile,prd1094,1585730411,1585816811,2020-04-01T08:40:11.000Z,2020-04-02T08:40:11.000Z,Blue Reef Resort: Berlin,Blue Reef Resort,Berlin,premium,1,1,0,1,141.96,141.96
fc22e8fa-7dd9-11ea-ad84-b88a60e194fb,ZLE-PVOF,orderid:610741,crmid:2162065390,2020-03-30T23:35:24.000Z,kiosk,prd1093,1587512124,1588116924,2020-04-21T23:35:24.000Z,2020-04-28T23:35:24.000Z,Admiralty Plaza: Yokohama,Admiralty Plaza,Yokohama,standard,1,1,0,7,108.27,757.89
fc246f90-7dd9-11ea-9f25-b88a60e194fb,UQV-4NYQ,orderid:878417,crmid:5657976309,2020-03-17T19:43:48.000Z,call center,prd1135,1584906228,1585511028,2020-03-22T19:43:48.000Z,2020-03-29T19:43:48.000Z,Family Fun Hotels: Vancouver,Family Fun Hotels,Vancouver,premium,1,1,0,7,137.2,960.4
fc25cf24-7dd9-11ea-98da-b88a60e194fb,FVJ-JGWU,orderid:788229,crmid:5681418403,2020-03-29T11:55:56.000Z,call center,prd1086,1587556556,1587815756,2020-04-22T11:55:56.000Z,2020-04-25T11:55:56.000Z,Restful Nights: Johannesburg,Restful Nights,Johannesburg,standard,1,1,3,3,118.57,355.71
fc277cc2-7dd9-11ea-a76f-b88a60e194fb,J0M-IRKU,orderid:644792,crmid:2688003063,2020-03-27T01:26:01.000Z,call center,prd1112,1585704361,1586309161,2020-04-01T01:26:01.000Z,2020-04-08T01:26:01.000Z,Aspen Heights: Birmingham,Aspen Heights,Birmingham,standard,1,1,4,7,125.04,875.28
fc297876-7dd9-11ea-93c5-b88a60e194fb,CVC-YFOF,orderid:739763,crmid:2245284463,2020-03-10T00:49:05.000Z,kiosk,prd1190,1586134145,1586911745,2020-04-06T00:49:05.000Z,2020-04-15T00:49:05.000Z,Blue Reef Resort: Aurora,Blue Reef Resort,Aurora,standard,1,1,2,9,93.67,843.03
fc2b7454-7dd9-11ea-8f88-b88a60e194fb,9LW-WIT4,orderid:757059,crmid:6832737267,2020-03-20T11:37:38.000Z,call center,prd1066,1584963458,1585136258,2020-03-23T11:37:38.000Z,2020-03-25T11:37:38.000Z,Sego Lily Suites: Shanghai,Sego Lily Suites,Shanghai,standard,1,1,0,2,154.6,309.2
fc2d2236-7dd9-11ea-b7fc-b88a60e194fb,NVG-V28M,orderid:688082,crmid:2388839853,2020-03-26T17:22:26.000Z,call center,prd1081,1585416146,1585502546,2020-03-28T17:22:26.000Z,2020-03-29T17:22:26.000Z,Admiralty Plaza: Rod de Janeiro,Admiralty Plaza,Rod de Janeiro,premium,1,1,0,1,161.36,161.36
fc2d2237-7dd9-11ea-b7d3-b88a60e194fb,V9K-UEZI,orderid:236894,crmid:2388839853,2020-03-30T00:00:00.000Z,service desk,prd1153,1585612800,1585699200,2020-03-31T00:00:00.000Z,2020-04-01T00:00:00.000Z,Admiralty Plaza: Charlotte,Admiralty Plaza,Charlotte,standard,1,1,0,1,173.77,173.77
fc2ecfc6-7dd9-11ea-be1e-b88a60e194fb,B35-8X9H,orderid:335428,crmid:7223691436,2020-03-13T16:47:10.000Z,mobile,prd1157,1585673230,1587055630,2020-03-31T16:47:10.000Z,2020-04-16T16:47:10.000Z,Grandeur Hotels: Boston,Grandeur Hotels,Boston,standard,1,1,0,16,117.26,1876.16
fc302f52-7dd9-11ea-8308-b88a60e194fb,CJR-1TAK,orderid:409912,crmid:5469587379,2020-03-26T02:24:19.000Z,kiosk,prd1141,1585362259,1585448659,2020-03-28T02:24:19.000Z,2020-03-29T02:24:19.000Z,Admiralty Plaza: Phoenix,Admiralty Plaza,Phoenix,standard,1,1,0,1,89.59,89.59
fc318ee2-7dd9-11ea-864a-b88a60e194fb,2VD-LPCM,orderid:998972,crmid:9965377301,2020-03-30T00:26:28.000Z,service desk,prd1104,1587169588,1587428788,2020-04-18T00:26:28.000Z,2020-04-21T00:26:28.000Z,Repose Resort: Warsaw,Repose Resort,Warsaw,standard,1,1,1,3,104.26,312.78
fc333c9e-7dd9-11ea-9a0f-b88a60e194fb,ZF2-EFHT,orderid:798734,crmid:7706595232,2020-03-31T02:14:12.000Z,mobile,prd1058,1588040052,1588299252,2020-04-28T02:14:12.000Z,2020-05-01T02:14:12.000Z,Blue Reef Resort: Delhi,Blue Reef Resort,Delhi,standard,1,1,0,3,105.18,315.54
fc349c9e-7dd9-11ea-914f-b88a60e194fb,NBO-TKCB,orderid:838451,crmid:5233454743,2020-03-27T14:50:23.000Z,service desk,prd1068,1585407023,1585752623,2020-03-28T14:50:23.000Z,2020-04-01T14:50:23.000Z,Repose Resort: Dhaka,Repose Resort,Dhaka,premium,1,1,0,4,156.16,624.64
fc34c334-7dd9-11ea-becc-b88a60e194fb,UDY-QEC7,orderid:797412,crmid:5233454743,2020-04-02T00:00:00.000Z,call center,prd1022,1585872000,1586044800,2020-04-03T00:00:00.000Z,2020-04-05T00:00:00.000Z,Blue Reef Resort: Washington DC,Blue Reef Resort,Washington DC,standard,1,1,0,2,143.91,287.82
fc362376-7dd9-11ea-9317-b88a60e194fb,HZZ-2UXM,orderid:455931,crmid:6830097681,2020-03-28T16:17:44.000Z,kiosk,prd1045,1587053864,1587399464,2020-04-16T16:17:44.000Z,2020-04-20T16:17:44.000Z,Admiralty Plaza: Miami,Admiralty Plaza,Miami,standard,1,1,0,4,162.56,650.24
fc375b38-7dd9-11ea-a143-b88a60e194fb,8GP-GFJZ,orderid:952924,crmid:3782786805,2020-03-24T13:05:45.000Z,mobile,prd1094,1587387945,1587819945,2020-04-20T13:05:45.000Z,2020-04-25T13:05:45.000Z,Blue Reef Resort: Berlin,Blue Reef Resort,Berlin,luxury,1,1,1,5,353.75,1768.75
fc3956fa-7dd9-11ea-b4ee-b88a60e194fb,QES-VPY8,orderid:541039,crmid:1734676118,2020-03-17T10:12:42.000Z,kiosk,prd1035,1586513562,1587463962,2020-04-10T10:12:42.000Z,2020-04-21T10:12:42.000Z,Hospitality Inn: Tucson,Hospitality Inn,Tucson,standard,1,1,0,11,99.39,1093.29
fc3b2bc6-7dd9-11ea-b3a0-b88a60e194fb,G8G-HCXO,orderid:338940,crmid:5401449848,2020-03-21T00:40:57.000Z,kiosk,prd1034,1586652057,1587170457,2020-04-12T00:40:57.000Z,2020-04-18T00:40:57.000Z,Blue Reef Resort: Albuquerque,Blue Reef Resort,Albuquerque,standard,1,1,2,6,123.77,742.62
fc3cb26c-7dd9-11ea-9013-b88a60e194fb,VP8-ZMCJ,orderid:337336,crmid:1969695810,2020-03-15T06:42:12.000Z,kiosk,prd1098,1586241732,1586414532,2020-04-07T06:42:12.000Z,2020-04-09T06:42:12.000Z,Restful Nights: Kiev,Restful Nights,Kiev,standard,1,1,0,2,121.59,243.18
fc3e3988-7dd9-11ea-beaf-b88a60e194fb,XJM-G5KE,orderid:834971,crmid:3461618664,2020-03-21T16:39:45.000Z,kiosk,prd1130,1584895185,1585067985,2020-03-22T16:39:45.000Z,2020-03-24T16:39:45.000Z,Blue Reef Resort: Bremen,Blue Reef Resort,Bremen,standard,1,1,0,2,138.17,276.34
fc3f9890-7dd9-11ea-9f7a-b88a60e194fb,VWB-8JNG,orderid:936520,crmid:9809864618,2020-03-15T03:55:15.000Z,call center,prd1177,1584503715,1584849315,2020-03-18T03:55:15.000Z,2020-03-22T03:55:15.000Z,Admiralty Plaza: Raleigh,Admiralty Plaza,Raleigh,premium,1,1,0,4,126.89,507.56
fc40f824-7dd9-11ea-9630-b88a60e194fb,UCD-VH2Z,orderid:813056,crmid:7002768282,2020-03-10T06:53:05.000Z,kiosk,prd1197,1585551185,1587192785,2020-03-30T06:53:05.000Z,2020-04-18T06:53:05.000Z,Sapphire Suites: London,Sapphire Suites,London,standard,1,1,0,19,131.82,2504.58
fc427eca-7dd9-11ea-8dab-b88a60e194fb,YBY-BRGS,orderid:705990,crmid:4250593225,2020-03-07T17:38:55.000Z,mobile,prd1046,1584293935,1584725935,2020-03-15T17:38:55.000Z,2020-03-20T17:38:55.000Z,Blue Reef Resort: Virginia Beach,Blue Reef Resort,Virginia Beach,premium,1,1,0,5,156.13,780.65
fc43de58-7dd9-11ea-b21e-b88a60e194fb,JS0-XYUW,orderid:153730,crmid:5279862687,2020-03-11T17:29:33.000Z,kiosk,prd1086,1586539773,1587144573,2020-04-10T17:29:33.000Z,2020-04-17T17:29:33.000Z,Restful Nights: Johannesburg,Restful Nights,Johannesburg,standard,1,1,0,7,168.38,1178.66
fc453f08-7dd9-11ea-99f5-b88a60e194fb,YRQ-HYOV,orderid:657174,crmid:3983937455,2020-03-15T22:56:16.000Z,call center,prd1172,1584744976,1584831376,2020-03-20T22:56:16.000Z,2020-03-21T22:56:16.000Z,Aspen Heights: Mesa,Aspen Heights,Mesa,standard,1,1,0,1,118.8,118.8
fc469d80-7dd9-11ea-9243-b88a60e194fb,HLU-BTGI,orderid:612616,crmid:1808483828,2020-03-31T18:39:41.000Z,kiosk,prd1052,1586111981,1586457581,2020-04-05T18:39:41.000Z,2020-04-09T18:39:41.000Z,Aspen Heights: Wichita,Aspen Heights,Wichita,premium,1,1,3,4,182.56,730.24
fc484b9c-7dd9-11ea-955a-b88a60e194fb,YTV-9XYV,orderid:182490,crmid:2510138835,2020-03-25T09:43:47.000Z,kiosk,prd1033,1587203027,1587894227,2020-04-18T09:43:47.000Z,2020-04-26T09:43:47.000Z,Admiralty Plaza: Milwaukee,Admiralty Plaza,Milwaukee,premium,1,1,3,8,116.34,930.72
fc4a46ee-7dd9-11ea-a870-b88a60e194fb,CKG-MRZB,orderid:618290,crmid:2030643115,2020-03-20T22:19:14.000Z,kiosk,prd1101,1584829154,1586211554,2020-03-21T22:19:14.000Z,2020-04-06T22:19:14.000Z,Sapphire Suites: Vienna,Sapphire Suites,Vienna,luxury,1,1,0,16,399.11,6385.76
fc4ba670-7dd9-11ea-bb10-b88a60e194fb,BZC-GFB9,orderid:328929,crmid:6028296534,2020-03-17T07:46:43.000Z,mobile,prd1076,1586764003,1588060003,2020-04-13T07:46:43.000Z,2020-04-28T07:46:43.000Z,Aspen Heights: Bogota,Aspen Heights,Bogota,standard,1,1,0,15,102.05,1530.75
fc4d0612-7dd9-11ea-8f23-b88a60e194fb,9BA-70YB,orderid:607937,crmid:7949977383,2020-03-03T10:57:25.000Z,service desk,prd1155,1585047445,1585997845,2020-03-24T10:57:25.000Z,2020-04-04T10:57:25.000Z,Hospitality Inn: Denver,Hospitality Inn,Denver,standard,1,1,0,11,173.06,1903.66
fc4eb3ec-7dd9-11ea-a754-b88a60e194fb,UXM-KJAG,orderid:289498,crmid:7948088325,2020-03-03T05:13:42.000Z,kiosk,prd1107,1584508422,1586150022,2020-03-18T05:13:42.000Z,2020-04-06T05:13:42.000Z,Hospitality Inn: Kharkiv,Hospitality Inn,Kharkiv,premium,1,1,0,19,113.48,2156.12
fc4fec76-7dd9-11ea-8d81-b88a60e194fb,PDU-XN7H,orderid:636272,crmid:8534731368,2020-03-01T07:41:47.000Z,kiosk,prd1165,1584085307,1585122107,2020-03-13T07:41:47.000Z,2020-03-25T07:41:47.000Z,Admiralty Plaza: Louisville,Admiralty Plaza,Louisville,standard,1,1,0,12,113.88,1366.56
fc520f14-7dd9-11ea-836e-b88a60e194fb,QZI-Z954,orderid:934022,crmid:2281658271,2020-03-09T06:09:09.000Z,call center,prd1129,1583820549,1583993349,2020-03-10T06:09:09.000Z,2020-03-12T06:09:09.000Z,Admiralty Plaza: Helsinki,Admiralty Plaza,Helsinki,standard,1,1,0,2,132.57,265.14
fc540aee-7dd9-11ea-b079-b88a60e194fb,DR3-G9TD,orderid:363381,crmid:3162718517,2020-03-13T21:12:38.000Z,kiosk,prd1016,1584652358,1584997958,2020-03-19T21:12:38.000Z,2020-03-23T21:12:38.000Z,Aspen Heights: Columbus,Aspen Heights,Columbus,standard,1,1,0,4,177.54,710.16
fc55dfc0-7dd9-11ea-bad8-b88a60e194fb,XRY-Q1JG,orderid:272729,crmid:3249305987,2020-03-16T17:09:39.000Z,call center,prd1011,1584464979,1584637779,2020-03-17T17:09:39.000Z,2020-03-19T17:09:39.000Z,Hospitality Inn: Dallas,Hospitality Inn,Dallas,standard,1,1,0,2,170.57,341.14
fc57db66-7dd9-11ea-ae41-b88a60e194fb,LZR-WPSL,orderid:315888,crmid:9776920165,2020-03-18T19:45:51.000Z,call center,prd1040,1586807151,1587239151,2020-04-13T19:45:51.000Z,2020-04-18T19:45:51.000Z,Aspen Heights: Atlanta,Aspen Heights,Atlanta,standard,1,1,3,5,150.52,752.6
fc59b040-7dd9-11ea-8232-b88a60e194fb,Z80-GUTI,orderid:101917,crmid:4503192737,2020-03-01T20:59:56.000Z,call center,prd1111,1584478796,1584910796,2020-03-17T20:59:56.000Z,2020-03-22T20:59:56.000Z,Family Fun Hotels: Prague,Family Fun Hotels,Prague,standard,1,1,0,5,113.48,567.4
fc5bac08-7dd9-11ea-80fc-b88a60e194fb,KT0-2FSA,orderid:660906,crmid:8069056616,2020-03-31T20:00:27.000Z,service desk,prd1106,1587240027,1587844827,2020-04-18T20:00:27.000Z,2020-04-25T20:00:27.000Z,Blue Reef Resort: Munich,Blue Reef Resort,Munich,premium,1,1,0,7,157.68,1103.76
fc5d80e2-7dd9-11ea-b4af-b88a60e194fb,QI0-E4HW,orderid:931417,crmid:5867956503,2020-03-07T16:52:19.000Z,kiosk,prd1166,1583686339,1583945539,2020-03-08T16:52:19.000Z,2020-03-11T16:52:19.000Z,Blue Reef Resort: Baltimore,Blue Reef Resort,Baltimore,premium,1,1,0,3,139.58,418.74
fc5f557a-7dd9-11ea-805d-b88a60e194fb,PTD-TNRV,orderid:665953,crmid:8412649228,2020-03-15T23:53:54.000Z,call center,prd1069,1584748434,1585007634,2020-03-20T23:53:54.000Z,2020-03-23T23:53:54.000Z,Admiralty Plaza: Singapore,Admiralty Plaza,Singapore,standard,1,1,4,3,118.74,356.22
fc610358-7dd9-11ea-a8a3-b88a60e194fb,Z0S-RDLX,orderid:830815,crmid:2408829737,2020-03-27T02:26:03.000Z,call center,prd1094,1587090363,1588386363,2020-04-17T02:26:03.000Z,2020-05-02T02:26:03.000Z,Blue Reef Resort: Berlin,Blue Reef Resort,Berlin,standard,1,1,0,15,163.79,2456.85
fc6289c2-7dd9-11ea-9820-b88a60e194fb,P49-DQRR,orderid:916986,crmid:9705397192,2020-03-25T09:00:59.000Z,mobile,prd1193,1587286859,1587546059,2020-04-19T09:00:59.000Z,2020-04-22T09:00:59.000Z,Grandeur Hotels: Kinshasa,Grandeur Hotels,Kinshasa,presidential-suite,1,1,0,3,1022.53,3067.59
fc645f2c-7dd9-11ea-a4b9-b88a60e194fb,M2C-D74Z,orderid:337912,crmid:1862159339,2020-03-12T20:35:13.000Z,call center,prd1062,1584909313,1585514113,2020-03-22T20:35:13.000Z,2020-03-29T20:35:13.000Z,Restful Nights: Moscow,Restful Nights,Moscow,standard,1,1,0,7,119.29,835.03
fc65e534-7dd9-11ea-ac41-b88a60e194fb,MH3-GUCO,orderid:742512,crmid:8045245313,2020-03-26T19:14:21.000Z,call center,prd1107,1585941261,1586373261,2020-04-03T19:14:21.000Z,2020-04-08T19:14:21.000Z,Hospitality Inn: Kharkiv,Hospitality Inn,Kharkiv,standard,1,1,0,5,130.8,654.0
fc6792e4-7dd9-11ea-a8be-b88a60e194fb,QG2-JGIT,orderid:246139,crmid:4738056854,2020-03-15T10:28:44.000Z,kiosk,prd1155,1585304924,1586168924,2020-03-27T10:28:44.000Z,2020-04-06T10:28:44.000Z,Hospitality Inn: Denver,Hospitality Inn,Denver,standard,1,1,1,10,124.65,1246.5
fc69197e-7dd9-11ea-8ddc-b88a60e194fb,JU4-SUNR,orderid:562418,crmid:6435181312,2020-03-31T01:27:03.000Z,call center,prd1047,1587346023,1587778023,2020-04-20T01:27:03.000Z,2020-04-25T01:27:03.000Z,Hospitality Inn: Oakland,Hospitality Inn,Oakland,premium,1,1,0,5,121.84,609.2
fc6a78fe-7dd9-11ea-9902-b88a60e194fb,FS3-LPBX,orderid:522192,crmid:4098487486,2020-03-11T19:45:14.000Z,call center,prd1189,1586115914,1587411914,2020-04-05T19:45:14.000Z,2020-04-20T19:45:14.000Z,Admiralty Plaza: Bakersfield,Admiralty Plaza,Bakersfield,standard,1,1,0,15,149.12,2236.8
fc6c4dc2-7dd9-11ea-adb4-b88a60e194fb,4SP-Q7YQ,orderid:753831,crmid:7113135144,2020-03-14T06:05:21.000Z,service desk,prd1165,1584252321,1584425121,2020-03-15T06:05:21.000Z,2020-03-17T06:05:21.000Z,Admiralty Plaza: Louisville,Admiralty Plaza,Louisville,standard,1,1,0,2,166.1,332.2
fc6c74ca-7dd9-11ea-9427-b88a60e194fb,ACS-I2IF,orderid:993720,crmid:7113135144,2020-03-18T00:00:00.000Z,kiosk,prd1023,1584662400,1585008000,2020-03-20T00:00:00.000Z,2020-03-24T00:00:00.000Z,Hospitality Inn: Boston,Hospitality Inn,Boston,standard,1,1,0,4,187.53,750.12
fc6dfb92-7dd9-11ea-8e3c-b88a60e194fb,SPK-XV2Z,orderid:775128,crmid:5329491312,2020-03-18T03:28:50.000Z,call center,prd1169,1586230130,1586575730,2020-04-07T03:28:50.000Z,2020-04-11T03:28:50.000Z,Grandeur Hotels: Tucson,Grandeur Hotels,Tucson,standard,1,1,0,4,147.19,588.76
fc6f5b0a-7dd9-11ea-b20d-b88a60e194fb,XF2-4UCP,orderid:323645,crmid:3406099754,2020-03-19T00:12:20.000Z,call center,prd1081,1586823140,1588378340,2020-04-14T00:12:20.000Z,2020-05-02T00:12:20.000Z,Admiralty Plaza: Rod de Janeiro,Admiralty Plaza,Rod de Janeiro,ultra-luxury,1,1,4,18,408.14,7346.52
fc70baa6-7dd9-11ea-8b09-b88a60e194fb,I0U-VG74,orderid:586559,crmid:1887918474,2020-03-16T04:37:53.000Z,call center,prd1050,1584765473,1585802273,2020-03-21T04:37:53.000Z,2020-04-02T04:37:53.000Z,Restful Nights: Arlington,Restful Nights,Arlington,standard,1,1,1,12,174.63,2095.56
fc721aa2-7dd9-11ea-aebf-b88a60e194fb,UOL-X40X,orderid:677843,crmid:6455090740,2020-03-01T03:00:22.000Z,mobile,prd1106,1585018822,1586055622,2020-03-24T03:00:22.000Z,2020-04-05T03:00:22.000Z,Blue Reef Resort: Munich,Blue Reef Resort,Munich,premium,1,1,4,12,156.49,1877.88
fc73a15e-7dd9-11ea-bac5-b88a60e194fb,HBE-SIQP,orderid:197392,crmid:9459680162,2020-03-07T12:34:10.000Z,call center,prd1093,1585744450,1586954050,2020-04-01T12:34:10.000Z,2020-04-15T12:34:10.000Z,Admiralty Plaza: Yokohama,Admiralty Plaza,Yokohama,standard,1,1,0,14,136.2,1906.8
fc750088-7dd9-11ea-9fd7-b88a60e194fb,CLS-YLIC,orderid:395459,crmid:5815631089,2020-03-07T21:36:30.000Z,call center,prd1021,1584048990,1585344990,2020-03-12T21:36:30.000Z,2020-03-27T21:36:30.000Z,Admiralty Plaza: Denver,Admiralty Plaza,Denver,standard,1,1,4,15,166.92,2503.8
fc76d522-7dd9-11ea-910e-b88a60e194fb,CVI-HPVG,orderid:516856,crmid:6143247185,2020-03-11T13:12:03.000Z,mobile,prd1129,1584105123,1584969123,2020-03-13T13:12:03.000Z,2020-03-23T13:12:03.000Z,Admiralty Plaza: Helsinki,Admiralty Plaza,Helsinki,standard,1,1,3,10,137.41,1374.1
fc785bda-7dd9-11ea-8d58-b88a60e194fb,RWO-RCNU,orderid:848048,crmid:9540428462,2020-03-23T20:10:20.000Z,call center,prd1055,1585080620,1585167020,2020-03-24T20:10:20.000Z,2020-03-25T20:10:20.000Z,Nesting Box Inn: Bakersfield,Nesting Box Inn,Bakersfield,standard,1,1,0,1,164.76,164.76
fc7a096c-7dd9-11ea-9e3c-b88a60e194fb,VPG-PT3T,orderid:642104,crmid:6042185724,2020-03-18T06:55:46.000Z,call center,prd1153,1586933746,1588402546,2020-04-15T06:55:46.000Z,2020-05-02T06:55:46.000Z,Admiralty Plaza: Charlotte,Admiralty Plaza,Charlotte,standard,1,1,3,17,173.39,2947.63
fc7bb740-7dd9-11ea-a416-b88a60e194fb,JQB-MPQP,orderid:273426,crmid:4102584346,2020-03-11T22:57:52.000Z,kiosk,prd1189,1585954672,1586127472,2020-04-03T22:57:52.000Z,2020-04-05T22:57:52.000Z,Admiralty Plaza: Bakersfield,Admiralty Plaza,Bakersfield,standard,1,1,0,2,133.62,267.24
fc80721e-7dd9-11ea-828c-b88a60e194fb,LOM-IULY,orderid:703190,crmid:5614996985,2020-03-04T12:29:31.000Z,kiosk,prd1040,1583584171,1583670571,2020-03-07T12:29:31.000Z,2020-03-08T12:29:31.000Z,Aspen Heights: Atlanta,Aspen Heights,Atlanta,standard,1,1,0,1,111.0,111.0
fc809910-7dd9-11ea-8ecb-b88a60e194fb,QRS-JURL,orderid:368232,crmid:5614996985,2020-03-09T00:00:00.000Z,service desk,prd1189,1583798400,1583971200,2020-03-10T00:00:00.000Z,2020-03-12T00:00:00.000Z,Admiralty Plaza: Bakersfield,Admiralty Plaza,Bakersfield,standard,1,1,0,2,112.03,224.06
fc826de4-7dd9-11ea-8551-b88a60e194fb,3U7-7RUR,orderid:106853,crmid:2937637246,2020-03-29T14:47:58.000Z,mobile,prd1037,1588085278,1588258078,2020-04-28T14:47:58.000Z,2020-04-30T14:47:58.000Z,Grandeur Hotels: Sacramento,Grandeur Hotels,Sacramento,standard,1,1,0,2,133.32,266.64
fc83f4c0-7dd9-11ea-9886-b88a60e194fb,PHB-4QDG,orderid:712299,crmid:6833887281,2020-03-03T16:29:40.000Z,mobile,prd1128,1584635380,1585067380,2020-03-19T16:29:40.000Z,2020-03-24T16:29:40.000Z,Repose Resort: Rotterdam,Repose Resort,Rotterdam,standard,1,1,0,5,145.86,729.3
fc85c91e-7dd9-11ea-ab59-b88a60e194fb,Z3T-KHYS,orderid:308319,crmid:4488670912,2020-03-08T17:55:23.000Z,kiosk,prd1055,1585590923,1586886923,2020-03-30T17:55:23.000Z,2020-04-14T17:55:23.000Z,Nesting Box Inn: Bakersfield,Nesting Box Inn,Bakersfield,premium,1,1,0,15,96.53,1447.95
fc87c51e-7dd9-11ea-a464-b88a60e194fb,GWK-JBSN,orderid:762800,crmid:3244299747,2020-03-26T09:49:20.000Z,kiosk,prd1135,1587376160,1589017760,2020-04-20T09:49:20.000Z,2020-05-09T09:49:20.000Z,Family Fun Hotels: Vancouver,Family Fun Hotels,Vancouver,standard,1,1,0,19,122.77,2332.63
fc892486-7dd9-11ea-af9d-b88a60e194fb,GPV-L6UZ,orderid:394606,crmid:9014105852,2020-03-02T15:00:02.000Z,call center,prd1108,1583334002,1583420402,2020-03-04T15:00:02.000Z,2020-03-05T15:00:02.000Z,Sandhill: Milan,Sandhill,Milan,standard,1,1,0,1,117.46,117.46
fc8af95e-7dd9-11ea-a1f5-b88a60e194fb,CCL-TD7Q,orderid:832269,crmid:7325108105,2020-03-23T16:39:12.000Z,mobile,prd1181,1587487152,1588091952,2020-04-21T16:39:12.000Z,2020-04-28T16:39:12.000Z,Grandeur Hotels: Oakland,Grandeur Hotels,Oakland,standard,1,1,0,7,100.04,700.28
fc8cf524-7dd9-11ea-afe4-b88a60e194fb,JYM-RQII,orderid:797010,crmid:2178719990,2020-03-23T17:17:40.000Z,mobile,prd1197,1585329460,1585415860,2020-03-27T17:17:40.000Z,2020-03-28T17:17:40.000Z,Sapphire Suites: London,Sapphire Suites,London,standard,1,1,0,1,126.59,126.59
fc8ea2e6-7dd9-11ea-a943-b88a60e194fb,PHW-F2X7,orderid:319453,crmid:9272644895,2020-03-18T08:30:21.000Z,mobile,prd1069,1586248221,1587803421,2020-04-07T08:30:21.000Z,2020-04-25T08:30:21.000Z,Admiralty Plaza: Singapore,Admiralty Plaza,Singapore,standard,1,1,3,18,165.67,2982.06
fc90297a-7dd9-11ea-b62b-b88a60e194fb,MMD-F75J,orderid:892911,crmid:3814257683,2020-03-04T15:59:22.000Z,call center,prd1029,1583423962,1583510362,2020-03-05T15:59:22.000Z,2020-03-06T15:59:22.000Z,Sapphire Suites: Oklahoma City,Sapphire Suites,Oklahoma City,luxury,1,1,0,1,350.8,350.8
fc918902-7dd9-11ea-82fc-b88a60e194fb,KLU-06PX,orderid:556092,crmid:5975170893,2020-03-16T14:11:08.000Z,kiosk,prd1163,1586441468,1586959868,2020-04-09T14:11:08.000Z,2020-04-15T14:11:08.000Z,Nesting Box Inn: Oklahoma City,Nesting Box Inn,Oklahoma City,standard,1,1,0,6,131.79,790.74
fc9336c2-7dd9-11ea-956a-b88a60e194fb,HCB-PQ18,orderid:314257,crmid:9051544033,2020-03-24T03:26:11.000Z,kiosk,prd1059,1587612371,1587871571,2020-04-23T03:26:11.000Z,2020-04-26T03:26:11.000Z,Hospitality Inn: Kinshasa,Hospitality Inn,Kinshasa,standard,1,1,4,3,134.63,403.89
fc94bd50-7dd9-11ea-9e89-b88a60e194fb,FUX-ZBAH,orderid:161873,crmid:4032272792,2020-03-04T17:02:14.000Z,kiosk,prd1004,1585414934,1586019734,2020-03-28T17:02:14.000Z,2020-04-04T17:02:14.000Z,Aspen Heights: Boulder,Aspen Heights,Boulder,standard,1,1,0,7,97.57,682.99
fc961cf8-7dd9-11ea-9592-b88a60e194fb,9OF-W7CU,orderid:434893,crmid:5913068707,2020-03-25T10:39:12.000Z,call center,prd1034,1585305552,1585391952,2020-03-27T10:39:12.000Z,2020-03-28T10:39:12.000Z,Blue Reef Resort: Albuquerque,Blue Reef Resort,Albuquerque,premium,1,1,0,1,155.9,155.9
fc977c66-7dd9-11ea-bdf7-b88a60e194fb,OQY-FVHJ,orderid:761359,crmid:7139875011,2020-03-23T01:16:55.000Z,mobile,prd1184,1586481415,1586740615,2020-04-10T01:16:55.000Z,2020-04-13T01:16:55.000Z,Aspen Heights: Arlington,Aspen Heights,Arlington,standard,1,1,0,3,146.21,438.63
fc992a94-7dd9-11ea-b45a-b88a60e194fb,1GT-VCDV,orderid:148886,crmid:8901074772,2020-03-13T05:06:34.000Z,call center,prd1106,1584853594,1585026394,2020-03-22T05:06:34.000Z,2020-03-24T05:06:34.000Z,Blue Reef Resort: Munich,Blue Reef Resort,Munich,standard,1,1,0,2,120.68,241.36
fc9aff02-7dd9-11ea-b233-b88a60e194fb,ESC-BKBP,orderid:177767,crmid:6223792567,2020-03-14T17:04:58.000Z,call center,prd1070,1586451898,1588007098,2020-04-09T17:04:58.000Z,2020-04-27T17:04:58.000Z,Blue Reef Resort: Jakarta,Blue Reef Resort,Jakarta,standard,1,1,4,18,116.54,2097.72
fc9c5f7a-7dd9-11ea-8a8e-b88a60e194fb,QT6-I4J4,orderid:928452,crmid:8607157111,2020-03-29T20:15:59.000Z,service desk,prd1178,1585858559,1587240959,2020-04-02T20:15:59.000Z,2020-04-18T20:15:59.000Z,Blue Reef Resort: Colorado Springs,Blue Reef Resort,Colorado Springs,standard,1,1,3,16,153.87,2461.92
fc9de728-7dd9-11ea-bd0f-b88a60e194fb,ZLT-ZOHJ,orderid:704335,crmid:1252963350,2020-03-13T19:16:21.000Z,kiosk,prd1061,1586114181,1586373381,2020-04-05T19:16:21.000Z,2020-04-08T19:16:21.000Z,Grandeur Hotels: Lahore,Grandeur Hotels,Lahore,premium,1,1,1,3,114.46,343.38
fc9f6b92-7dd9-11ea-a9c8-b88a60e194fb,Y38-ITLD,orderid:536111,crmid:1984639278,2020-03-15T21:03:46.000Z,kiosk,prd1010,1586293426,1586898226,2020-04-07T21:03:46.000Z,2020-04-14T21:03:46.000Z,Blue Reef Resort: San Diego,Blue Reef Resort,San Diego,standard,1,1,0,7,164.0,1148.0
fca11a6c-7dd9-11ea-bad3-b88a60e194fb,TVV-AJSU,orderid:378501,crmid:6959744020,2020-03-21T07:13:08.000Z,mobile,prd1049,1586589188,1587193988,2020-04-11T07:13:08.000Z,2020-04-18T07:13:08.000Z,Grandeur Hotels: Tulsa,Grandeur Hotels,Tulsa,standard,1,1,0,7,104.74,733.18
fca2c6f8-7dd9-11ea-a29b-b88a60e194fb,2XT-H400,orderid:709081,crmid:5400130826,2020-03-02T16:28:28.000Z,call center,prd1081,1583425708,1584116908,2020-03-05T16:28:28.000Z,2020-03-13T16:28:28.000Z,Admiralty Plaza: Rod de Janeiro,Admiralty Plaza,Rod de Janeiro,premium,1,1,0,8,149.52,1196.16
fca426ae-7dd9-11ea-b551-b88a60e194fb,ECV-HIQD,orderid:655139,crmid:9562983286,2020-03-15T18:03:40.000Z,mobile,prd1021,1584727420,1585073020,2020-03-20T18:03:40.000Z,2020-03-24T18:03:40.000Z,Admiralty Plaza: Denver,Admiralty Plaza,Denver,premium,1,1,0,4,151.14,604.56
fca5ad34-7dd9-11ea-817b-b88a60e194fb,V01-IDPZ,orderid:501198,crmid:1615962337,2020-03-22T02:25:35.000Z,call center,prd1060,1586226335,1586571935,2020-04-07T02:25:35.000Z,2020-04-11T02:25:35.000Z,Sandhill: Tianjin,Sandhill,Tianjin,standard,1,1,2,4,84.06,336.24
fca733b6-7dd9-11ea-a238-b88a60e194fb,CIT-7WPV,orderid:174496,crmid:2969450443,2020-03-15T05:24:29.000Z,kiosk,prd1064,1586496269,1587101069,2020-04-10T05:24:29.000Z,2020-04-17T05:24:29.000Z,Aspen Heights: Paris,Aspen Heights,Paris,standard,1,1,0,7,134.01,938.07
fca8e192-7dd9-11ea-87fc-b88a60e194fb,7TR-SNPY,orderid:865537,crmid:3052492708,2020-03-27T08:57:00.000Z,kiosk,prd1171,1587200220,1587805020,2020-04-18T08:57:00.000Z,2020-04-25T08:57:00.000Z,Family Fun Hotels: Sacramento,Family Fun Hotels,Sacramento,standard,1,1,0,7,134.19,939.33
fcaa6810-7dd9-11ea-918c-b88a60e194fb,PLH-JTUO,orderid:761859,crmid:4335294598,2020-03-10T04:26:22.000Z,call center,prd1112,1584419182,1585196782,2020-03-17T04:26:22.000Z,2020-03-26T04:26:22.000Z,Aspen Heights: Birmingham,Aspen Heights,Birmingham,standard,1,1,4,9,155.14,1396.26
fcabeec2-7dd9-11ea-bfb7-b88a60e194fb,AAV-FPAC,orderid:735746,crmid:7525791883,2020-03-13T11:13:45.000Z,call center,prd1021,1584789225,1586344425,2020-03-21T11:13:45.000Z,2020-04-08T11:13:45.000Z,Admiralty Plaza: Denver,Admiralty Plaza,Denver,premium,1,1,0,18,141.38,2544.84
fcad7540-7dd9-11ea-96b5-b88a60e194fb,WTQ-J41Z,orderid:388230,crmid:4622011341,2020-03-21T19:49:40.000Z,call center,prd1190,1586980180,1587584980,2020-04-15T19:49:40.000Z,2020-04-22T19:49:40.000Z,Blue Reef Resort: Aurora,Blue Reef Resort,Aurora,premium,1,1,0,7,160.38,1122.66
fcaefbf4-7dd9-11ea-9f86-b88a60e194fb,AWQ-TQOY,orderid:995761,crmid:8543928032,2020-03-15T06:53:47.000Z,call center,prd1142,1584687227,1584946427,2020-03-20T06:53:47.000Z,2020-03-23T06:53:47.000Z,Blue Reef Resort: Philadelphia,Blue Reef Resort,Philadelphia,standard,1,1,0,3,168.02,504.06
fcb08298-7dd9-11ea-a135-b88a60e194fb,GGT-2XIL,orderid:709142,crmid:8952346043,2020-03-19T22:55:51.000Z,kiosk,prd1071,1584917751,1585522551,2020-03-22T22:55:51.000Z,2020-03-29T22:55:51.000Z,Hospitality Inn: Seoul,Hospitality Inn,Seoul,standard,1,1,0,7,148.59,1040.13
fcb2304a-7dd9-11ea-9921-b88a60e194fb,GFY-UOD5,orderid:796543,crmid:7681191022,2020-03-22T09:27:39.000Z,call center,prd1100,1587029259,1588584459,2020-04-16T09:27:39.000Z,2020-05-04T09:27:39.000Z,Aspen Heights: Misk,Aspen Heights,Misk,standard,1,1,2,18,150.07,2701.26
fcb3de8a-7dd9-11ea-92e2-b88a60e194fb,LSE-IXVW,orderid:731143,crmid:1526566183,2020-03-29T01:06:55.000Z,call center,prd1145,1587085615,1587604015,2020-04-17T01:06:55.000Z,2020-04-23T01:06:55.000Z,Grandeur Hotels: Dallas,Grandeur Hotels,Dallas,standard,1,1,0,6,150.03,900.18
fcb53d9e-7dd9-11ea-a773-b88a60e194fb,9BV-LAX0,orderid:931137,crmid:7292772126,2020-03-14T12:16:42.000Z,kiosk,prd1023,1586348202,1586866602,2020-04-08T12:16:42.000Z,2020-04-14T12:16:42.000Z,Hospitality Inn: Boston,Hospitality Inn,Boston,luxury,1,1,0,6,274.37,1646.22
fcb69d1a-7dd9-11ea-b2c2-b88a60e194fb,57F-Z3OX,orderid:860657,crmid:1318333263,2020-03-16T21:09:44.000Z,call center,prd1028,1586552984,1586639384,2020-04-10T21:09:44.000Z,2020-04-11T21:09:44.000Z,Aspen Heights: Portland,Aspen Heights,Portland,standard,1,1,0,1,115.26,115.26
fcb823b0-7dd9-11ea-9416-b88a60e194fb,3MY-Y1JO,orderid:940396,crmid:8600681518,2020-03-17T16:22:57.000Z,mobile,prd1187,1586449377,1587399777,2020-04-09T16:22:57.000Z,2020-04-20T16:22:57.000Z,Nesting Box Inn: Cleveland,Nesting Box Inn,Cleveland,standard,1,1,0,11,139.49,1534.39
fcba469c-7dd9-11ea-8778-b88a60e194fb,I0M-V95P,orderid:579433,crmid:5781118744,2020-03-17T20:22:01.000Z,call center,prd1093,1586550121,1586809321,2020-04-10T20:22:01.000Z,2020-04-13T20:22:01.000Z,Admiralty Plaza: Yokohama,Admiralty Plaza,Yokohama,standard,1,1,0,3,149.61,448.83
fcbbf458-7dd9-11ea-ba54-b88a60e194fb,WEE-MNQG,orderid:498597,crmid:5097989032,2020-03-04T16:44:22.000Z,call center,prd1028,1585327462,1585932262,2020-03-27T16:44:22.000Z,2020-04-03T16:44:22.000Z,Aspen Heights: Portland,Aspen Heights,Portland,standard,1,1,4,7,139.33,975.31
fcbdf006-7dd9-11ea-b173-b88a60e194fb,PGY-RMHX,orderid:937374,crmid:7584033942,2020-03-18T17:00:04.000Z,call center,prd1038,1584637204,1584810004,2020-03-19T17:00:04.000Z,2020-03-21T17:00:04.000Z,Restful Nights: Mesa,Restful Nights,Mesa,standard,1,1,0,2,104.91,209.82
fcbf4fa6-7dd9-11ea-94cd-b88a60e194fb,M8T-UNQL,orderid:264861,crmid:4096937640,2020-03-05T04:18:39.000Z,call center,prd1169,1585801119,1586837919,2020-04-02T04:18:39.000Z,2020-04-14T04:18:39.000Z,Grandeur Hotels: Tucson,Grandeur Hotels,Tucson,standard,1,1,0,12,141.54,1698.48
fcc087f8-7dd9-11ea-9953-b88a60e194fb,P2T-OSLC,orderid:314053,crmid:1180180140,2020-03-24T14:29:12.000Z,kiosk,prd1057,1585232952,1585319352,2020-03-26T14:29:12.000Z,2020-03-27T14:29:12.000Z,Admiralty Plaza: Mumbai,Admiralty Plaza,Mumbai,standard,1,1,0,1,152.87,152.87
fcc1e7a2-7dd9-11ea-badb-b88a60e194fb,AIV-PU3Q,orderid:477697,crmid:7483346737,2020-03-19T21:42:44.000Z,kiosk,prd1052,1586814164,1588110164,2020-04-13T21:42:44.000Z,2020-04-28T21:42:44.000Z,Aspen Heights: Wichita,Aspen Heights,Wichita,premium,1,1,0,15,114.53,1717.95
fcc39554-7dd9-11ea-8a35-b88a60e194fb,KQ8-NCPW,orderid:531718,crmid:2209359183,2020-03-20T20:41:54.000Z,kiosk,prd1118,1586464914,1587156114,2020-04-09T20:41:54.000Z,2020-04-17T20:41:54.000Z,Blue Reef Resort: Cologne,Blue Reef Resort,Cologne,luxury,1,1,0,8,353.81,2830.48
fcc542e2-7dd9-11ea-ab96-b88a60e194fb,CWM-JSWO,orderid:170522,crmid:8266554704,2020-03-29T17:18:18.000Z,call center,prd1037,1587835098,1588526298,2020-04-25T17:18:18.000Z,2020-05-03T17:18:18.000Z,Grandeur Hotels: Sacramento,Grandeur Hotels,Sacramento,premium,1,1,0,8,159.26,1274.08
fcc67b62-7dd9-11ea-be5a-b88a60e194fb,WAD-CBDH,orderid:894021,crmid:2593389573,2020-03-04T09:54:48.000Z,kiosk,prd1038,1584093288,1585475688,2020-03-13T09:54:48.000Z,2020-03-29T09:54:48.000Z,Restful Nights: Mesa,Restful Nights,Mesa,standard,1,1,0,16,102.72,1643.52
fcc7daf6-7dd9-11ea-a6ad-b88a60e194fb,OQJ-TCDV,orderid:509523,crmid:9339672628,2020-03-11T12:01:32.000Z,kiosk,prd1010,1584014492,1584187292,2020-03-12T12:01:32.000Z,2020-03-14T12:01:32.000Z,Blue Reef Resort: San Diego,Blue Reef Resort,San Diego,standard,1,1,0,2,144.64,289.28
fcc93a94-7dd9-11ea-8d53-b88a60e194fb,C6B-9YXD,orderid:931777,crmid:7732773994,2020-03-27T17:21:47.000Z,call center,prd1058,1585934507,1587576107,2020-04-03T17:21:47.000Z,2020-04-22T17:21:47.000Z,Blue Reef Resort: Delhi,Blue Reef Resort,Delhi,standard,1,1,0,19,120.07,2281.33
fccac12e-7dd9-11ea-ac52-b88a60e194fb,N0W-8LZL,orderid:252823,crmid:1594326371,2020-03-12T16:25:16.000Z,kiosk,prd1178,1584894316,1585239916,2020-03-22T16:25:16.000Z,2020-03-26T16:25:16.000Z,Blue Reef Resort: Colorado Springs,Blue Reef Resort,Colorado Springs,standard,1,1,0,4,136.14,544.56
fccc20c0-7dd9-11ea-aa8c-b88a60e194fb,D38-B7NC,orderid:211357,crmid:8963846133,2020-03-15T12:46:48.000Z,mobile,prd1125,1584362808,1584535608,2020-03-16T12:46:48.000Z,2020-03-18T12:46:48.000Z,Sapphire Suites: Palermo,Sapphire Suites,Palermo,standard,1,1,0,2,144.77,289.54
fccdf5b6-7dd9-11ea-b877-b88a60e194fb,AWV-4WS5,orderid:619192,crmid:4904154751,2020-03-04T06:21:12.000Z,kiosk,prd1197,1585635672,1587190872,2020-03-31T06:21:12.000Z,2020-04-18T06:21:12.000Z,Sapphire Suites: London,Sapphire Suites,London,standard,1,1,0,18,208.28,3749.04
fccf7c18-7dd9-11ea-a158-b88a60e194fb,LA4-OHKY,orderid:144841,crmid:4170540395,2020-03-13T15:05:56.000Z,call center,prd1167,1586099156,1586444756,2020-04-05T15:05:56.000Z,2020-04-09T15:05:56.000Z,Hospitality Inn: Milwaukee,Hospitality Inn,Milwaukee,standard,1,1,0,4,159.26,637.04
fcd103e4-7dd9-11ea-9372-b88a60e194fb,VQ7-FHGO,orderid:974244,crmid:2434503229,2020-03-06T06:25:08.000Z,kiosk,prd1014,1585808708,1586499908,2020-04-02T06:25:08.000Z,2020-04-10T06:25:08.000Z,Restful Nights: Jacksonville,Restful Nights,Jacksonville,premium,1,1,0,8,171.18,1369.44
fcd23cba-7dd9-11ea-8cdd-b88a60e194fb,JAZ-SLLJ,orderid:949618,crmid:4178554574,2020-03-02T00:07:39.000Z,kiosk,prd1167,1585440459,1586131659,2020-03-29T00:07:39.000Z,2020-04-06T00:07:39.000Z,Hospitality Inn: Milwaukee,Hospitality Inn,Milwaukee,premium,1,1,0,8,122.52,980.16
fcd43748-7dd9-11ea-813e-b88a60e194fb,M7Z-ACKQ,orderid:229564,crmid:8102129202,2020-03-02T14:12:30.000Z,call center,prd1016,1584195150,1585663950,2020-03-14T14:12:30.000Z,2020-03-31T14:12:30.000Z,Aspen Heights: Columbus,Aspen Heights,Columbus,premium,1,1,0,17,115.4,1961.8
fcd596d2-7dd9-11ea-8c1f-b88a60e194fb,JEH-VX75,orderid:461316,crmid:6353598239,2020-03-18T21:39:28.000Z,kiosk,prd1173,1586468368,1586727568,2020-04-09T21:39:28.000Z,2020-04-12T21:39:28.000Z,Sapphire Suites: Kansas City,Sapphire Suites,Kansas City,premium,1,1,0,3,141.86,425.58
fcd71d74-7dd9-11ea-b586-b88a60e194fb,5GY-KS8J,orderid:594259,crmid:5877837339,2020-03-02T15:03:21.000Z,call center,prd1077,1584975801,1585321401,2020-03-23T15:03:21.000Z,2020-03-27T15:03:21.000Z,Sapphire Suites: Cairo,Sapphire Suites,Cairo,standard,1,1,0,4,119.48,477.92
fcd8a3f4-7dd9-11ea-95bf-b88a60e194fb,CW2-CXEA,orderid:243800,crmid:2438613455,2020-03-21T02:42:38.000Z,call center,prd1184,1587177758,1587955358,2020-04-18T02:42:38.000Z,2020-04-27T02:42:38.000Z,Aspen Heights: Arlington,Aspen Heights,Arlington,standard,1,1,0,9,149.37,1344.33
fcda0600-7dd9-11ea-ab53-b88a60e194fb,S10-EA4F,orderid:772672,crmid:5425083602,2020-03-11T17:04:10.000Z,call center,prd1153,1585587850,1586192650,2020-03-30T17:04:10.000Z,2020-04-06T17:04:10.000Z,Admiralty Plaza: Charlotte,Admiralty Plaza,Charlotte,premium,1,1,4,7,136.83,957.81
fcdb691e-7dd9-11ea-ad25-b88a60e194fb,PUL-IU7Z,orderid:220418,crmid:1423446288,2020-03-14T06:18:46.000Z,kiosk,prd1081,1584425926,1584685126,2020-03-17T06:18:46.000Z,2020-03-20T06:18:46.000Z,Admiralty Plaza: Rod de Janeiro,Admiralty Plaza,Rod de Janeiro,standard,1,1,0,3,116.32,348.96
fcdcc9e2-7dd9-11ea-8fee-b88a60e194fb,CRT-X8KG,orderid:457830,crmid:3529933284,2020-03-01T18:10:56.000Z,call center,prd1129,1583172656,1583518256,2020-03-02T18:10:56.000Z,2020-03-06T18:10:56.000Z,Admiralty Plaza: Helsinki,Admiralty Plaza,Helsinki,luxury,1,1,0,4,291.72,1166.88
fcde61a8-7dd9-11ea-b82a-b88a60e194fb,DQA-MRBH,orderid:795713,crmid:1637537377,2020-03-21T22:13:00.000Z,service desk,prd1010,1586729580,1587334380,2020-04-12T22:13:00.000Z,2020-04-19T22:13:00.000Z,Blue Reef Resort: San Diego,Blue Reef Resort,San Diego,standard,1,1,0,7,163.5,1144.5
fcdf9d3e-7dd9-11ea-a379-b88a60e194fb,TDF-MVTA,orderid:148242,crmid:2439457352,2020-03-04T02:12:57.000Z,call center,prd1145,1583633577,1585188777,2020-03-08T02:12:57.000Z,2020-03-26T02:12:57.000Z,Grandeur Hotels: Dallas,Grandeur Hotels,Dallas,standard,1,1,3,18,142.22,2559.96
fce10af4-7dd9-11ea-ab69-b88a60e194fb,CQV-LNUL,orderid:539427,crmid:9798983209,2020-03-10T19:52:47.000Z,kiosk,prd1123,1585252367,1585684367,2020-03-26T19:52:47.000Z,2020-03-31T19:52:47.000Z,Family Fun Hotels: Amsterdam,Family Fun Hotels,Amsterdam,premium,1,1,0,5,139.66,698.3
fce26a92-7dd9-11ea-b75d-b88a60e194fb,ISB-XQOI,orderid:789927,crmid:5203368363,2020-03-09T05:06:34.000Z,mobile,prd1049,1583816794,1583989594,2020-03-10T05:06:34.000Z,2020-03-12T05:06:34.000Z,Grandeur Hotels: Tulsa,Grandeur Hotels,Tulsa,standard,1,1,0,2,159.86,319.72
fce3ca18-7dd9-11ea-b47f-b88a60e194fb,JVC-35O3,orderid:676332,crmid:6827590066,2020-03-16T03:41:38.000Z,kiosk,prd1027,1585626098,1586317298,2020-03-31T03:41:38.000Z,2020-04-08T03:41:38.000Z,Family Fun Hotels: Memphis,Family Fun Hotels,Memphis,standard,1,1,0,8,172.96,1383.68
fce5033a-7dd9-11ea-a662-b88a60e194fb,DFG-FWPC,orderid:260607,crmid:8226551267,2020-03-31T12:40:46.000Z,mobile,prd1079,1587386446,1587904846,2020-04-20T12:40:46.000Z,2020-04-26T12:40:46.000Z,Nesting Box Inn: Chennai,Nesting Box Inn,Chennai,premium,1,1,2,6,162.12,972.72
fce6622e-7dd9-11ea-9b11-b88a60e194fb,XI6-0FE7,orderid:984835,crmid:4126868101,2020-03-13T22:15:59.000Z,call center,prd1189,1584224159,1584396959,2020-03-14T22:15:59.000Z,2020-03-16T22:15:59.000Z,Admiralty Plaza: Bakersfield,Admiralty Plaza,Bakersfield,standard,1,1,0,2,140.67,281.34
fce79aa4-7dd9-11ea-88c1-b88a60e194fb,TQ2-HIML,orderid:766795,crmid:5465877734,2020-03-04T01:55:54.000Z,call center,prd1165,1585274154,1585792554,2020-03-27T01:55:54.000Z,2020-04-02T01:55:54.000Z,Admiralty Plaza: Louisville,Admiralty Plaza,Louisville,standard,1,1,0,6,137.39,824.34
