id,reservationid,orderid,crmid,timestamp,orderType,productsku,hotelCheckInUnix,hotelCheckOutUnix,hotelCheckInTS,hotelCheckOutTS,hotelName,hotelChain,hotelLocation,hotelRoomType,hotelRoomCount,hotelGuestAdultCount,hotelGuestChildCount,hotelNightCount,hotelRoomPrice,hotelFinalPrice
0212257a-53c9-11ea-b3c2-b88a60e194fb,MKD-I7SO,orderid:676115,crmid:3810336058,2020-02-02T01:15:39.000Z,kiosk,prd1136,1580865339,1581124539,2020-02-05T01:15:39+00:00,2020-02-08T01:15:39+00:00,Aspen Heights: Osaka,Aspen Heights,Osaka,standard,1,1,0,3,151.14,453.42
021336ee-53c9-11ea-806c-b88a60e194fb,REP-AIK2,orderid:486639,crmid:3585442997,2020-02-06T03:27:52.000Z,call center,prd1130,1581478072,1582082872,2020-02-12T03:27:52+00:00,2020-02-19T03:27:52+00:00,Blue Reef Resort: Bremen,Blue Reef Resort,Bremen,standard,1,1,0,7,151.15,1058.05
02146f76-53c9-11ea-83e9-b88a60e194fb,HQD-ZKMG,orderid:321729,crmid:3777529088,2019-12-15T01:30:48.000Z,website,prd1178,1578187848,1578792648,2020-01-05T01:30:48+00:00,2020-01-12T01:30:48+00:00,Blue Reef Resort: Colorado Springs,Blue Reef Resort,Colorado Springs,premium,1,1,0,7,151.44,1060.08
0215a7f0-53c9-11ea-ba34-b88a60e194fb,RSI-1LDS,orderid:395135,crmid:3013163164,2019-12-23T13:49:57.000Z,service desk,prd1117,1579268997,1579873797,2020-01-17T13:49:57+00:00,2020-01-24T13:49:57+00:00,Admiralty Plaza: Dublin,Admiralty Plaza,Dublin,premium,1,1,4,7,113.12,791.84
02169250-53c9-11ea-bb21-b88a60e194fb,XM1-EGRV,orderid:456102,crmid:4347213036,2019-12-09T11:53:30.000Z,website,prd1023,1577966010,1579607610,2020-01-02T11:53:30+00:00,2020-01-21T11:53:30+00:00,Hospitality Inn: Boston,Hospitality Inn,Boston,premium,1,1,2,19,149.27,2836.13
02177cc0-53c9-11ea-b6f0-b88a60e194fb,85K-LGSU,orderid:753738,crmid:9928269849,2019-12-30T07:42:10.000Z,kiosk,prd1143,1579592530,1580197330,2020-01-21T07:42:10+00:00,2020-01-28T07:42:10+00:00,Hospitality Inn: San Antonio,Hospitality Inn,San Antonio,premium,1,1,4,7,138.03,966.21
0218671c-53c9-11ea-90cc-b88a60e194fb,SDP-HEHL,orderid:524344,crmid:9679315743,2020-02-13T23:22:22.000Z,mobile,prd1148,1584055342,1585610542,2020-03-12T23:22:22+00:00,2020-03-30T23:22:22+00:00,Aspen Heights: Jacksonville,Aspen Heights,Jacksonville,premium,1,1,0,18,134.29,2417.22
0219517a-53c9-11ea-b6c5-b88a60e194fb,7N2-GKAP,orderid:789746,crmid:9006255146,2019-12-24T08:25:25.000Z,kiosk,prd1177,1578731125,1579335925,2020-01-11T08:25:25+00:00,2020-01-18T08:25:25+00:00,Admiralty Plaza: Raleigh,Admiralty Plaza,Raleigh,standard,1,1,3,7,144.55,1011.85
021a89f8-53c9-11ea-b014-b88a60e194fb,G0Q-YYFO,orderid:827076,crmid:9068859099,2020-01-03T18:52:25.000Z,call center,prd1171,1579287145,1579805545,2020-01-17T18:52:25+00:00,2020-01-23T18:52:25+00:00,Family Fun Hotels: Sacramento,Family Fun Hotels,Sacramento,premium,1,1,0,6,171.61,1029.66
021be98c-53c9-11ea-b244-b88a60e194fb,J6Z-CSKX,orderid:744115,crmid:6634868608,2020-01-14T20:01:57.000Z,call center,prd1094,1580846517,1581364917,2020-02-04T20:01:57+00:00,2020-02-10T20:01:57+00:00,Blue Reef Resort: Berlin,Blue Reef Resort,Berlin,standard,1,1,0,6,121.42,728.52
021cd3f0-53c9-11ea-9f22-b88a60e194fb,OTT-ADGT,orderid:384078,crmid:2569516554,2019-12-06T21:01:35.000Z,service desk,prd1106,1578085295,1579208495,2020-01-03T21:01:35+00:00,2020-01-16T21:01:35+00:00,Blue Reef Resort: Munich,Blue Reef Resort,Munich,standard,1,1,0,13,119.54,1554.02
021dbe4c-53c9-11ea-81d9-b88a60e194fb,VYA-5P4K,orderid:744420,crmid:2516104081,2020-01-04T16:04:43.000Z,call center,prd1081,1578413083,1578758683,2020-01-07T16:04:43+00:00,2020-01-11T16:04:43+00:00,Admiralty Plaza: Rod de Janeiro,Admiralty Plaza,Rod de Janeiro,standard,1,1,0,4,161.22,644.88
022140ae-53c9-11ea-80c6-b88a60e194fb,EWS-XCIY,orderid:569658,crmid:8061644306,2020-01-20T12:11:58.000Z,kiosk,prd1157,1580299918,1580991118,2020-01-29T12:11:58+00:00,2020-02-06T12:11:58+00:00,Grandeur Hotels: Boston,Grandeur Hotels,Boston,standard,1,1,1,8,154.46,1235.68
02222b1a-53c9-11ea-ab18-b88a60e194fb,O2N-Z0ZX,orderid:194798,crmid:3066619824,2019-12-11T00:51:16.000Z,website,prd1162,1578358276,1579049476,2020-01-07T00:51:16+00:00,2020-01-15T00:51:16+00:00,Sego Lily Suites: Portland,Sego Lily Suites,Portland,standard,1,1,4,8,112.33,898.64
0223157e-53c9-11ea-a655-b88a60e194fb,NII-YNLP,orderid:635163,crmid:3934107077,2020-02-10T02:30:07.000Z,service desk,prd1016,1582770607,1583289007,2020-02-27T02:30:07+00:00,2020-03-04T02:30:07+00:00,Aspen Heights: Columbus,Aspen Heights,Columbus,standard,1,1,0,6,122.59,735.54
02244dee-53c9-11ea-93a4-b88a60e194fb,EBV-GU41,orderid:872254,crmid:4811956852,2019-12-29T13:19:16.000Z,website,prd1047,1577711956,1577798356,2019-12-30T13:19:16+00:00,2019-12-31T13:19:16+00:00,Hospitality Inn: Oakland,Hospitality Inn,Oakland,standard,1,1,0,1,147.07,147.07
0225385c-53c9-11ea-a80a-b88a60e194fb,8RZ-63EV,orderid:716002,crmid:7123915066,2020-01-13T05:17:58.000Z,call center,prd1086,1579929478,1581398278,2020-01-25T05:17:58+00:00,2020-02-11T05:17:58+00:00,Restful Nights: Johannesburg,Restful Nights,Johannesburg,standard,1,1,0,17,96.89,1647.13
022622b6-53c9-11ea-ac83-b88a60e194fb,SDW-WB5M,orderid:563447,crmid:8335167027,2020-02-06T01:07:35.000Z,mobile,prd1047,1581296855,1581383255,2020-02-10T01:07:35+00:00,2020-02-11T01:07:35+00:00,Hospitality Inn: Oakland,Hospitality Inn,Oakland,standard,1,1,0,1,142.51,142.51
02273426-53c9-11ea-8f7f-b88a60e194fb,0JV-HNWB,orderid:267538,crmid:7171232079,2020-02-10T06:35:40.000Z,kiosk,prd1165,1582958140,1583649340,2020-02-29T06:35:40+00:00,2020-03-08T06:35:40+00:00,Admiralty Plaza: Louisville,Admiralty Plaza,Louisville,standard,1,1,0,8,154.17,1233.36
02284590-53c9-11ea-93e1-b88a60e194fb,BD7-VBYV,orderid:200138,crmid:9456369755,2019-12-28T08:20:00.000Z,kiosk,prd1045,1579594800,1580199600,2020-01-21T08:20:00+00:00,2020-01-28T08:20:00+00:00,Admiralty Plaza: Miami,Admiralty Plaza,Miami,standard,1,1,0,7,79.54,556.78
022908ec-53c9-11ea-99b5-b88a60e194fb,H7J-W0QE,orderid:656730,crmid:3349758505,2019-12-17T18:28:23.000Z,website,prd1028,1576693703,1577039303,2019-12-18T18:28:23+00:00,2019-12-22T18:28:23+00:00,Aspen Heights: Portland,Aspen Heights,Portland,standard,1,1,0,4,134.75,539.0
022a1a5a-53c9-11ea-842c-b88a60e194fb,ILZ-N3F5,orderid:575173,crmid:5092566311,2020-01-02T12:08:23.000Z,kiosk,prd1137,1580126903,1580558903,2020-01-27T12:08:23+00:00,2020-02-01T12:08:23+00:00,Sapphire Suites: Manila,Sapphire Suites,Manila,luxury,1,1,4,5,338.64,1693.2
022b04ba-53c9-11ea-b15b-b88a60e194fb,ZEO-S9NX,orderid:682699,crmid:1709403021,2020-01-17T16:50:16.000Z,service desk,prd1105,1579366216,1579539016,2020-01-18T16:50:16+00:00,2020-01-20T16:50:16+00:00,Admiralty Plaza: Barcelona,Admiralty Plaza,Barcelona,standard,1,1,0,2,118.77,237.54
022c3d36-53c9-11ea-a699-b88a60e194fb,KRD-HYLP,orderid:341631,crmid:7611160643,2020-01-09T18:29:40.000Z,website,prd1021,1578680980,1578853780,2020-01-10T18:29:40+00:00,2020-01-12T18:29:40+00:00,Admiralty Plaza: Denver,Admiralty Plaza,Denver,standard,1,1,0,2,105.51,211.02
022d4ea8-53c9-11ea-b6ee-b88a60e194fb,JCM-CI0X,orderid:192584,crmid:9741503518,2019-12-12T02:17:26.000Z,kiosk,prd1004,1576289846,1576549046,2019-12-14T02:17:26+00:00,2019-12-17T02:17:26+00:00,Aspen Heights: Boulder,Aspen Heights,Boulder,standard,1,1,0,3,132.37,397.11
022ed574-53c9-11ea-a32e-b88a60e194fb,GNX-8EKW,orderid:204649,crmid:5127685355,2020-01-09T15:58:57.000Z,call center,prd1016,1580745537,1581350337,2020-02-03T15:58:57+00:00,2020-02-10T15:58:57+00:00,Aspen Heights: Columbus,Aspen Heights,Columbus,standard,1,1,0,7,132.91,930.37
023082f8-53c9-11ea-aa54-b88a60e194fb,UH3-CHDQ,orderid:958982,crmid:2672705419,2020-01-26T12:58:50.000Z,call center,prd1150,1582030730,1582808330,2020-02-18T12:58:50+00:00,2020-02-27T12:58:50+00:00,Sego Lily Suites: Columbus,Sego Lily Suites,Columbus,standard,1,1,0,9,146.56,1319.04
0231bb76-53c9-11ea-8ac1-b88a60e194fb,XCM-3ZBU,orderid:222993,crmid:6044234674,2020-02-12T20:10:32.000Z,call center,prd1043,1583871032,1584994232,2020-03-10T20:10:32+00:00,2020-03-23T20:10:32+00:00,Nesting Box Inn: Raleigh,Nesting Box Inn,Raleigh,standard,1,1,1,13,82.92,1077.96
0232a5d8-53c9-11ea-a8dc-b88a60e194fb,BQO-ADXB,orderid:261891,crmid:9254312589,2020-01-10T16:36:59.000Z,website,prd1046,1580488619,1581093419,2020-01-31T16:36:59+00:00,2020-02-07T16:36:59+00:00,Blue Reef Resort: Virginia Beach,Blue Reef Resort,Virginia Beach,standard,1,1,4,7,155.73,1090.11
0233de5c-53c9-11ea-836a-b88a60e194fb,ECT-CNSQ,orderid:908467,crmid:1587576301,2020-01-16T09:03:55.000Z,website,prd1033,1581325435,1582794235,2020-02-10T09:03:55+00:00,2020-02-27T09:03:55+00:00,Admiralty Plaza: Milwaukee,Admiralty Plaza,Milwaukee,standard,1,1,2,17,142.09,2415.53
023565c2-53c9-11ea-a567-b88a60e194fb,9YV-FKYU,orderid:904198,crmid:8581174227,2020-01-24T18:47:38.000Z,call center,prd1131,1579978058,1580064458,2020-01-25T18:47:38+00:00,2020-01-26T18:47:38+00:00,Hospitality Inn: Sheffield,Hospitality Inn,Sheffield,standard,1,1,0,1,201.5,201.5
02369d74-53c9-11ea-8148-b88a60e194fb,QVI-N0UL,orderid:330226,crmid:7199299465,2020-02-06T14:05:26.000Z,kiosk,prd1028,1581084326,1581257126,2020-02-07T14:05:26+00:00,2020-02-09T14:05:26+00:00,Aspen Heights: Portland,Aspen Heights,Portland,premium,1,1,0,2,117.17,234.34
0237aee4-53c9-11ea-894e-b88a60e194fb,NVW-VD8Z,orderid:573960,crmid:6472480889,2020-02-05T01:36:14.000Z,kiosk,prd1166,1580952974,1581039374,2020-02-06T01:36:14+00:00,2020-02-07T01:36:14+00:00,Blue Reef Resort: Baltimore,Blue Reef Resort,Baltimore,standard,1,1,0,1,147.62,147.62
0237d600-53c9-11ea-b8fd-b88a60e194fb,LCW-RFHL,orderid:763289,crmid:6472480889,2020-02-08T00:00:00.000Z,website,prd1028,1581206400,1581552000,2020-02-09T00:00:00+00:00,2020-02-13T00:00:00+00:00,Aspen Heights: Portland,Aspen Heights,Portland,standard,1,1,0,4,172.14,688.56
02398392-53c9-11ea-968a-b88a60e194fb,BSA-M3LA,orderid:342196,crmid:4214332275,2019-12-27T04:57:37.000Z,website,prd1064,1577854657,1578286657,2020-01-01T04:57:37+00:00,2020-01-06T04:57:37+00:00,Aspen Heights: Paris,Aspen Heights,Paris,standard,1,1,3,5,167.35,836.75
023ae338-53c9-11ea-a97e-b88a60e194fb,E09-MWFI,orderid:257923,crmid:4400233202,2019-12-30T06:43:10.000Z,call center,prd1170,1580107390,1580712190,2020-01-27T06:43:10+00:00,2020-02-03T06:43:10+00:00,Restful Nights: Fresno,Restful Nights,Fresno,premium,1,1,0,7,161.97,1133.79
023bcd92-53c9-11ea-b09a-b88a60e194fb,J8M-C5Y8,orderid:159676,crmid:5334892711,2020-01-29T07:43:45.000Z,call center,prd1029,1580456625,1580629425,2020-01-31T07:43:45+00:00,2020-02-02T07:43:45+00:00,Sapphire Suites: Oklahoma City,Sapphire Suites,Oklahoma City,premium,1,1,0,2,112.09,224.18
023cdf0c-53c9-11ea-afdf-b88a60e194fb,CTV-PAYU,orderid:617407,crmid:3167240040,2020-01-01T17:53:37.000Z,kiosk,prd1159,1579370017,1580061217,2020-01-18T17:53:37+00:00,2020-01-26T17:53:37+00:00,Family Fun Hotels: Detroit,Family Fun Hotels,Detroit,standard,1,1,0,8,176.87,1414.96
023e1786-53c9-11ea-95e7-b88a60e194fb,UPD-XE1R,orderid:842104,crmid:6938271188,2020-01-03T09:06:23.000Z,service desk,prd1153,1578215183,1578474383,2020-01-05T09:06:23+00:00,2020-01-08T09:06:23+00:00,Admiralty Plaza: Charlotte,Admiralty Plaza,Charlotte,standard,1,1,0,3,173.62,520.86
023e3e92-53c9-11ea-a7c7-b88a60e194fb,LGS-68RW,orderid:375404,crmid:6938271188,2020-01-09T00:00:00.000Z,mobile,prd1132,1578873600,1578960000,2020-01-13T00:00:00+00:00,2020-01-14T00:00:00+00:00,Sandhill: Oslo,Sandhill,Oslo,premium,1,1,0,1,153.27,153.27
023e65a4-53c9-11ea-84fe-b88a60e194fb,DH4-M89P,orderid:289783,crmid:6938271188,2020-01-16T00:00:00.000Z,website,prd1057,1579219200,1579305600,2020-01-17T00:00:00+00:00,2020-01-18T00:00:00+00:00,Admiralty Plaza: Mumbai,Admiralty Plaza,Mumbai,standard,1,1,0,1,128.56,128.56
023fc538-53c9-11ea-a829-b88a60e194fb,5RF-7D1E,orderid:259743,crmid:7403166700,2020-02-03T07:26:14.000Z,website,prd1069,1582874774,1583565974,2020-02-28T07:26:14+00:00,2020-03-07T07:26:14+00:00,Admiralty Plaza: Singapore,Admiralty Plaza,Singapore,standard,1,1,0,8,121.99,975.92
0240af9a-53c9-11ea-b1cb-b88a60e194fb,FNG-XPTT,orderid:968609,crmid:5613406432,2020-02-01T17:56:09.000Z,website,prd1182,1580666169,1581011769,2020-02-02T17:56:09+00:00,2020-02-06T17:56:09+00:00,Restful Nights: Minneapolis,Restful Nights,Minneapolis,standard,1,1,0,4,132.58,530.32
024199f8-53c9-11ea-80bd-b88a60e194fb,B5Z-BK8B,orderid:470978,crmid:3781097974,2019-12-20T14:26:05.000Z,website,prd1121,1576938365,1577111165,2019-12-21T14:26:05+00:00,2019-12-23T14:26:05+00:00,Grandeur Hotels: Stockholm,Grandeur Hotels,Stockholm,standard,1,1,0,2,122.23,244.46
0242ab64-53c9-11ea-b695-b88a60e194fb,QCJ-FSH1,orderid:751556,crmid:3660606118,2020-01-20T12:58:47.000Z,website,prd1121,1581339527,1581685127,2020-02-10T12:58:47+00:00,2020-02-14T12:58:47+00:00,Grandeur Hotels: Stockholm,Grandeur Hotels,Stockholm,premium,1,1,0,4,177.74,710.96
024395c6-53c9-11ea-aa5d-b88a60e194fb,DKF-DPWD,orderid:599968,crmid:8123665686,2019-12-26T10:16:53.000Z,kiosk,prd1190,1577960213,1578997013,2020-01-02T10:16:53+00:00,2020-01-14T10:16:53+00:00,Blue Reef Resort: Aurora,Blue Reef Resort,Aurora,luxury,1,1,4,12,377.98,4535.76
02448026-53c9-11ea-9ca9-b88a60e194fb,8UC-JLBK,orderid:868181,crmid:3291931968,2019-12-02T12:05:29.000Z,service desk,prd1022,1575374729,1575633929,2019-12-03T12:05:29+00:00,2019-12-06T12:05:29+00:00,Blue Reef Resort: Washington DC,Blue Reef Resort,Washington DC,premium,1,1,0,3,165.86,497.58
0245dfc0-53c9-11ea-ab3f-b88a60e194fb,KYI-MKIC,orderid:471775,crmid:7793423799,2019-12-04T04:47:44.000Z,website,prd1028,1575521264,1575694064,2019-12-05T04:47:44+00:00,2019-12-07T04:47:44+00:00,Aspen Heights: Portland,Aspen Heights,Portland,premium,1,1,0,2,135.56,271.12
0246ca1e-53c9-11ea-b10e-b88a60e194fb,YM5-W9S4,orderid:728766,crmid:9568707732,2020-01-28T04:27:39.000Z,website,prd1145,1582172859,1583209659,2020-02-20T04:27:39+00:00,2020-03-03T04:27:39+00:00,Grandeur Hotels: Dallas,Grandeur Hotels,Dallas,standard,1,1,0,12,149.46,1793.52
0247b480-53c9-11ea-b5bc-b88a60e194fb,HNR-VS3K,orderid:334307,crmid:2645446295,2019-12-24T13:50:55.000Z,mobile,prd1009,1578923455,1579528255,2020-01-13T13:50:55+00:00,2020-01-20T13:50:55+00:00,Admiralty Plaza: San Antonio,Admiralty Plaza,San Antonio,premium,1,1,1,7,172.24,1205.68
02489edc-53c9-11ea-9745-b88a60e194fb,JEO-BGIG,orderid:401284,crmid:5367428400,2020-01-22T21:39:51.000Z,website,prd1050,1582148391,1582321191,2020-02-19T21:39:51+00:00,2020-02-21T21:39:51+00:00,Restful Nights: Arlington,Restful Nights,Arlington,standard,1,1,0,2,130.17,260.34
0249893a-53c9-11ea-85c0-b88a60e194fb,S53-VXEX,orderid:632570,crmid:8877800383,2020-02-14T11:14:20.000Z,call center,prd1132,1581765260,1581938060,2020-02-15T11:14:20+00:00,2020-02-17T11:14:20+00:00,Sandhill: Oslo,Sandhill,Oslo,standard,1,1,0,2,143.87,287.74
0249b052-53c9-11ea-9d42-b88a60e194fb,NPH-Y3SH,orderid:669816,crmid:8877800383,2020-02-18T00:00:00.000Z,service desk,prd1160,1582243200,1582588800,2020-02-21T00:00:00+00:00,2020-02-25T00:00:00+00:00,Aspen Heights: Nashville,Aspen Heights,Nashville,standard,1,1,0,4,119.94,479.76
024ae8c2-53c9-11ea-a58f-b88a60e194fb,ZLS-IQPD,orderid:466544,crmid:3462890838,2020-01-28T13:01:46.000Z,website,prd1103,1580994106,1581080506,2020-02-06T13:01:46+00:00,2020-02-07T13:01:46+00:00,Nesting Box Inn: Hamburg,Nesting Box Inn,Hamburg,premium,1,1,0,1,148.47,148.47
024bfa3a-53c9-11ea-bca1-b88a60e194fb,GOU-PZE0,orderid:882344,crmid:3326803892,2020-01-17T20:00:45.000Z,mobile,prd1033,1580932845,1581710445,2020-02-05T20:00:45+00:00,2020-02-14T20:00:45+00:00,Admiralty Plaza: Milwaukee,Admiralty Plaza,Milwaukee,standard,1,1,0,9,119.91,1079.19
024d32b0-53c9-11ea-8c83-b88a60e194fb,XDC-V8Y3,orderid:897257,crmid:2977185215,2020-02-01T09:25:00.000Z,mobile,prd1175,1582104300,1582881900,2020-02-19T09:25:00+00:00,2020-02-28T09:25:00+00:00,Nesting Box Inn: Long Beach,Nesting Box Inn,Long Beach,luxury,1,1,0,9,347.96,3131.64
024e1d1a-53c9-11ea-b63d-b88a60e194fb,P5O-R2SY,orderid:119206,crmid:9513989194,2020-01-20T07:32:10.000Z,website,prd1125,1581838330,1582097530,2020-02-16T07:32:10+00:00,2020-02-19T07:32:10+00:00,Sapphire Suites: Palermo,Sapphire Suites,Palermo,standard,1,1,0,3,149.01,447.03
024f5598-53c9-11ea-a8eb-b88a60e194fb,L4A-BWK2,orderid:689175,crmid:8012635081,2020-01-10T14:23:32.000Z,call center,prd1130,1581085412,1582295012,2020-02-07T14:23:32+00:00,2020-02-21T14:23:32+00:00,Blue Reef Resort: Bremen,Blue Reef Resort,Bremen,standard,1,1,0,14,160.69,2249.66
02508e22-53c9-11ea-85c0-b88a60e194fb,4NW-KWPB,orderid:683664,crmid:1846680577,2020-02-16T13:10:44.000Z,website,prd1004,1582549844,1582722644,2020-02-24T13:10:44+00:00,2020-02-26T13:10:44+00:00,Aspen Heights: Boulder,Aspen Heights,Boulder,standard,1,1,0,2,134.57,269.14
0251787a-53c9-11ea-8404-b88a60e194fb,4ER-H7T7,orderid:193674,crmid:7095050326,2019-12-02T19:32:52.000Z,kiosk,prd1140,1575401572,1575487972,2019-12-03T19:32:52+00:00,2019-12-04T19:32:52+00:00,Repose Resort: Kano,Repose Resort,Kano,standard,1,1,0,1,111.55,111.55
025262dc-53c9-11ea-a315-b88a60e194fb,F54-YECI,orderid:603811,crmid:9279887534,2020-01-25T11:08:47.000Z,website,prd1004,1581937727,1582628927,2020-02-17T11:08:47+00:00,2020-02-25T11:08:47+00:00,Aspen Heights: Boulder,Aspen Heights,Boulder,premium,1,1,4,8,182.68,1461.44
02539b68-53c9-11ea-a856-b88a60e194fb,UFL-MIK6,orderid:518400,crmid:9139904972,2019-12-12T23:16:55.000Z,website,prd1130,1576279015,1576451815,2019-12-13T23:16:55+00:00,2019-12-15T23:16:55+00:00,Blue Reef Resort: Bremen,Blue Reef Resort,Bremen,standard,1,1,0,2,115.6,231.2
0254d3de-53c9-11ea-9ebb-b88a60e194fb,MNB-SPAQ,orderid:551035,crmid:4427301670,2019-12-22T13:42:44.000Z,kiosk,prd1111,1578577364,1579441364,2020-01-09T13:42:44+00:00,2020-01-19T13:42:44+00:00,Family Fun Hotels: Prague,Family Fun Hotels,Prague,premium,1,1,3,10,116.7,1167.0
0255e552-53c9-11ea-97e8-b88a60e194fb,MLY-JOMX,orderid:907343,crmid:1488997297,2020-01-09T22:10:04.000Z,call center,prd1025,1578867004,1579385404,2020-01-12T22:10:04+00:00,2020-01-18T22:10:04+00:00,Grandeur Hotels: Detroit,Grandeur Hotels,Detroit,presidential-suite,1,1,0,6,866.48,5198.88
0256d110-53c9-11ea-ac5e-b88a60e194fb,NG2-GRUE,orderid:814901,crmid:7089732295,2020-01-04T02:36:56.000Z,mobile,prd1193,1578191816,1578451016,2020-01-05T02:36:56+00:00,2020-01-08T02:36:56+00:00,Grandeur Hotels: Kinshasa,Grandeur Hotels,Kinshasa,standard,1,1,0,3,127.5,382.5
0257bb68-53c9-11ea-aad3-b88a60e194fb,HQX-HR1T,orderid:653333,crmid:2868111168,2020-01-12T09:47:34.000Z,call center,prd1178,1578908854,1578995254,2020-01-13T09:47:34+00:00,2020-01-14T09:47:34+00:00,Blue Reef Resort: Colorado Springs,Blue Reef Resort,Colorado Springs,premium,1,1,0,1,167.11,167.11
0258ccde-53c9-11ea-b9b6-b88a60e194fb,VLS-L1PG,orderid:239345,crmid:4006170718,2020-02-12T15:21:11.000Z,website,prd1035,1583162471,1584544871,2020-03-02T15:21:11+00:00,2020-03-18T15:21:11+00:00,Hospitality Inn: Tucson,Hospitality Inn,Tucson,premium,1,1,0,16,129.09,2065.44
0259dce8-53c9-11ea-b6cc-b88a60e194fb,GSY-92R1,orderid:637975,crmid:2397596170,2020-01-23T05:06:46.000Z,website,prd1124,1579842406,1579928806,2020-01-24T05:06:46+00:00,2020-01-25T05:06:46+00:00,Aspen Heights: Leeds,Aspen Heights,Leeds,premium,1,1,0,1,130.13,130.13
025b8c10-53c9-11ea-a4d9-b88a60e194fb,Y1Q-29QP,orderid:244462,crmid:7618382997,2019-12-28T09:30:02.000Z,kiosk,prd1178,1578994202,1579512602,2020-01-14T09:30:02+00:00,2020-01-20T09:30:02+00:00,Blue Reef Resort: Colorado Springs,Blue Reef Resort,Colorado Springs,standard,1,1,1,6,201.7,1210.2
025cc49a-53c9-11ea-ad54-b88a60e194fb,AMR-WWDA,orderid:954740,crmid:8705177165,2019-12-31T03:34:11.000Z,mobile,prd1087,1578022451,1578368051,2020-01-03T03:34:11+00:00,2020-01-07T03:34:11+00:00,Family Fun Hotels: Kolkata,Family Fun Hotels,Kolkata,standard,1,1,4,4,117.76,471.04
025dfcf0-53c9-11ea-a6c1-b88a60e194fb,DMW-M9ZV,orderid:762240,crmid:1228319196,2020-01-12T01:41:52.000Z,website,prd1065,1578879712,1578966112,2020-01-13T01:41:52+00:00,2020-01-14T01:41:52+00:00,Sapphire Suites: Beijing,Sapphire Suites,Beijing,luxury,1,1,0,1,401.94,401.94
025f359c-53c9-11ea-8810-b88a60e194fb,PR5-TY5L,orderid:418107,crmid:2343741479,2020-02-12T15:26:54.000Z,website,prd1046,1583854014,1585150014,2020-03-10T15:26:54+00:00,2020-03-25T15:26:54+00:00,Blue Reef Resort: Virginia Beach,Blue Reef Resort,Virginia Beach,standard,1,1,0,15,163.44,2451.6
02601fcc-53c9-11ea-861a-b88a60e194fb,2JH-INNC,orderid:306602,crmid:2288335358,2019-12-08T05:14:55.000Z,kiosk,prd1160,1576041295,1576214095,2019-12-11T05:14:55+00:00,2019-12-13T05:14:55+00:00,Aspen Heights: Nashville,Aspen Heights,Nashville,standard,1,1,0,2,157.25,314.5
02615870-53c9-11ea-b043-b88a60e194fb,TC5-XJCO,orderid:547296,crmid:9435760710,2019-12-06T11:28:03.000Z,call center,prd1167,1575804483,1576063683,2019-12-08T11:28:03+00:00,2019-12-11T11:28:03+00:00,Hospitality Inn: Milwaukee,Hospitality Inn,Milwaukee,standard,1,1,0,3,144.89,434.67
0262defa-53c9-11ea-9ad0-b88a60e194fb,S8W-LBIL,orderid:668455,crmid:2693723368,2019-12-22T23:41:53.000Z,call center,prd1112,1578786113,1579650113,2020-01-11T23:41:53+00:00,2020-01-21T23:41:53+00:00,Aspen Heights: Birmingham,Aspen Heights,Birmingham,standard,1,1,0,10,177.15,1771.5
0264179a-53c9-11ea-b24f-b88a60e194fb,FFJ-X8LV,orderid:175509,crmid:8266251002,2020-01-21T04:23:17.000Z,mobile,prd1165,1579753397,1580012597,2020-01-23T04:23:17+00:00,2020-01-26T04:23:17+00:00,Admiralty Plaza: Louisville,Admiralty Plaza,Louisville,premium,1,1,0,3,176.61,529.83
0264179b-53c9-11ea-a7d5-b88a60e194fb,V12-EI09,orderid:920310,crmid:8266251002,2020-01-27T00:00:00.000Z,website,prd1071,1580342400,1580515200,2020-01-30T00:00:00+00:00,2020-02-01T00:00:00+00:00,Hospitality Inn: Seoul,Hospitality Inn,Seoul,premium,1,1,0,2,175.83,351.66
02652906-53c9-11ea-8cce-b88a60e194fb,HMO-UJLK,orderid:972260,crmid:4710054142,2019-12-08T20:02:27.000Z,website,prd1022,1576094547,1576353747,2019-12-11T20:02:27+00:00,2019-12-14T20:02:27+00:00,Blue Reef Resort: Washington DC,Blue Reef Resort,Washington DC,standard,1,1,0,3,143.61,430.83
02661352-53c9-11ea-ac70-b88a60e194fb,PCF-N4WE,orderid:642415,crmid:5613357900,2019-12-16T05:47:59.000Z,kiosk,prd1191,1577857679,1578289679,2020-01-01T05:47:59+00:00,2020-01-06T05:47:59+00:00,Hospitality Inn: Mumbai,Hospitality Inn,Mumbai,premium,1,1,0,5,85.17,425.85
026724ba-53c9-11ea-a05a-b88a60e194fb,IXD-QFPM,orderid:219102,crmid:6338958090,2020-01-12T07:37:38.000Z,website,prd1093,1579073858,1579160258,2020-01-15T07:37:38+00:00,2020-01-16T07:37:38+00:00,Admiralty Plaza: Yokohama,Admiralty Plaza,Yokohama,standard,1,1,0,1,128.72,128.72
0268ab6c-53c9-11ea-9b0d-b88a60e194fb,EZE-T6AZ,orderid:788690,crmid:3788297385,2020-01-31T21:22:21.000Z,kiosk,prd1105,1580937741,1582492941,2020-02-05T21:22:21+00:00,2020-02-23T21:22:21+00:00,Admiralty Plaza: Barcelona,Admiralty Plaza,Barcelona,premium,1,1,1,18,101.23,1822.14
0269bb5a-53c9-11ea-ac55-b88a60e194fb,RV1-ZX5E,orderid:624563,crmid:5314114703,2020-01-05T17:53:29.000Z,website,prd1143,1580493209,1580752409,2020-01-31T17:53:29+00:00,2020-02-03T17:53:29+00:00,Hospitality Inn: San Antonio,Hospitality Inn,San Antonio,premium,1,1,0,3,142.18,426.54
026af546-53c9-11ea-b462-b88a60e194fb,MJT-X89Y,orderid:504743,crmid:8630627144,2020-01-31T06:00:26.000Z,call center,prd1069,1582956026,1583042426,2020-02-29T06:00:26+00:00,2020-03-01T06:00:26+00:00,Admiralty Plaza: Singapore,Admiralty Plaza,Singapore,standard,1,1,0,1,136.24,136.24
026c06ba-53c9-11ea-b670-b88a60e194fb,JET-HL7A,orderid:896680,crmid:8630669737,2019-12-26T10:45:00.000Z,kiosk,prd1058,1578998700,1579517100,2020-01-14T10:45:00+00:00,2020-01-20T10:45:00+00:00,Blue Reef Resort: Delhi,Blue Reef Resort,Delhi,premium,1,1,0,6,181.76,1090.56
026d664c-53c9-11ea-bb43-b88a60e194fb,Q5O-BK4N,orderid:668222,crmid:5814672967,2020-02-01T15:51:48.000Z,website,prd1093,1581177108,1581349908,2020-02-08T15:51:48+00:00,2020-02-10T15:51:48+00:00,Admiralty Plaza: Yokohama,Admiralty Plaza,Yokohama,premium,1,1,0,2,130.21,260.42
026e77b6-53c9-11ea-8172-b88a60e194fb,F22-WT1E,orderid:560344,crmid:7632487796,2019-12-01T09:55:50.000Z,kiosk,prd1014,1575280550,1575712550,2019-12-02T09:55:50+00:00,2019-12-07T09:55:50+00:00,Restful Nights: Jacksonville,Restful Nights,Jacksonville,standard,1,1,0,5,105.92,529.6
026e9ec8-53c9-11ea-8a24-b88a60e194fb,G9R-X58O,orderid:156621,crmid:7632487796,2019-12-09T00:00:00.000Z,service desk,prd1118,1575936000,1576022400,2019-12-10T00:00:00+00:00,2019-12-11T00:00:00+00:00,Blue Reef Resort: Cologne,Blue Reef Resort,Cologne,standard,1,1,0,1,157.32,157.32
026fb074-53c9-11ea-b0aa-b88a60e194fb,NEV-FSZU,orderid:899848,crmid:6523290389,2020-01-01T06:19:57.000Z,website,prd1182,1577945997,1578032397,2020-01-02T06:19:57+00:00,2020-01-03T06:19:57+00:00,Restful Nights: Minneapolis,Restful Nights,Minneapolis,premium,1,1,0,1,135.64,135.64
0270e8c2-53c9-11ea-b912-b88a60e194fb,UCF-JWAQ,orderid:563613,crmid:6123824441,2019-12-25T12:39:53.000Z,website,prd1159,1577363993,1577450393,2019-12-26T12:39:53+00:00,2019-12-27T12:39:53+00:00,Family Fun Hotels: Detroit,Family Fun Hotels,Detroit,premium,1,1,0,1,119.03,119.03
0271fa2c-53c9-11ea-b74b-b88a60e194fb,JIT-QDR3,orderid:592012,crmid:3593030005,2020-02-04T15:46:11.000Z,mobile,prd1155,1582731971,1584373571,2020-02-26T15:46:11+00:00,2020-03-16T15:46:11+00:00,Hospitality Inn: Denver,Hospitality Inn,Denver,standard,1,1,0,19,158.15,3004.85
027332b6-53c9-11ea-8828-b88a60e194fb,1J2-6YMT,orderid:952225,crmid:6983562194,2020-01-20T03:08:18.000Z,call center,prd1187,1579662498,1579921698,2020-01-22T03:08:18+00:00,2020-01-25T03:08:18+00:00,Nesting Box Inn: Cleveland,Nesting Box Inn,Cleveland,standard,1,1,0,3,136.43,409.29
02744418-53c9-11ea-90a5-b88a60e194fb,HJV-LUWG,orderid:360799,crmid:3842203265,2020-02-05T05:35:45.000Z,kiosk,prd1191,1581226545,1581485745,2020-02-09T05:35:45+00:00,2020-02-12T05:35:45+00:00,Hospitality Inn: Mumbai,Hospitality Inn,Mumbai,standard,1,1,0,3,110.24,330.72
0275a3ae-53c9-11ea-8244-b88a60e194fb,NYH-EFRB,orderid:877433,crmid:4254496620,2019-12-12T04:16:04.000Z,call center,prd1145,1576210564,1576383364,2019-12-13T04:16:04+00:00,2019-12-15T04:16:04+00:00,Grandeur Hotels: Dallas,Grandeur Hotels,Dallas,premium,1,1,0,2,117.63,235.26
0277034c-53c9-11ea-ae49-b88a60e194fb,GKW-CFBH,orderid:253901,crmid:6042098725,2019-12-30T16:42:15.000Z,mobile,prd1076,1580143335,1581093735,2020-01-27T16:42:15+00:00,2020-02-07T16:42:15+00:00,Aspen Heights: Bogota,Aspen Heights,Bogota,standard,1,1,2,11,165.75,1823.25
0277ed94-53c9-11ea-8872-b88a60e194fb,57M-YUGO,orderid:243889,crmid:2663657290,2019-12-23T13:12:56.000Z,website,prd1069,1579353176,1579698776,2020-01-18T13:12:56+00:00,2020-01-22T13:12:56+00:00,Admiralty Plaza: Singapore,Admiralty Plaza,Singapore,standard,1,1,3,4,189.18,756.72
02792628-53c9-11ea-9525-b88a60e194fb,SOP-MHNH,orderid:508984,crmid:2708076144,2019-12-08T09:56:32.000Z,website,prd1041,1577440592,1577613392,2019-12-27T09:56:32+00:00,2019-12-29T09:56:32+00:00,Sapphire Suites: Long Beach,Sapphire Suites,Long Beach,standard,1,1,0,2,102.24,204.48
027a5e9e-53c9-11ea-ba5d-b88a60e194fb,0IT-GORJ,orderid:568110,crmid:1358791525,2020-01-19T13:39:12.000Z,kiosk,prd1081,1579700352,1579786752,2020-01-22T13:39:12+00:00,2020-01-23T13:39:12+00:00,Admiralty Plaza: Rod de Janeiro,Admiralty Plaza,Rod de Janeiro,standard,1,1,0,1,133.64,133.64
027a85ae-53c9-11ea-bfab-b88a60e194fb,MSD-HDZ1,orderid:759280,crmid:1358791525,2020-01-25T00:00:00.000Z,website,prd1179,1579996800,1580083200,2020-01-26T00:00:00+00:00,2020-01-27T00:00:00+00:00,Hospitality Inn: Miami,Hospitality Inn,Miami,standard,1,1,0,1,171.13,171.13
027bbe26-53c9-11ea-970e-b88a60e194fb,0G4-BYMK,orderid:576939,crmid:4503999916,2020-02-12T16:39:09.000Z,mobile,prd1123,1581784749,1581871149,2020-02-15T16:39:09+00:00,2020-02-16T16:39:09+00:00,Family Fun Hotels: Amsterdam,Family Fun Hotels,Amsterdam,standard,1,1,4,1,161.41,161.41
027ccfae-53c9-11ea-bfe9-b88a60e194fb,754-XFVV,orderid:992836,crmid:9407507631,2019-12-22T22:31:59.000Z,website,prd1057,1577226719,1577313119,2019-12-24T22:31:59+00:00,2019-12-25T22:31:59+00:00,Admiralty Plaza: Mumbai,Admiralty Plaza,Mumbai,standard,1,1,0,1,114.9,114.9
027de10c-53c9-11ea-91e6-b88a60e194fb,EU5-BMDQ,orderid:211422,crmid:8386025160,2020-01-19T12:45:49.000Z,website,prd1095,1581511549,1582634749,2020-02-12T12:45:49+00:00,2020-02-25T12:45:49+00:00,Hospitality Inn: Casablanca,Hospitality Inn,Casablanca,premium,1,1,0,13,129.52,1683.76
027f19ac-53c9-11ea-97d0-b88a60e194fb,SG4-X0M6,orderid:629853,crmid:3430838194,2020-01-08T06:05:09.000Z,website,prd1004,1578809109,1578981909,2020-01-12T06:05:09+00:00,2020-01-14T06:05:09+00:00,Aspen Heights: Boulder,Aspen Heights,Boulder,standard,1,1,0,2,111.97,223.94
0280791c-53c9-11ea-bcea-b88a60e194fb,TK5-DSBF,orderid:893837,crmid:5145085624,2019-12-21T12:51:28.000Z,call center,prd1074,1577105488,1577278288,2019-12-23T12:51:28+00:00,2019-12-25T12:51:28+00:00,Restful Nights: Mexico City,Restful Nights,Mexico City,premium,1,1,0,2,117.44,234.88
0281b1ec-53c9-11ea-b9a8-b88a60e194fb,GC2-ITAB,orderid:658126,crmid:7903283201,2019-12-22T08:34:12.000Z,call center,prd1131,1579336452,1580027652,2020-01-18T08:34:12+00:00,2020-01-26T08:34:12+00:00,Hospitality Inn: Sheffield,Hospitality Inn,Sheffield,standard,1,1,4,8,98.57,788.56
02831128-53c9-11ea-afc5-b88a60e194fb,TX6-PXEM,orderid:555419,crmid:5873000029,2020-01-05T08:09:42.000Z,call center,prd1159,1578730182,1578989382,2020-01-11T08:09:42+00:00,2020-01-14T08:09:42+00:00,Family Fun Hotels: Detroit,Family Fun Hotels,Detroit,standard,1,1,2,3,83.46,250.38
028449ae-53c9-11ea-8bf2-b88a60e194fb,Q2L-L4MG,orderid:245053,crmid:1281732697,2020-02-08T18:13:39.000Z,kiosk,prd1093,1581272019,1581444819,2020-02-09T18:13:39+00:00,2020-02-11T18:13:39+00:00,Admiralty Plaza: Yokohama,Admiralty Plaza,Yokohama,standard,1,1,0,2,115.34,230.68
0285822e-53c9-11ea-a12a-b88a60e194fb,U2A-833I,orderid:634932,crmid:6724797036,2020-01-01T01:55:34.000Z,website,prd1098,1580176534,1580349334,2020-01-28T01:55:34+00:00,2020-01-30T01:55:34+00:00,Restful Nights: Kiev,Restful Nights,Kiev,premium,1,1,0,2,118.9,237.8
0286bab0-53c9-11ea-abb9-b88a60e194fb,W8D-INDR,orderid:944310,crmid:5649871459,2019-12-12T10:43:00.000Z,website,prd1037,1578480180,1579171380,2020-01-08T10:43:00+00:00,2020-01-16T10:43:00+00:00,Grandeur Hotels: Sacramento,Grandeur Hotels,Sacramento,standard,1,1,0,8,170.76,1366.08
0287cc12-53c9-11ea-9fa5-b88a60e194fb,E9I-GKUZ,orderid:777014,crmid:9978724108,2019-12-18T02:55:28.000Z,kiosk,prd1119,1578279328,1578797728,2020-01-06T02:55:28+00:00,2020-01-12T02:55:28+00:00,Hospitality Inn: Turin,Hospitality Inn,Turin,ultra-luxury,1,1,0,6,282.03,1692.18
02890498-53c9-11ea-a9b5-b88a60e194fb,EJD-BFR3,orderid:949848,crmid:3527422137,2020-01-24T01:29:26.000Z,kiosk,prd1034,1580088566,1580261366,2020-01-27T01:29:26+00:00,2020-01-29T01:29:26+00:00,Blue Reef Resort: Albuquerque,Blue Reef Resort,Albuquerque,standard,1,1,0,2,121.22,242.44
028a3d1a-53c9-11ea-8bd1-b88a60e194fb,AFM-IA3U,orderid:882838,crmid:8567317302,2020-02-13T16:57:36.000Z,website,prd1184,1584032256,1584723456,2020-03-12T16:57:36+00:00,2020-03-20T16:57:36+00:00,Aspen Heights: Arlington,Aspen Heights,Arlington,standard,1,1,0,8,184.28,1474.24
028b4e8c-53c9-11ea-8163-b88a60e194fb,CYV-GFPP,orderid:501618,crmid:7785200745,2020-02-14T08:16:06.000Z,call center,prd1016,1583914566,1584605766,2020-03-11T08:16:06+00:00,2020-03-19T08:16:06+00:00,Aspen Heights: Columbus,Aspen Heights,Columbus,standard,1,1,0,8,140.1,1120.8
028c870c-53c9-11ea-b055-b88a60e194fb,G7S-LAEB,orderid:558231,crmid:5781079762,2019-12-03T12:06:46.000Z,call center,prd1064,1577966806,1578485206,2020-01-02T12:06:46+00:00,2020-01-08T12:06:46+00:00,Aspen Heights: Paris,Aspen Heights,Paris,standard,1,1,0,6,153.09,918.54
028dbf86-53c9-11ea-9312-b88a60e194fb,BSK-UZ3H,orderid:581125,crmid:8565133289,2019-12-02T16:31:34.000Z,website,prd1165,1576686694,1576945894,2019-12-18T16:31:34+00:00,2019-12-21T16:31:34+00:00,Admiralty Plaza: Louisville,Admiralty Plaza,Louisville,standard,1,1,0,3,123.31,369.93
028f1f1c-53c9-11ea-9481-b88a60e194fb,D5S-GMLS,orderid:197845,crmid:4377356328,2020-01-13T04:18:36.000Z,kiosk,prd1119,1581049116,1581221916,2020-02-07T04:18:36+00:00,2020-02-09T04:18:36+00:00,Hospitality Inn: Turin,Hospitality Inn,Turin,standard,1,1,0,2,131.03,262.06
02907d52-53c9-11ea-8111-b88a60e194fb,3PM-QVQL,orderid:914296,crmid:7418674112,2019-12-30T15:13:57.000Z,mobile,prd1124,1579965237,1580310837,2020-01-25T15:13:57+00:00,2020-01-29T15:13:57+00:00,Aspen Heights: Leeds,Aspen Heights,Leeds,standard,1,1,0,4,144.27,577.08
0291b726-53c9-11ea-ac9d-b88a60e194fb,UP5-ACEK,orderid:147909,crmid:4573220072,2019-12-18T16:27:39.000Z,mobile,prd1157,1578500859,1578760059,2020-01-08T16:27:39+00:00,2020-01-11T16:27:39+00:00,Grandeur Hotels: Boston,Grandeur Hotels,Boston,standard,1,1,3,3,146.07,438.21
0292a17e-53c9-11ea-b0fa-b88a60e194fb,VTU-MJZH,orderid:997547,crmid:9422392593,2019-12-28T10:10:39.000Z,mobile,prd1191,1577614239,1577700639,2019-12-29T10:10:39+00:00,2019-12-30T10:10:39+00:00,Hospitality Inn: Mumbai,Hospitality Inn,Mumbai,ultra-luxury,1,1,0,1,342.82,342.82
0294011c-53c9-11ea-9fb0-b88a60e194fb,PZT-MEXS,orderid:531640,crmid:2569407855,2020-01-23T02:35:27.000Z,mobile,prd1081,1579833327,1580178927,2020-01-24T02:35:27+00:00,2020-01-28T02:35:27+00:00,Admiralty Plaza: Rod de Janeiro,Admiralty Plaza,Rod de Janeiro,premium,1,1,0,4,165.67,662.68
02942834-53c9-11ea-8204-b88a60e194fb,69I-X9FS,orderid:346333,crmid:2569407855,2020-01-29T00:00:00.000Z,website,prd1187,1580342400,1580515200,2020-01-30T00:00:00+00:00,2020-02-01T00:00:00+00:00,Nesting Box Inn: Cleveland,Nesting Box Inn,Cleveland,premium,1,1,0,2,151.37,302.74
0295399c-53c9-11ea-aba9-b88a60e194fb,EGL-BQX7,orderid:868300,crmid:7292429548,2020-02-10T15:28:28.000Z,mobile,prd1177,1582817308,1583508508,2020-02-27T15:28:28+00:00,2020-03-06T15:28:28+00:00,Admiralty Plaza: Raleigh,Admiralty Plaza,Raleigh,standard,1,1,0,8,144.44,1155.52
0296718c-53c9-11ea-bbd1-b88a60e194fb,KRY-YEBD,orderid:611089,crmid:9665224932,2020-02-13T13:25:42.000Z,mobile,prd1065,1583933142,1584365142,2020-03-11T13:25:42+00:00,2020-03-16T13:25:42+00:00,Sapphire Suites: Beijing,Sapphire Suites,Beijing,standard,1,1,0,5,174.63,873.15
0297838a-53c9-11ea-9114-b88a60e194fb,2MC-Z3JZ,orderid:792895,crmid:3197715870,2020-01-03T18:23:33.000Z,mobile,prd1109,1578248613,1578507813,2020-01-05T18:23:33+00:00,2020-01-08T18:23:33+00:00,Grandeur Hotels: Belgrade,Grandeur Hotels,Belgrade,premium,1,1,0,3,129.73,389.19
02990a24-53c9-11ea-a712-b88a60e194fb,OSR-XSD9,orderid:856977,crmid:4986468619,2020-01-30T09:13:48.000Z,call center,prd1049,1582017228,1582449228,2020-02-18T09:13:48+00:00,2020-02-23T09:13:48+00:00,Grandeur Hotels: Tulsa,Grandeur Hotels,Tulsa,standard,1,1,4,5,71.01,355.05
029a42c6-53c9-11ea-bbb3-b88a60e194fb,RSV-O4RI,orderid:279347,crmid:5885577743,2020-01-17T22:59:11.000Z,kiosk,prd1067,1581375551,1581893951,2020-02-10T22:59:11+00:00,2020-02-16T22:59:11+00:00,Nesting Box Inn: Istanbul,Nesting Box Inn,Istanbul,premium,1,1,0,6,156.54,939.24
029b541c-53c9-11ea-95ac-b88a60e194fb,TBK-9K3Q,orderid:959084,crmid:4183132477,2019-12-04T00:30:16.000Z,website,prd1021,1577752216,1578357016,2019-12-31T00:30:16+00:00,2020-01-07T00:30:16+00:00,Admiralty Plaza: Denver,Admiralty Plaza,Denver,standard,1,1,0,7,180.48,1263.36
029cdaec-53c9-11ea-93b6-b88a60e194fb,HK0-OS2D,orderid:160635,crmid:7089083697,2019-12-26T11:10:13.000Z,call center,prd1043,1577445013,1577617813,2019-12-27T11:10:13+00:00,2019-12-29T11:10:13+00:00,Nesting Box Inn: Raleigh,Nesting Box Inn,Raleigh,standard,1,1,0,2,107.26,214.52
029e1362-53c9-11ea-a7b7-b88a60e194fb,HHG-YXFD,orderid:849175,crmid:6744296788,2019-12-21T18:23:41.000Z,call center,prd1124,1577039021,1577298221,2019-12-22T18:23:41+00:00,2019-12-25T18:23:41+00:00,Aspen Heights: Leeds,Aspen Heights,Leeds,standard,1,1,0,3,166.96,500.88
029f4bae-53c9-11ea-8664-b88a60e194fb,CRF-GYFY,orderid:512979,crmid:9345417634,2020-01-11T11:47:06.000Z,website,prd1088,1578916026,1579002426,2020-01-13T11:47:06+00:00,2020-01-14T11:47:06+00:00,Aspen Heights: Ankara,Aspen Heights,Ankara,premium,1,1,0,1,160.53,160.53
029f4baf-53c9-11ea-a510-b88a60e194fb,JH2-JEEY,orderid:388682,crmid:9345417634,2020-01-16T00:00:00.000Z,website,prd1041,1579305600,1579392000,2020-01-18T00:00:00+00:00,2020-01-19T00:00:00+00:00,Sapphire Suites: Long Beach,Sapphire Suites,Long Beach,premium,1,1,0,1,164.28,164.28
02a0844c-53c9-11ea-ba0c-b88a60e194fb,LVL-1PMP,orderid:412054,crmid:7265800735,2020-02-05T09:02:48.000Z,website,prd1189,1581325368,1581670968,2020-02-10T09:02:48+00:00,2020-02-14T09:02:48+00:00,Admiralty Plaza: Bakersfield,Admiralty Plaza,Bakersfield,premium,1,1,0,4,130.81,523.24
02a1bcbe-53c9-11ea-9a66-b88a60e194fb,1O5-ALBU,orderid:393431,crmid:3215825121,2020-01-08T00:21:52.000Z,call center,prd1051,1580170912,1580775712,2020-01-28T00:21:52+00:00,2020-02-04T00:21:52+00:00,Family Fun Hotels: New Orleans,Family Fun Hotels,New Orleans,standard,1,1,0,7,118.04,826.28
02a2ce2e-53c9-11ea-aa38-b88a60e194fb,FQT-7RYI,orderid:454683,crmid:9169067007,2019-12-29T00:42:13.000Z,website,prd1155,1579480933,1579653733,2020-01-20T00:42:13+00:00,2020-01-22T00:42:13+00:00,Hospitality Inn: Denver,Hospitality Inn,Denver,standard,1,1,1,2,131.66,263.32
02a40768-53c9-11ea-b038-b88a60e194fb,HS5-IAS3,orderid:861538,crmid:9649819075,2020-01-12T22:08:19.000Z,call center,prd1025,1580508499,1582063699,2020-01-31T22:08:19+00:00,2020-02-18T22:08:19+00:00,Grandeur Hotels: Detroit,Grandeur Hotels,Detroit,premium,1,1,0,18,123.16,2216.88
02a53f30-53c9-11ea-bf1c-b88a60e194fb,0S3-VNY2,orderid:186996,crmid:1574436005,2020-01-18T03:13:35.000Z,website,prd1107,1581131615,1582773215,2020-02-08T03:13:35+00:00,2020-02-27T03:13:35+00:00,Hospitality Inn: Kharkiv,Hospitality Inn,Kharkiv,standard,1,1,2,19,131.61,2500.59
02a6c49a-53c9-11ea-8194-b88a60e194fb,WRR-YLSX,orderid:271752,crmid:8181192086,2020-01-12T15:36:43.000Z,call center,prd1194,1579102603,1579189003,2020-01-15T15:36:43+00:00,2020-01-16T15:36:43+00:00,Restful Nights: Tianjin,Restful Nights,Tianjin,standard,1,1,0,1,170.7,170.7
02a7fd10-53c9-11ea-a446-b88a60e194fb,GKE-WAGY,orderid:853511,crmid:9619787922,2020-01-04T08:42:06.000Z,website,prd1016,1578386526,1578645726,2020-01-07T08:42:06+00:00,2020-01-10T08:42:06+00:00,Aspen Heights: Columbus,Aspen Heights,Columbus,premium,1,1,0,3,135.55,406.65
02a8241e-53c9-11ea-8294-b88a60e194fb,WJL-U4T7,orderid:311520,crmid:9619787922,2020-01-11T00:00:00.000Z,mobile,prd1180,1578873600,1578960000,2020-01-13T00:00:00+00:00,2020-01-14T00:00:00+00:00,Sandhill: Virginia Beach,Sandhill,Virginia Beach,standard,1,1,0,1,155.45,155.45
02a9aa94-53c9-11ea-9333-b88a60e194fb,KYM-BCIL,orderid:807393,crmid:2456946138,2020-01-13T10:23:28.000Z,service desk,prd1105,1581157408,1581589408,2020-02-08T10:23:28+00:00,2020-02-13T10:23:28+00:00,Admiralty Plaza: Barcelona,Admiralty Plaza,Barcelona,standard,1,1,0,5,166.21,831.05
02ab5868-53c9-11ea-87b6-b88a60e194fb,DKO-4J9Z,orderid:403530,crmid:6636601363,2020-02-06T08:13:04.000Z,call center,prd1055,1581322384,1581408784,2020-02-10T08:13:04+00:00,2020-02-11T08:13:04+00:00,Nesting Box Inn: Bakersfield,Nesting Box Inn,Bakersfield,standard,1,1,0,1,65.89,65.89
02ac91b6-53c9-11ea-8210-b88a60e194fb,AFH-N2S3,orderid:107318,crmid:1525717351,2020-02-16T01:16:24.000Z,kiosk,prd1008,1581902184,1582161384,2020-02-17T01:16:24+00:00,2020-02-20T01:16:24+00:00,Repose Resort: Philadelphia,Repose Resort,Philadelphia,standard,1,1,0,3,132.07,396.21
02adf11c-53c9-11ea-828f-b88a60e194fb,DGG-YIQL,orderid:627737,crmid:9303411146,2020-01-11T21:27:00.000Z,kiosk,prd1093,1579469220,1580160420,2020-01-19T21:27:00+00:00,2020-01-27T21:27:00+00:00,Admiralty Plaza: Yokohama,Admiralty Plaza,Yokohama,standard,1,1,0,8,99.01,792.08
02af28dc-53c9-11ea-8485-b88a60e194fb,L8Y-NBJF,orderid:710623,crmid:8795768970,2019-12-14T08:52:42.000Z,website,prd1112,1576918362,1577523162,2019-12-21T08:52:42+00:00,2019-12-28T08:52:42+00:00,Aspen Heights: Birmingham,Aspen Heights,Birmingham,standard,1,1,0,7,134.56,941.92
02b0af6c-53c9-11ea-a5c4-b88a60e194fb,4PL-JXLO,orderid:118154,crmid:5855456148,2020-02-13T07:35:42.000Z,website,prd1001,1583652942,1584084942,2020-03-08T07:35:42+00:00,2020-03-13T07:35:42+00:00,Grandeur Hotels: New York,Grandeur Hotels,New York,standard,1,1,0,5,101.32,506.6
02b20f34-53c9-11ea-8383-b88a60e194fb,QU6-8H7P,orderid:329192,crmid:2668368231,2020-01-25T16:46:53.000Z,kiosk,prd1010,1581439613,1582908413,2020-02-11T16:46:53+00:00,2020-02-28T16:46:53+00:00,Blue Reef Resort: San Diego,Blue Reef Resort,San Diego,standard,1,1,3,17,94.93,1613.81
02b347a6-53c9-11ea-8438-b88a60e194fb,M66-CQPZ,orderid:250809,crmid:9275528336,2020-02-02T06:58:45.000Z,mobile,prd1090,1580972325,1581058725,2020-02-06T06:58:45+00:00,2020-02-07T06:58:45+00:00,Sego Lily Suites: Giza,Sego Lily Suites,Giza,standard,1,1,0,1,157.94,157.94
02b36eba-53c9-11ea-b63a-b88a60e194fb,UFZ-EFBE,orderid:877713,crmid:9275528336,2020-02-09T00:00:00.000Z,call center,prd1110,1581292800,1581552000,2020-02-10T00:00:00+00:00,2020-02-13T00:00:00+00:00,Restful Nights: Sofia,Restful Nights,Sofia,premium,1,1,0,3,147.21,441.63
02b4a706-53c9-11ea-a6b9-b88a60e194fb,NS9-PBBE,orderid:825817,crmid:8523257957,2020-01-12T06:30:49.000Z,kiosk,prd1069,1579329049,1579588249,2020-01-18T06:30:49+00:00,2020-01-21T06:30:49+00:00,Admiralty Plaza: Singapore,Admiralty Plaza,Singapore,standard,1,1,0,3,102.02,306.06
02b5dfb6-53c9-11ea-ace2-b88a60e194fb,NXN-ZZOG,orderid:754513,crmid:1368120327,2020-01-14T17:35:29.000Z,call center,prd1094,1581269729,1581528929,2020-02-09T17:35:29+00:00,2020-02-12T17:35:29+00:00,Blue Reef Resort: Berlin,Blue Reef Resort,Berlin,presidential-suite,1,1,1,3,922.96,2768.88
02b76636-53c9-11ea-a5ac-b88a60e194fb,RT2-UR3H,orderid:453554,crmid:8941707736,2020-02-06T05:08:17.000Z,website,prd1059,1583212097,1583903297,2020-03-03T05:08:17+00:00,2020-03-11T05:08:17+00:00,Hospitality Inn: Kinshasa,Hospitality Inn,Kinshasa,ultra-luxury,1,1,0,8,364.9,2919.2
02bb36da-53c9-11ea-8fe3-b88a60e194fb,6WJ-EQUL,orderid:408717,crmid:6756468973,2020-01-26T05:38:48.000Z,website,prd1172,1582436328,1583041128,2020-02-23T05:38:48+00:00,2020-03-01T05:38:48+00:00,Aspen Heights: Mesa,Aspen Heights,Mesa,luxury,1,1,0,7,306.1,2142.7
02bc967a-53c9-11ea-a239-b88a60e194fb,ALC-7X4L,orderid:137427,crmid:7503794119,2019-12-13T06:18:46.000Z,service desk,prd1177,1576304326,1576477126,2019-12-14T06:18:46+00:00,2019-12-16T06:18:46+00:00,Admiralty Plaza: Raleigh,Admiralty Plaza,Raleigh,ultra-luxury,1,1,0,2,329.85,659.7
02bdf5cc-53c9-11ea-a2eb-b88a60e194fb,2TJ-VRDJ,orderid:163308,crmid:9132342067,2020-02-01T16:53:38.000Z,kiosk,prd1196,1580835218,1581008018,2020-02-04T16:53:38+00:00,2020-02-06T16:53:38+00:00,Aspen Heights: Moscow,Aspen Heights,Moscow,standard,1,1,0,2,143.59,287.18
02bf559c-53c9-11ea-bbc8-b88a60e194fb,ZTO-EC8R,orderid:623279,crmid:1638437878,2020-01-20T17:45:52.000Z,kiosk,prd1153,1579887952,1580319952,2020-01-24T17:45:52+00:00,2020-01-29T17:45:52+00:00,Admiralty Plaza: Charlotte,Admiralty Plaza,Charlotte,standard,1,1,0,5,118.13,590.65
02c08e02-53c9-11ea-bcc6-b88a60e194fb,S26-XJRI,orderid:694125,crmid:4686298316,2019-12-28T08:33:44.000Z,call center,prd1126,1577694824,1578126824,2019-12-30T08:33:44+00:00,2020-01-04T08:33:44+00:00,Sego Lily Suites: Genova,Sego Lily Suites,Genova,standard,1,1,0,5,169.41,847.05
02c1c680-53c9-11ea-a3a6-b88a60e194fb,BCI-8O1Y,orderid:859335,crmid:9495567842,2020-01-17T02:33:14.000Z,mobile,prd1164,1581388394,1581906794,2020-02-11T02:33:14+00:00,2020-02-17T02:33:14+00:00,Repose Resort: Las Vegas,Repose Resort,Las Vegas,standard,1,1,2,6,164.27,985.62
02c2ff00-53c9-11ea-b97d-b88a60e194fb,C6P-AITY,orderid:146060,crmid:8428341193,2020-01-11T08:05:16.000Z,call center,prd1165,1579161916,1579334716,2020-01-16T08:05:16+00:00,2020-01-18T08:05:16+00:00,Admiralty Plaza: Louisville,Admiralty Plaza,Louisville,standard,1,1,0,2,111.0,222.0
02c485ac-53c9-11ea-965e-b88a60e194fb,EEB-BPH6,orderid:323523,crmid:1599092057,2020-02-12T14:41:41.000Z,website,prd1131,1583419301,1583678501,2020-03-05T14:41:41+00:00,2020-03-08T14:41:41+00:00,Hospitality Inn: Sheffield,Hospitality Inn,Sheffield,standard,1,1,0,3,100.71,302.13
02c5e536-53c9-11ea-9724-b88a60e194fb,EDN-YOZL,orderid:520270,crmid:9334131291,2019-12-09T09:59:27.000Z,website,prd1050,1577440767,1578131967,2019-12-27T09:59:27+00:00,2020-01-04T09:59:27+00:00,Restful Nights: Arlington,Restful Nights,Arlington,standard,1,1,0,8,162.13,1297.04
02c7e102-53c9-11ea-bc3c-b88a60e194fb,AS8-BANK,orderid:674884,crmid:7405914628,2020-01-15T23:34:12.000Z,mobile,prd1136,1580427252,1580859252,2020-01-30T23:34:12+00:00,2020-02-04T23:34:12+00:00,Aspen Heights: Osaka,Aspen Heights,Osaka,premium,1,1,0,5,161.95,809.75
02ca2af6-53c9-11ea-a4d9-b88a60e194fb,WJH-2IDN,orderid:762882,crmid:3149536439,2020-01-30T01:39:50.000Z,kiosk,prd1023,1582249190,1583458790,2020-02-21T01:39:50+00:00,2020-03-06T01:39:50+00:00,Hospitality Inn: Boston,Hospitality Inn,Boston,standard,1,1,3,14,113.5,1589.0
02cbd898-53c9-11ea-aa68-b88a60e194fb,V8D-FVLQ,orderid:717551,crmid:6795471338,2020-01-11T09:48:16.000Z,website,prd1052,1580809696,1580982496,2020-02-04T09:48:16+00:00,2020-02-06T09:48:16+00:00,Aspen Heights: Wichita,Aspen Heights,Wichita,standard,1,1,0,2,175.92,351.84
02cd381c-53c9-11ea-bac5-b88a60e194fb,MGS-RGNS,orderid:905596,crmid:3146617460,2019-12-17T07:38:05.000Z,call center,prd1027,1578901085,1579333085,2020-01-13T07:38:05+00:00,2020-01-18T07:38:05+00:00,Family Fun Hotels: Memphis,Family Fun Hotels,Memphis,standard,1,1,1,5,132.91,664.55
02cf0cee-53c9-11ea-85f4-b88a60e194fb,KGP-CDMQ,orderid:810645,crmid:2812398805,2020-02-14T17:27:00.000Z,kiosk,prd1148,1583170020,1583861220,2020-03-02T17:27:00+00:00,2020-03-10T17:27:00+00:00,Aspen Heights: Jacksonville,Aspen Heights,Jacksonville,standard,1,1,0,8,138.37,1106.96
02d2686e-53c9-11ea-8aa2-b88a60e194fb,ONM-MFQZ,orderid:125152,crmid:6788640544,2020-01-25T21:17:02.000Z,website,prd1109,1582319822,1582492622,2020-02-21T21:17:02+00:00,2020-02-23T21:17:02+00:00,Grandeur Hotels: Belgrade,Grandeur Hotels,Belgrade,standard,1,1,4,2,175.89,351.78
02d43cf8-53c9-11ea-9c66-b88a60e194fb,WIX-YQXL,orderid:691702,crmid:3365848300,2020-01-25T05:04:33.000Z,call center,prd1159,1580101473,1580447073,2020-01-27T05:04:33+00:00,2020-01-31T05:04:33+00:00,Family Fun Hotels: Detroit,Family Fun Hotels,Detroit,standard,1,1,0,4,145.21,580.84
02d5c3ae-53c9-11ea-8701-b88a60e194fb,RBW-TJXT,orderid:666629,crmid:7772729974,2020-01-27T00:11:46.000Z,website,prd1148,1580170306,1581034306,2020-01-28T00:11:46+00:00,2020-02-07T00:11:46+00:00,Aspen Heights: Jacksonville,Aspen Heights,Jacksonville,premium,1,1,4,10,111.46,1114.6
02d74a3a-53c9-11ea-82d4-b88a60e194fb,63G-27RP,orderid:325094,crmid:2842398990,2019-12-03T16:22:58.000Z,website,prd1135,1576945378,1578068578,2019-12-21T16:22:58+00:00,2020-01-03T16:22:58+00:00,Family Fun Hotels: Vancouver,Family Fun Hotels,Vancouver,standard,1,1,0,13,146.18,1900.34
02d8d0f4-53c9-11ea-8336-b88a60e194fb,HP7-DYA3,orderid:725439,crmid:9621377978,2019-12-14T15:24:01.000Z,website,prd1037,1578410641,1579533841,2020-01-07T15:24:01+00:00,2020-01-20T15:24:01+00:00,Grandeur Hotels: Sacramento,Grandeur Hotels,Sacramento,standard,1,1,2,13,158.27,2057.51
02da3068-53c9-11ea-bc59-b88a60e194fb,Z1I-DYYH,orderid:355365,crmid:9592661775,2019-12-03T06:15:06.000Z,website,prd1158,1577686506,1578032106,2019-12-30T06:15:06+00:00,2020-01-03T06:15:06+00:00,Restful Nights: El Paso,Restful Nights,El Paso,premium,1,1,2,4,145.63,582.52
02dbb71e-53c9-11ea-8d1d-b88a60e194fb,YFI-ZQO6,orderid:900873,crmid:8298673580,2019-12-24T21:09:56.000Z,kiosk,prd1020,1577480996,1577653796,2019-12-27T21:09:56+00:00,2019-12-29T21:09:56+00:00,Repose Resort: Seattle,Repose Resort,Seattle,standard,1,1,0,2,181.17,362.34
02dd655c-53c9-11ea-ae56-b88a60e194fb,NRZ-USFQ,orderid:829596,crmid:1219065706,2019-12-23T00:23:19.000Z,kiosk,prd1011,1577751799,1578442999,2019-12-31T00:23:19+00:00,2020-01-08T00:23:19+00:00,Hospitality Inn: Dallas,Hospitality Inn,Dallas,premium,1,1,0,8,116.63,933.04
02deeb62-53c9-11ea-9739-b88a60e194fb,06L-IDQL,orderid:325172,crmid:1189817059,2019-12-23T04:27:20.000Z,kiosk,prd1093,1578630440,1579408040,2020-01-10T04:27:20+00:00,2020-01-19T04:27:20+00:00,Admiralty Plaza: Yokohama,Admiralty Plaza,Yokohama,standard,1,1,0,9,64.67,582.03
02e04af4-53c9-11ea-942e-b88a60e194fb,CTI-Y0JB,orderid:276072,crmid:9023999892,2020-02-08T19:42:37.000Z,call center,prd1110,1582918957,1583178157,2020-02-28T19:42:37+00:00,2020-03-02T19:42:37+00:00,Restful Nights: Sofia,Restful Nights,Sofia,standard,1,1,0,3,153.03,459.09
02e1d1ae-53c9-11ea-8ba2-b88a60e194fb,JNG-WVFW,orderid:944363,crmid:9741881094,2019-12-06T15:57:20.000Z,call center,prd1165,1575734240,1575993440,2019-12-07T15:57:20+00:00,2019-12-10T15:57:20+00:00,Admiralty Plaza: Louisville,Admiralty Plaza,Louisville,standard,1,1,0,3,160.35,481.05
02e33128-53c9-11ea-893b-b88a60e194fb,XA8-FR7B,orderid:844042,crmid:7638547568,2019-12-22T08:39:25.000Z,kiosk,prd1155,1577608765,1577781565,2019-12-29T08:39:25+00:00,2019-12-31T08:39:25+00:00,Hospitality Inn: Denver,Hospitality Inn,Denver,standard,1,1,0,2,142.77,285.54
02e490b8-53c9-11ea-a2d1-b88a60e194fb,85O-JU3I,orderid:954503,crmid:6321571350,2019-12-20T19:27:33.000Z,call center,prd1128,1577388453,1578338853,2019-12-26T19:27:33+00:00,2020-01-06T19:27:33+00:00,Repose Resort: Rotterdam,Repose Resort,Rotterdam,standard,1,1,0,11,148.95,1638.45
02e5c928-53c9-11ea-836d-b88a60e194fb,9ZR-KGVL,orderid:894088,crmid:7119643983,2020-01-13T05:54:44.000Z,mobile,prd1082,1581141284,1581400484,2020-02-08T05:54:44+00:00,2020-02-11T05:54:44+00:00,Blue Reef Resort: Surat,Blue Reef Resort,Surat,standard,1,1,0,3,153.27,459.81
02e701b6-53c9-11ea-8cc0-b88a60e194fb,OH6-NFDV,orderid:272076,crmid:5249836166,2020-01-31T02:24:38.000Z,service desk,prd1153,1582511078,1583979878,2020-02-24T02:24:38+00:00,2020-03-12T02:24:38+00:00,Admiralty Plaza: Charlotte,Admiralty Plaza,Charlotte,presidential-suite,1,1,0,17,828.02,14076.34
02e81314-53c9-11ea-b703-b88a60e194fb,OZD-P7VN,orderid:581908,crmid:6184698712,2020-02-14T13:31:29.000Z,call center,prd1189,1581859889,1581946289,2020-02-16T13:31:29+00:00,2020-02-17T13:31:29+00:00,Admiralty Plaza: Bakersfield,Admiralty Plaza,Bakersfield,standard,1,1,0,1,150.44,150.44
02e94b94-53c9-11ea-ba45-b88a60e194fb,7WC-RMXI,orderid:937906,crmid:7911115303,2019-12-19T14:55:09.000Z,mobile,prd1064,1578840909,1579186509,2020-01-12T14:55:09+00:00,2020-01-16T14:55:09+00:00,Aspen Heights: Paris,Aspen Heights,Paris,standard,1,1,1,4,160.12,640.48
02eaab34-53c9-11ea-8bca-b88a60e194fb,8SO-9VZF,orderid:146710,crmid:1512928316,2020-01-30T23:57:51.000Z,kiosk,prd1194,1581033471,1582070271,2020-02-06T23:57:51+00:00,2020-02-18T23:57:51+00:00,Restful Nights: Tianjin,Restful Nights,Tianjin,standard,1,1,0,12,164.79,1977.48
02eb959e-53c9-11ea-88ee-b88a60e194fb,IJG-H03D,orderid:608869,crmid:8176183965,2020-01-30T21:56:35.000Z,website,prd1009,1580853395,1581026195,2020-02-04T21:56:35+00:00,2020-02-06T21:56:35+00:00,Admiralty Plaza: San Antonio,Admiralty Plaza,San Antonio,standard,1,1,0,2,122.62,245.24
02ec7ffe-53c9-11ea-be84-b88a60e194fb,ZA5-AW25,orderid:143327,crmid:5990189746,2019-12-07T17:06:57.000Z,call center,prd1071,1577812017,1578503217,2019-12-31T17:06:57+00:00,2020-01-08T17:06:57+00:00,Hospitality Inn: Seoul,Hospitality Inn,Seoul,standard,1,1,0,8,175.83,1406.64
02ed6a5e-53c9-11ea-8ce4-b88a60e194fb,NLR-MJSR,orderid:558160,crmid:6712478701,2020-01-23T19:35:03.000Z,kiosk,prd1147,1582400103,1582832103,2020-02-22T19:35:03+00:00,2020-02-27T19:35:03+00:00,Family Fun Hotels: Austin,Family Fun Hotels,Austin,standard,1,1,0,5,177.06,885.3
02ee7bd8-53c9-11ea-b5df-b88a60e194fb,Z1J-DSNH,orderid:638435,crmid:9100158969,2019-12-18T22:59:40.000Z,service desk,prd1145,1578697180,1579820380,2020-01-10T22:59:40+00:00,2020-01-23T22:59:40+00:00,Grandeur Hotels: Dallas,Grandeur Hotels,Dallas,standard,1,1,0,13,124.19,1614.47
02ef662e-53c9-11ea-8575-b88a60e194fb,BHR-4HJ7,orderid:176236,crmid:7113188533,2020-02-13T18:42:59.000Z,kiosk,prd1092,1581705779,1581878579,2020-02-14T18:42:59+00:00,2020-02-16T18:42:59+00:00,Repose Resort: Cape Town,Repose Resort,Cape Town,standard,1,1,0,2,183.11,366.22
02ef662f-53c9-11ea-988f-b88a60e194fb,TNL-QGM3,orderid:433758,crmid:7113188533,2020-02-18T00:00:00.000Z,website,prd1149,1582070400,1582156800,2020-02-19T00:00:00+00:00,2020-02-20T00:00:00+00:00,Sapphire Suites: San Francisco,Sapphire Suites,San Francisco,luxury,1,1,0,1,338.33,338.33
02f077a2-53c9-11ea-866f-b88a60e194fb,HTB-JUH4,orderid:637775,crmid:5046115750,2020-01-08T21:36:52.000Z,website,prd1004,1580247412,1580765812,2020-01-28T21:36:52+00:00,2020-02-03T21:36:52+00:00,Aspen Heights: Boulder,Aspen Heights,Boulder,ultra-luxury,1,1,0,6,323.91,1943.46
02f13c12-53c9-11ea-b994-b88a60e194fb,OQL-TTX0,orderid:501429,crmid:8614983321,2019-12-01T14:00:10.000Z,kiosk,prd1093,1575295210,1575381610,2019-12-02T14:00:10+00:00,2019-12-03T14:00:10+00:00,Admiralty Plaza: Yokohama,Admiralty Plaza,Yokohama,premium,1,1,0,1,154.69,154.69
02f273c6-53c9-11ea-87df-b88a60e194fb,UEL-ULYE,orderid:693709,crmid:3644701473,2020-01-26T07:45:37.000Z,kiosk,prd1057,1580543137,1580802337,2020-02-01T07:45:37+00:00,2020-02-04T07:45:37+00:00,Admiralty Plaza: Mumbai,Admiralty Plaza,Mumbai,premium,1,1,0,3,161.35,484.05
02f35f38-53c9-11ea-98fb-b88a60e194fb,DUM-KGNC,orderid:138603,crmid:3521812500,2020-01-21T06:04:33.000Z,kiosk,prd1052,1579673073,1579845873,2020-01-22T06:04:33+00:00,2020-01-24T06:04:33+00:00,Aspen Heights: Wichita,Aspen Heights,Wichita,premium,1,1,0,2,109.7,219.4
02f47098-53c9-11ea-935e-b88a60e194fb,NJ2-KPUI,orderid:568100,crmid:3772416443,2019-12-05T02:25:45.000Z,kiosk,prd1177,1575599145,1575771945,2019-12-06T02:25:45+00:00,2019-12-08T02:25:45+00:00,Admiralty Plaza: Raleigh,Admiralty Plaza,Raleigh,standard,1,1,0,2,144.66,289.32
02f7a51e-53c9-11ea-9fc1-b88a60e194fb,JZJ-9WDZ,orderid:898478,crmid:3907785977,2020-01-07T08:25:09.000Z,mobile,prd1189,1578471909,1578644709,2020-01-08T08:25:09+00:00,2020-01-10T08:25:09+00:00,Admiralty Plaza: Bakersfield,Admiralty Plaza,Bakersfield,standard,1,1,0,2,127.39,254.78
02f8b568-53c9-11ea-b810-b88a60e194fb,B94-SELO,orderid:161110,crmid:1777756905,2020-01-14T16:01:55.000Z,kiosk,prd1163,1581436915,1582214515,2020-02-11T16:01:55+00:00,2020-02-20T16:01:55+00:00,Nesting Box Inn: Oklahoma City,Nesting Box Inn,Oklahoma City,ultra-luxury,1,1,0,9,387.44,3486.96
02f9a0c2-53c9-11ea-88aa-b88a60e194fb,RPO-OPCR,orderid:318551,crmid:8558796777,2019-12-19T01:28:37.000Z,mobile,prd1124,1577323717,1577928517,2019-12-26T01:28:37+00:00,2020-01-02T01:28:37+00:00,Aspen Heights: Leeds,Aspen Heights,Leeds,standard,1,1,0,7,137.45,962.15
02fab224-53c9-11ea-9a36-b88a60e194fb,ZRX-Z9FS,orderid:633831,crmid:2105941635,2019-12-11T17:43:04.000Z,call center,prd1047,1578246184,1579110184,2020-01-05T17:43:04+00:00,2020-01-15T17:43:04+00:00,Hospitality Inn: Oakland,Hospitality Inn,Oakland,standard,1,1,2,10,180.67,1806.7
02fbc38c-53c9-11ea-8f99-b88a60e194fb,PHQ-RVE4,orderid:206813,crmid:1621774725,2019-12-14T01:23:55.000Z,website,prd1161,1578619435,1579224235,2020-01-10T01:23:55+00:00,2020-01-17T01:23:55+00:00,Sapphire Suites: Memphis,Sapphire Suites,Memphis,standard,1,1,0,7,133.99,937.93
02fcd55c-53c9-11ea-9b4c-b88a60e194fb,FYN-IUTZ,orderid:734196,crmid:3859964384,2020-01-17T10:07:37.000Z,kiosk,prd1127,1581329257,1581588457,2020-02-10T10:07:37+00:00,2020-02-13T10:07:37+00:00,Nesting Box Inn: Glasgow,Nesting Box Inn,Glasgow,standard,1,1,0,3,120.87,362.61
02fdbf6e-53c9-11ea-85d0-b88a60e194fb,0OT-VG9Y,orderid:423184,crmid:1072102405,2020-02-15T15:27:25.000Z,mobile,prd1109,1582126045,1582298845,2020-02-19T15:27:25+00:00,2020-02-21T15:27:25+00:00,Grandeur Hotels: Belgrade,Grandeur Hotels,Belgrade,standard,1,1,0,2,89.46,178.92
02fea9ca-53c9-11ea-a46f-b88a60e194fb,DPW-ALWE,orderid:693544,crmid:3604811105,2019-12-21T03:47:27.000Z,kiosk,prd1175,1577418447,1577504847,2019-12-27T03:47:27+00:00,2019-12-28T03:47:27+00:00,Nesting Box Inn: Long Beach,Nesting Box Inn,Long Beach,premium,1,1,0,1,149.36,149.36
0300082c-53c9-11ea-8aa8-b88a60e194fb,LEQ-VHKP,orderid:493215,crmid:1822270641,2019-12-11T02:17:02.000Z,kiosk,prd1126,1578104222,1579659422,2020-01-04T02:17:02+00:00,2020-01-22T02:17:02+00:00,Sego Lily Suites: Genova,Sego Lily Suites,Genova,standard,1,1,0,18,118.04,2124.72
0300f3be-53c9-11ea-86ac-b88a60e194fb,YCQ-LNBJ,orderid:797508,crmid:5618354026,2020-01-07T10:23:40.000Z,service desk,prd1165,1580811820,1581503020,2020-02-04T10:23:40+00:00,2020-02-12T10:23:40+00:00,Admiralty Plaza: Louisville,Admiralty Plaza,Louisville,standard,1,1,0,8,152.19,1217.52
03022c58-53c9-11ea-9e65-b88a60e194fb,ELB-1I1W,orderid:169175,crmid:8306235084,2019-12-31T20:35:14.000Z,call center,prd1119,1579552514,1580070914,2020-01-20T20:35:14+00:00,2020-01-26T20:35:14+00:00,Hospitality Inn: Turin,Hospitality Inn,Turin,standard,1,1,2,6,131.44,788.64
0303169a-53c9-11ea-a855-b88a60e194fb,K8E-JWYC,orderid:887746,crmid:7487633532,2020-01-15T23:06:29.000Z,kiosk,prd1056,1580943989,1581635189,2020-02-05T23:06:29+00:00,2020-02-13T23:06:29+00:00,Repose Resort: Aurora,Repose Resort,Aurora,standard,1,1,0,8,165.57,1324.56
0304285a-53c9-11ea-a625-b88a60e194fb,IPH-AWYC,orderid:411904,crmid:4524383694,2020-01-13T20:43:32.000Z,call center,prd1167,1581194612,1581453812,2020-02-08T20:43:32+00:00,2020-02-11T20:43:32+00:00,Hospitality Inn: Milwaukee,Hospitality Inn,Milwaukee,premium,1,1,0,3,146.74,440.22
03051274-53c9-11ea-bf5c-b88a60e194fb,SCG-NSYU,orderid:863436,crmid:1628367524,2020-02-10T15:15:35.000Z,website,prd1106,1583334935,1583939735,2020-03-04T15:15:35+00:00,2020-03-11T15:15:35+00:00,Blue Reef Resort: Munich,Blue Reef Resort,Munich,standard,1,1,0,7,104.34,730.38
030670c8-53c9-11ea-8092-b88a60e194fb,J7O-TTK1,orderid:812618,crmid:9096504911,2019-12-02T09:44:11.000Z,website,prd1104,1577439851,1578131051,2019-12-27T09:44:11+00:00,2020-01-04T09:44:11+00:00,Repose Resort: Warsaw,Repose Resort,Warsaw,standard,1,1,0,8,130.24,1041.92
03078234-53c9-11ea-89b8-b88a60e194fb,KZG-BT9F,orderid:179572,crmid:8405837742,2019-12-23T04:57:42.000Z,website,prd1184,1578977862,1579582662,2020-01-14T04:57:42+00:00,2020-01-21T04:57:42+00:00,Aspen Heights: Arlington,Aspen Heights,Arlington,standard,1,1,0,7,207.79,1454.53
0308ba9c-53c9-11ea-928f-b88a60e194fb,7JV-LSO4,orderid:214410,crmid:2987206005,2020-01-02T00:36:40.000Z,mobile,prd1124,1578098200,1578616600,2020-01-04T00:36:40+00:00,2020-01-10T00:36:40+00:00,Aspen Heights: Leeds,Aspen Heights,Leeds,premium,1,1,0,6,113.47,680.82
030a90ae-53c9-11ea-aae4-b88a60e194fb,PCD-RJUZ,orderid:316575,crmid:7836356914,2019-12-25T10:11:45.000Z,call center,prd1033,1579601505,1580119905,2020-01-21T10:11:45+00:00,2020-01-27T10:11:45+00:00,Admiralty Plaza: Milwaukee,Admiralty Plaza,Milwaukee,premium,1,1,0,6,125.5,753.0
030ba0d2-53c9-11ea-9700-b88a60e194fb,VD1-8AFH,orderid:132542,crmid:8185357923,2019-12-25T13:07:28.000Z,kiosk,prd1040,1579180048,1579352848,2020-01-16T13:07:28+00:00,2020-01-18T13:07:28+00:00,Aspen Heights: Atlanta,Aspen Heights,Atlanta,premium,1,1,0,2,98.68,197.36
