{"_id": "orderid:372254", "timestamp": "2020-02-08T03:53:45.000Z", "eventType": "transaction", "_adobeamericaspot3": {"CRMID": "crmid:2431447464", "orderDetails": {"orderID": "orderid:372254", "reservationid": "NNM-B5OX", "orderType": "mobile", "hotelSKU": "prd1087", "hotelCheckInUnix": "1583121225", "hotelCheckOutUnix": "1583985225", "hotelCheckInTS": "2020-03-02T03:53:45+00:00", "hotelCheckOutTS": "2020-03-12T03:53:45+00:00", "hotelChain": "Family Fun Hotels", "hotelName": "Family Fun Hotels: Kolkata", "hotelLocation": "Kolkata", "hotelRoomType": "standard", "hotelRoomCount": "1", "hotelGuestAdultCount": "1", "hotelGuestChildCount": "0", "hotelNightCount": "10", "hotelRoomPrice": "118.78", "hotelFinalPrice": "1187.8"}}}
{"_id": "orderid:158094", "timestamp": "2020-01-29T19:54:05.000Z", "eventType": "transaction", "_adobeamericaspot3": {"CRMID": "crmid:4465093815", "orderDetails": {"orderID": "orderid:158094", "reservationid": "JTA-XKJT", "orderType": "call center", "hotelSKU": "prd1064", "hotelCheckInUnix": "1582314845", "hotelCheckOutUnix": "1582919645", "hotelCheckInTS": "2020-02-21T19:54:05+00:00", "hotelCheckOutTS": "2020-02-28T19:54:05+00:00", "hotelChain": "Aspen Heights", "hotelName": "Aspen Heights: Paris", "hotelLocation": "Paris", "hotelRoomType": "standard", "hotelRoomCount": "1", "hotelGuestAdultCount": "1", "hotelGuestChildCount": "4", "hotelNightCount": "7", "hotelRoomPrice": "127.36", "hotelFinalPrice": "891.52"}}}
{"_id": "orderid:886807", "timestamp": "2019-12-09T03:28:03.000Z", "eventType": "transaction", "_adobeamericaspot3": {"CRMID": "crmid:2220650369", "orderDetails": {"orderID": "orderid:886807", "reservationid": "QFL-CNAZ", "orderType": "kiosk", "hotelSKU": "prd1057", "hotelCheckInUnix": "1577676483", "hotelCheckOutUnix": "1578194883", "hotelCheckInTS": "2019-12-30T03:28:03+00:00", "hotelCheckOutTS": "2020-01-05T03:28:03+00:00", "hotelChain": "Admiralty Plaza", "hotelName": "Admiralty Plaza: Mumbai", "hotelLocation": "Mumbai", "hotelRoomType": "premium", "hotelRoomCount": "1", "hotelGuestAdultCount": "1", "hotelGuestChildCount": "0", "hotelNightCount": "6", "hotelRoomPrice": "122.51", "hotelFinalPrice": "735.06"}}}
{"_id": "orderid:260306", "timestamp": "2019-12-18T07:59:05.000Z", "eventType": "transaction", "_adobeamericaspot3": {"CRMID": "crmid:3369450755", "orderDetails": {"orderID": "orderid:260306", "reservationid": "3HL-BXZY", "orderType": "website", "hotelSKU": "prd1065", "hotelCheckInUnix": "1576742345", "hotelCheckOutUnix": "1577001545", "hotelCheckInTS": "2019-12-19T07:59:05+00:00", "hotelCheckOutTS": "2019-12-22T07:59:05+00:00", "hotelChain": "Sapphire Suites", "hotelName": "Sapphire Suites: Beijing", "hotelLocation": "Beijing", "hotelRoomType": "standard", "hotelRoomCount": "1", "hotelGuestAdultCount": "1", "hotelGuestChildCount": "0", "hotelNightCount": "3", "hotelRoomPrice": "151.86", "hotelFinalPrice": "455.58"}}}
{"_id": "orderid:210775", "timestamp": "2019-12-07T23:09:43.000Z", "eventType": "transaction", "_adobeamericaspot3": {"CRMID": "crmid:8597949148", "orderDetails": {"orderID": "orderid:210775", "reservationid": "ZLN-I7C3", "orderType": "website", "hotelSKU": "prd1119", "hotelCheckInUnix": "1578179383", "hotelCheckOutUnix": "1578870583", "hotelCheckInTS": "2020-01-04T23:09:43+00:00", "hotelCheckOutTS": "2020-01-12T23:09:43+00:00", "hotelChain": "Hospitality Inn", "hotelName": "Hospitality Inn: Turin", "hotelLocation": "Turin", "hotelRoomType": "standard", "hotelRoomCount": "1", "hotelGuestAdultCount": "1", "hotelGuestChildCount": "2", "hotelNightCount": "8", "hotelRoomPrice": "133.13", "hotelFinalPrice": "1065.04"}}}
{"_id": "orderid:366647", "timestamp": "2020-01-01T09:11:29.000Z", "eventType": "transaction", "_adobeamericaspot3": {"CRMID": "crmid:1276275244", "orderDetails": {"orderID": "orderid:366647", "reservationid": "L6H-64KB", "orderType": "website", "hotelSKU": "prd1079", "hotelCheckInUnix": "1579857089", "hotelCheckOutUnix": "1580116289", "hotelCheckInTS": "2020-01-24T09:11:29+00:00", "hotelCheckOutTS": "2020-01-27T09:11:29+00:00", "hotelChain": "Nesting Box Inn", "hotelName": "Nesting Box Inn: Chennai", "hotelLocation": "Chennai", "hotelRoomType": "standard", "hotelRoomCount": "1", "hotelGuestAdultCount": "1", "hotelGuestChildCount": "0", "hotelNightCount": "3", "hotelRoomPrice": "116.13", "hotelFinalPrice": "348.39"}}}
{"_id": "orderid:491026", "timestamp": "2020-02-09T07:11:13.000Z", "eventType": "transaction", "_adobeamericaspot3": {"CRMID": "crmid:7242254647", "orderDetails": {"orderID": "orderid:491026", "reservationid": "VGJ-GF9W", "orderType": "website", "hotelSKU": "prd1010", "hotelCheckInUnix": "1581318673", "hotelCheckOutUnix": "1581405073", "hotelCheckInTS": "2020-02-10T07:11:13+00:00", "hotelCheckOutTS": "2020-02-11T07:11:13+00:00", "hotelChain": "Blue Reef Resort", "hotelName": "Blue Reef Resort: San Diego", "hotelLocation": "San Diego", "hotelRoomType": "premium", "hotelRoomCount": "1", "hotelGuestAdultCount": "1", "hotelGuestChildCount": "0", "hotelNightCount": "1", "hotelRoomPrice": "122.24", "hotelFinalPrice": "122.24"}}}
{"_id": "orderid:279782", "timestamp": "2019-12-22T23:04:03.000Z", "eventType": "transaction", "_adobeamericaspot3": {"CRMID": "crmid:3140444583", "orderDetails": {"orderID": "orderid:279782", "reservationid": "TUI-CXHQ", "orderType": "call center", "hotelSKU": "prd1190", "hotelCheckInUnix": "1579043043", "hotelCheckOutUnix": "1579734243", "hotelCheckInTS": "2020-01-14T23:04:03+00:00", "hotelCheckOutTS": "2020-01-22T23:04:03+00:00", "hotelChain": "Blue Reef Resort", "hotelName": "Blue Reef Resort: Aurora", "hotelLocation": "Aurora", "hotelRoomType": "standard", "hotelRoomCount": "1", "hotelGuestAdultCount": "1", "hotelGuestChildCount": "3", "hotelNightCount": "8", "hotelRoomPrice": "138.56", "hotelFinalPrice": "1108.48"}}}
{"_id": "orderid:822688", "timestamp": "2019-12-24T02:59:06.000Z", "eventType": "transaction", "_adobeamericaspot3": {"CRMID": "crmid:1750141531", "orderDetails": {"orderID": "orderid:822688", "reservationid": "YRQ-CYR9", "orderType": "kiosk", "hotelSKU": "prd1178", "hotelCheckInUnix": "1577415546", "hotelCheckOutUnix": "1577588346", "hotelCheckInTS": "2019-12-27T02:59:06+00:00", "hotelCheckOutTS": "2019-12-29T02:59:06+00:00", "hotelChain": "Blue Reef Resort", "hotelName": "Blue Reef Resort: Colorado Springs", "hotelLocation": "Colorado Springs", "hotelRoomType": "standard", "hotelRoomCount": "1", "hotelGuestAdultCount": "1", "hotelGuestChildCount": "0", "hotelNightCount": "2", "hotelRoomPrice": "85.97", "hotelFinalPrice": "171.94"}}}
{"_id": "orderid:616559", "timestamp": "2019-12-22T05:47:16.000Z", "eventType": "transaction", "_adobeamericaspot3": {"CRMID": "crmid:7152485948", "orderDetails": {"orderID": "orderid:616559", "reservationid": "NKV-DNV3", "orderType": "website", "hotelSKU": "prd1156", "hotelCheckInUnix": "1579153636", "hotelCheckOutUnix": "1580104036", "hotelCheckInTS": "2020-01-16T05:47:16+00:00", "hotelCheckOutTS": "2020-01-27T05:47:16+00:00", "hotelChain": "Sandhill", "hotelName": "Sandhill: Washington DC", "hotelLocation": "Washington DC", "hotelRoomType": "standard", "hotelRoomCount": "1", "hotelGuestAdultCount": "1", "hotelGuestChildCount": "1", "hotelNightCount": "11", "hotelRoomPrice": "117.75", "hotelFinalPrice": "1295.25"}}}
{"_id": "orderid:181843", "timestamp": "2020-02-03T07:25:28.000Z", "eventType": "transaction", "_adobeamericaspot3": {"CRMID": "crmid:4575029723", "orderDetails": {"orderID": "orderid:181843", "reservationid": "MN7-P325", "orderType": "kiosk", "hotelSKU": "prd1082", "hotelCheckInUnix": "1581405928", "hotelCheckOutUnix": "1582097128", "hotelCheckInTS": "2020-02-11T07:25:28+00:00", "hotelCheckOutTS": "2020-02-19T07:25:28+00:00", "hotelChain": "Blue Reef Resort", "hotelName": "Blue Reef Resort: Surat", "hotelLocation": "Surat", "hotelRoomType": "premium", "hotelRoomCount": "1", "hotelGuestAdultCount": "1", "hotelGuestChildCount": "0", "hotelNightCount": "8", "hotelRoomPrice": "99.39", "hotelFinalPrice": "795.12"}}}
{"_id": "orderid:510431", "timestamp": "2020-01-02T06:52:21.000Z", "eventType": "transaction", "_adobeamericaspot3": {"CRMID": "crmid:9668778315", "orderDetails": {"orderID": "orderid:510431", "reservationid": "RAL-7IOQ", "orderType": "mobile", "hotelSKU": "prd1100", "hotelCheckInUnix": "1579762341", "hotelCheckOutUnix": "1580367141", "hotelCheckInTS": "2020-01-23T06:52:21+00:00", "hotelCheckOutTS": "2020-01-30T06:52:21+00:00", "hotelChain": "Aspen Heights", "hotelName": "Aspen Heights: Misk", "hotelLocation": "Misk", "hotelRoomType": "standard", "hotelRoomCount": "1", "hotelGuestAdultCount": "1", "hotelGuestChildCount": "0", "hotelNightCount": "7", "hotelRoomPrice": "103.73", "hotelFinalPrice": "726.11"}}}
{"_id": "orderid:820532", "timestamp": "2019-12-11T04:12:04.000Z", "eventType": "transaction", "_adobeamericaspot3": {"CRMID": "crmid:7386565515", "orderDetails": {"orderID": "orderid:820532", "reservationid": "EXV-LXL5", "orderType": "website", "hotelSKU": "prd1190", "hotelCheckInUnix": "1578111124", "hotelCheckOutUnix": "1578888724", "hotelCheckInTS": "2020-01-04T04:12:04+00:00", "hotelCheckOutTS": "2020-01-13T04:12:04+00:00", "hotelChain": "Blue Reef Resort", "hotelName": "Blue Reef Resort: Aurora", "hotelLocation": "Aurora", "hotelRoomType": "standard", "hotelRoomCount": "1", "hotelGuestAdultCount": "1", "hotelGuestChildCount": "0", "hotelNightCount": "9", "hotelRoomPrice": "134.05", "hotelFinalPrice": "1206.45"}}}
{"_id": "orderid:748890", "timestamp": "2020-01-25T16:09:40.000Z", "eventType": "transaction", "_adobeamericaspot3": {"CRMID": "crmid:1801305938", "orderDetails": {"orderID": "orderid:748890", "reservationid": "BHV-FUOQ", "orderType": "call center", "hotelSKU": "prd1034", "hotelCheckInUnix": "1581437380", "hotelCheckOutUnix": "1581782980", "hotelCheckInTS": "2020-02-11T16:09:40+00:00", "hotelCheckOutTS": "2020-02-15T16:09:40+00:00", "hotelChain": "Blue Reef Resort", "hotelName": "Blue Reef Resort: Albuquerque", "hotelLocation": "Albuquerque", "hotelRoomType": "standard", "hotelRoomCount": "1", "hotelGuestAdultCount": "1", "hotelGuestChildCount": "0", "hotelNightCount": "4", "hotelRoomPrice": "163.66", "hotelFinalPrice": "654.64"}}}
{"_id": "orderid:931595", "timestamp": "2020-02-12T06:21:46.000Z", "eventType": "transaction", "_adobeamericaspot3": {"CRMID": "crmid:4923892349", "orderDetails": {"orderID": "orderid:931595", "reservationid": "MLB-TNHG", "orderType": "call center", "hotelSKU": "prd1177", "hotelCheckInUnix": "1583389306", "hotelCheckOutUnix": "1584080506", "hotelCheckInTS": "2020-03-05T06:21:46+00:00", "hotelCheckOutTS": "2020-03-13T06:21:46+00:00", "hotelChain": "Admiralty Plaza", "hotelName": "Admiralty Plaza: Raleigh", "hotelLocation": "Raleigh", "hotelRoomType": "standard", "hotelRoomCount": "1", "hotelGuestAdultCount": "1", "hotelGuestChildCount": "0", "hotelNightCount": "8", "hotelRoomPrice": "153.86", "hotelFinalPrice": "1230.88"}}}
{"_id": "orderid:891529", "timestamp": "2019-12-31T18:53:06.000Z", "eventType": "transaction", "_adobeamericaspot3": {"CRMID": "crmid:6982974397", "orderDetails": {"orderID": "orderid:891529", "reservationid": "HWL-80NR", "orderType": "call center", "hotelSKU": "prd1041", "hotelCheckInUnix": "1577904786", "hotelCheckOutUnix": "1578250386", "hotelCheckInTS": "2020-01-01T18:53:06+00:00", "hotelCheckOutTS": "2020-01-05T18:53:06+00:00", "hotelChain": "Sapphire Suites", "hotelName": "Sapphire Suites: Long Beach", "hotelLocation": "Long Beach", "hotelRoomType": "standard", "hotelRoomCount": "1", "hotelGuestAdultCount": "1", "hotelGuestChildCount": "0", "hotelNightCount": "4", "hotelRoomPrice": "144.91", "hotelFinalPrice": "579.64"}}}
{"_id": "orderid:271241", "timestamp": "2019-12-14T21:26:35.000Z", "eventType": "transaction", "_adobeamericaspot3": {"CRMID": "crmid:1514384498", "orderDetails": {"orderID": "orderid:271241", "reservationid": "HEF-QKNK", "orderType": "website", "hotelSKU": "prd1069", "hotelCheckInUnix": "1578086795", "hotelCheckOutUnix": "1578518795", "hotelCheckInTS": "2020-01-03T21:26:35+00:00", "hotelCheckOutTS": "2020-01-08T21:26:35+00:00", "hotelChain": "Admiralty Plaza", "hotelName": "Admiralty Plaza: Singapore", "hotelLocation": "Singapore", "hotelRoomType": "standard", "hotelRoomCount": "1", "hotelGuestAdultCount": "1", "hotelGuestChildCount": "0", "hotelNightCount": "5", "hotelRoomPrice": "114.77", "hotelFinalPrice": "573.85"}}}
{"_id": "orderid:897254", "timestamp": "2019-12-26T17:11:45.000Z", "eventType": "transaction", "_adobeamericaspot3": {"CRMID": "crmid:4177749888", "orderDetails": {"orderID": "orderid:897254", "reservationid": "C7P-AGNY", "orderType": "mobile", "hotelSKU": "prd1004", "hotelCheckInUnix": "1577466705", "hotelCheckOutUnix": "1577725905", "hotelCheckInTS": "2019-12-27T17:11:45+00:00", "hotelCheckOutTS": "2019-12-30T17:11:45+00:00", "hotelChain": "Aspen Heights", "hotelName": "Aspen Heights: Boulder", "hotelLocation": "Boulder", "hotelRoomType": "standard", "hotelRoomCount": "1", "hotelGuestAdultCount": "1", "hotelGuestChildCount": "0", "hotelNightCount": "3", "hotelRoomPrice": "107.68", "hotelFinalPrice": "323.04"}}}
{"_id": "orderid:293266", "timestamp": "2020-01-04T21:44:41.000Z", "eventType": "transaction", "_adobeamericaspot3": {"CRMID": "crmid:7892806177", "orderDetails": {"orderID": "orderid:293266", "reservationid": "GAD-2RF6", "orderType": "kiosk", "hotelSKU": "prd1171", "hotelCheckInUnix": "1580161481", "hotelCheckOutUnix": "1580507081", "hotelCheckInTS": "2020-01-27T21:44:41+00:00", "hotelCheckOutTS": "2020-01-31T21:44:41+00:00", "hotelChain": "Family Fun Hotels", "hotelName": "Family Fun Hotels: Sacramento", "hotelLocation": "Sacramento", "hotelRoomType": "standard", "hotelRoomCount": "1", "hotelGuestAdultCount": "1", "hotelGuestChildCount": "0", "hotelNightCount": "4", "hotelRoomPrice": "143.61", "hotelFinalPrice": "574.44"}}}
{"_id": "orderid:946392", "timestamp": "2020-02-02T17:32:14.000Z", "eventType": "transaction", "_adobeamericaspot3": {"CRMID": "crmid:5031615480", "orderDetails": {"orderID": "orderid:946392", "reservationid": "NNM-KWSD", "orderType": "kiosk", "hotelSKU": "prd1125", "hotelCheckInUnix": "1581096734", "hotelCheckOutUnix": "1581269534", "hotelCheckInTS": "2020-02-07T17:32:14+00:00", "hotelCheckOutTS": "2020-02-09T17:32:14+00:00", "hotelChain": "Sapphire Suites", "hotelName": "Sapphire Suites: Palermo", "hotelLocation": "Palermo", "hotelRoomType": "luxury", "hotelRoomCount": "1", "hotelGuestAdultCount": "1", "hotelGuestChildCount": "0", "hotelNightCount": "2", "hotelRoomPrice": "388.92", "hotelFinalPrice": "777.84"}}}
{"_id": "orderid:162974", "timestamp": "2020-01-03T03:51:11.000Z", "eventType": "transaction", "_adobeamericaspot3": {"CRMID": "crmid:8113226440", "orderDetails": {"orderID": "orderid:162974", "reservationid": "Y9X-MNHH", "orderType": "service desk", "hotelSKU": "prd1113", "hotelCheckInUnix": "1579578671", "hotelCheckOutUnix": "1579751471", "hotelCheckInTS": "2020-01-21T03:51:11+00:00", "hotelCheckOutTS": "2020-01-23T03:51:11+00:00", "hotelChain": "Sapphire Suites", "hotelName": "Sapphire Suites: Kazan", "hotelLocation": "Kazan", "hotelRoomType": "premium", "hotelRoomCount": "1", "hotelGuestAdultCount": "1", "hotelGuestChildCount": "0", "hotelNightCount": "2", "hotelRoomPrice": "167.65", "hotelFinalPrice": "335.3"}}}
{"_id": "orderid:414014", "timestamp": "2019-12-15T10:24:54.000Z", "eventType": "transaction", "_adobeamericaspot3": {"CRMID": "crmid:8995696472", "orderDetails": {"orderID": "orderid:414014", "reservationid": "D46-G3PH", "orderType": "website", "hotelSKU": "prd1027", "hotelCheckInUnix": "1576491894", "hotelCheckOutUnix": "1576664694", "hotelCheckInTS": "2019-12-16T10:24:54+00:00", "hotelCheckOutTS": "2019-12-18T10:24:54+00:00", "hotelChain": "Family Fun Hotels", "hotelName": "Family Fun Hotels: Memphis", "hotelLocation": "Memphis", "hotelRoomType": "standard", "hotelRoomCount": "1", "hotelGuestAdultCount": "1", "hotelGuestChildCount": "0", "hotelNightCount": "2", "hotelRoomPrice": "142.03", "hotelFinalPrice": "284.06"}}}
{"_id": "orderid:982503", "timestamp": "2020-02-01T18:14:45.000Z", "eventType": "transaction", "_adobeamericaspot3": {"CRMID": "crmid:2882955327", "orderDetails": {"orderID": "orderid:982503", "reservationid": "S52-0Y6Y", "orderType": "mobile", "hotelSKU": "prd1046", "hotelCheckInUnix": "1580667285", "hotelCheckOutUnix": "1580926485", "hotelCheckInTS": "2020-02-02T18:14:45+00:00", "hotelCheckOutTS": "2020-02-05T18:14:45+00:00", "hotelChain": "Blue Reef Resort", "hotelName": "Blue Reef Resort: Virginia Beach", "hotelLocation": "Virginia Beach", "hotelRoomType": "standard", "hotelRoomCount": "1", "hotelGuestAdultCount": "1", "hotelGuestChildCount": "0", "hotelNightCount": "3", "hotelRoomPrice": "175.38", "hotelFinalPrice": "526.14"}}}
{"_id": "orderid:320866", "timestamp": "2019-12-31T21:54:06.000Z", "eventType": "transaction", "_adobeamericaspot3": {"CRMID": "crmid:7277426716", "orderDetails": {"orderID": "orderid:320866", "reservationid": "UNJ-ZRRG", "orderType": "mobile", "hotelSKU": "prd1164", "hotelCheckInUnix": "1579298046", "hotelCheckOutUnix": "1579816446", "hotelCheckInTS": "2020-01-17T21:54:06+00:00", "hotelCheckOutTS": "2020-01-23T21:54:06+00:00", "hotelChain": "Repose Resort", "hotelName": "Repose Resort: Las Vegas", "hotelLocation": "Las Vegas", "hotelRoomType": "premium", "hotelRoomCount": "1", "hotelGuestAdultCount": "1", "hotelGuestChildCount": "0", "hotelNightCount": "6", "hotelRoomPrice": "140.74", "hotelFinalPrice": "844.44"}}}
{"_id": "orderid:620049", "timestamp": "2019-12-01T18:58:02.000Z", "eventType": "transaction", "_adobeamericaspot3": {"CRMID": "crmid:6094746229", "orderDetails": {"orderID": "orderid:620049", "reservationid": "CKZ-YSIZ", "orderType": "kiosk", "hotelSKU": "prd1148", "hotelCheckInUnix": "1575831482", "hotelCheckOutUnix": "1576090682", "hotelCheckInTS": "2019-12-08T18:58:02+00:00", "hotelCheckOutTS": "2019-12-11T18:58:02+00:00", "hotelChain": "Aspen Heights", "hotelName": "Aspen Heights: Jacksonville", "hotelLocation": "Jacksonville", "hotelRoomType": "premium", "hotelRoomCount": "1", "hotelGuestAdultCount": "1", "hotelGuestChildCount": "1", "hotelNightCount": "3", "hotelRoomPrice": "132.19", "hotelFinalPrice": "396.57"}}}
{"_id": "orderid:325832", "timestamp": "2019-12-16T22:13:23.000Z", "eventType": "transaction", "_adobeamericaspot3": {"CRMID": "crmid:5557546482", "orderDetails": {"orderID": "orderid:325832", "reservationid": "OSO-TAOF", "orderType": "website", "hotelSKU": "prd1093", "hotelCheckInUnix": "1577657603", "hotelCheckOutUnix": "1578694403", "hotelCheckInTS": "2019-12-29T22:13:23+00:00", "hotelCheckOutTS": "2020-01-10T22:13:23+00:00", "hotelChain": "Admiralty Plaza", "hotelName": "Admiralty Plaza: Yokohama", "hotelLocation": "Yokohama", "hotelRoomType": "premium", "hotelRoomCount": "1", "hotelGuestAdultCount": "1", "hotelGuestChildCount": "3", "hotelNightCount": "12", "hotelRoomPrice": "130.27", "hotelFinalPrice": "1563.24"}}}
{"_id": "orderid:572900", "timestamp": "2019-12-02T09:49:06.000Z", "eventType": "transaction", "_adobeamericaspot3": {"CRMID": "crmid:2233986529", "orderDetails": {"orderID": "orderid:572900", "reservationid": "5TU-VDTK", "orderType": "website", "hotelSKU": "prd1183", "hotelCheckInUnix": "1575452946", "hotelCheckOutUnix": "1575539346", "hotelCheckInTS": "2019-12-04T09:49:06+00:00", "hotelCheckOutTS": "2019-12-05T09:49:06+00:00", "hotelChain": "Family Fun Hotels", "hotelName": "Family Fun Hotels: Tulsa", "hotelLocation": "Tulsa", "hotelRoomType": "luxury", "hotelRoomCount": "1", "hotelGuestAdultCount": "1", "hotelGuestChildCount": "0", "hotelNightCount": "1", "hotelRoomPrice": "358.1", "hotelFinalPrice": "358.1"}}}
{"_id": "orderid:241598", "timestamp": "2019-12-04T02:15:32.000Z", "eventType": "transaction", "_adobeamericaspot3": {"CRMID": "crmid:2205355421", "orderDetails": {"orderID": "orderid:241598", "reservationid": "N0G-L61D", "orderType": "call center", "hotelSKU": "prd1053", "hotelCheckInUnix": "1575684932", "hotelCheckOutUnix": "1576030532", "hotelCheckInTS": "2019-12-07T02:15:32+00:00", "hotelCheckOutTS": "2019-12-11T02:15:32+00:00", "hotelChain": "Sapphire Suites", "hotelName": "Sapphire Suites: Cleveland", "hotelLocation": "Cleveland", "hotelRoomType": "standard", "hotelRoomCount": "1", "hotelGuestAdultCount": "1", "hotelGuestChildCount": "0", "hotelNightCount": "4", "hotelRoomPrice": "159.08", "hotelFinalPrice": "636.32"}}}
{"_id": "orderid:832083", "timestamp": "2020-01-13T14:01:14.000Z", "eventType": "transaction", "_adobeamericaspot3": {"CRMID": "crmid:5717561409", "orderDetails": {"orderID": "orderid:832083", "reservationid": "ZD8-3XKM", "orderType": "mobile", "hotelSKU": "prd1148", "hotelCheckInUnix": "1580652074", "hotelCheckOutUnix": "1581343274", "hotelCheckInTS": "2020-02-02T14:01:14+00:00", "hotelCheckOutTS": "2020-02-10T14:01:14+00:00", "hotelChain": "Aspen Heights", "hotelName": "Aspen Heights: Jacksonville", "hotelLocation": "Jacksonville", "hotelRoomType": "standard", "hotelRoomCount": "1", "hotelGuestAdultCount": "1", "hotelGuestChildCount": "0", "hotelNightCount": "8", "hotelRoomPrice": "156.41", "hotelFinalPrice": "1251.28"}}}
{"_id": "orderid:826543", "timestamp": "2020-01-19T06:53:50.000Z", "eventType": "transaction", "_adobeamericaspot3": {"CRMID": "crmid:2918820856", "orderDetails": {"orderID": "orderid:826543", "reservationid": "DWU-N3E2", "orderType": "kiosk", "hotelSKU": "prd1184", "hotelCheckInUnix": "1581231230", "hotelCheckOutUnix": "1581663230", "hotelCheckInTS": "2020-02-09T06:53:50+00:00", "hotelCheckOutTS": "2020-02-14T06:53:50+00:00", "hotelChain": "Aspen Heights", "hotelName": "Aspen Heights: Arlington", "hotelLocation": "Arlington", "hotelRoomType": "standard", "hotelRoomCount": "1", "hotelGuestAdultCount": "1", "hotelGuestChildCount": "0", "hotelNightCount": "5", "hotelRoomPrice": "143.73", "hotelFinalPrice": "718.65"}}}
{"_id": "orderid:768511", "timestamp": "2019-12-24T01:19:18.000Z", "eventType": "transaction", "_adobeamericaspot3": {"CRMID": "crmid:7009954933", "orderDetails": {"orderID": "orderid:768511", "reservationid": "XYX-8XIE", "orderType": "website", "hotelSKU": "prd1057", "hotelCheckInUnix": "1579223958", "hotelCheckOutUnix": "1579483158", "hotelCheckInTS": "2020-01-17T01:19:18+00:00", "hotelCheckOutTS": "2020-01-20T01:19:18+00:00", "hotelChain": "Admiralty Plaza", "hotelName": "Admiralty Plaza: Mumbai", "hotelLocation": "Mumbai", "hotelRoomType": "premium", "hotelRoomCount": "1", "hotelGuestAdultCount": "1", "hotelGuestChildCount": "0", "hotelNightCount": "3", "hotelRoomPrice": "157.96", "hotelFinalPrice": "473.88"}}}
{"_id": "orderid:823969", "timestamp": "2020-01-16T16:57:51.000Z", "eventType": "transaction", "_adobeamericaspot3": {"CRMID": "crmid:5293655043", "orderDetails": {"orderID": "orderid:823969", "reservationid": "9OX-XECJ", "orderType": "call center", "hotelSKU": "prd1035", "hotelCheckInUnix": "1579539471", "hotelCheckOutUnix": "1580403471", "hotelCheckInTS": "2020-01-20T16:57:51+00:00", "hotelCheckOutTS": "2020-01-30T16:57:51+00:00", "hotelChain": "Hospitality Inn", "hotelName": "Hospitality Inn: Tucson", "hotelLocation": "Tucson", "hotelRoomType": "standard", "hotelRoomCount": "1", "hotelGuestAdultCount": "1", "hotelGuestChildCount": "0", "hotelNightCount": "10", "hotelRoomPrice": "155.54", "hotelFinalPrice": "1555.4"}}}
{"_id": "orderid:447537", "timestamp": "2020-02-14T20:53:50.000Z", "eventType": "transaction", "_adobeamericaspot3": {"CRMID": "crmid:1364334021", "orderDetails": {"orderID": "orderid:447537", "reservationid": "SAI-W9B4", "orderType": "website", "hotelSKU": "prd1043", "hotelCheckInUnix": "1581800030", "hotelCheckOutUnix": "1581972830", "hotelCheckInTS": "2020-02-15T20:53:50+00:00", "hotelCheckOutTS": "2020-02-17T20:53:50+00:00", "hotelChain": "Nesting Box Inn", "hotelName": "Nesting Box Inn: Raleigh", "hotelLocation": "Raleigh", "hotelRoomType": "premium", "hotelRoomCount": "1", "hotelGuestAdultCount": "1", "hotelGuestChildCount": "0", "hotelNightCount": "2", "hotelRoomPrice": "133.3", "hotelFinalPrice": "266.6"}}}
{"_id": "orderid:422136", "timestamp": "2020-01-07T06:45:06.000Z", "eventType": "transaction", "_adobeamericaspot3": {"CRMID": "crmid:4104779241", "orderDetails": {"orderID": "orderid:422136", "reservationid": "RYS-V9YP", "orderType": "service desk", "hotelSKU": "prd1091", "hotelCheckInUnix": "1580280306", "hotelCheckOutUnix": "1580885106", "hotelCheckInTS": "2020-01-29T06:45:06+00:00", "hotelCheckOutTS": "2020-02-05T06:45:06+00:00", "hotelChain": "Nesting Box Inn", "hotelName": "Nesting Box Inn: New Taipei", "hotelLocation": "New Taipei", "hotelRoomType": "standard", "hotelRoomCount": "1", "hotelGuestAdultCount": "1", "hotelGuestChildCount": "0", "hotelNightCount": "7", "hotelRoomPrice": "170.9", "hotelFinalPrice": "1196.3"}}}
{"_id": "orderid:296183", "timestamp": "2019-12-12T09:57:21.000Z", "eventType": "transaction", "_adobeamericaspot3": {"CRMID": "crmid:3256506643", "orderDetails": {"orderID": "orderid:296183", "reservationid": "EZM-LIFV", "orderType": "call center", "hotelSKU": "prd1117", "hotelCheckInUnix": "1578304641", "hotelCheckOutUnix": "1579946241", "hotelCheckInTS": "2020-01-06T09:57:21+00:00", "hotelCheckOutTS": "2020-01-25T09:57:21+00:00", "hotelChain": "Admiralty Plaza", "hotelName": "Admiralty Plaza: Dublin", "hotelLocation": "Dublin", "hotelRoomType": "standard", "hotelRoomCount": "1", "hotelGuestAdultCount": "1", "hotelGuestChildCount": "3", "hotelNightCount": "19", "hotelRoomPrice": "100.01", "hotelFinalPrice": "1900.19"}}}
{"_id": "orderid:569563", "timestamp": "2020-01-01T16:36:19.000Z", "eventType": "transaction", "_adobeamericaspot3": {"CRMID": "crmid:3967910666", "orderDetails": {"orderID": "orderid:569563", "reservationid": "25Z-FIVH", "orderType": "call center", "hotelSKU": "prd1070", "hotelCheckInUnix": "1577982979", "hotelCheckOutUnix": "1578069379", "hotelCheckInTS": "2020-01-02T16:36:19+00:00", "hotelCheckOutTS": "2020-01-03T16:36:19+00:00", "hotelChain": "Blue Reef Resort", "hotelName": "Blue Reef Resort: Jakarta", "hotelLocation": "Jakarta", "hotelRoomType": "premium", "hotelRoomCount": "1", "hotelGuestAdultCount": "1", "hotelGuestChildCount": "0", "hotelNightCount": "1", "hotelRoomPrice": "131.45", "hotelFinalPrice": "131.45"}}}
{"_id": "orderid:680399", "timestamp": "2019-12-31T17:09:11.000Z", "eventType": "transaction", "_adobeamericaspot3": {"CRMID": "crmid:1944495103", "orderDetails": {"orderID": "orderid:680399", "reservationid": "F3M-8PCA", "orderType": "mobile", "hotelSKU": "prd1033", "hotelCheckInUnix": "1577984951", "hotelCheckOutUnix": "1578071351", "hotelCheckInTS": "2020-01-02T17:09:11+00:00", "hotelCheckOutTS": "2020-01-03T17:09:11+00:00", "hotelChain": "Admiralty Plaza", "hotelName": "Admiralty Plaza: Milwaukee", "hotelLocation": "Milwaukee", "hotelRoomType": "standard", "hotelRoomCount": "1", "hotelGuestAdultCount": "1", "hotelGuestChildCount": "0", "hotelNightCount": "1", "hotelRoomPrice": "159.75", "hotelFinalPrice": "159.75"}}}
{"_id": "orderid:313548", "timestamp": "2019-12-03T11:38:04.000Z", "eventType": "transaction", "_adobeamericaspot3": {"CRMID": "crmid:7198429655", "orderDetails": {"orderID": "orderid:313548", "reservationid": "TOD-KNYT", "orderType": "mobile", "hotelSKU": "prd1135", "hotelCheckInUnix": "1577705884", "hotelCheckOutUnix": "1578224284", "hotelCheckInTS": "2019-12-30T11:38:04+00:00", "hotelCheckOutTS": "2020-01-05T11:38:04+00:00", "hotelChain": "Family Fun Hotels", "hotelName": "Family Fun Hotels: Vancouver", "hotelLocation": "Vancouver", "hotelRoomType": "standard", "hotelRoomCount": "1", "hotelGuestAdultCount": "1", "hotelGuestChildCount": "0", "hotelNightCount": "6", "hotelRoomPrice": "110.24", "hotelFinalPrice": "661.44"}}}
{"_id": "orderid:159829", "timestamp": "2020-01-01T04:51:18.000Z", "eventType": "transaction", "_adobeamericaspot3": {"CRMID": "crmid:3074475744", "orderDetails": {"orderID": "orderid:159829", "reservationid": "HFP-VQKH", "orderType": "website", "hotelSKU": "prd1136", "hotelCheckInUnix": "1579841478", "hotelCheckOutUnix": "1580273478", "hotelCheckInTS": "2020-01-24T04:51:18+00:00", "hotelCheckOutTS": "2020-01-29T04:51:18+00:00", "hotelChain": "Aspen Heights", "hotelName": "Aspen Heights: Osaka", "hotelLocation": "Osaka", "hotelRoomType": "standard", "hotelRoomCount": "1", "hotelGuestAdultCount": "1", "hotelGuestChildCount": "0", "hotelNightCount": "5", "hotelRoomPrice": "165.02", "hotelFinalPrice": "825.1"}}}
{"_id": "orderid:882332", "timestamp": "2019-12-04T19:26:18.000Z", "eventType": "transaction", "_adobeamericaspot3": {"CRMID": "crmid:4039752569", "orderDetails": {"orderID": "orderid:882332", "reservationid": "70A-SOVX", "orderType": "service desk", "hotelSKU": "prd1179", "hotelCheckInUnix": "1575660378", "hotelCheckOutUnix": "1575746778", "hotelCheckInTS": "2019-12-06T19:26:18+00:00", "hotelCheckOutTS": "2019-12-07T19:26:18+00:00", "hotelChain": "Hospitality Inn", "hotelName": "Hospitality Inn: Miami", "hotelLocation": "Miami", "hotelRoomType": "standard", "hotelRoomCount": "1", "hotelGuestAdultCount": "1", "hotelGuestChildCount": "0", "hotelNightCount": "1", "hotelRoomPrice": "140.74", "hotelFinalPrice": "140.74"}}}
{"_id": "orderid:943091", "timestamp": "2019-12-14T10:57:19.000Z", "eventType": "transaction", "_adobeamericaspot3": {"CRMID": "crmid:3869248721", "orderDetails": {"orderID": "orderid:943091", "reservationid": "RLS-MPTM", "orderType": "kiosk", "hotelSKU": "prd1085", "hotelCheckInUnix": "1576580239", "hotelCheckOutUnix": "1576753039", "hotelCheckInTS": "2019-12-17T10:57:19+00:00", "hotelCheckOutTS": "2019-12-19T10:57:19+00:00", "hotelChain": "Grandeur Hotels", "hotelName": "Grandeur Hotels: Saint Petersburg", "hotelLocation": "Saint Petersburg", "hotelRoomType": "standard", "hotelRoomCount": "1", "hotelGuestAdultCount": "1", "hotelGuestChildCount": "0", "hotelNightCount": "2", "hotelRoomPrice": "151.24", "hotelFinalPrice": "302.48"}}}
{"_id": "orderid:547939", "timestamp": "2019-12-07T15:15:29.000Z", "eventType": "transaction", "_adobeamericaspot3": {"CRMID": "crmid:9154544909", "orderDetails": {"orderID": "orderid:547939", "reservationid": "VVB-VKR9", "orderType": "call center", "hotelSKU": "prd1058", "hotelCheckInUnix": "1576163729", "hotelCheckOutUnix": "1576595729", "hotelCheckInTS": "2019-12-12T15:15:29+00:00", "hotelCheckOutTS": "2019-12-17T15:15:29+00:00", "hotelChain": "Blue Reef Resort", "hotelName": "Blue Reef Resort: Delhi", "hotelLocation": "Delhi", "hotelRoomType": "premium", "hotelRoomCount": "1", "hotelGuestAdultCount": "1", "hotelGuestChildCount": "0", "hotelNightCount": "5", "hotelRoomPrice": "171.43", "hotelFinalPrice": "857.15"}}}
{"_id": "orderid:564376", "timestamp": "2020-02-16T22:05:16.000Z", "eventType": "transaction", "_adobeamericaspot3": {"CRMID": "crmid:5290992194", "orderDetails": {"orderID": "orderid:564376", "reservationid": "TWP-GGDS", "orderType": "kiosk", "hotelSKU": "prd1145", "hotelCheckInUnix": "1582927516", "hotelCheckOutUnix": "1583186716", "hotelCheckInTS": "2020-02-28T22:05:16+00:00", "hotelCheckOutTS": "2020-03-02T22:05:16+00:00", "hotelChain": "Grandeur Hotels", "hotelName": "Grandeur Hotels: Dallas", "hotelLocation": "Dallas", "hotelRoomType": "standard", "hotelRoomCount": "1", "hotelGuestAdultCount": "1", "hotelGuestChildCount": "1", "hotelNightCount": "3", "hotelRoomPrice": "126.62", "hotelFinalPrice": "379.86"}}}
{"_id": "orderid:874332", "timestamp": "2020-02-03T02:36:25.000Z", "eventType": "transaction", "_adobeamericaspot3": {"CRMID": "crmid:7005928989", "orderDetails": {"orderID": "orderid:874332", "reservationid": "GNZ-R6ST", "orderType": "website", "hotelSKU": "prd1009", "hotelCheckInUnix": "1581474985", "hotelCheckOutUnix": "1581906985", "hotelCheckInTS": "2020-02-12T02:36:25+00:00", "hotelCheckOutTS": "2020-02-17T02:36:25+00:00", "hotelChain": "Admiralty Plaza", "hotelName": "Admiralty Plaza: San Antonio", "hotelLocation": "San Antonio", "hotelRoomType": "premium", "hotelRoomCount": "1", "hotelGuestAdultCount": "1", "hotelGuestChildCount": "0", "hotelNightCount": "5", "hotelRoomPrice": "139.98", "hotelFinalPrice": "699.9"}}}
{"_id": "orderid:167629", "timestamp": "2019-12-04T21:38:12.000Z", "eventType": "transaction", "_adobeamericaspot3": {"CRMID": "crmid:8507243484", "orderDetails": {"orderID": "orderid:167629", "reservationid": "EWT-AR4W", "orderType": "call center", "hotelSKU": "prd1125", "hotelCheckInUnix": "1575581892", "hotelCheckOutUnix": "1575841092", "hotelCheckInTS": "2019-12-05T21:38:12+00:00", "hotelCheckOutTS": "2019-12-08T21:38:12+00:00", "hotelChain": "Sapphire Suites", "hotelName": "Sapphire Suites: Palermo", "hotelLocation": "Palermo", "hotelRoomType": "standard", "hotelRoomCount": "1", "hotelGuestAdultCount": "1", "hotelGuestChildCount": "0", "hotelNightCount": "3", "hotelRoomPrice": "98.98", "hotelFinalPrice": "296.94"}}}
{"_id": "orderid:933205", "timestamp": "2020-01-15T15:14:12.000Z", "eventType": "transaction", "_adobeamericaspot3": {"CRMID": "crmid:7537222074", "orderDetails": {"orderID": "orderid:933205", "reservationid": "YDY-TODF", "orderType": "website", "hotelSKU": "prd1071", "hotelCheckInUnix": "1579965252", "hotelCheckOutUnix": "1580224452", "hotelCheckInTS": "2020-01-25T15:14:12+00:00", "hotelCheckOutTS": "2020-01-28T15:14:12+00:00", "hotelChain": "Hospitality Inn", "hotelName": "Hospitality Inn: Seoul", "hotelLocation": "Seoul", "hotelRoomType": "luxury", "hotelRoomCount": "1", "hotelGuestAdultCount": "1", "hotelGuestChildCount": "0", "hotelNightCount": "3", "hotelRoomPrice": "282.53", "hotelFinalPrice": "847.59"}}}
{"_id": "orderid:620236", "timestamp": "2019-12-07T21:06:44.000Z", "eventType": "transaction", "_adobeamericaspot3": {"CRMID": "crmid:7304949931", "orderDetails": {"orderID": "orderid:620236", "reservationid": "V84-ZWAY", "orderType": "mobile", "hotelSKU": "prd1080", "hotelCheckInUnix": "1577653604", "hotelCheckOutUnix": "1577912804", "hotelCheckInTS": "2019-12-29T21:06:44+00:00", "hotelCheckOutTS": "2020-01-01T21:06:44+00:00", "hotelChain": "Repose Resort", "hotelName": "Repose Resort: Hyderabad", "hotelLocation": "Hyderabad", "hotelRoomType": "standard", "hotelRoomCount": "1", "hotelGuestAdultCount": "1", "hotelGuestChildCount": "0", "hotelNightCount": "3", "hotelRoomPrice": "145.63", "hotelFinalPrice": "436.89"}}}
{"_id": "orderid:798202", "timestamp": "2020-01-12T13:52:43.000Z", "eventType": "transaction", "_adobeamericaspot3": {"CRMID": "crmid:7525487972", "orderDetails": {"orderID": "orderid:798202", "reservationid": "I8N-3UON", "orderType": "website", "hotelSKU": "prd1179", "hotelCheckInUnix": "1580392363", "hotelCheckOutUnix": "1581688363", "hotelCheckInTS": "2020-01-30T13:52:43+00:00", "hotelCheckOutTS": "2020-02-14T13:52:43+00:00", "hotelChain": "Hospitality Inn", "hotelName": "Hospitality Inn: Miami", "hotelLocation": "Miami", "hotelRoomType": "standard", "hotelRoomCount": "1", "hotelGuestAdultCount": "1", "hotelGuestChildCount": "0", "hotelNightCount": "15", "hotelRoomPrice": "102.6", "hotelFinalPrice": "1539.0"}}}
{"_id": "orderid:328452", "timestamp": "2019-12-09T06:27:22.000Z", "eventType": "transaction", "_adobeamericaspot3": {"CRMID": "crmid:9432052698", "orderDetails": {"orderID": "orderid:328452", "reservationid": "RU9-PIRM", "orderType": "mobile", "hotelSKU": "prd1177", "hotelCheckInUnix": "1575959242", "hotelCheckOutUnix": "1576304842", "hotelCheckInTS": "2019-12-10T06:27:22+00:00", "hotelCheckOutTS": "2019-12-14T06:27:22+00:00", "hotelChain": "Admiralty Plaza", "hotelName": "Admiralty Plaza: Raleigh", "hotelLocation": "Raleigh", "hotelRoomType": "premium", "hotelRoomCount": "1", "hotelGuestAdultCount": "1", "hotelGuestChildCount": "2", "hotelNightCount": "4", "hotelRoomPrice": "153.29", "hotelFinalPrice": "613.16"}}}
{"_id": "orderid:670141", "timestamp": "2020-02-01T00:06:36.000Z", "eventType": "transaction", "_adobeamericaspot3": {"CRMID": "crmid:9013275516", "orderDetails": {"orderID": "orderid:670141", "reservationid": "V5Q-IAH5", "orderType": "kiosk", "hotelSKU": "prd1113", "hotelCheckInUnix": "1581033996", "hotelCheckOutUnix": "1582070796", "hotelCheckInTS": "2020-02-07T00:06:36+00:00", "hotelCheckOutTS": "2020-02-19T00:06:36+00:00", "hotelChain": "Sapphire Suites", "hotelName": "Sapphire Suites: Kazan", "hotelLocation": "Kazan", "hotelRoomType": "premium", "hotelRoomCount": "1", "hotelGuestAdultCount": "1", "hotelGuestChildCount": "0", "hotelNightCount": "12", "hotelRoomPrice": "89.83", "hotelFinalPrice": "1077.96"}}}
{"_id": "orderid:542602", "timestamp": "2019-12-27T18:35:13.000Z", "eventType": "transaction", "_adobeamericaspot3": {"CRMID": "crmid:1613631350", "orderDetails": {"orderID": "orderid:542602", "reservationid": "BLA-MOYW", "orderType": "kiosk", "hotelSKU": "prd1023", "hotelCheckInUnix": "1577558113", "hotelCheckOutUnix": "1577730913", "hotelCheckInTS": "2019-12-28T18:35:13+00:00", "hotelCheckOutTS": "2019-12-30T18:35:13+00:00", "hotelChain": "Hospitality Inn", "hotelName": "Hospitality Inn: Boston", "hotelLocation": "Boston", "hotelRoomType": "standard", "hotelRoomCount": "1", "hotelGuestAdultCount": "1", "hotelGuestChildCount": "0", "hotelNightCount": "2", "hotelRoomPrice": "132.9", "hotelFinalPrice": "265.8"}}}
{"_id": "orderid:596702", "timestamp": "2020-01-01T00:00:00.000Z", "eventType": "transaction", "_adobeamericaspot3": {"CRMID": "crmid:1613631350", "orderDetails": {"orderID": "orderid:596702", "reservationid": "BS3-LIKJ", "orderType": "call center", "hotelSKU": "prd1143", "hotelCheckInUnix": "1577923200", "hotelCheckOutUnix": "1578096000", "hotelCheckInTS": "2020-01-02T00:00:00+00:00", "hotelCheckOutTS": "2020-01-04T00:00:00+00:00", "hotelChain": "Hospitality Inn", "hotelName": "Hospitality Inn: San Antonio", "hotelLocation": "San Antonio", "hotelRoomType": "standard", "hotelRoomCount": "1", "hotelGuestAdultCount": "1", "hotelGuestChildCount": "0", "hotelNightCount": "2", "hotelRoomPrice": "160.96", "hotelFinalPrice": "321.92"}}}
{"_id": "orderid:615077", "timestamp": "2019-12-23T09:47:21.000Z", "eventType": "transaction", "_adobeamericaspot3": {"CRMID": "crmid:7758094225", "orderDetails": {"orderID": "orderid:615077", "reservationid": "FCP-2L8F", "orderType": "call center", "hotelSKU": "prd1088", "hotelCheckInUnix": "1579254441", "hotelCheckOutUnix": "1579513641", "hotelCheckInTS": "2020-01-17T09:47:21+00:00", "hotelCheckOutTS": "2020-01-20T09:47:21+00:00", "hotelChain": "Aspen Heights", "hotelName": "Aspen Heights: Ankara", "hotelLocation": "Ankara", "hotelRoomType": "premium", "hotelRoomCount": "1", "hotelGuestAdultCount": "1", "hotelGuestChildCount": "0", "hotelNightCount": "3", "hotelRoomPrice": "166.47", "hotelFinalPrice": "499.41"}}}
{"_id": "orderid:386590", "timestamp": "2020-01-06T19:55:22.000Z", "eventType": "transaction", "_adobeamericaspot3": {"CRMID": "crmid:7171377379", "orderDetails": {"orderID": "orderid:386590", "reservationid": "F94-5O4Z", "orderType": "call center", "hotelSKU": "prd1165", "hotelCheckInUnix": "1580414122", "hotelCheckOutUnix": "1580932522", "hotelCheckInTS": "2020-01-30T19:55:22+00:00", "hotelCheckOutTS": "2020-02-05T19:55:22+00:00", "hotelChain": "Admiralty Plaza", "hotelName": "Admiralty Plaza: Louisville", "hotelLocation": "Louisville", "hotelRoomType": "standard", "hotelRoomCount": "1", "hotelGuestAdultCount": "1", "hotelGuestChildCount": "0", "hotelNightCount": "6", "hotelRoomPrice": "140.05", "hotelFinalPrice": "840.3"}}}
{"_id": "orderid:557049", "timestamp": "2020-01-02T05:29:38.000Z", "eventType": "transaction", "_adobeamericaspot3": {"CRMID": "crmid:8129752054", "orderDetails": {"orderID": "orderid:557049", "reservationid": "SHU-RORY", "orderType": "website", "hotelSKU": "prd1022", "hotelCheckInUnix": "1578029378", "hotelCheckOutUnix": "1578374978", "hotelCheckInTS": "2020-01-03T05:29:38+00:00", "hotelCheckOutTS": "2020-01-07T05:29:38+00:00", "hotelChain": "Blue Reef Resort", "hotelName": "Blue Reef Resort: Washington DC", "hotelLocation": "Washington DC", "hotelRoomType": "standard", "hotelRoomCount": "1", "hotelGuestAdultCount": "1", "hotelGuestChildCount": "0", "hotelNightCount": "4", "hotelRoomPrice": "117.91", "hotelFinalPrice": "471.64"}}}
{"_id": "orderid:926324", "timestamp": "2019-12-30T03:59:24.000Z", "eventType": "transaction", "_adobeamericaspot3": {"CRMID": "crmid:5165209553", "orderDetails": {"orderID": "orderid:926324", "reservationid": "EZO-4GDH", "orderType": "mobile", "hotelSKU": "prd1112", "hotelCheckInUnix": "1579751964", "hotelCheckOutUnix": "1580702364", "hotelCheckInTS": "2020-01-23T03:59:24+00:00", "hotelCheckOutTS": "2020-02-03T03:59:24+00:00", "hotelChain": "Aspen Heights", "hotelName": "Aspen Heights: Birmingham", "hotelLocation": "Birmingham", "hotelRoomType": "standard", "hotelRoomCount": "1", "hotelGuestAdultCount": "1", "hotelGuestChildCount": "3", "hotelNightCount": "11", "hotelRoomPrice": "137.34", "hotelFinalPrice": "1510.74"}}}
{"_id": "orderid:690649", "timestamp": "2020-02-11T00:40:34.000Z", "eventType": "transaction", "_adobeamericaspot3": {"CRMID": "crmid:8703796801", "orderDetails": {"orderID": "orderid:690649", "reservationid": "A63-AFIA", "orderType": "call center", "hotelSKU": "prd1105", "hotelCheckInUnix": "1583887234", "hotelCheckOutUnix": "1584146434", "hotelCheckInTS": "2020-03-11T00:40:34+00:00", "hotelCheckOutTS": "2020-03-14T00:40:34+00:00", "hotelChain": "Admiralty Plaza", "hotelName": "Admiralty Plaza: Barcelona", "hotelLocation": "Barcelona", "hotelRoomType": "premium", "hotelRoomCount": "1", "hotelGuestAdultCount": "1", "hotelGuestChildCount": "0", "hotelNightCount": "3", "hotelRoomPrice": "171.39", "hotelFinalPrice": "514.17"}}}
{"_id": "orderid:873502", "timestamp": "2020-01-19T22:12:46.000Z", "eventType": "transaction", "_adobeamericaspot3": {"CRMID": "crmid:2311812503", "orderDetails": {"orderID": "orderid:873502", "reservationid": "BGW-AU14", "orderType": "website", "hotelSKU": "prd1139", "hotelCheckInUnix": "1581372766", "hotelCheckOutUnix": "1582150366", "hotelCheckInTS": "2020-02-10T22:12:46+00:00", "hotelCheckOutTS": "2020-02-19T22:12:46+00:00", "hotelChain": "Nesting Box Inn", "hotelName": "Nesting Box Inn: Nairobi", "hotelLocation": "Nairobi", "hotelRoomType": "standard", "hotelRoomCount": "1", "hotelGuestAdultCount": "1", "hotelGuestChildCount": "0", "hotelNightCount": "9", "hotelRoomPrice": "138.47", "hotelFinalPrice": "1246.23"}}}
{"_id": "orderid:275437", "timestamp": "2020-01-24T21:41:07.000Z", "eventType": "transaction", "_adobeamericaspot3": {"CRMID": "crmid:4817573047", "orderDetails": {"orderID": "orderid:275437", "reservationid": "X9W-MZ65", "orderType": "kiosk", "hotelSKU": "prd1118", "hotelCheckInUnix": "1582062067", "hotelCheckOutUnix": "1582666867", "hotelCheckInTS": "2020-02-18T21:41:07+00:00", "hotelCheckOutTS": "2020-02-25T21:41:07+00:00", "hotelChain": "Blue Reef Resort", "hotelName": "Blue Reef Resort: Cologne", "hotelLocation": "Cologne", "hotelRoomType": "standard", "hotelRoomCount": "1", "hotelGuestAdultCount": "1", "hotelGuestChildCount": "0", "hotelNightCount": "7", "hotelRoomPrice": "152.37", "hotelFinalPrice": "1066.59"}}}
{"_id": "orderid:877734", "timestamp": "2019-12-21T18:51:17.000Z", "eventType": "transaction", "_adobeamericaspot3": {"CRMID": "crmid:2914389840", "orderDetails": {"orderID": "orderid:877734", "reservationid": "SPO-M6II", "orderType": "website", "hotelSKU": "prd1158", "hotelCheckInUnix": "1578768677", "hotelCheckOutUnix": "1578941477", "hotelCheckInTS": "2020-01-11T18:51:17+00:00", "hotelCheckOutTS": "2020-01-13T18:51:17+00:00", "hotelChain": "Restful Nights", "hotelName": "Restful Nights: El Paso", "hotelLocation": "El Paso", "hotelRoomType": "standard", "hotelRoomCount": "1", "hotelGuestAdultCount": "1", "hotelGuestChildCount": "0", "hotelNightCount": "2", "hotelRoomPrice": "184.38", "hotelFinalPrice": "368.76"}}}
{"_id": "orderid:403583", "timestamp": "2019-12-19T18:02:03.000Z", "eventType": "transaction", "_adobeamericaspot3": {"CRMID": "crmid:5891873313", "orderDetails": {"orderID": "orderid:403583", "reservationid": "VPG-96AY", "orderType": "call center", "hotelSKU": "prd1178", "hotelCheckInUnix": "1576864923", "hotelCheckOutUnix": "1577124123", "hotelCheckInTS": "2019-12-20T18:02:03+00:00", "hotelCheckOutTS": "2019-12-23T18:02:03+00:00", "hotelChain": "Blue Reef Resort", "hotelName": "Blue Reef Resort: Colorado Springs", "hotelLocation": "Colorado Springs", "hotelRoomType": "premium", "hotelRoomCount": "1", "hotelGuestAdultCount": "1", "hotelGuestChildCount": "0", "hotelNightCount": "3", "hotelRoomPrice": "127.77", "hotelFinalPrice": "383.31"}}}
{"_id": "orderid:330281", "timestamp": "2019-12-11T13:30:01.000Z", "eventType": "transaction", "_adobeamericaspot3": {"CRMID": "crmid:1301586875", "orderDetails": {"orderID": "orderid:330281", "reservationid": "OHI-HXGZ", "orderType": "call center", "hotelSKU": "prd1037", "hotelCheckInUnix": "1578317401", "hotelCheckOutUnix": "1579181401", "hotelCheckInTS": "2020-01-06T13:30:01+00:00", "hotelCheckOutTS": "2020-01-16T13:30:01+00:00", "hotelChain": "Grandeur Hotels", "hotelName": "Grandeur Hotels: Sacramento", "hotelLocation": "Sacramento", "hotelRoomType": "premium", "hotelRoomCount": "1", "hotelGuestAdultCount": "1", "hotelGuestChildCount": "0", "hotelNightCount": "10", "hotelRoomPrice": "92.08", "hotelFinalPrice": "920.8"}}}
{"_id": "orderid:320751", "timestamp": "2019-12-03T02:58:15.000Z", "eventType": "transaction", "_adobeamericaspot3": {"CRMID": "crmid:6974216779", "orderDetails": {"orderID": "orderid:320751", "reservationid": "7AO-RANC", "orderType": "mobile", "hotelSKU": "prd1147", "hotelCheckInUnix": "1575428295", "hotelCheckOutUnix": "1575601095", "hotelCheckInTS": "2019-12-04T02:58:15+00:00", "hotelCheckOutTS": "2019-12-06T02:58:15+00:00", "hotelChain": "Family Fun Hotels", "hotelName": "Family Fun Hotels: Austin", "hotelLocation": "Austin", "hotelRoomType": "standard", "hotelRoomCount": "1", "hotelGuestAdultCount": "1", "hotelGuestChildCount": "0", "hotelNightCount": "2", "hotelRoomPrice": "117.59", "hotelFinalPrice": "235.18"}}}
{"_id": "orderid:222006", "timestamp": "2019-12-14T01:09:37.000Z", "eventType": "transaction", "_adobeamericaspot3": {"CRMID": "crmid:5875086186", "orderDetails": {"orderID": "orderid:222006", "reservationid": "EED-0Q0P", "orderType": "website", "hotelSKU": "prd1025", "hotelCheckInUnix": "1576372177", "hotelCheckOutUnix": "1576544977", "hotelCheckInTS": "2019-12-15T01:09:37+00:00", "hotelCheckOutTS": "2019-12-17T01:09:37+00:00", "hotelChain": "Grandeur Hotels", "hotelName": "Grandeur Hotels: Detroit", "hotelLocation": "Detroit", "hotelRoomType": "standard", "hotelRoomCount": "1", "hotelGuestAdultCount": "1", "hotelGuestChildCount": "0", "hotelNightCount": "2", "hotelRoomPrice": "132.75", "hotelFinalPrice": "265.5"}}}
{"_id": "orderid:928578", "timestamp": "2019-12-27T07:29:44.000Z", "eventType": "transaction", "_adobeamericaspot3": {"CRMID": "crmid:7049485674", "orderDetails": {"orderID": "orderid:928578", "reservationid": "UTC-BBUQ", "orderType": "kiosk", "hotelSKU": "prd1003", "hotelCheckInUnix": "1578382184", "hotelCheckOutUnix": "1578727784", "hotelCheckInTS": "2020-01-07T07:29:44+00:00", "hotelCheckOutTS": "2020-01-11T07:29:44+00:00", "hotelChain": "Family Fun Hotels", "hotelName": "Family Fun Hotels: Houston", "hotelLocation": "Houston", "hotelRoomType": "standard", "hotelRoomCount": "1", "hotelGuestAdultCount": "1", "hotelGuestChildCount": "0", "hotelNightCount": "4", "hotelRoomPrice": "115.51", "hotelFinalPrice": "462.04"}}}
{"_id": "orderid:968420", "timestamp": "2020-02-05T00:04:21.000Z", "eventType": "transaction", "_adobeamericaspot3": {"CRMID": "crmid:6071113633", "orderDetails": {"orderID": "orderid:968420", "reservationid": "6HH-YLEC", "orderType": "kiosk", "hotelSKU": "prd1009", "hotelCheckInUnix": "1582589061", "hotelCheckOutUnix": "1583193861", "hotelCheckInTS": "2020-02-25T00:04:21+00:00", "hotelCheckOutTS": "2020-03-03T00:04:21+00:00", "hotelChain": "Admiralty Plaza", "hotelName": "Admiralty Plaza: San Antonio", "hotelLocation": "San Antonio", "hotelRoomType": "standard", "hotelRoomCount": "1", "hotelGuestAdultCount": "1", "hotelGuestChildCount": "0", "hotelNightCount": "7", "hotelRoomPrice": "121.95", "hotelFinalPrice": "853.65"}}}
{"_id": "orderid:569045", "timestamp": "2019-12-19T08:06:25.000Z", "eventType": "transaction", "_adobeamericaspot3": {"CRMID": "crmid:7620901400", "orderDetails": {"orderID": "orderid:569045", "reservationid": "IS5-5RWW", "orderType": "kiosk", "hotelSKU": "prd1068", "hotelCheckInUnix": "1578038785", "hotelCheckOutUnix": "1578643585", "hotelCheckInTS": "2020-01-03T08:06:25+00:00", "hotelCheckOutTS": "2020-01-10T08:06:25+00:00", "hotelChain": "Repose Resort", "hotelName": "Repose Resort: Dhaka", "hotelLocation": "Dhaka", "hotelRoomType": "premium", "hotelRoomCount": "1", "hotelGuestAdultCount": "1", "hotelGuestChildCount": "0", "hotelNightCount": "7", "hotelRoomPrice": "116.71", "hotelFinalPrice": "816.97"}}}
{"_id": "orderid:771054", "timestamp": "2020-01-27T05:50:49.000Z", "eventType": "transaction", "_adobeamericaspot3": {"CRMID": "crmid:9670148837", "orderDetails": {"orderID": "orderid:771054", "reservationid": "XVD-WFCV", "orderType": "website", "hotelSKU": "prd1074", "hotelCheckInUnix": "1581141049", "hotelCheckOutUnix": "1581745849", "hotelCheckInTS": "2020-02-08T05:50:49+00:00", "hotelCheckOutTS": "2020-02-15T05:50:49+00:00", "hotelChain": "Restful Nights", "hotelName": "Restful Nights: Mexico City", "hotelLocation": "Mexico City", "hotelRoomType": "presidential-suite", "hotelRoomCount": "1", "hotelGuestAdultCount": "1", "hotelGuestChildCount": "3", "hotelNightCount": "7", "hotelRoomPrice": "891.14", "hotelFinalPrice": "6237.98"}}}
{"_id": "orderid:172695", "timestamp": "2020-01-27T23:12:08.000Z", "eventType": "transaction", "_adobeamericaspot3": {"CRMID": "crmid:1492098129", "orderDetails": {"orderID": "orderid:172695", "reservationid": "ZU5-LOET", "orderType": "website", "hotelSKU": "prd1092", "hotelCheckInUnix": "1582413128", "hotelCheckOutUnix": "1582758728", "hotelCheckInTS": "2020-02-22T23:12:08+00:00", "hotelCheckOutTS": "2020-02-26T23:12:08+00:00", "hotelChain": "Repose Resort", "hotelName": "Repose Resort: Cape Town", "hotelLocation": "Cape Town", "hotelRoomType": "ultra-luxury", "hotelRoomCount": "1", "hotelGuestAdultCount": "1", "hotelGuestChildCount": "0", "hotelNightCount": "4", "hotelRoomPrice": "261.71", "hotelFinalPrice": "1046.84"}}}
{"_id": "orderid:948808", "timestamp": "2019-12-06T15:51:47.000Z", "eventType": "transaction", "_adobeamericaspot3": {"CRMID": "crmid:9514577341", "orderDetails": {"orderID": "orderid:948808", "reservationid": "ALA-N7D3", "orderType": "kiosk", "hotelSKU": "prd1127", "hotelCheckInUnix": "1577375507", "hotelCheckOutUnix": "1577980307", "hotelCheckInTS": "2019-12-26T15:51:47+00:00", "hotelCheckOutTS": "2020-01-02T15:51:47+00:00", "hotelChain": "Nesting Box Inn", "hotelName": "Nesting Box Inn: Glasgow", "hotelLocation": "Glasgow", "hotelRoomType": "ultra-luxury", "hotelRoomCount": "1", "hotelGuestAdultCount": "1", "hotelGuestChildCount": "0", "hotelNightCount": "7", "hotelRoomPrice": "319.38", "hotelFinalPrice": "2235.66"}}}
{"_id": "orderid:721496", "timestamp": "2020-02-16T06:04:22.000Z", "eventType": "transaction", "_adobeamericaspot3": {"CRMID": "crmid:5456638015", "orderDetails": {"orderID": "orderid:721496", "reservationid": "NGJ-RPOA", "orderType": "service desk", "hotelSKU": "prd1085", "hotelCheckInUnix": "1583906662", "hotelCheckOutUnix": "1584165862", "hotelCheckInTS": "2020-03-11T06:04:22+00:00", "hotelCheckOutTS": "2020-03-14T06:04:22+00:00", "hotelChain": "Grandeur Hotels", "hotelName": "Grandeur Hotels: Saint Petersburg", "hotelLocation": "Saint Petersburg", "hotelRoomType": "premium", "hotelRoomCount": "1", "hotelGuestAdultCount": "1", "hotelGuestChildCount": "0", "hotelNightCount": "3", "hotelRoomPrice": "164.79", "hotelFinalPrice": "494.37"}}}
{"_id": "orderid:185987", "timestamp": "2020-02-03T14:01:21.000Z", "eventType": "transaction", "_adobeamericaspot3": {"CRMID": "crmid:3809038397", "orderDetails": {"orderID": "orderid:185987", "reservationid": "TYJ-S9WF", "orderType": "service desk", "hotelSKU": "prd1143", "hotelCheckInUnix": "1582898481", "hotelCheckOutUnix": "1583330481", "hotelCheckInTS": "2020-02-28T14:01:21+00:00", "hotelCheckOutTS": "2020-03-04T14:01:21+00:00", "hotelChain": "Hospitality Inn", "hotelName": "Hospitality Inn: San Antonio", "hotelLocation": "San Antonio", "hotelRoomType": "standard", "hotelRoomCount": "1", "hotelGuestAdultCount": "1", "hotelGuestChildCount": "0", "hotelNightCount": "5", "hotelRoomPrice": "118.61", "hotelFinalPrice": "593.05"}}}
{"_id": "orderid:196327", "timestamp": "2020-01-28T20:29:11.000Z", "eventType": "transaction", "_adobeamericaspot3": {"CRMID": "crmid:5940445444", "orderDetails": {"orderID": "orderid:196327", "reservationid": "JBU-9K7K", "orderType": "call center", "hotelSKU": "prd1013", "hotelCheckInUnix": "1580934551", "hotelCheckOutUnix": "1581884951", "hotelCheckInTS": "2020-02-05T20:29:11+00:00", "hotelCheckOutTS": "2020-02-16T20:29:11+00:00", "hotelChain": "Grandeur Hotels", "hotelName": "Grandeur Hotels: Austin", "hotelLocation": "Austin", "hotelRoomType": "presidential-suite", "hotelRoomCount": "1", "hotelGuestAdultCount": "1", "hotelGuestChildCount": "1", "hotelNightCount": "11", "hotelRoomPrice": "918.17", "hotelFinalPrice": "10099.87"}}}
{"_id": "orderid:441473", "timestamp": "2020-01-28T09:50:09.000Z", "eventType": "transaction", "_adobeamericaspot3": {"CRMID": "crmid:7703920664", "orderDetails": {"orderID": "orderid:441473", "reservationid": "ZOS-7FJP", "orderType": "website", "hotelSKU": "prd1143", "hotelCheckInUnix": "1580291409", "hotelCheckOutUnix": "1580377809", "hotelCheckInTS": "2020-01-29T09:50:09+00:00", "hotelCheckOutTS": "2020-01-30T09:50:09+00:00", "hotelChain": "Hospitality Inn", "hotelName": "Hospitality Inn: San Antonio", "hotelLocation": "San Antonio", "hotelRoomType": "standard", "hotelRoomCount": "1", "hotelGuestAdultCount": "1", "hotelGuestChildCount": "0", "hotelNightCount": "1", "hotelRoomPrice": "176.14", "hotelFinalPrice": "176.14"}}}
{"_id": "orderid:227233", "timestamp": "2020-02-10T21:12:58.000Z", "eventType": "transaction", "_adobeamericaspot3": {"CRMID": "crmid:2444031522", "orderDetails": {"orderID": "orderid:227233", "reservationid": "WJY-HRCA", "orderType": "service desk", "hotelSKU": "prd1047", "hotelCheckInUnix": "1583356378", "hotelCheckOutUnix": "1584911578", "hotelCheckInTS": "2020-03-04T21:12:58+00:00", "hotelCheckOutTS": "2020-03-22T21:12:58+00:00", "hotelChain": "Hospitality Inn", "hotelName": "Hospitality Inn: Oakland", "hotelLocation": "Oakland", "hotelRoomType": "standard", "hotelRoomCount": "1", "hotelGuestAdultCount": "1", "hotelGuestChildCount": "0", "hotelNightCount": "18", "hotelRoomPrice": "118.73", "hotelFinalPrice": "2137.14"}}}
{"_id": "orderid:281107", "timestamp": "2020-01-30T19:33:03.000Z", "eventType": "transaction", "_adobeamericaspot3": {"CRMID": "crmid:3825866775", "orderDetails": {"orderID": "orderid:281107", "reservationid": "BIM-9KMH", "orderType": "call center", "hotelSKU": "prd1095", "hotelCheckInUnix": "1581363183", "hotelCheckOutUnix": "1581881583", "hotelCheckInTS": "2020-02-10T19:33:03+00:00", "hotelCheckOutTS": "2020-02-16T19:33:03+00:00", "hotelChain": "Hospitality Inn", "hotelName": "Hospitality Inn: Casablanca", "hotelLocation": "Casablanca", "hotelRoomType": "premium", "hotelRoomCount": "1", "hotelGuestAdultCount": "1", "hotelGuestChildCount": "0", "hotelNightCount": "6", "hotelRoomPrice": "111.85", "hotelFinalPrice": "671.1"}}}
{"_id": "orderid:834990", "timestamp": "2020-01-20T14:58:26.000Z", "eventType": "transaction", "_adobeamericaspot3": {"CRMID": "crmid:7642215552", "orderDetails": {"orderID": "orderid:834990", "reservationid": "FIS-TDPB", "orderType": "website", "hotelSKU": "prd1010", "hotelCheckInUnix": "1582037906", "hotelCheckOutUnix": "1582469906", "hotelCheckInTS": "2020-02-18T14:58:26+00:00", "hotelCheckOutTS": "2020-02-23T14:58:26+00:00", "hotelChain": "Blue Reef Resort", "hotelName": "Blue Reef Resort: San Diego", "hotelLocation": "San Diego", "hotelRoomType": "standard", "hotelRoomCount": "1", "hotelGuestAdultCount": "1", "hotelGuestChildCount": "0", "hotelNightCount": "5", "hotelRoomPrice": "93.62", "hotelFinalPrice": "468.1"}}}
{"_id": "orderid:926938", "timestamp": "2019-12-13T19:40:09.000Z", "eventType": "transaction", "_adobeamericaspot3": {"CRMID": "crmid:5358186588", "orderDetails": {"orderID": "orderid:926938", "reservationid": "0SW-LWTF", "orderType": "mobile", "hotelSKU": "prd1196", "hotelCheckInUnix": "1576438809", "hotelCheckOutUnix": "1576870809", "hotelCheckInTS": "2019-12-15T19:40:09+00:00", "hotelCheckOutTS": "2019-12-20T19:40:09+00:00", "hotelChain": "Aspen Heights", "hotelName": "Aspen Heights: Moscow", "hotelLocation": "Moscow", "hotelRoomType": "premium", "hotelRoomCount": "1", "hotelGuestAdultCount": "1", "hotelGuestChildCount": "0", "hotelNightCount": "5", "hotelRoomPrice": "116.3", "hotelFinalPrice": "581.5"}}}
{"_id": "orderid:440301", "timestamp": "2019-12-11T01:22:54.000Z", "eventType": "transaction", "_adobeamericaspot3": {"CRMID": "crmid:9637351380", "orderDetails": {"orderID": "orderid:440301", "reservationid": "AI4-CWIY", "orderType": "website", "hotelSKU": "prd1172", "hotelCheckInUnix": "1576286574", "hotelCheckOutUnix": "1576459374", "hotelCheckInTS": "2019-12-14T01:22:54+00:00", "hotelCheckOutTS": "2019-12-16T01:22:54+00:00", "hotelChain": "Aspen Heights", "hotelName": "Aspen Heights: Mesa", "hotelLocation": "Mesa", "hotelRoomType": "standard", "hotelRoomCount": "1", "hotelGuestAdultCount": "1", "hotelGuestChildCount": "0", "hotelNightCount": "2", "hotelRoomPrice": "160.39", "hotelFinalPrice": "320.78"}}}
{"_id": "orderid:830804", "timestamp": "2019-12-31T10:31:33.000Z", "eventType": "transaction", "_adobeamericaspot3": {"CRMID": "crmid:5266462390", "orderDetails": {"orderID": "orderid:830804", "reservationid": "H8N-ES4E", "orderType": "kiosk", "hotelSKU": "prd1091", "hotelCheckInUnix": "1579170693", "hotelCheckOutUnix": "1579343493", "hotelCheckInTS": "2020-01-16T10:31:33+00:00", "hotelCheckOutTS": "2020-01-18T10:31:33+00:00", "hotelChain": "Nesting Box Inn", "hotelName": "Nesting Box Inn: New Taipei", "hotelLocation": "New Taipei", "hotelRoomType": "luxury", "hotelRoomCount": "1", "hotelGuestAdultCount": "1", "hotelGuestChildCount": "3", "hotelNightCount": "2", "hotelRoomPrice": "357.79", "hotelFinalPrice": "715.58"}}}
{"_id": "orderid:975249", "timestamp": "2019-12-19T00:02:04.000Z", "eventType": "transaction", "_adobeamericaspot3": {"CRMID": "crmid:5552928135", "orderDetails": {"orderID": "orderid:975249", "reservationid": "YCI-G2KV", "orderType": "website", "hotelSKU": "prd1100", "hotelCheckInUnix": "1577232124", "hotelCheckOutUnix": "1577836924", "hotelCheckInTS": "2019-12-25T00:02:04+00:00", "hotelCheckOutTS": "2020-01-01T00:02:04+00:00", "hotelChain": "Aspen Heights", "hotelName": "Aspen Heights: Misk", "hotelLocation": "Misk", "hotelRoomType": "luxury", "hotelRoomCount": "1", "hotelGuestAdultCount": "1", "hotelGuestChildCount": "0", "hotelNightCount": "7", "hotelRoomPrice": "337.84", "hotelFinalPrice": "2364.88"}}}
{"_id": "orderid:712847", "timestamp": "2020-02-01T01:57:10.000Z", "eventType": "transaction", "_adobeamericaspot3": {"CRMID": "crmid:7219531117", "orderDetails": {"orderID": "orderid:712847", "reservationid": "JON-DD7R", "orderType": "website", "hotelSKU": "prd1046", "hotelCheckInUnix": "1582509430", "hotelCheckOutUnix": "1584064630", "hotelCheckInTS": "2020-02-24T01:57:10+00:00", "hotelCheckOutTS": "2020-03-13T01:57:10+00:00", "hotelChain": "Blue Reef Resort", "hotelName": "Blue Reef Resort: Virginia Beach", "hotelLocation": "Virginia Beach", "hotelRoomType": "standard", "hotelRoomCount": "1", "hotelGuestAdultCount": "1", "hotelGuestChildCount": "0", "hotelNightCount": "18", "hotelRoomPrice": "132.44", "hotelFinalPrice": "2383.92"}}}
{"_id": "orderid:153056", "timestamp": "2020-01-04T02:58:34.000Z", "eventType": "transaction", "_adobeamericaspot3": {"CRMID": "crmid:8117523278", "orderDetails": {"orderID": "orderid:153056", "reservationid": "MGL-QSZO", "orderType": "call center", "hotelSKU": "prd1121", "hotelCheckInUnix": "1578193114", "hotelCheckOutUnix": "1578279514", "hotelCheckInTS": "2020-01-05T02:58:34+00:00", "hotelCheckOutTS": "2020-01-06T02:58:34+00:00", "hotelChain": "Grandeur Hotels", "hotelName": "Grandeur Hotels: Stockholm", "hotelLocation": "Stockholm", "hotelRoomType": "standard", "hotelRoomCount": "1", "hotelGuestAdultCount": "1", "hotelGuestChildCount": "0", "hotelNightCount": "1", "hotelRoomPrice": "138.49", "hotelFinalPrice": "138.49"}}}
{"_id": "orderid:381581", "timestamp": "2020-01-08T00:00:00.000Z", "eventType": "transaction", "_adobeamericaspot3": {"CRMID": "crmid:8117523278", "orderDetails": {"orderID": "orderid:381581", "reservationid": "7WH-HLXK", "orderType": "website", "hotelSKU": "prd1148", "hotelCheckInUnix": "1578528000", "hotelCheckOutUnix": "1578960000", "hotelCheckInTS": "2020-01-09T00:00:00+00:00", "hotelCheckOutTS": "2020-01-14T00:00:00+00:00", "hotelChain": "Aspen Heights", "hotelName": "Aspen Heights: Jacksonville", "hotelLocation": "Jacksonville", "hotelRoomType": "premium", "hotelRoomCount": "1", "hotelGuestAdultCount": "1", "hotelGuestChildCount": "0", "hotelNightCount": "5", "hotelRoomPrice": "141.53", "hotelFinalPrice": "707.65"}}}
{"_id": "orderid:722083", "timestamp": "2020-01-16T00:00:00.000Z", "eventType": "transaction", "_adobeamericaspot3": {"CRMID": "crmid:8117523278", "orderDetails": {"orderID": "orderid:722083", "reservationid": "GDL-BLPL", "orderType": "call center", "hotelSKU": "prd1053", "hotelCheckInUnix": "1579651200", "hotelCheckOutUnix": "1579910400", "hotelCheckInTS": "2020-01-22T00:00:00+00:00", "hotelCheckOutTS": "2020-01-25T00:00:00+00:00", "hotelChain": "Sapphire Suites", "hotelName": "Sapphire Suites: Cleveland", "hotelLocation": "Cleveland", "hotelRoomType": "standard", "hotelRoomCount": "1", "hotelGuestAdultCount": "1", "hotelGuestChildCount": "0", "hotelNightCount": "3", "hotelRoomPrice": "120.1", "hotelFinalPrice": "360.3"}}}
{"_id": "orderid:764301", "timestamp": "2019-12-16T21:20:44.000Z", "eventType": "transaction", "_adobeamericaspot3": {"CRMID": "crmid:9589690039", "orderDetails": {"orderID": "orderid:764301", "reservationid": "C2U-U2CG", "orderType": "kiosk", "hotelSKU": "prd1076", "hotelCheckInUnix": "1576617644", "hotelCheckOutUnix": "1576704044", "hotelCheckInTS": "2019-12-17T21:20:44+00:00", "hotelCheckOutTS": "2019-12-18T21:20:44+00:00", "hotelChain": "Aspen Heights", "hotelName": "Aspen Heights: Bogota", "hotelLocation": "Bogota", "hotelRoomType": "luxury", "hotelRoomCount": "1", "hotelGuestAdultCount": "1", "hotelGuestChildCount": "0", "hotelNightCount": "1", "hotelRoomPrice": "327.28", "hotelFinalPrice": "327.28"}}}
{"_id": "orderid:837095", "timestamp": "2019-12-20T00:00:00.000Z", "eventType": "transaction", "_adobeamericaspot3": {"CRMID": "crmid:9589690039", "orderDetails": {"orderID": "orderid:837095", "reservationid": "1IG-IPHK", "orderType": "call center", "hotelSKU": "prd1177", "hotelCheckInUnix": "1576886400", "hotelCheckOutUnix": "1577059200", "hotelCheckInTS": "2019-12-21T00:00:00+00:00", "hotelCheckOutTS": "2019-12-23T00:00:00+00:00", "hotelChain": "Admiralty Plaza", "hotelName": "Admiralty Plaza: Raleigh", "hotelLocation": "Raleigh", "hotelRoomType": "premium", "hotelRoomCount": "1", "hotelGuestAdultCount": "1", "hotelGuestChildCount": "0", "hotelNightCount": "2", "hotelRoomPrice": "159.33", "hotelFinalPrice": "318.66"}}}
{"_id": "orderid:189443", "timestamp": "2020-01-01T14:06:18.000Z", "eventType": "transaction", "_adobeamericaspot3": {"CRMID": "crmid:3891606829", "orderDetails": {"orderID": "orderid:189443", "reservationid": "DA5-MUD5", "orderType": "mobile", "hotelSKU": "prd1147", "hotelCheckInUnix": "1580047578", "hotelCheckOutUnix": "1580220378", "hotelCheckInTS": "2020-01-26T14:06:18+00:00", "hotelCheckOutTS": "2020-01-28T14:06:18+00:00", "hotelChain": "Family Fun Hotels", "hotelName": "Family Fun Hotels: Austin", "hotelLocation": "Austin", "hotelRoomType": "standard", "hotelRoomCount": "1", "hotelGuestAdultCount": "1", "hotelGuestChildCount": "0", "hotelNightCount": "2", "hotelRoomPrice": "126.83", "hotelFinalPrice": "253.66"}}}
{"_id": "orderid:576988", "timestamp": "2019-12-03T22:40:13.000Z", "eventType": "transaction", "_adobeamericaspot3": {"CRMID": "crmid:3498612391", "orderDetails": {"orderID": "orderid:576988", "reservationid": "W2O-8VE3", "orderType": "kiosk", "hotelSKU": "prd1107", "hotelCheckInUnix": "1577227213", "hotelCheckOutUnix": "1577659213", "hotelCheckInTS": "2019-12-24T22:40:13+00:00", "hotelCheckOutTS": "2019-12-29T22:40:13+00:00", "hotelChain": "Hospitality Inn", "hotelName": "Hospitality Inn: Kharkiv", "hotelLocation": "Kharkiv", "hotelRoomType": "standard", "hotelRoomCount": "1", "hotelGuestAdultCount": "1", "hotelGuestChildCount": "0", "hotelNightCount": "5", "hotelRoomPrice": "123.2", "hotelFinalPrice": "616.0"}}}
{"_id": "orderid:734129", "timestamp": "2019-12-21T01:02:54.000Z", "eventType": "transaction", "_adobeamericaspot3": {"CRMID": "crmid:5273713150", "orderDetails": {"orderID": "orderid:734129", "reservationid": "4BU-BUOD", "orderType": "mobile", "hotelSKU": "prd1175", "hotelCheckInUnix": "1578618174", "hotelCheckOutUnix": "1579309374", "hotelCheckInTS": "2020-01-10T01:02:54+00:00", "hotelCheckOutTS": "2020-01-18T01:02:54+00:00", "hotelChain": "Nesting Box Inn", "hotelName": "Nesting Box Inn: Long Beach", "hotelLocation": "Long Beach", "hotelRoomType": "standard", "hotelRoomCount": "1", "hotelGuestAdultCount": "1", "hotelGuestChildCount": "0", "hotelNightCount": "8", "hotelRoomPrice": "166.28", "hotelFinalPrice": "1330.24"}}}
{"_id": "orderid:572233", "timestamp": "2020-01-18T00:45:50.000Z", "eventType": "transaction", "_adobeamericaspot3": {"CRMID": "crmid:2503604195", "orderDetails": {"orderID": "orderid:572233", "reservationid": "MAP-8PEB", "orderType": "call center", "hotelSKU": "prd1184", "hotelCheckInUnix": "1581468350", "hotelCheckOutUnix": "1582245950", "hotelCheckInTS": "2020-02-12T00:45:50+00:00", "hotelCheckOutTS": "2020-02-21T00:45:50+00:00", "hotelChain": "Aspen Heights", "hotelName": "Aspen Heights: Arlington", "hotelLocation": "Arlington", "hotelRoomType": "standard", "hotelRoomCount": "1", "hotelGuestAdultCount": "1", "hotelGuestChildCount": "0", "hotelNightCount": "9", "hotelRoomPrice": "165.42", "hotelFinalPrice": "1488.78"}}}
{"_id": "orderid:593378", "timestamp": "2020-02-16T11:45:10.000Z", "eventType": "transaction", "_adobeamericaspot3": {"CRMID": "crmid:6943388318", "orderDetails": {"orderID": "orderid:593378", "reservationid": "5FC-KS1U", "orderType": "service desk", "hotelSKU": "prd1128", "hotelCheckInUnix": "1581939910", "hotelCheckOutUnix": "1582026310", "hotelCheckInTS": "2020-02-17T11:45:10+00:00", "hotelCheckOutTS": "2020-02-18T11:45:10+00:00", "hotelChain": "Repose Resort", "hotelName": "Repose Resort: Rotterdam", "hotelLocation": "Rotterdam", "hotelRoomType": "luxury", "hotelRoomCount": "1", "hotelGuestAdultCount": "1", "hotelGuestChildCount": "0", "hotelNightCount": "1", "hotelRoomPrice": "354.34", "hotelFinalPrice": "354.34"}}}
{"_id": "orderid:693266", "timestamp": "2020-01-13T23:54:25.000Z", "eventType": "transaction", "_adobeamericaspot3": {"CRMID": "crmid:6694046146", "orderDetails": {"orderID": "orderid:693266", "reservationid": "UYB-QJKV", "orderType": "mobile", "hotelSKU": "prd1064", "hotelCheckInUnix": "1581206065", "hotelCheckOutUnix": "1581465265", "hotelCheckInTS": "2020-02-08T23:54:25+00:00", "hotelCheckOutTS": "2020-02-11T23:54:25+00:00", "hotelChain": "Aspen Heights", "hotelName": "Aspen Heights: Paris", "hotelLocation": "Paris", "hotelRoomType": "premium", "hotelRoomCount": "1", "hotelGuestAdultCount": "1", "hotelGuestChildCount": "0", "hotelNightCount": "3", "hotelRoomPrice": "162.7", "hotelFinalPrice": "488.1"}}}
{"_id": "orderid:294599", "timestamp": "2019-12-31T05:02:27.000Z", "eventType": "transaction", "_adobeamericaspot3": {"CRMID": "crmid:8764894856", "orderDetails": {"orderID": "orderid:294599", "reservationid": "POC-PWNS", "orderType": "service desk", "hotelSKU": "prd1022", "hotelCheckInUnix": "1579928547", "hotelCheckOutUnix": "1580533347", "hotelCheckInTS": "2020-01-25T05:02:27+00:00", "hotelCheckOutTS": "2020-02-01T05:02:27+00:00", "hotelChain": "Blue Reef Resort", "hotelName": "Blue Reef Resort: Washington DC", "hotelLocation": "Washington DC", "hotelRoomType": "standard", "hotelRoomCount": "1", "hotelGuestAdultCount": "1", "hotelGuestChildCount": "1", "hotelNightCount": "7", "hotelRoomPrice": "156.23", "hotelFinalPrice": "1093.61"}}}
{"_id": "orderid:313184", "timestamp": "2019-12-15T08:49:29.000Z", "eventType": "transaction", "_adobeamericaspot3": {"CRMID": "crmid:7902021256", "orderDetails": {"orderID": "orderid:313184", "reservationid": "ISZ-QIV8", "orderType": "kiosk", "hotelSKU": "prd1009", "hotelCheckInUnix": "1578386969", "hotelCheckOutUnix": "1578732569", "hotelCheckInTS": "2020-01-07T08:49:29+00:00", "hotelCheckOutTS": "2020-01-11T08:49:29+00:00", "hotelChain": "Admiralty Plaza", "hotelName": "Admiralty Plaza: San Antonio", "hotelLocation": "San Antonio", "hotelRoomType": "standard", "hotelRoomCount": "1", "hotelGuestAdultCount": "1", "hotelGuestChildCount": "0", "hotelNightCount": "4", "hotelRoomPrice": "117.23", "hotelFinalPrice": "468.92"}}}
{"_id": "orderid:556376", "timestamp": "2020-02-14T18:52:40.000Z", "eventType": "transaction", "_adobeamericaspot3": {"CRMID": "crmid:2290100644", "orderDetails": {"orderID": "orderid:556376", "reservationid": "L2B-MSDY", "orderType": "call center", "hotelSKU": "prd1110", "hotelCheckInUnix": "1583866360", "hotelCheckOutUnix": "1584471160", "hotelCheckInTS": "2020-03-10T18:52:40+00:00", "hotelCheckOutTS": "2020-03-17T18:52:40+00:00", "hotelChain": "Restful Nights", "hotelName": "Restful Nights: Sofia", "hotelLocation": "Sofia", "hotelRoomType": "premium", "hotelRoomCount": "1", "hotelGuestAdultCount": "1", "hotelGuestChildCount": "0", "hotelNightCount": "7", "hotelRoomPrice": "135.63", "hotelFinalPrice": "949.41"}}}
{"_id": "orderid:905058", "timestamp": "2020-01-03T03:21:30.000Z", "eventType": "transaction", "_adobeamericaspot3": {"CRMID": "crmid:9871353008", "orderDetails": {"orderID": "orderid:905058", "reservationid": "BHN-ODLV", "orderType": "kiosk", "hotelSKU": "prd1010", "hotelCheckInUnix": "1578280890", "hotelCheckOutUnix": "1578367290", "hotelCheckInTS": "2020-01-06T03:21:30+00:00", "hotelCheckOutTS": "2020-01-07T03:21:30+00:00", "hotelChain": "Blue Reef Resort", "hotelName": "Blue Reef Resort: San Diego", "hotelLocation": "San Diego", "hotelRoomType": "standard", "hotelRoomCount": "1", "hotelGuestAdultCount": "1", "hotelGuestChildCount": "0", "hotelNightCount": "1", "hotelRoomPrice": "119.82", "hotelFinalPrice": "119.82"}}}
{"_id": "orderid:264411", "timestamp": "2019-12-22T07:40:21.000Z", "eventType": "transaction", "_adobeamericaspot3": {"CRMID": "crmid:5999990526", "orderDetails": {"orderID": "orderid:264411", "reservationid": "T4O-0TBJ", "orderType": "website", "hotelSKU": "prd1057", "hotelCheckInUnix": "1577173221", "hotelCheckOutUnix": "1577259621", "hotelCheckInTS": "2019-12-24T07:40:21+00:00", "hotelCheckOutTS": "2019-12-25T07:40:21+00:00", "hotelChain": "Admiralty Plaza", "hotelName": "Admiralty Plaza: Mumbai", "hotelLocation": "Mumbai", "hotelRoomType": "standard", "hotelRoomCount": "1", "hotelGuestAdultCount": "1", "hotelGuestChildCount": "0", "hotelNightCount": "1", "hotelRoomPrice": "87.48", "hotelFinalPrice": "87.48"}}}
{"_id": "orderid:773680", "timestamp": "2019-12-23T15:48:14.000Z", "eventType": "transaction", "_adobeamericaspot3": {"CRMID": "crmid:9836806462", "orderDetails": {"orderID": "orderid:773680", "reservationid": "17B-NDPC", "orderType": "mobile", "hotelSKU": "prd1069", "hotelCheckInUnix": "1579362494", "hotelCheckOutUnix": "1579794494", "hotelCheckInTS": "2020-01-18T15:48:14+00:00", "hotelCheckOutTS": "2020-01-23T15:48:14+00:00", "hotelChain": "Admiralty Plaza", "hotelName": "Admiralty Plaza: Singapore", "hotelLocation": "Singapore", "hotelRoomType": "standard", "hotelRoomCount": "1", "hotelGuestAdultCount": "1", "hotelGuestChildCount": "0", "hotelNightCount": "5", "hotelRoomPrice": "170.01", "hotelFinalPrice": "850.05"}}}
{"_id": "orderid:658704", "timestamp": "2019-12-29T14:13:26.000Z", "eventType": "transaction", "_adobeamericaspot3": {"CRMID": "crmid:7618908321", "orderDetails": {"orderID": "orderid:658704", "reservationid": "1AF-BUIZ", "orderType": "website", "hotelSKU": "prd1148", "hotelCheckInUnix": "1578147206", "hotelCheckOutUnix": "1578752006", "hotelCheckInTS": "2020-01-04T14:13:26+00:00", "hotelCheckOutTS": "2020-01-11T14:13:26+00:00", "hotelChain": "Aspen Heights", "hotelName": "Aspen Heights: Jacksonville", "hotelLocation": "Jacksonville", "hotelRoomType": "premium", "hotelRoomCount": "1", "hotelGuestAdultCount": "1", "hotelGuestChildCount": "0", "hotelNightCount": "7", "hotelRoomPrice": "154.15", "hotelFinalPrice": "1079.05"}}}
{"_id": "orderid:661455", "timestamp": "2020-01-31T09:00:58.000Z", "eventType": "transaction", "_adobeamericaspot3": {"CRMID": "crmid:5060440011", "orderDetails": {"orderID": "orderid:661455", "reservationid": "NMO-BHBE", "orderType": "website", "hotelSKU": "prd1005", "hotelCheckInUnix": "1580547658", "hotelCheckOutUnix": "1580893258", "hotelCheckInTS": "2020-02-01T09:00:58+00:00", "hotelCheckOutTS": "2020-02-05T09:00:58+00:00", "hotelChain": "Sapphire Suites", "hotelName": "Sapphire Suites: Los Angeles", "hotelLocation": "Los Angeles", "hotelRoomType": "standard", "hotelRoomCount": "1", "hotelGuestAdultCount": "1", "hotelGuestChildCount": "0", "hotelNightCount": "4", "hotelRoomPrice": "85.58", "hotelFinalPrice": "342.32"}}}
{"_id": "orderid:549731", "timestamp": "2020-02-06T00:00:00.000Z", "eventType": "transaction", "_adobeamericaspot3": {"CRMID": "crmid:5060440011", "orderDetails": {"orderID": "orderid:549731", "reservationid": "A2L-LSGT", "orderType": "kiosk", "hotelSKU": "prd1122", "hotelCheckInUnix": "1581033600", "hotelCheckOutUnix": "1581120000", "hotelCheckInTS": "2020-02-07T00:00:00+00:00", "hotelCheckOutTS": "2020-02-08T00:00:00+00:00", "hotelChain": "Restful Nights", "hotelName": "Restful Nights: Valencia", "hotelLocation": "Valencia", "hotelRoomType": "standard", "hotelRoomCount": "1", "hotelGuestAdultCount": "1", "hotelGuestChildCount": "0", "hotelNightCount": "1", "hotelRoomPrice": "143.77", "hotelFinalPrice": "143.77"}}}
{"_id": "orderid:365075", "timestamp": "2020-01-19T05:19:33.000Z", "eventType": "transaction", "_adobeamericaspot3": {"CRMID": "crmid:3770178525", "orderDetails": {"orderID": "orderid:365075", "reservationid": "GFA-UGPP", "orderType": "website", "hotelSKU": "prd1022", "hotelCheckInUnix": "1581139173", "hotelCheckOutUnix": "1581743973", "hotelCheckInTS": "2020-02-08T05:19:33+00:00", "hotelCheckOutTS": "2020-02-15T05:19:33+00:00", "hotelChain": "Blue Reef Resort", "hotelName": "Blue Reef Resort: Washington DC", "hotelLocation": "Washington DC", "hotelRoomType": "standard", "hotelRoomCount": "1", "hotelGuestAdultCount": "1", "hotelGuestChildCount": "0", "hotelNightCount": "7", "hotelRoomPrice": "96.46", "hotelFinalPrice": "675.22"}}}
{"_id": "orderid:426809", "timestamp": "2020-01-30T19:15:37.000Z", "eventType": "transaction", "_adobeamericaspot3": {"CRMID": "crmid:1374755777", "orderDetails": {"orderID": "orderid:426809", "reservationid": "8VP-L1FB", "orderType": "kiosk", "hotelSKU": "prd1007", "hotelCheckInUnix": "1580757337", "hotelCheckOutUnix": "1581016537", "hotelCheckInTS": "2020-02-03T19:15:37+00:00", "hotelCheckOutTS": "2020-02-06T19:15:37+00:00", "hotelChain": "Nesting Box Inn", "hotelName": "Nesting Box Inn: Phoenix", "hotelLocation": "Phoenix", "hotelRoomType": "standard", "hotelRoomCount": "1", "hotelGuestAdultCount": "1", "hotelGuestChildCount": "0", "hotelNightCount": "3", "hotelRoomPrice": "155.34", "hotelFinalPrice": "466.02"}}}
{"_id": "orderid:622001", "timestamp": "2020-01-26T13:00:20.000Z", "eventType": "transaction", "_adobeamericaspot3": {"CRMID": "crmid:5552162660", "orderDetails": {"orderID": "orderid:622001", "reservationid": "P5S-Z6S2", "orderType": "kiosk", "hotelSKU": "prd1119", "hotelCheckInUnix": "1581858020", "hotelCheckOutUnix": "1582462820", "hotelCheckInTS": "2020-02-16T13:00:20+00:00", "hotelCheckOutTS": "2020-02-23T13:00:20+00:00", "hotelChain": "Hospitality Inn", "hotelName": "Hospitality Inn: Turin", "hotelLocation": "Turin", "hotelRoomType": "standard", "hotelRoomCount": "1", "hotelGuestAdultCount": "1", "hotelGuestChildCount": "0", "hotelNightCount": "7", "hotelRoomPrice": "126.74", "hotelFinalPrice": "887.18"}}}
