crmid,email,first_name,last_name,gender,mobile telephone,city,country,zip,state,street address,birthday,historicalpoints
crmid:3810336058,eardrum2055@yahoo.com,Jerrold,Marquez,,671-198-5015,Kearny,United States,76823,Washington,968 Stilwell,1976-12-06,1798
crmid:3585442997,consultive1820@yandex.com,Alfredo,Moran,,310-256-3028,Round Lake,United States,37262,Arizona,680 Icehouse,1971-03-24,1658
crmid:3777529088,ceibo1904@yahoo.com,Tyree,Curtis,,326-865-9819,Ormond Beach,United States,44752,West Virginia,247 Gardener,1987-06-15,699
crmid:3013163164,brogan1948@outlook.com,Adriene,Weeks,female,687-111-7999,Coconut Creek,United States,05268,New York,226 Cora,1949-01-30,1724
crmid:4347213036,unreluctantly1936@yahoo.com,Fritz,Cabrera,male,349-892-3801,Beverly Hills,United States,22234,Vermont,747 Harriet,1939-04-05,1910
crmid:9928269849,caesar1842@gmail.com,Ulysses,Campos,,738-273-8727,Salisbury,United States,43577,Virginia,34 Card,1991-06-12,2294
crmid:9679315743,leucoryx1959@yandex.com,Eli,Mccray,male,517-128-1102,Youngstown,United States,07113,North Carolina,376 Douglass,1934-12-31,2552
crmid:9006255146,dacca1947@gmail.com,Dick,Stanley,,340-528-9091,Plant City,United States,86891,Georgia,631 Acme,1998-05-29,378
crmid:9068859099,drift2042@yahoo.com,Willis,Gates,,134-453-1194,St. Matthews,United States,70833,Kansas,69 Security Pacific,1985-01-25,1582
crmid:6634868608,coremaker2028@yahoo.com,Porfirio,Price,male,181-687-1776,Shreveport,United States,68472,Rhode Island,19 Rose,1941-11-15,1368
crmid:2569516554,downturn1912@live.com,Alden,Gilbert,,758-134-7883,Palm Springs,United States,86675,Washington,676 Allston,1974-11-16,1879
crmid:2516104081,haplome1868@gmail.com,Normand,Casey,male,418-699-6861,West Lafayette,United States,85761,Wisconsin,782 Dalewood,1995-12-26,2914
crmid:8061644306,tattooage1862@gmail.com,Owen,Leonard,,115-905-7256,Tigard,United States,26356,California,607 Digby,1968-03-22,2006
crmid:3066619824,caddle1872@yandex.com,Irvin,Charles,,976-038-1273,Kettering,United States,15111,Maryland,1311 Ames,1977-03-15,2094
crmid:3934107077,alliya2067@yandex.com,Sonny,Hubbard,,607-108-8149,Lebanon,United States,44884,Vermont,1088 Culebra,1981-08-05,1923
crmid:4811956852,carlett1998@gmail.com,Elden,Hoover,male,092-234-5881,Boise City,United States,10960,Virginia,370 Henry Adams,1940-03-14,2417
crmid:7123915066,borgh1953@live.com,Elmo,Wong,male,114-688-8774,Atascadero,United States,87965,Georgia,266 Regent,1934-12-06,1474
crmid:8335167027,parlay1930@live.com,Kip,Porter,male,116-385-5834,Allen,United States,37494,Massachusetts,239 Fillmore,1931-06-23,523
crmid:7171232079,samaras1878@yandex.com,Melvin,Bean,,911-208-4533,North Ogden,United States,39709,Oklahoma,485 Drake,1998-05-14,1576
crmid:9456369755,mongeese2007@live.com,Veola,Lowe,female,782-451-1409,Corsicana,United States,53478,Indiana,821 Elm,1951-09-18,1736
crmid:3349758505,sweatband1874@yahoo.com,Zetta,Aguilar,female,222-183-0803,Valdosta,United States,19051,Louisiana,550 George,1950-09-01,1535
crmid:5092566311,deuterogenesis2031@live.com,Cleveland,Humphrey,,495-155-1831,Kokomo,United States,63218,Oregon,1100 Ruth,1978-11-01,622
crmid:1709403021,buckman2020@gmail.com,Leslie,Carrillo,,942-244-2998,Hopkins,United States,38653,California,883 Jauss,1973-06-21,386
crmid:7611160643,seatbelts1997@gmail.com,Lorette,Mcclure,female,572-462-4086,New Bedford,United States,98390,Arkansas,1156 Jarboe,1995-03-27,1214
crmid:9741503518,infantly2040@outlook.com,Otis,Gilmore,male,837-112-4556,Racine,United States,95945,New Mexico,1135 Gibb,1999-01-20,1398
crmid:5127685355,pilgrim2047@outlook.com,Erick,Waller,male,407-621-3118,Torrington,United States,67994,New Mexico,52 Campus,1942-04-30,1366
crmid:2672705419,semihistorical1868@outlook.com,Earl,Snider,,753-124-1691,Medford,United States,81685,Florida,181 Lisbon,1988-06-05,2723
crmid:6044234674,pseudovum1956@yandex.com,Berry,Hoover,male,312-428-2998,Southaven,United States,04133,Georgia,590 Kensington,1939-01-14,981
crmid:9254312589,changeover1942@yahoo.com,Theo,Valenzuela,,823-139-4853,Mountain Brook,United States,46578,Missouri,718 Victoria,1994-07-23,2034
crmid:1587576301,ciscos1829@yandex.com,Hunter,Valentine,,442-652-2799,Pasco,United States,24321,Arkansas,855 Santa Rita,1963-09-14,1239
crmid:8581174227,installation2008@yahoo.com,Eli,Reid,,715-100-8291,Golden,United States,51373,Nebraska,313 Cielito,1966-10-23,1240
crmid:7199299465,murmuringly1862@gmail.com,Alden,Terry,,423-336-4444,Jamestown,United States,86190,Wisconsin,587 Country Club,1975-06-21,2152
crmid:6472480889,argentamin1958@gmail.com,Luis,Garner,,958-207-0360,Sahuarita,United States,62373,Washington,63 Beaver,1982-04-21,1818
crmid:4214332275,dislimns1848@yandex.com,Zachary,Rodriguez,male,892-658-1935,Acworth,United States,57798,New Jersey,468 Innes,1930-10-25,1308
crmid:4400233202,capozzi1828@live.com,Long,O'brien,,012-747-4863,Monroeville,United States,82066,California,837 Bitting,1992-05-30,2405
crmid:5334892711,cynthy1808@live.com,Carol,Stanton,,198-106-7710,Missouri City,United States,17800,Delaware,1262 Dock,1992-02-05,1237
crmid:3167240040,amentulum1870@yahoo.com,Carmen,Allen,male,570-293-8467,Blaine,United States,03785,Massachusetts,35 Barry,1939-02-01,1731
crmid:6938271188,glandarious1891@outlook.com,Jacques,Bright,,348-924-4713,Goldsboro,United States,61499,Ohio,399 Ewing,1967-10-25,2426
crmid:7403166700,glasses1978@outlook.com,Arcelia,Herrera,female,593-702-7471,Collinsville,United States,74535,Minnesota,677 Rockdale,1949-01-13,817
crmid:5613406432,balmy1910@yahoo.com,Scot,Cummings,,755-606-0900,Fitchburg,United States,26574,Ohio,877 Glover,1962-04-15,1269
crmid:3781097974,countermandable1911@outlook.com,Ellena,Holcomb,female,380-325-8318,Wenatchee,United States,72452,Michigan,897 Hickory,1958-03-14,2977
crmid:3660606118,bloodlessly1985@yahoo.com,Sal,Collier,,225-698-9327,Goose Creek,United States,27194,Delaware,262 Justin,1967-05-12,1128
crmid:8123665686,acinar2063@live.com,Virgil,Patterson,,903-394-9701,Marana,United States,03684,Iowa,96 Allston,1986-01-07,2332
crmid:3291931968,hechsherim1963@yahoo.com,Irwin,Craft,,589-751-4553,Maricopa,United States,89129,Virginia,163 Marina Green,1987-05-30,775
crmid:7793423799,ladyling1918@yandex.com,Buford,Pacheco,,782-119-9368,Yonkers,United States,48987,Utah,361 Haight,1990-04-27,478
crmid:9568707732,canossa1932@gmail.com,Augustine,Warren,,363-946-1559,Mattoon,United States,14899,Nevada,237 Infantry,1988-03-16,443
crmid:2645446295,tonights1920@outlook.com,Ronald,Pitts,male,037-712-5690,Sugar Land,United States,04894,Montana,694 Bartol,1930-08-23,2407
crmid:5367428400,bouncy1913@gmail.com,Jaime,Robertson,male,426-730-6518,Sierra Vista,United States,57799,South Dakota,530 Grand View,1937-05-25,2052
crmid:8877800383,achaean1842@live.com,Cedrick,Ray,,195-890-1222,Florence,United States,63473,Colorado,328 View,1962-11-29,1471
crmid:3462890838,caribous1997@outlook.com,Keith,Donovan,male,961-279-9265,Santa Clarita,United States,50248,California,1269 Sheldon,1931-06-08,2011
crmid:3326803892,athenor1832@outlook.com,Rosario,Randall,male,242-796-3643,Camden,United States,97750,Maine,1045 Rousseau,1943-08-24,1032
crmid:2977185215,tyrantship1815@outlook.com,Lacy,Sweeney,male,383-069-5700,Schaumburg,United States,08503,Delaware,45 Palace Of Fine Arts,1935-06-28,2419
crmid:9513989194,aliyah1925@outlook.com,Damian,Griffin,,117-220-1641,Mayfield Heights,United States,21630,Rhode Island,1347 Hillway,1988-05-19,1836
crmid:8012635081,schradan1991@outlook.com,Greg,Bates,,921-861-0913,Plantation,United States,23273,New Mexico,557 Lupine,1965-05-11,1732
crmid:1846680577,abundantia1932@gmail.com,Darron,Frank,,713-656-9314,Lincoln Park,United States,89598,Florida,45 Leroy,1983-11-20,380
crmid:7095050326,cosmorama1824@yandex.com,Denis,Silva,,209-540-4245,San Bernardino,United States,83638,West Virginia,1234 Del Monte,1972-06-23,1196
crmid:9279887534,toughening1832@yahoo.com,Thad,Rosario,male,602-317-2153,Susanville,United States,95206,Alaska,673 Hoff,1944-09-25,1832
crmid:9139904972,closterium2068@yahoo.com,Davis,Barrera,male,412-757-6580,Alamogordo,United States,19041,Missouri,983 Galewood,1930-03-02,2779
crmid:4427301670,saarbrucken1876@yandex.com,Chong,Melton,male,496-386-6641,Rock Island,United States,78696,Georgia,982 Loyola,1942-12-26,2945
crmid:1488997297,agonal1897@gmail.com,Bernie,Cameron,,315-257-0443,Goshen,United States,30011,Mississippi,1184 Clarendon,1967-06-20,395
crmid:7089732295,domination1819@yandex.com,Maragret,Carver,female,996-827-3230,Dover,United States,66134,Indiana,562 Compton,1955-11-29,1047
crmid:2868111168,eardrum1997@yandex.com,Daryl,Harmon,,140-298-3827,Racine,United States,50635,Hawaii,902 Fowler,1994-06-01,611
crmid:4006170718,cypher1945@yahoo.com,Judson,Conley,male,222-485-0564,Battle Creek,United States,33567,Illinois,460 Guerrero,1936-06-07,586
crmid:2397596170,carted1907@yandex.com,Esteban,Mcmahon,,850-745-0766,McKeesport,United States,69118,Kansas,1009 Georgia,1988-11-30,750
crmid:7618382997,irregular1814@yahoo.com,Noma,Shaw,female,514-841-7711,Clinton,United States,38890,Hawaii,911 Evergreen,1948-07-27,2559
crmid:8705177165,multibreak1998@live.com,Lawerence,Odom,,362-262-8993,Lorain,United States,53063,New York,1328 Otsego,1984-09-27,1647
crmid:1228319196,strongboxes1806@outlook.com,Hunter,Wyatt,male,106-591-8309,Bend,United States,72850,Georgia,109 Lauren,1938-12-25,686
crmid:2343741479,criticaster2017@outlook.com,Barney,Ramsey,male,506-760-1476,Carpentersville,United States,80576,Oklahoma,1010 Arago,1944-01-24,1442
crmid:2288335358,dogman1871@live.com,Jack,Roberts,,836-743-6658,Rolla,United States,30227,Alaska,186 Decatur,1969-01-21,1568
crmid:9435760710,brither1830@gmail.com,Bernardo,Salinas,,579-425-3166,Southfield,United States,54000,Arizona,1121 Bonview,1986-01-26,1441
crmid:2693723368,kouprey1961@yahoo.com,Vicente,Roth,,293-919-5691,Sanger,United States,45863,Virginia,1395 Windsor Mill,1991-10-26,1897
crmid:8266251002,cardiophrenia1841@live.com,Vernetta,Hubbard,female,381-407-3458,Chickasha,United States,99585,North Carolina,389 Octavia,1947-09-15,1671
crmid:4710054142,sequentializing1969@live.com,Shiloh,Carson,female,584-981-3874,South Elgin,United States,24951,Louisiana,1018 Jose Sarria,1956-08-05,2639
crmid:5613357900,crab1905@gmail.com,Lester,Owen,male,808-450-6963,Cape Girardeau,United States,86159,Colorado,1118 Mabrey,1944-06-22,2879
crmid:6338958090,afrikaans1931@yandex.com,Marc,Mckay,,630-771-7928,Paso Robles,United States,60832,Kentucky,1330 Temescal,1975-02-11,1437
crmid:3788297385,skyre2067@yandex.com,Maple,Rivera,female,071-591-1739,Clarksburg,United States,38150,Virginia,19 Emerson,1948-06-25,1165
crmid:5314114703,nonoccurrence2064@yahoo.com,Cary,Calhoun,,166-016-6328,Lakeland,United States,47503,North Dakota,257 Stoneybrook,1980-08-27,308
crmid:8630627144,coatimundi2002@yahoo.com,Marcos,Sims,male,441-535-1065,Alsip,United States,67833,Nebraska,734 Silverview,1931-11-20,2969
crmid:8630669737,baldest1920@outlook.com,Ike,Cooley,,489-174-5552,Manitowoc,United States,42714,Louisiana,536 Sparrow,1986-08-02,2731
crmid:5814672967,fluffs1821@outlook.com,Arturo,Henry,male,561-163-8907,Bakersfield,United States,06505,Tennessee,367 Waithman,1935-01-13,1510
crmid:7632487796,cites1802@yahoo.com,Leroy,Tate,,627-925-5340,Manteca,United States,38738,Alabama,576 Battery Chamberlin,1986-07-03,2360
crmid:6523290389,abrin1866@yandex.com,Mariano,Hodge,,704-833-9682,Miramar,United States,41401,Wyoming,10 Broad,1991-08-07,2340
crmid:6123824441,borane1970@gmail.com,Andreas,Hawkins,,634-953-2128,Huntington,United States,60396,Missouri,683 Colonial,1973-11-19,2153
crmid:3593030005,discus2036@yandex.com,Matt,Roberson,male,479-055-2218,Brookfield,United States,32447,Arizona,1104 Old Harford,1941-07-25,1878
crmid:6983562194,psychodispositional1879@yahoo.com,Margit,Barker,female,678-837-5475,Talladega,United States,13262,Pennsylvania,646 Ceres,1949-12-11,681
crmid:3842203265,ceruleum1856@yandex.com,Olin,Monroe,male,619-832-8101,Bloomington,United States,42831,Utah,596 Columbia Square,1939-07-20,1337
crmid:4254496620,shantey1860@live.com,Elias,Ferrell,,253-292-0340,Villa Park,United States,56072,Connecticut,1118 Cora,1964-01-06,727
crmid:6042098725,catnapers1946@yandex.com,Lovella,Tate,female,375-164-2817,De Land,United States,73187,South Carolina,1195 Kobbe,1953-12-19,2064
crmid:2663657290,uniserial1964@yandex.com,Bob,Holloway,,317-530-1306,Gainesville,United States,34494,Massachusetts,242 Ortega,1964-06-11,2084
crmid:2708076144,barbi1861@gmail.com,Johnny,Salazar,male,787-544-8923,St. Joseph,United States,83017,Colorado,1089 Chabot,1932-05-26,1228
crmid:1358791525,supervene1903@live.com,Paul,Morrison,,002-015-1399,Waukesha,United States,59544,Illinois,75 School,1983-01-18,2745
crmid:4503999916,turnbuckles1959@live.com,Clement,Gutierrez,male,573-983-0398,Oviedo,United States,03963,Oklahoma,1078 Van Keuren,1935-02-12,427
crmid:9407507631,omophagous1845@outlook.com,Agripina,Bolton,female,697-215-6170,Mount Vernon,United States,66805,Colorado,1257 Aloha,1994-11-29,2385
crmid:8386025160,cosine1948@yahoo.com,Solomon,Kirby,,781-498-9575,Steubenville,United States,74825,Massachusetts,595 Crane,1982-08-29,1904
crmid:3430838194,chordate1908@live.com,Derek,Hamilton,male,831-776-4464,Sulphur,United States,79034,Wisconsin,734 Gilroy,1932-03-12,1872
crmid:5145085624,dotan1846@yandex.com,Byron,Snow,,257-795-6026,Frankfort,United States,95410,Kansas,146 Cayuga,1963-09-19,2553
crmid:7903283201,silly1922@yandex.com,Wallace,Palmer,,949-697-2414,Lodi,United States,91661,Rhode Island,963 Hemdale,1983-03-16,303
crmid:5873000029,pairing1843@yahoo.com,Levi,Morse,,934-221-1187,Fremont,United States,99613,Mississippi,702 Cargo,1964-03-21,1901
crmid:1281732697,pouncing2039@gmail.com,Nguyet,Taylor,female,234-519-3406,Elgin,United States,36112,Oregon,99 Spruce,1958-07-28,1719
crmid:6724797036,untightened1958@outlook.com,Ali,Alston,male,557-345-6129,Boulder,United States,06355,Wyoming,765 Beachmont,1940-01-01,983
crmid:5649871459,echidna1961@yandex.com,Micah,Lara,,516-194-0320,San Benito,United States,46065,Georgia,1383 Allston,1990-11-15,1835
crmid:9978724108,censitaire2068@gmail.com,Cole,Montoya,,453-606-8379,Harlingen,United States,53396,Mississippi,265 Trumbull,1969-09-28,2791
crmid:3527422137,solarise1888@live.com,Deangelo,Melton,,144-125-1562,Martinsburg,United States,52318,Idaho,1285 Escondido,1987-10-19,1070
crmid:8567317302,eel1938@yandex.com,Weston,Hickman,male,039-369-3540,Orland Park,United States,04661,Utah,589 Oscar,1930-10-14,2249
crmid:7785200745,evacuator1873@live.com,Lucius,Parsons,male,212-572-3651,Auburn,United States,34728,Maine,1346 Meade,1934-06-23,495
crmid:5781079762,mothball1859@yandex.com,Eusebio,West,male,927-981-5864,Bristol,United States,61171,Iowa,12 Jack Kerouac,1941-11-21,477
crmid:8565133289,dissave1853@yahoo.com,Shannon,Blair,,251-403-5432,Pinecrest,United States,96365,Utah,770 Mississippi,1986-11-04,2128
crmid:4377356328,routeman2054@outlook.com,Leigha,Stevens,female,035-166-0535,Fairfield,United States,82811,North Dakota,1110 Merriam,1961-05-28,2188
crmid:7418674112,beverly1873@outlook.com,Sudie,Mendoza,female,217-129-0300,Reno,United States,26678,Iowa,467 Jack Micheline,1958-08-20,2653
crmid:4573220072,downless2004@live.com,Joshua,Hopkins,male,083-716-1560,Atlantic City,United States,34376,Rhode Island,373 Oak Access,1934-06-14,1914
crmid:9422392593,whimbrels2011@yahoo.com,Reggie,Fields,male,323-208-1588,North Canton,United States,19243,Louisiana,665 Rosella,1998-02-15,1989
crmid:2569407855,hucksterage2025@gmail.com,Torie,Lang,female,262-608-9027,Schererville,United States,85042,Utah,488 Gaviota,1954-09-17,1764
crmid:7292429548,adventurous1939@yandex.com,Ruthanne,Trevino,female,039-001-4308,Sedalia,United States,26987,Louisiana,10 Raycliff,1958-11-19,2347
crmid:9665224932,endang2036@live.com,Jan,Bryant,,445-848-6208,York,United States,55840,Connecticut,637 Prosper,1995-06-17,1523
crmid:3197715870,bask1841@yandex.com,Lawerence,Mueller,male,006-479-9128,Ponca City,United States,06800,Arizona,1273 Al Scoma,1933-06-21,1469
crmid:4986468619,bogert1996@yahoo.com,Dion,Holt,,935-757-9620,Hagerstown,United States,03934,Missouri,471 Monterey,1969-02-16,2075
crmid:5885577743,circuits1826@live.com,Johnnie,Lott,,696-771-3894,Middletown,United States,43500,Texas,548 North Hughes,1990-08-19,1448
crmid:4183132477,emmaline1942@yahoo.com,Susy,Raymond,female,762-924-6678,Winter Garden,United States,69771,South Carolina,1376 Seward,1960-08-24,1030
crmid:7089083697,craft1989@live.com,Kathern,Sweet,female,207-403-6474,St. Charles,United States,15757,West Virginia,916 Icehouse,1946-10-29,1764
crmid:6744296788,flabs1919@gmail.com,Justin,Marsh,male,283-767-3266,Alamo,United States,37022,Georgia,266 Linda,1930-06-18,1528
crmid:9345417634,aftercourse1851@outlook.com,Sammy,Skinner,female,683-068-1012,Westlake,United States,18116,Alaska,385 Myrtle,1954-08-27,2011
crmid:7265800735,chiseler2066@gmail.com,Etha,Bolton,female,130-428-4436,North Miami Beach,United States,92065,Delaware,733 Corwin,1998-04-06,2224
crmid:3215825121,sorriness1905@outlook.com,Christian,Short,,660-271-4094,Laguna Hills,United States,54785,Indiana,1216 Gibbon,1979-09-08,1856
crmid:9169067007,mechanic2018@yahoo.com,Nicky,Hunter,male,384-193-3488,Thomasville,United States,04353,Indiana,284 Prescott,1932-07-15,1672
crmid:9649819075,gulley2070@yahoo.com,Brett,Hooper,male,865-723-0823,Carol Stream,United States,90258,Vermont,736 Jules,1944-02-14,514
crmid:1574436005,poodle1983@outlook.com,Toney,Pugh,,529-750-4858,Hampton,United States,42766,Minnesota,1178 Weldon,1969-08-03,1828
crmid:8181192086,documented1954@yahoo.com,Duane,Logan,,351-921-6346,Kettering,United States,75800,Hawaii,690 Union,1977-12-26,2982
crmid:9619787922,baktun1962@yandex.com,Eli,Lynn,,625-805-5240,Herriman,United States,82011,Massachusetts,1359 Casa,1971-04-15,516
crmid:2456946138,clamour1862@outlook.com,Caleb,Benton,,320-852-9993,Socorro,United States,63006,Delaware,679 Shawnee,1965-06-25,2988
crmid:6636601363,dates1988@gmail.com,Rubin,Tucker,male,054-790-4318,Tahlequah,United States,57810,Vermont,545 Williams,1943-12-16,1674
crmid:1525717351,drench1887@yahoo.com,Quincy,Rasmussen,,344-029-1669,Garland,United States,31572,Hawaii,809 Pioche,1965-06-04,1065
crmid:9303411146,clubbily1999@gmail.com,Shawanda,Hayden,female,486-826-8882,Clarksburg,United States,47883,New Hampshire,1252 Hillside,1948-08-13,1426
crmid:8795768970,prissy1859@outlook.com,Orval,Stark,male,233-274-9423,Alabaster,United States,88474,Kentucky,490 Lusk,1930-07-28,2468
crmid:5855456148,infantly1896@outlook.com,Simon,Reilly,male,424-659-9324,Brighton,United States,56870,Michigan,7 Peabody,1941-09-24,2823
crmid:2668368231,charging1851@yahoo.com,Criselda,Moss,female,348-386-4230,DeKalb,United States,18053,Oregon,610 Midcrest,1953-02-21,585
crmid:9275528336,borgh1952@yandex.com,Beau,West,,984-044-4754,Loma Linda,United States,50898,Maryland,493 Rutledge,1983-09-09,576
crmid:8523257957,bluebill2021@yahoo.com,Manda,Cortez,female,948-756-3746,Del City,United States,61168,Massachusetts,183 Phelan,1954-11-11,2554
crmid:1368120327,prechecked1869@yahoo.com,Conrad,Thornton,,067-877-8167,Fort Pierce,United States,08412,Florida,18 Hopkins,1963-01-29,2378
crmid:8941707736,undistinguished1967@gmail.com,Kimber,Wallace,female,197-870-6915,Palos Hills,United States,26901,Alabama,753 Auburn,1956-11-23,755
crmid:6756468973,murmuringly1959@yahoo.com,Nathan,Contreras,,229-545-8155,Keene,United States,92919,Minnesota,638 Krausgrill,1976-04-09,736
crmid:7503794119,humiliation1830@yandex.com,Joan,Klein,,575-227-8054,Flagstaff,United States,31402,Missouri,1213 Richard Henry Dana,1962-06-15,1764
crmid:9132342067,vault1801@outlook.com,Royal,Avery,,773-008-2037,West Des Moines,United States,38810,Vermont,769 Addison,1972-05-27,2642
crmid:1638437878,accompanimental1884@yahoo.com,Tyler,Diaz,,676-917-8072,Manchester,United States,76521,Alaska,1391 Del Monte,1986-12-15,1880
crmid:4686298316,seahorse1884@yahoo.com,Abraham,Vincent,male,782-731-3219,Alliance,United States,02517,Virginia,435 Lamson,1931-01-30,2340
crmid:9495567842,dayman2023@gmail.com,August,Bush,,688-419-8108,Mount Juliet,United States,68500,Oklahoma,254 Richardson,1993-12-04,1813
crmid:8428341193,crataegus1832@yahoo.com,Mora,Hines,female,062-536-2954,Chico,United States,38005,Nebraska,448 Glen,1947-07-14,1070
crmid:1599092057,dumas1863@gmail.com,Winfred,Spencer,,083-873-6536,Mokena,United States,39150,Alaska,857 Cowell,1992-07-27,2858
crmid:9334131291,curver1894@gmail.com,Owen,Mendoza,,790-221-1662,Redondo Beach,United States,38460,Iowa,1008 Baldwin,1980-03-27,708
crmid:7405914628,countermandable1979@gmail.com,Billie,Mckay,male,614-682-4413,Carlisle,United States,07134,Minnesota,875 Colleen,1944-01-19,1602
crmid:3149536439,reelect1980@yahoo.com,Cleo,Santos,male,282-991-9985,Cedar Hill,United States,61383,Kansas,596 Waller,1945-11-25,936
crmid:6795471338,gunslinger1982@outlook.com,Garfield,Buckley,male,246-020-9040,Piqua,United States,02532,Nevada,1400 Marine,1931-04-04,2023
crmid:3146617460,bullen1980@outlook.com,Trinidad,Ortega,,525-645-8027,Salem,United States,52976,Maine,760 Mizpah,1969-04-27,2290
crmid:2812398805,caraja1959@gmail.com,Domenic,Reed,male,925-616-4354,Queen Creek,United States,17725,Oregon,1084 Lamson,1944-03-24,2269
crmid:6788640544,girlies1808@live.com,Ronny,Rosa,male,231-239-9430,Arcadia,United States,87843,Utah,1359 Oloran,1933-08-25,1710
crmid:3365848300,dingar1885@yahoo.com,Madelaine,Diaz,female,941-771-7442,North Augusta,United States,22267,Vermont,1005 Arellano,1998-04-11,2702
crmid:7772729974,stowps1803@gmail.com,Cyrus,Nguyen,male,947-540-3811,Brooklyn Park,United States,11557,North Carolina,1327 Scotia,1942-02-21,367
crmid:2842398990,idylls1810@live.com,Celsa,Hess,female,757-370-8692,Farmers Branch,United States,64728,Minnesota,994 Martha,1961-11-03,2982
crmid:9621377978,polyrhythm1806@outlook.com,Cedric,Hardy,male,401-486-1337,Valparaiso,United States,00680,New Hampshire,54 Cross,1931-11-03,2432
crmid:9592661775,angioleucitis1813@yandex.com,Sean,Mcguire,,420-602-0971,Miamisburg,United States,01658,New Hampshire,593 Telegraph Hill,1990-01-26,2385
crmid:8298673580,castell1858@outlook.com,Gaston,Lowe,,669-102-5415,New Smyrna Beach,United States,82095,Texas,1279 Commer,1997-11-09,2214
crmid:1219065706,semiquadrate1933@yandex.com,Buddy,Huber,male,791-774-0223,Bozeman,United States,84854,West Virginia,372 Kamille,1940-02-15,1298
crmid:1189817059,blisters1907@yandex.com,Numbers,Mccullough,male,229-600-4706,San Mateo,United States,66592,Indiana,216 Green,1943-10-14,648
crmid:9023999892,disfavourable1894@yahoo.com,Gabriel,Cleveland,,373-214-7684,Greenfield,United States,25718,North Dakota,821 Felix,1968-04-04,1241
crmid:9741881094,attune1855@yahoo.com,Kerstin,Pierce,female,844-518-3676,North Miami Beach,United States,62295,Maine,849 Baden,1998-11-19,2135
crmid:7638547568,actinon1970@live.com,Ian,Winters,,437-233-6526,Lake Forest,United States,01894,Michigan,1020 Pretor,1980-02-20,2633
crmid:6321571350,jophiel1927@yandex.com,Sherman,Craig,male,694-197-7926,Boston,United States,59255,Florida,847 Mabrey,1940-09-07,1740
crmid:7119643983,aindrea1890@yandex.com,Austin,Boyd,male,482-771-3949,North Little Rock,United States,00688,Idaho,851 Quane,1998-02-02,1830
crmid:5249836166,bachelor2058@gmail.com,Rickie,Anthony,female,148-644-2159,Davenport,United States,40781,New Mexico,953 Merriam,1953-07-01,2387
crmid:6184698712,devera1814@live.com,Norberto,Roman,,015-010-9159,Lincoln Park,United States,69397,Montana,1288 Avenue D,1983-11-30,2620
crmid:7911115303,crackback1868@outlook.com,Leisha,Shields,female,091-314-6903,Elizabeth City,United States,36109,Idaho,693 San Aleso,1959-05-27,1695
crmid:1512928316,silanes1834@yahoo.com,Philip,Simpson,male,386-567-7123,Central Falls,United States,43739,Maine,1194 Scotland,1945-08-27,1615
crmid:8176183965,nonsubject2008@gmail.com,Dario,Mcclain,,978-475-4534,Salina,United States,74065,Tennessee,921 Persia,1990-06-03,2180
crmid:5990189746,draughtsman2029@outlook.com,Tyson,Fowler,,446-457-0327,Gilbert,United States,86055,Montana,1196 Rossi,1966-10-20,2644
crmid:6712478701,byroad1990@yahoo.com,Roy,Mccall,male,860-747-5238,Winchester,United States,54823,Texas,178 Bellevue,1936-08-19,2788
crmid:9100158969,thwartship1991@outlook.com,Jeremy,Gomez,,216-955-3300,New York,United States,82967,Maine,1235 Meda,1997-06-10,573
crmid:7113188533,chelidonic2018@yandex.com,Rodger,Bullock,,336-761-0898,Medford,United States,95634,Illinois,876 Marlin,1988-11-18,2544
crmid:5046115750,fettuccine1851@yahoo.com,Nick,Dunn,,508-534-0045,Ithaca,United States,79872,Mississippi,206 Campbell,1975-12-08,2540
crmid:8614983321,coyish2042@outlook.com,Steve,Ewing,,296-469-5305,Flagstaff,United States,75591,Louisiana,983 Hoff,1962-12-13,2613
crmid:3644701473,cense1826@gmail.com,Isa,Howell,female,564-990-0721,East St. Louis,United States,64970,North Dakota,1352 Castelo,1957-11-07,1550
crmid:3521812500,ashlin2010@yandex.com,Hugh,Porter,,021-001-6203,Inkster,United States,60127,New Mexico,1181 Piper,1974-11-17,1536
crmid:3772416443,perfusate1903@gmail.com,Dorsey,Garcia,,467-801-1408,Gulfport,United States,86710,South Carolina,652 East,1969-11-19,2205
crmid:3907785977,outcrawls1968@live.com,Antwan,Wells,,927-924-3587,Skokie,United States,23191,Arkansas,562 Oakhurst,1964-06-10,583
crmid:1777756905,enrapted2066@yahoo.com,Kenisha,Newton,female,525-064-3899,Pleasantville,United States,82605,Louisiana,1142 Waverly,1960-05-21,2407
crmid:8558796777,scorner1831@gmail.com,Wilburn,Alvarez,male,267-109-4315,Avon Lake,United States,50682,Rhode Island,446 Munich,1935-10-01,854
crmid:2105941635,kingfisher1817@live.com,Omar,Fuentes,,880-961-4942,Renton,United States,27686,Rhode Island,643 Quebec,1966-09-22,1691
crmid:1621774725,anticlassicalist1964@outlook.com,Orlando,Allen,,998-252-0913,Keene,United States,78350,Washington,31 Majestic,1976-12-19,1899
crmid:3859964384,heft2014@live.com,Sol,Ware,,689-596-8256,Yucca Valley,United States,56692,North Dakota,29 Sharon,1986-08-10,1145
crmid:1072102405,jaborin1906@yandex.com,Santos,Nicholson,,199-887-6393,Valdosta,United States,72361,Delaware,1017 Darrell,1976-04-03,2482
crmid:3604811105,dulcea2015@live.com,Oswaldo,Mckay,,436-384-5930,Lakeville,United States,74289,Pennsylvania,294 Rosemary,1980-11-16,1356
crmid:1822270641,monomania1963@yandex.com,Philip,Bradshaw,,807-911-0069,Round Rock,United States,79548,Idaho,655 Hartford,1974-07-18,1996
crmid:5618354026,prohibitionary1917@outlook.com,Delana,Wilkerson,female,008-089-5675,Pullman,United States,27197,North Carolina,508 Hancock,1958-10-24,371
crmid:8306235084,havens1801@yandex.com,Leon,Moody,,966-839-0340,Garden City,United States,15640,Illinois,634 Medau,1965-02-04,2936
crmid:7487633532,pendative2060@yahoo.com,Carlos,Roberts,,246-628-4331,Garland,United States,45023,Alabama,266 Hagiwara Tea Garden,1965-08-07,725
crmid:4524383694,scurfiness1898@outlook.com,Jere,Nieves,male,967-183-5644,Bloomingdale,United States,25196,Wisconsin,1118 Dwight,1939-05-21,1304
crmid:1628367524,gerbil1822@yahoo.com,Alfonso,Spears,male,094-717-9793,Pleasanton,United States,90870,Georgia,233 Al Scoma,1945-01-27,534
crmid:9096504911,emerized2050@yahoo.com,Booker,Gonzalez,male,753-957-7810,Westmont,United States,55108,Kentucky,1195 Mirabel,1945-01-11,2488
crmid:8405837742,ester1982@yandex.com,Virgilio,Cameron,,088-401-1099,Loma Linda,United States,89011,Hawaii,321 Montcalm,1983-11-21,2919
crmid:2987206005,calctufa2040@yandex.com,Tyson,Molina,,354-936-2897,Wildwood,United States,61098,South Carolina,886 Gardener,1963-02-03,897
crmid:7836356914,barbi2051@yandex.com,Faustino,Richards,,717-338-6618,National City,United States,33214,Wyoming,483 Filbert,1995-05-07,2409
crmid:8185357923,scorner1974@yahoo.com,Trenton,Briggs,,743-114-0004,Gary,United States,51653,Michigan,1019 Greenwood,1965-10-13,2211
