id,crmid,propensity_room_upgrade,propensity_extended_nights
orderid:161442,crmid:5613145230,3,4
orderid:464613,crmid:2802120699,3,9
orderid:568016,crmid:6612296550,4,7
orderid:938695,crmid:4761911859,3,4
orderid:161773,crmid:2812988682,4,5
orderid:606086,crmid:1980971753,4,4
orderid:272821,crmid:4025631203,4,2
orderid:318159,crmid:2903878115,5,5
orderid:179148,crmid:2037667655,5,4
orderid:272233,crmid:9721672205,9,5
orderid:385536,crmid:2471598170,6,4
orderid:148292,crmid:8840355306,4,6
orderid:761399,crmid:9532588232,4,5
orderid:131586,crmid:7252696976,7,4
orderid:897723,crmid:5315365866,3,3
orderid:987149,crmid:8504310373,4,5
orderid:512044,crmid:1452861641,2,3
orderid:101632,crmid:7930744936,4,5
orderid:844065,crmid:7436333649,4,4
orderid:754318,crmid:7824941856,4,4
orderid:161476,crmid:5110289503,4,3
orderid:345284,crmid:4737694330,5,4
orderid:649929,crmid:9335917797,3,4
orderid:604507,crmid:2550152460,4,10
orderid:164940,crmid:9425057283,4,4
orderid:854186,crmid:9588618381,7,4
orderid:954468,crmid:9705468228,3,4
orderid:856250,crmid:5723527932,2,4
orderid:484663,crmid:2387640013,4,4
orderid:725478,crmid:5066084528,3,5
orderid:218611,crmid:6965777219,4,4
orderid:577935,crmid:1653728364,2,4
orderid:482376,crmid:3822605210,5,4
orderid:434562,crmid:4812260802,3,5
orderid:920402,crmid:5969437628,3,5
orderid:671572,crmid:9376939731,4,4
orderid:579615,crmid:6195927061,4,4
orderid:267749,crmid:7753589660,4,5
orderid:698118,crmid:3094587310,2,5
orderid:505153,crmid:6794709431,6,3
orderid:855595,crmid:8746596243,4,4
orderid:625195,crmid:5323077101,5,4
orderid:566897,crmid:7233827230,5,8
orderid:348358,crmid:4462986690,4,4
orderid:799786,crmid:2789959119,9,3
orderid:902213,crmid:8463351731,2,6
orderid:430842,crmid:7549531185,4,4
orderid:493166,crmid:9433726824,7,4
orderid:949518,crmid:3099436310,3,8
orderid:143138,crmid:7508703879,4,3
orderid:270302,crmid:1652677260,4,5
orderid:306752,crmid:3023428838,3,3
orderid:713079,crmid:5375634513,6,5
orderid:314615,crmid:5712423107,5,6
orderid:749877,crmid:4645313600,4,4
orderid:263890,crmid:4157057551,9,5
orderid:997165,crmid:8138071686,3,4
orderid:835566,crmid:6695665266,2,3
orderid:347072,crmid:1399521107,3,4
orderid:397384,crmid:1592494199,4,4
orderid:675994,crmid:3318942759,5,5
orderid:718682,crmid:2682522235,5,3
orderid:427109,crmid:1278877194,5,4
orderid:314811,crmid:2757136553,4,3
orderid:384203,crmid:2256483575,4,4
orderid:494360,crmid:2738977023,4,5
orderid:700136,crmid:5399778546,4,4
orderid:552926,crmid:6614865567,3,5
orderid:293617,crmid:9100019997,5,5
orderid:516943,crmid:5675872500,5,5
orderid:821056,crmid:7681533061,4,4
orderid:873097,crmid:2407424716,7,3
orderid:451561,crmid:3743023432,4,5
orderid:744678,crmid:3849897282,4,3
orderid:669848,crmid:1217098491,6,3
orderid:670616,crmid:7813099609,9,3
orderid:928321,crmid:4192115407,4,4
orderid:256417,crmid:2639483005,3,3
orderid:929222,crmid:2348752597,7,3
orderid:602692,crmid:8877490484,4,3
orderid:550723,crmid:5669108660,4,3
orderid:249868,crmid:6643847339,4,3
orderid:742173,crmid:9943141749,4,5
orderid:966825,crmid:6898648991,3,3
orderid:337585,crmid:6308307537,3,4
orderid:724857,crmid:5727160131,6,5
orderid:945341,crmid:2928769674,3,5
orderid:235665,crmid:8133998504,4,5
orderid:721540,crmid:8419675124,4,5
orderid:243312,crmid:8783787833,8,3
orderid:941583,crmid:2396772265,5,4
orderid:821325,crmid:6033746723,8,6
orderid:106498,crmid:5101197725,6,4
orderid:530029,crmid:9216645981,3,4
orderid:992558,crmid:4942224561,4,3
orderid:918433,crmid:8531592080,3,4
orderid:554931,crmid:3857902933,4,3
orderid:622204,crmid:2758481804,3,4
orderid:892710,crmid:4856778325,5,4
orderid:207476,crmid:2756082059,5,3
orderid:220553,crmid:4575561524,8,3
orderid:720833,crmid:2274003456,4,7
orderid:298064,crmid:9677499860,4,3
orderid:896571,crmid:4331962376,4,5
orderid:560493,crmid:1598465031,4,9
orderid:419517,crmid:8776103048,4,3
orderid:242318,crmid:6700015626,7,4
orderid:612063,crmid:8166363372,4,5
orderid:885694,crmid:5578097630,3,3
orderid:489291,crmid:3031560143,4,5
orderid:329875,crmid:3210197489,4,4
orderid:224116,crmid:4686291838,3,2
orderid:299233,crmid:4793078176,4,4
orderid:457770,crmid:2601308203,5,3
orderid:507573,crmid:8670651793,4,4
orderid:371376,crmid:5620248326,3,3
orderid:997002,crmid:3634280607,4,4
orderid:538665,crmid:8524878442,3,1
orderid:343525,crmid:1961700281,3,5
orderid:468057,crmid:7395308647,5,3
orderid:327013,crmid:5232861096,3,5
orderid:793627,crmid:6068302994,3,5
orderid:927765,crmid:9547713191,9,6
orderid:154145,crmid:1878654378,9,2
orderid:563887,crmid:5338536796,4,4
orderid:872319,crmid:9832166131,5,3
orderid:738408,crmid:6287968896,4,5
orderid:520277,crmid:2908819972,5,4
orderid:250498,crmid:9663783851,4,7
orderid:387010,crmid:2025346280,4,4
orderid:321328,crmid:2414382785,4,4
orderid:179062,crmid:9096552096,4,4
orderid:405026,crmid:4619206705,4,7
orderid:783619,crmid:2717804515,4,3
orderid:306098,crmid:5100512764,2,5
orderid:330067,crmid:9467855688,6,3
orderid:823605,crmid:9785395933,4,3
orderid:153470,crmid:5870698809,2,4
orderid:211622,crmid:3313869754,6,4
orderid:511658,crmid:3863277818,3,3
orderid:613155,crmid:7614503603,4,3
orderid:368615,crmid:5360358846,4,4
orderid:206185,crmid:3254393292,4,3
orderid:613523,crmid:7136518893,3,3
orderid:173167,crmid:4111006721,3,4
orderid:147396,crmid:6366370643,10,4
orderid:202953,crmid:7098186364,5,5
orderid:135581,crmid:9917165916,2,2
orderid:913650,crmid:1043341367,4,4
orderid:945785,crmid:1334783853,4,4
orderid:788648,crmid:1629388207,4,3
orderid:740647,crmid:9955998848,5,4
orderid:672842,crmid:8202639069,3,4
orderid:257670,crmid:5389713501,6,10
orderid:811331,crmid:2538521602,9,4
orderid:545308,crmid:8762431125,5,5
orderid:521199,crmid:6334973057,3,5
orderid:223731,crmid:2034915512,5,3
orderid:531985,crmid:2676490375,2,5
orderid:593428,crmid:6853973004,3,4
orderid:195724,crmid:3740577677,4,4
orderid:631773,crmid:1700455122,4,3
orderid:851400,crmid:8413822298,3,2
orderid:726060,crmid:4546984727,3,4
orderid:877960,crmid:6879639038,3,4
orderid:816385,crmid:6042023780,4,4
orderid:983622,crmid:4208647162,4,8
orderid:677977,crmid:9144066623,4,3
orderid:146209,crmid:3631865479,8,4
orderid:688816,crmid:5780549640,5,2
orderid:505167,crmid:9527799360,6,3
orderid:167789,crmid:6096360339,2,4
orderid:433704,crmid:8234042884,2,4
orderid:973923,crmid:4229975631,5,4
orderid:423846,crmid:3454022523,9,4
orderid:360988,crmid:4814865146,4,7
orderid:785601,crmid:3009987992,4,4
orderid:539813,crmid:4641352984,5,7
orderid:479042,crmid:8159184257,4,9
orderid:420860,crmid:9787548277,5,2
orderid:125667,crmid:8560761101,8,3
orderid:389356,crmid:7949413447,4,8
orderid:633113,crmid:5736499232,4,6
orderid:793749,crmid:1985135664,4,5
orderid:771948,crmid:6264881758,5,3
orderid:164473,crmid:5845289195,2,4
orderid:565905,crmid:2615811685,3,4
orderid:848628,crmid:7232697643,4,5
orderid:884193,crmid:5015350781,4,5
orderid:255254,crmid:4882109411,5,7
orderid:623473,crmid:6780005349,3,8
orderid:269510,crmid:7493748077,4,9
orderid:380441,crmid:3787280096,5,3
orderid:927121,crmid:7393932458,2,4
orderid:296861,crmid:1975024726,4,5
orderid:158051,crmid:2783352189,5,5
orderid:939284,crmid:9710084355,4,4
orderid:544147,crmid:7616973572,4,3
orderid:852761,crmid:1033853367,5,4
orderid:140526,crmid:2387560177,9,3
