id,crmid,propensity_room_upgrade,propensity_extended_nights
c6d82c2e-53cb-11ea-b3c2-b88a60e194fb,crmid:3810336058,5,4
c6d93c42-53cb-11ea-806c-b88a60e194fb,crmid:3585442997,3,6
c6da4f2c-53cb-11ea-83e9-b88a60e194fb,crmid:3777529088,3,3
c6db6042-53cb-11ea-ba34-b88a60e194fb,crmid:3013163164,3,6
c6dc98f8-53cb-11ea-bb21-b88a60e194fb,crmid:4347213036,5,3
c6ddaa76-53cb-11ea-b6f0-b88a60e194fb,crmid:9928269849,5,4
c6debbe2-53cb-11ea-90cc-b88a60e194fb,crmid:9679315743,4,5
c6dfcc00-53cb-11ea-b6c5-b88a60e194fb,crmid:9006255146,5,4
c6e0dd62-53cb-11ea-b014-b88a60e194fb,crmid:9068859099,3,3
c6e2b24c-53cb-11ea-b244-b88a60e194fb,crmid:6634868608,4,5
c6e4d66c-53cb-11ea-9f22-b88a60e194fb,crmid:2569516554,4,4
c6e5e7c2-53cb-11ea-81d9-b88a60e194fb,crmid:2516104081,4,3
c6e6f94c-53cb-11ea-80c6-b88a60e194fb,crmid:8061644306,2,2
c6ea7bae-53cb-11ea-ab18-b88a60e194fb,crmid:3066619824,4,9
c6eb6626-53cb-11ea-a655-b88a60e194fb,crmid:3934107077,5,3
c6ec7622-53cb-11ea-93a4-b88a60e194fb,crmid:4811956852,6,4
c6ed6080-53cb-11ea-a80a-b88a60e194fb,crmid:7123915066,9,4
c6ee9aa4-53cb-11ea-ac83-b88a60e194fb,crmid:8335167027,3,5
c6efd2de-53cb-11ea-8f7f-b88a60e194fb,crmid:7171232079,3,3
c6f0bd4a-53cb-11ea-93e1-b88a60e194fb,crmid:9456369755,4,6
c6f1f5ba-53cb-11ea-99b5-b88a60e194fb,crmid:3349758505,2,5
c6f2e01c-53cb-11ea-842c-b88a60e194fb,crmid:5092566311,4,9
c6f41746-53cb-11ea-b15b-b88a60e194fb,crmid:1709403021,4,3
c6f528ac-53cb-11ea-a699-b88a60e194fb,crmid:7611160643,2,2
c6f66130-53cb-11ea-b6ee-b88a60e194fb,crmid:9741503518,4,1
c6f77294-53cb-11ea-a32e-b88a60e194fb,crmid:5127685355,5,4
c6f88418-53cb-11ea-aa54-b88a60e194fb,crmid:2672705419,5,7
c6f9957e-53cb-11ea-8ac1-b88a60e194fb,crmid:6044234674,5,6
c6face02-53cb-11ea-a8dc-b88a60e194fb,crmid:9254312589,2,4
c6fbdf70-53cb-11ea-836a-b88a60e194fb,crmid:1587576301,5,4
c6fcc9dc-53cb-11ea-a567-b88a60e194fb,crmid:8581174227,4,1
c6fddb42-53cb-11ea-8148-b88a60e194fb,crmid:7199299465,4,5
c6ff3ad2-53cb-11ea-b8fd-b88a60e194fb,crmid:6472480889,5,4
c7002536-53cb-11ea-968a-b88a60e194fb,crmid:4214332275,5,4
c7015dae-53cb-11ea-a97e-b88a60e194fb,crmid:4400233202,7,4
c7026f36-53cb-11ea-b09a-b88a60e194fb,crmid:5334892711,4,10
c7038094-53cb-11ea-afdf-b88a60e194fb,crmid:3167240040,3,4
c704b90c-53cb-11ea-84fe-b88a60e194fb,crmid:6938271188,5,5
c706189e-53cb-11ea-a829-b88a60e194fb,crmid:7403166700,4,4
c7070314-53cb-11ea-b1cb-b88a60e194fb,crmid:5613406432,10,5
c7083b86-53cb-11ea-80bd-b88a60e194fb,crmid:3781097974,4,4
c7097552-53cb-11ea-b695-b88a60e194fb,crmid:3660606118,4,5
c70a86dc-53cb-11ea-aa5d-b88a60e194fb,crmid:8123665686,3,2
c70b7112-53cb-11ea-9ca9-b88a60e194fb,crmid:3291931968,3,4
c70c5bb6-53cb-11ea-ab3f-b88a60e194fb,crmid:7793423799,3,5
c70dbb26-53cb-11ea-b10e-b88a60e194fb,crmid:9568707732,3,4
c70ea598-53cb-11ea-b5bc-b88a60e194fb,crmid:2645446295,5,5
c70fb706-53cb-11ea-9745-b88a60e194fb,crmid:5367428400,7,3
c710ef69-53cb-11ea-9d42-b88a60e194fb,crmid:8877800383,3,3
c711ff80-53cb-11ea-a58f-b88a60e194fb,crmid:3462890838,4,6
c713d59e-53cb-11ea-bca1-b88a60e194fb,crmid:3326803892,4,3
c714c00c-53cb-11ea-8c83-b88a60e194fb,crmid:2977185215,3,5
c715d168-53cb-11ea-b63d-b88a60e194fb,crmid:9513989194,5,7
c716bbfe-53cb-11ea-a8eb-b88a60e194fb,crmid:8012635081,5,5
c717a62e-53cb-11ea-85c0-b88a60e194fb,crmid:1846680577,4,3
c7190582-53cb-11ea-8404-b88a60e194fb,crmid:7095050326,7,3
c71a3e50-53cb-11ea-a315-b88a60e194fb,crmid:9279887534,3,1
c71b2868-53cb-11ea-a856-b88a60e194fb,crmid:9139904972,3,4
c71c39d0-53cb-11ea-9ebb-b88a60e194fb,crmid:4427301670,4,4
c71d4a1c-53cb-11ea-97e8-b88a60e194fb,crmid:1488997297,4,4
c71e8400-53cb-11ea-ac5e-b88a60e194fb,crmid:7089732295,2,5
c71f956c-53cb-11ea-aad3-b88a60e194fb,crmid:2868111168,3,6
c720ce00-53cb-11ea-b9b6-b88a60e194fb,crmid:4006170718,5,6
c721b85c-53cb-11ea-b6cc-b88a60e194fb,crmid:2397596170,4,4
c722c9ba-53cb-11ea-a4d9-b88a60e194fb,crmid:7618382997,3,3
c7240252-53cb-11ea-ad54-b88a60e194fb,crmid:8705177165,4,4
c7253aba-53cb-11ea-a6c1-b88a60e194fb,crmid:1228319196,3,7
c7264c26-53cb-11ea-8810-b88a60e194fb,crmid:2343741479,4,4
c7275da4-53cb-11ea-861a-b88a60e194fb,crmid:2288335358,4,5
c728bd36-53cb-11ea-b043-b88a60e194fb,crmid:9435760710,5,0
c729cea2-53cb-11ea-9ad0-b88a60e194fb,crmid:2693723368,3,5
c72ae028-53cb-11ea-a7d5-b88a60e194fb,crmid:8266251002,5,5
c72c3f9a-53cb-11ea-8cce-b88a60e194fb,crmid:4710054142,5,4
c72d7822-53cb-11ea-ac70-b88a60e194fb,crmid:5613357900,3,4
c72eb0b8-53cb-11ea-a05a-b88a60e194fb,crmid:6338958090,3,4
c72f9afe-53cb-11ea-9b0d-b88a60e194fb,crmid:3788297385,4,5
c730ab38-53cb-11ea-ac55-b88a60e194fb,crmid:5314114703,5,4
c7320a9e-53cb-11ea-b462-b88a60e194fb,crmid:8630627144,6,3
c7334492-53cb-11ea-b670-b88a60e194fb,crmid:8630669737,5,3
c7345606-53cb-11ea-bb43-b88a60e194fb,crmid:5814672967,3,4
c73566c6-53cb-11ea-8a24-b88a60e194fb,crmid:7632487796,4,2
c73651c6-53cb-11ea-b0aa-b88a60e194fb,crmid:6523290389,7,5
c7376334-53cb-11ea-b912-b88a60e194fb,crmid:6123824441,5,3
c7384d9c-53cb-11ea-b74b-b88a60e194fb,crmid:3593030005,4,5
c739abdc-53cb-11ea-8828-b88a60e194fb,crmid:6983562194,6,4
c73abd48-53cb-11ea-90a5-b88a60e194fb,crmid:3842203265,4,4
c73bceb8-53cb-11ea-8244-b88a60e194fb,crmid:4254496620,4,4
c73d557a-53cb-11ea-ae49-b88a60e194fb,crmid:6042098725,6,3
c73e40fa-53cb-11ea-8872-b88a60e194fb,crmid:2663657290,3,2
c73f5280-53cb-11ea-9525-b88a60e194fb,crmid:2708076144,3,8
c74063dd-53cb-11ea-bfab-b88a60e194fb,crmid:1358791525,5,4
c742102e-53cb-11ea-970e-b88a60e194fb,crmid:4503999916,3,1
c7439702-53cb-11ea-bfe9-b88a60e194fb,crmid:9407507631,5,4
c744d0b4-53cb-11ea-91e6-b88a60e194fb,crmid:8386025160,5,3
c745bb28-53cb-11ea-97d0-b88a60e194fb,crmid:3430838194,2,3
c746cc9a-53cb-11ea-bcea-b88a60e194fb,crmid:5145085624,10,4
c74804fa-53cb-11ea-b9a8-b88a60e194fb,crmid:7903283201,4,3
c7491506-53cb-11ea-afc5-b88a60e194fb,crmid:5873000029,3,4
c74a4f00-53cb-11ea-8bf2-b88a60e194fb,crmid:1281732697,4,5
c74b6068-53cb-11ea-a12a-b88a60e194fb,crmid:6724797036,7,4
c74c98de-53cb-11ea-abb9-b88a60e194fb,crmid:5649871459,5,2
c74da8fa-53cb-11ea-9fa5-b88a60e194fb,crmid:9978724108,3,4
c74e94e2-53cb-11ea-a9b5-b88a60e194fb,crmid:3527422137,4,5
c74fcbde-53cb-11ea-8bd1-b88a60e194fb,crmid:8567317302,3,5
c750dea6-53cb-11ea-8163-b88a60e194fb,crmid:7785200745,4,4
c752654a-53cb-11ea-b055-b88a60e194fb,crmid:5781079762,5,4
c7534e34-53cb-11ea-9312-b88a60e194fb,crmid:8565133289,5,4
c75439fa-53cb-11ea-9481-b88a60e194fb,crmid:4377356328,3,5
c7557292-53cb-11ea-8111-b88a60e194fb,crmid:7418674112,5,4
c756a9d0-53cb-11ea-ac9d-b88a60e194fb,crmid:4573220072,3,2
c757e392-53cb-11ea-b0fa-b88a60e194fb,crmid:9422392593,3,5
c758cddf-53cb-11ea-8204-b88a60e194fb,crmid:2569407855,4,4
c75a2c24-53cb-11ea-aba9-b88a60e194fb,crmid:7292429548,3,5
c75b6488-53cb-11ea-bbd1-b88a60e194fb,crmid:9665224932,4,7
c75c9e74-53cb-11ea-9114-b88a60e194fb,crmid:3197715870,3,5
c75dd6dc-53cb-11ea-a712-b88a60e194fb,crmid:4986468619,4,3
c75ec152-53cb-11ea-bbb3-b88a60e194fb,crmid:5885577743,3,3
c75fabb0-53cb-11ea-95ac-b88a60e194fb,crmid:4183132477,3,3
c760bbc0-53cb-11ea-93b6-b88a60e194fb,crmid:7089083697,5,6
c762438a-53cb-11ea-a7b7-b88a60e194fb,crmid:6744296788,3,5
c7637b0a-53cb-11ea-a510-b88a60e194fb,crmid:9345417634,4,7
c7646698-53cb-11ea-ba0c-b88a60e194fb,crmid:7265800735,2,5
c765786c-53cb-11ea-9a66-b88a60e194fb,crmid:3215825121,3,4
c766b03a-53cb-11ea-aa38-b88a60e194fb,crmid:9169067007,3,3
c7680ebe-53cb-11ea-b038-b88a60e194fb,crmid:9649819075,4,4
c76921c0-53cb-11ea-bf1c-b88a60e194fb,crmid:1574436005,4,4
c76aa6fa-53cb-11ea-8194-b88a60e194fb,crmid:8181192086,9,6
c76bdf71-53cb-11ea-8294-b88a60e194fb,crmid:9619787922,9,5
c76d1800-53cb-11ea-9333-b88a60e194fb,crmid:2456946138,5,3
c76e787a-53cb-11ea-87b6-b88a60e194fb,crmid:6636601363,2,5
c76ffe40-53cb-11ea-8210-b88a60e194fb,crmid:1525717351,7,3
c77136b8-53cb-11ea-828f-b88a60e194fb,crmid:9303411146,4,3
c7724948-53cb-11ea-8485-b88a60e194fb,crmid:8795768970,3,4
c77381f4-53cb-11ea-a5c4-b88a60e194fb,crmid:5855456148,5,5
c7749366-53cb-11ea-8383-b88a60e194fb,crmid:2668368231,3,5
c775cbda-53cb-11ea-b63a-b88a60e194fb,crmid:9275528336,9,3
c7777818-53cb-11ea-a6b9-b88a60e194fb,crmid:8523257957,2,5
c779005a-53cb-11ea-ace2-b88a60e194fb,crmid:1368120327,5,3
c77b2192-53cb-11ea-a5ac-b88a60e194fb,crmid:8941707736,4,0
c77cd0a2-53cb-11ea-8fe3-b88a60e194fb,crmid:6756468973,4,3
c780a14a-53cb-11ea-a239-b88a60e194fb,crmid:7503794119,5,6
c781d888-53cb-11ea-a2eb-b88a60e194fb,crmid:9132342067,5,4
c78337e2-53cb-11ea-bbc8-b88a60e194fb,crmid:1638437878,6,4
c7844958-53cb-11ea-bcc6-b88a60e194fb,crmid:4686298316,2,7
c78581fe-53cb-11ea-a3a6-b88a60e194fb,crmid:9495567842,9,5
c786e15e-53cb-11ea-b97d-b88a60e194fb,crmid:8428341193,3,4
c7881b58-53cb-11ea-965e-b88a60e194fb,crmid:1599092057,5,4
c7892cb0-53cb-11ea-9724-b88a60e194fb,crmid:9334131291,7,6
c78a3e24-53cb-11ea-bc3c-b88a60e194fb,crmid:7405914628,5,4
c78b4e40-53cb-11ea-a4d9-b88a60e194fb,crmid:3149536439,3,6
c78cd636-53cb-11ea-aa68-b88a60e194fb,crmid:6795471338,2,3
c78dbf30-53cb-11ea-bac5-b88a60e194fb,crmid:3146617460,4,2
c78ed1fa-53cb-11ea-85f4-b88a60e194fb,crmid:2812398805,6,6
c78fbbb6-53cb-11ea-8aa2-b88a60e194fb,crmid:6788640544,4,4
c790a6b8-53cb-11ea-9c66-b88a60e194fb,crmid:3365848300,4,4
c791df48-53cb-11ea-8701-b88a60e194fb,crmid:7772729974,4,5
c792ca06-53cb-11ea-82d4-b88a60e194fb,crmid:2842398990,3,4
c79400ae-53cb-11ea-8336-b88a60e194fb,crmid:9621377978,5,4
c795133e-53cb-11ea-bc59-b88a60e194fb,crmid:9592661775,6,3
c795fde2-53cb-11ea-8d1d-b88a60e194fb,crmid:8298673580,6,4
c79735a2-53cb-11ea-ae56-b88a60e194fb,crmid:1219065706,4,4
c7989602-53cb-11ea-9739-b88a60e194fb,crmid:1189817059,2,5
c799a76e-53cb-11ea-942e-b88a60e194fb,crmid:9023999892,7,5
c79a91ca-53cb-11ea-8ba2-b88a60e194fb,crmid:9741881094,2,5
c79b7c2e-53cb-11ea-893b-b88a60e194fb,crmid:7638547568,4,4
c79cb4a8-53cb-11ea-a2d1-b88a60e194fb,crmid:6321571350,10,5
c79d9f30-53cb-11ea-836d-b88a60e194fb,crmid:7119643983,3,3
c79efdfa-53cb-11ea-8cc0-b88a60e194fb,crmid:5249836166,5,4
c7a01028-53cb-11ea-b703-b88a60e194fb,crmid:6184698712,4,4
c7a0fa98-53cb-11ea-ba45-b88a60e194fb,crmid:7911115303,4,2
c7a232dc-53cb-11ea-8bca-b88a60e194fb,crmid:1512928316,10,5
c7a39292-53cb-11ea-88ee-b88a60e194fb,crmid:8176183965,3,4
c7a47cdc-53cb-11ea-be84-b88a60e194fb,crmid:5990189746,3,4
c7a5675e-53cb-11ea-8ce4-b88a60e194fb,crmid:6712478701,3,4
c7a69e64-53cb-11ea-b5df-b88a60e194fb,crmid:9100158969,6,2
c7a82530-53cb-11ea-988f-b88a60e194fb,crmid:7113188533,4,7
c7a90f7e-53cb-11ea-866f-b88a60e194fb,crmid:5046115750,3,3
c7a9f9ee-53cb-11ea-b994-b88a60e194fb,crmid:8614983321,4,4
c7ab0b64-53cb-11ea-87df-b88a60e194fb,crmid:3644701473,4,3
c7ac9230-53cb-11ea-98fb-b88a60e194fb,crmid:3521812500,6,5
c7ada4d8-53cb-11ea-935e-b88a60e194fb,crmid:3772416443,4,4
c7ae8efa-53cb-11ea-9fc1-b88a60e194fb,crmid:3907785977,2,5
c7afc794-53cb-11ea-b810-b88a60e194fb,crmid:1777756905,5,4
c7b0d8d0-53cb-11ea-88aa-b88a60e194fb,crmid:8558796777,3,4
c7b21518-53cb-11ea-9a36-b88a60e194fb,crmid:2105941635,5,4
c7b322dc-53cb-11ea-8f99-b88a60e194fb,crmid:1621774725,4,8
c7b43386-53cb-11ea-9b4c-b88a60e194fb,crmid:3859964384,5,4
c7b51eb8-53cb-11ea-85d0-b88a60e194fb,crmid:1072102405,5,4
c7b62ed4-53cb-11ea-a46f-b88a60e194fb,crmid:3604811105,4,5
c7b768a8-53cb-11ea-8aa8-b88a60e194fb,crmid:1822270641,4,7
c7b852fa-53cb-11ea-86ac-b88a60e194fb,crmid:5618354026,5,5
c7b9646e-53cb-11ea-9e65-b88a60e194fb,crmid:8306235084,5,4
c7ba9d12-53cb-11ea-a855-b88a60e194fb,crmid:7487633532,8,3
c7bbacfe-53cb-11ea-a625-b88a60e194fb,crmid:4524383694,4,4
c7bc98c8-53cb-11ea-bf5c-b88a60e194fb,crmid:1628367524,5,4
c7bdd14a-53cb-11ea-8092-b88a60e194fb,crmid:9096504911,8,4
c7bebb9e-53cb-11ea-89b8-b88a60e194fb,crmid:8405837742,3,7
c7bfa60c-53cb-11ea-928f-b88a60e194fb,crmid:2987206005,5,3
c7c0b774-53cb-11ea-aae4-b88a60e194fb,crmid:7836356914,4,3
c7c1efd8-53cb-11ea-9700-b88a60e194fb,crmid:8185357923,5,3
