id,timestamp,crmid,orderid,prod_sku,prod_name,prod_category,prod_ownership,purchase_amt,units,currency_type,branchid
6c43ad34-4be1-11ea-ba73-b88a60e194fb-1,2020-01-07T13:00:01.000Z,crmid:5458015953,6c43ad34-4be1-11ea-ba73-b88a60e194fb,prd1034,Home Equity Loan,Mortgage,Personal,244343.06,1,USD,branchid:11089
6c44c000-4be1-11ea-96f1-b88a60e194fb-1,2020-01-19T19:16:43.000Z,crmid:4984357422,6c44c000-4be1-11ea-96f1-b88a60e194fb,prd1060,Traditional IRA,Retirement,Personal,287476.33,1,USD,branchid:11071
6c45aa48-4be1-11ea-a49e-b88a60e194fb-1,2020-01-25T19:48:32.000Z,crmid:7771831420,6c45aa48-4be1-11ea-a49e-b88a60e194fb,prd1025,Brokerage Account,Investment,Personal,163656.13,1,USD,branchid:11002
6c865d00-4be1-11ea-bd5d-b88a60e194fb-1,2020-01-27T11:26:24.000Z,crmid:5295346476,6c865d00-4be1-11ea-bd5d-b88a60e194fb,prd1120,Mortgage: 10/1 ARM,Mortgage,Personal,16238.15,1,USD,branchid:11042
6c871fe2-4be1-11ea-b994-b88a60e194fb-1,2020-01-17T18:48:29.000Z,crmid:8882786431,6c871fe2-4be1-11ea-b994-b88a60e194fb,prd1030,401k,Retirement,Personal,6287173.88,1,USD,branchid:11052
6c880910-4be1-11ea-bf4c-b88a60e194fb-1,2020-01-27T01:15:15.000Z,crmid:5124992953,6c880910-4be1-11ea-bf4c-b88a60e194fb,prd1117,Brokerage Account,Investment,Personal,17793.09,1,USD,branchid:11133
6c88cc86-4be1-11ea-a70d-b88a60e194fb-1,2020-01-11T08:37:29.000Z,crmid:9500304027,6c88cc86-4be1-11ea-a70d-b88a60e194fb,prd1183,Fixed Deposit,Investment,Personal,8385.73,1,USD,branchid:11068
6c89910a-4be1-11ea-a9cd-b88a60e194fb-1,2020-01-21T06:54:10.000Z,crmid:6664747891,6c89910a-4be1-11ea-a9cd-b88a60e194fb,prd1186,Money Market,Investment,Personal,13207.6,1,USD,branchid:11031
6c8a7b4a-4be1-11ea-b6e3-b88a60e194fb-1,2020-01-05T21:44:07.000Z,crmid:9747730307,6c8a7b4a-4be1-11ea-b6e3-b88a60e194fb,prd1025,Brokerage Account,Investment,Personal,14246.39,1,USD,branchid:11078
6c8b3ea8-4be1-11ea-ac8d-b88a60e194fb-1,2020-01-04T18:00:56.000Z,crmid:6910182790,6c8b3ea8-4be1-11ea-ac8d-b88a60e194fb,prd1165,Roth IRA,Retirement,Personal,4463140.5,1,USD,branchid:11099
6ccf2414-4be1-11ea-ba5c-b88a60e194fb-1,2020-01-05T15:12:25.000Z,crmid:3457897482,6ccf2414-4be1-11ea-ba5c-b88a60e194fb,prd1174,Traditional IRA,Retirement,Personal,8433.16,1,USD,branchid:11017
6cd00e82-4be1-11ea-b54f-b88a60e194fb-1,2020-01-17T20:39:23.000Z,crmid:7267316160,6cd00e82-4be1-11ea-b54f-b88a60e194fb,prd1115,Mortgage: VA,Mortgage,Personal,15146.14,1,USD,branchid:11076
6cd0f8e6-4be1-11ea-a847-b88a60e194fb-1,2020-01-15T01:48:52.000Z,crmid:5092786860,6cd0f8e6-4be1-11ea-a847-b88a60e194fb,prd1021,CDs: 5 year,Investment,Personal,252699.15,1,USD,branchid:11096
6cd1bc18-4be1-11ea-ba06-b88a60e194fb-1,2020-01-29T10:59:55.000Z,crmid:3270127884,6cd1bc18-4be1-11ea-ba06-b88a60e194fb,prd1120,Mortgage: 10/1 ARM,Mortgage,Personal,15396.97,1,USD,branchid:11148
6cd27f7a-4be1-11ea-9b8c-b88a60e194fb-1,2020-01-01T20:35:33.000Z,crmid:7254234970,6cd27f7a-4be1-11ea-9b8c-b88a60e194fb,prd1189,Overseas Equity Fund,Investment,Personal,153936.25,1,USD,branchid:11021
6cd369e6-4be1-11ea-899a-b88a60e194fb-1,2020-01-05T06:57:27.000Z,crmid:3120404548,6cd369e6-4be1-11ea-899a-b88a60e194fb,prd1046,Mortgage: VA,Mortgage,Personal,12054.56,1,USD,branchid:11079
6cd42ef0-4be1-11ea-a78b-b88a60e194fb-1,2020-01-12T06:49:56.000Z,crmid:3259618988,6cd42ef0-4be1-11ea-a78b-b88a60e194fb,prd1047,Mortgage: 10 yr Fixed,Mortgage,Personal,14775.11,1,USD,branchid:11034
6d12bcae-4be1-11ea-8a9f-b88a60e194fb-1,2020-01-10T15:56:56.000Z,crmid:2090714993,6d12bcae-4be1-11ea-8a9f-b88a60e194fb,prd1056,CDs: 5 year,Investment,Personal,15673.63,1,USD,branchid:11042
6d13a70a-4be1-11ea-b111-b88a60e194fb-1,2020-01-21T19:25:27.000Z,crmid:8671242743,6d13a70a-4be1-11ea-b111-b88a60e194fb,prd1078,Mortgage: 7/1 ARM,Mortgage,Personal,15520.05,1,USD,branchid:11132
6d146a52-4be1-11ea-a23f-b88a60e194fb-1,2020-01-14T12:45:57.000Z,crmid:8984687314,6d146a52-4be1-11ea-a23f-b88a60e194fb,prd1185,Mortgage: FHA,Mortgage,Personal,12708.04,1,USD,branchid:11150
6d152d92-4be1-11ea-bd8f-b88a60e194fb-1,2020-01-31T20:58:12.000Z,crmid:4760690017,6d152d92-4be1-11ea-bd8f-b88a60e194fb,prd1049,Business Brokerage Account,Investment,Business,143159.27,1,USD,branchid:11003
6d163f36-4be1-11ea-ab39-b88a60e194fb-1,2020-01-06T12:15:44.000Z,crmid:4558233769,6d163f36-4be1-11ea-ab39-b88a60e194fb,prd1183,Fixed Deposit,Investment,Personal,207495.39,1,USD,branchid:11082
6d172a66-4be1-11ea-ab99-b88a60e194fb-1,2020-01-25T10:58:40.000Z,crmid:1095030243,6d172a66-4be1-11ea-ab99-b88a60e194fb,prd1111,Pension Account,Retirement,Personal,5470031.24,1,USD,branchid:11037
6d17ee3a-4be1-11ea-8101-b88a60e194fb-1,2020-01-26T17:23:41.000Z,crmid:8706855922,6d17ee3a-4be1-11ea-8101-b88a60e194fb,prd1189,Overseas Equity Fund,Investment,Personal,177481.93,1,USD,branchid:11067
6d56f18a-4be1-11ea-b35e-b88a60e194fb-1,2020-01-14T14:55:49.000Z,crmid:5327280457,6d56f18a-4be1-11ea-b35e-b88a60e194fb,prd1189,Overseas Equity Fund,Investment,Personal,15816.14,1,USD,branchid:11145
6d57dbde-4be1-11ea-81c9-b88a60e194fb-1,2020-01-17T09:03:44.000Z,crmid:8766023571,6d57dbde-4be1-11ea-81c9-b88a60e194fb,prd1181,Mortgage: 5/1 ARM,Mortgage,Personal,10094.82,1,USD,branchid:11148
6d58a08a-4be1-11ea-ac3c-b88a60e194fb-1,2020-01-04T17:19:57.000Z,crmid:1550377903,6d58a08a-4be1-11ea-ac3c-b88a60e194fb,prd1150,Money Market,Investment,Personal,16777.18,1,USD,branchid:11020
6d59d7a8-4be1-11ea-85f1-b88a60e194fb-1,2020-01-19T00:09:50.000Z,crmid:3770587554,6d59d7a8-4be1-11ea-85f1-b88a60e194fb,prd1042,Roth IRA,Retirement,Personal,13961.64,1,USD,branchid:11102
6d5a9b02-4be1-11ea-af37-b88a60e194fb-1,2020-01-21T04:55:37.000Z,crmid:5758903666,6d5a9b02-4be1-11ea-af37-b88a60e194fb,prd1181,Mortgage: 5/1 ARM,Mortgage,Personal,3600352.8,1,USD,branchid:11115
6d5b5e50-4be1-11ea-8ead-b88a60e194fb-1,2020-01-13T11:27:43.000Z,crmid:5285545401,6d5b5e50-4be1-11ea-8ead-b88a60e194fb,prd1115,Mortgage: VA,Mortgage,Personal,15578.49,1,USD,branchid:11061
6d5c96dc-4be1-11ea-80bb-b88a60e194fb-1,2020-01-29T11:56:39.000Z,crmid:2847641637,6d5c96dc-4be1-11ea-80bb-b88a60e194fb,prd1114,CDs: 3 month,Investment,Personal,16153.92,1,USD,branchid:11069
6da33c9c-4be1-11ea-87c6-b88a60e194fb-1,2020-01-14T21:35:44.000Z,crmid:5412105585,6da33c9c-4be1-11ea-87c6-b88a60e194fb,prd1155,CDs: 5 year,Investment,Personal,8084.3,1,USD,branchid:11034
6da426fe-4be1-11ea-9a92-b88a60e194fb-1,2020-01-02T06:08:42.000Z,crmid:9514228535,6da426fe-4be1-11ea-9a92-b88a60e194fb,prd1033,Fixed Deposit,Investment,Personal,3799756.85,1,USD,branchid:11114
6da512d0-4be1-11ea-a4b8-b88a60e194fb-1,2020-01-09T02:02:44.000Z,crmid:3243580796,6da512d0-4be1-11ea-a4b8-b88a60e194fb,prd1083,Pension Account,Retirement,Personal,20007.88,1,USD,branchid:11042
6da5d5f4-4be1-11ea-80e6-b88a60e194fb-1,2020-01-19T20:52:56.000Z,crmid:4483120063,6da5d5f4-4be1-11ea-80e6-b88a60e194fb,prd1165,Roth IRA,Retirement,Personal,126611.35,1,USD,branchid:11121
6da6c01c-4be1-11ea-a5e0-b88a60e194fb-1,2020-01-31T16:48:51.000Z,crmid:4527362171,6da6c01c-4be1-11ea-a5e0-b88a60e194fb,prd1125,Mortgage: FHA,Mortgage,Personal,17941.45,1,USD,branchid:11094
6da7aa6e-4be1-11ea-beb1-b88a60e194fb-1,2020-01-28T14:38:10.000Z,crmid:4005708410,6da7aa6e-4be1-11ea-beb1-b88a60e194fb,prd1042,Roth IRA,Retirement,Personal,153657.17,1,USD,branchid:11008
6da89512-4be1-11ea-a6fd-b88a60e194fb-1,2020-01-29T09:01:21.000Z,crmid:1901371716,6da89512-4be1-11ea-a6fd-b88a60e194fb,prd1042,Roth IRA,Retirement,Personal,16686.32,1,USD,branchid:11003
6ded64d8-4be1-11ea-9a26-b88a60e194fb-1,2020-01-14T02:54:54.000Z,crmid:4109490191,6ded64d8-4be1-11ea-9a26-b88a60e194fb,prd1125,Mortgage: FHA,Mortgage,Personal,238177.8,1,USD,branchid:11042
6deec4b6-4be1-11ea-9915-b88a60e194fb-1,2020-01-23T05:55:22.000Z,crmid:1221004645,6deec4b6-4be1-11ea-9915-b88a60e194fb,prd1175,401k,Retirement,Personal,12191.36,1,USD,branchid:11135
6defd712-4be1-11ea-8fb4-b88a60e194fb-1,2020-01-28T10:56:33.000Z,crmid:2861365081,6defd712-4be1-11ea-8fb4-b88a60e194fb,prd1014,CDs: 3 month,Investment,Personal,8501.92,1,USD,branchid:11142
6df0c17a-4be1-11ea-a191-b88a60e194fb-1,2020-01-26T06:59:13.000Z,crmid:7328137158,6df0c17a-4be1-11ea-a191-b88a60e194fb,prd1037,Home Equity Loan,Mortgage,Personal,17267.93,1,USD,branchid:11082
6df1aa9e-4be1-11ea-b8da-b88a60e194fb-1,2020-01-26T14:06:20.000Z,crmid:3861145531,6df1aa9e-4be1-11ea-b8da-b88a60e194fb,prd1185,Mortgage: FHA,Mortgage,Personal,14952.44,1,USD,branchid:11133
6df26df8-4be1-11ea-9ced-b88a60e194fb-1,2020-01-06T06:48:39.000Z,crmid:8202400565,6df26df8-4be1-11ea-9ced-b88a60e194fb,prd1117,Brokerage Account,Investment,Personal,274662.99,1,USD,branchid:11150
6df358fe-4be1-11ea-9b6b-b88a60e194fb-1,2020-01-12T15:49:38.000Z,crmid:1506579713,6df358fe-4be1-11ea-9b6b-b88a60e194fb,prd1111,Pension Account,Retirement,Personal,17411.35,1,USD,branchid:11033
6e301492-4be1-11ea-b113-b88a60e194fb-1,2020-01-25T07:57:07.000Z,crmid:5692552470,6e301492-4be1-11ea-b113-b88a60e194fb,prd1131,Employee Stock Purchase Plans,Investment,Personal,2520008.81,1,USD,branchid:11094
6e30d7dc-4be1-11ea-9969-b88a60e194fb-1,2020-01-06T23:04:28.000Z,crmid:3735574321,6e30d7dc-4be1-11ea-9969-b88a60e194fb,prd1167,Roth IRA,Retirement,Personal,205018.58,1,USD,branchid:11073
6e319b1a-4be1-11ea-b156-b88a60e194fb-1,2020-01-13T15:44:14.000Z,crmid:3494057651,6e319b1a-4be1-11ea-b156-b88a60e194fb,prd1155,CDs: 5 year,Investment,Personal,74086.63,1,USD,branchid:11076
6e325e6c-4be1-11ea-bce1-b88a60e194fb-1,2020-01-30T15:16:59.000Z,crmid:9860023462,6e325e6c-4be1-11ea-bce1-b88a60e194fb,prd1175,401k,Retirement,Personal,277719.67,1,USD,branchid:11032
6e3348a2-4be1-11ea-8251-b88a60e194fb-1,2020-01-10T18:53:43.000Z,crmid:9415779505,6e3348a2-4be1-11ea-8251-b88a60e194fb,prd1159,CDs: 3 month,Investment,Personal,12027.27,1,USD,branchid:11026
6e3431e6-4be1-11ea-9094-b88a60e194fb-1,2020-01-24T12:02:32.000Z,crmid:5103821513,6e3431e6-4be1-11ea-9094-b88a60e194fb,prd1157,Brokerage Account,Investment,Personal,15866.2,1,USD,branchid:11045
6e351c42-4be1-11ea-8283-b88a60e194fb-1,2020-01-19T20:25:52.000Z,crmid:9449440445,6e351c42-4be1-11ea-8283-b88a60e194fb,prd1013,Mortgage: FHA,Mortgage,Personal,10247.53,1,USD,branchid:11068
6e788efe-4be1-11ea-98f9-b88a60e194fb-1,2020-01-31T09:34:49.000Z,crmid:2870308920,6e788efe-4be1-11ea-98f9-b88a60e194fb,prd1167,Roth IRA,Retirement,Personal,155610.51,1,USD,branchid:11023
6e79799a-4be1-11ea-b32d-b88a60e194fb-1,2020-01-03T22:36:02.000Z,crmid:1091606718,6e79799a-4be1-11ea-b32d-b88a60e194fb,prd1172,Employee Stock Purchase Plans,Investment,Personal,6616.91,1,USD,branchid:11130
6e7a3cb6-4be1-11ea-8c30-b88a60e194fb-1,2020-01-07T04:38:36.000Z,crmid:9714013869,6e7a3cb6-4be1-11ea-8c30-b88a60e194fb,prd1056,CDs: 5 year,Investment,Personal,13419.33,1,USD,branchid:11069
6e7affe6-4be1-11ea-9b2b-b88a60e194fb-1,2020-01-03T17:21:46.000Z,crmid:2091919307,6e7affe6-4be1-11ea-9b2b-b88a60e194fb,prd1028,CDs: 1 year,Investment,Personal,173647.85,1,USD,branchid:11148
6e7bea18-4be1-11ea-98b9-b88a60e194fb-1,2020-01-14T02:02:27.000Z,crmid:9775275637,6e7bea18-4be1-11ea-98b9-b88a60e194fb,prd1060,Traditional IRA,Retirement,Personal,133622.17,1,USD,branchid:11083
6e7cac4a-4be1-11ea-91ad-b88a60e194fb-1,2020-01-13T17:26:47.000Z,crmid:1523545726,6e7cac4a-4be1-11ea-91ad-b88a60e194fb,prd1041,Mortgage: 7/1 ARM,Mortgage,Personal,109327.08,1,USD,branchid:11059
6e7d70e4-4be1-11ea-913d-b88a60e194fb-1,2020-01-07T02:06:23.000Z,crmid:8037484781,6e7d70e4-4be1-11ea-913d-b88a60e194fb,prd1174,Traditional IRA,Retirement,Personal,3867459.91,1,USD,branchid:11024
6ebbd852-4be1-11ea-9b1a-b88a60e194fb-1,2020-01-25T01:23:01.000Z,crmid:3010706981,6ebbd852-4be1-11ea-9b1a-b88a60e194fb,prd1150,Money Market,Investment,Personal,14792.23,1,USD,branchid:11084
6ebcc3f0-4be1-11ea-87fb-b88a60e194fb-1,2020-01-07T00:53:48.000Z,crmid:6732897316,6ebcc3f0-4be1-11ea-87fb-b88a60e194fb,prd1121,Mortgage: 30-yr Fixed,Mortgage,Personal,247256.14,1,USD,branchid:11126
6ebd85d4-4be1-11ea-94bb-b88a60e194fb-1,2020-01-08T10:41:23.000Z,crmid:7144098303,6ebd85d4-4be1-11ea-94bb-b88a60e194fb,prd1139,Employee Stock Purchase Plans,Investment,Personal,9670.88,1,USD,branchid:11127
6ebe4922-4be1-11ea-b94f-b88a60e194fb-1,2020-01-24T13:27:27.000Z,crmid:3991453755,6ebe4922-4be1-11ea-b94f-b88a60e194fb,prd1124,CDs: 5 year,Investment,Personal,15619.21,1,USD,branchid:11132
6ebf3392-4be1-11ea-82e1-b88a60e194fb-1,2020-01-21T12:15:55.000Z,crmid:5525562015,6ebf3392-4be1-11ea-82e1-b88a60e194fb,prd1181,Mortgage: 5/1 ARM,Mortgage,Personal,172982.47,1,USD,branchid:11060
6ebfd118-4be1-11ea-af99-b88a60e194fb-1,2020-01-05T19:25:59.000Z,crmid:3913571781,6ebfd118-4be1-11ea-af99-b88a60e194fb,prd1097,Employee Stock Purchase Plans,Investment,Personal,13010.79,1,USD,branchid:11003
6ec09464-4be1-11ea-a982-b88a60e194fb-1,2020-01-11T01:16:22.000Z,crmid:1664984402,6ec09464-4be1-11ea-a982-b88a60e194fb,prd1115,Mortgage: VA,Mortgage,Personal,12286.5,1,USD,branchid:11040
6f025712-4be1-11ea-be02-b88a60e194fb-1,2020-01-24T15:52:59.000Z,crmid:4431979529,6f025712-4be1-11ea-be02-b88a60e194fb,prd1032,Home Equity Loan,Mortgage,Personal,4939178.9,1,USD,branchid:11054
6f03416e-4be1-11ea-9a8b-b88a60e194fb-1,2020-01-12T19:09:05.000Z,crmid:1469259106,6f03416e-4be1-11ea-9a8b-b88a60e194fb,prd1041,Mortgage: 7/1 ARM,Mortgage,Personal,3732185.08,1,USD,branchid:11093
6f042bca-4be1-11ea-b8a1-b88a60e194fb-1,2020-01-20T05:55:31.000Z,crmid:8393345655,6f042bca-4be1-11ea-b8a1-b88a60e194fb,prd1079,Mortgage: 30-yr Fixed,Mortgage,Personal,3903015.95,1,USD,branchid:11081
6f04ef8c-4be1-11ea-a432-b88a60e194fb-1,2020-01-04T09:52:53.000Z,crmid:5544999104,6f04ef8c-4be1-11ea-a432-b88a60e194fb,prd1144,Home Equity Loan,Mortgage,Personal,19465.39,1,USD,branchid:11003
6f05d9be-4be1-11ea-896a-b88a60e194fb-1,2020-01-19T23:08:16.000Z,crmid:4935444384,6f05d9be-4be1-11ea-896a-b88a60e194fb,prd1144,Home Equity Loan,Mortgage,Personal,16958.61,1,USD,branchid:11010
6f06c50c-4be1-11ea-a682-b88a60e194fb-1,2020-01-06T09:42:30.000Z,crmid:1174351179,6f06c50c-4be1-11ea-a682-b88a60e194fb,prd1154,Mortgage: 30-yr Fixed,Mortgage,Personal,16009.54,1,USD,branchid:11080
6f078710-4be1-11ea-9de5-b88a60e194fb-1,2020-01-27T19:36:37.000Z,crmid:6191205188,6f078710-4be1-11ea-9de5-b88a60e194fb,prd1112,Fixed Deposit,Investment,Personal,166017.03,1,USD,branchid:11072
6f47eb28-4be1-11ea-a4a5-b88a60e194fb-1,2020-01-14T14:37:31.000Z,crmid:9349828488,6f47eb28-4be1-11ea-a4a5-b88a60e194fb,prd1035,Pension Account,Retirement,Personal,13233.69,1,USD,branchid:11141
6f48d598-4be1-11ea-9fba-b88a60e194fb-1,2020-01-10T00:15:31.000Z,crmid:3239808897,6f48d598-4be1-11ea-9fba-b88a60e194fb,prd1046,Mortgage: VA,Mortgage,Personal,14104.22,1,USD,branchid:11081
6f4998e4-4be1-11ea-81b3-b88a60e194fb-1,2020-01-28T03:56:09.000Z,crmid:9381226657,6f4998e4-4be1-11ea-81b3-b88a60e194fb,prd1046,Mortgage: VA,Mortgage,Personal,16174.3,1,USD,branchid:11072
6f4a3528-4be1-11ea-b5e2-b88a60e194fb-1,2020-01-03T02:45:59.000Z,crmid:7776938950,6f4a3528-4be1-11ea-b5e2-b88a60e194fb,prd1179,Business Brokerage Account,Investment,Business,11396.52,1,USD,branchid:11038
6f4af876-4be1-11ea-8a36-b88a60e194fb-1,2020-01-10T12:47:32.000Z,crmid:7108638212,6f4af876-4be1-11ea-8a36-b88a60e194fb,prd1175,401k,Retirement,Personal,3815708.46,1,USD,branchid:11053
6f4be2d8-4be1-11ea-92c2-b88a60e194fb-1,2020-01-15T14:46:29.000Z,crmid:8819597178,6f4be2d8-4be1-11ea-92c2-b88a60e194fb,prd1033,Fixed Deposit,Investment,Personal,184551.71,1,USD,branchid:11108
6f4ca630-4be1-11ea-8574-b88a60e194fb-1,2020-01-13T08:20:38.000Z,crmid:5293730962,6f4ca630-4be1-11ea-8574-b88a60e194fb,prd1083,Pension Account,Retirement,Personal,7463.3,1,USD,branchid:11012
6f8e44e8-4be1-11ea-b534-b88a60e194fb-1,2020-01-31T06:19:04.000Z,crmid:6685435631,6f8e44e8-4be1-11ea-b534-b88a60e194fb,prd1153,CDs: 1 year,Investment,Personal,3772001.92,1,USD,branchid:11026
6f8f0652-4be1-11ea-b14a-b88a60e194fb-1,2020-01-25T07:44:40.000Z,crmid:1728852501,6f8f0652-4be1-11ea-b14a-b88a60e194fb,prd1034,Home Equity Loan,Mortgage,Personal,19159.5,1,USD,branchid:11129
6f8ff210-4be1-11ea-a157-b88a60e194fb-1,2020-01-04T03:31:15.000Z,crmid:5940856600,6f8ff210-4be1-11ea-a157-b88a60e194fb,prd1047,Mortgage: 10 yr Fixed,Mortgage,Personal,225057.34,1,USD,branchid:11149
6f910208-4be1-11ea-aedd-b88a60e194fb-1,2020-01-14T16:11:25.000Z,crmid:6323866389,6f910208-4be1-11ea-aedd-b88a60e194fb,prd1121,Mortgage: 30-yr Fixed,Mortgage,Personal,14055.88,1,USD,branchid:11092
6f91c55a-4be1-11ea-a761-b88a60e194fb-1,2020-01-10T11:51:29.000Z,crmid:8093454640,6f91c55a-4be1-11ea-a761-b88a60e194fb,prd1064,CDs: 3 month,Investment,Personal,257582.26,1,USD,branchid:11014
6f9288ac-4be1-11ea-a7ad-b88a60e194fb-1,2020-01-08T17:43:10.000Z,crmid:7810127727,6f9288ac-4be1-11ea-a7ad-b88a60e194fb,prd1033,Fixed Deposit,Investment,Personal,11796.94,1,USD,branchid:11089
6f934bee-4be1-11ea-9136-b88a60e194fb-1,2020-01-19T21:58:44.000Z,crmid:5983333985,6f934bee-4be1-11ea-9136-b88a60e194fb,prd1117,Brokerage Account,Investment,Personal,13900.57,1,USD,branchid:11116
6fd250f4-4be1-11ea-9f50-b88a60e194fb-1,2020-01-14T12:36:51.000Z,crmid:9801653854,6fd250f4-4be1-11ea-9f50-b88a60e194fb,prd1176,Overseas Equity Fund,Investment,Personal,15604.97,1,USD,branchid:11069
6fd31440-4be1-11ea-80c4-b88a60e194fb-1,2020-01-19T00:39:08.000Z,crmid:1043178781,6fd31440-4be1-11ea-80c4-b88a60e194fb,prd1185,Mortgage: FHA,Mortgage,Personal,9267.06,1,USD,branchid:11070
6fd3d766-4be1-11ea-b1dc-b88a60e194fb-1,2020-01-14T04:01:17.000Z,crmid:1615354286,6fd3d766-4be1-11ea-b1dc-b88a60e194fb,prd1045,Mortgage: 10/1 ARM,Mortgage,Personal,11533.63,1,USD,branchid:11120
6fd4c1cc-4be1-11ea-878b-b88a60e194fb-1,2020-01-18T19:24:33.000Z,crmid:2493908011,6fd4c1cc-4be1-11ea-878b-b88a60e194fb,prd1155,CDs: 5 year,Investment,Personal,231405.33,1,USD,branchid:11136
6fd55f1c-4be1-11ea-bd04-b88a60e194fb-1,2020-01-03T18:02:23.000Z,crmid:4047268181,6fd55f1c-4be1-11ea-bd04-b88a60e194fb,prd1108,401k,Retirement,Personal,15310.78,1,USD,branchid:11046
6fd6968c-4be1-11ea-a3e6-b88a60e194fb-1,2020-01-18T07:49:03.000Z,crmid:8455094472,6fd6968c-4be1-11ea-a3e6-b88a60e194fb,prd1172,Employee Stock Purchase Plans,Investment,Personal,221879.26,1,USD,branchid:11003
6fd759c8-4be1-11ea-8db3-b88a60e194fb-1,2020-01-10T19:23:00.000Z,crmid:7279969125,6fd759c8-4be1-11ea-8db3-b88a60e194fb,prd1182,Brokerage Account,Investment,Personal,247447.7,1,USD,branchid:11036
701796ee-4be1-11ea-b466-b88a60e194fb-1,2020-01-06T04:23:28.000Z,crmid:3466161910,701796ee-4be1-11ea-b466-b88a60e194fb,prd1025,Brokerage Account,Investment,Personal,4504709.07,1,USD,branchid:11011
7018a862-4be1-11ea-9448-b88a60e194fb-1,2020-01-25T15:20:40.000Z,crmid:7641181935,7018a862-4be1-11ea-9448-b88a60e194fb,prd1129,Mortgage: 10/1 ARM,Mortgage,Personal,11434.59,1,USD,branchid:11077
70196d18-4be1-11ea-af54-b88a60e194fb-1,2020-01-24T00:56:55.000Z,crmid:2007006356,70196d18-4be1-11ea-af54-b88a60e194fb,prd1014,CDs: 3 month,Investment,Personal,217811.09,1,USD,branchid:11050
701a3062-4be1-11ea-886a-b88a60e194fb-1,2020-01-25T20:37:59.000Z,crmid:2537017872,701a3062-4be1-11ea-886a-b88a60e194fb,prd1037,Home Equity Loan,Mortgage,Personal,185728.72,1,USD,branchid:11125
701b1acc-4be1-11ea-b035-b88a60e194fb-1,2020-01-14T22:39:44.000Z,crmid:3824176917,701b1acc-4be1-11ea-b035-b88a60e194fb,prd1184,Fixed Deposit,Investment,Personal,15438.8,1,USD,branchid:11087
701bde1c-4be1-11ea-abff-b88a60e194fb-1,2020-01-05T22:57:12.000Z,crmid:4396261408,701bde1c-4be1-11ea-abff-b88a60e194fb,prd1173,Money Market,Investment,Personal,13723.6,1,USD,branchid:11130
701ca1c8-4be1-11ea-8773-b88a60e194fb-1,2020-01-04T01:49:32.000Z,crmid:3648045416,701ca1c8-4be1-11ea-8773-b88a60e194fb,prd1068,Mortgage: 7/1 ARM,Mortgage,Personal,17334.21,1,USD,branchid:11051
70614a0a-4be1-11ea-82e6-b88a60e194fb-1,2020-01-29T16:29:47.000Z,crmid:4667343993,70614a0a-4be1-11ea-82e6-b88a60e194fb,prd1112,Fixed Deposit,Investment,Personal,208711.47,1,USD,branchid:11091
70623480-4be1-11ea-a0f4-b88a60e194fb-1,2020-01-15T08:22:59.000Z,crmid:7415139538,70623480-4be1-11ea-a0f4-b88a60e194fb,prd1087,Overseas Equity Fund,Investment,Personal,18424.26,1,USD,branchid:11027
706345dc-4be1-11ea-a69a-b88a60e194fb-1,2020-01-04T07:40:09.000Z,crmid:8129028259,706345dc-4be1-11ea-a69a-b88a60e194fb,prd1025,Brokerage Account,Investment,Personal,11087.89,1,USD,branchid:11064
7064303a-4be1-11ea-b51b-b88a60e194fb-1,2020-01-18T04:00:23.000Z,crmid:5240352635,7064303a-4be1-11ea-b51b-b88a60e194fb,prd1148,Mortgage: 10/1 ARM,Mortgage,Personal,4352824.21,1,USD,branchid:11134
7064f386-4be1-11ea-a12f-b88a60e194fb-1,2020-01-25T20:25:12.000Z,crmid:3804745948,7064f386-4be1-11ea-a12f-b88a60e194fb,prd1083,Pension Account,Retirement,Personal,12033.03,1,USD,branchid:11096
7065b6ca-4be1-11ea-a7f4-b88a60e194fb-1,2020-01-31T11:52:35.000Z,crmid:6910692354,7065b6ca-4be1-11ea-a7f4-b88a60e194fb,prd1037,Home Equity Loan,Mortgage,Personal,130345.43,1,USD,branchid:11008
70667a1e-4be1-11ea-a9bd-b88a60e194fb-1,2020-01-21T06:45:57.000Z,crmid:9265492226,70667a1e-4be1-11ea-a9bd-b88a60e194fb,prd1061,Mortgage: 5/1 ARM,Mortgage,Personal,174144.42,1,USD,branchid:11149
70a50b1e-4be1-11ea-aa55-b88a60e194fb-1,2020-01-28T06:03:37.000Z,crmid:7223099442,70a50b1e-4be1-11ea-aa55-b88a60e194fb,prd1008,Traditional IRA,Retirement,Personal,6059255.93,1,USD,branchid:11080
70a5f586-4be1-11ea-b43f-b88a60e194fb-1,2020-01-24T12:16:58.000Z,crmid:3183281576,70a5f586-4be1-11ea-b43f-b88a60e194fb,prd1060,Traditional IRA,Retirement,Personal,8052.85,1,USD,branchid:11039
70a6b766-4be1-11ea-8c5f-b88a60e194fb-1,2020-01-23T16:29:38.000Z,crmid:1194383349,70a6b766-4be1-11ea-8c5f-b88a60e194fb,prd1027,Mortgage: 30-yr Fixed,Mortgage,Personal,16374.07,1,USD,branchid:11145
70a77c10-4be1-11ea-ae47-b88a60e194fb-1,2020-01-03T02:51:28.000Z,crmid:3284970437,70a77c10-4be1-11ea-ae47-b88a60e194fb,prd1024,Mortgage: FHA,Mortgage,Personal,5869.77,1,USD,branchid:11010
70a83f54-4be1-11ea-b72b-b88a60e194fb-1,2020-01-21T12:49:03.000Z,crmid:9837852696,70a83f54-4be1-11ea-b72b-b88a60e194fb,prd1182,Brokerage Account,Investment,Personal,15395.38,1,USD,branchid:11117
70a9014a-4be1-11ea-b6a7-b88a60e194fb-1,2020-01-13T10:39:30.000Z,crmid:3533930931,70a9014a-4be1-11ea-b6a7-b88a60e194fb,prd1097,Employee Stock Purchase Plans,Investment,Personal,14758.38,1,USD,branchid:11089
70aa39f0-4be1-11ea-b618-b88a60e194fb-1,2020-01-16T19:31:36.000Z,crmid:6554886064,70aa39f0-4be1-11ea-b618-b88a60e194fb,prd1154,Mortgage: 30-yr Fixed,Mortgage,Personal,185180.81,1,USD,branchid:11132
70ed85c6-4be1-11ea-a67d-b88a60e194fb-1,2020-01-13T19:07:05.000Z,crmid:9119258792,70ed85c6-4be1-11ea-a67d-b88a60e194fb,prd1179,Business Brokerage Account,Investment,Business,18198.22,1,USD,branchid:11095
70ee70d2-4be1-11ea-a7df-b88a60e194fb-1,2020-01-21T21:10:55.000Z,crmid:9795744554,70ee70d2-4be1-11ea-a7df-b88a60e194fb,prd1046,Mortgage: VA,Mortgage,Personal,227411.79,1,USD,branchid:11146
70ef3406-4be1-11ea-a6a8-b88a60e194fb-1,2020-01-09T20:53:00.000Z,crmid:9774548679,70ef3406-4be1-11ea-a6a8-b88a60e194fb,prd1014,CDs: 3 month,Investment,Personal,16818.02,1,USD,branchid:11098
70f01dae-4be1-11ea-ad9f-b88a60e194fb-1,2020-01-11T01:34:32.000Z,crmid:1312849193,70f01dae-4be1-11ea-ad9f-b88a60e194fb,prd1173,Money Market,Investment,Personal,15335.5,1,USD,branchid:11066
70f107b4-4be1-11ea-a0cb-b88a60e194fb-1,2020-01-20T03:41:38.000Z,crmid:6980885536,70f107b4-4be1-11ea-a0cb-b88a60e194fb,prd1129,Mortgage: 10/1 ARM,Mortgage,Personal,5400386.77,1,USD,branchid:11069
70f1f198-4be1-11ea-82a5-b88a60e194fb-1,2020-01-03T13:35:06.000Z,crmid:3435216004,70f1f198-4be1-11ea-82a5-b88a60e194fb,prd1042,Roth IRA,Retirement,Personal,247148.57,1,USD,branchid:11112
70f3027e-4be1-11ea-b964-b88a60e194fb-1,2020-01-19T04:47:26.000Z,crmid:6177424244,70f3027e-4be1-11ea-b964-b88a60e194fb,prd1120,Mortgage: 10/1 ARM,Mortgage,Personal,223365.31,1,USD,branchid:11023
71338df0-4be1-11ea-9514-b88a60e194fb-1,2020-01-06T02:41:04.000Z,crmid:3953936183,71338df0-4be1-11ea-9514-b88a60e194fb,prd1013,Mortgage: FHA,Mortgage,Personal,19108.14,1,USD,branchid:11104
7134a0b8-4be1-11ea-817f-b88a60e194fb-1,2020-01-15T22:41:28.000Z,crmid:6220232019,7134a0b8-4be1-11ea-817f-b88a60e194fb,prd1129,Mortgage: 10/1 ARM,Mortgage,Personal,12915.89,1,USD,branchid:11080
7135629a-4be1-11ea-848a-b88a60e194fb-1,2020-01-14T18:53:42.000Z,crmid:3207591008,7135629a-4be1-11ea-848a-b88a60e194fb,prd1056,CDs: 5 year,Investment,Personal,13977.49,1,USD,branchid:11074
7136274c-4be1-11ea-b2fe-b88a60e194fb-1,2020-01-06T21:15:03.000Z,crmid:5230032545,7136274c-4be1-11ea-b2fe-b88a60e194fb,prd1174,Traditional IRA,Retirement,Personal,151920.95,1,USD,branchid:11131
7137119a-4be1-11ea-9d63-b88a60e194fb-1,2020-01-05T07:40:27.000Z,crmid:2613434853,7137119a-4be1-11ea-9d63-b88a60e194fb,prd1049,Business Brokerage Account,Investment,Business,18954.75,1,USD,branchid:11092
7137d4f4-4be1-11ea-b083-b88a60e194fb-1,2020-01-27T06:41:46.000Z,crmid:9421352436,7137d4f4-4be1-11ea-b083-b88a60e194fb,prd1172,Employee Stock Purchase Plans,Investment,Personal,18752.04,1,USD,branchid:11130
7138983a-4be1-11ea-8e53-b88a60e194fb-1,2020-01-21T05:17:53.000Z,crmid:7725960501,7138983a-4be1-11ea-8e53-b88a60e194fb,prd1129,Mortgage: 10/1 ARM,Mortgage,Personal,15022.72,1,USD,branchid:11076
717e2b40-4be1-11ea-bf8d-b88a60e194fb-1,2020-01-06T12:03:26.000Z,crmid:8909352639,717e2b40-4be1-11ea-bf8d-b88a60e194fb,prd1030,401k,Retirement,Personal,21104.06,1,USD,branchid:11150
717f3cb4-4be1-11ea-9910-b88a60e194fb-1,2020-01-01T07:27:28.000Z,crmid:6672732524,717f3cb4-4be1-11ea-9910-b88a60e194fb,prd1108,401k,Retirement,Personal,152310.6,1,USD,branchid:11036
71804e76-4be1-11ea-a963-b88a60e194fb-1,2020-01-28T04:21:07.000Z,crmid:2609893997,71804e76-4be1-11ea-a963-b88a60e194fb,prd1117,Brokerage Account,Investment,Personal,121674.37,1,USD,branchid:11084
7180ebb4-4be1-11ea-82be-b88a60e194fb-1,2020-01-01T10:30:03.000Z,crmid:5811280499,7180ebb4-4be1-11ea-82be-b88a60e194fb,prd1097,Employee Stock Purchase Plans,Investment,Personal,154770.03,1,USD,branchid:11009
718222f6-4be1-11ea-9bec-b88a60e194fb-1,2020-01-29T21:15:07.000Z,crmid:6848487106,718222f6-4be1-11ea-9bec-b88a60e194fb,prd1110,Traditional IRA,Retirement,Personal,232829.98,1,USD,branchid:11045
71830d3e-4be1-11ea-965a-b88a60e194fb-1,2020-01-10T10:57:01.000Z,crmid:7058128745,71830d3e-4be1-11ea-965a-b88a60e194fb,prd1131,Employee Stock Purchase Plans,Investment,Personal,132792.63,1,USD,branchid:11034
71841e90-4be1-11ea-86b1-b88a60e194fb-1,2020-01-22T09:25:20.000Z,crmid:6980885536,71841e90-4be1-11ea-86b1-b88a60e194fb,prd1014,CDs: 3 month,Investment,Personal,12146.31,1,USD,branchid:11010
71c4d126-4be1-11ea-8510-b88a60e194fb-1,2020-01-15T00:27:27.000Z,crmid:5834238315,71c4d126-4be1-11ea-8510-b88a60e194fb,prd1097,Employee Stock Purchase Plans,Investment,Personal,13365.43,1,USD,branchid:11069
71c5bb98-4be1-11ea-8aed-b88a60e194fb-1,2020-01-06T14:32:02.000Z,crmid:7255531087,71c5bb98-4be1-11ea-8aed-b88a60e194fb,prd1101,Mortgage: 5/1 ARM,Mortgage,Personal,20976.48,1,USD,branchid:11072
71c6a5e6-4be1-11ea-8f0b-b88a60e194fb-1,2020-01-22T21:31:31.000Z,crmid:1205425463,71c6a5e6-4be1-11ea-8f0b-b88a60e194fb,prd1167,Roth IRA,Retirement,Personal,10955.42,1,USD,branchid:11099
71c76930-4be1-11ea-bc02-b88a60e194fb-1,2020-01-14T04:19:17.000Z,crmid:2066860381,71c76930-4be1-11ea-bc02-b88a60e194fb,prd1148,Mortgage: 10/1 ARM,Mortgage,Personal,253320.15,1,USD,branchid:11002
71c8c8ae-4be1-11ea-bd7d-b88a60e194fb-1,2020-01-22T17:12:26.000Z,crmid:6572856339,71c8c8ae-4be1-11ea-bd7d-b88a60e194fb,prd1120,Mortgage: 10/1 ARM,Mortgage,Personal,2379569.39,1,USD,branchid:11008
71c9da24-4be1-11ea-aa04-b88a60e194fb-1,2020-01-23T12:18:40.000Z,crmid:9771402678,71c9da24-4be1-11ea-aa04-b88a60e194fb,prd1061,Mortgage: 5/1 ARM,Mortgage,Personal,18033.24,1,USD,branchid:11008
71caeb98-4be1-11ea-a931-b88a60e194fb-1,2020-01-15T16:16:50.000Z,crmid:7153934171,71caeb98-4be1-11ea-a931-b88a60e194fb,prd1131,Employee Stock Purchase Plans,Investment,Personal,15336.24,1,USD,branchid:11132
720f2074-4be1-11ea-9c3f-b88a60e194fb-1,2020-01-07T11:50:50.000Z,crmid:2837824404,720f2074-4be1-11ea-9c3f-b88a60e194fb,prd1029,401k,Retirement,Personal,14498.23,1,USD,branchid:11127
720fe3c6-4be1-11ea-b087-b88a60e194fb-1,2020-01-03T07:25:11.000Z,crmid:2345041402,720fe3c6-4be1-11ea-b087-b88a60e194fb,prd1033,Fixed Deposit,Investment,Personal,122230.19,1,USD,branchid:11136
7210cf8a-4be1-11ea-be00-b88a60e194fb-1,2020-01-05T19:19:12.000Z,crmid:1477558163,7210cf8a-4be1-11ea-be00-b88a60e194fb,prd1175,401k,Retirement,Personal,13981.13,1,USD,branchid:11005
7211930a-4be1-11ea-a5a1-b88a60e194fb-1,2020-01-23T11:33:18.000Z,crmid:3060898646,7211930a-4be1-11ea-a5a1-b88a60e194fb,prd1174,Traditional IRA,Retirement,Personal,14489.9,1,USD,branchid:11139
72122f08-4be1-11ea-8d4b-b88a60e194fb-1,2020-01-05T03:54:07.000Z,crmid:6155146667,72122f08-4be1-11ea-8d4b-b88a60e194fb,prd1131,Employee Stock Purchase Plans,Investment,Personal,255330.11,1,USD,branchid:11016
7212f250-4be1-11ea-9ede-b88a60e194fb-1,2020-01-12T08:55:16.000Z,crmid:9666008664,7212f250-4be1-11ea-9ede-b88a60e194fb,prd1014,CDs: 3 month,Investment,Personal,12664.25,1,USD,branchid:11066
7213b5c2-4be1-11ea-8687-b88a60e194fb-1,2020-01-19T12:53:48.000Z,crmid:5183337878,7213b5c2-4be1-11ea-8687-b88a60e194fb,prd1033,Fixed Deposit,Investment,Personal,13561.51,1,USD,branchid:11116
7255799c-4be1-11ea-9bed-b88a60e194fb-1,2020-01-16T12:09:51.000Z,crmid:3696282535,7255799c-4be1-11ea-9bed-b88a60e194fb,prd1078,Mortgage: 7/1 ARM,Mortgage,Personal,3683946.51,1,USD,branchid:11105
7256628c-4be1-11ea-a1fa-b88a60e194fb-1,2020-01-07T16:24:58.000Z,crmid:4211923392,7256628c-4be1-11ea-a1fa-b88a60e194fb,prd1013,Mortgage: FHA,Mortgage,Personal,13743.33,1,USD,branchid:11147
72574cdc-4be1-11ea-90c2-b88a60e194fb-1,2020-01-25T13:48:17.000Z,crmid:2644849187,72574cdc-4be1-11ea-90c2-b88a60e194fb,prd1029,401k,Retirement,Personal,173976.13,1,USD,branchid:11051
7258119e-4be1-11ea-ac60-b88a60e194fb-1,2020-01-06T17:02:42.000Z,crmid:9478741210,7258119e-4be1-11ea-ac60-b88a60e194fb,prd1179,Business Brokerage Account,Investment,Business,14362.31,1,USD,branchid:11070
7258ac80-4be1-11ea-8a60-b88a60e194fb-1,2020-01-04T14:51:14.000Z,crmid:7857444189,7258ac80-4be1-11ea-8a60-b88a60e194fb,prd1110,Traditional IRA,Retirement,Personal,15341.95,1,USD,branchid:11030
7259beb6-4be1-11ea-b180-b88a60e194fb-1,2020-01-18T14:55:41.000Z,crmid:6331808788,7259beb6-4be1-11ea-b180-b88a60e194fb,prd1008,Traditional IRA,Retirement,Personal,15839.73,1,USD,branchid:11124
725aa842-4be1-11ea-b1c6-b88a60e194fb-1,2020-01-05T02:49:41.000Z,crmid:1817915846,725aa842-4be1-11ea-b1c6-b88a60e194fb,prd1114,CDs: 3 month,Investment,Personal,16661.99,1,USD,branchid:11005
729dcb82-4be1-11ea-9808-b88a60e194fb-1,2020-01-02T09:44:49.000Z,crmid:4886782697,729dcb82-4be1-11ea-9808-b88a60e194fb,prd1035,Pension Account,Retirement,Personal,15259.88,1,USD,branchid:11061
729e8ee8-4be1-11ea-bd8b-b88a60e194fb-1,2020-01-11T00:34:49.000Z,crmid:8938767553,729e8ee8-4be1-11ea-bd8b-b88a60e194fb,prd1024,Mortgage: FHA,Mortgage,Personal,17644.56,1,USD,branchid:11098
729fa058-4be1-11ea-939a-b88a60e194fb-1,2020-01-30T07:19:33.000Z,crmid:7525606703,729fa058-4be1-11ea-939a-b88a60e194fb,prd1139,Employee Stock Purchase Plans,Investment,Personal,19079.29,1,USD,branchid:11085
72a063a2-4be1-11ea-ac83-b88a60e194fb-1,2020-01-04T11:42:42.000Z,crmid:7686887634,72a063a2-4be1-11ea-ac83-b88a60e194fb,prd1154,Mortgage: 30-yr Fixed,Mortgage,Personal,219123.14,1,USD,branchid:11052
72a12712-4be1-11ea-a246-b88a60e194fb-1,2020-01-14T18:45:35.000Z,crmid:8385567436,72a12712-4be1-11ea-a246-b88a60e194fb,prd1123,Mortgage: 10 yr Fixed,Mortgage,Personal,177218.74,1,USD,branchid:11021
72a1eb52-4be1-11ea-b142-b88a60e194fb-1,2020-01-26T13:11:24.000Z,crmid:4176838256,72a1eb52-4be1-11ea-b142-b88a60e194fb,prd1024,Mortgage: FHA,Mortgage,Personal,14385.92,1,USD,branchid:11136
72a2aef6-4be1-11ea-836c-b88a60e194fb-1,2020-01-16T21:16:15.000Z,crmid:2558794684,72a2aef6-4be1-11ea-836c-b88a60e194fb,prd1184,Fixed Deposit,Investment,Personal,16801.69,1,USD,branchid:11030
72e77ee2-4be1-11ea-b446-b88a60e194fb-1,2020-01-19T22:00:48.000Z,crmid:9761689175,72e77ee2-4be1-11ea-b446-b88a60e194fb,prd1167,Roth IRA,Retirement,Personal,11254.47,1,USD,branchid:11117
72e84228-4be1-11ea-81a5-b88a60e194fb-1,2020-01-08T23:45:00.000Z,crmid:7319029993,72e84228-4be1-11ea-81a5-b88a60e194fb,prd1047,Mortgage: 10 yr Fixed,Mortgage,Personal,8310.84,1,USD,branchid:11094
72e90574-4be1-11ea-b9d3-b88a60e194fb-1,2020-01-21T14:29:40.000Z,crmid:4953472407,72e90574-4be1-11ea-b9d3-b88a60e194fb,prd1049,Business Brokerage Account,Investment,Business,15040.95,1,USD,branchid:11135
72e9c8c0-4be1-11ea-9910-b88a60e194fb-1,2020-01-02T15:34:07.000Z,crmid:6166694707,72e9c8c0-4be1-11ea-9910-b88a60e194fb,prd1150,Money Market,Investment,Personal,13299.62,1,USD,branchid:11051
72eab31e-4be1-11ea-ac98-b88a60e194fb-1,2020-01-11T22:44:58.000Z,crmid:4612318078,72eab31e-4be1-11ea-ac98-b88a60e194fb,prd1114,CDs: 3 month,Investment,Personal,16632.88,1,USD,branchid:11048
72eb7652-4be1-11ea-a8ce-b88a60e194fb-1,2020-01-04T16:15:01.000Z,crmid:7714053279,72eb7652-4be1-11ea-a8ce-b88a60e194fb,prd1159,CDs: 3 month,Investment,Personal,15115.09,1,USD,branchid:11099
72ec3990-4be1-11ea-8a99-b88a60e194fb-1,2020-01-09T21:19:51.000Z,crmid:6739971721,72ec3990-4be1-11ea-8a99-b88a60e194fb,prd1025,Brokerage Account,Investment,Personal,18606.83,1,USD,branchid:11075
732f0ee8-4be1-11ea-b11f-b88a60e194fb-1,2020-01-06T01:36:48.000Z,crmid:8020969482,732f0ee8-4be1-11ea-b11f-b88a60e194fb,prd1165,Roth IRA,Retirement,Personal,5197626.97,1,USD,branchid:11020
732ff958-4be1-11ea-adf1-b88a60e194fb-1,2020-01-03T12:23:11.000Z,crmid:2874254637,732ff958-4be1-11ea-adf1-b88a60e194fb,prd1037,Home Equity Loan,Mortgage,Personal,153441.96,1,USD,branchid:11033
7330e50c-4be1-11ea-a19d-b88a60e194fb-1,2020-01-20T04:14:02.000Z,crmid:9776616023,7330e50c-4be1-11ea-a19d-b88a60e194fb,prd1124,CDs: 5 year,Investment,Personal,224771.76,1,USD,branchid:11124
7331a85c-4be1-11ea-ad45-b88a60e194fb-1,2020-01-23T08:48:57.000Z,crmid:6640086344,7331a85c-4be1-11ea-ad45-b88a60e194fb,prd1060,Traditional IRA,Retirement,Personal,15253.36,1,USD,branchid:11129
73329250-4be1-11ea-8489-b88a60e194fb-1,2020-01-02T23:28:06.000Z,crmid:4043044078,73329250-4be1-11ea-8489-b88a60e194fb,prd1185,Mortgage: FHA,Mortgage,Personal,268140.0,1,USD,branchid:11116
73335614-4be1-11ea-908c-b88a60e194fb-1,2020-01-12T21:46:22.000Z,crmid:1005341036,73335614-4be1-11ea-908c-b88a60e194fb,prd1173,Money Market,Investment,Personal,169189.23,1,USD,branchid:11064
7334402c-4be1-11ea-8f19-b88a60e194fb-1,2020-01-10T16:48:48.000Z,crmid:2908249493,7334402c-4be1-11ea-8f19-b88a60e194fb,prd1179,Business Brokerage Account,Investment,Business,10699.08,1,USD,branchid:11146
73787406-4be1-11ea-bcb1-b88a60e194fb-1,2020-01-30T21:16:11.000Z,crmid:8610533639,73787406-4be1-11ea-bcb1-b88a60e194fb,prd1189,Overseas Equity Fund,Investment,Personal,13319.71,1,USD,branchid:11085
73793752-4be1-11ea-91ba-b88a60e194fb-1,2020-01-31T19:36:11.000Z,crmid:6839513835,73793752-4be1-11ea-91ba-b88a60e194fb,prd1025,Brokerage Account,Investment,Personal,18717.78,1,USD,branchid:11078
7379fa86-4be1-11ea-afb7-b88a60e194fb-1,2020-01-17T18:57:14.000Z,crmid:8047378566,7379fa86-4be1-11ea-afb7-b88a60e194fb,prd1088,CDs: 1 year,Investment,Personal,196467.79,1,USD,branchid:11017
737abde4-4be1-11ea-a2b1-b88a60e194fb-1,2020-01-14T07:18:09.000Z,crmid:2552560585,737abde4-4be1-11ea-a2b1-b88a60e194fb,prd1026,Mortgage: 5/1 ARM,Mortgage,Personal,16059.8,1,USD,branchid:11010
737b8174-4be1-11ea-a4c5-b88a60e194fb-1,2020-01-01T18:08:01.000Z,crmid:5398293301,737b8174-4be1-11ea-a4c5-b88a60e194fb,prd1060,Traditional IRA,Retirement,Personal,17036.57,1,USD,branchid:11081
737c448a-4be1-11ea-bb30-b88a60e194fb-1,2020-01-12T12:58:51.000Z,crmid:3767879807,737c448a-4be1-11ea-bb30-b88a60e194fb,prd1157,Brokerage Account,Investment,Personal,14868.66,1,USD,branchid:11007
737d2ede-4be1-11ea-bc15-b88a60e194fb-1,2020-01-31T00:03:55.000Z,crmid:7816741841,737d2ede-4be1-11ea-bc15-b88a60e194fb,prd1189,Overseas Equity Fund,Investment,Personal,10922.76,1,USD,branchid:11041
73bef286-4be1-11ea-b027-b88a60e194fb-1,2020-01-17T04:09:04.000Z,crmid:4656993560,73bef286-4be1-11ea-b027-b88a60e194fb,prd1155,CDs: 5 year,Investment,Personal,12846.72,1,USD,branchid:11028
73c0041a-4be1-11ea-a036-b88a60e194fb-1,2020-01-01T12:37:10.000Z,crmid:8446298999,73c0041a-4be1-11ea-a036-b88a60e194fb,prd1088,CDs: 1 year,Investment,Personal,16302.15,1,USD,branchid:11137
73c0ee5c-4be1-11ea-81cc-b88a60e194fb-1,2020-01-09T00:34:00.000Z,crmid:4081319933,73c0ee5c-4be1-11ea-81cc-b88a60e194fb,prd1079,Mortgage: 30-yr Fixed,Mortgage,Personal,12613.13,1,USD,branchid:11121
73c1b1a4-4be1-11ea-bf36-b88a60e194fb-1,2020-01-02T21:16:10.000Z,crmid:7596408440,73c1b1a4-4be1-11ea-bf36-b88a60e194fb,prd1033,Fixed Deposit,Investment,Personal,18478.93,1,USD,branchid:11110
73c274ee-4be1-11ea-a049-b88a60e194fb-1,2020-01-26T13:46:09.000Z,crmid:3888646310,73c274ee-4be1-11ea-a049-b88a60e194fb,prd1159,CDs: 3 month,Investment,Personal,168933.94,1,USD,branchid:11005
73c35f58-4be1-11ea-9538-b88a60e194fb-1,2020-01-15T00:10:27.000Z,crmid:2522876505,73c35f58-4be1-11ea-9538-b88a60e194fb,prd1025,Brokerage Account,Investment,Personal,174252.91,1,USD,branchid:11056
73c449b4-4be1-11ea-9c25-b88a60e194fb-1,2020-01-22T21:19:28.000Z,crmid:1244334322,73c449b4-4be1-11ea-9c25-b88a60e194fb,prd1181,Mortgage: 5/1 ARM,Mortgage,Personal,12260.06,1,USD,branchid:11108
7406f826-4be1-11ea-90d3-b88a60e194fb-1,2020-01-22T00:13:27.000Z,crmid:5196937829,7406f826-4be1-11ea-90d3-b88a60e194fb,prd1042,Roth IRA,Retirement,Personal,12725.46,1,USD,branchid:11027
7408095e-4be1-11ea-ab88-b88a60e194fb-1,2020-01-02T23:31:06.000Z,crmid:4525858675,7408095e-4be1-11ea-ab88-b88a60e194fb,prd1073,Business Brokerage Account,Investment,Business,299453.52,1,USD,branchid:11067
7408f54a-4be1-11ea-b228-b88a60e194fb-1,2020-01-28T00:20:55.000Z,crmid:5131264246,7408f54a-4be1-11ea-b228-b88a60e194fb,prd1032,Home Equity Loan,Mortgage,Personal,158896.3,1,USD,branchid:11020
7409b86e-4be1-11ea-b2f5-b88a60e194fb-1,2020-01-11T19:10:24.000Z,crmid:1375007400,7409b86e-4be1-11ea-b2f5-b88a60e194fb,prd1042,Roth IRA,Retirement,Personal,4249781.37,1,USD,branchid:11048
740a7a8c-4be1-11ea-8dd6-b88a60e194fb-1,2020-01-08T13:30:25.000Z,crmid:4815394437,740a7a8c-4be1-11ea-8dd6-b88a60e194fb,prd1053,Mortgage: VA,Mortgage,Personal,19619.65,1,USD,branchid:11131
740b3f1a-4be1-11ea-9de3-b88a60e194fb-1,2020-01-02T02:37:24.000Z,crmid:3084485816,740b3f1a-4be1-11ea-9de3-b88a60e194fb,prd1121,Mortgage: 30-yr Fixed,Mortgage,Personal,4893226.2,1,USD,branchid:11105
740c0274-4be1-11ea-919b-b88a60e194fb-1,2020-01-22T06:14:51.000Z,crmid:7204799622,740c0274-4be1-11ea-919b-b88a60e194fb,prd1167,Roth IRA,Retirement,Personal,3921012.67,1,USD,branchid:11131
744cda9e-4be1-11ea-be9d-b88a60e194fb-1,2020-01-28T10:28:33.000Z,crmid:9956597654,744cda9e-4be1-11ea-be9d-b88a60e194fb,prd1101,Mortgage: 5/1 ARM,Mortgage,Personal,15378.2,1,USD,branchid:11116
744dc50a-4be1-11ea-a7d6-b88a60e194fb-1,2020-01-03T22:15:05.000Z,crmid:1576047403,744dc50a-4be1-11ea-a7d6-b88a60e194fb,prd1151,Mortgage: 10 yr Fixed,Mortgage,Personal,14684.92,1,USD,branchid:11089
744e8858-4be1-11ea-9499-b88a60e194fb-1,2020-01-26T04:41:44.000Z,crmid:5652993810,744e8858-4be1-11ea-9499-b88a60e194fb,prd1027,Mortgage: 30-yr Fixed,Mortgage,Personal,169674.23,1,USD,branchid:11065
744f4b8a-4be1-11ea-a772-b88a60e194fb-1,2020-01-28T21:16:19.000Z,crmid:3151726980,744f4b8a-4be1-11ea-a772-b88a60e194fb,prd1124,CDs: 5 year,Investment,Personal,9152.82,1,USD,branchid:11041
745035dc-4be1-11ea-b3ca-b88a60e194fb-1,2020-01-28T10:25:46.000Z,crmid:5825416224,745035dc-4be1-11ea-b3ca-b88a60e194fb,prd1014,CDs: 3 month,Investment,Personal,10873.9,1,USD,branchid:11083
74514768-4be1-11ea-8631-b88a60e194fb-1,2020-01-21T07:21:53.000Z,crmid:5602246360,74514768-4be1-11ea-8631-b88a60e194fb,prd1139,Employee Stock Purchase Plans,Investment,Personal,15063.98,1,USD,branchid:11002
74520ab6-4be1-11ea-adcf-b88a60e194fb-1,2020-01-03T11:49:42.000Z,crmid:2946681530,74520ab6-4be1-11ea-adcf-b88a60e194fb,prd1176,Overseas Equity Fund,Investment,Personal,15561.63,1,USD,branchid:11041
7494b8b6-4be1-11ea-b562-b88a60e194fb-1,2020-01-15T20:32:23.000Z,crmid:3177222493,7494b8b6-4be1-11ea-b562-b88a60e194fb,prd1021,CDs: 5 year,Investment,Personal,218342.33,1,USD,branchid:11087
74957c18-4be1-11ea-9563-b88a60e194fb-1,2020-01-26T17:41:57.000Z,crmid:9556566106,74957c18-4be1-11ea-9563-b88a60e194fb,prd1155,CDs: 5 year,Investment,Personal,15424.51,1,USD,branchid:11040
74966668-4be1-11ea-af3c-b88a60e194fb-1,2020-01-23T14:53:26.000Z,crmid:1192204981,74966668-4be1-11ea-af3c-b88a60e194fb,prd1032,Home Equity Loan,Mortgage,Personal,119974.46,1,USD,branchid:11135
749729ca-4be1-11ea-9215-b88a60e194fb-1,2020-01-28T07:14:57.000Z,crmid:7547554055,749729ca-4be1-11ea-9215-b88a60e194fb,prd1183,Fixed Deposit,Investment,Personal,185628.42,1,USD,branchid:11143
74981428-4be1-11ea-b739-b88a60e194fb-1,2020-01-30T00:59:29.000Z,crmid:1467362132,74981428-4be1-11ea-b739-b88a60e194fb,prd1029,401k,Retirement,Personal,18489.44,1,USD,branchid:11083
7498fe76-4be1-11ea-b8cf-b88a60e194fb-1,2020-01-26T00:34:21.000Z,crmid:3203047178,7498fe76-4be1-11ea-b8cf-b88a60e194fb,prd1125,Mortgage: FHA,Mortgage,Personal,3727600.14,1,USD,branchid:11060
7499c1ca-4be1-11ea-9fbf-b88a60e194fb-1,2020-01-28T05:07:23.000Z,crmid:2586054865,7499c1ca-4be1-11ea-9fbf-b88a60e194fb,prd1159,CDs: 3 month,Investment,Personal,23899.84,1,USD,branchid:11030
74ddf6ac-4be1-11ea-a4b0-b88a60e194fb-1,2020-01-24T01:44:29.000Z,crmid:7432205528,74ddf6ac-4be1-11ea-a4b0-b88a60e194fb,prd1029,401k,Retirement,Personal,16235.18,1,USD,branchid:11085
74dee148-4be1-11ea-89c0-b88a60e194fb-1,2020-01-27T19:04:55.000Z,crmid:1621943221,74dee148-4be1-11ea-89c0-b88a60e194fb,prd1174,Traditional IRA,Retirement,Personal,247768.13,1,USD,branchid:11102
74e040ec-4be1-11ea-b697-b88a60e194fb-1,2020-01-31T10:29:41.000Z,crmid:6591195416,74e040ec-4be1-11ea-b697-b88a60e194fb,prd1184,Fixed Deposit,Investment,Personal,130579.27,1,USD,branchid:11010
74e12c4c-4be1-11ea-a55b-b88a60e194fb-1,2020-01-27T09:20:07.000Z,crmid:8975850709,74e12c4c-4be1-11ea-a55b-b88a60e194fb,prd1157,Brokerage Account,Investment,Personal,4340453.92,1,USD,branchid:11046
74e215f4-4be1-11ea-839b-b88a60e194fb-1,2020-01-23T01:02:11.000Z,crmid:9147454159,74e215f4-4be1-11ea-839b-b88a60e194fb,prd1033,Fixed Deposit,Investment,Personal,13056.7,1,USD,branchid:11134
74e2d9a2-4be1-11ea-bc1f-b88a60e194fb-1,2020-01-01T00:38:52.000Z,crmid:4478659925,74e2d9a2-4be1-11ea-bc1f-b88a60e194fb,prd1176,Overseas Equity Fund,Investment,Personal,212630.52,1,USD,branchid:11037
74e39c0c-4be1-11ea-b96e-b88a60e194fb-1,2020-01-03T08:30:28.000Z,crmid:1390505375,74e39c0c-4be1-11ea-b96e-b88a60e194fb,prd1037,Home Equity Loan,Mortgage,Personal,18135.96,1,USD,branchid:11102
75264a62-4be1-11ea-871c-b88a60e194fb-1,2020-01-19T02:53:50.000Z,crmid:1787571671,75264a62-4be1-11ea-871c-b88a60e194fb,prd1125,Mortgage: FHA,Mortgage,Personal,16420.17,1,USD,branchid:11080
75270da2-4be1-11ea-a77d-b88a60e194fb-1,2020-01-19T20:30:57.000Z,crmid:2702153592,75270da2-4be1-11ea-a77d-b88a60e194fb,prd1077,Roth IRA,Retirement,Personal,186770.38,1,USD,branchid:11099
7527f954-4be1-11ea-9fb2-b88a60e194fb-1,2020-01-12T17:27:49.000Z,crmid:4269070220,7527f954-4be1-11ea-9fb2-b88a60e194fb,prd1049,Business Brokerage Account,Investment,Business,149430.61,1,USD,branchid:11139
7528e240-4be1-11ea-a668-b88a60e194fb-1,2020-01-23T05:15:59.000Z,crmid:7407175937,7528e240-4be1-11ea-a668-b88a60e194fb,prd1175,401k,Retirement,Personal,14147.64,1,USD,branchid:11123
7529ccba-4be1-11ea-af43-b88a60e194fb-1,2020-01-06T04:52:12.000Z,crmid:3893357266,7529ccba-4be1-11ea-af43-b88a60e194fb,prd1120,Mortgage: 10/1 ARM,Mortgage,Personal,5575128.27,1,USD,branchid:11024
752a913a-4be1-11ea-9582-b88a60e194fb-1,2020-01-29T10:39:18.000Z,crmid:9716976467,752a913a-4be1-11ea-9582-b88a60e194fb,prd1014,CDs: 3 month,Investment,Personal,20410.47,1,USD,branchid:11042
752b53ee-4be1-11ea-90ac-b88a60e194fb-1,2020-01-06T22:12:17.000Z,crmid:4616614271,752b53ee-4be1-11ea-90ac-b88a60e194fb,prd1176,Overseas Equity Fund,Investment,Personal,8711.77,1,USD,branchid:11047
756eec00-4be1-11ea-9b9a-b88a60e194fb-1,2020-01-09T02:47:27.000Z,crmid:1999125091,756eec00-4be1-11ea-9b9a-b88a60e194fb,prd1125,Mortgage: FHA,Mortgage,Personal,17537.7,1,USD,branchid:11030
756fd66e-4be1-11ea-a7e1-b88a60e194fb-1,2020-01-04T04:55:08.000Z,crmid:3678702233,756fd66e-4be1-11ea-a7e1-b88a60e194fb,prd1045,Mortgage: 10/1 ARM,Mortgage,Personal,11494.72,1,USD,branchid:11019
7570c0c6-4be1-11ea-8e6e-b88a60e194fb-1,2020-01-08T16:39:46.000Z,crmid:3576431824,7570c0c6-4be1-11ea-8e6e-b88a60e194fb,prd1077,Roth IRA,Retirement,Personal,18984.96,1,USD,branchid:11113
757183f4-4be1-11ea-a09e-b88a60e194fb-1,2020-01-01T02:33:28.000Z,crmid:6344418126,757183f4-4be1-11ea-a09e-b88a60e194fb,prd1131,Employee Stock Purchase Plans,Investment,Personal,205711.67,1,USD,branchid:11148
7572202e-4be1-11ea-8e38-b88a60e194fb-1,2020-01-20T12:17:10.000Z,crmid:5310742448,7572202e-4be1-11ea-8e38-b88a60e194fb,prd1167,Roth IRA,Retirement,Personal,7575.06,1,USD,branchid:11079
7572e38c-4be1-11ea-b8c5-b88a60e194fb-1,2020-01-01T08:04:52.000Z,crmid:4349623542,7572e38c-4be1-11ea-b8c5-b88a60e194fb,prd1186,Money Market,Investment,Personal,114216.0,1,USD,branchid:11018
7573cdee-4be1-11ea-942f-b88a60e194fb-1,2020-01-16T15:18:27.000Z,crmid:8290782818,7573cdee-4be1-11ea-942f-b88a60e194fb,prd1013,Mortgage: FHA,Mortgage,Personal,15126.18,1,USD,branchid:11043
75bc97fa-4be1-11ea-8ffc-b88a60e194fb-1,2020-01-31T05:47:09.000Z,crmid:5538816413,75bc97fa-4be1-11ea-8ffc-b88a60e194fb,prd1045,Mortgage: 10/1 ARM,Mortgage,Personal,17494.15,1,USD,branchid:11005
75bd5b36-4be1-11ea-ae56-b88a60e194fb-1,2020-01-18T00:19:23.000Z,crmid:4670274540,75bd5b36-4be1-11ea-ae56-b88a60e194fb,prd1117,Brokerage Account,Investment,Personal,13203.85,1,USD,branchid:11060
75be1e7e-4be1-11ea-87c5-b88a60e194fb-1,2020-01-04T07:54:56.000Z,crmid:1275301925,75be1e7e-4be1-11ea-87c5-b88a60e194fb,prd1053,Mortgage: VA,Mortgage,Personal,15517.87,1,USD,branchid:11054
75bf0770-4be1-11ea-ad95-b88a60e194fb-1,2020-01-09T01:09:40.000Z,crmid:9848839322,75bf0770-4be1-11ea-ad95-b88a60e194fb,prd1123,Mortgage: 10 yr Fixed,Mortgage,Personal,249554.77,1,USD,branchid:11137
75bff1e2-4be1-11ea-9c3e-b88a60e194fb-1,2020-01-25T00:39:20.000Z,crmid:6772020776,75bff1e2-4be1-11ea-9c3e-b88a60e194fb,prd1073,Business Brokerage Account,Investment,Business,122190.39,1,USD,branchid:11065
75c12bb6-4be1-11ea-b9c0-b88a60e194fb-1,2020-01-19T12:24:54.000Z,crmid:4114543274,75c12bb6-4be1-11ea-b9c0-b88a60e194fb,prd1021,CDs: 5 year,Investment,Personal,12875.91,1,USD,branchid:11093
75c2159e-4be1-11ea-a608-b88a60e194fb-1,2020-01-24T07:32:16.000Z,crmid:5700770540,75c2159e-4be1-11ea-a608-b88a60e194fb,prd1029,401k,Retirement,Personal,13334.7,1,USD,branchid:11030
7605112e-4be1-11ea-91b2-b88a60e194fb-1,2020-01-30T07:31:26.000Z,crmid:4371061613,7605112e-4be1-11ea-91b2-b88a60e194fb,prd1073,Business Brokerage Account,Investment,Business,16436.66,1,USD,branchid:11110
7605d47a-4be1-11ea-869f-b88a60e194fb-1,2020-01-15T16:57:09.000Z,crmid:1780666092,7605d47a-4be1-11ea-869f-b88a60e194fb,prd1131,Employee Stock Purchase Plans,Investment,Personal,13505.91,1,USD,branchid:11103
760697e2-4be1-11ea-92f3-b88a60e194fb-1,2020-01-21T14:12:10.000Z,crmid:3201429002,760697e2-4be1-11ea-92f3-b88a60e194fb,prd1131,Employee Stock Purchase Plans,Investment,Personal,11883.0,1,USD,branchid:11141
76078240-4be1-11ea-aaf2-b88a60e194fb-1,2020-01-08T02:40:16.000Z,crmid:3893451786,76078240-4be1-11ea-aaf2-b88a60e194fb,prd1041,Mortgage: 7/1 ARM,Mortgage,Personal,12860.12,1,USD,branchid:11004
76084574-4be1-11ea-a70b-b88a60e194fb-1,2020-01-11T14:17:21.000Z,crmid:8139180163,76084574-4be1-11ea-a70b-b88a60e194fb,prd1165,Roth IRA,Retirement,Personal,220843.72,1,USD,branchid:11100
760908c6-4be1-11ea-84d1-b88a60e194fb-1,2020-01-20T16:02:26.000Z,crmid:6888316771,760908c6-4be1-11ea-84d1-b88a60e194fb,prd1186,Money Market,Investment,Personal,187930.71,1,USD,branchid:11045
7609cd5a-4be1-11ea-9dfd-b88a60e194fb-1,2020-01-29T13:27:59.000Z,crmid:1410734058,7609cd5a-4be1-11ea-9dfd-b88a60e194fb,prd1062,Mortgage: VA,Mortgage,Personal,16337.8,1,USD,branchid:11140
764e00fa-4be1-11ea-af67-b88a60e194fb-1,2020-01-18T17:01:38.000Z,crmid:9672738341,764e00fa-4be1-11ea-af67-b88a60e194fb,prd1120,Mortgage: 10/1 ARM,Mortgage,Personal,193888.54,1,USD,branchid:11122
764eeb5c-4be1-11ea-956d-b88a60e194fb-1,2020-01-28T17:38:44.000Z,crmid:8235497717,764eeb5c-4be1-11ea-956d-b88a60e194fb,prd1183,Fixed Deposit,Investment,Personal,172973.15,1,USD,branchid:11107
764fd5be-4be1-11ea-86c0-b88a60e194fb-1,2020-01-30T08:14:16.000Z,crmid:1906855714,764fd5be-4be1-11ea-86c0-b88a60e194fb,prd1129,Mortgage: 10/1 ARM,Mortgage,Personal,20983.13,1,USD,branchid:11144
76509926-4be1-11ea-bb19-b88a60e194fb-1,2020-01-13T19:02:46.000Z,crmid:2597266050,76509926-4be1-11ea-bb19-b88a60e194fb,prd1167,Roth IRA,Retirement,Personal,4709383.18,1,USD,branchid:11078
76515d8c-4be1-11ea-9bb8-b88a60e194fb-1,2020-01-07T09:22:16.000Z,crmid:4427121503,76515d8c-4be1-11ea-9bb8-b88a60e194fb,prd1155,CDs: 5 year,Investment,Personal,15887.46,1,USD,branchid:11136
765220ee-4be1-11ea-be9a-b88a60e194fb-1,2020-01-15T23:58:50.000Z,crmid:1925912226,765220ee-4be1-11ea-be9a-b88a60e194fb,prd1176,Overseas Equity Fund,Investment,Personal,219694.41,1,USD,branchid:11074
76530a9a-4be1-11ea-b05a-b88a60e194fb-1,2020-01-06T19:46:51.000Z,crmid:3112334162,76530a9a-4be1-11ea-b05a-b88a60e194fb,prd1131,Employee Stock Purchase Plans,Investment,Personal,12283.1,1,USD,branchid:11094
76959106-4be1-11ea-9f40-b88a60e194fb-1,2020-01-04T00:47:18.000Z,crmid:9004572516,76959106-4be1-11ea-9f40-b88a60e194fb,prd1024,Mortgage: FHA,Mortgage,Personal,5159339.25,1,USD,branchid:11139
76967b50-4be1-11ea-bfc5-b88a60e194fb-1,2020-01-30T22:57:37.000Z,crmid:7735830156,76967b50-4be1-11ea-bfc5-b88a60e194fb,prd1077,Roth IRA,Retirement,Personal,16192.85,1,USD,branchid:11130
76973e9e-4be1-11ea-9d52-b88a60e194fb-1,2020-01-27T23:33:23.000Z,crmid:2128085477,76973e9e-4be1-11ea-9d52-b88a60e194fb,prd1049,Business Brokerage Account,Investment,Business,3523728.62,1,USD,branchid:11035
7698039c-4be1-11ea-b78e-b88a60e194fb-1,2020-01-01T16:04:42.000Z,crmid:2846701066,7698039c-4be1-11ea-b78e-b88a60e194fb,prd1117,Brokerage Account,Investment,Personal,229034.07,1,USD,branchid:11048
7698ec76-4be1-11ea-9305-b88a60e194fb-1,2020-01-20T07:27:11.000Z,crmid:4083654166,7698ec76-4be1-11ea-9305-b88a60e194fb,prd1154,Mortgage: 30-yr Fixed,Mortgage,Personal,3568761.08,1,USD,branchid:11083
7699afc6-4be1-11ea-9760-b88a60e194fb-1,2020-01-24T00:52:58.000Z,crmid:2727916408,7699afc6-4be1-11ea-9760-b88a60e194fb,prd1041,Mortgage: 7/1 ARM,Mortgage,Personal,11737.19,1,USD,branchid:11016
769a7412-4be1-11ea-bc76-b88a60e194fb-1,2020-01-22T14:54:45.000Z,crmid:3601804827,769a7412-4be1-11ea-bc76-b88a60e194fb,prd1047,Mortgage: 10 yr Fixed,Mortgage,Personal,18763.88,1,USD,branchid:11148
76dcfa24-4be1-11ea-b156-b88a60e194fb-1,2020-01-30T21:50:37.000Z,crmid:5380953157,76dcfa24-4be1-11ea-b156-b88a60e194fb,prd1112,Fixed Deposit,Investment,Personal,12090.47,1,USD,branchid:11102
76dde488-4be1-11ea-a8a7-b88a60e194fb-1,2020-01-10T14:55:00.000Z,crmid:7106169470,76dde488-4be1-11ea-a8a7-b88a60e194fb,prd1034,Home Equity Loan,Mortgage,Personal,17773.6,1,USD,branchid:11121
76decf0a-4be1-11ea-b382-b88a60e194fb-1,2020-01-18T11:50:50.000Z,crmid:8698107049,76decf0a-4be1-11ea-b382-b88a60e194fb,prd1101,Mortgage: 5/1 ARM,Mortgage,Personal,12688.4,1,USD,branchid:11014
76e00768-4be1-11ea-8bff-b88a60e194fb-1,2020-01-20T10:11:43.000Z,crmid:4071264076,76e00768-4be1-11ea-8bff-b88a60e194fb,prd1073,Business Brokerage Account,Investment,Business,218215.4,1,USD,branchid:11002
76e0cba4-4be1-11ea-89c2-b88a60e194fb-1,2020-01-25T07:16:31.000Z,crmid:6759588537,76e0cba4-4be1-11ea-89c2-b88a60e194fb,prd1078,Mortgage: 7/1 ARM,Mortgage,Personal,3464551.55,1,USD,branchid:11027
76e1dc22-4be1-11ea-a909-b88a60e194fb-1,2020-01-13T10:55:08.000Z,crmid:7978014191,76e1dc22-4be1-11ea-a909-b88a60e194fb,prd1131,Employee Stock Purchase Plans,Investment,Personal,12512.82,1,USD,branchid:11105
76e2ed98-4be1-11ea-b7df-b88a60e194fb-1,2020-01-10T12:55:38.000Z,crmid:8107221005,76e2ed98-4be1-11ea-b7df-b88a60e194fb,prd1034,Home Equity Loan,Mortgage,Personal,14971.04,1,USD,branchid:11030
7724ff86-4be1-11ea-8064-b88a60e194fb-1,2020-01-01T06:48:06.000Z,crmid:5081851693,7724ff86-4be1-11ea-8064-b88a60e194fb,prd1014,CDs: 3 month,Investment,Personal,10547.34,1,USD,branchid:11030
7725e9f4-4be1-11ea-b160-b88a60e194fb-1,2020-01-22T14:58:33.000Z,crmid:2571038039,7725e9f4-4be1-11ea-b160-b88a60e194fb,prd1144,Home Equity Loan,Mortgage,Personal,17964.86,1,USD,branchid:11022
7726ad2c-4be1-11ea-882c-b88a60e194fb-1,2020-01-19T00:13:41.000Z,crmid:6572914671,7726ad2c-4be1-11ea-882c-b88a60e194fb,prd1028,CDs: 1 year,Investment,Personal,13161.75,1,USD,branchid:11044
77277078-4be1-11ea-b6fa-b88a60e194fb-1,2020-01-26T14:02:33.000Z,crmid:8677785232,77277078-4be1-11ea-b6fa-b88a60e194fb,prd1176,Overseas Equity Fund,Investment,Personal,16062.8,1,USD,branchid:11123
7728a918-4be1-11ea-b177-b88a60e194fb-1,2020-01-01T23:11:15.000Z,crmid:5678775026,7728a918-4be1-11ea-b177-b88a60e194fb,prd1062,Mortgage: VA,Mortgage,Personal,21896.88,1,USD,branchid:11080
77299352-4be1-11ea-9449-b88a60e194fb-1,2020-01-30T17:23:39.000Z,crmid:2358916806,77299352-4be1-11ea-9449-b88a60e194fb,prd1165,Roth IRA,Retirement,Personal,10051.49,1,USD,branchid:11118
772a56b0-4be1-11ea-9cbf-b88a60e194fb-1,2020-01-02T03:06:01.000Z,crmid:5002678621,772a56b0-4be1-11ea-9cbf-b88a60e194fb,prd1189,Overseas Equity Fund,Investment,Personal,2977842.7,1,USD,branchid:11047
77728326-4be1-11ea-9dca-b88a60e194fb-1,2020-01-03T14:18:43.000Z,crmid:6080016322,77728326-4be1-11ea-9dca-b88a60e194fb,prd1027,Mortgage: 30-yr Fixed,Mortgage,Personal,22563.32,1,USD,branchid:11040
77736f00-4be1-11ea-956e-b88a60e194fb-1,2020-01-29T00:24:33.000Z,crmid:4094794212,77736f00-4be1-11ea-956e-b88a60e194fb,prd1155,CDs: 5 year,Investment,Personal,17075.94,1,USD,branchid:11135
777430d8-4be1-11ea-a5ca-b88a60e194fb-1,2020-01-06T09:06:24.000Z,crmid:1440933227,777430d8-4be1-11ea-a5ca-b88a60e194fb,prd1150,Money Market,Investment,Personal,321017.55,1,USD,branchid:11093
7774f57a-4be1-11ea-8739-b88a60e194fb-1,2020-01-17T06:40:38.000Z,crmid:6421690982,7774f57a-4be1-11ea-8739-b88a60e194fb,prd1061,Mortgage: 5/1 ARM,Mortgage,Personal,14958.46,1,USD,branchid:11068
7775dea6-4be1-11ea-87d3-b88a60e194fb-1,2020-01-04T09:44:00.000Z,crmid:8988098320,7775dea6-4be1-11ea-87d3-b88a60e194fb,prd1110,Traditional IRA,Retirement,Personal,13460.51,1,USD,branchid:11051
7776a32c-4be1-11ea-8817-b88a60e194fb-1,2020-01-30T03:49:00.000Z,crmid:6740746310,7776a32c-4be1-11ea-8817-b88a60e194fb,prd1079,Mortgage: 30-yr Fixed,Mortgage,Personal,11704.23,1,USD,branchid:11010
7778018c-4be1-11ea-88b4-b88a60e194fb-1,2020-01-09T18:45:58.000Z,crmid:3262340382,7778018c-4be1-11ea-88b4-b88a60e194fb,prd1064,CDs: 3 month,Investment,Personal,159394.88,1,USD,branchid:11042
77bbc10a-4be1-11ea-b663-b88a60e194fb-1,2020-01-14T04:03:04.000Z,crmid:9836655723,77bbc10a-4be1-11ea-b663-b88a60e194fb,prd1056,CDs: 5 year,Investment,Personal,183163.63,1,USD,branchid:11018
77bd47b4-4be1-11ea-a915-b88a60e194fb-1,2020-01-01T22:21:04.000Z,crmid:1199888389,77bd47b4-4be1-11ea-a915-b88a60e194fb,prd1181,Mortgage: 5/1 ARM,Mortgage,Personal,110577.37,1,USD,branchid:11091
77be322c-4be1-11ea-a08b-b88a60e194fb-1,2020-01-06T10:30:22.000Z,crmid:6376155240,77be322c-4be1-11ea-a08b-b88a60e194fb,prd1182,Brokerage Account,Investment,Personal,14343.7,1,USD,branchid:11142
77bef576-4be1-11ea-86d8-b88a60e194fb-1,2020-01-04T02:16:42.000Z,crmid:9698401333,77bef576-4be1-11ea-86d8-b88a60e194fb,prd1110,Traditional IRA,Retirement,Personal,19237.6,1,USD,branchid:11044
77bfb8c6-4be1-11ea-8811-b88a60e194fb-1,2020-01-05T19:13:29.000Z,crmid:1418006233,77bfb8c6-4be1-11ea-8811-b88a60e194fb,prd1042,Roth IRA,Retirement,Personal,262992.33,1,USD,branchid:11055
77c07c90-4be1-11ea-897d-b88a60e194fb-1,2020-01-26T00:03:17.000Z,crmid:4945354537,77c07c90-4be1-11ea-897d-b88a60e194fb,prd1077,Roth IRA,Retirement,Personal,11686.64,1,USD,branchid:11112
77c13f6e-4be1-11ea-86ac-b88a60e194fb-1,2020-01-02T20:01:59.000Z,crmid:6944946097,77c13f6e-4be1-11ea-86ac-b88a60e194fb,prd1175,401k,Retirement,Personal,10495.66,1,USD,branchid:11001
78077158-4be1-11ea-9e27-b88a60e194fb-1,2020-01-30T19:27:43.000Z,crmid:3312760424,78077158-4be1-11ea-9e27-b88a60e194fb,prd1087,Overseas Equity Fund,Investment,Personal,15587.87,1,USD,branchid:11004
78085b64-4be1-11ea-b99f-b88a60e194fb-1,2020-01-21T08:25:45.000Z,crmid:6167037127,78085b64-4be1-11ea-b99f-b88a60e194fb,prd1014,CDs: 3 month,Investment,Personal,13051.03,1,USD,branchid:11023
78091efe-4be1-11ea-887a-b88a60e194fb-1,2020-01-09T11:05:33.000Z,crmid:4870915193,78091efe-4be1-11ea-887a-b88a60e194fb,prd1184,Fixed Deposit,Investment,Personal,13015.24,1,USD,branchid:11034
780a0806-4be1-11ea-bb16-b88a60e194fb-1,2020-01-03T10:41:38.000Z,crmid:9437220245,780a0806-4be1-11ea-bb16-b88a60e194fb,prd1046,Mortgage: VA,Mortgage,Personal,7251.45,1,USD,branchid:11016
780af3d2-4be1-11ea-ad83-b88a60e194fb-1,2020-01-05T23:46:10.000Z,crmid:4731249551,780af3d2-4be1-11ea-ad83-b88a60e194fb,prd1112,Fixed Deposit,Investment,Personal,227562.31,1,USD,branchid:11089
780bb59a-4be1-11ea-a630-b88a60e194fb-1,2020-01-13T07:47:54.000Z,crmid:3922353834,780bb59a-4be1-11ea-a630-b88a60e194fb,prd1097,Employee Stock Purchase Plans,Investment,Personal,14304.99,1,USD,branchid:11074
780c78e8-4be1-11ea-b3ce-b88a60e194fb-1,2020-01-23T10:38:36.000Z,crmid:2588884327,780c78e8-4be1-11ea-b3ce-b88a60e194fb,prd1053,Mortgage: VA,Mortgage,Personal,14585.5,1,USD,branchid:11017
78520d5c-4be1-11ea-8c6d-b88a60e194fb-1,2020-01-14T05:54:21.000Z,crmid:5781837233,78520d5c-4be1-11ea-8c6d-b88a60e194fb,prd1073,Business Brokerage Account,Investment,Business,243200.73,1,USD,branchid:11146
7852f8d0-4be1-11ea-86b6-b88a60e194fb-1,2020-01-08T17:18:18.000Z,crmid:1446012690,7852f8d0-4be1-11ea-86b6-b88a60e194fb,prd1121,Mortgage: 30-yr Fixed,Mortgage,Personal,15670.1,1,USD,branchid:11084
7853bc68-4be1-11ea-b1b8-b88a60e194fb-1,2020-01-24T00:40:42.000Z,crmid:8172733955,7853bc68-4be1-11ea-b1b8-b88a60e194fb,prd1025,Brokerage Account,Investment,Personal,18545.42,1,USD,branchid:11056
7854a624-4be1-11ea-8682-b88a60e194fb-1,2020-01-21T20:05:41.000Z,crmid:3383825148,7854a624-4be1-11ea-8682-b88a60e194fb,prd1154,Mortgage: 30-yr Fixed,Mortgage,Personal,13332.4,1,USD,branchid:11052
785569ba-4be1-11ea-b6e3-b88a60e194fb-1,2020-01-18T05:09:01.000Z,crmid:6716380768,785569ba-4be1-11ea-b6e3-b88a60e194fb,prd1139,Employee Stock Purchase Plans,Investment,Personal,211454.35,1,USD,branchid:11041
785653fa-4be1-11ea-8939-b88a60e194fb-1,2020-01-28T22:03:11.000Z,crmid:4517608420,785653fa-4be1-11ea-8939-b88a60e194fb,prd1041,Mortgage: 7/1 ARM,Mortgage,Personal,16346.8,1,USD,branchid:11109
78571674-4be1-11ea-823e-b88a60e194fb-1,2020-01-31T17:16:35.000Z,crmid:7468453805,78571674-4be1-11ea-823e-b88a60e194fb,prd1179,Business Brokerage Account,Investment,Business,242427.33,1,USD,branchid:11099
789cd37e-4be1-11ea-b7bb-b88a60e194fb-1,2020-01-30T05:07:38.000Z,crmid:6148110755,789cd37e-4be1-11ea-b7bb-b88a60e194fb,prd1083,Pension Account,Retirement,Personal,189979.99,1,USD,branchid:11039
789d9562-4be1-11ea-a1b2-b88a60e194fb-1,2020-01-30T03:01:07.000Z,crmid:7547834261,789d9562-4be1-11ea-a1b2-b88a60e194fb,prd1155,CDs: 5 year,Investment,Personal,11139.99,1,USD,branchid:11079
789e80d2-4be1-11ea-9806-b88a60e194fb-1,2020-01-11T11:00:50.000Z,crmid:6899027859,789e80d2-4be1-11ea-9806-b88a60e194fb,prd1112,Fixed Deposit,Investment,Personal,13238.63,1,USD,branchid:11002
789f1bd8-4be1-11ea-a793-b88a60e194fb-1,2020-01-24T21:12:30.000Z,crmid:7652049647,789f1bd8-4be1-11ea-a793-b88a60e194fb,prd1165,Roth IRA,Retirement,Personal,13819.91,1,USD,branchid:11104
78a00626-4be1-11ea-bf6f-b88a60e194fb-1,2020-01-01T07:23:30.000Z,crmid:4391980002,78a00626-4be1-11ea-bf6f-b88a60e194fb,prd1114,CDs: 3 month,Investment,Personal,10796.82,1,USD,branchid:11063
78a117a8-4be1-11ea-8efa-b88a60e194fb-1,2020-01-01T21:32:13.000Z,crmid:2215615274,78a117a8-4be1-11ea-8efa-b88a60e194fb,prd1154,Mortgage: 30-yr Fixed,Mortgage,Personal,18995.33,1,USD,branchid:11138
78a1b54c-4be1-11ea-977f-b88a60e194fb-1,2020-01-13T23:51:10.000Z,crmid:8782751086,78a1b54c-4be1-11ea-977f-b88a60e194fb,prd1183,Fixed Deposit,Investment,Personal,15984.36,1,USD,branchid:11042
78e88240-4be1-11ea-8021-b88a60e194fb-1,2020-01-22T10:16:13.000Z,crmid:8710834207,78e88240-4be1-11ea-8021-b88a60e194fb,prd1117,Brokerage Account,Investment,Personal,19013.67,1,USD,branchid:11036
78e96b14-4be1-11ea-90ac-b88a60e194fb-1,2020-01-31T12:18:19.000Z,crmid:8511413476,78e96b14-4be1-11ea-90ac-b88a60e194fb,prd1155,CDs: 5 year,Investment,Personal,132500.43,1,USD,branchid:11001
78ea55c0-4be1-11ea-82d9-b88a60e194fb-1,2020-01-02T11:26:04.000Z,crmid:8374989869,78ea55c0-4be1-11ea-82d9-b88a60e194fb,prd1026,Mortgage: 5/1 ARM,Mortgage,Personal,4063284.54,1,USD,branchid:11094
78eb1a42-4be1-11ea-bd09-b88a60e194fb-1,2020-01-04T22:15:18.000Z,crmid:3909440383,78eb1a42-4be1-11ea-bd09-b88a60e194fb,prd1014,CDs: 3 month,Investment,Personal,15850.89,1,USD,branchid:11018
78ebdc4c-4be1-11ea-8a99-b88a60e194fb-1,2020-01-19T01:46:04.000Z,crmid:9453220398,78ebdc4c-4be1-11ea-8a99-b88a60e194fb,prd1077,Roth IRA,Retirement,Personal,6528050.79,1,USD,branchid:11139
78ecc7e2-4be1-11ea-88e5-b88a60e194fb-1,2020-01-11T06:42:30.000Z,crmid:8294193914,78ecc7e2-4be1-11ea-88e5-b88a60e194fb,prd1083,Pension Account,Retirement,Personal,159818.69,1,USD,branchid:11000
78ed8b26-4be1-11ea-aa40-b88a60e194fb-1,2020-01-04T01:29:30.000Z,crmid:4256844833,78ed8b26-4be1-11ea-aa40-b88a60e194fb,prd1154,Mortgage: 30-yr Fixed,Mortgage,Personal,12215.79,1,USD,branchid:11005
7936526c-4be1-11ea-8538-b88a60e194fb-1,2020-01-02T04:17:16.000Z,crmid:2124188436,7936526c-4be1-11ea-8538-b88a60e194fb,prd1151,Mortgage: 10 yr Fixed,Mortgage,Personal,2997490.21,1,USD,branchid:11125
79373cd2-4be1-11ea-975b-b88a60e194fb-1,2020-01-21T15:40:01.000Z,crmid:2430484579,79373cd2-4be1-11ea-975b-b88a60e194fb,prd1108,401k,Retirement,Personal,118607.53,1,USD,branchid:11008
7938002c-4be1-11ea-afbb-b88a60e194fb-1,2020-01-15T21:15:22.000Z,crmid:2412239181,7938002c-4be1-11ea-afbb-b88a60e194fb,prd1029,401k,Retirement,Personal,18006.14,1,USD,branchid:11049
793911a8-4be1-11ea-99d0-b88a60e194fb-1,2020-01-30T06:57:08.000Z,crmid:5673970886,793911a8-4be1-11ea-99d0-b88a60e194fb,prd1117,Brokerage Account,Investment,Personal,2734062.04,1,USD,branchid:11069
7939fd52-4be1-11ea-a3f8-b88a60e194fb-1,2020-01-02T17:19:32.000Z,crmid:1898289044,7939fd52-4be1-11ea-a3f8-b88a60e194fb,prd1115,Mortgage: VA,Mortgage,Personal,206165.21,1,USD,branchid:11089
793ae7ae-4be1-11ea-ba8c-b88a60e194fb-1,2020-01-23T07:43:03.000Z,crmid:7651777398,793ae7ae-4be1-11ea-ba8c-b88a60e194fb,prd1046,Mortgage: VA,Mortgage,Personal,110662.08,1,USD,branchid:11097
793bd0a8-4be1-11ea-abc3-b88a60e194fb-1,2020-01-09T15:34:49.000Z,crmid:8247208631,793bd0a8-4be1-11ea-abc3-b88a60e194fb,prd1030,401k,Retirement,Personal,80650.86,1,USD,branchid:11065
798387f6-4be1-11ea-a127-b88a60e194fb-1,2020-01-16T05:00:46.000Z,crmid:9648901287,798387f6-4be1-11ea-a127-b88a60e194fb,prd1014,CDs: 3 month,Investment,Personal,5276782.41,1,USD,branchid:11130
7984724a-4be1-11ea-9ea1-b88a60e194fb-1,2020-01-22T15:27:26.000Z,crmid:1316510813,7984724a-4be1-11ea-9ea1-b88a60e194fb,prd1117,Brokerage Account,Investment,Personal,19178.76,1,USD,branchid:11090
79853598-4be1-11ea-a146-b88a60e194fb-1,2020-01-10T01:56:12.000Z,crmid:3943475923,79853598-4be1-11ea-a146-b88a60e194fb,prd1183,Fixed Deposit,Investment,Personal,261713.35,1,USD,branchid:11006
7985f8f0-4be1-11ea-81ad-b88a60e194fb-1,2020-01-06T21:07:53.000Z,crmid:9604383759,7985f8f0-4be1-11ea-81ad-b88a60e194fb,prd1037,Home Equity Loan,Mortgage,Personal,4551318.56,1,USD,branchid:11066
7986bc2c-4be1-11ea-b246-b88a60e194fb-1,2020-01-25T16:49:08.000Z,crmid:2088425623,7986bc2c-4be1-11ea-b246-b88a60e194fb,prd1026,Mortgage: 5/1 ARM,Mortgage,Personal,16329.52,1,USD,branchid:11087
7987a70c-4be1-11ea-a3e6-b88a60e194fb-1,2020-01-26T06:04:51.000Z,crmid:7249041593,7987a70c-4be1-11ea-a3e6-b88a60e194fb,prd1034,Home Equity Loan,Mortgage,Personal,18301.63,1,USD,branchid:11136
7988b924-4be1-11ea-9e04-b88a60e194fb-1,2020-01-12T02:36:30.000Z,crmid:5013371700,7988b924-4be1-11ea-9e04-b88a60e194fb,prd1184,Fixed Deposit,Investment,Personal,16442.47,1,USD,branchid:11134
79cd3b28-4be1-11ea-a392-b88a60e194fb-1,2020-01-28T19:56:29.000Z,crmid:2952144166,79cd3b28-4be1-11ea-a392-b88a60e194fb,prd1088,CDs: 1 year,Investment,Personal,14798.22,1,USD,branchid:11121
79ce26d4-4be1-11ea-a0c6-b88a60e194fb-1,2020-01-30T03:34:35.000Z,crmid:5131520760,79ce26d4-4be1-11ea-a0c6-b88a60e194fb,prd1174,Traditional IRA,Retirement,Personal,217491.79,1,USD,branchid:11133
79cee8ba-4be1-11ea-8ef9-b88a60e194fb-1,2020-01-17T12:56:31.000Z,crmid:7308726610,79cee8ba-4be1-11ea-8ef9-b88a60e194fb,prd1125,Mortgage: FHA,Mortgage,Personal,17675.08,1,USD,branchid:11118
79cfd47e-4be1-11ea-8a9e-b88a60e194fb-1,2020-01-11T21:03:27.000Z,crmid:2386447133,79cfd47e-4be1-11ea-8a9e-b88a60e194fb,prd1153,CDs: 1 year,Investment,Personal,158610.13,1,USD,branchid:11084
79d070cc-4be1-11ea-8070-b88a60e194fb-1,2020-01-10T10:06:37.000Z,crmid:9572435007,79d070cc-4be1-11ea-8070-b88a60e194fb,prd1064,CDs: 3 month,Investment,Personal,14294.94,1,USD,branchid:11003
79d13440-4be1-11ea-a8cb-b88a60e194fb-1,2020-01-17T08:47:32.000Z,crmid:3034393309,79d13440-4be1-11ea-a8cb-b88a60e194fb,prd1060,Traditional IRA,Retirement,Personal,156155.82,1,USD,branchid:11106
79d2445e-4be1-11ea-9c9c-b88a60e194fb-1,2020-01-03T14:26:34.000Z,crmid:9591140862,79d2445e-4be1-11ea-9c9c-b88a60e194fb,prd1114,CDs: 3 month,Investment,Personal,15956.95,1,USD,branchid:11060
7a19126c-4be1-11ea-83a1-b88a60e194fb-1,2020-01-24T01:38:03.000Z,crmid:8220503947,7a19126c-4be1-11ea-83a1-b88a60e194fb,prd1186,Money Market,Investment,Personal,14888.68,1,USD,branchid:11118
7a19fcac-4be1-11ea-b48f-b88a60e194fb-1,2020-01-16T19:28:46.000Z,crmid:4195162995,7a19fcac-4be1-11ea-b48f-b88a60e194fb,prd1111,Pension Account,Retirement,Personal,180910.85,1,USD,branchid:11024
7a1ac012-4be1-11ea-b846-b88a60e194fb-1,2020-01-15T07:02:55.000Z,crmid:6454247961,7a1ac012-4be1-11ea-b846-b88a60e194fb,prd1183,Fixed Deposit,Investment,Personal,16369.04,1,USD,branchid:11091
7a1ba9b4-4be1-11ea-80df-b88a60e194fb-1,2020-01-15T06:58:50.000Z,crmid:3153300255,7a1ba9b4-4be1-11ea-80df-b88a60e194fb,prd1013,Mortgage: FHA,Mortgage,Personal,254491.7,1,USD,branchid:11072
7a1c6dca-4be1-11ea-8ddd-b88a60e194fb-1,2020-01-04T12:02:34.000Z,crmid:4219489595,7a1c6dca-4be1-11ea-8ddd-b88a60e194fb,prd1073,Business Brokerage Account,Investment,Business,14570.28,1,USD,branchid:11094
7a1d571c-4be1-11ea-9096-b88a60e194fb-1,2020-01-13T00:09:19.000Z,crmid:1634076961,7a1d571c-4be1-11ea-9096-b88a60e194fb,prd1108,401k,Retirement,Personal,18859.16,1,USD,branchid:11142
7a1e1b76-4be1-11ea-8f87-b88a60e194fb-1,2020-01-22T13:29:25.000Z,crmid:1565878266,7a1e1b76-4be1-11ea-8f87-b88a60e194fb,prd1061,Mortgage: 5/1 ARM,Mortgage,Personal,15535.2,1,USD,branchid:11094
7a62eb0a-4be1-11ea-a274-b88a60e194fb-1,2020-01-01T22:13:40.000Z,crmid:5625236904,7a62eb0a-4be1-11ea-a274-b88a60e194fb,prd1157,Brokerage Account,Investment,Personal,14059.25,1,USD,branchid:11020
7a63ae68-4be1-11ea-ab31-b88a60e194fb-1,2020-01-03T18:44:49.000Z,crmid:1018880451,7a63ae68-4be1-11ea-ab31-b88a60e194fb,prd1056,CDs: 5 year,Investment,Personal,278529.7,1,USD,branchid:11133
7a6498c0-4be1-11ea-8cce-b88a60e194fb-1,2020-01-27T12:14:46.000Z,crmid:6815207240,7a6498c0-4be1-11ea-8cce-b88a60e194fb,prd1185,Mortgage: FHA,Mortgage,Personal,16918.92,1,USD,branchid:11135
7a658322-4be1-11ea-ae70-b88a60e194fb-1,2020-01-12T19:45:26.000Z,crmid:9201648857,7a658322-4be1-11ea-ae70-b88a60e194fb,prd1144,Home Equity Loan,Mortgage,Personal,206440.11,1,USD,branchid:11030
7a666d8a-4be1-11ea-b979-b88a60e194fb-1,2020-01-22T00:44:46.000Z,crmid:6938870619,7a666d8a-4be1-11ea-b979-b88a60e194fb,prd1045,Mortgage: 10/1 ARM,Mortgage,Personal,10825.02,1,USD,branchid:11116
7a6730e4-4be1-11ea-b397-b88a60e194fb-1,2020-01-23T19:04:13.000Z,crmid:9165498991,7a6730e4-4be1-11ea-b397-b88a60e194fb,prd1125,Mortgage: FHA,Mortgage,Personal,20956.65,1,USD,branchid:11030
7a67f42e-4be1-11ea-836e-b88a60e194fb-1,2020-01-17T17:44:23.000Z,crmid:9589647310,7a67f42e-4be1-11ea-836e-b88a60e194fb,prd1114,CDs: 3 month,Investment,Personal,242481.27,1,USD,branchid:11115
7aadd6a2-4be1-11ea-bb7e-b88a60e194fb-1,2020-01-14T18:34:07.000Z,crmid:6920063039,7aadd6a2-4be1-11ea-bb7e-b88a60e194fb,prd1117,Brokerage Account,Investment,Personal,11250.89,1,USD,branchid:11075
7aaec270-4be1-11ea-8f2e-b88a60e194fb-1,2020-01-29T10:50:46.000Z,crmid:7347961494,7aaec270-4be1-11ea-8f2e-b88a60e194fb,prd1115,Mortgage: VA,Mortgage,Personal,19731.98,1,USD,branchid:11100
7aaf85b6-4be1-11ea-af91-b88a60e194fb-1,2020-01-11T20:28:21.000Z,crmid:2659292306,7aaf85b6-4be1-11ea-af91-b88a60e194fb,prd1174,Traditional IRA,Retirement,Personal,18605.29,1,USD,branchid:11142
7ab048e4-4be1-11ea-a416-b88a60e194fb-1,2020-01-18T09:08:16.000Z,crmid:7005693476,7ab048e4-4be1-11ea-a416-b88a60e194fb,prd1173,Money Market,Investment,Personal,14143.3,1,USD,branchid:11055
7ab0e54a-4be1-11ea-8f3e-b88a60e194fb-1,2020-01-10T03:27:42.000Z,crmid:1545850876,7ab0e54a-4be1-11ea-8f3e-b88a60e194fb,prd1077,Roth IRA,Retirement,Personal,13699.37,1,USD,branchid:11123
7ab1f6e6-4be1-11ea-af1e-b88a60e194fb-1,2020-01-30T08:33:07.000Z,crmid:3070960870,7ab1f6e6-4be1-11ea-af1e-b88a60e194fb,prd1182,Brokerage Account,Investment,Personal,233587.53,1,USD,branchid:11024
7ab2dfba-4be1-11ea-a7d8-b88a60e194fb-1,2020-01-10T16:19:27.000Z,crmid:3904304698,7ab2dfba-4be1-11ea-a7d8-b88a60e194fb,prd1046,Mortgage: VA,Mortgage,Personal,147525.0,1,USD,branchid:11039
7af9868c-4be1-11ea-8511-b88a60e194fb-1,2020-01-20T01:25:59.000Z,crmid:8884957422,7af9868c-4be1-11ea-8511-b88a60e194fb,prd1025,Brokerage Account,Investment,Personal,13921.84,1,USD,branchid:11114
7afa7150-4be1-11ea-818b-b88a60e194fb-1,2020-01-13T12:01:24.000Z,crmid:1849468635,7afa7150-4be1-11ea-818b-b88a60e194fb,prd1013,Mortgage: FHA,Mortgage,Personal,9665.56,1,USD,branchid:11047
7afb5b06-4be1-11ea-8ece-b88a60e194fb-1,2020-01-14T01:16:49.000Z,crmid:8703148462,7afb5b06-4be1-11ea-8ece-b88a60e194fb,prd1121,Mortgage: 30-yr Fixed,Mortgage,Personal,3198033.43,1,USD,branchid:11018
7afc44d4-4be1-11ea-979a-b88a60e194fb-1,2020-01-06T07:55:36.000Z,crmid:8146935248,7afc44d4-4be1-11ea-979a-b88a60e194fb,prd1024,Mortgage: FHA,Mortgage,Personal,220960.95,1,USD,branchid:11089
7afd081e-4be1-11ea-880f-b88a60e194fb-1,2020-01-01T06:42:31.000Z,crmid:9281436730,7afd081e-4be1-11ea-880f-b88a60e194fb,prd1025,Brokerage Account,Investment,Personal,5637.97,1,USD,branchid:11037
7afe1bb6-4be1-11ea-9fc4-b88a60e194fb-1,2020-01-05T00:46:29.000Z,crmid:9423692602,7afe1bb6-4be1-11ea-9fc4-b88a60e194fb,prd1155,CDs: 5 year,Investment,Personal,13405.13,1,USD,branchid:11062
7aff0524-4be1-11ea-9c6f-b88a60e194fb-1,2020-01-01T00:18:41.000Z,crmid:2323431204,7aff0524-4be1-11ea-9c6f-b88a60e194fb,prd1014,CDs: 3 month,Investment,Personal,5115449.82,1,USD,branchid:11082
7b47f3b0-4be1-11ea-8d1c-b88a60e194fb-1,2020-01-08T04:59:21.000Z,crmid:3352724582,7b47f3b0-4be1-11ea-8d1c-b88a60e194fb,prd1046,Mortgage: VA,Mortgage,Personal,12135.66,1,USD,branchid:11078
7b48df5e-4be1-11ea-93d3-b88a60e194fb-1,2020-01-16T09:46:24.000Z,crmid:5678775026,7b48df5e-4be1-11ea-93d3-b88a60e194fb,prd1148,Mortgage: 10/1 ARM,Mortgage,Personal,16933.59,1,USD,branchid:11066
7b49a134-4be1-11ea-a527-b88a60e194fb-1,2020-01-10T11:30:28.000Z,crmid:2657231330,7b49a134-4be1-11ea-a527-b88a60e194fb,prd1172,Employee Stock Purchase Plans,Investment,Personal,11867.86,1,USD,branchid:11075
7b4adac8-4be1-11ea-8634-b88a60e194fb-1,2020-01-17T15:51:17.000Z,crmid:5734466504,7b4adac8-4be1-11ea-8634-b88a60e194fb,prd1185,Mortgage: FHA,Mortgage,Personal,11651.36,1,USD,branchid:11113
7b4b9e7a-4be1-11ea-b304-b88a60e194fb-1,2020-01-20T19:43:55.000Z,crmid:9229388134,7b4b9e7a-4be1-11ea-b304-b88a60e194fb,prd1008,Traditional IRA,Retirement,Personal,14405.57,1,USD,branchid:11076
7b4c61b6-4be1-11ea-8b89-b88a60e194fb-1,2020-01-12T12:12:32.000Z,crmid:6178661144,7b4c61b6-4be1-11ea-8b89-b88a60e194fb,prd1121,Mortgage: 30-yr Fixed,Mortgage,Personal,12421.21,1,USD,branchid:11080
7b4d71e6-4be1-11ea-a177-b88a60e194fb-1,2020-01-03T11:16:06.000Z,crmid:3398196042,7b4d71e6-4be1-11ea-a177-b88a60e194fb,prd1176,Overseas Equity Fund,Investment,Personal,13656.4,1,USD,branchid:11047
7b95c54c-4be1-11ea-a25e-b88a60e194fb-1,2020-01-13T17:02:28.000Z,crmid:5117996225,7b95c54c-4be1-11ea-a25e-b88a60e194fb,prd1041,Mortgage: 7/1 ARM,Mortgage,Personal,230752.15,1,USD,branchid:11008
7b96d6ae-4be1-11ea-90c9-b88a60e194fb-1,2020-01-23T03:25:46.000Z,crmid:4130512879,7b96d6ae-4be1-11ea-90c9-b88a60e194fb,prd1123,Mortgage: 10 yr Fixed,Mortgage,Personal,192316.55,1,USD,branchid:11016
7b979a00-4be1-11ea-acd9-b88a60e194fb-1,2020-01-17T16:02:11.000Z,crmid:3725616551,7b979a00-4be1-11ea-acd9-b88a60e194fb,prd1154,Mortgage: 30-yr Fixed,Mortgage,Personal,261689.45,1,USD,branchid:11142
7b98ab6c-4be1-11ea-8d59-b88a60e194fb-1,2020-01-12T11:14:57.000Z,crmid:8818757170,7b98ab6c-4be1-11ea-8d59-b88a60e194fb,prd1034,Home Equity Loan,Mortgage,Personal,147932.91,1,USD,branchid:11119
7b9947ac-4be1-11ea-8e2a-b88a60e194fb-1,2020-01-07T18:04:44.000Z,crmid:7760791102,7b9947ac-4be1-11ea-8e2a-b88a60e194fb,prd1183,Fixed Deposit,Investment,Personal,179747.39,1,USD,branchid:11014
7b9a0afe-4be1-11ea-b230-b88a60e194fb-1,2020-01-10T00:59:33.000Z,crmid:6990119193,7b9a0afe-4be1-11ea-b230-b88a60e194fb,prd1027,Mortgage: 30-yr Fixed,Mortgage,Personal,18506.55,1,USD,branchid:11009
7b9ace4c-4be1-11ea-9843-b88a60e194fb-1,2020-01-09T23:58:51.000Z,crmid:9353905214,7b9ace4c-4be1-11ea-9843-b88a60e194fb,prd1021,CDs: 5 year,Investment,Personal,15966.2,1,USD,branchid:11099
7be3e526-4be1-11ea-a16e-b88a60e194fb-1,2020-01-19T22:22:54.000Z,crmid:1496025526,7be3e526-4be1-11ea-a16e-b88a60e194fb,prd1131,Employee Stock Purchase Plans,Investment,Personal,13542.76,1,USD,branchid:11111
7be4a876-4be1-11ea-bd62-b88a60e194fb-1,2020-01-01T08:21:52.000Z,crmid:9900508921,7be4a876-4be1-11ea-bd62-b88a60e194fb,prd1120,Mortgage: 10/1 ARM,Mortgage,Personal,165137.03,1,USD,branchid:11040
7be592d8-4be1-11ea-b4d1-b88a60e194fb-1,2020-01-13T15:58:59.000Z,crmid:6828362049,7be592d8-4be1-11ea-b4d1-b88a60e194fb,prd1110,Traditional IRA,Retirement,Personal,13134.23,1,USD,branchid:11046
7be67d30-4be1-11ea-a605-b88a60e194fb-1,2020-01-10T00:45:18.000Z,crmid:4386967878,7be67d30-4be1-11ea-a605-b88a60e194fb,prd1056,CDs: 5 year,Investment,Personal,21796.14,1,USD,branchid:11063
7be74068-4be1-11ea-ae4a-b88a60e194fb-1,2020-01-29T18:51:48.000Z,crmid:4580173295,7be74068-4be1-11ea-ae4a-b88a60e194fb,prd1068,Mortgage: 7/1 ARM,Mortgage,Personal,200331.28,1,USD,branchid:11079
7be803c0-4be1-11ea-abc0-b88a60e194fb-1,2020-01-11T03:39:59.000Z,crmid:5302179774,7be803c0-4be1-11ea-abc0-b88a60e194fb,prd1131,Employee Stock Purchase Plans,Investment,Personal,3608406.61,1,USD,branchid:11018
7be8c71a-4be1-11ea-970b-b88a60e194fb-1,2020-01-23T09:03:24.000Z,crmid:5624164381,7be8c71a-4be1-11ea-970b-b88a60e194fb,prd1032,Home Equity Loan,Mortgage,Personal,193597.93,1,USD,branchid:11061
7c3058d4-4be1-11ea-9073-b88a60e194fb-1,2020-01-09T16:09:49.000Z,crmid:2459178933,7c3058d4-4be1-11ea-9073-b88a60e194fb,prd1159,CDs: 3 month,Investment,Personal,224981.11,1,USD,branchid:11048
7c31432c-4be1-11ea-ac59-b88a60e194fb-1,2020-01-25T02:37:48.000Z,crmid:6614634193,7c31432c-4be1-11ea-ac59-b88a60e194fb,prd1097,Employee Stock Purchase Plans,Investment,Personal,168593.73,1,USD,branchid:11145
7c320650-4be1-11ea-aea6-b88a60e194fb-1,2020-01-11T11:08:45.000Z,crmid:4816314119,7c320650-4be1-11ea-aea6-b88a60e194fb,prd1083,Pension Account,Retirement,Personal,12590.19,1,USD,branchid:11004
7c32c9e2-4be1-11ea-954a-b88a60e194fb-1,2020-01-05T11:04:30.000Z,crmid:3203889030,7c32c9e2-4be1-11ea-954a-b88a60e194fb,prd1061,Mortgage: 5/1 ARM,Mortgage,Personal,230597.24,1,USD,branchid:11114
7c33b2f6-4be1-11ea-a017-b88a60e194fb-1,2020-01-26T07:18:56.000Z,crmid:2021053720,7c33b2f6-4be1-11ea-a017-b88a60e194fb,prd1173,Money Market,Investment,Personal,16645.52,1,USD,branchid:11090
7c349d46-4be1-11ea-ab7d-b88a60e194fb-1,2020-01-03T16:28:13.000Z,crmid:1343549689,7c349d46-4be1-11ea-ab7d-b88a60e194fb,prd1121,Mortgage: 30-yr Fixed,Mortgage,Personal,13098.39,1,USD,branchid:11107
7c3588e6-4be1-11ea-aceb-b88a60e194fb-1,2020-01-23T03:11:18.000Z,crmid:4034902763,7c3588e6-4be1-11ea-aceb-b88a60e194fb,prd1034,Home Equity Loan,Mortgage,Personal,137512.35,1,USD,branchid:11138
7c7db3dc-4be1-11ea-93ee-b88a60e194fb-1,2020-01-09T16:55:31.000Z,crmid:5633998857,7c7db3dc-4be1-11ea-93ee-b88a60e194fb,prd1087,Overseas Equity Fund,Investment,Personal,17988.92,1,USD,branchid:11032
7c7e9e42-4be1-11ea-9f9e-b88a60e194fb-1,2020-01-26T23:47:13.000Z,crmid:3061377763,7c7e9e42-4be1-11ea-9f9e-b88a60e194fb,prd1029,401k,Retirement,Personal,14018.9,1,USD,branchid:11135
7c7f618a-4be1-11ea-991c-b88a60e194fb-1,2020-01-17T00:02:24.000Z,crmid:8483893365,7c7f618a-4be1-11ea-991c-b88a60e194fb,prd1174,Traditional IRA,Retirement,Personal,171250.59,1,USD,branchid:11038
7c7ffdba-4be1-11ea-a59c-b88a60e194fb-1,2020-01-24T02:21:48.000Z,crmid:8096178554,7c7ffdba-4be1-11ea-a59c-b88a60e194fb,prd1064,CDs: 3 month,Investment,Personal,15508.1,1,USD,branchid:11025
7c80e830-4be1-11ea-afe6-b88a60e194fb-1,2020-01-05T23:55:09.000Z,crmid:8546766095,7c80e830-4be1-11ea-afe6-b88a60e194fb,prd1174,Traditional IRA,Retirement,Personal,14063.72,1,USD,branchid:11131
7c81d290-4be1-11ea-a7d0-b88a60e194fb-1,2020-01-26T23:35:19.000Z,crmid:5052332952,7c81d290-4be1-11ea-a7d0-b88a60e194fb,prd1060,Traditional IRA,Retirement,Personal,17442.6,1,USD,branchid:11034
7c82bcf6-4be1-11ea-b6fd-b88a60e194fb-1,2020-01-12T04:10:26.000Z,crmid:1438053541,7c82bcf6-4be1-11ea-b6fd-b88a60e194fb,prd1153,CDs: 1 year,Investment,Personal,16110.78,1,USD,branchid:11116
7cca2622-4be1-11ea-a1a1-b88a60e194fb-1,2020-01-19T06:01:31.000Z,crmid:7394159038,7cca2622-4be1-11ea-a1a1-b88a60e194fb,prd1028,CDs: 1 year,Investment,Personal,14851.93,1,USD,branchid:11137
7ccb10ae-4be1-11ea-b184-b88a60e194fb-1,2020-01-14T02:42:44.000Z,crmid:2905290631,7ccb10ae-4be1-11ea-b184-b88a60e194fb,prd1021,CDs: 5 year,Investment,Personal,5105522.47,1,USD,branchid:11097
7ccbd3f0-4be1-11ea-a336-b88a60e194fb-1,2020-01-15T15:20:02.000Z,crmid:5459743496,7ccbd3f0-4be1-11ea-a336-b88a60e194fb,prd1183,Fixed Deposit,Investment,Personal,17334.7,1,USD,branchid:11139
7ccc9728-4be1-11ea-964c-b88a60e194fb-1,2020-01-06T22:49:59.000Z,crmid:1261063916,7ccc9728-4be1-11ea-964c-b88a60e194fb,prd1121,Mortgage: 30-yr Fixed,Mortgage,Personal,10523.84,1,USD,branchid:11101
7ccd81b6-4be1-11ea-869a-b88a60e194fb-1,2020-01-16T08:30:17.000Z,crmid:5528875418,7ccd81b6-4be1-11ea-869a-b88a60e194fb,prd1068,Mortgage: 7/1 ARM,Mortgage,Personal,234449.77,1,USD,branchid:11041
7cce92f6-4be1-11ea-8f83-b88a60e194fb-1,2020-01-05T21:18:55.000Z,crmid:8147154401,7cce92f6-4be1-11ea-8f83-b88a60e194fb,prd1064,CDs: 3 month,Investment,Personal,15044.98,1,USD,branchid:11081
7ccfa4f8-4be1-11ea-8a83-b88a60e194fb-1,2020-01-09T12:01:34.000Z,crmid:4548538473,7ccfa4f8-4be1-11ea-8a83-b88a60e194fb,prd1139,Employee Stock Purchase Plans,Investment,Personal,15908.09,1,USD,branchid:11116
7d15adda-4be1-11ea-a516-b88a60e194fb-1,2020-01-28T15:17:57.000Z,crmid:6576100206,7d15adda-4be1-11ea-a516-b88a60e194fb,prd1014,CDs: 3 month,Investment,Personal,3669111.11,1,USD,branchid:11105
7d1672a6-4be1-11ea-869b-b88a60e194fb-1,2020-01-31T21:33:45.000Z,crmid:6082582079,7d1672a6-4be1-11ea-869b-b88a60e194fb,prd1108,401k,Retirement,Personal,163454.27,1,USD,branchid:11012
7d173600-4be1-11ea-9032-b88a60e194fb-1,2020-01-16T03:15:47.000Z,crmid:1296232440,7d173600-4be1-11ea-9032-b88a60e194fb,prd1167,Roth IRA,Retirement,Personal,15433.51,1,USD,branchid:11110
7d17f7dc-4be1-11ea-872b-b88a60e194fb-1,2020-01-24T03:01:21.000Z,crmid:9352460704,7d17f7dc-4be1-11ea-872b-b88a60e194fb,prd1112,Fixed Deposit,Investment,Personal,12519.35,1,USD,branchid:11137
7d19095c-4be1-11ea-bbd4-b88a60e194fb-1,2020-01-14T21:49:10.000Z,crmid:7547157055,7d19095c-4be1-11ea-bbd4-b88a60e194fb,prd1049,Business Brokerage Account,Investment,Business,113646.7,1,USD,branchid:11038
7d19cdf4-4be1-11ea-be51-b88a60e194fb-1,2020-01-04T23:37:07.000Z,crmid:1064581911,7d19cdf4-4be1-11ea-be51-b88a60e194fb,prd1114,CDs: 3 month,Investment,Personal,14623.69,1,USD,branchid:11042
7d1ab752-4be1-11ea-bfef-b88a60e194fb-1,2020-01-10T07:49:08.000Z,crmid:5455617590,7d1ab752-4be1-11ea-bfef-b88a60e194fb,prd1148,Mortgage: 10/1 ARM,Mortgage,Personal,19217.6,1,USD,branchid:11087
7d62bdd4-4be1-11ea-8bca-b88a60e194fb-1,2020-01-18T21:05:43.000Z,crmid:4579040096,7d62bdd4-4be1-11ea-8bca-b88a60e194fb,prd1183,Fixed Deposit,Investment,Personal,15312.35,1,USD,branchid:11063
7d638134-4be1-11ea-b5aa-b88a60e194fb-1,2020-01-28T18:00:28.000Z,crmid:2851396134,7d638134-4be1-11ea-b5aa-b88a60e194fb,prd1097,Employee Stock Purchase Plans,Investment,Personal,16394.31,1,USD,branchid:11078
7d646b6e-4be1-11ea-97dd-b88a60e194fb-1,2020-01-30T02:04:33.000Z,crmid:8544440219,7d646b6e-4be1-11ea-97dd-b88a60e194fb,prd1026,Mortgage: 5/1 ARM,Mortgage,Personal,190973.83,1,USD,branchid:11010
7d652dfe-4be1-11ea-870a-b88a60e194fb-1,2020-01-07T16:01:28.000Z,crmid:4928749210,7d652dfe-4be1-11ea-870a-b88a60e194fb,prd1111,Pension Account,Retirement,Personal,206995.4,1,USD,branchid:11012
7d6618c2-4be1-11ea-8788-b88a60e194fb-1,2020-01-04T02:30:13.000Z,crmid:3517952022,7d6618c2-4be1-11ea-8788-b88a60e194fb,prd1153,CDs: 1 year,Investment,Personal,17176.81,1,USD,branchid:11063
7d670218-4be1-11ea-abe2-b88a60e194fb-1,2020-01-29T22:39:43.000Z,crmid:8483226367,7d670218-4be1-11ea-abe2-b88a60e194fb,prd1027,Mortgage: 30-yr Fixed,Mortgage,Personal,19016.66,1,USD,branchid:11093
7d67c6dc-4be1-11ea-af1a-b88a60e194fb-1,2020-01-02T12:03:26.000Z,crmid:7752896278,7d67c6dc-4be1-11ea-af1a-b88a60e194fb,prd1024,Mortgage: FHA,Mortgage,Personal,11153.21,1,USD,branchid:11119
7dadf72e-4be1-11ea-bd2d-b88a60e194fb-1,2020-01-08T22:53:13.000Z,crmid:6308144100,7dadf72e-4be1-11ea-bd2d-b88a60e194fb,prd1014,CDs: 3 month,Investment,Personal,16122.39,1,USD,branchid:11083
7daf0782-4be1-11ea-a573-b88a60e194fb-1,2020-01-08T05:35:28.000Z,crmid:9344425300,7daf0782-4be1-11ea-a573-b88a60e194fb,prd1041,Mortgage: 7/1 ARM,Mortgage,Personal,15944.26,1,USD,branchid:11101
7dafcc3e-4be1-11ea-b609-b88a60e194fb-1,2020-01-21T08:35:58.000Z,crmid:9155931197,7dafcc3e-4be1-11ea-b609-b88a60e194fb,prd1027,Mortgage: 30-yr Fixed,Mortgage,Personal,110534.31,1,USD,branchid:11092
7db08f7a-4be1-11ea-adfc-b88a60e194fb-1,2020-01-10T22:30:39.000Z,crmid:9679736182,7db08f7a-4be1-11ea-adfc-b88a60e194fb,prd1047,Mortgage: 10 yr Fixed,Mortgage,Personal,218979.36,1,USD,branchid:11052
7db152a6-4be1-11ea-903f-b88a60e194fb-1,2020-01-29T18:22:25.000Z,crmid:6496469010,7db152a6-4be1-11ea-903f-b88a60e194fb,prd1144,Home Equity Loan,Mortgage,Personal,19082.13,1,USD,branchid:11063
7db23d24-4be1-11ea-a1fa-b88a60e194fb-1,2020-01-05T19:20:24.000Z,crmid:4081319933,7db23d24-4be1-11ea-a1fa-b88a60e194fb,prd1029,401k,Retirement,Personal,14867.33,1,USD,branchid:11143
7db3268a-4be1-11ea-8c27-b88a60e194fb-1,2020-01-08T18:19:03.000Z,crmid:9696990707,7db3268a-4be1-11ea-8c27-b88a60e194fb,prd1088,CDs: 1 year,Investment,Personal,12253.0,1,USD,branchid:11090
7dfa1b8a-4be1-11ea-a5cb-b88a60e194fb-1,2020-01-09T00:56:09.000Z,crmid:2043840417,7dfa1b8a-4be1-11ea-a5cb-b88a60e194fb,prd1030,401k,Retirement,Personal,176759.96,1,USD,branchid:11079
7dfb049c-4be1-11ea-be4b-b88a60e194fb-1,2020-01-29T10:05:30.000Z,crmid:1630175860,7dfb049c-4be1-11ea-be4b-b88a60e194fb,prd1062,Mortgage: VA,Mortgage,Personal,204884.51,1,USD,branchid:11148
7dfbc7fa-4be1-11ea-be82-b88a60e194fb-1,2020-01-04T03:03:07.000Z,crmid:6191205188,7dfbc7fa-4be1-11ea-be82-b88a60e194fb,prd1150,Money Market,Investment,Personal,199937.75,1,USD,branchid:11136
7dfcb230-4be1-11ea-bcd4-b88a60e194fb-1,2020-01-04T02:04:19.000Z,crmid:7999425370,7dfcb230-4be1-11ea-bcd4-b88a60e194fb,prd1021,CDs: 5 year,Investment,Personal,16666.54,1,USD,branchid:11141
7dfd9ca8-4be1-11ea-8b25-b88a60e194fb-1,2020-01-10T13:21:46.000Z,crmid:8002110731,7dfd9ca8-4be1-11ea-8b25-b88a60e194fb,prd1029,401k,Retirement,Personal,14196.11,1,USD,branchid:11083
7dfe86fe-4be1-11ea-a09c-b88a60e194fb-1,2020-01-10T12:00:37.000Z,crmid:3203889030,7dfe86fe-4be1-11ea-a09c-b88a60e194fb,prd1073,Business Brokerage Account,Investment,Business,16964.45,1,USD,branchid:11022
7dff4a5a-4be1-11ea-81d6-b88a60e194fb-1,2020-01-29T06:40:57.000Z,crmid:3710556596,7dff4a5a-4be1-11ea-81d6-b88a60e194fb,prd1032,Home Equity Loan,Mortgage,Personal,243837.64,1,USD,branchid:11146
7e44907a-4be1-11ea-918f-b88a60e194fb-1,2020-01-07T00:17:53.000Z,crmid:6773531596,7e44907a-4be1-11ea-918f-b88a60e194fb,prd1021,CDs: 5 year,Investment,Personal,3159854.29,1,USD,branchid:11108
7e457b1a-4be1-11ea-9d08-b88a60e194fb-1,2020-01-01T04:06:31.000Z,crmid:3150103386,7e457b1a-4be1-11ea-9d08-b88a60e194fb,prd1108,401k,Retirement,Personal,138948.94,1,USD,branchid:11048
7e4666a4-4be1-11ea-8e27-b88a60e194fb-1,2020-01-07T09:24:55.000Z,crmid:2125286269,7e4666a4-4be1-11ea-8e27-b88a60e194fb,prd1150,Money Market,Investment,Personal,3757763.91,1,USD,branchid:11133
7e4728b0-4be1-11ea-8945-b88a60e194fb-1,2020-01-14T08:40:53.000Z,crmid:5812559856,7e4728b0-4be1-11ea-8945-b88a60e194fb,prd1150,Money Market,Investment,Personal,4114511.85,1,USD,branchid:11126
7e47ebee-4be1-11ea-92c1-b88a60e194fb-1,2020-01-05T16:59:23.000Z,crmid:5116795697,7e47ebee-4be1-11ea-92c1-b88a60e194fb,prd1024,Mortgage: FHA,Mortgage,Personal,15838.47,1,USD,branchid:11087
7e48b064-4be1-11ea-b186-b88a60e194fb-1,2020-01-14T13:29:59.000Z,crmid:8383453405,7e48b064-4be1-11ea-b186-b88a60e194fb,prd1049,Business Brokerage Account,Investment,Business,10083.22,1,USD,branchid:11023
7e497398-4be1-11ea-a995-b88a60e194fb-1,2020-01-03T21:46:35.000Z,crmid:3874384648,7e497398-4be1-11ea-a995-b88a60e194fb,prd1181,Mortgage: 5/1 ARM,Mortgage,Personal,4113727.03,1,USD,branchid:11141
7e96a992-4be1-11ea-bd52-b88a60e194fb-1,2020-01-24T15:06:36.000Z,crmid:3557982463,7e96a992-4be1-11ea-bd52-b88a60e194fb,prd1046,Mortgage: VA,Mortgage,Personal,3279173.83,1,USD,branchid:11093
7e976cb4-4be1-11ea-ac2b-b88a60e194fb-1,2020-01-22T21:40:46.000Z,crmid:4579397092,7e976cb4-4be1-11ea-ac2b-b88a60e194fb,prd1108,401k,Retirement,Personal,182972.27,1,USD,branchid:11101
7e98570a-4be1-11ea-80dd-b88a60e194fb-1,2020-01-15T01:52:09.000Z,crmid:5961512472,7e98570a-4be1-11ea-80dd-b88a60e194fb,prd1077,Roth IRA,Retirement,Personal,2730925.07,1,USD,branchid:11098
7e98f35c-4be1-11ea-ae9e-b88a60e194fb-1,2020-01-19T03:48:46.000Z,crmid:2347966128,7e98f35c-4be1-11ea-ae9e-b88a60e194fb,prd1027,Mortgage: 30-yr Fixed,Mortgage,Personal,189145.69,1,USD,branchid:11051
7e99b694-4be1-11ea-8e7f-b88a60e194fb-1,2020-01-08T03:58:26.000Z,crmid:7564466662,7e99b694-4be1-11ea-8e7f-b88a60e194fb,prd1174,Traditional IRA,Retirement,Personal,11879.97,1,USD,branchid:11040
7e9a79da-4be1-11ea-946e-b88a60e194fb-1,2020-01-23T10:45:23.000Z,crmid:9808088773,7e9a79da-4be1-11ea-946e-b88a60e194fb,prd1083,Pension Account,Retirement,Personal,125541.04,1,USD,branchid:11011
7e9b8aa2-4be1-11ea-bdfe-b88a60e194fb-1,2020-01-05T16:03:23.000Z,crmid:1130609343,7e9b8aa2-4be1-11ea-bdfe-b88a60e194fb,prd1175,401k,Retirement,Personal,16979.56,1,USD,branchid:11044
7ee34130-4be1-11ea-b8f5-b88a60e194fb-1,2020-01-18T13:59:37.000Z,crmid:8745402400,7ee34130-4be1-11ea-b8f5-b88a60e194fb,prd1083,Pension Account,Retirement,Personal,16015.35,1,USD,branchid:11105
7ee452ac-4be1-11ea-8acf-b88a60e194fb-1,2020-01-18T01:53:06.000Z,crmid:1517608433,7ee452ac-4be1-11ea-8acf-b88a60e194fb,prd1014,CDs: 3 month,Investment,Personal,212586.41,1,USD,branchid:11107
7ee58b14-4be1-11ea-9132-b88a60e194fb-1,2020-01-06T07:11:29.000Z,crmid:8709743782,7ee58b14-4be1-11ea-9132-b88a60e194fb,prd1175,401k,Retirement,Personal,15902.98,1,USD,branchid:11038
7ee69c90-4be1-11ea-b2c8-b88a60e194fb-1,2020-01-14T19:29:54.000Z,crmid:9498114849,7ee69c90-4be1-11ea-b2c8-b88a60e194fb,prd1124,CDs: 5 year,Investment,Personal,14609.82,1,USD,branchid:11081
7ee7ae94-4be1-11ea-bebf-b88a60e194fb-1,2020-01-12T01:00:31.000Z,crmid:5968626847,7ee7ae94-4be1-11ea-bebf-b88a60e194fb,prd1151,Mortgage: 10 yr Fixed,Mortgage,Personal,167601.61,1,USD,branchid:11009
7ee8714a-4be1-11ea-b491-b88a60e194fb-1,2020-01-21T09:02:55.000Z,crmid:7951715806,7ee8714a-4be1-11ea-b491-b88a60e194fb,prd1176,Overseas Equity Fund,Investment,Personal,189261.46,1,USD,branchid:11020
7ee982d4-4be1-11ea-b476-b88a60e194fb-1,2020-01-16T18:32:53.000Z,crmid:8531396575,7ee982d4-4be1-11ea-b476-b88a60e194fb,prd1024,Mortgage: FHA,Mortgage,Personal,3337106.66,1,USD,branchid:11133
7f364426-4be1-11ea-aedb-b88a60e194fb-1,2020-01-26T12:50:26.000Z,crmid:5725470392,7f364426-4be1-11ea-aedb-b88a60e194fb,prd1185,Mortgage: FHA,Mortgage,Personal,189831.02,1,USD,branchid:11056
7f3754be-4be1-11ea-83ab-b88a60e194fb-1,2020-01-05T11:02:09.000Z,crmid:2477271346,7f3754be-4be1-11ea-83ab-b88a60e194fb,prd1032,Home Equity Loan,Mortgage,Personal,281337.5,1,USD,branchid:11076
7f388d1e-4be1-11ea-b574-b88a60e194fb-1,2020-01-26T22:56:06.000Z,crmid:5334666474,7f388d1e-4be1-11ea-b574-b88a60e194fb,prd1179,Business Brokerage Account,Investment,Business,13302.34,1,USD,branchid:11149
7f39ec94-4be1-11ea-9255-b88a60e194fb-1,2020-01-05T13:42:11.000Z,crmid:2692786398,7f39ec94-4be1-11ea-9255-b88a60e194fb,prd1172,Employee Stock Purchase Plans,Investment,Personal,18842.91,1,USD,branchid:11104
7f3b2506-4be1-11ea-9659-b88a60e194fb-1,2020-01-15T14:12:34.000Z,crmid:3803885865,7f3b2506-4be1-11ea-9659-b88a60e194fb,prd1021,CDs: 5 year,Investment,Personal,97362.99,1,USD,branchid:11055
7f3c0f58-4be1-11ea-bf51-b88a60e194fb-1,2020-01-07T21:31:18.000Z,crmid:9560007003,7f3c0f58-4be1-11ea-bf51-b88a60e194fb,prd1176,Overseas Equity Fund,Investment,Personal,18639.59,1,USD,branchid:11107
7f3cf9b8-4be1-11ea-8ee8-b88a60e194fb-1,2020-01-17T06:34:22.000Z,crmid:3303613657,7f3cf9b8-4be1-11ea-8ee8-b88a60e194fb,prd1124,CDs: 5 year,Investment,Personal,235702.42,1,USD,branchid:11008
7f846468-4be1-11ea-accf-b88a60e194fb-1,2020-01-08T11:18:15.000Z,crmid:8947104984,7f846468-4be1-11ea-accf-b88a60e194fb,prd1027,Mortgage: 30-yr Fixed,Mortgage,Personal,16430.19,1,USD,branchid:11136
7f852654-4be1-11ea-9701-b88a60e194fb-1,2020-01-15T12:32:54.000Z,crmid:9689121839,7f852654-4be1-11ea-9701-b88a60e194fb,prd1047,Mortgage: 10 yr Fixed,Mortgage,Personal,15321.99,1,USD,branchid:11011
7f8610ae-4be1-11ea-80c6-b88a60e194fb-1,2020-01-20T20:34:37.000Z,crmid:2607231941,7f8610ae-4be1-11ea-80c6-b88a60e194fb,prd1088,CDs: 1 year,Investment,Personal,15222.59,1,USD,branchid:11060
7f86d3f4-4be1-11ea-b231-b88a60e194fb-1,2020-01-25T05:28:26.000Z,crmid:1558038906,7f86d3f4-4be1-11ea-b231-b88a60e194fb,prd1172,Employee Stock Purchase Plans,Investment,Personal,253455.62,1,USD,branchid:11145
7f8798ae-4be1-11ea-a82e-b88a60e194fb-1,2020-01-07T09:36:18.000Z,crmid:7988858646,7f8798ae-4be1-11ea-a82e-b88a60e194fb,prd1062,Mortgage: VA,Mortgage,Personal,13232.1,1,USD,branchid:11059
7f885b28-4be1-11ea-af6b-b88a60e194fb-1,2020-01-02T07:13:53.000Z,crmid:9492642784,7f885b28-4be1-11ea-af6b-b88a60e194fb,prd1182,Brokerage Account,Investment,Personal,14953.77,1,USD,branchid:11074
7f891f46-4be1-11ea-a4b3-b88a60e194fb-1,2020-01-31T13:49:45.000Z,crmid:2688554728,7f891f46-4be1-11ea-a4b3-b88a60e194fb,prd1087,Overseas Equity Fund,Investment,Personal,15701.58,1,USD,branchid:11012
7fd2d102-4be1-11ea-a28b-b88a60e194fb-1,2020-01-09T05:11:07.000Z,crmid:2396234147,7fd2d102-4be1-11ea-a28b-b88a60e194fb,prd1021,CDs: 5 year,Investment,Personal,15035.45,1,USD,branchid:11103
7fd39458-4be1-11ea-8187-b88a60e194fb-1,2020-01-12T08:46:34.000Z,crmid:2525995368,7fd39458-4be1-11ea-8187-b88a60e194fb,prd1034,Home Equity Loan,Mortgage,Personal,75032.92,1,USD,branchid:11147
7fd4579e-4be1-11ea-b422-b88a60e194fb-1,2020-01-06T12:31:31.000Z,crmid:9635264300,7fd4579e-4be1-11ea-b422-b88a60e194fb,prd1045,Mortgage: 10/1 ARM,Mortgage,Personal,228394.15,1,USD,branchid:11064
7fd51aee-4be1-11ea-964f-b88a60e194fb-1,2020-01-29T03:10:14.000Z,crmid:9738107857,7fd51aee-4be1-11ea-964f-b88a60e194fb,prd1079,Mortgage: 30-yr Fixed,Mortgage,Personal,18483.95,1,USD,branchid:11055
7fd62cc8-4be1-11ea-abb0-b88a60e194fb-1,2020-01-19T00:40:25.000Z,crmid:9999820711,7fd62cc8-4be1-11ea-abb0-b88a60e194fb,prd1032,Home Equity Loan,Mortgage,Personal,305731.74,1,USD,branchid:11084
7fd6efb0-4be1-11ea-a4c8-b88a60e194fb-1,2020-01-09T10:13:32.000Z,crmid:3913990155,7fd6efb0-4be1-11ea-a4c8-b88a60e194fb,prd1148,Mortgage: 10/1 ARM,Mortgage,Personal,13315.81,1,USD,branchid:11080
7fd7da0c-4be1-11ea-859d-b88a60e194fb-1,2020-01-25T12:21:04.000Z,crmid:3754753816,7fd7da0c-4be1-11ea-859d-b88a60e194fb,prd1073,Business Brokerage Account,Investment,Business,17823.42,1,USD,branchid:11105
801de3c8-4be1-11ea-89ff-b88a60e194fb-1,2020-01-02T20:09:22.000Z,crmid:1927797967,801de3c8-4be1-11ea-89ff-b88a60e194fb,prd1027,Mortgage: 30-yr Fixed,Mortgage,Personal,15099.96,1,USD,branchid:11028
801f1c2e-4be1-11ea-846d-b88a60e194fb-1,2020-01-01T10:04:29.000Z,crmid:7452271984,801f1c2e-4be1-11ea-846d-b88a60e194fb,prd1032,Home Equity Loan,Mortgage,Personal,12073.66,1,USD,branchid:11019
801fdf7a-4be1-11ea-b379-b88a60e194fb-1,2020-01-18T00:02:43.000Z,crmid:1149040980,801fdf7a-4be1-11ea-b379-b88a60e194fb,prd1083,Pension Account,Retirement,Personal,17211.9,1,USD,branchid:11035
8020a2d8-4be1-11ea-9404-b88a60e194fb-1,2020-01-30T07:43:53.000Z,crmid:5482071710,8020a2d8-4be1-11ea-9404-b88a60e194fb,prd1035,Pension Account,Retirement,Personal,15828.2,1,USD,branchid:11115
80216618-4be1-11ea-904e-b88a60e194fb-1,2020-01-05T02:54:34.000Z,crmid:8836232633,80216618-4be1-11ea-904e-b88a60e194fb,prd1073,Business Brokerage Account,Investment,Business,14273.07,1,USD,branchid:11122
8022296c-4be1-11ea-adab-b88a60e194fb-1,2020-01-30T04:20:17.000Z,crmid:3671411825,8022296c-4be1-11ea-adab-b88a60e194fb,prd1097,Employee Stock Purchase Plans,Investment,Personal,168037.35,1,USD,branchid:11131
802313d8-4be1-11ea-abec-b88a60e194fb-1,2020-01-29T17:53:58.000Z,crmid:9786012836,802313d8-4be1-11ea-abec-b88a60e194fb,prd1013,Mortgage: FHA,Mortgage,Personal,10379.19,1,USD,branchid:11108
806f390c-4be1-11ea-a0e2-b88a60e194fb-1,2020-01-21T07:03:11.000Z,crmid:9414951190,806f390c-4be1-11ea-a0e2-b88a60e194fb,prd1108,401k,Retirement,Personal,18192.12,1,USD,branchid:11096
806ffb18-4be1-11ea-9936-b88a60e194fb-1,2020-01-24T16:48:39.000Z,crmid:4331212174,806ffb18-4be1-11ea-9936-b88a60e194fb,prd1108,401k,Retirement,Personal,18450.5,1,USD,branchid:11044
8070bfe4-4be1-11ea-9bf3-b88a60e194fb-1,2020-01-11T07:19:36.000Z,crmid:8079666655,8070bfe4-4be1-11ea-9bf3-b88a60e194fb,prd1185,Mortgage: FHA,Mortgage,Personal,222694.67,1,USD,branchid:11142
8071a8b4-4be1-11ea-963f-b88a60e194fb-1,2020-01-05T11:00:57.000Z,crmid:4688235833,8071a8b4-4be1-11ea-963f-b88a60e194fb,prd1041,Mortgage: 7/1 ARM,Mortgage,Personal,14793.87,1,USD,branchid:11027
80726c94-4be1-11ea-b16e-b88a60e194fb-1,2020-01-24T11:45:15.000Z,crmid:3120498754,80726c94-4be1-11ea-b16e-b88a60e194fb,prd1155,CDs: 5 year,Investment,Personal,2867113.3,1,USD,branchid:11092
807330d4-4be1-11ea-ad7d-b88a60e194fb-1,2020-01-09T10:53:41.000Z,crmid:9837852696,807330d4-4be1-11ea-ad7d-b88a60e194fb,prd1111,Pension Account,Retirement,Personal,15942.65,1,USD,branchid:11074
8073f434-4be1-11ea-9482-b88a60e194fb-1,2020-01-20T22:54:52.000Z,crmid:3992560742,8073f434-4be1-11ea-9482-b88a60e194fb,prd1037,Home Equity Loan,Mortgage,Personal,178565.63,1,USD,branchid:11016
80b9ae1c-4be1-11ea-ae7f-b88a60e194fb-1,2020-01-26T15:53:25.000Z,crmid:5180192389,80b9ae1c-4be1-11ea-ae7f-b88a60e194fb,prd1129,Mortgage: 10/1 ARM,Mortgage,Personal,17569.15,1,USD,branchid:11064
80ba9870-4be1-11ea-bb5c-b88a60e194fb-1,2020-01-08T17:29:07.000Z,crmid:4492456204,80ba9870-4be1-11ea-bb5c-b88a60e194fb,prd1183,Fixed Deposit,Investment,Personal,19470.26,1,USD,branchid:11050
80bb5d2e-4be1-11ea-9320-b88a60e194fb-1,2020-01-16T10:34:16.000Z,crmid:9470324196,80bb5d2e-4be1-11ea-9320-b88a60e194fb,prd1179,Business Brokerage Account,Investment,Business,177970.38,1,USD,branchid:11028
80bc1f36-4be1-11ea-a4bc-b88a60e194fb-1,2020-01-08T21:25:41.000Z,crmid:3240968544,80bc1f36-4be1-11ea-a4bc-b88a60e194fb,prd1184,Fixed Deposit,Investment,Personal,14498.78,1,USD,branchid:11103
80bce3f8-4be1-11ea-a31b-b88a60e194fb-1,2020-01-27T21:48:24.000Z,crmid:8696840161,80bce3f8-4be1-11ea-a31b-b88a60e194fb,prd1008,Traditional IRA,Retirement,Personal,15498.79,1,USD,branchid:11053
80bda71c-4be1-11ea-bcd1-b88a60e194fb-1,2020-01-10T10:26:22.000Z,crmid:9417814515,80bda71c-4be1-11ea-bcd1-b88a60e194fb,prd1184,Fixed Deposit,Investment,Personal,2102263.77,1,USD,branchid:11145
80be6914-4be1-11ea-9381-b88a60e194fb-1,2020-01-13T23:39:28.000Z,crmid:7594618653,80be6914-4be1-11ea-9381-b88a60e194fb,prd1155,CDs: 5 year,Investment,Personal,11524.13,1,USD,branchid:11053
