{"_id": "orderid:629097", "timestamp": "2020-02-04T23:27:33.000Z", "eventType": "transaction", "_adobeamericaspot3": {"CRMID": "crmid:8960626871", "orderDetails": {"orderID": "orderid:629097", "reservationid": "PGX-6O5F", "orderType": "website", "hotelSKU": "prd1123", "hotelCheckInUnix": "1580945253", "hotelCheckOutUnix": "1581031653", "hotelCheckInTS": "2020-02-05T23:27:33+00:00", "hotelCheckOutTS": "2020-02-06T23:27:33+00:00", "hotelChain": "Family Fun Hotels", "hotelName": "Family Fun Hotels: Amsterdam", "hotelLocation": "Amsterdam", "hotelRoomType": "luxury", "hotelRoomCount": "1", "hotelGuestAdultCount": "1", "hotelGuestChildCount": "0", "hotelNightCount": "1", "hotelRoomPrice": "331.89", "hotelFinalPrice": "331.89"}}}
{"_id": "orderid:788065", "timestamp": "2020-01-22T03:22:11.000Z", "eventType": "transaction", "_adobeamericaspot3": {"CRMID": "crmid:6866031034", "orderDetails": {"orderID": "orderid:788065", "reservationid": "QG6-FYFG", "orderType": "website", "hotelSKU": "prd1001", "hotelCheckInUnix": "1581996131", "hotelCheckOutUnix": "1582860131", "hotelCheckInTS": "2020-02-18T03:22:11+00:00", "hotelCheckOutTS": "2020-02-28T03:22:11+00:00", "hotelChain": "Grandeur Hotels", "hotelName": "Grandeur Hotels: New York", "hotelLocation": "New York", "hotelRoomType": "standard", "hotelRoomCount": "1", "hotelGuestAdultCount": "1", "hotelGuestChildCount": "0", "hotelNightCount": "10", "hotelRoomPrice": "172.91", "hotelFinalPrice": "1729.1"}}}
{"_id": "orderid:400940", "timestamp": "2020-01-26T03:49:10.000Z", "eventType": "transaction", "_adobeamericaspot3": {"CRMID": "crmid:1086949740", "orderDetails": {"orderID": "orderid:400940", "reservationid": "GKI-CHPV", "orderType": "website", "hotelSKU": "prd1052", "hotelCheckInUnix": "1582343350", "hotelCheckOutUnix": "1582948150", "hotelCheckInTS": "2020-02-22T03:49:10+00:00", "hotelCheckOutTS": "2020-02-29T03:49:10+00:00", "hotelChain": "Aspen Heights", "hotelName": "Aspen Heights: Wichita", "hotelLocation": "Wichita", "hotelRoomType": "standard", "hotelRoomCount": "1", "hotelGuestAdultCount": "1", "hotelGuestChildCount": "0", "hotelNightCount": "7", "hotelRoomPrice": "126.38", "hotelFinalPrice": "884.66"}}}
{"_id": "orderid:513302", "timestamp": "2020-01-02T13:47:27.000Z", "eventType": "transaction", "_adobeamericaspot3": {"CRMID": "crmid:7404136958", "orderDetails": {"orderID": "orderid:513302", "reservationid": "CFU-N8PY", "orderType": "call center", "hotelSKU": "prd1182", "hotelCheckInUnix": "1578059247", "hotelCheckOutUnix": "1578491247", "hotelCheckInTS": "2020-01-03T13:47:27+00:00", "hotelCheckOutTS": "2020-01-08T13:47:27+00:00", "hotelChain": "Restful Nights", "hotelName": "Restful Nights: Minneapolis", "hotelLocation": "Minneapolis", "hotelRoomType": "standard", "hotelRoomCount": "1", "hotelGuestAdultCount": "1", "hotelGuestChildCount": "0", "hotelNightCount": "5", "hotelRoomPrice": "175.09", "hotelFinalPrice": "875.45"}}}
{"_id": "orderid:762146", "timestamp": "2020-02-05T22:53:26.000Z", "eventType": "transaction", "_adobeamericaspot3": {"CRMID": "crmid:8454675964", "orderDetails": {"orderID": "orderid:762146", "reservationid": "SBP-IW74", "orderType": "website", "hotelSKU": "prd1153", "hotelCheckInUnix": "1581029606", "hotelCheckOutUnix": "1581288806", "hotelCheckInTS": "2020-02-06T22:53:26+00:00", "hotelCheckOutTS": "2020-02-09T22:53:26+00:00", "hotelChain": "Admiralty Plaza", "hotelName": "Admiralty Plaza: Charlotte", "hotelLocation": "Charlotte", "hotelRoomType": "standard", "hotelRoomCount": "1", "hotelGuestAdultCount": "1", "hotelGuestChildCount": "0", "hotelNightCount": "3", "hotelRoomPrice": "126.92", "hotelFinalPrice": "380.76"}}}
{"_id": "orderid:458028", "timestamp": "2020-01-26T15:18:53.000Z", "eventType": "transaction", "_adobeamericaspot3": {"CRMID": "crmid:1880399666", "orderDetails": {"orderID": "orderid:458028", "reservationid": "QJH-NMQ4", "orderType": "kiosk", "hotelSKU": "prd1088", "hotelCheckInUnix": "1580224733", "hotelCheckOutUnix": "1580570333", "hotelCheckInTS": "2020-01-28T15:18:53+00:00", "hotelCheckOutTS": "2020-02-01T15:18:53+00:00", "hotelChain": "Aspen Heights", "hotelName": "Aspen Heights: Ankara", "hotelLocation": "Ankara", "hotelRoomType": "standard", "hotelRoomCount": "1", "hotelGuestAdultCount": "1", "hotelGuestChildCount": "0", "hotelNightCount": "4", "hotelRoomPrice": "124.05", "hotelFinalPrice": "496.2"}}}
{"_id": "orderid:337925", "timestamp": "2020-02-03T00:00:00.000Z", "eventType": "transaction", "_adobeamericaspot3": {"CRMID": "crmid:1880399666", "orderDetails": {"orderID": "orderid:337925", "reservationid": "J8S-R4GD", "orderType": "website", "hotelSKU": "prd1057", "hotelCheckInUnix": "1580860800", "hotelCheckOutUnix": "1581206400", "hotelCheckInTS": "2020-02-05T00:00:00+00:00", "hotelCheckOutTS": "2020-02-09T00:00:00+00:00", "hotelChain": "Admiralty Plaza", "hotelName": "Admiralty Plaza: Mumbai", "hotelLocation": "Mumbai", "hotelRoomType": "standard", "hotelRoomCount": "1", "hotelGuestAdultCount": "1", "hotelGuestChildCount": "0", "hotelNightCount": "4", "hotelRoomPrice": "193.13", "hotelFinalPrice": "772.52"}}}
{"_id": "orderid:964008", "timestamp": "2019-12-27T17:21:43.000Z", "eventType": "transaction", "_adobeamericaspot3": {"CRMID": "crmid:2868606345", "orderDetails": {"orderID": "orderid:964008", "reservationid": "3MB-2R4W", "orderType": "mobile", "hotelSKU": "prd1133", "hotelCheckInUnix": "1577985703", "hotelCheckOutUnix": "1578331303", "hotelCheckInTS": "2020-01-02T17:21:43+00:00", "hotelCheckOutTS": "2020-01-06T17:21:43+00:00", "hotelChain": "Grandeur Hotels", "hotelName": "Grandeur Hotels: Toronto", "hotelLocation": "Toronto", "hotelRoomType": "premium", "hotelRoomCount": "1", "hotelGuestAdultCount": "1", "hotelGuestChildCount": "0", "hotelNightCount": "4", "hotelRoomPrice": "166.11", "hotelFinalPrice": "664.44"}}}
{"_id": "orderid:252133", "timestamp": "2019-12-04T06:39:43.000Z", "eventType": "transaction", "_adobeamericaspot3": {"CRMID": "crmid:2977618981", "orderDetails": {"orderID": "orderid:252133", "reservationid": "SJ8-1JPV", "orderType": "website", "hotelSKU": "prd1081", "hotelCheckInUnix": "1577860783", "hotelCheckOutUnix": "1578465583", "hotelCheckInTS": "2020-01-01T06:39:43+00:00", "hotelCheckOutTS": "2020-01-08T06:39:43+00:00", "hotelChain": "Admiralty Plaza", "hotelName": "Admiralty Plaza: Rod de Janeiro", "hotelLocation": "Rod de Janeiro", "hotelRoomType": "premium", "hotelRoomCount": "1", "hotelGuestAdultCount": "1", "hotelGuestChildCount": "0", "hotelNightCount": "7", "hotelRoomPrice": "127.21", "hotelFinalPrice": "890.47"}}}
{"_id": "orderid:679994", "timestamp": "2019-12-26T13:57:57.000Z", "eventType": "transaction", "_adobeamericaspot3": {"CRMID": "crmid:8862283928", "orderDetails": {"orderID": "orderid:679994", "reservationid": "WSR-7QX5", "orderType": "kiosk", "hotelSKU": "prd1009", "hotelCheckInUnix": "1579010277", "hotelCheckOutUnix": "1579355877", "hotelCheckInTS": "2020-01-14T13:57:57+00:00", "hotelCheckOutTS": "2020-01-18T13:57:57+00:00", "hotelChain": "Admiralty Plaza", "hotelName": "Admiralty Plaza: San Antonio", "hotelLocation": "San Antonio", "hotelRoomType": "premium", "hotelRoomCount": "1", "hotelGuestAdultCount": "1", "hotelGuestChildCount": "0", "hotelNightCount": "4", "hotelRoomPrice": "137.66", "hotelFinalPrice": "550.64"}}}
{"_id": "orderid:501319", "timestamp": "2020-01-28T00:21:51.000Z", "eventType": "transaction", "_adobeamericaspot3": {"CRMID": "crmid:4246935024", "orderDetails": {"orderID": "orderid:501319", "reservationid": "GD3-WHS9", "orderType": "service desk", "hotelSKU": "prd1047", "hotelCheckInUnix": "1582158111", "hotelCheckOutUnix": "1582762911", "hotelCheckInTS": "2020-02-20T00:21:51+00:00", "hotelCheckOutTS": "2020-02-27T00:21:51+00:00", "hotelChain": "Hospitality Inn", "hotelName": "Hospitality Inn: Oakland", "hotelLocation": "Oakland", "hotelRoomType": "premium", "hotelRoomCount": "1", "hotelGuestAdultCount": "1", "hotelGuestChildCount": "1", "hotelNightCount": "7", "hotelRoomPrice": "135.53", "hotelFinalPrice": "948.71"}}}
{"_id": "orderid:133922", "timestamp": "2019-12-01T14:33:42.000Z", "eventType": "transaction", "_adobeamericaspot3": {"CRMID": "crmid:5547485720", "orderDetails": {"orderID": "orderid:133922", "reservationid": "BU9-RIF2", "orderType": "call center", "hotelSKU": "prd1079", "hotelCheckInUnix": "1577198022", "hotelCheckOutUnix": "1577716422", "hotelCheckInTS": "2019-12-24T14:33:42+00:00", "hotelCheckOutTS": "2019-12-30T14:33:42+00:00", "hotelChain": "Nesting Box Inn", "hotelName": "Nesting Box Inn: Chennai", "hotelLocation": "Chennai", "hotelRoomType": "standard", "hotelRoomCount": "1", "hotelGuestAdultCount": "1", "hotelGuestChildCount": "0", "hotelNightCount": "6", "hotelRoomPrice": "165.67", "hotelFinalPrice": "994.02"}}}
{"_id": "orderid:777182", "timestamp": "2020-01-16T23:27:20.000Z", "eventType": "transaction", "_adobeamericaspot3": {"CRMID": "crmid:6568142121", "orderDetails": {"orderID": "orderid:777182", "reservationid": "6LL-RW26", "orderType": "kiosk", "hotelSKU": "prd1111", "hotelCheckInUnix": "1580686040", "hotelCheckOutUnix": "1581290840", "hotelCheckInTS": "2020-02-02T23:27:20+00:00", "hotelCheckOutTS": "2020-02-09T23:27:20+00:00", "hotelChain": "Family Fun Hotels", "hotelName": "Family Fun Hotels: Prague", "hotelLocation": "Prague", "hotelRoomType": "standard", "hotelRoomCount": "1", "hotelGuestAdultCount": "1", "hotelGuestChildCount": "0", "hotelNightCount": "7", "hotelRoomPrice": "119.7", "hotelFinalPrice": "837.9"}}}
{"_id": "orderid:615837", "timestamp": "2019-12-21T07:07:45.000Z", "eventType": "transaction", "_adobeamericaspot3": {"CRMID": "crmid:2812097839", "orderDetails": {"orderID": "orderid:615837", "reservationid": "K6K-JQT1", "orderType": "call center", "hotelSKU": "prd1177", "hotelCheckInUnix": "1578467265", "hotelCheckOutUnix": "1578899265", "hotelCheckInTS": "2020-01-08T07:07:45+00:00", "hotelCheckOutTS": "2020-01-13T07:07:45+00:00", "hotelChain": "Admiralty Plaza", "hotelName": "Admiralty Plaza: Raleigh", "hotelLocation": "Raleigh", "hotelRoomType": "standard", "hotelRoomCount": "1", "hotelGuestAdultCount": "1", "hotelGuestChildCount": "1", "hotelNightCount": "5", "hotelRoomPrice": "163.77", "hotelFinalPrice": "818.85"}}}
{"_id": "orderid:471800", "timestamp": "2020-01-19T16:25:11.000Z", "eventType": "transaction", "_adobeamericaspot3": {"CRMID": "crmid:6300168812", "orderDetails": {"orderID": "orderid:471800", "reservationid": "XIQ-RRQ6", "orderType": "website", "hotelSKU": "prd1095", "hotelCheckInUnix": "1579537511", "hotelCheckOutUnix": "1579796711", "hotelCheckInTS": "2020-01-20T16:25:11+00:00", "hotelCheckOutTS": "2020-01-23T16:25:11+00:00", "hotelChain": "Hospitality Inn", "hotelName": "Hospitality Inn: Casablanca", "hotelLocation": "Casablanca", "hotelRoomType": "standard", "hotelRoomCount": "1", "hotelGuestAdultCount": "1", "hotelGuestChildCount": "0", "hotelNightCount": "3", "hotelRoomPrice": "164.68", "hotelFinalPrice": "494.04"}}}
{"_id": "orderid:615720", "timestamp": "2020-01-18T23:30:29.000Z", "eventType": "transaction", "_adobeamericaspot3": {"CRMID": "crmid:2555998857", "orderDetails": {"orderID": "orderid:615720", "reservationid": "9E7-JMHE", "orderType": "service desk", "hotelSKU": "prd1166", "hotelCheckInUnix": "1581204629", "hotelCheckOutUnix": "1582759829", "hotelCheckInTS": "2020-02-08T23:30:29+00:00", "hotelCheckOutTS": "2020-02-26T23:30:29+00:00", "hotelChain": "Blue Reef Resort", "hotelName": "Blue Reef Resort: Baltimore", "hotelLocation": "Baltimore", "hotelRoomType": "standard", "hotelRoomCount": "1", "hotelGuestAdultCount": "1", "hotelGuestChildCount": "4", "hotelNightCount": "18", "hotelRoomPrice": "133.9", "hotelFinalPrice": "2410.2"}}}
{"_id": "orderid:261144", "timestamp": "2020-01-13T00:42:32.000Z", "eventType": "transaction", "_adobeamericaspot3": {"CRMID": "crmid:2752075719", "orderDetails": {"orderID": "orderid:261144", "reservationid": "WDS-SIBY", "orderType": "website", "hotelSKU": "prd1127", "hotelCheckInUnix": "1581122552", "hotelCheckOutUnix": "1581554552", "hotelCheckInTS": "2020-02-08T00:42:32+00:00", "hotelCheckOutTS": "2020-02-13T00:42:32+00:00", "hotelChain": "Nesting Box Inn", "hotelName": "Nesting Box Inn: Glasgow", "hotelLocation": "Glasgow", "hotelRoomType": "standard", "hotelRoomCount": "1", "hotelGuestAdultCount": "1", "hotelGuestChildCount": "0", "hotelNightCount": "5", "hotelRoomPrice": "141.49", "hotelFinalPrice": "707.45"}}}
{"_id": "orderid:425485", "timestamp": "2020-01-29T11:08:56.000Z", "eventType": "transaction", "_adobeamericaspot3": {"CRMID": "crmid:5084161960", "orderDetails": {"orderID": "orderid:425485", "reservationid": "DL9-BUJI", "orderType": "kiosk", "hotelSKU": "prd1076", "hotelCheckInUnix": "1581851336", "hotelCheckOutUnix": "1582542536", "hotelCheckInTS": "2020-02-16T11:08:56+00:00", "hotelCheckOutTS": "2020-02-24T11:08:56+00:00", "hotelChain": "Aspen Heights", "hotelName": "Aspen Heights: Bogota", "hotelLocation": "Bogota", "hotelRoomType": "ultra-luxury", "hotelRoomCount": "1", "hotelGuestAdultCount": "1", "hotelGuestChildCount": "0", "hotelNightCount": "8", "hotelRoomPrice": "282.99", "hotelFinalPrice": "2263.92"}}}
{"_id": "orderid:775797", "timestamp": "2019-12-29T00:26:54.000Z", "eventType": "transaction", "_adobeamericaspot3": {"CRMID": "crmid:3065516440", "orderDetails": {"orderID": "orderid:775797", "reservationid": "CZR-Z85M", "orderType": "mobile", "hotelSKU": "prd1014", "hotelCheckInUnix": "1579652814", "hotelCheckOutUnix": "1579998414", "hotelCheckInTS": "2020-01-22T00:26:54+00:00", "hotelCheckOutTS": "2020-01-26T00:26:54+00:00", "hotelChain": "Restful Nights", "hotelName": "Restful Nights: Jacksonville", "hotelLocation": "Jacksonville", "hotelRoomType": "standard", "hotelRoomCount": "1", "hotelGuestAdultCount": "1", "hotelGuestChildCount": "0", "hotelNightCount": "4", "hotelRoomPrice": "182.65", "hotelFinalPrice": "730.6"}}}
{"_id": "orderid:121299", "timestamp": "2019-12-19T18:03:22.000Z", "eventType": "transaction", "_adobeamericaspot3": {"CRMID": "crmid:7876683041", "orderDetails": {"orderID": "orderid:121299", "reservationid": "CHX-XZSZ", "orderType": "website", "hotelSKU": "prd1124", "hotelCheckInUnix": "1578506602", "hotelCheckOutUnix": "1579543402", "hotelCheckInTS": "2020-01-08T18:03:22+00:00", "hotelCheckOutTS": "2020-01-20T18:03:22+00:00", "hotelChain": "Aspen Heights", "hotelName": "Aspen Heights: Leeds", "hotelLocation": "Leeds", "hotelRoomType": "standard", "hotelRoomCount": "1", "hotelGuestAdultCount": "1", "hotelGuestChildCount": "0", "hotelNightCount": "12", "hotelRoomPrice": "161.67", "hotelFinalPrice": "1940.04"}}}
{"_id": "orderid:667468", "timestamp": "2019-12-20T08:31:16.000Z", "eventType": "transaction", "_adobeamericaspot3": {"CRMID": "crmid:4853055828", "orderDetails": {"orderID": "orderid:667468", "reservationid": "B4Q-WMRC", "orderType": "call center", "hotelSKU": "prd1045", "hotelCheckInUnix": "1579077076", "hotelCheckOutUnix": "1579681876", "hotelCheckInTS": "2020-01-15T08:31:16+00:00", "hotelCheckOutTS": "2020-01-22T08:31:16+00:00", "hotelChain": "Admiralty Plaza", "hotelName": "Admiralty Plaza: Miami", "hotelLocation": "Miami", "hotelRoomType": "standard", "hotelRoomCount": "1", "hotelGuestAdultCount": "1", "hotelGuestChildCount": "0", "hotelNightCount": "7", "hotelRoomPrice": "118.18", "hotelFinalPrice": "827.26"}}}
{"_id": "orderid:698909", "timestamp": "2020-02-09T03:58:46.000Z", "eventType": "transaction", "_adobeamericaspot3": {"CRMID": "crmid:6109018893", "orderDetails": {"orderID": "orderid:698909", "reservationid": "FZG-SVFX", "orderType": "call center", "hotelSKU": "prd1012", "hotelCheckInUnix": "1583121526", "hotelCheckOutUnix": "1583380726", "hotelCheckInTS": "2020-03-02T03:58:46+00:00", "hotelCheckOutTS": "2020-03-05T03:58:46+00:00", "hotelChain": "Sandhill", "hotelName": "Sandhill: San Jose", "hotelLocation": "San Jose", "hotelRoomType": "premium", "hotelRoomCount": "1", "hotelGuestAdultCount": "1", "hotelGuestChildCount": "2", "hotelNightCount": "3", "hotelRoomPrice": "127.96", "hotelFinalPrice": "383.88"}}}
{"_id": "orderid:551565", "timestamp": "2020-01-31T18:57:53.000Z", "eventType": "transaction", "_adobeamericaspot3": {"CRMID": "crmid:4469190768", "orderDetails": {"orderID": "orderid:551565", "reservationid": "FR5-PYKR", "orderType": "service desk", "hotelSKU": "prd1151", "hotelCheckInUnix": "1582829873", "hotelCheckOutUnix": "1583866673", "hotelCheckInTS": "2020-02-27T18:57:53+00:00", "hotelCheckOutTS": "2020-03-10T18:57:53+00:00", "hotelChain": "Nesting Box Inn", "hotelName": "Nesting Box Inn: Fort Worth", "hotelLocation": "Fort Worth", "hotelRoomType": "standard", "hotelRoomCount": "1", "hotelGuestAdultCount": "1", "hotelGuestChildCount": "0", "hotelNightCount": "12", "hotelRoomPrice": "119.65", "hotelFinalPrice": "1435.8"}}}
{"_id": "orderid:115688", "timestamp": "2020-01-11T06:51:03.000Z", "eventType": "transaction", "_adobeamericaspot3": {"CRMID": "crmid:5985895138", "orderDetails": {"orderID": "orderid:115688", "reservationid": "NWE-JXU7", "orderType": "kiosk", "hotelSKU": "prd1032", "hotelCheckInUnix": "1579503063", "hotelCheckOutUnix": "1580280663", "hotelCheckInTS": "2020-01-20T06:51:03+00:00", "hotelCheckOutTS": "2020-01-29T06:51:03+00:00", "hotelChain": "Repose Resort", "hotelName": "Repose Resort: Baltimore", "hotelLocation": "Baltimore", "hotelRoomType": "standard", "hotelRoomCount": "1", "hotelGuestAdultCount": "1", "hotelGuestChildCount": "0", "hotelNightCount": "9", "hotelRoomPrice": "127.15", "hotelFinalPrice": "1144.35"}}}
{"_id": "orderid:725948", "timestamp": "2019-12-25T23:22:29.000Z", "eventType": "transaction", "_adobeamericaspot3": {"CRMID": "crmid:6937524811", "orderDetails": {"orderID": "orderid:725948", "reservationid": "H8D-I8K7", "orderType": "kiosk", "hotelSKU": "prd1040", "hotelCheckInUnix": "1578784949", "hotelCheckOutUnix": "1579130549", "hotelCheckInTS": "2020-01-11T23:22:29+00:00", "hotelCheckOutTS": "2020-01-15T23:22:29+00:00", "hotelChain": "Aspen Heights", "hotelName": "Aspen Heights: Atlanta", "hotelLocation": "Atlanta", "hotelRoomType": "standard", "hotelRoomCount": "1", "hotelGuestAdultCount": "1", "hotelGuestChildCount": "0", "hotelNightCount": "4", "hotelRoomPrice": "180.93", "hotelFinalPrice": "723.72"}}}
{"_id": "orderid:180579", "timestamp": "2019-12-15T10:18:42.000Z", "eventType": "transaction", "_adobeamericaspot3": {"CRMID": "crmid:5550892240", "orderDetails": {"orderID": "orderid:180579", "reservationid": "GPG-HOME", "orderType": "mobile", "hotelSKU": "prd1071", "hotelCheckInUnix": "1578565122", "hotelCheckOutUnix": "1579429122", "hotelCheckInTS": "2020-01-09T10:18:42+00:00", "hotelCheckOutTS": "2020-01-19T10:18:42+00:00", "hotelChain": "Hospitality Inn", "hotelName": "Hospitality Inn: Seoul", "hotelLocation": "Seoul", "hotelRoomType": "standard", "hotelRoomCount": "1", "hotelGuestAdultCount": "1", "hotelGuestChildCount": "0", "hotelNightCount": "10", "hotelRoomPrice": "151.17", "hotelFinalPrice": "1511.7"}}}
{"_id": "orderid:184161", "timestamp": "2020-02-05T04:59:07.000Z", "eventType": "transaction", "_adobeamericaspot3": {"CRMID": "crmid:6157444331", "orderDetails": {"orderID": "orderid:184161", "reservationid": "GRD-R7UE", "orderType": "website", "hotelSKU": "prd1083", "hotelCheckInUnix": "1582865947", "hotelCheckOutUnix": "1583902747", "hotelCheckInTS": "2020-02-28T04:59:07+00:00", "hotelCheckOutTS": "2020-03-11T04:59:07+00:00", "hotelChain": "Hospitality Inn", "hotelName": "Hospitality Inn: Bangkok", "hotelLocation": "Bangkok", "hotelRoomType": "standard", "hotelRoomCount": "1", "hotelGuestAdultCount": "1", "hotelGuestChildCount": "2", "hotelNightCount": "12", "hotelRoomPrice": "150.21", "hotelFinalPrice": "1802.52"}}}
{"_id": "orderid:232936", "timestamp": "2019-12-24T16:05:16.000Z", "eventType": "transaction", "_adobeamericaspot3": {"CRMID": "crmid:7564986859", "orderDetails": {"orderID": "orderid:232936", "reservationid": "4AJ-ZWOV", "orderType": "mobile", "hotelSKU": "prd1129", "hotelCheckInUnix": "1577808316", "hotelCheckOutUnix": "1578067516", "hotelCheckInTS": "2019-12-31T16:05:16+00:00", "hotelCheckOutTS": "2020-01-03T16:05:16+00:00", "hotelChain": "Admiralty Plaza", "hotelName": "Admiralty Plaza: Helsinki", "hotelLocation": "Helsinki", "hotelRoomType": "premium", "hotelRoomCount": "1", "hotelGuestAdultCount": "1", "hotelGuestChildCount": "3", "hotelNightCount": "3", "hotelRoomPrice": "126.77", "hotelFinalPrice": "380.31"}}}
{"_id": "orderid:874378", "timestamp": "2020-01-29T10:03:13.000Z", "eventType": "transaction", "_adobeamericaspot3": {"CRMID": "crmid:7141021405", "orderDetails": {"orderID": "orderid:874378", "reservationid": "WCU-YXZV", "orderType": "mobile", "hotelSKU": "prd1016", "hotelCheckInUnix": "1582106593", "hotelCheckOutUnix": "1582538593", "hotelCheckInTS": "2020-02-19T10:03:13+00:00", "hotelCheckOutTS": "2020-02-24T10:03:13+00:00", "hotelChain": "Aspen Heights", "hotelName": "Aspen Heights: Columbus", "hotelLocation": "Columbus", "hotelRoomType": "premium", "hotelRoomCount": "1", "hotelGuestAdultCount": "1", "hotelGuestChildCount": "0", "hotelNightCount": "5", "hotelRoomPrice": "173.23", "hotelFinalPrice": "866.15"}}}
{"_id": "orderid:737673", "timestamp": "2020-01-19T17:23:51.000Z", "eventType": "transaction", "_adobeamericaspot3": {"CRMID": "crmid:9933129580", "orderDetails": {"orderID": "orderid:737673", "reservationid": "DUG-FCIM", "orderType": "mobile", "hotelSKU": "prd1023", "hotelCheckInUnix": "1579541031", "hotelCheckOutUnix": "1580059431", "hotelCheckInTS": "2020-01-20T17:23:51+00:00", "hotelCheckOutTS": "2020-01-26T17:23:51+00:00", "hotelChain": "Hospitality Inn", "hotelName": "Hospitality Inn: Boston", "hotelLocation": "Boston", "hotelRoomType": "standard", "hotelRoomCount": "1", "hotelGuestAdultCount": "1", "hotelGuestChildCount": "4", "hotelNightCount": "6", "hotelRoomPrice": "149.47", "hotelFinalPrice": "896.82"}}}
{"_id": "orderid:499158", "timestamp": "2020-01-10T07:13:20.000Z", "eventType": "transaction", "_adobeamericaspot3": {"CRMID": "crmid:3900638327", "orderDetails": {"orderID": "orderid:499158", "reservationid": "KJB-IOIY", "orderType": "call center", "hotelSKU": "prd1153", "hotelCheckInUnix": "1580109200", "hotelCheckOutUnix": "1580541200", "hotelCheckInTS": "2020-01-27T07:13:20+00:00", "hotelCheckOutTS": "2020-02-01T07:13:20+00:00", "hotelChain": "Admiralty Plaza", "hotelName": "Admiralty Plaza: Charlotte", "hotelLocation": "Charlotte", "hotelRoomType": "premium", "hotelRoomCount": "1", "hotelGuestAdultCount": "1", "hotelGuestChildCount": "0", "hotelNightCount": "5", "hotelRoomPrice": "110.59", "hotelFinalPrice": "552.95"}}}
{"_id": "orderid:817183", "timestamp": "2019-12-08T08:02:38.000Z", "eventType": "transaction", "_adobeamericaspot3": {"CRMID": "crmid:7266238858", "orderDetails": {"orderID": "orderid:817183", "reservationid": "P7V-VEFS", "orderType": "website", "hotelSKU": "prd1136", "hotelCheckInUnix": "1577347358", "hotelCheckOutUnix": "1577779358", "hotelCheckInTS": "2019-12-26T08:02:38+00:00", "hotelCheckOutTS": "2019-12-31T08:02:38+00:00", "hotelChain": "Aspen Heights", "hotelName": "Aspen Heights: Osaka", "hotelLocation": "Osaka", "hotelRoomType": "premium", "hotelRoomCount": "1", "hotelGuestAdultCount": "1", "hotelGuestChildCount": "0", "hotelNightCount": "5", "hotelRoomPrice": "142.97", "hotelFinalPrice": "714.85"}}}
{"_id": "orderid:796988", "timestamp": "2020-01-15T15:58:06.000Z", "eventType": "transaction", "_adobeamericaspot3": {"CRMID": "crmid:1556249995", "orderDetails": {"orderID": "orderid:796988", "reservationid": "R61-03BL", "orderType": "website", "hotelSKU": "prd1021", "hotelCheckInUnix": "1579190286", "hotelCheckOutUnix": "1579276686", "hotelCheckInTS": "2020-01-16T15:58:06+00:00", "hotelCheckOutTS": "2020-01-17T15:58:06+00:00", "hotelChain": "Admiralty Plaza", "hotelName": "Admiralty Plaza: Denver", "hotelLocation": "Denver", "hotelRoomType": "premium", "hotelRoomCount": "1", "hotelGuestAdultCount": "1", "hotelGuestChildCount": "0", "hotelNightCount": "1", "hotelRoomPrice": "118.43", "hotelFinalPrice": "118.43"}}}
{"_id": "orderid:293192", "timestamp": "2020-01-15T21:01:36.000Z", "eventType": "transaction", "_adobeamericaspot3": {"CRMID": "crmid:5286743839", "orderDetails": {"orderID": "orderid:293192", "reservationid": "VQ3-YPLJ", "orderType": "service desk", "hotelSKU": "prd1172", "hotelCheckInUnix": "1579381296", "hotelCheckOutUnix": "1579554096", "hotelCheckInTS": "2020-01-18T21:01:36+00:00", "hotelCheckOutTS": "2020-01-20T21:01:36+00:00", "hotelChain": "Aspen Heights", "hotelName": "Aspen Heights: Mesa", "hotelLocation": "Mesa", "hotelRoomType": "standard", "hotelRoomCount": "1", "hotelGuestAdultCount": "1", "hotelGuestChildCount": "0", "hotelNightCount": "2", "hotelRoomPrice": "153.83", "hotelFinalPrice": "307.66"}}}
{"_id": "orderid:796198", "timestamp": "2020-01-22T00:00:00.000Z", "eventType": "transaction", "_adobeamericaspot3": {"CRMID": "crmid:5286743839", "orderDetails": {"orderID": "orderid:796198", "reservationid": "RBQ-NXPB", "orderType": "website", "hotelSKU": "prd1071", "hotelCheckInUnix": "1579737600", "hotelCheckOutUnix": "1579996800", "hotelCheckInTS": "2020-01-23T00:00:00+00:00", "hotelCheckOutTS": "2020-01-26T00:00:00+00:00", "hotelChain": "Hospitality Inn", "hotelName": "Hospitality Inn: Seoul", "hotelLocation": "Seoul", "hotelRoomType": "premium", "hotelRoomCount": "1", "hotelGuestAdultCount": "1", "hotelGuestChildCount": "0", "hotelNightCount": "3", "hotelRoomPrice": "132.01", "hotelFinalPrice": "396.03"}}}
{"_id": "orderid:525769", "timestamp": "2019-12-04T17:57:03.000Z", "eventType": "transaction", "_adobeamericaspot3": {"CRMID": "crmid:8235642415", "orderDetails": {"orderID": "orderid:525769", "reservationid": "TQY-NWKS", "orderType": "call center", "hotelSKU": "prd1115", "hotelCheckInUnix": "1577642223", "hotelCheckOutUnix": "1578419823", "hotelCheckInTS": "2019-12-29T17:57:03+00:00", "hotelCheckOutTS": "2020-01-07T17:57:03+00:00", "hotelChain": "Nesting Box Inn", "hotelName": "Nesting Box Inn: Cologne", "hotelLocation": "Cologne", "hotelRoomType": "standard", "hotelRoomCount": "1", "hotelGuestAdultCount": "1", "hotelGuestChildCount": "0", "hotelNightCount": "9", "hotelRoomPrice": "179.24", "hotelFinalPrice": "1613.16"}}}
{"_id": "orderid:172937", "timestamp": "2020-01-09T20:42:21.000Z", "eventType": "transaction", "_adobeamericaspot3": {"CRMID": "crmid:4622744438", "orderDetails": {"orderID": "orderid:172937", "reservationid": "WIZ-JSG4", "orderType": "call center", "hotelSKU": "prd1011", "hotelCheckInUnix": "1580676141", "hotelCheckOutUnix": "1581021741", "hotelCheckInTS": "2020-02-02T20:42:21+00:00", "hotelCheckOutTS": "2020-02-06T20:42:21+00:00", "hotelChain": "Hospitality Inn", "hotelName": "Hospitality Inn: Dallas", "hotelLocation": "Dallas", "hotelRoomType": "standard", "hotelRoomCount": "1", "hotelGuestAdultCount": "1", "hotelGuestChildCount": "2", "hotelNightCount": "4", "hotelRoomPrice": "102.09", "hotelFinalPrice": "408.36"}}}
{"_id": "orderid:370327", "timestamp": "2020-01-21T15:04:57.000Z", "eventType": "transaction", "_adobeamericaspot3": {"CRMID": "crmid:6611015670", "orderDetails": {"orderID": "orderid:370327", "reservationid": "3D3-MESD", "orderType": "service desk", "hotelSKU": "prd1176", "hotelCheckInUnix": "1579705497", "hotelCheckOutUnix": "1579878297", "hotelCheckInTS": "2020-01-22T15:04:57+00:00", "hotelCheckOutTS": "2020-01-24T15:04:57+00:00", "hotelChain": "Repose Resort", "hotelName": "Repose Resort: Omaha", "hotelLocation": "Omaha", "hotelRoomType": "standard", "hotelRoomCount": "1", "hotelGuestAdultCount": "1", "hotelGuestChildCount": "0", "hotelNightCount": "2", "hotelRoomPrice": "108.19", "hotelFinalPrice": "216.38"}}}
{"_id": "orderid:882797", "timestamp": "2019-12-31T18:19:59.000Z", "eventType": "transaction", "_adobeamericaspot3": {"CRMID": "crmid:6780096966", "orderDetails": {"orderID": "orderid:882797", "reservationid": "NC2-MBJW", "orderType": "kiosk", "hotelSKU": "prd1184", "hotelCheckInUnix": "1577902799", "hotelCheckOutUnix": "1577989199", "hotelCheckInTS": "2020-01-01T18:19:59+00:00", "hotelCheckOutTS": "2020-01-02T18:19:59+00:00", "hotelChain": "Aspen Heights", "hotelName": "Aspen Heights: Arlington", "hotelLocation": "Arlington", "hotelRoomType": "standard", "hotelRoomCount": "1", "hotelGuestAdultCount": "1", "hotelGuestChildCount": "0", "hotelNightCount": "1", "hotelRoomPrice": "146.64", "hotelFinalPrice": "146.64"}}}
{"_id": "orderid:276074", "timestamp": "2020-02-09T17:06:52.000Z", "eventType": "transaction", "_adobeamericaspot3": {"CRMID": "crmid:4358131720", "orderDetails": {"orderID": "orderid:276074", "reservationid": "WVZ-FRSQ", "orderType": "kiosk", "hotelSKU": "prd1103", "hotelCheckInUnix": "1582996012", "hotelCheckOutUnix": "1584637612", "hotelCheckInTS": "2020-02-29T17:06:52+00:00", "hotelCheckOutTS": "2020-03-19T17:06:52+00:00", "hotelChain": "Nesting Box Inn", "hotelName": "Nesting Box Inn: Hamburg", "hotelLocation": "Hamburg", "hotelRoomType": "standard", "hotelRoomCount": "1", "hotelGuestAdultCount": "1", "hotelGuestChildCount": "0", "hotelNightCount": "19", "hotelRoomPrice": "123.55", "hotelFinalPrice": "2347.45"}}}
{"_id": "orderid:384487", "timestamp": "2019-12-13T08:13:53.000Z", "eventType": "transaction", "_adobeamericaspot3": {"CRMID": "crmid:9800183282", "orderDetails": {"orderID": "orderid:384487", "reservationid": "DMB-KBAK", "orderType": "call center", "hotelSKU": "prd1174", "hotelCheckInUnix": "1577693633", "hotelCheckOutUnix": "1578039233", "hotelCheckInTS": "2019-12-30T08:13:53+00:00", "hotelCheckOutTS": "2020-01-03T08:13:53+00:00", "hotelChain": "Sego Lily Suites", "hotelName": "Sego Lily Suites: Atlanta", "hotelLocation": "Atlanta", "hotelRoomType": "standard", "hotelRoomCount": "1", "hotelGuestAdultCount": "1", "hotelGuestChildCount": "0", "hotelNightCount": "4", "hotelRoomPrice": "159.78", "hotelFinalPrice": "639.12"}}}
{"_id": "orderid:677842", "timestamp": "2020-01-08T09:58:31.000Z", "eventType": "transaction", "_adobeamericaspot3": {"CRMID": "crmid:9002876714", "orderDetails": {"orderID": "orderid:677842", "reservationid": "KIK-OT2G", "orderType": "call center", "hotelSKU": "prd1033", "hotelCheckInUnix": "1579600711", "hotelCheckOutUnix": "1580119111", "hotelCheckInTS": "2020-01-21T09:58:31+00:00", "hotelCheckOutTS": "2020-01-27T09:58:31+00:00", "hotelChain": "Admiralty Plaza", "hotelName": "Admiralty Plaza: Milwaukee", "hotelLocation": "Milwaukee", "hotelRoomType": "premium", "hotelRoomCount": "1", "hotelGuestAdultCount": "1", "hotelGuestChildCount": "0", "hotelNightCount": "6", "hotelRoomPrice": "161.92", "hotelFinalPrice": "971.52"}}}
{"_id": "orderid:189934", "timestamp": "2019-12-30T05:34:21.000Z", "eventType": "transaction", "_adobeamericaspot3": {"CRMID": "crmid:3397758789", "orderDetails": {"orderID": "orderid:189934", "reservationid": "R6F-NDOJ", "orderType": "kiosk", "hotelSKU": "prd1057", "hotelCheckInUnix": "1577856861", "hotelCheckOutUnix": "1578116061", "hotelCheckInTS": "2020-01-01T05:34:21+00:00", "hotelCheckOutTS": "2020-01-04T05:34:21+00:00", "hotelChain": "Admiralty Plaza", "hotelName": "Admiralty Plaza: Mumbai", "hotelLocation": "Mumbai", "hotelRoomType": "premium", "hotelRoomCount": "1", "hotelGuestAdultCount": "1", "hotelGuestChildCount": "0", "hotelNightCount": "3", "hotelRoomPrice": "109.72", "hotelFinalPrice": "329.16"}}}
{"_id": "orderid:370215", "timestamp": "2020-01-06T00:00:00.000Z", "eventType": "transaction", "_adobeamericaspot3": {"CRMID": "crmid:3397758789", "orderDetails": {"orderID": "orderid:370215", "reservationid": "BKK-DHJK", "orderType": "website", "hotelSKU": "prd1194", "hotelCheckInUnix": "1578528000", "hotelCheckOutUnix": "1578787200", "hotelCheckInTS": "2020-01-09T00:00:00+00:00", "hotelCheckOutTS": "2020-01-12T00:00:00+00:00", "hotelChain": "Restful Nights", "hotelName": "Restful Nights: Tianjin", "hotelLocation": "Tianjin", "hotelRoomType": "standard", "hotelRoomCount": "1", "hotelGuestAdultCount": "1", "hotelGuestChildCount": "0", "hotelNightCount": "3", "hotelRoomPrice": "156.5", "hotelFinalPrice": "469.5"}}}
{"_id": "orderid:309550", "timestamp": "2020-01-10T02:35:42.000Z", "eventType": "transaction", "_adobeamericaspot3": {"CRMID": "crmid:1121064315", "orderDetails": {"orderID": "orderid:309550", "reservationid": "HZY-JQKA", "orderType": "call center", "hotelSKU": "prd1016", "hotelCheckInUnix": "1579055742", "hotelCheckOutUnix": "1579228542", "hotelCheckInTS": "2020-01-15T02:35:42+00:00", "hotelCheckOutTS": "2020-01-17T02:35:42+00:00", "hotelChain": "Aspen Heights", "hotelName": "Aspen Heights: Columbus", "hotelLocation": "Columbus", "hotelRoomType": "standard", "hotelRoomCount": "1", "hotelGuestAdultCount": "1", "hotelGuestChildCount": "0", "hotelNightCount": "2", "hotelRoomPrice": "164.38", "hotelFinalPrice": "328.76"}}}
{"_id": "orderid:147727", "timestamp": "2020-01-06T11:40:33.000Z", "eventType": "transaction", "_adobeamericaspot3": {"CRMID": "crmid:8108424947", "orderDetails": {"orderID": "orderid:147727", "reservationid": "ZZT-ODNM", "orderType": "kiosk", "hotelSKU": "prd1166", "hotelCheckInUnix": "1578397233", "hotelCheckOutUnix": "1578483633", "hotelCheckInTS": "2020-01-07T11:40:33+00:00", "hotelCheckOutTS": "2020-01-08T11:40:33+00:00", "hotelChain": "Blue Reef Resort", "hotelName": "Blue Reef Resort: Baltimore", "hotelLocation": "Baltimore", "hotelRoomType": "standard", "hotelRoomCount": "1", "hotelGuestAdultCount": "1", "hotelGuestChildCount": "0", "hotelNightCount": "1", "hotelRoomPrice": "146.95", "hotelFinalPrice": "146.95"}}}
{"_id": "orderid:101240", "timestamp": "2020-02-04T01:25:53.000Z", "eventType": "transaction", "_adobeamericaspot3": {"CRMID": "crmid:8046959676", "orderDetails": {"orderID": "orderid:101240", "reservationid": "MB1-OCER", "orderType": "website", "hotelSKU": "prd1040", "hotelCheckInUnix": "1580865953", "hotelCheckOutUnix": "1580952353", "hotelCheckInTS": "2020-02-05T01:25:53+00:00", "hotelCheckOutTS": "2020-02-06T01:25:53+00:00", "hotelChain": "Aspen Heights", "hotelName": "Aspen Heights: Atlanta", "hotelLocation": "Atlanta", "hotelRoomType": "standard", "hotelRoomCount": "1", "hotelGuestAdultCount": "1", "hotelGuestChildCount": "0", "hotelNightCount": "1", "hotelRoomPrice": "127.7", "hotelFinalPrice": "127.7"}}}
{"_id": "orderid:527256", "timestamp": "2019-12-28T06:37:18.000Z", "eventType": "transaction", "_adobeamericaspot3": {"CRMID": "crmid:9840908034", "orderDetails": {"orderID": "orderid:527256", "reservationid": "MIV-T3C0", "orderType": "kiosk", "hotelSKU": "prd1002", "hotelCheckInUnix": "1577601438", "hotelCheckOutUnix": "1577947038", "hotelCheckInTS": "2019-12-29T06:37:18+00:00", "hotelCheckOutTS": "2020-01-02T06:37:18+00:00", "hotelChain": "Restful Nights", "hotelName": "Restful Nights: Chicago", "hotelLocation": "Chicago", "hotelRoomType": "premium", "hotelRoomCount": "1", "hotelGuestAdultCount": "1", "hotelGuestChildCount": "0", "hotelNightCount": "4", "hotelRoomPrice": "130.48", "hotelFinalPrice": "521.92"}}}
{"_id": "orderid:424280", "timestamp": "2020-01-03T00:00:00.000Z", "eventType": "transaction", "_adobeamericaspot3": {"CRMID": "crmid:9840908034", "orderDetails": {"orderID": "orderid:424280", "reservationid": "TNO-NHWL", "orderType": "mobile", "hotelSKU": "prd1111", "hotelCheckInUnix": "1578268800", "hotelCheckOutUnix": "1578355200", "hotelCheckInTS": "2020-01-06T00:00:00+00:00", "hotelCheckOutTS": "2020-01-07T00:00:00+00:00", "hotelChain": "Family Fun Hotels", "hotelName": "Family Fun Hotels: Prague", "hotelLocation": "Prague", "hotelRoomType": "luxury", "hotelRoomCount": "1", "hotelGuestAdultCount": "1", "hotelGuestChildCount": "0", "hotelNightCount": "1", "hotelRoomPrice": "341.25", "hotelFinalPrice": "341.25"}}}
{"_id": "orderid:347372", "timestamp": "2020-01-09T01:39:11.000Z", "eventType": "transaction", "_adobeamericaspot3": {"CRMID": "crmid:7254612016", "orderDetails": {"orderID": "orderid:347372", "reservationid": "YAV-TALU", "orderType": "mobile", "hotelSKU": "prd1166", "hotelCheckInUnix": "1578965951", "hotelCheckOutUnix": "1580002751", "hotelCheckInTS": "2020-01-14T01:39:11+00:00", "hotelCheckOutTS": "2020-01-26T01:39:11+00:00", "hotelChain": "Blue Reef Resort", "hotelName": "Blue Reef Resort: Baltimore", "hotelLocation": "Baltimore", "hotelRoomType": "premium", "hotelRoomCount": "1", "hotelGuestAdultCount": "1", "hotelGuestChildCount": "0", "hotelNightCount": "12", "hotelRoomPrice": "188.04", "hotelFinalPrice": "2256.48"}}}
{"_id": "orderid:188677", "timestamp": "2019-12-17T15:26:26.000Z", "eventType": "transaction", "_adobeamericaspot3": {"CRMID": "crmid:6967665173", "orderDetails": {"orderID": "orderid:188677", "reservationid": "U13-PXGB", "orderType": "call center", "hotelSKU": "prd1197", "hotelCheckInUnix": "1578237986", "hotelCheckOutUnix": "1578842786", "hotelCheckInTS": "2020-01-05T15:26:26+00:00", "hotelCheckOutTS": "2020-01-12T15:26:26+00:00", "hotelChain": "Sapphire Suites", "hotelName": "Sapphire Suites: London", "hotelLocation": "London", "hotelRoomType": "standard", "hotelRoomCount": "1", "hotelGuestAdultCount": "1", "hotelGuestChildCount": "0", "hotelNightCount": "7", "hotelRoomPrice": "154.14", "hotelFinalPrice": "1078.98"}}}
{"_id": "orderid:171072", "timestamp": "2019-12-30T15:45:42.000Z", "eventType": "transaction", "_adobeamericaspot3": {"CRMID": "crmid:7359914086", "orderDetails": {"orderID": "orderid:171072", "reservationid": "UAN-M2SA", "orderType": "website", "hotelSKU": "prd1111", "hotelCheckInUnix": "1579275942", "hotelCheckOutUnix": "1579621542", "hotelCheckInTS": "2020-01-17T15:45:42+00:00", "hotelCheckOutTS": "2020-01-21T15:45:42+00:00", "hotelChain": "Family Fun Hotels", "hotelName": "Family Fun Hotels: Prague", "hotelLocation": "Prague", "hotelRoomType": "standard", "hotelRoomCount": "1", "hotelGuestAdultCount": "1", "hotelGuestChildCount": "0", "hotelNightCount": "4", "hotelRoomPrice": "85.86", "hotelFinalPrice": "343.44"}}}
{"_id": "orderid:426798", "timestamp": "2020-01-17T07:10:21.000Z", "eventType": "transaction", "_adobeamericaspot3": {"CRMID": "crmid:7069452192", "orderDetails": {"orderID": "orderid:426798", "reservationid": "DK2-PET2", "orderType": "website", "hotelSKU": "prd1045", "hotelCheckInUnix": "1581145821", "hotelCheckOutUnix": "1581750621", "hotelCheckInTS": "2020-02-08T07:10:21+00:00", "hotelCheckOutTS": "2020-02-15T07:10:21+00:00", "hotelChain": "Admiralty Plaza", "hotelName": "Admiralty Plaza: Miami", "hotelLocation": "Miami", "hotelRoomType": "standard", "hotelRoomCount": "1", "hotelGuestAdultCount": "1", "hotelGuestChildCount": "0", "hotelNightCount": "7", "hotelRoomPrice": "109.57", "hotelFinalPrice": "766.99"}}}
{"_id": "orderid:661564", "timestamp": "2019-12-22T03:21:40.000Z", "eventType": "transaction", "_adobeamericaspot3": {"CRMID": "crmid:3820214746", "orderDetails": {"orderID": "orderid:661564", "reservationid": "M3Q-QLQG", "orderType": "website", "hotelSKU": "prd1153", "hotelCheckInUnix": "1577071300", "hotelCheckOutUnix": "1577244100", "hotelCheckInTS": "2019-12-23T03:21:40+00:00", "hotelCheckOutTS": "2019-12-25T03:21:40+00:00", "hotelChain": "Admiralty Plaza", "hotelName": "Admiralty Plaza: Charlotte", "hotelLocation": "Charlotte", "hotelRoomType": "standard", "hotelRoomCount": "1", "hotelGuestAdultCount": "1", "hotelGuestChildCount": "0", "hotelNightCount": "2", "hotelRoomPrice": "167.19", "hotelFinalPrice": "334.38"}}}
{"_id": "orderid:753665", "timestamp": "2019-12-22T17:14:09.000Z", "eventType": "transaction", "_adobeamericaspot3": {"CRMID": "crmid:3804179497", "orderDetails": {"orderID": "orderid:753665", "reservationid": "VOH-WZJR", "orderType": "kiosk", "hotelSKU": "prd1022", "hotelCheckInUnix": "1578935649", "hotelCheckOutUnix": "1579108449", "hotelCheckInTS": "2020-01-13T17:14:09+00:00", "hotelCheckOutTS": "2020-01-15T17:14:09+00:00", "hotelChain": "Blue Reef Resort", "hotelName": "Blue Reef Resort: Washington DC", "hotelLocation": "Washington DC", "hotelRoomType": "standard", "hotelRoomCount": "1", "hotelGuestAdultCount": "1", "hotelGuestChildCount": "0", "hotelNightCount": "2", "hotelRoomPrice": "130.49", "hotelFinalPrice": "260.98"}}}
{"_id": "orderid:172904", "timestamp": "2019-12-09T18:13:37.000Z", "eventType": "transaction", "_adobeamericaspot3": {"CRMID": "crmid:9387324271", "orderDetails": {"orderID": "orderid:172904", "reservationid": "DL2-HZRL", "orderType": "kiosk", "hotelSKU": "prd1051", "hotelCheckInUnix": "1578075217", "hotelCheckOutUnix": "1578334417", "hotelCheckInTS": "2020-01-03T18:13:37+00:00", "hotelCheckOutTS": "2020-01-06T18:13:37+00:00", "hotelChain": "Family Fun Hotels", "hotelName": "Family Fun Hotels: New Orleans", "hotelLocation": "New Orleans", "hotelRoomType": "standard", "hotelRoomCount": "1", "hotelGuestAdultCount": "1", "hotelGuestChildCount": "0", "hotelNightCount": "3", "hotelRoomPrice": "132.91", "hotelFinalPrice": "398.73"}}}
{"_id": "orderid:919876", "timestamp": "2020-02-04T04:17:30.000Z", "eventType": "transaction", "_adobeamericaspot3": {"CRMID": "crmid:8695786339", "orderDetails": {"orderID": "orderid:919876", "reservationid": "Z4D-KIXY", "orderType": "website", "hotelSKU": "prd1136", "hotelCheckInUnix": "1582345050", "hotelCheckOutUnix": "1582863450", "hotelCheckInTS": "2020-02-22T04:17:30+00:00", "hotelCheckOutTS": "2020-02-28T04:17:30+00:00", "hotelChain": "Aspen Heights", "hotelName": "Aspen Heights: Osaka", "hotelLocation": "Osaka", "hotelRoomType": "luxury", "hotelRoomCount": "1", "hotelGuestAdultCount": "1", "hotelGuestChildCount": "0", "hotelNightCount": "6", "hotelRoomPrice": "310.18", "hotelFinalPrice": "1861.08"}}}
{"_id": "orderid:182875", "timestamp": "2019-12-18T00:34:32.000Z", "eventType": "transaction", "_adobeamericaspot3": {"CRMID": "crmid:3990198229", "orderDetails": {"orderID": "orderid:182875", "reservationid": "QVB-ZT7J", "orderType": "service desk", "hotelSKU": "prd1041", "hotelCheckInUnix": "1578616472", "hotelCheckOutUnix": "1579134872", "hotelCheckInTS": "2020-01-10T00:34:32+00:00", "hotelCheckOutTS": "2020-01-16T00:34:32+00:00", "hotelChain": "Sapphire Suites", "hotelName": "Sapphire Suites: Long Beach", "hotelLocation": "Long Beach", "hotelRoomType": "premium", "hotelRoomCount": "1", "hotelGuestAdultCount": "1", "hotelGuestChildCount": "4", "hotelNightCount": "6", "hotelRoomPrice": "162.05", "hotelFinalPrice": "972.3"}}}
{"_id": "orderid:510325", "timestamp": "2019-12-23T15:44:28.000Z", "eventType": "transaction", "_adobeamericaspot3": {"CRMID": "crmid:8933646477", "orderDetails": {"orderID": "orderid:510325", "reservationid": "K2E-W6NQ", "orderType": "website", "hotelSKU": "prd1026", "hotelCheckInUnix": "1579189468", "hotelCheckOutUnix": "1579535068", "hotelCheckInTS": "2020-01-16T15:44:28+00:00", "hotelCheckOutTS": "2020-01-20T15:44:28+00:00", "hotelChain": "Restful Nights", "hotelName": "Restful Nights: Nashville", "hotelLocation": "Nashville", "hotelRoomType": "standard", "hotelRoomCount": "1", "hotelGuestAdultCount": "1", "hotelGuestChildCount": "1", "hotelNightCount": "4", "hotelRoomPrice": "126.99", "hotelFinalPrice": "507.96"}}}
{"_id": "orderid:542992", "timestamp": "2019-12-23T02:44:56.000Z", "eventType": "transaction", "_adobeamericaspot3": {"CRMID": "crmid:5419172764", "orderDetails": {"orderID": "orderid:542992", "reservationid": "9Y7-XB1Z", "orderType": "website", "hotelSKU": "prd1131", "hotelCheckInUnix": "1578537896", "hotelCheckOutUnix": "1578883496", "hotelCheckInTS": "2020-01-09T02:44:56+00:00", "hotelCheckOutTS": "2020-01-13T02:44:56+00:00", "hotelChain": "Hospitality Inn", "hotelName": "Hospitality Inn: Sheffield", "hotelLocation": "Sheffield", "hotelRoomType": "standard", "hotelRoomCount": "1", "hotelGuestAdultCount": "1", "hotelGuestChildCount": "0", "hotelNightCount": "4", "hotelRoomPrice": "177.43", "hotelFinalPrice": "709.72"}}}
{"_id": "orderid:717219", "timestamp": "2019-12-06T22:35:00.000Z", "eventType": "transaction", "_adobeamericaspot3": {"CRMID": "crmid:5062416376", "orderDetails": {"orderID": "orderid:717219", "reservationid": "0ZT-NOOK", "orderType": "mobile", "hotelSKU": "prd1088", "hotelCheckInUnix": "1577226900", "hotelCheckOutUnix": "1577831700", "hotelCheckInTS": "2019-12-24T22:35:00+00:00", "hotelCheckOutTS": "2019-12-31T22:35:00+00:00", "hotelChain": "Aspen Heights", "hotelName": "Aspen Heights: Ankara", "hotelLocation": "Ankara", "hotelRoomType": "standard", "hotelRoomCount": "1", "hotelGuestAdultCount": "1", "hotelGuestChildCount": "2", "hotelNightCount": "7", "hotelRoomPrice": "126.93", "hotelFinalPrice": "888.51"}}}
{"_id": "orderid:463842", "timestamp": "2019-12-27T21:51:11.000Z", "eventType": "transaction", "_adobeamericaspot3": {"CRMID": "crmid:7848796755", "orderDetails": {"orderID": "orderid:463842", "reservationid": "IPS-RIHF", "orderType": "service desk", "hotelSKU": "prd1137", "hotelCheckInUnix": "1579557071", "hotelCheckOutUnix": "1580593871", "hotelCheckInTS": "2020-01-20T21:51:11+00:00", "hotelCheckOutTS": "2020-02-01T21:51:11+00:00", "hotelChain": "Sapphire Suites", "hotelName": "Sapphire Suites: Manila", "hotelLocation": "Manila", "hotelRoomType": "luxury", "hotelRoomCount": "1", "hotelGuestAdultCount": "1", "hotelGuestChildCount": "0", "hotelNightCount": "12", "hotelRoomPrice": "443.36", "hotelFinalPrice": "5320.32"}}}
{"_id": "orderid:616510", "timestamp": "2020-01-08T17:17:14.000Z", "eventType": "transaction", "_adobeamericaspot3": {"CRMID": "crmid:5855470429", "orderDetails": {"orderID": "orderid:616510", "reservationid": "TMH-0EJS", "orderType": "kiosk", "hotelSKU": "prd1099", "hotelCheckInUnix": "1580318234", "hotelCheckOutUnix": "1581614234", "hotelCheckInTS": "2020-01-29T17:17:14+00:00", "hotelCheckOutTS": "2020-02-13T17:17:14+00:00", "hotelChain": "Family Fun Hotels", "hotelName": "Family Fun Hotels: Bucharest", "hotelLocation": "Bucharest", "hotelRoomType": "standard", "hotelRoomCount": "1", "hotelGuestAdultCount": "1", "hotelGuestChildCount": "0", "hotelNightCount": "15", "hotelRoomPrice": "100.26", "hotelFinalPrice": "1503.9"}}}
{"_id": "orderid:398080", "timestamp": "2019-12-11T06:58:17.000Z", "eventType": "transaction", "_adobeamericaspot3": {"CRMID": "crmid:4096704803", "orderDetails": {"orderID": "orderid:398080", "reservationid": "BYC-711M", "orderType": "call center", "hotelSKU": "prd1032", "hotelCheckInUnix": "1576738697", "hotelCheckOutUnix": "1577343497", "hotelCheckInTS": "2019-12-19T06:58:17+00:00", "hotelCheckOutTS": "2019-12-26T06:58:17+00:00", "hotelChain": "Repose Resort", "hotelName": "Repose Resort: Baltimore", "hotelLocation": "Baltimore", "hotelRoomType": "standard", "hotelRoomCount": "1", "hotelGuestAdultCount": "1", "hotelGuestChildCount": "0", "hotelNightCount": "7", "hotelRoomPrice": "154.55", "hotelFinalPrice": "1081.85"}}}
{"_id": "orderid:993214", "timestamp": "2019-12-19T22:08:06.000Z", "eventType": "transaction", "_adobeamericaspot3": {"CRMID": "crmid:7483121383", "orderDetails": {"orderID": "orderid:993214", "reservationid": "NO5-1VRW", "orderType": "mobile", "hotelSKU": "prd1118", "hotelCheckInUnix": "1576879686", "hotelCheckOutUnix": "1577138886", "hotelCheckInTS": "2019-12-20T22:08:06+00:00", "hotelCheckOutTS": "2019-12-23T22:08:06+00:00", "hotelChain": "Blue Reef Resort", "hotelName": "Blue Reef Resort: Cologne", "hotelLocation": "Cologne", "hotelRoomType": "premium", "hotelRoomCount": "1", "hotelGuestAdultCount": "1", "hotelGuestChildCount": "0", "hotelNightCount": "3", "hotelRoomPrice": "113.28", "hotelFinalPrice": "339.84"}}}
{"_id": "orderid:823848", "timestamp": "2020-02-03T21:53:21.000Z", "eventType": "transaction", "_adobeamericaspot3": {"CRMID": "crmid:2466521134", "orderDetails": {"orderID": "orderid:823848", "reservationid": "PAR-VFMX", "orderType": "website", "hotelSKU": "prd1082", "hotelCheckInUnix": "1581544401", "hotelCheckOutUnix": "1582322001", "hotelCheckInTS": "2020-02-12T21:53:21+00:00", "hotelCheckOutTS": "2020-02-21T21:53:21+00:00", "hotelChain": "Blue Reef Resort", "hotelName": "Blue Reef Resort: Surat", "hotelLocation": "Surat", "hotelRoomType": "premium", "hotelRoomCount": "1", "hotelGuestAdultCount": "1", "hotelGuestChildCount": "1", "hotelNightCount": "9", "hotelRoomPrice": "159.54", "hotelFinalPrice": "1435.86"}}}
{"_id": "orderid:128681", "timestamp": "2019-12-08T17:12:46.000Z", "eventType": "transaction", "_adobeamericaspot3": {"CRMID": "crmid:6267346260", "orderDetails": {"orderID": "orderid:128681", "reservationid": "EYQ-FGAL", "orderType": "kiosk", "hotelSKU": "prd1045", "hotelCheckInUnix": "1577725966", "hotelCheckOutUnix": "1577985166", "hotelCheckInTS": "2019-12-30T17:12:46+00:00", "hotelCheckOutTS": "2020-01-02T17:12:46+00:00", "hotelChain": "Admiralty Plaza", "hotelName": "Admiralty Plaza: Miami", "hotelLocation": "Miami", "hotelRoomType": "standard", "hotelRoomCount": "1", "hotelGuestAdultCount": "1", "hotelGuestChildCount": "0", "hotelNightCount": "3", "hotelRoomPrice": "180.84", "hotelFinalPrice": "542.52"}}}
{"_id": "orderid:371403", "timestamp": "2019-12-13T04:14:40.000Z", "eventType": "transaction", "_adobeamericaspot3": {"CRMID": "crmid:7255682102", "orderDetails": {"orderID": "orderid:371403", "reservationid": "E3D-GO26", "orderType": "mobile", "hotelSKU": "prd1105", "hotelCheckInUnix": "1576296880", "hotelCheckOutUnix": "1576383280", "hotelCheckInTS": "2019-12-14T04:14:40+00:00", "hotelCheckOutTS": "2019-12-15T04:14:40+00:00", "hotelChain": "Admiralty Plaza", "hotelName": "Admiralty Plaza: Barcelona", "hotelLocation": "Barcelona", "hotelRoomType": "premium", "hotelRoomCount": "1", "hotelGuestAdultCount": "1", "hotelGuestChildCount": "0", "hotelNightCount": "1", "hotelRoomPrice": "126.33", "hotelFinalPrice": "126.33"}}}
{"_id": "orderid:663530", "timestamp": "2020-01-09T03:40:57.000Z", "eventType": "transaction", "_adobeamericaspot3": {"CRMID": "crmid:1728966317", "orderDetails": {"orderID": "orderid:663530", "reservationid": "FII-DZEV", "orderType": "website", "hotelSKU": "prd1028", "hotelCheckInUnix": "1580528457", "hotelCheckOutUnix": "1581306057", "hotelCheckInTS": "2020-02-01T03:40:57+00:00", "hotelCheckOutTS": "2020-02-10T03:40:57+00:00", "hotelChain": "Aspen Heights", "hotelName": "Aspen Heights: Portland", "hotelLocation": "Portland", "hotelRoomType": "standard", "hotelRoomCount": "1", "hotelGuestAdultCount": "1", "hotelGuestChildCount": "0", "hotelNightCount": "9", "hotelRoomPrice": "155.88", "hotelFinalPrice": "1402.92"}}}
{"_id": "orderid:647854", "timestamp": "2020-01-05T06:10:02.000Z", "eventType": "transaction", "_adobeamericaspot3": {"CRMID": "crmid:9529867803", "orderDetails": {"orderID": "orderid:647854", "reservationid": "FLY-2WFX", "orderType": "mobile", "hotelSKU": "prd1057", "hotelCheckInUnix": "1578291002", "hotelCheckOutUnix": "1578550202", "hotelCheckInTS": "2020-01-06T06:10:02+00:00", "hotelCheckOutTS": "2020-01-09T06:10:02+00:00", "hotelChain": "Admiralty Plaza", "hotelName": "Admiralty Plaza: Mumbai", "hotelLocation": "Mumbai", "hotelRoomType": "standard", "hotelRoomCount": "1", "hotelGuestAdultCount": "1", "hotelGuestChildCount": "0", "hotelNightCount": "3", "hotelRoomPrice": "145.83", "hotelFinalPrice": "437.49"}}}
{"_id": "orderid:684107", "timestamp": "2020-01-10T00:00:00.000Z", "eventType": "transaction", "_adobeamericaspot3": {"CRMID": "crmid:9529867803", "orderDetails": {"orderID": "orderid:684107", "reservationid": "OL4-JLBM", "orderType": "website", "hotelSKU": "prd1014", "hotelCheckInUnix": "1578700800", "hotelCheckOutUnix": "1578787200", "hotelCheckInTS": "2020-01-11T00:00:00+00:00", "hotelCheckOutTS": "2020-01-12T00:00:00+00:00", "hotelChain": "Restful Nights", "hotelName": "Restful Nights: Jacksonville", "hotelLocation": "Jacksonville", "hotelRoomType": "luxury", "hotelRoomCount": "1", "hotelGuestAdultCount": "1", "hotelGuestChildCount": "0", "hotelNightCount": "1", "hotelRoomPrice": "330.05", "hotelFinalPrice": "330.05"}}}
{"_id": "orderid:256819", "timestamp": "2019-12-30T18:24:01.000Z", "eventType": "transaction", "_adobeamericaspot3": {"CRMID": "crmid:4356718488", "orderDetails": {"orderID": "orderid:256819", "reservationid": "5KK-PFM2", "orderType": "kiosk", "hotelSKU": "prd1057", "hotelCheckInUnix": "1577816641", "hotelCheckOutUnix": "1577903041", "hotelCheckInTS": "2019-12-31T18:24:01+00:00", "hotelCheckOutTS": "2020-01-01T18:24:01+00:00", "hotelChain": "Admiralty Plaza", "hotelName": "Admiralty Plaza: Mumbai", "hotelLocation": "Mumbai", "hotelRoomType": "premium", "hotelRoomCount": "1", "hotelGuestAdultCount": "1", "hotelGuestChildCount": "0", "hotelNightCount": "1", "hotelRoomPrice": "96.75", "hotelFinalPrice": "96.75"}}}
{"_id": "orderid:951918", "timestamp": "2020-01-03T00:00:00.000Z", "eventType": "transaction", "_adobeamericaspot3": {"CRMID": "crmid:4356718488", "orderDetails": {"orderID": "orderid:951918", "reservationid": "E2D-JC66", "orderType": "kiosk", "hotelSKU": "prd1172", "hotelCheckInUnix": "1578096000", "hotelCheckOutUnix": "1578268800", "hotelCheckInTS": "2020-01-04T00:00:00+00:00", "hotelCheckOutTS": "2020-01-06T00:00:00+00:00", "hotelChain": "Aspen Heights", "hotelName": "Aspen Heights: Mesa", "hotelLocation": "Mesa", "hotelRoomType": "standard", "hotelRoomCount": "1", "hotelGuestAdultCount": "1", "hotelGuestChildCount": "0", "hotelNightCount": "2", "hotelRoomPrice": "160.11", "hotelFinalPrice": "320.22"}}}
{"_id": "orderid:452328", "timestamp": "2019-12-13T11:59:54.000Z", "eventType": "transaction", "_adobeamericaspot3": {"CRMID": "crmid:6454723606", "orderDetails": {"orderID": "orderid:452328", "reservationid": "BNR-7J5H", "orderType": "call center", "hotelSKU": "prd1112", "hotelCheckInUnix": "1578398394", "hotelCheckOutUnix": "1579262394", "hotelCheckInTS": "2020-01-07T11:59:54+00:00", "hotelCheckOutTS": "2020-01-17T11:59:54+00:00", "hotelChain": "Aspen Heights", "hotelName": "Aspen Heights: Birmingham", "hotelLocation": "Birmingham", "hotelRoomType": "standard", "hotelRoomCount": "1", "hotelGuestAdultCount": "1", "hotelGuestChildCount": "3", "hotelNightCount": "10", "hotelRoomPrice": "192.76", "hotelFinalPrice": "1927.6"}}}
{"_id": "orderid:522440", "timestamp": "2019-12-04T02:27:55.000Z", "eventType": "transaction", "_adobeamericaspot3": {"CRMID": "crmid:7333683500", "orderDetails": {"orderID": "orderid:522440", "reservationid": "JW8-QB1F", "orderType": "website", "hotelSKU": "prd1047", "hotelCheckInUnix": "1577240875", "hotelCheckOutUnix": "1577586475", "hotelCheckInTS": "2019-12-25T02:27:55+00:00", "hotelCheckOutTS": "2019-12-29T02:27:55+00:00", "hotelChain": "Hospitality Inn", "hotelName": "Hospitality Inn: Oakland", "hotelLocation": "Oakland", "hotelRoomType": "premium", "hotelRoomCount": "1", "hotelGuestAdultCount": "1", "hotelGuestChildCount": "0", "hotelNightCount": "4", "hotelRoomPrice": "112.09", "hotelFinalPrice": "448.36"}}}
{"_id": "orderid:424914", "timestamp": "2020-01-05T13:10:03.000Z", "eventType": "transaction", "_adobeamericaspot3": {"CRMID": "crmid:2165592756", "orderDetails": {"orderID": "orderid:424914", "reservationid": "94A-LLKO", "orderType": "website", "hotelSKU": "prd1081", "hotelCheckInUnix": "1580562603", "hotelCheckOutUnix": "1580908203", "hotelCheckInTS": "2020-02-01T13:10:03+00:00", "hotelCheckOutTS": "2020-02-05T13:10:03+00:00", "hotelChain": "Admiralty Plaza", "hotelName": "Admiralty Plaza: Rod de Janeiro", "hotelLocation": "Rod de Janeiro", "hotelRoomType": "standard", "hotelRoomCount": "1", "hotelGuestAdultCount": "1", "hotelGuestChildCount": "0", "hotelNightCount": "4", "hotelRoomPrice": "150.49", "hotelFinalPrice": "601.96"}}}
{"_id": "orderid:493587", "timestamp": "2020-01-03T04:10:19.000Z", "eventType": "transaction", "_adobeamericaspot3": {"CRMID": "crmid:2427320804", "orderDetails": {"orderID": "orderid:493587", "reservationid": "X8V-WF8Y", "orderType": "website", "hotelSKU": "prd1157", "hotelCheckInUnix": "1578283819", "hotelCheckOutUnix": "1578370219", "hotelCheckInTS": "2020-01-06T04:10:19+00:00", "hotelCheckOutTS": "2020-01-07T04:10:19+00:00", "hotelChain": "Grandeur Hotels", "hotelName": "Grandeur Hotels: Boston", "hotelLocation": "Boston", "hotelRoomType": "standard", "hotelRoomCount": "1", "hotelGuestAdultCount": "1", "hotelGuestChildCount": "0", "hotelNightCount": "1", "hotelRoomPrice": "118.72", "hotelFinalPrice": "118.72"}}}
{"_id": "orderid:562100", "timestamp": "2020-01-26T10:49:20.000Z", "eventType": "transaction", "_adobeamericaspot3": {"CRMID": "crmid:1447591318", "orderDetails": {"orderID": "orderid:562100", "reservationid": "Q7Y-UAOF", "orderType": "kiosk", "hotelSKU": "prd1065", "hotelCheckInUnix": "1582109360", "hotelCheckOutUnix": "1582627760", "hotelCheckInTS": "2020-02-19T10:49:20+00:00", "hotelCheckOutTS": "2020-02-25T10:49:20+00:00", "hotelChain": "Sapphire Suites", "hotelName": "Sapphire Suites: Beijing", "hotelLocation": "Beijing", "hotelRoomType": "premium", "hotelRoomCount": "1", "hotelGuestAdultCount": "1", "hotelGuestChildCount": "0", "hotelNightCount": "6", "hotelRoomPrice": "128.97", "hotelFinalPrice": "773.82"}}}
{"_id": "orderid:648634", "timestamp": "2019-12-21T16:32:43.000Z", "eventType": "transaction", "_adobeamericaspot3": {"CRMID": "crmid:3438683597", "orderDetails": {"orderID": "orderid:648634", "reservationid": "WBN-2KVE", "orderType": "call center", "hotelSKU": "prd1146", "hotelCheckInUnix": "1577464363", "hotelCheckOutUnix": "1577637163", "hotelCheckInTS": "2019-12-27T16:32:43+00:00", "hotelCheckOutTS": "2019-12-29T16:32:43+00:00", "hotelChain": "Restful Nights", "hotelName": "Restful Nights: San Jose", "hotelLocation": "San Jose", "hotelRoomType": "premium", "hotelRoomCount": "1", "hotelGuestAdultCount": "1", "hotelGuestChildCount": "0", "hotelNightCount": "2", "hotelRoomPrice": "122.12", "hotelFinalPrice": "244.24"}}}
{"_id": "orderid:857188", "timestamp": "2020-01-27T23:03:51.000Z", "eventType": "transaction", "_adobeamericaspot3": {"CRMID": "crmid:5935172719", "orderDetails": {"orderID": "orderid:857188", "reservationid": "2DV-TXK1", "orderType": "call center", "hotelSKU": "prd1029", "hotelCheckInUnix": "1580252631", "hotelCheckOutUnix": "1580425431", "hotelCheckInTS": "2020-01-28T23:03:51+00:00", "hotelCheckOutTS": "2020-01-30T23:03:51+00:00", "hotelChain": "Sapphire Suites", "hotelName": "Sapphire Suites: Oklahoma City", "hotelLocation": "Oklahoma City", "hotelRoomType": "standard", "hotelRoomCount": "1", "hotelGuestAdultCount": "1", "hotelGuestChildCount": "0", "hotelNightCount": "2", "hotelRoomPrice": "126.91", "hotelFinalPrice": "253.82"}}}
{"_id": "orderid:734515", "timestamp": "2019-12-06T14:36:44.000Z", "eventType": "transaction", "_adobeamericaspot3": {"CRMID": "crmid:6446047142", "orderDetails": {"orderID": "orderid:734515", "reservationid": "L3W-ATCM", "orderType": "website", "hotelSKU": "prd1105", "hotelCheckInUnix": "1577975804", "hotelCheckOutUnix": "1578580604", "hotelCheckInTS": "2020-01-02T14:36:44+00:00", "hotelCheckOutTS": "2020-01-09T14:36:44+00:00", "hotelChain": "Admiralty Plaza", "hotelName": "Admiralty Plaza: Barcelona", "hotelLocation": "Barcelona", "hotelRoomType": "standard", "hotelRoomCount": "1", "hotelGuestAdultCount": "1", "hotelGuestChildCount": "0", "hotelNightCount": "7", "hotelRoomPrice": "141.93", "hotelFinalPrice": "993.51"}}}
{"_id": "orderid:829798", "timestamp": "2020-02-03T07:52:22.000Z", "eventType": "transaction", "_adobeamericaspot3": {"CRMID": "crmid:3814979567", "orderDetails": {"orderID": "orderid:829798", "reservationid": "J3P-B13C", "orderType": "call center", "hotelSKU": "prd1186", "hotelCheckInUnix": "1581148342", "hotelCheckOutUnix": "1581321142", "hotelCheckInTS": "2020-02-08T07:52:22+00:00", "hotelCheckOutTS": "2020-02-10T07:52:22+00:00", "hotelChain": "Sego Lily Suites", "hotelName": "Sego Lily Suites: Wichita", "hotelLocation": "Wichita", "hotelRoomType": "standard", "hotelRoomCount": "1", "hotelGuestAdultCount": "1", "hotelGuestChildCount": "0", "hotelNightCount": "2", "hotelRoomPrice": "153.68", "hotelFinalPrice": "307.36"}}}
{"_id": "orderid:126465", "timestamp": "2020-01-08T19:31:12.000Z", "eventType": "transaction", "_adobeamericaspot3": {"CRMID": "crmid:9351134333", "orderDetails": {"orderID": "orderid:126465", "reservationid": "X0N-ECFM", "orderType": "kiosk", "hotelSKU": "prd1141", "hotelCheckInUnix": "1578598272", "hotelCheckOutUnix": "1578684672", "hotelCheckInTS": "2020-01-09T19:31:12+00:00", "hotelCheckOutTS": "2020-01-10T19:31:12+00:00", "hotelChain": "Admiralty Plaza", "hotelName": "Admiralty Plaza: Phoenix", "hotelLocation": "Phoenix", "hotelRoomType": "standard", "hotelRoomCount": "1", "hotelGuestAdultCount": "1", "hotelGuestChildCount": "0", "hotelNightCount": "1", "hotelRoomPrice": "126.82", "hotelFinalPrice": "126.82"}}}
{"_id": "orderid:706169", "timestamp": "2020-01-31T12:12:51.000Z", "eventType": "transaction", "_adobeamericaspot3": {"CRMID": "crmid:1122061512", "orderDetails": {"orderID": "orderid:706169", "reservationid": "BSR-DJIE", "orderType": "website", "hotelSKU": "prd1021", "hotelCheckInUnix": "1582114371", "hotelCheckOutUnix": "1582546371", "hotelCheckInTS": "2020-02-19T12:12:51+00:00", "hotelCheckOutTS": "2020-02-24T12:12:51+00:00", "hotelChain": "Admiralty Plaza", "hotelName": "Admiralty Plaza: Denver", "hotelLocation": "Denver", "hotelRoomType": "standard", "hotelRoomCount": "1", "hotelGuestAdultCount": "1", "hotelGuestChildCount": "0", "hotelNightCount": "5", "hotelRoomPrice": "105.07", "hotelFinalPrice": "525.35"}}}
{"_id": "orderid:320503", "timestamp": "2019-12-14T06:25:14.000Z", "eventType": "transaction", "_adobeamericaspot3": {"CRMID": "crmid:1912069991", "orderDetails": {"orderID": "orderid:320503", "reservationid": "UTM-JQAO", "orderType": "kiosk", "hotelSKU": "prd1118", "hotelCheckInUnix": "1578464714", "hotelCheckOutUnix": "1579587914", "hotelCheckInTS": "2020-01-08T06:25:14+00:00", "hotelCheckOutTS": "2020-01-21T06:25:14+00:00", "hotelChain": "Blue Reef Resort", "hotelName": "Blue Reef Resort: Cologne", "hotelLocation": "Cologne", "hotelRoomType": "standard", "hotelRoomCount": "1", "hotelGuestAdultCount": "1", "hotelGuestChildCount": "0", "hotelNightCount": "13", "hotelRoomPrice": "142.23", "hotelFinalPrice": "1848.99"}}}
{"_id": "orderid:155028", "timestamp": "2019-12-10T14:47:00.000Z", "eventType": "transaction", "_adobeamericaspot3": {"CRMID": "crmid:7056361581", "orderDetails": {"orderID": "orderid:155028", "reservationid": "IBG-L5VW", "orderType": "website", "hotelSKU": "prd1001", "hotelCheckInUnix": "1576162020", "hotelCheckOutUnix": "1576248420", "hotelCheckInTS": "2019-12-12T14:47:00+00:00", "hotelCheckOutTS": "2019-12-13T14:47:00+00:00", "hotelChain": "Grandeur Hotels", "hotelName": "Grandeur Hotels: New York", "hotelLocation": "New York", "hotelRoomType": "premium", "hotelRoomCount": "1", "hotelGuestAdultCount": "1", "hotelGuestChildCount": "0", "hotelNightCount": "1", "hotelRoomPrice": "90.51", "hotelFinalPrice": "90.51"}}}
{"_id": "orderid:255720", "timestamp": "2019-12-14T14:54:55.000Z", "eventType": "transaction", "_adobeamericaspot3": {"CRMID": "crmid:9376574929", "orderDetails": {"orderID": "orderid:255720", "reservationid": "D4F-ZSSK", "orderType": "call center", "hotelSKU": "prd1194", "hotelCheckInUnix": "1578063295", "hotelCheckOutUnix": "1578149695", "hotelCheckInTS": "2020-01-03T14:54:55+00:00", "hotelCheckOutTS": "2020-01-04T14:54:55+00:00", "hotelChain": "Restful Nights", "hotelName": "Restful Nights: Tianjin", "hotelLocation": "Tianjin", "hotelRoomType": "standard", "hotelRoomCount": "1", "hotelGuestAdultCount": "1", "hotelGuestChildCount": "0", "hotelNightCount": "1", "hotelRoomPrice": "154.05", "hotelFinalPrice": "154.05"}}}
{"_id": "orderid:587940", "timestamp": "2020-01-16T14:18:06.000Z", "eventType": "transaction", "_adobeamericaspot3": {"CRMID": "crmid:2025567514", "orderDetails": {"orderID": "orderid:587940", "reservationid": "QIW-BTTV", "orderType": "service desk", "hotelSKU": "prd1130", "hotelCheckInUnix": "1581430686", "hotelCheckOutUnix": "1582381086", "hotelCheckInTS": "2020-02-11T14:18:06+00:00", "hotelCheckOutTS": "2020-02-22T14:18:06+00:00", "hotelChain": "Blue Reef Resort", "hotelName": "Blue Reef Resort: Bremen", "hotelLocation": "Bremen", "hotelRoomType": "standard", "hotelRoomCount": "1", "hotelGuestAdultCount": "1", "hotelGuestChildCount": "0", "hotelNightCount": "11", "hotelRoomPrice": "112.06", "hotelFinalPrice": "1232.66"}}}
{"_id": "orderid:970941", "timestamp": "2020-02-02T13:15:02.000Z", "eventType": "transaction", "_adobeamericaspot3": {"CRMID": "crmid:9267773155", "orderDetails": {"orderID": "orderid:970941", "reservationid": "FHY-DWXK", "orderType": "mobile", "hotelSKU": "prd1139", "hotelCheckInUnix": "1582636502", "hotelCheckOutUnix": "1583154902", "hotelCheckInTS": "2020-02-25T13:15:02+00:00", "hotelCheckOutTS": "2020-03-02T13:15:02+00:00", "hotelChain": "Nesting Box Inn", "hotelName": "Nesting Box Inn: Nairobi", "hotelLocation": "Nairobi", "hotelRoomType": "standard", "hotelRoomCount": "1", "hotelGuestAdultCount": "1", "hotelGuestChildCount": "0", "hotelNightCount": "6", "hotelRoomPrice": "119.48", "hotelFinalPrice": "716.88"}}}
{"_id": "orderid:990910", "timestamp": "2019-12-15T08:11:44.000Z", "eventType": "transaction", "_adobeamericaspot3": {"CRMID": "crmid:9334677913", "orderDetails": {"orderID": "orderid:990910", "reservationid": "LG8-OMIF", "orderType": "website", "hotelSKU": "prd1177", "hotelCheckInUnix": "1576915904", "hotelCheckOutUnix": "1577002304", "hotelCheckInTS": "2019-12-21T08:11:44+00:00", "hotelCheckOutTS": "2019-12-22T08:11:44+00:00", "hotelChain": "Admiralty Plaza", "hotelName": "Admiralty Plaza: Raleigh", "hotelLocation": "Raleigh", "hotelRoomType": "standard", "hotelRoomCount": "1", "hotelGuestAdultCount": "1", "hotelGuestChildCount": "0", "hotelNightCount": "1", "hotelRoomPrice": "128.12", "hotelFinalPrice": "128.12"}}}
{"_id": "orderid:569394", "timestamp": "2019-12-23T00:00:00.000Z", "eventType": "transaction", "_adobeamericaspot3": {"CRMID": "crmid:9334677913", "orderDetails": {"orderID": "orderid:569394", "reservationid": "VB9-F3RQ", "orderType": "call center", "hotelSKU": "prd1166", "hotelCheckInUnix": "1577232000", "hotelCheckOutUnix": "1577577600", "hotelCheckInTS": "2019-12-25T00:00:00+00:00", "hotelCheckOutTS": "2019-12-29T00:00:00+00:00", "hotelChain": "Blue Reef Resort", "hotelName": "Blue Reef Resort: Baltimore", "hotelLocation": "Baltimore", "hotelRoomType": "standard", "hotelRoomCount": "1", "hotelGuestAdultCount": "1", "hotelGuestChildCount": "0", "hotelNightCount": "4", "hotelRoomPrice": "91.32", "hotelFinalPrice": "365.28"}}}
{"_id": "orderid:595054", "timestamp": "2019-12-30T22:26:09.000Z", "eventType": "transaction", "_adobeamericaspot3": {"CRMID": "crmid:1654358679", "orderDetails": {"orderID": "orderid:595054", "reservationid": "6KG-6YXQ", "orderType": "mobile", "hotelSKU": "prd1143", "hotelCheckInUnix": "1580077569", "hotelCheckOutUnix": "1580423169", "hotelCheckInTS": "2020-01-26T22:26:09+00:00", "hotelCheckOutTS": "2020-01-30T22:26:09+00:00", "hotelChain": "Hospitality Inn", "hotelName": "Hospitality Inn: San Antonio", "hotelLocation": "San Antonio", "hotelRoomType": "standard", "hotelRoomCount": "1", "hotelGuestAdultCount": "1", "hotelGuestChildCount": "4", "hotelNightCount": "4", "hotelRoomPrice": "142.78", "hotelFinalPrice": "571.12"}}}
{"_id": "orderid:137096", "timestamp": "2019-12-09T20:55:03.000Z", "eventType": "transaction", "_adobeamericaspot3": {"CRMID": "crmid:4944018424", "orderDetails": {"orderID": "orderid:137096", "reservationid": "LGR-UCQA", "orderType": "website", "hotelSKU": "prd1004", "hotelCheckInUnix": "1576184103", "hotelCheckOutUnix": "1576356903", "hotelCheckInTS": "2019-12-12T20:55:03+00:00", "hotelCheckOutTS": "2019-12-14T20:55:03+00:00", "hotelChain": "Aspen Heights", "hotelName": "Aspen Heights: Boulder", "hotelLocation": "Boulder", "hotelRoomType": "standard", "hotelRoomCount": "1", "hotelGuestAdultCount": "1", "hotelGuestChildCount": "0", "hotelNightCount": "2", "hotelRoomPrice": "132.5", "hotelFinalPrice": "265.0"}}}
{"_id": "orderid:362975", "timestamp": "2019-12-27T01:25:54.000Z", "eventType": "transaction", "_adobeamericaspot3": {"CRMID": "crmid:5725111828", "orderDetails": {"orderID": "orderid:362975", "reservationid": "IPR-TSXI", "orderType": "kiosk", "hotelSKU": "prd1045", "hotelCheckInUnix": "1577496354", "hotelCheckOutUnix": "1577669154", "hotelCheckInTS": "2019-12-28T01:25:54+00:00", "hotelCheckOutTS": "2019-12-30T01:25:54+00:00", "hotelChain": "Admiralty Plaza", "hotelName": "Admiralty Plaza: Miami", "hotelLocation": "Miami", "hotelRoomType": "standard", "hotelRoomCount": "1", "hotelGuestAdultCount": "1", "hotelGuestChildCount": "0", "hotelNightCount": "2", "hotelRoomPrice": "143.62", "hotelFinalPrice": "287.24"}}}
{"_id": "orderid:780487", "timestamp": "2020-02-06T02:54:20.000Z", "eventType": "transaction", "_adobeamericaspot3": {"CRMID": "crmid:4997685808", "orderDetails": {"orderID": "orderid:780487", "reservationid": "H1N-Y8A8", "orderType": "website", "hotelSKU": "prd1105", "hotelCheckInUnix": "1583463260", "hotelCheckOutUnix": "1583722460", "hotelCheckInTS": "2020-03-06T02:54:20+00:00", "hotelCheckOutTS": "2020-03-09T02:54:20+00:00", "hotelChain": "Admiralty Plaza", "hotelName": "Admiralty Plaza: Barcelona", "hotelLocation": "Barcelona", "hotelRoomType": "premium", "hotelRoomCount": "1", "hotelGuestAdultCount": "1", "hotelGuestChildCount": "1", "hotelNightCount": "3", "hotelRoomPrice": "156.4", "hotelFinalPrice": "469.2"}}}
{"_id": "orderid:897366", "timestamp": "2019-12-18T21:55:10.000Z", "eventType": "transaction", "_adobeamericaspot3": {"CRMID": "crmid:3124315058", "orderDetails": {"orderID": "orderid:897366", "reservationid": "D5U-HDBJ", "orderType": "website", "hotelSKU": "prd1021", "hotelCheckInUnix": "1577138110", "hotelCheckOutUnix": "1577397310", "hotelCheckInTS": "2019-12-23T21:55:10+00:00", "hotelCheckOutTS": "2019-12-26T21:55:10+00:00", "hotelChain": "Admiralty Plaza", "hotelName": "Admiralty Plaza: Denver", "hotelLocation": "Denver", "hotelRoomType": "premium", "hotelRoomCount": "1", "hotelGuestAdultCount": "1", "hotelGuestChildCount": "0", "hotelNightCount": "3", "hotelRoomPrice": "145.21", "hotelFinalPrice": "435.63"}}}
{"_id": "orderid:374116", "timestamp": "2020-02-04T10:03:09.000Z", "eventType": "transaction", "_adobeamericaspot3": {"CRMID": "crmid:2542651983", "orderDetails": {"orderID": "orderid:374116", "reservationid": "VO3-I5SZ", "orderType": "website", "hotelSKU": "prd1141", "hotelCheckInUnix": "1582538589", "hotelCheckOutUnix": "1582970589", "hotelCheckInTS": "2020-02-24T10:03:09+00:00", "hotelCheckOutTS": "2020-02-29T10:03:09+00:00", "hotelChain": "Admiralty Plaza", "hotelName": "Admiralty Plaza: Phoenix", "hotelLocation": "Phoenix", "hotelRoomType": "standard", "hotelRoomCount": "1", "hotelGuestAdultCount": "1", "hotelGuestChildCount": "0", "hotelNightCount": "5", "hotelRoomPrice": "94.83", "hotelFinalPrice": "474.15"}}}
{"_id": "orderid:676911", "timestamp": "2020-01-06T18:50:40.000Z", "eventType": "transaction", "_adobeamericaspot3": {"CRMID": "crmid:6126871546", "orderDetails": {"orderID": "orderid:676911", "reservationid": "ZXB-L3GS", "orderType": "mobile", "hotelSKU": "prd1071", "hotelCheckInUnix": "1580669440", "hotelCheckOutUnix": "1581619840", "hotelCheckInTS": "2020-02-02T18:50:40+00:00", "hotelCheckOutTS": "2020-02-13T18:50:40+00:00", "hotelChain": "Hospitality Inn", "hotelName": "Hospitality Inn: Seoul", "hotelLocation": "Seoul", "hotelRoomType": "standard", "hotelRoomCount": "1", "hotelGuestAdultCount": "1", "hotelGuestChildCount": "1", "hotelNightCount": "11", "hotelRoomPrice": "109.79", "hotelFinalPrice": "1207.69"}}}
{"_id": "orderid:659480", "timestamp": "2020-01-01T20:58:38.000Z", "eventType": "transaction", "_adobeamericaspot3": {"CRMID": "crmid:8940669381", "orderDetails": {"orderID": "orderid:659480", "reservationid": "HAY-8LP2", "orderType": "call center", "hotelSKU": "prd1095", "hotelCheckInUnix": "1578603518", "hotelCheckOutUnix": "1578949118", "hotelCheckInTS": "2020-01-09T20:58:38+00:00", "hotelCheckOutTS": "2020-01-13T20:58:38+00:00", "hotelChain": "Hospitality Inn", "hotelName": "Hospitality Inn: Casablanca", "hotelLocation": "Casablanca", "hotelRoomType": "premium", "hotelRoomCount": "1", "hotelGuestAdultCount": "1", "hotelGuestChildCount": "2", "hotelNightCount": "4", "hotelRoomPrice": "136.26", "hotelFinalPrice": "545.04"}}}
{"_id": "orderid:859397", "timestamp": "2019-12-03T13:05:12.000Z", "eventType": "transaction", "_adobeamericaspot3": {"CRMID": "crmid:7844405091", "orderDetails": {"orderID": "orderid:859397", "reservationid": "G3R-IAXT", "orderType": "website", "hotelSKU": "prd1183", "hotelCheckInUnix": "1577279112", "hotelCheckOutUnix": "1577624712", "hotelCheckInTS": "2019-12-25T13:05:12+00:00", "hotelCheckOutTS": "2019-12-29T13:05:12+00:00", "hotelChain": "Family Fun Hotels", "hotelName": "Family Fun Hotels: Tulsa", "hotelLocation": "Tulsa", "hotelRoomType": "standard", "hotelRoomCount": "1", "hotelGuestAdultCount": "1", "hotelGuestChildCount": "0", "hotelNightCount": "4", "hotelRoomPrice": "165.67", "hotelFinalPrice": "662.68"}}}
{"_id": "orderid:494076", "timestamp": "2020-02-02T12:28:08.000Z", "eventType": "transaction", "_adobeamericaspot3": {"CRMID": "crmid:2907918853", "orderDetails": {"orderID": "orderid:494076", "reservationid": "95C-F3G8", "orderType": "call center", "hotelSKU": "prd1062", "hotelCheckInUnix": "1580992088", "hotelCheckOutUnix": "1581251288", "hotelCheckInTS": "2020-02-06T12:28:08+00:00", "hotelCheckOutTS": "2020-02-09T12:28:08+00:00", "hotelChain": "Restful Nights", "hotelName": "Restful Nights: Moscow", "hotelLocation": "Moscow", "hotelRoomType": "standard", "hotelRoomCount": "1", "hotelGuestAdultCount": "1", "hotelGuestChildCount": "0", "hotelNightCount": "3", "hotelRoomPrice": "159.49", "hotelFinalPrice": "478.47"}}}
{"_id": "orderid:896781", "timestamp": "2020-02-03T11:08:47.000Z", "eventType": "transaction", "_adobeamericaspot3": {"CRMID": "crmid:3713450627", "orderDetails": {"orderID": "orderid:896781", "reservationid": "JYI-SVMV", "orderType": "call center", "hotelSKU": "prd1040", "hotelCheckInUnix": "1581332927", "hotelCheckOutUnix": "1582024127", "hotelCheckInTS": "2020-02-10T11:08:47+00:00", "hotelCheckOutTS": "2020-02-18T11:08:47+00:00", "hotelChain": "Aspen Heights", "hotelName": "Aspen Heights: Atlanta", "hotelLocation": "Atlanta", "hotelRoomType": "standard", "hotelRoomCount": "1", "hotelGuestAdultCount": "1", "hotelGuestChildCount": "0", "hotelNightCount": "8", "hotelRoomPrice": "128.11", "hotelFinalPrice": "1024.88"}}}
{"_id": "orderid:577367", "timestamp": "2020-01-08T04:01:00.000Z", "eventType": "transaction", "_adobeamericaspot3": {"CRMID": "crmid:9105463027", "orderDetails": {"orderID": "orderid:577367", "reservationid": "R60-H7GF", "orderType": "kiosk", "hotelSKU": "prd1021", "hotelCheckInUnix": "1580529660", "hotelCheckOutUnix": "1581134460", "hotelCheckInTS": "2020-02-01T04:01:00+00:00", "hotelCheckOutTS": "2020-02-08T04:01:00+00:00", "hotelChain": "Admiralty Plaza", "hotelName": "Admiralty Plaza: Denver", "hotelLocation": "Denver", "hotelRoomType": "standard", "hotelRoomCount": "1", "hotelGuestAdultCount": "1", "hotelGuestChildCount": "0", "hotelNightCount": "7", "hotelRoomPrice": "145.91", "hotelFinalPrice": "1021.37"}}}
{"_id": "orderid:977437", "timestamp": "2019-12-01T10:20:54.000Z", "eventType": "transaction", "_adobeamericaspot3": {"CRMID": "crmid:5194671225", "orderDetails": {"orderID": "orderid:977437", "reservationid": "IZV-VI42", "orderType": "website", "hotelSKU": "prd1040", "hotelCheckInUnix": "1577614854", "hotelCheckOutUnix": "1578219654", "hotelCheckInTS": "2019-12-29T10:20:54+00:00", "hotelCheckOutTS": "2020-01-05T10:20:54+00:00", "hotelChain": "Aspen Heights", "hotelName": "Aspen Heights: Atlanta", "hotelLocation": "Atlanta", "hotelRoomType": "standard", "hotelRoomCount": "1", "hotelGuestAdultCount": "1", "hotelGuestChildCount": "0", "hotelNightCount": "7", "hotelRoomPrice": "154.86", "hotelFinalPrice": "1084.02"}}}
{"_id": "orderid:306740", "timestamp": "2020-02-14T19:26:14.000Z", "eventType": "transaction", "_adobeamericaspot3": {"CRMID": "crmid:6583703544", "orderDetails": {"orderID": "orderid:306740", "reservationid": "PQ0-UUWT", "orderType": "call center", "hotelSKU": "prd1189", "hotelCheckInUnix": "1581881174", "hotelCheckOutUnix": "1582226774", "hotelCheckInTS": "2020-02-16T19:26:14+00:00", "hotelCheckOutTS": "2020-02-20T19:26:14+00:00", "hotelChain": "Admiralty Plaza", "hotelName": "Admiralty Plaza: Bakersfield", "hotelLocation": "Bakersfield", "hotelRoomType": "standard", "hotelRoomCount": "1", "hotelGuestAdultCount": "1", "hotelGuestChildCount": "3", "hotelNightCount": "4", "hotelRoomPrice": "140.85", "hotelFinalPrice": "563.4"}}}
{"_id": "orderid:952009", "timestamp": "2020-02-12T14:17:30.000Z", "eventType": "transaction", "_adobeamericaspot3": {"CRMID": "crmid:2097376115", "orderDetails": {"orderID": "orderid:952009", "reservationid": "M6P-2RMK", "orderType": "website", "hotelSKU": "prd1098", "hotelCheckInUnix": "1581603450", "hotelCheckOutUnix": "1581689850", "hotelCheckInTS": "2020-02-13T14:17:30+00:00", "hotelCheckOutTS": "2020-02-14T14:17:30+00:00", "hotelChain": "Restful Nights", "hotelName": "Restful Nights: Kiev", "hotelLocation": "Kiev", "hotelRoomType": "premium", "hotelRoomCount": "1", "hotelGuestAdultCount": "1", "hotelGuestChildCount": "0", "hotelNightCount": "1", "hotelRoomPrice": "125.14", "hotelFinalPrice": "125.14"}}}
{"_id": "orderid:587688", "timestamp": "2019-12-24T21:01:12.000Z", "eventType": "transaction", "_adobeamericaspot3": {"CRMID": "crmid:9003569147", "orderDetails": {"orderID": "orderid:587688", "reservationid": "DYP-M40N", "orderType": "website", "hotelSKU": "prd1172", "hotelCheckInUnix": "1578949272", "hotelCheckOutUnix": "1579467672", "hotelCheckInTS": "2020-01-13T21:01:12+00:00", "hotelCheckOutTS": "2020-01-19T21:01:12+00:00", "hotelChain": "Aspen Heights", "hotelName": "Aspen Heights: Mesa", "hotelLocation": "Mesa", "hotelRoomType": "standard", "hotelRoomCount": "1", "hotelGuestAdultCount": "1", "hotelGuestChildCount": "0", "hotelNightCount": "6", "hotelRoomPrice": "140.47", "hotelFinalPrice": "842.82"}}}
