{"_id": "0122e39e-53c9-11ea-bbfa-b88a60e194fb", "timestamp": "2020-02-03T06:00:26.000Z", "eventType": "transaction", "_adobeamericaspot3": {"CRMID": "crmid:1370449865", "orderDetails": {"orderID": "orderid:830412", "reservationid": "OUG-5QZF", "orderType": "kiosk"}}}
{"_id": "0123f54c-53c9-11ea-bb46-b88a60e194fb", "timestamp": "2020-02-10T01:17:39.000Z", "eventType": "transaction", "_adobeamericaspot3": {"CRMID": "crmid:5445292878", "orderDetails": {"orderID": "orderid:823229", "reservationid": "V4C-QAQX", "orderType": "website"}}}
{"_id": "012554a8-53c9-11ea-b55f-b88a60e194fb", "timestamp": "2020-01-20T06:23:23.000Z", "eventType": "transaction", "_adobeamericaspot3": {"CRMID": "crmid:1939470828", "orderDetails": {"orderID": "orderid:205886", "reservationid": "ORZ-3QUE", "orderType": "website"}}}
{"_id": "01266630-53c9-11ea-b6c8-b88a60e194fb", "timestamp": "2019-12-20T01:40:34.000Z", "eventType": "transaction", "_adobeamericaspot3": {"CRMID": "crmid:3902589317", "orderDetails": {"orderID": "orderid:219409", "reservationid": "SE0-YYTW", "orderType": "mobile"}}}
{"_id": "01275086-53c9-11ea-9ec4-b88a60e194fb", "timestamp": "2020-01-28T14:47:45.000Z", "eventType": "transaction", "_adobeamericaspot3": {"CRMID": "crmid:8306170085", "orderDetails": {"orderID": "orderid:673304", "reservationid": "FAZ-HQDT", "orderType": "website"}}}
{"_id": "01288902-53c9-11ea-8a59-b88a60e194fb", "timestamp": "2020-01-12T07:08:53.000Z", "eventType": "transaction", "_adobeamericaspot3": {"CRMID": "crmid:1107536411", "orderDetails": {"orderID": "orderid:284830", "reservationid": "BYU-NTOK", "orderType": "website"}}}
{"_id": "01299a74-53c9-11ea-bef6-b88a60e194fb", "timestamp": "2019-12-31T01:11:05.000Z", "eventType": "transaction", "_adobeamericaspot3": {"CRMID": "crmid:6610963425", "orderDetails": {"orderID": "orderid:358225", "reservationid": "M0U-ZUQK", "orderType": "mobile"}}}
{"_id": "012aabdc-53c9-11ea-9e37-b88a60e194fb", "timestamp": "2020-01-11T19:33:40.000Z", "eventType": "transaction", "_adobeamericaspot3": {"CRMID": "crmid:9119347044", "orderDetails": {"orderID": "orderid:265134", "reservationid": "ZNF-YGGM", "orderType": "website"}}}
{"_id": "012bbea8-53c9-11ea-aa03-b88a60e194fb", "timestamp": "2020-02-03T21:47:11.000Z", "eventType": "transaction", "_adobeamericaspot3": {"CRMID": "crmid:4784606658", "orderDetails": {"orderID": "orderid:680091", "reservationid": "V8O-308I", "orderType": "call center"}}}
{"_id": "012ca7a4-53c9-11ea-aba1-b88a60e194fb", "timestamp": "2020-01-09T16:01:48.000Z", "eventType": "transaction", "_adobeamericaspot3": {"CRMID": "crmid:7483633457", "orderDetails": {"orderID": "orderid:594351", "reservationid": "MAL-SBCG", "orderType": "website"}}}
{"_id": "012dbab4-53c9-11ea-9b2f-b88a60e194fb", "timestamp": "2020-02-07T23:49:59.000Z", "eventType": "transaction", "_adobeamericaspot3": {"CRMID": "crmid:2372764097", "orderDetails": {"orderID": "orderid:849374", "reservationid": "DE5-SANX", "orderType": "website"}}}
{"_id": "012ea50c-53c9-11ea-903d-b88a60e194fb", "timestamp": "2020-02-15T11:42:34.000Z", "eventType": "transaction", "_adobeamericaspot3": {"CRMID": "crmid:8963772826", "orderDetails": {"orderID": "orderid:776414", "reservationid": "052-47HU", "orderType": "kiosk"}}}
{"_id": "013002f4-53c9-11ea-a963-b88a60e194fb", "timestamp": "2019-12-15T16:41:08.000Z", "eventType": "transaction", "_adobeamericaspot3": {"CRMID": "crmid:9860839638", "orderDetails": {"orderID": "orderid:849789", "reservationid": "AUE-9W2N", "orderType": "call center"}}}
{"_id": "0130eeae-53c9-11ea-aa3d-b88a60e194fb", "timestamp": "2020-01-19T10:21:59.000Z", "eventType": "transaction", "_adobeamericaspot3": {"CRMID": "crmid:1838054129", "orderDetails": {"orderID": "orderid:608420", "reservationid": "M2M-HCVA", "orderType": "website"}}}
{"_id": "0131d928-53c9-11ea-ad8a-b88a60e194fb", "timestamp": "2020-02-08T09:41:18.000Z", "eventType": "transaction", "_adobeamericaspot3": {"CRMID": "crmid:2673559954", "orderDetails": {"orderID": "orderid:230000", "reservationid": "LAL-MCRH", "orderType": "call center"}}}
{"_id": "0132ea90-53c9-11ea-bbce-b88a60e194fb", "timestamp": "2020-02-05T02:08:39.000Z", "eventType": "transaction", "_adobeamericaspot3": {"CRMID": "crmid:5614684700", "orderDetails": {"orderID": "orderid:509241", "reservationid": "RAS-FEAC", "orderType": "call center"}}}
{"_id": "0133d506-53c9-11ea-a53a-b88a60e194fb", "timestamp": "2019-12-08T08:50:09.000Z", "eventType": "transaction", "_adobeamericaspot3": {"CRMID": "crmid:7026341510", "orderDetails": {"orderID": "orderid:246386", "reservationid": "8E8-MRLH", "orderType": "website"}}}
{"_id": "0134bf78-53c9-11ea-a35b-b88a60e194fb", "timestamp": "2020-01-11T00:16:19.000Z", "eventType": "transaction", "_adobeamericaspot3": {"CRMID": "crmid:9385865165", "orderDetails": {"orderID": "orderid:244702", "reservationid": "OSU-YLYN", "orderType": "kiosk"}}}
{"_id": "0135d0de-53c9-11ea-b9b7-b88a60e194fb", "timestamp": "2019-12-11T23:28:29.000Z", "eventType": "transaction", "_adobeamericaspot3": {"CRMID": "crmid:6882638855", "orderDetails": {"orderID": "orderid:351709", "reservationid": "KHB-1T6Y", "orderType": "kiosk"}}}
{"_id": "0136bb06-53c9-11ea-b57b-b88a60e194fb", "timestamp": "2020-02-08T17:00:51.000Z", "eventType": "transaction", "_adobeamericaspot3": {"CRMID": "crmid:7557649031", "orderDetails": {"orderID": "orderid:826089", "reservationid": "CUG-GITV", "orderType": "service desk"}}}
{"_id": "0137a56e-53c9-11ea-b2f9-b88a60e194fb", "timestamp": "2020-01-27T10:15:04.000Z", "eventType": "transaction", "_adobeamericaspot3": {"CRMID": "crmid:4470044518", "orderDetails": {"orderID": "orderid:834208", "reservationid": "ILE-TCE9", "orderType": "website"}}}
{"_id": "0138ddd2-53c9-11ea-9442-b88a60e194fb", "timestamp": "2019-12-03T12:04:46.000Z", "eventType": "transaction", "_adobeamericaspot3": {"CRMID": "crmid:8221634446", "orderDetails": {"orderID": "orderid:468593", "reservationid": "FP5-03R9", "orderType": "website"}}}
{"_id": "013a166c-53c9-11ea-948a-b88a60e194fb", "timestamp": "2020-01-13T20:02:39.000Z", "eventType": "transaction", "_adobeamericaspot3": {"CRMID": "crmid:6280452126", "orderDetails": {"orderID": "orderid:176226", "reservationid": "8QO-5M5O", "orderType": "mobile"}}}
{"_id": "013b7626-53c9-11ea-a0a4-b88a60e194fb", "timestamp": "2019-12-04T01:16:00.000Z", "eventType": "transaction", "_adobeamericaspot3": {"CRMID": "crmid:4142052426", "orderDetails": {"orderID": "orderid:263611", "reservationid": "HJC-QD71", "orderType": "kiosk"}}}
{"_id": "013c87fa-53c9-11ea-9075-b88a60e194fb", "timestamp": "2019-12-05T14:25:30.000Z", "eventType": "transaction", "_adobeamericaspot3": {"CRMID": "crmid:8746692499", "orderDetails": {"orderID": "orderid:463974", "reservationid": "PKL-WNNV", "orderType": "mobile"}}}
{"_id": "013d71c2-53c9-11ea-9c28-b88a60e194fb", "timestamp": "2020-01-25T22:46:25.000Z", "eventType": "transaction", "_adobeamericaspot3": {"CRMID": "crmid:6988227142", "orderDetails": {"orderID": "orderid:600973", "reservationid": "VN7-XLPU", "orderType": "website"}}}
{"_id": "013e5c24-53c9-11ea-af64-b88a60e194fb", "timestamp": "2020-02-02T07:18:52.000Z", "eventType": "transaction", "_adobeamericaspot3": {"CRMID": "crmid:9933438864", "orderDetails": {"orderID": "orderid:730892", "reservationid": "7DE-NY96", "orderType": "service desk"}}}
{"_id": "013f6d9c-53c9-11ea-bae3-b88a60e194fb", "timestamp": "2020-01-07T17:50:51.000Z", "eventType": "transaction", "_adobeamericaspot3": {"CRMID": "crmid:4900697019", "orderDetails": {"orderID": "orderid:715063", "reservationid": "D5O-LF34", "orderType": "website"}}}
{"_id": "01407f1e-53c9-11ea-8ba6-b88a60e194fb", "timestamp": "2019-12-03T11:53:13.000Z", "eventType": "transaction", "_adobeamericaspot3": {"CRMID": "crmid:1191056752", "orderDetails": {"orderID": "orderid:577133", "reservationid": "HFA-R5AA", "orderType": "call center"}}}
{"_id": "01416968-53c9-11ea-b954-b88a60e194fb", "timestamp": "2019-12-29T01:22:14.000Z", "eventType": "transaction", "_adobeamericaspot3": {"CRMID": "crmid:5307489472", "orderDetails": {"orderID": "orderid:600414", "reservationid": "AFK-LEW6", "orderType": "call center"}}}
{"_id": "014253f4-53c9-11ea-bc54-b88a60e194fb", "timestamp": "2020-02-01T15:05:51.000Z", "eventType": "transaction", "_adobeamericaspot3": {"CRMID": "crmid:5953520068", "orderDetails": {"orderID": "orderid:831166", "reservationid": "SHB-JGPL", "orderType": "website"}}}
{"_id": "01438c46-53c9-11ea-b0c4-b88a60e194fb", "timestamp": "2020-02-05T14:03:30.000Z", "eventType": "transaction", "_adobeamericaspot3": {"CRMID": "crmid:1876663065", "orderDetails": {"orderID": "orderid:341247", "reservationid": "83Z-NOUZ", "orderType": "kiosk"}}}
{"_id": "01449dbe-53c9-11ea-b586-b88a60e194fb", "timestamp": "2020-02-05T10:19:37.000Z", "eventType": "transaction", "_adobeamericaspot3": {"CRMID": "crmid:4661644258", "orderDetails": {"orderID": "orderid:192187", "reservationid": "F4M-ETNY", "orderType": "call center"}}}
{"_id": "0145d65e-53c9-11ea-820f-b88a60e194fb", "timestamp": "2019-12-09T14:12:40.000Z", "eventType": "transaction", "_adobeamericaspot3": {"CRMID": "crmid:4593604359", "orderDetails": {"orderID": "orderid:677192", "reservationid": "S2Y-GLJ2", "orderType": "website"}}}
{"_id": "0146c09e-53c9-11ea-b9e2-b88a60e194fb", "timestamp": "2019-12-13T18:01:29.000Z", "eventType": "transaction", "_adobeamericaspot3": {"CRMID": "crmid:9697512984", "orderDetails": {"orderID": "orderid:754691", "reservationid": "VPX-VFGZ", "orderType": "kiosk"}}}
{"_id": "0147d234-53c9-11ea-8252-b88a60e194fb", "timestamp": "2020-01-16T22:57:10.000Z", "eventType": "transaction", "_adobeamericaspot3": {"CRMID": "crmid:4681906862", "orderDetails": {"orderID": "orderid:221824", "reservationid": "QQQ-WR0F", "orderType": "website"}}}
{"_id": "0148bcba-53c9-11ea-b09e-b88a60e194fb", "timestamp": "2020-01-02T00:31:50.000Z", "eventType": "transaction", "_adobeamericaspot3": {"CRMID": "crmid:1460376317", "orderDetails": {"orderID": "orderid:557437", "reservationid": "FKF-UIB6", "orderType": "website"}}}
{"_id": "0149ce34-53c9-11ea-992e-b88a60e194fb", "timestamp": "2020-02-12T06:36:59.000Z", "eventType": "transaction", "_adobeamericaspot3": {"CRMID": "crmid:4521142181", "orderDetails": {"orderID": "orderid:803574", "reservationid": "TE4-I0PL", "orderType": "mobile"}}}
{"_id": "014adf4a-53c9-11ea-9944-b88a60e194fb", "timestamp": "2020-02-08T07:06:40.000Z", "eventType": "transaction", "_adobeamericaspot3": {"CRMID": "crmid:1404732801", "orderDetails": {"orderID": "orderid:768837", "reservationid": "BKD-SOM3", "orderType": "mobile"}}}
{"_id": "014bf0dc-53c9-11ea-88db-b88a60e194fb", "timestamp": "2019-12-10T10:59:11.000Z", "eventType": "transaction", "_adobeamericaspot3": {"CRMID": "crmid:5065995630", "orderDetails": {"orderID": "orderid:529961", "reservationid": "EJB-AY7P", "orderType": "kiosk"}}}
{"_id": "014cdad8-53c9-11ea-ba52-b88a60e194fb", "timestamp": "2020-02-08T12:51:44.000Z", "eventType": "transaction", "_adobeamericaspot3": {"CRMID": "crmid:2621354221", "orderDetails": {"orderID": "orderid:257844", "reservationid": "TQH-FUCY", "orderType": "mobile"}}}
{"_id": "014dec82-53c9-11ea-912a-b88a60e194fb", "timestamp": "2020-01-14T00:42:24.000Z", "eventType": "transaction", "_adobeamericaspot3": {"CRMID": "crmid:2315166988", "orderDetails": {"orderID": "orderid:220001", "reservationid": "5LA-AZP0", "orderType": "kiosk"}}}
{"_id": "014efc9e-53c9-11ea-ad96-b88a60e194fb", "timestamp": "2019-12-07T21:06:17.000Z", "eventType": "transaction", "_adobeamericaspot3": {"CRMID": "crmid:4739888872", "orderDetails": {"orderID": "orderid:344112", "reservationid": "SME-CNMD", "orderType": "call center"}}}
{"_id": "01500f70-53c9-11ea-bdf4-b88a60e194fb", "timestamp": "2020-01-24T10:36:01.000Z", "eventType": "transaction", "_adobeamericaspot3": {"CRMID": "crmid:4090328233", "orderDetails": {"orderID": "orderid:378195", "reservationid": "4YK-RIRX", "orderType": "call center"}}}
{"_id": "01516ef8-53c9-11ea-b952-b88a60e194fb", "timestamp": "2019-12-25T18:41:46.000Z", "eventType": "transaction", "_adobeamericaspot3": {"CRMID": "crmid:9825109108", "orderDetails": {"orderID": "orderid:327386", "reservationid": "K4H-FF02", "orderType": "call center"}}}
{"_id": "01528068-53c9-11ea-85f5-b88a60e194fb", "timestamp": "2019-12-02T21:27:20.000Z", "eventType": "transaction", "_adobeamericaspot3": {"CRMID": "crmid:9853390672", "orderDetails": {"orderID": "orderid:983306", "reservationid": "WLQ-KCZB", "orderType": "mobile"}}}
{"_id": "01536992-53c9-11ea-8d76-b88a60e194fb", "timestamp": "2020-01-18T09:22:30.000Z", "eventType": "transaction", "_adobeamericaspot3": {"CRMID": "crmid:8390209457", "orderDetails": {"orderID": "orderid:974835", "reservationid": "3UF-4D6E", "orderType": "website"}}}
{"_id": "01547af6-53c9-11ea-adc1-b88a60e194fb", "timestamp": "2020-02-09T13:40:18.000Z", "eventType": "transaction", "_adobeamericaspot3": {"CRMID": "crmid:2303379152", "orderDetails": {"orderID": "orderid:865683", "reservationid": "U16-C60Q", "orderType": "mobile"}}}
{"_id": "01558c70-53c9-11ea-9ea2-b88a60e194fb", "timestamp": "2019-12-24T06:40:34.000Z", "eventType": "transaction", "_adobeamericaspot3": {"CRMID": "crmid:2590194743", "orderDetails": {"orderID": "orderid:428469", "reservationid": "NN4-WI4U", "orderType": "website"}}}
{"_id": "01558c71-53c9-11ea-85a2-b88a60e194fb", "timestamp": "2019-12-29T00:00:00.000Z", "eventType": "transaction", "_adobeamericaspot3": {"CRMID": "crmid:2590194743", "orderDetails": {"orderID": "orderid:194430", "reservationid": "2TJ-UKN3", "orderType": "website"}}}
{"_id": "0156c4f8-53c9-11ea-ba57-b88a60e194fb", "timestamp": "2020-02-14T10:21:33.000Z", "eventType": "transaction", "_adobeamericaspot3": {"CRMID": "crmid:2694369676", "orderDetails": {"orderID": "orderid:437329", "reservationid": "KES-26EC", "orderType": "kiosk"}}}
{"_id": "0157af5c-53c9-11ea-b3df-b88a60e194fb", "timestamp": "2019-12-01T00:22:28.000Z", "eventType": "transaction", "_adobeamericaspot3": {"CRMID": "crmid:2049777828", "orderDetails": {"orderID": "orderid:207974", "reservationid": "QT2-B0OE", "orderType": "website"}}}
{"_id": "0158c0ca-53c9-11ea-abbd-b88a60e194fb", "timestamp": "2020-01-30T03:13:55.000Z", "eventType": "transaction", "_adobeamericaspot3": {"CRMID": "crmid:6400239056", "orderDetails": {"orderID": "orderid:123663", "reservationid": "YDS-EIV5", "orderType": "website"}}}
{"_id": "0159d22e-53c9-11ea-9cb4-b88a60e194fb", "timestamp": "2019-12-12T15:35:28.000Z", "eventType": "transaction", "_adobeamericaspot3": {"CRMID": "crmid:8696911321", "orderDetails": {"orderID": "orderid:450801", "reservationid": "ZAL-DFX5", "orderType": "website"}}}
{"_id": "015ae3a2-53c9-11ea-a228-b88a60e194fb", "timestamp": "2020-01-23T04:38:33.000Z", "eventType": "transaction", "_adobeamericaspot3": {"CRMID": "crmid:6246175561", "orderDetails": {"orderID": "orderid:733786", "reservationid": "QZ9-RCCS", "orderType": "call center"}}}
{"_id": "015c1c14-53c9-11ea-a25b-b88a60e194fb", "timestamp": "2020-01-22T12:09:59.000Z", "eventType": "transaction", "_adobeamericaspot3": {"CRMID": "crmid:7644678899", "orderDetails": {"orderID": "orderid:748209", "reservationid": "ZSI-T66E", "orderType": "website"}}}
{"_id": "015d54a4-53c9-11ea-87b9-b88a60e194fb", "timestamp": "2019-12-12T08:17:56.000Z", "eventType": "transaction", "_adobeamericaspot3": {"CRMID": "crmid:3934364866", "orderDetails": {"orderID": "orderid:654856", "reservationid": "SYS-OMQ6", "orderType": "kiosk"}}}
{"_id": "015e3f06-53c9-11ea-82c9-b88a60e194fb", "timestamp": "2020-01-10T09:00:18.000Z", "eventType": "transaction", "_adobeamericaspot3": {"CRMID": "crmid:7634955364", "orderDetails": {"orderID": "orderid:847649", "reservationid": "HL8-NQRA", "orderType": "website"}}}
{"_id": "015f5074-53c9-11ea-a10a-b88a60e194fb", "timestamp": "2020-01-01T19:34:18.000Z", "eventType": "transaction", "_adobeamericaspot3": {"CRMID": "crmid:3461055055", "orderDetails": {"orderID": "orderid:578519", "reservationid": "H42-L4LL", "orderType": "kiosk"}}}
{"_id": "01606258-53c9-11ea-a6a3-b88a60e194fb", "timestamp": "2020-01-09T12:12:51.000Z", "eventType": "transaction", "_adobeamericaspot3": {"CRMID": "crmid:1784629704", "orderDetails": {"orderID": "orderid:522344", "reservationid": "PEB-A8JY", "orderType": "mobile"}}}
{"_id": "01617352-53c9-11ea-8c7f-b88a60e194fb", "timestamp": "2020-02-03T03:39:11.000Z", "eventType": "transaction", "_adobeamericaspot3": {"CRMID": "crmid:8625072357", "orderDetails": {"orderID": "orderid:337923", "reservationid": "KEJ-JLJD", "orderType": "kiosk"}}}
{"_id": "016284c6-53c9-11ea-b32b-b88a60e194fb", "timestamp": "2020-01-17T00:13:22.000Z", "eventType": "transaction", "_adobeamericaspot3": {"CRMID": "crmid:9459308104", "orderDetails": {"orderID": "orderid:119575", "reservationid": "COR-EKBE", "orderType": "call center"}}}
{"_id": "0163961e-53c9-11ea-945a-b88a60e194fb", "timestamp": "2020-01-25T22:26:53.000Z", "eventType": "transaction", "_adobeamericaspot3": {"CRMID": "crmid:5016776000", "orderDetails": {"orderID": "orderid:678453", "reservationid": "AHT-SRRS", "orderType": "call center"}}}
{"_id": "0164806c-53c9-11ea-aebe-b88a60e194fb", "timestamp": "2020-01-01T11:57:45.000Z", "eventType": "transaction", "_adobeamericaspot3": {"CRMID": "crmid:4601266379", "orderDetails": {"orderID": "orderid:524103", "reservationid": "AQN-JMIG", "orderType": "call center"}}}
{"_id": "016591da-53c9-11ea-a7fd-b88a60e194fb", "timestamp": "2020-01-08T10:19:21.000Z", "eventType": "transaction", "_adobeamericaspot3": {"CRMID": "crmid:6437946861", "orderDetails": {"orderID": "orderid:334034", "reservationid": "JJY-BZHE", "orderType": "mobile"}}}
{"_id": "0166a340-53c9-11ea-87de-b88a60e194fb", "timestamp": "2020-01-10T08:41:05.000Z", "eventType": "transaction", "_adobeamericaspot3": {"CRMID": "crmid:4104961205", "orderDetails": {"orderID": "orderid:933204", "reservationid": "GBJ-RIKD", "orderType": "website"}}}
{"_id": "0167dbc8-53c9-11ea-8640-b88a60e194fb", "timestamp": "2019-12-24T15:04:19.000Z", "eventType": "transaction", "_adobeamericaspot3": {"CRMID": "crmid:7883535127", "orderDetails": {"orderID": "orderid:442638", "reservationid": "ZYQ-V73C", "orderType": "mobile"}}}
{"_id": "0168ed34-53c9-11ea-9826-b88a60e194fb", "timestamp": "2020-01-19T12:57:38.000Z", "eventType": "transaction", "_adobeamericaspot3": {"CRMID": "crmid:9596693734", "orderDetails": {"orderID": "orderid:726192", "reservationid": "813-L4W1", "orderType": "website"}}}
{"_id": "0169fef8-53c9-11ea-871b-b88a60e194fb", "timestamp": "2020-02-14T13:39:32.000Z", "eventType": "transaction", "_adobeamericaspot3": {"CRMID": "crmid:3995646570", "orderDetails": {"orderID": "orderid:531302", "reservationid": "J09-1HAV", "orderType": "kiosk"}}}
{"_id": "016b372c-53c9-11ea-b787-b88a60e194fb", "timestamp": "2020-02-16T12:26:58.000Z", "eventType": "transaction", "_adobeamericaspot3": {"CRMID": "crmid:7191102346", "orderDetails": {"orderID": "orderid:473587", "reservationid": "5ZN-UKJF", "orderType": "kiosk"}}}
{"_id": "016c2186-53c9-11ea-a0b6-b88a60e194fb", "timestamp": "2019-12-22T19:55:54.000Z", "eventType": "transaction", "_adobeamericaspot3": {"CRMID": "crmid:8446759045", "orderDetails": {"orderID": "orderid:413383", "reservationid": "QEP-GSFC", "orderType": "kiosk"}}}
{"_id": "016d32f4-53c9-11ea-a323-b88a60e194fb", "timestamp": "2020-02-04T11:13:07.000Z", "eventType": "transaction", "_adobeamericaspot3": {"CRMID": "crmid:1783267631", "orderDetails": {"orderID": "orderid:802841", "reservationid": "B5W-RASK", "orderType": "website"}}}
{"_id": "016e6b74-53c9-11ea-9716-b88a60e194fb", "timestamp": "2019-12-21T15:53:39.000Z", "eventType": "transaction", "_adobeamericaspot3": {"CRMID": "crmid:7002607108", "orderDetails": {"orderID": "orderid:464126", "reservationid": "BPF-KGO5", "orderType": "call center"}}}
{"_id": "016f55d8-53c9-11ea-9168-b88a60e194fb", "timestamp": "2019-12-08T06:59:28.000Z", "eventType": "transaction", "_adobeamericaspot3": {"CRMID": "crmid:8214281432", "orderDetails": {"orderID": "orderid:939175", "reservationid": "7PV-WZKV", "orderType": "kiosk"}}}
{"_id": "01706742-53c9-11ea-a979-b88a60e194fb", "timestamp": "2020-01-26T12:12:57.000Z", "eventType": "transaction", "_adobeamericaspot3": {"CRMID": "crmid:7832333712", "orderDetails": {"orderID": "orderid:789784", "reservationid": "EZN-TTFE", "orderType": "call center"}}}
{"_id": "017178b4-53c9-11ea-8ffa-b88a60e194fb", "timestamp": "2019-12-01T19:06:56.000Z", "eventType": "transaction", "_adobeamericaspot3": {"CRMID": "crmid:9861788581", "orderDetails": {"orderID": "orderid:776297", "reservationid": "6LC-QYEH", "orderType": "website"}}}
{"_id": "0172d886-53c9-11ea-bf9d-b88a60e194fb", "timestamp": "2020-01-01T22:39:14.000Z", "eventType": "transaction", "_adobeamericaspot3": {"CRMID": "crmid:9514123412", "orderDetails": {"orderID": "orderid:152517", "reservationid": "8AK-I8KI", "orderType": "call center"}}}
{"_id": "0173eb12-53c9-11ea-9b0d-b88a60e194fb", "timestamp": "2019-12-13T01:39:31.000Z", "eventType": "transaction", "_adobeamericaspot3": {"CRMID": "crmid:4731629726", "orderDetails": {"orderID": "orderid:809651", "reservationid": "SHZ-HAKA", "orderType": "kiosk"}}}
{"_id": "01752266-53c9-11ea-9810-b88a60e194fb", "timestamp": "2020-01-09T02:50:25.000Z", "eventType": "transaction", "_adobeamericaspot3": {"CRMID": "crmid:9006012463", "orderDetails": {"orderID": "orderid:899489", "reservationid": "YZB-7MDO", "orderType": "kiosk"}}}
{"_id": "017633ae-53c9-11ea-8e25-b88a60e194fb", "timestamp": "2020-01-10T09:19:46.000Z", "eventType": "transaction", "_adobeamericaspot3": {"CRMID": "crmid:9524567446", "orderDetails": {"orderID": "orderid:810014", "reservationid": "ZOC-MARZ", "orderType": "mobile"}}}
{"_id": "01771e18-53c9-11ea-8958-b88a60e194fb", "timestamp": "2020-02-16T11:30:02.000Z", "eventType": "transaction", "_adobeamericaspot3": {"CRMID": "crmid:1890047520", "orderDetails": {"orderID": "orderid:996905", "reservationid": "MZF-2MFA", "orderType": "call center"}}}
{"_id": "01782f7e-53c9-11ea-9249-b88a60e194fb", "timestamp": "2020-02-15T19:26:10.000Z", "eventType": "transaction", "_adobeamericaspot3": {"CRMID": "crmid:5368751521", "orderDetails": {"orderID": "orderid:884800", "reservationid": "FCC-OG0Y", "orderType": "service desk"}}}
{"_id": "0178568c-53c9-11ea-8b1a-b88a60e194fb", "timestamp": "2020-02-23T00:00:00.000Z", "eventType": "transaction", "_adobeamericaspot3": {"CRMID": "crmid:5368751521", "orderDetails": {"orderID": "orderid:923213", "reservationid": "DVH-DEU5", "orderType": "kiosk"}}}
{"_id": "01796828-53c9-11ea-a61d-b88a60e194fb", "timestamp": "2020-01-12T22:32:37.000Z", "eventType": "transaction", "_adobeamericaspot3": {"CRMID": "crmid:1468737033", "orderDetails": {"orderID": "orderid:515658", "reservationid": "ZNU-ZGYL", "orderType": "website"}}}
{"_id": "017a796e-53c9-11ea-ac86-b88a60e194fb", "timestamp": "2019-12-01T17:23:13.000Z", "eventType": "transaction", "_adobeamericaspot3": {"CRMID": "crmid:2609092225", "orderDetails": {"orderID": "orderid:448853", "reservationid": "WC9-3UKV", "orderType": "call center"}}}
{"_id": "017b63cc-53c9-11ea-abe6-b88a60e194fb", "timestamp": "2019-12-02T09:08:24.000Z", "eventType": "transaction", "_adobeamericaspot3": {"CRMID": "crmid:8563392537", "orderDetails": {"orderID": "orderid:357298", "reservationid": "BGC-MJVO", "orderType": "call center"}}}
{"_id": "017b8ad4-53c9-11ea-b98d-b88a60e194fb", "timestamp": "2019-12-08T00:00:00.000Z", "eventType": "transaction", "_adobeamericaspot3": {"CRMID": "crmid:8563392537", "orderDetails": {"orderID": "orderid:789699", "reservationid": "J9F-GXFO", "orderType": "call center"}}}
{"_id": "017c753e-53c9-11ea-a402-b88a60e194fb", "timestamp": "2020-01-12T15:06:16.000Z", "eventType": "transaction", "_adobeamericaspot3": {"CRMID": "crmid:8490534081", "orderDetails": {"orderID": "orderid:680521", "reservationid": "ZLD-OIBO", "orderType": "website"}}}
{"_id": "017d8836-53c9-11ea-a151-b88a60e194fb", "timestamp": "2020-02-01T19:22:25.000Z", "eventType": "transaction", "_adobeamericaspot3": {"CRMID": "crmid:2919566862", "orderDetails": {"orderID": "orderid:546272", "reservationid": "TG9-TQ3D", "orderType": "service desk"}}}
{"_id": "0181cc76-53c9-11ea-8dde-b88a60e194fb", "timestamp": "2019-12-06T12:34:44.000Z", "eventType": "transaction", "_adobeamericaspot3": {"CRMID": "crmid:5153602340", "orderDetails": {"orderID": "orderid:313025", "reservationid": "GKV-6WGN", "orderType": "mobile"}}}
{"_id": "01832bee-53c9-11ea-9a4d-b88a60e194fb", "timestamp": "2020-01-12T19:21:34.000Z", "eventType": "transaction", "_adobeamericaspot3": {"CRMID": "crmid:7257868958", "orderDetails": {"orderID": "orderid:961409", "reservationid": "1GT-RTFH", "orderType": "kiosk"}}}
{"_id": "01843ec2-53c9-11ea-a852-b88a60e194fb", "timestamp": "2019-12-30T13:20:46.000Z", "eventType": "transaction", "_adobeamericaspot3": {"CRMID": "crmid:4953268379", "orderDetails": {"orderID": "orderid:651562", "reservationid": "LKE-43ZM", "orderType": "service desk"}}}
{"_id": "0185504c-53c9-11ea-a872-b88a60e194fb", "timestamp": "2020-01-04T13:54:35.000Z", "eventType": "transaction", "_adobeamericaspot3": {"CRMID": "crmid:6302615214", "orderDetails": {"orderID": "orderid:538347", "reservationid": "GX1-AUQR", "orderType": "website"}}}
{"_id": "018661da-53c9-11ea-a49c-b88a60e194fb", "timestamp": "2019-12-28T11:22:51.000Z", "eventType": "transaction", "_adobeamericaspot3": {"CRMID": "crmid:5395729662", "orderDetails": {"orderID": "orderid:851628", "reservationid": "NST-ZPFS", "orderType": "website"}}}
{"_id": "018799ee-53c9-11ea-b28f-b88a60e194fb", "timestamp": "2020-02-10T02:42:58.000Z", "eventType": "transaction", "_adobeamericaspot3": {"CRMID": "crmid:4027256657", "orderDetails": {"orderID": "orderid:240357", "reservationid": "IUX-LBSP", "orderType": "website"}}}
{"_id": "0188ab9e-53c9-11ea-a14e-b88a60e194fb", "timestamp": "2020-02-08T21:11:49.000Z", "eventType": "transaction", "_adobeamericaspot3": {"CRMID": "crmid:1073935445", "orderDetails": {"orderID": "orderid:729999", "reservationid": "LX2-QH8Z", "orderType": "website"}}}
{"_id": "018995f4-53c9-11ea-abe6-b88a60e194fb", "timestamp": "2020-01-02T14:50:38.000Z", "eventType": "transaction", "_adobeamericaspot3": {"CRMID": "crmid:1621693069", "orderDetails": {"orderID": "orderid:105202", "reservationid": "73U-JMR2", "orderType": "call center"}}}
{"_id": "018a80ba-53c9-11ea-a92c-b88a60e194fb", "timestamp": "2020-01-01T13:34:22.000Z", "eventType": "transaction", "_adobeamericaspot3": {"CRMID": "crmid:1346165414", "orderDetails": {"orderID": "orderid:801718", "reservationid": "4NJ-XQRP", "orderType": "mobile"}}}
{"_id": "018b918a-53c9-11ea-a4b4-b88a60e194fb", "timestamp": "2019-12-09T14:32:30.000Z", "eventType": "transaction", "_adobeamericaspot3": {"CRMID": "crmid:7308016450", "orderDetails": {"orderID": "orderid:345495", "reservationid": "FYT-GIGJ", "orderType": "call center"}}}
{"_id": "018c7c28-53c9-11ea-8238-b88a60e194fb", "timestamp": "2020-01-01T01:26:25.000Z", "eventType": "transaction", "_adobeamericaspot3": {"CRMID": "crmid:4065689611", "orderDetails": {"orderID": "orderid:954577", "reservationid": "ATG-UOUU", "orderType": "call center"}}}
{"_id": "018ddbd0-53c9-11ea-b4e2-b88a60e194fb", "timestamp": "2020-01-17T12:14:09.000Z", "eventType": "transaction", "_adobeamericaspot3": {"CRMID": "crmid:7788441985", "orderDetails": {"orderID": "orderid:354670", "reservationid": "QKI-7B07", "orderType": "kiosk"}}}
{"_id": "018ec618-53c9-11ea-b8ac-b88a60e194fb", "timestamp": "2020-01-17T11:23:12.000Z", "eventType": "transaction", "_adobeamericaspot3": {"CRMID": "crmid:1971153612", "orderDetails": {"orderID": "orderid:720217", "reservationid": "JK3-4NMT", "orderType": "website"}}}
{"_id": "018eed26-53c9-11ea-b2cb-b88a60e194fb", "timestamp": "2020-01-25T00:00:00.000Z", "eventType": "transaction", "_adobeamericaspot3": {"CRMID": "crmid:1971153612", "orderDetails": {"orderID": "orderid:361909", "reservationid": "VUJ-BTDB", "orderType": "website"}}}
{"_id": "018fd786-53c9-11ea-acc5-b88a60e194fb", "timestamp": "2020-01-08T15:54:38.000Z", "eventType": "transaction", "_adobeamericaspot3": {"CRMID": "crmid:6219143616", "orderDetails": {"orderID": "orderid:394974", "reservationid": "WVK-TTKY", "orderType": "kiosk"}}}
{"_id": "0190e8f8-53c9-11ea-b420-b88a60e194fb", "timestamp": "2020-01-27T04:24:55.000Z", "eventType": "transaction", "_adobeamericaspot3": {"CRMID": "crmid:9455256820", "orderDetails": {"orderID": "orderid:280056", "reservationid": "9OM-EROO", "orderType": "kiosk"}}}
{"_id": "0191fa66-53c9-11ea-9924-b88a60e194fb", "timestamp": "2020-01-26T00:33:44.000Z", "eventType": "transaction", "_adobeamericaspot3": {"CRMID": "crmid:6205137449", "orderDetails": {"orderID": "orderid:924078", "reservationid": "C99-F0NI", "orderType": "mobile"}}}
{"_id": "0192218a-53c9-11ea-adb8-b88a60e194fb", "timestamp": "2020-01-31T00:00:00.000Z", "eventType": "transaction", "_adobeamericaspot3": {"CRMID": "crmid:6205137449", "orderDetails": {"orderID": "orderid:185553", "reservationid": "0JG-VSCC", "orderType": "website"}}}
{"_id": "01930a68-53c9-11ea-b70a-b88a60e194fb", "timestamp": "2020-01-28T15:34:48.000Z", "eventType": "transaction", "_adobeamericaspot3": {"CRMID": "crmid:9183207648", "orderDetails": {"orderID": "orderid:747430", "reservationid": "RAR-YZR6", "orderType": "website"}}}
{"_id": "01946a1c-53c9-11ea-bc5e-b88a60e194fb", "timestamp": "2020-01-14T23:07:27.000Z", "eventType": "transaction", "_adobeamericaspot3": {"CRMID": "crmid:5796767439", "orderDetails": {"orderID": "orderid:666048", "reservationid": "XKV-XUIZ", "orderType": "call center"}}}
{"_id": "01963ed8-53c9-11ea-a0a8-b88a60e194fb", "timestamp": "2019-12-04T04:53:21.000Z", "eventType": "transaction", "_adobeamericaspot3": {"CRMID": "crmid:5376028997", "orderDetails": {"orderID": "orderid:173978", "reservationid": "BXJ-TWHK", "orderType": "call center"}}}
{"_id": "0198138a-53c9-11ea-bb0e-b88a60e194fb", "timestamp": "2020-01-16T21:01:28.000Z", "eventType": "transaction", "_adobeamericaspot3": {"CRMID": "crmid:5262978455", "orderDetails": {"orderID": "orderid:820334", "reservationid": "AON-YITS", "orderType": "service desk"}}}
{"_id": "019d6aa8-53c9-11ea-824d-b88a60e194fb", "timestamp": "2020-01-17T19:05:53.000Z", "eventType": "transaction", "_adobeamericaspot3": {"CRMID": "crmid:2168403228", "orderDetails": {"orderID": "orderid:682755", "reservationid": "GNJ-YSGU", "orderType": "kiosk"}}}
{"_id": "019fdba4-53c9-11ea-8fa0-b88a60e194fb", "timestamp": "2019-12-03T04:50:36.000Z", "eventType": "transaction", "_adobeamericaspot3": {"CRMID": "crmid:3921047197", "orderDetails": {"orderID": "orderid:656982", "reservationid": "53O-PGLN", "orderType": "call center"}}}
{"_id": "01a16262-53c9-11ea-8a64-b88a60e194fb", "timestamp": "2020-02-05T20:52:07.000Z", "eventType": "transaction", "_adobeamericaspot3": {"CRMID": "crmid:6660688494", "orderDetails": {"orderID": "orderid:191567", "reservationid": "POW-IYTH", "orderType": "website"}}}
{"_id": "01a31000-53c9-11ea-ae02-b88a60e194fb", "timestamp": "2019-12-13T15:47:24.000Z", "eventType": "transaction", "_adobeamericaspot3": {"CRMID": "crmid:1112575148", "orderDetails": {"orderID": "orderid:126651", "reservationid": "BHI-C8UD", "orderType": "kiosk"}}}
{"_id": "01a4969e-53c9-11ea-b5ad-b88a60e194fb", "timestamp": "2019-12-15T09:06:24.000Z", "eventType": "transaction", "_adobeamericaspot3": {"CRMID": "crmid:6167468508", "orderDetails": {"orderID": "orderid:660763", "reservationid": "HFO-CG7H", "orderType": "call center"}}}
{"_id": "01a4bdb6-53c9-11ea-92ee-b88a60e194fb", "timestamp": "2019-12-19T00:00:00.000Z", "eventType": "transaction", "_adobeamericaspot3": {"CRMID": "crmid:6167468508", "orderDetails": {"orderID": "orderid:306147", "reservationid": "P8F-ZF2M", "orderType": "mobile"}}}
{"_id": "01a61d38-53c9-11ea-85e3-b88a60e194fb", "timestamp": "2019-12-20T14:32:32.000Z", "eventType": "transaction", "_adobeamericaspot3": {"CRMID": "crmid:8008258498", "orderDetails": {"orderID": "orderid:252744", "reservationid": "ACT-69CE", "orderType": "call center"}}}
{"_id": "01a72eb0-53c9-11ea-8b2d-b88a60e194fb", "timestamp": "2020-02-11T14:24:08.000Z", "eventType": "transaction", "_adobeamericaspot3": {"CRMID": "crmid:2838278657", "orderDetails": {"orderID": "orderid:760695", "reservationid": "JXS-QWC8", "orderType": "website"}}}
{"_id": "01a88fa6-53c9-11ea-b66d-b88a60e194fb", "timestamp": "2020-01-01T19:08:06.000Z", "eventType": "transaction", "_adobeamericaspot3": {"CRMID": "crmid:5963886873", "orderDetails": {"orderID": "orderid:828381", "reservationid": "KH5-8FSR", "orderType": "website"}}}
{"_id": "01a9c6f0-53c9-11ea-b372-b88a60e194fb", "timestamp": "2020-01-10T09:06:54.000Z", "eventType": "transaction", "_adobeamericaspot3": {"CRMID": "crmid:2222900274", "orderDetails": {"orderID": "orderid:748149", "reservationid": "SZ1-94NN", "orderType": "website"}}}
{"_id": "01aaff40-53c9-11ea-8de6-b88a60e194fb", "timestamp": "2020-01-27T12:39:31.000Z", "eventType": "transaction", "_adobeamericaspot3": {"CRMID": "crmid:2817387922", "orderDetails": {"orderID": "orderid:497078", "reservationid": "TYZ-SAX0", "orderType": "kiosk"}}}
{"_id": "01ac10b0-53c9-11ea-82eb-b88a60e194fb", "timestamp": "2019-12-08T10:07:19.000Z", "eventType": "transaction", "_adobeamericaspot3": {"CRMID": "crmid:3369565081", "orderDetails": {"orderID": "orderid:501590", "reservationid": "DUF-WDTR", "orderType": "mobile"}}}
{"_id": "01ad221c-53c9-11ea-b6b3-b88a60e194fb", "timestamp": "2020-01-09T13:21:17.000Z", "eventType": "transaction", "_adobeamericaspot3": {"CRMID": "crmid:3444658206", "orderDetails": {"orderID": "orderid:847453", "reservationid": "IJO-ASWU", "orderType": "call center"}}}
{"_id": "01aea8c8-53c9-11ea-a97a-b88a60e194fb", "timestamp": "2019-12-18T15:44:52.000Z", "eventType": "transaction", "_adobeamericaspot3": {"CRMID": "crmid:8451970818", "orderDetails": {"orderID": "orderid:970493", "reservationid": "JDE-EHX9", "orderType": "call center"}}}
{"_id": "01b0085e-53c9-11ea-9031-b88a60e194fb", "timestamp": "2019-12-05T02:41:41.000Z", "eventType": "transaction", "_adobeamericaspot3": {"CRMID": "crmid:9452034304", "orderDetails": {"orderID": "orderid:493252", "reservationid": "IZJ-JLPU", "orderType": "website"}}}
{"_id": "01b02f70-53c9-11ea-a22f-b88a60e194fb", "timestamp": "2019-12-10T00:00:00.000Z", "eventType": "transaction", "_adobeamericaspot3": {"CRMID": "crmid:9452034304", "orderDetails": {"orderID": "orderid:537766", "reservationid": "R9W-YGZK", "orderType": "kiosk"}}}
{"_id": "01b18f02-53c9-11ea-8e3d-b88a60e194fb", "timestamp": "2020-01-20T10:36:03.000Z", "eventType": "transaction", "_adobeamericaspot3": {"CRMID": "crmid:1218489527", "orderDetails": {"orderID": "orderid:256075", "reservationid": "Y1U-58C0", "orderType": "call center"}}}
{"_id": "01b2c77a-53c9-11ea-9725-b88a60e194fb", "timestamp": "2020-01-03T14:37:31.000Z", "eventType": "transaction", "_adobeamericaspot3": {"CRMID": "crmid:5339884969", "orderDetails": {"orderID": "orderid:533772", "reservationid": "VVG-JJTB", "orderType": "kiosk"}}}
{"_id": "01b47538-53c9-11ea-bd27-b88a60e194fb", "timestamp": "2020-01-03T20:16:49.000Z", "eventType": "transaction", "_adobeamericaspot3": {"CRMID": "crmid:9559641692", "orderDetails": {"orderID": "orderid:777015", "reservationid": "HLL-RHCX", "orderType": "mobile"}}}
{"_id": "01b55f8c-53c9-11ea-8351-b88a60e194fb", "timestamp": "2020-01-31T15:29:02.000Z", "eventType": "transaction", "_adobeamericaspot3": {"CRMID": "crmid:4406579327", "orderDetails": {"orderID": "orderid:209914", "reservationid": "JWB-1BIT", "orderType": "service desk"}}}
{"_id": "01b649f4-53c9-11ea-9ae0-b88a60e194fb", "timestamp": "2020-01-08T08:38:29.000Z", "eventType": "transaction", "_adobeamericaspot3": {"CRMID": "crmid:5323611126", "orderDetails": {"orderID": "orderid:747736", "reservationid": "9UZ-HUOW", "orderType": "service desk"}}}
{"_id": "01b7344c-53c9-11ea-bb8e-b88a60e194fb", "timestamp": "2020-02-02T08:39:30.000Z", "eventType": "transaction", "_adobeamericaspot3": {"CRMID": "crmid:8015598954", "orderDetails": {"orderID": "orderid:780134", "reservationid": "M9J-VW4G", "orderType": "mobile"}}}
{"_id": "01b81eae-53c9-11ea-a056-b88a60e194fb", "timestamp": "2019-12-09T09:35:38.000Z", "eventType": "transaction", "_adobeamericaspot3": {"CRMID": "crmid:6623764337", "orderDetails": {"orderID": "orderid:595031", "reservationid": "7HR-P63B", "orderType": "mobile"}}}
{"_id": "01b93024-53c9-11ea-a569-b88a60e194fb", "timestamp": "2019-12-08T04:47:31.000Z", "eventType": "transaction", "_adobeamericaspot3": {"CRMID": "crmid:2498200065", "orderDetails": {"orderID": "orderid:689929", "reservationid": "JHN-EBCP", "orderType": "website"}}}
{"_id": "01ba8fe8-53c9-11ea-99e8-b88a60e194fb", "timestamp": "2019-12-02T06:49:52.000Z", "eventType": "transaction", "_adobeamericaspot3": {"CRMID": "crmid:3291685696", "orderDetails": {"orderID": "orderid:985940", "reservationid": "T3J-JYI9", "orderType": "website"}}}
{"_id": "01bbc81e-53c9-11ea-866c-b88a60e194fb", "timestamp": "2019-12-24T10:31:08.000Z", "eventType": "transaction", "_adobeamericaspot3": {"CRMID": "crmid:3775639107", "orderDetails": {"orderID": "orderid:881806", "reservationid": "AET-7MBK", "orderType": "website"}}}
{"_id": "01bcd99a-53c9-11ea-a065-b88a60e194fb", "timestamp": "2020-01-08T21:03:09.000Z", "eventType": "transaction", "_adobeamericaspot3": {"CRMID": "crmid:7211773548", "orderDetails": {"orderID": "orderid:872871", "reservationid": "TP6-KRO6", "orderType": "website"}}}
{"_id": "01bdc3f8-53c9-11ea-898b-b88a60e194fb", "timestamp": "2019-12-18T11:02:24.000Z", "eventType": "transaction", "_adobeamericaspot3": {"CRMID": "crmid:8099649612", "orderDetails": {"orderID": "orderid:234222", "reservationid": "LMU-HXVY", "orderType": "kiosk"}}}
{"_id": "01beae5a-53c9-11ea-a54b-b88a60e194fb", "timestamp": "2020-02-03T22:18:50.000Z", "eventType": "transaction", "_adobeamericaspot3": {"CRMID": "crmid:5285606763", "orderDetails": {"orderID": "orderid:531335", "reservationid": "4JF-LIAO", "orderType": "kiosk"}}}
{"_id": "01bfbfcc-53c9-11ea-925a-b88a60e194fb", "timestamp": "2020-01-23T19:44:05.000Z", "eventType": "transaction", "_adobeamericaspot3": {"CRMID": "crmid:7652558139", "orderDetails": {"orderID": "orderid:675151", "reservationid": "5TF-AEFD", "orderType": "mobile"}}}
{"_id": "01c0d13a-53c9-11ea-b70d-b88a60e194fb", "timestamp": "2020-02-16T11:51:42.000Z", "eventType": "transaction", "_adobeamericaspot3": {"CRMID": "crmid:1433592156", "orderDetails": {"orderID": "orderid:846776", "reservationid": "Z3E-YIXG", "orderType": "kiosk"}}}
{"_id": "01c1e2ca-53c9-11ea-8b72-b88a60e194fb", "timestamp": "2019-12-12T10:52:14.000Z", "eventType": "transaction", "_adobeamericaspot3": {"CRMID": "crmid:6927284094", "orderDetails": {"orderID": "orderid:388528", "reservationid": "2Q3-XESC", "orderType": "kiosk"}}}
{"_id": "01c2f44a-53c9-11ea-96ef-b88a60e194fb", "timestamp": "2020-01-02T17:11:44.000Z", "eventType": "transaction", "_adobeamericaspot3": {"CRMID": "crmid:4660936230", "orderDetails": {"orderID": "orderid:795472", "reservationid": "QSO-MQQI", "orderType": "kiosk"}}}
{"_id": "01c42cb0-53c9-11ea-a878-b88a60e194fb", "timestamp": "2020-02-08T20:58:53.000Z", "eventType": "transaction", "_adobeamericaspot3": {"CRMID": "crmid:5051609996", "orderDetails": {"orderID": "orderid:135632", "reservationid": "WFT-UJ9N", "orderType": "website"}}}
{"_id": "01c53e1c-53c9-11ea-bd72-b88a60e194fb", "timestamp": "2020-01-27T19:52:04.000Z", "eventType": "transaction", "_adobeamericaspot3": {"CRMID": "crmid:8065389275", "orderDetails": {"orderID": "orderid:796454", "reservationid": "VD9-CWGV", "orderType": "website"}}}
{"_id": "01c676ae-53c9-11ea-9348-b88a60e194fb", "timestamp": "2020-02-13T13:28:07.000Z", "eventType": "transaction", "_adobeamericaspot3": {"CRMID": "crmid:4616770786", "orderDetails": {"orderID": "orderid:578867", "reservationid": "QDN-CFMV", "orderType": "website"}}}
{"_id": "01c78824-53c9-11ea-a6cf-b88a60e194fb", "timestamp": "2020-01-29T12:43:39.000Z", "eventType": "transaction", "_adobeamericaspot3": {"CRMID": "crmid:1386231977", "orderDetails": {"orderID": "orderid:265853", "reservationid": "AZG-X3LR", "orderType": "website"}}}
{"_id": "01c89992-53c9-11ea-bc09-b88a60e194fb", "timestamp": "2020-02-03T07:01:50.000Z", "eventType": "transaction", "_adobeamericaspot3": {"CRMID": "crmid:6810029653", "orderDetails": {"orderID": "orderid:362115", "reservationid": "DYE-EVSZ", "orderType": "website"}}}
{"_id": "01c983fa-53c9-11ea-840b-b88a60e194fb", "timestamp": "2020-01-09T21:02:23.000Z", "eventType": "transaction", "_adobeamericaspot3": {"CRMID": "crmid:1045987637", "orderDetails": {"orderID": "orderid:843881", "reservationid": "AIQ-10GV", "orderType": "kiosk"}}}
{"_id": "01ca955e-53c9-11ea-8476-b88a60e194fb", "timestamp": "2019-12-29T02:32:59.000Z", "eventType": "transaction", "_adobeamericaspot3": {"CRMID": "crmid:3137767780", "orderDetails": {"orderID": "orderid:772438", "reservationid": "YOV-PSBC", "orderType": "mobile"}}}
{"_id": "01cbcdb6-53c9-11ea-b5bb-b88a60e194fb", "timestamp": "2020-02-02T00:20:48.000Z", "eventType": "transaction", "_adobeamericaspot3": {"CRMID": "crmid:4798466234", "orderDetails": {"orderID": "orderid:671584", "reservationid": "ZSS-WHWA", "orderType": "call center"}}}
{"_id": "01ccb81a-53c9-11ea-a84b-b88a60e194fb", "timestamp": "2020-01-11T05:22:08.000Z", "eventType": "transaction", "_adobeamericaspot3": {"CRMID": "crmid:9871598787", "orderDetails": {"orderID": "orderid:894397", "reservationid": "XZ0-TLMJ", "orderType": "call center"}}}
{"_id": "01cdf0e8-53c9-11ea-acdc-b88a60e194fb", "timestamp": "2020-01-28T14:57:23.000Z", "eventType": "transaction", "_adobeamericaspot3": {"CRMID": "crmid:1556231939", "orderDetails": {"orderID": "orderid:377287", "reservationid": "DNR-XZZG", "orderType": "kiosk"}}}
{"_id": "01cdf0e9-53c9-11ea-b622-b88a60e194fb", "timestamp": "2020-02-05T00:00:00.000Z", "eventType": "transaction", "_adobeamericaspot3": {"CRMID": "crmid:1556231939", "orderDetails": {"orderID": "orderid:199507", "reservationid": "AKY-PEYZ", "orderType": "mobile"}}}
{"_id": "01cf0202-53c9-11ea-b086-b88a60e194fb", "timestamp": "2019-12-05T03:39:19.000Z", "eventType": "transaction", "_adobeamericaspot3": {"CRMID": "crmid:4911302213", "orderDetails": {"orderID": "orderid:309431", "reservationid": "KCA-ULOR", "orderType": "kiosk"}}}
{"_id": "01d01374-53c9-11ea-be1c-b88a60e194fb", "timestamp": "2020-01-06T07:11:46.000Z", "eventType": "transaction", "_adobeamericaspot3": {"CRMID": "crmid:5563494612", "orderDetails": {"orderID": "orderid:154380", "reservationid": "O9X-MF2E", "orderType": "website"}}}
{"_id": "01d14bf6-53c9-11ea-8c52-b88a60e194fb", "timestamp": "2020-01-04T08:26:50.000Z", "eventType": "transaction", "_adobeamericaspot3": {"CRMID": "crmid:7112525563", "orderDetails": {"orderID": "orderid:792275", "reservationid": "QWD-1KXG", "orderType": "website"}}}
{"_id": "01d25d62-53c9-11ea-bbcc-b88a60e194fb", "timestamp": "2019-12-02T21:21:35.000Z", "eventType": "transaction", "_adobeamericaspot3": {"CRMID": "crmid:4034309073", "orderDetails": {"orderID": "orderid:124170", "reservationid": "Y3W-QYTH", "orderType": "website"}}}
{"_id": "01d347cc-53c9-11ea-a3dd-b88a60e194fb", "timestamp": "2019-12-06T15:13:26.000Z", "eventType": "transaction", "_adobeamericaspot3": {"CRMID": "crmid:9251118232", "orderDetails": {"orderID": "orderid:139366", "reservationid": "VKP-VPBI", "orderType": "kiosk"}}}
{"_id": "01d4804a-53c9-11ea-a3e8-b88a60e194fb", "timestamp": "2020-02-14T00:26:35.000Z", "eventType": "transaction", "_adobeamericaspot3": {"CRMID": "crmid:8824797531", "orderDetails": {"orderID": "orderid:675280", "reservationid": "1QU-PVTL", "orderType": "mobile"}}}
{"_id": "01d591ae-53c9-11ea-9aa2-b88a60e194fb", "timestamp": "2019-12-02T15:08:35.000Z", "eventType": "transaction", "_adobeamericaspot3": {"CRMID": "crmid:1037409627", "orderDetails": {"orderID": "orderid:468779", "reservationid": "J7A-CTBH", "orderType": "website"}}}
{"_id": "01d67c28-53c9-11ea-a25a-b88a60e194fb", "timestamp": "2020-01-09T01:45:13.000Z", "eventType": "transaction", "_adobeamericaspot3": {"CRMID": "crmid:4871297107", "orderDetails": {"orderID": "orderid:618620", "reservationid": "BT1-A4EV", "orderType": "call center"}}}
{"_id": "01d6a32e-53c9-11ea-8dd4-b88a60e194fb", "timestamp": "2020-01-14T00:00:00.000Z", "eventType": "transaction", "_adobeamericaspot3": {"CRMID": "crmid:4871297107", "orderDetails": {"orderID": "orderid:235570", "reservationid": "DV6-VUOJ", "orderType": "website"}}}
{"_id": "01d7b49c-53c9-11ea-8215-b88a60e194fb", "timestamp": "2020-01-03T17:37:18.000Z", "eventType": "transaction", "_adobeamericaspot3": {"CRMID": "crmid:4946742641", "orderDetails": {"orderID": "orderid:268670", "reservationid": "DDG-CI2B", "orderType": "kiosk"}}}
{"_id": "01d8c60c-53c9-11ea-b85f-b88a60e194fb", "timestamp": "2020-01-17T16:49:38.000Z", "eventType": "transaction", "_adobeamericaspot3": {"CRMID": "crmid:2696117044", "orderDetails": {"orderID": "orderid:918278", "reservationid": "WAG-7PPL", "orderType": "website"}}}
{"_id": "01d9b06e-53c9-11ea-acdd-b88a60e194fb", "timestamp": "2020-01-26T13:20:59.000Z", "eventType": "transaction", "_adobeamericaspot3": {"CRMID": "crmid:6064267744", "orderDetails": {"orderID": "orderid:508203", "reservationid": "HJV-APGV", "orderType": "service desk"}}}
{"_id": "01da9ad8-53c9-11ea-8bfe-b88a60e194fb", "timestamp": "2020-01-11T15:27:34.000Z", "eventType": "transaction", "_adobeamericaspot3": {"CRMID": "crmid:3518443537", "orderDetails": {"orderID": "orderid:939342", "reservationid": "DZE-ZPJZ", "orderType": "mobile"}}}
{"_id": "01dbac34-53c9-11ea-8806-b88a60e194fb", "timestamp": "2020-01-18T19:56:20.000Z", "eventType": "transaction", "_adobeamericaspot3": {"CRMID": "crmid:1164800123", "orderDetails": {"orderID": "orderid:273342", "reservationid": "1QE-D1ZV", "orderType": "service desk"}}}
{"_id": "01dcbdba-53c9-11ea-bae9-b88a60e194fb", "timestamp": "2020-01-03T04:46:27.000Z", "eventType": "transaction", "_adobeamericaspot3": {"CRMID": "crmid:1297899661", "orderDetails": {"orderID": "orderid:683591", "reservationid": "KFB-XD5P", "orderType": "call center"}}}
{"_id": "01ddcf40-53c9-11ea-87a9-b88a60e194fb", "timestamp": "2019-12-08T09:45:24.000Z", "eventType": "transaction", "_adobeamericaspot3": {"CRMID": "crmid:4418909386", "orderDetails": {"orderID": "orderid:613350", "reservationid": "FNP-8PWM", "orderType": "website"}}}
{"_id": "01df2eba-53c9-11ea-98f1-b88a60e194fb", "timestamp": "2019-12-30T17:43:47.000Z", "eventType": "transaction", "_adobeamericaspot3": {"CRMID": "crmid:8368484668", "orderDetails": {"orderID": "orderid:926230", "reservationid": "5N8-SFRF", "orderType": "call center"}}}
{"_id": "01e04034-53c9-11ea-8589-b88a60e194fb", "timestamp": "2019-12-21T16:21:46.000Z", "eventType": "transaction", "_adobeamericaspot3": {"CRMID": "crmid:1501162124", "orderDetails": {"orderID": "orderid:552030", "reservationid": "VFG-KS3K", "orderType": "call center"}}}
{"_id": "01e12ae4-53c9-11ea-a4ba-b88a60e194fb", "timestamp": "2019-12-05T20:44:36.000Z", "eventType": "transaction", "_adobeamericaspot3": {"CRMID": "crmid:1936781752", "orderDetails": {"orderID": "orderid:723151", "reservationid": "JGK-LSIS", "orderType": "website"}}}
{"_id": "01e23bfe-53c9-11ea-9075-b88a60e194fb", "timestamp": "2020-02-04T19:03:44.000Z", "eventType": "transaction", "_adobeamericaspot3": {"CRMID": "crmid:1036433381", "orderDetails": {"orderID": "orderid:676271", "reservationid": "PJW-OBWE", "orderType": "kiosk"}}}
{"_id": "01e34d86-53c9-11ea-a7fb-b88a60e194fb", "timestamp": "2019-12-13T13:44:42.000Z", "eventType": "transaction", "_adobeamericaspot3": {"CRMID": "crmid:5410992883", "orderDetails": {"orderID": "orderid:870250", "reservationid": "FBW-HCB7", "orderType": "website"}}}
{"_id": "01e437e6-53c9-11ea-a550-b88a60e194fb", "timestamp": "2020-01-30T03:19:56.000Z", "eventType": "transaction", "_adobeamericaspot3": {"CRMID": "crmid:5247489225", "orderDetails": {"orderID": "orderid:300877", "reservationid": "UXC-KF6N", "orderType": "call center"}}}
{"_id": "01e54952-53c9-11ea-8c5f-b88a60e194fb", "timestamp": "2020-02-02T17:52:42.000Z", "eventType": "transaction", "_adobeamericaspot3": {"CRMID": "crmid:1771980366", "orderDetails": {"orderID": "orderid:939414", "reservationid": "A0B-DY6U", "orderType": "call center"}}}
{"_id": "01e633ae-53c9-11ea-9454-b88a60e194fb", "timestamp": "2019-12-26T01:51:24.000Z", "eventType": "transaction", "_adobeamericaspot3": {"CRMID": "crmid:1653471605", "orderDetails": {"orderID": "orderid:785803", "reservationid": "HHK-RZ8X", "orderType": "mobile"}}}
{"_id": "01e7451e-53c9-11ea-87c8-b88a60e194fb", "timestamp": "2019-12-17T23:58:37.000Z", "eventType": "transaction", "_adobeamericaspot3": {"CRMID": "crmid:7642377933", "orderDetails": {"orderID": "orderid:817530", "reservationid": "WEC-MXZW", "orderType": "website"}}}
{"_id": "01e87d9a-53c9-11ea-ab8f-b88a60e194fb", "timestamp": "2020-02-03T08:15:29.000Z", "eventType": "transaction", "_adobeamericaspot3": {"CRMID": "crmid:3855096355", "orderDetails": {"orderID": "orderid:815293", "reservationid": "RAQ-PVUN", "orderType": "kiosk"}}}
{"_id": "01e9680a-53c9-11ea-984d-b88a60e194fb", "timestamp": "2020-01-04T16:59:59.000Z", "eventType": "transaction", "_adobeamericaspot3": {"CRMID": "crmid:6932934088", "orderDetails": {"orderID": "orderid:322506", "reservationid": "CWX-GBON", "orderType": "website"}}}
{"_id": "01e98f12-53c9-11ea-b3c8-b88a60e194fb", "timestamp": "2020-01-08T00:00:00.000Z", "eventType": "transaction", "_adobeamericaspot3": {"CRMID": "crmid:6932934088", "orderDetails": {"orderID": "orderid:126367", "reservationid": "OCY-SYZY", "orderType": "call center"}}}
{"_id": "01ea7976-53c9-11ea-8eda-b88a60e194fb", "timestamp": "2020-01-24T17:01:50.000Z", "eventType": "transaction", "_adobeamericaspot3": {"CRMID": "crmid:8182593128", "orderDetails": {"orderID": "orderid:179615", "reservationid": "JKX-COHH", "orderType": "mobile"}}}
{"_id": "01ebb1e4-53c9-11ea-b980-b88a60e194fb", "timestamp": "2019-12-02T10:03:00.000Z", "eventType": "transaction", "_adobeamericaspot3": {"CRMID": "crmid:5691425062", "orderDetails": {"orderID": "orderid:755148", "reservationid": "TGU-RTVL", "orderType": "call center"}}}
{"_id": "01ecc34c-53c9-11ea-b516-b88a60e194fb", "timestamp": "2019-12-04T13:18:38.000Z", "eventType": "transaction", "_adobeamericaspot3": {"CRMID": "crmid:1807175402", "orderDetails": {"orderID": "orderid:498037", "reservationid": "XCT-L1TQ", "orderType": "mobile"}}}
{"_id": "01edadbe-53c9-11ea-a651-b88a60e194fb", "timestamp": "2020-02-05T22:48:33.000Z", "eventType": "transaction", "_adobeamericaspot3": {"CRMID": "crmid:1447608079", "orderDetails": {"orderID": "orderid:709119", "reservationid": "TYO-CUU3", "orderType": "mobile"}}}
{"_id": "01eebf2e-53c9-11ea-8e24-b88a60e194fb", "timestamp": "2020-02-10T18:12:11.000Z", "eventType": "transaction", "_adobeamericaspot3": {"CRMID": "crmid:9893524004", "orderDetails": {"orderID": "orderid:181216", "reservationid": "V46-YZXS", "orderType": "website"}}}
{"_id": "01efa99c-53c9-11ea-8df4-b88a60e194fb", "timestamp": "2019-12-14T22:47:09.000Z", "eventType": "transaction", "_adobeamericaspot3": {"CRMID": "crmid:5417982091", "orderDetails": {"orderID": "orderid:997918", "reservationid": "G0R-IU3H", "orderType": "call center"}}}
{"_id": "01f0baec-53c9-11ea-a100-b88a60e194fb", "timestamp": "2020-02-06T12:00:29.000Z", "eventType": "transaction", "_adobeamericaspot3": {"CRMID": "crmid:3477045684", "orderDetails": {"orderID": "orderid:984147", "reservationid": "ENK-TKWB", "orderType": "website"}}}
{"_id": "01f1cc76-53c9-11ea-bab7-b88a60e194fb", "timestamp": "2020-01-11T03:32:50.000Z", "eventType": "transaction", "_adobeamericaspot3": {"CRMID": "crmid:3598542298", "orderDetails": {"orderID": "orderid:605215", "reservationid": "DHI-UOA2", "orderType": "call center"}}}
{"_id": "01f304ee-53c9-11ea-9a69-b88a60e194fb", "timestamp": "2020-01-13T08:03:38.000Z", "eventType": "transaction", "_adobeamericaspot3": {"CRMID": "crmid:8548737869", "orderDetails": {"orderID": "orderid:701141", "reservationid": "NJB-7GZG", "orderType": "website"}}}
{"_id": "01f4165e-53c9-11ea-b79e-b88a60e194fb", "timestamp": "2020-02-04T23:17:01.000Z", "eventType": "transaction", "_adobeamericaspot3": {"CRMID": "crmid:3326006506", "orderDetails": {"orderID": "orderid:684345", "reservationid": "LOW-6UM6", "orderType": "website"}}}
{"_id": "01f500a8-53c9-11ea-aa3f-b88a60e194fb", "timestamp": "2019-12-08T17:04:12.000Z", "eventType": "transaction", "_adobeamericaspot3": {"CRMID": "crmid:5999970163", "orderDetails": {"orderID": "orderid:138109", "reservationid": "PLG-Y6EX", "orderType": "kiosk"}}}
{"_id": "01f6122e-53c9-11ea-95fa-b88a60e194fb", "timestamp": "2020-01-09T03:12:26.000Z", "eventType": "transaction", "_adobeamericaspot3": {"CRMID": "crmid:8981091318", "orderDetails": {"orderID": "orderid:346210", "reservationid": "BX2-EQKT", "orderType": "website"}}}
{"_id": "01f6fc8a-53c9-11ea-8589-b88a60e194fb", "timestamp": "2020-01-22T15:26:27.000Z", "eventType": "transaction", "_adobeamericaspot3": {"CRMID": "crmid:9038767109", "orderDetails": {"orderID": "orderid:163996", "reservationid": "DXI-VTL4", "orderType": "website"}}}
{"_id": "01f7e6e6-53c9-11ea-b98a-b88a60e194fb", "timestamp": "2020-02-13T22:53:40.000Z", "eventType": "transaction", "_adobeamericaspot3": {"CRMID": "crmid:2077089849", "orderDetails": {"orderID": "orderid:153923", "reservationid": "DWG-GPKP", "orderType": "mobile"}}}
{"_id": "01f8f85a-53c9-11ea-9b54-b88a60e194fb", "timestamp": "2020-01-21T10:21:43.000Z", "eventType": "transaction", "_adobeamericaspot3": {"CRMID": "crmid:3452402519", "orderDetails": {"orderID": "orderid:609736", "reservationid": "S8N-Q3YE", "orderType": "mobile"}}}
{"_id": "01f9e2c6-53c9-11ea-ad09-b88a60e194fb", "timestamp": "2020-01-09T12:25:05.000Z", "eventType": "transaction", "_adobeamericaspot3": {"CRMID": "crmid:3967215839", "orderDetails": {"orderID": "orderid:544471", "reservationid": "ZJW-WR94", "orderType": "mobile"}}}
{"_id": "01faf43a-53c9-11ea-8ede-b88a60e194fb", "timestamp": "2020-01-30T05:06:59.000Z", "eventType": "transaction", "_adobeamericaspot3": {"CRMID": "crmid:6403750516", "orderDetails": {"orderID": "orderid:291236", "reservationid": "VEU-GQOI", "orderType": "call center"}}}
{"_id": "01fc0590-53c9-11ea-b563-b88a60e194fb", "timestamp": "2020-02-15T05:23:14.000Z", "eventType": "transaction", "_adobeamericaspot3": {"CRMID": "crmid:6210052850", "orderDetails": {"orderID": "orderid:981890", "reservationid": "POW-OLBZ", "orderType": "kiosk"}}}
{"_id": "01fceffe-53c9-11ea-8ca8-b88a60e194fb", "timestamp": "2019-12-11T03:57:41.000Z", "eventType": "transaction", "_adobeamericaspot3": {"CRMID": "crmid:4432645907", "orderDetails": {"orderID": "orderid:402724", "reservationid": "OMS-S0FN", "orderType": "website"}}}
{"_id": "01fe4f8a-53c9-11ea-a13e-b88a60e194fb", "timestamp": "2020-01-07T21:22:16.000Z", "eventType": "transaction", "_adobeamericaspot3": {"CRMID": "crmid:7576004684", "orderDetails": {"orderID": "orderid:330594", "reservationid": "35L-6Z1T", "orderType": "service desk"}}}
{"_id": "01ffaf02-53c9-11ea-8874-b88a60e194fb", "timestamp": "2020-01-01T14:35:39.000Z", "eventType": "transaction", "_adobeamericaspot3": {"CRMID": "crmid:3412009623", "orderDetails": {"orderID": "orderid:741589", "reservationid": "Y2W-KOFB", "orderType": "call center"}}}
{"_id": "01ffd5f4-53c9-11ea-bd6b-b88a60e194fb", "timestamp": "2020-01-05T00:00:00.000Z", "eventType": "transaction", "_adobeamericaspot3": {"CRMID": "crmid:3412009623", "orderDetails": {"orderID": "orderid:638676", "reservationid": "CLF-0CBU", "orderType": "website"}}}
{"_id": "0200e8d2-53c9-11ea-b723-b88a60e194fb", "timestamp": "2019-12-05T00:16:16.000Z", "eventType": "transaction", "_adobeamericaspot3": {"CRMID": "crmid:4438673767", "orderDetails": {"orderID": "orderid:475114", "reservationid": "HEX-GPIJ", "orderType": "service desk"}}}
{"_id": "0201d350-53c9-11ea-8bb6-b88a60e194fb", "timestamp": "2019-12-24T07:34:36.000Z", "eventType": "transaction", "_adobeamericaspot3": {"CRMID": "crmid:2813739940", "orderDetails": {"orderID": "orderid:973684", "reservationid": "AJX-KVWV", "orderType": "kiosk"}}}
{"_id": "0202bda4-53c9-11ea-bbe8-b88a60e194fb", "timestamp": "2020-01-17T06:40:39.000Z", "eventType": "transaction", "_adobeamericaspot3": {"CRMID": "crmid:1045257331", "orderDetails": {"orderID": "orderid:419950", "reservationid": "CH3-NDFD", "orderType": "call center"}}}
{"_id": "0203d00c-53c9-11ea-aced-b88a60e194fb", "timestamp": "2019-12-06T00:36:55.000Z", "eventType": "transaction", "_adobeamericaspot3": {"CRMID": "crmid:9408562094", "orderDetails": {"orderID": "orderid:273489", "reservationid": "KHZ-XEPN", "orderType": "call center"}}}
{"_id": "0204e09a-53c9-11ea-87b4-b88a60e194fb", "timestamp": "2020-01-13T10:43:26.000Z", "eventType": "transaction", "_adobeamericaspot3": {"CRMID": "crmid:9576309407", "orderDetails": {"orderID": "orderid:218689", "reservationid": "UJT-IVTX", "orderType": "call center"}}}
{"_id": "0204e09b-53c9-11ea-a716-b88a60e194fb", "timestamp": "2020-01-18T00:00:00.000Z", "eventType": "transaction", "_adobeamericaspot3": {"CRMID": "crmid:9576309407", "orderDetails": {"orderID": "orderid:626423", "reservationid": "HX2-SCUV", "orderType": "kiosk"}}}
{"_id": "0205cae2-53c9-11ea-b6d1-b88a60e194fb", "timestamp": "2019-12-26T18:29:15.000Z", "eventType": "transaction", "_adobeamericaspot3": {"CRMID": "crmid:4327675458", "orderDetails": {"orderID": "orderid:711753", "reservationid": "Z4P-375N", "orderType": "website"}}}
