id,reservationid,orderid,crmid,timestamp,orderType,productsku,hotelCheckInUnix,hotelCheckOutUnix,hotelCheckInTS,hotelCheckOutTS,hotelName,hotelChain,hotelLocation,hotelRoomType,hotelRoomCount,hotelGuestAdultCount,hotelGuestChildCount,hotelNightCount,hotelRoomPrice,hotelFinalPrice
fa356d34-7dd9-11ea-b895-b88a60e194fb,1GK-LHXV,orderid:377242,crmid:2660650818,2020-03-18T01:46:53.000Z,service desk,prd1129,1586656013,1587952013,2020-04-12T01:46:53.000Z,2020-04-27T01:46:53.000Z,Admiralty Plaza: Helsinki,Admiralty Plaza,Helsinki,standard,1,1,0,15,183.47,2752.05
fa3741a2-7dd9-11ea-81e4-b88a60e194fb,YNE-9CBV,orderid:424693,crmid:2057138729,2020-03-09T03:21:16.000Z,kiosk,prd1082,1585884076,1586402476,2020-04-03T03:21:16.000Z,2020-04-09T03:21:16.000Z,Blue Reef Resort: Surat,Blue Reef Resort,Surat,standard,1,1,0,6,85.57,513.42
fa393d88-7dd9-11ea-b9a1-b88a60e194fb,W7B-YEQJ,orderid:510190,crmid:1926900070,2020-03-10T10:54:11.000Z,kiosk,prd1103,1585997651,1587120851,2020-04-04T10:54:11.000Z,2020-04-17T10:54:11.000Z,Nesting Box Inn: Hamburg,Nesting Box Inn,Hamburg,premium,1,1,0,13,130.48,1696.24
fa3aeb28-7dd9-11ea-8c80-b88a60e194fb,21T-CBGN,orderid:767237,crmid:1928763233,2020-03-26T04:46:17.000Z,service desk,prd1009,1587012377,1588135577,2020-04-16T04:46:17.000Z,2020-04-29T04:46:17.000Z,Admiralty Plaza: San Antonio,Admiralty Plaza,San Antonio,standard,1,1,0,13,95.28,1238.64
fa3ce880-7dd9-11ea-b07a-b88a60e194fb,RRK-MXBG,orderid:844992,crmid:8697899572,2020-03-03T08:23:10.000Z,call center,prd1034,1585383790,1585815790,2020-03-28T08:23:10.000Z,2020-04-02T08:23:10.000Z,Blue Reef Resort: Albuquerque,Blue Reef Resort,Albuquerque,standard,1,1,0,5,170.62,853.1
fa3ebd5a-7dd9-11ea-a234-b88a60e194fb,OGK-CCTN,orderid:383982,crmid:5124324091,2020-03-29T07:02:22.000Z,service desk,prd1045,1587625342,1588230142,2020-04-23T07:02:22.000Z,2020-04-30T07:02:22.000Z,Admiralty Plaza: Miami,Admiralty Plaza,Miami,standard,1,1,2,7,136.74,957.18
fa41058c-7dd9-11ea-bf22-b88a60e194fb,V3V-PZLZ,orderid:191530,crmid:8378436566,2020-03-13T23:30:37.000Z,kiosk,prd1119,1584228637,1584574237,2020-03-14T23:30:37.000Z,2020-03-18T23:30:37.000Z,Hospitality Inn: Turin,Hospitality Inn,Turin,standard,1,1,0,4,154.07,616.28
fa43767a-7dd9-11ea-8b4b-b88a60e194fb,SPK-V3FP,orderid:454164,crmid:3044995649,2020-03-03T18:22:55.000Z,mobile,prd1047,1585246975,1585938175,2020-03-26T18:22:55.000Z,2020-04-03T18:22:55.000Z,Hospitality Inn: Oakland,Hospitality Inn,Oakland,premium,1,1,0,8,159.7,1277.6
fa45c062-7dd9-11ea-9c1d-b88a60e194fb,0KZ-WGUG,orderid:744567,crmid:2625652371,2020-03-19T08:02:24.000Z,kiosk,prd1105,1587024144,1587369744,2020-04-16T08:02:24.000Z,2020-04-20T08:02:24.000Z,Admiralty Plaza: Barcelona,Admiralty Plaza,Barcelona,standard,1,1,0,4,140.46,561.84
fa47bc40-7dd9-11ea-bf56-b88a60e194fb,ETV-KJTM,orderid:850924,crmid:3169136325,2020-03-15T22:15:38.000Z,kiosk,prd1148,1586729738,1587593738,2020-04-12T22:15:38.000Z,2020-04-22T22:15:38.000Z,Aspen Heights: Jacksonville,Aspen Heights,Jacksonville,premium,1,1,0,10,183.36,1833.6
fa4990ee-7dd9-11ea-be1b-b88a60e194fb,Z9I-XA6P,orderid:468575,crmid:2706863178,2020-03-11T12:25:09.000Z,call center,prd1020,1584015909,1584188709,2020-03-12T12:25:09.000Z,2020-03-14T12:25:09.000Z,Repose Resort: Seattle,Repose Resort,Seattle,standard,1,1,0,2,118.96,237.92
fa4bb3d8-7dd9-11ea-ab8e-b88a60e194fb,4IT-M6UR,orderid:590701,crmid:1041804494,2020-03-09T06:45:45.000Z,call center,prd1104,1585723545,1586241945,2020-04-01T06:45:45.000Z,2020-04-07T06:45:45.000Z,Repose Resort: Warsaw,Repose Resort,Warsaw,standard,1,1,0,6,102.79,616.74
fa4d3a74-7dd9-11ea-8af8-b88a60e194fb,SSL-VZW6,orderid:712148,crmid:8366217551,2020-03-10T02:35:37.000Z,kiosk,prd1117,1585967737,1586918137,2020-04-04T02:35:37.000Z,2020-04-15T02:35:37.000Z,Admiralty Plaza: Dublin,Admiralty Plaza,Dublin,standard,1,1,0,11,100.99,1110.89
fa4ec118-7dd9-11ea-9c3b-b88a60e194fb,V64-JHF8,orderid:717730,crmid:8529556432,2020-03-21T11:26:49.000Z,kiosk,prd1082,1586950009,1587641209,2020-04-15T11:26:49.000Z,2020-04-23T11:26:49.000Z,Blue Reef Resort: Surat,Blue Reef Resort,Surat,standard,1,1,0,8,116.88,935.04
fa506ea4-7dd9-11ea-b791-b88a60e194fb,FOK-DQ42,orderid:699634,crmid:9836902265,2020-03-25T05:59:12.000Z,call center,prd1190,1585807152,1586498352,2020-04-02T05:59:12.000Z,2020-04-10T05:59:12.000Z,Blue Reef Resort: Aurora,Blue Reef Resort,Aurora,standard,1,1,0,8,125.19,1001.52
fa52b8b0-7dd9-11ea-806a-b88a60e194fb,IOX-MXIH,orderid:904875,crmid:8584839743,2020-03-13T23:36:43.000Z,call center,prd1165,1585870603,1586389003,2020-04-02T23:36:43.000Z,2020-04-08T23:36:43.000Z,Admiralty Plaza: Louisville,Admiralty Plaza,Louisville,premium,1,1,0,6,151.94,911.64
fa550294-7dd9-11ea-8de1-b88a60e194fb,GEA-EWX0,orderid:344220,crmid:2491239935,2020-03-17T10:28:24.000Z,kiosk,prd1011,1584613704,1584786504,2020-03-19T10:28:24.000Z,2020-03-21T10:28:24.000Z,Hospitality Inn: Dallas,Hospitality Inn,Dallas,standard,1,1,0,2,148.68,297.36
fa572582-7dd9-11ea-ae64-b88a60e194fb,YJI-8T2H,orderid:569802,crmid:2061346792,2020-03-21T06:09:45.000Z,call center,prd1139,1587190185,1587967785,2020-04-18T06:09:45.000Z,2020-04-27T06:09:45.000Z,Nesting Box Inn: Nairobi,Nesting Box Inn,Nairobi,standard,1,1,3,9,116.65,1049.85
fa58ac22-7dd9-11ea-ab97-b88a60e194fb,KMS-VXOI,orderid:990323,crmid:5506346944,2020-03-22T14:04:37.000Z,call center,prd1021,1587045877,1587564277,2020-04-16T14:04:37.000Z,2020-04-22T14:04:37.000Z,Admiralty Plaza: Denver,Admiralty Plaza,Denver,presidential-suite,1,1,0,6,944.49,5666.94
fa5aa7f4-7dd9-11ea-b2c1-b88a60e194fb,PVY-WMJB,orderid:323433,crmid:9562099682,2020-03-22T17:41:22.000Z,mobile,prd1184,1586540482,1587145282,2020-04-10T17:41:22.000Z,2020-04-17T17:41:22.000Z,Aspen Heights: Arlington,Aspen Heights,Arlington,ultra-luxury,1,1,0,7,438.28,3067.96
fa5c7c9a-7dd9-11ea-a3b8-b88a60e194fb,HRP-GNUE,orderid:718592,crmid:1884747353,2020-03-03T15:56:39.000Z,call center,prd1040,1584201399,1584460599,2020-03-14T15:56:39.000Z,2020-03-17T15:56:39.000Z,Aspen Heights: Atlanta,Aspen Heights,Atlanta,premium,1,1,0,3,151.91,455.73
fa5e0342-7dd9-11ea-b39d-b88a60e194fb,QQW-ZNTZ,orderid:618139,crmid:6851075394,2020-03-04T02:15:15.000Z,kiosk,prd1141,1583806515,1584411315,2020-03-10T02:15:15.000Z,2020-03-17T02:15:15.000Z,Admiralty Plaza: Phoenix,Admiralty Plaza,Phoenix,standard,1,1,1,7,132.13,924.91
fa5fff0c-7dd9-11ea-8f5f-b88a60e194fb,GFM-387L,orderid:613897,crmid:8958273275,2020-03-02T23:55:57.000Z,kiosk,prd1100,1583711757,1584057357,2020-03-08T23:55:57.000Z,2020-03-12T23:55:57.000Z,Aspen Heights: Misk,Aspen Heights,Misk,premium,1,1,0,4,98.78,395.12
fa61d3ca-7dd9-11ea-8a71-b88a60e194fb,TQX-UGWB,orderid:118182,crmid:1963305963,2020-03-19T04:26:55.000Z,kiosk,prd1083,1586924815,1587875215,2020-04-15T04:26:55.000Z,2020-04-26T04:26:55.000Z,Hospitality Inn: Bangkok,Hospitality Inn,Bangkok,standard,1,1,0,11,157.69,1734.59
fa638178-7dd9-11ea-a555-b88a60e194fb,U4Q-KDNI,orderid:386572,crmid:8396443853,2020-03-11T15:57:35.000Z,mobile,prd1185,1586102255,1586707055,2020-04-05T15:57:35.000Z,2020-04-12T15:57:35.000Z,Sapphire Suites: New Orleans,Sapphire Suites,New Orleans,standard,1,1,0,7,144.0,1008.0
fa657d4a-7dd9-11ea-afd9-b88a60e194fb,DPS-CF80,orderid:980137,crmid:3202902458,2020-03-22T03:29:33.000Z,kiosk,prd1017,1585020573,1585106973,2020-03-24T03:29:33.000Z,2020-03-25T03:29:33.000Z,Sapphire Suites: Fort Worth,Sapphire Suites,Fort Worth,standard,1,1,0,1,122.0,122.0
fa677926-7dd9-11ea-877d-b88a60e194fb,WAU-J0EI,orderid:308288,crmid:4157174823,2020-03-16T12:28:37.000Z,mobile,prd1191,1586176117,1586867317,2020-04-06T12:28:37.000Z,2020-04-14T12:28:37.000Z,Hospitality Inn: Mumbai,Hospitality Inn,Mumbai,premium,1,1,0,8,120.45,963.6
fa699bfa-7dd9-11ea-b698-b88a60e194fb,NSK-V4RA,orderid:446560,crmid:6492336079,2020-03-06T11:25:02.000Z,mobile,prd1052,1585481102,1586085902,2020-03-29T11:25:02.000Z,2020-04-05T11:25:02.000Z,Aspen Heights: Wichita,Aspen Heights,Wichita,standard,1,1,3,7,159.97,1119.79
fa6b22a6-7dd9-11ea-a700-b88a60e194fb,SSR-CPTH,orderid:735779,crmid:4029319841,2020-03-12T21:18:28.000Z,service desk,prd1057,1586294308,1586985508,2020-04-07T21:18:28.000Z,2020-04-15T21:18:28.000Z,Admiralty Plaza: Mumbai,Admiralty Plaza,Mumbai,standard,1,1,0,8,132.86,1062.88
fa6cf754-7dd9-11ea-8123-b88a60e194fb,KHB-CSMO,orderid:563653,crmid:7050143698,2020-03-26T03:19:55.000Z,call center,prd1113,1587698395,1588303195,2020-04-24T03:19:55.000Z,2020-05-01T03:19:55.000Z,Sapphire Suites: Kazan,Sapphire Suites,Kazan,premium,1,1,0,7,138.8,971.6
fa6ecc12-7dd9-11ea-9c02-b88a60e194fb,Z9W-1NM6,orderid:386900,crmid:5891608421,2020-03-16T13:54:20.000Z,kiosk,prd1177,1585058060,1585576460,2020-03-24T13:54:20.000Z,2020-03-30T13:54:20.000Z,Admiralty Plaza: Raleigh,Admiralty Plaza,Raleigh,premium,1,1,0,6,153.28,919.68
fa7079e2-7dd9-11ea-b0c1-b88a60e194fb,FMS-MLCF,orderid:274745,crmid:1043202508,2020-03-20T08:41:09.000Z,call center,prd1123,1584952869,1585125669,2020-03-23T08:41:09.000Z,2020-03-25T08:41:09.000Z,Family Fun Hotels: Amsterdam,Family Fun Hotels,Amsterdam,standard,1,1,0,2,112.43,224.86
fa72277a-7dd9-11ea-adb0-b88a60e194fb,DTK-PACF,orderid:734253,crmid:5537041086,2020-03-05T20:00:39.000Z,call center,prd1117,1585166439,1585857639,2020-03-25T20:00:39.000Z,2020-04-02T20:00:39.000Z,Admiralty Plaza: Dublin,Admiralty Plaza,Dublin,standard,1,1,0,8,106.4,851.2
fa735ff0-7dd9-11ea-9c12-b88a60e194fb,MPM-4QFW,orderid:853939,crmid:9105329839,2020-03-02T04:12:32.000Z,kiosk,prd1105,1584850352,1585541552,2020-03-22T04:12:32.000Z,2020-03-30T04:12:32.000Z,Admiralty Plaza: Barcelona,Admiralty Plaza,Barcelona,premium,1,1,0,8,103.37,826.96
fa750d98-7dd9-11ea-92e0-b88a60e194fb,W6I-C2UY,orderid:467405,crmid:5799775550,2020-03-03T00:18:55.000Z,mobile,prd1095,1583713135,1584404335,2020-03-09T00:18:55.000Z,2020-03-17T00:18:55.000Z,Hospitality Inn: Casablanca,Hospitality Inn,Casablanca,standard,1,1,3,8,155.15,1241.2
fa76e264-7dd9-11ea-b7d9-b88a60e194fb,SNR-ULDX,orderid:437022,crmid:2874551180,2020-03-27T00:58:44.000Z,mobile,prd1081,1587344324,1587689924,2020-04-20T00:58:44.000Z,2020-04-24T00:58:44.000Z,Admiralty Plaza: Rod de Janeiro,Admiralty Plaza,Rod de Janeiro,premium,1,1,0,4,197.97,791.88
fa792c5c-7dd9-11ea-aff7-b88a60e194fb,MWK-8YHP,orderid:607835,crmid:4551471986,2020-03-08T01:13:41.000Z,call center,prd1011,1585444421,1586222021,2020-03-29T01:13:41.000Z,2020-04-07T01:13:41.000Z,Hospitality Inn: Dallas,Hospitality Inn,Dallas,standard,1,1,0,9,125.61,1130.49
fa7b011e-7dd9-11ea-bfd9-b88a60e194fb,10Q-KT6S,orderid:525102,crmid:1645790482,2020-03-08T08:52:13.000Z,call center,prd1052,1585471933,1586422333,2020-03-29T08:52:13.000Z,2020-04-09T08:52:13.000Z,Aspen Heights: Wichita,Aspen Heights,Wichita,standard,1,1,3,11,139.04,1529.44
fa7cd5e2-7dd9-11ea-9017-b88a60e194fb,0PP-VDMM,orderid:772896,crmid:3574040725,2020-03-10T22:55:46.000Z,kiosk,prd1121,1585781746,1586559346,2020-04-01T22:55:46.000Z,2020-04-10T22:55:46.000Z,Grandeur Hotels: Stockholm,Grandeur Hotels,Stockholm,standard,1,1,2,9,156.64,1409.76
fa7f46e6-7dd9-11ea-b17f-b88a60e194fb,HQ7-ZUJM,orderid:567829,crmid:5700716904,2020-03-31T03:37:23.000Z,mobile,prd1085,1587008243,1588649843,2020-04-16T03:37:23.000Z,2020-05-05T03:37:23.000Z,Grandeur Hotels: Saint Petersburg,Grandeur Hotels,Saint Petersburg,standard,1,1,0,19,109.29,2076.51
fa8142a8-7dd9-11ea-a9fb-b88a60e194fb,EF5-XLXY,orderid:204986,crmid:3260634501,2020-03-29T13:48:01.000Z,call center,prd1009,1587995281,1589118481,2020-04-27T13:48:01.000Z,2020-05-10T13:48:01.000Z,Admiralty Plaza: San Antonio,Admiralty Plaza,San Antonio,standard,1,1,2,13,114.02,1482.26
fa833e66-7dd9-11ea-8487-b88a60e194fb,EDX-FUYJ,orderid:754876,crmid:3150796422,2020-03-06T00:00:20.000Z,mobile,prd1141,1585699220,1585872020,2020-04-01T00:00:20.000Z,2020-04-03T00:00:20.000Z,Admiralty Plaza: Phoenix,Admiralty Plaza,Phoenix,premium,1,1,0,2,150.34,300.68
fa87ab42-7dd9-11ea-879d-b88a60e194fb,YQU-LQYN,orderid:113861,crmid:6452981652,2020-03-31T14:29:27.000Z,call center,prd1178,1587911367,1588429767,2020-04-26T14:29:27.000Z,2020-05-02T14:29:27.000Z,Blue Reef Resort: Colorado Springs,Blue Reef Resort,Colorado Springs,standard,1,1,0,6,114.81,688.86
fa897ff0-7dd9-11ea-8a98-b88a60e194fb,MM1-LRHJ,orderid:817772,crmid:7516021963,2020-03-24T09:23:31.000Z,kiosk,prd1143,1587461011,1587893011,2020-04-21T09:23:31.000Z,2020-04-26T09:23:31.000Z,Hospitality Inn: San Antonio,Hospitality Inn,San Antonio,premium,1,1,0,5,82.71,413.55
fa8b7bca-7dd9-11ea-adc5-b88a60e194fb,5ZS-OC7B,orderid:276150,crmid:9315274837,2020-03-23T14:36:04.000Z,mobile,prd1004,1586442964,1587047764,2020-04-09T14:36:04.000Z,2020-04-16T14:36:04.000Z,Aspen Heights: Boulder,Aspen Heights,Boulder,standard,1,1,0,7,148.5,1039.5
fa8d5086-7dd9-11ea-92a6-b88a60e194fb,LQN-5VGR,orderid:851046,crmid:7942798712,2020-03-12T07:14:06.000Z,mobile,prd1040,1584342846,1584861246,2020-03-16T07:14:06.000Z,2020-03-22T07:14:06.000Z,Aspen Heights: Atlanta,Aspen Heights,Atlanta,standard,1,1,0,6,138.07,828.42
fa8f2540-7dd9-11ea-9136-b88a60e194fb,F4D-AHQS,orderid:207454,crmid:3459747963,2020-03-19T12:33:17.000Z,call center,prd1124,1585398797,1586694797,2020-03-28T12:33:17.000Z,2020-04-12T12:33:17.000Z,Aspen Heights: Leeds,Aspen Heights,Leeds,standard,1,1,0,15,154.24,2313.6
fa90fa0c-7dd9-11ea-b5d4-b88a60e194fb,5PH-5RA9,orderid:959937,crmid:5707810667,2020-03-30T06:59:56.000Z,call center,prd1101,1585637996,1585724396,2020-03-31T06:59:56.000Z,2020-04-01T06:59:56.000Z,Sapphire Suites: Vienna,Sapphire Suites,Vienna,luxury,1,1,0,1,333.16,333.16
fa931ce6-7dd9-11ea-868f-b88a60e194fb,RQ9-UKG1,orderid:572768,crmid:2651507531,2020-03-25T00:40:01.000Z,call center,prd1118,1586306401,1586824801,2020-04-08T00:40:01.000Z,2020-04-14T00:40:01.000Z,Blue Reef Resort: Cologne,Blue Reef Resort,Cologne,premium,1,1,0,6,170.34,1022.04
fa94f19a-7dd9-11ea-81ac-b88a60e194fb,PAP-GEMI,orderid:333824,crmid:2813837658,2020-03-30T18:26:52.000Z,call center,prd1010,1585679212,1585852012,2020-03-31T18:26:52.000Z,2020-04-02T18:26:52.000Z,Blue Reef Resort: San Diego,Blue Reef Resort,San Diego,premium,1,1,0,2,125.39,250.78
fa9678f8-7dd9-11ea-b0b0-b88a60e194fb,S2F-PBIH,orderid:771960,crmid:2335719867,2020-03-20T21:06:44.000Z,mobile,prd1017,1586984804,1588194404,2020-04-15T21:06:44.000Z,2020-04-29T21:06:44.000Z,Sapphire Suites: Fort Worth,Sapphire Suites,Fort Worth,premium,1,1,0,14,188.64,2640.96
fa97d7d8-7dd9-11ea-9b26-b88a60e194fb,FFO-OWWY,orderid:391040,crmid:8458975384,2020-03-23T02:39:19.000Z,mobile,prd1069,1586313559,1587695959,2020-04-08T02:39:19.000Z,2020-04-24T02:39:19.000Z,Admiralty Plaza: Singapore,Admiralty Plaza,Singapore,luxury,1,1,0,16,303.1,4849.6
fa995e5c-7dd9-11ea-805c-b88a60e194fb,Y5O-ZB9N,orderid:256011,crmid:8755232475,2020-03-08T00:13:11.000Z,service desk,prd1119,1585527191,1586391191,2020-03-30T00:13:11.000Z,2020-04-09T00:13:11.000Z,Hospitality Inn: Turin,Hospitality Inn,Turin,premium,1,1,0,10,115.89,1158.9
fa9b0c2e-7dd9-11ea-95d8-b88a60e194fb,ANT-TBX1,orderid:570020,crmid:2836178947,2020-03-01T22:04:13.000Z,kiosk,prd1184,1585173853,1586124253,2020-03-25T22:04:13.000Z,2020-04-05T22:04:13.000Z,Aspen Heights: Arlington,Aspen Heights,Arlington,standard,1,1,0,11,138.75,1526.25
fa9c9308-7dd9-11ea-a1a7-b88a60e194fb,GKN-8FNF,orderid:541828,crmid:7182054534,2020-03-05T19:24:24.000Z,mobile,prd1154,1585509864,1586546664,2020-03-29T19:24:24.000Z,2020-04-10T19:24:24.000Z,Blue Reef Resort: Seattle,Blue Reef Resort,Seattle,standard,1,1,0,12,142.61,1711.32
fa9df240-7dd9-11ea-bfe9-b88a60e194fb,ADN-ISAF,orderid:948811,crmid:6334174897,2020-03-22T20:22:34.000Z,mobile,prd1062,1585513354,1586031754,2020-03-29T20:22:34.000Z,2020-04-04T20:22:34.000Z,Restful Nights: Moscow,Restful Nights,Moscow,premium,1,1,0,6,140.52,843.12
fa9f78e6-7dd9-11ea-8859-b88a60e194fb,ZGU-RTIP,orderid:240542,crmid:9555729324,2020-03-21T23:50:00.000Z,kiosk,prd1071,1586908200,1588377000,2020-04-14T23:50:00.000Z,2020-05-01T23:50:00.000Z,Hospitality Inn: Seoul,Hospitality Inn,Seoul,standard,1,1,0,17,155.68,2646.56
faa0ff88-7dd9-11ea-a35d-b88a60e194fb,26R-LIKX,orderid:514198,crmid:9622086252,2020-03-22T20:26:09.000Z,call center,prd1169,1584995169,1585167969,2020-03-23T20:26:09.000Z,2020-03-25T20:26:09.000Z,Grandeur Hotels: Tucson,Grandeur Hotels,Tucson,standard,1,1,0,2,111.46,222.92
faa2861e-7dd9-11ea-80f1-b88a60e194fb,Y6P-MA8K,orderid:898732,crmid:4222259087,2020-03-10T01:54:08.000Z,call center,prd1119,1584237248,1585360448,2020-03-15T01:54:08.000Z,2020-03-28T01:54:08.000Z,Hospitality Inn: Turin,Hospitality Inn,Turin,standard,1,1,0,13,174.61,2269.93
faa3e5b0-7dd9-11ea-9f49-b88a60e194fb,YKE-YZKT,orderid:807496,crmid:2980942542,2020-03-12T12:46:32.000Z,call center,prd1040,1584535592,1584881192,2020-03-18T12:46:32.000Z,2020-03-22T12:46:32.000Z,Aspen Heights: Atlanta,Aspen Heights,Atlanta,premium,1,1,0,4,136.26,545.04
faa5ba76-7dd9-11ea-a678-b88a60e194fb,RX2-CQCQ,orderid:139053,crmid:9157339080,2020-03-01T00:09:25.000Z,service desk,prd1052,1583194165,1583280565,2020-03-03T00:09:25.000Z,2020-03-04T00:09:25.000Z,Aspen Heights: Wichita,Aspen Heights,Wichita,standard,1,1,0,1,134.33,134.33
faa7411a-7dd9-11ea-889d-b88a60e194fb,KYE-UNGJ,orderid:649414,crmid:8461884014,2020-03-21T23:02:45.000Z,kiosk,prd1025,1586732565,1587596565,2020-04-12T23:02:45.000Z,2020-04-22T23:02:45.000Z,Grandeur Hotels: Detroit,Grandeur Hotels,Detroit,standard,1,1,0,10,137.92,1379.2
faa93cdc-7dd9-11ea-aa2d-b88a60e194fb,UDI-FQBT,orderid:400342,crmid:8943419497,2020-03-28T22:06:54.000Z,kiosk,prd1040,1587506814,1588025214,2020-04-21T22:06:54.000Z,2020-04-27T22:06:54.000Z,Aspen Heights: Atlanta,Aspen Heights,Atlanta,premium,1,1,0,6,140.97,845.82
faab11a2-7dd9-11ea-94b4-b88a60e194fb,ZV3-GHOL,orderid:486873,crmid:7916058414,2020-03-24T15:53:39.000Z,kiosk,prd1155,1586534019,1587052419,2020-04-10T15:53:39.000Z,2020-04-16T15:53:39.000Z,Hospitality Inn: Denver,Hospitality Inn,Denver,standard,1,1,0,6,126.65,759.9
faad0d68-7dd9-11ea-b50f-b88a60e194fb,X7N-REM6,orderid:360051,crmid:7440152626,2020-03-29T03:15:21.000Z,kiosk,prd1143,1588043721,1588562121,2020-04-28T03:15:21.000Z,2020-05-04T03:15:21.000Z,Hospitality Inn: San Antonio,Hospitality Inn,San Antonio,premium,1,1,0,6,125.37,752.22
faaf0954-7dd9-11ea-a93e-b88a60e194fb,CYX-AXFP,orderid:824378,crmid:2287690658,2020-03-25T14:06:15.000Z,kiosk,prd1033,1586873175,1587477975,2020-04-14T14:06:15.000Z,2020-04-21T14:06:15.000Z,Admiralty Plaza: Milwaukee,Admiralty Plaza,Milwaukee,standard,1,1,0,7,172.89,1210.23
fab0ddf0-7dd9-11ea-9e32-b88a60e194fb,LBA-HGIX,orderid:304385,crmid:3166072640,2020-03-30T22:18:32.000Z,call center,prd1033,1586989112,1587507512,2020-04-15T22:18:32.000Z,2020-04-21T22:18:32.000Z,Admiralty Plaza: Milwaukee,Admiralty Plaza,Milwaukee,standard,1,1,0,6,153.96,923.76
fab2b2b6-7dd9-11ea-878f-b88a60e194fb,MVX-USBJ,orderid:215019,crmid:5642797041,2020-03-04T07:42:24.000Z,kiosk,prd1052,1585294944,1586763744,2020-03-27T07:42:24.000Z,2020-04-13T07:42:24.000Z,Aspen Heights: Wichita,Aspen Heights,Wichita,standard,1,1,0,17,138.8,2359.6
fab4605e-7dd9-11ea-a9bf-b88a60e194fb,IQA-RXMP,orderid:916121,crmid:4392551692,2020-03-28T12:17:27.000Z,kiosk,prd1083,1585657047,1586521047,2020-03-31T12:17:27.000Z,2020-04-10T12:17:27.000Z,Hospitality Inn: Bangkok,Hospitality Inn,Bangkok,standard,1,1,0,10,135.39,1353.9
fab71f8c-7dd9-11ea-8df2-b88a60e194fb,SRN-OURK,orderid:830589,crmid:4373363973,2020-03-25T19:26:27.000Z,kiosk,prd1124,1587151587,1587756387,2020-04-17T19:26:27.000Z,2020-04-24T19:26:27.000Z,Aspen Heights: Leeds,Aspen Heights,Leeds,premium,1,1,2,7,191.99,1343.93
fab8cd28-7dd9-11ea-b77f-b88a60e194fb,CB8-BKO6,orderid:336325,crmid:3729069269,2020-03-10T20:10:11.000Z,call center,prd1079,1586463011,1586981411,2020-04-09T20:10:11.000Z,2020-04-15T20:10:11.000Z,Nesting Box Inn: Chennai,Nesting Box Inn,Chennai,premium,1,1,0,6,150.16,900.96
faba53dc-7dd9-11ea-9ab5-b88a60e194fb,PTD-NPEC,orderid:677692,crmid:2067946673,2020-03-13T04:51:31.000Z,mobile,prd1023,1584161491,1584247891,2020-03-14T04:51:31.000Z,2020-03-15T04:51:31.000Z,Hospitality Inn: Boston,Hospitality Inn,Boston,standard,1,1,0,1,96.97,96.97
fabc0186-7dd9-11ea-8623-b88a60e194fb,4LI-EYPM,orderid:115883,crmid:6044946476,2020-03-14T20:12:29.000Z,call center,prd1050,1584648749,1585253549,2020-03-19T20:12:29.000Z,2020-03-26T20:12:29.000Z,Restful Nights: Arlington,Restful Nights,Arlington,premium,1,1,0,7,133.62,935.34
fabdd64a-7dd9-11ea-a7ca-b88a60e194fb,7P2-R6G0,orderid:459478,crmid:7988523938,2020-03-20T10:05:09.000Z,call center,prd1077,1586685909,1587204309,2020-04-12T10:05:09.000Z,2020-04-18T10:05:09.000Z,Sapphire Suites: Cairo,Sapphire Suites,Cairo,standard,1,1,0,6,154.27,925.62
fabf83f4-7dd9-11ea-96bf-b88a60e194fb,U7M-Y8CF,orderid:193399,crmid:4244254457,2020-03-30T06:38:05.000Z,call center,prd1175,1587019085,1587796685,2020-04-16T06:38:05.000Z,2020-04-25T06:38:05.000Z,Nesting Box Inn: Long Beach,Nesting Box Inn,Long Beach,premium,1,1,0,9,131.03,1179.27
fac10a8c-7dd9-11ea-9056-b88a60e194fb,BKN-Z2XK,orderid:304699,crmid:7432731751,2020-03-23T03:21:46.000Z,call center,prd1155,1586229706,1586920906,2020-04-07T03:21:46.000Z,2020-04-15T03:21:46.000Z,Hospitality Inn: Denver,Hospitality Inn,Denver,standard,1,1,0,8,146.66,1173.28
fac2b834-7dd9-11ea-ac6a-b88a60e194fb,OGF-1ELF,orderid:914630,crmid:5214102543,2020-03-02T13:26:58.000Z,kiosk,prd1109,1583328418,1583501218,2020-03-04T13:26:58.000Z,2020-03-06T13:26:58.000Z,Grandeur Hotels: Belgrade,Grandeur Hotels,Belgrade,premium,1,1,0,2,141.89,283.78
fac3c99e-7dd9-11ea-8c9d-b88a60e194fb,4VI-BWO0,orderid:432893,crmid:5504608342,2020-03-25T12:15:43.000Z,mobile,prd1065,1585224943,1585397743,2020-03-26T12:15:43.000Z,2020-03-28T12:15:43.000Z,Sapphire Suites: Beijing,Sapphire Suites,Beijing,standard,1,1,0,2,163.33,326.66
fac5292c-7dd9-11ea-bf75-b88a60e194fb,ZAM-KWWH,orderid:249855,crmid:5119560567,2020-03-07T16:52:13.000Z,call center,prd1077,1584031933,1584723133,2020-03-12T16:52:13.000Z,2020-03-20T16:52:13.000Z,Sapphire Suites: Cairo,Sapphire Suites,Cairo,standard,1,1,0,8,152.48,1219.84
fac99612-7dd9-11ea-8fcc-b88a60e194fb,UVF-R2EI,orderid:253635,crmid:5245355696,2020-03-10T08:24:45.000Z,mobile,prd1047,1586075085,1586507085,2020-04-05T08:24:45.000Z,2020-04-10T08:24:45.000Z,Hospitality Inn: Oakland,Hospitality Inn,Oakland,standard,1,1,0,5,170.77,853.85
facaf59c-7dd9-11ea-9909-b88a60e194fb,XOR-AFXZ,orderid:427364,crmid:9580106669,2020-03-02T22:00:03.000Z,kiosk,prd1117,1583445603,1583704803,2020-03-05T22:00:03.000Z,2020-03-08T22:00:03.000Z,Admiralty Plaza: Dublin,Admiralty Plaza,Dublin,standard,1,1,0,3,141.54,424.62
facc0730-7dd9-11ea-9fbb-b88a60e194fb,OS4-BOJF,orderid:360758,crmid:8720751828,2020-03-27T11:20:46.000Z,call center,prd1009,1587381646,1587986446,2020-04-20T11:20:46.000Z,2020-04-27T11:20:46.000Z,Admiralty Plaza: San Antonio,Admiralty Plaza,San Antonio,premium,1,1,0,7,126.47,885.29
facdb4ca-7dd9-11ea-840e-b88a60e194fb,HBR-7B4Q,orderid:364174,crmid:8857238091,2020-03-03T11:47:03.000Z,kiosk,prd1033,1583322423,1583581623,2020-03-04T11:47:03.000Z,2020-03-07T11:47:03.000Z,Admiralty Plaza: Milwaukee,Admiralty Plaza,Milwaukee,standard,1,1,0,3,125.54,376.62
facf3b64-7dd9-11ea-8aa6-b88a60e194fb,OMU-EAL7,orderid:423917,crmid:1709933339,2020-03-04T19:08:56.000Z,mobile,prd1146,1583867336,1584472136,2020-03-10T19:08:56.000Z,2020-03-17T19:08:56.000Z,Restful Nights: San Jose,Restful Nights,San Jose,standard,1,1,0,7,97.7,683.9
fad0e908-7dd9-11ea-bdfc-b88a60e194fb,8EW-BWEI,orderid:988537,crmid:2139797397,2020-03-21T07:19:25.000Z,call center,prd1148,1586589565,1587194365,2020-04-11T07:19:25.000Z,2020-04-18T07:19:25.000Z,Aspen Heights: Jacksonville,Aspen Heights,Jacksonville,standard,1,1,3,7,110.92,776.44
fad27026-7dd9-11ea-98a3-b88a60e194fb,PKX-MOMG,orderid:335257,crmid:3055255072,2020-03-19T18:42:07.000Z,kiosk,prd1081,1586803327,1586976127,2020-04-13T18:42:07.000Z,2020-04-15T18:42:07.000Z,Admiralty Plaza: Rod de Janeiro,Admiralty Plaza,Rod de Janeiro,premium,1,1,0,2,87.07,174.14
fad41d52-7dd9-11ea-bb18-b88a60e194fb,4BQ-YFLD,orderid:294833,crmid:4136014799,2020-03-13T20:16:36.000Z,kiosk,prd1034,1584389796,1584562596,2020-03-16T20:16:36.000Z,2020-03-18T20:16:36.000Z,Blue Reef Resort: Albuquerque,Blue Reef Resort,Albuquerque,standard,1,1,0,2,151.91,303.82
fad5f20a-7dd9-11ea-8331-b88a60e194fb,LWG-XNZA,orderid:675913,crmid:8423819681,2020-03-04T04:03:28.000Z,mobile,prd1177,1585281808,1585713808,2020-03-27T04:03:28.000Z,2020-04-01T04:03:28.000Z,Admiralty Plaza: Raleigh,Admiralty Plaza,Raleigh,standard,1,1,0,5,111.09,555.45
fad7c6ca-7dd9-11ea-9227-b88a60e194fb,QCJ-FSH1,orderid:751556,crmid:8806385847,2020-03-31T08:37:39.000Z,mobile,prd1058,1585730259,1585816659,2020-04-01T08:37:39.000Z,2020-04-02T08:37:39.000Z,Blue Reef Resort: Delhi,Blue Reef Resort,Delhi,standard,1,1,0,1,186.24,186.24
fad97474-7dd9-11ea-9aa7-b88a60e194fb,3GG-KYLE,orderid:832103,crmid:1582425425,2020-03-11T01:41:58.000Z,call center,prd1148,1585705318,1586050918,2020-04-01T01:41:58.000Z,2020-04-05T01:41:58.000Z,Aspen Heights: Jacksonville,Aspen Heights,Jacksonville,standard,1,1,0,4,192.64,770.56
fadb4938-7dd9-11ea-84ae-b88a60e194fb,ULK-GNMC,orderid:724961,crmid:1616487287,2020-03-19T11:46:54.000Z,kiosk,prd1179,1586260014,1586864814,2020-04-07T11:46:54.000Z,2020-04-14T11:46:54.000Z,Hospitality Inn: Miami,Hospitality Inn,Miami,ultra-luxury,1,1,0,7,267.64,1873.48
fadcf6e2-7dd9-11ea-b284-b88a60e194fb,ACR-E8TL,orderid:595370,crmid:9505944105,2020-03-20T23:39:25.000Z,call center,prd1057,1586648365,1587166765,2020-04-11T23:39:25.000Z,2020-04-17T23:39:25.000Z,Admiralty Plaza: Mumbai,Admiralty Plaza,Mumbai,standard,1,1,4,6,124.58,747.48
fadea4b4-7dd9-11ea-9e33-b88a60e194fb,MAA-MY7E,orderid:386852,crmid:5017701743,2020-03-01T04:35:54.000Z,mobile,prd1021,1585197354,1585456554,2020-03-26T04:35:54.000Z,2020-03-29T04:35:54.000Z,Admiralty Plaza: Denver,Admiralty Plaza,Denver,premium,1,1,0,3,149.93,449.79
fae02b36-7dd9-11ea-a678-b88a60e194fb,P0C-PAOF,orderid:678007,crmid:5370088498,2020-03-13T23:21:28.000Z,call center,prd1047,1586042488,1586560888,2020-04-04T23:21:28.000Z,2020-04-10T23:21:28.000Z,Hospitality Inn: Oakland,Hospitality Inn,Oakland,standard,1,1,0,6,138.87,833.22
fae1b1d2-7dd9-11ea-a672-b88a60e194fb,WRM-9GXX,orderid:420366,crmid:1487488044,2020-03-11T15:44:40.000Z,service desk,prd1196,1585237480,1585669480,2020-03-26T15:44:40.000Z,2020-03-31T15:44:40.000Z,Aspen Heights: Moscow,Aspen Heights,Moscow,standard,1,1,0,5,153.57,767.85
fae38688-7dd9-11ea-b417-b88a60e194fb,E8Q-H2C4,orderid:383897,crmid:8270315294,2020-03-30T10:57:33.000Z,kiosk,prd1100,1587553053,1588330653,2020-04-22T10:57:33.000Z,2020-05-01T10:57:33.000Z,Aspen Heights: Misk,Aspen Heights,Misk,standard,1,1,0,9,117.76,1059.84
fae4e630-7dd9-11ea-a97d-b88a60e194fb,GUI-SJRM,orderid:726540,crmid:2294998410,2020-03-30T12:41:59.000Z,call center,prd1028,1587559319,1589200919,2020-04-22T12:41:59.000Z,2020-05-11T12:41:59.000Z,Aspen Heights: Portland,Aspen Heights,Portland,premium,1,1,0,19,133.15,2529.85
fae693c0-7dd9-11ea-9931-b88a60e194fb,I04-SNS2,orderid:214222,crmid:2992955844,2020-03-15T05:51:52.000Z,mobile,prd1082,1586411512,1586584312,2020-04-09T05:51:52.000Z,2020-04-11T05:51:52.000Z,Blue Reef Resort: Surat,Blue Reef Resort,Surat,standard,1,1,0,2,135.93,271.86
fae8689a-7dd9-11ea-8c3d-b88a60e194fb,E0I-DGXD,orderid:986185,crmid:1597970320,2020-03-24T02:03:42.000Z,call center,prd1165,1587261822,1587953022,2020-04-19T02:03:42.000Z,2020-04-27T02:03:42.000Z,Admiralty Plaza: Louisville,Admiralty Plaza,Louisville,standard,1,1,0,8,107.89,863.12
fae9ef1e-7dd9-11ea-83dd-b88a60e194fb,OHG-AAWC,orderid:996688,crmid:6203025310,2020-03-20T02:20:04.000Z,mobile,prd1094,1584757204,1584843604,2020-03-21T02:20:04.000Z,2020-03-22T02:20:04.000Z,Blue Reef Resort: Berlin,Blue Reef Resort,Berlin,premium,1,1,0,1,136.7,136.7
faeb75da-7dd9-11ea-a9b3-b88a60e194fb,DDH-XYDV,orderid:425273,crmid:8852122428,2020-03-02T02:26:02.000Z,kiosk,prd1081,1583202362,1583288762,2020-03-03T02:26:02.000Z,2020-03-04T02:26:02.000Z,Admiralty Plaza: Rod de Janeiro,Admiralty Plaza,Rod de Janeiro,standard,1,1,0,1,140.63,140.63
faed4a92-7dd9-11ea-88f3-b88a60e194fb,CQQ-LBE7,orderid:366473,crmid:6697963876,2020-03-31T11:08:43.000Z,mobile,prd1038,1587553723,1587899323,2020-04-22T11:08:43.000Z,2020-04-26T11:08:43.000Z,Restful Nights: Mesa,Restful Nights,Mesa,premium,1,1,0,4,167.27,669.08
faeed146-7dd9-11ea-af90-b88a60e194fb,FSX-TZ1D,orderid:389293,crmid:4943709342,2020-03-25T03:41:02.000Z,call center,prd1050,1585798862,1586922062,2020-04-02T03:41:02.000Z,2020-04-15T03:41:02.000Z,Restful Nights: Arlington,Restful Nights,Arlington,standard,1,1,0,13,166.67,2166.71
faf057ba-7dd9-11ea-be34-b88a60e194fb,2CT-0U9H,orderid:552343,crmid:1919487947,2020-03-21T06:35:10.000Z,kiosk,prd1160,1587278110,1588142110,2020-04-19T06:35:10.000Z,2020-04-29T06:35:10.000Z,Aspen Heights: Nashville,Aspen Heights,Nashville,standard,1,1,0,10,128.28,1282.8
faf1de6c-7dd9-11ea-af9e-b88a60e194fb,NUX-WWTZ,orderid:172446,crmid:8882374046,2020-03-03T00:12:33.000Z,call center,prd1141,1585354353,1586391153,2020-03-28T00:12:33.000Z,2020-04-09T00:12:33.000Z,Admiralty Plaza: Phoenix,Admiralty Plaza,Phoenix,ultra-luxury,1,1,0,12,300.37,3604.44
faf36506-7dd9-11ea-b0f4-b88a60e194fb,9UO-HVIU,orderid:390171,crmid:5696133851,2020-03-18T08:56:42.000Z,call center,prd1071,1587027402,1587200202,2020-04-16T08:56:42.000Z,2020-04-18T08:56:42.000Z,Hospitality Inn: Seoul,Hospitality Inn,Seoul,premium,1,1,1,2,176.01,352.02
faf4c4b8-7dd9-11ea-bbcf-b88a60e194fb,I3H-DY9I,orderid:857124,crmid:4585961774,2020-03-11T12:16:22.000Z,mobile,prd1155,1585397782,1585656982,2020-03-28T12:16:22.000Z,2020-03-31T12:16:22.000Z,Hospitality Inn: Denver,Hospitality Inn,Denver,luxury,1,1,0,3,305.12,915.36
faf5fd0a-7dd9-11ea-bdeb-b88a60e194fb,OOK-PQDB,orderid:541879,crmid:9543471085,2020-03-26T01:16:46.000Z,kiosk,prd1124,1585617406,1585790206,2020-03-31T01:16:46.000Z,2020-04-02T01:16:46.000Z,Aspen Heights: Leeds,Aspen Heights,Leeds,standard,1,1,0,2,136.73,273.46
faf7aac2-7dd9-11ea-82eb-b88a60e194fb,LMO-KDX6,orderid:700486,crmid:6497167402,2020-03-03T14:14:12.000Z,mobile,prd1005,1585318452,1586441652,2020-03-27T14:14:12.000Z,2020-04-09T14:14:12.000Z,Sapphire Suites: Los Angeles,Sapphire Suites,Los Angeles,standard,1,1,2,13,140.74,1829.62
faf8e336-7dd9-11ea-a07f-b88a60e194fb,WST-HOWV,orderid:137832,crmid:7098928924,2020-03-15T07:55:14.000Z,mobile,prd1045,1584345314,1584690914,2020-03-16T07:55:14.000Z,2020-03-20T07:55:14.000Z,Admiralty Plaza: Miami,Admiralty Plaza,Miami,premium,1,1,0,4,124.58,498.32
fafa4302-7dd9-11ea-9502-b88a60e194fb,IRV-3DW4,orderid:872121,crmid:1674674648,2020-03-25T04:28:17.000Z,call center,prd1051,1585283297,1585456097,2020-03-27T04:28:17.000Z,2020-03-29T04:28:17.000Z,Family Fun Hotels: New Orleans,Family Fun Hotels,New Orleans,standard,1,1,0,2,142.95,285.9
fafc178c-7dd9-11ea-92cf-b88a60e194fb,DRW-WRFY,orderid:536210,crmid:1068324045,2020-03-25T22:19:52.000Z,call center,prd1046,1585779592,1586038792,2020-04-01T22:19:52.000Z,2020-04-04T22:19:52.000Z,Blue Reef Resort: Virginia Beach,Blue Reef Resort,Virginia Beach,standard,1,1,0,3,119.97,359.91
fafd9e2e-7dd9-11ea-82f9-b88a60e194fb,FVF-L5SM,orderid:309547,crmid:4648682939,2020-03-12T13:50:57.000Z,call center,prd1011,1586353857,1586699457,2020-04-08T13:50:57.000Z,2020-04-12T13:50:57.000Z,Hospitality Inn: Dallas,Hospitality Inn,Dallas,presidential-suite,1,1,4,4,841.65,3366.6
faff4bd8-7dd9-11ea-b5ea-b88a60e194fb,HU1-MXJT,orderid:209463,crmid:2093478191,2020-03-25T02:04:53.000Z,kiosk,prd1034,1586138693,1587089093,2020-04-06T02:04:53.000Z,2020-04-17T02:04:53.000Z,Blue Reef Resort: Albuquerque,Blue Reef Resort,Albuquerque,standard,1,1,0,11,127.65,1404.15
fb00d28c-7dd9-11ea-87fe-b88a60e194fb,CNQ-IS8G,orderid:899936,crmid:9311454401,2020-03-25T14:26:02.000Z,kiosk,prd1088,1587047162,1588083962,2020-04-16T14:26:02.000Z,2020-04-28T14:26:02.000Z,Aspen Heights: Ankara,Aspen Heights,Ankara,premium,1,1,0,12,177.22,2126.64
fb02818c-7dd9-11ea-afc1-b88a60e194fb,ZAG-CDXL,orderid:536001,crmid:2145858184,2020-03-31T11:12:23.000Z,call center,prd1106,1585998743,1586171543,2020-04-04T11:12:23.000Z,2020-04-06T11:12:23.000Z,Blue Reef Resort: Munich,Blue Reef Resort,Munich,standard,1,1,0,2,170.42,340.84
fb042e12-7dd9-11ea-bfee-b88a60e194fb,HI3-6CCX,orderid:942300,crmid:7622098832,2020-03-25T11:44:20.000Z,call center,prd1195,1585309460,1585395860,2020-03-27T11:44:20.000Z,2020-03-28T11:44:20.000Z,Family Fun Hotels: Lahore,Family Fun Hotels,Lahore,premium,1,1,0,1,155.31,155.31
fb0602dc-7dd9-11ea-88f0-b88a60e194fb,847-SQ2F,orderid:196412,crmid:8877740664,2020-03-17T11:25:56.000Z,mobile,prd1055,1585481156,1586345156,2020-03-29T11:25:56.000Z,2020-04-08T11:25:56.000Z,Nesting Box Inn: Bakersfield,Nesting Box Inn,Bakersfield,standard,1,1,0,10,177.62,1776.2
fb07b064-7dd9-11ea-ac7b-b88a60e194fb,3JH-J7MC,orderid:447112,crmid:1819822680,2020-03-05T07:03:31.000Z,call center,prd1196,1583823811,1583996611,2020-03-10T07:03:31.000Z,2020-03-12T07:03:31.000Z,Aspen Heights: Moscow,Aspen Heights,Moscow,standard,1,1,0,2,148.12,296.24
fb0a4880-7dd9-11ea-9e1c-b88a60e194fb,FCS-QLFU,orderid:638550,crmid:6023406061,2020-03-09T13:48:57.000Z,kiosk,prd1046,1583848137,1584020937,2020-03-10T13:48:57.000Z,2020-03-12T13:48:57.000Z,Blue Reef Resort: Virginia Beach,Blue Reef Resort,Virginia Beach,premium,1,1,0,2,142.43,284.86
fb0ba9b4-7dd9-11ea-ae98-b88a60e194fb,CW3-AYBV,orderid:835174,crmid:8278441238,2020-03-25T01:52:56.000Z,call center,prd1155,1587174776,1588211576,2020-04-18T01:52:56.000Z,2020-04-30T01:52:56.000Z,Hospitality Inn: Denver,Hospitality Inn,Denver,standard,1,1,3,12,142.36,1708.32
fb0d0d1c-7dd9-11ea-9820-b88a60e194fb,FAE-YCUX,orderid:381339,crmid:7440652079,2020-03-11T00:41:08.000Z,mobile,prd1011,1585874468,1586911268,2020-04-03T00:41:08.000Z,2020-04-15T00:41:08.000Z,Hospitality Inn: Dallas,Hospitality Inn,Dallas,standard,1,1,0,12,130.67,1568.04
fb0eba8a-7dd9-11ea-b35c-b88a60e194fb,UP0-6RKP,orderid:517914,crmid:9327309579,2020-03-05T21:23:49.000Z,call center,prd1058,1583529829,1583702629,2020-03-06T21:23:49.000Z,2020-03-08T21:23:49.000Z,Blue Reef Resort: Delhi,Blue Reef Resort,Delhi,luxury,1,1,0,2,338.98,677.96
fb101a38-7dd9-11ea-aba9-b88a60e194fb,KYJ-2HMA,orderid:673079,crmid:2772862460,2020-03-03T07:40:54.000Z,call center,prd1172,1584690054,1585294854,2020-03-20T07:40:54.000Z,2020-03-27T07:40:54.000Z,Aspen Heights: Mesa,Aspen Heights,Mesa,standard,1,1,0,7,151.81,1062.67
fb11c7f6-7dd9-11ea-a579-b88a60e194fb,KWA-EBBZ,orderid:938494,crmid:3787299853,2020-03-29T03:03:48.000Z,kiosk,prd1081,1587179028,1587783828,2020-04-18T03:03:48.000Z,2020-04-25T03:03:48.000Z,Admiralty Plaza: Rod de Janeiro,Admiralty Plaza,Rod de Janeiro,standard,1,1,0,7,164.15,1149.05
fb132762-7dd9-11ea-80db-b88a60e194fb,ZLD-ODSH,orderid:236843,crmid:9279267984,2020-03-16T22:09:10.000Z,kiosk,prd1064,1585951750,1586556550,2020-04-03T22:09:10.000Z,2020-04-10T22:09:10.000Z,Aspen Heights: Paris,Aspen Heights,Paris,standard,1,1,1,7,143.32,1003.24
fb14adee-7dd9-11ea-9b6c-b88a60e194fb,ZF7-8U4C,orderid:125597,crmid:9454680540,2020-03-20T19:11:53.000Z,kiosk,prd1100,1584817913,1584904313,2020-03-21T19:11:53.000Z,2020-03-22T19:11:53.000Z,Aspen Heights: Misk,Aspen Heights,Misk,standard,1,1,0,1,149.87,149.87
fb165b9a-7dd9-11ea-b283-b88a60e194fb,V2D-JP5A,orderid:374479,crmid:9888108191,2020-03-03T12:16:37.000Z,call center,prd1021,1583324197,1583669797,2020-03-04T12:16:37.000Z,2020-03-08T12:16:37.000Z,Admiralty Plaza: Denver,Admiralty Plaza,Denver,standard,1,1,0,4,149.35,597.4
fb180988-7dd9-11ea-af9c-b88a60e194fb,J1I-EHLU,orderid:408009,crmid:7535688036,2020-03-29T22:48:23.000Z,kiosk,prd1045,1585954103,1586213303,2020-04-03T22:48:23.000Z,2020-04-06T22:48:23.000Z,Admiralty Plaza: Miami,Admiralty Plaza,Miami,premium,1,1,0,3,139.93,419.79
fb1a5340-7dd9-11ea-bf8e-b88a60e194fb,D7C-9BE9,orderid:222599,crmid:4501691088,2020-03-01T05:18:55.000Z,mobile,prd1099,1583644735,1584422335,2020-03-08T05:18:55.000Z,2020-03-17T05:18:55.000Z,Family Fun Hotels: Bucharest,Family Fun Hotels,Bucharest,standard,1,1,0,9,125.71,1131.39
fb1c764a-7dd9-11ea-a768-b88a60e194fb,4XG-QVTY,orderid:481556,crmid:1238869865,2020-03-31T01:40:42.000Z,call center,prd1105,1586310042,1586914842,2020-04-08T01:40:42.000Z,2020-04-15T01:40:42.000Z,Admiralty Plaza: Barcelona,Admiralty Plaza,Barcelona,standard,1,1,0,7,145.16,1016.12
fb1e721c-7dd9-11ea-bae3-b88a60e194fb,CUK-ECUK,orderid:458621,crmid:3815399036,2020-03-15T07:28:28.000Z,mobile,prd1073,1584430108,1584689308,2020-03-17T07:28:28.000Z,2020-03-20T07:28:28.000Z,Grandeur Hotels: Lima,Grandeur Hotels,Lima,standard,1,1,0,3,162.82,488.46
fb217f4c-7dd9-11ea-ab25-b88a60e194fb,3OS-WSAA,orderid:780618,crmid:7469888599,2020-03-03T04:24:27.000Z,kiosk,prd1100,1583555067,1583900667,2020-03-07T04:24:27.000Z,2020-03-11T04:24:27.000Z,Aspen Heights: Misk,Aspen Heights,Misk,standard,1,1,0,4,146.39,585.56
fb241742-7dd9-11ea-8d13-b88a60e194fb,HAV-A5VV,orderid:696394,crmid:2694500098,2020-03-11T23:45:25.000Z,kiosk,prd1050,1584488725,1585179925,2020-03-17T23:45:25.000Z,2020-03-25T23:45:25.000Z,Restful Nights: Arlington,Restful Nights,Arlington,standard,1,1,4,8,115.0,920.0
fb25ec10-7dd9-11ea-8d49-b88a60e194fb,6WG-9SN8,orderid:647427,crmid:7144403773,2020-03-19T23:36:56.000Z,call center,prd1165,1586389016,1587080216,2020-04-08T23:36:56.000Z,2020-04-16T23:36:56.000Z,Admiralty Plaza: Louisville,Admiralty Plaza,Louisville,standard,1,1,0,8,111.82,894.56
fb27c0e6-7dd9-11ea-84f7-b88a60e194fb,2IM-CKJG,orderid:261501,crmid:2989072976,2020-03-27T07:01:27.000Z,call center,prd1028,1587625287,1588230087,2020-04-23T07:01:27.000Z,2020-04-30T07:01:27.000Z,Aspen Heights: Portland,Aspen Heights,Portland,standard,1,1,0,7,111.18,778.26
fb29958c-7dd9-11ea-80a7-b88a60e194fb,OW9-MMR0,orderid:764695,crmid:5693218261,2020-03-09T02:18:11.000Z,call center,prd1123,1586139491,1587003491,2020-04-06T02:18:11.000Z,2020-04-16T02:18:11.000Z,Family Fun Hotels: Amsterdam,Family Fun Hotels,Amsterdam,standard,1,1,0,10,157.2,1572.0
fb2b4330-7dd9-11ea-ab1a-b88a60e194fb,AXS-QKVA,orderid:853235,crmid:7693069283,2020-03-28T18:57:31.000Z,kiosk,prd1001,1587495451,1587668251,2020-04-21T18:57:31.000Z,2020-04-23T18:57:31.000Z,Grandeur Hotels: New York,Grandeur Hotels,New York,standard,1,1,2,2,75.94,151.88
fb2d3f00-7dd9-11ea-967c-b88a60e194fb,HJA-QVCF,orderid:846017,crmid:1666805852,2020-03-07T14:45:17.000Z,kiosk,prd1141,1585493117,1585925117,2020-03-29T14:45:17.000Z,2020-04-03T14:45:17.000Z,Admiralty Plaza: Phoenix,Admiralty Plaza,Phoenix,ultra-luxury,1,1,0,5,364.86,1824.3
fb2eecac-7dd9-11ea-b604-b88a60e194fb,0RD-AI92,orderid:150363,crmid:6249641729,2020-03-16T14:10:45.000Z,call center,prd1128,1584454245,1584627045,2020-03-17T14:10:45.000Z,2020-03-19T14:10:45.000Z,Repose Resort: Rotterdam,Repose Resort,Rotterdam,luxury,1,1,0,2,404.18,808.36
fb309a5c-7dd9-11ea-9709-b88a60e194fb,DQO-IBJB,orderid:692525,crmid:1508780412,2020-03-07T11:19:32.000Z,kiosk,prd1129,1585480772,1587122372,2020-03-29T11:19:32.000Z,2020-04-17T11:19:32.000Z,Admiralty Plaza: Helsinki,Admiralty Plaza,Helsinki,standard,1,1,0,19,161.0,3059.0
fb32210a-7dd9-11ea-96e2-b88a60e194fb,YWV-QJHN,orderid:990028,crmid:4299128803,2020-03-30T17:12:12.000Z,kiosk,prd1047,1587661932,1588266732,2020-04-23T17:12:12.000Z,2020-04-30T17:12:12.000Z,Hospitality Inn: Oakland,Hospitality Inn,Oakland,standard,1,1,4,7,117.07,819.49
fb3443ca-7dd9-11ea-b9e7-b88a60e194fb,L9O-YHTC,orderid:372041,crmid:3054023418,2020-03-14T14:37:56.000Z,call center,prd1159,1585924676,1586097476,2020-04-03T14:37:56.000Z,2020-04-05T14:37:56.000Z,Family Fun Hotels: Detroit,Family Fun Hotels,Detroit,standard,1,1,0,2,182.07,364.14
fb35f21a-7dd9-11ea-9cec-b88a60e194fb,GC8-DH9F,orderid:541051,crmid:5902833461,2020-03-05T14:31:43.000Z,kiosk,prd1014,1583505103,1583937103,2020-03-06T14:31:43.000Z,2020-03-11T14:31:43.000Z,Restful Nights: Jacksonville,Restful Nights,Jacksonville,premium,1,1,0,5,121.51,607.55
fb379f38-7dd9-11ea-8e42-b88a60e194fb,BVU-T5XI,orderid:940077,crmid:8256129462,2020-03-16T22:38:53.000Z,kiosk,prd1106,1586817533,1587422333,2020-04-13T22:38:53.000Z,2020-04-20T22:38:53.000Z,Blue Reef Resort: Munich,Blue Reef Resort,Munich,standard,1,1,0,7,109.95,769.65
fb38febe-7dd9-11ea-b708-b88a60e194fb,L8F-VRXY,orderid:153552,crmid:6925043983,2020-03-16T19:00:10.000Z,service desk,prd1187,1584558010,1584730810,2020-03-18T19:00:10.000Z,2020-03-20T19:00:10.000Z,Nesting Box Inn: Cleveland,Nesting Box Inn,Cleveland,presidential-suite,1,1,0,2,854.67,1709.34
fb3a855e-7dd9-11ea-bb51-b88a60e194fb,D2S-ZJW8,orderid:883344,crmid:3354918499,2020-03-12T17:02:11.000Z,kiosk,prd1021,1586278931,1586451731,2020-04-07T17:02:11.000Z,2020-04-09T17:02:11.000Z,Admiralty Plaza: Denver,Admiralty Plaza,Denver,ultra-luxury,1,1,0,2,381.42,762.84
fb3be51c-7dd9-11ea-be02-b88a60e194fb,ATB-SWTR,orderid:507425,crmid:9651578221,2020-03-15T02:39:01.000Z,kiosk,prd1189,1586140741,1587523141,2020-04-06T02:39:01.000Z,2020-04-22T02:39:01.000Z,Admiralty Plaza: Bakersfield,Admiralty Plaza,Bakersfield,standard,1,1,0,16,176.3,2820.8
fb3d44ac-7dd9-11ea-9946-b88a60e194fb,JOQ-5HMV,orderid:554245,crmid:9224401887,2020-03-05T02:05:07.000Z,call center,prd1011,1583633107,1583719507,2020-03-08T02:05:07.000Z,2020-03-09T02:05:07.000Z,Hospitality Inn: Dallas,Hospitality Inn,Dallas,standard,1,1,0,1,107.9,107.9
fb3ea426-7dd9-11ea-9ef0-b88a60e194fb,5DL-3S5M,orderid:579473,crmid:6519943802,2020-03-26T11:15:06.000Z,call center,prd1028,1585480506,1585566906,2020-03-29T11:15:06.000Z,2020-03-30T11:15:06.000Z,Aspen Heights: Portland,Aspen Heights,Portland,standard,1,1,0,1,108.95,108.95
fb4003b4-7dd9-11ea-9348-b88a60e194fb,73K-ARLH,orderid:465262,crmid:7938003239,2020-03-27T11:36:25.000Z,call center,prd1070,1585395385,1585568185,2020-03-28T11:36:25.000Z,2020-03-30T11:36:25.000Z,Blue Reef Resort: Jakarta,Blue Reef Resort,Jakarta,premium,1,1,0,2,158.06,316.12
fb416358-7dd9-11ea-8c9b-b88a60e194fb,U5D-DHKU,orderid:856762,crmid:7015416319,2020-03-08T04:39:26.000Z,call center,prd1143,1583728766,1583815166,2020-03-09T04:39:26.000Z,2020-03-10T04:39:26.000Z,Hospitality Inn: San Antonio,Hospitality Inn,San Antonio,premium,1,1,0,1,137.88,137.88
fb42e9c8-7dd9-11ea-b35d-b88a60e194fb,PWA-OY15,orderid:918879,crmid:4685238606,2020-03-31T16:42:32.000Z,call center,prd1070,1588264952,1589560952,2020-04-30T16:42:32.000Z,2020-05-15T16:42:32.000Z,Blue Reef Resort: Jakarta,Blue Reef Resort,Jakarta,premium,1,1,0,15,179.63,2694.45
fb449780-7dd9-11ea-beee-b88a60e194fb,BU2-IBPN,orderid:226068,crmid:4269744503,2020-03-13T17:11:02.000Z,call center,prd1016,1586365862,1586797862,2020-04-08T17:11:02.000Z,2020-04-13T17:11:02.000Z,Aspen Heights: Columbus,Aspen Heights,Columbus,premium,1,1,3,5,125.9,629.5
fb466d06-7dd9-11ea-9546-b88a60e194fb,AIV-HTD9,orderid:204017,crmid:5514332591,2020-03-05T17:53:14.000Z,kiosk,prd1028,1583517194,1583689994,2020-03-06T17:53:14.000Z,2020-03-08T17:53:14.000Z,Aspen Heights: Portland,Aspen Heights,Portland,standard,1,1,0,2,95.56,191.12
fb47f2ca-7dd9-11ea-ab7e-b88a60e194fb,4QE-TEZM,orderid:753745,crmid:7569739653,2020-03-06T21:59:46.000Z,kiosk,prd1195,1583618386,1583704786,2020-03-07T21:59:46.000Z,2020-03-08T21:59:46.000Z,Family Fun Hotels: Lahore,Family Fun Hotels,Lahore,standard,1,1,0,1,149.43,149.43
fb481a6e-7dd9-11ea-bd7c-b88a60e194fb,U5O-WC1B,orderid:184913,crmid:7569739653,2020-03-10T00:00:00.000Z,service desk,prd1085,1583884800,1584057600,2020-03-11T00:00:00.000Z,2020-03-13T00:00:00.000Z,Grandeur Hotels: Saint Petersburg,Grandeur Hotels,Saint Petersburg,standard,1,1,0,2,145.36,290.72
fb4840f0-7dd9-11ea-84fe-b88a60e194fb,GSQ-ZIK6,orderid:424465,crmid:7569739653,2020-03-15T00:00:00.000Z,kiosk,prd1183,1584316800,1584662400,2020-03-16T00:00:00.000Z,2020-03-20T00:00:00.000Z,Family Fun Hotels: Tulsa,Family Fun Hotels,Tulsa,standard,1,1,0,4,134.84,539.36
fb49c7cc-7dd9-11ea-9e68-b88a60e194fb,R7X-4M7V,orderid:221724,crmid:8808970668,2020-03-17T09:13:34.000Z,call center,prd1161,1584609214,1584868414,2020-03-19T09:13:34.000Z,2020-03-22T09:13:34.000Z,Sapphire Suites: Memphis,Sapphire Suites,Memphis,standard,1,1,0,3,80.34,241.02
fb49eea8-7dd9-11ea-87e1-b88a60e194fb,OPM-F3LO,orderid:401076,crmid:8808970668,2020-03-24T00:00:00.000Z,kiosk,prd1130,1585094400,1585267200,2020-03-25T00:00:00.000Z,2020-03-27T00:00:00.000Z,Blue Reef Resort: Bremen,Blue Reef Resort,Bremen,standard,1,1,0,2,151.5,303.0
fb4b9c5c-7dd9-11ea-aeb6-b88a60e194fb,OTC-VC7U,orderid:527328,crmid:7945076265,2020-03-14T08:12:50.000Z,mobile,prd1189,1585987970,1586765570,2020-04-04T08:12:50.000Z,2020-04-13T08:12:50.000Z,Admiralty Plaza: Bakersfield,Admiralty Plaza,Bakersfield,standard,1,1,0,9,145.8,1312.2
fb4cfbdc-7dd9-11ea-8258-b88a60e194fb,2NR-B4AJ,orderid:861780,crmid:3079757630,2020-03-14T03:09:43.000Z,mobile,prd1167,1586228983,1586920183,2020-04-07T03:09:43.000Z,2020-04-15T03:09:43.000Z,Hospitality Inn: Milwaukee,Hospitality Inn,Milwaukee,standard,1,1,0,8,143.83,1150.64
fb4ea998-7dd9-11ea-8eab-b88a60e194fb,VV5-LDPI,orderid:248280,crmid:9892316186,2020-03-04T02:55:38.000Z,kiosk,prd1129,1585104938,1585709738,2020-03-25T02:55:38.000Z,2020-04-01T02:55:38.000Z,Admiralty Plaza: Helsinki,Admiralty Plaza,Helsinki,standard,1,1,0,7,131.02,917.14
fb5030ca-7dd9-11ea-af65-b88a60e194fb,X0W-LD2F,orderid:182060,crmid:3992239691,2020-03-14T08:55:32.000Z,mobile,prd1049,1585212932,1586595332,2020-03-26T08:55:32.000Z,2020-04-11T08:55:32.000Z,Grandeur Hotels: Tulsa,Grandeur Hotels,Tulsa,standard,1,1,4,16,124.85,1997.6
fb522c0a-7dd9-11ea-8dc3-b88a60e194fb,C0B-GWF9,orderid:930934,crmid:1071100860,2020-03-02T21:06:50.000Z,call center,prd1049,1585343210,1585775210,2020-03-27T21:06:50.000Z,2020-04-01T21:06:50.000Z,Grandeur Hotels: Tulsa,Grandeur Hotels,Tulsa,standard,1,1,2,5,147.08,735.4
fb5400da-7dd9-11ea-8773-b88a60e194fb,6CU-HNI1,orderid:771232,crmid:3357374286,2020-03-16T20:36:34.000Z,kiosk,prd1055,1586550994,1587501394,2020-04-10T20:36:34.000Z,2020-04-21T20:36:34.000Z,Nesting Box Inn: Bakersfield,Nesting Box Inn,Bakersfield,premium,1,1,0,11,138.84,1527.24
fb558768-7dd9-11ea-9de5-b88a60e194fb,CIK-DR73,orderid:615430,crmid:4367986726,2020-03-01T21:30:11.000Z,call center,prd1034,1583184611,1583443811,2020-03-02T21:30:11.000Z,2020-03-05T21:30:11.000Z,Blue Reef Resort: Albuquerque,Blue Reef Resort,Albuquerque,standard,1,1,0,3,111.79,335.37
fb581f76-7dd9-11ea-99df-b88a60e194fb,ETU-6A0C,orderid:498172,crmid:4394907496,2020-03-10T22:23:02.000Z,service desk,prd1034,1585693382,1586557382,2020-03-31T22:23:02.000Z,2020-04-10T22:23:02.000Z,Blue Reef Resort: Albuquerque,Blue Reef Resort,Albuquerque,standard,1,1,0,10,137.36,1373.6
fb59cd2e-7dd9-11ea-b9c3-b88a60e194fb,8ZU-AFCR,orderid:781887,crmid:7395629922,2020-03-18T20:34:18.000Z,kiosk,prd1035,1585773258,1586378058,2020-04-01T20:34:18.000Z,2020-04-08T20:34:18.000Z,Hospitality Inn: Tucson,Hospitality Inn,Tucson,standard,1,1,4,7,126.77,887.39
fb5bc8f8-7dd9-11ea-a8eb-b88a60e194fb,MK1-7ADS,orderid:900272,crmid:3360960747,2020-03-26T06:59:08.000Z,kiosk,prd1112,1585378748,1585724348,2020-03-28T06:59:08.000Z,2020-04-01T06:59:08.000Z,Aspen Heights: Birmingham,Aspen Heights,Birmingham,ultra-luxury,1,1,0,4,372.07,1488.28
fb5d7694-7dd9-11ea-872c-b88a60e194fb,PGF-WH87,orderid:665754,crmid:3650792625,2020-03-01T14:25:59.000Z,mobile,prd1033,1583245559,1583331959,2020-03-03T14:25:59.000Z,2020-03-04T14:25:59.000Z,Admiralty Plaza: Milwaukee,Admiralty Plaza,Milwaukee,premium,1,1,0,1,155.88,155.88
fb5f244a-7dd9-11ea-890b-b88a60e194fb,EKX-VXXR,orderid:682890,crmid:5520434005,2020-03-20T05:13:30.000Z,mobile,prd1079,1585458810,1585977210,2020-03-29T05:13:30.000Z,2020-04-04T05:13:30.000Z,Nesting Box Inn: Chennai,Nesting Box Inn,Chennai,standard,1,1,0,6,185.02,1110.12
fb61473a-7dd9-11ea-b913-b88a60e194fb,58T-LNIS,orderid:604188,crmid:3352661263,2020-03-02T06:36:25.000Z,call center,prd1137,1583217385,1583303785,2020-03-03T06:36:25.000Z,2020-03-04T06:36:25.000Z,Sapphire Suites: Manila,Sapphire Suites,Manila,standard,1,1,0,1,161.05,161.05
fb640650-7dd9-11ea-9b7a-b88a60e194fb,TPB-RMUH,orderid:233493,crmid:3421823708,2020-03-20T07:17:12.000Z,kiosk,prd1159,1585293432,1585639032,2020-03-27T07:17:12.000Z,2020-03-31T07:17:12.000Z,Family Fun Hotels: Detroit,Family Fun Hotels,Detroit,standard,1,1,0,4,171.48,685.92
fb66292e-7dd9-11ea-9f32-b88a60e194fb,RI6-PJVR,orderid:408379,crmid:4351931581,2020-03-31T14:52:30.000Z,kiosk,prd1067,1586098350,1586271150,2020-04-05T14:52:30.000Z,2020-04-07T14:52:30.000Z,Nesting Box Inn: Istanbul,Nesting Box Inn,Istanbul,ultra-luxury,1,1,0,2,366.58,733.16
fb67d6ca-7dd9-11ea-86cf-b88a60e194fb,LLP-FZZ2,orderid:323416,crmid:8117140161,2020-03-11T00:39:48.000Z,kiosk,prd1105,1585874388,1587170388,2020-04-03T00:39:48.000Z,2020-04-18T00:39:48.000Z,Admiralty Plaza: Barcelona,Admiralty Plaza,Barcelona,standard,1,1,4,15,171.68,2575.2
fb690fb0-7dd9-11ea-881c-b88a60e194fb,3X6-SWAY,orderid:451869,crmid:1382385827,2020-03-04T15:00:30.000Z,call center,prd1117,1585321230,1585407630,2020-03-27T15:00:30.000Z,2020-03-28T15:00:30.000Z,Admiralty Plaza: Dublin,Admiralty Plaza,Dublin,ultra-luxury,1,1,0,1,315.39,315.39
fb6ae3fa-7dd9-11ea-9923-b88a60e194fb,JN2-3LVR,orderid:884070,crmid:7935147186,2020-03-08T11:32:52.000Z,service desk,prd1109,1583839972,1583926372,2020-03-10T11:32:52.000Z,2020-03-11T11:32:52.000Z,Grandeur Hotels: Belgrade,Grandeur Hotels,Belgrade,ultra-luxury,1,1,0,1,257.52,257.52
fb6c91ca-7dd9-11ea-a725-b88a60e194fb,A0X-BJ3Q,orderid:602925,crmid:3176314496,2020-03-15T10:44:21.000Z,kiosk,prd1089,1584355461,1584441861,2020-03-16T10:44:21.000Z,2020-03-17T10:44:21.000Z,Sapphire Suites: Rome,Sapphire Suites,Rome,standard,1,1,0,1,135.83,135.83
fb6dca36-7dd9-11ea-b4ca-b88a60e194fb,IRD-7CDT,orderid:136862,crmid:3729686072,2020-03-06T10:35:31.000Z,call center,prd1160,1585305331,1586255731,2020-03-27T10:35:31.000Z,2020-04-07T10:35:31.000Z,Aspen Heights: Nashville,Aspen Heights,Nashville,standard,1,1,0,11,105.75,1163.25
fb6f50da-7dd9-11ea-8145-b88a60e194fb,IVS-ZKNN,orderid:825590,crmid:2419086662,2020-03-28T09:45:20.000Z,call center,prd1050,1587462320,1587894320,2020-04-21T09:45:20.000Z,2020-04-26T09:45:20.000Z,Restful Nights: Arlington,Restful Nights,Arlington,standard,1,1,0,5,133.47,667.35
fb70b11e-7dd9-11ea-ac05-b88a60e194fb,OWK-3SPD,orderid:683362,crmid:1994500283,2020-03-18T08:40:52.000Z,kiosk,prd1130,1584607252,1584780052,2020-03-19T08:40:52.000Z,2020-03-21T08:40:52.000Z,Blue Reef Resort: Bremen,Blue Reef Resort,Bremen,standard,1,1,0,2,161.53,323.06
fb723700-7dd9-11ea-9c98-b88a60e194fb,VPX-YNZW,orderid:207244,crmid:4566248218,2020-03-06T16:57:06.000Z,mobile,prd1172,1585155426,1585587426,2020-03-25T16:57:06.000Z,2020-03-30T16:57:06.000Z,Aspen Heights: Mesa,Aspen Heights,Mesa,standard,1,1,0,5,143.38,716.9
fb73968c-7dd9-11ea-a7b9-b88a60e194fb,NZC-VYYJ,orderid:792756,crmid:4252132334,2020-03-02T10:36:04.000Z,service desk,prd1104,1585046164,1586601364,2020-03-24T10:36:04.000Z,2020-04-11T10:36:04.000Z,Repose Resort: Warsaw,Repose Resort,Warsaw,premium,1,1,0,18,171.52,3087.36
fb751d2c-7dd9-11ea-806b-b88a60e194fb,5LO-2AXV,orderid:370847,crmid:2134625011,2020-03-12T17:20:06.000Z,mobile,prd1195,1584552006,1584811206,2020-03-18T17:20:06.000Z,2020-03-21T17:20:06.000Z,Family Fun Hotels: Lahore,Family Fun Hotels,Lahore,luxury,1,1,0,3,293.92,881.76
fb7655a8-7dd9-11ea-bdf9-b88a60e194fb,WU2-0AOT,orderid:425428,crmid:6753414831,2020-03-21T06:41:05.000Z,kiosk,prd1002,1587364865,1587883265,2020-04-20T06:41:05.000Z,2020-04-26T06:41:05.000Z,Restful Nights: Chicago,Restful Nights,Chicago,standard,1,1,0,6,176.57,1059.42
fb77b52e-7dd9-11ea-9f0e-b88a60e194fb,BH7-IDFD,orderid:534764,crmid:5526047568,2020-03-19T07:31:40.000Z,mobile,prd1188,1584689500,1584948700,2020-03-20T07:31:40.000Z,2020-03-23T07:31:40.000Z,Repose Resort: Tampa,Repose Resort,Tampa,luxury,1,1,0,3,364.28,1092.84
fb7914e8-7dd9-11ea-aade-b88a60e194fb,U7H-NMFU,orderid:117500,crmid:3504616667,2020-03-21T17:00:19.000Z,kiosk,prd1155,1586883619,1587574819,2020-04-14T17:00:19.000Z,2020-04-22T17:00:19.000Z,Hospitality Inn: Denver,Hospitality Inn,Denver,standard,1,1,0,8,120.18,961.44
fb7b109e-7dd9-11ea-ac3b-b88a60e194fb,VCY-MGM6,orderid:156230,crmid:2198428993,2020-03-22T22:14:48.000Z,kiosk,prd1119,1587334488,1588630488,2020-04-19T22:14:48.000Z,2020-05-04T22:14:48.000Z,Hospitality Inn: Turin,Hospitality Inn,Turin,standard,1,1,0,15,166.63,2499.45
fb7c9770-7dd9-11ea-a950-b88a60e194fb,G5Z-3HGF,orderid:417640,crmid:9957552312,2020-03-24T20:59:46.000Z,kiosk,prd1081,1585601986,1585688386,2020-03-30T20:59:46.000Z,2020-03-31T20:59:46.000Z,Admiralty Plaza: Rod de Janeiro,Admiralty Plaza,Rod de Janeiro,standard,1,1,0,1,126.99,126.99
fb7dcffa-7dd9-11ea-becd-b88a60e194fb,3WL-DJIU,orderid:997725,crmid:7110090017,2020-03-18T23:50:34.000Z,call center,prd1121,1586821834,1587167434,2020-04-13T23:50:34.000Z,2020-04-17T23:50:34.000Z,Grandeur Hotels: Stockholm,Grandeur Hotels,Stockholm,standard,1,1,0,4,146.48,585.92
fb7f7d66-7dd9-11ea-9dde-b88a60e194fb,J7H-Y9HY,orderid:814953,crmid:3532255363,2020-03-19T06:04:23.000Z,call center,prd1183,1584684263,1584770663,2020-03-20T06:04:23.000Z,2020-03-21T06:04:23.000Z,Family Fun Hotels: Tulsa,Family Fun Hotels,Tulsa,premium,1,1,0,1,120.62,120.62
fb80dd00-7dd9-11ea-b451-b88a60e194fb,C3D-WUZ9,orderid:199624,crmid:7154984490,2020-03-14T13:10:21.000Z,kiosk,prd1176,1584537021,1585141821,2020-03-18T13:10:21.000Z,2020-03-25T13:10:21.000Z,Repose Resort: Omaha,Repose Resort,Omaha,standard,1,1,0,7,123.85,866.95
fb8263b4-7dd9-11ea-a9cb-b88a60e194fb,XAX-JBWM,orderid:424426,crmid:4801679775,2020-03-11T20:28:16.000Z,kiosk,prd1063,1584044896,1584131296,2020-03-12T20:28:16.000Z,2020-03-13T20:28:16.000Z,Family Fun Hotels: London,Family Fun Hotels,London,premium,1,1,0,1,109.02,109.02
fb839c36-7dd9-11ea-9ce1-b88a60e194fb,EZU-FV0J,orderid:155325,crmid:3830341222,2020-03-17T16:52:00.000Z,kiosk,prd1079,1584636720,1584809520,2020-03-19T16:52:00.000Z,2020-03-21T16:52:00.000Z,Nesting Box Inn: Chennai,Nesting Box Inn,Chennai,presidential-suite,1,1,0,2,910.69,1821.38
fb84ada2-7dd9-11ea-9761-b88a60e194fb,Z1U-WEJX,orderid:590906,crmid:6167146986,2020-03-18T10:44:33.000Z,call center,prd1106,1586947473,1587293073,2020-04-15T10:44:33.000Z,2020-04-19T10:44:33.000Z,Blue Reef Resort: Munich,Blue Reef Resort,Munich,standard,1,1,0,4,148.15,592.6
fb85bef4-7dd9-11ea-8091-b88a60e194fb,EXV-6H4M,orderid:526216,crmid:9890453559,2020-03-14T09:38:58.000Z,kiosk,prd1065,1585820338,1586770738,2020-04-02T09:38:58.000Z,2020-04-13T09:38:58.000Z,Sapphire Suites: Beijing,Sapphire Suites,Beijing,premium,1,1,0,11,120.89,1329.79
fb8745a8-7dd9-11ea-bbb5-b88a60e194fb,DGI-LKN3,orderid:308643,crmid:1777192405,2020-03-12T02:07:59.000Z,call center,prd1003,1585447679,1586225279,2020-03-29T02:07:59.000Z,2020-04-07T02:07:59.000Z,Family Fun Hotels: Houston,Family Fun Hotels,Houston,premium,1,1,0,9,134.73,1212.57
fb88cc58-7dd9-11ea-8587-b88a60e194fb,Q9M-Y9QK,orderid:718470,crmid:6378410896,2020-03-01T15:17:51.000Z,mobile,prd1045,1585235871,1585927071,2020-03-26T15:17:51.000Z,2020-04-03T15:17:51.000Z,Admiralty Plaza: Miami,Admiralty Plaza,Miami,standard,1,1,0,8,169.93,1359.44
fb8a52d8-7dd9-11ea-86d9-b88a60e194fb,0BY-LMWP,orderid:369996,crmid:2147404036,2020-03-06T21:18:39.000Z,mobile,prd1111,1585948719,1586467119,2020-04-03T21:18:39.000Z,2020-04-09T21:18:39.000Z,Family Fun Hotels: Prague,Family Fun Hotels,Prague,premium,1,1,0,6,133.93,803.58
fb8bb25a-7dd9-11ea-b466-b88a60e194fb,HLG-OEQC,orderid:625658,crmid:5700142783,2020-03-24T06:36:56.000Z,call center,prd1083,1585118216,1585204616,2020-03-25T06:36:56.000Z,2020-03-26T06:36:56.000Z,Hospitality Inn: Bangkok,Hospitality Inn,Bangkok,standard,1,1,0,1,142.83,142.83
fb8bb25b-7dd9-11ea-bdfc-b88a60e194fb,Z7H-AN69,orderid:868022,crmid:5700142783,2020-03-27T00:00:00.000Z,mobile,prd1063,1585353600,1585872000,2020-03-28T00:00:00.000Z,2020-04-03T00:00:00.000Z,Family Fun Hotels: London,Family Fun Hotels,London,standard,1,1,0,6,119.33,715.98
fb8cc3ca-7dd9-11ea-a83d-b88a60e194fb,J53-NU1I,orderid:809864,crmid:5712938895,2020-03-08T04:23:16.000Z,call center,prd1088,1585628596,1586492596,2020-03-31T04:23:16.000Z,2020-04-10T04:23:16.000Z,Aspen Heights: Ankara,Aspen Heights,Ankara,luxury,1,1,0,10,347.6,3476.0
fb8e4a8c-7dd9-11ea-b813-b88a60e194fb,RRU-JE3A,orderid:589415,crmid:6805028819,2020-03-13T03:20:09.000Z,call center,prd1009,1585106409,1585538409,2020-03-25T03:20:09.000Z,2020-03-30T03:20:09.000Z,Admiralty Plaza: San Antonio,Admiralty Plaza,San Antonio,standard,1,1,0,5,150.66,753.3
