crmid,email,first_name,last_name,gender,mobile telephone,city,country,zip,state,street address,birthday,historicalpoints
crmid:8745696421,ambushes1855@gmail.com,Russel,Moody,,350-450-2716,Lake Oswego,United States,43401,Idaho,190 North View,1980-08-26,1908
crmid:9235033419,vaultier1907@live.com,Kelly,Foley,,632-873-8300,Galveston,United States,94293,New York,1219 Emmett,1965-08-22,1227
crmid:1853815841,average1968@live.com,Magali,Dominguez,female,837-410-7614,Escondido,United States,39736,Texas,322 South Hughes,1960-06-08,2221
crmid:5823013441,breakthrough2061@gmail.com,Regena,Pate,female,502-755-8375,Dinuba,United States,47095,Pennsylvania,595 Bay Shore,1955-07-23,827
crmid:1011266669,cabinda2067@yahoo.com,Jae,Jordan,male,358-962-7995,Brandon,United States,74515,New York,1327 Candyland,1941-12-09,708
crmid:6914790237,wingseed1852@live.com,Desire,Bowers,female,257-987-0946,Payson,United States,20412,Ohio,308 Oakwood,1959-02-03,1512
crmid:6234929694,ripa1967@yandex.com,Nolan,Andrews,,777-865-9036,Greenbelt,United States,54705,South Carolina,791 Islais,1968-09-01,417
crmid:5165109461,coater1943@yandex.com,Philip,Wise,male,247-065-9593,Snellville,United States,74222,New York,907 Haight,1936-08-31,1165
crmid:3121305601,doused1921@yandex.com,Edwin,Clay,,875-151-9491,Rialto,United States,82821,Indiana,304 Hays,1964-10-28,2563
crmid:5654922299,converses1886@yahoo.com,Maragaret,Turner,female,511-799-5171,Coeur d'Alene,United States,32151,Illinois,516 Meadowbrook,1949-06-29,2921
crmid:4866782966,nuanced2056@outlook.com,Miquel,Weeks,,784-561-6913,Lexington,United States,41996,North Carolina,690 Oshaughnessy,1982-08-08,549
crmid:9458633129,tochered1979@live.com,Kendall,Terry,male,443-887-6768,Oakley,United States,83470,Texas,448 Saint George,1933-06-29,1779
crmid:9318962758,architeuthis1831@yandex.com,Rhett,Martinez,,141-316-8439,Huntley,United States,30775,Louisiana,608 Boyd,1974-06-28,2696
crmid:7314709408,potsie1894@live.com,Gerry,Cantu,male,178-844-8257,Benbrook,United States,29081,Idaho,1302 Holladay,1938-04-05,2404
crmid:3533952296,fribbled2014@live.com,Sol,Atkins,,094-921-1978,Largo,United States,74859,Missouri,1198 Powhattan,1980-03-16,2258
crmid:2751344768,evolutionism1994@yandex.com,Patricia,English,male,903-770-3743,Novi,United States,02087,Vermont,764 Bercut Access,1934-08-09,1305
crmid:6319065153,jeoparding2055@yahoo.com,Chas,Flynn,male,597-140-9949,San Jose,United States,12271,Virginia,1008 Dwight,1944-02-10,753
crmid:4490694757,nidus2023@gmail.com,Catarina,Horn,female,420-312-9840,Durham,United States,74044,Iowa,10 Sixth,1956-12-03,1284
crmid:2400280970,arcane1999@gmail.com,Jae,Wiley,,321-947-8821,Miami Beach,United States,22903,Minnesota,554 Galilee,1990-04-14,1387
crmid:9598389898,baptist1970@outlook.com,Margherita,Sheppard,female,944-410-8854,College Park,United States,39276,Utah,1227 Saint Germain,1949-06-27,1649
crmid:2810223678,wormer1852@yandex.com,Marco,Blackburn,male,330-602-6296,Bridgeton,United States,32002,Colorado,1325 Thor,1941-07-03,411
crmid:2121239436,feoffee2032@yandex.com,Thaddeus,Soto,male,409-948-7723,Palm Bay,United States,65144,Alaska,1249 Saint Louis,1934-09-27,324
crmid:3735807529,alcoa1979@yandex.com,Phebe,Wiggins,female,769-447-7205,Ormond Beach,United States,19263,Missouri,897 Simonds,1946-07-31,1502
crmid:8380369547,monikers1940@outlook.com,Cassondra,Case,female,022-072-1070,Cortland,United States,05245,Maryland,107 Harlem,1951-02-05,2925
crmid:9599318895,jerries2059@outlook.com,Glenn,Whitfield,,700-334-5319,Oceanside,United States,56387,South Carolina,1037 Willow,1979-06-29,841
crmid:3212837758,caved1818@gmail.com,Hosea,Sharp,male,537-555-9149,Alhambra,United States,28005,Minnesota,619 Albion,1931-05-27,1501
crmid:9499132584,belowdecks1822@live.com,Fidel,Ryan,,725-477-0535,Oxford,United States,98662,Texas,841 Ralston,1988-08-20,1367
crmid:1022944190,friseur1969@yahoo.com,Tad,Wong,male,980-057-1563,Wayne,United States,09263,Kentucky,436 Blandy,1941-09-11,983
crmid:6401317176,contrafagotto1900@gmail.com,Alan,Cote,,106-488-0044,Rosemount,United States,82649,Virginia,409 Alder,1962-05-20,532
crmid:3508707629,abnormal2038@gmail.com,Connie,Byers,,380-934-7674,Santa Fe,United States,73531,Vermont,1170 Ashbury,1973-03-19,1725
crmid:5037716777,burlie1818@yandex.com,Milford,Koch,,230-959-3830,Jefferson City,United States,62471,Idaho,785 Bannan,1975-11-05,2823
crmid:8400764973,pommies1942@gmail.com,Carmelo,Whitley,male,697-218-8422,Anacortes,United States,99076,Texas,465 Greenwich,1932-02-01,1953
crmid:7928622969,bronny1855@yandex.com,Judson,Holder,male,690-232-1357,Vicksburg,United States,83262,New York,456 Belmont,1942-06-14,2716
crmid:3953774276,pinole1876@yandex.com,Bryon,Leach,,008-167-1876,Modesto,United States,77001,Georgia,64 Argent,1992-12-06,1792
crmid:3473359492,anabasis1916@live.com,Taren,Clayton,female,169-635-9436,Council Bluffs,United States,44766,South Dakota,825 Myrtle,1951-08-06,2085
crmid:3006868875,oddnesses1951@yahoo.com,Dirk,Noel,male,749-774-4153,Prairie Village,United States,90636,Maine,881 Neptune,1935-03-22,2723
crmid:3334990117,invected1977@yandex.com,Eloy,Carter,male,496-394-6158,Barberton,United States,81834,Texas,526 Mark,1936-03-05,1254
crmid:7640449282,snarling1944@yahoo.com,Josef,Gilliam,male,415-995-5837,Canton,United States,93387,Idaho,1170 Custer,1944-06-11,1960
crmid:3746710251,seaflood2001@yahoo.com,Hal,Burton,,328-123-5787,Las Cruces,United States,35100,Kentucky,845 Stoneman,1981-06-17,2242
crmid:5495240652,alexis2031@yahoo.com,Reena,Robbins,female,697-218-4121,Davis,United States,87294,Vermont,442 Northridge,1953-07-25,1108
crmid:3576877635,havens1897@yandex.com,Lynn,Melton,,929-504-6718,Oak Ridge,United States,63476,Missouri,882 Crespi,1981-12-16,2408
crmid:5504800008,ludicrous1927@yahoo.com,Jc,Hurley,male,225-311-4815,Savannah,United States,89048,Kansas,599 Van Buren,1931-05-15,2046
crmid:8784932690,ruff1848@outlook.com,Paris,Gamble,,383-711-6423,Hurst,United States,21464,New Jersey,1379 Middle Point,1974-04-29,422
crmid:8793324621,dinosaur2044@outlook.com,Henriette,Wagner,female,141-246-9549,Staunton,United States,26959,New Mexico,313 Duncan,1959-12-07,2239
crmid:6127091187,topkick2049@yahoo.com,Erasmo,Barr,,511-811-1772,Shoreline,United States,43703,New York,1209 Genebern,1987-06-11,470
crmid:1155217730,admirable1995@yandex.com,Celine,Fox,female,600-775-4524,Desert Hot Springs,United States,07153,Texas,10 Santos,1954-02-10,1930
crmid:6459699047,ameed1830@outlook.com,Leonore,Wynn,female,713-922-8492,Donna,United States,36355,Vermont,419 Medau,1955-05-22,1699
crmid:3665150902,levering2035@gmail.com,Claudio,Oliver,,730-006-9604,La Verne,United States,82090,South Carolina,1298 San Diego,1979-02-09,2650
crmid:1156218795,tastier1997@yahoo.com,Marlon,Blair,,568-353-1966,Lima,United States,60809,Connecticut,662 Oloran,1982-12-14,2816
crmid:1867928408,flounder2013@live.com,Clint,Morrison,,113-780-4426,Santa Rosa,United States,27563,Ohio,87 Porter,1965-08-24,1090
crmid:7459468938,mornings2046@yahoo.com,Loise,Curry,female,043-483-2970,Cocoa,United States,32766,Kansas,834 Menoher,1949-06-07,2353
crmid:9902090089,pinnacle1802@yandex.com,Markus,Mckee,,924-978-1814,Greer,United States,84937,Illinois,1317 Ahern,1968-12-15,651
crmid:4492458343,bemoon1991@yahoo.com,Reid,Haney,,867-970-4078,Lumberton,United States,26604,Utah,479 Mary,1985-04-21,2518
crmid:9007691940,caved1959@live.com,Emilio,Goodwin,male,560-691-3369,Bonita Springs,United States,87343,Pennsylvania,55 Saint Josephs,1940-12-24,446
crmid:3685910300,pooty1848@yahoo.com,Sang,Peck,,652-701-0807,Harvey,United States,16546,North Dakota,870 Cesar Chavez,1970-03-24,1486
crmid:6187745510,noncorrelating2024@gmail.com,Allen,Talley,,098-948-8077,Hastings,United States,61574,South Dakota,194 Anglo,1970-11-19,1470
crmid:5683105407,obscenity1842@outlook.com,Lindsy,Valencia,female,341-244-4931,Fargo,United States,35677,Hawaii,411 Lakeshore,1961-05-29,2254
crmid:3120986725,cavish1921@outlook.com,Jame,Copeland,,671-820-7879,Montrose,United States,61612,Montana,354 Montalvo,1992-11-13,1686
crmid:5872740788,moped1800@outlook.com,Greg,Hunt,,453-920-4449,Simi Valley,United States,77746,New Hampshire,3 Valmar,1975-01-25,1007
crmid:4476315039,subinterval1941@outlook.com,Kelle,Small,female,314-239-1357,Douglasville,United States,25217,Delaware,91 Spears,1955-05-27,2331
crmid:8922827516,ajourise1915@gmail.com,Jeremy,Dickson,,804-658-1075,Highland Village,United States,28129,New Jersey,26 Grijalva,1971-04-20,984
crmid:9030023356,benefactory1866@live.com,Anamaria,Fry,female,957-149-1818,Evansville,United States,83979,Massachusetts,1076 Precita,1960-01-10,1294
crmid:5568447730,vino1947@yandex.com,Nathan,Drake,male,158-503-7757,Altus,United States,41215,Florida,539 Visitacion,1932-07-08,1981
crmid:7177991174,caterina1977@gmail.com,Blake,Townsend,female,388-345-0420,Naples,United States,18533,Delaware,630 Willow,1995-03-02,1478
crmid:6601924999,didie1912@yahoo.com,Kasey,William,,144-182-5900,Twin Falls,United States,63779,Massachusetts,1172 Horne,1998-06-06,306
crmid:8903106042,canadian2013@live.com,Amado,Newton,male,047-910-4599,Bergenfield,United States,09640,New Jersey,1346 Palm,1938-01-21,2052
crmid:3818315928,appointment1861@yandex.com,Buster,Parks,,374-832-1933,Port Huron,United States,97866,Kentucky,154 Emerson,1964-11-11,2552
crmid:8512164931,seaside1973@outlook.com,Shaquana,Duke,female,478-794-1493,Claremore,United States,76223,Connecticut,108 Petrarch,1948-11-21,2111
crmid:7912294246,prune1955@live.com,Luis,Griffin,female,154-600-2018,Dinuba,United States,34920,Alaska,884 Ship,1955-06-12,1783
crmid:9876828114,formene1932@yandex.com,Latrisha,Calhoun,female,952-115-6500,Eureka,United States,81382,Alaska,517 Calvert,1960-05-05,2721
crmid:5183351011,degenerative2063@outlook.com,Cruz,Cross,,302-729-2657,Norton Shores,United States,39412,Hawaii,799 Thornburg,1999-06-19,1882
crmid:2398891115,boatly2058@outlook.com,Nathanael,Golden,male,517-931-5579,Solon,United States,03567,New Mexico,483 Topaz,1930-07-11,322
crmid:8597800849,toner2057@gmail.com,Karyl,Chapman,female,172-536-9872,Evanston,United States,20077,Virginia,1080 Juri,1960-05-06,1585
crmid:6855276236,leucoryx1842@live.com,Darwin,Romero,,409-634-9316,Madisonville,United States,78318,North Dakota,1089 Capen,1985-12-27,1050
crmid:8687203862,huddlingly2062@yandex.com,Paris,Hyde,female,071-703-9213,Royal Oak,United States,59947,Washington,555 Tevis,1994-03-13,755
crmid:5220257825,ceara2029@live.com,Junior,Wilson,,009-418-9862,Freeport,United States,82795,Wyoming,661 Rosie Lee,1964-07-09,747
crmid:4112659512,alloclase1984@live.com,Sung,Cole,,781-328-3577,Stephenville,United States,34941,New Hampshire,739 El Plazuela,1974-12-14,2202
crmid:9231713769,adhesive2063@gmail.com,Soo,Evans,female,805-327-4634,De Pere,United States,48705,Idaho,1058 Amity,1953-08-09,2217
crmid:3314820607,cozen1826@yahoo.com,Arlie,Wiggins,,630-936-8942,Goose Creek,United States,32790,Vermont,805 Hooker,1967-06-23,1571
crmid:4907898634,areito1930@outlook.com,Dick,Welch,,067-485-3233,Inver Grove Heights,United States,05158,Colorado,1270 Lydia,1974-02-25,2792
crmid:4190215391,consecrator2024@yahoo.com,Ferdinand,Cherry,,917-874-1785,Portsmouth,United States,45263,Idaho,872 Ripley,1990-06-17,797
crmid:3485221848,dogfish1951@yahoo.com,Sol,O'neil,,728-520-3209,Fishers,United States,47615,Indiana,455 Garcia,1962-08-12,2145
crmid:4379618446,donnie1953@gmail.com,Sarai,Mitchell,female,389-569-4087,Takoma Park,United States,16749,Idaho,1375 Valmar,1953-08-20,773
crmid:8972702626,troad1842@yahoo.com,Delisa,Santana,female,779-475-5473,Derby,United States,12037,New Hampshire,358 Russell,1954-02-26,2549
crmid:5215744434,shou2006@live.com,Quintin,Sullivan,,138-274-2910,Winchester,United States,36844,New Hampshire,825 Parker,1975-07-22,750
crmid:7715016773,pupillonian1800@gmail.com,Gaston,Stark,,002-797-1293,Macon,United States,52097,Pennsylvania,148 Ada,1985-09-21,2355
crmid:2968905209,mudrooms2070@gmail.com,Rich,Abbott,,019-839-4227,Horn Lake,United States,46055,Alaska,278 Clementina,1973-08-19,1615
crmid:7078821309,atlanta2038@gmail.com,Cristie,Walters,female,808-198-2537,College Park,United States,18061,Vermont,306 Blake,1949-02-22,554
crmid:5533462930,assimilate1935@yandex.com,John,Cunningham,male,612-720-8192,Bentonville,United States,72100,Maryland,88 Harney,1938-12-10,2527
crmid:8241553062,wormer1894@yahoo.com,Louie,Blanchard,,133-221-3710,Morton Grove,United States,30900,Idaho,227 Acorn,1993-06-30,2538
crmid:6422487587,pointer1943@live.com,Mariel,Kidd,female,303-778-3908,Santa Maria,United States,14760,Missouri,809 Avenue B,1951-06-16,663
crmid:4648000773,overshadow1887@live.com,Jacinto,Newman,,386-897-1249,Killeen,United States,44241,Missouri,6 Gaiser,1977-07-27,2786
crmid:1219745236,arras1803@live.com,Otha,Mcfarland,male,673-119-0431,Angleton,United States,48769,South Carolina,575 Inverness,1932-08-19,1898
crmid:1558017850,sourish1960@outlook.com,Herbert,Ewing,,495-546-7752,Grove City,United States,16926,Tennessee,989 Lucerne,1968-02-08,1427
crmid:5933417305,trimethylmethane1959@yandex.com,Flo,Rowland,female,749-393-1328,Champlin,United States,77281,Nebraska,647 Hernandez,1946-03-25,1850
crmid:9689715335,jacanas1924@live.com,Deshawn,Kim,male,014-430-8311,Perrysburg,United States,61439,Kansas,314 Bluestone,1943-03-16,2213
crmid:6339911645,ceratins1888@live.com,Clarence,Tucker,,609-862-9460,Goodlettsville,United States,08041,Idaho,1307 Varela,1967-01-12,1569
crmid:7161270064,devotes1864@yahoo.com,Omer,Baker,,518-611-3029,Merrillville,United States,37041,Rhode Island,400 Tingley,1989-06-08,1883
crmid:4879069187,mirth1916@yahoo.com,Rafael,Faulkner,,952-327-5113,Hutchinson,United States,87192,Washington,1351 Hahn,1974-12-27,2410
crmid:9185248896,sensatory1881@gmail.com,Royal,Molina,male,239-658-5751,Valparaiso,United States,84071,Iowa,621 Madera,1940-08-20,1759
crmid:2725543283,chelidonic1923@live.com,Milan,Sears,,963-342-4932,Mesa,United States,68834,New Jersey,496 Marlin,1989-11-26,2312
crmid:5417245709,underling1843@outlook.com,Pauletta,Craft,female,311-400-3405,Fairfield,United States,82950,Minnesota,246 Mistral,1961-07-07,1933
crmid:9893930334,wakened1932@gmail.com,Clarence,Chase,female,715-559-1267,Elk River,United States,07825,Arizona,264 Bemis,1959-02-06,958
crmid:9262682725,kilometrage1880@outlook.com,Quentin,Daugherty,,834-468-8239,Rancho Cordova,United States,88352,Minnesota,1266 Van Dyke,1988-07-16,650
crmid:4874905593,shivarees1818@live.com,Edmond,Rojas,male,167-559-3008,Brunswick,United States,81979,Ohio,1374 Barcelona,1942-03-25,455
crmid:8012263339,argento2019@outlook.com,Wiley,Blackwell,male,737-491-0960,Streamwood,United States,68556,Washington,1094 Ravenwood,1999-09-02,1547
crmid:9044772894,darshi1801@yahoo.com,Lesley,Jacobs,,145-164-6074,Urbana,United States,46548,Alabama,271 Schwerin,1983-07-23,2477
crmid:1025177238,diets1834@gmail.com,Hermina,Gamble,female,270-086-4675,Winter Garden,United States,13990,California,503 Pennsylvania,1950-04-11,1985
crmid:1119066357,fatback1866@yahoo.com,Corrinne,Peterson,female,962-451-2463,East Cleveland,United States,08860,West Virginia,1235 Ledyard,1957-02-23,2725
crmid:5957159445,zebu1811@outlook.com,Isaias,Roman,,116-680-7039,Tamarac,United States,47975,Missouri,1208 Westside,1987-07-23,1651
crmid:5891841331,phlegmier1832@outlook.com,Enrique,Frost,,717-531-5730,Seguin,United States,66767,Nebraska,390 Brumiss,1993-11-02,1192
crmid:8099979011,euktolite1812@live.com,Richie,Beck,,556-549-7708,Palm Desert,United States,63048,Texas,769 Ashbury,1980-05-03,1379
crmid:1024185112,coelacanthoid2061@outlook.com,Dewayne,Meyers,,192-718-7703,Grants Pass,United States,44681,Tennessee,1047 Nauman,1967-08-25,1296
crmid:4375222451,gript1801@yandex.com,Alita,Castillo,female,127-346-2016,Fair Lawn,United States,01012,Virginia,928 Mclaren Lodge Access,1960-01-05,2235
crmid:6687886898,achromic1971@live.com,Jules,Fox,male,557-055-7311,Vallejo,United States,02088,North Carolina,1342 West Portal,1933-06-10,609
crmid:7867814325,chipchap1925@yahoo.com,Chi,Mcdowell,male,051-615-8936,Bremerton,United States,02969,California,967 Stoneridge,1941-02-19,1950
crmid:4907866900,biteme2029@live.com,Marcos,Navarro,male,479-558-6223,Baltimore,United States,34344,Vermont,1087 Marion,1935-07-21,2314
crmid:2615274380,documentary1927@yandex.com,Asuncion,Roberson,female,403-352-0250,Chesterfield,United States,01562,New Mexico,785 Charter Oak,1946-01-25,2766
crmid:5088032748,dejected1962@yahoo.com,Alvaro,Dudley,male,346-069-2362,Burlington,United States,08118,Mississippi,60 Whiting,1943-01-08,1439
crmid:7914633533,binda1858@yandex.com,Joannie,Alvarez,female,320-601-6598,Evans,United States,26977,West Virginia,1378 Nadell,1960-04-01,1374
crmid:1547029168,callianassidae2011@live.com,Kris,Todd,,698-482-6932,Killeen,United States,22809,Mississippi,939 Dorland,1977-05-13,1770
crmid:9461013165,brightly1812@outlook.com,Paul,Winters,male,594-447-5545,Carlsbad,United States,45505,Utah,877 Ridge,1944-08-31,555
crmid:4602002950,transplantar1927@gmail.com,Tiffaney,Galloway,female,291-968-3711,Claremont,United States,93662,Louisiana,307 Inverness,1947-09-11,1194
crmid:4450765639,fireworkless2053@yandex.com,Rubin,Salinas,male,464-222-3366,Oxford,United States,08841,New York,936 Caselli,1939-10-29,1776
crmid:3290281606,piscators1925@gmail.com,Darius,Schultz,male,044-992-4051,Alhambra,United States,18963,Alabama,237 Phoenix,1931-03-26,679
crmid:1095624090,boar2057@gmail.com,Jean,Drake,male,126-654-4718,Pacifica,United States,61277,Tennessee,1285 Sunnyside,1943-05-08,971
crmid:7010298649,sedater1990@gmail.com,Dan,Jimenez,,456-207-0483,Waukegan,United States,43921,Colorado,958 Newton,1992-10-13,2838
crmid:1313785488,benni1870@yahoo.com,Johnson,Henry,,539-836-8134,Fort Pierce,United States,90735,Florida,709 Wiese,1963-04-04,2763
crmid:4072561495,gambol1843@outlook.com,Willie,Tran,,345-403-5777,Tacoma,United States,39355,Colorado,796 Paloma,1968-08-31,1498
crmid:9201139613,ashleigh2070@yahoo.com,Darnell,Barnett,,029-929-4174,Mint Hill,United States,01076,North Dakota,30 Valletta,1991-01-01,1130
crmid:4776920229,tapinceophalism1880@yandex.com,Cassey,Cote,female,095-177-0301,Chesapeake,United States,91159,Oklahoma,513 Cochrane,1946-02-07,2888
crmid:4608419485,fagottino1882@yandex.com,Dorian,Fuentes,female,738-032-3694,Pinellas Park,United States,21117,Mississippi,533 Nantucket,1957-11-05,2555
crmid:5575497499,cacara1897@yandex.com,Jessia,Brock,female,243-381-7619,Venice,United States,92211,Indiana,651 Pennington,1959-12-08,2032
crmid:1520131269,spermatogenesis2068@yandex.com,Gary,Marquez,,568-225-9446,Fountain Valley,United States,99651,North Dakota,483 Sunbeam,1963-06-07,2377
crmid:8055960201,zippier2001@live.com,Jamal,Huffman,male,338-730-7257,Brooklyn Center,United States,82433,Michigan,763 Cumberland,1942-05-15,2255
crmid:2799764940,eightsmen1813@live.com,Collin,Mayo,,888-950-4510,Laredo,United States,99018,North Dakota,756 Austin,1980-02-28,1274
crmid:4795742759,semiquadrate1894@outlook.com,Jessia,Finch,female,281-051-0388,Napa,United States,82609,Kansas,1247 Norton,1995-04-08,2003
crmid:1740419159,amphithuron1956@yahoo.com,Jesse,Woodard,,915-731-9557,Lewisville,United States,43903,Maryland,1022 Dr Carlton B Goodlett,1982-07-02,1291
crmid:7232815025,zoophobia1971@yahoo.com,Odell,Conrad,,788-471-1531,Great Falls,United States,34188,Oklahoma,1131 Crespi,1968-06-05,1093
crmid:1311145473,uakari1815@yahoo.com,Warren,Garrison,,874-959-5730,Ponca City,United States,84503,Kentucky,1347 Cedro,1988-04-19,2417
crmid:2897942221,vibrio2020@outlook.com,Denae,England,female,798-887-9825,Eagle Mountain,United States,62542,Illinois,1165 Mammon,1956-11-04,2965
crmid:7770447987,defrance1940@live.com,Stanley,Hoffman,,538-593-9020,Margate,United States,15593,Massachusetts,674 Vulcan,1986-04-23,1930
crmid:6309053721,oximetry1897@outlook.com,David,Simpson,,010-913-5803,Howard,United States,81715,Illinois,119 Valley,1973-01-05,1078
crmid:5755608980,dresser1969@outlook.com,Salvador,Gonzalez,,401-684-9867,La Mesa,United States,29363,Connecticut,1208 Mars,1978-05-30,2138
crmid:8341491587,despot1805@outlook.com,Dusty,Stone,,585-995-9422,Goose Creek,United States,73708,Kansas,1010 Amatista,1967-12-17,1250
crmid:2756679054,intercoms1843@yahoo.com,Alton,Benjamin,,105-648-3852,Garfield,United States,49081,New York,899 Danton,1965-08-12,562
crmid:3258464798,caffeina1928@yandex.com,Jarrett,Ray,male,564-429-4241,Altoona,United States,67725,South Dakota,73 Peralta,1932-11-10,1042
crmid:6394105613,monogamous1990@yandex.com,Rudy,Bender,female,320-086-0361,Elizabeth,United States,60633,Kentucky,35 Signal,1958-11-14,1947
crmid:2032945609,hemopathy1900@yahoo.com,Geraldo,Lamb,,610-326-7828,Knoxville,United States,72223,Maryland,343 Randolph,1978-12-03,719
crmid:1122933422,anionics2035@outlook.com,Nadene,Randolph,female,026-769-8460,Conroe,United States,53853,New Jersey,122 Farnum,1950-10-13,1255
crmid:4184067263,proseman1925@yandex.com,Gregorio,Benjamin,,432-009-0373,Malden,United States,40026,Kansas,1009 Henry,1985-07-18,444
crmid:9624577002,syntelome1878@yandex.com,Asuncion,Gamble,female,815-696-8185,Elk Grove,United States,01617,Delaware,1088 Burrows,1959-01-11,659
crmid:8028205337,upshove1910@yahoo.com,Noel,Nunez,,820-347-2249,Leawood,United States,94163,Indiana,874 Bay View,1981-10-14,2357
crmid:4676648925,alcheringa1844@yahoo.com,Estefana,Sims,female,935-022-8551,Ramsey,United States,18221,Virginia,175 Ulloa,1953-03-27,1512
crmid:3176653950,groten1859@gmail.com,Luigi,Flores,,452-648-6112,Northglenn,United States,61230,Delaware,1121 Seneca,1999-10-16,1810
crmid:6418751837,augeri1835@gmail.com,Joshua,Mercado,,327-953-4424,West Chicago,United States,56753,Delaware,142 Country Club,1996-05-20,2735
crmid:4448572577,cardecu1809@outlook.com,Emmett,Sloan,,357-287-5034,Mission,United States,80156,South Dakota,1103 May,1991-04-03,2322
crmid:9875668072,eunice2007@outlook.com,Florentino,Reid,male,316-187-1805,Poway,United States,07643,Delaware,309 Holyoke,1936-04-24,1970
crmid:2479424703,adaptive1925@outlook.com,Hershel,Bauer,male,297-270-4478,Beloit,United States,60812,Kansas,701 Bryant,1937-11-09,2805
crmid:1549059540,alleviated2033@yandex.com,Jadwiga,Osborn,female,548-380-4827,Elizabethtown,United States,76283,Minnesota,867 Urbano,1959-10-19,706
crmid:3186253790,sevennight1877@yahoo.com,Miguel,Barrett,,460-060-5901,Littleton,United States,70808,Georgia,818 Pennsylvania,1983-12-15,2221
crmid:7655575140,simars1825@yandex.com,Silas,Fitzgerald,,086-932-3560,West Covina,United States,47659,Utah,1308 Adam,1987-12-21,1474
crmid:6717161591,dayton1828@yandex.com,Blake,Carrillo,,723-347-0818,Kingsville,United States,64907,Iowa,113 Campus,1978-11-02,632
crmid:6065495798,haemoflagellate1958@yandex.com,Lon,Walter,,208-101-1048,Redmond,United States,74269,Rhode Island,218 Loomis,1982-01-08,1906
crmid:2298886312,defeatism1826@gmail.com,Jorge,Hale,male,663-135-2541,Tualatin,United States,09010,Texas,1346 Walkway,1936-06-12,1965
crmid:2385113878,europeanization1938@gmail.com,Abraham,Kerr,,764-799-5500,Golden Valley,United States,35076,Nebraska,708 Jessie East,1966-06-06,538
crmid:1121660349,schoolbookish1872@outlook.com,Diego,Mcdonald,,890-868-2376,Schenectady,United States,95318,Oklahoma,1031 Del Sur,1983-09-14,2513
crmid:3328090915,decil2043@yahoo.com,Pablo,French,,791-101-9869,Kingsville,United States,11491,Virginia,92 Seymour,1978-03-25,1160
crmid:4743650457,semidiaphanously1823@live.com,Cyndy,Weber,female,747-973-7716,Cleveland Heights,United States,13956,New Hampshire,1382 Sheldon,1948-02-13,2166
crmid:8119334178,tuke1912@gmail.com,Ken,Preston,,272-345-6499,Green,United States,34749,Iowa,490 Duncan,1968-06-19,1063
crmid:7835395576,daceloninae1859@live.com,Sheilah,Cardenas,female,267-290-6074,Crystal Lake,United States,46212,Rhode Island,597 Melba,1952-08-05,821
crmid:8283608843,incumber1977@gmail.com,Arlen,Finley,,372-396-9597,Waxahachie,United States,78372,Connecticut,627 Michigan,1987-06-09,2448
crmid:5688622978,collaborationists2029@live.com,Bev,Chapman,female,578-248-0561,College Station,United States,71344,Mississippi,909 Harney,1949-12-02,2528
crmid:6684448218,dragonfly1950@live.com,Rex,Horton,male,756-183-4164,Albertville,United States,44275,Texas,764 Faith,1931-08-14,2986
crmid:2856088389,agonizing1806@gmail.com,Mason,Becker,,731-507-9127,Janesville,United States,11068,New Hampshire,658 Milan,1975-02-11,1831
crmid:7603481248,brainwasher2015@gmail.com,Spencer,Kaufman,,910-472-2327,Maple Heights,United States,06725,New Mexico,863 Caire,1986-01-29,685
crmid:4107901677,pastis2031@yahoo.com,Adalberto,Cameron,male,574-735-8880,Pekin,United States,90105,Virginia,1355 Richard Henry Dana,1932-01-05,401
crmid:1472455742,elvera2047@yandex.com,Emelina,Sweet,female,652-223-0198,Woodridge,United States,28158,Rhode Island,452 Vega,1955-03-28,2059
crmid:3657581901,unprecipitantly2054@outlook.com,Bobbie,Fuentes,,698-240-9062,Sevierville,United States,85246,Maryland,349 Telegraph,1973-04-16,1232
crmid:1903241961,costectomy2016@live.com,Antony,Snow,,400-503-8332,Napa,United States,83800,Nevada,758 Quickstep,1995-12-12,569
crmid:2547552840,stylobata2021@gmail.com,Wendie,Levine,female,131-523-1747,Copperas Cove,United States,51938,New Jersey,955 Cowles,1950-09-17,2107
crmid:6225451363,nontechnically1932@outlook.com,Arden,Byers,male,212-008-0642,Alliance,United States,08413,Delaware,794 Hicks,1931-01-04,421
crmid:1642985185,tobacconist1959@live.com,Lashawnda,Riley,female,542-324-8604,Sherwood,United States,17071,Tennessee,862 Lakeview,1953-05-25,1604
crmid:7062578609,baskin2003@gmail.com,Darnell,Hill,male,790-140-7859,Augusta,United States,10377,West Virginia,1323 Anglo,1935-03-14,2060
crmid:1378534565,briar2037@yahoo.com,Pasty,Owens,female,780-638-6063,Elkhart,United States,57663,Minnesota,296 Bucareli,1959-10-19,1447
crmid:2382603637,dyslogistic2068@gmail.com,Xenia,Heath,female,747-223-2837,Dearborn,United States,50793,New York,588 Buckingham,1953-09-13,320
crmid:9017714152,mankilling2040@gmail.com,Aaron,Sanders,male,204-591-7165,Benton,United States,07568,Oregon,502 Rankin,1938-01-26,1247
crmid:2294749917,benares1947@yahoo.com,Rochell,Castaneda,female,126-338-7467,Douglasville,United States,71821,Iowa,1229 Ora,1955-07-05,2960
crmid:2886382087,incisors1908@yahoo.com,Jame,Snow,male,667-309-3527,Shawnee,United States,56227,Indiana,1341 Ritch,1995-02-21,705
crmid:7450946189,evens2033@live.com,Kelle,Green,female,797-729-9530,Cudahy,United States,82447,Vermont,572 Old Mason,1952-11-09,1702
crmid:6415379375,electrolysis2069@gmail.com,Merrill,Fuentes,female,421-149-5771,Farmington,United States,30084,Illinois,261 Cornwall,1961-06-10,2647
crmid:4433570278,cruise1835@live.com,Jayson,Ware,male,179-660-0385,Thomasville,United States,08297,Illinois,952 Dehon,1931-05-30,1824
crmid:1168272851,brayed1866@yahoo.com,Delcie,Hill,female,200-133-3023,Elmira,United States,19312,Alabama,203 Weldon,1959-02-14,898
crmid:1165155277,devious2026@outlook.com,Taylor,Hamilton,male,389-858-7205,Brownsville,United States,83155,Connecticut,1187 Sotelo,1942-09-12,1511
crmid:3218116242,riverhead2004@live.com,Willard,Sweet,,990-518-7888,White Bear Lake,United States,94675,Missouri,1090 Parker,1991-04-23,971
crmid:4622082677,monkey2016@live.com,Jeromy,Rose,,732-451-6517,Middletown,United States,67629,Wyoming,300 Robert Kirk,1990-11-20,939
crmid:1073144890,herbivore1946@yahoo.com,Denis,Williamson,,023-002-1744,Grayslake,United States,93129,Maine,480 Bronte,1968-02-13,816
crmid:1427819076,topos1878@gmail.com,Kazuko,Summers,female,944-512-2208,Edgewater,United States,82019,Nevada,860 Miguel,1958-12-09,981
crmid:7313094070,drawlingly1899@outlook.com,Sparkle,Gallegos,female,236-622-5803,East Palo Alto,United States,48841,Iowa,680 Maddux,1957-08-11,467
crmid:6217232228,zanza2009@live.com,Latoyia,Prince,female,352-336-6146,Nicholasville,United States,52467,Louisiana,564 Mahan,1997-09-05,1036
