id,crmid,propensity_room_upgrade,propensity_extended_nights
orderid:629097,crmid:8960626871,3,4
orderid:788065,crmid:6866031034,5,4
orderid:400940,crmid:1086949740,6,4
orderid:513302,crmid:7404136958,8,6
orderid:762146,crmid:8454675964,5,3
orderid:337925,crmid:1880399666,4,4
orderid:964008,crmid:2868606345,4,3
orderid:252133,crmid:2977618981,3,2
orderid:679994,crmid:8862283928,5,3
orderid:501319,crmid:4246935024,5,4
orderid:133922,crmid:5547485720,4,4
orderid:777182,crmid:6568142121,2,4
orderid:615837,crmid:2812097839,4,4
orderid:471800,crmid:6300168812,3,2
orderid:615720,crmid:2555998857,2,5
orderid:261144,crmid:2752075719,5,5
orderid:425485,crmid:5084161960,4,2
orderid:775797,crmid:3065516440,9,3
orderid:121299,crmid:7876683041,4,5
orderid:667468,crmid:4853055828,4,4
orderid:698909,crmid:6109018893,7,3
orderid:551565,crmid:4469190768,5,3
orderid:115688,crmid:5985895138,10,5
orderid:725948,crmid:6937524811,6,4
orderid:180579,crmid:5550892240,4,2
orderid:184161,crmid:6157444331,5,4
orderid:232936,crmid:7564986859,6,6
orderid:874378,crmid:7141021405,4,6
orderid:737673,crmid:9933129580,3,4
orderid:499158,crmid:3900638327,4,4
orderid:817183,crmid:7266238858,3,4
orderid:796988,crmid:1556249995,6,4
orderid:796198,crmid:5286743839,3,4
orderid:525769,crmid:8235642415,4,6
orderid:172937,crmid:4622744438,5,4
orderid:370327,crmid:6611015670,8,4
orderid:882797,crmid:6780096966,5,3
orderid:276074,crmid:4358131720,3,3
orderid:384487,crmid:9800183282,5,8
orderid:677842,crmid:9002876714,5,3
orderid:370215,crmid:3397758789,9,4
orderid:309550,crmid:1121064315,4,4
orderid:147727,crmid:8108424947,4,3
orderid:101240,crmid:8046959676,4,4
orderid:424280,crmid:9840908034,5,4
orderid:347372,crmid:7254612016,3,5
orderid:188677,crmid:6967665173,5,7
orderid:171072,crmid:7359914086,3,2
orderid:426798,crmid:7069452192,5,5
orderid:661564,crmid:3820214746,4,4
orderid:753665,crmid:3804179497,3,4
orderid:172904,crmid:9387324271,3,5
orderid:919876,crmid:8695786339,3,3
orderid:182875,crmid:3990198229,3,8
orderid:510325,crmid:8933646477,7,5
orderid:542992,crmid:5419172764,4,2
orderid:717219,crmid:5062416376,6,2
orderid:463842,crmid:7848796755,6,9
orderid:616510,crmid:5855470429,3,5
orderid:398080,crmid:4096704803,10,4
orderid:993214,crmid:7483121383,3,5
orderid:823848,crmid:2466521134,3,4
orderid:128681,crmid:6267346260,3,3
orderid:371403,crmid:7255682102,6,5
orderid:663530,crmid:1728966317,4,4
orderid:684107,crmid:9529867803,8,3
orderid:951918,crmid:4356718488,4,4
orderid:452328,crmid:6454723606,4,3
orderid:522440,crmid:7333683500,4,4
orderid:424914,crmid:2165592756,3,4
orderid:493587,crmid:2427320804,6,4
orderid:562100,crmid:1447591318,4,9
orderid:648634,crmid:3438683597,9,5
orderid:857188,crmid:5935172719,5,7
orderid:734515,crmid:6446047142,4,3
orderid:829798,crmid:3814979567,4,10
orderid:126465,crmid:9351134333,3,4
orderid:706169,crmid:1122061512,3,3
orderid:320503,crmid:1912069991,6,3
orderid:155028,crmid:7056361581,4,5
orderid:255720,crmid:9376574929,8,4
orderid:587940,crmid:2025567514,2,5
orderid:970941,crmid:9267773155,3,5
orderid:569394,crmid:9334677913,4,5
orderid:595054,crmid:1654358679,5,3
orderid:137096,crmid:4944018424,4,5
orderid:362975,crmid:5725111828,3,6
orderid:780487,crmid:4997685808,4,5
orderid:897366,crmid:3124315058,2,2
orderid:374116,crmid:2542651983,3,4
orderid:676911,crmid:6126871546,3,2
orderid:659480,crmid:8940669381,4,3
orderid:859397,crmid:7844405091,5,3
orderid:494076,crmid:2907918853,8,6
orderid:896781,crmid:3713450627,5,3
orderid:577367,crmid:9105463027,4,4
orderid:977437,crmid:5194671225,6,5
orderid:306740,crmid:6583703544,3,5
orderid:952009,crmid:2097376115,8,3
orderid:587688,crmid:9003569147,5,3
