crmid,email,first_name,last_name,gender,mobile_telephone,city,country,zip,state,street_address,birthday,genre
crmid:6723299370,against1910@yahoo.aephandson.com,Darwin,Berg,,518-040-2771,Hamilton,United States,53112,Indiana,1147 Ritch,1969-10-20,Biography
crmid:4866498347,tapir1877@outlook.aephandson.com,Brain,Dillon,,457-644-2511,Glendale,United States,22980,North Carolina,309 Saddleback,1966-05-01,Sport
crmid:4540905226,murmuringly1902@outlook.aephandson.com,Florentino,Glass,,119-240-7242,Rockwall,United States,31735,Maine,1020 Friendship,1979-03-10,Fantasy
crmid:7164814417,bepimpling1984@live.aephandson.com,Arthur,Phillips,female,008-197-7669,Eau Claire,United States,04648,Rhode Island,339 Clifford,1957-01-23,Action
crmid:5924396689,coagulate1843@live.aephandson.com,Fredric,Decker,male,580-604-5811,Seguin,United States,62406,Colorado,636 Brussels,1940-04-08,Biography
crmid:2836698937,oxalyl2047@gmail.aephandson.com,Jordan,Martinez,male,350-138-4392,University Park,United States,81598,New Mexico,717 Bernice Rodgers,1994-02-11,Comedy
crmid:5329829582,protrusile2011@yahoo.aephandson.com,Illa,Nicholson,female,042-775-3467,Conroe,United States,27440,New Hampshire,574 Vassar,1950-04-21,Sport
crmid:5443663853,mayfly2068@live.aephandson.com,Julian,Case,,615-598-6097,Pocatello,United States,30834,North Dakota,384 Antonio,1980-08-01,Family
crmid:4444638890,doolittle1917@yandex.aephandson.com,Alberto,Jennings,,512-629-3333,Harlingen,United States,21442,Pennsylvania,239 Mallorca,1969-04-02,Thriller
crmid:9961263840,erykah1969@yahoo.aephandson.com,Jefferson,Clements,,136-696-7194,Long Beach,United States,42273,Texas,536 Marston,1984-07-29,Sport
crmid:5189697596,snuffing2018@live.aephandson.com,Robbie,Cooley,,363-249-1008,Gresham,United States,85957,New Jersey,402 Shafter,1968-09-27,Reality-TV
crmid:9412263284,fluyt1890@yandex.aephandson.com,Reid,Cooper,,619-179-0770,Midland,United States,52174,Wyoming,47 East Beach,1990-09-08,Action
crmid:5550414154,camata1979@outlook.aephandson.com,Alfredo,Gibbs,,391-638-4929,Norton Shores,United States,87094,Alabama,1387 Marine,1999-05-24,News
crmid:4863764441,acrorhagus2070@live.aephandson.com,Kendrick,Mayer,male,879-220-4449,Broken Arrow,United States,36095,Arkansas,43 Gateview 2,1941-06-18,Thriller
crmid:9163052217,chores1956@live.aephandson.com,Alexis,Langley,,193-821-4420,Huntsville,United States,29518,California,636 Circular,1974-04-02,Account Cancelation
crmid:2727884029,optimacy2005@gmail.aephandson.com,Lucius,Stokes,,900-308-2848,Fort Worth,United States,61370,Montana,18 Scott,1963-11-11,Animation
crmid:7571359670,overview1869@yandex.aephandson.com,Rico,Bennett,,254-838-0000,Lake Elsinore,United States,52950,Kentucky,984 Davis,1980-10-18,Fantasy
crmid:3337813575,madiga1849@outlook.aephandson.com,Delcie,Madden,female,810-991-9362,Pearl,United States,71151,Colorado,782 Deems,1953-10-04,Biography
crmid:8584170139,seersucker1824@outlook.aephandson.com,Allen,Nelson,male,550-098-4227,Brigham City,United States,05534,Maine,52 Blanche,1941-01-21,Drama
crmid:6656822026,unsearchable1951@outlook.aephandson.com,Mario,Wilder,,095-305-3676,Webster Groves,United States,48746,North Dakota,606 Dawnview,1988-12-27,Thriller
crmid:3733552779,laureate1996@yahoo.aephandson.com,Jewel,Shepherd,male,129-930-2049,Allentown,United States,88862,Georgia,489 Jules,1931-05-27,Fantasy
crmid:9287529280,vituperatory1954@yandex.aephandson.com,Noe,Rogers,,411-412-2990,Fitchburg,United States,54417,Maryland,959 Fratessa,1962-09-09,Action
crmid:3044326864,caribou1871@yandex.aephandson.com,Andres,Berger,male,086-101-8928,Asheville,United States,70190,Colorado,470 Ford,1934-01-03,Fantasy
crmid:3397303843,creative1901@outlook.aephandson.com,Maricruz,Prince,female,564-129-8847,Torrance,United States,19796,Indiana,849 Las Villas,1955-11-29,Fantasy
crmid:7454832836,insurgently1806@yahoo.aephandson.com,Minda,Cantrell,female,141-054-9780,Waco,United States,17336,Indiana,1310 Exeter,1948-06-05,Fantasy
crmid:9350866378,subglobularly1854@yahoo.aephandson.com,Beau,Sims,,153-479-8195,Killeen,United States,39789,Connecticut,312 Concourse,1977-05-22,Biography
crmid:3160656179,bommer1933@yahoo.aephandson.com,Seymour,Terry,,445-123-0768,Port Hueneme,United States,37409,Wyoming,347 Medau,1980-11-16,Westerns
crmid:4508597184,disquantity1808@outlook.aephandson.com,Jamey,Graham,,516-751-3414,Hallandale Beach,United States,15260,North Carolina,229 Child,1969-04-03,Animation
crmid:3046282773,everyone1984@yahoo.aephandson.com,Asa,Puckett,,328-106-8326,La Mirada,United States,32036,Mississippi,719 Sanches,1978-06-07,News
crmid:6792033387,apocynaceous1940@gmail.aephandson.com,Donnette,Huber,female,627-936-2256,Corinth,United States,99462,Utah,168 Gaviota,1950-10-05,Animation
crmid:1959343566,celsitude2009@gmail.aephandson.com,Harvey,Alford,,948-420-5986,Palmdale,United States,31860,Texas,447 Pierce,1971-11-07,Biography
crmid:7086551423,huddled2011@yandex.aephandson.com,Phylicia,Bruce,female,310-723-7402,Chester,United States,47143,Montana,63 Curtis,1946-07-04,Action
crmid:7465577959,saucerman2037@yahoo.aephandson.com,Lemuel,Haynes,,741-560-1917,Nashua,United States,86865,Hawaii,95 Catherine,1995-10-21,Reality-TV
crmid:5964323121,calefacient2069@yandex.aephandson.com,Kristeen,Suarez,female,392-242-5521,Paso Robles,United States,12251,Mississippi,1168 Jessie,1946-11-09,Thriller
crmid:7525838829,sunshiny2024@yahoo.aephandson.com,Manual,Olsen,male,786-850-9261,Battle Creek,United States,69657,Michigan,1279 Osceola,1936-10-13,Action
crmid:5798121806,achromic1853@gmail.aephandson.com,Moshe,Petty,,380-079-6030,Friendswood,United States,88157,Arizona,472 Clearfield,1964-09-06,Sport
crmid:4724116940,creeps1866@outlook.aephandson.com,Wei,Reed,female,641-340-1137,Champaign,United States,55796,Nevada,283 Omar,1946-09-24,Family
crmid:9931148862,bastion1869@yandex.aephandson.com,Edison,Glass,,677-622-7464,St. Clair Shores,United States,43230,Florida,1363 Emerson,1987-06-16,Westerns
crmid:5754068714,nephology1984@yahoo.aephandson.com,Bennie,Wyatt,male,822-888-1789,San Juan,United States,69076,Connecticut,405 Hicks,1945-01-23,Action
crmid:6765042398,newt1946@live.aephandson.com,Alfredo,Roy,,314-712-3755,Starkville,United States,47550,Alabama,1301 Reeves,1989-12-28,Mystery
crmid:4456139952,jollier1872@yandex.aephandson.com,Asa,Davidson,male,925-676-8173,Pharr,United States,02617,North Carolina,1382 Meade,1932-01-08,Fantasy
crmid:6555021546,anabasis1806@live.aephandson.com,Jarrod,Jennings,,979-607-1052,Grandview,United States,25940,New Mexico,169 Sfgh Access,1967-05-14,News
crmid:7148716537,aymara1929@yahoo.aephandson.com,Pierre,Weeks,,654-225-2997,Madison Heights,United States,83439,Minnesota,1181 Sweeny,1985-07-13,News
crmid:7337630720,senna1940@live.aephandson.com,Nigel,Cline,,449-356-7657,Nampa,United States,23589,Idaho,961 Potomac,1995-05-31,Horror
crmid:8447949122,microlitic2052@gmail.aephandson.com,Irving,Stephens,male,172-527-7734,Bergenfield,United States,98632,Mississippi,603 Van Keuren,1938-05-28,Reality-TV
crmid:7274854788,abalone1869@yandex.aephandson.com,Ned,Middleton,,940-382-8812,Huntington,United States,91761,Oregon,1149 Dashiell Hammett,1973-07-07,Comedy
crmid:6479109642,entomb1933@yandex.aephandson.com,Lanora,Malone,female,810-826-3029,East Moline,United States,21245,Pennsylvania,331 Bosworth,1957-05-18,Action
crmid:6441318744,desiri1921@live.aephandson.com,Colin,Ramirez,male,117-480-5092,Murrieta,United States,66901,New York,488 Costa,1994-12-31,Thriller
crmid:5643035860,drakes1916@live.aephandson.com,Otha,Camacho,female,530-269-3767,Clarksville,United States,81525,New Jersey,1257 Linares,1948-07-05,Drama
crmid:1657549784,exhibits1853@live.aephandson.com,Maris,Burke,female,004-973-8214,Columbia Heights,United States,91410,California,923 Prentiss,1949-06-04,Action
crmid:5605906821,allay1820@outlook.aephandson.com,Abraham,Padilla,,226-148-3447,Indian Trail,United States,88707,Ohio,825 Baxter,1974-05-27,Horror
crmid:8796798520,allocatur1808@yahoo.aephandson.com,Ward,Miles,,521-170-8988,Garden Grove,United States,28362,Mississippi,165 Telegraph Hill,1965-04-28,Animation
crmid:4963925457,bihai1918@yandex.aephandson.com,Bert,Avery,male,674-083-6915,Rohnert Park,United States,08064,Iowa,1010 Incinerator,1939-11-27,Reality-TV
crmid:3168624990,caking1810@yahoo.aephandson.com,Lory,Santana,female,441-903-1528,Crestview,United States,87869,Idaho,375 Elmhurst,1951-06-26,Mystery
crmid:3805936187,elephantseal1871@outlook.aephandson.com,Livia,Fox,female,308-340-3048,West Haven,United States,19219,Minnesota,11 Oak Hills,1951-10-31,Thriller
crmid:6243012312,restrains2042@yandex.aephandson.com,Gerard,Diaz,male,501-985-5978,Tupelo,United States,82144,Pennsylvania,53 Bella Vista,1934-04-08,History
crmid:9698980510,catie1824@yandex.aephandson.com,Chung,Ellis,male,662-069-9934,Blaine,United States,67962,Indiana,1074 Belvedere,1939-11-26,History
crmid:4088969878,starvation2012@outlook.aephandson.com,Gaylord,Kinney,male,946-997-9485,Olathe,United States,04594,New Hampshire,1279 Brook,1936-04-16,Reality-TV
crmid:8029587504,uncool1944@yahoo.aephandson.com,Hugh,Patrick,,498-847-3726,La Porte,United States,53936,Arizona,152 Kern,1979-09-26,History
crmid:8952096665,apotropaion1969@yahoo.aephandson.com,Duane,Johns,male,259-918-1080,South Plainfield,United States,04577,Arkansas,60 Kempton,1933-03-15,History
crmid:1732560337,upload1981@yahoo.aephandson.com,Chin,Carr,female,194-577-1830,Pico Rivera,United States,72038,South Dakota,844 Fisher,1997-04-25,Mystery
crmid:2345763858,imprimaturs1988@live.aephandson.com,Ambrose,Buckner,male,724-823-9562,Brook Park,United States,04993,Virginia,564 Eddy,1941-01-04,Family
crmid:8292939145,sapient1915@gmail.aephandson.com,Sherika,White,female,292-946-5263,Dayton,United States,89282,Missouri,764 Gorham,1953-08-31,History
crmid:3483130800,elevatory1898@live.aephandson.com,Carlton,Hamilton,,341-511-5425,Kokomo,United States,12064,Virginia,1005 Pacheco,1978-03-20,Action
crmid:7647555155,publicness2012@yahoo.aephandson.com,Ramiro,Black,,494-260-6213,Medina,United States,84466,Massachusetts,384 Pollard,1989-04-16,Westerns
crmid:3329370639,nonvicarious1857@yahoo.aephandson.com,Wiley,Cochran,,437-023-7034,Gloucester,United States,21614,Delaware,779 Redondo,1966-04-03,Animation
crmid:5806538334,costed1873@yahoo.aephandson.com,Rhett,House,,888-917-2852,Killeen,United States,92443,Georgia,343 Frederick,1977-05-09,Family
crmid:6241823677,espadon2008@gmail.aephandson.com,Ollie,Cain,,117-786-4694,Goleta,United States,15716,Arizona,834 Hillside,1967-02-18,Biography
crmid:3240637364,balaban1802@gmail.aephandson.com,Sadye,Johns,female,256-493-7485,Shawnee,United States,87145,Montana,455 Hickory,1949-08-15,Biography
crmid:2882982180,drift2001@gmail.aephandson.com,Gale,Vazquez,male,495-089-3111,New Albany,United States,98989,Arizona,805 Helena,1995-09-28,Horror
crmid:5230570447,basset1851@yandex.aephandson.com,Aubrey,Richard,,713-970-0276,Laguna Beach,United States,42721,Wisconsin,1063 Farnum,1979-08-18,History
crmid:4335471468,peristylium1997@yandex.aephandson.com,Phylicia,Cash,female,758-567-1225,Christiansburg,United States,41600,Massachusetts,1119 Rio Verde,1947-07-05,Action
crmid:2188756873,arithmogram2040@outlook.aephandson.com,Shay,Merrill,female,646-671-9842,Ontario,United States,16959,Vermont,1372 Science,1948-08-20,Animation
crmid:3889323473,mowstead1946@gmail.aephandson.com,Avery,Davis,,250-538-1416,Vernon Hills,United States,31362,New Hampshire,1337 Knott,1972-04-09,History
crmid:2119143015,articulate1902@yandex.aephandson.com,Clifford,Stout,,289-065-2425,Wauwatosa,United States,32181,Illinois,575 Vicente,1977-03-10,News
crmid:1329642389,chipmunk1929@live.aephandson.com,Meridith,Browning,female,704-357-5311,Starkville,United States,13421,Alabama,825 Hooper,1948-06-04,Fantasy
crmid:6043312276,consonantic1916@gmail.aephandson.com,Dario,Davis,,995-607-0779,La Vergne,United States,98192,Maine,631 Habitat,1979-01-27,Sport
crmid:9585992497,annoyer1951@yahoo.aephandson.com,Teodoro,Copeland,male,352-649-1290,Atwater,United States,58423,North Carolina,593 Kobbe,1934-09-07,Animation
crmid:1159398233,abundantia1976@gmail.aephandson.com,Harrison,Juarez,,652-726-4675,La Crosse,United States,67917,Kansas,193 Selma,1978-11-20,Thriller
crmid:5049289355,oxalyl2061@yahoo.aephandson.com,Johnny,Short,,001-525-1408,Maryville,United States,72325,Colorado,150 Athens,1987-12-11,News
crmid:5015328711,prosecutor1993@gmail.aephandson.com,Maryam,Kidd,female,372-839-8331,Englewood,United States,74403,North Carolina,1122 Kate,1959-12-12,Action
crmid:4528202335,subcompletion1970@outlook.aephandson.com,Nicholas,Harrell,male,503-529-1077,Carlsbad,United States,45535,Arkansas,1174 Milan,1944-07-13,Mystery
crmid:4339097482,irradiated1942@yahoo.aephandson.com,Gretta,Holmes,female,749-721-5587,Simi Valley,United States,97183,Wyoming,1105 Kansas,1961-04-14,Animation
crmid:1430679417,festellae1831@yahoo.aephandson.com,Olin,Barrett,male,461-286-9263,Wadsworth,United States,69902,Ohio,150 Bowman,1934-07-02,Fantasy
crmid:1159797356,emera1984@gmail.aephandson.com,Edwin,Savage,,857-702-6799,La Ca�ada Flintridge,United States,45680,South Carolina,1220 South Van Ness,1978-08-13,Animation
crmid:4365533591,counts1833@yandex.aephandson.com,Carmine,Doyle,,506-550-1780,Manitowoc,United States,29423,New York,129 West,1986-04-24,Sport
crmid:2219798997,undistant1928@yahoo.aephandson.com,Heidy,Webster,female,136-405-5283,Clearwater,United States,13760,Oregon,872 Shoup,1948-04-30,Animation
crmid:9361288268,sclerenchyme1965@live.aephandson.com,Yuette,Mcpherson,female,097-352-7896,Cornelius,United States,65473,California,992 Leidesdorff,1950-10-18,Family
crmid:8616133461,decrowning1864@yandex.aephandson.com,Harland,Cabrera,male,988-877-7086,Bremerton,United States,21198,Nebraska,1209 Java,1941-04-05,Comedy
crmid:3244460858,australi2017@yandex.aephandson.com,Arnulfo,Barrera,,153-373-6608,Highland Park,United States,04082,Montana,396 Racine,1971-02-15,Mystery
crmid:3251996194,scandic1830@yandex.aephandson.com,Susy,Donaldson,female,100-793-4649,Clinton,United States,94173,Mississippi,918 Bernard,1948-08-08,Reality-TV
crmid:7131664763,improve2054@outlook.aephandson.com,Leandro,Macias,,062-915-1055,Greenville,United States,11559,New York,15 Rockdale,1968-03-07,Comedy
crmid:5365375589,apologies1800@outlook.aephandson.com,Lucas,Gay,male,576-537-1655,Asheville,United States,38558,Oregon,1082 Halleck,1934-06-11,Family
crmid:1710456865,scorer1819@yandex.aephandson.com,Cory,Hyde,,792-351-5842,Owatonna,United States,48284,Wyoming,1106 Grijalva,1989-12-28,Animation
crmid:4104361371,molluscans1840@yahoo.aephandson.com,Donny,Charles,,653-159-0413,Grayslake,United States,70184,Colorado,1382 Vista,1968-12-06,Fantasy
crmid:6662464728,paludrin2070@yahoo.aephandson.com,Ricky,Gordon,male,853-501-3500,Bowie,United States,43160,Wisconsin,66 Osage,1940-08-12,News
crmid:3851128785,cochin1912@outlook.aephandson.com,Humberto,Peters,male,525-200-2150,Bay City,United States,97565,Indiana,932 Hulbert,1936-05-23,History
crmid:4778207012,veddoid2020@yandex.aephandson.com,Keneth,Ferguson,,572-293-8461,Westfield,United States,94113,Iowa,883 Redwood,1987-12-05,History
crmid:9200075751,herring1973@outlook.aephandson.com,Jamison,Zimmerman,male,837-260-8722,Tucson,United States,09538,Maryland,453 Westmoorland,1934-05-23,Reality-TV
crmid:8397103637,echinus1868@yandex.aephandson.com,Tommie,Contreras,male,466-541-9222,Cape Coral,United States,58595,Wisconsin,766 Dalewood,1944-09-07,Drama
crmid:6688274174,dejan1952@live.aephandson.com,Arnulfo,Rose,,059-126-1508,Forest Lake,United States,23773,Maryland,93 Gould,1962-05-01,Reality-TV
crmid:1733707016,alay1812@live.aephandson.com,Raul,Ellison,,178-126-6380,Waukegan,United States,75613,South Carolina,533 San Gabriel,1964-02-26,Sport
crmid:6759544440,aback2062@yahoo.aephandson.com,Orville,Rowland,male,111-660-2814,Yorkville,United States,58747,Massachusetts,1050 Alemany,1995-11-26,Family
crmid:8784953021,camelus1927@gmail.aephandson.com,Marquitta,Frederick,female,203-731-8417,North Augusta,United States,73084,Arkansas,1040 Lick,1998-03-12,Animation
crmid:3776079374,trochozoa2039@yandex.aephandson.com,Parker,Bass,,624-808-3453,Salinas,United States,23415,Minnesota,505 Parque,1963-08-12,News
crmid:8671837647,watercolors2040@yandex.aephandson.com,Lyla,Brewer,female,398-561-4636,Colonial Heights,United States,32439,North Dakota,1285 Roselyn,1949-06-04,Action
crmid:6728794425,unadmonished1861@live.aephandson.com,Aron,Bond,,060-078-6223,Fountain Valley,United States,59303,Oregon,1161 Cortes,1963-10-30,Sport
crmid:9177735203,pennyroyal1963@live.aephandson.com,Ignacio,Gross,,849-472-6633,Jacksonville Beach,United States,49538,New Hampshire,656 Bell,1975-08-26,Fantasy
crmid:9426952732,calinda1845@live.aephandson.com,Otto,Clark,,595-956-7805,Rancho Palos Verdes,United States,45704,New Hampshire,184 Galvez,1988-10-02,Reality-TV
crmid:7475461792,evaporative1975@gmail.aephandson.com,Dexter,Delgado,,909-833-8961,Lenexa,United States,05289,Michigan,575 Beideman,1982-02-07,Drama
crmid:1903617192,insular2011@yahoo.aephandson.com,Billie,Everett,,965-600-2244,McDonough,United States,64025,Vermont,1371 Polaris,1988-12-03,Drama
crmid:1846346823,toruloid1981@yandex.aephandson.com,Tien,Rhodes,female,920-045-5431,Oak Park,United States,85966,New Hampshire,498 Meda,1951-09-24,Fantasy
crmid:5427868454,drench1828@outlook.aephandson.com,Von,Owens,male,622-047-9899,Carbondale,United States,55875,Georgia,708 Julius,1944-10-22,News
crmid:7528719546,acetract1870@outlook.aephandson.com,Sal,Byers,,709-624-9788,Manteca,United States,32556,Pennsylvania,1237 West,1986-06-24,Thriller
crmid:5141032511,elberta2020@outlook.aephandson.com,Love,Stevenson,female,277-846-0381,Cicero,United States,79858,Indiana,613 H,1947-11-11,News
crmid:5359817280,gorgoniaceous2027@outlook.aephandson.com,Jesse,Fitzgerald,male,768-117-1991,San Marcos,United States,17835,New Hampshire,957 Archer,1943-10-10,News
crmid:4920226642,preview1871@yandex.aephandson.com,Jamar,Dixon,male,270-917-0686,Peabody,United States,02912,Virginia,1290 Cascade,1930-05-08,Animation
crmid:1581188240,basiophthalmite1915@live.aephandson.com,Joaquin,Erickson,,135-298-5397,Oak Harbor,United States,82027,West Virginia,911 Guerrero,1963-04-04,News
crmid:9720352897,burry1969@live.aephandson.com,Sebastian,Bryan,,315-803-1109,Klamath Falls,United States,44691,Louisiana,1111 Martinez,1978-07-24,Mystery
crmid:1168056263,pisiform1806@yandex.aephandson.com,Mitchell,Anderson,,216-272-9000,Tampa,United States,92598,West Virginia,1391 Boynton,1965-09-20,Family
crmid:1751404106,zapateo1840@live.aephandson.com,Benton,Dorsey,male,445-350-2394,Schertz,United States,58626,Colorado,597 South,1941-11-02,Comedy
crmid:9797072210,precogitation1852@live.aephandson.com,Kasandra,Beach,female,768-523-0448,Desert Hot Springs,United States,76052,Ohio,1118 Amatista,1954-09-20,Westerns
crmid:9425946338,nonradiable1880@outlook.aephandson.com,Lesley,Vaughn,male,429-245-1843,San Diego,United States,09971,Nebraska,543 San Buenaventura,1939-11-12,Action
crmid:8681784425,circulate1853@live.aephandson.com,Trevor,O'brien,,618-642-0484,Vero Beach,United States,36758,Oklahoma,1012 Ruth,1970-11-23,News
crmid:8284282548,computer2029@outlook.aephandson.com,Daniele,Head,female,973-974-8729,Tifton,United States,11735,New Hampshire,685 North,1953-11-04,Action
crmid:3954241212,sigmodont2020@gmail.aephandson.com,Cordell,Nguyen,,354-776-4464,Richardson,United States,24105,Arizona,1045 Madison,1965-05-15,Biography
crmid:3338903649,contrary1815@yandex.aephandson.com,Herman,O'neil,male,085-903-0218,Algonquin,United States,22008,North Dakota,168 Charlton,1931-05-22,Sport
crmid:3498225644,copperfield1806@yahoo.aephandson.com,Jerald,Finley,male,277-893-5664,Parkland,United States,52202,West Virginia,207 Majestic,1939-05-09,Action
crmid:8413552547,orchestric1999@yahoo.aephandson.com,Gene,Holloway,male,103-696-1306,Raleigh,United States,72878,Missouri,218 Belle,1936-04-14,News
crmid:7080410818,whammo1853@yahoo.aephandson.com,Bo,Burch,male,356-221-2504,Bainbridge Island,United States,86617,Pennsylvania,1159 Clayton,1935-11-28,Family
crmid:6988914139,spectrochemical1953@yandex.aephandson.com,Dave,Preston,,575-901-5421,Moraga,United States,05126,Minnesota,1085 Stoneybrook,1993-01-31,Action
crmid:8270977299,paediatric1822@gmail.aephandson.com,Morgan,Petty,male,367-312-1860,Broomfield,United States,89770,Rhode Island,705 Van Dyke,1942-07-23,Action
crmid:8568447459,aggregations1949@live.aephandson.com,Shayne,Glover,,949-324-9127,Phenix City,United States,98909,Michigan,779 Sherman,1982-11-30,Reality-TV
crmid:4420024318,campane1946@live.aephandson.com,Sharleen,Copeland,female,541-930-9504,Chester,United States,66138,Maine,1222 Magnolia,1946-11-20,Biography
crmid:1488454134,toxicologist1800@live.aephandson.com,Kraig,Parrish,,833-381-1508,Santa Maria,United States,68183,New Jersey,2 Jansen,1962-03-11,Action
crmid:2632216254,theolepsy1929@live.aephandson.com,Jamaal,Doyle,male,310-878-7097,Muskogee,United States,08232,Mississippi,663 Merrie,1994-02-27,News
crmid:3772158146,mavie1820@yandex.aephandson.com,Keneth,Weeks,,371-557-8125,West Chicago,United States,73673,Florida,81 Kirkwood,1970-02-23,History
crmid:2898948263,indris1860@gmail.aephandson.com,Rodrick,Dunlap,male,580-221-1348,Bellevue,United States,72075,Kentucky,106 Keyes,1937-08-09,Horror
crmid:3995178422,looseness1812@outlook.aephandson.com,Raleigh,Solis,male,290-909-4294,Addison,United States,88516,Mississippi,604 Beach,1930-08-27,Fantasy
crmid:7008359206,barracuda1884@gmail.aephandson.com,Lavenia,Sharpe,female,777-410-1961,Edwardsville,United States,27317,Washington,308 Selby,1958-05-27,Thriller
crmid:4364688795,abiding2046@yandex.aephandson.com,Dirk,Phelps,,634-842-3099,Springboro,United States,40621,Georgia,1049 Sickles,1986-02-21,Biography
crmid:2145602874,hardline2039@gmail.aephandson.com,Ollie,Bryan,male,972-282-0686,Titusville,United States,14068,Texas,960 Velasco,1945-10-14,Fantasy
crmid:2375392044,ethenyl2029@yandex.aephandson.com,Vincenzo,Rasmussen,,825-498-6766,Los Banos,United States,79051,South Carolina,1086 Rosenkranz,1984-04-02,Sport
crmid:2760899084,dingo2017@yahoo.aephandson.com,Florinda,Morales,female,011-862-2456,Faribault,United States,81386,Maine,869 Blake,1961-03-20,Mystery
crmid:3411565639,unsaturation1899@yahoo.aephandson.com,Manual,Villarreal,male,872-146-6168,Bossier City,United States,32583,Montana,179 Jason,1940-07-30,News
crmid:1297620917,daube1997@gmail.aephandson.com,James,Houston,,578-671-0047,Garfield Heights,United States,49648,Michigan,248 Water,1965-08-04,Sport
crmid:7508829055,angelfish1862@outlook.aephandson.com,Alton,Puckett,,358-502-1509,Goodlettsville,United States,34057,Delaware,492 Navy,1967-06-22,Reality-TV
crmid:2787635749,haplome2024@outlook.aephandson.com,Ernie,Mcdowell,male,722-757-7959,Atlanta,United States,15751,Minnesota,1032 Industrial,1934-04-19,Fantasy
crmid:6638241784,uakari1969@outlook.aephandson.com,Justin,Stuart,,440-063-0851,Milford,United States,88087,Colorado,1148 Mars,1990-08-29,Sport
crmid:4377616720,millistere2002@outlook.aephandson.com,Erin,Anderson,male,450-657-8813,Bethlehem,United States,15360,Colorado,1257 Carrie,1938-04-01,News
crmid:9606670157,aceology1908@yandex.aephandson.com,Tequila,Daniel,female,281-925-9979,Tulare,United States,15222,South Dakota,540 Croaker,1950-09-07,Thriller
crmid:8648477923,dentelle1881@outlook.aephandson.com,Duncan,Schmidt,,501-869-2730,North Tonawanda,United States,53487,Missouri,88 Tubbs,1999-10-09,Reality-TV
crmid:6233855977,amnesia1906@live.aephandson.com,Hiedi,Cummings,female,683-917-2476,Easley,United States,52542,Iowa,415 North,1956-10-07,Reality-TV
crmid:6414332378,uprooter2020@live.aephandson.com,Dick,Mclaughlin,male,470-260-8985,Bismarck,United States,17783,Washington,565 Bright,1939-03-19,Drama
crmid:7413793397,regroove1962@outlook.aephandson.com,Jeramy,Craft,,258-787-7123,Longview,United States,22253,Indiana,1165 Moraga,1984-04-22,Reality-TV
crmid:5543558454,meerkat1861@yandex.aephandson.com,Abe,Grant,male,530-332-6015,Brownsburg,United States,93515,Montana,352 Ardenwood,1942-01-12,News
crmid:9155907602,intercom2062@gmail.aephandson.com,Kendrick,Hodges,male,965-062-4828,Bowie,United States,31596,North Dakota,1039 Ashton,1940-06-14,Animation
crmid:6022607013,umbrellabird1964@gmail.aephandson.com,Nancee,O'neal,female,702-356-6435,Pekin,United States,81642,Arizona,524 Ashwood,1949-07-22,Sport
crmid:5233611540,internetwork1905@yandex.aephandson.com,Rodrick,Ford,male,705-015-2238,Yucca Valley,United States,94160,Oklahoma,369 Blandy,1942-08-10,Westerns
crmid:5602420289,leases1837@live.aephandson.com,Modesto,Patterson,,622-344-1992,Northport,United States,39268,Nebraska,870 Piedmont,1999-06-19,News
crmid:3804813867,erlenmeyer1947@gmail.aephandson.com,Kai,Baxter,female,871-303-8088,Yukon,United States,15006,Maine,767 John Maher,1948-09-08,Animation
crmid:8642969335,orchestric1960@live.aephandson.com,Romeo,Green,,422-151-3342,Michigan City,United States,50447,Massachusetts,879 Coleman,1990-09-08,News
crmid:2809792470,saarbrucken1819@outlook.aephandson.com,Roger,Mccarty,,711-609-9455,Napa,United States,42349,Arizona,355 Cambon,1995-07-23,Biography
crmid:5146105340,seiser2048@yahoo.aephandson.com,Wilfredo,Page,male,558-094-9846,Atascadero,United States,95360,Rhode Island,84 Byron,1934-11-19,Reality-TV
crmid:3167056665,cacara1883@gmail.aephandson.com,Mason,Love,,910-011-5471,Highland,United States,63430,Hawaii,1179 Orben,1971-11-23,News
crmid:6568425113,unpaste1854@yandex.aephandson.com,Dalton,Cooper,,868-694-7037,Haltom City,United States,70581,South Dakota,1398 Clifford,1969-12-26,Reality-TV
crmid:9334271615,anaesthetic1931@yandex.aephandson.com,Kris,Duffy,male,659-617-1333,Palisades Park,United States,50274,Hawaii,1088 Eldridge,1940-06-08,Action
crmid:4845361800,photogenous1885@yahoo.aephandson.com,Dorsey,Sargent,male,526-217-3719,Springdale,United States,19792,Maryland,430 Tenny,1944-03-26,News
crmid:3890344754,snobby1840@live.aephandson.com,Mike,Wiggins,,456-726-4670,Garner,United States,17914,New York,800 Cameo,1965-03-24,Drama
crmid:5825326800,amentulum2023@live.aephandson.com,Edmund,Wright,male,214-543-5883,Cape Girardeau,United States,97144,Louisiana,258 H,1944-12-24,History
crmid:7989800986,blotlessness1931@live.aephandson.com,Melaine,Ball,female,993-770-6047,Evansville,United States,38046,Michigan,839 Santa Rita,1960-06-02,Sport
crmid:7516468739,mouse1843@yandex.aephandson.com,Eduardo,Brewer,male,936-274-1367,San Bernardino,United States,08088,Colorado,661 Caire,1941-03-04,Biography
crmid:7829764212,decreers1925@outlook.aephandson.com,Maria,Suarez,,748-191-7899,Holland,United States,00846,Oklahoma,1085 Quartz,1972-02-16,News
crmid:3847711883,unpermeating1979@outlook.aephandson.com,Jamal,Rodriguez,male,790-133-9713,Ardmore,United States,27560,Georgia,432 Beeman,1933-05-25,Reality-TV
crmid:1586225351,digraph2002@gmail.aephandson.com,Fabian,Figueroa,male,709-109-3132,South Jordan,United States,71920,Montana,1313 Parker,1944-11-07,Biography
crmid:1416828359,saltee1934@gmail.aephandson.com,Claudio,Larson,,785-876-4632,Jeffersonville,United States,30070,Illinois,1104 Bigelow,1975-06-07,Drama
crmid:7139120547,semiticism1938@gmail.aephandson.com,Collin,Valdez,,529-363-0657,Margate,United States,41881,Pennsylvania,565 Haight,1986-07-03,Action
crmid:4881983179,dryers1846@yandex.aephandson.com,Maryrose,Walters,female,918-251-7841,Clearwater,United States,63106,Illinois,350 Taraval,1948-11-26,Thriller
crmid:4773954865,virgal1801@yahoo.aephandson.com,Timothy,Watkins,,302-193-0726,Takoma Park,United States,45569,Alabama,35 Marietta,1993-07-19,News
crmid:8619319451,hagmane1961@outlook.aephandson.com,Lillia,Avila,female,258-035-0520,Cleburne,United States,35943,Colorado,575 Brompton,1948-05-01,Reality-TV
crmid:7498084000,aichmophobia1894@gmail.aephandson.com,Willena,Chang,female,865-514-6615,Decatur,United States,50150,Utah,1256 Torrens,1953-09-06,Drama
crmid:6469395898,lobster1859@live.aephandson.com,Sharen,Donovan,female,906-961-4051,Chesterfield,United States,78289,Pennsylvania,1312 Ankeny,1946-12-19,Biography
crmid:7113229701,turkey1815@yahoo.aephandson.com,Bebe,York,female,065-337-2410,Chanhassen,United States,59714,Vermont,1281 Weldon,1946-10-02,Westerns
crmid:5819218041,desdemon1875@yahoo.aephandson.com,Irving,Hines,male,937-098-2084,Scarsdale,United States,78453,Massachusetts,806 Mission Rock,1932-05-14,Family
crmid:5541443450,herve2005@gmail.aephandson.com,Sanford,Blankenship,,996-508-4039,Newport,United States,73298,Wisconsin,157 Sutter,1997-12-22,Fantasy
crmid:6699130973,behead1915@outlook.aephandson.com,Lou,Kirby,,607-855-3076,Laguna Woods,United States,73648,Alabama,849 Grove,1979-12-24,Thriller
crmid:8816209926,viper2030@gmail.aephandson.com,Noe,Sexton,,156-265-3468,Munster,United States,93186,Virginia,260 Rossmoor,1994-08-13,Westerns
crmid:1785963974,ringdoves1863@gmail.aephandson.com,Dirk,Potter,,428-717-3103,Willmar,United States,67321,Arizona,422 Cowles,1965-07-18,History
crmid:2959380711,grouse2009@outlook.aephandson.com,Leo,Puckett,,126-363-6306,Glenview,United States,32376,Connecticut,1200 Pico,1966-05-09,Drama
crmid:2082490537,paleichthyology1987@gmail.aephandson.com,Clifton,Gordon,,551-914-2840,Johnson City,United States,06037,Utah,1269 Thrift,1975-01-27,Biography
crmid:1485940176,resignful1903@yandex.aephandson.com,Clinton,York,male,722-538-9078,Palmdale,United States,56948,Texas,983 Golf Course,1944-11-04,Mystery
crmid:8466421596,pipits1813@yahoo.aephandson.com,Monte,Huber,,296-484-1372,Lubbock,United States,79134,Maryland,1032 Automobile,1985-10-06,Reality-TV
crmid:9771630892,elephant1827@gmail.aephandson.com,Jamaal,Washington,,746-431-8963,Roanoke Rapids,United States,24820,Arkansas,872 Elmhurst,1964-03-14,History
crmid:1214498200,cypress2009@yahoo.aephandson.com,Emory,Hawkins,male,356-697-2243,Vallejo,United States,03969,Nebraska,735 Southard,1936-04-13,Family
crmid:9893794838,dormouse1980@gmail.aephandson.com,Karl,Roman,female,428-549-3436,San Diego,United States,27274,Minnesota,264 Raleigh,1961-12-24,News
crmid:3876518076,cannikin1814@live.aephandson.com,Kendrick,Pope,,834-742-8554,Greeley,United States,85538,Missouri,691 Avenue H,1968-02-20,Westerns
crmid:2182739683,adminstration1984@live.aephandson.com,Hans,Watkins,,571-018-8506,Riviera Beach,United States,59669,Connecticut,971 Watchman,1994-10-24,Mystery
crmid:2180193170,sulphurage1961@live.aephandson.com,Alton,Garrison,male,980-601-7439,Brockton,United States,99600,Texas,188 Calgary,1941-01-11,Fantasy
crmid:2892137412,arthuriana1929@yandex.aephandson.com,Arcelia,Stewart,female,411-046-8330,Chattanooga,United States,89871,Colorado,334 Stockton,1946-01-28,Fantasy
crmid:3807441259,lawless1865@yandex.aephandson.com,Bradley,Mcpherson,,781-138-6856,Logan,United States,86660,Delaware,122 Myra,1983-09-20,Reality-TV
