id,crmid,propensity_premium,propensity_high_speed
78f16802-83cb-11ea-8af1-b88a60e194fb,crmid:6723299370,5,4
78f363d8-83cb-11ea-94e8-b88a60e194fb,crmid:4866498347,8,4
78f5fbec-83cb-11ea-a71c-b88a60e194fb,crmid:4540905226,4,8
78f893e8-83cb-11ea-bef0-b88a60e194fb,crmid:7164814417,4,8
78fade30-83cb-11ea-9a66-b88a60e194fb,crmid:5924396689,8,4
78fd4edc-83cb-11ea-a826-b88a60e194fb,crmid:2836698937,4,7
78ff23a4-83cb-11ea-b195-b88a60e194fb,crmid:5329829582,4,8
79011f62-83cb-11ea-9421-b88a60e194fb,crmid:5443663853,4,8
79031b64-83cb-11ea-bd19-b88a60e194fb,crmid:4444638890,3,7
79056538-83cb-11ea-b1b3-b88a60e194fb,crmid:9961263840,4,8
790739d8-83cb-11ea-a1e6-b88a60e194fb,crmid:5189697596,5,10
79090ea6-83cb-11ea-a4c4-b88a60e194fb,crmid:9412263284,4,7
790b0a6c-83cb-11ea-9a5a-b88a60e194fb,crmid:5550414154,2,7
790d0636-83cb-11ea-a26e-b88a60e194fb,crmid:4863764441,9,5
790f2912-83cb-11ea-bbf4-b88a60e194fb,crmid:9163052217,4,9
791b5e14-83cb-11ea-bb29-b88a60e194fb,crmid:2727884029,10,3
791d0bba-83cb-11ea-a481-b88a60e194fb,crmid:7571359670,5,9
791e93ca-83cb-11ea-95d4-b88a60e194fb,crmid:3337813575,6,7
79201a92-83cb-11ea-83ef-b88a60e194fb,crmid:8584170139,7,5
7922162e-83cb-11ea-b147-b88a60e194fb,crmid:6656822026,8,4
7923ea78-83cb-11ea-a62c-b88a60e194fb,crmid:3733552779,4,9
7925be5e-83cb-11ea-9205-b88a60e194fb,crmid:9287529280,5,7
79276bf0-83cb-11ea-9a74-b88a60e194fb,crmid:3044326864,7,3
79298ec0-83cb-11ea-a51a-b88a60e194fb,crmid:3397303843,2,6
792b8a8c-83cb-11ea-b946-b88a60e194fb,crmid:7454832836,7,3
792d5f46-83cb-11ea-9ee3-b88a60e194fb,crmid:9350866378,4,8
792f8240-83cb-11ea-ad4d-b88a60e194fb,crmid:3160656179,5,9
793156fe-83cb-11ea-9873-b88a60e194fb,crmid:4508597184,7,4
79332bba-83cb-11ea-9349-b88a60e194fb,crmid:3046282773,7,5
7935278a-83cb-11ea-8fdb-b88a60e194fb,crmid:6792033387,8,6
793a30c0-83cb-11ea-ba9c-b88a60e194fb,crmid:1959343566,8,4
793c7a9c-83cb-11ea-816a-b88a60e194fb,crmid:7086551423,8,4
793ec482-83cb-11ea-ae08-b88a60e194fb,crmid:7465577959,6,10
7940c02c-83cb-11ea-859e-b88a60e194fb,crmid:5964323121,10,4
79426dda-83cb-11ea-8472-b88a60e194fb,crmid:7525838829,8,4
794490e8-83cb-11ea-aca0-b88a60e194fb,crmid:5798121806,8,3
794665c0-83cb-11ea-9891-b88a60e194fb,crmid:4724116940,9,3
79488888-83cb-11ea-910a-b88a60e194fb,crmid:9931148862,4,6
794aab4c-83cb-11ea-9559-b88a60e194fb,crmid:5754068714,5,9
794d4386-83cb-11ea-aed8-b88a60e194fb,crmid:6765042398,4,7
794fb47e-83cb-11ea-a705-b88a60e194fb,crmid:4456139952,9,4
7952255c-83cb-11ea-9aea-b88a60e194fb,crmid:6555021546,4,8
79542148-83cb-11ea-848a-b88a60e194fb,crmid:7148716537,4,10
79561d00-83cb-11ea-8c92-b88a60e194fb,crmid:7337630720,3,8
7957f1c0-83cb-11ea-8601-b88a60e194fb,crmid:8447949122,4,10
79622b06-83cb-11ea-ad6e-b88a60e194fb,crmid:7274854788,7,5
796fbf4c-83cb-11ea-a7de-b88a60e194fb,crmid:6479109642,3,9
7972578a-83cb-11ea-99a9-b88a60e194fb,crmid:6441318744,8,4
79747a8a-83cb-11ea-a65f-b88a60e194fb,crmid:5643035860,5,8
79769d28-83cb-11ea-afa4-b88a60e194fb,crmid:1657549784,8,3
79790e3a-83cb-11ea-883a-b88a60e194fb,crmid:5605906821,8,5
797c1b62-83cb-11ea-b38e-b88a60e194fb,crmid:8796798520,1,7
797da1f8-83cb-11ea-acc6-b88a60e194fb,crmid:4963925457,9,5
797f4fa8-83cb-11ea-80b0-b88a60e194fb,crmid:3168624990,8,4
7980fd52-83cb-11ea-9d0e-b88a60e194fb,crmid:3805936187,10,3
7982ab0c-83cb-11ea-86ec-b88a60e194fb,crmid:6243012312,4,8
79840c12-83cb-11ea-9b5c-b88a60e194fb,crmid:9698980510,4,8
798607f8-83cb-11ea-ad6e-b88a60e194fb,crmid:4088969878,7,4
7987b5d0-83cb-11ea-890b-b88a60e194fb,crmid:8029587504,8,6
79893c24-83cb-11ea-90d6-b88a60e194fb,crmid:8952096665,9,4
798ae9c6-83cb-11ea-928c-b88a60e194fb,crmid:1732560337,4,9
798c6f0c-83cb-11ea-8efd-b88a60e194fb,crmid:2345763858,7,3
798e6ac0-83cb-11ea-947b-b88a60e194fb,crmid:8292939145,7,4
798ff2cc-83cb-11ea-a1c6-b88a60e194fb,crmid:3483130800,5,7
7991528c-83cb-11ea-9a8d-b88a60e194fb,crmid:7647555155,5,9
7992d900-83cb-11ea-980f-b88a60e194fb,crmid:3329370639,5,10
79948578-83cb-11ea-88d9-b88a60e194fb,crmid:5806538334,9,6
7995e4f4-83cb-11ea-9a8e-b88a60e194fb,crmid:6241823677,4,7
799792a4-83cb-11ea-a104-b88a60e194fb,crmid:3240637364,10,3
7999406c-83cb-11ea-b363-b88a60e194fb,crmid:2882982180,8,3
799aef4a-83cb-11ea-8247-b88a60e194fb,crmid:5230570447,3,8
799cea3a-83cb-11ea-890c-b88a60e194fb,crmid:4335471468,9,3
799ebe9e-83cb-11ea-9475-b88a60e194fb,crmid:2188756873,3,7
79a06c50-83cb-11ea-8676-b88a60e194fb,crmid:3889323473,8,5
79a267ee-83cb-11ea-bed2-b88a60e194fb,crmid:2119143015,9,2
79a3ef9e-83cb-11ea-8fe3-b88a60e194fb,crmid:1329642389,5,8
79a54f1c-83cb-11ea-8966-b88a60e194fb,crmid:6043312276,8,6
79a6d4ca-83cb-11ea-8a43-b88a60e194fb,crmid:9585992497,7,3
79a85c0a-83cb-11ea-ba31-b88a60e194fb,crmid:1159398233,5,9
79aa3198-83cb-11ea-9aa5-b88a60e194fb,crmid:5049289355,7,5
79abded4-83cb-11ea-9d92-b88a60e194fb,crmid:5015328711,7,2
79ad3eba-83cb-11ea-91d7-b88a60e194fb,crmid:4528202335,6,3
79aec44c-83cb-11ea-a14c-b88a60e194fb,crmid:4339097482,7,4
79b0bfde-83cb-11ea-b81b-b88a60e194fb,crmid:1430679417,9,1
79b21f70-83cb-11ea-ae60-b88a60e194fb,crmid:1159797356,4,7
79b3cd1c-83cb-11ea-a890-b88a60e194fb,crmid:4365533591,4,9
79b57ada-83cb-11ea-9083-b88a60e194fb,crmid:2219798997,5,9
79b6da5e-83cb-11ea-9e2a-b88a60e194fb,crmid:9361288268,2,10
79b8b06c-83cb-11ea-8aa6-b88a60e194fb,crmid:8616133461,6,8
79ba3626-83cb-11ea-a985-b88a60e194fb,crmid:3244460858,4,7
79bb96ac-83cb-11ea-81af-b88a60e194fb,crmid:3251996194,9,3
79bd1d5c-83cb-11ea-822d-b88a60e194fb,crmid:7131664763,4,8
79bea280-83cb-11ea-8686-b88a60e194fb,crmid:5365375589,8,6
79c078ba-83cb-11ea-bf43-b88a60e194fb,crmid:1710456865,3,8
79c1fecc-83cb-11ea-b8d5-b88a60e194fb,crmid:4104361371,2,7
79c35e62-83cb-11ea-9b3b-b88a60e194fb,crmid:6662464728,4,9
79c4e40c-83cb-11ea-9e3a-b88a60e194fb,crmid:3851128785,4,7
79c69346-83cb-11ea-b711-b88a60e194fb,crmid:4778207012,10,4
79c84062-83cb-11ea-a5ab-b88a60e194fb,crmid:9200075751,3,6
79c9a058-83cb-11ea-8e3d-b88a60e194fb,crmid:8397103637,8,4
79cb268c-83cb-11ea-9ddb-b88a60e194fb,crmid:6688274174,3,7
79ccd352-83cb-11ea-a90f-b88a60e194fb,crmid:1733707016,10,4
79ce59e4-83cb-11ea-8245-b88a60e194fb,crmid:6759544440,8,3
79cfe088-83cb-11ea-a023-b88a60e194fb,crmid:8784953021,3,7
79d1b52e-83cb-11ea-825a-b88a60e194fb,crmid:3776079374,7,5
79d33bcc-83cb-11ea-8a91-b88a60e194fb,crmid:8671837647,7,4
79d510b0-83cb-11ea-96cf-b88a60e194fb,crmid:6728794425,4,7
79d6e6b6-83cb-11ea-997c-b88a60e194fb,crmid:9177735203,4,9
79d84658-83cb-11ea-888f-b88a60e194fb,crmid:9426952732,8,6
79d9f3d8-83cb-11ea-9fdb-b88a60e194fb,crmid:7475461792,5,8
79dbc8b6-83cb-11ea-bd03-b88a60e194fb,crmid:1903617192,9,3
79dd284c-83cb-11ea-ab69-b88a60e194fb,crmid:1846346823,9,4
79dead68-83cb-11ea-9f6f-b88a60e194fb,crmid:5427868454,8,6
79e00cf8-83cb-11ea-b7da-b88a60e194fb,crmid:7528719546,8,3
79e1bb68-83cb-11ea-8379-b88a60e194fb,crmid:5141032511,3,9
79e38f8c-83cb-11ea-8c01-b88a60e194fb,crmid:5359817280,7,3
79e51626-83cb-11ea-b8e6-b88a60e194fb,crmid:4920226642,5,7
79e7fcb4-83cb-11ea-89fd-b88a60e194fb,crmid:1581188240,4,7
79e9f980-83cb-11ea-86b1-b88a60e194fb,crmid:9720352897,8,3
79ec1afe-83cb-11ea-9a28-b88a60e194fb,crmid:1168056263,6,8
79ee16ae-83cb-11ea-b277-b88a60e194fb,crmid:1751404106,9,4
79efc5ee-83cb-11ea-b23e-b88a60e194fb,crmid:9797072210,5,9
79f1e74c-83cb-11ea-b085-b88a60e194fb,crmid:9425946338,9,3
79f395fa-83cb-11ea-9ec5-b88a60e194fb,crmid:8681784425,9,3
79f56a0c-83cb-11ea-ae93-b88a60e194fb,crmid:8284282548,7,4
79f78d9c-83cb-11ea-a966-b88a60e194fb,crmid:3954241212,8,2
79fa24b0-83cb-11ea-83b9-b88a60e194fb,crmid:3338903649,4,8
79fbf976-83cb-11ea-a209-b88a60e194fb,crmid:3498225644,3,8
79fdf522-83cb-11ea-9d6b-b88a60e194fb,crmid:8413552547,3,8
7a001966-83cb-11ea-90be-b88a60e194fb,crmid:7080410818,4,8
7a01ee52-83cb-11ea-ad0d-b88a60e194fb,crmid:6988914139,10,4
7a03c318-83cb-11ea-9c85-b88a60e194fb,crmid:8270977299,3,8
7a05bd50-83cb-11ea-8a7f-b88a60e194fb,crmid:8568447459,9,5
7a087c64-83cb-11ea-8f9e-b88a60e194fb,crmid:4420024318,9,2
7a0a7834-83cb-11ea-b629-b88a60e194fb,crmid:1488454134,3,10
7a0c4d02-83cb-11ea-bdcc-b88a60e194fb,crmid:2632216254,6,4
7a0e96dc-83cb-11ea-8614-b88a60e194fb,crmid:3772158146,8,4
7a112f10-83cb-11ea-8ddc-b88a60e194fb,crmid:2898948263,7,3
7a13c728-83cb-11ea-a661-b88a60e194fb,crmid:3995178422,7,4
7a163800-83cb-11ea-a21d-b88a60e194fb,crmid:7008359206,9,4
7a1833c2-83cb-11ea-80a7-b88a60e194fb,crmid:4364688795,3,6
7a1a2fac-83cb-11ea-8b0d-b88a60e194fb,crmid:2145602874,8,4
7a1c2b64-83cb-11ea-b746-b88a60e194fb,crmid:2375392044,4,7
7a1e4e64-83cb-11ea-b617-b88a60e194fb,crmid:2760899084,3,7
7a207128-83cb-11ea-9696-b88a60e194fb,crmid:3411565639,7,3
7a229426-83cb-11ea-b786-b88a60e194fb,crmid:1297620917,6,7
7a24b6e8-83cb-11ea-a85b-b88a60e194fb,crmid:7508829055,7,5
7a26d9cc-83cb-11ea-b910-b88a60e194fb,crmid:2787635749,2,7
7a28d594-83cb-11ea-b3a2-b88a60e194fb,crmid:6638241784,4,8
7a2ad1f6-83cb-11ea-93a9-b88a60e194fb,crmid:4377616720,4,9
7a2ccd26-83cb-11ea-ac43-b88a60e194fb,crmid:9606670157,7,4
7a2ec8fa-83cb-11ea-a9df-b88a60e194fb,crmid:8648477923,9,2
7a30c4c6-83cb-11ea-931c-b88a60e194fb,crmid:6233855977,9,4
7a32c090-83cb-11ea-8f69-b88a60e194fb,crmid:6414332378,5,5
7a34bc5e-83cb-11ea-9670-b88a60e194fb,crmid:7413793397,3,7
7a370662-83cb-11ea-b3f4-b88a60e194fb,crmid:5543558454,9,4
7a395054-83cb-11ea-a408-b88a60e194fb,crmid:9155907602,4,8
7a3e5958-83cb-11ea-a166-b88a60e194fb,crmid:6022607013,8,5
7a405528-83cb-11ea-bfbc-b88a60e194fb,crmid:5233611540,5,9
7a4277e8-83cb-11ea-a46a-b88a60e194fb,crmid:5602420289,8,5
7a449aee-83cb-11ea-b6ce-b88a60e194fb,crmid:3804813867,9,3
7a46bdee-83cb-11ea-b42c-b88a60e194fb,crmid:8642969335,8,3
7a48b98a-83cb-11ea-ab2c-b88a60e194fb,crmid:2809792470,5,7
7a4ab56c-83cb-11ea-8a02-b88a60e194fb,crmid:5146105340,3,9
7a4cff52-83cb-11ea-9c81-b88a60e194fb,crmid:3167056665,4,7
7a4f2234-83cb-11ea-8f3f-b88a60e194fb,crmid:6568425113,2,9
7a5144f4-83cb-11ea-893a-b88a60e194fb,crmid:9334271615,8,4
7a5367e4-83cb-11ea-92ad-b88a60e194fb,crmid:4845361800,3,6
7a558b46-83cb-11ea-a70c-b88a60e194fb,crmid:3890344754,4,7
7a578686-83cb-11ea-86f6-b88a60e194fb,crmid:5825326800,9,4
7a595b46-83cb-11ea-9c8b-b88a60e194fb,crmid:7989800986,9,3
7a5ae1e4-83cb-11ea-a5b5-b88a60e194fb,crmid:7516468739,3,8
7a64a64c-83cb-11ea-a3dc-b88a60e194fb,crmid:7829764212,8,3
7a66058a-83cb-11ea-9a0e-b88a60e194fb,crmid:3847711883,9,5
7a678c2e-83cb-11ea-8237-b88a60e194fb,crmid:1586225351,5,8
7a6912c2-83cb-11ea-92d4-b88a60e194fb,crmid:1416828359,10,2
7a6ac054-83cb-11ea-9413-b88a60e194fb,crmid:7139120547,9,5
7a6c6e1e-83cb-11ea-b41e-b88a60e194fb,crmid:4881983179,4,8
7a6df612-83cb-11ea-bdd1-b88a60e194fb,crmid:4773954865,4,8
7a6f5454-83cb-11ea-a76a-b88a60e194fb,crmid:8619319451,4,8
7a70b52e-83cb-11ea-a8e8-b88a60e194fb,crmid:7498084000,7,4
7a72887a-83cb-11ea-82b3-b88a60e194fb,crmid:6469395898,8,3
7a743638-83cb-11ea-9780-b88a60e194fb,crmid:7113229701,4,8
7a756eac-83cb-11ea-83a8-b88a60e194fb,crmid:5819218041,2,8
7a771dc6-83cb-11ea-8442-b88a60e194fb,crmid:5541443450,6,9
7a78a482-83cb-11ea-8ff0-b88a60e194fb,crmid:6699130973,10,5
7a7a77c6-83cb-11ea-b0a3-b88a60e194fb,crmid:8816209926,5,9
7a7bd74a-83cb-11ea-b370-b88a60e194fb,crmid:1785963974,9,5
7a7dad66-83cb-11ea-91d3-b88a60e194fb,crmid:2959380711,9,4
7a7f32f4-83cb-11ea-b780-b88a60e194fb,crmid:2082490537,8,4
7a81a46e-83cb-11ea-9fc6-b88a60e194fb,crmid:1485940176,4,6
7a83785e-83cb-11ea-8efe-b88a60e194fb,crmid:8466421596,8,4
7a84d7f0-83cb-11ea-ad34-b88a60e194fb,crmid:9771630892,4,8
7a8685e6-83cb-11ea-931d-b88a60e194fb,crmid:1214498200,5,9
7a88336e-83cb-11ea-8f24-b88a60e194fb,crmid:9893794838,5,7
7a89ba7a-83cb-11ea-a636-b88a60e194fb,crmid:3876518076,4,8
7a8b4090-83cb-11ea-8ae0-b88a60e194fb,crmid:2182739683,9,5
7a8cc734-83cb-11ea-bba7-b88a60e194fb,crmid:2180193170,4,7
7a8e7652-83cb-11ea-9e8b-b88a60e194fb,crmid:2892137412,6,8
7a9097ca-83cb-11ea-a268-b88a60e194fb,crmid:3807441259,9,4
