id,crmid,propensity_score_credit_cards,suggested_credit_card,propensity_score_loan,suggested_loan
2b48f5f8-4be1-11ea-9d1b-b88a60e194fb-1-ps,crmid:2891236161,3,Travel Card,4,Student Loan
2b49b968-4be1-11ea-a9b0-b88a60e194fb-1-ps,crmid:2844818612,4,Dividend Card,4,Student Loan
2b4b672c-4be1-11ea-a70d-b88a60e194fb-1-ps,crmid:9971762994,5,Platinum Card,5,Personal Loan
2b4c295e-4be1-11ea-86fb-b88a60e194fb-1-ps,crmid:2032707005,2,Dividend Card,3,Student Loan
2b4d13c8-4be1-11ea-b68b-b88a60e194fb-1-ps,crmid:4558842761,4,Rewards Card,4,Personal Loan
2b4dd866-4be1-11ea-9d4a-b88a60e194fb-1-ps,crmid:1891724845,4,Dividend Card,5,Auto Loan
2b4ec136-4be1-11ea-a044-b88a60e194fb-1-ps,crmid:6210136930,3,Dividend Card,4,Personal Loan
2b4f854a-4be1-11ea-8714-b88a60e194fb-1-ps,crmid:2576857074,3,Simplicity Card,9,Auto Loan
2b5048f6-4be1-11ea-951f-b88a60e194fb-1-ps,crmid:3610151938,5,Rewards Card,3,Business Loan
2b524398-4be1-11ea-9ea2-b88a60e194fb-1-ps,crmid:4065206951,4,Business Card,5,Personal Loan
2b5306e2-4be1-11ea-879f-b88a60e194fb-1-ps,crmid:3188825397,4,Student Card,3,Personal Loan
2b53a328-4be1-11ea-a94b-b88a60e194fb-1-ps,crmid:7431284952,4,Rewards Card,3,Business Loan
2b54b492-4be1-11ea-b282-b88a60e194fb-1-ps,crmid:8974334077,2,Platinum Card,4,Business Loan
2b559f9c-4be1-11ea-990f-b88a60e194fb-1-ps,crmid:6413623278,5,Student Card,4,Student Loan
2b56635c-4be1-11ea-9493-b88a60e194fb-1-ps,crmid:9088995411,9,Rewards Card,3,Personal Loan
2b57274c-4be1-11ea-ba10-b88a60e194fb-1-ps,crmid:3973367047,4,Business Card,5,Business Loan
2b59488a-4be1-11ea-98f6-b88a60e194fb-1-ps,crmid:7072395623,4,Business Card,4,Personal Loan
2b5aa828-4be1-11ea-a7d7-b88a60e194fb-1-ps,crmid:4444258571,3,Travel Card,4,Business Loan
2b5c07a6-4be1-11ea-b3f4-b88a60e194fb-1-ps,crmid:8963317741,5,Dividend Card,5,Personal Loan
2b5d401c-4be1-11ea-bdf1-b88a60e194fb-1-ps,crmid:6584539119,3,Rewards Card,4,Personal Loan
2b5e04ca-4be1-11ea-88b8-b88a60e194fb-1-ps,crmid:9207678578,4,Business Card,6,Personal Loan
2b5ec836-4be1-11ea-beed-b88a60e194fb-1-ps,crmid:3896471205,3,Rewards Card,4,Student Loan
2b5f8a22-4be1-11ea-ac24-b88a60e194fb-1-ps,crmid:2391325607,6,Business Card,10,Business Loan
2b61d48c-4be1-11ea-b9de-b88a60e194fb-1-ps,crmid:9785565190,3,Travel Card,4,Business Loan
2b6298b4-4be1-11ea-908a-b88a60e194fb-1-ps,crmid:4217273205,6,Travel Card,4,Business Loan
2b6334ec-4be1-11ea-959a-b88a60e194fb-1-ps,crmid:8537114617,5,Rewards Card,4,Student Loan
2b644526-4be1-11ea-a3de-b88a60e194fb-1-ps,crmid:7511495311,3,Rewards Card,4,Student Loan
2b6509a8-4be1-11ea-9924-b88a60e194fb-1-ps,crmid:1053487023,4,Rewards Card,4,Student Loan
2b65f33a-4be1-11ea-b4ec-b88a60e194fb-1-ps,crmid:6342594071,5,Business Card,7,Personal Loan
2b66dd1e-4be1-11ea-9158-b88a60e194fb-1-ps,crmid:8265405094,4,Business Card,3,Business Loan
2b694f6e-4be1-11ea-b103-b88a60e194fb-1-ps,crmid:2190151744,5,Student Card,4,Personal Loan
2b6a12dc-4be1-11ea-8bb6-b88a60e194fb-1-ps,crmid:6101957899,8,Rewards Card,1,Auto Loan
2b6ad63a-4be1-11ea-ab75-b88a60e194fb-1-ps,crmid:7574285273,4,Platinum Card,4,Personal Loan
2b6be6cc-4be1-11ea-99a3-b88a60e194fb-1-ps,crmid:7638205336,4,Travel Card,5,Personal Loan
2b6caada-4be1-11ea-a70f-b88a60e194fb-1-ps,crmid:1533981003,4,Travel Card,4,Business Loan
2b6d93be-4be1-11ea-9ba4-b88a60e194fb-1-ps,crmid:6125641703,5,Simplicity Card,5,Auto Loan
2b6e5870-4be1-11ea-be41-b88a60e194fb-1-ps,crmid:9572163748,3,Simplicity Card,7,Auto Loan
2b707b58-4be1-11ea-9bb5-b88a60e194fb-1-ps,crmid:5048856708,5,Business Card,7,Student Loan
2b7165a8-4be1-11ea-bdaa-b88a60e194fb-1-ps,crmid:7102508946,5,Business Card,7,Business Loan
2b7227ba-4be1-11ea-9937-b88a60e194fb-1-ps,crmid:8074958988,4,Travel Card,4,Business Loan
2b731338-4be1-11ea-8a7c-b88a60e194fb-1-ps,crmid:1858367517,4,Business Card,3,Personal Loan
2b73d546-4be1-11ea-a3d6-b88a60e194fb-1-ps,crmid:9447891644,4,Student Card,4,Auto Loan
2b749a00-4be1-11ea-81c5-b88a60e194fb-1-ps,crmid:2570441797,4,Student Card,2,Business Loan
2b7583c2-4be1-11ea-bef9-b88a60e194fb-1-ps,crmid:4500253610,3,Dividend Card,4,Business Loan
2b77f562-4be1-11ea-b95f-b88a60e194fb-1-ps,crmid:5938095331,3,Simplicity Card,4,Personal Loan
2b78b86e-4be1-11ea-8552-b88a60e194fb-1-ps,crmid:7706164666,4,Simplicity Card,4,Business Loan
2b797aa2-4be1-11ea-9632-b88a60e194fb-1-ps,crmid:5128924932,4,Platinum Card,5,Auto Loan
2b7a665e-4be1-11ea-817f-b88a60e194fb-1-ps,crmid:3457897482,6,Rewards Card,4,Auto Loan
2b7b29a8-4be1-11ea-afd5-b88a60e194fb-1-ps,crmid:7774621616,4,Rewards Card,4,Student Loan
2b7becf8-4be1-11ea-8821-b88a60e194fb-1-ps,crmid:5900906886,5,Travel Card,5,Business Loan
2b7cafe8-4be1-11ea-b47e-b88a60e194fb-1-ps,crmid:9448732793,4,Platinum Card,2,Personal Loan
2b7f6e24-4be1-11ea-a3fb-b88a60e194fb-1-ps,crmid:3164458014,4,Business Card,4,Student Loan
2b80589c-4be1-11ea-8284-b88a60e194fb-1-ps,crmid:1289502267,5,Student Card,3,Auto Loan
2b820646-4be1-11ea-bde9-b88a60e194fb-1-ps,crmid:7549729469,4,Rewards Card,2,Personal Loan
2b82c992-4be1-11ea-9c93-b88a60e194fb-1-ps,crmid:6628395927,6,Rewards Card,3,Business Loan
2b838ce4-4be1-11ea-b200-b88a60e194fb-1-ps,crmid:2754234812,4,Platinum Card,3,Business Loan
2b845034-4be1-11ea-9596-b88a60e194fb-1-ps,crmid:3497073031,5,Student Card,2,Business Loan
2b851388-4be1-11ea-b781-b88a60e194fb-1-ps,crmid:6684979834,4,Simplicity Card,8,Student Loan
2b87fb00-4be1-11ea-89e7-b88a60e194fb-1-ps,crmid:8881317170,3,Platinum Card,5,Personal Loan
2b88be34-4be1-11ea-9553-b88a60e194fb-1-ps,crmid:8526776867,3,Platinum Card,5,Personal Loan
2b89816e-4be1-11ea-b600-b88a60e194fb-1-ps,crmid:2958356240,6,Simplicity Card,5,Business Loan
2b8a921c-4be1-11ea-9e66-b88a60e194fb-1-ps,crmid:8406696290,9,Travel Card,5,Student Loan
2b8b54ee-4be1-11ea-b31d-b88a60e194fb-1-ps,crmid:7239128839,3,Student Card,4,Personal Loan
2b8c3f5e-4be1-11ea-89fa-b88a60e194fb-1-ps,crmid:4794826005,3,Rewards Card,4,Auto Loan
2b8d2ac6-4be1-11ea-b7fc-b88a60e194fb-1-ps,crmid:9485498094,4,Simplicity Card,4,Personal Loan
2b903840-4be1-11ea-9544-b88a60e194fb-1-ps,crmid:9765198849,4,Dividend Card,4,Auto Loan
2b90fbf4-4be1-11ea-9f79-b88a60e194fb-1-ps,crmid:8675599101,5,Travel Card,4,Personal Loan
2b91e49e-4be1-11ea-885d-b88a60e194fb-1-ps,crmid:3830183392,3,Business Card,5,Business Loan
2b92a9a8-4be1-11ea-91da-b88a60e194fb-1-ps,crmid:9738107857,5,Student Card,4,Personal Loan
2b936c9c-4be1-11ea-888d-b88a60e194fb-1-ps,crmid:5362232361,2,Simplicity Card,3,Personal Loan
2b9408d0-4be1-11ea-973f-b88a60e194fb-1-ps,crmid:7396364497,5,Rewards Card,7,Auto Loan
2b951900-4be1-11ea-8a71-b88a60e194fb-1-ps,crmid:1984814689,4,Rewards Card,2,Personal Loan
2b97ff14-4be1-11ea-829f-b88a60e194fb-1-ps,crmid:3657151198,3,Travel Card,3,Student Loan
2b98c274-4be1-11ea-b49a-b88a60e194fb-1-ps,crmid:8184226975,4,Simplicity Card,6,Personal Loan
2b9986f0-4be1-11ea-a0e9-b88a60e194fb-1-ps,crmid:4528971341,3,Student Card,4,Personal Loan
2b9a4a6e-4be1-11ea-83f8-b88a60e194fb-1-ps,crmid:8579247475,3,Travel Card,4,Auto Loan
2b9b0da6-4be1-11ea-b777-b88a60e194fb-1-ps,crmid:2347966128,4,Dividend Card,4,Auto Loan
2b9bcff6-4be1-11ea-9006-b88a60e194fb-1-ps,crmid:2801998783,5,Dividend Card,5,Auto Loan
2b9c945c-4be1-11ea-8e47-b88a60e194fb-1-ps,crmid:8471486341,2,Dividend Card,4,Personal Loan
2b9fc788-4be1-11ea-ae69-b88a60e194fb-1-ps,crmid:6251299328,3,Simplicity Card,2,Auto Loan
2ba08be8-4be1-11ea-be42-b88a60e194fb-1-ps,crmid:7076007914,5,Simplicity Card,5,Business Loan
2ba14ede-4be1-11ea-b7fa-b88a60e194fb-1-ps,crmid:9315435435,4,Simplicity Card,8,Business Loan
2ba23900-4be1-11ea-9e4b-b88a60e194fb-1-ps,crmid:8237806594,4,Rewards Card,4,Auto Loan
2ba32334-4be1-11ea-8e51-b88a60e194fb-1-ps,crmid:3203756858,4,Business Card,4,Business Loan
2ba3e668-4be1-11ea-9025-b88a60e194fb-1-ps,crmid:4280245055,4,Platinum Card,7,Business Loan
2ba4a970-4be1-11ea-bd30-b88a60e194fb-1-ps,crmid:3668049351,3,Simplicity Card,2,Business Loan
2ba804a8-4be1-11ea-950b-b88a60e194fb-1-ps,crmid:8956237173,5,Dividend Card,4,Auto Loan
2ba8c7e4-4be1-11ea-b097-b88a60e194fb-1-ps,crmid:1193763927,5,Business Card,3,Auto Loan
2ba9d958-4be1-11ea-98df-b88a60e194fb-1-ps,crmid:5540384147,3,Rewards Card,3,Personal Loan
2baa9c9c-4be1-11ea-8861-b88a60e194fb-1-ps,crmid:5987413969,4,Travel Card,4,Personal Loan
2bab5fe6-4be1-11ea-9baf-b88a60e194fb-1-ps,crmid:5502864722,1,Travel Card,4,Personal Loan
2bac4a4c-4be1-11ea-9faf-b88a60e194fb-1-ps,crmid:5187047635,5,Platinum Card,6,Personal Loan
2bace692-4be1-11ea-a03c-b88a60e194fb-1-ps,crmid:8223538595,3,Platinum Card,4,Student Loan
2bb09012-4be1-11ea-bc16-b88a60e194fb-1-ps,crmid:6320072696,3,Business Card,5,Auto Loan
2bb12c4a-4be1-11ea-93d0-b88a60e194fb-1-ps,crmid:2525995368,4,Dividend Card,5,Auto Loan
2bb1ef9e-4be1-11ea-ad95-b88a60e194fb-1-ps,crmid:4352295069,4,Travel Card,5,Student Loan
2bb2b2f4-4be1-11ea-b31c-b88a60e194fb-1-ps,crmid:1075612803,5,Rewards Card,8,Personal Loan
2bb39dc2-4be1-11ea-9c54-b88a60e194fb-1-ps,crmid:4050444690,3,Business Card,4,Personal Loan
2bb43988-4be1-11ea-af3e-b88a60e194fb-1-ps,crmid:2433761190,4,Travel Card,1,Personal Loan
2bb4fcd8-4be1-11ea-8d5f-b88a60e194fb-1-ps,crmid:8460331671,4,Simplicity Card,5,Personal Loan
2bb8a664-4be1-11ea-8686-b88a60e194fb-1-ps,crmid:9663576980,4,Student Card,4,Business Loan
2bb990be-4be1-11ea-946d-b88a60e194fb-1-ps,crmid:1192442076,4,Simplicity Card,5,Personal Loan
2bba54c2-4be1-11ea-957c-b88a60e194fb-1-ps,crmid:5155177587,5,Dividend Card,4,Business Loan
2bbb3e66-4be1-11ea-845e-b88a60e194fb-1-ps,crmid:8591462947,4,Student Card,6,Personal Loan
2bbc28d8-4be1-11ea-be24-b88a60e194fb-1-ps,crmid:1562299372,2,Travel Card,7,Personal Loan
2bbd132e-4be1-11ea-98ff-b88a60e194fb-1-ps,crmid:8729934275,5,Simplicity Card,6,Auto Loan
2bbdd674-4be1-11ea-ac62-b88a60e194fb-1-ps,crmid:8759308582,3,Platinum Card,4,Auto Loan
2bc1f530-4be1-11ea-a786-b88a60e194fb-1-ps,crmid:5080634772,4,Travel Card,4,Auto Loan
2bc2b9be-4be1-11ea-96eb-b88a60e194fb-1-ps,crmid:5982794910,5,Student Card,4,Personal Loan
2bc3a2ee-4be1-11ea-a1d2-b88a60e194fb-1-ps,crmid:7861860896,3,Travel Card,3,Personal Loan
2bc48d34-4be1-11ea-9595-b88a60e194fb-1-ps,crmid:3808580549,4,Student Card,2,Business Loan
2bc59ecc-4be1-11ea-a73f-b88a60e194fb-1-ps,crmid:7357556185,4,Platinum Card,4,Business Loan
2bc6b024-4be1-11ea-a143-b88a60e194fb-1-ps,crmid:9468723306,3,Travel Card,4,Student Loan
2bc7c1a4-4be1-11ea-89d0-b88a60e194fb-1-ps,crmid:2569243396,2,Simplicity Card,3,Personal Loan
2bcbb9e2-4be1-11ea-8216-b88a60e194fb-1-ps,crmid:5525909887,3,Simplicity Card,7,Personal Loan
2bcc7dd8-4be1-11ea-8fdd-b88a60e194fb-1-ps,crmid:2150053793,4,Travel Card,3,Auto Loan
2bcd66e8-4be1-11ea-8ed6-b88a60e194fb-1-ps,crmid:8759180935,5,Dividend Card,3,Personal Loan
2bce2a30-4be1-11ea-a628-b88a60e194fb-1-ps,crmid:7507355408,4,Student Card,4,Auto Loan
2bceeee6-4be1-11ea-8c8a-b88a60e194fb-1-ps,crmid:3355837960,5,Dividend Card,6,Auto Loan
2bcfd80a-4be1-11ea-a390-b88a60e194fb-1-ps,crmid:7954802681,7,Rewards Card,5,Personal Loan
2bd09b38-4be1-11ea-9d5b-b88a60e194fb-1-ps,crmid:6090230563,4,Rewards Card,4,Student Loan
2bd4bb3a-4be1-11ea-96df-b88a60e194fb-1-ps,crmid:2479413129,4,Simplicity Card,5,Personal Loan
2bd57e8a-4be1-11ea-9995-b88a60e194fb-1-ps,crmid:9932375792,5,Travel Card,6,Student Loan
2bd6b626-4be1-11ea-9108-b88a60e194fb-1-ps,crmid:2140984290,4,Platinum Card,4,Auto Loan
2bd77a6e-4be1-11ea-9caf-b88a60e194fb-1-ps,crmid:9344425300,4,Student Card,5,Auto Loan
2bd83d2e-4be1-11ea-a254-b88a60e194fb-1-ps,crmid:6257168224,4,Platinum Card,6,Auto Loan
2bd9002e-4be1-11ea-99d1-b88a60e194fb-1-ps,crmid:8165775428,4,Platinum Card,7,Personal Loan
2bd9e9f8-4be1-11ea-b56a-b88a60e194fb-1-ps,crmid:2392630163,4,Platinum Card,3,Personal Loan
2bde089e-4be1-11ea-8dbb-b88a60e194fb-1-ps,crmid:2522015537,3,Simplicity Card,4,Business Loan
2bdf1a08-4be1-11ea-8b0c-b88a60e194fb-1-ps,crmid:4977274034,5,Travel Card,3,Auto Loan
2be02b8c-4be1-11ea-82f6-b88a60e194fb-1-ps,crmid:1573207464,3,Rewards Card,4,Business Loan
2be115dc-4be1-11ea-b4f7-b88a60e194fb-1-ps,crmid:4397281223,5,Travel Card,4,Personal Loan
2be1d91a-4be1-11ea-af88-b88a60e194fb-1-ps,crmid:1347716118,4,Student Card,2,Business Loan
2be29c6e-4be1-11ea-92fa-b88a60e194fb-1-ps,crmid:7966258126,4,Simplicity Card,3,Auto Loan
2be35fb8-4be1-11ea-b118-b88a60e194fb-1-ps,crmid:3185333037,4,Dividend Card,4,Auto Loan
2be77e70-4be1-11ea-a5b2-b88a60e194fb-1-ps,crmid:1023473443,5,Business Card,6,Business Loan
2be8b840-4be1-11ea-a7be-b88a60e194fb-1-ps,crmid:2873366075,4,Travel Card,5,Business Loan
2be9c9f0-4be1-11ea-bce3-b88a60e194fb-1-ps,crmid:6462183246,5,Simplicity Card,3,Personal Loan
2bea8bb0-4be1-11ea-9534-b88a60e194fb-1-ps,crmid:4705866668,2,Dividend Card,4,Business Loan
2beb4f06-4be1-11ea-a3d3-b88a60e194fb-1-ps,crmid:2971581911,2,Dividend Card,4,Personal Loan
2bec3966-4be1-11ea-b154-b88a60e194fb-1-ps,crmid:4933502354,3,Simplicity Card,6,Business Loan
2becfcb0-4be1-11ea-a40b-b88a60e194fb-1-ps,crmid:6158304187,3,Student Card,4,Personal Loan
2bf1426e-4be1-11ea-9792-b88a60e194fb-1-ps,crmid:7449884488,3,Business Card,4,Personal Loan
2bf27b62-4be1-11ea-93b7-b88a60e194fb-1-ps,crmid:2327131617,5,Business Card,2,Personal Loan
2bf3b378-4be1-11ea-82af-b88a60e194fb-1-ps,crmid:7613388211,6,Simplicity Card,2,Student Loan
2bf49e54-4be1-11ea-be75-b88a60e194fb-1-ps,crmid:2888706069,6,Rewards Card,5,Student Loan
2bf5fe18-4be1-11ea-b60f-b88a60e194fb-1-ps,crmid:5131924256,3,Travel Card,4,Auto Loan
2bf6c100-4be1-11ea-afda-b88a60e194fb-1-ps,crmid:5095946765,4,Travel Card,7,Personal Loan
2bf7ab14-4be1-11ea-ba4a-b88a60e194fb-1-ps,crmid:6582076571,5,Student Card,4,Student Loan
2bfc6600-4be1-11ea-a89c-b88a60e194fb-1-ps,crmid:2210436223,2,Platinum Card,3,Business Loan
2bfd505c-4be1-11ea-b4ad-b88a60e194fb-1-ps,crmid:7037006657,3,Travel Card,5,Student Loan
2bfdec9c-4be1-11ea-87fb-b88a60e194fb-1-ps,crmid:3270428923,2,Student Card,3,Student Loan
2bfefe1a-4be1-11ea-a759-b88a60e194fb-1-ps,crmid:2080613921,8,Rewards Card,4,Personal Loan
2bff9bd8-4be1-11ea-b290-b88a60e194fb-1-ps,crmid:3694086691,3,Platinum Card,4,Business Loan
2c005f06-4be1-11ea-b9e0-b88a60e194fb-1-ps,crmid:7317467992,4,Business Card,5,Auto Loan
2c014828-4be1-11ea-8a61-b88a60e194fb-1-ps,crmid:6413435597,4,Rewards Card,2,Business Loan
2c062b5c-4be1-11ea-a15d-b88a60e194fb-1-ps,crmid:7830272254,4,Platinum Card,5,Personal Loan
2c07167e-4be1-11ea-b1c8-b88a60e194fb-1-ps,crmid:8059180115,4,Travel Card,3,Auto Loan
2c07b238-4be1-11ea-b063-b88a60e194fb-1-ps,crmid:7485207321,4,Simplicity Card,6,Student Loan
2c089bc2-4be1-11ea-8c7b-b88a60e194fb-1-ps,crmid:7790776676,4,Simplicity Card,2,Auto Loan
2c093758-4be1-11ea-b910-b88a60e194fb-1-ps,crmid:5781404921,4,Travel Card,3,Business Loan
2c09fbf4-4be1-11ea-a630-b88a60e194fb-1-ps,crmid:6739971721,4,Rewards Card,4,Personal Loan
2c0ae514-4be1-11ea-9650-b88a60e194fb-1-ps,crmid:6044628537,5,Dividend Card,5,Personal Loan
2c0fc7f4-4be1-11ea-aa0e-b88a60e194fb-1-ps,crmid:1978378825,4,Student Card,4,Auto Loan
2c108a3a-4be1-11ea-b882-b88a60e194fb-1-ps,crmid:7462788347,3,Student Card,9,Personal Loan
2c114eb0-4be1-11ea-b32c-b88a60e194fb-1-ps,crmid:6102095618,4,Travel Card,4,Personal Loan
2c12120a-4be1-11ea-abf1-b88a60e194fb-1-ps,crmid:5223097467,7,Travel Card,5,Personal Loan
2c12d5be-4be1-11ea-9d1f-b88a60e194fb-1-ps,crmid:2277935537,4,Simplicity Card,3,Business Loan
2c1397b0-4be1-11ea-b9d3-b88a60e194fb-1-ps,crmid:2673887460,4,Platinum Card,3,Auto Loan
2c14a8ee-4be1-11ea-bc93-b88a60e194fb-1-ps,crmid:8609031057,3,Dividend Card,3,Student Loan
2c1aeb7a-4be1-11ea-a88c-b88a60e194fb-1-ps,crmid:9129894930,5,Student Card,3,Auto Loan
2c1bd5ee-4be1-11ea-b334-b88a60e194fb-1-ps,crmid:2481437667,5,Dividend Card,5,Personal Loan
2c1cbf3a-4be1-11ea-a35d-b88a60e194fb-1-ps,crmid:4058783862,4,Simplicity Card,5,Student Loan
2c1daae4-4be1-11ea-881e-b88a60e194fb-1-ps,crmid:6260621617,5,Platinum Card,4,Personal Loan
2c1ee22e-4be1-11ea-b169-b88a60e194fb-1-ps,crmid:5146164730,2,Student Card,3,Personal Loan
2c1ff39c-4be1-11ea-9e46-b88a60e194fb-1-ps,crmid:4727741304,4,Simplicity Card,7,Student Loan
2c20dde8-4be1-11ea-848d-b88a60e194fb-1-ps,crmid:3294931335,4,Platinum Card,8,Personal Loan
2c26834a-4be1-11ea-b328-b88a60e194fb-1-ps,crmid:4306092718,2,Student Card,4,Auto Loan
2c27bbbe-4be1-11ea-beeb-b88a60e194fb-1-ps,crmid:6182512027,5,Business Card,4,Auto Loan
2c28a60a-4be1-11ea-a8cb-b88a60e194fb-1-ps,crmid:2745381484,4,Rewards Card,4,Student Loan
2c296958-4be1-11ea-9967-b88a60e194fb-1-ps,crmid:9851400664,3,Student Card,4,Student Loan
2c2a53ae-4be1-11ea-9003-b88a60e194fb-1-ps,crmid:6585972953,2,Travel Card,4,Auto Loan
2c2b171a-4be1-11ea-89a1-b88a60e194fb-1-ps,crmid:7448824618,7,Platinum Card,5,Personal Loan
2c2bda5c-4be1-11ea-8bde-b88a60e194fb-1-ps,crmid:1525068136,6,Simplicity Card,3,Business Loan
2c3131ee-4be1-11ea-b1a3-b88a60e194fb-1-ps,crmid:6178661144,4,Simplicity Card,5,Auto Loan
2c31f4d8-4be1-11ea-9ec2-b88a60e194fb-1-ps,crmid:5058852443,4,Platinum Card,5,Auto Loan
2c32b842-4be1-11ea-bba7-b88a60e194fb-1-ps,crmid:9723970983,5,Simplicity Card,4,Business Loan
2c335486-4be1-11ea-a16a-b88a60e194fb-1-ps,crmid:7545189313,4,Rewards Card,2,Auto Loan
2c343f0a-4be1-11ea-b082-b88a60e194fb-1-ps,crmid:4872349358,3,Rewards Card,4,Business Loan
2c350224-4be1-11ea-9401-b88a60e194fb-1-ps,crmid:4988459871,4,Dividend Card,7,Business Loan
2c35c792-4be1-11ea-be2d-b88a60e194fb-1-ps,crmid:4702471889,3,Travel Card,6,Auto Loan
2c3c0718-4be1-11ea-a8ef-b88a60e194fb-1-ps,crmid:5285545401,5,Rewards Card,4,Business Loan
2c3d1910-4be1-11ea-b17d-b88a60e194fb-1-ps,crmid:6724845212,5,Student Card,3,Personal Loan
2c3e0408-4be1-11ea-9b5a-b88a60e194fb-1-ps,crmid:6826182069,3,Simplicity Card,2,Business Loan
2c3f1614-4be1-11ea-a3dd-b88a60e194fb-1-ps,crmid:3033371900,2,Rewards Card,2,Personal Loan
2c3ffeb8-4be1-11ea-bb4e-b88a60e194fb-1-ps,crmid:7747715299,4,Dividend Card,3,Personal Loan
2c40c1e4-4be1-11ea-8880-b88a60e194fb-1-ps,crmid:3424863582,5,Travel Card,4,Student Loan
2c418682-4be1-11ea-b06a-b88a60e194fb-1-ps,crmid:1507954920,4,Travel Card,5,Business Loan
2c47037a-4be1-11ea-9081-b88a60e194fb-1-ps,crmid:7527063554,5,Rewards Card,8,Student Loan
2c47c812-4be1-11ea-af9b-b88a60e194fb-1-ps,crmid:9683460218,4,Dividend Card,5,Auto Loan
2c486462-4be1-11ea-a3dc-b88a60e194fb-1-ps,crmid:8096178554,4,Business Card,4,Personal Loan
2c494ed2-4be1-11ea-89d7-b88a60e194fb-1-ps,crmid:3607637055,5,Platinum Card,4,Personal Loan
2c4a1218-4be1-11ea-bfc5-b88a60e194fb-1-ps,crmid:5490199009,3,Platinum Card,7,Personal Loan
2c4afc98-4be1-11ea-a956-b88a60e194fb-1-ps,crmid:8600412133,3,Business Card,4,Business Loan
2c4be6d2-4be1-11ea-8a8e-b88a60e194fb-1-ps,crmid:9900437536,5,Platinum Card,2,Student Loan
2c518c5c-4be1-11ea-8bef-b88a60e194fb-1-ps,crmid:3526440510,6,Rewards Card,5,Auto Loan
2c524e1c-4be1-11ea-a889-b88a60e194fb-1-ps,crmid:1023126868,4,Platinum Card,4,Business Loan
2c5339de-4be1-11ea-8e38-b88a60e194fb-1-ps,crmid:4023884268,4,Rewards Card,4,Business Loan
2c53fd3e-4be1-11ea-ad1c-b88a60e194fb-1-ps,crmid:1307681377,5,Business Card,4,Personal Loan
2c54e710-4be1-11ea-a970-b88a60e194fb-1-ps,crmid:7543964320,5,Travel Card,4,Student Loan
2c55aa8a-4be1-11ea-8e6c-b88a60e194fb-1-ps,crmid:9853916032,4,Business Card,4,Personal Loan
2c566e34-4be1-11ea-82f1-b88a60e194fb-1-ps,crmid:9621625642,5,Platinum Card,3,Student Loan
2c5c6046-4be1-11ea-8ac6-b88a60e194fb-1-ps,crmid:5334666474,4,Travel Card,5,Auto Loan
2c5d4aa2-4be1-11ea-b1d6-b88a60e194fb-1-ps,crmid:1556786223,4,Simplicity Card,7,Business Loan
2c5eaa28-4be1-11ea-ba79-b88a60e194fb-1-ps,crmid:7861860896,3,Travel Card,5,Student Loan
2c600998-4be1-11ea-9335-b88a60e194fb-1-ps,crmid:3125150357,2,Travel Card,6,Business Loan
2c60f586-4be1-11ea-b7fb-b88a60e194fb-1-ps,crmid:7621755730,3,Platinum Card,4,Personal Loan
2c61b8c0-4be1-11ea-bd2b-b88a60e194fb-1-ps,crmid:6906555043,3,Platinum Card,8,Personal Loan
2c6254f8-4be1-11ea-a398-b88a60e194fb-1-ps,crmid:7080355421,4,Simplicity Card,4,Business Loan
2c6821b4-4be1-11ea-822d-b88a60e194fb-1-ps,crmid:1082194982,4,Travel Card,4,Personal Loan
2c69323e-4be1-11ea-a64d-b88a60e194fb-1-ps,crmid:3225504013,7,Rewards Card,4,Personal Loan
2c69f5de-4be1-11ea-b597-b88a60e194fb-1-ps,crmid:6205721523,4,Rewards Card,3,Business Loan
2c6adfae-4be1-11ea-b3b5-b88a60e194fb-1-ps,crmid:6684979834,4,Business Card,4,Business Loan
2c6b7b5a-4be1-11ea-9a18-b88a60e194fb-1-ps,crmid:3494057651,3,Simplicity Card,5,Personal Loan
2c6c4012-4be1-11ea-a1ad-b88a60e194fb-1-ps,crmid:7966742647,3,Travel Card,4,Business Loan
2c6d0300-4be1-11ea-8c87-b88a60e194fb-1-ps,crmid:4128593659,5,Platinum Card,6,Student Loan
2c72f6c2-4be1-11ea-aeae-b88a60e194fb-1-ps,crmid:4535394524,6,Rewards Card,3,Student Loan
2c73dff8-4be1-11ea-9e07-b88a60e194fb-1-ps,crmid:3460402964,4,Business Card,3,Personal Loan
2c74cb18-4be1-11ea-9972-b88a60e194fb-1-ps,crmid:6143983342,5,Dividend Card,5,Student Loan
2c758e82-4be1-11ea-89d5-b88a60e194fb-1-ps,crmid:7990684495,5,Travel Card,4,Personal Loan
2c765226-4be1-11ea-aafd-b88a60e194fb-1-ps,crmid:1107977889,3,Simplicity Card,4,Auto Loan
2c773b28-4be1-11ea-a049-b88a60e194fb-1-ps,crmid:2562751428,5,Business Card,5,Student Loan
2c77ffd4-4be1-11ea-b055-b88a60e194fb-1-ps,crmid:9971537762,6,Dividend Card,4,Auto Loan
2c7e191c-4be1-11ea-bd4a-b88a60e194fb-1-ps,crmid:8513929689,4,Dividend Card,4,Student Loan
2c7edc68-4be1-11ea-be10-b88a60e194fb-1-ps,crmid:5083602465,5,Simplicity Card,4,Personal Loan
2c7f9fba-4be1-11ea-a957-b88a60e194fb-1-ps,crmid:3350660785,4,Business Card,4,Personal Loan
2c806318-4be1-11ea-8610-b88a60e194fb-1-ps,crmid:9618630005,5,Travel Card,5,Personal Loan
2c812654-4be1-11ea-82c7-b88a60e194fb-1-ps,crmid:4920777372,3,Simplicity Card,3,Auto Loan
2c82108a-4be1-11ea-b0c2-b88a60e194fb-1-ps,crmid:9026857741,5,Business Card,5,Student Loan
2c82d3da-4be1-11ea-b168-b88a60e194fb-1-ps,crmid:2429999284,4,Dividend Card,4,Student Loan
2c898adc-4be1-11ea-88a2-b88a60e194fb-1-ps,crmid:2456071111,4,Dividend Card,5,Student Loan
2c8a4f34-4be1-11ea-8fff-b88a60e194fb-1-ps,crmid:3465347211,3,Travel Card,4,Personal Loan
2c8bad82-4be1-11ea-8af1-b88a60e194fb-1-ps,crmid:3659929676,5,Dividend Card,3,Auto Loan
2c8cbf10-4be1-11ea-85c9-b88a60e194fb-1-ps,crmid:4812728571,4,Business Card,4,Auto Loan
2c8d8248-4be1-11ea-b271-b88a60e194fb-1-ps,crmid:2066465308,3,Rewards Card,5,Student Loan
2c8e93ba-4be1-11ea-bbee-b88a60e194fb-1-ps,crmid:9410830959,3,Rewards Card,4,Student Loan
2c8f7f58-4be1-11ea-aa66-b88a60e194fb-1-ps,crmid:2672971845,3,Rewards Card,4,Auto Loan
2c95e734-4be1-11ea-9c9e-b88a60e194fb-1-ps,crmid:4682191734,8,Simplicity Card,4,Personal Loan
2c96aa06-4be1-11ea-a8ec-b88a60e194fb-1-ps,crmid:2466622611,4,Simplicity Card,4,Personal Loan
2c974666-4be1-11ea-8f8e-b88a60e194fb-1-ps,crmid:4979671311,5,Travel Card,8,Personal Loan
2c98579a-4be1-11ea-8b87-b88a60e194fb-1-ps,crmid:9859325350,5,Platinum Card,3,Student Loan
2c98f3d8-4be1-11ea-8fee-b88a60e194fb-1-ps,crmid:5147173649,4,Platinum Card,3,Student Loan
2c99de42-4be1-11ea-8bdc-b88a60e194fb-1-ps,crmid:2115032573,7,Platinum Card,5,Auto Loan
2c9ac89e-4be1-11ea-a089-b88a60e194fb-1-ps,crmid:5258261057,5,Dividend Card,4,Auto Loan
2ca10ad4-4be1-11ea-9579-b88a60e194fb-1-ps,crmid:3820049236,5,Platinum Card,5,Business Loan
2ca21b9a-4be1-11ea-85f3-b88a60e194fb-1-ps,crmid:5103223994,5,Platinum Card,3,Personal Loan
2ca2dee8-4be1-11ea-9b2b-b88a60e194fb-1-ps,crmid:6100086537,4,Dividend Card,7,Auto Loan
2ca3c950-4be1-11ea-a4d8-b88a60e194fb-1-ps,crmid:5634538782,5,Dividend Card,4,Auto Loan
2ca48c9c-4be1-11ea-a329-b88a60e194fb-1-ps,crmid:5060945495,5,Business Card,4,Personal Loan
2ca54fe4-4be1-11ea-9c3e-b88a60e194fb-1-ps,crmid:6192937783,2,Platinum Card,6,Auto Loan
2ca61480-4be1-11ea-8bb3-b88a60e194fb-1-ps,crmid:8576081451,3,Dividend Card,3,Business Loan
2cad1822-4be1-11ea-b7a0-b88a60e194fb-1-ps,crmid:6320305818,5,Simplicity Card,3,Personal Loan
2cae027e-4be1-11ea-a622-b88a60e194fb-1-ps,crmid:2873366075,4,Travel Card,5,Personal Loan
2caec724-4be1-11ea-a1df-b88a60e194fb-1-ps,crmid:2474009616,3,Student Card,9,Auto Loan
2caf634c-4be1-11ea-af63-b88a60e194fb-1-ps,crmid:3623041519,5,Platinum Card,5,Auto Loan
2cb026ba-4be1-11ea-b18b-b88a60e194fb-1-ps,crmid:2385477074,4,Simplicity Card,4,Auto Loan
2cb10fb6-4be1-11ea-af46-b88a60e194fb-1-ps,crmid:3594420374,4,Simplicity Card,4,Business Loan
2cb1d302-4be1-11ea-8bdc-b88a60e194fb-1-ps,crmid:1002387514,6,Platinum Card,7,Personal Loan
2cb927d0-4be1-11ea-a689-b88a60e194fb-1-ps,crmid:5729982102,5,Simplicity Card,4,Personal Loan
2cb9e958-4be1-11ea-801c-b88a60e194fb-1-ps,crmid:3086720942,5,Rewards Card,5,Personal Loan
2cbaae00-4be1-11ea-91c6-b88a60e194fb-1-ps,crmid:7246625143,4,Business Card,4,Auto Loan
2cbb713a-4be1-11ea-9784-b88a60e194fb-1-ps,crmid:9336553268,3,Rewards Card,6,Personal Loan
2cbc3488-4be1-11ea-8edc-b88a60e194fb-1-ps,crmid:1099560340,5,Business Card,4,Personal Loan
2cbcd0f0-4be1-11ea-aad8-b88a60e194fb-1-ps,crmid:8028805015,4,Business Card,5,Personal Loan
2cbd9366-4be1-11ea-833d-b88a60e194fb-1-ps,crmid:7703376458,4,Rewards Card,5,Business Loan
2cc4bfcc-4be1-11ea-b4d8-b88a60e194fb-1-ps,crmid:8054450847,4,Simplicity Card,4,Auto Loan
2cc5821a-4be1-11ea-bef0-b88a60e194fb-1-ps,crmid:7467287205,5,Travel Card,3,Auto Loan
2cc64568-4be1-11ea-8480-b88a60e194fb-1-ps,crmid:5582725482,4,Business Card,4,Personal Loan
2cc730ec-4be1-11ea-a06a-b88a60e194fb-1-ps,crmid:3153961080,3,Travel Card,5,Business Loan
2cc7f474-4be1-11ea-b94e-b88a60e194fb-1-ps,crmid:5301107257,2,Student Card,5,Personal Loan
2cc8b7be-4be1-11ea-b62f-b88a60e194fb-1-ps,crmid:7361635829,5,Student Card,2,Auto Loan
2cc95406-4be1-11ea-a61f-b88a60e194fb-1-ps,crmid:6747473787,5,Platinum Card,5,Student Loan
2cd0a5c6-4be1-11ea-a1ee-b88a60e194fb-1-ps,crmid:1480765550,6,Travel Card,3,Business Loan
2cd168f4-4be1-11ea-9c6e-b88a60e194fb-1-ps,crmid:6491094885,4,Business Card,5,Auto Loan
2cd254b6-4be1-11ea-be63-b88a60e194fb-1-ps,crmid:9141757200,4,Student Card,4,Personal Loan
2cd316d4-4be1-11ea-abe8-b88a60e194fb-1-ps,crmid:5160655103,5,Business Card,5,Student Loan
2cd401e6-4be1-11ea-b16c-b88a60e194fb-1-ps,crmid:2065382088,8,Platinum Card,6,Personal Loan
2cd49e9e-4be1-11ea-91b4-b88a60e194fb-1-ps,crmid:2498179446,4,Simplicity Card,7,Personal Loan
2cd561e2-4be1-11ea-9e84-b88a60e194fb-1-ps,crmid:7645466163,5,Dividend Card,2,Personal Loan
2cdc6706-4be1-11ea-8fb8-b88a60e194fb-1-ps,crmid:2570039199,3,Simplicity Card,4,Auto Loan
2cdd50d4-4be1-11ea-8d24-b88a60e194fb-1-ps,crmid:2298741187,4,Rewards Card,5,Auto Loan
2cde1318-4be1-11ea-bded-b88a60e194fb-1-ps,crmid:5428970171,3,Business Card,4,Auto Loan
2cded692-4be1-11ea-b066-b88a60e194fb-1-ps,crmid:5827979664,5,Rewards Card,3,Auto Loan
2cdf9acc-4be1-11ea-b5d8-b88a60e194fb-1-ps,crmid:7559029860,3,Travel Card,4,Personal Loan
2ce05e70-4be1-11ea-b59c-b88a60e194fb-1-ps,crmid:8478061170,2,Travel Card,5,Student Loan
2ce0faa4-4be1-11ea-a1a8-b88a60e194fb-1-ps,crmid:2381388724,5,Business Card,4,Personal Loan
2ce82694-4be1-11ea-9304-b88a60e194fb-1-ps,crmid:8802578954,3,Business Card,8,Personal Loan
2ce90fa4-4be1-11ea-804f-b88a60e194fb-1-ps,crmid:6064245038,4,Dividend Card,5,Personal Loan
2ce9f9e4-4be1-11ea-bb3c-b88a60e194fb-1-ps,crmid:9245855540,5,Platinum Card,3,Personal Loan
2ceabe02-4be1-11ea-9a92-b88a60e194fb-1-ps,crmid:8814020004,4,Simplicity Card,5,Personal Loan
2ceba79c-4be1-11ea-8747-b88a60e194fb-1-ps,crmid:9723798692,3,Rewards Card,4,Student Loan
2cec6ae2-4be1-11ea-828b-b88a60e194fb-1-ps,crmid:1514302400,3,Dividend Card,5,Business Loan
2ced2e38-4be1-11ea-babc-b88a60e194fb-1-ps,crmid:4870915193,5,Dividend Card,3,Personal Loan
2cf5449a-4be1-11ea-9a03-b88a60e194fb-1-ps,crmid:7103518613,4,Dividend Card,3,Personal Loan
2cf65628-4be1-11ea-a99b-b88a60e194fb-1-ps,crmid:9109291578,4,Dividend Card,3,Auto Loan
2cf76786-4be1-11ea-8849-b88a60e194fb-1-ps,crmid:3874072243,3,Simplicity Card,4,Business Loan
2cf879e8-4be1-11ea-aaeb-b88a60e194fb-1-ps,crmid:8088886812,4,Platinum Card,5,Personal Loan
2cf93d74-4be1-11ea-ae5c-b88a60e194fb-1-ps,crmid:7898490312,3,Platinum Card,3,Personal Loan
2cfa00a8-4be1-11ea-aa31-b88a60e194fb-1-ps,crmid:4993802473,5,Business Card,7,Personal Loan
2cfac2d0-4be1-11ea-8d9f-b88a60e194fb-1-ps,crmid:4786637463,4,Platinum Card,2,Business Loan
2d028c52-4be1-11ea-88fe-b88a60e194fb-1-ps,crmid:7343284774,4,Simplicity Card,4,Personal Loan
2d037664-4be1-11ea-9558-b88a60e194fb-1-ps,crmid:5098558983,5,Travel Card,3,Personal Loan
2d043a06-4be1-11ea-bf9b-b88a60e194fb-1-ps,crmid:8709743782,3,Dividend Card,6,Personal Loan
2d04fcba-4be1-11ea-9f31-b88a60e194fb-1-ps,crmid:8881317170,6,Dividend Card,6,Personal Loan
2d05c0a4-4be1-11ea-9e6b-b88a60e194fb-1-ps,crmid:9510521929,3,Rewards Card,2,Auto Loan
2d06829e-4be1-11ea-b1d6-b88a60e194fb-1-ps,crmid:1127942291,4,Simplicity Card,4,Personal Loan
2d0745e6-4be1-11ea-a334-b88a60e194fb-1-ps,crmid:7403998085,5,Business Card,2,Personal Loan
2d0f0ee6-4be1-11ea-b2e9-b88a60e194fb-1-ps,crmid:6247681939,4,Simplicity Card,3,Business Loan
2d0fd234-4be1-11ea-8b35-b88a60e194fb-1-ps,crmid:9674467563,2,Travel Card,4,Personal Loan
2d10962c-4be1-11ea-b3a4-b88a60e194fb-1-ps,crmid:8200788297,6,Business Card,4,Student Loan
2d118068-4be1-11ea-8724-b88a60e194fb-1-ps,crmid:7585520923,3,Business Card,9,Auto Loan
2d124486-4be1-11ea-96d9-b88a60e194fb-1-ps,crmid:1007787959,4,Dividend Card,3,Business Loan
2d1305b6-4be1-11ea-88a3-b88a60e194fb-1-ps,crmid:1915503130,8,Travel Card,4,Personal Loan
2d13ca76-4be1-11ea-a4c2-b88a60e194fb-1-ps,crmid:3934766101,3,Student Card,4,Personal Loan
2d1b9282-4be1-11ea-b1de-b88a60e194fb-1-ps,crmid:1092639516,3,Travel Card,7,Personal Loan
2d1c55f8-4be1-11ea-9ccf-b88a60e194fb-1-ps,crmid:5938093032,7,Rewards Card,6,Auto Loan
2d1d18f4-4be1-11ea-8353-b88a60e194fb-1-ps,crmid:2387887572,4,Student Card,6,Auto Loan
2d1e03ca-4be1-11ea-b05e-b88a60e194fb-1-ps,crmid:9593445108,4,Travel Card,5,Personal Loan
2d1eec98-4be1-11ea-9bb5-b88a60e194fb-1-ps,crmid:4662867326,4,Simplicity Card,5,Personal Loan
2d1fd886-4be1-11ea-abb7-b88a60e194fb-1-ps,crmid:5806746309,3,Rewards Card,4,Auto Loan
2d2074ac-4be1-11ea-8033-b88a60e194fb-1-ps,crmid:1975295507,4,Simplicity Card,2,Auto Loan
2d299afa-4be1-11ea-bb28-b88a60e194fb-1-ps,crmid:8340121337,5,Dividend Card,4,Student Loan
2d2a5e52-4be1-11ea-94d5-b88a60e194fb-1-ps,crmid:6988011394,5,Student Card,5,Personal Loan
2d2b48fa-4be1-11ea-862a-b88a60e194fb-1-ps,crmid:3542061635,4,Business Card,7,Auto Loan
2d2c0c12-4be1-11ea-b884-b88a60e194fb-1-ps,crmid:4339818058,4,Platinum Card,3,Auto Loan
2d2ccf62-4be1-11ea-b1dc-b88a60e194fb-1-ps,crmid:6465460590,4,Platinum Card,3,Auto Loan
2d2d9398-4be1-11ea-8add-b88a60e194fb-1-ps,crmid:1404550047,5,Platinum Card,3,Personal Loan
2d2e7cd4-4be1-11ea-969c-b88a60e194fb-1-ps,crmid:9272331745,4,Rewards Card,4,Business Loan
2d369328-4be1-11ea-a6cf-b88a60e194fb-1-ps,crmid:3741024337,5,Rewards Card,2,Personal Loan
2d37568a-4be1-11ea-998c-b88a60e194fb-1-ps,crmid:4935444384,5,Student Card,3,Student Loan
2d384228-4be1-11ea-8292-b88a60e194fb-1-ps,crmid:3506141752,5,Business Card,3,Personal Loan
2d390440-4be1-11ea-8a9b-b88a60e194fb-1-ps,crmid:2022648671,3,Business Card,4,Personal Loan
2d39a1e8-4be1-11ea-b98f-b88a60e194fb-1-ps,crmid:3162944966,4,Dividend Card,2,Personal Loan
2d3a8b7a-4be1-11ea-b3f2-b88a60e194fb-1-ps,crmid:2917081341,3,Student Card,5,Personal Loan
2d3b7540-4be1-11ea-9561-b88a60e194fb-1-ps,crmid:4497079454,5,Dividend Card,3,Student Loan
2d43b29e-4be1-11ea-be8c-b88a60e194fb-1-ps,crmid:2526352757,3,Travel Card,5,Personal Loan
2d447748-4be1-11ea-82f7-b88a60e194fb-1-ps,crmid:3339521990,5,Travel Card,4,Business Loan
2d453a92-4be1-11ea-8c88-b88a60e194fb-1-ps,crmid:2154355250,4,Business Card,5,Personal Loan
2d4624a4-4be1-11ea-986a-b88a60e194fb-1-ps,crmid:7033071658,6,Dividend Card,4,Personal Loan
2d470e02-4be1-11ea-b7cf-b88a60e194fb-1-ps,crmid:7550850221,6,Dividend Card,4,Business Loan
2d47d2a4-4be1-11ea-b39f-b88a60e194fb-1-ps,crmid:4027124926,4,Travel Card,3,Personal Loan
2d4909ba-4be1-11ea-be73-b88a60e194fb-1-ps,crmid:4997253554,4,Simplicity Card,3,Auto Loan
2d51bd9e-4be1-11ea-96a0-b88a60e194fb-1-ps,crmid:3557982463,4,Rewards Card,2,Personal Loan
2d5259e4-4be1-11ea-b332-b88a60e194fb-1-ps,crmid:3375412537,2,Platinum Card,3,Student Loan
2d531d3a-4be1-11ea-a320-b88a60e194fb-1-ps,crmid:8449105073,5,Business Card,8,Student Loan
2d53e034-4be1-11ea-9956-b88a60e194fb-1-ps,crmid:2922517247,4,Student Card,4,Personal Loan
2d54a3d2-4be1-11ea-9ea3-b88a60e194fb-1-ps,crmid:5730146031,2,Platinum Card,4,Personal Loan
2d558cdc-4be1-11ea-8c47-b88a60e194fb-1-ps,crmid:8426214622,4,Student Card,3,Personal Loan
2d56775a-4be1-11ea-8a20-b88a60e194fb-1-ps,crmid:1209295193,5,Simplicity Card,5,Personal Loan
2d5f0294-4be1-11ea-97ba-b88a60e194fb-1-ps,crmid:5569090972,9,Rewards Card,4,Business Loan
2d5fc5f6-4be1-11ea-9c48-b88a60e194fb-1-ps,crmid:2850027845,3,Business Card,3,Business Loan
2d60b0a6-4be1-11ea-9a1f-b88a60e194fb-1-ps,crmid:4634457931,6,Rewards Card,4,Student Loan
2d619ab4-4be1-11ea-80b5-b88a60e194fb-1-ps,crmid:9870408623,5,Dividend Card,3,Business Loan
2d62851c-4be1-11ea-99f7-b88a60e194fb-1-ps,crmid:3595636047,3,Travel Card,3,Personal Loan
2d63486e-4be1-11ea-8204-b88a60e194fb-1-ps,crmid:7659649708,5,Dividend Card,3,Personal Loan
2d63e4a8-4be1-11ea-991a-b88a60e194fb-1-ps,crmid:6354424876,2,Travel Card,3,Personal Loan
2d6ce6a8-4be1-11ea-9b15-b88a60e194fb-1-ps,crmid:1106470149,4,Rewards Card,3,Business Loan
2d6dcfc6-4be1-11ea-9675-b88a60e194fb-1-ps,crmid:1348905786,4,Business Card,5,Student Loan
2d6eba1a-4be1-11ea-803c-b88a60e194fb-1-ps,crmid:3980848178,4,Dividend Card,5,Auto Loan
2d6f579a-4be1-11ea-ade4-b88a60e194fb-1-ps,crmid:9206874874,5,Travel Card,4,Student Loan
2d701aec-4be1-11ea-bf36-b88a60e194fb-1-ps,crmid:8834332997,3,Rewards Card,6,Personal Loan
2d71529a-4be1-11ea-ab14-b88a60e194fb-1-ps,crmid:6921198897,4,Travel Card,8,Auto Loan
2d71ef62-4be1-11ea-9aec-b88a60e194fb-1-ps,crmid:1931358685,4,Simplicity Card,7,Business Loan
2d7aa0f6-4be1-11ea-96df-b88a60e194fb-1-ps,crmid:1344031488,4,Rewards Card,3,Auto Loan
2d7b658a-4be1-11ea-9e4f-b88a60e194fb-1-ps,crmid:7880317912,3,Business Card,7,Personal Loan
2d7c28a2-4be1-11ea-bf57-b88a60e194fb-1-ps,crmid:1696727679,4,Business Card,2,Auto Loan
2d7d391c-4be1-11ea-82b2-b88a60e194fb-1-ps,crmid:4619429966,5,Simplicity Card,3,Personal Loan
2d7dfe3a-4be1-11ea-aa16-b88a60e194fb-1-ps,crmid:5119299875,2,Rewards Card,9,Personal Loan
2d7ec048-4be1-11ea-84e0-b88a60e194fb-1-ps,crmid:2227282920,4,Business Card,4,Auto Loan
2d7f845e-4be1-11ea-9e5f-b88a60e194fb-1-ps,crmid:5510312301,4,Travel Card,4,Personal Loan
2d8836ee-4be1-11ea-95b2-b88a60e194fb-1-ps,crmid:4622036767,2,Dividend Card,6,Personal Loan
2d892038-4be1-11ea-8655-b88a60e194fb-1-ps,crmid:1565609967,8,Platinum Card,4,Business Loan
2d89e490-4be1-11ea-95f0-b88a60e194fb-1-ps,crmid:1104278468,5,Platinum Card,5,Personal Loan
2d8aa862-4be1-11ea-a7e2-b88a60e194fb-1-ps,crmid:2230899315,4,Student Card,3,Personal Loan
2d8b6c34-4be1-11ea-8729-b88a60e194fb-1-ps,crmid:7412100640,4,Simplicity Card,5,Student Loan
2d8ca254-4be1-11ea-ae5e-b88a60e194fb-1-ps,crmid:3641297457,4,Student Card,5,Business Loan
2d8db3e4-4be1-11ea-9b4a-b88a60e194fb-1-ps,crmid:7653198934,5,Rewards Card,5,Personal Loan
2d981408-4be1-11ea-a96a-b88a60e194fb-1-ps,crmid:7253648358,3,Student Card,2,Student Loan
2d9900a6-4be1-11ea-b87e-b88a60e194fb-1-ps,crmid:7107617112,5,Simplicity Card,5,Auto Loan
2d99c40c-4be1-11ea-9c41-b88a60e194fb-1-ps,crmid:7775523473,3,Student Card,3,Personal Loan
2d9ad40c-4be1-11ea-a2d0-b88a60e194fb-1-ps,crmid:8427519893,3,Business Card,4,Personal Loan
2d9b9670-4be1-11ea-a859-b88a60e194fb-1-ps,crmid:3727524861,5,Dividend Card,4,Student Loan
2d9c80c6-4be1-11ea-89bb-b88a60e194fb-1-ps,crmid:8081974547,1,Dividend Card,5,Personal Loan
2d9d455c-4be1-11ea-b712-b88a60e194fb-1-ps,crmid:5704736085,4,Travel Card,5,Auto Loan
2da6e0f0-4be1-11ea-9ec4-b88a60e194fb-1-ps,crmid:6875103426,4,Platinum Card,4,Auto Loan
2da7cb8c-4be1-11ea-8d47-b88a60e194fb-1-ps,crmid:7962297746,3,Simplicity Card,8,Business Loan
2da8b5ca-4be1-11ea-8328-b88a60e194fb-1-ps,crmid:5015574821,4,Business Card,4,Auto Loan
2da9790c-4be1-11ea-81fc-b88a60e194fb-1-ps,crmid:5064513768,3,Rewards Card,4,Auto Loan
2daa6376-4be1-11ea-af6a-b88a60e194fb-1-ps,crmid:6991011720,5,Platinum Card,8,Auto Loan
2dab4e5e-4be1-11ea-ac90-b88a60e194fb-1-ps,crmid:9442546679,3,Platinum Card,4,Business Loan
2dac1114-4be1-11ea-8441-b88a60e194fb-1-ps,crmid:9256163016,6,Travel Card,3,Personal Loan
2db538d4-4be1-11ea-92b1-b88a60e194fb-1-ps,crmid:3961750981,4,Simplicity Card,7,Business Loan
2db62366-4be1-11ea-baee-b88a60e194fb-1-ps,crmid:2437232946,6,Travel Card,8,Auto Loan
2db6e690-4be1-11ea-8a72-b88a60e194fb-1-ps,crmid:9046082325,2,Rewards Card,6,Student Loan
2db7a9d2-4be1-11ea-ba52-b88a60e194fb-1-ps,crmid:2332108662,4,Dividend Card,5,Auto Loan
2db86e34-4be1-11ea-b6c1-b88a60e194fb-1-ps,crmid:5924237697,4,Student Card,4,Business Loan
2db90ac6-4be1-11ea-9fa0-b88a60e194fb-1-ps,crmid:6492874638,5,Travel Card,4,Personal Loan
2db9cf86-4be1-11ea-96db-b88a60e194fb-1-ps,crmid:7564425024,5,Rewards Card,4,Personal Loan
2dc42d0c-4be1-11ea-9537-b88a60e194fb-1-ps,crmid:3824401233,3,Student Card,5,Personal Loan
2dc4f05c-4be1-11ea-84af-b88a60e194fb-1-ps,crmid:6232982083,7,Platinum Card,4,Personal Loan
2dc5b3b8-4be1-11ea-b60f-b88a60e194fb-1-ps,crmid:5676509749,3,Travel Card,6,Auto Loan
2dc69e4a-4be1-11ea-ac08-b88a60e194fb-1-ps,crmid:6593349790,3,Student Card,5,Business Loan
2dc76142-4be1-11ea-a8f3-b88a60e194fb-1-ps,crmid:4450037161,3,Student Card,8,Business Loan
2dc82498-4be1-11ea-9ad7-b88a60e194fb-1-ps,crmid:9952379768,5,Simplicity Card,4,Business Loan
2dc9360c-4be1-11ea-b0bc-b88a60e194fb-1-ps,crmid:5676509749,4,Dividend Card,4,Business Loan
2dd3e564-4be1-11ea-904b-b88a60e194fb-1-ps,crmid:9631872369,2,Student Card,4,Student Loan
2dd4a7a8-4be1-11ea-abcd-b88a60e194fb-1-ps,crmid:8232886566,2,Travel Card,5,Business Loan
2dd5b94a-4be1-11ea-a9c3-b88a60e194fb-1-ps,crmid:5609892649,6,Platinum Card,7,Business Loan
2dd67c9c-4be1-11ea-b55d-b88a60e194fb-1-ps,crmid:5095344744,4,Dividend Card,1,Personal Loan
2dd76836-4be1-11ea-90c4-b88a60e194fb-1-ps,crmid:6572856339,6,Dividend Card,4,Personal Loan
2dd82b66-4be1-11ea-9f39-b88a60e194fb-1-ps,crmid:3969510371,3,Student Card,4,Auto Loan
2dd8c7c2-4be1-11ea-9e54-b88a60e194fb-1-ps,crmid:5285545401,4,Simplicity Card,4,Personal Loan
2de34f2c-4be1-11ea-8628-b88a60e194fb-1-ps,crmid:9847205233,4,Student Card,2,Auto Loan
2de3ea06-4be1-11ea-8631-b88a60e194fb-1-ps,crmid:2595929101,5,Simplicity Card,4,Student Loan
2de4fb82-4be1-11ea-8ba8-b88a60e194fb-1-ps,crmid:5445607084,5,Dividend Card,5,Personal Loan
2de5beda-4be1-11ea-80b6-b88a60e194fb-1-ps,crmid:2472214662,4,Simplicity Card,5,Business Loan
2de6a912-4be1-11ea-9428-b88a60e194fb-1-ps,crmid:5474962482,3,Business Card,4,Auto Loan
2de7be38-4be1-11ea-b69a-b88a60e194fb-1-ps,crmid:1523762384,4,Simplicity Card,4,Personal Loan
2de8cc02-4be1-11ea-9b4d-b88a60e194fb-1-ps,crmid:3467379484,4,Business Card,8,Auto Loan
2df3051c-4be1-11ea-b2b4-b88a60e194fb-1-ps,crmid:4925555912,3,Dividend Card,3,Student Loan
2df3a2b6-4be1-11ea-aaa7-b88a60e194fb-1-ps,crmid:2260865416,7,Simplicity Card,6,Personal Loan
2df48d0c-4be1-11ea-9439-b88a60e194fb-1-ps,crmid:1507672707,4,Travel Card,4,Personal Loan
2df5506c-4be1-11ea-b0e6-b88a60e194fb-1-ps,crmid:2023441590,10,Rewards Card,5,Auto Loan
2df613ae-4be1-11ea-aab9-b88a60e194fb-1-ps,crmid:1297595434,4,Simplicity Card,4,Personal Loan
2df6d5ba-4be1-11ea-a2b4-b88a60e194fb-1-ps,crmid:4788215842,5,Business Card,6,Auto Loan
2df7734a-4be1-11ea-8759-b88a60e194fb-1-ps,crmid:2003350784,3,Student Card,4,Business Loan
2e022038-4be1-11ea-b738-b88a60e194fb-1-ps,crmid:5693333886,3,Student Card,4,Business Loan
2e030cda-4be1-11ea-a23a-b88a60e194fb-1-ps,crmid:9349290291,4,Travel Card,3,Personal Loan
2e041c2e-4be1-11ea-b151-b88a60e194fb-1-ps,crmid:8425375215,4,Business Card,4,Student Loan
2e04df54-4be1-11ea-a35d-b88a60e194fb-1-ps,crmid:6468243338,5,Dividend Card,3,Student Loan
2e05c9d0-4be1-11ea-b00c-b88a60e194fb-1-ps,crmid:2553733400,3,Dividend Card,3,Personal Loan
2e06b4cc-4be1-11ea-94a2-b88a60e194fb-1-ps,crmid:4865199433,4,Rewards Card,5,Auto Loan
2e07c5a8-4be1-11ea-828f-b88a60e194fb-1-ps,crmid:9948457101,5,Travel Card,4,Business Loan
2e124cf0-4be1-11ea-aabe-b88a60e194fb-1-ps,crmid:9156013435,4,Student Card,2,Business Loan
2e133762-4be1-11ea-8f52-b88a60e194fb-1-ps,crmid:8691643869,9,Platinum Card,6,Auto Loan
2e13d398-4be1-11ea-976a-b88a60e194fb-1-ps,crmid:8660871612,4,Simplicity Card,4,Personal Loan
2e1496ee-4be1-11ea-95cc-b88a60e194fb-1-ps,crmid:1215503926,4,Simplicity Card,3,Personal Loan
2e158248-4be1-11ea-8895-b88a60e194fb-1-ps,crmid:9489488541,7,Simplicity Card,4,Auto Loan
2e16449c-4be1-11ea-a922-b88a60e194fb-1-ps,crmid:6668494667,5,Student Card,6,Personal Loan
2e1707f4-4be1-11ea-adab-b88a60e194fb-1-ps,crmid:1304483516,3,Student Card,5,Auto Loan
2e21411c-4be1-11ea-b08c-b88a60e194fb-1-ps,crmid:2521753238,4,Dividend Card,5,Personal Loan
2e220512-4be1-11ea-9e72-b88a60e194fb-1-ps,crmid:7421689326,4,Simplicity Card,5,Student Loan
2e22c7be-4be1-11ea-b2a7-b88a60e194fb-1-ps,crmid:1511270678,5,Travel Card,3,Auto Loan
2e238afa-4be1-11ea-8580-b88a60e194fb-1-ps,crmid:3937319981,7,Rewards Card,5,Auto Loan
2e2475e8-4be1-11ea-965a-b88a60e194fb-1-ps,crmid:3177222493,8,Simplicity Card,5,Personal Loan
2e255fc6-4be1-11ea-a8ee-b88a60e194fb-1-ps,crmid:4459269299,4,Platinum Card,9,Auto Loan
2e262318-4be1-11ea-ada4-b88a60e194fb-1-ps,crmid:9430325558,5,Rewards Card,5,Business Loan
2e32ce76-4be1-11ea-b5f3-b88a60e194fb-1-ps,crmid:1154050949,4,Rewards Card,3,Student Loan
2e3391c2-4be1-11ea-a9a6-b88a60e194fb-1-ps,crmid:1898837339,4,Dividend Card,4,Personal Loan
2e347ac2-4be1-11ea-a11c-b88a60e194fb-1-ps,crmid:5321804827,5,Business Card,4,Personal Loan
2e353e26-4be1-11ea-a3c2-b88a60e194fb-1-ps,crmid:1321153239,4,Student Card,6,Personal Loan
2e3607c2-4be1-11ea-9fbf-b88a60e194fb-1-ps,crmid:9023593309,4,Simplicity Card,4,Student Loan
2e36c600-4be1-11ea-b62c-b88a60e194fb-1-ps,crmid:8003543851,3,Travel Card,2,Personal Loan
2e37895c-4be1-11ea-9c08-b88a60e194fb-1-ps,crmid:5836383713,4,Simplicity Card,4,Personal Loan
2e420f82-4be1-11ea-9a73-b88a60e194fb-1-ps,crmid:2037549578,4,Platinum Card,3,Business Loan
2e42d400-4be1-11ea-b42e-b88a60e194fb-1-ps,crmid:2350698668,5,Business Card,9,Student Loan
2e437048-4be1-11ea-8128-b88a60e194fb-1-ps,crmid:5302557349,4,Platinum Card,8,Business Loan
2e443392-4be1-11ea-b954-b88a60e194fb-1-ps,crmid:2880977719,4,Platinum Card,4,Personal Loan
2e44f6c2-4be1-11ea-bef8-b88a60e194fb-1-ps,crmid:4451155485,3,Platinum Card,4,Personal Loan
2e45e0e2-4be1-11ea-b22b-b88a60e194fb-1-ps,crmid:6884439037,6,Student Card,5,Personal Loan
2e46a494-4be1-11ea-a8a0-b88a60e194fb-1-ps,crmid:8441410433,3,Dividend Card,4,Personal Loan
2e5152ee-4be1-11ea-91a8-b88a60e194fb-1-ps,crmid:1366105257,2,Simplicity Card,3,Business Loan
2e521636-4be1-11ea-997b-b88a60e194fb-1-ps,crmid:1471922586,2,Platinum Card,3,Auto Loan
2e52d838-4be1-11ea-b4eb-b88a60e194fb-1-ps,crmid:7015617913,4,Student Card,4,Personal Loan
2e53e9a6-4be1-11ea-ae86-b88a60e194fb-1-ps,crmid:3961750981,5,Dividend Card,4,Business Loan
2e54ae2e-4be1-11ea-81ea-b88a60e194fb-1-ps,crmid:2176011688,3,Student Card,4,Business Loan
2e55bea6-4be1-11ea-83ff-b88a60e194fb-1-ps,crmid:5938155929,3,Dividend Card,3,Business Loan
2e56f712-4be1-11ea-a19f-b88a60e194fb-1-ps,crmid:5763548817,4,Rewards Card,4,Business Loan
2e62686c-4be1-11ea-b6c3-b88a60e194fb-1-ps,crmid:6394787825,4,Platinum Card,5,Business Loan
2e632bcc-4be1-11ea-8c15-b88a60e194fb-1-ps,crmid:4390311404,3,Rewards Card,7,Personal Loan
2e64162c-4be1-11ea-83ea-b88a60e194fb-1-ps,crmid:3489408991,2,Rewards Card,3,Personal Loan
2e64d97e-4be1-11ea-bb41-b88a60e194fb-1-ps,crmid:3252285689,2,Simplicity Card,6,Business Loan
2e6575be-4be1-11ea-9e78-b88a60e194fb-1-ps,crmid:9716976467,5,Dividend Card,8,Personal Loan
2e6687be-4be1-11ea-ae4d-b88a60e194fb-1-ps,crmid:3353361001,4,Simplicity Card,2,Business Loan
2e674a76-4be1-11ea-8d92-b88a60e194fb-1-ps,crmid:6178049038,2,Student Card,3,Personal Loan
2e726e0a-4be1-11ea-9893-b88a60e194fb-1-ps,crmid:1768240666,5,Student Card,9,Business Loan
2e730a42-4be1-11ea-b7c0-b88a60e194fb-1-ps,crmid:4670199078,8,Simplicity Card,5,Auto Loan
2e73cd94-4be1-11ea-8cfb-b88a60e194fb-1-ps,crmid:7656477016,4,Dividend Card,4,Student Loan
2e7490e6-4be1-11ea-9c86-b88a60e194fb-1-ps,crmid:3959399718,3,Student Card,4,Business Loan
2e757b5c-4be1-11ea-a176-b88a60e194fb-1-ps,crmid:3894349632,7,Dividend Card,2,Personal Loan
2e7617ae-4be1-11ea-9e39-b88a60e194fb-1-ps,crmid:4175874884,6,Student Card,3,Auto Loan
2e77034c-4be1-11ea-afdf-b88a60e194fb-1-ps,crmid:1415631902,4,Platinum Card,4,Auto Loan
2e82c212-4be1-11ea-b1f1-b88a60e194fb-1-ps,crmid:4343633417,2,Simplicity Card,3,Student Loan
2e83d322-4be1-11ea-9d64-b88a60e194fb-1-ps,crmid:6704421078,4,Student Card,5,Personal Loan
2e84be06-4be1-11ea-907c-b88a60e194fb-1-ps,crmid:6454562812,3,Business Card,5,Student Loan
2e85cf36-4be1-11ea-bdd9-b88a60e194fb-1-ps,crmid:4988459871,6,Business Card,5,Personal Loan
2e869386-4be1-11ea-ad63-b88a60e194fb-1-ps,crmid:7816741841,5,Student Card,2,Student Loan
2e877dcc-4be1-11ea-8664-b88a60e194fb-1-ps,crmid:2567674998,3,Travel Card,5,Personal Loan
2e886730-4be1-11ea-85cb-b88a60e194fb-1-ps,crmid:5641181727,4,Student Card,3,Personal Loan
2e9364e8-4be1-11ea-b481-b88a60e194fb-1-ps,crmid:4562646008,8,Business Card,4,Personal Loan
