id,timestamp,crmid,orderid,prod_sku,prod_name,prod_category,prod_ownership,purchase_amt,units,currency_type,branchid
af202b70-4c72-11ea-a5aa-b88a60e194fb-1,2020-01-29T13:30:43.000Z,crmid:4715588035,af202b70-4c72-11ea-a5aa-b88a60e194fb,prd1073,Business Brokerage Account,Investment,Business,15251.87,1,USD,branchid:11026
af213b9c-4c72-11ea-953b-b88a60e194fb-1,2020-01-09T15:07:45.000Z,crmid:2745127561,af213b9c-4c72-11ea-953b-b88a60e194fb,prd1165,Roth IRA,Retirement,Personal,206185.58,1,USD,branchid:11140
af2337a6-4c72-11ea-8e60-b88a60e194fb-1,2020-01-09T13:21:20.000Z,crmid:4113339610,af2337a6-4c72-11ea-8e60-b88a60e194fb,prd1121,Mortgage: 30-yr Fixed,Mortgage,Personal,19278.31,1,USD,branchid:11017
af2448b0-4c72-11ea-bb9e-b88a60e194fb-1,2020-01-12T11:35:42.000Z,crmid:5098149680,af2448b0-4c72-11ea-bb9e-b88a60e194fb,prd1021,CDs: 5 year,Investment,Personal,17265.89,1,USD,branchid:11132
af25334c-4c72-11ea-96a4-b88a60e194fb-1,2020-01-23T03:20:37.000Z,crmid:6054494867,af25334c-4c72-11ea-96a4-b88a60e194fb,prd1083,Pension Account,Retirement,Personal,209297.99,1,USD,branchid:11027
af25f688-4c72-11ea-8d0c-b88a60e194fb-1,2020-01-30T21:53:36.000Z,crmid:5434488820,af25f688-4c72-11ea-8d0c-b88a60e194fb,prd1125,Mortgage: FHA,Mortgage,Personal,60237.54,1,USD,branchid:11017
af26b9b8-4c72-11ea-87ea-b88a60e194fb-1,2020-01-16T13:31:06.000Z,crmid:3690465057,af26b9b8-4c72-11ea-87ea-b88a60e194fb,prd1172,Employee Stock Purchase Plans,Investment,Personal,12457.97,1,USD,branchid:11089
af28192e-4c72-11ea-bb53-b88a60e194fb-1,2020-01-03T13:47:06.000Z,crmid:3165414473,af28192e-4c72-11ea-bb53-b88a60e194fb,prd1061,Mortgage: 5/1 ARM,Mortgage,Personal,12195.76,1,USD,branchid:11087
af2978cc-4c72-11ea-84e4-b88a60e194fb-1,2020-01-11T21:13:23.000Z,crmid:3172170554,af2978cc-4c72-11ea-84e4-b88a60e194fb,prd1068,Mortgage: 7/1 ARM,Mortgage,Personal,18402.71,1,USD,branchid:11016
af2c10c0-4c72-11ea-aa12-b88a60e194fb-1,2020-01-29T00:13:14.000Z,crmid:7582423789,af2c10c0-4c72-11ea-aa12-b88a60e194fb,prd1125,Mortgage: FHA,Mortgage,Personal,184074.51,1,USD,branchid:11087
af2d22c0-4c72-11ea-b1bf-b88a60e194fb-1,2020-01-08T09:12:50.000Z,crmid:7818994532,af2d22c0-4c72-11ea-b1bf-b88a60e194fb,prd1117,Brokerage Account,Investment,Personal,223739.2,1,USD,branchid:11013
af2de6ee-4c72-11ea-8b70-b88a60e194fb-1,2020-01-11T19:12:19.000Z,crmid:2380070523,af2de6ee-4c72-11ea-8b70-b88a60e194fb,prd1174,Traditional IRA,Retirement,Personal,16085.86,1,USD,branchid:11082
af2ed008-4c72-11ea-9f57-b88a60e194fb-1,2020-01-29T06:10:10.000Z,crmid:1449643570,af2ed008-4c72-11ea-9f57-b88a60e194fb,prd1112,Fixed Deposit,Investment,Personal,205252.72,1,USD,branchid:11001
af2f9346-4c72-11ea-89a4-b88a60e194fb-1,2020-01-15T15:39:31.000Z,crmid:8914358374,af2f9346-4c72-11ea-89a4-b88a60e194fb,prd1042,Roth IRA,Retirement,Personal,16636.04,1,USD,branchid:11013
af307ee8-4c72-11ea-ad0b-b88a60e194fb-1,2020-01-04T01:02:41.000Z,crmid:8641274771,af307ee8-4c72-11ea-ad0b-b88a60e194fb,prd1073,Business Brokerage Account,Investment,Business,185042.09,1,USD,branchid:11102
af3167f6-4c72-11ea-9663-b88a60e194fb-1,2020-01-23T17:14:15.000Z,crmid:8664295840,af3167f6-4c72-11ea-9663-b88a60e194fb,prd1078,Mortgage: 7/1 ARM,Mortgage,Personal,16676.4,1,USD,branchid:11127
af3363c2-4c72-11ea-9df9-b88a60e194fb-1,2020-01-15T19:14:50.000Z,crmid:8567356031,af3363c2-4c72-11ea-9df9-b88a60e194fb,prd1175,401k,Retirement,Personal,9127.86,1,USD,branchid:11099
af342714-4c72-11ea-ba99-b88a60e194fb-1,2020-01-21T06:39:57.000Z,crmid:6608277740,af342714-4c72-11ea-ba99-b88a60e194fb,prd1159,CDs: 3 month,Investment,Personal,170238.09,1,USD,branchid:11037
af34ea62-4c72-11ea-a1f4-b88a60e194fb-1,2020-01-09T01:17:56.000Z,crmid:8137420943,af34ea62-4c72-11ea-a1f4-b88a60e194fb,prd1121,Mortgage: 30-yr Fixed,Mortgage,Personal,149295.66,1,USD,branchid:11015
af35d652-4c72-11ea-9758-b88a60e194fb-1,2020-01-07T05:24:09.000Z,crmid:1009698214,af35d652-4c72-11ea-9758-b88a60e194fb,prd1029,401k,Retirement,Personal,159210.67,1,USD,branchid:11143
af36e634-4c72-11ea-8210-b88a60e194fb-1,2020-01-25T02:39:06.000Z,crmid:6009460781,af36e634-4c72-11ea-8210-b88a60e194fb,prd1024,Mortgage: FHA,Mortgage,Personal,10033.64,1,USD,branchid:11018
af37d09c-4c72-11ea-b9ab-b88a60e194fb-1,2020-01-26T06:06:34.000Z,crmid:8036061615,af37d09c-4c72-11ea-b9ab-b88a60e194fb,prd1173,Money Market,Investment,Personal,18416.81,1,USD,branchid:11024
af389410-4c72-11ea-b4d2-b88a60e194fb-1,2020-01-27T13:02:27.000Z,crmid:1753581513,af389410-4c72-11ea-b4d2-b88a60e194fb,prd1021,CDs: 5 year,Investment,Personal,283345.03,1,USD,branchid:11012
af3ab6d0-4c72-11ea-984c-b88a60e194fb-1,2020-01-14T17:51:50.000Z,crmid:3541501715,af3ab6d0-4c72-11ea-984c-b88a60e194fb,prd1014,CDs: 3 month,Investment,Personal,18776.68,1,USD,branchid:11092
af3ba1c0-4c72-11ea-876a-b88a60e194fb-1,2020-01-14T21:44:09.000Z,crmid:7528069839,af3ba1c0-4c72-11ea-876a-b88a60e194fb,prd1046,Mortgage: VA,Mortgage,Personal,14728.58,1,USD,branchid:11139
af3c6476-4c72-11ea-81a1-b88a60e194fb-1,2020-01-01T22:21:34.000Z,crmid:4109490191,af3c6476-4c72-11ea-81a1-b88a60e194fb,prd1060,Traditional IRA,Retirement,Personal,153143.8,1,USD,branchid:11045
af3d27ca-4c72-11ea-8c52-b88a60e194fb-1,2020-01-15T03:11:11.000Z,crmid:6524405514,af3d27ca-4c72-11ea-8c52-b88a60e194fb,prd1108,401k,Retirement,Personal,15275.21,1,USD,branchid:11061
af3e6192-4c72-11ea-960d-b88a60e194fb-1,2020-01-06T09:39:39.000Z,crmid:4106945648,af3e6192-4c72-11ea-960d-b88a60e194fb,prd1144,Home Equity Loan,Mortgage,Personal,13120.25,1,USD,branchid:11137
af3f24f6-4c72-11ea-8d3b-b88a60e194fb-1,2020-01-01T12:49:32.000Z,crmid:2675449033,af3f24f6-4c72-11ea-8d3b-b88a60e194fb,prd1154,Mortgage: 30-yr Fixed,Mortgage,Personal,4256739.62,1,USD,branchid:11026
af3fe864-4c72-11ea-bb9e-b88a60e194fb-1,2020-01-24T04:41:29.000Z,crmid:4641018445,af3fe864-4c72-11ea-bb9e-b88a60e194fb,prd1013,Mortgage: FHA,Mortgage,Personal,9432.82,1,USD,branchid:11052
af4257de-4c72-11ea-8a33-b88a60e194fb-1,2020-01-10T02:35:34.000Z,crmid:2411132377,af4257de-4c72-11ea-8a33-b88a60e194fb,prd1079,Mortgage: 30-yr Fixed,Mortgage,Personal,6855.67,1,USD,branchid:11095
af43697e-4c72-11ea-b5ba-b88a60e194fb-1,2020-01-02T03:45:01.000Z,crmid:6442791759,af43697e-4c72-11ea-b5ba-b88a60e194fb,prd1157,Brokerage Account,Investment,Personal,145779.25,1,USD,branchid:11000
af4453d2-4c72-11ea-a521-b88a60e194fb-1,2020-01-22T08:19:04.000Z,crmid:1792878459,af4453d2-4c72-11ea-a521-b88a60e194fb,prd1028,CDs: 1 year,Investment,Personal,14966.0,1,USD,branchid:11003
af453f12-4c72-11ea-a379-b88a60e194fb-1,2020-01-14T14:18:18.000Z,crmid:4577424013,af453f12-4c72-11ea-a379-b88a60e194fb,prd1078,Mortgage: 7/1 ARM,Mortgage,Personal,250619.0,1,USD,branchid:11032
af462898-4c72-11ea-b440-b88a60e194fb-1,2020-01-02T14:33:19.000Z,crmid:2350723946,af462898-4c72-11ea-b440-b88a60e194fb,prd1172,Employee Stock Purchase Plans,Investment,Personal,161963.69,1,USD,branchid:11105
af46ed34-4c72-11ea-bf53-b88a60e194fb-1,2020-01-17T01:13:47.000Z,crmid:1360159983,af46ed34-4c72-11ea-bf53-b88a60e194fb,prd1125,Mortgage: FHA,Mortgage,Personal,12550.74,1,USD,branchid:11003
af47af30-4c72-11ea-becc-b88a60e194fb-1,2020-01-07T05:18:19.000Z,crmid:2607064241,af47af30-4c72-11ea-becc-b88a60e194fb,prd1068,Mortgage: 7/1 ARM,Mortgage,Personal,17965.17,1,USD,branchid:11108
af4a955e-4c72-11ea-887f-b88a60e194fb-1,2020-01-19T14:28:08.000Z,crmid:5152670534,af4a955e-4c72-11ea-887f-b88a60e194fb,prd1073,Business Brokerage Account,Investment,Business,3597911.25,1,USD,branchid:11055
af4b599e-4c72-11ea-8607-b88a60e194fb-1,2020-01-18T06:55:31.000Z,crmid:1131348427,af4b599e-4c72-11ea-8607-b88a60e194fb,prd1077,Roth IRA,Retirement,Personal,14542.96,1,USD,branchid:11110
af4c1cee-4c72-11ea-b65c-b88a60e194fb-1,2020-01-17T21:31:24.000Z,crmid:7820858121,af4c1cee-4c72-11ea-b65c-b88a60e194fb,prd1046,Mortgage: VA,Mortgage,Personal,3518291.88,1,USD,branchid:11089
af4cb93a-4c72-11ea-94a4-b88a60e194fb-1,2020-01-24T13:30:20.000Z,crmid:3783577252,af4cb93a-4c72-11ea-94a4-b88a60e194fb,prd1148,Mortgage: 10/1 ARM,Mortgage,Personal,303731.46,1,USD,branchid:11009
af4da390-4c72-11ea-851f-b88a60e194fb-1,2020-01-25T10:52:46.000Z,crmid:1455988414,af4da390-4c72-11ea-851f-b88a60e194fb,prd1144,Home Equity Loan,Mortgage,Personal,5241004.37,1,USD,branchid:11143
af4e8d12-4c72-11ea-8fdc-b88a60e194fb-1,2020-01-31T02:46:32.000Z,crmid:6304692293,af4e8d12-4c72-11ea-8fdc-b88a60e194fb,prd1121,Mortgage: 30-yr Fixed,Mortgage,Personal,14572.15,1,USD,branchid:11030
af4f7770-4c72-11ea-bf64-b88a60e194fb-1,2020-01-18T14:59:47.000Z,crmid:2672705098,af4f7770-4c72-11ea-bf64-b88a60e194fb,prd1064,CDs: 3 month,Investment,Personal,12436.48,1,USD,branchid:11044
af520f90-4c72-11ea-a8fa-b88a60e194fb-1,2020-01-24T04:21:11.000Z,crmid:4829855411,af520f90-4c72-11ea-a8fa-b88a60e194fb,prd1112,Fixed Deposit,Investment,Personal,14205.54,1,USD,branchid:11020
af52d406-4c72-11ea-8032-b88a60e194fb-1,2020-01-29T23:19:53.000Z,crmid:7841777971,af52d406-4c72-11ea-8032-b88a60e194fb,prd1024,Mortgage: FHA,Mortgage,Personal,22472.67,1,USD,branchid:11085
af539628-4c72-11ea-81b0-b88a60e194fb-1,2020-01-04T06:13:56.000Z,crmid:7462788347,af539628-4c72-11ea-81b0-b88a60e194fb,prd1173,Money Market,Investment,Personal,316520.19,1,USD,branchid:11116
af548100-4c72-11ea-ac82-b88a60e194fb-1,2020-01-09T19:11:58.000Z,crmid:2517894255,af548100-4c72-11ea-ac82-b88a60e194fb,prd1014,CDs: 3 month,Investment,Personal,15171.74,1,USD,branchid:11069
af5543be-4c72-11ea-8d6f-b88a60e194fb-1,2020-01-16T00:24:01.000Z,crmid:4153320249,af5543be-4c72-11ea-8d6f-b88a60e194fb,prd1150,Money Market,Investment,Personal,18038.59,1,USD,branchid:11097
af56071a-4c72-11ea-9fc2-b88a60e194fb-1,2020-01-03T17:48:12.000Z,crmid:7431426824,af56071a-4c72-11ea-9fc2-b88a60e194fb,prd1124,CDs: 5 year,Investment,Personal,11816.63,1,USD,branchid:11091
af571888-4c72-11ea-8301-b88a60e194fb-1,2020-01-17T12:15:01.000Z,crmid:1304158044,af571888-4c72-11ea-8301-b88a60e194fb,prd1077,Roth IRA,Retirement,Personal,17664.83,1,USD,branchid:11010
af59d82c-4c72-11ea-a3c9-b88a60e194fb-1,2020-01-10T06:36:40.000Z,crmid:3318813360,af59d82c-4c72-11ea-a3c9-b88a60e194fb,prd1117,Brokerage Account,Investment,Personal,161202.37,1,USD,branchid:11113
af5ae9ac-4c72-11ea-95b4-b88a60e194fb-1,2020-01-09T12:15:34.000Z,crmid:7120611369,af5ae9ac-4c72-11ea-95b4-b88a60e194fb,prd1042,Roth IRA,Retirement,Personal,13727.22,1,USD,branchid:11071
af5bd42e-4c72-11ea-86c5-b88a60e194fb-1,2020-01-30T19:47:31.000Z,crmid:4405967902,af5bd42e-4c72-11ea-86c5-b88a60e194fb,prd1182,Brokerage Account,Investment,Personal,14576.5,1,USD,branchid:11066
af5ce4dc-4c72-11ea-9b32-b88a60e194fb-1,2020-01-28T08:47:44.000Z,crmid:2262938116,af5ce4dc-4c72-11ea-9b32-b88a60e194fb,prd1185,Mortgage: FHA,Mortgage,Personal,14060.73,1,USD,branchid:11019
af5da912-4c72-11ea-9a55-b88a60e194fb-1,2020-01-22T01:24:31.000Z,crmid:4158555759,af5da912-4c72-11ea-9a55-b88a60e194fb,prd1165,Roth IRA,Retirement,Personal,12471.84,1,USD,branchid:11131
af5e4542-4c72-11ea-8e72-b88a60e194fb-1,2020-01-30T14:55:13.000Z,crmid:8552951732,af5e4542-4c72-11ea-8e72-b88a60e194fb,prd1014,CDs: 3 month,Investment,Personal,12031.92,1,USD,branchid:11134
af5f08b6-4c72-11ea-9218-b88a60e194fb-1,2020-01-05T06:25:03.000Z,crmid:6145359451,af5f08b6-4c72-11ea-9218-b88a60e194fb,prd1056,CDs: 5 year,Investment,Personal,17322.22,1,USD,branchid:11129
af6214f0-4c72-11ea-9117-b88a60e194fb-1,2020-01-20T14:05:52.000Z,crmid:5417122614,af6214f0-4c72-11ea-9117-b88a60e194fb,prd1077,Roth IRA,Retirement,Personal,17466.63,1,USD,branchid:11113
af62d854-4c72-11ea-a5b9-b88a60e194fb-1,2020-01-21T18:05:18.000Z,crmid:8897866478,af62d854-4c72-11ea-a5b9-b88a60e194fb,prd1078,Mortgage: 7/1 ARM,Mortgage,Personal,140538.08,1,USD,branchid:11077
af639c88-4c72-11ea-9c37-b88a60e194fb-1,2020-01-05T13:57:29.000Z,crmid:3676331654,af639c88-4c72-11ea-9c37-b88a60e194fb,prd1153,CDs: 1 year,Investment,Personal,18692.02,1,USD,branchid:11144
af645fe4-4c72-11ea-989d-b88a60e194fb-1,2020-01-14T23:41:41.000Z,crmid:6007264335,af645fe4-4c72-11ea-989d-b88a60e194fb,prd1157,Brokerage Account,Investment,Personal,2982499.42,1,USD,branchid:11014
af65222c-4c72-11ea-a31f-b88a60e194fb-1,2020-01-18T12:46:20.000Z,crmid:3031324132,af65222c-4c72-11ea-a31f-b88a60e194fb,prd1053,Mortgage: VA,Mortgage,Personal,20292.47,1,USD,branchid:11032
af65e586-4c72-11ea-a5f8-b88a60e194fb-1,2020-01-05T05:53:27.000Z,crmid:7064029786,af65e586-4c72-11ea-a5f8-b88a60e194fb,prd1053,Mortgage: VA,Mortgage,Personal,246221.07,1,USD,branchid:11149
af66cfe8-4c72-11ea-b98b-b88a60e194fb-1,2020-01-30T01:26:46.000Z,crmid:5713524985,af66cfe8-4c72-11ea-b98b-b88a60e194fb,prd1024,Mortgage: FHA,Mortgage,Personal,12931.43,1,USD,branchid:11071
af69b6fa-4c72-11ea-858b-b88a60e194fb-1,2020-01-22T22:39:53.000Z,crmid:1261063916,af69b6fa-4c72-11ea-858b-b88a60e194fb,prd1035,Pension Account,Retirement,Personal,262650.16,1,USD,branchid:11109
af6a7a46-4c72-11ea-af64-b88a60e194fb-1,2020-01-04T19:50:39.000Z,crmid:3614582430,af6a7a46-4c72-11ea-af64-b88a60e194fb,prd1182,Brokerage Account,Investment,Personal,271771.3,1,USD,branchid:11011
af6b3ca8-4c72-11ea-bfe6-b88a60e194fb-1,2020-01-11T22:05:10.000Z,crmid:8943471985,af6b3ca8-4c72-11ea-bfe6-b88a60e194fb,prd1033,Fixed Deposit,Investment,Personal,155695.32,1,USD,branchid:11034
af6c2702-4c72-11ea-80f3-b88a60e194fb-1,2020-01-24T21:15:45.000Z,crmid:6878419263,af6c2702-4c72-11ea-80f3-b88a60e194fb,prd1037,Home Equity Loan,Mortgage,Personal,180703.24,1,USD,branchid:11005
af6d1152-4c72-11ea-ae03-b88a60e194fb-1,2020-01-12T08:15:31.000Z,crmid:3905302940,af6d1152-4c72-11ea-ae03-b88a60e194fb,prd1062,Mortgage: VA,Mortgage,Personal,10015.06,1,USD,branchid:11036
af6dd48c-4c72-11ea-a9dc-b88a60e194fb-1,2020-01-25T15:57:39.000Z,crmid:6620752446,af6dd48c-4c72-11ea-a9dc-b88a60e194fb,prd1117,Brokerage Account,Investment,Personal,11273.09,1,USD,branchid:11076
af6ee642-4c72-11ea-bf0f-b88a60e194fb-1,2020-01-26T20:26:36.000Z,crmid:5419569847,af6ee642-4c72-11ea-bf0f-b88a60e194fb,prd1030,401k,Retirement,Personal,326537.9,1,USD,branchid:11077
af71f37e-4c72-11ea-9aa9-b88a60e194fb-1,2020-01-27T21:57:10.000Z,crmid:1244244958,af71f37e-4c72-11ea-9aa9-b88a60e194fb,prd1068,Mortgage: 7/1 ARM,Mortgage,Personal,3241352.48,1,USD,branchid:11088
af72ddd4-4c72-11ea-b486-b88a60e194fb-1,2020-01-16T01:01:58.000Z,crmid:2615380829,af72ddd4-4c72-11ea-b486-b88a60e194fb,prd1045,Mortgage: 10/1 ARM,Mortgage,Personal,14275.45,1,USD,branchid:11002
af73c980-4c72-11ea-9f6a-b88a60e194fb-1,2020-01-08T13:24:52.000Z,crmid:8224283087,af73c980-4c72-11ea-9f6a-b88a60e194fb,prd1182,Brokerage Account,Investment,Personal,203794.41,1,USD,branchid:11147
af7465b6-4c72-11ea-abb8-b88a60e194fb-1,2020-01-12T07:59:30.000Z,crmid:5649975046,af7465b6-4c72-11ea-abb8-b88a60e194fb,prd1181,Mortgage: 5/1 ARM,Mortgage,Personal,3381075.32,1,USD,branchid:11049
af754fe2-4c72-11ea-928a-b88a60e194fb-1,2020-01-18T10:34:32.000Z,crmid:8144739769,af754fe2-4c72-11ea-928a-b88a60e194fb,prd1077,Roth IRA,Retirement,Personal,12930.74,1,USD,branchid:11097
af76121c-4c72-11ea-b256-b88a60e194fb-1,2020-01-29T12:44:05.000Z,crmid:5992335512,af76121c-4c72-11ea-b256-b88a60e194fb,prd1077,Roth IRA,Retirement,Personal,17732.22,1,USD,branchid:11047
af76d6c0-4c72-11ea-9318-b88a60e194fb-1,2020-01-04T03:38:25.000Z,crmid:6044629133,af76d6c0-4c72-11ea-9318-b88a60e194fb,prd1125,Mortgage: FHA,Mortgage,Personal,14139.49,1,USD,branchid:11077
af7a30ec-4c72-11ea-851b-b88a60e194fb-1,2020-01-07T01:12:51.000Z,crmid:2150053793,af7a30ec-4c72-11ea-851b-b88a60e194fb,prd1114,CDs: 3 month,Investment,Personal,184208.62,1,USD,branchid:11109
af7af41a-4c72-11ea-a241-b88a60e194fb-1,2020-01-03T01:41:34.000Z,crmid:9335008646,af7af41a-4c72-11ea-a241-b88a60e194fb,prd1117,Brokerage Account,Investment,Personal,21503.32,1,USD,branchid:11045
af7bb8b8-4c72-11ea-b4c3-b88a60e194fb-1,2020-01-11T13:33:36.000Z,crmid:4679149994,af7bb8b8-4c72-11ea-b4c3-b88a60e194fb,prd1124,CDs: 5 year,Investment,Personal,197383.48,1,USD,branchid:11045
af7c7aba-4c72-11ea-b9a4-b88a60e194fb-1,2020-01-28T21:59:56.000Z,crmid:8493817763,af7c7aba-4c72-11ea-b9a4-b88a60e194fb,prd1101,Mortgage: 5/1 ARM,Mortgage,Personal,3719479.33,1,USD,branchid:11136
af7d8c40-4c72-11ea-9110-b88a60e194fb-1,2020-01-22T19:56:26.000Z,crmid:3074665758,af7d8c40-4c72-11ea-9110-b88a60e194fb,prd1021,CDs: 5 year,Investment,Personal,4682395.8,1,USD,branchid:11013
af7e9db6-4c72-11ea-a50d-b88a60e194fb-1,2020-01-31T09:09:41.000Z,crmid:2190151744,af7e9db6-4c72-11ea-a50d-b88a60e194fb,prd1024,Mortgage: FHA,Mortgage,Personal,13998.99,1,USD,branchid:11064
af7f622c-4c72-11ea-95aa-b88a60e194fb-1,2020-01-03T13:06:36.000Z,crmid:5954573538,af7f622c-4c72-11ea-95aa-b88a60e194fb,prd1159,CDs: 3 month,Investment,Personal,281962.31,1,USD,branchid:11106
af82bd76-4c72-11ea-83e5-b88a60e194fb-1,2020-01-08T21:55:04.000Z,crmid:9853916032,af82bd76-4c72-11ea-83e5-b88a60e194fb,prd1110,Traditional IRA,Retirement,Personal,2543525.37,1,USD,branchid:11044
af838092-4c72-11ea-beb3-b88a60e194fb-1,2020-01-19T07:48:59.000Z,crmid:3162606876,af838092-4c72-11ea-beb3-b88a60e194fb,prd1077,Roth IRA,Retirement,Personal,10652.2,1,USD,branchid:11032
af846a06-4c72-11ea-acde-b88a60e194fb-1,2020-01-03T05:06:45.000Z,crmid:3197307652,af846a06-4c72-11ea-acde-b88a60e194fb,prd1062,Mortgage: VA,Mortgage,Personal,4314320.85,1,USD,branchid:11118
af852e4a-4c72-11ea-b98f-b88a60e194fb-1,2020-01-05T17:10:24.000Z,crmid:4609089647,af852e4a-4c72-11ea-b98f-b88a60e194fb,prd1062,Mortgage: VA,Mortgage,Personal,152377.28,1,USD,branchid:11080
af85f18a-4c72-11ea-9209-b88a60e194fb-1,2020-01-08T00:26:20.000Z,crmid:7528069839,af85f18a-4c72-11ea-9209-b88a60e194fb,prd1045,Mortgage: 10/1 ARM,Mortgage,Personal,4326609.83,1,USD,branchid:11065
af86dae8-4c72-11ea-a147-b88a60e194fb-1,2020-01-14T09:14:40.000Z,crmid:7308726610,af86dae8-4c72-11ea-a147-b88a60e194fb,prd1114,CDs: 3 month,Investment,Personal,14885.03,1,USD,branchid:11046
af87c558-4c72-11ea-ad4b-b88a60e194fb-1,2020-01-21T18:38:10.000Z,crmid:3677389650,af87c558-4c72-11ea-ad4b-b88a60e194fb,prd1026,Mortgage: 5/1 ARM,Mortgage,Personal,285911.19,1,USD,branchid:11072
af8b4914-4c72-11ea-9038-b88a60e194fb-1,2020-01-20T11:41:02.000Z,crmid:2556545284,af8b4914-4c72-11ea-9038-b88a60e194fb,prd1068,Mortgage: 7/1 ARM,Mortgage,Personal,14464.05,1,USD,branchid:11107
af8c0c5a-4c72-11ea-aacc-b88a60e194fb-1,2020-01-14T10:41:07.000Z,crmid:3943475923,af8c0c5a-4c72-11ea-aacc-b88a60e194fb,prd1154,Mortgage: 30-yr Fixed,Mortgage,Personal,3478014.51,1,USD,branchid:11019
af8cf57e-4c72-11ea-ab81-b88a60e194fb-1,2020-01-27T14:34:59.000Z,crmid:2652200795,af8cf57e-4c72-11ea-ab81-b88a60e194fb,prd1045,Mortgage: 10/1 ARM,Mortgage,Personal,19118.58,1,USD,branchid:11121
af8db9c2-4c72-11ea-8063-b88a60e194fb-1,2020-01-13T00:30:57.000Z,crmid:7519537304,af8db9c2-4c72-11ea-8063-b88a60e194fb,prd1179,Business Brokerage Account,Investment,Business,156419.78,1,USD,branchid:11130
af8e55fa-4c72-11ea-beec-b88a60e194fb-1,2020-01-09T19:29:35.000Z,crmid:8851355401,af8e55fa-4c72-11ea-beec-b88a60e194fb,prd1115,Mortgage: VA,Mortgage,Personal,19067.78,1,USD,branchid:11115
af8f8d64-4c72-11ea-ba62-b88a60e194fb-1,2020-01-19T02:26:09.000Z,crmid:6148750742,af8f8d64-4c72-11ea-ba62-b88a60e194fb,prd1079,Mortgage: 30-yr Fixed,Mortgage,Personal,235467.56,1,USD,branchid:11011
af909ee8-4c72-11ea-a0e9-b88a60e194fb-1,2020-01-12T00:22:24.000Z,crmid:5133992754,af909ee8-4c72-11ea-a0e9-b88a60e194fb,prd1181,Mortgage: 5/1 ARM,Mortgage,Personal,8533.13,1,USD,branchid:11094
af94e4b4-4c72-11ea-8add-b88a60e194fb-1,2020-01-23T18:24:07.000Z,crmid:8074734895,af94e4b4-4c72-11ea-8add-b88a60e194fb,prd1179,Business Brokerage Account,Investment,Business,18772.86,1,USD,branchid:11134
af95a948-4c72-11ea-b7af-b88a60e194fb-1,2020-01-27T22:38:14.000Z,crmid:7184896974,af95a948-4c72-11ea-b7af-b88a60e194fb,prd1159,CDs: 3 month,Investment,Personal,198853.22,1,USD,branchid:11008
af96b990-4c72-11ea-bda9-b88a60e194fb-1,2020-01-16T18:10:06.000Z,crmid:9032129017,af96b990-4c72-11ea-bda9-b88a60e194fb,prd1165,Roth IRA,Retirement,Personal,13629.21,1,USD,branchid:11064
af97cc6e-4c72-11ea-9b29-b88a60e194fb-1,2020-01-02T05:12:20.000Z,crmid:9547577727,af97cc6e-4c72-11ea-9b29-b88a60e194fb,prd1041,Mortgage: 7/1 ARM,Mortgage,Personal,15453.61,1,USD,branchid:11056
af988e34-4c72-11ea-9baf-b88a60e194fb-1,2020-01-29T16:06:12.000Z,crmid:2768755282,af988e34-4c72-11ea-9baf-b88a60e194fb,prd1155,CDs: 5 year,Investment,Personal,135674.36,1,USD,branchid:11037
af997928-4c72-11ea-8bd9-b88a60e194fb-1,2020-01-30T08:14:45.000Z,crmid:3898019355,af997928-4c72-11ea-8bd9-b88a60e194fb,prd1185,Mortgage: FHA,Mortgage,Personal,307789.41,1,USD,branchid:11043
af9a3be8-4c72-11ea-aed8-b88a60e194fb-1,2020-01-27T08:28:23.000Z,crmid:9781237998,af9a3be8-4c72-11ea-aed8-b88a60e194fb,prd1046,Mortgage: VA,Mortgage,Personal,17662.76,1,USD,branchid:11065
af9de69e-4c72-11ea-9b4c-b88a60e194fb-1,2020-01-20T02:13:03.000Z,crmid:6677739270,af9de69e-4c72-11ea-9b4c-b88a60e194fb,prd1034,Home Equity Loan,Mortgage,Personal,211427.37,1,USD,branchid:11013
af9ef9d8-4c72-11ea-a928-b88a60e194fb-1,2020-01-02T09:36:25.000Z,crmid:8441855424,af9ef9d8-4c72-11ea-a928-b88a60e194fb,prd1174,Traditional IRA,Retirement,Personal,16043.42,1,USD,branchid:11004
af9fe136-4c72-11ea-9b8d-b88a60e194fb-1,2020-01-24T13:31:15.000Z,crmid:4797363365,af9fe136-4c72-11ea-9b8d-b88a60e194fb,prd1189,Overseas Equity Fund,Investment,Personal,14187.2,1,USD,branchid:11027
afa0a5d2-4c72-11ea-a1a6-b88a60e194fb-1,2020-01-12T01:10:15.000Z,crmid:6638942474,afa0a5d2-4c72-11ea-a1a6-b88a60e194fb,prd1189,Overseas Equity Fund,Investment,Personal,194476.1,1,USD,branchid:11136
afa16958-4c72-11ea-9e62-b88a60e194fb-1,2020-01-07T18:39:55.000Z,crmid:6301196506,afa16958-4c72-11ea-9e62-b88a60e194fb,prd1157,Brokerage Account,Investment,Personal,10900.21,1,USD,branchid:11079
afa2055c-4c72-11ea-9ca5-b88a60e194fb-1,2020-01-25T23:43:44.000Z,crmid:5696512104,afa2055c-4c72-11ea-9ca5-b88a60e194fb,prd1129,Mortgage: 10/1 ARM,Mortgage,Personal,14031.59,1,USD,branchid:11092
afa3168c-4c72-11ea-85be-b88a60e194fb-1,2020-01-09T13:21:01.000Z,crmid:1848184255,afa3168c-4c72-11ea-85be-b88a60e194fb,prd1114,CDs: 3 month,Investment,Personal,17397.23,1,USD,branchid:11109
afa6e61e-4c72-11ea-ad40-b88a60e194fb-1,2020-01-10T06:22:25.000Z,crmid:2080596421,afa6e61e-4c72-11ea-ad40-b88a60e194fb,prd1117,Brokerage Account,Investment,Personal,20634.98,1,USD,branchid:11064
afa7d0fe-4c72-11ea-b966-b88a60e194fb-1,2020-01-23T18:21:37.000Z,crmid:5257366649,afa7d0fe-4c72-11ea-b966-b88a60e194fb,prd1008,Traditional IRA,Retirement,Personal,180899.02,1,USD,branchid:11045
afa8bc10-4c72-11ea-8622-b88a60e194fb-1,2020-01-31T11:02:29.000Z,crmid:1695383128,afa8bc10-4c72-11ea-8622-b88a60e194fb,prd1148,Mortgage: 10/1 ARM,Mortgage,Personal,8266.37,1,USD,branchid:11014
afa9cd52-4c72-11ea-9b6c-b88a60e194fb-1,2020-01-20T08:40:17.000Z,crmid:6831777384,afa9cd52-4c72-11ea-9b6c-b88a60e194fb,prd1032,Home Equity Loan,Mortgage,Personal,13464.27,1,USD,branchid:11078
afaa90b0-4c72-11ea-8d3d-b88a60e194fb-1,2020-01-25T20:03:41.000Z,crmid:1757099472,afaa90b0-4c72-11ea-8d3d-b88a60e194fb,prd1064,CDs: 3 month,Investment,Personal,206532.75,1,USD,branchid:11093
afab541a-4c72-11ea-94ea-b88a60e194fb-1,2020-01-16T14:36:15.000Z,crmid:5961350582,afab541a-4c72-11ea-94ea-b88a60e194fb,prd1079,Mortgage: 30-yr Fixed,Mortgage,Personal,270876.44,1,USD,branchid:11092
afac1630-4c72-11ea-b0f6-b88a60e194fb-1,2020-01-27T06:21:25.000Z,crmid:8722712559,afac1630-4c72-11ea-b0f6-b88a60e194fb,prd1108,401k,Retirement,Personal,22440.47,1,USD,branchid:11101
afb0d11e-4c72-11ea-879d-b88a60e194fb-1,2020-01-28T21:27:33.000Z,crmid:8635088974,afb0d11e-4c72-11ea-879d-b88a60e194fb,prd1013,Mortgage: FHA,Mortgage,Personal,4475098.46,1,USD,branchid:11050
afb1bc0c-4c72-11ea-80ad-b88a60e194fb-1,2020-01-23T11:52:57.000Z,crmid:5145262824,afb1bc0c-4c72-11ea-80ad-b88a60e194fb,prd1033,Fixed Deposit,Investment,Personal,19397.27,1,USD,branchid:11039
afb2a5d8-4c72-11ea-b939-b88a60e194fb-1,2020-01-10T10:25:50.000Z,crmid:5947180641,afb2a5d8-4c72-11ea-b939-b88a60e194fb,prd1049,Business Brokerage Account,Investment,Business,236765.31,1,USD,branchid:11009
afb3df42-4c72-11ea-9df2-b88a60e194fb-1,2020-01-12T13:25:55.000Z,crmid:9340254557,afb3df42-4c72-11ea-9df2-b88a60e194fb,prd1121,Mortgage: 30-yr Fixed,Mortgage,Personal,178117.53,1,USD,branchid:11149
afb51776-4c72-11ea-923e-b88a60e194fb-1,2020-01-31T05:56:17.000Z,crmid:5155177587,afb51776-4c72-11ea-923e-b88a60e194fb,prd1150,Money Market,Investment,Personal,103677.13,1,USD,branchid:11061
afb64ffa-4c72-11ea-b1f0-b88a60e194fb-1,2020-01-27T13:35:20.000Z,crmid:5059623252,afb64ffa-4c72-11ea-b1f0-b88a60e194fb,prd1042,Roth IRA,Retirement,Personal,176297.14,1,USD,branchid:11107
afb739c6-4c72-11ea-8beb-b88a60e194fb-1,2020-01-04T20:57:50.000Z,crmid:6784744923,afb739c6-4c72-11ea-8beb-b88a60e194fb,prd1068,Mortgage: 7/1 ARM,Mortgage,Personal,22018.8,1,USD,branchid:11063
afbbcee2-4c72-11ea-821c-b88a60e194fb-1,2020-01-11T17:58:02.000Z,crmid:9377924778,afbbcee2-4c72-11ea-821c-b88a60e194fb,prd1068,Mortgage: 7/1 ARM,Mortgage,Personal,13076.54,1,USD,branchid:11016
afbc90f4-4c72-11ea-827a-b88a60e194fb-1,2020-01-29T09:44:46.000Z,crmid:7326602547,afbc90f4-4c72-11ea-827a-b88a60e194fb,prd1097,Employee Stock Purchase Plans,Investment,Personal,274238.57,1,USD,branchid:11118
afbd7c00-4c72-11ea-a1dd-b88a60e194fb-1,2020-01-29T20:51:47.000Z,crmid:4579397092,afbd7c00-4c72-11ea-a1dd-b88a60e194fb,prd1121,Mortgage: 30-yr Fixed,Mortgage,Personal,4331841.65,1,USD,branchid:11022
afbe3e8c-4c72-11ea-917f-b88a60e194fb-1,2020-01-13T04:32:08.000Z,crmid:2657465878,afbe3e8c-4c72-11ea-917f-b88a60e194fb,prd1046,Mortgage: VA,Mortgage,Personal,9559.58,1,USD,branchid:11027
afbf01e4-4c72-11ea-8bfd-b88a60e194fb-1,2020-01-04T15:39:26.000Z,crmid:8108982243,afbf01e4-4c72-11ea-8bfd-b88a60e194fb,prd1114,CDs: 3 month,Investment,Personal,192831.77,1,USD,branchid:11006
afbfecc0-4c72-11ea-8bae-b88a60e194fb-1,2020-01-01T12:42:17.000Z,crmid:3259471888,afbfecc0-4c72-11ea-8bae-b88a60e194fb,prd1183,Fixed Deposit,Investment,Personal,11447.13,1,USD,branchid:11026
afc14c06-4c72-11ea-9d82-b88a60e194fb-1,2020-01-17T10:41:53.000Z,crmid:4872349358,afc14c06-4c72-11ea-9d82-b88a60e194fb,prd1032,Home Equity Loan,Mortgage,Personal,12364.46,1,USD,branchid:11003
afc67c8a-4c72-11ea-b36f-b88a60e194fb-1,2020-01-30T11:12:40.000Z,crmid:6583805491,afc67c8a-4c72-11ea-b36f-b88a60e194fb,prd1037,Home Equity Loan,Mortgage,Personal,208097.85,1,USD,branchid:11038
afc740a8-4c72-11ea-b95b-b88a60e194fb-1,2020-01-02T22:24:43.000Z,crmid:3188038592,afc740a8-4c72-11ea-b95b-b88a60e194fb,prd1114,CDs: 3 month,Investment,Personal,14125.01,1,USD,branchid:11036
afc829a2-4c72-11ea-9199-b88a60e194fb-1,2020-01-23T14:43:29.000Z,crmid:5482796735,afc829a2-4c72-11ea-9199-b88a60e194fb,prd1029,401k,Retirement,Personal,3989274.02,1,USD,branchid:11015
afc93b10-4c72-11ea-a9ff-b88a60e194fb-1,2020-01-16T10:10:16.000Z,crmid:8452396776,afc93b10-4c72-11ea-a9ff-b88a60e194fb,prd1087,Overseas Equity Fund,Investment,Personal,133962.05,1,USD,branchid:11064
afca2682-4c72-11ea-88ab-b88a60e194fb-1,2020-01-28T07:33:11.000Z,crmid:4281777995,afca2682-4c72-11ea-88ab-b88a60e194fb,prd1024,Mortgage: FHA,Mortgage,Personal,15840.02,1,USD,branchid:11139
afcb0fb4-4c72-11ea-8f13-b88a60e194fb-1,2020-01-03T17:47:03.000Z,crmid:9220080506,afcb0fb4-4c72-11ea-8f13-b88a60e194fb,prd1087,Overseas Equity Fund,Investment,Personal,13010.06,1,USD,branchid:11070
afcbd31e-4c72-11ea-a779-b88a60e194fb-1,2020-01-07T13:50:19.000Z,crmid:1849520298,afcbd31e-4c72-11ea-a779-b88a60e194fb,prd1115,Mortgage: VA,Mortgage,Personal,276713.26,1,USD,branchid:11063
afd066dc-4c72-11ea-9332-b88a60e194fb-1,2020-01-17T13:12:57.000Z,crmid:5705032138,afd066dc-4c72-11ea-9332-b88a60e194fb,prd1124,CDs: 5 year,Investment,Personal,21433.77,1,USD,branchid:11144
afd15134-4c72-11ea-bbbd-b88a60e194fb-1,2020-01-08T21:01:45.000Z,crmid:3034226173,afd15134-4c72-11ea-bbbd-b88a60e194fb,prd1034,Home Equity Loan,Mortgage,Personal,13238.14,1,USD,branchid:11089
afd2148a-4c72-11ea-be94-b88a60e194fb-1,2020-01-16T07:01:57.000Z,crmid:5840943370,afd2148a-4c72-11ea-be94-b88a60e194fb,prd1056,CDs: 5 year,Investment,Personal,250237.61,1,USD,branchid:11017
afd32626-4c72-11ea-9903-b88a60e194fb-1,2020-01-04T13:49:38.000Z,crmid:3084901812,afd32626-4c72-11ea-9903-b88a60e194fb,prd1189,Overseas Equity Fund,Investment,Personal,14746.26,1,USD,branchid:11053
afd4117e-4c72-11ea-a307-b88a60e194fb-1,2020-01-13T05:13:08.000Z,crmid:9333878727,afd4117e-4c72-11ea-a307-b88a60e194fb,prd1047,Mortgage: 10 yr Fixed,Mortgage,Personal,11478.78,1,USD,branchid:11131
afd4d3d8-4c72-11ea-9aa1-b88a60e194fb-1,2020-01-08T12:48:14.000Z,crmid:6671347260,afd4d3d8-4c72-11ea-9aa1-b88a60e194fb,prd1030,401k,Retirement,Personal,22013.15,1,USD,branchid:11069
afd59714-4c72-11ea-a474-b88a60e194fb-1,2020-01-10T02:55:44.000Z,crmid:1261396150,afd59714-4c72-11ea-a474-b88a60e194fb,prd1154,Mortgage: 30-yr Fixed,Mortgage,Personal,11723.53,1,USD,branchid:11126
afda2bde-4c72-11ea-85e9-b88a60e194fb-1,2020-01-02T08:48:56.000Z,crmid:7536398980,afda2bde-4c72-11ea-85e9-b88a60e194fb,prd1030,401k,Retirement,Personal,236382.19,1,USD,branchid:11099
afdaef90-4c72-11ea-a99e-b88a60e194fb-1,2020-01-15T06:25:22.000Z,crmid:1014748486,afdaef90-4c72-11ea-a99e-b88a60e194fb,prd1068,Mortgage: 7/1 ARM,Mortgage,Personal,187134.6,1,USD,branchid:11006
afdbd9b0-4c72-11ea-899d-b88a60e194fb-1,2020-01-18T04:56:41.000Z,crmid:6796141747,afdbd9b0-4c72-11ea-899d-b88a60e194fb,prd1026,Mortgage: 5/1 ARM,Mortgage,Personal,228363.81,1,USD,branchid:11091
afdc9d42-4c72-11ea-bd51-b88a60e194fb-1,2020-01-26T21:55:27.000Z,crmid:8090340184,afdc9d42-4c72-11ea-bd51-b88a60e194fb,prd1101,Mortgage: 5/1 ARM,Mortgage,Personal,199489.28,1,USD,branchid:11053
afdd5f8a-4c72-11ea-be0e-b88a60e194fb-1,2020-01-16T14:47:45.000Z,crmid:2540402448,afdd5f8a-4c72-11ea-be0e-b88a60e194fb,prd1087,Overseas Equity Fund,Investment,Personal,2766389.7,1,USD,branchid:11008
afde49ba-4c72-11ea-8f8f-b88a60e194fb-1,2020-01-04T05:22:41.000Z,crmid:7919691291,afde49ba-4c72-11ea-8f8f-b88a60e194fb,prd1032,Home Equity Loan,Mortgage,Personal,15783.53,1,USD,branchid:11029
afdf0e3a-4c72-11ea-aa7c-b88a60e194fb-1,2020-01-15T04:38:34.000Z,crmid:8100158968,afdf0e3a-4c72-11ea-aa7c-b88a60e194fb,prd1159,CDs: 3 month,Investment,Personal,190128.56,1,USD,branchid:11102
afe43d14-4c72-11ea-ac44-b88a60e194fb-1,2020-01-14T19:43:23.000Z,crmid:3027576825,afe43d14-4c72-11ea-ac44-b88a60e194fb,prd1056,CDs: 5 year,Investment,Personal,14539.55,1,USD,branchid:11084
afe5291c-4c72-11ea-a4a7-b88a60e194fb-1,2020-01-23T22:08:46.000Z,crmid:6154031424,afe5291c-4c72-11ea-a4a7-b88a60e194fb,prd1068,Mortgage: 7/1 ARM,Mortgage,Personal,14412.06,1,USD,branchid:11150
afe638ca-4c72-11ea-96e3-b88a60e194fb-1,2020-01-10T19:58:29.000Z,crmid:3865546296,afe638ca-4c72-11ea-96e3-b88a60e194fb,prd1139,Employee Stock Purchase Plans,Investment,Personal,4120019.52,1,USD,branchid:11053
afe6fc1a-4c72-11ea-9804-b88a60e194fb-1,2020-01-19T19:04:58.000Z,crmid:2129672655,afe6fc1a-4c72-11ea-9804-b88a60e194fb,prd1117,Brokerage Account,Investment,Personal,140624.27,1,USD,branchid:11033
afe79852-4c72-11ea-b82e-b88a60e194fb-1,2020-01-23T21:27:52.000Z,crmid:9119258792,afe79852-4c72-11ea-b82e-b88a60e194fb,prd1035,Pension Account,Retirement,Personal,2127434.52,1,USD,branchid:11125
afe8a9f4-4c72-11ea-abc0-b88a60e194fb-1,2020-01-24T19:26:14.000Z,crmid:8125528235,afe8a9f4-4c72-11ea-abc0-b88a60e194fb,prd1175,401k,Retirement,Personal,20532.54,1,USD,branchid:11131
afe96d4c-4c72-11ea-a2b6-b88a60e194fb-1,2020-01-18T10:31:52.000Z,crmid:6658016051,afe96d4c-4c72-11ea-a2b6-b88a60e194fb,prd1046,Mortgage: VA,Mortgage,Personal,15193.24,1,USD,branchid:11137
afee4f2e-4c72-11ea-90bc-b88a60e194fb-1,2020-01-29T13:52:13.000Z,crmid:8921767817,afee4f2e-4c72-11ea-90bc-b88a60e194fb,prd1030,401k,Retirement,Personal,12747.18,1,USD,branchid:11063
afef127a-4c72-11ea-8042-b88a60e194fb-1,2020-01-24T21:45:51.000Z,crmid:4898015616,afef127a-4c72-11ea-8042-b88a60e194fb,prd1062,Mortgage: VA,Mortgage,Personal,19779.86,1,USD,branchid:11132
aff04afa-4c72-11ea-b494-b88a60e194fb-1,2020-01-08T10:00:22.000Z,crmid:3902467384,aff04afa-4c72-11ea-b494-b88a60e194fb,prd1131,Employee Stock Purchase Plans,Investment,Personal,107515.66,1,USD,branchid:11106
aff10e58-4c72-11ea-a90b-b88a60e194fb-1,2020-01-30T10:34:57.000Z,crmid:8227699091,aff10e58-4c72-11ea-a90b-b88a60e194fb,prd1078,Mortgage: 7/1 ARM,Mortgage,Personal,13424.45,1,USD,branchid:11012
aff1d2fa-4c72-11ea-b79e-b88a60e194fb-1,2020-01-04T11:37:14.000Z,crmid:3331343839,aff1d2fa-4c72-11ea-b79e-b88a60e194fb,prd1185,Mortgage: FHA,Mortgage,Personal,214344.92,1,USD,branchid:11135
aff2bc00-4c72-11ea-8749-b88a60e194fb-1,2020-01-17T01:49:19.000Z,crmid:9218596313,aff2bc00-4c72-11ea-8749-b88a60e194fb,prd1056,CDs: 5 year,Investment,Personal,17471.93,1,USD,branchid:11059
aff37f52-4c72-11ea-bdb2-b88a60e194fb-1,2020-01-01T12:29:36.000Z,crmid:9594311843,aff37f52-4c72-11ea-bdb2-b88a60e194fb,prd1129,Mortgage: 10/1 ARM,Mortgage,Personal,15885.23,1,USD,branchid:11061
aff88868-4c72-11ea-bf80-b88a60e194fb-1,2020-01-27T20:24:08.000Z,crmid:1659184539,aff88868-4c72-11ea-bf80-b88a60e194fb,prd1042,Roth IRA,Retirement,Personal,13855.04,1,USD,branchid:11084
aff972c2-4c72-11ea-8c25-b88a60e194fb-1,2020-01-19T08:37:14.000Z,crmid:7129847206,aff972c2-4c72-11ea-8c25-b88a60e194fb,prd1083,Pension Account,Retirement,Personal,238049.02,1,USD,branchid:11123
affa3618-4c72-11ea-b1da-b88a60e194fb-1,2020-01-09T17:38:42.000Z,crmid:5768744915,affa3618-4c72-11ea-b1da-b88a60e194fb,prd1175,401k,Retirement,Personal,11581.77,1,USD,branchid:11054
affafa5a-4c72-11ea-aeb8-b88a60e194fb-1,2020-01-26T10:50:10.000Z,crmid:1610973290,affafa5a-4c72-11ea-aeb8-b88a60e194fb,prd1182,Brokerage Account,Investment,Personal,16935.81,1,USD,branchid:11092
affbbdb6-4c72-11ea-bbb5-b88a60e194fb-1,2020-01-20T02:16:00.000Z,crmid:8233631827,affbbdb6-4c72-11ea-bbb5-b88a60e194fb,prd1165,Roth IRA,Retirement,Personal,13588.33,1,USD,branchid:11034
affc801a-4c72-11ea-8a25-b88a60e194fb-1,2020-01-01T23:28:13.000Z,crmid:2936747982,affc801a-4c72-11ea-8a25-b88a60e194fb,prd1174,Traditional IRA,Retirement,Personal,16177.64,1,USD,branchid:11096
affd6b52-4c72-11ea-a999-b88a60e194fb-1,2020-01-18T16:46:16.000Z,crmid:6530514834,affd6b52-4c72-11ea-a999-b88a60e194fb,prd1053,Mortgage: VA,Mortgage,Personal,16415.67,1,USD,branchid:11018
b002e8a2-4c72-11ea-a07c-b88a60e194fb-1,2020-01-03T09:35:33.000Z,crmid:9417911592,b002e8a2-4c72-11ea-a07c-b88a60e194fb,prd1148,Mortgage: 10/1 ARM,Mortgage,Personal,169019.66,1,USD,branchid:11003
b003ac0c-4c72-11ea-aa64-b88a60e194fb-1,2020-01-29T16:03:40.000Z,crmid:4494479056,b003ac0c-4c72-11ea-aa64-b88a60e194fb,prd1056,CDs: 5 year,Investment,Personal,14558.7,1,USD,branchid:11117
b0049662-4c72-11ea-9ee9-b88a60e194fb-1,2020-01-29T16:11:33.000Z,crmid:3515704807,b0049662-4c72-11ea-9ee9-b88a60e194fb,prd1029,401k,Retirement,Personal,18571.42,1,USD,branchid:11052
b0055a92-4c72-11ea-ae02-b88a60e194fb-1,2020-01-26T10:59:08.000Z,crmid:6938870619,b0055a92-4c72-11ea-ae02-b88a60e194fb,prd1049,Business Brokerage Account,Investment,Business,17769.83,1,USD,branchid:11055
b0069252-4c72-11ea-a3eb-b88a60e194fb-1,2020-01-31T21:03:49.000Z,crmid:9364561602,b0069252-4c72-11ea-a3eb-b88a60e194fb,prd1124,CDs: 5 year,Investment,Personal,22845.54,1,USD,branchid:11127
b00756c0-4c72-11ea-9e6d-b88a60e194fb-1,2020-01-06T00:14:21.000Z,crmid:8429341426,b00756c0-4c72-11ea-9e6d-b88a60e194fb,prd1155,CDs: 5 year,Investment,Personal,285084.49,1,USD,branchid:11030
b007f302-4c72-11ea-8aad-b88a60e194fb-1,2020-01-21T22:27:41.000Z,crmid:2267026285,b007f302-4c72-11ea-8aad-b88a60e194fb,prd1097,Employee Stock Purchase Plans,Investment,Personal,13265.61,1,USD,branchid:11042
b00d21ca-4c72-11ea-ab95-b88a60e194fb-1,2020-01-29T23:54:25.000Z,crmid:4671765430,b00d21ca-4c72-11ea-ab95-b88a60e194fb,prd1032,Home Equity Loan,Mortgage,Personal,200087.78,1,USD,branchid:11121
b00e0c18-4c72-11ea-b82d-b88a60e194fb-1,2020-01-10T15:49:45.000Z,crmid:9867888902,b00e0c18-4c72-11ea-b82d-b88a60e194fb,prd1182,Brokerage Account,Investment,Personal,17688.11,1,USD,branchid:11069
b00ecf92-4c72-11ea-b3d5-b88a60e194fb-1,2020-01-20T07:46:02.000Z,crmid:4716418318,b00ecf92-4c72-11ea-b3d5-b88a60e194fb,prd1110,Traditional IRA,Retirement,Personal,12692.37,1,USD,branchid:11117
b00fb9d4-4c72-11ea-9ee0-b88a60e194fb-1,2020-01-21T08:24:14.000Z,crmid:3231260382,b00fb9d4-4c72-11ea-9ee0-b88a60e194fb,prd1101,Mortgage: 5/1 ARM,Mortgage,Personal,15354.97,1,USD,branchid:11074
b0107d30-4c72-11ea-bae1-b88a60e194fb-1,2020-01-06T17:18:39.000Z,crmid:1525772469,b0107d30-4c72-11ea-bae1-b88a60e194fb,prd1024,Mortgage: FHA,Mortgage,Personal,16201.19,1,USD,branchid:11102
b0116764-4c72-11ea-a8a8-b88a60e194fb-1,2020-01-11T09:11:40.000Z,crmid:3008448624,b0116764-4c72-11ea-a8a8-b88a60e194fb,prd1189,Overseas Equity Fund,Investment,Personal,18008.82,1,USD,branchid:11088
b0122b42-4c72-11ea-ba5a-b88a60e194fb-1,2020-01-29T23:24:52.000Z,crmid:4219695119,b0122b42-4c72-11ea-ba5a-b88a60e194fb,prd1083,Pension Account,Retirement,Personal,141250.1,1,USD,branchid:11111
b017f726-4c72-11ea-b547-b88a60e194fb-1,2020-01-08T00:54:53.000Z,crmid:1884004166,b017f726-4c72-11ea-b547-b88a60e194fb,prd1060,Traditional IRA,Retirement,Personal,17463.12,1,USD,branchid:11070
b018ba76-4c72-11ea-a174-b88a60e194fb-1,2020-01-22T08:13:38.000Z,crmid:7863658877,b018ba76-4c72-11ea-a174-b88a60e194fb,prd1024,Mortgage: FHA,Mortgage,Personal,154727.84,1,USD,branchid:11042
b0197f18-4c72-11ea-be9c-b88a60e194fb-1,2020-01-25T13:15:05.000Z,crmid:4370691988,b0197f18-4c72-11ea-be9c-b88a60e194fb,prd1077,Roth IRA,Retirement,Personal,236213.18,1,USD,branchid:11058
b01a424c-4c72-11ea-a6da-b88a60e194fb-1,2020-01-05T12:56:50.000Z,crmid:5887902063,b01a424c-4c72-11ea-a6da-b88a60e194fb,prd1056,CDs: 5 year,Investment,Personal,199679.27,1,USD,branchid:11058
b01b5430-4c72-11ea-9a50-b88a60e194fb-1,2020-01-14T03:10:19.000Z,crmid:6111977053,b01b5430-4c72-11ea-9a50-b88a60e194fb,prd1008,Traditional IRA,Retirement,Personal,9752.57,1,USD,branchid:11076
b01c1734-4c72-11ea-9c17-b88a60e194fb-1,2020-01-09T02:54:21.000Z,crmid:3457251750,b01c1734-4c72-11ea-9c17-b88a60e194fb,prd1155,CDs: 5 year,Investment,Personal,209026.84,1,USD,branchid:11128
b01cda78-4c72-11ea-a8d8-b88a60e194fb-1,2020-01-31T08:34:58.000Z,crmid:3019987933,b01cda78-4c72-11ea-a8d8-b88a60e194fb,prd1153,CDs: 1 year,Investment,Personal,17712.78,1,USD,branchid:11084
b02258b6-4c72-11ea-8468-b88a60e194fb-1,2020-01-13T19:11:03.000Z,crmid:8054080629,b02258b6-4c72-11ea-8468-b88a60e194fb,prd1114,CDs: 3 month,Investment,Personal,13830.34,1,USD,branchid:11018
b02342ee-4c72-11ea-8acb-b88a60e194fb-1,2020-01-04T04:55:25.000Z,crmid:4606594041,b02342ee-4c72-11ea-8acb-b88a60e194fb,prd1032,Home Equity Loan,Mortgage,Personal,227232.57,1,USD,branchid:11148
b0240650-4c72-11ea-b6ad-b88a60e194fb-1,2020-01-20T09:33:35.000Z,crmid:9378807085,b0240650-4c72-11ea-b6ad-b88a60e194fb,prd1125,Mortgage: FHA,Mortgage,Personal,15248.24,1,USD,branchid:11038
b024c9ba-4c72-11ea-9770-b88a60e194fb-1,2020-01-15T23:32:27.000Z,crmid:7512052804,b024c9ba-4c72-11ea-9770-b88a60e194fb,prd1029,401k,Retirement,Personal,5001166.3,1,USD,branchid:11049
b025b2e2-4c72-11ea-ab34-b88a60e194fb-1,2020-01-17T23:36:38.000Z,crmid:1717898667,b025b2e2-4c72-11ea-ab34-b88a60e194fb,prd1154,Mortgage: 30-yr Fixed,Mortgage,Personal,267961.6,1,USD,branchid:11042
b0267778-4c72-11ea-8f09-b88a60e194fb-1,2020-01-29T23:07:51.000Z,crmid:5494720976,b0267778-4c72-11ea-8f09-b88a60e194fb,prd1139,Employee Stock Purchase Plans,Investment,Personal,275477.03,1,USD,branchid:11058
b0273ac2-4c72-11ea-84af-b88a60e194fb-1,2020-01-13T15:31:34.000Z,crmid:5972480158,b0273ac2-4c72-11ea-84af-b88a60e194fb,prd1184,Fixed Deposit,Investment,Personal,13901.1,1,USD,branchid:11007
b02e3e24-4c72-11ea-9db2-b88a60e194fb-1,2020-01-02T23:28:57.000Z,crmid:5334666474,b02e3e24-4c72-11ea-9db2-b88a60e194fb,prd1115,Mortgage: VA,Mortgage,Personal,13071.36,1,USD,branchid:11022
b02f0178-4c72-11ea-9a1f-b88a60e194fb-1,2020-01-13T18:44:59.000Z,crmid:8402064364,b02f0178-4c72-11ea-9a1f-b88a60e194fb,prd1037,Home Equity Loan,Mortgage,Personal,15156.83,1,USD,branchid:11145
b02febdc-4c72-11ea-b39c-b88a60e194fb-1,2020-01-14T05:23:26.000Z,crmid:5994313783,b02febdc-4c72-11ea-b39c-b88a60e194fb,prd1121,Mortgage: 30-yr Fixed,Mortgage,Personal,13786.53,1,USD,branchid:11013
b030af24-4c72-11ea-93af-b88a60e194fb-1,2020-01-31T22:14:59.000Z,crmid:2845806050,b030af24-4c72-11ea-93af-b88a60e194fb,prd1101,Mortgage: 5/1 ARM,Mortgage,Personal,205377.09,1,USD,branchid:11080
b0317276-4c72-11ea-953f-b88a60e194fb-1,2020-01-03T08:08:52.000Z,crmid:5517507901,b0317276-4c72-11ea-953f-b88a60e194fb,prd1123,Mortgage: 10 yr Fixed,Mortgage,Personal,3885271.22,1,USD,branchid:11020
b03283e8-4c72-11ea-9dce-b88a60e194fb-1,2020-01-18T23:02:17.000Z,crmid:3489408991,b03283e8-4c72-11ea-9dce-b88a60e194fb,prd1112,Fixed Deposit,Investment,Personal,140128.76,1,USD,branchid:11037
b0336e68-4c72-11ea-9d8b-b88a60e194fb-1,2020-01-30T16:53:40.000Z,crmid:7329008533,b0336e68-4c72-11ea-9d8b-b88a60e194fb,prd1184,Fixed Deposit,Investment,Personal,218460.75,1,USD,branchid:11065
b0398976-4c72-11ea-9f90-b88a60e194fb-1,2020-01-30T08:52:31.000Z,crmid:4713526162,b0398976-4c72-11ea-9f90-b88a60e194fb,prd1035,Pension Account,Retirement,Personal,4162689.14,1,USD,branchid:11097
b03a4c26-4c72-11ea-927f-b88a60e194fb-1,2020-01-26T14:38:12.000Z,crmid:4917399793,b03a4c26-4c72-11ea-927f-b88a60e194fb,prd1167,Roth IRA,Retirement,Personal,192591.19,1,USD,branchid:11093
b03b10c8-4c72-11ea-a8d2-b88a60e194fb-1,2020-01-28T13:40:59.000Z,crmid:9453220398,b03b10c8-4c72-11ea-a8d2-b88a60e194fb,prd1174,Traditional IRA,Retirement,Personal,14014.7,1,USD,branchid:11046
b03bd426-4c72-11ea-b90b-b88a60e194fb-1,2020-01-14T04:17:31.000Z,crmid:6508350167,b03bd426-4c72-11ea-b90b-b88a60e194fb,prd1110,Traditional IRA,Retirement,Personal,212091.32,1,USD,branchid:11020
b03ce418-4c72-11ea-96b1-b88a60e194fb-1,2020-01-14T08:09:44.000Z,crmid:8046787621,b03ce418-4c72-11ea-96b1-b88a60e194fb,prd1030,401k,Retirement,Personal,4800906.59,1,USD,branchid:11079
b03da806-4c72-11ea-a89f-b88a60e194fb-1,2020-01-21T13:04:33.000Z,crmid:7499481044,b03da806-4c72-11ea-a89f-b88a60e194fb,prd1037,Home Equity Loan,Mortgage,Personal,13006.86,1,USD,branchid:11116
b03e91e8-4c72-11ea-b294-b88a60e194fb-1,2020-01-03T03:53:24.000Z,crmid:3752217591,b03e91e8-4c72-11ea-b294-b88a60e194fb,prd1047,Mortgage: 10 yr Fixed,Mortgage,Personal,5075900.04,1,USD,branchid:11144
b044d362-4c72-11ea-8ff1-b88a60e194fb-1,2020-01-06T09:16:39.000Z,crmid:5847331260,b044d362-4c72-11ea-8ff1-b88a60e194fb,prd1029,401k,Retirement,Personal,11262.14,1,USD,branchid:11082
b045e518-4c72-11ea-ac49-b88a60e194fb-1,2020-01-26T20:43:10.000Z,crmid:8946944225,b045e518-4c72-11ea-ac49-b88a60e194fb,prd1153,CDs: 1 year,Investment,Personal,14989.67,1,USD,branchid:11005
b0471d62-4c72-11ea-9522-b88a60e194fb-1,2020-01-15T11:49:56.000Z,crmid:2324391374,b0471d62-4c72-11ea-9522-b88a60e194fb,prd1027,Mortgage: 30-yr Fixed,Mortgage,Personal,167169.56,1,USD,branchid:11121
b047e218-4c72-11ea-9cb3-b88a60e194fb-1,2020-01-13T13:50:18.000Z,crmid:9560007003,b047e218-4c72-11ea-9cb3-b88a60e194fb,prd1077,Roth IRA,Retirement,Personal,4300036.6,1,USD,branchid:11020
b048a40c-4c72-11ea-924e-b88a60e194fb-1,2020-01-21T00:08:21.000Z,crmid:2989268169,b048a40c-4c72-11ea-924e-b88a60e194fb,prd1053,Mortgage: VA,Mortgage,Personal,5779148.84,1,USD,branchid:11101
b0498e74-4c72-11ea-ac0e-b88a60e194fb-1,2020-01-07T15:28:27.000Z,crmid:4245119432,b0498e74-4c72-11ea-ac0e-b88a60e194fb,prd1062,Mortgage: VA,Mortgage,Personal,14682.88,1,USD,branchid:11084
b04a52e6-4c72-11ea-803f-b88a60e194fb-1,2020-01-07T22:36:25.000Z,crmid:2078369564,b04a52e6-4c72-11ea-803f-b88a60e194fb,prd1083,Pension Account,Retirement,Personal,15823.92,1,USD,branchid:11033
b050e186-4c72-11ea-9976-b88a60e194fb-1,2020-01-20T21:31:13.000Z,crmid:9593685177,b050e186-4c72-11ea-9976-b88a60e194fb,prd1131,Employee Stock Purchase Plans,Investment,Personal,209997.8,1,USD,branchid:11099
b05219f6-4c72-11ea-a50d-b88a60e194fb-1,2020-01-01T11:07:03.000Z,crmid:5201124119,b05219f6-4c72-11ea-a50d-b88a60e194fb,prd1034,Home Equity Loan,Mortgage,Personal,14274.11,1,USD,branchid:11037
b0532cac-4c72-11ea-96fc-b88a60e194fb-1,2020-01-12T02:13:50.000Z,crmid:7116214823,b0532cac-4c72-11ea-96fc-b88a60e194fb,prd1151,Mortgage: 10 yr Fixed,Mortgage,Personal,14071.77,1,USD,branchid:11123
b05415a8-4c72-11ea-9119-b88a60e194fb-1,2020-01-04T07:57:24.000Z,crmid:1012051752,b05415a8-4c72-11ea-9119-b88a60e194fb,prd1155,CDs: 5 year,Investment,Personal,16209.42,1,USD,branchid:11103
b055008c-4c72-11ea-b2c2-b88a60e194fb-1,2020-01-02T14:49:51.000Z,crmid:9662107317,b055008c-4c72-11ea-b2c2-b88a60e194fb,prd1159,CDs: 3 month,Investment,Personal,17368.5,1,USD,branchid:11085
b0565f86-4c72-11ea-abeb-b88a60e194fb-1,2020-01-30T10:01:50.000Z,crmid:3131808543,b0565f86-4c72-11ea-abeb-b88a60e194fb,prd1174,Traditional IRA,Retirement,Personal,12611.2,1,USD,branchid:11008
b0577112-4c72-11ea-aca8-b88a60e194fb-1,2020-01-10T00:38:22.000Z,crmid:5434488820,b0577112-4c72-11ea-aca8-b88a60e194fb,prd1088,CDs: 1 year,Investment,Personal,20290.36,1,USD,branchid:11124
b05f87c0-4c72-11ea-8743-b88a60e194fb-1,2020-01-09T05:01:52.000Z,crmid:3874072243,b05f87c0-4c72-11ea-8743-b88a60e194fb,prd1101,Mortgage: 5/1 ARM,Mortgage,Personal,117408.51,1,USD,branchid:11081
b06071b6-4c72-11ea-8ed2-b88a60e194fb-1,2020-01-25T12:07:56.000Z,crmid:1247723535,b06071b6-4c72-11ea-8ed2-b88a60e194fb,prd1124,CDs: 5 year,Investment,Personal,14969.1,1,USD,branchid:11146
b061350c-4c72-11ea-93be-b88a60e194fb-1,2020-01-31T21:24:30.000Z,crmid:3131808543,b061350c-4c72-11ea-93be-b88a60e194fb,prd1144,Home Equity Loan,Mortgage,Personal,165509.05,1,USD,branchid:11011
b0621f68-4c72-11ea-b743-b88a60e194fb-1,2020-01-05T19:34:15.000Z,crmid:2597204211,b0621f68-4c72-11ea-b743-b88a60e194fb,prd1064,CDs: 3 month,Investment,Personal,201082.11,1,USD,branchid:11016
b06309ae-4c72-11ea-b5f5-b88a60e194fb-1,2020-01-31T03:19:39.000Z,crmid:1952538754,b06309ae-4c72-11ea-b5f5-b88a60e194fb,prd1049,Business Brokerage Account,Investment,Business,9881.39,1,USD,branchid:11049
b063f42e-4c72-11ea-8959-b88a60e194fb-1,2020-01-26T11:13:50.000Z,crmid:8486307028,b063f42e-4c72-11ea-8959-b88a60e194fb,prd1129,Mortgage: 10/1 ARM,Mortgage,Personal,15804.19,1,USD,branchid:11058
b065063a-4c72-11ea-9bb0-b88a60e194fb-1,2020-01-17T05:41:23.000Z,crmid:1550377903,b065063a-4c72-11ea-9bb0-b88a60e194fb,prd1148,Mortgage: 10/1 ARM,Mortgage,Personal,3498478.54,1,USD,branchid:11086
b06b967e-4c72-11ea-a8b2-b88a60e194fb-1,2020-01-07T10:35:45.000Z,crmid:2406608910,b06b967e-4c72-11ea-a8b2-b88a60e194fb,prd1056,CDs: 5 year,Investment,Personal,16196.53,1,USD,branchid:11075
b06c588c-4c72-11ea-85c3-b88a60e194fb-1,2020-01-23T00:22:37.000Z,crmid:7523844712,b06c588c-4c72-11ea-85c3-b88a60e194fb,prd1027,Mortgage: 30-yr Fixed,Mortgage,Personal,13710.0,1,USD,branchid:11021
b06d1d46-4c72-11ea-b36d-b88a60e194fb-1,2020-01-31T20:38:57.000Z,crmid:3447655559,b06d1d46-4c72-11ea-b36d-b88a60e194fb,prd1165,Roth IRA,Retirement,Personal,205514.89,1,USD,branchid:11007
b06ddfe2-4c72-11ea-88b5-b88a60e194fb-1,2020-01-25T01:44:23.000Z,crmid:3775165961,b06ddfe2-4c72-11ea-88b5-b88a60e194fb,prd1064,CDs: 3 month,Investment,Personal,15652.6,1,USD,branchid:11045
b06ea39c-4c72-11ea-938b-b88a60e194fb-1,2020-01-17T02:09:27.000Z,crmid:5181400980,b06ea39c-4c72-11ea-938b-b88a60e194fb,prd1045,Mortgage: 10/1 ARM,Mortgage,Personal,2980697.87,1,USD,branchid:11027
b06f8e4a-4c72-11ea-b5a8-b88a60e194fb-1,2020-01-09T11:16:44.000Z,crmid:8976964263,b06f8e4a-4c72-11ea-b5a8-b88a60e194fb,prd1165,Roth IRA,Retirement,Personal,256762.96,1,USD,branchid:11028
b0707776-4c72-11ea-9ad8-b88a60e194fb-1,2020-01-25T23:34:45.000Z,crmid:1361103469,b0707776-4c72-11ea-9ad8-b88a60e194fb,prd1032,Home Equity Loan,Mortgage,Personal,17697.11,1,USD,branchid:11064
b0772f54-4c72-11ea-b1e4-b88a60e194fb-1,2020-01-23T06:46:08.000Z,crmid:3038211456,b0772f54-4c72-11ea-b1e4-b88a60e194fb,prd1041,Mortgage: 7/1 ARM,Mortgage,Personal,21507.47,1,USD,branchid:11097
b077cb94-4c72-11ea-bb60-b88a60e194fb-1,2020-01-09T22:27:11.000Z,crmid:6350589565,b077cb94-4c72-11ea-bb60-b88a60e194fb,prd1045,Mortgage: 10/1 ARM,Mortgage,Personal,149004.91,1,USD,branchid:11108
b0788da8-4c72-11ea-a555-b88a60e194fb-1,2020-01-19T07:42:32.000Z,crmid:1260543988,b0788da8-4c72-11ea-a555-b88a60e194fb,prd1157,Brokerage Account,Investment,Personal,16120.32,1,USD,branchid:11131
b07978b0-4c72-11ea-bbe5-b88a60e194fb-1,2020-01-24T13:01:34.000Z,crmid:7933744130,b07978b0-4c72-11ea-bbe5-b88a60e194fb,prd1062,Mortgage: VA,Mortgage,Personal,15153.18,1,USD,branchid:11014
b07a3c9e-4c72-11ea-9e63-b88a60e194fb-1,2020-01-18T02:03:04.000Z,crmid:2052002843,b07a3c9e-4c72-11ea-9e63-b88a60e194fb,prd1179,Business Brokerage Account,Investment,Business,14356.9,1,USD,branchid:11117
b07afea8-4c72-11ea-b566-b88a60e194fb-1,2020-01-11T00:53:53.000Z,crmid:1143946091,b07afea8-4c72-11ea-b566-b88a60e194fb,prd1060,Traditional IRA,Retirement,Personal,12612.55,1,USD,branchid:11056
b07c1024-4c72-11ea-b2e0-b88a60e194fb-1,2020-01-18T23:55:01.000Z,crmid:7587078760,b07c1024-4c72-11ea-b2e0-b88a60e194fb,prd1176,Overseas Equity Fund,Investment,Personal,240395.81,1,USD,branchid:11049
b082c6f6-4c72-11ea-a736-b88a60e194fb-1,2020-01-18T06:00:35.000Z,crmid:6740361569,b082c6f6-4c72-11ea-a736-b88a60e194fb,prd1033,Fixed Deposit,Investment,Personal,141598.88,1,USD,branchid:11016
b0838a1e-4c72-11ea-817b-b88a60e194fb-1,2020-01-31T21:08:50.000Z,crmid:5085915177,b0838a1e-4c72-11ea-817b-b88a60e194fb,prd1189,Overseas Equity Fund,Investment,Personal,15656.84,1,USD,branchid:11099
b0844eb4-4c72-11ea-9e74-b88a60e194fb-1,2020-01-23T04:06:29.000Z,crmid:6751366125,b0844eb4-4c72-11ea-9e74-b88a60e194fb,prd1115,Mortgage: VA,Mortgage,Personal,15356.34,1,USD,branchid:11066
b08537d2-4c72-11ea-9f06-b88a60e194fb-1,2020-01-04T05:16:14.000Z,crmid:9287094661,b08537d2-4c72-11ea-9f06-b88a60e194fb,prd1184,Fixed Deposit,Investment,Personal,14571.53,1,USD,branchid:11024
b0864a2c-4c72-11ea-a21b-b88a60e194fb-1,2020-01-19T11:10:40.000Z,crmid:4133823798,b0864a2c-4c72-11ea-a21b-b88a60e194fb,prd1037,Home Equity Loan,Mortgage,Personal,14742.19,1,USD,branchid:11113
b0870d9a-4c72-11ea-8183-b88a60e194fb-1,2020-01-30T18:32:48.000Z,crmid:7649458615,b0870d9a-4c72-11ea-8183-b88a60e194fb,prd1079,Mortgage: 30-yr Fixed,Mortgage,Personal,204139.05,1,USD,branchid:11066
b08844f6-4c72-11ea-9bd6-b88a60e194fb-1,2020-01-30T07:48:37.000Z,crmid:8966464066,b08844f6-4c72-11ea-9bd6-b88a60e194fb,prd1111,Pension Account,Retirement,Personal,282538.86,1,USD,branchid:11013
b08f9808-4c72-11ea-b605-b88a60e194fb-1,2020-01-20T22:05:12.000Z,crmid:9359590856,b08f9808-4c72-11ea-b605-b88a60e194fb,prd1184,Fixed Deposit,Investment,Personal,15452.38,1,USD,branchid:11095
b0905b5c-4c72-11ea-99e0-b88a60e194fb-1,2020-01-01T21:56:41.000Z,crmid:9365160109,b0905b5c-4c72-11ea-99e0-b88a60e194fb,prd1037,Home Equity Loan,Mortgage,Personal,8674.26,1,USD,branchid:11133
b091460a-4c72-11ea-8304-b88a60e194fb-1,2020-01-03T22:55:51.000Z,crmid:1749478738,b091460a-4c72-11ea-8304-b88a60e194fb,prd1112,Fixed Deposit,Investment,Personal,88721.99,1,USD,branchid:11020
b0920a4c-4c72-11ea-ba4f-b88a60e194fb-1,2020-01-13T19:05:32.000Z,crmid:5730338159,b0920a4c-4c72-11ea-ba4f-b88a60e194fb,prd1183,Fixed Deposit,Investment,Personal,15943.5,1,USD,branchid:11132
b092f368-4c72-11ea-b1d5-b88a60e194fb-1,2020-01-28T15:25:32.000Z,crmid:5860463246,b092f368-4c72-11ea-b1d5-b88a60e194fb,prd1028,CDs: 1 year,Investment,Personal,13101.03,1,USD,branchid:11140
b094a11a-4c72-11ea-8473-b88a60e194fb-1,2020-01-17T15:30:14.000Z,crmid:7138437790,b094a11a-4c72-11ea-8473-b88a60e194fb,prd1155,CDs: 5 year,Investment,Personal,16450.23,1,USD,branchid:11023
b0962936-4c72-11ea-8c7f-b88a60e194fb-1,2020-01-23T01:42:59.000Z,crmid:1634076961,b0962936-4c72-11ea-8c7f-b88a60e194fb,prd1139,Employee Stock Purchase Plans,Investment,Personal,11691.71,1,USD,branchid:11107
b09d53ae-4c72-11ea-8cf5-b88a60e194fb-1,2020-01-12T12:29:00.000Z,crmid:7184896974,b09d53ae-4c72-11ea-8cf5-b88a60e194fb,prd1181,Mortgage: 5/1 ARM,Mortgage,Personal,13639.13,1,USD,branchid:11136
b09e170c-4c72-11ea-ad3b-b88a60e194fb-1,2020-01-21T00:03:10.000Z,crmid:3725459005,b09e170c-4c72-11ea-ad3b-b88a60e194fb,prd1026,Mortgage: 5/1 ARM,Mortgage,Personal,4442595.04,1,USD,branchid:11030
b09eda5c-4c72-11ea-9c21-b88a60e194fb-1,2020-01-25T21:21:14.000Z,crmid:2891236161,b09eda5c-4c72-11ea-9c21-b88a60e194fb,prd1121,Mortgage: 30-yr Fixed,Mortgage,Personal,20778.67,1,USD,branchid:11062
b09fc494-4c72-11ea-8fd6-b88a60e194fb-1,2020-01-11T05:11:37.000Z,crmid:9166882883,b09fc494-4c72-11ea-8fd6-b88a60e194fb,prd1046,Mortgage: VA,Mortgage,Personal,15494.75,1,USD,branchid:11082
b0a087cc-4c72-11ea-b137-b88a60e194fb-1,2020-01-25T05:27:19.000Z,crmid:8513929689,b0a087cc-4c72-11ea-b137-b88a60e194fb,prd1157,Brokerage Account,Investment,Personal,14172.4,1,USD,branchid:11067
b0a17240-4c72-11ea-8c37-b88a60e194fb-1,2020-01-28T03:45:52.000Z,crmid:2058106275,b0a17240-4c72-11ea-8c37-b88a60e194fb,prd1154,Mortgage: 30-yr Fixed,Mortgage,Personal,13524.51,1,USD,branchid:11055
b0a25cc6-4c72-11ea-94a4-b88a60e194fb-1,2020-01-13T08:16:50.000Z,crmid:6399253083,b0a25cc6-4c72-11ea-94a4-b88a60e194fb,prd1157,Brokerage Account,Investment,Personal,207164.76,1,USD,branchid:11137
b0a9618a-4c72-11ea-8cbe-b88a60e194fb-1,2020-01-28T14:06:14.000Z,crmid:9213560575,b0a9618a-4c72-11ea-8cbe-b88a60e194fb,prd1088,CDs: 1 year,Investment,Personal,138238.55,1,USD,branchid:11107
b0aa24dc-4c72-11ea-a4c2-b88a60e194fb-1,2020-01-02T23:44:26.000Z,crmid:3385793467,b0aa24dc-4c72-11ea-a4c2-b88a60e194fb,prd1182,Brokerage Account,Investment,Personal,13986.41,1,USD,branchid:11089
b0ab1094-4c72-11ea-bbed-b88a60e194fb-1,2020-01-08T02:47:28.000Z,crmid:9867241766,b0ab1094-4c72-11ea-bbed-b88a60e194fb,prd1028,CDs: 1 year,Investment,Personal,22328.73,1,USD,branchid:11120
b0abf98a-4c72-11ea-895c-b88a60e194fb-1,2020-01-09T23:35:01.000Z,crmid:9182696986,b0abf98a-4c72-11ea-895c-b88a60e194fb,prd1157,Brokerage Account,Investment,Personal,182539.99,1,USD,branchid:11148
b0acbccc-4c72-11ea-b011-b88a60e194fb-1,2020-01-15T23:31:30.000Z,crmid:6631613122,b0acbccc-4c72-11ea-b011-b88a60e194fb,prd1027,Mortgage: 30-yr Fixed,Mortgage,Personal,266068.75,1,USD,branchid:11088
b0ae1c62-4c72-11ea-b579-b88a60e194fb-1,2020-01-17T04:06:42.000Z,crmid:7554194141,b0ae1c62-4c72-11ea-b579-b88a60e194fb,prd1172,Employee Stock Purchase Plans,Investment,Personal,9789.98,1,USD,branchid:11140
b0af551c-4c72-11ea-bb76-b88a60e194fb-1,2020-01-26T01:55:24.000Z,crmid:8666826593,b0af551c-4c72-11ea-bb76-b88a60e194fb,prd1047,Mortgage: 10 yr Fixed,Mortgage,Personal,8551.15,1,USD,branchid:11083
b0b65b22-4c72-11ea-82ec-b88a60e194fb-1,2020-01-03T11:49:56.000Z,crmid:2374517222,b0b65b22-4c72-11ea-82ec-b88a60e194fb,prd1174,Traditional IRA,Retirement,Personal,15989.39,1,USD,branchid:11002
b0b71e76-4c72-11ea-82b7-b88a60e194fb-1,2020-01-04T16:52:24.000Z,crmid:3693137150,b0b71e76-4c72-11ea-82b7-b88a60e194fb,prd1033,Fixed Deposit,Investment,Personal,139170.55,1,USD,branchid:11023
b0b82ea6-4c72-11ea-a966-b88a60e194fb-1,2020-01-17T00:56:09.000Z,crmid:3024156080,b0b82ea6-4c72-11ea-a966-b88a60e194fb,prd1167,Roth IRA,Retirement,Personal,4247145.7,1,USD,branchid:11146
b0b918d0-4c72-11ea-9c85-b88a60e194fb-1,2020-01-07T05:59:36.000Z,crmid:4919431568,b0b918d0-4c72-11ea-9c85-b88a60e194fb,prd1035,Pension Account,Retirement,Personal,9035.01,1,USD,branchid:11089
b0ba0374-4c72-11ea-836b-b88a60e194fb-1,2020-01-07T00:07:16.000Z,crmid:5418948327,b0ba0374-4c72-11ea-836b-b88a60e194fb,prd1078,Mortgage: 7/1 ARM,Mortgage,Personal,10920.88,1,USD,branchid:11137
b0bac7ee-4c72-11ea-8b2c-b88a60e194fb-1,2020-01-28T12:02:28.000Z,crmid:5633998857,b0bac7ee-4c72-11ea-8b2c-b88a60e194fb,prd1053,Mortgage: VA,Mortgage,Personal,12003.53,1,USD,branchid:11058
b0bbb106-4c72-11ea-ace0-b88a60e194fb-1,2020-01-14T09:32:07.000Z,crmid:9803958447,b0bbb106-4c72-11ea-ace0-b88a60e194fb,prd1184,Fixed Deposit,Investment,Personal,12868.77,1,USD,branchid:11086
b0c2dd3e-4c72-11ea-b92f-b88a60e194fb-1,2020-01-27T23:11:13.000Z,crmid:4462418341,b0c2dd3e-4c72-11ea-b92f-b88a60e194fb,prd1157,Brokerage Account,Investment,Personal,3755755.19,1,USD,branchid:11098
b0c3ee5e-4c72-11ea-bd40-b88a60e194fb-1,2020-01-12T12:01:34.000Z,crmid:1969234851,b0c3ee5e-4c72-11ea-bd40-b88a60e194fb,prd1014,CDs: 3 month,Investment,Personal,11490.96,1,USD,branchid:11081
b0c54e14-4c72-11ea-82d2-b88a60e194fb-1,2020-01-13T16:58:45.000Z,crmid:6148110755,b0c54e14-4c72-11ea-82d2-b88a60e194fb,prd1060,Traditional IRA,Retirement,Personal,13585.15,1,USD,branchid:11052
b0c65f6e-4c72-11ea-ba97-b88a60e194fb-1,2020-01-11T17:00:24.000Z,crmid:8374989869,b0c65f6e-4c72-11ea-ba97-b88a60e194fb,prd1053,Mortgage: VA,Mortgage,Personal,15962.4,1,USD,branchid:11096
b0c749c2-4c72-11ea-a76d-b88a60e194fb-1,2020-01-04T14:05:41.000Z,crmid:4845767981,b0c749c2-4c72-11ea-a76d-b88a60e194fb,prd1154,Mortgage: 30-yr Fixed,Mortgage,Personal,259001.89,1,USD,branchid:11049
b0c80e12-4c72-11ea-9b2c-b88a60e194fb-1,2020-01-07T23:34:16.000Z,crmid:1957361684,b0c80e12-4c72-11ea-9b2c-b88a60e194fb,prd1176,Overseas Equity Fund,Investment,Personal,14292.02,1,USD,branchid:11137
b0c8d152-4c72-11ea-b504-b88a60e194fb-1,2020-01-30T05:21:32.000Z,crmid:3791150194,b0c8d152-4c72-11ea-b504-b88a60e194fb,prd1167,Roth IRA,Retirement,Personal,16028.85,1,USD,branchid:11021
b0d023f0-4c72-11ea-aa0f-b88a60e194fb-1,2020-01-24T17:47:43.000Z,crmid:1850437175,b0d023f0-4c72-11ea-aa0f-b88a60e194fb,prd1029,401k,Retirement,Personal,13631.75,1,USD,branchid:11135
b0d10ed8-4c72-11ea-abac-b88a60e194fb-1,2020-01-27T08:44:51.000Z,crmid:8486307028,b0d10ed8-4c72-11ea-abac-b88a60e194fb,prd1088,CDs: 1 year,Investment,Personal,3928679.8,1,USD,branchid:11018
b0d1d10c-4c72-11ea-b1a6-b88a60e194fb-1,2020-01-06T01:07:03.000Z,crmid:2445016448,b0d1d10c-4c72-11ea-b1a6-b88a60e194fb,prd1150,Money Market,Investment,Personal,4100936.75,1,USD,branchid:11094
b0d295de-4c72-11ea-b05e-b88a60e194fb-1,2020-01-08T02:08:10.000Z,crmid:8684754342,b0d295de-4c72-11ea-b05e-b88a60e194fb,prd1079,Mortgage: 30-yr Fixed,Mortgage,Personal,4173829.16,1,USD,branchid:11094
b0d358f4-4c72-11ea-9055-b88a60e194fb-1,2020-01-23T19:19:17.000Z,crmid:2123270147,b0d358f4-4c72-11ea-9055-b88a60e194fb,prd1030,401k,Retirement,Personal,19394.46,1,USD,branchid:11010
b0d41b74-4c72-11ea-8297-b88a60e194fb-1,2020-01-06T09:37:52.000Z,crmid:5141211892,b0d41b74-4c72-11ea-8297-b88a60e194fb,prd1068,Mortgage: 7/1 ARM,Mortgage,Personal,19534.6,1,USD,branchid:11009
b0d4df40-4c72-11ea-9a8a-b88a60e194fb-1,2020-01-13T18:10:00.000Z,crmid:7347800566,b0d4df40-4c72-11ea-9a8a-b88a60e194fb,prd1037,Home Equity Loan,Mortgage,Personal,17259.63,1,USD,branchid:11034
b0dcced4-4c72-11ea-bc38-b88a60e194fb-1,2020-01-18T11:08:03.000Z,crmid:1386423395,b0dcced4-4c72-11ea-bc38-b88a60e194fb,prd1087,Overseas Equity Fund,Investment,Personal,15495.4,1,USD,branchid:11081
b0dddffa-4c72-11ea-bacc-b88a60e194fb-1,2020-01-28T21:49:18.000Z,crmid:7213461841,b0dddffa-4c72-11ea-bacc-b88a60e194fb,prd1013,Mortgage: FHA,Mortgage,Personal,15363.03,1,USD,branchid:11114
b0dec9f6-4c72-11ea-83fb-b88a60e194fb-1,2020-01-28T09:25:45.000Z,crmid:9785473431,b0dec9f6-4c72-11ea-83fb-b88a60e194fb,prd1042,Roth IRA,Retirement,Personal,14520.34,1,USD,branchid:11076
b0dfdae6-4c72-11ea-a5f0-b88a60e194fb-1,2020-01-09T22:05:58.000Z,crmid:9394544557,b0dfdae6-4c72-11ea-a5f0-b88a60e194fb,prd1173,Money Market,Investment,Personal,183090.92,1,USD,branchid:11030
b0e09f66-4c72-11ea-8249-b88a60e194fb-1,2020-01-21T16:04:20.000Z,crmid:9619167756,b0e09f66-4c72-11ea-8249-b88a60e194fb,prd1053,Mortgage: VA,Mortgage,Personal,177434.83,1,USD,branchid:11139
b0e1af70-4c72-11ea-a3fb-b88a60e194fb-1,2020-01-30T11:55:48.000Z,crmid:8607664845,b0e1af70-4c72-11ea-a3fb-b88a60e194fb,prd1153,CDs: 1 year,Investment,Personal,11490.48,1,USD,branchid:11027
b0e272f0-4c72-11ea-8545-b88a60e194fb-1,2020-01-16T04:53:57.000Z,crmid:3495422383,b0e272f0-4c72-11ea-8545-b88a60e194fb,prd1121,Mortgage: 30-yr Fixed,Mortgage,Personal,14473.58,1,USD,branchid:11112
b0ea630a-4c72-11ea-bd02-b88a60e194fb-1,2020-01-27T15:09:46.000Z,crmid:5773596915,b0ea630a-4c72-11ea-bd02-b88a60e194fb,prd1041,Mortgage: 7/1 ARM,Mortgage,Personal,14425.46,1,USD,branchid:11024
b0eb266c-4c72-11ea-86d0-b88a60e194fb-1,2020-01-19T17:02:26.000Z,crmid:9388647142,b0eb266c-4c72-11ea-86d0-b88a60e194fb,prd1176,Overseas Equity Fund,Investment,Personal,14153.5,1,USD,branchid:11137
b0ebe8b0-4c72-11ea-9749-b88a60e194fb-1,2020-01-25T14:14:13.000Z,crmid:8997338383,b0ebe8b0-4c72-11ea-9749-b88a60e194fb,prd1062,Mortgage: VA,Mortgage,Personal,3779718.16,1,USD,branchid:11105
b0ecad52-4c72-11ea-8c3c-b88a60e194fb-1,2020-01-04T00:49:56.000Z,crmid:9560007003,b0ecad52-4c72-11ea-8c3c-b88a60e194fb,prd1185,Mortgage: FHA,Mortgage,Personal,229779.76,1,USD,branchid:11144
b0ed6f54-4c72-11ea-b042-b88a60e194fb-1,2020-01-31T13:57:07.000Z,crmid:3789713874,b0ed6f54-4c72-11ea-b042-b88a60e194fb,prd1189,Overseas Equity Fund,Investment,Personal,245308.89,1,USD,branchid:11095
b0eea8fe-4c72-11ea-afb3-b88a60e194fb-1,2020-01-31T16:01:19.000Z,crmid:7483419653,b0eea8fe-4c72-11ea-afb3-b88a60e194fb,prd1049,Business Brokerage Account,Investment,Business,11640.06,1,USD,branchid:11107
b0ef6c7e-4c72-11ea-9b1d-b88a60e194fb-1,2020-01-04T23:59:36.000Z,crmid:5925443980,b0ef6c7e-4c72-11ea-9b1d-b88a60e194fb,prd1153,CDs: 1 year,Investment,Personal,152324.68,1,USD,branchid:11003
b0f81e7a-4c72-11ea-9e97-b88a60e194fb-1,2020-01-28T01:51:24.000Z,crmid:9071035561,b0f81e7a-4c72-11ea-9e97-b88a60e194fb,prd1035,Pension Account,Retirement,Personal,15137.15,1,USD,branchid:11144
b0f8e24a-4c72-11ea-9d3b-b88a60e194fb-1,2020-01-08T02:07:04.000Z,crmid:8275829834,b0f8e24a-4c72-11ea-9d3b-b88a60e194fb,prd1025,Brokerage Account,Investment,Personal,199056.74,1,USD,branchid:11001
b0fb7a54-4c72-11ea-91b8-b88a60e194fb-1,2020-01-22T12:44:03.000Z,crmid:1896160176,b0fb7a54-4c72-11ea-91b8-b88a60e194fb,prd1014,CDs: 3 month,Investment,Personal,10800.96,1,USD,branchid:11144
b0fc3d00-4c72-11ea-bca1-b88a60e194fb-1,2020-01-12T12:30:47.000Z,crmid:1401503637,b0fc3d00-4c72-11ea-bca1-b88a60e194fb,prd1014,CDs: 3 month,Investment,Personal,8505.33,1,USD,branchid:11021
b0fcffb4-4c72-11ea-882d-b88a60e194fb-1,2020-01-13T12:07:20.000Z,crmid:1114700568,b0fcffb4-4c72-11ea-882d-b88a60e194fb,prd1045,Mortgage: 10/1 ARM,Mortgage,Personal,9959.84,1,USD,branchid:11147
b0fdc44c-4c72-11ea-8b90-b88a60e194fb-1,2020-01-19T04:57:43.000Z,crmid:8605188902,b0fdc44c-4c72-11ea-8b90-b88a60e194fb,prd1129,Mortgage: 10/1 ARM,Mortgage,Personal,13694.83,1,USD,branchid:11141
b0fe8798-4c72-11ea-ae4f-b88a60e194fb-1,2020-01-20T03:25:44.000Z,crmid:2324391374,b0fe8798-4c72-11ea-ae4f-b88a60e194fb,prd1183,Fixed Deposit,Investment,Personal,14383.74,1,USD,branchid:11105
b1067686-4c72-11ea-9fcd-b88a60e194fb-1,2020-01-20T23:51:00.000Z,crmid:7290267337,b1067686-4c72-11ea-9fcd-b88a60e194fb,prd1078,Mortgage: 7/1 ARM,Mortgage,Personal,4024460.51,1,USD,branchid:11040
b1073a5a-4c72-11ea-82da-b88a60e194fb-1,2020-01-08T22:47:00.000Z,crmid:9905292235,b1073a5a-4c72-11ea-82da-b88a60e194fb,prd1111,Pension Account,Retirement,Personal,15654.83,1,USD,branchid:11138
b1084b8c-4c72-11ea-9aba-b88a60e194fb-1,2020-01-24T16:04:19.000Z,crmid:6684000615,b1084b8c-4c72-11ea-9aba-b88a60e194fb,prd1041,Mortgage: 7/1 ARM,Mortgage,Personal,186411.54,1,USD,branchid:11095
b1090d92-4c72-11ea-865c-b88a60e194fb-1,2020-01-21T14:44:22.000Z,crmid:1366808342,b1090d92-4c72-11ea-865c-b88a60e194fb,prd1159,CDs: 3 month,Investment,Personal,314465.53,1,USD,branchid:11093
b109ab2e-4c72-11ea-92bd-b88a60e194fb-1,2020-01-17T13:22:22.000Z,crmid:3401657925,b109ab2e-4c72-11ea-92bd-b88a60e194fb,prd1124,CDs: 5 year,Investment,Personal,227230.78,1,USD,branchid:11138
b10abc40-4c72-11ea-9bc4-b88a60e194fb-1,2020-01-12T13:41:30.000Z,crmid:1866717438,b10abc40-4c72-11ea-9bc4-b88a60e194fb,prd1157,Brokerage Account,Investment,Personal,13550.19,1,USD,branchid:11080
b10b7e78-4c72-11ea-ba17-b88a60e194fb-1,2020-01-23T19:35:20.000Z,crmid:7035401579,b10b7e78-4c72-11ea-ba17-b88a60e194fb,prd1139,Employee Stock Purchase Plans,Investment,Personal,167961.82,1,USD,branchid:11120
b114a62c-4c72-11ea-856a-b88a60e194fb-1,2020-01-19T02:52:44.000Z,crmid:3795004343,b114a62c-4c72-11ea-856a-b88a60e194fb,prd1041,Mortgage: 7/1 ARM,Mortgage,Personal,191192.25,1,USD,branchid:11131
b1156986-4c72-11ea-8dad-b88a60e194fb-1,2020-01-28T02:51:58.000Z,crmid:6813206941,b1156986-4c72-11ea-8dad-b88a60e194fb,prd1033,Fixed Deposit,Investment,Personal,11912.75,1,USD,branchid:11057
b11653ec-4c72-11ea-bec8-b88a60e194fb-1,2020-01-21T03:48:18.000Z,crmid:5074705277,b11653ec-4c72-11ea-bec8-b88a60e194fb,prd1129,Mortgage: 10/1 ARM,Mortgage,Personal,201174.54,1,USD,branchid:11107
b1173e6c-4c72-11ea-9a5c-b88a60e194fb-1,2020-01-24T13:39:05.000Z,crmid:1733423994,b1173e6c-4c72-11ea-9a5c-b88a60e194fb,prd1083,Pension Account,Retirement,Personal,13005.17,1,USD,branchid:11048
b118030a-4c72-11ea-9d3d-b88a60e194fb-1,2020-01-08T09:43:18.000Z,crmid:6985121653,b118030a-4c72-11ea-9d3d-b88a60e194fb,prd1029,401k,Retirement,Personal,5419690.71,1,USD,branchid:11020
b118ec24-4c72-11ea-882b-b88a60e194fb-1,2020-01-26T08:40:20.000Z,crmid:4349623542,b118ec24-4c72-11ea-882b-b88a60e194fb,prd1014,CDs: 3 month,Investment,Personal,217140.58,1,USD,branchid:11106
b119d812-4c72-11ea-a257-b88a60e194fb-1,2020-01-19T08:32:52.000Z,crmid:2300552134,b119d812-4c72-11ea-a257-b88a60e194fb,prd1155,CDs: 5 year,Investment,Personal,17785.39,1,USD,branchid:11121
b1223af6-4c72-11ea-b096-b88a60e194fb-1,2020-01-12T13:38:40.000Z,crmid:3623942275,b1223af6-4c72-11ea-b096-b88a60e194fb,prd1013,Mortgage: FHA,Mortgage,Personal,124793.85,1,USD,branchid:11034
b122ff28-4c72-11ea-9817-b88a60e194fb-1,2020-01-10T23:44:14.000Z,crmid:1953338756,b122ff28-4c72-11ea-9817-b88a60e194fb,prd1014,CDs: 3 month,Investment,Personal,181769.33,1,USD,branchid:11140
b123e9dc-4c72-11ea-bd22-b88a60e194fb-1,2020-01-10T16:29:01.000Z,crmid:4734405923,b123e9dc-4c72-11ea-bd22-b88a60e194fb,prd1008,Traditional IRA,Retirement,Personal,15892.0,1,USD,branchid:11017
b124abe8-4c72-11ea-b91d-b88a60e194fb-1,2020-01-04T02:07:14.000Z,crmid:2656047901,b124abe8-4c72-11ea-b91d-b88a60e194fb,prd1182,Brokerage Account,Investment,Personal,15557.26,1,USD,branchid:11041
b1256f4a-4c72-11ea-b9a2-b88a60e194fb-1,2020-01-07T15:59:23.000Z,crmid:7130128340,b1256f4a-4c72-11ea-b9a2-b88a60e194fb,prd1027,Mortgage: 30-yr Fixed,Mortgage,Personal,14307.0,1,USD,branchid:11002
b1265ade-4c72-11ea-a64c-b88a60e194fb-1,2020-01-20T17:48:42.000Z,crmid:3529425361,b1265ade-4c72-11ea-a64c-b88a60e194fb,prd1032,Home Equity Loan,Mortgage,Personal,11054.41,1,USD,branchid:11110
b1274500-4c72-11ea-ae67-b88a60e194fb-1,2020-01-23T15:08:34.000Z,crmid:1084020643,b1274500-4c72-11ea-ae67-b88a60e194fb,prd1045,Mortgage: 10/1 ARM,Mortgage,Personal,187521.9,1,USD,branchid:11030
b12fcf62-4c72-11ea-9b28-b88a60e194fb-1,2020-01-02T02:53:54.000Z,crmid:4425451242,b12fcf62-4c72-11ea-9b28-b88a60e194fb,prd1155,CDs: 5 year,Investment,Personal,22150.01,1,USD,branchid:11047
b130e0e4-4c72-11ea-b8bf-b88a60e194fb-1,2020-01-03T20:01:36.000Z,crmid:4120768057,b130e0e4-4c72-11ea-b8bf-b88a60e194fb,prd1060,Traditional IRA,Retirement,Personal,16888.28,1,USD,branchid:11098
b1317d1c-4c72-11ea-bd81-b88a60e194fb-1,2020-01-24T22:06:43.000Z,crmid:7063372843,b1317d1c-4c72-11ea-bd81-b88a60e194fb,prd1060,Traditional IRA,Retirement,Personal,14624.09,1,USD,branchid:11129
b13241d4-4c72-11ea-bd44-b88a60e194fb-1,2020-01-29T11:39:55.000Z,crmid:2541518573,b13241d4-4c72-11ea-bd44-b88a60e194fb,prd1029,401k,Retirement,Personal,15074.18,1,USD,branchid:11003
b13378ee-4c72-11ea-89c8-b88a60e194fb-1,2020-01-22T15:42:48.000Z,crmid:1562299372,b13378ee-4c72-11ea-89c8-b88a60e194fb,prd1125,Mortgage: FHA,Mortgage,Personal,4337744.26,1,USD,branchid:11110
b134645a-4c72-11ea-8626-b88a60e194fb-1,2020-01-13T09:12:03.000Z,crmid:3266459496,b134645a-4c72-11ea-8626-b88a60e194fb,prd1165,Roth IRA,Retirement,Personal,208222.33,1,USD,branchid:11020
b13526a8-4c72-11ea-8cc7-b88a60e194fb-1,2020-01-07T05:26:52.000Z,crmid:6888510812,b13526a8-4c72-11ea-8cc7-b88a60e194fb,prd1037,Home Equity Loan,Mortgage,Personal,224616.92,1,USD,branchid:11031
b13ffc00-4c72-11ea-8bad-b88a60e194fb-1,2020-01-02T02:17:24.000Z,crmid:9682005932,b13ffc00-4c72-11ea-8bad-b88a60e194fb,prd1083,Pension Account,Retirement,Personal,16464.08,1,USD,branchid:11103
b1410f68-4c72-11ea-b2d8-b88a60e194fb-1,2020-01-21T08:32:22.000Z,crmid:9883746737,b1410f68-4c72-11ea-b2d8-b88a60e194fb,prd1037,Home Equity Loan,Mortgage,Personal,13999.23,1,USD,branchid:11000
b14293f8-4c72-11ea-a1d7-b88a60e194fb-1,2020-01-12T14:20:45.000Z,crmid:3239172459,b14293f8-4c72-11ea-a1d7-b88a60e194fb,prd1112,Fixed Deposit,Investment,Personal,19537.54,1,USD,branchid:11017
b143a586-4c72-11ea-bda2-b88a60e194fb-1,2020-01-14T07:42:35.000Z,crmid:2526921794,b143a586-4c72-11ea-bda2-b88a60e194fb,prd1123,Mortgage: 10 yr Fixed,Mortgage,Personal,5373577.82,1,USD,branchid:11030
b1450518-4c72-11ea-8d7a-b88a60e194fb-1,2020-01-23T14:47:34.000Z,crmid:8015120701,b1450518-4c72-11ea-8d7a-b88a60e194fb,prd1174,Traditional IRA,Retirement,Personal,183943.96,1,USD,branchid:11014
b1466494-4c72-11ea-b9c5-b88a60e194fb-1,2020-01-02T13:20:14.000Z,crmid:2755599898,b1466494-4c72-11ea-b9c5-b88a60e194fb,prd1033,Fixed Deposit,Investment,Personal,4974678.43,1,USD,branchid:11070
b1479d76-4c72-11ea-8fed-b88a60e194fb-1,2020-01-31T23:27:10.000Z,crmid:5154744187,b1479d76-4c72-11ea-8fed-b88a60e194fb,prd1179,Business Brokerage Account,Investment,Business,15614.22,1,USD,branchid:11135
b1524b86-4c72-11ea-9cdd-b88a60e194fb-1,2020-01-20T09:07:26.000Z,crmid:8295234427,b1524b86-4c72-11ea-9cdd-b88a60e194fb,prd1045,Mortgage: 10/1 ARM,Mortgage,Personal,329610.22,1,USD,branchid:11136
b15335e8-4c72-11ea-af2a-b88a60e194fb-1,2020-01-24T05:35:53.000Z,crmid:4949055264,b15335e8-4c72-11ea-af2a-b88a60e194fb,prd1110,Traditional IRA,Retirement,Personal,243808.32,1,USD,branchid:11063
b1546e76-4c72-11ea-a6ca-b88a60e194fb-1,2020-01-09T22:57:24.000Z,crmid:9218596313,b1546e76-4c72-11ea-a6ca-b88a60e194fb,prd1032,Home Equity Loan,Mortgage,Personal,83907.83,1,USD,branchid:11073
b15558d2-4c72-11ea-aba4-b88a60e194fb-1,2020-01-11T18:36:19.000Z,crmid:9063578626,b15558d2-4c72-11ea-aba4-b88a60e194fb,prd1172,Employee Stock Purchase Plans,Investment,Personal,18145.42,1,USD,branchid:11025
b156434a-4c72-11ea-a823-b88a60e194fb-1,2020-01-31T09:26:14.000Z,crmid:3536078016,b156434a-4c72-11ea-a823-b88a60e194fb,prd1056,CDs: 5 year,Investment,Personal,246820.56,1,USD,branchid:11149
b1572d92-4c72-11ea-a9bf-b88a60e194fb-1,2020-01-28T07:40:56.000Z,crmid:7588881791,b1572d92-4c72-11ea-a9bf-b88a60e194fb,prd1035,Pension Account,Retirement,Personal,150675.24,1,USD,branchid:11029
b158184c-4c72-11ea-bb9c-b88a60e194fb-1,2020-01-01T07:44:47.000Z,crmid:3243237759,b158184c-4c72-11ea-bb9c-b88a60e194fb,prd1115,Mortgage: VA,Mortgage,Personal,129438.45,1,USD,branchid:11149
b1627800-4c72-11ea-bacc-b88a60e194fb-1,2020-01-25T00:43:03.000Z,crmid:9993385264,b1627800-4c72-11ea-bacc-b88a60e194fb,prd1021,CDs: 5 year,Investment,Personal,16190.41,1,USD,branchid:11146
b1633b5c-4c72-11ea-a994-b88a60e194fb-1,2020-01-02T18:59:53.000Z,crmid:5349605917,b1633b5c-4c72-11ea-a994-b88a60e194fb,prd1077,Roth IRA,Retirement,Personal,9724.35,1,USD,branchid:11113
b163fe9e-4c72-11ea-85da-b88a60e194fb-1,2020-01-20T12:18:14.000Z,crmid:7550850221,b163fe9e-4c72-11ea-85da-b88a60e194fb,prd1124,CDs: 5 year,Investment,Personal,4156358.81,1,USD,branchid:11029
b164c1f6-4c72-11ea-9f5a-b88a60e194fb-1,2020-01-11T15:44:25.000Z,crmid:3352724582,b164c1f6-4c72-11ea-9f5a-b88a60e194fb,prd1117,Brokerage Account,Investment,Personal,258808.75,1,USD,branchid:11088
b165855a-4c72-11ea-af5b-b88a60e194fb-1,2020-01-24T04:53:49.000Z,crmid:7067307049,b165855a-4c72-11ea-af5b-b88a60e194fb,prd1030,401k,Retirement,Personal,2972940.98,1,USD,branchid:11081
b1664894-4c72-11ea-b866-b88a60e194fb-1,2020-01-11T14:45:02.000Z,crmid:5696512104,b1664894-4c72-11ea-b866-b88a60e194fb,prd1184,Fixed Deposit,Investment,Personal,19382.86,1,USD,branchid:11084
b166e4de-4c72-11ea-b5fd-b88a60e194fb-1,2020-01-14T06:42:59.000Z,crmid:4107650790,b166e4de-4c72-11ea-b5fd-b88a60e194fb,prd1124,CDs: 5 year,Investment,Personal,217192.35,1,USD,branchid:11027
b16fe6e6-4c72-11ea-9344-b88a60e194fb-1,2020-01-05T03:31:38.000Z,crmid:3017267986,b16fe6e6-4c72-11ea-9344-b88a60e194fb,prd1176,Overseas Equity Fund,Investment,Personal,244001.64,1,USD,branchid:11092
b170a8e6-4c72-11ea-a4d6-b88a60e194fb-1,2020-01-09T13:25:10.000Z,crmid:7991991376,b170a8e6-4c72-11ea-a4d6-b88a60e194fb,prd1174,Traditional IRA,Retirement,Personal,14112.89,1,USD,branchid:11008
b1719352-4c72-11ea-9492-b88a60e194fb-1,2020-01-14T11:52:38.000Z,crmid:3838080853,b1719352-4c72-11ea-9492-b88a60e194fb,prd1021,CDs: 5 year,Investment,Personal,107089.67,1,USD,branchid:11070
b1727de8-4c72-11ea-9001-b88a60e194fb-1,2020-01-29T05:55:04.000Z,crmid:8735778873,b1727de8-4c72-11ea-9001-b88a60e194fb,prd1185,Mortgage: FHA,Mortgage,Personal,14588.81,1,USD,branchid:11056
b1736808-4c72-11ea-ba27-b88a60e194fb-1,2020-01-01T06:23:02.000Z,crmid:6902379454,b1736808-4c72-11ea-ba27-b88a60e194fb,prd1117,Brokerage Account,Investment,Personal,232861.93,1,USD,branchid:11043
b1742bda-4c72-11ea-bf52-b88a60e194fb-1,2020-01-20T23:37:30.000Z,crmid:2244153848,b1742bda-4c72-11ea-bf52-b88a60e194fb,prd1184,Fixed Deposit,Investment,Personal,200193.97,1,USD,branchid:11089
b174f05c-4c72-11ea-b243-b88a60e194fb-1,2020-01-08T08:46:17.000Z,crmid:3968719267,b174f05c-4c72-11ea-b243-b88a60e194fb,prd1174,Traditional IRA,Retirement,Personal,15975.01,1,USD,branchid:11036
b17e3d76-4c72-11ea-86eb-b88a60e194fb-1,2020-01-03T04:09:25.000Z,crmid:5020470827,b17e3d76-4c72-11ea-86eb-b88a60e194fb,prd1078,Mortgage: 7/1 ARM,Mortgage,Personal,17954.64,1,USD,branchid:11007
b17f27e8-4c72-11ea-a6b6-b88a60e194fb-1,2020-01-21T02:29:16.000Z,crmid:6296541491,b17f27e8-4c72-11ea-a6b6-b88a60e194fb,prd1131,Employee Stock Purchase Plans,Investment,Personal,279078.73,1,USD,branchid:11033
b180124a-4c72-11ea-9a09-b88a60e194fb-1,2020-01-26T06:57:44.000Z,crmid:8988210517,b180124a-4c72-11ea-9a09-b88a60e194fb,prd1172,Employee Stock Purchase Plans,Investment,Personal,166444.29,1,USD,branchid:11044
b180d608-4c72-11ea-b13e-b88a60e194fb-1,2020-01-23T08:08:47.000Z,crmid:8180015122,b180d608-4c72-11ea-b13e-b88a60e194fb,prd1189,Overseas Equity Fund,Investment,Personal,3484157.98,1,USD,branchid:11071
b181e798-4c72-11ea-b2fb-b88a60e194fb-1,2020-01-03T03:01:11.000Z,crmid:7587625615,b181e798-4c72-11ea-b2fb-b88a60e194fb,prd1125,Mortgage: FHA,Mortgage,Personal,10587.95,1,USD,branchid:11139
b182aa48-4c72-11ea-95a9-b88a60e194fb-1,2020-01-16T18:30:22.000Z,crmid:7129044524,b182aa48-4c72-11ea-95a9-b88a60e194fb,prd1176,Overseas Equity Fund,Investment,Personal,14498.38,1,USD,branchid:11063
b18394b6-4c72-11ea-80fd-b88a60e194fb-1,2020-01-05T14:10:35.000Z,crmid:2124286753,b18394b6-4c72-11ea-80fd-b88a60e194fb,prd1112,Fixed Deposit,Investment,Personal,2466855.01,1,USD,branchid:11056
b18e9114-4c72-11ea-962c-b88a60e194fb-1,2020-01-11T21:42:42.000Z,crmid:9453220398,b18e9114-4c72-11ea-962c-b88a60e194fb,prd1179,Business Brokerage Account,Investment,Business,11177.93,1,USD,branchid:11121
b18f544a-4c72-11ea-b01f-b88a60e194fb-1,2020-01-16T08:32:46.000Z,crmid:2801998783,b18f544a-4c72-11ea-b01f-b88a60e194fb,prd1014,CDs: 3 month,Investment,Personal,20008.32,1,USD,branchid:11062
b19065dc-4c72-11ea-add0-b88a60e194fb-1,2020-01-20T17:23:02.000Z,crmid:5502864722,b19065dc-4c72-11ea-add0-b88a60e194fb,prd1030,401k,Retirement,Personal,4281704.05,1,USD,branchid:11132
b1915026-4c72-11ea-b5e8-b88a60e194fb-1,2020-01-14T22:07:50.000Z,crmid:9152687001,b1915026-4c72-11ea-b5e8-b88a60e194fb,prd1159,CDs: 3 month,Investment,Personal,228456.63,1,USD,branchid:11037
b1921378-4c72-11ea-a2b9-b88a60e194fb-1,2020-01-11T01:34:50.000Z,crmid:9412106056,b1921378-4c72-11ea-a2b9-b88a60e194fb,prd1060,Traditional IRA,Retirement,Personal,15467.65,1,USD,branchid:11128
b192d806-4c72-11ea-b9f8-b88a60e194fb-1,2020-01-28T11:45:31.000Z,crmid:7672801994,b192d806-4c72-11ea-b9f8-b88a60e194fb,prd1034,Home Equity Loan,Mortgage,Personal,216760.98,1,USD,branchid:11009
b193c126-4c72-11ea-bfd2-b88a60e194fb-1,2020-01-10T14:14:58.000Z,crmid:9234852604,b193c126-4c72-11ea-bfd2-b88a60e194fb,prd1068,Mortgage: 7/1 ARM,Mortgage,Personal,7501.42,1,USD,branchid:11061
b19d114c-4c72-11ea-b1f6-b88a60e194fb-1,2020-01-11T10:26:49.000Z,crmid:1456039280,b19d114c-4c72-11ea-b1f6-b88a60e194fb,prd1173,Money Market,Investment,Personal,87377.61,1,USD,branchid:11092
b19dfa88-4c72-11ea-baac-b88a60e194fb-1,2020-01-13T01:11:22.000Z,crmid:1834317751,b19dfa88-4c72-11ea-baac-b88a60e194fb,prd1181,Mortgage: 5/1 ARM,Mortgage,Personal,242181.83,1,USD,branchid:11013
b19ebdb6-4c72-11ea-a76d-b88a60e194fb-1,2020-01-17T10:45:13.000Z,crmid:8427187986,b19ebdb6-4c72-11ea-a76d-b88a60e194fb,prd1124,CDs: 5 year,Investment,Personal,245436.04,1,USD,branchid:11147
b19f8280-4c72-11ea-8b18-b88a60e194fb-1,2020-01-07T14:44:03.000Z,crmid:4864165069,b19f8280-4c72-11ea-8b18-b88a60e194fb,prd1077,Roth IRA,Retirement,Personal,17528.5,1,USD,branchid:11142
b1a06c22-4c72-11ea-bf0c-b88a60e194fb-1,2020-01-23T00:24:45.000Z,crmid:7162210754,b1a06c22-4c72-11ea-bf0c-b88a60e194fb,prd1189,Overseas Equity Fund,Investment,Personal,297427.36,1,USD,branchid:11038
b1a12eca-4c72-11ea-be12-b88a60e194fb-1,2020-01-05T11:30:11.000Z,crmid:2799773658,b1a12eca-4c72-11ea-be12-b88a60e194fb,prd1165,Roth IRA,Retirement,Personal,241747.32,1,USD,branchid:11043
b1a2191c-4c72-11ea-a1fa-b88a60e194fb-1,2020-01-05T18:53:50.000Z,crmid:1590510319,b1a2191c-4c72-11ea-a1fa-b88a60e194fb,prd1189,Overseas Equity Fund,Investment,Personal,3778338.1,1,USD,branchid:11011
b1ad63d0-4c72-11ea-bac7-b88a60e194fb-1,2020-01-15T10:18:54.000Z,crmid:7876317108,b1ad63d0-4c72-11ea-bac7-b88a60e194fb,prd1028,CDs: 1 year,Investment,Personal,162933.43,1,USD,branchid:11149
b1ae4e2c-4c72-11ea-8443-b88a60e194fb-1,2020-01-21T04:45:47.000Z,crmid:5640845771,b1ae4e2c-4c72-11ea-8443-b88a60e194fb,prd1184,Fixed Deposit,Investment,Personal,133396.11,1,USD,branchid:11042
b1af870c-4c72-11ea-9ca6-b88a60e194fb-1,2020-01-16T23:49:40.000Z,crmid:1056881802,b1af870c-4c72-11ea-9ca6-b88a60e194fb,prd1114,CDs: 3 month,Investment,Personal,18624.57,1,USD,branchid:11136
b1b0bf34-4c72-11ea-afd4-b88a60e194fb-1,2020-01-22T01:05:32.000Z,crmid:2850147213,b1b0bf34-4c72-11ea-afd4-b88a60e194fb,prd1042,Roth IRA,Retirement,Personal,4031713.6,1,USD,branchid:11041
b1b1a998-4c72-11ea-a1fc-b88a60e194fb-1,2020-01-09T02:20:22.000Z,crmid:6266344804,b1b1a998-4c72-11ea-a1fc-b88a60e194fb,prd1120,Mortgage: 10/1 ARM,Mortgage,Personal,227290.16,1,USD,branchid:11088
b1b2babe-4c72-11ea-9e1f-b88a60e194fb-1,2020-01-15T16:25:05.000Z,crmid:8036061615,b1b2babe-4c72-11ea-9e1f-b88a60e194fb,prd1183,Fixed Deposit,Investment,Personal,263055.43,1,USD,branchid:11003
b1b3cc22-4c72-11ea-b14b-b88a60e194fb-1,2020-01-17T04:03:41.000Z,crmid:3931003054,b1b3cc22-4c72-11ea-b14b-b88a60e194fb,prd1150,Money Market,Investment,Personal,12435.56,1,USD,branchid:11058
b1be7a8a-4c72-11ea-846f-b88a60e194fb-1,2020-01-22T22:33:56.000Z,crmid:4495209209,b1be7a8a-4c72-11ea-846f-b88a60e194fb,prd1159,CDs: 3 month,Investment,Personal,13689.3,1,USD,branchid:11097
b1bf64dc-4c72-11ea-9d81-b88a60e194fb-1,2020-01-12T20:47:46.000Z,crmid:7255987832,b1bf64dc-4c72-11ea-9d81-b88a60e194fb,prd1037,Home Equity Loan,Mortgage,Personal,17087.56,1,USD,branchid:11066
b1c02828-4c72-11ea-a8bb-b88a60e194fb-1,2020-01-12T01:57:08.000Z,crmid:5443130478,b1c02828-4c72-11ea-a8bb-b88a60e194fb,prd1030,401k,Retirement,Personal,17099.15,1,USD,branchid:11039
b1c139a8-4c72-11ea-aa0d-b88a60e194fb-1,2020-01-13T00:11:54.000Z,crmid:5321235801,b1c139a8-4c72-11ea-aa0d-b88a60e194fb,prd1110,Traditional IRA,Retirement,Personal,14130.28,1,USD,branchid:11092
b1c224d0-4c72-11ea-a6b9-b88a60e194fb-1,2020-01-15T16:32:13.000Z,crmid:7627329528,b1c224d0-4c72-11ea-a6b9-b88a60e194fb,prd1181,Mortgage: 5/1 ARM,Mortgage,Personal,233199.36,1,USD,branchid:11104
b1c33566-4c72-11ea-8198-b88a60e194fb-1,2020-01-20T15:15:48.000Z,crmid:4425260806,b1c33566-4c72-11ea-8198-b88a60e194fb,prd1035,Pension Account,Retirement,Personal,11810.58,1,USD,branchid:11144
b1c41fd8-4c72-11ea-b7be-b88a60e194fb-1,2020-01-10T12:08:57.000Z,crmid:9504521962,b1c41fd8-4c72-11ea-b7be-b88a60e194fb,prd1173,Money Market,Investment,Personal,3746229.12,1,USD,branchid:11128
b1cfba78-4c72-11ea-aa01-b88a60e194fb-1,2020-01-02T04:42:23.000Z,crmid:2734129650,b1cfba78-4c72-11ea-aa01-b88a60e194fb,prd1185,Mortgage: FHA,Mortgage,Personal,14580.34,1,USD,branchid:11098
b1d0f158-4c72-11ea-8a35-b88a60e194fb-1,2020-01-08T01:34:38.000Z,crmid:3750014532,b1d0f158-4c72-11ea-8a35-b88a60e194fb,prd1028,CDs: 1 year,Investment,Personal,7630.55,1,USD,branchid:11056
b1d1b492-4c72-11ea-bafa-b88a60e194fb-1,2020-01-21T08:44:32.000Z,crmid:6193253111,b1d1b492-4c72-11ea-bafa-b88a60e194fb,prd1173,Money Market,Investment,Personal,209954.78,1,USD,branchid:11012
b1d2ed00-4c72-11ea-91b7-b88a60e194fb-1,2020-01-06T22:44:51.000Z,crmid:2825191999,b1d2ed00-4c72-11ea-91b7-b88a60e194fb,prd1014,CDs: 3 month,Investment,Personal,241955.96,1,USD,branchid:11133
b1d3d74a-4c72-11ea-995b-b88a60e194fb-1,2020-01-17T16:29:03.000Z,crmid:7970382163,b1d3d74a-4c72-11ea-995b-b88a60e194fb,prd1087,Overseas Equity Fund,Investment,Personal,226987.17,1,USD,branchid:11014
b1d50fb8-4c72-11ea-9501-b88a60e194fb-1,2020-01-26T13:19:57.000Z,crmid:5805668604,b1d50fb8-4c72-11ea-9501-b88a60e194fb,prd1068,Mortgage: 7/1 ARM,Mortgage,Personal,184751.97,1,USD,branchid:11040
b1d62134-4c72-11ea-b519-b88a60e194fb-1,2020-01-07T02:17:57.000Z,crmid:1471846123,b1d62134-4c72-11ea-b519-b88a60e194fb,prd1025,Brokerage Account,Investment,Personal,19024.62,1,USD,branchid:11092
b1e2f29c-4c72-11ea-9a0e-b88a60e194fb-1,2020-01-13T08:27:54.000Z,crmid:7992955674,b1e2f29c-4c72-11ea-9a0e-b88a60e194fb,prd1165,Roth IRA,Retirement,Personal,12320.89,1,USD,branchid:11082
b1e3dcda-4c72-11ea-9864-b88a60e194fb-1,2020-01-13T03:46:11.000Z,crmid:7270135258,b1e3dcda-4c72-11ea-9864-b88a60e194fb,prd1042,Roth IRA,Retirement,Personal,211783.64,1,USD,branchid:11032
b1e4ee74-4c72-11ea-9d4a-b88a60e194fb-1,2020-01-16T11:56:24.000Z,crmid:6821295128,b1e4ee74-4c72-11ea-9d4a-b88a60e194fb,prd1068,Mortgage: 7/1 ARM,Mortgage,Personal,18933.6,1,USD,branchid:11147
b1e5ffb6-4c72-11ea-a959-b88a60e194fb-1,2020-01-12T11:24:14.000Z,crmid:9619710652,b1e5ffb6-4c72-11ea-a959-b88a60e194fb,prd1148,Mortgage: 10/1 ARM,Mortgage,Personal,12193.08,1,USD,branchid:11103
b1e6ea36-4c72-11ea-8653-b88a60e194fb-1,2020-01-08T05:50:31.000Z,crmid:6255391017,b1e6ea36-4c72-11ea-8653-b88a60e194fb,prd1131,Employee Stock Purchase Plans,Investment,Personal,240489.47,1,USD,branchid:11023
b1e8499a-4c72-11ea-972f-b88a60e194fb-1,2020-01-09T04:13:44.000Z,crmid:1851274005,b1e8499a-4c72-11ea-972f-b88a60e194fb,prd1034,Home Equity Loan,Mortgage,Personal,179049.22,1,USD,branchid:11087
b1e9826e-4c72-11ea-bdd8-b88a60e194fb-1,2020-01-13T14:14:55.000Z,crmid:7747016916,b1e9826e-4c72-11ea-bdd8-b88a60e194fb,prd1114,CDs: 3 month,Investment,Personal,5086887.84,1,USD,branchid:11072
b1f541f4-4c72-11ea-94b4-b88a60e194fb-1,2020-01-08T16:59:31.000Z,crmid:4102273981,b1f541f4-4c72-11ea-94b4-b88a60e194fb,prd1186,Money Market,Investment,Personal,202345.56,1,USD,branchid:11109
b1f65386-4c72-11ea-9e66-b88a60e194fb-1,2020-01-26T06:01:27.000Z,crmid:7888087834,b1f65386-4c72-11ea-9e66-b88a60e194fb,prd1108,401k,Retirement,Personal,10658.17,1,USD,branchid:11122
b1f78bfa-4c72-11ea-b824-b88a60e194fb-1,2020-01-01T18:59:09.000Z,crmid:5454972714,b1f78bfa-4c72-11ea-b824-b88a60e194fb,prd1032,Home Equity Loan,Mortgage,Personal,12694.83,1,USD,branchid:11115
b1f987c8-4c72-11ea-9763-b88a60e194fb-1,2020-01-15T00:10:09.000Z,crmid:4336977873,b1f987c8-4c72-11ea-9763-b88a60e194fb,prd1120,Mortgage: 10/1 ARM,Mortgage,Personal,18177.28,1,USD,branchid:11041
b1fac046-4c72-11ea-9574-b88a60e194fb-1,2020-01-20T14:52:14.000Z,crmid:1195169339,b1fac046-4c72-11ea-9574-b88a60e194fb,prd1035,Pension Account,Retirement,Personal,12854.31,1,USD,branchid:11019
b1fc1fc6-4c72-11ea-a27d-b88a60e194fb-1,2020-01-12T05:55:04.000Z,crmid:1882235011,b1fc1fc6-4c72-11ea-a27d-b88a60e194fb,prd1027,Mortgage: 30-yr Fixed,Mortgage,Personal,127592.53,1,USD,branchid:11145
b1fd5834-4c72-11ea-8386-b88a60e194fb-1,2020-01-30T22:46:49.000Z,crmid:6145628767,b1fd5834-4c72-11ea-8386-b88a60e194fb,prd1053,Mortgage: VA,Mortgage,Personal,2979825.74,1,USD,branchid:11121
b2093f18-4c72-11ea-ab83-b88a60e194fb-1,2020-01-02T13:23:05.000Z,crmid:1838137972,b2093f18-4c72-11ea-ab83-b88a60e194fb,prd1148,Mortgage: 10/1 ARM,Mortgage,Personal,12331.07,1,USD,branchid:11012
b20a2974-4c72-11ea-9b84-b88a60e194fb-1,2020-01-14T23:03:20.000Z,crmid:3643277372,b20a2974-4c72-11ea-9b84-b88a60e194fb,prd1073,Business Brokerage Account,Investment,Business,12320.24,1,USD,branchid:11030
b20b13e2-4c72-11ea-ae32-b88a60e194fb-1,2020-01-22T05:33:37.000Z,crmid:4803333835,b20b13e2-4c72-11ea-ae32-b88a60e194fb,prd1061,Mortgage: 5/1 ARM,Mortgage,Personal,13826.61,1,USD,branchid:11037
b20c253a-4c72-11ea-a2bb-b88a60e194fb-1,2020-01-29T12:09:29.000Z,crmid:3557462621,b20c253a-4c72-11ea-a2bb-b88a60e194fb,prd1014,CDs: 3 month,Investment,Personal,16231.16,1,USD,branchid:11047
b20ce880-4c72-11ea-88bd-b88a60e194fb-1,2020-01-02T23:19:39.000Z,crmid:1511270678,b20ce880-4c72-11ea-88bd-b88a60e194fb,prd1144,Home Equity Loan,Mortgage,Personal,16034.2,1,USD,branchid:11120
b20e211c-4c72-11ea-bdf2-b88a60e194fb-1,2020-01-27T05:51:42.000Z,crmid:7255531087,b20e211c-4c72-11ea-bdf2-b88a60e194fb,prd1034,Home Equity Loan,Mortgage,Personal,13386.3,1,USD,branchid:11108
b20f330a-4c72-11ea-a1f0-b88a60e194fb-1,2020-01-06T12:53:57.000Z,crmid:4552669314,b20f330a-4c72-11ea-a1f0-b88a60e194fb,prd1148,Mortgage: 10/1 ARM,Mortgage,Personal,12219.01,1,USD,branchid:11076
b219e0ee-4c72-11ea-9a65-b88a60e194fb-1,2020-01-07T11:02:06.000Z,crmid:8441855424,b219e0ee-4c72-11ea-9a65-b88a60e194fb,prd1073,Business Brokerage Account,Investment,Business,151892.97,1,USD,branchid:11120
b21b405e-4c72-11ea-a818-b88a60e194fb-1,2020-01-03T10:46:45.000Z,crmid:7772763042,b21b405e-4c72-11ea-a818-b88a60e194fb,prd1121,Mortgage: 30-yr Fixed,Mortgage,Personal,15387.0,1,USD,branchid:11101
b21c51dc-4c72-11ea-abfc-b88a60e194fb-1,2020-01-29T22:41:31.000Z,crmid:2291073657,b21c51dc-4c72-11ea-abfc-b88a60e194fb,prd1176,Overseas Equity Fund,Investment,Personal,150110.67,1,USD,branchid:11110
b21d6342-4c72-11ea-9e63-b88a60e194fb-1,2020-01-12T14:48:46.000Z,crmid:1884004166,b21d6342-4c72-11ea-9e63-b88a60e194fb,prd1077,Roth IRA,Retirement,Personal,16305.85,1,USD,branchid:11143
b21e4d9c-4c72-11ea-ac74-b88a60e194fb-1,2020-01-01T12:26:08.000Z,crmid:2524659002,b21e4d9c-4c72-11ea-ac74-b88a60e194fb,prd1101,Mortgage: 5/1 ARM,Mortgage,Personal,11439.57,1,USD,branchid:11114
b21f5f30-4c72-11ea-a4dd-b88a60e194fb-1,2020-01-14T18:09:46.000Z,crmid:8983216219,b21f5f30-4c72-11ea-a4dd-b88a60e194fb,prd1123,Mortgage: 10 yr Fixed,Mortgage,Personal,196684.53,1,USD,branchid:11124
b220beae-4c72-11ea-ae67-b88a60e194fb-1,2020-01-16T06:39:41.000Z,crmid:6563461903,b220beae-4c72-11ea-ae67-b88a60e194fb,prd1189,Overseas Equity Fund,Investment,Personal,135512.99,1,USD,branchid:11142
b22f8bb6-4c72-11ea-93ea-b88a60e194fb-1,2020-01-09T19:11:00.000Z,crmid:9364561602,b22f8bb6-4c72-11ea-93ea-b88a60e194fb,prd1123,Mortgage: 10 yr Fixed,Mortgage,Personal,14141.45,1,USD,branchid:11022
b2307610-4c72-11ea-8db0-b88a60e194fb-1,2020-01-01T20:28:28.000Z,crmid:3099163157,b2307610-4c72-11ea-8db0-b88a60e194fb,prd1144,Home Equity Loan,Mortgage,Personal,12855.21,1,USD,branchid:11032
b2316062-4c72-11ea-a008-b88a60e194fb-1,2020-01-02T01:07:10.000Z,crmid:6143534383,b2316062-4c72-11ea-a008-b88a60e194fb,prd1179,Business Brokerage Account,Investment,Business,10661.11,1,USD,branchid:11071
b2324ad2-4c72-11ea-8025-b88a60e194fb-1,2020-01-31T17:32:55.000Z,crmid:6400262967,b2324ad2-4c72-11ea-8025-b88a60e194fb,prd1078,Mortgage: 7/1 ARM,Mortgage,Personal,12125.09,1,USD,branchid:11067
b2330e1e-4c72-11ea-95af-b88a60e194fb-1,2020-01-05T20:36:52.000Z,crmid:6066447753,b2330e1e-4c72-11ea-95af-b88a60e194fb,prd1021,CDs: 5 year,Investment,Personal,16515.72,1,USD,branchid:11118
b233d164-4c72-11ea-8083-b88a60e194fb-1,2020-01-03T04:31:22.000Z,crmid:1281750146,b233d164-4c72-11ea-8083-b88a60e194fb,prd1186,Money Market,Investment,Personal,225484.39,1,USD,branchid:11027
b23494c2-4c72-11ea-bc75-b88a60e194fb-1,2020-01-26T19:08:15.000Z,crmid:7577271990,b23494c2-4c72-11ea-bc75-b88a60e194fb,prd1151,Mortgage: 10 yr Fixed,Mortgage,Personal,4055804.85,1,USD,branchid:11120
b242505c-4c72-11ea-a382-b88a60e194fb-1,2020-01-03T04:43:47.000Z,crmid:6130558734,b242505c-4c72-11ea-a382-b88a60e194fb,prd1114,CDs: 3 month,Investment,Personal,216195.76,1,USD,branchid:11100
b24388f6-4c72-11ea-a994-b88a60e194fb-1,2020-01-05T12:17:56.000Z,crmid:8554228418,b24388f6-4c72-11ea-a994-b88a60e194fb,prd1144,Home Equity Loan,Mortgage,Personal,208432.68,1,USD,branchid:11108
b2447330-4c72-11ea-87f8-b88a60e194fb-1,2020-01-24T01:11:35.000Z,crmid:7536306412,b2447330-4c72-11ea-87f8-b88a60e194fb,prd1025,Brokerage Account,Investment,Personal,233792.93,1,USD,branchid:11082
b24584d0-4c72-11ea-9f36-b88a60e194fb-1,2020-01-04T16:07:30.000Z,crmid:6500289535,b24584d0-4c72-11ea-9f36-b88a60e194fb,prd1150,Money Market,Investment,Personal,3753666.67,1,USD,branchid:11018
b246bd5e-4c72-11ea-beba-b88a60e194fb-1,2020-01-20T03:01:02.000Z,crmid:2401624463,b246bd5e-4c72-11ea-beba-b88a60e194fb,prd1027,Mortgage: 30-yr Fixed,Mortgage,Personal,14074.7,1,USD,branchid:11132
b247f66c-4c72-11ea-b9a0-b88a60e194fb-1,2020-01-30T23:24:29.000Z,crmid:7011575910,b247f66c-4c72-11ea-b9a0-b88a60e194fb,prd1184,Fixed Deposit,Investment,Personal,16421.64,1,USD,branchid:11045
b248e040-4c72-11ea-b77a-b88a60e194fb-1,2020-01-17T08:29:18.000Z,crmid:2960945756,b248e040-4c72-11ea-b77a-b88a60e194fb,prd1155,CDs: 5 year,Investment,Personal,185200.52,1,USD,branchid:11103
b254038c-4c72-11ea-9df5-b88a60e194fb-1,2020-01-30T04:44:04.000Z,crmid:7826433747,b254038c-4c72-11ea-9df5-b88a60e194fb,prd1148,Mortgage: 10/1 ARM,Mortgage,Personal,17889.75,1,USD,branchid:11097
b254ee78-4c72-11ea-a795-b88a60e194fb-1,2020-01-13T21:46:25.000Z,crmid:9784849508,b254ee78-4c72-11ea-a795-b88a60e194fb,prd1047,Mortgage: 10 yr Fixed,Mortgage,Personal,4676174.18,1,USD,branchid:11140
b255b13a-4c72-11ea-bd83-b88a60e194fb-1,2020-01-08T20:26:13.000Z,crmid:4216859598,b255b13a-4c72-11ea-bd83-b88a60e194fb,prd1032,Home Equity Loan,Mortgage,Personal,13656.07,1,USD,branchid:11046
b25674ae-4c72-11ea-bb3a-b88a60e194fb-1,2020-01-25T09:57:40.000Z,crmid:1940819624,b25674ae-4c72-11ea-bb3a-b88a60e194fb,prd1014,CDs: 3 month,Investment,Personal,16820.25,1,USD,branchid:11049
b25737e8-4c72-11ea-9b39-b88a60e194fb-1,2020-01-12T13:13:38.000Z,crmid:2201307201,b25737e8-4c72-11ea-9b39-b88a60e194fb,prd1176,Overseas Equity Fund,Investment,Personal,12625.86,1,USD,branchid:11091
b257fb3a-4c72-11ea-8231-b88a60e194fb-1,2020-01-15T08:39:49.000Z,crmid:6695762833,b257fb3a-4c72-11ea-8231-b88a60e194fb,prd1029,401k,Retirement,Personal,16703.78,1,USD,branchid:11147
b258e590-4c72-11ea-ac5b-b88a60e194fb-1,2020-01-17T14:08:58.000Z,crmid:8607138789,b258e590-4c72-11ea-ac5b-b88a60e194fb,prd1157,Brokerage Account,Investment,Personal,15076.4,1,USD,branchid:11085
b263e24a-4c72-11ea-b2c3-b88a60e194fb-1,2020-01-18T20:43:17.000Z,crmid:8771490859,b263e24a-4c72-11ea-b2c3-b88a60e194fb,prd1008,Traditional IRA,Retirement,Personal,3910202.43,1,USD,branchid:11007
b264cc68-4c72-11ea-b5ce-b88a60e194fb-1,2020-01-16T01:11:59.000Z,crmid:4959533810,b264cc68-4c72-11ea-b5ce-b88a60e194fb,prd1026,Mortgage: 5/1 ARM,Mortgage,Personal,99380.66,1,USD,branchid:11092
b2659110-4c72-11ea-91cf-b88a60e194fb-1,2020-01-19T09:50:34.000Z,crmid:6381269693,b2659110-4c72-11ea-91cf-b88a60e194fb,prd1172,Employee Stock Purchase Plans,Investment,Personal,11232.9,1,USD,branchid:11042
b2667a6c-4c72-11ea-a146-b88a60e194fb-1,2020-01-24T17:10:47.000Z,crmid:9897907036,b2667a6c-4c72-11ea-a146-b88a60e194fb,prd1157,Brokerage Account,Investment,Personal,157950.19,1,USD,branchid:11009
b267647e-4c72-11ea-8837-b88a60e194fb-1,2020-01-02T16:56:44.000Z,crmid:5997045069,b267647e-4c72-11ea-8837-b88a60e194fb,prd1032,Home Equity Loan,Mortgage,Personal,171100.56,1,USD,branchid:11060
b2684efe-4c72-11ea-8710-b88a60e194fb-1,2020-01-23T22:19:03.000Z,crmid:1058522126,b2684efe-4c72-11ea-8710-b88a60e194fb,prd1182,Brokerage Account,Investment,Personal,17425.05,1,USD,branchid:11026
b2698798-4c72-11ea-bed6-b88a60e194fb-1,2020-01-11T05:30:44.000Z,crmid:6975524277,b2698798-4c72-11ea-bed6-b88a60e194fb,prd1032,Home Equity Loan,Mortgage,Personal,7925.32,1,USD,branchid:11000
b27769fe-4c72-11ea-b7d1-b88a60e194fb-1,2020-01-27T03:24:36.000Z,crmid:7871056122,b27769fe-4c72-11ea-b7d1-b88a60e194fb,prd1046,Mortgage: VA,Mortgage,Personal,4815718.3,1,USD,branchid:11017
b2785476-4c72-11ea-ab99-b88a60e194fb-1,2020-01-28T10:04:46.000Z,crmid:9366595471,b2785476-4c72-11ea-ab99-b88a60e194fb,prd1183,Fixed Deposit,Investment,Personal,10290.88,1,USD,branchid:11134
b2793ee8-4c72-11ea-9177-b88a60e194fb-1,2020-01-15T07:46:09.000Z,crmid:8031803090,b2793ee8-4c72-11ea-9177-b88a60e194fb,prd1046,Mortgage: VA,Mortgage,Personal,115760.5,1,USD,branchid:11064
b27a5054-4c72-11ea-9289-b88a60e194fb-1,2020-01-28T08:40:55.000Z,crmid:2035831088,b27a5054-4c72-11ea-9289-b88a60e194fb,prd1053,Mortgage: VA,Mortgage,Personal,11685.15,1,USD,branchid:11028
b27b3adc-4c72-11ea-be1d-b88a60e194fb-1,2020-01-28T23:14:55.000Z,crmid:5257428640,b27b3adc-4c72-11ea-be1d-b88a60e194fb,prd1008,Traditional IRA,Retirement,Personal,191449.31,1,USD,branchid:11138
b27c255c-4c72-11ea-a1a0-b88a60e194fb-1,2020-01-28T02:22:11.000Z,crmid:4471815762,b27c255c-4c72-11ea-a1a0-b88a60e194fb,prd1155,CDs: 5 year,Investment,Personal,3687774.9,1,USD,branchid:11000
b27d0f6c-4c72-11ea-87fa-b88a60e194fb-1,2020-01-16T02:26:05.000Z,crmid:8135294470,b27d0f6c-4c72-11ea-87fa-b88a60e194fb,prd1037,Home Equity Loan,Mortgage,Personal,187094.49,1,USD,branchid:11019
b2891d76-4c72-11ea-a61a-b88a60e194fb-1,2020-01-30T23:25:14.000Z,crmid:4163585414,b2891d76-4c72-11ea-a61a-b88a60e194fb,prd1121,Mortgage: 30-yr Fixed,Mortgage,Personal,3570285.87,1,USD,branchid:11115
b289b9a4-4c72-11ea-a012-b88a60e194fb-1,2020-01-18T07:26:41.000Z,crmid:6616317986,b289b9a4-4c72-11ea-a012-b88a60e194fb,prd1186,Money Market,Investment,Personal,4920803.39,1,USD,branchid:11090
b28af228-4c72-11ea-9fa4-b88a60e194fb-1,2020-01-18T00:11:10.000Z,crmid:9766523960,b28af228-4c72-11ea-9fa4-b88a60e194fb,prd1045,Mortgage: 10/1 ARM,Mortgage,Personal,12830.02,1,USD,branchid:11009
b28bbf86-4c72-11ea-81fb-b88a60e194fb-1,2020-01-06T02:15:51.000Z,crmid:4591615580,b28bbf86-4c72-11ea-81fb-b88a60e194fb,prd1173,Money Market,Investment,Personal,174069.47,1,USD,branchid:11089
b28c78e4-4c72-11ea-a60d-b88a60e194fb-1,2020-01-28T12:36:31.000Z,crmid:3448615561,b28c78e4-4c72-11ea-a60d-b88a60e194fb,prd1097,Employee Stock Purchase Plans,Investment,Personal,241668.79,1,USD,branchid:11055
b28d3d5a-4c72-11ea-a835-b88a60e194fb-1,2020-01-28T23:44:37.000Z,crmid:9220565132,b28d3d5a-4c72-11ea-a835-b88a60e194fb,prd1125,Mortgage: FHA,Mortgage,Personal,21072.35,1,USD,branchid:11050
b28dff68-4c72-11ea-bfc3-b88a60e194fb-1,2020-01-04T23:49:08.000Z,crmid:1953646128,b28dff68-4c72-11ea-bfc3-b88a60e194fb,prd1181,Mortgage: 5/1 ARM,Mortgage,Personal,14554.52,1,USD,branchid:11047
b29b1e88-4c72-11ea-954d-b88a60e194fb-1,2020-01-27T08:42:54.000Z,crmid:4581913675,b29b1e88-4c72-11ea-954d-b88a60e194fb,prd1034,Home Equity Loan,Mortgage,Personal,10414.62,1,USD,branchid:11083
b29c30d8-4c72-11ea-b0e9-b88a60e194fb-1,2020-01-30T12:57:51.000Z,crmid:4243275258,b29c30d8-4c72-11ea-b0e9-b88a60e194fb,prd1114,CDs: 3 month,Investment,Personal,15302.34,1,USD,branchid:11086
b29cf392-4c72-11ea-bf20-b88a60e194fb-1,2020-01-01T04:51:36.000Z,crmid:5769615927,b29cf392-4c72-11ea-bf20-b88a60e194fb,prd1153,CDs: 1 year,Investment,Personal,97557.56,1,USD,branchid:11070
b29e0500-4c72-11ea-95f7-b88a60e194fb-1,2020-01-11T11:34:10.000Z,crmid:5541834089,b29e0500-4c72-11ea-95f7-b88a60e194fb,prd1030,401k,Retirement,Personal,120330.15,1,USD,branchid:11112
b29ec852-4c72-11ea-a110-b88a60e194fb-1,2020-01-19T17:57:46.000Z,crmid:2419732070,b29ec852-4c72-11ea-a110-b88a60e194fb,prd1125,Mortgage: FHA,Mortgage,Personal,150007.48,1,USD,branchid:11149
b29fd9be-4c72-11ea-ba45-b88a60e194fb-1,2020-01-28T18:00:25.000Z,crmid:7037651230,b29fd9be-4c72-11ea-ba45-b88a60e194fb,prd1053,Mortgage: VA,Mortgage,Personal,137809.48,1,USD,branchid:11072
b2a09d12-4c72-11ea-b9a2-b88a60e194fb-1,2020-01-20T23:12:41.000Z,crmid:1440850498,b2a09d12-4c72-11ea-b9a2-b88a60e194fb,prd1189,Overseas Equity Fund,Investment,Personal,232653.39,1,USD,branchid:11091
b2acaae8-4c72-11ea-8196-b88a60e194fb-1,2020-01-29T09:45:20.000Z,crmid:9078476131,b2acaae8-4c72-11ea-8196-b88a60e194fb,prd1111,Pension Account,Retirement,Personal,12962.84,1,USD,branchid:11032
