id,transactionID,crmid,timestamp,orderType,transactionSKU,transactionName,transactionType,transactionOwnership,transactionAction,transactionMethod,transactionAmount,transactionFlag
53130dd4-8011-11ea-a8f7-b88a60e194fb,transactionid:754327,crmid:3533011654,2020-03-20T02:16:02.000Z,transaction - mobile,prd1136,Student Savings,Savings,Personal,credit,call center,2745.44,1
5314946e-8011-11ea-a27d-b88a60e194fb,transactionid:651963,crmid:4710113638,2020-03-20T23:38:40.000Z,transaction - mobile,prd1192,Money Market Savings,Savings,Personal,credit,call center,398474.13,1
5315f53a-8011-11ea-a54a-b88a60e194fb,transactionid:418089,crmid:5621802524,2020-03-24T15:18:25.000Z,transaction - mobile,prd1188,Business Savings,Savings,Business,credit,call center,3025.18,1
53175510-8011-11ea-af4f-b88a60e194fb,transactionid:884068,crmid:3480369616,2020-03-22T05:53:04.000Z,transaction - mobile,prd1095,529 College Savings,College Savings,Personal,credit,ATM,2442.57,1
531902b6-8011-11ea-804e-b88a60e194fb,transactionid:413873,crmid:6558786277,2020-03-27T11:44:41.000Z,transaction - mobile,prd1075,Student Savings,Savings,Personal,credit,mobile,2902.31,1
531a3b2c-8011-11ea-a4c1-b88a60e194fb,transactionid:892427,crmid:7354521056,2020-03-26T06:36:20.000Z,transaction - mobile,prd1141,Premium Checking,Checking,Personal,credit,call center,4109.86,1
531c3698-8011-11ea-a1cc-b88a60e194fb,transactionid:275274,crmid:8214173127,2020-03-18T11:02:59.000Z,transaction - mobile,prd1179,Business Brokerage Account,Investment,Business,credit,mobile,3997.48,1
531dbc40-8011-11ea-8b07-b88a60e194fb,transactionid:607505,crmid:1900691151,2020-03-28T04:08:11.000Z,transaction - mobile,prd1166,Business Checking,Checking,Business,credit,call center,406621.23,1
531f1bdc-8011-11ea-9b8e-b88a60e194fb,transactionid:279807,crmid:4505883439,2020-03-23T19:25:03.000Z,transaction - mobile,prd1023,Health Savings,Savings,Personal,credit,call center,3123.29,1
5320c978-8011-11ea-9525-b88a60e194fb,transactionid:671124,crmid:2746556299,2020-03-15T11:53:21.000Z,transaction - mobile,prd1056,CDs: 5 year,Investment,Personal,credit,ATM,3082.74,1
53222926-8011-11ea-bbe7-b88a60e194fb,transactionid:719335,crmid:1774324807,2020-03-22T08:32:53.000Z,transaction - mobile,prd1180,529 College Savings,College Savings,Personal,debt,mobile,3751.57,1
5323afae-8011-11ea-8d90-b88a60e194fb,transactionid:362652,crmid:9378059502,2020-03-31T05:10:14.000Z,transaction - mobile,prd1007,Health Savings,Savings,Personal,debt,mobile,3279.37,1
5325364a-8011-11ea-b0e5-b88a60e194fb,transactionid:603672,crmid:7800142758,2020-03-22T03:03:30.000Z,transaction - mobile,prd1094,Preferred Checking,Checking,Personal,credit,ATM,440448.67,1
5326bcf8-8011-11ea-b449-b88a60e194fb,transactionid:264100,crmid:8547382284,2020-03-15T15:42:51.000Z,transaction - mobile,prd1121,Mortgage: 30-yr Fixed,Mortgage,Personal,credit,mobile,2358.9,1
5328438a-8011-11ea-ab00-b88a60e194fb,transactionid:235338,crmid:6928292612,2020-03-17T17:16:13.000Z,transaction - mobile,prd1041,Mortgage: 7/1 ARM,Mortgage,Personal,credit,call center,2001.98,1
532a185e-8011-11ea-b758-b88a60e194fb,transactionid:413694,crmid:1539251574,2020-03-17T06:38:39.000Z,transaction - mobile,prd1043,Business Savings,Savings,Business,credit,branch,4834.97,1
532b77dc-8011-11ea-a5c9-b88a60e194fb,transactionid:258063,crmid:1056162848,2020-03-15T05:25:19.000Z,transaction - mobile,prd1057,Student Card,Credit Card,Personal,credit,call center,5034.93,1
532d4c8c-8011-11ea-b4f0-b88a60e194fb,transactionid:501241,crmid:4167632348,2020-03-30T21:58:08.000Z,transaction - mobile,prd1122,Merchant Services Account,Merchant Services,Business,credit,call center,5340.7,1
532eac28-8011-11ea-a388-b88a60e194fb,transactionid:592915,crmid:2678457820,2020-03-21T06:45:04.000Z,transaction - mobile,prd1142,Rewards Savings,Savings,Personal,credit,call center,2117.13,1
533059e2-8011-11ea-a3bf-b88a60e194fb,transactionid:863667,crmid:4124835945,2020-03-17T10:14:30.000Z,transaction - mobile,prd1178,Everyday Savings,Savings,Personal,credit,ATM,2667.45,1
5331b964-8011-11ea-a478-b88a60e194fb,transactionid:787208,crmid:5847656959,2020-03-17T21:23:32.000Z,transaction - mobile,prd1047,Mortgage: 10 yr Fixed,Mortgage,Personal,credit,call center,2543.42,1
53334000-8011-11ea-a5e5-b88a60e194fb,transactionid:187056,crmid:8936317098,2020-03-19T20:04:22.000Z,transaction - mobile,prd1063,High Interest Savings,Savings,Personal,credit,ATM,2780.15,1
53349f9e-8011-11ea-85c4-b88a60e194fb,transactionid:289314,crmid:2652323332,2020-03-30T06:43:39.000Z,transaction - mobile,prd1138,Money Market Savings,Savings,Personal,credit,broker,4114.15,1
5336262e-8011-11ea-840e-b88a60e194fb,transactionid:961913,crmid:6087686791,2020-03-19T21:51:35.000Z,transaction - mobile,prd1003,Premium Checking,Checking,Personal,credit,ATM,2249.33,1
5337acd2-8011-11ea-a0ce-b88a60e194fb,transactionid:620451,crmid:1129645843,2020-03-23T12:39:21.000Z,transaction - mobile,prd1049,Business Brokerage Account,Investment,Business,credit,mobile,2905.56,1
5339337e-8011-11ea-97a0-b88a60e194fb,transactionid:428332,crmid:8821649117,2020-03-20T16:09:26.000Z,transaction - mobile,prd1094,Preferred Checking,Checking,Personal,credit,mobile,4162.6,1
533abb5a-8011-11ea-9ab4-b88a60e194fb,transactionid:874552,crmid:2633495756,2020-03-25T04:11:57.000Z,transaction - mobile,prd1052,Preferred Checking,Checking,Personal,credit,call center,1383.88,1
533c40b4-8011-11ea-8b20-b88a60e194fb,transactionid:373501,crmid:6394976611,2020-03-21T05:19:31.000Z,transaction - mobile,prd1140,Travel Card,Credit Card,Personal,credit,branch,3204.1,1
533da142-8011-11ea-a414-b88a60e194fb,transactionid:392873,crmid:8409474051,2020-03-17T12:10:49.000Z,transaction - mobile,prd1013,Mortgage: FHA,Mortgage,Personal,credit,ATM,442243.03,1
533f00be-8011-11ea-a1de-b88a60e194fb,transactionid:137724,crmid:5150567007,2020-03-20T09:31:30.000Z,transaction - mobile,prd1143,Travel Card,Credit Card,Personal,credit,branch,3070.99,1
53408662-8011-11ea-bf44-b88a60e194fb,transactionid:150562,crmid:1357985310,2020-03-20T21:04:54.000Z,transaction - mobile,prd1035,Pension Account,Retirement,Personal,credit,call center,3603.38,1
5341e6de-8011-11ea-af97-b88a60e194fb,transactionid:603324,crmid:1479983024,2020-03-17T18:32:01.000Z,transaction - mobile,prd1168,Auto Insurance,Insurance,Personal,credit,call center,4252.92,1
53434618-8011-11ea-a923-b88a60e194fb,transactionid:543958,crmid:5455681450,2020-03-24T15:58:35.000Z,transaction - mobile,prd1074,Premium Checking,Checking,Personal,close,call center,3291.5,1
5344cc1c-8011-11ea-b2da-b88a60e194fb,transactionid:439779,crmid:8716546707,2020-03-16T21:21:27.000Z,transaction - mobile,prd1109,Dividend Card,Credit Card,Personal,close,call center,1127.35,1
53462ca4-8011-11ea-811d-b88a60e194fb,transactionid:808772,crmid:2786834942,2020-03-25T05:13:00.000Z,transaction - mobile,prd1138,Money Market Savings,Savings,Personal,credit,ATM,438913.81,1
53478c30-8011-11ea-b825-b88a60e194fb,transactionid:313999,crmid:8044297042,2020-03-22T10:22:53.000Z,transaction - mobile,prd1008,Traditional IRA,Retirement,Personal,credit,mobile,3545.58,1
534a9898-8011-11ea-93b8-b88a60e194fb,transactionid:467976,crmid:9696718184,2020-03-31T19:52:27.000Z,transaction - mobile,prd1122,Merchant Services Account,Merchant Services,Business,credit,broker,2590.08,1
534c6d38-8011-11ea-8e68-b88a60e194fb,transactionid:213264,crmid:5879877550,2020-03-15T19:54:12.000Z,transaction - mobile,prd1125,Mortgage: FHA,Mortgage,Personal,credit,call center,3964.69,1
534e68e6-8011-11ea-9f9f-b88a60e194fb,transactionid:204905,crmid:3385105428,2020-03-26T12:21:02.000Z,transaction - mobile,prd1003,Premium Checking,Checking,Personal,credit,ATM,3602.47,1
53508cf0-8011-11ea-8c87-b88a60e194fb,transactionid:502900,crmid:5694031775,2020-03-30T02:50:39.000Z,transaction - mobile,prd1145,Everyday Checking,Checking,Personal,credit,ATM,2679.03,1
535287e4-8011-11ea-b0fc-b88a60e194fb,transactionid:739471,crmid:9292556507,2020-03-18T11:41:14.000Z,transaction - mobile,prd1023,Health Savings,Savings,Personal,credit,mobile,1519.24,1
535436e6-8011-11ea-9711-b88a60e194fb,transactionid:873936,crmid:9585349832,2020-03-27T10:01:02.000Z,transaction - mobile,prd1077,Roth IRA,Retirement,Personal,credit,mobile,3118.23,1
5355e312-8011-11ea-ae85-b88a60e194fb,transactionid:293630,crmid:3459507721,2020-03-25T14:04:32.000Z,transaction - mobile,prd1115,Mortgage: VA,Mortgage,Personal,credit,broker,3284.94,1
5357b7f4-8011-11ea-8eb6-b88a60e194fb,transactionid:369256,crmid:1921467815,2020-03-22T11:20:17.000Z,transaction - mobile,prd1015,Auto Loan,Loan,Personal,credit,ATM,459489.02,1
53593fb0-8011-11ea-babb-b88a60e194fb,transactionid:834421,crmid:8411710837,2020-03-23T05:07:01.000Z,transaction - mobile,prd1031,Business Loan,Loan,Business,credit,branch,3085.24,1
535b1380-8011-11ea-a783-b88a60e194fb,transactionid:557060,crmid:4551908203,2020-03-29T13:33:15.000Z,transaction - mobile,prd1010,529 College Savings,College Savings,Personal,credit,call center,2656.15,1
535ce952-8011-11ea-8552-b88a60e194fb,transactionid:175906,crmid:1532809032,2020-03-24T14:41:43.000Z,transaction - mobile,prd1099,High Interest Savings,Savings,Personal,credit,call center,474745.62,1
535ee4b4-8011-11ea-a4e8-b88a60e194fb,transactionid:759905,crmid:4347834652,2020-03-20T02:08:08.000Z,transaction - mobile,prd1040,High Interest Savings,Savings,Personal,credit,mobile,462488.72,1
5362180c-8011-11ea-8f3d-b88a60e194fb,transactionid:572165,crmid:1503465285,2020-03-21T02:30:06.000Z,transaction - mobile,prd1026,Mortgage: 5/1 ARM,Mortgage,Personal,close,branch,506574.55,1
5364b01c-8011-11ea-8a6b-b88a60e194fb,transactionid:496751,crmid:1235972110,2020-03-16T00:27:01.000Z,transaction - mobile,prd1102,Everyday Savings,Savings,Personal,credit,broker,1976.5,1
5366abe6-8011-11ea-b769-b88a60e194fb,transactionid:721425,crmid:9796892662,2020-03-27T06:20:01.000Z,transaction - mobile,prd1155,CDs: 5 year,Investment,Personal,debt,call center,428914.07,1
5368a7a6-8011-11ea-9939-b88a60e194fb,transactionid:739562,crmid:6414621620,2020-03-20T22:05:09.000Z,transaction - mobile,prd1116,Everyday Checking,Checking,Personal,credit,broker,3233.92,1
536aa3a6-8011-11ea-96c1-b88a60e194fb,transactionid:224168,crmid:6255761982,2020-03-23T15:14:27.000Z,transaction - mobile,prd1094,Preferred Checking,Checking,Personal,credit,mobile,409286.59,1
536ca09c-8011-11ea-b360-b88a60e194fb,transactionid:423207,crmid:2583296213,2020-03-16T09:06:47.000Z,transaction - mobile,prd1028,CDs: 1 year,Investment,Personal,credit,mobile,4717.4,1
536f5e74-8011-11ea-a4a5-b88a60e194fb,transactionid:182787,crmid:9639569204,2020-03-29T22:18:43.000Z,transaction - mobile,prd1135,Student Loan,Loan,Personal,debt,mobile,359241.83,1
53713338-8011-11ea-abdb-b88a60e194fb,transactionid:115134,crmid:2078120254,2020-03-29T18:29:08.000Z,transaction - mobile,prd1113,Personal Loan,Loan,Personal,credit,call center,2231.57,1
5372e0de-8011-11ea-bcef-b88a60e194fb,transactionid:544996,crmid:4235798245,2020-03-20T21:10:16.000Z,transaction - mobile,prd1001,Personal Loan,Loan,Personal,credit,branch,3636.69,1
53752b30-8011-11ea-89ec-b88a60e194fb,transactionid:865002,crmid:2942541559,2020-03-18T18:37:33.000Z,transaction - mobile,prd1063,High Interest Savings,Savings,Personal,credit,call center,1958.36,1
53774ee8-8011-11ea-ad9f-b88a60e194fb,transactionid:282799,crmid:1441595968,2020-03-16T04:27:11.000Z,transaction - mobile,prd1155,CDs: 5 year,Investment,Personal,credit,call center,1578.84,1
537971d4-8011-11ea-923c-b88a60e194fb,transactionid:994151,crmid:7970410346,2020-03-20T19:07:02.000Z,transaction - mobile,prd1082,Mortgage Insurance,Insurance,Personal,credit,call center,3903.0,1
537af910-8011-11ea-b09e-b88a60e194fb,transactionid:519534,crmid:4845134342,2020-03-21T03:40:15.000Z,transaction - mobile,prd1167,Roth IRA,Retirement,Personal,credit,call center,1472.12,1
537cf2ee-8011-11ea-8d41-b88a60e194fb,transactionid:281126,crmid:6258245253,2020-03-29T00:20:29.000Z,transaction - mobile,prd1077,Roth IRA,Retirement,Personal,credit,broker,1760.03,1
537e7a88-8011-11ea-b334-b88a60e194fb,transactionid:780648,crmid:9239014739,2020-03-16T12:51:16.000Z,transaction - mobile,prd1057,Student Card,Credit Card,Personal,credit,call center,3185.84,1
53802838-8011-11ea-bb0e-b88a60e194fb,transactionid:336403,crmid:2586907002,2020-03-18T05:09:07.000Z,transaction - mobile,prd1169,Business Loan,Loan,Personal,credit,call center,2953.2,1
5381aef0-8011-11ea-9f04-b88a60e194fb,transactionid:264429,crmid:2731958326,2020-03-20T04:15:40.000Z,transaction - mobile,prd1049,Business Brokerage Account,Investment,Business,credit,broker,4317.55,1
53835c7e-8011-11ea-a0eb-b88a60e194fb,transactionid:407925,crmid:9703410613,2020-03-19T03:59:44.000Z,transaction - mobile,prd1095,529 College Savings,College Savings,Personal,credit,call center,2496.95,1
53850a38-8011-11ea-b2cf-b88a60e194fb,transactionid:760222,crmid:2717393715,2020-03-19T12:57:48.000Z,transaction - mobile,prd1006,Travel Card,Credit Card,Personal,close,call center,3256.93,1
5386b6e8-8011-11ea-bd61-b88a60e194fb,transactionid:918958,crmid:7549745133,2020-03-15T05:00:15.000Z,transaction - mobile,prd1074,Premium Checking,Checking,Personal,credit,ATM,3379.98,1
53888ba6-8011-11ea-8a9f-b88a60e194fb,transactionid:933970,crmid:8063828837,2020-03-25T13:31:23.000Z,transaction - mobile,prd1020,Everyday Savings,Savings,Personal,credit,call center,1800.99,1
538a1350-8011-11ea-9ffb-b88a60e194fb,transactionid:662379,crmid:9191201525,2020-03-24T20:02:46.000Z,transaction - mobile,prd1157,Brokerage Account,Investment,Personal,credit,call center,3252.19,1
538be850-8011-11ea-b320-b88a60e194fb,transactionid:376489,crmid:8673239276,2020-03-27T10:23:36.000Z,transaction - mobile,prd1117,Brokerage Account,Investment,Personal,credit,branch,3671.76,1
538d95fa-8011-11ea-886f-b88a60e194fb,transactionid:623895,crmid:9599212148,2020-03-29T20:57:13.000Z,transaction - mobile,prd1047,Mortgage: 10 yr Fixed,Mortgage,Personal,close,mobile,3111.65,1
538f4266-8011-11ea-a5b8-b88a60e194fb,transactionid:937172,crmid:6928198885,2020-03-28T19:57:47.000Z,transaction - mobile,prd1132,Rewards Savings,Savings,Personal,credit,ATM,4179.97,1
53913f80-8011-11ea-bfd4-b88a60e194fb,transactionid:663564,crmid:3536705355,2020-03-20T13:29:46.000Z,transaction - mobile,prd1192,Money Market Savings,Savings,Personal,credit,branch,4087.31,1
5392c634-8011-11ea-a680-b88a60e194fb,transactionid:924460,crmid:4203892707,2020-03-24T00:44:15.000Z,transaction - mobile,prd1033,Fixed Deposit,Investment,Personal,credit,call center,4568.72,1
539473d4-8011-11ea-9e00-b88a60e194fb,transactionid:880370,crmid:3971292555,2020-03-15T16:04:36.000Z,transaction - mobile,prd1161,Business Checking,Checking,Business,credit,call center,3283.62,1
53962180-8011-11ea-8052-b88a60e194fb,transactionid:328052,crmid:6488018064,2020-03-21T09:45:04.000Z,transaction - mobile,prd1192,Money Market Savings,Savings,Personal,debt,call center,2588.02,1
5397a7da-8011-11ea-a193-b88a60e194fb,transactionid:635036,crmid:2461436360,2020-03-19T02:36:07.000Z,transaction - mobile,prd1026,Mortgage: 5/1 ARM,Mortgage,Personal,credit,ATM,2816.2,1
539c3ab6-8011-11ea-bbd4-b88a60e194fb,transactionid:448691,crmid:2301433445,2020-03-27T04:24:03.000Z,transaction - mobile,prd1021,CDs: 5 year,Investment,Personal,credit,mobile,3757.0,1
539eab86-8011-11ea-ab02-b88a60e194fb,transactionid:140200,crmid:6267374136,2020-03-27T19:36:07.000Z,transaction - mobile,prd1011,Rewards Savings,Savings,Personal,credit,mobile,3085.71,1
53a0ce5e-8011-11ea-9556-b88a60e194fb,transactionid:731350,crmid:2225180283,2020-03-17T05:46:38.000Z,transaction - mobile,prd1137,Business Checking,Checking,Business,credit,call center,3057.23,1
53a31906-8011-11ea-94b6-b88a60e194fb,transactionid:574962,crmid:4759387064,2020-03-31T00:23:22.000Z,transaction - mobile,prd1165,Roth IRA,Retirement,Personal,credit,call center,2548.69,1
53a5b066-8011-11ea-a5c2-b88a60e194fb,transactionid:914570,crmid:3864054471,2020-03-19T21:32:40.000Z,transaction - mobile,prd1136,Student Savings,Savings,Personal,close,call center,2244.58,1
53a7ac48-8011-11ea-b527-b88a60e194fb,transactionid:140442,crmid:5216393056,2020-03-30T00:23:42.000Z,transaction - mobile,prd1084,Student Savings,Savings,Personal,credit,broker,3113.08,1
53a980fa-8011-11ea-8788-b88a60e194fb,transactionid:385374,crmid:4039265799,2020-03-27T09:55:34.000Z,transaction - mobile,prd1005,Everyday Savings,Savings,Personal,credit,ATM,424474.6,1
53ab55b4-8011-11ea-8b59-b88a60e194fb,transactionid:521198,crmid:4157582758,2020-03-22T05:10:42.000Z,transaction - mobile,prd1144,Home Equity Loan,Mortgage,Personal,credit,call center,1887.15,1
53ad2a70-8011-11ea-af82-b88a60e194fb,transactionid:555893,crmid:4064094668,2020-03-16T02:57:49.000Z,transaction - mobile,prd1122,Merchant Services Account,Merchant Services,Business,credit,broker,2866.58,1
53af2640-8011-11ea-b050-b88a60e194fb,transactionid:141479,crmid:2509580253,2020-03-24T13:48:38.000Z,transaction - mobile,prd1138,Money Market Savings,Savings,Personal,debt,mobile,3754.6,1
53b0fafa-8011-11ea-afda-b88a60e194fb,transactionid:665770,crmid:6576405283,2020-03-19T01:39:02.000Z,transaction - mobile,prd1094,Preferred Checking,Checking,Personal,credit,call center,4223.95,1
56963590-8012-11ea-bb62-b88a60e194fb,transactionid:744066,crmid:6241055053,2020-03-15T12:01:27.000Z,transaction - mobile,prd1020,Everyday Savings,Savings,Personal,debt,call center,303314.17,1
56999106-8012-11ea-876a-b88a60e194fb,transactionid:424668,crmid:9391804262,2020-03-24T00:58:12.000Z,transaction - mobile,prd1063,High Interest Savings,Savings,Personal,credit,broker,3452.22,1
569b8cac-8012-11ea-8102-b88a60e194fb,transactionid:266033,crmid:5891727210,2020-03-16T13:12:57.000Z,transaction - mobile,prd1040,High Interest Savings,Savings,Personal,credit,call center,4037.5,1
569d1338-8012-11ea-8ce4-b88a60e194fb,transactionid:159494,crmid:8215263147,2020-03-18T02:47:47.000Z,transaction - mobile,prd1123,Mortgage: 10 yr Fixed,Mortgage,Personal,close,broker,495115.67,1
569ee812-8012-11ea-8fba-b88a60e194fb,transactionid:595755,crmid:6839009329,2020-03-25T13:21:06.000Z,transaction - mobile,prd1004,Business Card,Credit Card,Business,credit,broker,3018.74,1
56a0bce2-8012-11ea-afeb-b88a60e194fb,transactionid:774544,crmid:6930994066,2020-03-16T20:30:38.000Z,transaction - mobile,prd1161,Business Checking,Checking,Business,credit,mobile,3321.28,1
56a21c7a-8012-11ea-a8cc-b88a60e194fb,transactionid:954954,crmid:4436026097,2020-03-17T09:54:51.000Z,transaction - mobile,prd1154,Mortgage: 30-yr Fixed,Mortgage,Personal,credit,broker,3700.1,1
56a37bc8-8012-11ea-a6d3-b88a60e194fb,transactionid:796664,crmid:7299721015,2020-03-19T15:25:05.000Z,transaction - mobile,prd1103,Business Card,Credit Card,Business,credit,broker,3318.63,1
56a66226-8012-11ea-81bf-b88a60e194fb,transactionid:372861,crmid:2471543605,2020-03-31T12:06:00.000Z,transaction - mobile,prd1157,Brokerage Account,Investment,Personal,credit,mobile,292560.46,1
56a836da-8012-11ea-b765-b88a60e194fb,transactionid:916359,crmid:2567743790,2020-03-21T09:18:07.000Z,transaction - mobile,prd1160,Platinum Card,Credit Card,Personal,credit,call center,2484.38,1
56a9be68-8012-11ea-9fa7-b88a60e194fb,transactionid:360533,crmid:9237948739,2020-03-29T00:32:44.000Z,transaction - mobile,prd1018,Auto Insurance,Insurance,Personal,credit,mobile,4513.69,1
56ab6b26-8012-11ea-8315-b88a60e194fb,transactionid:367086,crmid:8903515407,2020-03-17T15:10:38.000Z,transaction - mobile,prd1021,CDs: 5 year,Investment,Personal,credit,mobile,3779.89,1
56ad18ee-8012-11ea-802b-b88a60e194fb,transactionid:842943,crmid:8767491290,2020-03-29T13:59:37.000Z,transaction - mobile,prd1070,High Interest Savings,Savings,Personal,credit,call center,2965.84,1
56aea08a-8012-11ea-a13d-b88a60e194fb,transactionid:197055,crmid:7823984007,2020-03-17T02:04:52.000Z,transaction - mobile,prd1029,401k,Retirement,Personal,credit,call center,385735.51,1
56afff0a-8012-11ea-8ca9-b88a60e194fb,transactionid:320460,crmid:4779027643,2020-03-25T17:41:43.000Z,transaction - mobile,prd1100,Personal Loan,Loan,Personal,close,call center,2858.11,1
56b1fbde-8012-11ea-9b29-b88a60e194fb,transactionid:383988,crmid:3017973241,2020-03-19T15:08:16.000Z,transaction - mobile,prd1057,Student Card,Credit Card,Personal,credit,broker,542060.82,1
56b35a76-8012-11ea-ace2-b88a60e194fb,transactionid:438650,crmid:4873984178,2020-03-26T08:04:37.000Z,transaction - mobile,prd1136,Student Savings,Savings,Personal,credit,ATM,355798.1,1
56b4e112-8012-11ea-9543-b88a60e194fb,transactionid:601206,crmid:4265034234,2020-03-29T16:24:17.000Z,transaction - mobile,prd1067,Everyday Checking,Checking,Personal,close,ATM,2396.98,1
56b68ec6-8012-11ea-8229-b88a60e194fb,transactionid:659583,crmid:6738560043,2020-03-20T10:14:34.000Z,transaction - mobile,prd1038,Dividend Card,Credit Card,Personal,credit,call center,2580.59,1
56b863da-8012-11ea-913d-b88a60e194fb,transactionid:923339,crmid:4518277199,2020-03-28T06:17:43.000Z,transaction - mobile,prd1168,Auto Insurance,Insurance,Personal,credit,call center,563919.16,1
56ba121a-8012-11ea-ac6c-b88a60e194fb,transactionid:806507,crmid:4270528880,2020-03-24T15:20:41.000Z,transaction - mobile,prd1001,Personal Loan,Loan,Personal,credit,call center,4640.29,1
56bbbed4-8012-11ea-81e4-b88a60e194fb,transactionid:129649,crmid:4473484089,2020-03-25T23:49:40.000Z,transaction - mobile,prd1040,High Interest Savings,Savings,Personal,credit,call center,3264.03,1
56bd6c82-8012-11ea-9fd3-b88a60e194fb,transactionid:344827,crmid:5112205046,2020-03-29T12:40:19.000Z,transaction - mobile,prd1016,Homeowner's Insurance,Insurance,Personal,debt,ATM,4230.3,1
56bf4166-8012-11ea-b43b-b88a60e194fb,transactionid:906891,crmid:2440632353,2020-03-28T00:30:19.000Z,transaction - mobile,prd1125,Mortgage: FHA,Mortgage,Personal,credit,call center,476180.49,1
56c13dc6-8012-11ea-b64c-b88a60e194fb,transactionid:198963,crmid:2650652176,2020-03-30T22:18:09.000Z,transaction - mobile,prd1184,Fixed Deposit,Investment,Personal,credit,mobile,1686.73,1
56c2c4a4-8012-11ea-8784-b88a60e194fb,transactionid:344266,crmid:5669646402,2020-03-29T00:17:25.000Z,transaction - mobile,prd1167,Roth IRA,Retirement,Personal,credit,call center,2504.22,1
56c44a48-8012-11ea-94a3-b88a60e194fb,transactionid:548028,crmid:7384285409,2020-03-20T06:44:16.000Z,transaction - mobile,prd1167,Roth IRA,Retirement,Personal,debt,call center,1634.82,1
56c5f7fa-8012-11ea-961c-b88a60e194fb,transactionid:382722,crmid:3030907482,2020-03-22T08:46:40.000Z,transaction - mobile,prd1135,Student Loan,Loan,Personal,credit,mobile,2866.96,1
56c77ffa-8012-11ea-a9dd-b88a60e194fb,transactionid:568805,crmid:8454359129,2020-03-31T11:46:37.000Z,transaction - mobile,prd1057,Student Card,Credit Card,Personal,close,mobile,2763.34,1
56c8de38-8012-11ea-8896-b88a60e194fb,transactionid:601661,crmid:7562058119,2020-03-23T22:32:06.000Z,transaction - mobile,prd1167,Roth IRA,Retirement,Personal,credit,broker,3075.16,1
56ca3f06-8012-11ea-9aa3-b88a60e194fb,transactionid:140653,crmid:1041803211,2020-03-20T05:51:42.000Z,transaction - mobile,prd1163,Rewards Savings,Savings,Personal,credit,call center,3740.76,1
56cc13d2-8012-11ea-8953-b88a60e194fb,transactionid:535933,crmid:1451258403,2020-03-19T11:11:21.000Z,transaction - mobile,prd1195,Student Card,Credit Card,Personal,credit,mobile,428810.08,1
56cd9a5a-8012-11ea-96ed-b88a60e194fb,transactionid:521788,crmid:6149814036,2020-03-26T13:38:01.000Z,transaction - mobile,prd1030,401k,Retirement,Personal,credit,mobile,2606.22,1
56cf960a-8012-11ea-8657-b88a60e194fb,transactionid:677087,crmid:2921744892,2020-03-29T21:05:40.000Z,transaction - mobile,prd1108,401k,Retirement,Personal,credit,branch,4126.31,1
56d11c7a-8012-11ea-a76f-b88a60e194fb,transactionid:946093,crmid:5329898731,2020-03-29T06:25:58.000Z,transaction - mobile,prd1194,Preferred Checking,Checking,Personal,credit,call center,2191.83,1
56d2ca24-8012-11ea-8b7a-b88a60e194fb,transactionid:287866,crmid:8612764092,2020-03-21T06:23:56.000Z,transaction - mobile,prd1086,Auto Insurance,Insurance,Personal,credit,ATM,3643.12,1
56d428c2-8012-11ea-bc2e-b88a60e194fb,transactionid:137319,crmid:8139163183,2020-03-21T20:00:55.000Z,transaction - mobile,prd1128,High Interest Savings,Savings,Personal,credit,call center,2369.61,1
56d58942-8012-11ea-9139-b88a60e194fb,transactionid:562075,crmid:8757207692,2020-03-22T02:04:15.000Z,transaction - mobile,prd1145,Everyday Checking,Checking,Personal,credit,mobile,1995.63,1
56d6e8fa-8012-11ea-887e-b88a60e194fb,transactionid:142826,crmid:7263280682,2020-03-20T23:13:53.000Z,transaction - mobile,prd1014,CDs: 3 month,Investment,Personal,credit,mobile,740.06,1
56d86f70-8012-11ea-9526-b88a60e194fb,transactionid:331745,crmid:3292223869,2020-03-28T09:43:01.000Z,transaction - mobile,prd1180,529 College Savings,College Savings,Personal,credit,mobile,2957.62,1
56d9a7c8-8012-11ea-a0d2-b88a60e194fb,transactionid:619908,crmid:2795606496,2020-03-18T14:05:38.000Z,transaction - mobile,prd1108,401k,Retirement,Personal,credit,mobile,2047.55,1
56db7b9c-8012-11ea-9405-b88a60e194fb,transactionid:878319,crmid:5430053140,2020-03-20T06:26:14.000Z,transaction - mobile,prd1095,529 College Savings,College Savings,Personal,credit,call center,3815.31,1
56dcdb2c-8012-11ea-aca8-b88a60e194fb,transactionid:613545,crmid:6159043530,2020-03-17T13:55:13.000Z,transaction - mobile,prd1116,Everyday Checking,Checking,Personal,credit,mobile,3410.83,1
56de13a2-8012-11ea-b11a-b88a60e194fb,transactionid:535045,crmid:4981219277,2020-03-19T11:33:40.000Z,transaction - mobile,prd1178,Everyday Savings,Savings,Personal,credit,branch,5162.59,1
56dfc198-8012-11ea-8853-b88a60e194fb,transactionid:989526,crmid:9133370665,2020-03-23T05:09:06.000Z,transaction - mobile,prd1090,Business Checking,Checking,Business,credit,branch,3777.9,1
56e1bd1e-8012-11ea-9a28-b88a60e194fb,transactionid:766272,crmid:5481104909,2020-03-29T15:59:29.000Z,transaction - mobile,prd1121,Mortgage: 30-yr Fixed,Mortgage,Personal,credit,ATM,3290.03,1
56e31cae-8012-11ea-ac37-b88a60e194fb,transactionid:301248,crmid:3635905868,2020-03-26T17:10:34.000Z,transaction - mobile,prd1163,Rewards Savings,Savings,Personal,credit,call center,617.91,1
56e45524-8012-11ea-8532-b88a60e194fb,transactionid:746675,crmid:8589134959,2020-03-16T23:55:08.000Z,transaction - mobile,prd1084,Student Savings,Savings,Personal,credit,call center,2525.29,1
56e5dbc8-8012-11ea-8860-b88a60e194fb,transactionid:428219,crmid:2455118889,2020-03-23T09:09:52.000Z,transaction - mobile,prd1178,Everyday Savings,Savings,Personal,credit,call center,2441.43,1
56e76274-8012-11ea-82a9-b88a60e194fb,transactionid:513878,crmid:7604399968,2020-03-17T06:47:56.000Z,transaction - mobile,prd1090,Business Checking,Checking,Business,debt,mobile,3065.14,1
56e87528-8012-11ea-92be-b88a60e194fb,transactionid:772814,crmid:5996884555,2020-03-21T09:44:03.000Z,transaction - mobile,prd1029,401k,Retirement,Personal,credit,mobile,3018.56,1
56ea22dc-8012-11ea-9c82-b88a60e194fb,transactionid:643127,crmid:8377417067,2020-03-17T09:29:13.000Z,transaction - mobile,prd1130,Money Market Savings,Savings,Personal,credit,mobile,3102.57,1
56ec1e80-8012-11ea-84df-b88a60e194fb,transactionid:285216,crmid:7435435604,2020-03-23T01:56:11.000Z,transaction - mobile,prd1190,Premium Checking,Checking,Personal,credit,call center,3252.03,1
56ed56d0-8012-11ea-9206-b88a60e194fb,transactionid:648304,crmid:8482059071,2020-03-20T06:51:10.000Z,transaction - mobile,prd1043,Business Savings,Savings,Business,credit,call center,405129.77,1
56ef03c2-8012-11ea-afb1-b88a60e194fb,transactionid:667911,crmid:2032930750,2020-03-28T07:52:52.000Z,transaction - mobile,prd1033,Fixed Deposit,Investment,Personal,credit,broker,4960.76,1
56f21218-8012-11ea-baec-b88a60e194fb,transactionid:651832,crmid:2233926782,2020-03-19T19:31:17.000Z,transaction - mobile,prd1175,401k,Retirement,Personal,credit,ATM,2514.01,1
56f39786-8012-11ea-a2e9-b88a60e194fb,transactionid:840280,crmid:2215467146,2020-03-29T16:02:21.000Z,transaction - mobile,prd1067,Everyday Checking,Checking,Personal,credit,mobile,3921.29,1
56f5454c-8012-11ea-98c9-b88a60e194fb,transactionid:520678,crmid:3425094925,2020-03-25T10:02:10.000Z,transaction - mobile,prd1093,Money Market Savings,Savings,Personal,credit,call center,4385.22,1
56f6ccc2-8012-11ea-8024-b88a60e194fb,transactionid:246972,crmid:5041189192,2020-03-20T14:46:08.000Z,transaction - mobile,prd1165,Roth IRA,Retirement,Personal,credit,mobile,3079.74,1
56f82b4c-8012-11ea-a388-b88a60e194fb,transactionid:581463,crmid:5005659005,2020-03-29T09:00:20.000Z,transaction - mobile,prd1059,Platinum Card,Credit Card,Personal,credit,broker,356458.9,1
56f98bda-8012-11ea-aa39-b88a60e194fb,transactionid:749580,crmid:2147581353,2020-03-26T14:46:04.000Z,transaction - mobile,prd1079,Mortgage: 30-yr Fixed,Mortgage,Personal,credit,mobile,3222.68,1
56fb3a26-8012-11ea-9cff-b88a60e194fb,transactionid:372465,crmid:2087091085,2020-03-28T15:45:39.000Z,transaction - mobile,prd1163,Rewards Savings,Savings,Personal,credit,mobile,2883.16,1
56fcc018-8012-11ea-8233-b88a60e194fb,transactionid:940213,crmid:6208157195,2020-03-22T02:17:33.000Z,transaction - mobile,prd1115,Mortgage: VA,Mortgage,Personal,credit,call center,3947.45,1
56fe6dde-8012-11ea-bc9c-b88a60e194fb,transactionid:464384,crmid:5727940256,2020-03-26T09:55:06.000Z,transaction - mobile,prd1154,Mortgage: 30-yr Fixed,Mortgage,Personal,credit,call center,3542.54,1
570041cc-8012-11ea-bbfd-b88a60e194fb,transactionid:819099,crmid:3728417815,2020-03-21T02:19:31.000Z,transaction - mobile,prd1105,Homeowner's Insurance,Insurance,Personal,credit,branch,3141.07,1
57021674-8012-11ea-a760-b88a60e194fb,transactionid:150764,crmid:3043854812,2020-03-30T07:12:44.000Z,transaction - mobile,prd1166,Business Checking,Checking,Business,credit,call center,3758.38,1
5703eb3a-8012-11ea-8598-b88a60e194fb,transactionid:720717,crmid:7170867208,2020-03-21T08:55:43.000Z,transaction - mobile,prd1180,529 College Savings,College Savings,Personal,credit,call center,1585.44,1
570571c2-8012-11ea-ba1b-b88a60e194fb,transactionid:634204,crmid:5783806263,2020-03-22T03:30:54.000Z,transaction - mobile,prd1143,Travel Card,Credit Card,Personal,credit,call center,2411.76,1
57076e1a-8012-11ea-a0b9-b88a60e194fb,transactionid:524457,crmid:4466046181,2020-03-22T12:03:03.000Z,transaction - mobile,prd1040,High Interest Savings,Savings,Personal,debt,call center,413567.57,1
57091b4c-8012-11ea-8942-b88a60e194fb,transactionid:275880,crmid:6467656724,2020-03-21T14:29:14.000Z,transaction - mobile,prd1167,Roth IRA,Retirement,Personal,credit,call center,3145.16,1
570aca34-8012-11ea-8b79-b88a60e194fb,transactionid:368555,crmid:4666582611,2020-03-28T08:17:01.000Z,transaction - mobile,prd1136,Student Savings,Savings,Personal,debt,call center,3664.68,1
570c2986-8012-11ea-b551-b88a60e194fb,transactionid:824634,crmid:2032986617,2020-03-23T23:47:53.000Z,transaction - mobile,prd1156,Student Card,Credit Card,Personal,credit,mobile,3710.64,1
570dd728-8012-11ea-bfa9-b88a60e194fb,transactionid:478898,crmid:6864242638,2020-03-21T20:23:50.000Z,transaction - mobile,prd1137,Business Checking,Checking,Business,credit,call center,2708.33,1
570fab14-8012-11ea-a02b-b88a60e194fb,transactionid:743373,crmid:6260893608,2020-03-19T02:44:09.000Z,transaction - mobile,prd1128,High Interest Savings,Savings,Personal,debt,call center,2473.61,1
571180f6-8012-11ea-8528-b88a60e194fb,transactionid:278159,crmid:2437454899,2020-03-16T13:50:11.000Z,transaction - mobile,prd1122,Merchant Services Account,Merchant Services,Business,credit,mobile,2503.01,1
57132e62-8012-11ea-a11a-b88a60e194fb,transactionid:773599,crmid:8121997149,2020-03-24T03:27:25.000Z,transaction - mobile,prd1054,Personal Loan,Loan,Personal,credit,mobile,4294.34,1
5714dbf4-8012-11ea-98d6-b88a60e194fb,transactionid:219301,crmid:7863953305,2020-03-30T02:31:18.000Z,transaction - mobile,prd1129,Mortgage: 10/1 ARM,Mortgage,Personal,credit,ATM,3240.11,1
57163a94-8012-11ea-a5f6-b88a60e194fb,transactionid:836831,crmid:5120771977,2020-03-30T23:48:25.000Z,transaction - mobile,prd1058,Simplicity Card,Credit Card,Personal,credit,mobile,3064.11,1
5717e98a-8012-11ea-a439-b88a60e194fb,transactionid:401273,crmid:6038883884,2020-03-22T00:48:15.000Z,transaction - mobile,prd1191,Merchant Services Account,Merchant Services,Business,credit,ATM,2706.53,1
5719be76-8012-11ea-8db2-b88a60e194fb,transactionid:836450,crmid:2837056670,2020-03-27T02:50:59.000Z,transaction - mobile,prd1178,Everyday Savings,Savings,Personal,credit,call center,3152.01,1
571b44e8-8012-11ea-976d-b88a60e194fb,transactionid:371830,crmid:5196414217,2020-03-24T03:28:33.000Z,transaction - mobile,prd1161,Business Checking,Checking,Business,debt,call center,3402.72,1
571cf14a-8012-11ea-bae8-b88a60e194fb,transactionid:368691,crmid:5373011618,2020-03-30T07:25:43.000Z,transaction - mobile,prd1010,529 College Savings,College Savings,Personal,credit,call center,3372.6,1
571e51d4-8012-11ea-884b-b88a60e194fb,transactionid:614427,crmid:6957450439,2020-03-28T05:10:32.000Z,transaction - mobile,prd1185,Mortgage: FHA,Mortgage,Personal,credit,mobile,923.43,1
572025a6-8012-11ea-b0c7-b88a60e194fb,transactionid:565667,crmid:6201369900,2020-03-27T13:50:37.000Z,transaction - mobile,prd1092,Rewards Card,Credit Card,Personal,credit,call center,3059.34,1
5721fa5c-8012-11ea-80f6-b88a60e194fb,transactionid:950291,crmid:4697122436,2020-03-23T07:15:12.000Z,transaction - mobile,prd1157,Brokerage Account,Investment,Personal,credit,call center,527975.45,1
572380f6-8012-11ea-85df-b88a60e194fb,transactionid:369865,crmid:2073414543,2020-03-28T14:36:59.000Z,transaction - mobile,prd1118,Simplicity Card,Credit Card,Personal,debt,call center,4315.86,1
57252eae-8012-11ea-b9a2-b88a60e194fb,transactionid:266113,crmid:6697261958,2020-03-19T21:49:28.000Z,transaction - mobile,prd1066,Homeowner's Insurance,Insurance,Personal,credit,call center,4300.35,1
5726b528-8012-11ea-91c1-b88a60e194fb,transactionid:380271,crmid:3083482847,2020-03-29T06:48:03.000Z,transaction - mobile,prd1117,Brokerage Account,Investment,Personal,credit,branch,3785.43,1
57283d2c-8012-11ea-aa36-b88a60e194fb,transactionid:503128,crmid:3739915326,2020-03-28T11:50:20.000Z,transaction - mobile,prd1149,Auto Loan,Loan,Personal,credit,call center,3381.89,1
572a38ee-8012-11ea-a37e-b88a60e194fb,transactionid:848606,crmid:4399513539,2020-03-24T06:34:38.000Z,transaction - mobile,prd1150,Money Market,Investment,Personal,credit,broker,3146.13,1
572c818c-8012-11ea-92e7-b88a60e194fb,transactionid:643225,crmid:7627689361,2020-03-26T05:38:31.000Z,transaction - mobile,prd1075,Student Savings,Savings,Personal,credit,call center,2138.09,1
572eccda-8012-11ea-bceb-b88a60e194fb,transactionid:756278,crmid:1275003228,2020-03-27T06:54:47.000Z,transaction - mobile,prd1067,Everyday Checking,Checking,Personal,credit,broker,2575.02,1
57307a5e-8012-11ea-91b9-b88a60e194fb,transactionid:174695,crmid:7092492450,2020-03-23T21:30:53.000Z,transaction - mobile,prd1151,Mortgage: 10 yr Fixed,Mortgage,Personal,credit,mobile,2942.76,1
57324e02-8012-11ea-ac87-b88a60e194fb,transactionid:865195,crmid:1006158218,2020-03-29T08:54:18.000Z,transaction - mobile,prd1094,Preferred Checking,Checking,Personal,credit,mobile,2686.46,1
5733fbb4-8012-11ea-8d51-b88a60e194fb,transactionid:724864,crmid:2018688878,2020-03-21T17:31:06.000Z,transaction - mobile,prd1049,Business Brokerage Account,Investment,Business,debt,branch,2602.87,1
5735d076-8012-11ea-8c4d-b88a60e194fb,transactionid:765161,crmid:8328355536,2020-03-31T06:07:51.000Z,transaction - mobile,prd1146,529 College Savings,College Savings,Personal,close,broker,2912.91,1
57377e1c-8012-11ea-b164-b88a60e194fb,transactionid:742324,crmid:6020180730,2020-03-16T05:38:24.000Z,transaction - mobile,prd1122,Merchant Services Account,Merchant Services,Business,credit,mobile,293144.76,1
57392bd0-8012-11ea-84b1-b88a60e194fb,transactionid:811176,crmid:4170950477,2020-03-29T03:40:00.000Z,transaction - mobile,prd1129,Mortgage: 10/1 ARM,Mortgage,Personal,credit,ATM,2295.01,1
573b00a6-8012-11ea-b67d-b88a60e194fb,transactionid:244333,crmid:4994665437,2020-03-28T01:13:23.000Z,transaction - mobile,prd1138,Money Market Savings,Savings,Personal,credit,mobile,1824.15,1
573c871e-8012-11ea-8313-b88a60e194fb,transactionid:975372,crmid:7445066419,2020-03-26T14:04:31.000Z,transaction - mobile,prd1017,Merchant Services Account,Merchant Services,Business,credit,mobile,3132.66,1
573e845a-8012-11ea-8cdf-b88a60e194fb,transactionid:720077,crmid:6348117040,2020-03-17T10:18:07.000Z,transaction - mobile,prd1003,Premium Checking,Checking,Personal,credit,mobile,3635.17,1
573fbce8-8012-11ea-9078-b88a60e194fb,transactionid:979239,crmid:6784705813,2020-03-26T12:39:31.000Z,transaction - mobile,prd1178,Everyday Savings,Savings,Personal,credit,branch,2984.04,1
57416a66-8012-11ea-a3c7-b88a60e194fb,transactionid:458626,crmid:8014147553,2020-03-28T07:27:59.000Z,transaction - mobile,prd1193,Renter's Insurance,Insurance,Personal,credit,call center,3203.25,1
574316c6-8012-11ea-9ee5-b88a60e194fb,transactionid:773191,crmid:6197395762,2020-03-16T10:59:21.000Z,transaction - mobile,prd1033,Fixed Deposit,Investment,Personal,credit,broker,3634.48,1
5744c50c-8012-11ea-b60e-b88a60e194fb,transactionid:473483,crmid:8682934839,2020-03-22T05:06:00.000Z,transaction - mobile,prd1056,CDs: 5 year,Investment,Personal,credit,ATM,2658.36,1
57470e5a-8012-11ea-8272-b88a60e194fb,transactionid:120591,crmid:2959054544,2020-03-30T08:02:30.000Z,transaction - mobile,prd1185,Mortgage: FHA,Mortgage,Personal,credit,mobile,2850.08,1
57486dd8-8012-11ea-9a66-b88a60e194fb,transactionid:906094,crmid:1375188612,2020-03-19T05:59:13.000Z,transaction - mobile,prd1066,Homeowner's Insurance,Insurance,Personal,credit,mobile,385188.95,1
5749cd68-8012-11ea-8ea4-b88a60e194fb,transactionid:120936,crmid:5037101173,2020-03-29T00:38:19.000Z,transaction - mobile,prd1198,Critical Illness Insurance,Insurance,Personal,credit,branch,1898.2,1
574bc94a-8012-11ea-86e8-b88a60e194fb,transactionid:255708,crmid:8518562504,2020-03-25T04:14:08.000Z,transaction - mobile,prd1056,CDs: 5 year,Investment,Personal,credit,call center,2397.45,1
574d9df8-8012-11ea-98c9-b88a60e194fb,transactionid:393185,crmid:2601546317,2020-03-21T19:01:28.000Z,transaction - mobile,prd1147,Business Savings,Savings,Business,credit,mobile,3135.25,1
574f4bbe-8012-11ea-ab9b-b88a60e194fb,transactionid:783071,crmid:4928385310,2020-03-27T01:34:36.000Z,transaction - mobile,prd1180,529 College Savings,College Savings,Personal,credit,ATM,3710.69,1
