crmid,email,first_name,last_name,gender,mobile telephone,city,country,zip,state,street address,birthday
crmid:3684784506,beylic1908@gmail.com,Cleveland,Guy,,583-252-3805,Mount Juliet,United States,80737,California,1244 Rondel,1993-04-03
crmid:7601103244,coranto1999@outlook.com,Luciano,Hall,,699-774-0866,Tupelo,United States,43993,South Carolina,51 Ortega,1984-06-22
crmid:4946571296,lesbians2046@yahoo.com,Claud,Rodgers,,215-806-8785,Marshalltown,United States,80879,Florida,524 Short,1987-07-03
crmid:9398730229,anathemas1859@live.com,Honey,Fisher,female,160-524-1266,Pasco,United States,71481,Hawaii,1153 Campus,1961-04-10
crmid:9297479812,heteroploidy1844@yahoo.com,Azzie,Sampson,female,775-816-5908,Duncanville,United States,67745,New York,1223 Fuente,1956-10-02
crmid:9793333109,feels2013@yandex.com,Wilber,Craft,,073-881-3298,Mission,United States,44514,Arkansas,727 Lagunitas,1991-08-11
crmid:7359499864,cosmetic1818@yandex.com,Genevie,Sloan,female,472-328-6275,Port Chester,United States,58817,Arizona,946 Rio Verde,1995-03-29
crmid:3211332559,falchion1994@live.com,Florencio,Winters,,711-453-8980,Norfolk,United States,30669,Michigan,606 Oakdale,1998-07-06
crmid:5952129494,osmundaceae2057@outlook.com,Kalyn,Villarreal,female,059-664-1460,Rutherford,United States,29995,Vermont,981 Vallejo,1957-04-30
crmid:9370445010,ultrasonic1807@yahoo.com,Elvis,Adkins,,607-193-4801,Milwaukee,United States,54174,Utah,1 South,1991-10-08
crmid:7172809541,vibrative1975@yahoo.com,Moriah,Kane,female,841-988-6603,Del Rio,United States,33560,North Carolina,1203 Coso,1954-07-16
crmid:1007129167,drench1977@gmail.com,Avril,Cleveland,female,340-103-1010,Northglenn,United States,62192,Minnesota,637 Mark,1999-11-29
crmid:2289037962,career1921@gmail.com,Chadwick,Blackburn,,850-698-3780,Garner,United States,03602,Kansas,1051 Nantucket,1965-01-06
crmid:4338153486,award1971@outlook.com,Lyndia,Dickerson,female,260-979-8586,Clovis,United States,72853,Maine,1250 Sternberg,1948-06-08
crmid:3837911502,elastica1950@outlook.com,Terrence,Henson,,671-721-0660,Helena,United States,88464,Rhode Island,623 Lansing,1970-07-13
crmid:3723707077,cherly2059@yandex.com,Courtney,Hernandez,,994-381-9712,Lenexa,United States,35425,Idaho,788 Seawell,1982-06-18
crmid:6064245038,endoperidial1924@gmail.com,Joseph,Levine,,265-067-9613,St. Clair Shores,United States,54730,Kansas,787 Jansen,1993-08-03
crmid:1410612708,unfrequentable1866@gmail.com,Darren,Elliott,,102-365-9550,Wadsworth,United States,31929,Arkansas,268 London,1969-08-05
crmid:1744916286,fagottino1963@yandex.com,Margareta,O'neal,female,437-356-9171,San Luis Obispo,United States,16340,Kentucky,643 Crespi,1946-06-22
crmid:2442704960,lemur1978@yahoo.com,Otto,Howe,,570-337-8659,Garden Grove,United States,71641,Minnesota,1051 Pinar,1965-03-06
crmid:7877888180,crassula1803@live.com,Marlon,Burch,male,586-717-1639,Belmont,United States,34058,Tennessee,503 Rincon,1937-07-04
crmid:7880925576,superdistention2034@yandex.com,Sachiko,Donaldson,female,628-273-3922,Cooper City,United States,82343,Idaho,967 Hazelwood,1950-08-08
crmid:3506335214,ludicrous1888@outlook.com,Loren,Osborn,,823-555-2889,Keene,United States,34896,Mississippi,585 Esmeralda,1976-06-19
crmid:4479218944,coyle1978@gmail.com,Michal,Santana,,228-014-4130,Morgan Hill,United States,79727,Montana,470 Belgrave,1993-01-30
crmid:5030035991,suez2057@yahoo.com,Mauro,Malone,,334-944-4060,Lewiston,United States,14556,Tennessee,413 Merlin,1982-03-13
crmid:6547845849,faliscan1830@outlook.com,Lenard,Luna,,385-039-9348,Newton,United States,94754,Wisconsin,244 Ordway,1997-08-14
crmid:8622801955,labradoodle2068@gmail.com,Jay,Fletcher,,588-747-1834,Kissimmee,United States,82778,Maine,215 La Avanzada,1978-04-25
crmid:5770053882,wonderful1944@yahoo.com,Jerold,O'neill,male,506-441-0951,Baltimore,United States,23279,Connecticut,1007 Trader Vic,1935-05-22
crmid:7131554111,snapberry1928@live.com,Keitha,Workman,female,657-212-7533,Rochester,United States,62326,North Dakota,1277 Glen,1952-05-31
crmid:4034902763,pensionership1879@gmail.com,Doug,Norton,,072-739-6404,Imperial Beach,United States,88727,Texas,583 Coleman,1974-09-28
crmid:1386634632,misogamic2044@yandex.com,Annalisa,Rowland,female,109-764-9036,Vincennes,United States,17641,Alabama,799 Owen,1948-01-25
crmid:7112006014,thingumadoodle1858@live.com,Hannelore,Sanders,female,452-600-2714,University City,United States,17907,Ohio,891 Ridgewood,1951-04-26
crmid:3747148430,earrings2018@gmail.com,Oliva,Floyd,female,709-548-4051,Post Falls,United States,97230,Kansas,84 Randall,1960-12-13
crmid:4691401681,jenny1898@yahoo.com,Fernando,Pate,,101-630-4277,Maplewood,United States,20601,Georgia,119 Sonoma,1986-05-18
crmid:8899139231,ostraca1802@yahoo.com,Jessi,Clemons,female,680-882-2414,Urbandale,United States,11571,New Mexico,1143 Bay,1950-04-06
crmid:7104425268,seconds1870@outlook.com,Martin,Morton,,017-613-3494,Lynbrook,United States,18166,South Carolina,281 Mercury,1985-02-25
crmid:6808593370,cayuga2022@gmail.com,Whitney,Valentine,,169-020-5224,Kennewick,United States,99933,Oregon,966 Barry,1977-11-29
crmid:9187151087,coregonus1861@yahoo.com,Mauro,Mcpherson,,698-480-7548,Oakdale,United States,82775,New Hampshire,338 Cordova,1980-04-19
crmid:7686760473,invised1937@yahoo.com,Indira,Tate,female,847-658-8206,Fairfield,United States,67882,Nevada,1018 East,1961-11-23
crmid:3837911502,despiteously1867@yahoo.com,Francis,Stephens,,526-076-8983,Sacramento,United States,55957,Mississippi,1126 Cypress,1995-08-19
crmid:9208890373,donatistical1928@live.com,Toshiko,Lopez,female,828-690-2214,Cutler Bay,United States,97594,Kentucky,826 Quincy,1952-10-24
crmid:6099322377,industry1814@outlook.com,Justin,Gutierrez,,202-805-2416,Kankakee,United States,02366,North Dakota,1249 Avenue B,1976-01-17
crmid:8453529243,arsenium1925@outlook.com,Kacie,Rojas,female,280-018-2501,Eugene,United States,28822,New York,125 Auburn,1960-04-25
crmid:6274043844,unicotyledonous1984@gmail.com,Leandro,Nixon,,677-883-2628,Moline,United States,22678,Mississippi,680 Reed,1992-04-06
crmid:1164962720,gerbil2040@yahoo.com,Joesph,Greer,,375-334-2675,Warwick,United States,23367,Arizona,344 Molimo,1965-02-12
crmid:1782594862,ruttily1809@outlook.com,Herb,Levy,,941-699-3349,Kalamazoo,United States,85295,Arizona,560 Pershing,1976-03-17
crmid:9570776018,pointer1900@outlook.com,Collin,Price,male,745-993-0268,Seminole,United States,01579,Vermont,470 Pfeiffer,1936-02-24
crmid:8386574733,deathweed2057@live.com,Gus,Love,,560-283-0667,St. Louis,United States,79224,Arkansas,1143 Sumner,1975-08-08
crmid:9756454573,booking2038@yandex.com,Chas,Vargas,male,210-213-6286,Ventura,United States,09650,Nevada,131 Clarion,1940-02-29
crmid:3084001229,adorer2036@gmail.com,Shantae,Bass,female,103-887-8421,Converse,United States,59084,Delaware,966 Acacia,1950-10-22
crmid:9228601607,schematic1978@yahoo.com,Dennis,Spencer,,489-389-5914,Morgan Hill,United States,10838,Virginia,1271 Pueblo,1993-04-14
crmid:1600252631,raccoon2051@outlook.com,Shonna,Campos,female,999-947-4955,Delray Beach,United States,45528,Nebraska,887 Juanita,1954-08-05
crmid:8187408157,donal1964@live.com,Ernie,Reyes,,989-771-1539,Hazelwood,United States,60195,Massachusetts,218 Montgomery,1970-11-11
crmid:1309581304,counterdistinct1809@yandex.com,Jonah,Gould,,837-032-6895,Hilliard,United States,00321,Alaska,7 Earl,1972-02-15
crmid:7776141009,abortive1949@live.com,Harvey,Lynch,,917-045-4950,Greenbelt,United States,79024,Maryland,1264 Landers,1968-06-01
crmid:7355401367,eurytropic1807@live.com,Julio,Wolf,,393-138-2522,Nashua,United States,77123,Utah,32 South Van Horn,1995-12-12
crmid:2550943435,ayatollah1840@yahoo.com,Fritz,Cash,male,121-962-1171,Redding,United States,08716,Kentucky,1088 Romain,1940-12-08
crmid:7528069839,matutinary2055@yahoo.com,Irving,Bennett,male,868-240-9960,Palo Alto,United States,00648,Rhode Island,445 Pino,1932-05-02
crmid:9612813056,dieri1947@gmail.com,Lorenzo,Harris,male,149-896-3587,Scottsdale,United States,03178,Massachusetts,751 Marshall,1941-06-13
crmid:7043355142,pulselessness1840@outlook.com,Donny,Gaines,,709-539-1314,Selma,United States,93013,Kentucky,517 Calvert,1970-02-02
crmid:8425196110,undistinguished1991@yandex.com,Herbert,Douglas,,831-164-2005,West Linn,United States,29362,Iowa,767 Ahern,1962-04-13
crmid:2905290631,vocationalism2056@live.com,Hollis,Clay,female,732-445-8592,Sumter,United States,11055,Maryland,950 Security Pacific,1954-04-06
crmid:7219866886,fifes2030@yandex.com,Silas,Rios,,114-678-1927,Terrell,United States,21872,New Hampshire,1218 Fortuna,1968-07-05
crmid:6267811088,adaptive1880@gmail.com,Dante,Barry,,337-019-9761,Murray,United States,89385,South Dakota,90 Crescent,1994-12-11
crmid:8219105177,extraneous2002@yandex.com,Emely,Donovan,female,397-274-2055,Conroe,United States,52994,South Dakota,836 Naylor,1950-09-05
crmid:1705539023,cogitate2049@outlook.com,Ronnie,Carlson,male,161-207-0641,Ridgewood,United States,04541,Texas,819 Fisher,1938-08-05
crmid:3928595338,alchimy1960@gmail.com,Geraldo,Ewing,,659-795-8660,Moorpark,United States,12720,Massachusetts,1144 Broad,1993-03-27
crmid:5454474245,handbasket1997@outlook.com,Milton,Branch,,601-473-9603,Sugar Hill,United States,59184,Wisconsin,789 Chancery,1997-07-30
crmid:4189408347,damaris2025@yandex.com,Ray,Deleon,,315-821-4247,Wichita,United States,62229,Rhode Island,1133 Roach,1985-05-19
crmid:1404550047,nonimposition2005@outlook.com,Eli,Shannon,male,631-617-7191,Berkeley,United States,78692,Illinois,1041 Lindsay,1938-12-06
crmid:4069353125,raias2022@gmail.com,Bernard,Rogers,male,901-633-0037,Port Chester,United States,67870,Texas,77 Miller,1941-01-25
crmid:1220687213,jeoparding1889@yandex.com,Earl,Jarvis,,577-467-5936,Holyoke,United States,22117,Ohio,842 Walnut,1972-04-29
crmid:8724943252,takeaway1897@yandex.com,Janiece,Cardenas,female,421-276-2675,Euclid,United States,21698,Indiana,543 Roosevelt,1960-04-05
crmid:3362727440,doused1865@outlook.com,Omar,Ware,male,642-315-1320,Wilmette,United States,19610,Missouri,552 Roosevelt,1945-07-30
crmid:5053918582,anaesthetic1824@outlook.com,Marquis,Dunn,,059-139-8815,Moraga,United States,34350,Alabama,1198 Powers,1993-06-29
crmid:9848839322,births1997@live.com,Isidra,Pena,female,706-509-2124,Vineland,United States,92242,Arkansas,301 Bird,1958-04-23
crmid:8553492188,shearwater1976@yahoo.com,Alberto,Pace,male,503-318-2795,Vicksburg,United States,16930,New York,666 Birchwood,1944-01-22
crmid:7475863928,coulter1947@outlook.com,Dudley,Reynolds,,802-503-6522,Mount Clemens,United States,25672,Maine,926 Kobbe,1993-04-30
crmid:5472641975,repair2032@yahoo.com,Sol,Howe,,281-126-7863,Winston-Salem,United States,40849,Michigan,931 Kinzey,1993-06-03
crmid:4334781269,malpractice1895@yahoo.com,Barry,Decker,male,176-400-8597,Pueblo,United States,60296,Idaho,1380 Fern,1930-01-08
crmid:2987522093,headship2028@gmail.com,Son,Ryan,,717-538-4339,Iowa City,United States,08450,Indiana,1050 Roscoe,1974-01-20
crmid:9546944591,solver2063@live.com,Man,Mejia,male,098-188-1432,Carrboro,United States,85382,Connecticut,232 Transbay Loop,1944-07-20
crmid:8123978865,kooks1890@yahoo.com,Owen,Blake,,706-238-6187,Gahanna,United States,64370,California,161 Eve,1964-11-28
crmid:5918614716,bred1919@outlook.com,Lino,Fitzpatrick,,084-604-7385,Miami Lakes,United States,13397,Utah,191 Harrison,1990-03-12
crmid:4676014222,science1942@yahoo.com,Katherina,Burns,female,272-029-1149,Chicago Heights,United States,23227,Illinois,944 Amatury,1947-05-04
crmid:4700033999,didus1882@live.com,Lakiesha,Benjamin,female,145-294-2046,Durant,United States,24840,North Carolina,1020 Hayes,1956-05-02
crmid:7830512614,bitter2033@live.com,Bryce,Malone,,628-114-2386,Milledgeville,United States,28870,Washington,414 Sacramento,1991-05-18
crmid:1150073383,kilograin1886@yahoo.com,Stepanie,Garza,female,549-941-0832,Cleburne,United States,43154,Alabama,916 Turner,1948-08-11
crmid:5027751934,burian1974@yahoo.com,Chad,Berger,,154-912-2837,Meriden,United States,43904,Tennessee,785 Cordelia,1989-07-30
crmid:7405605668,fairish2034@outlook.com,Shirley,Jacobs,,164-850-8796,Lynwood,United States,30596,Alabama,1319 Dunshee,1985-06-15
crmid:6992736377,athene1954@outlook.com,Felix,Casey,,529-196-8164,Iowa City,United States,80497,Georgia,93 Vicente,1974-12-03
crmid:5484648153,strongboxes1855@live.com,Antonetta,Marsh,female,937-894-1711,West New York,United States,87045,Alaska,802 Barry,1951-01-18
crmid:2900016733,cowhand1951@yahoo.com,Cletus,Casey,,287-370-2648,Santa Ana,United States,83311,Massachusetts,1292 Laskie,1979-11-13
crmid:8935892602,peery1801@gmail.com,Sterling,Barrett,male,087-832-9894,Altus,United States,58134,New York,725 Horace,1932-09-02
crmid:1494816578,volvas1976@gmail.com,Kerry,Wilder,,928-905-1052,Rochester,United States,95825,Utah,640 College,1962-04-10
crmid:5268228207,reservery1958@yahoo.com,Augustine,Blankenship,male,541-426-3385,University Park,United States,50373,South Dakota,850 Regent,1942-01-03
crmid:4508962297,averardo1973@live.com,Sydney,Watts,,178-007-6741,McHenry,United States,92469,Mississippi,824 Mcrae,1988-02-09
crmid:5674159824,delawn1994@yandex.com,Palmer,Clark,,744-480-6936,Littleton,United States,20413,West Virginia,991 San Buenaventura,1983-05-14
crmid:6691660268,stationmaster2009@yandex.com,Santo,Richmond,,618-765-4744,Forest Lake,United States,91275,South Carolina,1073 El Polin,1962-03-13
crmid:6457376892,batara1931@gmail.com,Elenora,Mcpherson,female,571-750-0231,South Plainfield,United States,18101,Kentucky,710 Upton,1946-10-05
crmid:8360331943,parorchis1857@yahoo.com,Antony,Hughes,,313-089-5641,New Castle,United States,97120,Maine,230 Kearny,1996-11-24
crmid:3968719267,decimate1877@yandex.com,Chris,Bass,,142-127-6184,McKeesport,United States,64150,Vermont,931 Dublin,1988-11-25
crmid:8873453732,esq2004@outlook.com,Ian,Buckley,male,825-495-4624,Bremerton,United States,28319,North Dakota,78 Timothy Pflueger,1941-05-04
crmid:6047809491,entad1864@yandex.com,Fleta,Morin,female,330-573-8614,Spanish Fork,United States,21113,Montana,1049 Castro,1961-12-06
crmid:2126101398,immigrating1977@yandex.com,Argelia,Kerr,female,164-952-8664,Davis,United States,56453,Massachusetts,1095 Ellsworth,1953-10-20
crmid:3131808543,allida2003@gmail.com,Hung,Neal,male,936-572-2215,Redondo Beach,United States,52038,Virginia,599 Marston,1996-01-09
crmid:9432473593,annale1831@yahoo.com,Jermaine,Adams,,013-560-4978,McMinnville,United States,28728,Mississippi,1259 Cesar Chavez,1988-04-27
crmid:6685271512,immun2011@yandex.com,Lorenzo,Terry,,179-471-6776,Mandan,United States,18873,Wyoming,556 Dr Carlton B Goodlett,1986-03-06
crmid:1846853003,hayforks2038@live.com,Royce,Rollins,male,147-343-3213,Tamarac,United States,04934,Kansas,813 Flora,1933-08-25
crmid:9724109473,postscapular2013@outlook.com,Lowell,Potter,,020-593-9118,Milledgeville,United States,40367,Nebraska,108 Maywood,1991-08-07
crmid:8190476568,cutthroat2064@yandex.com,Greg,Mckay,,315-061-9350,Joliet,United States,03595,Missouri,1047 Fair,1976-02-18
crmid:5030035991,watersoaked1830@yahoo.com,Stephen,Hernandez,,943-566-1584,New Bern,United States,48664,Michigan,98 Bonview,1996-07-03
crmid:1034872349,dinny1926@outlook.com,Yan,Houston,female,417-270-0855,Delray Beach,United States,56574,Indiana,524 Kinzey,1954-09-14
crmid:6886271715,brachial2056@yahoo.com,Tyrell,Holcomb,male,862-217-7155,Saratoga Springs,United States,07425,Mississippi,201 H,1938-09-14
crmid:7992582585,falchion1894@live.com,Forrest,Cameron,,725-861-2841,Huntersville,United States,65813,Delaware,1073 Kiska,1973-11-15
crmid:4759533634,sympathetoblast1914@gmail.com,Francoise,Lowe,female,090-093-5539,East Moline,United States,10209,Alabama,229 Carson,1957-03-18
crmid:9997596390,peachen1908@outlook.com,Kevin,Booker,,502-059-0687,Port Angeles,United States,37239,Alabama,117 Gilroy,1977-05-25
crmid:9675552736,redias2022@yandex.com,Cole,Stanley,male,479-421-4770,Attleboro,United States,12687,Illinois,892 Dukes,1934-02-28
crmid:2839743085,placebos2014@outlook.com,Andy,Stark,,923-565-2196,Shoreview,United States,73675,Texas,1156 Arthur,1976-11-30
crmid:2304782850,sphenoidal2050@yahoo.com,Kiersten,Beck,female,863-136-3516,North Lauderdale,United States,81528,North Carolina,1344 Wright,1998-12-06
crmid:4339728099,unstaled2045@yandex.com,Orval,Gonzales,,455-027-6028,Santa Clara,United States,37373,Tennessee,977 Sherman,1977-02-24
crmid:3069836956,cosimo1918@yandex.com,Loris,Hensley,female,533-865-4962,Chattanooga,United States,84142,Pennsylvania,130 Norfolk,1946-06-13
crmid:1400774589,abalone1830@live.com,Reggie,Chavez,,800-069-4270,Goldsboro,United States,14467,Colorado,44 Coleridge,1967-03-22
crmid:7130461057,diktat2066@yahoo.com,Jeremy,Hurley,,789-791-6556,Phoenix,United States,66398,Wyoming,924 Laurel,1968-11-12
crmid:8340504517,clemens1980@live.com,Rickie,Swanson,male,513-377-9308,Agoura Hills,United States,98471,Hawaii,955 Owen,1930-08-28
crmid:4427779280,evened1927@live.com,Laverne,Dillon,,387-497-7481,Lumberton,United States,66529,Oregon,711 Red Leaf,1985-12-31
crmid:8107395597,landshard2017@yandex.com,Gracia,Wong,female,877-178-3683,Champlin,United States,99388,Washington,175 Executive Park,1946-03-31
crmid:9059609445,deputes2050@yandex.com,Lorenzo,Davenport,,333-949-1829,Wentzville,United States,33782,Maine,461 Southern Heights,1977-05-10
crmid:4126257940,annum1883@yandex.com,Anthony,Snow,female,758-724-3083,Mountain Brook,United States,28913,Wisconsin,1367 Zampa,1994-04-01
crmid:1343549689,paterero1916@live.com,Maisha,Serrano,female,484-589-9708,Country Club Hills,United States,98349,Iowa,947 Hearst,1951-06-26
crmid:8463632020,apraxia1840@live.com,Chassidy,Lopez,female,603-854-4883,Opelousas,United States,57520,Rhode Island,46 Oshaughnessy,1995-04-25
crmid:1278648285,tastier1807@yandex.com,Bronwyn,Wall,female,486-929-1290,Compton,United States,77914,New Jersey,1291 Orizaba,1949-01-30
crmid:3096476829,chrisman1907@yahoo.com,Grant,O'neil,,404-270-3354,New Rochelle,United States,37264,Colorado,488 Polk,1996-06-11
crmid:8512281498,neogamous2050@yandex.com,Huey,Bailey,male,636-104-9926,Bartlesville,United States,21615,North Carolina,46 Cochrane,1936-05-01
crmid:3068003935,administrate1818@yandex.com,Stormy,Alvarado,female,676-066-1080,Daytona Beach,United States,48186,Washington,1324 Hugo,1953-08-01
crmid:7731223554,synaxes1873@yandex.com,Chanelle,Benson,female,171-287-5310,Salt Lake City,United States,20966,Arizona,719 Everglade,1958-02-02
crmid:5369358872,pyruloid1849@yandex.com,Fredrick,Turner,,543-315-6135,Louisville,United States,74228,South Carolina,968 Towerside,1984-12-13
crmid:1633166430,swankiness2037@yahoo.com,Kareen,Casey,female,743-575-9692,Tampa,United States,11247,Nevada,1179 Olmstead,1953-04-05
crmid:6698824433,distinctive1869@gmail.com,Albert,Espinoza,,993-232-1339,Lino Lakes,United States,89559,Maryland,544 Alhambra,1983-11-18
crmid:9489875040,aucan1881@live.com,Harlan,Boone,,809-972-4909,Flagstaff,United States,30081,Arizona,612 Salinas,1962-06-16
crmid:3161880976,torpor1842@yandex.com,Tarah,Orr,female,514-793-0419,Rutherford,United States,81741,Washington,236 Capra,1953-10-16
crmid:4107211058,ether1876@gmail.com,Eura,Daniel,female,766-988-9471,North Lauderdale,United States,77211,West Virginia,1364 Bronte,1998-12-05
crmid:8135294470,unspecific1934@gmail.com,Zita,Blanchard,female,327-616-2608,Denver,United States,75652,Montana,532 Cityview,1954-12-23
crmid:9577504415,ruptuary1925@yahoo.com,Chris,Craft,,702-545-5682,Nicholasville,United States,23692,Alaska,1090 Hillside,1997-05-14
crmid:7884742293,cequi2039@outlook.com,Krystina,Whitfield,female,172-866-9875,Corvallis,United States,69103,Montana,183 Hester,1951-11-09
crmid:1635196122,aquatic1887@gmail.com,Darryl,Bolton,male,561-202-9221,Belle Glade,United States,18953,Virginia,643 Duncan,1937-03-03
crmid:8090340184,brynn2050@yandex.com,Walton,Hurley,,810-553-6667,Romeoville,United States,81141,Utah,1251 Southwood,1991-03-12
crmid:7213050129,cinque2070@yahoo.com,Raye,Kirk,female,055-619-2445,Conroe,United States,42505,North Dakota,190 Greenwich,1950-07-16
crmid:4401682691,solitude1938@yandex.com,Horace,Coffey,male,736-518-3397,Camas,United States,22556,West Virginia,1316 Fanning,1943-05-06
crmid:2387887572,unpinched2063@gmail.com,Deshawn,Combs,,204-695-1489,Lynn,United States,08184,Louisiana,176 Gillette,1985-01-15
crmid:6726595531,incognitos2004@outlook.com,Duane,Snow,,937-592-3886,Garden Grove,United States,68195,Oregon,361 Parker,1965-12-02
crmid:4150930444,behalf1907@outlook.com,Anthony,Leach,,519-958-6073,New London,United States,97320,Oregon,429 Van Buren,1996-11-23
crmid:6009460781,pseudosquamate1886@live.com,Marquis,Sellers,,733-404-6544,National City,United States,69753,New Mexico,345 Perine,1995-11-28
crmid:3933611692,liger2055@outlook.com,Perry,Vaughn,,893-037-2263,Placentia,United States,37969,New Hampshire,608 Kensington,1981-11-23
crmid:7458503278,stowps1866@gmail.com,Kent,Copeland,,058-557-2250,St. Matthews,United States,86330,Tennessee,568 Cunningham,1976-11-09
crmid:4386967878,debride1926@yandex.com,Keneth,Barry,male,069-705-1565,Cape Coral,United States,60612,Arizona,663 Alvord,1944-11-11
crmid:5463093641,engravers1903@live.com,Alvaro,Castaneda,,663-950-5689,Great Falls,United States,39813,Virginia,1141 Gallagher,1968-07-20
crmid:5331276470,haspspecs1961@outlook.com,Boyce,Morton,,903-157-8087,Gadsden,United States,91965,New York,11 Crestwell,1964-04-08
crmid:6620532157,chemotherapeutics1810@outlook.com,Emmett,Cooley,male,825-562-8330,Barberton,United States,61733,Rhode Island,178 Kenneth Rexroth,1936-11-07
crmid:7890128225,ox1859@yahoo.com,Lyla,Chan,female,122-959-2460,Southlake,United States,79889,Massachusetts,240 Bannock,1946-10-29
crmid:3016784058,bromes1838@live.com,Roberto,Guerrero,male,036-096-2863,Caledonia,United States,48100,Montana,180 Cedar,1943-08-12
crmid:2109428631,outspanning1818@live.com,Tommie,Kline,,709-878-1189,Gillette,United States,29547,Wisconsin,520 Chase,1966-05-29
crmid:7198298472,exacta1902@gmail.com,Ike,Vaughn,,198-296-7805,Temple Terrace,United States,25632,Washington,55 Jean,1966-09-02
crmid:2302113434,anemony1997@live.com,Mee,Patton,female,161-897-6821,East Providence,United States,86793,Nebraska,293 Craut,1957-06-23
crmid:1056872319,undiscernibly1967@yandex.com,Jerry,Prince,male,481-377-7793,Rancho Cordova,United States,07437,New Jersey,569 Coleman,1941-05-24
crmid:4582328347,marten1939@live.com,Ricky,Price,male,455-883-6994,Bethel Park,United States,44670,Tennessee,40 View,1938-08-24
crmid:3406506507,simmer1854@outlook.com,Refugio,Malone,male,937-653-2149,Orland Park,United States,05430,New Hampshire,1195 Hermann,1930-08-18
crmid:3299255205,agdistis1900@yahoo.com,Jayson,Mclean,,806-982-5678,San Pablo,United States,32231,Michigan,78 Music Concourse,1975-08-08
crmid:3322150813,overlow1989@yahoo.com,Art,Parrish,,560-944-7733,Lauderhill,United States,13676,Missouri,45 Colin,1981-03-13
crmid:6928083595,histotrophic1982@yahoo.com,Angila,Mann,female,386-732-0043,Portage,United States,10233,New Mexico,798 Mckinley,1946-09-01
crmid:4785824724,brogan1846@outlook.com,Ferdinand,Kramer,male,329-975-4901,Pampa,United States,02503,Louisiana,978 Emerald,1940-11-07
crmid:6316544599,bedlamic2028@outlook.com,Leandro,Orr,,565-878-0726,Lynn,United States,96803,Virginia,302 Rose,1985-11-21
crmid:2178046712,proteose2024@gmail.com,Kevin,Skinner,,928-588-8831,Northglenn,United States,38186,New Hampshire,574 Saint Josephs,1999-06-14
crmid:7785384963,desistance1996@gmail.com,Michale,Holcomb,male,684-081-3674,Anacortes,United States,46589,South Dakota,644 Metson,1932-07-14
crmid:2255515840,boother1913@gmail.com,Delbert,Contreras,,696-609-3112,North Miami,United States,49217,Washington,1268 Burke,1998-08-26
crmid:1899181076,increaseful1847@gmail.com,Ariel,Chandler,male,661-599-0847,Central Falls,United States,00767,Kansas,387 Vista View,1945-01-06
crmid:8507715393,indisciplinable1813@yahoo.com,Eli,Wagner,,182-083-5725,Gahanna,United States,55112,South Carolina,1315 Yacht,1964-09-28
crmid:8421374120,forgotten1931@yandex.com,Clay,Boone,,119-364-1913,Fort Dodge,United States,14062,Georgia,366 Terra Vista,1963-03-14
crmid:2167208341,arundo1965@yandex.com,Jamel,Rice,male,571-234-9532,Bixby,United States,67211,Rhode Island,1167 Manor,1939-11-28
crmid:1002387514,erroll2042@gmail.com,Tempie,Cohen,female,833-345-5773,Easton,United States,64816,Wyoming,1083 Missouri,1957-11-28
crmid:3497188080,outmantle2009@live.com,Lenna,Hinton,female,822-702-2413,Christiansburg,United States,84842,Maryland,614 Crespi,1947-05-14
crmid:1888515899,goalkeeping1910@yahoo.com,Blair,Norman,,893-219-7963,Round Lake Beach,United States,89662,Texas,1332 Islais,1988-11-15
crmid:3804745948,apolline2003@yandex.com,Setsuko,Cochran,female,148-114-2467,Des Moines,United States,47704,Ohio,339 Clinton,1954-08-06
crmid:3326796809,computerise1826@live.com,Randal,Williamson,,474-122-8401,Grayslake,United States,44940,New York,224 Phoenix,1968-08-03
crmid:8390867729,alkyds2028@outlook.com,Myles,Rodriguez,male,955-634-1553,Brooklyn Center,United States,48949,North Carolina,1202 Mission,1942-07-25
crmid:2449706994,whigling1884@yahoo.com,Romeo,Noble,,812-871-3360,Greeley,United States,25669,Hawaii,381 Lori,1968-04-10
crmid:2604222711,memoir1893@yandex.com,Tad,Velez,,952-001-3578,Garfield Heights,United States,26379,Florida,373 Parsons,1965-04-20
crmid:2981234383,chihuahua2022@outlook.com,Hung,Galloway,,725-741-0353,Fort Worth,United States,07376,Nevada,519 Chestnut,1963-02-06
crmid:6363402674,dories1964@gmail.com,Yolande,Bullock,female,484-052-5237,Eagan,United States,58053,New Hampshire,363 Calvert,1956-09-04
crmid:8605188902,dosanjh1893@outlook.com,Detra,Houston,female,594-077-5522,Newport News,United States,95915,Idaho,1216 Constanso,1997-10-07
crmid:9525858329,workaholics2020@gmail.com,Eli,Schultz,,904-979-5747,Leesburg,United States,84118,South Dakota,915 Red Leaf,1982-08-05
crmid:2387887572,mastoid1800@live.com,Ileen,Ryan,female,268-347-9335,Santa Maria,United States,92353,Texas,1213 Ogden,1946-04-26
crmid:7742264747,childhood1919@yandex.com,Glen,Kaufman,,711-253-5898,Maple Grove,United States,86594,Kansas,820 Harriet,1986-01-22
crmid:9727750519,darker1891@outlook.com,Donn,Dawson,,271-633-6998,Jackson,United States,59927,Georgia,1026 Graystone,1975-10-09
crmid:7081498187,crinoid1951@yahoo.com,Javier,Lindsay,,400-795-7098,Lebanon,United States,05232,Missouri,1269 Rio,1981-01-31
crmid:1021545776,balas1986@yandex.com,Sergio,Melendez,,772-884-9833,Hollywood,United States,42572,Mississippi,226 Saint Francis,1972-08-31
crmid:4473800043,depicting2052@live.com,Johnnie,Kane,,164-684-7123,Marietta,United States,34644,New York,466 De Haro,1987-06-14
crmid:7114663638,pretranscription1854@yahoo.com,Trent,Phelps,,787-829-9699,Gillette,United States,51517,Delaware,485 Cleo Rand,1966-09-21
crmid:4679885688,fabulously1814@live.com,Quincy,Evans,,348-586-7810,Matthews,United States,78929,Alaska,833 Melra,1988-12-11
crmid:7992955674,vegetation1958@outlook.com,Francesco,Alston,,544-742-7472,Fort Wayne,United States,82207,Utah,635 Timothy Pflueger,1963-05-04
crmid:2370730930,seining2049@yahoo.com,Rufina,Sargent,female,317-722-3934,Fairmont,United States,77193,Georgia,461 Miller,1961-07-26
crmid:4605765076,tinkle1815@yandex.com,Charley,Moran,,244-253-4825,Laguna Niguel,United States,73964,Wisconsin,265 Greenwich,1979-06-11
crmid:1280710144,baboon1969@yahoo.com,Regenia,Fernandez,female,361-576-5794,Cuyahoga Falls,United States,42336,Georgia,1055 Phelan,1952-07-09
crmid:5673970886,aback2001@yahoo.com,Teddy,Barton,,223-439-9160,Peekskill,United States,46052,Montana,540 West Crystal Cove,1992-02-22
crmid:2123580141,interleaver1845@live.com,Lawrence,Chandler,,699-237-3317,Pine Bluff,United States,94013,Nebraska,181 Stevenson,1988-12-02
crmid:2884827644,dishrag2031@live.com,Clair,Hurley,,538-015-8451,Whittier,United States,28146,New Hampshire,1038 Nellie,1963-08-28
crmid:4960592672,peponidas2020@gmail.com,Maurita,Buckley,female,481-936-1772,Plainfield,United States,73943,Utah,1157 Fourth,1961-06-04
crmid:7877888180,esson1871@yahoo.com,Teddy,Mccall,,031-698-6182,Glenview,United States,06453,Florida,776 Carver,1966-01-24
crmid:2184536903,tonic1984@yahoo.com,Willia,Buck,female,399-938-7472,South Plainfield,United States,71523,Missouri,552 Nebraska,1952-09-04
crmid:5099373794,cementation1863@yandex.com,Elwood,Moody,,078-806-7569,Garner,United States,70862,Delaware,92 Halyburton,1965-04-03
crmid:6082393474,corruption1851@live.com,Raymundo,Salinas,male,112-760-1318,Tempe,United States,17611,Georgia,424 Terry A Francois,1942-08-26
crmid:5688771527,respirometric2060@live.com,Wilton,Camacho,,090-806-6367,Hermosa Beach,United States,00695,Utah,23 Ord,1971-01-08
crmid:5173148311,hoising1918@outlook.com,Theo,Torres,female,084-202-0969,College Station,United States,55020,New Jersey,803 Glenhaven,1949-09-29
crmid:3498428780,tobacconist1990@gmail.com,Jess,Rosa,,055-043-4537,Kingsville,United States,62939,Connecticut,142 Newton,1978-10-30
crmid:3405024053,decafid1879@gmail.com,Patricia,Monroe,,684-342-8103,Odessa,United States,93066,Wyoming,1269 Colton,1981-05-24
crmid:9172980605,adebayo1992@live.com,Chet,Keller,,866-465-4450,University City,United States,38891,Maine,189 Rex,1970-12-28
crmid:7122005371,veratroyl2066@yandex.com,Nicholas,Tyler,,060-796-6338,Frederick,United States,99446,Nebraska,688 Townsend,1964-03-15
crmid:5175792128,airflow1986@gmail.com,Marx,Moreno,female,712-657-2479,El Mirage,United States,38437,Illinois,542 Quebec,1958-06-21
crmid:8011114662,aperies1812@live.com,Darin,Brown,male,190-503-9146,Blue Springs,United States,14503,Delaware,1071 Anglo,1939-03-04
crmid:6714850105,alcindor1868@yahoo.com,Wei,Campos,female,186-567-4450,Dublin,United States,91352,Mississippi,1298 Fargo,1956-09-05
crmid:9484080896,dower1898@yahoo.com,Pedro,Higgins,,863-723-6487,Palos Hills,United States,75275,Nebraska,364 Montclair,1976-05-25
crmid:7209010504,fluyt2014@live.com,Maryam,Padilla,female,361-599-8865,Dodge City,United States,76050,Tennessee,837 Codman,1955-12-12
crmid:7493975346,sweatband2066@gmail.com,Onita,Barnett,female,108-587-3118,Nixa,United States,10545,New Hampshire,1360 Spencer,1997-04-13
crmid:4170650890,donica1917@gmail.com,Frances,Cruz,,589-911-4707,Grand Prairie,United States,86028,Rhode Island,1061 Halyburton,1967-05-21
crmid:3927664538,underlain1926@gmail.com,Markus,Sherman,,392-152-2533,Kansas City,United States,90307,Oklahoma,584 Holland,1976-03-02
crmid:1354835474,naturalistic1979@gmail.com,Cordell,Mclean,,916-565-7185,Forest Lake,United States,03581,Wyoming,71 Miramar,1962-01-12
crmid:6115252679,arnis1849@yahoo.com,Karl,Macdonald,,277-652-2950,Goodlettsville,United States,32526,New Hampshire,1357 Tingley,1967-06-10
crmid:1244622487,beaucoup1819@yandex.com,Arthur,Calhoun,female,209-183-2119,Taylor,United States,59790,Indiana,899 Bartol,1998-03-02
crmid:8205933230,bengalic1972@yandex.com,Fausto,Whitney,,926-153-1387,Mountain View,United States,40798,Oklahoma,435 Garces,1994-08-31
crmid:6569627431,opossum1986@yahoo.com,Chance,Clements,,439-688-0560,Grayslake,United States,75099,Mississippi,967 Vidal,1968-12-03
crmid:2103230096,coyish1966@gmail.com,Horace,Floyd,male,926-860-5679,Pittsburgh,United States,02897,Indiana,1383 Napoleon,1930-05-10
crmid:1566040678,arterial2041@yandex.com,Jorge,Mullen,male,483-847-3743,New Britain,United States,06340,Washington,139 Mission Bay,1996-01-11
crmid:3987583185,girlies2043@yandex.com,Burton,House,male,393-814-8487,Brandon,United States,02439,Michigan,255 Sternberg,1941-02-14
crmid:1912328987,subfusc1870@outlook.com,Santo,Head,,757-662-0024,Ventura,United States,33557,North Carolina,1355 Constanso,1980-07-11
crmid:2395128024,carlock1866@yahoo.com,Les,Castro,,974-706-1774,Lynn,United States,97532,Florida,1258 Jewett,1985-05-25
crmid:4285387870,cavish2060@live.com,Cortez,Stephenson,,332-715-3621,West Des Moines,United States,69931,Delaware,1384 Columbia Square,1976-02-04
crmid:6727062763,baghdadi1997@outlook.com,Rosenda,Allen,female,600-254-9700,Prairie Village,United States,94536,Colorado,113 Polaris,1950-07-01
crmid:6485250828,radioactivities1999@yandex.com,Margaretta,Carrillo,female,278-888-4537,Dunedin,United States,63863,Maryland,164 Prospect,1956-11-18
crmid:5171333830,wabby1918@yahoo.com,Buck,Workman,,371-772-6706,Greenacres,United States,26899,Kansas,1300 Hansen,1968-05-26
crmid:2509958226,unipartite2036@yandex.com,Lilliam,Medina,female,722-613-1370,Crystal,United States,31472,Kentucky,393 Francisco,1952-05-20
crmid:8238183616,unmatchableness1915@yandex.com,Arnoldo,Bartlett,,921-344-8902,Rutherford,United States,36902,Texas,264 H,1969-07-20
crmid:6167037127,bungerly1817@yandex.com,Sherly,Vega,female,229-101-7682,Edmonds,United States,54616,Kentucky,1045 Larkin,1958-10-16
crmid:9892961760,necking1937@gmail.com,Elmo,Alford,,153-887-9227,Sayreville,United States,62106,Texas,1261 Candlewood,1976-04-05
crmid:7880309907,clemens1989@live.com,Joey,Swanson,,410-444-6924,Vacaville,United States,85588,Montana,759 Golf Course,1992-09-01
crmid:3956353689,capabler2023@yandex.com,Major,Contreras,,791-266-7573,Ventura,United States,69774,Missouri,497 Foote,1985-07-07
crmid:9572163748,quetzal2061@outlook.com,Nathanael,Bond,,816-646-5980,Fridley,United States,15055,Connecticut,781 Florentine,1964-02-13
crmid:4156424237,creecy1870@gmail.com,Ilana,Rojas,female,108-973-0535,Rancho Cordova,United States,27088,Connecticut,1296 Aladdin,1957-04-25
crmid:9256109848,bugbear1912@yandex.com,Trent,Bean,male,747-586-0683,Allen,United States,80718,Iowa,398 Roanoke,1931-09-02
crmid:6950070627,sundayism2060@live.com,Shane,Hardin,male,450-173-1670,Tamarac,United States,85845,Louisiana,1165 Raleigh,1935-09-13
crmid:1777996776,flits1971@yandex.com,Toshiko,Mckinney,female,846-335-1154,Patterson,United States,95723,Florida,773 San Ramon,1960-09-19
crmid:7197881870,noncorrelating1880@outlook.com,Ethan,Schneider,male,447-778-8355,Royal Palm Beach,United States,18857,Michigan,1119 Dunnes,1944-04-26
crmid:7173224238,pendative1802@yandex.com,Modesto,Solis,,046-792-8898,Midvale,United States,38383,Oklahoma,952 Ardenwood,1990-07-20
crmid:2901767359,balaban1982@yahoo.com,Bernarda,Kemp,female,691-721-3423,Council Bluffs,United States,74968,Missouri,1338 Ridge,1951-12-02
crmid:5040843617,bijan2056@outlook.com,Cortez,Christensen,,301-652-0482,Kinston,United States,38163,Alabama,235 Julius,1978-06-13
crmid:3801618896,coquets1807@live.com,Casimira,Velazquez,female,805-526-9788,Edgewater,United States,78082,Florida,144 Howard,1958-12-30
crmid:4113449295,chihuahua1971@yahoo.com,Tommie,Guzman,male,966-328-1157,Brownsville,United States,53963,Washington,1235 Auto,1942-09-12
crmid:9234852604,subtrahends1954@yahoo.com,Elden,Pate,,379-048-1419,Temple City,United States,20671,Texas,566 Euclid,1962-10-03
crmid:6815178423,therblig1827@gmail.com,Joan,Bauer,,015-392-8335,St. Clair Shores,United States,28370,Texas,616 Bigler,1962-03-13
crmid:2161863729,pony2016@yahoo.com,Zachery,Mullins,,452-318-5431,Lompoc,United States,45577,Michigan,900 Quane,1984-08-27
crmid:8057227994,gieaway1917@yandex.com,Marquis,Perry,,079-081-8082,West Palm Beach,United States,65187,Louisiana,180 Hampshire,1994-07-07
crmid:2640431809,preorganize1927@live.com,Thaddeus,Cabrera,,608-493-5487,San Gabriel,United States,37526,Ohio,931 Cresta Vista,1969-10-23
crmid:8015543733,nete1931@yahoo.com,Brad,Henry,male,998-562-3017,Nashua,United States,06842,Washington,725 Illinois,1995-01-26
crmid:7481689504,arrays1871@yahoo.com,Lance,Roy,,917-408-4567,Monterey Park,United States,44789,New Jersey,927 Dunshee,1992-08-10
crmid:7283287702,evened1834@live.com,Javier,Mcpherson,male,758-531-7098,Blue Springs,United States,78538,California,648 Marina Green,1939-05-20
crmid:6652685975,scorpion1966@yandex.com,Rosendo,Schroeder,,475-057-7803,Orem,United States,78242,Wisconsin,876 Maple,1982-02-08
crmid:5588861297,submanic1888@gmail.com,Elke,Walls,female,146-158-6483,Clovis,United States,10114,Utah,237 Clinton,1948-03-30
crmid:6649782324,scouth2011@live.com,Murray,Keith,,261-959-6971,St. Peters,United States,45144,Nebraska,168 Hancock,1981-10-02
crmid:5390337068,beatitude1961@yandex.com,Ted,Vincent,,199-000-8475,Round Lake Beach,United States,94897,Illinois,1310 Lusk,1967-07-16
crmid:8294193914,distressedly1984@gmail.com,Del,Peck,,833-934-0398,Neenah,United States,58759,Nevada,282 Striped Bass,1995-10-20
crmid:5574268349,bibliomane1893@yandex.com,Patrick,Holmes,,697-003-7107,Paso Robles,United States,27374,Idaho,373 Massachusetts,1966-04-26
crmid:1009698214,groundsheet2031@outlook.com,Antione,Whitfield,,593-260-7684,Newnan,United States,45866,Pennsylvania,758 Gaven,1997-08-17
crmid:2748119379,fatback1925@gmail.com,Jerry,Lambert,,893-939-0237,Rochester Hills,United States,44359,Kansas,1140 Short,1986-12-16
crmid:8388732881,zoopathological1900@outlook.com,Kenneth,Wheeler,,683-216-0767,Mamaroneck,United States,41796,North Carolina,524 Orange,1986-08-14
crmid:2717093948,fidelia2041@live.com,Ashley,Rios,,773-329-7054,Hays,United States,45046,South Carolina,1134 Imperial,1970-07-11
crmid:5119689710,blackroot1823@yahoo.com,Janett,Rowland,female,937-549-5898,New Albany,United States,82836,Arkansas,1110 Nobles,1995-03-07
crmid:3878302885,ratiocinator1829@gmail.com,Wade,Rodriquez,,243-075-2063,Newport,United States,30570,Oregon,1193 Blanche,1997-06-13
crmid:7027818429,supervene2047@live.com,Jefferey,Gillespie,,397-304-4890,McAlester,United States,49328,Wyoming,744 Silver,1988-07-31
crmid:3006661893,monogamous1940@gmail.com,Dirk,Horne,male,156-973-3803,Salisbury,United States,14641,Florida,734 Marine,1945-03-14
crmid:3509860333,offsprings1800@yahoo.com,Lowell,Shepherd,male,243-725-4241,Billings,United States,32024,Mississippi,983 Don Chee,1939-06-27
crmid:2312397847,eruditeness2014@gmail.com,Christinia,Frazier,female,282-234-1197,Dunedin,United States,00825,Colorado,687 Hancock,1956-02-10
crmid:8200461519,serosa1823@live.com,Andres,Dillon,male,399-349-3106,Tifton,United States,10720,Minnesota,690 Candlewood,1944-11-01
crmid:4162664059,utilizer1949@yandex.com,Marivel,Dawson,female,690-285-4570,Colton,United States,36255,Arkansas,559 Kensington,1949-06-08
crmid:4180877847,ostrich1928@yahoo.com,Norberto,Walters,male,165-451-4195,Placentia,United States,96993,Wisconsin,700 Hooper,1934-07-30
crmid:3153557677,algedi1811@yahoo.com,Hobert,Kelley,,803-817-1680,Santa Fe Springs,United States,39274,Vermont,137 Humboldt,1979-08-09
crmid:5344714216,penning1808@live.com,Keneth,Bradley,male,813-891-6963,Bedford,United States,93667,Alaska,402 Front,1937-06-03
crmid:4173685881,asbest1965@yahoo.com,Rudolph,Sawyer,,968-107-1182,Laguna Hills,United States,51188,Michigan,661 Visitacion,1979-09-05
crmid:6780579432,diploptera1911@yandex.com,Tamie,Lott,female,129-901-4992,Cranston,United States,66477,Indiana,249 Tevis,1951-10-28
crmid:3817646932,depicting1803@yahoo.com,Elbert,Bender,,845-066-0873,Frankfort,United States,97810,Massachusetts,16 Vista Verde,1963-04-24
crmid:7033675756,montebrasite2037@yandex.com,Carolynn,Garrison,female,883-457-3053,Eastpointe,United States,80249,Indiana,187 Holladay,1957-10-03
crmid:7669244336,carapo1823@yandex.com,Clayton,Martinez,,477-354-1266,Prattville,United States,84202,Arizona,877 Crossover,1980-08-01
crmid:2468483583,palmiped1934@outlook.com,Mark,Rosales,,262-352-7506,Friendswood,United States,97143,South Carolina,1384 Upper,1964-12-23
crmid:1976225909,comart1923@outlook.com,Loyce,Walters,female,077-056-3996,Oakland,United States,16795,Vermont,855 Hemlock,1953-10-26
crmid:3035559013,econometrics1861@yahoo.com,Chad,Holcomb,,185-529-9967,Madisonville,United States,63093,Tennessee,1200 Delgado,1985-12-11
crmid:6258937737,notifying1923@yandex.com,Trey,Perez,,158-389-5440,Kirksville,United States,43718,Kansas,580 Felix,1978-08-01
crmid:8483614896,cupholder2009@yandex.com,Noe,Booker,male,626-599-1945,Terre Haute,United States,50066,Nebraska,1007 Laguna,1933-07-03
crmid:2382361414,gregariousness1808@yandex.com,Omer,Cardenas,,709-362-8315,Long Beach,United States,42710,Ohio,19 Anzavista,1984-07-26
crmid:8502514572,champagnes2005@yahoo.com,Oscar,Powers,,814-989-1893,Steubenville,United States,44714,Mississippi,824 Myra,1988-08-24
crmid:8969702846,puffs1870@yandex.com,Andrew,Wright,,044-588-9033,Hinesville,United States,07970,Illinois,31 De Boom,1972-01-02
crmid:6124892601,highheartedly1927@gmail.com,Thurman,Knox,,462-902-1856,Pottstown,United States,30457,Connecticut,512 Beaver,1973-02-08
crmid:4776495772,antonym1962@gmail.com,Deon,Small,male,427-344-8917,Barstow,United States,88012,Nebraska,628 Annie,1936-03-27
crmid:6701080942,setae2023@yahoo.com,Rema,Woodward,female,428-591-0856,Eagle Mountain,United States,42963,Oklahoma,815 Pino,1956-07-31
crmid:7209010504,simoniac1972@live.com,Otis,Brewer,,179-238-9037,Rocklin,United States,42244,South Carolina,1050 Mccoppin,1990-05-08
crmid:5368258793,sawing1965@live.com,Marion,Lawrence,male,074-846-5015,Anacortes,United States,85553,Connecticut,1342 Shotwell,1932-10-20
crmid:2595929101,alluvium2009@outlook.com,Francesco,Wise,,242-839-4121,Hanover Park,United States,40945,Oregon,433 Phoenix,1969-07-12
crmid:3696282535,chrysanthemum2036@outlook.com,Houston,Boyd,,890-538-4628,Roseburg,United States,38771,Iowa,180 Ironwood,1976-12-28
crmid:6985539562,phrenology2068@yahoo.com,Carol,Woods,,096-828-3120,Lemon Grove,United States,61829,Maryland,1073 Healy,1982-10-24
crmid:2429967486,overshroud2055@gmail.com,Carol,Rasmussen,,566-728-0344,Mauldin,United States,10009,Hawaii,1332 Pacheco,1988-02-01
crmid:8808550049,bear1820@gmail.com,Chet,Chase,male,708-745-9824,SeaTac,United States,81176,Pennsylvania,701 Bernice,1944-02-06
crmid:5242562295,patroller2044@yahoo.com,Rudy,Terry,,737-689-2138,Kansas City,United States,89754,Texas,444 Main,1976-02-24
crmid:9234852604,bedtime1963@live.com,Lurlene,Mack,female,054-479-1281,Deltona,United States,36716,Georgia,944 Pelican Cove,1954-06-18
crmid:5770731255,publicness1858@outlook.com,Mitch,Johnston,,968-967-1656,Kenosha,United States,97345,Massachusetts,485 Congdon,1977-07-26
crmid:4737798943,unthumped1813@live.com,Madelaine,Henson,female,754-280-6817,Wylie,United States,14587,Ohio,934 Spooner,1953-06-13
crmid:2640011258,abundant2028@yahoo.com,Yuette,Martin,female,549-121-3421,El Cerrito,United States,57445,New Mexico,856 Charlton,1958-09-18
crmid:8630447456,satd1965@outlook.com,Justin,Potts,male,681-370-4090,Petaluma,United States,98389,Massachusetts,1267 Donahue,1943-06-23
crmid:4545807833,erythrocyte2030@outlook.com,Lamont,Sanders,,955-646-9189,Webster Groves,United States,44364,Nevada,1145 Tulane,1993-08-14
crmid:1724574974,cycles1861@yandex.com,Darron,Franks,,686-524-9590,LaGrange,United States,57899,California,620 Cutler,1979-10-19
crmid:6260904585,cynthy1937@gmail.com,Merle,Frazier,,492-790-5221,Galesburg,United States,55353,Alaska,550 Candlestick Cove,1964-10-23
crmid:1521968576,periodontology1866@outlook.com,Russ,Duran,male,013-667-7568,Bellaire,United States,76823,Minnesota,364 C,1937-11-22
crmid:2710490333,tenant1811@live.com,Almeta,Briggs,female,131-156-6838,Palisades Park,United States,60649,Texas,391 Arthur,1949-01-04
crmid:3013409603,cense2007@gmail.com,Darrick,Black,male,716-915-4080,Altus,United States,68067,New Jersey,250 Faith,1932-12-20
crmid:7706646054,benzein2046@yandex.com,Augustine,Cleveland,,645-617-4108,Rome,United States,38006,Mississippi,55 Sickles,1972-08-02
crmid:9562452288,basements2034@outlook.com,Jewell,Morrison,,555-347-1531,Olympia,United States,31739,North Dakota,939 Belvedere,1978-08-04
crmid:7675009052,idylls1970@yandex.com,Malcom,Warner,,330-901-1965,Suisun City,United States,24379,Michigan,654 Commer,1962-07-14
crmid:3369630210,fumigation1823@gmail.com,Barbar,Cameron,female,414-950-5811,Walla Walla,United States,91108,New Jersey,370 Fitch,1950-01-05
crmid:6581158691,sulphoselenide1904@yahoo.com,Thurman,Sykes,,220-359-1770,Kiryas Joel,United States,06879,Iowa,519 Mendosa,1978-01-08
crmid:5207195540,duenas1975@yahoo.com,Stephan,Washington,,335-289-1246,Hilton Head Island,United States,82299,Massachusetts,1250 Compton,1972-05-29
crmid:6634158324,fiercely1936@gmail.com,Long,Walter,male,013-828-9533,Cedar Park,United States,89020,Georgia,747 Lysette,1945-06-30
crmid:9808216814,adaw1915@yandex.com,Santiago,Berg,,828-837-3686,Statesboro,United States,35751,Ohio,707 Grote,1975-02-17
crmid:8127437927,avouch1880@live.com,Sol,Price,,671-006-8477,Westfield,United States,30697,Illinois,1131 Dwight,1977-01-02
crmid:1645954328,rearwards1877@live.com,Zana,Brewer,female,994-353-3159,East Providence,United States,75319,Nevada,680 Zoo,1957-11-18
crmid:4663099783,exertion1892@live.com,Lonna,Ortega,female,697-657-1204,Eugene,United States,96677,Connecticut,375 Vandewater,1960-06-22
crmid:5788633091,ester2037@yandex.com,Roscoe,Velazquez,,126-660-5177,New Brighton,United States,64593,New York,949 Forest,1996-11-17
crmid:8715069254,pylorogastrectomy1805@yahoo.com,Terina,Patel,female,066-998-7774,New Bedford,United States,88520,Alaska,1324 Hanover,1995-03-17
crmid:9718378801,uterometer2021@outlook.com,Cherilyn,Fuentes,female,197-889-3316,Wilson,United States,90545,Maryland,126 South Hill,1950-02-10
crmid:4532651966,spoonyism2004@gmail.com,Adam,Hamilton,,061-409-2416,Rahway,United States,40072,Maryland,1278 Adair,1993-07-03
crmid:3512351366,aggregat1996@gmail.com,Brenton,Salinas,male,692-383-7211,Rapid City,United States,65907,Arizona,787 State,1994-02-03
crmid:1448477313,macrophage1859@outlook.com,Long,Hopkins,,393-944-3105,Georgetown,United States,53564,Vermont,472 Conrad,1965-09-28
crmid:7967308543,dendral2033@gmail.com,Rudolf,Mccormick,male,913-129-1247,Bartlesville,United States,74043,Iowa,437 Francis,1936-12-24
crmid:2787412171,betumbled1842@gmail.com,Hassan,Black,male,271-417-3251,Bensenville,United States,80845,Alabama,279 John F Kennedy,1938-04-03
crmid:2833834044,distressedly1818@outlook.com,Bernard,Yates,,226-015-5050,Laguna Niguel,United States,61109,Arizona,832 Banks,1979-10-29
crmid:5089274624,dauphine1918@yandex.com,Siu,Hickman,female,575-628-9105,Elk River,United States,49925,Wisconsin,1256 Bessie,1959-08-14
crmid:3337795355,quizzify2056@yahoo.com,Justin,Gallegos,,017-066-8088,Missouri City,United States,20833,Virginia,181 Stratford,1992-04-01
crmid:7927994278,dispraiser1985@live.com,Huong,Monroe,female,020-490-7595,Winter Springs,United States,26306,Alaska,1393 Spear,1958-04-20
crmid:2461728166,sensated1915@yandex.com,Asa,Wright,male,057-694-1684,Avon Lake,United States,02686,Oregon,1262 Amatista,1935-01-31
crmid:6859129447,anilinophilous1930@yandex.com,Sharda,Reynolds,female,797-313-7938,South Pasadena,United States,17127,New Mexico,736 El Dorado,1947-08-24
crmid:5788808422,peculiarise1901@gmail.com,Elliot,Holt,,003-870-8804,Las Cruces,United States,27963,Idaho,74 Ramsell,1981-05-20
crmid:5345176066,decimate2008@yandex.com,Byron,Howell,,580-713-6811,Kent,United States,04849,Nebraska,848 Wentworth,1977-01-26
crmid:4174432083,dadaism1819@outlook.com,Scottie,Bradshaw,female,838-440-4929,El Dorado,United States,76070,Alabama,932 Newhall,1958-09-22
crmid:1554066429,deena1882@gmail.com,Ricky,Johns,male,641-027-9590,Niles,United States,80948,Alabama,332 Cargo,1997-02-21
crmid:7347800566,downtown2059@gmail.com,Fe,Whitfield,female,902-435-8799,Queen Creek,United States,11039,Colorado,489 Pratt,1950-10-06
crmid:3422778297,deflatable1870@outlook.com,Lyndon,Hoover,,914-664-3465,Millbrook,United States,68999,Oklahoma,281 Trumbull,1991-11-04
crmid:9147651749,chelidonic1911@gmail.com,Yajaira,Estes,female,946-212-8467,Nashua,United States,12733,Iowa,587 Reno,1995-03-18
crmid:8237806594,lengthen1994@yandex.com,Jaime,Kemp,male,183-350-4935,Palisades Park,United States,12626,California,1163 Fremont,1943-10-09
crmid:4532631694,burkey2044@live.com,Kerry,Martin,male,091-693-8573,Belleville,United States,85456,South Dakota,59 Shannon,1937-06-18
crmid:6633860942,anoop1953@gmail.com,German,Norris,male,163-670-9890,Cape Girardeau,United States,92095,Indiana,802 Carnelian,1944-04-22
crmid:6049725966,caddle1875@yahoo.com,Joesph,Wheeler,male,312-190-0831,Shoreline,United States,70928,Vermont,1248 Dock,1931-05-31
crmid:6784744923,dessa1970@live.com,Yan,Romero,female,112-168-4440,Waterbury,United States,92783,Idaho,471 Filbert,1958-09-25
crmid:5235483697,mitten1972@live.com,Ferdinand,Armstrong,male,914-144-8375,Wenatchee,United States,82483,Idaho,890 Mulford,1943-04-01
crmid:5673350247,chorai2027@outlook.com,Freddie,Roth,,547-274-2420,Portage,United States,22097,North Carolina,910 Nido,1965-04-05
crmid:3609832138,kilhig1835@gmail.com,Oscar,Wilder,,492-663-8638,Riverton,United States,25405,California,1108 States,1966-05-18
crmid:1850504738,infectionist2039@gmail.com,Hal,Stanley,male,740-093-9156,Ozark,United States,02606,Nevada,451 Sargent,1941-04-28
crmid:4666584455,vivers1881@outlook.com,Coletta,Donovan,female,328-854-1410,Tifton,United States,10577,Alaska,183 Macondray,1947-02-08
crmid:9425142614,noncircuit1945@yandex.com,Darell,Santos,,577-510-2207,Long Beach,United States,99173,New Mexico,1318 Vara,1984-02-03
crmid:4434842275,usself1996@yandex.com,Douglass,Solis,male,011-127-8229,Baytown,United States,12548,Hawaii,43 Crisp,1936-03-27
crmid:4048772812,blackings1913@yandex.com,Kerry,Henry,,807-139-3179,Waukegan,United States,70048,Florida,453 Jessie East,1973-02-06
crmid:6740757799,unicotyledonous2005@yandex.com,Kenneth,Sanders,,119-886-2892,New Hope,United States,75946,Arizona,459 Marne,1996-12-21
crmid:7372888003,cobwebs1943@gmail.com,Wendell,Ewing,,173-839-1615,University Park,United States,55505,California,575 De Forest,1962-09-26
crmid:2470792639,procline1863@gmail.com,Seymour,Lloyd,,665-496-1054,San Rafael,United States,63115,Delaware,254 Sacramento,1972-03-28
crmid:9160468415,valetudinariness2070@gmail.com,Adelle,Bates,female,923-191-7223,Deltona,United States,69007,Pennsylvania,1083 Vidal,1954-11-24
crmid:5445680485,dayspring2017@yandex.com,Solomon,Gibbs,male,840-610-5827,Philadelphia,United States,03379,Rhode Island,1324 Cesar Chavez On,1933-09-11
crmid:7787284017,montrachet1970@yahoo.com,Leo,Ratliff,,173-392-7549,Longmont,United States,80333,Connecticut,304 Delmar,1984-01-02
crmid:4751898632,unpanged1939@yahoo.com,Bret,Murray,male,134-447-0553,Staunton,United States,79626,Georgia,1207 Cutler,1943-02-21
crmid:1441553330,unshunned1836@yandex.com,Rufus,Mcpherson,,541-229-5338,Lino Lakes,United States,42420,Pennsylvania,966 Saturn,1983-08-15
crmid:1574856714,efficacious1831@gmail.com,Wilber,Velez,,495-669-0178,Sacramento,United States,72326,Tennessee,669 Burritt,1966-07-28
crmid:7726205725,salads2052@gmail.com,Truman,Christensen,,751-940-5559,Merced,United States,10818,North Dakota,356 Stag Trail,1989-02-11
crmid:8947104984,disorderer1850@gmail.com,Dorian,Austin,,788-820-1603,Haines City,United States,26616,Alaska,202 Acacia,1969-04-10
crmid:3633036794,boohoo1867@gmail.com,Cristopher,Ayala,male,319-846-2601,Blythe,United States,81691,Montana,273 Fair Oaks,1940-02-01
crmid:7060455073,akita2050@outlook.com,Aleida,Castaneda,female,575-237-2051,Yucaipa,United States,20545,West Virginia,537 Wheeler,1957-01-05
crmid:3281007838,champing1926@yahoo.com,Daine,Dickerson,female,359-474-4477,Farmington Hills,United States,13235,West Virginia,942 Shannon,1961-02-08
crmid:3006031715,autogiro1932@live.com,Laverne,Golden,male,909-666-2265,Avenal,United States,33749,Nebraska,1316 Morgan,1935-06-11
crmid:1333673845,twinkled2013@yahoo.com,Darrel,Young,,905-828-7754,Laramie,United States,13934,Hawaii,368 Aladdin,1980-03-14
crmid:4765468828,selachian1953@outlook.com,Agustin,Lyons,male,258-711-3084,Tallahassee,United States,56053,Connecticut,290 Lassen,1941-01-18
crmid:6009460781,tuner1815@gmail.com,Hobert,Sherman,,174-147-8070,South San Francisco,United States,26072,Connecticut,63 Cortes,1962-08-21
crmid:9562452288,restlessness1822@yahoo.com,Justin,Compton,female,057-994-5201,El Cerrito,United States,72300,Oklahoma,1108 Lyon,1958-12-21
crmid:9392900010,changeover2022@gmail.com,Danny,Blankenship,male,870-458-6224,Pomona,United States,69105,Nevada,391 Amazon,1935-10-05
crmid:5918614716,trichogrammatidae1809@gmail.com,Jacob,Mooney,male,357-635-2820,South Lake Tahoe,United States,75066,Ohio,1209 Arbor,1934-05-20
crmid:4383088077,soling1884@live.com,Bradley,Sweeney,,649-822-5034,Myrtle Beach,United States,60783,Wisconsin,381 Elim,1995-10-15
crmid:4647895530,downbeat1987@outlook.com,Adan,Burks,male,881-337-8048,Bend,United States,08676,Mississippi,741 Jefferson,1938-01-04
crmid:7063436079,bouse2043@live.com,William,Winters,,436-771-6474,Martinez,United States,45545,California,693 Ritch,1987-08-23
crmid:7325015563,prefinanced1835@live.com,Dante,Wilkins,male,969-729-4634,Central Point,United States,13855,Wyoming,441 Esmeralda,1945-03-31
crmid:4215336372,chops1869@outlook.com,Jamel,Little,,835-644-9640,Winona,United States,76942,South Carolina,278 Marne,1987-08-15
crmid:1843622989,bouncer1998@gmail.com,Hong,Anderson,male,096-665-8978,West Sacramento,United States,00080,South Carolina,1235 Worden,1934-05-01
crmid:2072337688,gingiva1957@yahoo.com,Truman,Pratt,,778-745-4378,New Rochelle,United States,45870,New York,978 Banbury,1996-08-16
crmid:5740501203,comart1897@outlook.com,Trula,Byers,female,126-488-5198,Erie,United States,51364,Iowa,987 Mesa,1960-09-17
crmid:8264212412,subplantigrade2042@yahoo.com,Leandro,Little,male,547-036-0356,Addison,United States,33729,South Dakota,654 Burrows,1930-06-17
crmid:3206866618,paraflocculus1843@yandex.com,Sebastian,Palmer,,815-846-8886,Merrillville,United States,37296,Iowa,280 Carolina,1989-07-29
crmid:6190493674,extrasterile1835@yahoo.com,Val,Boyle,,659-855-3520,Mercer Island,United States,25803,Louisiana,1027 Brook,1989-05-28
crmid:8541383899,dollop1804@gmail.com,Santos,Calderon,male,430-407-7302,Bryan,United States,81376,Oregon,164 Long,1942-09-05
crmid:3845071200,ectozoans2017@yahoo.com,Delana,Noel,female,207-773-8718,Ossining,United States,26342,California,1173 Harold,1961-02-22
crmid:9197303161,ozonic1861@live.com,Genaro,Stein,male,868-686-6066,Attleboro,United States,29218,Vermont,535 East Fort Miley,1934-04-28
crmid:3406355705,pentasulphide1872@yahoo.com,Nelson,Flores,,787-051-9559,Susanville,United States,30487,Montana,785 Sickles,1973-07-01
crmid:3935132168,dondaine1864@yahoo.com,Deon,Joyner,male,804-229-7390,Suisun City,United States,07421,Rhode Island,78 Byxbee,1932-03-16
crmid:5420923889,amaryllis2037@outlook.com,Trula,Beck,female,899-702-9997,Cuyahoga Falls,United States,55806,Florida,176 Upper,1952-09-02
crmid:6353703488,barkery1964@outlook.com,Everette,Grant,male,936-457-7295,Altoona,United States,15393,South Carolina,920 Duncombe,1932-04-12
crmid:8540727069,hellion1807@gmail.com,Janessa,Foster,female,436-427-1134,Petersburg,United States,19209,Nevada,701 Georgia,1948-04-10
crmid:7488202911,unpaste1988@outlook.com,Romeo,Yang,,902-728-1928,Saco,United States,39759,Oregon,953 Nautilus,1969-04-21
crmid:1006861846,prerefine1983@gmail.com,Greg,Buck,,922-685-6372,Highland Park,United States,28811,Michigan,17 Morgan,1971-04-24
crmid:5587009676,antiprime1898@outlook.com,Vincenzo,Mendez,,816-233-4038,Texas City,United States,29591,Rhode Island,940 Vienna,1966-01-19
crmid:6570461771,ooecium1930@live.com,Cody,Thomas,female,152-078-7019,College Station,United States,78421,North Carolina,478 Washburn,1949-02-16
crmid:4260056031,proscind1858@outlook.com,Colby,Fox,,172-333-8458,Lenoir,United States,70175,Rhode Island,735 Commercial,1982-12-09
crmid:4105584117,polled1990@outlook.com,Kevin,Walker,,187-137-6658,Holladay,United States,13956,West Virginia,635 El Polin,1972-02-11
crmid:8668447591,biggonet1904@live.com,Bert,Barr,male,311-255-7768,Camden,United States,07723,Florida,234 Bonnie Brae,1943-01-02
crmid:3770587554,robin1802@gmail.com,Jenise,Glover,female,921-918-5032,Riverbank,United States,81830,Virginia,1117 Heather,1995-03-30
crmid:2958619522,koala1848@outlook.com,Sam,Mcintosh,,225-265-1795,Fort Smith,United States,47958,Vermont,438 Channel,1963-08-15
crmid:3679523083,rattlesnake1970@yandex.com,Ryan,Carter,male,418-104-6594,Northbrook,United States,07192,Oklahoma,860 Mary,1999-01-30
crmid:2218497733,knaw1808@yandex.com,Hung,Tran,male,242-193-1074,Bensenville,United States,22780,Oklahoma,1105 Heritage,1938-05-29
crmid:3750070067,analgesist1884@live.com,Keeley,Stafford,female,192-839-8511,Coralville,United States,68555,Kentucky,158 Hiliritas,1950-11-09
crmid:4490905146,ceramics1996@gmail.com,Doug,Howard,male,492-450-0332,Cedar Park,United States,10769,Missouri,1141 Quickstep,1945-03-15
crmid:5622287957,netchilik1979@yandex.com,Olen,Morin,male,039-025-3330,Nampa,United States,54230,Missouri,1011 Central Magazine,1995-09-02
crmid:2894153914,pasquilant1947@outlook.com,Thad,Howell,,514-214-9784,Glassboro,United States,11840,Maine,1116 Castle Manor,1966-03-06
crmid:2101440773,neuter2014@gmail.com,Cecille,Watkins,female,188-505-1339,Crown Point,United States,79541,Oregon,1075 Carter,1952-12-03
crmid:2035831088,reindeer1909@yandex.com,Lloyd,Boyle,male,271-502-9941,Plainfield,United States,57905,North Carolina,184 Gaviota,1997-02-12
crmid:3336879845,unphrasableness2033@yahoo.com,Giuseppe,Carney,,719-776-6855,Norco,United States,30812,New Jersey,715 Lendrum,1998-07-02
crmid:7041697186,stuber2038@yahoo.com,Murray,Macias,male,213-076-1338,Castle Rock,United States,42982,Hawaii,816 Laguna,1945-07-18
crmid:3355360552,insular1884@yandex.com,Antony,Hensley,,393-142-9781,Henderson,United States,28701,Hawaii,748 San Ramon,1971-04-22
crmid:7291006789,mogul1937@outlook.com,Ivan,Mack,,888-189-1866,Madison Heights,United States,76525,Louisiana,169 Gladeview,1985-12-15
crmid:2304207079,minae2043@yahoo.com,Cletus,Wood,,497-600-3391,Sugar Land,United States,34992,Illinois,669 Serrano,1974-08-12
crmid:7132114464,cornmuse1920@live.com,Corey,Santiago,,454-830-7189,Los Angeles,United States,61198,Alaska,693 Havelock,1984-11-13
crmid:7085803146,segued1813@live.com,Leroy,Woodward,male,307-450-3750,Abilene,United States,67349,Oklahoma,61 Augusta,1930-12-30
crmid:9201558004,cynicalness1887@outlook.com,Irving,Cobb,,985-118-1000,Marquette,United States,92325,Wisconsin,143 Encinal,1987-04-30
crmid:9072274106,leases1968@yandex.com,Oscar,Ochoa,male,830-664-9304,Walnut,United States,09423,Iowa,1293 Mccann,1930-10-15
crmid:4785911463,novelette1917@live.com,Patrick,Bean,female,720-987-4830,Des Moines,United States,95844,Iowa,419 Villa,1954-10-19
crmid:7234988547,phalaropodidae1903@live.com,Roland,Craft,,490-506-4828,Kokomo,United States,83889,Wisconsin,460 Paloma,1978-03-13
crmid:8833236681,unadoptive2043@yahoo.com,Pamelia,Richmond,female,693-982-0144,Conroe,United States,42766,New Mexico,1344 Chase,1950-07-25
crmid:3666874605,aviation1937@gmail.com,Allan,Jordan,male,736-028-7341,Boulder,United States,09642,Tennessee,116 Gardener,1940-01-16
crmid:9936374314,maidhoods2017@live.com,Keneth,Cain,,620-754-1700,Harrisonburg,United States,61376,Georgia,471 Gladiolus,1970-11-16
crmid:4989885670,unmercifully1961@yahoo.com,Miguelina,Aguirre,female,215-229-6943,Federal Way,United States,37255,Alaska,266 Lane,1961-06-01
crmid:6251466957,bleaching1964@gmail.com,Seymour,Harrison,,787-102-9467,Lynchburg,United States,64827,North Carolina,1285 Olive,1985-11-17
crmid:5166527085,ryegrasses2018@yandex.com,Donny,Ward,male,333-009-3629,Warwick,United States,81697,Oklahoma,1197 Randall,1943-11-06
crmid:4647259664,dotterel1984@gmail.com,Alvaro,Larson,,209-907-1991,St. Louis Park,United States,35795,California,739 Mullen,1976-01-17
crmid:9024116916,nontechnically1816@gmail.com,Hugo,Tucker,,158-461-4393,Rochester Hills,United States,81080,Nevada,172 Baden,1970-03-12
crmid:1522399996,palmar2033@yahoo.com,Lino,Flowers,,309-595-6675,West Chicago,United States,26832,New Jersey,768 Northridge,1966-05-21
crmid:1782594862,affies1965@outlook.com,Dirk,Vang,,850-966-8058,Highland Park,United States,71175,Kentucky,1146 Menoher,1971-12-06
crmid:9264810974,wombat2033@live.com,Omega,O'brien,female,655-706-5003,Clearwater,United States,39714,Tennessee,1278 Wilson,1948-07-22
crmid:5282573143,apogon1892@yahoo.com,Bradford,Branch,,285-510-9637,Rockville,United States,65735,Connecticut,370 Liggett,1964-12-11
crmid:3461668796,blackbelly2007@yahoo.com,Shelby,Bird,male,915-959-7805,Billings,United States,95838,New Hampshire,339 Upper Service,1939-09-03
crmid:5825937277,rovers1925@outlook.com,Milo,Mclean,male,183-174-5608,Brigham City,United States,74912,Connecticut,424 Harris,1941-12-27
crmid:3476575927,ablution1950@live.com,Jared,Martinez,male,375-969-2370,Calumet City,United States,24237,North Carolina,1299 Brookdale,1943-05-18
crmid:6521574845,indris1956@outlook.com,Alica,Warner,female,712-744-3312,Citrus Heights,United States,05387,Georgia,1009 Ingalls,1947-01-30
crmid:7066312300,streeking1821@yahoo.com,Titus,Munoz,male,188-120-9337,Carson City,United States,52018,West Virginia,72 Cohen,1944-09-21
crmid:2290088792,nasociliary1821@yahoo.com,Harvey,Henry,,121-479-0657,Marion,United States,11384,Arizona,542 Cuesta,1987-02-05
crmid:4114838096,ape1813@yandex.com,Ronnie,Vincent,,149-833-4120,Gainesville,United States,46927,Alaska,356 Fanning,1964-08-17
crmid:2717308470,anita1940@yandex.com,Mack,Mcclure,,887-769-1063,Issaquah,United States,79815,Vermont,1003 Faith,1975-12-28
crmid:4460952223,concussion2049@yahoo.com,Eldon,Cochran,,826-063-8205,Fort Smith,United States,27112,New York,465 Pino,1963-05-29
crmid:4920096585,jollier1942@outlook.com,Maisha,Stein,female,422-779-5694,North Miami Beach,United States,28638,Michigan,972 Kendall,1998-04-11
crmid:5059125438,tiffany2029@yahoo.com,Tequila,Roy,female,791-053-8140,Crystal Lake,United States,57298,West Virginia,1160 Cloud,1952-09-26
crmid:6773262587,cobwebs1850@gmail.com,Bill,Roman,male,991-604-5108,Amsterdam,United States,00099,Hawaii,1254 Striped Bass,1932-01-25
crmid:2905586394,nonya2014@live.com,Lorina,Bray,female,867-860-9175,Colorado Springs,United States,38606,Texas,709 Bedford,1949-06-04
crmid:6304239271,semilate1930@gmail.com,Kory,Strickland,male,474-689-1021,Oregon,United States,08886,Kentucky,906 Krausgrill,1932-06-28
crmid:7793093319,choler1973@yahoo.com,Lien,Tran,female,474-070-9459,Ocoee,United States,93363,Nevada,166 Quincy,1947-05-29
crmid:7713609931,pylorogastrectomy1832@outlook.com,Arden,Wilkins,male,790-491-6803,New Brunswick,United States,09507,New Hampshire,190 Bocana,1996-02-01
crmid:7153812337,peatery1869@yahoo.com,Solomon,Morrison,,096-812-0577,Flower Mound,United States,96163,Tennessee,864 Darien,1962-07-20
crmid:9930557538,abbotships1891@gmail.com,Hal,Molina,male,225-651-3964,Nampa,United States,92901,Tennessee,815 Issleib,1995-02-08
crmid:4371570605,gaur1821@live.com,Frances,Beach,,974-182-9603,Shreveport,United States,34603,Georgia,305 Serrano,1972-02-14
crmid:5266572940,stoper2006@outlook.com,Hassan,Freeman,,270-993-9081,Ventura,United States,94038,Oregon,825 Ggp Access Road,1970-08-10
crmid:5911144156,cayuga2065@yandex.com,Darron,Richardson,,148-662-2903,Rockville Centre,United States,40174,Washington,392 Topeka,1983-01-17
crmid:7697129741,kirimon1940@live.com,German,Gilmore,,264-411-3643,Kirkland,United States,24392,Indiana,1306 Ortega,1978-05-13
crmid:6979887830,splays1827@yahoo.com,Noah,Fletcher,,299-726-5981,Mineral Wells,United States,40430,Kentucky,421 Isis,1991-08-30
crmid:7891744696,blowbacks1829@yahoo.com,Walker,Nielsen,male,855-294-0111,Winter Springs,United States,15308,North Dakota,1227 Graymalkin,1945-10-21
crmid:5220313385,brainwork1906@live.com,Colby,Donaldson,female,309-320-2445,Coconut Creek,United States,08424,Pennsylvania,489 Michigan,1949-02-08
crmid:6466910996,ezekiel1840@gmail.com,Karl,Hunter,,824-609-6834,Kinston,United States,88560,Massachusetts,235 Rousseau,1978-11-18
crmid:2190151744,letdown2005@outlook.com,Kristopher,House,male,021-802-5763,Blaine,United States,35774,Arkansas,543 Jack London,1939-06-14
crmid:6607716108,regga2030@gmail.com,Marty,Mckay,,268-976-2333,Mercer Island,United States,68473,Pennsylvania,948 Card,1989-11-26
crmid:9990112630,digestives1966@gmail.com,Lizeth,Casey,female,305-353-8657,Richland,United States,59103,Missouri,869 Parkridge,1995-04-10
crmid:9109291578,experimentalist2027@outlook.com,Brant,Gordon,,486-379-8140,Lomita,United States,93051,North Carolina,938 Pulaski,1984-04-12
crmid:5778362037,subatom1945@live.com,Jewell,Castaneda,,465-575-2950,North Las Vegas,United States,44286,Georgia,1349 Steuben,1998-08-26
crmid:8879626199,numbat1945@outlook.com,Horace,Baird,,755-576-3822,Oak Harbor,United States,82936,Kentucky,1256 Avenue I,1985-04-27
crmid:1529211905,accable1925@gmail.com,Kris,Ray,,806-326-6756,North Ridgeville,United States,67718,West Virginia,1302 Beacon,1999-12-15
crmid:2298741187,dropsywort1877@yandex.com,Waneta,Hardin,female,547-358-9950,Cleveland,United States,75279,Washington,1148 Thorp,1948-10-18
crmid:7601702072,distances1933@gmail.com,Albert,Stewart,,315-969-4151,Florissant,United States,68468,Nebraska,413 Iron,1962-10-25
crmid:6212711121,jerries1902@gmail.com,Timmy,Valencia,male,197-080-3575,Sioux Falls,United States,16802,Georgia,166 Paramount,1944-10-18
crmid:1473285532,dassent2068@outlook.com,Jonas,Irwin,,961-447-6498,Tulare,United States,31074,Oregon,1138 Truett,1975-09-04
crmid:7473411262,riverish1852@gmail.com,Ricky,Lowery,,467-011-6287,Kerrville,United States,33564,Tennessee,308 Beaver,1977-07-05
crmid:4997362829,redout1910@gmail.com,Sherilyn,Short,female,968-740-1387,Chicago,United States,58446,Connecticut,1280 Essex,1947-10-15
crmid:1404384076,crusty2043@gmail.com,Victor,Patrick,,204-748-1241,Lancaster,United States,30686,Wyoming,140 Hare,1980-05-09
crmid:3802600336,nonderogation2024@live.com,Alex,Stanley,female,190-845-7785,Cutler Bay,United States,04419,Colorado,776 Elmwood,1952-01-28
crmid:7485207321,raccoon1825@yahoo.com,Rosario,Dunlap,,421-378-8947,Mayfield Heights,United States,27248,Kentucky,103 Zampa,1988-05-23
crmid:7727871101,overgratefulness1814@yahoo.com,Chery,Terry,female,956-973-6270,Cupertino,United States,07630,Alaska,535 Santa Monica,1952-02-29
crmid:2920377307,sales2010@gmail.com,Theodore,Carney,,664-606-7558,Monroeville,United States,29816,Georgia,1038 Auto,1992-04-21
crmid:7967388503,wended2056@outlook.com,Florencio,Ingram,,572-403-8055,Terrell,United States,95762,Vermont,931 Geneva,1998-06-24
crmid:2867198010,shopkeeperess1943@yandex.com,Stacey,West,,269-671-3010,Jonesboro,United States,81512,Kentucky,1398 Portola,1976-07-04
crmid:1114737385,thingumadoodle1813@yandex.com,Soraya,Stout,female,440-632-7007,Woodbury,United States,28203,Mississippi,1104 Pretor,1956-08-28
crmid:7120611369,conserver1938@gmail.com,Chae,House,female,015-431-2134,Rohnert Park,United States,55640,Vermont,255 Calvert,1995-03-19
crmid:3833466408,undethroned2020@yandex.com,Robbie,Wheeler,,878-216-8682,Yucca Valley,United States,39604,Georgia,882 Custom House,1978-03-19
crmid:6641223780,cyanite1928@yahoo.com,Gil,Skinner,,076-116-1687,Hazel Park,United States,21987,Kentucky,31 Leona,1970-04-17
crmid:5837203107,amarelle1885@live.com,Rashad,Vaughn,,268-969-2058,Maricopa,United States,84769,New Hampshire,535 Ellington,1987-09-14
crmid:3406319603,purdah1845@yandex.com,Penney,Dale,female,471-386-7906,Oklahoma City,United States,26721,Colorado,833 Acevedo,1961-10-28
crmid:5659901146,amused1951@gmail.com,Dwain,Guthrie,,916-846-9898,Westlake,United States,99792,Hawaii,202 Mount,1983-12-10
crmid:5991712316,throne1871@yandex.com,Francis,Mcmillan,male,164-376-7856,Bonney Lake,United States,66572,Florida,219 Hancock,1940-10-29
crmid:5381729124,artemis1856@live.com,Dan,Baker,,235-300-2807,Wheeling,United States,76770,New Hampshire,62 Cosmo,1999-10-22
