id,crmid,propensity_score_credit_cards,suggested_credit_card,propensity_score_loan,suggested_loan
e02e62fa-4c72-11ea-8edd-b88a60e194fb-1-ps,crmid:3684784506,4,Student Card,4,Personal Loan
e065028a-4c72-11ea-af9c-b88a60e194fb-1-ps,crmid:7601103244,5,Travel Card,3,Business Loan
e065c5e2-4c72-11ea-97c8-b88a60e194fb-1-ps,crmid:4946571296,3,Platinum Card,6,Student Loan
e066891e-4c72-11ea-9ded-b88a60e194fb-1-ps,crmid:9398730229,4,Simplicity Card,5,Personal Loan
e0674c78-4c72-11ea-a537-b88a60e194fb-1-ps,crmid:9297479812,5,Simplicity Card,6,Personal Loan
e0685dcc-4c72-11ea-8afd-b88a60e194fb-1-ps,crmid:9793333109,5,Travel Card,4,Auto Loan
e068fa0a-4c72-11ea-97e6-b88a60e194fb-1-ps,crmid:7359499864,5,Dividend Card,6,Personal Loan
e069bd58-4c72-11ea-a312-b88a60e194fb-1-ps,crmid:3211332559,3,Business Card,7,Auto Loan
e09f734a-4c72-11ea-92f3-b88a60e194fb-1-ps,crmid:5952129494,4,Business Card,5,Personal Loan
e0a084e4-4c72-11ea-8cb4-b88a60e194fb-1-ps,crmid:9370445010,5,Rewards Card,4,Business Loan
e0a1bd62-4c72-11ea-9e6c-b88a60e194fb-1-ps,crmid:7172809541,4,Platinum Card,4,Personal Loan
e0a2a854-4c72-11ea-a450-b88a60e194fb-1-ps,crmid:1007129167,4,Travel Card,4,Student Loan
e0a36b06-4c72-11ea-ba93-b88a60e194fb-1-ps,crmid:2289037962,8,Simplicity Card,4,Auto Loan
e0a47c9c-4c72-11ea-9cf0-b88a60e194fb-1-ps,crmid:4338153486,7,Rewards Card,5,Student Loan
e0a566d2-4c72-11ea-ab43-b88a60e194fb-1-ps,crmid:3837911502,3,Platinum Card,4,Personal Loan
e0dd8d90-4c72-11ea-b75c-b88a60e194fb-1-ps,crmid:3723707077,7,Platinum Card,4,Personal Loan
e0de50dc-4c72-11ea-8082-b88a60e194fb-1-ps,crmid:6064245038,4,Rewards Card,5,Personal Loan
e0df3b54-4c72-11ea-9c1f-b88a60e194fb-1-ps,crmid:1410612708,4,Student Card,3,Student Loan
e0e04cca-4c72-11ea-a496-b88a60e194fb-1-ps,crmid:1744916286,5,Dividend Card,7,Auto Loan
e0e13740-4c72-11ea-b8e0-b88a60e194fb-1-ps,crmid:2442704960,5,Travel Card,5,Student Loan
e0e26fe8-4c72-11ea-bdcf-b88a60e194fb-1-ps,crmid:7877888180,4,Dividend Card,5,Student Loan
e0e35a00-4c72-11ea-b87e-b88a60e194fb-1-ps,crmid:7880925576,5,Simplicity Card,5,Auto Loan
e11c4446-4c72-11ea-8f06-b88a60e194fb-1-ps,crmid:3506335214,4,Travel Card,9,Personal Loan
e11d07ee-4c72-11ea-9432-b88a60e194fb-1-ps,crmid:4479218944,3,Business Card,5,Personal Loan
e11df1f0-4c72-11ea-a81e-b88a60e194fb-1-ps,crmid:5030035991,4,Student Card,3,Student Loan
e11eb540-4c72-11ea-b4c3-b88a60e194fb-1-ps,crmid:6547845849,4,Platinum Card,4,Student Loan
e11f788a-4c72-11ea-88b1-b88a60e194fb-1-ps,crmid:8622801955,7,Simplicity Card,4,Auto Loan
e12089f6-4c72-11ea-a885-b88a60e194fb-1-ps,crmid:5770053882,3,Platinum Card,6,Personal Loan
e121745c-4c72-11ea-92f1-b88a60e194fb-1-ps,crmid:7131554111,5,Business Card,5,Auto Loan
e156b51c-4c72-11ea-8bfa-b88a60e194fb-1-ps,crmid:4034902763,4,Travel Card,4,Personal Loan
e157a0a4-4c72-11ea-9819-b88a60e194fb-1-ps,crmid:1386634632,3,Platinum Card,5,Auto Loan
e1588b02-4c72-11ea-ab56-b88a60e194fb-1-ps,crmid:7112006014,4,Simplicity Card,7,Personal Loan
e1599bfe-4c72-11ea-bb11-b88a60e194fb-1-ps,crmid:3747148430,7,Travel Card,3,Personal Loan
e15a5eb0-4c72-11ea-842d-b88a60e194fb-1-ps,crmid:4691401681,4,Student Card,5,Auto Loan
e15b2208-4c72-11ea-81cd-b88a60e194fb-1-ps,crmid:8899139231,4,Student Card,4,Auto Loan
e15c5a92-4c72-11ea-b1f4-b88a60e194fb-1-ps,crmid:7104425268,2,Travel Card,5,Auto Loan
e1967d2e-4c72-11ea-8b36-b88a60e194fb-1-ps,crmid:6808593370,6,Business Card,4,Personal Loan
e197b640-4c72-11ea-9088-b88a60e194fb-1-ps,crmid:9187151087,4,Platinum Card,2,Student Loan
e198c78a-4c72-11ea-bc16-b88a60e194fb-1-ps,crmid:7686760473,4,Platinum Card,4,Business Loan
e199ffa4-4c72-11ea-bb9e-b88a60e194fb-1-ps,crmid:3837911502,3,Travel Card,5,Auto Loan
e19aeb78-4c72-11ea-b89c-b88a60e194fb-1-ps,crmid:9208890373,5,Simplicity Card,6,Personal Loan
e19c2292-4c72-11ea-81d9-b88a60e194fb-1-ps,crmid:6099322377,6,Platinum Card,4,Auto Loan
e19d0cc0-4c72-11ea-8413-b88a60e194fb-1-ps,crmid:8453529243,8,Rewards Card,5,Auto Loan
e1d760f0-4c72-11ea-a95c-b88a60e194fb-1-ps,crmid:6274043844,2,Student Card,3,Business Loan
e1d8dd3a-4c72-11ea-b4c7-b88a60e194fb-1-ps,crmid:1164962720,2,Rewards Card,5,Personal Loan
e1d9ef58-4c72-11ea-b372-b88a60e194fb-1-ps,crmid:1782594862,4,Platinum Card,4,Personal Loan
e1db005a-4c72-11ea-9dca-b88a60e194fb-1-ps,crmid:9570776018,5,Rewards Card,2,Personal Loan
e1dbea80-4c72-11ea-a8dc-b88a60e194fb-1-ps,crmid:8386574733,3,Student Card,8,Personal Loan
e1dcd4f6-4c72-11ea-b5c5-b88a60e194fb-1-ps,crmid:9756454573,3,Simplicity Card,3,Business Loan
e1dd9830-4c72-11ea-af49-b88a60e194fb-1-ps,crmid:3084001229,6,Rewards Card,8,Personal Loan
e21794f4-4c72-11ea-a40f-b88a60e194fb-1-ps,crmid:9228601607,2,Platinum Card,5,Auto Loan
e2187f4a-4c72-11ea-8b11-b88a60e194fb-1-ps,crmid:1600252631,5,Rewards Card,4,Auto Loan
e219693a-4c72-11ea-9853-b88a60e194fb-1-ps,crmid:8187408157,6,Platinum Card,4,Personal Loan
e21a53f0-4c72-11ea-81e8-b88a60e194fb-1-ps,crmid:1309581304,5,Rewards Card,4,Personal Loan
e21b8bae-4c72-11ea-a274-b88a60e194fb-1-ps,crmid:7776141009,5,Travel Card,5,Business Loan
e21c75c8-4c72-11ea-b522-b88a60e194fb-1-ps,crmid:7355401367,1,Business Card,5,Business Loan
e21d6068-4c72-11ea-b4be-b88a60e194fb-1-ps,crmid:2550943435,5,Rewards Card,10,Business Loan
e2567168-4c72-11ea-b7f2-b88a60e194fb-1-ps,crmid:7528069839,2,Platinum Card,5,Auto Loan
e25782f8-4c72-11ea-892d-b88a60e194fb-1-ps,crmid:9612813056,5,Business Card,4,Auto Loan
e258bb70-4c72-11ea-820a-b88a60e194fb-1-ps,crmid:7043355142,5,Dividend Card,6,Auto Loan
e259a5d4-4c72-11ea-9c56-b88a60e194fb-1-ps,crmid:8425196110,4,Platinum Card,3,Student Loan
e25a9042-4c72-11ea-8874-b88a60e194fb-1-ps,crmid:2905290631,5,Travel Card,5,Business Loan
e25ba198-4c72-11ea-94e1-b88a60e194fb-1-ps,crmid:7219866886,4,Business Card,5,Personal Loan
e25c8ce4-4c72-11ea-be21-b88a60e194fb-1-ps,crmid:6267811088,5,Platinum Card,7,Auto Loan
e29aa6ac-4c72-11ea-83e2-b88a60e194fb-1-ps,crmid:8219105177,5,Student Card,2,Auto Loan
e29b90a2-4c72-11ea-a8f9-b88a60e194fb-1-ps,crmid:1705539023,4,Business Card,5,Student Loan
e29ca22e-4c72-11ea-ad20-b88a60e194fb-1-ps,crmid:3928595338,4,Dividend Card,4,Student Loan
e29e01a4-4c72-11ea-98cb-b88a60e194fb-1-ps,crmid:5454474245,4,Travel Card,3,Business Loan
e29eec74-4c72-11ea-8887-b88a60e194fb-1-ps,crmid:4189408347,4,Student Card,2,Auto Loan
e2a0729e-4c72-11ea-979f-b88a60e194fb-1-ps,crmid:1404550047,6,Student Card,6,Personal Loan
e2a18436-4c72-11ea-8575-b88a60e194fb-1-ps,crmid:4069353125,5,Student Card,4,Personal Loan
e2d7fdb6-4c72-11ea-b066-b88a60e194fb-1-ps,crmid:1220687213,3,Rewards Card,4,Student Loan
e2d8c224-4c72-11ea-b49d-b88a60e194fb-1-ps,crmid:8724943252,4,Rewards Card,5,Personal Loan
e2d9ab34-4c72-11ea-b6da-b88a60e194fb-1-ps,crmid:3362727440,2,Rewards Card,3,Business Loan
e2da9582-4c72-11ea-848c-b88a60e194fb-1-ps,crmid:5053918582,3,Business Card,6,Student Loan
e2db7fbe-4c72-11ea-bbf3-b88a60e194fb-1-ps,crmid:9848839322,3,Platinum Card,6,Business Loan
e2dc6a2e-4c72-11ea-a9c8-b88a60e194fb-1-ps,crmid:8553492188,5,Platinum Card,4,Auto Loan
e2dd2d74-4c72-11ea-987f-b88a60e194fb-1-ps,crmid:7475863928,3,Dividend Card,4,Business Loan
e313318a-4c72-11ea-b05c-b88a60e194fb-1-ps,crmid:5472641975,3,Dividend Card,4,Personal Loan
e31469fe-4c72-11ea-9ff5-b88a60e194fb-1-ps,crmid:4334781269,3,Student Card,6,Personal Loan
e315545e-4c72-11ea-983c-b88a60e194fb-1-ps,crmid:2987522093,6,Student Card,4,Personal Loan
e3163eb6-4c72-11ea-aa52-b88a60e194fb-1-ps,crmid:9546944591,6,Student Card,4,Personal Loan
e317774a-4c72-11ea-88f4-b88a60e194fb-1-ps,crmid:8123978865,4,Student Card,6,Auto Loan
e318d6d4-4c72-11ea-9313-b88a60e194fb-1-ps,crmid:5918614716,3,Travel Card,4,Business Loan
e31a0fae-4c72-11ea-aea1-b88a60e194fb-1-ps,crmid:4676014222,5,Student Card,6,Student Loan
e35062c2-4c72-11ea-bf98-b88a60e194fb-1-ps,crmid:4700033999,5,Dividend Card,7,Business Loan
e35125f0-4c72-11ea-b95d-b88a60e194fb-1-ps,crmid:7830512614,4,Business Card,6,Student Loan
e351e92e-4c72-11ea-bcb0-b88a60e194fb-1-ps,crmid:1150073383,6,Platinum Card,6,Personal Loan
e352ab86-4c72-11ea-9208-b88a60e194fb-1-ps,crmid:5027751934,3,Rewards Card,3,Business Loan
e3539712-4c72-11ea-b654-b88a60e194fb-1-ps,crmid:7405605668,4,Student Card,4,Business Loan
e3545a28-4c72-11ea-bb3e-b88a60e194fb-1-ps,crmid:6992736377,3,Rewards Card,4,Auto Loan
e3556b98-4c72-11ea-920a-b88a60e194fb-1-ps,crmid:5484648153,4,Business Card,2,Personal Loan
e38afae8-4c72-11ea-8f90-b88a60e194fb-1-ps,crmid:2900016733,9,Dividend Card,5,Personal Loan
e38c0ae4-4c72-11ea-9a9d-b88a60e194fb-1-ps,crmid:8935892602,5,Business Card,3,Personal Loan
e38cce28-4c72-11ea-9f01-b88a60e194fb-1-ps,crmid:1494816578,5,Platinum Card,4,Personal Loan
e38d916e-4c72-11ea-9c9c-b88a60e194fb-1-ps,crmid:5268228207,5,Travel Card,5,Personal Loan
e38ea2d8-4c72-11ea-8644-b88a60e194fb-1-ps,crmid:4508962297,2,Dividend Card,5,Auto Loan
e38f6636-4c72-11ea-a579-b88a60e194fb-1-ps,crmid:5674159824,5,Platinum Card,4,Student Loan
e3902980-4c72-11ea-9c04-b88a60e194fb-1-ps,crmid:6691660268,5,Simplicity Card,9,Business Loan
e3c96212-4c72-11ea-bc0d-b88a60e194fb-1-ps,crmid:6457376892,4,Simplicity Card,5,Personal Loan
e3ca9ad0-4c72-11ea-9cb7-b88a60e194fb-1-ps,crmid:8360331943,8,Student Card,4,Personal Loan
e3cb5df4-4c72-11ea-bc83-b88a60e194fb-1-ps,crmid:3968719267,3,Business Card,4,Personal Loan
e3cc6f34-4c72-11ea-bcb5-b88a60e194fb-1-ps,crmid:8873453732,3,Rewards Card,2,Personal Loan
e3cd325c-4c72-11ea-9d29-b88a60e194fb-1-ps,crmid:6047809491,4,Business Card,4,Personal Loan
e3ce1ce2-4c72-11ea-bf29-b88a60e194fb-1-ps,crmid:2126101398,5,Dividend Card,4,Personal Loan
e3cee040-4c72-11ea-8e46-b88a60e194fb-1-ps,crmid:3131808543,4,Student Card,2,Student Loan
e40b25e2-4c72-11ea-8e88-b88a60e194fb-1-ps,crmid:9432473593,3,Simplicity Card,4,Personal Loan
e40c5e82-4c72-11ea-a48d-b88a60e194fb-1-ps,crmid:6685271512,5,Student Card,3,Personal Loan
e40d96fa-4c72-11ea-a0e7-b88a60e194fb-1-ps,crmid:1846853003,5,Platinum Card,5,Personal Loan
e40ecf76-4c72-11ea-bc1e-b88a60e194fb-1-ps,crmid:9724109473,4,Dividend Card,4,Personal Loan
e40fe0ec-4c72-11ea-ad4f-b88a60e194fb-1-ps,crmid:8190476568,4,Rewards Card,8,Student Loan
e410f258-4c72-11ea-9151-b88a60e194fb-1-ps,crmid:5030035991,3,Platinum Card,4,Personal Loan
e41251b0-4c72-11ea-86a6-b88a60e194fb-1-ps,crmid:1034872349,4,Business Card,8,Business Loan
e4548aae-4c72-11ea-817e-b88a60e194fb-1-ps,crmid:6886271715,3,Simplicity Card,9,Business Loan
e4559c46-4c72-11ea-8965-b88a60e194fb-1-ps,crmid:7992582585,4,Dividend Card,3,Student Loan
e456add0-4c72-11ea-97c0-b88a60e194fb-1-ps,crmid:4759533634,4,Rewards Card,4,Business Loan
e457e610-4c72-11ea-9f76-b88a60e194fb-1-ps,crmid:9997596390,5,Dividend Card,4,Student Loan
e4591e9e-4c72-11ea-aa46-b88a60e194fb-1-ps,crmid:9675552736,3,Simplicity Card,6,Business Loan
e45a57b8-4c72-11ea-b7bc-b88a60e194fb-1-ps,crmid:2839743085,4,Dividend Card,4,Business Loan
e45b8f90-4c72-11ea-a9b5-b88a60e194fb-1-ps,crmid:2304782850,3,Rewards Card,5,Personal Loan
e491e200-4c72-11ea-be8b-b88a60e194fb-1-ps,crmid:4339728099,7,Simplicity Card,4,Auto Loan
e492f336-4c72-11ea-8830-b88a60e194fb-1-ps,crmid:3069836956,5,Student Card,5,Personal Loan
e493ddb0-4c72-11ea-a8f4-b88a60e194fb-1-ps,crmid:1400774589,3,Rewards Card,3,Business Loan
e49516fe-4c72-11ea-9080-b88a60e194fb-1-ps,crmid:7130461057,5,Simplicity Card,3,Business Loan
e49675b4-4c72-11ea-b0b8-b88a60e194fb-1-ps,crmid:8340504517,3,Travel Card,4,Personal Loan
e497ae64-4c72-11ea-a894-b88a60e194fb-1-ps,crmid:4427779280,7,Student Card,3,Student Loan
e49934fa-4c72-11ea-be2d-b88a60e194fb-1-ps,crmid:8107395597,5,Simplicity Card,3,Business Loan
e4d9720c-4c72-11ea-aa8d-b88a60e194fb-1-ps,crmid:9059609445,8,Business Card,4,Business Loan
e4da5cca-4c72-11ea-939d-b88a60e194fb-1-ps,crmid:4126257940,4,Dividend Card,1,Student Loan
e4dbe2f0-4c72-11ea-97ee-b88a60e194fb-1-ps,crmid:1343549689,3,Student Card,4,Personal Loan
e4dd4282-4c72-11ea-a6b1-b88a60e194fb-1-ps,crmid:8463632020,5,Platinum Card,3,Personal Loan
e4de7b12-4c72-11ea-9d8c-b88a60e194fb-1-ps,crmid:1278648285,4,Dividend Card,8,Personal Loan
e4dfdaa8-4c72-11ea-8079-b88a60e194fb-1-ps,crmid:3096476829,3,Travel Card,3,Student Loan
e4e13a1e-4c72-11ea-9fb4-b88a60e194fb-1-ps,crmid:8512281498,5,Dividend Card,4,Personal Loan
e5380c9a-4c72-11ea-a514-b88a60e194fb-1-ps,crmid:3068003935,4,Platinum Card,5,Personal Loan
e539e180-4c72-11ea-943b-b88a60e194fb-1-ps,crmid:7731223554,6,Student Card,3,Business Loan
e53b67f6-4c72-11ea-a0a7-b88a60e194fb-1-ps,crmid:5369358872,4,Rewards Card,7,Business Loan
e53db1d2-4c72-11ea-9f8d-b88a60e194fb-1-ps,crmid:1633166430,4,Business Card,4,Business Loan
e53f3892-4c72-11ea-8310-b88a60e194fb-1-ps,crmid:6698824433,4,Travel Card,2,Personal Loan
e540bf28-4c72-11ea-a482-b88a60e194fb-1-ps,crmid:9489875040,4,Dividend Card,2,Personal Loan
e54245c2-4c72-11ea-8f16-b88a60e194fb-1-ps,crmid:3161880976,5,Platinum Card,3,Personal Loan
e5a32a4a-4c72-11ea-9239-b88a60e194fb-1-ps,crmid:4107211058,4,Simplicity Card,5,Personal Loan
e5a46354-4c72-11ea-8161-b88a60e194fb-1-ps,crmid:8135294470,6,Platinum Card,5,Business Loan
e5a59b5e-4c72-11ea-bd89-b88a60e194fb-1-ps,crmid:9577504415,4,Simplicity Card,3,Student Loan
e5a722c8-4c72-11ea-8d42-b88a60e194fb-1-ps,crmid:7884742293,3,Student Card,3,Student Loan
e5a85a7a-4c72-11ea-9fad-b88a60e194fb-1-ps,crmid:1635196122,4,Travel Card,4,Personal Loan
e5a9ba8a-4c72-11ea-a173-b88a60e194fb-1-ps,crmid:8090340184,4,Platinum Card,6,Business Loan
e5aaf276-4c72-11ea-8777-b88a60e194fb-1-ps,crmid:7213050129,4,Student Card,4,Personal Loan
e5eda15c-4c72-11ea-9cb8-b88a60e194fb-1-ps,crmid:4401682691,8,Platinum Card,4,Personal Loan
e5ef0058-4c72-11ea-9cac-b88a60e194fb-1-ps,crmid:2387887572,3,Travel Card,3,Student Loan
e5f086e8-4c72-11ea-bfde-b88a60e194fb-1-ps,crmid:6726595531,3,Travel Card,5,Business Loan
e5f1bf5a-4c72-11ea-931b-b88a60e194fb-1-ps,crmid:4150930444,3,Travel Card,4,Personal Loan
e5f2d0d0-4c72-11ea-aa2f-b88a60e194fb-1-ps,crmid:6009460781,3,Travel Card,3,Student Loan
e5f40968-4c72-11ea-8d63-b88a60e194fb-1-ps,crmid:3933611692,4,Simplicity Card,4,Business Loan
e5f51af0-4c72-11ea-83f3-b88a60e194fb-1-ps,crmid:7458503278,4,Student Card,5,Personal Loan
e6329aec-4c72-11ea-8df4-b88a60e194fb-1-ps,crmid:4386967878,9,Business Card,4,Personal Loan
e633d218-4c72-11ea-b747-b88a60e194fb-1-ps,crmid:5463093641,4,Student Card,3,Personal Loan
e634e336-4c72-11ea-af7c-b88a60e194fb-1-ps,crmid:5331276470,5,Student Card,4,Business Loan
e635f43e-4c72-11ea-9540-b88a60e194fb-1-ps,crmid:6620532157,3,Student Card,2,Business Loan
e637062e-4c72-11ea-95c5-b88a60e194fb-1-ps,crmid:7890128225,4,Platinum Card,3,Student Loan
e6383eae-4c72-11ea-a143-b88a60e194fb-1-ps,crmid:3016784058,4,Dividend Card,4,Business Loan
e639016e-4c72-11ea-9b30-b88a60e194fb-1-ps,crmid:2109428631,2,Rewards Card,3,Business Loan
e675bdba-4c72-11ea-813f-b88a60e194fb-1-ps,crmid:7198298472,4,Simplicity Card,3,Auto Loan
e676a6ca-4c72-11ea-bee0-b88a60e194fb-1-ps,crmid:2302113434,4,Platinum Card,4,Auto Loan
e677b846-4c72-11ea-88eb-b88a60e194fb-1-ps,crmid:1056872319,4,Rewards Card,4,Personal Loan
e678a394-4c72-11ea-ad70-b88a60e194fb-1-ps,crmid:4582328347,2,Rewards Card,6,Auto Loan
e6796698-4c72-11ea-836d-b88a60e194fb-1-ps,crmid:3406506507,9,Simplicity Card,5,Personal Loan
e67a9f4c-4c72-11ea-8b31-b88a60e194fb-1-ps,crmid:3299255205,5,Platinum Card,2,Student Loan
e67b88d4-4c72-11ea-bd5a-b88a60e194fb-1-ps,crmid:3322150813,3,Dividend Card,3,Auto Loan
e6b70afa-4c72-11ea-be20-b88a60e194fb-1-ps,crmid:6928083595,4,Dividend Card,5,Auto Loan
e6b7ce4a-4c72-11ea-a2fe-b88a60e194fb-1-ps,crmid:4785824724,5,Platinum Card,4,Student Loan
e6b89300-4c72-11ea-b146-b88a60e194fb-1-ps,crmid:6316544599,3,Rewards Card,5,Business Loan
e6b9a302-4c72-11ea-b44b-b88a60e194fb-1-ps,crmid:2178046712,3,Travel Card,9,Student Loan
e6ba676e-4c72-11ea-87c3-b88a60e194fb-1-ps,crmid:7785384963,3,Simplicity Card,3,Auto Loan
e6bb2a9e-4c72-11ea-9bb5-b88a60e194fb-1-ps,crmid:2255515840,4,Simplicity Card,3,Personal Loan
e6bbeda8-4c72-11ea-a319-b88a60e194fb-1-ps,crmid:1899181076,3,Student Card,4,Personal Loan
e6f9e180-4c72-11ea-af2d-b88a60e194fb-1-ps,crmid:8507715393,5,Travel Card,3,Personal Loan
e6faa4f4-4c72-11ea-8f80-b88a60e194fb-1-ps,crmid:8421374120,4,Student Card,4,Personal Loan
e6fb8e24-4c72-11ea-98d6-b88a60e194fb-1-ps,crmid:2167208341,3,Rewards Card,5,Student Loan
e6fc52ba-4c72-11ea-acbc-b88a60e194fb-1-ps,crmid:1002387514,4,Rewards Card,3,Personal Loan
e6fd15e2-4c72-11ea-b4c8-b88a60e194fb-1-ps,crmid:3497188080,4,Student Card,3,Personal Loan
e6fdd88c-4c72-11ea-9977-b88a60e194fb-1-ps,crmid:1888515899,8,Travel Card,3,Personal Loan
e6feea18-4c72-11ea-af8f-b88a60e194fb-1-ps,crmid:3804745948,4,Business Card,5,Personal Loan
e73589b4-4c72-11ea-adca-b88a60e194fb-1-ps,crmid:3326796809,4,Simplicity Card,4,Student Loan
e7367510-4c72-11ea-8221-b88a60e194fb-1-ps,crmid:8390867729,3,Rewards Card,6,Student Loan
e7373842-4c72-11ea-9d23-b88a60e194fb-1-ps,crmid:2449706994,3,Dividend Card,2,Auto Loan
e73822e6-4c72-11ea-8a85-b88a60e194fb-1-ps,crmid:2604222711,3,Rewards Card,3,Personal Loan
e738e5f0-4c72-11ea-919e-b88a60e194fb-1-ps,crmid:2981234383,3,Platinum Card,7,Auto Loan
e739a87a-4c72-11ea-aa04-b88a60e194fb-1-ps,crmid:6363402674,5,Simplicity Card,5,Personal Loan
e73a6b9c-4c72-11ea-9319-b88a60e194fb-1-ps,crmid:8605188902,3,Business Card,4,Auto Loan
e773a50c-4c72-11ea-bd9d-b88a60e194fb-1-ps,crmid:9525858329,3,Business Card,6,Personal Loan
e7746754-4c72-11ea-9984-b88a60e194fb-1-ps,crmid:2387887572,4,Business Card,4,Personal Loan
e7759ffa-4c72-11ea-ae43-b88a60e194fb-1-ps,crmid:7742264747,5,Dividend Card,5,Auto Loan
e77662fa-4c72-11ea-9c93-b88a60e194fb-1-ps,crmid:9727750519,3,Travel Card,4,Personal Loan
e776ff42-4c72-11ea-a0b8-b88a60e194fb-1-ps,crmid:7081498187,4,Simplicity Card,3,Personal Loan
e7783846-4c72-11ea-9f5b-b88a60e194fb-1-ps,crmid:1021545776,3,Simplicity Card,4,Personal Loan
e778fc5a-4c72-11ea-84cd-b88a60e194fb-1-ps,crmid:4473800043,4,Rewards Card,4,Auto Loan
e7bae5f0-4c72-11ea-b8a9-b88a60e194fb-1-ps,crmid:7114663638,3,Platinum Card,3,Personal Loan
e7bbd086-4c72-11ea-95b4-b88a60e194fb-1-ps,crmid:4679885688,3,Rewards Card,5,Auto Loan
e7bcbb1e-4c72-11ea-8604-b88a60e194fb-1-ps,crmid:7992955674,3,Student Card,4,Student Loan
e7bda54c-4c72-11ea-91e8-b88a60e194fb-1-ps,crmid:2370730930,3,Student Card,4,Business Loan
e7be8fa4-4c72-11ea-bfb4-b88a60e194fb-1-ps,crmid:4605765076,4,Platinum Card,4,Auto Loan
e7bfa270-4c72-11ea-9fac-b88a60e194fb-1-ps,crmid:1280710144,5,Business Card,8,Student Loan
e7c03ea4-4c72-11ea-a34e-b88a60e194fb-1-ps,crmid:5673970886,3,Travel Card,5,Personal Loan
e7f83d40-4c72-11ea-aaeb-b88a60e194fb-1-ps,crmid:2123580141,5,Rewards Card,4,Business Loan
e7f92966-4c72-11ea-9a36-b88a60e194fb-1-ps,crmid:2884827644,4,Travel Card,4,Student Loan
e7f9ec1e-4c72-11ea-869f-b88a60e194fb-1-ps,crmid:4960592672,3,Business Card,6,Auto Loan
e7faae22-4c72-11ea-92de-b88a60e194fb-1-ps,crmid:7877888180,5,Dividend Card,4,Auto Loan
e7fb71c6-4c72-11ea-ae0a-b88a60e194fb-1-ps,crmid:2184536903,4,Student Card,6,Auto Loan
e7fc5ba8-4c72-11ea-91a7-b88a60e194fb-1-ps,crmid:5099373794,3,Student Card,5,Personal Loan
e7fdbb42-4c72-11ea-ad84-b88a60e194fb-1-ps,crmid:6082393474,3,Platinum Card,3,Personal Loan
e8340e18-4c72-11ea-a03a-b88a60e194fb-1-ps,crmid:5688771527,3,Platinum Card,4,Personal Loan
e834f94a-4c72-11ea-a2f9-b88a60e194fb-1-ps,crmid:5173148311,3,Platinum Card,4,Personal Loan
e835e250-4c72-11ea-98c9-b88a60e194fb-1-ps,crmid:3498428780,3,Business Card,4,Personal Loan
e836cc9e-4c72-11ea-a4b4-b88a60e194fb-1-ps,crmid:3405024053,4,Dividend Card,4,Business Loan
e83790d2-4c72-11ea-8bb1-b88a60e194fb-1-ps,crmid:9172980605,4,Business Card,6,Student Loan
e8385342-4c72-11ea-8483-b88a60e194fb-1-ps,crmid:7122005371,4,Simplicity Card,4,Personal Loan
e8393d86-4c72-11ea-96a7-b88a60e194fb-1-ps,crmid:5175792128,5,Platinum Card,5,Auto Loan
e87312ae-4c72-11ea-9420-b88a60e194fb-1-ps,crmid:8011114662,5,Travel Card,4,Student Loan
e873d588-4c72-11ea-bd55-b88a60e194fb-1-ps,crmid:6714850105,4,Business Card,5,Personal Loan
e874bfca-4c72-11ea-a53f-b88a60e194fb-1-ps,crmid:9484080896,4,Student Card,3,Auto Loan
e8758322-4c72-11ea-948d-b88a60e194fb-1-ps,crmid:7209010504,5,Student Card,9,Business Loan
e8766d76-4c72-11ea-8584-b88a60e194fb-1-ps,crmid:7493975346,4,Travel Card,3,Personal Loan
e87730d2-4c72-11ea-a34d-b88a60e194fb-1-ps,crmid:4170650890,3,Rewards Card,5,Student Loan
e877f422-4c72-11ea-81cf-b88a60e194fb-1-ps,crmid:3927664538,6,Platinum Card,5,Personal Loan
e8b59986-4c72-11ea-bed5-b88a60e194fb-1-ps,crmid:1354835474,4,Student Card,5,Personal Loan
e8b683d8-4c72-11ea-9f6a-b88a60e194fb-1-ps,crmid:6115252679,4,Student Card,5,Business Loan
e8b79548-4c72-11ea-9000-b88a60e194fb-1-ps,crmid:1244622487,3,Rewards Card,6,Business Loan
e8b85898-4c72-11ea-8021-b88a60e194fb-1-ps,crmid:8205933230,8,Travel Card,6,Personal Loan
e8b94310-4c72-11ea-bc44-b88a60e194fb-1-ps,crmid:6569627431,4,Dividend Card,7,Auto Loan
e8ba0650-4c72-11ea-a582-b88a60e194fb-1-ps,crmid:2103230096,4,Rewards Card,4,Student Loan
e8bac988-4c72-11ea-a97d-b88a60e194fb-1-ps,crmid:1566040678,4,Student Card,6,Personal Loan
e8f27b4c-4c72-11ea-88f6-b88a60e194fb-1-ps,crmid:3987583185,4,Simplicity Card,3,Business Loan
e8f33eb6-4c72-11ea-b940-b88a60e194fb-1-ps,crmid:1912328987,5,Platinum Card,5,Student Loan
e8f40326-4c72-11ea-a491-b88a60e194fb-1-ps,crmid:2395128024,4,Dividend Card,5,Auto Loan
e8f4c67a-4c72-11ea-9ad6-b88a60e194fb-1-ps,crmid:4285387870,3,Simplicity Card,8,Student Loan
e8f5d752-4c72-11ea-a980-b88a60e194fb-1-ps,crmid:6727062763,2,Dividend Card,6,Student Loan
e8f6c10a-4c72-11ea-ae7e-b88a60e194fb-1-ps,crmid:6485250828,5,Simplicity Card,4,Personal Loan
e8f7ab8a-4c72-11ea-8cd8-b88a60e194fb-1-ps,crmid:5171333830,3,Dividend Card,3,Auto Loan
e9318000-4c72-11ea-a58e-b88a60e194fb-1-ps,crmid:2509958226,4,Simplicity Card,6,Personal Loan
e93244a2-4c72-11ea-bc2b-b88a60e194fb-1-ps,crmid:8238183616,4,Platinum Card,4,Personal Loan
e9332e18-4c72-11ea-88d2-b88a60e194fb-1-ps,crmid:6167037127,3,Dividend Card,8,Business Loan
e933f0e4-4c72-11ea-ae1c-b88a60e194fb-1-ps,crmid:9892961760,4,Business Card,9,Personal Loan
e934db3e-4c72-11ea-8ce4-b88a60e194fb-1-ps,crmid:7880309907,4,Simplicity Card,3,Business Loan
e935ed0a-4c72-11ea-9d61-b88a60e194fb-1-ps,crmid:3956353689,3,Business Card,5,Personal Loan
e9374d9a-4c72-11ea-bf70-b88a60e194fb-1-ps,crmid:9572163748,5,Business Card,5,Business Loan
e9745562-4c72-11ea-9790-b88a60e194fb-1-ps,crmid:4156424237,5,Business Card,3,Business Loan
e9753fba-4c72-11ea-8999-b88a60e194fb-1-ps,crmid:9256109848,4,Business Card,3,Personal Loan
e97602f8-4c72-11ea-8ff4-b88a60e194fb-1-ps,crmid:6950070627,2,Business Card,1,Business Loan
e976c658-4c72-11ea-b88e-b88a60e194fb-1-ps,crmid:1777996776,5,Simplicity Card,8,Business Loan
e977b082-4c72-11ea-b1cc-b88a60e194fb-1-ps,crmid:7197881870,5,Student Card,4,Business Loan
e9789c4a-4c72-11ea-afce-b88a60e194fb-1-ps,crmid:7173224238,5,Rewards Card,6,Student Loan
e9795e5c-4c72-11ea-a817-b88a60e194fb-1-ps,crmid:2901767359,5,Platinum Card,7,Personal Loan
e9b57ccc-4c72-11ea-a06e-b88a60e194fb-1-ps,crmid:5040843617,4,Student Card,2,Auto Loan
e9b68e62-4c72-11ea-a687-b88a60e194fb-1-ps,crmid:3801618896,4,Travel Card,9,Personal Loan
e9b77890-4c72-11ea-ae86-b88a60e194fb-1-ps,crmid:4113449295,4,Dividend Card,4,Auto Loan
e9b862f6-4c72-11ea-a553-b88a60e194fb-1-ps,crmid:9234852604,4,Rewards Card,5,Personal Loan
e9b9c348-4c72-11ea-855b-b88a60e194fb-1-ps,crmid:6815178423,4,Travel Card,3,Auto Loan
e9baad00-4c72-11ea-ae4e-b88a60e194fb-1-ps,crmid:2161863729,9,Rewards Card,3,Personal Loan
e9bb973e-4c72-11ea-ae89-b88a60e194fb-1-ps,crmid:8057227994,3,Dividend Card,9,Personal Loan
e9f3e592-4c72-11ea-83ef-b88a60e194fb-1-ps,crmid:2640431809,5,Dividend Card,3,Auto Loan
e9f4a8b6-4c72-11ea-871b-b88a60e194fb-1-ps,crmid:8015543733,3,Business Card,3,Personal Loan
e9f59310-4c72-11ea-910f-b88a60e194fb-1-ps,crmid:7481689504,3,Dividend Card,7,Personal Loan
e9f656f8-4c72-11ea-970c-b88a60e194fb-1-ps,crmid:7283287702,4,Travel Card,4,Business Loan
e9f719ac-4c72-11ea-a56e-b88a60e194fb-1-ps,crmid:6652685975,4,Travel Card,4,Auto Loan
e9f7dde8-4c72-11ea-b9d4-b88a60e194fb-1-ps,crmid:5588861297,5,Platinum Card,3,Business Loan
e9f8a13a-4c72-11ea-a4c3-b88a60e194fb-1-ps,crmid:6649782324,2,Dividend Card,4,Business Loan
ea331136-4c72-11ea-bf64-b88a60e194fb-1-ps,crmid:5390337068,3,Business Card,5,Auto Loan
ea33d56c-4c72-11ea-884b-b88a60e194fb-1-ps,crmid:8294193914,4,Travel Card,4,Personal Loan
ea34becc-4c72-11ea-adef-b88a60e194fb-1-ps,crmid:5574268349,4,Simplicity Card,5,Student Loan
ea358246-4c72-11ea-9613-b88a60e194fb-1-ps,crmid:1009698214,6,Platinum Card,4,Auto Loan
ea36454c-4c72-11ea-b66c-b88a60e194fb-1-ps,crmid:2748119379,2,Business Card,3,Auto Loan
ea372fbe-4c72-11ea-9f5b-b88a60e194fb-1-ps,crmid:8388732881,5,Platinum Card,7,Auto Loan
ea38683a-4c72-11ea-86b5-b88a60e194fb-1-ps,crmid:2717093948,4,Business Card,3,Personal Loan
ea730038-4c72-11ea-938b-b88a60e194fb-1-ps,crmid:5119689710,3,Rewards Card,5,Personal Loan
ea73ece4-4c72-11ea-8e4b-b88a60e194fb-1-ps,crmid:3878302885,3,Student Card,2,Personal Loan
ea74d50a-4c72-11ea-b99b-b88a60e194fb-1-ps,crmid:7027818429,4,Rewards Card,4,Personal Loan
ea75bf7a-4c72-11ea-b64b-b88a60e194fb-1-ps,crmid:3006661893,3,Travel Card,4,Business Loan
ea76a9c0-4c72-11ea-bea0-b88a60e194fb-1-ps,crmid:3509860333,4,Platinum Card,5,Auto Loan
ea779598-4c72-11ea-92b1-b88a60e194fb-1-ps,crmid:2312397847,5,Rewards Card,3,Student Loan
ea787e7a-4c72-11ea-8bb9-b88a60e194fb-1-ps,crmid:8200461519,4,Platinum Card,1,Personal Loan
eab38d26-4c72-11ea-b930-b88a60e194fb-1-ps,crmid:4162664059,5,Business Card,5,Personal Loan
eab44ee8-4c72-11ea-81a8-b88a60e194fb-1-ps,crmid:4180877847,3,Student Card,4,Student Loan
eab5125c-4c72-11ea-aa94-b88a60e194fb-1-ps,crmid:3153557677,4,Rewards Card,5,Business Loan
eab5d670-4c72-11ea-9b1d-b88a60e194fb-1-ps,crmid:5344714216,4,Travel Card,4,Auto Loan
eab698dc-4c72-11ea-ae46-b88a60e194fb-1-ps,crmid:4173685881,5,Dividend Card,3,Personal Loan
eab75c2c-4c72-11ea-a5d0-b88a60e194fb-1-ps,crmid:6780579432,3,Platinum Card,2,Business Loan
eab86da8-4c72-11ea-99fc-b88a60e194fb-1-ps,crmid:3817646932,3,Simplicity Card,2,Personal Loan
eaf54f8a-4c72-11ea-8a1a-b88a60e194fb-1-ps,crmid:7033675756,4,Rewards Card,5,Personal Loan
eaf639dc-4c72-11ea-8da6-b88a60e194fb-1-ps,crmid:7669244336,3,Business Card,4,Auto Loan
eaf6fe80-4c72-11ea-a0f5-b88a60e194fb-1-ps,crmid:2468483583,5,Travel Card,4,Business Loan
eaf7e878-4c72-11ea-9f17-b88a60e194fb-1-ps,crmid:1976225909,2,Rewards Card,5,Personal Loan
eaf8f9b8-4c72-11ea-99ee-b88a60e194fb-1-ps,crmid:3035559013,3,Dividend Card,5,Business Loan
eafa0ae4-4c72-11ea-9665-b88a60e194fb-1-ps,crmid:6258937737,5,Simplicity Card,5,Student Loan
eafacf7e-4c72-11ea-87fb-b88a60e194fb-1-ps,crmid:8483614896,4,Student Card,6,Business Loan
eb3762ca-4c72-11ea-9b1e-b88a60e194fb-1-ps,crmid:2382361414,4,Student Card,4,Personal Loan
eb3824f0-4c72-11ea-ad6b-b88a60e194fb-1-ps,crmid:8502514572,4,Rewards Card,4,Student Loan
eb390f12-4c72-11ea-aa8f-b88a60e194fb-1-ps,crmid:8969702846,5,Travel Card,4,Auto Loan
eb39d3ac-4c72-11ea-9cae-b88a60e194fb-1-ps,crmid:6124892601,4,Dividend Card,4,Personal Loan
eb3abdc8-4c72-11ea-bcf0-b88a60e194fb-1-ps,crmid:4776495772,4,Rewards Card,5,Business Loan
eb3b8108-4c72-11ea-af1b-b88a60e194fb-1-ps,crmid:6701080942,6,Dividend Card,2,Auto Loan
eb3c4452-4c72-11ea-890b-b88a60e194fb-1-ps,crmid:7209010504,5,Simplicity Card,3,Business Loan
eb77c58a-4c72-11ea-8e46-b88a60e194fb-1-ps,crmid:5368258793,9,Dividend Card,2,Personal Loan
eb797376-4c72-11ea-9979-b88a60e194fb-1-ps,crmid:2595929101,4,Travel Card,4,Business Loan
eb7a5d9c-4c72-11ea-a4db-b88a60e194fb-1-ps,crmid:3696282535,3,Business Card,5,Personal Loan
eb7bbd58-4c72-11ea-9364-b88a60e194fb-1-ps,crmid:6985539562,4,Rewards Card,2,Student Loan
eb7cf5c2-4c72-11ea-83a5-b88a60e194fb-1-ps,crmid:2429967486,3,Platinum Card,3,Personal Loan
eb7e073a-4c72-11ea-906a-b88a60e194fb-1-ps,crmid:8808550049,3,Rewards Card,4,Personal Loan
eb7eca94-4c72-11ea-90a3-b88a60e194fb-1-ps,crmid:5242562295,3,Travel Card,4,Business Loan
ebb93b74-4c72-11ea-88f8-b88a60e194fb-1-ps,crmid:9234852604,4,Platinum Card,3,Business Loan
ebba7400-4c72-11ea-8b2e-b88a60e194fb-1-ps,crmid:5770731255,5,Rewards Card,9,Business Loan
ebbb5e40-4c72-11ea-8316-b88a60e194fb-1-ps,crmid:4737798943,4,Simplicity Card,9,Personal Loan
ebbcbe5a-4c72-11ea-8dfe-b88a60e194fb-1-ps,crmid:2640011258,4,Student Card,4,Business Loan
ebbe1ec0-4c72-11ea-833a-b88a60e194fb-1-ps,crmid:8630447456,3,Simplicity Card,9,Personal Loan
ebbf7d18-4c72-11ea-9e97-b88a60e194fb-1-ps,crmid:4545807833,5,Travel Card,5,Business Loan
ebc0b5a4-4c72-11ea-928e-b88a60e194fb-1-ps,crmid:1724574974,4,Travel Card,6,Personal Loan
ebfa14dc-4c72-11ea-be14-b88a60e194fb-1-ps,crmid:6260904585,3,Business Card,2,Student Loan
ebfaffe2-4c72-11ea-a4fc-b88a60e194fb-1-ps,crmid:1521968576,5,Platinum Card,2,Student Loan
ebfbc292-4c72-11ea-b011-b88a60e194fb-1-ps,crmid:2710490333,8,Platinum Card,6,Auto Loan
ebfc8664-4c72-11ea-a979-b88a60e194fb-1-ps,crmid:3013409603,3,Travel Card,5,Personal Loan
ebfd715a-4c72-11ea-9ed5-b88a60e194fb-1-ps,crmid:7706646054,3,Student Card,4,Auto Loan
ebfe5b6e-4c72-11ea-ad98-b88a60e194fb-1-ps,crmid:9562452288,5,Dividend Card,5,Auto Loan
ebff1df0-4c72-11ea-b4af-b88a60e194fb-1-ps,crmid:7675009052,3,Business Card,9,Personal Loan
ec380988-4c72-11ea-a259-b88a60e194fb-1-ps,crmid:3369630210,5,Dividend Card,6,Student Loan
ec38ccd2-4c72-11ea-b847-b88a60e194fb-1-ps,crmid:6581158691,5,Rewards Card,4,Business Loan
ec398ed0-4c72-11ea-9bf5-b88a60e194fb-1-ps,crmid:5207195540,3,Dividend Card,8,Business Loan
ec3a792e-4c72-11ea-9320-b88a60e194fb-1-ps,crmid:6634158324,4,Student Card,4,Auto Loan
ec3b3cc6-4c72-11ea-aada-b88a60e194fb-1-ps,crmid:9808216814,4,Student Card,4,Personal Loan
ec3bda00-4c72-11ea-9a86-b88a60e194fb-1-ps,crmid:8127437927,5,Business Card,5,Personal Loan
ec3ceae4-4c72-11ea-b7b6-b88a60e194fb-1-ps,crmid:1645954328,6,Simplicity Card,4,Personal Loan
ec781e6c-4c72-11ea-b5dc-b88a60e194fb-1-ps,crmid:4663099783,5,Student Card,5,Auto Loan
ec78e1cc-4c72-11ea-9424-b88a60e194fb-1-ps,crmid:5788633091,3,Simplicity Card,4,Personal Loan
ec79cc18-4c72-11ea-b1e7-b88a60e194fb-1-ps,crmid:8715069254,5,Dividend Card,9,Personal Loan
ec7a90a6-4c72-11ea-b482-b88a60e194fb-1-ps,crmid:9718378801,4,Dividend Card,6,Business Loan
ec7b79ac-4c72-11ea-a1a0-b88a60e194fb-1-ps,crmid:4532651966,5,Dividend Card,5,Student Loan
ec7c64b0-4c72-11ea-b5f8-b88a60e194fb-1-ps,crmid:3512351366,5,Rewards Card,4,Personal Loan
ec7d7558-4c72-11ea-aa70-b88a60e194fb-1-ps,crmid:1448477313,5,Student Card,8,Auto Loan
ecc6b33e-4c72-11ea-b2fb-b88a60e194fb-1-ps,crmid:7967308543,5,Simplicity Card,5,Student Loan
ecc7ebc0-4c72-11ea-b09e-b88a60e194fb-1-ps,crmid:2787412171,3,Travel Card,3,Personal Loan
ecc94b76-4c72-11ea-b7f6-b88a60e194fb-1-ps,crmid:2833834044,5,Platinum Card,5,Student Loan
ecca5cca-4c72-11ea-881d-b88a60e194fb-1-ps,crmid:5089274624,4,Simplicity Card,3,Personal Loan
eccb9552-4c72-11ea-b392-b88a60e194fb-1-ps,crmid:3337795355,3,Student Card,5,Student Loan
eccccdd4-4c72-11ea-9ca6-b88a60e194fb-1-ps,crmid:7927994278,4,Travel Card,3,Auto Loan
ecce0666-4c72-11ea-8966-b88a60e194fb-1-ps,crmid:2461728166,3,Platinum Card,2,Student Loan
ed1a5252-4c72-11ea-94cc-b88a60e194fb-1-ps,crmid:6859129447,5,Business Card,4,Personal Loan
ed1b3bd8-4c72-11ea-a41d-b88a60e194fb-1-ps,crmid:5788808422,3,Rewards Card,5,Personal Loan
ed1c9b6c-4c72-11ea-9447-b88a60e194fb-1-ps,crmid:5345176066,4,Business Card,4,Auto Loan
ed1dd3e8-4c72-11ea-b9a6-b88a60e194fb-1-ps,crmid:4174432083,4,Student Card,5,Student Loan
ed1f0c6e-4c72-11ea-8583-b88a60e194fb-1-ps,crmid:1554066429,3,Travel Card,3,Student Loan
ed2044de-4c72-11ea-96c9-b88a60e194fb-1-ps,crmid:7347800566,4,Simplicity Card,5,Personal Loan
ed212f3e-4c72-11ea-93c7-b88a60e194fb-1-ps,crmid:3422778297,4,Student Card,3,Business Loan
ed7a249e-4c72-11ea-82ca-b88a60e194fb-1-ps,crmid:9147651749,4,Rewards Card,3,Personal Loan
ed7c208a-4c72-11ea-b0c9-b88a60e194fb-1-ps,crmid:8237806594,5,Rewards Card,1,Personal Loan
ed7da710-4c72-11ea-8c4e-b88a60e194fb-1-ps,crmid:4532631694,5,Business Card,7,Personal Loan
ed7f2dba-4c72-11ea-95c6-b88a60e194fb-1-ps,crmid:6633860942,4,Simplicity Card,4,Business Loan
ed80b44a-4c72-11ea-91bc-b88a60e194fb-1-ps,crmid:6049725966,3,Business Card,3,Student Loan
ed828908-4c72-11ea-bd12-b88a60e194fb-1-ps,crmid:6784744923,5,Travel Card,5,Personal Loan
ed8436c6-4c72-11ea-ae4b-b88a60e194fb-1-ps,crmid:5235483697,4,Platinum Card,4,Personal Loan
edc537ee-4c72-11ea-8d32-b88a60e194fb-1-ps,crmid:5673350247,4,Travel Card,4,Auto Loan
edc5fc52-4c72-11ea-b0d4-b88a60e194fb-1-ps,crmid:3609832138,4,Platinum Card,3,Personal Loan
edc6e4f4-4c72-11ea-ae0e-b88a60e194fb-1-ps,crmid:1850504738,5,Travel Card,4,Business Loan
edc7a85c-4c72-11ea-8623-b88a60e194fb-1-ps,crmid:4666584455,4,Travel Card,3,Personal Loan
edc8ba06-4c72-11ea-a387-b88a60e194fb-1-ps,crmid:9425142614,3,Business Card,3,Business Loan
edca1954-4c72-11ea-9a32-b88a60e194fb-1-ps,crmid:4434842275,4,Platinum Card,5,Business Loan
edcb03d2-4c72-11ea-a6aa-b88a60e194fb-1-ps,crmid:4048772812,2,Platinum Card,4,Business Loan
ee0bb624-4c72-11ea-bba7-b88a60e194fb-1-ps,crmid:6740757799,5,Student Card,5,Personal Loan
ee0c7980-4c72-11ea-aee2-b88a60e194fb-1-ps,crmid:7372888003,3,Student Card,4,Auto Loan
ee0dd8f4-4c72-11ea-99ec-b88a60e194fb-1-ps,crmid:2470792639,3,Business Card,3,Auto Loan
ee0f388c-4c72-11ea-afa9-b88a60e194fb-1-ps,crmid:9160468415,5,Dividend Card,3,Auto Loan
ee107112-4c72-11ea-b5d6-b88a60e194fb-1-ps,crmid:5445680485,5,Travel Card,3,Business Loan
ee11d092-4c72-11ea-a735-b88a60e194fb-1-ps,crmid:7787284017,3,Simplicity Card,3,Personal Loan
ee135728-4c72-11ea-b052-b88a60e194fb-1-ps,crmid:4751898632,4,Dividend Card,3,Student Loan
ee58c48a-4c72-11ea-9395-b88a60e194fb-1-ps,crmid:1441553330,3,Simplicity Card,5,Auto Loan
ee5987ca-4c72-11ea-8554-b88a60e194fb-1-ps,crmid:1574856714,2,Dividend Card,8,Business Loan
ee5a4c22-4c72-11ea-8f41-b88a60e194fb-1-ps,crmid:7726205725,4,Dividend Card,7,Personal Loan
ee5b0fe8-4c72-11ea-84b1-b88a60e194fb-1-ps,crmid:8947104984,3,Student Card,4,Student Loan
ee5bd30c-4c72-11ea-b99a-b88a60e194fb-1-ps,crmid:3633036794,4,Travel Card,4,Business Loan
ee5c951a-4c72-11ea-b45a-b88a60e194fb-1-ps,crmid:7060455073,6,Student Card,4,Personal Loan
ee5d7f82-4c72-11ea-a237-b88a60e194fb-1-ps,crmid:3281007838,4,Simplicity Card,4,Auto Loan
ee988cf6-4c72-11ea-ba4e-b88a60e194fb-1-ps,crmid:3006031715,5,Dividend Card,4,Personal Loan
ee9976d2-4c72-11ea-a3a9-b88a60e194fb-1-ps,crmid:1333673845,5,Dividend Card,4,Personal Loan
ee9a612e-4c72-11ea-8d19-b88a60e194fb-1-ps,crmid:4765468828,5,Rewards Card,4,Business Loan
ee9b2482-4c72-11ea-99b5-b88a60e194fb-1-ps,crmid:6009460781,4,Dividend Card,4,Personal Loan
ee9c0eec-4c72-11ea-8e88-b88a60e194fb-1-ps,crmid:9562452288,4,Rewards Card,4,Student Loan
ee9cf942-4c72-11ea-a515-b88a60e194fb-1-ps,crmid:9392900010,3,Rewards Card,8,Auto Loan
ee9dbc90-4c72-11ea-ab68-b88a60e194fb-1-ps,crmid:5918614716,5,Rewards Card,4,Personal Loan
eedb61b6-4c72-11ea-b78f-b88a60e194fb-1-ps,crmid:4383088077,4,Platinum Card,5,Auto Loan
eedc4c18-4c72-11ea-a3a1-b88a60e194fb-1-ps,crmid:4647895530,3,Business Card,4,Auto Loan
eedd36b4-4c72-11ea-8a64-b88a60e194fb-1-ps,crmid:7063436079,3,Business Card,7,Student Loan
eede47dc-4c72-11ea-aec8-b88a60e194fb-1-ps,crmid:7325015563,4,Rewards Card,3,Business Loan
eedf325e-4c72-11ea-8d2d-b88a60e194fb-1-ps,crmid:4215336372,3,Travel Card,5,Personal Loan
eedff6ae-4c72-11ea-ab6a-b88a60e194fb-1-ps,crmid:1843622989,4,Business Card,5,Personal Loan
eee10740-4c72-11ea-9785-b88a60e194fb-1-ps,crmid:2072337688,5,Platinum Card,3,Student Loan
ef1e104c-4c72-11ea-a894-b88a60e194fb-1-ps,crmid:5740501203,3,Rewards Card,3,Personal Loan
ef1efa80-4c72-11ea-b264-b88a60e194fb-1-ps,crmid:8264212412,4,Dividend Card,3,Business Loan
ef1fbd8c-4c72-11ea-b61f-b88a60e194fb-1-ps,crmid:3206866618,4,Dividend Card,5,Business Loan
ef20f658-4c72-11ea-b833-b88a60e194fb-1-ps,crmid:6190493674,5,Platinum Card,5,Personal Loan
ef222eb8-4c72-11ea-a04f-b88a60e194fb-1-ps,crmid:8541383899,3,Rewards Card,5,Personal Loan
ef23190c-4c72-11ea-a5c7-b88a60e194fb-1-ps,crmid:3845071200,4,Rewards Card,3,Personal Loan
ef2478c8-4c72-11ea-92e5-b88a60e194fb-1-ps,crmid:9197303161,3,Simplicity Card,3,Auto Loan
ef6a343e-4c72-11ea-9ad4-b88a60e194fb-1-ps,crmid:3406355705,2,Travel Card,6,Business Loan
ef6b93a6-4c72-11ea-adca-b88a60e194fb-1-ps,crmid:3935132168,2,Travel Card,3,Personal Loan
ef6d4162-4c72-11ea-9cd7-b88a60e194fb-1-ps,crmid:5420923889,9,Travel Card,4,Auto Loan
ef6ec7e4-4c72-11ea-9646-b88a60e194fb-1-ps,crmid:6353703488,8,Travel Card,4,Student Loan
ef700066-4c72-11ea-b084-b88a60e194fb-1-ps,crmid:8540727069,3,Simplicity Card,4,Student Loan
ef7138ee-4c72-11ea-8d7f-b88a60e194fb-1-ps,crmid:7488202911,5,Travel Card,3,Auto Loan
ef72bf9e-4c72-11ea-ab4e-b88a60e194fb-1-ps,crmid:1006861846,3,Travel Card,8,Business Loan
efbb611e-4c72-11ea-8b9b-b88a60e194fb-1-ps,crmid:5587009676,4,Student Card,5,Auto Loan
efbc4ba8-4c72-11ea-a440-b88a60e194fb-1-ps,crmid:6570461771,3,Student Card,2,Personal Loan
efbd0efe-4c72-11ea-8ffc-b88a60e194fb-1-ps,crmid:4260056031,4,Rewards Card,4,Student Loan
efbdf98a-4c72-11ea-a27b-b88a60e194fb-1-ps,crmid:4105584117,4,Rewards Card,5,Personal Loan
efbee3d8-4c72-11ea-81e1-b88a60e194fb-1-ps,crmid:8668447591,4,Platinum Card,5,Personal Loan
efbfa706-4c72-11ea-9292-b88a60e194fb-1-ps,crmid:3770587554,4,Business Card,4,Personal Loan
efc09174-4c72-11ea-b8df-b88a60e194fb-1-ps,crmid:2958619522,3,Student Card,3,Personal Loan
f004c630-4c72-11ea-aff2-b88a60e194fb-1-ps,crmid:3679523083,3,Rewards Card,6,Personal Loan
f005b0ae-4c72-11ea-8403-b88a60e194fb-1-ps,crmid:2218497733,4,Travel Card,5,Business Loan
f0071062-4c72-11ea-8b5d-b88a60e194fb-1-ps,crmid:3750070067,9,Dividend Card,3,Personal Loan
f007d37e-4c72-11ea-ba25-b88a60e194fb-1-ps,crmid:4490905146,5,Rewards Card,3,Personal Loan
f0090c18-4c72-11ea-bd41-b88a60e194fb-1-ps,crmid:5622287957,2,Business Card,6,Personal Loan
f009f640-4c72-11ea-ac60-b88a60e194fb-1-ps,crmid:2894153914,5,Student Card,3,Auto Loan
f00b07ca-4c72-11ea-b62b-b88a60e194fb-1-ps,crmid:2101440773,5,Simplicity Card,6,Personal Loan
f04fd8c6-4c72-11ea-913b-b88a60e194fb-1-ps,crmid:2035831088,4,Business Card,7,Personal Loan
f050ea4c-4c72-11ea-aac6-b88a60e194fb-1-ps,crmid:3336879845,4,Business Card,4,Business Loan
f05222cc-4c72-11ea-b691-b88a60e194fb-1-ps,crmid:7041697186,3,Platinum Card,5,Student Loan
f053829c-4c72-11ea-9e14-b88a60e194fb-1-ps,crmid:3355360552,4,Business Card,4,Personal Loan
f05493de-4c72-11ea-bec1-b88a60e194fb-1-ps,crmid:7291006789,4,Simplicity Card,4,Auto Loan
f0557e2c-4c72-11ea-8442-b88a60e194fb-1-ps,crmid:2304207079,4,Business Card,4,Auto Loan
f056b748-4c72-11ea-bfcf-b88a60e194fb-1-ps,crmid:7132114464,3,Simplicity Card,4,Business Loan
f0967f7a-4c72-11ea-ba13-b88a60e194fb-1-ps,crmid:7085803146,3,Rewards Card,4,Personal Loan
f098a18c-4c72-11ea-8de8-b88a60e194fb-1-ps,crmid:9201558004,4,Simplicity Card,4,Personal Loan
f09a767a-4c72-11ea-8daf-b88a60e194fb-1-ps,crmid:9072274106,4,Rewards Card,5,Auto Loan
f09c2400-4c72-11ea-8b3d-b88a60e194fb-1-ps,crmid:4785911463,5,Dividend Card,3,Personal Loan
f09dd1b4-4c72-11ea-938d-b88a60e194fb-1-ps,crmid:7234988547,4,Dividend Card,5,Business Loan
f09ff4fe-4c72-11ea-89ff-b88a60e194fb-1-ps,crmid:8833236681,4,Travel Card,3,Personal Loan
f0a17b3e-4c72-11ea-aba8-b88a60e194fb-1-ps,crmid:3666874605,3,Travel Card,5,Personal Loan
f0e49ec6-4c72-11ea-a7d4-b88a60e194fb-1-ps,crmid:9936374314,2,Travel Card,9,Student Loan
f0e56226-4c72-11ea-a94a-b88a60e194fb-1-ps,crmid:4989885670,3,Travel Card,4,Personal Loan
f0e64e00-4c72-11ea-aa52-b88a60e194fb-1-ps,crmid:6251466957,1,Simplicity Card,4,Personal Loan
f0e736ba-4c72-11ea-9278-b88a60e194fb-1-ps,crmid:5166527085,4,Student Card,8,Student Loan
f0e82210-4c72-11ea-a895-b88a60e194fb-1-ps,crmid:4647259664,3,Travel Card,5,Personal Loan
f0e9333a-4c72-11ea-89d6-b88a60e194fb-1-ps,crmid:9024116916,4,Business Card,4,Auto Loan
f0e9f688-4c72-11ea-a405-b88a60e194fb-1-ps,crmid:1522399996,3,Rewards Card,3,Personal Loan
f143874c-4c72-11ea-b4bf-b88a60e194fb-1-ps,crmid:1782594862,5,Business Card,5,Auto Loan
f145831a-4c72-11ea-8dd3-b88a60e194fb-1-ps,crmid:9264810974,4,Student Card,10,Auto Loan
f14709b6-4c72-11ea-9bb5-b88a60e194fb-1-ps,crmid:5282573143,4,Student Card,4,Auto Loan
f1484248-4c72-11ea-8261-b88a60e194fb-1-ps,crmid:3461668796,3,Travel Card,4,Personal Loan
f149c8cc-4c72-11ea-9009-b88a60e194fb-1-ps,crmid:5825937277,4,Student Card,6,Student Loan
f14ada3a-4c72-11ea-b6b6-b88a60e194fb-1-ps,crmid:3476575927,4,Rewards Card,5,Personal Loan
f14c12ca-4c72-11ea-8e49-b88a60e194fb-1-ps,crmid:6521574845,5,Platinum Card,4,Business Loan
f1950298-4c72-11ea-998d-b88a60e194fb-1-ps,crmid:7066312300,5,Business Card,3,Business Loan
f195c5ee-4c72-11ea-b875-b88a60e194fb-1-ps,crmid:2290088792,3,Travel Card,5,Business Loan
f1968938-4c72-11ea-a0fe-b88a60e194fb-1-ps,crmid:4114838096,3,Travel Card,4,Auto Loan
f1974c80-4c72-11ea-a03c-b88a60e194fb-1-ps,crmid:2717308470,4,Platinum Card,5,Personal Loan
f1980fdc-4c72-11ea-9eb2-b88a60e194fb-1-ps,crmid:4460952223,6,Travel Card,6,Business Loan
f198d32e-4c72-11ea-9117-b88a60e194fb-1-ps,crmid:4920096585,3,Travel Card,3,Auto Loan
f1999682-4c72-11ea-95af-b88a60e194fb-1-ps,crmid:5059125438,2,Rewards Card,10,Personal Loan
f1e03c1e-4c72-11ea-ac2a-b88a60e194fb-1-ps,crmid:6773262587,5,Simplicity Card,4,Personal Loan
f1e174a8-4c72-11ea-b0ce-b88a60e194fb-1-ps,crmid:2905586394,4,Dividend Card,5,Personal Loan
f1e23806-4c72-11ea-8d45-b88a60e194fb-1-ps,crmid:6304239271,5,Platinum Card,4,Personal Loan
f1e2fb4c-4c72-11ea-bc00-b88a60e194fb-1-ps,crmid:7793093319,3,Rewards Card,4,Student Loan
f1e3e5ac-4c72-11ea-bd53-b88a60e194fb-1-ps,crmid:7713609931,4,Simplicity Card,4,Business Loan
f1e4a902-4c72-11ea-a87c-b88a60e194fb-1-ps,crmid:7153812337,4,Travel Card,5,Personal Loan
f1e56c46-4c72-11ea-9a7a-b88a60e194fb-1-ps,crmid:9930557538,5,Simplicity Card,6,Auto Loan
f2273036-4c72-11ea-95ce-b88a60e194fb-1-ps,crmid:4371570605,3,Rewards Card,4,Business Loan
f2284240-4c72-11ea-8bc2-b88a60e194fb-1-ps,crmid:5266572940,6,Dividend Card,5,Personal Loan
f229d67e-4c72-11ea-9d60-b88a60e194fb-1-ps,crmid:5911144156,6,Rewards Card,5,Auto Loan
f22b27e8-4c72-11ea-83b0-b88a60e194fb-1-ps,crmid:7697129741,6,Dividend Card,7,Student Loan
f22c1394-4c72-11ea-b9ec-b88a60e194fb-1-ps,crmid:6979887830,4,Travel Card,5,Student Loan
f22d23a2-4c72-11ea-b431-b88a60e194fb-1-ps,crmid:7891744696,4,Simplicity Card,3,Business Loan
f22e0e2e-4c72-11ea-a95e-b88a60e194fb-1-ps,crmid:5220313385,4,Rewards Card,9,Student Loan
f275c568-4c72-11ea-88f1-b88a60e194fb-1-ps,crmid:6466910996,4,Travel Card,5,Personal Loan
f276d6b0-4c72-11ea-9e48-b88a60e194fb-1-ps,crmid:2190151744,6,Dividend Card,5,Personal Loan
f2780f30-4c72-11ea-871d-b88a60e194fb-1-ps,crmid:6607716108,4,Travel Card,5,Business Loan
f27920c6-4c72-11ea-b556-b88a60e194fb-1-ps,crmid:9990112630,5,Platinum Card,6,Personal Loan
f27a32e4-4c72-11ea-aa0b-b88a60e194fb-1-ps,crmid:9109291578,4,Travel Card,5,Personal Loan
f27b4374-4c72-11ea-a765-b88a60e194fb-1-ps,crmid:5778362037,3,Platinum Card,4,Personal Loan
f27c54e4-4c72-11ea-8c60-b88a60e194fb-1-ps,crmid:8879626199,5,Dividend Card,3,Student Loan
f2c9636e-4c72-11ea-8d8a-b88a60e194fb-1-ps,crmid:1529211905,4,Student Card,5,Personal Loan
f2cb5f6c-4c72-11ea-800b-b88a60e194fb-1-ps,crmid:2298741187,4,Travel Card,4,Business Loan
f2cc70a2-4c72-11ea-bbb5-b88a60e194fb-1-ps,crmid:7601702072,4,Simplicity Card,2,Student Loan
f2cd5b08-4c72-11ea-89c5-b88a60e194fb-1-ps,crmid:6212711121,3,Travel Card,4,Auto Loan
f2ce6c68-4c72-11ea-a50b-b88a60e194fb-1-ps,crmid:1473285532,4,Travel Card,3,Personal Loan
f2cfa506-4c72-11ea-907d-b88a60e194fb-1-ps,crmid:7473411262,3,Simplicity Card,4,Business Loan
f2d0b702-4c72-11ea-bfbe-b88a60e194fb-1-ps,crmid:4997362829,3,Rewards Card,5,Personal Loan
f319cd42-4c72-11ea-8272-b88a60e194fb-1-ps,crmid:1404384076,5,Business Card,5,Student Loan
f31b05cc-4c72-11ea-a470-b88a60e194fb-1-ps,crmid:3802600336,4,Platinum Card,6,Business Loan
f31c3e4c-4c72-11ea-9fa0-b88a60e194fb-1-ps,crmid:7485207321,4,Travel Card,3,Personal Loan
f31d76a4-4c72-11ea-b5e8-b88a60e194fb-1-ps,crmid:7727871101,3,Rewards Card,3,Personal Loan
f31e882e-4c72-11ea-b22f-b88a60e194fb-1-ps,crmid:2920377307,4,Travel Card,4,Personal Loan
f31f7286-4c72-11ea-8f27-b88a60e194fb-1-ps,crmid:7967388503,3,Dividend Card,3,Personal Loan
f3205cec-4c72-11ea-9c7a-b88a60e194fb-1-ps,crmid:2867198010,4,Business Card,3,Auto Loan
f35e9e88-4c72-11ea-95d5-b88a60e194fb-1-ps,crmid:1114737385,3,Simplicity Card,4,Personal Loan
f35f88c2-4c72-11ea-85b7-b88a60e194fb-1-ps,crmid:7120611369,3,Business Card,3,Student Loan
f3604cf8-4c72-11ea-a94c-b88a60e194fb-1-ps,crmid:3833466408,4,Simplicity Card,7,Student Loan
f361846c-4c72-11ea-b4b4-b88a60e194fb-1-ps,crmid:6641223780,5,Simplicity Card,2,Auto Loan
f36247be-4c72-11ea-b3c9-b88a60e194fb-1-ps,crmid:5837203107,4,Platinum Card,5,Auto Loan
f3630b0a-4c72-11ea-9213-b88a60e194fb-1-ps,crmid:3406319603,3,Dividend Card,4,Business Loan
f363f60a-4c72-11ea-ac11-b88a60e194fb-1-ps,crmid:5659901146,5,Platinum Card,5,Personal Loan
f3a6a3c8-4c72-11ea-9e14-b88a60e194fb-1-ps,crmid:5991712316,5,Dividend Card,4,Personal Loan
f3a7671c-4c72-11ea-9e20-b88a60e194fb-1-ps,crmid:5381729124,5,Simplicity Card,2,Personal Loan
