id,crmid,propensity_room_upgrade,propensity_extended_nights
7b86d31c-914b-11ea-973a-b88a60e194fb,crmid:1242684592,7,4
7b88594c-914b-11ea-8e21-b88a60e194fb,crmid:8292692784,3,4
7b89b8b8-914b-11ea-8556-b88a60e194fb,crmid:4816923300,4,4
7b8b6712-914b-11ea-bf69-b88a60e194fb,crmid:7489475379,5,5
7b8cc6f4-914b-11ea-a53a-b88a60e194fb,crmid:6084272194,6,4
7b8e38ec-914b-11ea-a883-b88a60e194fb,crmid:5934869975,8,5
7b8f8600-914b-11ea-bb1e-b88a60e194fb,crmid:3422133296,9,5
d20510c6-914c-11ea-a7d5-b88a60e194fb,crmid:6136026640,8,4
d28da11e-914c-11ea-ab16-b88a60e194fb,crmid:7117645794,5,3
d292bdfe-914c-11ea-8fd3-b88a60e194fb,crmid:9289539101,4,8
d29507b4-914c-11ea-a2c5-b88a60e194fb,crmid:3725482748,5,2
d297519e-914c-11ea-a106-b88a60e194fb,crmid:2990378994,3,3
d29960d8-914c-11ea-88cf-b88a60e194fb,crmid:2656797931,4,5
d29baac6-914c-11ea-a621-b88a60e194fb,crmid:8357373300,5,7
d29df47a-914c-11ea-83c9-b88a60e194fb,crmid:3226292155,8,5
d29fc9d2-914c-11ea-bda0-b88a60e194fb,crmid:5324773291,5,5
d2a1ffd2-914c-11ea-954a-b88a60e194fb,crmid:4878768454,6,6
d2a520a6-914c-11ea-922d-b88a60e194fb,crmid:7869772390,7,4
d2a6ba86-914c-11ea-b69c-b88a60e194fb,crmid:4115017587,4,9
d2a86866-914c-11ea-addc-b88a60e194fb,crmid:3763675702,6,8
d2aa6400-914c-11ea-95c5-b88a60e194fb,crmid:6927316170,5,8
d2ad4a5c-914c-11ea-a5bd-b88a60e194fb,crmid:3120201242,7,3
d2afe230-914c-11ea-ac4c-b88a60e194fb,crmid:6638897747,9,1
d2b1de26-914c-11ea-920d-b88a60e194fb,crmid:7711973558,4,5
d2b4632c-914c-11ea-bb69-b88a60e194fb,crmid:4084042095,7,4
d2b671f6-914c-11ea-bd5a-b88a60e194fb,crmid:3749456316,3,4
d2b8cf5e-914c-11ea-9a78-b88a60e194fb,crmid:5208448575,7,5
d2bb2cd2-914c-11ea-ad62-b88a60e194fb,crmid:7102884702,8,4
d2be6102-914c-11ea-b600-b88a60e194fb,crmid:6953840213,8,5
d2c08400-914c-11ea-a709-b88a60e194fb,crmid:9326030035,8,5
d2c2a6cc-914c-11ea-99a0-b88a60e194fb,crmid:3455840753,9,4
d2c4dd3a-914c-11ea-ad22-b88a60e194fb,crmid:6783151654,4,3
d2c6c5ae-914c-11ea-afde-b88a60e194fb,crmid:1196579395,9,3
d2c95d94-914c-11ea-80ea-b88a60e194fb,crmid:2882071676,4,7
d2cb8066-914c-11ea-b05b-b88a60e194fb,crmid:4731553022,5,5
d2ceb494-914c-11ea-b565-b88a60e194fb,crmid:9045332201,3,8
d2d19ad2-914c-11ea-844c-b88a60e194fb,crmid:8234168871,2,7
d2d3d15a-914c-11ea-916b-b88a60e194fb,crmid:5693270837,9,4
d2d6a3ee-914c-11ea-9ad3-b88a60e194fb,crmid:2727948330,5,4
d2dc2212-914c-11ea-960d-b88a60e194fb,crmid:3042274271,8,5
d2e5845c-914c-11ea-b869-b88a60e194fb,crmid:4078813808,4,4
d2e95518-914c-11ea-935b-b88a60e194fb,crmid:5657179832,8,4
d2ed9aae-914c-11ea-93d0-b88a60e194fb,crmid:7109731928,5,4
d2f589e2-914c-11ea-b74f-b88a60e194fb,crmid:1734072084,8,4
d2fa6bfa-914c-11ea-8d8c-b88a60e194fb,crmid:3447108703,7,4
d2fec510-914c-11ea-8aee-b88a60e194fb,crmid:4532290317,9,3
d3010ef4-914c-11ea-a783-b88a60e194fb,crmid:2367428130,5,5
d3047de8-914c-11ea-85ea-b88a60e194fb,crmid:3918662973,8,3
d3078b34-914c-11ea-9c53-b88a60e194fb,crmid:2237692241,5,5
d30aac00-914c-11ea-88df-b88a60e194fb,crmid:9007141942,7,3
d30d43e2-914c-11ea-aa93-b88a60e194fb,crmid:9597724646,8,6
d3103da6-914c-11ea-aa12-b88a60e194fb,crmid:5157025649,7,3
d313c024-914c-11ea-9088-b88a60e194fb,crmid:9445158271,8,4
d3166bc6-914c-11ea-a6c4-b88a60e194fb,crmid:5733159781,7,3
d319175e-914c-11ea-bd15-b88a60e194fb,crmid:9636058197,5,4
d31b3a2c-914c-11ea-ae2f-b88a60e194fb,crmid:7013103072,4,5
d31d978a-914c-11ea-9f68-b88a60e194fb,crmid:1307108307,4,8
d31fba68-914c-11ea-b4e7-b88a60e194fb,crmid:1002693183,8,4
d32217f6-914c-11ea-ae7a-b88a60e194fb,crmid:8843205712,9,5
d3247554-914c-11ea-9aa7-b88a60e194fb,crmid:3587473592,8,4
d3275b76-914c-11ea-ace8-b88a60e194fb,crmid:1420297732,5,5
d32a1aa4-914c-11ea-aeba-b88a60e194fb,crmid:2929333075,5,8
d32d4f54-914c-11ea-aa15-b88a60e194fb,crmid:1332290368,7,5
d32f8570-914c-11ea-9b09-b88a60e194fb,crmid:6734025234,7,5
d331bba4-914c-11ea-b101-b88a60e194fb,crmid:6069787274,4,5
d333f200-914c-11ea-85b8-b88a60e194fb,crmid:6860178390,8,4
d3362862-914c-11ea-8d87-b88a60e194fb,crmid:6123518976,3,4
d33837a8-914c-11ea-80eb-b88a60e194fb,crmid:6254124618,3,4
d33aa8cc-914c-11ea-b3c4-b88a60e194fb,crmid:3648583838,3,2
d33c565c-914c-11ea-83c7-b88a60e194fb,crmid:9850726990,10,2
d33ec766-914c-11ea-b953-b88a60e194fb,crmid:5647953415,9,5
d3402702-914c-11ea-a83e-b88a60e194fb,crmid:4592419586,8,4
d342364a-914c-11ea-8c4a-b88a60e194fb,crmid:3700344393,5,5
d343d0f6-914c-11ea-9306-b88a60e194fb,crmid:5760447705,6,1
d345438c-914c-11ea-b239-b88a60e194fb,crmid:3265761257,7,4
d347183e-914c-11ea-92c1-b88a60e194fb,crmid:3965044262,7,2
d3490088-914c-11ea-a434-b88a60e194fb,crmid:4529324884,4,5
d34ac1ba-914c-11ea-8955-b88a60e194fb,crmid:3746901697,4,7
d34c9688-914c-11ea-855f-b88a60e194fb,crmid:5382206079,9,6
d34e7ebe-914c-11ea-aa16-b88a60e194fb,crmid:5798649519,2,6
d350a1a6-914c-11ea-a9c6-b88a60e194fb,crmid:7767326902,6,5
d352b0e8-914c-11ea-9ce4-b88a60e194fb,crmid:9356719178,6,5
d35499e8-914c-11ea-bb07-b88a60e194fb,crmid:4162114034,4,10
d356bbfe-914c-11ea-a93c-b88a60e194fb,crmid:4541594236,2,6
d3587d9c-914c-11ea-b9aa-b88a60e194fb,crmid:1426504504,9,3
d35a3e78-914c-11ea-9090-b88a60e194fb,crmid:5125869344,3,8
d35bd8a8-914c-11ea-a58b-b88a60e194fb,crmid:8216928329,10,3
d35d8670-914c-11ea-9a2a-b88a60e194fb,crmid:1413683770,2,4
d35f208a-914c-11ea-86ce-b88a60e194fb,crmid:3783022947,4,7
d360e1a6-914c-11ea-b6d6-b88a60e194fb,crmid:3230492156,2,3
d3628f54-914c-11ea-8b4c-b88a60e194fb,crmid:8565390869,4,4
d3651400-914c-11ea-8618-b88a60e194fb,crmid:7326475084,3,3
d366fc10-914c-11ea-87f2-b88a60e194fb,crmid:8612064710,2,4
d368bd82-914c-11ea-80e3-b88a60e194fb,crmid:7579769724,8,3
d36ab936-914c-11ea-85b5-b88a60e194fb,crmid:8440993995,8,4
d36cb4cc-914c-11ea-a22e-b88a60e194fb,crmid:1131387456,8,5
d36e7628-914c-11ea-bbb1-b88a60e194fb,crmid:4300167017,5,3
d3701052-914c-11ea-8966-b88a60e194fb,crmid:8360447259,7,3
d3716fb6-914c-11ea-bcf2-b88a60e194fb,crmid:7944759920,4,5
d3731d6e-914c-11ea-9d70-b88a60e194fb,crmid:7379047130,6,6
d374dee8-914c-11ea-89d3-b88a60e194fb,crmid:6281354016,7,2
d3766562-914c-11ea-b451-b88a60e194fb,crmid:5623394336,3,3
d3792466-914c-11ea-ba45-b88a60e194fb,crmid:4087542443,9,5
d37b4762-914c-11ea-8626-b88a60e194fb,crmid:9013467083,2,9
d37cf4ee-914c-11ea-af33-b88a60e194fb,crmid:1375267224,3,6
d37e8f40-914c-11ea-b10f-b88a60e194fb,crmid:7954208623,3,3
d3808b54-914c-11ea-ae01-b88a60e194fb,crmid:2850429909,4,5
d3822512-914c-11ea-a3a6-b88a60e194fb,crmid:8151298007,9,4
d383d2c0-914c-11ea-b538-b88a60e194fb,crmid:4722448152,8,6
d385a788-914c-11ea-b343-b88a60e194fb,crmid:6142681735,6,3
d3872e1a-914c-11ea-80a4-b88a60e194fb,crmid:4840975107,9,4
d388b4d2-914c-11ea-9036-b88a60e194fb,crmid:8505332409,4,8
d38a898c-914c-11ea-9794-b88a60e194fb,crmid:5137580019,3,7
d38c8570-914c-11ea-899b-b88a60e194fb,crmid:1898023008,8,3
d38e32fa-914c-11ea-b92f-b88a60e194fb,crmid:8666787604,5,3
d3902ed8-914c-11ea-b927-b88a60e194fb,crmid:7359391698,8,4
d3920362-914c-11ea-8de5-b88a60e194fb,crmid:8766524742,8,3
d39487fe-914c-11ea-97e5-b88a60e194fb,crmid:6531403801,3,5
d39635e8-914c-11ea-bb56-b88a60e194fb,crmid:5441967989,3,5
d398f4e8-914c-11ea-b3c9-b88a60e194fb,crmid:7445237602,4,7
d39add38-914c-11ea-9f34-b88a60e194fb,crmid:6975975432,4,8
d3b5729a-914c-11ea-af40-b88a60e194fb,crmid:6244497839,8,2
d3b6ab08-914c-11ea-8f81-b88a60e194fb,crmid:9802353026,5,6
d3b81e14-914c-11ea-bb07-b88a60e194fb,crmid:9918783442,2,3
d3b92fcc-914c-11ea-abce-b88a60e194fb,crmid:9703482550,6,3
d3ba66d4-914c-11ea-81b2-b88a60e194fb,crmid:7467309012,6,3
d3e06ddc-914c-11ea-91bc-b88a60e194fb,crmid:7563633416,8,3
d3e1cd68-914c-11ea-9034-b88a60e194fb,crmid:5509722507,6,3
d3e451e4-914c-11ea-b0b9-b88a60e194fb,crmid:7578357722,7,5
d3e6012c-914c-11ea-b675-b88a60e194fb,crmid:5274241446,4,8
d3e799c6-914c-11ea-bfdf-b88a60e194fb,crmid:3099340309,5,6
d3e96e86-914c-11ea-acf4-b88a60e194fb,crmid:6818798823,4,9
d3eb0952-914c-11ea-967a-b88a60e194fb,crmid:2769329003,3,5
d3ec6834-914c-11ea-8c00-b88a60e194fb,crmid:1027942153,8,4
d3fce2c8-914c-11ea-b1a1-b88a60e194fb,crmid:4206396561,8,4
d3fe695c-914c-11ea-a300-b88a60e194fb,crmid:9406143399,5,8
d4000376-914c-11ea-af96-b88a60e194fb,crmid:3933617952,7,5
d40177e4-914c-11ea-bafb-b88a60e194fb,crmid:1306658376,5,7
d40aed74-914c-11ea-86c3-b88a60e194fb,crmid:6514205897,3,5
d40c4d22-914c-11ea-8de9-b88a60e194fb,crmid:9434727599,9,2
d40de634-914c-11ea-ba1e-b88a60e194fb,crmid:5681469553,6,4
d40fcfae-914c-11ea-a53f-b88a60e194fb,crmid:9558580932,5,5
d4115518-914c-11ea-8ba5-b88a60e194fb,crmid:8839059223,7,4
d41377d2-914c-11ea-a9c6-b88a60e194fb,crmid:5427334586,6,3
d415d6ae-914c-11ea-bdc7-b88a60e194fb,crmid:1148048727,2,3
d4178300-914c-11ea-8670-b88a60e194fb,crmid:9935500907,9,5
d419b9a4-914c-11ea-8dba-b88a60e194fb,crmid:1669054010,4,8
d41b5376-914c-11ea-a6c4-b88a60e194fb,crmid:7542211037,10,4
d42e1886-914c-11ea-ba8b-b88a60e194fb,crmid:4430405690,4,4
d42fc5ec-914c-11ea-b408-b88a60e194fb,crmid:8021495770,2,3
d4314c7e-914c-11ea-98d8-b88a60e194fb,crmid:6952612308,7,5
d43334cc-914c-11ea-9b15-b88a60e194fb,crmid:7607691512,7,5
d4362e86-914c-11ea-af6e-b88a60e194fb,crmid:3288533887,7,3
d4382a36-914c-11ea-990d-b88a60e194fb,crmid:4571182647,10,3
d43a7450-914c-11ea-8da8-b88a60e194fb,crmid:6237063486,4,4
d43cd1c2-914c-11ea-a87f-b88a60e194fb,crmid:4357181980,4,9
d43eb9c2-914c-11ea-8d39-b88a60e194fb,crmid:7789535003,8,3
d4406782-914c-11ea-9238-b88a60e194fb,crmid:9455151684,4,6
d4428a58-914c-11ea-a64e-b88a60e194fb,crmid:9263484850,4,3
d4452286-914c-11ea-b9bc-b88a60e194fb,crmid:5726295586,7,6
d46ef2b6-914c-11ea-8a58-b88a60e194fb,crmid:8545992772,9,4
d4708d28-914c-11ea-b383-b88a60e194fb,crmid:2559449548,8,4
d4728722-914c-11ea-b912-b88a60e194fb,crmid:6028020957,8,6
d47482f0-914c-11ea-8497-b88a60e194fb,crmid:5562475438,9,4
d47657fa-914c-11ea-9244-b88a60e194fb,crmid:2535874372,4,4
d4784030-914c-11ea-a44d-b88a60e194fb,crmid:5116382932,6,8
d479c82e-914c-11ea-ba54-b88a60e194fb,crmid:1765761462,5,5
d47b7476-914c-11ea-be2c-b88a60e194fb,crmid:1871075198,7,3
d47d2366-914c-11ea-9115-b88a60e194fb,crmid:7849818545,5,4
d47ea9a8-914c-11ea-a2bc-b88a60e194fb,crmid:4375661259,4,2
d4809126-914c-11ea-a983-b88a60e194fb,crmid:5397168786,3,6
d482794c-914c-11ea-94c4-b88a60e194fb,crmid:7128519092,9,4
d483b1c6-914c-11ea-81bf-b88a60e194fb,crmid:3071451637,5,5
d4851148-914c-11ea-badd-b88a60e194fb,crmid:9720488537,4,8
d48670d8-914c-11ea-b824-b88a60e194fb,crmid:6389247843,8,4
d4881fd0-914c-11ea-83b0-b88a60e194fb,crmid:3847838289,10,6
d4b10d68-914c-11ea-9ac1-b88a60e194fb,crmid:1971440480,1,3
d4b2e3a4-914c-11ea-9785-b88a60e194fb,crmid:8912259085,8,4
d4b44328-914c-11ea-ba74-b88a60e194fb,crmid:3672660055,7,3
d4b6511a-914c-11ea-9926-b88a60e194fb,crmid:9561499819,4,5
d4c47e34-914c-11ea-b780-b88a60e194fb,crmid:8946365674,4,4
d4c62bc0-914c-11ea-9600-b88a60e194fb,crmid:7124689410,5,5
d4cef2ee-914c-11ea-adfd-b88a60e194fb,crmid:7293159857,4,4
d4d06506-914c-11ea-8a98-b88a60e194fb,crmid:2939333725,5,4
d4d21298-914c-11ea-9f42-b88a60e194fb,crmid:9359828241,8,3
d4d385c6-914c-11ea-bcfe-b88a60e194fb,crmid:5361468539,3,9
d4d534b0-914c-11ea-a664-b88a60e194fb,crmid:6265796359,8,5
d4d6bb1c-914c-11ea-981b-b88a60e194fb,crmid:6423801182,2,3
d4d8408a-914c-11ea-96ef-b88a60e194fb,crmid:7080229788,6,6
d4da291c-914c-11ea-9f4c-b88a60e194fb,crmid:1582432060,3,4
d4dc382e-914c-11ea-b44a-b88a60e194fb,crmid:7367852677,4,3
d4de0ce4-914c-11ea-9b6c-b88a60e194fb,crmid:1772416683,2,8
d4e5aed8-914c-11ea-92e1-b88a60e194fb,crmid:7120959688,8,3
d4e7484a-914c-11ea-8310-b88a60e194fb,crmid:1677720774,4,4
d4e8944a-914c-11ea-9e2e-b88a60e194fb,crmid:2143602374,4,4
d4ea55b6-914c-11ea-abe8-b88a60e194fb,crmid:1383101312,4,4
d4ec1802-914c-11ea-a8cf-b88a60e194fb,crmid:1320232614,7,6
d4ed9da2-914c-11ea-81fc-b88a60e194fb,crmid:7794487483,8,4
d4ef8576-914c-11ea-83ab-b88a60e194fb,crmid:8943680085,6,9
d4f13326-914c-11ea-b757-b88a60e194fb,crmid:6744414517,5,7
