id,timestamp,crmid,orderid,prod_sku,prod_name,prod_category,prod_ownership,purchase_amt,units,currency_type,branchid
5a8b449c-4be1-11ea-9237-b88a60e194fb-1,2020-01-02T18:08:29.000Z,crmid:2401779848,5a8b449c-4be1-11ea-9237-b88a60e194fb,prd1027,Mortgage: 30-yr Fixed,Mortgage,Personal,272368.65,1,USD,branchid:11020
5a8c2ef4-4be1-11ea-8fd9-b88a60e194fb-1,2020-01-17T02:43:07.000Z,crmid:7684789100,5a8c2ef4-4be1-11ea-8fd9-b88a60e194fb,prd1150,Money Market,Investment,Personal,2379941.52,1,USD,branchid:11145
5a8d8f1c-4be1-11ea-aad3-b88a60e194fb-1,2020-01-11T01:47:56.000Z,crmid:5313510724,5a8d8f1c-4be1-11ea-aad3-b88a60e194fb,prd1047,Mortgage: 10 yr Fixed,Mortgage,Personal,10711.89,1,USD,branchid:11116
5a8ea102-4be1-11ea-9f0b-b88a60e194fb-1,2020-01-15T22:29:46.000Z,crmid:3976218745,5a8ea102-4be1-11ea-9f0b-b88a60e194fb,prd1151,Mortgage: 10 yr Fixed,Mortgage,Personal,15062.37,1,USD,branchid:11146
5a8f8a78-4be1-11ea-af5c-b88a60e194fb-1,2020-01-29T17:42:05.000Z,crmid:2673887460,5a8f8a78-4be1-11ea-af5c-b88a60e194fb,prd1174,Traditional IRA,Retirement,Personal,19493.97,1,USD,branchid:11145
5a904ee6-4be1-11ea-a3db-b88a60e194fb-1,2020-01-31T18:52:37.000Z,crmid:5356259081,5a904ee6-4be1-11ea-a3db-b88a60e194fb,prd1056,CDs: 5 year,Investment,Personal,15681.44,1,USD,branchid:11011
5a911258-4be1-11ea-86ef-b88a60e194fb-1,2020-01-09T11:38:34.000Z,crmid:1467074426,5a911258-4be1-11ea-86ef-b88a60e194fb,prd1175,401k,Retirement,Personal,15388.98,1,USD,branchid:11061
5ac78a46-4be1-11ea-a800-b88a60e194fb-1,2020-01-06T18:24:11.000Z,crmid:3335512732,5ac78a46-4be1-11ea-a800-b88a60e194fb,prd1060,Traditional IRA,Retirement,Personal,21518.59,1,USD,branchid:11139
5ac84da8-4be1-11ea-84b4-b88a60e194fb-1,2020-01-21T13:32:39.000Z,crmid:1643968810,5ac84da8-4be1-11ea-84b4-b88a60e194fb,prd1120,Mortgage: 10/1 ARM,Mortgage,Personal,16391.01,1,USD,branchid:11042
5ac937ec-4be1-11ea-a650-b88a60e194fb-1,2020-01-03T22:15:55.000Z,crmid:3927613771,5ac937ec-4be1-11ea-a650-b88a60e194fb,prd1165,Roth IRA,Retirement,Personal,158781.51,1,USD,branchid:11042
5ac9fb46-4be1-11ea-8303-b88a60e194fb-1,2020-01-18T10:37:26.000Z,crmid:3422778297,5ac9fb46-4be1-11ea-8303-b88a60e194fb,prd1123,Mortgage: 10 yr Fixed,Mortgage,Personal,16987.27,1,USD,branchid:11119
5acabe9a-4be1-11ea-a32f-b88a60e194fb-1,2020-01-17T00:28:02.000Z,crmid:9708633164,5acabe9a-4be1-11ea-a32f-b88a60e194fb,prd1026,Mortgage: 5/1 ARM,Mortgage,Personal,17722.71,1,USD,branchid:11112
5acbd080-4be1-11ea-8096-b88a60e194fb-1,2020-01-02T12:26:05.000Z,crmid:9162186971,5acbd080-4be1-11ea-8096-b88a60e194fb,prd1013,Mortgage: FHA,Mortgage,Personal,2917510.72,1,USD,branchid:11038
5acc9336-4be1-11ea-b851-b88a60e194fb-1,2020-01-18T06:26:14.000Z,crmid:2345041402,5acc9336-4be1-11ea-b851-b88a60e194fb,prd1029,401k,Retirement,Personal,14351.44,1,USD,branchid:11021
5b0492fa-4be1-11ea-a54b-b88a60e194fb-1,2020-01-16T19:17:41.000Z,crmid:4780725660,5b0492fa-4be1-11ea-a54b-b88a60e194fb,prd1186,Money Market,Investment,Personal,21008.84,1,USD,branchid:11135
5b05cb82-4be1-11ea-912f-b88a60e194fb-1,2020-01-07T10:38:23.000Z,crmid:3728316809,5b05cb82-4be1-11ea-912f-b88a60e194fb,prd1068,Mortgage: 7/1 ARM,Mortgage,Personal,177910.94,1,USD,branchid:11000
5b070462-4be1-11ea-a7fb-b88a60e194fb-1,2020-01-27T20:49:13.000Z,crmid:8096178554,5b070462-4be1-11ea-a7fb-b88a60e194fb,prd1030,401k,Retirement,Personal,16343.35,1,USD,branchid:11015
5b083c7a-4be1-11ea-a388-b88a60e194fb-1,2020-01-07T22:59:16.000Z,crmid:3305425973,5b083c7a-4be1-11ea-a388-b88a60e194fb,prd1151,Mortgage: 10 yr Fixed,Mortgage,Personal,99181.37,1,USD,branchid:11137
5b09750c-4be1-11ea-bc4c-b88a60e194fb-1,2020-01-19T23:38:03.000Z,crmid:1884004166,5b09750c-4be1-11ea-bc4c-b88a60e194fb,prd1025,Brokerage Account,Investment,Personal,14635.83,1,USD,branchid:11008
5b0ad48c-4be1-11ea-ae47-b88a60e194fb-1,2020-01-16T02:10:32.000Z,crmid:8440627248,5b0ad48c-4be1-11ea-ae47-b88a60e194fb,prd1077,Roth IRA,Retirement,Personal,13773.05,1,USD,branchid:11055
5b0c0d1e-4be1-11ea-b3df-b88a60e194fb-1,2020-01-10T13:08:52.000Z,crmid:6549394515,5b0c0d1e-4be1-11ea-b3df-b88a60e194fb,prd1078,Mortgage: 7/1 ARM,Mortgage,Personal,15013.46,1,USD,branchid:11052
5b43e758-4be1-11ea-bd80-b88a60e194fb-1,2020-01-21T04:11:56.000Z,crmid:6158304187,5b43e758-4be1-11ea-bd80-b88a60e194fb,prd1121,Mortgage: 30-yr Fixed,Mortgage,Personal,3217563.6,1,USD,branchid:11006
5b44aab0-4be1-11ea-b044-b88a60e194fb-1,2020-01-28T17:40:07.000Z,crmid:7876317108,5b44aab0-4be1-11ea-b044-b88a60e194fb,prd1097,Employee Stock Purchase Plans,Investment,Personal,3770997.19,1,USD,branchid:11057
5b456c62-4be1-11ea-b1d7-b88a60e194fb-1,2020-01-13T14:27:01.000Z,crmid:6054531919,5b456c62-4be1-11ea-b1d7-b88a60e194fb,prd1045,Mortgage: 10/1 ARM,Mortgage,Personal,11042.96,1,USD,branchid:11005
5b4656d2-4be1-11ea-ac66-b88a60e194fb-1,2020-01-27T10:06:11.000Z,crmid:3380013762,5b4656d2-4be1-11ea-ac66-b88a60e194fb,prd1042,Roth IRA,Retirement,Personal,177183.6,1,USD,branchid:11120
5b471af0-4be1-11ea-a37f-b88a60e194fb-1,2020-01-17T18:05:28.000Z,crmid:5443196196,5b471af0-4be1-11ea-a37f-b88a60e194fb,prd1027,Mortgage: 30-yr Fixed,Mortgage,Personal,10630.68,1,USD,branchid:11133
5b47dd62-4be1-11ea-af80-b88a60e194fb-1,2020-01-14T11:43:10.000Z,crmid:8765374608,5b47dd62-4be1-11ea-af80-b88a60e194fb,prd1176,Overseas Equity Fund,Investment,Personal,2695658.44,1,USD,branchid:11020
5b48a0c0-4be1-11ea-9284-b88a60e194fb-1,2020-01-08T16:29:25.000Z,crmid:3212291604,5b48a0c0-4be1-11ea-9284-b88a60e194fb,prd1121,Mortgage: 30-yr Fixed,Mortgage,Personal,14993.08,1,USD,branchid:11086
5b820192-4be1-11ea-84f9-b88a60e194fb-1,2020-01-15T01:23:37.000Z,crmid:2416561075,5b820192-4be1-11ea-84f9-b88a60e194fb,prd1025,Brokerage Account,Investment,Personal,16041.11,1,USD,branchid:11107
5b82c4f8-4be1-11ea-8240-b88a60e194fb-1,2020-01-17T12:39:19.000Z,crmid:5338513905,5b82c4f8-4be1-11ea-8240-b88a60e194fb,prd1175,401k,Retirement,Personal,188030.29,1,USD,branchid:11141
5b8386d8-4be1-11ea-a8fe-b88a60e194fb-1,2020-01-20T02:28:13.000Z,crmid:3133482725,5b8386d8-4be1-11ea-a8fe-b88a60e194fb,prd1154,Mortgage: 30-yr Fixed,Mortgage,Personal,20154.66,1,USD,branchid:11114
5b844b7a-4be1-11ea-b17a-b88a60e194fb-1,2020-01-14T05:16:38.000Z,crmid:7198101842,5b844b7a-4be1-11ea-b17a-b88a60e194fb,prd1151,Mortgage: 10 yr Fixed,Mortgage,Personal,253873.75,1,USD,branchid:11053
5b850dc2-4be1-11ea-867d-b88a60e194fb-1,2020-01-27T02:09:28.000Z,crmid:7341351041,5b850dc2-4be1-11ea-867d-b88a60e194fb,prd1121,Mortgage: 30-yr Fixed,Mortgage,Personal,4347634.92,1,USD,branchid:11083
5b85f934-4be1-11ea-b57c-b88a60e194fb-1,2020-01-18T10:58:05.000Z,crmid:9042208157,5b85f934-4be1-11ea-b57c-b88a60e194fb,prd1181,Mortgage: 5/1 ARM,Mortgage,Personal,100743.21,1,USD,branchid:11029
5b86e22e-4be1-11ea-a23e-b88a60e194fb-1,2020-01-22T05:06:14.000Z,crmid:3136437558,5b86e22e-4be1-11ea-a23e-b88a60e194fb,prd1183,Fixed Deposit,Investment,Personal,185126.65,1,USD,branchid:11076
5bbd5b68-4be1-11ea-b316-b88a60e194fb-1,2020-01-01T06:37:07.000Z,crmid:6899120039,5bbd5b68-4be1-11ea-b316-b88a60e194fb,prd1148,Mortgage: 10/1 ARM,Mortgage,Personal,215453.36,1,USD,branchid:11039
5bbe9494-4be1-11ea-a8cb-b88a60e194fb-1,2020-01-08T05:23:48.000Z,crmid:9528121495,5bbe9494-4be1-11ea-a8cb-b88a60e194fb,prd1155,CDs: 5 year,Investment,Personal,16241.32,1,USD,branchid:11051
5bbfa580-4be1-11ea-9b12-b88a60e194fb-1,2020-01-06T09:36:45.000Z,crmid:1978378825,5bbfa580-4be1-11ea-9b12-b88a60e194fb,prd1033,Fixed Deposit,Investment,Personal,11933.36,1,USD,branchid:11062
5bc069c8-4be1-11ea-9da4-b88a60e194fb-1,2020-01-29T15:10:53.000Z,crmid:7695891000,5bc069c8-4be1-11ea-9da4-b88a60e194fb,prd1151,Mortgage: 10 yr Fixed,Mortgage,Personal,15607.99,1,USD,branchid:11004
5bc12d74-4be1-11ea-b92f-b88a60e194fb-1,2020-01-21T01:52:29.000Z,crmid:2453731383,5bc12d74-4be1-11ea-b92f-b88a60e194fb,prd1117,Brokerage Account,Investment,Personal,11390.7,1,USD,branchid:11121
5bc1f0ac-4be1-11ea-b190-b88a60e194fb-1,2020-01-24T08:43:48.000Z,crmid:3426920488,5bc1f0ac-4be1-11ea-b190-b88a60e194fb,prd1060,Traditional IRA,Retirement,Personal,225085.98,1,USD,branchid:11021
5bc2b2a4-4be1-11ea-9603-b88a60e194fb-1,2020-01-19T04:27:12.000Z,crmid:5421778349,5bc2b2a4-4be1-11ea-9603-b88a60e194fb,prd1108,401k,Retirement,Personal,245504.9,1,USD,branchid:11118
5bf5d080-4be1-11ea-b6ff-b88a60e194fb-1,2020-01-03T18:04:20.000Z,crmid:5827979664,5bf5d080-4be1-11ea-b6ff-b88a60e194fb,prd1150,Money Market,Investment,Personal,4072647.34,1,USD,branchid:11020
5bf693d2-4be1-11ea-a8db-b88a60e194fb-1,2020-01-08T09:46:28.000Z,crmid:6009460781,5bf693d2-4be1-11ea-a8db-b88a60e194fb,prd1035,Pension Account,Retirement,Personal,210744.07,1,USD,branchid:11134
5bf7571c-4be1-11ea-8342-b88a60e194fb-1,2020-01-18T01:45:50.000Z,crmid:4012684858,5bf7571c-4be1-11ea-8342-b88a60e194fb,prd1131,Employee Stock Purchase Plans,Investment,Personal,163519.49,1,USD,branchid:11117
5bf84194-4be1-11ea-a8d1-b88a60e194fb-1,2020-01-07T15:36:01.000Z,crmid:1711323081,5bf84194-4be1-11ea-a8d1-b88a60e194fb,prd1035,Pension Account,Retirement,Personal,14045.9,1,USD,branchid:11058
5bf904e4-4be1-11ea-b58a-b88a60e194fb-1,2020-01-23T17:22:07.000Z,crmid:2911045694,5bf904e4-4be1-11ea-b58a-b88a60e194fb,prd1144,Home Equity Loan,Mortgage,Personal,16793.99,1,USD,branchid:11076
5bf9c82c-4be1-11ea-b6ab-b88a60e194fb-1,2020-01-14T23:48:42.000Z,crmid:7484695399,5bf9c82c-4be1-11ea-b6ab-b88a60e194fb,prd1150,Money Market,Investment,Personal,7809.08,1,USD,branchid:11148
5bfab2a6-4be1-11ea-9bd8-b88a60e194fb-1,2020-01-27T20:09:21.000Z,crmid:2973152211,5bfab2a6-4be1-11ea-9bd8-b88a60e194fb,prd1087,Overseas Equity Fund,Investment,Personal,20682.29,1,USD,branchid:11027
5c3152a8-4be1-11ea-9931-b88a60e194fb-1,2020-01-24T14:25:48.000Z,crmid:2168240127,5c3152a8-4be1-11ea-9931-b88a60e194fb,prd1030,401k,Retirement,Personal,4045409.29,1,USD,branchid:11013
5c321764-4be1-11ea-9941-b88a60e194fb-1,2020-01-09T02:26:34.000Z,crmid:4320433612,5c321764-4be1-11ea-9941-b88a60e194fb,prd1042,Roth IRA,Retirement,Personal,5306314.93,1,USD,branchid:11013
5c32daba-4be1-11ea-9f41-b88a60e194fb-1,2020-01-09T03:13:15.000Z,crmid:6044764861,5c32daba-4be1-11ea-9f41-b88a60e194fb,prd1087,Overseas Equity Fund,Investment,Personal,4653636.59,1,USD,branchid:11088
5c339ca2-4be1-11ea-8aaf-b88a60e194fb-1,2020-01-20T06:30:42.000Z,crmid:2814917636,5c339ca2-4be1-11ea-8aaf-b88a60e194fb,prd1184,Fixed Deposit,Investment,Personal,13644.75,1,USD,branchid:11030
5c34ae58-4be1-11ea-8b38-b88a60e194fb-1,2020-01-05T19:46:06.000Z,crmid:5260923639,5c34ae58-4be1-11ea-8b38-b88a60e194fb,prd1042,Roth IRA,Retirement,Personal,19254.63,1,USD,branchid:11004
5c35bfa4-4be1-11ea-8dbe-b88a60e194fb-1,2020-01-18T01:02:53.000Z,crmid:9155931197,5c35bfa4-4be1-11ea-8dbe-b88a60e194fb,prd1131,Employee Stock Purchase Plans,Investment,Personal,9300.11,1,USD,branchid:11049
5c3683da-4be1-11ea-9793-b88a60e194fb-1,2020-01-31T16:16:57.000Z,crmid:9487029516,5c3683da-4be1-11ea-9793-b88a60e194fb,prd1079,Mortgage: 30-yr Fixed,Mortgage,Personal,16560.17,1,USD,branchid:11143
5c6dbf58-4be1-11ea-ad77-b88a60e194fb-1,2020-01-28T15:43:35.000Z,crmid:4651521235,5c6dbf58-4be1-11ea-ad77-b88a60e194fb,prd1021,CDs: 5 year,Investment,Personal,14178.24,1,USD,branchid:11013
5c6eab08-4be1-11ea-abb6-b88a60e194fb-1,2020-01-17T22:56:09.000Z,crmid:6658016051,5c6eab08-4be1-11ea-abb6-b88a60e194fb,prd1097,Employee Stock Purchase Plans,Investment,Personal,13773.53,1,USD,branchid:11140
5c6f9418-4be1-11ea-88bf-b88a60e194fb-1,2020-01-24T00:16:45.000Z,crmid:7604738811,5c6f9418-4be1-11ea-88bf-b88a60e194fb,prd1097,Employee Stock Purchase Plans,Investment,Personal,17199.02,1,USD,branchid:11055
5c7058f0-4be1-11ea-8310-b88a60e194fb-1,2020-01-05T19:16:44.000Z,crmid:3004390061,5c7058f0-4be1-11ea-8310-b88a60e194fb,prd1175,401k,Retirement,Personal,19445.94,1,USD,branchid:11097
5c711bf6-4be1-11ea-9b13-b88a60e194fb-1,2020-01-19T20:26:02.000Z,crmid:3996377653,5c711bf6-4be1-11ea-9b13-b88a60e194fb,prd1027,Mortgage: 30-yr Fixed,Mortgage,Personal,174363.66,1,USD,branchid:11107
5c71df48-4be1-11ea-946f-b88a60e194fb-1,2020-01-07T02:00:58.000Z,crmid:2730004688,5c71df48-4be1-11ea-946f-b88a60e194fb,prd1062,Mortgage: VA,Mortgage,Personal,131146.8,1,USD,branchid:11058
5c72ef80-4be1-11ea-be29-b88a60e194fb-1,2020-01-14T15:10:51.000Z,crmid:5705488609,5c72ef80-4be1-11ea-be29-b88a60e194fb,prd1123,Mortgage: 10 yr Fixed,Mortgage,Personal,20225.56,1,USD,branchid:11019
5cab3d62-4be1-11ea-920c-b88a60e194fb-1,2020-01-22T02:38:27.000Z,crmid:1625677848,5cab3d62-4be1-11ea-920c-b88a60e194fb,prd1181,Mortgage: 5/1 ARM,Mortgage,Personal,15245.46,1,USD,branchid:11019
5cac27d2-4be1-11ea-82cd-b88a60e194fb-1,2020-01-25T01:54:26.000Z,crmid:3852116868,5cac27d2-4be1-11ea-82cd-b88a60e194fb,prd1061,Mortgage: 5/1 ARM,Mortgage,Personal,14668.74,1,USD,branchid:11052
5caceb18-4be1-11ea-bdd1-b88a60e194fb-1,2020-01-24T02:26:27.000Z,crmid:6123146006,5caceb18-4be1-11ea-bdd1-b88a60e194fb,prd1101,Mortgage: 5/1 ARM,Mortgage,Personal,312405.75,1,USD,branchid:11097
5cadaeec-4be1-11ea-b88a-b88a60e194fb-1,2020-01-12T02:20:35.000Z,crmid:4841790753,5cadaeec-4be1-11ea-b88a-b88a60e194fb,prd1088,CDs: 1 year,Investment,Personal,16413.96,1,USD,branchid:11144
5cae98b8-4be1-11ea-85ac-b88a60e194fb-1,2020-01-02T17:12:27.000Z,crmid:6256854933,5cae98b8-4be1-11ea-85ac-b88a60e194fb,prd1110,Traditional IRA,Retirement,Personal,84309.93,1,USD,branchid:11123
5caf5c12-4be1-11ea-82b8-b88a60e194fb-1,2020-01-28T13:21:05.000Z,crmid:9944968107,5caf5c12-4be1-11ea-82b8-b88a60e194fb,prd1150,Money Market,Investment,Personal,306704.22,1,USD,branchid:11079
5cb01f58-4be1-11ea-a4f1-b88a60e194fb-1,2020-01-17T09:05:00.000Z,crmid:1365305854,5cb01f58-4be1-11ea-a4f1-b88a60e194fb,prd1175,401k,Retirement,Personal,17802.8,1,USD,branchid:11001
5ce3b42e-4be1-11ea-9bb6-b88a60e194fb-1,2020-01-03T09:05:57.000Z,crmid:8594961585,5ce3b42e-4be1-11ea-9bb6-b88a60e194fb,prd1148,Mortgage: 10/1 ARM,Mortgage,Personal,3613476.44,1,USD,branchid:11140
5ce49d36-4be1-11ea-93ed-b88a60e194fb-1,2020-01-13T19:25:25.000Z,crmid:8081100358,5ce49d36-4be1-11ea-93ed-b88a60e194fb,prd1186,Money Market,Investment,Personal,253405.57,1,USD,branchid:11122
5ce56192-4be1-11ea-926a-b88a60e194fb-1,2020-01-01T17:26:45.000Z,crmid:2249451086,5ce56192-4be1-11ea-926a-b88a60e194fb,prd1078,Mortgage: 7/1 ARM,Mortgage,Personal,228509.34,1,USD,branchid:11113
5ce62438-4be1-11ea-9ee9-b88a60e194fb-1,2020-01-13T15:49:07.000Z,crmid:4788978630,5ce62438-4be1-11ea-9ee9-b88a60e194fb,prd1123,Mortgage: 10 yr Fixed,Mortgage,Personal,14016.1,1,USD,branchid:11132
5ce70dc8-4be1-11ea-bdb6-b88a60e194fb-1,2020-01-14T14:03:28.000Z,crmid:6776677799,5ce70dc8-4be1-11ea-bdb6-b88a60e194fb,prd1026,Mortgage: 5/1 ARM,Mortgage,Personal,17434.28,1,USD,branchid:11004
5ce7d286-4be1-11ea-bf7b-b88a60e194fb-1,2020-01-30T06:53:42.000Z,crmid:7518501937,5ce7d286-4be1-11ea-bf7b-b88a60e194fb,prd1064,CDs: 3 month,Investment,Personal,196064.01,1,USD,branchid:11062
5ce8959e-4be1-11ea-91aa-b88a60e194fb-1,2020-01-20T23:55:53.000Z,crmid:2722092108,5ce8959e-4be1-11ea-91aa-b88a60e194fb,prd1182,Brokerage Account,Investment,Personal,17540.21,1,USD,branchid:11066
5d1f82da-4be1-11ea-8785-b88a60e194fb-1,2020-01-14T12:34:24.000Z,crmid:2813428755,5d1f82da-4be1-11ea-8785-b88a60e194fb,prd1045,Mortgage: 10/1 ARM,Mortgage,Personal,9780.84,1,USD,branchid:11009
5d20461e-4be1-11ea-a99f-b88a60e194fb-1,2020-01-03T06:12:40.000Z,crmid:1404250890,5d20461e-4be1-11ea-a99f-b88a60e194fb,prd1061,Mortgage: 5/1 ARM,Mortgage,Personal,165710.29,1,USD,branchid:11036
5d210974-4be1-11ea-89c2-b88a60e194fb-1,2020-01-13T19:51:21.000Z,crmid:4329612787,5d210974-4be1-11ea-89c2-b88a60e194fb,prd1061,Mortgage: 5/1 ARM,Mortgage,Personal,243266.58,1,USD,branchid:11130
5d21ce66-4be1-11ea-a883-b88a60e194fb-1,2020-01-16T21:09:28.000Z,crmid:2211041902,5d21ce66-4be1-11ea-a883-b88a60e194fb,prd1185,Mortgage: FHA,Mortgage,Personal,11392.55,1,USD,branchid:11100
5d22919c-4be1-11ea-a54a-b88a60e194fb-1,2020-01-11T21:52:41.000Z,crmid:4883538389,5d22919c-4be1-11ea-a54a-b88a60e194fb,prd1029,401k,Retirement,Personal,275765.2,1,USD,branchid:11006
5d235364-4be1-11ea-91da-b88a60e194fb-1,2020-01-10T05:54:05.000Z,crmid:8132682640,5d235364-4be1-11ea-91da-b88a60e194fb,prd1174,Traditional IRA,Retirement,Personal,20120.65,1,USD,branchid:11105
5d2464e2-4be1-11ea-82a1-b88a60e194fb-1,2020-01-18T03:03:32.000Z,crmid:2236572660,5d2464e2-4be1-11ea-82a1-b88a60e194fb,prd1155,CDs: 5 year,Investment,Personal,3927766.52,1,USD,branchid:11130
5d59f562-4be1-11ea-9a16-b88a60e194fb-1,2020-01-20T05:48:05.000Z,crmid:1384327945,5d59f562-4be1-11ea-9a16-b88a60e194fb,prd1117,Brokerage Account,Investment,Personal,190774.25,1,USD,branchid:11134
5d5ab8b4-4be1-11ea-8d1b-b88a60e194fb-1,2020-01-12T20:15:15.000Z,crmid:3092832737,5d5ab8b4-4be1-11ea-8d1b-b88a60e194fb,prd1167,Roth IRA,Retirement,Personal,138589.04,1,USD,branchid:11147
5d5ba238-4be1-11ea-a915-b88a60e194fb-1,2020-01-17T23:52:33.000Z,crmid:5899134696,5d5ba238-4be1-11ea-a915-b88a60e194fb,prd1115,Mortgage: VA,Mortgage,Personal,200848.63,1,USD,branchid:11146
5d5c8cca-4be1-11ea-a6a6-b88a60e194fb-1,2020-01-04T20:04:43.000Z,crmid:4596041428,5d5c8cca-4be1-11ea-a6a6-b88a60e194fb,prd1167,Roth IRA,Retirement,Personal,161437.51,1,USD,branchid:11067
5d5d508c-4be1-11ea-9c4f-b88a60e194fb-1,2020-01-15T07:59:01.000Z,crmid:1296232440,5d5d508c-4be1-11ea-9c4f-b88a60e194fb,prd1026,Mortgage: 5/1 ARM,Mortgage,Personal,9553.83,1,USD,branchid:11055
5d5e60f0-4be1-11ea-bdc7-b88a60e194fb-1,2020-01-03T07:24:14.000Z,crmid:4271074712,5d5e60f0-4be1-11ea-bdc7-b88a60e194fb,prd1159,CDs: 3 month,Investment,Personal,15800.21,1,USD,branchid:11072
5d5f4adc-4be1-11ea-9ea9-b88a60e194fb-1,2020-01-22T17:56:23.000Z,crmid:1030923302,5d5f4adc-4be1-11ea-9ea9-b88a60e194fb,prd1150,Money Market,Investment,Personal,205268.66,1,USD,branchid:11102
5d98365c-4be1-11ea-b1bc-b88a60e194fb-1,2020-01-08T02:26:57.000Z,crmid:5091207495,5d98365c-4be1-11ea-b1bc-b88a60e194fb,prd1174,Traditional IRA,Retirement,Personal,4328902.35,1,USD,branchid:11138
5d992014-4be1-11ea-a55e-b88a60e194fb-1,2020-01-25T11:58:04.000Z,crmid:2957274318,5d992014-4be1-11ea-a55e-b88a60e194fb,prd1097,Employee Stock Purchase Plans,Investment,Personal,3134399.96,1,USD,branchid:11015
5d99e40c-4be1-11ea-9047-b88a60e194fb-1,2020-01-26T12:32:41.000Z,crmid:8526776867,5d99e40c-4be1-11ea-9047-b88a60e194fb,prd1024,Mortgage: FHA,Mortgage,Personal,166862.05,1,USD,branchid:11090
5d9acd24-4be1-11ea-b53e-b88a60e194fb-1,2020-01-13T03:52:33.000Z,crmid:5818000102,5d9acd24-4be1-11ea-b53e-b88a60e194fb,prd1157,Brokerage Account,Investment,Personal,11277.87,1,USD,branchid:11143
5d9bb790-4be1-11ea-b3f8-b88a60e194fb-1,2020-01-25T16:30:53.000Z,crmid:3816799995,5d9bb790-4be1-11ea-b3f8-b88a60e194fb,prd1053,Mortgage: VA,Mortgage,Personal,12337.89,1,USD,branchid:11130
5d9c7c1c-4be1-11ea-ae56-b88a60e194fb-1,2020-01-31T00:07:00.000Z,crmid:3304889666,5d9c7c1c-4be1-11ea-ae56-b88a60e194fb,prd1155,CDs: 5 year,Investment,Personal,13445.5,1,USD,branchid:11077
5d9d3f7e-4be1-11ea-96de-b88a60e194fb-1,2020-01-29T21:42:12.000Z,crmid:5230842558,5d9d3f7e-4be1-11ea-96de-b88a60e194fb,prd1035,Pension Account,Retirement,Personal,16866.16,1,USD,branchid:11028
5dd0f9be-4be1-11ea-a8f2-b88a60e194fb-1,2020-01-22T02:36:28.000Z,crmid:4517490606,5dd0f9be-4be1-11ea-a8f2-b88a60e194fb,prd1154,Mortgage: 30-yr Fixed,Mortgage,Personal,242975.96,1,USD,branchid:11016
5dd1bcfa-4be1-11ea-b627-b88a60e194fb-1,2020-01-11T22:21:07.000Z,crmid:4415422580,5dd1bcfa-4be1-11ea-b627-b88a60e194fb,prd1185,Mortgage: FHA,Mortgage,Personal,16245.71,1,USD,branchid:11042
5dd28042-4be1-11ea-bc49-b88a60e194fb-1,2020-01-28T20:21:45.000Z,crmid:4156857654,5dd28042-4be1-11ea-bc49-b88a60e194fb,prd1182,Brokerage Account,Investment,Personal,3391051.6,1,USD,branchid:11015
5dd34394-4be1-11ea-a3b5-b88a60e194fb-1,2020-01-20T10:19:32.000Z,crmid:3960110498,5dd34394-4be1-11ea-a3b5-b88a60e194fb,prd1115,Mortgage: VA,Mortgage,Personal,233719.95,1,USD,branchid:11096
5dd406f4-4be1-11ea-8bd4-b88a60e194fb-1,2020-01-07T19:10:29.000Z,crmid:8498378504,5dd406f4-4be1-11ea-8bd4-b88a60e194fb,prd1157,Brokerage Account,Investment,Personal,16436.2,1,USD,branchid:11109
5dd4f0e6-4be1-11ea-ad9d-b88a60e194fb-1,2020-01-30T04:05:34.000Z,crmid:8127437927,5dd4f0e6-4be1-11ea-ad9d-b88a60e194fb,prd1110,Traditional IRA,Retirement,Personal,12616.63,1,USD,branchid:11027
5dd5b3c0-4be1-11ea-b50c-b88a60e194fb-1,2020-01-01T09:42:30.000Z,crmid:6381269693,5dd5b3c0-4be1-11ea-b50c-b88a60e194fb,prd1131,Employee Stock Purchase Plans,Investment,Personal,13889.59,1,USD,branchid:11039
5e0b1c9a-4be1-11ea-9300-b88a60e194fb-1,2020-01-26T19:42:32.000Z,crmid:5991733971,5e0b1c9a-4be1-11ea-9300-b88a60e194fb,prd1167,Roth IRA,Retirement,Personal,18053.71,1,USD,branchid:11029
5e0c0568-4be1-11ea-8870-b88a60e194fb-1,2020-01-12T17:54:42.000Z,crmid:3623041519,5e0c0568-4be1-11ea-8870-b88a60e194fb,prd1120,Mortgage: 10/1 ARM,Mortgage,Personal,227604.69,1,USD,branchid:11029
5e0cca1a-4be1-11ea-88cf-b88a60e194fb-1,2020-01-03T01:03:09.000Z,crmid:6997796321,5e0cca1a-4be1-11ea-88cf-b88a60e194fb,prd1064,CDs: 3 month,Investment,Personal,194274.62,1,USD,branchid:11040
5e0d8d8c-4be1-11ea-af09-b88a60e194fb-1,2020-01-17T01:54:25.000Z,crmid:3006073910,5e0d8d8c-4be1-11ea-af09-b88a60e194fb,prd1131,Employee Stock Purchase Plans,Investment,Personal,254238.55,1,USD,branchid:11094
5e0e7688-4be1-11ea-8f73-b88a60e194fb-1,2020-01-04T12:35:32.000Z,crmid:6878024322,5e0e7688-4be1-11ea-8f73-b88a60e194fb,prd1157,Brokerage Account,Investment,Personal,13845.63,1,USD,branchid:11001
5e0f3b46-4be1-11ea-9927-b88a60e194fb-1,2020-01-17T18:55:16.000Z,crmid:9796288419,5e0f3b46-4be1-11ea-9927-b88a60e194fb,prd1030,401k,Retirement,Personal,228423.31,1,USD,branchid:11128
5e0ffe70-4be1-11ea-a610-b88a60e194fb-1,2020-01-19T17:37:09.000Z,crmid:9137629177,5e0ffe70-4be1-11ea-a610-b88a60e194fb,prd1028,CDs: 1 year,Investment,Personal,13360.64,1,USD,branchid:11054
5e490ea2-4be1-11ea-98fa-b88a60e194fb-1,2020-01-02T21:23:26.000Z,crmid:9673901282,5e490ea2-4be1-11ea-98fa-b88a60e194fb,prd1062,Mortgage: VA,Mortgage,Personal,16893.71,1,USD,branchid:11137
5e49f89a-4be1-11ea-a530-b88a60e194fb-1,2020-01-29T12:55:24.000Z,crmid:2942865138,5e49f89a-4be1-11ea-a530-b88a60e194fb,prd1060,Traditional IRA,Retirement,Personal,10758.34,1,USD,branchid:11104
5e4abbdc-4be1-11ea-a235-b88a60e194fb-1,2020-01-13T00:28:50.000Z,crmid:9748844750,5e4abbdc-4be1-11ea-a235-b88a60e194fb,prd1027,Mortgage: 30-yr Fixed,Mortgage,Personal,220946.17,1,USD,branchid:11003
5e4bcd6e-4be1-11ea-b325-b88a60e194fb-1,2020-01-21T01:46:15.000Z,crmid:8151753112,5e4bcd6e-4be1-11ea-b325-b88a60e194fb,prd1181,Mortgage: 5/1 ARM,Mortgage,Personal,12870.06,1,USD,branchid:11062
5e4cb7c0-4be1-11ea-9cd6-b88a60e194fb-1,2020-01-22T00:20:43.000Z,crmid:2470792639,5e4cb7c0-4be1-11ea-9cd6-b88a60e194fb,prd1121,Mortgage: 30-yr Fixed,Mortgage,Personal,12709.78,1,USD,branchid:11109
5e4dc922-4be1-11ea-81d8-b88a60e194fb-1,2020-01-29T06:27:45.000Z,crmid:8110902229,5e4dc922-4be1-11ea-81d8-b88a60e194fb,prd1008,Traditional IRA,Retirement,Personal,14215.6,1,USD,branchid:11141
5e4edaa8-4be1-11ea-a9c3-b88a60e194fb-1,2020-01-02T11:24:41.000Z,crmid:2181835606,5e4edaa8-4be1-11ea-a9c3-b88a60e194fb,prd1078,Mortgage: 7/1 ARM,Mortgage,Personal,158012.81,1,USD,branchid:11053
5e883a4c-4be1-11ea-a633-b88a60e194fb-1,2020-01-02T09:58:23.000Z,crmid:5757769262,5e883a4c-4be1-11ea-a633-b88a60e194fb,prd1117,Brokerage Account,Investment,Personal,4010832.81,1,USD,branchid:11062
5e88fee2-4be1-11ea-a42e-b88a60e194fb-1,2020-01-31T10:36:51.000Z,crmid:4500914324,5e88fee2-4be1-11ea-a42e-b88a60e194fb,prd1083,Pension Account,Retirement,Personal,327801.96,1,USD,branchid:11090
5e89c1e8-4be1-11ea-bc21-b88a60e194fb-1,2020-01-10T00:17:41.000Z,crmid:2658862232,5e89c1e8-4be1-11ea-bc21-b88a60e194fb,prd1182,Brokerage Account,Investment,Personal,239338.32,1,USD,branchid:11125
5e8a8442-4be1-11ea-85d7-b88a60e194fb-1,2020-01-20T09:55:30.000Z,crmid:2729133046,5e8a8442-4be1-11ea-85d7-b88a60e194fb,prd1131,Employee Stock Purchase Plans,Investment,Personal,236415.15,1,USD,branchid:11108
5e8b6e52-4be1-11ea-8efd-b88a60e194fb-1,2020-01-02T21:54:44.000Z,crmid:6591195416,5e8b6e52-4be1-11ea-8efd-b88a60e194fb,prd1117,Brokerage Account,Investment,Personal,13985.18,1,USD,branchid:11142
5e8c58ae-4be1-11ea-8da4-b88a60e194fb-1,2020-01-08T12:29:21.000Z,crmid:8202400565,5e8c58ae-4be1-11ea-8da4-b88a60e194fb,prd1087,Overseas Equity Fund,Investment,Personal,220949.03,1,USD,branchid:11120
5e8d4314-4be1-11ea-9cb3-b88a60e194fb-1,2020-01-19T16:03:11.000Z,crmid:4958687608,5e8d4314-4be1-11ea-9cb3-b88a60e194fb,prd1047,Mortgage: 10 yr Fixed,Mortgage,Personal,3311794.87,1,USD,branchid:11029
5ec3bdc0-4be1-11ea-84c7-b88a60e194fb-1,2020-01-22T05:48:25.000Z,crmid:1044203867,5ec3bdc0-4be1-11ea-84c7-b88a60e194fb,prd1101,Mortgage: 5/1 ARM,Mortgage,Personal,15658.27,1,USD,branchid:11053
5ec4a734-4be1-11ea-9ddf-b88a60e194fb-1,2020-01-02T21:01:22.000Z,crmid:3536078016,5ec4a734-4be1-11ea-9ddf-b88a60e194fb,prd1033,Fixed Deposit,Investment,Personal,3635326.71,1,USD,branchid:11073
5ec54314-4be1-11ea-8823-b88a60e194fb-1,2020-01-27T10:35:58.000Z,crmid:5803287464,5ec54314-4be1-11ea-8823-b88a60e194fb,prd1028,CDs: 1 year,Investment,Personal,14951.52,1,USD,branchid:11013
5ec607b6-4be1-11ea-b9a7-b88a60e194fb-1,2020-01-14T10:49:03.000Z,crmid:4296030408,5ec607b6-4be1-11ea-b9a7-b88a60e194fb,prd1114,CDs: 3 month,Investment,Personal,9263.51,1,USD,branchid:11090
5ec6f09c-4be1-11ea-bb7d-b88a60e194fb-1,2020-01-27T15:03:31.000Z,crmid:9526856764,5ec6f09c-4be1-11ea-bb7d-b88a60e194fb,prd1182,Brokerage Account,Investment,Personal,150761.62,1,USD,branchid:11122
5ec7db3e-4be1-11ea-bc1d-b88a60e194fb-1,2020-01-29T01:30:45.000Z,crmid:8342102683,5ec7db3e-4be1-11ea-bc1d-b88a60e194fb,prd1062,Mortgage: VA,Mortgage,Personal,14607.63,1,USD,branchid:11023
5ec8c6ba-4be1-11ea-9b3e-b88a60e194fb-1,2020-01-19T11:12:21.000Z,crmid:1583618655,5ec8c6ba-4be1-11ea-9b3e-b88a60e194fb,prd1150,Money Market,Investment,Personal,17541.99,1,USD,branchid:11031
5effb3c2-4be1-11ea-8e2c-b88a60e194fb-1,2020-01-02T18:52:24.000Z,crmid:5861069497,5effb3c2-4be1-11ea-8e2c-b88a60e194fb,prd1083,Pension Account,Retirement,Personal,194052.94,1,USD,branchid:11064
5f007712-4be1-11ea-8625-b88a60e194fb-1,2020-01-08T00:24:23.000Z,crmid:8983653291,5f007712-4be1-11ea-8625-b88a60e194fb,prd1186,Money Market,Investment,Personal,17508.67,1,USD,branchid:11055
5f013a54-4be1-11ea-9a06-b88a60e194fb-1,2020-01-01T22:34:28.000Z,crmid:3886764913,5f013a54-4be1-11ea-9a06-b88a60e194fb,prd1062,Mortgage: VA,Mortgage,Personal,11519.88,1,USD,branchid:11136
5f01fda8-4be1-11ea-8372-b88a60e194fb-1,2020-01-04T13:52:37.000Z,crmid:9256246462,5f01fda8-4be1-11ea-8372-b88a60e194fb,prd1064,CDs: 3 month,Investment,Personal,16305.67,1,USD,branchid:11103
5f02c0fe-4be1-11ea-b051-b88a60e194fb-1,2020-01-06T03:57:05.000Z,crmid:5516939227,5f02c0fe-4be1-11ea-b051-b88a60e194fb,prd1189,Overseas Equity Fund,Investment,Personal,232737.59,1,USD,branchid:11100
5f03ab50-4be1-11ea-b1be-b88a60e194fb-1,2020-01-05T11:27:36.000Z,crmid:8280292505,5f03ab50-4be1-11ea-b1be-b88a60e194fb,prd1181,Mortgage: 5/1 ARM,Mortgage,Personal,4492976.82,1,USD,branchid:11130
5f0495ca-4be1-11ea-93c9-b88a60e194fb-1,2020-01-07T17:25:02.000Z,crmid:4107650790,5f0495ca-4be1-11ea-93c9-b88a60e194fb,prd1181,Mortgage: 5/1 ARM,Mortgage,Personal,265307.24,1,USD,branchid:11101
5f3da6f8-4be1-11ea-8b7c-b88a60e194fb-1,2020-01-13T14:50:54.000Z,crmid:9952648208,5f3da6f8-4be1-11ea-8b7c-b88a60e194fb,prd1037,Home Equity Loan,Mortgage,Personal,17676.17,1,USD,branchid:11112
5f3e6a58-4be1-11ea-bbd7-b88a60e194fb-1,2020-01-24T15:05:39.000Z,crmid:4724823503,5f3e6a58-4be1-11ea-bbd7-b88a60e194fb,prd1189,Overseas Equity Fund,Investment,Personal,4854472.88,1,USD,branchid:11085
5f3f54be-4be1-11ea-a453-b88a60e194fb-1,2020-01-31T12:09:35.000Z,crmid:4527362171,5f3f54be-4be1-11ea-a453-b88a60e194fb,prd1165,Roth IRA,Retirement,Personal,20516.09,1,USD,branchid:11131
5f401968-4be1-11ea-9cdd-b88a60e194fb-1,2020-01-16T05:35:51.000Z,crmid:7306140997,5f401968-4be1-11ea-9cdd-b88a60e194fb,prd1121,Mortgage: 30-yr Fixed,Mortgage,Personal,4104869.88,1,USD,branchid:11099
5f410288-4be1-11ea-ac7c-b88a60e194fb-1,2020-01-07T08:54:31.000Z,crmid:3793370927,5f410288-4be1-11ea-ac7c-b88a60e194fb,prd1049,Business Brokerage Account,Investment,Business,15314.03,1,USD,branchid:11145
5f41c6fa-4be1-11ea-bfd8-b88a60e194fb-1,2020-01-07T14:57:01.000Z,crmid:1063424331,5f41c6fa-4be1-11ea-bfd8-b88a60e194fb,prd1079,Mortgage: 30-yr Fixed,Mortgage,Personal,241294.43,1,USD,branchid:11019
5f428a4c-4be1-11ea-80f5-b88a60e194fb-1,2020-01-11T16:06:17.000Z,crmid:6500169392,5f428a4c-4be1-11ea-80f5-b88a60e194fb,prd1042,Roth IRA,Retirement,Personal,11788.1,1,USD,branchid:11082
5f7afe1c-4be1-11ea-87ad-b88a60e194fb-1,2020-01-31T17:27:55.000Z,crmid:7485713605,5f7afe1c-4be1-11ea-87ad-b88a60e194fb,prd1174,Traditional IRA,Retirement,Personal,2271769.23,1,USD,branchid:11052
5f7be88c-4be1-11ea-99bc-b88a60e194fb-1,2020-01-11T04:57:10.000Z,crmid:9527213637,5f7be88c-4be1-11ea-99bc-b88a60e194fb,prd1111,Pension Account,Retirement,Personal,246008.99,1,USD,branchid:11007
5f7cabbe-4be1-11ea-a216-b88a60e194fb-1,2020-01-02T15:30:42.000Z,crmid:1616706871,5f7cabbe-4be1-11ea-a216-b88a60e194fb,prd1139,Employee Stock Purchase Plans,Investment,Personal,3990938.67,1,USD,branchid:11122
5f7d7026-4be1-11ea-8149-b88a60e194fb-1,2020-01-09T18:21:30.000Z,crmid:5997251125,5f7d7026-4be1-11ea-8149-b88a60e194fb,prd1024,Mortgage: FHA,Mortgage,Personal,16489.34,1,USD,branchid:11105
5f7e3262-4be1-11ea-b3c3-b88a60e194fb-1,2020-01-02T13:24:30.000Z,crmid:1927083483,5f7e3262-4be1-11ea-b3c3-b88a60e194fb,prd1153,CDs: 1 year,Investment,Personal,19754.8,1,USD,branchid:11134
5f7f1e18-4be1-11ea-8a2c-b88a60e194fb-1,2020-01-25T03:41:49.000Z,crmid:4707361653,5f7f1e18-4be1-11ea-8a2c-b88a60e194fb,prd1064,CDs: 3 month,Investment,Personal,10249.06,1,USD,branchid:11053
5f800736-4be1-11ea-91ef-b88a60e194fb-1,2020-01-27T15:46:44.000Z,crmid:7830068417,5f800736-4be1-11ea-91ef-b88a60e194fb,prd1034,Home Equity Loan,Mortgage,Personal,14589.38,1,USD,branchid:11130
5fb8ca50-4be1-11ea-9de3-b88a60e194fb-1,2020-01-08T03:55:50.000Z,crmid:5490199009,5fb8ca50-4be1-11ea-9de3-b88a60e194fb,prd1173,Money Market,Investment,Personal,14989.51,1,USD,branchid:11099
5fb98d98-4be1-11ea-b85e-b88a60e194fb-1,2020-01-26T14:12:04.000Z,crmid:1160575422,5fb98d98-4be1-11ea-b85e-b88a60e194fb,prd1053,Mortgage: VA,Mortgage,Personal,14759.76,1,USD,branchid:11128
5fba521e-4be1-11ea-adcb-b88a60e194fb-1,2020-01-13T15:07:07.000Z,crmid:2493173878,5fba521e-4be1-11ea-adcb-b88a60e194fb,prd1131,Employee Stock Purchase Plans,Investment,Personal,2947179.07,1,USD,branchid:11080
5fbb1528-4be1-11ea-a127-b88a60e194fb-1,2020-01-17T16:37:58.000Z,crmid:4886547741,5fbb1528-4be1-11ea-a127-b88a60e194fb,prd1021,CDs: 5 year,Investment,Personal,19270.25,1,USD,branchid:11023
5fbbd782-4be1-11ea-9ba9-b88a60e194fb-1,2020-01-25T12:56:02.000Z,crmid:4189937728,5fbbd782-4be1-11ea-9ba9-b88a60e194fb,prd1167,Roth IRA,Retirement,Personal,176485.42,1,USD,branchid:11028
5fbcc1e6-4be1-11ea-a828-b88a60e194fb-1,2020-01-27T22:03:03.000Z,crmid:9930565260,5fbcc1e6-4be1-11ea-a828-b88a60e194fb,prd1175,401k,Retirement,Personal,18222.67,1,USD,branchid:11124
5fbd85c0-4be1-11ea-af15-b88a60e194fb-1,2020-01-21T23:44:52.000Z,crmid:7256639123,5fbd85c0-4be1-11ea-af15-b88a60e194fb,prd1120,Mortgage: 10/1 ARM,Mortgage,Personal,14660.03,1,USD,branchid:11080
5ff44ca8-4be1-11ea-b61d-b88a60e194fb-1,2020-01-10T00:48:56.000Z,crmid:1448536903,5ff44ca8-4be1-11ea-b61d-b88a60e194fb,prd1121,Mortgage: 30-yr Fixed,Mortgage,Personal,13839.91,1,USD,branchid:11130
5ff536f8-4be1-11ea-b8ee-b88a60e194fb-1,2020-01-07T17:19:51.000Z,crmid:2831519378,5ff536f8-4be1-11ea-b8ee-b88a60e194fb,prd1047,Mortgage: 10 yr Fixed,Mortgage,Personal,167840.79,1,USD,branchid:11096
5ff5d340-4be1-11ea-84af-b88a60e194fb-1,2020-01-15T03:54:34.000Z,crmid:1989274559,5ff5d340-4be1-11ea-84af-b88a60e194fb,prd1037,Home Equity Loan,Mortgage,Personal,14496.72,1,USD,branchid:11037
5ff697be-4be1-11ea-b5d9-b88a60e194fb-1,2020-01-05T09:44:28.000Z,crmid:8158897282,5ff697be-4be1-11ea-b5d9-b88a60e194fb,prd1184,Fixed Deposit,Investment,Personal,145732.86,1,USD,branchid:11099
5ff75b14-4be1-11ea-9640-b88a60e194fb-1,2020-01-31T16:30:44.000Z,crmid:6012362576,5ff75b14-4be1-11ea-9640-b88a60e194fb,prd1029,401k,Retirement,Personal,22993.96,1,USD,branchid:11141
5ff81e58-4be1-11ea-aa7e-b88a60e194fb-1,2020-01-03T22:44:11.000Z,crmid:2679224046,5ff81e58-4be1-11ea-aa7e-b88a60e194fb,prd1165,Roth IRA,Retirement,Personal,15632.05,1,USD,branchid:11090
5ff92f0c-4be1-11ea-852f-b88a60e194fb-1,2020-01-09T20:46:08.000Z,crmid:5793589110,5ff92f0c-4be1-11ea-852f-b88a60e194fb,prd1060,Traditional IRA,Retirement,Personal,11015.3,1,USD,branchid:11087
6031f32e-4be1-11ea-bfb9-b88a60e194fb-1,2020-01-30T21:49:54.000Z,crmid:9319454555,6031f32e-4be1-11ea-bfb9-b88a60e194fb,prd1153,CDs: 1 year,Investment,Personal,13768.17,1,USD,branchid:11052
6032b522-4be1-11ea-8053-b88a60e194fb-1,2020-01-27T21:03:38.000Z,crmid:1509920196,6032b522-4be1-11ea-8053-b88a60e194fb,prd1151,Mortgage: 10 yr Fixed,Mortgage,Personal,11608.35,1,USD,branchid:11042
603379cc-4be1-11ea-9480-b88a60e194fb-1,2020-01-25T14:17:56.000Z,crmid:9208494505,603379cc-4be1-11ea-9480-b88a60e194fb,prd1047,Mortgage: 10 yr Fixed,Mortgage,Personal,16153.93,1,USD,branchid:11107
60343bc2-4be1-11ea-8691-b88a60e194fb-1,2020-01-20T22:02:22.000Z,crmid:8841209626,60343bc2-4be1-11ea-8691-b88a60e194fb,prd1024,Mortgage: FHA,Mortgage,Personal,18472.75,1,USD,branchid:11043
6035260c-4be1-11ea-9476-b88a60e194fb-1,2020-01-01T21:23:14.000Z,crmid:9388647142,6035260c-4be1-11ea-9476-b88a60e194fb,prd1159,CDs: 3 month,Investment,Personal,9969.3,1,USD,branchid:11013
603611c0-4be1-11ea-a98b-b88a60e194fb-1,2020-01-22T20:18:32.000Z,crmid:8360925787,603611c0-4be1-11ea-a98b-b88a60e194fb,prd1159,CDs: 3 month,Investment,Personal,18754.19,1,USD,branchid:11133
6036d45e-4be1-11ea-9f8a-b88a60e194fb-1,2020-01-16T13:15:06.000Z,crmid:5920874389,6036d45e-4be1-11ea-9f8a-b88a60e194fb,prd1033,Fixed Deposit,Investment,Personal,15088.94,1,USD,branchid:11087
606f9810-4be1-11ea-85dd-b88a60e194fb-1,2020-01-19T01:40:05.000Z,crmid:2147718171,606f9810-4be1-11ea-85dd-b88a60e194fb,prd1077,Roth IRA,Retirement,Personal,19012.67,1,USD,branchid:11064
60708164-4be1-11ea-8dca-b88a60e194fb-1,2020-01-22T17:31:18.000Z,crmid:5701937816,60708164-4be1-11ea-8dca-b88a60e194fb,prd1185,Mortgage: FHA,Mortgage,Personal,17912.74,1,USD,branchid:11015
60716b98-4be1-11ea-a613-b88a60e194fb-1,2020-01-16T06:23:47.000Z,crmid:3108453131,60716b98-4be1-11ea-a613-b88a60e194fb,prd1061,Mortgage: 5/1 ARM,Mortgage,Personal,18066.95,1,USD,branchid:11020
607230be-4be1-11ea-8c41-b88a60e194fb-1,2020-01-17T16:20:32.000Z,crmid:9565982856,607230be-4be1-11ea-8c41-b88a60e194fb,prd1101,Mortgage: 5/1 ARM,Mortgage,Personal,15146.61,1,USD,branchid:11123
60731982-4be1-11ea-be06-b88a60e194fb-1,2020-01-02T23:33:20.000Z,crmid:4535238997,60731982-4be1-11ea-be06-b88a60e194fb,prd1064,CDs: 3 month,Investment,Personal,216648.19,1,USD,branchid:11007
6073b706-4be1-11ea-9245-b88a60e194fb-1,2020-01-14T22:03:30.000Z,crmid:3840588047,6073b706-4be1-11ea-9245-b88a60e194fb,prd1129,Mortgage: 10/1 ARM,Mortgage,Personal,165797.29,1,USD,branchid:11019
60747a14-4be1-11ea-a612-b88a60e194fb-1,2020-01-11T05:19:40.000Z,crmid:7885027761,60747a14-4be1-11ea-a612-b88a60e194fb,prd1021,CDs: 5 year,Investment,Personal,15993.08,1,USD,branchid:11031
60add83e-4be1-11ea-ad9c-b88a60e194fb-1,2020-01-07T06:46:55.000Z,crmid:2795383728,60add83e-4be1-11ea-ad9c-b88a60e194fb,prd1172,Employee Stock Purchase Plans,Investment,Personal,19441.92,1,USD,branchid:11106
60aec41e-4be1-11ea-8ad1-b88a60e194fb-1,2020-01-19T16:19:02.000Z,crmid:1386189570,60aec41e-4be1-11ea-8ad1-b88a60e194fb,prd1185,Mortgage: FHA,Mortgage,Personal,13648.35,1,USD,branchid:11066
60af8754-4be1-11ea-90f2-b88a60e194fb-1,2020-01-02T05:21:27.000Z,crmid:7886132573,60af8754-4be1-11ea-90f2-b88a60e194fb,prd1077,Roth IRA,Retirement,Personal,11736.84,1,USD,branchid:11015
60b04962-4be1-11ea-a1c3-b88a60e194fb-1,2020-01-11T07:03:18.000Z,crmid:7940332504,60b04962-4be1-11ea-a1c3-b88a60e194fb,prd1041,Mortgage: 7/1 ARM,Mortgage,Personal,12422.12,1,USD,branchid:11038
60b15cae-4be1-11ea-80ee-b88a60e194fb-1,2020-01-05T05:58:57.000Z,crmid:7328137158,60b15cae-4be1-11ea-80ee-b88a60e194fb,prd1183,Fixed Deposit,Investment,Personal,15264.14,1,USD,branchid:11076
60b21efe-4be1-11ea-8eb5-b88a60e194fb-1,2020-01-24T07:05:51.000Z,crmid:4742239070,60b21efe-4be1-11ea-8eb5-b88a60e194fb,prd1114,CDs: 3 month,Investment,Personal,14480.24,1,USD,branchid:11099
60b308b4-4be1-11ea-beb9-b88a60e194fb-1,2020-01-04T03:21:19.000Z,crmid:8187408157,60b308b4-4be1-11ea-beb9-b88a60e194fb,prd1129,Mortgage: 10/1 ARM,Mortgage,Personal,18571.61,1,USD,branchid:11098
60ec41e6-4be1-11ea-9a36-b88a60e194fb-1,2020-01-13T13:08:20.000Z,crmid:7004949820,60ec41e6-4be1-11ea-9a36-b88a60e194fb,prd1032,Home Equity Loan,Mortgage,Personal,4257554.45,1,USD,branchid:11052
60ed0580-4be1-11ea-85ec-b88a60e194fb-1,2020-01-23T15:57:30.000Z,crmid:5926727173,60ed0580-4be1-11ea-85ec-b88a60e194fb,prd1144,Home Equity Loan,Mortgage,Personal,16084.95,1,USD,branchid:11106
60edc8d2-4be1-11ea-b090-b88a60e194fb-1,2020-01-29T04:47:42.000Z,crmid:4120913069,60edc8d2-4be1-11ea-b090-b88a60e194fb,prd1167,Roth IRA,Retirement,Personal,13885.52,1,USD,branchid:11020
60ee8be2-4be1-11ea-85a3-b88a60e194fb-1,2020-01-31T17:36:13.000Z,crmid:5901258863,60ee8be2-4be1-11ea-85a3-b88a60e194fb,prd1034,Home Equity Loan,Mortgage,Personal,17198.08,1,USD,branchid:11130
60ef4e1a-4be1-11ea-bdf7-b88a60e194fb-1,2020-01-25T09:08:35.000Z,crmid:4030522999,60ef4e1a-4be1-11ea-bdf7-b88a60e194fb,prd1183,Fixed Deposit,Investment,Personal,15419.6,1,USD,branchid:11077
60f0385c-4be1-11ea-83e5-b88a60e194fb-1,2020-01-12T17:49:43.000Z,crmid:1582455179,60f0385c-4be1-11ea-83e5-b88a60e194fb,prd1111,Pension Account,Retirement,Personal,3552233.6,1,USD,branchid:11109
60f1243a-4be1-11ea-90d2-b88a60e194fb-1,2020-01-12T10:08:56.000Z,crmid:2875787388,60f1243a-4be1-11ea-90d2-b88a60e194fb,prd1087,Overseas Equity Fund,Investment,Personal,10797.6,1,USD,branchid:11101
612923be-4be1-11ea-89f0-b88a60e194fb-1,2020-01-18T02:07:23.000Z,crmid:4427121503,612923be-4be1-11ea-89f0-b88a60e194fb,prd1172,Employee Stock Purchase Plans,Investment,Personal,11792.91,1,USD,branchid:11088
6129e5ee-4be1-11ea-9aab-b88a60e194fb-1,2020-01-08T06:32:51.000Z,crmid:2176119684,6129e5ee-4be1-11ea-9aab-b88a60e194fb,prd1176,Overseas Equity Fund,Investment,Personal,287917.16,1,USD,branchid:11109
612aa922-4be1-11ea-a980-b88a60e194fb-1,2020-01-20T22:18:27.000Z,crmid:2523068462,612aa922-4be1-11ea-a980-b88a60e194fb,prd1028,CDs: 1 year,Investment,Personal,263761.0,1,USD,branchid:11089
612b9392-4be1-11ea-a165-b88a60e194fb-1,2020-01-19T09:13:36.000Z,crmid:3235669229,612b9392-4be1-11ea-a165-b88a60e194fb,prd1153,CDs: 1 year,Investment,Personal,9279.51,1,USD,branchid:11041
612c5736-4be1-11ea-99c0-b88a60e194fb-1,2020-01-20T23:28:25.000Z,crmid:6517962570,612c5736-4be1-11ea-99c0-b88a60e194fb,prd1101,Mortgage: 5/1 ARM,Mortgage,Personal,19133.87,1,USD,branchid:11113
612d4246-4be1-11ea-a548-b88a60e194fb-1,2020-01-28T02:00:15.000Z,crmid:8780843075,612d4246-4be1-11ea-a548-b88a60e194fb,prd1155,CDs: 5 year,Investment,Personal,11388.03,1,USD,branchid:11086
612ddeb8-4be1-11ea-a137-b88a60e194fb-1,2020-01-10T00:19:08.000Z,crmid:1115071675,612ddeb8-4be1-11ea-a137-b88a60e194fb,prd1097,Employee Stock Purchase Plans,Investment,Personal,6925.44,1,USD,branchid:11032
6166a0a2-4be1-11ea-9376-b88a60e194fb-1,2020-01-10T20:55:34.000Z,crmid:1742103005,6166a0a2-4be1-11ea-9376-b88a60e194fb,prd1047,Mortgage: 10 yr Fixed,Mortgage,Personal,197071.71,1,USD,branchid:11003
61678af6-4be1-11ea-a13b-b88a60e194fb-1,2020-01-10T17:25:54.000Z,crmid:7386101994,61678af6-4be1-11ea-a13b-b88a60e194fb,prd1150,Money Market,Investment,Personal,8402.47,1,USD,branchid:11146
61687562-4be1-11ea-809b-b88a60e194fb-1,2020-01-16T18:47:33.000Z,crmid:1882218029,61687562-4be1-11ea-809b-b88a60e194fb,prd1045,Mortgage: 10/1 ARM,Mortgage,Personal,182535.09,1,USD,branchid:11145
61693a1a-4be1-11ea-8e02-b88a60e194fb-1,2020-01-26T10:20:04.000Z,crmid:4052014315,61693a1a-4be1-11ea-8e02-b88a60e194fb,prd1035,Pension Account,Retirement,Personal,7983.29,1,USD,branchid:11084
616a98d4-4be1-11ea-a61a-b88a60e194fb-1,2020-01-09T22:10:56.000Z,crmid:8560529808,616a98d4-4be1-11ea-a61a-b88a60e194fb,prd1139,Employee Stock Purchase Plans,Investment,Personal,4114478.32,1,USD,branchid:11113
616b82a4-4be1-11ea-95ae-b88a60e194fb-1,2020-01-25T21:24:24.000Z,crmid:1925912226,616b82a4-4be1-11ea-95ae-b88a60e194fb,prd1125,Mortgage: FHA,Mortgage,Personal,218547.66,1,USD,branchid:11031
616c9462-4be1-11ea-b487-b88a60e194fb-1,2020-01-19T22:47:05.000Z,crmid:2978480833,616c9462-4be1-11ea-b487-b88a60e194fb,prd1027,Mortgage: 30-yr Fixed,Mortgage,Personal,281541.39,1,USD,branchid:11086
61a68fec-4be1-11ea-9a1f-b88a60e194fb-1,2020-01-22T12:26:14.000Z,crmid:4345990481,61a68fec-4be1-11ea-9a1f-b88a60e194fb,prd1014,CDs: 3 month,Investment,Personal,4367673.57,1,USD,branchid:11136
61a77b86-4be1-11ea-a515-b88a60e194fb-1,2020-01-20T16:28:26.000Z,crmid:2755599898,61a77b86-4be1-11ea-a515-b88a60e194fb,prd1144,Home Equity Loan,Mortgage,Personal,250965.86,1,USD,branchid:11036
61a817fa-4be1-11ea-9272-b88a60e194fb-1,2020-01-25T11:39:50.000Z,crmid:3029399624,61a817fa-4be1-11ea-9272-b88a60e194fb,prd1125,Mortgage: FHA,Mortgage,Personal,328044.83,1,USD,branchid:11150
61a8db3a-4be1-11ea-95bf-b88a60e194fb-1,2020-01-01T22:06:46.000Z,crmid:2475366030,61a8db3a-4be1-11ea-95bf-b88a60e194fb,prd1183,Fixed Deposit,Investment,Personal,21691.44,1,USD,branchid:11080
61a9eb1a-4be1-11ea-87a9-b88a60e194fb-1,2020-01-22T14:53:46.000Z,crmid:2391325607,61a9eb1a-4be1-11ea-87a9-b88a60e194fb,prd1121,Mortgage: 30-yr Fixed,Mortgage,Personal,3648166.62,1,USD,branchid:11125
61aad5a4-4be1-11ea-80a1-b88a60e194fb-1,2020-01-19T10:58:18.000Z,crmid:3610151938,61aad5a4-4be1-11ea-80a1-b88a60e194fb,prd1121,Mortgage: 30-yr Fixed,Mortgage,Personal,201441.68,1,USD,branchid:11148
61ab9980-4be1-11ea-8c84-b88a60e194fb-1,2020-01-11T05:48:17.000Z,crmid:6265899469,61ab9980-4be1-11ea-8c84-b88a60e194fb,prd1153,CDs: 1 year,Investment,Personal,198214.02,1,USD,branchid:11024
61e5bbae-4be1-11ea-bcbd-b88a60e194fb-1,2020-01-28T11:08:51.000Z,crmid:4855221222,61e5bbae-4be1-11ea-bcbd-b88a60e194fb,prd1033,Fixed Deposit,Investment,Personal,19302.25,1,USD,branchid:11001
61e6cce4-4be1-11ea-9d0a-b88a60e194fb-1,2020-01-29T02:00:39.000Z,crmid:1744916286,61e6cce4-4be1-11ea-9d0a-b88a60e194fb,prd1049,Business Brokerage Account,Investment,Business,16270.32,1,USD,branchid:11024
61e7b7ca-4be1-11ea-b484-b88a60e194fb-1,2020-01-15T12:26:18.000Z,crmid:8903203775,61e7b7ca-4be1-11ea-b484-b88a60e194fb,prd1153,CDs: 1 year,Investment,Personal,14431.23,1,USD,branchid:11145
61e8c8e2-4be1-11ea-9815-b88a60e194fb-1,2020-01-04T00:28:33.000Z,crmid:7141777131,61e8c8e2-4be1-11ea-9815-b88a60e194fb,prd1027,Mortgage: 30-yr Fixed,Mortgage,Personal,292559.62,1,USD,branchid:11118
61e9da1a-4be1-11ea-9d5f-b88a60e194fb-1,2020-01-09T19:23:34.000Z,crmid:6519842557,61e9da1a-4be1-11ea-9d5f-b88a60e194fb,prd1078,Mortgage: 7/1 ARM,Mortgage,Personal,3104858.49,1,USD,branchid:11142
61ea9ed2-4be1-11ea-8f97-b88a60e194fb-1,2020-01-04T21:52:57.000Z,crmid:4130512879,61ea9ed2-4be1-11ea-8f97-b88a60e194fb,prd1173,Money Market,Investment,Personal,14581.88,1,USD,branchid:11064
61eb618c-4be1-11ea-a5c8-b88a60e194fb-1,2020-01-10T13:12:09.000Z,crmid:3728316809,61eb618c-4be1-11ea-a5c8-b88a60e194fb,prd1014,CDs: 3 month,Investment,Personal,266110.67,1,USD,branchid:11079
62250fdc-4be1-11ea-bfae-b88a60e194fb-1,2020-01-01T16:42:23.000Z,crmid:9416661739,62250fdc-4be1-11ea-bfae-b88a60e194fb,prd1139,Employee Stock Purchase Plans,Investment,Personal,14659.96,1,USD,branchid:11010
6225fa12-4be1-11ea-8920-b88a60e194fb-1,2020-01-21T02:49:16.000Z,crmid:1686709094,6225fa12-4be1-11ea-8920-b88a60e194fb,prd1088,CDs: 1 year,Investment,Personal,13510.25,1,USD,branchid:11072
6226e46e-4be1-11ea-85cb-b88a60e194fb-1,2020-01-14T13:33:51.000Z,crmid:8095620767,6226e46e-4be1-11ea-85cb-b88a60e194fb,prd1049,Business Brokerage Account,Investment,Business,278920.09,1,USD,branchid:11058
6227ceda-4be1-11ea-8f39-b88a60e194fb-1,2020-01-04T14:35:12.000Z,crmid:1075035197,6227ceda-4be1-11ea-8f39-b88a60e194fb,prd1182,Brokerage Account,Investment,Personal,203821.18,1,USD,branchid:11084
6228b7e2-4be1-11ea-a773-b88a60e194fb-1,2020-01-26T06:23:53.000Z,crmid:2904323123,6228b7e2-4be1-11ea-a773-b88a60e194fb,prd1101,Mortgage: 5/1 ARM,Mortgage,Personal,201264.36,1,USD,branchid:11068
62297b1e-4be1-11ea-b035-b88a60e194fb-1,2020-01-17T07:45:00.000Z,crmid:2072337688,62297b1e-4be1-11ea-b035-b88a60e194fb,prd1129,Mortgage: 10/1 ARM,Mortgage,Personal,14114.21,1,USD,branchid:11146
622a66e2-4be1-11ea-a410-b88a60e194fb-1,2020-01-07T21:31:06.000Z,crmid:8693700603,622a66e2-4be1-11ea-a410-b88a60e194fb,prd1151,Mortgage: 10 yr Fixed,Mortgage,Personal,13697.43,1,USD,branchid:11138
6262dabe-4be1-11ea-ac13-b88a60e194fb-1,2020-01-26T04:21:57.000Z,crmid:7558899399,6262dabe-4be1-11ea-ac13-b88a60e194fb,prd1129,Mortgage: 10/1 ARM,Mortgage,Personal,4009352.89,1,USD,branchid:11095
62639e0c-4be1-11ea-9de3-b88a60e194fb-1,2020-01-23T11:27:20.000Z,crmid:8155668867,62639e0c-4be1-11ea-9de3-b88a60e194fb,prd1120,Mortgage: 10/1 ARM,Mortgage,Personal,18507.84,1,USD,branchid:11138
62646146-4be1-11ea-95c1-b88a60e194fb-1,2020-01-15T15:44:37.000Z,crmid:2274899909,62646146-4be1-11ea-95c1-b88a60e194fb,prd1144,Home Equity Loan,Mortgage,Personal,231007.87,1,USD,branchid:11105
6265748c-4be1-11ea-a1c6-b88a60e194fb-1,2020-01-01T04:28:02.000Z,crmid:2512344728,6265748c-4be1-11ea-a1c6-b88a60e194fb,prd1155,CDs: 5 year,Investment,Personal,14342.27,1,USD,branchid:11079
62661030-4be1-11ea-a176-b88a60e194fb-1,2020-01-19T21:47:34.000Z,crmid:6902379454,62661030-4be1-11ea-a176-b88a60e194fb,prd1032,Home Equity Loan,Mortgage,Personal,20581.73,1,USD,branchid:11022
6266d392-4be1-11ea-9bd5-b88a60e194fb-1,2020-01-17T10:27:41.000Z,crmid:4788978630,6266d392-4be1-11ea-9bd5-b88a60e194fb,prd1028,CDs: 1 year,Investment,Personal,274577.79,1,USD,branchid:11021
6267bde8-4be1-11ea-a1ef-b88a60e194fb-1,2020-01-24T17:37:27.000Z,crmid:7476046578,6267bde8-4be1-11ea-a1ef-b88a60e194fb,prd1014,CDs: 3 month,Investment,Personal,3257912.54,1,USD,branchid:11009
62a058a4-4be1-11ea-9337-b88a60e194fb-1,2020-01-18T14:33:34.000Z,crmid:5332407439,62a058a4-4be1-11ea-9337-b88a60e194fb,prd1079,Mortgage: 30-yr Fixed,Mortgage,Personal,4376986.52,1,USD,branchid:11078
62a11c1c-4be1-11ea-98e7-b88a60e194fb-1,2020-01-04T09:03:13.000Z,crmid:2658286076,62a11c1c-4be1-11ea-98e7-b88a60e194fb,prd1114,CDs: 3 month,Investment,Personal,133956.94,1,USD,branchid:11020
62a1e094-4be1-11ea-bfee-b88a60e194fb-1,2020-01-27T04:45:12.000Z,crmid:7638802512,62a1e094-4be1-11ea-bfee-b88a60e194fb,prd1123,Mortgage: 10 yr Fixed,Mortgage,Personal,14614.12,1,USD,branchid:11022
62a2f0ec-4be1-11ea-a27b-b88a60e194fb-1,2020-01-12T12:02:44.000Z,crmid:4128593659,62a2f0ec-4be1-11ea-a27b-b88a60e194fb,prd1181,Mortgage: 5/1 ARM,Mortgage,Personal,3430297.66,1,USD,branchid:11023
62a3b55c-4be1-11ea-939c-b88a60e194fb-1,2020-01-03T21:53:27.000Z,crmid:6739616010,62a3b55c-4be1-11ea-939c-b88a60e194fb,prd1110,Traditional IRA,Retirement,Personal,14812.38,1,USD,branchid:11103
62a478dc-4be1-11ea-b209-b88a60e194fb-1,2020-01-25T05:17:52.000Z,crmid:2451218381,62a478dc-4be1-11ea-b209-b88a60e194fb,prd1087,Overseas Equity Fund,Investment,Personal,16190.86,1,USD,branchid:11019
62a561b8-4be1-11ea-819e-b88a60e194fb-1,2020-01-30T11:33:11.000Z,crmid:4723382733,62a561b8-4be1-11ea-819e-b88a60e194fb,prd1021,CDs: 5 year,Investment,Personal,245240.48,1,USD,branchid:11070
62ddb11c-4be1-11ea-8b27-b88a60e194fb-1,2020-01-24T14:52:43.000Z,crmid:4543223021,62ddb11c-4be1-11ea-8b27-b88a60e194fb,prd1184,Fixed Deposit,Investment,Personal,215139.77,1,USD,branchid:11052
62de7334-4be1-11ea-ab8a-b88a60e194fb-1,2020-01-20T12:29:31.000Z,crmid:1166728033,62de7334-4be1-11ea-ab8a-b88a60e194fb,prd1097,Employee Stock Purchase Plans,Investment,Personal,13263.3,1,USD,branchid:11083
62df5d7e-4be1-11ea-aadc-b88a60e194fb-1,2020-01-13T03:26:05.000Z,crmid:6831845993,62df5d7e-4be1-11ea-aadc-b88a60e194fb,prd1008,Traditional IRA,Retirement,Personal,259810.4,1,USD,branchid:11075
62dffaf6-4be1-11ea-85f8-b88a60e194fb-1,2020-01-01T19:47:44.000Z,crmid:5705032138,62dffaf6-4be1-11ea-85f8-b88a60e194fb,prd1121,Mortgage: 30-yr Fixed,Mortgage,Personal,200389.48,1,USD,branchid:11101
62e0be42-4be1-11ea-90de-b88a60e194fb-1,2020-01-24T14:42:41.000Z,crmid:5885921699,62e0be42-4be1-11ea-90de-b88a60e194fb,prd1173,Money Market,Investment,Personal,142532.59,1,USD,branchid:11049
62e1ce5c-4be1-11ea-9c63-b88a60e194fb-1,2020-01-07T07:26:50.000Z,crmid:8961510866,62e1ce5c-4be1-11ea-9c63-b88a60e194fb,prd1179,Business Brokerage Account,Investment,Business,163778.89,1,USD,branchid:11107
62e2b8a8-4be1-11ea-b9ae-b88a60e194fb-1,2020-01-10T16:42:50.000Z,crmid:9544851915,62e2b8a8-4be1-11ea-b9ae-b88a60e194fb,prd1125,Mortgage: FHA,Mortgage,Personal,12272.55,1,USD,branchid:11003
631cb47a-4be1-11ea-ab2f-b88a60e194fb-1,2020-01-04T06:40:47.000Z,crmid:8978690974,631cb47a-4be1-11ea-ab2f-b88a60e194fb,prd1047,Mortgage: 10 yr Fixed,Mortgage,Personal,20274.34,1,USD,branchid:11083
631d9ee2-4be1-11ea-a8a2-b88a60e194fb-1,2020-01-06T11:40:44.000Z,crmid:8367802261,631d9ee2-4be1-11ea-a8a2-b88a60e194fb,prd1028,CDs: 1 year,Investment,Personal,15328.8,1,USD,branchid:11019
631e6224-4be1-11ea-8a83-b88a60e194fb-1,2020-01-23T22:44:31.000Z,crmid:9477390768,631e6224-4be1-11ea-8a83-b88a60e194fb,prd1041,Mortgage: 7/1 ARM,Mortgage,Personal,250070.37,1,USD,branchid:11017
631f4d98-4be1-11ea-9e5d-b88a60e194fb-1,2020-01-08T13:20:07.000Z,crmid:9905919909,631f4d98-4be1-11ea-9e5d-b88a60e194fb,prd1167,Roth IRA,Retirement,Personal,4111301.79,1,USD,branchid:11088
63201128-4be1-11ea-bc78-b88a60e194fb-1,2020-01-23T14:26:27.000Z,crmid:8937205982,63201128-4be1-11ea-bc78-b88a60e194fb,prd1157,Brokerage Account,Investment,Personal,3631217.75,1,USD,branchid:11047
6320d466-4be1-11ea-9c0e-b88a60e194fb-1,2020-01-09T13:04:54.000Z,crmid:8897640722,6320d466-4be1-11ea-9c0e-b88a60e194fb,prd1117,Brokerage Account,Investment,Personal,19920.38,1,USD,branchid:11133
6321be0c-4be1-11ea-8543-b88a60e194fb-1,2020-01-25T02:00:50.000Z,crmid:7252514052,6321be0c-4be1-11ea-8543-b88a60e194fb,prd1026,Mortgage: 5/1 ARM,Mortgage,Personal,217315.71,1,USD,branchid:11080
6359e486-4be1-11ea-988d-b88a60e194fb-1,2020-01-09T23:31:28.000Z,crmid:8221839592,6359e486-4be1-11ea-988d-b88a60e194fb,prd1121,Mortgage: 30-yr Fixed,Mortgage,Personal,256326.01,1,USD,branchid:11026
635aa7b6-4be1-11ea-a270-b88a60e194fb-1,2020-01-31T03:42:37.000Z,crmid:1905817043,635aa7b6-4be1-11ea-a270-b88a60e194fb,prd1056,CDs: 5 year,Investment,Personal,128522.35,1,USD,branchid:11023
635b6b1c-4be1-11ea-b8cb-b88a60e194fb-1,2020-01-26T07:18:45.000Z,crmid:9375928467,635b6b1c-4be1-11ea-b8cb-b88a60e194fb,prd1101,Mortgage: 5/1 ARM,Mortgage,Personal,189604.28,1,USD,branchid:11115
635c2e66-4be1-11ea-b4c1-b88a60e194fb-1,2020-01-22T17:49:20.000Z,crmid:7459766072,635c2e66-4be1-11ea-b4c1-b88a60e194fb,prd1078,Mortgage: 7/1 ARM,Mortgage,Personal,163221.27,1,USD,branchid:11091
635d3fd2-4be1-11ea-b538-b88a60e194fb-1,2020-01-01T10:49:59.000Z,crmid:6713696911,635d3fd2-4be1-11ea-b538-b88a60e194fb,prd1182,Brokerage Account,Investment,Personal,16761.41,1,USD,branchid:11026
635e2a24-4be1-11ea-817e-b88a60e194fb-1,2020-01-07T01:14:02.000Z,crmid:2625581969,635e2a24-4be1-11ea-817e-b88a60e194fb,prd1097,Employee Stock Purchase Plans,Investment,Personal,15667.36,1,USD,branchid:11040
635ec648-4be1-11ea-aafd-b88a60e194fb-1,2020-01-04T22:37:08.000Z,crmid:8718796443,635ec648-4be1-11ea-aafd-b88a60e194fb,prd1042,Roth IRA,Retirement,Personal,12563.0,1,USD,branchid:11001
639ae608-4be1-11ea-ad59-b88a60e194fb-1,2020-01-10T15:53:20.000Z,crmid:8530323543,639ae608-4be1-11ea-ad59-b88a60e194fb,prd1028,CDs: 1 year,Investment,Personal,261133.49,1,USD,branchid:11069
639bcf3e-4be1-11ea-a340-b88a60e194fb-1,2020-01-19T00:09:53.000Z,crmid:8643771128,639bcf3e-4be1-11ea-a340-b88a60e194fb,prd1097,Employee Stock Purchase Plans,Investment,Personal,18239.44,1,USD,branchid:11071
639c93f4-4be1-11ea-8adc-b88a60e194fb-1,2020-01-30T00:36:29.000Z,crmid:6093259007,639c93f4-4be1-11ea-8adc-b88a60e194fb,prd1165,Roth IRA,Retirement,Personal,16277.09,1,USD,branchid:11085
639d55e8-4be1-11ea-924f-b88a60e194fb-1,2020-01-29T20:09:17.000Z,crmid:6445591085,639d55e8-4be1-11ea-924f-b88a60e194fb,prd1061,Mortgage: 5/1 ARM,Mortgage,Personal,148988.77,1,USD,branchid:11055
639e415a-4be1-11ea-a20e-b88a60e194fb-1,2020-01-21T07:23:21.000Z,crmid:8349592973,639e415a-4be1-11ea-a20e-b88a60e194fb,prd1111,Pension Account,Retirement,Personal,18310.19,1,USD,branchid:11049
639f04e6-4be1-11ea-bd10-b88a60e194fb-1,2020-01-21T19:55:44.000Z,crmid:8018250121,639f04e6-4be1-11ea-bd10-b88a60e194fb,prd1131,Employee Stock Purchase Plans,Investment,Personal,15407.66,1,USD,branchid:11060
639fee66-4be1-11ea-a84c-b88a60e194fb-1,2020-01-15T06:43:34.000Z,crmid:9684522164,639fee66-4be1-11ea-a84c-b88a60e194fb,prd1035,Pension Account,Retirement,Personal,15966.51,1,USD,branchid:11011
63dcd140-4be1-11ea-85ea-b88a60e194fb-1,2020-01-17T00:55:45.000Z,crmid:4415186783,63dcd140-4be1-11ea-85ea-b88a60e194fb,prd1029,401k,Retirement,Personal,164957.09,1,USD,branchid:11142
63ddba62-4be1-11ea-bdc9-b88a60e194fb-1,2020-01-02T14:00:37.000Z,crmid:7854073497,63ddba62-4be1-11ea-bdc9-b88a60e194fb,prd1153,CDs: 1 year,Investment,Personal,15136.37,1,USD,branchid:11078
63de7edc-4be1-11ea-b9fb-b88a60e194fb-1,2020-01-13T05:28:42.000Z,crmid:3286852257,63de7edc-4be1-11ea-b9fb-b88a60e194fb,prd1078,Mortgage: 7/1 ARM,Mortgage,Personal,285586.53,1,USD,branchid:11073
63df40be-4be1-11ea-9d8b-b88a60e194fb-1,2020-01-25T12:07:15.000Z,crmid:7371367822,63df40be-4be1-11ea-9d8b-b88a60e194fb,prd1154,Mortgage: 30-yr Fixed,Mortgage,Personal,15235.32,1,USD,branchid:11124
63e005b0-4be1-11ea-aac9-b88a60e194fb-1,2020-01-22T05:56:39.000Z,crmid:7632979356,63e005b0-4be1-11ea-aac9-b88a60e194fb,prd1029,401k,Retirement,Personal,153032.98,1,USD,branchid:11143
63e0ef6e-4be1-11ea-a1d3-b88a60e194fb-1,2020-01-06T17:12:24.000Z,crmid:3227885523,63e0ef6e-4be1-11ea-a1d3-b88a60e194fb,prd1047,Mortgage: 10 yr Fixed,Mortgage,Personal,17142.26,1,USD,branchid:11140
63e1b310-4be1-11ea-b785-b88a60e194fb-1,2020-01-03T08:49:34.000Z,crmid:8819597178,63e1b310-4be1-11ea-b785-b88a60e194fb,prd1026,Mortgage: 5/1 ARM,Mortgage,Personal,18470.51,1,USD,branchid:11100
641a9bfe-4be1-11ea-b388-b88a60e194fb-1,2020-01-15T06:01:48.000Z,crmid:2778977004,641a9bfe-4be1-11ea-b388-b88a60e194fb,prd1097,Employee Stock Purchase Plans,Investment,Personal,14343.74,1,USD,branchid:11143
641b867e-4be1-11ea-ab4b-b88a60e194fb-1,2020-01-01T08:04:24.000Z,crmid:7935485999,641b867e-4be1-11ea-ab4b-b88a60e194fb,prd1047,Mortgage: 10 yr Fixed,Mortgage,Personal,19074.46,1,USD,branchid:11079
641c4afa-4be1-11ea-b027-b88a60e194fb-1,2020-01-06T11:16:13.000Z,crmid:6040877821,641c4afa-4be1-11ea-b027-b88a60e194fb,prd1073,Business Brokerage Account,Investment,Business,3767266.67,1,USD,branchid:11068
641d0e10-4be1-11ea-9db6-b88a60e194fb-1,2020-01-22T09:54:32.000Z,crmid:2027024291,641d0e10-4be1-11ea-9db6-b88a60e194fb,prd1046,Mortgage: VA,Mortgage,Personal,11574.0,1,USD,branchid:11119
641dd162-4be1-11ea-86fc-b88a60e194fb-1,2020-01-14T05:38:20.000Z,crmid:2768134302,641dd162-4be1-11ea-86fc-b88a60e194fb,prd1124,CDs: 5 year,Investment,Personal,15415.68,1,USD,branchid:11098
641f08c0-4be1-11ea-8c5e-b88a60e194fb-1,2020-01-02T00:40:56.000Z,crmid:1404091595,641f08c0-4be1-11ea-8c5e-b88a60e194fb,prd1032,Home Equity Loan,Mortgage,Personal,118426.94,1,USD,branchid:11069
64201a24-4be1-11ea-8b0f-b88a60e194fb-1,2020-01-29T05:55:57.000Z,crmid:9078928947,64201a24-4be1-11ea-8b0f-b88a60e194fb,prd1013,Mortgage: FHA,Mortgage,Personal,17910.29,1,USD,branchid:11069
645cfc06-4be1-11ea-891c-b88a60e194fb-1,2020-01-25T17:28:51.000Z,crmid:8484960724,645cfc06-4be1-11ea-891c-b88a60e194fb,prd1186,Money Market,Investment,Personal,17515.01,1,USD,branchid:11036
645de666-4be1-11ea-b47f-b88a60e194fb-1,2020-01-22T10:09:47.000Z,crmid:7830776418,645de666-4be1-11ea-b47f-b88a60e194fb,prd1033,Fixed Deposit,Investment,Personal,16240.67,1,USD,branchid:11133
645ea9b6-4be1-11ea-a4ee-b88a60e194fb-1,2020-01-28T06:48:23.000Z,crmid:6028436470,645ea9b6-4be1-11ea-a4ee-b88a60e194fb,prd1159,CDs: 3 month,Investment,Personal,22536.1,1,USD,branchid:11010
645f6cf4-4be1-11ea-91ed-b88a60e194fb-1,2020-01-25T04:54:09.000Z,crmid:9156013435,645f6cf4-4be1-11ea-91ed-b88a60e194fb,prd1172,Employee Stock Purchase Plans,Investment,Personal,4491829.48,1,USD,branchid:11022
6460305a-4be1-11ea-97f5-b88a60e194fb-1,2020-01-19T02:22:02.000Z,crmid:5235589641,6460305a-4be1-11ea-97f5-b88a60e194fb,prd1185,Mortgage: FHA,Mortgage,Personal,18233.36,1,USD,branchid:11105
6460f39a-4be1-11ea-a96d-b88a60e194fb-1,2020-01-14T11:50:06.000Z,crmid:2188557460,6460f39a-4be1-11ea-a96d-b88a60e194fb,prd1034,Home Equity Loan,Mortgage,Personal,16152.02,1,USD,branchid:11037
6461ddee-4be1-11ea-a1a7-b88a60e194fb-1,2020-01-06T18:34:57.000Z,crmid:2924838912,6461ddee-4be1-11ea-a1a7-b88a60e194fb,prd1037,Home Equity Loan,Mortgage,Personal,193173.58,1,USD,branchid:11119
649dfc86-4be1-11ea-bf77-b88a60e194fb-1,2020-01-31T06:11:18.000Z,crmid:7432205528,649dfc86-4be1-11ea-bf77-b88a60e194fb,prd1175,401k,Retirement,Personal,2688173.43,1,USD,branchid:11014
649f0e0a-4be1-11ea-a982-b88a60e194fb-1,2020-01-06T23:10:05.000Z,crmid:8107395597,649f0e0a-4be1-11ea-a982-b88a60e194fb,prd1185,Mortgage: FHA,Mortgage,Personal,3956759.68,1,USD,branchid:11072
649ff852-4be1-11ea-b1f0-b88a60e194fb-1,2020-01-04T03:12:36.000Z,crmid:5501446242,649ff852-4be1-11ea-b1f0-b88a60e194fb,prd1186,Money Market,Investment,Personal,15554.7,1,USD,branchid:11049
64a0bba2-4be1-11ea-9028-b88a60e194fb-1,2020-01-14T20:33:34.000Z,crmid:5925925045,64a0bba2-4be1-11ea-9028-b88a60e194fb,prd1151,Mortgage: 10 yr Fixed,Mortgage,Personal,166430.81,1,USD,branchid:11084
64a17eee-4be1-11ea-9397-b88a60e194fb-1,2020-01-02T06:10:13.000Z,crmid:7645501917,64a17eee-4be1-11ea-9397-b88a60e194fb,prd1174,Traditional IRA,Retirement,Personal,14906.86,1,USD,branchid:11086
64a2426c-4be1-11ea-89ea-b88a60e194fb-1,2020-01-12T21:19:24.000Z,crmid:9071955727,64a2426c-4be1-11ea-89ea-b88a60e194fb,prd1155,CDs: 5 year,Investment,Personal,228199.35,1,USD,branchid:11091
64a305ba-4be1-11ea-8a21-b88a60e194fb-1,2020-01-17T01:39:20.000Z,crmid:2404152554,64a305ba-4be1-11ea-8a21-b88a60e194fb,prd1064,CDs: 3 month,Investment,Personal,13487.38,1,USD,branchid:11147
64de1440-4be1-11ea-96f3-b88a60e194fb-1,2020-01-02T13:29:20.000Z,crmid:1532216684,64de1440-4be1-11ea-96f3-b88a60e194fb,prd1179,Business Brokerage Account,Investment,Business,16938.08,1,USD,branchid:11126
64ded778-4be1-11ea-a080-b88a60e194fb-1,2020-01-11T20:57:44.000Z,crmid:5608556176,64ded778-4be1-11ea-a080-b88a60e194fb,prd1008,Traditional IRA,Retirement,Personal,12369.83,1,USD,branchid:11048
64df9aae-4be1-11ea-a8b5-b88a60e194fb-1,2020-01-18T11:42:40.000Z,crmid:9935010087,64df9aae-4be1-11ea-a8b5-b88a60e194fb,prd1189,Overseas Equity Fund,Investment,Personal,203194.42,1,USD,branchid:11102
64e05e1e-4be1-11ea-922f-b88a60e194fb-1,2020-01-06T05:28:06.000Z,crmid:4797363365,64e05e1e-4be1-11ea-922f-b88a60e194fb,prd1030,401k,Retirement,Personal,10874.2,1,USD,branchid:11136
64e12018-4be1-11ea-b9f4-b88a60e194fb-1,2020-01-17T12:02:07.000Z,crmid:3234023051,64e12018-4be1-11ea-b9f4-b88a60e194fb,prd1129,Mortgage: 10/1 ARM,Mortgage,Personal,249724.42,1,USD,branchid:11104
64e20a4c-4be1-11ea-afb2-b88a60e194fb-1,2020-01-09T02:37:41.000Z,crmid:2791881252,64e20a4c-4be1-11ea-afb2-b88a60e194fb,prd1032,Home Equity Loan,Mortgage,Personal,82617.19,1,USD,branchid:11073
64e2cf08-4be1-11ea-b5b5-b88a60e194fb-1,2020-01-17T06:34:55.000Z,crmid:4783460910,64e2cf08-4be1-11ea-b5b5-b88a60e194fb,prd1073,Business Brokerage Account,Investment,Business,213523.02,1,USD,branchid:11146
651d8c9c-4be1-11ea-a6dc-b88a60e194fb-1,2020-01-19T14:12:18.000Z,crmid:8459439515,651d8c9c-4be1-11ea-a6dc-b88a60e194fb,prd1027,Mortgage: 30-yr Fixed,Mortgage,Personal,14910.63,1,USD,branchid:11118
651e7862-4be1-11ea-94f5-b88a60e194fb-1,2020-01-30T03:44:59.000Z,crmid:4566173489,651e7862-4be1-11ea-94f5-b88a60e194fb,prd1041,Mortgage: 7/1 ARM,Mortgage,Personal,134141.91,1,USD,branchid:11146
651f3bc2-4be1-11ea-8703-b88a60e194fb-1,2020-01-09T20:37:28.000Z,crmid:9434283161,651f3bc2-4be1-11ea-8703-b88a60e194fb,prd1077,Roth IRA,Retirement,Personal,103153.72,1,USD,branchid:11099
651ffdd8-4be1-11ea-b6dd-b88a60e194fb-1,2020-01-17T10:53:19.000Z,crmid:6544738526,651ffdd8-4be1-11ea-b6dd-b88a60e194fb,prd1179,Business Brokerage Account,Investment,Business,19830.07,1,USD,branchid:11104
6520c0f4-4be1-11ea-9448-b88a60e194fb-1,2020-01-23T06:40:39.000Z,crmid:2981379798,6520c0f4-4be1-11ea-9448-b88a60e194fb,prd1131,Employee Stock Purchase Plans,Investment,Personal,193091.22,1,USD,branchid:11135
6521845e-4be1-11ea-97f7-b88a60e194fb-1,2020-01-16T17:19:51.000Z,crmid:7466109012,6521845e-4be1-11ea-97f7-b88a60e194fb,prd1035,Pension Account,Retirement,Personal,11102.09,1,USD,branchid:11100
65224924-4be1-11ea-8832-b88a60e194fb-1,2020-01-31T16:29:43.000Z,crmid:6346293365,65224924-4be1-11ea-8832-b88a60e194fb,prd1159,CDs: 3 month,Investment,Personal,103146.2,1,USD,branchid:11107
655e17de-4be1-11ea-96c5-b88a60e194fb-1,2020-01-30T06:08:05.000Z,crmid:9959553871,655e17de-4be1-11ea-96c5-b88a60e194fb,prd1151,Mortgage: 10 yr Fixed,Mortgage,Personal,12455.73,1,USD,branchid:11041
655f298a-4be1-11ea-ba6f-b88a60e194fb-1,2020-01-05T03:10:40.000Z,crmid:7347959702,655f298a-4be1-11ea-ba6f-b88a60e194fb,prd1060,Traditional IRA,Retirement,Personal,12280.1,1,USD,branchid:11098
656013ba-4be1-11ea-a429-b88a60e194fb-1,2020-01-06T14:23:22.000Z,crmid:1644095778,656013ba-4be1-11ea-a429-b88a60e194fb,prd1008,Traditional IRA,Retirement,Personal,16173.08,1,USD,branchid:11102
6560fe06-4be1-11ea-b551-b88a60e194fb-1,2020-01-17T11:18:43.000Z,crmid:5911204944,6560fe06-4be1-11ea-b551-b88a60e194fb,prd1053,Mortgage: VA,Mortgage,Personal,14875.11,1,USD,branchid:11124
6561c19c-4be1-11ea-9ad1-b88a60e194fb-1,2020-01-29T09:31:01.000Z,crmid:9707604188,6561c19c-4be1-11ea-9ad1-b88a60e194fb,prd1026,Mortgage: 5/1 ARM,Mortgage,Personal,8305.84,1,USD,branchid:11143
6562abba-4be1-11ea-b11a-b88a60e194fb-1,2020-01-15T15:03:28.000Z,crmid:3529986998,6562abba-4be1-11ea-b11a-b88a60e194fb,prd1053,Mortgage: VA,Mortgage,Personal,2145239.3,1,USD,branchid:11067
65637082-4be1-11ea-80b1-b88a60e194fb-1,2020-01-30T08:03:33.000Z,crmid:3676331654,65637082-4be1-11ea-80b1-b88a60e194fb,prd1131,Employee Stock Purchase Plans,Investment,Personal,3961669.26,1,USD,branchid:11093
65a3371e-4be1-11ea-b34c-b88a60e194fb-1,2020-01-24T16:51:27.000Z,crmid:3946677646,65a3371e-4be1-11ea-b34c-b88a60e194fb,prd1013,Mortgage: FHA,Mortgage,Personal,10496.57,1,USD,branchid:11037
65a3fa68-4be1-11ea-b089-b88a60e194fb-1,2020-01-21T11:49:18.000Z,crmid:4191729726,65a3fa68-4be1-11ea-b089-b88a60e194fb,prd1172,Employee Stock Purchase Plans,Investment,Personal,171702.63,1,USD,branchid:11056
65a4bdb4-4be1-11ea-b451-b88a60e194fb-1,2020-01-21T17:12:34.000Z,crmid:6674971440,65a4bdb4-4be1-11ea-b451-b88a60e194fb,prd1120,Mortgage: 10/1 ARM,Mortgage,Personal,22374.98,1,USD,branchid:11012
65a5a828-4be1-11ea-a81e-b88a60e194fb-1,2020-01-30T02:18:39.000Z,crmid:8441410433,65a5a828-4be1-11ea-a81e-b88a60e194fb,prd1088,CDs: 1 year,Investment,Personal,274316.22,1,USD,branchid:11086
65a66cc8-4be1-11ea-a160-b88a60e194fb-1,2020-01-12T21:02:51.000Z,crmid:1909603952,65a66cc8-4be1-11ea-a160-b88a60e194fb,prd1131,Employee Stock Purchase Plans,Investment,Personal,12658.4,1,USD,branchid:11010
65a73028-4be1-11ea-92de-b88a60e194fb-1,2020-01-02T02:21:56.000Z,crmid:4462223176,65a73028-4be1-11ea-92de-b88a60e194fb,prd1150,Money Market,Investment,Personal,61121.19,1,USD,branchid:11090
65a7f206-4be1-11ea-a307-b88a60e194fb-1,2020-01-08T09:29:00.000Z,crmid:3494789424,65a7f206-4be1-11ea-a307-b88a60e194fb,prd1087,Overseas Equity Fund,Investment,Personal,175921.24,1,USD,branchid:11115
65e2d83a-4be1-11ea-9fda-b88a60e194fb-1,2020-01-15T03:24:58.000Z,crmid:5504397538,65e2d83a-4be1-11ea-9fda-b88a60e194fb,prd1056,CDs: 5 year,Investment,Personal,12697.66,1,USD,branchid:11068
65e39c76-4be1-11ea-8585-b88a60e194fb-1,2020-01-21T20:14:19.000Z,crmid:8728095250,65e39c76-4be1-11ea-8585-b88a60e194fb,prd1014,CDs: 3 month,Investment,Personal,10155.38,1,USD,branchid:11053
65e485ca-4be1-11ea-b039-b88a60e194fb-1,2020-01-25T08:24:47.000Z,crmid:6457376892,65e485ca-4be1-11ea-b039-b88a60e194fb,prd1121,Mortgage: 30-yr Fixed,Mortgage,Personal,108490.25,1,USD,branchid:11143
65e549b4-4be1-11ea-8616-b88a60e194fb-1,2020-01-15T01:46:31.000Z,crmid:8110338877,65e549b4-4be1-11ea-8616-b88a60e194fb,prd1056,CDs: 5 year,Investment,Personal,15576.24,1,USD,branchid:11003
65e634ee-4be1-11ea-9ea6-b88a60e194fb-1,2020-01-12T04:13:26.000Z,crmid:3951908808,65e634ee-4be1-11ea-9ea6-b88a60e194fb,prd1068,Mortgage: 7/1 ARM,Mortgage,Personal,117397.24,1,USD,branchid:11020
65e6f814-4be1-11ea-a1ca-b88a60e194fb-1,2020-01-13T04:45:22.000Z,crmid:7706164666,65e6f814-4be1-11ea-a1ca-b88a60e194fb,prd1030,401k,Retirement,Personal,204266.26,1,USD,branchid:11126
65e7ba2e-4be1-11ea-b75b-b88a60e194fb-1,2020-01-29T16:16:18.000Z,crmid:9602785478,65e7ba2e-4be1-11ea-b75b-b88a60e194fb,prd1154,Mortgage: 30-yr Fixed,Mortgage,Personal,10642.94,1,USD,branchid:11142
6623b300-4be1-11ea-ac3e-b88a60e194fb-1,2020-01-12T03:13:50.000Z,crmid:2324391374,6623b300-4be1-11ea-ac3e-b88a60e194fb,prd1117,Brokerage Account,Investment,Personal,4394095.41,1,USD,branchid:11020
66249d68-4be1-11ea-a537-b88a60e194fb-1,2020-01-07T12:41:36.000Z,crmid:1637901514,66249d68-4be1-11ea-a537-b88a60e194fb,prd1150,Money Market,Investment,Personal,215440.04,1,USD,branchid:11022
66255f26-4be1-11ea-9c46-b88a60e194fb-1,2020-01-05T13:39:56.000Z,crmid:4372596771,66255f26-4be1-11ea-9c46-b88a60e194fb,prd1108,401k,Retirement,Personal,2088137.3,1,USD,branchid:11138
662623ae-4be1-11ea-a6b9-b88a60e194fb-1,2020-01-20T09:28:16.000Z,crmid:9467558495,662623ae-4be1-11ea-a6b9-b88a60e194fb,prd1172,Employee Stock Purchase Plans,Investment,Personal,13827.35,1,USD,branchid:11015
662733ec-4be1-11ea-af0a-b88a60e194fb-1,2020-01-21T07:08:58.000Z,crmid:9395235553,662733ec-4be1-11ea-af0a-b88a60e194fb,prd1042,Roth IRA,Retirement,Personal,16923.31,1,USD,branchid:11141
6627f72c-4be1-11ea-8c50-b88a60e194fb-1,2020-01-10T05:46:21.000Z,crmid:6025480101,6627f72c-4be1-11ea-8c50-b88a60e194fb,prd1025,Brokerage Account,Investment,Personal,153827.32,1,USD,branchid:11141
6628ba8a-4be1-11ea-8829-b88a60e194fb-1,2020-01-14T08:42:06.000Z,crmid:3083042933,6628ba8a-4be1-11ea-8829-b88a60e194fb,prd1189,Overseas Equity Fund,Investment,Personal,13486.85,1,USD,branchid:11029
66628f2c-4be1-11ea-a9e6-b88a60e194fb-1,2020-01-05T17:45:04.000Z,crmid:6752634699,66628f2c-4be1-11ea-a9e6-b88a60e194fb,prd1150,Money Market,Investment,Personal,15654.31,1,USD,branchid:11003
66637986-4be1-11ea-bbf4-b88a60e194fb-1,2020-01-25T23:12:39.000Z,crmid:8700809092,66637986-4be1-11ea-bbf4-b88a60e194fb,prd1111,Pension Account,Retirement,Personal,13125.03,1,USD,branchid:11110
66643ccc-4be1-11ea-939d-b88a60e194fb-1,2020-01-26T07:31:47.000Z,crmid:3211047121,66643ccc-4be1-11ea-939d-b88a60e194fb,prd1129,Mortgage: 10/1 ARM,Mortgage,Personal,186852.46,1,USD,branchid:11077
6664d90c-4be1-11ea-bff7-b88a60e194fb-1,2020-01-01T10:51:29.000Z,crmid:3177589020,6664d90c-4be1-11ea-bff7-b88a60e194fb,prd1088,CDs: 1 year,Investment,Personal,17240.21,1,USD,branchid:11006
66659c5e-4be1-11ea-b22d-b88a60e194fb-1,2020-01-18T20:52:01.000Z,crmid:4067718384,66659c5e-4be1-11ea-b22d-b88a60e194fb,prd1131,Employee Stock Purchase Plans,Investment,Personal,14704.87,1,USD,branchid:11013
666686cc-4be1-11ea-afdc-b88a60e194fb-1,2020-01-07T23:43:21.000Z,crmid:7820858121,666686cc-4be1-11ea-afdc-b88a60e194fb,prd1029,401k,Retirement,Personal,171085.99,1,USD,branchid:11122
66674a40-4be1-11ea-84d1-b88a60e194fb-1,2020-01-22T14:27:00.000Z,crmid:3144853819,66674a40-4be1-11ea-84d1-b88a60e194fb,prd1028,CDs: 1 year,Investment,Personal,12850.33,1,USD,branchid:11107
66a42c18-4be1-11ea-9b3b-b88a60e194fb-1,2020-01-28T04:27:18.000Z,crmid:7122005371,66a42c18-4be1-11ea-9b3b-b88a60e194fb,prd1112,Fixed Deposit,Investment,Personal,173021.16,1,USD,branchid:11024
66a4f09c-4be1-11ea-854f-b88a60e194fb-1,2020-01-02T10:39:45.000Z,crmid:1180905448,66a4f09c-4be1-11ea-854f-b88a60e194fb,prd1179,Business Brokerage Account,Investment,Business,13882.64,1,USD,branchid:11006
66a5b29c-4be1-11ea-826d-b88a60e194fb-1,2020-01-08T00:28:44.000Z,crmid:5774689401,66a5b29c-4be1-11ea-826d-b88a60e194fb,prd1108,401k,Retirement,Personal,220560.33,1,USD,branchid:11079
66a67774-4be1-11ea-97e4-b88a60e194fb-1,2020-01-02T23:29:37.000Z,crmid:6799613928,66a67774-4be1-11ea-97e4-b88a60e194fb,prd1026,Mortgage: 5/1 ARM,Mortgage,Personal,202703.27,1,USD,branchid:11129
66a7391e-4be1-11ea-9d83-b88a60e194fb-1,2020-01-18T17:19:57.000Z,crmid:3270127884,66a7391e-4be1-11ea-9d83-b88a60e194fb,prd1139,Employee Stock Purchase Plans,Investment,Personal,13977.37,1,USD,branchid:11056
66a7fc76-4be1-11ea-a482-b88a60e194fb-1,2020-01-06T13:21:25.000Z,crmid:1593051279,66a7fc76-4be1-11ea-a482-b88a60e194fb,prd1083,Pension Account,Retirement,Personal,12845.97,1,USD,branchid:11129
66a8e6da-4be1-11ea-a70c-b88a60e194fb-1,2020-01-04T20:34:30.000Z,crmid:4452059345,66a8e6da-4be1-11ea-a70c-b88a60e194fb,prd1079,Mortgage: 30-yr Fixed,Mortgage,Personal,165597.72,1,USD,branchid:11029
66e2bce4-4be1-11ea-8f89-b88a60e194fb-1,2020-01-12T03:29:41.000Z,crmid:5128924932,66e2bce4-4be1-11ea-8f89-b88a60e194fb,prd1174,Traditional IRA,Retirement,Personal,175425.35,1,USD,branchid:11034
66e38036-4be1-11ea-ab0d-b88a60e194fb-1,2020-01-19T01:45:00.000Z,crmid:1004068870,66e38036-4be1-11ea-ab0d-b88a60e194fb,prd1035,Pension Account,Retirement,Personal,147569.42,1,USD,branchid:11007
66e44374-4be1-11ea-a5f5-b88a60e194fb-1,2020-01-15T20:39:49.000Z,crmid:2166400625,66e44374-4be1-11ea-a5f5-b88a60e194fb,prd1120,Mortgage: 10/1 ARM,Mortgage,Personal,14293.18,1,USD,branchid:11120
66e50568-4be1-11ea-915b-b88a60e194fb-1,2020-01-05T20:03:24.000Z,crmid:4072176748,66e50568-4be1-11ea-915b-b88a60e194fb,prd1182,Brokerage Account,Investment,Personal,213928.28,1,USD,branchid:11045
66e5efc6-4be1-11ea-9a88-b88a60e194fb-1,2020-01-18T03:42:21.000Z,crmid:5867568142,66e5efc6-4be1-11ea-9a88-b88a60e194fb,prd1014,CDs: 3 month,Investment,Personal,15681.9,1,USD,branchid:11150
66e6db58-4be1-11ea-b644-b88a60e194fb-1,2020-01-02T08:31:01.000Z,crmid:3528271780,66e6db58-4be1-11ea-b644-b88a60e194fb,prd1030,401k,Retirement,Personal,284915.56,1,USD,branchid:11116
66e79ed2-4be1-11ea-9aa6-b88a60e194fb-1,2020-01-17T00:08:16.000Z,crmid:8517438507,66e79ed2-4be1-11ea-9aa6-b88a60e194fb,prd1056,CDs: 5 year,Investment,Personal,115016.48,1,USD,branchid:11028
672283c2-4be1-11ea-8e44-b88a60e194fb-1,2020-01-28T10:03:32.000Z,crmid:9826361557,672283c2-4be1-11ea-8e44-b88a60e194fb,prd1176,Overseas Equity Fund,Investment,Personal,15459.16,1,USD,branchid:11085
67236f38-4be1-11ea-95b1-b88a60e194fb-1,2020-01-20T12:35:18.000Z,crmid:4321346093,67236f38-4be1-11ea-95b1-b88a60e194fb,prd1117,Brokerage Account,Investment,Personal,3873384.93,1,USD,branchid:11023
67240b74-4be1-11ea-8609-b88a60e194fb-1,2020-01-05T15:07:49.000Z,crmid:9954883947,67240b74-4be1-11ea-8609-b88a60e194fb,prd1153,CDs: 1 year,Investment,Personal,13985.71,1,USD,branchid:11061
6724f478-4be1-11ea-99a4-b88a60e194fb-1,2020-01-11T11:27:09.000Z,crmid:8406696290,6724f478-4be1-11ea-99a4-b88a60e194fb,prd1008,Traditional IRA,Retirement,Personal,248747.89,1,USD,branchid:11086
6725b924-4be1-11ea-a698-b88a60e194fb-1,2020-01-04T09:40:21.000Z,crmid:4376416915,6725b924-4be1-11ea-a698-b88a60e194fb,prd1026,Mortgage: 5/1 ARM,Mortgage,Personal,15597.39,1,USD,branchid:11083
6726a230-4be1-11ea-8faa-b88a60e194fb-1,2020-01-06T09:59:38.000Z,crmid:1979550815,6726a230-4be1-11ea-8faa-b88a60e194fb,prd1112,Fixed Deposit,Investment,Personal,13890.66,1,USD,branchid:11058
67278c80-4be1-11ea-84d9-b88a60e194fb-1,2020-01-23T04:30:30.000Z,crmid:5027751934,67278c80-4be1-11ea-84d9-b88a60e194fb,prd1025,Brokerage Account,Investment,Personal,13170.47,1,USD,branchid:11099
67655900-4be1-11ea-abc7-b88a60e194fb-1,2020-01-17T18:40:03.000Z,crmid:6055243239,67655900-4be1-11ea-abc7-b88a60e194fb,prd1073,Business Brokerage Account,Investment,Business,16385.81,1,USD,branchid:11091
67661d66-4be1-11ea-a56a-b88a60e194fb-1,2020-01-06T01:06:43.000Z,crmid:5638320830,67661d66-4be1-11ea-a56a-b88a60e194fb,prd1013,Mortgage: FHA,Mortgage,Personal,10793.35,1,USD,branchid:11008
6766e0d0-4be1-11ea-97aa-b88a60e194fb-1,2020-01-07T02:58:27.000Z,crmid:6024128982,6766e0d0-4be1-11ea-97aa-b88a60e194fb,prd1064,CDs: 3 month,Investment,Personal,259804.14,1,USD,branchid:11091
6767c9c6-4be1-11ea-a662-b88a60e194fb-1,2020-01-16T20:33:18.000Z,crmid:2082692062,6767c9c6-4be1-11ea-a662-b88a60e194fb,prd1186,Money Market,Investment,Personal,15870.55,1,USD,branchid:11107
67688d26-4be1-11ea-8f2a-b88a60e194fb-1,2020-01-02T21:31:49.000Z,crmid:9416228458,67688d26-4be1-11ea-8f2a-b88a60e194fb,prd1037,Home Equity Loan,Mortgage,Personal,14670.66,1,USD,branchid:11051
6769ecc6-4be1-11ea-b767-b88a60e194fb-1,2020-01-28T13:05:57.000Z,crmid:8749350085,6769ecc6-4be1-11ea-b767-b88a60e194fb,prd1060,Traditional IRA,Retirement,Personal,20893.87,1,USD,branchid:11004
676ab012-4be1-11ea-a95c-b88a60e194fb-1,2020-01-23T18:55:33.000Z,crmid:9219719952,676ab012-4be1-11ea-a95c-b88a60e194fb,prd1101,Mortgage: 5/1 ARM,Mortgage,Personal,15569.89,1,USD,branchid:11104
67a63240-4be1-11ea-8938-b88a60e194fb-1,2020-01-05T06:52:22.000Z,crmid:7052506584,67a63240-4be1-11ea-8938-b88a60e194fb,prd1124,CDs: 5 year,Investment,Personal,209250.26,1,USD,branchid:11090
67a6f702-4be1-11ea-b2bf-b88a60e194fb-1,2020-01-15T03:47:59.000Z,crmid:4568433130,67a6f702-4be1-11ea-b2bf-b88a60e194fb,prd1049,Business Brokerage Account,Investment,Business,119624.54,1,USD,branchid:11044
67a7ba28-4be1-11ea-9715-b88a60e194fb-1,2020-01-28T03:49:21.000Z,crmid:9365383884,67a7ba28-4be1-11ea-9715-b88a60e194fb,prd1101,Mortgage: 5/1 ARM,Mortgage,Personal,16041.82,1,USD,branchid:11103
67a87c0a-4be1-11ea-97c1-b88a60e194fb-1,2020-01-26T12:03:27.000Z,crmid:3214445941,67a87c0a-4be1-11ea-97c1-b88a60e194fb,prd1014,CDs: 3 month,Investment,Personal,16968.46,1,USD,branchid:11125
67a9668a-4be1-11ea-8900-b88a60e194fb-1,2020-01-07T10:55:25.000Z,crmid:4565305264,67a9668a-4be1-11ea-8900-b88a60e194fb,prd1062,Mortgage: VA,Mortgage,Personal,18123.73,1,USD,branchid:11061
67aa50dc-4be1-11ea-854b-b88a60e194fb-1,2020-01-07T10:17:31.000Z,crmid:2433102083,67aa50dc-4be1-11ea-854b-b88a60e194fb,prd1117,Brokerage Account,Investment,Personal,11060.35,1,USD,branchid:11076
67ab142c-4be1-11ea-a976-b88a60e194fb-1,2020-01-25T23:13:38.000Z,crmid:3571652294,67ab142c-4be1-11ea-a976-b88a60e194fb,prd1021,CDs: 5 year,Investment,Personal,16437.11,1,USD,branchid:11019
67e7d064-4be1-11ea-adfe-b88a60e194fb-1,2020-01-13T12:48:19.000Z,crmid:2153771691,67e7d064-4be1-11ea-adfe-b88a60e194fb,prd1025,Brokerage Account,Investment,Personal,220620.09,1,USD,branchid:11076
67e8b9cc-4be1-11ea-981a-b88a60e194fb-1,2020-01-03T23:50:30.000Z,crmid:1192442076,67e8b9cc-4be1-11ea-981a-b88a60e194fb,prd1131,Employee Stock Purchase Plans,Investment,Personal,212993.22,1,USD,branchid:11037
67e97c9e-4be1-11ea-bc81-b88a60e194fb-1,2020-01-01T05:58:44.000Z,crmid:9983415854,67e97c9e-4be1-11ea-bc81-b88a60e194fb,prd1108,401k,Retirement,Personal,241866.39,1,USD,branchid:11108
67ea3fee-4be1-11ea-8a70-b88a60e194fb-1,2020-01-10T10:05:17.000Z,crmid:7273123568,67ea3fee-4be1-11ea-8a70-b88a60e194fb,prd1175,401k,Retirement,Personal,10222.15,1,USD,branchid:11118
67eb033a-4be1-11ea-9c95-b88a60e194fb-1,2020-01-08T16:02:48.000Z,crmid:1615354286,67eb033a-4be1-11ea-9c95-b88a60e194fb,prd1008,Traditional IRA,Retirement,Personal,15537.75,1,USD,branchid:11014
67ec149a-4be1-11ea-81b6-b88a60e194fb-1,2020-01-07T22:18:07.000Z,crmid:7486196144,67ec149a-4be1-11ea-81b6-b88a60e194fb,prd1041,Mortgage: 7/1 ARM,Mortgage,Personal,11472.25,1,USD,branchid:11114
67ecd800-4be1-11ea-9024-b88a60e194fb-1,2020-01-06T03:37:09.000Z,crmid:6943047342,67ecd800-4be1-11ea-9024-b88a60e194fb,prd1049,Business Brokerage Account,Investment,Business,15969.91,1,USD,branchid:11085
682cc71a-4be1-11ea-98f3-b88a60e194fb-1,2020-01-17T22:29:18.000Z,crmid:5678775026,682cc71a-4be1-11ea-98f3-b88a60e194fb,prd1028,CDs: 1 year,Investment,Personal,14776.1,1,USD,branchid:11092
682db188-4be1-11ea-868c-b88a60e194fb-1,2020-01-28T23:18:30.000Z,crmid:3404079278,682db188-4be1-11ea-868c-b88a60e194fb,prd1165,Roth IRA,Retirement,Personal,4072167.89,1,USD,branchid:11059
682e74be-4be1-11ea-be57-b88a60e194fb-1,2020-01-29T11:10:36.000Z,crmid:8786247928,682e74be-4be1-11ea-be57-b88a60e194fb,prd1124,CDs: 5 year,Investment,Personal,131669.41,1,USD,branchid:11112
682f3812-4be1-11ea-92db-b88a60e194fb-1,2020-01-08T00:05:21.000Z,crmid:2506660363,682f3812-4be1-11ea-92db-b88a60e194fb,prd1183,Fixed Deposit,Investment,Personal,11577.02,1,USD,branchid:11044
68302274-4be1-11ea-821d-b88a60e194fb-1,2020-01-11T05:23:22.000Z,crmid:5651777874,68302274-4be1-11ea-821d-b88a60e194fb,prd1088,CDs: 1 year,Investment,Personal,16799.13,1,USD,branchid:11023
68310cc6-4be1-11ea-abb7-b88a60e194fb-1,2020-01-11T01:05:34.000Z,crmid:6893878858,68310cc6-4be1-11ea-abb7-b88a60e194fb,prd1078,Mortgage: 7/1 ARM,Mortgage,Personal,15337.33,1,USD,branchid:11150
6831a910-4be1-11ea-b563-b88a60e194fb-1,2020-01-12T12:06:58.000Z,crmid:8394451214,6831a910-4be1-11ea-b563-b88a60e194fb,prd1150,Money Market,Investment,Personal,207739.67,1,USD,branchid:11110
686e3ce2-4be1-11ea-aac9-b88a60e194fb-1,2020-01-13T17:13:19.000Z,crmid:1568104437,686e3ce2-4be1-11ea-aac9-b88a60e194fb,prd1153,CDs: 1 year,Investment,Personal,12246.16,1,USD,branchid:11136
686f018c-4be1-11ea-be3c-b88a60e194fb-1,2020-01-14T13:41:39.000Z,crmid:8413380365,686f018c-4be1-11ea-be3c-b88a60e194fb,prd1064,CDs: 3 month,Investment,Personal,225487.92,1,USD,branchid:11138
686fc4ca-4be1-11ea-99bd-b88a60e194fb-1,2020-01-17T18:00:08.000Z,crmid:7182174956,686fc4ca-4be1-11ea-99bd-b88a60e194fb,prd1144,Home Equity Loan,Mortgage,Personal,4265397.51,1,USD,branchid:11001
68708770-4be1-11ea-a1ee-b88a60e194fb-1,2020-01-07T02:43:43.000Z,crmid:5908824556,68708770-4be1-11ea-a1ee-b88a60e194fb,prd1189,Overseas Equity Fund,Investment,Personal,12803.71,1,USD,branchid:11058
687171a2-4be1-11ea-881a-b88a60e194fb-1,2020-01-21T03:03:24.000Z,crmid:6684073357,687171a2-4be1-11ea-881a-b88a60e194fb,prd1073,Business Brokerage Account,Investment,Business,11450.98,1,USD,branchid:11074
68725b7a-4be1-11ea-90cb-b88a60e194fb-1,2020-01-22T22:29:01.000Z,crmid:5956762147,68725b7a-4be1-11ea-90cb-b88a60e194fb,prd1029,401k,Retirement,Personal,12601.66,1,USD,branchid:11007
6873202c-4be1-11ea-8321-b88a60e194fb-1,2020-01-10T04:37:06.000Z,crmid:3879015632,6873202c-4be1-11ea-8321-b88a60e194fb,prd1041,Mortgage: 7/1 ARM,Mortgage,Personal,19699.63,1,USD,branchid:11143
68aeef5a-4be1-11ea-a771-b88a60e194fb-1,2020-01-13T13:42:44.000Z,crmid:8387177189,68aeef5a-4be1-11ea-a771-b88a60e194fb,prd1064,CDs: 3 month,Investment,Personal,276576.9,1,USD,branchid:11003
68afb3e4-4be1-11ea-9f68-b88a60e194fb-1,2020-01-27T10:32:56.000Z,crmid:7038604707,68afb3e4-4be1-11ea-9f68-b88a60e194fb,prd1028,CDs: 1 year,Investment,Personal,12838.47,1,USD,branchid:11053
68b0773e-4be1-11ea-a90d-b88a60e194fb-1,2020-01-27T23:09:39.000Z,crmid:2926817814,68b0773e-4be1-11ea-a90d-b88a60e194fb,prd1021,CDs: 5 year,Investment,Personal,12962.39,1,USD,branchid:11052
68b16046-4be1-11ea-ab1f-b88a60e194fb-1,2020-01-16T22:25:44.000Z,crmid:8744844319,68b16046-4be1-11ea-ab1f-b88a60e194fb,prd1157,Brokerage Account,Investment,Personal,217743.24,1,USD,branchid:11131
68b24c00-4be1-11ea-8e75-b88a60e194fb-1,2020-01-16T08:03:29.000Z,crmid:9806231639,68b24c00-4be1-11ea-8e75-b88a60e194fb,prd1159,CDs: 3 month,Investment,Personal,14643.98,1,USD,branchid:11007
68b334f0-4be1-11ea-b182-b88a60e194fb-1,2020-01-25T16:47:25.000Z,crmid:9737004117,68b334f0-4be1-11ea-b182-b88a60e194fb,prd1144,Home Equity Loan,Mortgage,Personal,19492.26,1,USD,branchid:11080
68b3f9b6-4be1-11ea-b8ff-b88a60e194fb-1,2020-01-29T11:55:46.000Z,crmid:8671242743,68b3f9b6-4be1-11ea-b8ff-b88a60e194fb,prd1110,Traditional IRA,Retirement,Personal,18587.47,1,USD,branchid:11006
68eff11a-4be1-11ea-9d4c-b88a60e194fb-1,2020-01-27T00:43:04.000Z,crmid:3149708040,68eff11a-4be1-11ea-9d4c-b88a60e194fb,prd1021,CDs: 5 year,Investment,Personal,14809.04,1,USD,branchid:11052
68f0da2c-4be1-11ea-a1ba-b88a60e194fb-1,2020-01-20T13:49:14.000Z,crmid:3058326226,68f0da2c-4be1-11ea-a1ba-b88a60e194fb,prd1139,Employee Stock Purchase Plans,Investment,Personal,247127.14,1,USD,branchid:11018
68f1ed06-4be1-11ea-ade3-b88a60e194fb-1,2020-01-07T10:51:28.000Z,crmid:1376450910,68f1ed06-4be1-11ea-ade3-b88a60e194fb,prd1139,Employee Stock Purchase Plans,Investment,Personal,14833.27,1,USD,branchid:11149
68f2b048-4be1-11ea-8cef-b88a60e194fb-1,2020-01-18T17:26:02.000Z,crmid:5109342205,68f2b048-4be1-11ea-8cef-b88a60e194fb,prd1165,Roth IRA,Retirement,Personal,3881002.58,1,USD,branchid:11076
68f39a9e-4be1-11ea-b528-b88a60e194fb-1,2020-01-20T08:09:57.000Z,crmid:7339996269,68f39a9e-4be1-11ea-b528-b88a60e194fb,prd1035,Pension Account,Retirement,Personal,326455.89,1,USD,branchid:11128
68f45c86-4be1-11ea-9dee-b88a60e194fb-1,2020-01-17T02:07:06.000Z,crmid:2478268241,68f45c86-4be1-11ea-9dee-b88a60e194fb,prd1028,CDs: 1 year,Investment,Personal,3734294.99,1,USD,branchid:11094
68f54752-4be1-11ea-9e79-b88a60e194fb-1,2020-01-08T08:00:05.000Z,crmid:7293804816,68f54752-4be1-11ea-9e79-b88a60e194fb,prd1026,Mortgage: 5/1 ARM,Mortgage,Personal,16195.08,1,USD,branchid:11133
6934c25c-4be1-11ea-a4db-b88a60e194fb-1,2020-01-28T01:41:41.000Z,crmid:6864914090,6934c25c-4be1-11ea-a4db-b88a60e194fb,prd1189,Overseas Equity Fund,Investment,Personal,195877.7,1,USD,branchid:11083
69358592-4be1-11ea-8159-b88a60e194fb-1,2020-01-23T12:06:30.000Z,crmid:8720378801,69358592-4be1-11ea-8159-b88a60e194fb,prd1129,Mortgage: 10/1 ARM,Mortgage,Personal,11585.14,1,USD,branchid:11020
693647a4-4be1-11ea-8323-b88a60e194fb-1,2020-01-08T09:12:08.000Z,crmid:5296052572,693647a4-4be1-11ea-8323-b88a60e194fb,prd1159,CDs: 3 month,Investment,Personal,4171669.16,1,USD,branchid:11023
69375906-4be1-11ea-9b1f-b88a60e194fb-1,2020-01-10T05:38:23.000Z,crmid:6144687243,69375906-4be1-11ea-9b1f-b88a60e194fb,prd1061,Mortgage: 5/1 ARM,Mortgage,Personal,17648.18,1,USD,branchid:11019
69381dae-4be1-11ea-a455-b88a60e194fb-1,2020-01-11T00:56:12.000Z,crmid:4454019222,69381dae-4be1-11ea-a455-b88a60e194fb,prd1123,Mortgage: 10 yr Fixed,Mortgage,Personal,13433.92,1,USD,branchid:11104
693906a4-4be1-11ea-b89e-b88a60e194fb-1,2020-01-14T17:43:42.000Z,crmid:8682852264,693906a4-4be1-11ea-b89e-b88a60e194fb,prd1034,Home Equity Loan,Mortgage,Personal,202138.44,1,USD,branchid:11135
6939f400-4be1-11ea-acab-b88a60e194fb-1,2020-01-08T13:44:51.000Z,crmid:9209411930,6939f400-4be1-11ea-acab-b88a60e194fb,prd1034,Home Equity Loan,Mortgage,Personal,179247.62,1,USD,branchid:11107
6977be76-4be1-11ea-9fa7-b88a60e194fb-1,2020-01-02T21:12:55.000Z,crmid:4452807559,6977be76-4be1-11ea-9fa7-b88a60e194fb,prd1101,Mortgage: 5/1 ARM,Mortgage,Personal,203452.6,1,USD,branchid:11039
69788212-4be1-11ea-ae5b-b88a60e194fb-1,2020-01-24T05:52:57.000Z,crmid:1583101364,69788212-4be1-11ea-ae5b-b88a60e194fb,prd1165,Roth IRA,Retirement,Personal,244057.07,1,USD,branchid:11005
697943ae-4be1-11ea-bdb2-b88a60e194fb-1,2020-01-04T05:48:38.000Z,crmid:3536945406,697943ae-4be1-11ea-bdb2-b88a60e194fb,prd1114,CDs: 3 month,Investment,Personal,14694.45,1,USD,branchid:11019
697a0718-4be1-11ea-828d-b88a60e194fb-1,2020-01-27T15:02:53.000Z,crmid:7308726610,697a0718-4be1-11ea-828d-b88a60e194fb,prd1046,Mortgage: VA,Mortgage,Personal,184543.04,1,USD,branchid:11139
697acbb4-4be1-11ea-a296-b88a60e194fb-1,2020-01-29T06:27:35.000Z,crmid:4474852141,697acbb4-4be1-11ea-a296-b88a60e194fb,prd1028,CDs: 1 year,Investment,Personal,13944.47,1,USD,branchid:11047
697b8f02-4be1-11ea-882a-b88a60e194fb-1,2020-01-20T21:56:40.000Z,crmid:1941276481,697b8f02-4be1-11ea-882a-b88a60e194fb,prd1087,Overseas Equity Fund,Investment,Personal,3545733.77,1,USD,branchid:11127
697c781a-4be1-11ea-9c26-b88a60e194fb-1,2020-01-01T06:07:51.000Z,crmid:3897843802,697c781a-4be1-11ea-9c26-b88a60e194fb,prd1083,Pension Account,Retirement,Personal,12308.14,1,USD,branchid:11114
69bb2ed2-4be1-11ea-a090-b88a60e194fb-1,2020-01-04T06:58:57.000Z,crmid:7389117881,69bb2ed2-4be1-11ea-a090-b88a60e194fb,prd1046,Mortgage: VA,Mortgage,Personal,17300.84,1,USD,branchid:11005
69bc191e-4be1-11ea-b410-b88a60e194fb-1,2020-01-06T11:18:37.000Z,crmid:5177160068,69bc191e-4be1-11ea-b410-b88a60e194fb,prd1120,Mortgage: 10/1 ARM,Mortgage,Personal,241839.49,1,USD,branchid:11147
69bd036e-4be1-11ea-9397-b88a60e194fb-1,2020-01-31T20:29:05.000Z,crmid:6645165651,69bd036e-4be1-11ea-9397-b88a60e194fb,prd1024,Mortgage: FHA,Mortgage,Personal,208885.31,1,USD,branchid:11010
69bdc812-4be1-11ea-8a11-b88a60e194fb-1,2020-01-07T20:43:27.000Z,crmid:5602246360,69bdc812-4be1-11ea-8a11-b88a60e194fb,prd1026,Mortgage: 5/1 ARM,Mortgage,Personal,184924.66,1,USD,branchid:11070
69be8b6e-4be1-11ea-9371-b88a60e194fb-1,2020-01-26T03:07:37.000Z,crmid:2485649036,69be8b6e-4be1-11ea-9371-b88a60e194fb,prd1083,Pension Account,Retirement,Personal,16661.53,1,USD,branchid:11078
69bf4e70-4be1-11ea-be17-b88a60e194fb-1,2020-01-25T18:19:29.000Z,crmid:6774324665,69bf4e70-4be1-11ea-be17-b88a60e194fb,prd1024,Mortgage: FHA,Mortgage,Personal,14648.89,1,USD,branchid:11137
69c010e2-4be1-11ea-94db-b88a60e194fb-1,2020-01-29T19:28:58.000Z,crmid:7343014748,69c010e2-4be1-11ea-94db-b88a60e194fb,prd1159,CDs: 3 month,Investment,Personal,16141.15,1,USD,branchid:11063
69fd4098-4be1-11ea-bfe9-b88a60e194fb-1,2020-01-01T20:25:14.000Z,crmid:2825191999,69fd4098-4be1-11ea-bfe9-b88a60e194fb,prd1117,Brokerage Account,Investment,Personal,17159.66,1,USD,branchid:11071
69fe2afa-4be1-11ea-866b-b88a60e194fb-1,2020-01-06T11:22:55.000Z,crmid:1780905608,69fe2afa-4be1-11ea-866b-b88a60e194fb,prd1179,Business Brokerage Account,Investment,Business,19561.42,1,USD,branchid:11031
69ff1566-4be1-11ea-bb0a-b88a60e194fb-1,2020-01-16T19:38:13.000Z,crmid:5685050395,69ff1566-4be1-11ea-bb0a-b88a60e194fb,prd1110,Traditional IRA,Retirement,Personal,19956.37,1,USD,branchid:11024
69ffd9fe-4be1-11ea-99a2-b88a60e194fb-1,2020-01-30T05:37:33.000Z,crmid:2763552025,69ffd9fe-4be1-11ea-99a2-b88a60e194fb,prd1144,Home Equity Loan,Mortgage,Personal,15939.73,1,USD,branchid:11126
6a00c450-4be1-11ea-aa87-b88a60e194fb-1,2020-01-02T09:56:37.000Z,crmid:4538991452,6a00c450-4be1-11ea-aa87-b88a60e194fb,prd1176,Overseas Equity Fund,Investment,Personal,217759.89,1,USD,branchid:11002
6a018658-4be1-11ea-aa18-b88a60e194fb-1,2020-01-09T20:03:08.000Z,crmid:9257199622,6a018658-4be1-11ea-aa18-b88a60e194fb,prd1173,Money Market,Investment,Personal,14435.22,1,USD,branchid:11099
6a024a90-4be1-11ea-a4ce-b88a60e194fb-1,2020-01-06T13:44:14.000Z,crmid:9036489098,6a024a90-4be1-11ea-a4ce-b88a60e194fb,prd1175,401k,Retirement,Personal,220593.08,1,USD,branchid:11015
6a401730-4be1-11ea-9526-b88a60e194fb-1,2020-01-18T18:27:16.000Z,crmid:1154685000,6a401730-4be1-11ea-9526-b88a60e194fb,prd1037,Home Equity Loan,Mortgage,Personal,14767.27,1,USD,branchid:11027
6a410048-4be1-11ea-9f8e-b88a60e194fb-1,2020-01-25T19:29:37.000Z,crmid:8186225972,6a410048-4be1-11ea-9f8e-b88a60e194fb,prd1165,Roth IRA,Retirement,Personal,194407.67,1,USD,branchid:11060
6a41c39e-4be1-11ea-bbb1-b88a60e194fb-1,2020-01-09T00:46:09.000Z,crmid:8397353999,6a41c39e-4be1-11ea-bbb1-b88a60e194fb,prd1056,CDs: 5 year,Investment,Personal,17396.73,1,USD,branchid:11147
6a428814-4be1-11ea-9e54-b88a60e194fb-1,2020-01-28T12:01:26.000Z,crmid:3791150194,6a428814-4be1-11ea-9e54-b88a60e194fb,prd1026,Mortgage: 5/1 ARM,Mortgage,Personal,17167.76,1,USD,branchid:11001
6a434b7a-4be1-11ea-89c8-b88a60e194fb-1,2020-01-04T16:06:01.000Z,crmid:4114209627,6a434b7a-4be1-11ea-89c8-b88a60e194fb,prd1148,Mortgage: 10/1 ARM,Mortgage,Personal,172434.1,1,USD,branchid:11048
6a44358c-4be1-11ea-9731-b88a60e194fb-1,2020-01-21T15:55:04.000Z,crmid:6513490846,6a44358c-4be1-11ea-9731-b88a60e194fb,prd1060,Traditional IRA,Retirement,Personal,204612.22,1,USD,branchid:11050
6a4520e8-4be1-11ea-8676-b88a60e194fb-1,2020-01-12T15:18:03.000Z,crmid:9426679401,6a4520e8-4be1-11ea-8676-b88a60e194fb,prd1108,401k,Retirement,Personal,203703.67,1,USD,branchid:11023
6a83393e-4be1-11ea-a5fe-b88a60e194fb-1,2020-01-28T12:53:04.000Z,crmid:7486196144,6a83393e-4be1-11ea-a5fe-b88a60e194fb,prd1014,CDs: 3 month,Investment,Personal,14703.08,1,USD,branchid:11017
6a8423a4-4be1-11ea-a97d-b88a60e194fb-1,2020-01-17T16:22:56.000Z,crmid:7315867530,6a8423a4-4be1-11ea-a97d-b88a60e194fb,prd1131,Employee Stock Purchase Plans,Investment,Personal,24460.05,1,USD,branchid:11053
6a850dec-4be1-11ea-96a3-b88a60e194fb-1,2020-01-22T02:28:23.000Z,crmid:4095172439,6a850dec-4be1-11ea-96a3-b88a60e194fb,prd1029,401k,Retirement,Personal,23193.08,1,USD,branchid:11135
6a85d148-4be1-11ea-91e8-b88a60e194fb-1,2020-01-28T06:52:53.000Z,crmid:1472212518,6a85d148-4be1-11ea-91e8-b88a60e194fb,prd1032,Home Equity Loan,Mortgage,Personal,10327.01,1,USD,branchid:11100
6a86bbb8-4be1-11ea-8a2b-b88a60e194fb-1,2020-01-26T04:29:36.000Z,crmid:9053962382,6a86bbb8-4be1-11ea-8a2b-b88a60e194fb,prd1008,Traditional IRA,Retirement,Personal,210743.58,1,USD,branchid:11066
6a87a608-4be1-11ea-87a2-b88a60e194fb-1,2020-01-12T02:02:27.000Z,crmid:5620143334,6a87a608-4be1-11ea-87a2-b88a60e194fb,prd1150,Money Market,Investment,Personal,14758.45,1,USD,branchid:11126
6a88b7fa-4be1-11ea-9ec7-b88a60e194fb-1,2020-01-04T11:03:40.000Z,crmid:2261577332,6a88b7fa-4be1-11ea-9ec7-b88a60e194fb,prd1013,Mortgage: FHA,Mortgage,Personal,128773.34,1,USD,branchid:11054
6ac76f74-4be1-11ea-bbfd-b88a60e194fb-1,2020-01-24T16:58:50.000Z,crmid:8225189457,6ac76f74-4be1-11ea-bbfd-b88a60e194fb,prd1088,CDs: 1 year,Investment,Personal,13089.96,1,USD,branchid:11046
6ac8326c-4be1-11ea-81e0-b88a60e194fb-1,2020-01-09T10:41:50.000Z,crmid:9412106056,6ac8326c-4be1-11ea-81e0-b88a60e194fb,prd1045,Mortgage: 10/1 ARM,Mortgage,Personal,13517.76,1,USD,branchid:11017
6ac8cf24-4be1-11ea-b205-b88a60e194fb-1,2020-01-22T16:03:57.000Z,crmid:7094018310,6ac8cf24-4be1-11ea-b205-b88a60e194fb,prd1185,Mortgage: FHA,Mortgage,Personal,17574.23,1,USD,branchid:11055
6ac9b7f4-4be1-11ea-bc49-b88a60e194fb-1,2020-01-08T14:45:08.000Z,crmid:8101135323,6ac9b7f4-4be1-11ea-bc49-b88a60e194fb,prd1078,Mortgage: 7/1 ARM,Mortgage,Personal,246094.54,1,USD,branchid:11030
6acaca80-4be1-11ea-a418-b88a60e194fb-1,2020-01-05T08:11:20.000Z,crmid:4392889893,6acaca80-4be1-11ea-a418-b88a60e194fb,prd1028,CDs: 1 year,Investment,Personal,14076.62,1,USD,branchid:11056
6acb8cb6-4be1-11ea-a315-b88a60e194fb-1,2020-01-20T11:39:23.000Z,crmid:3957273413,6acb8cb6-4be1-11ea-a315-b88a60e194fb,prd1035,Pension Account,Retirement,Personal,3497822.04,1,USD,branchid:11042
6acc7710-4be1-11ea-ac76-b88a60e194fb-1,2020-01-07T20:35:18.000Z,crmid:6421084874,6acc7710-4be1-11ea-ac76-b88a60e194fb,prd1032,Home Equity Loan,Mortgage,Personal,19430.72,1,USD,branchid:11056
6b0cb480-4be1-11ea-8058-b88a60e194fb-1,2020-01-12T11:33:45.000Z,crmid:2653775514,6b0cb480-4be1-11ea-8058-b88a60e194fb,prd1035,Pension Account,Retirement,Personal,214704.78,1,USD,branchid:11090
6b0d9eba-4be1-11ea-893a-b88a60e194fb-1,2020-01-19T10:44:54.000Z,crmid:6211116084,6b0d9eba-4be1-11ea-893a-b88a60e194fb,prd1027,Mortgage: 30-yr Fixed,Mortgage,Personal,12019.42,1,USD,branchid:11121
6b0ed89e-4be1-11ea-8433-b88a60e194fb-1,2020-01-09T11:07:53.000Z,crmid:6277062457,6b0ed89e-4be1-11ea-8433-b88a60e194fb,prd1186,Money Market,Investment,Personal,16093.76,1,USD,branchid:11105
6b0fc2f6-4be1-11ea-b091-b88a60e194fb-1,2020-01-30T15:00:01.000Z,crmid:8264757747,6b0fc2f6-4be1-11ea-b091-b88a60e194fb,prd1153,CDs: 1 year,Investment,Personal,10078.4,1,USD,branchid:11142
6b10864a-4be1-11ea-be43-b88a60e194fb-1,2020-01-27T11:15:52.000Z,crmid:4062856972,6b10864a-4be1-11ea-be43-b88a60e194fb,prd1120,Mortgage: 10/1 ARM,Mortgage,Personal,246343.21,1,USD,branchid:11150
6b114994-4be1-11ea-84b9-b88a60e194fb-1,2020-01-15T22:20:02.000Z,crmid:1049280703,6b114994-4be1-11ea-84b9-b88a60e194fb,prd1045,Mortgage: 10/1 ARM,Mortgage,Personal,13800.16,1,USD,branchid:11022
6b120cc6-4be1-11ea-82cf-b88a60e194fb-1,2020-01-23T02:57:11.000Z,crmid:3574098489,6b120cc6-4be1-11ea-82cf-b88a60e194fb,prd1110,Traditional IRA,Retirement,Personal,14405.72,1,USD,branchid:11004
6b51ac70-4be1-11ea-8033-b88a60e194fb-1,2020-01-25T02:46:17.000Z,crmid:8315116725,6b51ac70-4be1-11ea-8033-b88a60e194fb,prd1150,Money Market,Investment,Personal,11603.78,1,USD,branchid:11076
6b5296ca-4be1-11ea-8cd8-b88a60e194fb-1,2020-01-02T14:53:10.000Z,crmid:1140835276,6b5296ca-4be1-11ea-8cd8-b88a60e194fb,prd1175,401k,Retirement,Personal,13873.51,1,USD,branchid:11138
6b535a18-4be1-11ea-bf0a-b88a60e194fb-1,2020-01-08T02:25:53.000Z,crmid:2534218375,6b535a18-4be1-11ea-bf0a-b88a60e194fb,prd1183,Fixed Deposit,Investment,Personal,17569.39,1,USD,branchid:11026
6b544470-4be1-11ea-a45a-b88a60e194fb-1,2020-01-01T15:47:44.000Z,crmid:3742159141,6b544470-4be1-11ea-a45a-b88a60e194fb,prd1008,Traditional IRA,Retirement,Personal,10051.59,1,USD,branchid:11023
6b54e0b8-4be1-11ea-9cce-b88a60e194fb-1,2020-01-18T05:38:15.000Z,crmid:3872781910,6b54e0b8-4be1-11ea-9cce-b88a60e194fb,prd1179,Business Brokerage Account,Investment,Business,13629.13,1,USD,branchid:11074
6b56194a-4be1-11ea-846c-b88a60e194fb-1,2020-01-22T03:31:19.000Z,crmid:7747016916,6b56194a-4be1-11ea-846c-b88a60e194fb,prd1035,Pension Account,Retirement,Personal,249636.56,1,USD,branchid:11077
6b56dc88-4be1-11ea-aa27-b88a60e194fb-1,2020-01-26T07:45:30.000Z,crmid:5944668241,6b56dc88-4be1-11ea-aa27-b88a60e194fb,prd1037,Home Equity Loan,Mortgage,Personal,14223.6,1,USD,branchid:11132
6b93be90-4be1-11ea-a310-b88a60e194fb-1,2020-01-14T02:52:58.000Z,crmid:8857264116,6b93be90-4be1-11ea-a310-b88a60e194fb,prd1159,CDs: 3 month,Investment,Personal,212546.96,1,USD,branchid:11135
6b9481e8-4be1-11ea-8635-b88a60e194fb-1,2020-01-05T19:44:39.000Z,crmid:4256844833,6b9481e8-4be1-11ea-8635-b88a60e194fb,prd1064,CDs: 3 month,Investment,Personal,13991.06,1,USD,branchid:11068
6b954534-4be1-11ea-b78a-b88a60e194fb-1,2020-01-13T04:08:25.000Z,crmid:1869364043,6b954534-4be1-11ea-b78a-b88a60e194fb,prd1148,Mortgage: 10/1 ARM,Mortgage,Personal,14667.21,1,USD,branchid:11071
6b960886-4be1-11ea-a3f1-b88a60e194fb-1,2020-01-01T21:26:38.000Z,crmid:7342623401,6b960886-4be1-11ea-a3f1-b88a60e194fb,prd1042,Roth IRA,Retirement,Personal,298022.6,1,USD,branchid:11021
6b96f2e8-4be1-11ea-944c-b88a60e194fb-1,2020-01-19T15:04:26.000Z,crmid:6063127301,6b96f2e8-4be1-11ea-944c-b88a60e194fb,prd1061,Mortgage: 5/1 ARM,Mortgage,Personal,14611.85,1,USD,branchid:11120
6b97b63a-4be1-11ea-a408-b88a60e194fb-1,2020-01-02T05:45:26.000Z,crmid:6010083786,6b97b63a-4be1-11ea-a408-b88a60e194fb,prd1062,Mortgage: VA,Mortgage,Personal,18998.6,1,USD,branchid:11064
6b98c7b6-4be1-11ea-bf0e-b88a60e194fb-1,2020-01-23T01:55:48.000Z,crmid:2885401556,6b98c7b6-4be1-11ea-bf0e-b88a60e194fb,prd1174,Traditional IRA,Retirement,Personal,11132.01,1,USD,branchid:11093
6bd645ba-4be1-11ea-8286-b88a60e194fb-1,2020-01-22T09:34:31.000Z,crmid:9367104216,6bd645ba-4be1-11ea-8286-b88a60e194fb,prd1045,Mortgage: 10/1 ARM,Mortgage,Personal,17405.17,1,USD,branchid:11004
6bd708ca-4be1-11ea-a442-b88a60e194fb-1,2020-01-26T19:54:50.000Z,crmid:5869772311,6bd708ca-4be1-11ea-a442-b88a60e194fb,prd1013,Mortgage: FHA,Mortgage,Personal,162886.29,1,USD,branchid:11029
6bd7cc92-4be1-11ea-aaab-b88a60e194fb-1,2020-01-06T18:49:59.000Z,crmid:1280710144,6bd7cc92-4be1-11ea-aaab-b88a60e194fb,prd1014,CDs: 3 month,Investment,Personal,200789.94,1,USD,branchid:11002
6bd8b68c-4be1-11ea-9850-b88a60e194fb-1,2020-01-27T18:23:09.000Z,crmid:3280910227,6bd8b68c-4be1-11ea-9850-b88a60e194fb,prd1047,Mortgage: 10 yr Fixed,Mortgage,Personal,15522.07,1,USD,branchid:11075
6bd9a252-4be1-11ea-b3e4-b88a60e194fb-1,2020-01-31T16:02:47.000Z,crmid:6714850105,6bd9a252-4be1-11ea-b3e4-b88a60e194fb,prd1117,Brokerage Account,Investment,Personal,12624.52,1,USD,branchid:11150
6bda659c-4be1-11ea-b300-b88a60e194fb-1,2020-01-10T22:27:37.000Z,crmid:9769003201,6bda659c-4be1-11ea-b300-b88a60e194fb,prd1181,Mortgage: 5/1 ARM,Mortgage,Personal,19981.93,1,USD,branchid:11108
6bdb27b0-4be1-11ea-afc4-b88a60e194fb-1,2020-01-07T17:37:36.000Z,crmid:2022486878,6bdb27b0-4be1-11ea-afc4-b88a60e194fb,prd1025,Brokerage Account,Investment,Personal,247320.53,1,USD,branchid:11003
6c18f3e8-4be1-11ea-b2ed-b88a60e194fb-1,2020-01-24T01:28:22.000Z,crmid:2035909724,6c18f3e8-4be1-11ea-b2ed-b88a60e194fb,prd1131,Employee Stock Purchase Plans,Investment,Personal,13154.07,1,USD,branchid:11063
6c1a2c74-4be1-11ea-a034-b88a60e194fb-1,2020-01-01T17:04:06.000Z,crmid:7678200698,6c1a2c74-4be1-11ea-a034-b88a60e194fb,prd1045,Mortgage: 10/1 ARM,Mortgage,Personal,222238.76,1,USD,branchid:11124
6c1b1710-4be1-11ea-9ae0-b88a60e194fb-1,2020-01-16T18:38:57.000Z,crmid:3295547186,6c1b1710-4be1-11ea-9ae0-b88a60e194fb,prd1030,401k,Retirement,Personal,11595.92,1,USD,branchid:11057
