id,timestamp,crmid,orderid,prod_sku,prod_name,prod_category,prod_ownership,purchase_amt,units,currency_type,branchid
e02e62fa-4c72-11ea-8edd-b88a60e194fb-1,2020-01-25T04:59:10.000Z,crmid:3684784506,e02e62fa-4c72-11ea-8edd-b88a60e194fb,prd1144,Home Equity Loan,Mortgage,Personal,138380.23,1,USD,branchid:11054
e065028a-4c72-11ea-af9c-b88a60e194fb-1,2020-01-11T06:57:54.000Z,crmid:7601103244,e065028a-4c72-11ea-af9c-b88a60e194fb,prd1176,Overseas Equity Fund,Investment,Personal,13192.63,1,USD,branchid:11099
e065c5e2-4c72-11ea-97c8-b88a60e194fb-1,2020-01-25T09:51:15.000Z,crmid:4946571296,e065c5e2-4c72-11ea-97c8-b88a60e194fb,prd1064,CDs: 3 month,Investment,Personal,14144.98,1,USD,branchid:11059
e066891e-4c72-11ea-9ded-b88a60e194fb-1,2020-01-10T18:14:12.000Z,crmid:9398730229,e066891e-4c72-11ea-9ded-b88a60e194fb,prd1131,Employee Stock Purchase Plans,Investment,Personal,17116.56,1,USD,branchid:11037
e0674c78-4c72-11ea-a537-b88a60e194fb-1,2020-01-25T18:42:16.000Z,crmid:9297479812,e0674c78-4c72-11ea-a537-b88a60e194fb,prd1179,Business Brokerage Account,Investment,Business,17022.44,1,USD,branchid:11052
e0685dcc-4c72-11ea-8afd-b88a60e194fb-1,2020-01-29T21:29:09.000Z,crmid:9793333109,e0685dcc-4c72-11ea-8afd-b88a60e194fb,prd1174,Traditional IRA,Retirement,Personal,15560.79,1,USD,branchid:11100
e068fa0a-4c72-11ea-97e6-b88a60e194fb-1,2020-01-26T06:10:25.000Z,crmid:7359499864,e068fa0a-4c72-11ea-97e6-b88a60e194fb,prd1087,Overseas Equity Fund,Investment,Personal,21138.18,1,USD,branchid:11094
e069bd58-4c72-11ea-a312-b88a60e194fb-1,2020-01-14T02:20:23.000Z,crmid:3211332559,e069bd58-4c72-11ea-a312-b88a60e194fb,prd1047,Mortgage: 10 yr Fixed,Mortgage,Personal,5127769.88,1,USD,branchid:11113
e09f734a-4c72-11ea-92f3-b88a60e194fb-1,2020-01-30T23:38:09.000Z,crmid:5952129494,e09f734a-4c72-11ea-92f3-b88a60e194fb,prd1120,Mortgage: 10/1 ARM,Mortgage,Personal,242116.1,1,USD,branchid:11037
e0a084e4-4c72-11ea-8cb4-b88a60e194fb-1,2020-01-16T02:23:33.000Z,crmid:9370445010,e0a084e4-4c72-11ea-8cb4-b88a60e194fb,prd1024,Mortgage: FHA,Mortgage,Personal,9852.11,1,USD,branchid:11024
e0a1bd62-4c72-11ea-9e6c-b88a60e194fb-1,2020-01-05T15:51:23.000Z,crmid:7172809541,e0a1bd62-4c72-11ea-9e6c-b88a60e194fb,prd1028,CDs: 1 year,Investment,Personal,15258.39,1,USD,branchid:11037
e0a2a854-4c72-11ea-a450-b88a60e194fb-1,2020-01-31T13:04:42.000Z,crmid:1007129167,e0a2a854-4c72-11ea-a450-b88a60e194fb,prd1037,Home Equity Loan,Mortgage,Personal,244394.87,1,USD,branchid:11108
e0a36b06-4c72-11ea-ba93-b88a60e194fb-1,2020-01-10T10:45:20.000Z,crmid:2289037962,e0a36b06-4c72-11ea-ba93-b88a60e194fb,prd1173,Money Market,Investment,Personal,3954854.01,1,USD,branchid:11086
e0a47c9c-4c72-11ea-9cf0-b88a60e194fb-1,2020-01-12T07:59:00.000Z,crmid:4338153486,e0a47c9c-4c72-11ea-9cf0-b88a60e194fb,prd1150,Money Market,Investment,Personal,148551.59,1,USD,branchid:11059
e0a566d2-4c72-11ea-ab43-b88a60e194fb-1,2020-01-16T03:28:15.000Z,crmid:3837911502,e0a566d2-4c72-11ea-ab43-b88a60e194fb,prd1062,Mortgage: VA,Mortgage,Personal,15349.89,1,USD,branchid:11005
e0dd8d90-4c72-11ea-b75c-b88a60e194fb-1,2020-01-13T22:04:54.000Z,crmid:3723707077,e0dd8d90-4c72-11ea-b75c-b88a60e194fb,prd1150,Money Market,Investment,Personal,3399632.73,1,USD,branchid:11009
e0de50dc-4c72-11ea-8082-b88a60e194fb-1,2020-01-12T04:12:41.000Z,crmid:6064245038,e0de50dc-4c72-11ea-8082-b88a60e194fb,prd1124,CDs: 5 year,Investment,Personal,235481.92,1,USD,branchid:11072
e0df3b54-4c72-11ea-9c1f-b88a60e194fb-1,2020-01-23T23:31:44.000Z,crmid:1410612708,e0df3b54-4c72-11ea-9c1f-b88a60e194fb,prd1013,Mortgage: FHA,Mortgage,Personal,14560.53,1,USD,branchid:11032
e0e04cca-4c72-11ea-a496-b88a60e194fb-1,2020-01-30T01:50:19.000Z,crmid:1744916286,e0e04cca-4c72-11ea-a496-b88a60e194fb,prd1123,Mortgage: 10 yr Fixed,Mortgage,Personal,25439.81,1,USD,branchid:11106
e0e13740-4c72-11ea-b8e0-b88a60e194fb-1,2020-01-05T00:37:45.000Z,crmid:2442704960,e0e13740-4c72-11ea-b8e0-b88a60e194fb,prd1045,Mortgage: 10/1 ARM,Mortgage,Personal,165055.05,1,USD,branchid:11003
e0e26fe8-4c72-11ea-bdcf-b88a60e194fb-1,2020-01-08T03:26:19.000Z,crmid:7877888180,e0e26fe8-4c72-11ea-bdcf-b88a60e194fb,prd1062,Mortgage: VA,Mortgage,Personal,161770.38,1,USD,branchid:11023
e0e35a00-4c72-11ea-b87e-b88a60e194fb-1,2020-01-16T21:00:06.000Z,crmid:7880925576,e0e35a00-4c72-11ea-b87e-b88a60e194fb,prd1014,CDs: 3 month,Investment,Personal,15361.78,1,USD,branchid:11022
e11c4446-4c72-11ea-8f06-b88a60e194fb-1,2020-01-04T06:19:26.000Z,crmid:3506335214,e11c4446-4c72-11ea-8f06-b88a60e194fb,prd1151,Mortgage: 10 yr Fixed,Mortgage,Personal,17635.6,1,USD,branchid:11147
e11d07ee-4c72-11ea-9432-b88a60e194fb-1,2020-01-22T23:18:21.000Z,crmid:4479218944,e11d07ee-4c72-11ea-9432-b88a60e194fb,prd1108,401k,Retirement,Personal,212863.74,1,USD,branchid:11073
e11df1f0-4c72-11ea-a81e-b88a60e194fb-1,2020-01-26T01:23:59.000Z,crmid:5030035991,e11df1f0-4c72-11ea-a81e-b88a60e194fb,prd1183,Fixed Deposit,Investment,Personal,309395.72,1,USD,branchid:11078
e11eb540-4c72-11ea-b4c3-b88a60e194fb-1,2020-01-21T15:25:36.000Z,crmid:6547845849,e11eb540-4c72-11ea-b4c3-b88a60e194fb,prd1129,Mortgage: 10/1 ARM,Mortgage,Personal,226017.66,1,USD,branchid:11056
e11f788a-4c72-11ea-88b1-b88a60e194fb-1,2020-01-12T02:00:22.000Z,crmid:8622801955,e11f788a-4c72-11ea-88b1-b88a60e194fb,prd1021,CDs: 5 year,Investment,Personal,15383.23,1,USD,branchid:11039
e12089f6-4c72-11ea-a885-b88a60e194fb-1,2020-01-22T19:21:02.000Z,crmid:5770053882,e12089f6-4c72-11ea-a885-b88a60e194fb,prd1101,Mortgage: 5/1 ARM,Mortgage,Personal,16892.22,1,USD,branchid:11147
e121745c-4c72-11ea-92f1-b88a60e194fb-1,2020-01-28T11:02:09.000Z,crmid:7131554111,e121745c-4c72-11ea-92f1-b88a60e194fb,prd1056,CDs: 5 year,Investment,Personal,18965.23,1,USD,branchid:11027
e156b51c-4c72-11ea-8bfa-b88a60e194fb-1,2020-01-20T09:37:20.000Z,crmid:4034902763,e156b51c-4c72-11ea-8bfa-b88a60e194fb,prd1155,CDs: 5 year,Investment,Personal,14692.74,1,USD,branchid:11120
e157a0a4-4c72-11ea-9819-b88a60e194fb-1,2020-01-30T23:19:46.000Z,crmid:1386634632,e157a0a4-4c72-11ea-9819-b88a60e194fb,prd1035,Pension Account,Retirement,Personal,11471.69,1,USD,branchid:11021
e1588b02-4c72-11ea-ab56-b88a60e194fb-1,2020-01-29T21:43:59.000Z,crmid:7112006014,e1588b02-4c72-11ea-ab56-b88a60e194fb,prd1154,Mortgage: 30-yr Fixed,Mortgage,Personal,19214.5,1,USD,branchid:11102
e1599bfe-4c72-11ea-bb11-b88a60e194fb-1,2020-01-27T12:14:47.000Z,crmid:3747148430,e1599bfe-4c72-11ea-bb11-b88a60e194fb,prd1186,Money Market,Investment,Personal,10440.69,1,USD,branchid:11064
e15a5eb0-4c72-11ea-842d-b88a60e194fb-1,2020-01-04T04:58:52.000Z,crmid:4691401681,e15a5eb0-4c72-11ea-842d-b88a60e194fb,prd1064,CDs: 3 month,Investment,Personal,175737.6,1,USD,branchid:11110
e15b2208-4c72-11ea-81cd-b88a60e194fb-1,2020-01-15T21:46:03.000Z,crmid:8899139231,e15b2208-4c72-11ea-81cd-b88a60e194fb,prd1139,Employee Stock Purchase Plans,Investment,Personal,15501.04,1,USD,branchid:11141
e15c5a92-4c72-11ea-b1f4-b88a60e194fb-1,2020-01-12T12:17:16.000Z,crmid:7104425268,e15c5a92-4c72-11ea-b1f4-b88a60e194fb,prd1028,CDs: 1 year,Investment,Personal,176620.58,1,USD,branchid:11078
e1967d2e-4c72-11ea-8b36-b88a60e194fb-1,2020-01-17T22:35:25.000Z,crmid:6808593370,e1967d2e-4c72-11ea-8b36-b88a60e194fb,prd1111,Pension Account,Retirement,Personal,139230.04,1,USD,branchid:11066
e197b640-4c72-11ea-9088-b88a60e194fb-1,2020-01-09T02:56:53.000Z,crmid:9187151087,e197b640-4c72-11ea-9088-b88a60e194fb,prd1037,Home Equity Loan,Mortgage,Personal,15394.22,1,USD,branchid:11067
e198c78a-4c72-11ea-bc16-b88a60e194fb-1,2020-01-08T16:24:27.000Z,crmid:7686760473,e198c78a-4c72-11ea-bc16-b88a60e194fb,prd1087,Overseas Equity Fund,Investment,Personal,13147.3,1,USD,branchid:11086
e199ffa4-4c72-11ea-bb9e-b88a60e194fb-1,2020-01-07T10:22:12.000Z,crmid:3837911502,e199ffa4-4c72-11ea-bb9e-b88a60e194fb,prd1037,Home Equity Loan,Mortgage,Personal,218053.56,1,USD,branchid:11018
e19aeb78-4c72-11ea-b89c-b88a60e194fb-1,2020-01-26T10:23:55.000Z,crmid:9208890373,e19aeb78-4c72-11ea-b89c-b88a60e194fb,prd1047,Mortgage: 10 yr Fixed,Mortgage,Personal,20060.23,1,USD,branchid:11139
e19c2292-4c72-11ea-81d9-b88a60e194fb-1,2020-01-17T18:18:57.000Z,crmid:6099322377,e19c2292-4c72-11ea-81d9-b88a60e194fb,prd1115,Mortgage: VA,Mortgage,Personal,17059.28,1,USD,branchid:11000
e19d0cc0-4c72-11ea-8413-b88a60e194fb-1,2020-01-05T12:38:50.000Z,crmid:8453529243,e19d0cc0-4c72-11ea-8413-b88a60e194fb,prd1150,Money Market,Investment,Personal,16404.97,1,USD,branchid:11137
e1d760f0-4c72-11ea-a95c-b88a60e194fb-1,2020-01-09T05:14:49.000Z,crmid:6274043844,e1d760f0-4c72-11ea-a95c-b88a60e194fb,prd1120,Mortgage: 10/1 ARM,Mortgage,Personal,18506.67,1,USD,branchid:11051
e1d8dd3a-4c72-11ea-b4c7-b88a60e194fb-1,2020-01-01T02:04:40.000Z,crmid:1164962720,e1d8dd3a-4c72-11ea-b4c7-b88a60e194fb,prd1167,Roth IRA,Retirement,Personal,135652.04,1,USD,branchid:11012
e1d9ef58-4c72-11ea-b372-b88a60e194fb-1,2020-01-04T19:12:07.000Z,crmid:1782594862,e1d9ef58-4c72-11ea-b372-b88a60e194fb,prd1189,Overseas Equity Fund,Investment,Personal,16877.19,1,USD,branchid:11105
e1db005a-4c72-11ea-9dca-b88a60e194fb-1,2020-01-23T19:27:18.000Z,crmid:9570776018,e1db005a-4c72-11ea-9dca-b88a60e194fb,prd1176,Overseas Equity Fund,Investment,Personal,186694.39,1,USD,branchid:11096
e1dbea80-4c72-11ea-a8dc-b88a60e194fb-1,2020-01-10T20:26:44.000Z,crmid:8386574733,e1dbea80-4c72-11ea-a8dc-b88a60e194fb,prd1047,Mortgage: 10 yr Fixed,Mortgage,Personal,16065.8,1,USD,branchid:11035
e1dcd4f6-4c72-11ea-b5c5-b88a60e194fb-1,2020-01-24T01:31:33.000Z,crmid:9756454573,e1dcd4f6-4c72-11ea-b5c5-b88a60e194fb,prd1115,Mortgage: VA,Mortgage,Personal,11632.58,1,USD,branchid:11037
e1dd9830-4c72-11ea-af49-b88a60e194fb-1,2020-01-02T03:34:43.000Z,crmid:3084001229,e1dd9830-4c72-11ea-af49-b88a60e194fb,prd1123,Mortgage: 10 yr Fixed,Mortgage,Personal,12198.47,1,USD,branchid:11060
e21794f4-4c72-11ea-a40f-b88a60e194fb-1,2020-01-28T18:53:35.000Z,crmid:9228601607,e21794f4-4c72-11ea-a40f-b88a60e194fb,prd1153,CDs: 1 year,Investment,Personal,244322.02,1,USD,branchid:11014
e2187f4a-4c72-11ea-8b11-b88a60e194fb-1,2020-01-04T05:33:31.000Z,crmid:1600252631,e2187f4a-4c72-11ea-8b11-b88a60e194fb,prd1060,Traditional IRA,Retirement,Personal,11291.16,1,USD,branchid:11096
e219693a-4c72-11ea-9853-b88a60e194fb-1,2020-01-02T22:35:11.000Z,crmid:8187408157,e219693a-4c72-11ea-9853-b88a60e194fb,prd1064,CDs: 3 month,Investment,Personal,18671.68,1,USD,branchid:11101
e21a53f0-4c72-11ea-81e8-b88a60e194fb-1,2020-01-20T20:17:41.000Z,crmid:1309581304,e21a53f0-4c72-11ea-81e8-b88a60e194fb,prd1183,Fixed Deposit,Investment,Personal,218120.81,1,USD,branchid:11027
e21b8bae-4c72-11ea-a274-b88a60e194fb-1,2020-01-21T18:04:38.000Z,crmid:7776141009,e21b8bae-4c72-11ea-a274-b88a60e194fb,prd1114,CDs: 3 month,Investment,Personal,3486707.66,1,USD,branchid:11099
e21c75c8-4c72-11ea-b522-b88a60e194fb-1,2020-01-01T05:14:07.000Z,crmid:7355401367,e21c75c8-4c72-11ea-b522-b88a60e194fb,prd1083,Pension Account,Retirement,Personal,14514.41,1,USD,branchid:11044
e21d6068-4c72-11ea-b4be-b88a60e194fb-1,2020-01-14T18:14:46.000Z,crmid:2550943435,e21d6068-4c72-11ea-b4be-b88a60e194fb,prd1121,Mortgage: 30-yr Fixed,Mortgage,Personal,2741187.2,1,USD,branchid:11105
e2567168-4c72-11ea-b7f2-b88a60e194fb-1,2020-01-11T23:34:03.000Z,crmid:7528069839,e2567168-4c72-11ea-b7f2-b88a60e194fb,prd1181,Mortgage: 5/1 ARM,Mortgage,Personal,15740.37,1,USD,branchid:11012
e25782f8-4c72-11ea-892d-b88a60e194fb-1,2020-01-27T11:12:54.000Z,crmid:9612813056,e25782f8-4c72-11ea-892d-b88a60e194fb,prd1115,Mortgage: VA,Mortgage,Personal,10659.6,1,USD,branchid:11015
e258bb70-4c72-11ea-820a-b88a60e194fb-1,2020-01-30T00:25:41.000Z,crmid:7043355142,e258bb70-4c72-11ea-820a-b88a60e194fb,prd1087,Overseas Equity Fund,Investment,Personal,12391.64,1,USD,branchid:11024
e259a5d4-4c72-11ea-9c56-b88a60e194fb-1,2020-01-23T06:25:09.000Z,crmid:8425196110,e259a5d4-4c72-11ea-9c56-b88a60e194fb,prd1108,401k,Retirement,Personal,13150.95,1,USD,branchid:11043
e25a9042-4c72-11ea-8874-b88a60e194fb-1,2020-01-03T04:10:56.000Z,crmid:2905290631,e25a9042-4c72-11ea-8874-b88a60e194fb,prd1189,Overseas Equity Fund,Investment,Personal,16897.03,1,USD,branchid:11047
e25ba198-4c72-11ea-94e1-b88a60e194fb-1,2020-01-19T05:22:10.000Z,crmid:7219866886,e25ba198-4c72-11ea-94e1-b88a60e194fb,prd1101,Mortgage: 5/1 ARM,Mortgage,Personal,5759315.19,1,USD,branchid:11114
e25c8ce4-4c72-11ea-be21-b88a60e194fb-1,2020-01-09T00:26:58.000Z,crmid:6267811088,e25c8ce4-4c72-11ea-be21-b88a60e194fb,prd1151,Mortgage: 10 yr Fixed,Mortgage,Personal,12339.16,1,USD,branchid:11014
e29aa6ac-4c72-11ea-83e2-b88a60e194fb-1,2020-01-01T16:05:46.000Z,crmid:8219105177,e29aa6ac-4c72-11ea-83e2-b88a60e194fb,prd1046,Mortgage: VA,Mortgage,Personal,16027.06,1,USD,branchid:11113
e29b90a2-4c72-11ea-a8f9-b88a60e194fb-1,2020-01-31T08:10:56.000Z,crmid:1705539023,e29b90a2-4c72-11ea-a8f9-b88a60e194fb,prd1189,Overseas Equity Fund,Investment,Personal,196799.83,1,USD,branchid:11098
e29ca22e-4c72-11ea-ad20-b88a60e194fb-1,2020-01-12T23:21:59.000Z,crmid:3928595338,e29ca22e-4c72-11ea-ad20-b88a60e194fb,prd1029,401k,Retirement,Personal,216497.11,1,USD,branchid:11023
e29e01a4-4c72-11ea-98cb-b88a60e194fb-1,2020-01-22T02:32:37.000Z,crmid:5454474245,e29e01a4-4c72-11ea-98cb-b88a60e194fb,prd1013,Mortgage: FHA,Mortgage,Personal,15798.24,1,USD,branchid:11129
e29eec74-4c72-11ea-8887-b88a60e194fb-1,2020-01-26T13:46:44.000Z,crmid:4189408347,e29eec74-4c72-11ea-8887-b88a60e194fb,prd1112,Fixed Deposit,Investment,Personal,18356.62,1,USD,branchid:11001
e2a0729e-4c72-11ea-979f-b88a60e194fb-1,2020-01-14T03:23:00.000Z,crmid:1404550047,e2a0729e-4c72-11ea-979f-b88a60e194fb,prd1021,CDs: 5 year,Investment,Personal,286740.41,1,USD,branchid:11017
e2a18436-4c72-11ea-8575-b88a60e194fb-1,2020-01-04T11:56:23.000Z,crmid:4069353125,e2a18436-4c72-11ea-8575-b88a60e194fb,prd1124,CDs: 5 year,Investment,Personal,20779.0,1,USD,branchid:11076
e2d7fdb6-4c72-11ea-b066-b88a60e194fb-1,2020-01-29T14:34:33.000Z,crmid:1220687213,e2d7fdb6-4c72-11ea-b066-b88a60e194fb,prd1060,Traditional IRA,Retirement,Personal,2759950.5,1,USD,branchid:11011
e2d8c224-4c72-11ea-b49d-b88a60e194fb-1,2020-01-21T05:35:03.000Z,crmid:8724943252,e2d8c224-4c72-11ea-b49d-b88a60e194fb,prd1114,CDs: 3 month,Investment,Personal,19528.54,1,USD,branchid:11079
e2d9ab34-4c72-11ea-b6da-b88a60e194fb-1,2020-01-15T03:59:12.000Z,crmid:3362727440,e2d9ab34-4c72-11ea-b6da-b88a60e194fb,prd1029,401k,Retirement,Personal,4621999.2,1,USD,branchid:11147
e2da9582-4c72-11ea-848c-b88a60e194fb-1,2020-01-02T04:13:21.000Z,crmid:5053918582,e2da9582-4c72-11ea-848c-b88a60e194fb,prd1129,Mortgage: 10/1 ARM,Mortgage,Personal,15735.8,1,USD,branchid:11020
e2db7fbe-4c72-11ea-bbf3-b88a60e194fb-1,2020-01-18T01:02:31.000Z,crmid:9848839322,e2db7fbe-4c72-11ea-bbf3-b88a60e194fb,prd1112,Fixed Deposit,Investment,Personal,128223.2,1,USD,branchid:11025
e2dc6a2e-4c72-11ea-a9c8-b88a60e194fb-1,2020-01-26T18:28:16.000Z,crmid:8553492188,e2dc6a2e-4c72-11ea-a9c8-b88a60e194fb,prd1042,Roth IRA,Retirement,Personal,15557.59,1,USD,branchid:11023
e2dd2d74-4c72-11ea-987f-b88a60e194fb-1,2020-01-03T01:43:39.000Z,crmid:7475863928,e2dd2d74-4c72-11ea-987f-b88a60e194fb,prd1073,Business Brokerage Account,Investment,Business,4791027.19,1,USD,branchid:11119
e313318a-4c72-11ea-b05c-b88a60e194fb-1,2020-01-24T02:39:34.000Z,crmid:5472641975,e313318a-4c72-11ea-b05c-b88a60e194fb,prd1175,401k,Retirement,Personal,19868.6,1,USD,branchid:11138
e31469fe-4c72-11ea-9ff5-b88a60e194fb-1,2020-01-13T17:23:18.000Z,crmid:4334781269,e31469fe-4c72-11ea-9ff5-b88a60e194fb,prd1062,Mortgage: VA,Mortgage,Personal,208914.35,1,USD,branchid:11101
e315545e-4c72-11ea-983c-b88a60e194fb-1,2020-01-23T03:13:42.000Z,crmid:2987522093,e315545e-4c72-11ea-983c-b88a60e194fb,prd1068,Mortgage: 7/1 ARM,Mortgage,Personal,14763.16,1,USD,branchid:11025
e3163eb6-4c72-11ea-aa52-b88a60e194fb-1,2020-01-28T10:30:36.000Z,crmid:9546944591,e3163eb6-4c72-11ea-aa52-b88a60e194fb,prd1183,Fixed Deposit,Investment,Personal,265542.25,1,USD,branchid:11075
e317774a-4c72-11ea-88f4-b88a60e194fb-1,2020-01-24T12:54:19.000Z,crmid:8123978865,e317774a-4c72-11ea-88f4-b88a60e194fb,prd1123,Mortgage: 10 yr Fixed,Mortgage,Personal,3498114.39,1,USD,branchid:11134
e318d6d4-4c72-11ea-9313-b88a60e194fb-1,2020-01-06T19:40:40.000Z,crmid:5918614716,e318d6d4-4c72-11ea-9313-b88a60e194fb,prd1073,Business Brokerage Account,Investment,Business,286303.49,1,USD,branchid:11147
e31a0fae-4c72-11ea-aea1-b88a60e194fb-1,2020-01-21T12:12:59.000Z,crmid:4676014222,e31a0fae-4c72-11ea-aea1-b88a60e194fb,prd1139,Employee Stock Purchase Plans,Investment,Personal,20194.22,1,USD,branchid:11111
e35062c2-4c72-11ea-bf98-b88a60e194fb-1,2020-01-28T04:23:52.000Z,crmid:4700033999,e35062c2-4c72-11ea-bf98-b88a60e194fb,prd1154,Mortgage: 30-yr Fixed,Mortgage,Personal,213466.0,1,USD,branchid:11096
e35125f0-4c72-11ea-b95d-b88a60e194fb-1,2020-01-21T12:49:10.000Z,crmid:7830512614,e35125f0-4c72-11ea-b95d-b88a60e194fb,prd1037,Home Equity Loan,Mortgage,Personal,12084.38,1,USD,branchid:11055
e351e92e-4c72-11ea-bcb0-b88a60e194fb-1,2020-01-13T06:01:26.000Z,crmid:1150073383,e351e92e-4c72-11ea-bcb0-b88a60e194fb,prd1123,Mortgage: 10 yr Fixed,Mortgage,Personal,4588234.58,1,USD,branchid:11084
e352ab86-4c72-11ea-9208-b88a60e194fb-1,2020-01-06T06:38:16.000Z,crmid:5027751934,e352ab86-4c72-11ea-9208-b88a60e194fb,prd1111,Pension Account,Retirement,Personal,17141.71,1,USD,branchid:11094
e3539712-4c72-11ea-b654-b88a60e194fb-1,2020-01-22T00:08:20.000Z,crmid:7405605668,e3539712-4c72-11ea-b654-b88a60e194fb,prd1013,Mortgage: FHA,Mortgage,Personal,11330.99,1,USD,branchid:11100
e3545a28-4c72-11ea-bb3e-b88a60e194fb-1,2020-01-03T22:27:23.000Z,crmid:6992736377,e3545a28-4c72-11ea-bb3e-b88a60e194fb,prd1041,Mortgage: 7/1 ARM,Mortgage,Personal,13136.3,1,USD,branchid:11035
e3556b98-4c72-11ea-920a-b88a60e194fb-1,2020-01-22T17:51:36.000Z,crmid:5484648153,e3556b98-4c72-11ea-920a-b88a60e194fb,prd1068,Mortgage: 7/1 ARM,Mortgage,Personal,192598.48,1,USD,branchid:11134
e38afae8-4c72-11ea-8f90-b88a60e194fb-1,2020-01-12T13:25:10.000Z,crmid:2900016733,e38afae8-4c72-11ea-8f90-b88a60e194fb,prd1173,Money Market,Investment,Personal,16680.54,1,USD,branchid:11111
e38c0ae4-4c72-11ea-9a9d-b88a60e194fb-1,2020-01-26T08:49:34.000Z,crmid:8935892602,e38c0ae4-4c72-11ea-9a9d-b88a60e194fb,prd1025,Brokerage Account,Investment,Personal,157456.04,1,USD,branchid:11146
e38cce28-4c72-11ea-9f01-b88a60e194fb-1,2020-01-21T04:35:05.000Z,crmid:1494816578,e38cce28-4c72-11ea-9f01-b88a60e194fb,prd1077,Roth IRA,Retirement,Personal,14406.14,1,USD,branchid:11016
e38d916e-4c72-11ea-9c9c-b88a60e194fb-1,2020-01-18T21:47:08.000Z,crmid:5268228207,e38d916e-4c72-11ea-9c9c-b88a60e194fb,prd1165,Roth IRA,Retirement,Personal,261511.85,1,USD,branchid:11075
e38ea2d8-4c72-11ea-8644-b88a60e194fb-1,2020-01-14T23:21:12.000Z,crmid:4508962297,e38ea2d8-4c72-11ea-8644-b88a60e194fb,prd1184,Fixed Deposit,Investment,Personal,245466.44,1,USD,branchid:11052
e38f6636-4c72-11ea-a579-b88a60e194fb-1,2020-01-14T07:54:07.000Z,crmid:5674159824,e38f6636-4c72-11ea-a579-b88a60e194fb,prd1045,Mortgage: 10/1 ARM,Mortgage,Personal,3559074.0,1,USD,branchid:11026
e3902980-4c72-11ea-9c04-b88a60e194fb-1,2020-01-07T02:13:46.000Z,crmid:6691660268,e3902980-4c72-11ea-9c04-b88a60e194fb,prd1027,Mortgage: 30-yr Fixed,Mortgage,Personal,148472.82,1,USD,branchid:11019
e3c96212-4c72-11ea-bc0d-b88a60e194fb-1,2020-01-06T11:13:12.000Z,crmid:6457376892,e3c96212-4c72-11ea-bc0d-b88a60e194fb,prd1041,Mortgage: 7/1 ARM,Mortgage,Personal,192261.61,1,USD,branchid:11086
e3ca9ad0-4c72-11ea-9cb7-b88a60e194fb-1,2020-01-29T10:12:44.000Z,crmid:8360331943,e3ca9ad0-4c72-11ea-9cb7-b88a60e194fb,prd1173,Money Market,Investment,Personal,188237.31,1,USD,branchid:11021
e3cb5df4-4c72-11ea-bc83-b88a60e194fb-1,2020-01-22T02:20:55.000Z,crmid:3968719267,e3cb5df4-4c72-11ea-bc83-b88a60e194fb,prd1131,Employee Stock Purchase Plans,Investment,Personal,11272.74,1,USD,branchid:11096
e3cc6f34-4c72-11ea-bcb5-b88a60e194fb-1,2020-01-02T22:03:27.000Z,crmid:8873453732,e3cc6f34-4c72-11ea-bcb5-b88a60e194fb,prd1120,Mortgage: 10/1 ARM,Mortgage,Personal,14739.27,1,USD,branchid:11074
e3cd325c-4c72-11ea-9d29-b88a60e194fb-1,2020-01-12T20:22:59.000Z,crmid:6047809491,e3cd325c-4c72-11ea-9d29-b88a60e194fb,prd1013,Mortgage: FHA,Mortgage,Personal,19866.51,1,USD,branchid:11053
e3ce1ce2-4c72-11ea-bf29-b88a60e194fb-1,2020-01-13T08:18:00.000Z,crmid:2126101398,e3ce1ce2-4c72-11ea-bf29-b88a60e194fb,prd1077,Roth IRA,Retirement,Personal,3831247.19,1,USD,branchid:11073
e3cee040-4c72-11ea-8e46-b88a60e194fb-1,2020-01-12T08:51:38.000Z,crmid:3131808543,e3cee040-4c72-11ea-8e46-b88a60e194fb,prd1078,Mortgage: 7/1 ARM,Mortgage,Personal,11332.92,1,USD,branchid:11110
e40b25e2-4c72-11ea-8e88-b88a60e194fb-1,2020-01-09T14:41:28.000Z,crmid:9432473593,e40b25e2-4c72-11ea-8e88-b88a60e194fb,prd1034,Home Equity Loan,Mortgage,Personal,12740.75,1,USD,branchid:11007
e40c5e82-4c72-11ea-a48d-b88a60e194fb-1,2020-01-23T02:37:32.000Z,crmid:6685271512,e40c5e82-4c72-11ea-a48d-b88a60e194fb,prd1077,Roth IRA,Retirement,Personal,165218.01,1,USD,branchid:11052
e40d96fa-4c72-11ea-a0e7-b88a60e194fb-1,2020-01-31T15:20:35.000Z,crmid:1846853003,e40d96fa-4c72-11ea-a0e7-b88a60e194fb,prd1046,Mortgage: VA,Mortgage,Personal,11717.45,1,USD,branchid:11074
e40ecf76-4c72-11ea-bc1e-b88a60e194fb-1,2020-01-16T03:29:45.000Z,crmid:9724109473,e40ecf76-4c72-11ea-bc1e-b88a60e194fb,prd1049,Business Brokerage Account,Investment,Business,15723.29,1,USD,branchid:11080
e40fe0ec-4c72-11ea-ad4f-b88a60e194fb-1,2020-01-25T23:41:33.000Z,crmid:8190476568,e40fe0ec-4c72-11ea-ad4f-b88a60e194fb,prd1047,Mortgage: 10 yr Fixed,Mortgage,Personal,246500.88,1,USD,branchid:11002
e410f258-4c72-11ea-9151-b88a60e194fb-1,2020-01-14T18:06:08.000Z,crmid:5030035991,e410f258-4c72-11ea-9151-b88a60e194fb,prd1078,Mortgage: 7/1 ARM,Mortgage,Personal,14074.97,1,USD,branchid:11045
e41251b0-4c72-11ea-86a6-b88a60e194fb-1,2020-01-07T08:29:26.000Z,crmid:1034872349,e41251b0-4c72-11ea-86a6-b88a60e194fb,prd1121,Mortgage: 30-yr Fixed,Mortgage,Personal,13092.21,1,USD,branchid:11069
e4548aae-4c72-11ea-817e-b88a60e194fb-1,2020-01-11T01:10:47.000Z,crmid:6886271715,e4548aae-4c72-11ea-817e-b88a60e194fb,prd1027,Mortgage: 30-yr Fixed,Mortgage,Personal,25262.45,1,USD,branchid:11088
e4559c46-4c72-11ea-8965-b88a60e194fb-1,2020-01-24T15:08:34.000Z,crmid:7992582585,e4559c46-4c72-11ea-8965-b88a60e194fb,prd1041,Mortgage: 7/1 ARM,Mortgage,Personal,130407.3,1,USD,branchid:11074
e456add0-4c72-11ea-97c0-b88a60e194fb-1,2020-01-08T16:43:00.000Z,crmid:4759533634,e456add0-4c72-11ea-97c0-b88a60e194fb,prd1167,Roth IRA,Retirement,Personal,10255.55,1,USD,branchid:11122
e457e610-4c72-11ea-9f76-b88a60e194fb-1,2020-01-21T19:26:06.000Z,crmid:9997596390,e457e610-4c72-11ea-9f76-b88a60e194fb,prd1131,Employee Stock Purchase Plans,Investment,Personal,20281.47,1,USD,branchid:11083
e4591e9e-4c72-11ea-aa46-b88a60e194fb-1,2020-01-22T04:37:44.000Z,crmid:9675552736,e4591e9e-4c72-11ea-aa46-b88a60e194fb,prd1189,Overseas Equity Fund,Investment,Personal,219927.27,1,USD,branchid:11089
e45a57b8-4c72-11ea-b7bc-b88a60e194fb-1,2020-01-18T08:50:06.000Z,crmid:2839743085,e45a57b8-4c72-11ea-b7bc-b88a60e194fb,prd1073,Business Brokerage Account,Investment,Business,3471898.74,1,USD,branchid:11014
e45b8f90-4c72-11ea-a9b5-b88a60e194fb-1,2020-01-16T14:39:54.000Z,crmid:2304782850,e45b8f90-4c72-11ea-a9b5-b88a60e194fb,prd1179,Business Brokerage Account,Investment,Business,20618.76,1,USD,branchid:11024
e491e200-4c72-11ea-be8b-b88a60e194fb-1,2020-01-18T08:41:20.000Z,crmid:4339728099,e491e200-4c72-11ea-be8b-b88a60e194fb,prd1186,Money Market,Investment,Personal,18564.38,1,USD,branchid:11109
e492f336-4c72-11ea-8830-b88a60e194fb-1,2020-01-13T00:49:50.000Z,crmid:3069836956,e492f336-4c72-11ea-8830-b88a60e194fb,prd1062,Mortgage: VA,Mortgage,Personal,13505.45,1,USD,branchid:11068
e493ddb0-4c72-11ea-a8f4-b88a60e194fb-1,2020-01-12T12:18:02.000Z,crmid:1400774589,e493ddb0-4c72-11ea-a8f4-b88a60e194fb,prd1124,CDs: 5 year,Investment,Personal,14224.29,1,USD,branchid:11035
e49516fe-4c72-11ea-9080-b88a60e194fb-1,2020-01-24T22:24:16.000Z,crmid:7130461057,e49516fe-4c72-11ea-9080-b88a60e194fb,prd1026,Mortgage: 5/1 ARM,Mortgage,Personal,281190.09,1,USD,branchid:11038
e49675b4-4c72-11ea-b0b8-b88a60e194fb-1,2020-01-25T05:23:00.000Z,crmid:8340504517,e49675b4-4c72-11ea-b0b8-b88a60e194fb,prd1049,Business Brokerage Account,Investment,Business,165269.76,1,USD,branchid:11085
e497ae64-4c72-11ea-a894-b88a60e194fb-1,2020-01-29T19:37:32.000Z,crmid:4427779280,e497ae64-4c72-11ea-a894-b88a60e194fb,prd1173,Money Market,Investment,Personal,14439.66,1,USD,branchid:11037
e49934fa-4c72-11ea-be2d-b88a60e194fb-1,2020-01-03T23:14:55.000Z,crmid:8107395597,e49934fa-4c72-11ea-be2d-b88a60e194fb,prd1153,CDs: 1 year,Investment,Personal,16968.15,1,USD,branchid:11022
e4d9720c-4c72-11ea-aa8d-b88a60e194fb-1,2020-01-09T00:09:53.000Z,crmid:9059609445,e4d9720c-4c72-11ea-aa8d-b88a60e194fb,prd1173,Money Market,Investment,Personal,213891.3,1,USD,branchid:11005
e4da5cca-4c72-11ea-939d-b88a60e194fb-1,2020-01-03T04:31:44.000Z,crmid:4126257940,e4da5cca-4c72-11ea-939d-b88a60e194fb,prd1131,Employee Stock Purchase Plans,Investment,Personal,4173987.08,1,USD,branchid:11142
e4dbe2f0-4c72-11ea-97ee-b88a60e194fb-1,2020-01-23T02:40:07.000Z,crmid:1343549689,e4dbe2f0-4c72-11ea-97ee-b88a60e194fb,prd1112,Fixed Deposit,Investment,Personal,15023.21,1,USD,branchid:11081
e4dd4282-4c72-11ea-a6b1-b88a60e194fb-1,2020-01-10T13:12:39.000Z,crmid:8463632020,e4dd4282-4c72-11ea-a6b1-b88a60e194fb,prd1045,Mortgage: 10/1 ARM,Mortgage,Personal,13292.92,1,USD,branchid:11022
e4de7b12-4c72-11ea-9d8c-b88a60e194fb-1,2020-01-20T22:22:15.000Z,crmid:1278648285,e4de7b12-4c72-11ea-9d8c-b88a60e194fb,prd1047,Mortgage: 10 yr Fixed,Mortgage,Personal,18404.55,1,USD,branchid:11114
e4dfdaa8-4c72-11ea-8079-b88a60e194fb-1,2020-01-10T17:18:35.000Z,crmid:3096476829,e4dfdaa8-4c72-11ea-8079-b88a60e194fb,prd1189,Overseas Equity Fund,Investment,Personal,11179.51,1,USD,branchid:11038
e4e13a1e-4c72-11ea-9fb4-b88a60e194fb-1,2020-01-02T02:08:26.000Z,crmid:8512281498,e4e13a1e-4c72-11ea-9fb4-b88a60e194fb,prd1087,Overseas Equity Fund,Investment,Personal,15772.61,1,USD,branchid:11110
e5380c9a-4c72-11ea-a514-b88a60e194fb-1,2020-01-23T07:40:54.000Z,crmid:3068003935,e5380c9a-4c72-11ea-a514-b88a60e194fb,prd1037,Home Equity Loan,Mortgage,Personal,16989.31,1,USD,branchid:11015
e539e180-4c72-11ea-943b-b88a60e194fb-1,2020-01-06T14:13:50.000Z,crmid:7731223554,e539e180-4c72-11ea-943b-b88a60e194fb,prd1112,Fixed Deposit,Investment,Personal,219647.35,1,USD,branchid:11017
e53b67f6-4c72-11ea-a0a7-b88a60e194fb-1,2020-01-30T19:27:48.000Z,crmid:5369358872,e53b67f6-4c72-11ea-a0a7-b88a60e194fb,prd1123,Mortgage: 10 yr Fixed,Mortgage,Personal,14637.03,1,USD,branchid:11065
e53db1d2-4c72-11ea-9f8d-b88a60e194fb-1,2020-01-06T18:00:07.000Z,crmid:1633166430,e53db1d2-4c72-11ea-9f8d-b88a60e194fb,prd1056,CDs: 5 year,Investment,Personal,156901.44,1,USD,branchid:11096
e53f3892-4c72-11ea-8310-b88a60e194fb-1,2020-01-22T17:05:56.000Z,crmid:6698824433,e53f3892-4c72-11ea-8310-b88a60e194fb,prd1033,Fixed Deposit,Investment,Personal,3064486.8,1,USD,branchid:11126
e540bf28-4c72-11ea-a482-b88a60e194fb-1,2020-01-02T15:33:13.000Z,crmid:9489875040,e540bf28-4c72-11ea-a482-b88a60e194fb,prd1101,Mortgage: 5/1 ARM,Mortgage,Personal,12080.31,1,USD,branchid:11124
e54245c2-4c72-11ea-8f16-b88a60e194fb-1,2020-01-26T18:35:47.000Z,crmid:3161880976,e54245c2-4c72-11ea-8f16-b88a60e194fb,prd1175,401k,Retirement,Personal,243914.24,1,USD,branchid:11135
e5a32a4a-4c72-11ea-9239-b88a60e194fb-1,2020-01-17T04:47:22.000Z,crmid:4107211058,e5a32a4a-4c72-11ea-9239-b88a60e194fb,prd1033,Fixed Deposit,Investment,Personal,13199.41,1,USD,branchid:11047
e5a46354-4c72-11ea-8161-b88a60e194fb-1,2020-01-02T18:11:13.000Z,crmid:8135294470,e5a46354-4c72-11ea-8161-b88a60e194fb,prd1173,Money Market,Investment,Personal,4377478.68,1,USD,branchid:11115
e5a59b5e-4c72-11ea-bd89-b88a60e194fb-1,2020-01-03T06:14:06.000Z,crmid:9577504415,e5a59b5e-4c72-11ea-bd89-b88a60e194fb,prd1034,Home Equity Loan,Mortgage,Personal,16620.46,1,USD,branchid:11065
e5a722c8-4c72-11ea-8d42-b88a60e194fb-1,2020-01-29T05:58:55.000Z,crmid:7884742293,e5a722c8-4c72-11ea-8d42-b88a60e194fb,prd1097,Employee Stock Purchase Plans,Investment,Personal,250403.12,1,USD,branchid:11005
e5a85a7a-4c72-11ea-9fad-b88a60e194fb-1,2020-01-12T02:23:10.000Z,crmid:1635196122,e5a85a7a-4c72-11ea-9fad-b88a60e194fb,prd1024,Mortgage: FHA,Mortgage,Personal,14490.03,1,USD,branchid:11015
e5a9ba8a-4c72-11ea-a173-b88a60e194fb-1,2020-01-29T04:20:02.000Z,crmid:8090340184,e5a9ba8a-4c72-11ea-a173-b88a60e194fb,prd1056,CDs: 5 year,Investment,Personal,194677.97,1,USD,branchid:11009
e5aaf276-4c72-11ea-8777-b88a60e194fb-1,2020-01-24T06:55:31.000Z,crmid:7213050129,e5aaf276-4c72-11ea-8777-b88a60e194fb,prd1062,Mortgage: VA,Mortgage,Personal,228973.72,1,USD,branchid:11014
e5eda15c-4c72-11ea-9cb8-b88a60e194fb-1,2020-01-25T17:01:06.000Z,crmid:4401682691,e5eda15c-4c72-11ea-9cb8-b88a60e194fb,prd1173,Money Market,Investment,Personal,212914.97,1,USD,branchid:11077
e5ef0058-4c72-11ea-9cac-b88a60e194fb-1,2020-01-02T21:19:44.000Z,crmid:2387887572,e5ef0058-4c72-11ea-9cac-b88a60e194fb,prd1064,CDs: 3 month,Investment,Personal,14892.16,1,USD,branchid:11064
e5f086e8-4c72-11ea-bfde-b88a60e194fb-1,2020-01-22T09:14:30.000Z,crmid:6726595531,e5f086e8-4c72-11ea-bfde-b88a60e194fb,prd1124,CDs: 5 year,Investment,Personal,208219.42,1,USD,branchid:11013
e5f1bf5a-4c72-11ea-931b-b88a60e194fb-1,2020-01-26T21:02:36.000Z,crmid:4150930444,e5f1bf5a-4c72-11ea-931b-b88a60e194fb,prd1182,Brokerage Account,Investment,Personal,15277.77,1,USD,branchid:11117
e5f2d0d0-4c72-11ea-aa2f-b88a60e194fb-1,2020-01-08T08:45:34.000Z,crmid:6009460781,e5f2d0d0-4c72-11ea-aa2f-b88a60e194fb,prd1189,Overseas Equity Fund,Investment,Personal,12091.63,1,USD,branchid:11026
e5f40968-4c72-11ea-8d63-b88a60e194fb-1,2020-01-16T09:27:55.000Z,crmid:3933611692,e5f40968-4c72-11ea-8d63-b88a60e194fb,prd1008,Traditional IRA,Retirement,Personal,14104.74,1,USD,branchid:11117
e5f51af0-4c72-11ea-83f3-b88a60e194fb-1,2020-01-27T18:46:44.000Z,crmid:7458503278,e5f51af0-4c72-11ea-83f3-b88a60e194fb,prd1112,Fixed Deposit,Investment,Personal,16940.83,1,USD,branchid:11136
e6329aec-4c72-11ea-8df4-b88a60e194fb-1,2020-01-13T05:35:25.000Z,crmid:4386967878,e6329aec-4c72-11ea-8df4-b88a60e194fb,prd1150,Money Market,Investment,Personal,16124.47,1,USD,branchid:11089
e633d218-4c72-11ea-b747-b88a60e194fb-1,2020-01-28T02:11:23.000Z,crmid:5463093641,e633d218-4c72-11ea-b747-b88a60e194fb,prd1030,401k,Retirement,Personal,5063868.45,1,USD,branchid:11044
e634e336-4c72-11ea-af7c-b88a60e194fb-1,2020-01-23T06:07:40.000Z,crmid:5331276470,e634e336-4c72-11ea-af7c-b88a60e194fb,prd1060,Traditional IRA,Retirement,Personal,2629180.1,1,USD,branchid:11104
e635f43e-4c72-11ea-9540-b88a60e194fb-1,2020-01-31T00:00:34.000Z,crmid:6620532157,e635f43e-4c72-11ea-9540-b88a60e194fb,prd1083,Pension Account,Retirement,Personal,13644.81,1,USD,branchid:11148
e637062e-4c72-11ea-95c5-b88a60e194fb-1,2020-01-25T20:20:45.000Z,crmid:7890128225,e637062e-4c72-11ea-95c5-b88a60e194fb,prd1172,Employee Stock Purchase Plans,Investment,Personal,11739.93,1,USD,branchid:11004
e6383eae-4c72-11ea-a143-b88a60e194fb-1,2020-01-14T07:30:53.000Z,crmid:3016784058,e6383eae-4c72-11ea-a143-b88a60e194fb,prd1101,Mortgage: 5/1 ARM,Mortgage,Personal,14580.02,1,USD,branchid:11128
e639016e-4c72-11ea-9b30-b88a60e194fb-1,2020-01-11T05:55:18.000Z,crmid:2109428631,e639016e-4c72-11ea-9b30-b88a60e194fb,prd1110,Traditional IRA,Retirement,Personal,3205717.23,1,USD,branchid:11090
e675bdba-4c72-11ea-813f-b88a60e194fb-1,2020-01-22T11:06:00.000Z,crmid:7198298472,e675bdba-4c72-11ea-813f-b88a60e194fb,prd1083,Pension Account,Retirement,Personal,14387.59,1,USD,branchid:11052
e676a6ca-4c72-11ea-bee0-b88a60e194fb-1,2020-01-19T18:18:34.000Z,crmid:2302113434,e676a6ca-4c72-11ea-bee0-b88a60e194fb,prd1073,Business Brokerage Account,Investment,Business,9838.17,1,USD,branchid:11045
e677b846-4c72-11ea-88eb-b88a60e194fb-1,2020-01-01T12:45:00.000Z,crmid:1056872319,e677b846-4c72-11ea-88eb-b88a60e194fb,prd1124,CDs: 5 year,Investment,Personal,211053.49,1,USD,branchid:11054
e678a394-4c72-11ea-ad70-b88a60e194fb-1,2020-01-20T15:24:50.000Z,crmid:4582328347,e678a394-4c72-11ea-ad70-b88a60e194fb,prd1068,Mortgage: 7/1 ARM,Mortgage,Personal,132898.91,1,USD,branchid:11044
e6796698-4c72-11ea-836d-b88a60e194fb-1,2020-01-01T18:49:35.000Z,crmid:3406506507,e6796698-4c72-11ea-836d-b88a60e194fb,prd1150,Money Market,Investment,Personal,11534.56,1,USD,branchid:11148
e67a9f4c-4c72-11ea-8b31-b88a60e194fb-1,2020-01-02T16:33:38.000Z,crmid:3299255205,e67a9f4c-4c72-11ea-8b31-b88a60e194fb,prd1025,Brokerage Account,Investment,Personal,244306.26,1,USD,branchid:11075
e67b88d4-4c72-11ea-bd5a-b88a60e194fb-1,2020-01-10T01:08:12.000Z,crmid:3322150813,e67b88d4-4c72-11ea-bd5a-b88a60e194fb,prd1078,Mortgage: 7/1 ARM,Mortgage,Personal,15982.78,1,USD,branchid:11021
e6b70afa-4c72-11ea-be20-b88a60e194fb-1,2020-01-29T13:39:53.000Z,crmid:6928083595,e6b70afa-4c72-11ea-be20-b88a60e194fb,prd1153,CDs: 1 year,Investment,Personal,13441.25,1,USD,branchid:11082
e6b7ce4a-4c72-11ea-a2fe-b88a60e194fb-1,2020-01-23T07:56:49.000Z,crmid:4785824724,e6b7ce4a-4c72-11ea-a2fe-b88a60e194fb,prd1025,Brokerage Account,Investment,Personal,201842.49,1,USD,branchid:11107
e6b89300-4c72-11ea-b146-b88a60e194fb-1,2020-01-26T17:38:15.000Z,crmid:6316544599,e6b89300-4c72-11ea-b146-b88a60e194fb,prd1024,Mortgage: FHA,Mortgage,Personal,13848.62,1,USD,branchid:11070
e6b9a302-4c72-11ea-b44b-b88a60e194fb-1,2020-01-16T03:10:55.000Z,crmid:2178046712,e6b9a302-4c72-11ea-b44b-b88a60e194fb,prd1154,Mortgage: 30-yr Fixed,Mortgage,Personal,173536.43,1,USD,branchid:11082
e6ba676e-4c72-11ea-87c3-b88a60e194fb-1,2020-01-27T01:17:55.000Z,crmid:7785384963,e6ba676e-4c72-11ea-87c3-b88a60e194fb,prd1014,CDs: 3 month,Investment,Personal,210922.98,1,USD,branchid:11016
e6bb2a9e-4c72-11ea-9bb5-b88a60e194fb-1,2020-01-21T21:42:21.000Z,crmid:2255515840,e6bb2a9e-4c72-11ea-9bb5-b88a60e194fb,prd1033,Fixed Deposit,Investment,Personal,199413.47,1,USD,branchid:11071
e6bbeda8-4c72-11ea-a319-b88a60e194fb-1,2020-01-21T10:44:36.000Z,crmid:1899181076,e6bbeda8-4c72-11ea-a319-b88a60e194fb,prd1045,Mortgage: 10/1 ARM,Mortgage,Personal,3714122.88,1,USD,branchid:11102
e6f9e180-4c72-11ea-af2d-b88a60e194fb-1,2020-01-09T21:51:19.000Z,crmid:8507715393,e6f9e180-4c72-11ea-af2d-b88a60e194fb,prd1042,Roth IRA,Retirement,Personal,15281.94,1,USD,branchid:11001
e6faa4f4-4c72-11ea-8f80-b88a60e194fb-1,2020-01-20T01:53:35.000Z,crmid:8421374120,e6faa4f4-4c72-11ea-8f80-b88a60e194fb,prd1183,Fixed Deposit,Investment,Personal,15674.9,1,USD,branchid:11054
e6fb8e24-4c72-11ea-98d6-b88a60e194fb-1,2020-01-27T20:17:37.000Z,crmid:2167208341,e6fb8e24-4c72-11ea-98d6-b88a60e194fb,prd1028,CDs: 1 year,Investment,Personal,2691684.37,1,USD,branchid:11117
e6fc52ba-4c72-11ea-acbc-b88a60e194fb-1,2020-01-05T02:15:31.000Z,crmid:1002387514,e6fc52ba-4c72-11ea-acbc-b88a60e194fb,prd1175,401k,Retirement,Personal,14129.83,1,USD,branchid:11108
e6fd15e2-4c72-11ea-b4c8-b88a60e194fb-1,2020-01-12T04:27:42.000Z,crmid:3497188080,e6fd15e2-4c72-11ea-b4c8-b88a60e194fb,prd1115,Mortgage: VA,Mortgage,Personal,17294.62,1,USD,branchid:11132
e6fdd88c-4c72-11ea-9977-b88a60e194fb-1,2020-01-09T14:14:21.000Z,crmid:1888515899,e6fdd88c-4c72-11ea-9977-b88a60e194fb,prd1150,Money Market,Investment,Personal,211116.67,1,USD,branchid:11018
e6feea18-4c72-11ea-af8f-b88a60e194fb-1,2020-01-14T01:12:45.000Z,crmid:3804745948,e6feea18-4c72-11ea-af8f-b88a60e194fb,prd1013,Mortgage: FHA,Mortgage,Personal,218563.23,1,USD,branchid:11086
e73589b4-4c72-11ea-adca-b88a60e194fb-1,2020-01-03T00:47:08.000Z,crmid:3326796809,e73589b4-4c72-11ea-adca-b88a60e194fb,prd1183,Fixed Deposit,Investment,Personal,11723.32,1,USD,branchid:11141
e7367510-4c72-11ea-8221-b88a60e194fb-1,2020-01-02T00:22:51.000Z,crmid:8390867729,e7367510-4c72-11ea-8221-b88a60e194fb,prd1027,Mortgage: 30-yr Fixed,Mortgage,Personal,13866.6,1,USD,branchid:11134
e7373842-4c72-11ea-9d23-b88a60e194fb-1,2020-01-09T08:50:56.000Z,crmid:2449706994,e7373842-4c72-11ea-9d23-b88a60e194fb,prd1078,Mortgage: 7/1 ARM,Mortgage,Personal,3890998.6,1,USD,branchid:11094
e73822e6-4c72-11ea-8a85-b88a60e194fb-1,2020-01-20T03:54:04.000Z,crmid:2604222711,e73822e6-4c72-11ea-8a85-b88a60e194fb,prd1078,Mortgage: 7/1 ARM,Mortgage,Personal,13915.68,1,USD,branchid:11109
e738e5f0-4c72-11ea-919e-b88a60e194fb-1,2020-01-09T04:21:21.000Z,crmid:2981234383,e738e5f0-4c72-11ea-919e-b88a60e194fb,prd1027,Mortgage: 30-yr Fixed,Mortgage,Personal,9509.03,1,USD,branchid:11005
e739a87a-4c72-11ea-aa04-b88a60e194fb-1,2020-01-15T08:27:07.000Z,crmid:6363402674,e739a87a-4c72-11ea-aa04-b88a60e194fb,prd1032,Home Equity Loan,Mortgage,Personal,17388.91,1,USD,branchid:11040
e73a6b9c-4c72-11ea-9319-b88a60e194fb-1,2020-01-19T21:25:14.000Z,crmid:8605188902,e73a6b9c-4c72-11ea-9319-b88a60e194fb,prd1037,Home Equity Loan,Mortgage,Personal,15991.03,1,USD,branchid:11044
e773a50c-4c72-11ea-bd9d-b88a60e194fb-1,2020-01-23T16:18:57.000Z,crmid:9525858329,e773a50c-4c72-11ea-bd9d-b88a60e194fb,prd1042,Roth IRA,Retirement,Personal,4518991.83,1,USD,branchid:11122
e7746754-4c72-11ea-9984-b88a60e194fb-1,2020-01-02T07:20:48.000Z,crmid:2387887572,e7746754-4c72-11ea-9984-b88a60e194fb,prd1028,CDs: 1 year,Investment,Personal,18989.97,1,USD,branchid:11011
e7759ffa-4c72-11ea-ae43-b88a60e194fb-1,2020-01-17T12:20:54.000Z,crmid:7742264747,e7759ffa-4c72-11ea-ae43-b88a60e194fb,prd1165,Roth IRA,Retirement,Personal,5802614.47,1,USD,branchid:11094
e77662fa-4c72-11ea-9c93-b88a60e194fb-1,2020-01-27T14:45:43.000Z,crmid:9727750519,e77662fa-4c72-11ea-9c93-b88a60e194fb,prd1165,Roth IRA,Retirement,Personal,15059.03,1,USD,branchid:11080
e776ff42-4c72-11ea-a0b8-b88a60e194fb-1,2020-01-26T23:14:37.000Z,crmid:7081498187,e776ff42-4c72-11ea-a0b8-b88a60e194fb,prd1025,Brokerage Account,Investment,Personal,11911.44,1,USD,branchid:11110
e7783846-4c72-11ea-9f5b-b88a60e194fb-1,2020-01-07T14:45:53.000Z,crmid:1021545776,e7783846-4c72-11ea-9f5b-b88a60e194fb,prd1046,Mortgage: VA,Mortgage,Personal,138195.64,1,USD,branchid:11052
e778fc5a-4c72-11ea-84cd-b88a60e194fb-1,2020-01-04T11:46:49.000Z,crmid:4473800043,e778fc5a-4c72-11ea-84cd-b88a60e194fb,prd1129,Mortgage: 10/1 ARM,Mortgage,Personal,17255.31,1,USD,branchid:11115
e7bae5f0-4c72-11ea-b8a9-b88a60e194fb-1,2020-01-04T18:22:37.000Z,crmid:7114663638,e7bae5f0-4c72-11ea-b8a9-b88a60e194fb,prd1124,CDs: 5 year,Investment,Personal,12906.42,1,USD,branchid:11077
e7bbd086-4c72-11ea-95b4-b88a60e194fb-1,2020-01-18T18:53:46.000Z,crmid:4679885688,e7bbd086-4c72-11ea-95b4-b88a60e194fb,prd1129,Mortgage: 10/1 ARM,Mortgage,Personal,280306.25,1,USD,branchid:11130
e7bcbb1e-4c72-11ea-8604-b88a60e194fb-1,2020-01-19T15:56:26.000Z,crmid:7992955674,e7bcbb1e-4c72-11ea-8604-b88a60e194fb,prd1087,Overseas Equity Fund,Investment,Personal,12095.93,1,USD,branchid:11057
e7bda54c-4c72-11ea-91e8-b88a60e194fb-1,2020-01-29T09:38:08.000Z,crmid:2370730930,e7bda54c-4c72-11ea-91e8-b88a60e194fb,prd1117,Brokerage Account,Investment,Personal,9620.1,1,USD,branchid:11106
e7be8fa4-4c72-11ea-bfb4-b88a60e194fb-1,2020-01-16T20:11:40.000Z,crmid:4605765076,e7be8fa4-4c72-11ea-bfb4-b88a60e194fb,prd1041,Mortgage: 7/1 ARM,Mortgage,Personal,12580.5,1,USD,branchid:11112
e7bfa270-4c72-11ea-9fac-b88a60e194fb-1,2020-01-14T20:17:15.000Z,crmid:1280710144,e7bfa270-4c72-11ea-9fac-b88a60e194fb,prd1151,Mortgage: 10 yr Fixed,Mortgage,Personal,12522.18,1,USD,branchid:11069
e7c03ea4-4c72-11ea-a34e-b88a60e194fb-1,2020-01-13T01:28:14.000Z,crmid:5673970886,e7c03ea4-4c72-11ea-a34e-b88a60e194fb,prd1049,Business Brokerage Account,Investment,Business,20301.44,1,USD,branchid:11141
e7f83d40-4c72-11ea-aaeb-b88a60e194fb-1,2020-01-01T04:50:00.000Z,crmid:2123580141,e7f83d40-4c72-11ea-aaeb-b88a60e194fb,prd1068,Mortgage: 7/1 ARM,Mortgage,Personal,13701.17,1,USD,branchid:11022
e7f92966-4c72-11ea-9a36-b88a60e194fb-1,2020-01-07T07:12:27.000Z,crmid:2884827644,e7f92966-4c72-11ea-9a36-b88a60e194fb,prd1034,Home Equity Loan,Mortgage,Personal,14561.31,1,USD,branchid:11138
e7f9ec1e-4c72-11ea-869f-b88a60e194fb-1,2020-01-06T18:28:44.000Z,crmid:4960592672,e7f9ec1e-4c72-11ea-869f-b88a60e194fb,prd1021,CDs: 5 year,Investment,Personal,5099866.06,1,USD,branchid:11074
e7faae22-4c72-11ea-92de-b88a60e194fb-1,2020-01-27T16:38:05.000Z,crmid:7877888180,e7faae22-4c72-11ea-92de-b88a60e194fb,prd1014,CDs: 3 month,Investment,Personal,15992.23,1,USD,branchid:11098
e7fb71c6-4c72-11ea-ae0a-b88a60e194fb-1,2020-01-07T20:57:59.000Z,crmid:2184536903,e7fb71c6-4c72-11ea-ae0a-b88a60e194fb,prd1151,Mortgage: 10 yr Fixed,Mortgage,Personal,170005.76,1,USD,branchid:11085
e7fc5ba8-4c72-11ea-91a7-b88a60e194fb-1,2020-01-31T04:35:26.000Z,crmid:5099373794,e7fc5ba8-4c72-11ea-91a7-b88a60e194fb,prd1183,Fixed Deposit,Investment,Personal,9071.51,1,USD,branchid:11150
e7fdbb42-4c72-11ea-ad84-b88a60e194fb-1,2020-01-18T16:14:26.000Z,crmid:6082393474,e7fdbb42-4c72-11ea-ad84-b88a60e194fb,prd1061,Mortgage: 5/1 ARM,Mortgage,Personal,153353.45,1,USD,branchid:11090
e8340e18-4c72-11ea-a03a-b88a60e194fb-1,2020-01-25T01:42:57.000Z,crmid:5688771527,e8340e18-4c72-11ea-a03a-b88a60e194fb,prd1097,Employee Stock Purchase Plans,Investment,Personal,14798.08,1,USD,branchid:11083
e834f94a-4c72-11ea-a2f9-b88a60e194fb-1,2020-01-13T22:48:13.000Z,crmid:5173148311,e834f94a-4c72-11ea-a2f9-b88a60e194fb,prd1053,Mortgage: VA,Mortgage,Personal,17098.18,1,USD,branchid:11078
e835e250-4c72-11ea-98c9-b88a60e194fb-1,2020-01-01T14:01:32.000Z,crmid:3498428780,e835e250-4c72-11ea-98c9-b88a60e194fb,prd1175,401k,Retirement,Personal,181692.48,1,USD,branchid:11020
e836cc9e-4c72-11ea-a4b4-b88a60e194fb-1,2020-01-03T11:05:57.000Z,crmid:3405024053,e836cc9e-4c72-11ea-a4b4-b88a60e194fb,prd1068,Mortgage: 7/1 ARM,Mortgage,Personal,2537861.44,1,USD,branchid:11004
e83790d2-4c72-11ea-8bb1-b88a60e194fb-1,2020-01-31T14:27:31.000Z,crmid:9172980605,e83790d2-4c72-11ea-8bb1-b88a60e194fb,prd1148,Mortgage: 10/1 ARM,Mortgage,Personal,280701.8,1,USD,branchid:11133
e8385342-4c72-11ea-8483-b88a60e194fb-1,2020-01-06T21:11:01.000Z,crmid:7122005371,e8385342-4c72-11ea-8483-b88a60e194fb,prd1068,Mortgage: 7/1 ARM,Mortgage,Personal,174988.54,1,USD,branchid:11142
e8393d86-4c72-11ea-96a7-b88a60e194fb-1,2020-01-27T09:45:09.000Z,crmid:5175792128,e8393d86-4c72-11ea-96a7-b88a60e194fb,prd1123,Mortgage: 10 yr Fixed,Mortgage,Personal,16585.97,1,USD,branchid:11094
e87312ae-4c72-11ea-9420-b88a60e194fb-1,2020-01-01T17:28:18.000Z,crmid:8011114662,e87312ae-4c72-11ea-9420-b88a60e194fb,prd1061,Mortgage: 5/1 ARM,Mortgage,Personal,167681.21,1,USD,branchid:11009
e873d588-4c72-11ea-bd55-b88a60e194fb-1,2020-01-07T23:19:10.000Z,crmid:6714850105,e873d588-4c72-11ea-bd55-b88a60e194fb,prd1111,Pension Account,Retirement,Personal,190366.76,1,USD,branchid:11082
e874bfca-4c72-11ea-a53f-b88a60e194fb-1,2020-01-15T10:52:15.000Z,crmid:9484080896,e874bfca-4c72-11ea-a53f-b88a60e194fb,prd1189,Overseas Equity Fund,Investment,Personal,14951.27,1,USD,branchid:11014
e8758322-4c72-11ea-948d-b88a60e194fb-1,2020-01-16T10:52:45.000Z,crmid:7209010504,e8758322-4c72-11ea-948d-b88a60e194fb,prd1047,Mortgage: 10 yr Fixed,Mortgage,Personal,18622.59,1,USD,branchid:11030
e8766d76-4c72-11ea-8584-b88a60e194fb-1,2020-01-12T01:54:55.000Z,crmid:7493975346,e8766d76-4c72-11ea-8584-b88a60e194fb,prd1112,Fixed Deposit,Investment,Personal,17038.31,1,USD,branchid:11043
e87730d2-4c72-11ea-a34d-b88a60e194fb-1,2020-01-28T05:19:48.000Z,crmid:4170650890,e87730d2-4c72-11ea-a34d-b88a60e194fb,prd1064,CDs: 3 month,Investment,Personal,11796.46,1,USD,branchid:11081
e877f422-4c72-11ea-81cf-b88a60e194fb-1,2020-01-16T14:01:57.000Z,crmid:3927664538,e877f422-4c72-11ea-81cf-b88a60e194fb,prd1110,Traditional IRA,Retirement,Personal,3833057.33,1,USD,branchid:11111
e8b59986-4c72-11ea-bed5-b88a60e194fb-1,2020-01-10T23:21:10.000Z,crmid:1354835474,e8b59986-4c72-11ea-bed5-b88a60e194fb,prd1061,Mortgage: 5/1 ARM,Mortgage,Personal,14544.31,1,USD,branchid:11139
e8b683d8-4c72-11ea-9f6a-b88a60e194fb-1,2020-01-23T04:55:41.000Z,crmid:6115252679,e8b683d8-4c72-11ea-9f6a-b88a60e194fb,prd1114,CDs: 3 month,Investment,Personal,14689.66,1,USD,branchid:11067
e8b79548-4c72-11ea-9000-b88a60e194fb-1,2020-01-31T09:13:48.000Z,crmid:1244622487,e8b79548-4c72-11ea-9000-b88a60e194fb,prd1088,CDs: 1 year,Investment,Personal,10483.92,1,USD,branchid:11063
e8b85898-4c72-11ea-8021-b88a60e194fb-1,2020-01-16T00:58:54.000Z,crmid:8205933230,e8b85898-4c72-11ea-8021-b88a60e194fb,prd1150,Money Market,Investment,Personal,15579.53,1,USD,branchid:11113
e8b94310-4c72-11ea-bc44-b88a60e194fb-1,2020-01-18T12:45:45.000Z,crmid:6569627431,e8b94310-4c72-11ea-bc44-b88a60e194fb,prd1123,Mortgage: 10 yr Fixed,Mortgage,Personal,4209378.61,1,USD,branchid:11130
e8ba0650-4c72-11ea-a582-b88a60e194fb-1,2020-01-10T07:56:22.000Z,crmid:2103230096,e8ba0650-4c72-11ea-a582-b88a60e194fb,prd1013,Mortgage: FHA,Mortgage,Personal,143994.22,1,USD,branchid:11091
e8bac988-4c72-11ea-a97d-b88a60e194fb-1,2020-01-19T22:57:16.000Z,crmid:1566040678,e8bac988-4c72-11ea-a97d-b88a60e194fb,prd1185,Mortgage: FHA,Mortgage,Personal,15074.64,1,USD,branchid:11012
e8f27b4c-4c72-11ea-88f6-b88a60e194fb-1,2020-01-03T16:51:53.000Z,crmid:3987583185,e8f27b4c-4c72-11ea-88f6-b88a60e194fb,prd1181,Mortgage: 5/1 ARM,Mortgage,Personal,11008.37,1,USD,branchid:11041
e8f33eb6-4c72-11ea-b940-b88a60e194fb-1,2020-01-24T17:15:12.000Z,crmid:1912328987,e8f33eb6-4c72-11ea-b940-b88a60e194fb,prd1025,Brokerage Account,Investment,Personal,11726.91,1,USD,branchid:11010
e8f40326-4c72-11ea-a491-b88a60e194fb-1,2020-01-20T15:32:44.000Z,crmid:2395128024,e8f40326-4c72-11ea-a491-b88a60e194fb,prd1175,401k,Retirement,Personal,17672.44,1,USD,branchid:11101
e8f4c67a-4c72-11ea-9ad6-b88a60e194fb-1,2020-01-19T17:41:08.000Z,crmid:4285387870,e8f4c67a-4c72-11ea-9ad6-b88a60e194fb,prd1027,Mortgage: 30-yr Fixed,Mortgage,Personal,14405.3,1,USD,branchid:11081
e8f5d752-4c72-11ea-a980-b88a60e194fb-1,2020-01-24T09:35:43.000Z,crmid:6727062763,e8f5d752-4c72-11ea-a980-b88a60e194fb,prd1159,CDs: 3 month,Investment,Personal,217241.12,1,USD,branchid:11121
e8f6c10a-4c72-11ea-ae7e-b88a60e194fb-1,2020-01-05T10:55:45.000Z,crmid:6485250828,e8f6c10a-4c72-11ea-ae7e-b88a60e194fb,prd1183,Fixed Deposit,Investment,Personal,13914.64,1,USD,branchid:11061
e8f7ab8a-4c72-11ea-8cd8-b88a60e194fb-1,2020-01-31T08:48:42.000Z,crmid:5171333830,e8f7ab8a-4c72-11ea-8cd8-b88a60e194fb,prd1185,Mortgage: FHA,Mortgage,Personal,21655.98,1,USD,branchid:11139
e9318000-4c72-11ea-a58e-b88a60e194fb-1,2020-01-03T14:37:55.000Z,crmid:2509958226,e9318000-4c72-11ea-a58e-b88a60e194fb,prd1035,Pension Account,Retirement,Personal,15809.55,1,USD,branchid:11122
e93244a2-4c72-11ea-bc2b-b88a60e194fb-1,2020-01-20T00:32:00.000Z,crmid:8238183616,e93244a2-4c72-11ea-bc2b-b88a60e194fb,prd1046,Mortgage: VA,Mortgage,Personal,18084.29,1,USD,branchid:11039
e9332e18-4c72-11ea-88d2-b88a60e194fb-1,2020-01-31T19:34:58.000Z,crmid:6167037127,e9332e18-4c72-11ea-88d2-b88a60e194fb,prd1123,Mortgage: 10 yr Fixed,Mortgage,Personal,14627.72,1,USD,branchid:11011
e933f0e4-4c72-11ea-ae1c-b88a60e194fb-1,2020-01-30T15:29:27.000Z,crmid:9892961760,e933f0e4-4c72-11ea-ae1c-b88a60e194fb,prd1047,Mortgage: 10 yr Fixed,Mortgage,Personal,16208.47,1,USD,branchid:11074
e934db3e-4c72-11ea-8ce4-b88a60e194fb-1,2020-01-16T03:27:06.000Z,crmid:7880309907,e934db3e-4c72-11ea-8ce4-b88a60e194fb,prd1008,Traditional IRA,Retirement,Personal,19189.93,1,USD,branchid:11145
e935ed0a-4c72-11ea-9d61-b88a60e194fb-1,2020-01-21T13:15:21.000Z,crmid:3956353689,e935ed0a-4c72-11ea-9d61-b88a60e194fb,prd1073,Business Brokerage Account,Investment,Business,255690.39,1,USD,branchid:11041
e9374d9a-4c72-11ea-bf70-b88a60e194fb-1,2020-01-30T14:15:52.000Z,crmid:9572163748,e9374d9a-4c72-11ea-bf70-b88a60e194fb,prd1120,Mortgage: 10/1 ARM,Mortgage,Personal,16344.04,1,USD,branchid:11114
e9745562-4c72-11ea-9790-b88a60e194fb-1,2020-01-20T14:38:42.000Z,crmid:4156424237,e9745562-4c72-11ea-9790-b88a60e194fb,prd1117,Brokerage Account,Investment,Personal,263966.49,1,USD,branchid:11085
e9753fba-4c72-11ea-8999-b88a60e194fb-1,2020-01-31T21:16:06.000Z,crmid:9256109848,e9753fba-4c72-11ea-8999-b88a60e194fb,prd1046,Mortgage: VA,Mortgage,Personal,17576.99,1,USD,branchid:11114
e97602f8-4c72-11ea-8ff4-b88a60e194fb-1,2020-01-19T20:35:07.000Z,crmid:6950070627,e97602f8-4c72-11ea-8ff4-b88a60e194fb,prd1179,Business Brokerage Account,Investment,Business,205782.51,1,USD,branchid:11015
e976c658-4c72-11ea-b88e-b88a60e194fb-1,2020-01-09T23:05:43.000Z,crmid:1777996776,e976c658-4c72-11ea-b88e-b88a60e194fb,prd1047,Mortgage: 10 yr Fixed,Mortgage,Personal,14839.17,1,USD,branchid:11108
e977b082-4c72-11ea-b1cc-b88a60e194fb-1,2020-01-02T21:53:06.000Z,crmid:7197881870,e977b082-4c72-11ea-b1cc-b88a60e194fb,prd1159,CDs: 3 month,Investment,Personal,5672918.82,1,USD,branchid:11088
e9789c4a-4c72-11ea-afce-b88a60e194fb-1,2020-01-12T04:13:59.000Z,crmid:7173224238,e9789c4a-4c72-11ea-afce-b88a60e194fb,prd1148,Mortgage: 10/1 ARM,Mortgage,Personal,16670.91,1,USD,branchid:11121
e9795e5c-4c72-11ea-a817-b88a60e194fb-1,2020-01-21T20:41:25.000Z,crmid:2901767359,e9795e5c-4c72-11ea-a817-b88a60e194fb,prd1175,401k,Retirement,Personal,11019.38,1,USD,branchid:11126
e9b57ccc-4c72-11ea-a06e-b88a60e194fb-1,2020-01-09T04:38:06.000Z,crmid:5040843617,e9b57ccc-4c72-11ea-a06e-b88a60e194fb,prd1125,Mortgage: FHA,Mortgage,Personal,254461.71,1,USD,branchid:11076
e9b68e62-4c72-11ea-a687-b88a60e194fb-1,2020-01-07T00:51:24.000Z,crmid:3801618896,e9b68e62-4c72-11ea-a687-b88a60e194fb,prd1151,Mortgage: 10 yr Fixed,Mortgage,Personal,90388.33,1,USD,branchid:11063
e9b77890-4c72-11ea-ae86-b88a60e194fb-1,2020-01-01T19:58:52.000Z,crmid:4113449295,e9b77890-4c72-11ea-ae86-b88a60e194fb,prd1029,401k,Retirement,Personal,155588.78,1,USD,branchid:11109
e9b862f6-4c72-11ea-a553-b88a60e194fb-1,2020-01-02T16:28:53.000Z,crmid:9234852604,e9b862f6-4c72-11ea-a553-b88a60e194fb,prd1176,Overseas Equity Fund,Investment,Personal,4616700.27,1,USD,branchid:11018
e9b9c348-4c72-11ea-855b-b88a60e194fb-1,2020-01-28T22:44:03.000Z,crmid:6815178423,e9b9c348-4c72-11ea-855b-b88a60e194fb,prd1148,Mortgage: 10/1 ARM,Mortgage,Personal,15179.12,1,USD,branchid:11043
e9baad00-4c72-11ea-ae4e-b88a60e194fb-1,2020-01-14T13:12:34.000Z,crmid:2161863729,e9baad00-4c72-11ea-ae4e-b88a60e194fb,prd1173,Money Market,Investment,Personal,14106.37,1,USD,branchid:11057
e9bb973e-4c72-11ea-ae89-b88a60e194fb-1,2020-01-20T11:06:06.000Z,crmid:8057227994,e9bb973e-4c72-11ea-ae89-b88a60e194fb,prd1151,Mortgage: 10 yr Fixed,Mortgage,Personal,180796.53,1,USD,branchid:11069
e9f3e592-4c72-11ea-83ef-b88a60e194fb-1,2020-01-18T02:28:39.000Z,crmid:2640431809,e9f3e592-4c72-11ea-83ef-b88a60e194fb,prd1181,Mortgage: 5/1 ARM,Mortgage,Personal,136704.09,1,USD,branchid:11088
e9f4a8b6-4c72-11ea-871b-b88a60e194fb-1,2020-01-19T23:55:36.000Z,crmid:8015543733,e9f4a8b6-4c72-11ea-871b-b88a60e194fb,prd1088,CDs: 1 year,Investment,Personal,13205.11,1,USD,branchid:11051
e9f59310-4c72-11ea-910f-b88a60e194fb-1,2020-01-11T01:22:03.000Z,crmid:7481689504,e9f59310-4c72-11ea-910f-b88a60e194fb,prd1154,Mortgage: 30-yr Fixed,Mortgage,Personal,12350.2,1,USD,branchid:11013
e9f656f8-4c72-11ea-970c-b88a60e194fb-1,2020-01-01T14:51:09.000Z,crmid:7283287702,e9f656f8-4c72-11ea-970c-b88a60e194fb,prd1087,Overseas Equity Fund,Investment,Personal,8894.86,1,USD,branchid:11106
e9f719ac-4c72-11ea-a56e-b88a60e194fb-1,2020-01-11T11:08:32.000Z,crmid:6652685975,e9f719ac-4c72-11ea-a56e-b88a60e194fb,prd1021,CDs: 5 year,Investment,Personal,12500.24,1,USD,branchid:11114
e9f7dde8-4c72-11ea-b9d4-b88a60e194fb-1,2020-01-25T00:26:21.000Z,crmid:5588861297,e9f7dde8-4c72-11ea-b9d4-b88a60e194fb,prd1174,Traditional IRA,Retirement,Personal,14321.63,1,USD,branchid:11133
e9f8a13a-4c72-11ea-a4c3-b88a60e194fb-1,2020-01-16T10:46:29.000Z,crmid:6649782324,e9f8a13a-4c72-11ea-a4c3-b88a60e194fb,prd1032,Home Equity Loan,Mortgage,Personal,172576.94,1,USD,branchid:11001
ea331136-4c72-11ea-bf64-b88a60e194fb-1,2020-01-25T06:00:21.000Z,crmid:5390337068,ea331136-4c72-11ea-bf64-b88a60e194fb,prd1087,Overseas Equity Fund,Investment,Personal,15526.52,1,USD,branchid:11149
ea33d56c-4c72-11ea-884b-b88a60e194fb-1,2020-01-06T20:51:12.000Z,crmid:8294193914,ea33d56c-4c72-11ea-884b-b88a60e194fb,prd1155,CDs: 5 year,Investment,Personal,18530.42,1,USD,branchid:11074
ea34becc-4c72-11ea-adef-b88a60e194fb-1,2020-01-03T19:55:38.000Z,crmid:5574268349,ea34becc-4c72-11ea-adef-b88a60e194fb,prd1032,Home Equity Loan,Mortgage,Personal,18497.92,1,USD,branchid:11081
ea358246-4c72-11ea-9613-b88a60e194fb-1,2020-01-02T20:22:16.000Z,crmid:1009698214,ea358246-4c72-11ea-9613-b88a60e194fb,prd1174,Traditional IRA,Retirement,Personal,16264.18,1,USD,branchid:11132
ea36454c-4c72-11ea-b66c-b88a60e194fb-1,2020-01-13T18:33:10.000Z,crmid:2748119379,ea36454c-4c72-11ea-b66c-b88a60e194fb,prd1112,Fixed Deposit,Investment,Personal,13579.88,1,USD,branchid:11001
ea372fbe-4c72-11ea-9f5b-b88a60e194fb-1,2020-01-24T12:45:31.000Z,crmid:8388732881,ea372fbe-4c72-11ea-9f5b-b88a60e194fb,prd1046,Mortgage: VA,Mortgage,Personal,275131.71,1,USD,branchid:11118
ea38683a-4c72-11ea-86b5-b88a60e194fb-1,2020-01-20T05:44:34.000Z,crmid:2717093948,ea38683a-4c72-11ea-86b5-b88a60e194fb,prd1073,Business Brokerage Account,Investment,Business,192660.21,1,USD,branchid:11042
ea730038-4c72-11ea-938b-b88a60e194fb-1,2020-01-15T23:20:20.000Z,crmid:5119689710,ea730038-4c72-11ea-938b-b88a60e194fb,prd1026,Mortgage: 5/1 ARM,Mortgage,Personal,252686.04,1,USD,branchid:11003
ea73ece4-4c72-11ea-8e4b-b88a60e194fb-1,2020-01-26T02:03:09.000Z,crmid:3878302885,ea73ece4-4c72-11ea-8e4b-b88a60e194fb,prd1189,Overseas Equity Fund,Investment,Personal,12056.72,1,USD,branchid:11049
ea74d50a-4c72-11ea-b99b-b88a60e194fb-1,2020-01-20T14:18:53.000Z,crmid:7027818429,ea74d50a-4c72-11ea-b99b-b88a60e194fb,prd1088,CDs: 1 year,Investment,Personal,20546.95,1,USD,branchid:11014
ea75bf7a-4c72-11ea-b64b-b88a60e194fb-1,2020-01-13T12:31:24.000Z,crmid:3006661893,ea75bf7a-4c72-11ea-b64b-b88a60e194fb,prd1183,Fixed Deposit,Investment,Personal,19626.94,1,USD,branchid:11129
ea76a9c0-4c72-11ea-bea0-b88a60e194fb-1,2020-01-16T01:29:57.000Z,crmid:3509860333,ea76a9c0-4c72-11ea-bea0-b88a60e194fb,prd1176,Overseas Equity Fund,Investment,Personal,10638.36,1,USD,branchid:11132
ea779598-4c72-11ea-92b1-b88a60e194fb-1,2020-01-30T02:41:52.000Z,crmid:2312397847,ea779598-4c72-11ea-92b1-b88a60e194fb,prd1174,Traditional IRA,Retirement,Personal,4823169.3,1,USD,branchid:11148
ea787e7a-4c72-11ea-8bb9-b88a60e194fb-1,2020-01-11T06:22:20.000Z,crmid:8200461519,ea787e7a-4c72-11ea-8bb9-b88a60e194fb,prd1159,CDs: 3 month,Investment,Personal,16434.14,1,USD,branchid:11027
eab38d26-4c72-11ea-b930-b88a60e194fb-1,2020-01-31T10:23:51.000Z,crmid:4162664059,eab38d26-4c72-11ea-b930-b88a60e194fb,prd1131,Employee Stock Purchase Plans,Investment,Personal,17736.62,1,USD,branchid:11024
eab44ee8-4c72-11ea-81a8-b88a60e194fb-1,2020-01-05T08:40:53.000Z,crmid:4180877847,eab44ee8-4c72-11ea-81a8-b88a60e194fb,prd1062,Mortgage: VA,Mortgage,Personal,163233.72,1,USD,branchid:11114
eab5125c-4c72-11ea-aa94-b88a60e194fb-1,2020-01-13T12:06:04.000Z,crmid:3153557677,eab5125c-4c72-11ea-aa94-b88a60e194fb,prd1110,Traditional IRA,Retirement,Personal,2944916.33,1,USD,branchid:11078
eab5d670-4c72-11ea-9b1d-b88a60e194fb-1,2020-01-08T05:36:46.000Z,crmid:5344714216,eab5d670-4c72-11ea-9b1d-b88a60e194fb,prd1025,Brokerage Account,Investment,Personal,4388570.15,1,USD,branchid:11019
eab698dc-4c72-11ea-ae46-b88a60e194fb-1,2020-01-14T18:29:08.000Z,crmid:4173685881,eab698dc-4c72-11ea-ae46-b88a60e194fb,prd1056,CDs: 5 year,Investment,Personal,123136.1,1,USD,branchid:11022
eab75c2c-4c72-11ea-a5d0-b88a60e194fb-1,2020-01-04T06:20:53.000Z,crmid:6780579432,eab75c2c-4c72-11ea-a5d0-b88a60e194fb,prd1175,401k,Retirement,Personal,13355.29,1,USD,branchid:11076
eab86da8-4c72-11ea-99fc-b88a60e194fb-1,2020-01-10T20:10:36.000Z,crmid:3817646932,eab86da8-4c72-11ea-99fc-b88a60e194fb,prd1025,Brokerage Account,Investment,Personal,264890.58,1,USD,branchid:11100
eaf54f8a-4c72-11ea-8a1a-b88a60e194fb-1,2020-01-22T12:33:38.000Z,crmid:7033675756,eaf54f8a-4c72-11ea-8a1a-b88a60e194fb,prd1068,Mortgage: 7/1 ARM,Mortgage,Personal,184395.36,1,USD,branchid:11129
eaf639dc-4c72-11ea-8da6-b88a60e194fb-1,2020-01-16T23:33:31.000Z,crmid:7669244336,eaf639dc-4c72-11ea-8da6-b88a60e194fb,prd1115,Mortgage: VA,Mortgage,Personal,16050.75,1,USD,branchid:11039
eaf6fe80-4c72-11ea-a0f5-b88a60e194fb-1,2020-01-03T04:25:08.000Z,crmid:2468483583,eaf6fe80-4c72-11ea-a0f5-b88a60e194fb,prd1157,Brokerage Account,Investment,Personal,4544874.05,1,USD,branchid:11080
eaf7e878-4c72-11ea-9f17-b88a60e194fb-1,2020-01-13T06:13:07.000Z,crmid:1976225909,eaf7e878-4c72-11ea-9f17-b88a60e194fb,prd1025,Brokerage Account,Investment,Personal,3705875.52,1,USD,branchid:11070
eaf8f9b8-4c72-11ea-99ee-b88a60e194fb-1,2020-01-26T10:17:51.000Z,crmid:3035559013,eaf8f9b8-4c72-11ea-99ee-b88a60e194fb,prd1030,401k,Retirement,Personal,191305.57,1,USD,branchid:11051
eafa0ae4-4c72-11ea-9665-b88a60e194fb-1,2020-01-28T06:55:17.000Z,crmid:6258937737,eafa0ae4-4c72-11ea-9665-b88a60e194fb,prd1131,Employee Stock Purchase Plans,Investment,Personal,4904817.84,1,USD,branchid:11119
eafacf7e-4c72-11ea-87fb-b88a60e194fb-1,2020-01-31T00:07:47.000Z,crmid:8483614896,eafacf7e-4c72-11ea-87fb-b88a60e194fb,prd1064,CDs: 3 month,Investment,Personal,143025.86,1,USD,branchid:11097
eb3762ca-4c72-11ea-9b1e-b88a60e194fb-1,2020-01-03T00:33:29.000Z,crmid:2382361414,eb3762ca-4c72-11ea-9b1e-b88a60e194fb,prd1068,Mortgage: 7/1 ARM,Mortgage,Personal,12449.43,1,USD,branchid:11016
eb3824f0-4c72-11ea-ad6b-b88a60e194fb-1,2020-01-09T11:38:11.000Z,crmid:8502514572,eb3824f0-4c72-11ea-ad6b-b88a60e194fb,prd1153,CDs: 1 year,Investment,Personal,210525.2,1,USD,branchid:11083
eb390f12-4c72-11ea-aa8f-b88a60e194fb-1,2020-01-29T10:33:27.000Z,crmid:8969702846,eb390f12-4c72-11ea-aa8f-b88a60e194fb,prd1008,Traditional IRA,Retirement,Personal,185472.86,1,USD,branchid:11032
eb39d3ac-4c72-11ea-9cae-b88a60e194fb-1,2020-01-18T20:05:51.000Z,crmid:6124892601,eb39d3ac-4c72-11ea-9cae-b88a60e194fb,prd1026,Mortgage: 5/1 ARM,Mortgage,Personal,19089.75,1,USD,branchid:11148
eb3abdc8-4c72-11ea-bcf0-b88a60e194fb-1,2020-01-16T04:26:47.000Z,crmid:4776495772,eb3abdc8-4c72-11ea-bcf0-b88a60e194fb,prd1175,401k,Retirement,Personal,9772.35,1,USD,branchid:11015
eb3b8108-4c72-11ea-af1b-b88a60e194fb-1,2020-01-23T03:50:41.000Z,crmid:6701080942,eb3b8108-4c72-11ea-af1b-b88a60e194fb,prd1087,Overseas Equity Fund,Investment,Personal,21697.08,1,USD,branchid:11128
eb3c4452-4c72-11ea-890b-b88a60e194fb-1,2020-01-25T06:33:18.000Z,crmid:7209010504,eb3c4452-4c72-11ea-890b-b88a60e194fb,prd1045,Mortgage: 10/1 ARM,Mortgage,Personal,287331.24,1,USD,branchid:11060
eb77c58a-4c72-11ea-8e46-b88a60e194fb-1,2020-01-11T18:47:31.000Z,crmid:5368258793,eb77c58a-4c72-11ea-8e46-b88a60e194fb,prd1186,Money Market,Investment,Personal,13330.09,1,USD,branchid:11094
eb797376-4c72-11ea-9979-b88a60e194fb-1,2020-01-06T14:14:53.000Z,crmid:2595929101,eb797376-4c72-11ea-9979-b88a60e194fb,prd1159,CDs: 3 month,Investment,Personal,212508.78,1,USD,branchid:11101
eb7a5d9c-4c72-11ea-a4db-b88a60e194fb-1,2020-01-15T23:31:15.000Z,crmid:3696282535,eb7a5d9c-4c72-11ea-a4db-b88a60e194fb,prd1181,Mortgage: 5/1 ARM,Mortgage,Personal,181898.42,1,USD,branchid:11041
eb7bbd58-4c72-11ea-9364-b88a60e194fb-1,2020-01-09T01:56:26.000Z,crmid:6985539562,eb7bbd58-4c72-11ea-9364-b88a60e194fb,prd1155,CDs: 5 year,Investment,Personal,224873.65,1,USD,branchid:11006
eb7cf5c2-4c72-11ea-83a5-b88a60e194fb-1,2020-01-07T16:41:03.000Z,crmid:2429967486,eb7cf5c2-4c72-11ea-83a5-b88a60e194fb,prd1014,CDs: 3 month,Investment,Personal,110449.78,1,USD,branchid:11135
eb7e073a-4c72-11ea-906a-b88a60e194fb-1,2020-01-22T13:55:16.000Z,crmid:8808550049,eb7e073a-4c72-11ea-906a-b88a60e194fb,prd1097,Employee Stock Purchase Plans,Investment,Personal,3471315.64,1,USD,branchid:11137
eb7eca94-4c72-11ea-90a3-b88a60e194fb-1,2020-01-15T04:35:34.000Z,crmid:5242562295,eb7eca94-4c72-11ea-90a3-b88a60e194fb,prd1029,401k,Retirement,Personal,13353.88,1,USD,branchid:11061
ebb93b74-4c72-11ea-88f8-b88a60e194fb-1,2020-01-13T11:52:02.000Z,crmid:9234852604,ebb93b74-4c72-11ea-88f8-b88a60e194fb,prd1029,401k,Retirement,Personal,267592.43,1,USD,branchid:11053
ebba7400-4c72-11ea-8b2e-b88a60e194fb-1,2020-01-12T18:44:31.000Z,crmid:5770731255,ebba7400-4c72-11ea-8b2e-b88a60e194fb,prd1027,Mortgage: 30-yr Fixed,Mortgage,Personal,11915.96,1,USD,branchid:11106
ebbb5e40-4c72-11ea-8316-b88a60e194fb-1,2020-01-19T15:02:45.000Z,crmid:4737798943,ebbb5e40-4c72-11ea-8316-b88a60e194fb,prd1121,Mortgage: 30-yr Fixed,Mortgage,Personal,22834.34,1,USD,branchid:11089
ebbcbe5a-4c72-11ea-8dfe-b88a60e194fb-1,2020-01-26T17:12:56.000Z,crmid:2640011258,ebbcbe5a-4c72-11ea-8dfe-b88a60e194fb,prd1183,Fixed Deposit,Investment,Personal,13433.8,1,USD,branchid:11085
ebbe1ec0-4c72-11ea-833a-b88a60e194fb-1,2020-01-06T17:50:25.000Z,crmid:8630447456,ebbe1ec0-4c72-11ea-833a-b88a60e194fb,prd1123,Mortgage: 10 yr Fixed,Mortgage,Personal,15653.84,1,USD,branchid:11142
ebbf7d18-4c72-11ea-9e97-b88a60e194fb-1,2020-01-01T09:47:07.000Z,crmid:4545807833,ebbf7d18-4c72-11ea-9e97-b88a60e194fb,prd1114,CDs: 3 month,Investment,Personal,13208.2,1,USD,branchid:11121
ebc0b5a4-4c72-11ea-928e-b88a60e194fb-1,2020-01-26T03:52:14.000Z,crmid:1724574974,ebc0b5a4-4c72-11ea-928e-b88a60e194fb,prd1027,Mortgage: 30-yr Fixed,Mortgage,Personal,191574.05,1,USD,branchid:11000
ebfa14dc-4c72-11ea-be14-b88a60e194fb-1,2020-01-10T07:02:39.000Z,crmid:6260904585,ebfa14dc-4c72-11ea-be14-b88a60e194fb,prd1117,Brokerage Account,Investment,Personal,186139.63,1,USD,branchid:11024
ebfaffe2-4c72-11ea-a4fc-b88a60e194fb-1,2020-01-13T13:02:42.000Z,crmid:1521968576,ebfaffe2-4c72-11ea-a4fc-b88a60e194fb,prd1110,Traditional IRA,Retirement,Personal,16041.26,1,USD,branchid:11033
ebfbc292-4c72-11ea-b011-b88a60e194fb-1,2020-01-30T06:11:42.000Z,crmid:2710490333,ebfbc292-4c72-11ea-b011-b88a60e194fb,prd1186,Money Market,Investment,Personal,255587.78,1,USD,branchid:11025
ebfc8664-4c72-11ea-a979-b88a60e194fb-1,2020-01-13T18:20:13.000Z,crmid:3013409603,ebfc8664-4c72-11ea-a979-b88a60e194fb,prd1049,Business Brokerage Account,Investment,Business,16315.59,1,USD,branchid:11077
ebfd715a-4c72-11ea-9ed5-b88a60e194fb-1,2020-01-10T16:52:21.000Z,crmid:7706646054,ebfd715a-4c72-11ea-9ed5-b88a60e194fb,prd1030,401k,Retirement,Personal,17817.93,1,USD,branchid:11141
ebfe5b6e-4c72-11ea-ad98-b88a60e194fb-1,2020-01-21T01:38:30.000Z,crmid:9562452288,ebfe5b6e-4c72-11ea-ad98-b88a60e194fb,prd1176,Overseas Equity Fund,Investment,Personal,17872.95,1,USD,branchid:11008
ebff1df0-4c72-11ea-b4af-b88a60e194fb-1,2020-01-04T22:46:56.000Z,crmid:7675009052,ebff1df0-4c72-11ea-b4af-b88a60e194fb,prd1047,Mortgage: 10 yr Fixed,Mortgage,Personal,12614.6,1,USD,branchid:11087
ec380988-4c72-11ea-a259-b88a60e194fb-1,2020-01-09T16:01:01.000Z,crmid:3369630210,ec380988-4c72-11ea-a259-b88a60e194fb,prd1110,Traditional IRA,Retirement,Personal,11916.57,1,USD,branchid:11019
ec38ccd2-4c72-11ea-b847-b88a60e194fb-1,2020-01-09T00:43:51.000Z,crmid:6581158691,ec38ccd2-4c72-11ea-b847-b88a60e194fb,prd1021,CDs: 5 year,Investment,Personal,233734.76,1,USD,branchid:11083
ec398ed0-4c72-11ea-9bf5-b88a60e194fb-1,2020-01-29T01:36:00.000Z,crmid:5207195540,ec398ed0-4c72-11ea-9bf5-b88a60e194fb,prd1123,Mortgage: 10 yr Fixed,Mortgage,Personal,15147.77,1,USD,branchid:11113
ec3a792e-4c72-11ea-9320-b88a60e194fb-1,2020-01-29T16:24:35.000Z,crmid:6634158324,ec3a792e-4c72-11ea-9320-b88a60e194fb,prd1181,Mortgage: 5/1 ARM,Mortgage,Personal,9383.91,1,USD,branchid:11080
ec3b3cc6-4c72-11ea-aada-b88a60e194fb-1,2020-01-23T06:39:07.000Z,crmid:9808216814,ec3b3cc6-4c72-11ea-aada-b88a60e194fb,prd1144,Home Equity Loan,Mortgage,Personal,15907.57,1,USD,branchid:11008
ec3bda00-4c72-11ea-9a86-b88a60e194fb-1,2020-01-10T07:06:55.000Z,crmid:8127437927,ec3bda00-4c72-11ea-9a86-b88a60e194fb,prd1174,Traditional IRA,Retirement,Personal,123394.85,1,USD,branchid:11013
ec3ceae4-4c72-11ea-b7b6-b88a60e194fb-1,2020-01-05T04:48:12.000Z,crmid:1645954328,ec3ceae4-4c72-11ea-b7b6-b88a60e194fb,prd1061,Mortgage: 5/1 ARM,Mortgage,Personal,12488.26,1,USD,branchid:11072
ec781e6c-4c72-11ea-b5dc-b88a60e194fb-1,2020-01-26T11:25:46.000Z,crmid:4663099783,ec781e6c-4c72-11ea-b5dc-b88a60e194fb,prd1025,Brokerage Account,Investment,Personal,81939.84,1,USD,branchid:11021
ec78e1cc-4c72-11ea-9424-b88a60e194fb-1,2020-01-28T18:23:39.000Z,crmid:5788633091,ec78e1cc-4c72-11ea-9424-b88a60e194fb,prd1021,CDs: 5 year,Investment,Personal,193830.31,1,USD,branchid:11094
ec79cc18-4c72-11ea-b1e7-b88a60e194fb-1,2020-01-26T20:25:56.000Z,crmid:8715069254,ec79cc18-4c72-11ea-b1e7-b88a60e194fb,prd1047,Mortgage: 10 yr Fixed,Mortgage,Personal,15988.95,1,USD,branchid:11012
ec7a90a6-4c72-11ea-b482-b88a60e194fb-1,2020-01-01T06:35:22.000Z,crmid:9718378801,ec7a90a6-4c72-11ea-b482-b88a60e194fb,prd1047,Mortgage: 10 yr Fixed,Mortgage,Personal,15488.87,1,USD,branchid:11082
ec7b79ac-4c72-11ea-a1a0-b88a60e194fb-1,2020-01-14T03:14:07.000Z,crmid:4532651966,ec7b79ac-4c72-11ea-a1a0-b88a60e194fb,prd1077,Roth IRA,Retirement,Personal,12212.46,1,USD,branchid:11012
ec7c64b0-4c72-11ea-b5f8-b88a60e194fb-1,2020-01-09T20:30:35.000Z,crmid:3512351366,ec7c64b0-4c72-11ea-b5f8-b88a60e194fb,prd1035,Pension Account,Retirement,Personal,4186430.44,1,USD,branchid:11096
ec7d7558-4c72-11ea-aa70-b88a60e194fb-1,2020-01-26T04:22:29.000Z,crmid:1448477313,ec7d7558-4c72-11ea-aa70-b88a60e194fb,prd1027,Mortgage: 30-yr Fixed,Mortgage,Personal,13912.57,1,USD,branchid:11050
ecc6b33e-4c72-11ea-b2fb-b88a60e194fb-1,2020-01-30T03:10:17.000Z,crmid:7967308543,ecc6b33e-4c72-11ea-b2fb-b88a60e194fb,prd1060,Traditional IRA,Retirement,Personal,3241726.99,1,USD,branchid:11116
ecc7ebc0-4c72-11ea-b09e-b88a60e194fb-1,2020-01-05T11:18:50.000Z,crmid:2787412171,ecc7ebc0-4c72-11ea-b09e-b88a60e194fb,prd1131,Employee Stock Purchase Plans,Investment,Personal,246254.08,1,USD,branchid:11079
ecc94b76-4c72-11ea-b7f6-b88a60e194fb-1,2020-01-28T11:06:00.000Z,crmid:2833834044,ecc94b76-4c72-11ea-b7f6-b88a60e194fb,prd1008,Traditional IRA,Retirement,Personal,4064692.64,1,USD,branchid:11104
ecca5cca-4c72-11ea-881d-b88a60e194fb-1,2020-01-10T09:50:44.000Z,crmid:5089274624,ecca5cca-4c72-11ea-881d-b88a60e194fb,prd1157,Brokerage Account,Investment,Personal,15174.91,1,USD,branchid:11079
eccb9552-4c72-11ea-b392-b88a60e194fb-1,2020-01-06T10:23:57.000Z,crmid:3337795355,eccb9552-4c72-11ea-b392-b88a60e194fb,prd1101,Mortgage: 5/1 ARM,Mortgage,Personal,16532.6,1,USD,branchid:11117
eccccdd4-4c72-11ea-9ca6-b88a60e194fb-1,2020-01-08T15:16:57.000Z,crmid:7927994278,eccccdd4-4c72-11ea-9ca6-b88a60e194fb,prd1117,Brokerage Account,Investment,Personal,212259.88,1,USD,branchid:11018
ecce0666-4c72-11ea-8966-b88a60e194fb-1,2020-01-12T08:07:32.000Z,crmid:2461728166,ecce0666-4c72-11ea-8966-b88a60e194fb,prd1077,Roth IRA,Retirement,Personal,213221.91,1,USD,branchid:11063
ed1a5252-4c72-11ea-94cc-b88a60e194fb-1,2020-01-25T06:34:02.000Z,crmid:6859129447,ed1a5252-4c72-11ea-94cc-b88a60e194fb,prd1165,Roth IRA,Retirement,Personal,16287.3,1,USD,branchid:11102
ed1b3bd8-4c72-11ea-a41d-b88a60e194fb-1,2020-01-31T22:25:34.000Z,crmid:5788808422,ed1b3bd8-4c72-11ea-a41d-b88a60e194fb,prd1124,CDs: 5 year,Investment,Personal,155167.34,1,USD,branchid:11070
ed1c9b6c-4c72-11ea-9447-b88a60e194fb-1,2020-01-24T02:57:35.000Z,crmid:5345176066,ed1c9b6c-4c72-11ea-9447-b88a60e194fb,prd1184,Fixed Deposit,Investment,Personal,251431.59,1,USD,branchid:11012
ed1dd3e8-4c72-11ea-b9a6-b88a60e194fb-1,2020-01-14T03:55:25.000Z,crmid:4174432083,ed1dd3e8-4c72-11ea-b9a6-b88a60e194fb,prd1157,Brokerage Account,Investment,Personal,19121.35,1,USD,branchid:11093
ed1f0c6e-4c72-11ea-8583-b88a60e194fb-1,2020-01-14T00:43:01.000Z,crmid:1554066429,ed1f0c6e-4c72-11ea-8583-b88a60e194fb,prd1125,Mortgage: FHA,Mortgage,Personal,18548.97,1,USD,branchid:11125
ed2044de-4c72-11ea-96c9-b88a60e194fb-1,2020-01-10T21:34:44.000Z,crmid:7347800566,ed2044de-4c72-11ea-96c9-b88a60e194fb,prd1077,Roth IRA,Retirement,Personal,211672.82,1,USD,branchid:11058
ed212f3e-4c72-11ea-93c7-b88a60e194fb-1,2020-01-13T17:07:04.000Z,crmid:3422778297,ed212f3e-4c72-11ea-93c7-b88a60e194fb,prd1024,Mortgage: FHA,Mortgage,Personal,19624.93,1,USD,branchid:11123
ed7a249e-4c72-11ea-82ca-b88a60e194fb-1,2020-01-25T13:09:01.000Z,crmid:9147651749,ed7a249e-4c72-11ea-82ca-b88a60e194fb,prd1184,Fixed Deposit,Investment,Personal,216920.7,1,USD,branchid:11125
ed7c208a-4c72-11ea-b0c9-b88a60e194fb-1,2020-01-06T12:07:02.000Z,crmid:8237806594,ed7c208a-4c72-11ea-b0c9-b88a60e194fb,prd1083,Pension Account,Retirement,Personal,12906.44,1,USD,branchid:11082
ed7da710-4c72-11ea-8c4e-b88a60e194fb-1,2020-01-02T05:22:22.000Z,crmid:4532631694,ed7da710-4c72-11ea-8c4e-b88a60e194fb,prd1123,Mortgage: 10 yr Fixed,Mortgage,Personal,17805.9,1,USD,branchid:11077
ed7f2dba-4c72-11ea-95c6-b88a60e194fb-1,2020-01-12T15:17:28.000Z,crmid:6633860942,ed7f2dba-4c72-11ea-95c6-b88a60e194fb,prd1159,CDs: 3 month,Investment,Personal,12534.18,1,USD,branchid:11000
ed80b44a-4c72-11ea-91bc-b88a60e194fb-1,2020-01-31T16:28:16.000Z,crmid:6049725966,ed80b44a-4c72-11ea-91bc-b88a60e194fb,prd1068,Mortgage: 7/1 ARM,Mortgage,Personal,3063718.25,1,USD,branchid:11028
ed828908-4c72-11ea-bd12-b88a60e194fb-1,2020-01-09T17:28:28.000Z,crmid:6784744923,ed828908-4c72-11ea-bd12-b88a60e194fb,prd1144,Home Equity Loan,Mortgage,Personal,17281.76,1,USD,branchid:11048
ed8436c6-4c72-11ea-ae4b-b88a60e194fb-1,2020-01-10T15:05:02.000Z,crmid:5235483697,ed8436c6-4c72-11ea-ae4b-b88a60e194fb,prd1157,Brokerage Account,Investment,Personal,14501.99,1,USD,branchid:11095
edc537ee-4c72-11ea-8d32-b88a60e194fb-1,2020-01-10T07:14:02.000Z,crmid:5673350247,edc537ee-4c72-11ea-8d32-b88a60e194fb,prd1175,401k,Retirement,Personal,16615.47,1,USD,branchid:11072
edc5fc52-4c72-11ea-b0d4-b88a60e194fb-1,2020-01-31T05:35:22.000Z,crmid:3609832138,edc5fc52-4c72-11ea-b0d4-b88a60e194fb,prd1021,CDs: 5 year,Investment,Personal,181727.37,1,USD,branchid:11024
edc6e4f4-4c72-11ea-ae0e-b88a60e194fb-1,2020-01-08T16:34:43.000Z,crmid:1850504738,edc6e4f4-4c72-11ea-ae0e-b88a60e194fb,prd1035,Pension Account,Retirement,Personal,11007.13,1,USD,branchid:11111
edc7a85c-4c72-11ea-8623-b88a60e194fb-1,2020-01-09T23:52:37.000Z,crmid:4666584455,edc7a85c-4c72-11ea-8623-b88a60e194fb,prd1087,Overseas Equity Fund,Investment,Personal,3190886.76,1,USD,branchid:11067
edc8ba06-4c72-11ea-a387-b88a60e194fb-1,2020-01-14T10:01:16.000Z,crmid:9425142614,edc8ba06-4c72-11ea-a387-b88a60e194fb,prd1131,Employee Stock Purchase Plans,Investment,Personal,234018.93,1,USD,branchid:11061
edca1954-4c72-11ea-9a32-b88a60e194fb-1,2020-01-31T08:34:47.000Z,crmid:4434842275,edca1954-4c72-11ea-9a32-b88a60e194fb,prd1184,Fixed Deposit,Investment,Personal,11396.5,1,USD,branchid:11073
edcb03d2-4c72-11ea-a6aa-b88a60e194fb-1,2020-01-21T05:33:55.000Z,crmid:4048772812,edcb03d2-4c72-11ea-a6aa-b88a60e194fb,prd1112,Fixed Deposit,Investment,Personal,14798.15,1,USD,branchid:11053
ee0bb624-4c72-11ea-bba7-b88a60e194fb-1,2020-01-06T12:55:44.000Z,crmid:6740757799,ee0bb624-4c72-11ea-bba7-b88a60e194fb,prd1139,Employee Stock Purchase Plans,Investment,Personal,163612.83,1,USD,branchid:11105
ee0c7980-4c72-11ea-aee2-b88a60e194fb-1,2020-01-16T09:43:27.000Z,crmid:7372888003,ee0c7980-4c72-11ea-aee2-b88a60e194fb,prd1108,401k,Retirement,Personal,142310.07,1,USD,branchid:11014
ee0dd8f4-4c72-11ea-99ec-b88a60e194fb-1,2020-01-10T14:53:10.000Z,crmid:2470792639,ee0dd8f4-4c72-11ea-99ec-b88a60e194fb,prd1088,CDs: 1 year,Investment,Personal,11108.65,1,USD,branchid:11019
ee0f388c-4c72-11ea-afa9-b88a60e194fb-1,2020-01-27T19:16:47.000Z,crmid:9160468415,ee0f388c-4c72-11ea-afa9-b88a60e194fb,prd1181,Mortgage: 5/1 ARM,Mortgage,Personal,16689.91,1,USD,branchid:11125
ee107112-4c72-11ea-b5d6-b88a60e194fb-1,2020-01-28T21:34:54.000Z,crmid:5445680485,ee107112-4c72-11ea-b5d6-b88a60e194fb,prd1172,Employee Stock Purchase Plans,Investment,Personal,17462.87,1,USD,branchid:11075
ee11d092-4c72-11ea-a735-b88a60e194fb-1,2020-01-01T05:44:48.000Z,crmid:7787284017,ee11d092-4c72-11ea-a735-b88a60e194fb,prd1042,Roth IRA,Retirement,Personal,14472.75,1,USD,branchid:11066
ee135728-4c72-11ea-b052-b88a60e194fb-1,2020-01-18T19:06:49.000Z,crmid:4751898632,ee135728-4c72-11ea-b052-b88a60e194fb,prd1045,Mortgage: 10/1 ARM,Mortgage,Personal,184695.56,1,USD,branchid:11085
ee58c48a-4c72-11ea-9395-b88a60e194fb-1,2020-01-11T06:57:09.000Z,crmid:1441553330,ee58c48a-4c72-11ea-9395-b88a60e194fb,prd1176,Overseas Equity Fund,Investment,Personal,13750.1,1,USD,branchid:11070
ee5987ca-4c72-11ea-8554-b88a60e194fb-1,2020-01-05T20:48:27.000Z,crmid:1574856714,ee5987ca-4c72-11ea-8554-b88a60e194fb,prd1123,Mortgage: 10 yr Fixed,Mortgage,Personal,224293.92,1,USD,branchid:11106
ee5a4c22-4c72-11ea-8f41-b88a60e194fb-1,2020-01-31T16:42:59.000Z,crmid:7726205725,ee5a4c22-4c72-11ea-8f41-b88a60e194fb,prd1151,Mortgage: 10 yr Fixed,Mortgage,Personal,15492.24,1,USD,branchid:11054
ee5b0fe8-4c72-11ea-84b1-b88a60e194fb-1,2020-01-18T07:59:05.000Z,crmid:8947104984,ee5b0fe8-4c72-11ea-84b1-b88a60e194fb,prd1176,Overseas Equity Fund,Investment,Personal,12521.48,1,USD,branchid:11048
ee5bd30c-4c72-11ea-b99a-b88a60e194fb-1,2020-01-18T02:10:52.000Z,crmid:3633036794,ee5bd30c-4c72-11ea-b99a-b88a60e194fb,prd1029,401k,Retirement,Personal,227212.65,1,USD,branchid:11089
ee5c951a-4c72-11ea-b45a-b88a60e194fb-1,2020-01-18T04:36:45.000Z,crmid:7060455073,ee5c951a-4c72-11ea-b45a-b88a60e194fb,prd1034,Home Equity Loan,Mortgage,Personal,10258.49,1,USD,branchid:11018
ee5d7f82-4c72-11ea-a237-b88a60e194fb-1,2020-01-09T05:39:29.000Z,crmid:3281007838,ee5d7f82-4c72-11ea-a237-b88a60e194fb,prd1157,Brokerage Account,Investment,Personal,17645.24,1,USD,branchid:11059
ee988cf6-4c72-11ea-ba4e-b88a60e194fb-1,2020-01-19T05:01:34.000Z,crmid:3006031715,ee988cf6-4c72-11ea-ba4e-b88a60e194fb,prd1172,Employee Stock Purchase Plans,Investment,Personal,11392.46,1,USD,branchid:11116
ee9976d2-4c72-11ea-a3a9-b88a60e194fb-1,2020-01-21T18:29:58.000Z,crmid:1333673845,ee9976d2-4c72-11ea-a3a9-b88a60e194fb,prd1114,CDs: 3 month,Investment,Personal,15026.97,1,USD,branchid:11027
ee9a612e-4c72-11ea-8d19-b88a60e194fb-1,2020-01-30T04:44:17.000Z,crmid:4765468828,ee9a612e-4c72-11ea-8d19-b88a60e194fb,prd1049,Business Brokerage Account,Investment,Business,257937.97,1,USD,branchid:11061
ee9b2482-4c72-11ea-99b5-b88a60e194fb-1,2020-01-29T17:38:01.000Z,crmid:6009460781,ee9b2482-4c72-11ea-99b5-b88a60e194fb,prd1181,Mortgage: 5/1 ARM,Mortgage,Personal,228290.17,1,USD,branchid:11065
ee9c0eec-4c72-11ea-8e88-b88a60e194fb-1,2020-01-08T20:24:54.000Z,crmid:9562452288,ee9c0eec-4c72-11ea-8e88-b88a60e194fb,prd1159,CDs: 3 month,Investment,Personal,18625.86,1,USD,branchid:11118
ee9cf942-4c72-11ea-a515-b88a60e194fb-1,2020-01-24T20:29:28.000Z,crmid:9392900010,ee9cf942-4c72-11ea-a515-b88a60e194fb,prd1123,Mortgage: 10 yr Fixed,Mortgage,Personal,10928.7,1,USD,branchid:11122
ee9dbc90-4c72-11ea-ab68-b88a60e194fb-1,2020-01-11T16:16:01.000Z,crmid:5918614716,ee9dbc90-4c72-11ea-ab68-b88a60e194fb,prd1129,Mortgage: 10/1 ARM,Mortgage,Personal,17880.43,1,USD,branchid:11002
eedb61b6-4c72-11ea-b78f-b88a60e194fb-1,2020-01-03T00:08:26.000Z,crmid:4383088077,eedb61b6-4c72-11ea-b78f-b88a60e194fb,prd1129,Mortgage: 10/1 ARM,Mortgage,Personal,14417.47,1,USD,branchid:11142
eedc4c18-4c72-11ea-a3a1-b88a60e194fb-1,2020-01-22T18:25:43.000Z,crmid:4647895530,eedc4c18-4c72-11ea-a3a1-b88a60e194fb,prd1175,401k,Retirement,Personal,10455.69,1,USD,branchid:11091
eedd36b4-4c72-11ea-8a64-b88a60e194fb-1,2020-01-06T22:24:34.000Z,crmid:7063436079,eedd36b4-4c72-11ea-8a64-b88a60e194fb,prd1033,Fixed Deposit,Investment,Personal,4043540.17,1,USD,branchid:11046
eede47dc-4c72-11ea-aec8-b88a60e194fb-1,2020-01-27T00:26:48.000Z,crmid:7325015563,eede47dc-4c72-11ea-aec8-b88a60e194fb,prd1087,Overseas Equity Fund,Investment,Personal,14054.6,1,USD,branchid:11036
eedf325e-4c72-11ea-8d2d-b88a60e194fb-1,2020-01-31T12:09:26.000Z,crmid:4215336372,eedf325e-4c72-11ea-8d2d-b88a60e194fb,prd1062,Mortgage: VA,Mortgage,Personal,245923.28,1,USD,branchid:11059
eedff6ae-4c72-11ea-ab6a-b88a60e194fb-1,2020-01-29T08:54:49.000Z,crmid:1843622989,eedff6ae-4c72-11ea-ab6a-b88a60e194fb,prd1024,Mortgage: FHA,Mortgage,Personal,225198.05,1,USD,branchid:11137
eee10740-4c72-11ea-9785-b88a60e194fb-1,2020-01-18T14:11:04.000Z,crmid:2072337688,eee10740-4c72-11ea-9785-b88a60e194fb,prd1157,Brokerage Account,Investment,Personal,15930.95,1,USD,branchid:11144
ef1e104c-4c72-11ea-a894-b88a60e194fb-1,2020-01-12T01:35:20.000Z,crmid:5740501203,ef1e104c-4c72-11ea-a894-b88a60e194fb,prd1131,Employee Stock Purchase Plans,Investment,Personal,2894953.15,1,USD,branchid:11140
ef1efa80-4c72-11ea-b264-b88a60e194fb-1,2020-01-31T02:03:27.000Z,crmid:8264212412,ef1efa80-4c72-11ea-b264-b88a60e194fb,prd1112,Fixed Deposit,Investment,Personal,4431254.93,1,USD,branchid:11083
ef1fbd8c-4c72-11ea-b61f-b88a60e194fb-1,2020-01-12T23:43:29.000Z,crmid:3206866618,ef1fbd8c-4c72-11ea-b61f-b88a60e194fb,prd1144,Home Equity Loan,Mortgage,Personal,13279.69,1,USD,branchid:11068
ef20f658-4c72-11ea-b833-b88a60e194fb-1,2020-01-12T10:24:23.000Z,crmid:6190493674,ef20f658-4c72-11ea-b833-b88a60e194fb,prd1131,Employee Stock Purchase Plans,Investment,Personal,12518.02,1,USD,branchid:11062
ef222eb8-4c72-11ea-a04f-b88a60e194fb-1,2020-01-06T01:46:56.000Z,crmid:8541383899,ef222eb8-4c72-11ea-a04f-b88a60e194fb,prd1181,Mortgage: 5/1 ARM,Mortgage,Personal,191616.75,1,USD,branchid:11050
ef23190c-4c72-11ea-a5c7-b88a60e194fb-1,2020-01-03T04:27:27.000Z,crmid:3845071200,ef23190c-4c72-11ea-a5c7-b88a60e194fb,prd1097,Employee Stock Purchase Plans,Investment,Personal,14469.6,1,USD,branchid:11066
ef2478c8-4c72-11ea-92e5-b88a60e194fb-1,2020-01-25T11:16:50.000Z,crmid:9197303161,ef2478c8-4c72-11ea-92e5-b88a60e194fb,prd1046,Mortgage: VA,Mortgage,Personal,11187.99,1,USD,branchid:11105
ef6a343e-4c72-11ea-9ad4-b88a60e194fb-1,2020-01-31T15:40:29.000Z,crmid:3406355705,ef6a343e-4c72-11ea-9ad4-b88a60e194fb,prd1008,Traditional IRA,Retirement,Personal,15433.03,1,USD,branchid:11102
ef6b93a6-4c72-11ea-adca-b88a60e194fb-1,2020-01-27T19:11:15.000Z,crmid:3935132168,ef6b93a6-4c72-11ea-adca-b88a60e194fb,prd1061,Mortgage: 5/1 ARM,Mortgage,Personal,10911.34,1,USD,branchid:11114
ef6d4162-4c72-11ea-9cd7-b88a60e194fb-1,2020-01-24T12:16:13.000Z,crmid:5420923889,ef6d4162-4c72-11ea-9cd7-b88a60e194fb,prd1150,Money Market,Investment,Personal,292727.62,1,USD,branchid:11013
ef6ec7e4-4c72-11ea-9646-b88a60e194fb-1,2020-01-20T17:05:54.000Z,crmid:6353703488,ef6ec7e4-4c72-11ea-9646-b88a60e194fb,prd1173,Money Market,Investment,Personal,215168.45,1,USD,branchid:11017
ef700066-4c72-11ea-b084-b88a60e194fb-1,2020-01-12T09:55:52.000Z,crmid:8540727069,ef700066-4c72-11ea-b084-b88a60e194fb,prd1087,Overseas Equity Fund,Investment,Personal,16857.87,1,USD,branchid:11111
ef7138ee-4c72-11ea-8d7f-b88a60e194fb-1,2020-01-14T00:24:04.000Z,crmid:7488202911,ef7138ee-4c72-11ea-8d7f-b88a60e194fb,prd1108,401k,Retirement,Personal,3926153.63,1,USD,branchid:11130
ef72bf9e-4c72-11ea-ab4e-b88a60e194fb-1,2020-01-14T10:21:50.000Z,crmid:1006861846,ef72bf9e-4c72-11ea-ab4e-b88a60e194fb,prd1047,Mortgage: 10 yr Fixed,Mortgage,Personal,14991.96,1,USD,branchid:11114
efbb611e-4c72-11ea-8b9b-b88a60e194fb-1,2020-01-25T08:53:36.000Z,crmid:5587009676,efbb611e-4c72-11ea-8b9b-b88a60e194fb,prd1028,CDs: 1 year,Investment,Personal,314056.14,1,USD,branchid:11099
efbc4ba8-4c72-11ea-a440-b88a60e194fb-1,2020-01-15T08:14:49.000Z,crmid:6570461771,efbc4ba8-4c72-11ea-a440-b88a60e194fb,prd1182,Brokerage Account,Investment,Personal,8901.63,1,USD,branchid:11003
efbd0efe-4c72-11ea-8ffc-b88a60e194fb-1,2020-01-30T08:23:58.000Z,crmid:4260056031,efbd0efe-4c72-11ea-8ffc-b88a60e194fb,prd1026,Mortgage: 5/1 ARM,Mortgage,Personal,17326.47,1,USD,branchid:11005
efbdf98a-4c72-11ea-a27b-b88a60e194fb-1,2020-01-17T07:13:09.000Z,crmid:4105584117,efbdf98a-4c72-11ea-a27b-b88a60e194fb,prd1125,Mortgage: FHA,Mortgage,Personal,15131.2,1,USD,branchid:11099
efbee3d8-4c72-11ea-81e1-b88a60e194fb-1,2020-01-05T08:52:40.000Z,crmid:8668447591,efbee3d8-4c72-11ea-81e1-b88a60e194fb,prd1013,Mortgage: FHA,Mortgage,Personal,229415.93,1,USD,branchid:11038
efbfa706-4c72-11ea-9292-b88a60e194fb-1,2020-01-18T05:58:14.000Z,crmid:3770587554,efbfa706-4c72-11ea-9292-b88a60e194fb,prd1167,Roth IRA,Retirement,Personal,15312.52,1,USD,branchid:11086
efc09174-4c72-11ea-b8df-b88a60e194fb-1,2020-01-12T10:37:32.000Z,crmid:2958619522,efc09174-4c72-11ea-b8df-b88a60e194fb,prd1088,CDs: 1 year,Investment,Personal,14747.75,1,USD,branchid:11021
f004c630-4c72-11ea-aff2-b88a60e194fb-1,2020-01-19T23:32:59.000Z,crmid:3679523083,f004c630-4c72-11ea-aff2-b88a60e194fb,prd1047,Mortgage: 10 yr Fixed,Mortgage,Personal,14705.3,1,USD,branchid:11127
f005b0ae-4c72-11ea-8403-b88a60e194fb-1,2020-01-09T09:55:18.000Z,crmid:2218497733,f005b0ae-4c72-11ea-8403-b88a60e194fb,prd1185,Mortgage: FHA,Mortgage,Personal,169662.12,1,USD,branchid:11070
f0071062-4c72-11ea-8b5d-b88a60e194fb-1,2020-01-26T06:18:29.000Z,crmid:3750070067,f0071062-4c72-11ea-8b5d-b88a60e194fb,prd1173,Money Market,Investment,Personal,177363.44,1,USD,branchid:11124
f007d37e-4c72-11ea-ba25-b88a60e194fb-1,2020-01-01T08:57:52.000Z,crmid:4490905146,f007d37e-4c72-11ea-ba25-b88a60e194fb,prd1139,Employee Stock Purchase Plans,Investment,Personal,14288.68,1,USD,branchid:11076
f0090c18-4c72-11ea-bd41-b88a60e194fb-1,2020-01-28T02:33:00.000Z,crmid:5622287957,f0090c18-4c72-11ea-bd41-b88a60e194fb,prd1144,Home Equity Loan,Mortgage,Personal,192208.18,1,USD,branchid:11012
f009f640-4c72-11ea-ac60-b88a60e194fb-1,2020-01-11T10:26:29.000Z,crmid:2894153914,f009f640-4c72-11ea-ac60-b88a60e194fb,prd1111,Pension Account,Retirement,Personal,165644.61,1,USD,branchid:11098
f00b07ca-4c72-11ea-b62b-b88a60e194fb-1,2020-01-26T17:41:26.000Z,crmid:2101440773,f00b07ca-4c72-11ea-b62b-b88a60e194fb,prd1182,Brokerage Account,Investment,Personal,14475.19,1,USD,branchid:11104
f04fd8c6-4c72-11ea-913b-b88a60e194fb-1,2020-01-27T12:10:23.000Z,crmid:2035831088,f04fd8c6-4c72-11ea-913b-b88a60e194fb,prd1079,Mortgage: 30-yr Fixed,Mortgage,Personal,162381.99,1,USD,branchid:11085
f050ea4c-4c72-11ea-aac6-b88a60e194fb-1,2020-01-11T17:36:42.000Z,crmid:3336879845,f050ea4c-4c72-11ea-aac6-b88a60e194fb,prd1061,Mortgage: 5/1 ARM,Mortgage,Personal,203489.04,1,USD,branchid:11048
f05222cc-4c72-11ea-b691-b88a60e194fb-1,2020-01-04T05:53:38.000Z,crmid:7041697186,f05222cc-4c72-11ea-b691-b88a60e194fb,prd1179,Business Brokerage Account,Investment,Business,4751964.09,1,USD,branchid:11078
f053829c-4c72-11ea-9e14-b88a60e194fb-1,2020-01-28T23:23:13.000Z,crmid:3355360552,f053829c-4c72-11ea-9e14-b88a60e194fb,prd1144,Home Equity Loan,Mortgage,Personal,18423.59,1,USD,branchid:11122
f05493de-4c72-11ea-bec1-b88a60e194fb-1,2020-01-09T05:10:20.000Z,crmid:7291006789,f05493de-4c72-11ea-bec1-b88a60e194fb,prd1028,CDs: 1 year,Investment,Personal,12400.92,1,USD,branchid:11141
f0557e2c-4c72-11ea-8442-b88a60e194fb-1,2020-01-09T06:15:35.000Z,crmid:2304207079,f0557e2c-4c72-11ea-8442-b88a60e194fb,prd1183,Fixed Deposit,Investment,Personal,16013.05,1,USD,branchid:11097
f056b748-4c72-11ea-bfcf-b88a60e194fb-1,2020-01-10T17:09:20.000Z,crmid:7132114464,f056b748-4c72-11ea-bfcf-b88a60e194fb,prd1025,Brokerage Account,Investment,Personal,15818.49,1,USD,branchid:11043
f0967f7a-4c72-11ea-ba13-b88a60e194fb-1,2020-01-25T06:50:01.000Z,crmid:7085803146,f0967f7a-4c72-11ea-ba13-b88a60e194fb,prd1088,CDs: 1 year,Investment,Personal,14555.22,1,USD,branchid:11079
f098a18c-4c72-11ea-8de8-b88a60e194fb-1,2020-01-20T12:52:58.000Z,crmid:9201558004,f098a18c-4c72-11ea-8de8-b88a60e194fb,prd1124,CDs: 5 year,Investment,Personal,7640.44,1,USD,branchid:11084
f09a767a-4c72-11ea-8daf-b88a60e194fb-1,2020-01-02T16:27:57.000Z,crmid:9072274106,f09a767a-4c72-11ea-8daf-b88a60e194fb,prd1114,CDs: 3 month,Investment,Personal,12453.09,1,USD,branchid:11022
f09c2400-4c72-11ea-8b3d-b88a60e194fb-1,2020-01-07T09:51:38.000Z,crmid:4785911463,f09c2400-4c72-11ea-8b3d-b88a60e194fb,prd1049,Business Brokerage Account,Investment,Business,3783841.81,1,USD,branchid:11006
f09dd1b4-4c72-11ea-938d-b88a60e194fb-1,2020-01-07T23:32:10.000Z,crmid:7234988547,f09dd1b4-4c72-11ea-938d-b88a60e194fb,prd1024,Mortgage: FHA,Mortgage,Personal,160839.81,1,USD,branchid:11019
f09ff4fe-4c72-11ea-89ff-b88a60e194fb-1,2020-01-05T02:39:34.000Z,crmid:8833236681,f09ff4fe-4c72-11ea-89ff-b88a60e194fb,prd1077,Roth IRA,Retirement,Personal,19725.54,1,USD,branchid:11149
f0a17b3e-4c72-11ea-aba8-b88a60e194fb-1,2020-01-08T12:20:08.000Z,crmid:3666874605,f0a17b3e-4c72-11ea-aba8-b88a60e194fb,prd1068,Mortgage: 7/1 ARM,Mortgage,Personal,192409.93,1,USD,branchid:11105
f0e49ec6-4c72-11ea-a7d4-b88a60e194fb-1,2020-01-22T19:44:03.000Z,crmid:9936374314,f0e49ec6-4c72-11ea-a7d4-b88a60e194fb,prd1047,Mortgage: 10 yr Fixed,Mortgage,Personal,11688.13,1,USD,branchid:11130
f0e56226-4c72-11ea-a94a-b88a60e194fb-1,2020-01-23T05:21:52.000Z,crmid:4989885670,f0e56226-4c72-11ea-a94a-b88a60e194fb,prd1073,Business Brokerage Account,Investment,Business,14752.06,1,USD,branchid:11081
f0e64e00-4c72-11ea-aa52-b88a60e194fb-1,2020-01-24T05:17:17.000Z,crmid:6251466957,f0e64e00-4c72-11ea-aa52-b88a60e194fb,prd1157,Brokerage Account,Investment,Personal,14539.12,1,USD,branchid:11137
f0e736ba-4c72-11ea-9278-b88a60e194fb-1,2020-01-26T14:49:32.000Z,crmid:5166527085,f0e736ba-4c72-11ea-9278-b88a60e194fb,prd1079,Mortgage: 30-yr Fixed,Mortgage,Personal,8485.87,1,USD,branchid:11100
f0e82210-4c72-11ea-a895-b88a60e194fb-1,2020-01-23T07:39:15.000Z,crmid:4647259664,f0e82210-4c72-11ea-a895-b88a60e194fb,prd1108,401k,Retirement,Personal,215454.64,1,USD,branchid:11077
f0e9333a-4c72-11ea-89d6-b88a60e194fb-1,2020-01-06T18:19:41.000Z,crmid:9024116916,f0e9333a-4c72-11ea-89d6-b88a60e194fb,prd1045,Mortgage: 10/1 ARM,Mortgage,Personal,3253477.82,1,USD,branchid:11111
f0e9f688-4c72-11ea-a405-b88a60e194fb-1,2020-01-05T11:51:57.000Z,crmid:1522399996,f0e9f688-4c72-11ea-a405-b88a60e194fb,prd1176,Overseas Equity Fund,Investment,Personal,204001.06,1,USD,branchid:11035
f143874c-4c72-11ea-b4bf-b88a60e194fb-1,2020-01-11T14:31:45.000Z,crmid:1782594862,f143874c-4c72-11ea-b4bf-b88a60e194fb,prd1181,Mortgage: 5/1 ARM,Mortgage,Personal,3548806.76,1,USD,branchid:11109
f145831a-4c72-11ea-8dd3-b88a60e194fb-1,2020-01-11T11:49:14.000Z,crmid:9264810974,f145831a-4c72-11ea-8dd3-b88a60e194fb,prd1151,Mortgage: 10 yr Fixed,Mortgage,Personal,17434.78,1,USD,branchid:11100
f14709b6-4c72-11ea-9bb5-b88a60e194fb-1,2020-01-02T20:13:46.000Z,crmid:5282573143,f14709b6-4c72-11ea-9bb5-b88a60e194fb,prd1030,401k,Retirement,Personal,15413.85,1,USD,branchid:11035
f1484248-4c72-11ea-8261-b88a60e194fb-1,2020-01-22T16:03:10.000Z,crmid:3461668796,f1484248-4c72-11ea-8261-b88a60e194fb,prd1073,Business Brokerage Account,Investment,Business,19537.38,1,USD,branchid:11112
f149c8cc-4c72-11ea-9009-b88a60e194fb-1,2020-01-31T01:38:25.000Z,crmid:5825937277,f149c8cc-4c72-11ea-9009-b88a60e194fb,prd1120,Mortgage: 10/1 ARM,Mortgage,Personal,239355.83,1,USD,branchid:11023
f14ada3a-4c72-11ea-b6b6-b88a60e194fb-1,2020-01-13T00:54:53.000Z,crmid:3476575927,f14ada3a-4c72-11ea-b6b6-b88a60e194fb,prd1037,Home Equity Loan,Mortgage,Personal,4928401.96,1,USD,branchid:11146
f14c12ca-4c72-11ea-8e49-b88a60e194fb-1,2020-01-24T14:27:57.000Z,crmid:6521574845,f14c12ca-4c72-11ea-8e49-b88a60e194fb,prd1155,CDs: 5 year,Investment,Personal,14070.63,1,USD,branchid:11036
f1950298-4c72-11ea-998d-b88a60e194fb-1,2020-01-31T19:01:56.000Z,crmid:7066312300,f1950298-4c72-11ea-998d-b88a60e194fb,prd1073,Business Brokerage Account,Investment,Business,151359.2,1,USD,branchid:11026
f195c5ee-4c72-11ea-b875-b88a60e194fb-1,2020-01-27T02:53:22.000Z,crmid:2290088792,f195c5ee-4c72-11ea-b875-b88a60e194fb,prd1112,Fixed Deposit,Investment,Personal,13602.38,1,USD,branchid:11148
f1968938-4c72-11ea-a0fe-b88a60e194fb-1,2020-01-10T07:18:54.000Z,crmid:4114838096,f1968938-4c72-11ea-a0fe-b88a60e194fb,prd1045,Mortgage: 10/1 ARM,Mortgage,Personal,17146.05,1,USD,branchid:11114
f1974c80-4c72-11ea-a03c-b88a60e194fb-1,2020-01-01T09:59:19.000Z,crmid:2717308470,f1974c80-4c72-11ea-a03c-b88a60e194fb,prd1101,Mortgage: 5/1 ARM,Mortgage,Personal,18308.99,1,USD,branchid:11131
f1980fdc-4c72-11ea-9eb2-b88a60e194fb-1,2020-01-04T06:02:38.000Z,crmid:4460952223,f1980fdc-4c72-11ea-9eb2-b88a60e194fb,prd1184,Fixed Deposit,Investment,Personal,10574.41,1,USD,branchid:11077
f198d32e-4c72-11ea-9117-b88a60e194fb-1,2020-01-17T04:13:01.000Z,crmid:4920096585,f198d32e-4c72-11ea-9117-b88a60e194fb,prd1042,Roth IRA,Retirement,Personal,234651.87,1,USD,branchid:11118
f1999682-4c72-11ea-95af-b88a60e194fb-1,2020-01-03T07:14:11.000Z,crmid:5059125438,f1999682-4c72-11ea-95af-b88a60e194fb,prd1027,Mortgage: 30-yr Fixed,Mortgage,Personal,14686.63,1,USD,branchid:11137
f1e03c1e-4c72-11ea-ac2a-b88a60e194fb-1,2020-01-10T17:26:12.000Z,crmid:6773262587,f1e03c1e-4c72-11ea-ac2a-b88a60e194fb,prd1041,Mortgage: 7/1 ARM,Mortgage,Personal,13521.51,1,USD,branchid:11019
f1e174a8-4c72-11ea-b0ce-b88a60e194fb-1,2020-01-14T07:39:49.000Z,crmid:2905586394,f1e174a8-4c72-11ea-b0ce-b88a60e194fb,prd1014,CDs: 3 month,Investment,Personal,241410.63,1,USD,branchid:11002
f1e23806-4c72-11ea-8d45-b88a60e194fb-1,2020-01-21T03:45:58.000Z,crmid:6304239271,f1e23806-4c72-11ea-8d45-b88a60e194fb,prd1182,Brokerage Account,Investment,Personal,9693.08,1,USD,branchid:11121
f1e2fb4c-4c72-11ea-bc00-b88a60e194fb-1,2020-01-05T06:15:31.000Z,crmid:7793093319,f1e2fb4c-4c72-11ea-bc00-b88a60e194fb,prd1120,Mortgage: 10/1 ARM,Mortgage,Personal,16637.87,1,USD,branchid:11087
f1e3e5ac-4c72-11ea-bd53-b88a60e194fb-1,2020-01-28T19:35:07.000Z,crmid:7713609931,f1e3e5ac-4c72-11ea-bd53-b88a60e194fb,prd1088,CDs: 1 year,Investment,Personal,18496.26,1,USD,branchid:11063
f1e4a902-4c72-11ea-a87c-b88a60e194fb-1,2020-01-03T16:35:27.000Z,crmid:7153812337,f1e4a902-4c72-11ea-a87c-b88a60e194fb,prd1125,Mortgage: FHA,Mortgage,Personal,16444.84,1,USD,branchid:11063
f1e56c46-4c72-11ea-9a7a-b88a60e194fb-1,2020-01-16T02:02:25.000Z,crmid:9930557538,f1e56c46-4c72-11ea-9a7a-b88a60e194fb,prd1077,Roth IRA,Retirement,Personal,12783.75,1,USD,branchid:11066
f2273036-4c72-11ea-95ce-b88a60e194fb-1,2020-01-12T12:36:36.000Z,crmid:4371570605,f2273036-4c72-11ea-95ce-b88a60e194fb,prd1025,Brokerage Account,Investment,Personal,138727.61,1,USD,branchid:11044
f2284240-4c72-11ea-8bc2-b88a60e194fb-1,2020-01-31T23:28:42.000Z,crmid:5266572940,f2284240-4c72-11ea-8bc2-b88a60e194fb,prd1021,CDs: 5 year,Investment,Personal,262238.4,1,USD,branchid:11086
f229d67e-4c72-11ea-9d60-b88a60e194fb-1,2020-01-13T21:19:38.000Z,crmid:5911144156,f229d67e-4c72-11ea-9d60-b88a60e194fb,prd1030,401k,Retirement,Personal,14882.97,1,USD,branchid:11003
f22b27e8-4c72-11ea-83b0-b88a60e194fb-1,2020-01-21T02:57:06.000Z,crmid:7697129741,f22b27e8-4c72-11ea-83b0-b88a60e194fb,prd1121,Mortgage: 30-yr Fixed,Mortgage,Personal,15295.04,1,USD,branchid:11060
f22c1394-4c72-11ea-b9ec-b88a60e194fb-1,2020-01-12T09:23:38.000Z,crmid:6979887830,f22c1394-4c72-11ea-b9ec-b88a60e194fb,prd1181,Mortgage: 5/1 ARM,Mortgage,Personal,10270.02,1,USD,branchid:11014
f22d23a2-4c72-11ea-b431-b88a60e194fb-1,2020-01-19T20:22:32.000Z,crmid:7891744696,f22d23a2-4c72-11ea-b431-b88a60e194fb,prd1026,Mortgage: 5/1 ARM,Mortgage,Personal,249118.88,1,USD,branchid:11024
f22e0e2e-4c72-11ea-a95e-b88a60e194fb-1,2020-01-02T02:28:16.000Z,crmid:5220313385,f22e0e2e-4c72-11ea-a95e-b88a60e194fb,prd1123,Mortgage: 10 yr Fixed,Mortgage,Personal,152171.3,1,USD,branchid:11057
f275c568-4c72-11ea-88f1-b88a60e194fb-1,2020-01-07T14:13:48.000Z,crmid:6466910996,f275c568-4c72-11ea-88f1-b88a60e194fb,prd1185,Mortgage: FHA,Mortgage,Personal,17377.72,1,USD,branchid:11026
f276d6b0-4c72-11ea-9e48-b88a60e194fb-1,2020-01-11T12:43:35.000Z,crmid:2190151744,f276d6b0-4c72-11ea-9e48-b88a60e194fb,prd1008,Traditional IRA,Retirement,Personal,3284869.56,1,USD,branchid:11070
f2780f30-4c72-11ea-871d-b88a60e194fb-1,2020-01-14T19:51:51.000Z,crmid:6607716108,f2780f30-4c72-11ea-871d-b88a60e194fb,prd1030,401k,Retirement,Personal,149925.85,1,USD,branchid:11091
f27920c6-4c72-11ea-b556-b88a60e194fb-1,2020-01-04T17:11:24.000Z,crmid:9990112630,f27920c6-4c72-11ea-b556-b88a60e194fb,prd1157,Brokerage Account,Investment,Personal,15253.72,1,USD,branchid:11076
f27a32e4-4c72-11ea-aa0b-b88a60e194fb-1,2020-01-02T04:59:22.000Z,crmid:9109291578,f27a32e4-4c72-11ea-aa0b-b88a60e194fb,prd1049,Business Brokerage Account,Investment,Business,13980.18,1,USD,branchid:11091
f27b4374-4c72-11ea-a765-b88a60e194fb-1,2020-01-27T05:16:54.000Z,crmid:5778362037,f27b4374-4c72-11ea-a765-b88a60e194fb,prd1026,Mortgage: 5/1 ARM,Mortgage,Personal,11691.75,1,USD,branchid:11067
f27c54e4-4c72-11ea-8c60-b88a60e194fb-1,2020-01-06T20:49:02.000Z,crmid:8879626199,f27c54e4-4c72-11ea-8c60-b88a60e194fb,prd1115,Mortgage: VA,Mortgage,Personal,15867.85,1,USD,branchid:11047
f2c9636e-4c72-11ea-8d8a-b88a60e194fb-1,2020-01-17T20:26:47.000Z,crmid:1529211905,f2c9636e-4c72-11ea-8d8a-b88a60e194fb,prd1181,Mortgage: 5/1 ARM,Mortgage,Personal,14620.3,1,USD,branchid:11141
f2cb5f6c-4c72-11ea-800b-b88a60e194fb-1,2020-01-01T08:32:26.000Z,crmid:2298741187,f2cb5f6c-4c72-11ea-800b-b88a60e194fb,prd1041,Mortgage: 7/1 ARM,Mortgage,Personal,178201.22,1,USD,branchid:11080
f2cc70a2-4c72-11ea-bbb5-b88a60e194fb-1,2020-01-26T13:57:34.000Z,crmid:7601702072,f2cc70a2-4c72-11ea-bbb5-b88a60e194fb,prd1042,Roth IRA,Retirement,Personal,117425.98,1,USD,branchid:11142
f2cd5b08-4c72-11ea-89c5-b88a60e194fb-1,2020-01-12T11:53:10.000Z,crmid:6212711121,f2cd5b08-4c72-11ea-89c5-b88a60e194fb,prd1029,401k,Retirement,Personal,19431.93,1,USD,branchid:11010
f2ce6c68-4c72-11ea-a50b-b88a60e194fb-1,2020-01-18T17:38:47.000Z,crmid:1473285532,f2ce6c68-4c72-11ea-a50b-b88a60e194fb,prd1037,Home Equity Loan,Mortgage,Personal,15703.31,1,USD,branchid:11049
f2cfa506-4c72-11ea-907d-b88a60e194fb-1,2020-01-13T00:42:18.000Z,crmid:7473411262,f2cfa506-4c72-11ea-907d-b88a60e194fb,prd1124,CDs: 5 year,Investment,Personal,16895.6,1,USD,branchid:11096
f2d0b702-4c72-11ea-bfbe-b88a60e194fb-1,2020-01-16T18:58:02.000Z,crmid:4997362829,f2d0b702-4c72-11ea-bfbe-b88a60e194fb,prd1114,CDs: 3 month,Investment,Personal,147146.39,1,USD,branchid:11019
f319cd42-4c72-11ea-8272-b88a60e194fb-1,2020-01-31T18:35:22.000Z,crmid:1404384076,f319cd42-4c72-11ea-8272-b88a60e194fb,prd1049,Business Brokerage Account,Investment,Business,9768.65,1,USD,branchid:11074
f31b05cc-4c72-11ea-a470-b88a60e194fb-1,2020-01-11T15:44:26.000Z,crmid:3802600336,f31b05cc-4c72-11ea-a470-b88a60e194fb,prd1179,Business Brokerage Account,Investment,Business,94584.67,1,USD,branchid:11126
f31c3e4c-4c72-11ea-9fa0-b88a60e194fb-1,2020-01-15T02:37:41.000Z,crmid:7485207321,f31c3e4c-4c72-11ea-9fa0-b88a60e194fb,prd1181,Mortgage: 5/1 ARM,Mortgage,Personal,254178.97,1,USD,branchid:11094
f31d76a4-4c72-11ea-b5e8-b88a60e194fb-1,2020-01-03T19:20:04.000Z,crmid:7727871101,f31d76a4-4c72-11ea-b5e8-b88a60e194fb,prd1148,Mortgage: 10/1 ARM,Mortgage,Personal,14492.24,1,USD,branchid:11095
f31e882e-4c72-11ea-b22f-b88a60e194fb-1,2020-01-25T14:02:04.000Z,crmid:2920377307,f31e882e-4c72-11ea-b22f-b88a60e194fb,prd1115,Mortgage: VA,Mortgage,Personal,15451.58,1,USD,branchid:11031
f31f7286-4c72-11ea-8f27-b88a60e194fb-1,2020-01-21T01:00:50.000Z,crmid:7967388503,f31f7286-4c72-11ea-8f27-b88a60e194fb,prd1175,401k,Retirement,Personal,219753.78,1,USD,branchid:11048
f3205cec-4c72-11ea-9c7a-b88a60e194fb-1,2020-01-10T20:01:27.000Z,crmid:2867198010,f3205cec-4c72-11ea-9c7a-b88a60e194fb,prd1045,Mortgage: 10/1 ARM,Mortgage,Personal,278237.32,1,USD,branchid:11057
f35e9e88-4c72-11ea-95d5-b88a60e194fb-1,2020-01-29T13:16:31.000Z,crmid:1114737385,f35e9e88-4c72-11ea-95d5-b88a60e194fb,prd1060,Traditional IRA,Retirement,Personal,12444.95,1,USD,branchid:11055
f35f88c2-4c72-11ea-85b7-b88a60e194fb-1,2020-01-02T10:12:29.000Z,crmid:7120611369,f35f88c2-4c72-11ea-85b7-b88a60e194fb,prd1088,CDs: 1 year,Investment,Personal,13011.01,1,USD,branchid:11084
f3604cf8-4c72-11ea-a94c-b88a60e194fb-1,2020-01-29T01:46:24.000Z,crmid:3833466408,f3604cf8-4c72-11ea-a94c-b88a60e194fb,prd1181,Mortgage: 5/1 ARM,Mortgage,Personal,15722.43,1,USD,branchid:11077
f361846c-4c72-11ea-b4b4-b88a60e194fb-1,2020-01-10T08:00:46.000Z,crmid:6641223780,f361846c-4c72-11ea-b4b4-b88a60e194fb,prd1049,Business Brokerage Account,Investment,Business,19241.48,1,USD,branchid:11093
f36247be-4c72-11ea-b3c9-b88a60e194fb-1,2020-01-20T23:14:16.000Z,crmid:5837203107,f36247be-4c72-11ea-b3c9-b88a60e194fb,prd1185,Mortgage: FHA,Mortgage,Personal,187947.74,1,USD,branchid:11129
f3630b0a-4c72-11ea-9213-b88a60e194fb-1,2020-01-26T01:26:34.000Z,crmid:3406319603,f3630b0a-4c72-11ea-9213-b88a60e194fb,prd1056,CDs: 5 year,Investment,Personal,185534.52,1,USD,branchid:11103
f363f60a-4c72-11ea-ac11-b88a60e194fb-1,2020-01-24T08:04:10.000Z,crmid:5659901146,f363f60a-4c72-11ea-ac11-b88a60e194fb,prd1183,Fixed Deposit,Investment,Personal,208965.02,1,USD,branchid:11065
f3a6a3c8-4c72-11ea-9e14-b88a60e194fb-1,2020-01-24T15:19:11.000Z,crmid:5991712316,f3a6a3c8-4c72-11ea-9e14-b88a60e194fb,prd1064,CDs: 3 month,Investment,Personal,9340.47,1,USD,branchid:11051
f3a7671c-4c72-11ea-9e20-b88a60e194fb-1,2020-01-30T13:02:35.000Z,crmid:5381729124,f3a7671c-4c72-11ea-9e20-b88a60e194fb,prd1061,Mortgage: 5/1 ARM,Mortgage,Personal,15281.96,1,USD,branchid:11048
