email,first_name,last_name
kloof1952@yandex.com,Ellsworth,Golden
axolotl1819@gmail.com,Edgar,Larson
elevator2011@yahoo.com,Jorge,Mullen
elusions1921@yahoo.com,Moses,Henry
asbest2021@yahoo.com,Wallace,Mckinney
bitumens1968@yandex.com,Edgardo,Small
chuckies1916@gmail.com,Rory,Harding
larding2014@yahoo.com,Pierre,Lambert
anteal2002@gmail.com,Monte,Frank
lithoclase1901@outlook.com,Kevin,Jenkins
ambar1962@gmail.com,Jimmy,Gross
segment1832@gmail.com,Carlos,Frederick
chinamen1868@yahoo.com,Quincy,Walls
battling1870@live.com,Marcus,Franks
placebos1898@gmail.com,Will,Fitzpatrick
thalamolenticular2064@yahoo.com,Sacha,Herman
breakthrough1938@gmail.com,Luna,Sears
forger2009@gmail.com,Marvin,Franco
recharger1826@live.com,Kendrick,Baldwin
fers1814@yandex.com,Jermaine,Fuentes
celesta2011@outlook.com,Lesley,York
demir1957@outlook.com,Michal,Buckley
inspired1818@live.com,Tommie,Hubbard
gaur2009@gmail.com,Grady,Randolph
chicken1970@yahoo.com,Arlen,Vincent
