crmid,email,first_name,last_name,gender,mobile_telephone,city,country,zip,state,street_address,birthday,genre
crmid:3706021323,rhythmically1827@gmail.aephandson.com,Darron,Williams,,641-263-0533,Margate,United States,66219,Wisconsin,1359 Wilmot,1986-11-13,Animation
crmid:8364926966,cheirospasm2005@live.aephandson.com,Mozell,Andrews,female,936-188-4376,Elk River,United States,39049,Mississippi,1321 Mullen,1959-07-01,Sport
crmid:7857680585,bowyer1890@outlook.aephandson.com,Tyrell,Larson,,582-002-2681,Salem,United States,44056,Rhode Island,1047 Eve,1983-07-06,Biography
crmid:4900143443,malpracticing1967@yahoo.aephandson.com,Gino,Everett,,015-599-4906,Fort Lee,United States,17026,Connecticut,686 Marina Green,1963-04-19,Animation
crmid:5390133839,liftoff2021@yandex.aephandson.com,Frances,Valenzuela,,305-118-0734,Kingston,United States,16261,Nevada,859 Linda Vista,1977-04-13,Fantasy
crmid:9643425424,yak1849@live.aephandson.com,Kendall,Dillard,male,577-078-4354,Beckley,United States,38560,Louisiana,792 Villa,1937-06-08,Action
crmid:2047493154,chotts1892@live.aephandson.com,Gregory,Mathews,,009-536-9669,Fort Smith,United States,21752,Idaho,50 Amethyst,1963-04-07,Action
crmid:3177565699,towelette1953@gmail.aephandson.com,Wiley,Hendrix,male,795-887-0002,Calabasas,United States,50215,Massachusetts,1292 Ware,1943-10-13,Thriller
crmid:2180609877,carcass1848@yahoo.aephandson.com,Albert,Duran,,309-054-8910,Norton Shores,United States,24028,Connecticut,798 Phelan,1999-05-16,Animation
crmid:8158912038,emotionalist1992@yahoo.aephandson.com,Ethan,Frye,,237-782-9530,Littleton,United States,99219,Massachusetts,1165 J,1983-03-31,Action
crmid:8830473844,damil2037@outlook.aephandson.com,Jame,Mccoy,,224-653-7640,Sioux City,United States,59027,Oklahoma,1109 Ringold,1978-08-01,News
crmid:3160212045,aciduria1946@yahoo.aephandson.com,Ike,Palmer,,902-600-4547,Salem,United States,36471,Louisiana,1126 Islais,1974-09-22,Mystery
crmid:8760652262,baboonery1885@gmail.aephandson.com,Julian,Justice,female,208-638-5614,Texarkana,United States,68240,Texas,655 Ellington,1957-04-16,Family
crmid:7039709581,celature1892@live.aephandson.com,Gerald,Moon,female,289-530-5297,Naugatuck,United States,21312,New Jersey,709 Progress,1995-04-21,Fantasy
crmid:8800833431,surreal1878@yandex.aephandson.com,Dorian,Stafford,female,781-697-8498,Taylor,United States,97885,West Virginia,794 Dr Carlton B Goodlett,1947-12-05,Mystery
crmid:2774804213,andira1850@live.aephandson.com,Wilbur,Stein,,276-361-6070,Moreno Valley,United States,56398,Connecticut,511 Holly,1993-10-10,News
crmid:1393558556,anaesthesis2059@outlook.aephandson.com,Damion,Alvarez,male,136-069-7289,Arroyo Grande,United States,16578,Texas,22 Berkshire,1934-02-01,Fantasy
crmid:1529674069,salaried2043@yandex.aephandson.com,Hoyt,Bernard,,570-572-2151,Mokena,United States,93214,Wisconsin,1030 Wood,1992-08-10,Fantasy
crmid:6187517947,agnosia1869@yahoo.aephandson.com,Drucilla,Underwood,female,273-613-4229,Tucson,United States,18365,New Mexico,809 Incinerator,1948-03-29,Reality-TV
crmid:6080304564,darkies1866@live.aephandson.com,Blaine,Horne,,295-926-8982,Solon,United States,21097,Nevada,1018 Culebra,1963-05-06,Horror
crmid:7919232561,ovenful1946@live.aephandson.com,Oren,Wynn,male,318-572-1499,Pinellas Park,United States,67949,Nevada,1304 Koret,1943-07-31,Family
crmid:8469342659,incunabulist1933@gmail.aephandson.com,Bert,Atkinson,,731-963-6138,Ormond Beach,United States,60906,Delaware,1370 Iron,1990-02-04,Westerns
crmid:8307929845,champertor1833@gmail.aephandson.com,Luis,Preston,,455-152-2835,Grandville,United States,74370,California,867 Medical Center,1967-12-21,Animation
crmid:8540914697,pulmometer1916@gmail.aephandson.com,Cassey,Mcgee,female,219-020-5097,Cocoa,United States,90025,Idaho,1093 Hahn,1949-02-19,Fantasy
crmid:1227728636,paraphrast1906@yahoo.aephandson.com,Blair,Sims,male,295-941-4342,Alameda,United States,06836,Florida,681 Hauser,1930-01-27,News
crmid:6253159615,callorhynchidae1967@live.aephandson.com,Garrett,Franks,,870-804-7859,Highland,United States,45243,New Jersey,55 Beeman,1971-07-09,Thriller
crmid:8035610888,scythe2043@outlook.aephandson.com,Donte,Fowler,,663-533-6432,Houma,United States,20294,South Carolina,1359 Charles,1973-04-04,Fantasy
crmid:2421665353,kalimbas1819@yandex.aephandson.com,Kelvin,Cross,,378-421-8664,Sidney,United States,37865,Indiana,910 Grand View,1974-06-24,Sport
crmid:3401834978,astoria2036@live.aephandson.com,Shoshana,Aguilar,female,090-281-7119,Oxnard,United States,99949,Washington,7 San Marcos,1961-11-30,News
crmid:2125439769,pipits1805@yandex.aephandson.com,Brice,Larsen,,024-344-8174,Hialeah Gardens,United States,42751,Rhode Island,1345 Alton,1971-08-27,Action
crmid:4214315952,thingumadoodle1884@outlook.aephandson.com,Chris,Walton,,127-716-8614,Milpitas,United States,81290,Hawaii,218 Conrad,1991-04-06,History
crmid:1017815325,exaestuate2045@outlook.aephandson.com,Delena,Foreman,female,981-400-1521,Chico,United States,19861,Kentucky,256 Rudden,1947-02-10,Action
crmid:9386172818,introconversion1897@yandex.aephandson.com,Porfirio,May,,319-823-3599,Soledad,United States,46827,New Hampshire,405 Willie B Kennedy,1992-11-10,Animation
crmid:1060034967,ontography1883@outlook.aephandson.com,Bob,Zamora,male,976-349-3690,Prescott,United States,09424,Rhode Island,425 Ora,1931-01-18,Animation
crmid:5248427926,shaly2059@live.aephandson.com,Thurman,Merritt,,881-211-0008,Waltham,United States,28368,Rhode Island,914 Potrero,1964-11-27,News
crmid:7540832757,oxides1878@yahoo.aephandson.com,Sergio,Shelton,,866-684-0102,Shively,United States,83658,Minnesota,146 Dove,1982-06-17,Thriller
crmid:9065717010,forecastlehead1952@live.aephandson.com,Glenn,Hebert,,766-465-7023,Fredericksburg,United States,65927,Nebraska,246 Le Conte,1964-11-06,Reality-TV
crmid:8332668503,maidenhead1887@yahoo.aephandson.com,Thanh,Mccoy,,618-080-2900,Van Buren,United States,48252,Idaho,887 Emery,1985-11-28,Mystery
crmid:6958949377,epical1972@gmail.aephandson.com,Delcie,Gardner,female,567-274-2011,Dickinson,United States,83302,Wyoming,653 Kearny,1955-02-11,Animation
crmid:7998282690,diazoate1962@live.aephandson.com,Jamaal,Small,,091-099-6283,Stow,United States,85369,Louisiana,306 Quickstep,1967-09-03,Sport
crmid:7638585236,wound1919@yahoo.aephandson.com,Antonia,Jacobs,,121-632-3486,St. Paul,United States,93102,Iowa,665 Circular,1976-05-11,Thriller
crmid:2251386986,bufonidae1827@live.aephandson.com,Dante,Vega,,342-798-2995,Milford,United States,40191,Arkansas,775 Rosemont,1990-08-18,Westerns
crmid:6215057048,hydroxyurea1843@yahoo.aephandson.com,Lloyd,Tillman,,172-029-0180,Helena,United States,12326,Tennessee,405 Carmelita,1970-03-25,Sport
crmid:7364415748,deliquescent1860@gmail.aephandson.com,Ashley,Mcbride,,805-543-1182,Massapequa Park,United States,34958,West Virginia,65 Elmhurst,1988-07-24,History
crmid:6510509298,throne1829@yandex.aephandson.com,Norberto,Petersen,,166-882-2305,Glendora,United States,20428,Florida,317 Colby,1966-05-13,Thriller
crmid:9472640654,outsavoring1971@yahoo.aephandson.com,Georgetta,Reeves,female,725-369-5703,Charleston,United States,17983,Washington,443 Casa,1946-03-24,Thriller
crmid:8206740899,siennas2011@live.aephandson.com,Pablo,Yates,male,837-988-4498,Berea,United States,44957,Pennsylvania,83 Palmetto,1938-08-14,Horror
crmid:7093817819,unremarkable1972@outlook.aephandson.com,Latrisha,Logan,female,713-130-4064,White Bear Lake,United States,88528,Missouri,258 Vicente,1954-05-17,Action
crmid:4528221685,dazing1937@gmail.aephandson.com,Xavier,Hughes,,588-445-1870,National City,United States,91514,Georgia,290 Jeopardy,1995-05-06,History
crmid:9738171686,laureate1848@outlook.aephandson.com,Nelson,Freeman,,515-790-6965,Woodstock,United States,61445,Ohio,679 Chain Of Lakes,1991-03-22,Fantasy
crmid:9456019672,penstemon1830@live.aephandson.com,Savanna,Sheppard,female,665-393-8403,Faribault,United States,44066,North Dakota,648 Wildwood,1961-08-27,News
crmid:4371779654,beaver1964@live.aephandson.com,Von,Fields,,315-731-3996,Keller,United States,93543,Indiana,503 Palo Alto,1977-04-12,Thriller
crmid:9664506568,laceration1920@gmail.aephandson.com,Eleni,Key,female,680-148-0004,Edmond,United States,74026,Hawaii,1030 Carter,1958-12-05,Reality-TV
crmid:4924825594,areito1847@live.aephandson.com,Tommie,Atkinson,male,681-138-7296,Opelika,United States,95960,South Carolina,326 Prospect,1938-09-01,Biography
crmid:8928002344,seawant2035@gmail.aephandson.com,Suzi,Russell,female,182-039-2669,Clarksburg,United States,64070,Arizona,610 Clearview,1948-10-24,Fantasy
crmid:7348228613,dimetry2057@yahoo.aephandson.com,Arie,Walter,female,936-883-1724,Council Bluffs,United States,03593,Texas,807 East Crystal Cove,1951-01-30,Action
crmid:3707492836,urinaries1989@outlook.aephandson.com,Randell,Fuentes,,850-174-8863,Keller,United States,39639,Oklahoma,760 Cumberland,1977-06-28,Sport
crmid:2892591216,marcello1832@live.aephandson.com,Brian,Barrett,,137-562-2966,Rohnert Park,United States,52404,Massachusetts,777 Donner,1962-05-15,Sport
crmid:7069792842,coaly2041@outlook.aephandson.com,Talisha,Haynes,female,574-167-0157,Des Plaines,United States,45457,New Hampshire,410 Saul,1954-08-13,Action
crmid:2255921640,amaranthine1984@yandex.aephandson.com,Harlan,Lara,,881-293-4971,Johns Creek,United States,61622,Mississippi,1145 Rey,1975-11-02,Westerns
crmid:7413293849,soh1824@outlook.aephandson.com,Luci,Mendoza,female,770-308-0471,Sandy,United States,13750,West Virginia,193 Revello,1951-10-11,News
crmid:1475898087,uninvigoratively1974@gmail.aephandson.com,Gene,Castillo,,700-773-6705,Kenmore,United States,71203,West Virginia,24 Bessie,1977-04-04,News
crmid:3065387333,chape1800@live.aephandson.com,Jeffie,Petersen,female,789-672-3877,Crestview,United States,27740,Virginia,87 Arleta,1951-04-23,Action
crmid:9020719101,killas1855@gmail.aephandson.com,Lannie,Craig,female,968-259-1571,Eastlake,United States,20752,Illinois,751 Java,1957-05-07,Action
crmid:6537785766,caballer1862@live.aephandson.com,Vasiliki,William,female,586-777-6415,Fairborn,United States,57018,North Dakota,1265 Piedmont,1961-09-25,Animation
crmid:2610539787,cogitate1888@yahoo.aephandson.com,Zachariah,French,,872-880-1833,Memphis,United States,83536,Utah,696 Enterprise,1989-07-12,Sport
crmid:6516841651,kouprey1993@live.aephandson.com,Steven,Andrews,male,134-102-6092,Sapulpa,United States,07549,Ohio,289 Northridge,1942-10-25,Biography
crmid:1693709768,brevier1913@outlook.aephandson.com,Gerry,Pugh,male,012-941-9822,Carmel,United States,27652,Arkansas,212 Felton,1944-04-24,Biography
crmid:9473015409,christea1981@gmail.aephandson.com,Wilbur,Talley,,452-563-3003,Fountain Hills,United States,09596,Pennsylvania,1364 Modoc,1963-01-16,Comedy
crmid:6734674499,gorgoniaceous1808@live.aephandson.com,Benton,Aguirre,,261-380-1800,Peekskill,United States,33903,Pennsylvania,558 Aptos,1975-07-13,Biography
crmid:5711899852,dormouse1914@yahoo.aephandson.com,Elmo,Mcleod,male,839-074-9440,Bay City,United States,13453,Mississippi,783 Lulu,1936-03-19,Animation
crmid:3420369246,duress1920@live.aephandson.com,Jeff,Daniels,,453-064-4606,Lehi,United States,26242,New Hampshire,73 Thor,1982-04-07,Fantasy
crmid:9546720281,abject2025@live.aephandson.com,Gail,Barber,male,173-097-1939,Blacksburg,United States,23300,Rhode Island,1130 Orange,1939-04-02,Fantasy
crmid:5953230262,moratoria1965@gmail.aephandson.com,Rene,Sherman,,282-287-2705,Madison,United States,06803,Maine,780 Lawton,1985-01-17,Mystery
crmid:9607519807,ambitions1855@gmail.aephandson.com,Jackson,Chase,,914-929-8644,Roselle,United States,46510,Connecticut,926 Russian Hill,1989-06-20,Sport
crmid:7367427390,obfuscable1941@live.aephandson.com,Leland,Hartman,,742-060-8631,Haines City,United States,22349,Wyoming,218 Kamille,1969-04-20,Animation
crmid:4698211897,divots1970@gmail.aephandson.com,Tarah,Mcintyre,female,063-954-1668,Citrus Heights,United States,95330,South Carolina,630 Abbey,1947-08-19,Action
crmid:4530009091,pedocalcic1822@yahoo.aephandson.com,Raymon,Frazier,,019-988-9290,Miramar,United States,43739,Colorado,1112 Beckett,1991-08-31,Fantasy
crmid:6122674627,addiction1814@live.aephandson.com,Brad,Wolf,,541-001-4216,Kannapolis,United States,01089,Texas,1338 Avenue B,1976-02-21,Action
crmid:9230228881,bolete1862@gmail.aephandson.com,Jayna,Whitney,female,710-119-1399,Daytona Beach,United States,27634,Indiana,283 Amherst,1953-04-24,Sport
crmid:1172678425,groten1983@live.aephandson.com,Winfred,Peters,,264-482-6222,Peachtree City,United States,20536,Arizona,886 Jason,1967-01-04,News
crmid:7346062177,benton1807@yahoo.aephandson.com,Horace,Gay,,334-734-6936,Staunton,United States,85423,Alabama,736 Harkness,1976-10-14,Biography
crmid:1550207453,berri1849@outlook.aephandson.com,Cory,Shaffer,,167-786-7292,La Quinta,United States,40885,Connecticut,1051 Fargo,1979-08-13,History
crmid:2092983273,soaplees2020@gmail.aephandson.com,Vito,Thompson,male,030-674-5730,Cartersville,United States,57764,Maryland,1113 Naylor,1944-10-29,Account Cancelation
crmid:4037654001,naviform1977@yandex.aephandson.com,Don,Mccall,,826-671-1726,Lumberton,United States,85112,Iowa,475 Middle West,1985-12-18,Fantasy
crmid:6784097893,verisimilitude2000@live.aephandson.com,Temika,Wilkinson,female,116-099-9370,Wenatchee,United States,97894,Montana,343 De Wolf,1959-08-31,Reality-TV
crmid:2084181334,palmar1987@gmail.aephandson.com,Vito,Becker,,722-180-2285,Lemon Grove,United States,31500,Hawaii,282 Glen,1982-06-25,Family
crmid:1536037917,syed1868@yandex.aephandson.com,January,Patrick,female,199-543-5532,Chaska,United States,21663,Georgia,825 Valencia,1946-04-23,Biography
crmid:5990437870,botheration1968@gmail.aephandson.com,Delmar,Wise,,185-132-3635,Maryville,United States,94103,Ohio,862 Cowell,1987-08-14,Sport
crmid:6489237484,brachial1988@live.aephandson.com,Milo,Clements,male,601-578-1477,Altoona,United States,44803,Missouri,26 Fourth,1932-07-06,Reality-TV
crmid:7224238830,domination1976@yahoo.aephandson.com,Rayna,Middleton,female,681-923-5004,Derby,United States,47321,Georgia,588 Mcrae,1954-07-20,Sport
crmid:9040544180,kinkajou2052@live.aephandson.com,Norberto,Mccormick,male,302-157-7875,Akron,United States,75543,Arizona,447 Hemway,1930-12-14,Action
crmid:9178586793,razzmatazz2035@yahoo.aephandson.com,Roberto,Wright,male,696-798-3562,Agoura Hills,United States,42469,Texas,1353 Dewey,1930-08-31,Action
crmid:8580857034,wipstock2061@live.aephandson.com,Moses,Guerra,male,548-156-4950,Camden,United States,99317,North Carolina,1143 Fitzgerald,1943-07-12,Reality-TV
crmid:7641323534,unrooted2058@live.aephandson.com,Neville,Barnett,,762-388-8707,St. Charles,United States,35004,North Carolina,1358 Texas,1969-04-18,Thriller
crmid:5032843353,sparerib1925@yandex.aephandson.com,Keith,Todd,female,226-441-0286,Staunton,United States,12144,Alabama,969 Hill,1947-05-29,Drama
crmid:3372846346,beate1844@gmail.aephandson.com,Stacey,Holt,,615-065-5169,Melrose,United States,36384,Alaska,1315 Carter,1989-06-22,Biography
crmid:1777101057,carving1807@outlook.aephandson.com,Lexie,Burke,female,434-427-3642,Englewood,United States,35804,Michigan,925 Kate,1959-05-04,News
crmid:3996357491,reshoulder1847@live.aephandson.com,Soila,Tillman,female,074-042-3688,Elmwood Park,United States,88405,Ohio,62 Serrano,1959-08-29,Horror
crmid:8737343671,dirigent2034@gmail.aephandson.com,Angelo,Mercer,male,231-509-4837,Painesville,United States,00907,South Dakota,356 Oriole,1941-10-01,Animation
crmid:1863558029,achamma2026@yandex.aephandson.com,Jody,Morales,,888-164-6007,Seal Beach,United States,83461,Vermont,160 Robert Kirk,1982-06-10,Action
crmid:2100809360,dalt1935@outlook.aephandson.com,Daren,Washington,,157-383-8285,Gilroy,United States,73181,Pennsylvania,162 Jackson,1966-05-11,Reality-TV
crmid:3214389669,pourer1968@gmail.aephandson.com,Broderick,Bass,,611-956-7432,Westmont,United States,31099,Texas,1395 Marlin,1971-03-07,Reality-TV
crmid:2152771666,lazying1893@live.aephandson.com,Noel,Webb,male,780-538-2346,Brentwood,United States,44791,New Jersey,150 Addison,1941-07-30,Action
crmid:4930626421,brainwasher1856@yandex.aephandson.com,Philip,Leonard,male,550-700-2648,Palm Beach Gardens,United States,74891,Ohio,198 Olive,1937-08-17,Biography
crmid:8483600814,borderless1828@gmail.aephandson.com,Will,Kidd,,804-070-2292,San Dimas,United States,93387,Pennsylvania,132 South,1975-07-25,Animation
crmid:5639181880,discount1956@outlook.aephandson.com,Ollie,Elliott,,050-519-0047,Socorro,United States,42922,Colorado,1128 Avenue D,1985-05-06,Animation
crmid:4492724017,unlawyerlike1803@outlook.aephandson.com,Keith,Lawrence,female,495-430-4950,Crystal,United States,65504,Alaska,163 Zircon,1952-11-09,Comedy
crmid:2026967791,punkwood1869@yandex.aephandson.com,Adrian,Wall,,107-414-8897,Palisades Park,United States,33759,South Carolina,498 Dawnview,1976-06-28,Fantasy
crmid:9727438476,zelkova1961@outlook.aephandson.com,Wallace,Murphy,male,115-144-3014,Port Chester,United States,15829,Massachusetts,225 Lydia,1943-10-21,Action
crmid:4902572642,anxious1910@outlook.aephandson.com,Jaime,Valenzuela,,156-692-0579,Niles,United States,42426,North Carolina,275 Globe,1997-08-30,Biography
crmid:8521615559,northeners1835@gmail.aephandson.com,Shaun,Page,,009-530-7310,Lynchburg,United States,04865,California,504 Beatrice,1985-02-21,Biography
crmid:8931008832,laureate1981@outlook.aephandson.com,Rudy,Harris,male,249-772-7800,Nixa,United States,84697,New Mexico,486 Molimo,1997-02-16,Reality-TV
crmid:3575886995,unstrict1820@yahoo.aephandson.com,Rico,Mason,,186-824-7432,Gretna,United States,42580,Alaska,1355 Croaker,1968-08-18,Fantasy
crmid:7561763942,runnion1935@gmail.aephandson.com,Ardelle,Mccormick,female,120-518-7011,DeSoto,United States,00212,Arkansas,800 Topaz,1953-01-19,Family
crmid:9134885759,vestiaries1876@yandex.aephandson.com,Gilbert,Brady,,156-228-6090,Keene,United States,56201,Georgia,791 Earl,1976-10-06,Thriller
crmid:1807085737,finalized1818@yandex.aephandson.com,Neal,O'donnell,male,549-711-1198,Port Orange,United States,04271,Iowa,727 Sheldon,1933-12-14,Action
crmid:1353245050,basile2018@yandex.aephandson.com,Beau,Higgins,male,937-125-1460,Carmel,United States,02493,Wyoming,282 Terra Vista,1944-01-14,Animation
crmid:2310845580,ceruse1856@live.aephandson.com,Cleora,Watkins,female,268-240-4707,Dumont,United States,04126,South Carolina,324 Fulton,1956-02-16,Action
crmid:1663478863,undermarshalmen1897@live.aephandson.com,Gale,Alexander,,420-687-1345,Lawrence,United States,57460,Washington,383 Flounder,1981-10-27,Fantasy
crmid:7133211006,ayatollah1818@outlook.aephandson.com,Maybell,Nolan,female,705-681-1620,Chicago,United States,35070,Ohio,383 Gorham,1947-06-22,Thriller
crmid:4881242993,coils1946@yandex.aephandson.com,Ike,Weeks,,575-916-5839,Texarkana,United States,61121,Maine,1074 Rawles,1969-04-22,Westerns
crmid:2504289601,dogged1975@yahoo.aephandson.com,Percy,Pugh,,275-655-9280,Livonia,United States,05773,Iowa,149 Toyon,1983-02-08,Family
crmid:5579459673,salpingopharyngeus1825@yahoo.aephandson.com,Lavern,Nash,male,829-940-9574,Simpsonville,United States,83308,Iowa,266 Loyola,1930-06-21,Fantasy
crmid:8236166106,capriole1999@yahoo.aephandson.com,Timothy,Chan,,275-831-5997,Lima,United States,06514,Missouri,575 London,1982-02-21,Drama
crmid:4933893300,asters1997@live.aephandson.com,Ulysses,Yang,,758-849-8175,Fort Lee,United States,50543,Washington,1229 Anderson,1963-09-12,Comedy
crmid:3432152893,costarred1819@outlook.aephandson.com,Dorian,Reyes,male,372-888-1368,Central Falls,United States,77508,Oregon,296 Marston,1945-03-24,Comedy
crmid:4245108335,debatement1909@outlook.aephandson.com,Jewel,Glenn,,055-657-4866,San Rafael,United States,94453,Arkansas,154 Gladys,1990-12-16,Comedy
crmid:8665685323,adoptable2065@yahoo.aephandson.com,Elliott,Adkins,,151-815-9300,Keizer,United States,30104,Illinois,145 Dickinson,1976-06-07,History
crmid:3976849944,arvin1810@outlook.aephandson.com,Alfonzo,Tate,,803-777-5065,Mason,United States,69082,Tennessee,260 Arelious Walker,1987-11-09,Fantasy
crmid:5485055489,sourbellies2057@yahoo.aephandson.com,Fidel,Fields,,317-936-8613,Rock Hill,United States,45229,Georgia,738 Marina,1991-08-19,Horror
crmid:4010270591,elided1810@live.aephandson.com,Lenita,Mathews,female,215-962-8017,San Mateo,United States,23302,Connecticut,1125 Leona,1961-11-10,News
crmid:3994529898,ecthyma1950@yandex.aephandson.com,Lacy,Mcguire,,646-205-1596,Grayslake,United States,39592,Utah,321 Rivas,1968-06-05,Fantasy
crmid:8692277685,coinheres1884@yandex.aephandson.com,Kory,Donovan,,933-671-6489,Mission,United States,91831,Oregon,1042 Elim,1991-03-18,Account Cancelation
crmid:2240597886,cerulean1810@gmail.aephandson.com,Zachery,Vaughan,,106-714-8550,Pompano Beach,United States,45409,North Carolina,230 Arguello,1983-10-23,News
crmid:2645380115,microlitic1803@outlook.aephandson.com,Jolie,Crosby,female,392-648-2295,Wilson,United States,62239,Alabama,503 Ohlone,1956-04-07,Fantasy
crmid:3105165767,almadia2024@live.aephandson.com,Robin,Charles,male,671-422-7853,Brighton,United States,79194,Louisiana,958 French,1941-12-31,Action
crmid:7960769291,kudu1853@outlook.aephandson.com,Simon,Schneider,,722-592-3939,Oshkosh,United States,86455,Connecticut,980 Glenhaven,1965-10-07,History
crmid:1307714967,extrasterile2035@outlook.aephandson.com,Harlan,Hensley,,997-058-5655,Laguna Woods,United States,65262,Indiana,600 Wedemeyer,1979-10-03,Westerns
crmid:9696329803,attice1825@live.aephandson.com,Colby,Blair,,009-738-0386,Pleasant Hill,United States,44670,Massachusetts,661 Bercut Access,1981-08-29,Sport
crmid:6134780599,caterbrawl1963@outlook.aephandson.com,Fred,Boyer,,607-661-2733,Geneva,United States,54990,Louisiana,1394 Madera,1965-10-15,Family
crmid:6508423103,beaver1917@live.aephandson.com,Abel,Ballard,male,326-210-8838,Apache Junction,United States,70742,Mississippi,566 Waller,1933-12-25,News
crmid:6796896584,elevator1828@yandex.aephandson.com,Dino,Lynch,,901-536-5055,Lexington,United States,02513,Arizona,294 Fresno,1982-01-14,Fantasy
crmid:2358529424,falcon1984@outlook.aephandson.com,Zita,Evans,female,431-025-0790,Trussville,United States,75534,Mississippi,907 Frank Norris,1952-09-09,Reality-TV
crmid:4986889916,crista1821@yandex.aephandson.com,Luba,Lynn,female,131-926-1395,Colonial Heights,United States,85667,Montana,659 Northwood,1949-06-18,Drama
crmid:2514539236,pneumatotactic1897@live.aephandson.com,Carolynn,Cash,female,325-023-7340,Corinth,United States,04851,Minnesota,27 Merrill,1950-02-05,Fantasy
crmid:6587928254,alaite1908@outlook.aephandson.com,Fredric,Morin,,965-789-2076,Frankfort,United States,06768,Oklahoma,464 Gillette,1963-01-13,Drama
crmid:7090700555,guars2052@live.aephandson.com,Andreas,Simpson,,252-661-1186,Tigard,United States,82180,Nevada,747 Hollister,1969-05-12,News
crmid:7947635885,unebriate1925@yandex.aephandson.com,Darron,Harding,,926-440-9907,New Berlin,United States,21951,Illinois,237 Hillcrest,1996-05-25,News
crmid:2375345978,sturmian1982@yahoo.aephandson.com,Deandre,Fernandez,male,944-862-0259,Revere,United States,70178,Minnesota,1246 Lurline,1938-12-05,Fantasy
crmid:9893201293,agnar1873@yandex.aephandson.com,Burl,Witt,,903-693-4366,Goldsboro,United States,14970,Minnesota,72 Morse,1967-03-05,Animation
crmid:1914100968,warship1995@live.aephandson.com,Ted,Wiley,male,164-202-0623,Asbury Park,United States,54316,New York,754 Gardenside,1934-09-14,Action
crmid:5615866589,skreel1959@yahoo.aephandson.com,Buddy,Walton,male,845-156-2792,New Port Richey,United States,57972,Oklahoma,1141 Paul,1996-10-02,Mystery
crmid:9621039706,versatec1820@live.aephandson.com,Ayako,Bean,female,130-300-6287,Englewood,United States,98045,Arizona,271 South Park,1959-10-27,Fantasy
crmid:7545706172,undergabble2042@outlook.aephandson.com,Hung,Tran,,734-587-5838,Greenville,United States,24854,Virginia,815 Hemdale,1968-04-15,Mystery
crmid:3727566987,revetoed1891@outlook.aephandson.com,Trent,Shepard,male,442-782-3301,Prattville,United States,78656,Montana,939 Excelsior,1945-10-29,News
crmid:8047174911,alessand2057@yandex.aephandson.com,Sammie,Pugh,,732-720-9114,Pekin,United States,75845,Wyoming,1030 Eagle,1986-10-23,Animation
crmid:4501336274,patroller1971@outlook.aephandson.com,Edmund,Dale,male,481-508-7944,Attleboro,United States,81953,Montana,1257 Auburn,1934-10-06,Reality-TV
crmid:1478392222,etalon1827@yahoo.aephandson.com,Olin,Sparks,,537-329-2182,Paradise,United States,32481,Alaska,1035 Waller,1980-05-07,Westerns
crmid:7644757752,whammo2001@outlook.aephandson.com,Margart,Beck,female,766-333-6274,Davenport,United States,35376,Vermont,801 Fortuna,1953-06-02,Sport
crmid:2843538566,armour1866@yahoo.aephandson.com,Wilbur,Branch,,441-911-5192,New Castle,United States,82258,Vermont,1013 Masonic,1996-09-10,Action
crmid:4963733899,myalgic1868@live.aephandson.com,Loren,Robbins,,198-006-2743,La Vergne,United States,84397,Florida,356 Howard,1979-07-15,News
crmid:1893657934,claudicate1865@gmail.aephandson.com,Gary,Marsh,male,731-143-0006,Alamogordo,United States,72801,Rhode Island,169 Locksley,1930-04-18,Comedy
crmid:2512240399,tinkle1945@yahoo.aephandson.com,Maile,Collier,female,905-323-9143,Eastlake,United States,95614,New Mexico,1276 Avenue D,1957-11-19,Reality-TV
crmid:2122770582,totoro1975@live.aephandson.com,Marcelene,Mcintyre,female,157-920-4370,Denver,United States,55648,Kentucky,541 La Playa,1954-10-11,Action
crmid:5517487961,redpanda2040@live.aephandson.com,Gerald,Crane,,388-113-6719,Rockville,United States,32247,Texas,44 Linda Vista,1974-01-07,Horror
crmid:5917844388,anastasia1870@yahoo.aephandson.com,Willow,Woods,female,995-378-1730,Yakima,United States,25319,Oklahoma,640 Sycamore,1957-09-12,Drama
crmid:1070789317,brabblingly1923@live.aephandson.com,Cole,Horton,,584-047-7885,Turlock,United States,53764,Kansas,1107 Stanton,1969-06-27,Fantasy
crmid:7949919960,gibed1968@gmail.aephandson.com,Patrina,Harris,female,600-357-6802,DeSoto,United States,93212,Connecticut,749 Del Vale,1953-07-13,Reality-TV
crmid:4735975343,coyish2000@live.aephandson.com,Hermine,Griffith,female,532-068-3664,Provo,United States,13335,Missouri,141 Key,1953-04-12,History
crmid:1248198803,speron2037@yandex.aephandson.com,Hobert,Pugh,,443-417-9308,Green,United States,37857,Illinois,1143 San Ramon,1968-05-31,Comedy
crmid:6668565806,booking1878@live.aephandson.com,Jacques,Ingram,,306-699-4289,South Euclid,United States,49044,North Carolina,811 Douglass,1988-07-29,Action
crmid:7699822131,timaliine1934@live.aephandson.com,Drew,Hobbs,,453-865-2821,Garfield,United States,62117,New Hampshire,770 Italy,1965-11-17,News
crmid:4539120632,backspace1985@yahoo.aephandson.com,Arlie,Sutton,,322-550-6008,Flint,United States,53089,Kentucky,575 Moultrie,1962-09-07,News
crmid:8889060414,banya1921@outlook.aephandson.com,Rodolfo,Gay,,081-719-8288,Fort Lee,United States,00357,Kansas,206 Banks,1963-01-09,Sport
crmid:8071200596,yucca2022@gmail.aephandson.com,Luis,Cooper,male,627-339-5170,St. Cloud,United States,93023,Louisiana,747 Samoset,1943-06-07,Westerns
crmid:3206584599,subadars1922@gmail.aephandson.com,Clarence,Sexton,male,386-258-4653,Port Huron,United States,08892,Michigan,1277 Inca,1932-12-29,Fantasy
crmid:9619356076,altin1932@live.aephandson.com,Leif,Pollard,,073-386-2999,Howard,United States,46337,Maine,381 Boalt,1973-08-03,Action
crmid:1466635752,decking1979@yahoo.aephandson.com,Douglass,Love,,711-520-7146,St. Clair Shores,United States,93395,California,562 Miraloma,1975-03-12,Biography
crmid:3662747444,divergence1830@yandex.aephandson.com,Tanner,Rich,,775-509-9222,Ocala,United States,73275,Kansas,122 Fredson,1999-07-06,Reality-TV
crmid:4393808645,exotic2054@outlook.aephandson.com,Leslie,Brooks,,599-445-0926,Grapevine,United States,19607,Connecticut,788 Vermont,1967-03-23,Fantasy
crmid:4320659911,elided1961@live.aephandson.com,Antonio,Hardy,,181-080-5791,Pomona,United States,84897,Missouri,647 Old Chinatown,1988-06-27,Sport
crmid:2971793243,militaristic2027@live.aephandson.com,Neda,Mays,female,226-303-7178,Smyrna,United States,83661,Florida,1255 Illinois,1948-07-19,Thriller
crmid:6647116448,confection1919@gmail.aephandson.com,Raymon,Rogers,,736-407-3521,Golden Valley,United States,30732,Missouri,1330 Hillcrest,1966-06-16,Comedy
crmid:2000116140,dewdrops1858@yandex.aephandson.com,Lucien,Paul,,449-458-2340,Paducah,United States,32762,Delaware,1133 South Hughes,1970-12-08,Account Cancelation
crmid:8514004248,bengalic1980@live.aephandson.com,Antoine,Perez,,632-693-3742,Miami Lakes,United States,66675,Illinois,73 Nobles,1990-10-12,Sport
crmid:8538080563,binman1953@gmail.aephandson.com,Luke,Davenport,,148-356-5100,Spring Valley,United States,58363,Arkansas,613 Kezar,1999-12-27,Action
crmid:1199031660,alessand2029@yandex.aephandson.com,Reginald,Tran,,472-218-6662,Mount Juliet,United States,59282,New Hampshire,1000 Poplar,1993-09-01,Animation
crmid:4608243177,bobotie2043@outlook.aephandson.com,Dylan,Langley,male,804-693-3467,Apple Valley,United States,75160,Wyoming,896 Alvord,1933-12-06,Mystery
crmid:9055669232,decimalism1915@outlook.aephandson.com,Lucius,Merritt,male,484-074-5291,Waukesha,United States,85099,Ohio,462 Hattie,1930-06-20,Animation
crmid:5769489659,wongsky1968@gmail.aephandson.com,Lyndon,Farley,male,099-098-0689,North Chicago,United States,02430,Alaska,8 Pope,1998-01-12,History
crmid:5878824205,forehead2006@live.aephandson.com,Wei,Wilder,female,509-336-8489,Durango,United States,65445,Arkansas,600 Key,1956-11-20,News
crmid:9829400475,pantheistical1805@outlook.aephandson.com,Eldon,Nieves,,183-824-3465,Tallmadge,United States,88830,Idaho,1313 Martha,1975-05-22,Account Cancelation
crmid:1420039767,wolverine1960@outlook.aephandson.com,Dominique,Fleming,,086-597-7643,Oak Park,United States,37572,Massachusetts,456 Balceta,1969-12-24,Account Cancelation
crmid:1855274502,boars1849@yandex.aephandson.com,Loyd,Fernandez,male,894-970-0874,Carbondale,United States,32858,South Dakota,957 Leroy,1944-06-09,Westerns
crmid:6975198337,basnet1872@outlook.aephandson.com,August,Roach,,589-135-8866,Glen Cove,United States,65058,Georgia,1075 Niantic,1966-11-14,Action
crmid:7580501283,sedatives2033@outlook.aephandson.com,Luther,Salas,,467-026-3655,Florissant,United States,38435,New Jersey,860 Ogden,1962-07-21,Action
crmid:2499367593,stickups1953@yahoo.aephandson.com,Galen,Mckee,male,138-867-9968,Bessemer,United States,29123,Montana,222 Bache,1938-04-19,Action
crmid:8144248641,decalage1913@outlook.aephandson.com,Selene,Hull,female,053-883-8448,Roselle,United States,96564,Oregon,453 Wills,1949-11-20,Mystery
crmid:2084219889,annemari1826@yandex.aephandson.com,Courtney,Chambers,male,881-299-5637,Naugatuck,United States,01940,Oregon,590 Ellington,1995-01-04,Fantasy
