{"_id": "e5411e4c-53c8-11ea-bca4-b88a60e194fb", "timestamp": "2019-12-15T02:37:58.000Z", "eventType": "transaction", "_adobeamericaspot3": {"CRMID": "crmid:7428740759", "orderDetails": {"orderID": "orderid:662511", "reservationid": "WDI-BQXY", "orderType": "kiosk"}}}
{"_id": "e54208b0-53c8-11ea-b3af-b88a60e194fb", "timestamp": "2020-01-25T09:40:12.000Z", "eventType": "transaction", "_adobeamericaspot3": {"CRMID": "crmid:8371750437", "orderDetails": {"orderID": "orderid:834095", "reservationid": "IF9-ACFQ", "orderType": "website"}}}
{"_id": "e5431a1e-53c8-11ea-995a-b88a60e194fb", "timestamp": "2019-12-08T03:26:01.000Z", "eventType": "transaction", "_adobeamericaspot3": {"CRMID": "crmid:2067021844", "orderDetails": {"orderID": "orderid:589380", "reservationid": "P65-5FML", "orderType": "kiosk"}}}
{"_id": "e543dd6e-53c8-11ea-9216-b88a60e194fb", "timestamp": "2020-01-28T10:23:42.000Z", "eventType": "transaction", "_adobeamericaspot3": {"CRMID": "crmid:3901422005", "orderDetails": {"orderID": "orderid:605689", "reservationid": "BWH-ZKOE", "orderType": "kiosk"}}}
{"_id": "e544c7d0-53c8-11ea-9e01-b88a60e194fb", "timestamp": "2020-01-07T10:51:53.000Z", "eventType": "transaction", "_adobeamericaspot3": {"CRMID": "crmid:7604919183", "orderDetails": {"orderID": "orderid:385062", "reservationid": "WXP-FT0Z", "orderType": "website"}}}
{"_id": "e5458b1e-53c8-11ea-852e-b88a60e194fb", "timestamp": "2020-02-08T03:08:14.000Z", "eventType": "transaction", "_adobeamericaspot3": {"CRMID": "crmid:9604843655", "orderDetails": {"orderID": "orderid:300812", "reservationid": "T4X-BQF1", "orderType": "mobile"}}}
{"_id": "e546757e-53c8-11ea-8df3-b88a60e194fb", "timestamp": "2019-12-12T06:43:03.000Z", "eventType": "transaction", "_adobeamericaspot3": {"CRMID": "crmid:9230496684", "orderDetails": {"orderID": "orderid:504732", "reservationid": "7KO-9UCI", "orderType": "website"}}}
{"_id": "e54738d0-53c8-11ea-b4ff-b88a60e194fb", "timestamp": "2020-01-04T18:57:16.000Z", "eventType": "transaction", "_adobeamericaspot3": {"CRMID": "crmid:5926286874", "orderDetails": {"orderID": "orderid:776472", "reservationid": "SBJ-XRI6", "orderType": "website"}}}
{"_id": "e547fc1e-53c8-11ea-9837-b88a60e194fb", "timestamp": "2020-02-04T06:02:46.000Z", "eventType": "transaction", "_adobeamericaspot3": {"CRMID": "crmid:2528617811", "orderDetails": {"orderID": "orderid:356046", "reservationid": "OYP-VZVB", "orderType": "kiosk"}}}
{"_id": "e548985a-53c8-11ea-a1eb-b88a60e194fb", "timestamp": "2019-12-25T19:08:27.000Z", "eventType": "transaction", "_adobeamericaspot3": {"CRMID": "crmid:8604666348", "orderDetails": {"orderID": "orderid:218117", "reservationid": "RPT-3DHC", "orderType": "website"}}}
{"_id": "e549a9cc-53c8-11ea-9fcf-b88a60e194fb", "timestamp": "2020-02-08T20:39:40.000Z", "eventType": "transaction", "_adobeamericaspot3": {"CRMID": "crmid:1714721201", "orderDetails": {"orderID": "orderid:452372", "reservationid": "SLA-AVEZ", "orderType": "call center"}}}
{"_id": "e54a460a-53c8-11ea-a116-b88a60e194fb", "timestamp": "2020-02-02T11:32:20.000Z", "eventType": "transaction", "_adobeamericaspot3": {"CRMID": "crmid:1115261115", "orderDetails": {"orderID": "orderid:635470", "reservationid": "TAG-OYWU", "orderType": "website"}}}
{"_id": "e54b7e98-53c8-11ea-969d-b88a60e194fb", "timestamp": "2020-02-10T23:20:07.000Z", "eventType": "transaction", "_adobeamericaspot3": {"CRMID": "crmid:8431243128", "orderDetails": {"orderID": "orderid:896183", "reservationid": "C2A-NUOR", "orderType": "mobile"}}}
{"_id": "e54c41e4-53c8-11ea-ab35-b88a60e194fb", "timestamp": "2020-01-07T16:02:42.000Z", "eventType": "transaction", "_adobeamericaspot3": {"CRMID": "crmid:8527524894", "orderDetails": {"orderID": "orderid:778497", "reservationid": "ZG0-DWEC", "orderType": "website"}}}
{"_id": "e54d052e-53c8-11ea-8d26-b88a60e194fb", "timestamp": "2020-01-09T20:56:58.000Z", "eventType": "transaction", "_adobeamericaspot3": {"CRMID": "crmid:1892577284", "orderDetails": {"orderID": "orderid:684628", "reservationid": "ZAD-ZLU1", "orderType": "website"}}}
{"_id": "e54dc880-53c8-11ea-95d5-b88a60e194fb", "timestamp": "2020-01-17T04:59:39.000Z", "eventType": "transaction", "_adobeamericaspot3": {"CRMID": "crmid:1654260403", "orderDetails": {"orderID": "orderid:124252", "reservationid": "45G-LC3H", "orderType": "service desk"}}}
{"_id": "e54eb2dc-53c8-11ea-8560-b88a60e194fb", "timestamp": "2020-01-11T03:25:08.000Z", "eventType": "transaction", "_adobeamericaspot3": {"CRMID": "crmid:6730439472", "orderDetails": {"orderID": "orderid:917811", "reservationid": "EFF-YAAW", "orderType": "service desk"}}}
{"_id": "e54f7634-53c8-11ea-ba8f-b88a60e194fb", "timestamp": "2020-01-13T05:41:24.000Z", "eventType": "transaction", "_adobeamericaspot3": {"CRMID": "crmid:1567600109", "orderDetails": {"orderID": "orderid:329678", "reservationid": "HOH-LIEP", "orderType": "website"}}}
{"_id": "e550397a-53c8-11ea-87c2-b88a60e194fb", "timestamp": "2020-02-07T16:50:06.000Z", "eventType": "transaction", "_adobeamericaspot3": {"CRMID": "crmid:6307612754", "orderDetails": {"orderID": "orderid:585001", "reservationid": "EGJ-N9BJ", "orderType": "mobile"}}}
{"_id": "e550fcd2-53c8-11ea-8bcb-b88a60e194fb", "timestamp": "2020-01-24T09:06:24.000Z", "eventType": "transaction", "_adobeamericaspot3": {"CRMID": "crmid:6782598303", "orderDetails": {"orderID": "orderid:569193", "reservationid": "VA9-TGGT", "orderType": "kiosk"}}}
{"_id": "e551c01e-53c8-11ea-b6b9-b88a60e194fb", "timestamp": "2020-02-10T13:38:40.000Z", "eventType": "transaction", "_adobeamericaspot3": {"CRMID": "crmid:7646055978", "orderDetails": {"orderID": "orderid:723157", "reservationid": "G9N-MKPA", "orderType": "mobile"}}}
{"_id": "e552aa80-53c8-11ea-bb64-b88a60e194fb", "timestamp": "2020-02-09T15:20:53.000Z", "eventType": "transaction", "_adobeamericaspot3": {"CRMID": "crmid:7506154234", "orderDetails": {"orderID": "orderid:952446", "reservationid": "74W-MV9I", "orderType": "kiosk"}}}
{"_id": "e55394e4-53c8-11ea-a7be-b88a60e194fb", "timestamp": "2020-01-14T04:14:32.000Z", "eventType": "transaction", "_adobeamericaspot3": {"CRMID": "crmid:4672412097", "orderDetails": {"orderID": "orderid:463408", "reservationid": "MU5-VZ3L", "orderType": "call center"}}}
{"_id": "e554a6b6-53c8-11ea-a61d-b88a60e194fb", "timestamp": "2020-02-08T20:51:32.000Z", "eventType": "transaction", "_adobeamericaspot3": {"CRMID": "crmid:3366928818", "orderDetails": {"orderID": "orderid:538467", "reservationid": "Y2O-UWJC", "orderType": "service desk"}}}
{"_id": "e55569a2-53c8-11ea-9e2f-b88a60e194fb", "timestamp": "2020-01-10T08:46:43.000Z", "eventType": "transaction", "_adobeamericaspot3": {"CRMID": "crmid:2524783099", "orderDetails": {"orderID": "orderid:810831", "reservationid": "YKH-AU6V", "orderType": "kiosk"}}}
{"_id": "e5565402-53c8-11ea-8f5a-b88a60e194fb", "timestamp": "2020-02-05T18:17:52.000Z", "eventType": "transaction", "_adobeamericaspot3": {"CRMID": "crmid:3837134477", "orderDetails": {"orderID": "orderid:657749", "reservationid": "MFH-C1DQ", "orderType": "call center"}}}
{"_id": "e5571750-53c8-11ea-ac42-b88a60e194fb", "timestamp": "2020-01-22T11:39:46.000Z", "eventType": "transaction", "_adobeamericaspot3": {"CRMID": "crmid:8060368167", "orderDetails": {"orderID": "orderid:444700", "reservationid": "WJD-UDP1", "orderType": "mobile"}}}
{"_id": "e557daa2-53c8-11ea-af84-b88a60e194fb", "timestamp": "2019-12-04T19:30:44.000Z", "eventType": "transaction", "_adobeamericaspot3": {"CRMID": "crmid:7989301249", "orderDetails": {"orderID": "orderid:832718", "reservationid": "WKR-9ITE", "orderType": "call center"}}}
{"_id": "e5589de8-53c8-11ea-9dff-b88a60e194fb", "timestamp": "2020-01-22T19:13:36.000Z", "eventType": "transaction", "_adobeamericaspot3": {"CRMID": "crmid:4246501917", "orderDetails": {"orderID": "orderid:496227", "reservationid": "XWS-GA3U", "orderType": "kiosk"}}}
{"_id": "e559af62-53c8-11ea-8c98-b88a60e194fb", "timestamp": "2020-01-08T05:44:15.000Z", "eventType": "transaction", "_adobeamericaspot3": {"CRMID": "crmid:9522796055", "orderDetails": {"orderID": "orderid:611529", "reservationid": "YMP-FL9T", "orderType": "website"}}}
{"_id": "e55a4b9a-53c8-11ea-8312-b88a60e194fb", "timestamp": "2020-02-12T20:18:16.000Z", "eventType": "transaction", "_adobeamericaspot3": {"CRMID": "crmid:3766381518", "orderDetails": {"orderID": "orderid:642732", "reservationid": "BUT-BZ8M", "orderType": "call center"}}}
{"_id": "e55b0ee8-53c8-11ea-9c96-b88a60e194fb", "timestamp": "2019-12-25T19:34:26.000Z", "eventType": "transaction", "_adobeamericaspot3": {"CRMID": "crmid:5541294844", "orderDetails": {"orderID": "orderid:550311", "reservationid": "88D-HAIU", "orderType": "kiosk"}}}
{"_id": "e55bd23a-53c8-11ea-a014-b88a60e194fb", "timestamp": "2020-02-01T14:53:40.000Z", "eventType": "transaction", "_adobeamericaspot3": {"CRMID": "crmid:4598236339", "orderDetails": {"orderID": "orderid:630716", "reservationid": "4XW-9QWG", "orderType": "call center"}}}
{"_id": "e55ce3ae-53c8-11ea-a635-b88a60e194fb", "timestamp": "2019-12-31T05:53:13.000Z", "eventType": "transaction", "_adobeamericaspot3": {"CRMID": "crmid:2269366173", "orderDetails": {"orderID": "orderid:157235", "reservationid": "KWR-4SRN", "orderType": "kiosk"}}}
{"_id": "e55dce0c-53c8-11ea-bd04-b88a60e194fb", "timestamp": "2019-12-06T04:42:32.000Z", "eventType": "transaction", "_adobeamericaspot3": {"CRMID": "crmid:3549283164", "orderDetails": {"orderID": "orderid:949176", "reservationid": "Z4G-PDXV", "orderType": "website"}}}
{"_id": "e55eb86e-53c8-11ea-94e1-b88a60e194fb", "timestamp": "2020-01-20T17:44:56.000Z", "eventType": "transaction", "_adobeamericaspot3": {"CRMID": "crmid:6686333260", "orderDetails": {"orderID": "orderid:236478", "reservationid": "1R5-2HWT", "orderType": "website"}}}
{"_id": "e55f7bc0-53c8-11ea-887e-b88a60e194fb", "timestamp": "2020-01-04T09:01:50.000Z", "eventType": "transaction", "_adobeamericaspot3": {"CRMID": "crmid:2292440884", "orderDetails": {"orderID": "orderid:317784", "reservationid": "AWB-ZRL3", "orderType": "website"}}}
{"_id": "e56017f8-53c8-11ea-8685-b88a60e194fb", "timestamp": "2019-12-12T09:34:39.000Z", "eventType": "transaction", "_adobeamericaspot3": {"CRMID": "crmid:9169895619", "orderDetails": {"orderID": "orderid:368978", "reservationid": "2ES-9VSB", "orderType": "call center"}}}
{"_id": "e561025e-53c8-11ea-b7be-b88a60e194fb", "timestamp": "2019-12-04T03:56:18.000Z", "eventType": "transaction", "_adobeamericaspot3": {"CRMID": "crmid:9942476115", "orderDetails": {"orderID": "orderid:579918", "reservationid": "LQX-DLLX", "orderType": "website"}}}
{"_id": "e561c5a8-53c8-11ea-8cc0-b88a60e194fb", "timestamp": "2020-01-03T18:51:20.000Z", "eventType": "transaction", "_adobeamericaspot3": {"CRMID": "crmid:3059787923", "orderDetails": {"orderID": "orderid:875129", "reservationid": "SAI-QN6D", "orderType": "call center"}}}
{"_id": "e5628900-53c8-11ea-9e81-b88a60e194fb", "timestamp": "2020-02-06T10:47:06.000Z", "eventType": "transaction", "_adobeamericaspot3": {"CRMID": "crmid:2059607996", "orderDetails": {"orderID": "orderid:998769", "reservationid": "5UX-VOUT", "orderType": "website"}}}
{"_id": "e5637364-53c8-11ea-b945-b88a60e194fb", "timestamp": "2020-01-04T02:09:15.000Z", "eventType": "transaction", "_adobeamericaspot3": {"CRMID": "crmid:2190094708", "orderDetails": {"orderID": "orderid:271975", "reservationid": "GFC-YN09", "orderType": "call center"}}}
{"_id": "e56436ae-53c8-11ea-99b1-b88a60e194fb", "timestamp": "2020-01-01T00:53:03.000Z", "eventType": "transaction", "_adobeamericaspot3": {"CRMID": "crmid:1804838201", "orderDetails": {"orderID": "orderid:721170", "reservationid": "BGS-VSJR", "orderType": "kiosk"}}}
{"_id": "e564f9fe-53c8-11ea-ae53-b88a60e194fb", "timestamp": "2020-01-04T01:02:58.000Z", "eventType": "transaction", "_adobeamericaspot3": {"CRMID": "crmid:7793934054", "orderDetails": {"orderID": "orderid:323046", "reservationid": "8TX-3WD7", "orderType": "website"}}}
{"_id": "e565e45e-53c8-11ea-85e4-b88a60e194fb", "timestamp": "2020-02-14T12:13:48.000Z", "eventType": "transaction", "_adobeamericaspot3": {"CRMID": "crmid:7001221308", "orderDetails": {"orderID": "orderid:981275", "reservationid": "W67-1LSW", "orderType": "service desk"}}}
{"_id": "e566cebe-53c8-11ea-af6a-b88a60e194fb", "timestamp": "2020-01-18T10:56:08.000Z", "eventType": "transaction", "_adobeamericaspot3": {"CRMID": "crmid:8064291529", "orderDetails": {"orderID": "orderid:607789", "reservationid": "WHZ-RR7T", "orderType": "kiosk"}}}
{"_id": "e567e092-53c8-11ea-8d8c-b88a60e194fb", "timestamp": "2020-01-15T07:20:50.000Z", "eventType": "transaction", "_adobeamericaspot3": {"CRMID": "crmid:8358631627", "orderDetails": {"orderID": "orderid:213733", "reservationid": "IAF-PNAS", "orderType": "mobile"}}}
{"_id": "e568073e-53c8-11ea-a2cf-b88a60e194fb", "timestamp": "2020-01-19T00:00:00.000Z", "eventType": "transaction", "_adobeamericaspot3": {"CRMID": "crmid:8358631627", "orderDetails": {"orderID": "orderid:637473", "reservationid": "JDP-UX9X", "orderType": "call center"}}}
{"_id": "e5693fba-53c8-11ea-83e3-b88a60e194fb", "timestamp": "2020-02-08T03:30:07.000Z", "eventType": "transaction", "_adobeamericaspot3": {"CRMID": "crmid:6845912154", "orderDetails": {"orderID": "orderid:685675", "reservationid": "26W-5R45", "orderType": "mobile"}}}
{"_id": "e56a2a14-53c8-11ea-91ed-b88a60e194fb", "timestamp": "2019-12-20T10:42:52.000Z", "eventType": "transaction", "_adobeamericaspot3": {"CRMID": "crmid:5329629650", "orderDetails": {"orderID": "orderid:562272", "reservationid": "QCR-ODY9", "orderType": "website"}}}
{"_id": "e56aed62-53c8-11ea-9071-b88a60e194fb", "timestamp": "2020-01-25T02:36:02.000Z", "eventType": "transaction", "_adobeamericaspot3": {"CRMID": "crmid:5589969495", "orderDetails": {"orderID": "orderid:591325", "reservationid": "UBX-ZZLE", "orderType": "kiosk"}}}
{"_id": "e56bd7c2-53c8-11ea-91cb-b88a60e194fb", "timestamp": "2019-12-28T23:33:30.000Z", "eventType": "transaction", "_adobeamericaspot3": {"CRMID": "crmid:2723932571", "orderDetails": {"orderID": "orderid:558547", "reservationid": "IR8-LCFZ", "orderType": "call center"}}}
{"_id": "e56c73f4-53c8-11ea-a01d-b88a60e194fb", "timestamp": "2020-02-05T21:54:40.000Z", "eventType": "transaction", "_adobeamericaspot3": {"CRMID": "crmid:2438819423", "orderDetails": {"orderID": "orderid:340825", "reservationid": "PBY-N6NP", "orderType": "kiosk"}}}
{"_id": "e56d5e62-53c8-11ea-ab78-b88a60e194fb", "timestamp": "2020-01-17T10:44:32.000Z", "eventType": "transaction", "_adobeamericaspot3": {"CRMID": "crmid:9964302695", "orderDetails": {"orderID": "orderid:265105", "reservationid": "DMD-NCXU", "orderType": "call center"}}}
{"_id": "e56dfa9e-53c8-11ea-813c-b88a60e194fb", "timestamp": "2019-12-01T11:41:39.000Z", "eventType": "transaction", "_adobeamericaspot3": {"CRMID": "crmid:5814867635", "orderDetails": {"orderID": "orderid:195635", "reservationid": "OTQ-ZSVK", "orderType": "kiosk"}}}
{"_id": "e56f0c14-53c8-11ea-b8ec-b88a60e194fb", "timestamp": "2019-12-07T12:44:29.000Z", "eventType": "transaction", "_adobeamericaspot3": {"CRMID": "crmid:9881330395", "orderDetails": {"orderID": "orderid:214772", "reservationid": "OBN-KQGK", "orderType": "website"}}}
{"_id": "e56ff7f6-53c8-11ea-bd31-b88a60e194fb", "timestamp": "2020-01-09T04:41:46.000Z", "eventType": "transaction", "_adobeamericaspot3": {"CRMID": "crmid:1021956168", "orderDetails": {"orderID": "orderid:317318", "reservationid": "YNH-MHIN", "orderType": "website"}}}
{"_id": "e570bb4a-53c8-11ea-a576-b88a60e194fb", "timestamp": "2020-02-06T12:28:56.000Z", "eventType": "transaction", "_adobeamericaspot3": {"CRMID": "crmid:8046070274", "orderDetails": {"orderID": "orderid:959272", "reservationid": "IBO-64CH", "orderType": "kiosk"}}}
{"_id": "e571a60c-53c8-11ea-adf8-b88a60e194fb", "timestamp": "2020-01-27T08:16:57.000Z", "eventType": "transaction", "_adobeamericaspot3": {"CRMID": "crmid:5819735838", "orderDetails": {"orderID": "orderid:144592", "reservationid": "BSN-28RH", "orderType": "kiosk"}}}
{"_id": "e5728ff0-53c8-11ea-947c-b88a60e194fb", "timestamp": "2019-12-23T23:47:05.000Z", "eventType": "transaction", "_adobeamericaspot3": {"CRMID": "crmid:9842051756", "orderDetails": {"orderID": "orderid:663564", "reservationid": "E2A-F7X2", "orderType": "kiosk"}}}
{"_id": "e5735348-53c8-11ea-a1b9-b88a60e194fb", "timestamp": "2020-01-02T10:04:11.000Z", "eventType": "transaction", "_adobeamericaspot3": {"CRMID": "crmid:9289720931", "orderDetails": {"orderID": "orderid:807385", "reservationid": "VOM-LHH5", "orderType": "kiosk"}}}
{"_id": "e5741692-53c8-11ea-be1c-b88a60e194fb", "timestamp": "2020-01-03T05:55:40.000Z", "eventType": "transaction", "_adobeamericaspot3": {"CRMID": "crmid:8045220301", "orderDetails": {"orderID": "orderid:415484", "reservationid": "GTX-PIEU", "orderType": "call center"}}}
{"_id": "e574da00-53c8-11ea-94ae-b88a60e194fb", "timestamp": "2019-12-04T12:19:26.000Z", "eventType": "transaction", "_adobeamericaspot3": {"CRMID": "crmid:9385640429", "orderDetails": {"orderID": "orderid:115567", "reservationid": "VHP-WANR", "orderType": "website"}}}
{"_id": "e5759d50-53c8-11ea-943d-b88a60e194fb", "timestamp": "2019-12-20T09:41:49.000Z", "eventType": "transaction", "_adobeamericaspot3": {"CRMID": "crmid:1202101471", "orderDetails": {"orderID": "orderid:758423", "reservationid": "9AX-RTCB", "orderType": "kiosk"}}}
{"_id": "e57660b6-53c8-11ea-9525-b88a60e194fb", "timestamp": "2020-01-31T23:52:53.000Z", "eventType": "transaction", "_adobeamericaspot3": {"CRMID": "crmid:8147090024", "orderDetails": {"orderID": "orderid:994295", "reservationid": "AV6-9WPE", "orderType": "service desk"}}}
{"_id": "e577497a-53c8-11ea-ab39-b88a60e194fb", "timestamp": "2020-01-09T16:07:06.000Z", "eventType": "transaction", "_adobeamericaspot3": {"CRMID": "crmid:6693860051", "orderDetails": {"orderID": "orderid:221975", "reservationid": "FKW-LTQK", "orderType": "website"}}}
{"_id": "e578354a-53c8-11ea-b169-b88a60e194fb", "timestamp": "2020-01-17T19:30:17.000Z", "eventType": "transaction", "_adobeamericaspot3": {"CRMID": "crmid:9310736500", "orderDetails": {"orderID": "orderid:688914", "reservationid": "N5D-S0RN", "orderType": "mobile"}}}
{"_id": "e578f894-53c8-11ea-af87-b88a60e194fb", "timestamp": "2019-12-13T15:11:44.000Z", "eventType": "transaction", "_adobeamericaspot3": {"CRMID": "crmid:1359344727", "orderDetails": {"orderID": "orderid:393360", "reservationid": "PJ5-UKCL", "orderType": "call center"}}}
{"_id": "e579e2f0-53c8-11ea-9180-b88a60e194fb", "timestamp": "2020-01-15T04:04:18.000Z", "eventType": "transaction", "_adobeamericaspot3": {"CRMID": "crmid:8477370382", "orderDetails": {"orderID": "orderid:477839", "reservationid": "4E5-VNXV", "orderType": "mobile"}}}
{"_id": "e57aa4f0-53c8-11ea-9e2d-b88a60e194fb", "timestamp": "2019-12-11T21:06:08.000Z", "eventType": "transaction", "_adobeamericaspot3": {"CRMID": "crmid:2468518648", "orderDetails": {"orderID": "orderid:378853", "reservationid": "8K4-8ZC1", "orderType": "website"}}}
{"_id": "e57b699e-53c8-11ea-94f1-b88a60e194fb", "timestamp": "2020-02-02T22:33:57.000Z", "eventType": "transaction", "_adobeamericaspot3": {"CRMID": "crmid:6616231680", "orderDetails": {"orderID": "orderid:785097", "reservationid": "3F2-LQQU", "orderType": "call center"}}}
{"_id": "e57c2cfa-53c8-11ea-a7de-b88a60e194fb", "timestamp": "2019-12-27T05:30:57.000Z", "eventType": "transaction", "_adobeamericaspot3": {"CRMID": "crmid:9420499751", "orderDetails": {"orderID": "orderid:666649", "reservationid": "ODJ-8RCA", "orderType": "kiosk"}}}
{"_id": "e57cc918-53c8-11ea-b53b-b88a60e194fb", "timestamp": "2020-01-17T18:54:30.000Z", "eventType": "transaction", "_adobeamericaspot3": {"CRMID": "crmid:5252858664", "orderDetails": {"orderID": "orderid:436737", "reservationid": "NDC-N6VR", "orderType": "website"}}}
{"_id": "e57d8c86-53c8-11ea-a702-b88a60e194fb", "timestamp": "2020-01-22T03:22:27.000Z", "eventType": "transaction", "_adobeamericaspot3": {"CRMID": "crmid:8809324255", "orderDetails": {"orderID": "orderid:483152", "reservationid": "W82-VH4L", "orderType": "call center"}}}
{"_id": "e57e76d8-53c8-11ea-8e32-b88a60e194fb", "timestamp": "2019-12-26T01:01:59.000Z", "eventType": "transaction", "_adobeamericaspot3": {"CRMID": "crmid:7719033033", "orderDetails": {"orderID": "orderid:614459", "reservationid": "61I-ZSR0", "orderType": "website"}}}
{"_id": "e57f3a28-53c8-11ea-818e-b88a60e194fb", "timestamp": "2019-12-10T17:32:06.000Z", "eventType": "transaction", "_adobeamericaspot3": {"CRMID": "crmid:8280728125", "orderDetails": {"orderID": "orderid:692189", "reservationid": "8QH-DHTL", "orderType": "kiosk"}}}
{"_id": "e5802486-53c8-11ea-827b-b88a60e194fb", "timestamp": "2020-01-22T00:12:36.000Z", "eventType": "transaction", "_adobeamericaspot3": {"CRMID": "crmid:2124398160", "orderDetails": {"orderID": "orderid:313157", "reservationid": "LB0-DOHB", "orderType": "kiosk"}}}
{"_id": "e5810ef4-53c8-11ea-ad95-b88a60e194fb", "timestamp": "2020-01-16T14:26:59.000Z", "eventType": "transaction", "_adobeamericaspot3": {"CRMID": "crmid:8679237311", "orderDetails": {"orderID": "orderid:824815", "reservationid": "X9D-WIMR", "orderType": "website"}}}
{"_id": "e581d326-53c8-11ea-9b67-b88a60e194fb", "timestamp": "2020-01-14T20:24:05.000Z", "eventType": "transaction", "_adobeamericaspot3": {"CRMID": "crmid:3955635639", "orderDetails": {"orderID": "orderid:571664", "reservationid": "H4Y-CTUS", "orderType": "call center"}}}
{"_id": "e582e3a4-53c8-11ea-a39f-b88a60e194fb", "timestamp": "2020-01-07T15:43:10.000Z", "eventType": "transaction", "_adobeamericaspot3": {"CRMID": "crmid:5362086673", "orderDetails": {"orderID": "orderid:230314", "reservationid": "VFK-XVO8", "orderType": "call center"}}}
{"_id": "e583a6ee-53c8-11ea-9467-b88a60e194fb", "timestamp": "2020-01-05T01:37:31.000Z", "eventType": "transaction", "_adobeamericaspot3": {"CRMID": "crmid:9648522574", "orderDetails": {"orderID": "orderid:471002", "reservationid": "TX5-53EE", "orderType": "kiosk"}}}
{"_id": "e5849176-53c8-11ea-ac72-b88a60e194fb", "timestamp": "2020-01-06T00:29:16.000Z", "eventType": "transaction", "_adobeamericaspot3": {"CRMID": "crmid:2595378978", "orderDetails": {"orderID": "orderid:754321", "reservationid": "FGB-TOKF", "orderType": "call center"}}}
{"_id": "e5852d90-53c8-11ea-8975-b88a60e194fb", "timestamp": "2019-12-17T06:39:35.000Z", "eventType": "transaction", "_adobeamericaspot3": {"CRMID": "crmid:8582146643", "orderDetails": {"orderID": "orderid:220004", "reservationid": "TFE-3Z67", "orderType": "website"}}}
{"_id": "e585f0f4-53c8-11ea-bc3d-b88a60e194fb", "timestamp": "2020-01-11T08:26:09.000Z", "eventType": "transaction", "_adobeamericaspot3": {"CRMID": "crmid:4518604125", "orderDetails": {"orderID": "orderid:194968", "reservationid": "DFL-RYOM", "orderType": "website"}}}
{"_id": "e586b450-53c8-11ea-9c96-b88a60e194fb", "timestamp": "2019-12-06T05:48:27.000Z", "eventType": "transaction", "_adobeamericaspot3": {"CRMID": "crmid:2795129074", "orderDetails": {"orderID": "orderid:507397", "reservationid": "7ZO-0DEH", "orderType": "website"}}}
{"_id": "e5877740-53c8-11ea-b3b5-b88a60e194fb", "timestamp": "2020-02-13T23:59:58.000Z", "eventType": "transaction", "_adobeamericaspot3": {"CRMID": "crmid:4140713114", "orderDetails": {"orderID": "orderid:365369", "reservationid": "J1V-ZGXE", "orderType": "kiosk"}}}
{"_id": "e5883acc-53c8-11ea-9c13-b88a60e194fb", "timestamp": "2019-12-08T14:31:30.000Z", "eventType": "transaction", "_adobeamericaspot3": {"CRMID": "crmid:4431387986", "orderDetails": {"orderID": "orderid:183953", "reservationid": "BLY-JPVE", "orderType": "call center"}}}
{"_id": "e5894ad8-53c8-11ea-b7ea-b88a60e194fb", "timestamp": "2020-02-13T12:20:23.000Z", "eventType": "transaction", "_adobeamericaspot3": {"CRMID": "crmid:9858577264", "orderDetails": {"orderID": "orderid:271824", "reservationid": "NIF-VYMS", "orderType": "kiosk"}}}
{"_id": "e589e888-53c8-11ea-9f52-b88a60e194fb", "timestamp": "2019-12-16T09:07:28.000Z", "eventType": "transaction", "_adobeamericaspot3": {"CRMID": "crmid:5854446542", "orderDetails": {"orderID": "orderid:517964", "reservationid": "UGV-QRZG", "orderType": "website"}}}
{"_id": "e58aabd2-53c8-11ea-902e-b88a60e194fb", "timestamp": "2019-12-24T00:21:07.000Z", "eventType": "transaction", "_adobeamericaspot3": {"CRMID": "crmid:6520894367", "orderDetails": {"orderID": "orderid:441278", "reservationid": "WFU-CX7G", "orderType": "kiosk"}}}
{"_id": "e58b6f1e-53c8-11ea-8cde-b88a60e194fb", "timestamp": "2020-01-12T11:22:17.000Z", "eventType": "transaction", "_adobeamericaspot3": {"CRMID": "crmid:8611576965", "orderDetails": {"orderID": "orderid:794644", "reservationid": "JGP-UEKG", "orderType": "mobile"}}}
{"_id": "e58c3294-53c8-11ea-a573-b88a60e194fb", "timestamp": "2020-01-16T16:10:48.000Z", "eventType": "transaction", "_adobeamericaspot3": {"CRMID": "crmid:4314097460", "orderDetails": {"orderID": "orderid:230314", "reservationid": "VFK-XVO8", "orderType": "website"}}}
{"_id": "e58d43fa-53c8-11ea-8d64-b88a60e194fb", "timestamp": "2020-02-02T18:18:16.000Z", "eventType": "transaction", "_adobeamericaspot3": {"CRMID": "crmid:9187926213", "orderDetails": {"orderID": "orderid:312572", "reservationid": "RYK-5UEI", "orderType": "call center"}}}
{"_id": "e58e075a-53c8-11ea-9d45-b88a60e194fb", "timestamp": "2020-02-14T23:05:32.000Z", "eventType": "transaction", "_adobeamericaspot3": {"CRMID": "crmid:9083690144", "orderDetails": {"orderID": "orderid:651334", "reservationid": "RCI-ZRK2", "orderType": "call center"}}}
{"_id": "e58ea38a-53c8-11ea-8e73-b88a60e194fb", "timestamp": "2019-12-20T18:25:46.000Z", "eventType": "transaction", "_adobeamericaspot3": {"CRMID": "crmid:3462219556", "orderDetails": {"orderID": "orderid:597713", "reservationid": "QQL-6MRG", "orderType": "kiosk"}}}
{"_id": "e58f66cc-53c8-11ea-a336-b88a60e194fb", "timestamp": "2020-01-20T16:27:06.000Z", "eventType": "transaction", "_adobeamericaspot3": {"CRMID": "crmid:7941497645", "orderDetails": {"orderID": "orderid:959913", "reservationid": "JJV-AFBM", "orderType": "kiosk"}}}
{"_id": "e5902a14-53c8-11ea-b3b7-b88a60e194fb", "timestamp": "2019-12-08T03:55:02.000Z", "eventType": "transaction", "_adobeamericaspot3": {"CRMID": "crmid:6337580602", "orderDetails": {"orderID": "orderid:979824", "reservationid": "JTQ-Q8YD", "orderType": "kiosk"}}}
{"_id": "e5947006-53c8-11ea-91f1-b88a60e194fb", "timestamp": "2020-01-07T02:14:30.000Z", "eventType": "transaction", "_adobeamericaspot3": {"CRMID": "crmid:6776127037", "orderDetails": {"orderID": "orderid:212079", "reservationid": "PAV-EDAI", "orderType": "kiosk"}}}
{"_id": "e59558d4-53c8-11ea-a1bb-b88a60e194fb", "timestamp": "2019-12-09T05:53:36.000Z", "eventType": "transaction", "_adobeamericaspot3": {"CRMID": "crmid:8086573864", "orderDetails": {"orderID": "orderid:540361", "reservationid": "SHO-Z48P", "orderType": "kiosk"}}}
{"_id": "e5964452-53c8-11ea-874b-b88a60e194fb", "timestamp": "2019-12-16T23:56:41.000Z", "eventType": "transaction", "_adobeamericaspot3": {"CRMID": "crmid:6454517247", "orderDetails": {"orderID": "orderid:938738", "reservationid": "UWW-DK1B", "orderType": "kiosk"}}}
{"_id": "e59707ee-53c8-11ea-a59a-b88a60e194fb", "timestamp": "2019-12-06T14:16:27.000Z", "eventType": "transaction", "_adobeamericaspot3": {"CRMID": "crmid:4907595418", "orderDetails": {"orderID": "orderid:474710", "reservationid": "5I6-FBFF", "orderType": "website"}}}
{"_id": "e597cb4c-53c8-11ea-b83e-b88a60e194fb", "timestamp": "2019-12-10T19:57:27.000Z", "eventType": "transaction", "_adobeamericaspot3": {"CRMID": "crmid:8858227236", "orderDetails": {"orderID": "orderid:715371", "reservationid": "65Z-N3GI", "orderType": "service desk"}}}
{"_id": "e5988e80-53c8-11ea-9fd0-b88a60e194fb", "timestamp": "2020-01-24T19:13:58.000Z", "eventType": "transaction", "_adobeamericaspot3": {"CRMID": "crmid:6063058026", "orderDetails": {"orderID": "orderid:857716", "reservationid": "OWS-TPVD", "orderType": "mobile"}}}
{"_id": "e59951d0-53c8-11ea-b38a-b88a60e194fb", "timestamp": "2019-12-03T11:48:25.000Z", "eventType": "transaction", "_adobeamericaspot3": {"CRMID": "crmid:1787624895", "orderDetails": {"orderID": "orderid:658115", "reservationid": "3F8-LXMK", "orderType": "call center"}}}
{"_id": "e59a1514-53c8-11ea-aa3e-b88a60e194fb", "timestamp": "2019-12-23T22:42:10.000Z", "eventType": "transaction", "_adobeamericaspot3": {"CRMID": "crmid:2338906637", "orderDetails": {"orderID": "orderid:592137", "reservationid": "KXE-A2XC", "orderType": "call center"}}}
{"_id": "e59b269a-53c8-11ea-a5cf-b88a60e194fb", "timestamp": "2020-01-04T13:04:48.000Z", "eventType": "transaction", "_adobeamericaspot3": {"CRMID": "crmid:3713919560", "orderDetails": {"orderID": "orderid:695641", "reservationid": "8GS-DBXT", "orderType": "call center"}}}
{"_id": "e59bea6e-53c8-11ea-8999-b88a60e194fb", "timestamp": "2020-01-18T01:02:56.000Z", "eventType": "transaction", "_adobeamericaspot3": {"CRMID": "crmid:1578935292", "orderDetails": {"orderID": "orderid:326520", "reservationid": "HVL-OTY2", "orderType": "website"}}}
{"_id": "e59cad50-53c8-11ea-beb6-b88a60e194fb", "timestamp": "2020-01-30T13:30:51.000Z", "eventType": "transaction", "_adobeamericaspot3": {"CRMID": "crmid:7973653338", "orderDetails": {"orderID": "orderid:222764", "reservationid": "MSW-U8DM", "orderType": "call center"}}}
{"_id": "e59dbeac-53c8-11ea-9fe9-b88a60e194fb", "timestamp": "2019-12-09T03:14:32.000Z", "eventType": "transaction", "_adobeamericaspot3": {"CRMID": "crmid:1817328632", "orderDetails": {"orderID": "orderid:450624", "reservationid": "9CI-6LQZ", "orderType": "mobile"}}}
{"_id": "e59e81f6-53c8-11ea-9d8c-b88a60e194fb", "timestamp": "2020-01-05T04:25:29.000Z", "eventType": "transaction", "_adobeamericaspot3": {"CRMID": "crmid:7763433594", "orderDetails": {"orderID": "orderid:165850", "reservationid": "P8L-WEYI", "orderType": "call center"}}}
{"_id": "e59f6c38-53c8-11ea-a220-b88a60e194fb", "timestamp": "2019-12-28T16:03:20.000Z", "eventType": "transaction", "_adobeamericaspot3": {"CRMID": "crmid:8984804413", "orderDetails": {"orderID": "orderid:980798", "reservationid": "XGE-PREN", "orderType": "service desk"}}}
{"_id": "e5a02fac-53c8-11ea-ba30-b88a60e194fb", "timestamp": "2019-12-24T04:38:07.000Z", "eventType": "transaction", "_adobeamericaspot3": {"CRMID": "crmid:3859543546", "orderDetails": {"orderID": "orderid:210445", "reservationid": "RDU-PBZ7", "orderType": "kiosk"}}}
{"_id": "e5a1188a-53c8-11ea-ba97-b88a60e194fb", "timestamp": "2020-01-20T10:57:36.000Z", "eventType": "transaction", "_adobeamericaspot3": {"CRMID": "crmid:9556322796", "orderDetails": {"orderID": "orderid:420818", "reservationid": "3CI-OLVS", "orderType": "website"}}}
{"_id": "e5a1dd36-53c8-11ea-981c-b88a60e194fb", "timestamp": "2019-12-13T22:05:54.000Z", "eventType": "transaction", "_adobeamericaspot3": {"CRMID": "crmid:4904478373", "orderDetails": {"orderID": "orderid:245583", "reservationid": "9M2-YIQW", "orderType": "kiosk"}}}
{"_id": "e5a29f52-53c8-11ea-bd41-b88a60e194fb", "timestamp": "2020-01-04T23:27:27.000Z", "eventType": "transaction", "_adobeamericaspot3": {"CRMID": "crmid:8572577753", "orderDetails": {"orderID": "orderid:865449", "reservationid": "1AL-8VKV", "orderType": "mobile"}}}
{"_id": "e5a38b36-53c8-11ea-8f00-b88a60e194fb", "timestamp": "2020-02-06T05:01:30.000Z", "eventType": "transaction", "_adobeamericaspot3": {"CRMID": "crmid:2361592209", "orderDetails": {"orderID": "orderid:221004", "reservationid": "JFM-OBYW", "orderType": "kiosk"}}}
{"_id": "e5a4740a-53c8-11ea-8989-b88a60e194fb", "timestamp": "2019-12-02T06:31:51.000Z", "eventType": "transaction", "_adobeamericaspot3": {"CRMID": "crmid:1353823278", "orderDetails": {"orderID": "orderid:109737", "reservationid": "ZJ4-Y2VA", "orderType": "website"}}}
{"_id": "e5a5601a-53c8-11ea-aba6-b88a60e194fb", "timestamp": "2020-01-19T20:32:16.000Z", "eventType": "transaction", "_adobeamericaspot3": {"CRMID": "crmid:8735896243", "orderDetails": {"orderID": "orderid:451093", "reservationid": "7UT-TVFP", "orderType": "service desk"}}}
{"_id": "e5a586e8-53c8-11ea-afa5-b88a60e194fb", "timestamp": "2020-01-24T00:00:00.000Z", "eventType": "transaction", "_adobeamericaspot3": {"CRMID": "crmid:8735896243", "orderDetails": {"orderID": "orderid:921404", "reservationid": "SE5-GQI9", "orderType": "website"}}}
{"_id": "e5a64a26-53c8-11ea-83dd-b88a60e194fb", "timestamp": "2019-12-05T08:33:05.000Z", "eventType": "transaction", "_adobeamericaspot3": {"CRMID": "crmid:2455510420", "orderDetails": {"orderID": "orderid:125419", "reservationid": "HNO-X9ZO", "orderType": "kiosk"}}}
{"_id": "e5a782a8-53c8-11ea-b86e-b88a60e194fb", "timestamp": "2020-01-14T10:23:29.000Z", "eventType": "transaction", "_adobeamericaspot3": {"CRMID": "crmid:5330503726", "orderDetails": {"orderID": "orderid:416083", "reservationid": "IRM-65DX", "orderType": "call center"}}}
{"_id": "e5a845f6-53c8-11ea-ac6c-b88a60e194fb", "timestamp": "2019-12-07T18:11:37.000Z", "eventType": "transaction", "_adobeamericaspot3": {"CRMID": "crmid:5163022769", "orderDetails": {"orderID": "orderid:718995", "reservationid": "OZG-RD9F", "orderType": "mobile"}}}
{"_id": "e5a93152-53c8-11ea-9347-b88a60e194fb", "timestamp": "2019-12-20T02:28:30.000Z", "eventType": "transaction", "_adobeamericaspot3": {"CRMID": "crmid:3049030457", "orderDetails": {"orderID": "orderid:660211", "reservationid": "PRK-ZALR", "orderType": "call center"}}}
{"_id": "e5a9f3b6-53c8-11ea-ab02-b88a60e194fb", "timestamp": "2019-12-13T04:39:48.000Z", "eventType": "transaction", "_adobeamericaspot3": {"CRMID": "crmid:6986580917", "orderDetails": {"orderID": "orderid:280956", "reservationid": "MVI-NFHN", "orderType": "kiosk"}}}
{"_id": "e5aade06-53c8-11ea-92de-b88a60e194fb", "timestamp": "2020-02-11T06:16:12.000Z", "eventType": "transaction", "_adobeamericaspot3": {"CRMID": "crmid:7318477485", "orderDetails": {"orderID": "orderid:620315", "reservationid": "KBP-2HJF", "orderType": "kiosk"}}}
{"_id": "e5ab7a40-53c8-11ea-abe3-b88a60e194fb", "timestamp": "2020-02-16T05:36:27.000Z", "eventType": "transaction", "_adobeamericaspot3": {"CRMID": "crmid:2809985777", "orderDetails": {"orderID": "orderid:652921", "reservationid": "K4E-HMQG", "orderType": "kiosk"}}}
{"_id": "e5ac3dec-53c8-11ea-8774-b88a60e194fb", "timestamp": "2020-01-09T01:19:10.000Z", "eventType": "transaction", "_adobeamericaspot3": {"CRMID": "crmid:4431850960", "orderDetails": {"orderID": "orderid:761714", "reservationid": "LLF-F0DW", "orderType": "mobile"}}}
{"_id": "e5ad0106-53c8-11ea-8d41-b88a60e194fb", "timestamp": "2020-01-06T05:44:50.000Z", "eventType": "transaction", "_adobeamericaspot3": {"CRMID": "crmid:6980217481", "orderDetails": {"orderID": "orderid:687715", "reservationid": "0SO-MVXR", "orderType": "mobile"}}}
{"_id": "e5adeb4a-53c8-11ea-a02d-b88a60e194fb", "timestamp": "2019-12-01T10:55:27.000Z", "eventType": "transaction", "_adobeamericaspot3": {"CRMID": "crmid:5441023458", "orderDetails": {"orderID": "orderid:318240", "reservationid": "ZX9-UG49", "orderType": "website"}}}
{"_id": "e5aeae94-53c8-11ea-b46b-b88a60e194fb", "timestamp": "2020-02-16T07:30:15.000Z", "eventType": "transaction", "_adobeamericaspot3": {"CRMID": "crmid:2566926598", "orderDetails": {"orderID": "orderid:914610", "reservationid": "J4F-Z7U7", "orderType": "website"}}}
{"_id": "e5af98f8-53c8-11ea-9bbc-b88a60e194fb", "timestamp": "2020-01-23T07:46:34.000Z", "eventType": "transaction", "_adobeamericaspot3": {"CRMID": "crmid:3883268368", "orderDetails": {"orderID": "orderid:550356", "reservationid": "WRQ-BDOZ", "orderType": "website"}}}
{"_id": "e5b05c42-53c8-11ea-a243-b88a60e194fb", "timestamp": "2019-12-13T07:10:42.000Z", "eventType": "transaction", "_adobeamericaspot3": {"CRMID": "crmid:4917912452", "orderDetails": {"orderID": "orderid:893554", "reservationid": "8G0-4AYH", "orderType": "mobile"}}}
{"_id": "e5b11f92-53c8-11ea-8798-b88a60e194fb", "timestamp": "2019-12-06T04:49:29.000Z", "eventType": "transaction", "_adobeamericaspot3": {"CRMID": "crmid:1780915856", "orderDetails": {"orderID": "orderid:412165", "reservationid": "YCT-CC1N", "orderType": "mobile"}}}
{"_id": "e5b209fa-53c8-11ea-9735-b88a60e194fb", "timestamp": "2020-01-10T10:42:08.000Z", "eventType": "transaction", "_adobeamericaspot3": {"CRMID": "crmid:7210684410", "orderDetails": {"orderID": "orderid:798017", "reservationid": "JPV-8DMR", "orderType": "kiosk"}}}
{"_id": "e5b2cd3e-53c8-11ea-8a9d-b88a60e194fb", "timestamp": "2019-12-01T13:22:46.000Z", "eventType": "transaction", "_adobeamericaspot3": {"CRMID": "crmid:5029093656", "orderDetails": {"orderID": "orderid:248514", "reservationid": "NCH-YYRG", "orderType": "call center"}}}
{"_id": "e5b39090-53c8-11ea-b38c-b88a60e194fb", "timestamp": "2019-12-11T03:46:34.000Z", "eventType": "transaction", "_adobeamericaspot3": {"CRMID": "crmid:1773060633", "orderDetails": {"orderID": "orderid:595849", "reservationid": "S8A-RMHD", "orderType": "call center"}}}
{"_id": "e5b453f0-53c8-11ea-8459-b88a60e194fb", "timestamp": "2020-01-18T11:53:48.000Z", "eventType": "transaction", "_adobeamericaspot3": {"CRMID": "crmid:4156082338", "orderDetails": {"orderID": "orderid:500097", "reservationid": "Z7M-TXLI", "orderType": "call center"}}}
{"_id": "e5b51758-53c8-11ea-aaef-b88a60e194fb", "timestamp": "2020-01-18T00:43:19.000Z", "eventType": "transaction", "_adobeamericaspot3": {"CRMID": "crmid:5634198861", "orderDetails": {"orderID": "orderid:319008", "reservationid": "TTQ-V0RB", "orderType": "website"}}}
{"_id": "e5b5da7e-53c8-11ea-834c-b88a60e194fb", "timestamp": "2020-01-02T07:59:33.000Z", "eventType": "transaction", "_adobeamericaspot3": {"CRMID": "crmid:6899135846", "orderDetails": {"orderID": "orderid:484142", "reservationid": "LMZ-VDKN", "orderType": "mobile"}}}
{"_id": "e5b69dd2-53c8-11ea-8530-b88a60e194fb", "timestamp": "2019-12-25T16:40:57.000Z", "eventType": "transaction", "_adobeamericaspot3": {"CRMID": "crmid:5665221741", "orderDetails": {"orderID": "orderid:431889", "reservationid": "YWO-RVVG", "orderType": "website"}}}
{"_id": "e5b7884a-53c8-11ea-a6a2-b88a60e194fb", "timestamp": "2020-01-11T06:44:44.000Z", "eventType": "transaction", "_adobeamericaspot3": {"CRMID": "crmid:9566892742", "orderDetails": {"orderID": "orderid:912343", "reservationid": "AJP-7D1V", "orderType": "kiosk"}}}
{"_id": "e5b8728c-53c8-11ea-bbb7-b88a60e194fb", "timestamp": "2020-01-01T07:51:15.000Z", "eventType": "transaction", "_adobeamericaspot3": {"CRMID": "crmid:4312697626", "orderDetails": {"orderID": "orderid:732859", "reservationid": "OD6-XDXW", "orderType": "website"}}}
{"_id": "e5b93600-53c8-11ea-9b32-b88a60e194fb", "timestamp": "2019-12-06T23:17:13.000Z", "eventType": "transaction", "_adobeamericaspot3": {"CRMID": "crmid:4038780132", "orderDetails": {"orderID": "orderid:397958", "reservationid": "5IX-NDMJ", "orderType": "call center"}}}
{"_id": "e5b9f954-53c8-11ea-b964-b88a60e194fb", "timestamp": "2020-02-12T03:36:52.000Z", "eventType": "transaction", "_adobeamericaspot3": {"CRMID": "crmid:8499036818", "orderDetails": {"orderID": "orderid:799864", "reservationid": "AIA-BWLW", "orderType": "kiosk"}}}
{"_id": "e5babc86-53c8-11ea-a14a-b88a60e194fb", "timestamp": "2019-12-29T17:36:12.000Z", "eventType": "transaction", "_adobeamericaspot3": {"CRMID": "crmid:5509802856", "orderDetails": {"orderID": "orderid:296155", "reservationid": "5T1-V3V8", "orderType": "kiosk"}}}
{"_id": "e5bba6fa-53c8-11ea-987d-b88a60e194fb", "timestamp": "2020-01-18T04:06:09.000Z", "eventType": "transaction", "_adobeamericaspot3": {"CRMID": "crmid:7670930540", "orderDetails": {"orderID": "orderid:171139", "reservationid": "EBC-ZOIO", "orderType": "website"}}}
{"_id": "e5bc913e-53c8-11ea-924e-b88a60e194fb", "timestamp": "2020-01-04T04:38:44.000Z", "eventType": "transaction", "_adobeamericaspot3": {"CRMID": "crmid:6660054248", "orderDetails": {"orderID": "orderid:968085", "reservationid": "RGW-BQPH", "orderType": "kiosk"}}}
{"_id": "e5bd5490-53c8-11ea-914e-b88a60e194fb", "timestamp": "2020-02-14T18:16:36.000Z", "eventType": "transaction", "_adobeamericaspot3": {"CRMID": "crmid:1475450037", "orderDetails": {"orderID": "orderid:163155", "reservationid": "MMA-HLZO", "orderType": "mobile"}}}
{"_id": "e5bd7bd8-53c8-11ea-ae18-b88a60e194fb", "timestamp": "2020-02-21T00:00:00.000Z", "eventType": "transaction", "_adobeamericaspot3": {"CRMID": "crmid:1475450037", "orderDetails": {"orderID": "orderid:590354", "reservationid": "ZEV-WPTM", "orderType": "website"}}}
{"_id": "e5be3dba-53c8-11ea-996c-b88a60e194fb", "timestamp": "2020-02-07T03:57:54.000Z", "eventType": "transaction", "_adobeamericaspot3": {"CRMID": "crmid:4090786886", "orderDetails": {"orderID": "orderid:882198", "reservationid": "PZF-2BTX", "orderType": "mobile"}}}
{"_id": "e5bf010a-53c8-11ea-b1c5-b88a60e194fb", "timestamp": "2019-12-27T19:20:13.000Z", "eventType": "transaction", "_adobeamericaspot3": {"CRMID": "crmid:5180663950", "orderDetails": {"orderID": "orderid:430122", "reservationid": "Y6Y-LL8U", "orderType": "kiosk"}}}
{"_id": "e5bfeb98-53c8-11ea-89e9-b88a60e194fb", "timestamp": "2019-12-07T00:57:58.000Z", "eventType": "transaction", "_adobeamericaspot3": {"CRMID": "crmid:6985650482", "orderDetails": {"orderID": "orderid:388517", "reservationid": "XHR-6BQJ", "orderType": "call center"}}}
{"_id": "e5c0fcca-53c8-11ea-9f87-b88a60e194fb", "timestamp": "2020-01-06T00:26:47.000Z", "eventType": "transaction", "_adobeamericaspot3": {"CRMID": "crmid:2781473162", "orderDetails": {"orderID": "orderid:221767", "reservationid": "FFC-86DT", "orderType": "mobile"}}}
{"_id": "e5c1c02c-53c8-11ea-9f36-b88a60e194fb", "timestamp": "2020-02-06T13:15:10.000Z", "eventType": "transaction", "_adobeamericaspot3": {"CRMID": "crmid:9737463936", "orderDetails": {"orderID": "orderid:907079", "reservationid": "4HW-HNXY", "orderType": "kiosk"}}}
{"_id": "e5c2ab34-53c8-11ea-93d4-b88a60e194fb", "timestamp": "2019-12-30T19:05:39.000Z", "eventType": "transaction", "_adobeamericaspot3": {"CRMID": "crmid:1864382851", "orderDetails": {"orderID": "orderid:565198", "reservationid": "5RC-MHER", "orderType": "mobile"}}}
{"_id": "e5c36ddc-53c8-11ea-9a0c-b88a60e194fb", "timestamp": "2020-02-01T02:54:18.000Z", "eventType": "transaction", "_adobeamericaspot3": {"CRMID": "crmid:4449014836", "orderDetails": {"orderID": "orderid:638704", "reservationid": "NFN-YQK8", "orderType": "kiosk"}}}
{"_id": "e5c4583a-53c8-11ea-8410-b88a60e194fb", "timestamp": "2019-12-11T00:02:16.000Z", "eventType": "transaction", "_adobeamericaspot3": {"CRMID": "crmid:7415849870", "orderDetails": {"orderID": "orderid:926914", "reservationid": "2TO-A9VW", "orderType": "call center"}}}
{"_id": "e5c51b92-53c8-11ea-9872-b88a60e194fb", "timestamp": "2019-12-20T23:44:19.000Z", "eventType": "transaction", "_adobeamericaspot3": {"CRMID": "crmid:4780385653", "orderDetails": {"orderID": "orderid:734429", "reservationid": "DED-Z7QF", "orderType": "kiosk"}}}
{"_id": "e5c605e6-53c8-11ea-9dcc-b88a60e194fb", "timestamp": "2019-12-07T18:50:01.000Z", "eventType": "transaction", "_adobeamericaspot3": {"CRMID": "crmid:5253784116", "orderDetails": {"orderID": "orderid:294537", "reservationid": "DGR-WZYR", "orderType": "kiosk"}}}
{"_id": "e5c6f066-53c8-11ea-b134-b88a60e194fb", "timestamp": "2020-01-25T14:58:48.000Z", "eventType": "transaction", "_adobeamericaspot3": {"CRMID": "crmid:9610253523", "orderDetails": {"orderID": "orderid:438836", "reservationid": "YOK-XID9", "orderType": "kiosk"}}}
{"_id": "e5c7daac-53c8-11ea-a28f-b88a60e194fb", "timestamp": "2019-12-10T05:24:20.000Z", "eventType": "transaction", "_adobeamericaspot3": {"CRMID": "crmid:3530180186", "orderDetails": {"orderID": "orderid:588626", "reservationid": "1DW-UKKM", "orderType": "mobile"}}}
{"_id": "e5c876e8-53c8-11ea-9c3e-b88a60e194fb", "timestamp": "2019-12-06T19:23:49.000Z", "eventType": "transaction", "_adobeamericaspot3": {"CRMID": "crmid:3286659260", "orderDetails": {"orderID": "orderid:819284", "reservationid": "N2C-3GAL", "orderType": "call center"}}}
{"_id": "e5c96142-53c8-11ea-b446-b88a60e194fb", "timestamp": "2020-02-01T16:05:59.000Z", "eventType": "transaction", "_adobeamericaspot3": {"CRMID": "crmid:9220762427", "orderDetails": {"orderID": "orderid:158547", "reservationid": "PZT-4UMF", "orderType": "kiosk"}}}
{"_id": "e5ca9a86-53c8-11ea-b29a-b88a60e194fb", "timestamp": "2020-01-05T09:09:02.000Z", "eventType": "transaction", "_adobeamericaspot3": {"CRMID": "crmid:4703057272", "orderDetails": {"orderID": "orderid:771017", "reservationid": "9X3-KIFX", "orderType": "kiosk"}}}
{"_id": "e5cb8426-53c8-11ea-a036-b88a60e194fb", "timestamp": "2019-12-30T22:29:42.000Z", "eventType": "transaction", "_adobeamericaspot3": {"CRMID": "crmid:1645443447", "orderDetails": {"orderID": "orderid:939330", "reservationid": "NDC-SSPA", "orderType": "service desk"}}}
{"_id": "e5cc6fc8-53c8-11ea-bdc3-b88a60e194fb", "timestamp": "2019-12-20T12:38:16.000Z", "eventType": "transaction", "_adobeamericaspot3": {"CRMID": "crmid:4868381691", "orderDetails": {"orderID": "orderid:373280", "reservationid": "K3B-K7QH", "orderType": "call center"}}}
{"_id": "e5cd3318-53c8-11ea-98f8-b88a60e194fb", "timestamp": "2020-01-07T00:53:42.000Z", "eventType": "transaction", "_adobeamericaspot3": {"CRMID": "crmid:6871193189", "orderDetails": {"orderID": "orderid:407773", "reservationid": "OBY-EGJO", "orderType": "kiosk"}}}
{"_id": "e5cdce0a-53c8-11ea-b98c-b88a60e194fb", "timestamp": "2020-01-05T15:32:27.000Z", "eventType": "transaction", "_adobeamericaspot3": {"CRMID": "crmid:7584033245", "orderDetails": {"orderID": "orderid:938543", "reservationid": "4CX-8XAW", "orderType": "website"}}}
{"_id": "e5ce92b4-53c8-11ea-8c38-b88a60e194fb", "timestamp": "2020-01-15T22:47:31.000Z", "eventType": "transaction", "_adobeamericaspot3": {"CRMID": "crmid:2049842042", "orderDetails": {"orderID": "orderid:183051", "reservationid": "CLZ-SGTN", "orderType": "mobile"}}}
{"_id": "e5cf7cfe-53c8-11ea-84c7-b88a60e194fb", "timestamp": "2020-01-11T22:56:04.000Z", "eventType": "transaction", "_adobeamericaspot3": {"CRMID": "crmid:2748072992", "orderDetails": {"orderID": "orderid:930696", "reservationid": "QNY-Z4JH", "orderType": "kiosk"}}}
{"_id": "e5d04036-53c8-11ea-a57d-b88a60e194fb", "timestamp": "2020-01-13T02:35:19.000Z", "eventType": "transaction", "_adobeamericaspot3": {"CRMID": "crmid:1937263748", "orderDetails": {"orderID": "orderid:858143", "reservationid": "DQF-IGDB", "orderType": "website"}}}
{"_id": "e5d12986-53c8-11ea-a755-b88a60e194fb", "timestamp": "2019-12-19T06:13:00.000Z", "eventType": "transaction", "_adobeamericaspot3": {"CRMID": "crmid:3569953675", "orderDetails": {"orderID": "orderid:763129", "reservationid": "BQR-LETV", "orderType": "call center"}}}
{"_id": "e5d1eccc-53c8-11ea-aedf-b88a60e194fb", "timestamp": "2019-12-11T01:19:30.000Z", "eventType": "transaction", "_adobeamericaspot3": {"CRMID": "crmid:3816500841", "orderDetails": {"orderID": "orderid:750512", "reservationid": "Q8F-LZWH", "orderType": "kiosk"}}}
{"_id": "e5d2fe36-53c8-11ea-bcff-b88a60e194fb", "timestamp": "2019-12-13T12:56:30.000Z", "eventType": "transaction", "_adobeamericaspot3": {"CRMID": "crmid:3372916744", "orderDetails": {"orderID": "orderid:287329", "reservationid": "DWF-SMJB", "orderType": "website"}}}
{"_id": "e5d3c18a-53c8-11ea-87f4-b88a60e194fb", "timestamp": "2020-01-29T06:43:11.000Z", "eventType": "transaction", "_adobeamericaspot3": {"CRMID": "crmid:8605313000", "orderDetails": {"orderID": "orderid:517211", "reservationid": "MCD-GBBY", "orderType": "kiosk"}}}
{"_id": "e5d4abf0-53c8-11ea-9d6b-b88a60e194fb", "timestamp": "2020-01-13T14:39:59.000Z", "eventType": "transaction", "_adobeamericaspot3": {"CRMID": "crmid:2972464594", "orderDetails": {"orderID": "orderid:104805", "reservationid": "Y0C-AP9L", "orderType": "mobile"}}}
{"_id": "e5d56f3e-53c8-11ea-abd4-b88a60e194fb", "timestamp": "2020-01-23T13:20:34.000Z", "eventType": "transaction", "_adobeamericaspot3": {"CRMID": "crmid:2743383284", "orderDetails": {"orderID": "orderid:377864", "reservationid": "RMN-UYPV", "orderType": "call center"}}}
{"_id": "e5d65acc-53c8-11ea-8cc0-b88a60e194fb", "timestamp": "2020-01-04T21:24:08.000Z", "eventType": "transaction", "_adobeamericaspot3": {"CRMID": "crmid:3893671788", "orderDetails": {"orderID": "orderid:294180", "reservationid": "KPA-UJSU", "orderType": "website"}}}
{"_id": "e5d71e1c-53c8-11ea-9faa-b88a60e194fb", "timestamp": "2020-01-08T19:54:42.000Z", "eventType": "transaction", "_adobeamericaspot3": {"CRMID": "crmid:9217953904", "orderDetails": {"orderID": "orderid:960390", "reservationid": "6NS-J7WJ", "orderType": "service desk"}}}
{"_id": "e5d7e18a-53c8-11ea-ab8e-b88a60e194fb", "timestamp": "2019-12-24T00:41:11.000Z", "eventType": "transaction", "_adobeamericaspot3": {"CRMID": "crmid:6275144057", "orderDetails": {"orderID": "orderid:513304", "reservationid": "KO4-HSKF", "orderType": "website"}}}
{"_id": "e5d8a41e-53c8-11ea-96da-b88a60e194fb", "timestamp": "2019-12-10T00:48:53.000Z", "eventType": "transaction", "_adobeamericaspot3": {"CRMID": "crmid:1485241056", "orderDetails": {"orderID": "orderid:706068", "reservationid": "UN2-F4VR", "orderType": "website"}}}
{"_id": "e5d98f24-53c8-11ea-a8c1-b88a60e194fb", "timestamp": "2020-01-07T06:18:32.000Z", "eventType": "transaction", "_adobeamericaspot3": {"CRMID": "crmid:3933459121", "orderDetails": {"orderID": "orderid:509087", "reservationid": "BJ1-NR2H", "orderType": "call center"}}}
{"_id": "e5da7848-53c8-11ea-aa1c-b88a60e194fb", "timestamp": "2019-12-28T03:52:33.000Z", "eventType": "transaction", "_adobeamericaspot3": {"CRMID": "crmid:5016023109", "orderDetails": {"orderID": "orderid:129460", "reservationid": "TII-ORE2", "orderType": "call center"}}}
{"_id": "e5db3b9c-53c8-11ea-92dd-b88a60e194fb", "timestamp": "2020-02-08T13:53:59.000Z", "eventType": "transaction", "_adobeamericaspot3": {"CRMID": "crmid:7008367625", "orderDetails": {"orderID": "orderid:390356", "reservationid": "9WR-M7FV", "orderType": "website"}}}
{"_id": "e5dc4d08-53c8-11ea-a35e-b88a60e194fb", "timestamp": "2019-12-12T12:03:51.000Z", "eventType": "transaction", "_adobeamericaspot3": {"CRMID": "crmid:2982327317", "orderDetails": {"orderID": "orderid:687234", "reservationid": "J0M-QUEV", "orderType": "call center"}}}
{"_id": "e5dd105c-53c8-11ea-a57a-b88a60e194fb", "timestamp": "2019-12-23T04:56:30.000Z", "eventType": "transaction", "_adobeamericaspot3": {"CRMID": "crmid:9724980077", "orderDetails": {"orderID": "orderid:786368", "reservationid": "N9B-EI0R", "orderType": "call center"}}}
{"_id": "e5ddfaba-53c8-11ea-8d7c-b88a60e194fb", "timestamp": "2020-01-06T03:31:35.000Z", "eventType": "transaction", "_adobeamericaspot3": {"CRMID": "crmid:8509309486", "orderDetails": {"orderID": "orderid:753590", "reservationid": "C45-TDVG", "orderType": "call center"}}}
{"_id": "e5debe0a-53c8-11ea-a525-b88a60e194fb", "timestamp": "2020-01-20T20:36:48.000Z", "eventType": "transaction", "_adobeamericaspot3": {"CRMID": "crmid:5298838722", "orderDetails": {"orderID": "orderid:122910", "reservationid": "3QH-WD9V", "orderType": "service desk"}}}
{"_id": "e5dfa9a8-53c8-11ea-8145-b88a60e194fb", "timestamp": "2020-02-04T22:10:53.000Z", "eventType": "transaction", "_adobeamericaspot3": {"CRMID": "crmid:9496427205", "orderDetails": {"orderID": "orderid:492646", "reservationid": "S7U-N9VZ", "orderType": "website"}}}
{"_id": "e5e04600-53c8-11ea-ad6e-b88a60e194fb", "timestamp": "2019-12-06T07:36:09.000Z", "eventType": "transaction", "_adobeamericaspot3": {"CRMID": "crmid:9969817368", "orderDetails": {"orderID": "orderid:944681", "reservationid": "DLP-IGVF", "orderType": "kiosk"}}}
{"_id": "e5e12ef0-53c8-11ea-b49e-b88a60e194fb", "timestamp": "2019-12-21T03:14:18.000Z", "eventType": "transaction", "_adobeamericaspot3": {"CRMID": "crmid:5897802484", "orderDetails": {"orderID": "orderid:566773", "reservationid": "DPM-WC6R", "orderType": "call center"}}}
{"_id": "e5e21ad8-53c8-11ea-b520-b88a60e194fb", "timestamp": "2019-12-20T22:34:01.000Z", "eventType": "transaction", "_adobeamericaspot3": {"CRMID": "crmid:4629990789", "orderDetails": {"orderID": "orderid:871522", "reservationid": "LSC-TTHI", "orderType": "kiosk"}}}
{"_id": "e5e2de0a-53c8-11ea-b010-b88a60e194fb", "timestamp": "2020-02-13T06:18:47.000Z", "eventType": "transaction", "_adobeamericaspot3": {"CRMID": "crmid:6829803326", "orderDetails": {"orderID": "orderid:993716", "reservationid": "B8H-T80K", "orderType": "kiosk"}}}
{"_id": "e5e3a140-53c8-11ea-b59b-b88a60e194fb", "timestamp": "2019-12-17T05:26:53.000Z", "eventType": "transaction", "_adobeamericaspot3": {"CRMID": "crmid:2752987725", "orderDetails": {"orderID": "orderid:429508", "reservationid": "AT3-U7OG", "orderType": "kiosk"}}}
{"_id": "e5e48bd0-53c8-11ea-b601-b88a60e194fb", "timestamp": "2019-12-30T13:34:41.000Z", "eventType": "transaction", "_adobeamericaspot3": {"CRMID": "crmid:9799358821", "orderDetails": {"orderID": "orderid:622032", "reservationid": "UMO-OEWQ", "orderType": "call center"}}}
{"_id": "e5e54eee-53c8-11ea-91f5-b88a60e194fb", "timestamp": "2019-12-15T01:29:12.000Z", "eventType": "transaction", "_adobeamericaspot3": {"CRMID": "crmid:1758840195", "orderDetails": {"orderID": "orderid:264285", "reservationid": "YTS-TGH6", "orderType": "call center"}}}
{"_id": "e5e61246-53c8-11ea-b2ae-b88a60e194fb", "timestamp": "2020-01-05T18:32:59.000Z", "eventType": "transaction", "_adobeamericaspot3": {"CRMID": "crmid:8968405043", "orderDetails": {"orderID": "orderid:195620", "reservationid": "PLZ-2XVA", "orderType": "call center"}}}
{"_id": "e5e6d590-53c8-11ea-a951-b88a60e194fb", "timestamp": "2020-01-13T15:23:16.000Z", "eventType": "transaction", "_adobeamericaspot3": {"CRMID": "crmid:6962870793", "orderDetails": {"orderID": "orderid:483284", "reservationid": "J4W-RJVP", "orderType": "mobile"}}}
{"_id": "e5e798f4-53c8-11ea-872f-b88a60e194fb", "timestamp": "2020-02-01T06:48:40.000Z", "eventType": "transaction", "_adobeamericaspot3": {"CRMID": "crmid:4392849571", "orderDetails": {"orderID": "orderid:206179", "reservationid": "QO6-UVE8", "orderType": "call center"}}}
{"_id": "e5e881ee-53c8-11ea-9532-b88a60e194fb", "timestamp": "2020-02-12T06:31:56.000Z", "eventType": "transaction", "_adobeamericaspot3": {"CRMID": "crmid:6589684428", "orderDetails": {"orderID": "orderid:392311", "reservationid": "ONW-U4X2", "orderType": "website"}}}
{"_id": "e5e94692-53c8-11ea-a409-b88a60e194fb", "timestamp": "2019-12-05T03:07:06.000Z", "eventType": "transaction", "_adobeamericaspot3": {"CRMID": "crmid:4905050515", "orderDetails": {"orderID": "orderid:276613", "reservationid": "JPP-3WMN", "orderType": "mobile"}}}
{"_id": "e5ea09f4-53c8-11ea-a8a4-b88a60e194fb", "timestamp": "2020-01-11T05:19:33.000Z", "eventType": "transaction", "_adobeamericaspot3": {"CRMID": "crmid:7789817537", "orderDetails": {"orderID": "orderid:324735", "reservationid": "2V3-ZD1H", "orderType": "mobile"}}}
{"_id": "e5eaa64c-53c8-11ea-af17-b88a60e194fb", "timestamp": "2020-02-11T17:53:09.000Z", "eventType": "transaction", "_adobeamericaspot3": {"CRMID": "crmid:3856052204", "orderDetails": {"orderID": "orderid:902497", "reservationid": "IPK-GJ5I", "orderType": "kiosk"}}}
