id,reservationid,orderid,crmid,timestamp,orderType,productsku,hotelCheckInUnix,hotelCheckOutUnix,hotelCheckInTS,hotelCheckOutTS,hotelName,hotelChain,hotelLocation,hotelRoomType,hotelRoomCount,hotelGuestAdultCount,hotelGuestChildCount,hotelNightCount,hotelRoomPrice,hotelFinalPrice
orderid:284506,ZQU-DCFD,orderid:284506,crmid:7169616111,2020-01-24T15:49:31.000Z,website,prd1189,1582213771,1582300171,2020-02-20T15:49:31+00:00,2020-02-21T15:49:31+00:00,Admiralty Plaza: Bakersfield,Admiralty Plaza,Bakersfield,standard,1,1,0,1,146.17,146.17
orderid:293339,HKS-Q9GQ,orderid:293339,crmid:2271594554,2020-01-13T00:39:37.000Z,kiosk,prd1004,1578962377,1579048777,2020-01-14T00:39:37+00:00,2020-01-15T00:39:37+00:00,Aspen Heights: Boulder,Aspen Heights,Boulder,standard,1,1,0,1,170.87,170.87
orderid:151788,EMS-LLGG,orderid:151788,crmid:5329311440,2020-02-13T13:19:52.000Z,mobile,prd1084,1583068792,1584105592,2020-03-01T13:19:52+00:00,2020-03-13T13:19:52+00:00,Sandhill: Santiago,Sandhill,Santiago,standard,1,1,0,12,124.72,1496.64
orderid:934305,XKZ-YHYR,orderid:934305,crmid:2304931082,2020-02-13T09:36:14.000Z,call center,prd1076,1582968974,1583487374,2020-02-29T09:36:14+00:00,2020-03-06T09:36:14+00:00,Aspen Heights: Bogota,Aspen Heights,Bogota,standard,1,1,0,6,141.95,851.7
orderid:223163,UZ8-XDOI,orderid:223163,crmid:1856029362,2020-01-08T01:57:43.000Z,call center,prd1064,1578621463,1578794263,2020-01-10T01:57:43+00:00,2020-01-12T01:57:43+00:00,Aspen Heights: Paris,Aspen Heights,Paris,standard,1,1,0,2,147.05,294.1
orderid:170283,BYJ-4A9T,orderid:170283,crmid:9805341736,2019-12-05T12:00:11.000Z,kiosk,prd1040,1576756811,1577793611,2019-12-19T12:00:11+00:00,2019-12-31T12:00:11+00:00,Aspen Heights: Atlanta,Aspen Heights,Atlanta,standard,1,1,0,12,131.79,1581.48
orderid:508414,GUD-X29Q,orderid:508414,crmid:6977334522,2020-01-07T08:02:13.000Z,website,prd1195,1580371333,1580544133,2020-01-30T08:02:13+00:00,2020-02-01T08:02:13+00:00,Family Fun Hotels: Lahore,Family Fun Hotels,Lahore,standard,1,1,1,2,118.55,237.1
orderid:756965,OY6-CQ9T,orderid:756965,crmid:3455698380,2019-12-19T18:53:44.000Z,kiosk,prd1122,1577645624,1578250424,2019-12-29T18:53:44+00:00,2020-01-05T18:53:44+00:00,Restful Nights: Valencia,Restful Nights,Valencia,premium,1,1,0,7,139.17,974.19
orderid:197241,J87-LIHM,orderid:197241,crmid:9889652290,2020-02-13T14:17:25.000Z,call center,prd1112,1581689845,1581862645,2020-02-14T14:17:25+00:00,2020-02-16T14:17:25+00:00,Aspen Heights: Birmingham,Aspen Heights,Birmingham,premium,1,1,0,2,141.24,282.48
orderid:241386,OSJ-ETO4,orderid:241386,crmid:5067763055,2019-12-23T03:21:01.000Z,kiosk,prd1030,1579058461,1579749661,2020-01-15T03:21:01+00:00,2020-01-23T03:21:01+00:00,Sego Lily Suites: Las Vegas,Sego Lily Suites,Las Vegas,premium,1,1,0,8,115.94,927.52
orderid:302599,RAA-EA1I,orderid:302599,crmid:2024992558,2020-01-30T05:43:59.000Z,kiosk,prd1040,1582091039,1582609439,2020-02-19T05:43:59+00:00,2020-02-25T05:43:59+00:00,Aspen Heights: Atlanta,Aspen Heights,Atlanta,standard,1,1,0,6,127.42,764.52
orderid:636219,R9R-N5EG,orderid:636219,crmid:7991081799,2019-12-09T00:23:21.000Z,kiosk,prd1082,1575937401,1576369401,2019-12-10T00:23:21+00:00,2019-12-15T00:23:21+00:00,Blue Reef Resort: Surat,Blue Reef Resort,Surat,standard,1,1,0,5,148.91,744.55
orderid:270140,9VO-HXEI,orderid:270140,crmid:8513943792,2019-12-19T11:45:14.000Z,kiosk,prd1137,1577360714,1578138314,2019-12-26T11:45:14+00:00,2020-01-04T11:45:14+00:00,Sapphire Suites: Manila,Sapphire Suites,Manila,standard,1,1,0,9,155.18,1396.62
orderid:308396,ATG-CDSX,orderid:308396,crmid:4148366450,2020-01-26T07:21:27.000Z,kiosk,prd1195,1582010487,1582269687,2020-02-18T07:21:27+00:00,2020-02-21T07:21:27+00:00,Family Fun Hotels: Lahore,Family Fun Hotels,Lahore,standard,1,1,2,3,121.01,363.03
orderid:645979,6VQ-XDHN,orderid:645979,crmid:2544881311,2020-01-24T09:15:55.000Z,website,prd1022,1581498955,1582190155,2020-02-12T09:15:55+00:00,2020-02-20T09:15:55+00:00,Blue Reef Resort: Washington DC,Blue Reef Resort,Washington DC,standard,1,1,0,8,200.23,1601.84
orderid:555256,EE7-V1VW,orderid:555256,crmid:5738336030,2020-01-07T23:52:59.000Z,service desk,prd1014,1579909979,1580687579,2020-01-24T23:52:59+00:00,2020-02-02T23:52:59+00:00,Restful Nights: Jacksonville,Restful Nights,Jacksonville,standard,1,1,2,9,203.39,1830.51
orderid:688452,SYA-UREI,orderid:688452,crmid:3315399881,2020-02-01T15:28:05.000Z,call center,prd1179,1582039685,1582298885,2020-02-18T15:28:05+00:00,2020-02-21T15:28:05+00:00,Hospitality Inn: Miami,Hospitality Inn,Miami,standard,1,1,0,3,175.32,525.96
orderid:453070,5FZ-VLAG,orderid:453070,crmid:4482914523,2020-01-19T03:44:41.000Z,call center,prd1086,1579491881,1579578281,2020-01-20T03:44:41+00:00,2020-01-21T03:44:41+00:00,Restful Nights: Johannesburg,Restful Nights,Johannesburg,standard,1,1,0,1,136.3,136.3
orderid:938970,MFG-DN1G,orderid:938970,crmid:9512289931,2020-01-20T05:56:22.000Z,website,prd1125,1579931782,1580795782,2020-01-25T05:56:22+00:00,2020-02-04T05:56:22+00:00,Sapphire Suites: Palermo,Sapphire Suites,Palermo,standard,1,1,0,10,100.81,1008.1
orderid:145621,VR0-R09E,orderid:145621,crmid:5395556279,2019-12-19T06:17:33.000Z,kiosk,prd1143,1578896253,1579414653,2020-01-13T06:17:33+00:00,2020-01-19T06:17:33+00:00,Hospitality Inn: San Antonio,Hospitality Inn,San Antonio,standard,1,1,0,6,174.21,1045.26
orderid:620882,4JA-OWFS,orderid:620882,crmid:3803860156,2020-02-10T21:19:30.000Z,call center,prd1020,1582233570,1582665570,2020-02-20T21:19:30+00:00,2020-02-25T21:19:30+00:00,Repose Resort: Seattle,Repose Resort,Seattle,standard,1,1,0,5,108.15,540.75
orderid:390702,GHY-BDGD,orderid:390702,crmid:7756165854,2020-02-16T03:17:46.000Z,website,prd1173,1583983066,1584674266,2020-03-12T03:17:46+00:00,2020-03-20T03:17:46+00:00,Sapphire Suites: Kansas City,Sapphire Suites,Kansas City,ultra-luxury,1,1,0,8,313.36,2506.88
orderid:272645,PGQ-QBSS,orderid:272645,crmid:5044246178,2019-12-04T22:49:02.000Z,service desk,prd1033,1577400542,1578091742,2019-12-26T22:49:02+00:00,2020-01-03T22:49:02+00:00,Admiralty Plaza: Milwaukee,Admiralty Plaza,Milwaukee,standard,1,1,0,8,126.38,1011.04
orderid:315023,CWB-OSSE,orderid:315023,crmid:7668790040,2020-02-10T21:08:18.000Z,website,prd1040,1583442498,1584652098,2020-03-05T21:08:18+00:00,2020-03-19T21:08:18+00:00,Aspen Heights: Atlanta,Aspen Heights,Atlanta,standard,1,1,0,14,162.23,2271.22
orderid:442066,NN9-FNVI,orderid:442066,crmid:2231104680,2020-01-05T23:07:48.000Z,kiosk,prd1088,1579993668,1581635268,2020-01-25T23:07:48+00:00,2020-02-13T23:07:48+00:00,Aspen Heights: Ankara,Aspen Heights,Ankara,premium,1,1,0,19,120.83,2295.77
orderid:917643,AJP-HC6H,orderid:917643,crmid:3616122578,2020-01-27T03:20:18.000Z,kiosk,prd1107,1581045618,1581564018,2020-02-07T03:20:18+00:00,2020-02-13T03:20:18+00:00,Hospitality Inn: Kharkiv,Hospitality Inn,Kharkiv,standard,1,1,2,6,138.22,829.32
orderid:705272,8GN-77BD,orderid:705272,crmid:9024049474,2019-12-28T14:42:16.000Z,website,prd1033,1579617736,1580395336,2020-01-21T14:42:16+00:00,2020-01-30T14:42:16+00:00,Admiralty Plaza: Milwaukee,Admiralty Plaza,Milwaukee,ultra-luxury,1,1,0,9,304.7,2742.3
orderid:952193,N45-A8F6,orderid:952193,crmid:6858969483,2020-02-13T23:55:45.000Z,website,prd1172,1583970945,1584316545,2020-03-11T23:55:45+00:00,2020-03-15T23:55:45+00:00,Aspen Heights: Mesa,Aspen Heights,Mesa,standard,1,1,2,4,170.99,683.96
orderid:949940,GRK-UU8A,orderid:949940,crmid:3700404941,2020-01-23T19:16:58.000Z,mobile,prd1181,1582053418,1582571818,2020-02-18T19:16:58+00:00,2020-02-24T19:16:58+00:00,Grandeur Hotels: Oakland,Grandeur Hotels,Oakland,standard,1,1,0,6,141.35,848.1
orderid:705190,RKG-YMOO,orderid:705190,crmid:3838998783,2019-12-03T01:51:46.000Z,call center,prd1146,1576720306,1578275506,2019-12-19T01:51:46+00:00,2020-01-06T01:51:46+00:00,Restful Nights: San Jose,Restful Nights,San Jose,standard,1,1,0,18,136.03,2448.54
orderid:276812,VK0-XZXO,orderid:276812,crmid:7111124013,2019-12-25T06:39:53.000Z,website,prd1010,1579243193,1579847993,2020-01-17T06:39:53+00:00,2020-01-24T06:39:53+00:00,Blue Reef Resort: San Diego,Blue Reef Resort,San Diego,premium,1,1,1,7,122.85,859.95
orderid:931575,RPJ-DOTF,orderid:931575,crmid:4765824835,2019-12-03T03:18:24.000Z,mobile,prd1121,1577071104,1577589504,2019-12-23T03:18:24+00:00,2019-12-29T03:18:24+00:00,Grandeur Hotels: Stockholm,Grandeur Hotels,Stockholm,standard,1,1,0,6,105.44,632.64
orderid:589634,RPK-1P7P,orderid:589634,crmid:7955930987,2020-01-15T18:28:48.000Z,website,prd1146,1579199328,1579458528,2020-01-16T18:28:48+00:00,2020-01-19T18:28:48+00:00,Restful Nights: San Jose,Restful Nights,San Jose,standard,1,1,0,3,139.69,419.07
orderid:806246,WUI-SPVK,orderid:806246,crmid:1922078423,2020-01-19T12:52:49.000Z,mobile,prd1028,1581598369,1582203169,2020-02-13T12:52:49+00:00,2020-02-20T12:52:49+00:00,Aspen Heights: Portland,Aspen Heights,Portland,standard,1,1,0,7,69.3,485.1
orderid:257770,AQZ-JPFJ,orderid:257770,crmid:5411901231,2020-01-23T14:39:30.000Z,call center,prd1077,1581777570,1582468770,2020-02-15T14:39:30+00:00,2020-02-23T14:39:30+00:00,Sapphire Suites: Cairo,Sapphire Suites,Cairo,standard,1,1,0,8,126.44,1011.52
orderid:703799,M8S-8NPN,orderid:703799,crmid:4750094259,2020-02-04T18:18:13.000Z,kiosk,prd1051,1581445093,1582654693,2020-02-11T18:18:13+00:00,2020-02-25T18:18:13+00:00,Family Fun Hotels: New Orleans,Family Fun Hotels,New Orleans,standard,1,1,2,14,149.17,2088.38
orderid:418362,JMD-AVWB,orderid:418362,crmid:4452514142,2020-01-21T01:57:41.000Z,kiosk,prd1187,1581127061,1582077461,2020-02-08T01:57:41+00:00,2020-02-19T01:57:41+00:00,Nesting Box Inn: Cleveland,Nesting Box Inn,Cleveland,standard,1,1,0,11,128.65,1415.15
orderid:255310,ILZ-T4XH,orderid:255310,crmid:8874406585,2019-12-28T20:15:50.000Z,service desk,prd1082,1579551350,1580156150,2020-01-20T20:15:50+00:00,2020-01-27T20:15:50+00:00,Blue Reef Resort: Surat,Blue Reef Resort,Surat,standard,1,1,2,7,153.11,1071.77
orderid:698630,WWN-UDUK,orderid:698630,crmid:8780303020,2020-01-06T05:13:55.000Z,website,prd1005,1578460435,1579410835,2020-01-08T05:13:55+00:00,2020-01-19T05:13:55+00:00,Sapphire Suites: Los Angeles,Sapphire Suites,Los Angeles,premium,1,1,0,11,191.74,2109.14
orderid:101975,CE5-GCFM,orderid:101975,crmid:6618837714,2019-12-27T00:21:06.000Z,call center,prd1189,1577492466,1577751666,2019-12-28T00:21:06+00:00,2019-12-31T00:21:06+00:00,Admiralty Plaza: Bakersfield,Admiralty Plaza,Bakersfield,standard,1,1,0,3,121.41,364.23
orderid:922303,LTB-TK8C,orderid:922303,crmid:8947623531,2020-02-12T02:26:56.000Z,kiosk,prd1093,1583634416,1584412016,2020-03-08T02:26:56+00:00,2020-03-17T02:26:56+00:00,Admiralty Plaza: Yokohama,Admiralty Plaza,Yokohama,standard,1,1,0,9,120.2,1081.8
orderid:385620,JAV-EK57,orderid:385620,crmid:5665768282,2020-01-22T07:40:46.000Z,mobile,prd1100,1581579646,1582098046,2020-02-13T07:40:46+00:00,2020-02-19T07:40:46+00:00,Aspen Heights: Misk,Aspen Heights,Misk,standard,1,1,0,6,114.6,687.6
orderid:595873,XMR-ZBH7,orderid:595873,crmid:6225578634,2020-01-17T21:17:13.000Z,website,prd1062,1581542233,1582579033,2020-02-12T21:17:13+00:00,2020-02-24T21:17:13+00:00,Restful Nights: Moscow,Restful Nights,Moscow,luxury,1,1,0,12,260.75,3129.0
orderid:609935,EMU-F2TE,orderid:609935,crmid:9444075272,2020-02-10T09:00:37.000Z,website,prd1021,1581411637,1581498037,2020-02-11T09:00:37+00:00,2020-02-12T09:00:37+00:00,Admiralty Plaza: Denver,Admiralty Plaza,Denver,standard,1,1,0,1,146.15,146.15
orderid:720760,R7B-I7TK,orderid:720760,crmid:7508743742,2020-01-30T02:52:29.000Z,mobile,prd1117,1580439149,1580525549,2020-01-31T02:52:29+00:00,2020-02-01T02:52:29+00:00,Admiralty Plaza: Dublin,Admiralty Plaza,Dublin,standard,1,1,0,1,158.15,158.15
orderid:128334,TKN-SDIA,orderid:128334,crmid:6410460465,2020-01-02T20:34:44.000Z,mobile,prd1033,1580416484,1580589284,2020-01-30T20:34:44+00:00,2020-02-01T20:34:44+00:00,Admiralty Plaza: Milwaukee,Admiralty Plaza,Milwaukee,standard,1,1,0,2,117.28,234.56
orderid:978066,864-JYRW,orderid:978066,crmid:6668186860,2020-02-11T00:55:16.000Z,kiosk,prd1143,1583196916,1584579316,2020-03-03T00:55:16+00:00,2020-03-19T00:55:16+00:00,Hospitality Inn: San Antonio,Hospitality Inn,San Antonio,premium,1,1,0,16,112.68,1802.88
orderid:813879,IVM-153Y,orderid:813879,crmid:1572104809,2020-01-10T23:42:42.000Z,service desk,prd1169,1579045362,1579390962,2020-01-14T23:42:42+00:00,2020-01-18T23:42:42+00:00,Grandeur Hotels: Tucson,Grandeur Hotels,Tucson,ultra-luxury,1,1,0,4,334.49,1337.96
orderid:574273,WQF-KVAN,orderid:574273,crmid:8266139957,2020-02-07T09:33:10.000Z,mobile,prd1197,1582536790,1582968790,2020-02-24T09:33:10+00:00,2020-02-29T09:33:10+00:00,Sapphire Suites: London,Sapphire Suites,London,standard,1,1,2,5,169.62,848.1
orderid:906386,NMG-F3JJ,orderid:906386,crmid:5042362555,2019-12-22T16:26:06.000Z,website,prd1160,1577118366,1577463966,2019-12-23T16:26:06+00:00,2019-12-27T16:26:06+00:00,Aspen Heights: Nashville,Aspen Heights,Nashville,standard,1,1,0,4,127.07,508.28
orderid:199759,71M-7VTY,orderid:199759,crmid:1314631863,2020-01-06T23:17:37.000Z,call center,prd1178,1580512657,1580944657,2020-01-31T23:17:37+00:00,2020-02-05T23:17:37+00:00,Blue Reef Resort: Colorado Springs,Blue Reef Resort,Colorado Springs,standard,1,1,0,5,132.84,664.2
orderid:477685,02S-HELH,orderid:477685,crmid:5092479203,2020-01-13T18:01:32.000Z,website,prd1167,1581184892,1582394492,2020-02-08T18:01:32+00:00,2020-02-22T18:01:32+00:00,Hospitality Inn: Milwaukee,Hospitality Inn,Milwaukee,premium,1,1,0,14,143.21,2004.94
orderid:496577,DAH-ZRDC,orderid:496577,crmid:6116888481,2020-01-19T18:14:53.000Z,mobile,prd1193,1581444893,1582308893,2020-02-11T18:14:53+00:00,2020-02-21T18:14:53+00:00,Grandeur Hotels: Kinshasa,Grandeur Hotels,Kinshasa,standard,1,1,4,10,117.88,1178.8
orderid:240036,NZL-MQFA,orderid:240036,crmid:3140514458,2020-02-01T06:37:52.000Z,call center,prd1172,1580625472,1580884672,2020-02-02T06:37:52+00:00,2020-02-05T06:37:52+00:00,Aspen Heights: Mesa,Aspen Heights,Mesa,premium,1,1,0,3,147.77,443.31
orderid:130890,C3U-KEST,orderid:130890,crmid:5857974094,2019-12-19T19:53:14.000Z,kiosk,prd1182,1578167594,1579031594,2020-01-04T19:53:14+00:00,2020-01-14T19:53:14+00:00,Restful Nights: Minneapolis,Restful Nights,Minneapolis,standard,1,1,0,10,110.33,1103.3
orderid:286046,JAD-CUQZ,orderid:286046,crmid:8369347836,2020-01-29T09:26:54.000Z,call center,prd1023,1582709214,1583400414,2020-02-26T09:26:54+00:00,2020-03-05T09:26:54+00:00,Hospitality Inn: Boston,Hospitality Inn,Boston,standard,1,1,1,8,166.47,1331.76
orderid:295664,2P0-VLVJ,orderid:295664,crmid:6417438129,2020-01-31T07:19:44.000Z,website,prd1141,1582528784,1583651984,2020-02-24T07:19:44+00:00,2020-03-08T07:19:44+00:00,Admiralty Plaza: Phoenix,Admiralty Plaza,Phoenix,standard,1,1,0,13,93.11,1210.43
orderid:521249,KJ4-N0DS,orderid:521249,crmid:3689541021,2019-12-02T15:25:33.000Z,kiosk,prd1178,1577546733,1578237933,2019-12-28T15:25:33+00:00,2020-01-05T15:25:33+00:00,Blue Reef Resort: Colorado Springs,Blue Reef Resort,Colorado Springs,standard,1,1,0,8,150.05,1200.4
orderid:891365,3ML-VRTN,orderid:891365,crmid:3717534860,2020-02-14T04:40:42.000Z,call center,prd1101,1583556042,1583901642,2020-03-07T04:40:42+00:00,2020-03-11T04:40:42+00:00,Sapphire Suites: Vienna,Sapphire Suites,Vienna,premium,1,1,3,4,139.93,559.72
orderid:933086,1P4-K7TN,orderid:933086,crmid:2218674055,2019-12-01T00:37:00.000Z,kiosk,prd1194,1577320620,1578789420,2019-12-26T00:37:00+00:00,2020-01-12T00:37:00+00:00,Restful Nights: Tianjin,Restful Nights,Tianjin,luxury,1,1,2,17,274.27,4662.59
orderid:405194,9XU-SSZV,orderid:405194,crmid:6476369585,2020-01-12T02:48:17.000Z,kiosk,prd1058,1578970097,1579142897,2020-01-14T02:48:17+00:00,2020-01-16T02:48:17+00:00,Blue Reef Resort: Delhi,Blue Reef Resort,Delhi,standard,1,1,0,2,153.85,307.7
orderid:492654,XVT-1VDY,orderid:492654,crmid:1796228921,2019-12-26T19:29:20.000Z,kiosk,prd1153,1578943760,1579375760,2020-01-13T19:29:20+00:00,2020-01-18T19:29:20+00:00,Admiralty Plaza: Charlotte,Admiralty Plaza,Charlotte,standard,1,1,2,5,175.9,879.5
orderid:607280,QEE-L28Y,orderid:607280,crmid:5474008658,2019-12-07T01:51:13.000Z,website,prd1027,1575769873,1576115473,2019-12-08T01:51:13+00:00,2019-12-12T01:51:13+00:00,Family Fun Hotels: Memphis,Family Fun Hotels,Memphis,standard,1,1,0,4,139.05,556.2
orderid:745251,XIT-N9YE,orderid:745251,crmid:8708632023,2019-12-23T21:31:46.000Z,kiosk,prd1124,1579469506,1579901506,2020-01-19T21:31:46+00:00,2020-01-24T21:31:46+00:00,Aspen Heights: Leeds,Aspen Heights,Leeds,standard,1,1,0,5,128.0,640.0
orderid:145008,X3N-WVQP,orderid:145008,crmid:1707678682,2020-02-07T12:43:38.000Z,call center,prd1185,1582893818,1583585018,2020-02-28T12:43:38+00:00,2020-03-07T12:43:38+00:00,Sapphire Suites: New Orleans,Sapphire Suites,New Orleans,standard,1,1,0,8,141.26,1130.08
orderid:468853,94F-UF6N,orderid:468853,crmid:4259063937,2020-02-11T15:57:12.000Z,website,prd1071,1582905432,1583510232,2020-02-28T15:57:12+00:00,2020-03-06T15:57:12+00:00,Hospitality Inn: Seoul,Hospitality Inn,Seoul,standard,1,1,0,7,155.88,1091.16
orderid:447524,ULZ-MVEE,orderid:447524,crmid:1673397897,2020-01-13T20:06:43.000Z,call center,prd1029,1579723603,1580501203,2020-01-22T20:06:43+00:00,2020-01-31T20:06:43+00:00,Sapphire Suites: Oklahoma City,Sapphire Suites,Oklahoma City,standard,1,1,0,9,174.62,1571.58
orderid:474078,QEA-HNIO,orderid:474078,crmid:8178515148,2020-01-06T14:46:52.000Z,kiosk,prd1052,1578408412,1578926812,2020-01-07T14:46:52+00:00,2020-01-13T14:46:52+00:00,Aspen Heights: Wichita,Aspen Heights,Wichita,standard,1,1,0,6,131.43,788.58
orderid:174660,WQC-LCIJ,orderid:174660,crmid:4064287051,2019-12-28T09:14:06.000Z,call center,prd1134,1579511646,1579943646,2020-01-20T09:14:06+00:00,2020-01-25T09:14:06+00:00,Restful Nights: Montreal,Restful Nights,Montreal,standard,1,1,2,5,137.5,687.5
orderid:844411,RUP-P6CD,orderid:844411,crmid:7822902541,2020-01-23T04:25:23.000Z,website,prd1143,1580444723,1580963123,2020-01-31T04:25:23+00:00,2020-02-06T04:25:23+00:00,Hospitality Inn: San Antonio,Hospitality Inn,San Antonio,ultra-luxury,1,1,2,6,324.38,1946.28
orderid:707957,SQG-8QGD,orderid:707957,crmid:8106803640,2019-12-19T06:21:36.000Z,call center,prd1046,1578982896,1579155696,2020-01-14T06:21:36+00:00,2020-01-16T06:21:36+00:00,Blue Reef Resort: Virginia Beach,Blue Reef Resort,Virginia Beach,premium,1,1,0,2,143.57,287.14
orderid:736421,7VJ-6BWO,orderid:736421,crmid:6635483014,2019-12-02T22:22:17.000Z,kiosk,prd1021,1575584537,1575757337,2019-12-05T22:22:17+00:00,2019-12-07T22:22:17+00:00,Admiralty Plaza: Denver,Admiralty Plaza,Denver,standard,1,1,0,2,122.81,245.62
orderid:241032,SHO-YFQM,orderid:241032,crmid:5220374529,2020-01-13T02:20:43.000Z,service desk,prd1021,1578968443,1579054843,2020-01-14T02:20:43+00:00,2020-01-15T02:20:43+00:00,Admiralty Plaza: Denver,Admiralty Plaza,Denver,standard,1,1,0,1,122.49,122.49
orderid:353466,6XC-N5E2,orderid:353466,crmid:9820048919,2019-12-20T14:40:54.000Z,kiosk,prd1148,1578840054,1579272054,2020-01-12T14:40:54+00:00,2020-01-17T14:40:54+00:00,Aspen Heights: Jacksonville,Aspen Heights,Jacksonville,premium,1,1,0,5,119.12,595.6
orderid:152342,8QD-XMWJ,orderid:152342,crmid:3849410811,2020-02-04T03:11:24.000Z,kiosk,prd1071,1583205084,1583982684,2020-03-03T03:11:24+00:00,2020-03-12T03:11:24+00:00,Hospitality Inn: Seoul,Hospitality Inn,Seoul,premium,1,1,0,9,161.09,1449.81
orderid:659377,JB5-4MXN,orderid:659377,crmid:5833276172,2019-12-06T16:17:45.000Z,kiosk,prd1130,1576858665,1577463465,2019-12-20T16:17:45+00:00,2019-12-27T16:17:45+00:00,Blue Reef Resort: Bremen,Blue Reef Resort,Bremen,standard,1,1,0,7,132.97,930.79
orderid:271160,8V4-WFST,orderid:271160,crmid:6064940899,2019-12-24T21:20:59.000Z,mobile,prd1076,1579209659,1580160059,2020-01-16T21:20:59+00:00,2020-01-27T21:20:59+00:00,Aspen Heights: Bogota,Aspen Heights,Bogota,standard,1,1,0,11,101.05,1111.55
orderid:544337,HRR-F0KZ,orderid:544337,crmid:7408914526,2019-12-23T14:50:05.000Z,website,prd1124,1579099805,1579877405,2020-01-15T14:50:05+00:00,2020-01-24T14:50:05+00:00,Aspen Heights: Leeds,Aspen Heights,Leeds,standard,1,1,0,9,137.33,1235.97
orderid:502527,MCJ-UWV9,orderid:502527,crmid:6805032470,2019-12-28T22:07:38.000Z,website,prd1148,1577657258,1577830058,2019-12-29T22:07:38+00:00,2019-12-31T22:07:38+00:00,Aspen Heights: Jacksonville,Aspen Heights,Jacksonville,standard,1,1,0,2,125.55,251.1
orderid:632573,RZJ-YZIT,orderid:632573,crmid:9898660946,2020-01-17T02:15:23.000Z,call center,prd1196,1581560123,1582164923,2020-02-13T02:15:23+00:00,2020-02-20T02:15:23+00:00,Aspen Heights: Moscow,Aspen Heights,Moscow,standard,1,1,0,7,145.51,1018.57
orderid:735165,M2C-XESM,orderid:735165,crmid:5731300944,2020-01-17T06:28:06.000Z,kiosk,prd1154,1580192886,1580624886,2020-01-28T06:28:06+00:00,2020-02-02T06:28:06+00:00,Blue Reef Resort: Seattle,Blue Reef Resort,Seattle,standard,1,1,0,5,111.11,555.55
orderid:514191,CT0-NFDD,orderid:514191,crmid:7164158128,2020-02-01T08:23:20.000Z,website,prd1169,1582878200,1584174200,2020-02-28T08:23:20+00:00,2020-03-14T08:23:20+00:00,Grandeur Hotels: Tucson,Grandeur Hotels,Tucson,standard,1,1,0,15,153.05,2295.75
orderid:444271,IA4-YHZZ,orderid:444271,crmid:7107624180,2020-01-09T17:44:14.000Z,website,prd1153,1578678254,1579110254,2020-01-10T17:44:14+00:00,2020-01-15T17:44:14+00:00,Admiralty Plaza: Charlotte,Admiralty Plaza,Charlotte,premium,1,1,0,5,161.36,806.8
orderid:908832,SDF-96ZE,orderid:908832,crmid:8070837805,2020-01-29T15:15:04.000Z,kiosk,prd1088,1580397304,1580656504,2020-01-30T15:15:04+00:00,2020-02-02T15:15:04+00:00,Aspen Heights: Ankara,Aspen Heights,Ankara,standard,1,1,0,3,148.57,445.71
orderid:742384,RM0-XBZC,orderid:742384,crmid:4960078657,2020-01-21T13:02:47.000Z,kiosk,prd1009,1580821367,1580907767,2020-02-04T13:02:47+00:00,2020-02-05T13:02:47+00:00,Admiralty Plaza: San Antonio,Admiralty Plaza,San Antonio,standard,1,1,0,1,158.33,158.33
orderid:748651,AST-WCIW,orderid:748651,crmid:7761245465,2020-02-15T16:22:35.000Z,kiosk,prd1052,1583425355,1583943755,2020-03-05T16:22:35+00:00,2020-03-11T16:22:35+00:00,Aspen Heights: Wichita,Aspen Heights,Wichita,premium,1,1,0,6,124.94,749.64
orderid:909032,K21-UEHU,orderid:909032,crmid:7153258664,2020-01-22T01:00:55.000Z,website,prd1117,1579827655,1579914055,2020-01-24T01:00:55+00:00,2020-01-25T01:00:55+00:00,Admiralty Plaza: Dublin,Admiralty Plaza,Dublin,standard,1,1,0,1,128.03,128.03
orderid:471387,GRM-2DAV,orderid:471387,crmid:9227917722,2020-01-10T14:07:47.000Z,kiosk,prd1085,1579183667,1579788467,2020-01-16T14:07:47+00:00,2020-01-23T14:07:47+00:00,Grandeur Hotels: Saint Petersburg,Grandeur Hotels,Saint Petersburg,premium,1,1,0,7,120.15,841.05
orderid:216028,6DH-NTTG,orderid:216028,crmid:2395168297,2019-12-08T23:19:28.000Z,website,prd1117,1577920768,1578439168,2020-01-01T23:19:28+00:00,2020-01-07T23:19:28+00:00,Admiralty Plaza: Dublin,Admiralty Plaza,Dublin,standard,1,1,0,6,86.81,520.86
orderid:155475,KSK-9LCF,orderid:155475,crmid:2993053114,2020-02-08T04:19:32.000Z,call center,prd1148,1583209172,1583554772,2020-03-03T04:19:32+00:00,2020-03-07T04:19:32+00:00,Aspen Heights: Jacksonville,Aspen Heights,Jacksonville,premium,1,1,4,4,146.28,585.12
orderid:725077,0UE-MCBQ,orderid:725077,crmid:1152737189,2020-01-16T23:00:10.000Z,website,prd1038,1581030010,1581462010,2020-02-06T23:00:10+00:00,2020-02-11T23:00:10+00:00,Restful Nights: Mesa,Restful Nights,Mesa,standard,1,1,0,5,158.77,793.85
orderid:186262,8C2-U7WZ,orderid:186262,crmid:8637057007,2020-01-29T23:37:51.000Z,website,prd1053,1580427471,1580945871,2020-01-30T23:37:51+00:00,2020-02-05T23:37:51+00:00,Sapphire Suites: Cleveland,Sapphire Suites,Cleveland,standard,1,1,0,6,113.72,682.32
orderid:643431,XHH-O6QJ,orderid:643431,crmid:1708613852,2020-01-17T09:05:23.000Z,website,prd1051,1580634323,1581325523,2020-02-02T09:05:23+00:00,2020-02-10T09:05:23+00:00,Family Fun Hotels: New Orleans,Family Fun Hotels,New Orleans,standard,1,1,0,8,119.49,955.92
orderid:265279,TPN-BPSS,orderid:265279,crmid:3660816786,2020-01-05T22:57:03.000Z,call center,prd1074,1580252223,1580943423,2020-01-28T22:57:03+00:00,2020-02-05T22:57:03+00:00,Restful Nights: Mexico City,Restful Nights,Mexico City,standard,1,1,0,8,142.69,1141.52
orderid:713975,MI6-PTCD,orderid:713975,crmid:3412424016,2019-12-17T09:16:25.000Z,kiosk,prd1052,1576660585,1576919785,2019-12-18T09:16:25+00:00,2019-12-21T09:16:25+00:00,Aspen Heights: Wichita,Aspen Heights,Wichita,premium,1,1,0,3,168.81,506.43
orderid:503000,7SA-IHRC,orderid:503000,crmid:8666248976,2019-12-24T09:17:15.000Z,website,prd1131,1577524635,1578043035,2019-12-28T09:17:15+00:00,2020-01-03T09:17:15+00:00,Hospitality Inn: Sheffield,Hospitality Inn,Sheffield,standard,1,1,0,6,125.4,752.4
orderid:311355,BSK-LHDS,orderid:311355,crmid:9375213909,2019-12-03T01:33:45.000Z,website,prd1070,1576978425,1577151225,2019-12-22T01:33:45+00:00,2019-12-24T01:33:45+00:00,Blue Reef Resort: Jakarta,Blue Reef Resort,Jakarta,premium,1,1,1,2,158.63,317.26
orderid:366146,3VW-XNYL,orderid:366146,crmid:6466780519,2020-02-16T12:49:11.000Z,call center,prd1022,1581943751,1582202951,2020-02-17T12:49:11+00:00,2020-02-20T12:49:11+00:00,Blue Reef Resort: Washington DC,Blue Reef Resort,Washington DC,standard,1,1,0,3,123.34,370.02
orderid:911494,VPD-R9JE,orderid:911494,crmid:6466780519,2020-02-22T00:00:00.000Z,call center,prd1097,1582502400,1582588800,2020-02-24T00:00:00+00:00,2020-02-25T00:00:00+00:00,Grandeur Hotels: Buenos Aires,Grandeur Hotels,Buenos Aires,premium,1,1,0,1,112.82,112.82
orderid:858904,7CL-FUZU,orderid:858904,crmid:8348104760,2020-01-23T01:11:03.000Z,website,prd1045,1579828263,1580260263,2020-01-24T01:11:03+00:00,2020-01-29T01:11:03+00:00,Admiralty Plaza: Miami,Admiralty Plaza,Miami,standard,1,1,0,5,128.4,642.0
orderid:637253,J0I-MLUP,orderid:637253,crmid:9697376628,2020-02-05T07:53:39.000Z,mobile,prd1139,1582703619,1583222019,2020-02-26T07:53:39+00:00,2020-03-03T07:53:39+00:00,Nesting Box Inn: Nairobi,Nesting Box Inn,Nairobi,standard,1,1,4,6,113.24,679.44
orderid:424942,TNA-AOZI,orderid:424942,crmid:1660252721,2019-12-17T01:26:51.000Z,mobile,prd1195,1576718811,1576805211,2019-12-19T01:26:51+00:00,2019-12-20T01:26:51+00:00,Family Fun Hotels: Lahore,Family Fun Hotels,Lahore,premium,1,1,0,1,145.43,145.43
orderid:431431,UQX-WE4P,orderid:431431,crmid:7638480544,2020-02-05T21:52:15.000Z,website,prd1061,1581025935,1581285135,2020-02-06T21:52:15+00:00,2020-02-09T21:52:15+00:00,Grandeur Hotels: Lahore,Grandeur Hotels,Lahore,standard,1,1,0,3,176.77,530.31
orderid:931633,LST-PAAM,orderid:931633,crmid:7638480544,2020-02-11T00:00:00.000Z,kiosk,prd1004,1581465600,1581638400,2020-02-12T00:00:00+00:00,2020-02-14T00:00:00+00:00,Aspen Heights: Boulder,Aspen Heights,Boulder,ultra-luxury,1,1,0,2,367.39,734.78
orderid:210052,NAA-LYBE,orderid:210052,crmid:2513660712,2019-12-13T16:34:52.000Z,call center,prd1190,1576341292,1576514092,2019-12-14T16:34:52+00:00,2019-12-16T16:34:52+00:00,Blue Reef Resort: Aurora,Blue Reef Resort,Aurora,standard,1,1,0,2,112.65,225.3
orderid:605879,Z0X-OMNJ,orderid:605879,crmid:3099238496,2020-01-04T18:23:13.000Z,service desk,prd1081,1580149393,1580754193,2020-01-27T18:23:13+00:00,2020-02-03T18:23:13+00:00,Admiralty Plaza: Rod de Janeiro,Admiralty Plaza,Rod de Janeiro,standard,1,1,3,7,173.5,1214.5
orderid:182580,LHO-J9VU,orderid:182580,crmid:5933025857,2020-01-04T03:08:37.000Z,mobile,prd1172,1580612917,1581217717,2020-02-02T03:08:37+00:00,2020-02-09T03:08:37+00:00,Aspen Heights: Mesa,Aspen Heights,Mesa,standard,1,1,0,7,142.51,997.57
orderid:734934,EGD-GSKD,orderid:734934,crmid:2388127870,2019-12-26T23:39:43.000Z,kiosk,prd1194,1578008383,1578613183,2020-01-02T23:39:43+00:00,2020-01-09T23:39:43+00:00,Restful Nights: Tianjin,Restful Nights,Tianjin,premium,1,1,3,7,180.29,1262.03
orderid:171198,17L-NNOL,orderid:171198,crmid:7546051084,2019-12-21T16:51:49.000Z,website,prd1181,1579107109,1579798309,2020-01-15T16:51:49+00:00,2020-01-23T16:51:49+00:00,Grandeur Hotels: Oakland,Grandeur Hotels,Oakland,premium,1,1,2,8,142.24,1137.92
orderid:298690,RW5-PUNU,orderid:298690,crmid:1160105670,2019-12-23T08:08:57.000Z,mobile,prd1002,1578816537,1579766937,2020-01-12T08:08:57+00:00,2020-01-23T08:08:57+00:00,Restful Nights: Chicago,Restful Nights,Chicago,standard,1,1,0,11,137.92,1517.12
orderid:905773,CXU-XOHC,orderid:905773,crmid:9118859907,2019-12-04T11:43:18.000Z,kiosk,prd1037,1577274198,1578829398,2019-12-25T11:43:18+00:00,2020-01-12T11:43:18+00:00,Grandeur Hotels: Sacramento,Grandeur Hotels,Sacramento,standard,1,1,0,18,144.45,2600.1
orderid:909231,G5R-4J8G,orderid:909231,crmid:3993622881,2020-02-01T12:27:42.000Z,kiosk,prd1005,1580646462,1580732862,2020-02-02T12:27:42+00:00,2020-02-03T12:27:42+00:00,Sapphire Suites: Los Angeles,Sapphire Suites,Los Angeles,standard,1,1,0,1,164.84,164.84
orderid:438337,9UX-JNND,orderid:438337,crmid:8151571483,2019-12-18T05:32:09.000Z,call center,prd1081,1576906329,1576992729,2019-12-21T05:32:09+00:00,2019-12-22T05:32:09+00:00,Admiralty Plaza: Rod de Janeiro,Admiralty Plaza,Rod de Janeiro,standard,1,1,0,1,143.36,143.36
orderid:581566,AOP-YFCD,orderid:581566,crmid:5035951863,2020-01-21T01:20:03.000Z,kiosk,prd1136,1579742403,1579915203,2020-01-23T01:20:03+00:00,2020-01-25T01:20:03+00:00,Aspen Heights: Osaka,Aspen Heights,Osaka,premium,1,1,0,2,164.21,328.42
orderid:621019,NON-7REL,orderid:621019,crmid:8734161136,2019-12-04T14:00:57.000Z,website,prd1193,1575727257,1576072857,2019-12-07T14:00:57+00:00,2019-12-11T14:00:57+00:00,Grandeur Hotels: Kinshasa,Grandeur Hotels,Kinshasa,premium,1,1,0,4,145.57,582.28
orderid:869897,VL1-CZHW,orderid:869897,crmid:4160763442,2020-02-06T05:02:12.000Z,call center,prd1097,1582952532,1583730132,2020-02-29T05:02:12+00:00,2020-03-09T05:02:12+00:00,Grandeur Hotels: Buenos Aires,Grandeur Hotels,Buenos Aires,premium,1,1,0,9,154.01,1386.09
orderid:178775,UKC-1YQI,orderid:178775,crmid:9152128903,2019-12-16T14:18:28.000Z,call center,prd1034,1578320308,1578925108,2020-01-06T14:18:28+00:00,2020-01-13T14:18:28+00:00,Blue Reef Resort: Albuquerque,Blue Reef Resort,Albuquerque,standard,1,1,4,7,144.03,1008.21
orderid:884892,J9C-A2XP,orderid:884892,crmid:6859904364,2020-02-15T11:02:50.000Z,call center,prd1165,1583665370,1584183770,2020-03-08T11:02:50+00:00,2020-03-14T11:02:50+00:00,Admiralty Plaza: Louisville,Admiralty Plaza,Louisville,luxury,1,1,0,6,370.71,2224.26
orderid:265591,UZ5-WSI9,orderid:265591,crmid:9598319891,2020-01-16T08:39:55.000Z,call center,prd1184,1581237595,1581842395,2020-02-09T08:39:55+00:00,2020-02-16T08:39:55+00:00,Aspen Heights: Arlington,Aspen Heights,Arlington,standard,1,1,0,7,135.5,948.5
orderid:961928,HVL-LYDR,orderid:961928,crmid:5888557251,2020-02-01T11:13:38.000Z,website,prd1059,1582715618,1583406818,2020-02-26T11:13:38+00:00,2020-03-05T11:13:38+00:00,Hospitality Inn: Kinshasa,Hospitality Inn,Kinshasa,premium,1,1,0,8,120.47,963.76
orderid:445547,ZQ9-HI8C,orderid:445547,crmid:3601705463,2019-12-21T15:51:42.000Z,kiosk,prd1029,1579017102,1579535502,2020-01-14T15:51:42+00:00,2020-01-20T15:51:42+00:00,Sapphire Suites: Oklahoma City,Sapphire Suites,Oklahoma City,premium,1,1,0,6,124.18,745.08
orderid:360632,88F-O0YM,orderid:360632,crmid:6259497509,2020-01-14T18:39:04.000Z,website,prd1079,1581187144,1581446344,2020-02-08T18:39:04+00:00,2020-02-11T18:39:04+00:00,Nesting Box Inn: Chennai,Nesting Box Inn,Chennai,ultra-luxury,1,1,0,3,452.01,1356.03
orderid:708392,MIC-1FQV,orderid:708392,crmid:5961197234,2020-01-24T05:50:28.000Z,call center,prd1099,1582005028,1582609828,2020-02-18T05:50:28+00:00,2020-02-25T05:50:28+00:00,Family Fun Hotels: Bucharest,Family Fun Hotels,Bucharest,standard,1,1,0,7,159.3,1115.1
orderid:672473,NZ0-BVKA,orderid:672473,crmid:5751046980,2019-12-31T01:05:34.000Z,call center,prd1129,1580000734,1580087134,2020-01-26T01:05:34+00:00,2020-01-27T01:05:34+00:00,Admiralty Plaza: Helsinki,Admiralty Plaza,Helsinki,standard,1,1,0,1,154.29,154.29
orderid:643111,6UV-5PZK,orderid:643111,crmid:5345270974,2020-02-01T18:28:13.000Z,website,prd1045,1582741693,1583432893,2020-02-26T18:28:13+00:00,2020-03-05T18:28:13+00:00,Admiralty Plaza: Miami,Admiralty Plaza,Miami,standard,1,1,0,8,205.78,1646.24
orderid:248645,Y0I-W0AU,orderid:248645,crmid:6598525444,2020-01-04T17:10:16.000Z,kiosk,prd1117,1579713016,1580231416,2020-01-22T17:10:16+00:00,2020-01-28T17:10:16+00:00,Admiralty Plaza: Dublin,Admiralty Plaza,Dublin,premium,1,1,0,6,160.01,960.06
orderid:882358,CRB-KH2N,orderid:882358,crmid:2765837659,2020-02-14T04:35:06.000Z,kiosk,prd1195,1583555706,1584506106,2020-03-07T04:35:06+00:00,2020-03-18T04:35:06+00:00,Family Fun Hotels: Lahore,Family Fun Hotels,Lahore,standard,1,1,0,11,120.51,1325.61
orderid:518471,DRA-Y1ZQ,orderid:518471,crmid:7045500706,2019-12-06T19:55:34.000Z,kiosk,prd1050,1575748534,1575834934,2019-12-07T19:55:34+00:00,2019-12-08T19:55:34+00:00,Restful Nights: Arlington,Restful Nights,Arlington,standard,1,1,0,1,134.39,134.39
orderid:979247,Z7Q-AHJ1,orderid:979247,crmid:1127319884,2020-02-16T07:16:10.000Z,kiosk,prd1129,1581923770,1582010170,2020-02-17T07:16:10+00:00,2020-02-18T07:16:10+00:00,Admiralty Plaza: Helsinki,Admiralty Plaza,Helsinki,standard,1,1,0,1,142.64,142.64
orderid:275912,3D0-L4RS,orderid:275912,crmid:3998013086,2020-01-15T10:52:02.000Z,mobile,prd1061,1579258322,1579344722,2020-01-17T10:52:02+00:00,2020-01-18T10:52:02+00:00,Grandeur Hotels: Lahore,Grandeur Hotels,Lahore,standard,1,1,0,1,159.09,159.09
orderid:797518,KFF-9EGM,orderid:797518,crmid:3998013086,2020-01-19T00:00:00.000Z,mobile,prd1040,1579564800,1579737600,2020-01-21T00:00:00+00:00,2020-01-23T00:00:00+00:00,Aspen Heights: Atlanta,Aspen Heights,Atlanta,standard,1,1,0,2,125.27,250.54
orderid:523571,ZYS-SPJV,orderid:523571,crmid:2092590778,2020-02-03T02:08:18.000Z,call center,prd1145,1580782098,1580868498,2020-02-04T02:08:18+00:00,2020-02-05T02:08:18+00:00,Grandeur Hotels: Dallas,Grandeur Hotels,Dallas,standard,1,1,0,1,155.9,155.9
orderid:362426,9TW-ICRZ,orderid:362426,crmid:2092590778,2020-02-06T00:00:00.000Z,kiosk,prd1095,1581206400,1581638400,2020-02-09T00:00:00+00:00,2020-02-14T00:00:00+00:00,Hospitality Inn: Casablanca,Hospitality Inn,Casablanca,standard,1,1,0,5,160.16,800.8
orderid:554793,HFE-UEZL,orderid:554793,crmid:3638370074,2020-01-31T16:49:36.000Z,kiosk,prd1057,1581439776,1581871776,2020-02-11T16:49:36+00:00,2020-02-16T16:49:36+00:00,Admiralty Plaza: Mumbai,Admiralty Plaza,Mumbai,standard,1,1,0,5,133.47,667.35
orderid:456069,WFX-HLN0,orderid:456069,crmid:2941362808,2019-12-11T09:52:35.000Z,mobile,prd1045,1576749155,1577613155,2019-12-19T09:52:35+00:00,2019-12-29T09:52:35+00:00,Admiralty Plaza: Miami,Admiralty Plaza,Miami,premium,1,1,0,10,142.03,1420.3
orderid:832697,YME-UUJM,orderid:832697,crmid:9661206014,2019-12-15T18:53:34.000Z,call center,prd1171,1578164014,1578509614,2020-01-04T18:53:34+00:00,2020-01-08T18:53:34+00:00,Family Fun Hotels: Sacramento,Family Fun Hotels,Sacramento,standard,1,1,0,4,155.21,620.84
orderid:797612,0PN-UMTL,orderid:797612,crmid:1496884906,2020-02-04T05:48:22.000Z,website,prd1113,1583128102,1584683302,2020-03-02T05:48:22+00:00,2020-03-20T05:48:22+00:00,Sapphire Suites: Kazan,Sapphire Suites,Kazan,standard,1,1,0,18,179.23,3226.14
orderid:622304,DKT-TAUF,orderid:622304,crmid:1150356486,2020-01-04T16:42:04.000Z,call center,prd1165,1578328924,1578415324,2020-01-06T16:42:04+00:00,2020-01-07T16:42:04+00:00,Admiralty Plaza: Louisville,Admiralty Plaza,Louisville,standard,1,1,0,1,150.66,150.66
orderid:912540,FXB-40NG,orderid:912540,crmid:2197314365,2020-02-03T13:08:40.000Z,kiosk,prd1181,1582463320,1583327320,2020-02-23T13:08:40+00:00,2020-03-04T13:08:40+00:00,Grandeur Hotels: Oakland,Grandeur Hotels,Oakland,premium,1,1,0,10,138.48,1384.8
orderid:927863,ZZJ-AFU4,orderid:927863,crmid:2955889062,2020-01-20T07:07:54.000Z,call center,prd1101,1581923274,1582268874,2020-02-17T07:07:54+00:00,2020-02-21T07:07:54+00:00,Sapphire Suites: Vienna,Sapphire Suites,Vienna,standard,1,1,0,4,167.62,670.48
orderid:986233,DWM-3TXY,orderid:986233,crmid:6964642451,2019-12-08T21:47:15.000Z,website,prd1100,1577828835,1578347235,2019-12-31T21:47:15+00:00,2020-01-06T21:47:15+00:00,Aspen Heights: Misk,Aspen Heights,Misk,standard,1,1,0,6,167.58,1005.48
orderid:158922,LE4-GQEZ,orderid:158922,crmid:2151207516,2019-12-31T22:42:13.000Z,kiosk,prd1052,1577918533,1578264133,2020-01-01T22:42:13+00:00,2020-01-05T22:42:13+00:00,Aspen Heights: Wichita,Aspen Heights,Wichita,premium,1,1,0,4,122.13,488.52
orderid:710489,4OG-XS2T,orderid:710489,crmid:9618345369,2020-02-07T18:48:59.000Z,website,prd1016,1582915739,1583174939,2020-02-28T18:48:59+00:00,2020-03-02T18:48:59+00:00,Aspen Heights: Columbus,Aspen Heights,Columbus,standard,1,1,0,3,159.39,478.17
orderid:466627,JFC-HS2R,orderid:466627,crmid:9989960800,2020-02-03T14:47:00.000Z,website,prd1086,1581000420,1581432420,2020-02-06T14:47:00+00:00,2020-02-11T14:47:00+00:00,Restful Nights: Johannesburg,Restful Nights,Johannesburg,standard,1,1,0,5,157.62,788.1
orderid:717641,J8D-2ZZ3,orderid:717641,crmid:7290232288,2019-12-24T05:26:47.000Z,kiosk,prd1137,1579238807,1579757207,2020-01-17T05:26:47+00:00,2020-01-23T05:26:47+00:00,Sapphire Suites: Manila,Sapphire Suites,Manila,standard,1,1,0,6,141.82,850.92
orderid:180849,EQM-NIQQ,orderid:180849,crmid:5470102050,2020-01-27T03:13:11.000Z,call center,prd1028,1580613191,1581045191,2020-02-02T03:13:11+00:00,2020-02-07T03:13:11+00:00,Aspen Heights: Portland,Aspen Heights,Portland,standard,1,1,0,5,153.11,765.55
orderid:460128,S5E-LLNN,orderid:460128,crmid:9105052567,2020-01-28T14:08:24.000Z,mobile,prd1174,1581430104,1581862104,2020-02-11T14:08:24+00:00,2020-02-16T14:08:24+00:00,Sego Lily Suites: Atlanta,Sego Lily Suites,Atlanta,standard,1,1,0,5,219.17,1095.85
orderid:200941,BCP-8F2X,orderid:200941,crmid:8659401158,2020-02-02T20:13:39.000Z,call center,prd1139,1582834419,1583093619,2020-02-27T20:13:39+00:00,2020-03-01T20:13:39+00:00,Nesting Box Inn: Nairobi,Nesting Box Inn,Nairobi,standard,1,1,2,3,118.24,354.72
orderid:154258,BTX-4DBN,orderid:154258,crmid:4164730841,2020-01-08T18:50:06.000Z,kiosk,prd1159,1578595806,1578768606,2020-01-09T18:50:06+00:00,2020-01-11T18:50:06+00:00,Family Fun Hotels: Detroit,Family Fun Hotels,Detroit,standard,1,1,0,2,148.3,296.6
orderid:241701,J6B-A9OF,orderid:241701,crmid:1146252369,2020-01-23T05:46:21.000Z,mobile,prd1088,1579844781,1580535981,2020-01-24T05:46:21+00:00,2020-02-01T05:46:21+00:00,Aspen Heights: Ankara,Aspen Heights,Ankara,standard,1,1,2,8,154.89,1239.12
orderid:369000,TBP-PFN5,orderid:369000,crmid:7609414146,2020-01-18T22:49:27.000Z,call center,prd1153,1581374967,1581806967,2020-02-10T22:49:27+00:00,2020-02-15T22:49:27+00:00,Admiralty Plaza: Charlotte,Admiralty Plaza,Charlotte,luxury,1,1,0,5,373.6,1868.0
orderid:445563,STM-9NXB,orderid:445563,crmid:2222307917,2019-12-24T01:59:48.000Z,kiosk,prd1149,1578707988,1579571988,2020-01-11T01:59:48+00:00,2020-01-21T01:59:48+00:00,Sapphire Suites: San Francisco,Sapphire Suites,San Francisco,standard,1,1,0,10,125.36,1253.6
orderid:764125,W67-7GPW,orderid:764125,crmid:3206082374,2020-01-10T13:50:41.000Z,kiosk,prd1124,1580219441,1580651441,2020-01-28T13:50:41+00:00,2020-02-02T13:50:41+00:00,Aspen Heights: Leeds,Aspen Heights,Leeds,premium,1,1,3,5,118.58,592.9
orderid:810509,9QM-YQ0E,orderid:810509,crmid:7340852051,2019-12-10T03:34:37.000Z,website,prd1032,1576035277,1576208077,2019-12-11T03:34:37+00:00,2019-12-13T03:34:37+00:00,Repose Resort: Baltimore,Repose Resort,Baltimore,luxury,1,1,0,2,315.99,631.98
orderid:976631,PUE-RJGE,orderid:976631,crmid:3633009148,2020-01-23T01:53:42.000Z,call center,prd1190,1581213222,1582077222,2020-02-09T01:53:42+00:00,2020-02-19T01:53:42+00:00,Blue Reef Resort: Aurora,Blue Reef Resort,Aurora,standard,1,1,0,10,102.85,1028.5
orderid:493796,PPU-XS0R,orderid:493796,crmid:4313000527,2019-12-06T04:03:55.000Z,website,prd1166,1575950635,1576037035,2019-12-10T04:03:55+00:00,2019-12-11T04:03:55+00:00,Blue Reef Resort: Baltimore,Blue Reef Resort,Baltimore,standard,1,1,0,1,98.86,98.86
orderid:847577,LIO-QW1O,orderid:847577,crmid:7206094279,2020-01-05T15:47:46.000Z,website,prd1081,1580312866,1580658466,2020-01-29T15:47:46+00:00,2020-02-02T15:47:46+00:00,Admiralty Plaza: Rod de Janeiro,Admiralty Plaza,Rod de Janeiro,standard,1,1,1,4,169.23,676.92
orderid:872771,XEU-Y7L9,orderid:872771,crmid:8537296016,2019-12-27T21:54:56.000Z,kiosk,prd1134,1577656496,1577742896,2019-12-29T21:54:56+00:00,2019-12-30T21:54:56+00:00,Restful Nights: Montreal,Restful Nights,Montreal,standard,1,1,0,1,198.11,198.11
orderid:916878,5YF-GNSG,orderid:916878,crmid:1417625359,2019-12-13T08:29:30.000Z,mobile,prd1112,1578040170,1579422570,2020-01-03T08:29:30+00:00,2020-01-19T08:29:30+00:00,Aspen Heights: Birmingham,Aspen Heights,Birmingham,luxury,1,1,4,16,283.07,4529.12
orderid:507226,P7V-Z9YQ,orderid:507226,crmid:8177797490,2020-02-16T11:23:17.000Z,call center,prd1146,1583752997,1584357797,2020-03-09T11:23:17+00:00,2020-03-16T11:23:17+00:00,Restful Nights: San Jose,Restful Nights,San Jose,premium,1,1,0,7,145.3,1017.1
orderid:425374,IP1-FUON,orderid:425374,crmid:7577487189,2020-01-30T03:06:00.000Z,service desk,prd1097,1581908760,1583377560,2020-02-17T03:06:00+00:00,2020-03-05T03:06:00+00:00,Grandeur Hotels: Buenos Aires,Grandeur Hotels,Buenos Aires,standard,1,1,3,17,126.04,2142.68
orderid:805334,AKD-VO8B,orderid:805334,crmid:8550232022,2020-01-30T03:03:03.000Z,website,prd1145,1580439783,1581130983,2020-01-31T03:03:03+00:00,2020-02-08T03:03:03+00:00,Grandeur Hotels: Dallas,Grandeur Hotels,Dallas,standard,1,1,0,8,156.15,1249.2
orderid:330513,IND-Q7VX,orderid:330513,crmid:9301737532,2019-12-15T01:25:06.000Z,kiosk,prd1001,1578101106,1578792306,2020-01-04T01:25:06+00:00,2020-01-12T01:25:06+00:00,Grandeur Hotels: New York,Grandeur Hotels,New York,premium,1,1,0,8,110.64,885.12
orderid:865041,Q2C-YUMQ,orderid:865041,crmid:6187738652,2019-12-28T23:09:39.000Z,website,prd1135,1579043379,1579820979,2020-01-14T23:09:39+00:00,2020-01-23T23:09:39+00:00,Family Fun Hotels: Vancouver,Family Fun Hotels,Vancouver,ultra-luxury,1,1,0,9,367.29,3305.61
orderid:960984,2FU-LWB2,orderid:960984,crmid:1673962521,2020-01-31T03:04:40.000Z,service desk,prd1109,1582167880,1583636680,2020-02-20T03:04:40+00:00,2020-03-08T03:04:40+00:00,Grandeur Hotels: Belgrade,Grandeur Hotels,Belgrade,standard,1,1,1,17,174.94,2973.98
orderid:318068,BLN-DWVP,orderid:318068,crmid:7054460107,2020-02-09T19:17:52.000Z,mobile,prd1164,1581535072,1581794272,2020-02-12T19:17:52+00:00,2020-02-15T19:17:52+00:00,Repose Resort: Las Vegas,Repose Resort,Las Vegas,standard,1,1,0,3,84.34,253.02
orderid:977242,ZAI-BKPT,orderid:977242,crmid:3072341316,2019-12-16T16:04:43.000Z,call center,prd1017,1576685083,1577117083,2019-12-18T16:04:43+00:00,2019-12-23T16:04:43+00:00,Sapphire Suites: Fort Worth,Sapphire Suites,Fort Worth,premium,1,1,0,5,150.17,750.85
orderid:906523,API-UCAD,orderid:906523,crmid:3072341316,2019-12-25T00:00:00.000Z,kiosk,prd1064,1577318400,1577750400,2019-12-26T00:00:00+00:00,2019-12-31T00:00:00+00:00,Aspen Heights: Paris,Aspen Heights,Paris,standard,1,1,0,5,157.7,788.5
orderid:341530,WBG-KCSW,orderid:341530,crmid:1194335317,2020-01-17T12:02:13.000Z,mobile,prd1131,1581336133,1582113733,2020-02-10T12:02:13+00:00,2020-02-19T12:02:13+00:00,Hospitality Inn: Sheffield,Hospitality Inn,Sheffield,standard,1,1,0,9,132.39,1191.51
orderid:990897,JPF-VQRA,orderid:990897,crmid:8625376974,2020-01-06T09:55:16.000Z,website,prd1196,1580464516,1580896516,2020-01-31T09:55:16+00:00,2020-02-05T09:55:16+00:00,Aspen Heights: Moscow,Aspen Heights,Moscow,standard,1,1,0,5,142.26,711.3
orderid:187591,HD8-1W80,orderid:187591,crmid:2168796899,2020-01-29T06:37:47.000Z,mobile,prd1118,1582267067,1582785467,2020-02-21T06:37:47+00:00,2020-02-27T06:37:47+00:00,Blue Reef Resort: Cologne,Blue Reef Resort,Cologne,standard,1,1,0,6,157.86,947.16
orderid:989099,JID-YETH,orderid:989099,crmid:8515970620,2019-12-25T04:49:58.000Z,website,prd1190,1577594998,1577767798,2019-12-29T04:49:58+00:00,2019-12-31T04:49:58+00:00,Blue Reef Resort: Aurora,Blue Reef Resort,Aurora,luxury,1,1,0,2,321.35,642.7
orderid:921082,OF7-RWZM,orderid:921082,crmid:2020134487,2019-12-18T10:50:55.000Z,mobile,prd1039,1578221455,1578999055,2020-01-05T10:50:55+00:00,2020-01-14T10:50:55+00:00,Family Fun Hotels: Kansas City,Family Fun Hotels,Kansas City,premium,1,1,0,9,129.6,1166.4
orderid:367969,86H-B9S0,orderid:367969,crmid:6865878270,2020-01-08T07:00:49.000Z,call center,prd1143,1580713249,1581404449,2020-02-03T07:00:49+00:00,2020-02-11T07:00:49+00:00,Hospitality Inn: San Antonio,Hospitality Inn,San Antonio,standard,1,1,0,8,144.79,1158.32
orderid:230936,36T-PHKX,orderid:230936,crmid:5465991963,2020-01-09T05:08:53.000Z,website,prd1058,1579410533,1580015333,2020-01-19T05:08:53+00:00,2020-01-26T05:08:53+00:00,Blue Reef Resort: Delhi,Blue Reef Resort,Delhi,premium,1,1,0,7,120.96,846.72
orderid:637037,O1J-0V9A,orderid:637037,crmid:2208323071,2020-02-03T07:42:56.000Z,mobile,prd1190,1583134976,1584171776,2020-03-02T07:42:56+00:00,2020-03-14T07:42:56+00:00,Blue Reef Resort: Aurora,Blue Reef Resort,Aurora,standard,1,1,0,12,176.8,2121.6
orderid:739730,23I-OAWO,orderid:739730,crmid:3803405139,2020-01-06T03:07:35.000Z,call center,prd1022,1579748855,1580180855,2020-01-23T03:07:35+00:00,2020-01-28T03:07:35+00:00,Blue Reef Resort: Washington DC,Blue Reef Resort,Washington DC,ultra-luxury,1,1,0,5,273.19,1365.95
orderid:489155,P8A-DOXV,orderid:489155,crmid:8169979806,2020-01-12T11:57:16.000Z,kiosk,prd1076,1580731036,1581249436,2020-02-03T11:57:16+00:00,2020-02-09T11:57:16+00:00,Aspen Heights: Bogota,Aspen Heights,Bogota,standard,1,1,0,6,157.69,946.14
orderid:857290,CE4-NDGI,orderid:857290,crmid:7922424914,2020-02-08T09:14:01.000Z,call center,prd1197,1583399641,1584090841,2020-03-05T09:14:01+00:00,2020-03-13T09:14:01+00:00,Sapphire Suites: London,Sapphire Suites,London,standard,1,1,0,8,143.69,1149.52
orderid:739338,RCJ-XC14,orderid:739338,crmid:2225924163,2020-01-31T05:26:18.000Z,mobile,prd1089,1582781178,1583558778,2020-02-27T05:26:18+00:00,2020-03-07T05:26:18+00:00,Sapphire Suites: Rome,Sapphire Suites,Rome,standard,1,1,0,9,140.95,1268.55
orderid:810731,BGS-MRYZ,orderid:810731,crmid:7044571063,2020-01-22T13:09:39.000Z,website,prd1110,1579784979,1579871379,2020-01-23T13:09:39+00:00,2020-01-24T13:09:39+00:00,Restful Nights: Sofia,Restful Nights,Sofia,standard,1,1,0,1,122.31,122.31
orderid:289591,YOB-1KHK,orderid:289591,crmid:6826467817,2020-02-15T13:38:05.000Z,website,prd1071,1581860285,1582033085,2020-02-16T13:38:05+00:00,2020-02-18T13:38:05+00:00,Hospitality Inn: Seoul,Hospitality Inn,Seoul,premium,1,1,0,2,140.96,281.92
orderid:254788,3WX-LC4L,orderid:254788,crmid:9223796247,2020-01-18T12:23:48.000Z,service desk,prd1184,1579436628,1579868628,2020-01-19T12:23:48+00:00,2020-01-24T12:23:48+00:00,Aspen Heights: Arlington,Aspen Heights,Arlington,standard,1,1,0,5,97.48,487.4
orderid:617507,QZX-DM7R,orderid:617507,crmid:2896759355,2020-01-04T03:17:25.000Z,website,prd1044,1578539845,1578971845,2020-01-09T03:17:25+00:00,2020-01-14T03:17:25+00:00,Repose Resort: Colorado Springs,Repose Resort,Colorado Springs,standard,1,1,0,5,159.36,796.8
orderid:779115,ONL-OWHG,orderid:779115,crmid:3786102184,2019-12-11T21:59:27.000Z,call center,prd1100,1576187967,1576360767,2019-12-12T21:59:27+00:00,2019-12-14T21:59:27+00:00,Aspen Heights: Misk,Aspen Heights,Misk,premium,1,1,0,2,158.96,317.92
orderid:885279,OXP-7RRR,orderid:885279,crmid:3786102184,2019-12-16T00:00:00.000Z,website,prd1034,1576800000,1576972800,2019-12-20T00:00:00+00:00,2019-12-22T00:00:00+00:00,Blue Reef Resort: Albuquerque,Blue Reef Resort,Albuquerque,standard,1,1,0,2,178.54,357.08
orderid:210824,7PJ-ETAI,orderid:210824,crmid:6798577363,2020-01-27T10:28:51.000Z,mobile,prd1112,1581676131,1582280931,2020-02-14T10:28:51+00:00,2020-02-21T10:28:51+00:00,Aspen Heights: Birmingham,Aspen Heights,Birmingham,standard,1,1,0,7,176.86,1238.02
orderid:490721,SMU-62A5,orderid:490721,crmid:5612635363,2020-02-01T01:03:17.000Z,kiosk,prd1179,1580691797,1580864597,2020-02-03T01:03:17+00:00,2020-02-05T01:03:17+00:00,Hospitality Inn: Miami,Hospitality Inn,Miami,standard,1,1,0,2,126.89,253.78
orderid:400318,ZP8-FH0G,orderid:400318,crmid:5612635363,2020-02-06T00:00:00.000Z,kiosk,prd1041,1581120000,1581292800,2020-02-08T00:00:00+00:00,2020-02-10T00:00:00+00:00,Sapphire Suites: Long Beach,Sapphire Suites,Long Beach,standard,1,1,0,2,140.33,280.66
orderid:416438,BOR-PTRU,orderid:416438,crmid:9396317447,2019-12-27T17:00:51.000Z,kiosk,prd1107,1579280451,1580144451,2020-01-17T17:00:51+00:00,2020-01-27T17:00:51+00:00,Hospitality Inn: Kharkiv,Hospitality Inn,Kharkiv,standard,1,1,0,10,179.72,1797.2
orderid:269737,VSU-7PCI,orderid:269737,crmid:5590050646,2019-12-26T07:44:31.000Z,kiosk,prd1065,1577432671,1577778271,2019-12-27T07:44:31+00:00,2019-12-31T07:44:31+00:00,Sapphire Suites: Beijing,Sapphire Suites,Beijing,standard,1,1,0,4,150.17,600.68
orderid:535010,HCZ-4K19,orderid:535010,crmid:1579628936,2019-12-28T04:57:37.000Z,call center,prd1064,1578977857,1580533057,2020-01-14T04:57:37+00:00,2020-02-01T04:57:37+00:00,Aspen Heights: Paris,Aspen Heights,Paris,standard,1,1,0,18,177.6,3196.8
orderid:409913,R4T-XOGP,orderid:409913,crmid:3887966128,2020-02-04T19:40:36.000Z,mobile,prd1177,1581104436,1581277236,2020-02-07T19:40:36+00:00,2020-02-09T19:40:36+00:00,Admiralty Plaza: Raleigh,Admiralty Plaza,Raleigh,standard,1,1,0,2,160.86,321.72
orderid:701904,2NY-0EFM,orderid:701904,crmid:3887966128,2020-02-10T00:00:00.000Z,service desk,prd1064,1581379200,1581638400,2020-02-11T00:00:00+00:00,2020-02-14T00:00:00+00:00,Aspen Heights: Paris,Aspen Heights,Paris,standard,1,1,0,3,189.05,567.15
orderid:559634,V6L-H2AZ,orderid:559634,crmid:3887966128,2020-02-15T00:00:00.000Z,call center,prd1081,1582070400,1582156800,2020-02-19T00:00:00+00:00,2020-02-20T00:00:00+00:00,Admiralty Plaza: Rod de Janeiro,Admiralty Plaza,Rod de Janeiro,standard,1,1,0,1,139.52,139.52
orderid:491111,N5S-VV8B,orderid:491111,crmid:6570397315,2020-02-02T03:00:05.000Z,kiosk,prd1058,1582513205,1583118005,2020-02-24T03:00:05+00:00,2020-03-02T03:00:05+00:00,Blue Reef Resort: Delhi,Blue Reef Resort,Delhi,standard,1,1,0,7,163.11,1141.77
orderid:201576,O9Y-P25M,orderid:201576,crmid:6715370635,2020-02-05T04:34:58.000Z,website,prd1062,1581654898,1581914098,2020-02-14T04:34:58+00:00,2020-02-17T04:34:58+00:00,Restful Nights: Moscow,Restful Nights,Moscow,standard,1,1,0,3,143.71,431.13
orderid:602167,QG2-C9MW,orderid:602167,crmid:6336485272,2019-12-11T05:10:12.000Z,kiosk,prd1045,1576905012,1577250612,2019-12-21T05:10:12+00:00,2019-12-25T05:10:12+00:00,Admiralty Plaza: Miami,Admiralty Plaza,Miami,premium,1,1,0,4,133.23,532.92
orderid:648164,RXD-VKFN,orderid:648164,crmid:7474614672,2020-01-11T11:29:41.000Z,service desk,prd1130,1579433381,1580038181,2020-01-19T11:29:41+00:00,2020-01-26T11:29:41+00:00,Blue Reef Resort: Bremen,Blue Reef Resort,Bremen,standard,1,1,0,7,101.93,713.51
orderid:542294,5PQ-BZQN,orderid:542294,crmid:1923761836,2020-02-09T21:40:49.000Z,call center,prd1118,1583271649,1583358049,2020-03-03T21:40:49+00:00,2020-03-04T21:40:49+00:00,Blue Reef Resort: Cologne,Blue Reef Resort,Cologne,luxury,1,1,0,1,288.09,288.09
orderid:558976,IGK-MYKJ,orderid:558976,crmid:1460079970,2020-01-10T20:00:45.000Z,mobile,prd1184,1578772845,1578945645,2020-01-11T20:00:45+00:00,2020-01-13T20:00:45+00:00,Aspen Heights: Arlington,Aspen Heights,Arlington,standard,1,1,0,2,154.39,308.78
orderid:422680,LQU-BDIC,orderid:422680,crmid:2492447784,2020-02-10T16:57:38.000Z,call center,prd1129,1583859458,1584377858,2020-03-10T16:57:38+00:00,2020-03-16T16:57:38+00:00,Admiralty Plaza: Helsinki,Admiralty Plaza,Helsinki,standard,1,1,0,6,111.95,671.7
orderid:443264,84V-L3OA,orderid:443264,crmid:7353256991,2020-02-15T23:38:26.000Z,kiosk,prd1123,1583797106,1584833906,2020-03-09T23:38:26+00:00,2020-03-21T23:38:26+00:00,Family Fun Hotels: Amsterdam,Family Fun Hotels,Amsterdam,standard,1,1,0,12,145.02,1740.24
orderid:627920,B49-B8HG,orderid:627920,crmid:6892256601,2020-01-27T19:31:25.000Z,website,prd1172,1581535885,1582140685,2020-02-12T19:31:25+00:00,2020-02-19T19:31:25+00:00,Aspen Heights: Mesa,Aspen Heights,Mesa,standard,1,1,3,7,136.89,958.23
orderid:409950,T0G-SJGO,orderid:409950,crmid:3723328805,2019-12-25T02:37:05.000Z,service desk,prd1067,1577932625,1578191825,2020-01-02T02:37:05+00:00,2020-01-05T02:37:05+00:00,Nesting Box Inn: Istanbul,Nesting Box Inn,Istanbul,ultra-luxury,1,1,0,3,279.17,837.51
orderid:276095,3GC-9YOE,orderid:276095,crmid:1706280480,2020-01-07T03:45:51.000Z,website,prd1181,1578973551,1579578351,2020-01-14T03:45:51+00:00,2020-01-21T03:45:51+00:00,Grandeur Hotels: Oakland,Grandeur Hotels,Oakland,standard,1,1,0,7,126.02,882.14
orderid:257933,JPX-XQNO,orderid:257933,crmid:5878164081,2020-01-13T13:54:21.000Z,website,prd1186,1581170061,1582379661,2020-02-08T13:54:21+00:00,2020-02-22T13:54:21+00:00,Sego Lily Suites: Wichita,Sego Lily Suites,Wichita,standard,1,1,2,14,137.11,1919.54
orderid:132181,DLK-TXSS,orderid:132181,crmid:4862149077,2019-12-04T17:31:47.000Z,website,prd1052,1575739907,1576258307,2019-12-07T17:31:47+00:00,2019-12-13T17:31:47+00:00,Aspen Heights: Wichita,Aspen Heights,Wichita,premium,1,1,0,6,135.23,811.38
orderid:119549,2OJ-NMM8,orderid:119549,crmid:9960559148,2019-12-08T18:32:55.000Z,kiosk,prd1116,1577817175,1578767575,2019-12-31T18:32:55+00:00,2020-01-11T18:32:55+00:00,Repose Resort: Naples,Repose Resort,Naples,premium,1,1,0,11,129.82,1428.02
