{"_id": "orderid:441463", "timestamp": "2020-02-05T06:02:02.000Z", "eventType": "transaction", "_adobeamericaspot3": {"CRMID": "crmid:1694655372", "orderDetails": {"orderID": "orderid:441463", "reservationid": "LAD-XYGU", "orderType": "website", "hotelSKU": "prd1055", "hotelCheckInUnix": "1582869722", "hotelCheckOutUnix": "1583215322", "hotelCheckInTS": "2020-02-28T06:02:02+00:00", "hotelCheckOutTS": "2020-03-03T06:02:02+00:00", "hotelChain": "Nesting Box Inn", "hotelName": "Nesting Box Inn: Bakersfield", "hotelLocation": "Bakersfield", "hotelRoomType": "premium", "hotelRoomCount": "1", "hotelGuestAdultCount": "1", "hotelGuestChildCount": "0", "hotelNightCount": "4", "hotelRoomPrice": "207.18", "hotelFinalPrice": "828.72"}}}
{"_id": "orderid:111252", "timestamp": "2020-02-08T20:08:53.000Z", "eventType": "transaction", "_adobeamericaspot3": {"CRMID": "crmid:3074900644", "orderDetails": {"orderID": "orderid:111252", "reservationid": "CR1-2EF6", "orderType": "mobile", "hotelSKU": "prd1069", "hotelCheckInUnix": "1581278933", "hotelCheckOutUnix": "1581451733", "hotelCheckInTS": "2020-02-09T20:08:53+00:00", "hotelCheckOutTS": "2020-02-11T20:08:53+00:00", "hotelChain": "Admiralty Plaza", "hotelName": "Admiralty Plaza: Singapore", "hotelLocation": "Singapore", "hotelRoomType": "standard", "hotelRoomCount": "1", "hotelGuestAdultCount": "1", "hotelGuestChildCount": "0", "hotelNightCount": "2", "hotelRoomPrice": "97.4", "hotelFinalPrice": "194.8"}}}
{"_id": "orderid:983046", "timestamp": "2019-12-09T04:36:18.000Z", "eventType": "transaction", "_adobeamericaspot3": {"CRMID": "crmid:7462115202", "orderDetails": {"orderID": "orderid:983046", "reservationid": "L3Z-GG34", "orderType": "website", "hotelSKU": "prd1083", "hotelCheckInUnix": "1576557378", "hotelCheckOutUnix": "1577334978", "hotelCheckInTS": "2019-12-17T04:36:18+00:00", "hotelCheckOutTS": "2019-12-26T04:36:18+00:00", "hotelChain": "Hospitality Inn", "hotelName": "Hospitality Inn: Bangkok", "hotelLocation": "Bangkok", "hotelRoomType": "premium", "hotelRoomCount": "1", "hotelGuestAdultCount": "1", "hotelGuestChildCount": "2", "hotelNightCount": "9", "hotelRoomPrice": "143.23", "hotelFinalPrice": "1289.07"}}}
{"_id": "orderid:680777", "timestamp": "2019-12-31T20:40:21.000Z", "eventType": "transaction", "_adobeamericaspot3": {"CRMID": "crmid:5118945549", "orderDetails": {"orderID": "orderid:680777", "reservationid": "C1D-V8W4", "orderType": "website", "hotelSKU": "prd1061", "hotelCheckInUnix": "1577911221", "hotelCheckOutUnix": "1578084021", "hotelCheckInTS": "2020-01-01T20:40:21+00:00", "hotelCheckOutTS": "2020-01-03T20:40:21+00:00", "hotelChain": "Grandeur Hotels", "hotelName": "Grandeur Hotels: Lahore", "hotelLocation": "Lahore", "hotelRoomType": "standard", "hotelRoomCount": "1", "hotelGuestAdultCount": "1", "hotelGuestChildCount": "0", "hotelNightCount": "2", "hotelRoomPrice": "119.5", "hotelFinalPrice": "239.0"}}}
{"_id": "orderid:335756", "timestamp": "2019-12-10T12:38:34.000Z", "eventType": "transaction", "_adobeamericaspot3": {"CRMID": "crmid:8548252390", "orderDetails": {"orderID": "orderid:335756", "reservationid": "BRR-HTM6", "orderType": "website", "hotelSKU": "prd1040", "hotelCheckInUnix": "1576154314", "hotelCheckOutUnix": "1576240714", "hotelCheckInTS": "2019-12-12T12:38:34+00:00", "hotelCheckOutTS": "2019-12-13T12:38:34+00:00", "hotelChain": "Aspen Heights", "hotelName": "Aspen Heights: Atlanta", "hotelLocation": "Atlanta", "hotelRoomType": "premium", "hotelRoomCount": "1", "hotelGuestAdultCount": "1", "hotelGuestChildCount": "0", "hotelNightCount": "1", "hotelRoomPrice": "123.75", "hotelFinalPrice": "123.75"}}}
{"_id": "orderid:237709", "timestamp": "2020-01-05T13:33:47.000Z", "eventType": "transaction", "_adobeamericaspot3": {"CRMID": "crmid:1304254761", "orderDetails": {"orderID": "orderid:237709", "reservationid": "JDC-FTR5", "orderType": "website", "hotelSKU": "prd1142", "hotelCheckInUnix": "1578317627", "hotelCheckOutUnix": "1578490427", "hotelCheckInTS": "2020-01-06T13:33:47+00:00", "hotelCheckOutTS": "2020-01-08T13:33:47+00:00", "hotelChain": "Blue Reef Resort", "hotelName": "Blue Reef Resort: Philadelphia", "hotelLocation": "Philadelphia", "hotelRoomType": "luxury", "hotelRoomCount": "1", "hotelGuestAdultCount": "1", "hotelGuestChildCount": "0", "hotelNightCount": "2", "hotelRoomPrice": "358.1", "hotelFinalPrice": "716.2"}}}
{"_id": "orderid:519893", "timestamp": "2020-01-09T00:00:00.000Z", "eventType": "transaction", "_adobeamericaspot3": {"CRMID": "crmid:1304254761", "orderDetails": {"orderID": "orderid:519893", "reservationid": "0BV-JYT3", "orderType": "call center", "hotelSKU": "prd1004", "hotelCheckInUnix": "1578614400", "hotelCheckOutUnix": "1578960000", "hotelCheckInTS": "2020-01-10T00:00:00+00:00", "hotelCheckOutTS": "2020-01-14T00:00:00+00:00", "hotelChain": "Aspen Heights", "hotelName": "Aspen Heights: Boulder", "hotelLocation": "Boulder", "hotelRoomType": "standard", "hotelRoomCount": "1", "hotelGuestAdultCount": "1", "hotelGuestChildCount": "0", "hotelNightCount": "4", "hotelRoomPrice": "97.09", "hotelFinalPrice": "388.36"}}}
{"_id": "orderid:240666", "timestamp": "2020-01-20T08:42:48.000Z", "eventType": "transaction", "_adobeamericaspot3": {"CRMID": "crmid:7164791526", "orderDetails": {"orderID": "orderid:240666", "reservationid": "CKP-HKQE", "orderType": "call center", "hotelSKU": "prd1155", "hotelCheckInUnix": "1581410568", "hotelCheckOutUnix": "1582965768", "hotelCheckInTS": "2020-02-11T08:42:48+00:00", "hotelCheckOutTS": "2020-02-29T08:42:48+00:00", "hotelChain": "Hospitality Inn", "hotelName": "Hospitality Inn: Denver", "hotelLocation": "Denver", "hotelRoomType": "standard", "hotelRoomCount": "1", "hotelGuestAdultCount": "1", "hotelGuestChildCount": "0", "hotelNightCount": "18", "hotelRoomPrice": "131.94", "hotelFinalPrice": "2374.92"}}}
{"_id": "orderid:452457", "timestamp": "2020-01-18T18:06:04.000Z", "eventType": "transaction", "_adobeamericaspot3": {"CRMID": "crmid:1280914040", "orderDetails": {"orderID": "orderid:452457", "reservationid": "YMM-INVD", "orderType": "mobile", "hotelSKU": "prd1134", "hotelCheckInUnix": "1581789964", "hotelCheckOutUnix": "1582221964", "hotelCheckInTS": "2020-02-15T18:06:04+00:00", "hotelCheckOutTS": "2020-02-20T18:06:04+00:00", "hotelChain": "Restful Nights", "hotelName": "Restful Nights: Montreal", "hotelLocation": "Montreal", "hotelRoomType": "premium", "hotelRoomCount": "1", "hotelGuestAdultCount": "1", "hotelGuestChildCount": "0", "hotelNightCount": "5", "hotelRoomPrice": "131.23", "hotelFinalPrice": "656.15"}}}
{"_id": "orderid:862530", "timestamp": "2019-12-26T02:00:05.000Z", "eventType": "transaction", "_adobeamericaspot3": {"CRMID": "crmid:6980765724", "orderDetails": {"orderID": "orderid:862530", "reservationid": "KK0-LMN7", "orderType": "website", "hotelSKU": "prd1127", "hotelCheckInUnix": "1579831205", "hotelCheckOutUnix": "1580349605", "hotelCheckInTS": "2020-01-24T02:00:05+00:00", "hotelCheckOutTS": "2020-01-30T02:00:05+00:00", "hotelChain": "Nesting Box Inn", "hotelName": "Nesting Box Inn: Glasgow", "hotelLocation": "Glasgow", "hotelRoomType": "premium", "hotelRoomCount": "1", "hotelGuestAdultCount": "1", "hotelGuestChildCount": "1", "hotelNightCount": "6", "hotelRoomPrice": "145.51", "hotelFinalPrice": "873.06"}}}
{"_id": "orderid:266561", "timestamp": "2019-12-07T05:46:25.000Z", "eventType": "transaction", "_adobeamericaspot3": {"CRMID": "crmid:6870335549", "orderDetails": {"orderID": "orderid:266561", "reservationid": "JEQ-7WWL", "orderType": "website", "hotelSKU": "prd1169", "hotelCheckInUnix": "1575783985", "hotelCheckOutUnix": "1575956785", "hotelCheckInTS": "2019-12-08T05:46:25+00:00", "hotelCheckOutTS": "2019-12-10T05:46:25+00:00", "hotelChain": "Grandeur Hotels", "hotelName": "Grandeur Hotels: Tucson", "hotelLocation": "Tucson", "hotelRoomType": "premium", "hotelRoomCount": "1", "hotelGuestAdultCount": "1", "hotelGuestChildCount": "0", "hotelNightCount": "2", "hotelRoomPrice": "171.49", "hotelFinalPrice": "342.98"}}}
{"_id": "orderid:554567", "timestamp": "2020-01-18T00:13:22.000Z", "eventType": "transaction", "_adobeamericaspot3": {"CRMID": "crmid:2868409892", "orderDetails": {"orderID": "orderid:554567", "reservationid": "1WQ-S1TS", "orderType": "kiosk", "hotelSKU": "prd1005", "hotelCheckInUnix": "1581120802", "hotelCheckOutUnix": "1582762402", "hotelCheckInTS": "2020-02-08T00:13:22+00:00", "hotelCheckOutTS": "2020-02-27T00:13:22+00:00", "hotelChain": "Sapphire Suites", "hotelName": "Sapphire Suites: Los Angeles", "hotelLocation": "Los Angeles", "hotelRoomType": "standard", "hotelRoomCount": "1", "hotelGuestAdultCount": "1", "hotelGuestChildCount": "0", "hotelNightCount": "19", "hotelRoomPrice": "155.68", "hotelFinalPrice": "2957.92"}}}
{"_id": "orderid:392727", "timestamp": "2019-12-16T23:37:16.000Z", "eventType": "transaction", "_adobeamericaspot3": {"CRMID": "crmid:8044078689", "orderDetails": {"orderID": "orderid:392727", "reservationid": "VXL-9RYM", "orderType": "mobile", "hotelSKU": "prd1031", "hotelCheckInUnix": "1576625836", "hotelCheckOutUnix": "1576798636", "hotelCheckInTS": "2019-12-17T23:37:16+00:00", "hotelCheckOutTS": "2019-12-19T23:37:16+00:00", "hotelChain": "Nesting Box Inn", "hotelName": "Nesting Box Inn: Louisville", "hotelLocation": "Louisville", "hotelRoomType": "standard", "hotelRoomCount": "1", "hotelGuestAdultCount": "1", "hotelGuestChildCount": "0", "hotelNightCount": "2", "hotelRoomPrice": "115.66", "hotelFinalPrice": "231.32"}}}
{"_id": "orderid:709896", "timestamp": "2020-01-15T13:32:05.000Z", "eventType": "transaction", "_adobeamericaspot3": {"CRMID": "crmid:2927693787", "orderDetails": {"orderID": "orderid:709896", "reservationid": "USH-W76Y", "orderType": "website", "hotelSKU": "prd1189", "hotelCheckInUnix": "1579440725", "hotelCheckOutUnix": "1579527125", "hotelCheckInTS": "2020-01-19T13:32:05+00:00", "hotelCheckOutTS": "2020-01-20T13:32:05+00:00", "hotelChain": "Admiralty Plaza", "hotelName": "Admiralty Plaza: Bakersfield", "hotelLocation": "Bakersfield", "hotelRoomType": "standard", "hotelRoomCount": "1", "hotelGuestAdultCount": "1", "hotelGuestChildCount": "0", "hotelNightCount": "1", "hotelRoomPrice": "160.64", "hotelFinalPrice": "160.64"}}}
{"_id": "orderid:236069", "timestamp": "2019-12-20T20:41:40.000Z", "eventType": "transaction", "_adobeamericaspot3": {"CRMID": "crmid:4552299194", "orderDetails": {"orderID": "orderid:236069", "reservationid": "FWE-XKBG", "orderType": "mobile", "hotelSKU": "prd1165", "hotelCheckInUnix": "1578429700", "hotelCheckOutUnix": "1579812100", "hotelCheckInTS": "2020-01-07T20:41:40+00:00", "hotelCheckOutTS": "2020-01-23T20:41:40+00:00", "hotelChain": "Admiralty Plaza", "hotelName": "Admiralty Plaza: Louisville", "hotelLocation": "Louisville", "hotelRoomType": "standard", "hotelRoomCount": "1", "hotelGuestAdultCount": "1", "hotelGuestChildCount": "0", "hotelNightCount": "16", "hotelRoomPrice": "87.07", "hotelFinalPrice": "1393.12"}}}
{"_id": "orderid:936457", "timestamp": "2019-12-17T16:23:29.000Z", "eventType": "transaction", "_adobeamericaspot3": {"CRMID": "crmid:2985799244", "orderDetails": {"orderID": "orderid:936457", "reservationid": "YRM-SVLK", "orderType": "kiosk", "hotelSKU": "prd1197", "hotelCheckInUnix": "1577291009", "hotelCheckOutUnix": "1577636609", "hotelCheckInTS": "2019-12-25T16:23:29+00:00", "hotelCheckOutTS": "2019-12-29T16:23:29+00:00", "hotelChain": "Sapphire Suites", "hotelName": "Sapphire Suites: London", "hotelLocation": "London", "hotelRoomType": "standard", "hotelRoomCount": "1", "hotelGuestAdultCount": "1", "hotelGuestChildCount": "0", "hotelNightCount": "4", "hotelRoomPrice": "181.47", "hotelFinalPrice": "725.88"}}}
{"_id": "orderid:991037", "timestamp": "2020-02-14T18:16:45.000Z", "eventType": "transaction", "_adobeamericaspot3": {"CRMID": "crmid:1804630201", "orderDetails": {"orderID": "orderid:991037", "reservationid": "ZK3-BCZ2", "orderType": "website", "hotelSKU": "prd1178", "hotelCheckInUnix": "1581963405", "hotelCheckOutUnix": "1582913805", "hotelCheckInTS": "2020-02-17T18:16:45+00:00", "hotelCheckOutTS": "2020-02-28T18:16:45+00:00", "hotelChain": "Blue Reef Resort", "hotelName": "Blue Reef Resort: Colorado Springs", "hotelLocation": "Colorado Springs", "hotelRoomType": "luxury", "hotelRoomCount": "1", "hotelGuestAdultCount": "1", "hotelGuestChildCount": "1", "hotelNightCount": "11", "hotelRoomPrice": "269.59", "hotelFinalPrice": "2965.49"}}}
{"_id": "orderid:800408", "timestamp": "2020-02-09T22:17:23.000Z", "eventType": "transaction", "_adobeamericaspot3": {"CRMID": "crmid:1019011158", "orderDetails": {"orderID": "orderid:800408", "reservationid": "KMQ-Q3MT", "orderType": "website", "hotelSKU": "prd1021", "hotelCheckInUnix": "1583360243", "hotelCheckOutUnix": "1583619443", "hotelCheckInTS": "2020-03-04T22:17:23+00:00", "hotelCheckOutTS": "2020-03-07T22:17:23+00:00", "hotelChain": "Admiralty Plaza", "hotelName": "Admiralty Plaza: Denver", "hotelLocation": "Denver", "hotelRoomType": "standard", "hotelRoomCount": "1", "hotelGuestAdultCount": "1", "hotelGuestChildCount": "1", "hotelNightCount": "3", "hotelRoomPrice": "125.58", "hotelFinalPrice": "376.74"}}}
{"_id": "orderid:995242", "timestamp": "2019-12-15T11:15:37.000Z", "eventType": "transaction", "_adobeamericaspot3": {"CRMID": "crmid:3684304560", "orderDetails": {"orderID": "orderid:995242", "reservationid": "NUY-8JFZ", "orderType": "website", "hotelSKU": "prd1035", "hotelCheckInUnix": "1576667737", "hotelCheckOutUnix": "1577013337", "hotelCheckInTS": "2019-12-18T11:15:37+00:00", "hotelCheckOutTS": "2019-12-22T11:15:37+00:00", "hotelChain": "Hospitality Inn", "hotelName": "Hospitality Inn: Tucson", "hotelLocation": "Tucson", "hotelRoomType": "premium", "hotelRoomCount": "1", "hotelGuestAdultCount": "1", "hotelGuestChildCount": "0", "hotelNightCount": "4", "hotelRoomPrice": "138.11", "hotelFinalPrice": "552.44"}}}
{"_id": "orderid:899803", "timestamp": "2019-12-24T13:34:52.000Z", "eventType": "transaction", "_adobeamericaspot3": {"CRMID": "crmid:4668080611", "orderDetails": {"orderID": "orderid:899803", "reservationid": "2LL-73VM", "orderType": "website", "hotelSKU": "prd1172", "hotelCheckInUnix": "1579008892", "hotelCheckOutUnix": "1579440892", "hotelCheckInTS": "2020-01-14T13:34:52+00:00", "hotelCheckOutTS": "2020-01-19T13:34:52+00:00", "hotelChain": "Aspen Heights", "hotelName": "Aspen Heights: Mesa", "hotelLocation": "Mesa", "hotelRoomType": "luxury", "hotelRoomCount": "1", "hotelGuestAdultCount": "1", "hotelGuestChildCount": "0", "hotelNightCount": "5", "hotelRoomPrice": "289.8", "hotelFinalPrice": "1449.0"}}}
{"_id": "orderid:807206", "timestamp": "2019-12-08T14:56:41.000Z", "eventType": "transaction", "_adobeamericaspot3": {"CRMID": "crmid:6809156017", "orderDetails": {"orderID": "orderid:807206", "reservationid": "FNT-RF4S", "orderType": "website", "hotelSKU": "prd1057", "hotelCheckInUnix": "1577458601", "hotelCheckOutUnix": "1578149801", "hotelCheckInTS": "2019-12-27T14:56:41+00:00", "hotelCheckOutTS": "2020-01-04T14:56:41+00:00", "hotelChain": "Admiralty Plaza", "hotelName": "Admiralty Plaza: Mumbai", "hotelLocation": "Mumbai", "hotelRoomType": "standard", "hotelRoomCount": "1", "hotelGuestAdultCount": "1", "hotelGuestChildCount": "1", "hotelNightCount": "8", "hotelRoomPrice": "164.34", "hotelFinalPrice": "1314.72"}}}
{"_id": "orderid:764118", "timestamp": "2020-01-18T06:52:10.000Z", "eventType": "transaction", "_adobeamericaspot3": {"CRMID": "crmid:5456306795", "orderDetails": {"orderID": "orderid:764118", "reservationid": "G3O-US3F", "orderType": "kiosk", "hotelSKU": "prd1116", "hotelCheckInUnix": "1579416730", "hotelCheckOutUnix": "1579675930", "hotelCheckInTS": "2020-01-19T06:52:10+00:00", "hotelCheckOutTS": "2020-01-22T06:52:10+00:00", "hotelChain": "Repose Resort", "hotelName": "Repose Resort: Naples", "hotelLocation": "Naples", "hotelRoomType": "standard", "hotelRoomCount": "1", "hotelGuestAdultCount": "1", "hotelGuestChildCount": "0", "hotelNightCount": "3", "hotelRoomPrice": "110.09", "hotelFinalPrice": "330.27"}}}
{"_id": "orderid:167645", "timestamp": "2019-12-28T09:01:39.000Z", "eventType": "transaction", "_adobeamericaspot3": {"CRMID": "crmid:4937671519", "orderDetails": {"orderID": "orderid:167645", "reservationid": "TQZ-VUDE", "orderType": "mobile", "hotelSKU": "prd1082", "hotelCheckInUnix": "1577610099", "hotelCheckOutUnix": "1577696499", "hotelCheckInTS": "2019-12-29T09:01:39+00:00", "hotelCheckOutTS": "2019-12-30T09:01:39+00:00", "hotelChain": "Blue Reef Resort", "hotelName": "Blue Reef Resort: Surat", "hotelLocation": "Surat", "hotelRoomType": "standard", "hotelRoomCount": "1", "hotelGuestAdultCount": "1", "hotelGuestChildCount": "0", "hotelNightCount": "1", "hotelRoomPrice": "140.25", "hotelFinalPrice": "140.25"}}}
{"_id": "orderid:634318", "timestamp": "2020-01-03T18:33:28.000Z", "eventType": "transaction", "_adobeamericaspot3": {"CRMID": "crmid:1227743923", "orderDetails": {"orderID": "orderid:634318", "reservationid": "TYW-SKQP", "orderType": "call center", "hotelSKU": "prd1129", "hotelCheckInUnix": "1580236408", "hotelCheckOutUnix": "1580582008", "hotelCheckInTS": "2020-01-28T18:33:28+00:00", "hotelCheckOutTS": "2020-02-01T18:33:28+00:00", "hotelChain": "Admiralty Plaza", "hotelName": "Admiralty Plaza: Helsinki", "hotelLocation": "Helsinki", "hotelRoomType": "standard", "hotelRoomCount": "1", "hotelGuestAdultCount": "1", "hotelGuestChildCount": "3", "hotelNightCount": "4", "hotelRoomPrice": "117.82", "hotelFinalPrice": "471.28"}}}
{"_id": "orderid:687260", "timestamp": "2020-01-30T02:32:25.000Z", "eventType": "transaction", "_adobeamericaspot3": {"CRMID": "crmid:3808505569", "orderDetails": {"orderID": "orderid:687260", "reservationid": "YDB-Q3HS", "orderType": "call center", "hotelSKU": "prd1141", "hotelCheckInUnix": "1582597945", "hotelCheckOutUnix": "1582943545", "hotelCheckInTS": "2020-02-25T02:32:25+00:00", "hotelCheckOutTS": "2020-02-29T02:32:25+00:00", "hotelChain": "Admiralty Plaza", "hotelName": "Admiralty Plaza: Phoenix", "hotelLocation": "Phoenix", "hotelRoomType": "standard", "hotelRoomCount": "1", "hotelGuestAdultCount": "1", "hotelGuestChildCount": "0", "hotelNightCount": "4", "hotelRoomPrice": "96.19", "hotelFinalPrice": "384.76"}}}
{"_id": "orderid:826101", "timestamp": "2020-01-10T12:54:10.000Z", "eventType": "transaction", "_adobeamericaspot3": {"CRMID": "crmid:2517173142", "orderDetails": {"orderID": "orderid:826101", "reservationid": "Z2U-GOTI", "orderType": "kiosk", "hotelSKU": "prd1130", "hotelCheckInUnix": "1579352050", "hotelCheckOutUnix": "1579956850", "hotelCheckInTS": "2020-01-18T12:54:10+00:00", "hotelCheckOutTS": "2020-01-25T12:54:10+00:00", "hotelChain": "Blue Reef Resort", "hotelName": "Blue Reef Resort: Bremen", "hotelLocation": "Bremen", "hotelRoomType": "premium", "hotelRoomCount": "1", "hotelGuestAdultCount": "1", "hotelGuestChildCount": "0", "hotelNightCount": "7", "hotelRoomPrice": "174.73", "hotelFinalPrice": "1223.11"}}}
{"_id": "orderid:380949", "timestamp": "2019-12-01T15:51:58.000Z", "eventType": "transaction", "_adobeamericaspot3": {"CRMID": "crmid:1447236111", "orderDetails": {"orderID": "orderid:380949", "reservationid": "QYL-5MMW", "orderType": "mobile", "hotelSKU": "prd1016", "hotelCheckInUnix": "1576943518", "hotelCheckOutUnix": "1577548318", "hotelCheckInTS": "2019-12-21T15:51:58+00:00", "hotelCheckOutTS": "2019-12-28T15:51:58+00:00", "hotelChain": "Aspen Heights", "hotelName": "Aspen Heights: Columbus", "hotelLocation": "Columbus", "hotelRoomType": "standard", "hotelRoomCount": "1", "hotelGuestAdultCount": "1", "hotelGuestChildCount": "0", "hotelNightCount": "7", "hotelRoomPrice": "152.94", "hotelFinalPrice": "1070.58"}}}
{"_id": "orderid:549598", "timestamp": "2020-02-12T03:33:39.000Z", "eventType": "transaction", "_adobeamericaspot3": {"CRMID": "crmid:6860509302", "orderDetails": {"orderID": "orderid:549598", "reservationid": "CYG-NFSF", "orderType": "call center", "hotelSKU": "prd1081", "hotelCheckInUnix": "1583120019", "hotelCheckOutUnix": "1584070419", "hotelCheckInTS": "2020-03-02T03:33:39+00:00", "hotelCheckOutTS": "2020-03-13T03:33:39+00:00", "hotelChain": "Admiralty Plaza", "hotelName": "Admiralty Plaza: Rod de Janeiro", "hotelLocation": "Rod de Janeiro", "hotelRoomType": "standard", "hotelRoomCount": "1", "hotelGuestAdultCount": "1", "hotelGuestChildCount": "0", "hotelNightCount": "11", "hotelRoomPrice": "131.65", "hotelFinalPrice": "1448.15"}}}
{"_id": "orderid:582832", "timestamp": "2019-12-08T13:03:12.000Z", "eventType": "transaction", "_adobeamericaspot3": {"CRMID": "crmid:3866549661", "orderDetails": {"orderID": "orderid:582832", "reservationid": "WBT-AB3C", "orderType": "website", "hotelSKU": "prd1011", "hotelCheckInUnix": "1578142992", "hotelCheckOutUnix": "1578834192", "hotelCheckInTS": "2020-01-04T13:03:12+00:00", "hotelCheckOutTS": "2020-01-12T13:03:12+00:00", "hotelChain": "Hospitality Inn", "hotelName": "Hospitality Inn: Dallas", "hotelLocation": "Dallas", "hotelRoomType": "premium", "hotelRoomCount": "1", "hotelGuestAdultCount": "1", "hotelGuestChildCount": "0", "hotelNightCount": "8", "hotelRoomPrice": "156.66", "hotelFinalPrice": "1253.28"}}}
{"_id": "orderid:326356", "timestamp": "2020-01-09T09:51:21.000Z", "eventType": "transaction", "_adobeamericaspot3": {"CRMID": "crmid:3704770210", "orderDetails": {"orderID": "orderid:326356", "reservationid": "TMZ-EVWY", "orderType": "service desk", "hotelSKU": "prd1170", "hotelCheckInUnix": "1581069081", "hotelCheckOutUnix": "1581760281", "hotelCheckInTS": "2020-02-07T09:51:21+00:00", "hotelCheckOutTS": "2020-02-15T09:51:21+00:00", "hotelChain": "Restful Nights", "hotelName": "Restful Nights: Fresno", "hotelLocation": "Fresno", "hotelRoomType": "standard", "hotelRoomCount": "1", "hotelGuestAdultCount": "1", "hotelGuestChildCount": "0", "hotelNightCount": "8", "hotelRoomPrice": "153.29", "hotelFinalPrice": "1226.32"}}}
{"_id": "orderid:615868", "timestamp": "2020-01-21T00:42:59.000Z", "eventType": "transaction", "_adobeamericaspot3": {"CRMID": "crmid:1718333166", "orderDetails": {"orderID": "orderid:615868", "reservationid": "0AX-CK2X", "orderType": "kiosk", "hotelSKU": "prd1011", "hotelCheckInUnix": "1581554579", "hotelCheckOutUnix": "1582072979", "hotelCheckInTS": "2020-02-13T00:42:59+00:00", "hotelCheckOutTS": "2020-02-19T00:42:59+00:00", "hotelChain": "Hospitality Inn", "hotelName": "Hospitality Inn: Dallas", "hotelLocation": "Dallas", "hotelRoomType": "standard", "hotelRoomCount": "1", "hotelGuestAdultCount": "1", "hotelGuestChildCount": "0", "hotelNightCount": "6", "hotelRoomPrice": "143.31", "hotelFinalPrice": "859.86"}}}
{"_id": "orderid:464183", "timestamp": "2020-02-03T13:54:57.000Z", "eventType": "transaction", "_adobeamericaspot3": {"CRMID": "crmid:8743798240", "orderDetails": {"orderID": "orderid:464183", "reservationid": "RSM-JQOQ", "orderType": "mobile", "hotelSKU": "prd1137", "hotelCheckInUnix": "1580824497", "hotelCheckOutUnix": "1581083697", "hotelCheckInTS": "2020-02-04T13:54:57+00:00", "hotelCheckOutTS": "2020-02-07T13:54:57+00:00", "hotelChain": "Sapphire Suites", "hotelName": "Sapphire Suites: Manila", "hotelLocation": "Manila", "hotelRoomType": "standard", "hotelRoomCount": "1", "hotelGuestAdultCount": "1", "hotelGuestChildCount": "0", "hotelNightCount": "3", "hotelRoomPrice": "126.47", "hotelFinalPrice": "379.41"}}}
{"_id": "orderid:467104", "timestamp": "2020-01-09T20:00:02.000Z", "eventType": "transaction", "_adobeamericaspot3": {"CRMID": "crmid:1622899509", "orderDetails": {"orderID": "orderid:467104", "reservationid": "VVI-YTUF", "orderType": "website", "hotelSKU": "prd1134", "hotelCheckInUnix": "1580500802", "hotelCheckOutUnix": "1580932802", "hotelCheckInTS": "2020-01-31T20:00:02+00:00", "hotelCheckOutTS": "2020-02-05T20:00:02+00:00", "hotelChain": "Restful Nights", "hotelName": "Restful Nights: Montreal", "hotelLocation": "Montreal", "hotelRoomType": "standard", "hotelRoomCount": "1", "hotelGuestAdultCount": "1", "hotelGuestChildCount": "0", "hotelNightCount": "5", "hotelRoomPrice": "144.83", "hotelFinalPrice": "724.15"}}}
{"_id": "orderid:907345", "timestamp": "2019-12-08T19:49:25.000Z", "eventType": "transaction", "_adobeamericaspot3": {"CRMID": "crmid:6682283761", "orderDetails": {"orderID": "orderid:907345", "reservationid": "YJQ-NPHN", "orderType": "kiosk", "hotelSKU": "prd1062", "hotelCheckInUnix": "1576007365", "hotelCheckOutUnix": "1576180165", "hotelCheckInTS": "2019-12-10T19:49:25+00:00", "hotelCheckOutTS": "2019-12-12T19:49:25+00:00", "hotelChain": "Restful Nights", "hotelName": "Restful Nights: Moscow", "hotelLocation": "Moscow", "hotelRoomType": "luxury", "hotelRoomCount": "1", "hotelGuestAdultCount": "1", "hotelGuestChildCount": "0", "hotelNightCount": "2", "hotelRoomPrice": "313.99", "hotelFinalPrice": "627.98"}}}
{"_id": "orderid:670266", "timestamp": "2020-01-13T15:06:01.000Z", "eventType": "transaction", "_adobeamericaspot3": {"CRMID": "crmid:1574158587", "orderDetails": {"orderID": "orderid:670266", "reservationid": "UFL-HMZP", "orderType": "call center", "hotelSKU": "prd1061", "hotelCheckInUnix": "1579791961", "hotelCheckOutUnix": "1580137561", "hotelCheckInTS": "2020-01-23T15:06:01+00:00", "hotelCheckOutTS": "2020-01-27T15:06:01+00:00", "hotelChain": "Grandeur Hotels", "hotelName": "Grandeur Hotels: Lahore", "hotelLocation": "Lahore", "hotelRoomType": "standard", "hotelRoomCount": "1", "hotelGuestAdultCount": "1", "hotelGuestChildCount": "3", "hotelNightCount": "4", "hotelRoomPrice": "151.54", "hotelFinalPrice": "606.16"}}}
{"_id": "orderid:798310", "timestamp": "2019-12-14T13:11:54.000Z", "eventType": "transaction", "_adobeamericaspot3": {"CRMID": "crmid:5461023314", "orderDetails": {"orderID": "orderid:798310", "reservationid": "IY6-3VZ7", "orderType": "website", "hotelSKU": "prd1196", "hotelCheckInUnix": "1576761114", "hotelCheckOutUnix": "1576933914", "hotelCheckInTS": "2019-12-19T13:11:54+00:00", "hotelCheckOutTS": "2019-12-21T13:11:54+00:00", "hotelChain": "Aspen Heights", "hotelName": "Aspen Heights: Moscow", "hotelLocation": "Moscow", "hotelRoomType": "standard", "hotelRoomCount": "1", "hotelGuestAdultCount": "1", "hotelGuestChildCount": "0", "hotelNightCount": "2", "hotelRoomPrice": "129.19", "hotelFinalPrice": "258.38"}}}
{"_id": "orderid:347378", "timestamp": "2019-12-26T15:40:38.000Z", "eventType": "transaction", "_adobeamericaspot3": {"CRMID": "crmid:4681096619", "orderDetails": {"orderID": "orderid:347378", "reservationid": "ZP1-KDY9", "orderType": "website", "hotelSKU": "prd1073", "hotelCheckInUnix": "1579362038", "hotelCheckOutUnix": "1581003638", "hotelCheckInTS": "2020-01-18T15:40:38+00:00", "hotelCheckOutTS": "2020-02-06T15:40:38+00:00", "hotelChain": "Grandeur Hotels", "hotelName": "Grandeur Hotels: Lima", "hotelLocation": "Lima", "hotelRoomType": "premium", "hotelRoomCount": "1", "hotelGuestAdultCount": "1", "hotelGuestChildCount": "0", "hotelNightCount": "19", "hotelRoomPrice": "175.82", "hotelFinalPrice": "3340.58"}}}
{"_id": "orderid:109271", "timestamp": "2019-12-24T06:02:54.000Z", "eventType": "transaction", "_adobeamericaspot3": {"CRMID": "crmid:2962860359", "orderDetails": {"orderID": "orderid:109271", "reservationid": "XM6-DU1Q", "orderType": "kiosk", "hotelSKU": "prd1142", "hotelCheckInUnix": "1579154574", "hotelCheckOutUnix": "1579759374", "hotelCheckInTS": "2020-01-16T06:02:54+00:00", "hotelCheckOutTS": "2020-01-23T06:02:54+00:00", "hotelChain": "Blue Reef Resort", "hotelName": "Blue Reef Resort: Philadelphia", "hotelLocation": "Philadelphia", "hotelRoomType": "standard", "hotelRoomCount": "1", "hotelGuestAdultCount": "1", "hotelGuestChildCount": "0", "hotelNightCount": "7", "hotelRoomPrice": "170.59", "hotelFinalPrice": "1194.13"}}}
{"_id": "orderid:868491", "timestamp": "2019-12-25T18:14:35.000Z", "eventType": "transaction", "_adobeamericaspot3": {"CRMID": "crmid:2164789087", "orderDetails": {"orderID": "orderid:868491", "reservationid": "6OP-BA8P", "orderType": "website", "hotelSKU": "prd1004", "hotelCheckInUnix": "1577470475", "hotelCheckOutUnix": "1577643275", "hotelCheckInTS": "2019-12-27T18:14:35+00:00", "hotelCheckOutTS": "2019-12-29T18:14:35+00:00", "hotelChain": "Aspen Heights", "hotelName": "Aspen Heights: Boulder", "hotelLocation": "Boulder", "hotelRoomType": "standard", "hotelRoomCount": "1", "hotelGuestAdultCount": "1", "hotelGuestChildCount": "0", "hotelNightCount": "2", "hotelRoomPrice": "172.62", "hotelFinalPrice": "345.24"}}}
{"_id": "orderid:342224", "timestamp": "2020-02-15T15:23:04.000Z", "eventType": "transaction", "_adobeamericaspot3": {"CRMID": "crmid:4847282523", "orderDetails": {"orderID": "orderid:342224", "reservationid": "KLN-EBYQ", "orderType": "kiosk", "hotelSKU": "prd1071", "hotelCheckInUnix": "1581952984", "hotelCheckOutUnix": "1582039384", "hotelCheckInTS": "2020-02-17T15:23:04+00:00", "hotelCheckOutTS": "2020-02-18T15:23:04+00:00", "hotelChain": "Hospitality Inn", "hotelName": "Hospitality Inn: Seoul", "hotelLocation": "Seoul", "hotelRoomType": "premium", "hotelRoomCount": "1", "hotelGuestAdultCount": "1", "hotelGuestChildCount": "0", "hotelNightCount": "1", "hotelRoomPrice": "146.56", "hotelFinalPrice": "146.56"}}}
{"_id": "orderid:105055", "timestamp": "2020-01-28T13:34:37.000Z", "eventType": "transaction", "_adobeamericaspot3": {"CRMID": "crmid:9142593637", "orderDetails": {"orderID": "orderid:105055", "reservationid": "CYX-OQ3G", "orderType": "kiosk", "hotelSKU": "prd1088", "hotelCheckInUnix": "1582119277", "hotelCheckOutUnix": "1582810477", "hotelCheckInTS": "2020-02-19T13:34:37+00:00", "hotelCheckOutTS": "2020-02-27T13:34:37+00:00", "hotelChain": "Aspen Heights", "hotelName": "Aspen Heights: Ankara", "hotelLocation": "Ankara", "hotelRoomType": "standard", "hotelRoomCount": "1", "hotelGuestAdultCount": "1", "hotelGuestChildCount": "0", "hotelNightCount": "8", "hotelRoomPrice": "144.35", "hotelFinalPrice": "1154.8"}}}
{"_id": "orderid:258062", "timestamp": "2020-01-22T04:45:11.000Z", "eventType": "transaction", "_adobeamericaspot3": {"CRMID": "crmid:2752050748", "orderDetails": {"orderID": "orderid:258062", "reservationid": "FXJ-N2FX", "orderType": "mobile", "hotelSKU": "prd1081", "hotelCheckInUnix": "1581137111", "hotelCheckOutUnix": "1581828311", "hotelCheckInTS": "2020-02-08T04:45:11+00:00", "hotelCheckOutTS": "2020-02-16T04:45:11+00:00", "hotelChain": "Admiralty Plaza", "hotelName": "Admiralty Plaza: Rod de Janeiro", "hotelLocation": "Rod de Janeiro", "hotelRoomType": "standard", "hotelRoomCount": "1", "hotelGuestAdultCount": "1", "hotelGuestChildCount": "0", "hotelNightCount": "8", "hotelRoomPrice": "145.11", "hotelFinalPrice": "1160.88"}}}
{"_id": "orderid:252100", "timestamp": "2019-12-21T21:18:08.000Z", "eventType": "transaction", "_adobeamericaspot3": {"CRMID": "crmid:6938104501", "orderDetails": {"orderID": "orderid:252100", "reservationid": "MZ9-0M3P", "orderType": "website", "hotelSKU": "prd1179", "hotelCheckInUnix": "1577049488", "hotelCheckOutUnix": "1577481488", "hotelCheckInTS": "2019-12-22T21:18:08+00:00", "hotelCheckOutTS": "2019-12-27T21:18:08+00:00", "hotelChain": "Hospitality Inn", "hotelName": "Hospitality Inn: Miami", "hotelLocation": "Miami", "hotelRoomType": "standard", "hotelRoomCount": "1", "hotelGuestAdultCount": "1", "hotelGuestChildCount": "0", "hotelNightCount": "5", "hotelRoomPrice": "122.04", "hotelFinalPrice": "610.2"}}}
{"_id": "orderid:361368", "timestamp": "2020-01-06T08:42:42.000Z", "eventType": "transaction", "_adobeamericaspot3": {"CRMID": "crmid:7461298903", "orderDetails": {"orderID": "orderid:361368", "reservationid": "HIH-HCTF", "orderType": "mobile", "hotelSKU": "prd1139", "hotelCheckInUnix": "1578472962", "hotelCheckOutUnix": "1578559362", "hotelCheckInTS": "2020-01-08T08:42:42+00:00", "hotelCheckOutTS": "2020-01-09T08:42:42+00:00", "hotelChain": "Nesting Box Inn", "hotelName": "Nesting Box Inn: Nairobi", "hotelLocation": "Nairobi", "hotelRoomType": "ultra-luxury", "hotelRoomCount": "1", "hotelGuestAdultCount": "1", "hotelGuestChildCount": "0", "hotelNightCount": "1", "hotelRoomPrice": "334.27", "hotelFinalPrice": "334.27"}}}
{"_id": "orderid:491417", "timestamp": "2020-02-05T12:56:51.000Z", "eventType": "transaction", "_adobeamericaspot3": {"CRMID": "crmid:8856572834", "orderDetails": {"orderID": "orderid:491417", "reservationid": "VXX-ML9E", "orderType": "call center", "hotelSKU": "prd1171", "hotelCheckInUnix": "1582721811", "hotelCheckOutUnix": "1583067411", "hotelCheckInTS": "2020-02-26T12:56:51+00:00", "hotelCheckOutTS": "2020-03-01T12:56:51+00:00", "hotelChain": "Family Fun Hotels", "hotelName": "Family Fun Hotels: Sacramento", "hotelLocation": "Sacramento", "hotelRoomType": "standard", "hotelRoomCount": "1", "hotelGuestAdultCount": "1", "hotelGuestChildCount": "0", "hotelNightCount": "4", "hotelRoomPrice": "157.1", "hotelFinalPrice": "628.4"}}}
{"_id": "orderid:104842", "timestamp": "2020-01-12T04:50:18.000Z", "eventType": "transaction", "_adobeamericaspot3": {"CRMID": "crmid:8866928275", "orderDetails": {"orderID": "orderid:104842", "reservationid": "8WG-TZPL", "orderType": "service desk", "hotelSKU": "prd1025", "hotelCheckInUnix": "1580273418", "hotelCheckOutUnix": "1581483018", "hotelCheckInTS": "2020-01-29T04:50:18+00:00", "hotelCheckOutTS": "2020-02-12T04:50:18+00:00", "hotelChain": "Grandeur Hotels", "hotelName": "Grandeur Hotels: Detroit", "hotelLocation": "Detroit", "hotelRoomType": "standard", "hotelRoomCount": "1", "hotelGuestAdultCount": "1", "hotelGuestChildCount": "0", "hotelNightCount": "14", "hotelRoomPrice": "147.77", "hotelFinalPrice": "2068.78"}}}
{"_id": "orderid:318609", "timestamp": "2020-02-15T11:52:05.000Z", "eventType": "transaction", "_adobeamericaspot3": {"CRMID": "crmid:5953853708", "orderDetails": {"orderID": "orderid:318609", "reservationid": "AWP-EJF4", "orderType": "call center", "hotelSKU": "prd1106", "hotelCheckInUnix": "1583927525", "hotelCheckOutUnix": "1584532325", "hotelCheckInTS": "2020-03-11T11:52:05+00:00", "hotelCheckOutTS": "2020-03-18T11:52:05+00:00", "hotelChain": "Blue Reef Resort", "hotelName": "Blue Reef Resort: Munich", "hotelLocation": "Munich", "hotelRoomType": "premium", "hotelRoomCount": "1", "hotelGuestAdultCount": "1", "hotelGuestChildCount": "0", "hotelNightCount": "7", "hotelRoomPrice": "131.26", "hotelFinalPrice": "918.82"}}}
{"_id": "orderid:289035", "timestamp": "2019-12-15T02:06:54.000Z", "eventType": "transaction", "_adobeamericaspot3": {"CRMID": "crmid:8163391052", "orderDetails": {"orderID": "orderid:289035", "reservationid": "P8Z-IWIB", "orderType": "kiosk", "hotelSKU": "prd1108", "hotelCheckInUnix": "1576462014", "hotelCheckOutUnix": "1577326014", "hotelCheckInTS": "2019-12-16T02:06:54+00:00", "hotelCheckOutTS": "2019-12-26T02:06:54+00:00", "hotelChain": "Sandhill", "hotelName": "Sandhill: Milan", "hotelLocation": "Milan", "hotelRoomType": "premium", "hotelRoomCount": "1", "hotelGuestAdultCount": "1", "hotelGuestChildCount": "4", "hotelNightCount": "10", "hotelRoomPrice": "138.16", "hotelFinalPrice": "1381.6"}}}
{"_id": "orderid:274815", "timestamp": "2019-12-16T02:31:30.000Z", "eventType": "transaction", "_adobeamericaspot3": {"CRMID": "crmid:9726607644", "orderDetails": {"orderID": "orderid:274815", "reservationid": "0CF-NBXF", "orderType": "call center", "hotelSKU": "prd1040", "hotelCheckInUnix": "1576636290", "hotelCheckOutUnix": "1576981890", "hotelCheckInTS": "2019-12-18T02:31:30+00:00", "hotelCheckOutTS": "2019-12-22T02:31:30+00:00", "hotelChain": "Aspen Heights", "hotelName": "Aspen Heights: Atlanta", "hotelLocation": "Atlanta", "hotelRoomType": "premium", "hotelRoomCount": "1", "hotelGuestAdultCount": "1", "hotelGuestChildCount": "0", "hotelNightCount": "4", "hotelRoomPrice": "122.54", "hotelFinalPrice": "490.16"}}}
{"_id": "orderid:981553", "timestamp": "2020-01-14T18:49:17.000Z", "eventType": "transaction", "_adobeamericaspot3": {"CRMID": "crmid:6933611667", "orderDetails": {"orderID": "orderid:981553", "reservationid": "KEZ-FY0M", "orderType": "kiosk", "hotelSKU": "prd1193", "hotelCheckInUnix": "1579286957", "hotelCheckOutUnix": "1579373357", "hotelCheckInTS": "2020-01-17T18:49:17+00:00", "hotelCheckOutTS": "2020-01-18T18:49:17+00:00", "hotelChain": "Grandeur Hotels", "hotelName": "Grandeur Hotels: Kinshasa", "hotelLocation": "Kinshasa", "hotelRoomType": "standard", "hotelRoomCount": "1", "hotelGuestAdultCount": "1", "hotelGuestChildCount": "0", "hotelNightCount": "1", "hotelRoomPrice": "111.39", "hotelFinalPrice": "111.39"}}}
{"_id": "orderid:637374", "timestamp": "2019-12-30T03:29:57.000Z", "eventType": "transaction", "_adobeamericaspot3": {"CRMID": "crmid:4405187417", "orderDetails": {"orderID": "orderid:637374", "reservationid": "NNB-HEKV", "orderType": "service desk", "hotelSKU": "prd1142", "hotelCheckInUnix": "1578367797", "hotelCheckOutUnix": "1579231797", "hotelCheckInTS": "2020-01-07T03:29:57+00:00", "hotelCheckOutTS": "2020-01-17T03:29:57+00:00", "hotelChain": "Blue Reef Resort", "hotelName": "Blue Reef Resort: Philadelphia", "hotelLocation": "Philadelphia", "hotelRoomType": "premium", "hotelRoomCount": "1", "hotelGuestAdultCount": "1", "hotelGuestChildCount": "1", "hotelNightCount": "10", "hotelRoomPrice": "139.01", "hotelFinalPrice": "1390.1"}}}
{"_id": "orderid:586275", "timestamp": "2019-12-20T10:50:16.000Z", "eventType": "transaction", "_adobeamericaspot3": {"CRMID": "crmid:7037553157", "orderDetails": {"orderID": "orderid:586275", "reservationid": "BBH-P6WW", "orderType": "call center", "hotelSKU": "prd1093", "hotelCheckInUnix": "1578999016", "hotelCheckOutUnix": "1579690216", "hotelCheckInTS": "2020-01-14T10:50:16+00:00", "hotelCheckOutTS": "2020-01-22T10:50:16+00:00", "hotelChain": "Admiralty Plaza", "hotelName": "Admiralty Plaza: Yokohama", "hotelLocation": "Yokohama", "hotelRoomType": "standard", "hotelRoomCount": "1", "hotelGuestAdultCount": "1", "hotelGuestChildCount": "2", "hotelNightCount": "8", "hotelRoomPrice": "135.74", "hotelFinalPrice": "1085.92"}}}
{"_id": "orderid:631724", "timestamp": "2019-12-31T04:00:21.000Z", "eventType": "transaction", "_adobeamericaspot3": {"CRMID": "crmid:5746441355", "orderDetails": {"orderID": "orderid:631724", "reservationid": "5ER-BCZM", "orderType": "mobile", "hotelSKU": "prd1135", "hotelCheckInUnix": "1580011221", "hotelCheckOutUnix": "1581048021", "hotelCheckInTS": "2020-01-26T04:00:21+00:00", "hotelCheckOutTS": "2020-02-07T04:00:21+00:00", "hotelChain": "Family Fun Hotels", "hotelName": "Family Fun Hotels: Vancouver", "hotelLocation": "Vancouver", "hotelRoomType": "standard", "hotelRoomCount": "1", "hotelGuestAdultCount": "1", "hotelGuestChildCount": "1", "hotelNightCount": "12", "hotelRoomPrice": "149.08", "hotelFinalPrice": "1788.96"}}}
{"_id": "orderid:623995", "timestamp": "2019-12-28T21:17:25.000Z", "eventType": "transaction", "_adobeamericaspot3": {"CRMID": "crmid:3010818774", "orderDetails": {"orderID": "orderid:623995", "reservationid": "KRU-RGNL", "orderType": "website", "hotelSKU": "prd1107", "hotelCheckInUnix": "1579468645", "hotelCheckOutUnix": "1579987045", "hotelCheckInTS": "2020-01-19T21:17:25+00:00", "hotelCheckOutTS": "2020-01-25T21:17:25+00:00", "hotelChain": "Hospitality Inn", "hotelName": "Hospitality Inn: Kharkiv", "hotelLocation": "Kharkiv", "hotelRoomType": "standard", "hotelRoomCount": "1", "hotelGuestAdultCount": "1", "hotelGuestChildCount": "0", "hotelNightCount": "6", "hotelRoomPrice": "113.17", "hotelFinalPrice": "679.02"}}}
{"_id": "orderid:996528", "timestamp": "2020-01-26T19:03:11.000Z", "eventType": "transaction", "_adobeamericaspot3": {"CRMID": "crmid:2624534365", "orderDetails": {"orderID": "orderid:996528", "reservationid": "2XZ-XLDW", "orderType": "mobile", "hotelSKU": "prd1011", "hotelCheckInUnix": "1580151791", "hotelCheckOutUnix": "1580410991", "hotelCheckInTS": "2020-01-27T19:03:11+00:00", "hotelCheckOutTS": "2020-01-30T19:03:11+00:00", "hotelChain": "Hospitality Inn", "hotelName": "Hospitality Inn: Dallas", "hotelLocation": "Dallas", "hotelRoomType": "premium", "hotelRoomCount": "1", "hotelGuestAdultCount": "1", "hotelGuestChildCount": "0", "hotelNightCount": "3", "hotelRoomPrice": "122.8", "hotelFinalPrice": "368.4"}}}
{"_id": "orderid:317568", "timestamp": "2019-12-24T19:05:41.000Z", "eventType": "transaction", "_adobeamericaspot3": {"CRMID": "crmid:9437525932", "orderDetails": {"orderID": "orderid:317568", "reservationid": "687-2RSD", "orderType": "mobile", "hotelSKU": "prd1177", "hotelCheckInUnix": "1579201541", "hotelCheckOutUnix": "1580756741", "hotelCheckInTS": "2020-01-16T19:05:41+00:00", "hotelCheckOutTS": "2020-02-03T19:05:41+00:00", "hotelChain": "Admiralty Plaza", "hotelName": "Admiralty Plaza: Raleigh", "hotelLocation": "Raleigh", "hotelRoomType": "standard", "hotelRoomCount": "1", "hotelGuestAdultCount": "1", "hotelGuestChildCount": "0", "hotelNightCount": "18", "hotelRoomPrice": "167.63", "hotelFinalPrice": "3017.34"}}}
{"_id": "orderid:688188", "timestamp": "2019-12-16T12:40:05.000Z", "eventType": "transaction", "_adobeamericaspot3": {"CRMID": "crmid:6360100937", "orderDetails": {"orderID": "orderid:688188", "reservationid": "NFQ-BXJE", "orderType": "call center", "hotelSKU": "prd1137", "hotelCheckInUnix": "1576672805", "hotelCheckOutUnix": "1577018405", "hotelCheckInTS": "2019-12-18T12:40:05+00:00", "hotelCheckOutTS": "2019-12-22T12:40:05+00:00", "hotelChain": "Sapphire Suites", "hotelName": "Sapphire Suites: Manila", "hotelLocation": "Manila", "hotelRoomType": "standard", "hotelRoomCount": "1", "hotelGuestAdultCount": "1", "hotelGuestChildCount": "0", "hotelNightCount": "4", "hotelRoomPrice": "98.2", "hotelFinalPrice": "392.8"}}}
{"_id": "orderid:942680", "timestamp": "2020-01-23T21:35:57.000Z", "eventType": "transaction", "_adobeamericaspot3": {"CRMID": "crmid:6234853836", "orderDetails": {"orderID": "orderid:942680", "reservationid": "1VG-7WVV", "orderType": "kiosk", "hotelSKU": "prd1086", "hotelCheckInUnix": "1579901757", "hotelCheckOutUnix": "1580074557", "hotelCheckInTS": "2020-01-24T21:35:57+00:00", "hotelCheckOutTS": "2020-01-26T21:35:57+00:00", "hotelChain": "Restful Nights", "hotelName": "Restful Nights: Johannesburg", "hotelLocation": "Johannesburg", "hotelRoomType": "premium", "hotelRoomCount": "1", "hotelGuestAdultCount": "1", "hotelGuestChildCount": "0", "hotelNightCount": "2", "hotelRoomPrice": "125.78", "hotelFinalPrice": "251.56"}}}
{"_id": "orderid:662925", "timestamp": "2019-12-04T15:41:03.000Z", "eventType": "transaction", "_adobeamericaspot3": {"CRMID": "crmid:3294690186", "orderDetails": {"orderID": "orderid:662925", "reservationid": "GPD-I8UK", "orderType": "kiosk", "hotelSKU": "prd1181", "hotelCheckInUnix": "1575733263", "hotelCheckOutUnix": "1575819663", "hotelCheckInTS": "2019-12-07T15:41:03+00:00", "hotelCheckOutTS": "2019-12-08T15:41:03+00:00", "hotelChain": "Grandeur Hotels", "hotelName": "Grandeur Hotels: Oakland", "hotelLocation": "Oakland", "hotelRoomType": "presidential-suite", "hotelRoomCount": "1", "hotelGuestAdultCount": "1", "hotelGuestChildCount": "0", "hotelNightCount": "1", "hotelRoomPrice": "839.3", "hotelFinalPrice": "839.3"}}}
{"_id": "orderid:566976", "timestamp": "2019-12-10T00:00:00.000Z", "eventType": "transaction", "_adobeamericaspot3": {"CRMID": "crmid:3294690186", "orderDetails": {"orderID": "orderid:566976", "reservationid": "XMV-DQY2", "orderType": "website", "hotelSKU": "prd1171", "hotelCheckInUnix": "1576195200", "hotelCheckOutUnix": "1576281600", "hotelCheckInTS": "2019-12-13T00:00:00+00:00", "hotelCheckOutTS": "2019-12-14T00:00:00+00:00", "hotelChain": "Family Fun Hotels", "hotelName": "Family Fun Hotels: Sacramento", "hotelLocation": "Sacramento", "hotelRoomType": "premium", "hotelRoomCount": "1", "hotelGuestAdultCount": "1", "hotelGuestChildCount": "0", "hotelNightCount": "1", "hotelRoomPrice": "154.16", "hotelFinalPrice": "154.16"}}}
{"_id": "orderid:488426", "timestamp": "2020-01-08T19:13:09.000Z", "eventType": "transaction", "_adobeamericaspot3": {"CRMID": "crmid:3549932415", "orderDetails": {"orderID": "orderid:488426", "reservationid": "JZZ-PUJF", "orderType": "kiosk", "hotelSKU": "prd1190", "hotelCheckInUnix": "1580843589", "hotelCheckOutUnix": "1581534789", "hotelCheckInTS": "2020-02-04T19:13:09+00:00", "hotelCheckOutTS": "2020-02-12T19:13:09+00:00", "hotelChain": "Blue Reef Resort", "hotelName": "Blue Reef Resort: Aurora", "hotelLocation": "Aurora", "hotelRoomType": "standard", "hotelRoomCount": "1", "hotelGuestAdultCount": "1", "hotelGuestChildCount": "3", "hotelNightCount": "8", "hotelRoomPrice": "145.53", "hotelFinalPrice": "1164.24"}}}
{"_id": "orderid:668543", "timestamp": "2019-12-18T15:21:23.000Z", "eventType": "transaction", "_adobeamericaspot3": {"CRMID": "crmid:1970910772", "orderDetails": {"orderID": "orderid:668543", "reservationid": "FC3-XB6J", "orderType": "call center", "hotelSKU": "prd1161", "hotelCheckInUnix": "1576768883", "hotelCheckOutUnix": "1576855283", "hotelCheckInTS": "2019-12-19T15:21:23+00:00", "hotelCheckOutTS": "2019-12-20T15:21:23+00:00", "hotelChain": "Sapphire Suites", "hotelName": "Sapphire Suites: Memphis", "hotelLocation": "Memphis", "hotelRoomType": "standard", "hotelRoomCount": "1", "hotelGuestAdultCount": "1", "hotelGuestChildCount": "0", "hotelNightCount": "1", "hotelRoomPrice": "156.54", "hotelFinalPrice": "156.54"}}}
{"_id": "orderid:336033", "timestamp": "2019-12-22T00:00:00.000Z", "eventType": "transaction", "_adobeamericaspot3": {"CRMID": "crmid:1970910772", "orderDetails": {"orderID": "orderid:336033", "reservationid": "HTU-QOF6", "orderType": "website", "hotelSKU": "prd1021", "hotelCheckInUnix": "1577145600", "hotelCheckOutUnix": "1577318400", "hotelCheckInTS": "2019-12-24T00:00:00+00:00", "hotelCheckOutTS": "2019-12-26T00:00:00+00:00", "hotelChain": "Admiralty Plaza", "hotelName": "Admiralty Plaza: Denver", "hotelLocation": "Denver", "hotelRoomType": "premium", "hotelRoomCount": "1", "hotelGuestAdultCount": "1", "hotelGuestChildCount": "0", "hotelNightCount": "2", "hotelRoomPrice": "164.79", "hotelFinalPrice": "329.58"}}}
{"_id": "orderid:768465", "timestamp": "2019-12-10T20:27:58.000Z", "eventType": "transaction", "_adobeamericaspot3": {"CRMID": "crmid:9344145517", "orderDetails": {"orderID": "orderid:768465", "reservationid": "1JU-IAPD", "orderType": "kiosk", "hotelSKU": "prd1167", "hotelCheckInUnix": "1576096078", "hotelCheckOutUnix": "1576268878", "hotelCheckInTS": "2019-12-11T20:27:58+00:00", "hotelCheckOutTS": "2019-12-13T20:27:58+00:00", "hotelChain": "Hospitality Inn", "hotelName": "Hospitality Inn: Milwaukee", "hotelLocation": "Milwaukee", "hotelRoomType": "standard", "hotelRoomCount": "1", "hotelGuestAdultCount": "1", "hotelGuestChildCount": "0", "hotelNightCount": "2", "hotelRoomPrice": "190.82", "hotelFinalPrice": "381.64"}}}
{"_id": "orderid:855917", "timestamp": "2020-01-14T20:10:35.000Z", "eventType": "transaction", "_adobeamericaspot3": {"CRMID": "crmid:6062295003", "orderDetails": {"orderID": "orderid:855917", "reservationid": "3M1-UC3G", "orderType": "website", "hotelSKU": "prd1052", "hotelCheckInUnix": "1579464635", "hotelCheckOutUnix": "1579637435", "hotelCheckInTS": "2020-01-19T20:10:35+00:00", "hotelCheckOutTS": "2020-01-21T20:10:35+00:00", "hotelChain": "Aspen Heights", "hotelName": "Aspen Heights: Wichita", "hotelLocation": "Wichita", "hotelRoomType": "premium", "hotelRoomCount": "1", "hotelGuestAdultCount": "1", "hotelGuestChildCount": "0", "hotelNightCount": "2", "hotelRoomPrice": "118.54", "hotelFinalPrice": "237.08"}}}
{"_id": "orderid:121693", "timestamp": "2020-01-23T00:00:00.000Z", "eventType": "transaction", "_adobeamericaspot3": {"CRMID": "crmid:6062295003", "orderDetails": {"orderID": "orderid:121693", "reservationid": "DKY-GREN", "orderType": "call center", "hotelSKU": "prd1015", "hotelCheckInUnix": "1580342400", "hotelCheckOutUnix": "1580688000", "hotelCheckInTS": "2020-01-30T00:00:00+00:00", "hotelCheckOutTS": "2020-02-03T00:00:00+00:00", "hotelChain": "Family Fun Hotels", "hotelName": "Family Fun Hotels: San Francisco", "hotelLocation": "San Francisco", "hotelRoomType": "premium", "hotelRoomCount": "1", "hotelGuestAdultCount": "1", "hotelGuestChildCount": "0", "hotelNightCount": "4", "hotelRoomPrice": "143.38", "hotelFinalPrice": "573.52"}}}
{"_id": "orderid:965068", "timestamp": "2020-01-24T13:00:30.000Z", "eventType": "transaction", "_adobeamericaspot3": {"CRMID": "crmid:7683944953", "orderDetails": {"orderID": "orderid:965068", "reservationid": "EIX-NW7B", "orderType": "kiosk", "hotelSKU": "prd1004", "hotelCheckInUnix": "1580130030", "hotelCheckOutUnix": "1580302830", "hotelCheckInTS": "2020-01-27T13:00:30+00:00", "hotelCheckOutTS": "2020-01-29T13:00:30+00:00", "hotelChain": "Aspen Heights", "hotelName": "Aspen Heights: Boulder", "hotelLocation": "Boulder", "hotelRoomType": "standard", "hotelRoomCount": "1", "hotelGuestAdultCount": "1", "hotelGuestChildCount": "0", "hotelNightCount": "2", "hotelRoomPrice": "154.86", "hotelFinalPrice": "309.72"}}}
{"_id": "orderid:405295", "timestamp": "2020-01-03T05:37:09.000Z", "eventType": "transaction", "_adobeamericaspot3": {"CRMID": "crmid:1772653299", "orderDetails": {"orderID": "orderid:405295", "reservationid": "6AZ-PSWV", "orderType": "kiosk", "hotelSKU": "prd1171", "hotelCheckInUnix": "1578116229", "hotelCheckOutUnix": "1578375429", "hotelCheckInTS": "2020-01-04T05:37:09+00:00", "hotelCheckOutTS": "2020-01-07T05:37:09+00:00", "hotelChain": "Family Fun Hotels", "hotelName": "Family Fun Hotels: Sacramento", "hotelLocation": "Sacramento", "hotelRoomType": "standard", "hotelRoomCount": "1", "hotelGuestAdultCount": "1", "hotelGuestChildCount": "0", "hotelNightCount": "3", "hotelRoomPrice": "141.84", "hotelFinalPrice": "425.52"}}}
{"_id": "orderid:505090", "timestamp": "2020-01-08T00:00:00.000Z", "eventType": "transaction", "_adobeamericaspot3": {"CRMID": "crmid:1772653299", "orderDetails": {"orderID": "orderid:505090", "reservationid": "8OB-WFOW", "orderType": "website", "hotelSKU": "prd1178", "hotelCheckInUnix": "1578614400", "hotelCheckOutUnix": "1578787200", "hotelCheckInTS": "2020-01-10T00:00:00+00:00", "hotelCheckOutTS": "2020-01-12T00:00:00+00:00", "hotelChain": "Blue Reef Resort", "hotelName": "Blue Reef Resort: Colorado Springs", "hotelLocation": "Colorado Springs", "hotelRoomType": "premium", "hotelRoomCount": "1", "hotelGuestAdultCount": "1", "hotelGuestChildCount": "0", "hotelNightCount": "2", "hotelRoomPrice": "162.55", "hotelFinalPrice": "325.1"}}}
{"_id": "orderid:801583", "timestamp": "2020-01-09T08:03:23.000Z", "eventType": "transaction", "_adobeamericaspot3": {"CRMID": "crmid:8281764292", "orderDetails": {"orderID": "orderid:801583", "reservationid": "O0F-QRBE", "orderType": "kiosk", "hotelSKU": "prd1069", "hotelCheckInUnix": "1580285003", "hotelCheckOutUnix": "1580976203", "hotelCheckInTS": "2020-01-29T08:03:23+00:00", "hotelCheckOutTS": "2020-02-06T08:03:23+00:00", "hotelChain": "Admiralty Plaza", "hotelName": "Admiralty Plaza: Singapore", "hotelLocation": "Singapore", "hotelRoomType": "luxury", "hotelRoomCount": "1", "hotelGuestAdultCount": "1", "hotelGuestChildCount": "4", "hotelNightCount": "8", "hotelRoomPrice": "337.73", "hotelFinalPrice": "2701.84"}}}
{"_id": "orderid:606597", "timestamp": "2020-01-13T16:53:07.000Z", "eventType": "transaction", "_adobeamericaspot3": {"CRMID": "crmid:5767207460", "orderDetails": {"orderID": "orderid:606597", "reservationid": "2DH-ZJZI", "orderType": "call center", "hotelSKU": "prd1003", "hotelCheckInUnix": "1581094387", "hotelCheckOutUnix": "1581526387", "hotelCheckInTS": "2020-02-07T16:53:07+00:00", "hotelCheckOutTS": "2020-02-12T16:53:07+00:00", "hotelChain": "Family Fun Hotels", "hotelName": "Family Fun Hotels: Houston", "hotelLocation": "Houston", "hotelRoomType": "standard", "hotelRoomCount": "1", "hotelGuestAdultCount": "1", "hotelGuestChildCount": "0", "hotelNightCount": "5", "hotelRoomPrice": "99.61", "hotelFinalPrice": "498.05"}}}
{"_id": "orderid:125066", "timestamp": "2020-01-27T11:40:51.000Z", "eventType": "transaction", "_adobeamericaspot3": {"CRMID": "crmid:5219295120", "orderDetails": {"orderID": "orderid:125066", "reservationid": "SSD-RUW9", "orderType": "mobile", "hotelSKU": "prd1052", "hotelCheckInUnix": "1582371651", "hotelCheckOutUnix": "1583149251", "hotelCheckInTS": "2020-02-22T11:40:51+00:00", "hotelCheckOutTS": "2020-03-02T11:40:51+00:00", "hotelChain": "Aspen Heights", "hotelName": "Aspen Heights: Wichita", "hotelLocation": "Wichita", "hotelRoomType": "standard", "hotelRoomCount": "1", "hotelGuestAdultCount": "1", "hotelGuestChildCount": "3", "hotelNightCount": "9", "hotelRoomPrice": "169.44", "hotelFinalPrice": "1524.96"}}}
{"_id": "orderid:651152", "timestamp": "2019-12-17T23:59:07.000Z", "eventType": "transaction", "_adobeamericaspot3": {"CRMID": "crmid:9733220689", "orderDetails": {"orderID": "orderid:651152", "reservationid": "J1U-DCFC", "orderType": "call center", "hotelSKU": "prd1183", "hotelCheckInUnix": "1578268747", "hotelCheckOutUnix": "1579046347", "hotelCheckInTS": "2020-01-05T23:59:07+00:00", "hotelCheckOutTS": "2020-01-14T23:59:07+00:00", "hotelChain": "Family Fun Hotels", "hotelName": "Family Fun Hotels: Tulsa", "hotelLocation": "Tulsa", "hotelRoomType": "standard", "hotelRoomCount": "1", "hotelGuestAdultCount": "1", "hotelGuestChildCount": "0", "hotelNightCount": "9", "hotelRoomPrice": "116.75", "hotelFinalPrice": "1050.75"}}}
{"_id": "orderid:392633", "timestamp": "2020-01-22T17:04:37.000Z", "eventType": "transaction", "_adobeamericaspot3": {"CRMID": "crmid:2288582519", "orderDetails": {"orderID": "orderid:392633", "reservationid": "BVX-TUEF", "orderType": "service desk", "hotelSKU": "prd1100", "hotelCheckInUnix": "1579971877", "hotelCheckOutUnix": "1580058277", "hotelCheckInTS": "2020-01-25T17:04:37+00:00", "hotelCheckOutTS": "2020-01-26T17:04:37+00:00", "hotelChain": "Aspen Heights", "hotelName": "Aspen Heights: Misk", "hotelLocation": "Misk", "hotelRoomType": "luxury", "hotelRoomCount": "1", "hotelGuestAdultCount": "1", "hotelGuestChildCount": "0", "hotelNightCount": "1", "hotelRoomPrice": "272.19", "hotelFinalPrice": "272.19"}}}
{"_id": "orderid:481694", "timestamp": "2020-01-12T16:11:57.000Z", "eventType": "transaction", "_adobeamericaspot3": {"CRMID": "crmid:2783035370", "orderDetails": {"orderID": "orderid:481694", "reservationid": "FER-SOBB", "orderType": "kiosk", "hotelSKU": "prd1191", "hotelCheckInUnix": "1579709517", "hotelCheckOutUnix": "1580919117", "hotelCheckInTS": "2020-01-22T16:11:57+00:00", "hotelCheckOutTS": "2020-02-05T16:11:57+00:00", "hotelChain": "Hospitality Inn", "hotelName": "Hospitality Inn: Mumbai", "hotelLocation": "Mumbai", "hotelRoomType": "standard", "hotelRoomCount": "1", "hotelGuestAdultCount": "1", "hotelGuestChildCount": "4", "hotelNightCount": "14", "hotelRoomPrice": "137.59", "hotelFinalPrice": "1926.26"}}}
{"_id": "orderid:503143", "timestamp": "2020-02-06T05:37:05.000Z", "eventType": "transaction", "_adobeamericaspot3": {"CRMID": "crmid:3465018583", "orderDetails": {"orderID": "orderid:503143", "reservationid": "JUA-RRJ8", "orderType": "kiosk", "hotelSKU": "prd1177", "hotelCheckInUnix": "1583300225", "hotelCheckOutUnix": "1584337025", "hotelCheckInTS": "2020-03-04T05:37:05+00:00", "hotelCheckOutTS": "2020-03-16T05:37:05+00:00", "hotelChain": "Admiralty Plaza", "hotelName": "Admiralty Plaza: Raleigh", "hotelLocation": "Raleigh", "hotelRoomType": "luxury", "hotelRoomCount": "1", "hotelGuestAdultCount": "1", "hotelGuestChildCount": "0", "hotelNightCount": "12", "hotelRoomPrice": "347.23", "hotelFinalPrice": "4166.76"}}}
{"_id": "orderid:619440", "timestamp": "2020-01-27T21:42:38.000Z", "eventType": "transaction", "_adobeamericaspot3": {"CRMID": "crmid:2371434816", "orderDetails": {"orderID": "orderid:619440", "reservationid": "XSF-NJCB", "orderType": "mobile", "hotelSKU": "prd1127", "hotelCheckInUnix": "1581975758", "hotelCheckOutUnix": "1582234958", "hotelCheckInTS": "2020-02-17T21:42:38+00:00", "hotelCheckOutTS": "2020-02-20T21:42:38+00:00", "hotelChain": "Nesting Box Inn", "hotelName": "Nesting Box Inn: Glasgow", "hotelLocation": "Glasgow", "hotelRoomType": "premium", "hotelRoomCount": "1", "hotelGuestAdultCount": "1", "hotelGuestChildCount": "0", "hotelNightCount": "3", "hotelRoomPrice": "153.12", "hotelFinalPrice": "459.36"}}}
{"_id": "orderid:262035", "timestamp": "2020-02-02T01:08:17.000Z", "eventType": "transaction", "_adobeamericaspot3": {"CRMID": "crmid:4538630004", "orderDetails": {"orderID": "orderid:262035", "reservationid": "HLK-K1EM", "orderType": "call center", "hotelSKU": "prd1141", "hotelCheckInUnix": "1580692097", "hotelCheckOutUnix": "1580951297", "hotelCheckInTS": "2020-02-03T01:08:17+00:00", "hotelCheckOutTS": "2020-02-06T01:08:17+00:00", "hotelChain": "Admiralty Plaza", "hotelName": "Admiralty Plaza: Phoenix", "hotelLocation": "Phoenix", "hotelRoomType": "standard", "hotelRoomCount": "1", "hotelGuestAdultCount": "1", "hotelGuestChildCount": "0", "hotelNightCount": "3", "hotelRoomPrice": "160.3", "hotelFinalPrice": "480.9"}}}
{"_id": "orderid:979925", "timestamp": "2020-02-10T16:42:19.000Z", "eventType": "transaction", "_adobeamericaspot3": {"CRMID": "crmid:8992312001", "orderDetails": {"orderID": "orderid:979925", "reservationid": "9IY-AQQN", "orderType": "website", "hotelSKU": "prd1180", "hotelCheckInUnix": "1583167339", "hotelCheckOutUnix": "1584031339", "hotelCheckInTS": "2020-03-02T16:42:19+00:00", "hotelCheckOutTS": "2020-03-12T16:42:19+00:00", "hotelChain": "Sandhill", "hotelName": "Sandhill: Virginia Beach", "hotelLocation": "Virginia Beach", "hotelRoomType": "standard", "hotelRoomCount": "1", "hotelGuestAdultCount": "1", "hotelGuestChildCount": "0", "hotelNightCount": "10", "hotelRoomPrice": "104.82", "hotelFinalPrice": "1048.2"}}}
{"_id": "orderid:334318", "timestamp": "2020-01-22T00:48:07.000Z", "eventType": "transaction", "_adobeamericaspot3": {"CRMID": "crmid:5068886646", "orderDetails": {"orderID": "orderid:334318", "reservationid": "N4F-1KMO", "orderType": "website", "hotelSKU": "prd1104", "hotelCheckInUnix": "1581382087", "hotelCheckOutUnix": "1582073287", "hotelCheckInTS": "2020-02-11T00:48:07+00:00", "hotelCheckOutTS": "2020-02-19T00:48:07+00:00", "hotelChain": "Repose Resort", "hotelName": "Repose Resort: Warsaw", "hotelLocation": "Warsaw", "hotelRoomType": "standard", "hotelRoomCount": "1", "hotelGuestAdultCount": "1", "hotelGuestChildCount": "2", "hotelNightCount": "8", "hotelRoomPrice": "149.74", "hotelFinalPrice": "1197.92"}}}
{"_id": "orderid:317307", "timestamp": "2020-01-15T09:38:57.000Z", "eventType": "transaction", "_adobeamericaspot3": {"CRMID": "crmid:9663908090", "orderDetails": {"orderID": "orderid:317307", "reservationid": "RDJ-H6G2", "orderType": "call center", "hotelSKU": "prd1052", "hotelCheckInUnix": "1580981937", "hotelCheckOutUnix": "1581673137", "hotelCheckInTS": "2020-02-06T09:38:57+00:00", "hotelCheckOutTS": "2020-02-14T09:38:57+00:00", "hotelChain": "Aspen Heights", "hotelName": "Aspen Heights: Wichita", "hotelLocation": "Wichita", "hotelRoomType": "standard", "hotelRoomCount": "1", "hotelGuestAdultCount": "1", "hotelGuestChildCount": "4", "hotelNightCount": "8", "hotelRoomPrice": "167.19", "hotelFinalPrice": "1337.52"}}}
{"_id": "orderid:178928", "timestamp": "2020-01-18T00:07:15.000Z", "eventType": "transaction", "_adobeamericaspot3": {"CRMID": "crmid:2578421419", "orderDetails": {"orderID": "orderid:178928", "reservationid": "N6J-QSLB", "orderType": "website", "hotelSKU": "prd1038", "hotelCheckInUnix": "1579392435", "hotelCheckOutUnix": "1579478835", "hotelCheckInTS": "2020-01-19T00:07:15+00:00", "hotelCheckOutTS": "2020-01-20T00:07:15+00:00", "hotelChain": "Restful Nights", "hotelName": "Restful Nights: Mesa", "hotelLocation": "Mesa", "hotelRoomType": "standard", "hotelRoomCount": "1", "hotelGuestAdultCount": "1", "hotelGuestChildCount": "0", "hotelNightCount": "1", "hotelRoomPrice": "105.23", "hotelFinalPrice": "105.23"}}}
{"_id": "orderid:345302", "timestamp": "2019-12-05T18:36:54.000Z", "eventType": "transaction", "_adobeamericaspot3": {"CRMID": "crmid:3925798243", "orderDetails": {"orderID": "orderid:345302", "reservationid": "RBN-KOVK", "orderType": "mobile", "hotelSKU": "prd1057", "hotelCheckInUnix": "1575657414", "hotelCheckOutUnix": "1575830214", "hotelCheckInTS": "2019-12-06T18:36:54+00:00", "hotelCheckOutTS": "2019-12-08T18:36:54+00:00", "hotelChain": "Admiralty Plaza", "hotelName": "Admiralty Plaza: Mumbai", "hotelLocation": "Mumbai", "hotelRoomType": "premium", "hotelRoomCount": "1", "hotelGuestAdultCount": "1", "hotelGuestChildCount": "0", "hotelNightCount": "2", "hotelRoomPrice": "111.8", "hotelFinalPrice": "223.6"}}}
{"_id": "orderid:425236", "timestamp": "2019-12-02T10:11:04.000Z", "eventType": "transaction", "_adobeamericaspot3": {"CRMID": "crmid:6527590235", "orderDetails": {"orderID": "orderid:425236", "reservationid": "7SF-7YYM", "orderType": "kiosk", "hotelSKU": "prd1117", "hotelCheckInUnix": "1576750264", "hotelCheckOutUnix": "1577614264", "hotelCheckInTS": "2019-12-19T10:11:04+00:00", "hotelCheckOutTS": "2019-12-29T10:11:04+00:00", "hotelChain": "Admiralty Plaza", "hotelName": "Admiralty Plaza: Dublin", "hotelLocation": "Dublin", "hotelRoomType": "premium", "hotelRoomCount": "1", "hotelGuestAdultCount": "1", "hotelGuestChildCount": "0", "hotelNightCount": "10", "hotelRoomPrice": "195.89", "hotelFinalPrice": "1958.9"}}}
{"_id": "orderid:994338", "timestamp": "2020-01-22T17:22:44.000Z", "eventType": "transaction", "_adobeamericaspot3": {"CRMID": "crmid:4790976891", "orderDetails": {"orderID": "orderid:994338", "reservationid": "HDS-WPIJ", "orderType": "mobile", "hotelSKU": "prd1040", "hotelCheckInUnix": "1582132964", "hotelCheckOutUnix": "1582824164", "hotelCheckInTS": "2020-02-19T17:22:44+00:00", "hotelCheckOutTS": "2020-02-27T17:22:44+00:00", "hotelChain": "Aspen Heights", "hotelName": "Aspen Heights: Atlanta", "hotelLocation": "Atlanta", "hotelRoomType": "standard", "hotelRoomCount": "1", "hotelGuestAdultCount": "1", "hotelGuestChildCount": "0", "hotelNightCount": "8", "hotelRoomPrice": "165.96", "hotelFinalPrice": "1327.68"}}}
{"_id": "orderid:200880", "timestamp": "2019-12-24T01:41:43.000Z", "eventType": "transaction", "_adobeamericaspot3": {"CRMID": "crmid:8891877326", "orderDetails": {"orderID": "orderid:200880", "reservationid": "NZ9-WM5R", "orderType": "kiosk", "hotelSKU": "prd1061", "hotelCheckInUnix": "1577756503", "hotelCheckOutUnix": "1578534103", "hotelCheckInTS": "2019-12-31T01:41:43+00:00", "hotelCheckOutTS": "2020-01-09T01:41:43+00:00", "hotelChain": "Grandeur Hotels", "hotelName": "Grandeur Hotels: Lahore", "hotelLocation": "Lahore", "hotelRoomType": "standard", "hotelRoomCount": "1", "hotelGuestAdultCount": "1", "hotelGuestChildCount": "0", "hotelNightCount": "9", "hotelRoomPrice": "119.66", "hotelFinalPrice": "1076.94"}}}
{"_id": "orderid:373256", "timestamp": "2019-12-11T00:39:50.000Z", "eventType": "transaction", "_adobeamericaspot3": {"CRMID": "crmid:3577162382", "orderDetails": {"orderID": "orderid:373256", "reservationid": "NL9-RM6D", "orderType": "kiosk", "hotelSKU": "prd1178", "hotelCheckInUnix": "1578616790", "hotelCheckOutUnix": "1579480790", "hotelCheckInTS": "2020-01-10T00:39:50+00:00", "hotelCheckOutTS": "2020-01-20T00:39:50+00:00", "hotelChain": "Blue Reef Resort", "hotelName": "Blue Reef Resort: Colorado Springs", "hotelLocation": "Colorado Springs", "hotelRoomType": "standard", "hotelRoomCount": "1", "hotelGuestAdultCount": "1", "hotelGuestChildCount": "0", "hotelNightCount": "10", "hotelRoomPrice": "142.9", "hotelFinalPrice": "1429.0"}}}
{"_id": "orderid:824697", "timestamp": "2020-01-10T09:43:14.000Z", "eventType": "transaction", "_adobeamericaspot3": {"CRMID": "crmid:9057459088", "orderDetails": {"orderID": "orderid:824697", "reservationid": "2FX-MRHN", "orderType": "website", "hotelSKU": "prd1075", "hotelCheckInUnix": "1578735794", "hotelCheckOutUnix": "1578822194", "hotelCheckInTS": "2020-01-11T09:43:14+00:00", "hotelCheckOutTS": "2020-01-12T09:43:14+00:00", "hotelChain": "Family Fun Hotels", "hotelName": "Family Fun Hotels: Bangalore", "hotelLocation": "Bangalore", "hotelRoomType": "standard", "hotelRoomCount": "1", "hotelGuestAdultCount": "1", "hotelGuestChildCount": "0", "hotelNightCount": "1", "hotelRoomPrice": "101.11", "hotelFinalPrice": "101.11"}}}
{"_id": "orderid:250965", "timestamp": "2020-01-02T12:34:04.000Z", "eventType": "transaction", "_adobeamericaspot3": {"CRMID": "crmid:8264946346", "orderDetails": {"orderID": "orderid:250965", "reservationid": "RPL-6LAG", "orderType": "mobile", "hotelSKU": "prd1088", "hotelCheckInUnix": "1578054844", "hotelCheckOutUnix": "1578141244", "hotelCheckInTS": "2020-01-03T12:34:04+00:00", "hotelCheckOutTS": "2020-01-04T12:34:04+00:00", "hotelChain": "Aspen Heights", "hotelName": "Aspen Heights: Ankara", "hotelLocation": "Ankara", "hotelRoomType": "standard", "hotelRoomCount": "1", "hotelGuestAdultCount": "1", "hotelGuestChildCount": "0", "hotelNightCount": "1", "hotelRoomPrice": "132.3", "hotelFinalPrice": "132.3"}}}
{"_id": "orderid:234146", "timestamp": "2019-12-06T18:07:36.000Z", "eventType": "transaction", "_adobeamericaspot3": {"CRMID": "crmid:3363503683", "orderDetails": {"orderID": "orderid:234146", "reservationid": "CEU-A063", "orderType": "website", "hotelSKU": "prd1045", "hotelCheckInUnix": "1575742056", "hotelCheckOutUnix": "1576001256", "hotelCheckInTS": "2019-12-07T18:07:36+00:00", "hotelCheckOutTS": "2019-12-10T18:07:36+00:00", "hotelChain": "Admiralty Plaza", "hotelName": "Admiralty Plaza: Miami", "hotelLocation": "Miami", "hotelRoomType": "standard", "hotelRoomCount": "1", "hotelGuestAdultCount": "1", "hotelGuestChildCount": "0", "hotelNightCount": "3", "hotelRoomPrice": "121.74", "hotelFinalPrice": "365.22"}}}
{"_id": "orderid:121885", "timestamp": "2020-02-13T00:23:45.000Z", "eventType": "transaction", "_adobeamericaspot3": {"CRMID": "crmid:2860545713", "orderDetails": {"orderID": "orderid:121885", "reservationid": "YDF-CVGE", "orderType": "call center", "hotelSKU": "prd1180", "hotelCheckInUnix": "1583627025", "hotelCheckOutUnix": "1584318225", "hotelCheckInTS": "2020-03-08T00:23:45+00:00", "hotelCheckOutTS": "2020-03-16T00:23:45+00:00", "hotelChain": "Sandhill", "hotelName": "Sandhill: Virginia Beach", "hotelLocation": "Virginia Beach", "hotelRoomType": "standard", "hotelRoomCount": "1", "hotelGuestAdultCount": "1", "hotelGuestChildCount": "4", "hotelNightCount": "8", "hotelRoomPrice": "127.26", "hotelFinalPrice": "1018.08"}}}
{"_id": "orderid:853104", "timestamp": "2020-01-11T15:16:03.000Z", "eventType": "transaction", "_adobeamericaspot3": {"CRMID": "crmid:5919741195", "orderDetails": {"orderID": "orderid:853104", "reservationid": "9QY-R5CI", "orderType": "kiosk", "hotelSKU": "prd1135", "hotelCheckInUnix": "1578842163", "hotelCheckOutUnix": "1579101363", "hotelCheckInTS": "2020-01-12T15:16:03+00:00", "hotelCheckOutTS": "2020-01-15T15:16:03+00:00", "hotelChain": "Family Fun Hotels", "hotelName": "Family Fun Hotels: Vancouver", "hotelLocation": "Vancouver", "hotelRoomType": "standard", "hotelRoomCount": "1", "hotelGuestAdultCount": "1", "hotelGuestChildCount": "0", "hotelNightCount": "3", "hotelRoomPrice": "131.19", "hotelFinalPrice": "393.57"}}}
{"_id": "orderid:444616", "timestamp": "2019-12-13T03:22:28.000Z", "eventType": "transaction", "_adobeamericaspot3": {"CRMID": "crmid:5991397747", "orderDetails": {"orderID": "orderid:444616", "reservationid": "YIL-ND7X", "orderType": "kiosk", "hotelSKU": "prd1196", "hotelCheckInUnix": "1576293748", "hotelCheckOutUnix": "1576639348", "hotelCheckInTS": "2019-12-14T03:22:28+00:00", "hotelCheckOutTS": "2019-12-18T03:22:28+00:00", "hotelChain": "Aspen Heights", "hotelName": "Aspen Heights: Moscow", "hotelLocation": "Moscow", "hotelRoomType": "premium", "hotelRoomCount": "1", "hotelGuestAdultCount": "1", "hotelGuestChildCount": "0", "hotelNightCount": "4", "hotelRoomPrice": "149.43", "hotelFinalPrice": "597.72"}}}
{"_id": "orderid:435718", "timestamp": "2020-02-09T05:55:27.000Z", "eventType": "transaction", "_adobeamericaspot3": {"CRMID": "crmid:1364006430", "orderDetails": {"orderID": "orderid:435718", "reservationid": "UMD-G0PC", "orderType": "call center", "hotelSKU": "prd1010", "hotelCheckInUnix": "1582782927", "hotelCheckOutUnix": "1583128527", "hotelCheckInTS": "2020-02-27T05:55:27+00:00", "hotelCheckOutTS": "2020-03-02T05:55:27+00:00", "hotelChain": "Blue Reef Resort", "hotelName": "Blue Reef Resort: San Diego", "hotelLocation": "San Diego", "hotelRoomType": "premium", "hotelRoomCount": "1", "hotelGuestAdultCount": "1", "hotelGuestChildCount": "0", "hotelNightCount": "4", "hotelRoomPrice": "133.18", "hotelFinalPrice": "532.72"}}}
{"_id": "orderid:443032", "timestamp": "2019-12-04T11:02:55.000Z", "eventType": "transaction", "_adobeamericaspot3": {"CRMID": "crmid:6168563807", "orderDetails": {"orderID": "orderid:443032", "reservationid": "QYT-NZMT", "orderType": "call center", "hotelSKU": "prd1181", "hotelCheckInUnix": "1575543775", "hotelCheckOutUnix": "1575716575", "hotelCheckInTS": "2019-12-05T11:02:55+00:00", "hotelCheckOutTS": "2019-12-07T11:02:55+00:00", "hotelChain": "Grandeur Hotels", "hotelName": "Grandeur Hotels: Oakland", "hotelLocation": "Oakland", "hotelRoomType": "standard", "hotelRoomCount": "1", "hotelGuestAdultCount": "1", "hotelGuestChildCount": "0", "hotelNightCount": "2", "hotelRoomPrice": "113.96", "hotelFinalPrice": "227.92"}}}
{"_id": "orderid:184684", "timestamp": "2020-02-07T10:34:13.000Z", "eventType": "transaction", "_adobeamericaspot3": {"CRMID": "crmid:4428795464", "orderDetails": {"orderID": "orderid:184684", "reservationid": "9ZT-JHWC", "orderType": "website", "hotelSKU": "prd1157", "hotelCheckInUnix": "1583058853", "hotelCheckOutUnix": "1583750053", "hotelCheckInTS": "2020-03-01T10:34:13+00:00", "hotelCheckOutTS": "2020-03-09T10:34:13+00:00", "hotelChain": "Grandeur Hotels", "hotelName": "Grandeur Hotels: Boston", "hotelLocation": "Boston", "hotelRoomType": "premium", "hotelRoomCount": "1", "hotelGuestAdultCount": "1", "hotelGuestChildCount": "3", "hotelNightCount": "8", "hotelRoomPrice": "140.64", "hotelFinalPrice": "1125.12"}}}
{"_id": "orderid:982743", "timestamp": "2020-01-15T15:08:01.000Z", "eventType": "transaction", "_adobeamericaspot3": {"CRMID": "crmid:2403303161", "orderDetails": {"orderID": "orderid:982743", "reservationid": "BDK-IXLC", "orderType": "call center", "hotelSKU": "prd1148", "hotelCheckInUnix": "1581347281", "hotelCheckOutUnix": "1581865681", "hotelCheckInTS": "2020-02-10T15:08:01+00:00", "hotelCheckOutTS": "2020-02-16T15:08:01+00:00", "hotelChain": "Aspen Heights", "hotelName": "Aspen Heights: Jacksonville", "hotelLocation": "Jacksonville", "hotelRoomType": "luxury", "hotelRoomCount": "1", "hotelGuestAdultCount": "1", "hotelGuestChildCount": "1", "hotelNightCount": "6", "hotelRoomPrice": "330.72", "hotelFinalPrice": "1984.32"}}}
{"_id": "orderid:669224", "timestamp": "2020-02-02T05:53:52.000Z", "eventType": "transaction", "_adobeamericaspot3": {"CRMID": "crmid:2123410769", "orderDetails": {"orderID": "orderid:669224", "reservationid": "IRO-RAOC", "orderType": "mobile", "hotelSKU": "prd1118", "hotelCheckInUnix": "1582091632", "hotelCheckOutUnix": "1582523632", "hotelCheckInTS": "2020-02-19T05:53:52+00:00", "hotelCheckOutTS": "2020-02-24T05:53:52+00:00", "hotelChain": "Blue Reef Resort", "hotelName": "Blue Reef Resort: Cologne", "hotelLocation": "Cologne", "hotelRoomType": "standard", "hotelRoomCount": "1", "hotelGuestAdultCount": "1", "hotelGuestChildCount": "2", "hotelNightCount": "5", "hotelRoomPrice": "134.66", "hotelFinalPrice": "673.3"}}}
{"_id": "orderid:166361", "timestamp": "2020-02-04T16:23:56.000Z", "eventType": "transaction", "_adobeamericaspot3": {"CRMID": "crmid:9707454606", "orderDetails": {"orderID": "orderid:166361", "reservationid": "LUB-7DPJ", "orderType": "call center", "hotelSKU": "prd1038", "hotelCheckInUnix": "1582993436", "hotelCheckOutUnix": "1583857436", "hotelCheckInTS": "2020-02-29T16:23:56+00:00", "hotelCheckOutTS": "2020-03-10T16:23:56+00:00", "hotelChain": "Restful Nights", "hotelName": "Restful Nights: Mesa", "hotelLocation": "Mesa", "hotelRoomType": "premium", "hotelRoomCount": "1", "hotelGuestAdultCount": "1", "hotelGuestChildCount": "0", "hotelNightCount": "10", "hotelRoomPrice": "141.57", "hotelFinalPrice": "1415.7"}}}
{"_id": "orderid:995492", "timestamp": "2020-02-04T13:20:46.000Z", "eventType": "transaction", "_adobeamericaspot3": {"CRMID": "crmid:7765381679", "orderDetails": {"orderID": "orderid:995492", "reservationid": "KRL-MHUR", "orderType": "kiosk", "hotelSKU": "prd1179", "hotelCheckInUnix": "1582723246", "hotelCheckOutUnix": "1583241646", "hotelCheckInTS": "2020-02-26T13:20:46+00:00", "hotelCheckOutTS": "2020-03-03T13:20:46+00:00", "hotelChain": "Hospitality Inn", "hotelName": "Hospitality Inn: Miami", "hotelLocation": "Miami", "hotelRoomType": "standard", "hotelRoomCount": "1", "hotelGuestAdultCount": "1", "hotelGuestChildCount": "0", "hotelNightCount": "6", "hotelRoomPrice": "137.34", "hotelFinalPrice": "824.04"}}}
{"_id": "orderid:287798", "timestamp": "2019-12-20T15:00:49.000Z", "eventType": "transaction", "_adobeamericaspot3": {"CRMID": "crmid:4101750062", "orderDetails": {"orderID": "orderid:287798", "reservationid": "ZOU-XYWU", "orderType": "call center", "hotelSKU": "prd1044", "hotelCheckInUnix": "1577113249", "hotelCheckOutUnix": "1577718049", "hotelCheckInTS": "2019-12-23T15:00:49+00:00", "hotelCheckOutTS": "2019-12-30T15:00:49+00:00", "hotelChain": "Repose Resort", "hotelName": "Repose Resort: Colorado Springs", "hotelLocation": "Colorado Springs", "hotelRoomType": "standard", "hotelRoomCount": "1", "hotelGuestAdultCount": "1", "hotelGuestChildCount": "3", "hotelNightCount": "7", "hotelRoomPrice": "143.87", "hotelFinalPrice": "1007.09"}}}
{"_id": "orderid:645749", "timestamp": "2020-01-03T15:25:55.000Z", "eventType": "transaction", "_adobeamericaspot3": {"CRMID": "crmid:5417369671", "orderDetails": {"orderID": "orderid:645749", "reservationid": "SK4-Q6YJ", "orderType": "website", "hotelSKU": "prd1015", "hotelCheckInUnix": "1579620355", "hotelCheckOutUnix": "1579965955", "hotelCheckInTS": "2020-01-21T15:25:55+00:00", "hotelCheckOutTS": "2020-01-25T15:25:55+00:00", "hotelChain": "Family Fun Hotels", "hotelName": "Family Fun Hotels: San Francisco", "hotelLocation": "San Francisco", "hotelRoomType": "premium", "hotelRoomCount": "1", "hotelGuestAdultCount": "1", "hotelGuestChildCount": "0", "hotelNightCount": "4", "hotelRoomPrice": "145.35", "hotelFinalPrice": "581.4"}}}
{"_id": "orderid:766004", "timestamp": "2020-02-14T21:26:10.000Z", "eventType": "transaction", "_adobeamericaspot3": {"CRMID": "crmid:3486436252", "orderDetails": {"orderID": "orderid:766004", "reservationid": "MUT-LAHY", "orderType": "call center", "hotelSKU": "prd1175", "hotelCheckInUnix": "1582493170", "hotelCheckOutUnix": "1582838770", "hotelCheckInTS": "2020-02-23T21:26:10+00:00", "hotelCheckOutTS": "2020-02-27T21:26:10+00:00", "hotelChain": "Nesting Box Inn", "hotelName": "Nesting Box Inn: Long Beach", "hotelLocation": "Long Beach", "hotelRoomType": "premium", "hotelRoomCount": "1", "hotelGuestAdultCount": "1", "hotelGuestChildCount": "1", "hotelNightCount": "4", "hotelRoomPrice": "154.67", "hotelFinalPrice": "618.68"}}}
{"_id": "orderid:393816", "timestamp": "2020-01-31T16:22:45.000Z", "eventType": "transaction", "_adobeamericaspot3": {"CRMID": "crmid:7162785963", "orderDetails": {"orderID": "orderid:393816", "reservationid": "XYQ-TZA4", "orderType": "mobile", "hotelSKU": "prd1177", "hotelCheckInUnix": "1581178965", "hotelCheckOutUnix": "1581610965", "hotelCheckInTS": "2020-02-08T16:22:45+00:00", "hotelCheckOutTS": "2020-02-13T16:22:45+00:00", "hotelChain": "Admiralty Plaza", "hotelName": "Admiralty Plaza: Raleigh", "hotelLocation": "Raleigh", "hotelRoomType": "standard", "hotelRoomCount": "1", "hotelGuestAdultCount": "1", "hotelGuestChildCount": "0", "hotelNightCount": "5", "hotelRoomPrice": "101.16", "hotelFinalPrice": "505.8"}}}
{"_id": "orderid:677326", "timestamp": "2019-12-26T05:29:45.000Z", "eventType": "transaction", "_adobeamericaspot3": {"CRMID": "crmid:7651450363", "orderDetails": {"orderID": "orderid:677326", "reservationid": "D9G-EL8X", "orderType": "service desk", "hotelSKU": "prd1166", "hotelCheckInUnix": "1579584585", "hotelCheckOutUnix": "1579757385", "hotelCheckInTS": "2020-01-21T05:29:45+00:00", "hotelCheckOutTS": "2020-01-23T05:29:45+00:00", "hotelChain": "Blue Reef Resort", "hotelName": "Blue Reef Resort: Baltimore", "hotelLocation": "Baltimore", "hotelRoomType": "standard", "hotelRoomCount": "1", "hotelGuestAdultCount": "1", "hotelGuestChildCount": "0", "hotelNightCount": "2", "hotelRoomPrice": "118.86", "hotelFinalPrice": "237.72"}}}
