id,reservationid,orderid,crmid,timestamp,orderType,productsku,hotelCheckInUnix,hotelCheckOutUnix,hotelCheckInTS,hotelCheckOutTS,hotelName,hotelChain,hotelLocation,hotelRoomType,hotelRoomCount,hotelGuestAdultCount,hotelGuestChildCount,hotelNightCount,hotelRoomPrice,hotelFinalPrice
e5411e4c-53c8-11ea-bca4-b88a60e194fb,WDI-BQXY,orderid:662511,crmid:7428740759,2019-12-15T02:37:58.000Z,kiosk,prd1169,1578796678,1579315078,2020-01-12T02:37:58+00:00,2020-01-18T02:37:58+00:00,Grandeur Hotels: Tucson,Grandeur Hotels,Tucson,standard,1,1,0,6,124.81,748.86
e54208b0-53c8-11ea-b3af-b88a60e194fb,IF9-ACFQ,orderid:834095,crmid:8371750437,2020-01-25T09:40:12.000Z,website,prd1034,1582278012,1582796412,2020-02-21T09:40:12+00:00,2020-02-27T09:40:12+00:00,Blue Reef Resort: Albuquerque,Blue Reef Resort,Albuquerque,standard,1,1,3,6,152.89,917.34
e5431a1e-53c8-11ea-995a-b88a60e194fb,P65-5FML,orderid:589380,crmid:2067021844,2019-12-08T03:26:01.000Z,kiosk,prd1043,1576985161,1577935561,2019-12-22T03:26:01+00:00,2020-01-02T03:26:01+00:00,Nesting Box Inn: Raleigh,Nesting Box Inn,Raleigh,standard,1,1,0,11,138.54,1523.94
e543dd6e-53c8-11ea-9216-b88a60e194fb,BWH-ZKOE,orderid:605689,crmid:3901422005,2020-01-28T10:23:42.000Z,kiosk,prd1010,1580466222,1580639022,2020-01-31T10:23:42+00:00,2020-02-02T10:23:42+00:00,Blue Reef Resort: San Diego,Blue Reef Resort,San Diego,standard,1,1,0,2,151.96,303.92
e544c7d0-53c8-11ea-9e01-b88a60e194fb,WXP-FT0Z,orderid:385062,crmid:7604919183,2020-01-07T10:51:53.000Z,website,prd1005,1578480713,1578567113,2020-01-08T10:51:53+00:00,2020-01-09T10:51:53+00:00,Sapphire Suites: Los Angeles,Sapphire Suites,Los Angeles,premium,1,1,0,1,100.16,100.16
e5458b1e-53c8-11ea-852e-b88a60e194fb,T4X-BQF1,orderid:300812,crmid:9604843655,2020-02-08T03:08:14.000Z,mobile,prd1191,1582859294,1584068894,2020-02-28T03:08:14+00:00,2020-03-13T03:08:14+00:00,Hospitality Inn: Mumbai,Hospitality Inn,Mumbai,standard,1,1,0,14,99.32,1390.48
e546757e-53c8-11ea-8df3-b88a60e194fb,7KO-9UCI,orderid:504732,crmid:9230496684,2019-12-12T06:43:03.000Z,website,prd1057,1576996983,1577515383,2019-12-22T06:43:03+00:00,2019-12-28T06:43:03+00:00,Admiralty Plaza: Mumbai,Admiralty Plaza,Mumbai,luxury,1,1,4,6,372.42,2234.52
e54738d0-53c8-11ea-b4ff-b88a60e194fb,SBJ-XRI6,orderid:776472,crmid:5926286874,2020-01-04T18:57:16.000Z,website,prd1023,1580237836,1580929036,2020-01-28T18:57:16+00:00,2020-02-05T18:57:16+00:00,Hospitality Inn: Boston,Hospitality Inn,Boston,standard,1,1,2,8,153.0,1224.0
e547fc1e-53c8-11ea-9837-b88a60e194fb,OYP-VZVB,orderid:356046,crmid:2528617811,2020-02-04T06:02:46.000Z,kiosk,prd1029,1581314566,1581573766,2020-02-10T06:02:46+00:00,2020-02-13T06:02:46+00:00,Sapphire Suites: Oklahoma City,Sapphire Suites,Oklahoma City,standard,1,1,0,3,167.33,501.99
e548985a-53c8-11ea-a1eb-b88a60e194fb,RPT-3DHC,orderid:218117,crmid:8604666348,2019-12-25T19:08:27.000Z,website,prd1045,1579547307,1580670507,2020-01-20T19:08:27+00:00,2020-02-02T19:08:27+00:00,Admiralty Plaza: Miami,Admiralty Plaza,Miami,premium,1,1,0,13,112.15,1457.95
e549a9cc-53c8-11ea-9fcf-b88a60e194fb,SLA-AVEZ,orderid:452372,crmid:1714721201,2020-02-08T20:39:40.000Z,call center,prd1131,1581280780,1581539980,2020-02-09T20:39:40+00:00,2020-02-12T20:39:40+00:00,Hospitality Inn: Sheffield,Hospitality Inn,Sheffield,premium,1,1,0,3,180.14,540.42
e54a460a-53c8-11ea-a116-b88a60e194fb,TAG-OYWU,orderid:635470,crmid:1115261115,2020-02-02T11:32:20.000Z,website,prd1154,1581161540,1581420740,2020-02-08T11:32:20+00:00,2020-02-11T11:32:20+00:00,Blue Reef Resort: Seattle,Blue Reef Resort,Seattle,standard,1,1,0,3,131.07,393.21
e54b7e98-53c8-11ea-969d-b88a60e194fb,C2A-NUOR,orderid:896183,crmid:8431243128,2020-02-10T23:20:07.000Z,mobile,prd1155,1583018407,1583450407,2020-02-29T23:20:07+00:00,2020-03-05T23:20:07+00:00,Hospitality Inn: Denver,Hospitality Inn,Denver,standard,1,1,0,5,147.85,739.25
e54c41e4-53c8-11ea-ab35-b88a60e194fb,ZG0-DWEC,orderid:778497,crmid:8527524894,2020-01-07T16:02:42.000Z,website,prd1153,1580745762,1581350562,2020-02-03T16:02:42+00:00,2020-02-10T16:02:42+00:00,Admiralty Plaza: Charlotte,Admiralty Plaza,Charlotte,standard,1,1,0,7,140.71,984.97
e54d052e-53c8-11ea-8d26-b88a60e194fb,ZAD-ZLU1,orderid:684628,crmid:1892577284,2020-01-09T20:56:58.000Z,website,prd1065,1580504218,1581109018,2020-01-31T20:56:58+00:00,2020-02-07T20:56:58+00:00,Sapphire Suites: Beijing,Sapphire Suites,Beijing,premium,1,1,0,7,133.28,932.96
e54dc880-53c8-11ea-95d5-b88a60e194fb,45G-LC3H,orderid:124252,crmid:1654260403,2020-01-17T04:59:39.000Z,service desk,prd1004,1579323579,1579409979,2020-01-18T04:59:39+00:00,2020-01-19T04:59:39+00:00,Aspen Heights: Boulder,Aspen Heights,Boulder,standard,1,1,0,1,125.48,125.48
e54eb2dc-53c8-11ea-8560-b88a60e194fb,EFF-YAAW,orderid:917811,crmid:6730439472,2020-01-11T03:25:08.000Z,service desk,prd1152,1580786708,1581477908,2020-02-04T03:25:08+00:00,2020-02-12T03:25:08+00:00,Repose Resort: Indianapolis,Repose Resort,Indianapolis,standard,1,1,0,8,119.63,957.04
e54f7634-53c8-11ea-ba8f-b88a60e194fb,HOH-LIEP,orderid:329678,crmid:1567600109,2020-01-13T05:41:24.000Z,website,prd1109,1579326084,1579412484,2020-01-18T05:41:24+00:00,2020-01-19T05:41:24+00:00,Grandeur Hotels: Belgrade,Grandeur Hotels,Belgrade,standard,1,1,0,1,168.39,168.39
e550397a-53c8-11ea-87c2-b88a60e194fb,EGJ-N9BJ,orderid:585001,crmid:6307612754,2020-02-07T16:50:06.000Z,mobile,prd1069,1582044606,1582563006,2020-02-18T16:50:06+00:00,2020-02-24T16:50:06+00:00,Admiralty Plaza: Singapore,Admiralty Plaza,Singapore,standard,1,1,0,6,121.75,730.5
e550fcd2-53c8-11ea-8bcb-b88a60e194fb,VA9-TGGT,orderid:569193,crmid:6782598303,2020-01-24T09:06:24.000Z,kiosk,prd1073,1579943184,1580115984,2020-01-25T09:06:24+00:00,2020-01-27T09:06:24+00:00,Grandeur Hotels: Lima,Grandeur Hotels,Lima,premium,1,1,0,2,146.72,293.44
e551c01e-53c8-11ea-b6b9-b88a60e194fb,G9N-MKPA,orderid:723157,crmid:7646055978,2020-02-10T13:38:40.000Z,mobile,prd1143,1581428320,1581514720,2020-02-11T13:38:40+00:00,2020-02-12T13:38:40+00:00,Hospitality Inn: San Antonio,Hospitality Inn,San Antonio,standard,1,1,0,1,114.6,114.6
e552aa80-53c8-11ea-bb64-b88a60e194fb,74W-MV9I,orderid:952446,crmid:7506154234,2020-02-09T15:20:53.000Z,kiosk,prd1020,1583594453,1584199253,2020-03-07T15:20:53+00:00,2020-03-14T15:20:53+00:00,Repose Resort: Seattle,Repose Resort,Seattle,premium,1,1,0,7,154.37,1080.59
e55394e4-53c8-11ea-a7be-b88a60e194fb,MU5-VZ3L,orderid:463408,crmid:4672412097,2020-01-14T04:14:32.000Z,call center,prd1019,1580530472,1582172072,2020-02-01T04:14:32+00:00,2020-02-20T04:14:32+00:00,Nesting Box Inn: Charlotte,Nesting Box Inn,Charlotte,standard,1,1,0,19,157.15,2985.85
e554a6b6-53c8-11ea-a61d-b88a60e194fb,Y2O-UWJC,orderid:538467,crmid:3366928818,2020-02-08T20:51:32.000Z,service desk,prd1104,1583268692,1583700692,2020-03-03T20:51:32+00:00,2020-03-08T20:51:32+00:00,Repose Resort: Warsaw,Repose Resort,Warsaw,standard,1,1,0,5,170.8,854.0
e55569a2-53c8-11ea-9e2f-b88a60e194fb,YKH-AU6V,orderid:810831,crmid:2524783099,2020-01-10T08:46:43.000Z,kiosk,prd1146,1580978803,1582447603,2020-02-06T08:46:43+00:00,2020-02-23T08:46:43+00:00,Restful Nights: San Jose,Restful Nights,San Jose,standard,1,1,4,17,173.79,2954.43
e5565402-53c8-11ea-8f5a-b88a60e194fb,MFH-C1DQ,orderid:657749,crmid:3837134477,2020-02-05T18:17:52.000Z,call center,prd1130,1582395472,1583000272,2020-02-22T18:17:52+00:00,2020-02-29T18:17:52+00:00,Blue Reef Resort: Bremen,Blue Reef Resort,Bremen,premium,1,1,0,7,157.67,1103.69
e5571750-53c8-11ea-ac42-b88a60e194fb,WJD-UDP1,orderid:444700,crmid:8060368167,2020-01-22T11:39:46.000Z,mobile,prd1131,1581853186,1582457986,2020-02-16T11:39:46+00:00,2020-02-23T11:39:46+00:00,Hospitality Inn: Sheffield,Hospitality Inn,Sheffield,standard,1,1,0,7,198.58,1390.06
e557daa2-53c8-11ea-af84-b88a60e194fb,WKR-9ITE,orderid:832718,crmid:7989301249,2019-12-04T19:30:44.000Z,call center,prd1194,1576006244,1576179044,2019-12-10T19:30:44+00:00,2019-12-12T19:30:44+00:00,Restful Nights: Tianjin,Restful Nights,Tianjin,standard,1,1,0,2,159.91,319.82
e5589de8-53c8-11ea-9dff-b88a60e194fb,XWS-GA3U,orderid:496227,crmid:4246501917,2020-01-22T19:13:36.000Z,kiosk,prd1096,1580757216,1581362016,2020-02-03T19:13:36+00:00,2020-02-10T19:13:36+00:00,Sandhill: Madrid,Sandhill,Madrid,standard,1,1,0,7,95.37,667.59
e559af62-53c8-11ea-8c98-b88a60e194fb,YMP-FL9T,orderid:611529,crmid:9522796055,2020-01-08T05:44:15.000Z,website,prd1153,1580449455,1581054255,2020-01-31T05:44:15+00:00,2020-02-07T05:44:15+00:00,Admiralty Plaza: Charlotte,Admiralty Plaza,Charlotte,premium,1,1,0,7,164.29,1150.03
e55a4b9a-53c8-11ea-8312-b88a60e194fb,BUT-BZ8M,orderid:642732,crmid:3766381518,2020-02-12T20:18:16.000Z,call center,prd1196,1583871496,1584389896,2020-03-10T20:18:16+00:00,2020-03-16T20:18:16+00:00,Aspen Heights: Moscow,Aspen Heights,Moscow,standard,1,1,0,6,137.31,823.86
e55b0ee8-53c8-11ea-9c96-b88a60e194fb,88D-HAIU,orderid:550311,crmid:5541294844,2019-12-25T19:34:26.000Z,kiosk,prd1077,1579203266,1579721666,2020-01-16T19:34:26+00:00,2020-01-22T19:34:26+00:00,Sapphire Suites: Cairo,Sapphire Suites,Cairo,standard,1,1,0,6,174.94,1049.64
e55bd23a-53c8-11ea-a014-b88a60e194fb,4XW-9QWG,orderid:630716,crmid:4598236339,2020-02-01T14:53:40.000Z,call center,prd1093,1581260020,1581432820,2020-02-09T14:53:40+00:00,2020-02-11T14:53:40+00:00,Admiralty Plaza: Yokohama,Admiralty Plaza,Yokohama,premium,1,1,0,2,157.38,314.76
e55ce3ae-53c8-11ea-a635-b88a60e194fb,KWR-4SRN,orderid:157235,crmid:2269366173,2019-12-31T05:53:13.000Z,kiosk,prd1177,1579499593,1579845193,2020-01-20T05:53:13+00:00,2020-01-24T05:53:13+00:00,Admiralty Plaza: Raleigh,Admiralty Plaza,Raleigh,standard,1,1,0,4,135.23,540.92
e55dce0c-53c8-11ea-bd04-b88a60e194fb,Z4G-PDXV,orderid:949176,crmid:3549283164,2019-12-06T04:42:32.000Z,website,prd1105,1577940152,1578458552,2020-01-02T04:42:32+00:00,2020-01-08T04:42:32+00:00,Admiralty Plaza: Barcelona,Admiralty Plaza,Barcelona,standard,1,1,0,6,161.81,970.86
e55eb86e-53c8-11ea-94e1-b88a60e194fb,1R5-2HWT,orderid:236478,crmid:6686333260,2020-01-20T17:44:56.000Z,website,prd1155,1581702296,1582307096,2020-02-14T17:44:56+00:00,2020-02-21T17:44:56+00:00,Hospitality Inn: Denver,Hospitality Inn,Denver,ultra-luxury,1,1,0,7,335.15,2346.05
e55f7bc0-53c8-11ea-887e-b88a60e194fb,AWB-ZRL3,orderid:317784,crmid:2292440884,2020-01-04T09:01:50.000Z,website,prd1191,1578646910,1578906110,2020-01-10T09:01:50+00:00,2020-01-13T09:01:50+00:00,Hospitality Inn: Mumbai,Hospitality Inn,Mumbai,standard,1,1,1,3,159.26,477.78
e56017f8-53c8-11ea-8685-b88a60e194fb,2ES-9VSB,orderid:368978,crmid:9169895619,2019-12-12T09:34:39.000Z,call center,prd1034,1576402479,1576575279,2019-12-15T09:34:39+00:00,2019-12-17T09:34:39+00:00,Blue Reef Resort: Albuquerque,Blue Reef Resort,Albuquerque,luxury,1,1,0,2,315.49,630.98
e561025e-53c8-11ea-b7be-b88a60e194fb,LQX-DLLX,orderid:579918,crmid:9942476115,2019-12-04T03:56:18.000Z,website,prd1153,1576727778,1577505378,2019-12-19T03:56:18+00:00,2019-12-28T03:56:18+00:00,Admiralty Plaza: Charlotte,Admiralty Plaza,Charlotte,standard,1,1,3,9,155.72,1401.48
e561c5a8-53c8-11ea-8cc0-b88a60e194fb,SAI-QN6D,orderid:875129,crmid:3059787923,2020-01-03T18:51:20.000Z,call center,prd1009,1580237480,1580755880,2020-01-28T18:51:20+00:00,2020-02-03T18:51:20+00:00,Admiralty Plaza: San Antonio,Admiralty Plaza,San Antonio,standard,1,1,0,6,112.88,677.28
e5628900-53c8-11ea-9e81-b88a60e194fb,5UX-VOUT,orderid:998769,crmid:2059607996,2020-02-06T10:47:06.000Z,website,prd1189,1583232426,1583837226,2020-03-03T10:47:06+00:00,2020-03-10T10:47:06+00:00,Admiralty Plaza: Bakersfield,Admiralty Plaza,Bakersfield,luxury,1,1,3,7,283.72,1986.04
e5637364-53c8-11ea-b945-b88a60e194fb,GFC-YN09,orderid:271975,crmid:2190094708,2020-01-04T02:09:15.000Z,call center,prd1172,1578967755,1579226955,2020-01-14T02:09:15+00:00,2020-01-17T02:09:15+00:00,Aspen Heights: Mesa,Aspen Heights,Mesa,standard,1,1,0,3,88.38,265.14
e56436ae-53c8-11ea-99b1-b88a60e194fb,BGS-VSJR,orderid:721170,crmid:1804838201,2020-01-01T00:53:03.000Z,kiosk,prd1019,1579654383,1580345583,2020-01-22T00:53:03+00:00,2020-01-30T00:53:03+00:00,Nesting Box Inn: Charlotte,Nesting Box Inn,Charlotte,standard,1,1,4,8,195.98,1567.84
e564f9fe-53c8-11ea-ae53-b88a60e194fb,8TX-3WD7,orderid:323046,crmid:7793934054,2020-01-04T01:02:58.000Z,website,prd1106,1578272578,1578445378,2020-01-06T01:02:58+00:00,2020-01-08T01:02:58+00:00,Blue Reef Resort: Munich,Blue Reef Resort,Munich,standard,1,1,0,2,131.91,263.82
e565e45e-53c8-11ea-85e4-b88a60e194fb,W67-1LSW,orderid:981275,crmid:7001221308,2020-02-14T12:13:48.000Z,service desk,prd1038,1583237628,1583324028,2020-03-03T12:13:48+00:00,2020-03-04T12:13:48+00:00,Restful Nights: Mesa,Restful Nights,Mesa,standard,1,1,0,1,106.59,106.59
e566cebe-53c8-11ea-af6a-b88a60e194fb,WHZ-RR7T,orderid:607789,crmid:8064291529,2020-01-18T10:56:08.000Z,kiosk,prd1184,1581159368,1582023368,2020-02-08T10:56:08+00:00,2020-02-18T10:56:08+00:00,Aspen Heights: Arlington,Aspen Heights,Arlington,standard,1,1,0,10,174.19,1741.9
e567e092-53c8-11ea-8d8c-b88a60e194fb,IAF-PNAS,orderid:213733,crmid:8358631627,2020-01-15T07:20:50.000Z,mobile,prd1047,1579159250,1579332050,2020-01-16T07:20:50+00:00,2020-01-18T07:20:50+00:00,Hospitality Inn: Oakland,Hospitality Inn,Oakland,premium,1,1,0,2,150.6,301.2
e568073e-53c8-11ea-a2cf-b88a60e194fb,JDP-UX9X,orderid:637473,crmid:8358631627,2020-01-19T00:00:00.000Z,call center,prd1137,1579478400,1579737600,2020-01-20T00:00:00+00:00,2020-01-23T00:00:00+00:00,Sapphire Suites: Manila,Sapphire Suites,Manila,standard,1,1,0,3,134.64,403.92
e5693fba-53c8-11ea-83e3-b88a60e194fb,26W-5R45,orderid:685675,crmid:6845912154,2020-02-08T03:30:07.000Z,mobile,prd1044,1583033407,1583638207,2020-03-01T03:30:07+00:00,2020-03-08T03:30:07+00:00,Repose Resort: Colorado Springs,Repose Resort,Colorado Springs,standard,1,1,0,7,162.4,1136.8
e56a2a14-53c8-11ea-91ed-b88a60e194fb,QCR-ODY9,orderid:562272,crmid:5329629650,2019-12-20T10:42:52.000Z,website,prd1052,1577356972,1578048172,2019-12-26T10:42:52+00:00,2020-01-03T10:42:52+00:00,Aspen Heights: Wichita,Aspen Heights,Wichita,standard,1,1,0,8,83.5,668.0
e56aed62-53c8-11ea-9071-b88a60e194fb,UBX-ZZLE,orderid:591325,crmid:5589969495,2020-01-25T02:36:02.000Z,kiosk,prd1069,1580870162,1581388562,2020-02-05T02:36:02+00:00,2020-02-11T02:36:02+00:00,Admiralty Plaza: Singapore,Admiralty Plaza,Singapore,premium,1,1,0,6,90.08,540.48
e56bd7c2-53c8-11ea-91cb-b88a60e194fb,IR8-LCFZ,orderid:558547,crmid:2723932571,2019-12-28T23:33:30.000Z,call center,prd1134,1577662410,1578094410,2019-12-29T23:33:30+00:00,2020-01-03T23:33:30+00:00,Restful Nights: Montreal,Restful Nights,Montreal,standard,1,1,0,5,154.03,770.15
e56c73f4-53c8-11ea-a01d-b88a60e194fb,PBY-N6NP,orderid:340825,crmid:2438819423,2020-02-05T21:54:40.000Z,kiosk,prd1060,1582926880,1583790880,2020-02-28T21:54:40+00:00,2020-03-09T21:54:40+00:00,Sandhill: Tianjin,Sandhill,Tianjin,premium,1,1,0,10,128.54,1285.4
e56d5e62-53c8-11ea-ab78-b88a60e194fb,DMD-NCXU,orderid:265105,crmid:9964302695,2020-01-17T10:44:32.000Z,call center,prd1033,1579344272,1579430672,2020-01-18T10:44:32+00:00,2020-01-19T10:44:32+00:00,Admiralty Plaza: Milwaukee,Admiralty Plaza,Milwaukee,standard,1,1,0,1,141.4,141.4
e56dfa9e-53c8-11ea-813c-b88a60e194fb,OTQ-ZSVK,orderid:195635,crmid:5814867635,2019-12-01T11:41:39.000Z,kiosk,prd1169,1575891699,1576582899,2019-12-09T11:41:39+00:00,2019-12-17T11:41:39+00:00,Grandeur Hotels: Tucson,Grandeur Hotels,Tucson,standard,1,1,0,8,179.62,1436.96
e56f0c14-53c8-11ea-b8ec-b88a60e194fb,OBN-KQGK,orderid:214772,crmid:9881330395,2019-12-07T12:44:29.000Z,website,prd1092,1578141869,1579092269,2020-01-04T12:44:29+00:00,2020-01-15T12:44:29+00:00,Repose Resort: Cape Town,Repose Resort,Cape Town,standard,1,1,0,11,171.98,1891.78
e56ff7f6-53c8-11ea-bd31-b88a60e194fb,YNH-MHIN,orderid:317318,crmid:1021956168,2020-01-09T04:41:46.000Z,website,prd1014,1579322506,1580013706,2020-01-18T04:41:46+00:00,2020-01-26T04:41:46+00:00,Restful Nights: Jacksonville,Restful Nights,Jacksonville,standard,1,1,0,8,122.58,980.64
e570bb4a-53c8-11ea-a576-b88a60e194fb,IBO-64CH,orderid:959272,crmid:8046070274,2020-02-06T12:28:56.000Z,kiosk,prd1046,1581078536,1581251336,2020-02-07T12:28:56+00:00,2020-02-09T12:28:56+00:00,Blue Reef Resort: Virginia Beach,Blue Reef Resort,Virginia Beach,premium,1,1,0,2,106.13,212.26
e571a60c-53c8-11ea-adf8-b88a60e194fb,BSN-28RH,orderid:144592,crmid:5819735838,2020-01-27T08:16:57.000Z,kiosk,prd1093,1582445817,1583050617,2020-02-23T08:16:57+00:00,2020-03-01T08:16:57+00:00,Admiralty Plaza: Yokohama,Admiralty Plaza,Yokohama,premium,1,1,0,7,168.04,1176.28
e5728ff0-53c8-11ea-947c-b88a60e194fb,E2A-F7X2,orderid:663564,crmid:9842051756,2019-12-23T23:47:05.000Z,kiosk,prd1182,1577749625,1578181625,2019-12-30T23:47:05+00:00,2020-01-04T23:47:05+00:00,Restful Nights: Minneapolis,Restful Nights,Minneapolis,ultra-luxury,1,1,0,5,362.59,1812.95
e5735348-53c8-11ea-a1b9-b88a60e194fb,VOM-LHH5,orderid:807385,crmid:9289720931,2020-01-02T10:04:11.000Z,kiosk,prd1171,1580551451,1581156251,2020-02-01T10:04:11+00:00,2020-02-08T10:04:11+00:00,Family Fun Hotels: Sacramento,Family Fun Hotels,Sacramento,standard,1,1,0,7,108.6,760.2
e5741692-53c8-11ea-be1c-b88a60e194fb,GTX-PIEU,orderid:415484,crmid:8045220301,2020-01-03T05:55:40.000Z,call center,prd1045,1579672540,1580882140,2020-01-22T05:55:40+00:00,2020-02-05T05:55:40+00:00,Admiralty Plaza: Miami,Admiralty Plaza,Miami,premium,1,1,0,14,129.71,1815.94
e574da00-53c8-11ea-94ae-b88a60e194fb,VHP-WANR,orderid:115567,crmid:9385640429,2019-12-04T12:19:26.000Z,website,prd1065,1577967566,1578658766,2020-01-02T12:19:26+00:00,2020-01-10T12:19:26+00:00,Sapphire Suites: Beijing,Sapphire Suites,Beijing,premium,1,1,0,8,100.22,801.76
e5759d50-53c8-11ea-943d-b88a60e194fb,9AX-RTCB,orderid:758423,crmid:1202101471,2019-12-20T09:41:49.000Z,kiosk,prd1035,1578822109,1579340509,2020-01-12T09:41:49+00:00,2020-01-18T09:41:49+00:00,Hospitality Inn: Tucson,Hospitality Inn,Tucson,standard,1,1,0,6,120.89,725.34
e57660b6-53c8-11ea-9525-b88a60e194fb,AV6-9WPE,orderid:994295,crmid:8147090024,2020-01-31T23:52:53.000Z,service desk,prd1011,1582847573,1583538773,2020-02-27T23:52:53+00:00,2020-03-06T23:52:53+00:00,Hospitality Inn: Dallas,Hospitality Inn,Dallas,standard,1,1,4,8,102.08,816.64
e577497a-53c8-11ea-ab39-b88a60e194fb,FKW-LTQK,orderid:221975,crmid:6693860051,2020-01-09T16:07:06.000Z,website,prd1124,1578672426,1579190826,2020-01-10T16:07:06+00:00,2020-01-16T16:07:06+00:00,Aspen Heights: Leeds,Aspen Heights,Leeds,luxury,1,1,0,6,349.24,2095.44
e578354a-53c8-11ea-b169-b88a60e194fb,N5D-S0RN,orderid:688914,crmid:9310736500,2020-01-17T19:30:17.000Z,mobile,prd1156,1580671817,1581449417,2020-02-02T19:30:17+00:00,2020-02-11T19:30:17+00:00,Sandhill: Washington DC,Sandhill,Washington DC,standard,1,1,1,9,115.04,1035.36
e578f894-53c8-11ea-af87-b88a60e194fb,PJ5-UKCL,orderid:393360,crmid:1359344727,2019-12-13T15:11:44.000Z,call center,prd1185,1578409904,1579187504,2020-01-07T15:11:44+00:00,2020-01-16T15:11:44+00:00,Sapphire Suites: New Orleans,Sapphire Suites,New Orleans,standard,1,1,0,9,145.55,1309.95
e579e2f0-53c8-11ea-9180-b88a60e194fb,4E5-VNXV,orderid:477839,crmid:8477370382,2020-01-15T04:04:18.000Z,mobile,prd1112,1579147458,1579320258,2020-01-16T04:04:18+00:00,2020-01-18T04:04:18+00:00,Aspen Heights: Birmingham,Aspen Heights,Birmingham,standard,1,1,0,2,142.97,285.94
e57aa4f0-53c8-11ea-9e2d-b88a60e194fb,8K4-8ZC1,orderid:378853,crmid:2468518648,2019-12-11T21:06:08.000Z,website,prd1061,1576271168,1576530368,2019-12-13T21:06:08+00:00,2019-12-16T21:06:08+00:00,Grandeur Hotels: Lahore,Grandeur Hotels,Lahore,premium,1,1,0,3,133.01,399.03
e57b699e-53c8-11ea-94f1-b88a60e194fb,3F2-LQQU,orderid:785097,crmid:6616231680,2020-02-02T22:33:57.000Z,call center,prd1129,1582410837,1582756437,2020-02-22T22:33:57+00:00,2020-02-26T22:33:57+00:00,Admiralty Plaza: Helsinki,Admiralty Plaza,Helsinki,standard,1,1,1,4,144.41,577.64
e57c2cfa-53c8-11ea-a7de-b88a60e194fb,ODJ-8RCA,orderid:666649,crmid:9420499751,2019-12-27T05:30:57.000Z,kiosk,prd1009,1577683857,1577856657,2019-12-30T05:30:57+00:00,2020-01-01T05:30:57+00:00,Admiralty Plaza: San Antonio,Admiralty Plaza,San Antonio,premium,1,1,0,2,176.56,353.12
e57cc918-53c8-11ea-b53b-b88a60e194fb,NDC-N6VR,orderid:436737,crmid:5252858664,2020-01-17T18:54:30.000Z,website,prd1154,1581620070,1582656870,2020-02-13T18:54:30+00:00,2020-02-25T18:54:30+00:00,Blue Reef Resort: Seattle,Blue Reef Resort,Seattle,standard,1,1,0,12,132.43,1589.16
e57d8c86-53c8-11ea-a702-b88a60e194fb,W82-VH4L,orderid:483152,crmid:8809324255,2020-01-22T03:22:27.000Z,call center,prd1105,1581823347,1582773747,2020-02-16T03:22:27+00:00,2020-02-27T03:22:27+00:00,Admiralty Plaza: Barcelona,Admiralty Plaza,Barcelona,standard,1,1,0,11,169.18,1860.98
e57e76d8-53c8-11ea-8e32-b88a60e194fb,61I-ZSR0,orderid:614459,crmid:7719033033,2019-12-26T01:01:59.000Z,website,prd1153,1578704519,1579741319,2020-01-11T01:01:59+00:00,2020-01-23T01:01:59+00:00,Admiralty Plaza: Charlotte,Admiralty Plaza,Charlotte,standard,1,1,0,12,164.04,1968.48
e57f3a28-53c8-11ea-818e-b88a60e194fb,8QH-DHTL,orderid:692189,crmid:8280728125,2019-12-10T17:32:06.000Z,kiosk,prd1196,1578331926,1579455126,2020-01-06T17:32:06+00:00,2020-01-19T17:32:06+00:00,Aspen Heights: Moscow,Aspen Heights,Moscow,premium,1,1,2,13,120.19,1562.47
e5802486-53c8-11ea-827b-b88a60e194fb,LB0-DOHB,orderid:313157,crmid:2124398160,2020-01-22T00:12:36.000Z,kiosk,prd1033,1581984756,1583194356,2020-02-18T00:12:36+00:00,2020-03-03T00:12:36+00:00,Admiralty Plaza: Milwaukee,Admiralty Plaza,Milwaukee,standard,1,1,0,14,152.74,2138.36
e5810ef4-53c8-11ea-ad95-b88a60e194fb,X9D-WIMR,orderid:824815,crmid:8679237311,2020-01-16T14:26:59.000Z,website,prd1160,1580999219,1581431219,2020-02-06T14:26:59+00:00,2020-02-11T14:26:59+00:00,Aspen Heights: Nashville,Aspen Heights,Nashville,standard,1,1,0,5,172.84,864.2
e581d326-53c8-11ea-9b67-b88a60e194fb,H4Y-CTUS,orderid:571664,crmid:3955635639,2020-01-14T20:24:05.000Z,call center,prd1082,1581107045,1581711845,2020-02-07T20:24:05+00:00,2020-02-14T20:24:05+00:00,Blue Reef Resort: Surat,Blue Reef Resort,Surat,premium,1,1,0,7,96.1,672.7
e582e3a4-53c8-11ea-a39f-b88a60e194fb,VFK-XVO8,orderid:230314,crmid:5362086673,2020-01-07T15:43:10.000Z,call center,prd1181,1580398990,1581954190,2020-01-30T15:43:10+00:00,2020-02-17T15:43:10+00:00,Grandeur Hotels: Oakland,Grandeur Hotels,Oakland,standard,1,1,0,18,145.72,2622.96
e583a6ee-53c8-11ea-9467-b88a60e194fb,TX5-53EE,orderid:471002,crmid:9648522574,2020-01-05T01:37:31.000Z,kiosk,prd1084,1580348251,1580953051,2020-01-30T01:37:31+00:00,2020-02-06T01:37:31+00:00,Sandhill: Santiago,Sandhill,Santiago,standard,1,1,0,7,79.71,557.97
e5849176-53c8-11ea-ac72-b88a60e194fb,FGB-TOKF,orderid:754321,crmid:2595378978,2020-01-06T00:29:16.000Z,call center,prd1070,1580689756,1581899356,2020-02-03T00:29:16+00:00,2020-02-17T00:29:16+00:00,Blue Reef Resort: Jakarta,Blue Reef Resort,Jakarta,standard,1,1,0,14,156.22,2187.08
e5852d90-53c8-11ea-8975-b88a60e194fb,TFE-3Z67,orderid:220004,crmid:8582146643,2019-12-17T06:39:35.000Z,website,prd1028,1578983975,1579502375,2020-01-14T06:39:35+00:00,2020-01-20T06:39:35+00:00,Aspen Heights: Portland,Aspen Heights,Portland,premium,1,1,0,6,155.81,934.86
e585f0f4-53c8-11ea-bc3d-b88a60e194fb,DFL-RYOM,orderid:194968,crmid:4518604125,2020-01-11T08:26:09.000Z,website,prd1045,1581323169,1581755169,2020-02-10T08:26:09+00:00,2020-02-15T08:26:09+00:00,Admiralty Plaza: Miami,Admiralty Plaza,Miami,standard,1,1,0,5,123.64,618.2
e586b450-53c8-11ea-9c96-b88a60e194fb,7ZO-0DEH,orderid:507397,crmid:2795129074,2019-12-06T05:48:27.000Z,website,prd1033,1575784107,1576043307,2019-12-08T05:48:27+00:00,2019-12-11T05:48:27+00:00,Admiralty Plaza: Milwaukee,Admiralty Plaza,Milwaukee,standard,1,1,0,3,130.97,392.91
e5877740-53c8-11ea-b3b5-b88a60e194fb,J1V-ZGXE,orderid:365369,crmid:4140713114,2020-02-13T23:59:58.000Z,kiosk,prd1062,1581897598,1581983998,2020-02-16T23:59:58+00:00,2020-02-17T23:59:58+00:00,Restful Nights: Moscow,Restful Nights,Moscow,premium,1,1,0,1,151.24,151.24
e5883acc-53c8-11ea-9c13-b88a60e194fb,BLY-JPVE,orderid:183953,crmid:4431387986,2019-12-08T14:31:30.000Z,call center,prd1071,1578321090,1578753090,2020-01-06T14:31:30+00:00,2020-01-11T14:31:30+00:00,Hospitality Inn: Seoul,Hospitality Inn,Seoul,standard,1,1,0,5,113.43,567.15
e5894ad8-53c8-11ea-b7ea-b88a60e194fb,NIF-VYMS,orderid:271824,crmid:9858577264,2020-02-13T12:20:23.000Z,kiosk,prd1196,1583756423,1584706823,2020-03-09T12:20:23+00:00,2020-03-20T12:20:23+00:00,Aspen Heights: Moscow,Aspen Heights,Moscow,standard,1,1,0,11,143.61,1579.71
e589e888-53c8-11ea-9f52-b88a60e194fb,UGV-QRZG,orderid:517964,crmid:5854446542,2019-12-16T09:07:28.000Z,website,prd1172,1578388048,1579079248,2020-01-07T09:07:28+00:00,2020-01-15T09:07:28+00:00,Aspen Heights: Mesa,Aspen Heights,Mesa,premium,1,1,0,8,167.79,1342.32
e58aabd2-53c8-11ea-902e-b88a60e194fb,WFU-CX7G,orderid:441278,crmid:6520894367,2019-12-24T00:21:07.000Z,kiosk,prd1145,1577233267,1577319667,2019-12-25T00:21:07+00:00,2019-12-26T00:21:07+00:00,Grandeur Hotels: Dallas,Grandeur Hotels,Dallas,standard,1,1,0,1,175.08,175.08
e58b6f1e-53c8-11ea-8cde-b88a60e194fb,JGP-UEKG,orderid:794644,crmid:8611576965,2020-01-12T11:22:17.000Z,mobile,prd1184,1581247337,1581938537,2020-02-09T11:22:17+00:00,2020-02-17T11:22:17+00:00,Aspen Heights: Arlington,Aspen Heights,Arlington,presidential-suite,1,1,0,8,794.98,6359.84
e58c3294-53c8-11ea-a573-b88a60e194fb,VFK-XVO8,orderid:230314,crmid:4314097460,2020-01-16T16:10:48.000Z,website,prd1195,1579795848,1580314248,2020-01-23T16:10:48+00:00,2020-01-29T16:10:48+00:00,Family Fun Hotels: Lahore,Family Fun Hotels,Lahore,standard,1,1,3,6,113.26,679.56
e58d43fa-53c8-11ea-8d64-b88a60e194fb,RYK-5UEI,orderid:312572,crmid:9187926213,2020-02-02T18:18:16.000Z,call center,prd1184,1582395496,1583432296,2020-02-22T18:18:16+00:00,2020-03-05T18:18:16+00:00,Aspen Heights: Arlington,Aspen Heights,Arlington,standard,1,1,0,12,128.37,1540.44
e58e075a-53c8-11ea-9d45-b88a60e194fb,RCI-ZRK2,orderid:651334,crmid:9083690144,2020-02-14T23:05:32.000Z,call center,prd1185,1581980732,1582153532,2020-02-17T23:05:32+00:00,2020-02-19T23:05:32+00:00,Sapphire Suites: New Orleans,Sapphire Suites,New Orleans,premium,1,1,0,2,159.45,318.9
e58ea38a-53c8-11ea-8e73-b88a60e194fb,QQL-6MRG,orderid:597713,crmid:3462219556,2019-12-20T18:25:46.000Z,kiosk,prd1016,1579112746,1579803946,2020-01-15T18:25:46+00:00,2020-01-23T18:25:46+00:00,Aspen Heights: Columbus,Aspen Heights,Columbus,standard,1,1,3,8,141.82,1134.56
e58f66cc-53c8-11ea-a336-b88a60e194fb,JJV-AFBM,orderid:959913,crmid:7941497645,2020-01-20T16:27:06.000Z,kiosk,prd1141,1581438426,1581870426,2020-02-11T16:27:06+00:00,2020-02-16T16:27:06+00:00,Admiralty Plaza: Phoenix,Admiralty Plaza,Phoenix,standard,1,1,3,5,128.5,642.5
e5902a14-53c8-11ea-b3b7-b88a60e194fb,JTQ-Q8YD,orderid:979824,crmid:6337580602,2019-12-08T03:55:02.000Z,kiosk,prd1010,1575863702,1575950102,2019-12-09T03:55:02+00:00,2019-12-10T03:55:02+00:00,Blue Reef Resort: San Diego,Blue Reef Resort,San Diego,standard,1,1,0,1,112.62,112.62
e5947006-53c8-11ea-91f1-b88a60e194fb,PAV-EDAI,orderid:212079,crmid:6776127037,2020-01-07T02:14:30.000Z,kiosk,prd1183,1580091270,1580436870,2020-01-27T02:14:30+00:00,2020-01-31T02:14:30+00:00,Family Fun Hotels: Tulsa,Family Fun Hotels,Tulsa,standard,1,1,0,4,156.67,626.68
e59558d4-53c8-11ea-a1bb-b88a60e194fb,SHO-Z48P,orderid:540361,crmid:8086573864,2019-12-09T05:53:36.000Z,kiosk,prd1175,1578462816,1579067616,2020-01-08T05:53:36+00:00,2020-01-15T05:53:36+00:00,Nesting Box Inn: Long Beach,Nesting Box Inn,Long Beach,luxury,1,1,0,7,447.55,3132.85
e5964452-53c8-11ea-874b-b88a60e194fb,UWW-DK1B,orderid:938738,crmid:6454517247,2019-12-16T23:56:41.000Z,kiosk,prd1041,1578700601,1579737401,2020-01-10T23:56:41+00:00,2020-01-22T23:56:41+00:00,Sapphire Suites: Long Beach,Sapphire Suites,Long Beach,premium,1,1,0,12,167.49,2009.88
e59707ee-53c8-11ea-a59a-b88a60e194fb,5I6-FBFF,orderid:474710,crmid:4907595418,2019-12-06T14:16:27.000Z,website,prd1147,1577369787,1577801787,2019-12-26T14:16:27+00:00,2019-12-31T14:16:27+00:00,Family Fun Hotels: Austin,Family Fun Hotels,Austin,standard,1,1,0,5,124.45,622.25
e597cb4c-53c8-11ea-b83e-b88a60e194fb,65Z-N3GI,orderid:715371,crmid:8858227236,2019-12-10T19:57:27.000Z,service desk,prd1082,1577390247,1578427047,2019-12-26T19:57:27+00:00,2020-01-07T19:57:27+00:00,Blue Reef Resort: Surat,Blue Reef Resort,Surat,standard,1,1,0,12,154.24,1850.88
e5988e80-53c8-11ea-9fd0-b88a60e194fb,OWS-TPVD,orderid:857716,crmid:6063058026,2020-01-24T19:13:58.000Z,mobile,prd1191,1582053238,1582571638,2020-02-18T19:13:58+00:00,2020-02-24T19:13:58+00:00,Hospitality Inn: Mumbai,Hospitality Inn,Mumbai,standard,1,1,0,6,187.14,1122.84
e59951d0-53c8-11ea-b38a-b88a60e194fb,3F8-LXMK,orderid:658115,crmid:1787624895,2019-12-03T11:48:25.000Z,call center,prd1028,1576842505,1578052105,2019-12-20T11:48:25+00:00,2020-01-03T11:48:25+00:00,Aspen Heights: Portland,Aspen Heights,Portland,standard,1,1,0,14,183.98,2575.72
e59a1514-53c8-11ea-aa3e-b88a60e194fb,KXE-A2XC,orderid:592137,crmid:2338906637,2019-12-23T22:42:10.000Z,call center,prd1184,1577745730,1578264130,2019-12-30T22:42:10+00:00,2020-01-05T22:42:10+00:00,Aspen Heights: Arlington,Aspen Heights,Arlington,standard,1,1,0,6,154.7,928.2
e59b269a-53c8-11ea-a5cf-b88a60e194fb,8GS-DBXT,orderid:695641,crmid:3713919560,2020-01-04T13:04:48.000Z,call center,prd1104,1578229488,1578488688,2020-01-05T13:04:48+00:00,2020-01-08T13:04:48+00:00,Repose Resort: Warsaw,Repose Resort,Warsaw,standard,1,1,0,3,155.22,465.66
e59bea6e-53c8-11ea-8999-b88a60e194fb,HVL-OTY2,orderid:326520,crmid:1578935292,2020-01-18T01:02:56.000Z,website,prd1047,1580864576,1582506176,2020-02-05T01:02:56+00:00,2020-02-24T01:02:56+00:00,Hospitality Inn: Oakland,Hospitality Inn,Oakland,standard,1,1,0,19,83.89,1593.91
e59cad50-53c8-11ea-beb6-b88a60e194fb,MSW-U8DM,orderid:222764,crmid:7973653338,2020-01-30T13:30:51.000Z,call center,prd1050,1582637451,1583155851,2020-02-25T13:30:51+00:00,2020-03-02T13:30:51+00:00,Restful Nights: Arlington,Restful Nights,Arlington,standard,1,1,4,6,132.93,797.58
e59dbeac-53c8-11ea-9fe9-b88a60e194fb,9CI-6LQZ,orderid:450624,crmid:1817328632,2019-12-09T03:14:32.000Z,mobile,prd1104,1576466072,1576638872,2019-12-16T03:14:32+00:00,2019-12-18T03:14:32+00:00,Repose Resort: Warsaw,Repose Resort,Warsaw,standard,1,1,0,2,119.05,238.1
e59e81f6-53c8-11ea-9d8c-b88a60e194fb,P8L-WEYI,orderid:165850,crmid:7763433594,2020-01-05T04:25:29.000Z,call center,prd1004,1579580729,1580444729,2020-01-21T04:25:29+00:00,2020-01-31T04:25:29+00:00,Aspen Heights: Boulder,Aspen Heights,Boulder,premium,1,1,0,10,188.09,1880.9
e59f6c38-53c8-11ea-a220-b88a60e194fb,XGE-PREN,orderid:980798,crmid:8984804413,2019-12-28T16:03:20.000Z,service desk,prd1085,1579881800,1580227400,2020-01-24T16:03:20+00:00,2020-01-28T16:03:20+00:00,Grandeur Hotels: Saint Petersburg,Grandeur Hotels,Saint Petersburg,standard,1,1,0,4,99.62,398.48
e5a02fac-53c8-11ea-ba30-b88a60e194fb,RDU-PBZ7,orderid:210445,crmid:3859543546,2019-12-24T04:38:07.000Z,kiosk,prd1040,1577248687,1577421487,2019-12-25T04:38:07+00:00,2019-12-27T04:38:07+00:00,Aspen Heights: Atlanta,Aspen Heights,Atlanta,premium,1,1,0,2,146.71,293.42
e5a1188a-53c8-11ea-ba97-b88a60e194fb,3CI-OLVS,orderid:420818,crmid:9556322796,2020-01-20T10:57:36.000Z,website,prd1064,1581418656,1581764256,2020-02-11T10:57:36+00:00,2020-02-15T10:57:36+00:00,Aspen Heights: Paris,Aspen Heights,Paris,standard,1,1,0,4,123.79,495.16
e5a1dd36-53c8-11ea-981c-b88a60e194fb,9M2-YIQW,orderid:245583,crmid:4904478373,2019-12-13T22:05:54.000Z,kiosk,prd1035,1576361154,1576533954,2019-12-14T22:05:54+00:00,2019-12-16T22:05:54+00:00,Hospitality Inn: Tucson,Hospitality Inn,Tucson,standard,1,1,0,2,130.51,261.02
e5a29f52-53c8-11ea-bd41-b88a60e194fb,1AL-8VKV,orderid:865449,crmid:8572577753,2020-01-04T23:27:27.000Z,mobile,prd1009,1578698847,1579476447,2020-01-10T23:27:27+00:00,2020-01-19T23:27:27+00:00,Admiralty Plaza: San Antonio,Admiralty Plaza,San Antonio,standard,1,1,1,9,145.39,1308.51
e5a38b36-53c8-11ea-8f00-b88a60e194fb,JFM-OBYW,orderid:221004,crmid:2361592209,2020-02-06T05:01:30.000Z,kiosk,prd1032,1581051690,1581224490,2020-02-07T05:01:30+00:00,2020-02-09T05:01:30+00:00,Repose Resort: Baltimore,Repose Resort,Baltimore,standard,1,1,0,2,82.45,164.9
e5a4740a-53c8-11ea-8989-b88a60e194fb,ZJ4-Y2VA,orderid:109737,crmid:1353823278,2019-12-02T06:31:51.000Z,website,prd1047,1575354711,1575441111,2019-12-03T06:31:51+00:00,2019-12-04T06:31:51+00:00,Hospitality Inn: Oakland,Hospitality Inn,Oakland,standard,1,1,0,1,131.75,131.75
e5a5601a-53c8-11ea-aba6-b88a60e194fb,7UT-TVFP,orderid:451093,crmid:8735896243,2020-01-19T20:32:16.000Z,service desk,prd1010,1579638736,1579811536,2020-01-21T20:32:16+00:00,2020-01-23T20:32:16+00:00,Blue Reef Resort: San Diego,Blue Reef Resort,San Diego,standard,1,1,0,2,93.21,186.42
e5a586e8-53c8-11ea-afa5-b88a60e194fb,SE5-GQI9,orderid:921404,crmid:8735896243,2020-01-24T00:00:00.000Z,website,prd1022,1579910400,1580083200,2020-01-25T00:00:00+00:00,2020-01-27T00:00:00+00:00,Blue Reef Resort: Washington DC,Blue Reef Resort,Washington DC,standard,1,1,0,2,133.15,266.3
e5a64a26-53c8-11ea-83dd-b88a60e194fb,HNO-X9ZO,orderid:125419,crmid:2455510420,2019-12-05T08:33:05.000Z,kiosk,prd1023,1575880385,1575966785,2019-12-09T08:33:05+00:00,2019-12-10T08:33:05+00:00,Hospitality Inn: Boston,Hospitality Inn,Boston,standard,1,1,0,1,133.77,133.77
e5a782a8-53c8-11ea-b86e-b88a60e194fb,IRM-65DX,orderid:416083,crmid:5330503726,2020-01-14T10:23:29.000Z,call center,prd1193,1581243809,1581762209,2020-02-09T10:23:29+00:00,2020-02-15T10:23:29+00:00,Grandeur Hotels: Kinshasa,Grandeur Hotels,Kinshasa,premium,1,1,2,6,143.38,860.28
e5a845f6-53c8-11ea-ac6c-b88a60e194fb,OZG-RD9F,orderid:718995,crmid:5163022769,2019-12-07T18:11:37.000Z,mobile,prd1161,1575828697,1576001497,2019-12-08T18:11:37+00:00,2019-12-10T18:11:37+00:00,Sapphire Suites: Memphis,Sapphire Suites,Memphis,premium,1,1,0,2,125.95,251.9
e5a93152-53c8-11ea-9347-b88a60e194fb,PRK-ZALR,orderid:660211,crmid:3049030457,2019-12-20T02:28:30.000Z,call center,prd1074,1578709710,1579660110,2020-01-11T02:28:30+00:00,2020-01-22T02:28:30+00:00,Restful Nights: Mexico City,Restful Nights,Mexico City,standard,1,1,0,11,162.39,1786.29
e5a9f3b6-53c8-11ea-ab02-b88a60e194fb,MVI-NFHN,orderid:280956,crmid:6986580917,2019-12-13T04:39:48.000Z,kiosk,prd1132,1576557588,1577162388,2019-12-17T04:39:48+00:00,2019-12-24T04:39:48+00:00,Sandhill: Oslo,Sandhill,Oslo,standard,1,1,0,7,135.49,948.43
e5aade06-53c8-11ea-92de-b88a60e194fb,KBP-2HJF,orderid:620315,crmid:7318477485,2020-02-11T06:16:12.000Z,kiosk,prd1045,1582092972,1583302572,2020-02-19T06:16:12+00:00,2020-03-04T06:16:12+00:00,Admiralty Plaza: Miami,Admiralty Plaza,Miami,premium,1,1,0,14,100.19,1402.66
e5ab7a40-53c8-11ea-abe3-b88a60e194fb,K4E-HMQG,orderid:652921,crmid:2809985777,2020-02-16T05:36:27.000Z,kiosk,prd1035,1581917787,1582263387,2020-02-17T05:36:27+00:00,2020-02-21T05:36:27+00:00,Hospitality Inn: Tucson,Hospitality Inn,Tucson,premium,1,1,0,4,180.54,722.16
e5ac3dec-53c8-11ea-8774-b88a60e194fb,LLF-F0DW,orderid:761714,crmid:4431850960,2020-01-09T01:19:10.000Z,mobile,prd1141,1580519950,1580865550,2020-02-01T01:19:10+00:00,2020-02-05T01:19:10+00:00,Admiralty Plaza: Phoenix,Admiralty Plaza,Phoenix,premium,1,1,0,4,109.92,439.68
e5ad0106-53c8-11ea-8d41-b88a60e194fb,0SO-MVXR,orderid:687715,crmid:6980217481,2020-01-06T05:44:50.000Z,mobile,prd1158,1580708690,1581313490,2020-02-03T05:44:50+00:00,2020-02-10T05:44:50+00:00,Restful Nights: El Paso,Restful Nights,El Paso,standard,1,1,2,7,121.84,852.88
e5adeb4a-53c8-11ea-a02d-b88a60e194fb,ZX9-UG49,orderid:318240,crmid:5441023458,2019-12-01T10:55:27.000Z,website,prd1030,1575802527,1577357727,2019-12-08T10:55:27+00:00,2019-12-26T10:55:27+00:00,Sego Lily Suites: Las Vegas,Sego Lily Suites,Las Vegas,luxury,1,1,3,18,302.12,5438.16
e5aeae94-53c8-11ea-b46b-b88a60e194fb,J4F-Z7U7,orderid:914610,crmid:2566926598,2020-02-16T07:30:15.000Z,website,prd1057,1582961415,1583220615,2020-02-29T07:30:15+00:00,2020-03-03T07:30:15+00:00,Admiralty Plaza: Mumbai,Admiralty Plaza,Mumbai,standard,1,1,0,3,152.79,458.37
e5af98f8-53c8-11ea-9bbc-b88a60e194fb,WRQ-BDOZ,orderid:550356,crmid:3883268368,2020-01-23T07:46:34.000Z,website,prd1176,1582184794,1582789594,2020-02-20T07:46:34+00:00,2020-02-27T07:46:34+00:00,Repose Resort: Omaha,Repose Resort,Omaha,luxury,1,1,0,7,344.26,2409.82
e5b05c42-53c8-11ea-a243-b88a60e194fb,8G0-4AYH,orderid:893554,crmid:4917912452,2019-12-13T07:10:42.000Z,mobile,prd1081,1576307442,1576566642,2019-12-14T07:10:42+00:00,2019-12-17T07:10:42+00:00,Admiralty Plaza: Rod de Janeiro,Admiralty Plaza,Rod de Janeiro,premium,1,1,0,3,124.34,373.02
e5b11f92-53c8-11ea-8798-b88a60e194fb,YCT-CC1N,orderid:412165,crmid:1780915856,2019-12-06T04:49:29.000Z,mobile,prd1026,1576126169,1576730969,2019-12-12T04:49:29+00:00,2019-12-19T04:49:29+00:00,Restful Nights: Nashville,Restful Nights,Nashville,standard,1,1,0,7,138.67,970.69
e5b209fa-53c8-11ea-9735-b88a60e194fb,JPV-8DMR,orderid:798017,crmid:7210684410,2020-01-10T10:42:08.000Z,kiosk,prd1082,1580899328,1581417728,2020-02-05T10:42:08+00:00,2020-02-11T10:42:08+00:00,Blue Reef Resort: Surat,Blue Reef Resort,Surat,standard,1,1,0,6,154.84,929.04
e5b2cd3e-53c8-11ea-8a9d-b88a60e194fb,NCH-YYRG,orderid:248514,crmid:5029093656,2019-12-01T13:22:46.000Z,call center,prd1196,1575292966,1575465766,2019-12-02T13:22:46+00:00,2019-12-04T13:22:46+00:00,Aspen Heights: Moscow,Aspen Heights,Moscow,standard,1,1,0,2,162.05,324.1
e5b39090-53c8-11ea-b38c-b88a60e194fb,S8A-RMHD,orderid:595849,crmid:1773060633,2019-12-11T03:46:34.000Z,call center,prd1040,1578109594,1578541594,2020-01-04T03:46:34+00:00,2020-01-09T03:46:34+00:00,Aspen Heights: Atlanta,Aspen Heights,Atlanta,premium,1,1,0,5,139.77,698.85
e5b453f0-53c8-11ea-8459-b88a60e194fb,Z7M-TXLI,orderid:500097,crmid:4156082338,2020-01-18T11:53:48.000Z,call center,prd1041,1579434828,1579521228,2020-01-19T11:53:48+00:00,2020-01-20T11:53:48+00:00,Sapphire Suites: Long Beach,Sapphire Suites,Long Beach,premium,1,1,0,1,111.92,111.92
e5b51758-53c8-11ea-aaef-b88a60e194fb,TTQ-V0RB,orderid:319008,crmid:5634198861,2020-01-18T00:43:19.000Z,website,prd1100,1581468199,1582072999,2020-02-12T00:43:19+00:00,2020-02-19T00:43:19+00:00,Aspen Heights: Misk,Aspen Heights,Misk,premium,1,1,0,7,184.93,1294.51
e5b5da7e-53c8-11ea-834c-b88a60e194fb,LMZ-VDKN,orderid:484142,crmid:6899135846,2020-01-02T07:59:33.000Z,mobile,prd1094,1578124773,1578211173,2020-01-04T07:59:33+00:00,2020-01-05T07:59:33+00:00,Blue Reef Resort: Berlin,Blue Reef Resort,Berlin,standard,1,1,0,1,119.74,119.74
e5b69dd2-53c8-11ea-8530-b88a60e194fb,YWO-RVVG,orderid:431889,crmid:5665221741,2019-12-25T16:40:57.000Z,website,prd1034,1579711257,1580316057,2020-01-22T16:40:57+00:00,2020-01-29T16:40:57+00:00,Blue Reef Resort: Albuquerque,Blue Reef Resort,Albuquerque,standard,1,1,0,7,93.46,654.22
e5b7884a-53c8-11ea-a6a2-b88a60e194fb,AJP-7D1V,orderid:912343,crmid:9566892742,2020-01-11T06:44:44.000Z,kiosk,prd1021,1580453084,1581057884,2020-01-31T06:44:44+00:00,2020-02-07T06:44:44+00:00,Admiralty Plaza: Denver,Admiralty Plaza,Denver,standard,1,1,4,7,123.02,861.14
e5b8728c-53c8-11ea-bbb7-b88a60e194fb,OD6-XDXW,orderid:732859,crmid:4312697626,2020-01-01T07:51:15.000Z,website,prd1147,1577951475,1578124275,2020-01-02T07:51:15+00:00,2020-01-04T07:51:15+00:00,Family Fun Hotels: Austin,Family Fun Hotels,Austin,standard,1,1,0,2,93.9,187.8
e5b93600-53c8-11ea-9b32-b88a60e194fb,5IX-NDMJ,orderid:397958,crmid:4038780132,2019-12-06T23:17:13.000Z,call center,prd1069,1575760633,1576019833,2019-12-07T23:17:13+00:00,2019-12-10T23:17:13+00:00,Admiralty Plaza: Singapore,Admiralty Plaza,Singapore,standard,1,1,0,3,153.09,459.27
e5b9f954-53c8-11ea-b964-b88a60e194fb,AIA-BWLW,orderid:799864,crmid:8499036818,2020-02-12T03:36:52.000Z,kiosk,prd1196,1584070612,1584589012,2020-03-13T03:36:52+00:00,2020-03-19T03:36:52+00:00,Aspen Heights: Moscow,Aspen Heights,Moscow,standard,1,1,2,6,148.59,891.54
e5babc86-53c8-11ea-a14a-b88a60e194fb,5T1-V3V8,orderid:296155,crmid:5509802856,2019-12-29T17:36:12.000Z,kiosk,prd1076,1579109772,1579714572,2020-01-15T17:36:12+00:00,2020-01-22T17:36:12+00:00,Aspen Heights: Bogota,Aspen Heights,Bogota,luxury,1,1,0,7,260.7,1824.9
e5bba6fa-53c8-11ea-987d-b88a60e194fb,EBC-ZOIO,orderid:171139,crmid:7670930540,2020-01-18T04:06:09.000Z,website,prd1107,1581048369,1581653169,2020-02-07T04:06:09+00:00,2020-02-14T04:06:09+00:00,Hospitality Inn: Kharkiv,Hospitality Inn,Kharkiv,presidential-suite,1,1,0,7,971.27,6798.89
e5bc913e-53c8-11ea-924e-b88a60e194fb,RGW-BQPH,orderid:968085,crmid:6660054248,2020-01-04T04:38:44.000Z,kiosk,prd1118,1578371924,1578803924,2020-01-07T04:38:44+00:00,2020-01-12T04:38:44+00:00,Blue Reef Resort: Cologne,Blue Reef Resort,Cologne,luxury,1,1,0,5,346.58,1732.9
e5bd5490-53c8-11ea-914e-b88a60e194fb,MMA-HLZO,orderid:163155,crmid:1475450037,2020-02-14T18:16:36.000Z,mobile,prd1143,1582049796,1582222596,2020-02-18T18:16:36+00:00,2020-02-20T18:16:36+00:00,Hospitality Inn: San Antonio,Hospitality Inn,San Antonio,standard,1,1,0,2,139.58,279.16
e5bd7bd8-53c8-11ea-ae18-b88a60e194fb,ZEV-WPTM,orderid:590354,crmid:1475450037,2020-02-21T00:00:00.000Z,website,prd1058,1582329600,1582761600,2020-02-22T00:00:00+00:00,2020-02-27T00:00:00+00:00,Blue Reef Resort: Delhi,Blue Reef Resort,Delhi,premium,1,1,0,5,135.84,679.2
e5be3dba-53c8-11ea-996c-b88a60e194fb,PZF-2BTX,orderid:882198,crmid:4090786886,2020-02-07T03:57:54.000Z,mobile,prd1142,1583294274,1583726274,2020-03-04T03:57:54+00:00,2020-03-09T03:57:54+00:00,Blue Reef Resort: Philadelphia,Blue Reef Resort,Philadelphia,standard,1,1,0,5,145.57,727.85
e5bf010a-53c8-11ea-b1c5-b88a60e194fb,Y6Y-LL8U,orderid:430122,crmid:5180663950,2019-12-27T19:20:13.000Z,kiosk,prd1191,1579634413,1580152813,2020-01-21T19:20:13+00:00,2020-01-27T19:20:13+00:00,Hospitality Inn: Mumbai,Hospitality Inn,Mumbai,standard,1,1,0,6,142.91,857.46
e5bfeb98-53c8-11ea-89e9-b88a60e194fb,XHR-6BQJ,orderid:388517,crmid:6985650482,2019-12-07T00:57:58.000Z,call center,prd1016,1577581078,1578272278,2019-12-29T00:57:58+00:00,2020-01-06T00:57:58+00:00,Aspen Heights: Columbus,Aspen Heights,Columbus,standard,1,1,0,8,106.85,854.8
e5c0fcca-53c8-11ea-9f87-b88a60e194fb,FFC-86DT,orderid:221767,crmid:2781473162,2020-01-06T00:26:47.000Z,mobile,prd1057,1580344007,1581208007,2020-01-30T00:26:47+00:00,2020-02-09T00:26:47+00:00,Admiralty Plaza: Mumbai,Admiralty Plaza,Mumbai,standard,1,1,0,10,177.58,1775.8
e5c1c02c-53c8-11ea-9f36-b88a60e194fb,4HW-HNXY,orderid:907079,crmid:9737463936,2020-02-06T13:15:10.000Z,kiosk,prd1100,1581081310,1581167710,2020-02-07T13:15:10+00:00,2020-02-08T13:15:10+00:00,Aspen Heights: Misk,Aspen Heights,Misk,standard,1,1,0,1,190.05,190.05
e5c2ab34-53c8-11ea-93d4-b88a60e194fb,5RC-MHER,orderid:565198,crmid:1864382851,2019-12-30T19:05:39.000Z,mobile,prd1033,1578251139,1578855939,2020-01-05T19:05:39+00:00,2020-01-12T19:05:39+00:00,Admiralty Plaza: Milwaukee,Admiralty Plaza,Milwaukee,standard,1,1,0,7,169.62,1187.34
e5c36ddc-53c8-11ea-9a0c-b88a60e194fb,NFN-YQK8,orderid:638704,crmid:4449014836,2020-02-01T02:54:18.000Z,kiosk,prd1037,1582685658,1583031258,2020-02-26T02:54:18+00:00,2020-03-01T02:54:18+00:00,Grandeur Hotels: Sacramento,Grandeur Hotels,Sacramento,standard,1,1,0,4,174.75,699.0
e5c4583a-53c8-11ea-8410-b88a60e194fb,2TO-A9VW,orderid:926914,crmid:7415849870,2019-12-11T00:02:16.000Z,call center,prd1118,1577923336,1578441736,2020-01-02T00:02:16+00:00,2020-01-08T00:02:16+00:00,Blue Reef Resort: Cologne,Blue Reef Resort,Cologne,standard,1,1,2,6,126.37,758.22
e5c51b92-53c8-11ea-9872-b88a60e194fb,DED-Z7QF,orderid:734429,crmid:4780385653,2019-12-20T23:44:19.000Z,kiosk,prd1062,1577317459,1577576659,2019-12-25T23:44:19+00:00,2019-12-28T23:44:19+00:00,Restful Nights: Moscow,Restful Nights,Moscow,premium,1,1,1,3,192.49,577.47
e5c605e6-53c8-11ea-9dcc-b88a60e194fb,DGR-WZYR,orderid:294537,crmid:5253784116,2019-12-07T18:50:01.000Z,kiosk,prd1163,1576435801,1577386201,2019-12-15T18:50:01+00:00,2019-12-26T18:50:01+00:00,Nesting Box Inn: Oklahoma City,Nesting Box Inn,Oklahoma City,standard,1,1,0,11,151.86,1670.46
e5c6f066-53c8-11ea-b134-b88a60e194fb,YOK-XID9,orderid:438836,crmid:9610253523,2020-01-25T14:58:48.000Z,kiosk,prd1035,1581692328,1582210728,2020-02-14T14:58:48+00:00,2020-02-20T14:58:48+00:00,Hospitality Inn: Tucson,Hospitality Inn,Tucson,standard,1,1,0,6,161.38,968.28
e5c7daac-53c8-11ea-a28f-b88a60e194fb,1DW-UKKM,orderid:588626,crmid:3530180186,2019-12-10T05:24:20.000Z,mobile,prd1010,1576214660,1576301060,2019-12-13T05:24:20+00:00,2019-12-14T05:24:20+00:00,Blue Reef Resort: San Diego,Blue Reef Resort,San Diego,standard,1,1,0,1,135.94,135.94
e5c876e8-53c8-11ea-9c3e-b88a60e194fb,N2C-3GAL,orderid:819284,crmid:3286659260,2019-12-06T19:23:49.000Z,call center,prd1004,1576437829,1576783429,2019-12-15T19:23:49+00:00,2019-12-19T19:23:49+00:00,Aspen Heights: Boulder,Aspen Heights,Boulder,standard,1,1,4,4,164.31,657.24
e5c96142-53c8-11ea-b446-b88a60e194fb,PZT-4UMF,orderid:158547,crmid:9220762427,2020-02-01T16:05:59.000Z,kiosk,prd1043,1582992359,1583769959,2020-02-29T16:05:59+00:00,2020-03-09T16:05:59+00:00,Nesting Box Inn: Raleigh,Nesting Box Inn,Raleigh,standard,1,1,0,9,114.08,1026.72
e5ca9a86-53c8-11ea-b29a-b88a60e194fb,9X3-KIFX,orderid:771017,crmid:4703057272,2020-01-05T09:09:02.000Z,kiosk,prd1105,1578560942,1578733742,2020-01-09T09:09:02+00:00,2020-01-11T09:09:02+00:00,Admiralty Plaza: Barcelona,Admiralty Plaza,Barcelona,premium,1,1,0,2,139.97,279.94
e5cb8426-53c8-11ea-a036-b88a60e194fb,NDC-SSPA,orderid:939330,crmid:1645443447,2019-12-30T22:29:42.000Z,service desk,prd1118,1577831382,1578004182,2019-12-31T22:29:42+00:00,2020-01-02T22:29:42+00:00,Blue Reef Resort: Cologne,Blue Reef Resort,Cologne,premium,1,1,0,2,144.28,288.56
e5cc6fc8-53c8-11ea-bdc3-b88a60e194fb,K3B-K7QH,orderid:373280,crmid:4868381691,2019-12-20T12:38:16.000Z,call center,prd1129,1578141496,1578314296,2020-01-04T12:38:16+00:00,2020-01-06T12:38:16+00:00,Admiralty Plaza: Helsinki,Admiralty Plaza,Helsinki,standard,1,1,0,2,142.23,284.46
e5cd3318-53c8-11ea-98f8-b88a60e194fb,OBY-EGJO,orderid:407773,crmid:6871193189,2020-01-07T00:53:42.000Z,kiosk,prd1119,1580432022,1580518422,2020-01-31T00:53:42+00:00,2020-02-01T00:53:42+00:00,Hospitality Inn: Turin,Hospitality Inn,Turin,premium,1,1,0,1,162.1,162.1
e5cdce0a-53c8-11ea-b98c-b88a60e194fb,4CX-8XAW,orderid:938543,crmid:7584033245,2020-01-05T15:32:27.000Z,website,prd1141,1580398347,1580916747,2020-01-30T15:32:27+00:00,2020-02-05T15:32:27+00:00,Admiralty Plaza: Phoenix,Admiralty Plaza,Phoenix,standard,1,1,1,6,179.16,1074.96
e5ce92b4-53c8-11ea-8c38-b88a60e194fb,CLZ-SGTN,orderid:183051,crmid:2049842042,2020-01-15T22:47:31.000Z,mobile,prd1191,1581029251,1581720451,2020-02-06T22:47:31+00:00,2020-02-14T22:47:31+00:00,Hospitality Inn: Mumbai,Hospitality Inn,Mumbai,premium,1,1,0,8,138.65,1109.2
e5cf7cfe-53c8-11ea-84c7-b88a60e194fb,QNY-Z4JH,orderid:930696,crmid:2748072992,2020-01-11T22:56:04.000Z,kiosk,prd1151,1578956164,1579128964,2020-01-13T22:56:04+00:00,2020-01-15T22:56:04+00:00,Nesting Box Inn: Fort Worth,Nesting Box Inn,Fort Worth,standard,1,1,0,2,122.2,244.4
e5d04036-53c8-11ea-a57d-b88a60e194fb,DQF-IGDB,orderid:858143,crmid:1937263748,2020-01-13T02:35:19.000Z,website,prd1154,1580697319,1581215719,2020-02-03T02:35:19+00:00,2020-02-09T02:35:19+00:00,Blue Reef Resort: Seattle,Blue Reef Resort,Seattle,premium,1,1,0,6,170.97,1025.82
e5d12986-53c8-11ea-a755-b88a60e194fb,BQR-LETV,orderid:763129,crmid:3569953675,2019-12-19T06:13:00.000Z,call center,prd1045,1579241580,1580710380,2020-01-17T06:13:00+00:00,2020-02-03T06:13:00+00:00,Admiralty Plaza: Miami,Admiralty Plaza,Miami,standard,1,1,0,17,176.81,3005.77
e5d1eccc-53c8-11ea-aedf-b88a60e194fb,Q8F-LZWH,orderid:750512,crmid:3816500841,2019-12-11T01:19:30.000Z,kiosk,prd1067,1578014370,1579569570,2020-01-03T01:19:30+00:00,2020-01-21T01:19:30+00:00,Nesting Box Inn: Istanbul,Nesting Box Inn,Istanbul,standard,1,1,0,18,145.85,2625.3
e5d2fe36-53c8-11ea-bcff-b88a60e194fb,DWF-SMJB,orderid:287329,crmid:3372916744,2019-12-13T12:56:30.000Z,website,prd1035,1578488190,1579179390,2020-01-08T12:56:30+00:00,2020-01-16T12:56:30+00:00,Hospitality Inn: Tucson,Hospitality Inn,Tucson,standard,1,1,3,8,155.05,1240.4
e5d3c18a-53c8-11ea-87f4-b88a60e194fb,MCD-GBBY,orderid:517211,crmid:8605313000,2020-01-29T06:43:11.000Z,kiosk,prd1105,1582526591,1583908991,2020-02-24T06:43:11+00:00,2020-03-11T06:43:11+00:00,Admiralty Plaza: Barcelona,Admiralty Plaza,Barcelona,standard,1,1,4,16,136.67,2186.72
e5d4abf0-53c8-11ea-9d6b-b88a60e194fb,Y0C-AP9L,orderid:104805,crmid:2972464594,2020-01-13T14:39:59.000Z,mobile,prd1142,1580913599,1581950399,2020-02-05T14:39:59+00:00,2020-02-17T14:39:59+00:00,Blue Reef Resort: Philadelphia,Blue Reef Resort,Philadelphia,standard,1,1,0,12,164.54,1974.48
e5d56f3e-53c8-11ea-abd4-b88a60e194fb,RMN-UYPV,orderid:377864,crmid:2743383284,2020-01-23T13:20:34.000Z,call center,prd1021,1582032034,1583068834,2020-02-18T13:20:34+00:00,2020-03-01T13:20:34+00:00,Admiralty Plaza: Denver,Admiralty Plaza,Denver,standard,1,1,0,12,151.65,1819.8
e5d65acc-53c8-11ea-8cc0-b88a60e194fb,KPA-UJSU,orderid:294180,crmid:3893671788,2020-01-04T21:24:08.000Z,website,prd1081,1579814648,1580505848,2020-01-23T21:24:08+00:00,2020-01-31T21:24:08+00:00,Admiralty Plaza: Rod de Janeiro,Admiralty Plaza,Rod de Janeiro,standard,1,1,3,8,155.93,1247.44
e5d71e1c-53c8-11ea-9faa-b88a60e194fb,6NS-J7WJ,orderid:960390,crmid:9217953904,2020-01-08T19:54:42.000Z,service desk,prd1110,1578772482,1578945282,2020-01-11T19:54:42+00:00,2020-01-13T19:54:42+00:00,Restful Nights: Sofia,Restful Nights,Sofia,premium,1,1,0,2,138.32,276.64
e5d7e18a-53c8-11ea-ab8e-b88a60e194fb,KO4-HSKF,orderid:513304,crmid:6275144057,2019-12-24T00:41:11.000Z,website,prd1121,1577580071,1577839271,2019-12-29T00:41:11+00:00,2020-01-01T00:41:11+00:00,Grandeur Hotels: Stockholm,Grandeur Hotels,Stockholm,standard,1,1,0,3,81.09,243.27
e5d8a41e-53c8-11ea-96da-b88a60e194fb,UN2-F4VR,orderid:706068,crmid:1485241056,2019-12-10T00:48:53.000Z,website,prd1149,1578012533,1578444533,2020-01-03T00:48:53+00:00,2020-01-08T00:48:53+00:00,Sapphire Suites: San Francisco,Sapphire Suites,San Francisco,premium,1,1,0,5,110.42,552.1
e5d98f24-53c8-11ea-a8c1-b88a60e194fb,BJ1-NR2H,orderid:509087,crmid:3933459121,2020-01-07T06:18:32.000Z,call center,prd1096,1580969912,1581229112,2020-02-06T06:18:32+00:00,2020-02-09T06:18:32+00:00,Sandhill: Madrid,Sandhill,Madrid,premium,1,1,2,3,182.64,547.92
e5da7848-53c8-11ea-aa1c-b88a60e194fb,TII-ORE2,orderid:129460,crmid:5016023109,2019-12-28T03:52:33.000Z,call center,prd1048,1579060353,1579751553,2020-01-15T03:52:33+00:00,2020-01-23T03:52:33+00:00,Sandhill: Minneapolis,Sandhill,Minneapolis,premium,1,1,0,8,131.88,1055.04
e5db3b9c-53c8-11ea-92dd-b88a60e194fb,9WR-M7FV,orderid:390356,crmid:7008367625,2020-02-08T13:53:59.000Z,website,prd1130,1582552439,1582898039,2020-02-24T13:53:59+00:00,2020-02-28T13:53:59+00:00,Blue Reef Resort: Bremen,Blue Reef Resort,Bremen,standard,1,1,0,4,121.34,485.36
e5dc4d08-53c8-11ea-a35e-b88a60e194fb,J0M-QUEV,orderid:687234,crmid:2982327317,2019-12-12T12:03:51.000Z,call center,prd1033,1576843431,1577361831,2019-12-20T12:03:51+00:00,2019-12-26T12:03:51+00:00,Admiralty Plaza: Milwaukee,Admiralty Plaza,Milwaukee,premium,1,1,3,6,119.15,714.9
e5dd105c-53c8-11ea-a57a-b88a60e194fb,N9B-EI0R,orderid:786368,crmid:9724980077,2019-12-23T04:56:30.000Z,call center,prd1103,1577336190,1577768190,2019-12-26T04:56:30+00:00,2019-12-31T04:56:30+00:00,Nesting Box Inn: Hamburg,Nesting Box Inn,Hamburg,standard,1,1,0,5,95.43,477.15
e5ddfaba-53c8-11ea-8d7c-b88a60e194fb,C45-TDVG,orderid:753590,crmid:8509309486,2020-01-06T03:31:35.000Z,call center,prd1172,1580787095,1581391895,2020-02-04T03:31:35+00:00,2020-02-11T03:31:35+00:00,Aspen Heights: Mesa,Aspen Heights,Mesa,premium,1,1,0,7,125.43,878.01
e5debe0a-53c8-11ea-a525-b88a60e194fb,3QH-WD9V,orderid:122910,crmid:5298838722,2020-01-20T20:36:48.000Z,service desk,prd1105,1579725408,1579984608,2020-01-22T20:36:48+00:00,2020-01-25T20:36:48+00:00,Admiralty Plaza: Barcelona,Admiralty Plaza,Barcelona,standard,1,1,0,3,164.62,493.86
e5dfa9a8-53c8-11ea-8145-b88a60e194fb,S7U-N9VZ,orderid:492646,crmid:9496427205,2020-02-04T22:10:53.000Z,website,prd1191,1583014253,1583532653,2020-02-29T22:10:53+00:00,2020-03-06T22:10:53+00:00,Hospitality Inn: Mumbai,Hospitality Inn,Mumbai,standard,1,1,0,6,115.52,693.12
e5e04600-53c8-11ea-ad6e-b88a60e194fb,DLP-IGVF,orderid:944681,crmid:9969817368,2019-12-06T07:36:09.000Z,kiosk,prd1003,1575790569,1576049769,2019-12-08T07:36:09+00:00,2019-12-11T07:36:09+00:00,Family Fun Hotels: Houston,Family Fun Hotels,Houston,standard,1,1,0,3,118.12,354.36
e5e12ef0-53c8-11ea-b49e-b88a60e194fb,DPM-WC6R,orderid:566773,crmid:5897802484,2019-12-21T03:14:18.000Z,call center,prd1074,1576984458,1577070858,2019-12-22T03:14:18+00:00,2019-12-23T03:14:18+00:00,Restful Nights: Mexico City,Restful Nights,Mexico City,standard,1,1,0,1,108.84,108.84
e5e21ad8-53c8-11ea-b520-b88a60e194fb,LSC-TTHI,orderid:871522,crmid:4629990789,2019-12-20T22:34:01.000Z,kiosk,prd1017,1578004441,1578522841,2020-01-02T22:34:01+00:00,2020-01-08T22:34:01+00:00,Sapphire Suites: Fort Worth,Sapphire Suites,Fort Worth,luxury,1,1,0,6,209.0,1254.0
e5e2de0a-53c8-11ea-b010-b88a60e194fb,B8H-T80K,orderid:993716,crmid:6829803326,2020-02-13T06:18:47.000Z,kiosk,prd1185,1583561927,1584253127,2020-03-07T06:18:47+00:00,2020-03-15T06:18:47+00:00,Sapphire Suites: New Orleans,Sapphire Suites,New Orleans,standard,1,1,1,8,118.58,948.64
e5e3a140-53c8-11ea-b59b-b88a60e194fb,AT3-U7OG,orderid:429508,crmid:2752987725,2019-12-17T05:26:53.000Z,kiosk,prd1182,1577597213,1578029213,2019-12-29T05:26:53+00:00,2020-01-03T05:26:53+00:00,Restful Nights: Minneapolis,Restful Nights,Minneapolis,standard,1,1,4,5,151.08,755.4
e5e48bd0-53c8-11ea-b601-b88a60e194fb,UMO-OEWQ,orderid:622032,crmid:9799358821,2019-12-30T13:34:41.000Z,call center,prd1193,1579872881,1580218481,2020-01-24T13:34:41+00:00,2020-01-28T13:34:41+00:00,Grandeur Hotels: Kinshasa,Grandeur Hotels,Kinshasa,standard,1,1,0,4,138.08,552.32
e5e54eee-53c8-11ea-91f5-b88a60e194fb,YTS-TGH6,orderid:264285,crmid:1758840195,2019-12-15T01:29:12.000Z,call center,prd1095,1576459752,1576805352,2019-12-16T01:29:12+00:00,2019-12-20T01:29:12+00:00,Hospitality Inn: Casablanca,Hospitality Inn,Casablanca,premium,1,1,0,4,154.94,619.76
e5e61246-53c8-11ea-b2ae-b88a60e194fb,PLZ-2XVA,orderid:195620,crmid:8968405043,2020-01-05T18:32:59.000Z,call center,prd1076,1580236379,1580581979,2020-01-28T18:32:59+00:00,2020-02-01T18:32:59+00:00,Aspen Heights: Bogota,Aspen Heights,Bogota,standard,1,1,0,4,191.07,764.28
e5e6d590-53c8-11ea-a951-b88a60e194fb,J4W-RJVP,orderid:483284,crmid:6962870793,2020-01-13T15:23:16.000Z,mobile,prd1010,1579706596,1580311396,2020-01-22T15:23:16+00:00,2020-01-29T15:23:16+00:00,Blue Reef Resort: San Diego,Blue Reef Resort,San Diego,standard,1,1,3,7,128.37,898.59
e5e798f4-53c8-11ea-872f-b88a60e194fb,QO6-UVE8,orderid:206179,crmid:4392849571,2020-02-01T06:48:40.000Z,call center,prd1170,1582440520,1583477320,2020-02-23T06:48:40+00:00,2020-03-06T06:48:40+00:00,Restful Nights: Fresno,Restful Nights,Fresno,standard,1,1,0,12,194.34,2332.08
e5e881ee-53c8-11ea-9532-b88a60e194fb,ONW-U4X2,orderid:392311,crmid:6589684428,2020-02-12T06:31:56.000Z,website,prd1189,1581575516,1581834716,2020-02-13T06:31:56+00:00,2020-02-16T06:31:56+00:00,Admiralty Plaza: Bakersfield,Admiralty Plaza,Bakersfield,standard,1,1,0,3,88.52,265.56
e5e94692-53c8-11ea-a409-b88a60e194fb,JPP-3WMN,orderid:276613,crmid:4905050515,2019-12-05T03:07:06.000Z,mobile,prd1112,1575601626,1575774426,2019-12-06T03:07:06+00:00,2019-12-08T03:07:06+00:00,Aspen Heights: Birmingham,Aspen Heights,Birmingham,standard,1,1,0,2,80.44,160.88
e5ea09f4-53c8-11ea-a8a4-b88a60e194fb,2V3-ZD1H,orderid:324735,crmid:7789817537,2020-01-11T05:19:33.000Z,mobile,prd1173,1580879973,1581571173,2020-02-05T05:19:33+00:00,2020-02-13T05:19:33+00:00,Sapphire Suites: Kansas City,Sapphire Suites,Kansas City,presidential-suite,1,1,0,8,802.22,6417.76
e5eaa64c-53c8-11ea-af17-b88a60e194fb,IPK-GJ5I,orderid:902497,crmid:3856052204,2020-02-11T17:53:09.000Z,kiosk,prd1004,1583085189,1583776389,2020-03-01T17:53:09+00:00,2020-03-09T17:53:09+00:00,Aspen Heights: Boulder,Aspen Heights,Boulder,standard,1,1,0,8,150.4,1203.2
