crmid,email,first_name,last_name,gender,mobile telephone,city,country,zip,state,street address,birthday,historicalpoints
crmid:7169616111,chetan2042@gmail.com,Eldridge,Bryant,,107-278-5443,St. Charles,United States,64591,Alabama,145 Sedgewick,1985-08-19,2935
crmid:2271594554,capitalism2016@yandex.com,Bertram,Cochran,,592-080-0826,Mamaroneck,United States,91612,Ohio,291 Gladys,1986-03-02,1570
crmid:5329311440,goshawk1806@yahoo.com,Jeffery,Macias,male,217-413-0944,Bellaire,United States,85802,Illinois,80 Rebecca,1937-05-18,1159
crmid:2304931082,psychodynamic2049@yandex.com,Gregorio,Madden,,229-361-2297,Mount Clemens,United States,49514,New York,594 Hemlock,1993-08-18,1373
crmid:1856029362,deckie1813@yahoo.com,Adalberto,Martin,,437-247-4459,Mercer Island,United States,12567,California,648 Rossmoor,1989-03-11,2315
crmid:9805341736,apocalyptic2066@yahoo.com,Diego,Mccarthy,,071-446-3401,Reading,United States,41315,Vermont,337 Touchard,1991-11-05,2423
crmid:6977334522,adinole2003@yandex.com,Maisie,Jones,female,120-084-4664,Weslaco,United States,24803,New York,732 Eagle,1958-06-16,1696
crmid:3455698380,abiding1954@live.com,Alexander,Ayers,male,317-603-2441,North Olmsted,United States,70433,Delaware,754 Prado,1999-01-01,1671
crmid:9889652290,suppleness1891@outlook.com,Elanor,Reeves,female,212-603-7159,Culver City,United States,15121,Indiana,1328 Woodland,1952-03-24,1553
crmid:5067763055,kolhoz1980@outlook.com,Brad,Beach,male,404-601-9105,Richardson,United States,07075,Wyoming,393 Missouri,1941-01-02,686
crmid:2024992558,corvo1851@yandex.com,Harland,Perry,male,681-016-6790,Shaker Heights,United States,07636,Illinois,130 Kempton,1938-04-23,2029
crmid:7991081799,patter2047@outlook.com,Jamison,Perez,,784-529-5582,Havelock,United States,97332,Vermont,730 Woodhaven,1970-10-11,1325
crmid:8513943792,affiliate1879@outlook.com,Lazaro,Robbins,,649-091-6413,Hinsdale,United States,25370,Vermont,828 Rosemont,1972-05-19,806
crmid:4148366450,converses2068@gmail.com,Efren,Mccullough,male,791-236-4292,Tifton,United States,05010,Connecticut,610 Meade,1939-03-19,2451
crmid:2544881311,biologists1988@yahoo.com,Andre,Evans,,082-367-3008,Marana,United States,99282,Alaska,594 Jefferson,1986-05-30,1151
crmid:5738336030,shipwrightry1969@yandex.com,Mariel,Gaines,female,818-015-0028,Corpus Christi,United States,53633,Nevada,1198 Cyrus,1951-10-19,1890
crmid:3315399881,dogie2019@gmail.com,Celesta,Maldonado,female,484-474-1335,Suisun City,United States,82550,Nevada,959 State,1955-10-03,2814
crmid:4482914523,dicastic2069@outlook.com,Almeta,Sykes,female,238-982-1458,East Palo Alto,United States,07352,Mississippi,426 Ulloa,1957-01-28,2401
crmid:9512289931,aback1953@yahoo.com,Dell,Lara,female,330-974-3258,College Station,United States,85028,Oklahoma,115 Balceta,1949-02-17,1768
crmid:5395556279,bencher2007@outlook.com,Zachery,Burton,,844-998-8734,Northampton,United States,27561,Vermont,14 Perimeter,1999-05-05,304
crmid:3803860156,shortcut1867@yahoo.com,Garrett,Mcmillan,,915-318-2207,Pasadena,United States,52985,Missouri,269 Williar,1998-07-08,1454
crmid:7756165854,theek1949@live.com,Cortez,Dale,male,065-370-9872,Pueblo,United States,02324,Rhode Island,535 Windsor,1931-02-07,976
crmid:5044246178,asians2055@yandex.com,Allyn,Austin,female,941-228-8603,Northfield,United States,80194,Nevada,489 Crystal,1999-04-01,2098
crmid:7668790040,prolongating1988@outlook.com,Patrick,Davidson,male,090-599-3246,Castle Rock,United States,45973,Kentucky,522 Allison,1945-08-08,382
crmid:2231104680,brabblingly1940@yahoo.com,Stephen,Lowe,male,842-505-7355,Blaine,United States,57772,West Virginia,966 Drake,1939-09-18,565
crmid:3616122578,canescent1990@yahoo.com,Dewitt,Hickman,male,306-013-2150,Virginia Beach,United States,14285,Missouri,95 Lakeview,1942-03-14,2856
crmid:9024049474,carnell1972@gmail.com,Jackie,Harris,,399-175-1069,Shakopee,United States,85020,Michigan,1351 Moscow,1962-09-14,2777
crmid:6858969483,internetwork1821@gmail.com,Rogelio,Wells,,328-168-8812,Marana,United States,12946,Nevada,284 Beachmont,1986-03-28,2835
crmid:3700404941,coati1907@yahoo.com,Pamella,Tyler,female,183-827-5867,Parkland,United States,98887,Texas,429 Ware,1961-07-29,1904
crmid:3838998783,deaved1854@gmail.com,Tyron,Cleveland,,988-149-0514,Lenoir,United States,22116,Wisconsin,743 Cleo Rand,1982-04-10,1324
crmid:7111124013,ammar1980@live.com,Macie,Downs,female,478-127-2574,Christiansburg,United States,38356,Nebraska,560 De Boom,1947-06-08,2136
crmid:4765824835,poetess1863@gmail.com,Carlton,Patterson,male,661-007-7721,Cary,United States,00771,South Carolina,159 Clyde,1945-02-23,2813
crmid:7955930987,exterminatress2026@yahoo.com,Ralph,Walsh,,267-251-6844,Norwood,United States,93399,Idaho,481 Rockdale,1972-04-10,1610
crmid:1922078423,rugbeian2067@yandex.com,Scot,Clark,,213-312-6187,Smyrna,United States,56368,North Carolina,464 Emma,1968-11-05,2960
crmid:5411901231,oxides1899@gmail.com,Barton,Hudson,male,201-514-5956,Castle Rock,United States,08370,New Jersey,328 De Soto,1945-01-15,1571
crmid:4750094259,abstruseness1968@yandex.com,Alphonse,Hardy,male,317-981-8706,Belmont,United States,06713,Maine,385 Meacham,1937-01-13,787
crmid:4452514142,hoddens2031@live.com,Wilfredo,Poole,,362-302-6335,Snellville,United States,25970,New Hampshire,639 San Diego,1963-07-17,1371
crmid:8874406585,headsmen2004@gmail.com,Olin,Singleton,,209-518-4875,Parkland,United States,58238,Nevada,382 Birchwood,1965-06-11,1549
crmid:8780303020,aldus1991@live.com,Felton,Guzman,,118-132-5056,Minnetonka,United States,83738,Connecticut,843 Colin,1991-01-13,1085
crmid:6618837714,aiglet2064@live.com,Joan,Freeman,,912-010-9741,Kiryas Joel,United States,80638,North Dakota,514 Bonifacio,1978-07-03,1123
crmid:8947623531,chirre1862@yahoo.com,Ariel,Patrick,,787-516-1406,Rahway,United States,70968,Virginia,523 Avila,1992-02-01,2054
crmid:5665768282,crumpler1937@outlook.com,Quincy,Kinney,male,967-239-5736,Cedar Falls,United States,45664,Connecticut,187 San Jacinto,1945-08-16,1358
crmid:6225578634,esmond1990@yahoo.com,Grant,Roach,,910-476-2519,Nixa,United States,41022,Wyoming,645 Nibbi,1997-07-28,2269
crmid:9444075272,pseudonym1854@live.com,Hyman,Monroe,male,242-957-2580,Salina,United States,02931,Kansas,954 Elwood,1934-05-20,993
crmid:7508743742,assailants1923@yahoo.com,Emanuel,Fletcher,,698-628-2904,Nicholasville,United States,79667,Maine,1244 Marion,1997-06-22,960
crmid:6410460465,discount1978@gmail.com,Julian,Walton,male,753-393-5030,Beloit,United States,30855,Missouri,661 Halleck,1937-06-30,2847
crmid:6668186860,ringdoves1843@gmail.com,Mitsue,Summers,female,659-402-5126,Trotwood,United States,28898,Colorado,1363 Mary,1958-12-28,2882
crmid:1572104809,basiophthalmite1819@live.com,Linwood,Beach,male,671-554-2247,West Sacramento,United States,10791,Oklahoma,273 Wabash,1942-06-02,2517
crmid:8266139957,impulsively1882@yahoo.com,Jorge,Howell,,953-790-3486,Topeka,United States,82704,Virginia,1201 Ecker,1981-05-26,736
crmid:5042362555,computer1946@yandex.com,Major,David,,199-876-4549,Wenatchee,United States,92472,Idaho,1282 Miraloma,1965-05-14,1531
crmid:1314631863,addis1815@live.com,Frankie,Gallagher,,017-372-8943,Vancouver,United States,36343,New Hampshire,85 Avocet,1972-12-20,729
crmid:5092479203,pedocalcic1976@outlook.com,Rickey,Murray,,443-452-5891,Weston,United States,28349,Colorado,34 Merlin,1966-10-28,915
crmid:6116888481,auroras1823@yandex.com,Romeo,Wiggins,male,455-032-3900,West Covina,United States,70423,Illinois,1382 Santa Cruz,1939-12-16,403
crmid:3140514458,endable1967@yahoo.com,Arnulfo,Leblanc,,430-037-1608,Northglenn,United States,76640,Kentucky,593 Margrave,1999-06-22,2155
crmid:5857974094,affenpinscher1984@outlook.com,Kermit,Keith,,505-678-2444,Tigard,United States,85565,Colorado,374 Tiffany,1989-11-30,1936
crmid:8369347836,deeann1862@gmail.com,Ariel,Sherman,,043-763-6694,Olive Branch,United States,36900,Delaware,27 Miles,1970-08-21,2360
crmid:6417438129,peachen1998@gmail.com,Kathern,Swanson,female,720-358-0004,Douglas,United States,21323,Florida,768 Banneker,1955-05-28,2401
crmid:3689541021,incinerating1806@outlook.com,Sammy,Rollins,male,580-464-0624,Porterville,United States,65566,Arizona,563 Soule,1931-09-25,2810
crmid:3717534860,pika2034@gmail.com,Adrian,O'neal,,934-139-9370,Inver Grove Heights,United States,16659,Ohio,626 Balmy,1974-03-13,1551
crmid:2218674055,acrorhagus1812@gmail.com,Barney,Velasquez,male,531-669-1672,Augusta,United States,67787,Arkansas,49 Badger,1935-10-20,1866
crmid:6476369585,ewing1991@yahoo.com,Warren,Eaton,,399-176-9481,Maryville,United States,68057,Kentucky,767 Cassandra,1987-11-01,1666
crmid:1796228921,delage1989@outlook.com,Lauryn,Velez,female,635-379-7801,Dearborn Heights,United States,99863,Rhode Island,1210 Nob Hill,1953-05-29,789
crmid:5474008658,crabber1999@live.com,Rich,Hood,male,928-141-6798,Bossier City,United States,84014,Florida,314 Sternberg,1940-08-14,2994
crmid:8708632023,drizzly1800@yahoo.com,Saul,Carey,male,180-369-3578,Alameda,United States,53875,Florida,757 Borica,1930-09-05,1837
crmid:1707678682,myelopathy1847@outlook.com,Kenton,Britt,,148-374-6727,Inkster,United States,39185,Colorado,249 East Beach,1974-06-04,2351
crmid:4259063937,eland1975@yandex.com,Dustin,Byers,,866-669-2478,Grandview,United States,66782,Kentucky,256 Edna,1967-11-24,1378
crmid:1673397897,spiracular1884@live.com,Lauren,Walls,,933-319-1498,Ferguson,United States,19393,Tennessee,1326 Olympia,1962-03-19,1362
crmid:8178515148,charlene2037@yahoo.com,Tequila,Patterson,female,601-924-6161,Euless,United States,59554,New York,1210 Diamond Heights,1960-09-23,628
crmid:4064287051,relaces1930@gmail.com,Wyatt,Lane,,719-609-8224,Morgantown,United States,91365,Michigan,366 Hyde,1993-03-15,657
crmid:7822902541,epicontinental2046@gmail.com,Demarcus,Hays,,983-717-6441,Mission Viejo,United States,79611,West Virginia,986 Ashton,1991-12-21,954
crmid:8106803640,ajar1906@gmail.com,Merri,Whitehead,female,565-698-8335,Naples,United States,13982,Montana,1220 Marion,1995-03-18,2609
crmid:6635483014,comate1969@live.com,Ferdinand,Bradshaw,,091-020-8595,Plattsburgh,United States,73024,South Dakota,259 Martha,1976-07-03,1052
crmid:5220374529,calcinosis1945@outlook.com,Donald,Wall,,186-286-6482,Gillette,United States,66117,Texas,581 Thorne,1966-10-30,2444
crmid:9820048919,indulger2027@gmail.com,Darryl,Bright,,723-220-1074,Methuen,United States,66277,Kentucky,206 Cyril Magnin,1990-10-31,2105
crmid:3849410811,brags1819@yandex.com,Basil,Adams,,822-894-3911,Tampa,United States,95990,Idaho,727 Bass,1987-09-03,2199
crmid:5833276172,scriptures1868@outlook.com,Vince,O'neil,,303-378-8056,Prichard,United States,31597,Wyoming,461 D,1980-05-04,2724
crmid:6064940899,ulcuscle1809@yandex.com,Everette,Mcbride,male,278-007-0064,Auburn Hills,United States,75840,Tennessee,490 Havens,1934-12-07,2425
crmid:7408914526,pika1807@yandex.com,Fredrick,Roman,,666-005-6539,Mequon,United States,39875,Wyoming,1254 Chilton,1989-07-01,369
crmid:6805032470,intervallum2054@yandex.com,Loyd,Hunter,,090-230-8309,Macomb,United States,38317,Iowa,946 Avenue C,1985-06-05,1806
crmid:9898660946,cyborgs2015@outlook.com,Sachiko,Martin,female,403-935-7962,Chaska,United States,65936,Illinois,1333 Annie,1946-10-15,991
crmid:5731300944,timaliine1971@yahoo.com,Owen,Sanders,,871-118-2766,The Colony,United States,26073,Michigan,213 Blair,1964-05-21,1004
crmid:7164158128,stizolobium1897@outlook.com,Claudio,Woodward,,228-724-3292,Van Buren,United States,66225,South Dakota,1340 Toll Plaza Tunnel,1966-05-18,1748
crmid:7107624180,earles1993@yandex.com,Gregorio,Frye,,370-199-0384,Lino Lakes,United States,28303,Mississippi,492 Chain Of Lakes,1983-05-19,1295
crmid:8070837805,blamably2052@live.com,Antione,Bryant,,622-304-5856,Haltom City,United States,82708,Vermont,1010 Orchard,1969-05-03,2708
crmid:4960078657,agnomen1961@gmail.com,Leroy,Harper,,691-490-0495,Tamarac,United States,79323,Arizona,531 Lurline,1963-06-24,778
crmid:7761245465,carotid2013@outlook.com,Sheldon,Hutchinson,,024-585-0801,Ramsey,United States,68725,Wyoming,199 Post,1990-01-23,2829
crmid:7153258664,plummet1852@gmail.com,Orville,Small,,262-592-8419,Saratoga,United States,38149,Arizona,1210 Clarence,1974-02-06,1703
crmid:9227917722,drainage1810@yahoo.com,Clarence,Guthrie,,141-874-5053,Millbrae,United States,64832,South Dakota,675 Argent,1990-11-05,2003
crmid:2395168297,oxides1993@yandex.com,Branden,Allison,male,891-867-9041,West New York,United States,00358,Maryland,485 Dehon,1935-01-01,388
crmid:2993053114,yaird1848@gmail.com,Thad,Fields,,011-822-5232,Palm Springs,United States,57699,Missouri,570 Vesta,1999-07-23,1484
crmid:1152737189,levied1917@yahoo.com,Olen,Shannon,,874-638-8551,Garden City,United States,70884,Tennessee,435 Midcrest,1965-07-01,2452
crmid:8637057007,drainer1874@live.com,Diego,Wolf,,952-357-8824,Kearney,United States,61139,Hawaii,1140 Reservoir,1976-10-04,1618
crmid:1708613852,rhiptoglossa1818@yahoo.com,Torie,Todd,female,957-664-0655,Davie,United States,56409,North Carolina,1073 Lillian,1953-09-29,2840
crmid:3660816786,azoic1867@yandex.com,Rey,Solis,,396-104-2165,Salem,United States,31981,Alabama,28 Cutler,1981-01-06,908
crmid:3412424016,lemur2042@yahoo.com,Monty,Ellison,male,349-486-4374,Rome,United States,74284,Minnesota,937 Flood,1932-07-09,826
crmid:8666248976,corkey1977@outlook.com,Ralph,Reed,male,838-467-9407,Burlington,United States,45857,Delaware,890 Hays,1943-08-24,2349
crmid:9375213909,rumpus1947@yandex.com,Chris,Buckner,,079-966-0936,North Ridgeville,United States,85367,Delaware,592 Eutaw,1999-10-18,1731
crmid:6466780519,millistere1817@gmail.com,Chas,Prince,male,336-037-4978,Battle Ground,United States,08003,Mississippi,565 Bruce,1936-02-24,1964
crmid:8348104760,biteme1814@yandex.com,Logan,Blake,male,858-504-5580,Cartersville,United States,36736,Alaska,1183 Mesa,1944-06-03,2812
crmid:9697376628,chatelaine1900@yahoo.com,Howard,Casey,male,574-832-3306,Bentonville,United States,27646,Ohio,990 Southern Heights,1938-05-05,2182
crmid:1660252721,bullfrog2040@yandex.com,Hung,Evans,,539-347-8092,Rocklin,United States,36721,New Mexico,622 Vista View,1971-04-21,917
crmid:7638480544,clarin1905@live.com,China,Barber,female,819-547-4516,Roselle,United States,20369,Hawaii,1337 Dartmouth,1958-02-02,1148
crmid:2513660712,velocipeding1834@outlook.com,Margarito,Prince,,550-133-2855,Midland,United States,10387,Oregon,961 Broadmoor,1990-03-20,1409
crmid:3099238496,unripening1864@gmail.com,Efrain,Hanson,male,070-708-6305,Bonita Springs,United States,10310,West Virginia,146 Mandalay,1940-03-13,2003
crmid:5933025857,bobadil1811@gmail.com,Marcos,Curry,,908-112-3748,Long Branch,United States,38885,Rhode Island,434 Old Harford,1984-07-25,2608
crmid:2388127870,financiers1862@gmail.com,Federico,Simon,male,135-025-9390,Biddeford,United States,20911,Michigan,1344 Brant,1939-04-27,348
crmid:7546051084,filemaker1921@gmail.com,Gavin,Gregory,male,856-230-5827,Ballwin,United States,21588,Maryland,1129 Linda,1935-04-12,2184
crmid:1160105670,ustilaginaceous1992@live.com,Odell,Justice,,949-561-4623,Flint,United States,49443,Alaska,8 Santa Clara,1962-07-12,2934
crmid:9118859907,biker1963@yandex.com,Peter,Ryan,female,283-886-9160,Superior,United States,65167,Iowa,655 Balceta,1948-11-14,324
crmid:3993622881,vibrational1940@yandex.com,Randell,Brady,,218-990-3575,Laguna Hills,United States,29032,Maine,790 Clayton,1979-05-03,1478
crmid:8151571483,rauwolfia1867@yahoo.com,Norberto,Wagner,,585-913-5819,Mesa,United States,78342,Vermont,671 Cushman,1989-12-26,853
crmid:5035951863,allthing1981@yandex.com,Juan,Buck,,593-925-0202,Lynwood,United States,95336,Tennessee,728 Wagner,1985-09-12,779
crmid:8734161136,dove1824@yandex.com,Fritz,Hoffman,,631-873-2148,Rochester,United States,63127,Illinois,99 Acorn,1980-05-05,885
crmid:4160763442,amalie1979@outlook.com,Gayle,Brewer,,946-460-5020,Lenoir,United States,54904,South Dakota,1301 Radio,1982-09-03,2524
crmid:9152128903,pastorale2051@gmail.com,Sylvie,Ewing,female,949-823-6457,Parker,United States,51250,Illinois,255 Quintara,1996-04-16,2593
crmid:6859904364,dustman1932@live.com,Aaron,Shepherd,male,579-372-8978,Brunswick,United States,08425,Washington,1104 Otis,1942-01-27,1997
crmid:9598319891,agronomial1876@live.com,Eddie,Harper,,315-432-6390,Richfield,United States,71383,Louisiana,715 Dolphin,1984-03-23,1337
crmid:5888557251,corporeal1922@yandex.com,Bobbie,Jensen,,524-317-6079,Provo,United States,79086,New Jersey,492 Friendship,1973-02-06,1729
crmid:3601705463,copperleaf1843@yandex.com,Claudio,Palmer,male,171-095-2264,Norristown,United States,06301,Wisconsin,294 Russell,1998-01-04,1310
crmid:6259497509,executed2052@live.com,Jerrold,Huff,male,127-009-6829,Oklahoma City,United States,04669,Maine,96 San Fernando,1942-05-15,324
crmid:5961197234,madras1876@yahoo.com,Curt,Knight,male,288-767-9186,Apple Valley,United States,17956,Georgia,51 Kimball,1933-02-16,2822
crmid:5751046980,treacly1856@gmail.com,Bradford,Zamora,,049-730-5169,Hesperia,United States,17923,New Hampshire,172 Truett,1971-04-14,798
crmid:5345270974,yak1944@yandex.com,Pierre,James,,986-193-6842,Lincoln Park,United States,81664,Pennsylvania,375 Kezar,1983-06-06,632
crmid:6598525444,europeanization2060@yahoo.com,Vern,Christensen,male,524-571-8467,Azusa,United States,52552,New York,1338 Tennessee,1935-09-06,2272
crmid:2765837659,pyoses1936@outlook.com,Kraig,Flowers,male,612-989-9610,Woodbury,United States,97962,Oregon,1232 Collingwood,1999-12-03,1836
crmid:7045500706,viking1947@yahoo.com,Garrett,Hardy,,330-162-6872,Pampa,United States,44077,Missouri,1138 Kern,1993-12-15,603
crmid:1127319884,abdominal1988@gmail.com,Scot,Velazquez,,291-572-2484,Lake Forest,United States,75079,Hawaii,18 Nauman,1980-10-19,1458
crmid:3998013086,septs1991@live.com,Simon,Owen,,228-831-7276,Holyoke,United States,62543,Maine,821 Hawthorne,1972-11-02,2810
crmid:2092590778,dona1816@yandex.com,Maegan,Ratliff,female,657-572-0464,Clearwater,United States,39728,Tennessee,1172 Pacheco,1948-06-24,534
crmid:3638370074,fallacy2012@outlook.com,Kymberly,Bush,female,277-870-3727,Compton,United States,92542,Wyoming,418 Cuvier,1949-05-04,2150
crmid:2941362808,velocipeded2063@gmail.com,Wilfred,Hurley,,204-138-8431,Matthews,United States,12508,Delaware,71 Keystone,1988-03-27,850
crmid:9661206014,annelid2009@yandex.com,Pasquale,Fuller,,657-901-0050,Fort Walton Beach,United States,37384,Iowa,837 Hidalgo,1963-07-30,1115
crmid:1496884906,tabid1878@yandex.com,Palmer,Bradford,male,590-693-1706,Queen Creek,United States,00181,Pennsylvania,1366 Badger,1937-08-03,2896
crmid:1150356486,freemen2000@live.com,Michel,Richards,female,026-564-5687,Sarasota,United States,13753,Arizona,436 Fontinella,1947-12-12,1180
crmid:2197314365,developed1990@gmail.com,Lesley,Hines,,317-194-0490,Moorhead,United States,41455,New York,541 Cloud,1993-08-19,2527
crmid:2955889062,arleng1918@yahoo.com,Maximo,Hancock,,917-668-5224,Yakima,United States,63123,Maryland,528 Harding,1972-02-24,2555
crmid:6964642451,financiers1867@outlook.com,Tanner,Kemp,,195-415-2056,Grapevine,United States,32648,Texas,983 West Halleck,1967-05-24,957
crmid:2151207516,esparto1989@live.com,Lesley,Roman,,602-072-1855,Morganton,United States,65898,Illinois,811 Montezuma,1993-11-26,1227
crmid:9618345369,fulgurous1932@live.com,Sol,Berry,female,250-466-8675,Douglasville,United States,50464,Louisiana,62 Zircon,1955-10-16,575
crmid:9989960800,sgraffito1991@yahoo.com,Keith,Robles,,871-051-9395,Homer Glen,United States,48725,Mississippi,788 Swiss,1972-07-05,2158
crmid:7290232288,scorpion1930@gmail.com,Marinda,Morton,female,569-839-7929,Roseville,United States,63796,Maine,1385 Tennessee,1957-06-21,884
crmid:5470102050,ephemeron1989@outlook.com,Cheree,Burks,female,849-863-4878,Englewood,United States,05661,Maine,635 Manor,1959-02-04,2759
crmid:9105052567,nuzzles2070@yahoo.com,Terrell,Peck,male,963-931-1792,Bellwood,United States,59215,New Mexico,778 Krausgrill,1937-09-23,714
crmid:8659401158,planarian1993@gmail.com,Dillon,Conrad,,572-306-3109,Spring Valley,United States,35103,Oregon,662 Gilman,1980-01-17,1388
crmid:4164730841,benjie1823@live.com,Jefferson,Garcia,,762-032-1358,Pawtucket,United States,89013,Connecticut,871 Belcher,1969-01-16,1987
crmid:1146252369,racker1876@live.com,Melynda,Mcgee,female,148-965-7257,Watauga,United States,15414,Maryland,197 Santa Ana,1947-06-19,1676
crmid:7609414146,derivedness1806@live.com,Hollis,Acevedo,,829-211-3479,Tucson,United States,77092,New Mexico,26 San Anselmo,1975-07-03,2616
crmid:2222307917,speisscobalt1822@yahoo.com,Leonila,Hall,female,675-173-6432,Fairfield,United States,38484,Missouri,1134 Crestwell,1961-05-12,1793
crmid:3206082374,blockader1800@yahoo.com,Calvin,Baker,,057-679-7284,Marietta,United States,06603,Alabama,155 Mark,1987-01-17,2120
crmid:7340852051,cigua1937@outlook.com,Lahoma,Mcbride,female,644-411-1182,Dumont,United States,28626,New York,721 Rosa Parks,1956-05-19,971
crmid:3633009148,welcome2003@live.com,Sparkle,Dennis,female,754-766-6983,Tallmadge,United States,25624,Minnesota,890 Paradise,1959-11-19,2829
crmid:4313000527,enunciators1989@gmail.com,Kenneth,Mcdowell,,144-877-0920,Hollywood,United States,14382,Virginia,984 Ellington,1972-02-27,2649
crmid:7206094279,caterpillar1802@outlook.com,Alfonso,Reese,male,536-251-6723,Bay City,United States,05044,North Dakota,775 Knockash,1936-01-24,2396
crmid:8537296016,drane1804@gmail.com,Byron,Wilkins,,999-314-6207,Park Ridge,United States,28700,Alabama,251 Bowman,1966-06-27,1128
crmid:1417625359,doodlebug1808@yahoo.com,Adalberto,Sears,,970-102-6281,McMinnville,United States,73081,Mississippi,447 East,1988-12-06,2567
crmid:8177797490,paperweight1897@yahoo.com,Santo,Bernard,male,349-536-4200,Van Buren,United States,00701,Oklahoma,1058 Hillside,1933-09-03,2702
crmid:7577487189,eyeball1886@yahoo.com,Aubrey,Bird,male,173-373-9380,Nacogdoches,United States,70211,Vermont,558 Oliver,1995-12-01,1941
crmid:8550232022,canescent1911@outlook.com,Thaddeus,Black,,764-888-5802,Laguna Niguel,United States,83165,South Carolina,456 Golf Course,1979-06-23,890
crmid:9301737532,exceptionalness1920@gmail.com,Jazmine,Walters,female,727-321-1664,Yorkville,United States,29624,Virginia,749 Peralta,1955-04-30,1745
crmid:6187738652,progression2059@yahoo.com,Hobert,Armstrong,,082-548-4427,Lufkin,United States,41760,West Virginia,124 Tampa,1985-07-24,1882
crmid:1673962521,acronymized1927@yahoo.com,Carter,Rowe,,513-299-4488,Pottstown,United States,95247,Hawaii,1130 Holloway,1990-09-09,1417
crmid:7054460107,saltboxes2041@yandex.com,Cesar,Montoya,,144-836-4596,Stephenville,United States,55919,South Carolina,535 Fountain,1998-05-19,1560
crmid:3072341316,histotrophic2028@yahoo.com,Freddie,Sloan,male,717-442-7067,Richfield,United States,02347,Connecticut,1367 Girard,1939-04-27,2795
crmid:1194335317,overdignifiedly1931@gmail.com,Terrell,Parker,,779-947-5302,Gladstone,United States,11661,West Virginia,1364 Idora,1966-04-28,2180
crmid:8625376974,beagle1967@yahoo.com,Ellsworth,Rogers,male,498-783-7503,Cedar Falls,United States,18034,Vermont,104 Olympia,1945-03-25,403
crmid:2168796899,bowyer1895@yandex.com,Thad,Salinas,,614-328-8884,Northglenn,United States,95699,Ohio,1354 Hauser,1999-07-17,765
crmid:8515970620,arcanist1912@outlook.com,Madison,Nieves,female,076-450-9989,Coppell,United States,36859,Iowa,743 Bernal Heights,1950-06-21,1864
crmid:2020134487,anabel2062@yandex.com,Sebastian,Shannon,,170-020-5720,Haltom City,United States,48952,Missouri,1240 The Block,1969-07-26,1060
crmid:6865878270,emblem1901@live.com,Sherilyn,Meadows,female,986-790-0495,Conway,United States,44198,Texas,24 Homer,1950-08-20,1645
crmid:5465991963,ternatisect1839@yahoo.com,Sana,Mcclure,female,585-675-0607,Selma,United States,24602,Indiana,567 Sunnydale,1960-08-19,2605
crmid:2208323071,benzole1875@yandex.com,Gonzalo,Burns,,050-002-7994,Monterey Park,United States,95211,Arizona,283 Sumner,1992-04-18,1246
crmid:3803405139,albanians1876@live.com,Dave,Rivera,male,134-515-8288,Abilene,United States,14113,New York,652 Wetmore,1930-03-25,2185
crmid:8169979806,gingeleys2033@yandex.com,Shila,Booker,female,415-857-1949,North Platte,United States,91925,South Dakota,29 Saint Marys,1999-03-16,1785
crmid:7922424914,thwartship1818@yandex.com,Hipolito,Johnston,male,752-425-3314,Bridgeport,United States,21075,Kansas,893 Joy,1941-05-15,2849
crmid:2225924163,bopeep1995@yandex.com,Lesley,Burt,,052-217-7528,Panama City,United States,68714,Delaware,833 Fairmount,1973-03-15,2391
crmid:7044571063,calamite1859@outlook.com,Merrill,Nolan,female,132-527-1227,Clearfield,United States,35113,Kansas,1203 Mariner,1948-06-22,2888
crmid:6826467817,denominate1939@gmail.com,Bradford,Finch,,254-393-3266,Mandan,United States,34277,Washington,998 Peek,1986-06-06,2492
crmid:9223796247,chinamen2063@gmail.com,Ariel,Conway,male,620-681-3025,Augusta,United States,99125,Utah,194 Jack Kerouac,1935-01-07,301
crmid:2896759355,wipers2064@live.com,Grayce,Patton,female,107-484-8636,Champlin,United States,71747,Minnesota,772 Commer,1946-12-22,2501
crmid:3786102184,duck1800@live.com,Nicol,Patton,female,927-304-9016,Draper,United States,76797,Colorado,1032 Globe,1955-12-13,2644
crmid:6798577363,songwriter1800@yahoo.com,Douglas,Griffith,,454-122-7948,Lincoln,United States,85518,Massachusetts,3 Helen,1982-03-18,2767
crmid:5612635363,excalibur2067@outlook.com,Alton,Fletcher,male,525-098-9089,Alamo,United States,86297,Washington,143 Trinity,1930-10-01,1728
crmid:9396317447,cuirassed1860@yahoo.com,Wilbur,Roberson,,475-629-2620,Huntington Beach,United States,84872,Delaware,913 Federal,1974-08-15,337
crmid:5590050646,demised2066@live.com,Joseph,Sanchez,,732-393-4840,Morganton,United States,14939,Florida,1018 Touchard,1993-02-25,417
crmid:1579628936,endotropic1977@outlook.com,Rick,Nicholson,,375-552-4591,Herndon,United States,02497,Delaware,801 Metson,1971-01-10,590
crmid:3887966128,cagatay1806@yandex.com,Omega,Faulkner,female,169-617-1648,Chowchilla,United States,31937,South Dakota,694 Costa,1947-07-09,788
crmid:6570397315,unstoicize1812@outlook.com,Rudy,Dillard,,221-814-1373,Massapequa Park,United States,55814,Rhode Island,761 Athens,1988-09-11,2056
crmid:6715370635,unpinched1854@yahoo.com,Laurence,Downs,,128-812-0804,Sylvania,United States,77292,New Hampshire,224 Cleo Rand,1980-06-09,1331
crmid:6336485272,subantarctic1836@live.com,Pedro,Bond,,155-993-6227,Florence,United States,55247,New Jersey,146 Vega,1962-09-28,1248
crmid:7474614672,sailmaker1951@yandex.com,Forest,Salinas,male,537-007-1408,Muskogee,United States,07825,Massachusetts,591 Whitecliff,1994-02-07,1914
crmid:1923761836,unsanitation1801@yahoo.com,Tad,Jarvis,,197-040-1068,Slidell,United States,34852,Oregon,1280 Adolph Sutro,1968-03-16,479
crmid:1460079970,agent2006@yahoo.com,Palmer,Herman,,716-530-4855,Golden Valley,United States,92994,Montana,827 Illinois,1966-10-07,1103
crmid:2492447784,chrystal1954@gmail.com,Mary,Hopkins,,722-353-5624,Menasha,United States,40423,Maine,563 Old Mason,1989-08-01,2680
crmid:7353256991,cornmuse1924@live.com,Dorethea,Fields,female,300-817-9570,Norwalk,United States,22023,Alabama,156 Bitting,1999-04-05,2404
crmid:6892256601,augends1804@yahoo.com,Clint,Byrd,male,061-126-1999,Bellevue,United States,13507,Maryland,219 Upton,1937-02-05,2566
crmid:3723328805,enrica1811@outlook.com,Rob,Guthrie,male,606-699-9017,Andover,United States,49131,Florida,69 Molimo,1932-08-12,2239
crmid:1706280480,seduced1993@gmail.com,Brittny,Bray,female,612-098-7504,Stockton,United States,10730,South Carolina,1328 Comerford,1955-01-04,572
crmid:5878164081,pitahauerat2068@live.com,Darron,Grant,male,275-415-6561,Newark,United States,91485,Rhode Island,1113 Julian,1997-02-05,823
crmid:4862149077,coner1924@gmail.com,Jamie,Mccarty,,107-177-3496,Utica,United States,31215,Tennessee,919 Heyman,1973-02-05,1398
crmid:9960559148,transplantar2047@yandex.com,Tatum,Campos,female,112-006-0384,Faribault,United States,41543,Utah,105 Heron,1961-08-05,1097
