crmid,email,first_name,last_name,gender,mobile telephone,city,country,zip,state,street address,birthday,historicalpoints
crmid:3976764351,enkidu1825@gmail.com,Jerica,Holland,female,127-312-4950,El Cerrito,United States,82718,Oregon,473 Earl,1958-11-08,1212
crmid:3281461744,bleaching1997@outlook.com,Marcelino,Sykes,,542-005-0918,Valparaiso,United States,33884,Pennsylvania,1001 Stow Lake,1980-01-12,2018
crmid:8372412769,segment1888@live.com,Retta,Massey,female,744-735-1976,Council Bluffs,United States,65990,Nevada,771 Pueblo,1951-11-14,2838
crmid:6388011489,abstain1956@yandex.com,Bennie,Koch,,398-366-1434,Fountain Valley,United States,98150,New York,177 Crestline,1963-11-27,2046
crmid:7548400008,amalgamation2015@live.com,Santo,Serrano,,157-550-4299,Spanish Fork,United States,36158,Alabama,399 Public,1979-07-20,2869
crmid:9781329279,detours1849@live.com,Hiram,England,,234-506-4642,Green,United States,85021,Hawaii,580 Hearst,1968-01-19,1114
crmid:4555338612,exophoria1903@outlook.com,Johnathan,Nash,male,911-325-0870,Wisconsin Rapids,United States,06626,Oregon,287 De Wolf,1940-05-21,1091
crmid:4705683313,cabinda1988@yahoo.com,Jasper,Taylor,,607-686-8540,Williamsport,United States,23827,Oregon,275 Navajo,1964-02-12,2820
crmid:2553581702,elastica2036@yandex.com,Michel,Baldwin,female,590-804-5110,Waxahachie,United States,19051,Vermont,13 Shafter,1946-06-01,1771
crmid:4995316422,paves1986@outlook.com,Miesha,Roberson,female,980-143-6392,Crystal Lake,United States,37461,Kansas,15 Burke,1952-06-25,2014
crmid:6591698222,acanth2059@outlook.com,Apolonia,O'donnell,female,022-578-0104,Watauga,United States,82868,North Carolina,150 Winfield,1959-01-22,2504
crmid:3813207228,lallans2047@yahoo.com,Chang,Ramsey,male,538-400-2502,Alton,United States,08310,Mississippi,613 Dutton,1931-02-24,2869
crmid:8935008345,belich1937@outlook.com,Jeanice,Booker,female,748-546-5300,North Augusta,United States,17056,Wyoming,612 Jennifer,1998-04-20,2574
crmid:8933060643,coagulate1987@yahoo.com,Cletus,Clemons,,949-759-9896,Liberty,United States,05612,Mississippi,1062 Pinar,1982-01-03,2766
crmid:8007766214,orache1882@yahoo.com,Reginald,Mcclure,,642-522-7035,Lynwood,United States,15462,Hawaii,1362 Quartz,1985-04-10,1236
crmid:5478032412,stooter2003@outlook.com,Normand,Mullen,,099-024-3440,Geneva,United States,97166,Hawaii,1158 Paradise,1965-11-25,1427
crmid:3650070313,jeopardise1905@yandex.com,Lakeesha,Lee,female,326-713-1125,Collierville,United States,26123,Iowa,781 Florentine,1949-05-17,913
crmid:3274686443,edenize1923@yahoo.com,Mathew,Marquez,,238-019-9063,Mansfield,United States,24785,Arkansas,29 Heron,1986-04-25,1415
crmid:8683771045,unstupid1939@gmail.com,Sydney,Wolfe,male,322-763-9058,San Fernando,United States,05079,Oregon,585 Josiah,1932-11-17,2340
crmid:7581922572,bashalick1974@yahoo.com,Robert,Briggs,,845-979-4251,Morgan Hill,United States,52480,Utah,862 Medical Center,1993-09-24,873
crmid:9144210828,sarcoplastic1931@outlook.com,Kermit,English,,977-079-1275,St. Matthews,United States,45367,Kentucky,1088 Orben,1991-10-14,2680
crmid:6604381476,dislimns2007@live.com,Abel,Hines,male,295-157-9377,Avon Lake,United States,09792,Oklahoma,666 Turner,1935-01-14,2389
crmid:9135917589,cense1864@outlook.com,Gregorio,Nielsen,male,606-883-1490,Bakersfield,United States,88967,Washington,987 Cresta Vista,1935-04-21,431
crmid:5038486226,closterium1808@gmail.com,Isidro,Santana,male,278-737-7002,Winter Haven,United States,17090,Louisiana,1193 Trenton,1943-05-26,384
crmid:4935188895,apron1922@yandex.com,Seema,Hall,female,179-753-7167,Selma,United States,17366,Kansas,447 Colon,1946-10-25,330
crmid:7170298093,duress1813@live.com,Kelley,Bean,,167-357-9223,Fredericksburg,United States,82394,West Virginia,77 Auburn,1964-06-10,341
crmid:2308521043,dulosis2034@yandex.com,Lee,Cote,,692-239-9805,Whitehall,United States,35317,South Carolina,784 Samoset,1979-08-18,2223
crmid:2547726228,aromatised1809@yandex.com,Dorine,Chang,female,438-239-9595,Edmonds,United States,61304,Massachusetts,1098 Parkhurst,1958-12-05,2674
crmid:9536050031,reinvent2040@yahoo.com,Robin,Morse,,160-100-2636,Minot,United States,52437,Massachusetts,1238 Francisco,1991-10-02,361
crmid:2205192558,misnomer1817@gmail.com,Freddy,Hutchinson,,726-728-9432,Paragould,United States,24892,Arizona,71 San Jacinto,1967-01-14,1422
crmid:8439168337,uncool1880@yahoo.com,Eric,Donaldson,male,930-816-9279,New Iberia,United States,81820,Wisconsin,787 Detroit,1996-02-29,2346
crmid:4976955466,papulation1863@yahoo.com,Cedrick,Barker,,659-022-1787,Frankfort,United States,86070,Mississippi,370 Craig,1963-01-23,2535
crmid:1133558033,colon1815@live.com,Emanuel,O'neill,,170-974-1700,Maryland Heights,United States,55701,New Mexico,64 Church,1987-09-26,1607
crmid:5261610941,zebra1955@outlook.com,Leonila,Paul,female,025-315-7301,Douglasville,United States,53672,Alaska,397 Guerrero,1955-10-27,1749
crmid:3013438572,borgh1945@yandex.com,Colby,Rosa,,075-244-6676,Madison,United States,62411,Maine,162 Calhoun,1985-12-17,381
crmid:8504488137,unhelved2002@yahoo.com,Kizzy,Mcintosh,female,050-812-9727,Texas City,United States,77253,Montana,825 Arthur,1959-05-19,1107
crmid:1207656361,nonderogation1917@live.com,Kassie,Leon,female,498-454-0107,Soledad,United States,15977,Iowa,972 Vista Verde,1952-05-17,794
crmid:8180214712,ackey1974@live.com,Gayle,Gentry,,665-387-1859,Midland,United States,27492,Nebraska,698 Balmy,1990-04-27,442
crmid:7650712811,mischieve1878@gmail.com,Jules,Weaver,,420-984-5291,Webster Groves,United States,53139,South Dakota,218 Bercut Access,1997-12-11,2525
crmid:9875298612,epigrammatic1828@gmail.com,Jae,Sweet,,273-177-2426,Urbandale,United States,21200,California,122 Jarboe,1963-04-04,2574
crmid:5368886529,undistrustfulness1855@gmail.com,Dorian,Little,,157-109-4247,Huntsville,United States,57115,Wisconsin,207 Cohen,1974-10-10,2459
crmid:1756639197,kilograin1813@yandex.com,Hans,Bradford,male,894-976-6180,Oxnard,United States,66289,Hawaii,297 Augusta,1930-04-03,951
crmid:1160994551,proattendance2018@yandex.com,Sean,Sheppard,male,248-607-1124,Buffalo,United States,85586,California,394 Ramsel,1942-11-19,2789
crmid:9919744144,aiding1861@yahoo.com,Hershel,Combs,male,132-011-4332,Washington,United States,90173,Rhode Island,316 Cornwall,1931-05-06,1415
crmid:7246541488,concretization2044@yahoo.com,Clyde,Webb,male,071-393-9182,Arcadia,United States,13865,Nevada,29 Clarion,1933-02-11,663
crmid:3950780067,ustilaginaceous1857@yandex.com,Rueben,Wallace,male,670-953-8364,Allentown,United States,89656,North Carolina,871 Burgoyne,1931-08-30,2564
crmid:5818121091,finnmarks1935@gmail.com,Kallie,Berg,female,216-951-1123,Wentzville,United States,67200,Kansas,52 Garfield,1958-04-03,852
crmid:3816411948,gallican2017@outlook.com,Cruz,Paul,,772-197-5948,Mankato,United States,19159,Maine,57 Hallam,1986-02-07,2010
crmid:8272248180,trichogrammatidae1963@outlook.com,Mickey,Witt,male,996-812-7580,Centennial,United States,47766,Louisiana,1118 Antonio,1945-07-31,798
crmid:9328914293,average1846@yandex.com,Blake,Albert,,016-159-3030,Glen Cove,United States,04077,South Dakota,192 Ccsf Parking Lot,1966-01-14,2865
crmid:6256891206,emperors1808@gmail.com,Karisa,Bradshaw,female,749-969-2112,Farmington,United States,80203,Utah,78 Sfgh Access,1961-04-03,521
crmid:1587615925,censored1888@live.com,Lindsey,Warren,,995-652-8208,Temple Terrace,United States,59223,New York,1228 Esmeralda,1965-05-29,2393
crmid:9100679461,elephas2004@yandex.com,Rigoberto,Mcfadden,,064-159-8909,McHenry,United States,86256,Utah,776 Bucareli,1988-03-21,1342
crmid:6069304607,toppingly1820@gmail.com,Ali,Rutledge,,422-315-0288,Fitchburg,United States,95937,Connecticut,81 China Basin,1962-10-28,860
crmid:1455035503,embittered1963@yahoo.com,Patricia,Clemons,male,530-700-5245,West Chicago,United States,80127,Montana,1198 Carnelian,1940-08-06,2933
crmid:2292221934,curate1813@outlook.com,Armand,Farley,male,174-589-2849,Broken Arrow,United States,06914,Vermont,1075 Standish,1941-01-09,2636
crmid:7115237612,donkey1988@yahoo.com,Zack,Delgado,,869-519-8992,Roanoke Rapids,United States,32456,Maryland,1169 Emerald Cove,1978-05-15,2897
crmid:8158180535,impious1937@yandex.com,Frank,Rojas,male,402-295-7086,Beloit,United States,22240,Kansas,433 Sunbeam,1937-04-25,2567
crmid:8238350630,bombyx1891@yandex.com,Denis,Byrd,,762-299-1127,Suisun City,United States,68585,Rhode Island,1298 Rondel,1995-10-31,2594
crmid:5611609738,cames1920@gmail.com,Osvaldo,Pennington,male,379-105-7651,Billings,United States,56783,Vermont,183 Mabel,1939-10-15,625
crmid:4187284384,cutlass1953@live.com,Bud,Hayes,,667-012-3927,Gretna,United States,06908,New York,615 Windsor Mill,1968-01-21,2490
crmid:2794298850,poephaga1856@live.com,Shelton,Edwards,,165-723-0838,Smyrna,United States,30547,Wyoming,513 Colin P Kelly Jr,1975-03-03,1511
crmid:5943691534,uninvigoratively1927@yahoo.com,Ralph,Morrison,male,823-188-9718,Binghamton,United States,48288,Illinois,509 Mount Vernon,1939-08-21,2974
crmid:5299067476,otter1938@outlook.com,Roger,Powers,male,380-576-7940,Southaven,United States,94956,South Carolina,1015 Jewett,1943-08-24,2734
crmid:1038990326,sailmaker1960@live.com,Kirk,Barnes,male,614-743-1472,Brownsville,United States,80373,Texas,833 Ellert,1942-06-02,1375
crmid:1379538009,tiger2069@outlook.com,Rafael,Head,male,982-830-8122,Philadelphia,United States,74559,Kansas,738 Joy,1939-08-13,2432
crmid:6717446733,debatement2000@live.com,Kattie,Duke,female,708-659-8152,Dalton,United States,92063,Montana,1309 Timothy Pflueger,1952-05-08,1971
crmid:1791280274,telepathically1883@outlook.com,Wally,Coffey,male,709-192-8740,Bainbridge Island,United States,68157,Hawaii,1219 Shakespeare,1935-11-28,1791
crmid:1105049226,bopeep2042@yahoo.com,Jarred,Jefferson,,700-626-8209,Whittier,United States,95542,Maine,690 San Jose,1982-10-26,603
crmid:5579683716,embittered1922@yahoo.com,Wally,Perry,male,667-780-6960,Anniston,United States,53820,Nebraska,1058 Woodland,1933-10-23,1021
crmid:6504278611,zappiest1967@outlook.com,Myron,Farrell,male,996-541-6079,Alamogordo,United States,45399,Texas,681 Sumner,1930-07-09,2353
crmid:4345666906,chinaberry1926@live.com,Antoine,Bartlett,,199-868-3680,Gahanna,United States,46604,Oklahoma,26 Hobart,1964-08-01,1779
crmid:6724779352,dulosis1943@live.com,Phil,Kramer,male,555-425-5431,Baldwin Park,United States,44255,Rhode Island,890 Knollview,1935-08-17,2824
crmid:6680628867,acute1953@outlook.com,Paulita,Small,female,449-398-9269,St. Louis,United States,28852,New York,850 Pelican Cove,1955-07-27,2977
crmid:1346641429,befoam1905@live.com,Cris,Floyd,female,499-141-5473,Tahlequah,United States,27243,Tennessee,226 Diamond,1956-10-25,1854
crmid:3489884408,arpita1890@yahoo.com,Von,Humphrey,,935-577-4503,Wheaton,United States,47727,New Hampshire,1227 Hopkins,1983-11-24,654
crmid:9368957159,dispraiser1996@yandex.com,Jerry,Stephenson,male,022-292-8459,Plymouth,United States,18228,Missouri,117 Avon,1943-10-26,2080
crmid:4717777651,poule1860@yahoo.com,Linwood,Vega,male,254-897-8708,Solon,United States,63865,North Dakota,1241 Vista Verde,1937-06-29,869
crmid:4989376313,chromomere2040@outlook.com,Dudley,Bradford,,912-897-9135,Gahanna,United States,61389,Hawaii,1151 Catalina,1964-11-22,1143
crmid:8554022628,encomic1903@outlook.com,Teodoro,Osborne,,159-062-5587,West Lafayette,United States,58355,Oklahoma,415 Battery Safford,1967-06-02,574
crmid:7203669258,spasmodically1950@outlook.com,Collin,Fleming,,427-858-5126,Moore,United States,37298,West Virginia,747 Roemer,1992-06-17,1826
crmid:7565855976,eyetooth2029@yahoo.com,Vince,Gonzales,male,482-976-3859,Naples,United States,67528,New Hampshire,741 Serrano,1995-11-17,734
crmid:9306638425,isopoda1873@gmail.com,Elliot,Noel,male,200-579-9736,Trussville,United States,01012,Arizona,166 Van Ness,1934-03-22,1579
crmid:4245130960,alshain1974@outlook.com,Carson,Serrano,,238-144-5936,Rancho Palos Verdes,United States,62098,Tennessee,1325 Megan,1990-05-20,2319
crmid:6344905007,aurevoir1969@yahoo.com,Rusty,Anthony,,647-869-2315,Macon,United States,82427,Michigan,874 Rosie Lee,1985-02-08,2717
crmid:4550725559,spent1811@outlook.com,Alvaro,Swanson,,969-650-9693,Moline,United States,52058,Mississippi,1193 Arlington,1992-09-03,395
crmid:7463426553,enteron1825@yandex.com,Lyndia,Williamson,female,939-478-6552,Denton,United States,39719,Virginia,645 Berkeley,1954-06-25,1728
crmid:8530962328,counterclaims1883@outlook.com,Xochitl,Booker,female,327-437-5227,Warwick,United States,15568,Minnesota,952 India,1949-10-18,2814
crmid:2462253789,unstaled2057@yahoo.com,Digna,Bonner,female,127-968-5564,Cleveland,United States,91251,Louisiana,218 Wisconsin,1948-10-05,1879
crmid:8121260334,indignity1834@live.com,Randolph,Shields,male,172-887-3438,Skokie,United States,08504,Pennsylvania,1281 Larkin,1940-08-27,332
crmid:4786555175,chrysops2018@live.com,Willian,Ellison,,821-509-8598,Moscow,United States,97267,Kentucky,1342 San Diego,1993-02-25,2450
crmid:3126579554,thrilling1846@live.com,Olimpia,Pollard,female,927-274-3458,Chester,United States,36460,Indiana,200 Myrtle,1946-07-23,1084
crmid:4640798362,nonrefutation1839@yahoo.com,Lawrence,Robertson,male,861-295-9262,Nicholasville,United States,53939,California,533 Moulton,1997-10-01,632
crmid:5828436207,calumny1885@live.com,Columbus,Lawson,male,269-629-8485,Amarillo,United States,75965,Massachusetts,1293 Egbert,1932-02-17,1067
crmid:6103143742,ozonic1839@outlook.com,Norah,Henry,female,064-126-2654,Newport News,United States,73728,South Carolina,1045 Bay View,1997-03-13,1685
crmid:6118125210,bradley1912@yandex.com,Dominic,Mitchell,male,965-056-5840,Cathedral City,United States,69617,Iowa,1274 Wilde,1945-11-23,1778
crmid:3499655055,crane2059@yahoo.com,Chung,Moran,male,162-624-5300,Burlingame,United States,03654,Indiana,675 Langdon,1943-02-21,458
crmid:1727184727,foreshoulder1866@yahoo.com,Drew,Moon,female,778-993-6747,Elmira,United States,19672,Oklahoma,503 Hill,1959-03-20,2090
crmid:5626613972,carpool1996@outlook.com,Cleo,Gill,,213-023-9222,Jonesboro,United States,03833,Colorado,272 Jersey,1976-01-05,1431
crmid:9613620627,businesswoman1912@yahoo.com,Doloris,Robles,female,918-365-8696,Salisbury,United States,26788,Delaware,272 Doric,1956-12-05,2475
crmid:1784395191,immun2004@live.com,Everett,Wheeler,male,528-976-7279,Brookings,United States,69489,Montana,1211 Spear,1942-12-07,2947
crmid:6563201148,costarred1877@gmail.com,Quinn,Woodard,,798-247-5856,Kirksville,United States,01499,West Virginia,312 Vandewater,1978-02-18,2838
crmid:1967557361,velocipeded1816@outlook.com,Cliff,Stout,,348-109-8450,McHenry,United States,81280,Arkansas,919 Oak Hills,1988-11-06,327
crmid:8364690832,chromomere1949@gmail.com,Joesph,Hopper,,003-714-6403,Sun Prairie,United States,45372,Tennessee,285 Blandy,1993-08-17,1551
crmid:3639675765,quartern1962@live.com,Catrice,Mcgee,female,576-030-5423,Colleyville,United States,04357,Tennessee,1136 Blair,1949-02-19,1598
crmid:3616435210,phlegmier1823@live.com,Val,Reese,,673-265-0726,Harlingen,United States,17657,Mississippi,817 Bellair,1969-03-24,801
crmid:3355820103,citral1962@yandex.com,Mack,Trujillo,male,432-296-7800,Allen Park,United States,32729,North Carolina,444 Jerrold,1931-07-29,1250
crmid:3772561346,overdignifiedly1803@outlook.com,Boyd,Alvarez,male,299-123-0487,Carson,United States,80502,Maine,509 Costa,1944-01-01,589
crmid:4995735019,pteridium2045@outlook.com,Bernard,Elliott,,072-172-0652,Kalispell,United States,56623,Maryland,1121 Aztec,1976-09-14,1099
crmid:3437632688,arachnoid1914@yandex.com,Gaston,Miles,,697-657-9048,Hollywood,United States,76947,South Carolina,1064 Culebra,1972-12-22,2592
crmid:4053728928,binette2052@outlook.com,Dylan,Owen,,569-577-1059,Providence,United States,88264,Hawaii,1049 Third,1981-05-30,1361
crmid:1280578409,alchimy1865@live.com,Edward,Farrell,,784-820-6792,Hazleton,United States,20816,Massachusetts,189 Crestwell,1970-04-27,2397
crmid:4362770750,shapiest1890@live.com,Rey,Humphrey,male,968-866-4314,Beverly,United States,47575,Idaho,1262 Weatherly,1939-08-15,1518
crmid:5442561175,shortcut1866@yahoo.com,Coralee,Nichols,female,962-365-1050,Champlin,United States,76360,Arkansas,1343 Lathrop,1946-12-04,2472
crmid:1704857067,tiffany1853@gmail.com,Asa,O'neil,,649-095-3317,Hollywood,United States,54760,Ohio,554 Clarkson,1972-09-18,1910
crmid:5849544362,subopercle1862@yahoo.com,Greg,Soto,,087-290-1308,Frederick,United States,10989,Washington,469 Cotter,1964-04-17,2840
crmid:9099497799,towers1933@live.com,Eric,Jordan,female,007-388-9461,Fairfax,United States,14358,Idaho,785 Mclaren,1961-03-16,1367
crmid:5814177253,murras2019@outlook.com,Len,Talley,male,461-738-2937,Bellflower,United States,35722,Maryland,763 Collingwood,1937-06-28,1646
crmid:2402836642,huashi1874@outlook.com,Chauncey,Briggs,,611-788-8490,Mercer Island,United States,04908,South Dakota,697 Diaz,1989-01-22,1443
crmid:1359356866,jujube1805@yandex.com,Vincent,Bullock,male,944-162-6468,San Juan,United States,11513,Nevada,127 Richland,1945-10-04,694
crmid:6433112730,colorant1983@gmail.com,Belia,Burke,female,662-510-6258,East Moline,United States,51136,Texas,584 Oriole,1957-10-02,1013
crmid:8302119995,parorchis1941@outlook.com,Mack,Brewer,male,731-031-4586,Bartlesville,United States,70227,Missouri,77 Chula,1936-12-13,1400
crmid:9733313949,evaporative1821@yandex.com,Malcolm,Simon,male,527-757-8259,Pelham,United States,96810,Oklahoma,1336 Knott,1938-12-13,1981
crmid:1481739410,alboranite1801@gmail.com,Odell,Cox,,616-867-8456,Kenner,United States,41416,Tennessee,334 Missouri,1977-07-02,2662
crmid:7238223701,centipede1901@outlook.com,Gordon,Gilbert,male,781-972-4939,Benbrook,United States,25998,West Virginia,1149 Poplar,1938-04-11,1885
crmid:3321460075,pademelon1953@live.com,Thalia,Holcomb,female,731-827-6796,Palm Coast,United States,14472,Louisiana,772 Parnassus,1949-09-14,527
crmid:5292169976,bunraku1928@outlook.com,Joe,Riddle,male,803-933-7163,Baton Rouge,United States,36585,Connecticut,664 Gould,1936-05-25,2337
crmid:1473348874,snakey2043@yandex.com,Dylan,Montoya,,877-300-3173,Thousand Oaks,United States,44119,Illinois,349 Seymour,1991-07-27,1396
crmid:1568939566,whippet1992@outlook.com,Trevor,Dudley,,350-209-0109,Wichita,United States,35055,Washington,376 North 15Th,1969-03-20,1202
crmid:5660733269,calumny1837@outlook.com,Meri,Carrillo,female,323-905-4107,Corvallis,United States,89860,Massachusetts,409 Gilbert,1951-06-05,2205
crmid:1732932667,scoot1801@live.com,Lilla,Santos,female,721-298-8098,Farmington,United States,77693,Pennsylvania,1029 Giants,1961-12-10,470
crmid:8221188511,neurin1816@outlook.com,Hubert,Horne,,811-470-4372,Lynnwood,United States,46784,Connecticut,68 Walker,1985-08-22,774
crmid:5131684821,sizzles1925@live.com,Hildred,Wilcox,female,698-107-9040,Port Arthur,United States,71468,Connecticut,1055 Rod,1959-04-16,2107
crmid:5634442117,insect1903@live.com,Rudolph,Rodgers,,248-904-5469,Missouri City,United States,05449,Idaho,842 Hooper,1992-02-17,471
crmid:1762883947,dinosaur1877@yahoo.com,Coy,Marsh,male,168-541-7333,Bloomington,United States,91211,Vermont,620 Prado,1939-02-18,2060
crmid:1231906578,granulator1877@outlook.com,Juan,Boyer,male,912-753-3373,Perris,United States,73855,North Carolina,612 Coleridge,1933-06-03,2646
crmid:3601995300,armado1936@yandex.com,Buffy,Diaz,female,546-938-9077,Covington,United States,62025,Montana,1376 Quint,1951-10-02,2327
crmid:1264562625,us2065@yandex.com,Marcelo,Nichols,,989-917-8025,Keller,United States,67904,Missouri,235 Garlington,1977-10-25,2970
crmid:9449054181,postcard1821@gmail.com,Manuel,Gay,male,447-019-8277,Vero Beach,United States,09390,Oklahoma,1068 Bayside Village,1938-07-11,2229
crmid:8041153483,antisociality2004@outlook.com,Annamaria,Lucas,female,646-481-3001,Claremore,United States,76553,South Carolina,417 Saturn,1948-11-01,1002
crmid:6687741632,guarded1982@yandex.com,Sherman,Lawson,,485-941-1146,Springfield,United States,67888,North Carolina,560 Hale,1987-12-01,879
crmid:9076971727,cytherea1810@live.com,Young,Combs,,350-466-8025,Jeffersontown,United States,84563,Alaska,764 Everson,1975-04-16,2354
crmid:9430853200,salpingopharyngeus1888@yandex.com,Irving,Bowen,male,299-902-5080,Blaine,United States,80601,Iowa,695 De Long,1939-05-03,2851
crmid:1122900758,broddy1858@yahoo.com,Elden,Hess,,179-358-5438,Hallandale Beach,United States,57849,Arkansas,409 Concord,1969-09-10,2843
crmid:3184271056,contrafagotto2051@gmail.com,Vinnie,Alvarez,female,206-570-9962,Chicopee,United States,58170,Oregon,1257 Ambrose Bierce,1947-09-01,2917
crmid:1084214511,exterminatress1942@live.com,Elmo,Perkins,male,438-233-5652,Seattle,United States,97716,Wyoming,315 Kearny,1942-03-23,2182
crmid:2607079016,edifier1849@gmail.com,Jerrell,Austin,,630-528-1112,McMinnville,United States,65059,Alaska,829 Bird,1988-11-27,1516
crmid:8707744319,plovers1875@live.com,Jerrell,Santos,male,343-654-6794,Rosenberg,United States,88246,Georgia,623 Josepha,1940-05-26,2320
crmid:9792529577,definitised1844@yahoo.com,Randy,Pace,,845-332-0558,Parma,United States,44367,Colorado,582 Stone,1984-11-15,360
crmid:5518741239,nurls2037@yahoo.com,Stanley,Lara,male,481-826-8983,Alabaster,United States,89994,New Hampshire,605 Cordova,1930-09-17,2601
crmid:4750878939,postfire2043@yahoo.com,Basil,Beasley,,713-744-7500,Newberg,United States,54304,West Virginia,410 Cuesta,1997-10-13,2079
crmid:3928139812,hummingbird1975@yandex.com,Adolph,Melendez,male,749-508-8047,Savannah,United States,70116,Oregon,1169 Safira,1942-01-20,474
crmid:6289659441,casas1986@yahoo.com,Florinda,Finley,female,182-036-2252,Corona,United States,79233,Georgia,549 Zampa,1950-03-09,2140
crmid:1927742225,elysia1926@yahoo.com,Corey,Buck,male,225-545-4994,Asbury Park,United States,13222,North Carolina,1026 Diana,1934-02-04,1553
crmid:4678993293,outredden1875@yahoo.com,Talisha,Baxter,female,771-058-6591,El Dorado,United States,69431,West Virginia,307 Romain,1958-10-28,2899
crmid:1933043070,grievance1907@gmail.com,Juliane,Cochran,female,842-914-8813,Cumberland,United States,20850,Illinois,186 General Kennedy,1952-04-06,874
crmid:3232529440,koala1950@yahoo.com,Julian,Sargent,,252-237-1970,Rowlett,United States,30757,Vermont,946 Lapidge,1979-01-24,1397
crmid:2494653274,delat1916@yahoo.com,Joesph,Stanton,,836-908-0404,Miami Beach,United States,32393,Rhode Island,1309 Menoher,1990-06-21,2619
crmid:8358043480,anticlassicalist2060@yandex.com,Vanita,Hinton,female,080-425-7479,De Land,United States,51508,Alabama,654 San Jose,1953-09-14,308
crmid:8085602778,aspiring1881@yandex.com,Hassan,Holder,male,945-580-4424,Antioch,United States,74206,Indiana,1141 Trader Vic,1933-04-14,1985
crmid:2500900304,atman1833@outlook.com,Willie,Hurley,,252-364-5617,Meriden,United States,41585,South Dakota,1126 Hunters Point,1989-08-14,463
crmid:9500700120,holk1888@yahoo.com,Pasquale,Norton,male,720-455-3699,Winter Garden,United States,54277,New Jersey,451 Hemlock,1998-01-15,1957
crmid:2147925027,efficacies1913@gmail.com,Ben,Emerson,male,734-559-6890,Bossier City,United States,86076,Iowa,1018 Lisbon,1940-11-22,440
crmid:7981657597,ibis1884@yandex.com,Dustin,Lee,,272-780-3499,Wyandotte,United States,43385,Indiana,133 El Sereno,1983-06-21,1805
crmid:6356752223,nete1858@yahoo.com,Joseph,Preston,male,881-127-6447,Benbrook,United States,87018,Iowa,1300 Cowell,1938-06-24,1392
crmid:1087136570,prophecy1880@gmail.com,Kermit,Huffman,,949-279-0855,Oxnard,United States,21379,Idaho,746 Eagle,1962-01-05,1118
crmid:9179891739,bares1895@yahoo.com,Dania,Craig,female,329-475-7032,Newport Beach,United States,75681,Utah,179 Montclair,1997-12-21,1508
crmid:3979158341,bongo1845@yandex.com,Karyl,Rowe,female,361-406-5808,Chesapeake,United States,28388,Arkansas,338 Norton,1946-05-25,1532
crmid:5465020453,grudge1988@live.com,Maryland,Howard,female,171-086-0643,Ponca City,United States,73431,Virginia,358 Pico,1956-06-15,745
crmid:9834069176,chivalrous2024@outlook.com,Reyes,Daugherty,,140-819-1175,Texarkana,United States,33445,New Hampshire,872 Elk,1972-10-13,1188
crmid:2038712132,storminess2058@live.com,Denae,Bowman,female,289-567-3611,Sammamish,United States,51452,New Jersey,1183 Gladiolus,1960-02-03,991
crmid:2555129560,basnet1824@yandex.com,Odell,O'brien,male,918-225-1685,Westland,United States,70668,Idaho,672 Bengal,1930-07-22,1746
crmid:4446809362,recalcitrating1910@gmail.com,Lamont,Fleming,,147-147-3104,Palisades Park,United States,37982,Colorado,444 Lamson,1974-04-26,2747
crmid:7689661754,confection1873@outlook.com,Velvet,Calderon,female,617-852-8800,Durant,United States,55396,Hawaii,1171 Webster,1956-09-05,2748
crmid:1062641434,samba1986@gmail.com,Harry,Orr,,433-668-1832,Springfield,United States,52763,Wisconsin,918 Lombard,1998-10-10,2562
crmid:5298698124,daaboul2002@gmail.com,Georgiann,Bates,female,693-893-8732,Cincinnati,United States,68022,Florida,898 Paper,1947-11-28,2634
crmid:3349912601,clannishly2032@outlook.com,Fermina,Ramirez,female,677-675-1602,Farragut,United States,97197,Alabama,741 Griffith,1961-03-24,2269
crmid:6337099057,didactic2021@outlook.com,Seth,Salinas,,525-749-6196,Leavenworth,United States,98387,Arkansas,1114 Retiro,1981-09-13,398
crmid:1589636515,tournefortian1953@yahoo.com,Elisha,Mckenzie,male,465-087-5877,Bartlesville,United States,95883,Idaho,1299 Ralston,1936-03-19,1331
crmid:7094162253,versatec2002@live.com,Brooks,Conley,,387-554-8478,Morton Grove,United States,84647,California,922 Flora,1993-12-14,1646
crmid:3517268591,drumline1830@live.com,Vernon,Keller,,852-911-2528,Gladstone,United States,77115,New Jersey,1201 Juanita,1966-12-17,1477
crmid:4342264878,exogen1876@live.com,Erik,Jordan,,357-515-8689,Homewood,United States,26947,Hawaii,1087 Norwich,1973-05-27,2182
crmid:8239356757,ancestry1806@gmail.com,Shaunna,Hogan,female,584-696-3737,Citrus Heights,United States,74801,Utah,1395 Simonds,1947-08-14,529
crmid:8921997792,monikers1855@yandex.com,Kenneth,Salinas,,875-945-0876,Pueblo,United States,29377,Montana,1243 Codman,1968-07-11,1784
crmid:4052422867,bilio2015@outlook.com,Harlan,Vazquez,,395-164-7209,Stow,United States,83229,Nebraska,541 Mono,1979-06-08,1471
crmid:4027673219,hydrosulphurated1946@yandex.com,Bryce,Carrillo,,350-694-5559,Galt,United States,42112,Vermont,99 Letterman,1965-08-08,1107
crmid:2904892715,corabelle1940@yandex.com,Sammie,Hoffman,,386-239-8367,Inkster,United States,89041,Louisiana,238 Milton I Ross,1974-06-14,408
crmid:5777120728,abaft2047@gmail.com,Patrick,Merrill,,489-728-2718,Lenexa,United States,13405,Montana,1313 Patton,1982-02-28,1531
crmid:2915497193,optimacy1894@outlook.com,Shonta,Howell,female,170-077-7956,Dunedin,United States,48862,Wyoming,1037 Blandy,1956-08-15,1078
crmid:4515673849,craftly1967@yandex.com,Harold,Hoffman,,847-876-8084,Lynwood,United States,63942,Vermont,909 South Hill,1985-10-06,539
crmid:8052295041,absorbed2025@yahoo.com,Reid,Stewart,male,362-057-4817,Watauga,United States,08057,Indiana,928 Burgoyne,1931-08-28,1008
crmid:8276877247,electrostatic1853@gmail.com,Cody,Mcpherson,,671-030-5350,Lexington,United States,06485,Hawaii,736 Clarke,1982-02-23,301
crmid:9455081364,defined2070@outlook.com,Rick,Flowers,,976-197-5659,Florence,United States,70245,North Dakota,1238 Coralino,1962-12-02,2202
crmid:5240202618,undermarshalmen1882@gmail.com,Clarence,Rose,,520-616-0725,Inglewood,United States,86478,Arkansas,336 La Ferrera,1974-03-22,2404
crmid:6357860364,ernestine1868@gmail.com,Werner,Talley,male,184-755-1705,Round Lake,United States,76807,Illinois,728 Farallones,1943-10-19,925
crmid:8310802934,culled2061@outlook.com,Julio,Perry,male,410-313-2288,Anderson,United States,35584,Idaho,305 Cesar Chavez On,1932-06-23,504
crmid:6847219585,dairylea2061@yandex.com,Ashley,Wright,,752-880-6982,Kernersville,United States,19529,Iowa,182 Temescal,1977-03-19,1256
crmid:2176798275,censored1812@yandex.com,Kory,Hobbs,,994-543-9165,Lombard,United States,77884,Kansas,1205 Westmoorland,1984-08-26,1621
crmid:8464361162,emulating1809@yandex.com,Angel,Downs,,584-664-4266,Point Pleasant,United States,32729,New Mexico,76 Archer,1976-02-08,1317
crmid:6555822457,protragedy2057@yahoo.com,Brock,Sharp,male,473-273-0711,Wooster,United States,08874,West Virginia,574 Sunrise,1940-02-27,2634
