id,crmid,propensity_room_upgrade,propensity_extended_nights
orderid:441463,crmid:1694655372,2,4
orderid:111252,crmid:3074900644,4,5
orderid:983046,crmid:7462115202,3,4
orderid:680777,crmid:5118945549,4,4
orderid:335756,crmid:8548252390,3,2
orderid:519893,crmid:1304254761,4,3
orderid:240666,crmid:7164791526,3,2
orderid:452457,crmid:1280914040,8,5
orderid:862530,crmid:6980765724,3,1
orderid:266561,crmid:6870335549,4,2
orderid:554567,crmid:2868409892,4,8
orderid:392727,crmid:8044078689,6,5
orderid:709896,crmid:2927693787,5,3
orderid:236069,crmid:4552299194,5,3
orderid:936457,crmid:2985799244,5,7
orderid:991037,crmid:1804630201,3,5
orderid:800408,crmid:1019011158,4,4
orderid:995242,crmid:3684304560,2,3
orderid:899803,crmid:4668080611,4,2
orderid:807206,crmid:6809156017,4,5
orderid:764118,crmid:5456306795,9,5
orderid:167645,crmid:4937671519,4,4
orderid:634318,crmid:1227743923,5,5
orderid:687260,crmid:3808505569,3,5
orderid:826101,crmid:2517173142,4,5
orderid:380949,crmid:1447236111,4,3
orderid:549598,crmid:6860509302,3,4
orderid:582832,crmid:3866549661,3,4
orderid:326356,crmid:3704770210,7,5
orderid:615868,crmid:1718333166,3,5
orderid:464183,crmid:8743798240,2,10
orderid:467104,crmid:1622899509,6,3
orderid:907345,crmid:6682283761,8,2
orderid:670266,crmid:1574158587,4,5
orderid:798310,crmid:5461023314,4,6
orderid:347378,crmid:4681096619,3,4
orderid:109271,crmid:2962860359,4,4
orderid:868491,crmid:2164789087,6,2
orderid:342224,crmid:4847282523,5,4
orderid:105055,crmid:9142593637,4,4
orderid:258062,crmid:2752050748,7,3
orderid:252100,crmid:6938104501,4,3
orderid:361368,crmid:7461298903,4,3
orderid:491417,crmid:8856572834,3,3
orderid:104842,crmid:8866928275,3,4
orderid:318609,crmid:5953853708,6,3
orderid:289035,crmid:8163391052,8,6
orderid:274815,crmid:9726607644,4,4
orderid:981553,crmid:6933611667,5,4
orderid:637374,crmid:4405187417,4,4
orderid:586275,crmid:7037553157,4,4
orderid:631724,crmid:5746441355,3,4
orderid:623995,crmid:3010818774,4,4
orderid:996528,crmid:2624534365,4,5
orderid:317568,crmid:9437525932,4,4
orderid:688188,crmid:6360100937,2,9
orderid:942680,crmid:6234853836,9,2
orderid:566976,crmid:3294690186,4,2
orderid:488426,crmid:3549932415,3,4
orderid:336033,crmid:1970910772,3,4
orderid:768465,crmid:9344145517,4,4
orderid:121693,crmid:6062295003,2,5
orderid:965068,crmid:7683944953,4,4
orderid:505090,crmid:1772653299,5,3
orderid:801583,crmid:8281764292,5,5
orderid:606597,crmid:5767207460,4,2
orderid:125066,crmid:5219295120,3,4
orderid:651152,crmid:9733220689,4,5
orderid:392633,crmid:2288582519,4,3
orderid:481694,crmid:2783035370,6,4
orderid:503143,crmid:3465018583,4,4
orderid:619440,crmid:2371434816,5,5
orderid:262035,crmid:4538630004,5,4
orderid:979925,crmid:8992312001,7,4
orderid:334318,crmid:5068886646,10,3
orderid:317307,crmid:9663908090,4,5
orderid:178928,crmid:2578421419,10,4
orderid:345302,crmid:3925798243,4,5
orderid:425236,crmid:6527590235,3,5
orderid:994338,crmid:4790976891,5,5
orderid:200880,crmid:8891877326,5,4
orderid:373256,crmid:3577162382,4,2
orderid:824697,crmid:9057459088,4,2
orderid:250965,crmid:8264946346,3,5
orderid:234146,crmid:3363503683,4,5
orderid:121885,crmid:2860545713,8,4
orderid:853104,crmid:5919741195,4,4
orderid:444616,crmid:5991397747,4,4
orderid:435718,crmid:1364006430,3,3
orderid:443032,crmid:6168563807,6,4
orderid:184684,crmid:4428795464,3,4
orderid:982743,crmid:2403303161,5,4
orderid:669224,crmid:2123410769,5,3
orderid:166361,crmid:9707454606,8,3
orderid:995492,crmid:7765381679,4,3
orderid:287798,crmid:4101750062,8,2
orderid:645749,crmid:5417369671,4,6
orderid:766004,crmid:3486436252,5,4
orderid:393816,crmid:7162785963,4,4
orderid:677326,crmid:7651450363,2,3
