id,crmid,propensity_room_upgrade,propensity_extended_nights
orderid:284506,crmid:7169616111,4,4
orderid:293339,crmid:2271594554,5,2
orderid:151788,crmid:5329311440,7,5
orderid:934305,crmid:2304931082,4,3
orderid:223163,crmid:1856029362,4,5
orderid:170283,crmid:9805341736,5,5
orderid:508414,crmid:6977334522,3,5
orderid:756965,crmid:3455698380,10,3
orderid:197241,crmid:9889652290,4,4
orderid:241386,crmid:5067763055,5,7
orderid:302599,crmid:2024992558,5,4
orderid:636219,crmid:7991081799,5,3
orderid:270140,crmid:8513943792,5,7
orderid:308396,crmid:4148366450,4,4
orderid:645979,crmid:2544881311,5,3
orderid:555256,crmid:5738336030,7,5
orderid:688452,crmid:3315399881,4,4
orderid:453070,crmid:4482914523,7,4
orderid:938970,crmid:9512289931,4,8
orderid:145621,crmid:5395556279,3,4
orderid:620882,crmid:3803860156,8,5
orderid:390702,crmid:7756165854,5,7
orderid:272645,crmid:5044246178,3,2
orderid:315023,crmid:7668790040,3,4
orderid:442066,crmid:2231104680,5,4
orderid:917643,crmid:3616122578,5,5
orderid:705272,crmid:9024049474,4,5
orderid:952193,crmid:6858969483,6,4
orderid:949940,crmid:3700404941,3,4
orderid:705190,crmid:3838998783,8,4
orderid:276812,crmid:7111124013,4,3
orderid:931575,crmid:4765824835,4,6
orderid:589634,crmid:7955930987,7,5
orderid:806246,crmid:1922078423,1,5
orderid:257770,crmid:5411901231,4,8
orderid:703799,crmid:4750094259,3,3
orderid:418362,crmid:4452514142,5,6
orderid:255310,crmid:8874406585,3,2
orderid:698630,crmid:8780303020,4,8
orderid:101975,crmid:6618837714,4,5
orderid:922303,crmid:8947623531,5,3
orderid:385620,crmid:5665768282,3,3
orderid:595873,crmid:6225578634,7,4
orderid:609935,crmid:9444075272,3,3
orderid:720760,crmid:7508743742,3,5
orderid:128334,crmid:6410460465,5,5
orderid:978066,crmid:6668186860,5,4
orderid:813879,crmid:1572104809,4,4
orderid:574273,crmid:8266139957,2,8
orderid:906386,crmid:5042362555,3,5
orderid:199759,crmid:1314631863,4,3
orderid:477685,crmid:5092479203,3,4
orderid:496577,crmid:6116888481,4,4
orderid:240036,crmid:3140514458,4,5
orderid:130890,crmid:5857974094,9,6
orderid:286046,crmid:8369347836,5,5
orderid:295664,crmid:6417438129,3,5
orderid:521249,crmid:3689541021,4,2
orderid:891365,crmid:3717534860,5,7
orderid:933086,crmid:2218674055,8,5
orderid:405194,crmid:6476369585,3,4
orderid:492654,crmid:1796228921,3,4
orderid:607280,crmid:5474008658,4,5
orderid:745251,crmid:8708632023,5,4
orderid:145008,crmid:1707678682,5,7
orderid:468853,crmid:4259063937,4,3
orderid:447524,crmid:1673397897,5,8
orderid:474078,crmid:8178515148,2,5
orderid:174660,crmid:4064287051,7,4
orderid:844411,crmid:7822902541,2,6
orderid:707957,crmid:8106803640,5,4
orderid:736421,crmid:6635483014,4,4
orderid:241032,crmid:5220374529,4,4
orderid:353466,crmid:9820048919,3,5
orderid:152342,crmid:3849410811,4,4
orderid:659377,crmid:5833276172,2,4
orderid:271160,crmid:6064940899,3,7
orderid:544337,crmid:7408914526,6,5
orderid:502527,crmid:6805032470,4,6
orderid:632573,crmid:9898660946,3,5
orderid:735165,crmid:5731300944,4,5
orderid:514191,crmid:7164158128,5,4
orderid:444271,crmid:7107624180,5,4
orderid:908832,crmid:8070837805,3,6
orderid:742384,crmid:4960078657,4,4
orderid:748651,crmid:7761245465,4,5
orderid:909032,crmid:7153258664,3,5
orderid:471387,crmid:9227917722,3,4
orderid:216028,crmid:2395168297,4,5
orderid:155475,crmid:2993053114,5,4
orderid:725077,crmid:1152737189,8,4
orderid:186262,crmid:8637057007,5,9
orderid:643431,crmid:1708613852,5,5
orderid:265279,crmid:3660816786,8,4
orderid:713975,crmid:3412424016,3,4
orderid:503000,crmid:8666248976,4,3
orderid:311355,crmid:9375213909,2,5
orderid:911494,crmid:6466780519,5,3
orderid:858904,crmid:8348104760,3,4
orderid:637253,crmid:9697376628,4,3
orderid:424942,crmid:1660252721,3,4
orderid:931633,crmid:7638480544,3,4
orderid:210052,crmid:2513660712,3,3
orderid:605879,crmid:3099238496,4,4
orderid:182580,crmid:5933025857,4,5
orderid:734934,crmid:2388127870,7,5
orderid:171198,crmid:7546051084,4,5
orderid:298690,crmid:1160105670,9,3
orderid:905773,crmid:9118859907,4,5
orderid:909231,crmid:3993622881,4,8
orderid:438337,crmid:8151571483,3,3
orderid:581566,crmid:5035951863,3,5
orderid:621019,crmid:8734161136,4,6
orderid:869897,crmid:4160763442,3,5
orderid:178775,crmid:9152128903,2,5
orderid:884892,crmid:6859904364,5,3
orderid:265591,crmid:9598319891,4,3
orderid:961928,crmid:5888557251,2,3
orderid:445547,crmid:3601705463,4,9
orderid:360632,crmid:6259497509,5,5
orderid:708392,crmid:5961197234,3,4
orderid:672473,crmid:5751046980,4,1
orderid:643111,crmid:5345270974,2,4
orderid:248645,crmid:6598525444,4,3
orderid:882358,crmid:2765837659,5,4
orderid:518471,crmid:7045500706,7,3
orderid:979247,crmid:1127319884,4,3
orderid:797518,crmid:3998013086,3,4
orderid:362426,crmid:2092590778,4,5
orderid:554793,crmid:3638370074,4,6
orderid:456069,crmid:2941362808,5,5
orderid:832697,crmid:9661206014,2,4
orderid:797612,crmid:1496884906,5,8
orderid:622304,crmid:1150356486,5,5
orderid:912540,crmid:2197314365,3,2
orderid:927863,crmid:2955889062,5,8
orderid:986233,crmid:6964642451,4,6
orderid:158922,crmid:2151207516,2,3
orderid:710489,crmid:9618345369,4,4
orderid:466627,crmid:9989960800,7,3
orderid:717641,crmid:7290232288,6,10
orderid:180849,crmid:5470102050,4,6
orderid:460128,crmid:9105052567,4,8
orderid:200941,crmid:8659401158,4,3
orderid:154258,crmid:4164730841,4,3
orderid:241701,crmid:1146252369,4,5
orderid:369000,crmid:7609414146,4,4
orderid:445563,crmid:2222307917,3,9
orderid:764125,crmid:3206082374,5,3
orderid:810509,crmid:7340852051,6,6
orderid:976631,crmid:3633009148,4,2
orderid:493796,crmid:4313000527,3,4
orderid:847577,crmid:7206094279,3,4
orderid:872771,crmid:8537296016,6,7
orderid:916878,crmid:1417625359,5,5
orderid:507226,crmid:8177797490,9,3
orderid:425374,crmid:7577487189,4,4
orderid:805334,crmid:8550232022,4,3
orderid:330513,crmid:9301737532,3,4
orderid:865041,crmid:6187738652,3,6
orderid:960984,crmid:1673962521,3,3
orderid:318068,crmid:7054460107,8,3
orderid:906523,crmid:3072341316,3,4
orderid:341530,crmid:1194335317,4,3
orderid:990897,crmid:8625376974,3,3
orderid:187591,crmid:2168796899,5,6
orderid:989099,crmid:8515970620,5,5
orderid:921082,crmid:2020134487,5,3
orderid:367969,crmid:6865878270,3,3
orderid:230936,crmid:5465991963,4,5
orderid:637037,crmid:2208323071,3,3
orderid:739730,crmid:3803405139,3,3
orderid:489155,crmid:8169979806,6,3
orderid:857290,crmid:7922424914,5,8
orderid:739338,crmid:2225924163,4,7
orderid:810731,crmid:7044571063,6,4
orderid:289591,crmid:6826467817,4,5
orderid:254788,crmid:9223796247,3,4
orderid:617507,crmid:2896759355,9,2
orderid:885279,crmid:3786102184,4,4
orderid:210824,crmid:6798577363,3,4
orderid:400318,crmid:5612635363,3,8
orderid:416438,crmid:9396317447,4,5
orderid:269737,crmid:5590050646,5,6
orderid:535010,crmid:1579628936,4,4
orderid:559634,crmid:3887966128,4,5
orderid:491111,crmid:6570397315,3,5
orderid:201576,crmid:6715370635,7,4
orderid:602167,crmid:6336485272,5,4
orderid:648164,crmid:7474614672,3,6
orderid:542294,crmid:1923761836,6,5
orderid:558976,crmid:1460079970,4,6
orderid:422680,crmid:2492447784,2,4
orderid:443264,crmid:7353256991,5,4
orderid:627920,crmid:6892256601,4,3
orderid:409950,crmid:3723328805,4,3
orderid:276095,crmid:1706280480,2,5
orderid:257933,crmid:5878164081,5,8
orderid:132181,crmid:4862149077,6,3
orderid:119549,crmid:9960559148,7,5
