{"_id": "orderid:915776", "timestamp": "2019-12-08T23:23:23.000Z", "eventType": "transaction", "_adobeamericaspot3": {"CRMID": "crmid:1469661700", "orderDetails": {"orderID": "orderid:915776", "reservationid": "IWC-ZMUJ", "orderType": "call center", "hotelSKU": "prd1142", "hotelCheckInUnix": "1575933803", "hotelCheckOutUnix": "1576106603", "hotelCheckInTS": "2019-12-09T23:23:23+00:00", "hotelCheckOutTS": "2019-12-11T23:23:23+00:00", "hotelChain": "Blue Reef Resort", "hotelName": "Blue Reef Resort: Philadelphia", "hotelLocation": "Philadelphia", "hotelRoomType": "standard", "hotelRoomCount": "1", "hotelGuestAdultCount": "1", "hotelGuestChildCount": "0", "hotelNightCount": "2", "hotelRoomPrice": "152.98", "hotelFinalPrice": "305.96"}}}
{"_id": "orderid:198784", "timestamp": "2019-12-12T00:00:00.000Z", "eventType": "transaction", "_adobeamericaspot3": {"CRMID": "crmid:1469661700", "orderDetails": {"orderID": "orderid:198784", "reservationid": "XMH-CGOF", "orderType": "website", "hotelSKU": "prd1131", "hotelCheckInUnix": "1576195200", "hotelCheckOutUnix": "1576281600", "hotelCheckInTS": "2019-12-13T00:00:00+00:00", "hotelCheckOutTS": "2019-12-14T00:00:00+00:00", "hotelChain": "Hospitality Inn", "hotelName": "Hospitality Inn: Sheffield", "hotelLocation": "Sheffield", "hotelRoomType": "premium", "hotelRoomCount": "1", "hotelGuestAdultCount": "1", "hotelGuestChildCount": "0", "hotelNightCount": "1", "hotelRoomPrice": "145.1", "hotelFinalPrice": "145.1"}}}
{"_id": "orderid:682167", "timestamp": "2020-01-29T05:53:31.000Z", "eventType": "transaction", "_adobeamericaspot3": {"CRMID": "crmid:3255946063", "orderDetails": {"orderID": "orderid:682167", "reservationid": "FGV-WVJT", "orderType": "mobile", "hotelSKU": "prd1057", "hotelCheckInUnix": "1581659611", "hotelCheckOutUnix": "1582091611", "hotelCheckInTS": "2020-02-14T05:53:31+00:00", "hotelCheckOutTS": "2020-02-19T05:53:31+00:00", "hotelChain": "Admiralty Plaza", "hotelName": "Admiralty Plaza: Mumbai", "hotelLocation": "Mumbai", "hotelRoomType": "standard", "hotelRoomCount": "1", "hotelGuestAdultCount": "1", "hotelGuestChildCount": "4", "hotelNightCount": "5", "hotelRoomPrice": "139.99", "hotelFinalPrice": "699.95"}}}
{"_id": "orderid:170892", "timestamp": "2019-12-08T16:22:34.000Z", "eventType": "transaction", "_adobeamericaspot3": {"CRMID": "crmid:4085486727", "orderDetails": {"orderID": "orderid:170892", "reservationid": "CCS-ZAIU", "orderType": "call center", "hotelSKU": "prd1123", "hotelCheckInUnix": "1575908554", "hotelCheckOutUnix": "1576254154", "hotelCheckInTS": "2019-12-09T16:22:34+00:00", "hotelCheckOutTS": "2019-12-13T16:22:34+00:00", "hotelChain": "Family Fun Hotels", "hotelName": "Family Fun Hotels: Amsterdam", "hotelLocation": "Amsterdam", "hotelRoomType": "standard", "hotelRoomCount": "1", "hotelGuestAdultCount": "1", "hotelGuestChildCount": "0", "hotelNightCount": "4", "hotelRoomPrice": "163.72", "hotelFinalPrice": "654.88"}}}
{"_id": "orderid:962200", "timestamp": "2019-12-09T07:30:56.000Z", "eventType": "transaction", "_adobeamericaspot3": {"CRMID": "crmid:8034801610", "orderDetails": {"orderID": "orderid:962200", "reservationid": "MNG-T1SR", "orderType": "call center", "hotelSKU": "prd1103", "hotelCheckInUnix": "1575963056", "hotelCheckOutUnix": "1576135856", "hotelCheckInTS": "2019-12-10T07:30:56+00:00", "hotelCheckOutTS": "2019-12-12T07:30:56+00:00", "hotelChain": "Nesting Box Inn", "hotelName": "Nesting Box Inn: Hamburg", "hotelLocation": "Hamburg", "hotelRoomType": "premium", "hotelRoomCount": "1", "hotelGuestAdultCount": "1", "hotelGuestChildCount": "0", "hotelNightCount": "2", "hotelRoomPrice": "195.48", "hotelFinalPrice": "390.96"}}}
{"_id": "orderid:113093", "timestamp": "2020-02-13T15:45:32.000Z", "eventType": "transaction", "_adobeamericaspot3": {"CRMID": "crmid:4240472019", "orderDetails": {"orderID": "orderid:113093", "reservationid": "EPU-THV4", "orderType": "kiosk", "hotelSKU": "prd1127", "hotelCheckInUnix": "1583509532", "hotelCheckOutUnix": "1584114332", "hotelCheckInTS": "2020-03-06T15:45:32+00:00", "hotelCheckOutTS": "2020-03-13T15:45:32+00:00", "hotelChain": "Nesting Box Inn", "hotelName": "Nesting Box Inn: Glasgow", "hotelLocation": "Glasgow", "hotelRoomType": "standard", "hotelRoomCount": "1", "hotelGuestAdultCount": "1", "hotelGuestChildCount": "2", "hotelNightCount": "7", "hotelRoomPrice": "138.83", "hotelFinalPrice": "971.81"}}}
{"_id": "orderid:194546", "timestamp": "2020-01-17T22:37:58.000Z", "eventType": "transaction", "_adobeamericaspot3": {"CRMID": "crmid:6320757306", "orderDetails": {"orderID": "orderid:194546", "reservationid": "TPW-SAOT", "orderType": "service desk", "hotelSKU": "prd1158", "hotelCheckInUnix": "1581719878", "hotelCheckOutUnix": "1582151878", "hotelCheckInTS": "2020-02-14T22:37:58+00:00", "hotelCheckOutTS": "2020-02-19T22:37:58+00:00", "hotelChain": "Restful Nights", "hotelName": "Restful Nights: El Paso", "hotelLocation": "El Paso", "hotelRoomType": "standard", "hotelRoomCount": "1", "hotelGuestAdultCount": "1", "hotelGuestChildCount": "0", "hotelNightCount": "5", "hotelRoomPrice": "132.62", "hotelFinalPrice": "663.1"}}}
{"_id": "orderid:335692", "timestamp": "2020-02-03T06:52:38.000Z", "eventType": "transaction", "_adobeamericaspot3": {"CRMID": "crmid:9037579475", "orderDetails": {"orderID": "orderid:335692", "reservationid": "PZ9-PTTO", "orderType": "call center", "hotelSKU": "prd1187", "hotelCheckInUnix": "1581403958", "hotelCheckOutUnix": "1581835958", "hotelCheckInTS": "2020-02-11T06:52:38+00:00", "hotelCheckOutTS": "2020-02-16T06:52:38+00:00", "hotelChain": "Nesting Box Inn", "hotelName": "Nesting Box Inn: Cleveland", "hotelLocation": "Cleveland", "hotelRoomType": "premium", "hotelRoomCount": "1", "hotelGuestAdultCount": "1", "hotelGuestChildCount": "0", "hotelNightCount": "5", "hotelRoomPrice": "126.5", "hotelFinalPrice": "632.5"}}}
{"_id": "orderid:375097", "timestamp": "2020-01-24T22:08:30.000Z", "eventType": "transaction", "_adobeamericaspot3": {"CRMID": "crmid:8190614992", "orderDetails": {"orderID": "orderid:375097", "reservationid": "N9F-N5DJ", "orderType": "kiosk", "hotelSKU": "prd1177", "hotelCheckInUnix": "1579990110", "hotelCheckOutUnix": "1580249310", "hotelCheckInTS": "2020-01-25T22:08:30+00:00", "hotelCheckOutTS": "2020-01-28T22:08:30+00:00", "hotelChain": "Admiralty Plaza", "hotelName": "Admiralty Plaza: Raleigh", "hotelLocation": "Raleigh", "hotelRoomType": "standard", "hotelRoomCount": "1", "hotelGuestAdultCount": "1", "hotelGuestChildCount": "0", "hotelNightCount": "3", "hotelRoomPrice": "130.86", "hotelFinalPrice": "392.58"}}}
{"_id": "orderid:654275", "timestamp": "2020-01-20T20:02:21.000Z", "eventType": "transaction", "_adobeamericaspot3": {"CRMID": "crmid:3924286589", "orderDetails": {"orderID": "orderid:654275", "reservationid": "UWW-SFUM", "orderType": "kiosk", "hotelSKU": "prd1165", "hotelCheckInUnix": "1579982541", "hotelCheckOutUnix": "1580068941", "hotelCheckInTS": "2020-01-25T20:02:21+00:00", "hotelCheckOutTS": "2020-01-26T20:02:21+00:00", "hotelChain": "Admiralty Plaza", "hotelName": "Admiralty Plaza: Louisville", "hotelLocation": "Louisville", "hotelRoomType": "luxury", "hotelRoomCount": "1", "hotelGuestAdultCount": "1", "hotelGuestChildCount": "0", "hotelNightCount": "1", "hotelRoomPrice": "281.87", "hotelFinalPrice": "281.87"}}}
{"_id": "orderid:383302", "timestamp": "2020-01-28T00:00:00.000Z", "eventType": "transaction", "_adobeamericaspot3": {"CRMID": "crmid:3924286589", "orderDetails": {"orderID": "orderid:383302", "reservationid": "IKI-4LBS", "orderType": "website", "hotelSKU": "prd1191", "hotelCheckInUnix": "1580601600", "hotelCheckOutUnix": "1580688000", "hotelCheckInTS": "2020-02-02T00:00:00+00:00", "hotelCheckOutTS": "2020-02-03T00:00:00+00:00", "hotelChain": "Hospitality Inn", "hotelName": "Hospitality Inn: Mumbai", "hotelLocation": "Mumbai", "hotelRoomType": "premium", "hotelRoomCount": "1", "hotelGuestAdultCount": "1", "hotelGuestChildCount": "0", "hotelNightCount": "1", "hotelRoomPrice": "128.27", "hotelFinalPrice": "128.27"}}}
{"_id": "orderid:336841", "timestamp": "2020-01-19T10:36:21.000Z", "eventType": "transaction", "_adobeamericaspot3": {"CRMID": "crmid:9101217225", "orderDetails": {"orderID": "orderid:336841", "reservationid": "YIE-2WSN", "orderType": "website", "hotelSKU": "prd1136", "hotelCheckInUnix": "1581417381", "hotelCheckOutUnix": "1581935781", "hotelCheckInTS": "2020-02-11T10:36:21+00:00", "hotelCheckOutTS": "2020-02-17T10:36:21+00:00", "hotelChain": "Aspen Heights", "hotelName": "Aspen Heights: Osaka", "hotelLocation": "Osaka", "hotelRoomType": "premium", "hotelRoomCount": "1", "hotelGuestAdultCount": "1", "hotelGuestChildCount": "3", "hotelNightCount": "6", "hotelRoomPrice": "137.28", "hotelFinalPrice": "823.68"}}}
{"_id": "orderid:289456", "timestamp": "2019-12-16T19:21:46.000Z", "eventType": "transaction", "_adobeamericaspot3": {"CRMID": "crmid:2425193767", "orderDetails": {"orderID": "orderid:289456", "reservationid": "NSL-TF16", "orderType": "kiosk", "hotelSKU": "prd1085", "hotelCheckInUnix": "1577042506", "hotelCheckOutUnix": "1577128906", "hotelCheckInTS": "2019-12-22T19:21:46+00:00", "hotelCheckOutTS": "2019-12-23T19:21:46+00:00", "hotelChain": "Grandeur Hotels", "hotelName": "Grandeur Hotels: Saint Petersburg", "hotelLocation": "Saint Petersburg", "hotelRoomType": "standard", "hotelRoomCount": "1", "hotelGuestAdultCount": "1", "hotelGuestChildCount": "0", "hotelNightCount": "1", "hotelRoomPrice": "157.89", "hotelFinalPrice": "157.89"}}}
{"_id": "orderid:551267", "timestamp": "2020-01-26T20:13:32.000Z", "eventType": "transaction", "_adobeamericaspot3": {"CRMID": "crmid:9787474375", "orderDetails": {"orderID": "orderid:551267", "reservationid": "QKM-ZGMI", "orderType": "mobile", "hotelSKU": "prd1010", "hotelCheckInUnix": "1580415212", "hotelCheckOutUnix": "1580588012", "hotelCheckInTS": "2020-01-30T20:13:32+00:00", "hotelCheckOutTS": "2020-02-01T20:13:32+00:00", "hotelChain": "Blue Reef Resort", "hotelName": "Blue Reef Resort: San Diego", "hotelLocation": "San Diego", "hotelRoomType": "standard", "hotelRoomCount": "1", "hotelGuestAdultCount": "1", "hotelGuestChildCount": "0", "hotelNightCount": "2", "hotelRoomPrice": "146.65", "hotelFinalPrice": "293.3"}}}
{"_id": "orderid:934023", "timestamp": "2020-01-08T17:17:43.000Z", "eventType": "transaction", "_adobeamericaspot3": {"CRMID": "crmid:6935275856", "orderDetails": {"orderID": "orderid:934023", "reservationid": "MIF-XONO", "orderType": "call center", "hotelSKU": "prd1104", "hotelCheckInUnix": "1580923063", "hotelCheckOutUnix": "1581182263", "hotelCheckInTS": "2020-02-05T17:17:43+00:00", "hotelCheckOutTS": "2020-02-08T17:17:43+00:00", "hotelChain": "Repose Resort", "hotelName": "Repose Resort: Warsaw", "hotelLocation": "Warsaw", "hotelRoomType": "standard", "hotelRoomCount": "1", "hotelGuestAdultCount": "1", "hotelGuestChildCount": "0", "hotelNightCount": "3", "hotelRoomPrice": "153.63", "hotelFinalPrice": "460.89"}}}
{"_id": "orderid:201135", "timestamp": "2019-12-01T21:51:01.000Z", "eventType": "transaction", "_adobeamericaspot3": {"CRMID": "crmid:8834992832", "orderDetails": {"orderID": "orderid:201135", "reservationid": "EJX-CWLF", "orderType": "mobile", "hotelSKU": "prd1148", "hotelCheckInUnix": "1575841861", "hotelCheckOutUnix": "1576360261", "hotelCheckInTS": "2019-12-08T21:51:01+00:00", "hotelCheckOutTS": "2019-12-14T21:51:01+00:00", "hotelChain": "Aspen Heights", "hotelName": "Aspen Heights: Jacksonville", "hotelLocation": "Jacksonville", "hotelRoomType": "standard", "hotelRoomCount": "1", "hotelGuestAdultCount": "1", "hotelGuestChildCount": "1", "hotelNightCount": "6", "hotelRoomPrice": "162.38", "hotelFinalPrice": "974.28"}}}
{"_id": "orderid:481417", "timestamp": "2019-12-01T19:39:41.000Z", "eventType": "transaction", "_adobeamericaspot3": {"CRMID": "crmid:7435918994", "orderDetails": {"orderID": "orderid:481417", "reservationid": "QED-JWWB", "orderType": "mobile", "hotelSKU": "prd1009", "hotelCheckInUnix": "1575833981", "hotelCheckOutUnix": "1576438781", "hotelCheckInTS": "2019-12-08T19:39:41+00:00", "hotelCheckOutTS": "2019-12-15T19:39:41+00:00", "hotelChain": "Admiralty Plaza", "hotelName": "Admiralty Plaza: San Antonio", "hotelLocation": "San Antonio", "hotelRoomType": "standard", "hotelRoomCount": "1", "hotelGuestAdultCount": "1", "hotelGuestChildCount": "4", "hotelNightCount": "7", "hotelRoomPrice": "122.06", "hotelFinalPrice": "854.42"}}}
{"_id": "orderid:190467", "timestamp": "2019-12-31T11:49:10.000Z", "eventType": "transaction", "_adobeamericaspot3": {"CRMID": "crmid:9955047450", "orderDetails": {"orderID": "orderid:190467", "reservationid": "VAY-VVMZ", "orderType": "website", "hotelSKU": "prd1065", "hotelCheckInUnix": "1579693750", "hotelCheckOutUnix": "1580557750", "hotelCheckInTS": "2020-01-22T11:49:10+00:00", "hotelCheckOutTS": "2020-02-01T11:49:10+00:00", "hotelChain": "Sapphire Suites", "hotelName": "Sapphire Suites: Beijing", "hotelLocation": "Beijing", "hotelRoomType": "standard", "hotelRoomCount": "1", "hotelGuestAdultCount": "1", "hotelGuestChildCount": "4", "hotelNightCount": "10", "hotelRoomPrice": "119.78", "hotelFinalPrice": "1197.8"}}}
{"_id": "orderid:999572", "timestamp": "2019-12-11T04:15:06.000Z", "eventType": "transaction", "_adobeamericaspot3": {"CRMID": "crmid:6156965031", "orderDetails": {"orderID": "orderid:999572", "reservationid": "PH7-FNUD", "orderType": "mobile", "hotelSKU": "prd1037", "hotelCheckInUnix": "1576556106", "hotelCheckOutUnix": "1576988106", "hotelCheckInTS": "2019-12-17T04:15:06+00:00", "hotelCheckOutTS": "2019-12-22T04:15:06+00:00", "hotelChain": "Grandeur Hotels", "hotelName": "Grandeur Hotels: Sacramento", "hotelLocation": "Sacramento", "hotelRoomType": "premium", "hotelRoomCount": "1", "hotelGuestAdultCount": "1", "hotelGuestChildCount": "0", "hotelNightCount": "5", "hotelRoomPrice": "117.9", "hotelFinalPrice": "589.5"}}}
{"_id": "orderid:436833", "timestamp": "2019-12-09T04:36:41.000Z", "eventType": "transaction", "_adobeamericaspot3": {"CRMID": "crmid:7766469652", "orderDetails": {"orderID": "orderid:436833", "reservationid": "VMU-YU4P", "orderType": "mobile", "hotelSKU": "prd1083", "hotelCheckInUnix": "1576384601", "hotelCheckOutUnix": "1576557401", "hotelCheckInTS": "2019-12-15T04:36:41+00:00", "hotelCheckOutTS": "2019-12-17T04:36:41+00:00", "hotelChain": "Hospitality Inn", "hotelName": "Hospitality Inn: Bangkok", "hotelLocation": "Bangkok", "hotelRoomType": "standard", "hotelRoomCount": "1", "hotelGuestAdultCount": "1", "hotelGuestChildCount": "0", "hotelNightCount": "2", "hotelRoomPrice": "123.32", "hotelFinalPrice": "246.64"}}}
{"_id": "orderid:316810", "timestamp": "2020-01-10T22:03:57.000Z", "eventType": "transaction", "_adobeamericaspot3": {"CRMID": "crmid:9011826891", "orderDetails": {"orderID": "orderid:316810", "reservationid": "AOP-QORZ", "orderType": "call center", "hotelSKU": "prd1153", "hotelCheckInUnix": "1580681037", "hotelCheckOutUnix": "1581113037", "hotelCheckInTS": "2020-02-02T22:03:57+00:00", "hotelCheckOutTS": "2020-02-07T22:03:57+00:00", "hotelChain": "Admiralty Plaza", "hotelName": "Admiralty Plaza: Charlotte", "hotelLocation": "Charlotte", "hotelRoomType": "luxury", "hotelRoomCount": "1", "hotelGuestAdultCount": "1", "hotelGuestChildCount": "0", "hotelNightCount": "5", "hotelRoomPrice": "330.51", "hotelFinalPrice": "1652.55"}}}
{"_id": "orderid:373453", "timestamp": "2019-12-23T13:10:43.000Z", "eventType": "transaction", "_adobeamericaspot3": {"CRMID": "crmid:9956564726", "orderDetails": {"orderID": "orderid:373453", "reservationid": "7KF-LYNQ", "orderType": "call center", "hotelSKU": "prd1021", "hotelCheckInUnix": "1577365843", "hotelCheckOutUnix": "1577452243", "hotelCheckInTS": "2019-12-26T13:10:43+00:00", "hotelCheckOutTS": "2019-12-27T13:10:43+00:00", "hotelChain": "Admiralty Plaza", "hotelName": "Admiralty Plaza: Denver", "hotelLocation": "Denver", "hotelRoomType": "standard", "hotelRoomCount": "1", "hotelGuestAdultCount": "1", "hotelGuestChildCount": "0", "hotelNightCount": "1", "hotelRoomPrice": "153.43", "hotelFinalPrice": "153.43"}}}
{"_id": "orderid:235064", "timestamp": "2019-12-12T04:38:53.000Z", "eventType": "transaction", "_adobeamericaspot3": {"CRMID": "crmid:8141495313", "orderDetails": {"orderID": "orderid:235064", "reservationid": "47C-TZFE", "orderType": "kiosk", "hotelSKU": "prd1119", "hotelCheckInUnix": "1576211933", "hotelCheckOutUnix": "1576384733", "hotelCheckInTS": "2019-12-13T04:38:53+00:00", "hotelCheckOutTS": "2019-12-15T04:38:53+00:00", "hotelChain": "Hospitality Inn", "hotelName": "Hospitality Inn: Turin", "hotelLocation": "Turin", "hotelRoomType": "standard", "hotelRoomCount": "1", "hotelGuestAdultCount": "1", "hotelGuestChildCount": "0", "hotelNightCount": "2", "hotelRoomPrice": "168.74", "hotelFinalPrice": "337.48"}}}
{"_id": "orderid:519080", "timestamp": "2020-01-29T08:40:42.000Z", "eventType": "transaction", "_adobeamericaspot3": {"CRMID": "crmid:4217947428", "orderDetails": {"orderID": "orderid:519080", "reservationid": "E6J-4F4O", "orderType": "service desk", "hotelSKU": "prd1154", "hotelCheckInUnix": "1582015242", "hotelCheckOutUnix": "1583311242", "hotelCheckInTS": "2020-02-18T08:40:42+00:00", "hotelCheckOutTS": "2020-03-04T08:40:42+00:00", "hotelChain": "Blue Reef Resort", "hotelName": "Blue Reef Resort: Seattle", "hotelLocation": "Seattle", "hotelRoomType": "standard", "hotelRoomCount": "1", "hotelGuestAdultCount": "1", "hotelGuestChildCount": "0", "hotelNightCount": "15", "hotelRoomPrice": "117.79", "hotelFinalPrice": "1766.85"}}}
{"_id": "orderid:900264", "timestamp": "2020-02-16T07:51:14.000Z", "eventType": "transaction", "_adobeamericaspot3": {"CRMID": "crmid:3613308104", "orderDetails": {"orderID": "orderid:900264", "reservationid": "JJR-GXJJ", "orderType": "call center", "hotelSKU": "prd1046", "hotelCheckInUnix": "1583826674", "hotelCheckOutUnix": "1584085874", "hotelCheckInTS": "2020-03-10T07:51:14+00:00", "hotelCheckOutTS": "2020-03-13T07:51:14+00:00", "hotelChain": "Blue Reef Resort", "hotelName": "Blue Reef Resort: Virginia Beach", "hotelLocation": "Virginia Beach", "hotelRoomType": "standard", "hotelRoomCount": "1", "hotelGuestAdultCount": "1", "hotelGuestChildCount": "0", "hotelNightCount": "3", "hotelRoomPrice": "144.07", "hotelFinalPrice": "432.21"}}}
{"_id": "orderid:948717", "timestamp": "2020-01-22T07:39:11.000Z", "eventType": "transaction", "_adobeamericaspot3": {"CRMID": "crmid:7164753076", "orderDetails": {"orderID": "orderid:948717", "reservationid": "JWS-HMCG", "orderType": "call center", "hotelSKU": "prd1068", "hotelCheckInUnix": "1581406751", "hotelCheckOutUnix": "1583048351", "hotelCheckInTS": "2020-02-11T07:39:11+00:00", "hotelCheckOutTS": "2020-03-01T07:39:11+00:00", "hotelChain": "Repose Resort", "hotelName": "Repose Resort: Dhaka", "hotelLocation": "Dhaka", "hotelRoomType": "standard", "hotelRoomCount": "1", "hotelGuestAdultCount": "1", "hotelGuestChildCount": "0", "hotelNightCount": "19", "hotelRoomPrice": "149.14", "hotelFinalPrice": "2833.66"}}}
{"_id": "orderid:675046", "timestamp": "2020-01-24T08:31:27.000Z", "eventType": "transaction", "_adobeamericaspot3": {"CRMID": "crmid:1851734479", "orderDetails": {"orderID": "orderid:675046", "reservationid": "LEQ-WZ2O", "orderType": "call center", "hotelSKU": "prd1020", "hotelCheckInUnix": "1581841887", "hotelCheckOutUnix": "1582446687", "hotelCheckInTS": "2020-02-16T08:31:27+00:00", "hotelCheckOutTS": "2020-02-23T08:31:27+00:00", "hotelChain": "Repose Resort", "hotelName": "Repose Resort: Seattle", "hotelLocation": "Seattle", "hotelRoomType": "standard", "hotelRoomCount": "1", "hotelGuestAdultCount": "1", "hotelGuestChildCount": "3", "hotelNightCount": "7", "hotelRoomPrice": "121.72", "hotelFinalPrice": "852.04"}}}
{"_id": "orderid:220805", "timestamp": "2019-12-25T00:52:18.000Z", "eventType": "transaction", "_adobeamericaspot3": {"CRMID": "crmid:4234998033", "orderDetails": {"orderID": "orderid:220805", "reservationid": "RE4-6V3T", "orderType": "website", "hotelSKU": "prd1033", "hotelCheckInUnix": "1579567938", "hotelCheckOutUnix": "1580777538", "hotelCheckInTS": "2020-01-21T00:52:18+00:00", "hotelCheckOutTS": "2020-02-04T00:52:18+00:00", "hotelChain": "Admiralty Plaza", "hotelName": "Admiralty Plaza: Milwaukee", "hotelLocation": "Milwaukee", "hotelRoomType": "premium", "hotelRoomCount": "1", "hotelGuestAdultCount": "1", "hotelGuestChildCount": "0", "hotelNightCount": "14", "hotelRoomPrice": "143.82", "hotelFinalPrice": "2013.48"}}}
{"_id": "orderid:832502", "timestamp": "2019-12-21T20:33:13.000Z", "eventType": "transaction", "_adobeamericaspot3": {"CRMID": "crmid:5162491178", "orderDetails": {"orderID": "orderid:832502", "reservationid": "K7F-U6FV", "orderType": "website", "hotelSKU": "prd1112", "hotelCheckInUnix": "1577046793", "hotelCheckOutUnix": "1577133193", "hotelCheckInTS": "2019-12-22T20:33:13+00:00", "hotelCheckOutTS": "2019-12-23T20:33:13+00:00", "hotelChain": "Aspen Heights", "hotelName": "Aspen Heights: Birmingham", "hotelLocation": "Birmingham", "hotelRoomType": "standard", "hotelRoomCount": "1", "hotelGuestAdultCount": "1", "hotelGuestChildCount": "0", "hotelNightCount": "1", "hotelRoomPrice": "143.96", "hotelFinalPrice": "143.96"}}}
{"_id": "orderid:469187", "timestamp": "2020-01-23T00:47:34.000Z", "eventType": "transaction", "_adobeamericaspot3": {"CRMID": "crmid:1583595084", "orderDetails": {"orderID": "orderid:469187", "reservationid": "A8H-MVHZ", "orderType": "call center", "hotelSKU": "prd1183", "hotelCheckInUnix": "1581727654", "hotelCheckOutUnix": "1582591654", "hotelCheckInTS": "2020-02-15T00:47:34+00:00", "hotelCheckOutTS": "2020-02-25T00:47:34+00:00", "hotelChain": "Family Fun Hotels", "hotelName": "Family Fun Hotels: Tulsa", "hotelLocation": "Tulsa", "hotelRoomType": "standard", "hotelRoomCount": "1", "hotelGuestAdultCount": "1", "hotelGuestChildCount": "1", "hotelNightCount": "10", "hotelRoomPrice": "131.42", "hotelFinalPrice": "1314.2"}}}
{"_id": "orderid:215008", "timestamp": "2020-01-11T06:28:33.000Z", "eventType": "transaction", "_adobeamericaspot3": {"CRMID": "crmid:3463286994", "orderDetails": {"orderID": "orderid:215008", "reservationid": "C4P-PL8V", "orderType": "kiosk", "hotelSKU": "prd1131", "hotelCheckInUnix": "1578810513", "hotelCheckOutUnix": "1579415313", "hotelCheckInTS": "2020-01-12T06:28:33+00:00", "hotelCheckOutTS": "2020-01-19T06:28:33+00:00", "hotelChain": "Hospitality Inn", "hotelName": "Hospitality Inn: Sheffield", "hotelLocation": "Sheffield", "hotelRoomType": "premium", "hotelRoomCount": "1", "hotelGuestAdultCount": "1", "hotelGuestChildCount": "3", "hotelNightCount": "7", "hotelRoomPrice": "111.22", "hotelFinalPrice": "778.54"}}}
{"_id": "orderid:995963", "timestamp": "2020-01-16T16:52:04.000Z", "eventType": "transaction", "_adobeamericaspot3": {"CRMID": "crmid:4536677126", "orderDetails": {"orderID": "orderid:995963", "reservationid": "7Q9-K2WB", "orderType": "kiosk", "hotelSKU": "prd1177", "hotelCheckInUnix": "1580057524", "hotelCheckOutUnix": "1580662324", "hotelCheckInTS": "2020-01-26T16:52:04+00:00", "hotelCheckOutTS": "2020-02-02T16:52:04+00:00", "hotelChain": "Admiralty Plaza", "hotelName": "Admiralty Plaza: Raleigh", "hotelLocation": "Raleigh", "hotelRoomType": "standard", "hotelRoomCount": "1", "hotelGuestAdultCount": "1", "hotelGuestChildCount": "1", "hotelNightCount": "7", "hotelRoomPrice": "152.3", "hotelFinalPrice": "1066.1"}}}
{"_id": "orderid:695539", "timestamp": "2019-12-28T07:19:06.000Z", "eventType": "transaction", "_adobeamericaspot3": {"CRMID": "crmid:1658489371", "orderDetails": {"orderID": "orderid:695539", "reservationid": "HE6-QTBQ", "orderType": "kiosk", "hotelSKU": "prd1009", "hotelCheckInUnix": "1577603946", "hotelCheckOutUnix": "1577776746", "hotelCheckInTS": "2019-12-29T07:19:06+00:00", "hotelCheckOutTS": "2019-12-31T07:19:06+00:00", "hotelChain": "Admiralty Plaza", "hotelName": "Admiralty Plaza: San Antonio", "hotelLocation": "San Antonio", "hotelRoomType": "premium", "hotelRoomCount": "1", "hotelGuestAdultCount": "1", "hotelGuestChildCount": "0", "hotelNightCount": "2", "hotelRoomPrice": "184.38", "hotelFinalPrice": "368.76"}}}
{"_id": "orderid:190964", "timestamp": "2019-12-09T22:49:59.000Z", "eventType": "transaction", "_adobeamericaspot3": {"CRMID": "crmid:2918161655", "orderDetails": {"orderID": "orderid:190964", "reservationid": "JKR-OD4I", "orderType": "mobile", "hotelSKU": "prd1028", "hotelCheckInUnix": "1576018199", "hotelCheckOutUnix": "1576190999", "hotelCheckInTS": "2019-12-10T22:49:59+00:00", "hotelCheckOutTS": "2019-12-12T22:49:59+00:00", "hotelChain": "Aspen Heights", "hotelName": "Aspen Heights: Portland", "hotelLocation": "Portland", "hotelRoomType": "premium", "hotelRoomCount": "1", "hotelGuestAdultCount": "1", "hotelGuestChildCount": "0", "hotelNightCount": "2", "hotelRoomPrice": "164.93", "hotelFinalPrice": "329.86"}}}
{"_id": "orderid:920975", "timestamp": "2020-01-28T22:00:45.000Z", "eventType": "transaction", "_adobeamericaspot3": {"CRMID": "crmid:9814584558", "orderDetails": {"orderID": "orderid:920975", "reservationid": "B81-QZRB", "orderType": "call center", "hotelSKU": "prd1122", "hotelCheckInUnix": "1582581645", "hotelCheckOutUnix": "1583013645", "hotelCheckInTS": "2020-02-24T22:00:45+00:00", "hotelCheckOutTS": "2020-02-29T22:00:45+00:00", "hotelChain": "Restful Nights", "hotelName": "Restful Nights: Valencia", "hotelLocation": "Valencia", "hotelRoomType": "standard", "hotelRoomCount": "1", "hotelGuestAdultCount": "1", "hotelGuestChildCount": "2", "hotelNightCount": "5", "hotelRoomPrice": "174.59", "hotelFinalPrice": "872.95"}}}
{"_id": "orderid:195988", "timestamp": "2019-12-29T13:59:26.000Z", "eventType": "transaction", "_adobeamericaspot3": {"CRMID": "crmid:5918265019", "orderDetails": {"orderID": "orderid:195988", "reservationid": "12D-WWUE", "orderType": "call center", "hotelSKU": "prd1088", "hotelCheckInUnix": "1578146366", "hotelCheckOutUnix": "1578491966", "hotelCheckInTS": "2020-01-04T13:59:26+00:00", "hotelCheckOutTS": "2020-01-08T13:59:26+00:00", "hotelChain": "Aspen Heights", "hotelName": "Aspen Heights: Ankara", "hotelLocation": "Ankara", "hotelRoomType": "premium", "hotelRoomCount": "1", "hotelGuestAdultCount": "1", "hotelGuestChildCount": "0", "hotelNightCount": "4", "hotelRoomPrice": "106.75", "hotelFinalPrice": "427.0"}}}
{"_id": "orderid:999136", "timestamp": "2019-12-31T06:14:50.000Z", "eventType": "transaction", "_adobeamericaspot3": {"CRMID": "crmid:6606273222", "orderDetails": {"orderID": "orderid:999136", "reservationid": "5YN-9BPI", "orderType": "kiosk", "hotelSKU": "prd1052", "hotelCheckInUnix": "1577945690", "hotelCheckOutUnix": "1578032090", "hotelCheckInTS": "2020-01-02T06:14:50+00:00", "hotelCheckOutTS": "2020-01-03T06:14:50+00:00", "hotelChain": "Aspen Heights", "hotelName": "Aspen Heights: Wichita", "hotelLocation": "Wichita", "hotelRoomType": "premium", "hotelRoomCount": "1", "hotelGuestAdultCount": "1", "hotelGuestChildCount": "0", "hotelNightCount": "1", "hotelRoomPrice": "106.4", "hotelFinalPrice": "106.4"}}}
{"_id": "orderid:928810", "timestamp": "2020-01-14T15:06:57.000Z", "eventType": "transaction", "_adobeamericaspot3": {"CRMID": "crmid:5333694850", "orderDetails": {"orderID": "orderid:928810", "reservationid": "Z3M-FEDM", "orderType": "kiosk", "hotelSKU": "prd1035", "hotelCheckInUnix": "1579964817", "hotelCheckOutUnix": "1580224017", "hotelCheckInTS": "2020-01-25T15:06:57+00:00", "hotelCheckOutTS": "2020-01-28T15:06:57+00:00", "hotelChain": "Hospitality Inn", "hotelName": "Hospitality Inn: Tucson", "hotelLocation": "Tucson", "hotelRoomType": "standard", "hotelRoomCount": "1", "hotelGuestAdultCount": "1", "hotelGuestChildCount": "0", "hotelNightCount": "3", "hotelRoomPrice": "138.1", "hotelFinalPrice": "414.3"}}}
{"_id": "orderid:752832", "timestamp": "2020-01-02T05:22:48.000Z", "eventType": "transaction", "_adobeamericaspot3": {"CRMID": "crmid:3028172030", "orderDetails": {"orderID": "orderid:752832", "reservationid": "ZJ3-UWKX", "orderType": "kiosk", "hotelSKU": "prd1101", "hotelCheckInUnix": "1579411368", "hotelCheckOutUnix": "1579497768", "hotelCheckInTS": "2020-01-19T05:22:48+00:00", "hotelCheckOutTS": "2020-01-20T05:22:48+00:00", "hotelChain": "Sapphire Suites", "hotelName": "Sapphire Suites: Vienna", "hotelLocation": "Vienna", "hotelRoomType": "standard", "hotelRoomCount": "1", "hotelGuestAdultCount": "1", "hotelGuestChildCount": "1", "hotelNightCount": "1", "hotelRoomPrice": "177.18", "hotelFinalPrice": "177.18"}}}
{"_id": "orderid:602026", "timestamp": "2020-01-22T14:53:37.000Z", "eventType": "transaction", "_adobeamericaspot3": {"CRMID": "crmid:6067963057", "orderDetails": {"orderID": "orderid:602026", "reservationid": "5I1-KRDF", "orderType": "website", "hotelSKU": "prd1103", "hotelCheckInUnix": "1579791217", "hotelCheckOutUnix": "1580136817", "hotelCheckInTS": "2020-01-23T14:53:37+00:00", "hotelCheckOutTS": "2020-01-27T14:53:37+00:00", "hotelChain": "Nesting Box Inn", "hotelName": "Nesting Box Inn: Hamburg", "hotelLocation": "Hamburg", "hotelRoomType": "luxury", "hotelRoomCount": "1", "hotelGuestAdultCount": "1", "hotelGuestChildCount": "0", "hotelNightCount": "4", "hotelRoomPrice": "363.42", "hotelFinalPrice": "1453.68"}}}
{"_id": "orderid:350883", "timestamp": "2019-12-25T10:46:14.000Z", "eventType": "transaction", "_adobeamericaspot3": {"CRMID": "crmid:3130108346", "orderDetails": {"orderID": "orderid:350883", "reservationid": "BSL-IKMB", "orderType": "website", "hotelSKU": "prd1069", "hotelCheckInUnix": "1577875574", "hotelCheckOutUnix": "1578393974", "hotelCheckInTS": "2020-01-01T10:46:14+00:00", "hotelCheckOutTS": "2020-01-07T10:46:14+00:00", "hotelChain": "Admiralty Plaza", "hotelName": "Admiralty Plaza: Singapore", "hotelLocation": "Singapore", "hotelRoomType": "premium", "hotelRoomCount": "1", "hotelGuestAdultCount": "1", "hotelGuestChildCount": "0", "hotelNightCount": "6", "hotelRoomPrice": "105.27", "hotelFinalPrice": "631.62"}}}
{"_id": "orderid:984356", "timestamp": "2020-01-27T12:51:47.000Z", "eventType": "transaction", "_adobeamericaspot3": {"CRMID": "crmid:3024713852", "orderDetails": {"orderID": "orderid:984356", "reservationid": "VFF-VTJD", "orderType": "kiosk", "hotelSKU": "prd1141", "hotelCheckInUnix": "1580302307", "hotelCheckOutUnix": "1580561507", "hotelCheckInTS": "2020-01-29T12:51:47+00:00", "hotelCheckOutTS": "2020-02-01T12:51:47+00:00", "hotelChain": "Admiralty Plaza", "hotelName": "Admiralty Plaza: Phoenix", "hotelLocation": "Phoenix", "hotelRoomType": "standard", "hotelRoomCount": "1", "hotelGuestAdultCount": "1", "hotelGuestChildCount": "0", "hotelNightCount": "3", "hotelRoomPrice": "180.99", "hotelFinalPrice": "542.97"}}}
{"_id": "orderid:682793", "timestamp": "2020-02-03T00:00:00.000Z", "eventType": "transaction", "_adobeamericaspot3": {"CRMID": "crmid:3024713852", "orderDetails": {"orderID": "orderid:682793", "reservationid": "0DJ-JYZZ", "orderType": "mobile", "hotelSKU": "prd1016", "hotelCheckInUnix": "1580774400", "hotelCheckOutUnix": "1580860800", "hotelCheckInTS": "2020-02-04T00:00:00+00:00", "hotelCheckOutTS": "2020-02-05T00:00:00+00:00", "hotelChain": "Aspen Heights", "hotelName": "Aspen Heights: Columbus", "hotelLocation": "Columbus", "hotelRoomType": "premium", "hotelRoomCount": "1", "hotelGuestAdultCount": "1", "hotelGuestChildCount": "0", "hotelNightCount": "1", "hotelRoomPrice": "158.69", "hotelFinalPrice": "158.69"}}}
{"_id": "orderid:244664", "timestamp": "2020-01-23T02:57:32.000Z", "eventType": "transaction", "_adobeamericaspot3": {"CRMID": "crmid:4810760490", "orderDetails": {"orderID": "orderid:244664", "reservationid": "W2O-J7AD", "orderType": "kiosk", "hotelSKU": "prd1131", "hotelCheckInUnix": "1579834652", "hotelCheckOutUnix": "1579921052", "hotelCheckInTS": "2020-01-24T02:57:32+00:00", "hotelCheckOutTS": "2020-01-25T02:57:32+00:00", "hotelChain": "Hospitality Inn", "hotelName": "Hospitality Inn: Sheffield", "hotelLocation": "Sheffield", "hotelRoomType": "standard", "hotelRoomCount": "1", "hotelGuestAdultCount": "1", "hotelGuestChildCount": "0", "hotelNightCount": "1", "hotelRoomPrice": "155.97", "hotelFinalPrice": "155.97"}}}
{"_id": "orderid:772154", "timestamp": "2020-02-05T14:26:42.000Z", "eventType": "transaction", "_adobeamericaspot3": {"CRMID": "crmid:3930592767", "orderDetails": {"orderID": "orderid:772154", "reservationid": "4MC-MWPS", "orderType": "call center", "hotelSKU": "prd1107", "hotelCheckInUnix": "1583159202", "hotelCheckOutUnix": "1584368802", "hotelCheckInTS": "2020-03-02T14:26:42+00:00", "hotelCheckOutTS": "2020-03-16T14:26:42+00:00", "hotelChain": "Hospitality Inn", "hotelName": "Hospitality Inn: Kharkiv", "hotelLocation": "Kharkiv", "hotelRoomType": "ultra-luxury", "hotelRoomCount": "1", "hotelGuestAdultCount": "1", "hotelGuestChildCount": "0", "hotelNightCount": "14", "hotelRoomPrice": "312.73", "hotelFinalPrice": "4378.22"}}}
{"_id": "orderid:963451", "timestamp": "2020-01-03T10:37:31.000Z", "eventType": "transaction", "_adobeamericaspot3": {"CRMID": "crmid:1168964253", "orderDetails": {"orderID": "orderid:963451", "reservationid": "BZ3-FG38", "orderType": "mobile", "hotelSKU": "prd1040", "hotelCheckInUnix": "1579689451", "hotelCheckOutUnix": "1580207851", "hotelCheckInTS": "2020-01-22T10:37:31+00:00", "hotelCheckOutTS": "2020-01-28T10:37:31+00:00", "hotelChain": "Aspen Heights", "hotelName": "Aspen Heights: Atlanta", "hotelLocation": "Atlanta", "hotelRoomType": "standard", "hotelRoomCount": "1", "hotelGuestAdultCount": "1", "hotelGuestChildCount": "0", "hotelNightCount": "6", "hotelRoomPrice": "135.42", "hotelFinalPrice": "812.52"}}}
{"_id": "orderid:869319", "timestamp": "2019-12-21T12:20:02.000Z", "eventType": "transaction", "_adobeamericaspot3": {"CRMID": "crmid:9158284502", "orderDetails": {"orderID": "orderid:869319", "reservationid": "2RM-MUGI", "orderType": "call center", "hotelSKU": "prd1076", "hotelCheckInUnix": "1579436402", "hotelCheckOutUnix": "1580905202", "hotelCheckInTS": "2020-01-19T12:20:02+00:00", "hotelCheckOutTS": "2020-02-05T12:20:02+00:00", "hotelChain": "Aspen Heights", "hotelName": "Aspen Heights: Bogota", "hotelLocation": "Bogota", "hotelRoomType": "standard", "hotelRoomCount": "1", "hotelGuestAdultCount": "1", "hotelGuestChildCount": "2", "hotelNightCount": "17", "hotelRoomPrice": "154.98", "hotelFinalPrice": "2634.66"}}}
{"_id": "orderid:255823", "timestamp": "2020-02-03T08:19:04.000Z", "eventType": "transaction", "_adobeamericaspot3": {"CRMID": "crmid:9606692140", "orderDetails": {"orderID": "orderid:255823", "reservationid": "4EV-BVQT", "orderType": "call center", "hotelSKU": "prd1112", "hotelCheckInUnix": "1582445944", "hotelCheckOutUnix": "1583309944", "hotelCheckInTS": "2020-02-23T08:19:04+00:00", "hotelCheckOutTS": "2020-03-04T08:19:04+00:00", "hotelChain": "Aspen Heights", "hotelName": "Aspen Heights: Birmingham", "hotelLocation": "Birmingham", "hotelRoomType": "ultra-luxury", "hotelRoomCount": "1", "hotelGuestAdultCount": "1", "hotelGuestChildCount": "0", "hotelNightCount": "10", "hotelRoomPrice": "366.29", "hotelFinalPrice": "3662.9"}}}
{"_id": "orderid:534947", "timestamp": "2019-12-21T16:12:08.000Z", "eventType": "transaction", "_adobeamericaspot3": {"CRMID": "crmid:2685537616", "orderDetails": {"orderID": "orderid:534947", "reservationid": "AR6-PTKX", "orderType": "call center", "hotelSKU": "prd1196", "hotelCheckInUnix": "1578931928", "hotelCheckOutUnix": "1579709528", "hotelCheckInTS": "2020-01-13T16:12:08+00:00", "hotelCheckOutTS": "2020-01-22T16:12:08+00:00", "hotelChain": "Aspen Heights", "hotelName": "Aspen Heights: Moscow", "hotelLocation": "Moscow", "hotelRoomType": "standard", "hotelRoomCount": "1", "hotelGuestAdultCount": "1", "hotelGuestChildCount": "4", "hotelNightCount": "9", "hotelRoomPrice": "143.9", "hotelFinalPrice": "1295.1"}}}
{"_id": "orderid:556953", "timestamp": "2019-12-01T19:18:03.000Z", "eventType": "transaction", "_adobeamericaspot3": {"CRMID": "crmid:3244655503", "orderDetails": {"orderID": "orderid:556953", "reservationid": "HEL-KMOC", "orderType": "mobile", "hotelSKU": "prd1131", "hotelCheckInUnix": "1577819883", "hotelCheckOutUnix": "1578597483", "hotelCheckInTS": "2019-12-31T19:18:03+00:00", "hotelCheckOutTS": "2020-01-09T19:18:03+00:00", "hotelChain": "Hospitality Inn", "hotelName": "Hospitality Inn: Sheffield", "hotelLocation": "Sheffield", "hotelRoomType": "premium", "hotelRoomCount": "1", "hotelGuestAdultCount": "1", "hotelGuestChildCount": "0", "hotelNightCount": "9", "hotelRoomPrice": "197.23", "hotelFinalPrice": "1775.07"}}}
{"_id": "orderid:576974", "timestamp": "2020-01-04T16:20:10.000Z", "eventType": "transaction", "_adobeamericaspot3": {"CRMID": "crmid:4107923372", "orderDetails": {"orderID": "orderid:576974", "reservationid": "APV-O00N", "orderType": "mobile", "hotelSKU": "prd1166", "hotelCheckInUnix": "1579882810", "hotelCheckOutUnix": "1580487610", "hotelCheckInTS": "2020-01-24T16:20:10+00:00", "hotelCheckOutTS": "2020-01-31T16:20:10+00:00", "hotelChain": "Blue Reef Resort", "hotelName": "Blue Reef Resort: Baltimore", "hotelLocation": "Baltimore", "hotelRoomType": "standard", "hotelRoomCount": "1", "hotelGuestAdultCount": "1", "hotelGuestChildCount": "0", "hotelNightCount": "7", "hotelRoomPrice": "126.64", "hotelFinalPrice": "886.48"}}}
{"_id": "orderid:243376", "timestamp": "2020-01-28T08:26:39.000Z", "eventType": "transaction", "_adobeamericaspot3": {"CRMID": "crmid:8745643725", "orderDetails": {"orderID": "orderid:243376", "reservationid": "5KE-B3XX", "orderType": "call center", "hotelSKU": "prd1059", "hotelCheckInUnix": "1580286399", "hotelCheckOutUnix": "1580545599", "hotelCheckInTS": "2020-01-29T08:26:39+00:00", "hotelCheckOutTS": "2020-02-01T08:26:39+00:00", "hotelChain": "Hospitality Inn", "hotelName": "Hospitality Inn: Kinshasa", "hotelLocation": "Kinshasa", "hotelRoomType": "standard", "hotelRoomCount": "1", "hotelGuestAdultCount": "1", "hotelGuestChildCount": "0", "hotelNightCount": "3", "hotelRoomPrice": "135.99", "hotelFinalPrice": "407.97"}}}
{"_id": "orderid:297218", "timestamp": "2020-01-09T06:23:54.000Z", "eventType": "transaction", "_adobeamericaspot3": {"CRMID": "crmid:7444790939", "orderDetails": {"orderID": "orderid:297218", "reservationid": "PZI-HUKK", "orderType": "website", "hotelSKU": "prd1083", "hotelCheckInUnix": "1578983034", "hotelCheckOutUnix": "1580624634", "hotelCheckInTS": "2020-01-14T06:23:54+00:00", "hotelCheckOutTS": "2020-02-02T06:23:54+00:00", "hotelChain": "Hospitality Inn", "hotelName": "Hospitality Inn: Bangkok", "hotelLocation": "Bangkok", "hotelRoomType": "standard", "hotelRoomCount": "1", "hotelGuestAdultCount": "1", "hotelGuestChildCount": "2", "hotelNightCount": "19", "hotelRoomPrice": "192.63", "hotelFinalPrice": "3659.97"}}}
{"_id": "orderid:366235", "timestamp": "2020-02-04T02:36:13.000Z", "eventType": "transaction", "_adobeamericaspot3": {"CRMID": "crmid:4431293242", "orderDetails": {"orderID": "orderid:366235", "reservationid": "DLR-UGVZ", "orderType": "website", "hotelSKU": "prd1124", "hotelCheckInUnix": "1580956573", "hotelCheckOutUnix": "1581215773", "hotelCheckInTS": "2020-02-06T02:36:13+00:00", "hotelCheckOutTS": "2020-02-09T02:36:13+00:00", "hotelChain": "Aspen Heights", "hotelName": "Aspen Heights: Leeds", "hotelLocation": "Leeds", "hotelRoomType": "standard", "hotelRoomCount": "1", "hotelGuestAdultCount": "1", "hotelGuestChildCount": "0", "hotelNightCount": "3", "hotelRoomPrice": "159.91", "hotelFinalPrice": "479.73"}}}
{"_id": "orderid:622960", "timestamp": "2020-02-01T05:55:50.000Z", "eventType": "transaction", "_adobeamericaspot3": {"CRMID": "crmid:1156832273", "orderDetails": {"orderID": "orderid:622960", "reservationid": "ABY-AYMJ", "orderType": "call center", "hotelSKU": "prd1049", "hotelCheckInUnix": "1581314150", "hotelCheckOutUnix": "1582610150", "hotelCheckInTS": "2020-02-10T05:55:50+00:00", "hotelCheckOutTS": "2020-02-25T05:55:50+00:00", "hotelChain": "Grandeur Hotels", "hotelName": "Grandeur Hotels: Tulsa", "hotelLocation": "Tulsa", "hotelRoomType": "standard", "hotelRoomCount": "1", "hotelGuestAdultCount": "1", "hotelGuestChildCount": "0", "hotelNightCount": "15", "hotelRoomPrice": "134.77", "hotelFinalPrice": "2021.55"}}}
{"_id": "orderid:475554", "timestamp": "2019-12-26T19:57:54.000Z", "eventType": "transaction", "_adobeamericaspot3": {"CRMID": "crmid:4652630738", "orderDetails": {"orderID": "orderid:475554", "reservationid": "2PR-NNGN", "orderType": "kiosk", "hotelSKU": "prd1165", "hotelCheckInUnix": "1579204674", "hotelCheckOutUnix": "1579377474", "hotelCheckInTS": "2020-01-16T19:57:54+00:00", "hotelCheckOutTS": "2020-01-18T19:57:54+00:00", "hotelChain": "Admiralty Plaza", "hotelName": "Admiralty Plaza: Louisville", "hotelLocation": "Louisville", "hotelRoomType": "standard", "hotelRoomCount": "1", "hotelGuestAdultCount": "1", "hotelGuestChildCount": "0", "hotelNightCount": "2", "hotelRoomPrice": "136.44", "hotelFinalPrice": "272.88"}}}
{"_id": "orderid:243948", "timestamp": "2019-12-25T14:00:00.000Z", "eventType": "transaction", "_adobeamericaspot3": {"CRMID": "crmid:8030618872", "orderDetails": {"orderID": "orderid:243948", "reservationid": "RRU-CXGW", "orderType": "kiosk", "hotelSKU": "prd1172", "hotelCheckInUnix": "1579615200", "hotelCheckOutUnix": "1579701600", "hotelCheckInTS": "2020-01-21T14:00:00+00:00", "hotelCheckOutTS": "2020-01-22T14:00:00+00:00", "hotelChain": "Aspen Heights", "hotelName": "Aspen Heights: Mesa", "hotelLocation": "Mesa", "hotelRoomType": "standard", "hotelRoomCount": "1", "hotelGuestAdultCount": "1", "hotelGuestChildCount": "4", "hotelNightCount": "1", "hotelRoomPrice": "135.56", "hotelFinalPrice": "135.56"}}}
{"_id": "orderid:344152", "timestamp": "2020-02-07T04:32:28.000Z", "eventType": "transaction", "_adobeamericaspot3": {"CRMID": "crmid:5637564706", "orderDetails": {"orderID": "orderid:344152", "reservationid": "DN9-WRR4", "orderType": "website", "hotelSKU": "prd1035", "hotelCheckInUnix": "1581222748", "hotelCheckOutUnix": "1581309148", "hotelCheckInTS": "2020-02-09T04:32:28+00:00", "hotelCheckOutTS": "2020-02-10T04:32:28+00:00", "hotelChain": "Hospitality Inn", "hotelName": "Hospitality Inn: Tucson", "hotelLocation": "Tucson", "hotelRoomType": "premium", "hotelRoomCount": "1", "hotelGuestAdultCount": "1", "hotelGuestChildCount": "0", "hotelNightCount": "1", "hotelRoomPrice": "116.07", "hotelFinalPrice": "116.07"}}}
{"_id": "orderid:657295", "timestamp": "2019-12-04T00:55:42.000Z", "eventType": "transaction", "_adobeamericaspot3": {"CRMID": "crmid:3699069787", "orderDetails": {"orderID": "orderid:657295", "reservationid": "HNS-YNPI", "orderType": "kiosk", "hotelSKU": "prd1194", "hotelCheckInUnix": "1575507342", "hotelCheckOutUnix": "1575766542", "hotelCheckInTS": "2019-12-05T00:55:42+00:00", "hotelCheckOutTS": "2019-12-08T00:55:42+00:00", "hotelChain": "Restful Nights", "hotelName": "Restful Nights: Tianjin", "hotelLocation": "Tianjin", "hotelRoomType": "standard", "hotelRoomCount": "1", "hotelGuestAdultCount": "1", "hotelGuestChildCount": "0", "hotelNightCount": "3", "hotelRoomPrice": "130.6", "hotelFinalPrice": "391.8"}}}
{"_id": "orderid:312869", "timestamp": "2020-01-18T05:59:15.000Z", "eventType": "transaction", "_adobeamericaspot3": {"CRMID": "crmid:8708028125", "orderDetails": {"orderID": "orderid:312869", "reservationid": "UAK-K43S", "orderType": "call center", "hotelSKU": "prd1065", "hotelCheckInUnix": "1579413555", "hotelCheckOutUnix": "1579845555", "hotelCheckInTS": "2020-01-19T05:59:15+00:00", "hotelCheckOutTS": "2020-01-24T05:59:15+00:00", "hotelChain": "Sapphire Suites", "hotelName": "Sapphire Suites: Beijing", "hotelLocation": "Beijing", "hotelRoomType": "standard", "hotelRoomCount": "1", "hotelGuestAdultCount": "1", "hotelGuestChildCount": "1", "hotelNightCount": "5", "hotelRoomPrice": "143.67", "hotelFinalPrice": "718.35"}}}
{"_id": "orderid:145733", "timestamp": "2020-02-07T22:23:59.000Z", "eventType": "transaction", "_adobeamericaspot3": {"CRMID": "crmid:4630852347", "orderDetails": {"orderID": "orderid:145733", "reservationid": "HX8-APG4", "orderType": "kiosk", "hotelSKU": "prd1166", "hotelCheckInUnix": "1582237439", "hotelCheckOutUnix": "1582755839", "hotelCheckInTS": "2020-02-20T22:23:59+00:00", "hotelCheckOutTS": "2020-02-26T22:23:59+00:00", "hotelChain": "Blue Reef Resort", "hotelName": "Blue Reef Resort: Baltimore", "hotelLocation": "Baltimore", "hotelRoomType": "standard", "hotelRoomCount": "1", "hotelGuestAdultCount": "1", "hotelGuestChildCount": "0", "hotelNightCount": "6", "hotelRoomPrice": "168.87", "hotelFinalPrice": "1013.22"}}}
{"_id": "orderid:949306", "timestamp": "2020-01-05T21:17:48.000Z", "eventType": "transaction", "_adobeamericaspot3": {"CRMID": "crmid:4429687567", "orderDetails": {"orderID": "orderid:949306", "reservationid": "KXI-RRQE", "orderType": "mobile", "hotelSKU": "prd1093", "hotelCheckInUnix": "1579987068", "hotelCheckOutUnix": "1580505468", "hotelCheckInTS": "2020-01-25T21:17:48+00:00", "hotelCheckOutTS": "2020-01-31T21:17:48+00:00", "hotelChain": "Admiralty Plaza", "hotelName": "Admiralty Plaza: Yokohama", "hotelLocation": "Yokohama", "hotelRoomType": "standard", "hotelRoomCount": "1", "hotelGuestAdultCount": "1", "hotelGuestChildCount": "0", "hotelNightCount": "6", "hotelRoomPrice": "163.93", "hotelFinalPrice": "983.58"}}}
{"_id": "orderid:484921", "timestamp": "2019-12-08T12:25:21.000Z", "eventType": "transaction", "_adobeamericaspot3": {"CRMID": "crmid:3062527764", "orderDetails": {"orderID": "orderid:484921", "reservationid": "OAQ-MWVP", "orderType": "kiosk", "hotelSKU": "prd1137", "hotelCheckInUnix": "1577449521", "hotelCheckOutUnix": "1578054321", "hotelCheckInTS": "2019-12-27T12:25:21+00:00", "hotelCheckOutTS": "2020-01-03T12:25:21+00:00", "hotelChain": "Sapphire Suites", "hotelName": "Sapphire Suites: Manila", "hotelLocation": "Manila", "hotelRoomType": "standard", "hotelRoomCount": "1", "hotelGuestAdultCount": "1", "hotelGuestChildCount": "0", "hotelNightCount": "7", "hotelRoomPrice": "126.46", "hotelFinalPrice": "885.22"}}}
{"_id": "orderid:279132", "timestamp": "2019-12-29T19:58:05.000Z", "eventType": "transaction", "_adobeamericaspot3": {"CRMID": "crmid:4462843043", "orderDetails": {"orderID": "orderid:279132", "reservationid": "WOI-CG3K", "orderType": "call center", "hotelSKU": "prd1170", "hotelCheckInUnix": "1577735885", "hotelCheckOutUnix": "1577822285", "hotelCheckInTS": "2019-12-30T19:58:05+00:00", "hotelCheckOutTS": "2019-12-31T19:58:05+00:00", "hotelChain": "Restful Nights", "hotelName": "Restful Nights: Fresno", "hotelLocation": "Fresno", "hotelRoomType": "premium", "hotelRoomCount": "1", "hotelGuestAdultCount": "1", "hotelGuestChildCount": "0", "hotelNightCount": "1", "hotelRoomPrice": "103.82", "hotelFinalPrice": "103.82"}}}
{"_id": "orderid:374503", "timestamp": "2019-12-18T09:26:48.000Z", "eventType": "transaction", "_adobeamericaspot3": {"CRMID": "crmid:8372917484", "orderDetails": {"orderID": "orderid:374503", "reservationid": "FX2-A7IV", "orderType": "kiosk", "hotelSKU": "prd1111", "hotelCheckInUnix": "1578562008", "hotelCheckOutUnix": "1578994008", "hotelCheckInTS": "2020-01-09T09:26:48+00:00", "hotelCheckOutTS": "2020-01-14T09:26:48+00:00", "hotelChain": "Family Fun Hotels", "hotelName": "Family Fun Hotels: Prague", "hotelLocation": "Prague", "hotelRoomType": "standard", "hotelRoomCount": "1", "hotelGuestAdultCount": "1", "hotelGuestChildCount": "0", "hotelNightCount": "5", "hotelRoomPrice": "189.54", "hotelFinalPrice": "947.7"}}}
{"_id": "orderid:696566", "timestamp": "2020-01-20T04:39:27.000Z", "eventType": "transaction", "_adobeamericaspot3": {"CRMID": "crmid:8427486172", "orderDetails": {"orderID": "orderid:696566", "reservationid": "XMI-FJUM", "orderType": "call center", "hotelSKU": "prd1145", "hotelCheckInUnix": "1579581567", "hotelCheckOutUnix": "1579754367", "hotelCheckInTS": "2020-01-21T04:39:27+00:00", "hotelCheckOutTS": "2020-01-23T04:39:27+00:00", "hotelChain": "Grandeur Hotels", "hotelName": "Grandeur Hotels: Dallas", "hotelLocation": "Dallas", "hotelRoomType": "premium", "hotelRoomCount": "1", "hotelGuestAdultCount": "1", "hotelGuestChildCount": "0", "hotelNightCount": "2", "hotelRoomPrice": "133.85", "hotelFinalPrice": "267.7"}}}
{"_id": "orderid:527767", "timestamp": "2020-01-03T05:57:19.000Z", "eventType": "transaction", "_adobeamericaspot3": {"CRMID": "crmid:4943610488", "orderDetails": {"orderID": "orderid:527767", "reservationid": "2UO-BDS0", "orderType": "kiosk", "hotelSKU": "prd1013", "hotelCheckInUnix": "1578203839", "hotelCheckOutUnix": "1578549439", "hotelCheckInTS": "2020-01-05T05:57:19+00:00", "hotelCheckOutTS": "2020-01-09T05:57:19+00:00", "hotelChain": "Grandeur Hotels", "hotelName": "Grandeur Hotels: Austin", "hotelLocation": "Austin", "hotelRoomType": "ultra-luxury", "hotelRoomCount": "1", "hotelGuestAdultCount": "1", "hotelGuestChildCount": "0", "hotelNightCount": "4", "hotelRoomPrice": "304.57", "hotelFinalPrice": "1218.28"}}}
{"_id": "orderid:595459", "timestamp": "2019-12-13T21:12:57.000Z", "eventType": "transaction", "_adobeamericaspot3": {"CRMID": "crmid:2231516745", "orderDetails": {"orderID": "orderid:595459", "reservationid": "RK5-VRRA", "orderType": "call center", "hotelSKU": "prd1044", "hotelCheckInUnix": "1578431577", "hotelCheckOutUnix": "1578690777", "hotelCheckInTS": "2020-01-07T21:12:57+00:00", "hotelCheckOutTS": "2020-01-10T21:12:57+00:00", "hotelChain": "Repose Resort", "hotelName": "Repose Resort: Colorado Springs", "hotelLocation": "Colorado Springs", "hotelRoomType": "premium", "hotelRoomCount": "1", "hotelGuestAdultCount": "1", "hotelGuestChildCount": "4", "hotelNightCount": "3", "hotelRoomPrice": "180.9", "hotelFinalPrice": "542.7"}}}
{"_id": "orderid:209352", "timestamp": "2020-01-13T14:24:06.000Z", "eventType": "transaction", "_adobeamericaspot3": {"CRMID": "crmid:8551224098", "orderDetails": {"orderID": "orderid:209352", "reservationid": "0CW-6LFS", "orderType": "kiosk", "hotelSKU": "prd1172", "hotelCheckInUnix": "1579530246", "hotelCheckOutUnix": "1580480646", "hotelCheckInTS": "2020-01-20T14:24:06+00:00", "hotelCheckOutTS": "2020-01-31T14:24:06+00:00", "hotelChain": "Aspen Heights", "hotelName": "Aspen Heights: Mesa", "hotelLocation": "Mesa", "hotelRoomType": "premium", "hotelRoomCount": "1", "hotelGuestAdultCount": "1", "hotelGuestChildCount": "2", "hotelNightCount": "11", "hotelRoomPrice": "127.35", "hotelFinalPrice": "1400.85"}}}
{"_id": "orderid:423305", "timestamp": "2019-12-17T23:35:15.000Z", "eventType": "transaction", "_adobeamericaspot3": {"CRMID": "crmid:8743552589", "orderDetails": {"orderID": "orderid:423305", "reservationid": "NVU-EVQZ", "orderType": "website", "hotelSKU": "prd1016", "hotelCheckInUnix": "1577489715", "hotelCheckOutUnix": "1577921715", "hotelCheckInTS": "2019-12-27T23:35:15+00:00", "hotelCheckOutTS": "2020-01-01T23:35:15+00:00", "hotelChain": "Aspen Heights", "hotelName": "Aspen Heights: Columbus", "hotelLocation": "Columbus", "hotelRoomType": "ultra-luxury", "hotelRoomCount": "1", "hotelGuestAdultCount": "1", "hotelGuestChildCount": "0", "hotelNightCount": "5", "hotelRoomPrice": "328.04", "hotelFinalPrice": "1640.2"}}}
{"_id": "orderid:539539", "timestamp": "2020-02-04T23:05:00.000Z", "eventType": "transaction", "_adobeamericaspot3": {"CRMID": "crmid:3690676950", "orderDetails": {"orderID": "orderid:539539", "reservationid": "PJ2-9RXY", "orderType": "kiosk", "hotelSKU": "prd1052", "hotelCheckInUnix": "1581030300", "hotelCheckOutUnix": "1581289500", "hotelCheckInTS": "2020-02-06T23:05:00+00:00", "hotelCheckOutTS": "2020-02-09T23:05:00+00:00", "hotelChain": "Aspen Heights", "hotelName": "Aspen Heights: Wichita", "hotelLocation": "Wichita", "hotelRoomType": "standard", "hotelRoomCount": "1", "hotelGuestAdultCount": "1", "hotelGuestChildCount": "0", "hotelNightCount": "3", "hotelRoomPrice": "143.2", "hotelFinalPrice": "429.6"}}}
{"_id": "orderid:761150", "timestamp": "2019-12-24T01:03:19.000Z", "eventType": "transaction", "_adobeamericaspot3": {"CRMID": "crmid:3758995507", "orderDetails": {"orderID": "orderid:761150", "reservationid": "ODW-ZCTL", "orderType": "website", "hotelSKU": "prd1005", "hotelCheckInUnix": "1577235799", "hotelCheckOutUnix": "1577408599", "hotelCheckInTS": "2019-12-25T01:03:19+00:00", "hotelCheckOutTS": "2019-12-27T01:03:19+00:00", "hotelChain": "Sapphire Suites", "hotelName": "Sapphire Suites: Los Angeles", "hotelLocation": "Los Angeles", "hotelRoomType": "standard", "hotelRoomCount": "1", "hotelGuestAdultCount": "1", "hotelGuestChildCount": "0", "hotelNightCount": "2", "hotelRoomPrice": "141.65", "hotelFinalPrice": "283.3"}}}
{"_id": "orderid:974676", "timestamp": "2020-02-07T18:33:15.000Z", "eventType": "transaction", "_adobeamericaspot3": {"CRMID": "crmid:9414536529", "orderDetails": {"orderID": "orderid:974676", "reservationid": "ZJI-AEDD", "orderType": "call center", "hotelSKU": "prd1027", "hotelCheckInUnix": "1582914795", "hotelCheckOutUnix": "1583260395", "hotelCheckInTS": "2020-02-28T18:33:15+00:00", "hotelCheckOutTS": "2020-03-03T18:33:15+00:00", "hotelChain": "Family Fun Hotels", "hotelName": "Family Fun Hotels: Memphis", "hotelLocation": "Memphis", "hotelRoomType": "premium", "hotelRoomCount": "1", "hotelGuestAdultCount": "1", "hotelGuestChildCount": "4", "hotelNightCount": "4", "hotelRoomPrice": "145.36", "hotelFinalPrice": "581.44"}}}
{"_id": "orderid:115186", "timestamp": "2019-12-14T01:17:16.000Z", "eventType": "transaction", "_adobeamericaspot3": {"CRMID": "crmid:3828147677", "orderDetails": {"orderID": "orderid:115186", "reservationid": "NBC-X075", "orderType": "website", "hotelSKU": "prd1085", "hotelCheckInUnix": "1576372636", "hotelCheckOutUnix": "1576631836", "hotelCheckInTS": "2019-12-15T01:17:16+00:00", "hotelCheckOutTS": "2019-12-18T01:17:16+00:00", "hotelChain": "Grandeur Hotels", "hotelName": "Grandeur Hotels: Saint Petersburg", "hotelLocation": "Saint Petersburg", "hotelRoomType": "premium", "hotelRoomCount": "1", "hotelGuestAdultCount": "1", "hotelGuestChildCount": "0", "hotelNightCount": "3", "hotelRoomPrice": "112.61", "hotelFinalPrice": "337.83"}}}
{"_id": "orderid:197543", "timestamp": "2020-02-15T16:33:47.000Z", "eventType": "transaction", "_adobeamericaspot3": {"CRMID": "crmid:7938981576", "orderDetails": {"orderID": "orderid:197543", "reservationid": "8OA-OYVE", "orderType": "call center", "hotelSKU": "prd1167", "hotelCheckInUnix": "1582130027", "hotelCheckOutUnix": "1582475627", "hotelCheckInTS": "2020-02-19T16:33:47+00:00", "hotelCheckOutTS": "2020-02-23T16:33:47+00:00", "hotelChain": "Hospitality Inn", "hotelName": "Hospitality Inn: Milwaukee", "hotelLocation": "Milwaukee", "hotelRoomType": "standard", "hotelRoomCount": "1", "hotelGuestAdultCount": "1", "hotelGuestChildCount": "0", "hotelNightCount": "4", "hotelRoomPrice": "134.11", "hotelFinalPrice": "536.44"}}}
{"_id": "orderid:892106", "timestamp": "2020-01-19T10:31:21.000Z", "eventType": "transaction", "_adobeamericaspot3": {"CRMID": "crmid:6756694175", "orderDetails": {"orderID": "orderid:892106", "reservationid": "R0Z-0DS5", "orderType": "website", "hotelSKU": "prd1141", "hotelCheckInUnix": "1579775481", "hotelCheckOutUnix": "1580812281", "hotelCheckInTS": "2020-01-23T10:31:21+00:00", "hotelCheckOutTS": "2020-02-04T10:31:21+00:00", "hotelChain": "Admiralty Plaza", "hotelName": "Admiralty Plaza: Phoenix", "hotelLocation": "Phoenix", "hotelRoomType": "standard", "hotelRoomCount": "1", "hotelGuestAdultCount": "1", "hotelGuestChildCount": "0", "hotelNightCount": "12", "hotelRoomPrice": "150.88", "hotelFinalPrice": "1810.56"}}}
{"_id": "orderid:574529", "timestamp": "2019-12-22T17:00:21.000Z", "eventType": "transaction", "_adobeamericaspot3": {"CRMID": "crmid:8633729827", "orderDetails": {"orderID": "orderid:574529", "reservationid": "VTA-UHTU", "orderType": "kiosk", "hotelSKU": "prd1172", "hotelCheckInUnix": "1577725221", "hotelCheckOutUnix": "1577898021", "hotelCheckInTS": "2019-12-30T17:00:21+00:00", "hotelCheckOutTS": "2020-01-01T17:00:21+00:00", "hotelChain": "Aspen Heights", "hotelName": "Aspen Heights: Mesa", "hotelLocation": "Mesa", "hotelRoomType": "standard", "hotelRoomCount": "1", "hotelGuestAdultCount": "1", "hotelGuestChildCount": "4", "hotelNightCount": "2", "hotelRoomPrice": "119.81", "hotelFinalPrice": "239.62"}}}
{"_id": "orderid:421112", "timestamp": "2019-12-15T09:41:53.000Z", "eventType": "transaction", "_adobeamericaspot3": {"CRMID": "crmid:3128354768", "orderDetails": {"orderID": "orderid:421112", "reservationid": "RIQ-DR7Q", "orderType": "website", "hotelSKU": "prd1148", "hotelCheckInUnix": "1578649313", "hotelCheckOutUnix": "1579340513", "hotelCheckInTS": "2020-01-10T09:41:53+00:00", "hotelCheckOutTS": "2020-01-18T09:41:53+00:00", "hotelChain": "Aspen Heights", "hotelName": "Aspen Heights: Jacksonville", "hotelLocation": "Jacksonville", "hotelRoomType": "standard", "hotelRoomCount": "1", "hotelGuestAdultCount": "1", "hotelGuestChildCount": "0", "hotelNightCount": "8", "hotelRoomPrice": "161.21", "hotelFinalPrice": "1289.68"}}}
{"_id": "orderid:461576", "timestamp": "2019-12-17T16:54:35.000Z", "eventType": "transaction", "_adobeamericaspot3": {"CRMID": "crmid:2607155093", "orderDetails": {"orderID": "orderid:461576", "reservationid": "0YI-BTQX", "orderType": "website", "hotelSKU": "prd1054", "hotelCheckInUnix": "1578502475", "hotelCheckOutUnix": "1579193675", "hotelCheckInTS": "2020-01-08T16:54:35+00:00", "hotelCheckOutTS": "2020-01-16T16:54:35+00:00", "hotelChain": "Sego Lily Suites", "hotelName": "Sego Lily Suites: Tampa", "hotelLocation": "Tampa", "hotelRoomType": "premium", "hotelRoomCount": "1", "hotelGuestAdultCount": "1", "hotelGuestChildCount": "0", "hotelNightCount": "8", "hotelRoomPrice": "128.75", "hotelFinalPrice": "1030.0"}}}
{"_id": "orderid:347128", "timestamp": "2020-01-06T13:02:19.000Z", "eventType": "transaction", "_adobeamericaspot3": {"CRMID": "crmid:6009749906", "orderDetails": {"orderID": "orderid:347128", "reservationid": "RYK-BOND", "orderType": "website", "hotelSKU": "prd1147", "hotelCheckInUnix": "1580302939", "hotelCheckOutUnix": "1580994139", "hotelCheckInTS": "2020-01-29T13:02:19+00:00", "hotelCheckOutTS": "2020-02-06T13:02:19+00:00", "hotelChain": "Family Fun Hotels", "hotelName": "Family Fun Hotels: Austin", "hotelLocation": "Austin", "hotelRoomType": "standard", "hotelRoomCount": "1", "hotelGuestAdultCount": "1", "hotelGuestChildCount": "0", "hotelNightCount": "8", "hotelRoomPrice": "98.15", "hotelFinalPrice": "785.2"}}}
{"_id": "orderid:733144", "timestamp": "2020-01-27T07:15:24.000Z", "eventType": "transaction", "_adobeamericaspot3": {"CRMID": "crmid:9446689842", "orderDetails": {"orderID": "orderid:733144", "reservationid": "SCI-EHTA", "orderType": "website", "hotelSKU": "prd1021", "hotelCheckInUnix": "1580195724", "hotelCheckOutUnix": "1580454924", "hotelCheckInTS": "2020-01-28T07:15:24+00:00", "hotelCheckOutTS": "2020-01-31T07:15:24+00:00", "hotelChain": "Admiralty Plaza", "hotelName": "Admiralty Plaza: Denver", "hotelLocation": "Denver", "hotelRoomType": "standard", "hotelRoomCount": "1", "hotelGuestAdultCount": "1", "hotelGuestChildCount": "0", "hotelNightCount": "3", "hotelRoomPrice": "148.04", "hotelFinalPrice": "444.12"}}}
{"_id": "orderid:320008", "timestamp": "2019-12-31T23:21:48.000Z", "eventType": "transaction", "_adobeamericaspot3": {"CRMID": "crmid:8759774498", "orderDetails": {"orderID": "orderid:320008", "reservationid": "POP-QTWT", "orderType": "call center", "hotelSKU": "prd1132", "hotelCheckInUnix": "1577920908", "hotelCheckOutUnix": "1578007308", "hotelCheckInTS": "2020-01-01T23:21:48+00:00", "hotelCheckOutTS": "2020-01-02T23:21:48+00:00", "hotelChain": "Sandhill", "hotelName": "Sandhill: Oslo", "hotelLocation": "Oslo", "hotelRoomType": "standard", "hotelRoomCount": "1", "hotelGuestAdultCount": "1", "hotelGuestChildCount": "0", "hotelNightCount": "1", "hotelRoomPrice": "157.87", "hotelFinalPrice": "157.87"}}}
{"_id": "orderid:665925", "timestamp": "2020-01-26T07:11:19.000Z", "eventType": "transaction", "_adobeamericaspot3": {"CRMID": "crmid:9618817338", "orderDetails": {"orderID": "orderid:665925", "reservationid": "PIT-GVKU", "orderType": "call center", "hotelSKU": "prd1184", "hotelCheckInUnix": "1582009879", "hotelCheckOutUnix": "1582528279", "hotelCheckInTS": "2020-02-18T07:11:19+00:00", "hotelCheckOutTS": "2020-02-24T07:11:19+00:00", "hotelChain": "Aspen Heights", "hotelName": "Aspen Heights: Arlington", "hotelLocation": "Arlington", "hotelRoomType": "premium", "hotelRoomCount": "1", "hotelGuestAdultCount": "1", "hotelGuestChildCount": "0", "hotelNightCount": "6", "hotelRoomPrice": "172.66", "hotelFinalPrice": "1035.96"}}}
{"_id": "orderid:537742", "timestamp": "2019-12-07T06:37:09.000Z", "eventType": "transaction", "_adobeamericaspot3": {"CRMID": "crmid:8748686776", "orderDetails": {"orderID": "orderid:537742", "reservationid": "RRF-HTRF", "orderType": "service desk", "hotelSKU": "prd1110", "hotelCheckInUnix": "1577428629", "hotelCheckOutUnix": "1577860629", "hotelCheckInTS": "2019-12-27T06:37:09+00:00", "hotelCheckOutTS": "2020-01-01T06:37:09+00:00", "hotelChain": "Restful Nights", "hotelName": "Restful Nights: Sofia", "hotelLocation": "Sofia", "hotelRoomType": "standard", "hotelRoomCount": "1", "hotelGuestAdultCount": "1", "hotelGuestChildCount": "4", "hotelNightCount": "5", "hotelRoomPrice": "152.71", "hotelFinalPrice": "763.55"}}}
{"_id": "orderid:822805", "timestamp": "2019-12-22T23:15:07.000Z", "eventType": "transaction", "_adobeamericaspot3": {"CRMID": "crmid:9058531894", "orderDetails": {"orderID": "orderid:822805", "reservationid": "BIU-HEV8", "orderType": "kiosk", "hotelSKU": "prd1083", "hotelCheckInUnix": "1577142907", "hotelCheckOutUnix": "1577229307", "hotelCheckInTS": "2019-12-23T23:15:07+00:00", "hotelCheckOutTS": "2019-12-24T23:15:07+00:00", "hotelChain": "Hospitality Inn", "hotelName": "Hospitality Inn: Bangkok", "hotelLocation": "Bangkok", "hotelRoomType": "standard", "hotelRoomCount": "1", "hotelGuestAdultCount": "1", "hotelGuestChildCount": "0", "hotelNightCount": "1", "hotelRoomPrice": "143.78", "hotelFinalPrice": "143.78"}}}
{"_id": "orderid:871370", "timestamp": "2020-02-05T01:56:29.000Z", "eventType": "transaction", "_adobeamericaspot3": {"CRMID": "crmid:3127835251", "orderDetails": {"orderID": "orderid:871370", "reservationid": "ZS8-CPI8", "orderType": "kiosk", "hotelSKU": "prd1124", "hotelCheckInUnix": "1583286989", "hotelCheckOutUnix": "1584150989", "hotelCheckInTS": "2020-03-04T01:56:29+00:00", "hotelCheckOutTS": "2020-03-14T01:56:29+00:00", "hotelChain": "Aspen Heights", "hotelName": "Aspen Heights: Leeds", "hotelLocation": "Leeds", "hotelRoomType": "standard", "hotelRoomCount": "1", "hotelGuestAdultCount": "1", "hotelGuestChildCount": "0", "hotelNightCount": "10", "hotelRoomPrice": "130.16", "hotelFinalPrice": "1301.6"}}}
{"_id": "orderid:684854", "timestamp": "2020-01-28T07:01:28.000Z", "eventType": "transaction", "_adobeamericaspot3": {"CRMID": "crmid:6119984727", "orderDetails": {"orderID": "orderid:684854", "reservationid": "RAX-F45K", "orderType": "website", "hotelSKU": "prd1065", "hotelCheckInUnix": "1581836488", "hotelCheckOutUnix": "1582614088", "hotelCheckInTS": "2020-02-16T07:01:28+00:00", "hotelCheckOutTS": "2020-02-25T07:01:28+00:00", "hotelChain": "Sapphire Suites", "hotelName": "Sapphire Suites: Beijing", "hotelLocation": "Beijing", "hotelRoomType": "standard", "hotelRoomCount": "1", "hotelGuestAdultCount": "1", "hotelGuestChildCount": "0", "hotelNightCount": "9", "hotelRoomPrice": "140.43", "hotelFinalPrice": "1263.87"}}}
{"_id": "orderid:850651", "timestamp": "2020-01-13T04:16:16.000Z", "eventType": "transaction", "_adobeamericaspot3": {"CRMID": "crmid:5883436612", "orderDetails": {"orderID": "orderid:850651", "reservationid": "BWG-RQVJ", "orderType": "kiosk", "hotelSKU": "prd1171", "hotelCheckInUnix": "1579061776", "hotelCheckOutUnix": "1579234576", "hotelCheckInTS": "2020-01-15T04:16:16+00:00", "hotelCheckOutTS": "2020-01-17T04:16:16+00:00", "hotelChain": "Family Fun Hotels", "hotelName": "Family Fun Hotels: Sacramento", "hotelLocation": "Sacramento", "hotelRoomType": "standard", "hotelRoomCount": "1", "hotelGuestAdultCount": "1", "hotelGuestChildCount": "0", "hotelNightCount": "2", "hotelRoomPrice": "152.96", "hotelFinalPrice": "305.92"}}}
{"_id": "orderid:484249", "timestamp": "2020-02-07T23:26:46.000Z", "eventType": "transaction", "_adobeamericaspot3": {"CRMID": "crmid:9492060327", "orderDetails": {"orderID": "orderid:484249", "reservationid": "41V-HNXO", "orderType": "website", "hotelSKU": "prd1141", "hotelCheckInUnix": "1582759606", "hotelCheckOutUnix": "1583969206", "hotelCheckInTS": "2020-02-26T23:26:46+00:00", "hotelCheckOutTS": "2020-03-11T23:26:46+00:00", "hotelChain": "Admiralty Plaza", "hotelName": "Admiralty Plaza: Phoenix", "hotelLocation": "Phoenix", "hotelRoomType": "standard", "hotelRoomCount": "1", "hotelGuestAdultCount": "1", "hotelGuestChildCount": "0", "hotelNightCount": "14", "hotelRoomPrice": "158.19", "hotelFinalPrice": "2214.66"}}}
{"_id": "orderid:722407", "timestamp": "2019-12-07T09:47:52.000Z", "eventType": "transaction", "_adobeamericaspot3": {"CRMID": "crmid:3158616826", "orderDetails": {"orderID": "orderid:722407", "reservationid": "EMC-C4NM", "orderType": "mobile", "hotelSKU": "prd1157", "hotelCheckInUnix": "1578044872", "hotelCheckOutUnix": "1578131272", "hotelCheckInTS": "2020-01-03T09:47:52+00:00", "hotelCheckOutTS": "2020-01-04T09:47:52+00:00", "hotelChain": "Grandeur Hotels", "hotelName": "Grandeur Hotels: Boston", "hotelLocation": "Boston", "hotelRoomType": "standard", "hotelRoomCount": "1", "hotelGuestAdultCount": "1", "hotelGuestChildCount": "0", "hotelNightCount": "1", "hotelRoomPrice": "139.08", "hotelFinalPrice": "139.08"}}}
{"_id": "orderid:737990", "timestamp": "2020-01-07T12:50:20.000Z", "eventType": "transaction", "_adobeamericaspot3": {"CRMID": "crmid:9847808626", "orderDetails": {"orderID": "orderid:737990", "reservationid": "JCH-YVDR", "orderType": "call center", "hotelSKU": "prd1169", "hotelCheckInUnix": "1578487820", "hotelCheckOutUnix": "1578574220", "hotelCheckInTS": "2020-01-08T12:50:20+00:00", "hotelCheckOutTS": "2020-01-09T12:50:20+00:00", "hotelChain": "Grandeur Hotels", "hotelName": "Grandeur Hotels: Tucson", "hotelLocation": "Tucson", "hotelRoomType": "standard", "hotelRoomCount": "1", "hotelGuestAdultCount": "1", "hotelGuestChildCount": "0", "hotelNightCount": "1", "hotelRoomPrice": "167.06", "hotelFinalPrice": "167.06"}}}
{"_id": "orderid:603704", "timestamp": "2020-01-06T22:10:55.000Z", "eventType": "transaction", "_adobeamericaspot3": {"CRMID": "crmid:8897078704", "orderDetails": {"orderID": "orderid:603704", "reservationid": "CA7-8TQS", "orderType": "website", "hotelSKU": "prd1082", "hotelCheckInUnix": "1579903855", "hotelCheckOutUnix": "1580335855", "hotelCheckInTS": "2020-01-24T22:10:55+00:00", "hotelCheckOutTS": "2020-01-29T22:10:55+00:00", "hotelChain": "Blue Reef Resort", "hotelName": "Blue Reef Resort: Surat", "hotelLocation": "Surat", "hotelRoomType": "premium", "hotelRoomCount": "1", "hotelGuestAdultCount": "1", "hotelGuestChildCount": "0", "hotelNightCount": "5", "hotelRoomPrice": "173.25", "hotelFinalPrice": "866.25"}}}
{"_id": "orderid:536095", "timestamp": "2020-02-01T00:24:14.000Z", "eventType": "transaction", "_adobeamericaspot3": {"CRMID": "crmid:8231886091", "orderDetails": {"orderID": "orderid:536095", "reservationid": "INK-CGHN", "orderType": "website", "hotelSKU": "prd1043", "hotelCheckInUnix": "1582158254", "hotelCheckOutUnix": "1582763054", "hotelCheckInTS": "2020-02-20T00:24:14+00:00", "hotelCheckOutTS": "2020-02-27T00:24:14+00:00", "hotelChain": "Nesting Box Inn", "hotelName": "Nesting Box Inn: Raleigh", "hotelLocation": "Raleigh", "hotelRoomType": "premium", "hotelRoomCount": "1", "hotelGuestAdultCount": "1", "hotelGuestChildCount": "0", "hotelNightCount": "7", "hotelRoomPrice": "163.74", "hotelFinalPrice": "1146.18"}}}
{"_id": "orderid:423989", "timestamp": "2020-01-04T22:58:52.000Z", "eventType": "transaction", "_adobeamericaspot3": {"CRMID": "crmid:6349820394", "orderDetails": {"orderID": "orderid:423989", "reservationid": "UBB-8MPZ", "orderType": "website", "hotelSKU": "prd1136", "hotelCheckInUnix": "1580165932", "hotelCheckOutUnix": "1580943532", "hotelCheckInTS": "2020-01-27T22:58:52+00:00", "hotelCheckOutTS": "2020-02-05T22:58:52+00:00", "hotelChain": "Aspen Heights", "hotelName": "Aspen Heights: Osaka", "hotelLocation": "Osaka", "hotelRoomType": "standard", "hotelRoomCount": "1", "hotelGuestAdultCount": "1", "hotelGuestChildCount": "1", "hotelNightCount": "9", "hotelRoomPrice": "139.73", "hotelFinalPrice": "1257.57"}}}
{"_id": "orderid:474849", "timestamp": "2020-01-10T14:00:03.000Z", "eventType": "transaction", "_adobeamericaspot3": {"CRMID": "crmid:5909250385", "orderDetails": {"orderID": "orderid:474849", "reservationid": "XGS-LODV", "orderType": "call center", "hotelSKU": "prd1158", "hotelCheckInUnix": "1578751203", "hotelCheckOutUnix": "1578837603", "hotelCheckInTS": "2020-01-11T14:00:03+00:00", "hotelCheckOutTS": "2020-01-12T14:00:03+00:00", "hotelChain": "Restful Nights", "hotelName": "Restful Nights: El Paso", "hotelLocation": "El Paso", "hotelRoomType": "premium", "hotelRoomCount": "1", "hotelGuestAdultCount": "1", "hotelGuestChildCount": "0", "hotelNightCount": "1", "hotelRoomPrice": "138.82", "hotelFinalPrice": "138.82"}}}
{"_id": "orderid:984048", "timestamp": "2020-01-13T00:00:00.000Z", "eventType": "transaction", "_adobeamericaspot3": {"CRMID": "crmid:5909250385", "orderDetails": {"orderID": "orderid:984048", "reservationid": "3SS-4DKH", "orderType": "service desk", "hotelSKU": "prd1196", "hotelCheckInUnix": "1578960000", "hotelCheckOutUnix": "1579132800", "hotelCheckInTS": "2020-01-14T00:00:00+00:00", "hotelCheckOutTS": "2020-01-16T00:00:00+00:00", "hotelChain": "Aspen Heights", "hotelName": "Aspen Heights: Moscow", "hotelLocation": "Moscow", "hotelRoomType": "standard", "hotelRoomCount": "1", "hotelGuestAdultCount": "1", "hotelGuestChildCount": "0", "hotelNightCount": "2", "hotelRoomPrice": "118.45", "hotelFinalPrice": "236.9"}}}
{"_id": "orderid:293657", "timestamp": "2020-01-13T06:01:42.000Z", "eventType": "transaction", "_adobeamericaspot3": {"CRMID": "crmid:7081553563", "orderDetails": {"orderID": "orderid:293657", "reservationid": "Y5Q-X6J4", "orderType": "call center", "hotelSKU": "prd1124", "hotelCheckInUnix": "1578981702", "hotelCheckOutUnix": "1579240902", "hotelCheckInTS": "2020-01-14T06:01:42+00:00", "hotelCheckOutTS": "2020-01-17T06:01:42+00:00", "hotelChain": "Aspen Heights", "hotelName": "Aspen Heights: Leeds", "hotelLocation": "Leeds", "hotelRoomType": "premium", "hotelRoomCount": "1", "hotelGuestAdultCount": "1", "hotelGuestChildCount": "0", "hotelNightCount": "3", "hotelRoomPrice": "125.38", "hotelFinalPrice": "376.14"}}}
{"_id": "orderid:920732", "timestamp": "2020-01-14T07:00:05.000Z", "eventType": "transaction", "_adobeamericaspot3": {"CRMID": "crmid:2518788950", "orderDetails": {"orderID": "orderid:920732", "reservationid": "FKS-PBRV", "orderType": "call center", "hotelSKU": "prd1113", "hotelCheckInUnix": "1579071605", "hotelCheckOutUnix": "1579158005", "hotelCheckInTS": "2020-01-15T07:00:05+00:00", "hotelCheckOutTS": "2020-01-16T07:00:05+00:00", "hotelChain": "Sapphire Suites", "hotelName": "Sapphire Suites: Kazan", "hotelLocation": "Kazan", "hotelRoomType": "premium", "hotelRoomCount": "1", "hotelGuestAdultCount": "1", "hotelGuestChildCount": "0", "hotelNightCount": "1", "hotelRoomPrice": "118.43", "hotelFinalPrice": "118.43"}}}
{"_id": "orderid:314409", "timestamp": "2020-02-07T14:02:20.000Z", "eventType": "transaction", "_adobeamericaspot3": {"CRMID": "crmid:9805293301", "orderDetails": {"orderID": "orderid:314409", "reservationid": "WNX-91UL", "orderType": "website", "hotelSKU": "prd1179", "hotelCheckInUnix": "1581170540", "hotelCheckOutUnix": "1581429740", "hotelCheckInTS": "2020-02-08T14:02:20+00:00", "hotelCheckOutTS": "2020-02-11T14:02:20+00:00", "hotelChain": "Hospitality Inn", "hotelName": "Hospitality Inn: Miami", "hotelLocation": "Miami", "hotelRoomType": "standard", "hotelRoomCount": "1", "hotelGuestAdultCount": "1", "hotelGuestChildCount": "0", "hotelNightCount": "3", "hotelRoomPrice": "168.2", "hotelFinalPrice": "504.6"}}}
{"_id": "orderid:728337", "timestamp": "2019-12-12T01:55:16.000Z", "eventType": "transaction", "_adobeamericaspot3": {"CRMID": "crmid:6015128155", "orderDetails": {"orderID": "orderid:728337", "reservationid": "RTQ-EJHT", "orderType": "mobile", "hotelSKU": "prd1033", "hotelCheckInUnix": "1578621316", "hotelCheckOutUnix": "1579139716", "hotelCheckInTS": "2020-01-10T01:55:16+00:00", "hotelCheckOutTS": "2020-01-16T01:55:16+00:00", "hotelChain": "Admiralty Plaza", "hotelName": "Admiralty Plaza: Milwaukee", "hotelLocation": "Milwaukee", "hotelRoomType": "premium", "hotelRoomCount": "1", "hotelGuestAdultCount": "1", "hotelGuestChildCount": "0", "hotelNightCount": "6", "hotelRoomPrice": "148.78", "hotelFinalPrice": "892.68"}}}
{"_id": "orderid:377369", "timestamp": "2020-02-15T15:53:47.000Z", "eventType": "transaction", "_adobeamericaspot3": {"CRMID": "crmid:1237571303", "orderDetails": {"orderID": "orderid:377369", "reservationid": "WVH-NH94", "orderType": "kiosk", "hotelSKU": "prd1034", "hotelCheckInUnix": "1583078027", "hotelCheckOutUnix": "1583855627", "hotelCheckInTS": "2020-03-01T15:53:47+00:00", "hotelCheckOutTS": "2020-03-10T15:53:47+00:00", "hotelChain": "Blue Reef Resort", "hotelName": "Blue Reef Resort: Albuquerque", "hotelLocation": "Albuquerque", "hotelRoomType": "standard", "hotelRoomCount": "1", "hotelGuestAdultCount": "1", "hotelGuestChildCount": "1", "hotelNightCount": "9", "hotelRoomPrice": "174.52", "hotelFinalPrice": "1570.68"}}}
{"_id": "orderid:873727", "timestamp": "2020-01-01T15:23:42.000Z", "eventType": "transaction", "_adobeamericaspot3": {"CRMID": "crmid:1830546546", "orderDetails": {"orderID": "orderid:873727", "reservationid": "CML-OQAR", "orderType": "website", "hotelSKU": "prd1040", "hotelCheckInUnix": "1580397822", "hotelCheckOutUnix": "1581002622", "hotelCheckInTS": "2020-01-30T15:23:42+00:00", "hotelCheckOutTS": "2020-02-06T15:23:42+00:00", "hotelChain": "Aspen Heights", "hotelName": "Aspen Heights: Atlanta", "hotelLocation": "Atlanta", "hotelRoomType": "standard", "hotelRoomCount": "1", "hotelGuestAdultCount": "1", "hotelGuestChildCount": "0", "hotelNightCount": "7", "hotelRoomPrice": "170.98", "hotelFinalPrice": "1196.86"}}}
{"_id": "orderid:378606", "timestamp": "2020-02-12T23:19:21.000Z", "eventType": "transaction", "_adobeamericaspot3": {"CRMID": "crmid:7140270487", "orderDetails": {"orderID": "orderid:378606", "reservationid": "YQD-IOEQ", "orderType": "website", "hotelSKU": "prd1144", "hotelCheckInUnix": "1583536761", "hotelCheckOutUnix": "1584141561", "hotelCheckInTS": "2020-03-06T23:19:21+00:00", "hotelCheckOutTS": "2020-03-13T23:19:21+00:00", "hotelChain": "Sandhill", "hotelName": "Sandhill: San Diego", "hotelLocation": "San Diego", "hotelRoomType": "standard", "hotelRoomCount": "1", "hotelGuestAdultCount": "1", "hotelGuestChildCount": "0", "hotelNightCount": "7", "hotelRoomPrice": "109.74", "hotelFinalPrice": "768.18"}}}
{"_id": "orderid:904714", "timestamp": "2020-01-02T19:26:55.000Z", "eventType": "transaction", "_adobeamericaspot3": {"CRMID": "crmid:3672216647", "orderDetails": {"orderID": "orderid:904714", "reservationid": "KAY-OYDI", "orderType": "service desk", "hotelSKU": "prd1167", "hotelCheckInUnix": "1579807615", "hotelCheckOutUnix": "1580153215", "hotelCheckInTS": "2020-01-23T19:26:55+00:00", "hotelCheckOutTS": "2020-01-27T19:26:55+00:00", "hotelChain": "Hospitality Inn", "hotelName": "Hospitality Inn: Milwaukee", "hotelLocation": "Milwaukee", "hotelRoomType": "standard", "hotelRoomCount": "1", "hotelGuestAdultCount": "1", "hotelGuestChildCount": "0", "hotelNightCount": "4", "hotelRoomPrice": "172.85", "hotelFinalPrice": "691.4"}}}
