id,reservationid,orderid,crmid,timestamp,orderType,productsku,hotelCheckInUnix,hotelCheckOutUnix,hotelCheckInTS,hotelCheckOutTS,hotelName,hotelChain,hotelLocation,hotelRoomType,hotelRoomCount,hotelGuestAdultCount,hotelGuestChildCount,hotelNightCount,hotelRoomPrice,hotelFinalPrice
d2190918-7dd9-11ea-9018-b88a60e194fb,XYW-DGGD,orderid:246237,crmid:2841222400,2020-03-27T21:48:40.000Z,kiosk,prd1088,1585432120,1585604920,2020-03-28T21:48:40.000Z,2020-03-30T21:48:40.000Z,Aspen Heights: Ankara,Aspen Heights,Ankara,premium,1,1,0,2,132.05,264.1
d21a1ab4-7dd9-11ea-8a5b-b88a60e194fb,RM0-PTZB,orderid:480142,crmid:7244842781,2020-03-12T15:35:28.000Z,kiosk,prd1040,1584113728,1584286528,2020-03-13T15:35:28.000Z,2020-03-15T15:35:28.000Z,Aspen Heights: Atlanta,Aspen Heights,Atlanta,standard,1,1,0,2,153.26,306.52
d21b04dc-7dd9-11ea-a185-b88a60e194fb,MR3-K5XB,orderid:132828,crmid:8272794409,2020-03-28T10:39:10.000Z,kiosk,prd1194,1587119950,1587724750,2020-04-17T10:39:10.000Z,2020-04-24T10:39:10.000Z,Restful Nights: Tianjin,Restful Nights,Tianjin,standard,1,1,0,7,106.13,742.91
d21c1652-7dd9-11ea-a842-b88a60e194fb,W8G-FTWI,orderid:353534,crmid:9763309544,2020-03-11T17:48:31.000Z,call center,prd1127,1585504111,1585936111,2020-03-29T17:48:31.000Z,2020-04-03T17:48:31.000Z,Nesting Box Inn: Glasgow,Nesting Box Inn,Glasgow,standard,1,1,4,5,156.86,784.3
d21d00b4-7dd9-11ea-a158-b88a60e194fb,URF-IMJJ,orderid:824081,crmid:9583378161,2020-03-21T10:58:33.000Z,call center,prd1105,1587293913,1587898713,2020-04-19T10:58:33.000Z,2020-04-26T10:58:33.000Z,Admiralty Plaza: Barcelona,Admiralty Plaza,Barcelona,standard,1,1,3,7,144.25,1009.75
d21e6036-7dd9-11ea-99a9-b88a60e194fb,4XF-WG12,orderid:753376,crmid:5442747156,2020-03-18T14:46:00.000Z,call center,prd1129,1586357160,1587048360,2020-04-08T14:46:00.000Z,2020-04-16T14:46:00.000Z,Admiralty Plaza: Helsinki,Admiralty Plaza,Helsinki,standard,1,1,0,8,148.8,1190.4
d21f4aa2-7dd9-11ea-92ed-b88a60e194fb,YTM-5BC5,orderid:913031,crmid:9197404150,2020-03-02T21:50:47.000Z,call center,prd1153,1584049847,1584654647,2020-03-12T21:50:47.000Z,2020-03-19T21:50:47.000Z,Admiralty Plaza: Charlotte,Admiralty Plaza,Charlotte,standard,1,1,0,7,86.71,606.97
d220353a-7dd9-11ea-8eff-b88a60e194fb,S5Z-ESZ4,orderid:706874,crmid:6749143905,2020-03-15T15:17:03.000Z,call center,prd1144,1585667823,1586531823,2020-03-31T15:17:03.000Z,2020-04-10T15:17:03.000Z,Sandhill: San Diego,Sandhill,San Diego,standard,1,1,0,10,183.73,1837.3
d22195ba-7dd9-11ea-a026-b88a60e194fb,GD9-MRXZ,orderid:332671,crmid:9588916851,2020-03-30T23:56:28.000Z,kiosk,prd1033,1587513388,1588031788,2020-04-21T23:56:28.000Z,2020-04-27T23:56:28.000Z,Admiralty Plaza: Milwaukee,Admiralty Plaza,Milwaukee,standard,1,1,1,6,139.83,838.98
d222a5e8-7dd9-11ea-9293-b88a60e194fb,LLY-EELP,orderid:530532,crmid:8152348427,2020-03-16T14:29:58.000Z,mobile,prd1045,1586183398,1586528998,2020-04-06T14:29:58.000Z,2020-04-10T14:29:58.000Z,Admiralty Plaza: Miami,Admiralty Plaza,Miami,premium,1,1,0,4,149.4,597.6
d223b8d8-7dd9-11ea-8fe2-b88a60e194fb,SZG-60AL,orderid:798241,crmid:5389679879,2020-03-30T15:48:44.000Z,call center,prd1071,1585669724,1585928924,2020-03-31T15:48:44.000Z,2020-04-03T15:48:44.000Z,Hospitality Inn: Seoul,Hospitality Inn,Seoul,premium,1,1,0,3,175.65,526.95
d224c8c0-7dd9-11ea-a99d-b88a60e194fb,E3O-B0BN,orderid:412033,crmid:6650146772,2020-03-13T13:44:05.000Z,call center,prd1095,1584625445,1585143845,2020-03-19T13:44:05.000Z,2020-03-25T13:44:05.000Z,Hospitality Inn: Casablanca,Hospitality Inn,Casablanca,standard,1,1,0,6,157.48,944.88
d225b428-7dd9-11ea-acff-b88a60e194fb,BM6-WIDT,orderid:767868,crmid:5184243434,2020-03-11T16:45:34.000Z,mobile,prd1110,1585845934,1586796334,2020-04-02T16:45:34.000Z,2020-04-13T16:45:34.000Z,Restful Nights: Sofia,Restful Nights,Sofia,luxury,1,1,0,11,326.89,3595.79
d226c5b4-7dd9-11ea-b48b-b88a60e194fb,SKE-EOGM,orderid:730784,crmid:2666287673,2020-03-10T00:31:19.000Z,call center,prd1001,1584664279,1585441879,2020-03-20T00:31:19.000Z,2020-03-29T00:31:19.000Z,Grandeur Hotels: New York,Grandeur Hotels,New York,standard,1,1,0,9,135.31,1217.79
d227b008-7dd9-11ea-bc65-b88a60e194fb,ZXX-IFI9,orderid:236806,crmid:9593321390,2020-03-11T07:53:07.000Z,mobile,prd1184,1585813987,1587282787,2020-04-02T07:53:07.000Z,2020-04-19T07:53:07.000Z,Aspen Heights: Arlington,Aspen Heights,Arlington,standard,1,1,0,17,125.9,2140.3
d22b3174-7dd9-11ea-8f48-b88a60e194fb,RRT-XFOL,orderid:358795,crmid:3954347799,2020-03-04T06:13:39.000Z,kiosk,prd1095,1584684819,1585116819,2020-03-20T06:13:39.000Z,2020-03-25T06:13:39.000Z,Hospitality Inn: Casablanca,Hospitality Inn,Casablanca,standard,1,1,2,5,165.34,826.7
d22c43e6-7dd9-11ea-b8b0-b88a60e194fb,CJT-FEIT,orderid:971735,crmid:6444957334,2020-03-13T05:15:43.000Z,kiosk,prd1050,1586322943,1587273343,2020-04-08T05:15:43.000Z,2020-04-19T05:15:43.000Z,Restful Nights: Arlington,Restful Nights,Arlington,luxury,1,1,0,11,330.28,3633.08
d22e8dcc-7dd9-11ea-9620-b88a60e194fb,BDW-DL7G,orderid:300749,crmid:5377082957,2020-03-01T20:57:05.000Z,call center,prd1190,1584651425,1584910625,2020-03-19T20:57:05.000Z,2020-03-22T20:57:05.000Z,Blue Reef Resort: Aurora,Blue Reef Resort,Aurora,premium,1,1,0,3,103.46,310.38
d22f7866-7dd9-11ea-993b-b88a60e194fb,P4O-HUG1,orderid:200574,crmid:5029732801,2020-03-24T13:14:33.000Z,call center,prd1119,1585487673,1585574073,2020-03-29T13:14:33.000Z,2020-03-30T13:14:33.000Z,Hospitality Inn: Turin,Hospitality Inn,Turin,standard,1,1,0,1,133.12,133.12
d230afa4-7dd9-11ea-a5f1-b88a60e194fb,JFA-H29E,orderid:976951,crmid:9575601803,2020-03-17T15:23:17.000Z,call center,prd1004,1586877797,1587568997,2020-04-14T15:23:17.000Z,2020-04-22T15:23:17.000Z,Aspen Heights: Boulder,Aspen Heights,Boulder,standard,1,1,0,8,132.15,1057.2
d2319a06-7dd9-11ea-821a-b88a60e194fb,XDB-XFRU,orderid:305072,crmid:3741880350,2020-03-22T06:02:54.000Z,mobile,prd1100,1586930574,1587448974,2020-04-15T06:02:54.000Z,2020-04-21T06:02:54.000Z,Aspen Heights: Misk,Aspen Heights,Misk,standard,1,1,2,6,148.89,893.34
d232acb6-7dd9-11ea-ad4c-b88a60e194fb,TNG-32QI,orderid:865348,crmid:8427618639,2020-03-07T04:32:02.000Z,kiosk,prd1153,1583641922,1583728322,2020-03-08T04:32:02.000Z,2020-03-09T04:32:02.000Z,Admiralty Plaza: Charlotte,Admiralty Plaza,Charlotte,standard,1,1,0,1,153.26,153.26
d233bcf4-7dd9-11ea-a9db-b88a60e194fb,UP9-EUFM,orderid:223172,crmid:9926950872,2020-03-26T20:35:08.000Z,call center,prd1191,1586723708,1587414908,2020-04-12T20:35:08.000Z,2020-04-20T20:35:08.000Z,Hospitality Inn: Mumbai,Hospitality Inn,Mumbai,standard,1,1,2,8,182.93,1463.44
d234a89e-7dd9-11ea-a82d-b88a60e194fb,QDC-FZ9V,orderid:192639,crmid:1140916225,2020-03-07T02:03:10.000Z,service desk,prd1014,1585274590,1586916190,2020-03-27T02:03:10.000Z,2020-04-15T02:03:10.000Z,Restful Nights: Jacksonville,Restful Nights,Jacksonville,ultra-luxury,1,1,0,19,366.03,6954.57
d235dfd2-7dd9-11ea-b24b-b88a60e194fb,NPX-HOM6,orderid:396202,crmid:2669314855,2020-03-04T00:38:19.000Z,call center,prd1067,1585528699,1586133499,2020-03-30T00:38:19.000Z,2020-04-06T00:38:19.000Z,Nesting Box Inn: Istanbul,Nesting Box Inn,Istanbul,premium,1,1,1,7,145.9,1021.3
d236cb7a-7dd9-11ea-a69f-b88a60e194fb,LYQ-XGMA,orderid:245283,crmid:1145417698,2020-03-12T12:02:23.000Z,call center,prd1023,1586174543,1586520143,2020-04-06T12:02:23.000Z,2020-04-10T12:02:23.000Z,Hospitality Inn: Boston,Hospitality Inn,Boston,standard,1,1,4,4,119.47,477.88
d2382ac0-7dd9-11ea-8308-b88a60e194fb,U3I-X1ZS,orderid:293995,crmid:8166830292,2020-03-22T05:50:05.000Z,mobile,prd1036,1586497805,1587448205,2020-04-10T05:50:05.000Z,2020-04-21T05:50:05.000Z,Sandhill: Fresno,Sandhill,Fresno,standard,1,1,0,11,174.58,1920.38
d2391400-7dd9-11ea-b946-b88a60e194fb,R9G-DNQZ,orderid:401987,crmid:9961357155,2020-03-28T03:43:50.000Z,call center,prd1110,1587786230,1588477430,2020-04-25T03:43:50.000Z,2020-05-03T03:43:50.000Z,Restful Nights: Sofia,Restful Nights,Sofia,standard,1,1,0,8,101.58,812.64
d23a258a-7dd9-11ea-b616-b88a60e194fb,QMU-HJKP,orderid:891884,crmid:6866618489,2020-03-15T02:45:37.000Z,call center,prd1010,1584326737,1584672337,2020-03-16T02:45:37.000Z,2020-03-20T02:45:37.000Z,Blue Reef Resort: San Diego,Blue Reef Resort,San Diego,standard,1,1,0,4,176.66,706.64
d23b8508-7dd9-11ea-acea-b88a60e194fb,ANG-FBJF,orderid:678573,crmid:3133398893,2020-03-20T02:04:39.000Z,service desk,prd1074,1584756279,1585101879,2020-03-21T02:04:39.000Z,2020-03-25T02:04:39.000Z,Restful Nights: Mexico City,Restful Nights,Mexico City,standard,1,1,0,4,157.04,628.16
d23cbd8a-7dd9-11ea-90bc-b88a60e194fb,UKG-QTYO,orderid:906452,crmid:3743775154,2020-03-28T18:53:24.000Z,mobile,prd1157,1585594404,1585680804,2020-03-30T18:53:24.000Z,2020-03-31T18:53:24.000Z,Grandeur Hotels: Boston,Grandeur Hotels,Boston,standard,1,1,0,1,159.04,159.04
d23e1d1a-7dd9-11ea-8724-b88a60e194fb,B0Q-SN7V,orderid:196356,crmid:6204512697,2020-03-23T19:12:43.000Z,mobile,prd1196,1585249963,1585336363,2020-03-26T19:12:43.000Z,2020-03-27T19:12:43.000Z,Aspen Heights: Moscow,Aspen Heights,Moscow,standard,1,1,0,1,174.4,174.4
d23f559c-7dd9-11ea-8f52-b88a60e194fb,TS1-Y1OG,orderid:148440,crmid:9949855640,2020-03-12T19:31:08.000Z,call center,prd1058,1584473468,1584732668,2020-03-17T19:31:08.000Z,2020-03-20T19:31:08.000Z,Blue Reef Resort: Delhi,Blue Reef Resort,Delhi,premium,1,1,0,3,177.67,533.01
d2408e18-7dd9-11ea-8766-b88a60e194fb,ORP-SGTD,orderid:218046,crmid:8488754240,2020-03-03T20:48:57.000Z,call center,prd1052,1583354937,1583441337,2020-03-04T20:48:57.000Z,2020-03-05T20:48:57.000Z,Aspen Heights: Wichita,Aspen Heights,Wichita,ultra-luxury,1,1,0,1,360.25,360.25
d24214ba-7dd9-11ea-a1f9-b88a60e194fb,OH1-NIBK,orderid:924073,crmid:1775321393,2020-03-30T03:42:39.000Z,service desk,prd1165,1585626159,1585798959,2020-03-31T03:42:39.000Z,2020-04-02T03:42:39.000Z,Admiralty Plaza: Louisville,Admiralty Plaza,Louisville,ultra-luxury,1,1,0,2,294.51,589.02
d2423bc8-7dd9-11ea-b569-b88a60e194fb,KAF-NCIK,orderid:403196,crmid:1775321393,2020-04-03T00:00:00.000Z,call center,prd1045,1586044800,1586131200,2020-04-05T00:00:00.000Z,2020-04-06T00:00:00.000Z,Admiralty Plaza: Miami,Admiralty Plaza,Miami,standard,1,1,0,1,79.17,79.17
d242631a-7dd9-11ea-b913-b88a60e194fb,P8L-05KY,orderid:672316,crmid:1775321393,2020-04-08T00:00:00.000Z,mobile,prd1052,1586649600,1586736000,2020-04-12T00:00:00.000Z,2020-04-13T00:00:00.000Z,Aspen Heights: Wichita,Aspen Heights,Wichita,standard,1,1,0,1,156.06,156.06
d2439b40-7dd9-11ea-ad48-b88a60e194fb,RNF-NREY,orderid:714080,crmid:4295171747,2020-03-25T22:23:03.000Z,call center,prd1070,1586902983,1587162183,2020-04-14T22:23:03.000Z,2020-04-17T22:23:03.000Z,Blue Reef Resort: Jakarta,Blue Reef Resort,Jakarta,premium,1,1,0,3,186.82,560.46
d2452250-7dd9-11ea-9efa-b88a60e194fb,VQL-XGHU,orderid:388768,crmid:9608386147,2020-03-13T14:01:47.000Z,call center,prd1077,1584280907,1584453707,2020-03-15T14:01:47.000Z,2020-03-17T14:01:47.000Z,Sapphire Suites: Cairo,Sapphire Suites,Cairo,standard,1,1,0,2,102.89,205.78
d2454926-7dd9-11ea-af87-b88a60e194fb,BYE-O0IH,orderid:591050,crmid:9608386147,2020-03-19T00:00:00.000Z,call center,prd1057,1584835200,1584921600,2020-03-22T00:00:00.000Z,2020-03-23T00:00:00.000Z,Admiralty Plaza: Mumbai,Admiralty Plaza,Mumbai,standard,1,1,0,1,166.98,166.98
d2465a74-7dd9-11ea-8072-b88a60e194fb,F6F-HRIO,orderid:588342,crmid:7405791806,2020-03-05T08:29:09.000Z,kiosk,prd1100,1585211349,1585556949,2020-03-26T08:29:09.000Z,2020-03-30T08:29:09.000Z,Aspen Heights: Misk,Aspen Heights,Misk,premium,1,1,1,4,145.56,582.24
d24792f4-7dd9-11ea-9e36-b88a60e194fb,JO6-HNXL,orderid:248906,crmid:3974415344,2020-03-17T18:15:50.000Z,kiosk,prd1172,1584555350,1585073750,2020-03-18T18:15:50.000Z,2020-03-24T18:15:50.000Z,Aspen Heights: Mesa,Aspen Heights,Mesa,premium,1,1,0,6,149.05,894.3
d248cbe2-7dd9-11ea-a503-b88a60e194fb,RMC-KNQS,orderid:681742,crmid:4383842820,2020-03-18T10:36:40.000Z,call center,prd1181,1586342200,1586601400,2020-04-08T10:36:40.000Z,2020-04-11T10:36:40.000Z,Grandeur Hotels: Oakland,Grandeur Hotels,Oakland,standard,1,1,0,3,136.65,409.95
d24a0410-7dd9-11ea-a3bf-b88a60e194fb,HE0-6Q7G,orderid:783475,crmid:7567693935,2020-03-11T15:48:45.000Z,kiosk,prd1088,1585928925,1586360925,2020-04-03T15:48:45.000Z,2020-04-08T15:48:45.000Z,Aspen Heights: Ankara,Aspen Heights,Ankara,standard,1,1,0,5,141.5,707.5
d24b6382-7dd9-11ea-bf22-b88a60e194fb,1D2-8I2A,orderid:739053,crmid:8848020934,2020-03-27T18:11:54.000Z,kiosk,prd1016,1587233514,1588443114,2020-04-18T18:11:54.000Z,2020-05-02T18:11:54.000Z,Aspen Heights: Columbus,Aspen Heights,Columbus,premium,1,1,0,14,126.75,1774.5
d24cea2c-7dd9-11ea-a23b-b88a60e194fb,QQY-UXDI,orderid:682639,crmid:5618191625,2020-03-25T00:11:36.000Z,mobile,prd1095,1586736696,1587341496,2020-04-13T00:11:36.000Z,2020-04-20T00:11:36.000Z,Hospitality Inn: Casablanca,Hospitality Inn,Casablanca,premium,1,1,1,7,155.12,1085.84
d24e632e-7dd9-11ea-a440-b88a60e194fb,JCJ-3SFD,orderid:709042,crmid:2860608126,2020-03-10T04:33:37.000Z,call center,prd1135,1584160417,1584246817,2020-03-14T04:33:37.000Z,2020-03-15T04:33:37.000Z,Family Fun Hotels: Vancouver,Family Fun Hotels,Vancouver,standard,1,1,0,1,168.53,168.53
d24e97c6-7dd9-11ea-9243-b88a60e194fb,IME-HEQA,orderid:693006,crmid:2860608126,2020-03-17T00:00:00.000Z,mobile,prd1139,1584489600,1584576000,2020-03-18T00:00:00.000Z,2020-03-19T00:00:00.000Z,Nesting Box Inn: Nairobi,Nesting Box Inn,Nairobi,luxury,1,1,0,1,418.41,418.41
d24fdf7e-7dd9-11ea-ad8f-b88a60e194fb,LPV-ILTB,orderid:854437,crmid:4056046414,2020-03-30T17:05:13.000Z,mobile,prd1001,1587315913,1587920713,2020-04-19T17:05:13.000Z,2020-04-26T17:05:13.000Z,Grandeur Hotels: New York,Grandeur Hotels,New York,standard,1,1,0,7,129.83,908.81
d25117fe-7dd9-11ea-945d-b88a60e194fb,RQ4-P6CL,orderid:410741,crmid:3144026974,2020-03-30T12:07:52.000Z,service desk,prd1143,1585829272,1586002072,2020-04-02T12:07:52.000Z,2020-04-04T12:07:52.000Z,Hospitality Inn: San Antonio,Hospitality Inn,San Antonio,standard,1,1,0,2,153.33,306.66
d2529eb8-7dd9-11ea-b762-b88a60e194fb,PXD-KBKW,orderid:571279,crmid:4685512089,2020-03-16T05:36:15.000Z,call center,prd1122,1586237775,1586669775,2020-04-07T05:36:15.000Z,2020-04-12T05:36:15.000Z,Restful Nights: Valencia,Restful Nights,Valencia,premium,1,1,0,5,208.5,1042.5
d2544c78-7dd9-11ea-96e9-b88a60e194fb,QSR-CWKN,orderid:571792,crmid:2236713577,2020-03-24T19:46:48.000Z,service desk,prd1117,1585165608,1585252008,2020-03-25T19:46:48.000Z,2020-03-26T19:46:48.000Z,Admiralty Plaza: Dublin,Admiralty Plaza,Dublin,luxury,1,1,0,1,362.5,362.5
d25584c8-7dd9-11ea-bdce-b88a60e194fb,4F3-FUMH,orderid:974002,crmid:6768065232,2020-03-06T02:18:56.000Z,call center,prd1155,1585361936,1585880336,2020-03-28T02:18:56.000Z,2020-04-03T02:18:56.000Z,Hospitality Inn: Denver,Hospitality Inn,Denver,standard,1,1,0,6,156.96,941.76
d256e47e-7dd9-11ea-9bf1-b88a60e194fb,28H-B6QO,orderid:440051,crmid:6580878824,2020-03-23T17:43:39.000Z,call center,prd1129,1585590219,1586367819,2020-03-30T17:43:39.000Z,2020-04-08T17:43:39.000Z,Admiralty Plaza: Helsinki,Admiralty Plaza,Helsinki,standard,1,1,4,9,178.63,1607.67
d25843f0-7dd9-11ea-a3b4-b88a60e194fb,TVI-XYWX,orderid:154452,crmid:8505294580,2020-03-11T11:19:40.000Z,call center,prd1112,1585912780,1586776780,2020-04-03T11:19:40.000Z,2020-04-13T11:19:40.000Z,Aspen Heights: Birmingham,Aspen Heights,Birmingham,standard,1,1,4,10,173.37,1733.7
d2597c74-7dd9-11ea-86f8-b88a60e194fb,IIZ-VETR,orderid:395028,crmid:4842864615,2020-03-11T04:39:25.000Z,kiosk,prd1045,1586061565,1586579965,2020-04-05T04:39:25.000Z,2020-04-11T04:39:25.000Z,Admiralty Plaza: Miami,Admiralty Plaza,Miami,premium,1,1,0,6,155.34,932.04
d25a8de4-7dd9-11ea-960f-b88a60e194fb,IDI-95A7,orderid:812882,crmid:6237572450,2020-03-24T05:11:29.000Z,call center,prd1023,1585458689,1586063489,2020-03-29T05:11:29.000Z,2020-04-05T05:11:29.000Z,Hospitality Inn: Boston,Hospitality Inn,Boston,standard,1,1,0,7,120.4,842.8
d25b9f48-7dd9-11ea-b3ab-b88a60e194fb,VW6-LTWG,orderid:200372,crmid:3135960004,2020-03-14T05:00:25.000Z,call center,prd1107,1586149225,1587013225,2020-04-06T05:00:25.000Z,2020-04-16T05:00:25.000Z,Hospitality Inn: Kharkiv,Hospitality Inn,Kharkiv,standard,1,1,0,10,141.01,1410.1
d25cd7d0-7dd9-11ea-99ab-b88a60e194fb,ZR4-AK9L,orderid:982429,crmid:2255145037,2020-03-06T19:34:40.000Z,kiosk,prd1001,1585769680,1586720080,2020-04-01T19:34:40.000Z,2020-04-12T19:34:40.000Z,Grandeur Hotels: New York,Grandeur Hotels,New York,standard,1,1,0,11,138.98,1528.78
d25e104c-7dd9-11ea-b013-b88a60e194fb,OJC-5UIG,orderid:513837,crmid:2761989005,2020-03-09T02:37:10.000Z,kiosk,prd1053,1583807830,1584153430,2020-03-10T02:37:10.000Z,2020-03-14T02:37:10.000Z,Sapphire Suites: Cleveland,Sapphire Suites,Cleveland,standard,1,1,0,4,188.54,754.16
d25f48d0-7dd9-11ea-bec4-b88a60e194fb,TJY-BWGV,orderid:583002,crmid:7735972933,2020-03-03T08:20:57.000Z,kiosk,prd1167,1584001257,1584519657,2020-03-12T08:20:57.000Z,2020-03-18T08:20:57.000Z,Hospitality Inn: Milwaukee,Hospitality Inn,Milwaukee,standard,1,1,0,6,132.22,793.32
d260331e-7dd9-11ea-8c8c-b88a60e194fb,HEJ-LCUZ,orderid:234081,crmid:8893195588,2020-03-08T17:16:57.000Z,mobile,prd1024,1583860617,1584119817,2020-03-10T17:16:57.000Z,2020-03-13T17:16:57.000Z,Sandhill: El Paso,Sandhill,El Paso,premium,1,1,0,3,182.77,548.31
d2616b92-7dd9-11ea-af2d-b88a60e194fb,7OA-RZMB,orderid:517949,crmid:4161912276,2020-03-09T17:46:31.000Z,call center,prd1181,1585158391,1585417591,2020-03-25T17:46:31.000Z,2020-03-28T17:46:31.000Z,Grandeur Hotels: Oakland,Grandeur Hotels,Oakland,premium,1,1,0,3,136.2,408.6
d2627d06-7dd9-11ea-b206-b88a60e194fb,TRZ-I2PK,orderid:979346,crmid:1905638398,2020-03-03T22:55:05.000Z,kiosk,prd1081,1585608905,1586645705,2020-03-30T22:55:05.000Z,2020-04-11T22:55:05.000Z,Admiralty Plaza: Rod de Janeiro,Admiralty Plaza,Rod de Janeiro,standard,1,1,2,12,126.17,1514.04
d26451f0-7dd9-11ea-bcf2-b88a60e194fb,FJH-VHQB,orderid:526300,crmid:7822528392,2020-03-13T23:05:57.000Z,call center,prd1143,1586732757,1586991957,2020-04-12T23:05:57.000Z,2020-04-15T23:05:57.000Z,Hospitality Inn: San Antonio,Hospitality Inn,San Antonio,standard,1,1,0,3,163.55,490.65
d265b146-7dd9-11ea-9786-b88a60e194fb,FGU-UH5K,orderid:784215,crmid:3848328020,2020-03-10T05:21:42.000Z,kiosk,prd1058,1585891302,1586409702,2020-04-03T05:21:42.000Z,2020-04-09T05:21:42.000Z,Blue Reef Resort: Delhi,Blue Reef Resort,Delhi,standard,1,1,0,6,145.94,875.64
d26737ee-7dd9-11ea-baa9-b88a60e194fb,F99-MKVR,orderid:317865,crmid:3357422504,2020-03-30T06:49:32.000Z,call center,prd1011,1585637372,1585723772,2020-03-31T06:49:32.000Z,2020-04-01T06:49:32.000Z,Hospitality Inn: Dallas,Hospitality Inn,Dallas,ultra-luxury,1,1,0,1,381.04,381.04
d268495c-7dd9-11ea-8b90-b88a60e194fb,76A-5BHT,orderid:631257,crmid:5033781988,2020-03-14T19:07:43.000Z,call center,prd1136,1584385663,1584904063,2020-03-16T19:07:43.000Z,2020-03-22T19:07:43.000Z,Aspen Heights: Osaka,Aspen Heights,Osaka,standard,1,1,0,6,113.66,681.96
d26934f6-7dd9-11ea-aa27-b88a60e194fb,WCU-S6SQ,orderid:719269,crmid:4263766911,2020-03-22T09:39:52.000Z,call center,prd1033,1587116392,1588239592,2020-04-17T09:39:52.000Z,2020-04-30T09:39:52.000Z,Admiralty Plaza: Milwaukee,Admiralty Plaza,Milwaukee,standard,1,1,0,13,120.5,1566.5
d26a45c0-7dd9-11ea-b59f-b88a60e194fb,DXA-ECFO,orderid:118220,crmid:7262951812,2020-03-21T14:29:57.000Z,call center,prd1049,1584887397,1585060197,2020-03-22T14:29:57.000Z,2020-03-24T14:29:57.000Z,Grandeur Hotels: Tulsa,Grandeur Hotels,Tulsa,standard,1,1,0,2,187.82,375.64
d26b5794-7dd9-11ea-bed8-b88a60e194fb,WBJ-RWWF,orderid:720610,crmid:8415439159,2020-03-19T11:55:58.000Z,call center,prd1010,1584705358,1584791758,2020-03-20T11:55:58.000Z,2020-03-21T11:55:58.000Z,Blue Reef Resort: San Diego,Blue Reef Resort,San Diego,premium,1,1,0,1,139.76,139.76
d26c4200-7dd9-11ea-b3a4-b88a60e194fb,RQN-IAQ3,orderid:969676,crmid:5325211892,2020-03-15T17:07:04.000Z,call center,prd1051,1584378424,1584637624,2020-03-16T17:07:04.000Z,2020-03-19T17:07:04.000Z,Family Fun Hotels: New Orleans,Family Fun Hotels,New Orleans,standard,1,1,0,3,143.51,430.53
d26c691a-7dd9-11ea-b938-b88a60e194fb,NTF-P0MS,orderid:763142,crmid:5325211892,2020-03-21T00:00:00.000Z,call center,prd1131,1584835200,1584921600,2020-03-22T00:00:00.000Z,2020-03-23T00:00:00.000Z,Hospitality Inn: Sheffield,Hospitality Inn,Sheffield,standard,1,1,0,1,118.21,118.21
d26da19a-7dd9-11ea-9829-b88a60e194fb,ZIC-PJMN,orderid:229311,crmid:9436620740,2020-03-21T11:23:05.000Z,kiosk,prd1132,1586604185,1587122585,2020-04-11T11:23:05.000Z,2020-04-17T11:23:05.000Z,Sandhill: Oslo,Sandhill,Oslo,standard,1,1,0,6,124.23,745.38
d26eb2c6-7dd9-11ea-9be3-b88a60e194fb,GGV-EHN1,orderid:699218,crmid:5897512574,2020-03-20T12:41:15.000Z,call center,prd1192,1586695275,1587645675,2020-04-12T12:41:15.000Z,2020-04-23T12:41:15.000Z,Sandhill: Delhi,Sandhill,Delhi,standard,1,1,0,11,128.82,1417.02
d26fc49e-7dd9-11ea-9dab-b88a60e194fb,KB9-ORPQ,orderid:181308,crmid:2416118670,2020-03-27T21:48:18.000Z,service desk,prd1045,1586209698,1587160098,2020-04-06T21:48:18.000Z,2020-04-17T21:48:18.000Z,Admiralty Plaza: Miami,Admiralty Plaza,Miami,standard,1,1,2,11,119.1,1310.1
d2717140-7dd9-11ea-94cb-b88a60e194fb,XWI-THAI,orderid:312652,crmid:9408814364,2020-03-07T13:29:09.000Z,call center,prd1181,1584019749,1584192549,2020-03-12T13:29:09.000Z,2020-03-14T13:29:09.000Z,Grandeur Hotels: Oakland,Grandeur Hotels,Oakland,premium,1,1,0,2,170.05,340.1
d272d1d0-7dd9-11ea-90bf-b88a60e194fb,BIU-OCTN,orderid:636198,crmid:4160171487,2020-03-19T22:40:00.000Z,mobile,prd1172,1586644800,1588200000,2020-04-11T22:40:00.000Z,2020-04-29T22:40:00.000Z,Aspen Heights: Mesa,Aspen Heights,Mesa,presidential-suite,1,1,0,18,719.08,12943.44
d27409cc-7dd9-11ea-8d78-b88a60e194fb,T5Q-UALI,orderid:398124,crmid:2091075639,2020-03-11T08:24:42.000Z,call center,prd1017,1584001482,1584433482,2020-03-12T08:24:42.000Z,2020-03-17T08:24:42.000Z,Sapphire Suites: Fort Worth,Sapphire Suites,Fort Worth,standard,1,1,0,5,126.24,631.2
d2758fe8-7dd9-11ea-bafb-b88a60e194fb,GR6-DAFW,orderid:539246,crmid:2459619039,2020-03-09T18:32:31.000Z,call center,prd1196,1584383551,1584642751,2020-03-16T18:32:31.000Z,2020-03-19T18:32:31.000Z,Aspen Heights: Moscow,Aspen Heights,Moscow,premium,1,1,4,3,111.25,333.75
d276a24c-7dd9-11ea-816f-b88a60e194fb,N38-FUZL,orderid:442601,crmid:5109095753,2020-03-25T00:27:06.000Z,mobile,prd1136,1585355226,1585700826,2020-03-28T00:27:06.000Z,2020-04-01T00:27:06.000Z,Aspen Heights: Osaka,Aspen Heights,Osaka,standard,1,1,0,4,178.6,714.4
d27801d4-7dd9-11ea-8632-b88a60e194fb,CC1-NZTM,orderid:148589,crmid:6698727178,2020-03-07T21:43:56.000Z,call center,prd1016,1585863836,1586209436,2020-04-02T21:43:56.000Z,2020-04-06T21:43:56.000Z,Aspen Heights: Columbus,Aspen Heights,Columbus,standard,1,1,0,4,157.31,629.24
d2793a4c-7dd9-11ea-9f62-b88a60e194fb,IXM-OATN,orderid:170350,crmid:6652252194,2020-03-21T10:26:19.000Z,mobile,prd1165,1584872779,1585045579,2020-03-22T10:26:19.000Z,2020-03-24T10:26:19.000Z,Admiralty Plaza: Louisville,Admiralty Plaza,Louisville,standard,1,1,0,2,117.47,234.94
d27a724a-7dd9-11ea-ba9f-b88a60e194fb,UFL-IL1U,orderid:491346,crmid:1907280332,2020-03-06T05:14:28.000Z,service desk,prd1033,1585286068,1586927668,2020-03-27T05:14:28.000Z,2020-04-15T05:14:28.000Z,Admiralty Plaza: Milwaukee,Admiralty Plaza,Milwaukee,presidential-suite,1,1,0,19,829.15,15753.85
d27bab52-7dd9-11ea-9050-b88a60e194fb,O4N-MRH6,orderid:290076,crmid:3722635052,2020-03-02T02:49:04.000Z,kiosk,prd1166,1585190944,1585795744,2020-03-26T02:49:04.000Z,2020-04-02T02:49:04.000Z,Blue Reef Resort: Baltimore,Blue Reef Resort,Baltimore,standard,1,1,0,7,114.84,803.88
d27d0af4-7dd9-11ea-bbbf-b88a60e194fb,ZCA-JTUZ,orderid:541096,crmid:6695584710,2020-03-09T05:47:39.000Z,kiosk,prd1111,1586152059,1587016059,2020-04-06T05:47:39.000Z,2020-04-16T05:47:39.000Z,Family Fun Hotels: Prague,Family Fun Hotels,Prague,standard,1,1,0,10,129.46,1294.6
d27e424c-7dd9-11ea-8695-b88a60e194fb,8SK-WNFZ,orderid:365578,crmid:5548337924,2020-03-01T19:39:38.000Z,call center,prd1094,1585683578,1586288378,2020-03-31T19:39:38.000Z,2020-04-07T19:39:38.000Z,Blue Reef Resort: Berlin,Blue Reef Resort,Berlin,premium,1,1,0,7,124.16,869.12
d27fa1da-7dd9-11ea-a8e2-b88a60e194fb,76P-CZC0,orderid:586182,crmid:8851890988,2020-03-05T22:36:52.000Z,mobile,prd1153,1583534212,1583620612,2020-03-06T22:36:52.000Z,2020-03-07T22:36:52.000Z,Admiralty Plaza: Charlotte,Admiralty Plaza,Charlotte,standard,1,1,0,1,122.3,122.3
d280da48-7dd9-11ea-ab1f-b88a60e194fb,JTH-XTP5,orderid:630444,crmid:9277105506,2020-03-16T07:12:03.000Z,kiosk,prd1081,1584601923,1584774723,2020-03-19T07:12:03.000Z,2020-03-21T07:12:03.000Z,Admiralty Plaza: Rod de Janeiro,Admiralty Plaza,Rod de Janeiro,premium,1,1,0,2,126.96,253.92
d28239e6-7dd9-11ea-b3ac-b88a60e194fb,ZJZ-MS0Q,orderid:108904,crmid:6195923930,2020-03-22T07:46:29.000Z,kiosk,prd1076,1586677589,1587627989,2020-04-12T07:46:29.000Z,2020-04-23T07:46:29.000Z,Aspen Heights: Bogota,Aspen Heights,Bogota,premium,1,1,0,11,98.32,1081.52
d2837264-7dd9-11ea-aab9-b88a60e194fb,S0Q-CKO9,orderid:175784,crmid:7759796787,2020-03-23T12:36:58.000Z,call center,prd1101,1587040618,1587731818,2020-04-16T12:36:58.000Z,2020-04-24T12:36:58.000Z,Sapphire Suites: Vienna,Sapphire Suites,Vienna,standard,1,1,0,8,166.5,1332.0
d284d1f8-7dd9-11ea-8e75-b88a60e194fb,UMU-R1EI,orderid:502622,crmid:8633430169,2020-03-30T07:02:21.000Z,service desk,prd1093,1585638141,1585810941,2020-03-31T07:02:21.000Z,2020-04-02T07:02:21.000Z,Admiralty Plaza: Yokohama,Admiralty Plaza,Yokohama,premium,1,1,0,2,92.56,185.12
d2867fba-7dd9-11ea-a0d8-b88a60e194fb,K69-B5PG,orderid:633671,crmid:6964494917,2020-03-13T18:41:31.000Z,call center,prd1118,1586198491,1586889691,2020-04-06T18:41:31.000Z,2020-04-14T18:41:31.000Z,Blue Reef Resort: Cologne,Blue Reef Resort,Cologne,luxury,1,1,2,8,336.68,2693.44
d287df40-7dd9-11ea-884f-b88a60e194fb,HOT-0QDK,orderid:190260,crmid:8868670736,2020-03-09T14:22:56.000Z,call center,prd1019,1586096576,1587046976,2020-04-05T14:22:56.000Z,2020-04-16T14:22:56.000Z,Nesting Box Inn: Charlotte,Nesting Box Inn,Charlotte,standard,1,1,0,11,156.88,1725.68
d2898d80-7dd9-11ea-a3b8-b88a60e194fb,LLL-NILU,orderid:233963,crmid:4029110824,2020-03-17T10:22:33.000Z,call center,prd1189,1586859753,1587118953,2020-04-14T10:22:33.000Z,2020-04-17T10:22:33.000Z,Admiralty Plaza: Bakersfield,Admiralty Plaza,Bakersfield,standard,1,1,0,3,166.16,498.48
d28aec70-7dd9-11ea-b65f-b88a60e194fb,7XM-IK9S,orderid:789344,crmid:6694985588,2020-03-22T06:27:05.000Z,call center,prd1190,1587018425,1587623225,2020-04-16T06:27:05.000Z,2020-04-23T06:27:05.000Z,Blue Reef Resort: Aurora,Blue Reef Resort,Aurora,premium,1,1,1,7,165.71,1159.97
d28c4c12-7dd9-11ea-858a-b88a60e194fb,MJE-SL27,orderid:935033,crmid:8709030583,2020-03-04T19:13:11.000Z,call center,prd1065,1584385991,1584904391,2020-03-16T19:13:11.000Z,2020-03-22T19:13:11.000Z,Sapphire Suites: Beijing,Sapphire Suites,Beijing,standard,1,1,0,6,144.26,865.56
d28d8476-7dd9-11ea-8fbe-b88a60e194fb,AAG-94N4,orderid:298730,crmid:3686164474,2020-03-13T14:11:22.000Z,kiosk,prd1163,1584627082,1584799882,2020-03-19T14:11:22.000Z,2020-03-21T14:11:22.000Z,Nesting Box Inn: Oklahoma City,Nesting Box Inn,Oklahoma City,standard,1,1,0,2,129.35,258.7
d28ee408-7dd9-11ea-b169-b88a60e194fb,AC4-KJZ3,orderid:562648,crmid:9123089617,2020-03-25T06:00:42.000Z,call center,prd1023,1587016842,1587535242,2020-04-16T06:00:42.000Z,2020-04-22T06:00:42.000Z,Hospitality Inn: Boston,Hospitality Inn,Boston,premium,1,1,0,6,128.17,769.02
d2904392-7dd9-11ea-82c4-b88a60e194fb,OJI-WXLK,orderid:504563,crmid:4624723133,2020-03-26T20:25:36.000Z,kiosk,prd1173,1585772736,1586291136,2020-04-01T20:25:36.000Z,2020-04-07T20:25:36.000Z,Sapphire Suites: Kansas City,Sapphire Suites,Kansas City,standard,1,1,0,6,149.32,895.92
d291f14a-7dd9-11ea-8bc8-b88a60e194fb,GPQ-NUNA,orderid:288969,crmid:5799237995,2020-03-12T17:31:35.000Z,service desk,prd1105,1585762295,1586107895,2020-04-01T17:31:35.000Z,2020-04-05T17:31:35.000Z,Admiralty Plaza: Barcelona,Admiralty Plaza,Barcelona,standard,1,1,0,4,111.95,447.8
d29377f4-7dd9-11ea-a2fc-b88a60e194fb,VUQ-K4LW,orderid:328089,crmid:7929624292,2020-03-29T23:59:40.000Z,call center,prd1136,1587254380,1587599980,2020-04-18T23:59:40.000Z,2020-04-22T23:59:40.000Z,Aspen Heights: Osaka,Aspen Heights,Osaka,standard,1,1,0,4,185.0,740.0
d29525a8-7dd9-11ea-8929-b88a60e194fb,0UM-GKIS,orderid:141383,crmid:5089832974,2020-03-08T22:32:52.000Z,call center,prd1142,1585607572,1587249172,2020-03-30T22:32:52.000Z,2020-04-18T22:32:52.000Z,Blue Reef Resort: Philadelphia,Blue Reef Resort,Philadelphia,premium,1,1,3,19,114.96,2184.24
d296ac2e-7dd9-11ea-84ae-b88a60e194fb,OCO-FONL,orderid:986693,crmid:7817789164,2020-03-06T20:44:48.000Z,call center,prd1045,1586033088,1586551488,2020-04-04T20:44:48.000Z,2020-04-10T20:44:48.000Z,Admiralty Plaza: Miami,Admiralty Plaza,Miami,standard,1,1,0,6,141.84,851.04
d29859fe-7dd9-11ea-9343-b88a60e194fb,SQI-EY1F,orderid:278336,crmid:4993450003,2020-03-23T12:29:51.000Z,mobile,prd1020,1586780991,1587212991,2020-04-13T12:29:51.000Z,2020-04-18T12:29:51.000Z,Repose Resort: Seattle,Repose Resort,Seattle,premium,1,1,0,5,114.28,571.4
d29a0792-7dd9-11ea-881c-b88a60e194fb,UMJ-1WHY,orderid:145307,crmid:4461904146,2020-03-30T18:58:14.000Z,call center,prd1178,1588013894,1588532294,2020-04-27T18:58:14.000Z,2020-05-03T18:58:14.000Z,Blue Reef Resort: Colorado Springs,Blue Reef Resort,Colorado Springs,ultra-luxury,1,1,0,6,366.7,2200.2
d29b8ea2-7dd9-11ea-adca-b88a60e194fb,JUE-JKTU,orderid:342664,crmid:2972624687,2020-03-11T14:57:41.000Z,service desk,prd1082,1584025061,1584111461,2020-03-12T14:57:41.000Z,2020-03-13T14:57:41.000Z,Blue Reef Resort: Surat,Blue Reef Resort,Surat,luxury,1,1,0,1,363.68,363.68
d29cc6ae-7dd9-11ea-8825-b88a60e194fb,XI5-EA5X,orderid:334414,crmid:9164988878,2020-03-20T22:20:22.000Z,call center,prd1196,1586643622,1587248422,2020-04-11T22:20:22.000Z,2020-04-18T22:20:22.000Z,Aspen Heights: Moscow,Aspen Heights,Moscow,standard,1,1,0,7,165.94,1161.58
d29dff2c-7dd9-11ea-acbe-b88a60e194fb,YTJ-8AY6,orderid:888997,crmid:8443236992,2020-03-18T09:00:12.000Z,mobile,prd1111,1584781212,1584954012,2020-03-21T09:00:12.000Z,2020-03-23T09:00:12.000Z,Family Fun Hotels: Prague,Family Fun Hotels,Prague,standard,1,1,0,2,139.62,279.24
d29f10a4-7dd9-11ea-8cee-b88a60e194fb,BMW-RQGC,orderid:380236,crmid:7211324431,2020-03-08T04:38:02.000Z,service desk,prd1014,1585024682,1585629482,2020-03-24T04:38:02.000Z,2020-03-31T04:38:02.000Z,Restful Nights: Jacksonville,Restful Nights,Jacksonville,standard,1,1,0,7,138.98,972.86
d2a0220c-7dd9-11ea-995d-b88a60e194fb,LBI-QYXB,orderid:781775,crmid:8041918647,2020-03-01T05:29:12.000Z,mobile,prd1188,1584941352,1585373352,2020-03-23T05:29:12.000Z,2020-03-28T05:29:12.000Z,Repose Resort: Tampa,Repose Resort,Tampa,standard,1,1,0,5,143.52,717.6
d2a13392-7dd9-11ea-9c4f-b88a60e194fb,TN2-3PIN,orderid:963431,crmid:1579054591,2020-03-16T09:53:00.000Z,call center,prd1011,1584697980,1586339580,2020-03-20T09:53:00.000Z,2020-04-08T09:53:00.000Z,Hospitality Inn: Dallas,Hospitality Inn,Dallas,standard,1,1,0,19,113.75,2161.25
d2a244e6-7dd9-11ea-bcf6-b88a60e194fb,1KA-IGDA,orderid:377175,crmid:2897510381,2020-03-02T17:26:40.000Z,kiosk,prd1095,1585157200,1585589200,2020-03-25T17:26:40.000Z,2020-03-30T17:26:40.000Z,Hospitality Inn: Casablanca,Hospitality Inn,Casablanca,standard,1,1,0,5,134.53,672.65
d2a35664-7dd9-11ea-a981-b88a60e194fb,BP1-TTYB,orderid:539544,crmid:2029316958,2020-03-14T04:49:43.000Z,kiosk,prd1081,1584420583,1584852583,2020-03-17T04:49:43.000Z,2020-03-22T04:49:43.000Z,Admiralty Plaza: Rod de Janeiro,Admiralty Plaza,Rod de Janeiro,premium,1,1,0,5,144.45,722.25
d2a37d6c-7dd9-11ea-a501-b88a60e194fb,VE9-NZRP,orderid:690532,crmid:2029316958,2020-03-23T00:00:00.000Z,call center,prd1189,1585180800,1585267200,2020-03-26T00:00:00.000Z,2020-03-27T00:00:00.000Z,Admiralty Plaza: Bakersfield,Admiralty Plaza,Bakersfield,standard,1,1,0,1,146.68,146.68
d2a48ed8-7dd9-11ea-bd9d-b88a60e194fb,KQ1-RSH7,orderid:384639,crmid:4500418882,2020-03-20T04:49:21.000Z,call center,prd1197,1585025361,1585111761,2020-03-24T04:49:21.000Z,2020-03-25T04:49:21.000Z,Sapphire Suites: London,Sapphire Suites,London,standard,1,1,0,1,130.28,130.28
d2a61582-7dd9-11ea-950e-b88a60e194fb,QT5-47FH,orderid:344409,crmid:9399088517,2020-03-28T18:45:42.000Z,mobile,prd1050,1587494742,1588013142,2020-04-21T18:45:42.000Z,2020-04-27T18:45:42.000Z,Restful Nights: Arlington,Restful Nights,Arlington,standard,1,1,0,6,138.85,833.1
d2a72870-7dd9-11ea-85f0-b88a60e194fb,8HA-SD0D,orderid:855028,crmid:2219980881,2020-03-10T23:47:20.000Z,mobile,prd1100,1584488840,1584834440,2020-03-17T23:47:20.000Z,2020-03-21T23:47:20.000Z,Aspen Heights: Misk,Aspen Heights,Misk,premium,1,1,0,4,149.13,596.52
d2a85f74-7dd9-11ea-8608-b88a60e194fb,4BC-ZJTX,orderid:184515,crmid:6560177133,2020-03-26T17:59:02.000Z,call center,prd1109,1585331942,1585763942,2020-03-27T17:59:02.000Z,2020-04-01T17:59:02.000Z,Grandeur Hotels: Belgrade,Grandeur Hotels,Belgrade,luxury,1,1,0,5,377.73,1888.65
d2a970e6-7dd9-11ea-927e-b88a60e194fb,JMI-JJJH,orderid:408483,crmid:1522930818,2020-03-05T05:42:56.000Z,call center,prd1133,1585287776,1585978976,2020-03-27T05:42:56.000Z,2020-04-04T05:42:56.000Z,Grandeur Hotels: Toronto,Grandeur Hotels,Toronto,standard,1,1,0,8,149.84,1198.72
d2aa8248-7dd9-11ea-9c8a-b88a60e194fb,1CT-H1GB,orderid:601519,crmid:8860746516,2020-03-28T19:09:30.000Z,service desk,prd1177,1587496170,1588014570,2020-04-21T19:09:30.000Z,2020-04-27T19:09:30.000Z,Admiralty Plaza: Raleigh,Admiralty Plaza,Raleigh,luxury,1,1,0,6,305.54,1833.24
d2ab93ba-7dd9-11ea-b8cb-b88a60e194fb,NJV-TJWS,orderid:283918,crmid:9275479333,2020-03-16T06:14:29.000Z,mobile,prd1161,1585116869,1585635269,2020-03-25T06:14:29.000Z,2020-03-31T06:14:29.000Z,Sapphire Suites: Memphis,Sapphire Suites,Memphis,standard,1,1,3,6,123.89,743.34
d2ac7e1a-7dd9-11ea-926a-b88a60e194fb,OZ1-GFI8,orderid:228751,crmid:9540691091,2020-03-25T05:05:47.000Z,call center,prd1042,1586667947,1587186347,2020-04-12T05:05:47.000Z,2020-04-18T05:05:47.000Z,Sego Lily Suites: Omaha,Sego Lily Suites,Omaha,premium,1,1,0,6,117.61,705.66
d2ad8f86-7dd9-11ea-9f92-b88a60e194fb,ABF-9RBN,orderid:417885,crmid:9181590356,2020-03-23T01:41:39.000Z,kiosk,prd1148,1586828499,1587606099,2020-04-14T01:41:39.000Z,2020-04-23T01:41:39.000Z,Aspen Heights: Jacksonville,Aspen Heights,Jacksonville,standard,1,1,2,9,175.23,1577.07
d2aea18a-7dd9-11ea-ad78-b88a60e194fb,H5H-BJ0B,orderid:929295,crmid:7827622731,2020-03-21T17:48:19.000Z,kiosk,prd1057,1586713699,1587232099,2020-04-12T17:48:19.000Z,2020-04-18T17:48:19.000Z,Admiralty Plaza: Mumbai,Admiralty Plaza,Mumbai,premium,1,1,0,6,128.88,773.28
d2af8b62-7dd9-11ea-b32d-b88a60e194fb,VMW-ZPFL,orderid:676506,crmid:3845357062,2020-03-11T14:45:04.000Z,kiosk,prd1081,1585320304,1586529904,2020-03-27T14:45:04.000Z,2020-04-10T14:45:04.000Z,Admiralty Plaza: Rod de Janeiro,Admiralty Plaza,Rod de Janeiro,standard,1,1,0,14,102.99,1441.86
d2b09cc6-7dd9-11ea-baa7-b88a60e194fb,L8M-IKJQ,orderid:568673,crmid:4638430299,2020-03-21T20:48:58.000Z,call center,prd1191,1585514938,1586119738,2020-03-29T20:48:58.000Z,2020-04-05T20:48:58.000Z,Hospitality Inn: Mumbai,Hospitality Inn,Mumbai,standard,1,1,0,7,91.13,637.91
d2b1fce4-7dd9-11ea-9cb2-b88a60e194fb,MJJ-BQKM,orderid:578358,crmid:7301464889,2020-03-08T20:50:36.000Z,mobile,prd1157,1586119836,1586638236,2020-04-05T20:50:36.000Z,2020-04-11T20:50:36.000Z,Grandeur Hotels: Boston,Grandeur Hotels,Boston,standard,1,1,0,6,151.92,911.52
d2b30dca-7dd9-11ea-a7c8-b88a60e194fb,WT2-QHF3,orderid:354718,crmid:6804267411,2020-03-15T00:49:36.000Z,call center,prd1109,1586825376,1587084576,2020-04-14T00:49:36.000Z,2020-04-17T00:49:36.000Z,Grandeur Hotels: Belgrade,Grandeur Hotels,Belgrade,standard,1,1,0,3,136.14,408.42
d2b3f838-7dd9-11ea-89bd-b88a60e194fb,GD8-S9TO,orderid:101960,crmid:9749921064,2020-03-19T08:06:17.000Z,call center,prd1136,1584691577,1584777977,2020-03-20T08:06:17.000Z,2020-03-21T08:06:17.000Z,Aspen Heights: Osaka,Aspen Heights,Osaka,standard,1,1,0,1,176.54,176.54
d2b5099e-7dd9-11ea-9bb4-b88a60e194fb,GGQ-1RDV,orderid:697269,crmid:3456947024,2020-03-01T11:50:02.000Z,kiosk,prd1172,1584618602,1585050602,2020-03-19T11:50:02.000Z,2020-03-24T11:50:02.000Z,Aspen Heights: Mesa,Aspen Heights,Mesa,premium,1,1,2,5,179.25,896.25
d2b61b08-7dd9-11ea-978f-b88a60e194fb,SLW-OKOT,orderid:680601,crmid:9072598532,2020-03-06T08:42:36.000Z,call center,prd1059,1585471356,1585816956,2020-03-29T08:42:36.000Z,2020-04-02T08:42:36.000Z,Hospitality Inn: Kinshasa,Hospitality Inn,Kinshasa,standard,1,1,0,4,166.25,665.0
d2b72c82-7dd9-11ea-a591-b88a60e194fb,LSG-99J0,orderid:563679,crmid:6011545672,2020-03-24T14:21:13.000Z,call center,prd1088,1587306073,1587997273,2020-04-19T14:21:13.000Z,2020-04-27T14:21:13.000Z,Aspen Heights: Ankara,Aspen Heights,Ankara,standard,1,1,0,8,97.52,780.16
d2b83dec-7dd9-11ea-8750-b88a60e194fb,SRB-X2NM,orderid:603510,crmid:6069910404,2020-03-05T16:58:44.000Z,kiosk,prd1088,1585414724,1586105924,2020-03-28T16:58:44.000Z,2020-04-05T16:58:44.000Z,Aspen Heights: Ankara,Aspen Heights,Ankara,standard,1,1,0,8,136.74,1093.92
d2b9765a-7dd9-11ea-a79d-b88a60e194fb,WYJ-HBBH,orderid:233428,crmid:2306925702,2020-03-06T15:25:28.000Z,call center,prd1129,1583594728,1583853928,2020-03-07T15:25:28.000Z,2020-03-10T15:25:28.000Z,Admiralty Plaza: Helsinki,Admiralty Plaza,Helsinki,standard,1,1,0,3,142.57,427.71
d2ba87d0-7dd9-11ea-8fa1-b88a60e194fb,7PN-JMCD,orderid:686191,crmid:9731818988,2020-03-15T16:35:36.000Z,mobile,prd1046,1586536536,1587141336,2020-04-10T16:35:36.000Z,2020-04-17T16:35:36.000Z,Blue Reef Resort: Virginia Beach,Blue Reef Resort,Virginia Beach,standard,1,1,2,7,130.43,913.01
d2bb9950-7dd9-11ea-8e2b-b88a60e194fb,NUC-NVQI,orderid:170052,crmid:7745115702,2020-03-26T16:13:31.000Z,service desk,prd1059,1586794411,1586967211,2020-04-13T16:13:31.000Z,2020-04-15T16:13:31.000Z,Hospitality Inn: Kinshasa,Hospitality Inn,Kinshasa,premium,1,1,0,2,129.15,258.3
d2bcd1c0-7dd9-11ea-8bc6-b88a60e194fb,3M0-FI82,orderid:604606,crmid:3123864479,2020-03-16T08:28:22.000Z,mobile,prd1095,1584520102,1584692902,2020-03-18T08:28:22.000Z,2020-03-20T08:28:22.000Z,Hospitality Inn: Casablanca,Hospitality Inn,Casablanca,standard,1,1,0,2,103.97,207.94
d2bde328-7dd9-11ea-a5ad-b88a60e194fb,50O-LP7F,orderid:474179,crmid:1910702014,2020-03-20T08:46:26.000Z,kiosk,prd1154,1585298786,1585817186,2020-03-27T08:46:26.000Z,2020-04-02T08:46:26.000Z,Blue Reef Resort: Seattle,Blue Reef Resort,Seattle,standard,1,1,0,6,128.71,772.26
d2bef49a-7dd9-11ea-81c3-b88a60e194fb,JJ1-KRMX,orderid:572577,crmid:4036782423,2020-03-12T10:45:01.000Z,kiosk,prd1110,1586342701,1586688301,2020-04-08T10:45:01.000Z,2020-04-12T10:45:01.000Z,Restful Nights: Sofia,Restful Nights,Sofia,premium,1,1,0,4,111.02,444.08
d2c00608-7dd9-11ea-be82-b88a60e194fb,W9U-08LA,orderid:145414,crmid:4240255268,2020-03-10T06:44:07.000Z,call center,prd1158,1583909047,1584081847,2020-03-11T06:44:07.000Z,2020-03-13T06:44:07.000Z,Restful Nights: El Paso,Restful Nights,El Paso,luxury,1,1,0,2,317.96,635.92
d2c0f068-7dd9-11ea-bc6e-b88a60e194fb,41B-YDKP,orderid:639955,crmid:4722940289,2020-03-14T15:38:06.000Z,call center,prd1117,1584286686,1584545886,2020-03-15T15:38:06.000Z,2020-03-18T15:38:06.000Z,Admiralty Plaza: Dublin,Admiralty Plaza,Dublin,standard,1,1,0,3,145.13,435.39
d2c201d8-7dd9-11ea-b54f-b88a60e194fb,QOS-JQAY,orderid:877675,crmid:6880842013,2020-03-31T06:07:41.000Z,kiosk,prd1040,1587622061,1587881261,2020-04-23T06:07:41.000Z,2020-04-26T06:07:41.000Z,Aspen Heights: Atlanta,Aspen Heights,Atlanta,standard,1,1,4,3,111.43,334.29
d2c2ec36-7dd9-11ea-8234-b88a60e194fb,EIE-0AGR,orderid:363821,crmid:8642619711,2020-03-18T15:00:12.000Z,call center,prd1166,1584630012,1584975612,2020-03-19T15:00:12.000Z,2020-03-23T15:00:12.000Z,Blue Reef Resort: Baltimore,Blue Reef Resort,Baltimore,standard,1,1,0,4,140.78,563.12
d2c3fda4-7dd9-11ea-bfaf-b88a60e194fb,SIG-VMFI,orderid:406502,crmid:9796034164,2020-03-22T23:37:10.000Z,call center,prd1138,1586993830,1587425830,2020-04-15T23:37:10.000Z,2020-04-20T23:37:10.000Z,Sego Lily Suites: Lagos,Sego Lily Suites,Lagos,standard,1,1,0,5,148.65,743.25
d2c53626-7dd9-11ea-b082-b88a60e194fb,ORQ-BZTZ,orderid:580504,crmid:5362332973,2020-03-21T21:36:42.000Z,call center,prd1146,1586986602,1587677802,2020-04-15T21:36:42.000Z,2020-04-23T21:36:42.000Z,Restful Nights: San Jose,Restful Nights,San Jose,standard,1,1,0,8,135.88,1087.04
d2c6479e-7dd9-11ea-b14c-b88a60e194fb,S5R-Q66P,orderid:289917,crmid:4066237027,2020-03-31T14:18:45.000Z,kiosk,prd1021,1587305925,1588342725,2020-04-19T14:18:45.000Z,2020-05-01T14:18:45.000Z,Admiralty Plaza: Denver,Admiralty Plaza,Denver,premium,1,1,0,12,138.9,1666.8
d2c75902-7dd9-11ea-99d4-b88a60e194fb,SLT-NCDC,orderid:133467,crmid:2965650687,2020-03-04T22:34:56.000Z,call center,prd1117,1583706896,1583793296,2020-03-08T22:34:56.000Z,2020-03-09T22:34:56.000Z,Admiralty Plaza: Dublin,Admiralty Plaza,Dublin,standard,1,1,0,1,131.61,131.61
d2cab462-7dd9-11ea-9cb0-b88a60e194fb,87O-PBSG,orderid:421402,crmid:1215240172,2020-03-11T23:41:15.000Z,kiosk,prd1191,1584488475,1585179675,2020-03-17T23:41:15.000Z,2020-03-25T23:41:15.000Z,Hospitality Inn: Mumbai,Hospitality Inn,Mumbai,standard,1,1,4,8,145.02,1160.16
d2cbc5d2-7dd9-11ea-bfdb-b88a60e194fb,YES-5ZCN,orderid:859027,crmid:8040613351,2020-03-18T05:20:59.000Z,mobile,prd1178,1586236859,1587792059,2020-04-07T05:20:59.000Z,2020-04-25T05:20:59.000Z,Blue Reef Resort: Colorado Springs,Blue Reef Resort,Colorado Springs,ultra-luxury,1,1,0,18,466.39,8395.02
d2ccb038-7dd9-11ea-8c24-b88a60e194fb,LJ2-C1Y0,orderid:623684,crmid:4553342327,2020-03-01T17:36:37.000Z,call center,prd1146,1584898597,1585244197,2020-03-22T17:36:37.000Z,2020-03-26T17:36:37.000Z,Restful Nights: San Jose,Restful Nights,San Jose,premium,1,1,0,4,167.97,671.88
d2cdc1ac-7dd9-11ea-9f29-b88a60e194fb,CXK-KDSP,orderid:503998,crmid:7039580353,2020-03-02T22:36:48.000Z,call center,prd1169,1584484608,1585435008,2020-03-17T22:36:48.000Z,2020-03-28T22:36:48.000Z,Grandeur Hotels: Tucson,Grandeur Hotels,Tucson,standard,1,1,0,11,129.34,1422.74
d2ceac08-7dd9-11ea-bd4c-b88a60e194fb,GYC-OOQO,orderid:843309,crmid:3132818654,2020-03-17T04:24:58.000Z,call center,prd1033,1586406298,1586751898,2020-04-09T04:24:58.000Z,2020-04-13T04:24:58.000Z,Admiralty Plaza: Milwaukee,Admiralty Plaza,Milwaukee,premium,1,1,0,4,98.22,392.88
d2cf9668-7dd9-11ea-8767-b88a60e194fb,SUB-HZ8S,orderid:607978,crmid:8621518433,2020-03-26T19:17:51.000Z,service desk,prd1070,1587323871,1588706271,2020-04-19T19:17:51.000Z,2020-05-05T19:17:51.000Z,Blue Reef Resort: Jakarta,Blue Reef Resort,Jakarta,standard,1,1,0,16,149.06,2384.96
d2d0a7d8-7dd9-11ea-8b0b-b88a60e194fb,OBB-M9WO,orderid:342765,crmid:1835821242,2020-03-16T11:48:49.000Z,kiosk,prd1009,1586432929,1586519329,2020-04-09T11:48:49.000Z,2020-04-10T11:48:49.000Z,Admiralty Plaza: San Antonio,Admiralty Plaza,San Antonio,luxury,1,1,3,1,385.54,385.54
d2d1b93a-7dd9-11ea-9a9f-b88a60e194fb,T0Y-RGWD,orderid:794393,crmid:3198976008,2020-03-21T10:07:44.000Z,call center,prd1076,1586599664,1587118064,2020-04-11T10:07:44.000Z,2020-04-17T10:07:44.000Z,Aspen Heights: Bogota,Aspen Heights,Bogota,presidential-suite,1,1,0,6,882.17,5293.02
d2d2a39c-7dd9-11ea-902b-b88a60e194fb,VLP-EYXT,orderid:944599,crmid:9132517962,2020-03-14T15:51:26.000Z,call center,prd1083,1586620286,1587311486,2020-04-11T15:51:26.000Z,2020-04-19T15:51:26.000Z,Hospitality Inn: Bangkok,Hospitality Inn,Bangkok,standard,1,1,0,8,173.36,1386.88
d2d3b506-7dd9-11ea-a9f0-b88a60e194fb,FJP-P4IR,orderid:111411,crmid:9589254026,2020-03-04T01:48:51.000Z,call center,prd1023,1583372931,1583545731,2020-03-05T01:48:51.000Z,2020-03-07T01:48:51.000Z,Hospitality Inn: Boston,Hospitality Inn,Boston,premium,1,1,0,2,124.8,249.6
d2d4ed8a-7dd9-11ea-a9ac-b88a60e194fb,MDY-WTI1,orderid:207116,crmid:2645288882,2020-03-11T04:16:51.000Z,kiosk,prd1129,1585801011,1585973811,2020-04-02T04:16:51.000Z,2020-04-04T04:16:51.000Z,Admiralty Plaza: Helsinki,Admiralty Plaza,Helsinki,standard,1,1,0,2,181.04,362.08
d2d5fef8-7dd9-11ea-ab05-b88a60e194fb,XK4-NVPO,orderid:339923,crmid:8516495763,2020-03-11T00:29:02.000Z,call center,prd1086,1583972942,1584145742,2020-03-12T00:29:02.000Z,2020-03-14T00:29:02.000Z,Restful Nights: Johannesburg,Restful Nights,Johannesburg,standard,1,1,0,2,142.6,285.2
d2d6e954-7dd9-11ea-b6b0-b88a60e194fb,IRB-E89O,orderid:274920,crmid:9879900825,2020-03-10T19:18:16.000Z,call center,prd1177,1584127096,1584213496,2020-03-13T19:18:16.000Z,2020-03-14T19:18:16.000Z,Admiralty Plaza: Raleigh,Admiralty Plaza,Raleigh,luxury,1,1,0,1,286.99,286.99
d2d7d3b6-7dd9-11ea-9c54-b88a60e194fb,OF7-CN1V,orderid:491766,crmid:8429024865,2020-03-16T10:55:51.000Z,call center,prd1165,1586516151,1587293751,2020-04-10T10:55:51.000Z,2020-04-19T10:55:51.000Z,Admiralty Plaza: Louisville,Admiralty Plaza,Louisville,ultra-luxury,1,1,0,9,368.65,3317.85
d2d8e526-7dd9-11ea-b9ca-b88a60e194fb,2JF-6WL2,orderid:959717,crmid:4403790726,2020-03-04T02:08:06.000Z,mobile,prd1069,1585274886,1585620486,2020-03-27T02:08:06.000Z,2020-03-31T02:08:06.000Z,Admiralty Plaza: Singapore,Admiralty Plaza,Singapore,standard,1,1,3,4,161.91,647.64
d2d9cf9e-7dd9-11ea-8484-b88a60e194fb,510-ONO3,orderid:975771,crmid:8214758628,2020-03-11T13:30:42.000Z,call center,prd1101,1586093442,1586957442,2020-04-05T13:30:42.000Z,2020-04-15T13:30:42.000Z,Sapphire Suites: Vienna,Sapphire Suites,Vienna,premium,1,1,0,10,133.04,1330.4
d2dabaf8-7dd9-11ea-8a58-b88a60e194fb,HWV-YCNH,orderid:511920,crmid:6398489558,2020-03-24T07:10:28.000Z,service desk,prd1178,1587625828,1588921828,2020-04-23T07:10:28.000Z,2020-05-08T07:10:28.000Z,Blue Reef Resort: Colorado Springs,Blue Reef Resort,Colorado Springs,presidential-suite,1,1,0,15,824.3,12364.5
d2dbd300-7dd9-11ea-b829-b88a60e194fb,HI9-QYLJ,orderid:964642,crmid:6311934412,2020-03-23T17:11:46.000Z,kiosk,prd1105,1585069906,1585242706,2020-03-24T17:11:46.000Z,2020-03-26T17:11:46.000Z,Admiralty Plaza: Barcelona,Admiralty Plaza,Barcelona,standard,1,1,0,2,132.82,265.64
d2dd0b6e-7dd9-11ea-a997-b88a60e194fb,LML-JW5A,orderid:656257,crmid:1462116183,2020-03-28T18:39:13.000Z,service desk,prd1046,1587753553,1588876753,2020-04-24T18:39:13.000Z,2020-05-07T18:39:13.000Z,Blue Reef Resort: Virginia Beach,Blue Reef Resort,Virginia Beach,standard,1,1,0,13,119.36,1551.68
d2ddf5d2-7dd9-11ea-84f6-b88a60e194fb,C0L-3A6S,orderid:513748,crmid:5197501329,2020-03-21T23:36:26.000Z,kiosk,prd1067,1587080186,1587512186,2020-04-16T23:36:26.000Z,2020-04-21T23:36:26.000Z,Nesting Box Inn: Istanbul,Nesting Box Inn,Istanbul,standard,1,1,0,5,133.09,665.45
d2df0738-7dd9-11ea-9620-b88a60e194fb,4SB-TYSN,orderid:633335,crmid:5924922250,2020-03-15T23:15:26.000Z,service desk,prd1154,1586301326,1586819726,2020-04-07T23:15:26.000Z,2020-04-13T23:15:26.000Z,Blue Reef Resort: Seattle,Blue Reef Resort,Seattle,standard,1,1,2,6,132.68,796.08
d2e03fca-7dd9-11ea-99af-b88a60e194fb,LMI-08W7,orderid:659568,crmid:2898644178,2020-03-06T06:27:11.000Z,mobile,prd1149,1585895231,1586413631,2020-04-03T06:27:11.000Z,2020-04-09T06:27:11.000Z,Sapphire Suites: San Francisco,Sapphire Suites,San Francisco,standard,1,1,0,6,153.04,918.24
d2e15134-7dd9-11ea-aeb2-b88a60e194fb,VQ0-5YWK,orderid:750340,crmid:4625480075,2020-03-04T09:23:20.000Z,call center,prd1023,1583400200,1583573000,2020-03-05T09:23:20.000Z,2020-03-07T09:23:20.000Z,Hospitality Inn: Boston,Hospitality Inn,Boston,standard,1,1,0,2,181.24,362.48
d2e26298-7dd9-11ea-b0b0-b88a60e194fb,DA4-TCN7,orderid:507481,crmid:8128332524,2020-03-11T18:25:31.000Z,call center,prd1117,1585851931,1586629531,2020-04-02T18:25:31.000Z,2020-04-11T18:25:31.000Z,Admiralty Plaza: Dublin,Admiralty Plaza,Dublin,standard,1,1,0,9,118.57,1067.13
d2e34d0c-7dd9-11ea-9fce-b88a60e194fb,XIR-VNPK,orderid:100725,crmid:8183480156,2020-03-25T04:31:17.000Z,call center,prd1104,1585197077,1585283477,2020-03-26T04:31:17.000Z,2020-03-27T04:31:17.000Z,Repose Resort: Warsaw,Repose Resort,Warsaw,standard,1,1,0,1,121.56,121.56
d2e4857a-7dd9-11ea-8f2c-b88a60e194fb,YYJ-NFOK,orderid:383407,crmid:9766616529,2020-03-10T16:09:42.000Z,mobile,prd1129,1584115782,1584374982,2020-03-13T16:09:42.000Z,2020-03-16T16:09:42.000Z,Admiralty Plaza: Helsinki,Admiralty Plaza,Helsinki,standard,1,1,0,3,142.72,428.16
d2e596e2-7dd9-11ea-bc9b-b88a60e194fb,GZN-9M7P,orderid:672706,crmid:2918127696,2020-03-01T22:29:14.000Z,mobile,prd1189,1584829754,1584916154,2020-03-21T22:29:14.000Z,2020-03-22T22:29:14.000Z,Admiralty Plaza: Bakersfield,Admiralty Plaza,Bakersfield,ultra-luxury,1,1,3,1,336.37,336.37
d2e6cf78-7dd9-11ea-b504-b88a60e194fb,SVD-QJG3,orderid:889113,crmid:8191896126,2020-03-11T08:31:23.000Z,call center,prd1044,1584001883,1584174683,2020-03-12T08:31:23.000Z,2020-03-14T08:31:23.000Z,Repose Resort: Colorado Springs,Repose Resort,Colorado Springs,standard,1,1,0,2,121.98,243.96
d2e7e0d4-7dd9-11ea-a3e9-b88a60e194fb,PHQ-AAT8,orderid:241974,crmid:8357885891,2020-03-23T11:03:30.000Z,kiosk,prd1011,1587035010,1587726210,2020-04-16T11:03:30.000Z,2020-04-24T11:03:30.000Z,Hospitality Inn: Dallas,Hospitality Inn,Dallas,standard,1,1,0,8,157.69,1261.52
d2e9195c-7dd9-11ea-afea-b88a60e194fb,0XY-0DHS,orderid:264935,crmid:8657672392,2020-03-04T07:51:22.000Z,call center,prd1069,1585468282,1586159482,2020-03-29T07:51:22.000Z,2020-04-06T07:51:22.000Z,Admiralty Plaza: Singapore,Admiralty Plaza,Singapore,premium,1,1,0,8,119.43,955.44
d2ea51d2-7dd9-11ea-b5a7-b88a60e194fb,2BU-N6EC,orderid:830455,crmid:8252651842,2020-03-31T17:47:00.000Z,call center,prd1016,1586281620,1586454420,2020-04-07T17:47:00.000Z,2020-04-09T17:47:00.000Z,Aspen Heights: Columbus,Aspen Heights,Columbus,premium,1,1,0,2,152.58,305.16
d2ebb154-7dd9-11ea-b340-b88a60e194fb,AQO-GZAU,orderid:871586,crmid:6979910225,2020-03-14T04:47:37.000Z,call center,prd1160,1585543657,1585889257,2020-03-30T04:47:37.000Z,2020-04-03T04:47:37.000Z,Aspen Heights: Nashville,Aspen Heights,Nashville,standard,1,1,3,4,149.3,597.2
d2ed1100-7dd9-11ea-bbe1-b88a60e194fb,4IL-CSHA,orderid:429654,crmid:3195058108,2020-03-26T09:53:29.000Z,call center,prd1076,1585302809,1585389209,2020-03-27T09:53:29.000Z,2020-03-28T09:53:29.000Z,Aspen Heights: Bogota,Aspen Heights,Bogota,standard,1,1,0,1,137.52,137.52
d2ee70da-7dd9-11ea-bde9-b88a60e194fb,5E0-HOL2,orderid:560886,crmid:1421138271,2020-03-10T09:27:46.000Z,call center,prd1062,1583918866,1584091666,2020-03-11T09:27:46.000Z,2020-03-13T09:27:46.000Z,Restful Nights: Moscow,Restful Nights,Moscow,standard,1,1,0,2,107.95,215.9
d2ef81e4-7dd9-11ea-85be-b88a60e194fb,LNC-MWNT,orderid:555503,crmid:4798617365,2020-03-22T04:10:48.000Z,kiosk,prd1136,1585023048,1585368648,2020-03-24T04:10:48.000Z,2020-03-28T04:10:48.000Z,Aspen Heights: Osaka,Aspen Heights,Osaka,standard,1,1,0,4,128.46,513.84
d2f12f8a-7dd9-11ea-af2e-b88a60e194fb,LWM-KZ5O,orderid:861292,crmid:2098656565,2020-03-03T08:15:13.000Z,kiosk,prd1033,1583396113,1583828113,2020-03-05T08:15:13.000Z,2020-03-10T08:15:13.000Z,Admiralty Plaza: Milwaukee,Admiralty Plaza,Milwaukee,standard,1,1,0,5,134.78,673.9
d2f26970-7dd9-11ea-9570-b88a60e194fb,LA9-TMJY,orderid:951159,crmid:8804757298,2020-03-03T22:48:09.000Z,call center,prd1032,1585262889,1585522089,2020-03-26T22:48:09.000Z,2020-03-29T22:48:09.000Z,Repose Resort: Baltimore,Repose Resort,Baltimore,standard,1,1,0,3,134.18,402.54
d2f3a1de-7dd9-11ea-9755-b88a60e194fb,DFU-2WTV,orderid:934946,crmid:4798474739,2020-03-07T03:51:30.000Z,service desk,prd1128,1586058690,1586749890,2020-04-05T03:51:30.000Z,2020-04-13T03:51:30.000Z,Repose Resort: Rotterdam,Repose Resort,Rotterdam,premium,1,1,0,8,114.92,919.36
d2f4b358-7dd9-11ea-b52e-b88a60e194fb,UJU-SGQF,orderid:728139,crmid:9573094374,2020-03-11T21:21:06.000Z,kiosk,prd1066,1585344066,1585516866,2020-03-27T21:21:06.000Z,2020-03-29T21:21:06.000Z,Sego Lily Suites: Shanghai,Sego Lily Suites,Shanghai,premium,1,1,0,2,153.61,307.22
d2f61180-7dd9-11ea-a88c-b88a60e194fb,QCL-U63O,orderid:964944,crmid:1324607463,2020-03-26T09:08:19.000Z,call center,prd1029,1587460099,1587805699,2020-04-21T09:08:19.000Z,2020-04-25T09:08:19.000Z,Sapphire Suites: Oklahoma City,Sapphire Suites,Oklahoma City,standard,1,1,0,4,161.36,645.44
d2f74b64-7dd9-11ea-aa7b-b88a60e194fb,IGM-ZEF4,orderid:416660,crmid:4528776031,2020-03-17T03:19:08.000Z,call center,prd1184,1586661548,1587179948,2020-04-12T03:19:08.000Z,2020-04-18T03:19:08.000Z,Aspen Heights: Arlington,Aspen Heights,Arlington,standard,1,1,0,6,157.6,945.6
d2f8a990-7dd9-11ea-b498-b88a60e194fb,1RB-ZIPF,orderid:214342,crmid:4139733481,2020-03-18T09:21:55.000Z,kiosk,prd1195,1586424115,1587288115,2020-04-09T09:21:55.000Z,2020-04-19T09:21:55.000Z,Family Fun Hotels: Lahore,Family Fun Hotels,Lahore,standard,1,1,0,10,157.87,1578.7
d2fa0a68-7dd9-11ea-8c11-b88a60e194fb,OAT-UZ50,orderid:760504,crmid:4662449433,2020-03-18T20:13:41.000Z,call center,prd1057,1585253621,1585512821,2020-03-26T20:13:41.000Z,2020-03-29T20:13:41.000Z,Admiralty Plaza: Mumbai,Admiralty Plaza,Mumbai,ultra-luxury,1,1,0,3,346.39,1039.17
d2fb8fe2-7dd9-11ea-93c5-b88a60e194fb,SNJ-4B9Y,orderid:589055,crmid:2831905930,2020-03-10T14:33:31.000Z,mobile,prd1141,1583937211,1584110011,2020-03-11T14:33:31.000Z,2020-03-13T14:33:31.000Z,Admiralty Plaza: Phoenix,Admiralty Plaza,Phoenix,standard,1,1,0,2,133.74,267.48
d2fcc992-7dd9-11ea-991c-b88a60e194fb,0MU-2YI5,orderid:906254,crmid:8338370761,2020-03-29T01:40:31.000Z,mobile,prd1157,1587174031,1588815631,2020-04-18T01:40:31.000Z,2020-05-07T01:40:31.000Z,Grandeur Hotels: Boston,Grandeur Hotels,Boston,standard,1,1,4,19,119.54,2271.26
d2fe75f0-7dd9-11ea-89e3-b88a60e194fb,UJW-UM5R,orderid:180160,crmid:8831474459,2020-03-20T07:49:11.000Z,call center,prd1165,1584776951,1584949751,2020-03-21T07:49:11.000Z,2020-03-23T07:49:11.000Z,Admiralty Plaza: Louisville,Admiralty Plaza,Louisville,premium,1,1,0,2,162.97,325.94
d3004aae-7dd9-11ea-95ef-b88a60e194fb,LRK-TZ7J,orderid:609666,crmid:3502864904,2020-03-17T00:50:01.000Z,mobile,prd1076,1584665401,1584751801,2020-03-20T00:50:01.000Z,2020-03-21T00:50:01.000Z,Aspen Heights: Bogota,Aspen Heights,Bogota,premium,1,1,0,1,154.48,154.48
d301d13a-7dd9-11ea-8882-b88a60e194fb,PL1-3QLC,orderid:569310,crmid:6596611407,2020-03-18T09:39:08.000Z,call center,prd1088,1585129148,1585301948,2020-03-25T09:39:08.000Z,2020-03-27T09:39:08.000Z,Aspen Heights: Ankara,Aspen Heights,Ankara,premium,1,1,3,2,130.6,261.2
d3033164-7dd9-11ea-8b7b-b88a60e194fb,TQR-XVCQ,orderid:748579,crmid:9315383062,2020-03-21T18:05:20.000Z,call center,prd1185,1585591520,1586282720,2020-03-30T18:05:20.000Z,2020-04-07T18:05:20.000Z,Sapphire Suites: New Orleans,Sapphire Suites,New Orleans,ultra-luxury,1,1,0,8,287.52,2300.16
d3046950-7dd9-11ea-a85f-b88a60e194fb,UUJ-XGJO,orderid:190619,crmid:9015619435,2020-03-12T13:26:19.000Z,kiosk,prd1020,1586179579,1586611579,2020-04-06T13:26:19.000Z,2020-04-11T13:26:19.000Z,Repose Resort: Seattle,Repose Resort,Seattle,premium,1,1,0,5,122.87,614.35
d3061712-7dd9-11ea-a16e-b88a60e194fb,CEA-XANA,orderid:573677,crmid:5607196037,2020-03-22T07:10:31.000Z,mobile,prd1152,1584947431,1585120231,2020-03-23T07:10:31.000Z,2020-03-25T07:10:31.000Z,Repose Resort: Indianapolis,Repose Resort,Indianapolis,premium,1,1,0,2,133.67,267.34
d307ebcc-7dd9-11ea-b327-b88a60e194fb,W73-YYO1,orderid:370047,crmid:1540692146,2020-03-23T18:34:23.000Z,mobile,prd1159,1585679663,1586111663,2020-03-31T18:34:23.000Z,2020-04-05T18:34:23.000Z,Family Fun Hotels: Detroit,Family Fun Hotels,Detroit,standard,1,1,0,5,182.26,911.3
d30a35cc-7dd9-11ea-a6fe-b88a60e194fb,K7U-CRAK,orderid:986172,crmid:1284157605,2020-03-15T14:08:08.000Z,call center,prd1167,1584454088,1584972488,2020-03-17T14:08:08.000Z,2020-03-23T14:08:08.000Z,Hospitality Inn: Milwaukee,Hospitality Inn,Milwaukee,premium,1,1,0,6,179.66,1077.96
d30bbc6e-7dd9-11ea-bb64-b88a60e194fb,FEB-YVV5,orderid:124271,crmid:6346362126,2020-03-26T22:41:31.000Z,call center,prd1035,1587249691,1587595291,2020-04-18T22:41:31.000Z,2020-04-22T22:41:31.000Z,Hospitality Inn: Tucson,Hospitality Inn,Tucson,standard,1,1,0,4,148.61,594.44
d30d43ae-7dd9-11ea-9447-b88a60e194fb,AZJ-1JVW,orderid:945810,crmid:2575253012,2020-03-26T23:35:51.000Z,call center,prd1104,1587771351,1588894551,2020-04-24T23:35:51.000Z,2020-05-07T23:35:51.000Z,Repose Resort: Warsaw,Repose Resort,Warsaw,standard,1,1,2,13,128.06,1664.78
d30f3f1a-7dd9-11ea-9c21-b88a60e194fb,XSI-NXNU,orderid:683887,crmid:9379930525,2020-03-08T12:49:21.000Z,kiosk,prd1049,1586004561,1586609361,2020-04-04T12:49:21.000Z,2020-04-11T12:49:21.000Z,Grandeur Hotels: Tulsa,Grandeur Hotels,Tulsa,standard,1,1,0,7,89.07,623.49
d310ec70-7dd9-11ea-bead-b88a60e194fb,H4F-SCCG,orderid:771352,crmid:7562850879,2020-03-10T00:03:07.000Z,call center,prd1192,1585872187,1586304187,2020-04-03T00:03:07.000Z,2020-04-08T00:03:07.000Z,Sandhill: Delhi,Sandhill,Delhi,premium,1,1,2,5,142.74,713.7
d3124c34-7dd9-11ea-8143-b88a60e194fb,HX8-REG4,orderid:842912,crmid:8244007294,2020-03-27T03:33:40.000Z,call center,prd1183,1585712020,1585798420,2020-04-01T03:33:40.000Z,2020-04-02T03:33:40.000Z,Family Fun Hotels: Tulsa,Family Fun Hotels,Tulsa,standard,1,1,0,1,106.18,106.18
