id,reservationid,orderid,crmid,timestamporderType,productsku,hotelCheckInUnix,hotelCheckOutUnix,hotelCheckInTS,hotelCheckOutTS,hotelName,hotelChain,hotelLocation,hotelRoomType,hotelRoomCount,hotelGuestAdultCount,hotelGuestChildCount,hotelNightCount,hotelRoomPrice,hotelFinalPrice
orderid:915776,IWC-ZMUJ,orderid:915776,crmid:1469661700,2019-12-08T23:23:23.000Z,call center,prd1142,1575933803,1576106603,2019-12-09T23:23:23+00:00,2019-12-11T23:23:23+00:00,Blue Reef Resort: Philadelphia,Blue Reef Resort,Philadelphia,standard,1,1,0,2,152.98,305.96
orderid:198784,XMH-CGOF,orderid:198784,crmid:1469661700,2019-12-12T00:00:00.000Z,website,prd1131,1576195200,1576281600,2019-12-13T00:00:00+00:00,2019-12-14T00:00:00+00:00,Hospitality Inn: Sheffield,Hospitality Inn,Sheffield,premium,1,1,0,1,145.1,145.1
orderid:682167,FGV-WVJT,orderid:682167,crmid:3255946063,2020-01-29T05:53:31.000Z,mobile,prd1057,1581659611,1582091611,2020-02-14T05:53:31+00:00,2020-02-19T05:53:31+00:00,Admiralty Plaza: Mumbai,Admiralty Plaza,Mumbai,standard,1,1,4,5,139.99,699.95
orderid:170892,CCS-ZAIU,orderid:170892,crmid:4085486727,2019-12-08T16:22:34.000Z,call center,prd1123,1575908554,1576254154,2019-12-09T16:22:34+00:00,2019-12-13T16:22:34+00:00,Family Fun Hotels: Amsterdam,Family Fun Hotels,Amsterdam,standard,1,1,0,4,163.72,654.88
orderid:962200,MNG-T1SR,orderid:962200,crmid:8034801610,2019-12-09T07:30:56.000Z,call center,prd1103,1575963056,1576135856,2019-12-10T07:30:56+00:00,2019-12-12T07:30:56+00:00,Nesting Box Inn: Hamburg,Nesting Box Inn,Hamburg,premium,1,1,0,2,195.48,390.96
orderid:113093,EPU-THV4,orderid:113093,crmid:4240472019,2020-02-13T15:45:32.000Z,kiosk,prd1127,1583509532,1584114332,2020-03-06T15:45:32+00:00,2020-03-13T15:45:32+00:00,Nesting Box Inn: Glasgow,Nesting Box Inn,Glasgow,standard,1,1,2,7,138.83,971.81
orderid:194546,TPW-SAOT,orderid:194546,crmid:6320757306,2020-01-17T22:37:58.000Z,service desk,prd1158,1581719878,1582151878,2020-02-14T22:37:58+00:00,2020-02-19T22:37:58+00:00,Restful Nights: El Paso,Restful Nights,El Paso,standard,1,1,0,5,132.62,663.1
orderid:335692,PZ9-PTTO,orderid:335692,crmid:9037579475,2020-02-03T06:52:38.000Z,call center,prd1187,1581403958,1581835958,2020-02-11T06:52:38+00:00,2020-02-16T06:52:38+00:00,Nesting Box Inn: Cleveland,Nesting Box Inn,Cleveland,premium,1,1,0,5,126.5,632.5
orderid:375097,N9F-N5DJ,orderid:375097,crmid:8190614992,2020-01-24T22:08:30.000Z,kiosk,prd1177,1579990110,1580249310,2020-01-25T22:08:30+00:00,2020-01-28T22:08:30+00:00,Admiralty Plaza: Raleigh,Admiralty Plaza,Raleigh,standard,1,1,0,3,130.86,392.58
orderid:654275,UWW-SFUM,orderid:654275,crmid:3924286589,2020-01-20T20:02:21.000Z,kiosk,prd1165,1579982541,1580068941,2020-01-25T20:02:21+00:00,2020-01-26T20:02:21+00:00,Admiralty Plaza: Louisville,Admiralty Plaza,Louisville,luxury,1,1,0,1,281.87,281.87
orderid:383302,IKI-4LBS,orderid:383302,crmid:3924286589,2020-01-28T00:00:00.000Z,website,prd1191,1580601600,1580688000,2020-02-02T00:00:00+00:00,2020-02-03T00:00:00+00:00,Hospitality Inn: Mumbai,Hospitality Inn,Mumbai,premium,1,1,0,1,128.27,128.27
orderid:336841,YIE-2WSN,orderid:336841,crmid:9101217225,2020-01-19T10:36:21.000Z,website,prd1136,1581417381,1581935781,2020-02-11T10:36:21+00:00,2020-02-17T10:36:21+00:00,Aspen Heights: Osaka,Aspen Heights,Osaka,premium,1,1,3,6,137.28,823.68
orderid:289456,NSL-TF16,orderid:289456,crmid:2425193767,2019-12-16T19:21:46.000Z,kiosk,prd1085,1577042506,1577128906,2019-12-22T19:21:46+00:00,2019-12-23T19:21:46+00:00,Grandeur Hotels: Saint Petersburg,Grandeur Hotels,Saint Petersburg,standard,1,1,0,1,157.89,157.89
orderid:551267,QKM-ZGMI,orderid:551267,crmid:9787474375,2020-01-26T20:13:32.000Z,mobile,prd1010,1580415212,1580588012,2020-01-30T20:13:32+00:00,2020-02-01T20:13:32+00:00,Blue Reef Resort: San Diego,Blue Reef Resort,San Diego,standard,1,1,0,2,146.65,293.3
orderid:934023,MIF-XONO,orderid:934023,crmid:6935275856,2020-01-08T17:17:43.000Z,call center,prd1104,1580923063,1581182263,2020-02-05T17:17:43+00:00,2020-02-08T17:17:43+00:00,Repose Resort: Warsaw,Repose Resort,Warsaw,standard,1,1,0,3,153.63,460.89
orderid:201135,EJX-CWLF,orderid:201135,crmid:8834992832,2019-12-01T21:51:01.000Z,mobile,prd1148,1575841861,1576360261,2019-12-08T21:51:01+00:00,2019-12-14T21:51:01+00:00,Aspen Heights: Jacksonville,Aspen Heights,Jacksonville,standard,1,1,1,6,162.38,974.28
orderid:481417,QED-JWWB,orderid:481417,crmid:7435918994,2019-12-01T19:39:41.000Z,mobile,prd1009,1575833981,1576438781,2019-12-08T19:39:41+00:00,2019-12-15T19:39:41+00:00,Admiralty Plaza: San Antonio,Admiralty Plaza,San Antonio,standard,1,1,4,7,122.06,854.42
orderid:190467,VAY-VVMZ,orderid:190467,crmid:9955047450,2019-12-31T11:49:10.000Z,website,prd1065,1579693750,1580557750,2020-01-22T11:49:10+00:00,2020-02-01T11:49:10+00:00,Sapphire Suites: Beijing,Sapphire Suites,Beijing,standard,1,1,4,10,119.78,1197.8
orderid:999572,PH7-FNUD,orderid:999572,crmid:6156965031,2019-12-11T04:15:06.000Z,mobile,prd1037,1576556106,1576988106,2019-12-17T04:15:06+00:00,2019-12-22T04:15:06+00:00,Grandeur Hotels: Sacramento,Grandeur Hotels,Sacramento,premium,1,1,0,5,117.9,589.5
orderid:436833,VMU-YU4P,orderid:436833,crmid:7766469652,2019-12-09T04:36:41.000Z,mobile,prd1083,1576384601,1576557401,2019-12-15T04:36:41+00:00,2019-12-17T04:36:41+00:00,Hospitality Inn: Bangkok,Hospitality Inn,Bangkok,standard,1,1,0,2,123.32,246.64
orderid:316810,AOP-QORZ,orderid:316810,crmid:9011826891,2020-01-10T22:03:57.000Z,call center,prd1153,1580681037,1581113037,2020-02-02T22:03:57+00:00,2020-02-07T22:03:57+00:00,Admiralty Plaza: Charlotte,Admiralty Plaza,Charlotte,luxury,1,1,0,5,330.51,1652.55
orderid:373453,7KF-LYNQ,orderid:373453,crmid:9956564726,2019-12-23T13:10:43.000Z,call center,prd1021,1577365843,1577452243,2019-12-26T13:10:43+00:00,2019-12-27T13:10:43+00:00,Admiralty Plaza: Denver,Admiralty Plaza,Denver,standard,1,1,0,1,153.43,153.43
orderid:235064,47C-TZFE,orderid:235064,crmid:8141495313,2019-12-12T04:38:53.000Z,kiosk,prd1119,1576211933,1576384733,2019-12-13T04:38:53+00:00,2019-12-15T04:38:53+00:00,Hospitality Inn: Turin,Hospitality Inn,Turin,standard,1,1,0,2,168.74,337.48
orderid:519080,E6J-4F4O,orderid:519080,crmid:4217947428,2020-01-29T08:40:42.000Z,service desk,prd1154,1582015242,1583311242,2020-02-18T08:40:42+00:00,2020-03-04T08:40:42+00:00,Blue Reef Resort: Seattle,Blue Reef Resort,Seattle,standard,1,1,0,15,117.79,1766.85
orderid:900264,JJR-GXJJ,orderid:900264,crmid:3613308104,2020-02-16T07:51:14.000Z,call center,prd1046,1583826674,1584085874,2020-03-10T07:51:14+00:00,2020-03-13T07:51:14+00:00,Blue Reef Resort: Virginia Beach,Blue Reef Resort,Virginia Beach,standard,1,1,0,3,144.07,432.21
orderid:948717,JWS-HMCG,orderid:948717,crmid:7164753076,2020-01-22T07:39:11.000Z,call center,prd1068,1581406751,1583048351,2020-02-11T07:39:11+00:00,2020-03-01T07:39:11+00:00,Repose Resort: Dhaka,Repose Resort,Dhaka,standard,1,1,0,19,149.14,2833.66
orderid:675046,LEQ-WZ2O,orderid:675046,crmid:1851734479,2020-01-24T08:31:27.000Z,call center,prd1020,1581841887,1582446687,2020-02-16T08:31:27+00:00,2020-02-23T08:31:27+00:00,Repose Resort: Seattle,Repose Resort,Seattle,standard,1,1,3,7,121.72,852.04
orderid:220805,RE4-6V3T,orderid:220805,crmid:4234998033,2019-12-25T00:52:18.000Z,website,prd1033,1579567938,1580777538,2020-01-21T00:52:18+00:00,2020-02-04T00:52:18+00:00,Admiralty Plaza: Milwaukee,Admiralty Plaza,Milwaukee,premium,1,1,0,14,143.82,2013.48
orderid:832502,K7F-U6FV,orderid:832502,crmid:5162491178,2019-12-21T20:33:13.000Z,website,prd1112,1577046793,1577133193,2019-12-22T20:33:13+00:00,2019-12-23T20:33:13+00:00,Aspen Heights: Birmingham,Aspen Heights,Birmingham,standard,1,1,0,1,143.96,143.96
orderid:469187,A8H-MVHZ,orderid:469187,crmid:1583595084,2020-01-23T00:47:34.000Z,call center,prd1183,1581727654,1582591654,2020-02-15T00:47:34+00:00,2020-02-25T00:47:34+00:00,Family Fun Hotels: Tulsa,Family Fun Hotels,Tulsa,standard,1,1,1,10,131.42,1314.2
orderid:215008,C4P-PL8V,orderid:215008,crmid:3463286994,2020-01-11T06:28:33.000Z,kiosk,prd1131,1578810513,1579415313,2020-01-12T06:28:33+00:00,2020-01-19T06:28:33+00:00,Hospitality Inn: Sheffield,Hospitality Inn,Sheffield,premium,1,1,3,7,111.22,778.54
orderid:995963,7Q9-K2WB,orderid:995963,crmid:4536677126,2020-01-16T16:52:04.000Z,kiosk,prd1177,1580057524,1580662324,2020-01-26T16:52:04+00:00,2020-02-02T16:52:04+00:00,Admiralty Plaza: Raleigh,Admiralty Plaza,Raleigh,standard,1,1,1,7,152.3,1066.1
orderid:695539,HE6-QTBQ,orderid:695539,crmid:1658489371,2019-12-28T07:19:06.000Z,kiosk,prd1009,1577603946,1577776746,2019-12-29T07:19:06+00:00,2019-12-31T07:19:06+00:00,Admiralty Plaza: San Antonio,Admiralty Plaza,San Antonio,premium,1,1,0,2,184.38,368.76
orderid:190964,JKR-OD4I,orderid:190964,crmid:2918161655,2019-12-09T22:49:59.000Z,mobile,prd1028,1576018199,1576190999,2019-12-10T22:49:59+00:00,2019-12-12T22:49:59+00:00,Aspen Heights: Portland,Aspen Heights,Portland,premium,1,1,0,2,164.93,329.86
orderid:920975,B81-QZRB,orderid:920975,crmid:9814584558,2020-01-28T22:00:45.000Z,call center,prd1122,1582581645,1583013645,2020-02-24T22:00:45+00:00,2020-02-29T22:00:45+00:00,Restful Nights: Valencia,Restful Nights,Valencia,standard,1,1,2,5,174.59,872.95
orderid:195988,12D-WWUE,orderid:195988,crmid:5918265019,2019-12-29T13:59:26.000Z,call center,prd1088,1578146366,1578491966,2020-01-04T13:59:26+00:00,2020-01-08T13:59:26+00:00,Aspen Heights: Ankara,Aspen Heights,Ankara,premium,1,1,0,4,106.75,427.0
orderid:999136,5YN-9BPI,orderid:999136,crmid:6606273222,2019-12-31T06:14:50.000Z,kiosk,prd1052,1577945690,1578032090,2020-01-02T06:14:50+00:00,2020-01-03T06:14:50+00:00,Aspen Heights: Wichita,Aspen Heights,Wichita,premium,1,1,0,1,106.4,106.4
orderid:928810,Z3M-FEDM,orderid:928810,crmid:5333694850,2020-01-14T15:06:57.000Z,kiosk,prd1035,1579964817,1580224017,2020-01-25T15:06:57+00:00,2020-01-28T15:06:57+00:00,Hospitality Inn: Tucson,Hospitality Inn,Tucson,standard,1,1,0,3,138.1,414.3
orderid:752832,ZJ3-UWKX,orderid:752832,crmid:3028172030,2020-01-02T05:22:48.000Z,kiosk,prd1101,1579411368,1579497768,2020-01-19T05:22:48+00:00,2020-01-20T05:22:48+00:00,Sapphire Suites: Vienna,Sapphire Suites,Vienna,standard,1,1,1,1,177.18,177.18
orderid:602026,5I1-KRDF,orderid:602026,crmid:6067963057,2020-01-22T14:53:37.000Z,website,prd1103,1579791217,1580136817,2020-01-23T14:53:37+00:00,2020-01-27T14:53:37+00:00,Nesting Box Inn: Hamburg,Nesting Box Inn,Hamburg,luxury,1,1,0,4,363.42,1453.68
orderid:350883,BSL-IKMB,orderid:350883,crmid:3130108346,2019-12-25T10:46:14.000Z,website,prd1069,1577875574,1578393974,2020-01-01T10:46:14+00:00,2020-01-07T10:46:14+00:00,Admiralty Plaza: Singapore,Admiralty Plaza,Singapore,premium,1,1,0,6,105.27,631.62
orderid:984356,VFF-VTJD,orderid:984356,crmid:3024713852,2020-01-27T12:51:47.000Z,kiosk,prd1141,1580302307,1580561507,2020-01-29T12:51:47+00:00,2020-02-01T12:51:47+00:00,Admiralty Plaza: Phoenix,Admiralty Plaza,Phoenix,standard,1,1,0,3,180.99,542.97
orderid:682793,0DJ-JYZZ,orderid:682793,crmid:3024713852,2020-02-03T00:00:00.000Z,mobile,prd1016,1580774400,1580860800,2020-02-04T00:00:00+00:00,2020-02-05T00:00:00+00:00,Aspen Heights: Columbus,Aspen Heights,Columbus,premium,1,1,0,1,158.69,158.69
orderid:244664,W2O-J7AD,orderid:244664,crmid:4810760490,2020-01-23T02:57:32.000Z,kiosk,prd1131,1579834652,1579921052,2020-01-24T02:57:32+00:00,2020-01-25T02:57:32+00:00,Hospitality Inn: Sheffield,Hospitality Inn,Sheffield,standard,1,1,0,1,155.97,155.97
orderid:772154,4MC-MWPS,orderid:772154,crmid:3930592767,2020-02-05T14:26:42.000Z,call center,prd1107,1583159202,1584368802,2020-03-02T14:26:42+00:00,2020-03-16T14:26:42+00:00,Hospitality Inn: Kharkiv,Hospitality Inn,Kharkiv,ultra-luxury,1,1,0,14,312.73,4378.22
orderid:963451,BZ3-FG38,orderid:963451,crmid:1168964253,2020-01-03T10:37:31.000Z,mobile,prd1040,1579689451,1580207851,2020-01-22T10:37:31+00:00,2020-01-28T10:37:31+00:00,Aspen Heights: Atlanta,Aspen Heights,Atlanta,standard,1,1,0,6,135.42,812.52
orderid:869319,2RM-MUGI,orderid:869319,crmid:9158284502,2019-12-21T12:20:02.000Z,call center,prd1076,1579436402,1580905202,2020-01-19T12:20:02+00:00,2020-02-05T12:20:02+00:00,Aspen Heights: Bogota,Aspen Heights,Bogota,standard,1,1,2,17,154.98,2634.66
orderid:255823,4EV-BVQT,orderid:255823,crmid:9606692140,2020-02-03T08:19:04.000Z,call center,prd1112,1582445944,1583309944,2020-02-23T08:19:04+00:00,2020-03-04T08:19:04+00:00,Aspen Heights: Birmingham,Aspen Heights,Birmingham,ultra-luxury,1,1,0,10,366.29,3662.9
orderid:534947,AR6-PTKX,orderid:534947,crmid:2685537616,2019-12-21T16:12:08.000Z,call center,prd1196,1578931928,1579709528,2020-01-13T16:12:08+00:00,2020-01-22T16:12:08+00:00,Aspen Heights: Moscow,Aspen Heights,Moscow,standard,1,1,4,9,143.9,1295.1
orderid:556953,HEL-KMOC,orderid:556953,crmid:3244655503,2019-12-01T19:18:03.000Z,mobile,prd1131,1577819883,1578597483,2019-12-31T19:18:03+00:00,2020-01-09T19:18:03+00:00,Hospitality Inn: Sheffield,Hospitality Inn,Sheffield,premium,1,1,0,9,197.23,1775.07
orderid:576974,APV-O00N,orderid:576974,crmid:4107923372,2020-01-04T16:20:10.000Z,mobile,prd1166,1579882810,1580487610,2020-01-24T16:20:10+00:00,2020-01-31T16:20:10+00:00,Blue Reef Resort: Baltimore,Blue Reef Resort,Baltimore,standard,1,1,0,7,126.64,886.48
orderid:243376,5KE-B3XX,orderid:243376,crmid:8745643725,2020-01-28T08:26:39.000Z,call center,prd1059,1580286399,1580545599,2020-01-29T08:26:39+00:00,2020-02-01T08:26:39+00:00,Hospitality Inn: Kinshasa,Hospitality Inn,Kinshasa,standard,1,1,0,3,135.99,407.97
orderid:297218,PZI-HUKK,orderid:297218,crmid:7444790939,2020-01-09T06:23:54.000Z,website,prd1083,1578983034,1580624634,2020-01-14T06:23:54+00:00,2020-02-02T06:23:54+00:00,Hospitality Inn: Bangkok,Hospitality Inn,Bangkok,standard,1,1,2,19,192.63,3659.97
orderid:366235,DLR-UGVZ,orderid:366235,crmid:4431293242,2020-02-04T02:36:13.000Z,website,prd1124,1580956573,1581215773,2020-02-06T02:36:13+00:00,2020-02-09T02:36:13+00:00,Aspen Heights: Leeds,Aspen Heights,Leeds,standard,1,1,0,3,159.91,479.73
orderid:622960,ABY-AYMJ,orderid:622960,crmid:1156832273,2020-02-01T05:55:50.000Z,call center,prd1049,1581314150,1582610150,2020-02-10T05:55:50+00:00,2020-02-25T05:55:50+00:00,Grandeur Hotels: Tulsa,Grandeur Hotels,Tulsa,standard,1,1,0,15,134.77,2021.55
orderid:475554,2PR-NNGN,orderid:475554,crmid:4652630738,2019-12-26T19:57:54.000Z,kiosk,prd1165,1579204674,1579377474,2020-01-16T19:57:54+00:00,2020-01-18T19:57:54+00:00,Admiralty Plaza: Louisville,Admiralty Plaza,Louisville,standard,1,1,0,2,136.44,272.88
orderid:243948,RRU-CXGW,orderid:243948,crmid:8030618872,2019-12-25T14:00:00.000Z,kiosk,prd1172,1579615200,1579701600,2020-01-21T14:00:00+00:00,2020-01-22T14:00:00+00:00,Aspen Heights: Mesa,Aspen Heights,Mesa,standard,1,1,4,1,135.56,135.56
orderid:344152,DN9-WRR4,orderid:344152,crmid:5637564706,2020-02-07T04:32:28.000Z,website,prd1035,1581222748,1581309148,2020-02-09T04:32:28+00:00,2020-02-10T04:32:28+00:00,Hospitality Inn: Tucson,Hospitality Inn,Tucson,premium,1,1,0,1,116.07,116.07
orderid:657295,HNS-YNPI,orderid:657295,crmid:3699069787,2019-12-04T00:55:42.000Z,kiosk,prd1194,1575507342,1575766542,2019-12-05T00:55:42+00:00,2019-12-08T00:55:42+00:00,Restful Nights: Tianjin,Restful Nights,Tianjin,standard,1,1,0,3,130.6,391.8
orderid:312869,UAK-K43S,orderid:312869,crmid:8708028125,2020-01-18T05:59:15.000Z,call center,prd1065,1579413555,1579845555,2020-01-19T05:59:15+00:00,2020-01-24T05:59:15+00:00,Sapphire Suites: Beijing,Sapphire Suites,Beijing,standard,1,1,1,5,143.67,718.35
orderid:145733,HX8-APG4,orderid:145733,crmid:4630852347,2020-02-07T22:23:59.000Z,kiosk,prd1166,1582237439,1582755839,2020-02-20T22:23:59+00:00,2020-02-26T22:23:59+00:00,Blue Reef Resort: Baltimore,Blue Reef Resort,Baltimore,standard,1,1,0,6,168.87,1013.22
orderid:949306,KXI-RRQE,orderid:949306,crmid:4429687567,2020-01-05T21:17:48.000Z,mobile,prd1093,1579987068,1580505468,2020-01-25T21:17:48+00:00,2020-01-31T21:17:48+00:00,Admiralty Plaza: Yokohama,Admiralty Plaza,Yokohama,standard,1,1,0,6,163.93,983.58
orderid:484921,OAQ-MWVP,orderid:484921,crmid:3062527764,2019-12-08T12:25:21.000Z,kiosk,prd1137,1577449521,1578054321,2019-12-27T12:25:21+00:00,2020-01-03T12:25:21+00:00,Sapphire Suites: Manila,Sapphire Suites,Manila,standard,1,1,0,7,126.46,885.22
orderid:279132,WOI-CG3K,orderid:279132,crmid:4462843043,2019-12-29T19:58:05.000Z,call center,prd1170,1577735885,1577822285,2019-12-30T19:58:05+00:00,2019-12-31T19:58:05+00:00,Restful Nights: Fresno,Restful Nights,Fresno,premium,1,1,0,1,103.82,103.82
orderid:374503,FX2-A7IV,orderid:374503,crmid:8372917484,2019-12-18T09:26:48.000Z,kiosk,prd1111,1578562008,1578994008,2020-01-09T09:26:48+00:00,2020-01-14T09:26:48+00:00,Family Fun Hotels: Prague,Family Fun Hotels,Prague,standard,1,1,0,5,189.54,947.7
orderid:696566,XMI-FJUM,orderid:696566,crmid:8427486172,2020-01-20T04:39:27.000Z,call center,prd1145,1579581567,1579754367,2020-01-21T04:39:27+00:00,2020-01-23T04:39:27+00:00,Grandeur Hotels: Dallas,Grandeur Hotels,Dallas,premium,1,1,0,2,133.85,267.7
orderid:527767,2UO-BDS0,orderid:527767,crmid:4943610488,2020-01-03T05:57:19.000Z,kiosk,prd1013,1578203839,1578549439,2020-01-05T05:57:19+00:00,2020-01-09T05:57:19+00:00,Grandeur Hotels: Austin,Grandeur Hotels,Austin,ultra-luxury,1,1,0,4,304.57,1218.28
orderid:595459,RK5-VRRA,orderid:595459,crmid:2231516745,2019-12-13T21:12:57.000Z,call center,prd1044,1578431577,1578690777,2020-01-07T21:12:57+00:00,2020-01-10T21:12:57+00:00,Repose Resort: Colorado Springs,Repose Resort,Colorado Springs,premium,1,1,4,3,180.9,542.7
orderid:209352,0CW-6LFS,orderid:209352,crmid:8551224098,2020-01-13T14:24:06.000Z,kiosk,prd1172,1579530246,1580480646,2020-01-20T14:24:06+00:00,2020-01-31T14:24:06+00:00,Aspen Heights: Mesa,Aspen Heights,Mesa,premium,1,1,2,11,127.35,1400.85
orderid:423305,NVU-EVQZ,orderid:423305,crmid:8743552589,2019-12-17T23:35:15.000Z,website,prd1016,1577489715,1577921715,2019-12-27T23:35:15+00:00,2020-01-01T23:35:15+00:00,Aspen Heights: Columbus,Aspen Heights,Columbus,ultra-luxury,1,1,0,5,328.04,1640.2
orderid:539539,PJ2-9RXY,orderid:539539,crmid:3690676950,2020-02-04T23:05:00.000Z,kiosk,prd1052,1581030300,1581289500,2020-02-06T23:05:00+00:00,2020-02-09T23:05:00+00:00,Aspen Heights: Wichita,Aspen Heights,Wichita,standard,1,1,0,3,143.2,429.6
orderid:761150,ODW-ZCTL,orderid:761150,crmid:3758995507,2019-12-24T01:03:19.000Z,website,prd1005,1577235799,1577408599,2019-12-25T01:03:19+00:00,2019-12-27T01:03:19+00:00,Sapphire Suites: Los Angeles,Sapphire Suites,Los Angeles,standard,1,1,0,2,141.65,283.3
orderid:974676,ZJI-AEDD,orderid:974676,crmid:9414536529,2020-02-07T18:33:15.000Z,call center,prd1027,1582914795,1583260395,2020-02-28T18:33:15+00:00,2020-03-03T18:33:15+00:00,Family Fun Hotels: Memphis,Family Fun Hotels,Memphis,premium,1,1,4,4,145.36,581.44
orderid:115186,NBC-X075,orderid:115186,crmid:3828147677,2019-12-14T01:17:16.000Z,website,prd1085,1576372636,1576631836,2019-12-15T01:17:16+00:00,2019-12-18T01:17:16+00:00,Grandeur Hotels: Saint Petersburg,Grandeur Hotels,Saint Petersburg,premium,1,1,0,3,112.61,337.83
orderid:197543,8OA-OYVE,orderid:197543,crmid:7938981576,2020-02-15T16:33:47.000Z,call center,prd1167,1582130027,1582475627,2020-02-19T16:33:47+00:00,2020-02-23T16:33:47+00:00,Hospitality Inn: Milwaukee,Hospitality Inn,Milwaukee,standard,1,1,0,4,134.11,536.44
orderid:892106,R0Z-0DS5,orderid:892106,crmid:6756694175,2020-01-19T10:31:21.000Z,website,prd1141,1579775481,1580812281,2020-01-23T10:31:21+00:00,2020-02-04T10:31:21+00:00,Admiralty Plaza: Phoenix,Admiralty Plaza,Phoenix,standard,1,1,0,12,150.88,1810.56
orderid:574529,VTA-UHTU,orderid:574529,crmid:8633729827,2019-12-22T17:00:21.000Z,kiosk,prd1172,1577725221,1577898021,2019-12-30T17:00:21+00:00,2020-01-01T17:00:21+00:00,Aspen Heights: Mesa,Aspen Heights,Mesa,standard,1,1,4,2,119.81,239.62
orderid:421112,RIQ-DR7Q,orderid:421112,crmid:3128354768,2019-12-15T09:41:53.000Z,website,prd1148,1578649313,1579340513,2020-01-10T09:41:53+00:00,2020-01-18T09:41:53+00:00,Aspen Heights: Jacksonville,Aspen Heights,Jacksonville,standard,1,1,0,8,161.21,1289.68
orderid:461576,0YI-BTQX,orderid:461576,crmid:2607155093,2019-12-17T16:54:35.000Z,website,prd1054,1578502475,1579193675,2020-01-08T16:54:35+00:00,2020-01-16T16:54:35+00:00,Sego Lily Suites: Tampa,Sego Lily Suites,Tampa,premium,1,1,0,8,128.75,1030.0
orderid:347128,RYK-BOND,orderid:347128,crmid:6009749906,2020-01-06T13:02:19.000Z,website,prd1147,1580302939,1580994139,2020-01-29T13:02:19+00:00,2020-02-06T13:02:19+00:00,Family Fun Hotels: Austin,Family Fun Hotels,Austin,standard,1,1,0,8,98.15,785.2
orderid:733144,SCI-EHTA,orderid:733144,crmid:9446689842,2020-01-27T07:15:24.000Z,website,prd1021,1580195724,1580454924,2020-01-28T07:15:24+00:00,2020-01-31T07:15:24+00:00,Admiralty Plaza: Denver,Admiralty Plaza,Denver,standard,1,1,0,3,148.04,444.12
orderid:320008,POP-QTWT,orderid:320008,crmid:8759774498,2019-12-31T23:21:48.000Z,call center,prd1132,1577920908,1578007308,2020-01-01T23:21:48+00:00,2020-01-02T23:21:48+00:00,Sandhill: Oslo,Sandhill,Oslo,standard,1,1,0,1,157.87,157.87
orderid:665925,PIT-GVKU,orderid:665925,crmid:9618817338,2020-01-26T07:11:19.000Z,call center,prd1184,1582009879,1582528279,2020-02-18T07:11:19+00:00,2020-02-24T07:11:19+00:00,Aspen Heights: Arlington,Aspen Heights,Arlington,premium,1,1,0,6,172.66,1035.96
orderid:537742,RRF-HTRF,orderid:537742,crmid:8748686776,2019-12-07T06:37:09.000Z,service desk,prd1110,1577428629,1577860629,2019-12-27T06:37:09+00:00,2020-01-01T06:37:09+00:00,Restful Nights: Sofia,Restful Nights,Sofia,standard,1,1,4,5,152.71,763.55
orderid:822805,BIU-HEV8,orderid:822805,crmid:9058531894,2019-12-22T23:15:07.000Z,kiosk,prd1083,1577142907,1577229307,2019-12-23T23:15:07+00:00,2019-12-24T23:15:07+00:00,Hospitality Inn: Bangkok,Hospitality Inn,Bangkok,standard,1,1,0,1,143.78,143.78
orderid:871370,ZS8-CPI8,orderid:871370,crmid:3127835251,2020-02-05T01:56:29.000Z,kiosk,prd1124,1583286989,1584150989,2020-03-04T01:56:29+00:00,2020-03-14T01:56:29+00:00,Aspen Heights: Leeds,Aspen Heights,Leeds,standard,1,1,0,10,130.16,1301.6
orderid:684854,RAX-F45K,orderid:684854,crmid:6119984727,2020-01-28T07:01:28.000Z,website,prd1065,1581836488,1582614088,2020-02-16T07:01:28+00:00,2020-02-25T07:01:28+00:00,Sapphire Suites: Beijing,Sapphire Suites,Beijing,standard,1,1,0,9,140.43,1263.87
orderid:850651,BWG-RQVJ,orderid:850651,crmid:5883436612,2020-01-13T04:16:16.000Z,kiosk,prd1171,1579061776,1579234576,2020-01-15T04:16:16+00:00,2020-01-17T04:16:16+00:00,Family Fun Hotels: Sacramento,Family Fun Hotels,Sacramento,standard,1,1,0,2,152.96,305.92
orderid:484249,41V-HNXO,orderid:484249,crmid:9492060327,2020-02-07T23:26:46.000Z,website,prd1141,1582759606,1583969206,2020-02-26T23:26:46+00:00,2020-03-11T23:26:46+00:00,Admiralty Plaza: Phoenix,Admiralty Plaza,Phoenix,standard,1,1,0,14,158.19,2214.66
orderid:722407,EMC-C4NM,orderid:722407,crmid:3158616826,2019-12-07T09:47:52.000Z,mobile,prd1157,1578044872,1578131272,2020-01-03T09:47:52+00:00,2020-01-04T09:47:52+00:00,Grandeur Hotels: Boston,Grandeur Hotels,Boston,standard,1,1,0,1,139.08,139.08
orderid:737990,JCH-YVDR,orderid:737990,crmid:9847808626,2020-01-07T12:50:20.000Z,call center,prd1169,1578487820,1578574220,2020-01-08T12:50:20+00:00,2020-01-09T12:50:20+00:00,Grandeur Hotels: Tucson,Grandeur Hotels,Tucson,standard,1,1,0,1,167.06,167.06
orderid:603704,CA7-8TQS,orderid:603704,crmid:8897078704,2020-01-06T22:10:55.000Z,website,prd1082,1579903855,1580335855,2020-01-24T22:10:55+00:00,2020-01-29T22:10:55+00:00,Blue Reef Resort: Surat,Blue Reef Resort,Surat,premium,1,1,0,5,173.25,866.25
orderid:536095,INK-CGHN,orderid:536095,crmid:8231886091,2020-02-01T00:24:14.000Z,website,prd1043,1582158254,1582763054,2020-02-20T00:24:14+00:00,2020-02-27T00:24:14+00:00,Nesting Box Inn: Raleigh,Nesting Box Inn,Raleigh,premium,1,1,0,7,163.74,1146.18
orderid:423989,UBB-8MPZ,orderid:423989,crmid:6349820394,2020-01-04T22:58:52.000Z,website,prd1136,1580165932,1580943532,2020-01-27T22:58:52+00:00,2020-02-05T22:58:52+00:00,Aspen Heights: Osaka,Aspen Heights,Osaka,standard,1,1,1,9,139.73,1257.57
orderid:474849,XGS-LODV,orderid:474849,crmid:5909250385,2020-01-10T14:00:03.000Z,call center,prd1158,1578751203,1578837603,2020-01-11T14:00:03+00:00,2020-01-12T14:00:03+00:00,Restful Nights: El Paso,Restful Nights,El Paso,premium,1,1,0,1,138.82,138.82
orderid:984048,3SS-4DKH,orderid:984048,crmid:5909250385,2020-01-13T00:00:00.000Z,service desk,prd1196,1578960000,1579132800,2020-01-14T00:00:00+00:00,2020-01-16T00:00:00+00:00,Aspen Heights: Moscow,Aspen Heights,Moscow,standard,1,1,0,2,118.45,236.9
orderid:293657,Y5Q-X6J4,orderid:293657,crmid:7081553563,2020-01-13T06:01:42.000Z,call center,prd1124,1578981702,1579240902,2020-01-14T06:01:42+00:00,2020-01-17T06:01:42+00:00,Aspen Heights: Leeds,Aspen Heights,Leeds,premium,1,1,0,3,125.38,376.14
orderid:920732,FKS-PBRV,orderid:920732,crmid:2518788950,2020-01-14T07:00:05.000Z,call center,prd1113,1579071605,1579158005,2020-01-15T07:00:05+00:00,2020-01-16T07:00:05+00:00,Sapphire Suites: Kazan,Sapphire Suites,Kazan,premium,1,1,0,1,118.43,118.43
orderid:314409,WNX-91UL,orderid:314409,crmid:9805293301,2020-02-07T14:02:20.000Z,website,prd1179,1581170540,1581429740,2020-02-08T14:02:20+00:00,2020-02-11T14:02:20+00:00,Hospitality Inn: Miami,Hospitality Inn,Miami,standard,1,1,0,3,168.2,504.6
orderid:728337,RTQ-EJHT,orderid:728337,crmid:6015128155,2019-12-12T01:55:16.000Z,mobile,prd1033,1578621316,1579139716,2020-01-10T01:55:16+00:00,2020-01-16T01:55:16+00:00,Admiralty Plaza: Milwaukee,Admiralty Plaza,Milwaukee,premium,1,1,0,6,148.78,892.68
orderid:377369,WVH-NH94,orderid:377369,crmid:1237571303,2020-02-15T15:53:47.000Z,kiosk,prd1034,1583078027,1583855627,2020-03-01T15:53:47+00:00,2020-03-10T15:53:47+00:00,Blue Reef Resort: Albuquerque,Blue Reef Resort,Albuquerque,standard,1,1,1,9,174.52,1570.68
orderid:873727,CML-OQAR,orderid:873727,crmid:1830546546,2020-01-01T15:23:42.000Z,website,prd1040,1580397822,1581002622,2020-01-30T15:23:42+00:00,2020-02-06T15:23:42+00:00,Aspen Heights: Atlanta,Aspen Heights,Atlanta,standard,1,1,0,7,170.98,1196.86
orderid:378606,YQD-IOEQ,orderid:378606,crmid:7140270487,2020-02-12T23:19:21.000Z,website,prd1144,1583536761,1584141561,2020-03-06T23:19:21+00:00,2020-03-13T23:19:21+00:00,Sandhill: San Diego,Sandhill,San Diego,standard,1,1,0,7,109.74,768.18
orderid:904714,KAY-OYDI,orderid:904714,crmid:3672216647,2020-01-02T19:26:55.000Z,service desk,prd1167,1579807615,1580153215,2020-01-23T19:26:55+00:00,2020-01-27T19:26:55+00:00,Hospitality Inn: Milwaukee,Hospitality Inn,Milwaukee,standard,1,1,0,4,172.85,691.4
