{"_id": "e5f6648a-53c8-11ea-9008-b88a60e194fb", "timestamp": "2019-12-17T02:45:37.000Z", "eventType": "transaction", "_adobeamericaspot3": {"CRMID": "crmid:2078361133", "orderDetails": {"orderID": "orderid:663357", "reservationid": "7OD-MDKE", "orderType": "website"}}}
{"_id": "e5f74ef4-53c8-11ea-9b5f-b88a60e194fb", "timestamp": "2020-01-11T04:18:42.000Z", "eventType": "transaction", "_adobeamericaspot3": {"CRMID": "crmid:3689630584", "orderDetails": {"orderID": "orderid:906331", "reservationid": "QXR-J3M2", "orderType": "website"}}}
{"_id": "e5f86064-53c8-11ea-9b0f-b88a60e194fb", "timestamp": "2020-01-26T08:14:41.000Z", "eventType": "transaction", "_adobeamericaspot3": {"CRMID": "crmid:4679555406", "orderDetails": {"orderID": "orderid:884798", "reservationid": "IVT-DTGH", "orderType": "kiosk"}}}
{"_id": "e5f9239e-53c8-11ea-87ba-b88a60e194fb", "timestamp": "2019-12-16T13:16:10.000Z", "eventType": "transaction", "_adobeamericaspot3": {"CRMID": "crmid:4571402110", "orderDetails": {"orderID": "orderid:667815", "reservationid": "7AO-C0WS", "orderType": "service desk"}}}
{"_id": "e5fa3618-53c8-11ea-b334-b88a60e194fb", "timestamp": "2019-12-27T10:34:57.000Z", "eventType": "transaction", "_adobeamericaspot3": {"CRMID": "crmid:9110551822", "orderDetails": {"orderID": "orderid:576126", "reservationid": "C9W-HFBY", "orderType": "call center"}}}
{"_id": "e5fb1f80-53c8-11ea-93d5-b88a60e194fb", "timestamp": "2020-01-25T09:15:43.000Z", "eventType": "transaction", "_adobeamericaspot3": {"CRMID": "crmid:8149148722", "orderDetails": {"orderID": "orderid:779391", "reservationid": "N3P-FJH3", "orderType": "website"}}}
{"_id": "e5fbe2d0-53c8-11ea-9ecd-b88a60e194fb", "timestamp": "2020-02-12T17:06:56.000Z", "eventType": "transaction", "_adobeamericaspot3": {"CRMID": "crmid:3332040651", "orderDetails": {"orderID": "orderid:203972", "reservationid": "MJB-R1SR", "orderType": "service desk"}}}
{"_id": "e5fca61e-53c8-11ea-8392-b88a60e194fb", "timestamp": "2020-02-06T06:57:22.000Z", "eventType": "transaction", "_adobeamericaspot3": {"CRMID": "crmid:9145325226", "orderDetails": {"orderID": "orderid:766369", "reservationid": "8AZ-NFCW", "orderType": "call center"}}}
{"_id": "e5fd6968-53c8-11ea-b6a7-b88a60e194fb", "timestamp": "2020-02-11T04:44:35.000Z", "eventType": "transaction", "_adobeamericaspot3": {"CRMID": "crmid:9436307563", "orderDetails": {"orderID": "orderid:420793", "reservationid": "RNX-HJR8", "orderType": "kiosk"}}}
{"_id": "e5fe2cb8-53c8-11ea-b058-b88a60e194fb", "timestamp": "2019-12-21T20:28:59.000Z", "eventType": "transaction", "_adobeamericaspot3": {"CRMID": "crmid:1187081645", "orderDetails": {"orderID": "orderid:290519", "reservationid": "HRY-ZRDS", "orderType": "service desk"}}}
{"_id": "e5fef00c-53c8-11ea-95ad-b88a60e194fb", "timestamp": "2020-01-20T13:16:56.000Z", "eventType": "transaction", "_adobeamericaspot3": {"CRMID": "crmid:4175185148", "orderDetails": {"orderID": "orderid:168766", "reservationid": "RZ2-FDMY", "orderType": "website"}}}
{"_id": "e5ffda6c-53c8-11ea-8db9-b88a60e194fb", "timestamp": "2020-02-12T01:01:31.000Z", "eventType": "transaction", "_adobeamericaspot3": {"CRMID": "crmid:3057652942", "orderDetails": {"orderID": "orderid:342839", "reservationid": "H7G-IQEF", "orderType": "mobile"}}}
{"_id": "e601881a-53c8-11ea-96d5-b88a60e194fb", "timestamp": "2019-12-15T03:28:11.000Z", "eventType": "transaction", "_adobeamericaspot3": {"CRMID": "crmid:7485758124", "orderDetails": {"orderID": "orderid:626227", "reservationid": "XBL-RKNO", "orderType": "mobile"}}}
{"_id": "e602c1de-53c8-11ea-af18-b88a60e194fb", "timestamp": "2020-01-23T21:52:02.000Z", "eventType": "transaction", "_adobeamericaspot3": {"CRMID": "crmid:5365203637", "orderDetails": {"orderID": "orderid:136194", "reservationid": "IVJ-FI0E", "orderType": "website"}}}
{"_id": "e603ab06-53c8-11ea-be3f-b88a60e194fb", "timestamp": "2019-12-03T16:19:26.000Z", "eventType": "transaction", "_adobeamericaspot3": {"CRMID": "crmid:8483566429", "orderDetails": {"orderID": "orderid:205663", "reservationid": "2RI-NX9M", "orderType": "website"}}}
{"_id": "e6046e52-53c8-11ea-9f9d-b88a60e194fb", "timestamp": "2020-01-10T13:56:15.000Z", "eventType": "transaction", "_adobeamericaspot3": {"CRMID": "crmid:8281909049", "orderDetails": {"orderID": "orderid:639898", "reservationid": "TDA-EAZQ", "orderType": "call center"}}}
{"_id": "e605ce06-53c8-11ea-a00e-b88a60e194fb", "timestamp": "2019-12-09T09:08:09.000Z", "eventType": "transaction", "_adobeamericaspot3": {"CRMID": "crmid:1974761391", "orderDetails": {"orderID": "orderid:332232", "reservationid": "L1Z-4GXV", "orderType": "kiosk"}}}
{"_id": "e606b986-53c8-11ea-85f1-b88a60e194fb", "timestamp": "2020-02-02T12:31:10.000Z", "eventType": "transaction", "_adobeamericaspot3": {"CRMID": "crmid:9569306817", "orderDetails": {"orderID": "orderid:684715", "reservationid": "QCY-RD2P", "orderType": "website"}}}
{"_id": "e6077cd0-53c8-11ea-a5fc-b88a60e194fb", "timestamp": "2020-01-08T07:13:12.000Z", "eventType": "transaction", "_adobeamericaspot3": {"CRMID": "crmid:8075959460", "orderDetails": {"orderID": "orderid:965798", "reservationid": "RHC-3CV3", "orderType": "website"}}}
{"_id": "e6084042-53c8-11ea-b90b-b88a60e194fb", "timestamp": "2020-02-14T11:25:31.000Z", "eventType": "transaction", "_adobeamericaspot3": {"CRMID": "crmid:9030977406", "orderDetails": {"orderID": "orderid:177260", "reservationid": "LS7-AXGD", "orderType": "call center"}}}
{"_id": "e60903da-53c8-11ea-9430-b88a60e194fb", "timestamp": "2020-01-12T18:57:33.000Z", "eventType": "transaction", "_adobeamericaspot3": {"CRMID": "crmid:7080563711", "orderDetails": {"orderID": "orderid:628479", "reservationid": "LOU-HQXP", "orderType": "kiosk"}}}
{"_id": "e60a61b8-53c8-11ea-ba7a-b88a60e194fb", "timestamp": "2019-12-14T07:24:01.000Z", "eventType": "transaction", "_adobeamericaspot3": {"CRMID": "crmid:4574062873", "orderDetails": {"orderID": "orderid:543636", "reservationid": "I6U-QIHL", "orderType": "website"}}}
{"_id": "e60b7330-53c8-11ea-99bb-b88a60e194fb", "timestamp": "2020-02-02T05:15:13.000Z", "eventType": "transaction", "_adobeamericaspot3": {"CRMID": "crmid:1973270732", "orderDetails": {"orderID": "orderid:119967", "reservationid": "YZR-7FBV", "orderType": "kiosk"}}}
{"_id": "e60f6bae-53c8-11ea-a0b4-b88a60e194fb", "timestamp": "2019-12-12T14:18:58.000Z", "eventType": "transaction", "_adobeamericaspot3": {"CRMID": "crmid:5099204502", "orderDetails": {"orderID": "orderid:625872", "reservationid": "46X-DM3X", "orderType": "kiosk"}}}
{"_id": "e610a4b4-53c8-11ea-a861-b88a60e194fb", "timestamp": "2019-12-01T11:47:50.000Z", "eventType": "transaction", "_adobeamericaspot3": {"CRMID": "crmid:9029557588", "orderDetails": {"orderID": "orderid:130085", "reservationid": "B8H-O4JQ", "orderType": "website"}}}
{"_id": "e611dbee-53c8-11ea-a8e9-b88a60e194fb", "timestamp": "2020-02-16T07:54:04.000Z", "eventType": "transaction", "_adobeamericaspot3": {"CRMID": "crmid:6415896708", "orderDetails": {"orderID": "orderid:723259", "reservationid": "RT5-RADR", "orderType": "website"}}}
{"_id": "e612ed6e-53c8-11ea-9b0c-b88a60e194fb", "timestamp": "2019-12-27T08:35:59.000Z", "eventType": "transaction", "_adobeamericaspot3": {"CRMID": "crmid:5841278791", "orderDetails": {"orderID": "orderid:424377", "reservationid": "DAZ-FORQ", "orderType": "kiosk"}}}
{"_id": "e613144a-53c8-11ea-b002-b88a60e194fb", "timestamp": "2019-12-31T00:00:00.000Z", "eventType": "transaction", "_adobeamericaspot3": {"CRMID": "crmid:5841278791", "orderDetails": {"orderID": "orderid:728854", "reservationid": "JWA-RNNM", "orderType": "kiosk"}}}
{"_id": "e61425ba-53c8-11ea-9c75-b88a60e194fb", "timestamp": "2019-12-29T11:29:02.000Z", "eventType": "transaction", "_adobeamericaspot3": {"CRMID": "crmid:3675105415", "orderDetails": {"orderID": "orderid:723722", "reservationid": "GQQ-TP7T", "orderType": "kiosk"}}}
{"_id": "e6158540-53c8-11ea-b632-b88a60e194fb", "timestamp": "2019-12-12T18:30:30.000Z", "eventType": "transaction", "_adobeamericaspot3": {"CRMID": "crmid:1251789167", "orderDetails": {"orderID": "orderid:993838", "reservationid": "FQP-JQSR", "orderType": "kiosk"}}}
{"_id": "e6170c5e-53c8-11ea-9d46-b88a60e194fb", "timestamp": "2020-01-18T01:27:23.000Z", "eventType": "transaction", "_adobeamericaspot3": {"CRMID": "crmid:4605687673", "orderDetails": {"orderID": "orderid:789415", "reservationid": "7WV-JXUA", "orderType": "kiosk"}}}
{"_id": "e618932e-53c8-11ea-88c0-b88a60e194fb", "timestamp": "2020-01-06T16:14:25.000Z", "eventType": "transaction", "_adobeamericaspot3": {"CRMID": "crmid:2736174949", "orderDetails": {"orderID": "orderid:769585", "reservationid": "E1F-HKRI", "orderType": "website"}}}
{"_id": "e619cb18-53c8-11ea-ba5d-b88a60e194fb", "timestamp": "2019-12-19T09:42:16.000Z", "eventType": "transaction", "_adobeamericaspot3": {"CRMID": "crmid:1148465073", "orderDetails": {"orderID": "orderid:588514", "reservationid": "7KI-IJQG", "orderType": "kiosk"}}}
{"_id": "e61a8e5c-53c8-11ea-b244-b88a60e194fb", "timestamp": "2019-12-08T04:58:58.000Z", "eventType": "transaction", "_adobeamericaspot3": {"CRMID": "crmid:3652177238", "orderDetails": {"orderID": "orderid:384522", "reservationid": "HDJ-L1UW", "orderType": "call center"}}}
{"_id": "e61bc6e4-53c8-11ea-9d0a-b88a60e194fb", "timestamp": "2019-12-15T08:43:09.000Z", "eventType": "transaction", "_adobeamericaspot3": {"CRMID": "crmid:4335694854", "orderDetails": {"orderID": "orderid:737383", "reservationid": "ZAW-TUSX", "orderType": "kiosk"}}}
{"_id": "e61cb158-53c8-11ea-bafb-b88a60e194fb", "timestamp": "2019-12-08T04:05:15.000Z", "eventType": "transaction", "_adobeamericaspot3": {"CRMID": "crmid:3671516920", "orderDetails": {"orderID": "orderid:262584", "reservationid": "IRJ-OMPZ", "orderType": "kiosk"}}}
{"_id": "e61cd858-53c8-11ea-aa23-b88a60e194fb", "timestamp": "2019-12-12T00:00:00.000Z", "eventType": "transaction", "_adobeamericaspot3": {"CRMID": "crmid:3671516920", "orderDetails": {"orderID": "orderid:523463", "reservationid": "PV1-AHZ0", "orderType": "kiosk"}}}
{"_id": "e61dc2c8-53c8-11ea-bddf-b88a60e194fb", "timestamp": "2019-12-31T23:43:08.000Z", "eventType": "transaction", "_adobeamericaspot3": {"CRMID": "crmid:2913257981", "orderDetails": {"orderID": "orderid:251138", "reservationid": "XUQ-K9F6", "orderType": "website"}}}
{"_id": "e61e860c-53c8-11ea-aef2-b88a60e194fb", "timestamp": "2019-12-25T03:41:27.000Z", "eventType": "transaction", "_adobeamericaspot3": {"CRMID": "crmid:6929400378", "orderDetails": {"orderID": "orderid:962293", "reservationid": "VYK-MNQI", "orderType": "website"}}}
{"_id": "e61f9774-53c8-11ea-9ec3-b88a60e194fb", "timestamp": "2020-02-06T17:49:04.000Z", "eventType": "transaction", "_adobeamericaspot3": {"CRMID": "crmid:8292468863", "orderDetails": {"orderID": "orderid:898953", "reservationid": "0FR-8Q63", "orderType": "website"}}}
{"_id": "e62081d0-53c8-11ea-a6f0-b88a60e194fb", "timestamp": "2020-02-11T12:40:16.000Z", "eventType": "transaction", "_adobeamericaspot3": {"CRMID": "crmid:9076446256", "orderDetails": {"orderID": "orderid:556200", "reservationid": "XVR-S0AB", "orderType": "kiosk"}}}
{"_id": "e6216cb6-53c8-11ea-ac0e-b88a60e194fb", "timestamp": "2019-12-24T07:25:20.000Z", "eventType": "transaction", "_adobeamericaspot3": {"CRMID": "crmid:3014730973", "orderDetails": {"orderID": "orderid:680988", "reservationid": "URK-RBLZ", "orderType": "call center"}}}
{"_id": "e622569c-53c8-11ea-81f8-b88a60e194fb", "timestamp": "2020-02-08T16:27:16.000Z", "eventType": "transaction", "_adobeamericaspot3": {"CRMID": "crmid:2772460296", "orderDetails": {"orderID": "orderid:988665", "reservationid": "9XE-D0RQ", "orderType": "website"}}}
{"_id": "e62340f4-53c8-11ea-a607-b88a60e194fb", "timestamp": "2019-12-27T03:46:25.000Z", "eventType": "transaction", "_adobeamericaspot3": {"CRMID": "crmid:1087738940", "orderDetails": {"orderID": "orderid:227351", "reservationid": "VCA-DEYV", "orderType": "call center"}}}
{"_id": "e624525c-53c8-11ea-930c-b88a60e194fb", "timestamp": "2019-12-05T22:51:46.000Z", "eventType": "transaction", "_adobeamericaspot3": {"CRMID": "crmid:7569709901", "orderDetails": {"orderID": "orderid:577530", "reservationid": "EFB-CGOW", "orderType": "mobile"}}}
{"_id": "e6253cc0-53c8-11ea-b6d2-b88a60e194fb", "timestamp": "2020-01-20T18:06:36.000Z", "eventType": "transaction", "_adobeamericaspot3": {"CRMID": "crmid:2465322797", "orderDetails": {"orderID": "orderid:699155", "reservationid": "KDJ-8HHI", "orderType": "call center"}}}
{"_id": "e6267552-53c8-11ea-8249-b88a60e194fb", "timestamp": "2020-02-01T01:44:33.000Z", "eventType": "transaction", "_adobeamericaspot3": {"CRMID": "crmid:4772869795", "orderDetails": {"orderID": "orderid:167402", "reservationid": "6YU-WHIG", "orderType": "call center"}}}
{"_id": "e627602c-53c8-11ea-9d9a-b88a60e194fb", "timestamp": "2020-02-03T19:27:54.000Z", "eventType": "transaction", "_adobeamericaspot3": {"CRMID": "crmid:2027423583", "orderDetails": {"orderID": "orderid:220485", "reservationid": "KNK-0DTB", "orderType": "website"}}}
{"_id": "e62849fa-53c8-11ea-ad35-b88a60e194fb", "timestamp": "2020-02-04T18:04:59.000Z", "eventType": "transaction", "_adobeamericaspot3": {"CRMID": "crmid:4947441713", "orderDetails": {"orderID": "orderid:467538", "reservationid": "2ZW-9JFS", "orderType": "mobile"}}}
{"_id": "e6295bd4-53c8-11ea-9f56-b88a60e194fb", "timestamp": "2019-12-25T07:19:30.000Z", "eventType": "transaction", "_adobeamericaspot3": {"CRMID": "crmid:1679419894", "orderDetails": {"orderID": "orderid:618530", "reservationid": "YGU-XMLF", "orderType": "website"}}}
{"_id": "e62a45d0-53c8-11ea-b9a0-b88a60e194fb", "timestamp": "2020-01-28T03:32:41.000Z", "eventType": "transaction", "_adobeamericaspot3": {"CRMID": "crmid:4892840095", "orderDetails": {"orderID": "orderid:919942", "reservationid": "1Y3-B9SD", "orderType": "call center"}}}
{"_id": "e62c1b1c-53c8-11ea-9a78-b88a60e194fb", "timestamp": "2020-01-19T08:37:46.000Z", "eventType": "transaction", "_adobeamericaspot3": {"CRMID": "crmid:1364134485", "orderDetails": {"orderID": "orderid:832896", "reservationid": "6AU-9KMC", "orderType": "kiosk"}}}
{"_id": "e62d7a28-53c8-11ea-8494-b88a60e194fb", "timestamp": "2019-12-14T22:30:20.000Z", "eventType": "transaction", "_adobeamericaspot3": {"CRMID": "crmid:3891050530", "orderDetails": {"orderID": "orderid:862918", "reservationid": "9JT-XIYQ", "orderType": "website"}}}
{"_id": "e62e6482-53c8-11ea-8a08-b88a60e194fb", "timestamp": "2020-02-15T21:24:20.000Z", "eventType": "transaction", "_adobeamericaspot3": {"CRMID": "crmid:9178257215", "orderDetails": {"orderID": "orderid:447283", "reservationid": "I9V-MDGL", "orderType": "kiosk"}}}
{"_id": "e62f27ca-53c8-11ea-b094-b88a60e194fb", "timestamp": "2020-01-30T18:02:07.000Z", "eventType": "transaction", "_adobeamericaspot3": {"CRMID": "crmid:4017783087", "orderDetails": {"orderID": "orderid:913557", "reservationid": "TGV-5BXS", "orderType": "website"}}}
{"_id": "e6301234-53c8-11ea-969a-b88a60e194fb", "timestamp": "2020-01-13T11:20:27.000Z", "eventType": "transaction", "_adobeamericaspot3": {"CRMID": "crmid:2056523772", "orderDetails": {"orderID": "orderid:966608", "reservationid": "CYE-4DCQ", "orderType": "mobile"}}}
{"_id": "e630fc9a-53c8-11ea-acf8-b88a60e194fb", "timestamp": "2020-01-23T12:40:40.000Z", "eventType": "transaction", "_adobeamericaspot3": {"CRMID": "crmid:9945047515", "orderDetails": {"orderID": "orderid:789772", "reservationid": "Q74-6DEY", "orderType": "call center"}}}
{"_id": "e631bfd2-53c8-11ea-ab94-b88a60e194fb", "timestamp": "2020-01-20T05:32:49.000Z", "eventType": "transaction", "_adobeamericaspot3": {"CRMID": "crmid:2948749359", "orderDetails": {"orderID": "orderid:748806", "reservationid": "LUP-GJII", "orderType": "website"}}}
{"_id": "e631e6ee-53c8-11ea-abc0-b88a60e194fb", "timestamp": "2020-01-25T00:00:00.000Z", "eventType": "transaction", "_adobeamericaspot3": {"CRMID": "crmid:2948749359", "orderDetails": {"orderID": "orderid:924751", "reservationid": "RAK-GZXQ", "orderType": "kiosk"}}}
{"_id": "e632aa30-53c8-11ea-bea6-b88a60e194fb", "timestamp": "2020-02-10T21:58:24.000Z", "eventType": "transaction", "_adobeamericaspot3": {"CRMID": "crmid:1183691913", "orderDetails": {"orderID": "orderid:123528", "reservationid": "FGT-NNCS", "orderType": "website"}}}
{"_id": "e6339494-53c8-11ea-8c92-b88a60e194fb", "timestamp": "2020-02-06T13:05:16.000Z", "eventType": "transaction", "_adobeamericaspot3": {"CRMID": "crmid:6861717154", "orderDetails": {"orderID": "orderid:107793", "reservationid": "WJ3-JJ1W", "orderType": "website"}}}
{"_id": "e63457e4-53c8-11ea-8c8a-b88a60e194fb", "timestamp": "2020-02-01T06:54:25.000Z", "eventType": "transaction", "_adobeamericaspot3": {"CRMID": "crmid:6095400522", "orderDetails": {"orderID": "orderid:592829", "reservationid": "S9H-9X3X", "orderType": "kiosk"}}}
{"_id": "e6351b38-53c8-11ea-9ad2-b88a60e194fb", "timestamp": "2019-12-16T12:28:24.000Z", "eventType": "transaction", "_adobeamericaspot3": {"CRMID": "crmid:6526562705", "orderDetails": {"orderID": "orderid:931830", "reservationid": "DUO-2J1E", "orderType": "kiosk"}}}
{"_id": "e635de80-53c8-11ea-9e6b-b88a60e194fb", "timestamp": "2019-12-09T06:55:16.000Z", "eventType": "transaction", "_adobeamericaspot3": {"CRMID": "crmid:5702654979", "orderDetails": {"orderID": "orderid:273303", "reservationid": "KOT-BQI1", "orderType": "kiosk"}}}
{"_id": "e6360592-53c8-11ea-989a-b88a60e194fb", "timestamp": "2019-12-16T00:00:00.000Z", "eventType": "transaction", "_adobeamericaspot3": {"CRMID": "crmid:5702654979", "orderDetails": {"orderID": "orderid:462640", "reservationid": "BJC-BZYA", "orderType": "kiosk"}}}
{"_id": "e636c8e2-53c8-11ea-b2cd-b88a60e194fb", "timestamp": "2020-02-12T17:21:44.000Z", "eventType": "transaction", "_adobeamericaspot3": {"CRMID": "crmid:2290695827", "orderDetails": {"orderID": "orderid:407540", "reservationid": "INT-HRLE", "orderType": "mobile"}}}
{"_id": "e6376522-53c8-11ea-b3f3-b88a60e194fb", "timestamp": "2020-01-26T16:57:04.000Z", "eventType": "transaction", "_adobeamericaspot3": {"CRMID": "crmid:9915107760", "orderDetails": {"orderID": "orderid:458987", "reservationid": "SXT-K1LX", "orderType": "call center"}}}
{"_id": "e6384f80-53c8-11ea-8c16-b88a60e194fb", "timestamp": "2020-01-08T08:42:55.000Z", "eventType": "transaction", "_adobeamericaspot3": {"CRMID": "crmid:4506070928", "orderDetails": {"orderID": "orderid:547252", "reservationid": "WV4-YT6T", "orderType": "kiosk"}}}
{"_id": "e63912d0-53c8-11ea-9c44-b88a60e194fb", "timestamp": "2020-01-28T21:20:15.000Z", "eventType": "transaction", "_adobeamericaspot3": {"CRMID": "crmid:3142539885", "orderDetails": {"orderID": "orderid:506736", "reservationid": "SGH-VAZE", "orderType": "kiosk"}}}
{"_id": "e63a2440-53c8-11ea-8884-b88a60e194fb", "timestamp": "2020-01-04T04:14:58.000Z", "eventType": "transaction", "_adobeamericaspot3": {"CRMID": "crmid:8704891703", "orderDetails": {"orderID": "orderid:161839", "reservationid": "Y97-IBLT", "orderType": "kiosk"}}}
{"_id": "e63ae8a4-53c8-11ea-b532-b88a60e194fb", "timestamp": "2019-12-30T23:33:55.000Z", "eventType": "transaction", "_adobeamericaspot3": {"CRMID": "crmid:2235178543", "orderDetails": {"orderID": "orderid:832778", "reservationid": "JLX-1K9C", "orderType": "website"}}}
{"_id": "e63b0eda-53c8-11ea-9680-b88a60e194fb", "timestamp": "2020-01-05T00:00:00.000Z", "eventType": "transaction", "_adobeamericaspot3": {"CRMID": "crmid:2235178543", "orderDetails": {"orderID": "orderid:597537", "reservationid": "VH4-EDVS", "orderType": "website"}}}
{"_id": "e63b0edb-53c8-11ea-be40-b88a60e194fb", "timestamp": "2020-01-11T00:00:00.000Z", "eventType": "transaction", "_adobeamericaspot3": {"CRMID": "crmid:2235178543", "orderDetails": {"orderID": "orderid:779845", "reservationid": "SJG-CQWI", "orderType": "service desk"}}}
{"_id": "e63bd35c-53c8-11ea-9642-b88a60e194fb", "timestamp": "2020-02-10T21:59:31.000Z", "eventType": "transaction", "_adobeamericaspot3": {"CRMID": "crmid:9410270152", "orderDetails": {"orderID": "orderid:861581", "reservationid": "1ME-HVOY", "orderType": "call center"}}}
{"_id": "e63cbdcc-53c8-11ea-ac26-b88a60e194fb", "timestamp": "2019-12-20T16:56:09.000Z", "eventType": "transaction", "_adobeamericaspot3": {"CRMID": "crmid:7397436736", "orderDetails": {"orderID": "orderid:243775", "reservationid": "UAI-6MPP", "orderType": "call center"}}}
{"_id": "e63da826-53c8-11ea-a598-b88a60e194fb", "timestamp": "2020-01-07T16:51:30.000Z", "eventType": "transaction", "_adobeamericaspot3": {"CRMID": "crmid:7153391321", "orderDetails": {"orderID": "orderid:999408", "reservationid": "8WI-X911", "orderType": "call center"}}}
{"_id": "e63e929e-53c8-11ea-a895-b88a60e194fb", "timestamp": "2019-12-19T19:51:03.000Z", "eventType": "transaction", "_adobeamericaspot3": {"CRMID": "crmid:5045441160", "orderDetails": {"orderID": "orderid:121761", "reservationid": "M8X-867L", "orderType": "call center"}}}
{"_id": "e63f55d0-53c8-11ea-8562-b88a60e194fb", "timestamp": "2020-01-13T19:07:14.000Z", "eventType": "transaction", "_adobeamericaspot3": {"CRMID": "crmid:3505068066", "orderDetails": {"orderID": "orderid:326795", "reservationid": "IEK-ZKDO", "orderType": "website"}}}
{"_id": "e6403eec-53c8-11ea-b85b-b88a60e194fb", "timestamp": "2020-02-06T18:51:54.000Z", "eventType": "transaction", "_adobeamericaspot3": {"CRMID": "crmid:7877503364", "orderDetails": {"orderID": "orderid:877905", "reservationid": "3GH-LGEZ", "orderType": "website"}}}
{"_id": "e6412a92-53c8-11ea-a980-b88a60e194fb", "timestamp": "2020-01-12T18:43:58.000Z", "eventType": "transaction", "_adobeamericaspot3": {"CRMID": "crmid:5160131805", "orderDetails": {"orderID": "orderid:103347", "reservationid": "AAP-P5WP", "orderType": "call center"}}}
{"_id": "e641edf4-53c8-11ea-a05f-b88a60e194fb", "timestamp": "2020-02-16T15:56:30.000Z", "eventType": "transaction", "_adobeamericaspot3": {"CRMID": "crmid:8400260684", "orderDetails": {"orderID": "orderid:517376", "reservationid": "JZ5-7ONB", "orderType": "kiosk"}}}
{"_id": "e6430064-53c8-11ea-ad4e-b88a60e194fb", "timestamp": "2020-01-30T16:32:34.000Z", "eventType": "transaction", "_adobeamericaspot3": {"CRMID": "crmid:1525544399", "orderDetails": {"orderID": "orderid:408295", "reservationid": "CL2-FHYQ", "orderType": "website"}}}
{"_id": "e6430065-53c8-11ea-a5b5-b88a60e194fb", "timestamp": "2020-02-07T00:00:00.000Z", "eventType": "transaction", "_adobeamericaspot3": {"CRMID": "crmid:1525544399", "orderDetails": {"orderID": "orderid:751681", "reservationid": "WOM-BB2T", "orderType": "kiosk"}}}
{"_id": "e643c2a4-53c8-11ea-9b97-b88a60e194fb", "timestamp": "2020-02-02T21:22:24.000Z", "eventType": "transaction", "_adobeamericaspot3": {"CRMID": "crmid:8382865620", "orderDetails": {"orderID": "orderid:303730", "reservationid": "5UG-YI9Z", "orderType": "website"}}}
{"_id": "e643e9b0-53c8-11ea-a289-b88a60e194fb", "timestamp": "2020-02-08T00:00:00.000Z", "eventType": "transaction", "_adobeamericaspot3": {"CRMID": "crmid:8382865620", "orderDetails": {"orderID": "orderid:563717", "reservationid": "7WP-EMLE", "orderType": "mobile"}}}
{"_id": "e644ad0a-53c8-11ea-a1e9-b88a60e194fb", "timestamp": "2020-01-01T19:42:21.000Z", "eventType": "transaction", "_adobeamericaspot3": {"CRMID": "crmid:3859238531", "orderDetails": {"orderID": "orderid:717926", "reservationid": "NQY-DFZR", "orderType": "kiosk"}}}
{"_id": "e64570a8-53c8-11ea-8d27-b88a60e194fb", "timestamp": "2019-12-17T07:57:24.000Z", "eventType": "transaction", "_adobeamericaspot3": {"CRMID": "crmid:3414196842", "orderDetails": {"orderID": "orderid:110611", "reservationid": "QYM-VZOT", "orderType": "website"}}}
{"_id": "e64659c6-53c8-11ea-8e60-b88a60e194fb", "timestamp": "2020-01-06T20:03:42.000Z", "eventType": "transaction", "_adobeamericaspot3": {"CRMID": "crmid:8600403376", "orderDetails": {"orderID": "orderid:517421", "reservationid": "ITK-CQE9", "orderType": "mobile"}}}
{"_id": "e6471e54-53c8-11ea-b94b-b88a60e194fb", "timestamp": "2020-01-26T03:25:21.000Z", "eventType": "transaction", "_adobeamericaspot3": {"CRMID": "crmid:2754496396", "orderDetails": {"orderID": "orderid:415252", "reservationid": "UHR-UYFV", "orderType": "website"}}}
{"_id": "e647e136-53c8-11ea-b610-b88a60e194fb", "timestamp": "2019-12-16T07:12:00.000Z", "eventType": "transaction", "_adobeamericaspot3": {"CRMID": "crmid:1159057276", "orderDetails": {"orderID": "orderid:178449", "reservationid": "F1E-ECWM", "orderType": "kiosk"}}}
{"_id": "e648a4a6-53c8-11ea-8161-b88a60e194fb", "timestamp": "2020-02-03T12:26:51.000Z", "eventType": "transaction", "_adobeamericaspot3": {"CRMID": "crmid:4050688585", "orderDetails": {"orderID": "orderid:631363", "reservationid": "IW0-FYPQ", "orderType": "kiosk"}}}
{"_id": "e64967ec-53c8-11ea-a67a-b88a60e194fb", "timestamp": "2019-12-03T18:58:39.000Z", "eventType": "transaction", "_adobeamericaspot3": {"CRMID": "crmid:6225723361", "orderDetails": {"orderID": "orderid:704151", "reservationid": "HZN-TMMD", "orderType": "website"}}}
{"_id": "e64a2b3a-53c8-11ea-b630-b88a60e194fb", "timestamp": "2020-02-02T17:57:58.000Z", "eventType": "transaction", "_adobeamericaspot3": {"CRMID": "crmid:6817489043", "orderDetails": {"orderID": "orderid:558683", "reservationid": "YLQ-DE1J", "orderType": "mobile"}}}
{"_id": "e64aed78-53c8-11ea-8158-b88a60e194fb", "timestamp": "2020-01-29T16:01:09.000Z", "eventType": "transaction", "_adobeamericaspot3": {"CRMID": "crmid:2612200476", "orderDetails": {"orderID": "orderid:780851", "reservationid": "CO1-W85N", "orderType": "website"}}}
{"_id": "e64bff9c-53c8-11ea-9092-b88a60e194fb", "timestamp": "2019-12-20T09:11:33.000Z", "eventType": "transaction", "_adobeamericaspot3": {"CRMID": "crmid:8315079729", "orderDetails": {"orderID": "orderid:500549", "reservationid": "U8X-KR9Y", "orderType": "website"}}}
{"_id": "e64d1040-53c8-11ea-b348-b88a60e194fb", "timestamp": "2020-02-05T23:54:28.000Z", "eventType": "transaction", "_adobeamericaspot3": {"CRMID": "crmid:5307381214", "orderDetails": {"orderID": "orderid:513523", "reservationid": "PGB-3MB3", "orderType": "kiosk"}}}
{"_id": "e64dadae-53c8-11ea-9f5c-b88a60e194fb", "timestamp": "2019-12-05T02:54:22.000Z", "eventType": "transaction", "_adobeamericaspot3": {"CRMID": "crmid:6009208746", "orderDetails": {"orderID": "orderid:586929", "reservationid": "PO2-OYBC", "orderType": "call center"}}}
{"_id": "e64e710a-53c8-11ea-93b4-b88a60e194fb", "timestamp": "2020-01-02T17:54:26.000Z", "eventType": "transaction", "_adobeamericaspot3": {"CRMID": "crmid:3366377519", "orderDetails": {"orderID": "orderid:603866", "reservationid": "DYH-XNWK", "orderType": "website"}}}
{"_id": "e64f3434-53c8-11ea-88cd-b88a60e194fb", "timestamp": "2019-12-10T02:19:57.000Z", "eventType": "transaction", "_adobeamericaspot3": {"CRMID": "crmid:3459535910", "orderDetails": {"orderID": "orderid:415409", "reservationid": "SVE-XSOC", "orderType": "call center"}}}
{"_id": "e6501ea6-53c8-11ea-aa4f-b88a60e194fb", "timestamp": "2019-12-06T17:06:06.000Z", "eventType": "transaction", "_adobeamericaspot3": {"CRMID": "crmid:5447842244", "orderDetails": {"orderID": "orderid:741593", "reservationid": "2XZ-NUGR", "orderType": "mobile"}}}
{"_id": "e650e200-53c8-11ea-ab52-b88a60e194fb", "timestamp": "2019-12-08T23:24:42.000Z", "eventType": "transaction", "_adobeamericaspot3": {"CRMID": "crmid:8991395213", "orderDetails": {"orderID": "orderid:180477", "reservationid": "DQR-OCEN", "orderType": "website"}}}
{"_id": "e651cc5a-53c8-11ea-9e6d-b88a60e194fb", "timestamp": "2020-02-16T14:20:47.000Z", "eventType": "transaction", "_adobeamericaspot3": {"CRMID": "crmid:6037269492", "orderDetails": {"orderID": "orderid:297547", "reservationid": "LJG-DBU6", "orderType": "kiosk"}}}
{"_id": "e65268a4-53c8-11ea-84be-b88a60e194fb", "timestamp": "2019-12-24T07:11:45.000Z", "eventType": "transaction", "_adobeamericaspot3": {"CRMID": "crmid:8499272111", "orderDetails": {"orderID": "orderid:442826", "reservationid": "ZKY-CXI5", "orderType": "kiosk"}}}
{"_id": "e6528fb0-53c8-11ea-9cc3-b88a60e194fb", "timestamp": "2019-12-31T00:00:00.000Z", "eventType": "transaction", "_adobeamericaspot3": {"CRMID": "crmid:8499272111", "orderDetails": {"orderID": "orderid:707131", "reservationid": "KWG-NYD4", "orderType": "kiosk"}}}
{"_id": "e652b6c6-53c8-11ea-ba25-b88a60e194fb", "timestamp": "2020-01-08T00:00:00.000Z", "eventType": "transaction", "_adobeamericaspot3": {"CRMID": "crmid:8499272111", "orderDetails": {"orderID": "orderid:378760", "reservationid": "IGX-J6BT", "orderType": "mobile"}}}
{"_id": "e6537a0a-53c8-11ea-8643-b88a60e194fb", "timestamp": "2020-01-23T08:15:02.000Z", "eventType": "transaction", "_adobeamericaspot3": {"CRMID": "crmid:5585186482", "orderDetails": {"orderID": "orderid:357316", "reservationid": "0DA-YEHJ", "orderType": "mobile"}}}
{"_id": "e6546480-53c8-11ea-8781-b88a60e194fb", "timestamp": "2019-12-23T22:26:48.000Z", "eventType": "transaction", "_adobeamericaspot3": {"CRMID": "crmid:3328267424", "orderDetails": {"orderID": "orderid:829668", "reservationid": "AQZ-F9OK", "orderType": "kiosk"}}}
{"_id": "e65527ca-53c8-11ea-9d5f-b88a60e194fb", "timestamp": "2019-12-07T17:01:50.000Z", "eventType": "transaction", "_adobeamericaspot3": {"CRMID": "crmid:2041386820", "orderDetails": {"orderID": "orderid:661776", "reservationid": "YXU-FCOE", "orderType": "kiosk"}}}
{"_id": "e6563808-53c8-11ea-8764-b88a60e194fb", "timestamp": "2019-12-20T02:33:12.000Z", "eventType": "transaction", "_adobeamericaspot3": {"CRMID": "crmid:6125965993", "orderDetails": {"orderID": "orderid:597763", "reservationid": "P1S-YQNX", "orderType": "call center"}}}
{"_id": "e656fc7a-53c8-11ea-81c1-b88a60e194fb", "timestamp": "2019-12-14T09:33:19.000Z", "eventType": "transaction", "_adobeamericaspot3": {"CRMID": "crmid:6761361313", "orderDetails": {"orderID": "orderid:694087", "reservationid": "OGM-AX8H", "orderType": "kiosk"}}}
{"_id": "e657bfc8-53c8-11ea-8063-b88a60e194fb", "timestamp": "2020-02-03T13:44:28.000Z", "eventType": "transaction", "_adobeamericaspot3": {"CRMID": "crmid:6949370471", "orderDetails": {"orderID": "orderid:471582", "reservationid": "QNY-MHOK", "orderType": "call center"}}}
{"_id": "e65882dc-53c8-11ea-a6e0-b88a60e194fb", "timestamp": "2020-02-16T00:05:11.000Z", "eventType": "transaction", "_adobeamericaspot3": {"CRMID": "crmid:6230355642", "orderDetails": {"orderID": "orderid:659615", "reservationid": "K3J-GC8B", "orderType": "mobile"}}}
{"_id": "e6594630-53c8-11ea-a97b-b88a60e194fb", "timestamp": "2020-01-22T03:11:09.000Z", "eventType": "transaction", "_adobeamericaspot3": {"CRMID": "crmid:2055582229", "orderDetails": {"orderID": "orderid:918776", "reservationid": "CAT-RA6V", "orderType": "call center"}}}
{"_id": "e65a0994-53c8-11ea-b139-b88a60e194fb", "timestamp": "2020-01-24T14:09:21.000Z", "eventType": "transaction", "_adobeamericaspot3": {"CRMID": "crmid:1643348229", "orderDetails": {"orderID": "orderid:968716", "reservationid": "EHZ-KIUH", "orderType": "website"}}}
{"_id": "e65af3e6-53c8-11ea-8d2d-b88a60e194fb", "timestamp": "2019-12-03T08:48:11.000Z", "eventType": "transaction", "_adobeamericaspot3": {"CRMID": "crmid:5389784840", "orderDetails": {"orderID": "orderid:757057", "reservationid": "SP8-MC1R", "orderType": "kiosk"}}}
{"_id": "e65bb792-53c8-11ea-a2f4-b88a60e194fb", "timestamp": "2019-12-15T05:47:07.000Z", "eventType": "transaction", "_adobeamericaspot3": {"CRMID": "crmid:9484955293", "orderDetails": {"orderID": "orderid:589690", "reservationid": "0CA-LQ3N", "orderType": "kiosk"}}}
{"_id": "e65c7afa-53c8-11ea-909f-b88a60e194fb", "timestamp": "2019-12-16T17:00:52.000Z", "eventType": "transaction", "_adobeamericaspot3": {"CRMID": "crmid:3061549823", "orderDetails": {"orderID": "orderid:432134", "reservationid": "710-EFSB", "orderType": "service desk"}}}
{"_id": "e65d8b2e-53c8-11ea-8c6e-b88a60e194fb", "timestamp": "2020-01-16T00:41:49.000Z", "eventType": "transaction", "_adobeamericaspot3": {"CRMID": "crmid:2337736934", "orderDetails": {"orderID": "orderid:719507", "reservationid": "FXW-HOAP", "orderType": "kiosk"}}}
{"_id": "e65e9dcc-53c8-11ea-846d-b88a60e194fb", "timestamp": "2020-01-06T12:07:23.000Z", "eventType": "transaction", "_adobeamericaspot3": {"CRMID": "crmid:5522499499", "orderDetails": {"orderID": "orderid:684445", "reservationid": "ULH-NARM", "orderType": "service desk"}}}
{"_id": "e65f5f9e-53c8-11ea-985a-b88a60e194fb", "timestamp": "2020-02-05T02:44:45.000Z", "eventType": "transaction", "_adobeamericaspot3": {"CRMID": "crmid:9921766185", "orderDetails": {"orderID": "orderid:303525", "reservationid": "OQJ-MSEF", "orderType": "website"}}}
{"_id": "e6602448-53c8-11ea-ab66-b88a60e194fb", "timestamp": "2020-02-01T01:57:59.000Z", "eventType": "transaction", "_adobeamericaspot3": {"CRMID": "crmid:6188402315", "orderDetails": {"orderID": "orderid:657574", "reservationid": "CZI-ZRDK", "orderType": "call center"}}}
{"_id": "e660e790-53c8-11ea-9b11-b88a60e194fb", "timestamp": "2019-12-04T22:40:01.000Z", "eventType": "transaction", "_adobeamericaspot3": {"CRMID": "crmid:4023847238", "orderDetails": {"orderID": "orderid:303029", "reservationid": "BZJ-FJ1R", "orderType": "mobile"}}}
{"_id": "e661aaf6-53c8-11ea-ab72-b88a60e194fb", "timestamp": "2019-12-19T18:13:33.000Z", "eventType": "transaction", "_adobeamericaspot3": {"CRMID": "crmid:4930962784", "orderDetails": {"orderID": "orderid:479563", "reservationid": "Z6U-LEC5", "orderType": "kiosk"}}}
{"_id": "e6626e58-53c8-11ea-824e-b88a60e194fb", "timestamp": "2019-12-23T03:29:57.000Z", "eventType": "transaction", "_adobeamericaspot3": {"CRMID": "crmid:4643521113", "orderDetails": {"orderID": "orderid:296284", "reservationid": "CSB-ACXQ", "orderType": "call center"}}}
{"_id": "e6635890-53c8-11ea-8084-b88a60e194fb", "timestamp": "2019-12-04T01:31:41.000Z", "eventType": "transaction", "_adobeamericaspot3": {"CRMID": "crmid:6792680676", "orderDetails": {"orderID": "orderid:434066", "reservationid": "D43-DQEW", "orderType": "kiosk"}}}
{"_id": "e6641bf4-53c8-11ea-a196-b88a60e194fb", "timestamp": "2019-12-22T05:06:37.000Z", "eventType": "transaction", "_adobeamericaspot3": {"CRMID": "crmid:5526693225", "orderDetails": {"orderID": "orderid:122689", "reservationid": "FYT-VTV1", "orderType": "kiosk"}}}
{"_id": "e665063a-53c8-11ea-8842-b88a60e194fb", "timestamp": "2019-12-25T03:37:47.000Z", "eventType": "transaction", "_adobeamericaspot3": {"CRMID": "crmid:7993573472", "orderDetails": {"orderID": "orderid:862511", "reservationid": "EOU-JNCB", "orderType": "mobile"}}}
{"_id": "e66617ae-53c8-11ea-bae9-b88a60e194fb", "timestamp": "2019-12-10T13:27:49.000Z", "eventType": "transaction", "_adobeamericaspot3": {"CRMID": "crmid:9272989183", "orderDetails": {"orderID": "orderid:911162", "reservationid": "ZGX-BBD6", "orderType": "kiosk"}}}
{"_id": "e666db00-53c8-11ea-a874-b88a60e194fb", "timestamp": "2020-01-28T03:34:32.000Z", "eventType": "transaction", "_adobeamericaspot3": {"CRMID": "crmid:9547826526", "orderDetails": {"orderID": "orderid:175207", "reservationid": "XMG-7QIW", "orderType": "kiosk"}}}
{"_id": "e667c3e8-53c8-11ea-99c1-b88a60e194fb", "timestamp": "2020-02-02T01:03:49.000Z", "eventType": "transaction", "_adobeamericaspot3": {"CRMID": "crmid:8135718204", "orderDetails": {"orderID": "orderid:706425", "reservationid": "UVY-CA5B", "orderType": "kiosk"}}}
{"_id": "e66888a8-53c8-11ea-9049-b88a60e194fb", "timestamp": "2020-01-05T00:08:45.000Z", "eventType": "transaction", "_adobeamericaspot3": {"CRMID": "crmid:4887451107", "orderDetails": {"orderID": "orderid:718539", "reservationid": "CDR-FAKM", "orderType": "call center"}}}
{"_id": "e6697310-53c8-11ea-aec0-b88a60e194fb", "timestamp": "2020-01-23T00:07:04.000Z", "eventType": "transaction", "_adobeamericaspot3": {"CRMID": "crmid:6928351817", "orderDetails": {"orderID": "orderid:915261", "reservationid": "NQ4-O96M", "orderType": "kiosk"}}}
{"_id": "e6697311-53c8-11ea-928f-b88a60e194fb", "timestamp": "2020-01-31T00:00:00.000Z", "eventType": "transaction", "_adobeamericaspot3": {"CRMID": "crmid:6928351817", "orderDetails": {"orderID": "orderid:400117", "reservationid": "KNL-QDDA", "orderType": "website"}}}
{"_id": "e66a3668-53c8-11ea-bfb7-b88a60e194fb", "timestamp": "2020-02-03T19:37:21.000Z", "eventType": "transaction", "_adobeamericaspot3": {"CRMID": "crmid:9379427542", "orderDetails": {"orderID": "orderid:596583", "reservationid": "RSY-UWHW", "orderType": "website"}}}
{"_id": "e66af9ac-53c8-11ea-a2d0-b88a60e194fb", "timestamp": "2020-01-08T16:14:08.000Z", "eventType": "transaction", "_adobeamericaspot3": {"CRMID": "crmid:5615083154", "orderDetails": {"orderID": "orderid:991323", "reservationid": "4TO-SBTR", "orderType": "kiosk"}}}
{"_id": "e66b95fa-53c8-11ea-8ca2-b88a60e194fb", "timestamp": "2019-12-15T22:12:58.000Z", "eventType": "transaction", "_adobeamericaspot3": {"CRMID": "crmid:9925303898", "orderDetails": {"orderID": "orderid:997481", "reservationid": "YF6-M2HM", "orderType": "kiosk"}}}
{"_id": "e66c7f6e-53c8-11ea-bd00-b88a60e194fb", "timestamp": "2020-02-06T09:31:54.000Z", "eventType": "transaction", "_adobeamericaspot3": {"CRMID": "crmid:6850853127", "orderDetails": {"orderID": "orderid:150849", "reservationid": "OQV-5MTN", "orderType": "kiosk"}}}
{"_id": "e66d6ab0-53c8-11ea-8133-b88a60e194fb", "timestamp": "2020-01-16T09:28:04.000Z", "eventType": "transaction", "_adobeamericaspot3": {"CRMID": "crmid:8916330511", "orderDetails": {"orderID": "orderid:453208", "reservationid": "ZXN-OEMI", "orderType": "website"}}}
{"_id": "e66e2e06-53c8-11ea-9023-b88a60e194fb", "timestamp": "2020-01-29T21:17:12.000Z", "eventType": "transaction", "_adobeamericaspot3": {"CRMID": "crmid:2007964452", "orderDetails": {"orderID": "orderid:487275", "reservationid": "Z2Z-YIVV", "orderType": "call center"}}}
{"_id": "e66e2e07-53c8-11ea-b7ee-b88a60e194fb", "timestamp": "2020-02-03T00:00:00.000Z", "eventType": "transaction", "_adobeamericaspot3": {"CRMID": "crmid:2007964452", "orderDetails": {"orderID": "orderid:440485", "reservationid": "UAT-KR2D", "orderType": "website"}}}
{"_id": "e66f3f7e-53c8-11ea-aa5f-b88a60e194fb", "timestamp": "2019-12-20T08:07:06.000Z", "eventType": "transaction", "_adobeamericaspot3": {"CRMID": "crmid:9024881075", "orderDetails": {"orderID": "orderid:331227", "reservationid": "K0P-01MP", "orderType": "call center"}}}
{"_id": "e67002cc-53c8-11ea-884a-b88a60e194fb", "timestamp": "2020-01-29T01:27:22.000Z", "eventType": "transaction", "_adobeamericaspot3": {"CRMID": "crmid:4508462296", "orderDetails": {"orderID": "orderid:598100", "reservationid": "KKA-QMX1", "orderType": "call center"}}}
{"_id": "e670ed22-53c8-11ea-9843-b88a60e194fb", "timestamp": "2019-12-24T07:27:07.000Z", "eventType": "transaction", "_adobeamericaspot3": {"CRMID": "crmid:4090470204", "orderDetails": {"orderID": "orderid:983786", "reservationid": "5I1-W0YY", "orderType": "kiosk"}}}
{"_id": "e671b094-53c8-11ea-b49a-b88a60e194fb", "timestamp": "2020-02-04T10:40:22.000Z", "eventType": "transaction", "_adobeamericaspot3": {"CRMID": "crmid:8382035951", "orderDetails": {"orderID": "orderid:627653", "reservationid": "WBI-FYNF", "orderType": "website"}}}
{"_id": "e6729acc-53c8-11ea-84c5-b88a60e194fb", "timestamp": "2020-02-05T03:51:28.000Z", "eventType": "transaction", "_adobeamericaspot3": {"CRMID": "crmid:2851363528", "orderDetails": {"orderID": "orderid:368210", "reservationid": "REM-ROO3", "orderType": "kiosk"}}}
{"_id": "e6735e24-53c8-11ea-833e-b88a60e194fb", "timestamp": "2020-02-01T01:53:25.000Z", "eventType": "transaction", "_adobeamericaspot3": {"CRMID": "crmid:2828414415", "orderDetails": {"orderID": "orderid:881398", "reservationid": "XJU-CMOF", "orderType": "kiosk"}}}
{"_id": "e674201c-53c8-11ea-b6f5-b88a60e194fb", "timestamp": "2020-01-25T15:58:50.000Z", "eventType": "transaction", "_adobeamericaspot3": {"CRMID": "crmid:6009642497", "orderDetails": {"orderID": "orderid:609758", "reservationid": "IKG-3LNB", "orderType": "service desk"}}}
{"_id": "e674e4c8-53c8-11ea-94b8-b88a60e194fb", "timestamp": "2020-01-28T19:38:03.000Z", "eventType": "transaction", "_adobeamericaspot3": {"CRMID": "crmid:3246667954", "orderDetails": {"orderID": "orderid:413731", "reservationid": "8T2-GCQQ", "orderType": "website"}}}
{"_id": "e675cdb0-53c8-11ea-9c28-b88a60e194fb", "timestamp": "2019-12-15T21:06:41.000Z", "eventType": "transaction", "_adobeamericaspot3": {"CRMID": "crmid:7503750783", "orderDetails": {"orderID": "orderid:452377", "reservationid": "3Q5-VAEY", "orderType": "service desk"}}}
{"_id": "e676928c-53c8-11ea-8e0d-b88a60e194fb", "timestamp": "2020-01-21T08:12:18.000Z", "eventType": "transaction", "_adobeamericaspot3": {"CRMID": "crmid:5085949852", "orderDetails": {"orderID": "orderid:974894", "reservationid": "SQF-2MMO", "orderType": "kiosk"}}}
{"_id": "e67755c8-53c8-11ea-9d10-b88a60e194fb", "timestamp": "2019-12-11T14:17:11.000Z", "eventType": "transaction", "_adobeamericaspot3": {"CRMID": "crmid:2649206024", "orderDetails": {"orderID": "orderid:496157", "reservationid": "KT6-NROJ", "orderType": "service desk"}}}
{"_id": "e6790212-53c8-11ea-b2a4-b88a60e194fb", "timestamp": "2019-12-05T20:23:46.000Z", "eventType": "transaction", "_adobeamericaspot3": {"CRMID": "crmid:7640352056", "orderDetails": {"orderID": "orderid:389297", "reservationid": "DQW-MVT1", "orderType": "call center"}}}
{"_id": "e67a3a94-53c8-11ea-b0cf-b88a60e194fb", "timestamp": "2020-01-05T07:33:22.000Z", "eventType": "transaction", "_adobeamericaspot3": {"CRMID": "crmid:4902477533", "orderDetails": {"orderID": "orderid:151127", "reservationid": "BWD-OX9T", "orderType": "kiosk"}}}
{"_id": "e67b4e1a-53c8-11ea-9bac-b88a60e194fb", "timestamp": "2019-12-14T09:49:39.000Z", "eventType": "transaction", "_adobeamericaspot3": {"CRMID": "crmid:2817595419", "orderDetails": {"orderID": "orderid:759650", "reservationid": "R1H-TGQ0", "orderType": "website"}}}
{"_id": "e67c37d2-53c8-11ea-90e2-b88a60e194fb", "timestamp": "2020-01-21T09:51:40.000Z", "eventType": "transaction", "_adobeamericaspot3": {"CRMID": "crmid:8045244096", "orderDetails": {"orderID": "orderid:360203", "reservationid": "7GE-MWDR", "orderType": "call center"}}}
{"_id": "e67d221e-53c8-11ea-93d9-b88a60e194fb", "timestamp": "2020-01-18T09:01:37.000Z", "eventType": "transaction", "_adobeamericaspot3": {"CRMID": "crmid:8444375341", "orderDetails": {"orderID": "orderid:521617", "reservationid": "ZMA-E6ZI", "orderType": "kiosk"}}}
{"_id": "e67de592-53c8-11ea-ba44-b88a60e194fb", "timestamp": "2020-01-14T09:53:49.000Z", "eventType": "transaction", "_adobeamericaspot3": {"CRMID": "crmid:1949666089", "orderDetails": {"orderID": "orderid:767720", "reservationid": "V1H-YLYU", "orderType": "mobile"}}}
{"_id": "e67ea8c0-53c8-11ea-9dd1-b88a60e194fb", "timestamp": "2020-02-10T08:43:57.000Z", "eventType": "transaction", "_adobeamericaspot3": {"CRMID": "crmid:8676725568", "orderDetails": {"orderID": "orderid:210983", "reservationid": "7DR-LCMX", "orderType": "call center"}}}
{"_id": "e67f44f6-53c8-11ea-88cb-b88a60e194fb", "timestamp": "2019-12-06T05:21:20.000Z", "eventType": "transaction", "_adobeamericaspot3": {"CRMID": "crmid:1800072275", "orderDetails": {"orderID": "orderid:135116", "reservationid": "0VW-7VIR", "orderType": "call center"}}}
{"_id": "e6802f92-53c8-11ea-987f-b88a60e194fb", "timestamp": "2019-12-11T18:58:53.000Z", "eventType": "transaction", "_adobeamericaspot3": {"CRMID": "crmid:7378407007", "orderDetails": {"orderID": "orderid:260386", "reservationid": "IES-QWAT", "orderType": "website"}}}
{"_id": "e680f2b0-53c8-11ea-9e42-b88a60e194fb", "timestamp": "2019-12-10T01:39:45.000Z", "eventType": "transaction", "_adobeamericaspot3": {"CRMID": "crmid:2807622316", "orderDetails": {"orderID": "orderid:850716", "reservationid": "6VR-OWXD", "orderType": "mobile"}}}
{"_id": "e683fe8a-53c8-11ea-a342-b88a60e194fb", "timestamp": "2020-02-06T13:19:07.000Z", "eventType": "transaction", "_adobeamericaspot3": {"CRMID": "crmid:6436821407", "orderDetails": {"orderID": "orderid:403691", "reservationid": "FW4-JICQ", "orderType": "kiosk"}}}
{"_id": "e684c340-53c8-11ea-87f8-b88a60e194fb", "timestamp": "2019-12-21T14:09:36.000Z", "eventType": "transaction", "_adobeamericaspot3": {"CRMID": "crmid:7878696656", "orderDetails": {"orderID": "orderid:380650", "reservationid": "3YN-V8TV", "orderType": "kiosk"}}}
{"_id": "e685ada8-53c8-11ea-9994-b88a60e194fb", "timestamp": "2019-12-30T21:12:02.000Z", "eventType": "transaction", "_adobeamericaspot3": {"CRMID": "crmid:7695256309", "orderDetails": {"orderID": "orderid:719805", "reservationid": "150-YHJ0", "orderType": "website"}}}
{"_id": "e686bf3a-53c8-11ea-9e55-b88a60e194fb", "timestamp": "2020-01-27T06:25:23.000Z", "eventType": "transaction", "_adobeamericaspot3": {"CRMID": "crmid:4538861761", "orderDetails": {"orderID": "orderid:753115", "reservationid": "IKR-FQUE", "orderType": "kiosk"}}}
{"_id": "e687d086-53c8-11ea-b6f4-b88a60e194fb", "timestamp": "2019-12-16T19:51:09.000Z", "eventType": "transaction", "_adobeamericaspot3": {"CRMID": "crmid:2442112784", "orderDetails": {"orderID": "orderid:336203", "reservationid": "ZED-78QX", "orderType": "call center"}}}
{"_id": "e688bafa-53c8-11ea-948f-b88a60e194fb", "timestamp": "2019-12-11T00:47:31.000Z", "eventType": "transaction", "_adobeamericaspot3": {"CRMID": "crmid:2706543917", "orderDetails": {"orderID": "orderid:410665", "reservationid": "UT7-CH1M", "orderType": "call center"}}}
{"_id": "e68a1a2e-53c8-11ea-bde8-b88a60e194fb", "timestamp": "2020-01-28T08:03:06.000Z", "eventType": "transaction", "_adobeamericaspot3": {"CRMID": "crmid:2377995181", "orderDetails": {"orderID": "orderid:842875", "reservationid": "J65-LFHI", "orderType": "mobile"}}}
{"_id": "e68b78a8-53c8-11ea-9588-b88a60e194fb", "timestamp": "2019-12-21T18:28:15.000Z", "eventType": "transaction", "_adobeamericaspot3": {"CRMID": "crmid:2845476638", "orderDetails": {"orderID": "orderid:518569", "reservationid": "0TK-X26C", "orderType": "website"}}}
{"_id": "e68c645e-53c8-11ea-a53b-b88a60e194fb", "timestamp": "2020-01-14T02:48:58.000Z", "eventType": "transaction", "_adobeamericaspot3": {"CRMID": "crmid:2109808907", "orderDetails": {"orderID": "orderid:263339", "reservationid": "2TQ-LPUI", "orderType": "mobile"}}}
{"_id": "e68d4ed0-53c8-11ea-ab5b-b88a60e194fb", "timestamp": "2020-02-11T10:37:52.000Z", "eventType": "transaction", "_adobeamericaspot3": {"CRMID": "crmid:2285452534", "orderDetails": {"orderID": "orderid:561530", "reservationid": "UUH-JCHY", "orderType": "kiosk"}}}
{"_id": "e68e391c-53c8-11ea-9975-b88a60e194fb", "timestamp": "2019-12-26T19:36:01.000Z", "eventType": "transaction", "_adobeamericaspot3": {"CRMID": "crmid:2936738866", "orderDetails": {"orderID": "orderid:493273", "reservationid": "EXZ-BVIS", "orderType": "service desk"}}}
{"_id": "e68f98b4-53c8-11ea-883c-b88a60e194fb", "timestamp": "2020-01-29T10:10:42.000Z", "eventType": "transaction", "_adobeamericaspot3": {"CRMID": "crmid:5212836677", "orderDetails": {"orderID": "orderid:807961", "reservationid": "UYV-2O8K", "orderType": "kiosk"}}}
{"_id": "e6908312-53c8-11ea-b170-b88a60e194fb", "timestamp": "2020-02-07T07:21:42.000Z", "eventType": "transaction", "_adobeamericaspot3": {"CRMID": "crmid:8685298732", "orderDetails": {"orderID": "orderid:626534", "reservationid": "YHH-LYHI", "orderType": "kiosk"}}}
{"_id": "e6916d8a-53c8-11ea-abbc-b88a60e194fb", "timestamp": "2020-01-03T09:39:07.000Z", "eventType": "transaction", "_adobeamericaspot3": {"CRMID": "crmid:7128239642", "orderDetails": {"orderID": "orderid:347544", "reservationid": "B1H-PTHE", "orderType": "mobile"}}}
{"_id": "e6927db6-53c8-11ea-bfd2-b88a60e194fb", "timestamp": "2019-12-13T00:01:49.000Z", "eventType": "transaction", "_adobeamericaspot3": {"CRMID": "crmid:8724938924", "orderDetails": {"orderID": "orderid:425080", "reservationid": "P9E-GV5H", "orderType": "kiosk"}}}
{"_id": "e6939064-53c8-11ea-86fe-b88a60e194fb", "timestamp": "2020-02-16T23:42:43.000Z", "eventType": "transaction", "_adobeamericaspot3": {"CRMID": "crmid:5159990851", "orderDetails": {"orderID": "orderid:754385", "reservationid": "WXZ-GBGN", "orderType": "website"}}}
{"_id": "e694a1d2-53c8-11ea-8b59-b88a60e194fb", "timestamp": "2020-01-10T11:40:59.000Z", "eventType": "transaction", "_adobeamericaspot3": {"CRMID": "crmid:2633853353", "orderDetails": {"orderID": "orderid:103986", "reservationid": "C6I-NQAH", "orderType": "mobile"}}}
{"_id": "e6956512-53c8-11ea-872b-b88a60e194fb", "timestamp": "2020-01-04T13:15:36.000Z", "eventType": "transaction", "_adobeamericaspot3": {"CRMID": "crmid:5969323323", "orderDetails": {"orderID": "orderid:927208", "reservationid": "B0S-QUWH", "orderType": "kiosk"}}}
{"_id": "e6964f92-53c8-11ea-93ca-b88a60e194fb", "timestamp": "2020-02-16T08:52:00.000Z", "eventType": "transaction", "_adobeamericaspot3": {"CRMID": "crmid:2744358611", "orderDetails": {"orderID": "orderid:244142", "reservationid": "NLS-IBWA", "orderType": "call center"}}}
{"_id": "e69760f4-53c8-11ea-99aa-b88a60e194fb", "timestamp": "2019-12-13T13:19:17.000Z", "eventType": "transaction", "_adobeamericaspot3": {"CRMID": "crmid:7339329563", "orderDetails": {"orderID": "orderid:947195", "reservationid": "WIB-P9V3", "orderType": "mobile"}}}
{"_id": "e698726e-53c8-11ea-8212-b88a60e194fb", "timestamp": "2020-01-04T02:36:30.000Z", "eventType": "transaction", "_adobeamericaspot3": {"CRMID": "crmid:1289812724", "orderDetails": {"orderID": "orderid:630343", "reservationid": "QBF-D2GO", "orderType": "website"}}}
{"_id": "e69983d8-53c8-11ea-962b-b88a60e194fb", "timestamp": "2020-01-31T23:29:38.000Z", "eventType": "transaction", "_adobeamericaspot3": {"CRMID": "crmid:4465267323", "orderDetails": {"orderID": "orderid:460230", "reservationid": "CI2-7MWN", "orderType": "mobile"}}}
{"_id": "e69a954c-53c8-11ea-a610-b88a60e194fb", "timestamp": "2020-01-16T12:24:17.000Z", "eventType": "transaction", "_adobeamericaspot3": {"CRMID": "crmid:6956963984", "orderDetails": {"orderID": "orderid:283940", "reservationid": "UJN-URWO", "orderType": "website"}}}
{"_id": "e69bf358-53c8-11ea-a8cc-b88a60e194fb", "timestamp": "2020-01-25T03:49:01.000Z", "eventType": "transaction", "_adobeamericaspot3": {"CRMID": "crmid:3353880131", "orderDetails": {"orderID": "orderid:923991", "reservationid": "CTC-ONJZ", "orderType": "kiosk"}}}
{"_id": "e69da118-53c8-11ea-b27e-b88a60e194fb", "timestamp": "2019-12-23T12:12:41.000Z", "eventType": "transaction", "_adobeamericaspot3": {"CRMID": "crmid:1809409180", "orderDetails": {"orderID": "orderid:450615", "reservationid": "8FF-DPQC", "orderType": "website"}}}
{"_id": "e69f00b4-53c8-11ea-8c73-b88a60e194fb", "timestamp": "2020-02-07T04:37:44.000Z", "eventType": "transaction", "_adobeamericaspot3": {"CRMID": "crmid:5435530583", "orderDetails": {"orderID": "orderid:147350", "reservationid": "SUY-FHD3", "orderType": "service desk"}}}
{"_id": "e6a0616c-53c8-11ea-ba34-b88a60e194fb", "timestamp": "2020-01-06T03:30:51.000Z", "eventType": "transaction", "_adobeamericaspot3": {"CRMID": "crmid:5003066035", "orderDetails": {"orderID": "orderid:173209", "reservationid": "X4H-EOCM", "orderType": "website"}}}
{"_id": "e6a199e4-53c8-11ea-988e-b88a60e194fb", "timestamp": "2019-12-19T06:59:40.000Z", "eventType": "transaction", "_adobeamericaspot3": {"CRMID": "crmid:2593825637", "orderDetails": {"orderID": "orderid:715175", "reservationid": "OYK-Y4BG", "orderType": "service desk"}}}
{"_id": "e6a2f848-53c8-11ea-ad0e-b88a60e194fb", "timestamp": "2020-02-06T14:34:22.000Z", "eventType": "transaction", "_adobeamericaspot3": {"CRMID": "crmid:6896104184", "orderDetails": {"orderID": "orderid:169401", "reservationid": "5IQ-2LB2", "orderType": "website"}}}
{"_id": "e6a4a5f6-53c8-11ea-8ccc-b88a60e194fb", "timestamp": "2019-12-13T12:50:44.000Z", "eventType": "transaction", "_adobeamericaspot3": {"CRMID": "crmid:6899422599", "orderDetails": {"orderID": "orderid:594696", "reservationid": "9B3-BJTI", "orderType": "website"}}}
{"_id": "e6a60574-53c8-11ea-86a6-b88a60e194fb", "timestamp": "2019-12-10T12:50:00.000Z", "eventType": "transaction", "_adobeamericaspot3": {"CRMID": "crmid:2207311014", "orderDetails": {"orderID": "orderid:870886", "reservationid": "BCJ-85L9", "orderType": "service desk"}}}
{"_id": "e6a78c1e-53c8-11ea-af87-b88a60e194fb", "timestamp": "2019-12-18T21:46:15.000Z", "eventType": "transaction", "_adobeamericaspot3": {"CRMID": "crmid:5485244937", "orderDetails": {"orderID": "orderid:357236", "reservationid": "WFH-W88J", "orderType": "mobile"}}}
{"_id": "e6a8ece4-53c8-11ea-b1d1-b88a60e194fb", "timestamp": "2020-02-11T01:35:08.000Z", "eventType": "transaction", "_adobeamericaspot3": {"CRMID": "crmid:4508908611", "orderDetails": {"orderID": "orderid:600472", "reservationid": "M0D-FBMH", "orderType": "mobile"}}}
{"_id": "e6aa4bde-53c8-11ea-8bb6-b88a60e194fb", "timestamp": "2020-02-06T10:10:33.000Z", "eventType": "transaction", "_adobeamericaspot3": {"CRMID": "crmid:3248012937", "orderDetails": {"orderID": "orderid:429024", "reservationid": "HNP-FGJM", "orderType": "kiosk"}}}
{"_id": "e6abaad8-53c8-11ea-8989-b88a60e194fb", "timestamp": "2019-12-25T18:23:36.000Z", "eventType": "transaction", "_adobeamericaspot3": {"CRMID": "crmid:1477789688", "orderDetails": {"orderID": "orderid:319511", "reservationid": "WX8-UKYI", "orderType": "website"}}}
{"_id": "e6ace346-53c8-11ea-bf81-b88a60e194fb", "timestamp": "2020-02-08T02:15:48.000Z", "eventType": "transaction", "_adobeamericaspot3": {"CRMID": "crmid:5810799161", "orderDetails": {"orderID": "orderid:983014", "reservationid": "RCY-CIBJ", "orderType": "website"}}}
{"_id": "e6ae1bd2-53c8-11ea-9b3b-b88a60e194fb", "timestamp": "2019-12-04T20:01:12.000Z", "eventType": "transaction", "_adobeamericaspot3": {"CRMID": "crmid:4837222632", "orderDetails": {"orderID": "orderid:104610", "reservationid": "JWB-THMT", "orderType": "call center"}}}
{"_id": "e6af2d40-53c8-11ea-847c-b88a60e194fb", "timestamp": "2020-01-16T07:37:19.000Z", "eventType": "transaction", "_adobeamericaspot3": {"CRMID": "crmid:9603906806", "orderDetails": {"orderID": "orderid:358437", "reservationid": "JGY-T3EV", "orderType": "mobile"}}}
{"_id": "e6b065c8-53c8-11ea-aeee-b88a60e194fb", "timestamp": "2020-01-30T15:30:32.000Z", "eventType": "transaction", "_adobeamericaspot3": {"CRMID": "crmid:4077683652", "orderDetails": {"orderID": "orderid:401934", "reservationid": "OII-ENDM", "orderType": "mobile"}}}
{"_id": "e6b19ec0-53c8-11ea-a80d-b88a60e194fb", "timestamp": "2019-12-17T05:01:01.000Z", "eventType": "transaction", "_adobeamericaspot3": {"CRMID": "crmid:3239791213", "orderDetails": {"orderID": "orderid:110652", "reservationid": "UNY-FYPI", "orderType": "website"}}}
{"_id": "e6b2d6ae-53c8-11ea-ae28-b88a60e194fb", "timestamp": "2020-01-26T05:28:41.000Z", "eventType": "transaction", "_adobeamericaspot3": {"CRMID": "crmid:7129725222", "orderDetails": {"orderID": "orderid:121496", "reservationid": "YYZ-EZZF", "orderType": "kiosk"}}}
{"_id": "e6b40fd0-53c8-11ea-9b67-b88a60e194fb", "timestamp": "2019-12-03T22:26:41.000Z", "eventType": "transaction", "_adobeamericaspot3": {"CRMID": "crmid:3857221687", "orderDetails": {"orderID": "orderid:932412", "reservationid": "WYX-TCAB", "orderType": "website"}}}
{"_id": "e6b56ed2-53c8-11ea-b241-b88a60e194fb", "timestamp": "2020-02-02T06:04:55.000Z", "eventType": "transaction", "_adobeamericaspot3": {"CRMID": "crmid:3687387579", "orderDetails": {"orderID": "orderid:547070", "reservationid": "KQG-5A5A", "orderType": "kiosk"}}}
{"_id": "e6b6804a-53c8-11ea-9b4f-b88a60e194fb", "timestamp": "2020-02-16T12:02:40.000Z", "eventType": "transaction", "_adobeamericaspot3": {"CRMID": "crmid:2272686962", "orderDetails": {"orderID": "orderid:195768", "reservationid": "EAC-QKE8", "orderType": "call center"}}}
{"_id": "e6b791b4-53c8-11ea-bc3a-b88a60e194fb", "timestamp": "2019-12-11T21:33:56.000Z", "eventType": "transaction", "_adobeamericaspot3": {"CRMID": "crmid:2556647616", "orderDetails": {"orderID": "orderid:450555", "reservationid": "OIH-KVIV", "orderType": "website"}}}
{"_id": "e6b8a364-53c8-11ea-aa15-b88a60e194fb", "timestamp": "2020-02-06T21:02:52.000Z", "eventType": "transaction", "_adobeamericaspot3": {"CRMID": "crmid:7219250412", "orderDetails": {"orderID": "orderid:717929", "reservationid": "BTW-T7RY", "orderType": "mobile"}}}
{"_id": "e6b9db9a-53c8-11ea-be2a-b88a60e194fb", "timestamp": "2020-01-19T11:09:15.000Z", "eventType": "transaction", "_adobeamericaspot3": {"CRMID": "crmid:3605192444", "orderDetails": {"orderID": "orderid:289894", "reservationid": "RAD-8E41", "orderType": "mobile"}}}
{"_id": "e6baed02-53c8-11ea-a8bb-b88a60e194fb", "timestamp": "2019-12-11T15:40:06.000Z", "eventType": "transaction", "_adobeamericaspot3": {"CRMID": "crmid:7200290748", "orderDetails": {"orderID": "orderid:320497", "reservationid": "IVX-RUNH", "orderType": "kiosk"}}}
{"_id": "e6bbd77a-53c8-11ea-aa38-b88a60e194fb", "timestamp": "2020-02-10T16:46:27.000Z", "eventType": "transaction", "_adobeamericaspot3": {"CRMID": "crmid:8569543998", "orderDetails": {"orderID": "orderid:585195", "reservationid": "BES-USL8", "orderType": "kiosk"}}}
{"_id": "e6bce8e6-53c8-11ea-b714-b88a60e194fb", "timestamp": "2019-12-14T00:37:50.000Z", "eventType": "transaction", "_adobeamericaspot3": {"CRMID": "crmid:6052291045", "orderDetails": {"orderID": "orderid:308248", "reservationid": "SSI-OGFL", "orderType": "website"}}}
{"_id": "e6bdd34a-53c8-11ea-84b1-b88a60e194fb", "timestamp": "2020-02-02T08:56:48.000Z", "eventType": "transaction", "_adobeamericaspot3": {"CRMID": "crmid:9394060684", "orderDetails": {"orderID": "orderid:383296", "reservationid": "SWU-CISJ", "orderType": "kiosk"}}}
