crmid,email,first_name,last_name,gender,mobile telephone,city,country,zip,state,street address,birthday,historicalpoints
crmid:5094499295,hamline1936@gmail.com,Chester,Velazquez,,341-189-6650,Ventura,United States,33799,Oklahoma,874 Java,1980-05-11,1912
crmid:6046743272,mose1928@yahoo.com,Kyle,Levine,male,044-150-6044,Novi,United States,05377,South Carolina,559 Bluxome,1942-06-17,2805
crmid:2057446843,aligner1866@yandex.com,Layne,Morin,female,277-006-9882,Tupelo,United States,72118,Louisiana,708 Ventura,1955-05-21,513
crmid:6092652267,elaterist1875@yandex.com,Jaime,Page,,588-441-3658,Mankato,United States,37606,Pennsylvania,874 Elim,1986-06-07,2501
crmid:9482923686,chaplin1981@outlook.com,Quentin,Hill,,878-665-2409,Rome,United States,59796,California,846 Rutland,1977-12-25,2740
crmid:5205007343,counterdistinct1907@yandex.com,Ben,Harding,,233-356-4033,Gallatin,United States,40312,Maine,788 China Basin,1965-08-05,556
crmid:7859740242,pheasant1846@yahoo.com,Scottie,Mccarthy,,960-984-5672,Lathrop,United States,56153,Colorado,560 Keystone,1981-09-04,2883
crmid:9784635170,burlie1868@outlook.com,Bertram,Melendez,,606-375-2989,New London,United States,38112,Arkansas,275 Fenton,1996-06-27,1458
crmid:1281559423,hydrosulphurated1882@yandex.com,Federico,Neal,,701-573-8478,Simpsonville,United States,29979,Florida,330 Diaz,1962-08-31,2460
crmid:5956472409,ticky1837@yandex.com,Contessa,Webster,female,507-812-2132,Pasco,United States,10180,Ohio,1052 Cascade,1951-10-04,925
crmid:8573427447,modestly2051@live.com,Roosevelt,Armstrong,,685-747-8824,Hagerstown,United States,68044,Virginia,584 Spring,1969-11-15,1670
crmid:9289688028,criticaster2000@gmail.com,Rob,Conley,,315-338-2767,Forest Park,United States,27179,Maryland,771 Lilac,1962-05-04,1018
crmid:1099916658,majesty1975@gmail.com,Jamey,Mccullough,,319-768-5642,Stevens Point,United States,82051,Michigan,813 Sibert,1967-05-08,2129
crmid:4399981683,embrica1812@gmail.com,Denae,Travis,female,334-596-5972,Claremore,United States,78078,Wyoming,1148 Mateo,1948-02-29,2699
crmid:3089532213,elk1851@outlook.com,Branden,Bright,,798-407-1702,Independence,United States,45021,Wisconsin,962 Behr,1974-07-19,2785
crmid:6021880804,dreamworld1905@yahoo.com,Keiko,Case,female,048-556-3996,Deerfield,United States,61888,Indiana,666 Brussels,1954-11-09,1217
crmid:2544865225,cowkeeper1884@gmail.com,Brad,Manning,male,959-270-3313,Summit,United States,69709,Illinois,449 Eldridge,1942-01-18,495
crmid:2794735284,beccafico1985@outlook.com,Emelda,Blake,female,129-488-6617,Durham,United States,70361,New York,446 Adele,1956-03-03,2136
crmid:1786518947,checksumming1845@outlook.com,James,Bass,,827-220-8488,Hackensack,United States,54906,Colorado,567 Goettingen,1969-10-30,621
crmid:2179088899,elephantiasis1891@gmail.com,Royal,Lester,male,493-095-1516,Berkeley,United States,46015,Hawaii,678 Halyburton,1938-08-17,2592
crmid:8499686887,triceratopses1895@gmail.com,Denver,Marquez,,403-351-4015,Marshfield,United States,91218,Arkansas,576 Fenton,1987-02-09,2997
crmid:4642392555,blackbirds1900@yahoo.com,Alejandro,Rowland,,102-751-9747,Kenmore,United States,67267,Massachusetts,1198 France,1977-11-13,522
crmid:7293924686,carted1991@yandex.com,Weston,Mathis,,249-489-8794,Grandville,United States,50059,South Carolina,278 Nobles,1967-10-03,2736
crmid:3024090308,antimachine2019@outlook.com,Alphonso,Nixon,,280-784-2331,Prior Lake,United States,64386,Connecticut,450 Rankin,1999-07-03,2526
crmid:2577926902,gastrohysterorrhaphy1837@outlook.com,Rudolf,Butler,male,588-435-3544,Trotwood,United States,01381,Wyoming,888 Valerton,1937-08-04,1828
crmid:4794293484,nonscraping1843@yahoo.com,Teofila,Holloway,female,525-475-0428,Chelsea,United States,59616,Utah,1386 Cargo,1946-09-14,2622
crmid:7484942326,alvine1994@yahoo.com,Donnell,Fletcher,male,245-978-7455,Broomfield,United States,12801,Virginia,168 Sweeny,1942-03-10,1512
crmid:8858792005,kalimbas1987@gmail.com,Trent,Townsend,,945-786-2865,Oakdale,United States,41784,Mississippi,870 Johnstone,1993-10-05,2062
crmid:5757148009,drover1950@live.com,Wilton,Stanley,,394-658-1239,Gadsden,United States,61684,Maine,704 Merriam,1964-11-03,833
crmid:7122909789,careworn1939@yandex.com,Roland,Velasquez,male,781-099-7311,Windsor,United States,94689,Louisiana,461 Farview,1943-08-29,537
crmid:7671800595,seaters1925@yandex.com,Hyun,Levy,female,845-903-5603,Sun Prairie,United States,72509,Nevada,1135 Standish,1958-04-17,634
crmid:5641595763,afret1945@gmail.com,Kurt,Good,male,263-290-1919,Arroyo Grande,United States,39570,Idaho,350 London,1934-06-11,673
crmid:8110353205,estherian1884@gmail.com,Robbie,Blake,,497-765-1390,Tarpon Springs,United States,20840,Pennsylvania,501 El Verano,1962-01-03,1465
crmid:6467118616,adsorption1992@yahoo.com,Gavin,Berry,,432-926-4894,Westmont,United States,80500,West Virginia,855 Rockwood,1975-01-11,826
crmid:5026493811,cornada2052@live.com,Albert,Austin,female,080-668-1563,Eagan,United States,04408,Connecticut,1306 Battery Chamberlin,1956-01-01,1994
crmid:9757924052,merycism1982@outlook.com,Dave,Durham,male,039-200-9419,Buckeye,United States,15570,Vermont,857 Innes,1942-03-09,1577
crmid:4480658093,plasmic1809@live.com,Billye,Dawson,female,401-344-8144,Wilmington,United States,91240,Alaska,269 Rivoli,1947-01-08,314
crmid:6623793036,wangler1803@yahoo.com,Merrie,Russell,female,400-433-7937,Simpsonville,United States,17204,Alaska,1019 Breen,1953-06-26,2492
crmid:1670363151,chameleons1906@live.com,Ed,Pruitt,male,015-869-5969,Waco,United States,07080,Idaho,1043 Powers,1940-03-24,1411
crmid:2783282519,perduring2056@outlook.com,Corey,Higgins,male,562-965-4168,Atwater,United States,16924,New Jersey,501 Highland,1934-02-14,2821
crmid:3788170583,dissolubleness1914@live.com,Malena,Sparks,female,348-377-9306,Faribault,United States,98852,Mississippi,616 Seal Rock,1961-06-27,2142
crmid:3458160120,schematic1974@gmail.com,Daniel,Michael,,612-739-4774,Lima,United States,42768,Ohio,441 Medical Center,1982-08-13,1685
crmid:4754699341,diviner1807@outlook.com,Victor,Fuentes,,280-191-1340,Miramar,United States,73193,North Carolina,288 Anglo,1991-12-12,2657
crmid:5589751423,ambition1923@gmail.com,Reanna,Andrews,female,110-337-2128,Cottonwood Heights,United States,46367,Arkansas,654 La Playa,1951-07-01,463
crmid:8788653361,placebos1933@outlook.com,Gaylord,Juarez,male,356-048-8384,Tallmadge,United States,04123,Oregon,1380 Paper,1937-04-16,611
crmid:7664912642,chilicote2042@live.com,Leandro,Le,,486-325-6667,Harker Heights,United States,53387,Tennessee,174 Sedgewick,1969-10-06,1601
crmid:9583991817,abstracted1985@yahoo.com,Shayne,Howard,female,396-598-1857,Douglasville,United States,78477,Alabama,1228 Olympia,1955-12-20,2461
crmid:6207998588,alene1888@yandex.com,Florentino,Pruitt,,441-682-5614,Kankakee,United States,74071,Idaho,851 Pretor,1976-08-03,1351
crmid:1891819434,emory2015@yahoo.com,Jerald,Mason,male,165-704-9253,Saginaw,United States,60524,West Virginia,1264 Crescent,1997-01-10,485
crmid:3876393351,baktun1884@live.com,An,Lowe,female,170-599-0334,Naugatuck,United States,86258,Washington,1123 El Mirasol,1995-10-23,2069
crmid:4325811738,lepargylic1928@live.com,September,Slater,female,587-346-9438,Saratoga Springs,United States,18482,North Carolina,269 Sylvan,1947-08-27,1685
crmid:4940396809,centrosome1917@outlook.com,Sage,Decker,female,280-317-9614,Cornelius,United States,82622,Connecticut,627 Arch,1950-08-08,2673
crmid:3768752921,exaggerating2063@yandex.com,Aleshia,Shaw,female,047-445-2664,Seal Beach,United States,28311,Alaska,966 Rebecca,1957-01-27,963
crmid:9683437637,cilice1914@live.com,Geoffrey,Gardner,,315-151-2361,La Vista,United States,33358,Iowa,206 Lower,1979-06-01,2063
crmid:3530292607,croppy2044@gmail.com,Neoma,Holt,female,122-576-6367,Cypress,United States,99455,New Mexico,893 Collins,1952-12-30,540
crmid:1000426604,incumber1882@outlook.com,Terrell,Valentine,,663-044-5206,Tigard,United States,31568,Oklahoma,101 Ecker,1972-03-25,1241
crmid:2933878690,adermia1904@outlook.com,Dulcie,Butler,female,351-272-1414,St. Matthews,United States,11824,Washington,518 Eugenia,1950-03-04,1296
crmid:6369964046,disembodied2026@outlook.com,Rich,Shields,,930-211-4694,Fullerton,United States,08584,New Jersey,816 Elizabeth,1964-01-19,1514
crmid:7907917463,monadiform1994@yahoo.com,Porfirio,Sharpe,,046-575-9199,Nampa,United States,34433,Alaska,873 La Ferrera,1995-07-08,1250
crmid:3373594564,devest2012@yahoo.com,Saul,Sampson,,742-069-8408,Pinecrest,United States,46573,Georgia,913 Pontiac,1991-07-22,718
crmid:8012361831,magirological1953@yandex.com,Hoyt,Branch,male,472-129-8583,Bellingham,United States,22934,Wyoming,565 Steuben,1937-05-04,1435
crmid:5323893420,hiddenmost1971@yahoo.com,Lanny,Ross,,621-770-2299,Huntersville,United States,91179,Michigan,525 Carrie,1973-02-11,2920
crmid:2269364773,pangamous1999@yandex.com,Evelin,Gross,female,972-511-7171,Yorkville,United States,55793,Kansas,800 Todd,1959-03-12,1014
crmid:8335627145,shivarees1804@outlook.com,Kirk,Poole,,802-205-7875,West Jordan,United States,43775,Mississippi,1094 Appleton,1983-09-11,2508
crmid:7968936454,couma1890@live.com,Isidro,Nolan,,365-345-7339,Woburn,United States,87242,Nebraska,364 Jose Sarria,1968-04-21,604
crmid:3479611250,invected2060@gmail.com,Elois,Conrad,female,485-331-1562,Neenah,United States,21739,North Carolina,917 Whitfield,1995-04-05,2091
crmid:9455908372,blowing1956@outlook.com,Scarlet,Daniel,female,237-968-2875,Coral Springs,United States,92799,South Carolina,1072 Gambier,1950-08-07,1010
crmid:9223436077,turkey2004@yahoo.com,Keneth,Cameron,,088-188-2236,Melrose,United States,33173,Virginia,693 Bepler,1989-06-10,2215
crmid:2607823136,pastorale1800@yandex.com,Cornell,Mcintosh,male,617-634-5761,Bourbonnais,United States,95572,Vermont,189 E,1940-02-19,2709
crmid:6081231917,naturalists1992@live.com,Lynn,Benson,male,228-796-4226,Castle Rock,United States,70182,Iowa,504 Dukes,1945-07-02,2985
crmid:3044345408,aftercourse2011@yandex.com,Quinn,Villarreal,,298-441-9824,Meriden,United States,82791,Nebraska,539 Olmstead,1989-05-19,518
crmid:2242581963,quackster1816@live.com,Alberto,Walter,male,816-279-1631,Bentonville,United States,86940,Indiana,952 Cranleigh,1938-11-01,2661
crmid:9697254254,dragnet1918@yandex.com,Leonardo,Suarez,male,277-920-2136,Oregon City,United States,18829,Iowa,528 Rodriguez,1945-06-28,2516
crmid:7431923226,spiring1873@yahoo.com,Curt,Knox,male,962-244-2060,Camden,United States,18488,Arizona,451 Wayland,1943-02-16,815
crmid:3785181084,boaster1863@yahoo.com,Mason,Dixon,,877-543-8979,Torrington,United States,59304,Montana,754 Hawthorne,1999-09-11,539
crmid:5343465249,congruism1806@outlook.com,Shelton,Pitts,,653-592-7533,Morganton,United States,46769,Alabama,1036 Cargo,1993-08-03,2504
crmid:2982696883,cryptography1840@yahoo.com,Rich,Cox,male,137-025-7801,Andover,United States,49241,West Virginia,20 Chain Of Lakes,1932-08-07,1815
crmid:2304676031,replenished1848@outlook.com,Stanford,Walters,male,898-759-6774,Winchester,United States,65099,South Dakota,1318 Chancery,1938-09-30,2970
crmid:7565144910,abnormal1950@gmail.com,Kevin,Ellis,male,852-580-7938,Ypsilanti,United States,57390,Rhode Island,1383 Las Villas,1995-12-02,909
crmid:2079091003,baboon1896@live.com,Hobert,Reid,,680-393-2135,Riverton,United States,36062,New Hampshire,374 Fitzgerald,1979-01-20,738
crmid:3753132240,jarbird1977@yahoo.com,Reginald,Potter,male,819-795-2509,Tempe,United States,19789,Minnesota,354 Ellert,1943-08-23,737
crmid:4768132361,ascertainability1818@outlook.com,Brendan,Key,,679-285-6788,Hamilton,United States,16690,North Carolina,76 Roach,1969-02-21,2726
crmid:7172909680,delight1849@outlook.com,Efren,Robertson,,871-196-6488,Phoenix,United States,29751,North Carolina,197 Chenery,1962-11-04,2634
crmid:9121161213,chambertin1930@yahoo.com,Edward,Barrera,male,408-941-0071,Bartlett,United States,13558,Idaho,1308 San Gabriel,1936-03-02,1167
crmid:5559038734,briel1815@live.com,Yuriko,Gordon,female,381-338-5790,Chula Vista,United States,56069,Minnesota,546 Dorland,1947-09-12,1006
crmid:7208715676,sapid1992@yahoo.com,Jenine,Ryan,female,454-775-3740,Watauga,United States,61929,Mississippi,1306 Amherst,1950-11-30,1910
crmid:7717779842,athletics1947@yandex.com,Warner,Vaughn,,714-803-3652,Joliet,United States,77552,Maine,1005 Sutro Heights,1976-07-25,1697
crmid:9062101682,arock1867@yahoo.com,Carson,Ward,,944-259-8204,Mount Vernon,United States,39408,Michigan,271 Attridge,1994-06-27,1218
crmid:1177378251,dehydration1920@yahoo.com,Ollie,Preston,,261-580-1705,Pleasant Grove,United States,32892,Vermont,454 Hattie,1976-01-08,1129
crmid:8130984764,penguin1808@yandex.com,Jaquelyn,Moore,female,995-314-0473,Clearwater,United States,21099,Oregon,681 Isola,1948-04-20,944
crmid:9650328212,nete1852@gmail.com,Maragret,Reid,female,487-891-9580,Euclid,United States,38988,Alaska,212 Avocet,1960-06-24,1998
crmid:9357351230,haired1829@yandex.com,Delila,Castro,female,912-495-4314,Eastlake,United States,16362,Alaska,469 Commonwealth,1957-02-05,2083
crmid:1150147889,beaucoup1941@yahoo.com,Neil,Gomez,,408-318-7287,Jupiter,United States,28936,Louisiana,829 Ritch,1976-05-01,804
crmid:4073125553,heptarch2066@live.com,Guadalupe,Hernandez,,421-175-0928,West Allis,United States,73024,North Dakota,1292 Spring,1972-05-02,1191
crmid:4311309440,allergy1911@gmail.com,Stacey,Mcintyre,,042-049-1372,Fredericksburg,United States,48523,Indiana,571 Sternberg,1964-08-07,338
crmid:7100214320,afternight1823@yandex.com,German,Thomas,male,092-819-7541,Plum,United States,86580,Wisconsin,646 Double Rock,1935-04-29,2577
crmid:4737933382,apama1901@live.com,Luigi,Woodward,male,836-430-5085,Beaumont,United States,99748,Illinois,1109 Menoher,1936-06-27,2426
crmid:7607068080,moratoria2032@gmail.com,Walton,Mcdonald,,853-082-0928,Johnson City,United States,17599,New Jersey,1120 Lessing,1975-02-08,2572
crmid:9348948745,unfickle2023@gmail.com,Louie,Leon,,722-747-8935,Weston,United States,42762,North Dakota,1041 Avila,1986-12-08,1314
crmid:4019699432,eupeptically1922@yandex.com,Nelson,Hopkins,male,464-381-5827,Newnan,United States,57048,West Virginia,434 Graystone,1997-10-27,2122
crmid:9710880120,metachromatic1898@yandex.com,Fredric,Williamson,male,619-264-9525,Williamsport,United States,55894,Illinois,1252 Hamerton,1999-09-17,1222
crmid:2401970778,woodcrafty1863@yahoo.com,Genaro,Hicks,male,509-986-0083,Carmel,United States,29300,North Dakota,36 Tulare,1944-04-14,853
crmid:1907799672,dungan1916@gmail.com,Jonathan,Ball,,216-268-0454,Goshen,United States,31799,Arizona,573 Caine,1967-06-22,855
crmid:5079688991,owl1839@live.com,Sal,Levine,,727-174-9303,Muscatine,United States,36375,Oregon,1004 Calhoun,1994-06-20,965
crmid:8536331684,albanians1897@yandex.com,Mauro,Steele,,970-201-0346,Huntington,United States,47928,Montana,1350 Greenview,1973-07-26,1339
crmid:3008936569,dougall2004@yandex.com,Bradford,Cohen,male,773-355-9497,Owensboro,United States,06780,Illinois,819 Arellano,1938-12-20,1463
crmid:6424929883,mismeasurement2001@live.com,Moises,Lindsey,,728-107-8504,Livonia,United States,63244,Texas,730 Overlook,1983-11-24,1318
crmid:1349527762,deckie1805@yandex.com,Abraham,Short,,471-778-4633,Trussville,United States,43086,Arizona,402 Skyline,1987-07-15,2035
crmid:8434128915,bogard1984@outlook.com,Lowell,Flowers,male,308-275-7255,Bourbonnais,United States,36330,Alabama,1093 Jerome,1940-06-10,1592
crmid:5579359221,tapinceophalism2052@live.com,Son,Brewer,female,108-050-4933,Shelbyville,United States,79586,New Mexico,795 Chattanooga,1946-08-04,1157
crmid:5810806167,octopus1858@live.com,Sydney,Finch,male,523-341-5803,Bolingbrook,United States,56852,Idaho,772 Leroy,1940-09-09,458
crmid:4257784815,phrenetically1898@live.com,Dia,Acosta,female,990-600-9925,Davis,United States,16968,Oregon,202 Denslowe,1953-03-01,1069
crmid:1836608514,undeemed1908@outlook.com,Rickey,Greene,,507-633-8279,Poplar Bluff,United States,83186,New Mexico,1138 Mizpah,1965-06-22,2409
crmid:6436113809,bowwow1977@yandex.com,Emmie,Sosa,female,086-744-9776,Deerfield Beach,United States,11999,Alabama,862 El Camino Del Mar,1954-03-27,792
crmid:3389034340,sedimentary1979@gmail.com,Brett,Velasquez,,207-098-0131,Midlothian,United States,24908,Colorado,49 Koret,1990-05-16,810
crmid:4769363460,sturmian1870@yahoo.com,Stefan,Huffman,male,258-969-0730,Bend,United States,84951,Kansas,1119 Burns,1938-09-15,977
crmid:8583646384,scalded1880@yahoo.com,Colin,Wright,,750-206-6903,Prescott,United States,29093,Ohio,1060 Dunsmuir,1963-01-14,2711
crmid:8119248253,herring2011@outlook.com,Alexis,Chandler,male,778-550-6670,Carrollton,United States,81568,Texas,301 Plymouth,1944-01-06,2264
crmid:2658319909,aphotic1884@outlook.com,Davis,Pacheco,,305-041-4920,Moore,United States,62158,Wisconsin,195 Newton,1992-11-13,2291
crmid:4732656123,eyeballs1912@yandex.com,Lavern,Greene,,932-737-0501,Pleasantville,United States,68553,Washington,723 Midcrest,1965-10-05,1209
crmid:9780403617,phloxes2007@live.com,Man,Collins,male,134-374-5111,Sahuarita,United States,68938,Wyoming,633 Peralta,1998-01-31,1814
crmid:6473447104,unhinderingly2053@gmail.com,Lucio,Simmons,,509-837-3158,Pittsburg,United States,36380,Virginia,350 States,1979-01-21,868
crmid:6939072743,hydrosulphurated1909@yandex.com,Neville,Gonzales,,569-181-4054,South Burlington,United States,46814,Wyoming,299 Farnsworth,1986-11-01,885
crmid:5939813438,subcurate1867@gmail.com,Dee,Gilbert,male,822-341-4525,Beaverton,United States,16274,Kentucky,565 Exposition,1937-03-11,1643
crmid:1872566644,scalp1828@yahoo.com,Long,Whitehead,,528-282-9944,Rio Rancho,United States,73543,Utah,1264 La Salle,1971-10-18,2148
crmid:3878831317,hippophagy1947@yandex.com,Lawrence,Swanson,female,940-128-1605,Pittsburg,United States,18132,Oklahoma,410 Beale,1951-05-28,755
crmid:2222945701,aurite1979@gmail.com,Jaime,Potter,male,177-096-1032,Central Point,United States,28069,Wisconsin,506 Downey,1945-05-23,2474
crmid:3571756527,unmoderated2037@outlook.com,Edmond,Olsen,,132-969-8856,Youngstown,United States,78808,Wyoming,643 West Halleck,1986-10-02,1500
crmid:8362752429,canescent1972@gmail.com,Hollis,Moss,,806-165-8785,Gallup,United States,52760,Utah,1226 Maywood,1965-09-09,1970
crmid:8596183197,malarkeys1986@outlook.com,Will,Hernandez,,898-877-7200,San Marcos,United States,25459,Pennsylvania,1186 Pennington,1965-09-16,639
crmid:9486461572,brightly1978@yahoo.com,Keven,Roach,,157-404-9302,Haines City,United States,52873,Minnesota,216 Lippard,1969-09-25,1772
crmid:4718280496,coquet1891@live.com,Clay,Bowers,,791-713-1186,Laurel,United States,21609,Idaho,1140 Orben,1981-04-27,1598
crmid:5186568060,cryptocrystalline1958@yandex.com,German,Stokes,,049-230-1332,Newberg,United States,48481,Maryland,150 Laura,1997-07-03,912
crmid:3385280760,wasp1914@yahoo.com,Malik,Cortez,male,119-455-5301,Winona,United States,03779,Illinois,276 Bertita,1941-07-07,2624
crmid:3105000219,lavinia1854@yahoo.com,Eleonore,Mcdonald,female,550-896-7452,Dinuba,United States,13955,Delaware,912 Ada,1955-03-19,1921
crmid:9611708822,osmundaceae2062@gmail.com,Narcisa,Turner,female,622-882-0780,San Juan Capistrano,United States,68305,South Dakota,610 Battery Safford,1950-07-29,1695
crmid:1851709187,canberra2015@outlook.com,Debera,Dixon,female,439-753-1648,Donna,United States,62585,Iowa,597 Lincoln,1955-11-04,1449
crmid:6268482924,dingley1936@yandex.com,Robbie,Watson,,130-344-8801,Troy,United States,74141,Louisiana,241 Thornton,1983-07-04,2561
crmid:5959032990,chicken2040@outlook.com,Rudy,Hodges,,471-642-1207,Racine,United States,67610,Washington,855 Sterling,1965-11-04,2857
crmid:7887634785,kalimbas1920@yandex.com,Angelo,Potts,male,395-364-7230,Skokie,United States,70745,Ohio,1152 Key,1936-01-23,2598
crmid:6605485283,untangling1863@yahoo.com,Ralph,Lynch,,409-658-6504,Poway,United States,48624,Louisiana,253 Illinois,1987-05-20,867
crmid:3483868916,hoidening1855@gmail.com,Sean,Webster,,304-149-4826,Sherman,United States,64675,Washington,1045 Charles J Brenham,1986-11-17,2225
crmid:8739378757,solitude1994@outlook.com,Edgar,Le,,412-614-7902,Hilliard,United States,27559,Florida,203 Oakdale,1972-05-31,755
crmid:8626954625,absit1928@outlook.com,Bennett,Lancaster,male,931-335-1232,Wheat Ridge,United States,05562,Kentucky,314 Natick,1938-01-17,2441
crmid:9460283806,converses1926@live.com,Elroy,Richards,,213-949-1712,Norton Shores,United States,23014,Arkansas,1354 Hitchcock,1999-05-20,1306
crmid:2074018991,chinchilla1887@yandex.com,Tyrone,Carrillo,male,471-834-3460,Blue Springs,United States,51594,Virginia,969 Eve,1939-09-05,2818
crmid:7450788349,heeler2052@yahoo.com,Leif,Carrillo,male,596-005-1493,Wauwatosa,United States,03245,Connecticut,736 Aladdin,1934-06-05,2875
crmid:7819080014,carmina2062@outlook.com,Richie,Terry,,112-267-0919,Springfield,United States,30789,Wyoming,344 Texas,1972-11-03,1787
crmid:2867052494,acree1979@outlook.com,Laree,Ramos,female,435-065-1430,Euclid,United States,26572,Michigan,147 Tandang Sora,1960-05-24,919
crmid:2547802960,cancerated1854@yahoo.com,Coy,Gomez,,085-464-7869,Murrysville,United States,82471,Maryland,217 Weatherly,1994-06-08,1525
crmid:7443373881,dervish1886@gmail.com,Drew,Collins,,840-803-7120,Laramie,United States,47164,Nebraska,531 Saint Germain,1980-08-12,2531
crmid:1473291391,prohibitionary1992@live.com,Demarcus,Salazar,,557-031-6951,Leavenworth,United States,38414,Missouri,1107 Kendall,1981-06-20,951
crmid:8491381425,smackers1877@yahoo.com,Monroe,Rose,male,135-715-9795,Carrboro,United States,77344,Idaho,407 Toyon,1944-12-14,2563
crmid:6523501951,pianograph1928@gmail.com,Buffy,Zamora,female,521-267-6756,Cerritos,United States,00877,Idaho,196 Elizabeth,1946-01-01,391
crmid:8743382119,occults1946@live.com,Laurence,Hess,,045-975-6991,Torrance,United States,35383,South Dakota,1126 Kobbe,1978-06-19,401
crmid:8684794237,arles1970@yandex.com,Garry,Everett,,121-245-4093,Torrance,United States,74421,Michigan,301 Ezekiel,1993-06-14,780
crmid:6156929656,drizzly1982@yandex.com,Irwin,Burgess,,753-712-7871,Grove City,United States,79171,Delaware,1116 Montalvo,1968-12-30,598
crmid:1209455783,chancery2044@yandex.com,Willy,Garcia,male,014-893-8263,Berkeley,United States,52548,Tennessee,65 South Hill,1938-10-11,2741
crmid:3189820185,propenes1868@yahoo.com,Taylor,Moran,,791-379-7134,North Royalton,United States,37053,Florida,368 Balboa,1999-05-27,1227
crmid:2340886707,progression1923@live.com,Rickey,Fry,,425-435-1381,Moorpark,United States,13371,Florida,1130 Geneva,1993-02-17,1566
crmid:8768075191,precomparison1819@yahoo.com,Deandre,Perry,,116-610-9124,Irving,United States,92128,New Hampshire,250 Cornwall,1975-06-09,623
crmid:2232896026,slavonian1965@yahoo.com,Claude,Sloan,,979-626-9615,Paramus,United States,47006,Mississippi,664 Stanford Heights,1993-01-18,1662
crmid:5048418174,tirrivees2011@yahoo.com,Jordon,Bridges,,922-393-4459,Garden City,United States,96432,Nebraska,1281 Highland,1965-07-21,2314
crmid:6956019193,countersink2052@yandex.com,Courtney,Pollard,,465-013-6522,Rosenberg,United States,39649,Virginia,388 El Plazuela,1980-09-21,1731
crmid:3699291561,outmantle1961@yahoo.com,Christinia,Mullen,female,275-338-3284,Riverton,United States,69903,Massachusetts,441 Bernice,1959-02-21,531
crmid:8027986331,breakless1845@gmail.com,Elliot,Hammond,,457-995-9676,Rutland,United States,38057,Utah,760 Exeter,1970-12-01,2352
crmid:1956755316,sexualized1973@yahoo.com,Lizzette,Beasley,female,743-513-1899,Cleveland,United States,36937,New Jersey,770 Newton,1948-05-02,1142
crmid:7657432262,euphonism2007@gmail.com,Mikel,Baldwin,,995-963-0744,Milford,United States,35407,Montana,1205 San Jose,1990-06-30,2622
crmid:3589980576,exordia1968@outlook.com,Ignacio,Dudley,male,472-118-9077,Stow,United States,08286,Vermont,925 Mariposa,1942-11-09,1883
crmid:6289023613,capitalism1961@yandex.com,Lonnie,Alvarez,,870-731-8245,Prichard,United States,95150,Maine,511 Lusk,1975-10-03,357
crmid:2709365546,marijuanas1900@outlook.com,Delta,Miller,female,698-422-0652,Crest Hill,United States,15169,Alaska,957 Sawyer,1951-02-20,584
crmid:5710643114,containerize1897@yandex.com,Grady,Reeves,,710-830-1790,Sioux City,United States,21922,Tennessee,1019 Folsom,1962-05-05,918
crmid:1119269762,jazzing2026@yahoo.com,Jim,Holt,,308-412-4654,Palm Coast,United States,40437,Mississippi,908 Telegraph,1985-01-26,1133
crmid:6698776744,civility1906@yahoo.com,Darrick,Patterson,male,459-819-3057,Brandon,United States,13524,Pennsylvania,645 Church Parking Lot,1941-03-23,1216
crmid:9004193543,woesome1923@outlook.com,Delana,Stark,female,501-537-4642,Plum,United States,68968,New Hampshire,874 Hernandez,1961-10-31,457
crmid:1021982620,eccentrics1994@live.com,Modesto,Clemons,,340-462-6897,New Rochelle,United States,44818,New Jersey,1115 Oak Park,1996-08-10,881
crmid:1907714718,transplantar2015@gmail.com,Hyman,Murphy,,740-984-3594,Hobbs,United States,93720,Nebraska,383 Dearborn,1972-01-11,2899
crmid:5719594228,tepidity1836@yandex.com,Theodore,Juarez,male,695-042-8463,Ottawa,United States,59418,Mississippi,1280 Hemway,1934-09-16,2734
crmid:9576053006,brennand2069@yahoo.com,Brigida,Acevedo,female,919-386-8685,Wyandotte,United States,88000,Nevada,527 Fortuna,1956-01-01,1693
crmid:3516543760,vertebras1858@outlook.com,Jere,Keith,,904-895-5425,Gulfport,United States,75639,New Mexico,235 Sussex,1969-09-30,339
crmid:5855832611,nervimuscular1859@gmail.com,Abel,Mclean,,602-284-0699,Idaho Falls,United States,92152,Oregon,240 Vine,1974-05-09,774
crmid:7071348584,lardoon2040@live.com,Alonzo,Shaffer,male,664-559-6641,Azusa,United States,04466,New York,1088 Knockash,1935-01-27,1894
crmid:9411264710,arachnida1833@gmail.com,Wilbur,Mcclain,,140-920-8000,Reno,United States,69306,Oregon,69 Yukon,1970-10-03,2394
crmid:3951769428,siennas2035@yahoo.com,Erwin,Hays,,051-815-4258,Kalamazoo,United States,70182,Oregon,1346 San Carlos,1976-12-01,517
crmid:2594167938,pheasant1961@outlook.com,Frances,Reyes,male,713-459-6764,Normal,United States,16827,Hawaii,576 Lupine,1998-02-25,2523
crmid:1354726707,shove2060@yahoo.com,Miquel,Hogan,,224-857-6526,Folsom,United States,98249,Massachusetts,1043 Vermont,1962-01-26,2436
crmid:5560700826,gobio1828@live.com,Melvin,Murray,female,271-927-6372,Elizabethtown,United States,57685,South Carolina,1310 Black,1959-10-22,419
crmid:9065676272,available2017@live.com,Robbie,Ratliff,,467-523-5202,Miami,United States,52344,Washington,1246 Quint,1990-09-30,2719
crmid:5941635705,afterfuture1992@yahoo.com,Casey,Martin,,504-150-6000,Hackensack,United States,46255,Oregon,115 Vassar,1969-08-23,1658
crmid:5452770726,fagottino1804@yahoo.com,Alphonso,Chaney,,595-238-0477,Lompoc,United States,90107,Mississippi,566 Alta,1984-09-02,1452
crmid:1646821422,duck1915@live.com,Milo,Rosario,male,040-220-5737,Altamonte Springs,United States,48723,Tennessee,555 Bitting,1931-07-25,2017
crmid:6328333173,tuner2027@outlook.com,Ronald,Pate,,114-969-8810,Harrison,United States,25149,South Carolina,910 Cortes,1970-04-28,644
crmid:2464443072,osmundaceae1843@live.com,Samuel,Walls,female,351-904-8976,Novi,United States,19877,Louisiana,683 Palou,1947-08-30,1432
crmid:2155846041,micromastictora1894@yahoo.com,Darwin,Snow,male,498-649-1206,San Antonio,United States,11749,New Hampshire,1018 Monticello,1943-03-27,634
crmid:1778010946,unfavourably1904@outlook.com,Von,Valenzuela,male,535-998-8765,Baton Rouge,United States,69859,Indiana,327 Torney,1936-11-29,1718
crmid:9833716108,chieftain1984@live.com,Perry,Huber,male,551-038-0442,Boulder,United States,47040,Nebraska,220 Fairfax,1940-08-15,2630
crmid:8727337104,caslon1919@yahoo.com,Brock,Quinn,,986-492-4321,Keller,United States,76302,Oregon,340 Harris,1977-12-02,1267
crmid:1527635979,boondoggling2024@outlook.com,Roosevelt,Donaldson,,561-023-8546,Newark,United States,62762,Ohio,355 Rio Verde,1997-10-16,1890
crmid:9238392503,berycomorphi2049@yahoo.com,Doug,Barrett,male,480-195-1424,Blaine,United States,12272,Louisiana,476 Bromley,1939-03-02,970
crmid:5964090465,able2025@outlook.com,Bobette,Noel,female,480-891-8185,Tamarac,United States,99097,Oklahoma,903 Dorchester,1956-01-22,1787
