id,crmid,propensity_room_upgrade,propensity_extended_nights
e5f6648a-53c8-11ea-9008-b88a60e194fb,crmid:2078361133,3,6
e5f74ef4-53c8-11ea-9b5f-b88a60e194fb,crmid:3689630584,3,3
e5f86064-53c8-11ea-9b0f-b88a60e194fb,crmid:4679555406,3,3
e5f9239e-53c8-11ea-87ba-b88a60e194fb,crmid:4571402110,7,4
e5fa3618-53c8-11ea-b334-b88a60e194fb,crmid:9110551822,4,5
e5fb1f80-53c8-11ea-93d5-b88a60e194fb,crmid:8149148722,4,4
e5fbe2d0-53c8-11ea-9ecd-b88a60e194fb,crmid:3332040651,4,4
e5fca61e-53c8-11ea-8392-b88a60e194fb,crmid:9145325226,4,3
e5fd6968-53c8-11ea-b6a7-b88a60e194fb,crmid:9436307563,5,3
e5fe2cb8-53c8-11ea-b058-b88a60e194fb,crmid:1187081645,3,5
e5fef00c-53c8-11ea-95ad-b88a60e194fb,crmid:4175185148,5,5
e5ffda6c-53c8-11ea-8db9-b88a60e194fb,crmid:3057652942,5,4
e601881a-53c8-11ea-96d5-b88a60e194fb,crmid:7485758124,5,2
e602c1de-53c8-11ea-af18-b88a60e194fb,crmid:5365203637,4,5
e603ab06-53c8-11ea-be3f-b88a60e194fb,crmid:8483566429,5,4
e6046e52-53c8-11ea-9f9d-b88a60e194fb,crmid:8281909049,4,5
e605ce06-53c8-11ea-a00e-b88a60e194fb,crmid:1974761391,6,5
e606b986-53c8-11ea-85f1-b88a60e194fb,crmid:9569306817,9,4
e6077cd0-53c8-11ea-a5fc-b88a60e194fb,crmid:8075959460,5,3
e6084042-53c8-11ea-b90b-b88a60e194fb,crmid:9030977406,3,3
e60903da-53c8-11ea-9430-b88a60e194fb,crmid:7080563711,4,4
e60a61b8-53c8-11ea-ba7a-b88a60e194fb,crmid:4574062873,5,6
e60b7330-53c8-11ea-99bb-b88a60e194fb,crmid:1973270732,3,4
e60f6bae-53c8-11ea-a0b4-b88a60e194fb,crmid:5099204502,10,4
e610a4b4-53c8-11ea-a861-b88a60e194fb,crmid:9029557588,1,4
e611dbee-53c8-11ea-a8e9-b88a60e194fb,crmid:6415896708,9,3
e613144a-53c8-11ea-b002-b88a60e194fb,crmid:5841278791,8,5
e61425ba-53c8-11ea-9c75-b88a60e194fb,crmid:3675105415,5,3
e6158540-53c8-11ea-b632-b88a60e194fb,crmid:1251789167,3,4
e6170c5e-53c8-11ea-9d46-b88a60e194fb,crmid:4605687673,3,4
e618932e-53c8-11ea-88c0-b88a60e194fb,crmid:2736174949,3,5
e619cb18-53c8-11ea-ba5d-b88a60e194fb,crmid:1148465073,4,4
e61a8e5c-53c8-11ea-b244-b88a60e194fb,crmid:3652177238,4,4
e61bc6e4-53c8-11ea-9d0a-b88a60e194fb,crmid:4335694854,8,4
e61cd858-53c8-11ea-aa23-b88a60e194fb,crmid:3671516920,3,2
e61dc2c8-53c8-11ea-bddf-b88a60e194fb,crmid:2913257981,3,3
e61e860c-53c8-11ea-aef2-b88a60e194fb,crmid:6929400378,6,4
e61f9774-53c8-11ea-9ec3-b88a60e194fb,crmid:8292468863,5,5
e62081d0-53c8-11ea-a6f0-b88a60e194fb,crmid:9076446256,5,4
e6216cb6-53c8-11ea-ac0e-b88a60e194fb,crmid:3014730973,3,5
e622569c-53c8-11ea-81f8-b88a60e194fb,crmid:2772460296,5,4
e62340f4-53c8-11ea-a607-b88a60e194fb,crmid:1087738940,6,5
e624525c-53c8-11ea-930c-b88a60e194fb,crmid:7569709901,4,8
e6253cc0-53c8-11ea-b6d2-b88a60e194fb,crmid:2465322797,3,5
e6267552-53c8-11ea-8249-b88a60e194fb,crmid:4772869795,4,5
e627602c-53c8-11ea-9d9a-b88a60e194fb,crmid:2027423583,5,4
e62849fa-53c8-11ea-ad35-b88a60e194fb,crmid:4947441713,4,4
e6295bd4-53c8-11ea-9f56-b88a60e194fb,crmid:1679419894,9,3
e62a45d0-53c8-11ea-b9a0-b88a60e194fb,crmid:4892840095,5,6
e62c1b1c-53c8-11ea-9a78-b88a60e194fb,crmid:1364134485,4,4
e62d7a28-53c8-11ea-8494-b88a60e194fb,crmid:3891050530,5,5
e62e6482-53c8-11ea-8a08-b88a60e194fb,crmid:9178257215,6,2
e62f27ca-53c8-11ea-b094-b88a60e194fb,crmid:4017783087,3,4
e6301234-53c8-11ea-969a-b88a60e194fb,crmid:2056523772,4,7
e630fc9a-53c8-11ea-acf8-b88a60e194fb,crmid:9945047515,4,4
e631e6ee-53c8-11ea-abc0-b88a60e194fb,crmid:2948749359,3,4
e632aa30-53c8-11ea-bea6-b88a60e194fb,crmid:1183691913,4,7
e6339494-53c8-11ea-8c92-b88a60e194fb,crmid:6861717154,4,5
e63457e4-53c8-11ea-8c8a-b88a60e194fb,crmid:6095400522,3,4
e6351b38-53c8-11ea-9ad2-b88a60e194fb,crmid:6526562705,5,4
e6360592-53c8-11ea-989a-b88a60e194fb,crmid:5702654979,3,4
e636c8e2-53c8-11ea-b2cd-b88a60e194fb,crmid:2290695827,6,3
e6376522-53c8-11ea-b3f3-b88a60e194fb,crmid:9915107760,5,4
e6384f80-53c8-11ea-8c16-b88a60e194fb,crmid:4506070928,6,4
e63912d0-53c8-11ea-9c44-b88a60e194fb,crmid:3142539885,4,5
e63a2440-53c8-11ea-8884-b88a60e194fb,crmid:8704891703,5,4
e63b0edb-53c8-11ea-be40-b88a60e194fb,crmid:2235178543,3,4
e63bd35c-53c8-11ea-9642-b88a60e194fb,crmid:9410270152,5,5
e63cbdcc-53c8-11ea-ac26-b88a60e194fb,crmid:7397436736,5,5
e63da826-53c8-11ea-a598-b88a60e194fb,crmid:7153391321,4,4
e63e929e-53c8-11ea-a895-b88a60e194fb,crmid:5045441160,3,4
e63f55d0-53c8-11ea-8562-b88a60e194fb,crmid:3505068066,8,4
e6403eec-53c8-11ea-b85b-b88a60e194fb,crmid:7877503364,7,2
e6412a92-53c8-11ea-a980-b88a60e194fb,crmid:5160131805,5,5
e641edf4-53c8-11ea-a05f-b88a60e194fb,crmid:8400260684,3,5
e6430065-53c8-11ea-a5b5-b88a60e194fb,crmid:1525544399,5,5
e643e9b0-53c8-11ea-a289-b88a60e194fb,crmid:8382865620,8,4
e644ad0a-53c8-11ea-a1e9-b88a60e194fb,crmid:3859238531,6,5
e64570a8-53c8-11ea-8d27-b88a60e194fb,crmid:3414196842,4,3
e64659c6-53c8-11ea-8e60-b88a60e194fb,crmid:8600403376,4,3
e6471e54-53c8-11ea-b94b-b88a60e194fb,crmid:2754496396,8,5
e647e136-53c8-11ea-b610-b88a60e194fb,crmid:1159057276,2,9
e648a4a6-53c8-11ea-8161-b88a60e194fb,crmid:4050688585,4,7
e64967ec-53c8-11ea-a67a-b88a60e194fb,crmid:6225723361,4,6
e64a2b3a-53c8-11ea-b630-b88a60e194fb,crmid:6817489043,8,3
e64aed78-53c8-11ea-8158-b88a60e194fb,crmid:2612200476,5,5
e64bff9c-53c8-11ea-9092-b88a60e194fb,crmid:8315079729,4,5
e64d1040-53c8-11ea-b348-b88a60e194fb,crmid:5307381214,3,4
e64dadae-53c8-11ea-9f5c-b88a60e194fb,crmid:6009208746,3,7
e64e710a-53c8-11ea-93b4-b88a60e194fb,crmid:3366377519,3,4
e64f3434-53c8-11ea-88cd-b88a60e194fb,crmid:3459535910,6,4
e6501ea6-53c8-11ea-aa4f-b88a60e194fb,crmid:5447842244,4,4
e650e200-53c8-11ea-ab52-b88a60e194fb,crmid:8991395213,4,4
e651cc5a-53c8-11ea-9e6d-b88a60e194fb,crmid:6037269492,5,4
e652b6c6-53c8-11ea-ba25-b88a60e194fb,crmid:8499272111,2,4
e6537a0a-53c8-11ea-8643-b88a60e194fb,crmid:5585186482,6,4
e6546480-53c8-11ea-8781-b88a60e194fb,crmid:3328267424,4,7
e65527ca-53c8-11ea-9d5f-b88a60e194fb,crmid:2041386820,3,5
e6563808-53c8-11ea-8764-b88a60e194fb,crmid:6125965993,5,5
e656fc7a-53c8-11ea-81c1-b88a60e194fb,crmid:6761361313,8,5
e657bfc8-53c8-11ea-8063-b88a60e194fb,crmid:6949370471,4,3
e65882dc-53c8-11ea-a6e0-b88a60e194fb,crmid:6230355642,4,4
e6594630-53c8-11ea-a97b-b88a60e194fb,crmid:2055582229,4,2
e65a0994-53c8-11ea-b139-b88a60e194fb,crmid:1643348229,3,6
e65af3e6-53c8-11ea-8d2d-b88a60e194fb,crmid:5389784840,4,3
e65bb792-53c8-11ea-a2f4-b88a60e194fb,crmid:9484955293,3,4
e65c7afa-53c8-11ea-909f-b88a60e194fb,crmid:3061549823,5,5
e65d8b2e-53c8-11ea-8c6e-b88a60e194fb,crmid:2337736934,5,1
e65e9dcc-53c8-11ea-846d-b88a60e194fb,crmid:5522499499,4,5
e65f5f9e-53c8-11ea-985a-b88a60e194fb,crmid:9921766185,4,9
e6602448-53c8-11ea-ab66-b88a60e194fb,crmid:6188402315,4,5
e660e790-53c8-11ea-9b11-b88a60e194fb,crmid:4023847238,5,4
e661aaf6-53c8-11ea-ab72-b88a60e194fb,crmid:4930962784,9,6
e6626e58-53c8-11ea-824e-b88a60e194fb,crmid:4643521113,3,5
e6635890-53c8-11ea-8084-b88a60e194fb,crmid:6792680676,2,5
e6641bf4-53c8-11ea-a196-b88a60e194fb,crmid:5526693225,4,5
e665063a-53c8-11ea-8842-b88a60e194fb,crmid:7993573472,7,5
e66617ae-53c8-11ea-bae9-b88a60e194fb,crmid:9272989183,3,4
e666db00-53c8-11ea-a874-b88a60e194fb,crmid:9547826526,4,4
e667c3e8-53c8-11ea-99c1-b88a60e194fb,crmid:8135718204,7,4
e66888a8-53c8-11ea-9049-b88a60e194fb,crmid:4887451107,5,4
e6697311-53c8-11ea-928f-b88a60e194fb,crmid:6928351817,3,4
e66a3668-53c8-11ea-bfb7-b88a60e194fb,crmid:9379427542,6,5
e66af9ac-53c8-11ea-a2d0-b88a60e194fb,crmid:5615083154,8,4
e66b95fa-53c8-11ea-8ca2-b88a60e194fb,crmid:9925303898,4,4
e66c7f6e-53c8-11ea-bd00-b88a60e194fb,crmid:6850853127,3,5
e66d6ab0-53c8-11ea-8133-b88a60e194fb,crmid:8916330511,3,4
e66e2e07-53c8-11ea-b7ee-b88a60e194fb,crmid:2007964452,2,6
e66f3f7e-53c8-11ea-aa5f-b88a60e194fb,crmid:9024881075,4,5
e67002cc-53c8-11ea-884a-b88a60e194fb,crmid:4508462296,5,4
e670ed22-53c8-11ea-9843-b88a60e194fb,crmid:4090470204,4,4
e671b094-53c8-11ea-b49a-b88a60e194fb,crmid:8382035951,5,5
e6729acc-53c8-11ea-84c5-b88a60e194fb,crmid:2851363528,8,5
e6735e24-53c8-11ea-833e-b88a60e194fb,crmid:2828414415,4,5
e674201c-53c8-11ea-b6f5-b88a60e194fb,crmid:6009642497,3,3
e674e4c8-53c8-11ea-94b8-b88a60e194fb,crmid:3246667954,3,3
e675cdb0-53c8-11ea-9c28-b88a60e194fb,crmid:7503750783,4,8
e676928c-53c8-11ea-8e0d-b88a60e194fb,crmid:5085949852,3,10
e67755c8-53c8-11ea-9d10-b88a60e194fb,crmid:2649206024,3,6
e6790212-53c8-11ea-b2a4-b88a60e194fb,crmid:7640352056,8,5
e67a3a94-53c8-11ea-b0cf-b88a60e194fb,crmid:4902477533,2,4
e67b4e1a-53c8-11ea-9bac-b88a60e194fb,crmid:2817595419,2,5
e67c37d2-53c8-11ea-90e2-b88a60e194fb,crmid:8045244096,3,8
e67d221e-53c8-11ea-93d9-b88a60e194fb,crmid:8444375341,8,5
e67de592-53c8-11ea-ba44-b88a60e194fb,crmid:1949666089,3,3
e67ea8c0-53c8-11ea-9dd1-b88a60e194fb,crmid:8676725568,3,3
e67f44f6-53c8-11ea-88cb-b88a60e194fb,crmid:1800072275,7,3
e6802f92-53c8-11ea-987f-b88a60e194fb,crmid:7378407007,4,4
e680f2b0-53c8-11ea-9e42-b88a60e194fb,crmid:2807622316,4,3
e683fe8a-53c8-11ea-a342-b88a60e194fb,crmid:6436821407,4,6
e684c340-53c8-11ea-87f8-b88a60e194fb,crmid:7878696656,5,3
e685ada8-53c8-11ea-9994-b88a60e194fb,crmid:7695256309,5,5
e686bf3a-53c8-11ea-9e55-b88a60e194fb,crmid:4538861761,4,4
e687d086-53c8-11ea-b6f4-b88a60e194fb,crmid:2442112784,2,3
e688bafa-53c8-11ea-948f-b88a60e194fb,crmid:2706543917,4,4
e68a1a2e-53c8-11ea-bde8-b88a60e194fb,crmid:2377995181,4,5
e68b78a8-53c8-11ea-9588-b88a60e194fb,crmid:2845476638,4,4
e68c645e-53c8-11ea-a53b-b88a60e194fb,crmid:2109808907,5,3
e68d4ed0-53c8-11ea-ab5b-b88a60e194fb,crmid:2285452534,5,7
e68e391c-53c8-11ea-9975-b88a60e194fb,crmid:2936738866,3,7
e68f98b4-53c8-11ea-883c-b88a60e194fb,crmid:5212836677,3,4
e6908312-53c8-11ea-b170-b88a60e194fb,crmid:8685298732,4,8
e6916d8a-53c8-11ea-abbc-b88a60e194fb,crmid:7128239642,4,3
e6927db6-53c8-11ea-bfd2-b88a60e194fb,crmid:8724938924,5,2
e6939064-53c8-11ea-86fe-b88a60e194fb,crmid:5159990851,3,3
e694a1d2-53c8-11ea-8b59-b88a60e194fb,crmid:2633853353,3,6
e6956512-53c8-11ea-872b-b88a60e194fb,crmid:5969323323,4,6
e6964f92-53c8-11ea-93ca-b88a60e194fb,crmid:2744358611,4,4
e69760f4-53c8-11ea-99aa-b88a60e194fb,crmid:7339329563,10,3
e698726e-53c8-11ea-8212-b88a60e194fb,crmid:1289812724,3,4
e69983d8-53c8-11ea-962b-b88a60e194fb,crmid:4465267323,5,4
e69a954c-53c8-11ea-a610-b88a60e194fb,crmid:6956963984,2,3
e69bf358-53c8-11ea-a8cc-b88a60e194fb,crmid:3353880131,4,4
e69da118-53c8-11ea-b27e-b88a60e194fb,crmid:1809409180,5,6
e69f00b4-53c8-11ea-8c73-b88a60e194fb,crmid:5435530583,4,5
e6a0616c-53c8-11ea-ba34-b88a60e194fb,crmid:5003066035,5,4
e6a199e4-53c8-11ea-988e-b88a60e194fb,crmid:2593825637,3,4
e6a2f848-53c8-11ea-ad0e-b88a60e194fb,crmid:6896104184,4,4
e6a4a5f6-53c8-11ea-8ccc-b88a60e194fb,crmid:6899422599,3,9
e6a60574-53c8-11ea-86a6-b88a60e194fb,crmid:2207311014,5,5
e6a78c1e-53c8-11ea-af87-b88a60e194fb,crmid:5485244937,5,5
e6a8ece4-53c8-11ea-b1d1-b88a60e194fb,crmid:4508908611,6,3
e6aa4bde-53c8-11ea-8bb6-b88a60e194fb,crmid:3248012937,5,2
e6abaad8-53c8-11ea-8989-b88a60e194fb,crmid:1477789688,4,8
e6ace346-53c8-11ea-bf81-b88a60e194fb,crmid:5810799161,3,4
e6ae1bd2-53c8-11ea-9b3b-b88a60e194fb,crmid:4837222632,4,4
e6af2d40-53c8-11ea-847c-b88a60e194fb,crmid:9603906806,4,5
e6b065c8-53c8-11ea-aeee-b88a60e194fb,crmid:4077683652,4,5
e6b19ec0-53c8-11ea-a80d-b88a60e194fb,crmid:3239791213,5,5
e6b2d6ae-53c8-11ea-ae28-b88a60e194fb,crmid:7129725222,5,4
e6b40fd0-53c8-11ea-9b67-b88a60e194fb,crmid:3857221687,3,1
e6b56ed2-53c8-11ea-b241-b88a60e194fb,crmid:3687387579,4,5
e6b6804a-53c8-11ea-9b4f-b88a60e194fb,crmid:2272686962,4,4
e6b791b4-53c8-11ea-bc3a-b88a60e194fb,crmid:2556647616,7,4
e6b8a364-53c8-11ea-aa15-b88a60e194fb,crmid:7219250412,4,3
e6b9db9a-53c8-11ea-be2a-b88a60e194fb,crmid:3605192444,4,5
e6baed02-53c8-11ea-a8bb-b88a60e194fb,crmid:7200290748,6,4
e6bbd77a-53c8-11ea-aa38-b88a60e194fb,crmid:8569543998,9,4
e6bce8e6-53c8-11ea-b714-b88a60e194fb,crmid:6052291045,6,3
e6bdd34a-53c8-11ea-84b1-b88a60e194fb,crmid:9394060684,8,5
