crmid,email,first_name,last_name,gender,mobile_telephone,city,country,zip,state,street_address,birthday,creditrating
crmid:1120847627,coregonus2062@yahoo.com,Antonio,Cole,,525-663-9820,Marshalltown,United States,48138,South Dakota,396 Thorne,1987-08-06,2138
crmid:3789531911,escalus1924@outlook.com,Waylon,Savage,,629-629-4107,Glendale Heights,United States,20593,Pennsylvania,750 Hoff,1966-04-22,844
crmid:3403396712,chegre1994@yahoo.com,Wesley,Brock,male,251-706-1198,Rio Rancho,United States,06814,South Dakota,1219 Irwin,1940-12-22,2511
crmid:1799192908,smidgin1858@gmail.com,Merrill,Carroll,,388-486-1096,Manchester,United States,04161,Alabama,993 Kimball,1986-01-06,2140
crmid:6083334290,canuck1819@yandex.com,Katelynn,Solis,female,559-614-6399,Rogers,United States,22146,Arizona,207 Striped Bass,1957-05-27,1500
crmid:2486367687,defrance2045@yahoo.com,Arnoldo,Hahn,,220-195-3084,Fort Dodge,United States,53632,Rhode Island,662 Sherman,1963-10-14,720
crmid:8009803004,esclavage1854@live.com,Barney,Hyde,male,850-380-1469,Strongsville,United States,50459,Louisiana,71 Todd,1932-01-15,1495
crmid:1555509960,converse2033@outlook.com,Arnulfo,Lynn,male,944-407-3691,Barstow,United States,05494,New York,858 San Ramon,1936-01-18,1809
crmid:4756582480,chocolatey2007@yahoo.com,Warner,Foley,,795-095-8772,Kenmore,United States,10685,Maine,829 Palou,1977-03-06,1964
crmid:3206274734,unrecorded1883@gmail.com,Lynelle,Vinson,female,605-404-2324,Salina,United States,19067,Ohio,412 Alert,1950-06-30,1015
crmid:3131843555,sevennight1810@live.com,Kristopher,Fuentes,male,646-987-7264,Tampa,United States,63306,New Jersey,1027 Stoneridge,1945-06-10,1992
crmid:3143416434,iguana2029@gmail.com,Grant,Odom,,621-156-5946,Lubbock,United States,86622,Connecticut,920 Williar,1985-11-21,780
crmid:8046745345,nordenfelt2002@gmail.com,Hans,Crawford,,043-304-6938,Grants Pass,United States,10820,Montana,490 Camp,1967-03-23,611
crmid:8945500273,volleyed1899@outlook.com,Harrison,Kidd,male,029-342-3453,Bell Gardens,United States,25102,Tennessee,970 Maple,1937-04-16,910
crmid:5101860744,gambol1814@live.com,Bryon,Lynch,,815-476-8043,Matteson,United States,52008,Maryland,1020 Avenue D,1988-09-26,2043
crmid:4879906140,puma2045@yandex.com,Jacquelynn,Dean,female,133-468-3523,Eureka,United States,22018,Hawaii,843 Niantic,1960-04-08,2402
crmid:9917834089,unbesmeared1935@gmail.com,Reyes,Crane,,793-212-2573,Norfolk,United States,61040,Kentucky,1170 Manseau,1998-11-13,2703
crmid:9246208812,acrook2043@outlook.com,Dino,Wiggins,,186-624-4148,Mission Viejo,United States,58794,Georgia,183 Trader Vic,1991-10-21,1355
crmid:2547852366,lithoclase1903@yahoo.com,Joslyn,Hayes,female,732-395-2840,Evanston,United States,93609,Louisiana,691 Garden,1960-04-13,2661
crmid:2775946695,prosobranch1813@gmail.com,Agustin,Craig,male,055-245-0437,Scottsdale,United States,60223,Rhode Island,1068 Sal,1942-01-07,494
crmid:2365905137,cottontail2062@yahoo.com,Ryan,Small,male,480-472-0463,Cabot,United States,56692,California,63 Elgin,1943-09-27,1770
crmid:1037574585,unsacrificial1890@yandex.com,Tyson,Marks,,497-348-6757,Sumter,United States,38945,Idaho,363 Powhattan,1979-09-28,1437
crmid:2499905945,thrilling2032@outlook.com,Jackson,Goodwin,,265-019-7021,Muskegon,United States,93163,Vermont,774 Saddleback,1994-12-11,1008
crmid:7805222514,aspire1978@outlook.com,Andre,Larson,male,049-614-3089,Pottstown,United States,05430,Nevada,43 Dove,1940-01-17,2011
crmid:1383719778,miffs2047@yahoo.com,Bernardina,Cortez,female,890-121-2403,Del City,United States,02489,California,905 Encline,1954-01-07,1360
crmid:5796498218,calinda1835@yandex.com,Roger,Ford,,965-979-9531,West Haven,United States,44709,Maine,415 Esquina,1982-08-28,344
crmid:6056090399,anasa1959@yahoo.com,Yelena,Leblanc,female,379-260-8449,Sugar Land,United States,15256,Maryland,685 Mandalay,1948-09-17,2604
crmid:7943472742,periostosis2009@outlook.com,Chance,Greene,,387-518-0969,Muncie,United States,98471,Minnesota,1200 Inca,1994-08-09,434
crmid:8169182423,euda2020@yahoo.com,Max,Meadows,male,023-828-3758,Texas City,United States,07559,Nevada,122 Dorantes,1931-07-20,1611
crmid:5345582155,atop1986@gmail.com,Harry,Houston,,620-347-1085,Moraga,United States,14415,Alaska,600 Wilder,1993-02-09,2377
crmid:6437305305,coatimundi1908@yandex.com,Morton,Lindsey,,493-191-0286,Havelock,United States,27512,New Hampshire,676 Blairwood,1970-05-01,977
crmid:1633861221,reelect1808@live.com,Noel,Morales,male,443-768-6300,Baltimore,United States,69481,Delaware,707 Sacramento,1935-11-14,2823
crmid:4233690086,legmen2022@outlook.com,Jeremiah,Landry,male,381-314-0765,Scottsdale,United States,07546,West Virginia,787 Reuel,1938-12-10,2788
crmid:1093096324,brusque2047@outlook.com,Bernie,Murphy,,579-123-7258,Lowell,United States,45084,New Mexico,1209 Marengo,1984-08-08,1459
crmid:2151596960,fingerlings1878@outlook.com,Cordie,Guzman,female,485-949-7069,Converse,United States,05194,Idaho,112 Valdez,1950-02-12,1899
crmid:6316037226,us1944@outlook.com,Hyo,Sanford,female,001-751-4576,Port Arthur,United States,56262,California,398 Ames,1999-09-22,1255
crmid:2615295539,asarin1830@outlook.com,Renato,Morrow,,899-639-4657,Greer,United States,29986,Arkansas,581 Boalt,1968-05-31,2196
crmid:6645421076,holocryptic2068@yahoo.com,Tarra,Thompson,female,382-154-4203,O'Fallon,United States,18726,Minnesota,402 Hoff,1953-08-29,2123
crmid:7874637382,benjamite2029@yahoo.com,Marth,Benson,female,007-993-7914,Elmwood Park,United States,80780,Alabama,262 Ottawa,1959-06-02,1417
crmid:9444560559,abashed2037@yandex.com,Tonita,Merrill,female,374-703-8635,Evanston,United States,51740,Virginia,249 Santa Cruz,1960-09-20,2299
crmid:9763755749,griffin1977@live.com,Sharyl,Nicholson,female,454-968-6330,Cottonwood Heights,United States,48246,Massachusetts,62 Sibley,1951-08-21,1949
crmid:6073991152,ceramics1927@gmail.com,Nicholle,Banks,female,456-955-7631,Weatherford,United States,13083,Oregon,1033 Bonita,1952-07-02,680
crmid:4034050813,neurocity1966@live.com,Cecil,Benson,male,202-635-4295,Bentonville,United States,90763,Wisconsin,751 Manseau,1938-02-02,2021
crmid:8833170119,submanic1928@yahoo.com,Eldon,Bond,,239-025-8414,Lindenwold,United States,25097,South Carolina,610 Julian,1983-04-01,1118
crmid:3046350289,repressionary1935@yandex.com,Theo,Patrick,,635-076-7301,Wheeling,United States,46636,Nebraska,1084 Jakey,1983-12-07,2875
crmid:3120019449,dight1922@yandex.com,Jackson,Livingston,,872-842-5642,Frisco,United States,89021,Rhode Island,122 Helena,1964-06-02,1036
crmid:1979259222,boodie2045@live.com,Dewitt,Wooten,,726-100-3728,San Fernando,United States,34779,New York,981 Mansfield,1971-07-26,1648
crmid:5015796767,dunker1879@yahoo.com,Sidney,Powers,male,693-862-6338,Belmont,United States,97648,Kentucky,965 Lincoln,1937-09-24,1564
crmid:9576289800,fumarases1930@yahoo.com,Adolfo,Sweet,,783-010-7181,New Lenox,United States,41022,Oklahoma,806 Middlefield,1996-08-11,451
crmid:7213709376,anisotropic2023@gmail.com,August,Hopkins,,672-596-9632,SeaTac,United States,39364,Indiana,1247 Rico,1977-01-31,1789
crmid:5581739165,lazying2003@outlook.com,Carey,Keller,,380-354-3590,Hollywood,United States,14706,South Dakota,434 Park,1972-04-06,1128
crmid:5460315727,teenage1957@yahoo.com,Harley,Chambers,,163-283-2636,Lorain,United States,28771,Utah,1171 Lockwood,1984-04-18,406
crmid:1620052033,milliard1996@yahoo.com,Robin,Albert,,422-036-0042,Raytown,United States,25104,Missouri,876 Lassen,1967-04-18,1335
crmid:3283418679,boar1882@live.com,Doug,Jordan,male,095-996-6298,Balch Springs,United States,14753,Pennsylvania,611 Valparaiso,1935-03-16,1869
crmid:2941793871,benares1925@yahoo.com,Leonard,Coffey,male,593-503-0040,Palisades Park,United States,01383,Maryland,1400 Ora,1942-06-06,806
crmid:9750268524,acephalous1980@live.com,Thomas,Richards,,145-123-7640,San Pablo,United States,81847,Montana,968 Mississippi,1978-03-22,2686
crmid:7404311617,creatine1868@live.com,Lenna,West,female,947-420-6880,Chino Hills,United States,39971,West Virginia,1159 Rickard,1947-05-30,1965
crmid:5831062658,bastion1983@live.com,Ignacio,Diaz,,423-262-7522,Loveland,United States,70249,Idaho,510 Sternberg,1984-07-01,777
crmid:4931506845,sparkplugging1831@outlook.com,Wade,Roy,male,162-783-9871,Bettendorf,United States,77465,Connecticut,1138 Joice,1938-10-26,2773
crmid:3541590069,bethel1982@yahoo.com,Myrl,Cochran,female,623-157-9977,Elizabeth City,United States,71486,Louisiana,49 Mcnair,1959-07-06,726
crmid:8542694723,ravish1844@live.com,Cesar,Alvarez,,720-682-2370,La Verne,United States,99190,Utah,1399 Rey,1979-02-22,1953
crmid:8295038693,gunkholed2068@outlook.com,Mignon,Dotson,female,114-042-8257,Commerce City,United States,39651,Florida,1008 La Avanzada,1949-06-08,2033
crmid:7001416014,haycart1837@gmail.com,Jetta,Villarreal,female,154-496-6224,Detroit,United States,20015,Nebraska,1250 Shephard,1954-04-30,2200
crmid:4991668543,cheetham1804@yandex.com,Diego,Forbes,,612-116-5912,Milledgeville,United States,82797,Missouri,600 Dolores,1991-04-25,1018
crmid:9314396883,slavonian2053@yahoo.com,Quinn,Boyd,male,214-834-1251,Passaic,United States,00465,New Mexico,1130 Rae,1935-08-03,1253
crmid:8487365593,piranha1908@outlook.com,Merissa,Hester,female,190-090-2654,Creve Coeur,United States,63577,Nebraska,1073 Cooper,1951-11-28,2353
crmid:4681218975,enravishes1805@outlook.com,Lazaro,Slater,,279-410-8190,Independence,United States,23883,California,886 Houston,1974-04-25,1471
crmid:6079906464,bajau1866@gmail.com,Brain,Harding,,704-496-2686,Lombard,United States,93008,Georgia,811 Crossover,1984-04-12,1801
crmid:8216831253,dairyman2026@gmail.com,Josh,Riddle,male,519-123-4414,Newberg,United States,80790,Massachusetts,1063 Tulane,1997-01-11,565
crmid:5809728001,oversured1803@gmail.com,Shay,Mcmahon,female,007-226-5253,Watauga,United States,15100,Arizona,1177 Alana,1947-08-19,1955
crmid:6527467686,adminstration1878@live.com,Courtney,Goodwin,male,459-749-2362,Alabaster,United States,63414,Oregon,825 Sonora,1930-12-04,763
crmid:5125483141,countersink1956@live.com,Ricardo,Weeks,,862-386-1158,Gulfport,United States,82598,New Hampshire,625 Flora,1969-10-08,1202
crmid:2085302265,alten1853@yahoo.com,Erasmo,Diaz,male,345-354-1733,Anacortes,United States,13514,Arkansas,692 Fillmore,1932-04-08,812
crmid:6198802644,wren2041@outlook.com,Norberto,Fuller,,191-347-3012,Marshall,United States,53197,Nevada,1052 Los Palmos,1987-09-12,2837
crmid:1075564071,delly1957@outlook.com,Conrad,Mccoy,,061-058-3603,Fond du Lac,United States,03547,Maryland,168 Le Conte,1962-01-02,2473
crmid:7903996135,dingdonging1869@gmail.com,Burt,Cain,,213-747-6406,Trotwood,United States,57500,Florida,515 Anzavista,1968-05-18,460
crmid:6504180305,amber2029@yandex.com,Bronwyn,Bishop,female,670-782-7201,Crystal,United States,00046,Wyoming,17 Parker,1952-01-03,2381
crmid:8668042917,chemosynthesis1981@gmail.com,Doug,Levy,male,333-620-6290,Tracy,United States,05895,Missouri,1310 Northern,1940-03-17,2186
crmid:4345027771,kinglet2025@gmail.com,Earnest,Mooney,male,924-667-8200,Camas,United States,96290,Delaware,394 Homer,1943-03-20,2033
crmid:9318902619,mutawalli1996@gmail.com,Yulanda,Cherry,female,532-111-9579,Vancouver,United States,15035,Montana,463 Mansell,1948-09-06,2357
crmid:4592798119,intendancies2070@yandex.com,Bernardo,Thornton,male,151-725-1133,Brea,United States,01981,Minnesota,847 Van Keuren,1941-01-29,1321
crmid:3193820108,trijets1994@yahoo.com,Lazaro,Fischer,,899-913-4637,Imperial Beach,United States,00227,Florida,171 Chesley,1974-01-08,1312
crmid:4023927638,brose1958@outlook.com,Santiago,Lott,,996-226-3230,Hammond,United States,28557,Arkansas,1383 Fairmount,1969-04-15,2117
crmid:8173447817,popularise1819@live.com,Hannelore,Moore,female,077-844-0540,El Monte,United States,79696,Maine,94 Christmas Tree Point,1958-12-07,1423
crmid:4716211939,algerine1886@live.com,Gino,James,male,566-635-6100,Batavia,United States,26814,Iowa,729 Henry Adams,1936-04-15,719
crmid:9683294528,snuffliness1814@yahoo.com,Man,Walton,,344-985-1925,Lake Jackson,United States,51330,Michigan,823 Fallon,1980-09-02,2500
crmid:4981446274,butterfly2042@yahoo.com,Kiyoko,Lang,female,264-363-9095,Clovis,United States,23426,New Mexico,124 Lincoln,1948-05-17,1101
crmid:7620137853,dunder1917@yahoo.com,Jonathan,Goodman,male,954-225-6259,Stevens Point,United States,13089,Oklahoma,963 Lobos,1945-06-12,2158
crmid:7347017965,barse2045@yahoo.com,Barrett,Mcleod,,907-100-8161,White Bear Lake,United States,83280,Mississippi,982 Cameo,1999-06-10,2789
crmid:4485905895,limbate1890@yahoo.com,Maxwell,Moreno,,820-010-6672,Greeley,United States,39327,Iowa,559 Silliman,1968-06-12,1779
crmid:9117250282,correy1831@gmail.com,Felipe,Barnes,,438-070-7496,Provo,United States,65988,Nevada,418 Battery Wagner,1968-09-13,1753
crmid:5155981203,galopade1836@yandex.com,Billy,Roth,male,682-560-9644,Waynesboro,United States,17332,Indiana,1052 Spreckels Lake,1944-01-25,2954
crmid:4552777302,blaze1879@gmail.com,Young,Jimenez,male,486-564-8059,Avondale,United States,58887,Georgia,860 Holland,1935-10-15,524
crmid:7966921454,gargantuan1982@yandex.com,Joseph,Avila,male,014-313-0777,St. Peters,United States,63229,Connecticut,274 Bay View,1939-06-01,2222
crmid:8167865000,aciduria2028@gmail.com,Jayson,Pickett,male,964-980-1180,Aiken,United States,28078,Indiana,990 Hernandez,1930-05-23,2987
crmid:5565954700,volleyed1902@yandex.com,Aaron,Noel,male,845-082-4240,Brookings,United States,69858,Illinois,771 Bemis,1942-11-01,596
crmid:5012138471,defrance1817@gmail.com,Blake,Church,,281-445-4666,Round Rock,United States,63313,Oklahoma,694 Ingalls,1991-06-12,2845
crmid:1856547473,degenerative1913@outlook.com,Archie,Herrera,,887-421-4467,North Tonawanda,United States,36334,Pennsylvania,1116 Elliot,1999-07-17,2501
crmid:8199710244,explorers1822@yahoo.com,Robby,Potts,,955-287-6973,New London,United States,90873,Arizona,1174 Arkansas,1996-05-03,1360
crmid:7186846876,adventure1985@gmail.com,Garrett,Guy,,966-443-1871,Hobart,United States,28923,Arizona,743 Tucker,1972-05-05,2775
crmid:9633171476,himalayan2010@outlook.com,Lanny,Nguyen,,301-058-0028,Flower Mound,United States,17654,Montana,3 Short,1962-03-14,2912
crmid:9547454229,promisable2031@yahoo.com,Danial,Good,,413-768-2040,Michigan City,United States,97413,Delaware,465 Sabin,1990-04-24,2681
crmid:5093044643,blandishingly1875@yahoo.com,Jackie,Burgess,male,511-556-8764,New Orleans,United States,62365,North Dakota,519 De Haro,1996-12-03,1532
crmid:4128745867,branchings1954@yandex.com,Ricky,Gordon,male,849-550-9145,Atlanta,United States,41973,Montana,14 Sunglow,1934-08-12,2225
crmid:3807409250,blissfully2027@outlook.com,Vern,Hodges,,058-883-1755,Morgantown,United States,53554,Arizona,1075 Saroyan,1993-09-13,646
crmid:9408142172,delawn2016@yandex.com,Xuan,Gonzales,female,650-848-5877,Scarsdale,United States,78138,Ohio,895 Quesada,1953-09-11,1185
crmid:9797624073,englishmen1963@yahoo.com,Ricardo,Hodge,,062-448-4539,West Des Moines,United States,78852,New Mexico,965 Anglo,1997-10-18,819
crmid:1306845398,colston1946@yahoo.com,Carlton,Brewer,male,747-009-2569,Palm Desert,United States,70036,Oregon,363 La Avanzada,1936-11-03,2738
crmid:7240612201,deuteron1866@yandex.com,Willard,Marquez,male,698-350-1100,West Jordan,United States,15416,Washington,1340 Letterman Hospital Access,1945-10-18,2321
crmid:7829672513,claimed1836@outlook.com,Carl,Guzman,,123-699-2925,Hawthorne,United States,95593,New Mexico,1078 Brumiss,1970-11-19,2205
crmid:8200163501,unboldly1879@gmail.com,Stephen,Leach,male,745-293-0636,Casa Grande,United States,56379,Vermont,920 Diamond Heights,1945-09-17,1879
crmid:2068161559,millistere1958@outlook.com,Rayford,Reed,,707-918-4758,Lemoore,United States,43761,South Dakota,789 London,1982-08-12,2626
crmid:5982586943,airtight1868@yahoo.com,Anika,Burke,female,116-749-0936,Raleigh,United States,56197,Florida,227 Foote,1960-10-01,1366
crmid:2174283738,dacian1814@gmail.com,Rhona,Hoover,female,227-404-8229,Ellensburg,United States,46098,California,503 Lake Merced Hill,1959-07-14,1460
crmid:4660445185,chandra2021@gmail.com,Errol,Fernandez,,412-997-9015,Greenacres,United States,98722,South Carolina,693 Regent,1968-02-29,2571
crmid:9687648807,asoka2044@outlook.com,Wilfred,Stephens,,015-606-9086,Santa Fe,United States,59865,North Dakota,1364 Carver,1988-08-26,702
crmid:4724650328,cherimoya2020@live.com,Roy,Cross,,397-052-1845,Fishers,United States,21297,New Mexico,1324 Neptune,1962-05-14,549
crmid:6258217931,superstardom1991@yahoo.com,Ginette,Sweeney,female,642-198-8623,Encinitas,United States,79192,Mississippi,1239 Estero,1959-12-24,618
crmid:4218134528,chancery1819@live.com,Nerissa,Dickson,female,393-232-9241,Erie,United States,37123,Minnesota,804 Guttenberg,1960-07-08,2486
crmid:9185122328,croppy1868@outlook.com,Wilburn,Juarez,male,714-137-4379,North Canton,United States,14669,Wyoming,276 Clairview,1998-02-19,2277
crmid:4551456040,doina1947@live.com,Forest,Wilder,,750-729-1081,Highland,United States,87296,Maine,439 Britton,1971-03-25,2413
crmid:3366248943,annale1892@gmail.com,Wes,English,male,576-030-5887,Sachse,United States,02002,Colorado,1367 Dorado,1936-10-09,1188
crmid:4426638287,bystreet1878@outlook.com,Jason,Cameron,male,623-927-8258,Allentown,United States,26966,Maine,723 Knockash,1931-05-05,2693
crmid:1743424287,amphithuron1908@yandex.com,Yuko,Robinson,female,447-906-4657,West Mifflin,United States,65100,Delaware,775 Sierra,1947-09-25,2903
crmid:7851749592,onomatopoeia2012@outlook.com,Laurine,Olson,female,262-467-1567,Newport Beach,United States,72926,Nevada,916 Jersey,1997-12-06,1809
crmid:1765358388,blacktongue1979@yahoo.com,Ian,Gardner,,923-162-0707,Post Falls,United States,47784,Colorado,654 Jason,1986-11-26,2686
crmid:3612334640,frigatebird1829@live.com,Felipe,Vance,male,683-448-8445,Raytown,United States,02866,California,772 Stratford,1938-04-29,2767
crmid:2157481364,barclay1972@yandex.com,Brain,Hicks,,625-258-0613,Mesa,United States,54090,Michigan,417 Elsie,1989-09-16,1968
crmid:3086452931,caroli1901@gmail.com,Riley,Clements,male,502-917-4353,Paragould,United States,08141,Mississippi,417 Tonquin,1936-08-06,1577
crmid:1623823697,distinctive1894@live.com,Boris,Hayden,,562-365-5407,McKinney,United States,27430,Colorado,1389 Webb,1988-04-19,1976
crmid:9921001102,lactim2035@outlook.com,Clemente,Mckenzie,,854-654-5314,Ramsey,United States,47190,Connecticut,941 San Felipe,1993-10-23,1982
crmid:8339257677,whammo1915@live.com,Dominic,Leon,,639-352-6616,Rockville,United States,60313,West Virginia,239 Guy,1982-01-17,796
crmid:3824763977,peddles1985@live.com,Lucas,Wilson,male,701-419-3097,Atlanta,United States,33065,Minnesota,1011 Avalon,1934-06-13,2295
crmid:8496609701,chinho2007@yandex.com,Quentin,Pope,male,504-284-0682,Burlingame,United States,48948,Ohio,1168 Ardath,1943-08-23,1582
crmid:1349153392,awide1871@outlook.com,Noel,Mcdonald,male,724-750-4712,Asbury Park,United States,49517,Indiana,982 Sola,1934-07-19,523
crmid:1670796218,belie1861@gmail.com,Stewart,Stone,,208-188-5269,Mesquite,United States,26811,Maine,89 Blanken,1990-05-10,1422
crmid:4737313639,apron1830@outlook.com,Millard,Benjamin,,792-357-0870,Leawood,United States,72705,Arkansas,1227 Capp,1981-08-09,1652
crmid:4800285497,histotrophic1956@gmail.com,Bernard,Mendez,male,088-299-5719,Olympia,United States,09049,Arizona,1139 Winter,1942-01-20,1894
crmid:3425789351,seismographic1911@yahoo.com,Alonzo,Sharp,,729-338-0912,Soledad,United States,62110,South Dakota,784 Madrid,1968-12-04,2822
crmid:4949307774,workbench1904@live.com,Alan,Byrd,,377-423-7711,Joplin,United States,77754,Virginia,325 Tonquin,1976-12-20,1153
crmid:5693893925,calcutta1882@gmail.com,Katerine,Wilkerson,female,994-354-2910,Eustis,United States,20199,New Jersey,1310 Parkridge,1960-05-31,2848
crmid:1357644605,leucoryx1865@yandex.com,James,Murphy,,312-490-3348,Millbrae,United States,13967,North Dakota,1072 Crestline,1990-02-17,2354
crmid:7479171515,espadon1929@yandex.com,Dwain,Rocha,,628-812-8689,McMinnville,United States,01723,Kansas,49 Homestead,1988-01-09,1945
crmid:4143481978,wichtisite2007@outlook.com,Ernie,Moon,,606-036-2477,Hampton,United States,79015,Montana,1231 Natoma,1969-09-11,1208
crmid:3243650117,okapi1924@outlook.com,Bennett,Stanley,,963-271-9216,Port Orange,United States,33686,Utah,1220 Young,1976-07-12,2294
crmid:2421355036,decimalism1930@live.com,Aldo,Guzman,male,402-449-0021,Sunnyvale,United States,13252,Indiana,90 Sproule,1945-01-12,887
crmid:1976490806,tandoori1856@yandex.com,Kristopher,Mendoza,,580-674-4056,Parma Heights,United States,98367,Rhode Island,657 Florentine,1965-06-21,1453
crmid:9175625160,anasa1971@yahoo.com,Simona,Guy,female,848-258-5192,Cornelius,United States,84318,Michigan,1338 Powers,1950-08-12,1092
crmid:8810156707,melangeur2016@live.com,Angelika,Holman,female,386-827-7251,Port Orange,United States,14874,Nevada,722 Commonwealth,1949-01-14,1034
crmid:2133016279,crimp2002@live.com,Cody,Cardenas,female,587-382-9645,Cerritos,United States,06868,Montana,1103 John Muir,1946-02-05,405
crmid:4150505352,haddock1857@yahoo.com,Jimmy,Aguirre,female,793-289-1741,Muncie,United States,18628,Louisiana,232 Linden,1994-03-30,1937
crmid:7856166021,reflating2067@gmail.com,Lucas,Palmer,,844-455-8323,Kansas City,United States,01305,Pennsylvania,979 Prosper,1976-01-20,1238
crmid:7101044447,mutine2008@yandex.com,Chan,Johnson,female,355-791-5864,Cleburne,United States,50243,Oklahoma,524 Aloha,1948-10-28,2481
crmid:7674136011,madonna1874@gmail.com,Otis,Dickerson,,604-526-7544,Huntington,United States,37200,Kansas,821 Baldwin,1973-06-10,1646
crmid:4086533628,antipart2070@live.com,Eddy,Jacobs,,699-389-3934,Pacifica,United States,93214,North Dakota,1335 Bank,1971-03-07,751
crmid:7068096931,diena2030@yandex.com,Alden,Powell,male,307-755-0917,Asheboro,United States,67286,Vermont,693 Arthur,1934-10-01,1633
crmid:8508464368,myographs2025@live.com,Kirby,Cline,male,202-910-2151,Seminole,United States,03199,New Hampshire,573 Bemis,1936-12-11,2661
crmid:5590643404,cannibals1970@gmail.com,Rossie,Rodriquez,female,619-831-2942,Eagle,United States,64035,Utah,747 Eagle,1956-10-26,2130
crmid:2445672059,nongaseous1861@outlook.com,Alfred,Ball,male,128-185-9101,Brentwood,United States,88066,Oregon,369 Corbin,1941-01-02,908
crmid:1488655892,cellmate1961@yandex.com,Jules,Rodriquez,,832-932-7591,Manhattan Beach,United States,42967,Missouri,31 Lurline,1986-08-28,2246
crmid:3189262249,biostatistic1840@outlook.com,Raul,Atkinson,,815-212-1625,Mission Viejo,United States,60857,Alaska,1082 Tunnel,1991-11-20,1050
crmid:8983781920,processor1951@yahoo.com,Piedad,Wiggins,female,833-956-7402,Sugar Land,United States,19433,Georgia,1067 Marshall,1946-10-14,306
crmid:6533429211,thermometrically1846@live.com,Enrique,Wallace,,310-657-9169,High Point,United States,06999,Colorado,819 Rose,1971-01-10,2482
crmid:1615133371,beatitude1926@outlook.com,Carmen,Rivas,,992-878-8297,Independence,United States,84771,Kansas,602 Sweeny,1974-05-15,775
crmid:8464209969,equiped2037@yahoo.com,Ross,Hess,male,261-947-7079,Winchester,United States,60443,Massachusetts,1318 Humboldt,1938-08-14,2452
crmid:1033809833,underproduction1860@gmail.com,Frank,Bauer,,826-450-8944,San Ramon,United States,51482,Arkansas,37 Briarcliff,1974-02-16,1122
crmid:2484291645,defeatism2067@outlook.com,Stanford,Murphy,,847-850-6810,Warrensburg,United States,95350,South Dakota,1313 Tulane,1997-11-12,918
crmid:6254714919,elianora2003@gmail.com,Steve,Chavez,,944-772-3832,South Salt Lake,United States,77315,Alaska,813 Arago,1964-12-24,685
crmid:3115170926,grudge1882@live.com,Frankie,Colon,,172-032-5245,Rowlett,United States,63088,Rhode Island,382 Gladstone,1971-09-01,2901
crmid:3282169654,explosion2037@yandex.com,Tony,Pitts,,662-418-2525,Maryville,United States,62870,New Jersey,1377 Westmoorland,1987-11-28,2820
crmid:2469160840,ackey1980@live.com,Moses,Navarro,,511-838-8941,Maryland Heights,United States,51794,Arizona,618 Mistral,1987-10-10,2739
crmid:3645656787,glucose1960@outlook.com,Josue,Lyons,,986-189-8607,Hopkinsville,United States,67655,Virginia,841 Lucy,1973-12-15,1523
crmid:2323921219,monopodes2018@gmail.com,Brent,Estrada,male,880-739-3219,Ashland,United States,08235,California,17 Bartlett,1934-02-09,2410
crmid:3196394793,giantpanda1940@yahoo.com,Kerry,Harris,male,721-409-5592,New Iberia,United States,03976,Maine,563 Easement,1996-02-11,1842
crmid:7020468164,benzein2003@live.com,Asa,Finch,male,787-566-0698,Burlington,United States,69604,West Virginia,855 Paris,1943-11-30,848
crmid:3236154780,befoam1896@gmail.com,Bruce,Miles,,067-241-5106,Tahlequah,United States,83598,Delaware,1254 Brookdale,1969-02-19,2812
crmid:9316604181,clote1909@outlook.com,Joseph,Patterson,male,542-855-6275,Perrysburg,United States,16182,Oklahoma,855 Church,1943-06-23,827
crmid:7034139951,unrecorded1911@gmail.com,Lynn,Clayton,,964-020-0739,Yukon,United States,95963,Delaware,92 Goldberg,1977-09-15,2597
crmid:9136484363,liger2027@yandex.com,Cecil,Jefferson,,381-412-3658,New Port Richey,United States,30201,South Carolina,722 Rockwood,1996-06-28,354
crmid:1623768503,lion2041@outlook.com,Margarito,Pacheco,,550-231-3242,Hazleton,United States,64939,Oregon,1183 Stern Grove,1970-12-13,1267
crmid:2110058953,hawk1844@outlook.com,Lecia,Talley,female,383-597-1797,Chandler,United States,88971,Arizona,479 Mono,1946-05-28,1917
crmid:1298202308,nusakan1999@gmail.com,Buster,Paul,male,157-850-1647,Yukon,United States,06076,Missouri,290 Dakota,1930-11-25,1413
crmid:3365482804,loudness1920@outlook.com,Diedre,Kennedy,female,394-852-1115,Easley,United States,16239,Nevada,488 Sunrise,1956-03-16,2229
crmid:3400804124,stelic2032@live.com,Jeremy,Delgado,,705-043-8356,Jefferson City,United States,78224,Massachusetts,835 Sadowa,1975-07-28,618
crmid:4440945989,sandpiper1875@yahoo.com,Dean,Berger,,551-598-2012,Mineral Wells,United States,26069,Georgia,1217 Emerald Cove,1991-04-03,1152
crmid:9494890808,reviviscency1990@yahoo.com,Georgene,Morris,female,719-825-7605,Creve Coeur,United States,12371,Idaho,530 Del Monte,1951-03-21,1892
crmid:7207507209,snorkeling1865@live.com,Lavonia,Battle,female,599-483-9465,Paterson,United States,12488,North Dakota,1156 R,1949-05-02,2229
crmid:1130216597,rykes1833@yahoo.com,Minh,Huber,,976-321-7625,Jacksonville,United States,85224,Iowa,987 Brice,1975-10-25,1360
crmid:2697291495,sonorosity1832@outlook.com,Harley,Boyer,,698-563-0028,Fremont,United States,53260,Vermont,1335 Villa,1964-10-15,2935
crmid:8797232898,conserver1826@yandex.com,Lianne,Ryan,female,890-036-1658,De Pere,United States,67908,Vermont,994 Atoll,1953-11-10,2843
crmid:5494950918,troutiest1870@yahoo.com,Hermina,Beasley,female,551-565-0262,Eagan,United States,13824,Idaho,1037 Polaris,1956-04-02,1733
crmid:1649074130,blacklegging1982@yahoo.com,Lorenzo,West,,777-560-6352,Kearney,United States,75929,Missouri,317 Montana,1976-12-20,2526
crmid:2819122125,decrowning1967@gmail.com,Lenny,Campos,,695-099-0490,Sedalia,United States,63361,Alabama,670 Red Leaf,1970-06-10,424
crmid:1470190490,unimitated2068@yandex.com,Jerrell,Franklin,,145-580-6671,Garner,United States,61229,Kansas,1074 Broadmoor,1965-11-20,1421
crmid:7372150426,ragdoll1891@yandex.com,Miesha,Cole,female,689-902-1717,Sachse,United States,11159,Wyoming,200 Stanyan,1949-06-06,531
crmid:6200398703,dimity1906@yandex.com,Season,Jordan,female,952-938-8513,Covina,United States,69252,North Carolina,191 Stoneridge,1951-11-15,2093
crmid:2601302250,corvettes1895@live.com,Wilford,Flynn,,144-685-8358,Muskogee,United States,48756,Massachusetts,1164 Fernandez,1994-08-16,438
crmid:8826022269,struthionine1959@outlook.com,Justin,Cantrell,male,678-689-5546,Ashtabula,United States,35367,Tennessee,934 Danton,1934-06-05,2451
crmid:8595131510,sardine1856@yandex.com,Arletta,Gonzalez,female,447-530-4566,South Elgin,United States,13184,New York,759 Harris,1949-01-11,2259
crmid:7395861073,constantinople2002@gmail.com,Bev,Berry,female,460-978-0253,Edgewater,United States,69900,Montana,884 Turquoise,1958-12-20,346
