crmid,email,first_name,last_name,gender,mobile telephone,city,country,zip,state,street address,birthday,historicalpoints
crmid:6122273956,sissoo2000@gmail.com,Sommer,Cleveland,female,378-065-8735,New Bedford,United States,11195,Hawaii,758 Bartlett,1995-04-16,2411
crmid:6693023125,gambet2022@yahoo.com,Willie,Benton,,281-325-6763,Rancho Palos Verdes,United States,42908,Wyoming,1013 Rice,1992-05-07,2764
crmid:7316989091,epigrammatic1895@yahoo.com,Robby,Boone,,515-737-7830,Lee's Summit,United States,82740,Idaho,224 Cordova,1982-04-10,1540
crmid:6982806974,callorhynchidae1994@gmail.com,Rosette,Joyner,female,919-264-9383,Tampa,United States,24039,Hawaii,444 Carrizal,1958-07-16,1197
crmid:8276189891,pilgrim1933@outlook.com,Louis,Raymond,,046-695-4607,Zion,United States,36835,Kentucky,128 Reposa,1976-04-23,1323
crmid:3405802899,anthonin1932@live.com,Deandrea,Vargas,female,782-970-8623,South Jordan,United States,71342,Vermont,463 Weatherly,1958-02-13,1576
crmid:7575587011,patter1869@gmail.com,Tobias,Fernandez,,608-979-7579,Long Branch,United States,83590,Florida,1336 Allison,1984-04-13,1071
crmid:1464831680,centric1857@gmail.com,Bryon,Guzman,,481-019-2956,Milford,United States,10382,Delaware,822 Levant,1990-02-16,393
crmid:2390678384,saltee2049@gmail.com,Gema,Hawkins,female,425-112-1030,Stillwater,United States,23144,Iowa,339 Sutter,1957-03-13,1641
crmid:3466010000,prefavorably1897@yandex.com,Loren,David,,427-214-6958,Perrysburg,United States,88698,Iowa,455 Goleta,1988-11-07,2189
crmid:6910938685,postscapular1949@yahoo.com,Jeffery,Wilkinson,,432-027-3864,Napa,United States,93713,Michigan,970 Landers,1995-11-11,2482
crmid:8551539116,snapberry1960@outlook.com,Xochitl,Nolan,female,037-000-1160,West Allis,United States,91553,Alabama,747 Bessie,1946-12-18,1246
crmid:6451567154,pony1990@live.com,Isaac,Mckay,male,755-093-4753,Sulphur,United States,82869,Nevada,1099 Swiss,1942-05-19,2140
crmid:7767586923,chicken1917@live.com,Arturo,Griffith,,265-311-2914,Miami Beach,United States,15048,Michigan,1114 Gaven,1990-02-26,320
crmid:4335542946,uncovenant2069@live.com,Osvaldo,Mayer,male,909-608-8860,Asheboro,United States,44590,North Dakota,514 Brady,1934-08-18,1850
crmid:6796556068,forgeability1865@yahoo.com,Aldo,Valenzuela,male,421-894-1874,Bartlett,United States,02657,Florida,101 Paul,1936-01-29,1470
crmid:6212192278,vibrative1825@outlook.com,Leeanne,Carver,female,902-223-4796,Duluth,United States,81567,Arkansas,1145 Holloway,1956-05-05,920
crmid:2363661786,beachwear1835@outlook.com,Orval,Hyde,male,654-439-3538,Brownsville,United States,94006,Rhode Island,983 Medical Center,1942-07-15,337
crmid:8491584103,resubmitted1934@live.com,Orlando,Gill,male,570-434-5306,Urbandale,United States,04425,Connecticut,330 Boylston,1933-11-14,1286
crmid:1632018709,nebraskan2034@gmail.com,Edward,Gallagher,,720-005-2912,Stillwater,United States,45685,Massachusetts,713 Burns,1983-09-17,1584
crmid:4671486617,defiant1978@yahoo.com,Oralee,Barker,female,345-875-7529,Cleburne,United States,33334,North Carolina,668 Kenneth Rexroth,1948-07-02,897
crmid:7831242140,cobblerless2064@gmail.com,Jodee,Cain,female,729-777-1630,Downey,United States,81359,Arizona,1213 Ggp Access Road,1955-04-05,2365
crmid:1002120837,nongaseous2056@outlook.com,Truman,Gould,,341-553-3197,Marshfield,United States,93633,North Carolina,92 Mount,1987-11-12,1121
crmid:2421364825,reamalgamated2060@gmail.com,Adam,Knowles,male,248-238-6043,Angleton,United States,54052,New York,583 Concord,1932-10-01,1676
crmid:1442234653,rugbeian1899@live.com,Ozella,Brennan,female,445-705-8461,Corona,United States,49573,Alaska,481 Willie B Kennedy,1950-07-04,842
crmid:8739808154,idylls2027@outlook.com,Duncan,Jackson,,048-731-0390,Palm Beach Gardens,United States,60115,Rhode Island,38 Romain,1989-01-19,2558
crmid:3711678555,chromomere2000@yandex.com,Gonzalo,Dejesus,,783-905-9527,Frankfort,United States,04292,Montana,741 Annapolis,1963-01-20,1023
crmid:2986975476,newborns1829@outlook.com,Chadwick,Buchanan,male,399-007-9807,Bay City,United States,06039,South Carolina,468 Cedro,1936-02-04,2508
crmid:5489940254,agaty1859@yahoo.com,Carroll,Sampson,,670-739-6229,Hoffman Estates,United States,00060,Delaware,572 Robinson,1972-01-14,413
crmid:7823943271,epomophorus1879@live.com,Jerold,Kramer,male,149-806-9377,Adrian,United States,24923,South Dakota,1156 Monte Vista,1930-05-17,672
crmid:5439463469,hotpot1931@yahoo.com,Bret,Miller,male,565-781-0878,Bay City,United States,03525,Tennessee,1182 Yukon,1936-02-20,1090
crmid:9828237843,parterres2042@yandex.com,Stacy,Herring,,836-438-9901,McMinnville,United States,60579,Montana,970 Hancock,1988-11-28,1368
crmid:9300126064,castell2042@yahoo.com,Gonzalo,Baker,,310-034-9008,Lexington,United States,21606,Wisconsin,902 Mckinnon,1982-05-29,564
crmid:9472997652,climber2064@yandex.com,Mel,Nicholson,,449-159-1005,Harrison,United States,79906,Wisconsin,1235 Tioga,1970-12-12,2268
crmid:4011537566,elided1930@outlook.com,Chas,Ryan,,568-699-8231,Hermosa Beach,United States,18305,Washington,874 Hunter,1971-02-27,1490
crmid:3751856154,deposit2003@gmail.com,Alfred,Britt,male,655-660-0959,Arnold,United States,00382,Georgia,1057 Redondo,1933-01-04,2885
crmid:5707887540,plantula1880@outlook.com,Maye,Fleming,female,861-997-2739,New York,United States,13518,Tennessee,289 Pretor,1997-03-12,2605
crmid:8862803573,airish2006@live.com,Deon,Beasley,female,595-105-2367,Fargo,United States,90784,Ohio,1122 Alton,1961-02-02,2961
crmid:7058445190,brooklyn1824@outlook.com,Lonny,Simpson,male,254-507-9549,Zanesville,United States,93580,Kansas,1139 Egbert,1943-06-27,780
crmid:1178514851,elusory1984@yandex.com,Keven,Huber,,047-702-5828,Minnetonka,United States,81313,Mississippi,162 Zircon,1991-02-04,430
crmid:1732218875,woodpecker1972@yandex.com,Morgan,Grimes,male,879-341-5056,Yorkville,United States,59413,Louisiana,1252 Malta,1996-02-26,1892
crmid:1821938016,spiring1927@gmail.com,Angel,Montoya,,580-752-1713,Muskogee,United States,45094,Oklahoma,183 Angelos,1994-07-12,2771
crmid:4637534806,tonsured1893@yahoo.com,Dong,Glass,,262-537-0021,Herriman,United States,34393,Idaho,487 Pierpoint,1971-05-02,605
crmid:7401055631,gharial1872@outlook.com,Basilia,Manning,female,011-797-2709,Davis,United States,05910,Delaware,304 Chumasero,1953-01-18,1012
crmid:6312756754,molybdite2066@yandex.com,Charlena,Mendez,female,829-394-6157,East Point,United States,08300,Wyoming,640 Carrizal,1957-02-20,1542
crmid:2527230857,inbounds1987@live.com,Leopoldo,Daugherty,male,614-844-0688,Orinda,United States,91217,Nebraska,1183 Drummond,1945-06-07,924
crmid:9021688822,scrod1893@gmail.com,Vern,Evans,,120-389-8260,Yuma,United States,64322,Idaho,290 Brooklyn,1963-08-16,1909
crmid:8315463378,snowdrops1896@gmail.com,Grant,Lott,male,990-343-2090,Bentonville,United States,28186,Oklahoma,100 Egbert,1938-04-17,2018
crmid:6865648224,bencher2040@live.com,Lemuel,English,,008-501-8241,Yuba City,United States,73868,South Carolina,498 Birchwood,1975-12-28,2260
crmid:3285632620,anthroxan2001@live.com,Joella,Goodwin,female,413-610-2976,Claremont,United States,65693,Tennessee,11 Pacific,1947-11-26,2639
crmid:9870423946,lactim1835@yahoo.com,Anthony,Johns,male,621-660-9276,Plano,United States,97030,Vermont,498 Crestmont,1936-01-15,2908
crmid:1154199409,analgesist1896@yandex.com,Reginald,Sharp,male,455-216-4955,Victoria,United States,04214,Oklahoma,1353 Watchman,1941-08-27,685
crmid:1684554849,boatly1883@gmail.com,Walter,Beck,,448-168-0979,Flagstaff,United States,11700,South Dakota,615 Edward,1962-03-29,795
crmid:6511561628,anita1972@live.com,Stephen,Livingston,,776-111-7189,Long Branch,United States,79057,New York,149 Mcdowell,1984-12-31,1750
crmid:9744933969,berates1925@yandex.com,Shannon,Chambers,,647-236-8152,Racine,United States,92066,Hawaii,232 Emil,1978-04-22,2266
crmid:5433060301,penguin1936@yandex.com,Agustin,Simon,male,982-045-2878,Augusta,United States,68874,Texas,145 Hollywood,1935-11-21,1897
crmid:5900800577,alive2058@yandex.com,Orlando,Bentley,,346-840-3037,Marshfield,United States,43415,North Carolina,717 Saint Francis,1987-08-22,977
crmid:1550026424,batteries1951@yandex.com,Willard,Blanchard,male,581-806-5517,Pleasant Hill,United States,60016,Washington,605 Via Ferlinghetti,1939-10-03,1623
crmid:5986313089,missilery1977@live.com,Erick,Rodriguez,,504-417-4955,Whittier,United States,83477,New Mexico,1190 Middle Point,1973-08-14,1511
crmid:1559781396,ruttily1846@yandex.com,Rafael,Salas,,920-762-8365,Sikeston,United States,85374,Hawaii,867 Castle Manor,1992-10-20,1807
crmid:3653802265,experimentalist1917@yahoo.com,Craig,Weeks,,157-137-5775,Kansas City,United States,00961,Iowa,243 Ada,1976-01-08,2636
crmid:3466567273,bevin2063@gmail.com,Young,Johnston,male,487-866-9661,Springfield,United States,97050,North Carolina,577 Richter,1996-01-23,2791
crmid:5759899865,wakened2052@live.com,Jack,Reilly,,678-436-5894,Hilton Head Island,United States,49172,Alaska,570 Raccoon,1972-07-29,759
crmid:6812797153,intersoil1987@yahoo.com,Brain,Mendez,male,914-776-5643,Brownsburg,United States,02339,Illinois,47 Ramona,1942-01-20,501
crmid:7479857177,cardamom1876@yandex.com,Augustine,Harrington,,684-202-4925,Socorro,United States,76140,Idaho,1151 Rebecca,1988-11-21,2860
crmid:9173142479,turkophil1929@live.com,Domenica,Mejia,female,286-943-1950,Springville,United States,25422,South Carolina,899 Robblee,1959-03-20,2440
crmid:6305734004,hoers1813@yahoo.com,Chad,Acevedo,male,654-484-0433,Victoria,United States,00084,Mississippi,1038 Lake Merced,1930-11-03,2218
crmid:2999423327,adminstration1831@live.com,Brian,Solis,female,911-953-9604,Point Pleasant,United States,16840,New Hampshire,382 Falmouth,1946-10-02,1703
crmid:8832721902,industry1849@yahoo.com,Mauro,Rojas,male,248-325-4006,Berwyn,United States,33024,Maine,298 Napoleon,1938-07-25,1445
crmid:8661369727,bardsley2030@outlook.com,Del,Landry,,780-870-0840,Millville,United States,60154,West Virginia,18 Shipley,1991-11-06,795
crmid:1643964612,chapfallen2036@gmail.com,Yvone,Jefferson,female,147-420-0550,DeSoto,United States,57094,Georgia,954 Sansome,1953-09-15,1295
crmid:5854223847,unpurchasable2000@outlook.com,Garth,Hinton,,603-441-7128,Ferguson,United States,10403,New Hampshire,281 Armory,1962-04-08,1402
crmid:8965527527,amylan2015@yahoo.com,Margy,Randall,female,175-058-3633,Petersburg,United States,15730,Wisconsin,859 Zircon,1953-10-11,1676
crmid:2357204883,pityriasis1921@outlook.com,Russell,Garcia,male,426-329-1726,Burlington,United States,48924,Kentucky,817 May,1943-08-11,330
crmid:4449358503,scriptures1932@live.com,Shavonne,Poole,female,107-150-0529,Newport,United States,18974,Kentucky,335 Aerial,1997-03-22,1840
crmid:9712542032,caprice1872@yahoo.com,Annett,Tran,female,488-535-9408,Clifton,United States,98881,New Jersey,1057 Macarthur,1948-01-29,1503
crmid:4172540346,clitia1984@yahoo.com,Sandee,Hinton,female,277-933-6241,Vernon Hills,United States,89437,Mississippi,564 Forest Side,1949-08-14,1637
crmid:3867171452,espriella2026@yahoo.com,Fernanda,Keith,female,483-884-9937,East Point,United States,13448,Maryland,577 Sears,1957-03-16,1923
crmid:1541506962,locust1955@yahoo.com,Marivel,Townsend,female,944-146-9642,Nicholasville,United States,73383,Michigan,1017 Silverview,1997-12-06,827
crmid:4565188388,jotisi1958@yahoo.com,Maynard,Nunez,,397-206-1594,Oregon City,United States,59296,Massachusetts,1265 Bayside,1999-07-31,2311
crmid:2558570816,dustbox1820@yahoo.com,Alonso,Monroe,,756-099-1123,Snellville,United States,31290,Kentucky,1116 Battery East,1978-02-10,864
crmid:7897469346,interscene2050@live.com,Isaura,Boyer,female,860-017-8470,Englewood,United States,23699,South Dakota,175 Rotteck,1959-04-03,944
crmid:1698177346,coronet1813@yandex.com,Magaly,Smith,female,080-375-0225,Chambersburg,United States,31885,Missouri,707 Atoll,1946-06-27,822
crmid:6988398854,chaka1963@live.com,Chris,Fields,,207-560-1693,Oak Ridge,United States,76769,Rhode Island,1239 De Montfort,1999-11-13,931
crmid:4318023468,scope2013@gmail.com,Tiny,Long,female,811-038-2107,Cleburne,United States,50481,Georgia,16 Mallorca,1948-09-17,1028
crmid:2343040151,cudgeled1997@yahoo.com,Toshiko,Wong,female,245-694-2681,Santa Maria,United States,18905,Missouri,360 Iowa,1946-11-29,1211
crmid:8241605794,meteorology1997@live.com,Brock,Pollard,male,951-758-5452,Westland,United States,00697,Missouri,166 Exposition,1942-11-03,2574
crmid:2250544939,convolutedly1958@live.com,Chance,Herman,,175-787-0995,Lemoore,United States,01487,Maryland,261 Dolores,1982-01-15,854
crmid:1216233373,rauwolfia2054@live.com,Darcel,Tate,female,409-110-6706,Cottonwood Heights,United States,14914,New Hampshire,306 Linda,1951-02-28,2839
crmid:1641137821,ananda1801@outlook.com,Sanford,Sosa,,801-511-0796,McMinnville,United States,17850,Alabama,311 Balance,1988-03-09,1951
crmid:5938144605,constitutions2013@outlook.com,Sal,Powers,,282-277-8762,Jackson,United States,89448,Washington,837 Van Dyke,1975-12-31,2638
crmid:7952129546,dowse2015@yahoo.com,Jeannetta,Maldonado,female,406-281-7786,San Jose,United States,55677,Ohio,1390 Montcalm,1998-10-26,1982
crmid:4752404655,hagmane1840@yandex.com,Fredric,Whitley,,208-049-1054,Huntersville,United States,09217,West Virginia,1304 Camp,1973-02-18,883
crmid:6218383139,borneo2047@live.com,Katherina,Woodard,female,376-330-3299,Elizabeth City,United States,24795,Mississippi,1362 Linden,1959-05-31,1279
crmid:5048020504,skipjack1867@yahoo.com,Marshall,Leonard,,272-921-3764,Keizer,United States,95133,Utah,360 Marietta,1976-09-19,2150
crmid:9679271006,craving1910@yahoo.com,Jimmie,Collins,,365-606-0548,Kenner,United States,45126,Rhode Island,1030 Mauldin,1977-07-12,1915
crmid:6980616459,coleridge2050@yandex.com,Magaret,Larsen,female,296-314-8615,Cicero,United States,95525,Tennessee,666 Vicente,1947-06-17,1745
crmid:8726784322,chien1984@live.com,Rory,England,,918-377-1479,Morgantown,United States,59444,Mississippi,253 Gerard,1993-10-07,735
crmid:2939270024,motivator1977@yahoo.com,Collin,Lloyd,,136-433-3853,Norwalk,United States,84590,Connecticut,670 Ulloa,1999-08-27,2394
crmid:1642334836,buyable1925@gmail.com,Deja,Hurst,female,396-942-3092,Delaware,United States,96412,Mississippi,1009 Marlin,1954-11-04,1465
crmid:1536194054,vibrational1802@live.com,Larae,Blackwell,female,223-734-7934,Charlotte,United States,90456,Kansas,269 Grafton,1946-05-03,653
crmid:5898905708,stad1979@yahoo.com,Russ,Holt,,421-302-5543,Gardena,United States,29436,Minnesota,1006 Cyril Magnin,1965-04-06,1337
crmid:8281340778,abatis2048@live.com,Gene,Owens,male,507-632-0819,St. Peters,United States,92858,North Dakota,19 Aquavista,1933-04-22,2930
crmid:4625875459,scandalisation1924@live.com,Kandace,Bridges,female,696-469-0710,Farmington Hills,United States,24269,Vermont,243 San Lorenzo,1961-04-04,1953
crmid:5973371891,callery1944@live.com,Wade,Barrett,,134-808-5993,Overland Park,United States,36287,Utah,727 Petrarch,1968-10-22,2671
crmid:7040700903,chinotti2001@gmail.com,Kenton,Deleon,,034-346-5652,Hurst,United States,78875,Vermont,470 Martinez,1974-12-29,433
crmid:9945639388,sidetracked2054@live.com,Laverne,Gill,,763-882-2438,West Palm Beach,United States,24334,New York,832 Cleveland,1962-11-13,2430
crmid:2277895524,cebus1830@live.com,Reginald,Young,male,834-876-4997,Bergenfield,United States,48063,Hawaii,13 Manzanita,1938-08-29,2620
crmid:6330499704,zorse1970@gmail.com,Virgil,Osborn,,287-807-4687,Littleton,United States,92060,Michigan,553 Commer,1983-04-02,513
crmid:2775711735,findings1879@yandex.com,Michael,Wyatt,,809-172-2188,Palm Bay,United States,36447,Illinois,318 Wright,1973-07-20,1545
crmid:7798253115,retort1804@live.com,Evelin,Sherman,female,996-250-4054,Corpus Christi,United States,91405,New York,419 Birchwood,1951-11-06,2616
crmid:5391836093,mose1991@yahoo.com,Ryan,Moon,,624-608-7198,Martinez,United States,56966,Louisiana,766 Shawnee,1987-09-24,1271
crmid:7614641838,enchanter1946@live.com,Na,Trujillo,female,636-160-8364,Deerfield,United States,83812,Utah,548 Mint,1954-12-13,1499
crmid:1522047796,clipper1956@yahoo.com,Herman,Maddox,,439-479-7283,University City,United States,47552,Indiana,1150 Rankin,1981-04-25,1990
crmid:8955699183,beaucoup1948@outlook.com,Rolf,Gibson,,017-597-5429,Kankakee,United States,88724,North Dakota,78 Lake Forest,1976-05-24,324
crmid:2833533791,viva1933@outlook.com,Mel,Sawyer,,616-272-6416,Portsmouth,United States,82639,Montana,1258 Arthur,1967-04-21,992
crmid:6203619068,abstruseness1892@yahoo.com,Bev,Gregory,female,713-572-4223,Cincinnati,United States,03171,Montana,1057 Columbia Square,1947-01-12,2322
crmid:1643143060,sculpt2022@live.com,Benny,Johnson,male,239-196-0672,Ramsey,United States,04641,Nevada,442 Miller,1938-01-15,397
crmid:6744595606,christianson1890@gmail.com,Reinaldo,Tucker,,252-144-2315,Port Arthur,United States,22688,Vermont,364 Carmel,1967-03-10,543
crmid:4882984618,attune1939@live.com,Dudley,Langley,male,513-689-2315,Billings,United States,14867,Alaska,1196 Macondray,1939-03-17,1748
crmid:8218198946,axonophora1800@yahoo.com,Jama,Sanchez,female,966-416-6516,Fairhope,United States,76730,South Carolina,913 Lettuce,1961-12-07,2224
crmid:7340627937,carful1956@outlook.com,Erich,Campos,male,179-635-1240,Rochester Hills,United States,91594,Mississippi,1327 Beaver,1935-04-05,1793
crmid:5889865509,assays1866@gmail.com,Sherman,Kelley,male,833-601-8933,Bourbonnais,United States,66775,Connecticut,1287 Sunset,1940-11-21,1554
crmid:7625551516,centrist1996@yahoo.com,Stanford,Harper,male,127-836-6701,Bettendorf,United States,93253,Delaware,466 Waterville,1938-09-13,2027
crmid:7050884129,massekhoth1808@yandex.com,Wilbur,Vega,,419-953-5669,McAllen,United States,08917,South Carolina,265 Anthony,1988-01-01,2882
crmid:4368229023,bourreau1840@gmail.com,Agustin,Parsons,,086-203-7153,Watertown,United States,92508,Alabama,1225 Cambridge,1988-04-16,721
crmid:9334526390,nonimposition1868@yandex.com,Booker,Pena,,513-580-5418,Kentwood,United States,30011,Oregon,292 Vidal,1977-06-02,800
crmid:1524290077,thob1910@gmail.com,Jordan,Macias,,128-762-8937,Salinas,United States,60865,Arizona,239 Gloria,1964-01-27,1188
crmid:6156318352,groggy1956@gmail.com,Robena,Schmidt,female,287-291-1629,Cutler Bay,United States,40602,Michigan,302 Hangah,1952-07-26,1452
crmid:4514993525,shmaltzier1817@gmail.com,Foster,Koch,male,009-780-2509,Saginaw,United States,68458,Kentucky,47 Adolph Sutro,1944-04-16,2248
crmid:8124246497,anent1950@outlook.com,Jerry,Dean,,093-998-2845,Libertyville,United States,23367,Vermont,741 Buchanan,1982-05-19,2397
crmid:8201651070,biologists2041@yahoo.com,Merrill,O'donnell,,786-783-9744,Laramie,United States,93696,Massachusetts,102 Scott,1980-04-13,1645
crmid:1972198583,castling1942@yandex.com,Harold,Lawrence,,363-561-0910,Wichita Falls,United States,79692,Iowa,572 Robert Kirk,1972-07-21,1291
crmid:8056941588,biabo1828@yahoo.com,Ezekiel,Poole,,819-989-1070,San Mateo,United States,30226,Arkansas,217 Lyell,1980-03-02,2779
crmid:3700893418,retepora1917@yahoo.com,Delbert,Atkinson,,532-694-6315,Monrovia,United States,36032,Washington,654 Jennings,1992-06-04,1246
crmid:4650721513,heiress1942@yahoo.com,Laverna,Wolf,female,708-208-1181,Coppell,United States,26927,Arkansas,1246 Quint,1950-05-31,1265
crmid:8334889595,spectrochemical1856@yahoo.com,Dudley,Branch,,585-894-7124,Grandview,United States,86903,West Virginia,495 Coldspring,1967-05-21,2348
crmid:3442198788,blissfully1836@yandex.com,Dane,Sweeney,,066-858-8958,Poway,United States,35817,Colorado,1035 Bruce,1972-06-20,1438
crmid:9903532822,byproducts1918@yahoo.com,Genaro,Jennings,,191-701-2667,Hoover,United States,46229,Iowa,262 Colonial,1973-08-03,2222
crmid:2096344014,unseduceability1854@yandex.com,Eugenio,Hartman,,987-736-0080,Sycamore,United States,69243,Illinois,280 Omar,1967-12-14,402
crmid:5051084236,basset1914@outlook.com,Jennine,Chase,female,742-052-6894,Providence,United States,75120,New Jersey,239 Geary,1946-10-08,2884
crmid:9439928726,betumbled2061@gmail.com,Maurice,George,female,281-634-4366,Elkhart,United States,93952,Alabama,1330 Farnsworth,1959-06-11,1226
crmid:7532582939,mantoid1852@yandex.com,Jay,Wooten,,375-055-7815,Lino Lakes,United States,09827,Idaho,385 Clara,1983-01-28,430
crmid:8622343816,gregariousness2005@gmail.com,Tristan,Lambert,male,262-450-9644,Bangor,United States,50762,Nevada,952 Galewood,1936-09-17,940
crmid:3215870267,unreportedly1898@outlook.com,Nga,Small,female,624-979-5670,Vestavia Hills,United States,61855,Florida,506 Auburn,1955-07-27,1120
crmid:3495228626,appointment1843@live.com,Kendrick,Barron,,760-795-8804,Libertyville,United States,01403,Wisconsin,70 Carmelita,1982-02-20,1499
crmid:7849560446,axled2030@gmail.com,Madalene,Kerr,female,159-271-8857,Downey,United States,38241,Illinois,524 Windsor,1955-06-16,717
crmid:6730965918,tryptone1999@yandex.com,Lewis,Robertson,male,661-578-7759,Buena Park,United States,96313,South Carolina,1372 Stanley,1942-11-23,2420
crmid:9040930453,cheryl1999@outlook.com,Sudie,Herrera,female,205-795-0091,Chelsea,United States,74589,Oregon,572 Hazelwood,1946-08-13,2332
crmid:2485748620,censitaire1839@live.com,Olinda,Norton,female,137-104-9739,Deltona,United States,34385,West Virginia,780 Costa,1954-07-22,2780
crmid:3907636166,installation1855@yandex.com,Cletus,Kramer,,984-693-9967,Hemet,United States,81752,Washington,902 Cochrane,1971-04-05,2152
crmid:2662883857,tyrantship2043@yahoo.com,Valentine,Kramer,female,937-236-9197,Ossining,United States,61589,New Mexico,702 Fair,1995-03-17,2108
crmid:5467552090,suprastandard1812@yahoo.com,Elwood,Hopper,male,746-287-7606,Redmond,United States,01980,Virginia,834 Sunbeam,1940-11-06,349
crmid:4001464129,majesty1800@outlook.com,Luci,Moore,female,251-231-2235,Enid,United States,56958,Alabama,163 Gonzalez,1959-10-11,1302
crmid:9577068630,countersink1967@outlook.com,Sanford,Carpenter,male,752-209-3382,Apache Junction,United States,58576,Iowa,1096 Castenada,1933-09-05,1699
crmid:4422695802,scimitar2049@live.com,Walter,Mcgowan,male,660-175-1830,Anderson,United States,54466,Colorado,928 Crestlake,1932-10-19,303
crmid:8549708073,exceedingly1936@gmail.com,Margarito,Spencer,,035-306-3089,Shawnee,United States,51986,Alabama,546 Shipley,1989-03-05,2332
crmid:9857937514,chemosynthesis2039@yandex.com,Lonny,Mann,,158-204-9740,Lathrop,United States,07524,Georgia,1061 Lucerne,1981-01-09,345
crmid:8243410307,outlivers1930@yahoo.com,Kina,Mccoy,female,496-481-3989,Chelsea,United States,75384,Connecticut,1024 Coral,1946-12-09,1241
crmid:6290144385,serines1845@yahoo.com,Monty,O'donnell,male,041-982-0083,Burlington,United States,84736,Maryland,309 Arbor,1943-07-22,1745
crmid:2313723474,pulsific2018@yandex.com,Marshall,Dalton,,958-850-1298,Morgantown,United States,71828,Nevada,1152 Colon,1993-12-13,1130
crmid:1484619496,glowfly1960@outlook.com,Danilo,Livingston,male,373-097-2788,Muncie,United States,05639,Michigan,791 Merriam,1994-02-04,1222
crmid:7514957515,fastuousness2018@yahoo.com,Jorge,Joseph,male,265-262-7046,Bismarck,United States,63279,Nevada,417 South Hill,1939-10-20,2838
crmid:7144675528,secateurs1987@gmail.com,Edwin,Bartlett,,195-510-5972,Wheeling,United States,46564,Idaho,232 Beeman,1987-11-22,1133
crmid:4433960773,ilicaceae1850@live.com,Kim,Young,,845-605-7388,Menlo Park,United States,44998,New York,839 Child,1989-07-29,930
crmid:6805293576,equilibrio2047@yandex.com,Rhett,Rush,,171-161-2859,Melrose Park,United States,98166,Wyoming,1294 Scotia,1989-07-28,2640
crmid:1366337078,exaggerating1861@yandex.com,Annamaria,Copeland,female,311-758-2694,Parkland,United States,11349,Hawaii,459 Tubbs,1950-01-07,376
crmid:7656903711,exploiters1891@gmail.com,Carisa,Petty,female,280-132-2228,East Point,United States,77007,Arkansas,1022 Butte,1957-12-03,2622
crmid:9731938469,bateman1843@live.com,Reuben,Griffin,,482-042-0190,Laguna Hills,United States,21356,Colorado,982 San Leandro,1979-05-07,764
crmid:5238180497,restipulatory1969@yandex.com,Alberto,Fisher,male,927-239-2185,Bergenfield,United States,01392,Wyoming,556 Kirkwood,1938-01-10,1818
crmid:3959064105,aerobatic1887@yahoo.com,Harold,Landry,female,033-176-2180,Copperas Cove,United States,75501,California,551 Meadowbrook,1950-10-07,2267
crmid:1314114689,funambulatory2008@yandex.com,Emmanuel,Cook,,877-007-7969,Santa Fe,United States,77610,Illinois,275 Forsyth,1976-11-26,1522
crmid:9020973359,clatty1913@yandex.com,Jae,Lang,female,717-771-1138,Elmhurst,United States,21271,West Virginia,454 Kingston,1959-04-17,2728
crmid:7896930739,diploptera1855@yandex.com,Irwin,Ferguson,,965-530-2916,Maple Valley,United States,20927,Illinois,1360 Clipper Cove,1986-05-30,1179
crmid:3504253176,rabbitmouth2066@yahoo.com,Keena,Charles,female,460-717-6416,Crystal Lake,United States,71794,Vermont,31 Seneca,1952-12-09,2793
crmid:7795838507,aptness1800@yandex.com,Emanuel,Marshall,,371-961-4487,Winona,United States,66961,Idaho,478 Welsh,1977-11-27,827
crmid:5229329292,insect1916@live.com,Carlton,Craft,,464-428-2874,Gretna,United States,81304,Virginia,280 Halibut,1968-09-07,1109
crmid:9744423187,hoidening1906@outlook.com,Lawanna,Small,female,384-908-4396,Costa Mesa,United States,97872,Mississippi,828 Moscow,1951-12-25,1632
crmid:2275215419,blotto1818@live.com,Diego,Gould,,774-139-8915,Pinecrest,United States,54953,Minnesota,562 Rankin,1993-09-30,1502
crmid:6095961583,combaz1985@gmail.com,Cristen,Mckee,female,208-905-3157,White Plains,United States,61766,Pennsylvania,158 Bedford,1947-11-26,375
crmid:5431795490,carful1911@yandex.com,Lionel,Velazquez,,401-699-2087,Macon,United States,76879,Illinois,448 Wattson,1985-12-20,1102
crmid:9695997284,landshard1997@yandex.com,Evia,Britt,female,980-749-8688,Cupertino,United States,85923,Kansas,23 Fredson,1952-12-19,1241
crmid:7582150256,amuck1812@outlook.com,Adolfo,Jacobson,,079-660-8722,Santa Barbara,United States,40689,Alabama,1150 San Anselmo,1986-05-02,1632
crmid:5722260947,echovirus1830@yahoo.com,Riley,Klein,,457-381-5004,Fort Smith,United States,76724,Ohio,603 Bonifacio,1963-12-25,1982
crmid:2418476636,thalamolenticular2054@outlook.com,Yong,Skinner,,836-004-6249,Vicksburg,United States,28057,Utah,891 Webb,1965-04-29,2328
crmid:8756544399,apurba1945@yandex.com,Geoffrey,Chambers,,047-649-2887,Los Gatos,United States,67856,Iowa,345 Dunshee,1984-11-15,1439
crmid:6803782140,misentreat2043@gmail.com,Shon,Aguilar,,794-127-6599,Long Beach,United States,33597,New Mexico,376 Blatchford,1984-05-14,382
crmid:9302706637,airish2055@yahoo.com,Josphine,Silva,female,386-721-1721,Eagan,United States,22474,South Dakota,911 Gilbert,1956-04-27,2775
crmid:3288277175,bribe1868@yahoo.com,Lyle,Glover,male,370-637-8458,Biddeford,United States,38721,Georgia,130 Alberta,1939-06-11,2735
crmid:8570854622,chiefs1968@outlook.com,Allena,Potter,female,001-939-1318,Chapel Hill,United States,07551,North Dakota,633 Chumasero,1946-01-23,923
crmid:2035264491,ectozoans2008@live.com,Elbert,Olson,,228-644-3868,Kennewick,United States,89952,Idaho,847 Norwich,1977-09-30,302
crmid:8900739872,aouad1805@yandex.com,Dong,Bryant,male,876-634-3516,Carson City,United States,86177,Michigan,1322 Jasper,1944-11-21,327
crmid:9779723602,pintada1930@live.com,Serafina,Paul,female,441-172-0021,Cliffside Park,United States,54424,New Mexico,257 Lillian,1948-10-25,2865
crmid:5178455312,neglectingly1845@yandex.com,Janay,Snow,female,769-330-2474,Colton,United States,22940,Massachusetts,778 Charlton,1949-04-27,435
crmid:6919794639,underlain1984@yahoo.com,Gaylord,Lindsay,,649-672-5569,Greenbelt,United States,29622,Mississippi,996 Minerva,1968-04-06,535
crmid:7657234232,blizz1821@gmail.com,Ludivina,Wilson,female,206-713-0251,Rochester Hills,United States,83946,North Dakota,1243 Bruce,1950-06-04,1612
crmid:5952541805,ringtailed1897@yahoo.com,Jay,Coffey,,859-816-8635,Pleasant Prairie,United States,98371,Vermont,1316 Vermont,1974-05-10,2836
crmid:6835663019,hepatolith1866@yahoo.com,Emilio,Casey,,869-695-7244,Jonesboro,United States,75518,Louisiana,268 Naylor,1976-09-11,1448
crmid:7816165186,butcheress2029@yandex.com,Russell,Skinner,male,635-765-0081,Andover,United States,41473,Alaska,477 Pelican Cove,1932-08-27,2463
crmid:4231660066,animations2039@gmail.com,Toby,Rodriquez,,793-181-3452,Hamtramck,United States,17946,Wyoming,1167 Acadia,1969-03-23,1105
