crmid,email,first_name,last_name,gender,mobile_telephone,city,country,zip,state,street_address,birthday,genre
crmid:2431674528,childhood1810@yahoo.aephandson.com,Pierre,Whitley,,409-019-0679,Ossining,United States,43197,Kansas,636 Ardath,1993-09-11,News
crmid:6671456753,definitised1861@outlook.aephandson.com,Elina,Shaffer,female,473-149-3422,Westfield,United States,91514,Wyoming,785 Cochrane,1947-03-27,History
crmid:7299736160,pilastrade1992@live.aephandson.com,Sirena,Bass,female,117-495-9712,Easton,United States,44311,Hawaii,838 San Aleso,1957-08-02,Reality-TV
crmid:9514398394,pennia1861@outlook.aephandson.com,Donte,Edwards,male,313-669-4236,New Bern,United States,96222,Mississippi,1167 Denslowe,1996-01-22,Animation
crmid:3422734698,carmina1912@gmail.aephandson.com,Leroy,Everett,,655-317-0321,Vincennes,United States,68933,Alabama,1111 Gordon,1981-07-12,Drama
crmid:9439223632,equilibrio1815@yandex.aephandson.com,Yuette,Sosa,female,517-446-2138,Cornelius,United States,51869,Alaska,846 Acevedo,1950-09-27,News
crmid:8318411995,fairy1997@live.aephandson.com,Latesha,Everett,female,729-064-7876,Xenia,United States,22337,Louisiana,731 Carolina,1957-05-09,Action
crmid:6803115882,debilitate2016@yahoo.aephandson.com,Elijah,Dickerson,,359-146-8307,Mamaroneck,United States,91413,Washington,699 Quane,1986-03-26,Biography
crmid:1707985247,labrus1995@yahoo.aephandson.com,Gustavo,Richards,,749-105-4688,Pleasant Grove,United States,93473,Vermont,453 San Carlos,1974-06-10,History
crmid:7794568693,tunisians1952@live.aephandson.com,Noel,Tanner,,443-930-2811,Milpitas,United States,82473,Maryland,1022 Agnon,1991-07-08,Comedy
crmid:2659691355,wended2018@yahoo.aephandson.com,Azzie,Carr,female,931-639-0255,Collinsville,United States,07689,Missouri,284 Clyde,1949-01-05,Sport
crmid:3709073966,bande1892@outlook.aephandson.com,Jan,Boone,,812-141-0982,Kinston,United States,31275,Idaho,968 Ramsel,1978-06-18,Biography
crmid:3807166785,poule1979@gmail.aephandson.com,Jeffry,Vasquez,,321-291-6652,Lake Zurich,United States,83842,Connecticut,932 Miramar,1980-07-31,Reality-TV
crmid:9394654992,imprejudice1815@yandex.aephandson.com,Wyatt,Robinson,male,648-313-1771,Beaumont,United States,51064,Ohio,259 Maiden,1936-10-25,Family
crmid:8335832398,peller1846@yandex.aephandson.com,Jerold,Mcpherson,,757-628-8390,Longview,United States,92925,Maryland,663 Cayuga,1984-05-20,Biography
crmid:7809333283,uniserial1807@gmail.aephandson.com,Toby,Whitaker,,686-728-4422,San Benito,United States,66621,California,30 Seville,1986-11-26,Fantasy
crmid:5889305976,bobby1859@outlook.aephandson.com,Dale,Rocha,,962-717-1395,Nashville,United States,64850,Delaware,1072 Tocoloma,1995-11-26,Drama
crmid:7248492717,nainsooks1871@yahoo.aephandson.com,Kelvin,Moses,,078-285-1342,Prescott,United States,91383,Michigan,1273 Valerton,1990-04-24,Westerns
crmid:9597419323,unfeasibleness2004@yandex.aephandson.com,Jarrod,Cantu,male,040-555-6725,Orlando,United States,77225,Montana,14 Cityview,1930-05-05,News
crmid:6641172392,cappadine1932@gmail.aephandson.com,Zackary,Robertson,,400-805-6908,Greenwood,United States,42792,New York,101 Spencer,1968-08-14,Thriller
crmid:9182199033,flabbiest1881@gmail.aephandson.com,Madalene,Sandoval,female,753-006-4447,Weslaco,United States,52791,Wyoming,1055 Redwood,1956-06-26,Fantasy
crmid:7108305383,whimbrels1987@outlook.aephandson.com,Kalyn,Burton,female,380-827-2516,Colleyville,United States,29571,Arkansas,515 Antonio,1949-04-04,Thriller
crmid:1121097538,embryony2008@yandex.aephandson.com,Jerry,Vargas,,222-730-1094,Sioux Falls,United States,63228,Oregon,521 Peter Yorke,1970-05-02,Westerns
crmid:7058424906,youse1823@yahoo.aephandson.com,Alane,Solis,female,021-560-0546,Duluth,United States,68240,Virginia,952 Cushman,1956-10-01,Biography
crmid:8723242170,ockster1958@gmail.aephandson.com,Byron,Gray,,701-888-0824,Walnut,United States,33990,Texas,201 Conrad,1970-05-11,Action
crmid:5738140965,chordate1885@gmail.aephandson.com,Buster,Copeland,,211-050-4957,Savannah,United States,20501,Rhode Island,889 Elk,1962-02-17,Reality-TV
crmid:1547664383,slither1956@yahoo.aephandson.com,Raelene,Lucas,female,616-692-5857,Derby,United States,65177,Kansas,1281 Eastman,1954-11-14,Fantasy
crmid:6667300692,electrified1814@gmail.aephandson.com,Rex,Rice,,007-472-9418,Gloucester,United States,58573,Ohio,94 Battery,1966-09-14,Drama
crmid:6547204391,adapa1903@outlook.aephandson.com,Leslie,Jackson,male,080-296-2518,Rancho Cucamonga,United States,83529,Colorado,237 Alviso,1939-06-15,Mystery
crmid:4482190072,tumion1896@outlook.aephandson.com,Faustino,Franco,,320-750-8048,Shawnee,United States,85791,Illinois,1137 Leland,1997-06-26,History
crmid:9303276166,cabrio2010@gmail.aephandson.com,Kandis,Sanchez,female,414-217-9398,Eugene,United States,20441,New Jersey,441 Rossmoor,1960-04-26,News
crmid:5576869443,portment1807@gmail.aephandson.com,Fernando,Sharp,male,349-750-9157,Pinole,United States,60875,Oklahoma,533 Stonecrest,1933-04-27,Thriller
crmid:7900590519,scuzzy2027@outlook.aephandson.com,Jamison,Mcguire,,225-214-0770,La Vista,United States,69865,Oklahoma,1330 Romain,1979-11-15,Biography
crmid:2503422603,inmeats1904@outlook.aephandson.com,Edward,Lott,,601-881-1956,Paragould,United States,34865,Delaware,804 Garden,1974-08-14,Reality-TV
crmid:5878417924,grunting1835@live.aephandson.com,Zachary,Joyce,,121-748-6766,Rolling Meadows,United States,24584,California,219 Vallejo,1966-02-14,Thriller
crmid:6999367025,culet1844@live.aephandson.com,Reggie,Wolfe,male,761-638-8893,Thomasville,United States,14407,Texas,407 Beaver,1943-11-15,Comedy
crmid:4300666845,limbate1948@yandex.aephandson.com,Louie,Rodriguez,male,091-469-2999,Murfreesboro,United States,63912,Alaska,376 Jade,1994-10-02,Sport
crmid:3293325408,ericsson1812@yahoo.aephandson.com,Filiberto,Mckee,,292-224-1160,Huntington Park,United States,46553,Wyoming,109 Atalaya,1974-08-29,Mystery
crmid:2118996185,acree1904@yandex.aephandson.com,Tracy,Foster,,707-640-8472,La Verne,United States,22585,South Dakota,93 Brookhaven,1979-05-23,Fantasy
crmid:4394293062,paediatric2043@live.aephandson.com,Brice,Shaffer,male,505-767-8270,Broadview Heights,United States,09719,North Carolina,1315 Wisconsin,1941-02-27,News
crmid:7685764442,prosecutor2010@gmail.aephandson.com,Alejandro,Velasquez,,398-523-4718,Selma,United States,32794,North Dakota,717 Pine,1970-01-08,Family
crmid:5169255484,liger1855@outlook.aephandson.com,Melda,Blanchard,female,385-158-9745,El Monte,United States,35193,New Hampshire,277 Wright,1958-06-03,Comedy
crmid:3304367726,switchers2054@live.aephandson.com,Kathe,Mckenzie,female,539-734-0050,Detroit,United States,24453,Kentucky,706 Avoca,1954-05-19,History
crmid:9705589507,cascarilla2000@yandex.aephandson.com,Felipe,Sargent,male,977-923-5602,Spring Valley,United States,92726,Illinois,1352 Catherine,1934-04-26,News
crmid:3098520578,greener1825@live.aephandson.com,Kip,Reese,,956-254-1535,Union City,United States,89736,Wisconsin,833 Maynard,1970-06-25,News
crmid:8324295408,cervid1889@yandex.aephandson.com,Cristopher,Torres,,940-975-8586,Muncie,United States,88846,Texas,367 Congo,1994-08-27,News
crmid:6311969695,disorderer1922@live.aephandson.com,Simona,Stevenson,female,336-267-8978,El Cerrito,United States,46093,Vermont,886 Lindsay,1958-08-28,Animation
crmid:4885165369,rhinoceros2014@yahoo.aephandson.com,Wyatt,Weeks,,705-242-4226,Mint Hill,United States,07965,Ohio,1190 Adele,1991-02-06,Horror
crmid:6919786060,discussant2011@yandex.aephandson.com,Willie,Byers,male,044-941-1488,Athens,United States,51680,New Mexico,920 San Miguel,1934-10-04,Action
crmid:4828289434,adolphe1956@gmail.aephandson.com,Rhett,Walter,,427-400-4461,Hannibal,United States,05985,Maryland,1022 Cameron,1969-01-18,History
crmid:6605481671,ulonata1923@gmail.aephandson.com,Agustin,Riddle,,733-710-8129,Grants Pass,United States,90470,California,494 Ardenwood,1967-01-25,Mystery
crmid:8343472439,callorhynchidae2017@outlook.aephandson.com,Pat,Shaw,,681-276-8109,Weatherford,United States,68588,New Hampshire,869 Ventura,1965-09-05,News
crmid:5237222702,exotic2005@yahoo.aephandson.com,Onie,James,female,403-543-4312,Columbia,United States,74944,Colorado,726 West Portal,1949-07-15,Sport
crmid:5161781689,massekhoth2024@gmail.aephandson.com,Kyle,Lamb,male,874-896-3073,Apex,United States,31487,New York,1287 Del Vale,1933-06-17,Account Cancelation
crmid:9496778948,lifters1865@live.aephandson.com,Shoshana,Rasmussen,female,072-663-1648,Colton,United States,44107,Maine,1288 Eighth,1949-08-24,Action
crmid:3532769361,mavie1808@yandex.aephandson.com,Randy,Lara,,406-906-6561,Kenosha,United States,18754,Florida,36 Kirkwood,1977-02-27,Fantasy
crmid:3527192947,ethelyn1996@outlook.aephandson.com,Keli,Collins,female,596-305-2531,St. Peters,United States,22666,North Dakota,141 Manseau,1956-05-06,Family
crmid:2916102404,eeeeee1930@outlook.aephandson.com,Pedro,Hudson,,333-132-0572,Massillon,United States,01441,Illinois,685 Marietta,1988-01-13,Mystery
crmid:4818434259,publicness1871@outlook.aephandson.com,Debroah,Patel,female,873-591-3245,Oakland Park,United States,26331,Mississippi,399 Emil,1957-02-23,Sport
crmid:4167044909,bedlamps1864@outlook.aephandson.com,Jere,Mccoy,,174-974-7310,Miami Beach,United States,23576,Delaware,470 Essex,1990-04-10,Reality-TV
crmid:3773762453,apathies2019@outlook.aephandson.com,Wilbur,Mckay,,424-484-9933,Valparaiso,United States,33769,Wisconsin,880 Texas,1978-07-10,Sport
crmid:3537550074,wolverine1876@yahoo.aephandson.com,Arlean,Strong,female,311-472-4028,Fayetteville,United States,67878,Kentucky,933 Dorantes,1961-11-27,Reality-TV
crmid:8780116691,bateau1856@gmail.aephandson.com,Earnest,Calderon,,975-001-8505,Naperville,United States,33108,Delaware,1109 Stevenson,1995-07-01,Family
crmid:7045846812,incognitos1949@live.aephandson.com,Rosendo,Roman,male,494-563-0905,Pleasant Hill,United States,07924,Rhode Island,1365 Pollard,1935-08-25,Action
crmid:5343373392,sigmodont2027@yahoo.aephandson.com,Floyd,Morin,,800-926-9200,Richardson,United States,23869,New Hampshire,160 Child,1966-06-11,Biography
crmid:7888935807,oilfish1944@yahoo.aephandson.com,Reed,Gamble,,804-730-7023,Forest Lake,United States,24422,Nevada,40 Chatham,1962-05-26,History
crmid:4634759092,dynatrons1875@yandex.aephandson.com,Lyndon,Luna,male,487-482-9250,St. Paul,United States,06315,Alaska,425 Still,1940-11-25,Sport
crmid:8566385103,faller1912@outlook.aephandson.com,Edmond,Vinson,male,828-206-7104,University City,United States,89198,Maine,1303 Gerard,1942-03-30,News
crmid:6084427745,evenfalls2046@yandex.aephandson.com,Lynwood,Russo,male,810-719-6340,Rutherford,United States,73151,Maine,1356 Comerford,1945-07-26,Biography
crmid:8289357776,ambitious1928@gmail.aephandson.com,Luis,Irwin,,679-987-1171,Logansport,United States,61340,Texas,1349 Hooker,1983-11-21,Comedy
crmid:3226759910,paunchful1898@live.aephandson.com,Geraldo,Klein,,123-467-0831,Lincoln Park,United States,58224,Illinois,278 San Andreas,1983-09-01,Horror
crmid:1485613251,together1846@yandex.aephandson.com,Ronald,Walter,,602-927-5798,Shelbyville,United States,73194,Illinois,490 Cecilia,1973-05-06,Reality-TV
crmid:5127081312,gut1858@yandex.aephandson.com,Jefferson,Hendrix,male,061-170-3727,Vineland,United States,72981,Colorado,1364 Genoa,1938-05-13,Fantasy
crmid:8575833002,bechern1940@yahoo.aephandson.com,Roger,Hendricks,male,180-383-0054,Taylor,United States,03391,Maryland,632 Battery East,1933-08-13,Action
crmid:8213112914,overdogs2063@gmail.aephandson.com,Gricelda,Short,female,665-910-4137,Encinitas,United States,10566,Pennsylvania,1376 Waltham,1959-04-27,Fantasy
crmid:1997098414,dosers2049@yahoo.aephandson.com,Aron,Mcgee,male,571-904-6811,Anacortes,United States,65151,Hawaii,336 Linda,1932-12-02,News
crmid:9752165702,solver1912@yandex.aephandson.com,Gabriel,Fuller,,554-205-0580,Holland,United States,94933,Iowa,1197 Welsh,1972-06-15,Fantasy
crmid:3979602858,bromes1866@yandex.aephandson.com,Luigi,Horton,,784-262-2461,Marysville,United States,36993,Illinois,1172 Fratessa,1987-07-02,History
crmid:8763411432,reddeer1835@live.aephandson.com,Stevie,Levy,,723-311-8344,Sahuarita,United States,37928,North Dakota,935 Trader Vic,1973-11-24,Reality-TV
crmid:6523042384,staminigerous1806@outlook.aephandson.com,Guadalupe,Parsons,,353-069-4645,La Quinta,United States,76429,Oregon,236 Amazon,1979-12-17,News
crmid:9762082972,webster1885@yahoo.aephandson.com,Leroy,Spence,,602-581-1070,Pocatello,United States,88615,Minnesota,618 Mullen,1972-11-21,Animation
crmid:3538341383,nonblooming1861@outlook.aephandson.com,Francisco,Baird,,299-293-9233,Hallandale Beach,United States,86420,North Carolina,803 Corbin,1969-11-30,Fantasy
crmid:9571012473,daleth1929@live.aephandson.com,Gerald,Wallace,female,643-747-5105,Dixon,United States,59124,Colorado,671 Rosemary,1955-10-06,Animation
crmid:2747601290,ventages1829@live.aephandson.com,Ramon,Payne,male,897-319-3671,Normal,United States,78686,Nevada,981 Bluxome,1998-12-25,Reality-TV
crmid:1471968033,elided1951@gmail.aephandson.com,Avril,Burks,female,549-882-4188,Cincinnati,United States,09064,Rhode Island,760 Scotland,1947-01-04,Family
crmid:5045067807,brainwasher2039@yahoo.aephandson.com,Terisa,Alvarado,female,063-691-8213,Westerville,United States,96568,West Virginia,748 Carrizal,1956-11-20,Biography
crmid:2012600996,beetle2006@gmail.aephandson.com,Randee,Alexander,female,626-555-7336,Chicago,United States,48162,Tennessee,291 Sunnyside,1947-07-01,Animation
crmid:5533442605,aciduria2061@outlook.aephandson.com,Mitchel,Ross,,166-299-0070,Macomb,United States,18611,Wyoming,1045 Waverly,1985-03-28,Biography
crmid:3063199285,bulgaria1841@gmail.aephandson.com,Blake,Bailey,,933-858-6654,Lumberton,United States,12808,Colorado,766 Waller,1985-03-03,Thriller
crmid:8545067530,nonmarriageableness1836@yandex.aephandson.com,Randall,Matthews,,580-200-9914,Sumter,United States,24468,California,1133 Piper,1962-05-15,Comedy
crmid:2751625221,tuke2018@live.aephandson.com,Marx,Carr,female,764-717-5526,Decatur,United States,73458,Wisconsin,1248 Arthur,1953-12-25,Horror
crmid:1873221141,augends2045@yahoo.aephandson.com,Cole,Harrison,,728-787-9330,Lackawanna,United States,87413,New Mexico,510 Moulton,1979-11-23,Fantasy
crmid:3755995912,siciliano2048@live.aephandson.com,Augustine,Owen,,522-739-8641,McAllen,United States,02561,New Mexico,444 Sydney,1988-01-28,History
crmid:5049656341,aporia1850@yandex.aephandson.com,Jamaal,Kramer,,700-295-0520,St. Cloud,United States,47702,Indiana,780 Cherry,1990-12-25,Fantasy
crmid:8641250938,sylvanitic1891@outlook.aephandson.com,Burton,Mathis,male,157-629-7563,Warrensburg,United States,05111,Oregon,792 Legion,1942-02-18,Biography
crmid:3352329206,deprive1945@yahoo.aephandson.com,Leif,Horne,male,121-058-1764,Blaine,United States,34821,Louisiana,161 Euclid,1939-06-14,Fantasy
crmid:2465671525,arpen2021@yandex.aephandson.com,Valeri,Carney,female,070-012-1513,Christiansburg,United States,51900,Alabama,34 Legion Of Honor,1947-09-05,News
crmid:4109370181,hiddenmost1904@yahoo.aephandson.com,Oren,Koch,,330-946-9199,Yonkers,United States,37074,Massachusetts,420 Oakhurst,1980-09-26,Reality-TV
crmid:4064336023,merrily1936@live.aephandson.com,Randolph,Campbell,,079-228-3835,Kingsville,United States,36157,Michigan,1003 Barnard,1978-06-19,Account Cancelation
crmid:9147611495,optimize2001@yandex.aephandson.com,Kennith,Garrison,male,748-820-4775,Prescott Valley,United States,07303,Idaho,959 Olmstead,1935-11-24,History
crmid:2728359107,calfret2044@yandex.aephandson.com,Candie,Morton,female,459-808-9578,Delano,United States,76284,Louisiana,1151 Royal,1954-12-03,Thriller
crmid:9370551242,paellas2054@live.aephandson.com,Logan,Lang,male,750-287-3212,Burlington,United States,39894,Kentucky,1167 Rosa Parks,1943-06-17,Thriller
crmid:7839080958,verdurer1882@outlook.aephandson.com,Antoine,Mclean,male,189-892-6132,Cartersville,United States,05118,California,547 Peru,1944-01-19,Fantasy
crmid:3466068708,brunel1885@outlook.aephandson.com,Meda,O'brien,female,563-881-6467,Prior Lake,United States,16577,Hawaii,1084 Lansing,1950-06-22,Drama
crmid:5998286565,reindeer1993@yahoo.aephandson.com,Garrett,Burnett,,178-754-7283,North Little Rock,United States,44780,Iowa,546 Converse,1998-08-26,Reality-TV
crmid:1566775841,apparition1910@live.aephandson.com,Damian,Spears,male,971-245-8217,Blaine,United States,88499,Texas,342 Van Ness,1939-02-27,Action
crmid:6057105073,cassondra1908@outlook.aephandson.com,Lesley,Grimes,,828-554-8089,San Jacinto,United States,48236,Pennsylvania,2 Gibb,1987-01-10,Sport
crmid:5269972724,bardolph1865@yandex.aephandson.com,Michal,Parks,,311-619-5002,Hermosa Beach,United States,48666,Vermont,387 Encinal,1971-08-13,Mystery
crmid:6375762524,recreations1801@live.aephandson.com,Vince,Garrett,,052-235-2986,North Royalton,United States,67878,California,657 Winter,1999-11-30,News
crmid:1225624116,apophysis1990@yandex.aephandson.com,Ike,Dyer,male,661-791-4926,St. George,United States,62236,South Dakota,229 Pueblo,1940-05-09,Sport
crmid:1890641582,adhesive2043@live.aephandson.com,Lili,Jones,female,173-046-4186,Vero Beach,United States,13939,New Mexico,259 Conservatory,1946-11-10,Reality-TV
crmid:4208039766,athenor1812@yandex.aephandson.com,Pat,Gillespie,male,646-186-4652,Mustang,United States,14206,Nevada,367 Fell,1995-02-20,Horror
crmid:4036262261,ericsson1822@outlook.aephandson.com,Pierre,Carr,,602-702-0485,Madison,United States,89448,Mississippi,167 Beaumont,1985-01-31,Sport
crmid:7495026347,albatross1866@live.aephandson.com,Gabriel,Walls,,848-438-7504,West Des Moines,United States,53062,New Hampshire,1216 Temescal,1996-08-11,Comedy
crmid:8420453237,phalaropodidae2045@outlook.aephandson.com,Craig,Webb,male,991-548-7506,Alice,United States,51587,Kansas,1009 Crestwell,1931-10-30,Horror
crmid:4349866127,bocoy2022@yandex.aephandson.com,Herman,Wall,male,315-766-6129,Beverly,United States,21440,Georgia,1248 Tomaso,1939-05-30,Thriller
crmid:1219602680,creamier2063@gmail.aephandson.com,Tyson,Nelson,,848-845-7531,Taunton,United States,23505,Utah,623 Thomas Mellon,1966-04-13,Westerns
crmid:3993137024,nervimuscular1848@yahoo.aephandson.com,Loreta,Koch,female,756-399-5617,Conroe,United States,58490,Wisconsin,1310 Ridge,1950-10-27,News
crmid:7270115826,clandestine1894@live.aephandson.com,Ernesto,Blake,,418-197-2214,Manhattan Beach,United States,40148,Texas,1269 Yorba,1986-07-29,Action
crmid:7023014234,adamant1935@yahoo.aephandson.com,Halina,Salazar,female,239-067-7189,Rowlett,United States,21828,Maine,1099 Mount Vernon,1956-10-07,News
crmid:2378978085,jocund1824@yahoo.aephandson.com,Kiyoko,Levine,female,985-054-0629,Pleasant Grove,United States,15209,Rhode Island,96 Arbol,1950-05-17,Biography
crmid:7514156541,hydrome1904@gmail.aephandson.com,Hal,Welch,,888-910-3604,St. Marys,United States,36469,North Dakota,586 Garnett,1978-11-23,Fantasy
crmid:1724904340,ectozoans1953@outlook.aephandson.com,Luther,Romero,male,746-512-2028,Santa Paula,United States,03742,Wisconsin,911 Texas,1934-06-25,Sport
crmid:7306034309,codens2047@outlook.aephandson.com,Norbert,Johnson,,220-977-4007,Hopkinsville,United States,99246,Washington,576 Sierra,1973-06-30,Westerns
crmid:1378979609,anesthetize1941@live.aephandson.com,Roderick,Best,,375-431-8936,Quincy,United States,64904,Louisiana,761 Pinehurst,1970-07-12,News
crmid:9100171805,unsaturation1875@gmail.aephandson.com,Gustavo,May,,205-892-0432,Tulsa,United States,42220,South Carolina,460 Division,1987-12-07,Reality-TV
crmid:6972056512,dower1807@yahoo.aephandson.com,Jude,Ramirez,,583-853-1951,Fountain,United States,30321,Alabama,1224 Houston,1963-07-25,News
crmid:1556678643,centuple1875@live.aephandson.com,Wes,Hyde,male,349-875-5069,Bellaire,United States,56113,New Mexico,23 Boyd,1937-10-15,Animation
crmid:7903377244,dimetry2042@live.aephandson.com,Mica,Grant,female,294-900-4406,Charleston,United States,93774,Tennessee,280 Selma,1946-06-12,Drama
crmid:8799623406,calabrese1827@gmail.aephandson.com,Kayleigh,Melton,female,313-857-4838,Temple,United States,29600,Massachusetts,209 Double Rock,1961-05-20,News
crmid:8716862671,remake1863@yahoo.aephandson.com,Hassan,Jackson,,664-841-6327,Germantown,United States,02431,South Carolina,1025 Samoset,1966-01-02,History
crmid:4735038818,unchoking1838@outlook.aephandson.com,Lincoln,Booker,male,939-574-0533,Cape Girardeau,United States,60635,Illinois,961 Spring Valley,1944-12-12,News
crmid:9348350396,baldric1961@gmail.aephandson.com,Vincent,Norris,,267-579-8676,Lake Forest,United States,05957,Wyoming,497 Lurmont,1980-01-11,Animation
crmid:3453674823,unknots1929@outlook.aephandson.com,Rafael,Stokes,male,608-079-9234,Carmel,United States,89571,North Dakota,1313 Alameda,1944-08-28,Biography
crmid:3534438510,pelican1958@live.aephandson.com,Al,Hamilton,male,940-778-9946,Broken Arrow,United States,04055,Connecticut,18 South Hill,1941-01-12,Thriller
crmid:9594477457,mutawalli1907@yahoo.aephandson.com,Sona,Sosa,female,578-400-0661,Oak Lawn,United States,14360,Oregon,119 Patten,1949-11-16,Fantasy
crmid:4156511355,pangamous2039@gmail.aephandson.com,Nicolas,Delgado,male,921-991-8319,Orinda,United States,87254,West Virginia,423 Hicks,1930-07-08,Fantasy
crmid:1050277901,electrocute1962@yandex.aephandson.com,Wiley,Larsen,,952-415-1357,St. Peters,United States,20558,Massachusetts,1207 Constanso,1966-01-04,Thriller
crmid:2935003796,tenons1869@gmail.aephandson.com,Edwardo,Matthews,,545-661-8532,Kingman,United States,62795,Arkansas,45 Davenport,1977-10-09,Thriller
crmid:3829645104,fugio1897@live.aephandson.com,Alexander,Lowery,,635-883-7800,Lompoc,United States,04608,Iowa,1360 Florence,1984-01-14,Horror
crmid:9844206575,bromhydric1970@yahoo.aephandson.com,Phil,Abbott,,390-244-2854,Palos Hills,United States,26909,Michigan,683 Prado,1966-01-22,Biography
crmid:8716979803,amberoid1925@yahoo.aephandson.com,Raleigh,Harris,male,064-210-9810,Vancouver,United States,80338,Alabama,1020 Jauss,1931-08-13,Reality-TV
crmid:1453342941,edomitish2049@yahoo.aephandson.com,Francesco,Vaughn,,842-214-9494,Middletown,United States,91723,New York,205 Robblee,1990-06-07,Biography
crmid:2070884773,monkhood2040@yahoo.aephandson.com,Gus,Vincent,,000-878-3462,Marshall,United States,77792,Mississippi,1399 Eighth,1987-02-25,Animation
crmid:2621059546,nonfossiliferous1851@outlook.aephandson.com,Leanora,Faulkner,female,787-984-7583,Farmington,United States,26178,Virginia,408 Mission Rock,1961-05-09,Family
crmid:5770545987,cabinda1909@yahoo.aephandson.com,Rey,Summers,,084-396-8165,Lindenwold,United States,55485,South Carolina,1005 Gladstone,1983-09-16,Thriller
crmid:6177198239,bedlamite2031@yandex.aephandson.com,Scott,Strickland,female,758-861-0325,Panama City,United States,14827,Kentucky,1033 R,1951-12-15,Reality-TV
crmid:3838845529,workaholics2014@outlook.aephandson.com,Dalene,Payne,female,004-174-4355,Palmetto Bay,United States,81158,Pennsylvania,859 Wheat,1947-10-04,History
crmid:6587703483,sundayism2040@gmail.aephandson.com,Tyrell,Blackwell,,802-924-1874,Lake in the Hills,United States,78570,New Mexico,90 Parsons,1980-07-28,Sport
crmid:6141369664,celloid1990@outlook.aephandson.com,Hugh,Chan,male,923-092-7399,Bettendorf,United States,92953,Indiana,648 Hattie,1938-05-06,Westerns
crmid:5347302735,explorers1849@yahoo.aephandson.com,Renato,Powell,male,561-685-0435,Sparks,United States,17909,North Carolina,1326 Rickard,1944-08-24,Thriller
crmid:7027622158,elk1927@outlook.aephandson.com,Florrie,Houston,female,446-281-2340,Claremore,United States,99524,New Jersey,573 Olney,1948-03-14,Mystery
crmid:2173802284,schuit2005@live.aephandson.com,Nicholle,Neal,female,008-733-7992,Dover,United States,39240,Connecticut,166 Walbridge,1955-07-21,Biography
crmid:2950682214,kinkajou1892@gmail.aephandson.com,Clifford,Weiss,male,767-797-5350,Mountain Brook,United States,07951,West Virginia,272 Oakwood,1994-01-20,Animation
crmid:5163844442,abundantia1952@yandex.aephandson.com,Jesse,Melton,,419-596-9305,Leavenworth,United States,46382,Texas,944 Lawton,1981-08-03,Biography
crmid:6908131329,shipwrecky1999@yandex.aephandson.com,Maxwell,Larsen,male,336-064-5406,Vernon Hills,United States,07758,Missouri,740 Mcallister,1939-12-24,Action
crmid:3797864318,constitutions2031@outlook.aephandson.com,Napoleon,Mack,,927-555-6780,Mineola,United States,42549,Oregon,488 Roach,1991-08-02,Comedy
crmid:8002929695,dazing2067@yandex.aephandson.com,Irwin,Morales,,008-837-1333,Sugar Hill,United States,85851,Louisiana,297 Crisp,1964-10-05,Reality-TV
crmid:5729472366,presecuring1837@yahoo.aephandson.com,Kyle,Harrison,,475-365-3498,Miami Lakes,United States,82623,California,524 Buckingham,1990-09-09,Family
crmid:8072125858,insular1983@live.aephandson.com,Allen,Lindsey,female,678-556-0473,Schaumburg,United States,99104,Minnesota,1151 North Van Horn,1999-03-01,Action
crmid:1535753155,okinagan1882@yahoo.aephandson.com,Archie,Walsh,,620-272-2692,Olympia,United States,53440,Mississippi,329 Dormitory,1994-06-19,Reality-TV
crmid:8930750990,blanca2013@gmail.aephandson.com,Theo,Perry,,976-734-3188,San Juan,United States,55817,Colorado,1302 Vicksburg,1967-09-21,Thriller
crmid:3788750492,embittered1813@yandex.aephandson.com,Nigel,Chambers,,375-703-0343,Kirkland,United States,48912,Louisiana,1193 Lincoln,1978-08-30,Animation
crmid:2785670160,creen1972@gmail.aephandson.com,Maria,Phelps,,351-090-3772,West Chicago,United States,36897,Michigan,1173 Mahan,1971-03-23,Action
crmid:4700128530,goatroot1869@gmail.aephandson.com,Darrin,Spears,,638-904-4144,Forest Park,United States,75105,West Virginia,634 Darrell,1962-07-17,Action
crmid:8679734280,detours1801@outlook.aephandson.com,Denae,Kane,female,234-372-2484,Cleburne,United States,17502,Michigan,431 Rossi,1948-02-16,Sport
crmid:5151010787,suppleness1901@yahoo.aephandson.com,Douglass,Adams,,464-596-1681,Mauldin,United States,87486,Alabama,967 Hudson,1988-12-11,Thriller
crmid:4703385932,shove2046@yahoo.aephandson.com,Rashad,Acosta,male,395-028-1215,Wildwood,United States,09274,North Dakota,461 Tiffany,1932-08-01,Reality-TV
crmid:2509477839,bemar2048@live.aephandson.com,Pasty,Francis,female,811-749-6535,Edwardsville,United States,43415,Alabama,1059 Fourth,1958-07-10,Comedy
crmid:1452560682,electromassage2011@yandex.aephandson.com,Marna,Black,female,787-548-1030,Edgewater,United States,32413,Alabama,134 Thomas More,1958-06-03,Fantasy
crmid:5607561235,efficient1875@yahoo.aephandson.com,Reiko,Wooten,female,941-102-0841,Villa Park,United States,78931,Kansas,986 Rico,1946-07-31,Westerns
crmid:1716906251,powered2040@outlook.aephandson.com,Jae,Morin,,425-526-0226,West Chester,United States,95642,Louisiana,962 Niantic,1976-11-24,Comedy
crmid:2171261607,hymenium2019@outlook.aephandson.com,Joel,Wilson,,833-092-7181,Goldsboro,United States,83358,Ohio,266 Raycliff,1967-05-12,Animation
crmid:6921175606,nonsubject1804@outlook.aephandson.com,Justin,Johnston,,871-632-7966,Tinley Park,United States,74538,Ohio,1302 Alta Mar,1983-02-17,News
crmid:7659676427,millage1834@live.aephandson.com,Lindsay,Guerrero,,123-625-1677,Raytown,United States,37233,Iowa,1039 Broderick,1978-12-15,Action
crmid:7199951422,cornice2057@yandex.aephandson.com,Cruz,Mckinney,,932-992-3263,Missouri City,United States,45506,Colorado,1236 Lucky,1992-07-13,Thriller
crmid:8551702657,diploplaculate1888@yandex.aephandson.com,Estefana,Parrish,female,196-519-1879,Claremont,United States,19181,North Carolina,1161 Fairmount,1947-03-23,Sport
crmid:6749922927,lemming1879@live.aephandson.com,Johnson,Hull,male,672-454-8223,Stafford,United States,07431,Texas,861 Galilee,1933-12-10,Drama
crmid:5269587260,appraisal1906@live.aephandson.com,Murray,Whitley,,994-821-0862,North Ridgeville,United States,67967,New York,1232 Geneva,1999-11-13,Action
crmid:9002176693,woodcrafty1974@gmail.aephandson.com,Agueda,Washington,female,745-664-8836,Shawnee,United States,29305,California,1395 Western Shore,1957-01-30,Animation
crmid:9108480243,outthrew1865@live.aephandson.com,Moises,Perkins,,532-512-7887,Olympia,United States,37176,Tennessee,262 Crissy Field,1971-02-25,History
crmid:3090776961,dejected1889@live.aephandson.com,Ryan,Kim,,261-496-1933,Lodi,United States,55739,Vermont,999 Stoneybrook,1983-09-01,Mystery
crmid:4568827055,coaly1884@yandex.aephandson.com,Josh,Randall,,245-961-0154,Kokomo,United States,46973,Hawaii,752 Holladay,1978-08-10,News
crmid:8942268026,fumous2049@yandex.aephandson.com,Alec,Cook,,322-167-9398,Manchester,United States,23016,New York,673 San Jacinto,1986-05-13,Reality-TV
crmid:2492970857,aluminum1814@gmail.aephandson.com,Jon,Wolf,,075-162-1583,Michigan City,United States,31830,Alaska,1196 Calgary,1990-06-05,Fantasy
crmid:1209815934,overspeculation1890@outlook.aephandson.com,Clifton,Peters,,691-751-0295,Hinesville,United States,46751,Rhode Island,59 Dwight,1972-08-07,Family
crmid:8622635701,cassandra1812@yahoo.aephandson.com,Joseph,Fry,male,188-577-9162,Post Falls,United States,03389,North Carolina,169 Douglass,1935-11-11,News
crmid:1728244727,revivals1982@yandex.aephandson.com,Franklyn,Hogan,,994-582-9427,Tallmadge,United States,75104,Ohio,1136 Montalvo,1977-09-19,Thriller
crmid:2063752638,delight1821@outlook.aephandson.com,Viki,Stewart,female,682-997-3736,Edina,United States,57666,Ohio,751 Bayview Park,1958-09-28,Reality-TV
crmid:8558108140,chauffeur1880@gmail.aephandson.com,Merle,Freeman,,341-116-9694,Greensboro,United States,69193,Arizona,323 Yacht,1968-11-09,Biography
crmid:2339604723,cuisse1921@live.aephandson.com,Ryan,Beach,male,133-684-1886,Aventura,United States,53508,Illinois,1025 Megan,1935-09-02,Action
crmid:8137257864,cephalins2021@yahoo.aephandson.com,Andera,Bailey,female,969-622-0262,Round Lake Beach,United States,75049,Washington,1319 Wawona,1948-10-01,Biography
crmid:5863846698,redias1905@yandex.aephandson.com,Raymond,Barrett,male,376-047-2969,Bixby,United States,42237,Tennessee,172 Reuel,1939-08-02,Mystery
crmid:7285732078,sculpt1871@outlook.aephandson.com,Jamey,Mejia,,647-317-1433,Rancho Mirage,United States,47425,Ohio,799 Dearborn,1989-04-14,Reality-TV
crmid:2776182614,birretta1882@live.aephandson.com,Erminia,Fuentes,female,111-845-1258,Corcoran,United States,14111,Idaho,824 North,1950-03-10,News
crmid:6746624294,scatt1979@gmail.aephandson.com,Damion,Barker,,798-214-2620,Tuscaloosa,United States,29711,Alabama,717 Troy,1967-08-25,Animation
crmid:8033065298,poephaga1909@outlook.aephandson.com,Valentine,Valdez,male,140-588-4247,Ankeny,United States,55214,California,974 Treat,1932-09-29,News
crmid:2150980179,arbacia1956@yandex.aephandson.com,Matthew,Lynn,,910-572-9684,Rapid City,United States,30275,Tennessee,657 Lindsay,1972-12-04,Biography
crmid:4695291618,aerobatics1896@yahoo.aephandson.com,Eliseo,Osborne,,530-720-6201,Waco,United States,84875,Hawaii,1388 Ewing,1982-12-24,Animation
crmid:2401278592,unaborted1859@outlook.aephandson.com,Danny,Mason,male,639-027-7728,Cedar City,United States,81951,Massachusetts,734 Dorado,1945-03-18,Animation
