crmid,email,first_name,last_name,gender,mobile telephone,city,country,zip,state,street address,birthday,historicalpoints
crmid:1911250274,cobblerless2038@yandex.com,Norbert,Pollard,,545-418-2426,La Vista,United States,02997,South Dakota,627 Emma,1979-01-26,1878
crmid:3582143390,aichmophobia1819@yahoo.com,Louis,Forbes,male,176-848-0145,South El Monte,United States,03841,Iowa,304 Pioche,1933-11-12,492
crmid:2488440437,peddles2054@yandex.com,Alphonso,Riley,,237-975-1056,Hampton,United States,65024,Maryland,793 Huntington,1969-11-12,1563
crmid:9986627131,actiniochrome1918@yahoo.com,Stephnie,Taylor,female,198-705-6088,Rocklin,United States,15473,Iowa,257 Manor,1955-11-20,2879
crmid:6753814544,admedial2039@gmail.com,Donya,Holt,female,112-881-2221,Eden Prairie,United States,74841,Idaho,1227 Hillside,1957-12-05,2934
crmid:4169032514,unpracticable1905@yahoo.com,Elisha,Tate,,675-679-7984,Marquette,United States,12132,Montana,791 Niagara,1987-02-24,2781
crmid:5791584987,bolden1940@yahoo.com,Darren,Riley,,995-621-2104,Lynnwood,United States,17967,Washington,922 Lapu-Lapu,1985-04-29,2961
crmid:4450372099,turkophil1980@live.com,Maurice,England,,366-464-8238,Hagerstown,United States,01634,Minnesota,776 Rotteck,1969-01-10,1410
crmid:7905064845,incinerating1980@yandex.com,Jose,Knapp,male,276-452-0719,Angleton,United States,31932,West Virginia,1199 Lowell,1932-06-16,2945
crmid:3750183864,foreordaining1859@gmail.com,Jamie,Gutierrez,,845-716-4827,Surprise,United States,53876,Oregon,353 Northern,1996-07-24,1270
crmid:8340279442,epicentral1864@outlook.com,Jarred,May,,352-933-6672,Tucson,United States,46825,California,11 Craut,1987-12-07,2350
crmid:4558008215,cherries2063@live.com,Chassidy,Marsh,female,679-784-9369,Deer Park,United States,04535,Mississippi,1100 Sea View,1953-02-18,1488
crmid:3843334351,cantalas1858@yahoo.com,Micheline,Tillman,female,130-925-7073,South Holland,United States,16684,Illinois,560 Lexington,1955-11-21,1530
crmid:6479436394,davidian1850@gmail.com,Cecil,Franco,,631-775-3605,St. Cloud,United States,85238,Colorado,1 Legion Of Honor,1996-12-09,536
crmid:9709057568,emilee1927@gmail.com,Tanner,Blevins,,665-782-7427,Midland,United States,16576,Nevada,864 Homer,1990-02-16,1180
crmid:6435966422,cynthy2017@live.com,Jeffrey,Hebert,,841-893-0579,West Chicago,United States,55864,Maine,927 Palo Alto,1977-09-18,1467
crmid:4870070944,abrupt1987@live.com,Salvatore,Heath,,153-522-2290,Rancho Santa Margarita,United States,49830,New Mexico,1044 Fountain,1989-08-31,2091
crmid:9031048793,nonscraping1897@live.com,Mitzie,Morrow,female,788-638-0716,Dania Beach,United States,76817,Illinois,949 Weston,1952-12-13,760
crmid:8587268571,baldric1834@yandex.com,Olin,Rowland,,245-429-0165,Midvale,United States,72497,South Carolina,574 Broadmoor,1990-12-02,442
crmid:7356051073,schistous1836@yahoo.com,Shayne,Barr,,155-340-1119,Oviedo,United States,95580,Delaware,1170 Walter,1972-09-12,1328
crmid:7055494897,seldom1837@yahoo.com,Henry,Melendez,,307-021-0642,Irvine,United States,51230,Michigan,903 Brunswick,1975-09-13,588
crmid:6609388359,arteries1991@yandex.com,Milo,Bennett,male,458-063-7119,Alexandria,United States,41934,Oregon,27 Market,1931-07-02,2515
crmid:7750435705,penciled1827@gmail.com,Mario,Harrington,male,093-226-5758,Bangor,United States,63600,Alaska,573 Maiden,1936-11-24,1331
crmid:2486905191,novela1891@outlook.com,Carlos,Wheeler,,390-130-0980,Nashua,United States,78777,Georgia,1334 Sloat,1995-12-22,412
crmid:8884348722,vertebroiliac1851@yandex.com,Delmy,Guerra,female,990-936-2409,Talladega,United States,16326,Alabama,1135 Anson,1954-11-04,2833
crmid:9281535032,havanese1886@yahoo.com,Damion,Jacobson,,975-630-4619,Hazel Park,United States,54984,North Dakota,345 Zircon,1970-10-25,1814
crmid:5289496807,breton1911@yandex.com,Ken,Brock,,341-307-2890,Leominster,United States,44152,Arkansas,823 Long Bridge,1982-08-11,2910
crmid:5691416265,snips1834@gmail.com,Randall,Gallagher,,319-561-2090,San Rafael,United States,54934,Arizona,673 Brompton,1996-11-15,2174
crmid:5593028444,tandoori2025@yahoo.com,Trevor,Randall,,990-688-7282,Loveland,United States,78798,Massachusetts,902 Madrone,1984-07-28,1077
crmid:7971382433,haplome1926@gmail.com,Oswaldo,Davidson,,045-513-5030,Kingman,United States,75407,Kansas,39 Alta Vista,1977-08-19,2119
crmid:7894665979,disazo2000@yahoo.com,Brice,Hickman,,808-302-8357,Huntley,United States,71767,Nebraska,1089 Lake Merced Hill,1974-12-20,2070
crmid:3872521580,unstupid2009@gmail.com,Brooks,Levy,,713-401-3162,Wake Forest,United States,57208,Iowa,363 Phelps,1985-04-08,1984
crmid:2280357753,anthramin1877@live.com,Gregorio,Simmons,,443-338-1825,Fort Lauderdale,United States,19978,Indiana,786 Dorchester,1963-04-27,1750
crmid:8924853698,peddles1894@gmail.com,Vance,Walker,,776-514-7772,Port Hueneme,United States,42501,Wisconsin,1055 Burnside,1986-05-08,2328
crmid:3506777475,diets2026@yahoo.com,Tory,Walsh,female,796-788-1658,Yakima,United States,16538,Nevada,1234 Hamerton,1955-11-21,388
crmid:4307328424,nickers1838@yahoo.com,Alden,Battle,,722-377-8113,Huber Heights,United States,10037,California,311 Golden Gate,1973-02-08,2358
crmid:8148250986,defensor1846@live.com,Mitchel,Massey,,909-981-4947,Fond du Lac,United States,01448,Colorado,158 Mars,1962-01-08,1992
crmid:6632038160,brainwasher1971@live.com,Shon,Jensen,male,536-958-7660,Cedar City,United States,54935,Massachusetts,462 Sparrow,1945-09-15,1755
crmid:8023020241,downbeat1837@yahoo.com,Romeo,Delaney,male,832-192-0291,Wylie,United States,07230,New York,699 Topeka,1933-11-26,2729
crmid:6358985996,kilohertz1934@yahoo.com,Brendan,Greer,,375-916-2286,Granite City,United States,95743,California,1377 Italy,1967-10-18,2981
crmid:1456451237,unsurrealistic1807@yahoo.com,Kenneth,Shannon,male,706-317-8964,Bonney Lake,United States,98707,Arkansas,206 Marengo,1940-06-27,908
crmid:9486226951,content2038@gmail.com,Kristopher,Colon,,936-593-8637,North Port,United States,53773,Michigan,1380 Fern,1999-10-20,467
crmid:7466642366,ocelot1857@outlook.com,Jeffery,Benton,,962-650-1719,Modesto,United States,13295,West Virginia,1330 Jewett,1992-03-22,738
crmid:8249045877,necking1918@yahoo.com,Walter,O'connor,female,845-563-1766,Wilmington,United States,25320,New Hampshire,1050 Shields,1958-12-18,2534
crmid:2856284012,available1963@yandex.com,Greg,Sanders,,599-648-3181,Kalispell,United States,50264,Maryland,203 Van Keuren,1976-10-06,1347
crmid:9201770984,eurasian2005@yahoo.com,Joel,Nicholson,male,172-559-4872,Bell,United States,33417,Maine,787 Vista Verde,1937-05-21,2732
crmid:4344038347,colorate2000@live.com,Leandro,Griffith,,145-912-4230,Woburn,United States,79459,Virginia,731 Mill,1991-07-18,307
crmid:5813029806,persian1952@yandex.com,Raymon,Mcknight,,349-024-5537,Galesburg,United States,11858,Maryland,1069 Ledyard,1964-04-09,644
crmid:2593365392,disazo1883@yahoo.com,Alfonzo,Dickerson,,759-782-1352,Maricopa,United States,95202,Hawaii,1064 The Block,1987-10-19,415
crmid:6527026877,pyrogenicity1975@yandex.com,Miss,Vega,female,743-086-8138,Rock Island,United States,51913,Arkansas,866 Pemberton,1950-06-29,1615
crmid:5312842970,pager2017@outlook.com,Carrol,Strong,,100-428-5561,Hoffman Estates,United States,40834,Delaware,119 Dunnes,1972-08-18,1741
crmid:4360866377,clubbily1990@live.com,Forrest,Roberts,,434-041-6220,Leominster,United States,15897,Wyoming,349 Sergeant John V Young,1982-03-21,1055
crmid:8544751287,adumbrations1836@gmail.com,Johnathan,Mathews,,427-718-5522,Gadsden,United States,77038,California,1325 Bryant,1964-07-25,2544
crmid:6232178831,indignity1943@outlook.com,Sean,Dillon,,139-946-3306,Odessa,United States,40372,Oklahoma,869 Kent,1988-02-26,1119
crmid:6620484665,arienzo1942@yahoo.com,Sidney,Wagner,,980-219-6027,Stafford,United States,22953,Louisiana,101 Phelan,1963-02-08,2453
crmid:6613066834,expone2020@outlook.com,Benedict,Berg,,145-114-8081,Lino Lakes,United States,38970,Ohio,882 Alana,1983-06-21,1017
crmid:4368093878,dunsmore2014@yahoo.com,Enoch,Tanner,,895-885-3564,Greenacres,United States,36638,Nebraska,194 Precita,1968-07-22,979
crmid:2381290994,donned1879@yahoo.com,Rolf,Vazquez,,907-305-0779,Manitowoc,United States,51296,Idaho,637 Dudley,1986-10-31,1021
crmid:7897893311,levelheaded1944@yandex.com,Sook,Velazquez,female,815-630-7654,Opelika,United States,61952,Maine,21 Dolores,1953-08-29,514
crmid:3473614023,alshain1857@yandex.com,Irwin,Gilliam,,998-664-3509,Little Rock,United States,24381,Delaware,490 Perimeter,1983-04-01,872
crmid:3771075757,psychodispositional1860@outlook.com,Hugo,Wolfe,,816-453-3882,Homer Glen,United States,52699,South Carolina,1096 Cooper,1972-10-22,2128
crmid:5952665939,anthroxan2069@yandex.com,Wilfredo,Swanson,,681-144-1056,Geneva,United States,03527,South Carolina,733 Clearview,1965-01-08,2420
crmid:8558135031,affluent1984@outlook.com,Jaime,Hood,,221-412-2397,McMinnville,United States,54358,Louisiana,1189 Rausch,1988-09-27,2609
crmid:6168815164,consimilating1894@outlook.com,Mauro,Soto,,899-584-9016,Mustang,United States,40358,Idaho,1247 Dutton,1995-07-01,1061
crmid:2147783073,bergaptene1840@yandex.com,Alvin,Weber,,489-879-5843,La Verne,United States,09601,Washington,578 Calvert,1979-02-07,1663
crmid:6925491550,clannishly1835@yandex.com,Brant,Steele,,166-603-8744,Montebello,United States,57658,Florida,1347 Brookhaven,1992-09-21,883
crmid:9157530716,crab1952@gmail.com,Margareta,Myers,female,574-395-3069,Chula Vista,United States,86925,New Jersey,827 Mount Vernon,1947-06-21,827
crmid:3832176017,endocyemate2043@outlook.com,Lauren,Fox,,166-947-8546,Spokane Valley,United States,77757,Minnesota,1039 Lawrence,1985-01-24,2571
crmid:3242039422,stodger1930@live.com,Lupe,Hodge,,829-262-4923,Saratoga,United States,37264,Washington,522 Watchman,1975-03-23,2217
crmid:6640339086,ceremonies1879@yahoo.com,Esteban,Beasley,,798-922-2737,Mineola,United States,48193,Louisiana,1123 Duboce,1991-07-12,1051
crmid:5802799918,nonobstetrically1981@yahoo.com,Britt,Hyde,male,831-629-1584,Antioch,United States,03649,Georgia,574 Fauntleroy,1933-02-15,343
crmid:1442027026,battles1967@live.com,Vanda,Larson,female,742-702-9587,Riviera Beach,United States,15339,Nevada,691 Kendall,1953-09-17,564
crmid:8488131799,armour1819@yahoo.com,Leonarda,Livingston,female,352-501-0429,Statesville,United States,15203,Oregon,92 Hill Point,1948-05-17,727
crmid:5411368340,bulanda1865@outlook.com,Shelton,May,,652-956-0671,Olive Branch,United States,70375,North Carolina,263 Griffith,1986-01-09,2473
crmid:4336073216,amberous2007@live.com,Tomoko,Mccarthy,female,675-724-1295,Everett,United States,58468,Mississippi,1075 Andrew,1960-09-19,1298
crmid:3621158381,catawampus1971@yahoo.com,Arron,Mcguire,,109-411-4676,Poplar Bluff,United States,71678,Arizona,1239 Meda,1975-04-24,1493
crmid:1840329941,chela1956@yahoo.com,Jenee,Morrison,female,946-453-5474,St. Marys,United States,81896,California,296 Lippard,1946-04-21,797
crmid:8676666197,prisons1836@yahoo.com,Lucas,Haley,,746-108-4762,Kent,United States,24636,Pennsylvania,1189 Brush,1977-05-21,1797
crmid:5574309055,pedicab1914@outlook.com,Demarcus,Guerrero,male,255-426-4609,Biddeford,United States,93559,Massachusetts,1369 John Muir,1939-03-12,1906
crmid:8112687528,beebe1889@yahoo.com,Leonard,French,,621-849-8504,Tempe,United States,43338,Idaho,1334 Wyman,1986-03-12,1192
crmid:9260173110,bornagain1935@yandex.com,Lakita,Weeks,female,700-446-8710,Rogers,United States,61970,Kentucky,196 Seminole,1953-05-30,2149
crmid:1968472178,campane1903@outlook.com,Samual,Santiago,,506-749-8852,Meriden,United States,68055,California,178 Gambier,1989-11-15,2045
crmid:1755041230,celarent2020@yahoo.com,Ramiro,Sharpe,male,561-497-1409,Tulsa,United States,70437,Nevada,1223 Velasco,1932-08-27,2449
crmid:9908084364,couplet1800@gmail.com,Charlie,Koch,,474-647-7286,Sioux Falls,United States,47274,Arkansas,853 Acevedo,1990-03-26,1228
crmid:5961303365,atune1987@gmail.com,John,Hansen,,824-477-5995,Trussville,United States,43316,Mississippi,610 Camellia,1982-05-10,2218
crmid:4197696572,normalcy2036@yandex.com,Lang,Wood,female,981-563-3530,East Palo Alto,United States,22861,Missouri,1084 Dunsmuir,1957-05-31,2370
crmid:4884424881,content1841@live.com,Louis,Strong,male,850-497-1098,Aliso Viejo,United States,73669,Oklahoma,1214 Flood,1931-12-25,581
crmid:1686545817,affenpinscher1817@live.com,Pamelia,Bentley,female,265-404-3634,North Ridgeville,United States,58980,California,122 Baldwin,1999-10-08,2019
crmid:5088391479,upload1844@yahoo.com,Porfirio,Vaughn,male,076-006-6420,Cedar Falls,United States,43741,Oregon,166 El Verano,1945-08-29,315
crmid:4479031112,allegiances1893@live.com,Wallace,Jefferson,male,512-646-9071,Bell Gardens,United States,74411,Ohio,182 Fauntleroy,1937-10-15,2536
crmid:9189542476,deserving2001@gmail.com,Erin,Lancaster,,903-061-4082,Grand Forks,United States,66756,Montana,15 Indiana,1967-11-13,1154
crmid:1859365224,areopagite2053@outlook.com,Isiah,Christian,male,822-473-0675,Perrysburg,United States,68729,Michigan,915 Staples,1943-12-09,1228
crmid:6784100715,cruising2042@live.com,Kirby,Dillon,male,644-129-3127,Anoka,United States,34464,Montana,337 Danton,1933-06-08,897
crmid:6069821051,hocus1869@outlook.com,Bruno,Pena,male,469-535-4336,Ceres,United States,86691,Connecticut,614 Houston,1945-02-23,1289
crmid:8497774710,dijian2019@yandex.com,Delmar,Robertson,,569-491-7558,Modesto,United States,77669,Connecticut,454 De Soto,1992-08-26,368
crmid:6318675094,coyote2070@live.com,Cornell,Mccormick,male,464-018-3386,Carlisle,United States,61454,South Carolina,163 Potomac,1944-10-30,2834
crmid:7033146692,benjamite1809@outlook.com,Maxwell,Williamson,,341-250-5453,Franklin,United States,81358,Wyoming,677 Majestic,1963-05-04,914
crmid:2764314648,premillenarianism1894@yahoo.com,Abel,Lambert,,760-614-5508,Tiffin,United States,73247,North Carolina,465 Larch,1977-05-23,2315
crmid:7010696508,benzein1980@yahoo.com,Elisha,Underwood,,418-756-6886,Mequon,United States,09088,Mississippi,1346 Missouri,1989-02-20,1789
crmid:2904766264,zootaxy1913@yahoo.com,Parker,Garrett,,755-542-6450,Vero Beach,United States,63612,Massachusetts,456 Kirkwood,1969-09-22,2627
crmid:9370732348,headship1897@live.com,Perry,Mcdonald,,241-954-2185,St. Joseph,United States,84195,New Hampshire,390 Gardener,1968-07-22,1437
crmid:4462564954,takeaway1807@live.com,Louis,Justice,male,123-587-3166,Allentown,United States,84990,Georgia,722 Hester,1931-06-16,1366
crmid:8046252611,seiser2028@yahoo.com,Russell,Bird,female,971-016-9488,Portage,United States,51700,New Hampshire,262 Hearst,1953-07-03,683
crmid:7755697849,ladybugs2035@yahoo.com,Boyd,Knox,,077-145-8487,Fort Worth,United States,32494,Colorado,40 Escondido,1963-07-19,972
crmid:7084266216,anastasia2007@outlook.com,Fernanda,Petty,female,112-076-2055,Colleyville,United States,61852,Montana,404 Chester,1949-12-19,1265
crmid:3090731338,wangler1819@outlook.com,Elliott,Bird,,879-035-2764,Texarkana,United States,83266,Idaho,1379 Brook,1988-06-20,850
crmid:9814113520,superstardom1986@yandex.com,Lanny,Lawson,,028-589-8474,Lackawanna,United States,31952,Arkansas,1018 Arroyo,1979-06-29,1468
crmid:8091671925,alshain2051@gmail.com,Tequila,Schroeder,female,882-224-0233,Dublin,United States,85048,Tennessee,703 Lancaster,1956-09-26,1299
crmid:1366936576,bolden1845@yandex.com,Millard,Ochoa,male,077-394-1930,Baldwin Park,United States,76848,West Virginia,288 Butte,1935-07-22,2844
crmid:9563043917,wallet2047@live.com,Abel,Chapman,male,552-371-0872,Asbury Park,United States,03455,Kansas,819 Palou,1934-01-06,2947
crmid:8147269224,camelhair1868@yandex.com,Rogelio,Doyle,male,313-938-5182,Atlanta,United States,82613,Idaho,751 Rainey,1934-08-08,1838
crmid:3176015621,moralistic1894@outlook.com,Rocky,Barnett,male,150-535-7808,Opelousas,United States,19571,Hawaii,1093 Barry,1944-08-02,676
crmid:1694172799,bikini2012@yandex.com,Penney,Schwartz,female,900-787-5136,Cortland,United States,48191,North Dakota,466 Balhi,1951-07-26,639
crmid:6702225273,bickford2016@gmail.com,Denny,Henson,male,863-509-5841,Seaside,United States,14848,Rhode Island,745 Wyman,1944-03-13,1594
crmid:2354059154,peachen1806@outlook.com,Lincoln,Cooke,,362-024-8788,Lorain,United States,78810,Montana,174 Lopez,1984-12-02,400
crmid:1146098043,banda1951@yandex.com,Faustino,Mccall,,676-421-0370,Fontana,United States,21827,Georgia,1265 Lathrop,1962-04-22,2105
crmid:8478953258,rugal2002@gmail.com,Josiah,Collier,,655-438-5592,Kingsville,United States,74731,Washington,809 Boylston,1978-12-30,370
crmid:8375733612,constructor2050@gmail.com,Clora,Tyler,female,200-537-5547,Willmar,United States,98816,Nevada,277 Great,1959-02-28,397
crmid:6464474470,umiaq1951@yandex.com,Genaro,Santana,male,336-849-4271,Albuquerque,United States,77680,Arizona,1354 Moffitt,1931-04-26,878
crmid:7669569553,african2033@outlook.com,Max,Wood,male,841-938-7804,Alabaster,United States,93574,Missouri,281 Peninsula,1930-07-31,1404
crmid:4464666342,swingaround1811@outlook.com,Jarvis,Lowe,,368-561-8615,Greenfield,United States,43595,Alaska,678 Brumiss,1968-07-09,2950
crmid:2114590520,supersaturating1850@live.com,David,Barker,male,026-726-8018,Norristown,United States,71691,Virginia,1243 Chilton,1998-01-05,875
crmid:3553816093,coati1939@gmail.com,Tomas,Arnold,,404-170-4603,Morristown,United States,38051,Oklahoma,892 Josiah,1993-06-28,2621
crmid:4641593544,aspire1856@outlook.com,Brenton,Moreno,,036-898-4868,Jackson,United States,19641,California,678 Lulu,1975-02-01,985
crmid:9914202994,distances1823@outlook.com,Tomoko,Cohen,female,539-087-6757,East Palo Alto,United States,55053,Nevada,1081 Central,1957-09-06,1716
crmid:8551642342,berberine1941@live.com,Israel,Brennan,male,269-213-1012,Sun Prairie,United States,02889,Louisiana,1305 Horace,1931-05-04,693
crmid:6702550308,woodwaxen1858@live.com,Eugene,Mcconnell,male,838-950-8329,Bellingham,United States,14183,Wyoming,1183 Vara,1937-04-19,2370
crmid:4660330511,spectrochemical1966@outlook.com,German,Jarvis,,551-291-4933,South Gate,United States,31845,Massachusetts,1222 Converse,1974-03-11,2761
crmid:3717174537,ladyling1904@gmail.com,Marquis,Mason,,799-703-5324,South El Monte,United States,49230,Washington,420 Vienna,1991-05-31,631
crmid:3825862982,pewit1931@gmail.com,Charita,Wright,female,810-019-4853,Downers Grove,United States,00281,Arizona,147 Ship,1955-02-03,1705
crmid:9843091362,azhar1910@outlook.com,Simon,Hurley,,659-846-6186,Ruston,United States,23855,Pennsylvania,1002 Gold,1964-03-12,340
crmid:9419859128,scorpion1985@live.com,Augustus,Rutledge,,344-850-5410,Golden,United States,40778,Vermont,122 Mount,1966-08-01,1589
crmid:4820713962,asouth1819@yandex.com,Somer,Cameron,female,644-756-0362,Downers Grove,United States,42789,Missouri,195 Sabin,1955-08-05,1868
crmid:2825460082,rail1847@live.com,Cory,Reilly,,430-074-4976,North Augusta,United States,88936,West Virginia,371 Quane,1998-06-13,2898
crmid:8548498064,almadia1934@yandex.com,Duane,Melendez,male,752-275-9435,Reedley,United States,06556,Florida,899 Geary,1930-03-20,1342
crmid:3785701457,demised1840@gmail.com,Jospeh,Mayo,,181-565-4824,Oxnard,United States,85018,Oregon,268 Avenue I,1999-09-13,2700
crmid:1381603019,goldfish1878@yandex.com,Deon,Wilkinson,,936-650-2706,Memphis,United States,08621,Indiana,315 Parque,1989-01-24,2591
crmid:6425000721,gorilla2006@yandex.com,Edgardo,Foreman,,265-618-2096,Richardson,United States,40927,Missouri,950 Harry,1989-01-03,2968
crmid:9636671398,suez1813@yahoo.com,Laci,Pacheco,female,948-902-9229,Converse,United States,98220,Nebraska,528 Rosenkranz,1950-12-09,2169
crmid:2495951838,fanner2028@gmail.com,Emelina,Beach,female,208-176-4314,Salisbury,United States,11164,Maryland,139 Abbey,1946-12-05,421
crmid:2120605627,dewitte1815@yahoo.com,Babara,Gilmore,female,777-693-1402,Dodge City,United States,07331,Wisconsin,1332 Amber,1955-01-11,2451
crmid:4566863451,brydges2056@yandex.com,Natalya,Eaton,female,607-378-0675,Stafford,United States,22556,Arkansas,750 Mercury,1957-07-09,2322
crmid:9941267783,religion1814@live.com,Luke,Robbins,,758-309-5033,Kent,United States,23769,Wisconsin,260 Telegraph,1977-05-10,1357
crmid:2210045672,dungan1969@live.com,Kurt,Tran,,159-250-6533,Lee's Summit,United States,52439,Louisiana,617 Marshall,1982-10-17,546
crmid:9387298578,elizabethan1935@yahoo.com,Kurt,Wiggins,male,007-451-6612,Beverly,United States,99920,California,1060 Simonds,1939-06-12,688
crmid:9969837568,bemole1977@gmail.com,Shannon,Grant,,535-344-5439,Largo,United States,79493,Hawaii,711 Walkway,1980-12-27,968
crmid:8481325169,desmopyknosis2036@outlook.com,Ronnie,Banks,,376-882-4145,West Linn,United States,22745,New Jersey,736 Entrada,1964-07-08,2786
crmid:3871075824,unwailing1914@yandex.com,Adan,Koch,male,229-091-1636,Orland Park,United States,78977,West Virginia,1023 Agnon,1996-12-04,2987
crmid:3726184393,citral1836@yandex.com,Courtney,Moore,,390-829-0419,Loves Park,United States,40623,Illinois,165 Owens,1984-08-12,528
crmid:6467312385,casselty2062@live.com,Devon,Arnold,male,460-622-9736,Auburn Hills,United States,14935,Pennsylvania,1309 Cervantes,1934-03-01,1011
crmid:4614148161,chinho1809@gmail.com,Carson,Bright,,759-257-1869,Mission Viejo,United States,63604,Alaska,378 Grand View,1991-11-28,740
crmid:2173189887,connelly1813@outlook.com,Carol,Cooper,,496-137-7872,Gadsden,United States,85077,Illinois,1250 Pinto,1964-04-17,792
crmid:3448940033,anglesmith1827@gmail.com,Ulrike,Owens,female,067-612-5715,Wheaton,United States,28620,Arkansas,457 Behr,1959-10-26,2375
crmid:6922506263,toad1980@yahoo.com,Horace,Sears,male,205-534-8627,Trenton,United States,08863,Minnesota,420 Melra,1939-05-26,1900
crmid:4249081052,interscene1836@yahoo.com,Kelvin,Drake,,777-011-8985,Oregon City,United States,97750,Mississippi,506 Marina Green,1996-07-02,1363
crmid:3317266881,pecky2055@live.com,Mickey,Mosley,male,686-184-9488,Tupelo,United States,60625,Utah,215 Margaret,1941-07-21,2280
crmid:5284848945,pulmometer1941@yandex.com,Richie,Gray,,194-872-6966,Temecula,United States,86955,Michigan,968 Santa Rosa,1976-06-15,1550
crmid:1615175196,denes1935@gmail.com,Maurita,Morgan,female,618-999-6998,Durham,United States,37062,Vermont,386 Vandewater,1956-06-21,1640
crmid:6148638492,eightsmen1846@live.com,Alvaro,Walls,,218-703-6891,Westerville,United States,87573,Michigan,37 Cranleigh,1998-09-24,495
crmid:6544119298,ass1831@yahoo.com,Floyd,Guerra,male,464-662-7959,Placentia,United States,03223,Missouri,1229 Rosella,1934-04-12,2572
crmid:4817349030,fiction1838@live.com,Felix,Gates,,115-591-6165,Redlands,United States,97342,New Jersey,372 Byron,1983-12-26,1580
crmid:8344923519,interlucent2007@gmail.com,Titus,Serrano,,644-592-3846,Minot,United States,79882,Minnesota,825 Portal,1991-02-04,1965
crmid:7268531090,satirically1856@yahoo.com,Edgar,Shannon,male,574-154-6178,Ardmore,United States,12157,New York,538 Claremont,1933-03-27,2355
crmid:5475122807,artery2012@gmail.com,Sebastian,Frye,male,259-030-7142,Youngstown,United States,13860,North Dakota,1238 Wattson,1944-09-10,2071
crmid:1007256722,intendancies1897@live.com,Jonathon,Harris,,789-538-5849,Ocala,United States,87485,Missouri,925 Security Pacific,1988-08-25,2467
crmid:3227205236,requisitely1856@yandex.com,Rex,Mcconnell,male,157-550-7470,Bryan,United States,49211,Delaware,92 Laguna Honda,1942-08-19,1674
crmid:9825965488,exceedingly2029@gmail.com,Federico,Savage,,607-827-2738,Grand Island,United States,52832,Alaska,1135 Shipley,1967-09-28,2933
crmid:2194688209,extravert1846@gmail.com,Calvin,Tucker,,819-754-1341,Neenah,United States,89448,Arkansas,1215 Castro,1995-08-16,2629
crmid:2257868382,trustees1951@gmail.com,Burl,Sexton,male,078-414-7314,South Salt Lake,United States,60832,Montana,956 Caledonia,1942-02-26,1311
crmid:3228407350,agosto1968@yandex.com,Darin,Keller,,288-273-9272,Frederick,United States,42641,Iowa,702 Juri,1964-08-07,302
crmid:4707583902,masterly1939@yandex.com,Nakisha,Crosby,female,574-840-1471,New Haven,United States,78628,Illinois,372 Joost,1996-12-08,2793
crmid:3196729263,assausive1978@live.com,Gerard,Mayer,,550-726-3737,Sumter,United States,62112,Montana,1384 Irving,1964-11-06,2121
crmid:8446079876,boobies2050@gmail.com,Levi,Donovan,,874-356-2688,San Mateo,United States,31823,New York,248 Carter,1968-02-06,2996
crmid:2359870255,swinburnesque1961@live.com,Hollis,Benson,,318-112-5574,Hagerstown,United States,03064,Kansas,517 Ordway,1969-01-03,506
crmid:1252715119,soling1944@outlook.com,Leonardo,Landry,,698-843-3612,San Juan,United States,27337,Oregon,213 Kingston,1964-12-23,2051
crmid:8652406982,protrusile1801@gmail.com,Benny,Rios,,755-881-1530,Geneva,United States,51309,New Mexico,374 Addison,1965-10-28,2444
crmid:1127289120,russet2029@gmail.com,Spencer,Copeland,,488-343-4523,Kent,United States,33169,New Hampshire,238 Standish,1977-07-03,1855
crmid:1091404959,carotid2056@yandex.com,Tyree,Mendez,,642-203-8295,Portage,United States,79315,Florida,1245 Stow Lake,1996-10-13,2414
crmid:1301049327,areach2058@live.com,Hosea,Reilly,,422-635-8172,Midlothian,United States,27779,Texas,924 Sutter,1990-04-02,452
crmid:4789785177,quassiin2016@gmail.com,Dan,Jefferson,male,528-903-2282,Brooklyn Park,United States,11470,South Dakota,1188 Battery Cranston,1942-02-15,2677
crmid:6708050631,unfinable1978@live.com,Kasey,Washington,,669-837-5735,Sayreville,United States,25395,West Virginia,1292 Millwright Cottage Access,1966-04-19,1328
crmid:7973052964,stele1883@gmail.com,Curtis,Hill,,967-821-7983,Woburn,United States,43374,Oregon,949 Egbert,1989-06-12,1690
crmid:9115352642,interpretive1878@outlook.com,Phebe,Charles,female,159-858-8508,Dallas,United States,45816,Oregon,330 Tiffany,1952-07-06,2529
crmid:1698839215,rabboni1898@gmail.com,Merrill,Sanders,male,899-655-7160,Prescott,United States,07763,New Jersey,985 Treasure Island,1930-07-26,2221
crmid:7440797999,chapfallen1923@yandex.com,Trey,Harrington,,005-587-1134,Lowell,United States,35362,Alaska,34 Brotherhood,1984-06-08,1065
crmid:2214429119,consolable2036@yandex.com,Alise,Bailey,female,779-772-6220,Elmhurst,United States,69607,Missouri,908 Watchman,1959-11-29,875
crmid:2923927595,longlines1855@yandex.com,Wesley,Whitley,,045-959-9610,Upper Arlington,United States,76195,Idaho,293 Clover,1985-10-29,2117
crmid:5047900535,lithosol1912@outlook.com,Kraig,Stephens,,157-263-5821,Maple Heights,United States,32982,Iowa,731 Cyril Magnin,1986-05-27,2597
crmid:3537028233,eyeline1826@yahoo.com,Russel,Payne,,114-023-3374,Maywood,United States,51462,Wisconsin,974 Bertha,1988-09-09,1524
crmid:8589336354,bouse1803@gmail.com,Guillermo,Hatfield,,331-705-5741,Hollister,United States,25385,Washington,767 Mesa,1972-04-02,1303
crmid:2399955765,dairyman2012@live.com,Sydney,Freeman,,722-482-9499,Sand Springs,United States,78073,New Hampshire,850 Battery Chamberlin,1977-02-02,2655
crmid:7608574235,polyphone1961@yandex.com,Desmond,Sykes,male,908-525-0859,White Plains,United States,56908,Minnesota,708 Lurline,1995-10-20,2272
crmid:8211688713,proseman2028@yahoo.com,Lesley,Puckett,,713-323-0470,New Berlin,United States,92393,West Virginia,1055 Mission Bay,1996-05-07,2627
crmid:7261228675,beshir1876@yahoo.com,Eveline,Guthrie,female,903-887-3850,Cleveland Heights,United States,93939,Ohio,1394 Black,1948-03-12,453
crmid:5042126066,aviation1888@gmail.com,Divina,Estes,female,833-420-4438,Paso Robles,United States,68106,Pennsylvania,1290 Esmeralda,1955-03-09,1960
crmid:4011053039,erudition1974@gmail.com,Loyd,Hopkins,,633-820-4339,Naugatuck,United States,43914,Massachusetts,772 Medau,1995-08-29,1517
crmid:4042437767,premillenarianism2053@yahoo.com,Bethel,Wheeler,female,127-760-5689,Duarte,United States,69241,Iowa,136 Lower,1955-11-02,1332
crmid:8422357186,arsenium2038@yandex.com,Claudie,Rogers,female,090-219-4670,Fargo,United States,02676,Alaska,31 Berkeley,1961-02-25,2253
crmid:1312601493,salpingopharyngeus2067@gmail.com,Jerome,Fowler,,921-776-1576,Tuscaloosa,United States,25721,North Dakota,786 Cragmont,1965-03-18,657
crmid:8447961810,alluring1984@yandex.com,See,Wilkerson,female,795-499-2056,Salinas,United States,19137,Minnesota,964 Transbay Hump,1950-08-31,1081
