{"_id": "e149c1b4-53c8-11ea-91cf-b88a60e194fb", "timestamp": "2020-02-15T14:32:00.000Z", "eventType": "transaction", "_adobeamericaspot3": {"CRMID": "crmid:8346075925", "orderDetails": {"orderID": "orderid:112920", "reservationid": "NLT-WCQF", "orderType": "mobile"}}}
{"_id": "e14aac0c-53c8-11ea-90e6-b88a60e194fb", "timestamp": "2019-12-29T17:41:31.000Z", "eventType": "transaction", "_adobeamericaspot3": {"CRMID": "crmid:2981761986", "orderDetails": {"orderID": "orderid:682300", "reservationid": "MKR-SIQ5", "orderType": "website"}}}
{"_id": "e14b4850-53c8-11ea-838a-b88a60e194fb", "timestamp": "2019-12-08T19:36:54.000Z", "eventType": "transaction", "_adobeamericaspot3": {"CRMID": "crmid:8099756800", "orderDetails": {"orderID": "orderid:139957", "reservationid": "FXK-R9LU", "orderType": "kiosk"}}}
{"_id": "e14c5b2e-53c8-11ea-9757-b88a60e194fb", "timestamp": "2020-01-08T04:30:43.000Z", "eventType": "transaction", "_adobeamericaspot3": {"CRMID": "crmid:6448973192", "orderDetails": {"orderID": "orderid:789813", "reservationid": "W1D-EBLV", "orderType": "website"}}}
{"_id": "e14c5b2f-53c8-11ea-a4aa-b88a60e194fb", "timestamp": "2020-01-16T00:00:00.000Z", "eventType": "transaction", "_adobeamericaspot3": {"CRMID": "crmid:6448973192", "orderDetails": {"orderID": "orderid:471487", "reservationid": "UVB-RJLE", "orderType": "kiosk"}}}
{"_id": "e14d4592-53c8-11ea-9cdc-b88a60e194fb", "timestamp": "2020-02-11T19:29:49.000Z", "eventType": "transaction", "_adobeamericaspot3": {"CRMID": "crmid:3725548735", "orderDetails": {"orderID": "orderid:380710", "reservationid": "PF1-WZTB", "orderType": "website"}}}
{"_id": "e14de192-53c8-11ea-8341-b88a60e194fb", "timestamp": "2020-01-03T09:02:27.000Z", "eventType": "transaction", "_adobeamericaspot3": {"CRMID": "crmid:2403998051", "orderDetails": {"orderID": "orderid:892690", "reservationid": "1ZP-KQRU", "orderType": "kiosk"}}}
{"_id": "e14e08a6-53c8-11ea-b77b-b88a60e194fb", "timestamp": "2020-01-09T00:00:00.000Z", "eventType": "transaction", "_adobeamericaspot3": {"CRMID": "crmid:2403998051", "orderDetails": {"orderID": "orderid:430120", "reservationid": "WYQ-8S1F", "orderType": "website"}}}
{"_id": "e14e2fb8-53c8-11ea-be24-b88a60e194fb", "timestamp": "2020-01-14T00:00:00.000Z", "eventType": "transaction", "_adobeamericaspot3": {"CRMID": "crmid:2403998051", "orderDetails": {"orderID": "orderid:601442", "reservationid": "HO3-ACDG", "orderType": "kiosk"}}}
{"_id": "e14ef1d4-53c8-11ea-a2f5-b88a60e194fb", "timestamp": "2019-12-21T09:31:39.000Z", "eventType": "transaction", "_adobeamericaspot3": {"CRMID": "crmid:6739575042", "orderDetails": {"orderID": "orderid:456836", "reservationid": "VK9-RSZ7", "orderType": "website"}}}
{"_id": "e14f8e0c-53c8-11ea-8a83-b88a60e194fb", "timestamp": "2019-12-20T22:07:50.000Z", "eventType": "transaction", "_adobeamericaspot3": {"CRMID": "crmid:4263318817", "orderDetails": {"orderID": "orderid:950617", "reservationid": "HHX-NHRM", "orderType": "website"}}}
{"_id": "e150787e-53c8-11ea-8788-b88a60e194fb", "timestamp": "2019-12-30T04:14:33.000Z", "eventType": "transaction", "_adobeamericaspot3": {"CRMID": "crmid:8889926105", "orderDetails": {"orderID": "orderid:336745", "reservationid": "YZV-ZPJU", "orderType": "website"}}}
{"_id": "e1513b82-53c8-11ea-ae93-b88a60e194fb", "timestamp": "2020-02-01T23:57:02.000Z", "eventType": "transaction", "_adobeamericaspot3": {"CRMID": "crmid:3904388730", "orderDetails": {"orderID": "orderid:533139", "reservationid": "MXA-RPGK", "orderType": "website"}}}
{"_id": "e152003e-53c8-11ea-8927-b88a60e194fb", "timestamp": "2020-02-04T17:05:38.000Z", "eventType": "transaction", "_adobeamericaspot3": {"CRMID": "crmid:7291155575", "orderDetails": {"orderID": "orderid:994603", "reservationid": "ONX-EUFX", "orderType": "website"}}}
{"_id": "e152c394-53c8-11ea-93e6-b88a60e194fb", "timestamp": "2019-12-10T03:46:32.000Z", "eventType": "transaction", "_adobeamericaspot3": {"CRMID": "crmid:5175190639", "orderDetails": {"orderID": "orderid:209636", "reservationid": "4DD-DV5D", "orderType": "website"}}}
{"_id": "e15386ca-53c8-11ea-b026-b88a60e194fb", "timestamp": "2019-12-20T22:44:03.000Z", "eventType": "transaction", "_adobeamericaspot3": {"CRMID": "crmid:1976867582", "orderDetails": {"orderID": "orderid:572168", "reservationid": "ZNZ-XHV4", "orderType": "website"}}}
{"_id": "e154703a-53c8-11ea-b6c8-b88a60e194fb", "timestamp": "2020-02-11T16:47:50.000Z", "eventType": "transaction", "_adobeamericaspot3": {"CRMID": "crmid:3566876989", "orderDetails": {"orderID": "orderid:643024", "reservationid": "JWY-8D9H", "orderType": "kiosk"}}}
{"_id": "e1553492-53c8-11ea-8da0-b88a60e194fb", "timestamp": "2020-01-16T02:35:24.000Z", "eventType": "transaction", "_adobeamericaspot3": {"CRMID": "crmid:8590394673", "orderDetails": {"orderID": "orderid:484004", "reservationid": "DHB-MBLO", "orderType": "call center"}}}
{"_id": "e155f79c-53c8-11ea-be3a-b88a60e194fb", "timestamp": "2020-02-11T19:00:13.000Z", "eventType": "transaction", "_adobeamericaspot3": {"CRMID": "crmid:3059603179", "orderDetails": {"orderID": "orderid:518691", "reservationid": "ZXQ-1Q74", "orderType": "website"}}}
{"_id": "e157082c-53c8-11ea-9de5-b88a60e194fb", "timestamp": "2019-12-17T03:48:41.000Z", "eventType": "transaction", "_adobeamericaspot3": {"CRMID": "crmid:5578493495", "orderDetails": {"orderID": "orderid:986221", "reservationid": "RSI-NPH4", "orderType": "website"}}}
{"_id": "e157cc9e-53c8-11ea-ba7b-b88a60e194fb", "timestamp": "2020-02-16T05:02:46.000Z", "eventType": "transaction", "_adobeamericaspot3": {"CRMID": "crmid:9179396623", "orderDetails": {"orderID": "orderid:255119", "reservationid": "RSW-JAWA", "orderType": "call center"}}}
{"_id": "e15868cc-53c8-11ea-aef8-b88a60e194fb", "timestamp": "2020-01-08T18:52:34.000Z", "eventType": "transaction", "_adobeamericaspot3": {"CRMID": "crmid:7837360171", "orderDetails": {"orderID": "orderid:970231", "reservationid": "SYA-UYZ0", "orderType": "kiosk"}}}
{"_id": "e1592c40-53c8-11ea-a86c-b88a60e194fb", "timestamp": "2020-02-07T15:51:14.000Z", "eventType": "transaction", "_adobeamericaspot3": {"CRMID": "crmid:8017217290", "orderDetails": {"orderID": "orderid:482660", "reservationid": "4PD-L448", "orderType": "kiosk"}}}
{"_id": "e159c86e-53c8-11ea-a9ca-b88a60e194fb", "timestamp": "2020-01-13T08:53:57.000Z", "eventType": "transaction", "_adobeamericaspot3": {"CRMID": "crmid:8174265355", "orderDetails": {"orderID": "orderid:685862", "reservationid": "MJK-XOS5", "orderType": "website"}}}
{"_id": "e15a8be6-53c8-11ea-9196-b88a60e194fb", "timestamp": "2020-01-10T16:49:29.000Z", "eventType": "transaction", "_adobeamericaspot3": {"CRMID": "crmid:5566864638", "orderDetails": {"orderID": "orderid:166451", "reservationid": "BYZ-OVQR", "orderType": "website"}}}
{"_id": "e15b7648-53c8-11ea-a329-b88a60e194fb", "timestamp": "2020-01-14T20:43:02.000Z", "eventType": "transaction", "_adobeamericaspot3": {"CRMID": "crmid:4917940768", "orderDetails": {"orderID": "orderid:823817", "reservationid": "JEU-MF2R", "orderType": "call center"}}}
{"_id": "e15c125c-53c8-11ea-b8f0-b88a60e194fb", "timestamp": "2020-01-25T13:01:44.000Z", "eventType": "transaction", "_adobeamericaspot3": {"CRMID": "crmid:8968945848", "orderDetails": {"orderID": "orderid:435299", "reservationid": "XIS-4HBA", "orderType": "call center"}}}
{"_id": "e15cfcee-53c8-11ea-a746-b88a60e194fb", "timestamp": "2020-02-05T17:00:07.000Z", "eventType": "transaction", "_adobeamericaspot3": {"CRMID": "crmid:6208271461", "orderDetails": {"orderID": "orderid:915848", "reservationid": "3YJ-N65J", "orderType": "website"}}}
{"_id": "e15d23ca-53c8-11ea-80a0-b88a60e194fb", "timestamp": "2020-02-13T00:00:00.000Z", "eventType": "transaction", "_adobeamericaspot3": {"CRMID": "crmid:6208271461", "orderDetails": {"orderID": "orderid:357752", "reservationid": "YQE-HVJU", "orderType": "call center"}}}
{"_id": "e15dc012-53c8-11ea-91c2-b88a60e194fb", "timestamp": "2019-12-24T13:08:47.000Z", "eventType": "transaction", "_adobeamericaspot3": {"CRMID": "crmid:2774062175", "orderDetails": {"orderID": "orderid:396925", "reservationid": "YZX-PAVF", "orderType": "mobile"}}}
{"_id": "e15e5c34-53c8-11ea-a13d-b88a60e194fb", "timestamp": "2020-01-12T02:21:30.000Z", "eventType": "transaction", "_adobeamericaspot3": {"CRMID": "crmid:8349647550", "orderDetails": {"orderID": "orderid:647818", "reservationid": "OWB-OHUH", "orderType": "website"}}}
{"_id": "e15f1fa6-53c8-11ea-a75a-b88a60e194fb", "timestamp": "2019-12-01T23:48:17.000Z", "eventType": "transaction", "_adobeamericaspot3": {"CRMID": "crmid:2704956261", "orderDetails": {"orderID": "orderid:543960", "reservationid": "ATR-FX72", "orderType": "mobile"}}}
{"_id": "e16009e4-53c8-11ea-84bc-b88a60e194fb", "timestamp": "2020-01-25T23:58:43.000Z", "eventType": "transaction", "_adobeamericaspot3": {"CRMID": "crmid:8964715113", "orderDetails": {"orderID": "orderid:655257", "reservationid": "M8W-RGYV", "orderType": "website"}}}
{"_id": "e160cc1c-53c8-11ea-ac2f-b88a60e194fb", "timestamp": "2020-01-18T14:28:18.000Z", "eventType": "transaction", "_adobeamericaspot3": {"CRMID": "crmid:9320326941", "orderDetails": {"orderID": "orderid:521099", "reservationid": "MJ4-BPBI", "orderType": "website"}}}
{"_id": "e1618f70-53c8-11ea-a822-b88a60e194fb", "timestamp": "2019-12-10T19:50:37.000Z", "eventType": "transaction", "_adobeamericaspot3": {"CRMID": "crmid:4870848415", "orderDetails": {"orderID": "orderid:180895", "reservationid": "3IC-CLNY", "orderType": "service desk"}}}
{"_id": "e16252d4-53c8-11ea-a569-b88a60e194fb", "timestamp": "2019-12-03T14:00:36.000Z", "eventType": "transaction", "_adobeamericaspot3": {"CRMID": "crmid:1798487285", "orderDetails": {"orderID": "orderid:830883", "reservationid": "H9L-AT09", "orderType": "service desk"}}}
{"_id": "e16316ac-53c8-11ea-a732-b88a60e194fb", "timestamp": "2020-01-18T21:56:08.000Z", "eventType": "transaction", "_adobeamericaspot3": {"CRMID": "crmid:3191860648", "orderDetails": {"orderID": "orderid:684778", "reservationid": "FCZ-TOXC", "orderType": "call center"}}}
{"_id": "e164005e-53c8-11ea-b1d8-b88a60e194fb", "timestamp": "2020-01-11T14:37:32.000Z", "eventType": "transaction", "_adobeamericaspot3": {"CRMID": "crmid:7846888318", "orderDetails": {"orderID": "orderid:944038", "reservationid": "1DZ-XEU3", "orderType": "call center"}}}
{"_id": "e16538e8-53c8-11ea-a9c9-b88a60e194fb", "timestamp": "2020-01-14T16:02:52.000Z", "eventType": "transaction", "_adobeamericaspot3": {"CRMID": "crmid:6801655058", "orderDetails": {"orderID": "orderid:528073", "reservationid": "70W-HQSO", "orderType": "mobile"}}}
{"_id": "e1667164-53c8-11ea-a8c5-b88a60e194fb", "timestamp": "2019-12-27T05:59:41.000Z", "eventType": "transaction", "_adobeamericaspot3": {"CRMID": "crmid:7802071930", "orderDetails": {"orderID": "orderid:264239", "reservationid": "KCD-CPVV", "orderType": "website"}}}
{"_id": "e1684698-53c8-11ea-84fd-b88a60e194fb", "timestamp": "2020-01-01T16:40:57.000Z", "eventType": "transaction", "_adobeamericaspot3": {"CRMID": "crmid:8849842676", "orderDetails": {"orderID": "orderid:218313", "reservationid": "XWN-VHFB", "orderType": "call center"}}}
{"_id": "e169a6e8-53c8-11ea-8dc0-b88a60e194fb", "timestamp": "2019-12-06T13:09:24.000Z", "eventType": "transaction", "_adobeamericaspot3": {"CRMID": "crmid:3777782660", "orderDetails": {"orderID": "orderid:752742", "reservationid": "WJ3-6M0Y", "orderType": "kiosk"}}}
{"_id": "e16a433a-53c8-11ea-a428-b88a60e194fb", "timestamp": "2019-12-31T13:05:40.000Z", "eventType": "transaction", "_adobeamericaspot3": {"CRMID": "crmid:1200740370", "orderDetails": {"orderID": "orderid:758188", "reservationid": "ZHJ-FEPE", "orderType": "kiosk"}}}
{"_id": "e16a6a36-53c8-11ea-99dd-b88a60e194fb", "timestamp": "2020-01-05T00:00:00.000Z", "eventType": "transaction", "_adobeamericaspot3": {"CRMID": "crmid:1200740370", "orderDetails": {"orderID": "orderid:150692", "reservationid": "FT5-X670", "orderType": "kiosk"}}}
{"_id": "e16b0682-53c8-11ea-a672-b88a60e194fb", "timestamp": "2020-01-28T18:39:29.000Z", "eventType": "transaction", "_adobeamericaspot3": {"CRMID": "crmid:4926755818", "orderDetails": {"orderID": "orderid:876187", "reservationid": "CLU-WDQP", "orderType": "call center"}}}
{"_id": "e16bca00-53c8-11ea-9ac2-b88a60e194fb", "timestamp": "2020-01-29T08:35:00.000Z", "eventType": "transaction", "_adobeamericaspot3": {"CRMID": "crmid:5393757166", "orderDetails": {"orderID": "orderid:336645", "reservationid": "AZL-Y6IK", "orderType": "website"}}}
{"_id": "e16c8d22-53c8-11ea-bfc0-b88a60e194fb", "timestamp": "2020-02-11T11:42:30.000Z", "eventType": "transaction", "_adobeamericaspot3": {"CRMID": "crmid:1062528152", "orderDetails": {"orderID": "orderid:984803", "reservationid": "OF0-UXGK", "orderType": "mobile"}}}
{"_id": "e16d2968-53c8-11ea-8aed-b88a60e194fb", "timestamp": "2019-12-26T19:03:44.000Z", "eventType": "transaction", "_adobeamericaspot3": {"CRMID": "crmid:7593276102", "orderDetails": {"orderID": "orderid:676100", "reservationid": "ZKI-JDIL", "orderType": "website"}}}
{"_id": "e16deca8-53c8-11ea-bfd8-b88a60e194fb", "timestamp": "2020-01-07T15:05:49.000Z", "eventType": "transaction", "_adobeamericaspot3": {"CRMID": "crmid:4671144977", "orderDetails": {"orderID": "orderid:684921", "reservationid": "NGU-CNKV", "orderType": "mobile"}}}
{"_id": "e16eb038-53c8-11ea-bd72-b88a60e194fb", "timestamp": "2019-12-08T08:43:36.000Z", "eventType": "transaction", "_adobeamericaspot3": {"CRMID": "crmid:4644464302", "orderDetails": {"orderID": "orderid:759326", "reservationid": "IUA-R6CZ", "orderType": "website"}}}
{"_id": "e16f9a66-53c8-11ea-a820-b88a60e194fb", "timestamp": "2019-12-13T11:50:33.000Z", "eventType": "transaction", "_adobeamericaspot3": {"CRMID": "crmid:2399300221", "orderDetails": {"orderID": "orderid:435126", "reservationid": "ISD-UNRH", "orderType": "kiosk"}}}
{"_id": "e1705db4-53c8-11ea-be24-b88a60e194fb", "timestamp": "2019-12-02T18:15:11.000Z", "eventType": "transaction", "_adobeamericaspot3": {"CRMID": "crmid:7781878266", "orderDetails": {"orderID": "orderid:659129", "reservationid": "U5W-IOS3", "orderType": "mobile"}}}
{"_id": "e1712114-53c8-11ea-bbd6-b88a60e194fb", "timestamp": "2019-12-21T07:22:10.000Z", "eventType": "transaction", "_adobeamericaspot3": {"CRMID": "crmid:9535853606", "orderDetails": {"orderID": "orderid:886393", "reservationid": "CDV-RAJ9", "orderType": "call center"}}}
{"_id": "e171e438-53c8-11ea-9ea5-b88a60e194fb", "timestamp": "2020-01-19T09:48:27.000Z", "eventType": "transaction", "_adobeamericaspot3": {"CRMID": "crmid:4635691158", "orderDetails": {"orderID": "orderid:955027", "reservationid": "AU3-ZGBH", "orderType": "mobile"}}}
{"_id": "e172805e-53c8-11ea-ae58-b88a60e194fb", "timestamp": "2019-12-27T13:01:44.000Z", "eventType": "transaction", "_adobeamericaspot3": {"CRMID": "crmid:5564570918", "orderDetails": {"orderID": "orderid:102586", "reservationid": "W9S-QKF8", "orderType": "kiosk"}}}
{"_id": "e17343a4-53c8-11ea-8295-b88a60e194fb", "timestamp": "2020-01-10T09:20:43.000Z", "eventType": "transaction", "_adobeamericaspot3": {"CRMID": "crmid:8427649236", "orderDetails": {"orderID": "orderid:873878", "reservationid": "OOM-XIP6", "orderType": "kiosk"}}}
{"_id": "e174073a-53c8-11ea-aef9-b88a60e194fb", "timestamp": "2019-12-06T03:39:14.000Z", "eventType": "transaction", "_adobeamericaspot3": {"CRMID": "crmid:4329358729", "orderDetails": {"orderID": "orderid:158636", "reservationid": "LJM-YUD7", "orderType": "website"}}}
{"_id": "e174c934-53c8-11ea-8669-b88a60e194fb", "timestamp": "2019-12-14T20:31:49.000Z", "eventType": "transaction", "_adobeamericaspot3": {"CRMID": "crmid:3682333622", "orderDetails": {"orderID": "orderid:429971", "reservationid": "I0Q-HIUQ", "orderType": "website"}}}
{"_id": "e17566b4-53c8-11ea-916f-b88a60e194fb", "timestamp": "2020-02-11T15:12:43.000Z", "eventType": "transaction", "_adobeamericaspot3": {"CRMID": "crmid:8265925429", "orderDetails": {"orderID": "orderid:327051", "reservationid": "YLV-VQ5B", "orderType": "service desk"}}}
{"_id": "e1762a0c-53c8-11ea-a05b-b88a60e194fb", "timestamp": "2019-12-26T11:46:51.000Z", "eventType": "transaction", "_adobeamericaspot3": {"CRMID": "crmid:1979187279", "orderDetails": {"orderID": "orderid:389006", "reservationid": "ADR-MCQW", "orderType": "service desk"}}}
{"_id": "e17714d4-53c8-11ea-95d3-b88a60e194fb", "timestamp": "2020-01-20T09:47:03.000Z", "eventType": "transaction", "_adobeamericaspot3": {"CRMID": "crmid:6200043021", "orderDetails": {"orderID": "orderid:303163", "reservationid": "DXT-J94L", "orderType": "website"}}}
{"_id": "e177d78a-53c8-11ea-b8c2-b88a60e194fb", "timestamp": "2020-01-14T14:41:24.000Z", "eventType": "transaction", "_adobeamericaspot3": {"CRMID": "crmid:4002771833", "orderDetails": {"orderID": "orderid:526835", "reservationid": "2CS-TJUI", "orderType": "website"}}}
{"_id": "e1789ad2-53c8-11ea-9eee-b88a60e194fb", "timestamp": "2020-01-23T17:27:54.000Z", "eventType": "transaction", "_adobeamericaspot3": {"CRMID": "crmid:9612950312", "orderDetails": {"orderID": "orderid:622391", "reservationid": "NEQ-U5ZQ", "orderType": "mobile"}}}
{"_id": "e1795e2e-53c8-11ea-a9c1-b88a60e194fb", "timestamp": "2020-02-02T00:09:03.000Z", "eventType": "transaction", "_adobeamericaspot3": {"CRMID": "crmid:7470010366", "orderDetails": {"orderID": "orderid:675062", "reservationid": "VLI-SNNF", "orderType": "kiosk"}}}
{"_id": "e179fa9e-53c8-11ea-abcc-b88a60e194fb", "timestamp": "2020-01-21T20:26:30.000Z", "eventType": "transaction", "_adobeamericaspot3": {"CRMID": "crmid:4348315563", "orderDetails": {"orderID": "orderid:483370", "reservationid": "TLU-W8TR", "orderType": "call center"}}}
{"_id": "e17abdf6-53c8-11ea-9ca1-b88a60e194fb", "timestamp": "2020-01-13T06:07:27.000Z", "eventType": "transaction", "_adobeamericaspot3": {"CRMID": "crmid:3529852041", "orderDetails": {"orderID": "orderid:892706", "reservationid": "JOM-OYM0", "orderType": "kiosk"}}}
{"_id": "e17b8136-53c8-11ea-b000-b88a60e194fb", "timestamp": "2020-01-29T07:08:43.000Z", "eventType": "transaction", "_adobeamericaspot3": {"CRMID": "crmid:9911677320", "orderDetails": {"orderID": "orderid:535516", "reservationid": "NLB-9UCW", "orderType": "website"}}}
{"_id": "e17c1d7a-53c8-11ea-a7f1-b88a60e194fb", "timestamp": "2019-12-06T16:28:26.000Z", "eventType": "transaction", "_adobeamericaspot3": {"CRMID": "crmid:9352642264", "orderDetails": {"orderID": "orderid:859194", "reservationid": "CZU-RBLZ", "orderType": "mobile"}}}
{"_id": "e17ce0de-53c8-11ea-a6ba-b88a60e194fb", "timestamp": "2020-01-25T15:46:11.000Z", "eventType": "transaction", "_adobeamericaspot3": {"CRMID": "crmid:9673345970", "orderDetails": {"orderID": "orderid:131450", "reservationid": "1GI-W1FN", "orderType": "website"}}}
{"_id": "e17dcb70-53c8-11ea-91e2-b88a60e194fb", "timestamp": "2020-01-14T12:50:23.000Z", "eventType": "transaction", "_adobeamericaspot3": {"CRMID": "crmid:9170439140", "orderDetails": {"orderID": "orderid:679836", "reservationid": "JSH-D4RD", "orderType": "call center"}}}
{"_id": "e17e8e82-53c8-11ea-8ce3-b88a60e194fb", "timestamp": "2019-12-26T07:13:32.000Z", "eventType": "transaction", "_adobeamericaspot3": {"CRMID": "crmid:8430646662", "orderDetails": {"orderID": "orderid:493940", "reservationid": "CEE-5TBJ", "orderType": "service desk"}}}
{"_id": "e17f78f8-53c8-11ea-a781-b88a60e194fb", "timestamp": "2020-01-20T05:24:59.000Z", "eventType": "transaction", "_adobeamericaspot3": {"CRMID": "crmid:4192867181", "orderDetails": {"orderID": "orderid:726553", "reservationid": "3C5-74KA", "orderType": "call center"}}}
{"_id": "e1803c3a-53c8-11ea-a187-b88a60e194fb", "timestamp": "2020-01-08T12:00:33.000Z", "eventType": "transaction", "_adobeamericaspot3": {"CRMID": "crmid:2305652695", "orderDetails": {"orderID": "orderid:650072", "reservationid": "OFD-HXKW", "orderType": "website"}}}
{"_id": "e180d838-53c8-11ea-86ad-b88a60e194fb", "timestamp": "2020-01-03T13:33:58.000Z", "eventType": "transaction", "_adobeamericaspot3": {"CRMID": "crmid:9960415601", "orderDetails": {"orderID": "orderid:750620", "reservationid": "FVX-QT7E", "orderType": "kiosk"}}}
{"_id": "e181c2d0-53c8-11ea-89da-b88a60e194fb", "timestamp": "2020-01-27T11:08:56.000Z", "eventType": "transaction", "_adobeamericaspot3": {"CRMID": "crmid:3529265784", "orderDetails": {"orderID": "orderid:661719", "reservationid": "SHG-PX3I", "orderType": "website"}}}
{"_id": "e1828622-53c8-11ea-ad6a-b88a60e194fb", "timestamp": "2020-01-17T14:11:30.000Z", "eventType": "transaction", "_adobeamericaspot3": {"CRMID": "crmid:7694588368", "orderDetails": {"orderID": "orderid:983438", "reservationid": "MMP-JIVC", "orderType": "kiosk"}}}
{"_id": "e1832264-53c8-11ea-8b67-b88a60e194fb", "timestamp": "2020-02-09T15:54:43.000Z", "eventType": "transaction", "_adobeamericaspot3": {"CRMID": "crmid:3875427099", "orderDetails": {"orderID": "orderid:551627", "reservationid": "68S-RFVV", "orderType": "mobile"}}}
{"_id": "e183e5ae-53c8-11ea-b270-b88a60e194fb", "timestamp": "2019-12-31T10:38:26.000Z", "eventType": "transaction", "_adobeamericaspot3": {"CRMID": "crmid:6266198214", "orderDetails": {"orderID": "orderid:529876", "reservationid": "LSM-HEEM", "orderType": "call center"}}}
{"_id": "e18481f0-53c8-11ea-9512-b88a60e194fb", "timestamp": "2020-01-16T13:43:54.000Z", "eventType": "transaction", "_adobeamericaspot3": {"CRMID": "crmid:2797286341", "orderDetails": {"orderID": "orderid:921202", "reservationid": "BCS-KCBX", "orderType": "call center"}}}
{"_id": "e185458a-53c8-11ea-9f60-b88a60e194fb", "timestamp": "2020-01-01T15:50:08.000Z", "eventType": "transaction", "_adobeamericaspot3": {"CRMID": "crmid:3845464218", "orderDetails": {"orderID": "orderid:429693", "reservationid": "SZQ-LY1K", "orderType": "kiosk"}}}
{"_id": "e186096e-53c8-11ea-8221-b88a60e194fb", "timestamp": "2020-01-23T06:26:20.000Z", "eventType": "transaction", "_adobeamericaspot3": {"CRMID": "crmid:8687929774", "orderDetails": {"orderID": "orderid:231298", "reservationid": "WHD-VGKA", "orderType": "call center"}}}
{"_id": "e186f2f6-53c8-11ea-bcc9-b88a60e194fb", "timestamp": "2020-01-19T15:00:14.000Z", "eventType": "transaction", "_adobeamericaspot3": {"CRMID": "crmid:1222819605", "orderDetails": {"orderID": "orderid:941817", "reservationid": "KLT-EVTQ", "orderType": "kiosk"}}}
{"_id": "e187dd62-53c8-11ea-86b0-b88a60e194fb", "timestamp": "2019-12-03T09:59:11.000Z", "eventType": "transaction", "_adobeamericaspot3": {"CRMID": "crmid:5168441731", "orderDetails": {"orderID": "orderid:906604", "reservationid": "KEI-Z6LH", "orderType": "kiosk"}}}
{"_id": "e1887992-53c8-11ea-ba4b-b88a60e194fb", "timestamp": "2020-01-23T05:30:56.000Z", "eventType": "transaction", "_adobeamericaspot3": {"CRMID": "crmid:6690398468", "orderDetails": {"orderID": "orderid:663532", "reservationid": "ZE9-BBZU", "orderType": "call center"}}}
{"_id": "e1893cd8-53c8-11ea-8a2b-b88a60e194fb", "timestamp": "2020-01-08T18:51:46.000Z", "eventType": "transaction", "_adobeamericaspot3": {"CRMID": "crmid:6964624434", "orderDetails": {"orderID": "orderid:997602", "reservationid": "P6C-IJJQ", "orderType": "mobile"}}}
{"_id": "e189d926-53c8-11ea-af75-b88a60e194fb", "timestamp": "2020-01-10T21:33:35.000Z", "eventType": "transaction", "_adobeamericaspot3": {"CRMID": "crmid:7741111613", "orderDetails": {"orderID": "orderid:778749", "reservationid": "750-SQ33", "orderType": "service desk"}}}
{"_id": "e18a9c88-53c8-11ea-a9cf-b88a60e194fb", "timestamp": "2020-01-11T01:27:29.000Z", "eventType": "transaction", "_adobeamericaspot3": {"CRMID": "crmid:4426043815", "orderDetails": {"orderID": "orderid:486454", "reservationid": "JDH-D6YT", "orderType": "call center"}}}
{"_id": "e18b5fb6-53c8-11ea-90a3-b88a60e194fb", "timestamp": "2020-01-16T04:10:15.000Z", "eventType": "transaction", "_adobeamericaspot3": {"CRMID": "crmid:2024697443", "orderDetails": {"orderID": "orderid:120006", "reservationid": "XAX-PGCF", "orderType": "website"}}}
{"_id": "e18c2318-53c8-11ea-84d9-b88a60e194fb", "timestamp": "2020-01-01T08:37:26.000Z", "eventType": "transaction", "_adobeamericaspot3": {"CRMID": "crmid:1419855223", "orderDetails": {"orderID": "orderid:870396", "reservationid": "JRV-6BJR", "orderType": "website"}}}
{"_id": "e18ce662-53c8-11ea-b758-b88a60e194fb", "timestamp": "2019-12-14T00:32:14.000Z", "eventType": "transaction", "_adobeamericaspot3": {"CRMID": "crmid:1621836856", "orderDetails": {"orderID": "orderid:127407", "reservationid": "WOM-WW3A", "orderType": "website"}}}
{"_id": "e18d82a6-53c8-11ea-bacc-b88a60e194fb", "timestamp": "2019-12-29T02:30:02.000Z", "eventType": "transaction", "_adobeamericaspot3": {"CRMID": "crmid:7703577290", "orderDetails": {"orderID": "orderid:474603", "reservationid": "5PU-U37S", "orderType": "call center"}}}
{"_id": "e18e45f4-53c8-11ea-945e-b88a60e194fb", "timestamp": "2019-12-21T04:07:50.000Z", "eventType": "transaction", "_adobeamericaspot3": {"CRMID": "crmid:6182151937", "orderDetails": {"orderID": "orderid:287755", "reservationid": "9XK-GHRO", "orderType": "kiosk"}}}
{"_id": "e191a046-53c8-11ea-abcb-b88a60e194fb", "timestamp": "2019-12-19T09:45:07.000Z", "eventType": "transaction", "_adobeamericaspot3": {"CRMID": "crmid:6060488203", "orderDetails": {"orderID": "orderid:244884", "reservationid": "9IX-BSDH", "orderType": "kiosk"}}}
{"_id": "e19264a2-53c8-11ea-b9ae-b88a60e194fb", "timestamp": "2019-12-09T02:26:05.000Z", "eventType": "transaction", "_adobeamericaspot3": {"CRMID": "crmid:5803586869", "orderDetails": {"orderID": "orderid:838515", "reservationid": "0KM-KUJP", "orderType": "website"}}}
{"_id": "e19300ca-53c8-11ea-828a-b88a60e194fb", "timestamp": "2019-12-12T09:30:44.000Z", "eventType": "transaction", "_adobeamericaspot3": {"CRMID": "crmid:9786267844", "orderDetails": {"orderID": "orderid:815716", "reservationid": "TFW-5CEQ", "orderType": "kiosk"}}}
{"_id": "e193e9fa-53c8-11ea-94b5-b88a60e194fb", "timestamp": "2020-01-17T19:44:25.000Z", "eventType": "transaction", "_adobeamericaspot3": {"CRMID": "crmid:5777925058", "orderDetails": {"orderID": "orderid:108481", "reservationid": "MHY-K1L6", "orderType": "kiosk"}}}
{"_id": "e194fb7e-53c8-11ea-aa08-b88a60e194fb", "timestamp": "2020-01-21T09:47:54.000Z", "eventType": "transaction", "_adobeamericaspot3": {"CRMID": "crmid:9885253206", "orderDetails": {"orderID": "orderid:226947", "reservationid": "INA-6B4I", "orderType": "website"}}}
{"_id": "e19598fa-53c8-11ea-a9af-b88a60e194fb", "timestamp": "2019-12-17T14:27:34.000Z", "eventType": "transaction", "_adobeamericaspot3": {"CRMID": "crmid:1863446425", "orderDetails": {"orderID": "orderid:806789", "reservationid": "X5F-7F64", "orderType": "website"}}}
{"_id": "e1965c48-53c8-11ea-bd6a-b88a60e194fb", "timestamp": "2020-02-07T18:10:25.000Z", "eventType": "transaction", "_adobeamericaspot3": {"CRMID": "crmid:9759333531", "orderDetails": {"orderID": "orderid:775586", "reservationid": "TVL-FOVN", "orderType": "mobile"}}}
{"_id": "e196f880-53c8-11ea-9218-b88a60e194fb", "timestamp": "2020-01-16T14:27:34.000Z", "eventType": "transaction", "_adobeamericaspot3": {"CRMID": "crmid:3532082222", "orderDetails": {"orderID": "orderid:285481", "reservationid": "CTZ-GLLQ", "orderType": "service desk"}}}
{"_id": "e197bbd0-53c8-11ea-a850-b88a60e194fb", "timestamp": "2020-01-04T08:18:24.000Z", "eventType": "transaction", "_adobeamericaspot3": {"CRMID": "crmid:6654062244", "orderDetails": {"orderID": "orderid:909777", "reservationid": "BVZ-5BML", "orderType": "mobile"}}}
{"_id": "e198cd3e-53c8-11ea-9124-b88a60e194fb", "timestamp": "2020-01-20T04:18:45.000Z", "eventType": "transaction", "_adobeamericaspot3": {"CRMID": "crmid:9109263930", "orderDetails": {"orderID": "orderid:245477", "reservationid": "35H-WTM4", "orderType": "call center"}}}
{"_id": "e199b7ae-53c8-11ea-a56b-b88a60e194fb", "timestamp": "2019-12-04T22:46:40.000Z", "eventType": "transaction", "_adobeamericaspot3": {"CRMID": "crmid:5246097638", "orderDetails": {"orderID": "orderid:661378", "reservationid": "VXG-3IXC", "orderType": "service desk"}}}
{"_id": "e199deb4-53c8-11ea-af12-b88a60e194fb", "timestamp": "2019-12-10T00:00:00.000Z", "eventType": "transaction", "_adobeamericaspot3": {"CRMID": "crmid:5246097638", "orderDetails": {"orderID": "orderid:629012", "reservationid": "SNQ-P81X", "orderType": "website"}}}
{"_id": "e19a7afa-53c8-11ea-9940-b88a60e194fb", "timestamp": "2020-01-07T02:56:50.000Z", "eventType": "transaction", "_adobeamericaspot3": {"CRMID": "crmid:3971701123", "orderDetails": {"orderID": "orderid:109782", "reservationid": "E49-PFKI", "orderType": "website"}}}
{"_id": "e19b3e42-53c8-11ea-afa0-b88a60e194fb", "timestamp": "2020-01-13T08:02:15.000Z", "eventType": "transaction", "_adobeamericaspot3": {"CRMID": "crmid:4953840356", "orderDetails": {"orderID": "orderid:541446", "reservationid": "HEB-RFJJ", "orderType": "kiosk"}}}
{"_id": "e19bda82-53c8-11ea-a663-b88a60e194fb", "timestamp": "2019-12-01T23:47:36.000Z", "eventType": "transaction", "_adobeamericaspot3": {"CRMID": "crmid:9328809912", "orderDetails": {"orderID": "orderid:821007", "reservationid": "ZNJ-HGTF", "orderType": "website"}}}
{"_id": "e19c9dd0-53c8-11ea-ba64-b88a60e194fb", "timestamp": "2020-02-02T06:51:05.000Z", "eventType": "transaction", "_adobeamericaspot3": {"CRMID": "crmid:8265714240", "orderDetails": {"orderID": "orderid:939351", "reservationid": "V0V-XNX6", "orderType": "kiosk"}}}
{"_id": "e19d3a14-53c8-11ea-98e3-b88a60e194fb", "timestamp": "2019-12-10T19:52:47.000Z", "eventType": "transaction", "_adobeamericaspot3": {"CRMID": "crmid:9475490051", "orderDetails": {"orderID": "orderid:646928", "reservationid": "BI5-DAYD", "orderType": "kiosk"}}}
{"_id": "e19e2490-53c8-11ea-b7f8-b88a60e194fb", "timestamp": "2020-02-13T11:53:03.000Z", "eventType": "transaction", "_adobeamericaspot3": {"CRMID": "crmid:1345321862", "orderDetails": {"orderID": "orderid:104014", "reservationid": "WVA-KTTQ", "orderType": "kiosk"}}}
{"_id": "e19e2491-53c8-11ea-a151-b88a60e194fb", "timestamp": "2020-02-24T00:00:00.000Z", "eventType": "transaction", "_adobeamericaspot3": {"CRMID": "crmid:1345321862", "orderDetails": {"orderID": "orderid:211326", "reservationid": "KUV-0IKL", "orderType": "call center"}}}
{"_id": "e19ee7ec-53c8-11ea-bee4-b88a60e194fb", "timestamp": "2020-01-23T20:57:59.000Z", "eventType": "transaction", "_adobeamericaspot3": {"CRMID": "crmid:8079820809", "orderDetails": {"orderID": "orderid:714801", "reservationid": "E5L-WYLQ", "orderType": "call center"}}}
{"_id": "e19f841a-53c8-11ea-a3bf-b88a60e194fb", "timestamp": "2020-01-18T13:06:18.000Z", "eventType": "transaction", "_adobeamericaspot3": {"CRMID": "crmid:9092201163", "orderDetails": {"orderID": "orderid:984439", "reservationid": "FSX-6B8V", "orderType": "kiosk"}}}
{"_id": "e1a04762-53c8-11ea-8f4a-b88a60e194fb", "timestamp": "2020-01-18T09:43:56.000Z", "eventType": "transaction", "_adobeamericaspot3": {"CRMID": "crmid:5877423650", "orderDetails": {"orderID": "orderid:887315", "reservationid": "DLY-P6LP", "orderType": "call center"}}}
{"_id": "e1a10ab8-53c8-11ea-b987-b88a60e194fb", "timestamp": "2020-01-04T01:24:42.000Z", "eventType": "transaction", "_adobeamericaspot3": {"CRMID": "crmid:3680470964", "orderDetails": {"orderID": "orderid:951327", "reservationid": "IFR-PTJW", "orderType": "website"}}}
{"_id": "e1a131b4-53c8-11ea-8ec6-b88a60e194fb", "timestamp": "2020-01-10T00:00:00.000Z", "eventType": "transaction", "_adobeamericaspot3": {"CRMID": "crmid:3680470964", "orderDetails": {"orderID": "orderid:171100", "reservationid": "ESR-EXFH", "orderType": "website"}}}
{"_id": "e1a21c18-53c8-11ea-9a61-b88a60e194fb", "timestamp": "2020-01-20T08:17:21.000Z", "eventType": "transaction", "_adobeamericaspot3": {"CRMID": "crmid:3142248635", "orderDetails": {"orderID": "orderid:517148", "reservationid": "8DK-B6D3", "orderType": "mobile"}}}
{"_id": "e1a3068a-53c8-11ea-9f29-b88a60e194fb", "timestamp": "2019-12-03T09:33:16.000Z", "eventType": "transaction", "_adobeamericaspot3": {"CRMID": "crmid:1245759948", "orderDetails": {"orderID": "orderid:600232", "reservationid": "7VE-SHUM", "orderType": "mobile"}}}
{"_id": "e1a3a2ae-53c8-11ea-b508-b88a60e194fb", "timestamp": "2020-01-27T21:22:08.000Z", "eventType": "transaction", "_adobeamericaspot3": {"CRMID": "crmid:3226355974", "orderDetails": {"orderID": "orderid:891705", "reservationid": "GQR-6DAJ", "orderType": "website"}}}
{"_id": "e1a48cb4-53c8-11ea-bf4c-b88a60e194fb", "timestamp": "2019-12-29T04:01:40.000Z", "eventType": "transaction", "_adobeamericaspot3": {"CRMID": "crmid:8153637444", "orderDetails": {"orderID": "orderid:961698", "reservationid": "R3O-NLPI", "orderType": "website"}}}
{"_id": "e1a5505c-53c8-11ea-b888-b88a60e194fb", "timestamp": "2020-01-08T22:23:27.000Z", "eventType": "transaction", "_adobeamericaspot3": {"CRMID": "crmid:9759415144", "orderDetails": {"orderID": "orderid:329518", "reservationid": "OCW-LZRV", "orderType": "kiosk"}}}
{"_id": "e1a5eca6-53c8-11ea-be54-b88a60e194fb", "timestamp": "2020-01-26T17:07:44.000Z", "eventType": "transaction", "_adobeamericaspot3": {"CRMID": "crmid:8470953428", "orderDetails": {"orderID": "orderid:463748", "reservationid": "VH9-AR3B", "orderType": "website"}}}
{"_id": "e1a6aff4-53c8-11ea-9927-b88a60e194fb", "timestamp": "2020-02-01T14:15:20.000Z", "eventType": "transaction", "_adobeamericaspot3": {"CRMID": "crmid:4900004271", "orderDetails": {"orderID": "orderid:818774", "reservationid": "QKF-YE2O", "orderType": "call center"}}}
{"_id": "e1a7733e-53c8-11ea-bd10-b88a60e194fb", "timestamp": "2020-01-09T23:26:20.000Z", "eventType": "transaction", "_adobeamericaspot3": {"CRMID": "crmid:3157850640", "orderDetails": {"orderID": "orderid:642914", "reservationid": "PQ6-TFHQ", "orderType": "kiosk"}}}
{"_id": "e1a83548-53c8-11ea-8aff-b88a60e194fb", "timestamp": "2020-01-15T06:56:39.000Z", "eventType": "transaction", "_adobeamericaspot3": {"CRMID": "crmid:8173629257", "orderDetails": {"orderID": "orderid:406582", "reservationid": "SED-BA13", "orderType": "mobile"}}}
{"_id": "e1a8f9c2-53c8-11ea-885a-b88a60e194fb", "timestamp": "2020-01-19T19:31:00.000Z", "eventType": "transaction", "_adobeamericaspot3": {"CRMID": "crmid:9290405506", "orderDetails": {"orderID": "orderid:803916", "reservationid": "KHC-VVGJ", "orderType": "mobile"}}}
{"_id": "e1aa0b68-53c8-11ea-9a7f-b88a60e194fb", "timestamp": "2020-02-09T12:41:02.000Z", "eventType": "transaction", "_adobeamericaspot3": {"CRMID": "crmid:6276801918", "orderDetails": {"orderID": "orderid:131046", "reservationid": "5PC-GMQ5", "orderType": "mobile"}}}
{"_id": "e1aa3270-53c8-11ea-80bc-b88a60e194fb", "timestamp": "2020-02-15T00:00:00.000Z", "eventType": "transaction", "_adobeamericaspot3": {"CRMID": "crmid:6276801918", "orderDetails": {"orderID": "orderid:185627", "reservationid": "QKG-DPIH", "orderType": "service desk"}}}
{"_id": "e1aace9a-53c8-11ea-9002-b88a60e194fb", "timestamp": "2019-12-11T00:07:23.000Z", "eventType": "transaction", "_adobeamericaspot3": {"CRMID": "crmid:4608747807", "orderDetails": {"orderID": "orderid:755166", "reservationid": "10F-8XRZ", "orderType": "service desk"}}}
{"_id": "e1ab91e8-53c8-11ea-bfbd-b88a60e194fb", "timestamp": "2020-01-25T09:24:10.000Z", "eventType": "transaction", "_adobeamericaspot3": {"CRMID": "crmid:6305984061", "orderDetails": {"orderID": "orderid:348109", "reservationid": "RWU-M9IQ", "orderType": "website"}}}
{"_id": "e1ac5540-53c8-11ea-a844-b88a60e194fb", "timestamp": "2019-12-20T06:02:47.000Z", "eventType": "transaction", "_adobeamericaspot3": {"CRMID": "crmid:9482557136", "orderDetails": {"orderID": "orderid:873481", "reservationid": "HED-BOLD", "orderType": "mobile"}}}
{"_id": "e1ad3fa4-53c8-11ea-8d4f-b88a60e194fb", "timestamp": "2019-12-07T19:13:51.000Z", "eventType": "transaction", "_adobeamericaspot3": {"CRMID": "crmid:1666253062", "orderDetails": {"orderID": "orderid:611558", "reservationid": "GQ5-GCUH", "orderType": "kiosk"}}}
{"_id": "e1addbdc-53c8-11ea-98b0-b88a60e194fb", "timestamp": "2019-12-10T03:32:08.000Z", "eventType": "transaction", "_adobeamericaspot3": {"CRMID": "crmid:3203138740", "orderDetails": {"orderID": "orderid:271559", "reservationid": "ECO-I4UB", "orderType": "call center"}}}
{"_id": "e1ae9f42-53c8-11ea-b6db-b88a60e194fb", "timestamp": "2020-01-12T13:16:02.000Z", "eventType": "transaction", "_adobeamericaspot3": {"CRMID": "crmid:9766684832", "orderDetails": {"orderID": "orderid:667313", "reservationid": "P9W-UZGG", "orderType": "kiosk"}}}
{"_id": "e1af6280-53c8-11ea-b337-b88a60e194fb", "timestamp": "2019-12-26T01:25:27.000Z", "eventType": "transaction", "_adobeamericaspot3": {"CRMID": "crmid:4288864272", "orderDetails": {"orderID": "orderid:125666", "reservationid": "WJX-J2DJ", "orderType": "kiosk"}}}
{"_id": "e1b025d8-53c8-11ea-87dd-b88a60e194fb", "timestamp": "2020-01-13T09:31:04.000Z", "eventType": "transaction", "_adobeamericaspot3": {"CRMID": "crmid:6503212295", "orderDetails": {"orderID": "orderid:735746", "reservationid": "AAV-FPAC", "orderType": "kiosk"}}}
{"_id": "e1b0e91a-53c8-11ea-96e6-b88a60e194fb", "timestamp": "2020-01-03T15:01:01.000Z", "eventType": "transaction", "_adobeamericaspot3": {"CRMID": "crmid:5069392046", "orderDetails": {"orderID": "orderid:702846", "reservationid": "0SK-02IY", "orderType": "call center"}}}
{"_id": "e1b1ac8a-53c8-11ea-b63e-b88a60e194fb", "timestamp": "2020-01-14T21:11:41.000Z", "eventType": "transaction", "_adobeamericaspot3": {"CRMID": "crmid:3414141981", "orderDetails": {"orderID": "orderid:932292", "reservationid": "S7D-PCGU", "orderType": "call center"}}}
{"_id": "e1b2958a-53c8-11ea-9e66-b88a60e194fb", "timestamp": "2020-02-10T05:10:59.000Z", "eventType": "transaction", "_adobeamericaspot3": {"CRMID": "crmid:8686657076", "orderDetails": {"orderID": "orderid:539940", "reservationid": "WVQ-JK6S", "orderType": "call center"}}}
{"_id": "e1b35a36-53c8-11ea-b061-b88a60e194fb", "timestamp": "2019-12-23T15:06:40.000Z", "eventType": "transaction", "_adobeamericaspot3": {"CRMID": "crmid:3361442486", "orderDetails": {"orderID": "orderid:774883", "reservationid": "AAJ-FU9A", "orderType": "mobile"}}}
{"_id": "e1b41d8c-53c8-11ea-bfdf-b88a60e194fb", "timestamp": "2020-02-06T16:46:32.000Z", "eventType": "transaction", "_adobeamericaspot3": {"CRMID": "crmid:1647416039", "orderDetails": {"orderID": "orderid:992578", "reservationid": "TAL-OH6X", "orderType": "mobile"}}}
{"_id": "e1b4e0f0-53c8-11ea-83a2-b88a60e194fb", "timestamp": "2020-01-12T08:56:38.000Z", "eventType": "transaction", "_adobeamericaspot3": {"CRMID": "crmid:4623759765", "orderDetails": {"orderID": "orderid:325226", "reservationid": "VL4-37AP", "orderType": "call center"}}}
{"_id": "e1b57d14-53c8-11ea-b3c2-b88a60e194fb", "timestamp": "2019-12-08T05:22:13.000Z", "eventType": "transaction", "_adobeamericaspot3": {"CRMID": "crmid:8246121510", "orderDetails": {"orderID": "orderid:940461", "reservationid": "UKD-FEUO", "orderType": "website"}}}
{"_id": "e1b6675a-53c8-11ea-82c1-b88a60e194fb", "timestamp": "2019-12-29T03:01:19.000Z", "eventType": "transaction", "_adobeamericaspot3": {"CRMID": "crmid:6956728359", "orderDetails": {"orderID": "orderid:481664", "reservationid": "SLO-DWJC", "orderType": "mobile"}}}
{"_id": "e1b7039a-53c8-11ea-8daa-b88a60e194fb", "timestamp": "2020-01-12T15:52:18.000Z", "eventType": "transaction", "_adobeamericaspot3": {"CRMID": "crmid:4164175723", "orderDetails": {"orderID": "orderid:710735", "reservationid": "F91-X24B", "orderType": "call center"}}}
{"_id": "e1b7ee1a-53c8-11ea-8e0f-b88a60e194fb", "timestamp": "2019-12-29T08:52:48.000Z", "eventType": "transaction", "_adobeamericaspot3": {"CRMID": "crmid:4726021690", "orderDetails": {"orderID": "orderid:137971", "reservationid": "AY7-YWRU", "orderType": "website"}}}
{"_id": "e1b88a3e-53c8-11ea-9118-b88a60e194fb", "timestamp": "2020-01-02T23:55:42.000Z", "eventType": "transaction", "_adobeamericaspot3": {"CRMID": "crmid:3939805706", "orderDetails": {"orderID": "orderid:667124", "reservationid": "IMZ-JP8J", "orderType": "kiosk"}}}
{"_id": "e1b94d9c-53c8-11ea-a244-b88a60e194fb", "timestamp": "2019-12-01T09:38:04.000Z", "eventType": "transaction", "_adobeamericaspot3": {"CRMID": "crmid:9645734461", "orderDetails": {"orderID": "orderid:605007", "reservationid": "VX2-RT5W", "orderType": "kiosk"}}}
{"_id": "e1ba37ee-53c8-11ea-86fe-b88a60e194fb", "timestamp": "2019-12-07T03:26:17.000Z", "eventType": "transaction", "_adobeamericaspot3": {"CRMID": "crmid:2617899563", "orderDetails": {"orderID": "orderid:428339", "reservationid": "PHY-SWLW", "orderType": "website"}}}
{"_id": "e1bb218a-53c8-11ea-9003-b88a60e194fb", "timestamp": "2020-01-22T05:45:22.000Z", "eventType": "transaction", "_adobeamericaspot3": {"CRMID": "crmid:4503477364", "orderDetails": {"orderID": "orderid:621599", "reservationid": "16Q-ZZIX", "orderType": "kiosk"}}}
{"_id": "e1bbe5ca-53c8-11ea-9996-b88a60e194fb", "timestamp": "2019-12-30T04:19:27.000Z", "eventType": "transaction", "_adobeamericaspot3": {"CRMID": "crmid:4785911834", "orderDetails": {"orderID": "orderid:922698", "reservationid": "3HM-UY1J", "orderType": "website"}}}
{"_id": "e1bca8fe-53c8-11ea-aded-b88a60e194fb", "timestamp": "2019-12-23T22:28:19.000Z", "eventType": "transaction", "_adobeamericaspot3": {"CRMID": "crmid:1278117023", "orderDetails": {"orderID": "orderid:234472", "reservationid": "CCO-DOVQ", "orderType": "kiosk"}}}
{"_id": "e1bd6b0a-53c8-11ea-9426-b88a60e194fb", "timestamp": "2019-12-26T06:50:44.000Z", "eventType": "transaction", "_adobeamericaspot3": {"CRMID": "crmid:9359261638", "orderDetails": {"orderID": "orderid:283185", "reservationid": "KC7-618Y", "orderType": "website"}}}
{"_id": "e1be074c-53c8-11ea-8847-b88a60e194fb", "timestamp": "2020-01-20T03:26:56.000Z", "eventType": "transaction", "_adobeamericaspot3": {"CRMID": "crmid:2964123013", "orderDetails": {"orderID": "orderid:618722", "reservationid": "D4U-IROT", "orderType": "mobile"}}}
{"_id": "e1beca9c-53c8-11ea-84d8-b88a60e194fb", "timestamp": "2020-02-09T01:31:53.000Z", "eventType": "transaction", "_adobeamericaspot3": {"CRMID": "crmid:6618447585", "orderDetails": {"orderID": "orderid:969990", "reservationid": "3EP-LT4H", "orderType": "kiosk"}}}
{"_id": "e1bfb500-53c8-11ea-ac01-b88a60e194fb", "timestamp": "2020-01-18T10:40:56.000Z", "eventType": "transaction", "_adobeamericaspot3": {"CRMID": "crmid:9839896730", "orderDetails": {"orderID": "orderid:931725", "reservationid": "CA8-QE8F", "orderType": "call center"}}}
{"_id": "e1c0784c-53c8-11ea-9406-b88a60e194fb", "timestamp": "2020-02-02T16:05:23.000Z", "eventType": "transaction", "_adobeamericaspot3": {"CRMID": "crmid:5596391564", "orderDetails": {"orderID": "orderid:218523", "reservationid": "F3Y-COJ0", "orderType": "service desk"}}}
{"_id": "e1c13ba4-53c8-11ea-b550-b88a60e194fb", "timestamp": "2020-01-10T01:11:06.000Z", "eventType": "transaction", "_adobeamericaspot3": {"CRMID": "crmid:1276853326", "orderDetails": {"orderID": "orderid:827331", "reservationid": "CSV-RANM", "orderType": "call center"}}}
{"_id": "e1c1feec-53c8-11ea-b662-b88a60e194fb", "timestamp": "2020-01-05T11:35:20.000Z", "eventType": "transaction", "_adobeamericaspot3": {"CRMID": "crmid:8660186863", "orderDetails": {"orderID": "orderid:531998", "reservationid": "WYO-ZWZS", "orderType": "website"}}}
{"_id": "e1c31074-53c8-11ea-99f9-b88a60e194fb", "timestamp": "2020-01-11T13:30:24.000Z", "eventType": "transaction", "_adobeamericaspot3": {"CRMID": "crmid:1737294236", "orderDetails": {"orderID": "orderid:667106", "reservationid": "KXU-MYKN", "orderType": "mobile"}}}
{"_id": "e1c3ac9e-53c8-11ea-96bf-b88a60e194fb", "timestamp": "2020-01-22T14:02:21.000Z", "eventType": "transaction", "_adobeamericaspot3": {"CRMID": "crmid:9048882787", "orderDetails": {"orderID": "orderid:409277", "reservationid": "UMY-DHQ4", "orderType": "call center"}}}
{"_id": "e1c46fe8-53c8-11ea-b1ed-b88a60e194fb", "timestamp": "2020-02-13T07:56:33.000Z", "eventType": "transaction", "_adobeamericaspot3": {"CRMID": "crmid:8089102262", "orderDetails": {"orderID": "orderid:323904", "reservationid": "OP1-IBX5", "orderType": "mobile"}}}
{"_id": "e1c5333a-53c8-11ea-a315-b88a60e194fb", "timestamp": "2019-12-14T20:50:48.000Z", "eventType": "transaction", "_adobeamericaspot3": {"CRMID": "crmid:6933205455", "orderDetails": {"orderID": "orderid:399552", "reservationid": "A2E-WTMG", "orderType": "kiosk"}}}
{"_id": "e1c5cf7e-53c8-11ea-b05d-b88a60e194fb", "timestamp": "2020-01-18T05:03:30.000Z", "eventType": "transaction", "_adobeamericaspot3": {"CRMID": "crmid:9376695454", "orderDetails": {"orderID": "orderid:308977", "reservationid": "X1F-SQ2N", "orderType": "website"}}}
{"_id": "e1c5f68a-53c8-11ea-a9bf-b88a60e194fb", "timestamp": "2020-01-28T00:00:00.000Z", "eventType": "transaction", "_adobeamericaspot3": {"CRMID": "crmid:9376695454", "orderDetails": {"orderID": "orderid:348902", "reservationid": "ZSD-7HSR", "orderType": "kiosk"}}}
{"_id": "e1c6b9e8-53c8-11ea-a6da-b88a60e194fb", "timestamp": "2019-12-30T09:30:54.000Z", "eventType": "transaction", "_adobeamericaspot3": {"CRMID": "crmid:3028279027", "orderDetails": {"orderID": "orderid:773538", "reservationid": "SMX-3NRH", "orderType": "mobile"}}}
{"_id": "e1c7a588-53c8-11ea-933a-b88a60e194fb", "timestamp": "2019-12-22T17:37:47.000Z", "eventType": "transaction", "_adobeamericaspot3": {"CRMID": "crmid:3258023789", "orderDetails": {"orderID": "orderid:388312", "reservationid": "I6W-QIGW", "orderType": "call center"}}}
{"_id": "e1c868e6-53c8-11ea-afaa-b88a60e194fb", "timestamp": "2020-01-13T04:36:55.000Z", "eventType": "transaction", "_adobeamericaspot3": {"CRMID": "crmid:5366335416", "orderDetails": {"orderID": "orderid:820484", "reservationid": "MKM-VZPI", "orderType": "website"}}}
{"_id": "e1c90512-53c8-11ea-931f-b88a60e194fb", "timestamp": "2020-01-13T15:04:58.000Z", "eventType": "transaction", "_adobeamericaspot3": {"CRMID": "crmid:4641576861", "orderDetails": {"orderID": "orderid:198460", "reservationid": "IEH-VGBQ", "orderType": "kiosk"}}}
{"_id": "e1c9c84a-53c8-11ea-bafc-b88a60e194fb", "timestamp": "2020-01-05T06:21:38.000Z", "eventType": "transaction", "_adobeamericaspot3": {"CRMID": "crmid:4391674828", "orderDetails": {"orderID": "orderid:684531", "reservationid": "NDI-QJRH", "orderType": "service desk"}}}
{"_id": "e1cad9c0-53c8-11ea-93d5-b88a60e194fb", "timestamp": "2020-02-09T09:42:53.000Z", "eventType": "transaction", "_adobeamericaspot3": {"CRMID": "crmid:9351223063", "orderDetails": {"orderID": "orderid:196164", "reservationid": "OGB-AMLT", "orderType": "service desk"}}}
{"_id": "e1cb7614-53c8-11ea-8543-b88a60e194fb", "timestamp": "2020-02-05T15:11:08.000Z", "eventType": "transaction", "_adobeamericaspot3": {"CRMID": "crmid:7721026235", "orderDetails": {"orderID": "orderid:982457", "reservationid": "Q5Q-4M6S", "orderType": "kiosk"}}}
{"_id": "e1cc3938-53c8-11ea-902d-b88a60e194fb", "timestamp": "2019-12-12T09:55:12.000Z", "eventType": "transaction", "_adobeamericaspot3": {"CRMID": "crmid:4618150965", "orderDetails": {"orderID": "orderid:541621", "reservationid": "X5C-CTVS", "orderType": "call center"}}}
{"_id": "e1ccfcd2-53c8-11ea-951c-b88a60e194fb", "timestamp": "2020-02-09T04:28:23.000Z", "eventType": "transaction", "_adobeamericaspot3": {"CRMID": "crmid:6333396186", "orderDetails": {"orderID": "orderid:931516", "reservationid": "VQN-IAKB", "orderType": "kiosk"}}}
{"_id": "e1cdbea6-53c8-11ea-acb4-b88a60e194fb", "timestamp": "2019-12-07T16:43:31.000Z", "eventType": "transaction", "_adobeamericaspot3": {"CRMID": "crmid:1886876837", "orderDetails": {"orderID": "orderid:223800", "reservationid": "AMJ-CR41", "orderType": "call center"}}}
{"_id": "e1ce8340-53c8-11ea-99b8-b88a60e194fb", "timestamp": "2019-12-28T09:58:39.000Z", "eventType": "transaction", "_adobeamericaspot3": {"CRMID": "crmid:6976580423", "orderDetails": {"orderID": "orderid:493074", "reservationid": "KXE-IQWP", "orderType": "kiosk"}}}
{"_id": "e1cf4688-53c8-11ea-97bd-b88a60e194fb", "timestamp": "2019-12-12T13:51:15.000Z", "eventType": "transaction", "_adobeamericaspot3": {"CRMID": "crmid:9790251639", "orderDetails": {"orderID": "orderid:784361", "reservationid": "OYQ-OKXJ", "orderType": "call center"}}}
{"_id": "e1d0a534-53c8-11ea-89d3-b88a60e194fb", "timestamp": "2019-12-27T04:01:34.000Z", "eventType": "transaction", "_adobeamericaspot3": {"CRMID": "crmid:1725778229", "orderDetails": {"orderID": "orderid:286817", "reservationid": "DTU-FJJG", "orderType": "service desk"}}}
{"_id": "e1d1dd58-53c8-11ea-aedc-b88a60e194fb", "timestamp": "2020-02-02T22:30:04.000Z", "eventType": "transaction", "_adobeamericaspot3": {"CRMID": "crmid:4155247836", "orderDetails": {"orderID": "orderid:460198", "reservationid": "IMR-DERQ", "orderType": "call center"}}}
{"_id": "e1d2c91a-53c8-11ea-acf6-b88a60e194fb", "timestamp": "2019-12-03T14:08:45.000Z", "eventType": "transaction", "_adobeamericaspot3": {"CRMID": "crmid:7007295553", "orderDetails": {"orderID": "orderid:212106", "reservationid": "MUX-O0OI", "orderType": "website"}}}
{"_id": "e1d3654c-53c8-11ea-b01d-b88a60e194fb", "timestamp": "2020-02-04T01:21:47.000Z", "eventType": "transaction", "_adobeamericaspot3": {"CRMID": "crmid:1541762538", "orderDetails": {"orderID": "orderid:321265", "reservationid": "9GG-0HYD", "orderType": "service desk"}}}
{"_id": "e1d476e4-53c8-11ea-a8a4-b88a60e194fb", "timestamp": "2020-02-08T21:28:45.000Z", "eventType": "transaction", "_adobeamericaspot3": {"CRMID": "crmid:8391096965", "orderDetails": {"orderID": "orderid:885186", "reservationid": "KWJ-PTYR", "orderType": "kiosk"}}}
{"_id": "e1d51302-53c8-11ea-a450-b88a60e194fb", "timestamp": "2020-01-22T02:57:29.000Z", "eventType": "transaction", "_adobeamericaspot3": {"CRMID": "crmid:2353307676", "orderDetails": {"orderID": "orderid:518973", "reservationid": "5JF-MRG1", "orderType": "kiosk"}}}
{"_id": "e1d5d648-53c8-11ea-ba07-b88a60e194fb", "timestamp": "2020-01-19T14:41:26.000Z", "eventType": "transaction", "_adobeamericaspot3": {"CRMID": "crmid:6087139679", "orderDetails": {"orderID": "orderid:928224", "reservationid": "NKG-UWEV", "orderType": "website"}}}
{"_id": "e1d6998c-53c8-11ea-a11c-b88a60e194fb", "timestamp": "2020-02-12T05:07:27.000Z", "eventType": "transaction", "_adobeamericaspot3": {"CRMID": "crmid:2763009055", "orderDetails": {"orderID": "orderid:901196", "reservationid": "CSW-GCFJ", "orderType": "call center"}}}
{"_id": "e1d75d0a-53c8-11ea-9662-b88a60e194fb", "timestamp": "2020-01-02T21:35:46.000Z", "eventType": "transaction", "_adobeamericaspot3": {"CRMID": "crmid:7171091448", "orderDetails": {"orderID": "orderid:891665", "reservationid": "Y4T-2RPX", "orderType": "mobile"}}}
{"_id": "e1d8203a-53c8-11ea-847b-b88a60e194fb", "timestamp": "2019-12-14T18:51:37.000Z", "eventType": "transaction", "_adobeamericaspot3": {"CRMID": "crmid:6666973557", "orderDetails": {"orderID": "orderid:894401", "reservationid": "RTU-RCGM", "orderType": "kiosk"}}}
{"_id": "e1d8e208-53c8-11ea-a83c-b88a60e194fb", "timestamp": "2020-01-12T00:16:41.000Z", "eventType": "transaction", "_adobeamericaspot3": {"CRMID": "crmid:6082548149", "orderDetails": {"orderID": "orderid:124773", "reservationid": "WH6-IPFJ", "orderType": "kiosk"}}}
{"_id": "e1d9a566-53c8-11ea-8fbb-b88a60e194fb", "timestamp": "2020-01-02T01:47:41.000Z", "eventType": "transaction", "_adobeamericaspot3": {"CRMID": "crmid:8000508974", "orderDetails": {"orderID": "orderid:227589", "reservationid": "LYG-PLSL", "orderType": "kiosk"}}}
{"_id": "e1da8ffa-53c8-11ea-8357-b88a60e194fb", "timestamp": "2020-01-03T02:44:48.000Z", "eventType": "transaction", "_adobeamericaspot3": {"CRMID": "crmid:3071970590", "orderDetails": {"orderID": "orderid:686210", "reservationid": "OLK-LT9A", "orderType": "mobile"}}}
{"_id": "e1db5482-53c8-11ea-baa8-b88a60e194fb", "timestamp": "2019-12-02T02:11:31.000Z", "eventType": "transaction", "_adobeamericaspot3": {"CRMID": "crmid:9772417431", "orderDetails": {"orderID": "orderid:203932", "reservationid": "QQC-C2IP", "orderType": "website"}}}
{"_id": "e1dc65f4-53c8-11ea-b5d8-b88a60e194fb", "timestamp": "2020-01-14T08:27:18.000Z", "eventType": "transaction", "_adobeamericaspot3": {"CRMID": "crmid:7210814164", "orderDetails": {"orderID": "orderid:571397", "reservationid": "S9D-KRTJ", "orderType": "call center"}}}
{"_id": "e1dd2948-53c8-11ea-b83c-b88a60e194fb", "timestamp": "2020-01-23T06:16:26.000Z", "eventType": "transaction", "_adobeamericaspot3": {"CRMID": "crmid:6840276310", "orderDetails": {"orderID": "orderid:102088", "reservationid": "RC7-ZICT", "orderType": "kiosk"}}}
{"_id": "e1ddc454-53c8-11ea-b05e-b88a60e194fb", "timestamp": "2020-02-13T11:11:11.000Z", "eventType": "transaction", "_adobeamericaspot3": {"CRMID": "crmid:5329130370", "orderDetails": {"orderID": "orderid:980407", "reservationid": "JXT-JZMW", "orderType": "mobile"}}}
{"_id": "e1deafc0-53c8-11ea-9cb9-b88a60e194fb", "timestamp": "2020-02-05T15:05:09.000Z", "eventType": "transaction", "_adobeamericaspot3": {"CRMID": "crmid:8010192027", "orderDetails": {"orderID": "orderid:882634", "reservationid": "JN6-WC9F", "orderType": "kiosk"}}}
{"_id": "e1df4c1e-53c8-11ea-8653-b88a60e194fb", "timestamp": "2019-12-12T18:05:33.000Z", "eventType": "transaction", "_adobeamericaspot3": {"CRMID": "crmid:5753943676", "orderDetails": {"orderID": "orderid:722723", "reservationid": "BKH-HLOT", "orderType": "call center"}}}
{"_id": "e1e00f3a-53c8-11ea-8afe-b88a60e194fb", "timestamp": "2020-01-30T16:21:45.000Z", "eventType": "transaction", "_adobeamericaspot3": {"CRMID": "crmid:1371101264", "orderDetails": {"orderID": "orderid:601462", "reservationid": "WZJ-UZ44", "orderType": "kiosk"}}}
{"_id": "e1e0d2b4-53c8-11ea-88b0-b88a60e194fb", "timestamp": "2020-01-31T11:43:38.000Z", "eventType": "transaction", "_adobeamericaspot3": {"CRMID": "crmid:1803666188", "orderDetails": {"orderID": "orderid:561356", "reservationid": "UPL-NEV4", "orderType": "website"}}}
{"_id": "e1e16f18-53c8-11ea-8b89-b88a60e194fb", "timestamp": "2019-12-30T12:29:21.000Z", "eventType": "transaction", "_adobeamericaspot3": {"CRMID": "crmid:6936050563", "orderDetails": {"orderID": "orderid:323988", "reservationid": "37C-QIUU", "orderType": "website"}}}
{"_id": "e1e23236-53c8-11ea-b27d-b88a60e194fb", "timestamp": "2020-01-12T13:55:55.000Z", "eventType": "transaction", "_adobeamericaspot3": {"CRMID": "crmid:7667829425", "orderDetails": {"orderID": "orderid:491845", "reservationid": "QUX-DLMC", "orderType": "website"}}}
{"_id": "e1e2ce8c-53c8-11ea-9602-b88a60e194fb", "timestamp": "2020-02-11T20:57:10.000Z", "eventType": "transaction", "_adobeamericaspot3": {"CRMID": "crmid:3422037764", "orderDetails": {"orderID": "orderid:735765", "reservationid": "GLV-UWJ8", "orderType": "kiosk"}}}
{"_id": "e1e3b8f6-53c8-11ea-85a6-b88a60e194fb", "timestamp": "2019-12-07T00:56:09.000Z", "eventType": "transaction", "_adobeamericaspot3": {"CRMID": "crmid:8923132545", "orderDetails": {"orderID": "orderid:191570", "reservationid": "EIF-0NHU", "orderType": "kiosk"}}}
{"_id": "e1e4a368-53c8-11ea-84c0-b88a60e194fb", "timestamp": "2020-02-13T17:15:24.000Z", "eventType": "transaction", "_adobeamericaspot3": {"CRMID": "crmid:7845650596", "orderDetails": {"orderID": "orderid:846070", "reservationid": "RUZ-95TS", "orderType": "website"}}}
{"_id": "e1e58dae-53c8-11ea-801e-b88a60e194fb", "timestamp": "2019-12-19T10:04:32.000Z", "eventType": "transaction", "_adobeamericaspot3": {"CRMID": "crmid:8903909229", "orderDetails": {"orderID": "orderid:898057", "reservationid": "KTZ-MWKP", "orderType": "website"}}}
{"_id": "e1e65124-53c8-11ea-a466-b88a60e194fb", "timestamp": "2019-12-22T05:32:56.000Z", "eventType": "transaction", "_adobeamericaspot3": {"CRMID": "crmid:6845650050", "orderDetails": {"orderID": "orderid:511831", "reservationid": "B7H-RZXB", "orderType": "website"}}}
{"_id": "e1e6ed4a-53c8-11ea-a04d-b88a60e194fb", "timestamp": "2019-12-30T06:38:18.000Z", "eventType": "transaction", "_adobeamericaspot3": {"CRMID": "crmid:1426153091", "orderDetails": {"orderID": "orderid:317592", "reservationid": "PDP-HHKB", "orderType": "service desk"}}}
{"_id": "e1e7b094-53c8-11ea-b464-b88a60e194fb", "timestamp": "2020-01-02T10:44:54.000Z", "eventType": "transaction", "_adobeamericaspot3": {"CRMID": "crmid:8667058439", "orderDetails": {"orderID": "orderid:133190", "reservationid": "GQK-CGVO", "orderType": "kiosk"}}}
{"_id": "e1e873ca-53c8-11ea-9e2a-b88a60e194fb", "timestamp": "2020-02-07T09:15:11.000Z", "eventType": "transaction", "_adobeamericaspot3": {"CRMID": "crmid:3526410751", "orderDetails": {"orderID": "orderid:655517", "reservationid": "AA6-SCJN", "orderType": "website"}}}
{"_id": "e1e91024-53c8-11ea-9cc1-b88a60e194fb", "timestamp": "2020-02-01T06:00:36.000Z", "eventType": "transaction", "_adobeamericaspot3": {"CRMID": "crmid:5968505521", "orderDetails": {"orderID": "orderid:553091", "reservationid": "FK2-Z2GA", "orderType": "kiosk"}}}
{"_id": "e1e9d388-53c8-11ea-a867-b88a60e194fb", "timestamp": "2019-12-03T16:57:11.000Z", "eventType": "transaction", "_adobeamericaspot3": {"CRMID": "crmid:8858909256", "orderDetails": {"orderID": "orderid:661846", "reservationid": "HRS-MNCO", "orderType": "website"}}}
