{"_id": "orderid:704363", "timestamp": "2020-01-05T04:37:40.000Z", "eventType": "transaction", "_adobeamericaspot3": {"CRMID": "crmid:9624194758", "orderDetails": {"orderID": "orderid:704363", "reservationid": "K3C-R6GO", "orderType": "kiosk", "hotelSKU": "prd1118", "hotelCheckInUnix": "1580186260", "hotelCheckOutUnix": "1580877460", "hotelCheckInTS": "2020-01-28T04:37:40+00:00", "hotelCheckOutTS": "2020-02-05T04:37:40+00:00", "hotelChain": "Blue Reef Resort", "hotelName": "Blue Reef Resort: Cologne", "hotelLocation": "Cologne", "hotelRoomType": "premium", "hotelRoomCount": "1", "hotelGuestAdultCount": "1", "hotelGuestChildCount": "3", "hotelNightCount": "8", "hotelRoomPrice": "94.59", "hotelFinalPrice": "756.72"}}}
{"_id": "orderid:996717", "timestamp": "2019-12-30T08:44:18.000Z", "eventType": "transaction", "_adobeamericaspot3": {"CRMID": "crmid:5641969253", "orderDetails": {"orderID": "orderid:996717", "reservationid": "W49-VWY6", "orderType": "call center", "hotelSKU": "prd1130", "hotelCheckInUnix": "1580114658", "hotelCheckOutUnix": "1580719458", "hotelCheckInTS": "2020-01-27T08:44:18+00:00", "hotelCheckOutTS": "2020-02-03T08:44:18+00:00", "hotelChain": "Blue Reef Resort", "hotelName": "Blue Reef Resort: Bremen", "hotelLocation": "Bremen", "hotelRoomType": "premium", "hotelRoomCount": "1", "hotelGuestAdultCount": "1", "hotelGuestChildCount": "0", "hotelNightCount": "7", "hotelRoomPrice": "130.62", "hotelFinalPrice": "914.34"}}}
{"_id": "orderid:828600", "timestamp": "2020-01-21T14:23:39.000Z", "eventType": "transaction", "_adobeamericaspot3": {"CRMID": "crmid:1308401215", "orderDetails": {"orderID": "orderid:828600", "reservationid": "3XL-MG90", "orderType": "mobile", "hotelSKU": "prd1112", "hotelCheckInUnix": "1581690219", "hotelCheckOutUnix": "1582295019", "hotelCheckInTS": "2020-02-14T14:23:39+00:00", "hotelCheckOutTS": "2020-02-21T14:23:39+00:00", "hotelChain": "Aspen Heights", "hotelName": "Aspen Heights: Birmingham", "hotelLocation": "Birmingham", "hotelRoomType": "standard", "hotelRoomCount": "1", "hotelGuestAdultCount": "1", "hotelGuestChildCount": "0", "hotelNightCount": "7", "hotelRoomPrice": "154.68", "hotelFinalPrice": "1082.76"}}}
{"_id": "orderid:757340", "timestamp": "2019-12-02T03:56:04.000Z", "eventType": "transaction", "_adobeamericaspot3": {"CRMID": "crmid:2450224808", "orderDetails": {"orderID": "orderid:757340", "reservationid": "LB0-YXVO", "orderType": "call center", "hotelSKU": "prd1181", "hotelCheckInUnix": "1576122964", "hotelCheckOutUnix": "1576382164", "hotelCheckInTS": "2019-12-12T03:56:04+00:00", "hotelCheckOutTS": "2019-12-15T03:56:04+00:00", "hotelChain": "Grandeur Hotels", "hotelName": "Grandeur Hotels: Oakland", "hotelLocation": "Oakland", "hotelRoomType": "standard", "hotelRoomCount": "1", "hotelGuestAdultCount": "1", "hotelGuestChildCount": "0", "hotelNightCount": "3", "hotelRoomPrice": "176.4", "hotelFinalPrice": "529.2"}}}
{"_id": "orderid:575310", "timestamp": "2020-02-15T22:35:09.000Z", "eventType": "transaction", "_adobeamericaspot3": {"CRMID": "crmid:6742844587", "orderDetails": {"orderID": "orderid:575310", "reservationid": "GOA-OGDI", "orderType": "mobile", "hotelSKU": "prd1184", "hotelCheckInUnix": "1581892509", "hotelCheckOutUnix": "1581978909", "hotelCheckInTS": "2020-02-16T22:35:09+00:00", "hotelCheckOutTS": "2020-02-17T22:35:09+00:00", "hotelChain": "Aspen Heights", "hotelName": "Aspen Heights: Arlington", "hotelLocation": "Arlington", "hotelRoomType": "standard", "hotelRoomCount": "1", "hotelGuestAdultCount": "1", "hotelGuestChildCount": "0", "hotelNightCount": "1", "hotelRoomPrice": "144.09", "hotelFinalPrice": "144.09"}}}
{"_id": "orderid:440680", "timestamp": "2020-01-05T00:45:56.000Z", "eventType": "transaction", "_adobeamericaspot3": {"CRMID": "crmid:4964222106", "orderDetails": {"orderID": "orderid:440680", "reservationid": "4UZ-T1NT", "orderType": "service desk", "hotelSKU": "prd1095", "hotelCheckInUnix": "1580517956", "hotelCheckOutUnix": "1581036356", "hotelCheckInTS": "2020-02-01T00:45:56+00:00", "hotelCheckOutTS": "2020-02-07T00:45:56+00:00", "hotelChain": "Hospitality Inn", "hotelName": "Hospitality Inn: Casablanca", "hotelLocation": "Casablanca", "hotelRoomType": "premium", "hotelRoomCount": "1", "hotelGuestAdultCount": "1", "hotelGuestChildCount": "0", "hotelNightCount": "6", "hotelRoomPrice": "159.99", "hotelFinalPrice": "959.94"}}}
{"_id": "orderid:371688", "timestamp": "2020-01-21T18:48:04.000Z", "eventType": "transaction", "_adobeamericaspot3": {"CRMID": "crmid:8544866190", "orderDetails": {"orderID": "orderid:371688", "reservationid": "65I-BFS1", "orderType": "service desk", "hotelSKU": "prd1020", "hotelCheckInUnix": "1579805284", "hotelCheckOutUnix": "1580150884", "hotelCheckInTS": "2020-01-23T18:48:04+00:00", "hotelCheckOutTS": "2020-01-27T18:48:04+00:00", "hotelChain": "Repose Resort", "hotelName": "Repose Resort: Seattle", "hotelLocation": "Seattle", "hotelRoomType": "standard", "hotelRoomCount": "1", "hotelGuestAdultCount": "1", "hotelGuestChildCount": "0", "hotelNightCount": "4", "hotelRoomPrice": "131.93", "hotelFinalPrice": "527.72"}}}
{"_id": "orderid:415744", "timestamp": "2020-01-02T20:42:12.000Z", "eventType": "transaction", "_adobeamericaspot3": {"CRMID": "crmid:8247206191", "orderDetails": {"orderID": "orderid:415744", "reservationid": "4DY-6P6C", "orderType": "website", "hotelSKU": "prd1100", "hotelCheckInUnix": "1578343332", "hotelCheckOutUnix": "1578429732", "hotelCheckInTS": "2020-01-06T20:42:12+00:00", "hotelCheckOutTS": "2020-01-07T20:42:12+00:00", "hotelChain": "Aspen Heights", "hotelName": "Aspen Heights: Misk", "hotelLocation": "Misk", "hotelRoomType": "standard", "hotelRoomCount": "1", "hotelGuestAdultCount": "1", "hotelGuestChildCount": "0", "hotelNightCount": "1", "hotelRoomPrice": "156.48", "hotelFinalPrice": "156.48"}}}
{"_id": "orderid:383230", "timestamp": "2020-02-08T21:24:33.000Z", "eventType": "transaction", "_adobeamericaspot3": {"CRMID": "crmid:3033496143", "orderDetails": {"orderID": "orderid:383230", "reservationid": "EMQ-NLJM", "orderType": "call center", "hotelSKU": "prd1190", "hotelCheckInUnix": "1583011473", "hotelCheckOutUnix": "1583702673", "hotelCheckInTS": "2020-02-29T21:24:33+00:00", "hotelCheckOutTS": "2020-03-08T21:24:33+00:00", "hotelChain": "Blue Reef Resort", "hotelName": "Blue Reef Resort: Aurora", "hotelLocation": "Aurora", "hotelRoomType": "standard", "hotelRoomCount": "1", "hotelGuestAdultCount": "1", "hotelGuestChildCount": "0", "hotelNightCount": "8", "hotelRoomPrice": "123.47", "hotelFinalPrice": "987.76"}}}
{"_id": "orderid:513512", "timestamp": "2019-12-30T21:53:32.000Z", "eventType": "transaction", "_adobeamericaspot3": {"CRMID": "crmid:8487936033", "orderDetails": {"orderID": "orderid:513512", "reservationid": "RE4-LMT5", "orderType": "website", "hotelSKU": "prd1097", "hotelCheckInUnix": "1579643612", "hotelCheckOutUnix": "1580334812", "hotelCheckInTS": "2020-01-21T21:53:32+00:00", "hotelCheckOutTS": "2020-01-29T21:53:32+00:00", "hotelChain": "Grandeur Hotels", "hotelName": "Grandeur Hotels: Buenos Aires", "hotelLocation": "Buenos Aires", "hotelRoomType": "standard", "hotelRoomCount": "1", "hotelGuestAdultCount": "1", "hotelGuestChildCount": "0", "hotelNightCount": "8", "hotelRoomPrice": "112.66", "hotelFinalPrice": "901.28"}}}
{"_id": "orderid:216849", "timestamp": "2020-01-15T11:29:46.000Z", "eventType": "transaction", "_adobeamericaspot3": {"CRMID": "crmid:1604963380", "orderDetails": {"orderID": "orderid:216849", "reservationid": "PCJ-CNSP", "orderType": "call center", "hotelSKU": "prd1158", "hotelCheckInUnix": "1579778986", "hotelCheckOutUnix": "1580556586", "hotelCheckInTS": "2020-01-23T11:29:46+00:00", "hotelCheckOutTS": "2020-02-01T11:29:46+00:00", "hotelChain": "Restful Nights", "hotelName": "Restful Nights: El Paso", "hotelLocation": "El Paso", "hotelRoomType": "premium", "hotelRoomCount": "1", "hotelGuestAdultCount": "1", "hotelGuestChildCount": "0", "hotelNightCount": "9", "hotelRoomPrice": "156.05", "hotelFinalPrice": "1404.45"}}}
{"_id": "orderid:872353", "timestamp": "2019-12-08T15:02:30.000Z", "eventType": "transaction", "_adobeamericaspot3": {"CRMID": "crmid:7807858959", "orderDetails": {"orderID": "orderid:872353", "reservationid": "H0J-YR8O", "orderType": "website", "hotelSKU": "prd1131", "hotelCheckInUnix": "1577977350", "hotelCheckOutUnix": "1578322950", "hotelCheckInTS": "2020-01-02T15:02:30+00:00", "hotelCheckOutTS": "2020-01-06T15:02:30+00:00", "hotelChain": "Hospitality Inn", "hotelName": "Hospitality Inn: Sheffield", "hotelLocation": "Sheffield", "hotelRoomType": "standard", "hotelRoomCount": "1", "hotelGuestAdultCount": "1", "hotelGuestChildCount": "0", "hotelNightCount": "4", "hotelRoomPrice": "117.67", "hotelFinalPrice": "470.68"}}}
{"_id": "orderid:854098", "timestamp": "2020-02-01T12:28:52.000Z", "eventType": "transaction", "_adobeamericaspot3": {"CRMID": "crmid:1936714787", "orderDetails": {"orderID": "orderid:854098", "reservationid": "2UD-JR4H", "orderType": "mobile", "hotelSKU": "prd1107", "hotelCheckInUnix": "1581078532", "hotelCheckOutUnix": "1581251332", "hotelCheckInTS": "2020-02-07T12:28:52+00:00", "hotelCheckOutTS": "2020-02-09T12:28:52+00:00", "hotelChain": "Hospitality Inn", "hotelName": "Hospitality Inn: Kharkiv", "hotelLocation": "Kharkiv", "hotelRoomType": "standard", "hotelRoomCount": "1", "hotelGuestAdultCount": "1", "hotelGuestChildCount": "0", "hotelNightCount": "2", "hotelRoomPrice": "151.46", "hotelFinalPrice": "302.92"}}}
{"_id": "orderid:731112", "timestamp": "2020-01-12T23:13:00.000Z", "eventType": "transaction", "_adobeamericaspot3": {"CRMID": "crmid:1297023070", "orderDetails": {"orderID": "orderid:731112", "reservationid": "FCN-UKXD", "orderType": "call center", "hotelSKU": "prd1026", "hotelCheckInUnix": "1579043580", "hotelCheckOutUnix": "1579129980", "hotelCheckInTS": "2020-01-14T23:13:00+00:00", "hotelCheckOutTS": "2020-01-15T23:13:00+00:00", "hotelChain": "Restful Nights", "hotelName": "Restful Nights: Nashville", "hotelLocation": "Nashville", "hotelRoomType": "standard", "hotelRoomCount": "1", "hotelGuestAdultCount": "1", "hotelGuestChildCount": "0", "hotelNightCount": "1", "hotelRoomPrice": "112.92", "hotelFinalPrice": "112.92"}}}
{"_id": "orderid:771817", "timestamp": "2020-01-16T00:00:00.000Z", "eventType": "transaction", "_adobeamericaspot3": {"CRMID": "crmid:1297023070", "orderDetails": {"orderID": "orderid:771817", "reservationid": "HWS-GJUU", "orderType": "website", "hotelSKU": "prd1099", "hotelCheckInUnix": "1579219200", "hotelCheckOutUnix": "1579478400", "hotelCheckInTS": "2020-01-17T00:00:00+00:00", "hotelCheckOutTS": "2020-01-20T00:00:00+00:00", "hotelChain": "Family Fun Hotels", "hotelName": "Family Fun Hotels: Bucharest", "hotelLocation": "Bucharest", "hotelRoomType": "premium", "hotelRoomCount": "1", "hotelGuestAdultCount": "1", "hotelGuestChildCount": "0", "hotelNightCount": "3", "hotelRoomPrice": "140.81", "hotelFinalPrice": "422.43"}}}
{"_id": "orderid:543257", "timestamp": "2019-12-20T23:34:10.000Z", "eventType": "transaction", "_adobeamericaspot3": {"CRMID": "crmid:5582848462", "orderDetails": {"orderID": "orderid:543257", "reservationid": "FX5-LHDM", "orderType": "kiosk", "hotelSKU": "prd1071", "hotelCheckInUnix": "1577057650", "hotelCheckOutUnix": "1577230450", "hotelCheckInTS": "2019-12-22T23:34:10+00:00", "hotelCheckOutTS": "2019-12-24T23:34:10+00:00", "hotelChain": "Hospitality Inn", "hotelName": "Hospitality Inn: Seoul", "hotelLocation": "Seoul", "hotelRoomType": "standard", "hotelRoomCount": "1", "hotelGuestAdultCount": "1", "hotelGuestChildCount": "0", "hotelNightCount": "2", "hotelRoomPrice": "114.61", "hotelFinalPrice": "229.22"}}}
{"_id": "orderid:674026", "timestamp": "2020-01-23T21:35:58.000Z", "eventType": "transaction", "_adobeamericaspot3": {"CRMID": "crmid:3132024983", "orderDetails": {"orderID": "orderid:674026", "reservationid": "UQ4-L5W9", "orderType": "website", "hotelSKU": "prd1074", "hotelCheckInUnix": "1579901758", "hotelCheckOutUnix": "1579988158", "hotelCheckInTS": "2020-01-24T21:35:58+00:00", "hotelCheckOutTS": "2020-01-25T21:35:58+00:00", "hotelChain": "Restful Nights", "hotelName": "Restful Nights: Mexico City", "hotelLocation": "Mexico City", "hotelRoomType": "standard", "hotelRoomCount": "1", "hotelGuestAdultCount": "1", "hotelGuestChildCount": "0", "hotelNightCount": "1", "hotelRoomPrice": "169.4", "hotelFinalPrice": "169.4"}}}
{"_id": "orderid:354099", "timestamp": "2020-02-08T18:44:37.000Z", "eventType": "transaction", "_adobeamericaspot3": {"CRMID": "crmid:4777495323", "orderDetails": {"orderID": "orderid:354099", "reservationid": "VTU-JBBI", "orderType": "kiosk", "hotelSKU": "prd1028", "hotelCheckInUnix": "1582742677", "hotelCheckOutUnix": "1582915477", "hotelCheckInTS": "2020-02-26T18:44:37+00:00", "hotelCheckOutTS": "2020-02-28T18:44:37+00:00", "hotelChain": "Aspen Heights", "hotelName": "Aspen Heights: Portland", "hotelLocation": "Portland", "hotelRoomType": "standard", "hotelRoomCount": "1", "hotelGuestAdultCount": "1", "hotelGuestChildCount": "0", "hotelNightCount": "2", "hotelRoomPrice": "166.15", "hotelFinalPrice": "332.3"}}}
{"_id": "orderid:242830", "timestamp": "2019-12-06T10:30:38.000Z", "eventType": "transaction", "_adobeamericaspot3": {"CRMID": "crmid:1028012912", "orderDetails": {"orderID": "orderid:242830", "reservationid": "7LO-41JJ", "orderType": "kiosk", "hotelSKU": "prd1160", "hotelCheckInUnix": "1577788238", "hotelCheckOutUnix": "1578997838", "hotelCheckInTS": "2019-12-31T10:30:38+00:00", "hotelCheckOutTS": "2020-01-14T10:30:38+00:00", "hotelChain": "Aspen Heights", "hotelName": "Aspen Heights: Nashville", "hotelLocation": "Nashville", "hotelRoomType": "premium", "hotelRoomCount": "1", "hotelGuestAdultCount": "1", "hotelGuestChildCount": "0", "hotelNightCount": "14", "hotelRoomPrice": "129.4", "hotelFinalPrice": "1811.6"}}}
{"_id": "orderid:497873", "timestamp": "2020-02-09T18:23:58.000Z", "eventType": "transaction", "_adobeamericaspot3": {"CRMID": "crmid:1292337935", "orderDetails": {"orderID": "orderid:497873", "reservationid": "HZB-KLVR", "orderType": "website", "hotelSKU": "prd1145", "hotelCheckInUnix": "1583519038", "hotelCheckOutUnix": "1584728638", "hotelCheckInTS": "2020-03-06T18:23:58+00:00", "hotelCheckOutTS": "2020-03-20T18:23:58+00:00", "hotelChain": "Grandeur Hotels", "hotelName": "Grandeur Hotels: Dallas", "hotelLocation": "Dallas", "hotelRoomType": "luxury", "hotelRoomCount": "1", "hotelGuestAdultCount": "1", "hotelGuestChildCount": "4", "hotelNightCount": "14", "hotelRoomPrice": "321.32", "hotelFinalPrice": "4498.48"}}}
{"_id": "orderid:693563", "timestamp": "2020-01-15T16:00:55.000Z", "eventType": "transaction", "_adobeamericaspot3": {"CRMID": "crmid:1486555874", "orderDetails": {"orderID": "orderid:693563", "reservationid": "DAI-AKMN", "orderType": "kiosk", "hotelSKU": "prd1156", "hotelCheckInUnix": "1579881655", "hotelCheckOutUnix": "1580227255", "hotelCheckInTS": "2020-01-24T16:00:55+00:00", "hotelCheckOutTS": "2020-01-28T16:00:55+00:00", "hotelChain": "Sandhill", "hotelName": "Sandhill: Washington DC", "hotelLocation": "Washington DC", "hotelRoomType": "standard", "hotelRoomCount": "1", "hotelGuestAdultCount": "1", "hotelGuestChildCount": "0", "hotelNightCount": "4", "hotelRoomPrice": "129.4", "hotelFinalPrice": "517.6"}}}
{"_id": "orderid:683287", "timestamp": "2020-02-09T12:56:58.000Z", "eventType": "transaction", "_adobeamericaspot3": {"CRMID": "crmid:5745795252", "orderDetails": {"orderID": "orderid:683287", "reservationid": "IWP-TN8G", "orderType": "kiosk", "hotelSKU": "prd1095", "hotelCheckInUnix": "1581598618", "hotelCheckOutUnix": "1581857818", "hotelCheckInTS": "2020-02-13T12:56:58+00:00", "hotelCheckOutTS": "2020-02-16T12:56:58+00:00", "hotelChain": "Hospitality Inn", "hotelName": "Hospitality Inn: Casablanca", "hotelLocation": "Casablanca", "hotelRoomType": "premium", "hotelRoomCount": "1", "hotelGuestAdultCount": "1", "hotelGuestChildCount": "0", "hotelNightCount": "3", "hotelRoomPrice": "109.92", "hotelFinalPrice": "329.76"}}}
{"_id": "orderid:328130", "timestamp": "2019-12-25T19:28:24.000Z", "eventType": "transaction", "_adobeamericaspot3": {"CRMID": "crmid:2685159315", "orderDetails": {"orderID": "orderid:328130", "reservationid": "JQD-XTZH", "orderType": "kiosk", "hotelSKU": "prd1074", "hotelCheckInUnix": "1579462104", "hotelCheckOutUnix": "1580066904", "hotelCheckInTS": "2020-01-19T19:28:24+00:00", "hotelCheckOutTS": "2020-01-26T19:28:24+00:00", "hotelChain": "Restful Nights", "hotelName": "Restful Nights: Mexico City", "hotelLocation": "Mexico City", "hotelRoomType": "standard", "hotelRoomCount": "1", "hotelGuestAdultCount": "1", "hotelGuestChildCount": "2", "hotelNightCount": "7", "hotelRoomPrice": "120.09", "hotelFinalPrice": "840.63"}}}
{"_id": "orderid:263537", "timestamp": "2020-02-04T18:04:07.000Z", "eventType": "transaction", "_adobeamericaspot3": {"CRMID": "crmid:4286153854", "orderDetails": {"orderID": "orderid:263537", "reservationid": "CY8-F7FL", "orderType": "call center", "hotelSKU": "prd1117", "hotelCheckInUnix": "1581357847", "hotelCheckOutUnix": "1582135447", "hotelCheckInTS": "2020-02-10T18:04:07+00:00", "hotelCheckOutTS": "2020-02-19T18:04:07+00:00", "hotelChain": "Admiralty Plaza", "hotelName": "Admiralty Plaza: Dublin", "hotelLocation": "Dublin", "hotelRoomType": "standard", "hotelRoomCount": "1", "hotelGuestAdultCount": "1", "hotelGuestChildCount": "4", "hotelNightCount": "9", "hotelRoomPrice": "144.41", "hotelFinalPrice": "1299.69"}}}
{"_id": "orderid:990683", "timestamp": "2020-01-25T03:39:10.000Z", "eventType": "transaction", "_adobeamericaspot3": {"CRMID": "crmid:5182210440", "orderDetails": {"orderID": "orderid:990683", "reservationid": "AS5-QVI3", "orderType": "call center", "hotelSKU": "prd1022", "hotelCheckInUnix": "1581997150", "hotelCheckOutUnix": "1582429150", "hotelCheckInTS": "2020-02-18T03:39:10+00:00", "hotelCheckOutTS": "2020-02-23T03:39:10+00:00", "hotelChain": "Blue Reef Resort", "hotelName": "Blue Reef Resort: Washington DC", "hotelLocation": "Washington DC", "hotelRoomType": "standard", "hotelRoomCount": "1", "hotelGuestAdultCount": "1", "hotelGuestChildCount": "4", "hotelNightCount": "5", "hotelRoomPrice": "172.76", "hotelFinalPrice": "863.8"}}}
{"_id": "orderid:753108", "timestamp": "2019-12-11T15:12:18.000Z", "eventType": "transaction", "_adobeamericaspot3": {"CRMID": "crmid:6407345095", "orderDetails": {"orderID": "orderid:753108", "reservationid": "2NX-MKKJ", "orderType": "call center", "hotelSKU": "prd1119", "hotelCheckInUnix": "1576509138", "hotelCheckOutUnix": "1576595538", "hotelCheckInTS": "2019-12-16T15:12:18+00:00", "hotelCheckOutTS": "2019-12-17T15:12:18+00:00", "hotelChain": "Hospitality Inn", "hotelName": "Hospitality Inn: Turin", "hotelLocation": "Turin", "hotelRoomType": "premium", "hotelRoomCount": "1", "hotelGuestAdultCount": "1", "hotelGuestChildCount": "0", "hotelNightCount": "1", "hotelRoomPrice": "120.08", "hotelFinalPrice": "120.08"}}}
{"_id": "orderid:500829", "timestamp": "2020-01-10T13:32:45.000Z", "eventType": "transaction", "_adobeamericaspot3": {"CRMID": "crmid:7564765389", "orderDetails": {"orderID": "orderid:500829", "reservationid": "1WL-N154", "orderType": "website", "hotelSKU": "prd1141", "hotelCheckInUnix": "1580045565", "hotelCheckOutUnix": "1580650365", "hotelCheckInTS": "2020-01-26T13:32:45+00:00", "hotelCheckOutTS": "2020-02-02T13:32:45+00:00", "hotelChain": "Admiralty Plaza", "hotelName": "Admiralty Plaza: Phoenix", "hotelLocation": "Phoenix", "hotelRoomType": "standard", "hotelRoomCount": "1", "hotelGuestAdultCount": "1", "hotelGuestChildCount": "0", "hotelNightCount": "7", "hotelRoomPrice": "120.64", "hotelFinalPrice": "844.48"}}}
{"_id": "orderid:712019", "timestamp": "2019-12-20T04:58:31.000Z", "eventType": "transaction", "_adobeamericaspot3": {"CRMID": "crmid:7899593910", "orderDetails": {"orderID": "orderid:712019", "reservationid": "DAK-P9VH", "orderType": "call center", "hotelSKU": "prd1064", "hotelCheckInUnix": "1578977911", "hotelCheckOutUnix": "1580014711", "hotelCheckInTS": "2020-01-14T04:58:31+00:00", "hotelCheckOutTS": "2020-01-26T04:58:31+00:00", "hotelChain": "Aspen Heights", "hotelName": "Aspen Heights: Paris", "hotelLocation": "Paris", "hotelRoomType": "premium", "hotelRoomCount": "1", "hotelGuestAdultCount": "1", "hotelGuestChildCount": "0", "hotelNightCount": "12", "hotelRoomPrice": "129.59", "hotelFinalPrice": "1555.08"}}}
{"_id": "orderid:516839", "timestamp": "2020-01-05T23:12:33.000Z", "eventType": "transaction", "_adobeamericaspot3": {"CRMID": "crmid:1357467290", "orderDetails": {"orderID": "orderid:516839", "reservationid": "EXE-WOJ9", "orderType": "mobile", "hotelSKU": "prd1015", "hotelCheckInUnix": "1580080353", "hotelCheckOutUnix": "1580771553", "hotelCheckInTS": "2020-01-26T23:12:33+00:00", "hotelCheckOutTS": "2020-02-03T23:12:33+00:00", "hotelChain": "Family Fun Hotels", "hotelName": "Family Fun Hotels: San Francisco", "hotelLocation": "San Francisco", "hotelRoomType": "premium", "hotelRoomCount": "1", "hotelGuestAdultCount": "1", "hotelGuestChildCount": "0", "hotelNightCount": "8", "hotelRoomPrice": "154.61", "hotelFinalPrice": "1236.88"}}}
{"_id": "orderid:486955", "timestamp": "2020-02-11T21:51:40.000Z", "eventType": "transaction", "_adobeamericaspot3": {"CRMID": "crmid:6865047585", "orderDetails": {"orderID": "orderid:486955", "reservationid": "UXS-FNVI", "orderType": "website", "hotelSKU": "prd1032", "hotelCheckInUnix": "1581803500", "hotelCheckOutUnix": "1582494700", "hotelCheckInTS": "2020-02-15T21:51:40+00:00", "hotelCheckOutTS": "2020-02-23T21:51:40+00:00", "hotelChain": "Repose Resort", "hotelName": "Repose Resort: Baltimore", "hotelLocation": "Baltimore", "hotelRoomType": "standard", "hotelRoomCount": "1", "hotelGuestAdultCount": "1", "hotelGuestChildCount": "3", "hotelNightCount": "8", "hotelRoomPrice": "123.27", "hotelFinalPrice": "986.16"}}}
{"_id": "orderid:789495", "timestamp": "2019-12-02T12:09:32.000Z", "eventType": "transaction", "_adobeamericaspot3": {"CRMID": "crmid:3057792176", "orderDetails": {"orderID": "orderid:789495", "reservationid": "FMG-WEEF", "orderType": "call center", "hotelSKU": "prd1118", "hotelCheckInUnix": "1577275772", "hotelCheckOutUnix": "1578658172", "hotelCheckInTS": "2019-12-25T12:09:32+00:00", "hotelCheckOutTS": "2020-01-10T12:09:32+00:00", "hotelChain": "Blue Reef Resort", "hotelName": "Blue Reef Resort: Cologne", "hotelLocation": "Cologne", "hotelRoomType": "standard", "hotelRoomCount": "1", "hotelGuestAdultCount": "1", "hotelGuestChildCount": "0", "hotelNightCount": "16", "hotelRoomPrice": "118.52", "hotelFinalPrice": "1896.32"}}}
{"_id": "orderid:865279", "timestamp": "2019-12-19T13:49:05.000Z", "eventType": "transaction", "_adobeamericaspot3": {"CRMID": "crmid:2047768359", "orderDetails": {"orderID": "orderid:865279", "reservationid": "KC7-LM6D", "orderType": "mobile", "hotelSKU": "prd1058", "hotelCheckInUnix": "1577195345", "hotelCheckOutUnix": "1577368145", "hotelCheckInTS": "2019-12-24T13:49:05+00:00", "hotelCheckOutTS": "2019-12-26T13:49:05+00:00", "hotelChain": "Blue Reef Resort", "hotelName": "Blue Reef Resort: Delhi", "hotelLocation": "Delhi", "hotelRoomType": "premium", "hotelRoomCount": "1", "hotelGuestAdultCount": "1", "hotelGuestChildCount": "0", "hotelNightCount": "2", "hotelRoomPrice": "207.72", "hotelFinalPrice": "415.44"}}}
{"_id": "orderid:315783", "timestamp": "2019-12-10T18:12:58.000Z", "eventType": "transaction", "_adobeamericaspot3": {"CRMID": "crmid:7144835449", "orderDetails": {"orderID": "orderid:315783", "reservationid": "QFI-8JTX", "orderType": "kiosk", "hotelSKU": "prd1071", "hotelCheckInUnix": "1578161578", "hotelCheckOutUnix": "1578593578", "hotelCheckInTS": "2020-01-04T18:12:58+00:00", "hotelCheckOutTS": "2020-01-09T18:12:58+00:00", "hotelChain": "Hospitality Inn", "hotelName": "Hospitality Inn: Seoul", "hotelLocation": "Seoul", "hotelRoomType": "premium", "hotelRoomCount": "1", "hotelGuestAdultCount": "1", "hotelGuestChildCount": "0", "hotelNightCount": "5", "hotelRoomPrice": "165.88", "hotelFinalPrice": "829.4"}}}
{"_id": "orderid:871052", "timestamp": "2020-02-05T14:00:47.000Z", "eventType": "transaction", "_adobeamericaspot3": {"CRMID": "crmid:7177395322", "orderDetails": {"orderID": "orderid:871052", "reservationid": "U7S-NGVG", "orderType": "kiosk", "hotelSKU": "prd1077", "hotelCheckInUnix": "1583157647", "hotelCheckOutUnix": "1583935247", "hotelCheckInTS": "2020-03-02T14:00:47+00:00", "hotelCheckOutTS": "2020-03-11T14:00:47+00:00", "hotelChain": "Sapphire Suites", "hotelName": "Sapphire Suites: Cairo", "hotelLocation": "Cairo", "hotelRoomType": "standard", "hotelRoomCount": "1", "hotelGuestAdultCount": "1", "hotelGuestChildCount": "0", "hotelNightCount": "9", "hotelRoomPrice": "172.92", "hotelFinalPrice": "1556.28"}}}
{"_id": "orderid:692803", "timestamp": "2019-12-13T07:45:46.000Z", "eventType": "transaction", "_adobeamericaspot3": {"CRMID": "crmid:9848867478", "orderDetails": {"orderID": "orderid:692803", "reservationid": "XQM-MJTM", "orderType": "kiosk", "hotelSKU": "prd1133", "hotelCheckInUnix": "1578728746", "hotelCheckOutUnix": "1579160746", "hotelCheckInTS": "2020-01-11T07:45:46+00:00", "hotelCheckOutTS": "2020-01-16T07:45:46+00:00", "hotelChain": "Grandeur Hotels", "hotelName": "Grandeur Hotels: Toronto", "hotelLocation": "Toronto", "hotelRoomType": "standard", "hotelRoomCount": "1", "hotelGuestAdultCount": "1", "hotelGuestChildCount": "3", "hotelNightCount": "5", "hotelRoomPrice": "142.72", "hotelFinalPrice": "713.6"}}}
{"_id": "orderid:517254", "timestamp": "2020-01-08T08:20:37.000Z", "eventType": "transaction", "_adobeamericaspot3": {"CRMID": "crmid:1152759413", "orderDetails": {"orderID": "orderid:517254", "reservationid": "2V3-ERWU", "orderType": "website", "hotelSKU": "prd1034", "hotelCheckInUnix": "1580026837", "hotelCheckOutUnix": "1580545237", "hotelCheckInTS": "2020-01-26T08:20:37+00:00", "hotelCheckOutTS": "2020-02-01T08:20:37+00:00", "hotelChain": "Blue Reef Resort", "hotelName": "Blue Reef Resort: Albuquerque", "hotelLocation": "Albuquerque", "hotelRoomType": "premium", "hotelRoomCount": "1", "hotelGuestAdultCount": "1", "hotelGuestChildCount": "0", "hotelNightCount": "6", "hotelRoomPrice": "168.67", "hotelFinalPrice": "1012.02"}}}
{"_id": "orderid:515611", "timestamp": "2020-01-09T00:55:36.000Z", "eventType": "transaction", "_adobeamericaspot3": {"CRMID": "crmid:4196133909", "orderDetails": {"orderID": "orderid:515611", "reservationid": "1B9-X6MC", "orderType": "mobile", "hotelSKU": "prd1038", "hotelCheckInUnix": "1580086536", "hotelCheckOutUnix": "1580777736", "hotelCheckInTS": "2020-01-27T00:55:36+00:00", "hotelCheckOutTS": "2020-02-04T00:55:36+00:00", "hotelChain": "Restful Nights", "hotelName": "Restful Nights: Mesa", "hotelLocation": "Mesa", "hotelRoomType": "standard", "hotelRoomCount": "1", "hotelGuestAdultCount": "1", "hotelGuestChildCount": "3", "hotelNightCount": "8", "hotelRoomPrice": "148.4", "hotelFinalPrice": "1187.2"}}}
{"_id": "orderid:445803", "timestamp": "2019-12-27T10:16:12.000Z", "eventType": "transaction", "_adobeamericaspot3": {"CRMID": "crmid:1605740139", "orderDetails": {"orderID": "orderid:445803", "reservationid": "3SZ-AU9D", "orderType": "mobile", "hotelSKU": "prd1160", "hotelCheckInUnix": "1579774572", "hotelCheckOutUnix": "1580638572", "hotelCheckInTS": "2020-01-23T10:16:12+00:00", "hotelCheckOutTS": "2020-02-02T10:16:12+00:00", "hotelChain": "Aspen Heights", "hotelName": "Aspen Heights: Nashville", "hotelLocation": "Nashville", "hotelRoomType": "standard", "hotelRoomCount": "1", "hotelGuestAdultCount": "1", "hotelGuestChildCount": "0", "hotelNightCount": "10", "hotelRoomPrice": "134.04", "hotelFinalPrice": "1340.4"}}}
{"_id": "orderid:158072", "timestamp": "2019-12-07T10:23:59.000Z", "eventType": "transaction", "_adobeamericaspot3": {"CRMID": "crmid:6718572742", "orderDetails": {"orderID": "orderid:158072", "reservationid": "IDF-3EH0", "orderType": "mobile", "hotelSKU": "prd1092", "hotelCheckInUnix": "1577701439", "hotelCheckOutUnix": "1578392639", "hotelCheckInTS": "2019-12-30T10:23:59+00:00", "hotelCheckOutTS": "2020-01-07T10:23:59+00:00", "hotelChain": "Repose Resort", "hotelName": "Repose Resort: Cape Town", "hotelLocation": "Cape Town", "hotelRoomType": "premium", "hotelRoomCount": "1", "hotelGuestAdultCount": "1", "hotelGuestChildCount": "0", "hotelNightCount": "8", "hotelRoomPrice": "117.34", "hotelFinalPrice": "938.72"}}}
{"_id": "orderid:151210", "timestamp": "2020-01-28T02:00:10.000Z", "eventType": "transaction", "_adobeamericaspot3": {"CRMID": "crmid:8504148940", "orderDetails": {"orderID": "orderid:151210", "reservationid": "UP7-QLZD", "orderType": "kiosk", "hotelSKU": "prd1196", "hotelCheckInUnix": "1581991210", "hotelCheckOutUnix": "1582336810", "hotelCheckInTS": "2020-02-18T02:00:10+00:00", "hotelCheckOutTS": "2020-02-22T02:00:10+00:00", "hotelChain": "Aspen Heights", "hotelName": "Aspen Heights: Moscow", "hotelLocation": "Moscow", "hotelRoomType": "standard", "hotelRoomCount": "1", "hotelGuestAdultCount": "1", "hotelGuestChildCount": "0", "hotelNightCount": "4", "hotelRoomPrice": "147.22", "hotelFinalPrice": "588.88"}}}
{"_id": "orderid:663954", "timestamp": "2019-12-25T19:33:17.000Z", "eventType": "transaction", "_adobeamericaspot3": {"CRMID": "crmid:6194279839", "orderDetails": {"orderID": "orderid:663954", "reservationid": "KE4-LE74", "orderType": "website", "hotelSKU": "prd1070", "hotelCheckInUnix": "1577388797", "hotelCheckOutUnix": "1577647997", "hotelCheckInTS": "2019-12-26T19:33:17+00:00", "hotelCheckOutTS": "2019-12-29T19:33:17+00:00", "hotelChain": "Blue Reef Resort", "hotelName": "Blue Reef Resort: Jakarta", "hotelLocation": "Jakarta", "hotelRoomType": "premium", "hotelRoomCount": "1", "hotelGuestAdultCount": "1", "hotelGuestChildCount": "0", "hotelNightCount": "3", "hotelRoomPrice": "136.77", "hotelFinalPrice": "410.31"}}}
{"_id": "orderid:826979", "timestamp": "2020-02-05T04:17:05.000Z", "eventType": "transaction", "_adobeamericaspot3": {"CRMID": "crmid:9992509251", "orderDetails": {"orderID": "orderid:826979", "reservationid": "XV7-VGKG", "orderType": "call center", "hotelSKU": "prd1025", "hotelCheckInUnix": "1581049025", "hotelCheckOutUnix": "1582345025", "hotelCheckInTS": "2020-02-07T04:17:05+00:00", "hotelCheckOutTS": "2020-02-22T04:17:05+00:00", "hotelChain": "Grandeur Hotels", "hotelName": "Grandeur Hotels: Detroit", "hotelLocation": "Detroit", "hotelRoomType": "premium", "hotelRoomCount": "1", "hotelGuestAdultCount": "1", "hotelGuestChildCount": "0", "hotelNightCount": "15", "hotelRoomPrice": "157.84", "hotelFinalPrice": "2367.6"}}}
{"_id": "orderid:307055", "timestamp": "2020-01-01T14:55:55.000Z", "eventType": "transaction", "_adobeamericaspot3": {"CRMID": "crmid:8407331033", "orderDetails": {"orderID": "orderid:307055", "reservationid": "7VW-QKH6", "orderType": "kiosk", "hotelSKU": "prd1021", "hotelCheckInUnix": "1579272955", "hotelCheckOutUnix": "1580050555", "hotelCheckInTS": "2020-01-17T14:55:55+00:00", "hotelCheckOutTS": "2020-01-26T14:55:55+00:00", "hotelChain": "Admiralty Plaza", "hotelName": "Admiralty Plaza: Denver", "hotelLocation": "Denver", "hotelRoomType": "premium", "hotelRoomCount": "1", "hotelGuestAdultCount": "1", "hotelGuestChildCount": "0", "hotelNightCount": "9", "hotelRoomPrice": "116.64", "hotelFinalPrice": "1049.76"}}}
{"_id": "orderid:403377", "timestamp": "2019-12-04T23:14:13.000Z", "eventType": "transaction", "_adobeamericaspot3": {"CRMID": "crmid:5613389628", "orderDetails": {"orderID": "orderid:403377", "reservationid": "4MJ-TIY0", "orderType": "website", "hotelSKU": "prd1173", "hotelCheckInUnix": "1576970053", "hotelCheckOutUnix": "1578611653", "hotelCheckInTS": "2019-12-21T23:14:13+00:00", "hotelCheckOutTS": "2020-01-09T23:14:13+00:00", "hotelChain": "Sapphire Suites", "hotelName": "Sapphire Suites: Kansas City", "hotelLocation": "Kansas City", "hotelRoomType": "standard", "hotelRoomCount": "1", "hotelGuestAdultCount": "1", "hotelGuestChildCount": "0", "hotelNightCount": "19", "hotelRoomPrice": "106.4", "hotelFinalPrice": "2021.6"}}}
{"_id": "orderid:357701", "timestamp": "2020-01-05T15:03:23.000Z", "eventType": "transaction", "_adobeamericaspot3": {"CRMID": "crmid:5040324378", "orderDetails": {"orderID": "orderid:357701", "reservationid": "2JP-ELJA", "orderType": "website", "hotelSKU": "prd1109", "hotelCheckInUnix": "1580569403", "hotelCheckOutUnix": "1581433403", "hotelCheckInTS": "2020-02-01T15:03:23+00:00", "hotelCheckOutTS": "2020-02-11T15:03:23+00:00", "hotelChain": "Grandeur Hotels", "hotelName": "Grandeur Hotels: Belgrade", "hotelLocation": "Belgrade", "hotelRoomType": "premium", "hotelRoomCount": "1", "hotelGuestAdultCount": "1", "hotelGuestChildCount": "2", "hotelNightCount": "10", "hotelRoomPrice": "148.43", "hotelFinalPrice": "1484.3"}}}
{"_id": "orderid:595477", "timestamp": "2019-12-04T21:09:32.000Z", "eventType": "transaction", "_adobeamericaspot3": {"CRMID": "crmid:2828872872", "orderDetails": {"orderID": "orderid:595477", "reservationid": "SF4-UJBS", "orderType": "website", "hotelSKU": "prd1001", "hotelCheckInUnix": "1578085772", "hotelCheckOutUnix": "1578431372", "hotelCheckInTS": "2020-01-03T21:09:32+00:00", "hotelCheckOutTS": "2020-01-07T21:09:32+00:00", "hotelChain": "Grandeur Hotels", "hotelName": "Grandeur Hotels: New York", "hotelLocation": "New York", "hotelRoomType": "standard", "hotelRoomCount": "1", "hotelGuestAdultCount": "1", "hotelGuestChildCount": "0", "hotelNightCount": "4", "hotelRoomPrice": "152.98", "hotelFinalPrice": "611.92"}}}
{"_id": "orderid:595071", "timestamp": "2020-01-12T20:55:11.000Z", "eventType": "transaction", "_adobeamericaspot3": {"CRMID": "crmid:1050904931", "orderDetails": {"orderID": "orderid:595071", "reservationid": "8WU-QJZ7", "orderType": "call center", "hotelSKU": "prd1052", "hotelCheckInUnix": "1580763311", "hotelCheckOutUnix": "1581022511", "hotelCheckInTS": "2020-02-03T20:55:11+00:00", "hotelCheckOutTS": "2020-02-06T20:55:11+00:00", "hotelChain": "Aspen Heights", "hotelName": "Aspen Heights: Wichita", "hotelLocation": "Wichita", "hotelRoomType": "premium", "hotelRoomCount": "1", "hotelGuestAdultCount": "1", "hotelGuestChildCount": "0", "hotelNightCount": "3", "hotelRoomPrice": "133.05", "hotelFinalPrice": "399.15"}}}
{"_id": "orderid:899026", "timestamp": "2019-12-16T06:00:07.000Z", "eventType": "transaction", "_adobeamericaspot3": {"CRMID": "crmid:7944010377", "orderDetails": {"orderID": "orderid:899026", "reservationid": "FFG-PROR", "orderType": "website", "hotelSKU": "prd1160", "hotelCheckInUnix": "1576562407", "hotelCheckOutUnix": "1576735207", "hotelCheckInTS": "2019-12-17T06:00:07+00:00", "hotelCheckOutTS": "2019-12-19T06:00:07+00:00", "hotelChain": "Aspen Heights", "hotelName": "Aspen Heights: Nashville", "hotelLocation": "Nashville", "hotelRoomType": "premium", "hotelRoomCount": "1", "hotelGuestAdultCount": "1", "hotelGuestChildCount": "0", "hotelNightCount": "2", "hotelRoomPrice": "130.3", "hotelFinalPrice": "260.6"}}}
{"_id": "orderid:460107", "timestamp": "2020-01-19T14:36:25.000Z", "eventType": "transaction", "_adobeamericaspot3": {"CRMID": "crmid:2033050822", "orderDetails": {"orderID": "orderid:460107", "reservationid": "FZL-QISP", "orderType": "website", "hotelSKU": "prd1079", "hotelCheckInUnix": "1581431785", "hotelCheckOutUnix": "1581863785", "hotelCheckInTS": "2020-02-11T14:36:25+00:00", "hotelCheckOutTS": "2020-02-16T14:36:25+00:00", "hotelChain": "Nesting Box Inn", "hotelName": "Nesting Box Inn: Chennai", "hotelLocation": "Chennai", "hotelRoomType": "standard", "hotelRoomCount": "1", "hotelGuestAdultCount": "1", "hotelGuestChildCount": "0", "hotelNightCount": "5", "hotelRoomPrice": "138.54", "hotelFinalPrice": "692.7"}}}
{"_id": "orderid:564031", "timestamp": "2020-01-24T19:22:26.000Z", "eventType": "transaction", "_adobeamericaspot3": {"CRMID": "crmid:6971315012", "orderDetails": {"orderID": "orderid:564031", "reservationid": "HSZ-UH4Y", "orderType": "kiosk", "hotelSKU": "prd1116", "hotelCheckInUnix": "1582226546", "hotelCheckOutUnix": "1582917746", "hotelCheckInTS": "2020-02-20T19:22:26+00:00", "hotelCheckOutTS": "2020-02-28T19:22:26+00:00", "hotelChain": "Repose Resort", "hotelName": "Repose Resort: Naples", "hotelLocation": "Naples", "hotelRoomType": "standard", "hotelRoomCount": "1", "hotelGuestAdultCount": "1", "hotelGuestChildCount": "0", "hotelNightCount": "8", "hotelRoomPrice": "99.49", "hotelFinalPrice": "795.92"}}}
{"_id": "orderid:513296", "timestamp": "2020-02-09T14:38:49.000Z", "eventType": "transaction", "_adobeamericaspot3": {"CRMID": "crmid:4712284125", "orderDetails": {"orderID": "orderid:513296", "reservationid": "AH5-PIWZ", "orderType": "kiosk", "hotelSKU": "prd1131", "hotelCheckInUnix": "1581345529", "hotelCheckOutUnix": "1581777529", "hotelCheckInTS": "2020-02-10T14:38:49+00:00", "hotelCheckOutTS": "2020-02-15T14:38:49+00:00", "hotelChain": "Hospitality Inn", "hotelName": "Hospitality Inn: Sheffield", "hotelLocation": "Sheffield", "hotelRoomType": "standard", "hotelRoomCount": "1", "hotelGuestAdultCount": "1", "hotelGuestChildCount": "0", "hotelNightCount": "5", "hotelRoomPrice": "125.63", "hotelFinalPrice": "628.15"}}}
{"_id": "orderid:358136", "timestamp": "2020-02-16T00:00:00.000Z", "eventType": "transaction", "_adobeamericaspot3": {"CRMID": "crmid:4712284125", "orderDetails": {"orderID": "orderid:358136", "reservationid": "HQF-N7G7", "orderType": "website", "hotelSKU": "prd1118", "hotelCheckInUnix": "1581897600", "hotelCheckOutUnix": "1582243200", "hotelCheckInTS": "2020-02-17T00:00:00+00:00", "hotelCheckOutTS": "2020-02-21T00:00:00+00:00", "hotelChain": "Blue Reef Resort", "hotelName": "Blue Reef Resort: Cologne", "hotelLocation": "Cologne", "hotelRoomType": "presidential-suite", "hotelRoomCount": "1", "hotelGuestAdultCount": "1", "hotelGuestChildCount": "0", "hotelNightCount": "4", "hotelRoomPrice": "885.45", "hotelFinalPrice": "3541.8"}}}
{"_id": "orderid:883265", "timestamp": "2020-02-12T04:04:41.000Z", "eventType": "transaction", "_adobeamericaspot3": {"CRMID": "crmid:5609727035", "orderDetails": {"orderID": "orderid:883265", "reservationid": "PLJ-XTWW", "orderType": "kiosk", "hotelSKU": "prd1160", "hotelCheckInUnix": "1583121881", "hotelCheckOutUnix": "1583899481", "hotelCheckInTS": "2020-03-02T04:04:41+00:00", "hotelCheckOutTS": "2020-03-11T04:04:41+00:00", "hotelChain": "Aspen Heights", "hotelName": "Aspen Heights: Nashville", "hotelLocation": "Nashville", "hotelRoomType": "standard", "hotelRoomCount": "1", "hotelGuestAdultCount": "1", "hotelGuestChildCount": "1", "hotelNightCount": "9", "hotelRoomPrice": "123.44", "hotelFinalPrice": "1110.96"}}}
{"_id": "orderid:293508", "timestamp": "2020-01-10T09:11:39.000Z", "eventType": "transaction", "_adobeamericaspot3": {"CRMID": "crmid:9558514708", "orderDetails": {"orderID": "orderid:293508", "reservationid": "KTS-NYMS", "orderType": "kiosk", "hotelSKU": "prd1173", "hotelCheckInUnix": "1580807499", "hotelCheckOutUnix": "1581585099", "hotelCheckInTS": "2020-02-04T09:11:39+00:00", "hotelCheckOutTS": "2020-02-13T09:11:39+00:00", "hotelChain": "Sapphire Suites", "hotelName": "Sapphire Suites: Kansas City", "hotelLocation": "Kansas City", "hotelRoomType": "standard", "hotelRoomCount": "1", "hotelGuestAdultCount": "1", "hotelGuestChildCount": "0", "hotelNightCount": "9", "hotelRoomPrice": "157.57", "hotelFinalPrice": "1418.13"}}}
{"_id": "orderid:264650", "timestamp": "2019-12-13T14:27:04.000Z", "eventType": "transaction", "_adobeamericaspot3": {"CRMID": "crmid:6188856224", "orderDetails": {"orderID": "orderid:264650", "reservationid": "I3M-DTRP", "orderType": "call center", "hotelSKU": "prd1166", "hotelCheckInUnix": "1578148024", "hotelCheckOutUnix": "1578580024", "hotelCheckInTS": "2020-01-04T14:27:04+00:00", "hotelCheckOutTS": "2020-01-09T14:27:04+00:00", "hotelChain": "Blue Reef Resort", "hotelName": "Blue Reef Resort: Baltimore", "hotelLocation": "Baltimore", "hotelRoomType": "standard", "hotelRoomCount": "1", "hotelGuestAdultCount": "1", "hotelGuestChildCount": "0", "hotelNightCount": "5", "hotelRoomPrice": "144.79", "hotelFinalPrice": "723.95"}}}
{"_id": "orderid:335781", "timestamp": "2019-12-10T08:15:32.000Z", "eventType": "transaction", "_adobeamericaspot3": {"CRMID": "crmid:3988897134", "orderDetails": {"orderID": "orderid:335781", "reservationid": "LKK-SGQZ", "orderType": "kiosk", "hotelSKU": "prd1033", "hotelCheckInUnix": "1577780132", "hotelCheckOutUnix": "1577866532", "hotelCheckInTS": "2019-12-31T08:15:32+00:00", "hotelCheckOutTS": "2020-01-01T08:15:32+00:00", "hotelChain": "Admiralty Plaza", "hotelName": "Admiralty Plaza: Milwaukee", "hotelLocation": "Milwaukee", "hotelRoomType": "standard", "hotelRoomCount": "1", "hotelGuestAdultCount": "1", "hotelGuestChildCount": "0", "hotelNightCount": "1", "hotelRoomPrice": "125.87", "hotelFinalPrice": "125.87"}}}
{"_id": "orderid:742136", "timestamp": "2020-01-22T20:08:56.000Z", "eventType": "transaction", "_adobeamericaspot3": {"CRMID": "crmid:2382956007", "orderDetails": {"orderID": "orderid:742136", "reservationid": "TB2-IYPY", "orderType": "kiosk", "hotelSKU": "prd1052", "hotelCheckInUnix": "1581970136", "hotelCheckOutUnix": "1582834136", "hotelCheckInTS": "2020-02-17T20:08:56+00:00", "hotelCheckOutTS": "2020-02-27T20:08:56+00:00", "hotelChain": "Aspen Heights", "hotelName": "Aspen Heights: Wichita", "hotelLocation": "Wichita", "hotelRoomType": "premium", "hotelRoomCount": "1", "hotelGuestAdultCount": "1", "hotelGuestChildCount": "0", "hotelNightCount": "10", "hotelRoomPrice": "129.3", "hotelFinalPrice": "1293.0"}}}
{"_id": "orderid:852897", "timestamp": "2020-02-01T14:39:57.000Z", "eventType": "transaction", "_adobeamericaspot3": {"CRMID": "crmid:7827128608", "orderDetails": {"orderID": "orderid:852897", "reservationid": "QHB-BNBP", "orderType": "mobile", "hotelSKU": "prd1165", "hotelCheckInUnix": "1581863997", "hotelCheckOutUnix": "1582987197", "hotelCheckInTS": "2020-02-16T14:39:57+00:00", "hotelCheckOutTS": "2020-02-29T14:39:57+00:00", "hotelChain": "Admiralty Plaza", "hotelName": "Admiralty Plaza: Louisville", "hotelLocation": "Louisville", "hotelRoomType": "standard", "hotelRoomCount": "1", "hotelGuestAdultCount": "1", "hotelGuestChildCount": "0", "hotelNightCount": "13", "hotelRoomPrice": "146.32", "hotelFinalPrice": "1902.16"}}}
{"_id": "orderid:737805", "timestamp": "2020-01-23T02:14:19.000Z", "eventType": "transaction", "_adobeamericaspot3": {"CRMID": "crmid:5271012854", "orderDetails": {"orderID": "orderid:737805", "reservationid": "BA3-PXQY", "orderType": "call center", "hotelSKU": "prd1074", "hotelCheckInUnix": "1581387259", "hotelCheckOutUnix": "1582078459", "hotelCheckInTS": "2020-02-11T02:14:19+00:00", "hotelCheckOutTS": "2020-02-19T02:14:19+00:00", "hotelChain": "Restful Nights", "hotelName": "Restful Nights: Mexico City", "hotelLocation": "Mexico City", "hotelRoomType": "standard", "hotelRoomCount": "1", "hotelGuestAdultCount": "1", "hotelGuestChildCount": "0", "hotelNightCount": "8", "hotelRoomPrice": "93.53", "hotelFinalPrice": "748.24"}}}
{"_id": "orderid:109602", "timestamp": "2020-02-12T02:01:14.000Z", "eventType": "transaction", "_adobeamericaspot3": {"CRMID": "crmid:9768000094", "orderDetails": {"orderID": "orderid:109602", "reservationid": "EAI-QD0G", "orderType": "call center", "hotelSKU": "prd1088", "hotelCheckInUnix": "1581559274", "hotelCheckOutUnix": "1581645674", "hotelCheckInTS": "2020-02-13T02:01:14+00:00", "hotelCheckOutTS": "2020-02-14T02:01:14+00:00", "hotelChain": "Aspen Heights", "hotelName": "Aspen Heights: Ankara", "hotelLocation": "Ankara", "hotelRoomType": "standard", "hotelRoomCount": "1", "hotelGuestAdultCount": "1", "hotelGuestChildCount": "0", "hotelNightCount": "1", "hotelRoomPrice": "146.78", "hotelFinalPrice": "146.78"}}}
{"_id": "orderid:160399", "timestamp": "2019-12-30T04:14:32.000Z", "eventType": "transaction", "_adobeamericaspot3": {"CRMID": "crmid:6313164019", "orderDetails": {"orderID": "orderid:160399", "reservationid": "RSX-7VSM", "orderType": "kiosk", "hotelSKU": "prd1175", "hotelCheckInUnix": "1580098472", "hotelCheckOutUnix": "1580444072", "hotelCheckInTS": "2020-01-27T04:14:32+00:00", "hotelCheckOutTS": "2020-01-31T04:14:32+00:00", "hotelChain": "Nesting Box Inn", "hotelName": "Nesting Box Inn: Long Beach", "hotelLocation": "Long Beach", "hotelRoomType": "standard", "hotelRoomCount": "1", "hotelGuestAdultCount": "1", "hotelGuestChildCount": "0", "hotelNightCount": "4", "hotelRoomPrice": "163.99", "hotelFinalPrice": "655.96"}}}
{"_id": "orderid:901097", "timestamp": "2020-01-13T02:09:59.000Z", "eventType": "transaction", "_adobeamericaspot3": {"CRMID": "crmid:7106063909", "orderDetails": {"orderID": "orderid:901097", "reservationid": "YTL-BNK5", "orderType": "website", "hotelSKU": "prd1141", "hotelCheckInUnix": "1578967799", "hotelCheckOutUnix": "1579399799", "hotelCheckInTS": "2020-01-14T02:09:59+00:00", "hotelCheckOutTS": "2020-01-19T02:09:59+00:00", "hotelChain": "Admiralty Plaza", "hotelName": "Admiralty Plaza: Phoenix", "hotelLocation": "Phoenix", "hotelRoomType": "standard", "hotelRoomCount": "1", "hotelGuestAdultCount": "1", "hotelGuestChildCount": "0", "hotelNightCount": "5", "hotelRoomPrice": "113.92", "hotelFinalPrice": "569.6"}}}
{"_id": "orderid:886106", "timestamp": "2020-01-08T19:36:33.000Z", "eventType": "transaction", "_adobeamericaspot3": {"CRMID": "crmid:6762015863", "orderDetails": {"orderID": "orderid:886106", "reservationid": "WUK-G8UR", "orderType": "call center", "hotelSKU": "prd1196", "hotelCheckInUnix": "1578684993", "hotelCheckOutUnix": "1579116993", "hotelCheckInTS": "2020-01-10T19:36:33+00:00", "hotelCheckOutTS": "2020-01-15T19:36:33+00:00", "hotelChain": "Aspen Heights", "hotelName": "Aspen Heights: Moscow", "hotelLocation": "Moscow", "hotelRoomType": "premium", "hotelRoomCount": "1", "hotelGuestAdultCount": "1", "hotelGuestChildCount": "0", "hotelNightCount": "5", "hotelRoomPrice": "141.2", "hotelFinalPrice": "706.0"}}}
{"_id": "orderid:757233", "timestamp": "2020-01-09T18:16:33.000Z", "eventType": "transaction", "_adobeamericaspot3": {"CRMID": "crmid:9401725344", "orderDetails": {"orderID": "orderid:757233", "reservationid": "OTN-RKKP", "orderType": "kiosk", "hotelSKU": "prd1010", "hotelCheckInUnix": "1580408193", "hotelCheckOutUnix": "1581099393", "hotelCheckInTS": "2020-01-30T18:16:33+00:00", "hotelCheckOutTS": "2020-02-07T18:16:33+00:00", "hotelChain": "Blue Reef Resort", "hotelName": "Blue Reef Resort: San Diego", "hotelLocation": "San Diego", "hotelRoomType": "premium", "hotelRoomCount": "1", "hotelGuestAdultCount": "1", "hotelGuestChildCount": "1", "hotelNightCount": "8", "hotelRoomPrice": "173.31", "hotelFinalPrice": "1386.48"}}}
{"_id": "orderid:193025", "timestamp": "2019-12-26T04:08:54.000Z", "eventType": "transaction", "_adobeamericaspot3": {"CRMID": "crmid:5507575985", "orderDetails": {"orderID": "orderid:193025", "reservationid": "AYW-ON2T", "orderType": "call center", "hotelSKU": "prd1002", "hotelCheckInUnix": "1579579734", "hotelCheckOutUnix": "1580270934", "hotelCheckInTS": "2020-01-21T04:08:54+00:00", "hotelCheckOutTS": "2020-01-29T04:08:54+00:00", "hotelChain": "Restful Nights", "hotelName": "Restful Nights: Chicago", "hotelLocation": "Chicago", "hotelRoomType": "premium", "hotelRoomCount": "1", "hotelGuestAdultCount": "1", "hotelGuestChildCount": "0", "hotelNightCount": "8", "hotelRoomPrice": "134.19", "hotelFinalPrice": "1073.52"}}}
{"_id": "orderid:446119", "timestamp": "2020-01-06T20:06:14.000Z", "eventType": "transaction", "_adobeamericaspot3": {"CRMID": "crmid:8066894938", "orderDetails": {"orderID": "orderid:446119", "reservationid": "R7Z-RXI4", "orderType": "website", "hotelSKU": "prd1143", "hotelCheckInUnix": "1578600374", "hotelCheckOutUnix": "1578686774", "hotelCheckInTS": "2020-01-09T20:06:14+00:00", "hotelCheckOutTS": "2020-01-10T20:06:14+00:00", "hotelChain": "Hospitality Inn", "hotelName": "Hospitality Inn: San Antonio", "hotelLocation": "San Antonio", "hotelRoomType": "ultra-luxury", "hotelRoomCount": "1", "hotelGuestAdultCount": "1", "hotelGuestChildCount": "0", "hotelNightCount": "1", "hotelRoomPrice": "302.7", "hotelFinalPrice": "302.7"}}}
{"_id": "orderid:871683", "timestamp": "2019-12-13T16:21:54.000Z", "eventType": "transaction", "_adobeamericaspot3": {"CRMID": "crmid:5054147537", "orderDetails": {"orderID": "orderid:871683", "reservationid": "GZU-5CQN", "orderType": "call center", "hotelSKU": "prd1145", "hotelCheckInUnix": "1578154914", "hotelCheckOutUnix": "1578673314", "hotelCheckInTS": "2020-01-04T16:21:54+00:00", "hotelCheckOutTS": "2020-01-10T16:21:54+00:00", "hotelChain": "Grandeur Hotels", "hotelName": "Grandeur Hotels: Dallas", "hotelLocation": "Dallas", "hotelRoomType": "standard", "hotelRoomCount": "1", "hotelGuestAdultCount": "1", "hotelGuestChildCount": "4", "hotelNightCount": "6", "hotelRoomPrice": "115.85", "hotelFinalPrice": "695.1"}}}
{"_id": "orderid:806397", "timestamp": "2020-02-02T15:09:47.000Z", "eventType": "transaction", "_adobeamericaspot3": {"CRMID": "crmid:8329262773", "orderDetails": {"orderID": "orderid:806397", "reservationid": "RZ4-ULDG", "orderType": "kiosk", "hotelSKU": "prd1153", "hotelCheckInUnix": "1580915387", "hotelCheckOutUnix": "1581001787", "hotelCheckInTS": "2020-02-05T15:09:47+00:00", "hotelCheckOutTS": "2020-02-06T15:09:47+00:00", "hotelChain": "Admiralty Plaza", "hotelName": "Admiralty Plaza: Charlotte", "hotelLocation": "Charlotte", "hotelRoomType": "standard", "hotelRoomCount": "1", "hotelGuestAdultCount": "1", "hotelGuestChildCount": "2", "hotelNightCount": "1", "hotelRoomPrice": "114.03", "hotelFinalPrice": "114.03"}}}
{"_id": "orderid:339399", "timestamp": "2020-01-06T13:06:40.000Z", "eventType": "transaction", "_adobeamericaspot3": {"CRMID": "crmid:2052030479", "orderDetails": {"orderID": "orderid:339399", "reservationid": "2CU-AZJB", "orderType": "website", "hotelSKU": "prd1184", "hotelCheckInUnix": "1578661600", "hotelCheckOutUnix": "1579007200", "hotelCheckInTS": "2020-01-10T13:06:40+00:00", "hotelCheckOutTS": "2020-01-14T13:06:40+00:00", "hotelChain": "Aspen Heights", "hotelName": "Aspen Heights: Arlington", "hotelLocation": "Arlington", "hotelRoomType": "standard", "hotelRoomCount": "1", "hotelGuestAdultCount": "1", "hotelGuestChildCount": "0", "hotelNightCount": "4", "hotelRoomPrice": "150.16", "hotelFinalPrice": "600.64"}}}
{"_id": "orderid:678652", "timestamp": "2019-12-04T03:06:57.000Z", "eventType": "transaction", "_adobeamericaspot3": {"CRMID": "crmid:7069439612", "orderDetails": {"orderID": "orderid:678652", "reservationid": "AJI-WR1A", "orderType": "website", "hotelSKU": "prd1001", "hotelCheckInUnix": "1576033617", "hotelCheckOutUnix": "1576811217", "hotelCheckInTS": "2019-12-11T03:06:57+00:00", "hotelCheckOutTS": "2019-12-20T03:06:57+00:00", "hotelChain": "Grandeur Hotels", "hotelName": "Grandeur Hotels: New York", "hotelLocation": "New York", "hotelRoomType": "standard", "hotelRoomCount": "1", "hotelGuestAdultCount": "1", "hotelGuestChildCount": "0", "hotelNightCount": "9", "hotelRoomPrice": "158.27", "hotelFinalPrice": "1424.43"}}}
{"_id": "orderid:714937", "timestamp": "2019-12-15T11:12:17.000Z", "eventType": "transaction", "_adobeamericaspot3": {"CRMID": "crmid:7162172629", "orderDetails": {"orderID": "orderid:714937", "reservationid": "0EV-BIFX", "orderType": "mobile", "hotelSKU": "prd1085", "hotelCheckInUnix": "1578395537", "hotelCheckOutUnix": "1579000337", "hotelCheckInTS": "2020-01-07T11:12:17+00:00", "hotelCheckOutTS": "2020-01-14T11:12:17+00:00", "hotelChain": "Grandeur Hotels", "hotelName": "Grandeur Hotels: Saint Petersburg", "hotelLocation": "Saint Petersburg", "hotelRoomType": "standard", "hotelRoomCount": "1", "hotelGuestAdultCount": "1", "hotelGuestChildCount": "0", "hotelNightCount": "7", "hotelRoomPrice": "138.45", "hotelFinalPrice": "969.15"}}}
{"_id": "orderid:892228", "timestamp": "2019-12-03T23:53:19.000Z", "eventType": "transaction", "_adobeamericaspot3": {"CRMID": "crmid:7232759930", "orderDetails": {"orderID": "orderid:892228", "reservationid": "C5I-SZAX", "orderType": "mobile", "hotelSKU": "prd1159", "hotelCheckInUnix": "1577145199", "hotelCheckOutUnix": "1577836399", "hotelCheckInTS": "2019-12-23T23:53:19+00:00", "hotelCheckOutTS": "2019-12-31T23:53:19+00:00", "hotelChain": "Family Fun Hotels", "hotelName": "Family Fun Hotels: Detroit", "hotelLocation": "Detroit", "hotelRoomType": "premium", "hotelRoomCount": "1", "hotelGuestAdultCount": "1", "hotelGuestChildCount": "4", "hotelNightCount": "8", "hotelRoomPrice": "145.56", "hotelFinalPrice": "1164.48"}}}
{"_id": "orderid:865649", "timestamp": "2020-01-10T13:09:04.000Z", "eventType": "transaction", "_adobeamericaspot3": {"CRMID": "crmid:5239612903", "orderDetails": {"orderID": "orderid:865649", "reservationid": "B7Z-ZUUI", "orderType": "website", "hotelSKU": "prd1182", "hotelCheckInUnix": "1578834544", "hotelCheckOutUnix": "1578920944", "hotelCheckInTS": "2020-01-12T13:09:04+00:00", "hotelCheckOutTS": "2020-01-13T13:09:04+00:00", "hotelChain": "Restful Nights", "hotelName": "Restful Nights: Minneapolis", "hotelLocation": "Minneapolis", "hotelRoomType": "standard", "hotelRoomCount": "1", "hotelGuestAdultCount": "1", "hotelGuestChildCount": "0", "hotelNightCount": "1", "hotelRoomPrice": "149.82", "hotelFinalPrice": "149.82"}}}
{"_id": "orderid:400681", "timestamp": "2020-01-07T09:19:07.000Z", "eventType": "transaction", "_adobeamericaspot3": {"CRMID": "crmid:6291513386", "orderDetails": {"orderID": "orderid:400681", "reservationid": "AS8-FQBA", "orderType": "website", "hotelSKU": "prd1043", "hotelCheckInUnix": "1580375947", "hotelCheckOutUnix": "1580980747", "hotelCheckInTS": "2020-01-30T09:19:07+00:00", "hotelCheckOutTS": "2020-02-06T09:19:07+00:00", "hotelChain": "Nesting Box Inn", "hotelName": "Nesting Box Inn: Raleigh", "hotelLocation": "Raleigh", "hotelRoomType": "standard", "hotelRoomCount": "1", "hotelGuestAdultCount": "1", "hotelGuestChildCount": "0", "hotelNightCount": "7", "hotelRoomPrice": "179.47", "hotelFinalPrice": "1256.29"}}}
{"_id": "orderid:654123", "timestamp": "2020-01-09T05:00:01.000Z", "eventType": "transaction", "_adobeamericaspot3": {"CRMID": "crmid:9327430205", "orderDetails": {"orderID": "orderid:654123", "reservationid": "5NH-XCCM", "orderType": "call center", "hotelSKU": "prd1039", "hotelCheckInUnix": "1580706001", "hotelCheckOutUnix": "1581397201", "hotelCheckInTS": "2020-02-03T05:00:01+00:00", "hotelCheckOutTS": "2020-02-11T05:00:01+00:00", "hotelChain": "Family Fun Hotels", "hotelName": "Family Fun Hotels: Kansas City", "hotelLocation": "Kansas City", "hotelRoomType": "standard", "hotelRoomCount": "1", "hotelGuestAdultCount": "1", "hotelGuestChildCount": "0", "hotelNightCount": "8", "hotelRoomPrice": "143.42", "hotelFinalPrice": "1147.36"}}}
{"_id": "orderid:410129", "timestamp": "2020-01-17T01:24:13.000Z", "eventType": "transaction", "_adobeamericaspot3": {"CRMID": "crmid:3098586105", "orderDetails": {"orderID": "orderid:410129", "reservationid": "5Y8-N5WY", "orderType": "service desk", "hotelSKU": "prd1193", "hotelCheckInUnix": "1581125053", "hotelCheckOutUnix": "1581643453", "hotelCheckInTS": "2020-02-08T01:24:13+00:00", "hotelCheckOutTS": "2020-02-14T01:24:13+00:00", "hotelChain": "Grandeur Hotels", "hotelName": "Grandeur Hotels: Kinshasa", "hotelLocation": "Kinshasa", "hotelRoomType": "premium", "hotelRoomCount": "1", "hotelGuestAdultCount": "1", "hotelGuestChildCount": "0", "hotelNightCount": "6", "hotelRoomPrice": "96.05", "hotelFinalPrice": "576.3"}}}
{"_id": "orderid:941384", "timestamp": "2020-01-23T16:08:45.000Z", "eventType": "transaction", "_adobeamericaspot3": {"CRMID": "crmid:4131617216", "orderDetails": {"orderID": "orderid:941384", "reservationid": "24G-HB4W", "orderType": "service desk", "hotelSKU": "prd1069", "hotelCheckInUnix": "1582042125", "hotelCheckOutUnix": "1582646925", "hotelCheckInTS": "2020-02-18T16:08:45+00:00", "hotelCheckOutTS": "2020-02-25T16:08:45+00:00", "hotelChain": "Admiralty Plaza", "hotelName": "Admiralty Plaza: Singapore", "hotelLocation": "Singapore", "hotelRoomType": "premium", "hotelRoomCount": "1", "hotelGuestAdultCount": "1", "hotelGuestChildCount": "2", "hotelNightCount": "7", "hotelRoomPrice": "143.25", "hotelFinalPrice": "1002.75"}}}
{"_id": "orderid:469993", "timestamp": "2020-02-12T20:17:15.000Z", "eventType": "transaction", "_adobeamericaspot3": {"CRMID": "crmid:5615292873", "orderDetails": {"orderID": "orderid:469993", "reservationid": "OPS-7CVS", "orderType": "call center", "hotelSKU": "prd1061", "hotelCheckInUnix": "1583439435", "hotelCheckOutUnix": "1583957835", "hotelCheckInTS": "2020-03-05T20:17:15+00:00", "hotelCheckOutTS": "2020-03-11T20:17:15+00:00", "hotelChain": "Grandeur Hotels", "hotelName": "Grandeur Hotels: Lahore", "hotelLocation": "Lahore", "hotelRoomType": "standard", "hotelRoomCount": "1", "hotelGuestAdultCount": "1", "hotelGuestChildCount": "0", "hotelNightCount": "6", "hotelRoomPrice": "141.68", "hotelFinalPrice": "850.08"}}}
{"_id": "orderid:873110", "timestamp": "2019-12-14T02:21:52.000Z", "eventType": "transaction", "_adobeamericaspot3": {"CRMID": "crmid:5707243207", "orderDetails": {"orderID": "orderid:873110", "reservationid": "BRL-HUKL", "orderType": "website", "hotelSKU": "prd1173", "hotelCheckInUnix": "1577067712", "hotelCheckOutUnix": "1577672512", "hotelCheckInTS": "2019-12-23T02:21:52+00:00", "hotelCheckOutTS": "2019-12-30T02:21:52+00:00", "hotelChain": "Sapphire Suites", "hotelName": "Sapphire Suites: Kansas City", "hotelLocation": "Kansas City", "hotelRoomType": "standard", "hotelRoomCount": "1", "hotelGuestAdultCount": "1", "hotelGuestChildCount": "0", "hotelNightCount": "7", "hotelRoomPrice": "82.69", "hotelFinalPrice": "578.83"}}}
{"_id": "orderid:146332", "timestamp": "2019-12-17T07:55:26.000Z", "eventType": "transaction", "_adobeamericaspot3": {"CRMID": "crmid:2918350200", "orderDetails": {"orderID": "orderid:146332", "reservationid": "XMZ-2BI4", "orderType": "website", "hotelSKU": "prd1105", "hotelCheckInUnix": "1577260526", "hotelCheckOutUnix": "1578124526", "hotelCheckInTS": "2019-12-25T07:55:26+00:00", "hotelCheckOutTS": "2020-01-04T07:55:26+00:00", "hotelChain": "Admiralty Plaza", "hotelName": "Admiralty Plaza: Barcelona", "hotelLocation": "Barcelona", "hotelRoomType": "standard", "hotelRoomCount": "1", "hotelGuestAdultCount": "1", "hotelGuestChildCount": "2", "hotelNightCount": "10", "hotelRoomPrice": "174.38", "hotelFinalPrice": "1743.8"}}}
{"_id": "orderid:773844", "timestamp": "2020-01-04T09:25:56.000Z", "eventType": "transaction", "_adobeamericaspot3": {"CRMID": "crmid:8603769082", "orderDetails": {"orderID": "orderid:773844", "reservationid": "LTN-LTMP", "orderType": "mobile", "hotelSKU": "prd1142", "hotelCheckInUnix": "1580376356", "hotelCheckOutUnix": "1581067556", "hotelCheckInTS": "2020-01-30T09:25:56+00:00", "hotelCheckOutTS": "2020-02-07T09:25:56+00:00", "hotelChain": "Blue Reef Resort", "hotelName": "Blue Reef Resort: Philadelphia", "hotelLocation": "Philadelphia", "hotelRoomType": "standard", "hotelRoomCount": "1", "hotelGuestAdultCount": "1", "hotelGuestChildCount": "1", "hotelNightCount": "8", "hotelRoomPrice": "183.16", "hotelFinalPrice": "1465.28"}}}
{"_id": "orderid:515189", "timestamp": "2020-01-30T12:37:20.000Z", "eventType": "transaction", "_adobeamericaspot3": {"CRMID": "crmid:1387914869", "orderDetails": {"orderID": "orderid:515189", "reservationid": "FVK-LSPB", "orderType": "call center", "hotelSKU": "prd1145", "hotelCheckInUnix": "1580474240", "hotelCheckOutUnix": "1580733440", "hotelCheckInTS": "2020-01-31T12:37:20+00:00", "hotelCheckOutTS": "2020-02-03T12:37:20+00:00", "hotelChain": "Grandeur Hotels", "hotelName": "Grandeur Hotels: Dallas", "hotelLocation": "Dallas", "hotelRoomType": "standard", "hotelRoomCount": "1", "hotelGuestAdultCount": "1", "hotelGuestChildCount": "0", "hotelNightCount": "3", "hotelRoomPrice": "165.65", "hotelFinalPrice": "496.95"}}}
{"_id": "orderid:866573", "timestamp": "2020-02-04T00:00:00.000Z", "eventType": "transaction", "_adobeamericaspot3": {"CRMID": "crmid:1387914869", "orderDetails": {"orderID": "orderid:866573", "reservationid": "HJH-YDW5", "orderType": "service desk", "hotelSKU": "prd1117", "hotelCheckInUnix": "1580860800", "hotelCheckOutUnix": "1581120000", "hotelCheckInTS": "2020-02-05T00:00:00+00:00", "hotelCheckOutTS": "2020-02-08T00:00:00+00:00", "hotelChain": "Admiralty Plaza", "hotelName": "Admiralty Plaza: Dublin", "hotelLocation": "Dublin", "hotelRoomType": "standard", "hotelRoomCount": "1", "hotelGuestAdultCount": "1", "hotelGuestChildCount": "0", "hotelNightCount": "3", "hotelRoomPrice": "193.53", "hotelFinalPrice": "580.59"}}}
{"_id": "orderid:554177", "timestamp": "2019-12-11T08:18:58.000Z", "eventType": "transaction", "_adobeamericaspot3": {"CRMID": "crmid:5342863718", "orderDetails": {"orderID": "orderid:554177", "reservationid": "A74-F0WM", "orderType": "kiosk", "hotelSKU": "prd1197", "hotelCheckInUnix": "1576484338", "hotelCheckOutUnix": "1576829938", "hotelCheckInTS": "2019-12-16T08:18:58+00:00", "hotelCheckOutTS": "2019-12-20T08:18:58+00:00", "hotelChain": "Sapphire Suites", "hotelName": "Sapphire Suites: London", "hotelLocation": "London", "hotelRoomType": "standard", "hotelRoomCount": "1", "hotelGuestAdultCount": "1", "hotelGuestChildCount": "0", "hotelNightCount": "4", "hotelRoomPrice": "127.77", "hotelFinalPrice": "511.08"}}}
{"_id": "orderid:795749", "timestamp": "2019-12-28T23:37:54.000Z", "eventType": "transaction", "_adobeamericaspot3": {"CRMID": "crmid:7932800634", "orderDetails": {"orderID": "orderid:795749", "reservationid": "TCF-DHDN", "orderType": "service desk", "hotelSKU": "prd1165", "hotelCheckInUnix": "1579477074", "hotelCheckOutUnix": "1580081874", "hotelCheckInTS": "2020-01-19T23:37:54+00:00", "hotelCheckOutTS": "2020-01-26T23:37:54+00:00", "hotelChain": "Admiralty Plaza", "hotelName": "Admiralty Plaza: Louisville", "hotelLocation": "Louisville", "hotelRoomType": "standard", "hotelRoomCount": "1", "hotelGuestAdultCount": "1", "hotelGuestChildCount": "2", "hotelNightCount": "7", "hotelRoomPrice": "133.6", "hotelFinalPrice": "935.2"}}}
{"_id": "orderid:116761", "timestamp": "2019-12-22T05:22:35.000Z", "eventType": "transaction", "_adobeamericaspot3": {"CRMID": "crmid:6545158686", "orderDetails": {"orderID": "orderid:116761", "reservationid": "XQF-XLJS", "orderType": "service desk", "hotelSKU": "prd1088", "hotelCheckInUnix": "1578460955", "hotelCheckOutUnix": "1578979355", "hotelCheckInTS": "2020-01-08T05:22:35+00:00", "hotelCheckOutTS": "2020-01-14T05:22:35+00:00", "hotelChain": "Aspen Heights", "hotelName": "Aspen Heights: Ankara", "hotelLocation": "Ankara", "hotelRoomType": "premium", "hotelRoomCount": "1", "hotelGuestAdultCount": "1", "hotelGuestChildCount": "2", "hotelNightCount": "6", "hotelRoomPrice": "92.84", "hotelFinalPrice": "557.04"}}}
{"_id": "orderid:528657", "timestamp": "2020-01-22T01:51:05.000Z", "eventType": "transaction", "_adobeamericaspot3": {"CRMID": "crmid:3234997096", "orderDetails": {"orderID": "orderid:528657", "reservationid": "TAH-K8WX", "orderType": "service desk", "hotelSKU": "prd1148", "hotelCheckInUnix": "1581213065", "hotelCheckOutUnix": "1581731465", "hotelCheckInTS": "2020-02-09T01:51:05+00:00", "hotelCheckOutTS": "2020-02-15T01:51:05+00:00", "hotelChain": "Aspen Heights", "hotelName": "Aspen Heights: Jacksonville", "hotelLocation": "Jacksonville", "hotelRoomType": "standard", "hotelRoomCount": "1", "hotelGuestAdultCount": "1", "hotelGuestChildCount": "0", "hotelNightCount": "6", "hotelRoomPrice": "161.05", "hotelFinalPrice": "966.3"}}}
{"_id": "orderid:578886", "timestamp": "2020-01-28T04:19:32.000Z", "eventType": "transaction", "_adobeamericaspot3": {"CRMID": "crmid:7868469908", "orderDetails": {"orderID": "orderid:578886", "reservationid": "GJY-7YWX", "orderType": "call center", "hotelSKU": "prd1160", "hotelCheckInUnix": "1582085972", "hotelCheckOutUnix": "1582863572", "hotelCheckInTS": "2020-02-19T04:19:32+00:00", "hotelCheckOutTS": "2020-02-28T04:19:32+00:00", "hotelChain": "Aspen Heights", "hotelName": "Aspen Heights: Nashville", "hotelLocation": "Nashville", "hotelRoomType": "standard", "hotelRoomCount": "1", "hotelGuestAdultCount": "1", "hotelGuestChildCount": "0", "hotelNightCount": "9", "hotelRoomPrice": "122.77", "hotelFinalPrice": "1104.93"}}}
{"_id": "orderid:757833", "timestamp": "2019-12-31T05:50:23.000Z", "eventType": "transaction", "_adobeamericaspot3": {"CRMID": "crmid:7585980245", "orderDetails": {"orderID": "orderid:757833", "reservationid": "BGN-REYW", "orderType": "call center", "hotelSKU": "prd1035", "hotelCheckInUnix": "1580363423", "hotelCheckOutUnix": "1580881823", "hotelCheckInTS": "2020-01-30T05:50:23+00:00", "hotelCheckOutTS": "2020-02-05T05:50:23+00:00", "hotelChain": "Hospitality Inn", "hotelName": "Hospitality Inn: Tucson", "hotelLocation": "Tucson", "hotelRoomType": "standard", "hotelRoomCount": "1", "hotelGuestAdultCount": "1", "hotelGuestChildCount": "0", "hotelNightCount": "6", "hotelRoomPrice": "142.85", "hotelFinalPrice": "857.1"}}}
{"_id": "orderid:252985", "timestamp": "2020-01-17T20:23:52.000Z", "eventType": "transaction", "_adobeamericaspot3": {"CRMID": "crmid:9839036149", "orderDetails": {"orderID": "orderid:252985", "reservationid": "UNF-GOAC", "orderType": "website", "hotelSKU": "prd1043", "hotelCheckInUnix": "1579983832", "hotelCheckOutUnix": "1581539032", "hotelCheckInTS": "2020-01-25T20:23:52+00:00", "hotelCheckOutTS": "2020-02-12T20:23:52+00:00", "hotelChain": "Nesting Box Inn", "hotelName": "Nesting Box Inn: Raleigh", "hotelLocation": "Raleigh", "hotelRoomType": "presidential-suite", "hotelRoomCount": "1", "hotelGuestAdultCount": "1", "hotelGuestChildCount": "2", "hotelNightCount": "18", "hotelRoomPrice": "939.12", "hotelFinalPrice": "16904.16"}}}
{"_id": "orderid:458988", "timestamp": "2019-12-18T12:02:13.000Z", "eventType": "transaction", "_adobeamericaspot3": {"CRMID": "crmid:9206968224", "orderDetails": {"orderID": "orderid:458988", "reservationid": "ITZ-OYNF", "orderType": "call center", "hotelSKU": "prd1145", "hotelCheckInUnix": "1578744133", "hotelCheckOutUnix": "1580385733", "hotelCheckInTS": "2020-01-11T12:02:13+00:00", "hotelCheckOutTS": "2020-01-30T12:02:13+00:00", "hotelChain": "Grandeur Hotels", "hotelName": "Grandeur Hotels: Dallas", "hotelLocation": "Dallas", "hotelRoomType": "standard", "hotelRoomCount": "1", "hotelGuestAdultCount": "1", "hotelGuestChildCount": "0", "hotelNightCount": "19", "hotelRoomPrice": "155.01", "hotelFinalPrice": "2945.19"}}}
{"_id": "orderid:606266", "timestamp": "2020-02-03T06:05:23.000Z", "eventType": "transaction", "_adobeamericaspot3": {"CRMID": "crmid:6504797251", "orderDetails": {"orderID": "orderid:606266", "reservationid": "ATN-Y1WM", "orderType": "website", "hotelSKU": "prd1074", "hotelCheckInUnix": "1581573923", "hotelCheckOutUnix": "1582092323", "hotelCheckInTS": "2020-02-13T06:05:23+00:00", "hotelCheckOutTS": "2020-02-19T06:05:23+00:00", "hotelChain": "Restful Nights", "hotelName": "Restful Nights: Mexico City", "hotelLocation": "Mexico City", "hotelRoomType": "standard", "hotelRoomCount": "1", "hotelGuestAdultCount": "1", "hotelGuestChildCount": "0", "hotelNightCount": "6", "hotelRoomPrice": "202.56", "hotelFinalPrice": "1215.36"}}}
{"_id": "orderid:129445", "timestamp": "2020-01-03T09:07:14.000Z", "eventType": "transaction", "_adobeamericaspot3": {"CRMID": "crmid:6908587603", "orderDetails": {"orderID": "orderid:129445", "reservationid": "OQZ-7RKI", "orderType": "mobile", "hotelSKU": "prd1124", "hotelCheckInUnix": "1579770434", "hotelCheckOutUnix": "1580634434", "hotelCheckInTS": "2020-01-23T09:07:14+00:00", "hotelCheckOutTS": "2020-02-02T09:07:14+00:00", "hotelChain": "Aspen Heights", "hotelName": "Aspen Heights: Leeds", "hotelLocation": "Leeds", "hotelRoomType": "luxury", "hotelRoomCount": "1", "hotelGuestAdultCount": "1", "hotelGuestChildCount": "0", "hotelNightCount": "10", "hotelRoomPrice": "313.85", "hotelFinalPrice": "3138.5"}}}
{"_id": "orderid:199452", "timestamp": "2020-01-03T22:05:18.000Z", "eventType": "transaction", "_adobeamericaspot3": {"CRMID": "crmid:7655922672", "orderDetails": {"orderID": "orderid:199452", "reservationid": "3LW-QLMO", "orderType": "call center", "hotelSKU": "prd1158", "hotelCheckInUnix": "1578434718", "hotelCheckOutUnix": "1579817118", "hotelCheckInTS": "2020-01-07T22:05:18+00:00", "hotelCheckOutTS": "2020-01-23T22:05:18+00:00", "hotelChain": "Restful Nights", "hotelName": "Restful Nights: El Paso", "hotelLocation": "El Paso", "hotelRoomType": "standard", "hotelRoomCount": "1", "hotelGuestAdultCount": "1", "hotelGuestChildCount": "0", "hotelNightCount": "16", "hotelRoomPrice": "131.45", "hotelFinalPrice": "2103.2"}}}
{"_id": "orderid:365043", "timestamp": "2020-02-07T13:53:16.000Z", "eventType": "transaction", "_adobeamericaspot3": {"CRMID": "crmid:1760974819", "orderDetails": {"orderID": "orderid:365043", "reservationid": "IKU-A5DZ", "orderType": "kiosk", "hotelSKU": "prd1195", "hotelCheckInUnix": "1581169996", "hotelCheckOutUnix": "1581947596", "hotelCheckInTS": "2020-02-08T13:53:16+00:00", "hotelCheckOutTS": "2020-02-17T13:53:16+00:00", "hotelChain": "Family Fun Hotels", "hotelName": "Family Fun Hotels: Lahore", "hotelLocation": "Lahore", "hotelRoomType": "premium", "hotelRoomCount": "1", "hotelGuestAdultCount": "1", "hotelGuestChildCount": "0", "hotelNightCount": "9", "hotelRoomPrice": "169.12", "hotelFinalPrice": "1522.08"}}}
{"_id": "orderid:356659", "timestamp": "2019-12-25T21:36:56.000Z", "eventType": "transaction", "_adobeamericaspot3": {"CRMID": "crmid:1405932621", "orderDetails": {"orderID": "orderid:356659", "reservationid": "QZP-ZCOA", "orderType": "website", "hotelSKU": "prd1193", "hotelCheckInUnix": "1577396216", "hotelCheckOutUnix": "1577655416", "hotelCheckInTS": "2019-12-26T21:36:56+00:00", "hotelCheckOutTS": "2019-12-29T21:36:56+00:00", "hotelChain": "Grandeur Hotels", "hotelName": "Grandeur Hotels: Kinshasa", "hotelLocation": "Kinshasa", "hotelRoomType": "standard", "hotelRoomCount": "1", "hotelGuestAdultCount": "1", "hotelGuestChildCount": "0", "hotelNightCount": "3", "hotelRoomPrice": "154.74", "hotelFinalPrice": "464.22"}}}
{"_id": "orderid:800853", "timestamp": "2019-12-30T00:00:00.000Z", "eventType": "transaction", "_adobeamericaspot3": {"CRMID": "crmid:1405932621", "orderDetails": {"orderID": "orderid:800853", "reservationid": "E2S-UUGX", "orderType": "website", "hotelSKU": "prd1088", "hotelCheckInUnix": "1577750400", "hotelCheckOutUnix": "1577836800", "hotelCheckInTS": "2019-12-31T00:00:00+00:00", "hotelCheckOutTS": "2020-01-01T00:00:00+00:00", "hotelChain": "Aspen Heights", "hotelName": "Aspen Heights: Ankara", "hotelLocation": "Ankara", "hotelRoomType": "luxury", "hotelRoomCount": "1", "hotelGuestAdultCount": "1", "hotelGuestChildCount": "0", "hotelNightCount": "1", "hotelRoomPrice": "283.25", "hotelFinalPrice": "283.25"}}}
{"_id": "orderid:494511", "timestamp": "2020-01-02T00:00:00.000Z", "eventType": "transaction", "_adobeamericaspot3": {"CRMID": "crmid:1405932621", "orderDetails": {"orderID": "orderid:494511", "reservationid": "P6O-XK0M", "orderType": "call center", "hotelSKU": "prd1101", "hotelCheckInUnix": "1578182400", "hotelCheckOutUnix": "1578355200", "hotelCheckInTS": "2020-01-05T00:00:00+00:00", "hotelCheckOutTS": "2020-01-07T00:00:00+00:00", "hotelChain": "Sapphire Suites", "hotelName": "Sapphire Suites: Vienna", "hotelLocation": "Vienna", "hotelRoomType": "standard", "hotelRoomCount": "1", "hotelGuestAdultCount": "1", "hotelGuestChildCount": "0", "hotelNightCount": "2", "hotelRoomPrice": "122.78", "hotelFinalPrice": "245.56"}}}
{"_id": "orderid:750309", "timestamp": "2019-12-14T22:42:51.000Z", "eventType": "transaction", "_adobeamericaspot3": {"CRMID": "crmid:1772411883", "orderDetails": {"orderID": "orderid:750309", "reservationid": "G3D-IYNL", "orderType": "call center", "hotelSKU": "prd1190", "hotelCheckInUnix": "1577140971", "hotelCheckOutUnix": "1577832171", "hotelCheckInTS": "2019-12-23T22:42:51+00:00", "hotelCheckOutTS": "2019-12-31T22:42:51+00:00", "hotelChain": "Blue Reef Resort", "hotelName": "Blue Reef Resort: Aurora", "hotelLocation": "Aurora", "hotelRoomType": "standard", "hotelRoomCount": "1", "hotelGuestAdultCount": "1", "hotelGuestChildCount": "0", "hotelNightCount": "8", "hotelRoomPrice": "156.7", "hotelFinalPrice": "1253.6"}}}
{"_id": "orderid:788057", "timestamp": "2019-12-02T13:15:30.000Z", "eventType": "transaction", "_adobeamericaspot3": {"CRMID": "crmid:1476225285", "orderDetails": {"orderID": "orderid:788057", "reservationid": "0MY-AJDE", "orderType": "call center", "hotelSKU": "prd1105", "hotelCheckInUnix": "1577625330", "hotelCheckOutUnix": "1578316530", "hotelCheckInTS": "2019-12-29T13:15:30+00:00", "hotelCheckOutTS": "2020-01-06T13:15:30+00:00", "hotelChain": "Admiralty Plaza", "hotelName": "Admiralty Plaza: Barcelona", "hotelLocation": "Barcelona", "hotelRoomType": "standard", "hotelRoomCount": "1", "hotelGuestAdultCount": "1", "hotelGuestChildCount": "0", "hotelNightCount": "8", "hotelRoomPrice": "187.11", "hotelFinalPrice": "1496.88"}}}
{"_id": "orderid:238414", "timestamp": "2019-12-24T17:05:29.000Z", "eventType": "transaction", "_adobeamericaspot3": {"CRMID": "crmid:7835133495", "orderDetails": {"orderID": "orderid:238414", "reservationid": "GFN-ZDUP", "orderType": "mobile", "hotelSKU": "prd1175", "hotelCheckInUnix": "1577293529", "hotelCheckOutUnix": "1577466329", "hotelCheckInTS": "2019-12-25T17:05:29+00:00", "hotelCheckOutTS": "2019-12-27T17:05:29+00:00", "hotelChain": "Nesting Box Inn", "hotelName": "Nesting Box Inn: Long Beach", "hotelLocation": "Long Beach", "hotelRoomType": "premium", "hotelRoomCount": "1", "hotelGuestAdultCount": "1", "hotelGuestChildCount": "0", "hotelNightCount": "2", "hotelRoomPrice": "157.7", "hotelFinalPrice": "315.4"}}}
{"_id": "orderid:583701", "timestamp": "2019-12-28T00:00:00.000Z", "eventType": "transaction", "_adobeamericaspot3": {"CRMID": "crmid:7835133495", "orderDetails": {"orderID": "orderid:583701", "reservationid": "2KY-FJL5", "orderType": "service desk", "hotelSKU": "prd1167", "hotelCheckInUnix": "1577577600", "hotelCheckOutUnix": "1577750400", "hotelCheckInTS": "2019-12-29T00:00:00+00:00", "hotelCheckOutTS": "2019-12-31T00:00:00+00:00", "hotelChain": "Hospitality Inn", "hotelName": "Hospitality Inn: Milwaukee", "hotelLocation": "Milwaukee", "hotelRoomType": "standard", "hotelRoomCount": "1", "hotelGuestAdultCount": "1", "hotelGuestChildCount": "0", "hotelNightCount": "2", "hotelRoomPrice": "138.31", "hotelFinalPrice": "276.62"}}}
{"_id": "orderid:882280", "timestamp": "2020-01-02T00:00:00.000Z", "eventType": "transaction", "_adobeamericaspot3": {"CRMID": "crmid:7835133495", "orderDetails": {"orderID": "orderid:882280", "reservationid": "GKS-T9D3", "orderType": "website", "hotelSKU": "prd1089", "hotelCheckInUnix": "1578009600", "hotelCheckOutUnix": "1578182400", "hotelCheckInTS": "2020-01-03T00:00:00+00:00", "hotelCheckOutTS": "2020-01-05T00:00:00+00:00", "hotelChain": "Sapphire Suites", "hotelName": "Sapphire Suites: Rome", "hotelLocation": "Rome", "hotelRoomType": "luxury", "hotelRoomCount": "1", "hotelGuestAdultCount": "1", "hotelGuestChildCount": "0", "hotelNightCount": "2", "hotelRoomPrice": "309.86", "hotelFinalPrice": "619.72"}}}
{"_id": "orderid:438825", "timestamp": "2020-01-06T00:00:00.000Z", "eventType": "transaction", "_adobeamericaspot3": {"CRMID": "crmid:7835133495", "orderDetails": {"orderID": "orderid:438825", "reservationid": "AUQ-5PDY", "orderType": "mobile", "hotelSKU": "prd1092", "hotelCheckInUnix": "1578441600", "hotelCheckOutUnix": "1578528000", "hotelCheckInTS": "2020-01-08T00:00:00+00:00", "hotelCheckOutTS": "2020-01-09T00:00:00+00:00", "hotelChain": "Repose Resort", "hotelName": "Repose Resort: Cape Town", "hotelLocation": "Cape Town", "hotelRoomType": "standard", "hotelRoomCount": "1", "hotelGuestAdultCount": "1", "hotelGuestChildCount": "0", "hotelNightCount": "1", "hotelRoomPrice": "146.02", "hotelFinalPrice": "146.02"}}}
{"_id": "orderid:460792", "timestamp": "2020-01-06T00:21:11.000Z", "eventType": "transaction", "_adobeamericaspot3": {"CRMID": "crmid:6985738703", "orderDetails": {"orderID": "orderid:460792", "reservationid": "JYQ-MYWK", "orderType": "call center", "hotelSKU": "prd1152", "hotelCheckInUnix": "1580257271", "hotelCheckOutUnix": "1580775671", "hotelCheckInTS": "2020-01-29T00:21:11+00:00", "hotelCheckOutTS": "2020-02-04T00:21:11+00:00", "hotelChain": "Repose Resort", "hotelName": "Repose Resort: Indianapolis", "hotelLocation": "Indianapolis", "hotelRoomType": "standard", "hotelRoomCount": "1", "hotelGuestAdultCount": "1", "hotelGuestChildCount": "2", "hotelNightCount": "6", "hotelRoomPrice": "180.58", "hotelFinalPrice": "1083.48"}}}
{"_id": "orderid:107294", "timestamp": "2020-01-21T10:18:48.000Z", "eventType": "transaction", "_adobeamericaspot3": {"CRMID": "crmid:6453133810", "orderDetails": {"orderID": "orderid:107294", "reservationid": "H1K-UUED", "orderType": "website", "hotelSKU": "prd1074", "hotelCheckInUnix": "1581934728", "hotelCheckOutUnix": "1582798728", "hotelCheckInTS": "2020-02-17T10:18:48+00:00", "hotelCheckOutTS": "2020-02-27T10:18:48+00:00", "hotelChain": "Restful Nights", "hotelName": "Restful Nights: Mexico City", "hotelLocation": "Mexico City", "hotelRoomType": "standard", "hotelRoomCount": "1", "hotelGuestAdultCount": "1", "hotelGuestChildCount": "0", "hotelNightCount": "10", "hotelRoomPrice": "145.13", "hotelFinalPrice": "1451.3"}}}
{"_id": "orderid:935621", "timestamp": "2020-01-22T04:00:07.000Z", "eventType": "transaction", "_adobeamericaspot3": {"CRMID": "crmid:5869448031", "orderDetails": {"orderID": "orderid:935621", "reservationid": "L9V-VN9Q", "orderType": "service desk", "hotelSKU": "prd1171", "hotelCheckInUnix": "1580529607", "hotelCheckOutUnix": "1581998407", "hotelCheckInTS": "2020-02-01T04:00:07+00:00", "hotelCheckOutTS": "2020-02-18T04:00:07+00:00", "hotelChain": "Family Fun Hotels", "hotelName": "Family Fun Hotels: Sacramento", "hotelLocation": "Sacramento", "hotelRoomType": "standard", "hotelRoomCount": "1", "hotelGuestAdultCount": "1", "hotelGuestChildCount": "0", "hotelNightCount": "17", "hotelRoomPrice": "170.88", "hotelFinalPrice": "2904.96"}}}
{"_id": "orderid:621810", "timestamp": "2020-02-02T17:54:03.000Z", "eventType": "transaction", "_adobeamericaspot3": {"CRMID": "crmid:6995823300", "orderDetails": {"orderID": "orderid:621810", "reservationid": "0PS-YBFY", "orderType": "website", "hotelSKU": "prd1065", "hotelCheckInUnix": "1582998843", "hotelCheckOutUnix": "1583517243", "hotelCheckInTS": "2020-02-29T17:54:03+00:00", "hotelCheckOutTS": "2020-03-06T17:54:03+00:00", "hotelChain": "Sapphire Suites", "hotelName": "Sapphire Suites: Beijing", "hotelLocation": "Beijing", "hotelRoomType": "standard", "hotelRoomCount": "1", "hotelGuestAdultCount": "1", "hotelGuestChildCount": "0", "hotelNightCount": "6", "hotelRoomPrice": "150.95", "hotelFinalPrice": "905.7"}}}
