id,reservationid,orderid,crmid,timestamporderType,productsku,hotelCheckInUnix,hotelCheckOutUnix,hotelCheckInTS,hotelCheckOutTS,hotelName,hotelChain,hotelLocation,hotelRoomType,hotelRoomCount,hotelGuestAdultCount,hotelGuestChildCount,hotelNightCount,hotelRoomPrice,hotelFinalPrice
orderid:704363,K3C-R6GO,orderid:704363,crmid:9624194758,2020-01-05T04:37:40.000Z,kiosk,prd1118,1580186260,1580877460,2020-01-28T04:37:40+00:00,2020-02-05T04:37:40+00:00,Blue Reef Resort: Cologne,Blue Reef Resort,Cologne,premium,1,1,3,8,94.59,756.72
orderid:996717,W49-VWY6,orderid:996717,crmid:5641969253,2019-12-30T08:44:18.000Z,call center,prd1130,1580114658,1580719458,2020-01-27T08:44:18+00:00,2020-02-03T08:44:18+00:00,Blue Reef Resort: Bremen,Blue Reef Resort,Bremen,premium,1,1,0,7,130.62,914.34
orderid:828600,3XL-MG90,orderid:828600,crmid:1308401215,2020-01-21T14:23:39.000Z,mobile,prd1112,1581690219,1582295019,2020-02-14T14:23:39+00:00,2020-02-21T14:23:39+00:00,Aspen Heights: Birmingham,Aspen Heights,Birmingham,standard,1,1,0,7,154.68,1082.76
orderid:757340,LB0-YXVO,orderid:757340,crmid:2450224808,2019-12-02T03:56:04.000Z,call center,prd1181,1576122964,1576382164,2019-12-12T03:56:04+00:00,2019-12-15T03:56:04+00:00,Grandeur Hotels: Oakland,Grandeur Hotels,Oakland,standard,1,1,0,3,176.4,529.2
orderid:575310,GOA-OGDI,orderid:575310,crmid:6742844587,2020-02-15T22:35:09.000Z,mobile,prd1184,1581892509,1581978909,2020-02-16T22:35:09+00:00,2020-02-17T22:35:09+00:00,Aspen Heights: Arlington,Aspen Heights,Arlington,standard,1,1,0,1,144.09,144.09
orderid:440680,4UZ-T1NT,orderid:440680,crmid:4964222106,2020-01-05T00:45:56.000Z,service desk,prd1095,1580517956,1581036356,2020-02-01T00:45:56+00:00,2020-02-07T00:45:56+00:00,Hospitality Inn: Casablanca,Hospitality Inn,Casablanca,premium,1,1,0,6,159.99,959.94
orderid:371688,65I-BFS1,orderid:371688,crmid:8544866190,2020-01-21T18:48:04.000Z,service desk,prd1020,1579805284,1580150884,2020-01-23T18:48:04+00:00,2020-01-27T18:48:04+00:00,Repose Resort: Seattle,Repose Resort,Seattle,standard,1,1,0,4,131.93,527.72
orderid:415744,4DY-6P6C,orderid:415744,crmid:8247206191,2020-01-02T20:42:12.000Z,website,prd1100,1578343332,1578429732,2020-01-06T20:42:12+00:00,2020-01-07T20:42:12+00:00,Aspen Heights: Misk,Aspen Heights,Misk,standard,1,1,0,1,156.48,156.48
orderid:383230,EMQ-NLJM,orderid:383230,crmid:3033496143,2020-02-08T21:24:33.000Z,call center,prd1190,1583011473,1583702673,2020-02-29T21:24:33+00:00,2020-03-08T21:24:33+00:00,Blue Reef Resort: Aurora,Blue Reef Resort,Aurora,standard,1,1,0,8,123.47,987.76
orderid:513512,RE4-LMT5,orderid:513512,crmid:8487936033,2019-12-30T21:53:32.000Z,website,prd1097,1579643612,1580334812,2020-01-21T21:53:32+00:00,2020-01-29T21:53:32+00:00,Grandeur Hotels: Buenos Aires,Grandeur Hotels,Buenos Aires,standard,1,1,0,8,112.66,901.28
orderid:216849,PCJ-CNSP,orderid:216849,crmid:1604963380,2020-01-15T11:29:46.000Z,call center,prd1158,1579778986,1580556586,2020-01-23T11:29:46+00:00,2020-02-01T11:29:46+00:00,Restful Nights: El Paso,Restful Nights,El Paso,premium,1,1,0,9,156.05,1404.45
orderid:872353,H0J-YR8O,orderid:872353,crmid:7807858959,2019-12-08T15:02:30.000Z,website,prd1131,1577977350,1578322950,2020-01-02T15:02:30+00:00,2020-01-06T15:02:30+00:00,Hospitality Inn: Sheffield,Hospitality Inn,Sheffield,standard,1,1,0,4,117.67,470.68
orderid:854098,2UD-JR4H,orderid:854098,crmid:1936714787,2020-02-01T12:28:52.000Z,mobile,prd1107,1581078532,1581251332,2020-02-07T12:28:52+00:00,2020-02-09T12:28:52+00:00,Hospitality Inn: Kharkiv,Hospitality Inn,Kharkiv,standard,1,1,0,2,151.46,302.92
orderid:731112,FCN-UKXD,orderid:731112,crmid:1297023070,2020-01-12T23:13:00.000Z,call center,prd1026,1579043580,1579129980,2020-01-14T23:13:00+00:00,2020-01-15T23:13:00+00:00,Restful Nights: Nashville,Restful Nights,Nashville,standard,1,1,0,1,112.92,112.92
orderid:771817,HWS-GJUU,orderid:771817,crmid:1297023070,2020-01-16T00:00:00.000Z,website,prd1099,1579219200,1579478400,2020-01-17T00:00:00+00:00,2020-01-20T00:00:00+00:00,Family Fun Hotels: Bucharest,Family Fun Hotels,Bucharest,premium,1,1,0,3,140.81,422.43
orderid:543257,FX5-LHDM,orderid:543257,crmid:5582848462,2019-12-20T23:34:10.000Z,kiosk,prd1071,1577057650,1577230450,2019-12-22T23:34:10+00:00,2019-12-24T23:34:10+00:00,Hospitality Inn: Seoul,Hospitality Inn,Seoul,standard,1,1,0,2,114.61,229.22
orderid:674026,UQ4-L5W9,orderid:674026,crmid:3132024983,2020-01-23T21:35:58.000Z,website,prd1074,1579901758,1579988158,2020-01-24T21:35:58+00:00,2020-01-25T21:35:58+00:00,Restful Nights: Mexico City,Restful Nights,Mexico City,standard,1,1,0,1,169.4,169.4
orderid:354099,VTU-JBBI,orderid:354099,crmid:4777495323,2020-02-08T18:44:37.000Z,kiosk,prd1028,1582742677,1582915477,2020-02-26T18:44:37+00:00,2020-02-28T18:44:37+00:00,Aspen Heights: Portland,Aspen Heights,Portland,standard,1,1,0,2,166.15,332.3
orderid:242830,7LO-41JJ,orderid:242830,crmid:1028012912,2019-12-06T10:30:38.000Z,kiosk,prd1160,1577788238,1578997838,2019-12-31T10:30:38+00:00,2020-01-14T10:30:38+00:00,Aspen Heights: Nashville,Aspen Heights,Nashville,premium,1,1,0,14,129.4,1811.6
orderid:497873,HZB-KLVR,orderid:497873,crmid:1292337935,2020-02-09T18:23:58.000Z,website,prd1145,1583519038,1584728638,2020-03-06T18:23:58+00:00,2020-03-20T18:23:58+00:00,Grandeur Hotels: Dallas,Grandeur Hotels,Dallas,luxury,1,1,4,14,321.32,4498.48
orderid:693563,DAI-AKMN,orderid:693563,crmid:1486555874,2020-01-15T16:00:55.000Z,kiosk,prd1156,1579881655,1580227255,2020-01-24T16:00:55+00:00,2020-01-28T16:00:55+00:00,Sandhill: Washington DC,Sandhill,Washington DC,standard,1,1,0,4,129.4,517.6
orderid:683287,IWP-TN8G,orderid:683287,crmid:5745795252,2020-02-09T12:56:58.000Z,kiosk,prd1095,1581598618,1581857818,2020-02-13T12:56:58+00:00,2020-02-16T12:56:58+00:00,Hospitality Inn: Casablanca,Hospitality Inn,Casablanca,premium,1,1,0,3,109.92,329.76
orderid:328130,JQD-XTZH,orderid:328130,crmid:2685159315,2019-12-25T19:28:24.000Z,kiosk,prd1074,1579462104,1580066904,2020-01-19T19:28:24+00:00,2020-01-26T19:28:24+00:00,Restful Nights: Mexico City,Restful Nights,Mexico City,standard,1,1,2,7,120.09,840.63
orderid:263537,CY8-F7FL,orderid:263537,crmid:4286153854,2020-02-04T18:04:07.000Z,call center,prd1117,1581357847,1582135447,2020-02-10T18:04:07+00:00,2020-02-19T18:04:07+00:00,Admiralty Plaza: Dublin,Admiralty Plaza,Dublin,standard,1,1,4,9,144.41,1299.69
orderid:990683,AS5-QVI3,orderid:990683,crmid:5182210440,2020-01-25T03:39:10.000Z,call center,prd1022,1581997150,1582429150,2020-02-18T03:39:10+00:00,2020-02-23T03:39:10+00:00,Blue Reef Resort: Washington DC,Blue Reef Resort,Washington DC,standard,1,1,4,5,172.76,863.8
orderid:753108,2NX-MKKJ,orderid:753108,crmid:6407345095,2019-12-11T15:12:18.000Z,call center,prd1119,1576509138,1576595538,2019-12-16T15:12:18+00:00,2019-12-17T15:12:18+00:00,Hospitality Inn: Turin,Hospitality Inn,Turin,premium,1,1,0,1,120.08,120.08
orderid:500829,1WL-N154,orderid:500829,crmid:7564765389,2020-01-10T13:32:45.000Z,website,prd1141,1580045565,1580650365,2020-01-26T13:32:45+00:00,2020-02-02T13:32:45+00:00,Admiralty Plaza: Phoenix,Admiralty Plaza,Phoenix,standard,1,1,0,7,120.64,844.48
orderid:712019,DAK-P9VH,orderid:712019,crmid:7899593910,2019-12-20T04:58:31.000Z,call center,prd1064,1578977911,1580014711,2020-01-14T04:58:31+00:00,2020-01-26T04:58:31+00:00,Aspen Heights: Paris,Aspen Heights,Paris,premium,1,1,0,12,129.59,1555.08
orderid:516839,EXE-WOJ9,orderid:516839,crmid:1357467290,2020-01-05T23:12:33.000Z,mobile,prd1015,1580080353,1580771553,2020-01-26T23:12:33+00:00,2020-02-03T23:12:33+00:00,Family Fun Hotels: San Francisco,Family Fun Hotels,San Francisco,premium,1,1,0,8,154.61,1236.88
orderid:486955,UXS-FNVI,orderid:486955,crmid:6865047585,2020-02-11T21:51:40.000Z,website,prd1032,1581803500,1582494700,2020-02-15T21:51:40+00:00,2020-02-23T21:51:40+00:00,Repose Resort: Baltimore,Repose Resort,Baltimore,standard,1,1,3,8,123.27,986.16
orderid:789495,FMG-WEEF,orderid:789495,crmid:3057792176,2019-12-02T12:09:32.000Z,call center,prd1118,1577275772,1578658172,2019-12-25T12:09:32+00:00,2020-01-10T12:09:32+00:00,Blue Reef Resort: Cologne,Blue Reef Resort,Cologne,standard,1,1,0,16,118.52,1896.32
orderid:865279,KC7-LM6D,orderid:865279,crmid:2047768359,2019-12-19T13:49:05.000Z,mobile,prd1058,1577195345,1577368145,2019-12-24T13:49:05+00:00,2019-12-26T13:49:05+00:00,Blue Reef Resort: Delhi,Blue Reef Resort,Delhi,premium,1,1,0,2,207.72,415.44
orderid:315783,QFI-8JTX,orderid:315783,crmid:7144835449,2019-12-10T18:12:58.000Z,kiosk,prd1071,1578161578,1578593578,2020-01-04T18:12:58+00:00,2020-01-09T18:12:58+00:00,Hospitality Inn: Seoul,Hospitality Inn,Seoul,premium,1,1,0,5,165.88,829.4
orderid:871052,U7S-NGVG,orderid:871052,crmid:7177395322,2020-02-05T14:00:47.000Z,kiosk,prd1077,1583157647,1583935247,2020-03-02T14:00:47+00:00,2020-03-11T14:00:47+00:00,Sapphire Suites: Cairo,Sapphire Suites,Cairo,standard,1,1,0,9,172.92,1556.28
orderid:692803,XQM-MJTM,orderid:692803,crmid:9848867478,2019-12-13T07:45:46.000Z,kiosk,prd1133,1578728746,1579160746,2020-01-11T07:45:46+00:00,2020-01-16T07:45:46+00:00,Grandeur Hotels: Toronto,Grandeur Hotels,Toronto,standard,1,1,3,5,142.72,713.6
orderid:517254,2V3-ERWU,orderid:517254,crmid:1152759413,2020-01-08T08:20:37.000Z,website,prd1034,1580026837,1580545237,2020-01-26T08:20:37+00:00,2020-02-01T08:20:37+00:00,Blue Reef Resort: Albuquerque,Blue Reef Resort,Albuquerque,premium,1,1,0,6,168.67,1012.02
orderid:515611,1B9-X6MC,orderid:515611,crmid:4196133909,2020-01-09T00:55:36.000Z,mobile,prd1038,1580086536,1580777736,2020-01-27T00:55:36+00:00,2020-02-04T00:55:36+00:00,Restful Nights: Mesa,Restful Nights,Mesa,standard,1,1,3,8,148.4,1187.2
orderid:445803,3SZ-AU9D,orderid:445803,crmid:1605740139,2019-12-27T10:16:12.000Z,mobile,prd1160,1579774572,1580638572,2020-01-23T10:16:12+00:00,2020-02-02T10:16:12+00:00,Aspen Heights: Nashville,Aspen Heights,Nashville,standard,1,1,0,10,134.04,1340.4
orderid:158072,IDF-3EH0,orderid:158072,crmid:6718572742,2019-12-07T10:23:59.000Z,mobile,prd1092,1577701439,1578392639,2019-12-30T10:23:59+00:00,2020-01-07T10:23:59+00:00,Repose Resort: Cape Town,Repose Resort,Cape Town,premium,1,1,0,8,117.34,938.72
orderid:151210,UP7-QLZD,orderid:151210,crmid:8504148940,2020-01-28T02:00:10.000Z,kiosk,prd1196,1581991210,1582336810,2020-02-18T02:00:10+00:00,2020-02-22T02:00:10+00:00,Aspen Heights: Moscow,Aspen Heights,Moscow,standard,1,1,0,4,147.22,588.88
orderid:663954,KE4-LE74,orderid:663954,crmid:6194279839,2019-12-25T19:33:17.000Z,website,prd1070,1577388797,1577647997,2019-12-26T19:33:17+00:00,2019-12-29T19:33:17+00:00,Blue Reef Resort: Jakarta,Blue Reef Resort,Jakarta,premium,1,1,0,3,136.77,410.31
orderid:826979,XV7-VGKG,orderid:826979,crmid:9992509251,2020-02-05T04:17:05.000Z,call center,prd1025,1581049025,1582345025,2020-02-07T04:17:05+00:00,2020-02-22T04:17:05+00:00,Grandeur Hotels: Detroit,Grandeur Hotels,Detroit,premium,1,1,0,15,157.84,2367.6
orderid:307055,7VW-QKH6,orderid:307055,crmid:8407331033,2020-01-01T14:55:55.000Z,kiosk,prd1021,1579272955,1580050555,2020-01-17T14:55:55+00:00,2020-01-26T14:55:55+00:00,Admiralty Plaza: Denver,Admiralty Plaza,Denver,premium,1,1,0,9,116.64,1049.76
orderid:403377,4MJ-TIY0,orderid:403377,crmid:5613389628,2019-12-04T23:14:13.000Z,website,prd1173,1576970053,1578611653,2019-12-21T23:14:13+00:00,2020-01-09T23:14:13+00:00,Sapphire Suites: Kansas City,Sapphire Suites,Kansas City,standard,1,1,0,19,106.4,2021.6
orderid:357701,2JP-ELJA,orderid:357701,crmid:5040324378,2020-01-05T15:03:23.000Z,website,prd1109,1580569403,1581433403,2020-02-01T15:03:23+00:00,2020-02-11T15:03:23+00:00,Grandeur Hotels: Belgrade,Grandeur Hotels,Belgrade,premium,1,1,2,10,148.43,1484.3
orderid:595477,SF4-UJBS,orderid:595477,crmid:2828872872,2019-12-04T21:09:32.000Z,website,prd1001,1578085772,1578431372,2020-01-03T21:09:32+00:00,2020-01-07T21:09:32+00:00,Grandeur Hotels: New York,Grandeur Hotels,New York,standard,1,1,0,4,152.98,611.92
orderid:595071,8WU-QJZ7,orderid:595071,crmid:1050904931,2020-01-12T20:55:11.000Z,call center,prd1052,1580763311,1581022511,2020-02-03T20:55:11+00:00,2020-02-06T20:55:11+00:00,Aspen Heights: Wichita,Aspen Heights,Wichita,premium,1,1,0,3,133.05,399.15
orderid:899026,FFG-PROR,orderid:899026,crmid:7944010377,2019-12-16T06:00:07.000Z,website,prd1160,1576562407,1576735207,2019-12-17T06:00:07+00:00,2019-12-19T06:00:07+00:00,Aspen Heights: Nashville,Aspen Heights,Nashville,premium,1,1,0,2,130.3,260.6
orderid:460107,FZL-QISP,orderid:460107,crmid:2033050822,2020-01-19T14:36:25.000Z,website,prd1079,1581431785,1581863785,2020-02-11T14:36:25+00:00,2020-02-16T14:36:25+00:00,Nesting Box Inn: Chennai,Nesting Box Inn,Chennai,standard,1,1,0,5,138.54,692.7
orderid:564031,HSZ-UH4Y,orderid:564031,crmid:6971315012,2020-01-24T19:22:26.000Z,kiosk,prd1116,1582226546,1582917746,2020-02-20T19:22:26+00:00,2020-02-28T19:22:26+00:00,Repose Resort: Naples,Repose Resort,Naples,standard,1,1,0,8,99.49,795.92
orderid:513296,AH5-PIWZ,orderid:513296,crmid:4712284125,2020-02-09T14:38:49.000Z,kiosk,prd1131,1581345529,1581777529,2020-02-10T14:38:49+00:00,2020-02-15T14:38:49+00:00,Hospitality Inn: Sheffield,Hospitality Inn,Sheffield,standard,1,1,0,5,125.63,628.15
orderid:358136,HQF-N7G7,orderid:358136,crmid:4712284125,2020-02-16T00:00:00.000Z,website,prd1118,1581897600,1582243200,2020-02-17T00:00:00+00:00,2020-02-21T00:00:00+00:00,Blue Reef Resort: Cologne,Blue Reef Resort,Cologne,presidential-suite,1,1,0,4,885.45,3541.8
orderid:883265,PLJ-XTWW,orderid:883265,crmid:5609727035,2020-02-12T04:04:41.000Z,kiosk,prd1160,1583121881,1583899481,2020-03-02T04:04:41+00:00,2020-03-11T04:04:41+00:00,Aspen Heights: Nashville,Aspen Heights,Nashville,standard,1,1,1,9,123.44,1110.96
orderid:293508,KTS-NYMS,orderid:293508,crmid:9558514708,2020-01-10T09:11:39.000Z,kiosk,prd1173,1580807499,1581585099,2020-02-04T09:11:39+00:00,2020-02-13T09:11:39+00:00,Sapphire Suites: Kansas City,Sapphire Suites,Kansas City,standard,1,1,0,9,157.57,1418.13
orderid:264650,I3M-DTRP,orderid:264650,crmid:6188856224,2019-12-13T14:27:04.000Z,call center,prd1166,1578148024,1578580024,2020-01-04T14:27:04+00:00,2020-01-09T14:27:04+00:00,Blue Reef Resort: Baltimore,Blue Reef Resort,Baltimore,standard,1,1,0,5,144.79,723.95
orderid:335781,LKK-SGQZ,orderid:335781,crmid:3988897134,2019-12-10T08:15:32.000Z,kiosk,prd1033,1577780132,1577866532,2019-12-31T08:15:32+00:00,2020-01-01T08:15:32+00:00,Admiralty Plaza: Milwaukee,Admiralty Plaza,Milwaukee,standard,1,1,0,1,125.87,125.87
orderid:742136,TB2-IYPY,orderid:742136,crmid:2382956007,2020-01-22T20:08:56.000Z,kiosk,prd1052,1581970136,1582834136,2020-02-17T20:08:56+00:00,2020-02-27T20:08:56+00:00,Aspen Heights: Wichita,Aspen Heights,Wichita,premium,1,1,0,10,129.3,1293.0
orderid:852897,QHB-BNBP,orderid:852897,crmid:7827128608,2020-02-01T14:39:57.000Z,mobile,prd1165,1581863997,1582987197,2020-02-16T14:39:57+00:00,2020-02-29T14:39:57+00:00,Admiralty Plaza: Louisville,Admiralty Plaza,Louisville,standard,1,1,0,13,146.32,1902.16
orderid:737805,BA3-PXQY,orderid:737805,crmid:5271012854,2020-01-23T02:14:19.000Z,call center,prd1074,1581387259,1582078459,2020-02-11T02:14:19+00:00,2020-02-19T02:14:19+00:00,Restful Nights: Mexico City,Restful Nights,Mexico City,standard,1,1,0,8,93.53,748.24
orderid:109602,EAI-QD0G,orderid:109602,crmid:9768000094,2020-02-12T02:01:14.000Z,call center,prd1088,1581559274,1581645674,2020-02-13T02:01:14+00:00,2020-02-14T02:01:14+00:00,Aspen Heights: Ankara,Aspen Heights,Ankara,standard,1,1,0,1,146.78,146.78
orderid:160399,RSX-7VSM,orderid:160399,crmid:6313164019,2019-12-30T04:14:32.000Z,kiosk,prd1175,1580098472,1580444072,2020-01-27T04:14:32+00:00,2020-01-31T04:14:32+00:00,Nesting Box Inn: Long Beach,Nesting Box Inn,Long Beach,standard,1,1,0,4,163.99,655.96
orderid:901097,YTL-BNK5,orderid:901097,crmid:7106063909,2020-01-13T02:09:59.000Z,website,prd1141,1578967799,1579399799,2020-01-14T02:09:59+00:00,2020-01-19T02:09:59+00:00,Admiralty Plaza: Phoenix,Admiralty Plaza,Phoenix,standard,1,1,0,5,113.92,569.6
orderid:886106,WUK-G8UR,orderid:886106,crmid:6762015863,2020-01-08T19:36:33.000Z,call center,prd1196,1578684993,1579116993,2020-01-10T19:36:33+00:00,2020-01-15T19:36:33+00:00,Aspen Heights: Moscow,Aspen Heights,Moscow,premium,1,1,0,5,141.2,706.0
orderid:757233,OTN-RKKP,orderid:757233,crmid:9401725344,2020-01-09T18:16:33.000Z,kiosk,prd1010,1580408193,1581099393,2020-01-30T18:16:33+00:00,2020-02-07T18:16:33+00:00,Blue Reef Resort: San Diego,Blue Reef Resort,San Diego,premium,1,1,1,8,173.31,1386.48
orderid:193025,AYW-ON2T,orderid:193025,crmid:5507575985,2019-12-26T04:08:54.000Z,call center,prd1002,1579579734,1580270934,2020-01-21T04:08:54+00:00,2020-01-29T04:08:54+00:00,Restful Nights: Chicago,Restful Nights,Chicago,premium,1,1,0,8,134.19,1073.52
orderid:446119,R7Z-RXI4,orderid:446119,crmid:8066894938,2020-01-06T20:06:14.000Z,website,prd1143,1578600374,1578686774,2020-01-09T20:06:14+00:00,2020-01-10T20:06:14+00:00,Hospitality Inn: San Antonio,Hospitality Inn,San Antonio,ultra-luxury,1,1,0,1,302.7,302.7
orderid:871683,GZU-5CQN,orderid:871683,crmid:5054147537,2019-12-13T16:21:54.000Z,call center,prd1145,1578154914,1578673314,2020-01-04T16:21:54+00:00,2020-01-10T16:21:54+00:00,Grandeur Hotels: Dallas,Grandeur Hotels,Dallas,standard,1,1,4,6,115.85,695.1
orderid:806397,RZ4-ULDG,orderid:806397,crmid:8329262773,2020-02-02T15:09:47.000Z,kiosk,prd1153,1580915387,1581001787,2020-02-05T15:09:47+00:00,2020-02-06T15:09:47+00:00,Admiralty Plaza: Charlotte,Admiralty Plaza,Charlotte,standard,1,1,2,1,114.03,114.03
orderid:339399,2CU-AZJB,orderid:339399,crmid:2052030479,2020-01-06T13:06:40.000Z,website,prd1184,1578661600,1579007200,2020-01-10T13:06:40+00:00,2020-01-14T13:06:40+00:00,Aspen Heights: Arlington,Aspen Heights,Arlington,standard,1,1,0,4,150.16,600.64
orderid:678652,AJI-WR1A,orderid:678652,crmid:7069439612,2019-12-04T03:06:57.000Z,website,prd1001,1576033617,1576811217,2019-12-11T03:06:57+00:00,2019-12-20T03:06:57+00:00,Grandeur Hotels: New York,Grandeur Hotels,New York,standard,1,1,0,9,158.27,1424.43
orderid:714937,0EV-BIFX,orderid:714937,crmid:7162172629,2019-12-15T11:12:17.000Z,mobile,prd1085,1578395537,1579000337,2020-01-07T11:12:17+00:00,2020-01-14T11:12:17+00:00,Grandeur Hotels: Saint Petersburg,Grandeur Hotels,Saint Petersburg,standard,1,1,0,7,138.45,969.15
orderid:892228,C5I-SZAX,orderid:892228,crmid:7232759930,2019-12-03T23:53:19.000Z,mobile,prd1159,1577145199,1577836399,2019-12-23T23:53:19+00:00,2019-12-31T23:53:19+00:00,Family Fun Hotels: Detroit,Family Fun Hotels,Detroit,premium,1,1,4,8,145.56,1164.48
orderid:865649,B7Z-ZUUI,orderid:865649,crmid:5239612903,2020-01-10T13:09:04.000Z,website,prd1182,1578834544,1578920944,2020-01-12T13:09:04+00:00,2020-01-13T13:09:04+00:00,Restful Nights: Minneapolis,Restful Nights,Minneapolis,standard,1,1,0,1,149.82,149.82
orderid:400681,AS8-FQBA,orderid:400681,crmid:6291513386,2020-01-07T09:19:07.000Z,website,prd1043,1580375947,1580980747,2020-01-30T09:19:07+00:00,2020-02-06T09:19:07+00:00,Nesting Box Inn: Raleigh,Nesting Box Inn,Raleigh,standard,1,1,0,7,179.47,1256.29
orderid:654123,5NH-XCCM,orderid:654123,crmid:9327430205,2020-01-09T05:00:01.000Z,call center,prd1039,1580706001,1581397201,2020-02-03T05:00:01+00:00,2020-02-11T05:00:01+00:00,Family Fun Hotels: Kansas City,Family Fun Hotels,Kansas City,standard,1,1,0,8,143.42,1147.36
orderid:410129,5Y8-N5WY,orderid:410129,crmid:3098586105,2020-01-17T01:24:13.000Z,service desk,prd1193,1581125053,1581643453,2020-02-08T01:24:13+00:00,2020-02-14T01:24:13+00:00,Grandeur Hotels: Kinshasa,Grandeur Hotels,Kinshasa,premium,1,1,0,6,96.05,576.3
orderid:941384,24G-HB4W,orderid:941384,crmid:4131617216,2020-01-23T16:08:45.000Z,service desk,prd1069,1582042125,1582646925,2020-02-18T16:08:45+00:00,2020-02-25T16:08:45+00:00,Admiralty Plaza: Singapore,Admiralty Plaza,Singapore,premium,1,1,2,7,143.25,1002.75
orderid:469993,OPS-7CVS,orderid:469993,crmid:5615292873,2020-02-12T20:17:15.000Z,call center,prd1061,1583439435,1583957835,2020-03-05T20:17:15+00:00,2020-03-11T20:17:15+00:00,Grandeur Hotels: Lahore,Grandeur Hotels,Lahore,standard,1,1,0,6,141.68,850.08
orderid:873110,BRL-HUKL,orderid:873110,crmid:5707243207,2019-12-14T02:21:52.000Z,website,prd1173,1577067712,1577672512,2019-12-23T02:21:52+00:00,2019-12-30T02:21:52+00:00,Sapphire Suites: Kansas City,Sapphire Suites,Kansas City,standard,1,1,0,7,82.69,578.83
orderid:146332,XMZ-2BI4,orderid:146332,crmid:2918350200,2019-12-17T07:55:26.000Z,website,prd1105,1577260526,1578124526,2019-12-25T07:55:26+00:00,2020-01-04T07:55:26+00:00,Admiralty Plaza: Barcelona,Admiralty Plaza,Barcelona,standard,1,1,2,10,174.38,1743.8
orderid:773844,LTN-LTMP,orderid:773844,crmid:8603769082,2020-01-04T09:25:56.000Z,mobile,prd1142,1580376356,1581067556,2020-01-30T09:25:56+00:00,2020-02-07T09:25:56+00:00,Blue Reef Resort: Philadelphia,Blue Reef Resort,Philadelphia,standard,1,1,1,8,183.16,1465.28
orderid:515189,FVK-LSPB,orderid:515189,crmid:1387914869,2020-01-30T12:37:20.000Z,call center,prd1145,1580474240,1580733440,2020-01-31T12:37:20+00:00,2020-02-03T12:37:20+00:00,Grandeur Hotels: Dallas,Grandeur Hotels,Dallas,standard,1,1,0,3,165.65,496.95
orderid:866573,HJH-YDW5,orderid:866573,crmid:1387914869,2020-02-04T00:00:00.000Z,service desk,prd1117,1580860800,1581120000,2020-02-05T00:00:00+00:00,2020-02-08T00:00:00+00:00,Admiralty Plaza: Dublin,Admiralty Plaza,Dublin,standard,1,1,0,3,193.53,580.59
orderid:554177,A74-F0WM,orderid:554177,crmid:5342863718,2019-12-11T08:18:58.000Z,kiosk,prd1197,1576484338,1576829938,2019-12-16T08:18:58+00:00,2019-12-20T08:18:58+00:00,Sapphire Suites: London,Sapphire Suites,London,standard,1,1,0,4,127.77,511.08
orderid:795749,TCF-DHDN,orderid:795749,crmid:7932800634,2019-12-28T23:37:54.000Z,service desk,prd1165,1579477074,1580081874,2020-01-19T23:37:54+00:00,2020-01-26T23:37:54+00:00,Admiralty Plaza: Louisville,Admiralty Plaza,Louisville,standard,1,1,2,7,133.6,935.2
orderid:116761,XQF-XLJS,orderid:116761,crmid:6545158686,2019-12-22T05:22:35.000Z,service desk,prd1088,1578460955,1578979355,2020-01-08T05:22:35+00:00,2020-01-14T05:22:35+00:00,Aspen Heights: Ankara,Aspen Heights,Ankara,premium,1,1,2,6,92.84,557.04
orderid:528657,TAH-K8WX,orderid:528657,crmid:3234997096,2020-01-22T01:51:05.000Z,service desk,prd1148,1581213065,1581731465,2020-02-09T01:51:05+00:00,2020-02-15T01:51:05+00:00,Aspen Heights: Jacksonville,Aspen Heights,Jacksonville,standard,1,1,0,6,161.05,966.3
orderid:578886,GJY-7YWX,orderid:578886,crmid:7868469908,2020-01-28T04:19:32.000Z,call center,prd1160,1582085972,1582863572,2020-02-19T04:19:32+00:00,2020-02-28T04:19:32+00:00,Aspen Heights: Nashville,Aspen Heights,Nashville,standard,1,1,0,9,122.77,1104.93
orderid:757833,BGN-REYW,orderid:757833,crmid:7585980245,2019-12-31T05:50:23.000Z,call center,prd1035,1580363423,1580881823,2020-01-30T05:50:23+00:00,2020-02-05T05:50:23+00:00,Hospitality Inn: Tucson,Hospitality Inn,Tucson,standard,1,1,0,6,142.85,857.1
orderid:252985,UNF-GOAC,orderid:252985,crmid:9839036149,2020-01-17T20:23:52.000Z,website,prd1043,1579983832,1581539032,2020-01-25T20:23:52+00:00,2020-02-12T20:23:52+00:00,Nesting Box Inn: Raleigh,Nesting Box Inn,Raleigh,presidential-suite,1,1,2,18,939.12,16904.16
orderid:458988,ITZ-OYNF,orderid:458988,crmid:9206968224,2019-12-18T12:02:13.000Z,call center,prd1145,1578744133,1580385733,2020-01-11T12:02:13+00:00,2020-01-30T12:02:13+00:00,Grandeur Hotels: Dallas,Grandeur Hotels,Dallas,standard,1,1,0,19,155.01,2945.19
orderid:606266,ATN-Y1WM,orderid:606266,crmid:6504797251,2020-02-03T06:05:23.000Z,website,prd1074,1581573923,1582092323,2020-02-13T06:05:23+00:00,2020-02-19T06:05:23+00:00,Restful Nights: Mexico City,Restful Nights,Mexico City,standard,1,1,0,6,202.56,1215.36
orderid:129445,OQZ-7RKI,orderid:129445,crmid:6908587603,2020-01-03T09:07:14.000Z,mobile,prd1124,1579770434,1580634434,2020-01-23T09:07:14+00:00,2020-02-02T09:07:14+00:00,Aspen Heights: Leeds,Aspen Heights,Leeds,luxury,1,1,0,10,313.85,3138.5
orderid:199452,3LW-QLMO,orderid:199452,crmid:7655922672,2020-01-03T22:05:18.000Z,call center,prd1158,1578434718,1579817118,2020-01-07T22:05:18+00:00,2020-01-23T22:05:18+00:00,Restful Nights: El Paso,Restful Nights,El Paso,standard,1,1,0,16,131.45,2103.2
orderid:365043,IKU-A5DZ,orderid:365043,crmid:1760974819,2020-02-07T13:53:16.000Z,kiosk,prd1195,1581169996,1581947596,2020-02-08T13:53:16+00:00,2020-02-17T13:53:16+00:00,Family Fun Hotels: Lahore,Family Fun Hotels,Lahore,premium,1,1,0,9,169.12,1522.08
orderid:356659,QZP-ZCOA,orderid:356659,crmid:1405932621,2019-12-25T21:36:56.000Z,website,prd1193,1577396216,1577655416,2019-12-26T21:36:56+00:00,2019-12-29T21:36:56+00:00,Grandeur Hotels: Kinshasa,Grandeur Hotels,Kinshasa,standard,1,1,0,3,154.74,464.22
orderid:800853,E2S-UUGX,orderid:800853,crmid:1405932621,2019-12-30T00:00:00.000Z,website,prd1088,1577750400,1577836800,2019-12-31T00:00:00+00:00,2020-01-01T00:00:00+00:00,Aspen Heights: Ankara,Aspen Heights,Ankara,luxury,1,1,0,1,283.25,283.25
orderid:494511,P6O-XK0M,orderid:494511,crmid:1405932621,2020-01-02T00:00:00.000Z,call center,prd1101,1578182400,1578355200,2020-01-05T00:00:00+00:00,2020-01-07T00:00:00+00:00,Sapphire Suites: Vienna,Sapphire Suites,Vienna,standard,1,1,0,2,122.78,245.56
orderid:750309,G3D-IYNL,orderid:750309,crmid:1772411883,2019-12-14T22:42:51.000Z,call center,prd1190,1577140971,1577832171,2019-12-23T22:42:51+00:00,2019-12-31T22:42:51+00:00,Blue Reef Resort: Aurora,Blue Reef Resort,Aurora,standard,1,1,0,8,156.7,1253.6
orderid:788057,0MY-AJDE,orderid:788057,crmid:1476225285,2019-12-02T13:15:30.000Z,call center,prd1105,1577625330,1578316530,2019-12-29T13:15:30+00:00,2020-01-06T13:15:30+00:00,Admiralty Plaza: Barcelona,Admiralty Plaza,Barcelona,standard,1,1,0,8,187.11,1496.88
orderid:238414,GFN-ZDUP,orderid:238414,crmid:7835133495,2019-12-24T17:05:29.000Z,mobile,prd1175,1577293529,1577466329,2019-12-25T17:05:29+00:00,2019-12-27T17:05:29+00:00,Nesting Box Inn: Long Beach,Nesting Box Inn,Long Beach,premium,1,1,0,2,157.7,315.4
orderid:583701,2KY-FJL5,orderid:583701,crmid:7835133495,2019-12-28T00:00:00.000Z,service desk,prd1167,1577577600,1577750400,2019-12-29T00:00:00+00:00,2019-12-31T00:00:00+00:00,Hospitality Inn: Milwaukee,Hospitality Inn,Milwaukee,standard,1,1,0,2,138.31,276.62
orderid:882280,GKS-T9D3,orderid:882280,crmid:7835133495,2020-01-02T00:00:00.000Z,website,prd1089,1578009600,1578182400,2020-01-03T00:00:00+00:00,2020-01-05T00:00:00+00:00,Sapphire Suites: Rome,Sapphire Suites,Rome,luxury,1,1,0,2,309.86,619.72
orderid:438825,AUQ-5PDY,orderid:438825,crmid:7835133495,2020-01-06T00:00:00.000Z,mobile,prd1092,1578441600,1578528000,2020-01-08T00:00:00+00:00,2020-01-09T00:00:00+00:00,Repose Resort: Cape Town,Repose Resort,Cape Town,standard,1,1,0,1,146.02,146.02
orderid:460792,JYQ-MYWK,orderid:460792,crmid:6985738703,2020-01-06T00:21:11.000Z,call center,prd1152,1580257271,1580775671,2020-01-29T00:21:11+00:00,2020-02-04T00:21:11+00:00,Repose Resort: Indianapolis,Repose Resort,Indianapolis,standard,1,1,2,6,180.58,1083.48
orderid:107294,H1K-UUED,orderid:107294,crmid:6453133810,2020-01-21T10:18:48.000Z,website,prd1074,1581934728,1582798728,2020-02-17T10:18:48+00:00,2020-02-27T10:18:48+00:00,Restful Nights: Mexico City,Restful Nights,Mexico City,standard,1,1,0,10,145.13,1451.3
orderid:935621,L9V-VN9Q,orderid:935621,crmid:5869448031,2020-01-22T04:00:07.000Z,service desk,prd1171,1580529607,1581998407,2020-02-01T04:00:07+00:00,2020-02-18T04:00:07+00:00,Family Fun Hotels: Sacramento,Family Fun Hotels,Sacramento,standard,1,1,0,17,170.88,2904.96
orderid:621810,0PS-YBFY,orderid:621810,crmid:6995823300,2020-02-02T17:54:03.000Z,website,prd1065,1582998843,1583517243,2020-02-29T17:54:03+00:00,2020-03-06T17:54:03+00:00,Sapphire Suites: Beijing,Sapphire Suites,Beijing,standard,1,1,0,6,150.95,905.7
