crmid,email,first_name,last_name,gender,mobile telephone,city,country,zip,state,street address,birthday,historicalpoints
crmid:8346075925,aiding1809@yahoo.com,Leigh,Alston,,049-565-1852,Gloucester,United States,34709,Oregon,900 Arago,1966-05-23,1477
crmid:2981761986,drive1815@live.com,Salvador,Santana,,376-748-6209,North Charleston,United States,42773,Oklahoma,1142 Avenue N,1998-08-28,1345
crmid:8099756800,arundo1890@outlook.com,Shoshana,Riley,female,880-125-5927,Crown Point,United States,77518,Kentucky,180 Bartlett,1952-08-25,1873
crmid:6448973192,riced1845@yandex.com,Justin,Mcbride,,707-370-7560,Littleton,United States,59250,Utah,31 Kenwood,1983-10-09,418
crmid:3725548735,partridge1840@outlook.com,Dusty,Rodriquez,male,128-088-1682,San Benito,United States,07001,Indiana,115 Montecito,1936-03-25,569
crmid:2403998051,frog1824@live.com,Bernard,Buckley,male,086-854-4958,Plum,United States,01670,Kansas,124 Christmas Tree Point,1938-01-04,2315
crmid:6739575042,anthonis2068@live.com,Chad,Tran,,611-162-0513,Fort Myers,United States,05580,New Jersey,363 Mclaren,1963-02-18,1713
crmid:4263318817,decumani1803@live.com,Ken,Wagner,male,412-721-5275,Broken Arrow,United States,93440,New Jersey,142 Edward,1941-06-30,2737
crmid:8889926105,polychromate1988@yahoo.com,Tanner,Ortega,,755-081-4636,Key West,United States,15633,Indiana,1184 Troy,1977-04-08,2982
crmid:3904388730,childhood1929@gmail.com,Darin,Wilkerson,,464-422-1093,Washington,United States,27369,Arkansas,519 Hearst,1964-05-24,959
crmid:7291155575,sparerib2033@live.com,Elbert,George,,121-528-2540,Mayfield Heights,United States,70234,Ohio,1081 Saint Louis,1988-01-10,2326
crmid:5175190639,cheetah2014@live.com,Rosario,Richmond,male,269-095-7387,Bryan,United States,54744,Kansas,87 Sanches,1942-10-26,378
crmid:1976867582,accosting1818@yahoo.com,Bo,Booth,,387-932-5263,Scranton,United States,33502,Idaho,1222 Barneveld,1978-09-13,1045
crmid:3566876989,sarcoplastic1966@gmail.com,Leopoldo,David,,365-452-9553,Hawthorne,United States,70030,Massachusetts,705 Holloway,1970-12-25,576
crmid:8590394673,gobio2051@yahoo.com,Lynetta,Carroll,female,308-806-4697,Champlin,United States,83954,Minnesota,633 Calhoun,1946-11-11,1891
crmid:3059603179,evehood1888@live.com,Willie,Pittman,,937-821-8306,Mequon,United States,52541,Illinois,1094 Mojave,1989-10-03,981
crmid:5578493495,byproducts1963@yahoo.com,Bo,Bird,,359-669-6013,West Chicago,United States,65402,Massachusetts,653 Detroit,1981-10-01,2704
crmid:9179396623,clowder1824@live.com,Simon,Casey,male,238-806-8121,Brawley,United States,54674,Maryland,487 Borica,1941-09-05,650
crmid:7837360171,underling1827@yahoo.com,Giuseppe,Hoover,male,189-030-6718,Ogden,United States,04250,Georgia,905 Plymouth,1939-04-14,2310
crmid:8017217290,antilytic1915@yahoo.com,Natalya,Nicholson,female,215-425-0301,Copperas Cove,United States,39741,Delaware,276 Powhattan,1950-07-21,1810
crmid:8174265355,tiger1980@outlook.com,Toccara,Frank,female,027-938-8059,Eden Prairie,United States,55930,Iowa,883 Marietta,1957-09-10,1121
crmid:5566864638,atopy1907@outlook.com,Patricia,Carr,,260-246-9346,Fullerton,United States,83467,Nebraska,108 Knollview,1964-03-13,1327
crmid:4917940768,acinar2023@outlook.com,Yi,Garrison,female,915-755-1720,Ponca City,United States,92346,Nevada,215 Holladay,1955-09-11,1065
crmid:8968945848,resubmitted1893@outlook.com,Thu,Best,female,815-237-4057,Cranston,United States,96557,Idaho,670 Alta Vista,1951-11-19,550
crmid:6208271461,bluethroat2061@live.com,Bradley,Shepard,male,270-350-5620,Alamogordo,United States,68960,Washington,959 Apparel,1930-11-02,586
crmid:2774062175,weinmannia1903@yahoo.com,Wallace,Mcclain,,544-699-5615,Westlake,United States,92365,Mississippi,362 Garces,1996-05-18,2785
crmid:8349647550,connexions2069@live.com,Tyler,Moran,,133-274-7051,Glassboro,United States,23696,South Carolina,503 Forest,1966-04-10,1046
crmid:2704956261,befouled1846@gmail.com,Jacinto,Pugh,,242-431-2004,South Lake Tahoe,United States,57751,New Hampshire,36 Julian,1999-10-25,1791
crmid:8964715113,crimp1808@yahoo.com,Javier,Patterson,,655-642-3262,Round Lake,United States,20923,Alaska,1297 Point Lobos,1968-02-04,1362
crmid:9320326941,mesosphere1999@outlook.com,Cindie,Crawford,female,663-520-1888,Collinsville,United States,52463,Colorado,1129 Mansell,1949-09-03,1577
crmid:4870848415,cholophaein1948@yandex.com,Julius,Kline,,809-157-5390,Lacey,United States,99532,Washington,799 Lake Forest,1979-07-31,2424
crmid:1798487285,rook2004@yahoo.com,Glinda,Ellis,female,509-168-2644,Painesville,United States,12706,Iowa,24 Fratessa,1951-03-09,1465
crmid:3191860648,dynatrons1804@yahoo.com,Shiloh,Hayes,female,816-759-2356,Denton,United States,46593,Delaware,1384 Auburn,1954-08-13,2379
crmid:7846888318,midwifes2045@live.com,Bradford,Curry,,330-775-8602,Longview,United States,55904,New Mexico,643 Lurline,1984-09-11,2880
crmid:6801655058,coleridge2014@yahoo.com,Stewart,Henderson,,454-504-6510,Forest Lake,United States,24524,New Jersey,1033 Erkson,1962-04-22,2623
crmid:7802071930,reinfecting2045@outlook.com,Bronwyn,Jimenez,female,852-779-8905,Conroe,United States,08459,Wisconsin,510 Haight,1950-01-15,2909
crmid:8849842676,scoot1834@live.com,Darius,Cook,,628-532-6915,Hackensack,United States,67716,Tennessee,400 Bronte,1969-11-10,2341
crmid:3777782660,sympathetoblast1851@outlook.com,Tyrone,Blackwell,,865-571-1418,North Plainfield,United States,36815,California,127 Truby,1999-06-27,2183
crmid:1200740370,cajuputs1894@yandex.com,Sydney,Hill,,351-552-2338,Galveston,United States,57074,Maryland,386 Faxon,1965-09-23,2531
crmid:4926755818,inspired1854@yahoo.com,Juan,Ruiz,male,241-851-8698,Pleasantville,United States,07712,New York,188 Crespi,1935-06-26,753
crmid:5393757166,gabgab2030@outlook.com,Johnathan,Wooten,,605-051-2713,Southgate,United States,64789,New Mexico,802 Ruger,1993-04-23,2106
crmid:1062528152,dilated1887@outlook.com,Eusebio,Mendez,,992-882-1929,Forest Park,United States,41761,Oklahoma,349 Joost,1962-07-04,427
crmid:7593276102,cherlyn1946@outlook.com,Arnita,Smith,female,680-016-8879,Opelousas,United States,29843,Alaska,112 Beacon,1959-01-27,2283
crmid:4671144977,beshear1916@outlook.com,Clark,James,male,603-231-1723,Birmingham,United States,06526,Alabama,748 Reardon,1939-02-15,1199
crmid:4644464302,pachyhymenia2021@yahoo.com,Stanford,Barr,male,986-364-5606,Cedar City,United States,57094,South Dakota,1307 Incinerator,1945-09-02,1342
crmid:2399300221,ascension2050@yahoo.com,Terrence,Mcknight,,519-838-5208,Hackensack,United States,52534,North Dakota,389 Friedell,1969-10-03,1813
crmid:7781878266,vermillions2018@yahoo.com,Hiram,Pollard,,947-291-0830,Watertown,United States,92487,Louisiana,1370 Ralston,1963-02-14,503
crmid:9535853606,aciduria1831@yandex.com,Le,Garcia,female,010-273-9090,Dunedin,United States,21528,New Jersey,872 Brighton,1956-05-11,1171
crmid:4635691158,monogamous1834@live.com,Jeffery,Combs,male,477-824-6612,Park Ridge,United States,06164,Washington,873 Santa Paula,1938-11-21,841
crmid:5564570918,holoptic1847@outlook.com,Lane,Dale,female,876-771-0605,San Francisco,United States,12958,Washington,130 Erie,1953-05-07,1993
crmid:8427649236,clone2003@yandex.com,Saran,Goodman,female,264-417-5033,Paragould,United States,66232,Wisconsin,1323 Panorama,1999-10-18,942
crmid:4329358729,datura2032@gmail.com,Karine,Davidson,female,361-835-8552,Council Bluffs,United States,82767,California,26 Don Chee,1951-04-08,791
crmid:3682333622,didactic1854@outlook.com,Berry,Calderon,,546-092-6028,Kingman,United States,15103,Alaska,654 Sparta,1977-02-10,2151
crmid:8265925429,subantarctic1804@yahoo.com,Neil,Terrell,male,355-423-6344,Akron,United States,88402,Missouri,990 Verna,1930-07-28,2205
crmid:1979187279,miffs1864@outlook.com,Maryln,Tanner,female,238-960-4928,Olympia,United States,89361,Indiana,133 Howard,1959-06-28,1358
crmid:6200043021,abolished1990@yandex.com,Omar,Whitney,,388-804-7779,Hinsdale,United States,08295,Wisconsin,963 Niagara,1972-01-24,1483
crmid:4002771833,pinnacle1911@gmail.com,Kirstie,Rosa,female,484-949-4837,Plainfield,United States,12792,Nebraska,795 Ortega,1947-05-25,2619
crmid:9612950312,allen1884@yandex.com,Serina,Mcbride,female,094-823-6340,Corona,United States,42810,Ohio,342 Recycle,1950-08-19,1333
crmid:7470010366,drumline1909@gmail.com,Chung,Henson,,452-820-2243,North Miami Beach,United States,87840,Alabama,440 Juanita,1998-07-26,682
crmid:4348315563,tonights1997@live.com,Jacquelyne,Ratliff,female,813-156-9200,Starkville,United States,17411,Montana,1176 Loehr,1955-04-24,1021
crmid:3529852041,nontarred2038@yandex.com,Theodore,Wiley,,326-554-9117,Sherwood,United States,74051,New Jersey,673 Belvedere,1963-08-03,2303
crmid:9911677320,arriba1881@gmail.com,Virgilio,Benson,,420-903-1031,La Crosse,United States,63501,Texas,174 Sequoia,1978-10-05,1606
crmid:9352642264,callianassidae1947@yandex.com,Isreal,Leach,,076-913-8852,Park Ridge,United States,21750,Washington,492 Belle,1963-10-07,2083
crmid:9673345970,ripa1951@live.com,Camie,Page,female,776-577-7469,Chesterfield,United States,86554,North Carolina,1195 Ignacio,1946-01-22,2627
crmid:9170439140,padauk2051@gmail.com,Cordia,Peck,female,098-146-2214,Pensacola,United States,10663,New York,25 Nadell,1948-02-23,930
crmid:8430646662,cumulate1996@outlook.com,Thanh,Booker,male,023-690-7863,Brockton,United States,55930,Kansas,480 Marview,1941-09-03,900
crmid:4192867181,cuerda1812@gmail.com,Jennell,Coleman,female,745-993-0956,Durango,United States,20515,North Dakota,112 Colin P Kelly Jr,1956-04-06,927
crmid:2305652695,myographs2024@yandex.com,Del,White,,914-933-3549,Overland Park,United States,32991,New Hampshire,830 Marne,1972-08-08,2461
crmid:9960415601,unalimentative2019@gmail.com,Quinton,Miller,,576-157-6016,Oshkosh,United States,35860,Nevada,1192 Delancey,1976-06-20,2919
crmid:3529265784,disappearance1960@yandex.com,Malena,Randolph,female,447-061-2891,Shelton,United States,92875,New Mexico,903 Ridge,1959-10-27,432
crmid:7694588368,revolutionariness2032@yahoo.com,Bryan,Mccarty,male,016-882-9145,North Little Rock,United States,90683,New Jersey,148 Fresnel,1998-01-03,615
crmid:3875427099,euphonetic1966@live.com,Dorian,Calhoun,female,690-687-8495,East Point,United States,98161,Massachusetts,161 Ramsell,1957-10-26,1071
crmid:6266198214,bagpipes2031@yandex.com,Kirby,Booth,,735-271-8045,Madison,United States,12328,New Hampshire,1313 Germania,1985-04-22,376
crmid:2797286341,burlie2045@yandex.com,Odis,Rogers,,786-908-9104,Winter Springs,United States,20934,Indiana,982 Fenton,1966-01-20,1352
crmid:3845464218,briolettes2062@yahoo.com,Jc,Price,,735-881-8990,Mineral Wells,United States,17738,Georgia,729 Bonview,1991-03-12,1287
crmid:8687929774,recompass1898@outlook.com,Erasmo,Koch,,858-703-7368,West Allis,United States,47017,Montana,87 Forest,1982-06-24,2504
crmid:1222819605,malpractice1984@yandex.com,Tad,Elliott,,651-400-8032,North Chicago,United States,93059,Tennessee,1305 Fitch,1998-06-05,2261
crmid:5168441731,cockeyed1909@outlook.com,Dustin,Kline,,178-144-3404,Goldsboro,United States,21175,Nevada,319 Glenhaven,1967-04-07,2716
crmid:6690398468,chinaberry1872@outlook.com,Maurice,Haney,male,339-290-2360,Bartow,United States,35606,Illinois,55 Harriet,1936-07-12,1838
crmid:6964624434,stenocephaly1925@yahoo.com,Sharda,Mcgee,female,635-477-5926,University Place,United States,74952,South Carolina,694 Card,1960-08-19,1810
crmid:7741111613,apples1968@live.com,Fabian,Navarro,male,032-815-3524,Saratoga,United States,62643,Maryland,903 Cassandra,1941-04-21,817
crmid:4426043815,pleurotoma1822@gmail.com,Gwenda,Hopper,female,552-006-8181,East Providence,United States,74005,North Dakota,881 Homer,1957-12-07,2464
crmid:2024697443,abrin1875@yandex.com,Judson,Golden,male,252-984-3738,Atascadero,United States,73266,New Mexico,477 Joy,1934-12-24,2071
crmid:1419855223,laceration2047@yahoo.com,Elbert,Rivera,male,379-387-2617,Shelton,United States,60173,New Mexico,101 Macedonia,1930-03-25,2826
crmid:1621836856,dikkop1877@gmail.com,Kyle,Gray,,215-026-2378,Kerrville,United States,95813,Washington,427 Clarence,1977-11-19,1812
crmid:7703577290,craftly2070@yahoo.com,Werner,Case,,085-047-4957,Portage,United States,21526,Colorado,366 Allison,1966-04-05,2311
crmid:6182151937,dayman2013@yandex.com,Jesus,Myers,male,913-924-7849,Ames,United States,73277,Pennsylvania,1339 Emma,1932-05-21,454
crmid:6060488203,nightingale2025@yahoo.com,Ezequiel,Caldwell,,118-525-9930,Missoula,United States,08197,New Hampshire,305 Douglass,1992-02-04,2255
crmid:5803586869,hoising1911@yandex.com,Kassie,Hawkins,female,193-722-8749,San Ramon,United States,23121,Mississippi,432 Clarkson,1956-05-13,2365
crmid:9786267844,trigs1937@yahoo.com,Edwardo,Joyner,,752-287-7893,Mokena,United States,81942,Minnesota,458 Woolsey,1992-08-05,1557
crmid:5777925058,andira1906@live.com,Nicholas,Mendez,male,136-175-6716,Temple City,United States,04786,Maryland,1374 Crescent,1936-12-14,2367
crmid:9885253206,copperleaf1849@outlook.com,Ligia,Duran,female,260-301-9480,Sun Prairie,United States,83502,Texas,201 Campton,1959-05-09,719
crmid:1863446425,cyclothyme1846@gmail.com,Ross,Acevedo,,691-583-9589,Waynesboro,United States,71303,West Virginia,214 Redwood,1974-03-15,1785
crmid:9759333531,balatron1961@yandex.com,Sharyl,Carr,female,295-354-2625,Oviedo,United States,11959,Maine,1026 Modoc,1948-08-05,836
crmid:3532082222,subcompletion2012@live.com,Roland,Chaney,,406-388-1449,Lawton,United States,99344,Nebraska,910 Spooner,1981-05-02,1576
crmid:6654062244,biologists1910@yahoo.com,Gino,Garrett,,962-857-1407,Garfield Heights,United States,86183,Virginia,402 Godeus,1965-11-22,775
crmid:9109263930,saarbrucken1849@yahoo.com,Thomas,Walter,male,562-188-3953,Ankeny,United States,85305,South Carolina,544 Glover,1932-09-30,2767
crmid:5246097638,blacktop1844@gmail.com,Waldo,Burns,,041-551-9809,Missoula,United States,10500,Alabama,259 Quickstep,1992-02-24,1505
crmid:3971701123,brainwasher2031@live.com,Terrence,Ortiz,,517-349-7720,Gallatin,United States,27163,New Hampshire,1101 Cowell,1965-05-31,1977
crmid:4953840356,engineers1950@yahoo.com,Salvador,Holcomb,,625-341-6733,Ontario,United States,82674,Illinois,574 Larkin,1965-01-21,612
crmid:9328809912,chimu2056@gmail.com,Nickolas,Hoffman,male,206-293-7789,Bloomington,United States,40520,Utah,221 La Avanzada,1939-07-14,1200
crmid:8265714240,gombeen2041@live.com,Basilia,Orr,female,275-717-7202,Warner Robins,United States,28087,Pennsylvania,592 Scotland,1961-10-02,1632
crmid:9475490051,molly1861@yahoo.com,Cruz,Webster,male,500-961-2649,Roselle,United States,19130,Vermont,3 Upland,1945-10-31,785
crmid:1345321862,anesthetize1984@outlook.com,Marcel,Berger,male,570-006-6710,Benton,United States,60583,Virginia,88 Burr,1938-11-13,2101
crmid:8079820809,skreel1980@yandex.com,Erwin,Heath,,015-026-0108,Tyler,United States,85511,Minnesota,65 Edie,1970-09-02,2677
crmid:9092201163,patching1954@yahoo.com,Pablo,Berger,male,254-911-4237,Pine Bluff,United States,51003,Kansas,1197 Burr,1945-08-03,2563
crmid:5877423650,corina1901@gmail.com,Randal,Sheppard,,656-700-2318,Terre Haute,United States,59520,New Jersey,752 Barneveld,1998-09-28,1225
crmid:3680470964,contineu1994@outlook.com,Inocencia,Pope,female,450-575-6955,Denison,United States,26345,Connecticut,1046 Manseau,1954-04-23,2044
crmid:3142248635,bloodlessly1948@live.com,Larisa,Holcomb,female,514-907-0851,St. Joseph,United States,62425,Georgia,181 Prentiss,1948-05-14,2940
crmid:1245759948,lynx1970@live.com,Jamar,Perry,,068-524-0278,Frederick,United States,81827,Georgia,140 Massachusetts,1964-02-07,476
crmid:3226355974,agitprop1952@live.com,Caleb,Lowe,,318-459-3818,Waterbury,United States,32047,Maryland,619 Richards,1969-06-09,2420
crmid:8153637444,spancel2008@outlook.com,Bart,Wolfe,,692-566-2044,Monterey,United States,86859,Pennsylvania,1280 Pfeiffer,1992-11-22,1404
crmid:9759415144,wrath1906@outlook.com,Andres,Coleman,male,049-545-8949,Yuba City,United States,90620,Nevada,1350 Auburn,1930-01-06,1027
crmid:8470953428,podial1857@live.com,Solomon,Vargas,,535-030-2900,San Luis,United States,41681,Delaware,1210 The Block,1983-06-05,1001
crmid:4900004271,incumbant2046@yahoo.com,Kaley,Conrad,female,616-639-8850,Coronado,United States,68823,New Mexico,1297 Pollard,1951-11-20,1273
crmid:3157850640,goose1942@yahoo.com,Luis,Wolf,,117-621-9495,St. Matthews,United States,48919,New Mexico,151 Kaplan,1992-03-30,2735
crmid:8173629257,occidentalism2026@outlook.com,Phil,Battle,,186-881-1059,La Ca�ada Flintridge,United States,49035,Virginia,1251 Rockdale,1978-08-18,2308
crmid:9290405506,botheration2040@yahoo.com,Nicky,Thornton,male,799-743-9886,Philadelphia,United States,85918,Ohio,964 Wheat,1999-11-26,2907
crmid:6276801918,dauties1960@gmail.com,Gregory,Bishop,female,061-386-7834,Wilson,United States,10502,Rhode Island,688 Entrada,1950-04-03,725
crmid:4608747807,periodontology1981@yandex.com,Spencer,Carroll,,860-032-9651,Lauderdale Lakes,United States,84313,Montana,75 Madera,1981-08-10,1007
crmid:6305984061,nodder1867@yandex.com,Jenise,Roach,female,185-335-5995,Deerfield Beach,United States,72113,Illinois,600 Megan,1954-12-08,1480
crmid:9482557136,anthonin1975@yandex.com,Wilbur,Rivera,,660-154-0583,Macomb,United States,37352,Michigan,1294 Alameda,1985-07-28,1649
crmid:1666253062,qualm1902@yahoo.com,Sol,Fischer,,781-420-5070,Lancaster,United States,59712,Georgia,552 Friendship,1980-09-06,1746
crmid:3203138740,securableness1999@yahoo.com,Rashad,Coleman,male,901-314-9135,Belleville,United States,61619,California,721 Ellis,1937-11-15,1094
crmid:9766684832,serines2004@yahoo.com,Homer,Riggs,male,807-937-4225,Butte-Silver Bow,United States,29236,Alabama,246 Montezuma,1943-05-25,981
crmid:4288864272,sclera1894@yandex.com,Hank,Duncan,,629-162-6676,Sandy,United States,30728,Illinois,379 Anderson,1976-01-03,1494
crmid:6503212295,snuffliness1888@outlook.com,Ambrose,Key,,673-051-4217,Kirksville,United States,96644,Alabama,1383 Escondido,1978-06-20,2376
crmid:5069392046,recurrent1867@yahoo.com,Solomon,Aguilar,,120-147-3092,Lubbock,United States,82598,Alabama,946 Cuvier,1985-04-09,2051
crmid:3414141981,enciphered1935@outlook.com,Michelina,Griffith,female,737-466-6411,Pine Bluff,United States,78193,Rhode Island,543 Columbus,1951-06-12,2986
crmid:8686657076,creaks2040@yandex.com,Felix,Dixon,,710-776-9893,Lindenwold,United States,19292,Pennsylvania,750 Schofield,1983-03-24,1800
crmid:3361442486,plectridium1893@outlook.com,Deandra,Cooley,female,474-335-1172,Duluth,United States,15408,Florida,733 Stanyan,1956-02-07,1359
crmid:1647416039,dissonancies1989@yandex.com,Annice,Bond,female,449-382-2520,Cleburne,United States,59023,New Mexico,924 Liebig,1948-09-28,1117
crmid:4623759765,uppercutted2057@yahoo.com,Donnette,Gillespie,female,285-647-5472,Davis,United States,73578,Iowa,1239 Webster,1953-12-05,1910
crmid:8246121510,fidelia1947@live.com,Shantelle,Jordan,female,357-413-5385,Noblesville,United States,24461,Arkansas,514 Upper,1997-04-28,2051
crmid:6956728359,scaldweed1980@outlook.com,Norbert,Lucas,,580-962-0228,LaGrange,United States,78676,Missouri,1095 Raycliff,1979-12-08,373
crmid:4164175723,abject2009@yandex.com,Shawn,Key,,720-847-6076,Rolling Meadows,United States,23583,Indiana,515 Beale,1965-03-12,443
crmid:4726021690,relentless1988@gmail.com,Arthur,Diaz,,519-088-3289,Junction City,United States,29822,Minnesota,1138 Navajo,1976-05-25,712
crmid:3939805706,carmencita1914@outlook.com,Carroll,Pope,,401-393-8936,Palo Alto,United States,97488,North Carolina,169 Silver,1987-07-27,2186
crmid:9645734461,etherize1803@outlook.com,Parker,Klein,,844-778-1078,Redlands,United States,44045,Alabama,432 Garcia,1986-08-18,1206
crmid:2617899563,edlin1825@yahoo.com,Alexis,Jacobson,,576-613-4177,Glendale Heights,United States,91075,Rhode Island,757 Gambier,1966-06-06,1219
crmid:4503477364,alleluia1956@yahoo.com,Shawn,Blackwell,,419-697-2848,Janesville,United States,83528,Florida,982 Linden,1975-02-12,2428
crmid:4785911834,claustrum2058@yahoo.com,Leroy,Wilcox,male,313-065-5375,Appleton,United States,69553,Hawaii,501 Lunado,1933-10-12,1244
crmid:1278117023,potsie1895@yahoo.com,Kimbra,Mejia,female,400-812-2270,Fairmont,United States,22140,Connecticut,104 Del Monte,1961-05-20,507
crmid:9359261638,bifront1877@yahoo.com,Delmer,Guthrie,,810-384-9524,Green,United States,68513,North Carolina,1210 Dore,1968-11-12,1849
crmid:2964123013,ambitious1954@live.com,Noel,Aguirre,male,041-264-5681,Bellaire,United States,80574,Alaska,485 Cyril Magnin,1937-07-01,2563
crmid:6618447585,heidi1982@live.com,Eddy,Hood,,656-339-9527,Petaluma,United States,85199,Nevada,795 Shoup,1966-10-07,322
crmid:9839896730,quantifiers1884@live.com,Trenton,Tyler,,761-418-5747,Tracy,United States,58949,Montana,338 Wanda,1997-09-28,1582
crmid:5596391564,bodhi1885@yahoo.com,Lanny,King,,291-490-3350,Jamestown,United States,80132,Hawaii,1047 Healy,1975-12-01,1183
crmid:1276853326,tralatitious1809@yandex.com,Leonel,Huff,,663-921-0957,Simpsonville,United States,54769,New Hampshire,91 El Camino Del Mar,1999-11-16,840
crmid:8660186863,toking2045@yandex.com,Calvin,Bullock,,887-207-1492,Royal Oak,United States,41411,Maryland,513 Valletta,1987-02-17,1454
crmid:1737294236,cabinda1843@yandex.com,Ricky,Holder,,214-320-3298,Steubenville,United States,25645,Colorado,387 Horne,1968-07-19,2995
crmid:9048882787,thoracicohumeral1874@live.com,Kurt,Bright,male,327-632-1888,Yucaipa,United States,03032,New Mexico,594 Grove,1938-06-04,1893
crmid:8089102262,goladar1861@yahoo.com,Emmitt,Kirk,male,186-317-8784,Americus,United States,12134,South Carolina,756 Morgan,1932-04-16,2439
crmid:6933205455,accosting1825@gmail.com,Tomoko,Little,female,141-486-8256,Collierville,United States,67500,Illinois,983 Larch,1949-11-20,2711
crmid:9376695454,preview1949@gmail.com,Elton,Guerra,,481-667-2590,Muskego,United States,84436,Maine,225 Reuel,1994-06-16,1489
crmid:3028279027,millistere1809@outlook.com,Diego,Velez,,322-183-7788,Surprise,United States,49317,Pennsylvania,38 Excelsior,1986-08-12,745
crmid:3258023789,bastion1975@outlook.com,Willie,Rivera,male,153-735-5896,St. Charles,United States,07031,Oregon,662 Girard,1935-10-25,1560
crmid:5366335416,akkadian1811@live.com,Columbus,Garrison,,476-799-6726,Park Forest,United States,62216,Indiana,916 Arleta,1962-06-08,1825
crmid:4641576861,forecastlehead1953@live.com,Rudolph,Puckett,male,629-793-1517,Tiffin,United States,55742,Indiana,723 Grote,1942-10-16,1026
crmid:4391674828,arbel1905@outlook.com,Bill,Navarro,,994-334-3969,Moses Lake,United States,44969,Missouri,372 Gaven,1993-08-25,500
crmid:9351223063,domination2002@outlook.com,Murray,Castaneda,,523-190-5681,Rocky Mount,United States,98590,Nebraska,1187 Dove,1994-08-31,2775
crmid:7721026235,denice2050@outlook.com,Lyman,Joyce,,180-272-6045,Golden Valley,United States,93545,Rhode Island,311 Sparta,1966-10-12,1715
crmid:4618150965,blais1906@outlook.com,Wiley,Ryan,,261-133-6898,Sammamish,United States,56397,Pennsylvania,245 Sunview,1999-09-20,2686
crmid:6333396186,leghorn1804@yahoo.com,Chong,Suarez,,898-922-1962,Hobart,United States,16850,Arkansas,617 Madison,1972-03-08,355
crmid:1886876837,intralobar2060@live.com,Rodrick,O'neil,,133-981-2913,Tamarac,United States,95644,Missouri,1385 West Crystal Cove,1970-09-24,2429
crmid:6976580423,boother1912@outlook.com,Eugene,Rowland,,959-824-1289,Macomb,United States,10769,Washington,644 Valley,1985-04-07,1169
crmid:9790251639,chanteuse1961@live.com,Neoma,Cobb,female,167-891-4781,Saratoga,United States,77343,Illinois,1395 Gold Mine,1956-07-06,2894
crmid:1725778229,patching1845@yahoo.com,Dusty,Tyler,,751-278-1704,St. Paul,United States,29318,Arizona,1134 Casitas,1963-01-30,2500
crmid:4155247836,arana1934@gmail.com,Quinn,Stanton,,738-083-6927,Murray,United States,34041,Kentucky,129 Oak Grove,1994-06-26,1029
crmid:7007295553,bloodhound1931@yandex.com,Erik,Riddle,,149-773-2853,Millbrook,United States,43125,Vermont,698 Edgardo,1991-07-13,1672
crmid:1541762538,solarise1933@gmail.com,Vito,Barnes,,848-388-9933,Lafayette,United States,48745,Vermont,369 Battery Chamberlin,1979-07-20,2438
crmid:8391096965,quarts1819@yahoo.com,Ayana,Castro,female,529-490-9829,Mukilteo,United States,11956,Indiana,1354 Fargo,1994-03-02,2602
crmid:2353307676,buckling1833@yandex.com,Rueben,Gilmore,male,257-625-8685,Wake Forest,United States,03150,Indiana,767 Tillman,1941-08-11,875
crmid:6087139679,angelika2067@outlook.com,Colby,Hooper,male,226-385-1886,Bowie,United States,94454,Georgia,1326 John Muir,1940-02-14,860
crmid:2763009055,scorer1892@yahoo.com,Donnetta,Sparks,female,369-920-2261,Saginaw,United States,66628,Mississippi,371 Villa,1994-11-30,337
crmid:7171091448,astonisher1926@gmail.com,Damion,Byrd,,558-904-5983,Hopkinsville,United States,61115,South Dakota,1131 Erkson,1973-11-11,2941
crmid:6666973557,buckman1862@live.com,Abel,Bowen,male,453-126-5113,Berwyn,United States,60314,Oklahoma,626 Buena Vista,1938-12-01,2869
crmid:6082548149,unadoptive1800@live.com,Jeffery,Hendricks,male,107-602-2823,Winter Garden,United States,03790,Colorado,521 Connecticut,1934-05-13,2222
crmid:8000508974,repopulated1858@outlook.com,Otto,Williams,,555-933-4746,Malden,United States,26445,Maryland,999 Commercial,1985-05-21,1876
crmid:3071970590,documentaries1905@gmail.com,Blaine,Foreman,,561-471-1716,Goshen,United States,33091,Indiana,1100 Woolsey,1967-06-15,1553
crmid:9772417431,thick2042@outlook.com,Kimbra,Horn,female,608-052-4086,Oceanside,United States,82498,Vermont,67 Bonifacio,1955-05-14,2020
crmid:7210814164,slither1825@yahoo.com,Mitchel,Lindsay,,355-684-6576,Lufkin,United States,43843,Pennsylvania,796 Benton,1985-08-23,754
crmid:6840276310,protegulum1821@yahoo.com,Douglass,Whitley,,987-444-8452,Spartanburg,United States,97411,Minnesota,23 Baywood,1991-05-05,536
crmid:5329130370,diptera1917@outlook.com,Kenton,Briggs,,346-624-6321,Paso Robles,United States,72839,Vermont,474 Hamilton,1987-04-17,581
crmid:8010192027,guineapig1885@yahoo.com,Duane,Leonard,,520-171-0375,Marquette,United States,26854,New York,582 Ironwood,1987-05-14,1108
crmid:5753943676,charmless1827@live.com,Murray,Russo,,091-867-2134,Mercer Island,United States,32468,Rhode Island,29 Bigelow,1989-06-05,1059
crmid:1371101264,breena1812@outlook.com,Mitch,Long,male,967-611-4448,Avon Lake,United States,88845,Alaska,1349 Kimball,1935-07-17,1117
crmid:1803666188,esurience2050@gmail.com,Barrett,Rosario,,895-985-7820,Gurnee,United States,26810,Arizona,1378 Spears,1969-04-21,707
crmid:6936050563,centuple1896@gmail.com,Bo,Gibbs,,345-978-0475,Homer Glen,United States,96743,Arkansas,81 Marine,1972-12-27,1903
crmid:7667829425,arienzo1852@yahoo.com,Otis,Mcguire,male,147-371-5238,Alice,United States,64963,Florida,627 Peter Yorke,1931-10-23,1477
crmid:3422037764,processal1960@live.com,Darin,Curry,,934-888-1204,Grand Junction,United States,29143,West Virginia,659 Dewey,1967-04-10,1535
crmid:8923132545,musician1852@yandex.com,Derrick,Byrd,male,348-123-2390,Palm Coast,United States,11213,New York,705 Christopher,1942-03-05,785
crmid:7845650596,bitumens1888@gmail.com,Laurine,Klein,female,698-032-5584,Elyria,United States,21678,Texas,1396 Albion,1959-05-16,2961
crmid:8903909229,duress1891@yandex.com,Rodney,Hopkins,male,844-276-3240,Bellwood,United States,41911,Oregon,1395 Stevenson,1937-08-14,1750
crmid:6845650050,rhythmically2037@gmail.com,Derick,Zimmerman,male,149-747-9824,Atwater,United States,11948,Idaho,933 Montgomery,1934-03-04,1847
crmid:1426153091,pyruloid1810@gmail.com,Merlene,Spears,female,882-464-4097,Des Plaines,United States,95303,Alaska,944 Forest Side,1954-09-28,320
crmid:8667058439,continuum1829@yandex.com,Dorian,Reyes,,664-613-3095,Round Lake,United States,38785,Hawaii,611 Greenwood,1975-09-25,685
crmid:3526410751,burry1875@yahoo.com,Darnell,Graves,,553-415-5900,Wyandotte,United States,23583,Maine,304 Kempton,1966-06-13,2812
crmid:5968505521,acinar1880@yahoo.com,Sydney,Nguyen,,952-330-9312,Sarasota,United States,78788,Alaska,1332 Valletta,1966-08-26,2510
crmid:8858909256,celebrations1850@live.com,Gabriel,Haney,male,599-586-7991,Alliance,United States,83912,South Carolina,1041 San Jose,1931-04-12,2189
