crmid,email,first_name,last_name,gender,mobile telephone,city,country,zip,state,street address,birthday,historicalpoints
crmid:9624194758,echinus1985@gmail.com,Sandie,Wall,female,959-055-3970,Crystal Lake,United States,46599,Oregon,164 Ophir,1952-08-30,1009
crmid:5641969253,obduce2040@live.com,Lorean,Morrow,female,975-121-2015,Detroit,United States,83449,Virginia,1035 Emery,1954-06-21,2343
crmid:1308401215,humidified2003@outlook.com,Spring,Carson,female,251-131-7983,Shively,United States,97158,Montana,559 Beckett,1946-08-05,1568
crmid:2450224808,borak1832@outlook.com,Hannelore,Medina,female,941-048-8532,Roswell,United States,15456,Wyoming,985 Scotland,1948-04-20,2254
crmid:6742844587,unconflicting2055@outlook.com,Shakia,Miles,female,794-928-7206,University Place,United States,51454,Louisiana,1223 San Jacinto,1952-11-15,610
crmid:4964222106,slaters1811@yahoo.com,Marchelle,Alford,female,693-879-6011,San Fernando,United States,82049,Hawaii,105 Mistral,1958-06-01,2943
crmid:8544866190,industrochemical1864@gmail.com,Debbra,Rodriguez,female,340-224-7564,Rockville,United States,27113,New York,939 Cedro,1959-02-25,2632
crmid:8247206191,unconflicting1887@gmail.com,Humberto,O'brien,,183-067-4036,Kalamazoo,United States,31675,Minnesota,766 Arthur,1976-07-07,343
crmid:3033496143,loupes2067@gmail.com,Basil,Salazar,,601-177-5271,Patterson,United States,46177,Idaho,230 Charlton,1985-04-22,2921
crmid:8487936033,thrower1906@live.com,Jarred,Compton,,410-205-2191,Miami,United States,51651,Florida,426 Yale,1990-09-05,3000
crmid:1604963380,banya2044@live.com,Chauncey,Jones,,665-525-2424,Marshfield,United States,42454,Ohio,1164 Lindsay,1987-08-13,1164
crmid:7807858959,sixteenths1923@gmail.com,Chas,Parks,male,442-662-6166,Carson,United States,66224,New Hampshire,563 Garlington,1944-11-03,500
crmid:1936714787,danie1837@outlook.com,Shayne,Norris,,828-729-0270,Laguna Woods,United States,41797,North Dakota,302 Burgoyne,1979-07-25,514
crmid:1297023070,dogged1924@yahoo.com,Noel,Estes,,082-382-8312,Hilliard,United States,10277,Kansas,190 Lessing,1972-03-12,1299
crmid:5582848462,fumarases1877@live.com,Tommy,Randolph,,369-098-3481,Franklin Park,United States,07974,Georgia,1070 North Hughes,1964-01-26,1608
crmid:3132024983,adventurer1954@gmail.com,Paz,Avery,female,698-139-9018,Dumont,United States,79036,New Hampshire,286 Davidson,1956-12-13,1633
crmid:4777495323,gonenesses1932@live.com,Florencio,Hayden,male,839-135-5200,San Luis,United States,79073,New York,1204 Valdez,1936-12-26,1877
crmid:1028012912,azine2050@yandex.com,Shira,Bray,female,450-092-5807,Vista,United States,10184,New Mexico,45 Tiffany,1949-08-04,1154
crmid:1292337935,bartizan2022@yandex.com,Manuel,Sweeney,,817-720-4279,Logan,United States,02824,Florida,530 Lauren,1983-01-04,714
crmid:1486555874,beechy1863@yahoo.com,Octavio,Hurley,,051-050-1194,Menasha,United States,53480,Florida,70 Battery Crosby,1989-09-14,2732
crmid:5745795252,indecency1942@live.com,Lashay,Stanley,female,028-240-5391,Westminster,United States,12876,North Carolina,1278 Horace,1954-12-10,2000
crmid:2685159315,diena2038@yandex.com,Lavenia,Barrett,female,748-379-2129,Evans,United States,80147,Nevada,630 Justin,1960-05-02,2653
crmid:4286153854,aluminosis1980@gmail.com,Ned,Love,,648-480-0646,Ypsilanti,United States,20405,Wyoming,1178 Mission Bay,1967-02-03,1056
crmid:5182210440,complex1820@outlook.com,Providencia,Barrera,female,557-484-8816,Plantation,United States,56106,Tennessee,1352 Calvert,1947-07-02,573
crmid:6407345095,chewer1857@outlook.com,Jerome,Cotton,,546-577-7332,Poway,United States,45262,South Carolina,230 Yorba,1988-06-20,2810
crmid:7564765389,boondoggling1946@outlook.com,Numbers,James,,388-394-0411,Layton,United States,02946,Washington,215 Kramer,1981-02-10,2846
crmid:7899593910,extraorbitally1877@outlook.com,Latesha,Grimes,female,536-964-6239,Westfield,United States,85962,North Dakota,310 Santa Ana,1996-03-22,2775
crmid:1357467290,bombyx1861@live.com,Pedro,Jacobs,,730-636-3596,Morristown,United States,80494,Delaware,744 Grand View,1993-01-01,1027
crmid:6865047585,chengwei1975@yahoo.com,Margrett,Reilly,female,916-770-7983,Dixon,United States,85338,Vermont,1378 Merchant,1955-10-19,1852
crmid:3057792176,appleblossom2051@yahoo.com,Clemmie,Hendricks,female,593-812-4956,Newburyport,United States,15308,New York,656 Tandang Sora,1997-03-31,2566
crmid:2047768359,misdeals1955@live.com,Abraham,Mathews,,913-967-6289,Pueblo,United States,67478,Delaware,1140 Ada,1992-03-29,2676
crmid:7144835449,misnames1995@outlook.com,Sherwood,Stout,,096-573-2297,Grand Junction,United States,61553,Alabama,97 Russ,1967-11-10,2227
crmid:7177395322,tuatera1828@yandex.com,Terence,Hopper,,734-638-9915,Kent,United States,77787,Pennsylvania,784 Noe,1977-12-21,1058
crmid:9848867478,goldfish1937@outlook.com,Vito,Payne,,362-077-0546,Rosenberg,United States,78543,Vermont,549 Parque,1991-10-18,1465
crmid:1152759413,twinkled1998@outlook.com,Dominique,Gonzales,,924-782-2922,Santa Fe,United States,73319,Rhode Island,1183 Freeman,1993-05-24,1976
crmid:4196133909,giddier1853@outlook.com,Lamonica,Kirk,female,255-160-6536,Crystal,United States,94677,Arkansas,144 Venus,1952-05-16,1730
crmid:1605740139,bellwood1986@gmail.com,Royce,Rose,,599-447-5005,Grandville,United States,37940,Mississippi,739 Windsor,1967-07-11,2134
crmid:6718572742,telepathically1984@gmail.com,Bobby,Vang,,287-339-0922,Pensacola,United States,82416,Tennessee,738 Circular,1967-11-14,2626
crmid:8504148940,vandalic1950@outlook.com,Greg,Lloyd,male,584-545-6047,Allen,United States,26956,Maine,1113 Marvel,1931-04-17,2116
crmid:6194279839,viceless1894@outlook.com,Aleshia,Horton,female,686-326-8094,Del Rio,United States,70516,Michigan,626 Mccann,1954-12-01,2045
crmid:9992509251,unliberally2026@outlook.com,Pa,Bond,female,134-563-4011,Newport Beach,United States,76485,New Hampshire,342 Sonoma,1997-04-22,358
crmid:8407331033,filmer1803@outlook.com,Bebe,Watkins,female,476-302-9902,Dearborn Heights,United States,07406,Kansas,693 Esmeralda,1953-01-30,2705
crmid:5613389628,cautions1984@yandex.com,Tuan,Sweet,,532-967-5166,Gillette,United States,92088,Kansas,738 Williar,1966-05-12,1860
crmid:5040324378,daymare1847@live.com,Tonisha,Fulton,female,468-976-1070,Davis,United States,99353,New Hampshire,1046 Van Keuren,1953-09-10,2270
crmid:2828872872,narcotization1911@live.com,Sammy,Mccormick,,239-700-0027,Jersey City,United States,09530,Vermont,241 Montalvo,1975-01-02,1697
crmid:1050904931,bobby1865@gmail.com,Stanley,Cook,,198-677-1910,Norwalk,United States,48410,North Dakota,307 Crestwell,1999-08-10,2860
crmid:7944010377,lithosol1821@outlook.com,Odis,Wade,,291-907-4661,Muscatine,United States,47192,West Virginia,1255 Glover,1994-08-04,2739
crmid:2033050822,merycism1898@gmail.com,Theron,Gomez,male,934-024-2785,Tampa,United States,05119,Mississippi,463 South Hill,1934-09-11,370
crmid:6971315012,kerb1954@yandex.com,Verdell,French,female,276-303-0962,Petaluma,United States,89523,New Jersey,234 Italy,1952-09-10,1925
crmid:4712284125,aerobatics1983@live.com,Van,Erickson,,197-101-3501,Paramus,United States,44832,Washington,1335 Rousseau,1991-10-15,2471
crmid:5609727035,dugong2039@yahoo.com,Cleveland,Christensen,,232-160-6524,Streamwood,United States,67013,New Jersey,451 Water,1983-02-03,1572
crmid:9558514708,uranolatry1913@gmail.com,Percy,Moss,male,010-051-0810,Prichard,United States,74923,Georgia,114 Bret Harte,1930-08-21,2101
crmid:6188856224,electrolysis1944@outlook.com,Carolynn,Browning,female,014-177-6209,Natchitoches,United States,16186,Maine,405 Castro,1995-03-19,1570
crmid:3988897134,triplocaulescent1944@yahoo.com,Carmelia,Delaney,female,029-231-2769,Charlottesville,United States,02777,Wisconsin,59 General Kennedy,1946-02-08,1730
crmid:2382956007,bureaus1993@outlook.com,Charita,Bradford,female,239-721-7623,Cutler Bay,United States,90426,Pennsylvania,681 Monte Vista,1952-02-03,909
crmid:7827128608,rugal1814@yahoo.com,Thersa,Rosa,female,639-278-4141,De Land,United States,65354,Louisiana,528 Park,1953-11-22,2825
crmid:5271012854,etalon1946@gmail.com,Monroe,Henderson,male,416-189-9334,Aventura,United States,48110,Vermont,87 Fifth,1935-07-13,812
crmid:9768000094,uniembryonate1802@yahoo.com,Shannon,Mullen,,012-179-8693,Hammond,United States,03529,Alabama,120 Pioche,1969-01-29,2565
crmid:6313164019,bastioned1924@live.com,Eleonor,Schneider,female,855-390-1216,Palmetto Bay,United States,11947,Montana,1059 San Miguel,1950-10-05,718
crmid:7106063909,chadars1907@yandex.com,Latrisha,Macias,female,711-637-3986,Trenton,United States,15214,Texas,289 Cleary,1951-05-18,1853
crmid:6762015863,lag1981@yandex.com,Gregorio,Santana,,778-880-8026,Memphis,United States,99812,Iowa,1331 Fifth,1989-12-30,2789
crmid:9401725344,gravelliness2002@live.com,Rico,Potts,male,067-765-1864,Olive Branch,United States,80758,Colorado,1395 Rotteck,1938-08-23,851
crmid:5507575985,spleetnew1834@gmail.com,Ted,Bailey,,646-002-0260,Los Altos,United States,53807,Delaware,138 La Ferrera,1984-10-13,968
crmid:8066894938,desdemon2003@yandex.com,Jeffrey,Francis,male,034-465-9173,Weirton,United States,02530,Montana,928 Somerset,1940-05-10,1453
crmid:5054147537,esmond2048@yahoo.com,Hubert,Lewis,,696-110-2182,Maryland Heights,United States,72056,Oklahoma,214 Arbor,1987-04-16,2552
crmid:8329262773,mixers1984@yahoo.com,Edwin,Pacheco,,409-221-1558,Gadsden,United States,89950,Ohio,1396 Ervine,1964-12-30,1848
crmid:2052030479,gregariousness2003@gmail.com,Thurman,Jimenez,,674-547-0695,Shively,United States,74454,California,1398 Park,1981-12-16,2235
crmid:7069439612,longlines1897@outlook.com,Jamal,Haynes,,667-608-2242,Poplar Bluff,United States,58326,South Carolina,332 Folsom,1998-08-26,1997
crmid:7162172629,galagos1806@yandex.com,Ezequiel,Johnston,,056-612-0944,Muncie,United States,85835,Illinois,422 Saroyan,1994-10-19,665
crmid:7232759930,landshard1953@live.com,Leonel,Pickett,,166-641-2538,Macon,United States,05197,Missouri,613 Ophir,1985-02-19,562
crmid:5239612903,swinburnesque2043@outlook.com,Loyd,Pennington,male,872-181-8866,Cedar Park,United States,35947,Utah,1003 Gibb,1945-06-23,2799
crmid:6291513386,pseudovum2058@live.com,Jed,Cabrera,,170-313-4646,Marshfield,United States,52219,North Carolina,378 Isola,1987-09-19,467
crmid:9327430205,bongos2054@yahoo.com,Royce,Hays,,967-203-7887,Hot Springs,United States,63434,Hawaii,534 Incinerator,1973-11-10,621
crmid:3098586105,asters2026@gmail.com,Luci,Shepherd,female,804-901-8336,Winter Haven,United States,91817,New Hampshire,56 Wagner,1946-06-27,2245
crmid:4131617216,benares1800@live.com,Hassan,Melton,male,728-061-5266,Amsterdam,United States,28833,New York,24 Industrial,1932-04-20,683
crmid:5615292873,bevin1989@live.com,Delana,Sexton,female,883-352-2716,Faribault,United States,19305,North Carolina,755 Baker,1961-02-26,361
crmid:5707243207,sandgoby1952@yandex.com,Nigel,Park,male,569-686-6329,West Linn,United States,06152,Pennsylvania,1303 Pollard,1934-07-22,2374
crmid:2918350200,propacifist2070@yandex.com,Thomasena,Gamble,female,236-831-0961,Palm Coast,United States,23969,Virginia,412 Uranus,1961-09-11,1811
crmid:8603769082,foraneous1801@live.com,Alix,Beasley,female,017-173-9160,Dover,United States,90343,Colorado,452 Clara,1955-11-01,997
crmid:1387914869,mortarware1913@gmail.com,Lawrence,Diaz,female,778-601-8921,Ruston,United States,22078,Washington,740 Revere,1959-05-08,578
crmid:5342863718,claudicate1844@gmail.com,Elizbeth,Pittman,female,451-584-2784,Fairhope,United States,10045,Illinois,1099 Joice,1961-03-23,2738
crmid:7932800634,pullover1962@yahoo.com,Anthony,Petersen,female,529-267-1873,Eagan,United States,03352,North Carolina,1331 Heron,1956-01-23,1983
crmid:6545158686,sander1913@gmail.com,August,Schwartz,,815-542-0953,Prattville,United States,65552,Nevada,79 Candlestick Point Sra,1998-10-17,423
crmid:3234997096,boose1978@gmail.com,Harris,Gould,male,778-763-0304,Alabaster,United States,93893,New Jersey,89 Chatham,1930-04-12,2709
crmid:7868469908,toucan1961@outlook.com,Waltraud,Hyde,female,569-437-8100,Crystal,United States,56879,Wyoming,465 Stanford,1952-09-15,639
crmid:7585980245,amygdalotome1842@yandex.com,Clair,Banks,,231-466-5065,Michigan City,United States,35707,Oklahoma,68 Cardenas,1990-07-18,578
crmid:9839036149,brachydiagonal2025@yahoo.com,Juan,Richmond,,757-846-2421,Niagara Falls,United States,77333,Louisiana,903 Daniel Burnham,1997-05-24,1327
crmid:9206968224,misdeemed1801@live.com,Charles,Moody,male,381-953-2303,Belton,United States,04038,Illinois,715 Western Shore,1937-02-20,2738
crmid:6504797251,pinta2049@outlook.com,Emory,Vance,male,974-128-7052,Aiken,United States,91586,West Virginia,918 Exposition,1930-04-29,2424
crmid:6908587603,overembroider1939@yandex.com,Tyler,Emerson,,562-689-9441,Rowlett,United States,42512,Oregon,1337 Richard Henry Dana,1983-04-10,1998
crmid:7655922672,pterodactylus1818@yahoo.com,Terrell,Hunter,,313-959-6833,Sugar Hill,United States,36749,Tennessee,921 Ver Mehr,1980-09-20,1579
crmid:1760974819,benight1833@yandex.com,Quinn,Travis,male,514-609-2113,Ballwin,United States,42905,Delaware,1320 Rausch,1935-08-29,1585
crmid:1405932621,colloid1964@outlook.com,Vannessa,Anderson,female,200-122-0672,Cookeville,United States,90364,Alaska,1093 Bengal,1950-09-01,2377
crmid:1772411883,endeavours2030@live.com,Reiko,Green,female,907-533-1078,Doral,United States,93571,Georgia,1065 Flournoy,1955-07-12,2714
crmid:1476225285,thoracic1801@gmail.com,Sandee,Durham,female,342-797-6359,Deer Park,United States,52339,Utah,677 John Maher,1953-10-15,791
crmid:7835133495,primiparity2029@live.com,Johana,Schwartz,female,632-857-5153,Elmwood Park,United States,87848,New Mexico,917 Onondaga,1959-04-26,2920
crmid:6985738703,bask2064@yandex.com,Nicky,Roy,female,346-501-1811,Dodge City,United States,31508,Nebraska,83 Tandang Sora,1955-07-26,1317
crmid:6453133810,concordancy2031@yahoo.com,Dante,Pope,,713-627-1055,Ocoee,United States,73021,Michigan,926 Chesley,1969-01-27,1121
crmid:5869448031,camion2011@gmail.com,Otha,Higgins,male,661-113-6093,Bullhead City,United States,84156,Georgia,304 Elizabeth,1942-08-14,704
crmid:6995823300,critter1903@outlook.com,Cornelius,Palmer,,865-317-2659,Lansing,United States,74153,Michigan,1252 Delgado,1980-03-15,486
