crmid,email,first_name,last_name,gender,mobile telephone,city,country,zip,state,street address,birthday,historicalpoints
crmid:7660960572,dominate1857@live.com,Benjamin,Marshall,male,093-262-7656,Arlington,United States,80384,Oklahoma,592 Columbia Square,1933-01-18,422
crmid:1694390683,antimachine1935@yandex.com,Edgardo,Harrell,,224-981-0925,Savannah,United States,20588,Hawaii,1394 Ocean,1968-11-02,1770
crmid:9848288201,semiliquidity1904@yahoo.com,Adan,Owen,,090-773-5024,Monterey Park,United States,23024,Tennessee,194 Gardener,1992-05-04,404
crmid:5857709440,culebra1954@live.com,Coy,Charles,,587-864-7444,San Dimas,United States,57746,Pennsylvania,234 Archer,1981-04-20,1623
crmid:2886040244,abstain2062@live.com,Darrel,Hughes,,707-546-8930,Horn Lake,United States,50840,Tennessee,1178 Third,1973-09-13,2111
crmid:8928591881,woodcrafty1897@yahoo.com,Delana,Gross,female,295-378-1376,Weslaco,United States,98131,Illinois,371 Church Parking Lot,1951-02-12,2343
crmid:9370194974,azhar1869@gmail.com,Johnathan,Williams,,395-034-1937,Topeka,United States,31830,Florida,674 Yukon,1970-03-06,1833
crmid:9218096448,shou1958@gmail.com,Arron,Holland,,082-662-0320,Logansport,United States,50000,Maryland,120 Dartmouth,1983-09-26,742
crmid:1605883905,calcine2052@yandex.com,Karl,Delaney,male,564-145-7000,Northampton,United States,75132,West Virginia,410 Stanford Heights,1999-09-26,864
crmid:9326259580,binman1802@live.com,Ben,Kerr,,042-360-9313,Hobart,United States,39037,Wisconsin,979 Aspen,1972-06-07,2820
crmid:2559597802,subclans1876@yandex.com,Karl,Finch,,336-693-7188,San Luis Obispo,United States,39222,Georgia,717 Oak Access,1971-08-31,2593
crmid:4363770537,almadia1884@yandex.com,Barney,Harding,,774-586-8353,Mission Viejo,United States,32011,Virginia,323 Prescott,1991-06-27,766
crmid:2194715386,investible1853@gmail.com,Renetta,Clayton,female,144-999-7101,Crest Hill,United States,84076,Wisconsin,1273 Clearfield,1951-07-06,2566
crmid:9151241463,decadactylous1884@live.com,Tomas,Gilbert,,689-314-0389,Leesburg,United States,54654,Hawaii,758 Boynton,1982-10-06,575
crmid:3482346510,adiana1836@outlook.com,Nick,Rollins,,995-462-5516,Panama City,United States,26207,Washington,840 Brumiss,1962-11-25,1047
crmid:5016058252,reservery2030@outlook.com,Jewell,Hubbard,,289-782-6481,Rome,United States,64335,North Carolina,794 Rousseau,1977-08-21,961
crmid:1584250554,infantly2030@yahoo.com,Drew,Willis,,549-410-6582,Vineland,United States,70491,Maine,640 Rossmoor,1975-02-27,1991
crmid:6337947302,berossos1871@yahoo.com,Anamaria,Wheeler,female,164-462-6042,Corinth,United States,06295,Ohio,479 Stockton,1950-01-31,2015
crmid:1777471214,battlers2070@yahoo.com,Skye,Fleming,female,490-609-8125,Naples,United States,59275,California,179 Ruger,1995-09-06,2148
crmid:7011917122,unhelved1984@live.com,Perry,Hammond,,528-142-7424,Flint,United States,31360,Washington,1247 Glenbrook,1962-06-12,1435
crmid:6186358606,palookas1832@outlook.com,Suellen,Middleton,female,094-129-5949,Duncanville,United States,76866,Massachusetts,871 Brazil,1956-10-21,2392
crmid:5476570243,chukchi1928@gmail.com,Collin,Vaughan,male,064-673-8760,Seymour,United States,51792,Arizona,1359 Pink,1994-01-04,955
crmid:1493929999,jacanas1959@yandex.com,Josiah,Mercer,,052-935-6668,Manhattan Beach,United States,58931,Iowa,293 Loraine,1986-09-14,2500
crmid:9513406416,finnmarks1947@yandex.com,Truman,Marsh,,617-639-9766,La Vista,United States,97058,Oklahoma,274 Webb,1979-10-23,2844
crmid:4763572644,adriaan2043@yahoo.com,Gail,Tran,male,884-551-1968,Plano,United States,02348,Utah,939 Rainey,1942-04-29,515
crmid:7727248968,unsquirming1850@gmail.com,Wayne,Fields,,499-196-4113,Matteson,United States,29421,Connecticut,1170 Plymouth,1988-05-28,722
crmid:2845358181,petal2015@gmail.com,Jame,Townsend,female,873-733-3814,Farmington,United States,21487,Minnesota,815 Newburg,1961-04-29,869
crmid:9364501014,baptist1921@outlook.com,Rodrigo,Green,male,141-204-2337,Brownwood,United States,73622,Florida,890 Quincy,1942-08-12,2847
crmid:1756481065,cambridge2043@yahoo.com,Sung,Buckley,,102-708-8382,Little Elm,United States,62065,Maryland,976 Stilwell,1983-11-23,2650
crmid:9035202340,toad1911@live.com,Romeo,Byrd,male,480-692-8840,San Bernardino,United States,84747,Indiana,23 Putnam,1942-08-05,2937
crmid:8601801280,dentelle1869@live.com,Leon,Foster,,688-942-0674,Gainesville,United States,62327,Connecticut,542 Walter U Lum,1964-11-24,704
crmid:6434507156,cantoral1834@yandex.com,Benito,Wilder,,619-561-7549,Kirkwood,United States,87592,California,1354 Littlefield,1978-05-23,1424
crmid:2385501219,desolates1857@yandex.com,Brendon,Gordon,,159-205-1978,Morton Grove,United States,38391,Georgia,1129 Laguna,1993-06-19,2613
crmid:4682827925,barbi2047@gmail.com,Shaun,Figueroa,male,591-850-8519,Phenix City,United States,02309,Illinois,146 Shephard,1935-09-09,2563
crmid:6822765119,myoporum1943@gmail.com,Gerry,Mcbride,,315-796-2650,Grand Junction,United States,77722,California,955 Kennedy,1967-12-29,1646
crmid:8337656493,palmar1978@live.com,Freeman,Vega,,174-245-9815,New Brunswick,United States,54018,Texas,71 Randolph,1996-10-17,1851
crmid:8560066794,cloherty1912@yandex.com,Shela,Shannon,female,001-731-1657,Webster Groves,United States,28412,Alabama,138 Beachmont,1961-11-26,2088
crmid:4352428129,davidian1918@gmail.com,Huey,Jones,male,411-290-0940,North Platte,United States,77405,Illinois,715 Cresta Vista,1999-12-02,2775
crmid:7932693918,everyman1841@yandex.com,Nathan,Moore,male,869-094-8410,Augusta,United States,76208,Tennessee,330 Stoneridge,1935-12-14,1524
crmid:5450019371,chazans1940@yahoo.com,Kurt,Levy,,044-738-8468,Post Falls,United States,42753,Kentucky,89 Juan Bautista,1984-05-20,2483
crmid:3181621387,dorsiventral1936@outlook.com,Dusty,Ball,,045-758-8743,Mountlake Terrace,United States,47118,Vermont,427 Woodhaven,1994-07-21,2663
crmid:4154809587,antivirus1900@yahoo.com,Rocco,Moses,male,470-535-6974,Brea,United States,46014,Virginia,163 Ledyard,1941-08-21,1190
crmid:8555510509,quasijudicial1830@live.com,Marianela,Norman,female,260-880-6189,Colonial Heights,United States,76203,Alaska,293 Seminole,1949-12-11,533
crmid:6144315016,kabistan1914@outlook.com,Andy,Day,,579-820-8280,Lake Forest,United States,64929,Wisconsin,779 Greenspring,1980-11-03,2687
crmid:3527772334,brose1851@yahoo.com,Bruno,Bernard,male,903-733-2720,Bethel Park,United States,03090,Missouri,1047 Julian,1938-02-03,1739
crmid:7029317019,reuttering1908@live.com,Vanita,Burt,female,185-714-9906,Cuyahoga Falls,United States,85467,Ohio,184 Waller,1952-09-04,435
crmid:5788740746,pectinogen1830@yandex.com,Ismael,Ellis,,057-060-8141,Maryville,United States,71322,Wisconsin,1106 Dormitory,1987-12-25,1625
crmid:7625676600,connexions2032@yahoo.com,Elliot,England,,354-509-2645,Vacaville,United States,48412,Vermont,734 Sadowa,1989-03-29,2930
crmid:8079897669,bonehead1912@yandex.com,Logan,Dudley,male,287-863-3329,Winchester,United States,76371,Ohio,682 Graham,1935-11-26,1355
crmid:1685003367,bloodless1951@yahoo.com,Raymundo,Skinner,,132-335-4725,West Covina,United States,99344,Louisiana,2 Laurel,1978-08-15,1576
crmid:9041783229,acclimatize1976@outlook.com,Milda,Simpson,female,575-587-3201,Compton,United States,35614,Idaho,1190 Beale,1949-06-27,2971
crmid:8291334198,flounder1906@gmail.com,Myles,Monroe,,890-813-0552,Westfield,United States,60247,Mississippi,763 Geneva,1989-01-17,390
crmid:2753628036,nixy1852@live.com,Omar,Malone,,559-022-3084,Holyoke,United States,23448,Washington,376 Claremont,1972-04-24,1334
crmid:4463502085,velocipeded1987@outlook.com,Bob,Turner,,856-966-7276,Myrtle Beach,United States,45909,California,1352 Naples,1995-07-05,2458
crmid:6342226459,repercussively1887@outlook.com,Jesse,Haney,,724-677-2938,Maple Grove,United States,87661,West Virginia,765 Lessing,1986-11-25,2971
crmid:8706608079,biogen1844@live.com,Arnold,Strickland,male,845-432-9107,Santa Cruz,United States,77867,Washington,1051 Carrie,1930-01-28,2538
crmid:4943297069,outwept1821@gmail.com,Luciano,Bowers,male,692-179-2190,Sycamore,United States,80000,Rhode Island,516 Scotia,1939-06-03,455
crmid:9848746043,trichloromethane1817@yahoo.com,Jessika,Townsend,female,498-574-5415,Titusville,United States,18019,Utah,1040 Walter,1950-04-29,2927
crmid:3481490828,spent2038@outlook.com,Rufus,Mejia,,839-354-5531,Louisville,United States,27153,West Virginia,171 Santa Rita,1984-04-24,2392
crmid:9481127851,edifier1861@yahoo.com,Young,Baldwin,,874-877-0623,Oak Forest,United States,38456,Louisiana,246 Penny,1977-02-28,580
crmid:7515752082,cantoral2024@live.com,Warner,Williams,,111-241-8843,Gallatin,United States,05581,Maryland,760 Derby,1965-02-26,2102
crmid:5066274818,angostura1830@gmail.com,Benito,Norton,,926-423-0831,McDonough,United States,42690,Arkansas,420 Main,1988-07-13,2641
crmid:1361896315,quietens1913@yahoo.com,Jaime,Dorsey,,521-219-3593,Provo,United States,62823,Iowa,1376 Wyman,1964-05-16,2354
crmid:2763841042,outfame1840@yahoo.com,Lynwood,Potter,,359-868-0216,Marshfield,United States,70178,Alaska,679 California,1987-12-06,1926
crmid:3406704008,contrabandista1862@yahoo.com,Wilford,Clements,,647-787-8557,Lumberton,United States,09618,Delaware,1243 Mcdowell,1985-01-25,2902
crmid:4815503673,huffily2009@gmail.com,Elias,Hobbs,,071-871-0872,Royal Oak,United States,66706,California,851 Evergreen,1965-12-26,2613
crmid:6115305300,ethnobotanic1843@outlook.com,Eddy,Dominguez,,394-989-5829,Kernersville,United States,38165,Utah,955 Ozbourn,1977-05-10,1961
crmid:5456080164,delaminate1837@live.com,Emmitt,Woodard,,890-633-5207,St. Charles,United States,43178,Ohio,844 Buckingham,1991-04-13,2820
crmid:8602385613,codeless1810@gmail.com,Alexis,Scott,male,162-760-4667,Statesville,United States,70881,Rhode Island,639 Executive Park,1940-01-26,2858
crmid:8657098036,deluxe1934@live.com,Aldo,Johns,,884-335-3894,Tustin,United States,66434,Connecticut,985 Ivy,1990-11-23,1554
crmid:7614616362,silanes2023@yandex.com,Sterling,Campos,,646-706-3886,Madison Heights,United States,08617,Washington,47 Richard Henry Dana,1985-02-01,2191
crmid:8380775405,electroretinography1858@outlook.com,Darrell,Whitley,male,414-411-6431,Richardson,United States,19404,New Jersey,288 San Juan,1945-03-31,902
crmid:9540737992,undersomething1963@gmail.com,Argentina,Ellis,female,091-760-2538,Rio Rancho,United States,12830,Georgia,329 Eldridge,1952-01-09,2964
crmid:6231013361,chien1929@outlook.com,Katelynn,Howe,female,313-046-2494,Citrus Heights,United States,27742,Mississippi,381 Executive Park,1947-05-15,432
crmid:2573015836,visionariness1927@live.com,Abram,Fry,,073-440-6378,San Fernando,United States,52434,Kansas,181 Carmelita,1997-05-08,897
crmid:7000214749,bluethroat1986@live.com,Julio,Dalton,,779-594-2067,Sunrise,United States,82808,Texas,440 Majestic,1965-03-01,715
crmid:6042596891,elbow1885@gmail.com,Sari,Hawkins,female,660-172-0551,De Land,United States,40166,Alaska,40 Cloud,1953-08-13,1486
crmid:3039244919,pintada1831@yandex.com,Sixta,Hendricks,female,432-735-3274,Dana Point,United States,93981,Mississippi,486 Evergreen,1952-08-13,2457
crmid:6420906736,insect2012@live.com,Kristian,Lambert,female,330-250-8665,Enterprise,United States,72489,Maryland,797 Continuum,1960-05-17,1571
crmid:6145251591,preoblige1875@yandex.com,Jayson,Prince,,046-787-7974,Frederick,United States,15701,Connecticut,888 Worcester,1964-04-10,2477
crmid:2885851633,misdeals1877@yandex.com,Tandy,Schwartz,female,010-987-5723,West Bend,United States,84210,Idaho,104 Cherry,1957-08-26,1888
crmid:1047426493,arctoidean1986@yandex.com,Kenton,Ayala,male,503-665-8034,Point Pleasant,United States,95663,Wisconsin,756 Grace,1998-01-23,2663
crmid:7161910700,sidebones2063@live.com,Lawrence,Hubbard,,411-907-3825,Laramie,United States,21339,Vermont,30 Poppy,1980-05-13,1626
crmid:2075385677,amphibological1918@outlook.com,Rod,Crawford,male,803-513-2475,Shaker Heights,United States,02498,Alabama,754 Vidal,1937-08-07,2326
crmid:8674328905,signification1940@outlook.com,Tim,Delgado,,494-465-8348,Hollister,United States,72580,Montana,844 South Hill,1972-12-11,1508
crmid:1673561930,euonymus1935@gmail.com,Brant,Daniels,,872-003-0438,Harrisburg,United States,36074,Nevada,1347 Greenwood,1970-06-07,803
crmid:2113157520,fairish2052@live.com,Tyrone,Chen,male,550-779-3890,Apex,United States,91744,Oklahoma,1034 Saint George,1933-09-06,597
crmid:6320424685,enfeeblish1886@yahoo.com,Maria,Romero,,766-432-5405,Texarkana,United States,48532,Virginia,1371 Emerald Cove,1993-12-29,2166
crmid:5935373353,handbasket1900@yandex.com,Booker,Randolph,,802-666-6293,Marquette,United States,59070,Arkansas,96 Gennessee,1987-10-16,2381
crmid:6392906232,scouth2034@yandex.com,Emelina,Adkins,female,236-377-5064,Vancouver,United States,10580,California,23 Mill,1949-03-01,736
crmid:5064816655,slinking1990@outlook.com,Emilio,Wiggins,,773-383-7045,Helena,United States,99689,Idaho,324 Terrace,1970-06-30,2249
crmid:1949722977,unvulgarized1860@outlook.com,Arnulfo,Mcgowan,male,241-785-2718,South El Monte,United States,05624,New Hampshire,328 Cesar Chavez On,1942-01-19,2491
crmid:9623750804,haler2047@yandex.com,Elisha,Snyder,,761-292-9422,Sahuarita,United States,48368,Virginia,864 Greenwich,1988-06-11,1862
crmid:3595677888,kazatske1873@outlook.com,Coy,Gould,,938-477-4781,Green Bay,United States,83973,Oklahoma,767 Devonshire,1968-08-12,2819
crmid:7373066890,sexiness1917@yandex.com,Lester,Davidson,male,820-996-4683,Statesboro,United States,02498,Kansas,133 Glover,1939-06-08,2698
crmid:8705852619,banky1871@gmail.com,Loris,Hoover,female,901-365-2133,Crestview,United States,30889,Alaska,260 Evelyn,1951-06-14,2965
crmid:5286392381,ashlar2026@yahoo.com,Calvin,Kline,male,513-106-2710,Tiffin,United States,88038,Kansas,374 Westwood,1944-02-16,2560
crmid:8221396804,unaborted1951@live.com,Ruben,Morin,,179-839-1149,Moreno Valley,United States,33692,Arizona,1022 Ervine,1993-05-01,853
crmid:3046336434,wared2051@live.com,Mahalia,Leonard,female,038-029-4868,Palm Springs,United States,53734,Alaska,395 Malta,1954-06-17,1642
crmid:7259537648,ballots1954@live.com,Heath,Lawson,,690-552-6212,Lake Charles,United States,46756,Tennessee,1033 Soule,1979-08-08,2089
crmid:5926128640,soundless1859@outlook.com,Patience,Glass,female,478-384-2700,East Providence,United States,93374,Minnesota,1028 Pollard,1957-07-11,1749
crmid:2854624080,cryptocrystalline2050@live.com,Efren,Francis,male,256-496-7337,Attleboro,United States,14425,Vermont,1039 Peralta,1934-03-10,1226
crmid:7710147989,ignatian1885@live.com,Travis,Mckenzie,male,030-504-8471,Buffalo,United States,56951,New Jersey,845 Lori,1942-09-19,587
crmid:6376797422,wombat1958@yahoo.com,Lucius,Molina,,503-495-1203,La Porte,United States,36691,Maryland,155 Valdez,1979-06-03,2191
crmid:2672432251,capybara1931@yandex.com,Alfonso,Powers,male,455-392-2324,Rockford,United States,98072,Kentucky,854 Gabilan,1935-01-24,2048
crmid:8698048509,torpor1847@yandex.com,Terrell,Dawson,,379-244-5249,Sarasota,United States,37572,Kansas,1353 Century,1971-03-24,1814
crmid:4862050654,cantaloupes1903@yandex.com,Julius,Marquez,,849-326-7812,Lompoc,United States,38326,Illinois,889 Metson,1984-06-06,1416
crmid:5526259516,scope1905@yahoo.com,Ruben,Holland,,454-955-8128,Tulare,United States,31694,New Hampshire,1367 Gateview 3,1976-03-26,528
crmid:4841184761,maxillas1886@yahoo.com,Boyce,Cochran,,242-474-2165,Idaho Falls,United States,38802,Hawaii,595 Glen,1974-06-30,695
crmid:3614798400,caggy2067@yandex.com,Marcel,Sloan,male,245-182-0657,Stockton,United States,73795,Kansas,975 Hodges,1945-07-27,2213
crmid:6090763595,rhythmically1845@yahoo.com,Clint,Compton,male,457-815-1035,Ames,United States,71781,Massachusetts,810 Watt,1932-12-04,466
crmid:9527857145,croak1918@yandex.com,Demarcus,Harrell,male,986-923-9656,Bethel Park,United States,63830,New Hampshire,432 North,1938-11-05,1368
crmid:3081597914,delayer1893@gmail.com,Catherina,Summers,female,551-569-5722,Euclid,United States,09815,Oklahoma,158 Coleman,1960-02-28,1175
crmid:9988703418,eikon2055@yahoo.com,Branden,Hall,,491-655-7567,North Tonawanda,United States,33064,Florida,1246 Staples,1999-07-09,2585
crmid:8513522656,appleton1967@yahoo.com,Len,Mccoy,male,441-783-7413,Centennial,United States,33344,Illinois,923 Church Parking Lot,1945-06-19,753
crmid:8289750659,amorphia2034@outlook.com,Demarcus,Mitchell,,075-613-6565,Las Cruces,United States,91158,Illinois,644 Arguello,1981-05-05,1604
crmid:9632299513,ferrous1952@live.com,Shelton,Koch,,472-624-2341,Mentor,United States,54641,Maryland,989 Bret Harte,1989-10-20,313
crmid:1758693231,developed1982@yandex.com,Shawana,Hicks,female,122-580-6894,Charleston,United States,94531,Indiana,483 Sloat,1946-08-14,1898
crmid:1533453939,algerine2007@live.com,Erasmo,Warren,,191-598-9861,Ypsilanti,United States,57980,Indiana,391 Chula,1999-11-26,737
crmid:8628948296,kooks1877@yandex.com,Donovan,Cohen,male,287-234-1774,West Palm Beach,United States,77810,Arizona,80 Geneva,1996-02-27,1288
crmid:8004150439,dachshund1897@gmail.com,Willis,Middleton,,331-562-9335,Lewisville,United States,42860,Illinois,853 Louisburg,1982-08-07,1473
crmid:4826226786,concussion1978@gmail.com,Bernard,Rosales,,541-155-9247,Vincennes,United States,98850,Colorado,1093 Miley,1981-06-27,1511
crmid:4311869929,lepargylic2040@yandex.com,Seth,Valenzuela,male,880-466-8997,Boynton Beach,United States,68248,Utah,845 Burlwood,1940-12-17,2974
crmid:1310341184,silverwood1945@outlook.com,Sidney,Barnes,,756-109-1012,McKeesport,United States,78055,Maine,1119 Quincy,1988-04-27,533
crmid:1046422497,rhiptoglossa1926@outlook.com,Dominque,Mcclain,female,898-484-6231,Denver,United States,17941,Texas,849 Antonio,1954-03-19,2627
crmid:6090900563,comate1882@gmail.com,Reggie,Branch,,954-937-9155,Menomonee Falls,United States,50498,Alabama,115 Edgemont,1989-09-11,2230
crmid:2365644533,jounces1890@yahoo.com,Timothy,Soto,female,299-993-9943,Newnan,United States,66553,Idaho,440 Sampson,1997-10-28,1628
crmid:5007111147,uneffusing1838@yandex.com,Irwin,Hurst,,427-952-6230,Urbandale,United States,76122,Kansas,156 Mckinnon,1993-11-17,828
crmid:5673520149,artaba1833@live.com,Bradford,Mayer,,570-867-1407,Roselle,United States,72845,Missouri,466 Bret Harte,1968-02-29,1005
crmid:8336997673,racker1812@outlook.com,Dede,King,female,975-180-9068,Del Rio,United States,16097,Ohio,271 Lagunitas,1954-02-16,2719
crmid:9182471804,phasianinae1852@gmail.com,Adam,Stanton,,517-960-0573,Paradise,United States,68337,Alabama,125 Cecilia,1969-07-11,2294
crmid:1437658621,blackings2006@outlook.com,Jonas,Baker,,644-611-9140,League City,United States,86217,Alaska,553 West,1981-12-30,2972
crmid:7441545606,porcupine1884@gmail.com,Millard,Guthrie,male,261-018-2147,Blythe,United States,40612,Utah,224 Diaz,1940-07-12,2302
crmid:3499045641,minimi1902@yandex.com,Salvatore,Ray,,938-403-0198,Upland,United States,94159,Pennsylvania,1180 Gabilan,1964-07-13,1604
crmid:4497169914,built1857@yandex.com,Jess,Larson,,758-100-1703,Olympia,United States,72603,Iowa,229 Junipero Serra,1977-05-22,1089
crmid:1007592581,nobelist2047@gmail.com,Laronda,French,female,121-859-7324,State College,United States,13177,Tennessee,658 Chula,1950-05-10,1053
crmid:4883770038,congregate2060@live.com,Leonia,Stein,female,155-639-7094,North Tonawanda,United States,71834,North Carolina,397 Sonora,1999-12-25,439
crmid:9697450793,capricornus1964@live.com,Quentin,Haney,,684-805-2700,Laguna Hills,United States,10338,Vermont,914 Houston,1979-02-13,2100
crmid:7023936699,vanished2004@gmail.com,Harold,Hahn,female,241-501-8797,Park Ridge,United States,79810,Rhode Island,380 Park Hill,1997-03-07,481
crmid:1228524975,acromegalies1999@live.com,Brendon,Mayer,,711-253-8852,Universal City,United States,44064,Missouri,230 Sacramento,1984-03-14,1774
crmid:2614918981,carotid1833@live.com,Peter,Davidson,female,228-413-7714,Spanish Fork,United States,12619,Arkansas,860 Latona,1947-07-08,756
crmid:4997022585,brockman1850@gmail.com,Gilma,Parsons,female,984-864-0837,Waltham,United States,16009,New Hampshire,51 Sansome,1950-03-23,555
crmid:8885845816,memorableness1941@live.com,Josef,Caldwell,male,496-039-0865,Benbrook,United States,34249,South Carolina,16 Bertie Minor,1938-06-05,1273
crmid:8033601785,maile2049@gmail.com,Charmain,Cash,female,347-030-2240,Cheyenne,United States,81585,New York,791 Piedmont,1947-02-05,1020
crmid:7925392338,blackens1855@yandex.com,Cleveland,Wilkerson,male,122-124-7218,Ann Arbor,United States,11881,Iowa,591 Collingwood,1932-02-06,1345
crmid:4626661757,quebrachos1888@outlook.com,Eli,Rasmussen,,450-986-4501,Watsonville,United States,84578,South Carolina,367 Entrada,1983-08-17,2328
crmid:6416163489,colder2021@yahoo.com,Vern,Mcgowan,,376-612-5033,Manassas,United States,39456,Pennsylvania,674 Reservoir,1986-07-28,1500
crmid:2259838826,sweatband2009@yandex.com,Lacy,Ferguson,,152-737-7429,Lenexa,United States,64829,Nebraska,161 Cottonwood,1982-11-12,572
crmid:2608738669,untinctured2064@outlook.com,Enrique,Black,,489-040-1200,Lynn,United States,37605,South Dakota,132 Tillman,1985-06-25,2684
crmid:1881330453,scope1804@gmail.com,Darrel,Petersen,,498-907-1880,Lufkin,United States,75811,Alabama,893 Letterman,1985-12-12,459
crmid:1498399169,dachshund2013@live.com,Nolan,Barker,male,568-070-1733,Ceres,United States,46085,Rhode Island,1346 Koret,1945-07-02,1876
crmid:9017113499,ditch1971@yandex.com,Magaret,O'brien,female,902-695-9930,Chandler,United States,76618,Michigan,172 Pinto,1946-12-20,822
crmid:9518033691,denice1935@outlook.com,Benton,Stanton,male,274-215-1411,Apache Junction,United States,05936,Rhode Island,342 Still,1933-01-28,2488
crmid:5394219882,nonblooming1981@outlook.com,Jae,Suarez,female,207-395-0430,Farmers Branch,United States,29587,Louisiana,1221 Cameron,1961-04-28,501
crmid:9524169840,jaborin2022@outlook.com,Roderick,Ramsey,,726-264-9127,Jefferson City,United States,22464,Alaska,428 Ingalls,1975-05-29,1767
crmid:2553397989,antre1853@yandex.com,Lavette,Bruce,female,919-222-2408,Fairview Heights,United States,72783,South Carolina,850 Clarke,1961-12-29,2198
crmid:5888442687,explorations1924@yandex.com,Shanelle,Tate,female,711-147-7213,Tacoma,United States,28328,Ohio,973 Fort Mason,1958-08-28,2056
crmid:4371444173,potsie1969@live.com,Delmar,Newton,,644-859-0035,Santa Ana,United States,38014,Michigan,1354 Vicente,1972-05-29,2226
crmid:1067557682,phoniatry2002@yahoo.com,Terry,Rivas,,446-951-3342,Oakland Park,United States,85225,Kentucky,812 Jarboe,1974-05-27,1989
crmid:6739790705,bannet1858@gmail.com,Morgan,Sears,male,307-906-9974,Anaheim,United States,99801,Massachusetts,118 Florence,1932-07-26,556
crmid:1901761275,abridged1984@yandex.com,Desmond,Haynes,male,362-876-5709,Alexandria,United States,93208,Arizona,1357 Hotaling,1931-03-13,1156
crmid:9641426337,cavalero1958@gmail.com,Angel,Velazquez,,730-307-2959,Morgan Hill,United States,12903,Washington,720 Candlewood,1993-04-02,440
crmid:5432448755,meteorology2049@yahoo.com,Leroy,Bentley,,947-026-7182,Weslaco,United States,54033,Pennsylvania,586 Soule,1998-08-01,400
crmid:1471895759,centrosome1994@yahoo.com,Charlie,Calderon,,547-695-0571,Liberty,United States,37163,Mississippi,983 Bliss,1982-05-04,494
crmid:4814339299,adorn1921@gmail.com,Bob,Farrell,male,887-916-5711,Bellaire,United States,07088,Rhode Island,747 Hawkins,1937-01-09,2729
crmid:7332059347,diccon1913@yandex.com,Fermin,Bass,,251-661-6762,Pasco,United States,63226,Iowa,456 Golden,1975-02-09,715
crmid:5371038993,seersucker1923@outlook.com,Freddie,Mckenzie,,296-962-3057,Schertz,United States,41327,Pennsylvania,493 Walker,1986-03-20,1731
crmid:9342524596,squirarchal2027@yahoo.com,Chester,Stafford,male,752-049-1726,Avon,United States,06147,Oklahoma,545 Otis,1935-02-28,2898
crmid:8291501111,cantalas1863@yandex.com,Levi,Mcmillan,,714-017-5873,Modesto,United States,73756,Wisconsin,924 Craut,1992-12-02,2738
crmid:9572726732,chrysops1902@outlook.com,Rolf,Sawyer,,058-227-0445,La Mirada,United States,47946,Illinois,45 Spears,1978-07-17,359
crmid:7785858248,polyphonist1907@outlook.com,Tomas,Rich,,557-461-8678,Hilton Head Island,United States,38772,California,1248 Warren,1972-06-19,2174
crmid:4986490112,colon1915@live.com,Sparkle,Lloyd,female,287-496-4268,Saratoga Springs,United States,19968,Iowa,838 Granada,1954-08-17,416
crmid:6804717643,blabber1918@yandex.com,Kenneth,Wilder,male,792-831-8188,Sammamish,United States,09272,Arizona,469 Arkansas,1933-06-30,2917
crmid:9849281341,paves1920@gmail.com,Joaquin,Petersen,,875-470-5837,Miami Lakes,United States,36306,Connecticut,1103 Jean,1990-06-02,563
crmid:1926805323,sebasic2009@outlook.com,Jayson,Hayden,,372-937-4709,McKinney,United States,23627,Minnesota,840 Pierpoint,1988-05-14,1796
crmid:9284905454,tabloids1815@yandex.com,Eleonore,Figueroa,female,884-677-4082,Strongsville,United States,16207,Rhode Island,987 Barcelona,1951-12-05,923
crmid:3342062845,fulgurous1999@live.com,Maxima,Zamora,female,435-439-6064,Easton,United States,97995,Missouri,991 Skyview,1957-12-12,690
crmid:2774762804,intralobar2067@yahoo.com,Ulrike,Holcomb,female,077-176-9362,Sunnyvale,United States,14603,North Dakota,1394 Church Parking Lot,1952-09-14,2826
crmid:7738123199,induviae2033@yandex.com,Jasper,Sandoval,male,301-107-1450,Berea,United States,87396,Rhode Island,253 Beach,1938-05-26,1334
crmid:1322509011,diallings1886@gmail.com,Jude,Levine,male,558-629-3674,Blaine,United States,30673,Delaware,1249 Wanda,1939-06-17,2628
crmid:8101353743,fox2024@gmail.com,Ernie,Reynolds,,704-696-9877,Lima,United States,77277,Connecticut,778 Riley,1982-12-17,443
crmid:6702591430,tafia2058@gmail.com,Courtney,Shepard,male,793-904-8057,Bellingham,United States,68456,Illinois,767 Frederick,1937-11-04,2187
crmid:3951475933,boaster1927@outlook.com,Dale,White,,326-740-0398,Helena,United States,74379,Oregon,511 India,1970-11-16,2261
crmid:4707291267,respirometric1900@live.com,Chong,Combs,male,253-989-8131,Antioch,United States,04136,Washington,1327 Mason,1933-02-06,1027
crmid:8934298374,paterero1819@outlook.com,Justin,Mercer,,327-178-8835,Waltham,United States,34036,West Virginia,582 Battery,1974-08-21,2267
crmid:6061019060,cushing2018@yandex.com,Meg,Booth,female,923-430-5230,Tampa,United States,10381,West Virginia,125 Lenox,1952-06-03,1312
crmid:5140473389,lucidity2027@yahoo.com,Scott,Blanchard,,219-301-0133,Inglewood,United States,65534,Kansas,369 Corona,1974-12-13,391
crmid:5086315921,disadventure1858@gmail.com,Fritz,Kirkland,,739-310-8922,South Plainfield,United States,92746,New York,924 Brook,1975-05-27,1279
crmid:4464095317,piffles1879@outlook.com,Marin,Graves,female,531-893-0678,Coconut Creek,United States,38759,Georgia,1184 Hillview,1949-06-12,1786
crmid:3946059310,kilts1865@live.com,Antone,Fox,male,701-016-1685,Bismarck,United States,04656,South Carolina,1290 Crissy Field,1939-01-10,1808
crmid:4141437395,ferret1806@gmail.com,Dennis,Guy,,193-880-4707,Sayreville,United States,33187,New York,227 Daggett,1976-01-11,1492
crmid:7086421636,alist1878@yahoo.com,Edgar,Cole,male,800-031-6354,Carlsbad,United States,71311,Connecticut,47 Avenue Of The Palms,1944-12-20,2774
crmid:8814903293,anathemas2058@live.com,Ismael,Burris,,143-332-9493,Lorain,United States,38235,Colorado,555 Elizabeth,1984-06-15,2882
crmid:3457337092,esmond1903@outlook.com,Carol,Graves,,298-089-6552,Lynbrook,United States,34062,Kentucky,25 Hopkins,1985-06-22,1239
crmid:4391229690,clowder2063@outlook.com,Otha,Delgado,,766-994-4156,Fort Myers,United States,71747,Delaware,1027 Thrift,1963-12-11,2694
crmid:6724136022,dreyfuss1965@outlook.com,Danilo,Golden,,076-480-3714,Westland,United States,89356,Tennessee,487 Cross,1980-12-18,1038
crmid:9304510810,oenin2014@live.com,Dwight,George,male,648-167-5184,Blythe,United States,63695,Vermont,1267 Pratt,1940-11-06,644
crmid:9838084450,bottleman2059@live.com,Dion,Zamora,male,938-430-5223,Riverton,United States,16617,Nevada,1140 Sycamore,1943-10-22,2548
crmid:4379394560,deckie1896@live.com,Shelby,Finch,male,429-995-2708,Boston,United States,69261,Nebraska,571 Montezuma,1940-12-27,1307
crmid:6709182742,couma2057@yahoo.com,Ariel,Stone,,656-947-7121,Kinston,United States,41035,Texas,1088 Upland,1978-08-07,1604
