id,crmid,propensity_room_upgrade,propensity_extended_nights
e149c1b4-53c8-11ea-91cf-b88a60e194fb,crmid:8346075925,4,5
e14aac0c-53c8-11ea-90e6-b88a60e194fb,crmid:2981761986,4,3
e14b4850-53c8-11ea-838a-b88a60e194fb,crmid:8099756800,3,3
e14c5b2f-53c8-11ea-a4aa-b88a60e194fb,crmid:6448973192,4,5
e14d4592-53c8-11ea-9cdc-b88a60e194fb,crmid:3725548735,3,5
e14e2fb8-53c8-11ea-be24-b88a60e194fb,crmid:2403998051,3,4
e14ef1d4-53c8-11ea-a2f5-b88a60e194fb,crmid:6739575042,3,9
e14f8e0c-53c8-11ea-8a83-b88a60e194fb,crmid:4263318817,4,6
e150787e-53c8-11ea-8788-b88a60e194fb,crmid:8889926105,4,5
e1513b82-53c8-11ea-ae93-b88a60e194fb,crmid:3904388730,5,4
e152003e-53c8-11ea-8927-b88a60e194fb,crmid:7291155575,4,6
e152c394-53c8-11ea-93e6-b88a60e194fb,crmid:5175190639,5,4
e15386ca-53c8-11ea-b026-b88a60e194fb,crmid:1976867582,4,5
e154703a-53c8-11ea-b6c8-b88a60e194fb,crmid:3566876989,3,6
e1553492-53c8-11ea-8da0-b88a60e194fb,crmid:8590394673,3,3
e155f79c-53c8-11ea-be3a-b88a60e194fb,crmid:3059603179,5,9
e157082c-53c8-11ea-9de5-b88a60e194fb,crmid:5578493495,3,4
e157cc9e-53c8-11ea-ba7b-b88a60e194fb,crmid:9179396623,3,5
e15868cc-53c8-11ea-aef8-b88a60e194fb,crmid:7837360171,7,4
e1592c40-53c8-11ea-a86c-b88a60e194fb,crmid:8017217290,5,4
e159c86e-53c8-11ea-a9ca-b88a60e194fb,crmid:8174265355,3,5
e15a8be6-53c8-11ea-9196-b88a60e194fb,crmid:5566864638,3,7
e15b7648-53c8-11ea-a329-b88a60e194fb,crmid:4917940768,4,5
e15c125c-53c8-11ea-b8f0-b88a60e194fb,crmid:8968945848,3,8
e15d23ca-53c8-11ea-80a0-b88a60e194fb,crmid:6208271461,4,3
e15dc012-53c8-11ea-91c2-b88a60e194fb,crmid:2774062175,4,3
e15e5c34-53c8-11ea-a13d-b88a60e194fb,crmid:8349647550,4,4
e15f1fa6-53c8-11ea-a75a-b88a60e194fb,crmid:2704956261,5,4
e16009e4-53c8-11ea-84bc-b88a60e194fb,crmid:8964715113,4,4
e160cc1c-53c8-11ea-ac2f-b88a60e194fb,crmid:9320326941,9,5
e1618f70-53c8-11ea-a822-b88a60e194fb,crmid:4870848415,4,5
e16252d4-53c8-11ea-a569-b88a60e194fb,crmid:1798487285,4,4
e16316ac-53c8-11ea-a732-b88a60e194fb,crmid:3191860648,3,3
e164005e-53c8-11ea-b1d8-b88a60e194fb,crmid:7846888318,4,4
e16538e8-53c8-11ea-a9c9-b88a60e194fb,crmid:6801655058,4,8
e1667164-53c8-11ea-a8c5-b88a60e194fb,crmid:7802071930,3,4
e1684698-53c8-11ea-84fd-b88a60e194fb,crmid:8849842676,3,6
e169a6e8-53c8-11ea-8dc0-b88a60e194fb,crmid:3777782660,8,4
e16a6a36-53c8-11ea-99dd-b88a60e194fb,crmid:1200740370,6,4
e16b0682-53c8-11ea-a672-b88a60e194fb,crmid:4926755818,5,4
e16bca00-53c8-11ea-9ac2-b88a60e194fb,crmid:5393757166,1,9
e16c8d22-53c8-11ea-bfc0-b88a60e194fb,crmid:1062528152,4,5
e16d2968-53c8-11ea-8aed-b88a60e194fb,crmid:7593276102,10,5
e16deca8-53c8-11ea-bfd8-b88a60e194fb,crmid:4671144977,9,3
e16eb038-53c8-11ea-bd72-b88a60e194fb,crmid:4644464302,2,5
e16f9a66-53c8-11ea-a820-b88a60e194fb,crmid:2399300221,3,3
e1705db4-53c8-11ea-be24-b88a60e194fb,crmid:7781878266,3,4
e1712114-53c8-11ea-bbd6-b88a60e194fb,crmid:9535853606,3,3
e171e438-53c8-11ea-9ea5-b88a60e194fb,crmid:4635691158,4,9
e172805e-53c8-11ea-ae58-b88a60e194fb,crmid:5564570918,5,5
e17343a4-53c8-11ea-8295-b88a60e194fb,crmid:8427649236,4,3
e174073a-53c8-11ea-aef9-b88a60e194fb,crmid:4329358729,3,4
e174c934-53c8-11ea-8669-b88a60e194fb,crmid:3682333622,4,4
e17566b4-53c8-11ea-916f-b88a60e194fb,crmid:8265925429,5,5
e1762a0c-53c8-11ea-a05b-b88a60e194fb,crmid:1979187279,4,5
e17714d4-53c8-11ea-95d3-b88a60e194fb,crmid:6200043021,4,3
e177d78a-53c8-11ea-b8c2-b88a60e194fb,crmid:4002771833,4,2
e1789ad2-53c8-11ea-9eee-b88a60e194fb,crmid:9612950312,4,5
e1795e2e-53c8-11ea-a9c1-b88a60e194fb,crmid:7470010366,10,5
e179fa9e-53c8-11ea-abcc-b88a60e194fb,crmid:4348315563,4,4
e17abdf6-53c8-11ea-9ca1-b88a60e194fb,crmid:3529852041,6,5
e17b8136-53c8-11ea-b000-b88a60e194fb,crmid:9911677320,4,5
e17c1d7a-53c8-11ea-a7f1-b88a60e194fb,crmid:9352642264,5,4
e17ce0de-53c8-11ea-a6ba-b88a60e194fb,crmid:9673345970,4,5
e17dcb70-53c8-11ea-91e2-b88a60e194fb,crmid:9170439140,4,5
e17e8e82-53c8-11ea-8ce3-b88a60e194fb,crmid:8430646662,4,2
e17f78f8-53c8-11ea-a781-b88a60e194fb,crmid:4192867181,4,4
e1803c3a-53c8-11ea-a187-b88a60e194fb,crmid:2305652695,4,4
e180d838-53c8-11ea-86ad-b88a60e194fb,crmid:9960415601,6,4
e181c2d0-53c8-11ea-89da-b88a60e194fb,crmid:3529265784,4,5
e1828622-53c8-11ea-ad6a-b88a60e194fb,crmid:7694588368,8,4
e1832264-53c8-11ea-8b67-b88a60e194fb,crmid:3875427099,5,2
e183e5ae-53c8-11ea-b270-b88a60e194fb,crmid:6266198214,7,5
e18481f0-53c8-11ea-9512-b88a60e194fb,crmid:2797286341,2,3
e185458a-53c8-11ea-9f60-b88a60e194fb,crmid:3845464218,7,5
e186096e-53c8-11ea-8221-b88a60e194fb,crmid:8687929774,3,3
e186f2f6-53c8-11ea-bcc9-b88a60e194fb,crmid:1222819605,4,5
e187dd62-53c8-11ea-86b0-b88a60e194fb,crmid:5168441731,4,3
e1887992-53c8-11ea-ba4b-b88a60e194fb,crmid:6690398468,4,3
e1893cd8-53c8-11ea-8a2b-b88a60e194fb,crmid:6964624434,3,4
e189d926-53c8-11ea-af75-b88a60e194fb,crmid:7741111613,3,8
e18a9c88-53c8-11ea-a9cf-b88a60e194fb,crmid:4426043815,5,5
e18b5fb6-53c8-11ea-90a3-b88a60e194fb,crmid:2024697443,7,8
e18c2318-53c8-11ea-84d9-b88a60e194fb,crmid:1419855223,4,4
e18ce662-53c8-11ea-b758-b88a60e194fb,crmid:1621836856,5,5
e18d82a6-53c8-11ea-bacc-b88a60e194fb,crmid:7703577290,4,6
e18e45f4-53c8-11ea-945e-b88a60e194fb,crmid:6182151937,4,4
e191a046-53c8-11ea-abcb-b88a60e194fb,crmid:6060488203,8,6
e19264a2-53c8-11ea-b9ae-b88a60e194fb,crmid:5803586869,5,2
e19300ca-53c8-11ea-828a-b88a60e194fb,crmid:9786267844,5,7
e193e9fa-53c8-11ea-94b5-b88a60e194fb,crmid:5777925058,2,4
e194fb7e-53c8-11ea-aa08-b88a60e194fb,crmid:9885253206,4,4
e19598fa-53c8-11ea-a9af-b88a60e194fb,crmid:1863446425,7,4
e1965c48-53c8-11ea-bd6a-b88a60e194fb,crmid:9759333531,6,4
e196f880-53c8-11ea-9218-b88a60e194fb,crmid:3532082222,5,3
e197bbd0-53c8-11ea-a850-b88a60e194fb,crmid:6654062244,4,7
e198cd3e-53c8-11ea-9124-b88a60e194fb,crmid:9109263930,3,4
e199deb4-53c8-11ea-af12-b88a60e194fb,crmid:5246097638,3,3
e19a7afa-53c8-11ea-9940-b88a60e194fb,crmid:3971701123,3,3
e19b3e42-53c8-11ea-afa0-b88a60e194fb,crmid:4953840356,3,5
e19bda82-53c8-11ea-a663-b88a60e194fb,crmid:9328809912,5,2
e19c9dd0-53c8-11ea-ba64-b88a60e194fb,crmid:8265714240,4,9
e19d3a14-53c8-11ea-98e3-b88a60e194fb,crmid:9475490051,4,5
e19e2491-53c8-11ea-a151-b88a60e194fb,crmid:1345321862,3,4
e19ee7ec-53c8-11ea-bee4-b88a60e194fb,crmid:8079820809,7,4
e19f841a-53c8-11ea-a3bf-b88a60e194fb,crmid:9092201163,4,3
e1a04762-53c8-11ea-8f4a-b88a60e194fb,crmid:5877423650,7,6
e1a131b4-53c8-11ea-8ec6-b88a60e194fb,crmid:3680470964,3,5
e1a21c18-53c8-11ea-9a61-b88a60e194fb,crmid:3142248635,4,5
e1a3068a-53c8-11ea-9f29-b88a60e194fb,crmid:1245759948,8,4
e1a3a2ae-53c8-11ea-b508-b88a60e194fb,crmid:3226355974,3,5
e1a48cb4-53c8-11ea-bf4c-b88a60e194fb,crmid:8153637444,5,4
e1a5505c-53c8-11ea-b888-b88a60e194fb,crmid:9759415144,3,5
e1a5eca6-53c8-11ea-be54-b88a60e194fb,crmid:8470953428,5,5
e1a6aff4-53c8-11ea-9927-b88a60e194fb,crmid:4900004271,6,5
e1a7733e-53c8-11ea-bd10-b88a60e194fb,crmid:3157850640,5,5
e1a83548-53c8-11ea-8aff-b88a60e194fb,crmid:8173629257,4,3
e1a8f9c2-53c8-11ea-885a-b88a60e194fb,crmid:9290405506,4,4
e1aa3270-53c8-11ea-80bc-b88a60e194fb,crmid:6276801918,4,5
e1aace9a-53c8-11ea-9002-b88a60e194fb,crmid:4608747807,5,10
e1ab91e8-53c8-11ea-bfbd-b88a60e194fb,crmid:6305984061,2,5
e1ac5540-53c8-11ea-a844-b88a60e194fb,crmid:9482557136,6,6
e1ad3fa4-53c8-11ea-8d4f-b88a60e194fb,crmid:1666253062,9,3
e1addbdc-53c8-11ea-98b0-b88a60e194fb,crmid:3203138740,5,3
e1ae9f42-53c8-11ea-b6db-b88a60e194fb,crmid:9766684832,4,6
e1af6280-53c8-11ea-b337-b88a60e194fb,crmid:4288864272,2,4
e1b025d8-53c8-11ea-87dd-b88a60e194fb,crmid:6503212295,5,5
e1b0e91a-53c8-11ea-96e6-b88a60e194fb,crmid:5069392046,2,8
e1b1ac8a-53c8-11ea-b63e-b88a60e194fb,crmid:3414141981,10,4
e1b2958a-53c8-11ea-9e66-b88a60e194fb,crmid:8686657076,8,5
e1b35a36-53c8-11ea-b061-b88a60e194fb,crmid:3361442486,4,4
e1b41d8c-53c8-11ea-bfdf-b88a60e194fb,crmid:1647416039,3,7
e1b4e0f0-53c8-11ea-83a2-b88a60e194fb,crmid:4623759765,4,3
e1b57d14-53c8-11ea-b3c2-b88a60e194fb,crmid:8246121510,3,4
e1b6675a-53c8-11ea-82c1-b88a60e194fb,crmid:6956728359,4,3
e1b7039a-53c8-11ea-8daa-b88a60e194fb,crmid:4164175723,4,4
e1b7ee1a-53c8-11ea-8e0f-b88a60e194fb,crmid:4726021690,5,4
e1b88a3e-53c8-11ea-9118-b88a60e194fb,crmid:3939805706,5,4
e1b94d9c-53c8-11ea-a244-b88a60e194fb,crmid:9645734461,5,5
e1ba37ee-53c8-11ea-86fe-b88a60e194fb,crmid:2617899563,2,2
e1bb218a-53c8-11ea-9003-b88a60e194fb,crmid:4503477364,5,3
e1bbe5ca-53c8-11ea-9996-b88a60e194fb,crmid:4785911834,5,3
e1bca8fe-53c8-11ea-aded-b88a60e194fb,crmid:1278117023,3,3
e1bd6b0a-53c8-11ea-9426-b88a60e194fb,crmid:9359261638,8,4
e1be074c-53c8-11ea-8847-b88a60e194fb,crmid:2964123013,3,2
e1beca9c-53c8-11ea-84d8-b88a60e194fb,crmid:6618447585,5,8
e1bfb500-53c8-11ea-ac01-b88a60e194fb,crmid:9839896730,4,2
e1c0784c-53c8-11ea-9406-b88a60e194fb,crmid:5596391564,8,6
e1c13ba4-53c8-11ea-b550-b88a60e194fb,crmid:1276853326,4,4
e1c1feec-53c8-11ea-b662-b88a60e194fb,crmid:8660186863,4,2
e1c31074-53c8-11ea-99f9-b88a60e194fb,crmid:1737294236,3,4
e1c3ac9e-53c8-11ea-96bf-b88a60e194fb,crmid:9048882787,3,3
e1c46fe8-53c8-11ea-b1ed-b88a60e194fb,crmid:8089102262,4,3
e1c5333a-53c8-11ea-a315-b88a60e194fb,crmid:6933205455,6,4
e1c5f68a-53c8-11ea-a9bf-b88a60e194fb,crmid:9376695454,3,4
e1c6b9e8-53c8-11ea-a6da-b88a60e194fb,crmid:3028279027,3,4
e1c7a588-53c8-11ea-933a-b88a60e194fb,crmid:3258023789,2,4
e1c868e6-53c8-11ea-afaa-b88a60e194fb,crmid:5366335416,8,5
e1c90512-53c8-11ea-931f-b88a60e194fb,crmid:4641576861,3,7
e1c9c84a-53c8-11ea-bafc-b88a60e194fb,crmid:4391674828,6,1
e1cad9c0-53c8-11ea-93d5-b88a60e194fb,crmid:9351223063,3,4
e1cb7614-53c8-11ea-8543-b88a60e194fb,crmid:7721026235,6,2
e1cc3938-53c8-11ea-902d-b88a60e194fb,crmid:4618150965,4,4
e1ccfcd2-53c8-11ea-951c-b88a60e194fb,crmid:6333396186,3,2
e1cdbea6-53c8-11ea-acb4-b88a60e194fb,crmid:1886876837,8,4
e1ce8340-53c8-11ea-99b8-b88a60e194fb,crmid:6976580423,4,3
e1cf4688-53c8-11ea-97bd-b88a60e194fb,crmid:9790251639,4,1
e1d0a534-53c8-11ea-89d3-b88a60e194fb,crmid:1725778229,5,5
e1d1dd58-53c8-11ea-aedc-b88a60e194fb,crmid:4155247836,4,2
e1d2c91a-53c8-11ea-acf6-b88a60e194fb,crmid:7007295553,3,3
e1d3654c-53c8-11ea-b01d-b88a60e194fb,crmid:1541762538,4,7
e1d476e4-53c8-11ea-a8a4-b88a60e194fb,crmid:8391096965,5,5
e1d51302-53c8-11ea-a450-b88a60e194fb,crmid:2353307676,3,5
e1d5d648-53c8-11ea-ba07-b88a60e194fb,crmid:6087139679,5,8
e1d6998c-53c8-11ea-a11c-b88a60e194fb,crmid:2763009055,6,5
e1d75d0a-53c8-11ea-9662-b88a60e194fb,crmid:7171091448,4,5
e1d8203a-53c8-11ea-847b-b88a60e194fb,crmid:6666973557,5,6
e1d8e208-53c8-11ea-a83c-b88a60e194fb,crmid:6082548149,6,3
e1d9a566-53c8-11ea-8fbb-b88a60e194fb,crmid:8000508974,6,4
e1da8ffa-53c8-11ea-8357-b88a60e194fb,crmid:3071970590,3,4
e1db5482-53c8-11ea-baa8-b88a60e194fb,crmid:9772417431,4,5
e1dc65f4-53c8-11ea-b5d8-b88a60e194fb,crmid:7210814164,4,9
e1dd2948-53c8-11ea-b83c-b88a60e194fb,crmid:6840276310,5,4
e1ddc454-53c8-11ea-b05e-b88a60e194fb,crmid:5329130370,0,9
e1deafc0-53c8-11ea-9cb9-b88a60e194fb,crmid:8010192027,4,8
e1df4c1e-53c8-11ea-8653-b88a60e194fb,crmid:5753943676,4,3
e1e00f3a-53c8-11ea-8afe-b88a60e194fb,crmid:1371101264,4,4
e1e0d2b4-53c8-11ea-88b0-b88a60e194fb,crmid:1803666188,4,3
e1e16f18-53c8-11ea-8b89-b88a60e194fb,crmid:6936050563,3,4
e1e23236-53c8-11ea-b27d-b88a60e194fb,crmid:7667829425,8,4
e1e2ce8c-53c8-11ea-9602-b88a60e194fb,crmid:3422037764,3,5
e1e3b8f6-53c8-11ea-85a6-b88a60e194fb,crmid:8923132545,5,3
e1e4a368-53c8-11ea-84c0-b88a60e194fb,crmid:7845650596,3,5
e1e58dae-53c8-11ea-801e-b88a60e194fb,crmid:8903909229,4,3
e1e65124-53c8-11ea-a466-b88a60e194fb,crmid:6845650050,5,4
e1e6ed4a-53c8-11ea-a04d-b88a60e194fb,crmid:1426153091,3,3
e1e7b094-53c8-11ea-b464-b88a60e194fb,crmid:8667058439,4,3
e1e873ca-53c8-11ea-9e2a-b88a60e194fb,crmid:3526410751,4,6
e1e91024-53c8-11ea-9cc1-b88a60e194fb,crmid:5968505521,4,7
e1e9d388-53c8-11ea-a867-b88a60e194fb,crmid:8858909256,4,5
