id,crmid,propensity_room_upgrade,propensity_extended_nights
orderid:704363,crmid:9624194758,4,4
orderid:996717,crmid:5641969253,4,4
orderid:828600,crmid:1308401215,4,6
orderid:757340,crmid:2450224808,5,3
orderid:575310,crmid:6742844587,3,4
orderid:440680,crmid:4964222106,3,5
orderid:371688,crmid:8544866190,8,5
orderid:415744,crmid:8247206191,5,2
orderid:383230,crmid:3033496143,3,4
orderid:513512,crmid:8487936033,6,4
orderid:216849,crmid:1604963380,7,3
orderid:872353,crmid:7807858959,5,4
orderid:854098,crmid:1936714787,3,2
orderid:771817,crmid:1297023070,4,5
orderid:543257,crmid:5582848462,3,5
orderid:674026,crmid:3132024983,6,3
orderid:354099,crmid:4777495323,4,6
orderid:242830,crmid:1028012912,3,6
orderid:497873,crmid:1292337935,5,2
orderid:693563,crmid:1486555874,9,2
orderid:683287,crmid:5745795252,3,5
orderid:328130,crmid:2685159315,8,3
orderid:263537,crmid:4286153854,6,5
orderid:990683,crmid:5182210440,4,2
orderid:753108,crmid:6407345095,4,3
orderid:500829,crmid:7564765389,6,2
orderid:712019,crmid:7899593910,3,4
orderid:516839,crmid:1357467290,4,3
orderid:486955,crmid:6865047585,6,5
orderid:789495,crmid:3057792176,4,5
orderid:865279,crmid:2047768359,4,4
orderid:315783,crmid:7144835449,4,4
orderid:871052,crmid:7177395322,4,9
orderid:692803,crmid:9848867478,4,4
orderid:517254,crmid:1152759413,5,3
orderid:515611,crmid:4196133909,8,3
orderid:445803,crmid:1605740139,3,4
orderid:158072,crmid:6718572742,8,5
orderid:151210,crmid:8504148940,4,3
orderid:663954,crmid:6194279839,5,4
orderid:826979,crmid:9992509251,3,3
orderid:307055,crmid:8407331033,5,3
orderid:403377,crmid:5613389628,5,7
orderid:357701,crmid:5040324378,5,5
orderid:595477,crmid:2828872872,3,4
orderid:595071,crmid:1050904931,4,4
orderid:899026,crmid:7944010377,3,4
orderid:460107,crmid:2033050822,3,4
orderid:564031,crmid:6971315012,10,2
orderid:358136,crmid:4712284125,4,5
orderid:883265,crmid:5609727035,5,3
orderid:293508,crmid:9558514708,4,9
orderid:264650,crmid:6188856224,4,5
orderid:335781,crmid:3988897134,4,4
orderid:742136,crmid:2382956007,4,5
orderid:852897,crmid:7827128608,4,5
orderid:737805,crmid:5271012854,9,3
orderid:109602,crmid:9768000094,4,5
orderid:160399,crmid:6313164019,5,4
orderid:901097,crmid:7106063909,3,3
orderid:886106,crmid:6762015863,5,3
orderid:757233,crmid:9401725344,3,4
orderid:193025,crmid:5507575985,8,2
orderid:446119,crmid:8066894938,4,3
orderid:871683,crmid:5054147537,5,5
orderid:806397,crmid:8329262773,5,3
orderid:339399,crmid:2052030479,5,3
orderid:678652,crmid:7069439612,4,5
orderid:714937,crmid:7162172629,6,3
orderid:892228,crmid:7232759930,6,3
orderid:865649,crmid:5239612903,7,5
orderid:400681,crmid:6291513386,3,3
orderid:654123,crmid:9327430205,3,4
orderid:410129,crmid:3098586105,4,5
orderid:941384,crmid:4131617216,4,5
orderid:469993,crmid:5615292873,4,4
orderid:873110,crmid:5707243207,4,8
orderid:146332,crmid:2918350200,6,4
orderid:773844,crmid:8603769082,3,4
orderid:866573,crmid:1387914869,3,3
orderid:554177,crmid:5342863718,2,10
orderid:795749,crmid:7932800634,2,5
orderid:116761,crmid:6545158686,4,3
orderid:528657,crmid:3234997096,3,3
orderid:578886,crmid:7868469908,4,3
orderid:757833,crmid:7585980245,5,2
orderid:252985,crmid:9839036149,6,4
orderid:458988,crmid:9206968224,4,4
orderid:606266,crmid:6504797251,9,3
orderid:129445,crmid:6908587603,5,4
orderid:199452,crmid:7655922672,8,6
orderid:365043,crmid:1760974819,2,4
orderid:494511,crmid:1405932621,6,9
orderid:750309,crmid:1772411883,5,4
orderid:788057,crmid:1476225285,5,5
orderid:438825,crmid:7835133495,7,4
orderid:460792,crmid:6985738703,8,5
orderid:107294,crmid:6453133810,9,4
orderid:935621,crmid:5869448031,4,5
orderid:621810,crmid:6995823300,4,9
