crmid,city,country,zip,state,street address
crmid:2514757846,Rockville,United States,87862,Arizona,1078 Fairfax
crmid:2514757846,Cedar Rapids,United States,71567,Virginia,143 Trumbull
crmid:2514757846,Collinsville,United States,13636,Arkansas,757 Cranleigh
crmid:2514757846,Niagara Falls,United States,77513,Arkansas,1189 Hunt
crmid:2514757846,Sachse,United States,09984,Virginia,941 Cedar
crmid:2514757846,Plymouth,United States,56935,South Dakota,1285 Ship
crmid:2514757846,Hoboken,United States,38327,California,273 Massachusetts
crmid:2514757846,Reading,United States,46344,Utah,1355 Loyola
crmid:2514757846,Richland,United States,27837,Maine,443 Beatrice
crmid:2514757846,Murrieta,United States,33570,Pennsylvania,95 Arbol
crmid:2514757846,Statesboro,United States,22072,Oregon,179 Milton I Ross
crmid:2514757846,Donna,United States,87383,Alaska,923 Codman
crmid:2514757846,Dover,United States,59681,New Mexico,64 Hutchins
crmid:2514757846,San Clemente,United States,28506,Washington,1238 Rosenkranz
crmid:2514757846,Spring Hill,United States,49403,Connecticut,643 Teresita
crmid:2514757846,Panama City,United States,51510,Alabama,580 Rousseau
crmid:2514757846,Peabody,United States,13691,Illinois,1304 Capitol
crmid:2514757846,Fairfield,United States,28649,South Dakota,1011 Warner
crmid:2514757846,Hermosa Beach,United States,90916,Michigan,660 Nueva
crmid:2514757846,Hanover Park,United States,75314,Kentucky,771 Battery Crosby
crmid:2514757846,Rialto,United States,59189,Nebraska,164 Sibert
crmid:2514757846,Lynbrook,United States,74528,Connecticut,28 Candyland
crmid:2514757846,La Crosse,United States,39796,Massachusetts,23 Hemdale
crmid:2514757846,Rohnert Park,United States,74368,Rhode Island,912 Hoffman
crmid:2514757846,Moline,United States,41447,New Jersey,596 Minnesota
