id,crmid,propensity_account_upgrade,propensity_premium
b77712da-7a33-11ea-a316-b88a60e194fb,crmid:4429982108,3,7
b779a9a3-7a33-11ea-ab61-b88a60e194fb,crmid:4429982108,4,4
b77ba57b-7a33-11ea-991a-b88a60e194fb,crmid:4429982108,4,1
b77e647c-7a33-11ea-a7f3-b88a60e194fb,crmid:4429982108,6,7
b77feb23-7a33-11ea-92ca-b88a60e194fb,crmid:4429982108,8,3
b7814c1b-7a33-11ea-a2d7-b88a60e194fb,crmid:4429982108,4,8
b782d2c7-7a33-11ea-827b-b88a60e194fb,crmid:4429982108,7,8
b7847efb-7a33-11ea-87e9-b88a60e194fb,crmid:4429982108,8,3
b785df9b-7a33-11ea-80cd-b88a60e194fb,crmid:4429982108,1,7
b7882895-7a33-11ea-9d0f-b88a60e194fb,crmid:4429982108,2,4
b789fe40-7a33-11ea-91dc-b88a60e194fb,crmid:4429982108,4,3
b78b5cc3-7a33-11ea-a7f9-b88a60e194fb,crmid:4429982108,3,2
b78d0b15-7a33-11ea-953d-b88a60e194fb,crmid:4429982108,5,7
b78e6b2e-7a33-11ea-83b6-b88a60e194fb,crmid:4429982108,9,7
b78f7ba5-7a33-11ea-9df1-b88a60e194fb,crmid:4429982108,6,6
b790b427-7a33-11ea-8493-b88a60e194fb,crmid:4429982108,2,7
b791c58d-7a33-11ea-84ee-b88a60e194fb,crmid:4429982108,5,5
b7932526-7a33-11ea-9180-b88a60e194fb,crmid:4429982108,5,8
b794368f-7a33-11ea-844b-b88a60e194fb,crmid:4429982108,6,3
b7959624-7a33-11ea-b4e9-b88a60e194fb,crmid:4429982108,2,2
b796a78b-7a33-11ea-b5ce-b88a60e194fb,crmid:4429982108,6,8
b7985541-7a33-11ea-91b3-b88a60e194fb,crmid:4429982108,2,8
b79a02c8-7a33-11ea-bd44-b88a60e194fb,crmid:4429982108,6,8
b79bd7a7-7a33-11ea-93fe-b88a60e194fb,crmid:4429982108,4,2
b79dad40-7a33-11ea-bf9e-b88a60e194fb,crmid:4429982108,1,8
b79f0bda-7a33-11ea-ad2d-b88a60e194fb,crmid:4429982108,4,7
b7a06b4f-7a33-11ea-842a-b88a60e194fb,crmid:4429982108,7,7
b7a1f1e9-7a33-11ea-b9bb-b88a60e194fb,crmid:4429982108,1,7
b7a3a0b5-7a33-11ea-ac11-b88a60e194fb,crmid:4429982108,9,9
b7a59c79-7a33-11ea-bb15-b88a60e194fb,crmid:4429982108,1,1
b7a6fc07-7a33-11ea-96fc-b88a60e194fb,crmid:4429982108,2,8
b7a85b8f-7a33-11ea-ad6d-b88a60e194fb,crmid:4429982108,4,6
b7aa30af-7a33-11ea-86da-b88a60e194fb,crmid:4429982108,4,3
b7ac055f-7a33-11ea-87a7-b88a60e194fb,crmid:4429982108,2,9
b7ad64f8-7a33-11ea-918b-b88a60e194fb,crmid:4429982108,3,8
b7af1249-7a33-11ea-a295-b88a60e194fb,crmid:4429982108,6,2
b7b071dd-7a33-11ea-96e6-b88a60e194fb,crmid:4429982108,3,8
b7b2468e-7a33-11ea-a23b-b88a60e194fb,crmid:4429982108,4,5
b7b41b3d-7a33-11ea-ba38-b88a60e194fb,crmid:4429982108,3,7
b7b5c8d8-7a33-11ea-8784-b88a60e194fb,crmid:4429982108,2,7
b7b7288b-7a33-11ea-8948-b88a60e194fb,crmid:4429982108,8,5
b7b94a5f-7a33-11ea-8dea-b88a60e194fb,crmid:4429982108,2,2
b7ba5bde-7a33-11ea-8e59-b88a60e194fb,crmid:4429982108,7,7
b7bc0b60-7a33-11ea-998f-b88a60e194fb,crmid:4429982108,2,2
b7bddf71-7a33-11ea-a5c8-b88a60e194fb,crmid:4429982108,4,8
b7bfb2f7-7a33-11ea-9ed2-b88a60e194fb,crmid:4429982108,9,7
b7c1d5f5-7a33-11ea-bc21-b88a60e194fb,crmid:4429982108,6,2
b7c384ea-7a33-11ea-9c25-b88a60e194fb,crmid:4429982108,9,7
b7c532d3-7a33-11ea-bb3d-b88a60e194fb,crmid:4429982108,1,7
b7c6443c-7a33-11ea-894d-b88a60e194fb,crmid:4429982108,2,1
b7c77b8d-7a33-11ea-b655-b88a60e194fb,crmid:4429982108,4,9
b7c8b50a-7a33-11ea-8364-b88a60e194fb,crmid:4429982108,6,3
b7ca135f-7a33-11ea-af66-b88a60e194fb,crmid:4429982108,5,2
b7cbe8bf-7a33-11ea-9a98-b88a60e194fb,crmid:4429982108,6,9
b7cd6f80-7a33-11ea-892f-b88a60e194fb,crmid:4429982108,6,5
b7cef616-7a33-11ea-a606-b88a60e194fb,crmid:4429982108,1,3
b7d07bef-7a33-11ea-bb4c-b88a60e194fb,crmid:4429982108,1,4
b7d22ad4-7a33-11ea-8c53-b88a60e194fb,crmid:4429982108,2,4
b7d3d868-7a33-11ea-895d-b88a60e194fb,crmid:4429982108,2,7
b7d53826-7a33-11ea-bc52-b88a60e194fb,crmid:4429982108,3,8
b7d69677-7a33-11ea-bca1-b88a60e194fb,crmid:4429982108,4,5
b7d893ad-7a33-11ea-94ed-b88a60e194fb,crmid:4429982108,2,6
b7da3fc3-7a33-11ea-b00f-b88a60e194fb,crmid:4429982108,3,7
b7dba0a3-7a33-11ea-8d3c-b88a60e194fb,crmid:4429982108,3,4
b7dd751d-7a33-11ea-a2c5-b88a60e194fb,crmid:4429982108,5,8
b7df721f-7a33-11ea-a81f-b88a60e194fb,crmid:4429982108,5,6
b7e0f714-7a33-11ea-866c-b88a60e194fb,crmid:4429982108,1,8
b7e2f3a2-7a33-11ea-9af2-b88a60e194fb,crmid:4429982108,6,7
b7e4a11b-7a33-11ea-ad14-b88a60e194fb,crmid:4429982108,2,7
b7e674ae-7a33-11ea-9203-b88a60e194fb,crmid:4429982108,9,8
b7e7d53e-7a33-11ea-b4e9-b88a60e194fb,crmid:4429982108,9,7
b7e934e5-7a33-11ea-9bd1-b88a60e194fb,crmid:4429982108,9,9
b7eae27d-7a33-11ea-bd6e-b88a60e194fb,crmid:4429982108,3,7
b7ec6929-7a33-11ea-aab8-b88a60e194fb,crmid:4429982108,3,5
b7ee3e31-7a33-11ea-9a05-b88a60e194fb,crmid:4429982108,8,7
b7ef9d59-7a33-11ea-b9e2-b88a60e194fb,crmid:4429982108,2,7
b7f3bc68-7a33-11ea-ac5a-b88a60e194fb,crmid:4429982108,6,4
b7f51bf1-7a33-11ea-89c6-b88a60e194fb,crmid:4429982108,6,2
b7f67bc3-7a33-11ea-a333-b88a60e194fb,crmid:4429982108,9,7
b7f7d9ef-7a33-11ea-ba0d-b88a60e194fb,crmid:4429982108,5,3
b7f9d59f-7a33-11ea-990b-b88a60e194fb,crmid:4429982108,1,7
b7fbf8a5-7a33-11ea-b8fd-b88a60e194fb,crmid:4429982108,2,2
b7fd7ef7-7a33-11ea-bdca-b88a60e194fb,crmid:4429982108,1,2
b7fe906a-7a33-11ea-9c65-b88a60e194fb,crmid:4429982108,3,7
b8003e15-7a33-11ea-97c1-b88a60e194fb,crmid:4429982108,1,7
b801c4b5-7a33-11ea-a43c-b88a60e194fb,crmid:4429982108,5,4
b803258c-7a33-11ea-a81e-b88a60e194fb,crmid:4429982108,7,2
b8059554-7a33-11ea-b22f-b88a60e194fb,crmid:4429982108,6,7
b8071bf1-7a33-11ea-b1a0-b88a60e194fb,crmid:4429982108,4,2
b8087b6d-7a33-11ea-85b3-b88a60e194fb,crmid:4429982108,1,7
b809db0b-7a33-11ea-a9d8-b88a60e194fb,crmid:4429982108,5,2
b80b89f5-7a33-11ea-b5e9-b88a60e194fb,crmid:4429982108,4,8
b80d5eca-7a33-11ea-9cc3-b88a60e194fb,crmid:4429982108,5,7
b80f3329-7a33-11ea-9b13-b88a60e194fb,crmid:4429982108,9,9
b810b9b8-7a33-11ea-9b7d-b88a60e194fb,crmid:4429982108,4,9
b8128e8c-7a33-11ea-89d9-b88a60e194fb,crmid:4429982108,6,7
b8141429-7a33-11ea-ae81-b88a60e194fb,crmid:4429982108,4,1
b816ac41-7a33-11ea-9fb1-b88a60e194fb,crmid:4429982108,6,7
b818cf27-7a33-11ea-af02-b88a60e194fb,crmid:4429982108,8,2
b81a7d8a-7a33-11ea-bbe9-b88a60e194fb,crmid:4429982108,9,7
b81c2b77-7a33-11ea-85a7-b88a60e194fb,crmid:4429982108,9,2
b81dd808-7a33-11ea-8f89-b88a60e194fb,crmid:4429982108,3,7
b81facbb-7a33-11ea-9fb4-b88a60e194fb,crmid:4429982108,7,8
b821cf99-7a33-11ea-95b0-b88a60e194fb,crmid:4429982108,8,6
b8235649-7a33-11ea-9d1c-b88a60e194fb,crmid:4429982108,1,9
b8252af6-7a33-11ea-8379-b88a60e194fb,crmid:4429982108,2,5
b826ffc9-7a33-11ea-88c5-b88a60e194fb,crmid:4429982108,7,6
b828fb80-7a33-11ea-afcb-b88a60e194fb,crmid:4429982108,3,8
b82b1e66-7a33-11ea-92dd-b88a60e194fb,crmid:4429982108,8,4
b82d1a2d-7a33-11ea-8f03-b88a60e194fb,crmid:4429982108,1,2
b82f161a-7a33-11ea-9a1a-b88a60e194fb,crmid:4429982108,1,5
b830eadb-7a33-11ea-9078-b88a60e194fb,crmid:4429982108,4,6
b832e695-7a33-11ea-88bd-b88a60e194fb,crmid:4429982108,1,7
b8349437-7a33-11ea-a9fd-b88a60e194fb,crmid:4429982108,7,6
b836901a-7a33-11ea-83ab-b88a60e194fb,crmid:4429982108,2,7
b838d9f8-7a33-11ea-9cbe-b88a60e194fb,crmid:4429982108,9,9
b83afcd3-7a33-11ea-aa6f-b88a60e194fb,crmid:4429982108,2,9
b83cd189-7a33-11ea-ac06-b88a60e194fb,crmid:4429982108,6,1
b83e7f49-7a33-11ea-b33f-b88a60e194fb,crmid:4429982108,4,1
b84005dd-7a33-11ea-86f4-b88a60e194fb,crmid:4429982108,1,7
b8420228-7a33-11ea-bcc3-b88a60e194fb,crmid:4429982108,9,8
b8436169-7a33-11ea-8335-b88a60e194fb,crmid:4429982108,4,8
b8458413-7a33-11ea-bf7d-b88a60e194fb,crmid:4429982108,3,7
b84731c8-7a33-11ea-8bb0-b88a60e194fb,crmid:4429982108,5,9
b84954a9-7a33-11ea-9f9c-b88a60e194fb,crmid:4429982108,3,5
b84b024b-7a33-11ea-8bc3-b88a60e194fb,crmid:4429982108,8,4
b84d2540-7a33-11ea-9072-b88a60e194fb,crmid:4429982108,5,9
b84ef9ed-7a33-11ea-b6d0-b88a60e194fb,crmid:4429982108,9,2
b8505971-7a33-11ea-9aff-b88a60e194fb,crmid:4429982108,6,8
b852a363-7a33-11ea-9091-b88a60e194fb,crmid:4429982108,4,1
b8553b83-7a33-11ea-9d35-b88a60e194fb,crmid:4429982108,8,6
b857856e-7a33-11ea-844d-b88a60e194fb,crmid:4429982108,7,7
b8595a1d-7a33-11ea-bd29-b88a60e194fb,crmid:4429982108,6,3
b85b07ef-7a33-11ea-8747-b88a60e194fb,crmid:4429982108,3,5
b85d0393-7a33-11ea-8a68-b88a60e194fb,crmid:4429982108,2,2
b85f4d7a-7a33-11ea-a59f-b88a60e194fb,crmid:4429982108,9,7
b860ad15-7a33-11ea-b18d-b88a60e194fb,crmid:4429982108,6,2
b86233b1-7a33-11ea-8873-b88a60e194fb,crmid:4429982108,4,8
b8640868-7a33-11ea-abc1-b88a60e194fb,crmid:4429982108,4,3
b865681b-7a33-11ea-8103-b88a60e194fb,crmid:4429982108,8,5
b86763cc-7a33-11ea-ab50-b88a60e194fb,crmid:4429982108,8,1
b8693883-7a33-11ea-99a4-b88a60e194fb,crmid:4429982108,2,5
b86b345d-7a33-11ea-bc13-b88a60e194fb,crmid:4429982108,6,7
b86c6cde-7a33-11ea-924a-b88a60e194fb,crmid:4429982108,9,4
b86df375-7a33-11ea-bc86-b88a60e194fb,crmid:4429982108,4,8
b8703d62-7a33-11ea-815d-b88a60e194fb,crmid:4429982108,1,8
b87212b5-7a33-11ea-b67d-b88a60e194fb,crmid:4429982108,2,4
b8734a9e-7a33-11ea-bd86-b88a60e194fb,crmid:4429982108,6,7
b874f84a-7a33-11ea-9b2c-b88a60e194fb,crmid:4429982108,1,2
b8776953-7a33-11ea-b574-b88a60e194fb,crmid:4429982108,3,8
b8798c3e-7a33-11ea-a34f-b88a60e194fb,crmid:4429982108,7,9
b87b39cb-7a33-11ea-ae98-b88a60e194fb,crmid:4429982108,5,8
b87d359d-7a33-11ea-a8c0-b88a60e194fb,crmid:4429982108,1,6
b87f316f-7a33-11ea-ab9d-b88a60e194fb,crmid:4429982108,4,8
b880911b-7a33-11ea-832c-b88a60e194fb,crmid:4429982108,9,8
b882b3dd-7a33-11ea-a7b4-b88a60e194fb,crmid:4429982108,1,2
b884fdda-7a33-11ea-b908-b88a60e194fb,crmid:4429982108,3,2
b886ab80-7a33-11ea-9b83-b88a60e194fb,crmid:4429982108,2,5
b8880afc-7a33-11ea-87ac-b88a60e194fb,crmid:4429982108,6,8
b8896a94-7a33-11ea-813a-b88a60e194fb,crmid:4429982108,5,8
b88b3f68-7a33-11ea-bf80-b88a60e194fb,crmid:4429982108,2,8
b88c50c1-7a33-11ea-9062-b88a60e194fb,crmid:4429982108,7,8
b88d893b-7a33-11ea-b3c6-b88a60e194fb,crmid:4429982108,2,9
b88ee8c7-7a33-11ea-8ef0-b88a60e194fb,crmid:4429982108,1,3
b890485b-7a33-11ea-beac-b88a60e194fb,crmid:4429982108,2,7
b891cef8-7a33-11ea-ae7b-b88a60e194fb,crmid:4429982108,2,8
b892e067-7a33-11ea-bb70-b88a60e194fb,crmid:4429982108,2,7
b8946717-7a33-11ea-8182-b88a60e194fb,crmid:4429982108,3,1
b895ef09-7a33-11ea-8cb3-b88a60e194fb,crmid:4429982108,1,7
b897276f-7a33-11ea-bb52-b88a60e194fb,crmid:4429982108,2,3
b898acc7-7a33-11ea-8eb3-b88a60e194fb,crmid:4429982108,8,1
b89a5a71-7a33-11ea-8e05-b88a60e194fb,crmid:4429982108,8,7
b89bba03-7a33-11ea-a8aa-b88a60e194fb,crmid:4429982108,1,2
b89cf280-7a33-11ea-80e5-b88a60e194fb,crmid:4429982108,4,1
b89e2b07-7a33-11ea-9093-b88a60e194fb,crmid:4429982108,4,8
b89f3c6f-7a33-11ea-88df-b88a60e194fb,crmid:4429982108,4,7
b8a13829-7a33-11ea-9c8d-b88a60e194fb,crmid:4429982108,4,8
b8a270df-7a33-11ea-b68b-b88a60e194fb,crmid:4429982108,4,1
b8a3a943-7a33-11ea-8581-b88a60e194fb,crmid:4429982108,8,7
b8a508d5-7a33-11ea-a599-b88a60e194fb,crmid:4429982108,6,2
b8a6414c-7a33-11ea-a5c5-b88a60e194fb,crmid:4429982108,2,8
b8a7c81b-7a33-11ea-b6e0-b88a60e194fb,crmid:4429982108,2,4
b8a927a5-7a33-11ea-bdf1-b88a60e194fb,crmid:4429982108,5,2
b8aad6ab-7a33-11ea-9c1b-b88a60e194fb,crmid:4429982108,8,9
b8ac5bf1-7a33-11ea-ba6f-b88a60e194fb,crmid:4429982108,3,7
b8ae0ad9-7a33-11ea-a663-b88a60e194fb,crmid:4429982108,1,7
b8af437e-7a33-11ea-bf0d-b88a60e194fb,crmid:4429982108,1,3
b8b0efaf-7a33-11ea-9edc-b88a60e194fb,crmid:4429982108,1,7
b8b2eb5b-7a33-11ea-9f96-b88a60e194fb,crmid:4429982108,6,8
b8b49918-7a33-11ea-bbd8-b88a60e194fb,crmid:4429982108,3,2
b8b62119-7a33-11ea-8b5a-b88a60e194fb,crmid:4429982108,4,4
b8b78067-7a33-11ea-8bb0-b88a60e194fb,crmid:4429982108,3,7
b8b9ca01-7a33-11ea-8730-b88a60e194fb,crmid:4429982108,2,2
b8bb2a1f-7a33-11ea-871d-b88a60e194fb,crmid:4429982108,1,8
b8bcb0b7-7a33-11ea-ad8a-b88a60e194fb,crmid:4429982108,3,5
b8be10c8-7a33-11ea-9dd0-b88a60e194fb,crmid:4429982108,6,2
b8bfe505-7a33-11ea-b1e9-b88a60e194fb,crmid:4429982108,6,3
b8c19155-7a33-11ea-b53b-b88a60e194fb,crmid:4429982108,7,7
b8c2a2c3-7a33-11ea-81bd-b88a60e194fb,crmid:4429982108,4,4
b8c4506f-7a33-11ea-894a-b88a60e194fb,crmid:4429982108,1,7
