crmid,email,first_name,last_name,gender,mobile telephone,city,country,zip,state,street address,birthday,creditrating
crmid:7423423777,succoring1821@live.com,Gil,Rice,,375-568-4268,Mandan,United States,74974,Arizona,68 Minerva,1986-12-30,2098
crmid:9719830345,slatemaker2046@yahoo.com,Jefferey,Blackburn,,934-372-4137,Sedalia,United States,87979,Idaho,147 Lancaster,1993-12-09,2407
crmid:4528591283,ascalabota1910@gmail.com,Preston,Schultz,,458-118-1313,Leominster,United States,64636,New Hampshire,104 Castenada,1982-10-16,2075
crmid:4875278013,telegrams2013@live.com,Reid,Cherry,male,293-203-6303,Summit,United States,01284,Maine,1146 Alpine,1941-08-06,481
crmid:3537594359,peccable1873@yahoo.com,Keesha,Pierce,female,156-001-0616,San Francisco,United States,17625,Tennessee,86 Halleck,1952-05-23,2089
crmid:3987038398,pisiform1894@yandex.com,Leigh,Duffy,,792-394-9539,St. Cloud,United States,93782,Florida,379 Sweeny,1977-03-23,686
crmid:3930678982,blazers1953@yandex.com,Kurt,Montoya,,266-540-6132,North Port,United States,89332,Maryland,924 Grand View,1999-06-30,879
crmid:6152214121,nasociliary1828@yahoo.com,Colby,Merrill,female,796-114-6988,Eagan,United States,66472,Connecticut,867 Evans,1956-11-04,2206
crmid:8136182798,riotise2053@outlook.com,Kelley,Elliott,male,593-318-0666,Port Hueneme,United States,03677,Wyoming,745 Adolph Sutro,1936-06-09,2675
crmid:6302243559,pullover1959@live.com,Kai,Rosa,female,576-562-5296,Neenah,United States,16679,Maryland,1194 Pretor,1995-03-18,2482
crmid:9834554385,siamese2014@yahoo.com,Jaime,Decker,,559-937-6303,Moore,United States,38224,North Carolina,1336 Lessing,1992-06-12,2090
crmid:1641504772,commander1951@outlook.com,Horace,Hickman,,975-893-2310,Terrell,United States,65127,South Carolina,605 Vega,1984-10-05,1837
crmid:3207415019,importers1906@live.com,Jae,Rice,male,446-483-5449,Burien,United States,77424,New Mexico,1004 Kimball,1942-12-09,2469
crmid:9561402640,cololite1852@live.com,Russ,Eaton,male,175-869-4661,Yukon,United States,88230,Colorado,1145 Catalina,1930-08-09,2776
crmid:3763666673,animations1946@gmail.com,Dannielle,Miles,female,134-693-4893,Twin Falls,United States,16572,Hawaii,1121 Friedell,1954-02-20,2074
crmid:9670290654,admirable1891@yandex.com,Tuan,Norman,,133-492-7837,Portage,United States,52552,Idaho,308 Eutaw,1990-04-22,2177
crmid:6641418718,crux2042@gmail.com,Deonna,Page,female,512-189-9286,Downey,United States,61090,Washington,361 El Plazuela,1955-11-26,801
crmid:3333780028,amberoid1856@yandex.com,Leigh,Saunders,,357-048-4821,Malden,United States,43683,Utah,1268 Merrie,1985-07-09,1555
crmid:8339632321,ballots1837@live.com,Tory,Joyce,,839-400-6698,Mustang,United States,44634,North Carolina,918 Buchanan,1995-08-29,470
crmid:9128423989,decrepit1953@live.com,Adam,Gaines,,277-413-0502,Goshen,United States,00043,Maine,306 Malvina,1967-01-19,1940
crmid:4584702229,annihilates1879@live.com,Evelin,Wong,female,393-699-4553,Santa Fe,United States,19413,Kansas,1306 Nobles,1949-03-31,2691
crmid:2291535058,kangaroo1869@gmail.com,Hoyt,Foreman,,184-109-9084,Oxford,United States,62952,Colorado,277 Lillian,1975-05-23,2291
crmid:2805455768,huashi1834@live.com,Markus,Sweet,,363-434-4020,Killeen,United States,41348,Vermont,592 Brompton,1977-07-22,2001
crmid:6515683362,caterpillars1966@yahoo.com,Alan,Benson,,112-381-4649,Milford,United States,78148,Arkansas,191 Meadowbrook,1990-12-18,1379
crmid:8408702302,aromatic1906@gmail.com,Raymundo,Whitney,,781-169-9408,Solon,United States,38665,Arizona,426 Jerome,1969-07-20,2678
crmid:5529427978,fabrizio1861@yahoo.com,Miles,Walker,,535-528-6504,Livermore,United States,08927,Kansas,1100 New Montgomery,1983-01-18,2388
crmid:6004920278,hypocoristical1856@outlook.com,Sanford,Sanchez,,794-816-9529,Nicholasville,United States,20489,South Carolina,227 Mandalay,1997-05-24,2840
crmid:9667836141,anticyclone2070@gmail.com,Jessie,William,,988-428-1980,Lincoln,United States,45307,North Dakota,507 Stillman,1982-08-09,1559
crmid:9381974693,worm2068@gmail.com,Stefany,Mccarthy,female,603-343-4740,Edmond,United States,40664,Arkansas,623 Greenspring,1958-08-19,1747
crmid:2258732259,starers2054@live.com,Kerstin,Bright,female,277-100-9781,Rancho Palos Verdes,United States,19044,Louisiana,358 Fowler,1952-05-04,1417
crmid:1105894546,palmira1873@outlook.com,Kerry,Jenkins,male,859-567-4715,Point Pleasant,United States,03965,Virginia,1257 Desmond,1941-06-15,1354
crmid:4173327441,osmundaceae1910@outlook.com,Art,Santos,,875-112-7462,Racine,United States,86813,Pennsylvania,323 Gold,1968-03-03,1819
crmid:8493952950,sundayism1805@gmail.com,Santos,Baxter,male,965-272-5293,Akron,United States,60712,Nebraska,523 Yale,1930-12-17,1994
crmid:2391249583,blotto1879@yahoo.com,Damian,Patton,,264-957-2681,Lynwood,United States,19136,Hawaii,1286 Kittredge,1985-04-10,1770
crmid:8783472572,homeothermic1919@yahoo.com,Tran,Cortez,female,165-217-5823,Crystal,United States,61652,Connecticut,1054 Fell Access,1952-11-17,780
crmid:5738699817,quintefoil1975@yahoo.com,Arcelia,Blake,female,155-875-8279,Eagle,United States,70923,Idaho,493 Walker,1956-01-03,2350
crmid:4852506199,larcenies1904@outlook.com,Renda,Duke,female,983-135-0092,Derby,United States,45623,Kansas,944 Montezuma,1954-07-08,858
crmid:8264471950,cappadine1848@yahoo.com,Ellis,Thornton,male,530-529-8057,Bettendorf,United States,58895,New Jersey,689 The Embarcadero,1938-10-27,2659
crmid:1261733772,newfoundland1974@gmail.com,Rolf,Mcleod,,944-969-5048,San Mateo,United States,45403,Nebraska,824 Pleasant,1993-07-19,1504
crmid:2646050878,positive1909@outlook.com,Royce,Bush,,199-109-5573,Montclair,United States,65447,Oklahoma,1359 Kramer,1992-12-22,1778
crmid:1968225086,snowmobile1819@live.com,Tomas,Stuart,male,828-487-1898,Bonita Springs,United States,54082,Nevada,524 Oreilly,1940-09-28,1807
crmid:9208344787,bossa1858@gmail.com,Andreas,Mcneil,,865-531-9872,Rapid City,United States,58300,Michigan,1327 Commonwealth,1988-06-13,1060
crmid:4993624775,bronny1998@live.com,Chi,Tucker,male,553-245-7587,Attleboro,United States,04355,Mississippi,873 Isis,1934-02-14,1868
crmid:1309035195,caulicles1858@live.com,Dewitt,Fuller,male,022-492-7103,Carol Stream,United States,87398,Minnesota,1334 Bridgeview,1944-12-05,550
crmid:1501945218,accidia1812@gmail.com,Kirby,Benjamin,,556-642-5670,Lake Oswego,United States,65030,Alaska,1144 Hiliritas,1980-11-27,2877
crmid:6859264429,stenocephaly1805@yandex.com,Edgar,Reyes,male,302-716-8886,Burbank,United States,67503,Alaska,464 Cornwall,1942-11-06,2730
crmid:3478716202,oscillancy1822@yahoo.com,Marvin,Humphrey,,495-236-5226,Los Banos,United States,04330,Nebraska,1205 Bay,1984-01-08,2866
crmid:1039878272,amarvel1968@live.com,Tracy,Delaney,,223-569-6159,Pelham,United States,35756,Oklahoma,782 Hale,1979-10-22,2271
crmid:9896330312,claudius1906@live.com,Pandora,Rice,female,684-503-5413,Southaven,United States,17626,Nevada,1188 Catalina,1952-07-24,1774
crmid:2643148726,heeler2034@yahoo.com,Enrique,Noel,male,079-792-7644,Adrian,United States,66369,California,502 Spruce,1930-11-07,790
crmid:1102604625,pondering1844@live.com,Alberto,Fuller,male,503-149-3307,Bellevue,United States,09970,Pennsylvania,181 Westside,1937-01-10,1244
crmid:6462150457,osmols1976@gmail.com,Stanton,Heath,,136-500-2578,West Jordan,United States,38163,North Dakota,461 Merritt,1980-03-26,1869
crmid:9271980310,cremant1975@live.com,Emil,Puckett,male,797-563-4840,Auburn Hills,United States,14369,Wisconsin,525 Wilde,1934-03-24,1060
crmid:9357737619,archeus1972@yahoo.com,Ming,Hobbs,female,315-921-6214,Coronado,United States,33981,Delaware,162 Stoneyford,1951-06-14,642
crmid:8252810853,tessera1916@outlook.com,Eugene,Bird,,688-656-1067,Lincoln,United States,01022,Hawaii,442 Thorne,1982-01-12,2878
crmid:8295591898,polychromate1980@yandex.com,Vertie,Hartman,female,073-090-3426,Dana Point,United States,51317,Maryland,1016 North Hughes,1952-09-13,1664
crmid:3796530891,discussant1972@yahoo.com,Noe,Gamble,male,135-285-3739,Pico Rivera,United States,54293,Florida,681 Cottonwood,1996-01-14,1735
crmid:5796512260,carlet1841@yahoo.com,Mathew,Washington,,554-852-3391,Hollywood,United States,83328,Colorado,305 Taylor,1972-07-11,1792
crmid:7367483252,aboveground1847@gmail.com,Darius,Duffy,,177-555-9969,Norco,United States,74462,North Dakota,365 Cedro,1998-12-28,2419
crmid:2027739577,retepora1880@gmail.com,Pasquale,Houston,,069-658-6530,St. Louis,United States,84785,Wisconsin,896 Rockwood,1989-06-23,473
crmid:5134318275,sherramoor1838@yahoo.com,Karl,Stuart,,768-236-5596,St. Cloud,United States,35755,Texas,530 Manseau,1979-12-19,321
crmid:5536990023,cheryl1902@gmail.com,Esteban,Lawrence,,272-517-3779,Fort Collins,United States,21551,New York,434 Greenough,1963-05-14,2712
crmid:6653170215,rachidial1961@live.com,Bryan,Gibson,,277-207-6685,Findlay,United States,23978,California,1318 Marist,1962-05-21,923
crmid:7600132734,equiperiodic1889@gmail.com,Joesph,Meyer,male,629-253-6246,Belleville,United States,86142,Ohio,548 La Bica,1937-05-20,1201
crmid:5121939504,bobby1919@live.com,German,Webb,male,778-222-4112,Sumter,United States,19422,California,908 Shoup,1944-04-30,2707
crmid:9777709773,majesty2062@live.com,Russel,O'brien,male,214-522-9050,Pleasant Prairie,United States,77691,North Carolina,515 Belle,1938-12-16,1332
crmid:2328998628,graciousness1837@live.com,Gale,Mcleod,,919-510-0274,Kenosha,United States,47276,California,247 Avery,1977-08-19,1912
crmid:3245639551,brigandine1987@live.com,Cory,Webster,,339-085-9066,Herndon,United States,55414,Pennsylvania,691 Naglee,1971-10-27,2896
crmid:6841994598,akinesia2021@gmail.com,Billie,Lott,,046-011-5486,Parkland,United States,96850,Alabama,886 Tapia,1986-10-13,1565
crmid:2148927622,wineier2069@yahoo.com,Korey,Dale,male,101-438-7325,Apopka,United States,37265,Illinois,1201 Dolores,1933-06-07,556
crmid:6112432057,thrilling2010@live.com,Irving,Diaz,,742-233-1245,Maryland Heights,United States,52382,New Hampshire,278 Pinto,1987-09-26,2887
crmid:9463995483,brahms1910@gmail.com,Maximo,Lancaster,,925-025-3065,Rock Springs,United States,82006,North Carolina,442 Coleman,1963-02-01,786
crmid:2474226831,intersprinkled1980@yahoo.com,Felton,Mitchell,,417-209-7319,La Porte,United States,35123,Minnesota,1010 Verna,1979-07-22,2621
crmid:5618125693,reobtains1985@outlook.com,Toby,Padilla,,347-531-6743,Wyandotte,United States,91864,Alabama,941 Moncada,1971-03-05,854
crmid:8919144718,camelus1831@yandex.com,Nathan,Delgado,,307-250-6267,Fitchburg,United States,87067,Hawaii,857 Van Ness,1962-09-02,1133
crmid:3426096437,droud2049@live.com,Travis,Mueller,,085-702-2084,North Little Rock,United States,54745,New Hampshire,1140 Kate,1998-09-16,1219
crmid:5820188110,pedocalcic1995@live.com,Guillermo,Sutton,,685-200-5569,Kenosha,United States,46923,Missouri,1070 Coronado,1977-08-04,848
crmid:7023932111,xyloquinone1911@live.com,Elenore,Sellers,female,583-777-7035,Commerce City,United States,78097,Minnesota,693 Brookhaven,1949-03-26,2031
crmid:8783673277,chitter2057@yandex.com,Carline,Beck,female,826-338-5050,Edmond,United States,01858,Iowa,1028 De Soto,1958-02-02,1509
crmid:1573294264,decolor1956@live.com,Keeley,Marks,female,224-265-3637,Peabody,United States,71548,Maryland,480 Colusa,1952-05-18,1355
crmid:9383282405,bagpipes1899@gmail.com,Olen,Forbes,male,350-435-9742,Mount Vernon,United States,67480,Illinois,1131 Orchard,1994-10-23,552
crmid:5547401155,appointment1994@yandex.com,Chieko,Cardenas,female,080-083-5058,Waco,United States,71184,Nebraska,421 Anzavista,1946-02-05,2454
crmid:7428820187,buffoonish2044@gmail.com,Tyron,Suarez,male,357-803-5902,Tiffin,United States,19577,New Mexico,761 Naples,1942-09-28,332
crmid:4379062602,brandie1853@gmail.com,Terrence,Cohen,male,741-652-0901,Atlantic City,United States,59975,Montana,259 Rosie Lee,1934-09-06,1053
crmid:7514097145,sirens2014@live.com,Valrie,Cook,female,484-628-8735,Providence,United States,26516,South Carolina,1301 Powhattan,1958-12-20,2472
crmid:5662660182,semesters1869@gmail.com,Kenneth,Gibbs,male,254-770-4749,Brandon,United States,39871,California,1064 Kaplan,1941-06-11,1808
crmid:7650803968,amaranthine1927@yandex.com,Lucas,Campos,,843-775-2056,Lynn,United States,90237,North Carolina,964 Hollister,1985-12-01,1006
crmid:3937368026,prevaluation1882@live.com,Otis,Rosa,,245-700-0673,Mauldin,United States,92279,Arkansas,520 Edgewood,1988-04-15,2467
crmid:9454264320,yucca2032@yahoo.com,Warner,Rodriquez,male,253-081-0030,Waco,United States,06724,Louisiana,1394 Walter U Lum,1940-11-19,2178
crmid:7014153958,dimetry2007@yahoo.com,Lillia,Tate,female,790-076-2850,Delano,United States,83269,Wyoming,70 Paramount,1954-05-28,325
crmid:7225989485,spent2036@gmail.com,Asuncion,Middleton,female,365-964-6111,Chino Hills,United States,00686,Washington,290 Madrone,1947-01-20,2622
crmid:5126745723,deere1990@gmail.com,Demetrius,Moss,female,857-539-4315,Parkersburg,United States,11066,Wyoming,412 Terry A Francois,1951-02-21,2101
crmid:6227975934,phonophoric2021@gmail.com,Jeanelle,Hartman,female,888-572-9837,Salinas,United States,87204,Michigan,1069 Everglade,1946-12-18,2147
crmid:3878584817,burstones1945@outlook.com,Amado,Harmon,male,324-518-7557,Antioch,United States,63550,Hawaii,990 Indiana,1933-11-01,2330
crmid:6569909254,slavophile2004@yandex.com,Jim,Romero,,526-177-5838,Woodbury,United States,44472,Texas,1180 Park Hill,1984-11-16,2993
crmid:5871816701,alpaca2065@outlook.com,Art,Keller,,192-612-9268,West New York,United States,39829,New Mexico,1377 Sweeny,1969-10-27,2669
crmid:1270888475,centrosome2006@gmail.com,Roland,Lynn,,246-383-8684,Little Elm,United States,81394,Colorado,1233 Pemberton,1983-11-04,2761
crmid:4604236637,electrified1975@yandex.com,Rolland,Schroeder,,251-318-9848,Greer,United States,86078,Vermont,665 Forest Knolls,1968-05-23,2166
crmid:9863111447,dominate1938@outlook.com,Demarcus,Chang,,029-468-8167,Fort Collins,United States,81154,California,484 Johnstone,1963-04-06,2513
crmid:9669126789,nonesthetic2042@live.com,Nolan,White,male,149-831-0185,Mountlake Terrace,United States,04341,New York,230 Annapolis,1994-01-14,901
crmid:5465389279,rivals1919@yandex.com,Robert,Woods,,227-759-3793,North Charleston,United States,51089,Nevada,905 Harlow,1998-10-12,2418
crmid:6878284401,blanch1884@outlook.com,Derrick,Weber,,442-395-3177,Flagstaff,United States,77150,Georgia,338 Ankeny,1962-12-18,1119
crmid:2969790589,cowkeeper2052@live.com,Deane,Rasmussen,female,623-780-6434,Cheyenne,United States,61446,Iowa,993 Linden,1947-11-23,1784
crmid:1859713246,rotavirus1912@yandex.com,Wes,Pace,,152-717-4088,Hoboken,United States,77645,Utah,514 Edgar,1972-12-04,687
crmid:1089083935,chanteuse1953@outlook.com,Myrl,Short,female,477-942-6160,Euless,United States,93661,Utah,401 Mcrae,1960-07-27,2651
crmid:4502099615,chemoreceptor1880@outlook.com,Raymond,Russo,male,668-429-9172,Cartersville,United States,45616,Tennessee,990 Moreland,1944-08-26,1250
crmid:5648066769,cenozoic1908@yandex.com,Troy,Harding,male,287-375-8238,Aberdeen,United States,93859,Iowa,266 Longview,1930-09-13,2609
crmid:2148002932,indri2021@yandex.com,Eric,Cameron,,100-361-9778,Holland,United States,40124,Wyoming,1253 Bronte,1972-07-14,1542
crmid:5039384534,stingray2052@yahoo.com,Oliver,Stanley,,842-972-7249,Lehi,United States,84437,Wyoming,1334 Stanford Heights,1982-03-15,2086
crmid:1962630861,airish1913@outlook.com,Asa,Romero,,069-563-1251,Normal,United States,27578,Iowa,78 Lakewood,1998-05-16,2854
crmid:6744306046,dreamworld1975@live.com,Kiersten,Case,female,929-314-8230,College Station,United States,26429,South Dakota,957 Melrose,1949-05-05,1964
crmid:6277774243,regains2056@gmail.com,Odelia,Norton,female,218-575-6626,Desert Hot Springs,United States,39855,Pennsylvania,670 Holly,1954-07-22,1139
crmid:1589471897,surreal1953@yahoo.com,Thomas,Monroe,,616-961-4991,Fort Myers,United States,61533,Texas,146 Coleridge,1963-11-06,1583
crmid:3719092556,trijets1824@yahoo.com,Rudolf,Young,,861-495-1900,Hudson,United States,59408,Michigan,1204 Greenwich,1973-10-21,2918
crmid:9028311458,blacky1929@outlook.com,Enoch,Acosta,,999-066-7601,Wildwood,United States,93720,Texas,1302 Houston,1995-07-05,1881
crmid:8100808008,cricker1928@yahoo.com,Glen,Becker,,604-553-6819,Monroeville,United States,16701,Wyoming,35 Ankeny,1992-03-03,1943
crmid:1922614398,voyageurs1980@live.com,Bruce,Fisher,male,035-468-2770,Valparaiso,United States,02230,Mississippi,665 Woodacre,1941-02-10,1152
crmid:7978505145,eldreth1814@outlook.com,Luciano,Wolf,,467-825-9702,Hastings,United States,90359,Alaska,1384 Santa Marina,1970-02-03,2439
crmid:2735550619,calinda1914@yahoo.com,Kirk,Villarreal,,080-728-2136,Shaker Heights,United States,27829,South Dakota,415 Merriam,1968-04-29,2231
crmid:6441807592,litotes1999@yahoo.com,Charise,Grimes,female,686-616-0787,St. Louis Park,United States,81386,West Virginia,1351 Sunbeam,1953-02-12,1420
crmid:6778487616,silicon1904@outlook.com,Felipe,Coffey,male,862-621-7344,Ridgewood,United States,01193,California,467 Arballo,1930-04-06,2645
crmid:5844808776,scaldweed2053@yandex.com,Antony,Ross,,225-900-4674,Sparks,United States,53107,New York,609 Hattie,1997-12-13,1614
crmid:4137403634,ental1907@live.com,Rolando,Gibbs,,307-552-1693,Homestead,United States,63747,Oregon,1309 Gerard,1973-10-16,2385
crmid:1384223190,divest1948@yandex.com,Brain,English,,922-127-2711,Laguna Niguel,United States,00280,Montana,419 Cyrus,1979-02-11,1156
crmid:2141549068,pentasulphide2006@yahoo.com,Weston,Wade,,181-647-2059,Parker,United States,43537,Montana,322 Niagara,1986-01-11,1465
crmid:9267015136,adventurer1950@outlook.com,Bob,Oliver,,258-280-1429,Greeley,United States,92089,Arizona,837 Larch,1968-01-07,2202
crmid:8569843095,slither2051@yahoo.com,Cecil,Bond,male,025-229-6670,Andover,United States,60143,Hawaii,524 Upper Service,1932-11-03,2808
crmid:5655850984,festellae2019@outlook.com,Donn,Holland,male,728-470-6854,Big Spring,United States,17547,Indiana,906 Fifth,1939-03-14,2225
crmid:3888397269,pooled1881@gmail.com,Zada,Parker,female,492-026-7149,Fairhope,United States,99501,New Hampshire,482 Panama,1961-10-31,2795
crmid:7773150687,balaban1948@live.com,Jerold,Thomas,,933-085-6964,South El Monte,United States,64802,New Hampshire,593 Treat,1998-07-14,690
crmid:8310692856,algerine1930@gmail.com,Ferdinand,Gentry,,897-953-8569,Largo,United States,57792,Indiana,1341 Marcela,1980-09-30,2721
crmid:3220520588,epicentral2067@gmail.com,Lino,Fleming,,237-192-1204,Fort Pierce,United States,40205,Indiana,384 Mary Teresa,1963-08-12,2382
crmid:3407935620,concertizes2021@yandex.com,Rickie,Hyde,female,409-802-4480,Palestine,United States,14144,Arkansas,155 Brice,1949-07-15,2140
crmid:2304657530,taurocholate2015@outlook.com,Wade,Salas,male,851-007-1177,Talladega,United States,75594,Delaware,284 Country Club,1943-10-26,2363
crmid:3284730706,peddles2068@yahoo.com,Donn,Wells,,311-185-5179,Oxford,United States,30813,North Dakota,794 Mclaren Lodge Access,1972-01-14,2775
crmid:6646766803,agosto1953@outlook.com,Frederic,Fletcher,,646-875-0109,Passaic,United States,99622,North Dakota,613 Fortuna,1987-10-04,1595
crmid:5499299144,shakable1828@outlook.com,Geraldo,Carpenter,,903-377-7709,Granite City,United States,96162,Oklahoma,114 Escolta,1967-11-17,1372
crmid:3791085211,sparkplugging2009@live.com,Doyle,Ingram,male,644-047-7405,Perrysburg,United States,89444,Utah,830 Scenic,1936-03-15,1721
crmid:3095540974,precogitation1870@gmail.com,Jewel,Justice,,519-651-4293,West Springfield,United States,62030,Virginia,283 Windsor Mill,1962-04-14,2516
crmid:3728705933,kehillah1856@live.com,Heath,Vaughn,,041-642-9971,Maple Heights,United States,03824,Virginia,1373 Colin,1986-01-24,929
crmid:7830059959,cortina1807@gmail.com,Dominick,Parker,,396-702-1403,Olathe,United States,32666,Alabama,1188 Newell,1979-05-02,876
crmid:4897451911,leve1903@yandex.com,Reuben,Barr,,122-275-9647,Huntington,United States,93422,Georgia,534 Security Pacific,1973-03-10,1620
crmid:4725846081,cuirassier1890@live.com,Otis,Webb,male,713-818-9272,Billings,United States,44717,Florida,634 Loehr,1939-08-30,2903
crmid:5292263897,uniaxally1912@outlook.com,Kasey,Herrera,,610-978-7864,Slidell,United States,76339,New Jersey,163 Gordon,1976-10-05,2654
crmid:5361688264,detail1843@yahoo.com,Emmitt,Lawson,male,114-923-5666,Natchitoches,United States,05872,Texas,815 Cargo,1995-01-07,1772
crmid:3900479728,acanth2052@gmail.com,Josef,Waters,,564-883-7812,Milwaukee,United States,07867,Massachusetts,674 Aerial,1991-02-08,2679
crmid:4257456311,hadron1925@live.com,Gilbert,Mills,,464-492-5414,Waterloo,United States,48002,Vermont,769 Robblee,1986-11-01,1940
crmid:8883985751,minae1938@yandex.com,Donn,Grant,,497-733-7986,Huntington Beach,United States,78983,Illinois,969 John Muir,1974-03-29,874
crmid:2861082422,seemly1820@gmail.com,Garland,Rice,,567-143-3838,Laredo,United States,44700,North Dakota,1200 Thornton,1980-07-14,480
crmid:1636807478,carlet2008@live.com,Natisha,Lloyd,female,483-971-3712,Deltona,United States,39007,Minnesota,350 Public,1954-07-17,1337
crmid:2845310388,resubmitted1806@gmail.com,Clifton,Perry,,503-493-2708,Hobbs,United States,18516,Pennsylvania,367 Amber,1972-03-25,673
crmid:7077978124,emissary1918@outlook.com,Virgilio,Acosta,,000-245-2653,Jeffersontown,United States,76108,North Dakota,475 Delta,1975-07-20,2141
crmid:2996991200,stelic1862@gmail.com,Gavin,Wilkinson,,790-188-2913,Smyrna,United States,42201,West Virginia,623 Chain Of Lakes,1993-05-10,730
crmid:7904341554,pensione1945@live.com,Lindsay,Cantrell,,591-533-1022,San Clemente,United States,62723,New Mexico,1295 Kiska,1969-05-29,2869
crmid:6670978395,lambs1842@yahoo.com,Sunni,Stone,female,962-035-6255,Coronado,United States,46699,Rhode Island,17 Guerrero,1951-08-28,1894
crmid:8774327149,nonmanila1861@yahoo.com,Ethan,Hess,male,730-706-0631,Alexandria,United States,64270,Arizona,1230 Albion,1931-10-07,1637
crmid:8077610498,toxicologist1861@gmail.com,Lynwood,Burke,,550-468-6203,Roseburg,United States,68365,Missouri,16 Conrad,1963-06-21,1298
crmid:5328840895,methyl1958@outlook.com,Ricardo,Skinner,,253-656-2258,Killeen,United States,77445,Oregon,374 Lone Mountain,1977-06-23,829
crmid:6677430309,bossman1945@outlook.com,Vince,Sharp,,853-767-5072,Marquette,United States,00835,Arkansas,463 Vega,1987-01-08,2174
crmid:9337437975,dermis1957@gmail.com,Antwan,Myers,,425-602-9837,Parkland,United States,48109,New Hampshire,1006 Loehr,1990-09-26,1369
crmid:5615603232,totoro1915@outlook.com,Teddy,Howe,male,490-336-2084,Auburn Hills,United States,74697,Wisconsin,1271 H,1934-12-18,532
crmid:6805692885,wrinkle2049@gmail.com,Manuel,Cole,,718-004-1477,Huntington,United States,84378,California,1155 Powhattan,1973-07-14,2638
crmid:5882907932,loupes2001@outlook.com,Darin,James,,337-502-9941,Los Gatos,United States,02966,New Jersey,633 Ozbourn,1984-02-19,2277
crmid:2161356257,peculiarizing2026@gmail.com,Bernie,Vargas,,288-992-0763,Searcy,United States,95833,Washington,86 Bergen,1962-07-25,443
crmid:3985229793,ecospecific1973@gmail.com,Woodrow,Landry,,632-943-2597,Hillsboro,United States,81659,Tennessee,1338 Mclea,1972-06-04,538
crmid:5707371837,aliens2007@yahoo.com,Carmelo,Dickson,,415-346-9865,Point Pleasant,United States,31807,Montana,1391 Perimeter,1972-06-06,1830
crmid:4597134320,corena1936@yandex.com,Davis,Ramos,,260-362-2832,Mequon,United States,03769,Ohio,468 Jansen,1989-02-06,1325
crmid:5531807993,troutiest1802@live.com,Mitchel,Dodson,,850-539-3192,Victoria,United States,34988,Kansas,603 Sternberg,1973-09-15,882
crmid:5641231850,brack1904@live.com,Jeffry,York,,824-696-4676,La Habra,United States,95128,Nevada,1367 Garden,1978-10-02,1768
crmid:6653085464,sanatorium2032@yahoo.com,Libbie,Marks,female,800-260-0340,Papillion,United States,13954,Colorado,164 Dutton,1951-12-10,1656
crmid:1465703585,boarding1827@yandex.com,Wilburn,Wheeler,,149-580-1533,Oak Creek,United States,46458,Montana,25 Bessie,1988-07-23,642
crmid:8883339798,endoperidial1937@live.com,Rodrick,Nunez,male,509-479-1046,Woonsocket,United States,07602,Pennsylvania,190 Clipper Cove,1937-12-16,673
crmid:9890266821,kabiki2011@yandex.com,Keven,Yates,,723-861-4006,Mint Hill,United States,79468,Michigan,701 Hazelwood,1991-08-15,839
crmid:1767364833,podial2005@yahoo.com,Christoper,Schultz,,324-666-4037,Palm Springs,United States,25091,South Carolina,821 Ward,1967-07-17,718
crmid:3120354012,saleps2011@outlook.com,Bryant,Mccormick,,871-607-9714,Foster City,United States,39455,Nebraska,675 Greenough,1963-06-30,541
crmid:6970953884,singly1960@yandex.com,Milton,Stuart,,165-842-6686,Winter Haven,United States,38641,Tennessee,197 Lower Fort Mason,1976-03-27,800
crmid:9803497087,crawthumper1924@yahoo.com,Jack,Gonzalez,male,241-515-8758,Casselberry,United States,23429,Kansas,884 Sycamore,1945-05-11,2428
crmid:8081866852,palindrome2014@yahoo.com,Kristopher,Lawson,,803-425-2919,McKeesport,United States,95415,Maine,858 Park Hill,1988-12-18,1555
crmid:3291651823,dunlin1810@outlook.com,Reinaldo,Callahan,,747-853-1416,San Antonio,United States,42848,Oregon,1130 Argonaut,1986-01-10,2991
crmid:2819942909,splays1922@live.com,Isidro,Norman,male,461-196-8882,Salinas,United States,06653,Illinois,383 Everson,1934-05-22,1727
crmid:2467786551,bartizan1951@gmail.com,Milton,Petersen,,270-606-6413,Sherman,United States,61958,Nebraska,284 Cameo,1966-03-27,2146
crmid:7124283403,bahamian1928@yandex.com,Jarrod,Olson,,001-734-8865,Grapevine,United States,99022,Kentucky,1066 Anza,1967-06-03,670
crmid:5905932057,hepatolith1937@outlook.com,Bryan,Finley,,148-164-1114,Morristown,United States,74066,Louisiana,755 Worcester,1993-12-22,1900
crmid:3946605390,bidden2048@yandex.com,Pablo,Buck,,605-889-1812,Maricopa,United States,93817,Washington,1304 Case,1987-07-03,1169
crmid:1759635917,alger1809@gmail.com,Toccara,Mcintosh,female,123-824-8437,Newburgh,United States,96750,Arkansas,324 Arbol,1997-12-20,2949
crmid:9122660970,sheep2049@live.com,Lawanna,Puckett,female,559-875-8331,Douglasville,United States,24455,Florida,1032 Stoneybrook,1955-05-24,2845
crmid:4566017036,carcass1910@yandex.com,Merlene,Higgins,female,289-236-9027,East Moline,United States,36612,Massachusetts,16 Huron,1957-06-14,1983
crmid:2865092063,devenustate1846@outlook.com,Hunter,Vazquez,,130-873-2017,Newark,United States,74863,Ohio,188 North Van Horn,1997-12-17,914
crmid:3470407763,oyster1939@gmail.com,Casey,Keller,,804-976-3971,Santa Fe Springs,United States,86009,Florida,1394 Jose Sarria,1966-11-05,1882
crmid:5097515098,madames2036@outlook.com,Ethan,Christensen,,049-740-4778,Warrensburg,United States,74113,Arkansas,603 Brooks,1978-08-03,1885
crmid:1581962420,beatitudes1919@yahoo.com,Val,Fernandez,,849-249-2557,Mission Viejo,United States,96115,Maine,1236 Harold,1991-11-21,467
crmid:6286186683,afloat1881@outlook.com,Wilford,Holt,male,483-229-8971,Boston,United States,55148,Minnesota,192 Lake Merced Hill,1940-10-14,504
crmid:9998689101,sewings2005@yandex.com,Jefferey,Prince,male,149-114-5222,Brockton,United States,28541,New Jersey,431 Costa,1941-05-24,1034
crmid:5517921552,reconvenes1966@yandex.com,Cassy,Spears,female,925-206-0392,Sapulpa,United States,27778,West Virginia,666 Wilson,1957-12-25,1826
crmid:9122922992,enriquet1862@live.com,Max,Richards,,724-252-7442,Huntington,United States,14874,Louisiana,416 Wilmot,1973-04-15,2298
crmid:7220025155,unworshipful1827@gmail.com,Trevor,Padilla,,804-520-6915,Gadsden,United States,85350,Arkansas,93 Sea View,1964-01-19,1191
crmid:5064374785,utilize2015@yandex.com,Lester,Faulkner,,444-503-2274,Mustang,United States,37436,Florida,862 Leland,1995-06-09,2927
crmid:4986123368,miasmatize1926@live.com,Malcolm,Roth,,827-276-7581,Hopkinsville,United States,49034,West Virginia,297 Holland,1973-07-26,2789
crmid:7255748461,chaperone2005@outlook.com,Raymon,Irwin,,045-654-7420,Lynnwood,United States,66341,Washington,60 Patton,1985-10-07,2761
crmid:8147000804,switchers2058@gmail.com,Lucio,Barlow,,562-136-6770,Steubenville,United States,64467,Rhode Island,75 New Montgomery,1983-08-25,1459
