crmid,email,first_name,last_name,gender,mobile telephone,city,country,zip,state,street address,birthday,historicalpoints
crmid:8667544955,drever1940@yahoo.com,Leo,Monroe,male,980-610-0457,Burbank,United States,63757,Virginia,1315 Barry,1942-11-25,713
crmid:6072760111,catgut1993@yahoo.com,Paulita,Hardy,female,275-183-2334,Myrtle Beach,United States,85843,Missouri,598 Ceres,1995-11-19,2219
crmid:9627907538,prosecutor2010@yandex.com,Alexis,Strong,,306-561-4705,Jeffersonville,United States,37848,Virginia,681 Pixley,1975-05-10,2144
crmid:6941922589,expiry1918@gmail.com,Gilbert,Young,,183-855-4100,Steubenville,United States,39420,Texas,22 Harding,1974-06-08,1037
crmid:9903178905,archjockey1945@outlook.com,Malcom,Hopper,male,741-878-6518,Amarillo,United States,64227,Nevada,338 Fell Access,1932-11-13,2400
crmid:9636150949,padauk1913@outlook.com,Renaldo,Finley,,406-113-8792,Sherman,United States,78383,Louisiana,1357 Madrid,1969-06-25,1839
crmid:7995484208,californicus1922@gmail.com,Clint,Stone,,433-350-5224,New Haven,United States,63028,Nebraska,491 Whiting,1996-11-19,430
crmid:9191852731,miasmatize2029@yahoo.com,Quentin,Lang,male,476-933-8491,Allentown,United States,43954,New Hampshire,443 Clearfield,1931-08-17,1120
crmid:4285554813,kankie1840@outlook.com,Buck,Hart,,549-759-9556,Georgetown,United States,35350,Vermont,828 Bitting,1965-07-06,520
crmid:1072657075,revetoed2064@gmail.com,Rigoberto,Thompson,,465-976-3427,Lynnwood,United States,50780,South Dakota,1180 Tocoloma,1985-09-27,2023
crmid:8817721990,sexiness1846@gmail.com,Wilson,Sims,male,474-459-0669,Bell Gardens,United States,85060,Delaware,893 San Felipe,1937-10-27,1065
crmid:3531032922,newborns1950@yandex.com,Dion,Galloway,male,516-188-7955,Beaumont,United States,16225,Hawaii,1157 Wetmore,1936-03-11,541
crmid:7667487466,totemists1803@gmail.com,Bud,Moss,,436-093-5508,Joliet,United States,39864,Alabama,1000 Regent,1976-07-30,1342
crmid:6908397545,peristylium1880@yahoo.com,Jerome,Mathews,,991-134-1599,Hesperia,United States,86429,North Dakota,201 Eagle,1971-06-21,425
crmid:8777027350,aboard1856@yahoo.com,Delorse,Trevino,female,303-367-9037,Coconut Creek,United States,12222,Louisiana,610 Linares,1949-02-09,2367
crmid:6072713372,abrus1821@yahoo.com,Beata,Mcdowell,female,528-444-5559,Pearl,United States,79024,Arizona,1222 Mcrae,1951-01-19,1546
crmid:2760525397,escudero1924@outlook.com,Burl,Mathis,male,576-264-5558,Atlanta,United States,60525,Virginia,417 Belcher,1934-10-29,1761
crmid:8330129963,brachial1971@yahoo.com,Lieselotte,Bauer,female,726-274-9817,El Paso,United States,39837,Maine,1233 Broadmoor,1958-05-02,2648
crmid:5985199810,nonmannered2015@gmail.com,Brad,Stanton,,916-810-4753,Taylor,United States,56008,Alabama,861 Van Keuren,1996-11-13,610
crmid:7503766520,animated1833@yandex.com,Barry,Thomas,,831-323-4927,Kiryas Joel,United States,45895,West Virginia,604 Bret Harte,1978-08-08,2881
crmid:7399461957,carita1969@gmail.com,Cornell,Valenzuela,male,814-498-8720,Bayonne,United States,91063,Tennessee,150 Dunnes,1936-02-29,2611
crmid:1363975621,brody1954@live.com,Lamar,Kelley,,350-192-9289,Garden Grove,United States,89237,Virginia,618 Onondaga,1965-06-21,2557
crmid:2538703463,abrupt1951@yandex.com,Lillia,Hines,female,098-722-6195,East Providence,United States,63888,Maine,64 Gateview 3,1957-10-20,734
crmid:2776666296,camden1889@gmail.com,Brad,Griffin,male,169-671-3491,St. Clair Shores,United States,59004,Alaska,1094 Esmeralda,1995-01-31,2948
crmid:9458215246,cancerated1934@live.com,Ian,Powers,,675-280-0993,Lumberton,United States,40875,Louisiana,1203 Wisser,1985-08-23,684
crmid:6105627585,inequality1887@yahoo.com,Enda,Walton,female,822-796-2275,Downers Grove,United States,99027,Maryland,661 Balmy,1955-03-30,2336
crmid:9658932039,despot1819@live.com,Hank,Hamilton,male,593-966-6240,Castle Rock,United States,26205,North Carolina,1302 Montgomery,1945-04-12,2731
crmid:6775159939,unconflicting1949@live.com,Robby,Wade,,049-719-1589,Maple Grove,United States,37978,Pennsylvania,597 Whiting,1986-06-11,975
crmid:4027106800,hydrome1972@gmail.com,Seymour,Mcmahon,,593-358-0155,Surprise,United States,86475,Connecticut,692 Turk Murphy,1987-08-05,2010
crmid:9426026116,diccon1992@gmail.com,Lynn,Bradshaw,male,841-908-3186,Savage,United States,83031,Pennsylvania,325 Seward,1943-07-03,2713
crmid:7246159339,wonderful2036@live.com,Marquis,Fleming,,636-165-7159,Prairie Village,United States,95882,Maine,946 Pierce,1965-09-18,1469
crmid:3495179236,knotlike1891@gmail.com,Ervin,Puckett,,438-560-9496,San Juan Capistrano,United States,58498,Illinois,529 Brush,1989-02-06,501
crmid:1771375522,brushy1860@live.com,Mariano,Bernard,,223-060-4814,Imperial Beach,United States,02973,Nevada,1354 Arch,1974-02-18,2193
crmid:8326643353,dropped2021@yandex.com,Delisa,Taylor,female,843-272-8763,Chicago,United States,11427,Massachusetts,418 Henry Adams,1947-02-28,903
crmid:6181513151,desistance2010@outlook.com,Carley,Whitley,female,800-304-5301,Federal Way,United States,89548,California,156 Amber,1961-02-18,1862
crmid:5306819826,cailliach1869@outlook.com,Colton,Walsh,male,266-471-8084,Bountiful,United States,99577,Florida,600 Hester,1940-02-17,2067
crmid:9197806549,wren2046@yahoo.com,Bernardo,Kent,,727-612-8918,Sun Prairie,United States,48728,New Mexico,986 Iowa,1990-06-28,1158
crmid:3466537643,ajourise1927@outlook.com,Javier,Joyner,,630-253-0025,Liberal,United States,06459,Colorado,626 Encanto,1982-01-12,1201
crmid:4399377467,backers1812@yandex.com,Andres,Robertson,,905-282-8406,Harrison,United States,45029,Tennessee,34 Del Monte,1970-08-17,954
crmid:7983171906,angioleucitis2032@live.com,Julian,Mclean,,024-324-9103,Grapevine,United States,40338,New Jersey,307 Calgary,1967-08-27,1383
crmid:1395021556,cayapa1932@outlook.com,Bernie,Mendoza,,744-202-0128,Walker,United States,99410,Utah,529 Bannock,1986-02-05,2694
crmid:8051048542,trijets2063@gmail.com,Son,Moran,,277-760-1971,Hazelwood,United States,90660,North Carolina,538 Lily,1970-07-03,1109
crmid:2335652835,blackroot1986@live.com,Tommy,Guzman,,065-673-3202,Stamford,United States,60833,Montana,1271 Myrtle,1962-02-22,1713
crmid:8910734974,rovers1959@yandex.com,Malcom,Chavez,,217-678-2799,Holland,United States,31911,Maryland,111 Hazelwood,1972-06-07,326
crmid:5463147323,satd1938@gmail.com,Armando,Potts,,987-655-7245,Grand Junction,United States,72109,South Dakota,554 Varennes,1967-12-25,932
crmid:4033292216,contemptible2029@gmail.com,Hilton,Cline,,983-604-5858,Miami Lakes,United States,65937,Idaho,280 Austin,1990-11-19,1280
crmid:7228092698,doused2045@yahoo.com,Mariano,Steele,,259-629-2199,Hoboken,United States,18289,Michigan,1322 Sheridan,1972-03-27,2312
crmid:7339909423,nobodies2060@yandex.com,Thaddeus,Deleon,,602-088-7793,Los Banos,United States,91962,South Dakota,473 Tara,1984-10-06,416
crmid:4740965467,alcyone1979@live.com,Dan,Summers,male,418-059-2464,Ardmore,United States,17985,Idaho,1115 Brice,1933-02-28,2497
crmid:9415482751,celebrations2054@yahoo.com,Mauro,Schmidt,male,817-750-1729,Atascadero,United States,88145,Maine,1063 Fairmount,1934-07-26,2212
crmid:3624417449,lollygag1874@yahoo.com,Wes,Pollard,,369-312-1664,Logan,United States,67252,Tennessee,1391 Worden,1983-11-20,1354
crmid:2993741602,bison1862@gmail.com,Floyd,Blankenship,male,151-771-0293,North Royalton,United States,00967,California,398 Ellis,1999-01-07,986
crmid:8465392934,greyhound1990@yahoo.com,Ellsworth,Bartlett,,377-859-9289,Pullman,United States,87884,Idaho,554 Beckett,1972-12-30,1621
crmid:5437089986,overgratefulness1869@gmail.com,Rosena,Rose,female,428-400-2741,Sammamish,United States,14800,Kansas,700 Rausch,1951-07-25,1235
crmid:6393695364,onomatopoeia2011@live.com,Sydney,Woodard,,347-519-8405,Rock Springs,United States,75977,New Mexico,848 Josiah,1988-10-13,608
crmid:7188996578,reversible1957@gmail.com,Dino,Patton,male,210-559-8888,Paris,United States,60967,Texas,457 Loehr,1942-10-30,1661
crmid:3098783691,ringtailed1810@yandex.com,Garrett,Daugherty,male,003-367-6513,Bullhead City,United States,62270,Arizona,140 Franklin,1942-11-08,835
crmid:7652364137,pulmometer1979@outlook.com,Lanny,Rosario,male,432-145-9287,Cape Coral,United States,36780,North Dakota,336 Mcdowell,1944-06-25,1870
crmid:4355241764,crumby1954@yahoo.com,Ivory,Pena,,917-210-8619,Grandview,United States,25633,Illinois,739 Buchanan,1967-04-07,1890
crmid:8206278549,falls1938@outlook.com,Sean,Bryan,male,841-894-8815,Caldwell,United States,55839,Ohio,850 First,1943-09-04,355
crmid:8148109375,vodkas1889@outlook.com,Collin,Dotson,,278-604-1538,Lake Jackson,United States,62174,Idaho,396 Lake Merced,1980-11-10,1523
crmid:1838681120,chakras1813@live.com,Beau,Cabrera,male,957-616-2377,Camden,United States,04945,Tennessee,1386 Stockton,1943-01-05,327
crmid:8187169696,axoplasms1804@yahoo.com,Mauricio,Clark,male,324-357-6047,Angleton,United States,31382,Arkansas,912 Ggp Access Road,1932-07-06,2427
crmid:9874774701,contradiction1853@yahoo.com,Oswaldo,Good,,403-046-2106,Pensacola,United States,79263,New Hampshire,636 Merced,1965-02-20,2519
crmid:5413416031,tapinceophalism1956@yahoo.com,Sharolyn,Anthony,female,476-167-7859,Port St. Lucie,United States,14234,Virginia,1249 Owens,1946-10-15,842
crmid:2622484122,cames2025@gmail.com,Rene,Gardner,,563-282-3660,Forest Park,United States,16397,Virginia,1183 Teddy,1962-02-12,581
crmid:1258409610,sak1902@outlook.com,Berna,Holloway,female,859-034-7966,Temple Terrace,United States,99069,Illinois,149 Las Villas,1955-01-14,1292
crmid:1037734482,sourbellies1974@outlook.com,Terrell,Roberson,female,775-013-0818,Costa Mesa,United States,59469,Ohio,68 Wawona,1951-09-25,1484
crmid:9131350824,umbrate2004@outlook.com,Jim,Lamb,male,151-831-4034,Rome,United States,67050,Tennessee,732 Fell,1939-05-17,840
crmid:9494689854,oversured1857@gmail.com,Wendell,Vasquez,male,633-456-0385,Mountain Brook,United States,18415,Kansas,1247 Medical Center,1994-02-19,2254
crmid:9283274521,adhesive1994@yahoo.com,Leo,Madden,male,486-634-7420,Bethany,United States,78509,New York,1374 Manzanita,1938-12-30,1910
crmid:1088461828,rhamnohexite1873@gmail.com,Monty,Carpenter,male,113-032-6402,Palestine,United States,01421,Louisiana,1014 Longview,1935-07-05,1531
crmid:7240510787,filmer1829@live.com,Willena,Chen,female,337-618-8025,Deerfield,United States,81403,Minnesota,1393 Southwood,1954-09-06,2402
crmid:2848741945,bigots1842@gmail.com,Alfonzo,Johnston,,350-694-9474,Natchitoches,United States,84184,Montana,809 Capp,1995-12-16,1628
crmid:9642831270,rook1948@yahoo.com,Sherly,Walker,female,265-698-2774,Romeoville,United States,94637,Arkansas,1028 Gateview,1956-08-30,1837
crmid:8279160012,alleyway1899@yahoo.com,Horacio,Park,male,115-541-4310,Puyallup,United States,09359,Idaho,1175 Cresta Vista,1931-05-22,638
crmid:5902639810,archsewer1921@yahoo.com,Corazon,Cochran,female,385-501-8300,Omaha,United States,90322,Georgia,1049 Reservoir,1953-02-06,1971
crmid:8082321299,dovetailed1984@gmail.com,Randell,Burris,,710-436-2381,Santa Clara,United States,54910,South Dakota,7 Moulton,1999-08-16,664
crmid:8472960813,wising2003@yahoo.com,Roxy,Dalton,female,543-530-9595,Easton,United States,48924,New Mexico,184 Santa Marina,1957-07-07,1430
crmid:6742130380,neurovaccination1881@yandex.com,Eldridge,Daugherty,,475-820-5441,Florence,United States,10679,Indiana,625 Folsom,1962-02-28,2281
crmid:3293255328,ecthyma2014@outlook.com,Leonardo,Pollard,,033-036-4407,Marshfield,United States,93636,Arkansas,208 Prescott,1987-03-12,2006
crmid:3335988671,experimentally2041@yandex.com,Linwood,Mathis,male,523-972-6027,Upland,United States,09937,Kansas,865 Seacliff,1939-06-18,689
crmid:9193547607,triaene1881@outlook.com,Michale,Roman,,304-388-6197,Maple Grove,United States,68876,Nebraska,1390 Easement,1986-12-04,951
crmid:4080594933,treacly2021@live.com,Homer,Alvarado,,787-271-1562,Livermore,United States,59124,Maine,1046 Reed,1983-09-06,2204
crmid:1158188294,deermeat1943@yandex.com,Martin,Blackwell,male,595-297-5870,Sayreville,United States,89531,Louisiana,1094 Vara,1932-07-03,1229
crmid:8072009026,chemotherapeutics2014@live.com,Lyla,Leach,female,506-450-4007,Twin Falls,United States,29593,Tennessee,1337 Wyton,1958-06-17,2549
crmid:6676822231,proteides1929@live.com,Clarinda,Rojas,female,045-042-1382,Paterson,United States,17855,New Hampshire,42 Saddleback,1954-02-25,2230
crmid:3564716591,optoelectronic2033@outlook.com,Cicely,Lambert,female,514-018-2296,Danville,United States,75553,Florida,536 Richard Henry Dana,1953-12-03,1052
crmid:9707713934,lifters1948@gmail.com,Genia,Davis,female,919-835-8193,Escondido,United States,72929,Connecticut,727 Gloria,1960-03-08,1827
crmid:3088652585,african1945@gmail.com,Normand,Vang,male,039-378-7039,Biddeford,United States,48958,Colorado,645 Williams,1939-07-29,504
crmid:4697262540,boreades1986@yahoo.com,Marianela,Kirk,female,268-631-1782,Cliffside Park,United States,39711,Oklahoma,710 Heron,1948-06-16,2972
crmid:4059969637,carious1870@gmail.com,Darren,Buck,male,604-507-1439,Bryan,United States,17645,Florida,175 Spreckels Lake,1942-03-04,328
crmid:9833614941,debride1825@yandex.com,Nery,Montgomery,female,250-901-6168,Daphne,United States,53826,Ohio,627 Gates,1953-10-24,1310
crmid:5694307694,castell1821@outlook.com,Horace,Guerrero,,565-667-9653,Frederick,United States,10979,Mississippi,328 Beachmont,1964-02-07,1432
crmid:3234699184,monkeyshines1864@live.com,Eloy,Barrett,male,136-717-7728,Anacortes,United States,17411,Michigan,680 Blanche,1932-03-02,2946
crmid:7694491706,ladybird1892@yandex.com,Duncan,Osborne,male,419-013-3352,Berwyn,United States,12652,Maryland,396 Ames,1938-03-22,2690
crmid:8258885569,myographs1848@yahoo.com,Terrance,Tyler,,825-367-9991,Morristown,United States,44682,Connecticut,1234 Goleta,1993-08-21,629
crmid:6513402140,coronet1854@gmail.com,Jude,Petty,female,331-617-7797,Royal Oak,United States,52776,Idaho,971 Missouri,1996-10-07,684
crmid:6597326857,anisodactyle1813@outlook.com,Minh,Osborne,male,832-331-4159,Boston,United States,76708,Maryland,460 Baywood,1940-12-14,924
crmid:2275936750,offsprings1894@yandex.com,Coy,Spears,,372-031-5183,Jackson,United States,10160,Minnesota,1020 Parkridge,1975-02-21,1645
crmid:1758678214,cornishman1846@yahoo.com,Rufina,Dorsey,female,433-309-9969,Fair Lawn,United States,42085,New Mexico,170 Olive,1960-07-08,2295
crmid:9179010308,cookeys1915@yahoo.com,Cecila,Diaz,female,867-803-5079,Vancouver,United States,60782,Virginia,417 Fern,1958-02-08,358
crmid:1311635794,lining1984@yandex.com,Kendall,Hull,male,267-250-0229,Brigham City,United States,84132,Tennessee,410 Service,1941-06-15,2372
crmid:7074853416,semicomical1922@yahoo.com,Jonelle,Richmond,female,127-638-3592,Sidney,United States,52321,Indiana,1356 Bonnie Brae,1951-04-25,2810
crmid:1701648631,elephas1810@yahoo.com,Andres,Mcfarland,,543-621-0183,Fresno,United States,15956,Alaska,1040 Mercury,1964-03-27,1488
crmid:1457158842,eulalia1905@gmail.com,Nigel,Clements,male,813-505-3991,South Lake Tahoe,United States,76183,North Dakota,343 Union,1932-10-14,2335
crmid:2236025511,blabber2034@yandex.com,Albert,Kane,,594-262-0554,Fresno,United States,84745,Tennessee,1162 San Aleso,1964-03-16,1958
crmid:6109001770,severality1834@yahoo.com,Orville,Reid,,535-880-9182,Marshalltown,United States,51471,Texas,695 Waterloo,1987-10-04,1983
crmid:6248432186,tipple1912@yahoo.com,Melodi,Mccullough,female,164-207-0608,Clarksville,United States,32606,Tennessee,44 Rome,1948-06-19,1903
crmid:8674938685,prolegomenon2027@gmail.com,Lavern,Hopkins,,052-067-8749,Selma,United States,59286,Illinois,883 Michigan,1976-05-28,2144
crmid:5734480175,artery2034@yandex.com,Norbert,Acosta,male,330-455-8480,Tiffin,United States,08468,Oklahoma,676 Mesa,1930-07-01,2891
crmid:6559547019,chafe1839@live.com,Luciano,Garrett,male,814-910-1014,Albertville,United States,37223,North Carolina,1287 Pennington,1931-06-11,1479
crmid:1786054421,claimer1839@gmail.com,Young,Dudley,,163-181-4293,New York,United States,84008,Kansas,1304 Bernard,1997-08-18,2759
crmid:5711510896,husbandfield1910@outlook.com,Kurt,Melendez,,540-543-7996,Lynchburg,United States,62765,South Carolina,1062 Goethe,1985-11-02,1416
crmid:8654621688,correy1890@gmail.com,Glenn,Harrington,male,374-164-2899,Winter Garden,United States,82059,Missouri,1017 Marietta,1945-04-13,589
crmid:6755368072,dorsiventral2011@yandex.com,Tiffiny,Walton,female,693-577-4335,Perris,United States,15992,Oregon,314 Plum,1947-09-30,2980
crmid:4401880419,altruistic1960@yahoo.com,Oswaldo,Pitts,male,557-793-4420,Point Pleasant,United States,95946,South Dakota,1123 Lower,1999-01-31,557
crmid:9157059416,barnacle1885@gmail.com,Elliott,Baldwin,male,582-468-8097,Rowlett,United States,00978,North Dakota,957 Hearst,1936-03-01,941
crmid:1604609716,creative2035@live.com,Ross,Wall,,221-295-5888,San Antonio,United States,94344,New Jersey,502 Edie,1984-06-11,436
crmid:3073832374,gingiva1808@gmail.com,Soila,Morrow,female,209-773-1938,Tinley Park,United States,14910,Maine,31 Battery Crosby,1946-12-16,1529
crmid:9907478277,undog1867@gmail.com,Malcolm,Chase,male,593-128-8799,Casselberry,United States,61871,Pennsylvania,637 Pacific,1945-12-13,933
crmid:7120916072,gothish2032@gmail.com,Booker,Shields,,844-526-1928,Torrington,United States,83200,New Jersey,1162 Reardon,1997-06-06,1261
crmid:2867727139,embay1955@live.com,Byron,Tanner,,127-195-9614,University Park,United States,43033,Maryland,270 Jack Micheline,1989-08-13,1684
crmid:1972791365,abroad2025@outlook.com,Dante,Drake,male,730-028-1252,Brigham City,United States,82328,Montana,894 Bigelow,1941-03-08,2509
crmid:8931005221,erastus1871@outlook.com,Young,Cooley,male,000-740-4680,Arlington Heights,United States,56610,Colorado,129 Walter,1933-10-07,971
crmid:1835544627,cerite1939@outlook.com,Clementina,Jones,female,151-482-5766,Coral Gables,United States,09869,Louisiana,230 Avenue Of The Palms,1950-02-16,564
crmid:5965012884,display1967@yahoo.com,Louie,Tanner,female,759-460-5461,Rancho Cucamonga,United States,68839,Idaho,746 Villa,1953-06-28,2845
crmid:4174379754,harbourous1894@gmail.com,Horacio,Cortez,male,260-402-3817,Ballwin,United States,21851,Kansas,908 Bigelow,1935-05-07,799
crmid:3680247718,fairish1975@outlook.com,Reatha,Perry,female,366-165-2315,Charleston,United States,47666,Rhode Island,620 Fell,1946-07-23,1657
crmid:5657476516,aphotic2040@gmail.com,Laverne,Daniel,,151-995-1089,Syracuse,United States,40730,Nevada,848 Scenic,1982-07-03,2581
crmid:3987997751,bygones1878@live.com,Marin,Savage,female,095-607-2088,Vineland,United States,53410,North Carolina,1234 Vicente,1995-04-12,2134
crmid:8253243825,oddballs1902@outlook.com,Alonzo,Mcdonald,,961-123-8307,Kingman,United States,41588,Wyoming,224 Alameda,1977-08-09,1270
crmid:3087576928,stinkbug1896@yandex.com,Rosendo,Burris,male,646-925-6661,Bensenville,United States,42164,South Carolina,1138 Junipero Serra,1938-08-04,1117
crmid:2123561845,adumbrations1995@gmail.com,Andrea,Fields,,377-979-7529,West Hollywood,United States,73482,Alaska,784 Buena Vista,1969-07-15,401
crmid:5252120638,misogamic1967@live.com,Lance,Conley,,214-897-9033,Norco,United States,93659,Illinois,1301 Paradise,1998-11-11,2473
crmid:8303143170,deliver1880@live.com,Natisha,Jennings,female,966-921-3633,North Royalton,United States,14219,Utah,571 Pilgrim,1999-03-13,1726
crmid:7446221015,banky2032@yandex.com,Jamel,Nolan,,829-272-8729,Pleasantville,United States,42722,New Jersey,449 Yorba,1990-03-08,2024
crmid:4879329374,derivedness2065@live.com,Larae,Carroll,female,655-174-3805,St. Cloud,United States,21498,Tennessee,1200 United Nations,1958-05-05,2718
crmid:1455440569,adiana1983@yahoo.com,Jeff,York,,477-236-5801,Kingsville,United States,55233,Nebraska,351 Presidio,1978-09-08,2409
crmid:2633448874,entredeux1875@gmail.com,Javier,Dale,male,578-736-9704,Carol Stream,United States,82111,Rhode Island,774 Acadia,1944-05-07,1075
crmid:5732051523,paves1893@gmail.com,Rodney,Barr,,019-425-6321,Kannapolis,United States,76800,Idaho,75 Hawthorne,1976-12-09,2721
crmid:6524930027,apathies2038@yandex.com,Monty,Clark,,058-543-8467,Greenville,United States,74441,New Jersey,105 Webb,1968-12-21,2474
crmid:6823453847,sak1984@yahoo.com,Tim,Lester,,417-984-6360,Rohnert Park,United States,70853,South Dakota,981 Moss,1983-01-17,1556
crmid:4235798972,fatidical1908@yandex.com,Neville,Skinner,male,380-313-3680,Avon Lake,United States,89668,Kansas,106 Gillette,1935-11-23,754
crmid:5585580851,funkia2054@live.com,Ezequiel,Hickman,,840-600-1700,Takoma Park,United States,75464,Indiana,959 Stern Grove,1969-09-13,1309
crmid:7060844950,dekle1926@live.com,Diamond,Prince,female,204-526-6435,Edina,United States,67222,California,895 Ohlone,1958-11-05,1771
crmid:1132073090,sexiness2027@gmail.com,Leon,Slater,male,181-420-5472,Ankeny,United States,68484,Maine,599 Dunshee,1932-11-12,2327
crmid:6214473564,hamartia2062@outlook.com,Lorenzo,Mccullough,male,359-276-4804,Anniston,United States,85575,Oklahoma,598 Mirabel,1933-06-19,305
crmid:7328709379,stonelayer1939@outlook.com,Otis,Fuentes,,005-888-1132,Tracy,United States,43462,Colorado,106 Balceta,1990-08-11,2792
crmid:4379061556,cequi1865@live.com,Tim,May,,965-950-6043,Trenton,United States,78285,Nevada,261 Clement,1997-07-07,2301
crmid:6711964357,starship2041@yahoo.com,Enoch,Richards,,888-112-1375,Springville,United States,79636,Illinois,1065 Jean,1999-08-22,876
crmid:2620232899,bowyer1910@outlook.com,Genaro,Guy,male,405-333-5489,Aliso Viejo,United States,97286,Arkansas,798 Pfeiffer,1931-12-23,745
crmid:7019603752,corium1860@gmail.com,Monty,Page,male,090-401-6756,Bethany,United States,76110,Alaska,1108 Pennington,1938-07-22,1428
crmid:8998220939,shearwater2008@yahoo.com,Vernon,Sanford,male,375-459-9319,Port Orange,United States,76615,Massachusetts,836 Macedonia,1943-12-18,821
crmid:6161482580,devest1894@outlook.com,Cassondra,Grimes,female,477-930-3310,Raymore,United States,67319,Idaho,891 Margaret,1949-02-12,820
crmid:1654222335,catheads1859@outlook.com,Lamar,Nash,,259-226-3668,Harrison,United States,74961,Maine,342 Latona,1970-08-13,2798
crmid:2925233776,extravagate1956@yandex.com,Stasia,Calderon,female,187-075-1115,Suffolk,United States,21781,Vermont,67 Rosella,1957-08-05,1805
crmid:5702813683,chumps1934@yandex.com,Eugene,Carney,,746-000-8013,Meriden,United States,62819,Kentucky,839 Bepler,1989-11-15,1949
crmid:4428719420,pachyhymenia1923@gmail.com,Beau,Steele,,122-785-3799,Oakland Park,United States,89737,Arizona,494 Bernice,1970-06-12,558
crmid:2398385798,bagels1992@yahoo.com,Coleman,Reynolds,male,513-380-2581,South Plainfield,United States,17234,Texas,394 Dellbrook,1943-02-24,1277
crmid:2472193809,iridescent2008@live.com,Ben,Delgado,male,688-141-3410,Parma,United States,02458,Tennessee,1318 Russian Hill,1937-01-08,1268
crmid:6006094434,kerb1892@outlook.com,Santo,Britt,,404-052-0341,Mukilteo,United States,47971,Illinois,708 Fair Oaks,1994-08-04,415
crmid:6777315367,ragger1964@yahoo.com,Jarred,Barry,male,437-151-3599,Neenah,United States,06933,Nebraska,988 Letterman,1995-02-20,996
crmid:7875596440,proveditor1982@gmail.com,Marquis,Hampton,,146-312-9867,Spring Hill,United States,91837,Mississippi,150 Clementina,1965-02-24,1251
crmid:8892822110,astrophil1884@yahoo.com,Burton,Valentine,male,792-548-5410,Alamogordo,United States,88794,Washington,570 El Polin,1930-02-28,1832
crmid:6331920809,supergeneric1847@live.com,Rachal,Gibbs,female,841-577-1552,San Fernando,United States,23067,Nevada,726 Dartmouth,1961-07-11,1840
crmid:1646269559,convict1979@live.com,Georgeanna,Sullivan,female,183-013-8597,Collierville,United States,17737,South Dakota,752 Montcalm,1949-03-28,2087
crmid:8146090174,diptera1849@yahoo.com,Hal,Graves,,852-764-5632,Janesville,United States,39732,Connecticut,735 Scotia,1975-05-22,1555
crmid:1211726744,kapp1884@yahoo.com,Gayle,Morin,,029-099-9874,Vacaville,United States,54619,Iowa,1067 Mark Twain,1997-11-14,2656
crmid:4616213222,answers1988@outlook.com,Earle,Wood,,564-472-9514,Portland,United States,45819,South Carolina,1150 Olmstead,1985-09-02,2689
crmid:6112613264,brayed2042@outlook.com,Matt,Palmer,male,903-491-1119,Binghamton,United States,96549,California,692 State,1939-07-22,709
crmid:7096565556,leafy1859@live.com,Ty,Mcdaniel,male,956-857-5268,New Britain,United States,56541,Tennessee,321 Van Keuren,1996-10-23,1675
crmid:3054562957,dervish1965@gmail.com,Adalberto,Bernard,male,588-874-2543,Battle Creek,United States,80479,North Dakota,764 Hartford,1936-01-03,1317
crmid:8089117418,unlawyerlike1962@yandex.com,Dominique,Mcbride,male,941-195-6718,Seymour,United States,55113,Minnesota,407 Raymond,1937-03-19,1714
crmid:1787571718,defined1870@gmail.com,Issac,Bush,male,661-237-8945,Orland Park,United States,92711,Utah,1372 Saint Marys,1943-05-04,926
crmid:1483684286,heterosexual1800@yandex.com,Sammy,Frazier,female,961-813-3794,Cornelius,United States,41823,Oregon,90 Francis,1950-08-10,603
crmid:1879765021,cadmium2061@live.com,Jackie,Kirby,,810-730-5211,Yucaipa,United States,57587,Iowa,566 Dutch Windmill Access,1997-06-26,1398
crmid:4657021932,insect2019@yahoo.com,Stanton,Salinas,,891-177-7970,McKinney,United States,40367,Maryland,616 Rankin,1988-07-27,875
crmid:6964177432,arcus1937@yandex.com,Merlyn,Knox,female,933-973-7214,Redlands,United States,99640,South Dakota,300 Jennifer,1946-10-12,2723
crmid:8855050807,piperazine1801@gmail.com,Sheldon,Monroe,,888-932-1661,Sylvania,United States,30650,Tennessee,1332 Adam,1976-01-03,2022
crmid:9084557083,crepeau1841@yahoo.com,Lucien,Keith,,207-293-9247,League City,United States,35369,Colorado,520 Miles,1981-06-11,625
crmid:6746753615,neanderthal1937@outlook.com,Brent,Nielsen,male,332-881-3314,Windsor,United States,60576,Louisiana,739 Blatchford,1943-02-21,557
crmid:1472749238,ashton1858@outlook.com,Julian,Melton,,915-777-1016,Mattoon,United States,46659,Tennessee,668 Concourse,1988-08-13,2238
crmid:8015451516,peponidas2060@live.com,Chong,Cochran,,581-152-9612,Green Bay,United States,61816,New Hampshire,1054 Tapia,1968-11-22,1323
crmid:9339268118,defensor1985@outlook.com,Joel,Jennings,,579-612-2146,Greenbelt,United States,43365,Mississippi,1190 Fielding,1968-08-22,2934
crmid:3839153622,uprooter1988@yahoo.com,Monte,Goff,,546-741-1777,New Port Richey,United States,46683,Washington,298 Navajo,1996-07-14,2102
crmid:3156523715,chloropalladic1834@live.com,Mack,Cox,male,604-281-0804,Berea,United States,34060,New Hampshire,1268 Gibson,1938-07-07,1645
crmid:4240607452,chignon1922@live.com,Sheldon,Jefferson,,799-064-0129,O'Fallon,United States,87717,New Jersey,1002 Stanton,1976-01-05,2125
crmid:9599313175,apologies1895@outlook.com,Gale,Weiss,,081-280-8001,San Antonio,United States,27399,Iowa,1168 Tubbs,1962-03-12,368
crmid:6847638642,cramped2037@gmail.com,Ross,Baxter,,476-592-7780,Palm Bay,United States,40407,Iowa,1370 Russell,1983-08-01,1066
crmid:5017408518,documented2024@outlook.com,Jaimee,Bradford,female,996-972-0349,Westminster,United States,56068,New Hampshire,1278 Craig,1996-04-21,1118
crmid:5562561687,nobelist1991@gmail.com,Clarine,Crawford,female,981-485-3952,North Richland Hills,United States,91929,Mississippi,1346 Avenue C,1999-03-22,2420
crmid:9407526731,imperforates2061@yandex.com,Daren,Yates,,825-956-8452,Oakland,United States,59841,Indiana,1048 Nantucket,1999-07-06,1156
crmid:9084137996,unrowdy1920@gmail.com,Scottie,Hart,male,866-154-3867,Carpentersville,United States,93757,West Virginia,1376 Gold,1944-09-13,1078
crmid:6338370431,alister1876@yandex.com,Alejandro,Adams,,494-172-7972,Mission,United States,26046,Oklahoma,129 Santa Rosa,1991-05-17,1540
crmid:1120772330,periodontology1948@yahoo.com,Long,Short,,810-930-5520,Maryland Heights,United States,70883,Maine,184 Crestlake,1987-12-04,2957
crmid:7168788868,corporations2056@yahoo.com,Jong,Coleman,female,570-106-8141,Compton,United States,29898,Oklahoma,75 Flounder,1949-04-06,1708
crmid:8307195095,squirting2019@live.com,Frederic,Herring,,623-400-6346,Simpsonville,United States,42944,Nevada,1285 Hazelwood,1993-06-08,1589
crmid:5827005273,endang2008@gmail.com,Merle,Norton,,754-136-1231,Kenmore,United States,46683,Nebraska,282 Oneida,1977-08-13,492
crmid:8886049606,nonya2036@outlook.com,Doug,Higgins,male,096-652-5608,Belton,United States,15740,Illinois,1316 Clearview,1937-03-14,2191
