crmid,email,first_name,last_name,gender,mobile telephone,city,country,zip,state,street address,birthday
crmid:1604861668,darshi1981@gmail.com,Jorge,Gallagher,,454-231-5488,Minot,United States,95653,Arkansas,728 Decatur,1991-09-16
crmid:7829620184,exodium2008@gmail.com,Fleta,Long,female,413-622-2501,Cooper City,United States,91604,Nebraska,221 Roach,1950-12-06
crmid:6361161537,dentin2000@yandex.com,Darius,Knight,male,652-654-4298,South Milwaukee,United States,59448,Utah,542 Westside,1930-03-16
crmid:3926167357,earwig2040@live.com,Eloy,Holder,,546-388-7224,Herriman,United States,47478,North Dakota,203 Russian Hill,1971-07-11
crmid:8994197297,readiness1981@yahoo.com,Dwight,Bradley,,899-894-4843,Rancho Mirage,United States,30012,Minnesota,877 Yorba,1978-02-20
crmid:4732340360,gothish2019@gmail.com,Burl,Jordan,,474-650-6345,Venice,United States,55654,North Carolina,774 Rankin,1973-09-05
crmid:2190151744,unworshipful2058@yandex.com,Tyron,Battle,,067-928-1947,Ogden,United States,77353,Vermont,99 Wheeler,1971-10-30
crmid:6293870117,distances1839@yahoo.com,Dominica,Fowler,female,457-087-9504,Dixon,United States,18737,Missouri,877 Rosie Lee,1955-03-10
crmid:4452059345,crowds1996@live.com,Christeen,Rivera,female,352-499-2360,Sapulpa,United States,62723,Missouri,1262 Treat,1958-02-25
crmid:7041697186,agonizing1928@outlook.com,Tyrone,Terry,,265-541-1370,Joplin,United States,20856,South Carolina,1311 Halyburton,1976-05-15
crmid:4735779556,alboranite1950@outlook.com,Casey,Moran,,786-261-9667,Galveston,United States,93052,West Virginia,1091 Tucker,1965-01-12
crmid:8508146696,achira2024@yahoo.com,Rosendo,Tyler,male,055-191-7219,Bellwood,United States,43640,North Carolina,1140 Richland,1937-08-29
crmid:5666887561,bibiri1879@outlook.com,Cletus,Hahn,,936-495-2217,San Marcos,United States,62923,Nebraska,788 Drummond,1963-04-30
crmid:7373899721,severality1977@live.com,Solomon,Craft,,144-577-2799,Lakeville,United States,93821,Minnesota,306 Palou,1980-12-13
crmid:3852188786,dominiqu2067@yahoo.com,Micheal,Kemp,,575-198-0254,Leawood,United States,48425,South Carolina,418 Velasco,1981-07-19
crmid:2324401791,hydroxyurea1979@outlook.com,Taylor,Warren,,396-033-9815,Shoreline,United States,49055,Oklahoma,1150 Maynard,1989-11-01
crmid:4343482441,brennand1914@yandex.com,Cleopatra,Payne,female,826-710-2653,Clovis,United States,01282,South Dakota,251 Sibley,1948-02-23
crmid:6765742198,kilts1968@yahoo.com,Irwin,Guthrie,male,735-066-9916,Bridgeton,United States,93513,Kansas,506 Stow Lake,1941-05-12
crmid:8301441280,goldfinch2053@outlook.com,Ward,Duncan,male,324-329-2040,Bangor,United States,55432,New Hampshire,468 Melra,1936-10-09
crmid:9095223171,toruloid1913@yandex.com,Erwin,Ramos,,464-518-1800,Gainesville,United States,76199,Washington,1314 Crane,1964-12-21
crmid:3186389799,tuke1850@live.com,Chance,Nash,,673-617-4087,Mason City,United States,72044,Connecticut,1398 Kennedy,1987-08-08
crmid:2211041902,pleiocene2031@yahoo.com,Ned,Welch,,206-838-7147,La Habra,United States,41490,New Hampshire,486 Mendosa,1978-08-08
crmid:5418441536,dipterocarpaceae2037@gmail.com,Lorita,Wilcox,female,491-406-3342,San Luis,United States,19016,New Jersey,946 Amazon,1954-06-23
crmid:7514261544,ventages2069@outlook.com,Judson,Holland,male,358-823-2622,Allentown,United States,38445,North Carolina,437 Holland,1931-06-14
crmid:3509860333,axiomatic1894@gmail.com,Rob,Eaton,,389-629-4324,Seymour,United States,53042,Texas,625 Felix,1979-01-01
crmid:8660871612,hydrome2013@yandex.com,Maximina,Todd,female,391-785-0039,El Paso,United States,32646,Pennsylvania,317 Valletta,1958-06-29
crmid:3211574537,scatt1866@yahoo.com,Nubia,Rivera,female,756-152-5786,Villa Park,United States,27544,Minnesota,376 Ocean,1957-07-25
crmid:3858935740,overembroider1904@yandex.com,Terisa,Benson,female,950-655-6328,Danville,United States,99065,Wisconsin,1125 West Pacific,1953-11-17
crmid:9769825240,erythrocyte1884@live.com,Edmund,Livingston,male,416-349-1901,Acworth,United States,16669,New Jersey,1319 Culebra,1930-03-17
crmid:4230020449,simmer1806@gmail.com,Gudrun,Knox,female,942-915-1968,Elk Grove,United States,17066,Rhode Island,206 Ames,1959-04-16
crmid:7187267014,assausive1950@gmail.com,Hoyt,Sims,,210-714-6938,Salina,United States,50829,Vermont,536 Clement,1963-02-28
crmid:6061674996,apritif1957@yandex.com,Al,Mayo,male,875-053-8044,New Brunswick,United States,50138,Virginia,1155 Neptune,1996-10-01
crmid:8165948391,stupid1818@yahoo.com,Sid,Vinson,,391-913-4671,High Point,United States,69705,Michigan,76 Vidal,1971-11-11
crmid:4254631137,costard1910@gmail.com,Chester,Nixon,male,955-024-6666,Berea,United States,00923,Indiana,39 Church Access,1938-02-21
crmid:4426078412,gaur2001@yandex.com,Jayson,O'connor,,226-847-7658,Westlake,United States,39227,Maryland,354 Owen,1980-08-31
crmid:4983485038,costs1874@yandex.com,Denese,Gates,female,010-853-2947,Oakdale,United States,21789,Georgia,158 Ankeny,1955-02-11
crmid:3037147290,brockie1857@yandex.com,Gary,Garcia,,948-702-0408,Forest Grove,United States,06377,Indiana,842 Samoset,1962-01-13
crmid:2296984468,adolphe1891@live.com,Antony,Osborn,,403-876-3944,Kearney,United States,80050,Missouri,500 Fair,1976-01-26
crmid:3406355705,scimitar1928@live.com,Octavio,Maddox,male,565-170-7398,Blue Island,United States,44997,Kansas,1182 Tulane,1939-07-18
crmid:5454014892,filagree1805@live.com,Bradford,Palmer,,518-484-9051,Midvale,United States,00038,Alabama,1129 Gladeview,1990-01-10
crmid:3411510404,abaft1881@outlook.com,Tayna,Levy,female,540-012-8584,Pottstown,United States,74898,Hawaii,1221 Miraloma,1950-08-17
crmid:7986492896,postcard1998@outlook.com,Kaci,Logan,female,787-708-0000,Delano,United States,65876,Missouri,205 Arch,1954-11-08
crmid:6782329921,nonflexibleness1863@outlook.com,Terrell,Morris,,530-232-0214,Rosemount,United States,33664,South Carolina,1112 Country Club,1978-06-12
crmid:2477269357,dingo1826@yandex.com,Rolf,Mooney,male,959-167-2971,Adrian,United States,86180,North Dakota,400 Incinerator,1930-08-20
crmid:5603876222,decreers2026@gmail.com,Marc,Greer,,524-451-9866,Leavenworth,United States,82639,Pennsylvania,389 Robert Kirk,1981-04-04
crmid:6148982497,indisciplinable2035@yandex.com,Lynwood,Coleman,,512-517-8645,Kansas City,United States,39382,Utah,351 San Jacinto,1976-06-03
crmid:4657068104,direction2065@outlook.com,Barton,Glover,male,047-202-9011,Richfield,United States,13965,Connecticut,328 Bruce,1945-01-11
crmid:7162210754,brynn1981@live.com,Alyse,Fowler,female,617-362-8429,Denison,United States,52473,South Carolina,50 Elmhurst,1954-10-01
crmid:9293625414,alien2000@outlook.com,Bradly,Banks,,463-033-8857,Klamath Falls,United States,03801,California,94 Regent,1978-02-24
crmid:6436292156,evens1890@live.com,Stacey,Bruce,,625-227-3562,Long Beach,United States,57475,New Hampshire,248 Ewer,1984-09-06
crmid:3406319603,fabulously1855@yandex.com,Sammie,Booker,,710-595-6469,Greenville,United States,93703,Virginia,496 Codman,1968-05-11
crmid:9950753279,malleablize1846@outlook.com,Seth,Battle,,447-952-3649,McKinney,United States,69455,Tennessee,340 Cayuga,1988-11-05
crmid:7163873861,ag2027@yandex.com,Hyon,Perry,female,882-688-6122,Utica,United States,17748,Montana,318 Hester,1951-04-23
crmid:3418381621,salpingopharyngeus1846@yahoo.com,Nicholas,Savage,male,581-081-7964,Beaumont,United States,94309,North Carolina,214 Pacific,1936-07-26
crmid:1684213467,buggyman1955@gmail.com,Cira,Cervantes,female,104-774-2394,Plant City,United States,61143,Georgia,1012 Alberta,1948-02-05
crmid:1104278468,cutesy1820@yahoo.com,Irving,Murray,,026-530-2544,Goodlettsville,United States,39066,Arizona,44 Agnon,1967-05-27
crmid:4493796191,panicked1876@live.com,Irving,Pacheco,,447-595-6509,Park Forest,United States,92578,Utah,1003 Silliman,1966-02-18
crmid:8040800426,haplome1888@live.com,Damian,Collier,male,085-223-1043,Bend,United States,14910,Oklahoma,482 Douglass,1938-02-06
crmid:7483419653,intracutaneously2030@outlook.com,Virgil,Dudley,,635-092-5891,Rock Springs,United States,34627,South Carolina,921 Rio,1978-12-14
crmid:4977274034,noblify1861@outlook.com,Arvilla,Zimmerman,female,066-730-1526,The Colony,United States,97946,Pennsylvania,645 Cornwall,1949-01-19
crmid:1327981739,roving2041@gmail.com,Stephan,David,,893-215-8595,Hallandale Beach,United States,75025,California,773 Sears,1969-09-28
crmid:1451805510,juking1995@gmail.com,Casie,Noble,female,071-777-1808,Norristown,United States,10030,Wisconsin,908 Dorman,1998-04-28
crmid:7753396998,arachnoid1944@yandex.com,Joaquin,Rice,male,886-322-3126,Sunnyvale,United States,69315,Utah,1208 Keystone,1944-05-24
crmid:6510670246,conserver1954@live.com,Svetlana,Sullivan,female,361-927-1779,Zanesville,United States,85808,Montana,1016 Linda Vista,1952-10-16
crmid:1319113901,alleviated1920@live.com,Edmund,Ortega,,399-083-2750,Imperial Beach,United States,78517,Missouri,1000 Harry,1974-12-27
crmid:5289130868,comfortable2051@yahoo.com,Randall,Golden,,967-567-5782,League City,United States,70823,Louisiana,930 Spring,1981-12-31
crmid:9034731710,mindsets2011@outlook.com,Vernia,Foley,female,787-928-3907,Claremore,United States,56552,Kentucky,662 Polk,1948-09-10
crmid:5815319634,quail1993@outlook.com,Isreal,Hughes,,606-245-3197,Huntsville,United States,84254,Missouri,1244 States,1974-05-16
crmid:7021755205,unicapsular1872@live.com,Shaun,Sykes,female,592-678-4324,Denver,United States,98997,Oregon,1142 Dellbrook,1954-08-28
crmid:5509328061,uniembryonate1997@outlook.com,Columbus,Weeks,male,679-651-0692,Wayne,United States,01536,Virginia,1239 Bell,1936-02-18
crmid:8483319738,sclerosing1842@yahoo.com,Timmy,Lane,male,042-319-8045,Warren,United States,05352,New York,33 Haight,1934-09-17
crmid:6011582226,bickford2070@gmail.com,Columbus,Gillespie,,615-083-4234,La Mirada,United States,80483,Connecticut,719 Uranus,1978-01-20
crmid:7880925576,dropsy1928@live.com,Brenton,Aguirre,,153-727-1894,Meridian,United States,32903,Kentucky,782 Crystal,1989-07-21
crmid:9504872064,folkmooter1887@yandex.com,Fletcher,Conrad,male,262-955-8890,Rahway,United States,01662,Tennessee,473 Lane,1941-04-07
crmid:9339280882,cogitate2059@live.com,Raul,Santos,,153-928-4944,Xenia,United States,62177,New Mexico,1109 Sydney,1970-05-04
crmid:7762963575,skilling1821@gmail.com,Ellyn,Stone,female,185-991-4297,South Holland,United States,28632,Oklahoma,786 Fowler,1960-03-28
crmid:8384430095,acephalous1912@live.com,Heide,Brooks,female,366-502-4839,Chowchilla,United States,65719,Iowa,635 Lick,1947-12-25
crmid:9432247501,chaute2025@live.com,Brittny,Bruce,female,454-318-7553,Chesapeake,United States,03445,New Jersey,770 Maddux,1946-01-04
crmid:3281135387,geometry1965@outlook.com,Vinita,Cantrell,female,159-631-7339,College Park,United States,55315,Rhode Island,685 Karen,1949-09-05
crmid:9618630005,emogene2032@live.com,Edmund,Reynolds,male,940-597-6689,Bloomington,United States,96773,New Jersey,1001 Revere,1939-11-06
crmid:5463821730,methylacetanilide2049@gmail.com,Long,Howell,,285-154-4014,Rancho Cordova,United States,77114,West Virginia,173 South Hughes,1990-12-31
crmid:2301423538,contraptious2016@yandex.com,Les,Rivas,,037-342-9716,Gary,United States,12324,Arkansas,654 Palmetto,1965-02-19
crmid:8059180115,roseola1877@gmail.com,Darryl,Horn,male,783-755-3615,Arcata,United States,16617,Tennessee,301 Louisburg,1933-03-14
crmid:7273827582,supratrochlear1994@yahoo.com,Warren,Richards,male,552-313-5243,Anoka,United States,77275,Nebraska,167 Grand View,1933-10-24
crmid:4283618186,civility1881@gmail.com,Georgetta,Burns,female,681-174-4153,Passaic,United States,51180,Hawaii,363 Curtis,1951-03-04
crmid:7362542427,tmeses1849@outlook.com,William,Mendoza,,459-875-3501,St. Louis,United States,35859,North Carolina,607 Fremont,1978-09-30
crmid:2613434853,boutade1887@yandex.com,Erin,Schwartz,,758-291-0417,Prescott Valley,United States,32183,Florida,201 Treasury,1980-04-10
crmid:2867834305,sines1896@yandex.com,Alisia,Bryant,female,258-684-7072,Costa Mesa,United States,02125,Massachusetts,920 Wabash,1951-01-04
crmid:8360331943,underproduction1910@gmail.com,Kelsie,Hooper,female,250-468-1701,Dyersburg,United States,74822,Oklahoma,47 Deems,1956-05-14
crmid:2850027845,assorted1904@yandex.com,Rickey,Arnold,,232-070-2378,Santa Monica,United States,49644,Florida,420 Gambier,1983-08-20
crmid:3924764509,breena1806@gmail.com,Darryl,Walls,male,804-832-7591,Niles,United States,09990,Arkansas,174 Bird,1997-01-05
crmid:3383399819,forecastlehead2034@outlook.com,Ward,Warren,male,781-774-6366,Broken Arrow,United States,55435,Idaho,127 Edward,1941-10-30
crmid:9942009537,bowered1817@outlook.com,Keenan,Whitaker,,322-389-5435,Merrillville,United States,08942,Indiana,512 Merritt,1989-02-16
crmid:4477817932,ellie1808@yahoo.com,Jeanett,Erickson,female,528-287-3323,Raleigh,United States,58266,South Dakota,381 Appleton,1995-04-26
crmid:6021732291,sokols1904@gmail.com,Werner,Pitts,,032-009-5053,Kirksville,United States,76595,Arizona,1243 Gates,1978-12-05
crmid:5185718464,daceloninae1994@yandex.com,Dustin,Keller,male,001-815-7392,Rolla,United States,51182,Wyoming,157 Aquavista,1943-03-16
crmid:8018943459,endotropic1989@yahoo.com,Delbert,O'brien,male,547-743-8916,Vero Beach,United States,91613,North Carolina,920 Oriole,1945-03-22
crmid:5543637744,congregate1849@live.com,Tran,Mclaughlin,female,204-327-4565,Mountain Brook,United States,77540,Kansas,363 Benton,1994-12-17
crmid:6447368588,dumper2057@yahoo.com,Sam,Wilkinson,,493-714-7703,Westfield,United States,50853,North Carolina,882 Robert Kirk,1996-07-01
crmid:3917242875,emmaline2048@yahoo.com,Ilda,Blankenship,female,060-676-2041,Cicero,United States,28240,Tennessee,949 Bonifacio,1947-04-03
crmid:7067306473,extravagate2038@yahoo.com,Mike,Barnett,,281-454-9610,Milwaukie,United States,14073,Alabama,946 Commonwealth,1991-02-14
crmid:5168037764,daceloninae1831@yandex.com,Irving,Howard,,210-787-4511,Laguna Niguel,United States,25490,Iowa,587 Crystal,1979-05-05
crmid:4378670165,censorial1946@yahoo.com,Herbert,Bullock,,853-010-5027,Saratoga Springs,United States,33717,Maryland,303 Kramer,1980-01-13
crmid:8703148462,pharm2036@gmail.com,Louie,Valdez,male,788-357-5333,Athens,United States,30478,Maryland,1074 Marne,1934-06-29
crmid:6810044592,ernestine1963@outlook.com,Rubin,Mcmillan,male,604-376-8065,North Ridgeville,United States,71576,Massachusetts,1337 Manchester,1999-09-04
crmid:1018880451,buckhorn2066@live.com,Ellsworth,Mendoza,male,512-832-8030,Prairie Village,United States,01972,New Mexico,338 Sunview,1934-03-20
crmid:8700638505,shuttlelike1903@live.com,Domingo,Holt,male,032-485-0011,Annapolis,United States,91752,Hawaii,761 Berry,1933-11-05
crmid:6487038372,cordinar1985@yandex.com,Raymundo,Rojas,,041-303-1515,Grand Prairie,United States,23736,Alabama,1169 Peabody,1967-04-14
crmid:4978501418,roving1979@yahoo.com,Karl,Mays,,672-928-2125,Liberty,United States,40859,Pennsylvania,706 Minna,1982-08-13
crmid:7300132345,butcheress2019@live.com,Elias,Franklin,male,507-544-2713,Stockton,United States,77133,West Virginia,52 Ravenwood,1941-03-10
crmid:7489973251,aggregat1898@yandex.com,Dylan,Vance,male,261-720-3486,Westland,United States,50121,North Dakota,471 Laussat,1997-01-20
crmid:5738040153,slub1803@yandex.com,Lashawnda,Fleming,female,046-603-0843,Dixon,United States,22004,Tennessee,750 Carr,1955-05-10
crmid:3969510371,complement1966@outlook.com,Alton,Snow,,459-412-7073,Glendale,United States,47687,Kansas,588 Santa Marina,1966-08-20
crmid:7182765694,vibrative1868@live.com,Jaye,Talley,female,095-121-6616,Tampa,United States,12675,Maine,210 Anza,1953-12-08
crmid:4647097644,armourer1941@outlook.com,Dan,Petersen,,652-013-4652,Pittsfield,United States,77251,Ohio,568 Ambrose Bierce,1965-12-30
crmid:8900038749,banda1924@live.com,Sal,Carney,,980-053-7103,Muskego,United States,47171,Washington,558 Highland,1994-07-17
crmid:5422779816,serosa2048@yahoo.com,Adrian,Buchanan,,020-383-8173,Longview,United States,62076,Connecticut,424 Keith,1984-12-29
crmid:8536672763,peery1868@gmail.com,Kamala,Norton,female,075-962-3723,Upper Arlington,United States,28638,Iowa,1211 Addison,1961-04-22
crmid:1091606718,dabblingly2029@outlook.com,Buford,Schroeder,,996-496-0055,Marquette,United States,15095,Wyoming,258 Roselyn,1987-03-26
crmid:8513386082,jeopardise1932@yahoo.com,Dewey,Gardner,,740-047-2164,Highland Village,United States,38171,Massachusetts,530 Vandewater,1971-06-22
crmid:5582365375,iglu2009@yandex.com,Luther,Barker,male,995-667-2843,Boulder,United States,68079,West Virginia,1057 Harriet,1940-12-30
crmid:9425142614,dumas2048@yandex.com,Bryant,Olson,,785-996-6047,Lansing,United States,04605,New Jersey,439 Whitney,1980-01-16
crmid:4318752351,lageniform1807@live.com,Dwayne,Aguilar,,108-032-3930,Hudson,United States,70148,Alabama,163 Cleary,1973-12-08
crmid:9487029516,albus2042@live.com,Kory,Suarez,,141-261-1291,Midwest City,United States,70888,Vermont,171 Sequoia,1990-12-28
crmid:3461668796,pasquilant1868@yahoo.com,Denese,Campos,female,126-687-7337,Coronado,United States,71708,Georgia,242 Franconia,1951-02-05
crmid:3224389889,preview1921@yahoo.com,Rudolf,Powell,,491-995-0258,Philadelphia,United States,68848,Washington,487 Mission,1988-06-27
crmid:6908734706,bilbo1928@yandex.com,Clint,Peterson,male,794-624-9414,Palisades Park,United States,17318,Hawaii,1313 Saturn,1942-02-23
crmid:4605869213,burian2047@outlook.com,Hunter,Wade,male,282-565-1819,Blue Springs,United States,28442,Idaho,178 La Avanzada,1939-05-30
crmid:1375288846,cilice1988@gmail.com,Sal,Kelly,,221-012-8363,New Bern,United States,68454,Pennsylvania,811 Nellie,1996-10-13
crmid:9629042915,goose1805@live.com,Mauro,Edwards,male,283-951-7447,Brea,United States,92402,Mississippi,662 Treasury,1941-07-09
crmid:4495209209,athletics1885@outlook.com,Pablo,Snow,,384-724-5099,Lansing,United States,67875,South Carolina,1375 Woodward,1980-11-20
crmid:5338574013,esq2024@live.com,Vance,Beasley,,873-372-4908,Germantown,United States,59937,Wyoming,112 Williar,1966-09-20
crmid:9046748983,convolvulus1955@gmail.com,Roosevelt,Baxter,,195-209-1336,South Portland,United States,50640,Virginia,859 Lick,1998-05-02
crmid:7534076706,appellations2028@outlook.com,Edward,Holden,,011-366-8901,Klamath Falls,United States,04645,New Hampshire,51 Miles,1978-01-22
crmid:5471161406,celadon1987@outlook.com,Vance,Tate,,473-410-4214,Mankato,United States,14569,Rhode Island,749 Thomas,1986-03-23
crmid:3471688798,vibrio1875@yandex.com,Venice,Scott,female,763-786-5809,New Britain,United States,15117,Utah,676 Taraval,1996-03-26
crmid:8517129414,baronesses1820@yandex.com,Kelly,Cunningham,,831-822-3029,Rochester Hills,United States,58895,Utah,431 Marin,1963-08-30
crmid:9028406881,couple2022@yahoo.com,Cherryl,Spencer,female,158-420-8839,Westmont,United States,18382,New Mexico,483 Wisser,1947-02-28
crmid:3672742849,akbash1925@yahoo.com,Archie,Montgomery,,548-228-0665,Hamtramck,United States,46090,Maryland,503 Ward,1969-07-30
crmid:9009934138,unmercifully1954@yandex.com,Von,Mckee,male,959-515-9056,Calumet City,United States,58131,Rhode Island,1052 Tehama,1943-10-19
crmid:4065203580,shaly1943@yandex.com,Thomas,Alexander,,722-897-8281,Hays,United States,04584,Oklahoma,597 Moraga,1970-01-17
crmid:5197307195,hews1936@outlook.com,Thomas,Carver,,788-530-2073,Iowa City,United States,89655,South Carolina,560 Jansen,1974-05-31
crmid:2666899672,pony1803@outlook.com,Moriah,Torres,female,634-596-6100,Chesapeake,United States,68660,Arizona,747 Automobile,1946-10-13
crmid:4062856972,restatement1829@live.com,Winfred,Dyer,male,149-227-1343,Beckley,United States,86924,Utah,732 Bluxome,1937-10-30
crmid:7829752355,deposit1879@gmail.com,Anisa,Fletcher,female,858-437-3708,Roselle,United States,20039,Georgia,825 Wilder,1958-01-10
crmid:9162972728,cebil1979@yahoo.com,Levi,Shepard,,620-179-3880,Loves Park,United States,41833,South Dakota,1323 Guerrero,1984-08-19
crmid:9288460586,noblify2050@yahoo.com,Haywood,O'donnell,male,628-200-1492,North Little Rock,United States,78760,Kentucky,1022 Mission,1998-10-29
crmid:9997123805,entredeux1816@gmail.com,Coleman,Olsen,male,950-015-4596,Stamford,United States,06100,Georgia,38 Saint Josephs,1938-12-21
crmid:2517894255,blowing2028@yahoo.com,Zada,Durham,female,001-212-7540,DeSoto,United States,88272,Ohio,70 Rosella,1953-11-27
crmid:9659096065,freemen1995@outlook.com,Gerry,Harmon,,461-919-3214,Haverhill,United States,30393,New York,1260 Southwood,1970-06-02
crmid:3230269953,abbotships2004@yandex.com,Jules,Case,,485-767-6303,Round Lake Beach,United States,80610,Illinois,1357 Russian Hill,1965-01-10
crmid:4573199286,brushwood1977@live.com,Clemente,Miranda,,525-084-6442,Hays,United States,82143,North Dakota,21 Karen,1970-03-09
crmid:1626804523,elkins1940@outlook.com,Nevada,Diaz,female,901-388-1809,Dothan,United States,32972,South Carolina,393 Chaves,1955-07-08
crmid:8228410265,efficience1973@live.com,Monte,Clemons,,972-047-9370,Helena,United States,70544,Michigan,1281 Northern,1970-12-19
crmid:7460826012,guineafowl1879@live.com,Domenic,Randall,,221-159-2286,Marlborough,United States,21897,Utah,446 Duboce,1987-05-21
crmid:7830272254,unperfidiousness2059@live.com,Sherilyn,Mooney,female,372-942-9888,Champlin,United States,89648,Florida,970 Madison,1946-10-15
crmid:2536798570,downhills1848@yandex.com,Monte,Mccall,,066-521-2956,Virginia Beach,United States,62382,Oregon,1138 Dellbrook,1967-07-25
crmid:3302070627,skewbacked2011@yandex.com,Ethan,Harrington,male,115-858-4870,Antioch,United States,63681,Delaware,1110 Tuscany,1933-11-07
crmid:2553108056,arbores1818@gmail.com,King,Vasquez,,716-548-1919,La Mesa,United States,47437,Illinois,646 Barneveld,1978-07-23
crmid:4178556955,cramped1884@live.com,Azalee,Steele,female,106-422-6118,El Reno,United States,04911,Colorado,917 Brady,1958-01-28
crmid:8721451418,spice1941@yandex.com,Rudolf,Cunningham,,670-786-5099,Maryland Heights,United States,20829,Massachusetts,1055 Junipero Serra,1987-05-26
crmid:3861145531,airish1994@yahoo.com,Kirby,Santos,male,223-098-7597,Brigham City,United States,39832,Louisiana,648 Hayward,1941-06-26
crmid:8902879716,thorax2068@yandex.com,Chance,Haynes,male,069-494-2310,Onalaska,United States,69327,Massachusetts,1170 Rankin,1944-02-13
crmid:8329573097,creative1808@yahoo.com,Regan,Cash,female,217-452-9946,Daly City,United States,43021,Wyoming,1356 Saint Charles,1952-07-05
crmid:2599819921,moorhen2028@gmail.com,Ty,Steele,male,184-717-5635,Bradenton,United States,98184,Michigan,1105 Elizabeth,1941-09-28
crmid:3239971778,rebrace2068@yahoo.com,Jackson,Hendricks,,376-462-2176,North Lauderdale,United States,21933,North Dakota,851 Midcrest,1998-05-23
crmid:2660359326,proattendance2047@live.com,Efrain,Luna,,981-594-8595,Garden City,United States,57031,New Hampshire,989 Broderick,1965-10-24
crmid:2472214662,punproof2070@outlook.com,Rayford,Gould,,512-014-5492,Hannibal,United States,79734,Maryland,932 Sturgeon,1969-12-09
crmid:9318032253,myelopathy1876@gmail.com,Cyndy,Kline,female,582-535-9176,East St. Louis,United States,11116,Kansas,791 Wisser,1957-02-16
crmid:1658115683,egalites1838@gmail.com,Young,Stanley,,846-801-8117,Monterey,United States,92889,Rhode Island,935 Bush,1992-09-07
crmid:3989326867,blubber2026@yandex.com,Dani,Spencer,female,702-558-3893,Colonial Heights,United States,12470,Kansas,778 Whitney Young,1949-02-28
crmid:3206137322,amontillado1993@gmail.com,Jasper,Mueller,,524-738-0726,Junction City,United States,18760,Oregon,1109 Northern,1976-02-01
crmid:5504010481,catchpole1911@yandex.com,Milo,Richmond,,251-641-6937,Long Beach,United States,81147,Indiana,537 Esquina,1984-12-05
crmid:5894301493,internetwork1840@yahoo.com,Ron,Snider,male,526-291-5126,Weirton,United States,54305,Louisiana,1396 Caine,1995-01-16
crmid:1495892080,scorpion1999@gmail.com,Curtis,Berry,male,775-292-7689,Palmdale,United States,80060,Nevada,373 Heather,1937-02-03
crmid:8956106177,interscene1904@yandex.com,Billy,O'neill,male,190-018-6215,Alexandria,United States,01219,Alabama,455 Burlwood,1931-01-22
crmid:7603672355,abrus1839@outlook.com,Johnie,Wood,,932-501-4270,Lake Havasu City,United States,26350,Connecticut,449 Magellan,1980-05-10
crmid:8936907944,letdown1964@yandex.com,Hilario,Stewart,,360-267-5406,Kingsport,United States,12271,Massachusetts,806 Nahua,1977-03-04
crmid:7996335522,blacklegging2052@outlook.com,Reggie,Norton,male,594-347-0483,Aiken,United States,48349,Nebraska,717 Fulton,1930-08-22
crmid:6421690982,bulbilla1961@gmail.com,Caroll,Pena,female,336-192-3994,Concord,United States,00593,New Jersey,1109 Morningside,1950-02-23
crmid:3789713874,troughlike2043@outlook.com,Amira,Ayers,female,427-328-2908,Raleigh,United States,50591,Alaska,115 Hale,1998-04-01
crmid:8172733955,anagoges1977@yahoo.com,Tad,Hester,,404-892-8280,Lake Havasu City,United States,51058,Vermont,1128 John Muir,1980-09-22
crmid:3268151742,hypocoristical1810@yandex.com,Efrain,Levine,male,398-632-7435,Bettendorf,United States,11039,South Carolina,677 Font,1938-03-17
crmid:1333673845,agdistis1987@gmail.com,Jamie,Armstrong,male,887-104-9111,Revere,United States,98023,Utah,1091 Colusa,1943-05-01
crmid:4869182496,massa1917@outlook.com,Gus,Hodges,male,175-748-5411,Brooklyn Park,United States,26870,Maine,1137 Von Schmidt,1942-04-14
crmid:7182174956,abnegative2012@live.com,Shirley,Mcfadden,male,289-273-4148,Blacksburg,United States,53574,Indiana,1008 Boynton,1939-09-19
crmid:1065005134,ludicrous1971@outlook.com,Kurt,Jones,male,313-934-6348,Burleson,United States,36331,Mississippi,1008 Music Concourse Access,1943-06-16
crmid:6351582058,antelope2056@gmail.com,Shane,Harvey,,326-605-3741,Goose Creek,United States,58957,Alaska,1027 Olympia,1967-10-15
crmid:2607231941,charlotte2067@live.com,Edgar,Albert,,550-336-1414,Manhattan Beach,United States,74179,South Carolina,181 Treat,1986-12-16
crmid:2355712074,constantinople1803@yahoo.com,Andres,Michael,,251-608-3455,Hopkinsville,United States,24036,Alaska,161 Jessie East,1973-04-08
crmid:4533889974,eunice1844@outlook.com,Alvin,Small,,868-529-2783,Tahlequah,United States,77574,Georgia,1028 Arbol,1994-12-24
crmid:5095344744,theek1874@outlook.com,Genia,Lott,female,190-399-4771,East Lansing,United States,17651,Kansas,490 Evergreen,1957-03-17
crmid:1422838707,unnestle1915@outlook.com,Williams,White,,084-292-7505,Greenwood,United States,83695,Indiana,796 Grove,1968-12-13
crmid:5625629443,palmetto2019@gmail.com,Bo,Lara,,376-951-2549,Pleasant Hill,United States,73469,South Dakota,1155 Berwick,1976-06-13
crmid:4602004023,cochin2056@live.com,Luciano,Edwards,,338-363-2763,Miami,United States,16245,Rhode Island,1384 Stoneyford,1990-03-16
crmid:9860136836,unknots1949@gmail.com,Larry,Walton,female,708-137-3969,San Juan,United States,92027,California,735 Cleo Rand,1955-05-30
crmid:2870308920,datos1857@yandex.com,Vincenzo,Gentry,,673-111-2339,Medford,United States,89866,Massachusetts,1052 Great,1988-08-26
crmid:4394732385,rebrace1925@yahoo.com,Lemuel,Freeman,,047-415-1924,Fort Lee,United States,94730,West Virginia,1119 Broderick,1963-07-15
crmid:3011954708,neuropathical1848@live.com,Erasmo,Dominguez,,597-310-5730,Frisco,United States,51140,North Dakota,402 Olympic Country Club,1964-09-08
crmid:4120140709,bossman1939@outlook.com,Tawna,Rodgers,female,792-090-0691,Eastpointe,United States,67483,New Mexico,436 Jasper,1957-11-23
crmid:3560536401,wastiest1989@live.com,Toby,Carter,,819-996-4945,Suffolk,United States,82639,Ohio,894 Division,1985-05-21
crmid:5940856600,septembral1980@gmail.com,Lavera,Gaines,female,051-183-8842,Elmwood Park,United States,20305,Hawaii,472 Coralino,1959-05-11
crmid:7479077844,findings1944@yandex.com,Monte,Bonner,,369-578-9658,San Angelo,United States,35412,Maryland,1356 Wedemeyer,1970-05-17
crmid:3937319981,spondulics1955@live.com,Emmett,Potter,,399-027-8576,Montgomery,United States,40817,Washington,333 Palo Alto,1992-08-06
crmid:3642943948,ascension1926@outlook.com,Orville,Booker,male,219-175-1579,Bourbonnais,United States,97087,Ohio,415 Hoffman,1940-10-25
crmid:6430714775,resubmitted1883@outlook.com,Tory,Patel,,500-943-1432,Valdosta,United States,84265,North Dakota,89 Edith,1992-03-07
crmid:1460255344,painful1980@yandex.com,Reinaldo,Combs,,686-878-7748,Montrose,United States,51861,Minnesota,253 Mirando,1992-10-04
crmid:5142872833,cottonmouth1999@yandex.com,Levi,Carpenter,,539-212-3976,Hayward,United States,14176,Hawaii,619 Ridgewood,1970-03-07
crmid:7430286449,scillipicrin2020@yandex.com,Brad,Pennington,male,230-569-4120,Aberdeen,United States,01115,Indiana,1084 Bruce,1930-01-23
crmid:1648281095,assays2066@gmail.com,Dustin,Lester,,208-570-3488,Kansas City,United States,82867,North Dakota,1033 Britton,1976-09-10
crmid:8914358374,banderma1924@yahoo.com,Halley,Daniel,female,408-500-7439,Dumont,United States,72639,Alabama,1162 Simonds,1956-04-07
crmid:8052326760,colts1826@yahoo.com,Stewart,Davis,,592-841-2276,Palmetto Bay,United States,89583,North Dakota,639 Granada,1989-02-19
crmid:7283213123,pangamous1994@yandex.com,German,Foley,,224-077-4661,Sandy Springs,United States,87262,North Dakota,646 Nottingham,1985-01-08
crmid:6927416959,desiri2044@live.com,Anastacia,Sheppard,female,920-885-8410,Yukon,United States,99284,New Mexico,552 Funston,1961-01-27
crmid:7577271990,proclaimed1800@live.com,Marinda,Welch,female,554-857-9122,Elk River,United States,36440,Pennsylvania,854 Stillman,1959-06-30
crmid:4178113053,tariff1891@outlook.com,Nancie,Hurst,female,825-758-1540,Clarksburg,United States,35898,Louisiana,424 The Block,1948-07-15
crmid:3656092847,alcalde1842@live.com,Robin,Zamora,male,184-578-8543,Ridgecrest,United States,80844,South Carolina,751 Cardenas,1938-12-27
crmid:3215762828,alcove1949@live.com,Freeman,Hardin,,731-317-3664,Monterey,United States,34322,Minnesota,225 Staples,1992-06-13
crmid:6123834739,poodle1931@yandex.com,Dario,Castaneda,,799-955-8654,Sanford,United States,95416,Illinois,314 Crisp,1995-08-19
crmid:9859564217,spiketail1936@yandex.com,Zachery,Ryan,,131-515-6944,Hobbs,United States,23742,Georgia,286 Massasoit,1972-05-07
crmid:1347165726,diploptera2052@yahoo.com,Shawn,O'donnell,,635-626-0870,Lombard,United States,61757,Wyoming,973 St. Paul Street-Calvert,1984-11-12
crmid:5154459765,watercourses1821@live.com,Dorla,Monroe,female,207-395-1912,East Point,United States,17479,Maryland,496 Jessie West,1957-03-20
crmid:8026572571,clamour2018@yandex.com,Bobbie,Dean,,634-454-2085,Schererville,United States,97400,Idaho,875 Harbor,1987-07-03
crmid:3828654495,lepargylic1868@live.com,Tad,Reeves,male,113-023-9498,West Fargo,United States,17789,Florida,303 Farnsworth,1943-10-25
crmid:9706870979,amphithuron1928@outlook.com,Carrol,Vang,,088-926-6480,Tullahoma,United States,34052,California,564 Westwood,1968-04-15
crmid:8199064034,wasp1999@gmail.com,Clyde,Larsen,,039-881-0323,Lemoore,United States,14578,Ohio,790 Battery East,1982-03-07
crmid:6917785311,dimetry1904@gmail.com,Santos,Bolton,male,138-959-1062,Carlsbad,United States,50213,Virginia,1087 Oak Grove,1944-09-03
crmid:1845515361,winkingly1905@outlook.com,Willis,Cortez,,740-528-2928,Whitehall,United States,42599,Oregon,1350 Bellair,1985-04-09
crmid:4819769083,erroll1828@yandex.com,Fidel,Deleon,,009-886-5557,Lenoir,United States,95942,Delaware,1246 Blairwood,1982-09-16
crmid:1488083787,cuttail2016@outlook.com,Ezekiel,Nelson,,717-076-0687,La Mirada,United States,67626,Tennessee,1326 Funston,1978-11-22
crmid:4635680390,prelacy2012@yahoo.com,Neal,Reeves,male,112-913-2247,Beaverton,United States,42942,Maine,404 Fell Access,1937-07-24
crmid:2279209293,seise2061@gmail.com,Stan,Spencer,male,569-186-4395,Westerville,United States,95133,Massachusetts,364 Bridgeview,1932-09-28
crmid:1811414796,mankilling1880@gmail.com,Josh,Martin,,791-978-4142,Huntsville,United States,29550,Arkansas,242 Gallagher,1974-04-08
crmid:9378807085,conscience1954@live.com,Robt,Hooper,,151-719-1698,Stephenville,United States,41248,Ohio,841 Letterman,1988-11-05
crmid:6516551197,coconscious1974@yandex.com,Roman,Blevins,,056-777-5703,Union City,United States,22446,Vermont,510 Meade,1964-09-10
crmid:3209044663,lag1813@yandex.com,Brady,Fuller,,658-980-2965,Hamilton,United States,20361,Delaware,1152 Chester,1969-04-09
crmid:6631613122,heuchera1804@yandex.com,Taylor,Durham,,135-268-2316,Stevens Point,United States,32051,Ohio,196 Alpha,1979-04-27
crmid:3164458014,diccon1845@yahoo.com,Joel,Cruz,,400-256-9517,Springfield,United States,27449,Maryland,619 General Kennedy,1965-12-24
crmid:9835676306,inspector1836@live.com,Kirby,Ewing,,093-418-2791,Gahanna,United States,53620,California,40 Geneva,1964-10-06
crmid:9482101533,oxalates1870@live.com,Demetrius,Smith,,820-150-6815,Indianapolis,United States,07131,Montana,1191 Gorgas,1974-01-10
crmid:4902711472,habanera1995@outlook.com,Elease,Livingston,female,025-774-4232,Elizabeth City,United States,15930,Kentucky,1340 Tubbs,1959-03-17
crmid:1865112878,chrisman2024@gmail.com,Ali,Espinoza,male,425-720-9650,Canton,United States,01442,Pennsylvania,1147 Payson,1944-01-09
crmid:8845522525,wipstock1902@yahoo.com,Landon,Gilmore,,572-186-7983,Moraga,United States,00322,Oklahoma,1063 Jessie East,1993-01-01
crmid:7474485462,fairish1854@yandex.com,Norberto,Henry,male,239-095-1767,Calumet City,United States,48682,Minnesota,61 Chenery,1943-07-13
crmid:1460915495,excitor1959@gmail.com,Harlan,Shepard,,271-925-9624,West Allis,United States,58317,California,560 Lopez,1991-06-12
crmid:3201023696,sciomachiology1842@yandex.com,Armand,Hogan,male,850-661-2461,Aventura,United States,07950,Washington,930 West Halleck,1935-01-14
crmid:5791741686,livering2037@outlook.com,Maryland,Bean,female,123-599-5213,Doral,United States,38774,Nebraska,432 Derby,1955-06-02
crmid:8911685006,cudgeled2057@yahoo.com,Alden,Copeland,,875-120-6296,Newberg,United States,95408,New Hampshire,17 Attridge,1997-10-20
crmid:3298088296,curvilinear1893@gmail.com,Lucius,Bond,male,331-236-3699,Carson City,United States,30142,Mississippi,533 Dewey,1944-06-03
crmid:1750516105,creche1936@yandex.com,Ryan,Mccarty,male,662-203-9429,Avon,United States,51855,Louisiana,1255 Visitacion,1935-09-19
crmid:5521642636,brushy1800@live.com,Bobby,Rosa,,144-850-9085,Las Vegas,United States,41084,Alabama,226 Russ,1981-08-27
crmid:2318952460,imagining1950@live.com,Rubi,Workman,female,355-244-0122,Creve Coeur,United States,44235,Oklahoma,472 Pierce,1951-07-31
crmid:6150894529,cautions2067@yandex.com,Georgetta,Mcclure,female,505-648-1197,Terre Haute,United States,25155,Arkansas,1046 Habitat,1959-03-19
crmid:6028851408,snidest2052@gmail.com,Chi,Pope,,281-606-0809,Noblesville,United States,42098,Massachusetts,431 Stag Trail,1997-08-12
crmid:7418302556,catnapers1952@live.com,Kam,Townsend,female,738-187-0923,Walla Walla,United States,17842,Washington,621 Dogwood,1950-04-29
crmid:3623942275,croak1813@yandex.com,Billie,Leblanc,,418-835-5511,Port Hueneme,United States,58680,Arkansas,400 Thrift,1979-11-15
crmid:2449049841,episarkine2015@live.com,Jesse,Ramos,,562-732-3919,Perris,United States,66647,Maryland,1219 North Hughes,1979-11-01
crmid:2449492915,monadiform1900@gmail.com,Ismael,Cummings,,589-096-3425,Tigard,United States,30782,Arizona,82 Francis,1975-02-14
crmid:1110223780,ajourise1907@yahoo.com,Jordan,Mckee,,393-823-5825,Providence,United States,45045,New Jersey,1338 Gerke,1985-10-31
crmid:9690040368,corporations2011@live.com,Edwin,Powell,,106-346-2060,Plattsburgh,United States,53672,Idaho,845 Skyline,1996-06-24
crmid:8248588726,evacuator1969@yandex.com,Romeo,Diaz,,275-095-0482,Hercules,United States,20466,Michigan,500 Arkansas,1971-04-26
crmid:3370313866,burgle2037@live.com,Anibal,Pope,,700-283-8993,Manteca,United States,40974,New Jersey,355 Lincoln,1986-07-03
crmid:8678730455,skellum1860@yahoo.com,Gricelda,Church,female,063-285-4772,Creve Coeur,United States,12710,Utah,622 Jessie East,1951-04-06
crmid:1713794398,tilled1800@outlook.com,Craig,Daniels,male,390-697-7927,Brooklyn Park,United States,92503,Iowa,1161 Battery Caulfield,1942-02-07
crmid:5385285942,thrush1849@gmail.com,Mitchel,Reilly,,078-663-2815,Kalamazoo,United States,51482,Connecticut,607 Bellair,1976-09-03
crmid:8365831026,boutade2033@outlook.com,Alec,Stafford,,959-770-1446,Menasha,United States,82583,Alaska,1130 Willow,1989-12-08
crmid:3129021051,ant1944@yandex.com,Cory,O'donnell,,932-525-5387,Logan,United States,57166,Maryland,257 Keystone,1983-09-15
crmid:7106245805,almida1925@yandex.com,Bret,Page,male,382-175-3960,Youngstown,United States,89702,Pennsylvania,1229 Hill Point,1933-02-22
crmid:9011062164,overhumanizing1838@yahoo.com,Mitsuko,Jones,female,972-807-3624,Chico,United States,38999,North Carolina,517 Hillside,1947-07-16
crmid:2191445224,alcove1835@yahoo.com,Nevada,Dickson,female,118-637-4269,Erlanger,United States,38227,New Jersey,1369 Tubbs,1960-07-08
crmid:6618231154,detail1868@yandex.com,Jamel,Gallagher,male,827-577-0137,Bentonville,United States,21182,Virginia,1173 Washington,1938-05-11
crmid:9623220235,chocolatey2042@live.com,Natalya,Gutierrez,female,571-191-4456,Simpsonville,United States,29476,Hawaii,190 Earl,1961-07-12
crmid:1015832504,tobacconist1959@live.com,Edmond,Lowe,male,471-558-6575,Atlanta,United States,13554,Illinois,43 Thornton,1934-03-18
crmid:6783644040,grievance1927@live.com,Freddy,Smith,,630-406-4258,Johnson City,United States,96995,Indiana,354 Sloan,1975-11-21
crmid:1891381894,accosting1904@yandex.com,Octavio,Crawford,,075-691-9898,La Porte,United States,23742,Indiana,57 Jerome,1979-05-20
crmid:3682705363,buckeye1873@yandex.com,Nathaniel,Ingram,male,847-931-3659,Benton,United States,46118,New Jersey,863 Medical Center,1938-07-15
crmid:5894301493,iglu1826@yahoo.com,Dalton,Jacobson,male,958-315-8577,Westlake,United States,50477,Washington,1173 Key,1998-11-03
crmid:7784828245,larruped2000@yandex.com,Fred,Cross,,081-736-3657,Rancho Mirage,United States,71922,Montana,776 Adam,1978-03-10
crmid:5230384324,apron2057@gmail.com,Jude,Albert,,010-089-8902,Libertyville,United States,42380,North Carolina,1118 Bertie Minor,1982-07-25
crmid:1305019936,clitia1899@live.com,Simon,James,male,727-149-3179,Wyandotte,United States,57849,Illinois,455 Beverly,1934-09-15
crmid:4920970434,colorize2012@yahoo.com,Ethan,Rogers,,956-282-3247,Olathe,United States,32857,Mississippi,1304 Fairbanks,1980-06-08
crmid:1846785852,aggression1864@yahoo.com,Carson,Shelton,,764-215-7787,Thornton,United States,30808,Virginia,1228 Crestlake,1976-04-03
crmid:5475824440,application1882@gmail.com,Eric,Gallagher,male,456-174-5808,Brownsburg,United States,10806,Arizona,237 Lansdale,1942-04-11
crmid:3537281529,gobbet1830@yahoo.com,Melvin,Taylor,,601-015-0611,Salina,United States,89743,Montana,70 Laidley,1999-12-19
crmid:9628055649,kabistan2002@outlook.com,Zack,Burnett,,839-918-1038,Provo,United States,80781,South Carolina,554 Palo Alto,1979-01-25
crmid:8247739159,cockled2027@live.com,Sarai,Townsend,female,323-909-6487,San Benito,United States,18301,Kentucky,409 Madrone,1946-08-29
crmid:7044375447,bigman2040@yandex.com,Grant,Ball,male,405-233-4336,Addison,United States,80852,Texas,263 Cayuga,1930-04-02
crmid:8465882861,restipulatory1928@outlook.com,Kandis,Howell,female,599-020-1342,Clarksdale,United States,25259,Vermont,588 Burnside,1948-04-15
crmid:2702503880,thorpes2025@live.com,Walter,Simon,,800-976-9750,Ypsilanti,United States,27745,Nebraska,901 Dunshee,1962-03-25
crmid:8380110189,borak1936@gmail.com,Pasty,Walker,female,574-227-7349,Downers Grove,United States,79125,West Virginia,892 Lapidge,1955-12-13
crmid:2136235243,earlock2037@gmail.com,Loree,Hutchinson,female,227-522-9506,New Rochelle,United States,19364,Washington,410 Sanches,1996-03-30
crmid:2711226723,minimi1879@yahoo.com,Clarence,Burns,female,499-162-4313,Davie,United States,90364,Oklahoma,163 Diana,1953-02-04
crmid:3802600336,boohoo1883@yahoo.com,Merna,Turner,female,087-474-1449,Covina,United States,32871,California,946 Bennington,1951-06-29
crmid:7627329528,billiards2064@gmail.com,Fredrick,Savage,,258-499-6816,Melrose,United States,48206,Alabama,1221 Gateview,1989-08-13
crmid:1662792603,overlow2065@outlook.com,Eugene,Herman,male,682-559-3823,Altamonte Springs,United States,74771,Hawaii,1126 Isola,1931-04-13
crmid:4850690121,charta1851@outlook.com,Alfonso,Parrish,,657-691-7828,Huntington Beach,United States,18692,Washington,689 Church Access,1974-03-01
crmid:9551667077,persuasibly2005@live.com,Florencio,Summers,,292-138-9099,Libertyville,United States,50888,Vermont,450 Paul,1982-09-07
crmid:8513929689,agonal2044@gmail.com,Miquel,Chavez,,407-577-4444,University City,United States,79278,Delaware,338 Piedmont,1967-11-24
crmid:2476364036,alligators1869@yandex.com,Nicolas,Barron,,688-314-3092,Madison Heights,United States,41901,Pennsylvania,90 Davidson,1985-08-15
crmid:9579732923,tafia1992@yandex.com,Rex,Stanley,,202-190-5285,Highland Park,United States,38843,Iowa,20 Cyrus,1971-07-13
crmid:9972780090,tracking2037@live.com,Deon,Finch,female,551-652-1818,Cooper City,United States,14863,Oregon,23 Tioga,1950-02-09
crmid:2519827410,cordinar2002@outlook.com,Efrain,Petty,,678-490-9460,Sheboygan,United States,31779,Vermont,1256 Palmetto,1973-05-04
crmid:1861574422,benzoglycolic1848@live.com,Evan,Woods,male,915-983-7960,Blue Island,United States,13091,Oregon,1082 Infantry,1939-04-13
crmid:4984843005,pondering2008@yandex.com,Hugh,English,,689-371-9941,Gloucester,United States,56902,Tennessee,248 Phelan,1966-10-04
crmid:1017291548,adinole1975@outlook.com,Erwin,Rodriguez,,422-377-5832,Louisville,United States,66587,North Dakota,1119 Anglo,1984-11-09
crmid:1880661969,britt1941@live.com,Maurice,Manning,,301-775-1287,Oklahoma City,United States,34153,Oklahoma,185 Juniper,1977-11-14
crmid:5252876044,ballate1884@yandex.com,Conrad,Morgan,male,285-755-4774,Palm Coast,United States,06988,Rhode Island,1076 Laguna Honda,1938-02-21
crmid:9257344653,ambrette1906@yandex.com,Jeremiah,Cortez,,134-899-3579,Royal Palm Beach,United States,81261,Indiana,660 Essex,1967-03-08
crmid:5831503678,efficience1911@yahoo.com,Gail,Bender,,696-368-7483,Jacksonville Beach,United States,64802,Delaware,549 Lusk,1975-10-29
crmid:5653697014,atlantis2038@outlook.com,Pablo,Waller,,167-124-9077,Gallatin,United States,05492,Maryland,788 Cleary,1965-02-10
crmid:4922607140,trigs1942@yahoo.com,Kareem,Talley,,504-006-6886,Jacksonville Beach,United States,08839,Arizona,99 The Block,1975-02-07
crmid:4166582184,pademelon2068@gmail.com,Raymond,Jennings,male,355-999-6245,Pembroke Pines,United States,57478,North Dakota,653 Exposition,1937-12-28
crmid:5040843617,ascension1836@yandex.com,Millard,Russo,male,800-473-6451,Oregon,United States,86410,Virginia,112 Child,1945-11-21
crmid:7404489169,glarry1878@yandex.com,Blythe,Mills,female,153-031-5565,Culver City,United States,08291,Hawaii,242 Valparaiso,1952-01-20
crmid:4645170079,cabalist1849@live.com,Jasper,Gonzalez,,355-232-0975,Midwest City,United States,57333,New Hampshire,200 Palou,1990-10-20
crmid:4089036220,psychodispositional1996@yandex.com,Renato,Mejia,,199-890-1174,Godfrey,United States,48517,Texas,788 Wentworth,1966-08-06
crmid:4603487969,reindeer2034@yandex.com,Freddie,Nielsen,male,415-160-8666,Baldwin Park,United States,76944,Illinois,231 West Clay,1935-12-07
crmid:8865631305,calepin1940@outlook.com,Edwardo,Garrison,,184-967-1441,Hinsdale,United States,75733,Maine,1183 Judah,1972-09-18
crmid:6025954850,horse1864@yahoo.com,Merilyn,Schwartz,female,467-106-1442,Evergreen Park,United States,33414,Vermont,230 General Kennedy,1960-06-26
crmid:7569964739,dusun1875@live.com,Stephen,Pugh,,247-612-5433,Minot,United States,74879,Georgia,1011 Howth,1991-07-14
crmid:6997429964,executant1815@yandex.com,Antonio,Palmer,female,125-092-0667,Newport News,United States,20186,Alaska,257 Cerritos,1997-04-24
crmid:6846140775,doglike1939@gmail.com,Hershel,Rodriquez,male,107-796-5260,Bakersfield,United States,20210,West Virginia,104 Dewey,1935-05-25
crmid:3335882700,evacuator1821@yahoo.com,Boris,Foster,,546-017-3802,Morristown,United States,75962,Arkansas,536 Latona,1993-12-09
crmid:5223671150,denes1855@gmail.com,Cornell,Griffin,,315-297-0419,Green,United States,32181,Utah,110 Colby,1968-06-02
crmid:7554935840,speer1866@yandex.com,Stephan,Pena,,306-960-6368,Havelock,United States,85405,Idaho,194 Cuba,1970-09-21
crmid:7085803146,incompletion1999@yandex.com,Ela,Shannon,female,402-427-8173,Delaware,United States,58963,Nebraska,15 Austin,1954-09-05
crmid:3645946077,balunda1973@outlook.com,Corey,Greer,male,196-677-5794,Ogden,United States,13931,Virginia,1330 Alta Vista,1945-02-12
crmid:9011062164,edsel1857@live.com,Valery,Cotton,female,027-221-2416,Claremore,United States,75418,California,582 Gardener,1948-12-24
crmid:6040422763,acetract2039@yandex.com,Neville,Wheeler,male,794-079-5936,Cape Coral,United States,49947,Indiana,117 Sabin,1944-07-31
crmid:1048877570,erlenmeyer1906@gmail.com,Erick,Dotson,,448-978-6308,Laramie,United States,29206,Indiana,926 Bemis,1980-05-02
crmid:6181529552,malarkeys1872@gmail.com,Jimmie,James,,036-567-2274,Petersburg,United States,44330,Utah,93 Delancey,1988-09-14
crmid:5094454870,exterminatress1870@yahoo.com,Colton,Sparks,,044-209-0269,Lawrenceville,United States,69881,North Dakota,690 De Long,1981-10-13
crmid:2537017872,analyst1824@outlook.com,Ellsworth,Horn,male,889-565-8466,Ann Arbor,United States,15008,California,1025 Encinal,1932-03-14
crmid:9822419252,earthenware1990@live.com,Joel,Horton,female,401-481-6769,Tinley Park,United States,24934,Alaska,1055 Congdon,1956-04-14
crmid:2035831088,rearwards1857@yandex.com,Eustolia,Campos,female,973-857-3771,Dickinson,United States,87125,Oregon,1065 Munich,1955-12-06
crmid:3086720942,poohing1919@gmail.com,Herma,Haley,female,023-392-3461,Evergreen Park,United States,81020,Iowa,717 Elizabeth,1960-11-07
crmid:1701313715,egret1862@live.com,Rayford,Buckner,male,959-516-9479,University Park,United States,66104,Rhode Island,1364 Visitacion,1937-11-15
crmid:4320433612,matrimonii1848@yahoo.com,Dexter,Vasquez,male,131-412-2504,Temecula,United States,18330,Arizona,420 De Boom,1944-03-29
crmid:8270997132,rooky1827@yandex.com,Dacia,Moon,female,812-253-3153,Trotwood,United States,89610,Massachusetts,1110 Congo,1960-02-20
crmid:4845050056,definitised2058@outlook.com,Eustolia,English,female,446-360-4072,Edgewater,United States,62665,North Carolina,914 Oak Grove,1958-11-06
crmid:2568924836,avestan1836@yahoo.com,Jeffrey,Evans,male,737-639-5172,Calumet City,United States,92304,Kentucky,416 Letterman Hospital Access,1943-05-09
crmid:7991882042,sandgoby1969@gmail.com,Carter,Stout,,214-409-8604,Laguna Beach,United States,55003,Iowa,380 Edgar,1979-09-07
crmid:9225861507,coward2036@outlook.com,Delinda,Pace,female,938-530-7491,Corvallis,United States,16743,Montana,756 First,1951-02-22
crmid:3212291604,huddlingly1847@yahoo.com,Terrance,Hester,,378-477-0211,Tinley Park,United States,43994,West Virginia,1301 Cerritos,1983-09-11
crmid:4175877056,buccan1967@gmail.com,Miguel,Harper,,200-634-4143,Marana,United States,41839,Massachusetts,387 Howth,1986-08-15
crmid:2433761190,crusty2051@live.com,Terrilyn,Hull,female,345-715-9160,Rocklin,United States,98470,Connecticut,968 Mark Twain,1949-09-15
crmid:8297886183,resole1868@live.com,Edgar,Charles,,279-712-0214,Fort Myers,United States,78717,New Jersey,1223 Issleib,1963-12-12
crmid:6808909391,daceloninae1982@yahoo.com,Nigel,Compton,,463-451-7193,Kalispell,United States,69281,Maryland,731 Iowa,1976-10-12
crmid:2517894255,scabs1958@yandex.com,Josiah,Caldwell,male,025-768-8480,Camden,United States,37130,Maryland,285 Wentworth,1943-06-05
crmid:9777704059,contemplative2057@live.com,Paris,Wyatt,,948-657-8719,Milwaukee,United States,23947,North Carolina,611 Kezar,1991-04-01
crmid:5445065027,patroller2061@yandex.com,Shakira,Booth,female,454-329-1644,Elmhurst,United States,94129,New Hampshire,849 Tevis,1959-10-15
crmid:9206874874,staurotide2055@live.com,Chris,Keith,male,568-352-0170,Van Buren,United States,60749,New York,1170 Lapu-Lapu,1931-02-16
crmid:1289766773,elevatory2067@gmail.com,Irvin,Vang,,274-699-9279,Lackawanna,United States,72080,North Dakota,498 Haight,1979-12-26
crmid:8611344784,vituperative2008@gmail.com,Manual,Knight,,652-198-5487,Plymouth,United States,37654,Alabama,463 Peru,1974-06-26
crmid:5480483567,antinormal1850@gmail.com,Ty,Nielsen,,689-777-3082,Lemon Grove,United States,80260,Virginia,490 Chester,1982-12-02
crmid:2633936172,emmenagogue1993@gmail.com,Marlana,Gillespie,female,213-290-5884,Oxnard,United States,59131,Vermont,893 Northwood,1997-12-25
crmid:2473345112,cholophaein2002@yahoo.com,Bobby,Talley,,915-530-2546,Johns Creek,United States,15863,Montana,1399 Font,1975-03-08
crmid:7814973335,sulphitic1957@live.com,Herb,Raymond,,842-611-0465,Peabody,United States,79825,West Virginia,817 Saint Charles,1974-05-14
crmid:5746310195,debenture2051@yandex.com,Kirby,Gay,female,231-927-3454,Shelbyville,United States,98587,West Virginia,555 Guerrero,1996-10-27
crmid:6590627220,cologs1849@gmail.com,Prince,Wolf,,353-393-1866,Ruston,United States,39945,New Hampshire,921 Clementina,1971-12-31
crmid:3197710203,cremone2046@gmail.com,Alvaro,Anderson,male,950-049-6140,Rolling Meadows,United States,00144,Nebraska,517 Anthony,1934-01-01
crmid:8107395597,bitton1993@yahoo.com,Toney,Haynes,,028-803-8598,Fort Lee,United States,04573,Virginia,13 North View,1963-01-15
crmid:1590911699,ungambolled1885@live.com,Leo,Delgado,male,829-632-1311,Niagara Falls,United States,80929,Hawaii,661 Garfield,1997-12-03
crmid:2837375749,dogman1943@live.com,Lawrence,Britt,female,885-455-1586,Chino,United States,24091,Oklahoma,1072 Ankeny,1947-05-04
crmid:7816528445,rearwards2006@live.com,Horace,Avila,,289-906-9747,Hallandale Beach,United States,09504,West Virginia,1249 Peninsula,1969-02-15
crmid:6110270829,casualist1856@yandex.com,Hai,Bright,male,606-594-6673,Santa Monica,United States,72821,South Dakota,143 De Soto,1935-04-04
crmid:8609031057,adriene2014@live.com,Loura,Coffey,female,425-267-9131,Woburn,United States,29689,Georgia,955 Powhattan,1957-06-06
crmid:4451155485,shortcake1862@outlook.com,Kory,Hunt,,345-442-2749,North Plainfield,United States,64283,Wisconsin,251 Surrey,1999-12-28
crmid:9395511524,unattractive2026@yahoo.com,Al,Cortez,,697-375-0007,Manitowoc,United States,96090,Maine,908 Hardie,1986-06-20
crmid:7638102025,concretization2011@outlook.com,Davis,Blackburn,,131-258-8883,Mineral Wells,United States,71158,Wisconsin,304 Plymouth,1991-12-07
crmid:4437875303,please1998@yandex.com,Bernard,Merrill,,918-864-7225,Independence,United States,93286,South Dakota,959 Gilman,1974-09-13
crmid:5194870557,hastings2025@outlook.com,Ira,Lott,,888-830-9105,Ontario,United States,96942,Ohio,1188 Scotland,1972-12-17
crmid:3069836956,bottlefeed2065@yandex.com,Keven,Arnold,,851-373-9290,Kingston,United States,05037,Maryland,1073 Swiss,1977-01-13
crmid:4671628210,carolus1915@live.com,Forest,Rogers,,875-012-3356,Zion,United States,26842,Tennessee,83 Palos,1964-11-09
crmid:5257888870,dined1937@live.com,Burton,Espinoza,,248-030-4112,Kalispell,United States,28048,Louisiana,599 Hagiwara Tea Garden,1976-05-07
crmid:4829550645,correy1895@outlook.com,Foster,Marks,male,349-454-6923,Apache Junction,United States,25549,South Dakota,1118 Petrarch,1933-04-18
crmid:2766127462,sauerbraten1843@yahoo.com,Clement,Irwin,,823-552-3507,Hollister,United States,54943,Colorado,515 Clara,1972-10-02
crmid:1091799339,hypotrochanteric1926@live.com,Willene,Summers,female,921-191-4251,Thousand Oaks,United States,59832,Utah,281 Horace,1996-03-18
crmid:4679885688,trilled1942@yandex.com,Dale,Diaz,,085-748-4636,Johnson City,United States,97222,Louisiana,29 Mars,1975-07-23
crmid:6938870619,nuzzles1825@yandex.com,Sylvester,Donaldson,male,997-239-9208,New London,United States,05681,Maine,862 Grote,1996-01-31
crmid:9802152120,carlock1920@live.com,Valentine,Estes,male,115-816-7224,Ballwin,United States,54591,Kentucky,1105 Conwell,1935-09-09
crmid:7974085160,perchlorinate1954@live.com,Kenneth,Garrett,,282-631-5000,Orinda,United States,63603,Missouri,959 Letterman,1974-06-20
crmid:9918649371,rugal2009@outlook.com,Noe,O'donnell,,622-331-3408,Lockport,United States,07457,Nebraska,1328 Florentine,1983-01-07
crmid:7617121220,ape1867@yandex.com,Gerald,Reilly,male,865-891-0859,Brownsburg,United States,21639,Georgia,707 Topaz,1942-04-24
crmid:9272904017,esmond1949@live.com,Lazaro,Rosario,,388-141-7272,Tigard,United States,55773,Wyoming,1386 Rivas,1976-10-06
crmid:9238349336,canuck1934@gmail.com,Tim,Sheppard,,716-084-9978,Taylor,United States,41856,New Mexico,165 Isadora Duncan,1993-05-07
crmid:8482907941,dryad1992@yahoo.com,Ilana,Dickson,female,531-571-5649,Trussville,United States,82264,New Jersey,1140 Ophir,1994-04-07
crmid:6197947144,cyamus1823@yahoo.com,Gordon,Patterson,,640-507-4530,Moore,United States,26672,California,24 Bell,1992-05-04
crmid:3954987851,gull2054@outlook.com,Lloyd,Scott,,021-917-4188,Greenwood,United States,51485,Oregon,797 Berkshire,1968-09-20
crmid:2721099177,scimitar1929@gmail.com,Vincent,Brady,male,099-072-7757,Agoura Hills,United States,56272,Colorado,1162 Swiss,1930-10-03
crmid:1687808957,candida2068@yandex.com,Junie,Petersen,female,209-447-0783,West Bend,United States,78715,New Jersey,151 Hilton,1959-04-23
crmid:8385567436,barclay1967@yahoo.com,Barrett,Joyner,,569-282-6521,Gaithersburg,United States,03703,Ohio,704 Marina,1964-01-22
crmid:3074665758,decries1812@live.com,Dallas,Bryan,female,225-417-4465,Crystal,United States,14677,New Mexico,844 Waterville,1952-02-04
crmid:7386945731,nonfossiliferous2044@gmail.com,Edmund,Abbott,male,129-979-6517,Allen,United States,10768,New Hampshire,292 Garfield,1931-03-01
crmid:9480911652,silly1949@yandex.com,Miguel,Navarro,male,103-581-0962,Bend,United States,68427,Maine,295 Julius,1938-10-28
crmid:9027153281,dusky1868@outlook.com,Russ,Blankenship,male,625-048-2742,Nampa,United States,84779,Louisiana,456 Utah,1995-01-16
crmid:7934238474,strenuous1862@outlook.com,Wilford,Cardenas,male,129-744-6541,Niagara Falls,United States,66183,Michigan,135 Gerard,1997-10-01
crmid:7442291447,musician1888@yandex.com,Jaime,Barker,,911-655-4297,Lincoln Park,United States,94211,Florida,356 Palace Of Fine Arts,1983-03-16
crmid:9927464993,betaking1811@outlook.com,Alane,Fields,female,445-596-2033,Cliffside Park,United States,05044,Oklahoma,988 Zeno,1948-01-09
crmid:9745354400,unphrasableness1885@yahoo.com,Larraine,Dotson,female,149-311-0937,Clovis,United States,77211,Delaware,263 Saint Francis,1948-05-08
crmid:8306262987,dowse1986@yahoo.com,Romeo,Ford,,546-704-3804,St. Charles,United States,49655,New York,612 Lansdale,1986-01-21
crmid:7362251009,starlighted1945@outlook.com,Mikel,Monroe,,489-367-1718,Moscow,United States,07666,South Dakota,1179 Kittredge,1993-02-18
crmid:4441767940,blending2045@gmail.com,Korey,Gill,male,037-969-7172,Biloxi,United States,63997,New Mexico,154 Hill,1939-10-31
crmid:4600923846,introgression2038@gmail.com,Orval,Flynn,male,519-209-6396,Burlingame,United States,72796,Wisconsin,521 Zanowitz,1943-12-14
crmid:6088596877,burial1847@outlook.com,Santos,Rodriquez,male,464-178-0396,Altus,United States,77504,South Carolina,966 Lamson,1932-12-17
crmid:2917343562,hydrome1951@gmail.com,Herb,Stout,,357-539-9274,Joliet,United States,43202,Mississippi,1192 El Polin,1976-07-02
crmid:2799773658,berossos1841@gmail.com,Serita,Richards,female,721-973-7723,Dublin,United States,87907,Maine,371 Clifford,1956-08-24
crmid:8832882935,aggies2046@yahoo.com,Reed,Conrad,,870-947-2998,Joplin,United States,18122,Alaska,84 Bocana,1976-04-06
crmid:2141023369,cheetah1946@yandex.com,Gus,Bishop,,488-707-8474,Sapulpa,United States,78992,Idaho,588 Hauser,1989-04-14
crmid:6328282362,downs1960@outlook.com,Darron,Lopez,,805-006-5389,Temecula,United States,87630,Washington,1085 Cutler,1969-12-03
crmid:5984746685,dipak1971@yahoo.com,Pasty,Melendez,female,726-669-4962,Pembroke Pines,United States,74363,Kentucky,483 Jack London,1960-07-20
crmid:4411815267,bouncy1859@yandex.com,Sherise,Berg,female,815-228-9960,El Centro,United States,94616,Texas,574 Connecticut,1958-08-03
crmid:8670499677,brunel1982@yahoo.com,Katerine,Vinson,female,352-649-4907,Sycamore,United States,68561,Kentucky,1273 Key,1996-11-28
crmid:5508081812,cherly1872@gmail.com,Nakesha,Benton,female,036-395-9341,College Station,United States,30103,Texas,653 Dewitt,1949-07-03
crmid:6619345802,psychodynamic1978@outlook.com,Youlanda,Short,female,632-086-4572,Chino Hills,United States,55496,Minnesota,129 Jefferson,1947-09-27
crmid:2610021168,drumlin1938@outlook.com,Leigh,Jefferson,male,582-111-0762,South Burlington,United States,63662,Oklahoma,493 Faith,1933-06-15
crmid:2051214652,chinchilla1961@outlook.com,Jeffry,Hart,,810-398-9355,St. Cloud,United States,36833,Oregon,646 Taylor,1980-06-20
crmid:7992900756,viper1908@yandex.com,Dillon,Sloan,male,488-041-2350,Biloxi,United States,11248,Maine,1170 Carter,1939-03-27
crmid:4911127787,spieler1833@outlook.com,Lucas,Mccoy,male,333-468-9449,Berea,United States,93503,Minnesota,636 Chilton,1938-06-19
crmid:1793365996,ambitious1909@gmail.com,Domenica,Baldwin,female,297-730-6067,Torrington,United States,65105,Hawaii,1362 Koret,1994-09-05
crmid:3282380066,magpie2056@live.com,Sandy,Bauer,male,521-727-0430,North Richland Hills,United States,00485,Mississippi,250 Victoria,1999-02-17
crmid:5387683543,inchoacy2053@yahoo.com,Tameika,Rush,female,836-988-0026,Pleasantville,United States,17348,Michigan,1324 Ivy,1947-08-26
crmid:2779953173,harmonious1856@gmail.com,Tyson,Aguilar,male,389-420-2522,Bullhead City,United States,56488,Massachusetts,1153 Stern Grove,1942-09-01
crmid:1697920208,vilification1954@outlook.com,Timothy,Cleveland,,672-918-5384,Greer,United States,41588,Louisiana,719 Lettuce,1968-07-29
crmid:3300376202,coumara1885@yahoo.com,Crysta,Gibson,female,019-497-0815,Chula Vista,United States,81754,Wyoming,1384 Eldridge,1947-12-04
crmid:6753386187,cephalotripsy1930@gmail.com,Katheleen,Cross,female,563-501-9600,Fairfield,United States,98285,Arizona,1354 Polaris,1961-05-07
crmid:1418006233,chrismary1977@gmail.com,Stephen,Alford,,403-721-9904,North Chicago,United States,43450,Ohio,260 Midcrest,1998-08-19
crmid:5213584858,crane1982@yandex.com,Curt,Craig,,691-085-5978,Fresno,United States,80692,Hawaii,1147 Avenue E,1964-07-02
crmid:7369187076,semiticism1846@outlook.com,Lesley,Gregory,male,137-757-4136,Titusville,United States,67893,Pennsylvania,1337 Duboce,1933-06-12
crmid:1014882452,nordenfelt2051@outlook.com,Debroah,Solis,female,006-740-9602,Dunedin,United States,15400,Texas,928 Jack Micheline,1956-02-27
crmid:2041615998,breakup1841@gmail.com,Buck,Townsend,male,585-211-5684,SeaTac,United States,08398,North Carolina,724 Robinhood,1936-02-29
crmid:4819769083,postfire1850@yahoo.com,Jame,Stein,female,480-646-7584,College Station,United States,88829,Kentucky,592 Saint Louis,1949-04-28
crmid:3451711132,introconversion1822@live.com,Lamar,Morin,,254-933-6426,Hoffman Estates,United States,37086,Nevada,482 Beeman,1972-06-24
crmid:6009460781,compress1974@yahoo.com,Justin,Mccormick,,896-366-2344,Odessa,United States,61637,Texas,236 Leese,1991-03-01
crmid:7853804922,damil2064@outlook.com,Jackie,Pierce,,545-177-6875,Milford,United States,10742,Alaska,1121 Rio,1990-03-11
crmid:8773435893,carding2065@outlook.com,Ferdinand,Patrick,,258-284-5074,West Bend,United States,74852,South Dakota,1108 Ward,1985-06-28
crmid:1406725593,starlighted1949@outlook.com,Robin,Campos,male,576-212-3917,Aberdeen,United States,46671,California,592 Hyde,1930-08-05
crmid:1084339068,oenin1861@yandex.com,Elton,Solis,,302-916-4936,Murray,United States,40782,South Dakota,508 Corbett,1994-08-03
crmid:5248524762,blows1964@gmail.com,Julian,Harmon,,313-992-4089,New Lenox,United States,58036,Missouri,19 Austin,1996-09-26
crmid:5069089730,gas1831@outlook.com,Freeman,Duncan,,474-355-1912,High Point,United States,53828,Tennessee,971 Boutwell,1971-09-30
crmid:4749467741,disazo1833@outlook.com,Madlyn,Henry,female,237-460-6278,Scottsdale,United States,13550,Kansas,700 Ahern,1954-06-13
crmid:7212109908,reversible1820@yandex.com,Harrison,Taylor,male,548-533-5269,Battle Ground,United States,22035,South Carolina,1153 Yukon,1936-04-28
crmid:3536279982,promorphologist1959@gmail.com,Herta,Mills,female,542-302-0123,Pearland,United States,11813,Pennsylvania,1267 San Carlos,1951-12-07
crmid:9659096065,barracuda1992@outlook.com,King,Bradley,male,416-497-2796,Bay City,United States,60384,Florida,1240 Felton,1936-11-11
crmid:2539342351,elusory2039@outlook.com,Dylan,Park,,740-533-3593,West Des Moines,United States,32967,Massachusetts,959 Walker,1968-05-07
crmid:1685596254,colene1880@outlook.com,Clayton,Townsend,,143-394-9681,Lompoc,United States,24891,Illinois,770 Edgardo,1984-04-04
crmid:1130507338,montebrasite1865@yahoo.com,Valene,Guerrero,female,851-281-7621,Peoria,United States,89393,Florida,535 Juri,1947-09-12
crmid:7709051961,polymythic2024@gmail.com,Bobby,Carpenter,,865-564-9748,Killeen,United States,52079,Arkansas,1348 Decker,1977-09-12
crmid:2016322215,dusky2021@yandex.com,Art,Fisher,male,091-054-0364,Albany,United States,09711,Hawaii,1233 Foote,1930-01-10
crmid:1537355036,hyalinization2012@yahoo.com,Clement,Good,,876-583-1767,Keene,United States,51170,Nebraska,1384 Carpenter,1976-10-03
crmid:6107735897,tortulaceous2046@gmail.com,Patrick,Conner,,899-367-4585,Watertown,United States,29264,Colorado,988 Lawton,1965-06-09
crmid:4261234040,euda2027@outlook.com,Omer,Levy,,229-439-9818,Fort Worth,United States,47675,North Dakota,1033 Rockridge,1963-08-04
crmid:6823108674,bulldog1834@gmail.com,Derrick,Ortiz,male,660-778-1723,Round Lake,United States,81707,Washington,908 Bronte,1936-03-22
crmid:3769945065,crystallose1810@live.com,Alaine,Vaughn,female,585-511-0937,Fairmont,United States,09469,Alaska,818 Townsend,1961-01-29
crmid:7784187126,sextur2016@yandex.com,Alvaro,Paul,,406-336-9612,Mundelein,United States,35409,Vermont,1266 Dove,1994-06-30
crmid:7665638523,porcupine1848@live.com,Bernardo,Fry,male,458-809-5730,Biloxi,United States,83704,Oregon,352 Timothy Pflueger,1939-01-10
crmid:6908540408,consolable1948@gmail.com,Garth,Terrell,,550-618-9558,Kansas City,United States,93787,West Virginia,217 Vicksburg,1976-06-12
crmid:1779606496,tafia1930@yandex.com,Andrew,Talley,,233-537-9405,Gillette,United States,13014,Indiana,1111 Harrington,1966-03-27
crmid:4664034357,burdensomely1912@live.com,Ricardo,Fletcher,male,831-089-9904,Avondale,United States,44250,Florida,1218 Beckett,1935-08-10
crmid:5033864897,lacrosse1895@yahoo.com,Cornelius,Hicks,,971-312-4375,Venice,United States,92764,Texas,348 Fern,1989-05-31
crmid:8712138223,dacca1855@live.com,Jose,Newman,,481-204-6931,Sandy,United States,30163,Mississippi,842 Powhattan,1977-12-01
crmid:8253481827,amphibia1884@gmail.com,Angelo,Padilla,,244-612-9731,Jackson,United States,15665,Ohio,338 Wagner,1975-03-07
crmid:1007640373,minima2048@live.com,Billie,Mejia,male,720-194-4882,Tupelo,United States,70865,Pennsylvania,696 Sola,1931-11-22
crmid:7486196144,introconversion1973@yahoo.com,Elisha,Villarreal,,038-824-4606,Round Lake Beach,United States,83597,Michigan,195 Day,1970-06-05
crmid:1546434952,peafowl1963@gmail.com,Everett,Boyle,male,872-271-9163,Bakersfield,United States,10808,Kansas,452 Keppler,1935-04-03
crmid:2098970678,baited2048@yahoo.com,Eldon,Perkins,,584-762-8265,Lebanon,United States,28762,New York,794 Raleigh,1981-05-17
crmid:8238320837,cinerins1979@yahoo.com,Conception,Price,female,631-035-4629,Opelika,United States,27596,Maryland,727 Farnsworth,1961-02-24
crmid:6711271960,rubrication2045@yandex.com,Rogelio,Villarreal,,813-917-6557,Miami Gardens,United States,25899,Minnesota,461 Ship,1990-04-11
crmid:5074705277,exposition1820@yandex.com,Winston,Alston,male,877-907-6752,Belmont,United States,90262,Wisconsin,1325 Battery Caulfield,1937-10-01
crmid:1307823434,acclimatise1825@outlook.com,Vern,Stone,,195-069-7071,Marquette,United States,48659,Pennsylvania,429 Berkeley,1987-08-23
crmid:9312239748,addendum2043@gmail.com,Jefferey,Mcmahon,,894-566-9370,Normal,United States,85254,Maine,1279 Bigler,1998-08-19
crmid:2493908011,gombeen2055@outlook.com,Casey,Salas,,393-384-6935,Lake Oswego,United States,83205,New York,741 Cowell,1980-12-12
crmid:2348649075,breeds1820@outlook.com,Kristopher,Cain,,061-668-4633,Thomasville,United States,91628,Florida,1211 Harold,1992-04-20
crmid:4358304893,repours1922@outlook.com,Morton,Michael,,499-817-3257,Reading,United States,78828,Vermont,1250 Pollard,1975-04-28
crmid:2693976817,fettuccine1840@yahoo.com,Frederick,Day,male,054-683-5436,Broomfield,United States,23005,Nebraska,1277 Shields,1942-04-08
crmid:6502098890,bongo2048@yandex.com,Kelsi,Poole,female,306-311-0338,Post Falls,United States,22818,Vermont,711 Smith,1957-05-23
crmid:1143946091,potsie2014@yahoo.com,Buster,Noel,,997-238-1920,Santa Maria,United States,93728,Texas,79 Jennings,1977-05-25
crmid:2188367419,amusing2032@yahoo.com,Leigha,Savage,female,007-716-9185,Tustin,United States,18540,Arkansas,1376 Winthrop,1948-05-26
crmid:4418934611,breeds1977@yandex.com,Jarrod,Rios,male,547-106-9704,Alamogordo,United States,26235,Montana,405 Newell,1930-05-25
crmid:3034226173,bobbee1961@gmail.com,Damon,Orr,male,422-583-0357,Piqua,United States,77991,California,647 Water,1998-02-23
crmid:3456348303,chine2018@yahoo.com,Mercedez,Edwards,female,609-955-9976,Deltona,United States,63384,Arkansas,1073 Vesta,1954-12-31
crmid:6260621617,groundsheet1891@outlook.com,Darryl,Hughes,,321-462-7176,Kent,United States,42165,South Carolina,310 Exposition,1977-08-15
crmid:2624811828,misentreat2068@yahoo.com,Rosario,Gates,,247-551-4335,Independence,United States,50293,Maryland,468 Truby,1974-10-21
crmid:8623148365,antinome1877@gmail.com,Son,Ayala,male,960-003-8765,Brook Park,United States,50956,Oklahoma,26 Channel,1941-09-01
crmid:7373899721,shaman2007@yandex.com,Robin,Lambert,male,280-313-2631,Apple Valley,United States,49194,Maryland,1208 Arnold,1933-08-17
crmid:1702614662,gamester2067@live.com,Bret,Dotson,,026-629-8196,Wyandotte,United States,54623,North Dakota,160 Vidal,1990-07-05
crmid:5088606840,cercle1894@gmail.com,Whitney,Vega,,719-444-8141,Godfrey,United States,15395,New Hampshire,278 Park,1966-03-29
crmid:4189033615,cynicalness1842@live.com,Weston,Morse,male,668-508-5101,Alamo,United States,54886,South Carolina,1296 Vista View,1930-10-21
crmid:9775838636,morbility2014@yahoo.com,Phylicia,Shepherd,female,053-377-0718,Spokane Valley,United States,16836,Oklahoma,656 Montecito,1947-11-14
crmid:7530490496,aggression2013@yahoo.com,Fredric,Head,,223-982-2141,Martinsburg,United States,57803,Virginia,30 Powell,1987-09-01
crmid:7298098545,viper1954@gmail.com,Jenette,Wright,female,855-869-4208,Cypress,United States,20538,Rhode Island,1225 Spring,1952-04-02
crmid:1007640373,bobotie1850@yahoo.com,Ralph,Benson,,454-839-5071,Godfrey,United States,51803,Connecticut,933 Maywood,1966-10-05
crmid:8637238329,hoops1978@yahoo.com,Enoch,Walsh,,646-021-3094,Louisville,United States,77912,Minnesota,1278 Rotteck,1984-06-24
crmid:6342680900,tressed2001@outlook.com,Nelson,Garrett,,269-171-6151,Missouri City,United States,80463,Iowa,1080 Decker,1992-06-03
crmid:6588863079,gazelle1862@live.com,Jeff,O'neill,male,947-280-3965,Bonney Lake,United States,66672,Washington,679 Cosmo,1940-10-21
crmid:8264757747,cabinda1888@live.com,Nery,Forbes,female,462-899-5658,Saginaw,United States,53875,Virginia,139 Silverview,1961-07-10
crmid:9450178854,campbell1826@live.com,Tod,Tyler,male,980-123-0848,Barnstable Town,United States,57480,Oklahoma,261 Black,1936-09-29
crmid:7301673060,plantula1813@yandex.com,Isaias,Burt,,344-596-7600,Montebello,United States,17422,Alaska,780 Fisher,1992-02-25
crmid:4483027065,cobblerless2053@yandex.com,Lucrecia,Mendoza,female,187-365-0218,Collierville,United States,32418,Washington,646 Acacia,1949-06-20
crmid:8987553786,ozonic1947@gmail.com,Grover,Noel,,862-634-7158,Inglewood,United States,81860,Maine,1292 Osage,1974-04-04
