id,crmid,propensity_score_credit_cards,suggested_credit_card,propensity_score_loan,suggested_loan
a11c7f74-4c74-11ea-9249-b88a60e194fb-1-ps,crmid:7638102025,5,Business Card,2,Auto Loan
a11dd0f0-4c74-11ea-993a-b88a60e194fb-1-ps,crmid:2644849187,4,Rewards Card,5,Student Loan
a11ebc92-4c74-11ea-81da-b88a60e194fb-1-ps,crmid:2907146144,5,Travel Card,1,Personal Loan
a11fcd12-4c74-11ea-b338-b88a60e194fb-1-ps,crmid:9486277966,5,Business Card,4,Auto Loan
a12106ca-4c74-11ea-a3d7-b88a60e194fb-1-ps,crmid:8865637581,3,Dividend Card,5,Personal Loan
a122167e-4c74-11ea-bbbc-b88a60e194fb-1-ps,crmid:5020611212,4,Business Card,4,Business Loan
a1234f0a-4c74-11ea-91d0-b88a60e194fb-1-ps,crmid:8068097160,6,Rewards Card,4,Auto Loan
a124395a-4c74-11ea-9751-b88a60e194fb-1-ps,crmid:2456071111,5,Dividend Card,3,Business Loan
a125731a-4c74-11ea-bcd0-b88a60e194fb-1-ps,crmid:2685759571,4,Dividend Card,9,Student Loan
a1265da4-4c74-11ea-b0a7-b88a60e194fb-1-ps,crmid:5644745591,4,Dividend Card,3,Personal Loan
a12747dc-4c74-11ea-9ce0-b88a60e194fb-1-ps,crmid:8325984454,2,Travel Card,3,Auto Loan
a1285848-4c74-11ea-8e85-b88a60e194fb-1-ps,crmid:1693621656,4,Rewards Card,4,Personal Loan
a203eacc-4c74-11ea-b05e-b88a60e194fb-1-ps,crmid:8441410433,3,Platinum Card,4,Student Loan
a2057162-4c74-11ea-ace9-b88a60e194fb-1-ps,crmid:6641223780,4,Business Card,6,Business Loan
a206f7fe-4c74-11ea-b581-b88a60e194fb-1-ps,crmid:7259729012,5,Rewards Card,5,Personal Loan
a2080978-4c74-11ea-b080-b88a60e194fb-1-ps,crmid:1577644270,2,Rewards Card,3,Student Loan
a20941f4-4c74-11ea-a61c-b88a60e194fb-1-ps,crmid:9763124074,5,Platinum Card,6,Auto Loan
a20aa17a-4c74-11ea-b8c4-b88a60e194fb-1-ps,crmid:4550744831,2,Travel Card,3,Business Loan
a20d3998-4c74-11ea-bb60-b88a60e194fb-1-ps,crmid:3259618988,3,Rewards Card,3,Personal Loan
a20f5c86-4c74-11ea-a9f3-b88a60e194fb-1-ps,crmid:6881617773,4,Simplicity Card,4,Business Loan
a2106dcc-4c74-11ea-a94c-b88a60e194fb-1-ps,crmid:2636268378,3,Travel Card,4,Student Loan
a211a6f0-4c74-11ea-97e4-b88a60e194fb-1-ps,crmid:3717678907,3,Student Card,3,Personal Loan
a212ded8-4c74-11ea-aa25-b88a60e194fb-1-ps,crmid:1526304266,5,Student Card,8,Personal Loan
a2143e64-4c74-11ea-9990-b88a60e194fb-1-ps,crmid:1025890536,8,Business Card,5,Personal Loan
a21576e2-4c74-11ea-9493-b88a60e194fb-1-ps,crmid:4371061613,4,Student Card,4,Business Loan
a216af74-4c74-11ea-a30e-b88a60e194fb-1-ps,crmid:9765658313,4,Platinum Card,2,Student Loan
a2f7e770-4c74-11ea-ab14-b88a60e194fb-1-ps,crmid:6137127935,2,Platinum Card,9,Auto Loan
a2f946f4-4c74-11ea-97b8-b88a60e194fb-1-ps,crmid:5858364808,4,Simplicity Card,5,Personal Loan
a2fa7f94-4c74-11ea-a786-b88a60e194fb-1-ps,crmid:4529222569,4,Rewards Card,5,Student Loan
a2fbb89c-4c74-11ea-8ee4-b88a60e194fb-1-ps,crmid:2381372853,4,Dividend Card,3,Auto Loan
a2fd6594-4c74-11ea-8270-b88a60e194fb-1-ps,crmid:4616614271,3,Dividend Card,2,Personal Loan
a2fe9e3a-4c74-11ea-ad92-b88a60e194fb-1-ps,crmid:8505582030,3,Dividend Card,9,Auto Loan
a2ffaf98-4c74-11ea-b507-b88a60e194fb-1-ps,crmid:1057492732,3,Simplicity Card,6,Personal Loan
a300e7f4-4c74-11ea-a1d7-b88a60e194fb-1-ps,crmid:5033070295,5,Student Card,3,Personal Loan
a3026eb4-4c74-11ea-a3f2-b88a60e194fb-1-ps,crmid:8998119735,5,Student Card,4,Personal Loan
a3038040-4c74-11ea-a197-b88a60e194fb-1-ps,crmid:6172310181,3,Simplicity Card,3,Student Loan
a30491dc-4c74-11ea-a39d-b88a60e194fb-1-ps,crmid:4864165069,5,Simplicity Card,3,Business Loan
a305cab8-4c74-11ea-8f70-b88a60e194fb-1-ps,crmid:2929899013,4,Business Card,5,Personal Loan
a30729c0-4c74-11ea-999d-b88a60e194fb-1-ps,crmid:3902467384,5,Travel Card,4,Personal Loan
a3088946-4c74-11ea-8ff1-b88a60e194fb-1-ps,crmid:6820211766,3,Simplicity Card,4,Auto Loan
a3dd3e00-4c74-11ea-9bca-b88a60e194fb-1-ps,crmid:6044628537,4,Platinum Card,4,Personal Loan
a3de2962-4c74-11ea-928f-b88a60e194fb-1-ps,crmid:5408588745,3,Student Card,5,Business Loan
a3df3aee-4c74-11ea-8b76-b88a60e194fb-1-ps,crmid:9156734888,2,Platinum Card,3,Business Loan
a3e04b64-4c74-11ea-9a87-b88a60e194fb-1-ps,crmid:9897907911,5,Platinum Card,6,Auto Loan
a3e1d1da-4c74-11ea-8e3b-b88a60e194fb-1-ps,crmid:4551153666,5,Travel Card,2,Auto Loan
a3e35868-4c74-11ea-b19f-b88a60e194fb-1-ps,crmid:2083372638,3,Simplicity Card,4,Business Loan
a3e52d50-4c74-11ea-b50d-b88a60e194fb-1-ps,crmid:1662998115,5,Travel Card,3,Student Loan
a3e6b3d2-4c74-11ea-aab9-b88a60e194fb-1-ps,crmid:4132358050,4,Simplicity Card,8,Personal Loan
a3e8898a-4c74-11ea-8485-b88a60e194fb-1-ps,crmid:2884040171,4,Student Card,4,Student Loan
a3e99b02-4c74-11ea-8c60-b88a60e194fb-1-ps,crmid:1463015612,4,Simplicity Card,4,Personal Loan
a3ea8476-4c74-11ea-82a6-b88a60e194fb-1-ps,crmid:3793938542,4,Business Card,3,Business Loan
a3eb95c8-4c74-11ea-9351-b88a60e194fb-1-ps,crmid:1877952867,5,Simplicity Card,4,Auto Loan
a3eca75e-4c74-11ea-b555-b88a60e194fb-1-ps,crmid:9009934138,4,Platinum Card,4,Business Loan
a3edb8b8-4c74-11ea-8ef1-b88a60e194fb-1-ps,crmid:3447640362,5,Business Card,5,Business Loan
a3eea32e-4c74-11ea-922d-b88a60e194fb-1-ps,crmid:9223077668,4,Rewards Card,5,Auto Loan
a4b7bf5c-4c74-11ea-bc11-b88a60e194fb-1-ps,crmid:9694513442,4,Travel Card,4,Auto Loan
a4b8d0d8-4c74-11ea-b43f-b88a60e194fb-1-ps,crmid:1341287155,5,Travel Card,2,Student Loan
a4b9e1f6-4c74-11ea-99f8-b88a60e194fb-1-ps,crmid:3930091052,3,Rewards Card,4,Business Loan
a4bacc50-4c74-11ea-bb40-b88a60e194fb-1-ps,crmid:4874616167,3,Business Card,4,Personal Loan
a4bbb6ac-4c74-11ea-b181-b88a60e194fb-1-ps,crmid:4578155807,4,Travel Card,5,Personal Loan
a4bca10c-4c74-11ea-8e97-b88a60e194fb-1-ps,crmid:4609089647,4,Student Card,4,Personal Loan
a4bd8b64-4c74-11ea-82d1-b88a60e194fb-1-ps,crmid:6180998740,4,Business Card,5,Personal Loan
a4be9dbe-4c74-11ea-a093-b88a60e194fb-1-ps,crmid:8963446107,3,Dividend Card,4,Business Loan
a4bfafcc-4c74-11ea-b703-b88a60e194fb-1-ps,crmid:9782310522,5,Platinum Card,3,Personal Loan
a4c0c0e4-4c74-11ea-8768-b88a60e194fb-1-ps,crmid:4659315274,3,Student Card,4,Personal Loan
a4c18458-4c74-11ea-b119-b88a60e194fb-1-ps,crmid:7955050287,5,Student Card,6,Business Loan
a4c2bbb0-4c74-11ea-b314-b88a60e194fb-1-ps,crmid:5617352733,9,Travel Card,5,Personal Loan
a4c3a750-4c74-11ea-a9d8-b88a60e194fb-1-ps,crmid:8814462622,3,Rewards Card,4,Personal Loan
a4c4b790-4c74-11ea-92e5-b88a60e194fb-1-ps,crmid:6421690982,4,Student Card,3,Auto Loan
a4c5c8dc-4c74-11ea-88be-b88a60e194fb-1-ps,crmid:5134254704,3,Student Card,3,Personal Loan
a593ef14-4c74-11ea-8b28-b88a60e194fb-1-ps,crmid:3469900936,2,Business Card,4,Personal Loan
a594b2b0-4c74-11ea-8693-b88a60e194fb-1-ps,crmid:1579949537,2,Dividend Card,6,Personal Loan
a595e9f4-4c74-11ea-86ce-b88a60e194fb-1-ps,crmid:5569861377,4,Student Card,3,Business Loan
a596d53e-4c74-11ea-a599-b88a60e194fb-1-ps,crmid:7025843687,4,Simplicity Card,4,Business Loan
a597bfe6-4c74-11ea-b0f1-b88a60e194fb-1-ps,crmid:5803857058,3,Student Card,5,Personal Loan
a598d026-4c74-11ea-86fc-b88a60e194fb-1-ps,crmid:3434488265,4,Travel Card,2,Personal Loan
a599bb9c-4c74-11ea-9659-b88a60e194fb-1-ps,crmid:3278872014,4,Platinum Card,3,Student Loan
a59aa58c-4c74-11ea-b8d9-b88a60e194fb-1-ps,crmid:7919691291,7,Business Card,8,Business Loan
a59bdd58-4c74-11ea-b0f3-b88a60e194fb-1-ps,crmid:1289766773,5,Student Card,5,Personal Loan
a59ca1e8-4c74-11ea-875d-b88a60e194fb-1-ps,crmid:6196254601,3,Business Card,5,Auto Loan
a59d8b30-4c74-11ea-9a27-b88a60e194fb-1-ps,crmid:6433199493,3,Business Card,4,Business Loan
a59f38a2-4c74-11ea-9a03-b88a60e194fb-1-ps,crmid:6504469093,4,Business Card,4,Business Loan
a5a0998c-4c74-11ea-9184-b88a60e194fb-1-ps,crmid:3536565543,4,Dividend Card,3,Personal Loan
a66ee5d0-4c74-11ea-8ea0-b88a60e194fb-1-ps,crmid:7759099651,2,Simplicity Card,4,Personal Loan
a66fcf1e-4c74-11ea-a414-b88a60e194fb-1-ps,crmid:1143413383,4,Platinum Card,3,Personal Loan
a670e1e2-4c74-11ea-8142-b88a60e194fb-1-ps,crmid:7014419562,7,Dividend Card,4,Personal Loan
a671cbb4-4c74-11ea-b330-b88a60e194fb-1-ps,crmid:9727750519,4,Platinum Card,4,Personal Loan
a672b51e-4c74-11ea-b6f8-b88a60e194fb-1-ps,crmid:3343973343,9,Travel Card,5,Personal Loan
a6741478-4c74-11ea-b0a2-b88a60e194fb-1-ps,crmid:1404384076,5,Platinum Card,6,Auto Loan
a674ff0a-4c74-11ea-8bda-b88a60e194fb-1-ps,crmid:9359786189,4,Travel Card,4,Personal Loan
a6763802-4c74-11ea-af5b-b88a60e194fb-1-ps,crmid:1460255344,3,Simplicity Card,1,Personal Loan
a6772264-4c74-11ea-a6f1-b88a60e194fb-1-ps,crmid:8035985775,3,Platinum Card,3,Auto Loan
a6783354-4c74-11ea-b3a3-b88a60e194fb-1-ps,crmid:3282120038,4,Dividend Card,5,Auto Loan
a6796bda-4c74-11ea-8228-b88a60e194fb-1-ps,crmid:3205815530,5,Dividend Card,3,Business Loan
a67acbe4-4c74-11ea-a44f-b88a60e194fb-1-ps,crmid:5184337691,4,Travel Card,4,Auto Loan
a67bdcc6-4c74-11ea-9f99-b88a60e194fb-1-ps,crmid:4194461673,4,Business Card,4,Personal Loan
a67cc738-4c74-11ea-954d-b88a60e194fb-1-ps,crmid:7855555276,5,Platinum Card,4,Student Loan
a7521930-4c74-11ea-8686-b88a60e194fb-1-ps,crmid:7903425816,5,Business Card,3,Student Loan
a7532b40-4c74-11ea-85c1-b88a60e194fb-1-ps,crmid:2263726675,6,Simplicity Card,5,Personal Loan
a7543b0a-4c74-11ea-b81e-b88a60e194fb-1-ps,crmid:4028928471,3,Rewards Card,5,Student Loan
a7554c5c-4c74-11ea-9b90-b88a60e194fb-1-ps,crmid:4937236781,3,Student Card,6,Personal Loan
a7568518-4c74-11ea-b1dd-b88a60e194fb-1-ps,crmid:6560237400,4,Platinum Card,4,Personal Loan
a757bee4-4c74-11ea-b9dd-b88a60e194fb-1-ps,crmid:7825556101,4,Platinum Card,4,Student Loan
a758a930-4c74-11ea-b04c-b88a60e194fb-1-ps,crmid:1779606496,3,Student Card,6,Personal Loan
a759b9f6-4c74-11ea-bf2b-b88a60e194fb-1-ps,crmid:2123270147,4,Platinum Card,5,Auto Loan
a75acad2-4c74-11ea-8f73-b88a60e194fb-1-ps,crmid:9219876187,5,Student Card,3,Auto Loan
a75bb64a-4c74-11ea-8121-b88a60e194fb-1-ps,crmid:3517952022,5,Dividend Card,3,Student Loan
a75cc688-4c74-11ea-a70e-b88a60e194fb-1-ps,crmid:3862078308,4,Platinum Card,2,Student Loan
a75e00b6-4c74-11ea-a835-b88a60e194fb-1-ps,crmid:3758308882,3,Dividend Card,5,Business Loan
a75f858c-4c74-11ea-b2d5-b88a60e194fb-1-ps,crmid:7513261960,4,Platinum Card,3,Business Loan
a7606ff4-4c74-11ea-b394-b88a60e194fb-1-ps,crmid:8059180115,3,Simplicity Card,3,Personal Loan
a7615a50-4c74-11ea-9f02-b88a60e194fb-1-ps,crmid:6037774300,8,Platinum Card,4,Personal Loan
a840e4b6-4c74-11ea-938b-b88a60e194fb-1-ps,crmid:5830760544,5,Travel Card,6,Personal Loan
a841cf30-4c74-11ea-9aea-b88a60e194fb-1-ps,crmid:4578155807,8,Simplicity Card,5,Student Loan
a842b998-4c74-11ea-8bba-b88a60e194fb-1-ps,crmid:3590737129,2,Rewards Card,4,Auto Loan
a843a3ec-4c74-11ea-9eb6-b88a60e194fb-1-ps,crmid:2735823932,4,Student Card,3,Business Loan
a844b5e4-4c74-11ea-974c-b88a60e194fb-1-ps,crmid:6220796078,3,Rewards Card,5,Business Loan
a84578c2-4c74-11ea-921f-b88a60e194fb-1-ps,crmid:5142872833,5,Platinum Card,3,Personal Loan
a84662f8-4c74-11ea-8536-b88a60e194fb-1-ps,crmid:5754510598,4,Rewards Card,4,Business Loan
a8477482-4c74-11ea-8499-b88a60e194fb-1-ps,crmid:4485391939,7,Rewards Card,4,Personal Loan
a8485ec8-4c74-11ea-a266-b88a60e194fb-1-ps,crmid:1925902230,5,Student Card,9,Personal Loan
a8497058-4c74-11ea-b31d-b88a60e194fb-1-ps,crmid:8676631702,4,Business Card,4,Personal Loan
a84a5aac-4c74-11ea-a461-b88a60e194fb-1-ps,crmid:8773982928,4,Simplicity Card,3,Business Loan
a84b44fe-4c74-11ea-852a-b88a60e194fb-1-ps,crmid:9775838636,5,Platinum Card,6,Business Loan
a84c568c-4c74-11ea-a4ba-b88a60e194fb-1-ps,crmid:8212107358,5,Rewards Card,4,Auto Loan
a84d40dc-4c74-11ea-bdba-b88a60e194fb-1-ps,crmid:1811004692,6,Business Card,5,Student Loan
a84e2b2c-4c74-11ea-9530-b88a60e194fb-1-ps,crmid:3829053926,4,Simplicity Card,8,Personal Loan
a92502cc-4c74-11ea-a157-b88a60e194fb-1-ps,crmid:6175146268,5,Rewards Card,4,Personal Loan
a9261446-4c74-11ea-82e1-b88a60e194fb-1-ps,crmid:3578986983,2,Rewards Card,2,Personal Loan
a927259c-4c74-11ea-97f5-b88a60e194fb-1-ps,crmid:9990673762,4,Simplicity Card,7,Auto Loan
a9280fee-4c74-11ea-a1c4-b88a60e194fb-1-ps,crmid:1134028357,5,Platinum Card,5,Personal Loan
a928fa50-4c74-11ea-aca8-b88a60e194fb-1-ps,crmid:6428016952,4,Simplicity Card,3,Personal Loan
a92a3390-4c74-11ea-a695-b88a60e194fb-1-ps,crmid:2902781612,5,Platinum Card,4,Auto Loan
a92b1d5c-4c74-11ea-bd83-b88a60e194fb-1-ps,crmid:8055518289,3,Business Card,4,Personal Loan
a92c55de-4c74-11ea-b0e8-b88a60e194fb-1-ps,crmid:7103518613,6,Simplicity Card,6,Auto Loan
a92d8e36-4c74-11ea-b686-b88a60e194fb-1-ps,crmid:2578687805,5,Rewards Card,4,Business Loan
a92ec840-4c74-11ea-99ec-b88a60e194fb-1-ps,crmid:8892834009,5,Business Card,4,Auto Loan
a92fb234-4c74-11ea-8ee2-b88a60e194fb-1-ps,crmid:3766572716,3,Platinum Card,3,Personal Loan
a9309ba2-4c74-11ea-83a4-b88a60e194fb-1-ps,crmid:2107266726,4,Rewards Card,4,Student Loan
a931d410-4c74-11ea-99c7-b88a60e194fb-1-ps,crmid:3223272339,2,Simplicity Card,4,Student Loan
a933a8c6-4c74-11ea-845e-b88a60e194fb-1-ps,crmid:9114050591,5,Simplicity Card,8,Business Loan
aa0e2a1e-4c74-11ea-a8c1-b88a60e194fb-1-ps,crmid:2583183550,4,Student Card,3,Student Loan
aa0f6268-4c74-11ea-9b3c-b88a60e194fb-1-ps,crmid:9526773580,4,Simplicity Card,4,Student Loan
aa10c20c-4c74-11ea-8a5c-b88a60e194fb-1-ps,crmid:5745762152,5,Dividend Card,3,Personal Loan
aa11fa98-4c74-11ea-b871-b88a60e194fb-1-ps,crmid:7774005330,3,Student Card,4,Student Loan
aa12bf4c-4c74-11ea-8438-b88a60e194fb-1-ps,crmid:1827114853,6,Rewards Card,6,Personal Loan
aa146ba2-4c74-11ea-88e2-b88a60e194fb-1-ps,crmid:3282512555,5,Student Card,5,Personal Loan
aa1703a2-4c74-11ea-a69a-b88a60e194fb-1-ps,crmid:6969599050,5,Student Card,3,Personal Loan
aa18ff54-4c74-11ea-8480-b88a60e194fb-1-ps,crmid:8815412163,6,Rewards Card,3,Business Loan
aa1a86d8-4c74-11ea-9f48-b88a60e194fb-1-ps,crmid:5626286303,5,Business Card,4,Business Loan
aa1be59e-4c74-11ea-9e95-b88a60e194fb-1-ps,crmid:6466910996,4,Dividend Card,4,Personal Loan
aa1d1e00-4c74-11ea-9ea5-b88a60e194fb-1-ps,crmid:6924470459,4,Student Card,6,Business Loan
aa1ecbd2-4c74-11ea-b4bc-b88a60e194fb-1-ps,crmid:4211646131,6,Dividend Card,4,Personal Loan
aa2163da-4c74-11ea-93eb-b88a60e194fb-1-ps,crmid:4167244248,5,Dividend Card,3,Business Loan
ab016330-4c74-11ea-82cd-b88a60e194fb-1-ps,crmid:3836931104,4,Dividend Card,8,Business Loan
ab0274dc-4c74-11ea-8bcd-b88a60e194fb-1-ps,crmid:7798669935,3,Dividend Card,7,Personal Loan
ab03ae8a-4c74-11ea-abaa-b88a60e194fb-1-ps,crmid:1440812966,4,Dividend Card,4,Business Loan
ab04e58a-4c74-11ea-8358-b88a60e194fb-1-ps,crmid:9318148482,5,Simplicity Card,5,Student Loan
ab061e26-4c74-11ea-bf35-b88a60e194fb-1-ps,crmid:8642683048,3,Travel Card,5,Auto Loan
ab081a26-4c74-11ea-a9de-b88a60e194fb-1-ps,crmid:2774314590,4,Business Card,4,Auto Loan
ab092b68-4c74-11ea-8f4f-b88a60e194fb-1-ps,crmid:1740806285,4,Business Card,4,Personal Loan
ab0b004c-4c74-11ea-8178-b88a60e194fb-1-ps,crmid:4717768906,2,Platinum Card,5,Personal Loan
ab0c5fd8-4c74-11ea-8600-b88a60e194fb-1-ps,crmid:1173675612,5,Student Card,5,Personal Loan
ab0de690-4c74-11ea-bea0-b88a60e194fb-1-ps,crmid:4920500875,3,Rewards Card,5,Student Loan
ab0ed0b6-4c74-11ea-a1eb-b88a60e194fb-1-ps,crmid:5223671150,6,Dividend Card,4,Auto Loan
ab103054-4c74-11ea-900a-b88a60e194fb-1-ps,crmid:5433996974,5,Student Card,4,Personal Loan
ab111b3e-4c74-11ea-b1b1-b88a60e194fb-1-ps,crmid:3390921313,4,Student Card,3,Personal Loan
ab127a1a-4c74-11ea-8e94-b88a60e194fb-1-ps,crmid:9709652931,4,Dividend Card,2,Personal Loan
abed97c0-4c74-11ea-a99e-b88a60e194fb-1-ps,crmid:9515148780,3,Travel Card,5,Personal Loan
abee822c-4c74-11ea-8451-b88a60e194fb-1-ps,crmid:2287011366,4,Simplicity Card,4,Business Loan
abefbaa8-4c74-11ea-bf09-b88a60e194fb-1-ps,crmid:4408545374,4,Travel Card,3,Auto Loan
abf0cbf6-4c74-11ea-8cd7-b88a60e194fb-1-ps,crmid:5578417782,9,Student Card,4,Business Loan
abf1dd6e-4c74-11ea-9c16-b88a60e194fb-1-ps,crmid:7696193849,3,Travel Card,5,Personal Loan
abf2eeda-4c74-11ea-abc0-b88a60e194fb-1-ps,crmid:7942679718,3,Dividend Card,6,Personal Loan
abf40036-4c74-11ea-9a5b-b88a60e194fb-1-ps,crmid:7563480849,5,Student Card,7,Auto Loan
abf586d4-4c74-11ea-b998-b88a60e194fb-1-ps,crmid:8182791230,4,Student Card,4,Business Loan
abf6bf5c-4c74-11ea-b163-b88a60e194fb-1-ps,crmid:4898015616,4,Rewards Card,10,Personal Loan
abf7d0e2-4c74-11ea-8835-b88a60e194fb-1-ps,crmid:4152053004,3,Student Card,4,Student Loan
abf8bb36-4c74-11ea-b880-b88a60e194fb-1-ps,crmid:8000649903,6,Simplicity Card,4,Student Loan
abf9ccb4-4c74-11ea-bbc2-b88a60e194fb-1-ps,crmid:7409592259,5,Student Card,7,Personal Loan
abfb53a6-4c74-11ea-837d-b88a60e194fb-1-ps,crmid:7850307477,5,Business Card,5,Student Loan
abfcb2ee-4c74-11ea-b5b3-b88a60e194fb-1-ps,crmid:7618790174,5,Simplicity Card,4,Auto Loan
abfe0222-4c74-11ea-8b55-b88a60e194fb-1-ps,crmid:2045432202,5,Platinum Card,6,Student Loan
acd86fc6-4c74-11ea-8666-b88a60e194fb-1-ps,crmid:7052506584,5,Platinum Card,5,Personal Loan
acd95b54-4c74-11ea-b21e-b88a60e194fb-1-ps,crmid:9504872064,3,Travel Card,7,Student Loan
acda6b90-4c74-11ea-a190-b88a60e194fb-1-ps,crmid:3218357337,4,Rewards Card,8,Student Loan
acdb7cfe-4c74-11ea-b1d7-b88a60e194fb-1-ps,crmid:8899851799,4,Rewards Card,5,Personal Loan
acdc6758-4c74-11ea-8c11-b88a60e194fb-1-ps,crmid:6658190946,5,Platinum Card,4,Personal Loan
acdd51b4-4c74-11ea-927a-b88a60e194fb-1-ps,crmid:7596834549,4,Student Card,4,Personal Loan
acde6348-4c74-11ea-8216-b88a60e194fb-1-ps,crmid:1718209107,4,Student Card,3,Business Loan
acdf4ec0-4c74-11ea-a3dd-b88a60e194fb-1-ps,crmid:3331668382,3,Platinum Card,3,Personal Loan
ace0120c-4c74-11ea-a3fb-b88a60e194fb-1-ps,crmid:6231870811,6,Dividend Card,4,Business Loan
ace122f0-4c74-11ea-9e43-b88a60e194fb-1-ps,crmid:1555966387,4,Business Card,4,Personal Loan
ace20ddc-4c74-11ea-84bd-b88a60e194fb-1-ps,crmid:5061514603,2,Student Card,3,Personal Loan
ace2f6d0-4c74-11ea-8ebf-b88a60e194fb-1-ps,crmid:5098149680,4,Dividend Card,7,Student Loan
ace40878-4c74-11ea-b856-b88a60e194fb-1-ps,crmid:6664747891,3,Platinum Card,4,Business Loan
ace4cd02-4c74-11ea-8ab9-b88a60e194fb-1-ps,crmid:9914278789,3,Dividend Card,4,Auto Loan
ace6041e-4c74-11ea-b1a8-b88a60e194fb-1-ps,crmid:5688574970,5,Business Card,7,Business Loan
ade39db0-4c74-11ea-9ede-b88a60e194fb-1-ps,crmid:6436292156,4,Student Card,4,Personal Loan
ade4fd46-4c74-11ea-9476-b88a60e194fb-1-ps,crmid:9290911063,4,Rewards Card,4,Personal Loan
ade60ec8-4c74-11ea-97c5-b88a60e194fb-1-ps,crmid:2827287195,3,Simplicity Card,5,Personal Loan
ade79548-4c74-11ea-8d10-b88a60e194fb-1-ps,crmid:7727319492,4,Dividend Card,2,Auto Loan
ade87fc2-4c74-11ea-9f1b-b88a60e194fb-1-ps,crmid:6008122576,9,Simplicity Card,2,Auto Loan
adea063a-4c74-11ea-b181-b88a60e194fb-1-ps,crmid:8349592973,4,Travel Card,8,Auto Loan
adeb65d4-4c74-11ea-aa18-b88a60e194fb-1-ps,crmid:9930515602,3,Rewards Card,5,Personal Loan
adecc562-4c74-11ea-964c-b88a60e194fb-1-ps,crmid:7445192976,5,Platinum Card,5,Auto Loan
adedd6ca-4c74-11ea-99fd-b88a60e194fb-1-ps,crmid:4616235631,4,Travel Card,5,Personal Loan
adef3658-4c74-11ea-87c6-b88a60e194fb-1-ps,crmid:6897901731,3,Business Card,3,Auto Loan
adf020a8-4c74-11ea-85b9-b88a60e194fb-1-ps,crmid:5919732809,4,Business Card,5,Business Loan
adf15930-4c74-11ea-b836-b88a60e194fb-1-ps,crmid:8818757170,4,Student Card,6,Personal Loan
adf291e8-4c74-11ea-a3bf-b88a60e194fb-1-ps,crmid:3818676165,4,Simplicity Card,4,Student Loan
adf3ca48-4c74-11ea-a4d5-b88a60e194fb-1-ps,crmid:9667434038,3,Platinum Card,4,Personal Loan
aed24498-4c74-11ea-a742-b88a60e194fb-1-ps,crmid:1314276315,5,Rewards Card,9,Auto Loan
aed354d4-4c74-11ea-9d87-b88a60e194fb-1-ps,crmid:9393126751,5,Student Card,4,Personal Loan
aed46608-4c74-11ea-85d6-b88a60e194fb-1-ps,crmid:9872100620,4,Business Card,3,Business Loan
aed52a9e-4c74-11ea-b145-b88a60e194fb-1-ps,crmid:1851254071,3,Travel Card,4,Auto Loan
aed662e6-4c74-11ea-844b-b88a60e194fb-1-ps,crmid:4600923846,5,Business Card,3,Personal Loan
aed77346-4c74-11ea-82ef-b88a60e194fb-1-ps,crmid:7495078932,4,Business Card,3,Personal Loan
aed884be-4c74-11ea-a983-b88a60e194fb-1-ps,crmid:6555598996,6,Dividend Card,6,Personal Loan
aed96f98-4c74-11ea-8489-b88a60e194fb-1-ps,crmid:1891724845,3,Travel Card,4,Personal Loan
aeda598a-4c74-11ea-919f-b88a60e194fb-1-ps,crmid:3322150813,4,Business Card,4,Personal Loan
aedb44fa-4c74-11ea-b1dd-b88a60e194fb-1-ps,crmid:9040440737,5,Dividend Card,4,Personal Loan
aedc2e42-4c74-11ea-abf4-b88a60e194fb-1-ps,crmid:2786397925,5,Student Card,7,Student Loan
aedcf2d2-4c74-11ea-bf07-b88a60e194fb-1-ps,crmid:6468243338,9,Travel Card,3,Personal Loan
aede5102-4c74-11ea-9a57-b88a60e194fb-1-ps,crmid:3499989660,5,Student Card,5,Personal Loan
aedf3b82-4c74-11ea-8495-b88a60e194fb-1-ps,crmid:4336994551,4,Platinum Card,5,Personal Loan
afb43e78-4c74-11ea-8a7a-b88a60e194fb-1-ps,crmid:5276336466,5,Dividend Card,3,Personal Loan
afb54fe4-4c74-11ea-89a3-b88a60e194fb-1-ps,crmid:6796141747,5,Dividend Card,3,Personal Loan
afb63b68-4c74-11ea-a9bb-b88a60e194fb-1-ps,crmid:5391910866,4,Platinum Card,9,Personal Loan
afb74bb8-4c74-11ea-96be-b88a60e194fb-1-ps,crmid:6452902488,5,Simplicity Card,9,Personal Loan
afb88422-4c74-11ea-a24d-b88a60e194fb-1-ps,crmid:2669024649,2,Travel Card,5,Personal Loan
afb9bcb0-4c74-11ea-ab76-b88a60e194fb-1-ps,crmid:7326919758,4,Simplicity Card,3,Personal Loan
afbace24-4c74-11ea-9f82-b88a60e194fb-1-ps,crmid:3593798115,4,Platinum Card,7,Business Loan
afbbb876-4c74-11ea-9933-b88a60e194fb-1-ps,crmid:2335302947,4,Rewards Card,3,Personal Loan
afbca2a2-4c74-11ea-b895-b88a60e194fb-1-ps,crmid:4675831230,4,Business Card,3,Business Loan
afbdb586-4c74-11ea-ae1c-b88a60e194fb-1-ps,crmid:8142361488,3,Simplicity Card,3,Auto Loan
afbe9ea2-4c74-11ea-9252-b88a60e194fb-1-ps,crmid:2808366950,5,Platinum Card,4,Student Loan
afbfb100-4c74-11ea-ad63-b88a60e194fb-1-ps,crmid:1107201540,5,Rewards Card,4,Personal Loan
afc10fb6-4c74-11ea-a620-b88a60e194fb-1-ps,crmid:5473232775,8,Business Card,7,Student Loan
afc220fe-4c74-11ea-9fbb-b88a60e194fb-1-ps,crmid:8296242622,4,Travel Card,3,Auto Loan
afc35998-4c74-11ea-a85f-b88a60e194fb-1-ps,crmid:2420592488,3,Platinum Card,6,Business Loan
b0eee0dc-4c74-11ea-953a-b88a60e194fb-1-ps,crmid:8006862253,5,Business Card,5,Auto Loan
b0efcb3a-4c74-11ea-8e48-b88a60e194fb-1-ps,crmid:3382671582,6,Platinum Card,6,Student Loan
b0f12ac6-4c74-11ea-acfe-b88a60e194fb-1-ps,crmid:6485638148,7,Platinum Card,4,Student Loan
b0f28bd8-4c74-11ea-b56f-b88a60e194fb-1-ps,crmid:1448664373,3,Student Card,4,Personal Loan
b0f39bc2-4c74-11ea-9c69-b88a60e194fb-1-ps,crmid:1620030246,4,Business Card,6,Auto Loan
b0f4ad38-4c74-11ea-9893-b88a60e194fb-1-ps,crmid:6998069912,4,Platinum Card,8,Business Loan
b0f5e5d0-4c74-11ea-bbd4-b88a60e194fb-1-ps,crmid:1590510319,3,Business Card,5,Auto Loan
b0f71e30-4c74-11ea-83ab-b88a60e194fb-1-ps,crmid:9981495794,3,Dividend Card,4,Personal Loan
b0f856be-4c74-11ea-a467-b88a60e194fb-1-ps,crmid:8523231132,4,Travel Card,3,Auto Loan
b0f941dc-4c74-11ea-83db-b88a60e194fb-1-ps,crmid:2511438670,4,Rewards Card,5,Personal Loan
b0fa5282-4c74-11ea-b2c5-b88a60e194fb-1-ps,crmid:6937622069,4,Simplicity Card,6,Personal Loan
b0fb8aee-4c74-11ea-b35e-b88a60e194fb-1-ps,crmid:1184566418,4,Student Card,6,Personal Loan
b0fc9c8a-4c74-11ea-879d-b88a60e194fb-1-ps,crmid:8457366199,4,Travel Card,3,Personal Loan
b0fdfc5a-4c74-11ea-ba59-b88a60e194fb-1-ps,crmid:7019258524,4,Business Card,4,Personal Loan
b1db3d62-4c74-11ea-80ed-b88a60e194fb-1-ps,crmid:2382361414,4,Student Card,5,Auto Loan
b1dc4df6-4c74-11ea-94e5-b88a60e194fb-1-ps,crmid:6084341660,5,Platinum Card,5,Auto Loan
b1dd6094-4c74-11ea-ab54-b88a60e194fb-1-ps,crmid:2629644656,5,Business Card,6,Business Loan
b1de4ad2-4c74-11ea-9910-b88a60e194fb-1-ps,crmid:7646993885,5,Rewards Card,5,Student Loan
b1df0ce4-4c74-11ea-9217-b88a60e194fb-1-ps,crmid:4026540674,3,Dividend Card,3,Student Loan
b1e04564-4c74-11ea-a86c-b88a60e194fb-1-ps,crmid:5121147147,3,Travel Card,8,Personal Loan
b20a1474-4c74-11ea-a354-b88a60e194fb-1-ps,crmid:3149271639,4,Dividend Card,3,Business Loan
b20be928-4c74-11ea-82fa-b88a60e194fb-1-ps,crmid:7436263657,4,Travel Card,4,Business Loan
b2107d08-4c74-11ea-9d76-b88a60e194fb-1-ps,crmid:1846785852,3,Business Card,5,Personal Loan
b23aea0c-4c74-11ea-92af-b88a60e194fb-1-ps,crmid:9870495830,3,Business Card,3,Business Loan
b23bfb46-4c74-11ea-a680-b88a60e194fb-1-ps,crmid:1615221869,6,Student Card,4,Business Loan
b23cbe28-4c74-11ea-9035-b88a60e194fb-1-ps,crmid:2564989578,3,Rewards Card,4,Personal Loan
b23d8176-4c74-11ea-8897-b88a60e194fb-1-ps,crmid:2339745115,7,Travel Card,4,Business Loan
b23e91ba-4c74-11ea-b23f-b88a60e194fb-1-ps,crmid:2974547400,4,Simplicity Card,3,Personal Loan
b23f550a-4c74-11ea-9cbe-b88a60e194fb-1-ps,crmid:1236461071,4,Business Card,4,Personal Loan
b31d31a4-4c74-11ea-90e8-b88a60e194fb-1-ps,crmid:3031324132,3,Dividend Card,3,Personal Loan
b31e6a14-4c74-11ea-b7d3-b88a60e194fb-1-ps,crmid:9761449333,4,Rewards Card,4,Personal Loan
b31f2d66-4c74-11ea-9af3-b88a60e194fb-1-ps,crmid:3781201451,5,Rewards Card,5,Student Loan
b3206610-4c74-11ea-a94f-b88a60e194fb-1-ps,crmid:5690533405,3,Platinum Card,6,Business Loan
b321503e-4c74-11ea-a1c6-b88a60e194fb-1-ps,crmid:7842189942,3,Platinum Card,4,Auto Loan
b3223ad4-4c74-11ea-aef9-b88a60e194fb-1-ps,crmid:1091720112,4,Travel Card,6,Student Loan
b3237334-4c74-11ea-9c46-b88a60e194fb-1-ps,crmid:3089669606,5,Business Card,7,Student Loan
b3245d78-4c74-11ea-932a-b88a60e194fb-1-ps,crmid:5962950801,5,Platinum Card,3,Personal Loan
b325bd28-4c74-11ea-9ff9-b88a60e194fb-1-ps,crmid:6137127935,5,Business Card,5,Business Loan
b326a794-4c74-11ea-92de-b88a60e194fb-1-ps,crmid:4510292142,4,Student Card,4,Personal Loan
b327dff6-4c74-11ea-a1e7-b88a60e194fb-1-ps,crmid:2260562905,5,Dividend Card,6,Personal Loan
b32966d8-4c74-11ea-aa3b-b88a60e194fb-1-ps,crmid:7226350477,5,Dividend Card,4,Auto Loan
b32a7806-4c74-11ea-86a7-b88a60e194fb-1-ps,crmid:9155271080,5,Business Card,4,Personal Loan
b32b89a8-4c74-11ea-b277-b88a60e194fb-1-ps,crmid:2138936569,4,Rewards Card,6,Business Loan
b32cc1ee-4c74-11ea-a486-b88a60e194fb-1-ps,crmid:7843865310,2,Rewards Card,7,Personal Loan
b3ff5418-4c74-11ea-a6d3-b88a60e194fb-1-ps,crmid:5918614716,4,Business Card,5,Auto Loan
b400b386-4c74-11ea-a60e-b88a60e194fb-1-ps,crmid:4117224099,4,Student Card,5,Auto Loan
b4019f28-4c74-11ea-aecb-b88a60e194fb-1-ps,crmid:2380942033,4,Platinum Card,4,Auto Loan
b402b0b6-4c74-11ea-8330-b88a60e194fb-1-ps,crmid:9695251111,4,Travel Card,5,Student Loan
b40399c6-4c74-11ea-a381-b88a60e194fb-1-ps,crmid:3403177009,4,Simplicity Card,3,Auto Loan
b404851a-4c74-11ea-b836-b88a60e194fb-1-ps,crmid:1789277903,4,Simplicity Card,6,Student Loan
b40595a4-4c74-11ea-9127-b88a60e194fb-1-ps,crmid:2405603009,7,Platinum Card,4,Auto Loan
b4068000-4c74-11ea-8597-b88a60e194fb-1-ps,crmid:6046260619,6,Travel Card,3,Business Loan
b4074498-4c74-11ea-806a-b88a60e194fb-1-ps,crmid:5515426872,3,Travel Card,3,Personal Loan
b4087c5c-4c74-11ea-9d01-b88a60e194fb-1-ps,crmid:6335623592,4,Simplicity Card,5,Auto Loan
b4096634-4c74-11ea-8d1c-b88a60e194fb-1-ps,crmid:9628470843,4,Platinum Card,4,Personal Loan
b40a77ac-4c74-11ea-8a25-b88a60e194fb-1-ps,crmid:1354979112,5,Platinum Card,5,Business Loan
b40b631a-4c74-11ea-9313-b88a60e194fb-1-ps,crmid:3445357585,5,Business Card,3,Personal Loan
b40c4c5c-4c74-11ea-a4d0-b88a60e194fb-1-ps,crmid:7448824618,8,Simplicity Card,4,Personal Loan
b40d36d8-4c74-11ea-b773-b88a60e194fb-1-ps,crmid:7651777398,3,Dividend Card,4,Personal Loan
b4f2b480-4c74-11ea-815c-b88a60e194fb-1-ps,crmid:8175164665,4,Dividend Card,3,Business Loan
b4f413d8-4c74-11ea-9a69-b88a60e194fb-1-ps,crmid:8449496434,3,Rewards Card,6,Personal Loan
b4f59a66-4c74-11ea-b805-b88a60e194fb-1-ps,crmid:2260865416,6,Business Card,4,Business Loan
b4f72114-4c74-11ea-a607-b88a60e194fb-1-ps,crmid:4431979529,5,Travel Card,2,Personal Loan
b4f832a2-4c74-11ea-9c85-b88a60e194fb-1-ps,crmid:1988515802,5,Platinum Card,4,Business Loan
b4f9b926-4c74-11ea-98b8-b88a60e194fb-1-ps,crmid:2454819640,6,Simplicity Card,4,Student Loan
b4faf1b4-4c74-11ea-a18d-b88a60e194fb-1-ps,crmid:9839290566,5,Simplicity Card,4,Business Loan
b4fc2a28-4c74-11ea-b738-b88a60e194fb-1-ps,crmid:6394787825,2,Simplicity Card,4,Personal Loan
b4fdb0c8-4c74-11ea-abd1-b88a60e194fb-1-ps,crmid:6765742198,3,Rewards Card,4,Personal Loan
b4ff1052-4c74-11ea-9f65-b88a60e194fb-1-ps,crmid:7418013380,4,Platinum Card,4,Student Loan
b50096e4-4c74-11ea-9583-b88a60e194fb-1-ps,crmid:2310116354,5,Dividend Card,4,Personal Loan
b501f67a-4c74-11ea-bada-b88a60e194fb-1-ps,crmid:7408426956,4,Simplicity Card,4,Personal Loan
b5035626-4c74-11ea-9224-b88a60e194fb-1-ps,crmid:3536491952,3,Platinum Card,6,Personal Loan
b504dd0a-4c74-11ea-95a1-b88a60e194fb-1-ps,crmid:4770505525,2,Travel Card,4,Personal Loan
b5ec2f0a-4c74-11ea-bdcc-b88a60e194fb-1-ps,crmid:1042409150,5,Platinum Card,3,Auto Loan
b5ed1992-4c74-11ea-841a-b88a60e194fb-1-ps,crmid:8362077334,4,Platinum Card,5,Business Loan
b5ee2b0c-4c74-11ea-bcb9-b88a60e194fb-1-ps,crmid:6895152380,4,Rewards Card,3,Auto Loan
b5ef3c64-4c74-11ea-96e9-b88a60e194fb-1-ps,crmid:9623743439,5,Simplicity Card,5,Business Loan
b5f026ac-4c74-11ea-ae55-b88a60e194fb-1-ps,crmid:1901409579,6,Simplicity Card,5,Personal Loan
b5f111a2-4c74-11ea-88e5-b88a60e194fb-1-ps,crmid:5588676275,5,Simplicity Card,5,Business Loan
b5f2e5da-4c74-11ea-8d75-b88a60e194fb-1-ps,crmid:1930147842,3,Rewards Card,2,Personal Loan
b5f3d0c8-4c74-11ea-afca-b88a60e194fb-1-ps,crmid:4325581096,5,Travel Card,4,Business Loan
b5f4bab0-4c74-11ea-8e05-b88a60e194fb-1-ps,crmid:3509860333,6,Platinum Card,4,Auto Loan
b5f5cc0a-4c74-11ea-8563-b88a60e194fb-1-ps,crmid:3224649580,3,Business Card,5,Student Loan
b5f6b836-4c74-11ea-b6db-b88a60e194fb-1-ps,crmid:7582254350,3,Student Card,5,Student Loan
b5f7a0c6-4c74-11ea-9458-b88a60e194fb-1-ps,crmid:6082092255,4,Rewards Card,2,Auto Loan
b5f88c4c-4c74-11ea-b3be-b88a60e194fb-1-ps,crmid:8037484781,3,Platinum Card,4,Personal Loan
b5f9757a-4c74-11ea-8d0b-b88a60e194fb-1-ps,crmid:2161805110,4,Business Card,5,Personal Loan
b5fa613a-4c74-11ea-8255-b88a60e194fb-1-ps,crmid:8346193771,4,Travel Card,5,Personal Loan
b6de0914-4c74-11ea-ae38-b88a60e194fb-1-ps,crmid:3826325050,3,Simplicity Card,3,Auto Loan
b6df42ee-4c74-11ea-ab9d-b88a60e194fb-1-ps,crmid:6002209574,5,Platinum Card,3,Business Loan
b6e05442-4c74-11ea-b9be-b88a60e194fb-1-ps,crmid:1146621151,8,Rewards Card,5,Personal Loan
b6e13d58-4c74-11ea-a173-b88a60e194fb-1-ps,crmid:5616060544,6,Simplicity Card,5,Personal Loan
b6e228f6-4c74-11ea-8179-b88a60e194fb-1-ps,crmid:8533794317,3,Platinum Card,5,Personal Loan
b6e33914-4c74-11ea-b6f6-b88a60e194fb-1-ps,crmid:5676058011,4,Student Card,4,Personal Loan
b6e4717a-4c74-11ea-b6e1-b88a60e194fb-1-ps,crmid:6334284144,5,Dividend Card,5,Student Loan
b6e55bcc-4c74-11ea-8acb-b88a60e194fb-1-ps,crmid:9109563060,5,Dividend Card,3,Business Loan
b6e61f24-4c74-11ea-9bcd-b88a60e194fb-1-ps,crmid:7621755730,4,Dividend Card,4,Personal Loan
b6e7307e-4c74-11ea-a151-b88a60e194fb-1-ps,crmid:5246950973,4,Business Card,4,Business Loan
b6e8b758-4c74-11ea-ab76-b88a60e194fb-1-ps,crmid:1297457836,3,Dividend Card,3,Personal Loan
b6e9efba-4c74-11ea-8655-b88a60e194fb-1-ps,crmid:9956597654,5,Simplicity Card,4,Personal Loan
b6eb2836-4c74-11ea-bab5-b88a60e194fb-1-ps,crmid:3465347211,5,Travel Card,2,Personal Loan
b6ec13dc-4c74-11ea-9f68-b88a60e194fb-1-ps,crmid:3178858728,4,Dividend Card,5,Business Loan
b7c92c06-4c74-11ea-a8b3-b88a60e194fb-1-ps,crmid:2888741637,5,Student Card,3,Personal Loan
b7ca1658-4c74-11ea-9886-b88a60e194fb-1-ps,crmid:9667099670,4,Student Card,4,Personal Loan
b7cb2822-4c74-11ea-b989-b88a60e194fb-1-ps,crmid:2065978956,6,Student Card,4,Personal Loan
b7cc3938-4c74-11ea-a25f-b88a60e194fb-1-ps,crmid:8594173304,4,Dividend Card,5,Personal Loan
b7cd4abe-4c74-11ea-8557-b88a60e194fb-1-ps,crmid:3037147290,5,Platinum Card,2,Personal Loan
b7ceaa2c-4c74-11ea-b733-b88a60e194fb-1-ps,crmid:9506844704,4,Business Card,2,Personal Loan
b7cf94b6-4c74-11ea-b335-b88a60e194fb-1-ps,crmid:9117550767,5,Platinum Card,4,Personal Loan
b7d0a7e6-4c74-11ea-8232-b88a60e194fb-1-ps,crmid:4638561069,5,Student Card,8,Auto Loan
b7d19058-4c74-11ea-b9e2-b88a60e194fb-1-ps,crmid:3282380066,2,Dividend Card,7,Personal Loan
b7d33e18-4c74-11ea-981b-b88a60e194fb-1-ps,crmid:8611344784,2,Student Card,7,Student Loan
b7d44f76-4c74-11ea-ade2-b88a60e194fb-1-ps,crmid:2551153240,3,Dividend Card,3,Business Loan
b7d539ba-4c74-11ea-a26c-b88a60e194fb-1-ps,crmid:3481726559,8,Business Card,3,Personal Loan
b7d6762e-4c74-11ea-b128-b88a60e194fb-1-ps,crmid:6513273158,4,Travel Card,3,Student Loan
b7d783c0-4c74-11ea-a43a-b88a60e194fb-1-ps,crmid:1212104609,3,Dividend Card,3,Business Loan
b7d86e46-4c74-11ea-a51d-b88a60e194fb-1-ps,crmid:9620812448,5,Business Card,4,Personal Loan
b8b9f594-4c74-11ea-be29-b88a60e194fb-1-ps,crmid:9338417618,4,Dividend Card,3,Auto Loan
b8bb2cf6-4c74-11ea-9f0a-b88a60e194fb-1-ps,crmid:5061514603,4,Rewards Card,3,Personal Loan
b8bc172c-4c74-11ea-bb28-b88a60e194fb-1-ps,crmid:3428662658,4,Platinum Card,5,Business Loan
b8bd4fb4-4c74-11ea-ba63-b88a60e194fb-1-ps,crmid:9137629177,4,Platinum Card,2,Personal Loan
b8be8938-4c74-11ea-ac73-b88a60e194fb-1-ps,crmid:2761490404,4,Platinum Card,5,Auto Loan
b8bfe7b6-4c74-11ea-a54c-b88a60e194fb-1-ps,crmid:9809239754,4,Simplicity Card,3,Personal Loan
b8c0d210-4c74-11ea-9215-b88a60e194fb-1-ps,crmid:5356134627,4,Platinum Card,9,Personal Loan
b8c1bc68-4c74-11ea-b4a7-b88a60e194fb-1-ps,crmid:9847205233,3,Rewards Card,5,Personal Loan
b8c28134-4c74-11ea-afe9-b88a60e194fb-1-ps,crmid:9370078975,3,Simplicity Card,6,Personal Loan
b8c36afe-4c74-11ea-b86c-b88a60e194fb-1-ps,crmid:2792617182,3,Travel Card,3,Business Loan
b8c47b90-4c74-11ea-b67a-b88a60e194fb-1-ps,crmid:7386945731,2,Student Card,5,Personal Loan
b8c62918-4c74-11ea-9c3a-b88a60e194fb-1-ps,crmid:3120498754,4,Student Card,4,Business Loan
b8c788b4-4c74-11ea-b3ca-b88a60e194fb-1-ps,crmid:2000990145,4,Student Card,5,Personal Loan
b8c8c14a-4c74-11ea-b707-b88a60e194fb-1-ps,crmid:5898287061,3,Dividend Card,7,Personal Loan
b8c9f9a6-4c74-11ea-9074-b88a60e194fb-1-ps,crmid:6693559111,4,Rewards Card,4,Personal Loan
b9d6d568-4c74-11ea-a985-b88a60e194fb-1-ps,crmid:8583619626,4,Platinum Card,5,Personal Loan
b9d8d2cc-4c74-11ea-8a8f-b88a60e194fb-1-ps,crmid:6401217924,4,Travel Card,5,Personal Loan
b9d9e2a8-4c74-11ea-9fa2-b88a60e194fb-1-ps,crmid:2493173878,3,Student Card,4,Personal Loan
b9daccf6-4c74-11ea-8fe7-b88a60e194fb-1-ps,crmid:1183473243,7,Dividend Card,4,Student Loan
b9db9054-4c74-11ea-bbe4-b88a60e194fb-1-ps,crmid:5453632714,3,Platinum Card,4,Auto Loan
b9dca1ba-4c74-11ea-8235-b88a60e194fb-1-ps,crmid:4540911653,5,Dividend Card,1,Student Loan
b9dd8c1e-4c74-11ea-8604-b88a60e194fb-1-ps,crmid:2584722664,3,Rewards Card,4,Student Loan
b9de9d8c-4c74-11ea-b55d-b88a60e194fb-1-ps,crmid:3161880976,4,Travel Card,4,Student Loan
b9df87e4-4c74-11ea-bd4a-b88a60e194fb-1-ps,crmid:9594329315,5,Travel Card,6,Personal Loan
b9e07242-4c74-11ea-868b-b88a60e194fb-1-ps,crmid:7511495311,3,Business Card,3,Student Loan
b9e13598-4c74-11ea-b3d9-b88a60e194fb-1-ps,crmid:8898362623,4,Platinum Card,4,Student Loan
b9e24714-4c74-11ea-aaac-b88a60e194fb-1-ps,crmid:6522476785,4,Rewards Card,4,Auto Loan
b9e3a69c-4c74-11ea-8755-b88a60e194fb-1-ps,crmid:4847598969,5,Platinum Card,4,Personal Loan
b9e4b7fe-4c74-11ea-8f89-b88a60e194fb-1-ps,crmid:5270835831,3,Business Card,3,Auto Loan
bab6af36-4c74-11ea-b6ef-b88a60e194fb-1-ps,crmid:7869816169,6,Student Card,5,Personal Loan
bab7bfca-4c74-11ea-acb8-b88a60e194fb-1-ps,crmid:3303316895,4,Simplicity Card,4,Personal Loan
bab8d20a-4c74-11ea-9b68-b88a60e194fb-1-ps,crmid:1644633369,3,Platinum Card,4,Personal Loan
bab9bb1a-4c74-11ea-a857-b88a60e194fb-1-ps,crmid:6530425176,4,Rewards Card,4,Business Loan
babaa57a-4c74-11ea-aad7-b88a60e194fb-1-ps,crmid:4113449295,3,Simplicity Card,5,Auto Loan
babb69be-4c74-11ea-8414-b88a60e194fb-1-ps,crmid:1003008304,5,Dividend Card,4,Personal Loan
babc7b34-4c74-11ea-9a12-b88a60e194fb-1-ps,crmid:4871820804,3,Rewards Card,3,Auto Loan
babdd9c8-4c74-11ea-8e4a-b88a60e194fb-1-ps,crmid:8546712734,2,Rewards Card,6,Personal Loan
babec436-4c74-11ea-ae49-b88a60e194fb-1-ps,crmid:2840771315,3,Dividend Card,4,Personal Loan
babfafd8-4c74-11ea-a0db-b88a60e194fb-1-ps,crmid:9030096138,4,Dividend Card,9,Business Loan
bac0731e-4c74-11ea-b988-b88a60e194fb-1-ps,crmid:6735779798,4,Travel Card,8,Personal Loan
bac1aafe-4c74-11ea-b04a-b88a60e194fb-1-ps,crmid:2332925796,5,Simplicity Card,2,Auto Loan
bac294b6-4c74-11ea-b59c-b88a60e194fb-1-ps,crmid:4094441344,3,Simplicity Card,5,Personal Loan
bac37fc6-4c74-11ea-8c07-b88a60e194fb-1-ps,crmid:2248876152,4,Travel Card,4,Personal Loan
bac4b8a4-4c74-11ea-b70e-b88a60e194fb-1-ps,crmid:1735345898,3,Student Card,5,Student Loan
bba468cc-4c74-11ea-866c-b88a60e194fb-1-ps,crmid:3259618988,3,Simplicity Card,2,Personal Loan
bba5532e-4c74-11ea-8080-b88a60e194fb-1-ps,crmid:9239711877,7,Dividend Card,3,Personal Loan
bba6649c-4c74-11ea-97b7-b88a60e194fb-1-ps,crmid:4083654166,4,Student Card,3,Auto Loan
bba77610-4c74-11ea-8fb8-b88a60e194fb-1-ps,crmid:1736414056,4,Student Card,4,Business Loan
bba83950-4c74-11ea-af0f-b88a60e194fb-1-ps,crmid:3115872181,4,Rewards Card,4,Personal Loan
bba971d4-4c74-11ea-8969-b88a60e194fb-1-ps,crmid:8961510866,4,Student Card,6,Student Loan
bbaaaa74-4c74-11ea-b32c-b88a60e194fb-1-ps,crmid:8680605103,5,Simplicity Card,4,Personal Loan
bbabbbca-4c74-11ea-8a59-b88a60e194fb-1-ps,crmid:3754774705,4,Simplicity Card,4,Auto Loan
bbad1b52-4c74-11ea-bbfc-b88a60e194fb-1-ps,crmid:2481437667,5,Travel Card,2,Auto Loan
bbae5552-4c74-11ea-a200-b88a60e194fb-1-ps,crmid:9522063824,4,Rewards Card,2,Business Loan
bbaf3e4a-4c74-11ea-912f-b88a60e194fb-1-ps,crmid:1757605653,4,Simplicity Card,4,Personal Loan
bbb04fa4-4c74-11ea-8452-b88a60e194fb-1-ps,crmid:8560529808,3,Dividend Card,5,Personal Loan
bbb1611c-4c74-11ea-9876-b88a60e194fb-1-ps,crmid:1411124408,9,Simplicity Card,4,Business Loan
bbb2999c-4c74-11ea-9903-b88a60e194fb-1-ps,crmid:3745669092,3,Student Card,4,Personal Loan
bc97c94c-4c74-11ea-a75d-b88a60e194fb-1-ps,crmid:2479460397,5,Simplicity Card,4,Personal Loan
bc98b3a6-4c74-11ea-8f61-b88a60e194fb-1-ps,crmid:3331668382,4,Business Card,4,Business Loan
bc999e00-4c74-11ea-912f-b88a60e194fb-1-ps,crmid:4917399793,4,Simplicity Card,3,Auto Loan
bc9aaf42-4c74-11ea-8c82-b88a60e194fb-1-ps,crmid:1738008728,6,Dividend Card,6,Personal Loan
bc9b99b6-4c74-11ea-ba74-b88a60e194fb-1-ps,crmid:2348040330,4,Dividend Card,9,Auto Loan
bc9cab4a-4c74-11ea-b1b8-b88a60e194fb-1-ps,crmid:5557964306,5,Student Card,1,Personal Loan
bc9dbca8-4c74-11ea-8ef6-b88a60e194fb-1-ps,crmid:1655435397,4,Dividend Card,9,Personal Loan
bc9e8002-4c74-11ea-b97f-b88a60e194fb-1-ps,crmid:5991733971,7,Simplicity Card,2,Business Loan
bc9f9236-4c74-11ea-a700-b88a60e194fb-1-ps,crmid:2433761190,5,Simplicity Card,3,Business Loan
bca0c9f4-4c74-11ea-893f-b88a60e194fb-1-ps,crmid:4415186783,4,Rewards Card,1,Student Loan
bca18d3e-4c74-11ea-a64d-b88a60e194fb-1-ps,crmid:1961033653,6,Business Card,4,Auto Loan
bca278e4-4c74-11ea-b60f-b88a60e194fb-1-ps,crmid:3783905622,2,Travel Card,4,Auto Loan
bca3b0d2-4c74-11ea-a305-b88a60e194fb-1-ps,crmid:6432410608,4,Simplicity Card,4,Business Loan
bca4c224-4c74-11ea-89e2-b88a60e194fb-1-ps,crmid:2722132751,4,Travel Card,3,Personal Loan
bca5d302-4c74-11ea-ab0d-b88a60e194fb-1-ps,crmid:2575382008,2,Simplicity Card,5,Auto Loan
bd7dbd52-4c74-11ea-87de-b88a60e194fb-1-ps,crmid:3914956972,2,Student Card,5,Student Loan
bd7f90d4-4c74-11ea-b4fc-b88a60e194fb-1-ps,crmid:9156013435,3,Rewards Card,3,Personal Loan
bd807be4-4c74-11ea-a3cd-b88a60e194fb-1-ps,crmid:7304930298,3,Rewards Card,4,Auto Loan
bd8166ec-4c74-11ea-80b7-b88a60e194fb-1-ps,crmid:9843856958,4,Simplicity Card,6,Personal Loan
bd82515a-4c74-11ea-88f2-b88a60e194fb-1-ps,crmid:9272904017,3,Rewards Card,4,Student Loan
bd833a5a-4c74-11ea-b1d2-b88a60e194fb-1-ps,crmid:5171077292,4,Business Card,3,Personal Loan
bd8472d4-4c74-11ea-b821-b88a60e194fb-1-ps,crmid:7133534904,3,Business Card,3,Business Loan
bd855d40-4c74-11ea-86e3-b88a60e194fb-1-ps,crmid:2036635617,7,Dividend Card,3,Auto Loan
bd864892-4c74-11ea-b785-b88a60e194fb-1-ps,crmid:6436014673,7,Travel Card,4,Personal Loan
bd873206-4c74-11ea-acc4-b88a60e194fb-1-ps,crmid:1183673661,8,Platinum Card,4,Personal Loan
bd87f692-4c74-11ea-9567-b88a60e194fb-1-ps,crmid:6808222160,3,Platinum Card,4,Personal Loan
bd892f94-4c74-11ea-af99-b88a60e194fb-1-ps,crmid:6021373662,4,Simplicity Card,4,Auto Loan
bd8a409a-4c74-11ea-86d8-b88a60e194fb-1-ps,crmid:2581760731,5,Student Card,4,Auto Loan
bd8b50a2-4c74-11ea-bea7-b88a60e194fb-1-ps,crmid:1455504159,4,Simplicity Card,8,Auto Loan
bd8c3bee-4c74-11ea-9945-b88a60e194fb-1-ps,crmid:5399291334,4,Dividend Card,3,Personal Loan
be62ebc2-4c74-11ea-94f1-b88a60e194fb-1-ps,crmid:7478529214,3,Dividend Card,3,Student Loan
be642418-4c74-11ea-a8e8-b88a60e194fb-1-ps,crmid:6457949969,4,Rewards Card,3,Business Loan
be650fdc-4c74-11ea-96c3-b88a60e194fb-1-ps,crmid:2835851505,3,Business Card,2,Personal Loan
be660052-4c74-11ea-9f9a-b88a60e194fb-1-ps,crmid:3143859038,3,Travel Card,4,Business Loan
be670a66-4c74-11ea-a4a7-b88a60e194fb-1-ps,crmid:1094406108,3,Student Card,9,Student Loan
be681bca-4c74-11ea-930e-b88a60e194fb-1-ps,crmid:8176648217,4,Dividend Card,5,Personal Loan
be69542c-4c74-11ea-b840-b88a60e194fb-1-ps,crmid:1665648937,2,Platinum Card,5,Auto Loan
be6a8cac-4c74-11ea-b09c-b88a60e194fb-1-ps,crmid:6587441795,7,Dividend Card,4,Business Loan
be6b770a-4c74-11ea-878c-b88a60e194fb-1-ps,crmid:2060411089,3,Travel Card,3,Auto Loan
be6caf7a-4c74-11ea-9b82-b88a60e194fb-1-ps,crmid:1746837012,4,Platinum Card,4,Personal Loan
be6dc100-4c74-11ea-88a0-b88a60e194fb-1-ps,crmid:7158820982,5,Simplicity Card,8,Business Loan
be6ef98a-4c74-11ea-933c-b88a60e194fb-1-ps,crmid:9156949982,4,Travel Card,2,Auto Loan
be700c1e-4c74-11ea-b22c-b88a60e194fb-1-ps,crmid:9488753420,4,Student Card,6,Personal Loan
be711c6c-4c74-11ea-8057-b88a60e194fb-1-ps,crmid:2341222164,4,Business Card,2,Business Loan
be7206ca-4c74-11ea-ab41-b88a60e194fb-1-ps,crmid:2152420848,3,Simplicity Card,4,Business Loan
bf536650-4c74-11ea-ae0f-b88a60e194fb-1-ps,crmid:1174089348,5,Business Card,3,Student Loan
bf54771c-4c74-11ea-8592-b88a60e194fb-1-ps,crmid:5343703223,5,Rewards Card,4,Student Loan
bf5588a6-4c74-11ea-b34e-b88a60e194fb-1-ps,crmid:5004740444,4,Travel Card,4,Business Loan
bf567302-4c74-11ea-8dc9-b88a60e194fb-1-ps,crmid:8559330215,6,Simplicity Card,4,Business Loan
bf575d68-4c74-11ea-998c-b88a60e194fb-1-ps,crmid:3952608642,4,Student Card,3,Auto Loan
bf586ef6-4c74-11ea-92fc-b88a60e194fb-1-ps,crmid:9491457159,3,Student Card,6,Business Loan
bf59592c-4c74-11ea-9d12-b88a60e194fb-1-ps,crmid:2000990145,3,Platinum Card,5,Auto Loan
bf5a4422-4c74-11ea-9946-b88a60e194fb-1-ps,crmid:4800020168,5,Student Card,2,Auto Loan
bf5b54fa-4c74-11ea-8f97-b88a60e194fb-1-ps,crmid:2392630163,5,Platinum Card,4,Business Loan
bf5cb4a6-4c74-11ea-9977-b88a60e194fb-1-ps,crmid:4441257595,4,Travel Card,3,Auto Loan
bf5e3b1c-4c74-11ea-897e-b88a60e194fb-1-ps,crmid:8415787356,4,Business Card,5,Business Loan
bf60ac26-4c74-11ea-8ef8-b88a60e194fb-1-ps,crmid:8865038848,4,Travel Card,6,Personal Loan
bf619692-4c74-11ea-83d5-b88a60e194fb-1-ps,crmid:8943391214,4,Platinum Card,3,Auto Loan
bf62cf22-4c74-11ea-9434-b88a60e194fb-1-ps,crmid:2203846593,6,Simplicity Card,4,Business Loan
bf639262-4c74-11ea-8a97-b88a60e194fb-1-ps,crmid:4854005752,4,Dividend Card,2,Personal Loan
c040d41c-4c74-11ea-b70b-b88a60e194fb-1-ps,crmid:6145960462,3,Student Card,5,Personal Loan
c041be0c-4c74-11ea-bc0a-b88a60e194fb-1-ps,crmid:1354835474,5,Travel Card,4,Student Loan
c042f5a8-4c74-11ea-8d9b-b88a60e194fb-1-ps,crmid:9178110313,4,Simplicity Card,5,Auto Loan
c043e142-4c74-11ea-abd9-b88a60e194fb-1-ps,crmid:9738730603,5,Business Card,3,Personal Loan
c0451898-4c74-11ea-ac83-b88a60e194fb-1-ps,crmid:5879206431,5,Dividend Card,5,Auto Loan
c0465248-4c74-11ea-8a71-b88a60e194fb-1-ps,crmid:7318790854,5,Student Card,4,Auto Loan
c047896c-4c74-11ea-ad68-b88a60e194fb-1-ps,crmid:3458390054,4,Business Card,3,Personal Loan
c04873ba-4c74-11ea-93fe-b88a60e194fb-1-ps,crmid:4117224099,6,Student Card,4,Student Loan
c049ace2-4c74-11ea-a441-b88a60e194fb-1-ps,crmid:3726738977,4,Dividend Card,9,Student Loan
c04ae4ee-4c74-11ea-8948-b88a60e194fb-1-ps,crmid:5298279676,5,Rewards Card,3,Personal Loan
c04bcf4c-4c74-11ea-a3e3-b88a60e194fb-1-ps,crmid:4982500981,3,Rewards Card,5,Auto Loan
c071589a-4c74-11ea-bc0d-b88a60e194fb-1-ps,crmid:7058337585,7,Simplicity Card,6,Business Loan
c074daee-4c74-11ea-8f5c-b88a60e194fb-1-ps,crmid:6582415901,4,Business Card,4,Auto Loan
c0763a8c-4c74-11ea-a6db-b88a60e194fb-1-ps,crmid:1799658725,3,Platinum Card,5,Auto Loan
c077e82e-4c74-11ea-aec4-b88a60e194fb-1-ps,crmid:5338767341,3,Student Card,5,Personal Loan
c15a31ba-4c74-11ea-9e06-b88a60e194fb-1-ps,crmid:2673887460,3,Simplicity Card,5,Auto Loan
c15b432c-4c74-11ea-ae3a-b88a60e194fb-1-ps,crmid:4639128374,7,Rewards Card,3,Business Loan
c15c5462-4c74-11ea-a8a8-b88a60e194fb-1-ps,crmid:8057227994,4,Travel Card,4,Personal Loan
c15d65c0-4c74-11ea-a518-b88a60e194fb-1-ps,crmid:3059567289,5,Simplicity Card,2,Personal Loan
c15e7730-4c74-11ea-a9d4-b88a60e194fb-1-ps,crmid:3848678893,4,Student Card,2,Auto Loan
c15f62fa-4c74-11ea-970d-b88a60e194fb-1-ps,crmid:4959533810,4,Travel Card,5,Personal Loan
c16025da-4c74-11ea-8b78-b88a60e194fb-1-ps,crmid:3761236861,5,Business Card,3,Business Loan
c161364a-4c74-11ea-93be-b88a60e194fb-1-ps,crmid:1829313132,3,Dividend Card,3,Student Loan
c1624936-4c74-11ea-bbf5-b88a60e194fb-1-ps,crmid:1342894963,5,Dividend Card,5,Business Loan
