id,timestamp,crmid,orderid,prod_sku,prod_name,prod_category,prod_ownership,purchase_amt,units,currency_type,branchid
a11c7f74-4c74-11ea-9249-b88a60e194fb-1,2020-01-25T16:17:48.000Z,crmid:7638102025,a11c7f74-4c74-11ea-9249-b88a60e194fb,prd1175,401k,Retirement,Personal,121659.53,1,USD,branchid:11134
a11dd0f0-4c74-11ea-993a-b88a60e194fb-1,2020-01-26T11:33:34.000Z,crmid:2644849187,a11dd0f0-4c74-11ea-993a-b88a60e194fb,prd1174,Traditional IRA,Retirement,Personal,17330.76,1,USD,branchid:11128
a11ebc92-4c74-11ea-81da-b88a60e194fb-1,2020-01-14T07:24:55.000Z,crmid:2907146144,a11ebc92-4c74-11ea-81da-b88a60e194fb,prd1032,Home Equity Loan,Mortgage,Personal,14155.85,1,USD,branchid:11112
a11fcd12-4c74-11ea-b338-b88a60e194fb-1,2020-01-01T14:06:16.000Z,crmid:9486277966,a11fcd12-4c74-11ea-b338-b88a60e194fb,prd1056,CDs: 5 year,Investment,Personal,11142.41,1,USD,branchid:11093
a12106ca-4c74-11ea-a3d7-b88a60e194fb-1,2020-01-04T18:39:14.000Z,crmid:8865637581,a12106ca-4c74-11ea-a3d7-b88a60e194fb,prd1028,CDs: 1 year,Investment,Personal,3652170.0,1,USD,branchid:11131
a122167e-4c74-11ea-bbbc-b88a60e194fb-1,2020-01-04T08:50:40.000Z,crmid:5020611212,a122167e-4c74-11ea-bbbc-b88a60e194fb,prd1110,Traditional IRA,Retirement,Personal,3306806.53,1,USD,branchid:11054
a1234f0a-4c74-11ea-91d0-b88a60e194fb-1,2020-01-06T16:57:30.000Z,crmid:8068097160,a1234f0a-4c74-11ea-91d0-b88a60e194fb,prd1101,Mortgage: 5/1 ARM,Mortgage,Personal,13027.0,1,USD,branchid:11131
a124395a-4c74-11ea-9751-b88a60e194fb-1,2020-01-12T15:30:57.000Z,crmid:2456071111,a124395a-4c74-11ea-9751-b88a60e194fb,prd1165,Roth IRA,Retirement,Personal,251367.63,1,USD,branchid:11143
a125731a-4c74-11ea-bcd0-b88a60e194fb-1,2020-01-12T01:01:13.000Z,crmid:2685759571,a125731a-4c74-11ea-bcd0-b88a60e194fb,prd1121,Mortgage: 30-yr Fixed,Mortgage,Personal,181899.13,1,USD,branchid:11123
a1265da4-4c74-11ea-b0a7-b88a60e194fb-1,2020-01-08T04:46:31.000Z,crmid:5644745591,a1265da4-4c74-11ea-b0a7-b88a60e194fb,prd1101,Mortgage: 5/1 ARM,Mortgage,Personal,16215.38,1,USD,branchid:11011
a12747dc-4c74-11ea-9ce0-b88a60e194fb-1,2020-01-02T23:00:40.000Z,crmid:8325984454,a12747dc-4c74-11ea-9ce0-b88a60e194fb,prd1172,Employee Stock Purchase Plans,Investment,Personal,167138.79,1,USD,branchid:11074
a1285848-4c74-11ea-8e85-b88a60e194fb-1,2020-01-18T16:22:45.000Z,crmid:1693621656,a1285848-4c74-11ea-8e85-b88a60e194fb,prd1033,Fixed Deposit,Investment,Personal,185754.99,1,USD,branchid:11108
a203eacc-4c74-11ea-b05e-b88a60e194fb-1,2020-01-19T22:14:16.000Z,crmid:8441410433,a203eacc-4c74-11ea-b05e-b88a60e194fb,prd1041,Mortgage: 7/1 ARM,Mortgage,Personal,4966149.84,1,USD,branchid:11143
a2057162-4c74-11ea-ace9-b88a60e194fb-1,2020-01-09T17:04:46.000Z,crmid:6641223780,a2057162-4c74-11ea-ace9-b88a60e194fb,prd1049,Business Brokerage Account,Investment,Business,16254.94,1,USD,branchid:11046
a206f7fe-4c74-11ea-b581-b88a60e194fb-1,2020-01-24T08:39:52.000Z,crmid:7259729012,a206f7fe-4c74-11ea-b581-b88a60e194fb,prd1041,Mortgage: 7/1 ARM,Mortgage,Personal,163149.06,1,USD,branchid:11046
a2080978-4c74-11ea-b080-b88a60e194fb-1,2020-01-04T13:24:06.000Z,crmid:1577644270,a2080978-4c74-11ea-b080-b88a60e194fb,prd1034,Home Equity Loan,Mortgage,Personal,204939.12,1,USD,branchid:11126
a20941f4-4c74-11ea-a61c-b88a60e194fb-1,2020-01-20T10:58:47.000Z,crmid:9763124074,a20941f4-4c74-11ea-a61c-b88a60e194fb,prd1088,CDs: 1 year,Investment,Personal,15514.25,1,USD,branchid:11125
a20aa17a-4c74-11ea-b8c4-b88a60e194fb-1,2020-01-17T04:38:52.000Z,crmid:4550744831,a20aa17a-4c74-11ea-b8c4-b88a60e194fb,prd1155,CDs: 5 year,Investment,Personal,16752.14,1,USD,branchid:11040
a20d3998-4c74-11ea-bb60-b88a60e194fb-1,2020-01-17T12:08:01.000Z,crmid:3259618988,a20d3998-4c74-11ea-bb60-b88a60e194fb,prd1165,Roth IRA,Retirement,Personal,12334.1,1,USD,branchid:11109
a20f5c86-4c74-11ea-a9f3-b88a60e194fb-1,2020-01-20T09:18:07.000Z,crmid:6881617773,a20f5c86-4c74-11ea-a9f3-b88a60e194fb,prd1184,Fixed Deposit,Investment,Personal,15512.93,1,USD,branchid:11029
a2106dcc-4c74-11ea-a94c-b88a60e194fb-1,2020-01-05T14:37:37.000Z,crmid:2636268378,a2106dcc-4c74-11ea-a94c-b88a60e194fb,prd1078,Mortgage: 7/1 ARM,Mortgage,Personal,15398.97,1,USD,branchid:11056
a211a6f0-4c74-11ea-97e4-b88a60e194fb-1,2020-01-09T01:28:24.000Z,crmid:3717678907,a211a6f0-4c74-11ea-97e4-b88a60e194fb,prd1097,Employee Stock Purchase Plans,Investment,Personal,258984.29,1,USD,branchid:11112
a212ded8-4c74-11ea-aa25-b88a60e194fb-1,2020-01-11T11:41:01.000Z,crmid:1526304266,a212ded8-4c74-11ea-aa25-b88a60e194fb,prd1079,Mortgage: 30-yr Fixed,Mortgage,Personal,156918.02,1,USD,branchid:11010
a2143e64-4c74-11ea-9990-b88a60e194fb-1,2020-01-07T14:18:20.000Z,crmid:1025890536,a2143e64-4c74-11ea-9990-b88a60e194fb,prd1150,Money Market,Investment,Personal,10297.13,1,USD,branchid:11140
a21576e2-4c74-11ea-9493-b88a60e194fb-1,2020-01-19T12:49:00.000Z,crmid:4371061613,a21576e2-4c74-11ea-9493-b88a60e194fb,prd1181,Mortgage: 5/1 ARM,Mortgage,Personal,16840.73,1,USD,branchid:11041
a216af74-4c74-11ea-a30e-b88a60e194fb-1,2020-01-13T23:16:04.000Z,crmid:9765658313,a216af74-4c74-11ea-a30e-b88a60e194fb,prd1174,Traditional IRA,Retirement,Personal,197894.53,1,USD,branchid:11024
a2f7e770-4c74-11ea-ab14-b88a60e194fb-1,2020-01-11T23:29:59.000Z,crmid:6137127935,a2f7e770-4c74-11ea-ab14-b88a60e194fb,prd1047,Mortgage: 10 yr Fixed,Mortgage,Personal,4549962.64,1,USD,branchid:11123
a2f946f4-4c74-11ea-97b8-b88a60e194fb-1,2020-01-10T02:25:07.000Z,crmid:5858364808,a2f946f4-4c74-11ea-97b8-b88a60e194fb,prd1037,Home Equity Loan,Mortgage,Personal,14640.96,1,USD,branchid:11121
a2fa7f94-4c74-11ea-a786-b88a60e194fb-1,2020-01-28T19:56:47.000Z,crmid:4529222569,a2fa7f94-4c74-11ea-a786-b88a60e194fb,prd1175,401k,Retirement,Personal,5466572.43,1,USD,branchid:11117
a2fbb89c-4c74-11ea-8ee4-b88a60e194fb-1,2020-01-11T14:38:07.000Z,crmid:2381372853,a2fbb89c-4c74-11ea-8ee4-b88a60e194fb,prd1189,Overseas Equity Fund,Investment,Personal,181886.14,1,USD,branchid:11044
a2fd6594-4c74-11ea-8270-b88a60e194fb-1,2020-01-24T16:13:19.000Z,crmid:4616614271,a2fd6594-4c74-11ea-8270-b88a60e194fb,prd1037,Home Equity Loan,Mortgage,Personal,202907.46,1,USD,branchid:11041
a2fe9e3a-4c74-11ea-ad92-b88a60e194fb-1,2020-01-10T00:09:49.000Z,crmid:8505582030,a2fe9e3a-4c74-11ea-ad92-b88a60e194fb,prd1121,Mortgage: 30-yr Fixed,Mortgage,Personal,199807.25,1,USD,branchid:11098
a2ffaf98-4c74-11ea-b507-b88a60e194fb-1,2020-01-13T15:12:15.000Z,crmid:1057492732,a2ffaf98-4c74-11ea-b507-b88a60e194fb,prd1121,Mortgage: 30-yr Fixed,Mortgage,Personal,15152.48,1,USD,branchid:11127
a300e7f4-4c74-11ea-a1d7-b88a60e194fb-1,2020-01-13T22:39:45.000Z,crmid:5033070295,a300e7f4-4c74-11ea-a1d7-b88a60e194fb,prd1108,401k,Retirement,Personal,18386.78,1,USD,branchid:11098
a3026eb4-4c74-11ea-a3f2-b88a60e194fb-1,2020-01-19T10:48:39.000Z,crmid:8998119735,a3026eb4-4c74-11ea-a3f2-b88a60e194fb,prd1167,Roth IRA,Retirement,Personal,259990.72,1,USD,branchid:11081
a3038040-4c74-11ea-a197-b88a60e194fb-1,2020-01-21T04:41:08.000Z,crmid:6172310181,a3038040-4c74-11ea-a197-b88a60e194fb,prd1111,Pension Account,Retirement,Personal,202909.5,1,USD,branchid:11144
a30491dc-4c74-11ea-a39d-b88a60e194fb-1,2020-01-17T05:36:25.000Z,crmid:4864165069,a30491dc-4c74-11ea-a39d-b88a60e194fb,prd1097,Employee Stock Purchase Plans,Investment,Personal,4046656.92,1,USD,branchid:11002
a305cab8-4c74-11ea-8f70-b88a60e194fb-1,2020-01-23T04:39:19.000Z,crmid:2929899013,a305cab8-4c74-11ea-8f70-b88a60e194fb,prd1062,Mortgage: VA,Mortgage,Personal,15591.15,1,USD,branchid:11137
a30729c0-4c74-11ea-999d-b88a60e194fb-1,2020-01-28T21:13:04.000Z,crmid:3902467384,a30729c0-4c74-11ea-999d-b88a60e194fb,prd1185,Mortgage: FHA,Mortgage,Personal,15672.02,1,USD,branchid:11119
a3088946-4c74-11ea-8ff1-b88a60e194fb-1,2020-01-16T12:34:00.000Z,crmid:6820211766,a3088946-4c74-11ea-8ff1-b88a60e194fb,prd1172,Employee Stock Purchase Plans,Investment,Personal,3463613.54,1,USD,branchid:11128
a3dd3e00-4c74-11ea-9bca-b88a60e194fb-1,2020-01-03T22:34:53.000Z,crmid:6044628537,a3dd3e00-4c74-11ea-9bca-b88a60e194fb,prd1064,CDs: 3 month,Investment,Personal,14626.99,1,USD,branchid:11031
a3de2962-4c74-11ea-928f-b88a60e194fb-1,2020-01-30T23:37:05.000Z,crmid:5408588745,a3de2962-4c74-11ea-928f-b88a60e194fb,prd1144,Home Equity Loan,Mortgage,Personal,18493.63,1,USD,branchid:11131
a3df3aee-4c74-11ea-8b76-b88a60e194fb-1,2020-01-01T17:58:00.000Z,crmid:9156734888,a3df3aee-4c74-11ea-8b76-b88a60e194fb,prd1110,Traditional IRA,Retirement,Personal,254135.48,1,USD,branchid:11050
a3e04b64-4c74-11ea-9a87-b88a60e194fb-1,2020-01-19T18:26:02.000Z,crmid:9897907911,a3e04b64-4c74-11ea-9a87-b88a60e194fb,prd1184,Fixed Deposit,Investment,Personal,16333.06,1,USD,branchid:11034
a3e1d1da-4c74-11ea-8e3b-b88a60e194fb-1,2020-01-02T01:38:01.000Z,crmid:4551153666,a3e1d1da-4c74-11ea-8e3b-b88a60e194fb,prd1184,Fixed Deposit,Investment,Personal,15392.36,1,USD,branchid:11124
a3e35868-4c74-11ea-b19f-b88a60e194fb-1,2020-01-10T05:23:20.000Z,crmid:2083372638,a3e35868-4c74-11ea-b19f-b88a60e194fb,prd1175,401k,Retirement,Personal,19471.48,1,USD,branchid:11113
a3e52d50-4c74-11ea-b50d-b88a60e194fb-1,2020-01-09T01:09:06.000Z,crmid:1662998115,a3e52d50-4c74-11ea-b50d-b88a60e194fb,prd1172,Employee Stock Purchase Plans,Investment,Personal,10472.64,1,USD,branchid:11017
a3e6b3d2-4c74-11ea-aab9-b88a60e194fb-1,2020-01-17T17:31:17.000Z,crmid:4132358050,a3e6b3d2-4c74-11ea-aab9-b88a60e194fb,prd1027,Mortgage: 30-yr Fixed,Mortgage,Personal,15404.23,1,USD,branchid:11109
a3e8898a-4c74-11ea-8485-b88a60e194fb-1,2020-01-14T16:54:01.000Z,crmid:2884040171,a3e8898a-4c74-11ea-8485-b88a60e194fb,prd1028,CDs: 1 year,Investment,Personal,20485.18,1,USD,branchid:11079
a3e99b02-4c74-11ea-8c60-b88a60e194fb-1,2020-01-05T02:22:04.000Z,crmid:1463015612,a3e99b02-4c74-11ea-8c60-b88a60e194fb,prd1101,Mortgage: 5/1 ARM,Mortgage,Personal,120334.65,1,USD,branchid:11142
a3ea8476-4c74-11ea-82a6-b88a60e194fb-1,2020-01-20T21:04:40.000Z,crmid:3793938542,a3ea8476-4c74-11ea-82a6-b88a60e194fb,prd1037,Home Equity Loan,Mortgage,Personal,18179.79,1,USD,branchid:11081
a3eb95c8-4c74-11ea-9351-b88a60e194fb-1,2020-01-03T15:11:38.000Z,crmid:1877952867,a3eb95c8-4c74-11ea-9351-b88a60e194fb,prd1073,Business Brokerage Account,Investment,Business,177664.52,1,USD,branchid:11101
a3eca75e-4c74-11ea-b555-b88a60e194fb-1,2020-01-12T20:16:05.000Z,crmid:9009934138,a3eca75e-4c74-11ea-b555-b88a60e194fb,prd1029,401k,Retirement,Personal,16997.61,1,USD,branchid:11050
a3edb8b8-4c74-11ea-8ef1-b88a60e194fb-1,2020-01-21T16:19:06.000Z,crmid:3447640362,a3edb8b8-4c74-11ea-8ef1-b88a60e194fb,prd1097,Employee Stock Purchase Plans,Investment,Personal,188298.79,1,USD,branchid:11049
a3eea32e-4c74-11ea-922d-b88a60e194fb-1,2020-01-02T20:36:03.000Z,crmid:9223077668,a3eea32e-4c74-11ea-922d-b88a60e194fb,prd1024,Mortgage: FHA,Mortgage,Personal,232238.94,1,USD,branchid:11026
a4b7bf5c-4c74-11ea-bc11-b88a60e194fb-1,2020-01-13T14:22:27.000Z,crmid:9694513442,a4b7bf5c-4c74-11ea-bc11-b88a60e194fb,prd1030,401k,Retirement,Personal,152650.7,1,USD,branchid:11090
a4b8d0d8-4c74-11ea-b43f-b88a60e194fb-1,2020-01-04T04:26:31.000Z,crmid:1341287155,a4b8d0d8-4c74-11ea-b43f-b88a60e194fb,prd1042,Roth IRA,Retirement,Personal,210890.67,1,USD,branchid:11117
a4b9e1f6-4c74-11ea-99f8-b88a60e194fb-1,2020-01-04T08:07:17.000Z,crmid:3930091052,a4b9e1f6-4c74-11ea-99f8-b88a60e194fb,prd1042,Roth IRA,Retirement,Personal,15791.71,1,USD,branchid:11018
a4bacc50-4c74-11ea-bb40-b88a60e194fb-1,2020-01-21T22:50:46.000Z,crmid:4874616167,a4bacc50-4c74-11ea-bb40-b88a60e194fb,prd1049,Business Brokerage Account,Investment,Business,10073.16,1,USD,branchid:11060
a4bbb6ac-4c74-11ea-b181-b88a60e194fb-1,2020-01-05T13:58:25.000Z,crmid:4578155807,a4bbb6ac-4c74-11ea-b181-b88a60e194fb,prd1181,Mortgage: 5/1 ARM,Mortgage,Personal,18214.0,1,USD,branchid:11080
a4bca10c-4c74-11ea-8e97-b88a60e194fb-1,2020-01-22T21:46:03.000Z,crmid:4609089647,a4bca10c-4c74-11ea-8e97-b88a60e194fb,prd1008,Traditional IRA,Retirement,Personal,3908679.28,1,USD,branchid:11087
a4bd8b64-4c74-11ea-82d1-b88a60e194fb-1,2020-01-22T23:27:01.000Z,crmid:6180998740,a4bd8b64-4c74-11ea-82d1-b88a60e194fb,prd1157,Brokerage Account,Investment,Personal,15765.89,1,USD,branchid:11070
a4be9dbe-4c74-11ea-a093-b88a60e194fb-1,2020-01-28T21:43:13.000Z,crmid:8963446107,a4be9dbe-4c74-11ea-a093-b88a60e194fb,prd1029,401k,Retirement,Personal,5156350.05,1,USD,branchid:11109
a4bfafcc-4c74-11ea-b703-b88a60e194fb-1,2020-01-19T15:40:09.000Z,crmid:9782310522,a4bfafcc-4c74-11ea-b703-b88a60e194fb,prd1183,Fixed Deposit,Investment,Personal,6105.33,1,USD,branchid:11116
a4c0c0e4-4c74-11ea-8768-b88a60e194fb-1,2020-01-14T11:22:49.000Z,crmid:4659315274,a4c0c0e4-4c74-11ea-8768-b88a60e194fb,prd1083,Pension Account,Retirement,Personal,18667.63,1,USD,branchid:11125
a4c18458-4c74-11ea-b119-b88a60e194fb-1,2020-01-14T08:27:30.000Z,crmid:7955050287,a4c18458-4c74-11ea-b119-b88a60e194fb,prd1139,Employee Stock Purchase Plans,Investment,Personal,11110.67,1,USD,branchid:11142
a4c2bbb0-4c74-11ea-b314-b88a60e194fb-1,2020-01-18T04:22:34.000Z,crmid:5617352733,a4c2bbb0-4c74-11ea-b314-b88a60e194fb,prd1173,Money Market,Investment,Personal,14717.55,1,USD,branchid:11133
a4c3a750-4c74-11ea-a9d8-b88a60e194fb-1,2020-01-26T01:58:54.000Z,crmid:8814462622,a4c3a750-4c74-11ea-a9d8-b88a60e194fb,prd1097,Employee Stock Purchase Plans,Investment,Personal,18262.17,1,USD,branchid:11118
a4c4b790-4c74-11ea-92e5-b88a60e194fb-1,2020-01-21T05:58:33.000Z,crmid:6421690982,a4c4b790-4c74-11ea-92e5-b88a60e194fb,prd1028,CDs: 1 year,Investment,Personal,120312.0,1,USD,branchid:11107
a4c5c8dc-4c74-11ea-88be-b88a60e194fb-1,2020-01-09T09:56:56.000Z,crmid:5134254704,a4c5c8dc-4c74-11ea-88be-b88a60e194fb,prd1087,Overseas Equity Fund,Investment,Personal,14209.74,1,USD,branchid:11116
a593ef14-4c74-11ea-8b28-b88a60e194fb-1,2020-01-11T04:05:58.000Z,crmid:3469900936,a593ef14-4c74-11ea-8b28-b88a60e194fb,prd1062,Mortgage: VA,Mortgage,Personal,20674.6,1,USD,branchid:11033
a594b2b0-4c74-11ea-8693-b88a60e194fb-1,2020-01-15T12:39:14.000Z,crmid:1579949537,a594b2b0-4c74-11ea-8693-b88a60e194fb,prd1179,Business Brokerage Account,Investment,Business,233223.1,1,USD,branchid:11107
a595e9f4-4c74-11ea-86ce-b88a60e194fb-1,2020-01-13T06:35:49.000Z,crmid:5569861377,a595e9f4-4c74-11ea-86ce-b88a60e194fb,prd1045,Mortgage: 10/1 ARM,Mortgage,Personal,152247.43,1,USD,branchid:11100
a596d53e-4c74-11ea-a599-b88a60e194fb-1,2020-01-21T17:37:37.000Z,crmid:7025843687,a596d53e-4c74-11ea-a599-b88a60e194fb,prd1153,CDs: 1 year,Investment,Personal,23701.97,1,USD,branchid:11113
a597bfe6-4c74-11ea-b0f1-b88a60e194fb-1,2020-01-06T15:29:25.000Z,crmid:5803857058,a597bfe6-4c74-11ea-b0f1-b88a60e194fb,prd1030,401k,Retirement,Personal,14071.62,1,USD,branchid:11063
a598d026-4c74-11ea-86fc-b88a60e194fb-1,2020-01-27T14:32:43.000Z,crmid:3434488265,a598d026-4c74-11ea-86fc-b88a60e194fb,prd1144,Home Equity Loan,Mortgage,Personal,253411.9,1,USD,branchid:11014
a599bb9c-4c74-11ea-9659-b88a60e194fb-1,2020-01-21T12:32:54.000Z,crmid:3278872014,a599bb9c-4c74-11ea-9659-b88a60e194fb,prd1073,Business Brokerage Account,Investment,Business,17383.56,1,USD,branchid:11078
a59aa58c-4c74-11ea-b8d9-b88a60e194fb-1,2020-01-19T04:12:45.000Z,crmid:7919691291,a59aa58c-4c74-11ea-b8d9-b88a60e194fb,prd1154,Mortgage: 30-yr Fixed,Mortgage,Personal,12409.8,1,USD,branchid:11020
a59bdd58-4c74-11ea-b0f3-b88a60e194fb-1,2020-01-24T06:57:40.000Z,crmid:1289766773,a59bdd58-4c74-11ea-b0f3-b88a60e194fb,prd1014,CDs: 3 month,Investment,Personal,222904.33,1,USD,branchid:11113
a59ca1e8-4c74-11ea-875d-b88a60e194fb-1,2020-01-19T17:58:35.000Z,crmid:6196254601,a59ca1e8-4c74-11ea-875d-b88a60e194fb,prd1060,Traditional IRA,Retirement,Personal,17396.09,1,USD,branchid:11008
a59d8b30-4c74-11ea-9a27-b88a60e194fb-1,2020-01-28T19:09:28.000Z,crmid:6433199493,a59d8b30-4c74-11ea-9a27-b88a60e194fb,prd1035,Pension Account,Retirement,Personal,217289.36,1,USD,branchid:11004
a59f38a2-4c74-11ea-9a03-b88a60e194fb-1,2020-01-24T17:42:21.000Z,crmid:6504469093,a59f38a2-4c74-11ea-9a03-b88a60e194fb,prd1042,Roth IRA,Retirement,Personal,12219.59,1,USD,branchid:11076
a5a0998c-4c74-11ea-9184-b88a60e194fb-1,2020-01-13T19:08:20.000Z,crmid:3536565543,a5a0998c-4c74-11ea-9184-b88a60e194fb,prd1172,Employee Stock Purchase Plans,Investment,Personal,20240.86,1,USD,branchid:11042
a66ee5d0-4c74-11ea-8ea0-b88a60e194fb-1,2020-01-14T02:07:19.000Z,crmid:7759099651,a66ee5d0-4c74-11ea-8ea0-b88a60e194fb,prd1024,Mortgage: FHA,Mortgage,Personal,129877.62,1,USD,branchid:11142
a66fcf1e-4c74-11ea-a414-b88a60e194fb-1,2020-01-28T17:02:10.000Z,crmid:1143413383,a66fcf1e-4c74-11ea-a414-b88a60e194fb,prd1087,Overseas Equity Fund,Investment,Personal,10623.72,1,USD,branchid:11096
a670e1e2-4c74-11ea-8142-b88a60e194fb-1,2020-01-26T15:59:46.000Z,crmid:7014419562,a670e1e2-4c74-11ea-8142-b88a60e194fb,prd1150,Money Market,Investment,Personal,160282.36,1,USD,branchid:11023
a671cbb4-4c74-11ea-b330-b88a60e194fb-1,2020-01-25T23:44:49.000Z,crmid:9727750519,a671cbb4-4c74-11ea-b330-b88a60e194fb,prd1165,Roth IRA,Retirement,Personal,17782.34,1,USD,branchid:11048
a672b51e-4c74-11ea-b6f8-b88a60e194fb-1,2020-01-05T12:21:04.000Z,crmid:3343973343,a672b51e-4c74-11ea-b6f8-b88a60e194fb,prd1150,Money Market,Investment,Personal,218673.27,1,USD,branchid:11087
a6741478-4c74-11ea-b0a2-b88a60e194fb-1,2020-01-18T15:50:37.000Z,crmid:1404384076,a6741478-4c74-11ea-b0a2-b88a60e194fb,prd1123,Mortgage: 10 yr Fixed,Mortgage,Personal,22425.03,1,USD,branchid:11055
a674ff0a-4c74-11ea-8bda-b88a60e194fb-1,2020-01-17T08:12:26.000Z,crmid:9359786189,a674ff0a-4c74-11ea-8bda-b88a60e194fb,prd1165,Roth IRA,Retirement,Personal,183659.46,1,USD,branchid:11124
a6763802-4c74-11ea-af5b-b88a60e194fb-1,2020-01-22T05:34:04.000Z,crmid:1460255344,a6763802-4c74-11ea-af5b-b88a60e194fb,prd1061,Mortgage: 5/1 ARM,Mortgage,Personal,11606.18,1,USD,branchid:11120
a6772264-4c74-11ea-a6f1-b88a60e194fb-1,2020-01-30T23:11:11.000Z,crmid:8035985775,a6772264-4c74-11ea-a6f1-b88a60e194fb,prd1124,CDs: 5 year,Investment,Personal,2490352.57,1,USD,branchid:11069
a6783354-4c74-11ea-b3a3-b88a60e194fb-1,2020-01-19T17:23:10.000Z,crmid:3282120038,a6783354-4c74-11ea-b3a3-b88a60e194fb,prd1144,Home Equity Loan,Mortgage,Personal,157916.68,1,USD,branchid:11136
a6796bda-4c74-11ea-8228-b88a60e194fb-1,2020-01-10T01:17:33.000Z,crmid:3205815530,a6796bda-4c74-11ea-8228-b88a60e194fb,prd1032,Home Equity Loan,Mortgage,Personal,5042790.55,1,USD,branchid:11119
a67acbe4-4c74-11ea-a44f-b88a60e194fb-1,2020-01-11T06:02:21.000Z,crmid:5184337691,a67acbe4-4c74-11ea-a44f-b88a60e194fb,prd1026,Mortgage: 5/1 ARM,Mortgage,Personal,213532.17,1,USD,branchid:11038
a67bdcc6-4c74-11ea-9f99-b88a60e194fb-1,2020-01-19T09:44:27.000Z,crmid:4194461673,a67bdcc6-4c74-11ea-9f99-b88a60e194fb,prd1159,CDs: 3 month,Investment,Personal,16890.98,1,USD,branchid:11099
a67cc738-4c74-11ea-954d-b88a60e194fb-1,2020-01-09T17:57:38.000Z,crmid:7855555276,a67cc738-4c74-11ea-954d-b88a60e194fb,prd1097,Employee Stock Purchase Plans,Investment,Personal,4084274.42,1,USD,branchid:11117
a7521930-4c74-11ea-8686-b88a60e194fb-1,2020-01-04T06:11:57.000Z,crmid:7903425816,a7521930-4c74-11ea-8686-b88a60e194fb,prd1155,CDs: 5 year,Investment,Personal,13704.34,1,USD,branchid:11061
a7532b40-4c74-11ea-85c1-b88a60e194fb-1,2020-01-05T22:17:03.000Z,crmid:2263726675,a7532b40-4c74-11ea-85c1-b88a60e194fb,prd1060,Traditional IRA,Retirement,Personal,17278.38,1,USD,branchid:11112
a7543b0a-4c74-11ea-b81e-b88a60e194fb-1,2020-01-14T09:48:05.000Z,crmid:4028928471,a7543b0a-4c74-11ea-b81e-b88a60e194fb,prd1056,CDs: 5 year,Investment,Personal,5271840.12,1,USD,branchid:11031
a7554c5c-4c74-11ea-9b90-b88a60e194fb-1,2020-01-14T22:19:02.000Z,crmid:4937236781,a7554c5c-4c74-11ea-9b90-b88a60e194fb,prd1041,Mortgage: 7/1 ARM,Mortgage,Personal,100842.38,1,USD,branchid:11115
a7568518-4c74-11ea-b1dd-b88a60e194fb-1,2020-01-23T22:49:12.000Z,crmid:6560237400,a7568518-4c74-11ea-b1dd-b88a60e194fb,prd1108,401k,Retirement,Personal,15751.91,1,USD,branchid:11140
a757bee4-4c74-11ea-b9dd-b88a60e194fb-1,2020-01-29T22:19:50.000Z,crmid:7825556101,a757bee4-4c74-11ea-b9dd-b88a60e194fb,prd1013,Mortgage: FHA,Mortgage,Personal,227655.49,1,USD,branchid:11044
a758a930-4c74-11ea-b04c-b88a60e194fb-1,2020-01-31T14:30:30.000Z,crmid:1779606496,a758a930-4c74-11ea-b04c-b88a60e194fb,prd1097,Employee Stock Purchase Plans,Investment,Personal,10735.68,1,USD,branchid:11067
a759b9f6-4c74-11ea-bf2b-b88a60e194fb-1,2020-01-22T20:37:21.000Z,crmid:2123270147,a759b9f6-4c74-11ea-bf2b-b88a60e194fb,prd1024,Mortgage: FHA,Mortgage,Personal,139602.04,1,USD,branchid:11015
a75acad2-4c74-11ea-8f73-b88a60e194fb-1,2020-01-09T23:07:17.000Z,crmid:9219876187,a75acad2-4c74-11ea-8f73-b88a60e194fb,prd1108,401k,Retirement,Personal,14492.96,1,USD,branchid:11006
a75bb64a-4c74-11ea-8121-b88a60e194fb-1,2020-01-22T12:26:23.000Z,crmid:3517952022,a75bb64a-4c74-11ea-8121-b88a60e194fb,prd1045,Mortgage: 10/1 ARM,Mortgage,Personal,18304.36,1,USD,branchid:11050
a75cc688-4c74-11ea-a70e-b88a60e194fb-1,2020-01-10T23:13:23.000Z,crmid:3862078308,a75cc688-4c74-11ea-a70e-b88a60e194fb,prd1174,Traditional IRA,Retirement,Personal,146949.33,1,USD,branchid:11036
a75e00b6-4c74-11ea-a835-b88a60e194fb-1,2020-01-17T02:04:39.000Z,crmid:3758308882,a75e00b6-4c74-11ea-a835-b88a60e194fb,prd1181,Mortgage: 5/1 ARM,Mortgage,Personal,127054.92,1,USD,branchid:11071
a75f858c-4c74-11ea-b2d5-b88a60e194fb-1,2020-01-27T12:10:21.000Z,crmid:7513261960,a75f858c-4c74-11ea-b2d5-b88a60e194fb,prd1110,Traditional IRA,Retirement,Personal,13287.43,1,USD,branchid:11078
a7606ff4-4c74-11ea-b394-b88a60e194fb-1,2020-01-02T20:28:09.000Z,crmid:8059180115,a7606ff4-4c74-11ea-b394-b88a60e194fb,prd1025,Brokerage Account,Investment,Personal,15844.03,1,USD,branchid:11034
a7615a50-4c74-11ea-9f02-b88a60e194fb-1,2020-01-31T12:36:58.000Z,crmid:6037774300,a7615a50-4c74-11ea-9f02-b88a60e194fb,prd1150,Money Market,Investment,Personal,10564.28,1,USD,branchid:11060
a840e4b6-4c74-11ea-938b-b88a60e194fb-1,2020-01-25T07:25:50.000Z,crmid:5830760544,a840e4b6-4c74-11ea-938b-b88a60e194fb,prd1114,CDs: 3 month,Investment,Personal,15512.91,1,USD,branchid:11063
a841cf30-4c74-11ea-9aea-b88a60e194fb-1,2020-01-14T07:03:08.000Z,crmid:4578155807,a841cf30-4c74-11ea-9aea-b88a60e194fb,prd1186,Money Market,Investment,Personal,93089.72,1,USD,branchid:11103
a842b998-4c74-11ea-8bba-b88a60e194fb-1,2020-01-14T03:22:12.000Z,crmid:3590737129,a842b998-4c74-11ea-8bba-b88a60e194fb,prd1053,Mortgage: VA,Mortgage,Personal,14749.04,1,USD,branchid:11040
a843a3ec-4c74-11ea-9eb6-b88a60e194fb-1,2020-01-09T16:52:37.000Z,crmid:2735823932,a843a3ec-4c74-11ea-9eb6-b88a60e194fb,prd1112,Fixed Deposit,Investment,Personal,15161.04,1,USD,branchid:11032
a844b5e4-4c74-11ea-974c-b88a60e194fb-1,2020-01-05T21:00:54.000Z,crmid:6220796078,a844b5e4-4c74-11ea-974c-b88a60e194fb,prd1111,Pension Account,Retirement,Personal,233182.79,1,USD,branchid:11123
a84578c2-4c74-11ea-921f-b88a60e194fb-1,2020-01-24T06:30:11.000Z,crmid:5142872833,a84578c2-4c74-11ea-921f-b88a60e194fb,prd1182,Brokerage Account,Investment,Personal,15235.97,1,USD,branchid:11049
a84662f8-4c74-11ea-8536-b88a60e194fb-1,2020-01-27T06:57:19.000Z,crmid:5754510598,a84662f8-4c74-11ea-8536-b88a60e194fb,prd1114,CDs: 3 month,Investment,Personal,16151.97,1,USD,branchid:11143
a8477482-4c74-11ea-8499-b88a60e194fb-1,2020-01-07T22:56:40.000Z,crmid:4485391939,a8477482-4c74-11ea-8499-b88a60e194fb,prd1186,Money Market,Investment,Personal,245799.61,1,USD,branchid:11108
a8485ec8-4c74-11ea-a266-b88a60e194fb-1,2020-01-28T16:05:34.000Z,crmid:1925902230,a8485ec8-4c74-11ea-a266-b88a60e194fb,prd1154,Mortgage: 30-yr Fixed,Mortgage,Personal,258099.42,1,USD,branchid:11114
a8497058-4c74-11ea-b31d-b88a60e194fb-1,2020-01-04T21:29:14.000Z,crmid:8676631702,a8497058-4c74-11ea-b31d-b88a60e194fb,prd1131,Employee Stock Purchase Plans,Investment,Personal,139633.15,1,USD,branchid:11142
a84a5aac-4c74-11ea-a461-b88a60e194fb-1,2020-01-02T03:23:31.000Z,crmid:8773982928,a84a5aac-4c74-11ea-a461-b88a60e194fb,prd1088,CDs: 1 year,Investment,Personal,17352.1,1,USD,branchid:11001
a84b44fe-4c74-11ea-852a-b88a60e194fb-1,2020-01-04T20:08:50.000Z,crmid:9775838636,a84b44fe-4c74-11ea-852a-b88a60e194fb,prd1175,401k,Retirement,Personal,13317.95,1,USD,branchid:11116
a84c568c-4c74-11ea-a4ba-b88a60e194fb-1,2020-01-16T22:15:26.000Z,crmid:8212107358,a84c568c-4c74-11ea-a4ba-b88a60e194fb,prd1037,Home Equity Loan,Mortgage,Personal,16540.21,1,USD,branchid:11076
a84d40dc-4c74-11ea-bdba-b88a60e194fb-1,2020-01-01T20:51:46.000Z,crmid:1811004692,a84d40dc-4c74-11ea-bdba-b88a60e194fb,prd1061,Mortgage: 5/1 ARM,Mortgage,Personal,174507.76,1,USD,branchid:11012
a84e2b2c-4c74-11ea-9530-b88a60e194fb-1,2020-01-19T12:11:05.000Z,crmid:3829053926,a84e2b2c-4c74-11ea-9530-b88a60e194fb,prd1027,Mortgage: 30-yr Fixed,Mortgage,Personal,13495.08,1,USD,branchid:11091
a92502cc-4c74-11ea-a157-b88a60e194fb-1,2020-01-03T08:49:40.000Z,crmid:6175146268,a92502cc-4c74-11ea-a157-b88a60e194fb,prd1157,Brokerage Account,Investment,Personal,274822.61,1,USD,branchid:11000
a9261446-4c74-11ea-82e1-b88a60e194fb-1,2020-01-18T17:45:48.000Z,crmid:3578986983,a9261446-4c74-11ea-82e1-b88a60e194fb,prd1131,Employee Stock Purchase Plans,Investment,Personal,10733.89,1,USD,branchid:11150
a927259c-4c74-11ea-97f5-b88a60e194fb-1,2020-01-12T11:44:48.000Z,crmid:9990673762,a927259c-4c74-11ea-97f5-b88a60e194fb,prd1121,Mortgage: 30-yr Fixed,Mortgage,Personal,172305.09,1,USD,branchid:11056
a9280fee-4c74-11ea-a1c4-b88a60e194fb-1,2020-01-21T00:44:17.000Z,crmid:1134028357,a9280fee-4c74-11ea-a1c4-b88a60e194fb,prd1182,Brokerage Account,Investment,Personal,122674.98,1,USD,branchid:11101
a928fa50-4c74-11ea-aca8-b88a60e194fb-1,2020-01-16T11:18:23.000Z,crmid:6428016952,a928fa50-4c74-11ea-aca8-b88a60e194fb,prd1182,Brokerage Account,Investment,Personal,204655.41,1,USD,branchid:11027
a92a3390-4c74-11ea-a695-b88a60e194fb-1,2020-01-16T04:47:00.000Z,crmid:2902781612,a92a3390-4c74-11ea-a695-b88a60e194fb,prd1124,CDs: 5 year,Investment,Personal,245989.59,1,USD,branchid:11120
a92b1d5c-4c74-11ea-bd83-b88a60e194fb-1,2020-01-29T04:50:25.000Z,crmid:8055518289,a92b1d5c-4c74-11ea-bd83-b88a60e194fb,prd1157,Brokerage Account,Investment,Personal,15064.32,1,USD,branchid:11001
a92c55de-4c74-11ea-b0e8-b88a60e194fb-1,2020-01-15T06:00:53.000Z,crmid:7103518613,a92c55de-4c74-11ea-b0e8-b88a60e194fb,prd1013,Mortgage: FHA,Mortgage,Personal,16094.92,1,USD,branchid:11110
a92d8e36-4c74-11ea-b686-b88a60e194fb-1,2020-01-01T14:36:06.000Z,crmid:2578687805,a92d8e36-4c74-11ea-b686-b88a60e194fb,prd1108,401k,Retirement,Personal,16293.38,1,USD,branchid:11010
a92ec840-4c74-11ea-99ec-b88a60e194fb-1,2020-01-29T15:14:20.000Z,crmid:8892834009,a92ec840-4c74-11ea-99ec-b88a60e194fb,prd1033,Fixed Deposit,Investment,Personal,10262.99,1,USD,branchid:11018
a92fb234-4c74-11ea-8ee2-b88a60e194fb-1,2020-01-21T21:34:25.000Z,crmid:3766572716,a92fb234-4c74-11ea-8ee2-b88a60e194fb,prd1033,Fixed Deposit,Investment,Personal,3821865.46,1,USD,branchid:11085
a9309ba2-4c74-11ea-83a4-b88a60e194fb-1,2020-01-21T04:34:06.000Z,crmid:2107266726,a9309ba2-4c74-11ea-83a4-b88a60e194fb,prd1111,Pension Account,Retirement,Personal,15651.02,1,USD,branchid:11045
a931d410-4c74-11ea-99c7-b88a60e194fb-1,2020-01-18T06:05:05.000Z,crmid:3223272339,a931d410-4c74-11ea-99c7-b88a60e194fb,prd1060,Traditional IRA,Retirement,Personal,139833.65,1,USD,branchid:11062
a933a8c6-4c74-11ea-845e-b88a60e194fb-1,2020-01-12T15:02:01.000Z,crmid:9114050591,a933a8c6-4c74-11ea-845e-b88a60e194fb,prd1123,Mortgage: 10 yr Fixed,Mortgage,Personal,11725.32,1,USD,branchid:11001
aa0e2a1e-4c74-11ea-a8c1-b88a60e194fb-1,2020-01-28T11:02:33.000Z,crmid:2583183550,aa0e2a1e-4c74-11ea-a8c1-b88a60e194fb,prd1114,CDs: 3 month,Investment,Personal,166517.55,1,USD,branchid:11115
aa0f6268-4c74-11ea-9b3c-b88a60e194fb-1,2020-01-18T23:29:34.000Z,crmid:9526773580,aa0f6268-4c74-11ea-9b3c-b88a60e194fb,prd1026,Mortgage: 5/1 ARM,Mortgage,Personal,18254.93,1,USD,branchid:11106
aa10c20c-4c74-11ea-8a5c-b88a60e194fb-1,2020-01-29T12:25:39.000Z,crmid:5745762152,aa10c20c-4c74-11ea-8a5c-b88a60e194fb,prd1139,Employee Stock Purchase Plans,Investment,Personal,5480017.48,1,USD,branchid:11111
aa11fa98-4c74-11ea-b871-b88a60e194fb-1,2020-01-20T14:01:05.000Z,crmid:7774005330,aa11fa98-4c74-11ea-b871-b88a60e194fb,prd1115,Mortgage: VA,Mortgage,Personal,12032.27,1,USD,branchid:11097
aa12bf4c-4c74-11ea-8438-b88a60e194fb-1,2020-01-24T09:58:43.000Z,crmid:1827114853,aa12bf4c-4c74-11ea-8438-b88a60e194fb,prd1172,Employee Stock Purchase Plans,Investment,Personal,13361.91,1,USD,branchid:11113
aa146ba2-4c74-11ea-88e2-b88a60e194fb-1,2020-01-25T14:52:56.000Z,crmid:3282512555,aa146ba2-4c74-11ea-88e2-b88a60e194fb,prd1008,Traditional IRA,Retirement,Personal,4977928.5,1,USD,branchid:11039
aa1703a2-4c74-11ea-a69a-b88a60e194fb-1,2020-01-04T12:37:26.000Z,crmid:6969599050,aa1703a2-4c74-11ea-a69a-b88a60e194fb,prd1077,Roth IRA,Retirement,Personal,175605.21,1,USD,branchid:11104
aa18ff54-4c74-11ea-8480-b88a60e194fb-1,2020-01-01T19:49:42.000Z,crmid:8815412163,aa18ff54-4c74-11ea-8480-b88a60e194fb,prd1185,Mortgage: FHA,Mortgage,Personal,197476.48,1,USD,branchid:11045
aa1a86d8-4c74-11ea-9f48-b88a60e194fb-1,2020-01-24T06:01:18.000Z,crmid:5626286303,aa1a86d8-4c74-11ea-9f48-b88a60e194fb,prd1182,Brokerage Account,Investment,Personal,156769.95,1,USD,branchid:11122
aa1be59e-4c74-11ea-9e95-b88a60e194fb-1,2020-01-08T07:08:28.000Z,crmid:6466910996,aa1be59e-4c74-11ea-9e95-b88a60e194fb,prd1148,Mortgage: 10/1 ARM,Mortgage,Personal,15204.38,1,USD,branchid:11077
aa1d1e00-4c74-11ea-9ea5-b88a60e194fb-1,2020-01-06T12:45:11.000Z,crmid:6924470459,aa1d1e00-4c74-11ea-9ea5-b88a60e194fb,prd1114,CDs: 3 month,Investment,Personal,11605.25,1,USD,branchid:11097
aa1ecbd2-4c74-11ea-b4bc-b88a60e194fb-1,2020-01-29T19:34:29.000Z,crmid:4211646131,aa1ecbd2-4c74-11ea-b4bc-b88a60e194fb,prd1049,Business Brokerage Account,Investment,Business,11125.35,1,USD,branchid:11013
aa2163da-4c74-11ea-93eb-b88a60e194fb-1,2020-01-19T10:24:23.000Z,crmid:4167244248,aa2163da-4c74-11ea-93eb-b88a60e194fb,prd1087,Overseas Equity Fund,Investment,Personal,8388.35,1,USD,branchid:11141
ab016330-4c74-11ea-82cd-b88a60e194fb-1,2020-01-13T10:11:50.000Z,crmid:3836931104,ab016330-4c74-11ea-82cd-b88a60e194fb,prd1047,Mortgage: 10 yr Fixed,Mortgage,Personal,11589.6,1,USD,branchid:11117
ab0274dc-4c74-11ea-8bcd-b88a60e194fb-1,2020-01-24T16:16:09.000Z,crmid:7798669935,ab0274dc-4c74-11ea-8bcd-b88a60e194fb,prd1047,Mortgage: 10 yr Fixed,Mortgage,Personal,3233869.36,1,USD,branchid:11057
ab03ae8a-4c74-11ea-abaa-b88a60e194fb-1,2020-01-07T13:09:59.000Z,crmid:1440812966,ab03ae8a-4c74-11ea-abaa-b88a60e194fb,prd1101,Mortgage: 5/1 ARM,Mortgage,Personal,232219.02,1,USD,branchid:11015
ab04e58a-4c74-11ea-8358-b88a60e194fb-1,2020-01-05T14:09:09.000Z,crmid:9318148482,ab04e58a-4c74-11ea-8358-b88a60e194fb,prd1124,CDs: 5 year,Investment,Personal,12501.75,1,USD,branchid:11100
ab061e26-4c74-11ea-bf35-b88a60e194fb-1,2020-01-05T07:36:13.000Z,crmid:8642683048,ab061e26-4c74-11ea-bf35-b88a60e194fb,prd1028,CDs: 1 year,Investment,Personal,14622.39,1,USD,branchid:11072
ab081a26-4c74-11ea-a9de-b88a60e194fb-1,2020-01-25T01:04:06.000Z,crmid:2774314590,ab081a26-4c74-11ea-a9de-b88a60e194fb,prd1078,Mortgage: 7/1 ARM,Mortgage,Personal,9881.45,1,USD,branchid:11050
ab092b68-4c74-11ea-8f4f-b88a60e194fb-1,2020-01-07T19:21:50.000Z,crmid:1740806285,ab092b68-4c74-11ea-8f4f-b88a60e194fb,prd1165,Roth IRA,Retirement,Personal,12252.02,1,USD,branchid:11010
ab0b004c-4c74-11ea-8178-b88a60e194fb-1,2020-01-20T20:53:24.000Z,crmid:4717768906,ab0b004c-4c74-11ea-8178-b88a60e194fb,prd1097,Employee Stock Purchase Plans,Investment,Personal,13048.26,1,USD,branchid:11080
ab0c5fd8-4c74-11ea-8600-b88a60e194fb-1,2020-01-29T14:29:59.000Z,crmid:1173675612,ab0c5fd8-4c74-11ea-8600-b88a60e194fb,prd1021,CDs: 5 year,Investment,Personal,197837.92,1,USD,branchid:11097
ab0de690-4c74-11ea-bea0-b88a60e194fb-1,2020-01-16T16:48:26.000Z,crmid:4920500875,ab0de690-4c74-11ea-bea0-b88a60e194fb,prd1172,Employee Stock Purchase Plans,Investment,Personal,11464.69,1,USD,branchid:11124
ab0ed0b6-4c74-11ea-a1eb-b88a60e194fb-1,2020-01-04T11:19:37.000Z,crmid:5223671150,ab0ed0b6-4c74-11ea-a1eb-b88a60e194fb,prd1033,Fixed Deposit,Investment,Personal,246236.84,1,USD,branchid:11132
ab103054-4c74-11ea-900a-b88a60e194fb-1,2020-01-11T00:58:31.000Z,crmid:5433996974,ab103054-4c74-11ea-900a-b88a60e194fb,prd1078,Mortgage: 7/1 ARM,Mortgage,Personal,14846.68,1,USD,branchid:11053
ab111b3e-4c74-11ea-b1b1-b88a60e194fb-1,2020-01-06T10:37:59.000Z,crmid:3390921313,ab111b3e-4c74-11ea-b1b1-b88a60e194fb,prd1024,Mortgage: FHA,Mortgage,Personal,189974.23,1,USD,branchid:11082
ab127a1a-4c74-11ea-8e94-b88a60e194fb-1,2020-01-07T01:26:41.000Z,crmid:9709652931,ab127a1a-4c74-11ea-8e94-b88a60e194fb,prd1097,Employee Stock Purchase Plans,Investment,Personal,210590.3,1,USD,branchid:11019
abed97c0-4c74-11ea-a99e-b88a60e194fb-1,2020-01-01T10:52:12.000Z,crmid:9515148780,abed97c0-4c74-11ea-a99e-b88a60e194fb,prd1181,Mortgage: 5/1 ARM,Mortgage,Personal,252026.5,1,USD,branchid:11122
abee822c-4c74-11ea-8451-b88a60e194fb-1,2020-01-28T16:19:02.000Z,crmid:2287011366,abee822c-4c74-11ea-8451-b88a60e194fb,prd1041,Mortgage: 7/1 ARM,Mortgage,Personal,13415.02,1,USD,branchid:11061
abefbaa8-4c74-11ea-bf09-b88a60e194fb-1,2020-01-15T20:24:02.000Z,crmid:4408545374,abefbaa8-4c74-11ea-bf09-b88a60e194fb,prd1021,CDs: 5 year,Investment,Personal,15967.2,1,USD,branchid:11137
abf0cbf6-4c74-11ea-8cd7-b88a60e194fb-1,2020-01-09T21:56:21.000Z,crmid:5578417782,abf0cbf6-4c74-11ea-8cd7-b88a60e194fb,prd1186,Money Market,Investment,Personal,12419.7,1,USD,branchid:11052
abf1dd6e-4c74-11ea-9c16-b88a60e194fb-1,2020-01-28T19:27:18.000Z,crmid:7696193849,abf1dd6e-4c74-11ea-9c16-b88a60e194fb,prd1189,Overseas Equity Fund,Investment,Personal,15627.07,1,USD,branchid:11011
abf2eeda-4c74-11ea-abc0-b88a60e194fb-1,2020-01-23T13:26:42.000Z,crmid:7942679718,abf2eeda-4c74-11ea-abc0-b88a60e194fb,prd1184,Fixed Deposit,Investment,Personal,16321.83,1,USD,branchid:11061
abf40036-4c74-11ea-9a5b-b88a60e194fb-1,2020-01-16T01:11:55.000Z,crmid:7563480849,abf40036-4c74-11ea-9a5b-b88a60e194fb,prd1154,Mortgage: 30-yr Fixed,Mortgage,Personal,199188.62,1,USD,branchid:11077
abf586d4-4c74-11ea-b998-b88a60e194fb-1,2020-01-28T00:32:54.000Z,crmid:8182791230,abf586d4-4c74-11ea-b998-b88a60e194fb,prd1056,CDs: 5 year,Investment,Personal,14771.24,1,USD,branchid:11063
abf6bf5c-4c74-11ea-b163-b88a60e194fb-1,2020-01-28T15:42:22.000Z,crmid:4898015616,abf6bf5c-4c74-11ea-b163-b88a60e194fb,prd1123,Mortgage: 10 yr Fixed,Mortgage,Personal,18472.25,1,USD,branchid:11021
abf7d0e2-4c74-11ea-8835-b88a60e194fb-1,2020-01-31T01:56:57.000Z,crmid:4152053004,abf7d0e2-4c74-11ea-8835-b88a60e194fb,prd1045,Mortgage: 10/1 ARM,Mortgage,Personal,9722.76,1,USD,branchid:11140
abf8bb36-4c74-11ea-b880-b88a60e194fb-1,2020-01-17T08:47:08.000Z,crmid:8000649903,abf8bb36-4c74-11ea-b880-b88a60e194fb,prd1068,Mortgage: 7/1 ARM,Mortgage,Personal,13736.86,1,USD,branchid:11011
abf9ccb4-4c74-11ea-bbc2-b88a60e194fb-1,2020-01-29T06:38:01.000Z,crmid:7409592259,abf9ccb4-4c74-11ea-bbc2-b88a60e194fb,prd1151,Mortgage: 10 yr Fixed,Mortgage,Personal,3976696.27,1,USD,branchid:11081
abfb53a6-4c74-11ea-837d-b88a60e194fb-1,2020-01-26T20:32:03.000Z,crmid:7850307477,abfb53a6-4c74-11ea-837d-b88a60e194fb,prd1049,Business Brokerage Account,Investment,Business,264906.83,1,USD,branchid:11090
abfcb2ee-4c74-11ea-b5b3-b88a60e194fb-1,2020-01-03T18:12:40.000Z,crmid:7618790174,abfcb2ee-4c74-11ea-b5b3-b88a60e194fb,prd1129,Mortgage: 10/1 ARM,Mortgage,Personal,14836.44,1,USD,branchid:11012
abfe0222-4c74-11ea-8b55-b88a60e194fb-1,2020-01-29T06:43:09.000Z,crmid:2045432202,abfe0222-4c74-11ea-8b55-b88a60e194fb,prd1174,Traditional IRA,Retirement,Personal,17223.14,1,USD,branchid:11070
acd86fc6-4c74-11ea-8666-b88a60e194fb-1,2020-01-13T04:41:00.000Z,crmid:7052506584,acd86fc6-4c74-11ea-8666-b88a60e194fb,prd1144,Home Equity Loan,Mortgage,Personal,16693.63,1,USD,branchid:11070
acd95b54-4c74-11ea-b21e-b88a60e194fb-1,2020-01-07T03:23:32.000Z,crmid:9504872064,acd95b54-4c74-11ea-b21e-b88a60e194fb,prd1027,Mortgage: 30-yr Fixed,Mortgage,Personal,278163.23,1,USD,branchid:11133
acda6b90-4c74-11ea-a190-b88a60e194fb-1,2020-01-25T02:42:43.000Z,crmid:3218357337,acda6b90-4c74-11ea-a190-b88a60e194fb,prd1047,Mortgage: 10 yr Fixed,Mortgage,Personal,7714.14,1,USD,branchid:11055
acdb7cfe-4c74-11ea-b1d7-b88a60e194fb-1,2020-01-15T14:03:43.000Z,crmid:8899851799,acdb7cfe-4c74-11ea-b1d7-b88a60e194fb,prd1068,Mortgage: 7/1 ARM,Mortgage,Personal,15560.76,1,USD,branchid:11118
acdc6758-4c74-11ea-8c11-b88a60e194fb-1,2020-01-22T20:25:49.000Z,crmid:6658190946,acdc6758-4c74-11ea-8c11-b88a60e194fb,prd1110,Traditional IRA,Retirement,Personal,11225.11,1,USD,branchid:11125
acdd51b4-4c74-11ea-927a-b88a60e194fb-1,2020-01-17T13:20:27.000Z,crmid:7596834549,acdd51b4-4c74-11ea-927a-b88a60e194fb,prd1155,CDs: 5 year,Investment,Personal,12300.32,1,USD,branchid:11116
acde6348-4c74-11ea-8216-b88a60e194fb-1,2020-01-08T10:38:08.000Z,crmid:1718209107,acde6348-4c74-11ea-8216-b88a60e194fb,prd1114,CDs: 3 month,Investment,Personal,4025810.32,1,USD,branchid:11018
acdf4ec0-4c74-11ea-a3dd-b88a60e194fb-1,2020-01-22T07:59:52.000Z,crmid:3331668382,acdf4ec0-4c74-11ea-a3dd-b88a60e194fb,prd1172,Employee Stock Purchase Plans,Investment,Personal,13406.97,1,USD,branchid:11021
ace0120c-4c74-11ea-a3fb-b88a60e194fb-1,2020-01-31T05:30:26.000Z,crmid:6231870811,ace0120c-4c74-11ea-a3fb-b88a60e194fb,prd1088,CDs: 1 year,Investment,Personal,4373564.22,1,USD,branchid:11137
ace122f0-4c74-11ea-9e43-b88a60e194fb-1,2020-01-20T21:41:44.000Z,crmid:1555966387,ace122f0-4c74-11ea-9e43-b88a60e194fb,prd1120,Mortgage: 10/1 ARM,Mortgage,Personal,9615.69,1,USD,branchid:11108
ace20ddc-4c74-11ea-84bd-b88a60e194fb-1,2020-01-02T09:00:38.000Z,crmid:5061514603,ace20ddc-4c74-11ea-84bd-b88a60e194fb,prd1172,Employee Stock Purchase Plans,Investment,Personal,20444.89,1,USD,branchid:11014
ace2f6d0-4c74-11ea-8ebf-b88a60e194fb-1,2020-01-19T03:30:03.000Z,crmid:5098149680,ace2f6d0-4c74-11ea-8ebf-b88a60e194fb,prd1121,Mortgage: 30-yr Fixed,Mortgage,Personal,15623.66,1,USD,branchid:11150
ace40878-4c74-11ea-b856-b88a60e194fb-1,2020-01-29T16:00:29.000Z,crmid:6664747891,ace40878-4c74-11ea-b856-b88a60e194fb,prd1025,Brokerage Account,Investment,Personal,10640.2,1,USD,branchid:11125
ace4cd02-4c74-11ea-8ab9-b88a60e194fb-1,2020-01-21T11:17:38.000Z,crmid:9914278789,ace4cd02-4c74-11ea-8ab9-b88a60e194fb,prd1108,401k,Retirement,Personal,13077.55,1,USD,branchid:11150
ace6041e-4c74-11ea-b1a8-b88a60e194fb-1,2020-01-19T18:22:14.000Z,crmid:5688574970,ace6041e-4c74-11ea-b1a8-b88a60e194fb,prd1027,Mortgage: 30-yr Fixed,Mortgage,Personal,17801.47,1,USD,branchid:11059
ade39db0-4c74-11ea-9ede-b88a60e194fb-1,2020-01-28T02:02:02.000Z,crmid:6436292156,ade39db0-4c74-11ea-9ede-b88a60e194fb,prd1167,Roth IRA,Retirement,Personal,13310.98,1,USD,branchid:11025
ade4fd46-4c74-11ea-9476-b88a60e194fb-1,2020-01-18T07:28:32.000Z,crmid:9290911063,ade4fd46-4c74-11ea-9476-b88a60e194fb,prd1060,Traditional IRA,Retirement,Personal,15538.91,1,USD,branchid:11106
ade60ec8-4c74-11ea-97c5-b88a60e194fb-1,2020-01-08T16:44:26.000Z,crmid:2827287195,ade60ec8-4c74-11ea-97c5-b88a60e194fb,prd1030,401k,Retirement,Personal,21056.51,1,USD,branchid:11042
ade79548-4c74-11ea-8d10-b88a60e194fb-1,2020-01-04T06:35:39.000Z,crmid:7727319492,ade79548-4c74-11ea-8d10-b88a60e194fb,prd1097,Employee Stock Purchase Plans,Investment,Personal,3895891.1,1,USD,branchid:11092
ade87fc2-4c74-11ea-9f1b-b88a60e194fb-1,2020-01-17T17:11:55.000Z,crmid:6008122576,ade87fc2-4c74-11ea-9f1b-b88a60e194fb,prd1150,Money Market,Investment,Personal,16556.29,1,USD,branchid:11132
adea063a-4c74-11ea-b181-b88a60e194fb-1,2020-01-09T09:37:49.000Z,crmid:8349592973,adea063a-4c74-11ea-b181-b88a60e194fb,prd1121,Mortgage: 30-yr Fixed,Mortgage,Personal,14766.39,1,USD,branchid:11026
adeb65d4-4c74-11ea-aa18-b88a60e194fb-1,2020-01-15T09:59:04.000Z,crmid:9930515602,adeb65d4-4c74-11ea-aa18-b88a60e194fb,prd1030,401k,Retirement,Personal,177749.56,1,USD,branchid:11124
adecc562-4c74-11ea-964c-b88a60e194fb-1,2020-01-10T23:31:49.000Z,crmid:7445192976,adecc562-4c74-11ea-964c-b88a60e194fb,prd1174,Traditional IRA,Retirement,Personal,18808.92,1,USD,branchid:11132
adedd6ca-4c74-11ea-99fd-b88a60e194fb-1,2020-01-02T10:38:56.000Z,crmid:4616235631,adedd6ca-4c74-11ea-99fd-b88a60e194fb,prd1125,Mortgage: FHA,Mortgage,Personal,248683.23,1,USD,branchid:11133
adef3658-4c74-11ea-87c6-b88a60e194fb-1,2020-01-28T19:14:49.000Z,crmid:6897901731,adef3658-4c74-11ea-87c6-b88a60e194fb,prd1139,Employee Stock Purchase Plans,Investment,Personal,15336.95,1,USD,branchid:11124
adf020a8-4c74-11ea-85b9-b88a60e194fb-1,2020-01-08T19:27:16.000Z,crmid:5919732809,adf020a8-4c74-11ea-85b9-b88a60e194fb,prd1083,Pension Account,Retirement,Personal,234816.32,1,USD,branchid:11103
adf15930-4c74-11ea-b836-b88a60e194fb-1,2020-01-20T09:42:48.000Z,crmid:8818757170,adf15930-4c74-11ea-b836-b88a60e194fb,prd1034,Home Equity Loan,Mortgage,Personal,12444.29,1,USD,branchid:11109
adf291e8-4c74-11ea-a3bf-b88a60e194fb-1,2020-01-09T16:07:50.000Z,crmid:3818676165,adf291e8-4c74-11ea-a3bf-b88a60e194fb,prd1176,Overseas Equity Fund,Investment,Personal,3555025.63,1,USD,branchid:11093
adf3ca48-4c74-11ea-a4d5-b88a60e194fb-1,2020-01-08T21:13:48.000Z,crmid:9667434038,adf3ca48-4c74-11ea-a4d5-b88a60e194fb,prd1184,Fixed Deposit,Investment,Personal,15176.61,1,USD,branchid:11133
aed24498-4c74-11ea-a742-b88a60e194fb-1,2020-01-26T09:36:47.000Z,crmid:1314276315,aed24498-4c74-11ea-a742-b88a60e194fb,prd1151,Mortgage: 10 yr Fixed,Mortgage,Personal,239106.02,1,USD,branchid:11119
aed354d4-4c74-11ea-9d87-b88a60e194fb-1,2020-01-06T00:45:54.000Z,crmid:9393126751,aed354d4-4c74-11ea-9d87-b88a60e194fb,prd1014,CDs: 3 month,Investment,Personal,15573.37,1,USD,branchid:11133
aed46608-4c74-11ea-85d6-b88a60e194fb-1,2020-01-02T22:11:24.000Z,crmid:9872100620,aed46608-4c74-11ea-85d6-b88a60e194fb,prd1087,Overseas Equity Fund,Investment,Personal,13396.9,1,USD,branchid:11062
aed52a9e-4c74-11ea-b145-b88a60e194fb-1,2020-01-31T04:37:24.000Z,crmid:1851254071,aed52a9e-4c74-11ea-b145-b88a60e194fb,prd1115,Mortgage: VA,Mortgage,Personal,48150.59,1,USD,branchid:11009
aed662e6-4c74-11ea-844b-b88a60e194fb-1,2020-01-10T13:52:38.000Z,crmid:4600923846,aed662e6-4c74-11ea-844b-b88a60e194fb,prd1088,CDs: 1 year,Investment,Personal,11916.54,1,USD,branchid:11150
aed77346-4c74-11ea-82ef-b88a60e194fb-1,2020-01-13T17:16:31.000Z,crmid:7495078932,aed77346-4c74-11ea-82ef-b88a60e194fb,prd1033,Fixed Deposit,Investment,Personal,2652022.15,1,USD,branchid:11060
aed884be-4c74-11ea-a983-b88a60e194fb-1,2020-01-30T18:59:01.000Z,crmid:6555598996,aed884be-4c74-11ea-a983-b88a60e194fb,prd1045,Mortgage: 10/1 ARM,Mortgage,Personal,4196592.51,1,USD,branchid:11033
aed96f98-4c74-11ea-8489-b88a60e194fb-1,2020-01-22T09:12:51.000Z,crmid:1891724845,aed96f98-4c74-11ea-8489-b88a60e194fb,prd1029,401k,Retirement,Personal,144925.8,1,USD,branchid:11112
aeda598a-4c74-11ea-919f-b88a60e194fb-1,2020-01-19T00:20:32.000Z,crmid:3322150813,aeda598a-4c74-11ea-919f-b88a60e194fb,prd1035,Pension Account,Retirement,Personal,19334.0,1,USD,branchid:11013
aedb44fa-4c74-11ea-b1dd-b88a60e194fb-1,2020-01-03T14:49:51.000Z,crmid:9040440737,aedb44fa-4c74-11ea-b1dd-b88a60e194fb,prd1026,Mortgage: 5/1 ARM,Mortgage,Personal,73371.81,1,USD,branchid:11138
aedc2e42-4c74-11ea-abf4-b88a60e194fb-1,2020-01-02T21:55:04.000Z,crmid:2786397925,aedc2e42-4c74-11ea-abf4-b88a60e194fb,prd1047,Mortgage: 10 yr Fixed,Mortgage,Personal,224551.61,1,USD,branchid:11092
aedcf2d2-4c74-11ea-bf07-b88a60e194fb-1,2020-01-19T16:49:58.000Z,crmid:6468243338,aedcf2d2-4c74-11ea-bf07-b88a60e194fb,prd1150,Money Market,Investment,Personal,233230.7,1,USD,branchid:11043
aede5102-4c74-11ea-9a57-b88a60e194fb-1,2020-01-18T23:02:25.000Z,crmid:3499989660,aede5102-4c74-11ea-9a57-b88a60e194fb,prd1062,Mortgage: VA,Mortgage,Personal,14022.76,1,USD,branchid:11033
aedf3b82-4c74-11ea-8495-b88a60e194fb-1,2020-01-06T02:00:04.000Z,crmid:4336994551,aedf3b82-4c74-11ea-8495-b88a60e194fb,prd1125,Mortgage: FHA,Mortgage,Personal,5601702.61,1,USD,branchid:11134
afb43e78-4c74-11ea-8a7a-b88a60e194fb-1,2020-01-15T13:36:39.000Z,crmid:5276336466,afb43e78-4c74-11ea-8a7a-b88a60e194fb,prd1183,Fixed Deposit,Investment,Personal,11318.18,1,USD,branchid:11142
afb54fe4-4c74-11ea-89a3-b88a60e194fb-1,2020-01-02T20:44:20.000Z,crmid:6796141747,afb54fe4-4c74-11ea-89a3-b88a60e194fb,prd1046,Mortgage: VA,Mortgage,Personal,238627.04,1,USD,branchid:11021
afb63b68-4c74-11ea-a9bb-b88a60e194fb-1,2020-01-12T08:14:31.000Z,crmid:5391910866,afb63b68-4c74-11ea-a9bb-b88a60e194fb,prd1027,Mortgage: 30-yr Fixed,Mortgage,Personal,13938.12,1,USD,branchid:11099
afb74bb8-4c74-11ea-96be-b88a60e194fb-1,2020-01-30T15:49:24.000Z,crmid:6452902488,afb74bb8-4c74-11ea-96be-b88a60e194fb,prd1047,Mortgage: 10 yr Fixed,Mortgage,Personal,197607.55,1,USD,branchid:11024
afb88422-4c74-11ea-a24d-b88a60e194fb-1,2020-01-01T10:50:54.000Z,crmid:2669024649,afb88422-4c74-11ea-a24d-b88a60e194fb,prd1101,Mortgage: 5/1 ARM,Mortgage,Personal,15132.67,1,USD,branchid:11063
afb9bcb0-4c74-11ea-ab76-b88a60e194fb-1,2020-01-14T12:42:10.000Z,crmid:7326919758,afb9bcb0-4c74-11ea-ab76-b88a60e194fb,prd1165,Roth IRA,Retirement,Personal,11803.94,1,USD,branchid:11008
afbace24-4c74-11ea-9f82-b88a60e194fb-1,2020-01-31T21:44:37.000Z,crmid:3593798115,afbace24-4c74-11ea-9f82-b88a60e194fb,prd1047,Mortgage: 10 yr Fixed,Mortgage,Personal,11127.5,1,USD,branchid:11046
afbbb876-4c74-11ea-9933-b88a60e194fb-1,2020-01-10T23:21:10.000Z,crmid:2335302947,afbbb876-4c74-11ea-9933-b88a60e194fb,prd1175,401k,Retirement,Personal,239137.68,1,USD,branchid:11061
afbca2a2-4c74-11ea-b895-b88a60e194fb-1,2020-01-04T13:08:09.000Z,crmid:4675831230,afbca2a2-4c74-11ea-b895-b88a60e194fb,prd1167,Roth IRA,Retirement,Personal,15367.11,1,USD,branchid:11101
afbdb586-4c74-11ea-ae1c-b88a60e194fb-1,2020-01-06T03:55:36.000Z,crmid:8142361488,afbdb586-4c74-11ea-ae1c-b88a60e194fb,prd1037,Home Equity Loan,Mortgage,Personal,18882.66,1,USD,branchid:11020
afbe9ea2-4c74-11ea-9252-b88a60e194fb-1,2020-01-02T06:08:20.000Z,crmid:2808366950,afbe9ea2-4c74-11ea-9252-b88a60e194fb,prd1032,Home Equity Loan,Mortgage,Personal,11032.11,1,USD,branchid:11109
afbfb100-4c74-11ea-ad63-b88a60e194fb-1,2020-01-21T22:57:51.000Z,crmid:1107201540,afbfb100-4c74-11ea-ad63-b88a60e194fb,prd1049,Business Brokerage Account,Investment,Business,15960.86,1,USD,branchid:11094
afc10fb6-4c74-11ea-a620-b88a60e194fb-1,2020-01-04T04:16:39.000Z,crmid:5473232775,afc10fb6-4c74-11ea-a620-b88a60e194fb,prd1150,Money Market,Investment,Personal,166546.11,1,USD,branchid:11052
afc220fe-4c74-11ea-9fbb-b88a60e194fb-1,2020-01-04T19:54:24.000Z,crmid:8296242622,afc220fe-4c74-11ea-9fbb-b88a60e194fb,prd1024,Mortgage: FHA,Mortgage,Personal,205152.14,1,USD,branchid:11077
afc35998-4c74-11ea-a85f-b88a60e194fb-1,2020-01-17T03:53:53.000Z,crmid:2420592488,afc35998-4c74-11ea-a85f-b88a60e194fb,prd1042,Roth IRA,Retirement,Personal,16254.38,1,USD,branchid:11115
b0eee0dc-4c74-11ea-953a-b88a60e194fb-1,2020-01-08T23:18:04.000Z,crmid:8006862253,b0eee0dc-4c74-11ea-953a-b88a60e194fb,prd1125,Mortgage: FHA,Mortgage,Personal,181835.62,1,USD,branchid:11069
b0efcb3a-4c74-11ea-8e48-b88a60e194fb-1,2020-01-11T02:34:57.000Z,crmid:3382671582,b0efcb3a-4c74-11ea-8e48-b88a60e194fb,prd1148,Mortgage: 10/1 ARM,Mortgage,Personal,15986.5,1,USD,branchid:11064
b0f12ac6-4c74-11ea-acfe-b88a60e194fb-1,2020-01-25T16:20:19.000Z,crmid:6485638148,b0f12ac6-4c74-11ea-acfe-b88a60e194fb,prd1173,Money Market,Investment,Personal,206577.45,1,USD,branchid:11090
b0f28bd8-4c74-11ea-b56f-b88a60e194fb-1,2020-01-11T13:05:43.000Z,crmid:1448664373,b0f28bd8-4c74-11ea-b56f-b88a60e194fb,prd1184,Fixed Deposit,Investment,Personal,174946.8,1,USD,branchid:11011
b0f39bc2-4c74-11ea-9c69-b88a60e194fb-1,2020-01-11T07:46:51.000Z,crmid:1620030246,b0f39bc2-4c74-11ea-9c69-b88a60e194fb,prd1120,Mortgage: 10/1 ARM,Mortgage,Personal,14281.31,1,USD,branchid:11040
b0f4ad38-4c74-11ea-9893-b88a60e194fb-1,2020-01-20T08:51:50.000Z,crmid:6998069912,b0f4ad38-4c74-11ea-9893-b88a60e194fb,prd1047,Mortgage: 10 yr Fixed,Mortgage,Personal,4785530.64,1,USD,branchid:11040
b0f5e5d0-4c74-11ea-bbd4-b88a60e194fb-1,2020-01-25T21:00:50.000Z,crmid:1590510319,b0f5e5d0-4c74-11ea-bbd4-b88a60e194fb,prd1182,Brokerage Account,Investment,Personal,236378.62,1,USD,branchid:11037
b0f71e30-4c74-11ea-83ab-b88a60e194fb-1,2020-01-02T09:49:25.000Z,crmid:9981495794,b0f71e30-4c74-11ea-83ab-b88a60e194fb,prd1189,Overseas Equity Fund,Investment,Personal,245686.96,1,USD,branchid:11148
b0f856be-4c74-11ea-a467-b88a60e194fb-1,2020-01-16T04:50:12.000Z,crmid:8523231132,b0f856be-4c74-11ea-a467-b88a60e194fb,prd1157,Brokerage Account,Investment,Personal,14399.62,1,USD,branchid:11087
b0f941dc-4c74-11ea-83db-b88a60e194fb-1,2020-01-26T06:19:54.000Z,crmid:2511438670,b0f941dc-4c74-11ea-83db-b88a60e194fb,prd1013,Mortgage: FHA,Mortgage,Personal,12060.97,1,USD,branchid:11140
b0fa5282-4c74-11ea-b2c5-b88a60e194fb-1,2020-01-24T23:14:08.000Z,crmid:6937622069,b0fa5282-4c74-11ea-b2c5-b88a60e194fb,prd1185,Mortgage: FHA,Mortgage,Personal,17352.86,1,USD,branchid:11061
b0fb8aee-4c74-11ea-b35e-b88a60e194fb-1,2020-01-12T13:12:23.000Z,crmid:1184566418,b0fb8aee-4c74-11ea-b35e-b88a60e194fb,prd1078,Mortgage: 7/1 ARM,Mortgage,Personal,10227.64,1,USD,branchid:11144
b0fc9c8a-4c74-11ea-879d-b88a60e194fb-1,2020-01-11T03:45:14.000Z,crmid:8457366199,b0fc9c8a-4c74-11ea-879d-b88a60e194fb,prd1045,Mortgage: 10/1 ARM,Mortgage,Personal,3820829.89,1,USD,branchid:11024
b0fdfc5a-4c74-11ea-ba59-b88a60e194fb-1,2020-01-31T11:24:29.000Z,crmid:7019258524,b0fdfc5a-4c74-11ea-ba59-b88a60e194fb,prd1041,Mortgage: 7/1 ARM,Mortgage,Personal,14209.12,1,USD,branchid:11141
b1db3d62-4c74-11ea-80ed-b88a60e194fb-1,2020-01-12T10:55:54.000Z,crmid:2382361414,b1db3d62-4c74-11ea-80ed-b88a60e194fb,prd1088,CDs: 1 year,Investment,Personal,10948.61,1,USD,branchid:11136
b1dc4df6-4c74-11ea-94e5-b88a60e194fb-1,2020-01-04T22:16:26.000Z,crmid:6084341660,b1dc4df6-4c74-11ea-94e5-b88a60e194fb,prd1088,CDs: 1 year,Investment,Personal,13581.41,1,USD,branchid:11001
b1dd6094-4c74-11ea-ab54-b88a60e194fb-1,2020-01-26T20:52:21.000Z,crmid:2629644656,b1dd6094-4c74-11ea-ab54-b88a60e194fb,prd1125,Mortgage: FHA,Mortgage,Personal,16625.41,1,USD,branchid:11085
b1de4ad2-4c74-11ea-9910-b88a60e194fb-1,2020-01-26T15:16:10.000Z,crmid:7646993885,b1de4ad2-4c74-11ea-9910-b88a60e194fb,prd1117,Brokerage Account,Investment,Personal,16939.96,1,USD,branchid:11090
b1df0ce4-4c74-11ea-9217-b88a60e194fb-1,2020-01-07T09:48:30.000Z,crmid:4026540674,b1df0ce4-4c74-11ea-9217-b88a60e194fb,prd1110,Traditional IRA,Retirement,Personal,4512724.22,1,USD,branchid:11010
b1e04564-4c74-11ea-a86c-b88a60e194fb-1,2020-01-25T07:00:20.000Z,crmid:5121147147,b1e04564-4c74-11ea-a86c-b88a60e194fb,prd1097,Employee Stock Purchase Plans,Investment,Personal,228857.87,1,USD,branchid:11139
b20a1474-4c74-11ea-a354-b88a60e194fb-1,2020-01-27T03:36:00.000Z,crmid:3149271639,b20a1474-4c74-11ea-a354-b88a60e194fb,prd1032,Home Equity Loan,Mortgage,Personal,190051.68,1,USD,branchid:11040
b20be928-4c74-11ea-82fa-b88a60e194fb-1,2020-01-06T11:43:44.000Z,crmid:7436263657,b20be928-4c74-11ea-82fa-b88a60e194fb,prd1125,Mortgage: FHA,Mortgage,Personal,9765.71,1,USD,branchid:11138
b2107d08-4c74-11ea-9d76-b88a60e194fb-1,2020-01-19T13:03:36.000Z,crmid:1846785852,b2107d08-4c74-11ea-9d76-b88a60e194fb,prd1028,CDs: 1 year,Investment,Personal,216883.64,1,USD,branchid:11146
b23aea0c-4c74-11ea-92af-b88a60e194fb-1,2020-01-27T10:38:39.000Z,crmid:9870495830,b23aea0c-4c74-11ea-92af-b88a60e194fb,prd1088,CDs: 1 year,Investment,Personal,14888.87,1,USD,branchid:11001
b23bfb46-4c74-11ea-a680-b88a60e194fb-1,2020-01-27T17:12:44.000Z,crmid:1615221869,b23bfb46-4c74-11ea-a680-b88a60e194fb,prd1155,CDs: 5 year,Investment,Personal,10144.44,1,USD,branchid:11132
b23cbe28-4c74-11ea-9035-b88a60e194fb-1,2020-01-15T04:36:45.000Z,crmid:2564989578,b23cbe28-4c74-11ea-9035-b88a60e194fb,prd1021,CDs: 5 year,Investment,Personal,188019.2,1,USD,branchid:11150
b23d8176-4c74-11ea-8897-b88a60e194fb-1,2020-01-09T12:00:10.000Z,crmid:2339745115,b23d8176-4c74-11ea-8897-b88a60e194fb,prd1173,Money Market,Investment,Personal,212192.19,1,USD,branchid:11103
b23e91ba-4c74-11ea-b23f-b88a60e194fb-1,2020-01-01T07:31:50.000Z,crmid:2974547400,b23e91ba-4c74-11ea-b23f-b88a60e194fb,prd1049,Business Brokerage Account,Investment,Business,13969.83,1,USD,branchid:11101
b23f550a-4c74-11ea-9cbe-b88a60e194fb-1,2020-01-06T06:48:23.000Z,crmid:1236461071,b23f550a-4c74-11ea-9cbe-b88a60e194fb,prd1153,CDs: 1 year,Investment,Personal,173660.28,1,USD,branchid:11062
b31d31a4-4c74-11ea-90e8-b88a60e194fb-1,2020-01-21T21:48:52.000Z,crmid:3031324132,b31d31a4-4c74-11ea-90e8-b88a60e194fb,prd1115,Mortgage: VA,Mortgage,Personal,12627.28,1,USD,branchid:11128
b31e6a14-4c74-11ea-b7d3-b88a60e194fb-1,2020-01-01T06:20:06.000Z,crmid:9761449333,b31e6a14-4c74-11ea-b7d3-b88a60e194fb,prd1045,Mortgage: 10/1 ARM,Mortgage,Personal,13947.36,1,USD,branchid:11039
b31f2d66-4c74-11ea-9af3-b88a60e194fb-1,2020-01-23T00:13:09.000Z,crmid:3781201451,b31f2d66-4c74-11ea-9af3-b88a60e194fb,prd1189,Overseas Equity Fund,Investment,Personal,193552.3,1,USD,branchid:11002
b3206610-4c74-11ea-a94f-b88a60e194fb-1,2020-01-15T03:00:09.000Z,crmid:5690533405,b3206610-4c74-11ea-a94f-b88a60e194fb,prd1030,401k,Retirement,Personal,13555.63,1,USD,branchid:11049
b321503e-4c74-11ea-a1c6-b88a60e194fb-1,2020-01-01T19:35:54.000Z,crmid:7842189942,b321503e-4c74-11ea-a1c6-b88a60e194fb,prd1183,Fixed Deposit,Investment,Personal,16506.64,1,USD,branchid:11146
b3223ad4-4c74-11ea-aef9-b88a60e194fb-1,2020-01-10T15:16:29.000Z,crmid:1091720112,b3223ad4-4c74-11ea-aef9-b88a60e194fb,prd1034,Home Equity Loan,Mortgage,Personal,298527.76,1,USD,branchid:11111
b3237334-4c74-11ea-9c46-b88a60e194fb-1,2020-01-28T11:15:07.000Z,crmid:3089669606,b3237334-4c74-11ea-9c46-b88a60e194fb,prd1079,Mortgage: 30-yr Fixed,Mortgage,Personal,11328.82,1,USD,branchid:11051
b3245d78-4c74-11ea-932a-b88a60e194fb-1,2020-01-23T09:48:06.000Z,crmid:5962950801,b3245d78-4c74-11ea-932a-b88a60e194fb,prd1184,Fixed Deposit,Investment,Personal,192917.59,1,USD,branchid:11130
b325bd28-4c74-11ea-9ff9-b88a60e194fb-1,2020-01-23T03:14:30.000Z,crmid:6137127935,b325bd28-4c74-11ea-9ff9-b88a60e194fb,prd1064,CDs: 3 month,Investment,Personal,11162.49,1,USD,branchid:11012
b326a794-4c74-11ea-92de-b88a60e194fb-1,2020-01-07T10:26:39.000Z,crmid:4510292142,b326a794-4c74-11ea-92de-b88a60e194fb,prd1183,Fixed Deposit,Investment,Personal,11936.64,1,USD,branchid:11070
b327dff6-4c74-11ea-a1e7-b88a60e194fb-1,2020-01-18T08:04:02.000Z,crmid:2260562905,b327dff6-4c74-11ea-a1e7-b88a60e194fb,prd1035,Pension Account,Retirement,Personal,16530.91,1,USD,branchid:11048
b32966d8-4c74-11ea-aa3b-b88a60e194fb-1,2020-01-06T15:45:27.000Z,crmid:7226350477,b32966d8-4c74-11ea-aa3b-b88a60e194fb,prd1068,Mortgage: 7/1 ARM,Mortgage,Personal,200797.35,1,USD,branchid:11104
b32a7806-4c74-11ea-86a7-b88a60e194fb-1,2020-01-27T20:01:32.000Z,crmid:9155271080,b32a7806-4c74-11ea-86a7-b88a60e194fb,prd1117,Brokerage Account,Investment,Personal,269802.92,1,USD,branchid:11089
b32b89a8-4c74-11ea-b277-b88a60e194fb-1,2020-01-11T18:28:19.000Z,crmid:2138936569,b32b89a8-4c74-11ea-b277-b88a60e194fb,prd1117,Brokerage Account,Investment,Personal,250347.34,1,USD,branchid:11051
b32cc1ee-4c74-11ea-a486-b88a60e194fb-1,2020-01-06T12:38:24.000Z,crmid:7843865310,b32cc1ee-4c74-11ea-a486-b88a60e194fb,prd1123,Mortgage: 10 yr Fixed,Mortgage,Personal,19524.15,1,USD,branchid:11008
b3ff5418-4c74-11ea-a6d3-b88a60e194fb-1,2020-01-17T16:07:38.000Z,crmid:5918614716,b3ff5418-4c74-11ea-a6d3-b88a60e194fb,prd1174,Traditional IRA,Retirement,Personal,16802.07,1,USD,branchid:11092
b400b386-4c74-11ea-a60e-b88a60e194fb-1,2020-01-14T20:33:08.000Z,crmid:4117224099,b400b386-4c74-11ea-a60e-b88a60e194fb,prd1176,Overseas Equity Fund,Investment,Personal,18769.58,1,USD,branchid:11078
b4019f28-4c74-11ea-aecb-b88a60e194fb-1,2020-01-20T11:10:26.000Z,crmid:2380942033,b4019f28-4c74-11ea-aecb-b88a60e194fb,prd1129,Mortgage: 10/1 ARM,Mortgage,Personal,105352.08,1,USD,branchid:11148
b402b0b6-4c74-11ea-8330-b88a60e194fb-1,2020-01-12T15:35:15.000Z,crmid:9695251111,b402b0b6-4c74-11ea-8330-b88a60e194fb,prd1182,Brokerage Account,Investment,Personal,18147.68,1,USD,branchid:11118
b40399c6-4c74-11ea-a381-b88a60e194fb-1,2020-01-05T13:30:58.000Z,crmid:3403177009,b40399c6-4c74-11ea-a381-b88a60e194fb,prd1153,CDs: 1 year,Investment,Personal,173288.86,1,USD,branchid:11012
b404851a-4c74-11ea-b836-b88a60e194fb-1,2020-01-21T22:30:53.000Z,crmid:1789277903,b404851a-4c74-11ea-b836-b88a60e194fb,prd1189,Overseas Equity Fund,Investment,Personal,183448.28,1,USD,branchid:11034
b40595a4-4c74-11ea-9127-b88a60e194fb-1,2020-01-27T17:34:48.000Z,crmid:2405603009,b40595a4-4c74-11ea-9127-b88a60e194fb,prd1173,Money Market,Investment,Personal,14192.26,1,USD,branchid:11115
b4068000-4c74-11ea-8597-b88a60e194fb-1,2020-01-15T11:55:14.000Z,crmid:6046260619,b4068000-4c74-11ea-8597-b88a60e194fb,prd1186,Money Market,Investment,Personal,15089.71,1,USD,branchid:11033
b4074498-4c74-11ea-806a-b88a60e194fb-1,2020-01-19T08:38:52.000Z,crmid:5515426872,b4074498-4c74-11ea-806a-b88a60e194fb,prd1087,Overseas Equity Fund,Investment,Personal,4080491.6,1,USD,branchid:11101
b4087c5c-4c74-11ea-9d01-b88a60e194fb-1,2020-01-28T04:56:11.000Z,crmid:6335623592,b4087c5c-4c74-11ea-9d01-b88a60e194fb,prd1045,Mortgage: 10/1 ARM,Mortgage,Personal,16102.45,1,USD,branchid:11078
b4096634-4c74-11ea-8d1c-b88a60e194fb-1,2020-01-11T01:57:24.000Z,crmid:9628470843,b4096634-4c74-11ea-8d1c-b88a60e194fb,prd1030,401k,Retirement,Personal,16510.67,1,USD,branchid:11133
b40a77ac-4c74-11ea-8a25-b88a60e194fb-1,2020-01-01T14:38:57.000Z,crmid:1354979112,b40a77ac-4c74-11ea-8a25-b88a60e194fb,prd1049,Business Brokerage Account,Investment,Business,182384.75,1,USD,branchid:11049
b40b631a-4c74-11ea-9313-b88a60e194fb-1,2020-01-08T16:42:04.000Z,crmid:3445357585,b40b631a-4c74-11ea-9313-b88a60e194fb,prd1029,401k,Retirement,Personal,16226.0,1,USD,branchid:11122
b40c4c5c-4c74-11ea-a4d0-b88a60e194fb-1,2020-01-05T13:19:32.000Z,crmid:7448824618,b40c4c5c-4c74-11ea-a4d0-b88a60e194fb,prd1186,Money Market,Investment,Personal,306200.67,1,USD,branchid:11125
b40d36d8-4c74-11ea-b773-b88a60e194fb-1,2020-01-14T11:56:59.000Z,crmid:7651777398,b40d36d8-4c74-11ea-b773-b88a60e194fb,prd1068,Mortgage: 7/1 ARM,Mortgage,Personal,189860.32,1,USD,branchid:11123
b4f2b480-4c74-11ea-815c-b88a60e194fb-1,2020-01-24T16:41:53.000Z,crmid:8175164665,b4f2b480-4c74-11ea-815c-b88a60e194fb,prd1172,Employee Stock Purchase Plans,Investment,Personal,16948.28,1,USD,branchid:11035
b4f413d8-4c74-11ea-9a69-b88a60e194fb-1,2020-01-22T07:33:40.000Z,crmid:8449496434,b4f413d8-4c74-11ea-9a69-b88a60e194fb,prd1027,Mortgage: 30-yr Fixed,Mortgage,Personal,4251190.39,1,USD,branchid:11050
b4f59a66-4c74-11ea-b805-b88a60e194fb-1,2020-01-19T22:42:17.000Z,crmid:2260865416,b4f59a66-4c74-11ea-b805-b88a60e194fb,prd1184,Fixed Deposit,Investment,Personal,231052.46,1,USD,branchid:11130
b4f72114-4c74-11ea-a607-b88a60e194fb-1,2020-01-13T19:23:05.000Z,crmid:4431979529,b4f72114-4c74-11ea-a607-b88a60e194fb,prd1183,Fixed Deposit,Investment,Personal,209755.7,1,USD,branchid:11030
b4f832a2-4c74-11ea-9c85-b88a60e194fb-1,2020-01-16T01:24:00.000Z,crmid:1988515802,b4f832a2-4c74-11ea-9c85-b88a60e194fb,prd1148,Mortgage: 10/1 ARM,Mortgage,Personal,16991.11,1,USD,branchid:11002
b4f9b926-4c74-11ea-98b8-b88a60e194fb-1,2020-01-12T18:16:29.000Z,crmid:2454819640,b4f9b926-4c74-11ea-98b8-b88a60e194fb,prd1117,Brokerage Account,Investment,Personal,215221.11,1,USD,branchid:11079
b4faf1b4-4c74-11ea-a18d-b88a60e194fb-1,2020-01-30T13:08:32.000Z,crmid:9839290566,b4faf1b4-4c74-11ea-a18d-b88a60e194fb,prd1073,Business Brokerage Account,Investment,Business,11150.18,1,USD,branchid:11141
b4fc2a28-4c74-11ea-b738-b88a60e194fb-1,2020-01-23T13:14:41.000Z,crmid:6394787825,b4fc2a28-4c74-11ea-b738-b88a60e194fb,prd1182,Brokerage Account,Investment,Personal,13959.04,1,USD,branchid:11062
b4fdb0c8-4c74-11ea-abd1-b88a60e194fb-1,2020-01-30T15:38:12.000Z,crmid:6765742198,b4fdb0c8-4c74-11ea-abd1-b88a60e194fb,prd1129,Mortgage: 10/1 ARM,Mortgage,Personal,211801.0,1,USD,branchid:11114
b4ff1052-4c74-11ea-9f65-b88a60e194fb-1,2020-01-12T18:50:03.000Z,crmid:7418013380,b4ff1052-4c74-11ea-9f65-b88a60e194fb,prd1060,Traditional IRA,Retirement,Personal,11558.24,1,USD,branchid:11045
b50096e4-4c74-11ea-9583-b88a60e194fb-1,2020-01-27T02:37:39.000Z,crmid:2310116354,b50096e4-4c74-11ea-9583-b88a60e194fb,prd1073,Business Brokerage Account,Investment,Business,15950.24,1,USD,branchid:11044
b501f67a-4c74-11ea-bada-b88a60e194fb-1,2020-01-17T09:21:00.000Z,crmid:7408426956,b501f67a-4c74-11ea-bada-b88a60e194fb,prd1108,401k,Retirement,Personal,16502.0,1,USD,branchid:11019
b5035626-4c74-11ea-9224-b88a60e194fb-1,2020-01-07T01:13:52.000Z,crmid:3536491952,b5035626-4c74-11ea-9224-b88a60e194fb,prd1030,401k,Retirement,Personal,17796.49,1,USD,branchid:11038
b504dd0a-4c74-11ea-95a1-b88a60e194fb-1,2020-01-09T19:14:58.000Z,crmid:4770505525,b504dd0a-4c74-11ea-95a1-b88a60e194fb,prd1087,Overseas Equity Fund,Investment,Personal,152246.64,1,USD,branchid:11130
b5ec2f0a-4c74-11ea-bdcc-b88a60e194fb-1,2020-01-05T00:04:59.000Z,crmid:1042409150,b5ec2f0a-4c74-11ea-bdcc-b88a60e194fb,prd1182,Brokerage Account,Investment,Personal,14460.21,1,USD,branchid:11062
b5ed1992-4c74-11ea-841a-b88a60e194fb-1,2020-01-31T19:17:29.000Z,crmid:8362077334,b5ed1992-4c74-11ea-841a-b88a60e194fb,prd1111,Pension Account,Retirement,Personal,3797346.02,1,USD,branchid:11062
b5ee2b0c-4c74-11ea-bcb9-b88a60e194fb-1,2020-01-08T16:53:21.000Z,crmid:6895152380,b5ee2b0c-4c74-11ea-bcb9-b88a60e194fb,prd1112,Fixed Deposit,Investment,Personal,16957.08,1,USD,branchid:11044
b5ef3c64-4c74-11ea-96e9-b88a60e194fb-1,2020-01-21T12:13:17.000Z,crmid:9623743439,b5ef3c64-4c74-11ea-96e9-b88a60e194fb,prd1111,Pension Account,Retirement,Personal,16482.48,1,USD,branchid:11023
b5f026ac-4c74-11ea-ae55-b88a60e194fb-1,2020-01-16T12:44:52.000Z,crmid:1901409579,b5f026ac-4c74-11ea-ae55-b88a60e194fb,prd1088,CDs: 1 year,Investment,Personal,15254.34,1,USD,branchid:11013
b5f111a2-4c74-11ea-88e5-b88a60e194fb-1,2020-01-21T10:27:08.000Z,crmid:5588676275,b5f111a2-4c74-11ea-88e5-b88a60e194fb,prd1144,Home Equity Loan,Mortgage,Personal,5028100.71,1,USD,branchid:11077
b5f2e5da-4c74-11ea-8d75-b88a60e194fb-1,2020-01-25T11:43:40.000Z,crmid:1930147842,b5f2e5da-4c74-11ea-8d75-b88a60e194fb,prd1021,CDs: 5 year,Investment,Personal,16392.51,1,USD,branchid:11110
b5f3d0c8-4c74-11ea-afca-b88a60e194fb-1,2020-01-17T15:57:08.000Z,crmid:4325581096,b5f3d0c8-4c74-11ea-afca-b88a60e194fb,prd1111,Pension Account,Retirement,Personal,3747587.68,1,USD,branchid:11056
b5f4bab0-4c74-11ea-8e05-b88a60e194fb-1,2020-01-18T03:27:29.000Z,crmid:3509860333,b5f4bab0-4c74-11ea-8e05-b88a60e194fb,prd1120,Mortgage: 10/1 ARM,Mortgage,Personal,11704.9,1,USD,branchid:11034
b5f5cc0a-4c74-11ea-8563-b88a60e194fb-1,2020-01-20T22:29:10.000Z,crmid:3224649580,b5f5cc0a-4c74-11ea-8563-b88a60e194fb,prd1013,Mortgage: FHA,Mortgage,Personal,13585.4,1,USD,branchid:11104
b5f6b836-4c74-11ea-b6db-b88a60e194fb-1,2020-01-16T00:04:29.000Z,crmid:7582254350,b5f6b836-4c74-11ea-b6db-b88a60e194fb,prd1172,Employee Stock Purchase Plans,Investment,Personal,13921.51,1,USD,branchid:11095
b5f7a0c6-4c74-11ea-9458-b88a60e194fb-1,2020-01-24T19:51:39.000Z,crmid:6082092255,b5f7a0c6-4c74-11ea-9458-b88a60e194fb,prd1182,Brokerage Account,Investment,Personal,14899.68,1,USD,branchid:11044
b5f88c4c-4c74-11ea-b3be-b88a60e194fb-1,2020-01-24T11:25:40.000Z,crmid:8037484781,b5f88c4c-4c74-11ea-b3be-b88a60e194fb,prd1189,Overseas Equity Fund,Investment,Personal,233976.42,1,USD,branchid:11112
b5f9757a-4c74-11ea-8d0b-b88a60e194fb-1,2020-01-28T03:47:35.000Z,crmid:2161805110,b5f9757a-4c74-11ea-8d0b-b88a60e194fb,prd1129,Mortgage: 10/1 ARM,Mortgage,Personal,18348.77,1,USD,branchid:11044
b5fa613a-4c74-11ea-8255-b88a60e194fb-1,2020-01-28T09:16:07.000Z,crmid:8346193771,b5fa613a-4c74-11ea-8255-b88a60e194fb,prd1024,Mortgage: FHA,Mortgage,Personal,14760.59,1,USD,branchid:11009
b6de0914-4c74-11ea-ae38-b88a60e194fb-1,2020-01-11T04:48:54.000Z,crmid:3826325050,b6de0914-4c74-11ea-ae38-b88a60e194fb,prd1189,Overseas Equity Fund,Investment,Personal,180294.31,1,USD,branchid:11035
b6df42ee-4c74-11ea-ab9d-b88a60e194fb-1,2020-01-28T08:28:29.000Z,crmid:6002209574,b6df42ee-4c74-11ea-ab9d-b88a60e194fb,prd1182,Brokerage Account,Investment,Personal,186320.11,1,USD,branchid:11001
b6e05442-4c74-11ea-b9be-b88a60e194fb-1,2020-01-19T22:07:39.000Z,crmid:1146621151,b6e05442-4c74-11ea-b9be-b88a60e194fb,prd1173,Money Market,Investment,Personal,206057.34,1,USD,branchid:11141
b6e13d58-4c74-11ea-a173-b88a60e194fb-1,2020-01-30T09:13:47.000Z,crmid:5616060544,b6e13d58-4c74-11ea-a173-b88a60e194fb,prd1008,Traditional IRA,Retirement,Personal,13824.51,1,USD,branchid:11039
b6e228f6-4c74-11ea-8179-b88a60e194fb-1,2020-01-11T12:59:42.000Z,crmid:8533794317,b6e228f6-4c74-11ea-8179-b88a60e194fb,prd1008,Traditional IRA,Retirement,Personal,3611008.07,1,USD,branchid:11003
b6e33914-4c74-11ea-b6f6-b88a60e194fb-1,2020-01-22T14:12:21.000Z,crmid:5676058011,b6e33914-4c74-11ea-b6f6-b88a60e194fb,prd1030,401k,Retirement,Personal,161098.74,1,USD,branchid:11030
b6e4717a-4c74-11ea-b6e1-b88a60e194fb-1,2020-01-27T11:40:14.000Z,crmid:6334284144,b6e4717a-4c74-11ea-b6e1-b88a60e194fb,prd1008,Traditional IRA,Retirement,Personal,6914.25,1,USD,branchid:11098
b6e55bcc-4c74-11ea-8acb-b88a60e194fb-1,2020-01-20T12:57:46.000Z,crmid:9109563060,b6e55bcc-4c74-11ea-8acb-b88a60e194fb,prd1037,Home Equity Loan,Mortgage,Personal,10444.72,1,USD,branchid:11049
b6e61f24-4c74-11ea-9bcd-b88a60e194fb-1,2020-01-19T16:02:58.000Z,crmid:7621755730,b6e61f24-4c74-11ea-9bcd-b88a60e194fb,prd1144,Home Equity Loan,Mortgage,Personal,219070.95,1,USD,branchid:11118
b6e7307e-4c74-11ea-a151-b88a60e194fb-1,2020-01-19T09:49:39.000Z,crmid:5246950973,b6e7307e-4c74-11ea-a151-b88a60e194fb,prd1013,Mortgage: FHA,Mortgage,Personal,132454.4,1,USD,branchid:11145
b6e8b758-4c74-11ea-ab76-b88a60e194fb-1,2020-01-15T11:59:46.000Z,crmid:1297457836,b6e8b758-4c74-11ea-ab76-b88a60e194fb,prd1042,Roth IRA,Retirement,Personal,15565.14,1,USD,branchid:11114
b6e9efba-4c74-11ea-8655-b88a60e194fb-1,2020-01-02T09:46:31.000Z,crmid:9956597654,b6e9efba-4c74-11ea-8655-b88a60e194fb,prd1112,Fixed Deposit,Investment,Personal,16846.96,1,USD,branchid:11009
b6eb2836-4c74-11ea-bab5-b88a60e194fb-1,2020-01-25T09:16:30.000Z,crmid:3465347211,b6eb2836-4c74-11ea-bab5-b88a60e194fb,prd1182,Brokerage Account,Investment,Personal,3445129.93,1,USD,branchid:11092
b6ec13dc-4c74-11ea-9f68-b88a60e194fb-1,2020-01-12T14:31:50.000Z,crmid:3178858728,b6ec13dc-4c74-11ea-9f68-b88a60e194fb,prd1185,Mortgage: FHA,Mortgage,Personal,153772.09,1,USD,branchid:11053
b7c92c06-4c74-11ea-a8b3-b88a60e194fb-1,2020-01-12T07:03:49.000Z,crmid:2888741637,b7c92c06-4c74-11ea-a8b3-b88a60e194fb,prd1041,Mortgage: 7/1 ARM,Mortgage,Personal,149822.67,1,USD,branchid:11037
b7ca1658-4c74-11ea-9886-b88a60e194fb-1,2020-01-06T03:30:56.000Z,crmid:9667099670,b7ca1658-4c74-11ea-9886-b88a60e194fb,prd1088,CDs: 1 year,Investment,Personal,15158.63,1,USD,branchid:11058
b7cb2822-4c74-11ea-b989-b88a60e194fb-1,2020-01-17T23:47:51.000Z,crmid:2065978956,b7cb2822-4c74-11ea-b989-b88a60e194fb,prd1021,CDs: 5 year,Investment,Personal,221907.24,1,USD,branchid:11017
b7cc3938-4c74-11ea-a25f-b88a60e194fb-1,2020-01-30T17:44:58.000Z,crmid:8594173304,b7cc3938-4c74-11ea-a25f-b88a60e194fb,prd1037,Home Equity Loan,Mortgage,Personal,18536.35,1,USD,branchid:11051
b7cd4abe-4c74-11ea-8557-b88a60e194fb-1,2020-01-12T14:01:09.000Z,crmid:3037147290,b7cd4abe-4c74-11ea-8557-b88a60e194fb,prd1032,Home Equity Loan,Mortgage,Personal,277660.55,1,USD,branchid:11065
b7ceaa2c-4c74-11ea-b733-b88a60e194fb-1,2020-01-24T05:59:30.000Z,crmid:9506844704,b7ceaa2c-4c74-11ea-b733-b88a60e194fb,prd1013,Mortgage: FHA,Mortgage,Personal,16711.19,1,USD,branchid:11114
b7cf94b6-4c74-11ea-b335-b88a60e194fb-1,2020-01-09T13:14:09.000Z,crmid:9117550767,b7cf94b6-4c74-11ea-b335-b88a60e194fb,prd1037,Home Equity Loan,Mortgage,Personal,16075.07,1,USD,branchid:11061
b7d0a7e6-4c74-11ea-8232-b88a60e194fb-1,2020-01-29T06:09:32.000Z,crmid:4638561069,b7d0a7e6-4c74-11ea-8232-b88a60e194fb,prd1047,Mortgage: 10 yr Fixed,Mortgage,Personal,18528.37,1,USD,branchid:11115
b7d19058-4c74-11ea-b9e2-b88a60e194fb-1,2020-01-02T23:46:20.000Z,crmid:3282380066,b7d19058-4c74-11ea-b9e2-b88a60e194fb,prd1035,Pension Account,Retirement,Personal,14743.92,1,USD,branchid:11127
b7d33e18-4c74-11ea-981b-b88a60e194fb-1,2020-01-31T12:07:56.000Z,crmid:8611344784,b7d33e18-4c74-11ea-981b-b88a60e194fb,prd1027,Mortgage: 30-yr Fixed,Mortgage,Personal,12542.2,1,USD,branchid:11023
b7d44f76-4c74-11ea-ade2-b88a60e194fb-1,2020-01-31T03:13:29.000Z,crmid:2551153240,b7d44f76-4c74-11ea-ade2-b88a60e194fb,prd1025,Brokerage Account,Investment,Personal,14400.25,1,USD,branchid:11010
b7d539ba-4c74-11ea-a26c-b88a60e194fb-1,2020-01-22T02:56:24.000Z,crmid:3481726559,b7d539ba-4c74-11ea-a26c-b88a60e194fb,prd1150,Money Market,Investment,Personal,16127.2,1,USD,branchid:11063
b7d6762e-4c74-11ea-b128-b88a60e194fb-1,2020-01-01T21:24:24.000Z,crmid:6513273158,b7d6762e-4c74-11ea-b128-b88a60e194fb,prd1117,Brokerage Account,Investment,Personal,14971.98,1,USD,branchid:11082
b7d783c0-4c74-11ea-a43a-b88a60e194fb-1,2020-01-05T11:22:59.000Z,crmid:1212104609,b7d783c0-4c74-11ea-a43a-b88a60e194fb,prd1153,CDs: 1 year,Investment,Personal,18304.23,1,USD,branchid:11009
b7d86e46-4c74-11ea-a51d-b88a60e194fb-1,2020-01-01T14:45:03.000Z,crmid:9620812448,b7d86e46-4c74-11ea-a51d-b88a60e194fb,prd1042,Roth IRA,Retirement,Personal,197207.24,1,USD,branchid:11102
b8b9f594-4c74-11ea-be29-b88a60e194fb-1,2020-01-01T21:31:18.000Z,crmid:9338417618,b8b9f594-4c74-11ea-be29-b88a60e194fb,prd1037,Home Equity Loan,Mortgage,Personal,180039.48,1,USD,branchid:11034
b8bb2cf6-4c74-11ea-9f0a-b88a60e194fb-1,2020-01-23T12:18:37.000Z,crmid:5061514603,b8bb2cf6-4c74-11ea-9f0a-b88a60e194fb,prd1179,Business Brokerage Account,Investment,Business,12951.86,1,USD,branchid:11092
b8bc172c-4c74-11ea-bb28-b88a60e194fb-1,2020-01-16T18:43:45.000Z,crmid:3428662658,b8bc172c-4c74-11ea-bb28-b88a60e194fb,prd1112,Fixed Deposit,Investment,Personal,12452.7,1,USD,branchid:11081
b8bd4fb4-4c74-11ea-ba63-b88a60e194fb-1,2020-01-02T22:18:11.000Z,crmid:9137629177,b8bd4fb4-4c74-11ea-ba63-b88a60e194fb,prd1131,Employee Stock Purchase Plans,Investment,Personal,21632.23,1,USD,branchid:11088
b8be8938-4c74-11ea-ac73-b88a60e194fb-1,2020-01-31T04:34:33.000Z,crmid:2761490404,b8be8938-4c74-11ea-ac73-b88a60e194fb,prd1053,Mortgage: VA,Mortgage,Personal,322761.3,1,USD,branchid:11132
b8bfe7b6-4c74-11ea-a54c-b88a60e194fb-1,2020-01-14T19:25:44.000Z,crmid:9809239754,b8bfe7b6-4c74-11ea-a54c-b88a60e194fb,prd1061,Mortgage: 5/1 ARM,Mortgage,Personal,12193.4,1,USD,branchid:11130
b8c0d210-4c74-11ea-9215-b88a60e194fb-1,2020-01-16T22:11:04.000Z,crmid:5356134627,b8c0d210-4c74-11ea-9215-b88a60e194fb,prd1047,Mortgage: 10 yr Fixed,Mortgage,Personal,19067.15,1,USD,branchid:11041
b8c1bc68-4c74-11ea-b4a7-b88a60e194fb-1,2020-01-14T03:42:46.000Z,crmid:9847205233,b8c1bc68-4c74-11ea-b4a7-b88a60e194fb,prd1157,Brokerage Account,Investment,Personal,17579.29,1,USD,branchid:11007
b8c28134-4c74-11ea-afe9-b88a60e194fb-1,2020-01-07T06:55:14.000Z,crmid:9370078975,b8c28134-4c74-11ea-afe9-b88a60e194fb,prd1046,Mortgage: VA,Mortgage,Personal,182018.2,1,USD,branchid:11122
b8c36afe-4c74-11ea-b86c-b88a60e194fb-1,2020-01-06T09:13:25.000Z,crmid:2792617182,b8c36afe-4c74-11ea-b86c-b88a60e194fb,prd1035,Pension Account,Retirement,Personal,2362838.55,1,USD,branchid:11017
b8c47b90-4c74-11ea-b67a-b88a60e194fb-1,2020-01-25T00:22:18.000Z,crmid:7386945731,b8c47b90-4c74-11ea-b67a-b88a60e194fb,prd1064,CDs: 3 month,Investment,Personal,16785.93,1,USD,branchid:11076
b8c62918-4c74-11ea-9c3a-b88a60e194fb-1,2020-01-24T15:39:59.000Z,crmid:3120498754,b8c62918-4c74-11ea-9c3a-b88a60e194fb,prd1179,Business Brokerage Account,Investment,Business,15154.07,1,USD,branchid:11133
b8c788b4-4c74-11ea-b3ca-b88a60e194fb-1,2020-01-07T11:55:01.000Z,crmid:2000990145,b8c788b4-4c74-11ea-b3ca-b88a60e194fb,prd1101,Mortgage: 5/1 ARM,Mortgage,Personal,13441.71,1,USD,branchid:11014
b8c8c14a-4c74-11ea-b707-b88a60e194fb-1,2020-01-24T08:10:38.000Z,crmid:5898287061,b8c8c14a-4c74-11ea-b707-b88a60e194fb,prd1154,Mortgage: 30-yr Fixed,Mortgage,Personal,19272.96,1,USD,branchid:11044
b8c9f9a6-4c74-11ea-9074-b88a60e194fb-1,2020-01-12T17:23:44.000Z,crmid:6693559111,b8c9f9a6-4c74-11ea-9074-b88a60e194fb,prd1176,Overseas Equity Fund,Investment,Personal,171525.13,1,USD,branchid:11057
b9d6d568-4c74-11ea-a985-b88a60e194fb-1,2020-01-14T04:49:45.000Z,crmid:8583619626,b9d6d568-4c74-11ea-a985-b88a60e194fb,prd1088,CDs: 1 year,Investment,Personal,13973.96,1,USD,branchid:11037
b9d8d2cc-4c74-11ea-8a8f-b88a60e194fb-1,2020-01-22T22:45:24.000Z,crmid:6401217924,b9d8d2cc-4c74-11ea-8a8f-b88a60e194fb,prd1184,Fixed Deposit,Investment,Personal,12886.95,1,USD,branchid:11000
b9d9e2a8-4c74-11ea-9fa2-b88a60e194fb-1,2020-01-03T23:05:32.000Z,crmid:2493173878,b9d9e2a8-4c74-11ea-9fa2-b88a60e194fb,prd1032,Home Equity Loan,Mortgage,Personal,194722.52,1,USD,branchid:11068
b9daccf6-4c74-11ea-8fe7-b88a60e194fb-1,2020-01-30T23:26:40.000Z,crmid:1183473243,b9daccf6-4c74-11ea-8fe7-b88a60e194fb,prd1157,Brokerage Account,Investment,Personal,224859.79,1,USD,branchid:11064
b9db9054-4c74-11ea-bbe4-b88a60e194fb-1,2020-01-25T00:28:57.000Z,crmid:5453632714,b9db9054-4c74-11ea-bbe4-b88a60e194fb,prd1025,Brokerage Account,Investment,Personal,14505.72,1,USD,branchid:11014
b9dca1ba-4c74-11ea-8235-b88a60e194fb-1,2020-01-20T02:57:22.000Z,crmid:4540911653,b9dca1ba-4c74-11ea-8235-b88a60e194fb,prd1035,Pension Account,Retirement,Personal,4818739.85,1,USD,branchid:11039
b9dd8c1e-4c74-11ea-8604-b88a60e194fb-1,2020-01-03T02:28:30.000Z,crmid:2584722664,b9dd8c1e-4c74-11ea-8604-b88a60e194fb,prd1033,Fixed Deposit,Investment,Personal,13982.37,1,USD,branchid:11120
b9de9d8c-4c74-11ea-b55d-b88a60e194fb-1,2020-01-19T02:01:38.000Z,crmid:3161880976,b9de9d8c-4c74-11ea-b55d-b88a60e194fb,prd1189,Overseas Equity Fund,Investment,Personal,5993.34,1,USD,branchid:11051
b9df87e4-4c74-11ea-bd4a-b88a60e194fb-1,2020-01-15T02:24:04.000Z,crmid:9594329315,b9df87e4-4c74-11ea-bd4a-b88a60e194fb,prd1046,Mortgage: VA,Mortgage,Personal,12101.64,1,USD,branchid:11018
b9e07242-4c74-11ea-868b-b88a60e194fb-1,2020-01-05T06:57:51.000Z,crmid:7511495311,b9e07242-4c74-11ea-868b-b88a60e194fb,prd1108,401k,Retirement,Personal,13322.58,1,USD,branchid:11146
b9e13598-4c74-11ea-b3d9-b88a60e194fb-1,2020-01-14T03:05:10.000Z,crmid:8898362623,b9e13598-4c74-11ea-b3d9-b88a60e194fb,prd1034,Home Equity Loan,Mortgage,Personal,152548.18,1,USD,branchid:11132
b9e24714-4c74-11ea-aaac-b88a60e194fb-1,2020-01-31T05:54:23.000Z,crmid:6522476785,b9e24714-4c74-11ea-aaac-b88a60e194fb,prd1144,Home Equity Loan,Mortgage,Personal,10183.35,1,USD,branchid:11137
b9e3a69c-4c74-11ea-8755-b88a60e194fb-1,2020-01-24T00:18:03.000Z,crmid:4847598969,b9e3a69c-4c74-11ea-8755-b88a60e194fb,prd1046,Mortgage: VA,Mortgage,Personal,12203.54,1,USD,branchid:11112
b9e4b7fe-4c74-11ea-8f89-b88a60e194fb-1,2020-01-20T20:21:44.000Z,crmid:5270835831,b9e4b7fe-4c74-11ea-8f89-b88a60e194fb,prd1088,CDs: 1 year,Investment,Personal,3637943.52,1,USD,branchid:11077
bab6af36-4c74-11ea-b6ef-b88a60e194fb-1,2020-01-10T11:01:34.000Z,crmid:7869816169,bab6af36-4c74-11ea-b6ef-b88a60e194fb,prd1150,Money Market,Investment,Personal,10590.88,1,USD,branchid:11087
bab7bfca-4c74-11ea-acb8-b88a60e194fb-1,2020-01-31T08:50:42.000Z,crmid:3303316895,bab7bfca-4c74-11ea-acb8-b88a60e194fb,prd1078,Mortgage: 7/1 ARM,Mortgage,Personal,256245.23,1,USD,branchid:11056
bab8d20a-4c74-11ea-9b68-b88a60e194fb-1,2020-01-18T22:49:20.000Z,crmid:1644633369,bab8d20a-4c74-11ea-9b68-b88a60e194fb,prd1148,Mortgage: 10/1 ARM,Mortgage,Personal,15353.2,1,USD,branchid:11139
bab9bb1a-4c74-11ea-a857-b88a60e194fb-1,2020-01-24T03:41:02.000Z,crmid:6530425176,bab9bb1a-4c74-11ea-a857-b88a60e194fb,prd1041,Mortgage: 7/1 ARM,Mortgage,Personal,2820426.64,1,USD,branchid:11067
babaa57a-4c74-11ea-aad7-b88a60e194fb-1,2020-01-28T10:17:50.000Z,crmid:4113449295,babaa57a-4c74-11ea-aad7-b88a60e194fb,prd1046,Mortgage: VA,Mortgage,Personal,155904.42,1,USD,branchid:11016
babb69be-4c74-11ea-8414-b88a60e194fb-1,2020-01-08T00:52:28.000Z,crmid:1003008304,babb69be-4c74-11ea-8414-b88a60e194fb,prd1144,Home Equity Loan,Mortgage,Personal,15319.01,1,USD,branchid:11016
babc7b34-4c74-11ea-9a12-b88a60e194fb-1,2020-01-03T02:04:18.000Z,crmid:4871820804,babc7b34-4c74-11ea-9a12-b88a60e194fb,prd1037,Home Equity Loan,Mortgage,Personal,257104.03,1,USD,branchid:11067
babdd9c8-4c74-11ea-8e4a-b88a60e194fb-1,2020-01-31T22:19:13.000Z,crmid:8546712734,babdd9c8-4c74-11ea-8e4a-b88a60e194fb,prd1035,Pension Account,Retirement,Personal,3791255.68,1,USD,branchid:11069
babec436-4c74-11ea-ae49-b88a60e194fb-1,2020-01-08T19:24:19.000Z,crmid:2840771315,babec436-4c74-11ea-ae49-b88a60e194fb,prd1139,Employee Stock Purchase Plans,Investment,Personal,12700.92,1,USD,branchid:11111
babfafd8-4c74-11ea-a0db-b88a60e194fb-1,2020-01-14T21:53:27.000Z,crmid:9030096138,babfafd8-4c74-11ea-a0db-b88a60e194fb,prd1079,Mortgage: 30-yr Fixed,Mortgage,Personal,174275.42,1,USD,branchid:11127
bac0731e-4c74-11ea-b988-b88a60e194fb-1,2020-01-29T23:48:33.000Z,crmid:6735779798,bac0731e-4c74-11ea-b988-b88a60e194fb,prd1121,Mortgage: 30-yr Fixed,Mortgage,Personal,3165030.96,1,USD,branchid:11079
bac1aafe-4c74-11ea-b04a-b88a60e194fb-1,2020-01-29T01:34:07.000Z,crmid:2332925796,bac1aafe-4c74-11ea-b04a-b88a60e194fb,prd1088,CDs: 1 year,Investment,Personal,198711.04,1,USD,branchid:11065
bac294b6-4c74-11ea-b59c-b88a60e194fb-1,2020-01-19T23:53:21.000Z,crmid:4094441344,bac294b6-4c74-11ea-b59c-b88a60e194fb,prd1029,401k,Retirement,Personal,291810.02,1,USD,branchid:11030
bac37fc6-4c74-11ea-8c07-b88a60e194fb-1,2020-01-24T03:08:40.000Z,crmid:2248876152,bac37fc6-4c74-11ea-8c07-b88a60e194fb,prd1139,Employee Stock Purchase Plans,Investment,Personal,3652996.65,1,USD,branchid:11028
bac4b8a4-4c74-11ea-b70e-b88a60e194fb-1,2020-01-23T08:10:09.000Z,crmid:1735345898,bac4b8a4-4c74-11ea-b70e-b88a60e194fb,prd1175,401k,Retirement,Personal,185822.87,1,USD,branchid:11119
bba468cc-4c74-11ea-866c-b88a60e194fb-1,2020-01-22T08:47:37.000Z,crmid:3259618988,bba468cc-4c74-11ea-866c-b88a60e194fb,prd1033,Fixed Deposit,Investment,Personal,15698.89,1,USD,branchid:11068
bba5532e-4c74-11ea-8080-b88a60e194fb-1,2020-01-25T19:43:20.000Z,crmid:9239711877,bba5532e-4c74-11ea-8080-b88a60e194fb,prd1186,Money Market,Investment,Personal,8356.6,1,USD,branchid:11022
bba6649c-4c74-11ea-97b7-b88a60e194fb-1,2020-01-31T10:30:06.000Z,crmid:4083654166,bba6649c-4c74-11ea-97b7-b88a60e194fb,prd1148,Mortgage: 10/1 ARM,Mortgage,Personal,14607.69,1,USD,branchid:11040
bba77610-4c74-11ea-8fb8-b88a60e194fb-1,2020-01-21T19:08:02.000Z,crmid:1736414056,bba77610-4c74-11ea-8fb8-b88a60e194fb,prd1062,Mortgage: VA,Mortgage,Personal,10635.57,1,USD,branchid:11000
bba83950-4c74-11ea-af0f-b88a60e194fb-1,2020-01-20T22:33:52.000Z,crmid:3115872181,bba83950-4c74-11ea-af0f-b88a60e194fb,prd1060,Traditional IRA,Retirement,Personal,156637.13,1,USD,branchid:11149
bba971d4-4c74-11ea-8969-b88a60e194fb-1,2020-01-24T06:19:35.000Z,crmid:8961510866,bba971d4-4c74-11ea-8969-b88a60e194fb,prd1088,CDs: 1 year,Investment,Personal,10252.45,1,USD,branchid:11142
bbaaaa74-4c74-11ea-b32c-b88a60e194fb-1,2020-01-25T11:58:50.000Z,crmid:8680605103,bbaaaa74-4c74-11ea-b32c-b88a60e194fb,prd1181,Mortgage: 5/1 ARM,Mortgage,Personal,245526.32,1,USD,branchid:11052
bbabbbca-4c74-11ea-8a59-b88a60e194fb-1,2020-01-29T07:40:44.000Z,crmid:3754774705,bbabbbca-4c74-11ea-8a59-b88a60e194fb,prd1049,Business Brokerage Account,Investment,Business,13814.18,1,USD,branchid:11113
bbad1b52-4c74-11ea-bbfc-b88a60e194fb-1,2020-01-09T23:50:31.000Z,crmid:2481437667,bbad1b52-4c74-11ea-bbfc-b88a60e194fb,prd1181,Mortgage: 5/1 ARM,Mortgage,Personal,14466.2,1,USD,branchid:11146
bbae5552-4c74-11ea-a200-b88a60e194fb-1,2020-01-28T09:48:38.000Z,crmid:9522063824,bbae5552-4c74-11ea-a200-b88a60e194fb,prd1033,Fixed Deposit,Investment,Personal,237556.89,1,USD,branchid:11053
bbaf3e4a-4c74-11ea-912f-b88a60e194fb-1,2020-01-08T19:10:54.000Z,crmid:1757605653,bbaf3e4a-4c74-11ea-912f-b88a60e194fb,prd1176,Overseas Equity Fund,Investment,Personal,3854483.04,1,USD,branchid:11089
bbb04fa4-4c74-11ea-8452-b88a60e194fb-1,2020-01-31T23:04:41.000Z,crmid:8560529808,bbb04fa4-4c74-11ea-8452-b88a60e194fb,prd1175,401k,Retirement,Personal,11356.29,1,USD,branchid:11028
bbb1611c-4c74-11ea-9876-b88a60e194fb-1,2020-01-19T03:48:33.000Z,crmid:1411124408,bbb1611c-4c74-11ea-9876-b88a60e194fb,prd1173,Money Market,Investment,Personal,250194.02,1,USD,branchid:11003
bbb2999c-4c74-11ea-9903-b88a60e194fb-1,2020-01-31T00:30:08.000Z,crmid:3745669092,bbb2999c-4c74-11ea-9903-b88a60e194fb,prd1028,CDs: 1 year,Investment,Personal,245263.82,1,USD,branchid:11068
bc97c94c-4c74-11ea-a75d-b88a60e194fb-1,2020-01-08T22:28:33.000Z,crmid:2479460397,bc97c94c-4c74-11ea-a75d-b88a60e194fb,prd1108,401k,Retirement,Personal,13037.95,1,USD,branchid:11143
bc98b3a6-4c74-11ea-8f61-b88a60e194fb-1,2020-01-29T10:57:39.000Z,crmid:3331668382,bc98b3a6-4c74-11ea-8f61-b88a60e194fb,prd1078,Mortgage: 7/1 ARM,Mortgage,Personal,16763.14,1,USD,branchid:11082
bc999e00-4c74-11ea-912f-b88a60e194fb-1,2020-01-04T21:22:05.000Z,crmid:4917399793,bc999e00-4c74-11ea-912f-b88a60e194fb,prd1024,Mortgage: FHA,Mortgage,Personal,163230.8,1,USD,branchid:11045
bc9aaf42-4c74-11ea-8c82-b88a60e194fb-1,2020-01-09T18:19:04.000Z,crmid:1738008728,bc9aaf42-4c74-11ea-8c82-b88a60e194fb,prd1014,CDs: 3 month,Investment,Personal,19787.62,1,USD,branchid:11124
bc9b99b6-4c74-11ea-ba74-b88a60e194fb-1,2020-01-13T13:49:17.000Z,crmid:2348040330,bc9b99b6-4c74-11ea-ba74-b88a60e194fb,prd1079,Mortgage: 30-yr Fixed,Mortgage,Personal,18845.2,1,USD,branchid:11020
bc9cab4a-4c74-11ea-b1b8-b88a60e194fb-1,2020-01-27T04:13:07.000Z,crmid:5557964306,bc9cab4a-4c74-11ea-b1b8-b88a60e194fb,prd1167,Roth IRA,Retirement,Personal,4002204.09,1,USD,branchid:11004
bc9dbca8-4c74-11ea-8ef6-b88a60e194fb-1,2020-01-13T12:16:24.000Z,crmid:1655435397,bc9dbca8-4c74-11ea-8ef6-b88a60e194fb,prd1121,Mortgage: 30-yr Fixed,Mortgage,Personal,16733.41,1,USD,branchid:11024
bc9e8002-4c74-11ea-b97f-b88a60e194fb-1,2020-01-09T22:43:29.000Z,crmid:5991733971,bc9e8002-4c74-11ea-b97f-b88a60e194fb,prd1173,Money Market,Investment,Personal,12190.92,1,USD,branchid:11053
bc9f9236-4c74-11ea-a700-b88a60e194fb-1,2020-01-06T23:09:41.000Z,crmid:2433761190,bc9f9236-4c74-11ea-a700-b88a60e194fb,prd1045,Mortgage: 10/1 ARM,Mortgage,Personal,19342.32,1,USD,branchid:11029
bca0c9f4-4c74-11ea-893f-b88a60e194fb-1,2020-01-03T06:47:11.000Z,crmid:4415186783,bca0c9f4-4c74-11ea-893f-b88a60e194fb,prd1124,CDs: 5 year,Investment,Personal,10900.78,1,USD,branchid:11001
bca18d3e-4c74-11ea-a64d-b88a60e194fb-1,2020-01-25T13:50:24.000Z,crmid:1961033653,bca18d3e-4c74-11ea-a64d-b88a60e194fb,prd1073,Business Brokerage Account,Investment,Business,14366.11,1,USD,branchid:11087
bca278e4-4c74-11ea-b60f-b88a60e194fb-1,2020-01-13T10:08:45.000Z,crmid:3783905622,bca278e4-4c74-11ea-b60f-b88a60e194fb,prd1184,Fixed Deposit,Investment,Personal,231462.95,1,USD,branchid:11022
bca3b0d2-4c74-11ea-a305-b88a60e194fb-1,2020-01-06T01:39:13.000Z,crmid:6432410608,bca3b0d2-4c74-11ea-a305-b88a60e194fb,prd1068,Mortgage: 7/1 ARM,Mortgage,Personal,218383.4,1,USD,branchid:11025
bca4c224-4c74-11ea-89e2-b88a60e194fb-1,2020-01-30T00:39:56.000Z,crmid:2722132751,bca4c224-4c74-11ea-89e2-b88a60e194fb,prd1172,Employee Stock Purchase Plans,Investment,Personal,9266.46,1,USD,branchid:11080
bca5d302-4c74-11ea-ab0d-b88a60e194fb-1,2020-01-12T00:04:14.000Z,crmid:2575382008,bca5d302-4c74-11ea-ab0d-b88a60e194fb,prd1183,Fixed Deposit,Investment,Personal,102157.16,1,USD,branchid:11032
bd7dbd52-4c74-11ea-87de-b88a60e194fb-1,2020-01-31T08:22:06.000Z,crmid:3914956972,bd7dbd52-4c74-11ea-87de-b88a60e194fb,prd1033,Fixed Deposit,Investment,Personal,5092759.85,1,USD,branchid:11063
bd7f90d4-4c74-11ea-b4fc-b88a60e194fb-1,2020-01-03T20:15:59.000Z,crmid:9156013435,bd7f90d4-4c74-11ea-b4fc-b88a60e194fb,prd1035,Pension Account,Retirement,Personal,195726.97,1,USD,branchid:11039
bd807be4-4c74-11ea-a3cd-b88a60e194fb-1,2020-01-30T04:58:47.000Z,crmid:7304930298,bd807be4-4c74-11ea-a3cd-b88a60e194fb,prd1008,Traditional IRA,Retirement,Personal,14380.63,1,USD,branchid:11113
bd8166ec-4c74-11ea-80b7-b88a60e194fb-1,2020-01-22T11:09:53.000Z,crmid:9843856958,bd8166ec-4c74-11ea-80b7-b88a60e194fb,prd1176,Overseas Equity Fund,Investment,Personal,3046524.39,1,USD,branchid:11099
bd82515a-4c74-11ea-88f2-b88a60e194fb-1,2020-01-20T06:02:06.000Z,crmid:9272904017,bd82515a-4c74-11ea-88f2-b88a60e194fb,prd1125,Mortgage: FHA,Mortgage,Personal,12970.35,1,USD,branchid:11086
bd833a5a-4c74-11ea-b1d2-b88a60e194fb-1,2020-01-24T22:49:07.000Z,crmid:5171077292,bd833a5a-4c74-11ea-b1d2-b88a60e194fb,prd1120,Mortgage: 10/1 ARM,Mortgage,Personal,12939.35,1,USD,branchid:11109
bd8472d4-4c74-11ea-b821-b88a60e194fb-1,2020-01-13T16:10:32.000Z,crmid:7133534904,bd8472d4-4c74-11ea-b821-b88a60e194fb,prd1111,Pension Account,Retirement,Personal,3702472.38,1,USD,branchid:11120
bd855d40-4c74-11ea-86e3-b88a60e194fb-1,2020-01-17T12:47:25.000Z,crmid:2036635617,bd855d40-4c74-11ea-86e3-b88a60e194fb,prd1150,Money Market,Investment,Personal,4812149.47,1,USD,branchid:11018
bd864892-4c74-11ea-b785-b88a60e194fb-1,2020-01-15T19:56:29.000Z,crmid:6436014673,bd864892-4c74-11ea-b785-b88a60e194fb,prd1186,Money Market,Investment,Personal,11985.79,1,USD,branchid:11073
bd873206-4c74-11ea-acc4-b88a60e194fb-1,2020-01-03T09:21:13.000Z,crmid:1183673661,bd873206-4c74-11ea-acc4-b88a60e194fb,prd1150,Money Market,Investment,Personal,8874.26,1,USD,branchid:11118
bd87f692-4c74-11ea-9567-b88a60e194fb-1,2020-01-28T14:01:49.000Z,crmid:6808222160,bd87f692-4c74-11ea-9567-b88a60e194fb,prd1125,Mortgage: FHA,Mortgage,Personal,15142.21,1,USD,branchid:11103
bd892f94-4c74-11ea-af99-b88a60e194fb-1,2020-01-19T09:56:38.000Z,crmid:6021373662,bd892f94-4c74-11ea-af99-b88a60e194fb,prd1184,Fixed Deposit,Investment,Personal,18136.81,1,USD,branchid:11011
bd8a409a-4c74-11ea-86d8-b88a60e194fb-1,2020-01-21T13:21:51.000Z,crmid:2581760731,bd8a409a-4c74-11ea-86d8-b88a60e194fb,prd1124,CDs: 5 year,Investment,Personal,182979.46,1,USD,branchid:11093
bd8b50a2-4c74-11ea-bea7-b88a60e194fb-1,2020-01-19T20:26:54.000Z,crmid:1455504159,bd8b50a2-4c74-11ea-bea7-b88a60e194fb,prd1123,Mortgage: 10 yr Fixed,Mortgage,Personal,13025.23,1,USD,branchid:11105
bd8c3bee-4c74-11ea-9945-b88a60e194fb-1,2020-01-03T18:27:08.000Z,crmid:5399291334,bd8c3bee-4c74-11ea-9945-b88a60e194fb,prd1037,Home Equity Loan,Mortgage,Personal,154792.06,1,USD,branchid:11109
be62ebc2-4c74-11ea-94f1-b88a60e194fb-1,2020-01-11T02:38:19.000Z,crmid:7478529214,be62ebc2-4c74-11ea-94f1-b88a60e194fb,prd1024,Mortgage: FHA,Mortgage,Personal,96148.69,1,USD,branchid:11080
be642418-4c74-11ea-a8e8-b88a60e194fb-1,2020-01-25T12:18:16.000Z,crmid:6457949969,be642418-4c74-11ea-a8e8-b88a60e194fb,prd1176,Overseas Equity Fund,Investment,Personal,192301.02,1,USD,branchid:11031
be650fdc-4c74-11ea-96c3-b88a60e194fb-1,2020-01-19T21:47:53.000Z,crmid:2835851505,be650fdc-4c74-11ea-96c3-b88a60e194fb,prd1028,CDs: 1 year,Investment,Personal,162948.6,1,USD,branchid:11047
be660052-4c74-11ea-9f9a-b88a60e194fb-1,2020-01-28T21:57:51.000Z,crmid:3143859038,be660052-4c74-11ea-9f9a-b88a60e194fb,prd1101,Mortgage: 5/1 ARM,Mortgage,Personal,15026.94,1,USD,branchid:11026
be670a66-4c74-11ea-a4a7-b88a60e194fb-1,2020-01-04T09:25:53.000Z,crmid:1094406108,be670a66-4c74-11ea-a4a7-b88a60e194fb,prd1027,Mortgage: 30-yr Fixed,Mortgage,Personal,15209.9,1,USD,branchid:11129
be681bca-4c74-11ea-930e-b88a60e194fb-1,2020-01-27T00:41:12.000Z,crmid:8176648217,be681bca-4c74-11ea-930e-b88a60e194fb,prd1077,Roth IRA,Retirement,Personal,92485.3,1,USD,branchid:11081
be69542c-4c74-11ea-b840-b88a60e194fb-1,2020-01-26T21:22:48.000Z,crmid:1665648937,be69542c-4c74-11ea-b840-b88a60e194fb,prd1068,Mortgage: 7/1 ARM,Mortgage,Personal,290351.01,1,USD,branchid:11059
be6a8cac-4c74-11ea-b09c-b88a60e194fb-1,2020-01-05T23:59:13.000Z,crmid:6587441795,be6a8cac-4c74-11ea-b09c-b88a60e194fb,prd1186,Money Market,Investment,Personal,12237.44,1,USD,branchid:11033
be6b770a-4c74-11ea-878c-b88a60e194fb-1,2020-01-29T10:16:04.000Z,crmid:2060411089,be6b770a-4c74-11ea-878c-b88a60e194fb,prd1183,Fixed Deposit,Investment,Personal,14237.52,1,USD,branchid:11089
be6caf7a-4c74-11ea-9b82-b88a60e194fb-1,2020-01-06T07:07:01.000Z,crmid:1746837012,be6caf7a-4c74-11ea-9b82-b88a60e194fb,prd1159,CDs: 3 month,Investment,Personal,11782.89,1,USD,branchid:11073
be6dc100-4c74-11ea-88a0-b88a60e194fb-1,2020-01-12T05:35:09.000Z,crmid:7158820982,be6dc100-4c74-11ea-88a0-b88a60e194fb,prd1121,Mortgage: 30-yr Fixed,Mortgage,Personal,3808602.71,1,USD,branchid:11011
be6ef98a-4c74-11ea-933c-b88a60e194fb-1,2020-01-23T04:06:46.000Z,crmid:9156949982,be6ef98a-4c74-11ea-933c-b88a60e194fb,prd1174,Traditional IRA,Retirement,Personal,244916.02,1,USD,branchid:11073
be700c1e-4c74-11ea-b22c-b88a60e194fb-1,2020-01-23T02:45:02.000Z,crmid:9488753420,be700c1e-4c74-11ea-b22c-b88a60e194fb,prd1108,401k,Retirement,Personal,221162.07,1,USD,branchid:11143
be711c6c-4c74-11ea-8057-b88a60e194fb-1,2020-01-08T17:50:08.000Z,crmid:2341222164,be711c6c-4c74-11ea-8057-b88a60e194fb,prd1029,401k,Retirement,Personal,14964.41,1,USD,branchid:11137
be7206ca-4c74-11ea-ab41-b88a60e194fb-1,2020-01-18T23:37:30.000Z,crmid:2152420848,be7206ca-4c74-11ea-ab41-b88a60e194fb,prd1014,CDs: 3 month,Investment,Personal,242268.94,1,USD,branchid:11135
bf536650-4c74-11ea-ae0f-b88a60e194fb-1,2020-01-13T11:39:19.000Z,crmid:1174089348,bf536650-4c74-11ea-ae0f-b88a60e194fb,prd1182,Brokerage Account,Investment,Personal,13432.83,1,USD,branchid:11091
bf54771c-4c74-11ea-8592-b88a60e194fb-1,2020-01-31T12:03:07.000Z,crmid:5343703223,bf54771c-4c74-11ea-8592-b88a60e194fb,prd1032,Home Equity Loan,Mortgage,Personal,238874.98,1,USD,branchid:11027
bf5588a6-4c74-11ea-b34e-b88a60e194fb-1,2020-01-20T00:30:30.000Z,crmid:5004740444,bf5588a6-4c74-11ea-b34e-b88a60e194fb,prd1078,Mortgage: 7/1 ARM,Mortgage,Personal,16322.76,1,USD,branchid:11129
bf567302-4c74-11ea-8dc9-b88a60e194fb-1,2020-01-24T15:42:54.000Z,crmid:8559330215,bf567302-4c74-11ea-8dc9-b88a60e194fb,prd1165,Roth IRA,Retirement,Personal,138070.46,1,USD,branchid:11033
bf575d68-4c74-11ea-998c-b88a60e194fb-1,2020-01-26T06:28:16.000Z,crmid:3952608642,bf575d68-4c74-11ea-998c-b88a60e194fb,prd1129,Mortgage: 10/1 ARM,Mortgage,Personal,13005.37,1,USD,branchid:11003
bf586ef6-4c74-11ea-92fc-b88a60e194fb-1,2020-01-10T14:27:49.000Z,crmid:9491457159,bf586ef6-4c74-11ea-92fc-b88a60e194fb,prd1083,Pension Account,Retirement,Personal,152839.73,1,USD,branchid:11062
bf59592c-4c74-11ea-9d12-b88a60e194fb-1,2020-01-30T06:17:54.000Z,crmid:2000990145,bf59592c-4c74-11ea-9d12-b88a60e194fb,prd1087,Overseas Equity Fund,Investment,Personal,13026.22,1,USD,branchid:11089
bf5a4422-4c74-11ea-9946-b88a60e194fb-1,2020-01-20T12:09:39.000Z,crmid:4800020168,bf5a4422-4c74-11ea-9946-b88a60e194fb,prd1155,CDs: 5 year,Investment,Personal,4099683.24,1,USD,branchid:11073
bf5b54fa-4c74-11ea-8f97-b88a60e194fb-1,2020-01-29T15:41:18.000Z,crmid:2392630163,bf5b54fa-4c74-11ea-8f97-b88a60e194fb,prd1083,Pension Account,Retirement,Personal,251313.93,1,USD,branchid:11119
bf5cb4a6-4c74-11ea-9977-b88a60e194fb-1,2020-01-05T13:18:13.000Z,crmid:4441257595,bf5cb4a6-4c74-11ea-9977-b88a60e194fb,prd1125,Mortgage: FHA,Mortgage,Personal,18310.16,1,USD,branchid:11105
bf5e3b1c-4c74-11ea-897e-b88a60e194fb-1,2020-01-13T01:55:57.000Z,crmid:8415787356,bf5e3b1c-4c74-11ea-897e-b88a60e194fb,prd1155,CDs: 5 year,Investment,Personal,15521.17,1,USD,branchid:11004
bf60ac26-4c74-11ea-8ef8-b88a60e194fb-1,2020-01-01T10:34:28.000Z,crmid:8865038848,bf60ac26-4c74-11ea-8ef8-b88a60e194fb,prd1139,Employee Stock Purchase Plans,Investment,Personal,181668.06,1,USD,branchid:11143
bf619692-4c74-11ea-83d5-b88a60e194fb-1,2020-01-28T10:55:35.000Z,crmid:8943391214,bf619692-4c74-11ea-83d5-b88a60e194fb,prd1013,Mortgage: FHA,Mortgage,Personal,14520.71,1,USD,branchid:11077
bf62cf22-4c74-11ea-9434-b88a60e194fb-1,2020-01-22T16:13:10.000Z,crmid:2203846593,bf62cf22-4c74-11ea-9434-b88a60e194fb,prd1159,CDs: 3 month,Investment,Personal,192858.21,1,USD,branchid:11088
bf639262-4c74-11ea-8a97-b88a60e194fb-1,2020-01-21T22:23:34.000Z,crmid:4854005752,bf639262-4c74-11ea-8a97-b88a60e194fb,prd1124,CDs: 5 year,Investment,Personal,19349.25,1,USD,branchid:11042
c040d41c-4c74-11ea-b70b-b88a60e194fb-1,2020-01-09T08:42:10.000Z,crmid:6145960462,c040d41c-4c74-11ea-b70b-b88a60e194fb,prd1087,Overseas Equity Fund,Investment,Personal,15108.73,1,USD,branchid:11083
c041be0c-4c74-11ea-bc0a-b88a60e194fb-1,2020-01-26T08:08:35.000Z,crmid:1354835474,c041be0c-4c74-11ea-bc0a-b88a60e194fb,prd1111,Pension Account,Retirement,Personal,14205.79,1,USD,branchid:11042
c042f5a8-4c74-11ea-8d9b-b88a60e194fb-1,2020-01-10T01:43:47.000Z,crmid:9178110313,c042f5a8-4c74-11ea-8d9b-b88a60e194fb,prd1167,Roth IRA,Retirement,Personal,277392.71,1,USD,branchid:11051
c043e142-4c74-11ea-abd9-b88a60e194fb-1,2020-01-11T17:03:11.000Z,crmid:9738730603,c043e142-4c74-11ea-abd9-b88a60e194fb,prd1014,CDs: 3 month,Investment,Personal,218569.51,1,USD,branchid:11072
c0451898-4c74-11ea-ac83-b88a60e194fb-1,2020-01-02T18:36:18.000Z,crmid:5879206431,c0451898-4c74-11ea-ac83-b88a60e194fb,prd1153,CDs: 1 year,Investment,Personal,244849.27,1,USD,branchid:11011
c0465248-4c74-11ea-8a71-b88a60e194fb-1,2020-01-17T19:09:42.000Z,crmid:7318790854,c0465248-4c74-11ea-8a71-b88a60e194fb,prd1110,Traditional IRA,Retirement,Personal,225599.3,1,USD,branchid:11040
c047896c-4c74-11ea-ad68-b88a60e194fb-1,2020-01-31T06:47:12.000Z,crmid:3458390054,c047896c-4c74-11ea-ad68-b88a60e194fb,prd1025,Brokerage Account,Investment,Personal,18950.05,1,USD,branchid:11046
c04873ba-4c74-11ea-93fe-b88a60e194fb-1,2020-01-25T21:57:52.000Z,crmid:4117224099,c04873ba-4c74-11ea-93fe-b88a60e194fb,prd1159,CDs: 3 month,Investment,Personal,20120.85,1,USD,branchid:11076
c049ace2-4c74-11ea-a441-b88a60e194fb-1,2020-01-27T01:32:52.000Z,crmid:3726738977,c049ace2-4c74-11ea-a441-b88a60e194fb,prd1123,Mortgage: 10 yr Fixed,Mortgage,Personal,5664.28,1,USD,branchid:11117
c04ae4ee-4c74-11ea-8948-b88a60e194fb-1,2020-01-04T16:48:03.000Z,crmid:5298279676,c04ae4ee-4c74-11ea-8948-b88a60e194fb,prd1101,Mortgage: 5/1 ARM,Mortgage,Personal,12966.11,1,USD,branchid:11131
c04bcf4c-4c74-11ea-a3e3-b88a60e194fb-1,2020-01-12T23:38:47.000Z,crmid:4982500981,c04bcf4c-4c74-11ea-a3e3-b88a60e194fb,prd1046,Mortgage: VA,Mortgage,Personal,234511.2,1,USD,branchid:11001
c071589a-4c74-11ea-bc0d-b88a60e194fb-1,2020-01-08T17:18:26.000Z,crmid:7058337585,c071589a-4c74-11ea-bc0d-b88a60e194fb,prd1173,Money Market,Investment,Personal,17782.96,1,USD,branchid:11078
c074daee-4c74-11ea-8f5c-b88a60e194fb-1,2020-01-28T14:45:26.000Z,crmid:6582415901,c074daee-4c74-11ea-8f5c-b88a60e194fb,prd1153,CDs: 1 year,Investment,Personal,14405.78,1,USD,branchid:11088
c0763a8c-4c74-11ea-a6db-b88a60e194fb-1,2020-01-19T13:45:57.000Z,crmid:1799658725,c0763a8c-4c74-11ea-a6db-b88a60e194fb,prd1064,CDs: 3 month,Investment,Personal,266505.65,1,USD,branchid:11142
c077e82e-4c74-11ea-aec4-b88a60e194fb-1,2020-01-06T19:02:35.000Z,crmid:5338767341,c077e82e-4c74-11ea-aec4-b88a60e194fb,prd1062,Mortgage: VA,Mortgage,Personal,13764.85,1,USD,branchid:11053
c15a31ba-4c74-11ea-9e06-b88a60e194fb-1,2020-01-20T22:35:26.000Z,crmid:2673887460,c15a31ba-4c74-11ea-9e06-b88a60e194fb,prd1182,Brokerage Account,Investment,Personal,180248.35,1,USD,branchid:11100
c15b432c-4c74-11ea-ae3a-b88a60e194fb-1,2020-01-12T20:40:51.000Z,crmid:4639128374,c15b432c-4c74-11ea-ae3a-b88a60e194fb,prd1087,Overseas Equity Fund,Investment,Personal,14578.35,1,USD,branchid:11150
c15c5462-4c74-11ea-a8a8-b88a60e194fb-1,2020-01-09T02:29:56.000Z,crmid:8057227994,c15c5462-4c74-11ea-a8a8-b88a60e194fb,prd1111,Pension Account,Retirement,Personal,12000.93,1,USD,branchid:11096
c15d65c0-4c74-11ea-a518-b88a60e194fb-1,2020-01-08T02:58:23.000Z,crmid:3059567289,c15d65c0-4c74-11ea-a518-b88a60e194fb,prd1083,Pension Account,Retirement,Personal,19338.37,1,USD,branchid:11091
c15e7730-4c74-11ea-a9d4-b88a60e194fb-1,2020-01-30T00:07:48.000Z,crmid:3848678893,c15e7730-4c74-11ea-a9d4-b88a60e194fb,prd1153,CDs: 1 year,Investment,Personal,15301.57,1,USD,branchid:11041
c15f62fa-4c74-11ea-970d-b88a60e194fb-1,2020-01-04T08:51:13.000Z,crmid:4959533810,c15f62fa-4c74-11ea-970d-b88a60e194fb,prd1189,Overseas Equity Fund,Investment,Personal,12322.95,1,USD,branchid:11131
c16025da-4c74-11ea-8b78-b88a60e194fb-1,2020-01-22T13:01:50.000Z,crmid:3761236861,c16025da-4c74-11ea-8b78-b88a60e194fb,prd1184,Fixed Deposit,Investment,Personal,14592.52,1,USD,branchid:11061
c161364a-4c74-11ea-93be-b88a60e194fb-1,2020-01-15T14:07:18.000Z,crmid:1829313132,c161364a-4c74-11ea-93be-b88a60e194fb,prd1153,CDs: 1 year,Investment,Personal,13767.45,1,USD,branchid:11104
c1624936-4c74-11ea-bbf5-b88a60e194fb-1,2020-01-14T03:50:23.000Z,crmid:1342894963,c1624936-4c74-11ea-bbf5-b88a60e194fb,prd1061,Mortgage: 5/1 ARM,Mortgage,Personal,4797751.53,1,USD,branchid:11046
