crmid,city,country,zip,state,street address
crmid:8987553786,Minot,United States,95653,Arkansas,728 Decatur
crmid:8987553786,Cooper City,United States,91604,Nebraska,221 Roach
crmid:8987553786,South Milwaukee,United States,59448,Utah,542 Westside
crmid:8987553786,Herriman,United States,47478,North Dakota,203 Russian Hill
crmid:8987553786,Rancho Mirage,United States,30012,Minnesota,877 Yorba
crmid:8987553786,Venice,United States,55654,North Carolina,774 Rankin
crmid:8987553786,Ogden,United States,77353,Vermont,99 Wheeler
crmid:8987553786,Dixon,United States,18737,Missouri,877 Rosie Lee
crmid:8987553786,Sapulpa,United States,62723,Missouri,1262 Treat
crmid:8987553786,Joplin,United States,20856,South Carolina,1311 Halyburton
crmid:8987553786,Galveston,United States,93052,West Virginia,1091 Tucker
crmid:8987553786,Bellwood,United States,43640,North Carolina,1140 Richland
crmid:8987553786,San Marcos,United States,62923,Nebraska,788 Drummond
crmid:8987553786,Lakeville,United States,93821,Minnesota,306 Palou
crmid:8987553786,Leawood,United States,48425,South Carolina,418 Velasco
crmid:8987553786,Shoreline,United States,49055,Oklahoma,1150 Maynard
crmid:8987553786,Clovis,United States,01282,South Dakota,251 Sibley
crmid:8987553786,Bridgeton,United States,93513,Kansas,506 Stow Lake
crmid:8987553786,Bangor,United States,55432,New Hampshire,468 Melra
crmid:8987553786,Gainesville,United States,76199,Washington,1314 Crane
crmid:8987553786,Mason City,United States,72044,Connecticut,1398 Kennedy
crmid:8987553786,La Habra,United States,41490,New Hampshire,486 Mendosa
crmid:8987553786,San Luis,United States,19016,New Jersey,946 Amazon
crmid:8987553786,Allentown,United States,38445,North Carolina,437 Holland
crmid:8987553786,Seymour,United States,53042,Texas,625 Felix
