email,first_name,last_name
darshi1981@gmail.com,Jorge,Gallagher
exodium2008@gmail.com,Fleta,Long
dentin2000@yandex.com,Darius,Knight
earwig2040@live.com,Eloy,Holder
readiness1981@yahoo.com,Dwight,Bradley
gothish2019@gmail.com,Burl,Jordan
unworshipful2058@yandex.com,Tyron,Battle
distances1839@yahoo.com,Dominica,Fowler
crowds1996@live.com,Christeen,Rivera
agonizing1928@outlook.com,Tyrone,Terry
alboranite1950@outlook.com,Casey,Moran
achira2024@yahoo.com,Rosendo,Tyler
bibiri1879@outlook.com,Cletus,Hahn
severality1977@live.com,Solomon,Craft
dominiqu2067@yahoo.com,Micheal,Kemp
hydroxyurea1979@outlook.com,Taylor,Warren
brennand1914@yandex.com,Cleopatra,Payne
kilts1968@yahoo.com,Irwin,Guthrie
goldfinch2053@outlook.com,Ward,Duncan
toruloid1913@yandex.com,Erwin,Ramos
tuke1850@live.com,Chance,Nash
pleiocene2031@yahoo.com,Ned,Welch
dipterocarpaceae2037@gmail.com,Lorita,Wilcox
ventages2069@outlook.com,Judson,Holland
axiomatic1894@gmail.com,Rob,Eaton
