crmid,email,first_name,last_name,gender,mobile telephone,city,country,zip,state,street address,birthday,historicalpoints
crmid:1221895060,transplace1856@gmail.com,Marguerita,Bentley,female,833-600-3720,San Clemente,United States,23807,Texas,780 Quint,1958-06-02,1212
crmid:7328048939,bongos1826@gmail.com,Kamilah,Conway,female,278-268-9954,Coral Springs,United States,27387,Utah,378 Glover,1950-04-07,2904
crmid:7892636130,tewing2036@yahoo.com,Leslie,Mercer,,917-281-1034,Parkersburg,United States,27096,Maine,442 San Lorenzo,1964-01-26,2044
crmid:6598999238,congregationist1840@gmail.com,Oda,Noel,female,985-902-2107,South Euclid,United States,13002,North Dakota,752 Terrace,1953-12-13,312
crmid:5482253982,belanda1959@yahoo.com,Dorine,Mays,female,150-996-8712,Farmers Branch,United States,13315,Colorado,3 Bliss,1961-03-19,2270
crmid:2556168481,devaluation1858@gmail.com,Melynda,Witt,female,152-424-7495,Clinton,United States,38126,Louisiana,970 Nebraska,1948-06-27,2034
crmid:1509936529,arylate1939@yandex.com,Hien,Skinner,female,394-207-6701,Denison,United States,19345,Tennessee,1028 Pasadena,1954-04-27,2944
crmid:1493809680,tovarish1954@gmail.com,Alex,Finch,male,076-818-8464,Alabaster,United States,00370,Louisiana,1373 Bergen,1930-01-09,301
crmid:9110828714,debenture1975@yahoo.com,Kasi,Nieves,female,050-367-7386,Compton,United States,22540,Mississippi,997 Cecilia,1949-05-21,1489
crmid:3568130985,silicon2052@live.com,Trinity,Aguilar,female,233-538-5168,Coral Springs,United States,57161,Massachusetts,1077 James,1950-09-01,2140
crmid:7411423803,choctaw1969@outlook.com,Zachariah,Meyer,,320-611-8654,Westbrook,United States,31055,Vermont,506 Martinez,1974-03-18,1166
crmid:8265287242,myrmecoid1872@gmail.com,Beau,Campbell,,781-487-4685,Leesburg,United States,65001,West Virginia,1329 Horne,1982-12-15,634
crmid:4399003746,fallacy2046@gmail.com,Hai,Fuentes,,519-896-3830,Michigan City,United States,67579,Maryland,885 Burgoyne,1990-11-29,2580
crmid:9620458883,noblify1941@yahoo.com,Raleigh,Key,,215-988-0454,North Port,United States,85596,South Dakota,995 Saint Germain,1999-09-10,2429
crmid:2716870440,succoring2070@gmail.com,Shayne,O'neill,,787-753-0840,Waukesha,United States,36496,Arkansas,1143 Peters,1971-10-02,2361
crmid:3047438718,damocles2046@live.com,Cedric,Wiggins,male,999-842-2137,Alameda,United States,69406,Utah,1233 Sibley,1930-11-03,1398
crmid:8603237434,cringingly2069@outlook.com,Vincenzo,Dunn,,045-887-0416,Fort Walton Beach,United States,82524,North Dakota,44 Oshaughnessy,1963-09-07,778
crmid:5224238176,slithery1946@live.com,Irvin,Sosa,,476-363-1420,Indian Trail,United States,34882,Nevada,346 Gladeview,1974-06-16,1580
crmid:5180007681,raddle1864@live.com,Kathyrn,Mccall,female,661-604-4867,Cupertino,United States,27416,Tennessee,1041 Fella,1952-05-19,567
crmid:3497125278,bhima2041@gmail.com,Jay,Bell,,109-092-6002,Lindenhurst,United States,17780,Tennessee,1178 Seacliff,1983-03-20,706
crmid:2204573110,terrorized1971@yahoo.com,Hung,Strong,male,759-958-8381,Bethany,United States,27717,New Mexico,1112 Beale,1938-05-28,2177
crmid:3606051571,dingbats2023@yahoo.com,Will,Singleton,male,569-568-8173,Petersburg,United States,86158,Kentucky,191 Ridge,1944-10-27,1208
crmid:9684311411,sparkplugging2007@gmail.com,Joshua,Hancock,male,878-870-3862,Boynton Beach,United States,30487,Arizona,91 Paraiso,1940-06-12,1219
crmid:3551031376,unappeasedness1936@yahoo.com,Dante,Petty,,580-961-6097,Providence,United States,74387,Arkansas,1352 Von Schmidt,1980-07-15,2808
crmid:4103754177,misdeemed2028@yahoo.com,Adolph,Ayers,,380-463-9725,Vestavia Hills,United States,75040,Massachusetts,706 Romolo,1974-01-09,992
crmid:4637389140,decking1808@yandex.com,Ladawn,Reese,female,265-567-8791,Rocklin,United States,27012,Texas,475 Tara,1958-05-24,714
crmid:3246198318,dove1961@yandex.com,Arlean,Hernandez,female,424-217-7094,Safety Harbor,United States,96501,Alabama,830 Lupine,1946-12-21,635
crmid:2558330412,berycomorphi2049@yandex.com,Russell,Cruz,female,017-310-2677,Faribault,United States,74627,Iowa,396 Andover,1961-12-26,1874
crmid:5940732760,eupeptically2029@yandex.com,Flavia,Berry,female,466-565-9483,Chandler,United States,11983,Delaware,1295 Kempton,1946-03-03,596
crmid:3869359821,carlet1883@outlook.com,Alphonse,Dyer,,116-958-5362,Lenexa,United States,27026,Wyoming,970 Edinburgh,1982-05-26,736
crmid:7311284728,phaenogamous1869@outlook.com,Orville,Mullen,,503-984-8807,Wilson,United States,63676,Ohio,280 Amity,1977-08-21,1814
crmid:1281112781,duress1981@yandex.com,Remona,Stanley,female,778-769-7819,Northfield,United States,52843,Virginia,728 Walnut,1999-09-27,2088
crmid:7435784805,guarded2069@yandex.com,Stewart,Gould,,014-079-4224,Shreveport,United States,63332,Wisconsin,1194 Ulloa,1975-07-03,2066
crmid:6941148900,deluxe1884@live.com,Carl,Cote,male,841-196-7026,Portsmouth,United States,02016,Ohio,910 Precita,1939-02-07,2735
crmid:2099271491,slammer1970@yandex.com,Harrison,Ayers,male,673-025-5850,Brownsburg,United States,72159,Utah,1093 Normandie,1942-04-01,2175
crmid:8211207290,oliphant2012@yahoo.com,Margaretta,Mcneil,female,718-798-3743,Rocklin,United States,25385,Louisiana,1292 Excelsior,1960-06-20,362
crmid:5103512251,coyan1967@gmail.com,Clint,Bray,,057-372-1805,Murfreesboro,United States,47103,Massachusetts,1057 Bluestone,1994-07-11,2598
crmid:8702734633,capturer1939@live.com,Refugio,Rich,,535-912-4083,Muskego,United States,21487,Louisiana,967 View,1994-05-10,1380
crmid:3333530352,panicked1993@yahoo.com,Onita,Brady,female,723-102-4746,El Cerrito,United States,37456,Arizona,924 May,1958-07-03,2627
crmid:4742759666,boyar1817@live.com,Dillon,Clark,,765-409-6786,Park Forest,United States,55994,Alaska,349 Dolphin,1992-09-23,2936
crmid:8775589879,rudimentary2023@yahoo.com,Shaunte,Mckinney,female,469-373-8256,East Lansing,United States,84874,New Jersey,1348 Varney,1957-08-19,716
crmid:9478695219,unfeasibleness1946@yandex.com,Davis,Smith,,775-070-0383,Sunrise,United States,41185,West Virginia,1197 Langton,1981-12-06,1828
crmid:8550818116,haddest1898@yandex.com,Treena,Buckley,female,401-970-5189,Duncan,United States,81314,Arizona,887 Cortland,1956-09-04,686
crmid:8486598049,magpie2032@yandex.com,Rodney,Townsend,male,154-019-9986,Parma,United States,18264,Pennsylvania,646 Verdun,1944-08-29,1565
crmid:6886994559,poundage1964@outlook.com,Edgardo,Frost,male,304-291-4949,American Fork,United States,83130,Alabama,914 Pacheco,1932-03-10,2531
crmid:4012460732,thick2032@live.com,Weston,Olsen,male,174-099-6305,Portsmouth,United States,58061,Maryland,1182 Columbus,1996-10-29,1155
crmid:9799265759,burrower2029@gmail.com,Irmgard,Rosales,female,303-638-1965,Twentynine Palms,United States,61724,Kansas,292 Alvarado,1994-03-07,1663
crmid:9227098759,ancestry1821@yandex.com,Cody,Slater,female,765-143-3790,Vero Beach,United States,95818,Arizona,1093 Saint Josephs,1997-09-17,2939
crmid:9223972399,curvilinear1954@yahoo.com,Kayleen,Pennington,female,395-055-8718,Derby,United States,29486,California,5 Morse,1954-05-23,2219
crmid:7900280524,adaptive1923@yahoo.com,Carmina,Waters,female,096-021-1364,Erlanger,United States,02268,Maine,88 Julia,1960-02-10,704
crmid:1288474569,abject1904@gmail.com,Floria,Carpenter,female,076-851-4553,DeKalb,United States,61077,Kentucky,1367 Breen,1953-11-25,2597
crmid:1057504447,delightingly2020@outlook.com,Karl,Anderson,female,924-515-9471,Cranston,United States,25492,Nebraska,1046 Montecito,1951-04-01,332
crmid:5073381102,donohue2017@gmail.com,Gerardo,Mccarthy,,745-424-3062,Houma,United States,14587,Ohio,10 Quincy,1973-03-18,2582
crmid:4385290443,chordate2055@yahoo.com,Sang,Ballard,male,917-332-8400,Centennial,United States,57399,Arkansas,701 Colin,1945-09-02,2175
crmid:5429179463,banaba2051@yandex.com,Zackary,Battle,,112-641-5088,Littleton,United States,22581,Wisconsin,1055 Spofford,1983-04-10,2342
crmid:1787074147,eyeball1826@gmail.com,Hugh,Frank,,198-223-7584,Middletown,United States,59583,Maryland,307 Athens,1990-09-04,1484
crmid:2905320062,credenza1904@gmail.com,Odell,Gay,,991-502-1844,Hastings,United States,24940,Massachusetts,388 Garrison,1970-05-16,513
crmid:4340534903,crabber1954@yahoo.com,Samual,Campbell,,438-104-6828,Prairie Village,United States,24610,Virginia,878 Levant,1966-03-14,1687
crmid:9166326233,comart2046@outlook.com,Mora,Scott,female,950-824-6663,Edmonds,United States,78689,Washington,427 Shore View,1958-07-26,835
crmid:1239951606,bopeep1923@yandex.com,Deja,Moses,female,934-648-7348,Ellensburg,United States,12799,Michigan,850 Mckinnon,1959-02-21,1480
crmid:6241288126,worm1969@live.com,Hollis,Caldwell,male,840-055-5516,Ansonia,United States,27483,Kansas,348 Potomac,1933-05-05,1411
crmid:2786206742,corrigan1909@outlook.com,Clifford,Casey,,119-387-5052,Greeley,United States,69411,Illinois,1030 Clarendon,1968-11-11,1264
crmid:6043999897,eniac1999@yahoo.com,Natalya,Golden,female,762-060-9216,Mundelein,United States,58931,Missouri,1348 Sunbeam,1994-10-07,935
crmid:9244047992,babyface1888@outlook.com,Everette,Whitaker,male,494-361-5131,Apple Valley,United States,19314,Florida,847 Steveloe,1933-04-17,2516
crmid:1758651188,peaceable1914@yandex.com,Adolfo,Wolf,,299-578-7041,San Leandro,United States,95658,New Mexico,9 Brady,1994-06-23,1430
crmid:2527857347,orchestric2019@outlook.com,Kam,Pennington,female,959-744-9126,Palos Hills,United States,91672,Missouri,629 View,1947-04-23,2987
crmid:5207008009,recycled1877@outlook.com,Christopher,Cain,,263-740-5848,Prattville,United States,24061,Delaware,1292 Gladeview,1962-03-14,1925
crmid:3779752353,charrier2027@gmail.com,Hershel,Ferrell,,460-865-2628,Grand Rapids,United States,02287,New York,1252 Quebec,1967-01-09,1392
crmid:7456478306,sensated1805@yandex.com,Britt,Duran,,255-076-0930,Prescott Valley,United States,54012,Utah,839 Hemdale,1995-07-22,2610
crmid:2205611189,enchanter1980@yahoo.com,Taylor,Cleveland,male,989-105-2454,Avondale,United States,88696,Ohio,731 Evans,1935-11-27,1646
crmid:8010520223,ambush2023@outlook.com,Christoper,Hughes,,975-995-4577,Rancho Palos Verdes,United States,34053,Tennessee,1126 Ware,1978-01-16,435
crmid:5516262456,biker1928@outlook.com,Leigha,O'neal,female,205-694-0289,Cerritos,United States,29672,South Carolina,1156 Carr,1946-05-22,1053
crmid:6087560739,zorse1834@live.com,Elmo,Bartlett,,578-149-0671,Lehi,United States,71149,New Jersey,83 Wood,1982-06-04,2494
crmid:9215382659,assentatory1836@live.com,Israel,Tran,,039-240-8385,Leavenworth,United States,41787,Nevada,148 Jefferson,1981-08-16,965
crmid:7298312073,malvasia1855@yandex.com,Ed,Tran,,354-209-6270,McDonough,United States,39831,Massachusetts,1327 Young,1988-06-10,1507
crmid:8863175704,bocoy2047@yandex.com,Carey,Nash,,260-141-6270,Hayward,United States,81666,Georgia,493 Sixth,1970-08-06,2757
crmid:9064353348,animations1991@yahoo.com,Fausto,Avila,,512-319-4143,Stow,United States,20236,Hawaii,418 Vale,1967-07-02,894
crmid:8162171407,azhar2002@outlook.com,Yong,Houston,male,837-964-6924,Anoka,United States,64845,Nevada,873 Graham,1933-11-19,2721
crmid:8906313572,debride1901@yahoo.com,Dwain,Gaines,,165-345-1710,La Verne,United States,42131,South Carolina,1312 Ellis,1979-07-18,316
crmid:9376075366,ringdoves2057@yahoo.com,Jordon,Goodman,male,335-780-2044,Berkeley,United States,83853,Missouri,1133 Missouri,1938-06-12,2894
crmid:1059416485,churchill1865@outlook.com,Issac,Avery,,847-241-0251,Waltham,United States,28831,Louisiana,1191 Ash,1962-09-29,1433
crmid:2567946766,eurytropic1990@outlook.com,Sam,Mcdowell,,298-279-6230,Point Pleasant,United States,58464,North Carolina,762 Whiting,1998-10-14,372
crmid:8338556071,underproduction1846@yandex.com,Tawny,Rowe,female,948-847-8769,Raytown,United States,17087,Colorado,27 Stoneyford,1951-08-25,633
crmid:3777090863,couturier1975@gmail.com,Tish,Livingston,female,692-093-1307,Collinsville,United States,51369,Kansas,1197 Blake,1949-09-17,1848
crmid:6488257010,compellable1802@live.com,Oren,Abbott,,553-607-6096,Newburgh,United States,41440,Ohio,1170 Elwood,1997-07-10,1651
crmid:5581913616,seawant1959@live.com,Marcus,Mcknight,male,231-885-7667,Berwyn,United States,35721,Arkansas,636 Delaware,1938-07-19,2404
crmid:4763777248,penciled2021@gmail.com,Garfield,Mckee,male,435-444-4904,Stevens Point,United States,89802,Utah,1386 Bosworth,1932-04-19,1733
crmid:2727005840,proteides1970@yandex.com,Gabriel,Molina,,979-382-6704,Yorba Linda,United States,31829,Georgia,558 Maryland,1969-04-05,2524
crmid:9335889535,coati1969@gmail.com,Kina,Padilla,female,837-796-5480,Fairfax,United States,20538,Missouri,374 Whitney,1961-05-22,802
crmid:8650056798,hemopathy1991@live.com,Jenise,Leblanc,female,690-770-6577,Santa Maria,United States,26537,Mississippi,1213 Anglo,1960-11-08,947
crmid:1755768562,cuirassed1936@outlook.com,Miguel,Cleveland,,164-806-2926,Gulfport,United States,02964,Pennsylvania,548 Isola,1969-01-30,2770
crmid:3104589324,hydroscopicity2052@outlook.com,Gil,Lamb,,273-607-6036,Mentor,United States,50625,Texas,177 Stanley,1989-09-02,1661
crmid:5464854938,bares1863@gmail.com,Twana,Noel,female,762-307-8404,Christiansburg,United States,66031,Mississippi,308 Jose Sarria,1947-11-17,641
crmid:9287094432,columbic1920@yahoo.com,Manual,Mckee,,307-879-5258,Woodstock,United States,59485,Missouri,526 Lilac,1973-08-23,456
crmid:4281546785,presecuring1840@yandex.com,Gaylord,Dotson,male,086-392-7409,Battle Ground,United States,27057,Maine,623 Martinez,1936-04-08,2837
crmid:3272988062,ragdoll1933@gmail.com,Rhett,Mckinney,,210-381-3172,Flagstaff,United States,25502,Kentucky,286 Octavia,1962-05-19,1254
crmid:3269533254,dreyfuss1821@live.com,Frank,Orr,,107-588-6655,Minneapolis,United States,58742,Washington,1071 Powhattan,1991-09-26,2964
crmid:7302860047,sighless1885@outlook.com,Rodrigo,Hayes,male,872-217-7112,Binghamton,United States,83561,Colorado,1040 Kendall,1939-08-13,2805
crmid:5391348327,sarges1958@outlook.com,Will,Glass,,872-866-3125,Milwaukie,United States,41587,West Virginia,253 Loomis,1991-07-26,1458
crmid:7368023674,commenced1917@outlook.com,Waldo,Hardy,,248-431-0572,South Milwaukee,United States,67992,Oregon,1026 Norwich,1977-05-30,687
crmid:9607681834,recleansing1979@gmail.com,Jackie,Pope,,402-302-0021,Mooresville,United States,04960,South Carolina,234 Miramar,1993-02-01,622
crmid:7263875092,cutline1959@yandex.com,Cletus,Morrison,,007-826-8924,Rocklin,United States,37660,Connecticut,407 Fanning,1973-07-22,1176
crmid:1859171753,swinburnesque1993@yandex.com,Lindsay,Rose,,115-943-6762,Fountain,United States,67238,Georgia,1168 Pennsylvania,1963-12-07,377
crmid:3671363534,alidia2065@outlook.com,Kathline,Turner,female,038-193-7197,Yuma,United States,51869,Rhode Island,365 Tonquin,1999-10-06,2578
crmid:2183228119,batule1889@gmail.com,Jay,Woodward,,365-596-6327,Laramie,United States,19982,Georgia,220 Lundeen,1980-04-15,2188
crmid:2618868147,zebra1908@gmail.com,Leopoldo,Petty,male,084-020-5123,Buena Park,United States,36780,Iowa,1254 Pemberton,1942-06-23,1487
crmid:5661418478,patrist1814@live.com,Leana,Houston,female,576-169-6869,Douglas,United States,86440,Ohio,272 Havelock,1955-11-21,2900
crmid:6606869656,facer2065@yahoo.com,Chris,Bauer,,568-043-9365,Pelham,United States,41602,California,1053 Tonquin,1993-08-04,346
crmid:8174216652,chauffeur1876@outlook.com,Willard,Reyes,,779-237-2385,McMinnville,United States,36765,Kentucky,396 Margaret,1988-06-04,1518
crmid:3855784373,telepathically1939@outlook.com,Donny,Salazar,,185-989-0671,Napa,United States,87747,Rhode Island,906 Joice,1995-06-24,1699
crmid:3426357095,cruche2032@gmail.com,Monte,Underwood,,633-161-9627,West Covina,United States,30087,Washington,515 Saint Francis,1978-01-16,1391
crmid:2511976382,clason2012@live.com,Greg,Carroll,,966-540-5823,Miami Gardens,United States,04164,Missouri,461 Turk,1990-02-01,1389
crmid:8710467100,utterancy1863@outlook.com,Deangelo,Graves,,315-350-1338,Mequon,United States,16930,Delaware,712 Pomona,1989-02-05,1856
crmid:8822614686,limbate1927@outlook.com,Diego,Boyer,,086-560-0987,Junction City,United States,93905,Nebraska,2 Canby,1976-06-05,1626
crmid:1129281187,asleep1883@live.com,Geoffrey,Burke,,888-225-1126,Iowa City,United States,28246,New Mexico,267 Normandie,1974-05-19,2904
crmid:6134854765,jocosities1874@yahoo.com,Trudi,Mcmahon,female,680-267-7360,Duncanville,United States,53786,Kansas,1082 Aerial,1956-09-19,663
crmid:5527430970,lepargylic1899@yandex.com,Pok,Caldwell,female,287-436-8135,Dania Beach,United States,41513,Louisiana,501 Sheridan,1952-07-05,2703
crmid:4707435977,decil2066@live.com,Glendora,Duffy,female,278-755-3635,Delaware,United States,14527,Wyoming,1211 Sylvan,1954-03-08,2809
crmid:2708657799,paradise2037@live.com,Abraham,Foley,,884-235-7503,Hilton Head Island,United States,89325,New Jersey,164 Barnard,1972-08-31,2864
crmid:2218896004,polymythic1998@gmail.com,Frederick,Miles,male,225-732-8303,Beverly,United States,20796,Connecticut,1060 Leidesdorff,1939-04-20,1628
crmid:1174069042,metaluminic1994@yahoo.com,Alita,Cervantes,female,264-625-2658,San Antonio,United States,10915,Kentucky,1005 Paradise,1952-12-01,1142
crmid:3583631985,tapir2008@yahoo.com,Gordon,Petty,male,349-190-9232,Azusa,United States,23434,Hawaii,144 J,1935-04-23,2874
crmid:2077040421,netchilik1818@outlook.com,Kazuko,Trevino,female,192-530-0237,Columbia Heights,United States,25019,Louisiana,709 Roanoke,1949-05-29,2297
crmid:5767856350,pilastrade1899@live.com,Macie,Ellison,female,448-065-6395,Crest Hill,United States,34679,Tennessee,160 Encinal,1951-06-09,865
crmid:1459840823,ramentiferous1941@live.com,Osvaldo,Roth,male,252-799-6055,Bonney Lake,United States,49487,Louisiana,575 Persia,1940-08-25,1685
crmid:4934680852,caprice1837@gmail.com,Oswaldo,Franks,,391-456-7642,Laramie,United States,24400,Missouri,102 Brice,1980-04-27,2149
crmid:3681593374,stagonospora1962@yahoo.com,Jarod,Hall,,690-302-4003,Hilliard,United States,52333,Massachusetts,1293 Leavenworth,1972-10-19,557
crmid:9962241642,discus1833@outlook.com,Jesse,Morgan,male,317-253-0178,Vernon Hills,United States,08654,California,789 Rice,1941-05-21,1690
crmid:4607859711,normoblastic1858@live.com,Faviola,Sosa,female,106-107-7372,Danville,United States,98429,New Hampshire,273 Lowell,1953-03-27,1281
crmid:7073863652,arming2040@outlook.com,Romeo,Ortiz,,728-733-1027,New Hope,United States,37486,Oregon,1198 Sawyer,1996-06-18,2629
crmid:7111316124,curcuma1842@gmail.com,Merlin,Marks,,260-343-1452,Rancho Cordova,United States,42379,Colorado,159 Horne,1988-02-09,1938
crmid:5788405645,bodier1997@yandex.com,Rolando,Bennett,male,312-478-5585,Annapolis,United States,80215,Idaho,127 Hooker,1933-08-02,813
crmid:7504529023,mosks1926@live.com,Eleni,Carlson,female,062-758-0625,St. Marys,United States,21186,Montana,1205 Annie,1961-03-05,732
crmid:2646344595,quarts1945@yahoo.com,Tyson,Galloway,,338-117-8490,Leawood,United States,45536,Maine,715 Forest Hill,1981-07-20,796
crmid:5127446281,devious1892@yahoo.com,Lindsey,Hudson,,579-049-6911,Taylor,United States,72754,Illinois,1253 Fairfield,1965-04-29,486
crmid:8024879222,thanking2069@yandex.com,Nathanial,Flowers,,745-391-8225,Little Elm,United States,71321,North Dakota,940 Hugo,1983-12-17,1386
crmid:8515485128,bobcat2015@yahoo.com,Hayden,Pickett,,912-793-2259,Upper Arlington,United States,27523,Nebraska,1124 Cottage,1964-08-18,818
crmid:6109535252,misunderstandable2060@gmail.com,Porter,Shepherd,,205-441-1623,Newburgh,United States,52815,New Hampshire,598 Acorn,1997-10-26,2979
crmid:8199840817,thanking2021@live.com,Antone,Bullock,,389-763-8824,Harvey,United States,67251,New York,1121 Filbert,1970-11-20,1297
crmid:2979159161,demised1851@yahoo.com,Doug,Guthrie,,241-038-2907,Pawtucket,United States,74537,Maine,206 Cunningham,1992-07-04,2751
crmid:8952908333,abiezer1873@yahoo.com,Ferdinand,Bonner,,278-184-7016,Steubenville,United States,47100,Massachusetts,914 Devonshire,1991-09-24,389
crmid:8858699772,orthodox2064@gmail.com,Carmen,Estrada,,637-999-7204,Rock Island,United States,48780,Tennessee,1315 Atoll,1983-04-27,737
crmid:1668393960,hoops1931@yandex.com,Andres,Gould,,953-444-3726,Wooster,United States,48843,Connecticut,710 Ignacio,1986-06-27,1571
crmid:9225726257,pyrrhic1937@outlook.com,Ashley,Horne,,042-280-1887,Union City,United States,26800,North Carolina,549 Chula,1967-10-03,1068
crmid:4894102723,daylights1954@yahoo.com,Reid,Wiley,,581-676-9070,Wentzville,United States,55468,Colorado,529 Santa Marina,1997-08-30,2988
crmid:4509602599,earlier2013@outlook.com,Phil,Witt,male,186-821-7290,Redlands,United States,04595,Iowa,1324 Ecker,1938-08-31,1612
crmid:3862574872,dziemian1902@yandex.com,Emmitt,Matthews,,965-540-2071,Joplin,United States,93851,Illinois,223 Worcester,1976-06-11,2770
crmid:7266477942,publicness1938@yandex.com,Carter,Talley,male,620-252-2675,Burton,United States,06922,South Carolina,613 Southwood,1943-02-28,1796
crmid:8161027513,clitia2023@yandex.com,Lon,Moss,male,338-854-8118,Ann Arbor,United States,66779,Colorado,383 Parque,1932-11-12,1768
crmid:8317294896,multibreak1803@outlook.com,Ali,Montgomery,,749-089-8992,Phenix City,United States,74396,Missouri,1360 Verdi,1987-08-13,1025
crmid:6744528245,unpostulated1880@live.com,Darrel,Steele,,717-056-5113,Morgan Hill,United States,49678,Ohio,1235 Dutch Windmill Access,1993-07-25,1100
crmid:4959629395,amick1997@outlook.com,Alton,Lloyd,,792-436-8316,San Bernardino,United States,27455,Wyoming,183 Oneida,1966-06-23,1587
crmid:3504811481,oversowed1832@yandex.com,Brett,Alvarez,,124-852-1796,Jacksonville Beach,United States,25917,Virginia,888 Brady,1975-04-06,379
crmid:8357972152,diccon1890@outlook.com,Hosea,Moss,,368-587-3294,Muscatine,United States,69083,South Carolina,1304 Iris,1994-11-22,1302
crmid:4605706151,stelic1874@yahoo.com,Eldon,Wheeler,,669-239-4904,Portage,United States,85428,Minnesota,298 Lusk,1995-07-07,1347
crmid:9994722284,cocooned1949@yandex.com,Larry,Valentine,female,699-546-5630,South El Monte,United States,26627,Rhode Island,198 Landers,1960-11-28,1794
crmid:9236524362,dachshund1859@outlook.com,Melynda,Orr,female,871-957-5292,East Providence,United States,36066,Texas,81 De Haro,1957-06-22,873
crmid:6414863998,disembroilment1890@outlook.com,Keila,Rodgers,female,510-754-2829,Corcoran,United States,57571,Vermont,241 Carrie,1950-10-09,1219
crmid:1704514035,able1926@outlook.com,Michaele,Ferrell,female,452-308-1953,Corinth,United States,36124,Ohio,1175 Hernandez,1950-06-09,2082
crmid:2556453283,ceratins1871@gmail.com,Jamaal,Roberts,,673-216-0578,Golden,United States,88967,Wisconsin,395 Canby,1966-09-27,2201
crmid:3177285016,craze1912@live.com,Jess,Wall,,481-891-5173,Shelton,United States,91097,Iowa,978 Jefferson,1980-03-08,2411
crmid:2689588224,fidejussion1906@yandex.com,Raleigh,Faulkner,male,460-326-0096,West Lafayette,United States,02228,New York,1376 Bercut Access,1932-08-09,2600
crmid:5889420131,skims2019@yahoo.com,Dewayne,Mann,,823-148-0544,Key West,United States,94661,Ohio,238 Linares,1977-01-15,2568
crmid:1781452064,barclay1937@gmail.com,Lino,Bryan,,150-936-2870,Pearland,United States,33330,Louisiana,357 Kenwood,1968-07-30,1849
crmid:3465916921,aphotic1957@outlook.com,Gale,Drake,male,097-698-3517,Alsip,United States,25993,Colorado,62 Wentworth,1931-04-08,2771
crmid:6036610273,chankings1810@live.com,Jeremy,Sykes,,934-233-2490,Haverhill,United States,02283,Alaska,385 Rebecca,1970-01-03,2930
crmid:4427403600,painterly1938@yandex.com,Irwin,Green,male,132-791-5262,Ottumwa,United States,03008,New York,992 Goldberg,1937-05-12,1698
crmid:1849544962,comart2006@live.com,Freeman,Larson,,886-445-4748,Greenacres,United States,98224,Montana,948 Simonds,1968-09-29,1682
crmid:3403253153,tenant2051@yahoo.com,Walker,Mcpherson,,250-723-5177,Lake Oswego,United States,96253,Oklahoma,212 Spring,1980-03-21,1296
crmid:6388102830,carlett1869@outlook.com,Louie,Griffith,female,141-600-0015,West Chester,United States,55734,Colorado,1004 El Verano,1998-09-05,2070
crmid:3240368086,premunire1867@gmail.com,Emilio,Jacobson,male,260-533-6860,Brownsburg,United States,18612,Tennessee,755 Argonaut,1942-03-15,2439
crmid:2210150528,zappiest1977@gmail.com,Paris,Kelly,,725-498-4295,New Britain,United States,25760,New Hampshire,115 Shoup,1996-05-28,2829
crmid:3850595704,unsquirming1899@yahoo.com,Arden,Abbott,male,600-332-2628,Bristol,United States,03591,Pennsylvania,1222 Alert,1941-01-01,1943
crmid:3160966342,snowshoe1868@gmail.com,Sherwood,Mayo,male,218-426-3363,Winona,United States,88505,Florida,555 Wood,1936-09-19,1161
crmid:3054248449,ringtailed1906@outlook.com,Mark,Daniels,,786-736-0617,Wilkes-Barre,United States,62648,Missouri,1224 Goettingen,1967-12-22,941
crmid:7931042108,septs1808@yandex.com,Allen,Jordan,male,215-869-1448,Springville,United States,00197,Hawaii,589 Todd,1933-01-16,2820
crmid:4024546366,demarch1876@yandex.com,Merlin,Watson,male,327-208-1637,Norco,United States,50982,Arizona,1157 Lansing,1998-10-27,1438
crmid:1281369368,alveolarly1838@yahoo.com,Freddy,Baird,,054-807-0088,Midlothian,United States,37230,California,113 West View,1990-06-15,369
crmid:2200208801,abrasive1923@gmail.com,Willis,Stokes,,063-535-5686,Massapequa Park,United States,07814,Georgia,625 La Playa,1988-01-11,1209
crmid:9374896109,iguana2047@outlook.com,Willene,Ford,female,732-416-6556,Concord,United States,56295,New Mexico,680 Spring,1950-10-20,1604
crmid:8173384643,swankiness2007@yahoo.com,Edyth,Cherry,female,238-719-4780,Dearborn Heights,United States,18886,Arizona,936 Hattie,1953-03-06,532
crmid:8512223739,canto1930@outlook.com,Carlita,Hammond,female,506-946-5131,Edina,United States,05774,Massachusetts,68 Acadia,1958-02-12,2478
crmid:6300806679,nonangling2027@yahoo.com,Bong,Cochran,female,755-042-3687,Chino,United States,81638,New Mexico,847 Charles,1947-01-06,1005
crmid:2818962868,citral1925@yahoo.com,Darnell,Roach,,795-757-2867,Rapid City,United States,44772,Alaska,54 Knockash,1985-08-14,2505
crmid:1338637101,baronesses1908@outlook.com,Shawnda,Wyatt,female,738-007-3127,West Haven,United States,19690,Oklahoma,602 Gibbon,1948-08-24,1963
crmid:1986685951,malarkeys1886@live.com,Kirstie,Browning,female,675-881-7440,East Ridge,United States,92121,Utah,1005 Pomona,1957-05-04,700
crmid:9895893493,antarctical1912@yahoo.com,Casey,Ortega,male,460-070-6196,Brandon,United States,90320,Montana,128 Long Bridge,1941-02-22,2231
crmid:5856539635,neuter1842@yahoo.com,Senaida,Scott,female,809-151-1148,Wilmette,United States,24370,Michigan,388 Ada,1957-08-26,317
crmid:9010422567,kwashiorkor1922@gmail.com,Riva,Barber,female,011-987-6353,Eden Prairie,United States,90699,Kansas,133 Giants,1957-07-02,1094
crmid:8325984788,coccids1921@live.com,Shon,Alvarez,,498-721-9425,Grand Island,United States,00758,Pennsylvania,792 Havenside,1967-02-15,1457
crmid:5478811642,charmian2054@live.com,Marquis,Estrada,,296-933-0177,Manhattan Beach,United States,44276,Tennessee,1334 Maddux,1986-08-05,2496
crmid:2724782603,trichogrammatidae1854@yandex.com,Arthur,Martin,female,028-210-0799,East Moline,United States,89076,Connecticut,508 Arlington,1957-11-19,1114
crmid:6231947504,daaboul1872@yahoo.com,Diego,Hartman,,958-428-5438,Hoover,United States,17392,Georgia,632 Lupine,1973-04-16,1640
crmid:6031926399,pommies1874@outlook.com,Dong,Simmons,,874-063-1508,Wildwood,United States,55327,Tennessee,574 Wills,1975-05-09,650
crmid:7891432449,fluffs1869@yandex.com,Robbi,Dillard,female,513-552-0826,Noblesville,United States,14191,Pennsylvania,265 Tonquin,1997-03-26,2055
crmid:6126918350,proteides1863@yahoo.com,Morris,Tate,male,606-468-7809,Arroyo Grande,United States,48881,Alaska,858 Buckingham,1934-07-28,2981
crmid:6804545426,ingots1809@yahoo.com,Marcel,Gonzalez,male,045-187-2797,Vista,United States,90306,Arizona,1217 Baker,1939-07-11,1891
crmid:2259260869,sensoparalysis1861@gmail.com,Faustino,Morales,,760-279-6141,Ocala,United States,34201,Montana,945 Chattanooga,1968-05-15,2203
crmid:7286319433,crinoids1888@live.com,Jaquelyn,Gaines,female,220-660-8213,Petaluma,United States,13660,Alabama,301 Brookdale,1955-04-11,2399
crmid:7977310937,curver1820@outlook.com,Minta,Jones,female,188-420-0686,Fargo,United States,74053,California,318 Sibley,1961-06-16,1601
