{"_id": "e6ca2f52-53c8-11ea-8465-b88a60e194fb", "timestamp": "2020-01-09T09:13:17.000Z", "eventType": "transaction", "_adobeamericaspot3": {"CRMID": "crmid:3154821128", "orderDetails": {"orderID": "orderid:443053", "reservationid": "YGL-5JH5", "orderType": "mobile"}}}
{"_id": "e6cb19b6-53c8-11ea-ad43-b88a60e194fb", "timestamp": "2019-12-06T11:48:09.000Z", "eventType": "transaction", "_adobeamericaspot3": {"CRMID": "crmid:9459456830", "orderDetails": {"orderID": "orderid:398527", "reservationid": "LEN-DHSO", "orderType": "website"}}}
{"_id": "e6cc2b22-53c8-11ea-98fd-b88a60e194fb", "timestamp": "2020-01-03T17:05:48.000Z", "eventType": "transaction", "_adobeamericaspot3": {"CRMID": "crmid:2257756943", "orderDetails": {"orderID": "orderid:422532", "reservationid": "SMZ-NLXY", "orderType": "mobile"}}}
{"_id": "e6ccee70-53c8-11ea-b8b9-b88a60e194fb", "timestamp": "2020-02-10T14:05:42.000Z", "eventType": "transaction", "_adobeamericaspot3": {"CRMID": "crmid:4526077137", "orderDetails": {"orderID": "orderid:975687", "reservationid": "BXD-Z1VU", "orderType": "kiosk"}}}
{"_id": "e6cdb1ba-53c8-11ea-8c1c-b88a60e194fb", "timestamp": "2019-12-20T00:02:01.000Z", "eventType": "transaction", "_adobeamericaspot3": {"CRMID": "crmid:6747361690", "orderDetails": {"orderID": "orderid:686813", "reservationid": "RWQ-5TZK", "orderType": "website"}}}
{"_id": "e6ce9c24-53c8-11ea-9d0e-b88a60e194fb", "timestamp": "2020-01-18T11:06:27.000Z", "eventType": "transaction", "_adobeamericaspot3": {"CRMID": "crmid:8247267500", "orderDetails": {"orderID": "orderid:712420", "reservationid": "3IP-TOAT", "orderType": "website"}}}
{"_id": "e6cf5ff8-53c8-11ea-839c-b88a60e194fb", "timestamp": "2019-12-23T01:02:15.000Z", "eventType": "transaction", "_adobeamericaspot3": {"CRMID": "crmid:9572710018", "orderDetails": {"orderID": "orderid:976565", "reservationid": "CHX-ZOSE", "orderType": "website"}}}
{"_id": "e6d049d2-53c8-11ea-b844-b88a60e194fb", "timestamp": "2020-01-27T07:13:53.000Z", "eventType": "transaction", "_adobeamericaspot3": {"CRMID": "crmid:8542474585", "orderDetails": {"orderID": "orderid:628615", "reservationid": "QFT-EX7Y", "orderType": "call center"}}}
{"_id": "e6d10d1e-53c8-11ea-8148-b88a60e194fb", "timestamp": "2020-01-31T23:34:19.000Z", "eventType": "transaction", "_adobeamericaspot3": {"CRMID": "crmid:2247809840", "orderDetails": {"orderID": "orderid:628264", "reservationid": "6YF-HHQ3", "orderType": "mobile"}}}
{"_id": "e6d1d06e-53c8-11ea-ae4d-b88a60e194fb", "timestamp": "2020-01-01T09:21:47.000Z", "eventType": "transaction", "_adobeamericaspot3": {"CRMID": "crmid:5521554312", "orderDetails": {"orderID": "orderid:795393", "reservationid": "L04-HD95", "orderType": "website"}}}
{"_id": "e6d2bae2-53c8-11ea-8662-b88a60e194fb", "timestamp": "2019-12-19T05:23:50.000Z", "eventType": "transaction", "_adobeamericaspot3": {"CRMID": "crmid:3597913751", "orderDetails": {"orderID": "orderid:339793", "reservationid": "BG2-V3JN", "orderType": "website"}}}
{"_id": "e6d3a53a-53c8-11ea-99f3-b88a60e194fb", "timestamp": "2020-01-21T09:19:36.000Z", "eventType": "transaction", "_adobeamericaspot3": {"CRMID": "crmid:4207563743", "orderDetails": {"orderID": "orderid:676057", "reservationid": "XXE-KPTH", "orderType": "website"}}}
{"_id": "e6d4b6a6-53c8-11ea-9d7a-b88a60e194fb", "timestamp": "2019-12-13T10:09:10.000Z", "eventType": "transaction", "_adobeamericaspot3": {"CRMID": "crmid:3851355380", "orderDetails": {"orderID": "orderid:497732", "reservationid": "76D-JT5J", "orderType": "website"}}}
{"_id": "e6d5a114-53c8-11ea-87fb-b88a60e194fb", "timestamp": "2019-12-30T01:37:01.000Z", "eventType": "transaction", "_adobeamericaspot3": {"CRMID": "crmid:4008909996", "orderDetails": {"orderID": "orderid:245061", "reservationid": "OP1-BIAN", "orderType": "website"}}}
{"_id": "e6d68b70-53c8-11ea-bff9-b88a60e194fb", "timestamp": "2020-01-04T23:25:47.000Z", "eventType": "transaction", "_adobeamericaspot3": {"CRMID": "crmid:1678858246", "orderDetails": {"orderID": "orderid:321249", "reservationid": "KN4-NNCN", "orderType": "call center"}}}
{"_id": "e6d79cda-53c8-11ea-82e9-b88a60e194fb", "timestamp": "2020-01-14T14:53:30.000Z", "eventType": "transaction", "_adobeamericaspot3": {"CRMID": "crmid:7853500084", "orderDetails": {"orderID": "orderid:742209", "reservationid": "BTF-SU33", "orderType": "website"}}}
{"_id": "e6d86028-53c8-11ea-b643-b88a60e194fb", "timestamp": "2020-02-11T09:11:44.000Z", "eventType": "transaction", "_adobeamericaspot3": {"CRMID": "crmid:3820442354", "orderDetails": {"orderID": "orderid:526906", "reservationid": "QEV-K45V", "orderType": "call center"}}}
{"_id": "e6d9237a-53c8-11ea-91f4-b88a60e194fb", "timestamp": "2020-01-20T08:32:00.000Z", "eventType": "transaction", "_adobeamericaspot3": {"CRMID": "crmid:6081006661", "orderDetails": {"orderID": "orderid:680499", "reservationid": "MUK-STBB", "orderType": "website"}}}
{"_id": "e6dc09dc-53c8-11ea-bec9-b88a60e194fb", "timestamp": "2019-12-23T16:57:36.000Z", "eventType": "transaction", "_adobeamericaspot3": {"CRMID": "crmid:2982984530", "orderDetails": {"orderID": "orderid:906231", "reservationid": "0RO-98C1", "orderType": "call center"}}}
{"_id": "e6dccd26-53c8-11ea-85bf-b88a60e194fb", "timestamp": "2020-02-07T04:59:43.000Z", "eventType": "transaction", "_adobeamericaspot3": {"CRMID": "crmid:7220694307", "orderDetails": {"orderID": "orderid:823328", "reservationid": "R6M-WR5A", "orderType": "service desk"}}}
{"_id": "e6ddb77a-53c8-11ea-9570-b88a60e194fb", "timestamp": "2020-01-17T07:04:48.000Z", "eventType": "transaction", "_adobeamericaspot3": {"CRMID": "crmid:5409333527", "orderDetails": {"orderID": "orderid:241897", "reservationid": "YPK-2RNJ", "orderType": "website"}}}
{"_id": "e6de7ad8-53c8-11ea-9e8d-b88a60e194fb", "timestamp": "2020-01-28T09:15:40.000Z", "eventType": "transaction", "_adobeamericaspot3": {"CRMID": "crmid:3719733446", "orderDetails": {"orderID": "orderid:472449", "reservationid": "FYE-SE88", "orderType": "kiosk"}}}
{"_id": "e6df6528-53c8-11ea-9a63-b88a60e194fb", "timestamp": "2020-02-02T00:59:21.000Z", "eventType": "transaction", "_adobeamericaspot3": {"CRMID": "crmid:9480615351", "orderDetails": {"orderID": "orderid:821154", "reservationid": "EOC-X8VP", "orderType": "kiosk"}}}
{"_id": "e6e07740-53c8-11ea-a9ba-b88a60e194fb", "timestamp": "2019-12-20T01:14:17.000Z", "eventType": "transaction", "_adobeamericaspot3": {"CRMID": "crmid:2267904201", "orderDetails": {"orderID": "orderid:146754", "reservationid": "NFP-WAAG", "orderType": "website"}}}
{"_id": "e6e160f4-53c8-11ea-9300-b88a60e194fb", "timestamp": "2020-01-24T03:14:58.000Z", "eventType": "transaction", "_adobeamericaspot3": {"CRMID": "crmid:5500554604", "orderDetails": {"orderID": "orderid:758731", "reservationid": "3NE-0Q4T", "orderType": "kiosk"}}}
{"_id": "e6e2244a-53c8-11ea-87ca-b88a60e194fb", "timestamp": "2020-01-26T09:51:57.000Z", "eventType": "transaction", "_adobeamericaspot3": {"CRMID": "crmid:5352081777", "orderDetails": {"orderID": "orderid:771553", "reservationid": "LZY-C6Q8", "orderType": "website"}}}
{"_id": "e6e2e79a-53c8-11ea-8867-b88a60e194fb", "timestamp": "2020-01-16T03:03:53.000Z", "eventType": "transaction", "_adobeamericaspot3": {"CRMID": "crmid:3338263208", "orderDetails": {"orderID": "orderid:347044", "reservationid": "DOO-UIA9", "orderType": "call center"}}}
{"_id": "e6e3d202-53c8-11ea-95e7-b88a60e194fb", "timestamp": "2020-01-05T19:03:22.000Z", "eventType": "transaction", "_adobeamericaspot3": {"CRMID": "crmid:4786508706", "orderDetails": {"orderID": "orderid:676051", "reservationid": "CJX-Y1C6", "orderType": "service desk"}}}
{"_id": "e6e4bc5c-53c8-11ea-b451-b88a60e194fb", "timestamp": "2019-12-20T09:59:49.000Z", "eventType": "transaction", "_adobeamericaspot3": {"CRMID": "crmid:4688341304", "orderDetails": {"orderID": "orderid:887258", "reservationid": "T7W-HMVO", "orderType": "mobile"}}}
{"_id": "e6e57fac-53c8-11ea-a87c-b88a60e194fb", "timestamp": "2019-12-08T20:16:58.000Z", "eventType": "transaction", "_adobeamericaspot3": {"CRMID": "crmid:3574859165", "orderDetails": {"orderID": "orderid:203380", "reservationid": "BTG-JGEI", "orderType": "call center"}}}
{"_id": "e6e64300-53c8-11ea-bd7f-b88a60e194fb", "timestamp": "2020-01-20T19:54:13.000Z", "eventType": "transaction", "_adobeamericaspot3": {"CRMID": "crmid:6314429936", "orderDetails": {"orderID": "orderid:434419", "reservationid": "UHY-SYA5", "orderType": "kiosk"}}}
{"_id": "e6e72d5c-53c8-11ea-a505-b88a60e194fb", "timestamp": "2020-01-15T06:02:48.000Z", "eventType": "transaction", "_adobeamericaspot3": {"CRMID": "crmid:7342256616", "orderDetails": {"orderID": "orderid:874013", "reservationid": "6PH-IRNN", "orderType": "kiosk"}}}
{"_id": "e6e7f0ae-53c8-11ea-819e-b88a60e194fb", "timestamp": "2020-02-14T23:52:00.000Z", "eventType": "transaction", "_adobeamericaspot3": {"CRMID": "crmid:1121043454", "orderDetails": {"orderID": "orderid:300956", "reservationid": "VFY-PSAB", "orderType": "website"}}}
{"_id": "e6e9292c-53c8-11ea-ba77-b88a60e194fb", "timestamp": "2019-12-29T00:40:25.000Z", "eventType": "transaction", "_adobeamericaspot3": {"CRMID": "crmid:5090975937", "orderDetails": {"orderID": "orderid:379282", "reservationid": "FQR-OELZ", "orderType": "website"}}}
{"_id": "e6ea1388-53c8-11ea-a23d-b88a60e194fb", "timestamp": "2019-12-25T02:20:39.000Z", "eventType": "transaction", "_adobeamericaspot3": {"CRMID": "crmid:3005585653", "orderDetails": {"orderID": "orderid:702706", "reservationid": "6XK-JJZU", "orderType": "kiosk"}}}
{"_id": "e6ead6d8-53c8-11ea-b03c-b88a60e194fb", "timestamp": "2020-02-15T10:29:06.000Z", "eventType": "transaction", "_adobeamericaspot3": {"CRMID": "crmid:9928248056", "orderDetails": {"orderID": "orderid:535561", "reservationid": "EWN-GG1S", "orderType": "kiosk"}}}
{"_id": "e6eb9a28-53c8-11ea-a6dd-b88a60e194fb", "timestamp": "2019-12-30T00:16:34.000Z", "eventType": "transaction", "_adobeamericaspot3": {"CRMID": "crmid:3067941600", "orderDetails": {"orderID": "orderid:949440", "reservationid": "9W9-3CKD", "orderType": "mobile"}}}
{"_id": "e6ec5d7e-53c8-11ea-ba3d-b88a60e194fb", "timestamp": "2019-12-17T09:02:44.000Z", "eventType": "transaction", "_adobeamericaspot3": {"CRMID": "crmid:7749024444", "orderDetails": {"orderID": "orderid:666502", "reservationid": "D3U-TRZB", "orderType": "website"}}}
{"_id": "e6ed47c8-53c8-11ea-b7e9-b88a60e194fb", "timestamp": "2020-01-18T16:34:11.000Z", "eventType": "transaction", "_adobeamericaspot3": {"CRMID": "crmid:1436628319", "orderDetails": {"orderID": "orderid:317677", "reservationid": "VXR-RR2E", "orderType": "kiosk"}}}
{"_id": "e6ee323a-53c8-11ea-b99b-b88a60e194fb", "timestamp": "2019-12-06T08:46:09.000Z", "eventType": "transaction", "_adobeamericaspot3": {"CRMID": "crmid:8442229189", "orderDetails": {"orderID": "orderid:749483", "reservationid": "CPE-4TFB", "orderType": "website"}}}
{"_id": "e6eef658-53c8-11ea-acc1-b88a60e194fb", "timestamp": "2020-01-10T11:31:24.000Z", "eventType": "transaction", "_adobeamericaspot3": {"CRMID": "crmid:9461090004", "orderDetails": {"orderID": "orderid:834847", "reservationid": "LLB-JL5C", "orderType": "call center"}}}
{"_id": "e6efb8dc-53c8-11ea-94e0-b88a60e194fb", "timestamp": "2020-01-22T19:40:51.000Z", "eventType": "transaction", "_adobeamericaspot3": {"CRMID": "crmid:2163405889", "orderDetails": {"orderID": "orderid:663961", "reservationid": "DAM-R5PR", "orderType": "kiosk"}}}
{"_id": "e6f0a33a-53c8-11ea-a2f6-b88a60e194fb", "timestamp": "2019-12-24T08:28:11.000Z", "eventType": "transaction", "_adobeamericaspot3": {"CRMID": "crmid:8670363607", "orderDetails": {"orderID": "orderid:748892", "reservationid": "DBC-XGMO", "orderType": "website"}}}
{"_id": "e6f1668a-53c8-11ea-9d13-b88a60e194fb", "timestamp": "2020-01-30T16:59:37.000Z", "eventType": "transaction", "_adobeamericaspot3": {"CRMID": "crmid:7732116470", "orderDetails": {"orderID": "orderid:960353", "reservationid": "ZWR-DZWK", "orderType": "service desk"}}}
{"_id": "e6f29f08-53c8-11ea-91a1-b88a60e194fb", "timestamp": "2019-12-11T14:56:53.000Z", "eventType": "transaction", "_adobeamericaspot3": {"CRMID": "crmid:1847842597", "orderDetails": {"orderID": "orderid:265243", "reservationid": "XPN-JOY7", "orderType": "service desk"}}}
{"_id": "e6f3625e-53c8-11ea-850b-b88a60e194fb", "timestamp": "2019-12-18T09:56:57.000Z", "eventType": "transaction", "_adobeamericaspot3": {"CRMID": "crmid:7521314157", "orderDetails": {"orderID": "orderid:857447", "reservationid": "FDL-FCWI", "orderType": "mobile"}}}
{"_id": "e6f473cc-53c8-11ea-ac68-b88a60e194fb", "timestamp": "2020-02-07T23:05:12.000Z", "eventType": "transaction", "_adobeamericaspot3": {"CRMID": "crmid:7421508186", "orderDetails": {"orderID": "orderid:823045", "reservationid": "UNA-ZCMZ", "orderType": "mobile"}}}
{"_id": "e6f53724-53c8-11ea-b71e-b88a60e194fb", "timestamp": "2020-02-07T15:53:57.000Z", "eventType": "transaction", "_adobeamericaspot3": {"CRMID": "crmid:7396681418", "orderDetails": {"orderID": "orderid:957077", "reservationid": "7EB-U20C", "orderType": "call center"}}}
{"_id": "e6f5fa6c-53c8-11ea-8cff-b88a60e194fb", "timestamp": "2020-02-02T05:55:01.000Z", "eventType": "transaction", "_adobeamericaspot3": {"CRMID": "crmid:9062457124", "orderDetails": {"orderID": "orderid:520199", "reservationid": "GTD-VSG9", "orderType": "service desk"}}}
{"_id": "e6f6e4d0-53c8-11ea-90e1-b88a60e194fb", "timestamp": "2019-12-29T03:51:27.000Z", "eventType": "transaction", "_adobeamericaspot3": {"CRMID": "crmid:1249781075", "orderDetails": {"orderID": "orderid:293367", "reservationid": "9DK-ZH5T", "orderType": "website"}}}
{"_id": "e6f7cf28-53c8-11ea-b2ec-b88a60e194fb", "timestamp": "2019-12-26T08:22:14.000Z", "eventType": "transaction", "_adobeamericaspot3": {"CRMID": "crmid:5126485900", "orderDetails": {"orderID": "orderid:386513", "reservationid": "AF5-PULR", "orderType": "website"}}}
{"_id": "e6f8b98c-53c8-11ea-ae66-b88a60e194fb", "timestamp": "2019-12-02T23:58:05.000Z", "eventType": "transaction", "_adobeamericaspot3": {"CRMID": "crmid:7497749995", "orderDetails": {"orderID": "orderid:180257", "reservationid": "NSM-2HUB", "orderType": "mobile"}}}
{"_id": "e6f97cde-53c8-11ea-9d1d-b88a60e194fb", "timestamp": "2020-02-06T08:24:28.000Z", "eventType": "transaction", "_adobeamericaspot3": {"CRMID": "crmid:3174504291", "orderDetails": {"orderID": "orderid:471282", "reservationid": "QNS-1XGS", "orderType": "mobile"}}}
{"_id": "e6fa4028-53c8-11ea-8092-b88a60e194fb", "timestamp": "2019-12-31T06:22:06.000Z", "eventType": "transaction", "_adobeamericaspot3": {"CRMID": "crmid:5749685367", "orderDetails": {"orderID": "orderid:814713", "reservationid": "LCL-2GXF", "orderType": "website"}}}
{"_id": "e6fb789e-53c8-11ea-99b3-b88a60e194fb", "timestamp": "2019-12-24T20:06:27.000Z", "eventType": "transaction", "_adobeamericaspot3": {"CRMID": "crmid:5966300635", "orderDetails": {"orderID": "orderid:918564", "reservationid": "4WY-FIZX", "orderType": "call center"}}}
{"_id": "e6fb9fba-53c8-11ea-9d5e-b88a60e194fb", "timestamp": "2019-12-27T00:00:00.000Z", "eventType": "transaction", "_adobeamericaspot3": {"CRMID": "crmid:5966300635", "orderDetails": {"orderID": "orderid:392058", "reservationid": "GOL-VCOB", "orderType": "service desk"}}}
{"_id": "e6fc6310-53c8-11ea-9fdc-b88a60e194fb", "timestamp": "2019-12-06T07:45:20.000Z", "eventType": "transaction", "_adobeamericaspot3": {"CRMID": "crmid:1250712375", "orderDetails": {"orderID": "orderid:488616", "reservationid": "UID-MCU7", "orderType": "call center"}}}
{"_id": "e6fd265c-53c8-11ea-babd-b88a60e194fb", "timestamp": "2020-02-08T03:05:52.000Z", "eventType": "transaction", "_adobeamericaspot3": {"CRMID": "crmid:3072470454", "orderDetails": {"orderID": "orderid:508104", "reservationid": "OBY-MYZZ", "orderType": "kiosk"}}}
{"_id": "e6fde9ae-53c8-11ea-8781-b88a60e194fb", "timestamp": "2020-01-08T08:14:49.000Z", "eventType": "transaction", "_adobeamericaspot3": {"CRMID": "crmid:5789547428", "orderDetails": {"orderID": "orderid:871615", "reservationid": "WBP-WT3G", "orderType": "website"}}}
{"_id": "e6fed3e8-53c8-11ea-a819-b88a60e194fb", "timestamp": "2019-12-02T17:52:45.000Z", "eventType": "transaction", "_adobeamericaspot3": {"CRMID": "crmid:7687589843", "orderDetails": {"orderID": "orderid:932840", "reservationid": "RNZ-YKGR", "orderType": "call center"}}}
{"_id": "e6fefaf8-53c8-11ea-848c-b88a60e194fb", "timestamp": "2019-12-07T00:00:00.000Z", "eventType": "transaction", "_adobeamericaspot3": {"CRMID": "crmid:7687589843", "orderDetails": {"orderID": "orderid:140699", "reservationid": "98Q-RFJB", "orderType": "service desk"}}}
{"_id": "e6ffbe4a-53c8-11ea-85d4-b88a60e194fb", "timestamp": "2020-02-02T14:28:03.000Z", "eventType": "transaction", "_adobeamericaspot3": {"CRMID": "crmid:8008819572", "orderDetails": {"orderID": "orderid:586250", "reservationid": "2AU-OSME", "orderType": "website"}}}
{"_id": "e700819a-53c8-11ea-a889-b88a60e194fb", "timestamp": "2019-12-24T16:30:30.000Z", "eventType": "transaction", "_adobeamericaspot3": {"CRMID": "crmid:3319059223", "orderDetails": {"orderID": "orderid:382176", "reservationid": "BPK-5BDJ", "orderType": "mobile"}}}
{"_id": "e70144e8-53c8-11ea-9b25-b88a60e194fb", "timestamp": "2020-01-12T10:27:37.000Z", "eventType": "transaction", "_adobeamericaspot3": {"CRMID": "crmid:7509094580", "orderDetails": {"orderID": "orderid:315163", "reservationid": "P1X-RFSI", "orderType": "kiosk"}}}
{"_id": "e7022f4a-53c8-11ea-9a2a-b88a60e194fb", "timestamp": "2020-02-06T09:17:14.000Z", "eventType": "transaction", "_adobeamericaspot3": {"CRMID": "crmid:6131050270", "orderDetails": {"orderID": "orderid:546339", "reservationid": "TVR-FWQQ", "orderType": "call center"}}}
{"_id": "e702f29c-53c8-11ea-ac8b-b88a60e194fb", "timestamp": "2020-01-17T23:50:57.000Z", "eventType": "transaction", "_adobeamericaspot3": {"CRMID": "crmid:8044860355", "orderDetails": {"orderID": "orderid:327237", "reservationid": "MTH-ND6R", "orderType": "service desk"}}}
{"_id": "e703b5ec-53c8-11ea-ba0f-b88a60e194fb", "timestamp": "2020-01-30T02:21:45.000Z", "eventType": "transaction", "_adobeamericaspot3": {"CRMID": "crmid:9996781025", "orderDetails": {"orderID": "orderid:943116", "reservationid": "SRT-M52W", "orderType": "kiosk"}}}
{"_id": "e704eee2-53c8-11ea-b876-b88a60e194fb", "timestamp": "2019-12-29T07:05:20.000Z", "eventType": "transaction", "_adobeamericaspot3": {"CRMID": "crmid:7027989807", "orderDetails": {"orderID": "orderid:832271", "reservationid": "O7L-RL67", "orderType": "kiosk"}}}
{"_id": "e705b1b8-53c8-11ea-bd9f-b88a60e194fb", "timestamp": "2020-02-08T20:43:36.000Z", "eventType": "transaction", "_adobeamericaspot3": {"CRMID": "crmid:6657639407", "orderDetails": {"orderID": "orderid:415423", "reservationid": "LC0-UIFQ", "orderType": "kiosk"}}}
{"_id": "e706765c-53c8-11ea-8234-b88a60e194fb", "timestamp": "2020-01-23T02:28:58.000Z", "eventType": "transaction", "_adobeamericaspot3": {"CRMID": "crmid:3307081581", "orderDetails": {"orderID": "orderid:730078", "reservationid": "SBW-L5LW", "orderType": "call center"}}}
{"_id": "e70739dc-53c8-11ea-9e21-b88a60e194fb", "timestamp": "2019-12-20T10:36:03.000Z", "eventType": "transaction", "_adobeamericaspot3": {"CRMID": "crmid:2262173044", "orderDetails": {"orderID": "orderid:694526", "reservationid": "CSQ-0WTI", "orderType": "mobile"}}}
{"_id": "e70739dd-53c8-11ea-803d-b88a60e194fb", "timestamp": "2019-12-24T00:00:00.000Z", "eventType": "transaction", "_adobeamericaspot3": {"CRMID": "crmid:2262173044", "orderDetails": {"orderID": "orderid:996021", "reservationid": "HSH-YLT8", "orderType": "call center"}}}
{"_id": "e707fd0c-53c8-11ea-ae2e-b88a60e194fb", "timestamp": "2019-12-11T11:43:33.000Z", "eventType": "transaction", "_adobeamericaspot3": {"CRMID": "crmid:3625017248", "orderDetails": {"orderID": "orderid:826860", "reservationid": "X4D-76OG", "orderType": "website"}}}
{"_id": "e708c038-53c8-11ea-8c17-b88a60e194fb", "timestamp": "2020-01-25T19:03:43.000Z", "eventType": "transaction", "_adobeamericaspot3": {"CRMID": "crmid:2098187174", "orderDetails": {"orderID": "orderid:494475", "reservationid": "IBS-PWCY", "orderType": "mobile"}}}
{"_id": "e709a9ee-53c8-11ea-836a-b88a60e194fb", "timestamp": "2020-02-15T21:55:27.000Z", "eventType": "transaction", "_adobeamericaspot3": {"CRMID": "crmid:8699343939", "orderDetails": {"orderID": "orderid:284274", "reservationid": "BEL-JRN6", "orderType": "mobile"}}}
{"_id": "e70a6e08-53c8-11ea-ab68-b88a60e194fb", "timestamp": "2020-01-17T19:55:44.000Z", "eventType": "transaction", "_adobeamericaspot3": {"CRMID": "crmid:8231212444", "orderDetails": {"orderID": "orderid:865244", "reservationid": "2AH-RSVA", "orderType": "mobile"}}}
{"_id": "e70b313a-53c8-11ea-a0e5-b88a60e194fb", "timestamp": "2019-12-05T01:15:10.000Z", "eventType": "transaction", "_adobeamericaspot3": {"CRMID": "crmid:1113720389", "orderDetails": {"orderID": "orderid:765774", "reservationid": "H8K-LWRM", "orderType": "website"}}}
{"_id": "e70bf4ae-53c8-11ea-91ce-b88a60e194fb", "timestamp": "2019-12-07T15:32:08.000Z", "eventType": "transaction", "_adobeamericaspot3": {"CRMID": "crmid:8374945606", "orderDetails": {"orderID": "orderid:367275", "reservationid": "WNM-HZT4", "orderType": "website"}}}
{"_id": "e70f01f6-53c8-11ea-b416-b88a60e194fb", "timestamp": "2020-01-19T00:50:35.000Z", "eventType": "transaction", "_adobeamericaspot3": {"CRMID": "crmid:7262813700", "orderDetails": {"orderID": "orderid:876650", "reservationid": "62U-D1BL", "orderType": "kiosk"}}}
{"_id": "e70fec3e-53c8-11ea-b679-b88a60e194fb", "timestamp": "2020-01-02T18:51:19.000Z", "eventType": "transaction", "_adobeamericaspot3": {"CRMID": "crmid:8856182105", "orderDetails": {"orderID": "orderid:394131", "reservationid": "UDR-RZ7Y", "orderType": "call center"}}}
{"_id": "e710d6a8-53c8-11ea-bf8b-b88a60e194fb", "timestamp": "2020-01-24T21:34:59.000Z", "eventType": "transaction", "_adobeamericaspot3": {"CRMID": "crmid:2249953895", "orderDetails": {"orderID": "orderid:435603", "reservationid": "ZIK-R9W1", "orderType": "kiosk"}}}
{"_id": "e71199fa-53c8-11ea-8f2c-b88a60e194fb", "timestamp": "2019-12-01T23:25:30.000Z", "eventType": "transaction", "_adobeamericaspot3": {"CRMID": "crmid:2465582934", "orderDetails": {"orderID": "orderid:493014", "reservationid": "JAB-VOLE", "orderType": "website"}}}
{"_id": "e7125d46-53c8-11ea-a744-b88a60e194fb", "timestamp": "2020-01-12T15:26:45.000Z", "eventType": "transaction", "_adobeamericaspot3": {"CRMID": "crmid:9563332473", "orderDetails": {"orderID": "orderid:262721", "reservationid": "8CZ-6OGQ", "orderType": "website"}}}
{"_id": "e713209c-53c8-11ea-b687-b88a60e194fb", "timestamp": "2019-12-08T15:57:12.000Z", "eventType": "transaction", "_adobeamericaspot3": {"CRMID": "crmid:5262411732", "orderDetails": {"orderID": "orderid:962746", "reservationid": "CWP-M2FS", "orderType": "website"}}}
{"_id": "e7140b02-53c8-11ea-8294-b88a60e194fb", "timestamp": "2019-12-22T21:36:38.000Z", "eventType": "transaction", "_adobeamericaspot3": {"CRMID": "crmid:6690226701", "orderDetails": {"orderID": "orderid:904714", "reservationid": "KAY-OYDI", "orderType": "kiosk"}}}
{"_id": "e714f426-53c8-11ea-bf70-b88a60e194fb", "timestamp": "2020-02-13T10:08:26.000Z", "eventType": "transaction", "_adobeamericaspot3": {"CRMID": "crmid:6165280167", "orderDetails": {"orderID": "orderid:633689", "reservationid": "QMM-DXAY", "orderType": "kiosk"}}}
{"_id": "e715de7e-53c8-11ea-9cb1-b88a60e194fb", "timestamp": "2020-01-27T04:47:44.000Z", "eventType": "transaction", "_adobeamericaspot3": {"CRMID": "crmid:5021093789", "orderDetails": {"orderID": "orderid:813525", "reservationid": "XQU-7WAT", "orderType": "website"}}}
{"_id": "e716a1cc-53c8-11ea-99e7-b88a60e194fb", "timestamp": "2020-01-15T11:31:03.000Z", "eventType": "transaction", "_adobeamericaspot3": {"CRMID": "crmid:2882032926", "orderDetails": {"orderID": "orderid:607731", "reservationid": "AB2-C5JS", "orderType": "mobile"}}}
{"_id": "e7178bfe-53c8-11ea-ad11-b88a60e194fb", "timestamp": "2020-01-26T22:26:50.000Z", "eventType": "transaction", "_adobeamericaspot3": {"CRMID": "crmid:3431747723", "orderDetails": {"orderID": "orderid:576652", "reservationid": "RDQ-J9YE", "orderType": "mobile"}}}
{"_id": "e718c478-53c8-11ea-a604-b88a60e194fb", "timestamp": "2019-12-22T20:35:45.000Z", "eventType": "transaction", "_adobeamericaspot3": {"CRMID": "crmid:5805899852", "orderDetails": {"orderID": "orderid:850952", "reservationid": "LO7-XZFM", "orderType": "call center"}}}
{"_id": "e71987d2-53c8-11ea-a436-b88a60e194fb", "timestamp": "2020-01-30T04:41:03.000Z", "eventType": "transaction", "_adobeamericaspot3": {"CRMID": "crmid:7516778170", "orderDetails": {"orderID": "orderid:989218", "reservationid": "VGZ-GZS8", "orderType": "kiosk"}}}
{"_id": "e71a4b1c-53c8-11ea-94a9-b88a60e194fb", "timestamp": "2020-01-29T11:34:58.000Z", "eventType": "transaction", "_adobeamericaspot3": {"CRMID": "crmid:7428386029", "orderDetails": {"orderID": "orderid:336797", "reservationid": "NJA-T7PC", "orderType": "mobile"}}}
{"_id": "e71b0e68-53c8-11ea-a089-b88a60e194fb", "timestamp": "2020-01-01T18:33:03.000Z", "eventType": "transaction", "_adobeamericaspot3": {"CRMID": "crmid:2521807743", "orderDetails": {"orderID": "orderid:372578", "reservationid": "HXV-0E0I", "orderType": "kiosk"}}}
{"_id": "e71bf8cc-53c8-11ea-a615-b88a60e194fb", "timestamp": "2019-12-25T16:01:50.000Z", "eventType": "transaction", "_adobeamericaspot3": {"CRMID": "crmid:3645194207", "orderDetails": {"orderID": "orderid:333217", "reservationid": "IKL-XYF8", "orderType": "kiosk"}}}
{"_id": "e71cbc1e-53c8-11ea-866a-b88a60e194fb", "timestamp": "2019-12-30T12:59:08.000Z", "eventType": "transaction", "_adobeamericaspot3": {"CRMID": "crmid:6088461709", "orderDetails": {"orderID": "orderid:385936", "reservationid": "SUH-B1Y8", "orderType": "kiosk"}}}
{"_id": "e71da680-53c8-11ea-90e5-b88a60e194fb", "timestamp": "2019-12-18T13:31:34.000Z", "eventType": "transaction", "_adobeamericaspot3": {"CRMID": "crmid:5243659093", "orderDetails": {"orderID": "orderid:519579", "reservationid": "9ZZ-7L6A", "orderType": "service desk"}}}
{"_id": "e71e69d0-53c8-11ea-b349-b88a60e194fb", "timestamp": "2020-01-21T11:12:21.000Z", "eventType": "transaction", "_adobeamericaspot3": {"CRMID": "crmid:8232092407", "orderDetails": {"orderID": "orderid:422752", "reservationid": "20H-QFJY", "orderType": "service desk"}}}
{"_id": "e71f5430-53c8-11ea-ae13-b88a60e194fb", "timestamp": "2020-01-03T03:43:50.000Z", "eventType": "transaction", "_adobeamericaspot3": {"CRMID": "crmid:3654772325", "orderDetails": {"orderID": "orderid:564778", "reservationid": "HY6-KIEL", "orderType": "kiosk"}}}
{"_id": "e7201780-53c8-11ea-9619-b88a60e194fb", "timestamp": "2020-01-26T16:14:24.000Z", "eventType": "transaction", "_adobeamericaspot3": {"CRMID": "crmid:6831253984", "orderDetails": {"orderID": "orderid:380953", "reservationid": "EHB-4YVE", "orderType": "website"}}}
{"_id": "e720dafa-53c8-11ea-a059-b88a60e194fb", "timestamp": "2019-12-02T04:12:40.000Z", "eventType": "transaction", "_adobeamericaspot3": {"CRMID": "crmid:7090582091", "orderDetails": {"orderID": "orderid:238372", "reservationid": "ZPE-GW21", "orderType": "kiosk"}}}
{"_id": "e722137e-53c8-11ea-83f3-b88a60e194fb", "timestamp": "2020-01-14T20:57:38.000Z", "eventType": "transaction", "_adobeamericaspot3": {"CRMID": "crmid:7051255323", "orderDetails": {"orderID": "orderid:891774", "reservationid": "C18-W5G0", "orderType": "kiosk"}}}
{"_id": "e722fdc6-53c8-11ea-9dcd-b88a60e194fb", "timestamp": "2020-01-22T06:39:46.000Z", "eventType": "transaction", "_adobeamericaspot3": {"CRMID": "crmid:7056572693", "orderDetails": {"orderID": "orderid:225136", "reservationid": "1WK-SS77", "orderType": "kiosk"}}}
{"_id": "e723c128-53c8-11ea-9bc9-b88a60e194fb", "timestamp": "2020-01-04T20:56:08.000Z", "eventType": "transaction", "_adobeamericaspot3": {"CRMID": "crmid:4378747264", "orderDetails": {"orderID": "orderid:217880", "reservationid": "HDT-S3XJ", "orderType": "kiosk"}}}
{"_id": "e724ab90-53c8-11ea-8eaa-b88a60e194fb", "timestamp": "2020-01-11T15:47:21.000Z", "eventType": "transaction", "_adobeamericaspot3": {"CRMID": "crmid:3326292783", "orderDetails": {"orderID": "orderid:254663", "reservationid": "NHB-YQ4I", "orderType": "kiosk"}}}
{"_id": "e7256edc-53c8-11ea-9f49-b88a60e194fb", "timestamp": "2020-02-04T19:42:03.000Z", "eventType": "transaction", "_adobeamericaspot3": {"CRMID": "crmid:1353562173", "orderDetails": {"orderID": "orderid:160942", "reservationid": "BI8-GLVM", "orderType": "mobile"}}}
{"_id": "e7265940-53c8-11ea-816d-b88a60e194fb", "timestamp": "2020-01-17T03:58:07.000Z", "eventType": "transaction", "_adobeamericaspot3": {"CRMID": "crmid:2721358823", "orderDetails": {"orderID": "orderid:390266", "reservationid": "ZAN-NFBJ", "orderType": "kiosk"}}}
{"_id": "e7274398-53c8-11ea-a804-b88a60e194fb", "timestamp": "2020-01-21T23:36:51.000Z", "eventType": "transaction", "_adobeamericaspot3": {"CRMID": "crmid:2943285160", "orderDetails": {"orderID": "orderid:930909", "reservationid": "PKZ-MKDM", "orderType": "website"}}}
{"_id": "e7285524-53c8-11ea-803d-b88a60e194fb", "timestamp": "2019-12-31T15:21:25.000Z", "eventType": "transaction", "_adobeamericaspot3": {"CRMID": "crmid:2984245268", "orderDetails": {"orderID": "orderid:365588", "reservationid": "PTQ-XXET", "orderType": "website"}}}
{"_id": "e729667e-53c8-11ea-b935-b88a60e194fb", "timestamp": "2020-01-16T16:17:40.000Z", "eventType": "transaction", "_adobeamericaspot3": {"CRMID": "crmid:7633432066", "orderDetails": {"orderID": "orderid:958419", "reservationid": "NMI-EYW6", "orderType": "kiosk"}}}
{"_id": "e72a50e2-53c8-11ea-bbe2-b88a60e194fb", "timestamp": "2019-12-18T20:44:46.000Z", "eventType": "transaction", "_adobeamericaspot3": {"CRMID": "crmid:2486008660", "orderDetails": {"orderID": "orderid:927455", "reservationid": "CBW-EPAA", "orderType": "website"}}}
{"_id": "e72a791c-53c8-11ea-844c-b88a60e194fb", "timestamp": "2019-12-23T00:00:00.000Z", "eventType": "transaction", "_adobeamericaspot3": {"CRMID": "crmid:2486008660", "orderDetails": {"orderID": "orderid:761694", "reservationid": "SBH-XWE8", "orderType": "website"}}}
{"_id": "e72aa04c-53c8-11ea-8822-b88a60e194fb", "timestamp": "2019-12-29T00:00:00.000Z", "eventType": "transaction", "_adobeamericaspot3": {"CRMID": "crmid:2486008660", "orderDetails": {"orderID": "orderid:618704", "reservationid": "RTQ-MMIH", "orderType": "call center"}}}
{"_id": "e72bd8b0-53c8-11ea-b588-b88a60e194fb", "timestamp": "2019-12-11T03:53:37.000Z", "eventType": "transaction", "_adobeamericaspot3": {"CRMID": "crmid:3921258282", "orderDetails": {"orderID": "orderid:733808", "reservationid": "F7N-UY9O", "orderType": "kiosk"}}}
{"_id": "e72d114a-53c8-11ea-a2c0-b88a60e194fb", "timestamp": "2020-01-11T12:00:41.000Z", "eventType": "transaction", "_adobeamericaspot3": {"CRMID": "crmid:5991005967", "orderDetails": {"orderID": "orderid:768745", "reservationid": "ZKP-FVTK", "orderType": "mobile"}}}
{"_id": "e72dd48a-53c8-11ea-8375-b88a60e194fb", "timestamp": "2020-02-01T20:53:40.000Z", "eventType": "transaction", "_adobeamericaspot3": {"CRMID": "crmid:9564398207", "orderDetails": {"orderID": "orderid:219876", "reservationid": "BYK-74CR", "orderType": "kiosk"}}}
{"_id": "e72ebef8-53c8-11ea-a70b-b88a60e194fb", "timestamp": "2020-02-12T03:59:34.000Z", "eventType": "transaction", "_adobeamericaspot3": {"CRMID": "crmid:1436024456", "orderDetails": {"orderID": "orderid:931402", "reservationid": "EZK-NKUE", "orderType": "website"}}}
{"_id": "e72fd074-53c8-11ea-a718-b88a60e194fb", "timestamp": "2020-01-18T21:52:47.000Z", "eventType": "transaction", "_adobeamericaspot3": {"CRMID": "crmid:3759318983", "orderDetails": {"orderID": "orderid:770982", "reservationid": "LLQ-FRNH", "orderType": "call center"}}}
{"_id": "e730e1c8-53c8-11ea-8848-b88a60e194fb", "timestamp": "2019-12-10T23:52:34.000Z", "eventType": "transaction", "_adobeamericaspot3": {"CRMID": "crmid:8691614883", "orderDetails": {"orderID": "orderid:519104", "reservationid": "WPN-LBIY", "orderType": "website"}}}
{"_id": "e731cc1e-53c8-11ea-b08e-b88a60e194fb", "timestamp": "2020-01-21T05:27:36.000Z", "eventType": "transaction", "_adobeamericaspot3": {"CRMID": "crmid:1807728830", "orderDetails": {"orderID": "orderid:354780", "reservationid": "JIJ-RDVJ", "orderType": "website"}}}
{"_id": "e732dd94-53c8-11ea-b98d-b88a60e194fb", "timestamp": "2020-02-01T12:09:07.000Z", "eventType": "transaction", "_adobeamericaspot3": {"CRMID": "crmid:4967821321", "orderDetails": {"orderID": "orderid:190514", "reservationid": "AEN-2BTY", "orderType": "website"}}}
{"_id": "e733c800-53c8-11ea-bd1e-b88a60e194fb", "timestamp": "2019-12-03T09:33:29.000Z", "eventType": "transaction", "_adobeamericaspot3": {"CRMID": "crmid:2237625515", "orderDetails": {"orderID": "orderid:176548", "reservationid": "MAC-TWGJ", "orderType": "website"}}}
{"_id": "e734d962-53c8-11ea-8a0d-b88a60e194fb", "timestamp": "2020-01-19T07:05:13.000Z", "eventType": "transaction", "_adobeamericaspot3": {"CRMID": "crmid:1800144978", "orderDetails": {"orderID": "orderid:167402", "reservationid": "6YU-WHIG", "orderType": "website"}}}
{"_id": "e7361080-53c8-11ea-bc73-b88a60e194fb", "timestamp": "2019-12-20T06:46:49.000Z", "eventType": "transaction", "_adobeamericaspot3": {"CRMID": "crmid:9837821983", "orderDetails": {"orderID": "orderid:791955", "reservationid": "FU2-FQSG", "orderType": "website"}}}
{"_id": "e7385a68-53c8-11ea-b194-b88a60e194fb", "timestamp": "2020-01-29T16:39:52.000Z", "eventType": "transaction", "_adobeamericaspot3": {"CRMID": "crmid:1395101273", "orderDetails": {"orderID": "orderid:426384", "reservationid": "DAX-WHZV", "orderType": "call center"}}}
{"_id": "e73a087e-53c8-11ea-ae3f-b88a60e194fb", "timestamp": "2019-12-31T15:25:03.000Z", "eventType": "transaction", "_adobeamericaspot3": {"CRMID": "crmid:7568529910", "orderDetails": {"orderID": "orderid:164378", "reservationid": "UDS-DIML", "orderType": "call center"}}}
{"_id": "e73c2af4-53c8-11ea-9ead-b88a60e194fb", "timestamp": "2019-12-01T10:41:12.000Z", "eventType": "transaction", "_adobeamericaspot3": {"CRMID": "crmid:3828580784", "orderDetails": {"orderID": "orderid:684563", "reservationid": "4KA-C3RB", "orderType": "website"}}}
{"_id": "e73db192-53c8-11ea-8952-b88a60e194fb", "timestamp": "2020-02-14T12:26:40.000Z", "eventType": "transaction", "_adobeamericaspot3": {"CRMID": "crmid:8022042491", "orderDetails": {"orderID": "orderid:360683", "reservationid": "FRZ-BZV2", "orderType": "call center"}}}
{"_id": "e74022a6-53c8-11ea-8ca6-b88a60e194fb", "timestamp": "2019-12-20T07:30:52.000Z", "eventType": "transaction", "_adobeamericaspot3": {"CRMID": "crmid:2966542773", "orderDetails": {"orderID": "orderid:109082", "reservationid": "4CI-CNE9", "orderType": "mobile"}}}
{"_id": "e7410d18-53c8-11ea-a5b7-b88a60e194fb", "timestamp": "2019-12-25T06:52:33.000Z", "eventType": "transaction", "_adobeamericaspot3": {"CRMID": "crmid:3974664202", "orderDetails": {"orderID": "orderid:862012", "reservationid": "CPU-9IIE", "orderType": "kiosk"}}}
{"_id": "e7426c86-53c8-11ea-bcb7-b88a60e194fb", "timestamp": "2020-01-11T18:20:32.000Z", "eventType": "transaction", "_adobeamericaspot3": {"CRMID": "crmid:4469239271", "orderDetails": {"orderID": "orderid:168756", "reservationid": "T0S-WGIJ", "orderType": "kiosk"}}}
{"_id": "e743cc26-53c8-11ea-8a9e-b88a60e194fb", "timestamp": "2020-01-27T23:18:02.000Z", "eventType": "transaction", "_adobeamericaspot3": {"CRMID": "crmid:8460808212", "orderDetails": {"orderID": "orderid:306143", "reservationid": "6ZD-2NKW", "orderType": "kiosk"}}}
{"_id": "e744b676-53c8-11ea-8d02-b88a60e194fb", "timestamp": "2019-12-19T17:17:32.000Z", "eventType": "transaction", "_adobeamericaspot3": {"CRMID": "crmid:3871554608", "orderDetails": {"orderID": "orderid:964188", "reservationid": "AYL-OCV9", "orderType": "website"}}}
{"_id": "e745a0d8-53c8-11ea-b26c-b88a60e194fb", "timestamp": "2020-02-06T14:03:26.000Z", "eventType": "transaction", "_adobeamericaspot3": {"CRMID": "crmid:9078314506", "orderDetails": {"orderID": "orderid:439560", "reservationid": "OLA-SHLA", "orderType": "website"}}}
{"_id": "e746d952-53c8-11ea-86fd-b88a60e194fb", "timestamp": "2019-12-22T11:20:37.000Z", "eventType": "transaction", "_adobeamericaspot3": {"CRMID": "crmid:2336160944", "orderDetails": {"orderID": "orderid:506775", "reservationid": "VMZ-YVLR", "orderType": "website"}}}
{"_id": "e7479cac-53c8-11ea-b9b9-b88a60e194fb", "timestamp": "2020-01-31T18:25:20.000Z", "eventType": "transaction", "_adobeamericaspot3": {"CRMID": "crmid:2146372067", "orderDetails": {"orderID": "orderid:906513", "reservationid": "M1Q-AKN3", "orderType": "service desk"}}}
{"_id": "e748870a-53c8-11ea-85b5-b88a60e194fb", "timestamp": "2019-12-18T18:40:23.000Z", "eventType": "transaction", "_adobeamericaspot3": {"CRMID": "crmid:6320361793", "orderDetails": {"orderID": "orderid:181858", "reservationid": "O65-QHUE", "orderType": "kiosk"}}}
{"_id": "e7494a62-53c8-11ea-9bfd-b88a60e194fb", "timestamp": "2020-01-09T09:24:59.000Z", "eventType": "transaction", "_adobeamericaspot3": {"CRMID": "crmid:6869665872", "orderDetails": {"orderID": "orderid:681112", "reservationid": "AQC-IVNR", "orderType": "call center"}}}
{"_id": "e7494a63-53c8-11ea-85d6-b88a60e194fb", "timestamp": "2020-01-17T00:00:00.000Z", "eventType": "transaction", "_adobeamericaspot3": {"CRMID": "crmid:6869665872", "orderDetails": {"orderID": "orderid:267913", "reservationid": "3Y3-D6RI", "orderType": "service desk"}}}
{"_id": "e74a0dc6-53c8-11ea-adab-b88a60e194fb", "timestamp": "2020-02-07T02:27:33.000Z", "eventType": "transaction", "_adobeamericaspot3": {"CRMID": "crmid:6358022477", "orderDetails": {"orderID": "orderid:231150", "reservationid": "BN8-OS0D", "orderType": "call center"}}}
{"_id": "e74ad112-53c8-11ea-960f-b88a60e194fb", "timestamp": "2020-02-06T05:11:48.000Z", "eventType": "transaction", "_adobeamericaspot3": {"CRMID": "crmid:6436090863", "orderDetails": {"orderID": "orderid:351376", "reservationid": "6L2-RFYI", "orderType": "website"}}}
{"_id": "e74bbcfa-53c8-11ea-aa0f-b88a60e194fb", "timestamp": "2020-01-07T18:50:22.000Z", "eventType": "transaction", "_adobeamericaspot3": {"CRMID": "crmid:9474405366", "orderDetails": {"orderID": "orderid:722784", "reservationid": "DDX-YIRD", "orderType": "call center"}}}
{"_id": "e74ca5ae-53c8-11ea-9bd7-b88a60e194fb", "timestamp": "2020-01-28T19:14:34.000Z", "eventType": "transaction", "_adobeamericaspot3": {"CRMID": "crmid:2826928884", "orderDetails": {"orderID": "orderid:790093", "reservationid": "RKA-FMYJ", "orderType": "call center"}}}
{"_id": "e74d9136-53c8-11ea-8adb-b88a60e194fb", "timestamp": "2020-01-24T08:51:42.000Z", "eventType": "transaction", "_adobeamericaspot3": {"CRMID": "crmid:1176039770", "orderDetails": {"orderID": "orderid:327862", "reservationid": "468-MR22", "orderType": "website"}}}
{"_id": "e74e54f6-53c8-11ea-a2b4-b88a60e194fb", "timestamp": "2020-01-13T13:26:09.000Z", "eventType": "transaction", "_adobeamericaspot3": {"CRMID": "crmid:7815749474", "orderDetails": {"orderID": "orderid:396056", "reservationid": "ZKO-PFHY", "orderType": "website"}}}
{"_id": "e74f3f50-53c8-11ea-a0bc-b88a60e194fb", "timestamp": "2020-02-03T20:40:57.000Z", "eventType": "transaction", "_adobeamericaspot3": {"CRMID": "crmid:3295281135", "orderDetails": {"orderID": "orderid:977933", "reservationid": "KV9-M7FV", "orderType": "kiosk"}}}
{"_id": "e7502992-53c8-11ea-b0d5-b88a60e194fb", "timestamp": "2020-01-20T03:10:29.000Z", "eventType": "transaction", "_adobeamericaspot3": {"CRMID": "crmid:5323499810", "orderDetails": {"orderID": "orderid:123310", "reservationid": "GUM-HB1X", "orderType": "call center"}}}
{"_id": "e750ecfa-53c8-11ea-8209-b88a60e194fb", "timestamp": "2020-01-01T12:28:46.000Z", "eventType": "transaction", "_adobeamericaspot3": {"CRMID": "crmid:9010272946", "orderDetails": {"orderID": "orderid:254641", "reservationid": "DRG-5QU5", "orderType": "website"}}}
{"_id": "e751d742-53c8-11ea-9083-b88a60e194fb", "timestamp": "2020-01-29T15:29:30.000Z", "eventType": "transaction", "_adobeamericaspot3": {"CRMID": "crmid:3430926307", "orderDetails": {"orderID": "orderid:454775", "reservationid": "NXA-OUB0", "orderType": "kiosk"}}}
{"_id": "e7529a9e-53c8-11ea-8401-b88a60e194fb", "timestamp": "2020-01-20T14:15:42.000Z", "eventType": "transaction", "_adobeamericaspot3": {"CRMID": "crmid:7644561483", "orderDetails": {"orderID": "orderid:450487", "reservationid": "2RL-D6KW", "orderType": "call center"}}}
{"_id": "e75384f4-53c8-11ea-9a0c-b88a60e194fb", "timestamp": "2020-01-07T09:58:58.000Z", "eventType": "transaction", "_adobeamericaspot3": {"CRMID": "crmid:9113243203", "orderDetails": {"orderID": "orderid:406725", "reservationid": "HMX-OQJK", "orderType": "website"}}}
{"_id": "e754485c-53c8-11ea-9139-b88a60e194fb", "timestamp": "2020-01-16T16:06:56.000Z", "eventType": "transaction", "_adobeamericaspot3": {"CRMID": "crmid:6876076055", "orderDetails": {"orderID": "orderid:136820", "reservationid": "JG5-IQQ3", "orderType": "call center"}}}
{"_id": "e754e488-53c8-11ea-9703-b88a60e194fb", "timestamp": "2020-01-28T22:38:42.000Z", "eventType": "transaction", "_adobeamericaspot3": {"CRMID": "crmid:2706202552", "orderDetails": {"orderID": "orderid:101336", "reservationid": "XUC-8C3Q", "orderType": "website"}}}
{"_id": "e755f49e-53c8-11ea-8d13-b88a60e194fb", "timestamp": "2019-12-04T02:36:08.000Z", "eventType": "transaction", "_adobeamericaspot3": {"CRMID": "crmid:7060738412", "orderDetails": {"orderID": "orderid:433828", "reservationid": "YG7-6D7M", "orderType": "kiosk"}}}
{"_id": "e756b93e-53c8-11ea-b0c5-b88a60e194fb", "timestamp": "2020-01-03T08:50:28.000Z", "eventType": "transaction", "_adobeamericaspot3": {"CRMID": "crmid:5983510500", "orderDetails": {"orderID": "orderid:383243", "reservationid": "GMD-MPPW", "orderType": "mobile"}}}
{"_id": "e757a3a6-53c8-11ea-a7d5-b88a60e194fb", "timestamp": "2020-01-28T18:58:07.000Z", "eventType": "transaction", "_adobeamericaspot3": {"CRMID": "crmid:2436892588", "orderDetails": {"orderID": "orderid:859624", "reservationid": "LWS-CAVG", "orderType": "kiosk"}}}
{"_id": "e7586708-53c8-11ea-bbdb-b88a60e194fb", "timestamp": "2020-02-01T19:32:08.000Z", "eventType": "transaction", "_adobeamericaspot3": {"CRMID": "crmid:5759292350", "orderDetails": {"orderID": "orderid:744875", "reservationid": "ZLT-NSBA", "orderType": "kiosk"}}}
{"_id": "e7597858-53c8-11ea-9d43-b88a60e194fb", "timestamp": "2019-12-15T16:32:05.000Z", "eventType": "transaction", "_adobeamericaspot3": {"CRMID": "crmid:8909971183", "orderDetails": {"orderID": "orderid:240267", "reservationid": "KEB-B4T9", "orderType": "kiosk"}}}
{"_id": "e75a3bae-53c8-11ea-8ac5-b88a60e194fb", "timestamp": "2020-02-09T15:25:30.000Z", "eventType": "transaction", "_adobeamericaspot3": {"CRMID": "crmid:3357465830", "orderDetails": {"orderID": "orderid:819497", "reservationid": "DZK-SZ1U", "orderType": "call center"}}}
{"_id": "e75b2610-53c8-11ea-b696-b88a60e194fb", "timestamp": "2019-12-20T03:28:13.000Z", "eventType": "transaction", "_adobeamericaspot3": {"CRMID": "crmid:9393779839", "orderDetails": {"orderID": "orderid:738264", "reservationid": "WRV-9A95", "orderType": "kiosk"}}}
{"_id": "e75c8468-53c8-11ea-a16d-b88a60e194fb", "timestamp": "2020-01-14T11:15:27.000Z", "eventType": "transaction", "_adobeamericaspot3": {"CRMID": "crmid:4694467892", "orderDetails": {"orderID": "orderid:587106", "reservationid": "EEJ-N17Z", "orderType": "website"}}}
{"_id": "e75e58fa-53c8-11ea-b0d3-b88a60e194fb", "timestamp": "2020-02-05T08:58:35.000Z", "eventType": "transaction", "_adobeamericaspot3": {"CRMID": "crmid:7394757612", "orderDetails": {"orderID": "orderid:634333", "reservationid": "ZIG-L98V", "orderType": "website"}}}
{"_id": "e75fb892-53c8-11ea-85f2-b88a60e194fb", "timestamp": "2019-12-16T11:45:32.000Z", "eventType": "transaction", "_adobeamericaspot3": {"CRMID": "crmid:8829174009", "orderDetails": {"orderID": "orderid:887715", "reservationid": "DYY-OZFQ", "orderType": "mobile"}}}
{"_id": "e75fb893-53c8-11ea-98e2-b88a60e194fb", "timestamp": "2019-12-22T00:00:00.000Z", "eventType": "transaction", "_adobeamericaspot3": {"CRMID": "crmid:8829174009", "orderDetails": {"orderID": "orderid:852997", "reservationid": "0JQ-S8CI", "orderType": "mobile"}}}
{"_id": "e75fdfa8-53c8-11ea-8c42-b88a60e194fb", "timestamp": "2019-12-26T00:00:00.000Z", "eventType": "transaction", "_adobeamericaspot3": {"CRMID": "crmid:8829174009", "orderDetails": {"orderID": "orderid:744300", "reservationid": "XSS-2KHW", "orderType": "kiosk"}}}
{"_id": "e760f0f8-53c8-11ea-87c9-b88a60e194fb", "timestamp": "2020-01-06T13:00:21.000Z", "eventType": "transaction", "_adobeamericaspot3": {"CRMID": "crmid:3544556499", "orderDetails": {"orderID": "orderid:714822", "reservationid": "STK-946D", "orderType": "call center"}}}
{"_id": "e761dce2-53c8-11ea-a10c-b88a60e194fb", "timestamp": "2019-12-31T03:17:22.000Z", "eventType": "transaction", "_adobeamericaspot3": {"CRMID": "crmid:5882716038", "orderDetails": {"orderID": "orderid:250588", "reservationid": "GBL-SGKS", "orderType": "kiosk"}}}
{"_id": "e762c752-53c8-11ea-8267-b88a60e194fb", "timestamp": "2019-12-14T20:47:01.000Z", "eventType": "transaction", "_adobeamericaspot3": {"CRMID": "crmid:6239042548", "orderDetails": {"orderID": "orderid:391440", "reservationid": "F5V-HOBW", "orderType": "service desk"}}}
{"_id": "e763b1a4-53c8-11ea-906a-b88a60e194fb", "timestamp": "2020-01-07T10:33:02.000Z", "eventType": "transaction", "_adobeamericaspot3": {"CRMID": "crmid:7265511927", "orderDetails": {"orderID": "orderid:290075", "reservationid": "URR-RIGU", "orderType": "call center"}}}
{"_id": "e764ea08-53c8-11ea-a07d-b88a60e194fb", "timestamp": "2019-12-31T20:52:58.000Z", "eventType": "transaction", "_adobeamericaspot3": {"CRMID": "crmid:5536459758", "orderDetails": {"orderID": "orderid:418258", "reservationid": "P8Q-HN7S", "orderType": "service desk"}}}
{"_id": "e765fa6c-53c8-11ea-a30b-b88a60e194fb", "timestamp": "2020-02-01T18:01:21.000Z", "eventType": "transaction", "_adobeamericaspot3": {"CRMID": "crmid:1243942045", "orderDetails": {"orderID": "orderid:897243", "reservationid": "OTM-WLAY", "orderType": "call center"}}}
{"_id": "e766e600-53c8-11ea-9cb7-b88a60e194fb", "timestamp": "2019-12-15T01:19:57.000Z", "eventType": "transaction", "_adobeamericaspot3": {"CRMID": "crmid:2922990139", "orderDetails": {"orderID": "orderid:789173", "reservationid": "UZP-NQZL", "orderType": "service desk"}}}
{"_id": "e767d04c-53c8-11ea-90e5-b88a60e194fb", "timestamp": "2019-12-23T23:33:24.000Z", "eventType": "transaction", "_adobeamericaspot3": {"CRMID": "crmid:9777979708", "orderDetails": {"orderID": "orderid:911135", "reservationid": "NCR-VGNL", "orderType": "call center"}}}
{"_id": "e76907f4-53c8-11ea-8f18-b88a60e194fb", "timestamp": "2020-01-03T02:39:33.000Z", "eventType": "transaction", "_adobeamericaspot3": {"CRMID": "crmid:3783069902", "orderDetails": {"orderID": "orderid:670431", "reservationid": "ZXE-0MDE", "orderType": "mobile"}}}
{"_id": "e76a18fe-53c8-11ea-b994-b88a60e194fb", "timestamp": "2019-12-10T17:02:48.000Z", "eventType": "transaction", "_adobeamericaspot3": {"CRMID": "crmid:2748562144", "orderDetails": {"orderID": "orderid:768679", "reservationid": "UA6-TWVD", "orderType": "website"}}}
{"_id": "e76b035e-53c8-11ea-a405-b88a60e194fb", "timestamp": "2019-12-19T20:43:18.000Z", "eventType": "transaction", "_adobeamericaspot3": {"CRMID": "crmid:8674538209", "orderDetails": {"orderID": "orderid:175771", "reservationid": "HI0-I36H", "orderType": "website"}}}
{"_id": "e76c14ca-53c8-11ea-bb2e-b88a60e194fb", "timestamp": "2020-02-15T16:41:09.000Z", "eventType": "transaction", "_adobeamericaspot3": {"CRMID": "crmid:8862876289", "orderDetails": {"orderID": "orderid:715606", "reservationid": "H7D-OSHC", "orderType": "website"}}}
{"_id": "e76d263e-53c8-11ea-81f2-b88a60e194fb", "timestamp": "2020-01-08T16:54:39.000Z", "eventType": "transaction", "_adobeamericaspot3": {"CRMID": "crmid:2515812660", "orderDetails": {"orderID": "orderid:735782", "reservationid": "1VB-SWCG", "orderType": "call center"}}}
{"_id": "e76e37ae-53c8-11ea-a3fc-b88a60e194fb", "timestamp": "2019-12-23T02:39:37.000Z", "eventType": "transaction", "_adobeamericaspot3": {"CRMID": "crmid:8896194453", "orderDetails": {"orderID": "orderid:542661", "reservationid": "NJK-YYPK", "orderType": "website"}}}
{"_id": "e76f4922-53c8-11ea-a3fb-b88a60e194fb", "timestamp": "2020-01-14T12:12:10.000Z", "eventType": "transaction", "_adobeamericaspot3": {"CRMID": "crmid:7921216785", "orderDetails": {"orderID": "orderid:936028", "reservationid": "NAZ-PE9R", "orderType": "website"}}}
{"_id": "e77081c2-53c8-11ea-8f48-b88a60e194fb", "timestamp": "2020-01-25T07:28:39.000Z", "eventType": "transaction", "_adobeamericaspot3": {"CRMID": "crmid:6511714333", "orderDetails": {"orderID": "orderid:854256", "reservationid": "MQC-MNXK", "orderType": "website"}}}
{"_id": "e7716bfa-53c8-11ea-8b0a-b88a60e194fb", "timestamp": "2020-02-09T01:50:30.000Z", "eventType": "transaction", "_adobeamericaspot3": {"CRMID": "crmid:5684326505", "orderDetails": {"orderID": "orderid:847442", "reservationid": "ZC1-35CW", "orderType": "kiosk"}}}
{"_id": "e7727d6c-53c8-11ea-97e2-b88a60e194fb", "timestamp": "2019-12-13T23:00:35.000Z", "eventType": "transaction", "_adobeamericaspot3": {"CRMID": "crmid:5154802041", "orderDetails": {"orderID": "orderid:486699", "reservationid": "W9T-RW6E", "orderType": "call center"}}}
{"_id": "e7738eda-53c8-11ea-8db9-b88a60e194fb", "timestamp": "2019-12-13T14:12:08.000Z", "eventType": "transaction", "_adobeamericaspot3": {"CRMID": "crmid:7564857327", "orderDetails": {"orderID": "orderid:295868", "reservationid": "1QT-LBHG", "orderType": "kiosk"}}}
{"_id": "e774a04c-53c8-11ea-9eb8-b88a60e194fb", "timestamp": "2019-12-08T17:33:23.000Z", "eventType": "transaction", "_adobeamericaspot3": {"CRMID": "crmid:8162948407", "orderDetails": {"orderID": "orderid:173691", "reservationid": "SLZ-QNQV", "orderType": "website"}}}
{"_id": "e775d8f6-53c8-11ea-9dcf-b88a60e194fb", "timestamp": "2020-01-02T22:25:27.000Z", "eventType": "transaction", "_adobeamericaspot3": {"CRMID": "crmid:8661115867", "orderDetails": {"orderID": "orderid:914351", "reservationid": "ZCP-R5RC", "orderType": "website"}}}
{"_id": "e776eb92-53c8-11ea-a412-b88a60e194fb", "timestamp": "2020-01-17T10:09:30.000Z", "eventType": "transaction", "_adobeamericaspot3": {"CRMID": "crmid:1200363381", "orderDetails": {"orderID": "orderid:959680", "reservationid": "NGJ-NYHS", "orderType": "kiosk"}}}
{"_id": "e778229e-53c8-11ea-b320-b88a60e194fb", "timestamp": "2019-12-17T22:05:26.000Z", "eventType": "transaction", "_adobeamericaspot3": {"CRMID": "crmid:1047051504", "orderDetails": {"orderID": "orderid:229139", "reservationid": "MHS-CKS4", "orderType": "call center"}}}
{"_id": "e7790e78-53c8-11ea-9935-b88a60e194fb", "timestamp": "2020-02-13T14:01:04.000Z", "eventType": "transaction", "_adobeamericaspot3": {"CRMID": "crmid:6291978213", "orderDetails": {"orderID": "orderid:473514", "reservationid": "WI7-PJOC", "orderType": "call center"}}}
{"_id": "e779f8b8-53c8-11ea-9e2d-b88a60e194fb", "timestamp": "2019-12-12T18:30:00.000Z", "eventType": "transaction", "_adobeamericaspot3": {"CRMID": "crmid:1849645275", "orderDetails": {"orderID": "orderid:655430", "reservationid": "HKB-XCGR", "orderType": "mobile"}}}
{"_id": "e77b3162-53c8-11ea-9544-b88a60e194fb", "timestamp": "2020-02-09T09:18:50.000Z", "eventType": "transaction", "_adobeamericaspot3": {"CRMID": "crmid:6191047532", "orderDetails": {"orderID": "orderid:266412", "reservationid": "Y0Q-RRPI", "orderType": "website"}}}
{"_id": "e77c1b98-53c8-11ea-970e-b88a60e194fb", "timestamp": "2019-12-27T10:24:23.000Z", "eventType": "transaction", "_adobeamericaspot3": {"CRMID": "crmid:8846302927", "orderDetails": {"orderID": "orderid:272376", "reservationid": "5YO-IAXU", "orderType": "kiosk"}}}
{"_id": "e77d2d14-53c8-11ea-a339-b88a60e194fb", "timestamp": "2019-12-28T02:50:33.000Z", "eventType": "transaction", "_adobeamericaspot3": {"CRMID": "crmid:6009508702", "orderDetails": {"orderID": "orderid:256697", "reservationid": "ISE-4XSC", "orderType": "kiosk"}}}
{"_id": "e77e3e86-53c8-11ea-8691-b88a60e194fb", "timestamp": "2020-01-16T19:15:27.000Z", "eventType": "transaction", "_adobeamericaspot3": {"CRMID": "crmid:6437677218", "orderDetails": {"orderID": "orderid:327302", "reservationid": "RAQ-UU0B", "orderType": "call center"}}}
{"_id": "e77f2910-53c8-11ea-8b3f-b88a60e194fb", "timestamp": "2020-02-11T20:46:40.000Z", "eventType": "transaction", "_adobeamericaspot3": {"CRMID": "crmid:8580733403", "orderDetails": {"orderID": "orderid:829698", "reservationid": "BNH-UI1U", "orderType": "kiosk"}}}
{"_id": "e7801352-53c8-11ea-b384-b88a60e194fb", "timestamp": "2020-02-07T23:19:51.000Z", "eventType": "transaction", "_adobeamericaspot3": {"CRMID": "crmid:3310701355", "orderDetails": {"orderID": "orderid:164790", "reservationid": "X4Y-BX4G", "orderType": "kiosk"}}}
{"_id": "e78124ae-53c8-11ea-aaea-b88a60e194fb", "timestamp": "2019-12-24T18:51:05.000Z", "eventType": "transaction", "_adobeamericaspot3": {"CRMID": "crmid:1974496596", "orderDetails": {"orderID": "orderid:730565", "reservationid": "SIF-76RR", "orderType": "mobile"}}}
{"_id": "e782361a-53c8-11ea-b309-b88a60e194fb", "timestamp": "2019-12-08T18:15:24.000Z", "eventType": "transaction", "_adobeamericaspot3": {"CRMID": "crmid:6183577939", "orderDetails": {"orderID": "orderid:856391", "reservationid": "6JR-E4Q2", "orderType": "website"}}}
{"_id": "e7834780-53c8-11ea-9dc7-b88a60e194fb", "timestamp": "2020-02-10T02:19:02.000Z", "eventType": "transaction", "_adobeamericaspot3": {"CRMID": "crmid:2449607363", "orderDetails": {"orderID": "orderid:662041", "reservationid": "PQA-K3NY", "orderType": "website"}}}
{"_id": "e7843200-53c8-11ea-a18d-b88a60e194fb", "timestamp": "2020-01-05T13:40:23.000Z", "eventType": "transaction", "_adobeamericaspot3": {"CRMID": "crmid:7959880232", "orderDetails": {"orderID": "orderid:345443", "reservationid": "DI3-GN7J", "orderType": "call center"}}}
{"_id": "e7851c48-53c8-11ea-93b6-b88a60e194fb", "timestamp": "2020-01-12T22:06:34.000Z", "eventType": "transaction", "_adobeamericaspot3": {"CRMID": "crmid:8317402440", "orderDetails": {"orderID": "orderid:518469", "reservationid": "PIV-7JIA", "orderType": "call center"}}}
{"_id": "e7867bd4-53c8-11ea-b7c6-b88a60e194fb", "timestamp": "2020-02-14T02:54:47.000Z", "eventType": "transaction", "_adobeamericaspot3": {"CRMID": "crmid:9470024005", "orderDetails": {"orderID": "orderid:285607", "reservationid": "JY1-8SSN", "orderType": "kiosk"}}}
{"_id": "e7878be6-53c8-11ea-967f-b88a60e194fb", "timestamp": "2020-01-10T16:36:08.000Z", "eventType": "transaction", "_adobeamericaspot3": {"CRMID": "crmid:9530935685", "orderDetails": {"orderID": "orderid:330701", "reservationid": "JLR-SHDA", "orderType": "call center"}}}
{"_id": "e78877ae-53c8-11ea-9ffd-b88a60e194fb", "timestamp": "2019-12-06T22:09:59.000Z", "eventType": "transaction", "_adobeamericaspot3": {"CRMID": "crmid:8198988160", "orderDetails": {"orderID": "orderid:263548", "reservationid": "ZA5-FABF", "orderType": "call center"}}}
{"_id": "e789891e-53c8-11ea-8b0e-b88a60e194fb", "timestamp": "2019-12-06T07:06:24.000Z", "eventType": "transaction", "_adobeamericaspot3": {"CRMID": "crmid:5623004923", "orderDetails": {"orderID": "orderid:847964", "reservationid": "PIB-4NT7", "orderType": "kiosk"}}}
{"_id": "e78a4c5e-53c8-11ea-85c2-b88a60e194fb", "timestamp": "2020-01-31T18:56:03.000Z", "eventType": "transaction", "_adobeamericaspot3": {"CRMID": "crmid:9250707524", "orderDetails": {"orderID": "orderid:649058", "reservationid": "UVT-GETX", "orderType": "website"}}}
{"_id": "e78b5dd8-53c8-11ea-b06d-b88a60e194fb", "timestamp": "2020-01-09T04:06:03.000Z", "eventType": "transaction", "_adobeamericaspot3": {"CRMID": "crmid:7946510779", "orderDetails": {"orderID": "orderid:805705", "reservationid": "8YY-T88Z", "orderType": "kiosk"}}}
{"_id": "e78c6dc6-53c8-11ea-841f-b88a60e194fb", "timestamp": "2019-12-16T20:19:02.000Z", "eventType": "transaction", "_adobeamericaspot3": {"CRMID": "crmid:7527435637", "orderDetails": {"orderID": "orderid:310595", "reservationid": "Y3X-7K9G", "orderType": "website"}}}
{"_id": "e78d80be-53c8-11ea-bc1c-b88a60e194fb", "timestamp": "2020-01-28T06:13:25.000Z", "eventType": "transaction", "_adobeamericaspot3": {"CRMID": "crmid:9958710982", "orderDetails": {"orderID": "orderid:561349", "reservationid": "IMH-KLXU", "orderType": "website"}}}
