id,reservationid,orderid,crmid,timestamporderType,productsku,hotelCheckInUnix,hotelCheckOutUnix,hotelCheckInTS,hotelCheckOutTS,hotelName,hotelChain,hotelLocation,hotelRoomType,hotelRoomCount,hotelGuestAdultCount,hotelGuestChildCount,hotelNightCount,hotelRoomPrice,hotelFinalPrice
orderid:942700,GXX-MMJ1,orderid:942700,crmid:3318120263,2019-12-02T10:07:03.000Z,website,prd1127,1575367623,1575454023,2019-12-03T10:07:03+00:00,2019-12-04T10:07:03+00:00,Nesting Box Inn: Glasgow,Nesting Box Inn,Glasgow,premium,1,1,0,1,115.51,115.51
orderid:249764,MGW-I35M,orderid:249764,crmid:5446386627,2020-02-03T10:58:56.000Z,service desk,prd1158,1581505136,1582801136,2020-02-12T10:58:56+00:00,2020-02-27T10:58:56+00:00,Restful Nights: El Paso,Restful Nights,El Paso,standard,1,1,4,15,158.94,2384.1
orderid:829710,E8T-G0ZM,orderid:829710,crmid:8097627500,2020-01-08T00:25:04.000Z,kiosk,prd1109,1580430304,1580948704,2020-01-31T00:25:04+00:00,2020-02-06T00:25:04+00:00,Grandeur Hotels: Belgrade,Grandeur Hotels,Belgrade,standard,1,1,0,6,135.89,815.34
orderid:590077,X1M-V60G,orderid:590077,crmid:1468767979,2020-02-11T05:58:58.000Z,kiosk,prd1103,1583647138,1585029538,2020-03-08T05:58:58+00:00,2020-03-24T05:58:58+00:00,Nesting Box Inn: Hamburg,Nesting Box Inn,Hamburg,standard,1,1,2,16,141.69,2267.04
orderid:387403,WEB-UQQZ,orderid:387403,crmid:3670252408,2020-01-20T22:15:29.000Z,service desk,prd1082,1581891329,1583446529,2020-02-16T22:15:29+00:00,2020-03-05T22:15:29+00:00,Blue Reef Resort: Surat,Blue Reef Resort,Surat,standard,1,1,4,18,123.83,2228.94
orderid:689345,7OQ-Q4DB,orderid:689345,crmid:6332739967,2020-01-18T04:12:18.000Z,kiosk,prd1022,1581739938,1582344738,2020-02-15T04:12:18+00:00,2020-02-22T04:12:18+00:00,Blue Reef Resort: Washington DC,Blue Reef Resort,Washington DC,premium,1,1,0,7,138.88,972.16
orderid:785041,FZV-4YLD,orderid:785041,crmid:3677822223,2020-01-02T02:45:35.000Z,call center,prd1184,1579229135,1579920335,2020-01-17T02:45:35+00:00,2020-01-25T02:45:35+00:00,Aspen Heights: Arlington,Aspen Heights,Arlington,standard,1,1,0,8,111.48,891.84
orderid:194954,45R-Q0DC,orderid:194954,crmid:9398551106,2020-01-16T19:52:40.000Z,service desk,prd1189,1579290760,1579636360,2020-01-17T19:52:40+00:00,2020-01-21T19:52:40+00:00,Admiralty Plaza: Bakersfield,Admiralty Plaza,Bakersfield,standard,1,1,0,4,136.27,545.08
orderid:874232,JFO-7XUO,orderid:874232,crmid:1559502932,2019-12-25T18:44:34.000Z,website,prd1052,1578768274,1579459474,2020-01-11T18:44:34+00:00,2020-01-19T18:44:34+00:00,Aspen Heights: Wichita,Aspen Heights,Wichita,premium,1,1,0,8,147.71,1181.68
orderid:158953,ROO-G8YC,orderid:158953,crmid:2471900746,2020-01-15T16:20:58.000Z,website,prd1068,1581006058,1582474858,2020-02-06T16:20:58+00:00,2020-02-23T16:20:58+00:00,Repose Resort: Dhaka,Repose Resort,Dhaka,premium,1,1,0,17,139.92,2378.64
orderid:691834,VGX-KGE7,orderid:691834,crmid:6002365281,2020-01-30T15:11:21.000Z,website,prd1100,1582816281,1583853081,2020-02-27T15:11:21+00:00,2020-03-10T15:11:21+00:00,Aspen Heights: Misk,Aspen Heights,Misk,standard,1,1,1,12,166.88,2002.56
orderid:605623,O8P-PRG7,orderid:605623,crmid:6251625397,2020-01-04T21:20:39.000Z,mobile,prd1190,1580246439,1581801639,2020-01-28T21:20:39+00:00,2020-02-15T21:20:39+00:00,Blue Reef Resort: Aurora,Blue Reef Resort,Aurora,premium,1,1,0,18,156.0,2808.0
orderid:544670,OCV-ALOX,orderid:544670,crmid:9516335909,2019-12-07T15:37:47.000Z,website,prd1011,1576078667,1576942667,2019-12-11T15:37:47+00:00,2019-12-21T15:37:47+00:00,Hospitality Inn: Dallas,Hospitality Inn,Dallas,standard,1,1,0,10,175.04,1750.4
orderid:186010,WND-MRWR,orderid:186010,crmid:7973380781,2020-02-11T23:34:23.000Z,website,prd1061,1583710463,1584574463,2020-03-08T23:34:23+00:00,2020-03-18T23:34:23+00:00,Grandeur Hotels: Lahore,Grandeur Hotels,Lahore,standard,1,1,0,10,165.03,1650.3
orderid:835776,IWC-RZEB,orderid:835776,crmid:8015150598,2020-02-11T08:35:29.000Z,website,prd1073,1583570129,1584261329,2020-03-07T08:35:29+00:00,2020-03-15T08:35:29+00:00,Grandeur Hotels: Lima,Grandeur Hotels,Lima,standard,1,1,0,8,106.21,849.68
orderid:618771,ME5-ERVZ,orderid:618771,crmid:1088167667,2019-12-12T10:47:29.000Z,call center,prd1101,1577875649,1578998849,2020-01-01T10:47:29+00:00,2020-01-14T10:47:29+00:00,Sapphire Suites: Vienna,Sapphire Suites,Vienna,premium,1,1,0,13,149.43,1942.59
orderid:932113,T1X-P1ZB,orderid:932113,crmid:4014317892,2020-01-03T00:02:15.000Z,kiosk,prd1179,1578787335,1579392135,2020-01-12T00:02:15+00:00,2020-01-19T00:02:15+00:00,Hospitality Inn: Miami,Hospitality Inn,Miami,premium,1,1,0,7,150.78,1055.46
orderid:236347,DML-GEBM,orderid:236347,crmid:4114508082,2019-12-27T15:53:30.000Z,call center,prd1020,1578066810,1579708410,2020-01-03T15:53:30+00:00,2020-01-22T15:53:30+00:00,Repose Resort: Seattle,Repose Resort,Seattle,standard,1,1,0,19,165.92,3152.48
orderid:596256,COD-BC4L,orderid:596256,crmid:1220790861,2019-12-28T14:10:00.000Z,call center,prd1088,1578924600,1579270200,2020-01-13T14:10:00+00:00,2020-01-17T14:10:00+00:00,Aspen Heights: Ankara,Aspen Heights,Ankara,standard,1,1,3,4,180.34,721.36
orderid:282636,OU7-MC8T,orderid:282636,crmid:8550147500,2020-01-20T15:14:56.000Z,website,prd1046,1581347696,1582038896,2020-02-10T15:14:56+00:00,2020-02-18T15:14:56+00:00,Blue Reef Resort: Virginia Beach,Blue Reef Resort,Virginia Beach,luxury,1,1,0,8,320.24,2561.92
orderid:387128,7DB-7VAS,orderid:387128,crmid:9302167134,2020-01-24T00:58:43.000Z,call center,prd1151,1582073923,1582419523,2020-02-19T00:58:43+00:00,2020-02-23T00:58:43+00:00,Nesting Box Inn: Fort Worth,Nesting Box Inn,Fort Worth,standard,1,1,0,4,140.42,561.68
orderid:151681,SIZ-OBDV,orderid:151681,crmid:5273852786,2019-12-17T20:04:34.000Z,mobile,prd1011,1578427474,1578773074,2020-01-07T20:04:34+00:00,2020-01-11T20:04:34+00:00,Hospitality Inn: Dallas,Hospitality Inn,Dallas,premium,1,1,0,4,146.0,584.0
orderid:321193,NVX-T2BX,orderid:321193,crmid:8548418559,2020-02-06T11:13:30.000Z,mobile,prd1145,1582888410,1583493210,2020-02-28T11:13:30+00:00,2020-03-06T11:13:30+00:00,Grandeur Hotels: Dallas,Grandeur Hotels,Dallas,premium,1,1,0,7,154.28,1079.96
orderid:443988,UUL-XFRT,orderid:443988,crmid:6413847331,2020-02-12T04:26:59.000Z,website,prd1009,1581740819,1582086419,2020-02-15T04:26:59+00:00,2020-02-19T04:26:59+00:00,Admiralty Plaza: San Antonio,Admiralty Plaza,San Antonio,standard,1,1,0,4,155.96,623.84
orderid:334577,F3F-KCIU,orderid:334577,crmid:6158101888,2020-01-14T00:39:15.000Z,kiosk,prd1121,1580517555,1581208755,2020-02-01T00:39:15+00:00,2020-02-09T00:39:15+00:00,Grandeur Hotels: Stockholm,Grandeur Hotels,Stockholm,premium,1,1,1,8,161.81,1294.48
orderid:275034,0I2-VL3R,orderid:275034,crmid:1824528621,2020-01-09T08:33:00.000Z,website,prd1076,1578990780,1579077180,2020-01-14T08:33:00+00:00,2020-01-15T08:33:00+00:00,Aspen Heights: Bogota,Aspen Heights,Bogota,standard,1,1,0,1,136.71,136.71
orderid:560182,LHQ-UUCM,orderid:560182,crmid:1209239952,2020-01-08T11:20:52.000Z,mobile,prd1076,1578568852,1578655252,2020-01-09T11:20:52+00:00,2020-01-10T11:20:52+00:00,Aspen Heights: Bogota,Aspen Heights,Bogota,standard,1,1,0,1,184.16,184.16
orderid:685805,B7O-ZXGV,orderid:685805,crmid:2274071883,2020-01-13T17:13:11.000Z,kiosk,prd1007,1580836391,1581268391,2020-02-04T17:13:11+00:00,2020-02-09T17:13:11+00:00,Nesting Box Inn: Phoenix,Nesting Box Inn,Phoenix,standard,1,1,4,5,178.77,893.85
orderid:212411,7DJ-SPLG,orderid:212411,crmid:4762557503,2019-12-29T11:49:48.000Z,mobile,prd1004,1578138588,1579088988,2020-01-04T11:49:48+00:00,2020-01-15T11:49:48+00:00,Aspen Heights: Boulder,Aspen Heights,Boulder,standard,1,1,0,11,150.4,1654.4
orderid:418832,4MK-BHPK,orderid:418832,crmid:1849803145,2020-01-04T10:51:57.000Z,call center,prd1119,1579949517,1580986317,2020-01-25T10:51:57+00:00,2020-02-06T10:51:57+00:00,Hospitality Inn: Turin,Hospitality Inn,Turin,premium,1,1,4,12,157.42,1889.04
orderid:155315,GT4-IFEO,orderid:155315,crmid:1333638647,2019-12-25T18:09:02.000Z,kiosk,prd1100,1577383742,1577470142,2019-12-26T18:09:02+00:00,2019-12-27T18:09:02+00:00,Aspen Heights: Misk,Aspen Heights,Misk,luxury,1,1,0,1,349.3,349.3
orderid:734566,BY7-MZSF,orderid:734566,crmid:1333638647,2019-12-28T00:00:00.000Z,service desk,prd1098,1577577600,1578096000,2019-12-29T00:00:00+00:00,2020-01-04T00:00:00+00:00,Restful Nights: Kiev,Restful Nights,Kiev,standard,1,1,0,6,143.37,860.22
orderid:746264,BJH-NEAN,orderid:746264,crmid:5066826718,2019-12-27T00:18:55.000Z,mobile,prd1128,1579652335,1580257135,2020-01-22T00:18:55+00:00,2020-01-29T00:18:55+00:00,Repose Resort: Rotterdam,Repose Resort,Rotterdam,standard,1,1,0,7,133.13,931.91
orderid:873673,O9V-NOZM,orderid:873673,crmid:9572330458,2020-01-16T07:55:49.000Z,website,prd1059,1579334149,1579506949,2020-01-18T07:55:49+00:00,2020-01-20T07:55:49+00:00,Hospitality Inn: Kinshasa,Hospitality Inn,Kinshasa,standard,1,1,0,2,174.07,348.14
orderid:265878,2LJ-5IBX,orderid:265878,crmid:9572330458,2020-01-21T00:00:00.000Z,website,prd1093,1579824000,1579910400,2020-01-24T00:00:00+00:00,2020-01-25T00:00:00+00:00,Admiralty Plaza: Yokohama,Admiralty Plaza,Yokohama,standard,1,1,0,1,172.92,172.92
orderid:890029,MWB-HNAN,orderid:890029,crmid:2841719751,2020-01-27T16:59:51.000Z,call center,prd1160,1582563591,1582995591,2020-02-24T16:59:51+00:00,2020-02-29T16:59:51+00:00,Aspen Heights: Nashville,Aspen Heights,Nashville,premium,1,1,0,5,114.08,570.4
orderid:559788,XWR-SQGZ,orderid:559788,crmid:1113189853,2020-02-14T15:40:39.000Z,mobile,prd1180,1582040439,1583250039,2020-02-18T15:40:39+00:00,2020-03-03T15:40:39+00:00,Sandhill: Virginia Beach,Sandhill,Virginia Beach,standard,1,1,0,14,136.81,1915.34
orderid:457814,AJA-JRXL,orderid:457814,crmid:4586597288,2019-12-27T01:48:28.000Z,kiosk,prd1101,1577670508,1578016108,2019-12-30T01:48:28+00:00,2020-01-03T01:48:28+00:00,Sapphire Suites: Vienna,Sapphire Suites,Vienna,premium,1,1,0,4,150.26,601.04
orderid:788799,93I-CJQJ,orderid:788799,crmid:8605972510,2019-12-17T02:07:23.000Z,service desk,prd1035,1578794843,1579831643,2020-01-12T02:07:23+00:00,2020-01-24T02:07:23+00:00,Hospitality Inn: Tucson,Hospitality Inn,Tucson,standard,1,1,0,12,146.44,1757.28
orderid:793511,UER-YQYF,orderid:793511,crmid:7345328269,2020-01-18T14:15:19.000Z,mobile,prd1076,1579788919,1580134519,2020-01-23T14:15:19+00:00,2020-01-27T14:15:19+00:00,Aspen Heights: Bogota,Aspen Heights,Bogota,standard,1,1,0,4,116.52,466.08
orderid:673420,YFP-RPNL,orderid:673420,crmid:7164702755,2020-01-25T16:48:05.000Z,mobile,prd1155,1581871685,1583167685,2020-02-16T16:48:05+00:00,2020-03-02T16:48:05+00:00,Hospitality Inn: Denver,Hospitality Inn,Denver,premium,1,1,0,15,153.08,2296.2
orderid:220488,13Y-IIBI,orderid:220488,crmid:8209237078,2020-01-19T02:44:02.000Z,kiosk,prd1004,1579574642,1579747442,2020-01-21T02:44:02+00:00,2020-01-23T02:44:02+00:00,Aspen Heights: Boulder,Aspen Heights,Boulder,ultra-luxury,1,1,0,2,329.88,659.76
orderid:692190,CKS-55JT,orderid:692190,crmid:4599118439,2020-01-05T10:28:23.000Z,service desk,prd1016,1579688903,1580207303,2020-01-22T10:28:23+00:00,2020-01-28T10:28:23+00:00,Aspen Heights: Columbus,Aspen Heights,Columbus,luxury,1,1,2,6,278.84,1673.04
orderid:202459,7PZ-MQK0,orderid:202459,crmid:9778268033,2019-12-01T15:06:54.000Z,kiosk,prd1111,1575299214,1575385614,2019-12-02T15:06:54+00:00,2019-12-03T15:06:54+00:00,Family Fun Hotels: Prague,Family Fun Hotels,Prague,standard,1,1,0,1,156.39,156.39
orderid:544937,WOB-RNVC,orderid:544937,crmid:6760814527,2019-12-15T02:19:25.000Z,website,prd1172,1577672365,1578363565,2019-12-30T02:19:25+00:00,2020-01-07T02:19:25+00:00,Aspen Heights: Mesa,Aspen Heights,Mesa,premium,1,1,0,8,203.39,1627.12
orderid:732222,LJR-EZU4,orderid:732222,crmid:1165196765,2020-02-03T23:58:41.000Z,kiosk,prd1184,1582588721,1583193521,2020-02-24T23:58:41+00:00,2020-03-02T23:58:41+00:00,Aspen Heights: Arlington,Aspen Heights,Arlington,ultra-luxury,1,1,0,7,291.06,2037.42
orderid:836919,BRA-EULG,orderid:836919,crmid:2260358961,2019-12-20T10:07:10.000Z,kiosk,prd1040,1576922830,1577268430,2019-12-21T10:07:10+00:00,2019-12-25T10:07:10+00:00,Aspen Heights: Atlanta,Aspen Heights,Atlanta,standard,1,1,0,4,161.29,645.16
orderid:309627,SHP-XAXQ,orderid:309627,crmid:4647886912,2020-02-09T04:15:01.000Z,website,prd1059,1583813701,1584332101,2020-03-10T04:15:01+00:00,2020-03-16T04:15:01+00:00,Hospitality Inn: Kinshasa,Hospitality Inn,Kinshasa,standard,1,1,0,6,135.23,811.38
orderid:396532,S77-6ZOY,orderid:396532,crmid:3827495231,2019-12-09T03:29:57.000Z,kiosk,prd1131,1576121397,1576207797,2019-12-12T03:29:57+00:00,2019-12-13T03:29:57+00:00,Hospitality Inn: Sheffield,Hospitality Inn,Sheffield,standard,1,1,0,1,157.21,157.21
orderid:324574,GPH-HAQF,orderid:324574,crmid:3827495231,2019-12-15T00:00:00.000Z,website,prd1195,1576454400,1576540800,2019-12-16T00:00:00+00:00,2019-12-17T00:00:00+00:00,Family Fun Hotels: Lahore,Family Fun Hotels,Lahore,premium,1,1,0,1,156.09,156.09
orderid:573505,NV9-MNYU,orderid:573505,crmid:6446378451,2019-12-27T11:41:48.000Z,call center,prd1058,1579347708,1579779708,2020-01-18T11:41:48+00:00,2020-01-23T11:41:48+00:00,Blue Reef Resort: Delhi,Blue Reef Resort,Delhi,standard,1,1,0,5,146.94,734.7
orderid:467719,59H-SYRO,orderid:467719,crmid:6399482068,2019-12-28T10:29:15.000Z,kiosk,prd1170,1579948155,1581071355,2020-01-25T10:29:15+00:00,2020-02-07T10:29:15+00:00,Restful Nights: Fresno,Restful Nights,Fresno,standard,1,1,0,13,159.82,2077.66
orderid:659262,QYS-QY8T,orderid:659262,crmid:3492343575,2019-12-20T22:12:27.000Z,call center,prd1064,1576966347,1577139147,2019-12-21T22:12:27+00:00,2019-12-23T22:12:27+00:00,Aspen Heights: Paris,Aspen Heights,Paris,standard,1,1,0,2,136.96,273.92
orderid:329937,IIZ-FUUS,orderid:329937,crmid:7374358664,2020-02-12T04:51:39.000Z,website,prd1070,1583470299,1584247899,2020-03-06T04:51:39+00:00,2020-03-15T04:51:39+00:00,Blue Reef Resort: Jakarta,Blue Reef Resort,Jakarta,standard,1,1,0,9,198.14,1783.26
orderid:948834,SFC-5JY8,orderid:948834,crmid:8122490466,2020-02-03T09:28:28.000Z,call center,prd1169,1583141308,1583832508,2020-03-02T09:28:28+00:00,2020-03-10T09:28:28+00:00,Grandeur Hotels: Tucson,Grandeur Hotels,Tucson,standard,1,1,0,8,149.53,1196.24
orderid:915738,TJK-HRJN,orderid:915738,crmid:8735248204,2019-12-03T03:26:30.000Z,kiosk,prd1071,1575429990,1575602790,2019-12-04T03:26:30+00:00,2019-12-06T03:26:30+00:00,Hospitality Inn: Seoul,Hospitality Inn,Seoul,premium,1,1,0,2,134.09,268.18
orderid:950463,IB0-E5EQ,orderid:950463,crmid:3357439336,2019-12-14T03:29:17.000Z,call center,prd1052,1578713357,1579231757,2020-01-11T03:29:17+00:00,2020-01-17T03:29:17+00:00,Aspen Heights: Wichita,Aspen Heights,Wichita,premium,1,1,0,6,141.47,848.82
orderid:867712,PO9-MS2Y,orderid:867712,crmid:6828373613,2019-12-17T21:59:12.000Z,mobile,prd1179,1578520752,1578693552,2020-01-08T21:59:12+00:00,2020-01-10T21:59:12+00:00,Hospitality Inn: Miami,Hospitality Inn,Miami,standard,1,1,0,2,166.55,333.1
orderid:114431,EBO-HR0G,orderid:114431,crmid:1219824466,2019-12-24T01:19:47.000Z,call center,prd1056,1579396787,1579915187,2020-01-19T01:19:47+00:00,2020-01-25T01:19:47+00:00,Repose Resort: Aurora,Repose Resort,Aurora,standard,1,1,0,6,127.71,766.26
orderid:758705,TC6-OXTT,orderid:758705,crmid:5921059754,2020-01-28T05:59:05.000Z,mobile,prd1010,1580709545,1580882345,2020-02-03T05:59:05+00:00,2020-02-05T05:59:05+00:00,Blue Reef Resort: San Diego,Blue Reef Resort,San Diego,standard,1,1,0,2,111.23,222.46
orderid:770317,UOG-7U38,orderid:770317,crmid:3223844649,2020-01-21T07:47:06.000Z,kiosk,prd1125,1581407226,1581925626,2020-02-11T07:47:06+00:00,2020-02-17T07:47:06+00:00,Sapphire Suites: Palermo,Sapphire Suites,Palermo,standard,1,1,0,6,163.57,981.42
orderid:158650,7RW-OYSF,orderid:158650,crmid:9355868251,2020-01-05T12:19:10.000Z,kiosk,prd1131,1578572350,1578745150,2020-01-09T12:19:10+00:00,2020-01-11T12:19:10+00:00,Hospitality Inn: Sheffield,Hospitality Inn,Sheffield,standard,1,1,0,2,146.44,292.88
orderid:473461,IZC-WVX0,orderid:473461,crmid:5015844419,2019-12-20T04:14:50.000Z,kiosk,prd1028,1576988090,1577074490,2019-12-22T04:14:50+00:00,2019-12-23T04:14:50+00:00,Aspen Heights: Portland,Aspen Heights,Portland,standard,1,1,0,1,163.58,163.58
orderid:105549,J4T-AHU7,orderid:105549,crmid:2660177961,2020-02-05T20:17:47.000Z,website,prd1073,1583266667,1583612267,2020-03-03T20:17:47+00:00,2020-03-07T20:17:47+00:00,Grandeur Hotels: Lima,Grandeur Hotels,Lima,standard,1,1,0,4,138.81,555.24
orderid:288496,LO7-PTGG,orderid:288496,crmid:7892452639,2020-02-04T06:33:01.000Z,call center,prd1064,1582698781,1583044381,2020-02-26T06:33:01+00:00,2020-03-01T06:33:01+00:00,Aspen Heights: Paris,Aspen Heights,Paris,premium,1,1,0,4,148.77,595.08
orderid:964766,DBH-UGKO,orderid:964766,crmid:5823848129,2019-12-13T13:38:34.000Z,service desk,prd1013,1577021914,1577540314,2019-12-22T13:38:34+00:00,2019-12-28T13:38:34+00:00,Grandeur Hotels: Austin,Grandeur Hotels,Austin,standard,1,1,3,6,130.42,782.52
orderid:777761,79B-HEG7,orderid:777761,crmid:1950716810,2019-12-28T06:08:29.000Z,website,prd1047,1577686109,1577945309,2019-12-30T06:08:29+00:00,2020-01-02T06:08:29+00:00,Hospitality Inn: Oakland,Hospitality Inn,Oakland,standard,1,1,0,3,158.02,474.06
orderid:891287,WCB-QQN5,orderid:891287,crmid:1950716810,2020-01-03T00:00:00.000Z,website,prd1044,1578096000,1578182400,2020-01-04T00:00:00+00:00,2020-01-05T00:00:00+00:00,Repose Resort: Colorado Springs,Repose Resort,Colorado Springs,standard,1,1,0,1,94.64,94.64
orderid:241205,H3H-GYRW,orderid:241205,crmid:1339950492,2020-01-30T12:42:16.000Z,mobile,prd1009,1580474536,1580647336,2020-01-31T12:42:16+00:00,2020-02-02T12:42:16+00:00,Admiralty Plaza: San Antonio,Admiralty Plaza,San Antonio,standard,1,1,0,2,153.88,307.76
orderid:638089,S5L-FPTC,orderid:638089,crmid:1339950492,2020-02-03T00:00:00.000Z,website,prd1040,1580774400,1581120000,2020-02-04T00:00:00+00:00,2020-02-08T00:00:00+00:00,Aspen Heights: Atlanta,Aspen Heights,Atlanta,premium,1,1,0,4,144.71,578.84
orderid:668452,NFQ-T2FO,orderid:668452,crmid:2384265399,2019-12-04T03:25:13.000Z,website,prd1028,1577676313,1578194713,2019-12-30T03:25:13+00:00,2020-01-05T03:25:13+00:00,Aspen Heights: Portland,Aspen Heights,Portland,premium,1,1,0,6,143.69,862.14
orderid:791595,SCJ-NZ2R,orderid:791595,crmid:6341777538,2020-01-19T17:53:41.000Z,kiosk,prd1106,1581530021,1581702821,2020-02-12T17:53:41+00:00,2020-02-14T17:53:41+00:00,Blue Reef Resort: Munich,Blue Reef Resort,Munich,standard,1,1,0,2,153.56,307.12
orderid:922728,QDV-JQHJ,orderid:922728,crmid:4565615646,2019-12-07T22:34:33.000Z,call center,prd1124,1577658873,1578263673,2019-12-29T22:34:33+00:00,2020-01-05T22:34:33+00:00,Aspen Heights: Leeds,Aspen Heights,Leeds,standard,1,1,0,7,147.17,1030.19
orderid:578316,IHD-BYJH,orderid:578316,crmid:2645886115,2020-01-12T10:49:44.000Z,website,prd1014,1580726984,1581331784,2020-02-03T10:49:44+00:00,2020-02-10T10:49:44+00:00,Restful Nights: Jacksonville,Restful Nights,Jacksonville,premium,1,1,0,7,151.74,1062.18
orderid:247717,MHQ-YKVI,orderid:247717,crmid:3842711930,2019-12-11T09:21:02.000Z,website,prd1022,1576142462,1576228862,2019-12-12T09:21:02+00:00,2019-12-13T09:21:02+00:00,Blue Reef Resort: Washington DC,Blue Reef Resort,Washington DC,standard,1,1,0,1,174.96,174.96
orderid:406336,MP1-NBDA,orderid:406336,crmid:8031779423,2020-02-06T08:20:58.000Z,mobile,prd1160,1583482858,1584174058,2020-03-06T08:20:58+00:00,2020-03-14T08:20:58+00:00,Aspen Heights: Nashville,Aspen Heights,Nashville,standard,1,1,0,8,137.12,1096.96
orderid:501345,WSM-VM1U,orderid:501345,crmid:5409553229,2020-02-08T12:16:32.000Z,kiosk,prd1194,1583496992,1584101792,2020-03-06T12:16:32+00:00,2020-03-13T12:16:32+00:00,Restful Nights: Tianjin,Restful Nights,Tianjin,standard,1,1,0,7,119.6,837.2
orderid:803852,C3I-IFMR,orderid:803852,crmid:3878084280,2020-02-07T17:35:55.000Z,website,prd1016,1581615355,1582220155,2020-02-13T17:35:55+00:00,2020-02-20T17:35:55+00:00,Aspen Heights: Columbus,Aspen Heights,Columbus,standard,1,1,0,7,119.71,837.97
orderid:461437,C1A-C8ZV,orderid:461437,crmid:7861373382,2019-12-08T03:15:31.000Z,call center,prd1021,1576638931,1577070931,2019-12-18T03:15:31+00:00,2019-12-23T03:15:31+00:00,Admiralty Plaza: Denver,Admiralty Plaza,Denver,standard,1,1,0,5,106.42,532.1
orderid:451283,QQL-ZHSR,orderid:451283,crmid:6187591685,2019-12-06T02:20:40.000Z,website,prd1076,1575685240,1576030840,2019-12-07T02:20:40+00:00,2019-12-11T02:20:40+00:00,Aspen Heights: Bogota,Aspen Heights,Bogota,standard,1,1,0,4,126.24,504.96
orderid:894041,JJP-WFXH,orderid:894041,crmid:5607084790,2020-01-11T21:39:19.000Z,website,prd1034,1578865159,1579037959,2020-01-12T21:39:19+00:00,2020-01-14T21:39:19+00:00,Blue Reef Resort: Albuquerque,Blue Reef Resort,Albuquerque,standard,1,1,0,2,83.96,167.92
orderid:261474,NWF-P9KH,orderid:261474,crmid:5607084790,2020-01-16T00:00:00.000Z,kiosk,prd1172,1579478400,1579564800,2020-01-20T00:00:00+00:00,2020-01-21T00:00:00+00:00,Aspen Heights: Mesa,Aspen Heights,Mesa,premium,1,1,0,1,144.14,144.14
orderid:518071,WWM-A7SG,orderid:518071,crmid:6848677921,2020-01-12T01:37:55.000Z,kiosk,prd1179,1578879475,1579052275,2020-01-13T01:37:55+00:00,2020-01-15T01:37:55+00:00,Hospitality Inn: Miami,Hospitality Inn,Miami,premium,1,1,0,2,140.07,280.14
orderid:307154,ZEA-HDQW,orderid:307154,crmid:8322886416,2020-01-19T12:22:38.000Z,mobile,prd1144,1581769358,1582460558,2020-02-15T12:22:38+00:00,2020-02-23T12:22:38+00:00,Sandhill: San Diego,Sandhill,San Diego,premium,1,1,2,8,144.72,1157.76
orderid:366998,ZD5-2P4J,orderid:366998,crmid:6372371725,2020-01-30T10:37:57.000Z,website,prd1143,1582886277,1583404677,2020-02-28T10:37:57+00:00,2020-03-05T10:37:57+00:00,Hospitality Inn: San Antonio,Hospitality Inn,San Antonio,premium,1,1,0,6,114.34,686.04
orderid:870829,SIW-5EMJ,orderid:870829,crmid:4395284137,2020-02-11T04:30:22.000Z,mobile,prd1067,1581481822,1582000222,2020-02-12T04:30:22+00:00,2020-02-18T04:30:22+00:00,Nesting Box Inn: Istanbul,Nesting Box Inn,Istanbul,standard,1,1,3,6,150.05,900.3
orderid:964695,IKZ-ZVPG,orderid:964695,crmid:9535413135,2019-12-14T18:26:12.000Z,call center,prd1082,1578680772,1579199172,2020-01-10T18:26:12+00:00,2020-01-16T18:26:12+00:00,Blue Reef Resort: Surat,Blue Reef Resort,Surat,standard,1,1,3,6,135.52,813.12
orderid:957670,SGG-BX4N,orderid:957670,crmid:3900449258,2019-12-12T19:43:15.000Z,website,prd1196,1578512595,1579030995,2020-01-08T19:43:15+00:00,2020-01-14T19:43:15+00:00,Aspen Heights: Moscow,Aspen Heights,Moscow,premium,1,1,4,6,151.31,907.86
orderid:422766,ZZQ-8DR6,orderid:422766,crmid:8529787644,2020-01-29T06:15:53.000Z,call center,prd1083,1582524953,1583129753,2020-02-24T06:15:53+00:00,2020-03-02T06:15:53+00:00,Hospitality Inn: Bangkok,Hospitality Inn,Bangkok,standard,1,1,0,7,126.58,886.06
orderid:195434,2GP-DGNG,orderid:195434,crmid:5464182813,2020-01-04T14:36:20.000Z,website,prd1119,1579271780,1579617380,2020-01-17T14:36:20+00:00,2020-01-21T14:36:20+00:00,Hospitality Inn: Turin,Hospitality Inn,Turin,standard,1,1,0,4,127.47,509.88
orderid:506146,DIO-F9R6,orderid:506146,crmid:6874208632,2020-01-29T06:13:29.000Z,website,prd1184,1580364809,1580624009,2020-01-30T06:13:29+00:00,2020-02-02T06:13:29+00:00,Aspen Heights: Arlington,Aspen Heights,Arlington,standard,1,1,0,3,184.67,554.01
orderid:619700,R23-XA8S,orderid:619700,crmid:6874208632,2020-02-03T00:00:00.000Z,website,prd1098,1581033600,1581552000,2020-02-07T00:00:00+00:00,2020-02-13T00:00:00+00:00,Restful Nights: Kiev,Restful Nights,Kiev,premium,1,1,0,6,167.16,1002.96
orderid:443854,ARR-T4OP,orderid:443854,crmid:6874208632,2020-02-14T00:00:00.000Z,website,prd1130,1581811200,1581984000,2020-02-16T00:00:00+00:00,2020-02-18T00:00:00+00:00,Blue Reef Resort: Bremen,Blue Reef Resort,Bremen,luxury,1,1,0,2,391.09,782.18
orderid:388089,AFK-2ZS3,orderid:388089,crmid:7795384354,2020-01-28T12:57:00.000Z,website,prd1047,1581685020,1582203420,2020-02-14T12:57:00+00:00,2020-02-20T12:57:00+00:00,Hospitality Inn: Oakland,Hospitality Inn,Oakland,premium,1,1,0,6,127.59,765.54
orderid:460992,AQA-X4FM,orderid:460992,crmid:2443599829,2020-01-09T12:01:50.000Z,website,prd1040,1580817710,1580990510,2020-02-04T12:01:50+00:00,2020-02-06T12:01:50+00:00,Aspen Heights: Atlanta,Aspen Heights,Atlanta,standard,1,1,4,2,129.39,258.78
orderid:892685,XZ9-HTVP,orderid:892685,crmid:4842428347,2019-12-18T12:18:00.000Z,call center,prd1009,1578313080,1579004280,2020-01-06T12:18:00+00:00,2020-01-14T12:18:00+00:00,Admiralty Plaza: San Antonio,Admiralty Plaza,San Antonio,premium,1,1,0,8,164.26,1314.08
orderid:337409,1VX-PJTD,orderid:337409,crmid:6192240109,2019-12-10T14:42:04.000Z,kiosk,prd1009,1576075324,1576161724,2019-12-11T14:42:04+00:00,2019-12-12T14:42:04+00:00,Admiralty Plaza: San Antonio,Admiralty Plaza,San Antonio,premium,1,1,0,1,173.61,173.61
orderid:543578,HGQ-PDHI,orderid:543578,crmid:6263559217,2019-12-15T14:59:39.000Z,call center,prd1093,1578668379,1578927579,2020-01-10T14:59:39+00:00,2020-01-13T14:59:39+00:00,Admiralty Plaza: Yokohama,Admiralty Plaza,Yokohama,standard,1,1,0,3,87.42,262.26
orderid:848683,UXX-RGCR,orderid:848683,crmid:2090431248,2020-01-05T10:23:41.000Z,kiosk,prd1163,1579947821,1580379821,2020-01-25T10:23:41+00:00,2020-01-30T10:23:41+00:00,Nesting Box Inn: Oklahoma City,Nesting Box Inn,Oklahoma City,standard,1,1,0,5,92.06,460.3
orderid:208791,QGQ-KJQI,orderid:208791,crmid:2153643319,2020-01-29T18:06:59.000Z,mobile,prd1004,1582394819,1583086019,2020-02-22T18:06:59+00:00,2020-03-01T18:06:59+00:00,Aspen Heights: Boulder,Aspen Heights,Boulder,standard,1,1,0,8,139.17,1113.36
orderid:242855,JFI-KBTF,orderid:242855,crmid:1181430316,2020-01-03T16:34:03.000Z,call center,prd1004,1578242043,1578414843,2020-01-05T16:34:03+00:00,2020-01-07T16:34:03+00:00,Aspen Heights: Boulder,Aspen Heights,Boulder,standard,1,1,0,2,124.28,248.56
orderid:408139,6ZK-RV7S,orderid:408139,crmid:6197835305,2020-01-25T07:45:34.000Z,call center,prd1052,1581752734,1581925534,2020-02-15T07:45:34+00:00,2020-02-17T07:45:34+00:00,Aspen Heights: Wichita,Aspen Heights,Wichita,standard,1,1,4,2,142.84,285.68
orderid:133661,VMF-3P7O,orderid:133661,crmid:2679135639,2020-01-18T23:13:21.000Z,call center,prd1004,1579821201,1579907601,2020-01-23T23:13:21+00:00,2020-01-24T23:13:21+00:00,Aspen Heights: Boulder,Aspen Heights,Boulder,standard,1,1,0,1,180.85,180.85
orderid:859541,PLX-FC7I,orderid:859541,crmid:2679135639,2020-01-26T00:00:00.000Z,call center,prd1121,1580428800,1580515200,2020-01-31T00:00:00+00:00,2020-02-01T00:00:00+00:00,Grandeur Hotels: Stockholm,Grandeur Hotels,Stockholm,standard,1,1,0,1,140.73,140.73
orderid:232737,MSI-GFKM,orderid:232737,crmid:4851671979,2020-01-27T21:24:24.000Z,kiosk,prd1112,1582406664,1583270664,2020-02-22T21:24:24+00:00,2020-03-03T21:24:24+00:00,Aspen Heights: Birmingham,Aspen Heights,Birmingham,premium,1,1,0,10,124.17,1241.7
orderid:917994,NNV-GKCG,orderid:917994,crmid:4929520597,2020-02-16T15:01:10.000Z,kiosk,prd1119,1583766070,1584543670,2020-03-09T15:01:10+00:00,2020-03-18T15:01:10+00:00,Hospitality Inn: Turin,Hospitality Inn,Turin,standard,1,1,3,9,159.38,1434.42
orderid:349018,CPU-B7WI,orderid:349018,crmid:2638709680,2019-12-23T17:21:22.000Z,website,prd1178,1577294482,1577553682,2019-12-25T17:21:22+00:00,2019-12-28T17:21:22+00:00,Blue Reef Resort: Colorado Springs,Blue Reef Resort,Colorado Springs,standard,1,1,0,3,101.6,304.8
orderid:711676,48M-LDIH,orderid:711676,crmid:7128369434,2019-12-16T19:50:41.000Z,mobile,prd1187,1577130641,1577821841,2019-12-23T19:50:41+00:00,2019-12-31T19:50:41+00:00,Nesting Box Inn: Cleveland,Nesting Box Inn,Cleveland,premium,1,1,0,8,133.44,1067.52
orderid:908519,KGZ-6SYU,orderid:908519,crmid:5211024332,2020-01-29T04:18:20.000Z,website,prd1155,1580444300,1580530700,2020-01-31T04:18:20+00:00,2020-02-01T04:18:20+00:00,Hospitality Inn: Denver,Hospitality Inn,Denver,standard,1,1,0,1,168.86,168.86
