{"_id": "orderid:942700", "timestamp": "2019-12-02T10:07:03.000Z", "eventType": "transaction", "_adobeamericaspot3": {"CRMID": "crmid:3318120263", "orderDetails": {"orderID": "orderid:942700", "reservationid": "GXX-MMJ1", "orderType": "website", "hotelSKU": "prd1127", "hotelCheckInUnix": "1575367623", "hotelCheckOutUnix": "1575454023", "hotelCheckInTS": "2019-12-03T10:07:03+00:00", "hotelCheckOutTS": "2019-12-04T10:07:03+00:00", "hotelChain": "Nesting Box Inn", "hotelName": "Nesting Box Inn: Glasgow", "hotelLocation": "Glasgow", "hotelRoomType": "premium", "hotelRoomCount": "1", "hotelGuestAdultCount": "1", "hotelGuestChildCount": "0", "hotelNightCount": "1", "hotelRoomPrice": "115.51", "hotelFinalPrice": "115.51"}}}
{"_id": "orderid:249764", "timestamp": "2020-02-03T10:58:56.000Z", "eventType": "transaction", "_adobeamericaspot3": {"CRMID": "crmid:5446386627", "orderDetails": {"orderID": "orderid:249764", "reservationid": "MGW-I35M", "orderType": "service desk", "hotelSKU": "prd1158", "hotelCheckInUnix": "1581505136", "hotelCheckOutUnix": "1582801136", "hotelCheckInTS": "2020-02-12T10:58:56+00:00", "hotelCheckOutTS": "2020-02-27T10:58:56+00:00", "hotelChain": "Restful Nights", "hotelName": "Restful Nights: El Paso", "hotelLocation": "El Paso", "hotelRoomType": "standard", "hotelRoomCount": "1", "hotelGuestAdultCount": "1", "hotelGuestChildCount": "4", "hotelNightCount": "15", "hotelRoomPrice": "158.94", "hotelFinalPrice": "2384.1"}}}
{"_id": "orderid:829710", "timestamp": "2020-01-08T00:25:04.000Z", "eventType": "transaction", "_adobeamericaspot3": {"CRMID": "crmid:8097627500", "orderDetails": {"orderID": "orderid:829710", "reservationid": "E8T-G0ZM", "orderType": "kiosk", "hotelSKU": "prd1109", "hotelCheckInUnix": "1580430304", "hotelCheckOutUnix": "1580948704", "hotelCheckInTS": "2020-01-31T00:25:04+00:00", "hotelCheckOutTS": "2020-02-06T00:25:04+00:00", "hotelChain": "Grandeur Hotels", "hotelName": "Grandeur Hotels: Belgrade", "hotelLocation": "Belgrade", "hotelRoomType": "standard", "hotelRoomCount": "1", "hotelGuestAdultCount": "1", "hotelGuestChildCount": "0", "hotelNightCount": "6", "hotelRoomPrice": "135.89", "hotelFinalPrice": "815.34"}}}
{"_id": "orderid:590077", "timestamp": "2020-02-11T05:58:58.000Z", "eventType": "transaction", "_adobeamericaspot3": {"CRMID": "crmid:1468767979", "orderDetails": {"orderID": "orderid:590077", "reservationid": "X1M-V60G", "orderType": "kiosk", "hotelSKU": "prd1103", "hotelCheckInUnix": "1583647138", "hotelCheckOutUnix": "1585029538", "hotelCheckInTS": "2020-03-08T05:58:58+00:00", "hotelCheckOutTS": "2020-03-24T05:58:58+00:00", "hotelChain": "Nesting Box Inn", "hotelName": "Nesting Box Inn: Hamburg", "hotelLocation": "Hamburg", "hotelRoomType": "standard", "hotelRoomCount": "1", "hotelGuestAdultCount": "1", "hotelGuestChildCount": "2", "hotelNightCount": "16", "hotelRoomPrice": "141.69", "hotelFinalPrice": "2267.04"}}}
{"_id": "orderid:387403", "timestamp": "2020-01-20T22:15:29.000Z", "eventType": "transaction", "_adobeamericaspot3": {"CRMID": "crmid:3670252408", "orderDetails": {"orderID": "orderid:387403", "reservationid": "WEB-UQQZ", "orderType": "service desk", "hotelSKU": "prd1082", "hotelCheckInUnix": "1581891329", "hotelCheckOutUnix": "1583446529", "hotelCheckInTS": "2020-02-16T22:15:29+00:00", "hotelCheckOutTS": "2020-03-05T22:15:29+00:00", "hotelChain": "Blue Reef Resort", "hotelName": "Blue Reef Resort: Surat", "hotelLocation": "Surat", "hotelRoomType": "standard", "hotelRoomCount": "1", "hotelGuestAdultCount": "1", "hotelGuestChildCount": "4", "hotelNightCount": "18", "hotelRoomPrice": "123.83", "hotelFinalPrice": "2228.94"}}}
{"_id": "orderid:689345", "timestamp": "2020-01-18T04:12:18.000Z", "eventType": "transaction", "_adobeamericaspot3": {"CRMID": "crmid:6332739967", "orderDetails": {"orderID": "orderid:689345", "reservationid": "7OQ-Q4DB", "orderType": "kiosk", "hotelSKU": "prd1022", "hotelCheckInUnix": "1581739938", "hotelCheckOutUnix": "1582344738", "hotelCheckInTS": "2020-02-15T04:12:18+00:00", "hotelCheckOutTS": "2020-02-22T04:12:18+00:00", "hotelChain": "Blue Reef Resort", "hotelName": "Blue Reef Resort: Washington DC", "hotelLocation": "Washington DC", "hotelRoomType": "premium", "hotelRoomCount": "1", "hotelGuestAdultCount": "1", "hotelGuestChildCount": "0", "hotelNightCount": "7", "hotelRoomPrice": "138.88", "hotelFinalPrice": "972.16"}}}
{"_id": "orderid:785041", "timestamp": "2020-01-02T02:45:35.000Z", "eventType": "transaction", "_adobeamericaspot3": {"CRMID": "crmid:3677822223", "orderDetails": {"orderID": "orderid:785041", "reservationid": "FZV-4YLD", "orderType": "call center", "hotelSKU": "prd1184", "hotelCheckInUnix": "1579229135", "hotelCheckOutUnix": "1579920335", "hotelCheckInTS": "2020-01-17T02:45:35+00:00", "hotelCheckOutTS": "2020-01-25T02:45:35+00:00", "hotelChain": "Aspen Heights", "hotelName": "Aspen Heights: Arlington", "hotelLocation": "Arlington", "hotelRoomType": "standard", "hotelRoomCount": "1", "hotelGuestAdultCount": "1", "hotelGuestChildCount": "0", "hotelNightCount": "8", "hotelRoomPrice": "111.48", "hotelFinalPrice": "891.84"}}}
{"_id": "orderid:194954", "timestamp": "2020-01-16T19:52:40.000Z", "eventType": "transaction", "_adobeamericaspot3": {"CRMID": "crmid:9398551106", "orderDetails": {"orderID": "orderid:194954", "reservationid": "45R-Q0DC", "orderType": "service desk", "hotelSKU": "prd1189", "hotelCheckInUnix": "1579290760", "hotelCheckOutUnix": "1579636360", "hotelCheckInTS": "2020-01-17T19:52:40+00:00", "hotelCheckOutTS": "2020-01-21T19:52:40+00:00", "hotelChain": "Admiralty Plaza", "hotelName": "Admiralty Plaza: Bakersfield", "hotelLocation": "Bakersfield", "hotelRoomType": "standard", "hotelRoomCount": "1", "hotelGuestAdultCount": "1", "hotelGuestChildCount": "0", "hotelNightCount": "4", "hotelRoomPrice": "136.27", "hotelFinalPrice": "545.08"}}}
{"_id": "orderid:874232", "timestamp": "2019-12-25T18:44:34.000Z", "eventType": "transaction", "_adobeamericaspot3": {"CRMID": "crmid:1559502932", "orderDetails": {"orderID": "orderid:874232", "reservationid": "JFO-7XUO", "orderType": "website", "hotelSKU": "prd1052", "hotelCheckInUnix": "1578768274", "hotelCheckOutUnix": "1579459474", "hotelCheckInTS": "2020-01-11T18:44:34+00:00", "hotelCheckOutTS": "2020-01-19T18:44:34+00:00", "hotelChain": "Aspen Heights", "hotelName": "Aspen Heights: Wichita", "hotelLocation": "Wichita", "hotelRoomType": "premium", "hotelRoomCount": "1", "hotelGuestAdultCount": "1", "hotelGuestChildCount": "0", "hotelNightCount": "8", "hotelRoomPrice": "147.71", "hotelFinalPrice": "1181.68"}}}
{"_id": "orderid:158953", "timestamp": "2020-01-15T16:20:58.000Z", "eventType": "transaction", "_adobeamericaspot3": {"CRMID": "crmid:2471900746", "orderDetails": {"orderID": "orderid:158953", "reservationid": "ROO-G8YC", "orderType": "website", "hotelSKU": "prd1068", "hotelCheckInUnix": "1581006058", "hotelCheckOutUnix": "1582474858", "hotelCheckInTS": "2020-02-06T16:20:58+00:00", "hotelCheckOutTS": "2020-02-23T16:20:58+00:00", "hotelChain": "Repose Resort", "hotelName": "Repose Resort: Dhaka", "hotelLocation": "Dhaka", "hotelRoomType": "premium", "hotelRoomCount": "1", "hotelGuestAdultCount": "1", "hotelGuestChildCount": "0", "hotelNightCount": "17", "hotelRoomPrice": "139.92", "hotelFinalPrice": "2378.64"}}}
{"_id": "orderid:691834", "timestamp": "2020-01-30T15:11:21.000Z", "eventType": "transaction", "_adobeamericaspot3": {"CRMID": "crmid:6002365281", "orderDetails": {"orderID": "orderid:691834", "reservationid": "VGX-KGE7", "orderType": "website", "hotelSKU": "prd1100", "hotelCheckInUnix": "1582816281", "hotelCheckOutUnix": "1583853081", "hotelCheckInTS": "2020-02-27T15:11:21+00:00", "hotelCheckOutTS": "2020-03-10T15:11:21+00:00", "hotelChain": "Aspen Heights", "hotelName": "Aspen Heights: Misk", "hotelLocation": "Misk", "hotelRoomType": "standard", "hotelRoomCount": "1", "hotelGuestAdultCount": "1", "hotelGuestChildCount": "1", "hotelNightCount": "12", "hotelRoomPrice": "166.88", "hotelFinalPrice": "2002.56"}}}
{"_id": "orderid:605623", "timestamp": "2020-01-04T21:20:39.000Z", "eventType": "transaction", "_adobeamericaspot3": {"CRMID": "crmid:6251625397", "orderDetails": {"orderID": "orderid:605623", "reservationid": "O8P-PRG7", "orderType": "mobile", "hotelSKU": "prd1190", "hotelCheckInUnix": "1580246439", "hotelCheckOutUnix": "1581801639", "hotelCheckInTS": "2020-01-28T21:20:39+00:00", "hotelCheckOutTS": "2020-02-15T21:20:39+00:00", "hotelChain": "Blue Reef Resort", "hotelName": "Blue Reef Resort: Aurora", "hotelLocation": "Aurora", "hotelRoomType": "premium", "hotelRoomCount": "1", "hotelGuestAdultCount": "1", "hotelGuestChildCount": "0", "hotelNightCount": "18", "hotelRoomPrice": "156.0", "hotelFinalPrice": "2808.0"}}}
{"_id": "orderid:544670", "timestamp": "2019-12-07T15:37:47.000Z", "eventType": "transaction", "_adobeamericaspot3": {"CRMID": "crmid:9516335909", "orderDetails": {"orderID": "orderid:544670", "reservationid": "OCV-ALOX", "orderType": "website", "hotelSKU": "prd1011", "hotelCheckInUnix": "1576078667", "hotelCheckOutUnix": "1576942667", "hotelCheckInTS": "2019-12-11T15:37:47+00:00", "hotelCheckOutTS": "2019-12-21T15:37:47+00:00", "hotelChain": "Hospitality Inn", "hotelName": "Hospitality Inn: Dallas", "hotelLocation": "Dallas", "hotelRoomType": "standard", "hotelRoomCount": "1", "hotelGuestAdultCount": "1", "hotelGuestChildCount": "0", "hotelNightCount": "10", "hotelRoomPrice": "175.04", "hotelFinalPrice": "1750.4"}}}
{"_id": "orderid:186010", "timestamp": "2020-02-11T23:34:23.000Z", "eventType": "transaction", "_adobeamericaspot3": {"CRMID": "crmid:7973380781", "orderDetails": {"orderID": "orderid:186010", "reservationid": "WND-MRWR", "orderType": "website", "hotelSKU": "prd1061", "hotelCheckInUnix": "1583710463", "hotelCheckOutUnix": "1584574463", "hotelCheckInTS": "2020-03-08T23:34:23+00:00", "hotelCheckOutTS": "2020-03-18T23:34:23+00:00", "hotelChain": "Grandeur Hotels", "hotelName": "Grandeur Hotels: Lahore", "hotelLocation": "Lahore", "hotelRoomType": "standard", "hotelRoomCount": "1", "hotelGuestAdultCount": "1", "hotelGuestChildCount": "0", "hotelNightCount": "10", "hotelRoomPrice": "165.03", "hotelFinalPrice": "1650.3"}}}
{"_id": "orderid:835776", "timestamp": "2020-02-11T08:35:29.000Z", "eventType": "transaction", "_adobeamericaspot3": {"CRMID": "crmid:8015150598", "orderDetails": {"orderID": "orderid:835776", "reservationid": "IWC-RZEB", "orderType": "website", "hotelSKU": "prd1073", "hotelCheckInUnix": "1583570129", "hotelCheckOutUnix": "1584261329", "hotelCheckInTS": "2020-03-07T08:35:29+00:00", "hotelCheckOutTS": "2020-03-15T08:35:29+00:00", "hotelChain": "Grandeur Hotels", "hotelName": "Grandeur Hotels: Lima", "hotelLocation": "Lima", "hotelRoomType": "standard", "hotelRoomCount": "1", "hotelGuestAdultCount": "1", "hotelGuestChildCount": "0", "hotelNightCount": "8", "hotelRoomPrice": "106.21", "hotelFinalPrice": "849.68"}}}
{"_id": "orderid:618771", "timestamp": "2019-12-12T10:47:29.000Z", "eventType": "transaction", "_adobeamericaspot3": {"CRMID": "crmid:1088167667", "orderDetails": {"orderID": "orderid:618771", "reservationid": "ME5-ERVZ", "orderType": "call center", "hotelSKU": "prd1101", "hotelCheckInUnix": "1577875649", "hotelCheckOutUnix": "1578998849", "hotelCheckInTS": "2020-01-01T10:47:29+00:00", "hotelCheckOutTS": "2020-01-14T10:47:29+00:00", "hotelChain": "Sapphire Suites", "hotelName": "Sapphire Suites: Vienna", "hotelLocation": "Vienna", "hotelRoomType": "premium", "hotelRoomCount": "1", "hotelGuestAdultCount": "1", "hotelGuestChildCount": "0", "hotelNightCount": "13", "hotelRoomPrice": "149.43", "hotelFinalPrice": "1942.59"}}}
{"_id": "orderid:932113", "timestamp": "2020-01-03T00:02:15.000Z", "eventType": "transaction", "_adobeamericaspot3": {"CRMID": "crmid:4014317892", "orderDetails": {"orderID": "orderid:932113", "reservationid": "T1X-P1ZB", "orderType": "kiosk", "hotelSKU": "prd1179", "hotelCheckInUnix": "1578787335", "hotelCheckOutUnix": "1579392135", "hotelCheckInTS": "2020-01-12T00:02:15+00:00", "hotelCheckOutTS": "2020-01-19T00:02:15+00:00", "hotelChain": "Hospitality Inn", "hotelName": "Hospitality Inn: Miami", "hotelLocation": "Miami", "hotelRoomType": "premium", "hotelRoomCount": "1", "hotelGuestAdultCount": "1", "hotelGuestChildCount": "0", "hotelNightCount": "7", "hotelRoomPrice": "150.78", "hotelFinalPrice": "1055.46"}}}
{"_id": "orderid:236347", "timestamp": "2019-12-27T15:53:30.000Z", "eventType": "transaction", "_adobeamericaspot3": {"CRMID": "crmid:4114508082", "orderDetails": {"orderID": "orderid:236347", "reservationid": "DML-GEBM", "orderType": "call center", "hotelSKU": "prd1020", "hotelCheckInUnix": "1578066810", "hotelCheckOutUnix": "1579708410", "hotelCheckInTS": "2020-01-03T15:53:30+00:00", "hotelCheckOutTS": "2020-01-22T15:53:30+00:00", "hotelChain": "Repose Resort", "hotelName": "Repose Resort: Seattle", "hotelLocation": "Seattle", "hotelRoomType": "standard", "hotelRoomCount": "1", "hotelGuestAdultCount": "1", "hotelGuestChildCount": "0", "hotelNightCount": "19", "hotelRoomPrice": "165.92", "hotelFinalPrice": "3152.48"}}}
{"_id": "orderid:596256", "timestamp": "2019-12-28T14:10:00.000Z", "eventType": "transaction", "_adobeamericaspot3": {"CRMID": "crmid:1220790861", "orderDetails": {"orderID": "orderid:596256", "reservationid": "COD-BC4L", "orderType": "call center", "hotelSKU": "prd1088", "hotelCheckInUnix": "1578924600", "hotelCheckOutUnix": "1579270200", "hotelCheckInTS": "2020-01-13T14:10:00+00:00", "hotelCheckOutTS": "2020-01-17T14:10:00+00:00", "hotelChain": "Aspen Heights", "hotelName": "Aspen Heights: Ankara", "hotelLocation": "Ankara", "hotelRoomType": "standard", "hotelRoomCount": "1", "hotelGuestAdultCount": "1", "hotelGuestChildCount": "3", "hotelNightCount": "4", "hotelRoomPrice": "180.34", "hotelFinalPrice": "721.36"}}}
{"_id": "orderid:282636", "timestamp": "2020-01-20T15:14:56.000Z", "eventType": "transaction", "_adobeamericaspot3": {"CRMID": "crmid:8550147500", "orderDetails": {"orderID": "orderid:282636", "reservationid": "OU7-MC8T", "orderType": "website", "hotelSKU": "prd1046", "hotelCheckInUnix": "1581347696", "hotelCheckOutUnix": "1582038896", "hotelCheckInTS": "2020-02-10T15:14:56+00:00", "hotelCheckOutTS": "2020-02-18T15:14:56+00:00", "hotelChain": "Blue Reef Resort", "hotelName": "Blue Reef Resort: Virginia Beach", "hotelLocation": "Virginia Beach", "hotelRoomType": "luxury", "hotelRoomCount": "1", "hotelGuestAdultCount": "1", "hotelGuestChildCount": "0", "hotelNightCount": "8", "hotelRoomPrice": "320.24", "hotelFinalPrice": "2561.92"}}}
{"_id": "orderid:387128", "timestamp": "2020-01-24T00:58:43.000Z", "eventType": "transaction", "_adobeamericaspot3": {"CRMID": "crmid:9302167134", "orderDetails": {"orderID": "orderid:387128", "reservationid": "7DB-7VAS", "orderType": "call center", "hotelSKU": "prd1151", "hotelCheckInUnix": "1582073923", "hotelCheckOutUnix": "1582419523", "hotelCheckInTS": "2020-02-19T00:58:43+00:00", "hotelCheckOutTS": "2020-02-23T00:58:43+00:00", "hotelChain": "Nesting Box Inn", "hotelName": "Nesting Box Inn: Fort Worth", "hotelLocation": "Fort Worth", "hotelRoomType": "standard", "hotelRoomCount": "1", "hotelGuestAdultCount": "1", "hotelGuestChildCount": "0", "hotelNightCount": "4", "hotelRoomPrice": "140.42", "hotelFinalPrice": "561.68"}}}
{"_id": "orderid:151681", "timestamp": "2019-12-17T20:04:34.000Z", "eventType": "transaction", "_adobeamericaspot3": {"CRMID": "crmid:5273852786", "orderDetails": {"orderID": "orderid:151681", "reservationid": "SIZ-OBDV", "orderType": "mobile", "hotelSKU": "prd1011", "hotelCheckInUnix": "1578427474", "hotelCheckOutUnix": "1578773074", "hotelCheckInTS": "2020-01-07T20:04:34+00:00", "hotelCheckOutTS": "2020-01-11T20:04:34+00:00", "hotelChain": "Hospitality Inn", "hotelName": "Hospitality Inn: Dallas", "hotelLocation": "Dallas", "hotelRoomType": "premium", "hotelRoomCount": "1", "hotelGuestAdultCount": "1", "hotelGuestChildCount": "0", "hotelNightCount": "4", "hotelRoomPrice": "146.0", "hotelFinalPrice": "584.0"}}}
{"_id": "orderid:321193", "timestamp": "2020-02-06T11:13:30.000Z", "eventType": "transaction", "_adobeamericaspot3": {"CRMID": "crmid:8548418559", "orderDetails": {"orderID": "orderid:321193", "reservationid": "NVX-T2BX", "orderType": "mobile", "hotelSKU": "prd1145", "hotelCheckInUnix": "1582888410", "hotelCheckOutUnix": "1583493210", "hotelCheckInTS": "2020-02-28T11:13:30+00:00", "hotelCheckOutTS": "2020-03-06T11:13:30+00:00", "hotelChain": "Grandeur Hotels", "hotelName": "Grandeur Hotels: Dallas", "hotelLocation": "Dallas", "hotelRoomType": "premium", "hotelRoomCount": "1", "hotelGuestAdultCount": "1", "hotelGuestChildCount": "0", "hotelNightCount": "7", "hotelRoomPrice": "154.28", "hotelFinalPrice": "1079.96"}}}
{"_id": "orderid:443988", "timestamp": "2020-02-12T04:26:59.000Z", "eventType": "transaction", "_adobeamericaspot3": {"CRMID": "crmid:6413847331", "orderDetails": {"orderID": "orderid:443988", "reservationid": "UUL-XFRT", "orderType": "website", "hotelSKU": "prd1009", "hotelCheckInUnix": "1581740819", "hotelCheckOutUnix": "1582086419", "hotelCheckInTS": "2020-02-15T04:26:59+00:00", "hotelCheckOutTS": "2020-02-19T04:26:59+00:00", "hotelChain": "Admiralty Plaza", "hotelName": "Admiralty Plaza: San Antonio", "hotelLocation": "San Antonio", "hotelRoomType": "standard", "hotelRoomCount": "1", "hotelGuestAdultCount": "1", "hotelGuestChildCount": "0", "hotelNightCount": "4", "hotelRoomPrice": "155.96", "hotelFinalPrice": "623.84"}}}
{"_id": "orderid:334577", "timestamp": "2020-01-14T00:39:15.000Z", "eventType": "transaction", "_adobeamericaspot3": {"CRMID": "crmid:6158101888", "orderDetails": {"orderID": "orderid:334577", "reservationid": "F3F-KCIU", "orderType": "kiosk", "hotelSKU": "prd1121", "hotelCheckInUnix": "1580517555", "hotelCheckOutUnix": "1581208755", "hotelCheckInTS": "2020-02-01T00:39:15+00:00", "hotelCheckOutTS": "2020-02-09T00:39:15+00:00", "hotelChain": "Grandeur Hotels", "hotelName": "Grandeur Hotels: Stockholm", "hotelLocation": "Stockholm", "hotelRoomType": "premium", "hotelRoomCount": "1", "hotelGuestAdultCount": "1", "hotelGuestChildCount": "1", "hotelNightCount": "8", "hotelRoomPrice": "161.81", "hotelFinalPrice": "1294.48"}}}
{"_id": "orderid:275034", "timestamp": "2020-01-09T08:33:00.000Z", "eventType": "transaction", "_adobeamericaspot3": {"CRMID": "crmid:1824528621", "orderDetails": {"orderID": "orderid:275034", "reservationid": "0I2-VL3R", "orderType": "website", "hotelSKU": "prd1076", "hotelCheckInUnix": "1578990780", "hotelCheckOutUnix": "1579077180", "hotelCheckInTS": "2020-01-14T08:33:00+00:00", "hotelCheckOutTS": "2020-01-15T08:33:00+00:00", "hotelChain": "Aspen Heights", "hotelName": "Aspen Heights: Bogota", "hotelLocation": "Bogota", "hotelRoomType": "standard", "hotelRoomCount": "1", "hotelGuestAdultCount": "1", "hotelGuestChildCount": "0", "hotelNightCount": "1", "hotelRoomPrice": "136.71", "hotelFinalPrice": "136.71"}}}
{"_id": "orderid:560182", "timestamp": "2020-01-08T11:20:52.000Z", "eventType": "transaction", "_adobeamericaspot3": {"CRMID": "crmid:1209239952", "orderDetails": {"orderID": "orderid:560182", "reservationid": "LHQ-UUCM", "orderType": "mobile", "hotelSKU": "prd1076", "hotelCheckInUnix": "1578568852", "hotelCheckOutUnix": "1578655252", "hotelCheckInTS": "2020-01-09T11:20:52+00:00", "hotelCheckOutTS": "2020-01-10T11:20:52+00:00", "hotelChain": "Aspen Heights", "hotelName": "Aspen Heights: Bogota", "hotelLocation": "Bogota", "hotelRoomType": "standard", "hotelRoomCount": "1", "hotelGuestAdultCount": "1", "hotelGuestChildCount": "0", "hotelNightCount": "1", "hotelRoomPrice": "184.16", "hotelFinalPrice": "184.16"}}}
{"_id": "orderid:685805", "timestamp": "2020-01-13T17:13:11.000Z", "eventType": "transaction", "_adobeamericaspot3": {"CRMID": "crmid:2274071883", "orderDetails": {"orderID": "orderid:685805", "reservationid": "B7O-ZXGV", "orderType": "kiosk", "hotelSKU": "prd1007", "hotelCheckInUnix": "1580836391", "hotelCheckOutUnix": "1581268391", "hotelCheckInTS": "2020-02-04T17:13:11+00:00", "hotelCheckOutTS": "2020-02-09T17:13:11+00:00", "hotelChain": "Nesting Box Inn", "hotelName": "Nesting Box Inn: Phoenix", "hotelLocation": "Phoenix", "hotelRoomType": "standard", "hotelRoomCount": "1", "hotelGuestAdultCount": "1", "hotelGuestChildCount": "4", "hotelNightCount": "5", "hotelRoomPrice": "178.77", "hotelFinalPrice": "893.85"}}}
{"_id": "orderid:212411", "timestamp": "2019-12-29T11:49:48.000Z", "eventType": "transaction", "_adobeamericaspot3": {"CRMID": "crmid:4762557503", "orderDetails": {"orderID": "orderid:212411", "reservationid": "7DJ-SPLG", "orderType": "mobile", "hotelSKU": "prd1004", "hotelCheckInUnix": "1578138588", "hotelCheckOutUnix": "1579088988", "hotelCheckInTS": "2020-01-04T11:49:48+00:00", "hotelCheckOutTS": "2020-01-15T11:49:48+00:00", "hotelChain": "Aspen Heights", "hotelName": "Aspen Heights: Boulder", "hotelLocation": "Boulder", "hotelRoomType": "standard", "hotelRoomCount": "1", "hotelGuestAdultCount": "1", "hotelGuestChildCount": "0", "hotelNightCount": "11", "hotelRoomPrice": "150.4", "hotelFinalPrice": "1654.4"}}}
{"_id": "orderid:418832", "timestamp": "2020-01-04T10:51:57.000Z", "eventType": "transaction", "_adobeamericaspot3": {"CRMID": "crmid:1849803145", "orderDetails": {"orderID": "orderid:418832", "reservationid": "4MK-BHPK", "orderType": "call center", "hotelSKU": "prd1119", "hotelCheckInUnix": "1579949517", "hotelCheckOutUnix": "1580986317", "hotelCheckInTS": "2020-01-25T10:51:57+00:00", "hotelCheckOutTS": "2020-02-06T10:51:57+00:00", "hotelChain": "Hospitality Inn", "hotelName": "Hospitality Inn: Turin", "hotelLocation": "Turin", "hotelRoomType": "premium", "hotelRoomCount": "1", "hotelGuestAdultCount": "1", "hotelGuestChildCount": "4", "hotelNightCount": "12", "hotelRoomPrice": "157.42", "hotelFinalPrice": "1889.04"}}}
{"_id": "orderid:155315", "timestamp": "2019-12-25T18:09:02.000Z", "eventType": "transaction", "_adobeamericaspot3": {"CRMID": "crmid:1333638647", "orderDetails": {"orderID": "orderid:155315", "reservationid": "GT4-IFEO", "orderType": "kiosk", "hotelSKU": "prd1100", "hotelCheckInUnix": "1577383742", "hotelCheckOutUnix": "1577470142", "hotelCheckInTS": "2019-12-26T18:09:02+00:00", "hotelCheckOutTS": "2019-12-27T18:09:02+00:00", "hotelChain": "Aspen Heights", "hotelName": "Aspen Heights: Misk", "hotelLocation": "Misk", "hotelRoomType": "luxury", "hotelRoomCount": "1", "hotelGuestAdultCount": "1", "hotelGuestChildCount": "0", "hotelNightCount": "1", "hotelRoomPrice": "349.3", "hotelFinalPrice": "349.3"}}}
{"_id": "orderid:734566", "timestamp": "2019-12-28T00:00:00.000Z", "eventType": "transaction", "_adobeamericaspot3": {"CRMID": "crmid:1333638647", "orderDetails": {"orderID": "orderid:734566", "reservationid": "BY7-MZSF", "orderType": "service desk", "hotelSKU": "prd1098", "hotelCheckInUnix": "1577577600", "hotelCheckOutUnix": "1578096000", "hotelCheckInTS": "2019-12-29T00:00:00+00:00", "hotelCheckOutTS": "2020-01-04T00:00:00+00:00", "hotelChain": "Restful Nights", "hotelName": "Restful Nights: Kiev", "hotelLocation": "Kiev", "hotelRoomType": "standard", "hotelRoomCount": "1", "hotelGuestAdultCount": "1", "hotelGuestChildCount": "0", "hotelNightCount": "6", "hotelRoomPrice": "143.37", "hotelFinalPrice": "860.22"}}}
{"_id": "orderid:746264", "timestamp": "2019-12-27T00:18:55.000Z", "eventType": "transaction", "_adobeamericaspot3": {"CRMID": "crmid:5066826718", "orderDetails": {"orderID": "orderid:746264", "reservationid": "BJH-NEAN", "orderType": "mobile", "hotelSKU": "prd1128", "hotelCheckInUnix": "1579652335", "hotelCheckOutUnix": "1580257135", "hotelCheckInTS": "2020-01-22T00:18:55+00:00", "hotelCheckOutTS": "2020-01-29T00:18:55+00:00", "hotelChain": "Repose Resort", "hotelName": "Repose Resort: Rotterdam", "hotelLocation": "Rotterdam", "hotelRoomType": "standard", "hotelRoomCount": "1", "hotelGuestAdultCount": "1", "hotelGuestChildCount": "0", "hotelNightCount": "7", "hotelRoomPrice": "133.13", "hotelFinalPrice": "931.91"}}}
{"_id": "orderid:873673", "timestamp": "2020-01-16T07:55:49.000Z", "eventType": "transaction", "_adobeamericaspot3": {"CRMID": "crmid:9572330458", "orderDetails": {"orderID": "orderid:873673", "reservationid": "O9V-NOZM", "orderType": "website", "hotelSKU": "prd1059", "hotelCheckInUnix": "1579334149", "hotelCheckOutUnix": "1579506949", "hotelCheckInTS": "2020-01-18T07:55:49+00:00", "hotelCheckOutTS": "2020-01-20T07:55:49+00:00", "hotelChain": "Hospitality Inn", "hotelName": "Hospitality Inn: Kinshasa", "hotelLocation": "Kinshasa", "hotelRoomType": "standard", "hotelRoomCount": "1", "hotelGuestAdultCount": "1", "hotelGuestChildCount": "0", "hotelNightCount": "2", "hotelRoomPrice": "174.07", "hotelFinalPrice": "348.14"}}}
{"_id": "orderid:265878", "timestamp": "2020-01-21T00:00:00.000Z", "eventType": "transaction", "_adobeamericaspot3": {"CRMID": "crmid:9572330458", "orderDetails": {"orderID": "orderid:265878", "reservationid": "2LJ-5IBX", "orderType": "website", "hotelSKU": "prd1093", "hotelCheckInUnix": "1579824000", "hotelCheckOutUnix": "1579910400", "hotelCheckInTS": "2020-01-24T00:00:00+00:00", "hotelCheckOutTS": "2020-01-25T00:00:00+00:00", "hotelChain": "Admiralty Plaza", "hotelName": "Admiralty Plaza: Yokohama", "hotelLocation": "Yokohama", "hotelRoomType": "standard", "hotelRoomCount": "1", "hotelGuestAdultCount": "1", "hotelGuestChildCount": "0", "hotelNightCount": "1", "hotelRoomPrice": "172.92", "hotelFinalPrice": "172.92"}}}
{"_id": "orderid:890029", "timestamp": "2020-01-27T16:59:51.000Z", "eventType": "transaction", "_adobeamericaspot3": {"CRMID": "crmid:2841719751", "orderDetails": {"orderID": "orderid:890029", "reservationid": "MWB-HNAN", "orderType": "call center", "hotelSKU": "prd1160", "hotelCheckInUnix": "1582563591", "hotelCheckOutUnix": "1582995591", "hotelCheckInTS": "2020-02-24T16:59:51+00:00", "hotelCheckOutTS": "2020-02-29T16:59:51+00:00", "hotelChain": "Aspen Heights", "hotelName": "Aspen Heights: Nashville", "hotelLocation": "Nashville", "hotelRoomType": "premium", "hotelRoomCount": "1", "hotelGuestAdultCount": "1", "hotelGuestChildCount": "0", "hotelNightCount": "5", "hotelRoomPrice": "114.08", "hotelFinalPrice": "570.4"}}}
{"_id": "orderid:559788", "timestamp": "2020-02-14T15:40:39.000Z", "eventType": "transaction", "_adobeamericaspot3": {"CRMID": "crmid:1113189853", "orderDetails": {"orderID": "orderid:559788", "reservationid": "XWR-SQGZ", "orderType": "mobile", "hotelSKU": "prd1180", "hotelCheckInUnix": "1582040439", "hotelCheckOutUnix": "1583250039", "hotelCheckInTS": "2020-02-18T15:40:39+00:00", "hotelCheckOutTS": "2020-03-03T15:40:39+00:00", "hotelChain": "Sandhill", "hotelName": "Sandhill: Virginia Beach", "hotelLocation": "Virginia Beach", "hotelRoomType": "standard", "hotelRoomCount": "1", "hotelGuestAdultCount": "1", "hotelGuestChildCount": "0", "hotelNightCount": "14", "hotelRoomPrice": "136.81", "hotelFinalPrice": "1915.34"}}}
{"_id": "orderid:457814", "timestamp": "2019-12-27T01:48:28.000Z", "eventType": "transaction", "_adobeamericaspot3": {"CRMID": "crmid:4586597288", "orderDetails": {"orderID": "orderid:457814", "reservationid": "AJA-JRXL", "orderType": "kiosk", "hotelSKU": "prd1101", "hotelCheckInUnix": "1577670508", "hotelCheckOutUnix": "1578016108", "hotelCheckInTS": "2019-12-30T01:48:28+00:00", "hotelCheckOutTS": "2020-01-03T01:48:28+00:00", "hotelChain": "Sapphire Suites", "hotelName": "Sapphire Suites: Vienna", "hotelLocation": "Vienna", "hotelRoomType": "premium", "hotelRoomCount": "1", "hotelGuestAdultCount": "1", "hotelGuestChildCount": "0", "hotelNightCount": "4", "hotelRoomPrice": "150.26", "hotelFinalPrice": "601.04"}}}
{"_id": "orderid:788799", "timestamp": "2019-12-17T02:07:23.000Z", "eventType": "transaction", "_adobeamericaspot3": {"CRMID": "crmid:8605972510", "orderDetails": {"orderID": "orderid:788799", "reservationid": "93I-CJQJ", "orderType": "service desk", "hotelSKU": "prd1035", "hotelCheckInUnix": "1578794843", "hotelCheckOutUnix": "1579831643", "hotelCheckInTS": "2020-01-12T02:07:23+00:00", "hotelCheckOutTS": "2020-01-24T02:07:23+00:00", "hotelChain": "Hospitality Inn", "hotelName": "Hospitality Inn: Tucson", "hotelLocation": "Tucson", "hotelRoomType": "standard", "hotelRoomCount": "1", "hotelGuestAdultCount": "1", "hotelGuestChildCount": "0", "hotelNightCount": "12", "hotelRoomPrice": "146.44", "hotelFinalPrice": "1757.28"}}}
{"_id": "orderid:793511", "timestamp": "2020-01-18T14:15:19.000Z", "eventType": "transaction", "_adobeamericaspot3": {"CRMID": "crmid:7345328269", "orderDetails": {"orderID": "orderid:793511", "reservationid": "UER-YQYF", "orderType": "mobile", "hotelSKU": "prd1076", "hotelCheckInUnix": "1579788919", "hotelCheckOutUnix": "1580134519", "hotelCheckInTS": "2020-01-23T14:15:19+00:00", "hotelCheckOutTS": "2020-01-27T14:15:19+00:00", "hotelChain": "Aspen Heights", "hotelName": "Aspen Heights: Bogota", "hotelLocation": "Bogota", "hotelRoomType": "standard", "hotelRoomCount": "1", "hotelGuestAdultCount": "1", "hotelGuestChildCount": "0", "hotelNightCount": "4", "hotelRoomPrice": "116.52", "hotelFinalPrice": "466.08"}}}
{"_id": "orderid:673420", "timestamp": "2020-01-25T16:48:05.000Z", "eventType": "transaction", "_adobeamericaspot3": {"CRMID": "crmid:7164702755", "orderDetails": {"orderID": "orderid:673420", "reservationid": "YFP-RPNL", "orderType": "mobile", "hotelSKU": "prd1155", "hotelCheckInUnix": "1581871685", "hotelCheckOutUnix": "1583167685", "hotelCheckInTS": "2020-02-16T16:48:05+00:00", "hotelCheckOutTS": "2020-03-02T16:48:05+00:00", "hotelChain": "Hospitality Inn", "hotelName": "Hospitality Inn: Denver", "hotelLocation": "Denver", "hotelRoomType": "premium", "hotelRoomCount": "1", "hotelGuestAdultCount": "1", "hotelGuestChildCount": "0", "hotelNightCount": "15", "hotelRoomPrice": "153.08", "hotelFinalPrice": "2296.2"}}}
{"_id": "orderid:220488", "timestamp": "2020-01-19T02:44:02.000Z", "eventType": "transaction", "_adobeamericaspot3": {"CRMID": "crmid:8209237078", "orderDetails": {"orderID": "orderid:220488", "reservationid": "13Y-IIBI", "orderType": "kiosk", "hotelSKU": "prd1004", "hotelCheckInUnix": "1579574642", "hotelCheckOutUnix": "1579747442", "hotelCheckInTS": "2020-01-21T02:44:02+00:00", "hotelCheckOutTS": "2020-01-23T02:44:02+00:00", "hotelChain": "Aspen Heights", "hotelName": "Aspen Heights: Boulder", "hotelLocation": "Boulder", "hotelRoomType": "ultra-luxury", "hotelRoomCount": "1", "hotelGuestAdultCount": "1", "hotelGuestChildCount": "0", "hotelNightCount": "2", "hotelRoomPrice": "329.88", "hotelFinalPrice": "659.76"}}}
{"_id": "orderid:692190", "timestamp": "2020-01-05T10:28:23.000Z", "eventType": "transaction", "_adobeamericaspot3": {"CRMID": "crmid:4599118439", "orderDetails": {"orderID": "orderid:692190", "reservationid": "CKS-55JT", "orderType": "service desk", "hotelSKU": "prd1016", "hotelCheckInUnix": "1579688903", "hotelCheckOutUnix": "1580207303", "hotelCheckInTS": "2020-01-22T10:28:23+00:00", "hotelCheckOutTS": "2020-01-28T10:28:23+00:00", "hotelChain": "Aspen Heights", "hotelName": "Aspen Heights: Columbus", "hotelLocation": "Columbus", "hotelRoomType": "luxury", "hotelRoomCount": "1", "hotelGuestAdultCount": "1", "hotelGuestChildCount": "2", "hotelNightCount": "6", "hotelRoomPrice": "278.84", "hotelFinalPrice": "1673.04"}}}
{"_id": "orderid:202459", "timestamp": "2019-12-01T15:06:54.000Z", "eventType": "transaction", "_adobeamericaspot3": {"CRMID": "crmid:9778268033", "orderDetails": {"orderID": "orderid:202459", "reservationid": "7PZ-MQK0", "orderType": "kiosk", "hotelSKU": "prd1111", "hotelCheckInUnix": "1575299214", "hotelCheckOutUnix": "1575385614", "hotelCheckInTS": "2019-12-02T15:06:54+00:00", "hotelCheckOutTS": "2019-12-03T15:06:54+00:00", "hotelChain": "Family Fun Hotels", "hotelName": "Family Fun Hotels: Prague", "hotelLocation": "Prague", "hotelRoomType": "standard", "hotelRoomCount": "1", "hotelGuestAdultCount": "1", "hotelGuestChildCount": "0", "hotelNightCount": "1", "hotelRoomPrice": "156.39", "hotelFinalPrice": "156.39"}}}
{"_id": "orderid:544937", "timestamp": "2019-12-15T02:19:25.000Z", "eventType": "transaction", "_adobeamericaspot3": {"CRMID": "crmid:6760814527", "orderDetails": {"orderID": "orderid:544937", "reservationid": "WOB-RNVC", "orderType": "website", "hotelSKU": "prd1172", "hotelCheckInUnix": "1577672365", "hotelCheckOutUnix": "1578363565", "hotelCheckInTS": "2019-12-30T02:19:25+00:00", "hotelCheckOutTS": "2020-01-07T02:19:25+00:00", "hotelChain": "Aspen Heights", "hotelName": "Aspen Heights: Mesa", "hotelLocation": "Mesa", "hotelRoomType": "premium", "hotelRoomCount": "1", "hotelGuestAdultCount": "1", "hotelGuestChildCount": "0", "hotelNightCount": "8", "hotelRoomPrice": "203.39", "hotelFinalPrice": "1627.12"}}}
{"_id": "orderid:732222", "timestamp": "2020-02-03T23:58:41.000Z", "eventType": "transaction", "_adobeamericaspot3": {"CRMID": "crmid:1165196765", "orderDetails": {"orderID": "orderid:732222", "reservationid": "LJR-EZU4", "orderType": "kiosk", "hotelSKU": "prd1184", "hotelCheckInUnix": "1582588721", "hotelCheckOutUnix": "1583193521", "hotelCheckInTS": "2020-02-24T23:58:41+00:00", "hotelCheckOutTS": "2020-03-02T23:58:41+00:00", "hotelChain": "Aspen Heights", "hotelName": "Aspen Heights: Arlington", "hotelLocation": "Arlington", "hotelRoomType": "ultra-luxury", "hotelRoomCount": "1", "hotelGuestAdultCount": "1", "hotelGuestChildCount": "0", "hotelNightCount": "7", "hotelRoomPrice": "291.06", "hotelFinalPrice": "2037.42"}}}
{"_id": "orderid:836919", "timestamp": "2019-12-20T10:07:10.000Z", "eventType": "transaction", "_adobeamericaspot3": {"CRMID": "crmid:2260358961", "orderDetails": {"orderID": "orderid:836919", "reservationid": "BRA-EULG", "orderType": "kiosk", "hotelSKU": "prd1040", "hotelCheckInUnix": "1576922830", "hotelCheckOutUnix": "1577268430", "hotelCheckInTS": "2019-12-21T10:07:10+00:00", "hotelCheckOutTS": "2019-12-25T10:07:10+00:00", "hotelChain": "Aspen Heights", "hotelName": "Aspen Heights: Atlanta", "hotelLocation": "Atlanta", "hotelRoomType": "standard", "hotelRoomCount": "1", "hotelGuestAdultCount": "1", "hotelGuestChildCount": "0", "hotelNightCount": "4", "hotelRoomPrice": "161.29", "hotelFinalPrice": "645.16"}}}
{"_id": "orderid:309627", "timestamp": "2020-02-09T04:15:01.000Z", "eventType": "transaction", "_adobeamericaspot3": {"CRMID": "crmid:4647886912", "orderDetails": {"orderID": "orderid:309627", "reservationid": "SHP-XAXQ", "orderType": "website", "hotelSKU": "prd1059", "hotelCheckInUnix": "1583813701", "hotelCheckOutUnix": "1584332101", "hotelCheckInTS": "2020-03-10T04:15:01+00:00", "hotelCheckOutTS": "2020-03-16T04:15:01+00:00", "hotelChain": "Hospitality Inn", "hotelName": "Hospitality Inn: Kinshasa", "hotelLocation": "Kinshasa", "hotelRoomType": "standard", "hotelRoomCount": "1", "hotelGuestAdultCount": "1", "hotelGuestChildCount": "0", "hotelNightCount": "6", "hotelRoomPrice": "135.23", "hotelFinalPrice": "811.38"}}}
{"_id": "orderid:396532", "timestamp": "2019-12-09T03:29:57.000Z", "eventType": "transaction", "_adobeamericaspot3": {"CRMID": "crmid:3827495231", "orderDetails": {"orderID": "orderid:396532", "reservationid": "S77-6ZOY", "orderType": "kiosk", "hotelSKU": "prd1131", "hotelCheckInUnix": "1576121397", "hotelCheckOutUnix": "1576207797", "hotelCheckInTS": "2019-12-12T03:29:57+00:00", "hotelCheckOutTS": "2019-12-13T03:29:57+00:00", "hotelChain": "Hospitality Inn", "hotelName": "Hospitality Inn: Sheffield", "hotelLocation": "Sheffield", "hotelRoomType": "standard", "hotelRoomCount": "1", "hotelGuestAdultCount": "1", "hotelGuestChildCount": "0", "hotelNightCount": "1", "hotelRoomPrice": "157.21", "hotelFinalPrice": "157.21"}}}
{"_id": "orderid:324574", "timestamp": "2019-12-15T00:00:00.000Z", "eventType": "transaction", "_adobeamericaspot3": {"CRMID": "crmid:3827495231", "orderDetails": {"orderID": "orderid:324574", "reservationid": "GPH-HAQF", "orderType": "website", "hotelSKU": "prd1195", "hotelCheckInUnix": "1576454400", "hotelCheckOutUnix": "1576540800", "hotelCheckInTS": "2019-12-16T00:00:00+00:00", "hotelCheckOutTS": "2019-12-17T00:00:00+00:00", "hotelChain": "Family Fun Hotels", "hotelName": "Family Fun Hotels: Lahore", "hotelLocation": "Lahore", "hotelRoomType": "premium", "hotelRoomCount": "1", "hotelGuestAdultCount": "1", "hotelGuestChildCount": "0", "hotelNightCount": "1", "hotelRoomPrice": "156.09", "hotelFinalPrice": "156.09"}}}
{"_id": "orderid:573505", "timestamp": "2019-12-27T11:41:48.000Z", "eventType": "transaction", "_adobeamericaspot3": {"CRMID": "crmid:6446378451", "orderDetails": {"orderID": "orderid:573505", "reservationid": "NV9-MNYU", "orderType": "call center", "hotelSKU": "prd1058", "hotelCheckInUnix": "1579347708", "hotelCheckOutUnix": "1579779708", "hotelCheckInTS": "2020-01-18T11:41:48+00:00", "hotelCheckOutTS": "2020-01-23T11:41:48+00:00", "hotelChain": "Blue Reef Resort", "hotelName": "Blue Reef Resort: Delhi", "hotelLocation": "Delhi", "hotelRoomType": "standard", "hotelRoomCount": "1", "hotelGuestAdultCount": "1", "hotelGuestChildCount": "0", "hotelNightCount": "5", "hotelRoomPrice": "146.94", "hotelFinalPrice": "734.7"}}}
{"_id": "orderid:467719", "timestamp": "2019-12-28T10:29:15.000Z", "eventType": "transaction", "_adobeamericaspot3": {"CRMID": "crmid:6399482068", "orderDetails": {"orderID": "orderid:467719", "reservationid": "59H-SYRO", "orderType": "kiosk", "hotelSKU": "prd1170", "hotelCheckInUnix": "1579948155", "hotelCheckOutUnix": "1581071355", "hotelCheckInTS": "2020-01-25T10:29:15+00:00", "hotelCheckOutTS": "2020-02-07T10:29:15+00:00", "hotelChain": "Restful Nights", "hotelName": "Restful Nights: Fresno", "hotelLocation": "Fresno", "hotelRoomType": "standard", "hotelRoomCount": "1", "hotelGuestAdultCount": "1", "hotelGuestChildCount": "0", "hotelNightCount": "13", "hotelRoomPrice": "159.82", "hotelFinalPrice": "2077.66"}}}
{"_id": "orderid:659262", "timestamp": "2019-12-20T22:12:27.000Z", "eventType": "transaction", "_adobeamericaspot3": {"CRMID": "crmid:3492343575", "orderDetails": {"orderID": "orderid:659262", "reservationid": "QYS-QY8T", "orderType": "call center", "hotelSKU": "prd1064", "hotelCheckInUnix": "1576966347", "hotelCheckOutUnix": "1577139147", "hotelCheckInTS": "2019-12-21T22:12:27+00:00", "hotelCheckOutTS": "2019-12-23T22:12:27+00:00", "hotelChain": "Aspen Heights", "hotelName": "Aspen Heights: Paris", "hotelLocation": "Paris", "hotelRoomType": "standard", "hotelRoomCount": "1", "hotelGuestAdultCount": "1", "hotelGuestChildCount": "0", "hotelNightCount": "2", "hotelRoomPrice": "136.96", "hotelFinalPrice": "273.92"}}}
{"_id": "orderid:329937", "timestamp": "2020-02-12T04:51:39.000Z", "eventType": "transaction", "_adobeamericaspot3": {"CRMID": "crmid:7374358664", "orderDetails": {"orderID": "orderid:329937", "reservationid": "IIZ-FUUS", "orderType": "website", "hotelSKU": "prd1070", "hotelCheckInUnix": "1583470299", "hotelCheckOutUnix": "1584247899", "hotelCheckInTS": "2020-03-06T04:51:39+00:00", "hotelCheckOutTS": "2020-03-15T04:51:39+00:00", "hotelChain": "Blue Reef Resort", "hotelName": "Blue Reef Resort: Jakarta", "hotelLocation": "Jakarta", "hotelRoomType": "standard", "hotelRoomCount": "1", "hotelGuestAdultCount": "1", "hotelGuestChildCount": "0", "hotelNightCount": "9", "hotelRoomPrice": "198.14", "hotelFinalPrice": "1783.26"}}}
{"_id": "orderid:948834", "timestamp": "2020-02-03T09:28:28.000Z", "eventType": "transaction", "_adobeamericaspot3": {"CRMID": "crmid:8122490466", "orderDetails": {"orderID": "orderid:948834", "reservationid": "SFC-5JY8", "orderType": "call center", "hotelSKU": "prd1169", "hotelCheckInUnix": "1583141308", "hotelCheckOutUnix": "1583832508", "hotelCheckInTS": "2020-03-02T09:28:28+00:00", "hotelCheckOutTS": "2020-03-10T09:28:28+00:00", "hotelChain": "Grandeur Hotels", "hotelName": "Grandeur Hotels: Tucson", "hotelLocation": "Tucson", "hotelRoomType": "standard", "hotelRoomCount": "1", "hotelGuestAdultCount": "1", "hotelGuestChildCount": "0", "hotelNightCount": "8", "hotelRoomPrice": "149.53", "hotelFinalPrice": "1196.24"}}}
{"_id": "orderid:915738", "timestamp": "2019-12-03T03:26:30.000Z", "eventType": "transaction", "_adobeamericaspot3": {"CRMID": "crmid:8735248204", "orderDetails": {"orderID": "orderid:915738", "reservationid": "TJK-HRJN", "orderType": "kiosk", "hotelSKU": "prd1071", "hotelCheckInUnix": "1575429990", "hotelCheckOutUnix": "1575602790", "hotelCheckInTS": "2019-12-04T03:26:30+00:00", "hotelCheckOutTS": "2019-12-06T03:26:30+00:00", "hotelChain": "Hospitality Inn", "hotelName": "Hospitality Inn: Seoul", "hotelLocation": "Seoul", "hotelRoomType": "premium", "hotelRoomCount": "1", "hotelGuestAdultCount": "1", "hotelGuestChildCount": "0", "hotelNightCount": "2", "hotelRoomPrice": "134.09", "hotelFinalPrice": "268.18"}}}
{"_id": "orderid:950463", "timestamp": "2019-12-14T03:29:17.000Z", "eventType": "transaction", "_adobeamericaspot3": {"CRMID": "crmid:3357439336", "orderDetails": {"orderID": "orderid:950463", "reservationid": "IB0-E5EQ", "orderType": "call center", "hotelSKU": "prd1052", "hotelCheckInUnix": "1578713357", "hotelCheckOutUnix": "1579231757", "hotelCheckInTS": "2020-01-11T03:29:17+00:00", "hotelCheckOutTS": "2020-01-17T03:29:17+00:00", "hotelChain": "Aspen Heights", "hotelName": "Aspen Heights: Wichita", "hotelLocation": "Wichita", "hotelRoomType": "premium", "hotelRoomCount": "1", "hotelGuestAdultCount": "1", "hotelGuestChildCount": "0", "hotelNightCount": "6", "hotelRoomPrice": "141.47", "hotelFinalPrice": "848.82"}}}
{"_id": "orderid:867712", "timestamp": "2019-12-17T21:59:12.000Z", "eventType": "transaction", "_adobeamericaspot3": {"CRMID": "crmid:6828373613", "orderDetails": {"orderID": "orderid:867712", "reservationid": "PO9-MS2Y", "orderType": "mobile", "hotelSKU": "prd1179", "hotelCheckInUnix": "1578520752", "hotelCheckOutUnix": "1578693552", "hotelCheckInTS": "2020-01-08T21:59:12+00:00", "hotelCheckOutTS": "2020-01-10T21:59:12+00:00", "hotelChain": "Hospitality Inn", "hotelName": "Hospitality Inn: Miami", "hotelLocation": "Miami", "hotelRoomType": "standard", "hotelRoomCount": "1", "hotelGuestAdultCount": "1", "hotelGuestChildCount": "0", "hotelNightCount": "2", "hotelRoomPrice": "166.55", "hotelFinalPrice": "333.1"}}}
{"_id": "orderid:114431", "timestamp": "2019-12-24T01:19:47.000Z", "eventType": "transaction", "_adobeamericaspot3": {"CRMID": "crmid:1219824466", "orderDetails": {"orderID": "orderid:114431", "reservationid": "EBO-HR0G", "orderType": "call center", "hotelSKU": "prd1056", "hotelCheckInUnix": "1579396787", "hotelCheckOutUnix": "1579915187", "hotelCheckInTS": "2020-01-19T01:19:47+00:00", "hotelCheckOutTS": "2020-01-25T01:19:47+00:00", "hotelChain": "Repose Resort", "hotelName": "Repose Resort: Aurora", "hotelLocation": "Aurora", "hotelRoomType": "standard", "hotelRoomCount": "1", "hotelGuestAdultCount": "1", "hotelGuestChildCount": "0", "hotelNightCount": "6", "hotelRoomPrice": "127.71", "hotelFinalPrice": "766.26"}}}
{"_id": "orderid:758705", "timestamp": "2020-01-28T05:59:05.000Z", "eventType": "transaction", "_adobeamericaspot3": {"CRMID": "crmid:5921059754", "orderDetails": {"orderID": "orderid:758705", "reservationid": "TC6-OXTT", "orderType": "mobile", "hotelSKU": "prd1010", "hotelCheckInUnix": "1580709545", "hotelCheckOutUnix": "1580882345", "hotelCheckInTS": "2020-02-03T05:59:05+00:00", "hotelCheckOutTS": "2020-02-05T05:59:05+00:00", "hotelChain": "Blue Reef Resort", "hotelName": "Blue Reef Resort: San Diego", "hotelLocation": "San Diego", "hotelRoomType": "standard", "hotelRoomCount": "1", "hotelGuestAdultCount": "1", "hotelGuestChildCount": "0", "hotelNightCount": "2", "hotelRoomPrice": "111.23", "hotelFinalPrice": "222.46"}}}
{"_id": "orderid:770317", "timestamp": "2020-01-21T07:47:06.000Z", "eventType": "transaction", "_adobeamericaspot3": {"CRMID": "crmid:3223844649", "orderDetails": {"orderID": "orderid:770317", "reservationid": "UOG-7U38", "orderType": "kiosk", "hotelSKU": "prd1125", "hotelCheckInUnix": "1581407226", "hotelCheckOutUnix": "1581925626", "hotelCheckInTS": "2020-02-11T07:47:06+00:00", "hotelCheckOutTS": "2020-02-17T07:47:06+00:00", "hotelChain": "Sapphire Suites", "hotelName": "Sapphire Suites: Palermo", "hotelLocation": "Palermo", "hotelRoomType": "standard", "hotelRoomCount": "1", "hotelGuestAdultCount": "1", "hotelGuestChildCount": "0", "hotelNightCount": "6", "hotelRoomPrice": "163.57", "hotelFinalPrice": "981.42"}}}
{"_id": "orderid:158650", "timestamp": "2020-01-05T12:19:10.000Z", "eventType": "transaction", "_adobeamericaspot3": {"CRMID": "crmid:9355868251", "orderDetails": {"orderID": "orderid:158650", "reservationid": "7RW-OYSF", "orderType": "kiosk", "hotelSKU": "prd1131", "hotelCheckInUnix": "1578572350", "hotelCheckOutUnix": "1578745150", "hotelCheckInTS": "2020-01-09T12:19:10+00:00", "hotelCheckOutTS": "2020-01-11T12:19:10+00:00", "hotelChain": "Hospitality Inn", "hotelName": "Hospitality Inn: Sheffield", "hotelLocation": "Sheffield", "hotelRoomType": "standard", "hotelRoomCount": "1", "hotelGuestAdultCount": "1", "hotelGuestChildCount": "0", "hotelNightCount": "2", "hotelRoomPrice": "146.44", "hotelFinalPrice": "292.88"}}}
{"_id": "orderid:473461", "timestamp": "2019-12-20T04:14:50.000Z", "eventType": "transaction", "_adobeamericaspot3": {"CRMID": "crmid:5015844419", "orderDetails": {"orderID": "orderid:473461", "reservationid": "IZC-WVX0", "orderType": "kiosk", "hotelSKU": "prd1028", "hotelCheckInUnix": "1576988090", "hotelCheckOutUnix": "1577074490", "hotelCheckInTS": "2019-12-22T04:14:50+00:00", "hotelCheckOutTS": "2019-12-23T04:14:50+00:00", "hotelChain": "Aspen Heights", "hotelName": "Aspen Heights: Portland", "hotelLocation": "Portland", "hotelRoomType": "standard", "hotelRoomCount": "1", "hotelGuestAdultCount": "1", "hotelGuestChildCount": "0", "hotelNightCount": "1", "hotelRoomPrice": "163.58", "hotelFinalPrice": "163.58"}}}
{"_id": "orderid:105549", "timestamp": "2020-02-05T20:17:47.000Z", "eventType": "transaction", "_adobeamericaspot3": {"CRMID": "crmid:2660177961", "orderDetails": {"orderID": "orderid:105549", "reservationid": "J4T-AHU7", "orderType": "website", "hotelSKU": "prd1073", "hotelCheckInUnix": "1583266667", "hotelCheckOutUnix": "1583612267", "hotelCheckInTS": "2020-03-03T20:17:47+00:00", "hotelCheckOutTS": "2020-03-07T20:17:47+00:00", "hotelChain": "Grandeur Hotels", "hotelName": "Grandeur Hotels: Lima", "hotelLocation": "Lima", "hotelRoomType": "standard", "hotelRoomCount": "1", "hotelGuestAdultCount": "1", "hotelGuestChildCount": "0", "hotelNightCount": "4", "hotelRoomPrice": "138.81", "hotelFinalPrice": "555.24"}}}
{"_id": "orderid:288496", "timestamp": "2020-02-04T06:33:01.000Z", "eventType": "transaction", "_adobeamericaspot3": {"CRMID": "crmid:7892452639", "orderDetails": {"orderID": "orderid:288496", "reservationid": "LO7-PTGG", "orderType": "call center", "hotelSKU": "prd1064", "hotelCheckInUnix": "1582698781", "hotelCheckOutUnix": "1583044381", "hotelCheckInTS": "2020-02-26T06:33:01+00:00", "hotelCheckOutTS": "2020-03-01T06:33:01+00:00", "hotelChain": "Aspen Heights", "hotelName": "Aspen Heights: Paris", "hotelLocation": "Paris", "hotelRoomType": "premium", "hotelRoomCount": "1", "hotelGuestAdultCount": "1", "hotelGuestChildCount": "0", "hotelNightCount": "4", "hotelRoomPrice": "148.77", "hotelFinalPrice": "595.08"}}}
{"_id": "orderid:964766", "timestamp": "2019-12-13T13:38:34.000Z", "eventType": "transaction", "_adobeamericaspot3": {"CRMID": "crmid:5823848129", "orderDetails": {"orderID": "orderid:964766", "reservationid": "DBH-UGKO", "orderType": "service desk", "hotelSKU": "prd1013", "hotelCheckInUnix": "1577021914", "hotelCheckOutUnix": "1577540314", "hotelCheckInTS": "2019-12-22T13:38:34+00:00", "hotelCheckOutTS": "2019-12-28T13:38:34+00:00", "hotelChain": "Grandeur Hotels", "hotelName": "Grandeur Hotels: Austin", "hotelLocation": "Austin", "hotelRoomType": "standard", "hotelRoomCount": "1", "hotelGuestAdultCount": "1", "hotelGuestChildCount": "3", "hotelNightCount": "6", "hotelRoomPrice": "130.42", "hotelFinalPrice": "782.52"}}}
{"_id": "orderid:777761", "timestamp": "2019-12-28T06:08:29.000Z", "eventType": "transaction", "_adobeamericaspot3": {"CRMID": "crmid:1950716810", "orderDetails": {"orderID": "orderid:777761", "reservationid": "79B-HEG7", "orderType": "website", "hotelSKU": "prd1047", "hotelCheckInUnix": "1577686109", "hotelCheckOutUnix": "1577945309", "hotelCheckInTS": "2019-12-30T06:08:29+00:00", "hotelCheckOutTS": "2020-01-02T06:08:29+00:00", "hotelChain": "Hospitality Inn", "hotelName": "Hospitality Inn: Oakland", "hotelLocation": "Oakland", "hotelRoomType": "standard", "hotelRoomCount": "1", "hotelGuestAdultCount": "1", "hotelGuestChildCount": "0", "hotelNightCount": "3", "hotelRoomPrice": "158.02", "hotelFinalPrice": "474.06"}}}
{"_id": "orderid:891287", "timestamp": "2020-01-03T00:00:00.000Z", "eventType": "transaction", "_adobeamericaspot3": {"CRMID": "crmid:1950716810", "orderDetails": {"orderID": "orderid:891287", "reservationid": "WCB-QQN5", "orderType": "website", "hotelSKU": "prd1044", "hotelCheckInUnix": "1578096000", "hotelCheckOutUnix": "1578182400", "hotelCheckInTS": "2020-01-04T00:00:00+00:00", "hotelCheckOutTS": "2020-01-05T00:00:00+00:00", "hotelChain": "Repose Resort", "hotelName": "Repose Resort: Colorado Springs", "hotelLocation": "Colorado Springs", "hotelRoomType": "standard", "hotelRoomCount": "1", "hotelGuestAdultCount": "1", "hotelGuestChildCount": "0", "hotelNightCount": "1", "hotelRoomPrice": "94.64", "hotelFinalPrice": "94.64"}}}
{"_id": "orderid:241205", "timestamp": "2020-01-30T12:42:16.000Z", "eventType": "transaction", "_adobeamericaspot3": {"CRMID": "crmid:1339950492", "orderDetails": {"orderID": "orderid:241205", "reservationid": "H3H-GYRW", "orderType": "mobile", "hotelSKU": "prd1009", "hotelCheckInUnix": "1580474536", "hotelCheckOutUnix": "1580647336", "hotelCheckInTS": "2020-01-31T12:42:16+00:00", "hotelCheckOutTS": "2020-02-02T12:42:16+00:00", "hotelChain": "Admiralty Plaza", "hotelName": "Admiralty Plaza: San Antonio", "hotelLocation": "San Antonio", "hotelRoomType": "standard", "hotelRoomCount": "1", "hotelGuestAdultCount": "1", "hotelGuestChildCount": "0", "hotelNightCount": "2", "hotelRoomPrice": "153.88", "hotelFinalPrice": "307.76"}}}
{"_id": "orderid:638089", "timestamp": "2020-02-03T00:00:00.000Z", "eventType": "transaction", "_adobeamericaspot3": {"CRMID": "crmid:1339950492", "orderDetails": {"orderID": "orderid:638089", "reservationid": "S5L-FPTC", "orderType": "website", "hotelSKU": "prd1040", "hotelCheckInUnix": "1580774400", "hotelCheckOutUnix": "1581120000", "hotelCheckInTS": "2020-02-04T00:00:00+00:00", "hotelCheckOutTS": "2020-02-08T00:00:00+00:00", "hotelChain": "Aspen Heights", "hotelName": "Aspen Heights: Atlanta", "hotelLocation": "Atlanta", "hotelRoomType": "premium", "hotelRoomCount": "1", "hotelGuestAdultCount": "1", "hotelGuestChildCount": "0", "hotelNightCount": "4", "hotelRoomPrice": "144.71", "hotelFinalPrice": "578.84"}}}
{"_id": "orderid:668452", "timestamp": "2019-12-04T03:25:13.000Z", "eventType": "transaction", "_adobeamericaspot3": {"CRMID": "crmid:2384265399", "orderDetails": {"orderID": "orderid:668452", "reservationid": "NFQ-T2FO", "orderType": "website", "hotelSKU": "prd1028", "hotelCheckInUnix": "1577676313", "hotelCheckOutUnix": "1578194713", "hotelCheckInTS": "2019-12-30T03:25:13+00:00", "hotelCheckOutTS": "2020-01-05T03:25:13+00:00", "hotelChain": "Aspen Heights", "hotelName": "Aspen Heights: Portland", "hotelLocation": "Portland", "hotelRoomType": "premium", "hotelRoomCount": "1", "hotelGuestAdultCount": "1", "hotelGuestChildCount": "0", "hotelNightCount": "6", "hotelRoomPrice": "143.69", "hotelFinalPrice": "862.14"}}}
{"_id": "orderid:791595", "timestamp": "2020-01-19T17:53:41.000Z", "eventType": "transaction", "_adobeamericaspot3": {"CRMID": "crmid:6341777538", "orderDetails": {"orderID": "orderid:791595", "reservationid": "SCJ-NZ2R", "orderType": "kiosk", "hotelSKU": "prd1106", "hotelCheckInUnix": "1581530021", "hotelCheckOutUnix": "1581702821", "hotelCheckInTS": "2020-02-12T17:53:41+00:00", "hotelCheckOutTS": "2020-02-14T17:53:41+00:00", "hotelChain": "Blue Reef Resort", "hotelName": "Blue Reef Resort: Munich", "hotelLocation": "Munich", "hotelRoomType": "standard", "hotelRoomCount": "1", "hotelGuestAdultCount": "1", "hotelGuestChildCount": "0", "hotelNightCount": "2", "hotelRoomPrice": "153.56", "hotelFinalPrice": "307.12"}}}
{"_id": "orderid:922728", "timestamp": "2019-12-07T22:34:33.000Z", "eventType": "transaction", "_adobeamericaspot3": {"CRMID": "crmid:4565615646", "orderDetails": {"orderID": "orderid:922728", "reservationid": "QDV-JQHJ", "orderType": "call center", "hotelSKU": "prd1124", "hotelCheckInUnix": "1577658873", "hotelCheckOutUnix": "1578263673", "hotelCheckInTS": "2019-12-29T22:34:33+00:00", "hotelCheckOutTS": "2020-01-05T22:34:33+00:00", "hotelChain": "Aspen Heights", "hotelName": "Aspen Heights: Leeds", "hotelLocation": "Leeds", "hotelRoomType": "standard", "hotelRoomCount": "1", "hotelGuestAdultCount": "1", "hotelGuestChildCount": "0", "hotelNightCount": "7", "hotelRoomPrice": "147.17", "hotelFinalPrice": "1030.19"}}}
{"_id": "orderid:578316", "timestamp": "2020-01-12T10:49:44.000Z", "eventType": "transaction", "_adobeamericaspot3": {"CRMID": "crmid:2645886115", "orderDetails": {"orderID": "orderid:578316", "reservationid": "IHD-BYJH", "orderType": "website", "hotelSKU": "prd1014", "hotelCheckInUnix": "1580726984", "hotelCheckOutUnix": "1581331784", "hotelCheckInTS": "2020-02-03T10:49:44+00:00", "hotelCheckOutTS": "2020-02-10T10:49:44+00:00", "hotelChain": "Restful Nights", "hotelName": "Restful Nights: Jacksonville", "hotelLocation": "Jacksonville", "hotelRoomType": "premium", "hotelRoomCount": "1", "hotelGuestAdultCount": "1", "hotelGuestChildCount": "0", "hotelNightCount": "7", "hotelRoomPrice": "151.74", "hotelFinalPrice": "1062.18"}}}
{"_id": "orderid:247717", "timestamp": "2019-12-11T09:21:02.000Z", "eventType": "transaction", "_adobeamericaspot3": {"CRMID": "crmid:3842711930", "orderDetails": {"orderID": "orderid:247717", "reservationid": "MHQ-YKVI", "orderType": "website", "hotelSKU": "prd1022", "hotelCheckInUnix": "1576142462", "hotelCheckOutUnix": "1576228862", "hotelCheckInTS": "2019-12-12T09:21:02+00:00", "hotelCheckOutTS": "2019-12-13T09:21:02+00:00", "hotelChain": "Blue Reef Resort", "hotelName": "Blue Reef Resort: Washington DC", "hotelLocation": "Washington DC", "hotelRoomType": "standard", "hotelRoomCount": "1", "hotelGuestAdultCount": "1", "hotelGuestChildCount": "0", "hotelNightCount": "1", "hotelRoomPrice": "174.96", "hotelFinalPrice": "174.96"}}}
{"_id": "orderid:406336", "timestamp": "2020-02-06T08:20:58.000Z", "eventType": "transaction", "_adobeamericaspot3": {"CRMID": "crmid:8031779423", "orderDetails": {"orderID": "orderid:406336", "reservationid": "MP1-NBDA", "orderType": "mobile", "hotelSKU": "prd1160", "hotelCheckInUnix": "1583482858", "hotelCheckOutUnix": "1584174058", "hotelCheckInTS": "2020-03-06T08:20:58+00:00", "hotelCheckOutTS": "2020-03-14T08:20:58+00:00", "hotelChain": "Aspen Heights", "hotelName": "Aspen Heights: Nashville", "hotelLocation": "Nashville", "hotelRoomType": "standard", "hotelRoomCount": "1", "hotelGuestAdultCount": "1", "hotelGuestChildCount": "0", "hotelNightCount": "8", "hotelRoomPrice": "137.12", "hotelFinalPrice": "1096.96"}}}
{"_id": "orderid:501345", "timestamp": "2020-02-08T12:16:32.000Z", "eventType": "transaction", "_adobeamericaspot3": {"CRMID": "crmid:5409553229", "orderDetails": {"orderID": "orderid:501345", "reservationid": "WSM-VM1U", "orderType": "kiosk", "hotelSKU": "prd1194", "hotelCheckInUnix": "1583496992", "hotelCheckOutUnix": "1584101792", "hotelCheckInTS": "2020-03-06T12:16:32+00:00", "hotelCheckOutTS": "2020-03-13T12:16:32+00:00", "hotelChain": "Restful Nights", "hotelName": "Restful Nights: Tianjin", "hotelLocation": "Tianjin", "hotelRoomType": "standard", "hotelRoomCount": "1", "hotelGuestAdultCount": "1", "hotelGuestChildCount": "0", "hotelNightCount": "7", "hotelRoomPrice": "119.6", "hotelFinalPrice": "837.2"}}}
{"_id": "orderid:803852", "timestamp": "2020-02-07T17:35:55.000Z", "eventType": "transaction", "_adobeamericaspot3": {"CRMID": "crmid:3878084280", "orderDetails": {"orderID": "orderid:803852", "reservationid": "C3I-IFMR", "orderType": "website", "hotelSKU": "prd1016", "hotelCheckInUnix": "1581615355", "hotelCheckOutUnix": "1582220155", "hotelCheckInTS": "2020-02-13T17:35:55+00:00", "hotelCheckOutTS": "2020-02-20T17:35:55+00:00", "hotelChain": "Aspen Heights", "hotelName": "Aspen Heights: Columbus", "hotelLocation": "Columbus", "hotelRoomType": "standard", "hotelRoomCount": "1", "hotelGuestAdultCount": "1", "hotelGuestChildCount": "0", "hotelNightCount": "7", "hotelRoomPrice": "119.71", "hotelFinalPrice": "837.97"}}}
{"_id": "orderid:461437", "timestamp": "2019-12-08T03:15:31.000Z", "eventType": "transaction", "_adobeamericaspot3": {"CRMID": "crmid:7861373382", "orderDetails": {"orderID": "orderid:461437", "reservationid": "C1A-C8ZV", "orderType": "call center", "hotelSKU": "prd1021", "hotelCheckInUnix": "1576638931", "hotelCheckOutUnix": "1577070931", "hotelCheckInTS": "2019-12-18T03:15:31+00:00", "hotelCheckOutTS": "2019-12-23T03:15:31+00:00", "hotelChain": "Admiralty Plaza", "hotelName": "Admiralty Plaza: Denver", "hotelLocation": "Denver", "hotelRoomType": "standard", "hotelRoomCount": "1", "hotelGuestAdultCount": "1", "hotelGuestChildCount": "0", "hotelNightCount": "5", "hotelRoomPrice": "106.42", "hotelFinalPrice": "532.1"}}}
{"_id": "orderid:451283", "timestamp": "2019-12-06T02:20:40.000Z", "eventType": "transaction", "_adobeamericaspot3": {"CRMID": "crmid:6187591685", "orderDetails": {"orderID": "orderid:451283", "reservationid": "QQL-ZHSR", "orderType": "website", "hotelSKU": "prd1076", "hotelCheckInUnix": "1575685240", "hotelCheckOutUnix": "1576030840", "hotelCheckInTS": "2019-12-07T02:20:40+00:00", "hotelCheckOutTS": "2019-12-11T02:20:40+00:00", "hotelChain": "Aspen Heights", "hotelName": "Aspen Heights: Bogota", "hotelLocation": "Bogota", "hotelRoomType": "standard", "hotelRoomCount": "1", "hotelGuestAdultCount": "1", "hotelGuestChildCount": "0", "hotelNightCount": "4", "hotelRoomPrice": "126.24", "hotelFinalPrice": "504.96"}}}
{"_id": "orderid:894041", "timestamp": "2020-01-11T21:39:19.000Z", "eventType": "transaction", "_adobeamericaspot3": {"CRMID": "crmid:5607084790", "orderDetails": {"orderID": "orderid:894041", "reservationid": "JJP-WFXH", "orderType": "website", "hotelSKU": "prd1034", "hotelCheckInUnix": "1578865159", "hotelCheckOutUnix": "1579037959", "hotelCheckInTS": "2020-01-12T21:39:19+00:00", "hotelCheckOutTS": "2020-01-14T21:39:19+00:00", "hotelChain": "Blue Reef Resort", "hotelName": "Blue Reef Resort: Albuquerque", "hotelLocation": "Albuquerque", "hotelRoomType": "standard", "hotelRoomCount": "1", "hotelGuestAdultCount": "1", "hotelGuestChildCount": "0", "hotelNightCount": "2", "hotelRoomPrice": "83.96", "hotelFinalPrice": "167.92"}}}
{"_id": "orderid:261474", "timestamp": "2020-01-16T00:00:00.000Z", "eventType": "transaction", "_adobeamericaspot3": {"CRMID": "crmid:5607084790", "orderDetails": {"orderID": "orderid:261474", "reservationid": "NWF-P9KH", "orderType": "kiosk", "hotelSKU": "prd1172", "hotelCheckInUnix": "1579478400", "hotelCheckOutUnix": "1579564800", "hotelCheckInTS": "2020-01-20T00:00:00+00:00", "hotelCheckOutTS": "2020-01-21T00:00:00+00:00", "hotelChain": "Aspen Heights", "hotelName": "Aspen Heights: Mesa", "hotelLocation": "Mesa", "hotelRoomType": "premium", "hotelRoomCount": "1", "hotelGuestAdultCount": "1", "hotelGuestChildCount": "0", "hotelNightCount": "1", "hotelRoomPrice": "144.14", "hotelFinalPrice": "144.14"}}}
{"_id": "orderid:518071", "timestamp": "2020-01-12T01:37:55.000Z", "eventType": "transaction", "_adobeamericaspot3": {"CRMID": "crmid:6848677921", "orderDetails": {"orderID": "orderid:518071", "reservationid": "WWM-A7SG", "orderType": "kiosk", "hotelSKU": "prd1179", "hotelCheckInUnix": "1578879475", "hotelCheckOutUnix": "1579052275", "hotelCheckInTS": "2020-01-13T01:37:55+00:00", "hotelCheckOutTS": "2020-01-15T01:37:55+00:00", "hotelChain": "Hospitality Inn", "hotelName": "Hospitality Inn: Miami", "hotelLocation": "Miami", "hotelRoomType": "premium", "hotelRoomCount": "1", "hotelGuestAdultCount": "1", "hotelGuestChildCount": "0", "hotelNightCount": "2", "hotelRoomPrice": "140.07", "hotelFinalPrice": "280.14"}}}
{"_id": "orderid:307154", "timestamp": "2020-01-19T12:22:38.000Z", "eventType": "transaction", "_adobeamericaspot3": {"CRMID": "crmid:8322886416", "orderDetails": {"orderID": "orderid:307154", "reservationid": "ZEA-HDQW", "orderType": "mobile", "hotelSKU": "prd1144", "hotelCheckInUnix": "1581769358", "hotelCheckOutUnix": "1582460558", "hotelCheckInTS": "2020-02-15T12:22:38+00:00", "hotelCheckOutTS": "2020-02-23T12:22:38+00:00", "hotelChain": "Sandhill", "hotelName": "Sandhill: San Diego", "hotelLocation": "San Diego", "hotelRoomType": "premium", "hotelRoomCount": "1", "hotelGuestAdultCount": "1", "hotelGuestChildCount": "2", "hotelNightCount": "8", "hotelRoomPrice": "144.72", "hotelFinalPrice": "1157.76"}}}
{"_id": "orderid:366998", "timestamp": "2020-01-30T10:37:57.000Z", "eventType": "transaction", "_adobeamericaspot3": {"CRMID": "crmid:6372371725", "orderDetails": {"orderID": "orderid:366998", "reservationid": "ZD5-2P4J", "orderType": "website", "hotelSKU": "prd1143", "hotelCheckInUnix": "1582886277", "hotelCheckOutUnix": "1583404677", "hotelCheckInTS": "2020-02-28T10:37:57+00:00", "hotelCheckOutTS": "2020-03-05T10:37:57+00:00", "hotelChain": "Hospitality Inn", "hotelName": "Hospitality Inn: San Antonio", "hotelLocation": "San Antonio", "hotelRoomType": "premium", "hotelRoomCount": "1", "hotelGuestAdultCount": "1", "hotelGuestChildCount": "0", "hotelNightCount": "6", "hotelRoomPrice": "114.34", "hotelFinalPrice": "686.04"}}}
{"_id": "orderid:870829", "timestamp": "2020-02-11T04:30:22.000Z", "eventType": "transaction", "_adobeamericaspot3": {"CRMID": "crmid:4395284137", "orderDetails": {"orderID": "orderid:870829", "reservationid": "SIW-5EMJ", "orderType": "mobile", "hotelSKU": "prd1067", "hotelCheckInUnix": "1581481822", "hotelCheckOutUnix": "1582000222", "hotelCheckInTS": "2020-02-12T04:30:22+00:00", "hotelCheckOutTS": "2020-02-18T04:30:22+00:00", "hotelChain": "Nesting Box Inn", "hotelName": "Nesting Box Inn: Istanbul", "hotelLocation": "Istanbul", "hotelRoomType": "standard", "hotelRoomCount": "1", "hotelGuestAdultCount": "1", "hotelGuestChildCount": "3", "hotelNightCount": "6", "hotelRoomPrice": "150.05", "hotelFinalPrice": "900.3"}}}
{"_id": "orderid:964695", "timestamp": "2019-12-14T18:26:12.000Z", "eventType": "transaction", "_adobeamericaspot3": {"CRMID": "crmid:9535413135", "orderDetails": {"orderID": "orderid:964695", "reservationid": "IKZ-ZVPG", "orderType": "call center", "hotelSKU": "prd1082", "hotelCheckInUnix": "1578680772", "hotelCheckOutUnix": "1579199172", "hotelCheckInTS": "2020-01-10T18:26:12+00:00", "hotelCheckOutTS": "2020-01-16T18:26:12+00:00", "hotelChain": "Blue Reef Resort", "hotelName": "Blue Reef Resort: Surat", "hotelLocation": "Surat", "hotelRoomType": "standard", "hotelRoomCount": "1", "hotelGuestAdultCount": "1", "hotelGuestChildCount": "3", "hotelNightCount": "6", "hotelRoomPrice": "135.52", "hotelFinalPrice": "813.12"}}}
{"_id": "orderid:957670", "timestamp": "2019-12-12T19:43:15.000Z", "eventType": "transaction", "_adobeamericaspot3": {"CRMID": "crmid:3900449258", "orderDetails": {"orderID": "orderid:957670", "reservationid": "SGG-BX4N", "orderType": "website", "hotelSKU": "prd1196", "hotelCheckInUnix": "1578512595", "hotelCheckOutUnix": "1579030995", "hotelCheckInTS": "2020-01-08T19:43:15+00:00", "hotelCheckOutTS": "2020-01-14T19:43:15+00:00", "hotelChain": "Aspen Heights", "hotelName": "Aspen Heights: Moscow", "hotelLocation": "Moscow", "hotelRoomType": "premium", "hotelRoomCount": "1", "hotelGuestAdultCount": "1", "hotelGuestChildCount": "4", "hotelNightCount": "6", "hotelRoomPrice": "151.31", "hotelFinalPrice": "907.86"}}}
{"_id": "orderid:422766", "timestamp": "2020-01-29T06:15:53.000Z", "eventType": "transaction", "_adobeamericaspot3": {"CRMID": "crmid:8529787644", "orderDetails": {"orderID": "orderid:422766", "reservationid": "ZZQ-8DR6", "orderType": "call center", "hotelSKU": "prd1083", "hotelCheckInUnix": "1582524953", "hotelCheckOutUnix": "1583129753", "hotelCheckInTS": "2020-02-24T06:15:53+00:00", "hotelCheckOutTS": "2020-03-02T06:15:53+00:00", "hotelChain": "Hospitality Inn", "hotelName": "Hospitality Inn: Bangkok", "hotelLocation": "Bangkok", "hotelRoomType": "standard", "hotelRoomCount": "1", "hotelGuestAdultCount": "1", "hotelGuestChildCount": "0", "hotelNightCount": "7", "hotelRoomPrice": "126.58", "hotelFinalPrice": "886.06"}}}
{"_id": "orderid:195434", "timestamp": "2020-01-04T14:36:20.000Z", "eventType": "transaction", "_adobeamericaspot3": {"CRMID": "crmid:5464182813", "orderDetails": {"orderID": "orderid:195434", "reservationid": "2GP-DGNG", "orderType": "website", "hotelSKU": "prd1119", "hotelCheckInUnix": "1579271780", "hotelCheckOutUnix": "1579617380", "hotelCheckInTS": "2020-01-17T14:36:20+00:00", "hotelCheckOutTS": "2020-01-21T14:36:20+00:00", "hotelChain": "Hospitality Inn", "hotelName": "Hospitality Inn: Turin", "hotelLocation": "Turin", "hotelRoomType": "standard", "hotelRoomCount": "1", "hotelGuestAdultCount": "1", "hotelGuestChildCount": "0", "hotelNightCount": "4", "hotelRoomPrice": "127.47", "hotelFinalPrice": "509.88"}}}
{"_id": "orderid:506146", "timestamp": "2020-01-29T06:13:29.000Z", "eventType": "transaction", "_adobeamericaspot3": {"CRMID": "crmid:6874208632", "orderDetails": {"orderID": "orderid:506146", "reservationid": "DIO-F9R6", "orderType": "website", "hotelSKU": "prd1184", "hotelCheckInUnix": "1580364809", "hotelCheckOutUnix": "1580624009", "hotelCheckInTS": "2020-01-30T06:13:29+00:00", "hotelCheckOutTS": "2020-02-02T06:13:29+00:00", "hotelChain": "Aspen Heights", "hotelName": "Aspen Heights: Arlington", "hotelLocation": "Arlington", "hotelRoomType": "standard", "hotelRoomCount": "1", "hotelGuestAdultCount": "1", "hotelGuestChildCount": "0", "hotelNightCount": "3", "hotelRoomPrice": "184.67", "hotelFinalPrice": "554.01"}}}
{"_id": "orderid:619700", "timestamp": "2020-02-03T00:00:00.000Z", "eventType": "transaction", "_adobeamericaspot3": {"CRMID": "crmid:6874208632", "orderDetails": {"orderID": "orderid:619700", "reservationid": "R23-XA8S", "orderType": "website", "hotelSKU": "prd1098", "hotelCheckInUnix": "1581033600", "hotelCheckOutUnix": "1581552000", "hotelCheckInTS": "2020-02-07T00:00:00+00:00", "hotelCheckOutTS": "2020-02-13T00:00:00+00:00", "hotelChain": "Restful Nights", "hotelName": "Restful Nights: Kiev", "hotelLocation": "Kiev", "hotelRoomType": "premium", "hotelRoomCount": "1", "hotelGuestAdultCount": "1", "hotelGuestChildCount": "0", "hotelNightCount": "6", "hotelRoomPrice": "167.16", "hotelFinalPrice": "1002.96"}}}
{"_id": "orderid:443854", "timestamp": "2020-02-14T00:00:00.000Z", "eventType": "transaction", "_adobeamericaspot3": {"CRMID": "crmid:6874208632", "orderDetails": {"orderID": "orderid:443854", "reservationid": "ARR-T4OP", "orderType": "website", "hotelSKU": "prd1130", "hotelCheckInUnix": "1581811200", "hotelCheckOutUnix": "1581984000", "hotelCheckInTS": "2020-02-16T00:00:00+00:00", "hotelCheckOutTS": "2020-02-18T00:00:00+00:00", "hotelChain": "Blue Reef Resort", "hotelName": "Blue Reef Resort: Bremen", "hotelLocation": "Bremen", "hotelRoomType": "luxury", "hotelRoomCount": "1", "hotelGuestAdultCount": "1", "hotelGuestChildCount": "0", "hotelNightCount": "2", "hotelRoomPrice": "391.09", "hotelFinalPrice": "782.18"}}}
{"_id": "orderid:388089", "timestamp": "2020-01-28T12:57:00.000Z", "eventType": "transaction", "_adobeamericaspot3": {"CRMID": "crmid:7795384354", "orderDetails": {"orderID": "orderid:388089", "reservationid": "AFK-2ZS3", "orderType": "website", "hotelSKU": "prd1047", "hotelCheckInUnix": "1581685020", "hotelCheckOutUnix": "1582203420", "hotelCheckInTS": "2020-02-14T12:57:00+00:00", "hotelCheckOutTS": "2020-02-20T12:57:00+00:00", "hotelChain": "Hospitality Inn", "hotelName": "Hospitality Inn: Oakland", "hotelLocation": "Oakland", "hotelRoomType": "premium", "hotelRoomCount": "1", "hotelGuestAdultCount": "1", "hotelGuestChildCount": "0", "hotelNightCount": "6", "hotelRoomPrice": "127.59", "hotelFinalPrice": "765.54"}}}
{"_id": "orderid:460992", "timestamp": "2020-01-09T12:01:50.000Z", "eventType": "transaction", "_adobeamericaspot3": {"CRMID": "crmid:2443599829", "orderDetails": {"orderID": "orderid:460992", "reservationid": "AQA-X4FM", "orderType": "website", "hotelSKU": "prd1040", "hotelCheckInUnix": "1580817710", "hotelCheckOutUnix": "1580990510", "hotelCheckInTS": "2020-02-04T12:01:50+00:00", "hotelCheckOutTS": "2020-02-06T12:01:50+00:00", "hotelChain": "Aspen Heights", "hotelName": "Aspen Heights: Atlanta", "hotelLocation": "Atlanta", "hotelRoomType": "standard", "hotelRoomCount": "1", "hotelGuestAdultCount": "1", "hotelGuestChildCount": "4", "hotelNightCount": "2", "hotelRoomPrice": "129.39", "hotelFinalPrice": "258.78"}}}
{"_id": "orderid:892685", "timestamp": "2019-12-18T12:18:00.000Z", "eventType": "transaction", "_adobeamericaspot3": {"CRMID": "crmid:4842428347", "orderDetails": {"orderID": "orderid:892685", "reservationid": "XZ9-HTVP", "orderType": "call center", "hotelSKU": "prd1009", "hotelCheckInUnix": "1578313080", "hotelCheckOutUnix": "1579004280", "hotelCheckInTS": "2020-01-06T12:18:00+00:00", "hotelCheckOutTS": "2020-01-14T12:18:00+00:00", "hotelChain": "Admiralty Plaza", "hotelName": "Admiralty Plaza: San Antonio", "hotelLocation": "San Antonio", "hotelRoomType": "premium", "hotelRoomCount": "1", "hotelGuestAdultCount": "1", "hotelGuestChildCount": "0", "hotelNightCount": "8", "hotelRoomPrice": "164.26", "hotelFinalPrice": "1314.08"}}}
{"_id": "orderid:337409", "timestamp": "2019-12-10T14:42:04.000Z", "eventType": "transaction", "_adobeamericaspot3": {"CRMID": "crmid:6192240109", "orderDetails": {"orderID": "orderid:337409", "reservationid": "1VX-PJTD", "orderType": "kiosk", "hotelSKU": "prd1009", "hotelCheckInUnix": "1576075324", "hotelCheckOutUnix": "1576161724", "hotelCheckInTS": "2019-12-11T14:42:04+00:00", "hotelCheckOutTS": "2019-12-12T14:42:04+00:00", "hotelChain": "Admiralty Plaza", "hotelName": "Admiralty Plaza: San Antonio", "hotelLocation": "San Antonio", "hotelRoomType": "premium", "hotelRoomCount": "1", "hotelGuestAdultCount": "1", "hotelGuestChildCount": "0", "hotelNightCount": "1", "hotelRoomPrice": "173.61", "hotelFinalPrice": "173.61"}}}
{"_id": "orderid:543578", "timestamp": "2019-12-15T14:59:39.000Z", "eventType": "transaction", "_adobeamericaspot3": {"CRMID": "crmid:6263559217", "orderDetails": {"orderID": "orderid:543578", "reservationid": "HGQ-PDHI", "orderType": "call center", "hotelSKU": "prd1093", "hotelCheckInUnix": "1578668379", "hotelCheckOutUnix": "1578927579", "hotelCheckInTS": "2020-01-10T14:59:39+00:00", "hotelCheckOutTS": "2020-01-13T14:59:39+00:00", "hotelChain": "Admiralty Plaza", "hotelName": "Admiralty Plaza: Yokohama", "hotelLocation": "Yokohama", "hotelRoomType": "standard", "hotelRoomCount": "1", "hotelGuestAdultCount": "1", "hotelGuestChildCount": "0", "hotelNightCount": "3", "hotelRoomPrice": "87.42", "hotelFinalPrice": "262.26"}}}
{"_id": "orderid:848683", "timestamp": "2020-01-05T10:23:41.000Z", "eventType": "transaction", "_adobeamericaspot3": {"CRMID": "crmid:2090431248", "orderDetails": {"orderID": "orderid:848683", "reservationid": "UXX-RGCR", "orderType": "kiosk", "hotelSKU": "prd1163", "hotelCheckInUnix": "1579947821", "hotelCheckOutUnix": "1580379821", "hotelCheckInTS": "2020-01-25T10:23:41+00:00", "hotelCheckOutTS": "2020-01-30T10:23:41+00:00", "hotelChain": "Nesting Box Inn", "hotelName": "Nesting Box Inn: Oklahoma City", "hotelLocation": "Oklahoma City", "hotelRoomType": "standard", "hotelRoomCount": "1", "hotelGuestAdultCount": "1", "hotelGuestChildCount": "0", "hotelNightCount": "5", "hotelRoomPrice": "92.06", "hotelFinalPrice": "460.3"}}}
{"_id": "orderid:208791", "timestamp": "2020-01-29T18:06:59.000Z", "eventType": "transaction", "_adobeamericaspot3": {"CRMID": "crmid:2153643319", "orderDetails": {"orderID": "orderid:208791", "reservationid": "QGQ-KJQI", "orderType": "mobile", "hotelSKU": "prd1004", "hotelCheckInUnix": "1582394819", "hotelCheckOutUnix": "1583086019", "hotelCheckInTS": "2020-02-22T18:06:59+00:00", "hotelCheckOutTS": "2020-03-01T18:06:59+00:00", "hotelChain": "Aspen Heights", "hotelName": "Aspen Heights: Boulder", "hotelLocation": "Boulder", "hotelRoomType": "standard", "hotelRoomCount": "1", "hotelGuestAdultCount": "1", "hotelGuestChildCount": "0", "hotelNightCount": "8", "hotelRoomPrice": "139.17", "hotelFinalPrice": "1113.36"}}}
{"_id": "orderid:242855", "timestamp": "2020-01-03T16:34:03.000Z", "eventType": "transaction", "_adobeamericaspot3": {"CRMID": "crmid:1181430316", "orderDetails": {"orderID": "orderid:242855", "reservationid": "JFI-KBTF", "orderType": "call center", "hotelSKU": "prd1004", "hotelCheckInUnix": "1578242043", "hotelCheckOutUnix": "1578414843", "hotelCheckInTS": "2020-01-05T16:34:03+00:00", "hotelCheckOutTS": "2020-01-07T16:34:03+00:00", "hotelChain": "Aspen Heights", "hotelName": "Aspen Heights: Boulder", "hotelLocation": "Boulder", "hotelRoomType": "standard", "hotelRoomCount": "1", "hotelGuestAdultCount": "1", "hotelGuestChildCount": "0", "hotelNightCount": "2", "hotelRoomPrice": "124.28", "hotelFinalPrice": "248.56"}}}
{"_id": "orderid:408139", "timestamp": "2020-01-25T07:45:34.000Z", "eventType": "transaction", "_adobeamericaspot3": {"CRMID": "crmid:6197835305", "orderDetails": {"orderID": "orderid:408139", "reservationid": "6ZK-RV7S", "orderType": "call center", "hotelSKU": "prd1052", "hotelCheckInUnix": "1581752734", "hotelCheckOutUnix": "1581925534", "hotelCheckInTS": "2020-02-15T07:45:34+00:00", "hotelCheckOutTS": "2020-02-17T07:45:34+00:00", "hotelChain": "Aspen Heights", "hotelName": "Aspen Heights: Wichita", "hotelLocation": "Wichita", "hotelRoomType": "standard", "hotelRoomCount": "1", "hotelGuestAdultCount": "1", "hotelGuestChildCount": "4", "hotelNightCount": "2", "hotelRoomPrice": "142.84", "hotelFinalPrice": "285.68"}}}
{"_id": "orderid:133661", "timestamp": "2020-01-18T23:13:21.000Z", "eventType": "transaction", "_adobeamericaspot3": {"CRMID": "crmid:2679135639", "orderDetails": {"orderID": "orderid:133661", "reservationid": "VMF-3P7O", "orderType": "call center", "hotelSKU": "prd1004", "hotelCheckInUnix": "1579821201", "hotelCheckOutUnix": "1579907601", "hotelCheckInTS": "2020-01-23T23:13:21+00:00", "hotelCheckOutTS": "2020-01-24T23:13:21+00:00", "hotelChain": "Aspen Heights", "hotelName": "Aspen Heights: Boulder", "hotelLocation": "Boulder", "hotelRoomType": "standard", "hotelRoomCount": "1", "hotelGuestAdultCount": "1", "hotelGuestChildCount": "0", "hotelNightCount": "1", "hotelRoomPrice": "180.85", "hotelFinalPrice": "180.85"}}}
{"_id": "orderid:859541", "timestamp": "2020-01-26T00:00:00.000Z", "eventType": "transaction", "_adobeamericaspot3": {"CRMID": "crmid:2679135639", "orderDetails": {"orderID": "orderid:859541", "reservationid": "PLX-FC7I", "orderType": "call center", "hotelSKU": "prd1121", "hotelCheckInUnix": "1580428800", "hotelCheckOutUnix": "1580515200", "hotelCheckInTS": "2020-01-31T00:00:00+00:00", "hotelCheckOutTS": "2020-02-01T00:00:00+00:00", "hotelChain": "Grandeur Hotels", "hotelName": "Grandeur Hotels: Stockholm", "hotelLocation": "Stockholm", "hotelRoomType": "standard", "hotelRoomCount": "1", "hotelGuestAdultCount": "1", "hotelGuestChildCount": "0", "hotelNightCount": "1", "hotelRoomPrice": "140.73", "hotelFinalPrice": "140.73"}}}
{"_id": "orderid:232737", "timestamp": "2020-01-27T21:24:24.000Z", "eventType": "transaction", "_adobeamericaspot3": {"CRMID": "crmid:4851671979", "orderDetails": {"orderID": "orderid:232737", "reservationid": "MSI-GFKM", "orderType": "kiosk", "hotelSKU": "prd1112", "hotelCheckInUnix": "1582406664", "hotelCheckOutUnix": "1583270664", "hotelCheckInTS": "2020-02-22T21:24:24+00:00", "hotelCheckOutTS": "2020-03-03T21:24:24+00:00", "hotelChain": "Aspen Heights", "hotelName": "Aspen Heights: Birmingham", "hotelLocation": "Birmingham", "hotelRoomType": "premium", "hotelRoomCount": "1", "hotelGuestAdultCount": "1", "hotelGuestChildCount": "0", "hotelNightCount": "10", "hotelRoomPrice": "124.17", "hotelFinalPrice": "1241.7"}}}
{"_id": "orderid:917994", "timestamp": "2020-02-16T15:01:10.000Z", "eventType": "transaction", "_adobeamericaspot3": {"CRMID": "crmid:4929520597", "orderDetails": {"orderID": "orderid:917994", "reservationid": "NNV-GKCG", "orderType": "kiosk", "hotelSKU": "prd1119", "hotelCheckInUnix": "1583766070", "hotelCheckOutUnix": "1584543670", "hotelCheckInTS": "2020-03-09T15:01:10+00:00", "hotelCheckOutTS": "2020-03-18T15:01:10+00:00", "hotelChain": "Hospitality Inn", "hotelName": "Hospitality Inn: Turin", "hotelLocation": "Turin", "hotelRoomType": "standard", "hotelRoomCount": "1", "hotelGuestAdultCount": "1", "hotelGuestChildCount": "3", "hotelNightCount": "9", "hotelRoomPrice": "159.38", "hotelFinalPrice": "1434.42"}}}
{"_id": "orderid:349018", "timestamp": "2019-12-23T17:21:22.000Z", "eventType": "transaction", "_adobeamericaspot3": {"CRMID": "crmid:2638709680", "orderDetails": {"orderID": "orderid:349018", "reservationid": "CPU-B7WI", "orderType": "website", "hotelSKU": "prd1178", "hotelCheckInUnix": "1577294482", "hotelCheckOutUnix": "1577553682", "hotelCheckInTS": "2019-12-25T17:21:22+00:00", "hotelCheckOutTS": "2019-12-28T17:21:22+00:00", "hotelChain": "Blue Reef Resort", "hotelName": "Blue Reef Resort: Colorado Springs", "hotelLocation": "Colorado Springs", "hotelRoomType": "standard", "hotelRoomCount": "1", "hotelGuestAdultCount": "1", "hotelGuestChildCount": "0", "hotelNightCount": "3", "hotelRoomPrice": "101.6", "hotelFinalPrice": "304.8"}}}
{"_id": "orderid:711676", "timestamp": "2019-12-16T19:50:41.000Z", "eventType": "transaction", "_adobeamericaspot3": {"CRMID": "crmid:7128369434", "orderDetails": {"orderID": "orderid:711676", "reservationid": "48M-LDIH", "orderType": "mobile", "hotelSKU": "prd1187", "hotelCheckInUnix": "1577130641", "hotelCheckOutUnix": "1577821841", "hotelCheckInTS": "2019-12-23T19:50:41+00:00", "hotelCheckOutTS": "2019-12-31T19:50:41+00:00", "hotelChain": "Nesting Box Inn", "hotelName": "Nesting Box Inn: Cleveland", "hotelLocation": "Cleveland", "hotelRoomType": "premium", "hotelRoomCount": "1", "hotelGuestAdultCount": "1", "hotelGuestChildCount": "0", "hotelNightCount": "8", "hotelRoomPrice": "133.44", "hotelFinalPrice": "1067.52"}}}
{"_id": "orderid:908519", "timestamp": "2020-01-29T04:18:20.000Z", "eventType": "transaction", "_adobeamericaspot3": {"CRMID": "crmid:5211024332", "orderDetails": {"orderID": "orderid:908519", "reservationid": "KGZ-6SYU", "orderType": "website", "hotelSKU": "prd1155", "hotelCheckInUnix": "1580444300", "hotelCheckOutUnix": "1580530700", "hotelCheckInTS": "2020-01-31T04:18:20+00:00", "hotelCheckOutTS": "2020-02-01T04:18:20+00:00", "hotelChain": "Hospitality Inn", "hotelName": "Hospitality Inn: Denver", "hotelLocation": "Denver", "hotelRoomType": "standard", "hotelRoomCount": "1", "hotelGuestAdultCount": "1", "hotelGuestChildCount": "0", "hotelNightCount": "1", "hotelRoomPrice": "168.86", "hotelFinalPrice": "168.86"}}}
