id,reservationid,orderid,crmid,timestamp,orderType,productsku,hotelCheckInUnix,hotelCheckOutUnix,hotelCheckInTS,hotelCheckOutTS,hotelName,hotelChain,hotelLocation,hotelRoomType,hotelRoomCount,hotelGuestAdultCount,hotelGuestChildCount,hotelNightCount,hotelRoomPrice,hotelFinalPrice
e6ca2f52-53c8-11ea-8465-b88a60e194fb,YGL-5JH5,orderid:443053,crmid:3154821128,2020-01-09T09:13:17.000Z,mobile,prd1154,1578993197,1579165997,2020-01-14T09:13:17+00:00,2020-01-16T09:13:17+00:00,Blue Reef Resort: Seattle,Blue Reef Resort,Seattle,standard,1,1,0,2,109.45,218.9
e6cb19b6-53c8-11ea-ad43-b88a60e194fb,LEN-DHSO,orderid:398527,crmid:9459456830,2019-12-06T11:48:09.000Z,website,prd1131,1577706489,1579002489,2019-12-30T11:48:09+00:00,2020-01-14T11:48:09+00:00,Hospitality Inn: Sheffield,Hospitality Inn,Sheffield,luxury,1,1,3,15,348.08,5221.2
e6cc2b22-53c8-11ea-98fd-b88a60e194fb,SMZ-NLXY,orderid:422532,crmid:2257756943,2020-01-03T17:05:48.000Z,mobile,prd1153,1579194348,1579799148,2020-01-16T17:05:48+00:00,2020-01-23T17:05:48+00:00,Admiralty Plaza: Charlotte,Admiralty Plaza,Charlotte,standard,1,1,0,7,174.08,1218.56
e6ccee70-53c8-11ea-b8b9-b88a60e194fb,BXD-Z1VU,orderid:975687,crmid:4526077137,2020-02-10T14:05:42.000Z,kiosk,prd1076,1583417142,1584021942,2020-03-05T14:05:42+00:00,2020-03-12T14:05:42+00:00,Aspen Heights: Bogota,Aspen Heights,Bogota,standard,1,1,0,7,136.93,958.51
e6cdb1ba-53c8-11ea-8c1c-b88a60e194fb,RWQ-5TZK,orderid:686813,crmid:6747361690,2019-12-20T00:02:01.000Z,website,prd1106,1577145721,1577491321,2019-12-24T00:02:01+00:00,2019-12-28T00:02:01+00:00,Blue Reef Resort: Munich,Blue Reef Resort,Munich,standard,1,1,0,4,148.85,595.4
e6ce9c24-53c8-11ea-9d0e-b88a60e194fb,3IP-TOAT,orderid:712420,crmid:8247267500,2020-01-18T11:06:27.000Z,website,prd1181,1579431987,1579518387,2020-01-19T11:06:27+00:00,2020-01-20T11:06:27+00:00,Grandeur Hotels: Oakland,Grandeur Hotels,Oakland,premium,1,1,0,1,159.24,159.24
e6cf5ff8-53c8-11ea-839c-b88a60e194fb,CHX-ZOSE,orderid:976565,crmid:9572710018,2019-12-23T01:02:15.000Z,website,prd1109,1579309335,1579914135,2020-01-18T01:02:15+00:00,2020-01-25T01:02:15+00:00,Grandeur Hotels: Belgrade,Grandeur Hotels,Belgrade,standard,1,1,0,7,123.23,862.61
e6d049d2-53c8-11ea-b844-b88a60e194fb,QFT-EX7Y,orderid:628615,crmid:8542474585,2020-01-27T07:13:53.000Z,call center,prd1169,1580541233,1580714033,2020-02-01T07:13:53+00:00,2020-02-03T07:13:53+00:00,Grandeur Hotels: Tucson,Grandeur Hotels,Tucson,standard,1,1,0,2,151.48,302.96
e6d10d1e-53c8-11ea-8148-b88a60e194fb,6YF-HHQ3,orderid:628264,crmid:2247809840,2020-01-31T23:34:19.000Z,mobile,prd1192,1582241659,1582587259,2020-02-20T23:34:19+00:00,2020-02-24T23:34:19+00:00,Sandhill: Delhi,Sandhill,Delhi,standard,1,1,0,4,151.35,605.4
e6d1d06e-53c8-11ea-ae4d-b88a60e194fb,L04-HD95,orderid:795393,crmid:5521554312,2020-01-01T09:21:47.000Z,website,prd1055,1580203307,1580376107,2020-01-28T09:21:47+00:00,2020-01-30T09:21:47+00:00,Nesting Box Inn: Bakersfield,Nesting Box Inn,Bakersfield,standard,1,1,2,2,136.8,273.6
e6d2bae2-53c8-11ea-8662-b88a60e194fb,BG2-V3JN,orderid:339793,crmid:3597913751,2019-12-19T05:23:50.000Z,website,prd1033,1577251430,1577337830,2019-12-25T05:23:50+00:00,2019-12-26T05:23:50+00:00,Admiralty Plaza: Milwaukee,Admiralty Plaza,Milwaukee,ultra-luxury,1,1,0,1,312.42,312.42
e6d3a53a-53c8-11ea-99f3-b88a60e194fb,XXE-KPTH,orderid:676057,crmid:4207563743,2020-01-21T09:19:36.000Z,website,prd1058,1579857576,1580030376,2020-01-24T09:19:36+00:00,2020-01-26T09:19:36+00:00,Blue Reef Resort: Delhi,Blue Reef Resort,Delhi,luxury,1,1,0,2,366.57,733.14
e6d4b6a6-53c8-11ea-9d7a-b88a60e194fb,76D-JT5J,orderid:497732,crmid:3851355380,2019-12-13T10:09:10.000Z,website,prd1034,1578564550,1579082950,2020-01-09T10:09:10+00:00,2020-01-15T10:09:10+00:00,Blue Reef Resort: Albuquerque,Blue Reef Resort,Albuquerque,premium,1,1,0,6,155.86,935.16
e6d5a114-53c8-11ea-87fb-b88a60e194fb,OP1-BIAN,orderid:245061,crmid:4008909996,2019-12-30T01:37:01.000Z,website,prd1141,1580175421,1580693821,2020-01-28T01:37:01+00:00,2020-02-03T01:37:01+00:00,Admiralty Plaza: Phoenix,Admiralty Plaza,Phoenix,premium,1,1,0,6,139.55,837.3
e6d68b70-53c8-11ea-bff9-b88a60e194fb,KN4-NNCN,orderid:321249,crmid:1678858246,2020-01-04T23:25:47.000Z,call center,prd1172,1578266747,1578439547,2020-01-05T23:25:47+00:00,2020-01-07T23:25:47+00:00,Aspen Heights: Mesa,Aspen Heights,Mesa,standard,1,1,0,2,119.6,239.2
e6d79cda-53c8-11ea-82e9-b88a60e194fb,BTF-SU33,orderid:742209,crmid:7853500084,2020-01-14T14:53:30.000Z,website,prd1196,1581260010,1581778410,2020-02-09T14:53:30+00:00,2020-02-15T14:53:30+00:00,Aspen Heights: Moscow,Aspen Heights,Moscow,luxury,1,1,0,6,378.77,2272.62
e6d86028-53c8-11ea-b643-b88a60e194fb,QEV-K45V,orderid:526906,crmid:3820442354,2020-02-11T09:11:44.000Z,call center,prd1189,1582967504,1584609104,2020-02-29T09:11:44+00:00,2020-03-19T09:11:44+00:00,Admiralty Plaza: Bakersfield,Admiralty Plaza,Bakersfield,premium,1,1,0,19,142.5,2707.5
e6d9237a-53c8-11ea-91f4-b88a60e194fb,MUK-STBB,orderid:680499,crmid:6081006661,2020-01-20T08:32:00.000Z,website,prd1028,1581150720,1581237120,2020-02-08T08:32:00+00:00,2020-02-09T08:32:00+00:00,Aspen Heights: Portland,Aspen Heights,Portland,standard,1,1,0,1,111.38,111.38
e6dc09dc-53c8-11ea-bec9-b88a60e194fb,0RO-98C1,orderid:906231,crmid:2982984530,2019-12-23T16:57:36.000Z,call center,prd1069,1577725056,1578157056,2019-12-30T16:57:36+00:00,2020-01-04T16:57:36+00:00,Admiralty Plaza: Singapore,Admiralty Plaza,Singapore,standard,1,1,0,5,123.02,615.1
e6dccd26-53c8-11ea-85bf-b88a60e194fb,R6M-WR5A,orderid:823328,crmid:7220694307,2020-02-07T04:59:43.000Z,service desk,prd1089,1581137983,1581224383,2020-02-08T04:59:43+00:00,2020-02-09T04:59:43+00:00,Sapphire Suites: Rome,Sapphire Suites,Rome,luxury,1,1,0,1,365.12,365.12
e6ddb77a-53c8-11ea-9570-b88a60e194fb,YPK-2RNJ,orderid:241897,crmid:5409333527,2020-01-17T07:04:48.000Z,website,prd1167,1579763088,1580367888,2020-01-23T07:04:48+00:00,2020-01-30T07:04:48+00:00,Hospitality Inn: Milwaukee,Hospitality Inn,Milwaukee,standard,1,1,0,7,177.17,1240.19
e6de7ad8-53c8-11ea-9e8d-b88a60e194fb,FYE-SE88,orderid:472449,crmid:3719733446,2020-01-28T09:15:40.000Z,kiosk,prd1011,1580289340,1580462140,2020-01-29T09:15:40+00:00,2020-01-31T09:15:40+00:00,Hospitality Inn: Dallas,Hospitality Inn,Dallas,ultra-luxury,1,1,0,2,308.52,617.04
e6df6528-53c8-11ea-9a63-b88a60e194fb,EOC-X8VP,orderid:821154,crmid:9480615351,2020-02-02T00:59:21.000Z,kiosk,prd1069,1580864361,1581209961,2020-02-05T00:59:21+00:00,2020-02-09T00:59:21+00:00,Admiralty Plaza: Singapore,Admiralty Plaza,Singapore,premium,1,1,0,4,140.86,563.44
e6e07740-53c8-11ea-a9ba-b88a60e194fb,NFP-WAAG,orderid:146754,crmid:2267904201,2019-12-20T01:14:17.000Z,website,prd1064,1579050857,1579569257,2020-01-15T01:14:17+00:00,2020-01-21T01:14:17+00:00,Aspen Heights: Paris,Aspen Heights,Paris,standard,1,1,0,6,146.59,879.54
e6e160f4-53c8-11ea-9300-b88a60e194fb,3NE-0Q4T,orderid:758731,crmid:5500554604,2020-01-24T03:14:58.000Z,kiosk,prd1081,1581995698,1582773298,2020-02-18T03:14:58+00:00,2020-02-27T03:14:58+00:00,Admiralty Plaza: Rod de Janeiro,Admiralty Plaza,Rod de Janeiro,standard,1,1,0,9,120.2,1081.8
e6e2244a-53c8-11ea-87ca-b88a60e194fb,LZY-C6Q8,orderid:771553,crmid:5352081777,2020-01-26T09:51:57.000Z,website,prd1196,1580118717,1580291517,2020-01-27T09:51:57+00:00,2020-01-29T09:51:57+00:00,Aspen Heights: Moscow,Aspen Heights,Moscow,premium,1,1,0,2,132.66,265.32
e6e2e79a-53c8-11ea-8867-b88a60e194fb,DOO-UIA9,orderid:347044,crmid:3338263208,2020-01-16T03:03:53.000Z,call center,prd1169,1581476633,1582081433,2020-02-12T03:03:53+00:00,2020-02-19T03:03:53+00:00,Grandeur Hotels: Tucson,Grandeur Hotels,Tucson,standard,1,1,4,7,147.23,1030.61
e6e3d202-53c8-11ea-95e7-b88a60e194fb,CJX-Y1C6,orderid:676051,crmid:4786508706,2020-01-05T19:03:22.000Z,service desk,prd1178,1580583802,1581620602,2020-02-01T19:03:22+00:00,2020-02-13T19:03:22+00:00,Blue Reef Resort: Colorado Springs,Blue Reef Resort,Colorado Springs,standard,1,1,0,12,118.82,1425.84
e6e4bc5c-53c8-11ea-b451-b88a60e194fb,T7W-HMVO,orderid:887258,crmid:4688341304,2019-12-20T09:59:49.000Z,mobile,prd1014,1579168789,1579427989,2020-01-16T09:59:49+00:00,2020-01-19T09:59:49+00:00,Restful Nights: Jacksonville,Restful Nights,Jacksonville,premium,1,1,2,3,152.28,456.84
e6e57fac-53c8-11ea-a87c-b88a60e194fb,BTG-JGEI,orderid:203380,crmid:3574859165,2019-12-08T20:16:58.000Z,call center,prd1193,1577564218,1577737018,2019-12-28T20:16:58+00:00,2019-12-30T20:16:58+00:00,Grandeur Hotels: Kinshasa,Grandeur Hotels,Kinshasa,presidential-suite,1,1,0,2,920.0,1840.0
e6e64300-53c8-11ea-bd7f-b88a60e194fb,UHY-SYA5,orderid:434419,crmid:6314429936,2020-01-20T19:54:13.000Z,kiosk,prd1064,1581364453,1582487653,2020-02-10T19:54:13+00:00,2020-02-23T19:54:13+00:00,Aspen Heights: Paris,Aspen Heights,Paris,standard,1,1,0,13,102.49,1332.37
e6e72d5c-53c8-11ea-a505-b88a60e194fb,6PH-IRNN,orderid:874013,crmid:7342256616,2020-01-15T06:02:48.000Z,kiosk,prd1097,1581573768,1581746568,2020-02-13T06:02:48+00:00,2020-02-15T06:02:48+00:00,Grandeur Hotels: Buenos Aires,Grandeur Hotels,Buenos Aires,standard,1,1,0,2,140.23,280.46
e6e7f0ae-53c8-11ea-819e-b88a60e194fb,VFY-PSAB,orderid:300956,crmid:1121043454,2020-02-14T23:52:00.000Z,website,prd1059,1583452320,1584316320,2020-03-05T23:52:00+00:00,2020-03-15T23:52:00+00:00,Hospitality Inn: Kinshasa,Hospitality Inn,Kinshasa,ultra-luxury,1,1,0,10,292.84,2928.4
e6e9292c-53c8-11ea-ba77-b88a60e194fb,FQR-OELZ,orderid:379282,crmid:5090975937,2019-12-29T00:40:25.000Z,website,prd1016,1580085625,1581208825,2020-01-27T00:40:25+00:00,2020-02-09T00:40:25+00:00,Aspen Heights: Columbus,Aspen Heights,Columbus,standard,1,1,4,13,91.29,1186.77
e6ea1388-53c8-11ea-a23d-b88a60e194fb,6XK-JJZU,orderid:702706,crmid:3005585653,2019-12-25T02:20:39.000Z,kiosk,prd1158,1579486839,1579659639,2020-01-20T02:20:39+00:00,2020-01-22T02:20:39+00:00,Restful Nights: El Paso,Restful Nights,El Paso,standard,1,1,0,2,151.19,302.38
e6ead6d8-53c8-11ea-b03c-b88a60e194fb,EWN-GG1S,orderid:535561,crmid:9928248056,2020-02-15T10:29:06.000Z,kiosk,prd1035,1582021746,1582108146,2020-02-18T10:29:06+00:00,2020-02-19T10:29:06+00:00,Hospitality Inn: Tucson,Hospitality Inn,Tucson,standard,1,1,0,1,132.31,132.31
e6eb9a28-53c8-11ea-a6dd-b88a60e194fb,9W9-3CKD,orderid:949440,crmid:3067941600,2019-12-30T00:16:34.000Z,mobile,prd1129,1579997794,1580170594,2020-01-26T00:16:34+00:00,2020-01-28T00:16:34+00:00,Admiralty Plaza: Helsinki,Admiralty Plaza,Helsinki,standard,1,1,4,2,157.01,314.02
e6ec5d7e-53c8-11ea-ba3d-b88a60e194fb,D3U-TRZB,orderid:666502,crmid:7749024444,2019-12-17T09:02:44.000Z,website,prd1070,1576918964,1577005364,2019-12-21T09:02:44+00:00,2019-12-22T09:02:44+00:00,Blue Reef Resort: Jakarta,Blue Reef Resort,Jakarta,standard,1,1,0,1,158.33,158.33
e6ed47c8-53c8-11ea-b7e9-b88a60e194fb,VXR-RR2E,orderid:317677,crmid:1436628319,2020-01-18T16:34:11.000Z,kiosk,prd1102,1581352451,1582475651,2020-02-10T16:34:11+00:00,2020-02-23T16:34:11+00:00,Sego Lily Suites: Budapest,Sego Lily Suites,Budapest,luxury,1,1,4,13,438.0,5694.0
e6ee323a-53c8-11ea-b99b-b88a60e194fb,CPE-4TFB,orderid:749483,crmid:8442229189,2019-12-06T08:46:09.000Z,website,prd1196,1577609169,1577954769,2019-12-29T08:46:09+00:00,2020-01-02T08:46:09+00:00,Aspen Heights: Moscow,Aspen Heights,Moscow,standard,1,1,3,4,141.48,565.92
e6eef658-53c8-11ea-acc1-b88a60e194fb,LLB-JL5C,orderid:834847,crmid:9461090004,2020-01-10T11:31:24.000Z,call center,prd1103,1580815884,1581593484,2020-02-04T11:31:24+00:00,2020-02-13T11:31:24+00:00,Nesting Box Inn: Hamburg,Nesting Box Inn,Hamburg,standard,1,1,0,9,123.29,1109.61
e6efb8dc-53c8-11ea-94e0-b88a60e194fb,DAM-R5PR,orderid:663961,crmid:2163405889,2020-01-22T19:40:51.000Z,kiosk,prd1177,1579808451,1579894851,2020-01-23T19:40:51+00:00,2020-01-24T19:40:51+00:00,Admiralty Plaza: Raleigh,Admiralty Plaza,Raleigh,premium,1,1,0,1,159.36,159.36
e6f0a33a-53c8-11ea-a2f6-b88a60e194fb,DBC-XGMO,orderid:748892,crmid:8670363607,2019-12-24T08:28:11.000Z,website,prd1079,1577262491,1577780891,2019-12-25T08:28:11+00:00,2019-12-31T08:28:11+00:00,Nesting Box Inn: Chennai,Nesting Box Inn,Chennai,standard,1,1,0,6,128.38,770.28
e6f1668a-53c8-11ea-9d13-b88a60e194fb,ZWR-DZWK,orderid:960353,crmid:7732116470,2020-01-30T16:59:37.000Z,service desk,prd1154,1582045177,1582822777,2020-02-18T16:59:37+00:00,2020-02-27T16:59:37+00:00,Blue Reef Resort: Seattle,Blue Reef Resort,Seattle,premium,1,1,4,9,155.98,1403.82
e6f29f08-53c8-11ea-91a1-b88a60e194fb,XPN-JOY7,orderid:265243,crmid:1847842597,2019-12-11T14:56:53.000Z,service desk,prd1105,1578063413,1579359413,2020-01-03T14:56:53+00:00,2020-01-18T14:56:53+00:00,Admiralty Plaza: Barcelona,Admiralty Plaza,Barcelona,premium,1,1,0,15,122.12,1831.8
e6f3625e-53c8-11ea-850b-b88a60e194fb,FDL-FCWI,orderid:857447,crmid:7521314157,2019-12-18T09:56:57.000Z,mobile,prd1052,1578823017,1579514217,2020-01-12T09:56:57+00:00,2020-01-20T09:56:57+00:00,Aspen Heights: Wichita,Aspen Heights,Wichita,standard,1,1,3,8,124.37,994.96
e6f473cc-53c8-11ea-ac68-b88a60e194fb,UNA-ZCMZ,orderid:823045,crmid:7421508186,2020-02-07T23:05:12.000Z,mobile,prd1103,1581203112,1581635112,2020-02-08T23:05:12+00:00,2020-02-13T23:05:12+00:00,Nesting Box Inn: Hamburg,Nesting Box Inn,Hamburg,standard,1,1,0,5,119.35,596.75
e6f53724-53c8-11ea-b71e-b88a60e194fb,7EB-U20C,orderid:957077,crmid:7396681418,2020-02-07T15:53:57.000Z,call center,prd1191,1581695637,1582386837,2020-02-14T15:53:57+00:00,2020-02-22T15:53:57+00:00,Hospitality Inn: Mumbai,Hospitality Inn,Mumbai,standard,1,1,0,8,162.41,1299.28
e6f5fa6c-53c8-11ea-8cff-b88a60e194fb,GTD-VSG9,orderid:520199,crmid:9062457124,2020-02-02T05:55:01.000Z,service desk,prd1196,1582610101,1583646901,2020-02-25T05:55:01+00:00,2020-03-08T05:55:01+00:00,Aspen Heights: Moscow,Aspen Heights,Moscow,premium,1,1,0,12,133.15,1597.8
e6f6e4d0-53c8-11ea-90e1-b88a60e194fb,9DK-ZH5T,orderid:293367,crmid:1249781075,2019-12-29T03:51:27.000Z,website,prd1076,1579665087,1580183487,2020-01-22T03:51:27+00:00,2020-01-28T03:51:27+00:00,Aspen Heights: Bogota,Aspen Heights,Bogota,ultra-luxury,1,1,0,6,289.19,1735.14
e6f7cf28-53c8-11ea-b2ec-b88a60e194fb,AF5-PULR,orderid:386513,crmid:5126485900,2019-12-26T08:22:14.000Z,website,prd1105,1577866934,1578126134,2020-01-01T08:22:14+00:00,2020-01-04T08:22:14+00:00,Admiralty Plaza: Barcelona,Admiralty Plaza,Barcelona,standard,1,1,0,3,123.42,370.26
e6f8b98c-53c8-11ea-ae66-b88a60e194fb,NSM-2HUB,orderid:180257,crmid:7497749995,2019-12-02T23:58:05.000Z,mobile,prd1099,1575417485,1575676685,2019-12-03T23:58:05+00:00,2019-12-06T23:58:05+00:00,Family Fun Hotels: Bucharest,Family Fun Hotels,Bucharest,standard,1,1,0,3,132.03,396.09
e6f97cde-53c8-11ea-9d1d-b88a60e194fb,QNS-1XGS,orderid:471282,crmid:3174504291,2020-02-06T08:24:28.000Z,mobile,prd1121,1581063868,1581236668,2020-02-07T08:24:28+00:00,2020-02-09T08:24:28+00:00,Grandeur Hotels: Stockholm,Grandeur Hotels,Stockholm,standard,1,1,0,2,144.25,288.5
e6fa4028-53c8-11ea-8092-b88a60e194fb,LCL-2GXF,orderid:814713,crmid:5749685367,2019-12-31T06:22:06.000Z,website,prd1094,1579501326,1579933326,2020-01-20T06:22:06+00:00,2020-01-25T06:22:06+00:00,Blue Reef Resort: Berlin,Blue Reef Resort,Berlin,standard,1,1,0,5,156.74,783.7
e6fb789e-53c8-11ea-99b3-b88a60e194fb,4WY-FIZX,orderid:918564,crmid:5966300635,2019-12-24T20:06:27.000Z,call center,prd1121,1577304387,1577390787,2019-12-25T20:06:27+00:00,2019-12-26T20:06:27+00:00,Grandeur Hotels: Stockholm,Grandeur Hotels,Stockholm,premium,1,1,0,1,187.71,187.71
e6fb9fba-53c8-11ea-9d5e-b88a60e194fb,GOL-VCOB,orderid:392058,crmid:5966300635,2019-12-27T00:00:00.000Z,service desk,prd1184,1577750400,1577836800,2019-12-31T00:00:00+00:00,2020-01-01T00:00:00+00:00,Aspen Heights: Arlington,Aspen Heights,Arlington,standard,1,1,0,1,134.02,134.02
e6fc6310-53c8-11ea-9fdc-b88a60e194fb,UID-MCU7,orderid:488616,crmid:1250712375,2019-12-06T07:45:20.000Z,call center,prd1088,1577778320,1578296720,2019-12-31T07:45:20+00:00,2020-01-06T07:45:20+00:00,Aspen Heights: Ankara,Aspen Heights,Ankara,premium,1,1,0,6,180.17,1081.02
e6fd265c-53c8-11ea-babd-b88a60e194fb,OBY-MYZZ,orderid:508104,crmid:3072470454,2020-02-08T03:05:52.000Z,kiosk,prd1045,1583118352,1583723152,2020-03-02T03:05:52+00:00,2020-03-09T03:05:52+00:00,Admiralty Plaza: Miami,Admiralty Plaza,Miami,standard,1,1,0,7,78.72,551.04
e6fde9ae-53c8-11ea-8781-b88a60e194fb,WBP-WT3G,orderid:871615,crmid:5789547428,2020-01-08T08:14:49.000Z,website,prd1124,1580372089,1580804089,2020-01-30T08:14:49+00:00,2020-02-04T08:14:49+00:00,Aspen Heights: Leeds,Aspen Heights,Leeds,standard,1,1,4,5,179.64,898.2
e6fed3e8-53c8-11ea-a819-b88a60e194fb,RNZ-YKGR,orderid:932840,crmid:7687589843,2019-12-02T17:52:45.000Z,call center,prd1105,1575395565,1575568365,2019-12-03T17:52:45+00:00,2019-12-05T17:52:45+00:00,Admiralty Plaza: Barcelona,Admiralty Plaza,Barcelona,premium,1,1,0,2,137.91,275.82
e6fefaf8-53c8-11ea-848c-b88a60e194fb,98Q-RFJB,orderid:140699,crmid:7687589843,2019-12-07T00:00:00.000Z,service desk,prd1022,1575763200,1575936000,2019-12-08T00:00:00+00:00,2019-12-10T00:00:00+00:00,Blue Reef Resort: Washington DC,Blue Reef Resort,Washington DC,standard,1,1,0,2,113.82,227.64
e6ffbe4a-53c8-11ea-85d4-b88a60e194fb,2AU-OSME,orderid:586250,crmid:8008819572,2020-02-02T14:28:03.000Z,website,prd1189,1582640883,1583159283,2020-02-25T14:28:03+00:00,2020-03-02T14:28:03+00:00,Admiralty Plaza: Bakersfield,Admiralty Plaza,Bakersfield,premium,1,1,0,6,144.38,866.28
e700819a-53c8-11ea-a889-b88a60e194fb,BPK-5BDJ,orderid:382176,crmid:3319059223,2019-12-24T16:30:30.000Z,mobile,prd1040,1577377830,1578501030,2019-12-26T16:30:30+00:00,2020-01-08T16:30:30+00:00,Aspen Heights: Atlanta,Aspen Heights,Atlanta,standard,1,1,3,13,154.39,2007.07
e70144e8-53c8-11ea-9b25-b88a60e194fb,P1X-RFSI,orderid:315163,crmid:7509094580,2020-01-12T10:27:37.000Z,kiosk,prd1100,1578911257,1579084057,2020-01-13T10:27:37+00:00,2020-01-15T10:27:37+00:00,Aspen Heights: Misk,Aspen Heights,Misk,standard,1,1,0,2,97.74,195.48
e7022f4a-53c8-11ea-9a2a-b88a60e194fb,TVR-FWQQ,orderid:546339,crmid:6131050270,2020-02-06T09:17:14.000Z,call center,prd1031,1582535834,1582881434,2020-02-24T09:17:14+00:00,2020-02-28T09:17:14+00:00,Nesting Box Inn: Louisville,Nesting Box Inn,Louisville,premium,1,1,4,4,141.11,564.44
e702f29c-53c8-11ea-ac8b-b88a60e194fb,MTH-ND6R,orderid:327237,crmid:8044860355,2020-01-17T23:50:57.000Z,service desk,prd1119,1581378657,1582329057,2020-02-10T23:50:57+00:00,2020-02-21T23:50:57+00:00,Hospitality Inn: Turin,Hospitality Inn,Turin,premium,1,1,0,11,149.63,1645.93
e703b5ec-53c8-11ea-ba0f-b88a60e194fb,SRT-M52W,orderid:943116,crmid:9996781025,2020-01-30T02:21:45.000Z,kiosk,prd1153,1582770105,1583288505,2020-02-27T02:21:45+00:00,2020-03-04T02:21:45+00:00,Admiralty Plaza: Charlotte,Admiralty Plaza,Charlotte,standard,1,1,0,6,143.51,861.06
e704eee2-53c8-11ea-b876-b88a60e194fb,O7L-RL67,orderid:832271,crmid:7027989807,2019-12-29T07:05:20.000Z,kiosk,prd1135,1577689520,1577775920,2019-12-30T07:05:20+00:00,2019-12-31T07:05:20+00:00,Family Fun Hotels: Vancouver,Family Fun Hotels,Vancouver,standard,1,1,0,1,97.78,97.78
e705b1b8-53c8-11ea-bd9f-b88a60e194fb,LC0-UIFQ,orderid:415423,crmid:6657639407,2020-02-08T20:43:36.000Z,kiosk,prd1145,1581626616,1581713016,2020-02-13T20:43:36+00:00,2020-02-14T20:43:36+00:00,Grandeur Hotels: Dallas,Grandeur Hotels,Dallas,luxury,1,1,1,1,318.76,318.76
e706765c-53c8-11ea-8234-b88a60e194fb,SBW-L5LW,orderid:730078,crmid:3307081581,2020-01-23T02:28:58.000Z,call center,prd1001,1579919338,1580005738,2020-01-25T02:28:58+00:00,2020-01-26T02:28:58+00:00,Grandeur Hotels: New York,Grandeur Hotels,New York,standard,1,1,0,1,174.28,174.28
e70739dc-53c8-11ea-9e21-b88a60e194fb,CSQ-0WTI,orderid:694526,crmid:2262173044,2019-12-20T10:36:03.000Z,mobile,prd1158,1576924563,1577010963,2019-12-21T10:36:03+00:00,2019-12-22T10:36:03+00:00,Restful Nights: El Paso,Restful Nights,El Paso,standard,1,1,0,1,144.3,144.3
e70739dd-53c8-11ea-803d-b88a60e194fb,HSH-YLT8,orderid:996021,crmid:2262173044,2019-12-24T00:00:00.000Z,call center,prd1130,1577318400,1577404800,2019-12-26T00:00:00+00:00,2019-12-27T00:00:00+00:00,Blue Reef Resort: Bremen,Blue Reef Resort,Bremen,standard,1,1,0,1,160.46,160.46
e707fd0c-53c8-11ea-ae2e-b88a60e194fb,X4D-76OG,orderid:826860,crmid:3625017248,2019-12-11T11:43:33.000Z,website,prd1148,1578397413,1579952613,2020-01-07T11:43:33+00:00,2020-01-25T11:43:33+00:00,Aspen Heights: Jacksonville,Aspen Heights,Jacksonville,premium,1,1,0,18,166.23,2992.14
e708c038-53c8-11ea-8c17-b88a60e194fb,IBS-PWCY,orderid:494475,crmid:2098187174,2020-01-25T19:03:43.000Z,mobile,prd1022,1582139023,1583175823,2020-02-19T19:03:43+00:00,2020-03-02T19:03:43+00:00,Blue Reef Resort: Washington DC,Blue Reef Resort,Washington DC,premium,1,1,0,12,169.39,2032.68
e709a9ee-53c8-11ea-836a-b88a60e194fb,BEL-JRN6,orderid:284274,crmid:8699343939,2020-02-15T21:55:27.000Z,mobile,prd1035,1583531727,1583877327,2020-03-06T21:55:27+00:00,2020-03-10T21:55:27+00:00,Hospitality Inn: Tucson,Hospitality Inn,Tucson,standard,1,1,0,4,128.56,514.24
e70a6e08-53c8-11ea-ab68-b88a60e194fb,2AH-RSVA,orderid:865244,crmid:8231212444,2020-01-17T19:55:44.000Z,mobile,prd1118,1579377344,1579636544,2020-01-18T19:55:44+00:00,2020-01-21T19:55:44+00:00,Blue Reef Resort: Cologne,Blue Reef Resort,Cologne,standard,1,1,0,3,107.25,321.75
e70b313a-53c8-11ea-a0e5-b88a60e194fb,H8K-LWRM,orderid:765774,crmid:1113720389,2019-12-05T01:15:10.000Z,website,prd1001,1576977310,1577495710,2019-12-22T01:15:10+00:00,2019-12-28T01:15:10+00:00,Grandeur Hotels: New York,Grandeur Hotels,New York,premium,1,1,0,6,108.53,651.18
e70bf4ae-53c8-11ea-91ce-b88a60e194fb,WNM-HZT4,orderid:367275,crmid:8374945606,2019-12-07T15:32:08.000Z,website,prd1157,1575819128,1575905528,2019-12-08T15:32:08+00:00,2019-12-09T15:32:08+00:00,Grandeur Hotels: Boston,Grandeur Hotels,Boston,premium,1,1,0,1,136.02,136.02
e70f01f6-53c8-11ea-b416-b88a60e194fb,62U-D1BL,orderid:876650,crmid:7262813700,2020-01-19T00:50:35.000Z,kiosk,prd1121,1581555035,1582073435,2020-02-13T00:50:35+00:00,2020-02-19T00:50:35+00:00,Grandeur Hotels: Stockholm,Grandeur Hotels,Stockholm,standard,1,1,0,6,137.98,827.88
e70fec3e-53c8-11ea-b679-b88a60e194fb,UDR-RZ7Y,orderid:394131,crmid:8856182105,2020-01-02T18:51:19.000Z,call center,prd1009,1579027879,1580496679,2020-01-14T18:51:19+00:00,2020-01-31T18:51:19+00:00,Admiralty Plaza: San Antonio,Admiralty Plaza,San Antonio,premium,1,1,0,17,129.78,2206.26
e710d6a8-53c8-11ea-bf8b-b88a60e194fb,ZIK-R9W1,orderid:435603,crmid:2249953895,2020-01-24T21:34:59.000Z,kiosk,prd1025,1579988099,1580074499,2020-01-25T21:34:59+00:00,2020-01-26T21:34:59+00:00,Grandeur Hotels: Detroit,Grandeur Hotels,Detroit,standard,1,1,0,1,165.58,165.58
e71199fa-53c8-11ea-8f2c-b88a60e194fb,JAB-VOLE,orderid:493014,crmid:2465582934,2019-12-01T23:25:30.000Z,website,prd1146,1577229930,1577575530,2019-12-24T23:25:30+00:00,2019-12-28T23:25:30+00:00,Restful Nights: San Jose,Restful Nights,San Jose,standard,1,1,0,4,105.7,422.8
e7125d46-53c8-11ea-a744-b88a60e194fb,8CZ-6OGQ,orderid:262721,crmid:9563332473,2020-01-12T15:26:45.000Z,website,prd1178,1580657205,1581089205,2020-02-02T15:26:45+00:00,2020-02-07T15:26:45+00:00,Blue Reef Resort: Colorado Springs,Blue Reef Resort,Colorado Springs,standard,1,1,0,5,154.08,770.4
e713209c-53c8-11ea-b687-b88a60e194fb,CWP-M2FS,orderid:962746,crmid:5262411732,2019-12-08T15:57:12.000Z,website,prd1016,1577548632,1578067032,2019-12-28T15:57:12+00:00,2020-01-03T15:57:12+00:00,Aspen Heights: Columbus,Aspen Heights,Columbus,standard,1,1,0,6,122.26,733.56
e7140b02-53c8-11ea-8294-b88a60e194fb,KAY-OYDI,orderid:904714,crmid:6690226701,2019-12-22T21:36:38.000Z,kiosk,prd1033,1579210598,1579988198,2020-01-16T21:36:38+00:00,2020-01-25T21:36:38+00:00,Admiralty Plaza: Milwaukee,Admiralty Plaza,Milwaukee,standard,1,1,0,9,105.56,950.04
e714f426-53c8-11ea-bf70-b88a60e194fb,QMM-DXAY,orderid:633689,crmid:6165280167,2020-02-13T10:08:26.000Z,kiosk,prd1025,1581674906,1581934106,2020-02-14T10:08:26+00:00,2020-02-17T10:08:26+00:00,Grandeur Hotels: Detroit,Grandeur Hotels,Detroit,standard,1,1,0,3,130.79,392.37
e715de7e-53c8-11ea-9cb1-b88a60e194fb,XQU-7WAT,orderid:813525,crmid:5021093789,2020-01-27T04:47:44.000Z,website,prd1130,1582174064,1582778864,2020-02-20T04:47:44+00:00,2020-02-27T04:47:44+00:00,Blue Reef Resort: Bremen,Blue Reef Resort,Bremen,standard,1,1,3,7,130.43,913.01
e716a1cc-53c8-11ea-99e7-b88a60e194fb,AB2-C5JS,orderid:607731,crmid:2882032926,2020-01-15T11:31:03.000Z,mobile,prd1159,1581507063,1582889463,2020-02-12T11:31:03+00:00,2020-02-28T11:31:03+00:00,Family Fun Hotels: Detroit,Family Fun Hotels,Detroit,premium,1,1,2,16,110.69,1771.04
e7178bfe-53c8-11ea-ad11-b88a60e194fb,RDQ-J9YE,orderid:576652,crmid:3431747723,2020-01-26T22:26:50.000Z,mobile,prd1136,1581805610,1582151210,2020-02-15T22:26:50+00:00,2020-02-19T22:26:50+00:00,Aspen Heights: Osaka,Aspen Heights,Osaka,premium,1,1,0,4,145.38,581.52
e718c478-53c8-11ea-a604-b88a60e194fb,LO7-XZFM,orderid:850952,crmid:5805899852,2019-12-22T20:35:45.000Z,call center,prd1169,1578861345,1579638945,2020-01-12T20:35:45+00:00,2020-01-21T20:35:45+00:00,Grandeur Hotels: Tucson,Grandeur Hotels,Tucson,standard,1,1,0,9,159.7,1437.3
e71987d2-53c8-11ea-a436-b88a60e194fb,VGZ-GZS8,orderid:989218,crmid:7516778170,2020-01-30T04:41:03.000Z,kiosk,prd1052,1582778463,1583383263,2020-02-27T04:41:03+00:00,2020-03-05T04:41:03+00:00,Aspen Heights: Wichita,Aspen Heights,Wichita,standard,1,1,2,7,140.04,980.28
e71a4b1c-53c8-11ea-94a9-b88a60e194fb,NJA-T7PC,orderid:336797,crmid:7428386029,2020-01-29T11:34:58.000Z,mobile,prd1181,1580384098,1580470498,2020-01-30T11:34:58+00:00,2020-01-31T11:34:58+00:00,Grandeur Hotels: Oakland,Grandeur Hotels,Oakland,standard,1,1,0,1,152.85,152.85
e71b0e68-53c8-11ea-a089-b88a60e194fb,HXV-0E0I,orderid:372578,crmid:2521807743,2020-01-01T18:33:03.000Z,kiosk,prd1107,1578076383,1578421983,2020-01-03T18:33:03+00:00,2020-01-07T18:33:03+00:00,Hospitality Inn: Kharkiv,Hospitality Inn,Kharkiv,standard,1,1,0,4,135.49,541.96
e71bf8cc-53c8-11ea-a615-b88a60e194fb,IKL-XYF8,orderid:333217,crmid:3645194207,2019-12-25T16:01:50.000Z,kiosk,prd1185,1578585710,1579104110,2020-01-09T16:01:50+00:00,2020-01-15T16:01:50+00:00,Sapphire Suites: New Orleans,Sapphire Suites,New Orleans,standard,1,1,0,6,131.18,787.08
e71cbc1e-53c8-11ea-866a-b88a60e194fb,SUH-B1Y8,orderid:385936,crmid:6088461709,2019-12-30T12:59:08.000Z,kiosk,prd1167,1578056348,1578142748,2020-01-03T12:59:08+00:00,2020-01-04T12:59:08+00:00,Hospitality Inn: Milwaukee,Hospitality Inn,Milwaukee,standard,1,1,0,1,119.69,119.69
e71da680-53c8-11ea-90e5-b88a60e194fb,9ZZ-7L6A,orderid:519579,crmid:5243659093,2019-12-18T13:31:34.000Z,service desk,prd1076,1576935094,1577453494,2019-12-21T13:31:34+00:00,2019-12-27T13:31:34+00:00,Aspen Heights: Bogota,Aspen Heights,Bogota,standard,1,1,0,6,193.27,1159.62
e71e69d0-53c8-11ea-b349-b88a60e194fb,20H-QFJY,orderid:422752,crmid:8232092407,2020-01-21T11:12:21.000Z,service desk,prd1033,1581937941,1583320341,2020-02-17T11:12:21+00:00,2020-03-04T11:12:21+00:00,Admiralty Plaza: Milwaukee,Admiralty Plaza,Milwaukee,standard,1,1,0,16,94.93,1518.88
e71f5430-53c8-11ea-ae13-b88a60e194fb,HY6-KIEL,orderid:564778,crmid:3654772325,2020-01-03T03:43:50.000Z,kiosk,prd1100,1580096630,1580874230,2020-01-27T03:43:50+00:00,2020-02-05T03:43:50+00:00,Aspen Heights: Misk,Aspen Heights,Misk,standard,1,1,0,9,167.36,1506.24
e7201780-53c8-11ea-9619-b88a60e194fb,EHB-4YVE,orderid:380953,crmid:6831253984,2020-01-26T16:14:24.000Z,website,prd1052,1581783264,1582388064,2020-02-15T16:14:24+00:00,2020-02-22T16:14:24+00:00,Aspen Heights: Wichita,Aspen Heights,Wichita,standard,1,1,0,7,151.23,1058.61
e720dafa-53c8-11ea-a059-b88a60e194fb,ZPE-GW21,orderid:238372,crmid:7090582091,2019-12-02T04:12:40.000Z,kiosk,prd1177,1576901560,1577160760,2019-12-21T04:12:40+00:00,2019-12-24T04:12:40+00:00,Admiralty Plaza: Raleigh,Admiralty Plaza,Raleigh,premium,1,1,0,3,175.61,526.83
e722137e-53c8-11ea-83f3-b88a60e194fb,C18-W5G0,orderid:891774,crmid:7051255323,2020-01-14T20:57:38.000Z,kiosk,prd1141,1580504258,1580590658,2020-01-31T20:57:38+00:00,2020-02-01T20:57:38+00:00,Admiralty Plaza: Phoenix,Admiralty Plaza,Phoenix,standard,1,1,0,1,135.66,135.66
e722fdc6-53c8-11ea-9dcd-b88a60e194fb,1WK-SS77,orderid:225136,crmid:7056572693,2020-01-22T06:39:46.000Z,kiosk,prd1011,1580193586,1581230386,2020-01-28T06:39:46+00:00,2020-02-09T06:39:46+00:00,Hospitality Inn: Dallas,Hospitality Inn,Dallas,standard,1,1,4,12,141.53,1698.36
e723c128-53c8-11ea-9bc9-b88a60e194fb,HDT-S3XJ,orderid:217880,crmid:4378747264,2020-01-04T20:56:08.000Z,kiosk,prd1175,1580072168,1580590568,2020-01-26T20:56:08+00:00,2020-02-01T20:56:08+00:00,Nesting Box Inn: Long Beach,Nesting Box Inn,Long Beach,standard,1,1,0,6,151.66,909.96
e724ab90-53c8-11ea-8eaa-b88a60e194fb,NHB-YQ4I,orderid:254663,crmid:3326292783,2020-01-11T15:47:21.000Z,kiosk,prd1031,1581004041,1581090441,2020-02-06T15:47:21+00:00,2020-02-07T15:47:21+00:00,Nesting Box Inn: Louisville,Nesting Box Inn,Louisville,standard,1,1,1,1,148.02,148.02
e7256edc-53c8-11ea-9f49-b88a60e194fb,BI8-GLVM,orderid:160942,crmid:1353562173,2020-02-04T19:42:03.000Z,mobile,prd1038,1580931723,1581190923,2020-02-05T19:42:03+00:00,2020-02-08T19:42:03+00:00,Restful Nights: Mesa,Restful Nights,Mesa,standard,1,1,0,3,132.17,396.51
e7265940-53c8-11ea-816d-b88a60e194fb,ZAN-NFBJ,orderid:390266,crmid:2721358823,2020-01-17T03:58:07.000Z,kiosk,prd1167,1579319887,1579406287,2020-01-18T03:58:07+00:00,2020-01-19T03:58:07+00:00,Hospitality Inn: Milwaukee,Hospitality Inn,Milwaukee,standard,1,1,0,1,127.94,127.94
e7274398-53c8-11ea-a804-b88a60e194fb,PKZ-MKDM,orderid:930909,crmid:2943285160,2020-01-21T23:36:51.000Z,website,prd1021,1581118611,1581550611,2020-02-07T23:36:51+00:00,2020-02-12T23:36:51+00:00,Admiralty Plaza: Denver,Admiralty Plaza,Denver,standard,1,1,0,5,174.08,870.4
e7285524-53c8-11ea-803d-b88a60e194fb,PTQ-XXET,orderid:365588,crmid:2984245268,2019-12-31T15:21:25.000Z,website,prd1143,1577978485,1578237685,2020-01-02T15:21:25+00:00,2020-01-05T15:21:25+00:00,Hospitality Inn: San Antonio,Hospitality Inn,San Antonio,premium,1,1,0,3,182.71,548.13
e729667e-53c8-11ea-b935-b88a60e194fb,NMI-EYW6,orderid:958419,crmid:7633432066,2020-01-16T16:17:40.000Z,kiosk,prd1197,1581178660,1581524260,2020-02-08T16:17:40+00:00,2020-02-12T16:17:40+00:00,Sapphire Suites: London,Sapphire Suites,London,standard,1,1,3,4,94.21,376.84
e72a50e2-53c8-11ea-bbe2-b88a60e194fb,CBW-EPAA,orderid:927455,crmid:2486008660,2019-12-18T20:44:46.000Z,website,prd1182,1576788286,1576961086,2019-12-19T20:44:46+00:00,2019-12-21T20:44:46+00:00,Restful Nights: Minneapolis,Restful Nights,Minneapolis,standard,1,1,0,2,113.14,226.28
e72a791c-53c8-11ea-844c-b88a60e194fb,SBH-XWE8,orderid:761694,crmid:2486008660,2019-12-23T00:00:00.000Z,website,prd1165,1577145600,1577404800,2019-12-24T00:00:00+00:00,2019-12-27T00:00:00+00:00,Admiralty Plaza: Louisville,Admiralty Plaza,Louisville,standard,1,1,0,3,134.87,404.61
e72aa04c-53c8-11ea-8822-b88a60e194fb,RTQ-MMIH,orderid:618704,crmid:2486008660,2019-12-29T00:00:00.000Z,call center,prd1131,1577664000,1577836800,2019-12-30T00:00:00+00:00,2020-01-01T00:00:00+00:00,Hospitality Inn: Sheffield,Hospitality Inn,Sheffield,standard,1,1,0,2,66.54,133.08
e72bd8b0-53c8-11ea-b588-b88a60e194fb,F7N-UY9O,orderid:733808,crmid:3921258282,2019-12-11T03:53:37.000Z,kiosk,prd1070,1576641217,1577764417,2019-12-18T03:53:37+00:00,2019-12-31T03:53:37+00:00,Blue Reef Resort: Jakarta,Blue Reef Resort,Jakarta,standard,1,1,0,13,130.44,1695.72
e72d114a-53c8-11ea-a2c0-b88a60e194fb,ZKP-FVTK,orderid:768745,crmid:5991005967,2020-01-11T12:00:41.000Z,mobile,prd1076,1580558441,1581249641,2020-02-01T12:00:41+00:00,2020-02-09T12:00:41+00:00,Aspen Heights: Bogota,Aspen Heights,Bogota,premium,1,1,0,8,118.22,945.76
e72dd48a-53c8-11ea-8375-b88a60e194fb,BYK-74CR,orderid:219876,crmid:9564398207,2020-02-01T20:53:40.000Z,kiosk,prd1016,1582836820,1583009620,2020-02-27T20:53:40+00:00,2020-02-29T20:53:40+00:00,Aspen Heights: Columbus,Aspen Heights,Columbus,standard,1,1,2,2,162.58,325.16
e72ebef8-53c8-11ea-a70b-b88a60e194fb,EZK-NKUE,orderid:931402,crmid:1436024456,2020-02-12T03:59:34.000Z,website,prd1135,1582948774,1583639974,2020-02-29T03:59:34+00:00,2020-03-08T03:59:34+00:00,Family Fun Hotels: Vancouver,Family Fun Hotels,Vancouver,standard,1,1,0,8,144.64,1157.12
e72fd074-53c8-11ea-a718-b88a60e194fb,LLQ-FRNH,orderid:770982,crmid:3759318983,2020-01-18T21:52:47.000Z,call center,prd1104,1581717167,1582149167,2020-02-14T21:52:47+00:00,2020-02-19T21:52:47+00:00,Repose Resort: Warsaw,Repose Resort,Warsaw,standard,1,1,0,5,157.28,786.4
e730e1c8-53c8-11ea-8848-b88a60e194fb,WPN-LBIY,orderid:519104,crmid:8691614883,2019-12-10T23:52:34.000Z,website,prd1076,1576194754,1576281154,2019-12-12T23:52:34+00:00,2019-12-13T23:52:34+00:00,Aspen Heights: Bogota,Aspen Heights,Bogota,premium,1,1,0,1,147.36,147.36
e731cc1e-53c8-11ea-b08e-b88a60e194fb,JIJ-RDVJ,orderid:354780,crmid:1807728830,2020-01-21T05:27:36.000Z,website,prd1131,1581917256,1582522056,2020-02-17T05:27:36+00:00,2020-02-24T05:27:36+00:00,Hospitality Inn: Sheffield,Hospitality Inn,Sheffield,standard,1,1,0,7,184.39,1290.73
e732dd94-53c8-11ea-b98d-b88a60e194fb,AEN-2BTY,orderid:190514,crmid:4967821321,2020-02-01T12:09:07.000Z,website,prd1046,1582632547,1584187747,2020-02-25T12:09:07+00:00,2020-03-14T12:09:07+00:00,Blue Reef Resort: Virginia Beach,Blue Reef Resort,Virginia Beach,standard,1,1,1,18,109.07,1963.26
e733c800-53c8-11ea-bd1e-b88a60e194fb,MAC-TWGJ,orderid:176548,crmid:2237625515,2019-12-03T09:33:29.000Z,website,prd1120,1575538409,1575624809,2019-12-05T09:33:29+00:00,2019-12-06T09:33:29+00:00,Sandhill: Marseille,Sandhill,Marseille,standard,1,1,0,1,109.86,109.86
e734d962-53c8-11ea-8a0d-b88a60e194fb,6YU-WHIG,orderid:167402,crmid:1800144978,2020-01-19T07:05:13.000Z,website,prd1158,1581750313,1582268713,2020-02-15T07:05:13+00:00,2020-02-21T07:05:13+00:00,Restful Nights: El Paso,Restful Nights,El Paso,premium,1,1,0,6,131.37,788.22
e7361080-53c8-11ea-bc73-b88a60e194fb,FU2-FQSG,orderid:791955,crmid:9837821983,2019-12-20T06:46:49.000Z,website,prd1071,1577256409,1578379609,2019-12-25T06:46:49+00:00,2020-01-07T06:46:49+00:00,Hospitality Inn: Seoul,Hospitality Inn,Seoul,premium,1,1,0,13,143.55,1866.15
e7385a68-53c8-11ea-b194-b88a60e194fb,DAX-WHZV,orderid:426384,crmid:1395101273,2020-01-29T16:39:52.000Z,call center,prd1105,1582389592,1582821592,2020-02-22T16:39:52+00:00,2020-02-27T16:39:52+00:00,Admiralty Plaza: Barcelona,Admiralty Plaza,Barcelona,standard,1,1,0,5,202.75,1013.75
e73a087e-53c8-11ea-ae3f-b88a60e194fb,UDS-DIML,orderid:164378,crmid:7568529910,2019-12-31T15:25:03.000Z,call center,prd1120,1580138703,1580829903,2020-01-27T15:25:03+00:00,2020-02-04T15:25:03+00:00,Sandhill: Marseille,Sandhill,Marseille,standard,1,1,3,8,169.37,1354.96
e73c2af4-53c8-11ea-9ead-b88a60e194fb,4KA-C3RB,orderid:684563,crmid:3828580784,2019-12-01T10:41:12.000Z,website,prd1083,1575283272,1575715272,2019-12-02T10:41:12+00:00,2019-12-07T10:41:12+00:00,Hospitality Inn: Bangkok,Hospitality Inn,Bangkok,premium,1,1,0,5,181.52,907.6
e73db192-53c8-11ea-8952-b88a60e194fb,FRZ-BZV2,orderid:360683,crmid:8022042491,2020-02-14T12:26:40.000Z,call center,prd1131,1583929600,1584966400,2020-03-11T12:26:40+00:00,2020-03-23T12:26:40+00:00,Hospitality Inn: Sheffield,Hospitality Inn,Sheffield,premium,1,1,0,12,147.8,1773.6
e74022a6-53c8-11ea-8ca6-b88a60e194fb,4CI-CNE9,orderid:109082,crmid:2966542773,2019-12-20T07:30:52.000Z,mobile,prd1191,1577604652,1578036652,2019-12-29T07:30:52+00:00,2020-01-03T07:30:52+00:00,Hospitality Inn: Mumbai,Hospitality Inn,Mumbai,luxury,1,1,0,5,319.85,1599.25
e7410d18-53c8-11ea-a5b7-b88a60e194fb,CPU-9IIE,orderid:862012,crmid:3974664202,2019-12-25T06:52:33.000Z,kiosk,prd1179,1578120753,1578898353,2020-01-04T06:52:33+00:00,2020-01-13T06:52:33+00:00,Hospitality Inn: Miami,Hospitality Inn,Miami,ultra-luxury,1,1,0,9,278.94,2510.46
e7426c86-53c8-11ea-bcb7-b88a60e194fb,T0S-WGIJ,orderid:168756,crmid:4469239271,2020-01-11T18:20:32.000Z,kiosk,prd1177,1579630832,1580235632,2020-01-21T18:20:32+00:00,2020-01-28T18:20:32+00:00,Admiralty Plaza: Raleigh,Admiralty Plaza,Raleigh,premium,1,1,0,7,117.12,819.84
e743cc26-53c8-11ea-8a9e-b88a60e194fb,6ZD-2NKW,orderid:306143,crmid:8460808212,2020-01-27T23:18:02.000Z,kiosk,prd1010,1580771882,1581376682,2020-02-03T23:18:02+00:00,2020-02-10T23:18:02+00:00,Blue Reef Resort: San Diego,Blue Reef Resort,San Diego,standard,1,1,4,7,172.99,1210.93
e744b676-53c8-11ea-8d02-b88a60e194fb,AYL-OCV9,orderid:964188,crmid:3871554608,2019-12-19T17:17:32.000Z,website,prd1035,1577035052,1577380652,2019-12-22T17:17:32+00:00,2019-12-26T17:17:32+00:00,Hospitality Inn: Tucson,Hospitality Inn,Tucson,premium,1,1,0,4,122.65,490.6
e745a0d8-53c8-11ea-b26c-b88a60e194fb,OLA-SHLA,orderid:439560,crmid:9078314506,2020-02-06T14:03:26.000Z,website,prd1172,1583071406,1583417006,2020-03-01T14:03:26+00:00,2020-03-05T14:03:26+00:00,Aspen Heights: Mesa,Aspen Heights,Mesa,standard,1,1,0,4,134.51,538.04
e746d952-53c8-11ea-86fd-b88a60e194fb,VMZ-YVLR,orderid:506775,crmid:2336160944,2019-12-22T11:20:37.000Z,website,prd1119,1578741637,1579778437,2020-01-11T11:20:37+00:00,2020-01-23T11:20:37+00:00,Hospitality Inn: Turin,Hospitality Inn,Turin,ultra-luxury,1,1,0,12,383.81,4605.72
e7479cac-53c8-11ea-b9b9-b88a60e194fb,M1Q-AKN3,orderid:906513,crmid:2146372067,2020-01-31T18:25:20.000Z,service desk,prd1123,1581099920,1581877520,2020-02-07T18:25:20+00:00,2020-02-16T18:25:20+00:00,Family Fun Hotels: Amsterdam,Family Fun Hotels,Amsterdam,standard,1,1,0,9,157.82,1420.38
e748870a-53c8-11ea-85b5-b88a60e194fb,O65-QHUE,orderid:181858,crmid:6320361793,2019-12-18T18:40:23.000Z,kiosk,prd1035,1576780823,1576867223,2019-12-19T18:40:23+00:00,2019-12-20T18:40:23+00:00,Hospitality Inn: Tucson,Hospitality Inn,Tucson,standard,1,1,0,1,187.03,187.03
e7494a62-53c8-11ea-9bfd-b88a60e194fb,AQC-IVNR,orderid:681112,crmid:6869665872,2020-01-09T09:24:59.000Z,call center,prd1130,1578734699,1579166699,2020-01-11T09:24:59+00:00,2020-01-16T09:24:59+00:00,Blue Reef Resort: Bremen,Blue Reef Resort,Bremen,premium,1,1,0,5,165.47,827.35
e7494a63-53c8-11ea-85d6-b88a60e194fb,3Y3-D6RI,orderid:267913,crmid:6869665872,2020-01-17T00:00:00.000Z,service desk,prd1122,1579564800,1579737600,2020-01-21T00:00:00+00:00,2020-01-23T00:00:00+00:00,Restful Nights: Valencia,Restful Nights,Valencia,premium,1,1,0,2,154.89,309.78
e74a0dc6-53c8-11ea-adab-b88a60e194fb,BN8-OS0D,orderid:231150,crmid:6358022477,2020-02-07T02:27:33.000Z,call center,prd1089,1583461653,1584239253,2020-03-06T02:27:33+00:00,2020-03-15T02:27:33+00:00,Sapphire Suites: Rome,Sapphire Suites,Rome,premium,1,1,0,9,123.41,1110.69
e74ad112-53c8-11ea-960f-b88a60e194fb,6L2-RFYI,orderid:351376,crmid:6436090863,2020-02-06T05:11:48.000Z,website,prd1143,1582607508,1583212308,2020-02-25T05:11:48+00:00,2020-03-03T05:11:48+00:00,Hospitality Inn: San Antonio,Hospitality Inn,San Antonio,standard,1,1,1,7,154.11,1078.77
e74bbcfa-53c8-11ea-aa0f-b88a60e194fb,DDX-YIRD,orderid:722784,crmid:9474405366,2020-01-07T18:50:22.000Z,call center,prd1136,1578509422,1578595822,2020-01-08T18:50:22+00:00,2020-01-09T18:50:22+00:00,Aspen Heights: Osaka,Aspen Heights,Osaka,standard,1,1,0,1,136.1,136.1
e74ca5ae-53c8-11ea-9bd7-b88a60e194fb,RKA-FMYJ,orderid:790093,crmid:2826928884,2020-01-28T19:14:34.000Z,call center,prd1037,1580584474,1580843674,2020-02-01T19:14:34+00:00,2020-02-04T19:14:34+00:00,Grandeur Hotels: Sacramento,Grandeur Hotels,Sacramento,standard,1,1,0,3,130.9,392.7
e74d9136-53c8-11ea-8adb-b88a60e194fb,468-MR22,orderid:327862,crmid:1176039770,2020-01-24T08:51:42.000Z,website,prd1004,1581670302,1582188702,2020-02-14T08:51:42+00:00,2020-02-20T08:51:42+00:00,Aspen Heights: Boulder,Aspen Heights,Boulder,premium,1,1,0,6,113.39,680.34
e74e54f6-53c8-11ea-a2b4-b88a60e194fb,ZKO-PFHY,orderid:396056,crmid:7815749474,2020-01-13T13:26:09.000Z,website,prd1135,1580995569,1581513969,2020-02-06T13:26:09+00:00,2020-02-12T13:26:09+00:00,Family Fun Hotels: Vancouver,Family Fun Hotels,Vancouver,premium,1,1,4,6,131.24,787.44
e74f3f50-53c8-11ea-a0bc-b88a60e194fb,KV9-M7FV,orderid:977933,crmid:3295281135,2020-02-03T20:40:57.000Z,kiosk,prd1021,1580848857,1580935257,2020-02-04T20:40:57+00:00,2020-02-05T20:40:57+00:00,Admiralty Plaza: Denver,Admiralty Plaza,Denver,presidential-suite,1,1,0,1,903.87,903.87
e7502992-53c8-11ea-b0d5-b88a60e194fb,GUM-HB1X,orderid:123310,crmid:5323499810,2020-01-20T03:10:29.000Z,call center,prd1001,1579576229,1580785829,2020-01-21T03:10:29+00:00,2020-02-04T03:10:29+00:00,Grandeur Hotels: New York,Grandeur Hotels,New York,standard,1,1,0,14,176.05,2464.7
e750ecfa-53c8-11ea-8209-b88a60e194fb,DRG-5QU5,orderid:254641,crmid:9010272946,2020-01-01T12:28:46.000Z,website,prd1189,1580128126,1580300926,2020-01-27T12:28:46+00:00,2020-01-29T12:28:46+00:00,Admiralty Plaza: Bakersfield,Admiralty Plaza,Bakersfield,premium,1,1,0,2,144.37,288.74
e751d742-53c8-11ea-9083-b88a60e194fb,NXA-OUB0,orderid:454775,crmid:3430926307,2020-01-29T15:29:30.000Z,kiosk,prd1037,1582817370,1583076570,2020-02-27T15:29:30+00:00,2020-03-01T15:29:30+00:00,Grandeur Hotels: Sacramento,Grandeur Hotels,Sacramento,standard,1,1,0,3,159.43,478.29
e7529a9e-53c8-11ea-8401-b88a60e194fb,2RL-D6KW,orderid:450487,crmid:7644561483,2020-01-20T14:15:42.000Z,call center,prd1183,1581603342,1582640142,2020-02-13T14:15:42+00:00,2020-02-25T14:15:42+00:00,Family Fun Hotels: Tulsa,Family Fun Hotels,Tulsa,standard,1,1,4,12,160.75,1929.0
e75384f4-53c8-11ea-9a0c-b88a60e194fb,HMX-OQJK,orderid:406725,crmid:9113243203,2020-01-07T09:58:58.000Z,website,prd1013,1578563938,1578650338,2020-01-09T09:58:58+00:00,2020-01-10T09:58:58+00:00,Grandeur Hotels: Austin,Grandeur Hotels,Austin,standard,1,1,0,1,105.4,105.4
e754485c-53c8-11ea-9139-b88a60e194fb,JG5-IQQ3,orderid:136820,crmid:6876076055,2020-01-16T16:06:56.000Z,call center,prd1104,1579450016,1579622816,2020-01-19T16:06:56+00:00,2020-01-21T16:06:56+00:00,Repose Resort: Warsaw,Repose Resort,Warsaw,ultra-luxury,1,1,0,2,339.92,679.84
e754e488-53c8-11ea-9703-b88a60e194fb,XUC-8C3Q,orderid:101336,crmid:2706202552,2020-01-28T22:38:42.000Z,website,prd1094,1582497522,1583102322,2020-02-23T22:38:42+00:00,2020-03-01T22:38:42+00:00,Blue Reef Resort: Berlin,Blue Reef Resort,Berlin,standard,1,1,0,7,124.17,869.19
e755f49e-53c8-11ea-8d13-b88a60e194fb,YG7-6D7M,orderid:433828,crmid:7060738412,2019-12-04T02:36:08.000Z,kiosk,prd1058,1577500568,1578710168,2019-12-28T02:36:08+00:00,2020-01-11T02:36:08+00:00,Blue Reef Resort: Delhi,Blue Reef Resort,Delhi,standard,1,1,0,14,104.74,1466.36
e756b93e-53c8-11ea-b0c5-b88a60e194fb,GMD-MPPW,orderid:383243,crmid:5983510500,2020-01-03T08:50:28.000Z,mobile,prd1052,1578559828,1578646228,2020-01-09T08:50:28+00:00,2020-01-10T08:50:28+00:00,Aspen Heights: Wichita,Aspen Heights,Wichita,standard,1,1,0,1,79.58,79.58
e757a3a6-53c8-11ea-a7d5-b88a60e194fb,LWS-CAVG,orderid:859624,crmid:2436892588,2020-01-28T18:58:07.000Z,kiosk,prd1182,1582138687,1582657087,2020-02-19T18:58:07+00:00,2020-02-25T18:58:07+00:00,Restful Nights: Minneapolis,Restful Nights,Minneapolis,premium,1,1,0,6,176.66,1059.96
e7586708-53c8-11ea-bbdb-b88a60e194fb,ZLT-NSBA,orderid:744875,crmid:5759292350,2020-02-01T19:32:08.000Z,kiosk,prd1088,1580844728,1581190328,2020-02-04T19:32:08+00:00,2020-02-08T19:32:08+00:00,Aspen Heights: Ankara,Aspen Heights,Ankara,premium,1,1,0,4,121.74,486.96
e7597858-53c8-11ea-9d43-b88a60e194fb,KEB-B4T9,orderid:240267,crmid:8909971183,2019-12-15T16:32:05.000Z,kiosk,prd1129,1576513925,1576945925,2019-12-16T16:32:05+00:00,2019-12-21T16:32:05+00:00,Admiralty Plaza: Helsinki,Admiralty Plaza,Helsinki,premium,1,1,0,5,136.72,683.6
e75a3bae-53c8-11ea-8ac5-b88a60e194fb,DZK-SZ1U,orderid:819497,crmid:3357465830,2020-02-09T15:25:30.000Z,call center,prd1003,1583594730,1584545130,2020-03-07T15:25:30+00:00,2020-03-18T15:25:30+00:00,Family Fun Hotels: Houston,Family Fun Hotels,Houston,premium,1,1,0,11,175.22,1927.42
e75b2610-53c8-11ea-b696-b88a60e194fb,WRV-9A95,orderid:738264,crmid:9393779839,2019-12-20T03:28:13.000Z,kiosk,prd1123,1578886093,1579490893,2020-01-13T03:28:13+00:00,2020-01-20T03:28:13+00:00,Family Fun Hotels: Amsterdam,Family Fun Hotels,Amsterdam,premium,1,1,0,7,108.06,756.42
e75c8468-53c8-11ea-a16d-b88a60e194fb,EEJ-N17Z,orderid:587106,crmid:4694467892,2020-01-14T11:15:27.000Z,website,prd1059,1580987727,1582024527,2020-02-06T11:15:27+00:00,2020-02-18T11:15:27+00:00,Hospitality Inn: Kinshasa,Hospitality Inn,Kinshasa,standard,1,1,0,12,132.87,1594.44
e75e58fa-53c8-11ea-b0d3-b88a60e194fb,ZIG-L98V,orderid:634333,crmid:7394757612,2020-02-05T08:58:35.000Z,website,prd1153,1580979515,1581065915,2020-02-06T08:58:35+00:00,2020-02-07T08:58:35+00:00,Admiralty Plaza: Charlotte,Admiralty Plaza,Charlotte,standard,1,1,0,1,139.2,139.2
e75fb892-53c8-11ea-85f2-b88a60e194fb,DYY-OZFQ,orderid:887715,crmid:8829174009,2019-12-16T11:45:32.000Z,mobile,prd1029,1576669532,1576842332,2019-12-18T11:45:32+00:00,2019-12-20T11:45:32+00:00,Sapphire Suites: Oklahoma City,Sapphire Suites,Oklahoma City,premium,1,1,0,2,123.03,246.06
e75fb893-53c8-11ea-98e2-b88a60e194fb,0JQ-S8CI,orderid:852997,crmid:8829174009,2019-12-22T00:00:00.000Z,mobile,prd1134,1577059200,1577145600,2019-12-23T00:00:00+00:00,2019-12-24T00:00:00+00:00,Restful Nights: Montreal,Restful Nights,Montreal,standard,1,1,0,1,172.15,172.15
e75fdfa8-53c8-11ea-8c42-b88a60e194fb,XSS-2KHW,orderid:744300,crmid:8829174009,2019-12-26T00:00:00.000Z,kiosk,prd1046,1577491200,1577664000,2019-12-28T00:00:00+00:00,2019-12-30T00:00:00+00:00,Blue Reef Resort: Virginia Beach,Blue Reef Resort,Virginia Beach,luxury,1,1,0,2,301.55,603.1
e760f0f8-53c8-11ea-87c9-b88a60e194fb,STK-946D,orderid:714822,crmid:3544556499,2020-01-06T13:00:21.000Z,call center,prd1028,1578488421,1578747621,2020-01-08T13:00:21+00:00,2020-01-11T13:00:21+00:00,Aspen Heights: Portland,Aspen Heights,Portland,premium,1,1,0,3,139.73,419.19
e761dce2-53c8-11ea-a10c-b88a60e194fb,GBL-SGKS,orderid:250588,crmid:5882716038,2019-12-31T03:17:22.000Z,kiosk,prd1193,1577848642,1578194242,2020-01-01T03:17:22+00:00,2020-01-05T03:17:22+00:00,Grandeur Hotels: Kinshasa,Grandeur Hotels,Kinshasa,premium,1,1,0,4,148.77,595.08
e762c752-53c8-11ea-8267-b88a60e194fb,F5V-HOBW,orderid:391440,crmid:6239042548,2019-12-14T20:47:01.000Z,service desk,prd1173,1576788421,1577220421,2019-12-19T20:47:01+00:00,2019-12-24T20:47:01+00:00,Sapphire Suites: Kansas City,Sapphire Suites,Kansas City,standard,1,1,0,5,144.58,722.9
e763b1a4-53c8-11ea-906a-b88a60e194fb,URR-RIGU,orderid:290075,crmid:7265511927,2020-01-07T10:33:02.000Z,call center,prd1182,1579257182,1579775582,2020-01-17T10:33:02+00:00,2020-01-23T10:33:02+00:00,Restful Nights: Minneapolis,Restful Nights,Minneapolis,standard,1,1,0,6,135.3,811.8
e764ea08-53c8-11ea-a07d-b88a60e194fb,P8Q-HN7S,orderid:418258,crmid:5536459758,2019-12-31T20:52:58.000Z,service desk,prd1112,1580417578,1581022378,2020-01-30T20:52:58+00:00,2020-02-06T20:52:58+00:00,Aspen Heights: Birmingham,Aspen Heights,Birmingham,standard,1,1,0,7,129.06,903.42
e765fa6c-53c8-11ea-a30b-b88a60e194fb,OTM-WLAY,orderid:897243,crmid:1243942045,2020-02-01T18:01:21.000Z,call center,prd1149,1581012081,1582567281,2020-02-06T18:01:21+00:00,2020-02-24T18:01:21+00:00,Sapphire Suites: San Francisco,Sapphire Suites,San Francisco,premium,1,1,0,18,124.58,2242.44
e766e600-53c8-11ea-9cb7-b88a60e194fb,UZP-NQZL,orderid:789173,crmid:2922990139,2019-12-15T01:19:57.000Z,service desk,prd1034,1576545597,1576718397,2019-12-17T01:19:57+00:00,2019-12-19T01:19:57+00:00,Blue Reef Resort: Albuquerque,Blue Reef Resort,Albuquerque,premium,1,1,0,2,178.51,357.02
e767d04c-53c8-11ea-90e5-b88a60e194fb,NCR-VGNL,orderid:911135,crmid:9777979708,2019-12-23T23:33:24.000Z,call center,prd1073,1577230404,1577489604,2019-12-24T23:33:24+00:00,2019-12-27T23:33:24+00:00,Grandeur Hotels: Lima,Grandeur Hotels,Lima,standard,1,1,0,3,157.75,473.25
e76907f4-53c8-11ea-8f18-b88a60e194fb,ZXE-0MDE,orderid:670431,crmid:3783069902,2020-01-03T02:39:33.000Z,mobile,prd1041,1580092773,1580783973,2020-01-27T02:39:33+00:00,2020-02-04T02:39:33+00:00,Sapphire Suites: Long Beach,Sapphire Suites,Long Beach,standard,1,1,0,8,132.76,1062.08
e76a18fe-53c8-11ea-b994-b88a60e194fb,UA6-TWVD,orderid:768679,crmid:2748562144,2019-12-10T17:02:48.000Z,website,prd1100,1576083768,1576170168,2019-12-11T17:02:48+00:00,2019-12-12T17:02:48+00:00,Aspen Heights: Misk,Aspen Heights,Misk,standard,1,1,0,1,159.95,159.95
e76b035e-53c8-11ea-a405-b88a60e194fb,HI0-I36H,orderid:175771,crmid:8674538209,2019-12-19T20:43:18.000Z,website,prd1052,1576874598,1577133798,2019-12-20T20:43:18+00:00,2019-12-23T20:43:18+00:00,Aspen Heights: Wichita,Aspen Heights,Wichita,standard,1,1,0,3,122.65,367.95
e76c14ca-53c8-11ea-bb2e-b88a60e194fb,H7D-OSHC,orderid:715606,crmid:8862876289,2020-02-15T16:41:09.000Z,website,prd1070,1583858469,1585240869,2020-03-10T16:41:09+00:00,2020-03-26T16:41:09+00:00,Blue Reef Resort: Jakarta,Blue Reef Resort,Jakarta,standard,1,1,0,16,124.39,1990.24
e76d263e-53c8-11ea-81f2-b88a60e194fb,1VB-SWCG,orderid:735782,crmid:2515812660,2020-01-08T16:54:39.000Z,call center,prd1140,1579452879,1580230479,2020-01-19T16:54:39+00:00,2020-01-28T16:54:39+00:00,Repose Resort: Kano,Repose Resort,Kano,presidential-suite,1,1,0,9,971.85,8746.65
e76e37ae-53c8-11ea-a3fc-b88a60e194fb,NJK-YYPK,orderid:542661,crmid:8896194453,2019-12-23T02:39:37.000Z,website,prd1196,1579487977,1580006377,2020-01-20T02:39:37+00:00,2020-01-26T02:39:37+00:00,Aspen Heights: Moscow,Aspen Heights,Moscow,standard,1,1,4,6,127.16,762.96
e76f4922-53c8-11ea-a3fb-b88a60e194fb,NAZ-PE9R,orderid:936028,crmid:7921216785,2020-01-14T12:12:10.000Z,website,prd1016,1580904730,1581595930,2020-02-05T12:12:10+00:00,2020-02-13T12:12:10+00:00,Aspen Heights: Columbus,Aspen Heights,Columbus,ultra-luxury,1,1,0,8,400.93,3207.44
e77081c2-53c8-11ea-8f48-b88a60e194fb,MQC-MNXK,orderid:854256,crmid:6511714333,2020-01-25T07:28:39.000Z,website,prd1148,1581751719,1582356519,2020-02-15T07:28:39+00:00,2020-02-22T07:28:39+00:00,Aspen Heights: Jacksonville,Aspen Heights,Jacksonville,standard,1,1,0,7,202.1,1414.7
e7716bfa-53c8-11ea-8b0a-b88a60e194fb,ZC1-35CW,orderid:847442,crmid:5684326505,2020-02-09T01:50:30.000Z,kiosk,prd1157,1583373030,1583632230,2020-03-05T01:50:30+00:00,2020-03-08T01:50:30+00:00,Grandeur Hotels: Boston,Grandeur Hotels,Boston,standard,1,1,0,3,97.83,293.49
e7727d6c-53c8-11ea-97e2-b88a60e194fb,W9T-RW6E,orderid:486699,crmid:5154802041,2019-12-13T23:00:35.000Z,call center,prd1112,1578783635,1579820435,2020-01-11T23:00:35+00:00,2020-01-23T23:00:35+00:00,Aspen Heights: Birmingham,Aspen Heights,Birmingham,premium,1,1,0,12,183.84,2206.08
e7738eda-53c8-11ea-8db9-b88a60e194fb,1QT-LBHG,orderid:295868,crmid:7564857327,2019-12-13T14:12:08.000Z,kiosk,prd1082,1576591928,1577196728,2019-12-17T14:12:08+00:00,2019-12-24T14:12:08+00:00,Blue Reef Resort: Surat,Blue Reef Resort,Surat,standard,1,1,0,7,134.62,942.34
e774a04c-53c8-11ea-9eb8-b88a60e194fb,SLZ-QNQV,orderid:173691,crmid:8162948407,2019-12-08T17:33:23.000Z,website,prd1061,1575912803,1575999203,2019-12-09T17:33:23+00:00,2019-12-10T17:33:23+00:00,Grandeur Hotels: Lahore,Grandeur Hotels,Lahore,standard,1,1,0,1,158.17,158.17
e775d8f6-53c8-11ea-9dcf-b88a60e194fb,ZCP-R5RC,orderid:914351,crmid:8661115867,2020-01-02T22:25:27.000Z,website,prd1011,1579386327,1580768727,2020-01-18T22:25:27+00:00,2020-02-03T22:25:27+00:00,Hospitality Inn: Dallas,Hospitality Inn,Dallas,standard,1,1,1,16,140.32,2245.12
e776eb92-53c8-11ea-a412-b88a60e194fb,NGJ-NYHS,orderid:959680,crmid:1200363381,2020-01-17T10:09:30.000Z,kiosk,prd1079,1581415770,1581588570,2020-02-11T10:09:30+00:00,2020-02-13T10:09:30+00:00,Nesting Box Inn: Chennai,Nesting Box Inn,Chennai,standard,1,1,0,2,167.32,334.64
e778229e-53c8-11ea-b320-b88a60e194fb,MHS-CKS4,orderid:229139,crmid:1047051504,2019-12-17T22:05:26.000Z,call center,prd1113,1578866726,1579557926,2020-01-12T22:05:26+00:00,2020-01-20T22:05:26+00:00,Sapphire Suites: Kazan,Sapphire Suites,Kazan,premium,1,1,0,8,136.87,1094.96
e7790e78-53c8-11ea-9935-b88a60e194fb,WI7-PJOC,orderid:473514,crmid:6291978213,2020-02-13T14:01:04.000Z,call center,prd1110,1584021664,1584626464,2020-03-12T14:01:04+00:00,2020-03-19T14:01:04+00:00,Restful Nights: Sofia,Restful Nights,Sofia,standard,1,1,0,7,132.32,926.24
e779f8b8-53c8-11ea-9e2d-b88a60e194fb,HKB-XCGR,orderid:655430,crmid:1849645275,2019-12-12T18:30:00.000Z,mobile,prd1045,1578681000,1578767400,2020-01-10T18:30:00+00:00,2020-01-11T18:30:00+00:00,Admiralty Plaza: Miami,Admiralty Plaza,Miami,standard,1,1,1,1,111.38,111.38
e77b3162-53c8-11ea-9544-b88a60e194fb,Y0Q-RRPI,orderid:266412,crmid:6191047532,2020-02-09T09:18:50.000Z,website,prd1153,1583054330,1583831930,2020-03-01T09:18:50+00:00,2020-03-10T09:18:50+00:00,Admiralty Plaza: Charlotte,Admiralty Plaza,Charlotte,premium,1,1,0,9,152.95,1376.55
e77c1b98-53c8-11ea-970e-b88a60e194fb,5YO-IAXU,orderid:272376,crmid:8846302927,2019-12-27T10:24:23.000Z,kiosk,prd1023,1577528663,1577701463,2019-12-28T10:24:23+00:00,2019-12-30T10:24:23+00:00,Hospitality Inn: Boston,Hospitality Inn,Boston,standard,1,1,0,2,142.65,285.3
e77d2d14-53c8-11ea-a339-b88a60e194fb,ISE-4XSC,orderid:256697,crmid:6009508702,2019-12-28T02:50:33.000Z,kiosk,prd1109,1578279033,1578970233,2020-01-06T02:50:33+00:00,2020-01-14T02:50:33+00:00,Grandeur Hotels: Belgrade,Grandeur Hotels,Belgrade,standard,1,1,2,8,140.86,1126.88
e77e3e86-53c8-11ea-8691-b88a60e194fb,RAQ-UU0B,orderid:327302,crmid:6437677218,2020-01-16T19:15:27.000Z,call center,prd1075,1580843727,1581016527,2020-02-04T19:15:27+00:00,2020-02-06T19:15:27+00:00,Family Fun Hotels: Bangalore,Family Fun Hotels,Bangalore,standard,1,1,0,2,131.27,262.54
e77f2910-53c8-11ea-8b3f-b88a60e194fb,BNH-UI1U,orderid:829698,crmid:8580733403,2020-02-11T20:46:40.000Z,kiosk,prd1034,1583786800,1584305200,2020-03-09T20:46:40+00:00,2020-03-15T20:46:40+00:00,Blue Reef Resort: Albuquerque,Blue Reef Resort,Albuquerque,premium,1,1,1,6,139.68,838.08
e7801352-53c8-11ea-b384-b88a60e194fb,X4Y-BX4G,orderid:164790,crmid:3310701355,2020-02-07T23:19:51.000Z,kiosk,prd1034,1582413591,1582672791,2020-02-22T23:19:51+00:00,2020-02-25T23:19:51+00:00,Blue Reef Resort: Albuquerque,Blue Reef Resort,Albuquerque,standard,1,1,3,3,147.27,441.81
e78124ae-53c8-11ea-aaea-b88a60e194fb,SIF-76RR,orderid:730565,crmid:1974496596,2019-12-24T18:51:05.000Z,mobile,prd1005,1579719065,1580151065,2020-01-22T18:51:05+00:00,2020-01-27T18:51:05+00:00,Sapphire Suites: Los Angeles,Sapphire Suites,Los Angeles,standard,1,1,2,5,121.12,605.6
e782361a-53c8-11ea-b309-b88a60e194fb,6JR-E4Q2,orderid:856391,crmid:6183577939,2019-12-08T18:15:24.000Z,website,prd1007,1578161724,1579803324,2020-01-04T18:15:24+00:00,2020-01-23T18:15:24+00:00,Nesting Box Inn: Phoenix,Nesting Box Inn,Phoenix,standard,1,1,0,19,106.72,2027.68
e7834780-53c8-11ea-9dc7-b88a60e194fb,PQA-K3NY,orderid:662041,crmid:2449607363,2020-02-10T02:19:02.000Z,website,prd1010,1581387542,1581733142,2020-02-11T02:19:02+00:00,2020-02-15T02:19:02+00:00,Blue Reef Resort: San Diego,Blue Reef Resort,San Diego,standard,1,1,0,4,183.7,734.8
e7843200-53c8-11ea-a18d-b88a60e194fb,DI3-GN7J,orderid:345443,crmid:7959880232,2020-01-05T13:40:23.000Z,call center,prd1101,1578318023,1578490823,2020-01-06T13:40:23+00:00,2020-01-08T13:40:23+00:00,Sapphire Suites: Vienna,Sapphire Suites,Vienna,premium,1,1,0,2,161.81,323.62
e7851c48-53c8-11ea-93b6-b88a60e194fb,PIV-7JIA,orderid:518469,crmid:8317402440,2020-01-12T22:06:34.000Z,call center,prd1034,1580508394,1581285994,2020-01-31T22:06:34+00:00,2020-02-09T22:06:34+00:00,Blue Reef Resort: Albuquerque,Blue Reef Resort,Albuquerque,premium,1,1,0,9,165.73,1491.57
e7867bd4-53c8-11ea-b7c6-b88a60e194fb,JY1-8SSN,orderid:285607,crmid:9470024005,2020-02-14T02:54:47.000Z,kiosk,prd1100,1583031287,1583722487,2020-03-01T02:54:47+00:00,2020-03-09T02:54:47+00:00,Aspen Heights: Misk,Aspen Heights,Misk,premium,1,1,0,8,164.79,1318.32
e7878be6-53c8-11ea-967f-b88a60e194fb,JLR-SHDA,orderid:330701,crmid:9530935685,2020-01-10T16:36:08.000Z,call center,prd1035,1580747768,1581438968,2020-02-03T16:36:08+00:00,2020-02-11T16:36:08+00:00,Hospitality Inn: Tucson,Hospitality Inn,Tucson,premium,1,1,0,8,118.51,948.08
e78877ae-53c8-11ea-9ffd-b88a60e194fb,ZA5-FABF,orderid:263548,crmid:8198988160,2019-12-06T22:09:59.000Z,call center,prd1178,1577657399,1578262199,2019-12-29T22:09:59+00:00,2020-01-05T22:09:59+00:00,Blue Reef Resort: Colorado Springs,Blue Reef Resort,Colorado Springs,standard,1,1,0,7,120.1,840.7
e789891e-53c8-11ea-8b0e-b88a60e194fb,PIB-4NT7,orderid:847964,crmid:5623004923,2019-12-06T07:06:24.000Z,kiosk,prd1015,1577343984,1578639984,2019-12-26T07:06:24+00:00,2020-01-10T07:06:24+00:00,Family Fun Hotels: San Francisco,Family Fun Hotels,San Francisco,standard,1,1,0,15,166.9,2503.5
e78a4c5e-53c8-11ea-85c2-b88a60e194fb,UVT-GETX,orderid:649058,crmid:9250707524,2020-01-31T18:56:03.000Z,website,prd1062,1580583363,1580842563,2020-02-01T18:56:03+00:00,2020-02-04T18:56:03+00:00,Restful Nights: Moscow,Restful Nights,Moscow,standard,1,1,0,3,112.0,336.0
e78b5dd8-53c8-11ea-b06d-b88a60e194fb,8YY-T88Z,orderid:805705,crmid:7946510779,2020-01-09T04:06:03.000Z,kiosk,prd1165,1580702763,1581134763,2020-02-03T04:06:03+00:00,2020-02-08T04:06:03+00:00,Admiralty Plaza: Louisville,Admiralty Plaza,Louisville,standard,1,1,0,5,120.45,602.25
e78c6dc6-53c8-11ea-841f-b88a60e194fb,Y3X-7K9G,orderid:310595,crmid:7527435637,2019-12-16T20:19:02.000Z,website,prd1110,1576873142,1577045942,2019-12-20T20:19:02+00:00,2019-12-22T20:19:02+00:00,Restful Nights: Sofia,Restful Nights,Sofia,standard,1,1,0,2,196.15,392.3
e78d80be-53c8-11ea-bc1c-b88a60e194fb,IMH-KLXU,orderid:561349,crmid:9958710982,2020-01-28T06:13:25.000Z,website,prd1124,1580278405,1580364805,2020-01-29T06:13:25+00:00,2020-01-30T06:13:25+00:00,Aspen Heights: Leeds,Aspen Heights,Leeds,standard,1,1,0,1,155.46,155.46
