crmid,email,first_name,last_name,gender,mobile telephone,city,country,zip,state,street address,birthday,historicalpoints
crmid:5161870027,cation1814@outlook.com,Ethan,Humphrey,,065-444-6507,Logansport,United States,72115,Alaska,1036 Arthur,1983-12-22,2024
crmid:2497333904,coogan2056@live.com,Merilyn,Rice,female,661-609-4661,Upland,United States,71779,South Dakota,391 Zeno,1951-06-24,2894
crmid:6773418111,dichter1912@outlook.com,Burt,Sharpe,,186-659-8118,Salinas,United States,39488,Delaware,915 Gordon,1979-03-13,2757
crmid:6298429360,ether1834@live.com,Luke,Sullivan,,357-613-3953,Maywood,United States,34348,Ohio,528 Broderick,1988-06-15,1209
crmid:7004321373,bewitching1926@yandex.com,Dorian,Smith,male,668-300-2270,Brooklyn Center,United States,78869,Kansas,1321 Long Bridge,1942-12-06,1507
crmid:7469029836,methyl1812@yahoo.com,Waltraud,Huber,female,476-010-8875,Yucaipa,United States,16743,Alaska,880 Locksley,1955-09-21,759
crmid:4217540528,dolman1851@yandex.com,Nathaniel,Bender,,455-871-1150,Macon,United States,76924,Hawaii,1170 Imperial,1985-01-21,1731
crmid:9201863566,benni1933@yahoo.com,Maurice,Lawson,,101-729-3201,Venice,United States,32327,Vermont,28 Iowa,1975-07-08,2047
crmid:7573901185,labrus1824@gmail.com,Parker,Rice,,720-197-2349,Sylvania,United States,92154,Colorado,1273 Lockwood,1967-03-14,2790
crmid:1480857529,beggarman1977@outlook.com,Ferdinand,Barnes,,811-393-6631,Modesto,United States,31256,Pennsylvania,403 Crisp,1992-07-18,1189
crmid:9263617090,balate1873@live.com,Toney,Little,,746-953-5543,Walnut Creek,United States,93295,Ohio,1254 Denslowe,1973-01-07,695
crmid:6529091779,elfreda2017@gmail.com,Garry,Fry,,092-878-9074,McKeesport,United States,71636,New Mexico,955 Caselli,1988-12-14,523
crmid:9136722096,nondeafened2030@live.com,Beverlee,Allison,female,841-767-9105,Desert Hot Springs,United States,97047,New Hampshire,887 Point Lobos,1954-11-26,416
crmid:3437595148,subatom1914@outlook.com,Elroy,Kemp,,319-943-0472,Garland,United States,06118,Washington,379 Greenough,1965-01-27,1156
crmid:2567239148,trainbearer1920@yahoo.com,Louis,Michael,,254-361-8071,Rosemount,United States,42332,Louisiana,1059 Ralston,1984-04-08,2337
crmid:5998667784,boards1819@gmail.com,Cleotilde,Randall,female,263-075-0668,Crown Point,United States,00982,South Dakota,966 Lucky,1952-02-24,1470
crmid:2958768981,champertor1820@outlook.com,Carlee,Flowers,female,803-110-3281,Dearborn Heights,United States,70863,Arizona,763 Northwood,1953-02-10,1871
crmid:9746216619,pygofer1966@gmail.com,Guillermo,Benjamin,,206-366-5101,North Miami Beach,United States,60590,Wyoming,906 Clinton,1998-10-14,304
crmid:6388709812,footcandle2012@gmail.com,Sharee,Branch,female,714-809-6547,Fair Lawn,United States,80647,Idaho,1006 Bitting,1960-08-04,2455
crmid:2580613295,labrus1914@gmail.com,Myles,Bernard,male,950-898-0837,Caledonia,United States,40295,Arizona,76 Mckinnon,1943-07-03,2269
crmid:3974749139,subtrahends2064@live.com,Rolando,Cardenas,,208-863-3399,Kankakee,United States,10445,Kansas,63 Automobile,1976-03-23,2557
crmid:9162866213,ontography1953@gmail.com,Janella,Perry,female,673-077-5742,Vallejo,United States,92026,Washington,716 Carmelita,1952-04-23,1152
crmid:7801364743,jotisi2048@live.com,Crysta,Mitchell,female,136-447-6759,Eastlake,United States,13081,Montana,976 Lapham,1957-02-20,862
crmid:8954790851,diptera1949@live.com,Brendon,Sweet,,336-345-3253,Salisbury,United States,23077,Pennsylvania,1299 Mahan,1966-04-13,2021
crmid:1116821332,unfeasibleness1817@outlook.com,Barry,Carrillo,male,478-009-8427,Waco,United States,16153,Kansas,268 Ecker,1944-10-02,1803
crmid:9671186069,costumey1950@outlook.com,Jesus,Harris,male,164-422-9988,Appleton,United States,73121,South Carolina,844 Knockash,1933-12-10,2766
crmid:1931305342,vulture2024@yandex.com,Sima,Cooley,female,567-940-6843,Clinton,United States,49724,Ohio,931 Sawyer,1948-08-07,1839
crmid:5080370797,prodissolution1878@live.com,Zackary,Huber,,197-358-0902,Houma,United States,97247,New Mexico,126 Dr Carlton B Goodlett,1973-04-25,1682
crmid:6561460834,croteau1953@gmail.com,Elwanda,Winters,female,225-624-8672,Commerce City,United States,10222,Oklahoma,1251 Davenport,1949-03-31,2928
crmid:1581892503,vocationalism1949@outlook.com,Shawn,Gaines,,893-886-4669,Las Cruces,United States,19265,North Carolina,599 Bellair,1981-03-31,353
crmid:3537044093,fluxional1814@yandex.com,Roosevelt,Church,,566-442-5425,Fullerton,United States,77511,West Virginia,129 Avenue F,1964-12-06,2270
crmid:8142810621,spurnwater1958@yahoo.com,Roger,Cote,,295-415-2509,Hialeah,United States,40913,Maryland,1183 Harper,1971-07-26,776
crmid:6599242389,carmelite1927@live.com,Britt,Chavez,female,898-413-4229,Cliffside Park,United States,69117,Idaho,853 Stark,1948-12-26,945
crmid:6415077467,cookeys1863@gmail.com,Jerrod,Norton,,377-821-7300,Nashville,United States,22208,Delaware,298 Malden,1995-05-03,2537
crmid:1671082344,greyhound2057@yahoo.com,Maragaret,Lyons,female,688-136-7536,Fairborn,United States,55356,South Dakota,404 Forsyth,1961-10-11,1820
crmid:1720358941,monopodes2031@live.com,Leonia,Daniel,female,650-060-2111,Seattle,United States,12246,Pennsylvania,1271 Baxter,1946-05-07,2441
crmid:7331595929,abaft2008@yahoo.com,Derrick,Weaver,male,767-651-7691,Rialto,United States,80937,Nebraska,1375 Vara,1999-01-05,805
crmid:3273522483,antifowl2015@outlook.com,Angeles,Blair,female,922-081-7393,Corpus Christi,United States,60640,Alaska,372 Harbor,1951-11-24,1361
crmid:2023814718,unmelted1831@yahoo.com,Clifford,Ramsey,,040-857-1301,Kenner,United States,88958,Connecticut,8 Jessie East,1977-04-30,1196
crmid:7550381764,bayard2046@yahoo.com,Adolph,Shaw,male,565-479-6564,Americus,United States,07245,South Carolina,898 Pixley,1932-01-27,1061
crmid:3494641202,charmian1941@outlook.com,Denisse,Riley,female,157-924-7261,Cornelius,United States,81587,Louisiana,396 Pine,1950-11-04,2300
crmid:9705302276,chipped1825@yahoo.com,Boris,Bradford,male,637-983-9721,Calexico,United States,02086,Montana,731 Varennes,1943-01-03,2738
crmid:8392793645,bragget1985@yahoo.com,Darwin,Valentine,male,857-928-7052,Slidell,United States,06835,Arkansas,660 Teddy,1938-11-05,1415
crmid:4657854684,electrified2007@gmail.com,Mike,Bradley,female,014-498-6189,Crown Point,United States,80937,Montana,602 Bell,1952-06-03,321
crmid:2681860226,juking2063@yandex.com,China,Newman,female,813-843-7905,Cerritos,United States,76626,Oregon,6 Parkhurst,1946-12-03,947
crmid:8065065015,burger1946@gmail.com,Odis,Barr,,052-541-8801,Woodland,United States,43886,Michigan,82 Reservoir,1993-10-12,2562
crmid:1733546414,ambivert2064@outlook.com,Forest,Shaw,,497-355-5114,Garner,United States,66681,Massachusetts,1155 Saint Elmo,1965-11-07,1486
crmid:9189420053,enriquet1966@outlook.com,Leon,Miles,,318-819-5466,Port Huron,United States,61664,Massachusetts,648 Griffith,1988-03-02,1141
crmid:1849897341,throne1985@gmail.com,Mel,Pace,,198-930-4676,Leawood,United States,03830,Mississippi,391 Dormitory,1981-01-26,481
crmid:2564618796,cassat1997@gmail.com,Katia,Barry,female,149-710-4574,Council Bluffs,United States,20314,Nebraska,1315 Ewer,1951-05-02,508
crmid:3659285898,gastrohysterorrhaphy1997@gmail.com,Han,Ward,female,572-533-4745,Colonial Heights,United States,11374,Iowa,973 Knockash,1949-04-30,1365
crmid:8986264813,amalie1873@yandex.com,Gearldine,Montoya,female,725-597-3894,Chelsea,United States,18434,Texas,410 Virgil,1946-03-20,2471
crmid:8378520044,unsoporific2043@gmail.com,Glady,Bridges,female,861-275-6875,Edmond,United States,19841,Tennessee,487 Dolphin,1958-03-04,2990
crmid:3968291186,evenfalls2051@gmail.com,Dewayne,Clemons,,914-408-4473,Knoxville,United States,85760,Idaho,1130 Concourse,1978-09-16,1399
crmid:4555395440,unbiblical1917@live.com,Errol,Rice,,490-377-3845,Miami Lakes,United States,96018,Missouri,902 Halyburton,1990-05-22,2896
crmid:4158101140,recompass2028@live.com,Derick,Cochran,,437-357-1873,Seaside,United States,95367,Minnesota,294 Mallorca,1997-09-22,646
crmid:1429097319,burlie2040@yandex.com,Shella,Flowers,female,398-297-5313,Dallas,United States,92151,Mississippi,488 Rose,1952-08-10,2520
crmid:5444452849,madiga1993@yandex.com,Ricardo,Kelly,,044-463-1802,Lehi,United States,87341,North Dakota,1150 Adair,1982-03-24,2907
crmid:4621689229,hayforks2011@gmail.com,Isiah,Lindsey,,140-800-6693,Saratoga,United States,54375,Alabama,845 Melra,1985-08-13,1445
crmid:6273168416,convolvulus1852@gmail.com,Jason,Cantrell,male,940-444-1510,San Juan,United States,72071,Virginia,106 Stanyan,1937-05-05,2984
crmid:3134028144,pointer1872@yahoo.com,Alexis,Burt,,838-454-6152,North Olmsted,United States,72001,Maryland,786 Del Sur,1999-05-03,1029
crmid:3728221730,clarance1900@yahoo.com,Thu,Russo,female,411-035-0346,San Jacinto,United States,17214,Idaho,307 Hillcrest,1954-09-26,1307
crmid:1459868614,cayapa1820@outlook.com,Ike,Hickman,male,441-043-3967,Bozeman,United States,29505,Arizona,998 Turner,1940-05-14,909
crmid:6090420926,uninspired2015@outlook.com,Frankie,George,,554-340-7448,Kerrville,United States,35836,Pennsylvania,861 Treasure Island,1977-06-23,1873
crmid:4552211389,astonisher1963@yahoo.com,Giovanni,Lara,,791-906-0616,Port St. Lucie,United States,44528,Hawaii,963 Macedonia,1992-10-14,1556
crmid:9582061243,bedlamite1829@yandex.com,Peter,Maxwell,female,668-656-4679,Dalton,United States,47925,South Dakota,1233 Glenbrook,1952-07-18,2227
crmid:2810655325,awoken2069@gmail.com,Jordan,Brennan,male,316-144-5819,Blaine,United States,30968,Louisiana,185 Minerva,1939-06-04,1148
crmid:6428856086,science2005@live.com,Adam,Hall,male,524-897-5143,North Royalton,United States,03601,New Mexico,137 Rausch,1999-01-01,2988
crmid:3723105351,uncovenant1975@yandex.com,Margart,Delacruz,female,757-224-2974,Cliffside Park,United States,92553,Wyoming,1166 Blanche,1948-06-08,2840
crmid:9564272893,ad1907@live.com,Earl,Keller,,421-816-6081,Melrose,United States,62481,Montana,1266 Bonita,1989-12-29,712
crmid:1606397927,unspecific1937@gmail.com,Francina,Mcdaniel,female,158-293-2609,Owasso,United States,15795,Maine,402 Eaton,1947-03-19,2410
crmid:2817644229,datura2058@gmail.com,Adolfo,Osborn,,959-705-7379,Waterbury,United States,85391,Alabama,1036 Cottage,1971-08-04,1640
crmid:5117453580,cablet2065@yahoo.com,Hal,Michael,male,208-194-5223,Peachtree City,United States,08679,North Carolina,1247 Lathrop,1931-04-20,1335
crmid:4441362470,vino1830@yahoo.com,Bruce,Walls,male,225-050-4130,St. Charles,United States,05961,Illinois,567 Wedemeyer,1932-10-20,2662
crmid:7767680976,achromic1847@yandex.com,Asa,Williamson,,889-403-9955,Roanoke,United States,97619,Kansas,192 Bayview Park,1989-10-16,2788
crmid:4710376334,clinic1999@yahoo.com,Darron,Barr,,411-742-3725,Tucson,United States,53818,Missouri,907 Louisburg,1998-08-12,2538
crmid:1906541402,bombings1817@gmail.com,Rhett,Nicholson,,185-270-0248,Garden City,United States,37630,Connecticut,89 Wilmot,1965-06-05,1977
crmid:7984480810,archimedes2028@yahoo.com,Forest,Casey,,738-104-2308,Owensboro,United States,46702,Massachusetts,914 Sterling,1985-05-21,1813
crmid:8428567878,bluegums1908@live.com,Santos,Weber,male,500-538-4012,Casper,United States,57468,Tennessee,86 Toledo,1945-09-30,1057
crmid:4933610049,contradistinctive2017@live.com,Brittni,Downs,female,565-040-1503,Darien,United States,09474,South Carolina,1237 Fanning,1953-01-08,2787
crmid:2989839724,predelinquent1930@yahoo.com,Hwa,Curry,female,785-778-2120,Elmhurst,United States,18355,Wisconsin,1036 Transbay Hump,1959-04-07,1447
crmid:6390195925,testimony1946@outlook.com,Miquel,Justice,male,778-196-7438,Auburn,United States,44527,Wyoming,335 Fourth,1934-07-16,559
crmid:3860640793,shandies1851@live.com,Ammie,Matthews,female,125-653-8149,Claremore,United States,65469,Texas,602 Drummond,1948-11-01,687
crmid:4878103531,surrounded1868@yahoo.com,Julio,Clay,female,821-884-3839,Fairview Heights,United States,26293,Indiana,361 Las Villas,1961-04-06,1653
crmid:3647871287,ancon1911@live.com,Herbert,Kelley,,568-439-4476,Holland,United States,74278,Maine,414 Gold Mine,1972-12-16,1568
crmid:8844551612,clarance1924@yahoo.com,Carey,Copeland,male,140-649-3669,Bellingham,United States,01221,New Mexico,1281 Bass,1937-02-07,2515
crmid:6834414759,oxbow1896@yahoo.com,Dwayne,Huff,,381-198-7170,Harker Heights,United States,69179,Louisiana,385 Moreland,1969-11-22,1874
crmid:6072128721,fox1985@outlook.com,Sam,Nichols,,139-092-9386,Lauderdale Lakes,United States,87956,Oregon,741 Clement,1981-01-26,820
crmid:4305187698,intercom1827@yandex.com,Emilio,Palmer,male,053-556-2611,Ramsey,United States,61200,Wisconsin,741 Marne,1930-03-22,1114
crmid:2598131736,dominium2025@gmail.com,Theodore,Daugherty,male,880-666-2316,Springdale,United States,02065,New Hampshire,283 Bernice Rodgers,1940-09-07,2036
crmid:4066279155,oxeyes1861@outlook.com,Weldon,Santiago,male,366-341-4494,Bellevue,United States,77565,Delaware,633 Colleen,1937-10-26,2255
crmid:9952887337,crow2000@gmail.com,Jeffrey,Snider,,036-015-4712,Syracuse,United States,22688,West Virginia,223 Lansing,1967-03-09,1513
crmid:8438939346,unmatchableness1909@outlook.com,Shaunte,Mckinney,female,419-398-2417,Thousand Oaks,United States,25030,Arizona,655 Fenton,1956-08-19,2867
crmid:1884630864,doodad1830@yandex.com,Andy,Pace,,899-398-7161,Glendora,United States,81301,South Dakota,481 Boalt,1966-11-06,1305
crmid:2281251063,deaved2014@gmail.com,Rolland,Holcomb,,933-205-7601,Hempstead,United States,34408,Minnesota,633 Idora,1971-07-02,1279
crmid:1805843609,bobby1899@outlook.com,Jae,Contreras,,452-416-9798,West St. Paul,United States,33615,North Dakota,155 Fort Funston,1977-09-12,955
crmid:3271993540,unmodifiableness2017@yahoo.com,Travis,Dale,,067-947-3295,Lufkin,United States,81753,Michigan,266 Racine,1985-12-05,679
crmid:7769062747,paellas2047@outlook.com,Alan,Roach,male,942-142-6690,Aurora,United States,05494,Maine,856 Dedman,1935-01-25,2809
crmid:2279714073,trichogrammatidae1940@live.com,Keith,O'brien,,043-815-0970,Lynbrook,United States,99176,Texas,146 Julian,1985-08-30,965
crmid:1185657144,ceruse1972@gmail.com,Chieko,Fleming,female,048-401-5564,Cottonwood Heights,United States,82434,South Carolina,1017 Wool,1951-02-10,1922
crmid:1143149781,realest1806@yahoo.com,Kendrick,Fry,male,807-438-3894,South Holland,United States,07337,New Mexico,35 Beverly,1935-12-25,644
crmid:7971334001,cuscus1858@live.com,Marcelo,Schroeder,,940-329-7265,Lufkin,United States,35827,Delaware,214 Donahue,1985-07-18,743
crmid:6901570270,dryers1897@yandex.com,Alberto,Brady,,543-560-8642,Sun Prairie,United States,27206,Louisiana,481 Zanowitz,1966-02-25,451
crmid:4705384775,clavodeltoid1938@yandex.com,Ronnie,Kirby,male,022-117-1570,Bartlesville,United States,46280,Kentucky,320 Kissling,1936-08-16,2714
crmid:1114050438,galopade2001@live.com,Franklin,Parks,,469-355-2429,St. Petersburg,United States,35293,Montana,1276 Rockridge,1979-05-17,1107
crmid:8387487445,carambole2054@gmail.com,Deangelo,Richardson,,552-659-8458,Indio,United States,01705,New York,1111 Lake Merced,1974-02-06,2913
crmid:4868130919,runaround1910@live.com,Angele,Hernandez,female,890-790-2287,Corvallis,United States,07946,Indiana,1348 Reardon,1951-01-13,2146
crmid:4495691733,legator1859@live.com,Jeanice,Fleming,female,776-492-0708,St. Paul,United States,99246,Delaware,996 Toll Plaza Tunnel,1948-04-10,784
crmid:6431068203,become2063@yandex.com,Rory,Holmes,female,267-543-5751,Cottage Grove,United States,48805,New Hampshire,427 Highland,1951-07-14,939
crmid:9524686730,adolph2038@yandex.com,Kris,Gamble,,159-990-5112,Mount Juliet,United States,46384,Hawaii,1178 Leo,1993-07-02,771
crmid:3499785497,unniceness1894@live.com,Walton,Burnett,male,156-582-3394,Oxnard,United States,90717,Idaho,360 Tulip,1942-12-19,1430
crmid:2301763181,countor1973@gmail.com,Rebecka,Blackwell,female,321-756-6280,Richland,United States,20614,Kentucky,1258 Gateview 3,1959-07-03,1474
crmid:4008820861,colts2047@yahoo.com,Del,Brewer,,538-538-5010,Fort Dodge,United States,51013,New Mexico,1061 El Mirasol,1963-09-05,1657
crmid:5912422569,bufonidae1849@outlook.com,Kristopher,Maddox,male,073-594-9862,Wilmette,United States,05579,Connecticut,121 Colusa,1939-06-18,1964
crmid:9593579519,secretor1903@live.com,Korey,Suarez,,623-460-9696,Onalaska,United States,86662,Iowa,930 Mccoppin,1991-11-20,1931
crmid:5743511269,rewards1925@outlook.com,Anjelica,Mclean,female,035-683-3479,Coronado,United States,85792,Connecticut,795 Cook,1951-01-19,2348
crmid:2587115077,woodcrafty1943@live.com,Joseph,Frye,,853-095-9219,Las Cruces,United States,64463,Michigan,1192 Whipple,1981-12-20,1550
crmid:8078043287,novelette1846@yandex.com,Tuan,Parrish,male,384-241-1667,Bend,United States,59277,Michigan,847 Ocean Vista,1938-09-23,2445
crmid:2173680890,jacanas2047@live.com,Bradley,Hampton,,612-432-6558,Ferndale,United States,69004,Utah,1245 Silliman,1962-11-11,2195
crmid:1172375245,costumes1948@outlook.com,Devin,Holden,,675-293-3262,Plantation,United States,53304,North Carolina,699 Lake,1997-06-21,903
crmid:4669229954,alcoa1902@outlook.com,Lyla,Marquez,female,921-898-2569,Fairfax,United States,35089,Indiana,1304 De Forest,1961-06-18,1714
crmid:8168913159,tiptoppishness1992@gmail.com,Rolland,Howell,male,245-764-9850,Alliance,United States,94232,New Mexico,252 Wattson,1931-08-15,2745
crmid:4015666949,unsquirming1963@yandex.com,Toby,Ruiz,,931-886-6547,Papillion,United States,24591,North Carolina,1294 Macondray,1966-02-16,714
crmid:9559936329,paediatric1871@yahoo.com,Royce,Lewis,,138-028-7005,San Ramon,United States,81857,Colorado,394 Fountain,1962-02-15,1361
crmid:2429597400,viny1884@gmail.com,Chadwick,Walker,,364-085-5325,Gainesville,United States,66209,California,338 John Muir,1964-11-14,698
crmid:2993076299,matutinary2027@live.com,Efrain,Rowe,,740-525-8055,Yakima,United States,94509,Rhode Island,276 San Anselmo,1992-09-19,836
crmid:1847314919,constanta2056@yahoo.com,Mathew,Beach,male,548-243-6003,Cedar Park,United States,37821,New York,501 Arco,1945-07-02,2853
crmid:4156401209,fossa1988@yahoo.com,Tom,Mccarty,male,879-544-1287,Batavia,United States,52387,North Dakota,990 Marsily,1936-09-19,2740
crmid:4088940105,atopy1949@yandex.com,Antwan,Battle,,705-759-6852,Mentor,United States,00022,Washington,1168 Bluxome,1989-01-01,2785
crmid:4904321431,overdogs1890@gmail.com,Kelly,Moreno,male,960-670-0873,Benton,United States,39919,South Carolina,1295 Blatchford,1938-06-21,1081
crmid:3048224294,premillenarianism1997@gmail.com,Shera,Flowers,female,395-074-0021,West Memphis,United States,58293,Michigan,1200 Farnum,1994-04-29,1533
crmid:2947964321,dutiful1960@yandex.com,Ellena,Burks,female,062-309-6311,Diamond Bar,United States,11785,South Dakota,451 C,1955-03-04,1424
crmid:5234075958,eel1830@yandex.com,Kristel,Fernandez,female,219-698-8712,Fairmont,United States,62601,Washington,31 Egbert,1961-11-09,1510
crmid:9847865243,hydromyelocele1991@yandex.com,Rolland,Ray,,569-701-2020,Henderson,United States,57524,Kansas,767 Capistrano,1971-09-27,2273
crmid:4576235400,culled1875@yandex.com,Drema,Cooper,female,846-914-3756,Chambersburg,United States,51218,New Mexico,1311 Icehouse,1946-10-25,2743
crmid:1526999331,brynn1997@outlook.com,Jarrett,Levy,,207-774-8105,Thornton,United States,51462,North Carolina,1225 Brookhaven,1996-06-07,1970
crmid:5803396722,pentachenium1898@yahoo.com,Santiago,Michael,male,243-378-2245,Prescott Valley,United States,66624,New Mexico,721 Lakeshore,1934-11-17,1312
crmid:6831737489,nodes1890@outlook.com,Jeff,Flynn,male,572-972-3940,Pico Rivera,United States,92510,Illinois,555 Division,1938-05-10,888
crmid:1911571170,invict2020@live.com,Sol,Tyler,,180-182-2816,Oklahoma City,United States,21817,Montana,1225 Baltimore,1965-11-07,2377
crmid:5175358715,setiparous1962@live.com,Dayle,Grant,female,038-156-7029,Youngstown,United States,79971,Utah,1037 Sampson,1950-11-30,2300
crmid:3908955162,ascanius1926@gmail.com,Hai,Wood,,351-215-8206,Wilmington,United States,55287,Colorado,1340 Holladay,1998-06-18,2067
crmid:9415089622,breathless1802@gmail.com,Dick,Fleming,,399-546-6584,Rolla,United States,77921,Arizona,12 Carrizal,1974-03-31,1581
crmid:3280741447,marcello1884@yahoo.com,Benny,Clayton,male,372-501-3685,Tinton Falls,United States,01401,Kansas,53 Rincon,1942-01-06,1084
crmid:2703341288,memorableness1833@yandex.com,Sterling,Todd,,729-652-5521,Memphis,United States,66389,California,598 Harkness,1989-12-16,1569
crmid:1349432645,ribbon1974@yandex.com,Tyler,Simon,,563-955-4927,Texarkana,United States,33076,Idaho,698 Burritt,1978-08-12,2154
crmid:3466208395,publicness1917@live.com,Reginia,Frederick,female,859-116-9745,Crown Point,United States,46347,Colorado,314 Mojave,1952-07-10,1461
crmid:3520581919,arachnoid1805@yahoo.com,Merlin,Fitzpatrick,male,048-922-1495,New Rochelle,United States,55639,North Dakota,774 Amatista,1996-09-19,2734
crmid:2733015827,inviscidity2023@gmail.com,Don,Terry,,037-027-6784,Newnan,United States,31480,Nevada,559 Arballo,1997-07-25,715
crmid:4797667730,sided1845@gmail.com,Laurence,Wong,,973-578-6212,Royal Oak,United States,64137,Hawaii,982 Castillo,1979-07-05,1913
crmid:2357490823,blacky2044@gmail.com,Zachery,Carroll,,013-663-0995,Lake Forest,United States,46181,Vermont,1176 Buchanan,1980-07-30,2117
crmid:4869339497,apathetic1820@yahoo.com,Inger,Duffy,female,081-219-6489,Chicopee,United States,23016,Delaware,604 Castro,1947-04-08,1086
crmid:2627920970,salads1948@live.com,Florencio,Hess,,314-297-5966,Iowa City,United States,04275,Indiana,1119 Leona,1974-01-30,1044
crmid:7659423682,analytic2017@live.com,Latashia,Reilly,female,107-202-4803,East Peoria,United States,23959,Virginia,662 Eastman,1957-05-24,2975
crmid:9365055154,blissfully1864@yahoo.com,Simon,Walton,male,133-310-9207,Olive Branch,United States,65311,Michigan,1136 Newman,1934-09-30,2925
crmid:6919779151,bhima2031@live.com,Herta,Parrish,female,980-113-8421,Durham,United States,17964,New Jersey,20 Jack Kerouac,1956-04-23,407
crmid:4197355868,arvin1800@yandex.com,Jarvis,Blair,,502-844-2253,Germantown,United States,74802,Oklahoma,1199 Acme,1966-08-16,2164
crmid:9642697218,poetess1900@yahoo.com,Leonard,Sutton,,676-858-6143,Hattiesburg,United States,22336,California,1082 Fourth,1970-04-30,2027
crmid:7642772006,asarin2041@yahoo.com,Alfred,Shields,male,320-498-1560,Oakley,United States,50704,Mississippi,464 Battery Cranston,1997-02-01,794
crmid:5196186583,abucco1948@gmail.com,Ethyl,Love,female,486-459-0419,Pinellas Park,United States,15524,Idaho,1006 Westside,1946-03-18,480
crmid:8790156467,arethusa1850@gmail.com,Moises,Nieves,,489-356-4596,Fort Worth,United States,96719,Tennessee,202 Central,1963-11-19,437
crmid:7275345634,nincum1892@gmail.com,Gus,Murray,male,396-331-8937,Campbell,United States,86611,Maryland,1241 Montgomery,1944-12-20,1664
crmid:3664179747,smokers1824@live.com,Kiyoko,Ayers,female,229-776-2086,Corinth,United States,90002,Kansas,747 Pershing,1950-05-01,680
crmid:8902396067,bijan1914@live.com,Sima,Bauer,female,793-231-9750,Elmira,United States,78496,Louisiana,690 Cuesta,1959-12-23,2346
crmid:7219843035,baton1906@yandex.com,Morgan,Schneider,,483-508-6063,Pekin,United States,54938,Wisconsin,1289 Fratessa,1970-07-25,1085
crmid:9581848027,adapa1849@outlook.com,Dexter,Hatfield,male,248-198-1181,Brigham City,United States,15802,New York,30 Escondido,1941-03-13,1082
crmid:6561595512,olm1945@gmail.com,Emmett,Dixon,,849-323-0058,South Plainfield,United States,42592,Delaware,583 Ford,1985-09-08,2998
crmid:5609531845,ultrasonic1815@yandex.com,Wyatt,Bird,male,477-433-5494,St. Marys,United States,80520,New Jersey,525 Fell Access,1937-11-19,958
crmid:4484648798,overfragmented2001@yandex.com,Mitchel,Mcclain,,222-054-0896,Glendora,United States,54413,Iowa,924 Jean,1966-09-06,2979
crmid:3222747541,battles1963@live.com,Meg,Lucas,female,477-396-0713,Plano,United States,57343,North Carolina,902 Regent,1954-06-18,1200
crmid:7532025488,leases1902@outlook.com,Theo,Klein,male,355-898-0253,Spring Hill,United States,67845,Illinois,1216 Northpoint,1941-11-28,1377
crmid:5581871250,wound2003@gmail.com,Johna,Bentley,female,473-778-4194,Clarksburg,United States,70075,Kansas,1338 San Diego,1948-12-08,1478
crmid:9082309503,carmencita1876@yandex.com,Coy,Kelly,,994-873-9737,Modesto,United States,60704,Alabama,1221 Dolores,1992-10-21,2825
crmid:4077562470,copious1892@outlook.com,Valentin,Caldwell,,113-876-2096,La Mesa,United States,68413,Mississippi,221 Coleman,1978-12-14,2499
crmid:2771505246,decaf1909@outlook.com,Emmanuel,Sandoval,male,452-445-1707,Adrian,United States,16245,Iowa,976 Sonora,1930-04-26,876
crmid:7135740389,obduce2019@yahoo.com,Tod,Waller,male,580-521-5341,Yuma,United States,09345,Louisiana,1386 Butte,1933-09-30,830
crmid:9771870741,smarmy2037@gmail.com,Arnulfo,Morin,male,430-163-9941,Appleton,United States,00833,Indiana,264 Charles,1933-01-21,1803
crmid:3310290310,semesters1915@outlook.com,Jefferson,Watts,male,706-413-2828,Ceres,United States,99702,Wyoming,2 Canby,1945-05-30,400
crmid:2593850890,autobiographal2043@yandex.com,Felton,Garrison,,991-224-1490,Wichita Falls,United States,20963,Arizona,1335 Severn,1965-06-03,305
crmid:6817160076,necrosis1888@live.com,Dominique,Nolan,,450-525-7522,Green,United States,02631,North Carolina,1317 Byxbee,1968-01-13,1127
crmid:7341879894,scrag1944@gmail.com,Buford,Christian,male,294-706-6691,Athens,United States,00144,Nebraska,13 Turner,1934-02-06,1334
crmid:2843730327,charta1844@outlook.com,Lucina,Shaw,female,001-718-0257,Decatur,United States,93920,Alabama,550 Baxter,1953-11-11,2875
crmid:8005828436,underreader1971@live.com,Stanton,Gould,,120-498-6266,Kirksville,United States,83954,Michigan,283 Ccsf Parking Lot,1978-10-13,604
crmid:4404824936,defloration2038@outlook.com,Merissa,Peck,female,080-147-4698,Pittsburgh,United States,82660,Delaware,56 Bret Harte,1957-06-23,1761
crmid:8214667874,loudness1832@outlook.com,Raymon,King,,463-007-4529,Hendersonville,United States,07149,Colorado,92 Boynton,1971-02-20,600
crmid:5943563616,overshorten2045@outlook.com,Heath,Davis,male,109-251-9036,Brownwood,United States,92164,Connecticut,167 Harris,1942-05-08,765
crmid:4744870456,piscators1948@gmail.com,Roland,Gates,,102-734-2005,Santa Cruz,United States,65462,New York,166 Manchester,1969-08-31,1134
crmid:7888887252,bagels1854@outlook.com,Ian,Marquez,,280-745-0544,Jonesboro,United States,05571,Kansas,1069 Alvarado,1976-02-17,1778
crmid:6169601666,ennead1954@yandex.com,Erasmo,Gibson,male,883-767-4912,Beckley,United States,63138,Oregon,807 Mullen,1937-10-07,457
crmid:3996521452,poule1924@yandex.com,Lucio,Gentry,,190-649-2872,Toledo,United States,45483,Illinois,1109 Highland,1986-09-14,2468
crmid:1574754002,dotes1852@live.com,Vella,Schroeder,female,704-582-5278,Elgin,United States,54170,New York,246 Vasquez,1958-09-26,1926
crmid:6675683560,baconize1907@outlook.com,Russ,Noel,,973-341-7717,Moraga,United States,95929,Texas,1299 Woodward,1993-09-01,964
crmid:6027226610,desistance1963@yandex.com,Shakia,Kemp,female,633-683-4981,Downey,United States,48541,Hawaii,529 Melba,1955-08-16,1535
crmid:2882040906,endang1854@yandex.com,Evan,Sexton,male,361-141-8975,Plainview,United States,01936,Maine,2 Dorchester,1932-04-26,2479
crmid:1556052554,loudmouthed1810@outlook.com,Seymour,Walsh,,033-321-9780,Fridley,United States,68193,Oklahoma,87 Ardath,1964-10-25,2487
crmid:7885922037,atmospheric1923@gmail.com,Darell,Small,male,225-103-1072,Angleton,United States,10766,Nevada,244 Valley,1932-03-27,1298
crmid:7353643155,bogert2007@outlook.com,Jules,Zamora,,804-817-7718,Kenmore,United States,60895,New Jersey,157 Peralta,1977-11-01,1358
crmid:1353731782,dangle1973@outlook.com,Terrence,Rich,male,371-130-0001,Bethel Park,United States,65699,Michigan,699 Channel,1938-10-23,1862
crmid:7854320143,dugong1853@outlook.com,Abe,Hines,,861-543-8202,Martinsburg,United States,65134,West Virginia,215 Brooks,1987-10-23,1310
crmid:6853890817,termite2003@outlook.com,Kyoko,Winters,female,950-735-2798,Waterbury,United States,82253,Delaware,1216 Hamerton,1960-12-09,2389
crmid:4159643423,benthic1824@outlook.com,Olin,Blackwell,,107-073-4086,Kirkwood,United States,43680,Rhode Island,1343 Perry,1978-07-20,1774
