crmid,email,first_name,last_name,gender,mobile telephone,city,country,zip,state,street address,birthday,historicalpoints
crmid:1884245474,tiptoppishness1850@yandex.com,Amado,Wagner,,678-107-7093,La Mirada,United States,65692,Wyoming,1062 Chicago,1978-10-16,1866
crmid:2148932377,dirigent2063@yahoo.com,Carl,Maynard,male,145-676-6032,Santa Barbara,United States,05000,Minnesota,1292 States,1931-02-18,1316
crmid:9423672127,gibbon1939@gmail.com,Anton,Baxter,,891-218-1997,Miami Beach,United States,81002,Wisconsin,355 Tacoma,1990-06-07,985
crmid:6308664551,fumarases1992@outlook.com,Garth,Monroe,,397-875-7375,Midlothian,United States,38295,Missouri,638 Exposition,1990-06-06,738
crmid:1677136135,orthognathy1967@yahoo.com,Ryan,Macdonald,,720-606-3593,Longmont,United States,20533,West Virginia,530 Hollister,1984-04-02,2895
crmid:2654751254,collodion1843@gmail.com,Bernard,Patel,,928-051-7114,Forest Lake,United States,51007,Nebraska,114 Funston,1962-10-13,1642
crmid:4023174424,blockader1931@yandex.com,Loren,Rocha,,341-531-2444,Janesville,United States,78635,Mississippi,526 Elm,1975-12-29,1755
crmid:2229844433,malleating1895@live.com,Steven,Velasquez,,581-027-2378,Galveston,United States,41754,Idaho,1029 Crissy Field,1965-08-11,2655
crmid:3581623296,ditto1907@yandex.com,Robbie,Walton,,498-052-5697,Troy,United States,87476,Florida,977 Texas,1988-03-24,2530
crmid:2407543115,tracking2052@live.com,Merlin,Davidson,male,692-512-4661,North Charleston,United States,50344,Tennessee,651 Lenox,1998-09-17,1655
crmid:1982189068,telautography1808@live.com,Lawrence,Mullen,,234-769-2741,Temple City,United States,78952,Tennessee,1307 Milan,1985-10-17,2345
crmid:9815340978,bolden1802@yahoo.com,Adalberto,Singleton,,505-605-4142,Peoria,United States,63406,Alabama,922 Lucerne,1968-08-07,381
crmid:7678222833,bastioned1868@outlook.com,Reginald,Hubbard,,058-175-9541,Ottawa,United States,77455,Kansas,136 Nellie,1986-09-19,2172
crmid:1379759822,leese1812@live.com,Cristobal,Larsen,,718-722-0756,Mesa,United States,83644,Delaware,816 Teddy,1989-12-11,2541
crmid:4925823037,ringingly1871@yandex.com,Louis,Howard,male,157-027-6529,Quincy,United States,98362,Kansas,527 Del Monte,1934-11-12,346
crmid:9783346394,ladybird2016@yandex.com,Domenic,Nguyen,,435-261-3236,Morton Grove,United States,43116,North Dakota,242 Pleasant,1993-07-22,1276
crmid:8138656278,ballots2050@gmail.com,Lucius,Decker,,956-419-0928,Loma Linda,United States,25258,Oklahoma,1283 Keyes,1983-04-12,2857
crmid:9190353332,antinormal1802@outlook.com,Bernard,Castillo,male,425-740-1169,Anniston,United States,05938,Georgia,961 Winthrop,1933-01-05,1141
crmid:3227114013,minae1838@yahoo.com,Arron,Reyes,male,217-236-4508,Winona,United States,70202,Connecticut,561 Pacific,1936-01-24,2303
crmid:1519180471,exceptionalness1948@yandex.com,Lynn,Bolton,,382-962-4000,Little Elm,United States,85901,Missouri,340 Cambridge,1983-10-19,2205
crmid:9835054101,amit1852@outlook.com,Leigha,Cantu,female,560-640-4758,Dearborn,United States,91510,Georgia,36 Thor,1953-05-05,2365
crmid:8474976088,andira1848@gmail.com,Neal,Meyer,,937-796-7034,Miami Beach,United States,35681,Wisconsin,386 Nellie,1990-06-15,1464
crmid:6145331566,bantay2049@outlook.com,Hilario,Shields,male,770-326-4836,San Gabriel,United States,08985,Virginia,147 Kearny,1931-10-26,1254
crmid:7885983344,arthuriana1850@live.com,Corrin,Rivers,female,070-656-5881,El Cajon,United States,77889,Ohio,568 Cesar Chavez,1958-02-25,2982
crmid:1958551397,bloodlessly1823@gmail.com,Salvador,Mcclain,,864-267-4776,Post Falls,United States,49395,Arizona,94 Sanches,1989-09-30,2516
crmid:1815593396,ultrasonic1876@gmail.com,Nicolas,Tyler,male,807-315-7961,Alamo,United States,94078,Massachusetts,762 Acton,1930-10-14,1457
crmid:3253880363,esparto1940@outlook.com,Darrin,Benson,,573-993-6096,Roanoke,United States,46658,Washington,125 Custer,1988-10-30,1629
crmid:4181102975,fabrizio1947@gmail.com,Darby,Frazier,female,717-621-7378,Clearwater,United States,71027,Illinois,502 Mauldin,1948-12-19,2245
crmid:3666605498,umiaq1969@live.com,Jarrett,Bullock,male,942-233-3278,Cedar Rapids,United States,24394,Kansas,420 Fourth,1945-05-04,2603
crmid:7841300324,cybernetic1871@gmail.com,Inocencia,England,female,928-405-0248,Sedalia,United States,75722,Florida,146 Juanita,1950-04-09,2073
crmid:5984210443,goldfish2055@yandex.com,Neda,Lester,female,939-104-9181,Richardson,United States,15346,Illinois,308 Icehouse,1947-07-17,661
crmid:5826904201,nonfossiliferous2026@outlook.com,Austin,Garcia,male,223-528-8035,Arroyo Grande,United States,05968,Mississippi,18 West Clay,1934-01-11,2950
crmid:3061583688,croteau1800@outlook.com,Brian,Harrell,,955-452-8266,South Bend,United States,94066,Missouri,1310 Whitney Young,1972-07-26,1515
crmid:6137951712,dotted1862@outlook.com,Hyman,Graham,male,027-443-6973,Alice,United States,27950,Pennsylvania,771 Bache,1931-05-12,717
crmid:3379798285,cordaites1930@outlook.com,Dong,Carson,male,630-618-2659,Asheville,United States,16927,Arizona,1336 Mabini,1934-03-05,2872
crmid:9125042417,bargeman1827@yandex.com,Margarito,Silva,,619-629-8406,Palestine,United States,39136,Alabama,1391 Beverly,1969-09-03,2858
crmid:8348796957,delight2012@live.com,Guadalupe,Goff,,082-827-3906,Opelousas,United States,39136,Maryland,991 Aladdin,1978-05-03,1848
crmid:4106046327,arcanal1982@outlook.com,Randal,Flowers,,477-653-5328,Mason,United States,49384,North Carolina,730 Decker,1987-08-29,2495
crmid:8228113695,impertinentness1988@yahoo.com,Terry,Colon,,131-681-5252,Holly Springs,United States,43197,Colorado,249 Cotter,1972-08-10,334
crmid:7394726664,bider1858@yandex.com,Elbert,Nolan,,503-640-1503,Hazelwood,United States,07618,Wyoming,477 Commer,1970-02-06,2103
crmid:4281503492,quantifiers1874@outlook.com,Johnie,Langley,,386-720-3853,Yucca Valley,United States,30375,Rhode Island,1256 Diana,1980-02-13,2119
crmid:3985426536,display2069@yandex.com,Chance,Mccray,,171-214-5112,Rocklin,United States,42202,Minnesota,1307 Twin Peaks,1983-09-09,1983
crmid:2175809516,barbi2031@outlook.com,Elliott,Keith,,070-652-4469,Hialeah Gardens,United States,84943,New Hampshire,684 Breen,1971-04-15,987
crmid:3937873375,thoracic1840@gmail.com,Darrick,Mays,,321-635-1359,Hinsdale,United States,61953,California,936 Marview,1972-11-15,1075
crmid:5500865533,preacquiring1815@gmail.com,Colton,Adams,,076-057-5658,Macon,United States,64510,Alaska,445 Caine,1985-11-21,1442
crmid:1377477727,rugbeian1988@outlook.com,Rocky,Holman,,809-206-0293,Sammamish,United States,41345,Idaho,1350 Allston,1986-10-04,1566
crmid:6731952720,bayard2035@yandex.com,Richie,Petersen,,983-396-2875,Poughkeepsie,United States,79391,Virginia,435 Fargo,1964-06-30,2157
crmid:3616812675,whammo1810@outlook.com,Lazaro,Santos,,154-786-6184,Newport,United States,76677,Wisconsin,1127 Arguello,1997-06-20,759
crmid:4370128488,spiracular1879@yahoo.com,Bruno,Holloway,,886-013-0539,Mesquite,United States,12036,Illinois,1322 Rice,1990-03-29,1384
crmid:5824565916,alexandrite1885@outlook.com,Kindra,Miles,female,083-045-4903,Point Pleasant,United States,71668,New Jersey,349 Armstrong,1954-11-20,1108
crmid:2228177660,theolepsy2004@yahoo.com,Maryalice,Villarreal,female,087-654-9902,Evanston,United States,79939,Arizona,493 Raccoon,1960-12-12,2276
crmid:6413012685,commanding1828@yahoo.com,Colton,Bolton,male,833-655-1104,Arlington Heights,United States,13408,Minnesota,664 Plymouth,1933-02-03,670
crmid:1668976877,armenoid1892@live.com,Bert,Joyce,male,235-870-0583,Bixby,United States,07870,Oklahoma,1187 Morse,1939-01-16,719
crmid:2752459626,fiercely1938@yahoo.com,Ulysses,Robinson,,957-300-7068,Lake Oswego,United States,08667,Minnesota,553 Clarence,1980-02-27,1491
crmid:6477248012,scheduler2031@yahoo.com,Nisha,Keller,female,326-416-7497,Chickasha,United States,84143,Kentucky,980 Mclaren,1947-07-16,399
crmid:1916031255,hypoergic2068@gmail.com,Mack,Maynard,,788-350-7770,Midlothian,United States,50316,Rhode Island,1229 Tulip,1990-09-14,413
crmid:9024454052,chancery1980@outlook.com,Tish,Berg,female,530-812-3976,Colonial Heights,United States,60124,Colorado,260 Brady,1949-10-17,394
crmid:6595273133,dusky1991@yahoo.com,Ferdinand,Silva,male,932-594-1204,Prairie Village,United States,72389,Tennessee,58 Nido,1941-04-27,1521
crmid:8840961762,interhabitation2021@outlook.com,Augustine,Frank,male,138-116-4691,American Fork,United States,05564,Idaho,785 Brookdale,1932-01-10,2770
crmid:5635032688,peculiarizing1820@gmail.com,Isreal,Navarro,male,877-902-4252,Sedalia,United States,02851,Delaware,1140 Adair,1930-12-09,1473
crmid:3841253025,bidens1914@gmail.com,Raymond,Page,,124-643-3983,Lomita,United States,73796,Arizona,1192 Steveloe,1984-12-20,1949
crmid:2844536884,burlie1997@outlook.com,Alexis,Daugherty,male,582-865-1969,Carlsbad,United States,05155,Idaho,587 Habitat,1944-01-07,570
crmid:7428899291,consciences2014@gmail.com,Paul,Rivas,male,290-868-6307,Belvidere,United States,47027,Florida,22 Bitting,1938-08-25,1912
crmid:5733074712,algaesthesis1965@live.com,Keenan,Clarke,,320-724-5964,Galt,United States,20633,Massachusetts,715 Caire,1965-05-23,334
crmid:4759469282,periangioma2018@outlook.com,Bernard,Rosario,,664-565-9467,Walnut Creek,United States,95907,Vermont,697 Ralston,1985-10-11,2541
crmid:2435542881,bellhop1882@live.com,Trey,Watts,,666-676-1890,Tooele,United States,79909,New Jersey,1188 Osgood,1993-01-31,1440
crmid:6006922339,altiplano2026@gmail.com,Jimmy,Bennett,,315-428-6401,Oviedo,United States,83668,Wyoming,124 Linares,1969-02-21,2927
crmid:2657528788,cherish1810@gmail.com,Ward,Mullen,,735-271-2676,Joplin,United States,90661,North Dakota,326 Arguello,1976-04-03,2899
crmid:7502726518,papillon1809@yandex.com,Terrance,Ross,male,001-952-4486,Parkersburg,United States,07164,Alaska,338 Wayne,1934-09-25,2277
crmid:8953340686,washy2020@live.com,Kayleigh,Buckley,female,893-333-3970,Mukilteo,United States,81178,Nebraska,809 Avila,1994-11-06,970
crmid:6518500704,setae1986@gmail.com,Kendall,Nieves,male,329-499-8003,Ada,United States,96133,Kentucky,78 Paradise,1930-06-21,2540
crmid:8349395305,apodeictical1898@outlook.com,Stuart,Macdonald,,806-855-0792,Maryville,United States,70559,Ohio,162 Forest Hill,1987-12-13,2060
crmid:2562526146,molar1914@outlook.com,Modesto,Stuart,,515-707-4840,Hermosa Beach,United States,87980,Utah,251 Woodland,1971-08-23,436
crmid:1055576570,albizzia1916@gmail.com,Marine,Crane,female,451-701-7190,Cupertino,United States,53026,Utah,204 Terry A Francois,1952-09-12,2966
crmid:8422468487,thickened1929@live.com,Francoise,Haynes,female,031-709-0697,Conway,United States,14203,Idaho,274 Opal,1950-03-13,2243
crmid:7856587318,optoelectronic1828@yandex.com,Reynaldo,Rivera,male,817-154-2838,Peachtree City,United States,16710,Kentucky,281 Cielito,1945-12-22,2515
crmid:4850455279,humanitarianism2068@live.com,Rickey,Acevedo,,656-282-5723,Laramie,United States,74884,Nevada,1074 Spears,1980-12-15,513
crmid:9862174095,scintillator2051@gmail.com,Jackie,Johns,,830-268-4277,Pico Rivera,United States,97837,New Jersey,533 C,1988-07-12,663
crmid:8814425541,placekick2011@yandex.com,Michal,Garza,,641-416-6173,Kyle,United States,16714,Illinois,1228 Graystone,1978-03-22,799
crmid:7055012467,ester1824@yahoo.com,Manuel,Whitney,,679-188-4980,Stamford,United States,92399,Missouri,100 Jessie,1962-08-12,1010
crmid:8591439917,hyracina1833@yandex.com,Robbie,Wilcox,male,073-490-5229,Bend,United States,41006,Kentucky,825 Mono,1938-08-31,1648
crmid:2328132222,amused1864@yahoo.com,Lawanna,Gordon,female,690-355-2951,Elyria,United States,22551,Tennessee,1064 Crespi,1959-05-12,2757
crmid:9108903064,dingbats2060@yahoo.com,Carmen,Boyd,,542-837-5374,Milwaukee,United States,85097,Texas,24 Tara,1991-04-18,2444
crmid:1018203350,fribbled1908@gmail.com,Alberto,Vinson,male,987-158-4724,Rutherford,United States,50602,Alaska,90 Grenard,1999-02-01,2951
crmid:9785355481,bergaptene1852@live.com,Paul,Perez,,417-223-1417,South Jordan,United States,66846,Idaho,913 Brush,1986-03-20,536
crmid:5443133282,sanatorium1987@yandex.com,Cherryl,Cortez,female,273-443-3898,Palm Desert,United States,11511,New York,834 Mcdowell,1948-02-07,1840
crmid:7378576605,shivarees1881@live.com,Brain,Higgins,male,840-263-1487,Burbank,United States,06554,Minnesota,377 Arelious Walker,1942-01-14,951
crmid:6838270352,jazzing1958@yahoo.com,Caterina,Rodriquez,female,827-045-6512,Van Buren,United States,19754,Kansas,201 Miles,1949-12-30,2131
crmid:4069705316,donga1933@outlook.com,Blake,Raymond,,647-222-6596,Walker,United States,45894,Arkansas,1278 Yukon,1988-10-29,2928
crmid:5755132183,topos1926@yandex.com,Sheldon,Knowles,male,875-978-4571,Arroyo Grande,United States,78576,Virginia,41 Stoneridge,1934-09-16,2909
crmid:9463286093,biggers1930@outlook.com,Jessie,Callahan,,573-548-3843,Northport,United States,32036,Vermont,426 Hunter,1999-07-18,844
crmid:5365239539,agamic1960@outlook.com,Nestor,Hancock,,173-445-5230,New Lenox,United States,78993,Georgia,764 Pulaski,1996-06-28,1174
crmid:3682350425,agitprop1895@yandex.com,Marcelo,Santos,,878-812-5356,Knoxville,United States,59089,Kansas,1245 Piper,1978-09-25,2308
crmid:7103174766,drift1840@yahoo.com,Conrad,Crosby,,898-121-5328,Holladay,United States,85679,Indiana,492 Isadora Duncan,1972-11-18,913
crmid:7010217912,boyscout2025@outlook.com,Monet,Stone,female,560-713-6755,Spartanburg,United States,53588,New Hampshire,1137 South Hill,1996-04-13,2480
crmid:7448527689,pleurotoma2059@gmail.com,Teodoro,Cabrera,,966-118-3349,Pekin,United States,76350,North Carolina,1293 Thornburg,1981-10-03,2492
crmid:1181266165,bider1916@yandex.com,Vannessa,Best,female,106-531-1365,Cornelius,United States,52210,Tennessee,1173 Loma Vista,1950-09-03,1380
crmid:5745501629,downhills1963@yandex.com,Alberto,Dyer,,783-486-5541,Vista,United States,83301,Massachusetts,621 Bartol,1972-06-03,2931
crmid:5700354988,disilane1829@yahoo.com,Bryant,Hughes,,016-850-8860,Lynbrook,United States,38039,Arkansas,951 Cabrillo,1985-07-11,1776
crmid:7869400845,avernal2029@live.com,Eddy,Phillips,male,459-072-5931,Augusta,United States,67184,North Carolina,1139 Hoffman,1935-11-06,2344
crmid:3541933377,unzips1859@live.com,Demetrice,Mullen,female,177-643-2239,Colonial Heights,United States,14411,Wisconsin,1268 Whittier,1949-02-21,1063
crmid:1515094968,pancreatitis1818@yahoo.com,Georgiann,Mckenzie,female,145-928-9695,Cleveland Heights,United States,17970,Arkansas,655 Fairfield,1948-03-19,974
crmid:7967022301,irregular1900@outlook.com,Chadwick,Dillon,,598-403-2754,Plantation,United States,53469,Kansas,215 Toll Plaza Tunnel,1975-05-14,1840
crmid:5767573982,ravish2008@yandex.com,Aron,Charles,,470-787-7421,Wheaton,United States,95337,Hawaii,1399 Gay,1998-11-12,2165
crmid:8352141540,acubens1800@gmail.com,Shaun,Walsh,female,532-543-3615,Corvallis,United States,40053,Maine,1133 Parkridge,1951-08-30,1544
crmid:1717184988,lemur2065@outlook.com,Kourtney,Vasquez,female,780-774-8885,Chicago,United States,27975,Georgia,1092 Tompkins,1947-05-29,1915
crmid:2812624155,annihilates2005@yahoo.com,Bunny,Bray,female,086-901-8403,Corvallis,United States,03640,Indiana,257 Sharon,1951-01-04,1627
crmid:6402058029,insurgently1827@outlook.com,Howard,Rasmussen,,591-288-7484,Provo,United States,31476,Arkansas,355 Taylor,1971-10-07,1123
crmid:4102263815,socked1957@outlook.com,Arlen,Brennan,,004-283-7856,Rahway,United States,66027,Connecticut,1149 Lloyd,1968-02-22,1673
crmid:7805686986,inexplicit1843@outlook.com,Korey,Jefferson,male,351-399-9725,Casa Grande,United States,35035,Hawaii,670 Paris,1945-06-15,392
crmid:8326447996,barnstormer1907@yandex.com,Kerry,Mcbride,male,151-785-5696,Camden,United States,75221,Oklahoma,917 Entrada,1943-12-11,978
crmid:8318104570,towelette1973@live.com,Dominic,Pope,,353-595-0738,Hinesville,United States,26572,Wyoming,670 Meacham,1972-05-22,2249
crmid:2844581437,benefactory1824@gmail.com,Travis,Hall,male,406-552-7273,Agoura Hills,United States,50503,Wisconsin,1046 Keith,1930-09-12,852
crmid:8534274072,rec1812@live.com,Ned,Dunlap,,686-945-0371,Lake Jackson,United States,63374,New Mexico,1150 Pleasant,1980-11-18,843
crmid:3886113036,soh2065@yandex.com,Joel,Andrews,,658-519-4220,Long Branch,United States,84030,West Virginia,573 Tonquin,1984-11-15,1745
crmid:2749177896,cooling2051@yandex.com,Lyndon,Phelps,male,116-880-3328,Berwyn,United States,36164,California,943 Corbett,1938-06-23,2701
crmid:9254762734,yaird2045@yandex.com,Jesus,Michael,,284-260-0234,Sachse,United States,32380,Pennsylvania,463 Sherwood,1979-01-09,321
crmid:5784377095,papain1924@gmail.com,Daniel,Pena,,360-518-4730,Port Chester,United States,43760,Kansas,653 Castro,1982-06-07,1093
crmid:7541964415,spermophile1807@live.com,Elanor,Davis,female,744-731-6490,North Platte,United States,77824,Alabama,846 Baywood,1999-12-06,985
crmid:7726072810,dingley1802@yandex.com,Alvaro,Hester,,027-101-8346,New Bedford,United States,86260,Alaska,326 Peters,1995-06-22,512
crmid:7269322497,unlassoed1951@live.com,Lesia,Durham,female,514-426-2975,Soledad,United States,91394,Wisconsin,1218 Laskie,1948-10-10,2745
crmid:2351771200,browning1887@yandex.com,Hank,Galloway,,334-982-9509,Oregon,United States,38322,Virginia,1316 Veterans,1972-02-28,567
crmid:2547085507,lallans1855@yahoo.com,Aaron,Becker,female,141-919-9039,Elk Grove,United States,07165,Washington,106 Pershing,1959-01-02,1695
crmid:2444862157,dryers1959@yahoo.com,Reyes,Snider,,895-604-5088,Port St. Lucie,United States,77634,Texas,1313 Mallorca,1990-12-05,1163
crmid:1238410087,minima2004@yandex.com,Jules,Patton,,527-553-6304,South El Monte,United States,79943,Hawaii,871 Parkhurst,1987-04-30,1878
crmid:5270677151,sillago1960@outlook.com,Patricia,Barker,male,725-199-9798,Perrysburg,United States,64595,Massachusetts,566 Jones,1942-08-02,1821
crmid:8322278372,unfailed2046@outlook.com,Ward,Luna,male,012-748-5036,Westmont,United States,90575,Utah,986 Sibert,1932-10-18,2249
crmid:7649414432,butta2069@yahoo.com,Phung,Gonzales,female,019-025-3884,Upper Arlington,United States,13950,Idaho,366 Jack Balestreri,1949-07-11,858
crmid:9233040750,heteroclinous1961@live.com,Riley,Gregory,male,361-321-7870,Bellwood,United States,44776,Delaware,704 Edith,1937-08-12,2434
crmid:4173469512,ungrappling2053@yandex.com,Azucena,Petersen,female,992-835-1774,Sioux Falls,United States,10147,Massachusetts,546 Behr,1951-01-23,2309
crmid:5530469078,mothball1878@yandex.com,Willy,Michael,,362-245-6710,Winter Haven,United States,83977,Pennsylvania,977 Granville,1979-05-31,736
crmid:9632627406,beelol1914@gmail.com,Johnathon,Baird,,811-076-9242,Ypsilanti,United States,41000,New York,455 Green,1989-09-07,2697
crmid:1399767096,gazelle2048@yahoo.com,Lavonna,Steele,female,519-164-4906,Desert Hot Springs,United States,22645,Illinois,360 Garrison,1954-05-28,947
crmid:9246542148,edomitish1915@yahoo.com,Jonas,Wood,,127-916-9378,Memphis,United States,49327,Iowa,564 Dawnview,1989-07-01,700
crmid:8290435721,anvil2030@yahoo.com,Lindsay,Lambert,male,879-093-3551,Seaside,United States,70562,West Virginia,1310 Rotteck,1934-06-17,2257
crmid:5629277730,coventries2017@live.com,Rodger,Watson,,325-361-0938,San Antonio,United States,30464,West Virginia,655 Quintara,1975-06-01,2427
crmid:3162582481,archeus1813@yandex.com,Theola,Bennett,female,245-329-9072,Fairmont,United States,51979,Maine,488 Pizarro,1961-09-02,1276
crmid:7634336425,capelin1966@gmail.com,Riley,Snyder,male,856-702-8440,St. Matthews,United States,08788,Oregon,1000 Gold Mine,1941-08-27,2307
crmid:9795951654,bolete1887@gmail.com,Salome,Tate,female,168-184-0748,Creve Coeur,United States,48118,Idaho,1248 Fairmount,1951-08-28,1284
crmid:9614780171,lariated2038@yandex.com,Harry,Fernandez,,146-999-2816,Los Angeles,United States,54214,Delaware,886 Ramona,1984-09-13,1758
crmid:5713903979,electrolysis1879@live.com,Nathanial,Zimmerman,,349-592-2951,Ferguson,United States,75244,Vermont,653 Dudley,1962-11-19,1716
crmid:5603020105,scandalisation2053@outlook.com,Jacob,Wiley,,073-103-3378,San Antonio,United States,30254,Virginia,457 Baltimore,1968-05-03,793
crmid:8137570088,afterfuture2021@live.com,Vivien,Dunn,female,911-534-2776,Rochester Hills,United States,12449,Florida,1098 Espanola,1949-09-09,1667
crmid:6680293404,completer1979@yahoo.com,Florencio,Russell,,208-204-2589,Macomb,United States,14972,Kentucky,718 Pretor,1985-02-19,2216
crmid:3356830023,bicamerist1804@outlook.com,Priscila,Carver,female,844-769-1239,Corinth,United States,61808,Montana,934 Silver,1950-11-14,2449
crmid:2505949321,elevatory1961@yahoo.com,Eldridge,Mooney,,788-451-7574,Huntington Beach,United States,25646,Massachusetts,933 Parker,1974-04-10,2407
crmid:5576611500,uncassock1962@yahoo.com,Numbers,Hammond,male,597-732-7434,Waxahachie,United States,84335,Massachusetts,515 Gilman,1931-07-12,1358
crmid:8564587097,cannibal1920@live.com,George,Richard,,120-525-6499,Hackensack,United States,08242,Idaho,524 La Salle,1969-01-06,887
crmid:2530146973,stong1949@live.com,Caleb,Mathews,male,523-918-5279,Central Point,United States,03252,Minnesota,327 Bernal Heights,1945-02-18,1155
crmid:5255433725,us1905@gmail.com,Greg,Nolan,,463-269-0630,Homewood,United States,47161,Indiana,913 Russ,1973-08-23,2370
crmid:6047052132,carayan1974@outlook.com,Rolf,Nguyen,,595-897-5434,Lawrenceville,United States,18847,Hawaii,1222 Meade,1981-03-07,2001
crmid:9620639541,byran1926@yahoo.com,An,Todd,female,937-254-7582,Charlottesville,United States,03607,West Virginia,521 Converse,1946-01-29,1898
crmid:6706870870,divots1831@yandex.com,Delila,Jackson,female,990-617-7098,Denton,United States,18139,Arkansas,174 Cyril Magnin,1954-02-15,1350
crmid:6527549981,crocky2035@gmail.com,Deloras,Dean,female,895-403-8414,Chambersburg,United States,97269,New Jersey,1266 Poppy,1946-12-04,2410
crmid:1975818417,dalcassian1847@outlook.com,Toney,Palmer,,710-876-1001,Lexington,United States,73557,Tennessee,971 Danvers,1982-12-01,2558
crmid:3314501441,profaners1853@yandex.com,Lucius,Mcmillan,male,990-861-1628,Bellflower,United States,32633,Idaho,967 Brewster,1937-06-20,2028
crmid:4218227307,unideographically1981@yandex.com,Toshia,Dale,female,813-296-7121,Solon,United States,51213,Kansas,300 Coleman,1950-09-07,626
crmid:4133171398,arbacia2014@outlook.com,Annis,Chambers,female,180-129-1760,Collinsville,United States,50178,Texas,1153 Prescott,1949-09-23,2207
crmid:4623119979,donatistical1858@yandex.com,Tristan,O'neal,,417-642-5794,Hammond,United States,16251,Utah,1219 Commonwealth,1969-03-19,2428
crmid:6520824523,blacktongue1953@outlook.com,Myrl,O'donnell,female,079-304-9698,Valdosta,United States,93620,Virginia,192 Mary Teresa,1950-07-22,1678
crmid:1035460520,brushwood1906@live.com,Pearle,Arnold,female,766-208-3106,Coconut Creek,United States,50982,Virginia,1363 Crissy Field,1949-10-13,1718
crmid:2485162459,locoed1872@gmail.com,Garret,Dickson,male,780-147-8604,Waxahachie,United States,02017,Arizona,649 Bret Harte,1931-04-08,2866
crmid:4515915548,photon1920@yahoo.com,Zachary,Baird,,708-978-3626,Mentor,United States,81532,Wyoming,93 Breen,1989-05-06,2456
crmid:7195773835,vegan1888@live.com,Erwin,Nelson,male,709-269-9365,Phoenix,United States,08631,Maine,864 Candlestick Cove,1938-10-29,1090
crmid:7347697758,squamosozygomatic1819@outlook.com,Ryan,Yang,male,070-392-2717,Sedalia,United States,09963,New Mexico,1276 Battery Dynamite,1931-12-31,647
crmid:2546048960,trickiness1800@yahoo.com,Asa,Levine,,797-971-6969,Madera,United States,49606,Arkansas,100 Acevedo,1985-07-26,1598
crmid:6419630272,quassiin1900@yahoo.com,Carroll,Marsh,male,415-277-4247,Southfield,United States,09082,South Carolina,926 Francisco,1935-10-03,1037
crmid:8113480571,annum1862@yandex.com,Morton,Gomez,,893-250-7568,Riverbank,United States,48249,Utah,439 Cosmo,1987-03-28,579
crmid:5566065051,diploplaculate1967@gmail.com,Kimbery,Lindsay,female,424-964-9774,Shelton,United States,66651,Ohio,415 San Felipe,1953-11-09,1293
crmid:7041509477,peristylium1983@live.com,Randy,Holloway,,361-476-5166,Garfield Heights,United States,74148,Nebraska,736 Uranus,1965-08-17,2406
crmid:7449445926,ecocide1950@live.com,Tomoko,Montoya,female,493-591-7962,Murrysville,United States,77946,Maine,970 Oakdale,1994-12-08,1886
crmid:9680516406,profaners1852@live.com,Tiffiny,Livingston,female,515-231-2836,Corcoran,United States,57736,Pennsylvania,501 Visitacion,1950-09-17,655
crmid:2599214825,exhibits1890@yahoo.com,Lou,Warren,,751-266-5458,Kirkwood,United States,09931,Ohio,859 Weldon,1978-01-05,1718
crmid:5437694786,bagrationite1850@live.com,Heath,Cantrell,,999-674-2345,Gretna,United States,23240,Illinois,1302 Argonaut,1968-05-27,1815
crmid:8262873959,exterminatress1809@live.com,Jerrod,Mccarty,,362-051-0439,Gardena,United States,50451,Alaska,672 Santos,1965-09-18,2553
crmid:2780144666,sokols1999@outlook.com,Davis,Mayo,male,017-794-9197,Xenia,United States,91554,Wyoming,1377 Forest View,1938-03-19,1948
crmid:9621774276,prelacy2023@outlook.com,Xiao,Williamson,female,174-897-7564,Edina,United States,55881,Washington,948 Timothy Pflueger,1958-09-19,2902
crmid:8213281047,chandan1878@outlook.com,Hank,Ross,,191-064-9581,Montclair,United States,33773,Kentucky,177 Felix,1992-06-01,1404
crmid:3633557120,sexillion1820@yahoo.com,Clifton,O'brien,,599-567-1169,Griffin,United States,62813,South Dakota,147 Bay Shore,1968-11-23,2494
crmid:3316805115,jurisdictional2020@live.com,Ivan,Poole,,608-174-7585,North Port,United States,49527,Georgia,1084 Redondo,1999-07-15,2910
crmid:9480328376,wound1905@yahoo.com,Sam,Henson,,123-133-3763,Sayreville,United States,57255,Montana,422 Lake,1995-08-25,1481
crmid:2118038669,whitier2063@yahoo.com,Dave,Gallegos,,090-013-5224,Havelock,United States,09179,North Carolina,5 Mountain Spring,1970-02-01,1203
crmid:8863665549,scrag1816@gmail.com,Darrel,Chapman,male,994-542-6638,Baldwin Park,United States,10763,North Carolina,91 Ripley,1935-03-06,1659
crmid:2604837852,brither2022@live.com,Joey,Bender,,843-520-9891,Keller,United States,27403,Nevada,4 Cambon,1977-05-27,1178
crmid:7113085069,broking1898@yahoo.com,Valentin,Sampson,male,219-622-9669,Cedar Hill,United States,53121,Vermont,484 Garlington,1945-09-26,2985
crmid:1389705670,antifowl1999@yahoo.com,Norbert,Rose,,935-321-5159,Providence,United States,35247,Mississippi,799 Pelican Cove,1979-09-01,1930
crmid:9317582932,prissy1834@outlook.com,Carrol,Wall,,275-269-5479,Lewisville,United States,65832,Wyoming,1130 Candlewood,1982-10-27,2321
crmid:8602510636,meteorology1912@yandex.com,Stacy,Casey,male,296-559-2822,Brooklyn Center,United States,57555,Georgia,1181 Truby,1942-09-05,1324
crmid:7821952229,shadowgraphy2028@yahoo.com,Gonzalo,Dalton,,554-753-2318,St. Petersburg,United States,47222,Maine,201 Rondel,1989-07-26,2704
crmid:4575249484,transchannel1960@yandex.com,Pierre,Haynes,male,594-960-4595,Americus,United States,42396,Vermont,971 Sagamore,1932-08-13,1565
crmid:5246083589,balatron2023@yandex.com,Joesph,Berger,,795-328-1571,Milwaukie,United States,17732,Minnesota,801 Richards,1991-04-05,891
crmid:4872517798,goose1843@outlook.com,Chong,Rivera,,229-595-0776,McAlester,United States,40749,South Carolina,1103 Josepha,1988-08-19,434
crmid:6854674232,science1870@yahoo.com,Daina,Arnold,female,122-044-5731,Naperville,United States,21211,Indiana,3 Josiah,1995-04-22,1540
crmid:6074030774,chicken1832@outlook.com,Wava,Patrick,female,658-361-1771,Rutland,United States,16507,Delaware,803 Charter Oak,1951-09-23,519
crmid:3920891260,aesthesodic1952@live.com,Justin,Merritt,,750-857-2710,Williamsport,United States,98039,Kansas,172 Lee,1966-01-02,1011
crmid:5052445663,cobblerless2012@yandex.com,Sydney,Wall,,759-196-8167,La Mirada,United States,14893,Colorado,224 Cerritos,1978-03-28,2761
crmid:8403454234,sidebones1987@yandex.com,Edmund,Griffith,,280-501-6122,San Jose,United States,94871,Vermont,1159 El Camino Del Mar,1988-02-28,1782
crmid:9591045597,colon2061@outlook.com,Raphael,Stuart,,860-354-2068,Longview,United States,80845,North Carolina,1163 Beatrice,1984-08-03,601
crmid:1206891111,caseloads2021@outlook.com,Dyan,Murray,female,274-029-5279,Cooper City,United States,15267,Massachusetts,972 Filbert,1950-03-21,669
crmid:2251099489,pupillonian1830@yahoo.com,Caroll,Ellison,female,278-835-3638,Elizabethtown,United States,90202,West Virginia,182 Thornton,1959-11-03,868
