id,transactionID,crmid,timestamp,orderType,transactionSKU,transactionName,transactionType,transactionOwnership,transactionAction,transactionMethod,transactionAmount,transactionFlag
a70bd0da-942f-11ea-a4fc-b88a60e194fb,transactionid:501997,crmid:8295310384,2020-02-16T07:51:24.000Z,transaction - mobile,prd1138,Money Market Savings,Savings,Personal,credit,call center,2961.25,1
a70d58a4-942f-11ea-988c-b88a60e194fb,transactionid:961386,crmid:5426331396,2020-02-23T20:08:24.000Z,transaction - mobile,prd1003,Premium Checking,Checking,Personal,credit,call center,4673.93,1
a70e9008-942f-11ea-8a6e-b88a60e194fb,transactionid:582684,crmid:3842764581,2020-02-21T03:01:38.000Z,transaction - mobile,prd1120,Mortgage: 10/1 ARM,Mortgage,Personal,credit,ATM,2832.68,1
a70fdc28-942f-11ea-80b2-b88a60e194fb,transactionid:224335,crmid:5826912861,2020-02-27T03:24:00.000Z,transaction - mobile,prd1008,Traditional IRA,Retirement,Personal,credit,mobile,1340.89,1
a7113c1e-942f-11ea-80c7-b88a60e194fb,transactionid:810004,crmid:7548063111,2020-02-29T07:41:02.000Z,transaction - mobile,prd1099,High Interest Savings,Savings,Personal,debt,branch,4431.63,1
a712aeb4-942f-11ea-a2db-b88a60e194fb,transactionid:626689,crmid:6165472684,2020-02-19T11:39:23.000Z,transaction - mobile,prd1042,Roth IRA,Retirement,Personal,credit,mobile,2904.65,1
a713d426-942f-11ea-999e-b88a60e194fb,transactionid:333456,crmid:9822320524,2020-02-19T17:17:21.000Z,transaction - mobile,prd1043,Business Savings,Savings,Business,credit,call center,3270.98,1
a7155a6e-942f-11ea-98ce-b88a60e194fb,transactionid:829713,crmid:5786655267,2020-02-27T10:13:50.000Z,transaction - mobile,prd1057,Student Card,Credit Card,Personal,credit,call center,2343.39,1
a716cd42-942f-11ea-a1a8-b88a60e194fb,transactionid:405529,crmid:4333330328,2020-02-21T01:08:45.000Z,transaction - mobile,prd1013,Mortgage: FHA,Mortgage,Personal,credit,ATM,2608.57,1
a718676c-942f-11ea-8b17-b88a60e194fb,transactionid:742987,crmid:7157658703,2020-02-28T04:25:31.000Z,transaction - mobile,prd1158,Preferred Checking,Checking,Personal,credit,broker,3032.54,1
a7198dec-942f-11ea-8fe2-b88a60e194fb,transactionid:842589,crmid:8133470437,2020-02-23T13:27:00.000Z,transaction - mobile,prd1102,Everyday Savings,Savings,Personal,credit,call center,512518.95,1
a71b26b6-942f-11ea-8328-b88a60e194fb,transactionid:514330,crmid:2900674998,2020-02-18T16:52:40.000Z,transaction - mobile,prd1010,529 College Savings,College Savings,Personal,credit,mobile,3241.37,1
a71c7294-942f-11ea-bca0-b88a60e194fb,transactionid:345786,crmid:7651932921,2020-02-19T03:11:00.000Z,transaction - mobile,prd1076,Student Savings,Savings,Personal,credit,mobile,511492.88,1
a71e2052-942f-11ea-b069-b88a60e194fb,transactionid:129056,crmid:9253869745,2020-02-18T21:59:26.000Z,transaction - mobile,prd1159,CDs: 3 month,Investment,Personal,credit,mobile,3012.94,1
a71fba7a-942f-11ea-bfa5-b88a60e194fb,transactionid:664433,crmid:7488641946,2020-02-23T14:12:21.000Z,transaction - mobile,prd1031,Business Loan,Loan,Business,credit,ATM,4350.65,1
a7211a08-942f-11ea-bd3e-b88a60e194fb,transactionid:983440,crmid:3009818487,2020-02-28T15:26:10.000Z,transaction - mobile,prd1086,Auto Insurance,Insurance,Personal,credit,broker,2458.99,1
a722c840-942f-11ea-9b80-b88a60e194fb,transactionid:550358,crmid:8281769753,2020-02-25T19:42:09.000Z,transaction - mobile,prd1103,Business Card,Credit Card,Business,credit,ATM,4756.85,1
a7249c88-942f-11ea-a658-b88a60e194fb,transactionid:123063,crmid:6674161800,2020-02-21T02:11:24.000Z,transaction - mobile,prd1177,Personal Loan,Loan,Personal,credit,call center,2929.62,1
a7260f8c-942f-11ea-b00d-b88a60e194fb,transactionid:528837,crmid:4495795987,2020-02-24T11:30:46.000Z,transaction - mobile,prd1005,Everyday Savings,Savings,Personal,credit,call center,3210.11,1
a727961c-942f-11ea-b775-b88a60e194fb,transactionid:544183,crmid:8667470662,2020-02-22T05:23:33.000Z,transaction - mobile,prd1173,Money Market,Investment,Personal,credit,call center,2173.94,1
a728e23a-942f-11ea-a6f6-b88a60e194fb,transactionid:997405,crmid:7046684702,2020-02-16T13:48:36.000Z,transaction - mobile,prd1161,Business Checking,Checking,Business,credit,broker,3019.59,1
a72a1ab8-942f-11ea-87f0-b88a60e194fb,transactionid:421541,crmid:1902905677,2020-02-26T07:21:08.000Z,transaction - mobile,prd1049,Business Brokerage Account,Investment,Business,credit,call center,3685.5,1
a72b5474-942f-11ea-b44e-b88a60e194fb,transactionid:770743,crmid:3875148355,2020-02-24T23:48:58.000Z,transaction - mobile,prd1106,Business Loan,Loan,Business,credit,call center,3889.29,1
a72d025e-942f-11ea-8a20-b88a60e194fb,transactionid:146171,crmid:2265866926,2020-02-24T21:58:49.000Z,transaction - mobile,prd1007,Health Savings,Savings,Personal,credit,call center,2798.65,1
a72e4ef6-942f-11ea-a650-b88a60e194fb,transactionid:705937,crmid:2323983986,2020-02-18T21:05:27.000Z,transaction - mobile,prd1040,High Interest Savings,Savings,Personal,credit,branch,3214.28,1
a72f71e4-942f-11ea-b92d-b88a60e194fb,transactionid:808500,crmid:5576763821,2020-02-24T05:29:12.000Z,transaction - mobile,prd1170,Mortgage Insurance,Insurance,Personal,credit,call center,3983.1,1
a7307114-942f-11ea-add5-b88a60e194fb,transactionid:458440,crmid:8420536799,2020-02-17T18:23:11.000Z,transaction - mobile,prd1146,529 College Savings,College Savings,Personal,credit,call center,2810.8,1
a731960a-942f-11ea-80ac-b88a60e194fb,transactionid:915506,crmid:7796937627,2020-02-27T03:59:18.000Z,transaction - mobile,prd1139,Employee Stock Purchase Plans,Investment,Personal,credit,mobile,2148.94,1
a73293fa-942f-11ea-ba01-b88a60e194fb,transactionid:466438,crmid:9656017890,2020-02-16T17:04:23.000Z,transaction - mobile,prd1046,Mortgage: VA,Mortgage,Personal,credit,call center,2367.1,1
a733f23a-942f-11ea-82ac-b88a60e194fb,transactionid:570173,crmid:9634849781,2020-02-15T20:10:38.000Z,transaction - mobile,prd1194,Preferred Checking,Checking,Personal,credit,ATM,2295.86,1
a7353f64-942f-11ea-a466-b88a60e194fb,transactionid:418331,crmid:3833668196,2020-02-27T01:34:56.000Z,transaction - mobile,prd1104,Health Savings,Savings,Personal,credit,mobile,2068.09,1
a7367834-942f-11ea-a91c-b88a60e194fb,transactionid:156119,crmid:6301865313,2020-02-17T00:01:31.000Z,transaction - mobile,prd1114,CDs: 3 month,Investment,Personal,credit,call center,3034.93,1
a737749a-942f-11ea-99ae-b88a60e194fb,transactionid:829387,crmid:1204902646,2020-02-19T01:20:08.000Z,transaction - mobile,prd1080,Mortgage Insurance,Insurance,Personal,debt,call center,4077.35,1
a7389aa8-942f-11ea-a711-b88a60e194fb,transactionid:702162,crmid:8076301149,2020-02-25T16:50:22.000Z,transaction - mobile,prd1030,401k,Retirement,Personal,debt,call center,1980.27,1
a73998b4-942f-11ea-bc29-b88a60e194fb,transactionid:124101,crmid:9935579114,2020-02-22T16:22:38.000Z,transaction - mobile,prd1030,401k,Retirement,Personal,debt,ATM,4673.94,1
a73b58e2-942f-11ea-aaff-b88a60e194fb,transactionid:209432,crmid:5943780385,2020-02-19T13:04:46.000Z,transaction - mobile,prd1022,Auto Loan,Loan,Personal,credit,call center,3896.31,1
a73d68a8-942f-11ea-98c1-b88a60e194fb,transactionid:226219,crmid:6129673971,2020-02-19T00:33:39.000Z,transaction - mobile,prd1146,529 College Savings,College Savings,Personal,credit,mobile,3643.03,1
a73f1734-942f-11ea-906a-b88a60e194fb,transactionid:634168,crmid:5108553909,2020-02-16T17:10:25.000Z,transaction - mobile,prd1075,Student Savings,Savings,Personal,credit,mobile,2841.66,1
a7404f8c-942f-11ea-a45d-b88a60e194fb,transactionid:449782,crmid:7310290594,2020-02-20T16:55:48.000Z,transaction - mobile,prd1009,Everyday Checking,Checking,Personal,credit,call center,3317.57,1
a74187f4-942f-11ea-a175-b88a60e194fb,transactionid:830869,crmid:3040533928,2020-02-19T18:02:24.000Z,transaction - mobile,prd1099,High Interest Savings,Savings,Personal,debt,broker,2950.06,1
a742ad1c-942f-11ea-9a72-b88a60e194fb,transactionid:408407,crmid:8444501332,2020-02-21T00:56:40.000Z,transaction - mobile,prd1009,Everyday Checking,Checking,Personal,credit,mobile,3610.64,1
a7442052-942f-11ea-ac2e-b88a60e194fb,transactionid:705382,crmid:2757641314,2020-02-29T05:52:31.000Z,transaction - mobile,prd1076,Student Savings,Savings,Personal,credit,ATM,1510.86,1
a7455754-942f-11ea-b33e-b88a60e194fb,transactionid:621759,crmid:8793578931,2020-02-17T16:31:08.000Z,transaction - mobile,prd1161,Business Checking,Checking,Business,credit,broker,3754.07,1
a746a500-942f-11ea-a2d9-b88a60e194fb,transactionid:624436,crmid:5513906715,2020-02-28T19:55:26.000Z,transaction - mobile,prd1026,Mortgage: 5/1 ARM,Mortgage,Personal,credit,mobile,2782.18,1
a747c9cc-942f-11ea-9769-b88a60e194fb,transactionid:555891,crmid:1169623006,2020-02-24T00:57:31.000Z,transaction - mobile,prd1081,Simplicity Card,Credit Card,Personal,credit,mobile,4292.97,1
a749024a-942f-11ea-99f6-b88a60e194fb,transactionid:652747,crmid:8482674025,2020-02-21T15:14:36.000Z,transaction - mobile,prd1047,Mortgage: 10 yr Fixed,Mortgage,Personal,credit,ATM,4478.05,1
a74a39ae-942f-11ea-bbdc-b88a60e194fb,transactionid:731461,crmid:9720070366,2020-02-20T16:24:14.000Z,transaction - mobile,prd1178,Everyday Savings,Savings,Personal,credit,call center,3060.46,1
a74b71e6-942f-11ea-a8cf-b88a60e194fb,transactionid:241414,crmid:4997600475,2020-02-25T14:11:41.000Z,transaction - mobile,prd1161,Business Checking,Checking,Business,debt,call center,349288.76,1
a74cd1e8-942f-11ea-b3d3-b88a60e194fb,transactionid:455010,crmid:9122310582,2020-02-18T16:05:54.000Z,transaction - mobile,prd1126,Merchant Services Account,Merchant Services,Business,credit,call center,2013.34,1
a74e446e-942f-11ea-91d7-b88a60e194fb,transactionid:379592,crmid:7725969309,2020-02-24T03:21:05.000Z,transaction - mobile,prd1020,Everyday Savings,Savings,Personal,close,call center,3354.84,1
a74f9194-942f-11ea-a64d-b88a60e194fb,transactionid:943586,crmid:4869719811,2020-02-18T19:27:37.000Z,transaction - mobile,prd1039,Dividend Card,Credit Card,Personal,credit,call center,4275.43,1
a750dd40-942f-11ea-89f0-b88a60e194fb,transactionid:785890,crmid:4710512712,2020-02-22T04:41:58.000Z,transaction - mobile,prd1113,Personal Loan,Loan,Personal,credit,mobile,3338.56,1
a75202e2-942f-11ea-bcdd-b88a60e194fb,transactionid:980121,crmid:4287365097,2020-02-23T00:54:00.000Z,transaction - mobile,prd1162,High Interest Savings,Savings,Personal,credit,broker,2662.96,1
a7533b46-942f-11ea-be25-b88a60e194fb,transactionid:255131,crmid:5055285758,2020-02-28T06:56:59.000Z,transaction - mobile,prd1096,Renter's Insurance,Insurance,Personal,credit,mobile,2564.62,1
a75487b6-942f-11ea-8cff-b88a60e194fb,transactionid:756616,crmid:3383858574,2020-02-18T03:46:08.000Z,transaction - mobile,prd1102,Everyday Savings,Savings,Personal,credit,call center,2043.6,1
a7558502-942f-11ea-a7ea-b88a60e194fb,transactionid:892089,crmid:3280381112,2020-02-16T22:13:45.000Z,transaction - mobile,prd1190,Premium Checking,Checking,Personal,debt,ATM,3849.91,1
a756830a-942f-11ea-a3fd-b88a60e194fb,transactionid:225390,crmid:5627518027,2020-02-24T09:51:38.000Z,transaction - mobile,prd1161,Business Checking,Checking,Business,close,ATM,2674.26,1
a757a7f8-942f-11ea-a30f-b88a60e194fb,transactionid:270218,crmid:5016099224,2020-02-28T14:14:58.000Z,transaction - mobile,prd1057,Student Card,Credit Card,Personal,credit,branch,3849.39,1
a7589262-942f-11ea-8d88-b88a60e194fb,transactionid:621767,crmid:7912251015,2020-02-15T19:49:42.000Z,transaction - mobile,prd1029,401k,Retirement,Personal,credit,branch,3784.93,1
a759b73e-942f-11ea-95dc-b88a60e194fb,transactionid:296618,crmid:7618280045,2020-02-19T10:38:16.000Z,transaction - mobile,prd1010,529 College Savings,College Savings,Personal,credit,call center,2877.04,1
a75ab51c-942f-11ea-86a6-b88a60e194fb,transactionid:271437,crmid:4043139581,2020-02-24T04:36:59.000Z,transaction - mobile,prd1080,Mortgage Insurance,Insurance,Personal,credit,mobile,3542.75,1
a75bc590-942f-11ea-8fff-b88a60e194fb,transactionid:199239,crmid:9811377932,2020-02-29T20:32:04.000Z,transaction - mobile,prd1076,Student Savings,Savings,Personal,credit,mobile,3137.77,1
a75ceb78-942f-11ea-9084-b88a60e194fb,transactionid:863853,crmid:5356212219,2020-02-23T10:01:00.000Z,transaction - mobile,prd1128,High Interest Savings,Savings,Personal,credit,broker,3339.79,1
a75dfcde-942f-11ea-8ad8-b88a60e194fb,transactionid:491514,crmid:4779919049,2020-02-25T01:46:02.000Z,transaction - mobile,prd1138,Money Market Savings,Savings,Personal,credit,mobile,3050.84,1
a75f0edc-942f-11ea-a1cc-b88a60e194fb,transactionid:585574,crmid:7260655996,2020-02-28T02:36:40.000Z,transaction - mobile,prd1190,Premium Checking,Checking,Personal,close,mobile,3587.6,1
a7600cd2-942f-11ea-b199-b88a60e194fb,transactionid:814937,crmid:3849041151,2020-02-19T17:13:09.000Z,transaction - mobile,prd1180,529 College Savings,College Savings,Personal,credit,ATM,3380.03,1
a761451c-942f-11ea-b933-b88a60e194fb,transactionid:327541,crmid:7597421241,2020-02-26T00:39:14.000Z,transaction - mobile,prd1128,High Interest Savings,Savings,Personal,credit,mobile,2810.66,1
a7621bfa-942f-11ea-b961-b88a60e194fb,transactionid:517546,crmid:1316844372,2020-02-20T12:51:51.000Z,transaction - mobile,prd1171,Personal Loan,Loan,Personal,credit,branch,2164.23,1
a76319e4-942f-11ea-9d5f-b88a60e194fb,transactionid:728126,crmid:1167726570,2020-02-25T23:19:41.000Z,transaction - mobile,prd1027,Mortgage: 30-yr Fixed,Mortgage,Personal,credit,branch,2879.88,1
a7642b52-942f-11ea-8848-b88a60e194fb,transactionid:517339,crmid:8518614526,2020-02-28T15:18:00.000Z,transaction - mobile,prd1192,Money Market Savings,Savings,Personal,credit,ATM,2854.41,1
a76563d4-942f-11ea-a76d-b88a60e194fb,transactionid:458801,crmid:3568070600,2020-02-15T18:56:51.000Z,transaction - mobile,prd1095,529 College Savings,College Savings,Personal,debt,call center,3136.92,1
a7669c50-942f-11ea-a640-b88a60e194fb,transactionid:569218,crmid:5194556690,2020-02-16T15:20:14.000Z,transaction - mobile,prd1076,Student Savings,Savings,Personal,credit,broker,1791.35,1
a767d4cc-942f-11ea-a356-b88a60e194fb,transactionid:153925,crmid:7925007719,2020-02-22T03:51:54.000Z,transaction - mobile,prd1002,Platinum Card,Credit Card,Personal,credit,call center,3915.73,1
a768e63a-942f-11ea-b623-b88a60e194fb,transactionid:342907,crmid:5026872824,2020-02-17T13:54:46.000Z,transaction - mobile,prd1147,Business Savings,Savings,Business,close,branch,3090.91,1
a76a0b58-942f-11ea-b5de-b88a60e194fb,transactionid:857088,crmid:9042845509,2020-02-28T00:37:31.000Z,transaction - mobile,prd1194,Preferred Checking,Checking,Personal,credit,call center,425932.6,1
a76b6954-942f-11ea-8acb-b88a60e194fb,transactionid:542216,crmid:3925658127,2020-02-19T06:36:54.000Z,transaction - mobile,prd1193,Renter's Insurance,Insurance,Personal,credit,ATM,3320.89,1
a76ca1d2-942f-11ea-a916-b88a60e194fb,transactionid:809109,crmid:3844905450,2020-02-18T12:19:35.000Z,transaction - mobile,prd1147,Business Savings,Savings,Business,credit,mobile,2538.67,1
a76db34a-942f-11ea-8824-b88a60e194fb,transactionid:362777,crmid:4630287009,2020-02-17T17:53:23.000Z,transaction - mobile,prd1052,Preferred Checking,Checking,Personal,credit,ATM,3270.27,1
a76eebc6-942f-11ea-9fe1-b88a60e194fb,transactionid:330650,crmid:3937943095,2020-02-27T15:24:37.000Z,transaction - mobile,prd1090,Business Checking,Checking,Business,credit,ATM,3290.51,1
a76fe9a8-942f-11ea-9418-b88a60e194fb,transactionid:187894,crmid:1491000815,2020-02-29T22:23:42.000Z,transaction - mobile,prd1049,Business Brokerage Account,Investment,Business,credit,call center,3267.07,1
a77136ca-942f-11ea-83ab-b88a60e194fb,transactionid:634194,crmid:9027783204,2020-02-17T01:05:33.000Z,transaction - mobile,prd1010,529 College Savings,College Savings,Personal,debt,call center,3945.82,1
a77234f4-942f-11ea-af7f-b88a60e194fb,transactionid:198145,crmid:8998163858,2020-02-26T10:22:35.000Z,transaction - mobile,prd1031,Business Loan,Loan,Business,credit,ATM,3608.26,1
a7738114-942f-11ea-95ac-b88a60e194fb,transactionid:217628,crmid:3299723221,2020-02-20T13:13:45.000Z,transaction - mobile,prd1149,Auto Loan,Loan,Personal,credit,mobile,3408.55,1
a77715c6-942f-11ea-8e27-b88a60e194fb,transactionid:501068,crmid:8427015517,2020-02-17T07:58:59.000Z,transaction - mobile,prd1073,Business Brokerage Account,Investment,Business,credit,call center,3997.9,1
a7787550-942f-11ea-8a8b-b88a60e194fb,transactionid:338788,crmid:4453298327,2020-02-25T05:52:57.000Z,transaction - mobile,prd1023,Health Savings,Savings,Personal,debt,call center,2363.2,1
a77986c6-942f-11ea-bea0-b88a60e194fb,transactionid:824796,crmid:1252177676,2020-02-25T03:51:08.000Z,transaction - mobile,prd1095,529 College Savings,College Savings,Personal,credit,call center,496025.7,1
a77ae654-942f-11ea-9768-b88a60e194fb,transactionid:231928,crmid:4748180713,2020-02-20T05:36:17.000Z,transaction - mobile,prd1156,Student Card,Credit Card,Personal,credit,call center,3214.63,1
a77be434-942f-11ea-9bae-b88a60e194fb,transactionid:864481,crmid:5971252991,2020-02-23T01:56:06.000Z,transaction - mobile,prd1037,Home Equity Loan,Mortgage,Personal,credit,call center,2666.82,1
a77cf5a6-942f-11ea-b4f2-b88a60e194fb,transactionid:324200,crmid:8929503515,2020-02-20T05:18:28.000Z,transaction - mobile,prd1031,Business Loan,Loan,Business,credit,call center,4868.23,1
a77e0714-942f-11ea-876d-b88a60e194fb,transactionid:553736,crmid:1401435802,2020-02-20T22:46:32.000Z,transaction - mobile,prd1030,401k,Retirement,Personal,debt,broker,3640.28,1
a77f0500-942f-11ea-9962-b88a60e194fb,transactionid:177761,crmid:8378758016,2020-02-24T00:06:19.000Z,transaction - mobile,prd1162,High Interest Savings,Savings,Personal,credit,ATM,4356.71,1
a7805268-942f-11ea-ad30-b88a60e194fb,transactionid:715715,crmid:6011316148,2020-02-27T11:26:33.000Z,transaction - mobile,prd1107,Auto Insurance,Insurance,Personal,credit,ATM,2881.95,1
a78163d2-942f-11ea-b3c7-b88a60e194fb,transactionid:962103,crmid:1462105969,2020-02-22T00:48:28.000Z,transaction - mobile,prd1057,Student Card,Credit Card,Personal,credit,mobile,2806.98,1
385c093a-9430-11ea-8138-b88a60e194fb,transactionid:532315,crmid:2356123030,2020-02-19T16:27:45.000Z,transaction - mobile,prd1145,Everyday Checking,Checking,Personal,credit,broker,4175.18,1
3867c91a-9430-11ea-b895-b88a60e194fb,transactionid:365206,crmid:1107549806,2020-02-17T01:33:07.000Z,transaction - mobile,prd1116,Everyday Checking,Checking,Personal,credit,mobile,2266.45,1
386a1e6e-9430-11ea-aa26-b88a60e194fb,transactionid:925760,crmid:2698796810,2020-02-25T05:58:53.000Z,transaction - mobile,prd1098,Platinum Card,Credit Card,Personal,credit,call center,3653.71,1
386b91b4-9430-11ea-9e96-b88a60e194fb,transactionid:788887,crmid:3830880977,2020-02-27T03:34:13.000Z,transaction - mobile,prd1158,Preferred Checking,Checking,Personal,credit,mobile,409614.09,1
386cb680-9430-11ea-a937-b88a60e194fb,transactionid:107768,crmid:8154287356,2020-02-15T14:40:04.000Z,transaction - mobile,prd1127,Rewards Card,Credit Card,Personal,credit,call center,4067.59,1
386eb290-9430-11ea-bd47-b88a60e194fb,transactionid:177560,crmid:3645463320,2020-02-29T02:42:54.000Z,transaction - mobile,prd1110,Traditional IRA,Retirement,Personal,credit,ATM,515517.0,1
3871ac2c-9430-11ea-bf8c-b88a60e194fb,transactionid:674298,crmid:4768916036,2020-02-21T00:06:08.000Z,transaction - mobile,prd1048,Business Loan,Loan,Business,credit,call center,2806.02,1
387380ca-9430-11ea-8094-b88a60e194fb,transactionid:166165,crmid:7895186521,2020-02-19T02:47:20.000Z,transaction - mobile,prd1084,Student Savings,Savings,Personal,credit,ATM,3899.27,1
38759034-9430-11ea-b8b9-b88a60e194fb,transactionid:753564,crmid:6231186212,2020-02-24T07:39:39.000Z,transaction - mobile,prd1181,Mortgage: 5/1 ARM,Mortgage,Personal,credit,call center,2091.14,1
38778c14-9430-11ea-b994-b88a60e194fb,transactionid:732263,crmid:9094508549,2020-02-19T19:11:28.000Z,transaction - mobile,prd1052,Preferred Checking,Checking,Personal,credit,mobile,2202.65,1
3879aee6-9430-11ea-9b40-b88a60e194fb,transactionid:633114,crmid:4922797508,2020-02-28T21:14:58.000Z,transaction - mobile,prd1079,Mortgage: 30-yr Fixed,Mortgage,Personal,credit,call center,496533.49,1
387bf936-9430-11ea-92eb-b88a60e194fb,transactionid:704610,crmid:3075082999,2020-02-26T12:39:10.000Z,transaction - mobile,prd1109,Dividend Card,Credit Card,Personal,credit,branch,4500.99,1
387d92f4-9430-11ea-b361-b88a60e194fb,transactionid:808406,crmid:3172602914,2020-02-22T11:25:39.000Z,transaction - mobile,prd1161,Business Checking,Checking,Business,credit,mobile,3306.84,1
387f2d0c-9430-11ea-bf13-b88a60e194fb,transactionid:949246,crmid:6594707074,2020-02-25T11:44:02.000Z,transaction - mobile,prd1098,Platinum Card,Credit Card,Personal,credit,call center,3624.8,1
3880c746-9430-11ea-95ac-b88a60e194fb,transactionid:204549,crmid:1525924178,2020-02-15T15:46:42.000Z,transaction - mobile,prd1149,Auto Loan,Loan,Personal,credit,mobile,2718.3,1
3882d740-9430-11ea-a76c-b88a60e194fb,transactionid:395280,crmid:6985751576,2020-02-26T07:29:44.000Z,transaction - mobile,prd1062,Mortgage: VA,Mortgage,Personal,credit,mobile,3179.98,1
388497dc-9430-11ea-82bb-b88a60e194fb,transactionid:995151,crmid:6945312567,2020-02-18T02:59:11.000Z,transaction - mobile,prd1043,Business Savings,Savings,Business,credit,call center,3443.26,1
38860adc-9430-11ea-a538-b88a60e194fb,transactionid:715502,crmid:2281539645,2020-02-24T08:18:05.000Z,transaction - mobile,prd1011,Rewards Savings,Savings,Personal,credit,branch,3382.3,1
38871c5a-9430-11ea-9a10-b88a60e194fb,transactionid:527720,crmid:8823986891,2020-02-17T17:36:54.000Z,transaction - mobile,prd1082,Mortgage Insurance,Insurance,Personal,credit,call center,3425.05,1
3888685c-9430-11ea-a737-b88a60e194fb,transactionid:338346,crmid:9857947905,2020-02-15T08:02:03.000Z,transaction - mobile,prd1095,529 College Savings,College Savings,Personal,credit,mobile,2429.24,1
388979c2-9430-11ea-b8c7-b88a60e194fb,transactionid:408117,crmid:5530089031,2020-02-25T08:43:51.000Z,transaction - mobile,prd1026,Mortgage: 5/1 ARM,Mortgage,Personal,close,mobile,3065.84,1
388ad95e-9430-11ea-b9f4-b88a60e194fb,transactionid:803032,crmid:3960354404,2020-02-22T22:58:43.000Z,transaction - mobile,prd1084,Student Savings,Savings,Personal,credit,call center,3283.4,1
388bd75e-9430-11ea-b838-b88a60e194fb,transactionid:485414,crmid:2987468845,2020-02-22T14:53:17.000Z,transaction - mobile,prd1103,Business Card,Credit Card,Business,debt,call center,3765.05,1
388d234c-9430-11ea-adc8-b88a60e194fb,transactionid:971639,crmid:6143779989,2020-02-26T09:34:57.000Z,transaction - mobile,prd1095,529 College Savings,College Savings,Personal,credit,branch,2795.59,1
388e5bcc-9430-11ea-9be3-b88a60e194fb,transactionid:612335,crmid:6783801561,2020-02-26T03:41:20.000Z,transaction - mobile,prd1108,401k,Retirement,Personal,close,mobile,2022.01,1
388fcede-9430-11ea-9c83-b88a60e194fb,transactionid:522734,crmid:9318444588,2020-02-28T02:01:31.000Z,transaction - mobile,prd1198,Critical Illness Insurance,Insurance,Personal,credit,mobile,3174.12,1
38911b0a-9430-11ea-a3da-b88a60e194fb,transactionid:532518,crmid:9784184898,2020-02-20T19:34:57.000Z,transaction - mobile,prd1006,Travel Card,Credit Card,Personal,credit,call center,2695.62,1
3892a176-9430-11ea-854b-b88a60e194fb,transactionid:207775,crmid:2568851132,2020-02-18T20:55:31.000Z,transaction - mobile,prd1143,Travel Card,Credit Card,Personal,debt,mobile,3219.23,1
3893b2f0-9430-11ea-9b39-b88a60e194fb,transactionid:405001,crmid:5540887874,2020-02-16T03:06:40.000Z,transaction - mobile,prd1062,Mortgage: VA,Mortgage,Personal,credit,call center,3311.73,1
38951280-9430-11ea-ba21-b88a60e194fb,transactionid:663105,crmid:6413516552,2020-02-17T03:49:10.000Z,transaction - mobile,prd1067,Everyday Checking,Checking,Personal,debt,mobile,370763.57,1
38964b02-9430-11ea-affe-b88a60e194fb,transactionid:438122,crmid:8104752448,2020-02-26T10:51:09.000Z,transaction - mobile,prd1131,Employee Stock Purchase Plans,Investment,Personal,debt,ATM,2298.32,1
38977164-9430-11ea-b81a-b88a60e194fb,transactionid:221361,crmid:5864948255,2020-02-24T02:44:29.000Z,transaction - mobile,prd1178,Everyday Savings,Savings,Personal,credit,mobile,467250.81,1
3898a874-9430-11ea-9ab7-b88a60e194fb,transactionid:376311,crmid:2590807688,2020-02-20T20:23:48.000Z,transaction - mobile,prd1161,Business Checking,Checking,Business,credit,call center,2852.86,1
3899cd6c-9430-11ea-899b-b88a60e194fb,transactionid:227019,crmid:7041020623,2020-02-27T13:21:39.000Z,transaction - mobile,prd1095,529 College Savings,College Savings,Personal,credit,ATM,1637.7,1
389acb58-9430-11ea-9c03-b88a60e194fb,transactionid:866883,crmid:1552256379,2020-02-23T22:51:12.000Z,transaction - mobile,prd1023,Health Savings,Savings,Personal,credit,call center,2304.34,1
389c3e9a-9430-11ea-b5e5-b88a60e194fb,transactionid:964999,crmid:4645076931,2020-02-19T04:17:11.000Z,transaction - mobile,prd1196,Dividend Card,Credit Card,Personal,credit,broker,2566.75,1
389d785c-9430-11ea-9f47-b88a60e194fb,transactionid:269836,crmid:3746652646,2020-02-25T09:07:51.000Z,transaction - mobile,prd1007,Health Savings,Savings,Personal,credit,mobile,3079.05,1
389ed6a8-9430-11ea-b5ca-b88a60e194fb,transactionid:396109,crmid:1016198208,2020-02-20T09:06:03.000Z,transaction - mobile,prd1035,Pension Account,Retirement,Personal,credit,mobile,4711.95,1
38a023f8-9430-11ea-9e5d-b88a60e194fb,transactionid:298142,crmid:5744819057,2020-02-29T07:07:48.000Z,transaction - mobile,prd1152,Health Savings,Savings,Personal,credit,broker,2341.83,1
38a1e3cc-9430-11ea-a4ce-b88a60e194fb,transactionid:764727,crmid:5534751660,2020-02-27T16:57:05.000Z,transaction - mobile,prd1105,Homeowner's Insurance,Insurance,Personal,close,call center,2101.55,1
38a37df4-9430-11ea-85dc-b88a60e194fb,transactionid:909218,crmid:9605802122,2020-02-18T00:36:01.000Z,transaction - mobile,prd1106,Business Loan,Loan,Business,credit,broker,2570.96,1
38a4dd78-9430-11ea-ba89-b88a60e194fb,transactionid:241548,crmid:6920257985,2020-02-17T16:43:54.000Z,transaction - mobile,prd1146,529 College Savings,College Savings,Personal,credit,ATM,1945.92,1
38a74e82-9430-11ea-a68b-b88a60e194fb,transactionid:442336,crmid:1158292801,2020-02-26T00:21:36.000Z,transaction - mobile,prd1180,529 College Savings,College Savings,Personal,credit,broker,3598.84,1
38a94a58-9430-11ea-a789-b88a60e194fb,transactionid:961162,crmid:6734142187,2020-02-19T10:53:36.000Z,transaction - mobile,prd1095,529 College Savings,College Savings,Personal,credit,call center,2313.54,1
38ab6d28-9430-11ea-af9c-b88a60e194fb,transactionid:699897,crmid:1727703159,2020-02-24T09:10:39.000Z,transaction - mobile,prd1018,Auto Insurance,Insurance,Personal,credit,call center,4180.97,1
38ad5586-9430-11ea-9ba3-b88a60e194fb,transactionid:107402,crmid:9275159017,2020-02-19T18:04:14.000Z,transaction - mobile,prd1122,Merchant Services Account,Merchant Services,Business,credit,mobile,3465.34,1
38aeef88-9430-11ea-a175-b88a60e194fb,transactionid:403697,crmid:2188200059,2020-02-24T23:49:41.000Z,transaction - mobile,prd1121,Mortgage: 30-yr Fixed,Mortgage,Personal,credit,mobile,3572.1,1
38b0c4c8-9430-11ea-89ed-b88a60e194fb,transactionid:635469,crmid:1807217164,2020-02-15T21:14:36.000Z,transaction - mobile,prd1137,Business Checking,Checking,Business,credit,call center,3579.24,1
38b321d2-9430-11ea-a413-b88a60e194fb,transactionid:836625,crmid:9161723787,2020-02-23T04:21:34.000Z,transaction - mobile,prd1194,Preferred Checking,Checking,Personal,credit,branch,3517.83,1
38b4cf86-9430-11ea-b367-b88a60e194fb,transactionid:435296,crmid:1950347541,2020-02-29T23:55:05.000Z,transaction - mobile,prd1037,Home Equity Loan,Mortgage,Personal,debt,call center,2712.57,1
38b690be-9430-11ea-bfb8-b88a60e194fb,transactionid:624735,crmid:7706831084,2020-02-22T06:44:45.000Z,transaction - mobile,prd1067,Everyday Checking,Checking,Personal,close,ATM,321635.32,1
38b851ee-9430-11ea-aa3c-b88a60e194fb,transactionid:157798,crmid:7376831855,2020-02-20T05:16:59.000Z,transaction - mobile,prd1114,CDs: 3 month,Investment,Personal,credit,ATM,1610.35,1
38b9c506-9430-11ea-bba8-b88a60e194fb,transactionid:684807,crmid:8578370686,2020-02-25T07:16:15.000Z,transaction - mobile,prd1077,Roth IRA,Retirement,Personal,credit,call center,3529.93,1
38bb4b9c-9430-11ea-9e3e-b88a60e194fb,transactionid:338245,crmid:8534824142,2020-02-19T00:33:38.000Z,transaction - mobile,prd1025,Brokerage Account,Investment,Personal,credit,call center,2190.15,1
38bce5da-9430-11ea-a68f-b88a60e194fb,transactionid:670301,crmid:2366976777,2020-02-15T21:39:41.000Z,transaction - mobile,prd1110,Traditional IRA,Retirement,Personal,credit,call center,3020.25,1
38be455c-9430-11ea-9831-b88a60e194fb,transactionid:540753,crmid:7888136214,2020-02-20T05:25:06.000Z,transaction - mobile,prd1170,Mortgage Insurance,Insurance,Personal,credit,broker,3782.79,1
38c02da4-9430-11ea-90a6-b88a60e194fb,transactionid:461222,crmid:7292435418,2020-02-22T05:13:14.000Z,transaction - mobile,prd1062,Mortgage: VA,Mortgage,Personal,debt,call center,1685.59,1
38c2298a-9430-11ea-9cb2-b88a60e194fb,transactionid:974626,crmid:4869346603,2020-02-23T11:18:03.000Z,transaction - mobile,prd1146,529 College Savings,College Savings,Personal,credit,mobile,3451.6,1
38c3eadc-9430-11ea-b637-b88a60e194fb,transactionid:138820,crmid:7964297607,2020-02-24T14:59:29.000Z,transaction - mobile,prd1020,Everyday Savings,Savings,Personal,debt,call center,1461.24,1
38c584d0-9430-11ea-adea-b88a60e194fb,transactionid:692554,crmid:3955944205,2020-02-19T11:23:20.000Z,transaction - mobile,prd1175,401k,Retirement,Personal,credit,call center,1435.02,1
38c74612-9430-11ea-8a11-b88a60e194fb,transactionid:324730,crmid:9452109572,2020-02-23T13:55:52.000Z,transaction - mobile,prd1145,Everyday Checking,Checking,Personal,credit,call center,2681.09,1
38c8b91a-9430-11ea-80c7-b88a60e194fb,transactionid:808705,crmid:9133586850,2020-02-17T04:40:30.000Z,transaction - mobile,prd1074,Premium Checking,Checking,Personal,credit,call center,291183.54,1
38ca18e8-9430-11ea-905d-b88a60e194fb,transactionid:401115,crmid:7027796006,2020-02-18T20:31:46.000Z,transaction - mobile,prd1095,529 College Savings,College Savings,Personal,credit,mobile,3434.34,1
38cbc680-9430-11ea-b089-b88a60e194fb,transactionid:813313,crmid:6795336664,2020-02-18T02:46:12.000Z,transaction - mobile,prd1141,Premium Checking,Checking,Personal,credit,ATM,3735.63,1
38cd608c-9430-11ea-8172-b88a60e194fb,transactionid:357605,crmid:1319367558,2020-02-24T12:04:57.000Z,transaction - mobile,prd1158,Preferred Checking,Checking,Personal,credit,ATM,3158.17,1
38cf5c58-9430-11ea-a258-b88a60e194fb,transactionid:111963,crmid:8161745592,2020-02-21T23:09:44.000Z,transaction - mobile,prd1136,Student Savings,Savings,Personal,credit,branch,2590.44,1
38d207ee-9430-11ea-867a-b88a60e194fb,transactionid:265233,crmid:6627303406,2020-02-22T00:57:01.000Z,transaction - mobile,prd1142,Rewards Savings,Savings,Personal,credit,ATM,401556.61,1
38d3c92e-9430-11ea-93c9-b88a60e194fb,transactionid:970306,crmid:5570611038,2020-02-29T11:08:35.000Z,transaction - mobile,prd1058,Simplicity Card,Credit Card,Personal,credit,broker,3488.94,1
38d528ba-9430-11ea-b4cf-b88a60e194fb,transactionid:912085,crmid:2458966442,2020-02-15T15:10:04.000Z,transaction - mobile,prd1103,Business Card,Credit Card,Business,credit,call center,3204.1,1
38d6e9f4-9430-11ea-b110-b88a60e194fb,transactionid:272441,crmid:1231367644,2020-02-25T19:23:16.000Z,transaction - mobile,prd1123,Mortgage: 10 yr Fixed,Mortgage,Personal,credit,call center,2284.68,1
38d8e5c0-9430-11ea-a451-b88a60e194fb,transactionid:524154,crmid:8724350095,2020-02-22T12:53:50.000Z,transaction - mobile,prd1005,Everyday Savings,Savings,Personal,credit,broker,4299.85,1
38da45d2-9430-11ea-8d80-b88a60e194fb,transactionid:418593,crmid:7654473396,2020-02-27T15:19:30.000Z,transaction - mobile,prd1152,Health Savings,Savings,Personal,credit,mobile,3275.26,1
38dc684c-9430-11ea-8fe8-b88a60e194fb,transactionid:227656,crmid:4602172185,2020-02-18T11:54:13.000Z,transaction - mobile,prd1076,Student Savings,Savings,Personal,credit,call center,2808.45,1
38de2976-9430-11ea-9595-b88a60e194fb,transactionid:690539,crmid:6654612545,2020-02-22T19:02:01.000Z,transaction - mobile,prd1091,Critical Illness Insurance,Insurance,Personal,credit,broker,2191.01,1
38dffe68-9430-11ea-8b30-b88a60e194fb,transactionid:653601,crmid:8645852056,2020-02-29T13:08:24.000Z,transaction - mobile,prd1188,Business Savings,Savings,Business,credit,branch,2708.24,1
38e15db6-9430-11ea-b0db-b88a60e194fb,transactionid:843891,crmid:8455892277,2020-02-20T16:57:29.000Z,transaction - mobile,prd1111,Pension Account,Retirement,Personal,credit,mobile,4103.23,1
38e31f10-9430-11ea-88cd-b88a60e194fb,transactionid:989398,crmid:1137542778,2020-02-20T09:48:15.000Z,transaction - mobile,prd1003,Premium Checking,Checking,Personal,credit,mobile,446249.68,1
38e4b938-9430-11ea-ba1d-b88a60e194fb,transactionid:896261,crmid:7423053102,2020-02-27T09:41:09.000Z,transaction - mobile,prd1095,529 College Savings,College Savings,Personal,credit,mobile,3020.19,1
38e6534a-9430-11ea-9ece-b88a60e194fb,transactionid:216009,crmid:8053764153,2020-02-18T04:47:21.000Z,transaction - mobile,prd1158,Preferred Checking,Checking,Personal,debt,mobile,3409.85,1
38e82852-9430-11ea-92cb-b88a60e194fb,transactionid:861985,crmid:5754475471,2020-02-23T23:06:19.000Z,transaction - mobile,prd1154,Mortgage: 30-yr Fixed,Mortgage,Personal,credit,call center,3479.93,1
38e9d5ba-9430-11ea-aca3-b88a60e194fb,transactionid:370830,crmid:1709404272,2020-02-17T09:50:30.000Z,transaction - mobile,prd1028,CDs: 1 year,Investment,Personal,credit,mobile,3469.55,1
38ebbdee-9430-11ea-8c8e-b88a60e194fb,transactionid:721497,crmid:8262288541,2020-02-26T10:10:40.000Z,transaction - mobile,prd1064,CDs: 3 month,Investment,Personal,credit,broker,2655.69,1
38edb9c2-9430-11ea-b05a-b88a60e194fb,transactionid:674546,crmid:2796404241,2020-02-28T10:20:35.000Z,transaction - mobile,prd1122,Merchant Services Account,Merchant Services,Business,credit,ATM,349996.81,1
38efc918-9430-11ea-b5e5-b88a60e194fb,transactionid:202756,crmid:8071658220,2020-02-25T12:29:13.000Z,transaction - mobile,prd1144,Home Equity Loan,Mortgage,Personal,credit,call center,2791.32,1
38f1ec12-9430-11ea-bee3-b88a60e194fb,transactionid:314008,crmid:4471834278,2020-02-18T09:55:00.000Z,transaction - mobile,prd1034,Home Equity Loan,Mortgage,Personal,credit,ATM,309119.37,1
38f3e7c8-9430-11ea-b805-b88a60e194fb,transactionid:639365,crmid:8987580078,2020-02-15T04:17:17.000Z,transaction - mobile,prd1197,Business Card,Credit Card,Business,credit,ATM,449377.46,1
38f581ee-9430-11ea-a530-b88a60e194fb,transactionid:101124,crmid:7411950466,2020-02-20T05:55:44.000Z,transaction - mobile,prd1052,Preferred Checking,Checking,Personal,credit,call center,3744.86,1
38f6e16e-9430-11ea-a16a-b88a60e194fb,transactionid:748789,crmid:9209285589,2020-02-23T05:22:26.000Z,transaction - mobile,prd1152,Health Savings,Savings,Personal,debt,branch,2699.5,1
38f87b9a-9430-11ea-ba1a-b88a60e194fb,transactionid:461833,crmid:4265564521,2020-02-17T00:50:24.000Z,transaction - mobile,prd1064,CDs: 3 month,Investment,Personal,credit,mobile,1754.39,1
38fa2952-9430-11ea-af6c-b88a60e194fb,transactionid:290929,crmid:7896353297,2020-02-27T23:02:42.000Z,transaction - mobile,prd1025,Brokerage Account,Investment,Personal,credit,mobile,2307.13,1
38fbc386-9430-11ea-98b3-b88a60e194fb,transactionid:631144,crmid:3343586319,2020-02-26T05:52:38.000Z,transaction - mobile,prd1195,Student Card,Credit Card,Personal,credit,call center,2931.8,1
38fd84a4-9430-11ea-82c3-b88a60e194fb,transactionid:557238,crmid:2006839578,2020-02-20T03:53:10.000Z,transaction - mobile,prd1135,Student Loan,Loan,Personal,credit,call center,3463.46,1
38ffa79e-9430-11ea-94f6-b88a60e194fb,transactionid:404486,crmid:6600699522,2020-02-29T06:54:30.000Z,transaction - mobile,prd1181,Mortgage: 5/1 ARM,Mortgage,Personal,credit,ATM,3335.19,1
39018fe4-9430-11ea-9da6-b88a60e194fb,transactionid:744307,crmid:9420119790,2020-02-24T16:50:58.000Z,transaction - mobile,prd1076,Student Savings,Savings,Personal,credit,branch,2931.01,1
39032a22-9430-11ea-9061-b88a60e194fb,transactionid:477904,crmid:3236354728,2020-02-23T19:50:18.000Z,transaction - mobile,prd1107,Auto Insurance,Insurance,Personal,credit,broker,3084.65,1
39058788-9430-11ea-b259-b88a60e194fb,transactionid:962942,crmid:8229169086,2020-02-17T21:26:41.000Z,transaction - mobile,prd1155,CDs: 5 year,Investment,Personal,credit,mobile,3477.02,1
3907d1ee-9430-11ea-b44e-b88a60e194fb,transactionid:230693,crmid:4124888436,2020-02-22T17:34:49.000Z,transaction - mobile,prd1092,Rewards Card,Credit Card,Personal,credit,call center,385108.68,1
390a7d00-9430-11ea-991b-b88a60e194fb,transactionid:457638,crmid:5980971263,2020-02-17T02:33:43.000Z,transaction - mobile,prd1007,Health Savings,Savings,Personal,credit,mobile,3069.48,1
390d1524-9430-11ea-998e-b88a60e194fb,transactionid:747853,crmid:6722965661,2020-02-20T04:05:31.000Z,transaction - mobile,prd1156,Student Card,Credit Card,Personal,credit,call center,2558.78,1
3910840a-9430-11ea-98d3-b88a60e194fb,transactionid:561252,crmid:8393998583,2020-02-17T19:38:12.000Z,transaction - mobile,prd1146,529 College Savings,College Savings,Personal,credit,mobile,3821.67,1
3913914a-9430-11ea-a3ba-b88a60e194fb,transactionid:518377,crmid:5094350130,2020-02-16T16:28:46.000Z,transaction - mobile,prd1146,529 College Savings,College Savings,Personal,credit,call center,3320.66,1
39168aee-9430-11ea-9430-b88a60e194fb,transactionid:186920,crmid:1308854884,2020-02-28T05:55:04.000Z,transaction - mobile,prd1083,Pension Account,Retirement,Personal,credit,broker,4625.61,1
39185fbe-9430-11ea-9376-b88a60e194fb,transactionid:200959,crmid:1361678898,2020-02-25T03:08:52.000Z,transaction - mobile,prd1084,Student Savings,Savings,Personal,credit,ATM,2278.81,1
391a2108-9430-11ea-8f81-b88a60e194fb,transactionid:485262,crmid:4429722817,2020-02-23T08:29:04.000Z,transaction - mobile,prd1088,CDs: 1 year,Investment,Personal,credit,mobile,3371.45,1
391bf5b8-9430-11ea-990b-b88a60e194fb,transactionid:481353,crmid:6650098584,2020-02-16T17:06:57.000Z,transaction - mobile,prd1123,Mortgage: 10 yr Fixed,Mortgage,Personal,credit,call center,543939.52,1
391e5322-9430-11ea-8d19-b88a60e194fb,transactionid:204888,crmid:7604636877,2020-02-25T12:47:55.000Z,transaction - mobile,prd1013,Mortgage: FHA,Mortgage,Personal,credit,mobile,3542.78,1
39203b70-9430-11ea-8383-b88a60e194fb,transactionid:599981,crmid:6209296574,2020-02-26T15:56:39.000Z,transaction - mobile,prd1145,Everyday Checking,Checking,Personal,debt,ATM,2678.62,1
