crmid,email,first_name,last_name,gender,mobile telephone,city,country,zip,state,street address,birthday
crmid:9333878727,thousand1859@outlook.com,Zita,Myers,female,238-174-8977,Union City,United States,26772,Michigan,142 Commercial,1960-09-21
crmid:1768240666,arbores2068@yandex.com,Willard,Mayo,,724-217-8603,Mountain Brook,United States,91651,North Dakota,1092 Garces,1994-07-07
crmid:7885522339,armour1871@outlook.com,Santiago,Reyes,male,732-564-5380,Temple Terrace,United States,07478,Texas,721 Paris,1942-09-24
crmid:1740427290,eightsman1857@live.com,Kasha,Klein,female,942-768-2533,New Bedford,United States,14108,New York,35 General Kennedy,1995-04-09
crmid:6705004498,cailliach2015@live.com,Frank,Simpson,,941-762-6681,Moorhead,United States,55244,Wyoming,490 Seventh,1993-09-14
crmid:7594655412,dessain1875@live.com,Merissa,Aguilar,female,708-651-9245,Elgin,United States,34170,California,689 Wilson,1958-06-01
crmid:9859325350,embittered1924@yandex.com,Herma,Leblanc,female,923-768-7568,Yorkville,United States,62152,Kansas,58 Vale,1957-04-17
crmid:8957287001,balcom1929@yahoo.com,Felton,Stone,,096-243-2240,Lake Forest,United States,50378,West Virginia,22 Myrtle,1980-09-24
crmid:2173123873,taunting1902@gmail.com,Elvis,Wells,,935-316-8677,Hempstead,United States,09790,Illinois,662 Mahan,1971-02-09
crmid:7876317108,clownery2068@gmail.com,Walter,Chapman,,627-111-1262,Nixa,United States,36992,Oregon,82 Edie,1997-06-13
crmid:2384329667,polyscopic1897@live.com,Benton,Adkins,male,604-690-8819,Buena Park,United States,04975,Montana,2 Avenue D,1942-01-01
crmid:6293870117,uranite2026@outlook.com,Bennie,Ramirez,,515-264-0011,Schenectady,United States,46680,North Carolina,399 Robinhood,1986-04-21
crmid:1341153599,jarbird1809@yahoo.com,Jerome,Clemons,,256-406-8180,Lewisville,United States,40270,Massachusetts,737 Ina,1982-08-15
crmid:2672971845,unmodifiableness2064@live.com,Dana,Schroeder,,635-097-8059,Milledgeville,United States,66631,Nebraska,1219 Marshall,1991-12-17
crmid:2699888712,utterancy2055@live.com,Sam,Church,,778-707-4299,Kokomo,United States,50786,North Carolina,859 Emerson,1978-09-14
crmid:8385567436,damager1806@yandex.com,Earnest,Jackson,male,318-009-1870,Burnsville,United States,19103,Georgia,1252 Capitol,1943-03-15
crmid:7288683799,please1892@yandex.com,Freddie,Murphy,,805-726-2811,Paso Robles,United States,38886,Tennessee,959 Forsyth,1977-08-27
crmid:3003227468,treacly1946@outlook.com,Laquanda,Bird,female,537-038-7500,Prescott Valley,United States,10825,Mississippi,148 Topaz,1955-05-03
crmid:9729920489,fabler1897@live.com,Evita,Patrick,female,188-605-9315,Clarksdale,United States,77680,Massachusetts,862 Detroit,1948-12-27
crmid:4888375115,miasmatize1910@outlook.com,Claribel,O'donnell,female,456-190-8824,Peabody,United States,50560,Missouri,711 Windsor,1959-02-22
crmid:2619885916,palookas2036@live.com,Noma,Snider,female,709-796-5217,Redmond,United States,18382,Florida,1064 Bush,1954-07-27
crmid:3390574923,flatland1819@live.com,Richie,Joyce,,031-471-7434,Hamilton,United States,47451,Mississippi,236 Torrens,1969-08-13
crmid:2085838817,antimachine1827@yahoo.com,Bruce,Bell,,752-302-3170,Goodlettsville,United States,84908,South Dakota,200 Kissling,1967-08-12
crmid:4247771109,pedicab1955@live.com,Will,Frost,male,178-338-9102,New Braunfels,United States,05698,New York,657 Croaker,1996-01-27
crmid:2005311320,aurite1933@outlook.com,Devon,Morrow,,117-587-6492,Mustang,United States,76591,Georgia,813 Wallen,1995-08-21
crmid:2856031724,prunitrin1944@yandex.com,Jeffery,Sanford,,827-690-5579,Keizer,United States,79667,Hawaii,578 White,1976-12-19
crmid:6620752446,adumbrations1933@live.com,Kai,Lawrence,female,827-222-4938,Pocatello,United States,12428,Kansas,425 Harlow,1951-12-08
crmid:7005693476,brevier2004@yahoo.com,Tomas,Valenzuela,,471-055-3468,Redondo Beach,United States,45545,Ohio,304 Muir,1984-12-18
crmid:5037625198,martensitic1971@outlook.com,Ward,Bauer,male,070-587-2977,Woodbury,United States,00563,Arkansas,1151 Doric,1941-10-02
crmid:8676073831,cardecu1833@outlook.com,Derrick,Gaines,,675-097-4311,North Plainfield,United States,80234,Pennsylvania,1204 Tara,1999-07-02
crmid:8483893365,bilio1929@yahoo.com,Enola,Hooper,female,294-796-9872,El Monte,United States,13229,Nebraska,1380 Tampa,1958-03-14
crmid:9067351181,supervene1963@yandex.com,Elinore,Morris,female,906-629-4339,Novi,United States,26719,Vermont,587 Green,1961-03-21
crmid:9654533228,encloud1896@outlook.com,Harry,Martinez,male,188-558-8633,New Brunswick,United States,02511,Florida,1056 Robert C Levy,1996-01-27
crmid:1243882832,amines2037@yandex.com,Rex,Watts,,819-405-5466,Wheat Ridge,United States,88149,Iowa,1139 Century,1979-03-10
crmid:9128864028,arylate1920@outlook.com,Glennis,George,female,044-672-3850,Eastpointe,United States,73316,Michigan,727 Security Pacific,1957-12-06
crmid:7467881517,ardys1920@yahoo.com,Tory,West,male,862-241-0414,Sycamore,United States,05228,Tennessee,421 Fell,1933-09-30
crmid:4004537912,built1915@outlook.com,Hayden,Stevenson,,364-902-0621,Orinda,United States,34525,Iowa,632 Galindo,1976-07-23
crmid:3013226718,barbara2004@live.com,Antwan,Massey,male,316-437-0857,Cambridge,United States,07495,Georgia,1292 Jason,1943-01-18
crmid:5301107257,analytic1896@gmail.com,Bernard,Hebert,,923-772-3853,Round Lake,United States,71373,California,385 Alameda,1991-03-10
crmid:6062310065,rachidial1997@yahoo.com,Paul,Mckinney,,169-647-0469,Fort Lee,United States,43056,Idaho,968 Clipper,1963-08-26
crmid:2774314590,reasonable1984@outlook.com,Wiley,Kennedy,,735-795-0753,Whitehall,United States,32694,Tennessee,1079 Silver,1970-09-08
crmid:6897901731,utriculariaceae1984@gmail.com,Nida,Howard,female,111-441-5104,Edmond,United States,30311,Georgia,1175 Rio Verde,1958-07-15
crmid:7623895053,elbow1865@yandex.com,Synthia,Brennan,female,360-592-8583,Radcliff,United States,28500,New Mexico,494 Park Hill,1958-10-19
crmid:6269123181,unwillfully2049@yandex.com,Josue,Patton,,910-476-0025,Salt Lake City,United States,42387,New York,278 Pacific,1983-08-07
crmid:2449904312,kilts2037@yahoo.com,Maximina,Mccormick,female,057-768-2219,Coalinga,United States,32622,North Carolina,1344 Fanning,1948-06-19
crmid:2976815599,leafy1974@yandex.com,Carter,Martin,,090-107-4915,Greeley,United States,62151,Michigan,116 Flood,1968-11-25
crmid:2180134868,mutawalli1899@yandex.com,Seymour,Walker,,666-785-0071,Roanoke Rapids,United States,24566,Illinois,1299 La Grande,1964-03-16
crmid:5099373794,comiferous1830@yahoo.com,Mathew,Campos,male,307-364-8144,Bartlett,United States,38782,Arkansas,1060 Loehr,1936-07-05
crmid:8187408157,spancel2066@live.com,Vasiliki,Ayala,female,962-072-9119,East Lansing,United States,54589,Tennessee,1263 Henry Adams,1957-09-01
crmid:3016784058,cryptocrystalline1999@outlook.com,Annalee,Rich,female,777-902-2106,Davie,United States,98753,Wyoming,802 Hooper,1953-01-24
crmid:7510930695,imperforates1881@yandex.com,Jack,Grant,female,593-953-8912,Erie,United States,22763,Iowa,670 Broad,1960-04-12
crmid:1349723013,newt1933@outlook.com,Sterling,Hood,,044-772-9866,Miamisburg,United States,88836,Nevada,1301 Trainor,1990-06-08
crmid:9662117069,beatitudes2069@gmail.com,Gary,Gray,,107-543-8223,Foster City,United States,15720,Pennsylvania,382 Tunnel,1963-03-13
crmid:8920127688,alloclase1994@gmail.com,Carlos,Clay,male,994-352-1418,Allen,United States,00839,Pennsylvania,880 Rio,1931-02-06
crmid:7764487641,ameliorators2037@outlook.com,Neville,Vaughan,,780-956-3991,Loveland,United States,06854,Minnesota,61 Tuscany,1984-01-07
crmid:9696928745,abstain2020@yandex.com,Ruthanne,Sutton,female,861-960-2063,Cleveland Heights,United States,42486,Connecticut,1315 Fairfield,1948-08-28
crmid:8983995538,ecdemite2053@outlook.com,Cruz,Brady,male,537-216-3205,Carmel,United States,15549,West Virginia,432 Delancey,1944-02-03
crmid:2518448007,scurry1862@outlook.com,Genevive,King,female,151-315-9455,Plant City,United States,24511,Oregon,320 Alvord,1959-03-16
crmid:6462183246,bluethroat1928@live.com,Kathaleen,Mcdowell,female,699-752-7438,Fairbanks,United States,24269,Mississippi,1267 Willow,1961-05-19
crmid:5961350582,accosting2037@outlook.com,Leigh,Harmon,,585-258-5179,Gladstone,United States,23317,Virginia,1077 Clarion,1966-05-12
crmid:6573588625,armenoid1948@gmail.com,Piedad,Frederick,female,414-786-7598,Rock Springs,United States,13067,Maine,1006 Rockwood,1955-07-10
crmid:5628759819,asmear1846@yandex.com,Lorriane,O'neal,female,573-084-9734,Vancouver,United States,19668,Rhode Island,1358 India,1949-06-22
crmid:7547554055,trachytes1813@yandex.com,Frankie,Graves,male,279-987-3987,Alvin,United States,21999,South Dakota,1185 Attridge,1932-04-12
crmid:1980692920,lipomas1875@outlook.com,Laure,Stanley,female,306-463-4613,Everett,United States,25130,Vermont,1046 Peabody,1960-05-28
crmid:3867722499,solver1969@live.com,Mikaela,Monroe,female,835-481-9742,Peabody,United States,13496,Montana,1038 Leona,1949-06-20
crmid:2674230515,trunks1928@live.com,Loren,Curry,male,188-270-5141,Central Falls,United States,36885,Arkansas,253 Gatun,1945-06-07
crmid:2636268378,globalism2050@yandex.com,Kerry,Pollard,,112-821-3107,Marshfield,United States,87238,Illinois,123 Southwood,1987-10-24
crmid:7722986743,eccentrics2009@yandex.com,Murray,Maldonado,male,275-505-5204,Wilmington,United States,64174,Maine,1016 Barcelona,1938-07-18
crmid:6355837028,semihistorical1977@gmail.com,Foster,Wells,male,991-515-3153,Big Spring,United States,89139,Delaware,670 Venard,1939-04-30
crmid:9226095500,marsileaceae1944@live.com,Chuck,Rich,,635-097-3950,Palatine,United States,57537,Nebraska,1284 Kimball,1995-08-24
crmid:3220991791,cryptography1929@yahoo.com,Man,Weiss,male,960-377-1019,Woodburn,United States,57972,Oregon,47 Fillmore,1930-12-13
crmid:9694340028,gar2065@live.com,Keira,Abbott,female,719-913-4953,Corsicana,United States,70357,Delaware,331 Alpha,1951-05-01
crmid:1294796127,vmintegral1912@yahoo.com,Aurelio,Caldwell,,687-863-9296,Goodyear,United States,40027,Iowa,1332 Hermann,1967-08-02
crmid:1555966387,fortes1822@live.com,Jamal,Sutton,male,424-941-0316,Bay City,United States,24042,New Hampshire,238 Oriole,1936-05-28
crmid:4642135518,annemari2027@yahoo.com,Celena,Stokes,female,538-574-5244,Nashua,United States,68086,Nevada,1050 Rolph,1995-10-26
crmid:2881296716,subinterval1890@outlook.com,Tenesha,Savage,female,183-865-8940,Farragut,United States,98623,Wisconsin,860 Mauldin,1961-09-26
crmid:6471907563,assault2008@yahoo.com,Ali,Parrish,,759-356-7512,Marysville,United States,19907,Nebraska,947 Martinez,1987-03-20
crmid:2684561388,subantichrist1990@outlook.com,Tobias,Richardson,,166-114-0858,Muskego,United States,32357,Texas,246 Nichols,1994-06-24
crmid:7612933634,ballsy2036@outlook.com,Herschel,Hutchinson,,861-503-8589,Tulare,United States,49227,South Carolina,946 East Fort Miley,1991-12-31
crmid:8931668921,unattractive1916@gmail.com,Vinita,Cantrell,female,192-426-8210,Colleyville,United States,50879,Nebraska,945 Hillside,1949-09-05
crmid:4098264926,jinkle1875@gmail.com,Janise,Nieves,female,000-939-6644,Cicero,United States,21597,Alabama,177 Via Bufano,1947-04-21
crmid:4774278821,wrecker1992@outlook.com,Tennille,Barr,female,455-919-2773,Erlanger,United States,55734,Oklahoma,1097 Radio,1960-09-02
crmid:5763494672,shrimpier1847@yahoo.com,Hyman,Harper,,631-655-8320,Phoenix,United States,87810,Louisiana,747 Oak Hills,1965-03-19
crmid:5793878002,spawners1926@yandex.com,Normand,Chavez,,885-277-5130,Grayslake,United States,79736,Hawaii,337 Red Rock,1968-12-18
crmid:5644745591,tropidoleptus1835@yahoo.com,Nicky,Woods,,181-541-5431,Round Lake,United States,68886,Massachusetts,144 Cresta Vista,1962-02-28
crmid:7279598650,deipnosophism1947@gmail.com,Darron,George,,013-409-8099,Los Gatos,United States,30347,Maine,266 Bertha,1984-06-02
crmid:8921767817,chalon1899@yahoo.com,Winter,Richard,female,347-892-8863,Schaumburg,United States,61748,Illinois,595 Marietta,1954-09-24
crmid:2320407154,chromomere1870@gmail.com,Vincenzo,Watkins,,258-504-5689,Mesa,United States,65287,Alaska,283 Kern,1989-12-08
crmid:2756504710,sheep2055@gmail.com,Kraig,Hooper,,690-656-2768,Leawood,United States,52300,South Dakota,322 Stockton,1981-09-12
crmid:7119153044,cacara1916@yandex.com,Ed,Goff,,631-166-2063,Hazleton,United States,81739,Kansas,960 Hale,1970-10-05
crmid:2018729100,birman1942@yahoo.com,Mathew,Clayton,,056-506-7653,Sherman,United States,31413,Utah,786 Keith,1975-03-17
crmid:1106470149,annalisa2028@gmail.com,Abraham,Larson,,503-583-8040,New Albany,United States,94653,Ohio,1172 Upper,1995-05-16
crmid:4446426057,heth2028@yahoo.com,Shirley,Hudson,,756-070-7381,Safety Harbor,United States,40582,Texas,1062 Rosa Parks,1992-06-01
crmid:2550943435,headsmen1812@live.com,Lasandra,Alston,female,847-417-9474,The Colony,United States,86010,Alabama,136 Sala,1957-12-10
crmid:7275959658,chimbley1808@yandex.com,Brenton,Dennis,male,557-374-6315,Auburn Hills,United States,66299,Alaska,1212 Somerset,1934-10-29
crmid:7653611434,comfortable1882@yandex.com,Pete,Boyd,,261-229-9184,Wichita,United States,87308,Vermont,180 Roselyn,1980-12-02
crmid:8035985775,corrigan1915@yahoo.com,Robin,Fletcher,male,577-047-5366,Waterloo,United States,94888,Iowa,1128 Drumm,1944-08-10
crmid:1328692682,dermis1954@yahoo.com,Shannon,Valenzuela,,936-666-7944,Hanford,United States,32843,Arizona,43 North Van Horn,1969-06-16
crmid:7655912656,coleridge1868@gmail.com,Israel,Foster,,172-738-1397,Youngstown,United States,49329,Utah,1037 Cityview,1986-06-29
crmid:5044085415,erode1948@live.com,Aja,Witt,female,423-272-3760,Somerville,United States,67859,Washington,1329 Lake Forest,1952-10-01
crmid:7723999067,tirrivees1908@live.com,Jessia,Harrell,female,412-489-7625,Cocoa,United States,24241,Kansas,1015 Grafton,1949-04-13
crmid:8616855429,breakup1953@gmail.com,Noel,Joyner,,965-095-2458,Raleigh,United States,74464,Nevada,68 Security Pacific,1990-09-14
crmid:8796551525,unfatuitously1996@yandex.com,Isaias,Vasquez,,822-701-6801,Northport,United States,83752,Texas,1185 Encanto,1999-10-10
crmid:1256314393,pensione2014@outlook.com,Lupe,Dodson,male,222-101-2078,Carmel,United States,82584,Delaware,476 Hunt,1944-06-08
crmid:4376975514,disquantity1839@yahoo.com,Wayne,Clay,,855-021-6922,Lino Lakes,United States,51530,South Dakota,1096 Chenery,1983-09-15
crmid:2792455656,toucan1825@gmail.com,Noble,Graves,male,579-707-3650,Bryan,United States,40057,Rhode Island,192 Nibbi,1942-07-12
crmid:2754234812,insular1928@yahoo.com,Georgene,Beasley,female,836-038-9985,Rocky Mount,United States,59980,Idaho,638 Homewood,1958-11-27
crmid:9694590158,quarts1925@yahoo.com,Fidela,Buchanan,female,999-728-6854,Pompano Beach,United States,69127,South Carolina,1008 Hilton,1947-03-04
crmid:6573588625,jostler1856@yandex.com,Merrill,Lambert,,630-053-0850,Lake Havasu City,United States,47511,Vermont,804 Sharp,1980-07-11
crmid:2657231330,shadchan1869@yandex.com,Whitney,Sears,male,466-924-2787,Bozeman,United States,57178,Florida,945 Elm,1940-10-26
crmid:8486307028,coarse1924@outlook.com,Janiece,Mccarty,female,556-438-4668,Cudahy,United States,25255,South Dakota,1340 Silverview,1952-04-19
crmid:1499418174,busybody1821@outlook.com,Alphonse,Mack,,834-361-2764,Sheridan,United States,40597,Ohio,85 Eve,1981-01-11
crmid:4786548545,dupes1885@gmail.com,Raymundo,Jordan,,916-787-1900,Hercules,United States,74540,Hawaii,266 Chinook,1971-12-29
crmid:7785947014,annum1962@yahoo.com,Heath,Vazquez,,660-468-8128,SeaTac,United States,67408,Kentucky,1388 Lick,1981-08-01
crmid:7783246801,cavum1862@yandex.com,Deon,Barnett,male,474-549-5672,Burleson,United States,16181,New Hampshire,197 Sutro Heights,1943-03-02
crmid:8759180935,trunks2034@yandex.com,Kennith,Sharpe,,847-864-7628,New Hope,United States,44663,Iowa,938 Irwin,1996-07-29
crmid:1726130094,megaloenteron1877@gmail.com,Maegan,Webb,female,713-583-1372,Council Bluffs,United States,86968,Nebraska,257 Sagamore,1951-11-11
crmid:1484517675,alumnal1804@yandex.com,Darin,Snyder,,956-991-7772,Martinsburg,United States,83127,South Carolina,20 Whittier,1987-06-13
crmid:4481024816,punkwood1838@yahoo.com,Ethan,Wiley,,228-801-1689,Sterling Heights,United States,54892,Virginia,1173 Fargo,1994-07-18
crmid:4987696136,outwept1813@yahoo.com,Gilbert,Boyle,male,127-447-0197,University Park,United States,90026,Alaska,268 Schofield,1994-02-08
crmid:1570290786,anything1886@live.com,Lloyd,Barr,,267-731-8708,Yorba Linda,United States,97691,Mississippi,819 Battery Dynamite,1982-02-14
crmid:7776938950,cames1833@outlook.com,Michel,Rodriquez,male,554-634-9444,Avondale,United States,45055,New Jersey,810 Park Presidio,1935-07-25
crmid:6359378302,panther2057@live.com,Willis,Ballard,male,888-381-3359,Burnsville,United States,54902,Mississippi,402 Murray,1943-10-02
crmid:2938032008,wingseed1813@yandex.com,Dusty,Burke,male,428-295-5060,Carson City,United States,11042,Louisiana,824 Dove,1944-03-04
crmid:2911366620,costed2068@yahoo.com,Fausto,Hull,,320-027-9346,Logansport,United States,62643,North Dakota,732 Minna,1983-11-08
crmid:1257611416,pointer1850@outlook.com,Aundrea,Castro,female,585-586-7703,University Place,United States,57606,South Carolina,81 Chicago,1996-12-06
crmid:1001354981,balcony1957@yahoo.com,Lucius,Holland,,038-114-0180,Matthews,United States,92943,New York,75 Lockwood,1988-04-06
crmid:5379592505,malices1963@yahoo.com,Herma,Mccarthy,female,203-569-7413,Mountlake Terrace,United States,75150,Indiana,206 Great,1994-12-29
crmid:4583066216,burin1965@outlook.com,Xavier,Medina,,612-706-2490,Mineola,United States,52566,Massachusetts,530 Dr Tom Waddell,1991-09-16
crmid:7382371899,lotas1806@outlook.com,Leon,Ramirez,female,473-878-3402,Pocatello,United States,72710,New Mexico,1288 Helen,1958-05-24
crmid:3868132861,ch1807@live.com,Aurelio,Ashley,,396-131-6257,San Mateo,United States,58968,Arkansas,82 Otsego,1973-04-21
crmid:7222297101,culled1911@live.com,Junko,Frye,female,989-690-8404,Santa Ana,United States,69325,South Dakota,923 Goleta,1951-04-10
crmid:6705695888,adena1835@yahoo.com,Adolph,Wooten,male,218-099-8006,San Gabriel,United States,09717,Texas,609 Brown,1932-01-31
crmid:4723275819,engluts1919@yandex.com,Antonia,Sutton,,811-106-7645,Sheboygan,United States,49899,Utah,456 Ewing,1988-02-18
crmid:6837997387,snowdrop2023@yahoo.com,Alise,Morgan,female,472-074-7326,Denison,United States,09540,California,180 Kohler,1954-01-21
crmid:8600875767,splacknuck1874@live.com,Jerold,Mcbride,,627-726-1510,Holly Springs,United States,03528,Utah,609 Sala,1972-01-05
crmid:4553461908,collie1815@yandex.com,Theodore,Pennington,male,920-238-0121,Canton,United States,52689,Iowa,157 Chase,1944-09-23
crmid:3484455836,iters1850@gmail.com,Rosann,Ayala,female,473-212-1625,Elko,United States,70116,Utah,1211 Oshaughnessy,1959-07-01
crmid:9228118074,sketch2013@outlook.com,Reatha,Conley,female,013-181-2919,De Land,United States,78126,Arizona,474 Fairbanks,1953-12-20
crmid:7417513689,eidetic1886@outlook.com,Shan,Mathews,female,061-985-1523,Chaska,United States,66571,Alaska,301 Tandang Sora,1946-10-21
crmid:6318109029,snidest1916@yandex.com,Delpha,Stephens,female,182-605-2595,East Palo Alto,United States,19382,New Jersey,1003 Elizabeth,1957-02-28
crmid:9220565132,underreader2069@live.com,Kacy,Cline,female,918-328-4328,Elk Grove Village,United States,24610,Wisconsin,791 Reposa,1959-04-06
crmid:2534083864,electrocute2063@live.com,Claudio,Parks,,639-403-9730,Reedley,United States,52966,Tennessee,697 Thrift,1999-06-10
crmid:9479273609,anisotropic1893@gmail.com,Emil,Ochoa,,013-900-8669,Millbrae,United States,71796,Indiana,614 Farragut,1990-07-04
crmid:1290716367,greylag1888@gmail.com,Kenisha,Golden,female,352-256-4437,Chicago Heights,United States,20552,Illinois,437 Boylston,1947-05-11
crmid:3125150357,dendral1804@yandex.com,Grover,Hodge,,025-876-6494,Norco,United States,20622,West Virginia,759 Alta Mar,1998-05-15
crmid:1035838447,countermandable1936@yahoo.com,Mitsuko,Green,female,989-139-1628,Warwick,United States,13732,Mississippi,697 Digby,1953-07-12
crmid:3937319981,undog1978@outlook.com,Luther,Ford,,448-163-4531,Kankakee,United States,82357,Oregon,427 Miguel,1976-08-09
crmid:2244045068,churchill1966@gmail.com,Jerrica,Reilly,female,603-778-8193,Troy,United States,17055,Florida,818 Bonita,1947-04-24
crmid:8385763240,semicomical1814@yahoo.com,Norbert,Cooley,,873-744-2511,Millbrook,United States,98461,Michigan,970 Avenue B,1991-02-28
crmid:5946255716,scarped2025@outlook.com,Carry,Lynch,female,547-622-2586,Mountain View,United States,61805,New Hampshire,1019 Tennessee,1994-10-28
crmid:6570461771,aurore1887@live.com,Alfonzo,Crawford,,796-750-3577,Kirkwood,United States,70704,Hawaii,1251 Donner,1978-12-20
crmid:3685270339,dassent2001@yandex.com,Drew,Park,,603-392-2066,Laconia,United States,47319,Georgia,353 Page,1979-07-23
crmid:7340376561,internetwork1832@gmail.com,Lyman,Poole,,983-478-1581,Kingsville,United States,96478,South Dakota,74 Boylston,1978-04-22
crmid:9727750519,whitier1943@yahoo.com,Carmelo,Calhoun,,542-247-0145,Santa Monica,United States,46103,Oregon,128 Keppler,1987-02-21
crmid:8441410433,acryl1979@outlook.com,Emeline,Jensen,female,172-991-1288,Starkville,United States,19709,Connecticut,445 Kern,1946-03-15
crmid:3682836942,augends1895@live.com,Rod,Randolph,,009-832-5990,Maple Heights,United States,49644,Idaho,59 Lois,1986-07-05
crmid:1906842770,morpho1925@yandex.com,Jake,Lopez,,714-955-7519,San Gabriel,United States,92162,Georgia,651 Hill,1971-05-30
crmid:5182625743,australi1921@live.com,Cletus,Sanford,,092-439-4134,Minot,United States,36873,Maryland,10 Carnelian,1991-06-12
crmid:9976243959,clitia1923@outlook.com,Von,Head,,528-901-2849,Muskego,United States,35515,Ohio,869 Heron,1994-05-28
crmid:6671562984,aptitude1930@yahoo.com,Abe,Mccray,,987-161-6572,Racine,United States,33997,Arizona,600 Hyde,1976-03-13
crmid:7442291447,articulate1977@gmail.com,Oren,Ferrell,,153-512-7114,Hialeah Gardens,United States,08692,Montana,561 Middlefield,1971-01-07
crmid:7476449676,represented1825@outlook.com,Kendall,Wolf,male,378-136-3230,Boise City,United States,36037,New Hampshire,569 Compton,1940-06-20
crmid:1013758206,lactim1941@yahoo.com,Claudio,Case,,320-880-4018,West Covina,United States,95878,Connecticut,679 Dorado,1984-01-24
crmid:9096270007,april1868@outlook.com,Kendrick,Rocha,,405-661-8600,Midlothian,United States,30789,West Virginia,933 Daggett,1990-06-07
crmid:7547834261,refrustrated1802@yahoo.com,Leonardo,Morton,male,944-533-9011,Belton,United States,76466,Wyoming,1034 Sheldon,1937-06-21
crmid:6381269693,broadmouth1809@outlook.com,Burt,Mcguire,,149-126-7496,Shawnee,United States,98525,Vermont,562 Treat,1994-06-08
crmid:1800448077,upbrighten2016@yahoo.com,Jackie,Jimenez,male,580-909-1772,Alton,United States,94575,Virginia,856 Augusta,1931-05-15
crmid:2947783364,achromic1843@yandex.com,Gaston,Acosta,male,090-553-6237,Rocky Mount,United States,95090,Kansas,174 Bayview Park,1997-09-04
crmid:3657236246,chrysant2038@live.com,Rolf,Foreman,,773-047-7248,Port Angeles,United States,35248,New Jersey,956 Lippard,1979-04-19
crmid:2076198543,precisionize1838@outlook.com,Brice,Santiago,,399-380-5454,Steubenville,United States,30540,Rhode Island,492 Burrows,1974-11-01
crmid:8176648217,desynonymization1926@gmail.com,Gus,Gill,male,085-472-1073,Brookfield,United States,63620,New Mexico,39 Sutter,1941-11-08
crmid:6693779270,shandies1962@yandex.com,Alex,Green,,193-479-0684,La Habra,United States,96106,Indiana,650 Ccsf Parking Lot,1978-11-08
crmid:3830411019,weinmannia1971@gmail.com,Shawn,Kirk,,375-861-1299,Vincennes,United States,95692,North Carolina,1372 Springfield,1988-09-21
crmid:5780866842,biune1887@live.com,Fernande,Valentine,female,103-723-9345,Newburgh,United States,18943,Alabama,740 Ecker,1997-04-06
crmid:5927707306,phosphate1976@gmail.com,Maragret,Fitzpatrick,female,220-895-0066,Pittsfield,United States,96309,Mississippi,181 Kronquist,1955-06-10
crmid:9087059830,evzone1866@yandex.com,Emanuel,Durham,male,744-817-8807,Saratoga Springs,United States,01267,Oklahoma,161 Pemberton,1937-03-09
crmid:9692348216,bitumen2012@yahoo.com,Malka,Hobbs,female,131-754-8855,Fairhope,United States,63768,Illinois,1027 London,1961-11-27
crmid:1953181669,dryermen1805@yahoo.com,Timothy,Sykes,,401-736-3312,Mount Pleasant,United States,32520,New Mexico,348 Blackstone,1993-06-10
crmid:1635196122,decagon1971@yandex.com,Hue,Rogers,female,110-542-0904,Pontiac,United States,21157,Michigan,374 Fairfield,1956-04-25
crmid:3847287246,chemotherapeutics1962@gmail.com,Lonna,Allison,female,533-429-4272,North Olmsted,United States,13834,North Carolina,847 Meade,1999-03-11
crmid:2453731383,briolette1997@yandex.com,Alden,Odom,male,638-550-1192,Casper,United States,86436,Michigan,1134 Higuera,1945-01-22
crmid:8211548499,kingliest1979@gmail.com,Glayds,Norman,female,037-207-0800,Spokane Valley,United States,88623,North Carolina,1154 Caire,1957-03-22
crmid:9754043517,palesman1887@yahoo.com,Jin,Freeman,female,428-737-8917,Crestview,United States,26371,New Mexico,422 Fargo,1951-04-10
crmid:7520661687,bigots1888@live.com,Gerald,Moon,,225-375-1434,Savannah,United States,74376,Montana,34 Enterprise,1982-05-10
crmid:5940478104,burrower1810@yandex.com,Garland,Hartman,,870-694-9722,Grandville,United States,67932,Oklahoma,1380 Young,1967-11-03
crmid:4555669450,catgut1993@live.com,Nicholas,Sims,male,692-813-5314,Port Chester,United States,06855,Michigan,222 Laguna,1941-11-14
crmid:5087348411,realty1868@yahoo.com,Emanuel,Greene,,421-268-6759,Huntersville,United States,19412,Florida,1007 Genebern,1973-03-27
crmid:5654974714,optoelectronic1920@gmail.com,Myesha,Walsh,female,153-125-2183,Enterprise,United States,37121,Ohio,1130 Liebig,1960-07-30
crmid:1941276481,correct1914@yandex.com,Santana,Atkins,female,292-801-2907,Tinton Falls,United States,16012,Iowa,471 Lower Fort Mason,1950-10-21
crmid:3240968544,gas1939@outlook.com,Elias,Frost,male,211-492-7208,Aventura,United States,15857,Ohio,1022 Coralino,1935-03-10
crmid:5098835599,chakras1811@outlook.com,Deon,Clay,,990-000-6522,Littleton,United States,67471,South Dakota,366 Arlington,1983-11-01
crmid:5201605485,inducting1902@live.com,Yong,Rose,,983-652-7887,Kaysville,United States,14785,Arizona,1001 Sears,1976-03-14
crmid:4579800785,blacktongue1983@yandex.com,Simon,Hardy,,957-126-1117,Ventura,United States,81805,Hawaii,736 Chenery,1984-04-21
crmid:2297647531,boatly1992@gmail.com,Maurice,Hansen,male,601-954-3371,Alpharetta,United States,99036,California,921 Delaware,1931-07-12
crmid:4483740202,blame1865@yahoo.com,Monroe,Summers,,813-704-3132,Woodbury,United States,74242,Oregon,581 Crestline,1962-08-26
crmid:2951467486,mermnad1840@yandex.com,Trey,Hall,,085-398-2474,New Bern,United States,94466,Oklahoma,438 Nellie,1996-07-09
crmid:2976871658,focally2052@gmail.com,Wesley,Walters,,384-127-5188,Greenacres,United States,52690,Tennessee,331 Spruce,1968-09-07
crmid:6808593370,motophone1873@yahoo.com,Glenn,Snyder,,341-245-7731,Jonesboro,United States,26783,Alaska,1322 Octavia,1976-04-18
crmid:5283693650,novela1846@yandex.com,Lenny,Vaughan,,856-750-1391,Rogers,United States,64139,Texas,433 Castro,1986-01-06
crmid:7304930298,comfort1950@yahoo.com,Hassan,Sanford,male,593-629-1450,South Salt Lake,United States,07222,Rhode Island,672 Fielding,1934-04-26
crmid:7002003391,cristie1994@yandex.com,Bryan,Klein,,874-908-7204,Norfolk,United States,40023,Pennsylvania,1007 Montecito,1998-07-04
crmid:8948204299,motophone1970@yandex.com,Valery,Hoover,female,833-736-3555,Federal Way,United States,51383,Maryland,633 Hartford,1961-09-14
crmid:8842296685,lease2029@outlook.com,Rolf,Lyons,male,180-776-3612,Sunnyvale,United States,77565,Massachusetts,514 Rosemont,1934-12-16
crmid:5129104340,apama1979@live.com,Monte,Guzman,male,753-171-8261,Broomfield,United States,44375,Michigan,373 Belgrave,1942-07-12
crmid:9345863572,chotts1862@live.com,Avery,Galloway,female,646-381-6598,Savage,United States,90626,Alaska,859 Fortuna,1948-01-11
crmid:1777464549,andirin1873@outlook.com,Renay,Kirk,female,442-902-1229,East Orange,United States,49060,Iowa,1393 Fallon,1957-07-16
crmid:6924953309,cheques1978@yahoo.com,Janiece,Hendricks,female,244-690-4526,Oakland,United States,13363,New Hampshire,271 Serrano,1949-04-13
crmid:3787447706,pseudonym1933@outlook.com,Arlie,Kirby,,942-752-8333,Kenner,United States,78209,North Dakota,1310 Marine,1977-02-28
crmid:8605543460,caridean1907@outlook.com,Marni,Rivers,female,849-722-1382,El Dorado,United States,67846,Montana,665 Sharon,1958-11-12
crmid:2846567652,portment2052@live.com,Russ,Hess,,228-626-9104,Mount Pleasant,United States,30476,Connecticut,532 Kensington,1993-06-01
crmid:9971187732,autobiographal1978@yandex.com,Mario,Terry,,307-076-9084,Fort Walton Beach,United States,58258,Georgia,715 Bank,1963-09-25
crmid:2733887484,bagels1827@gmail.com,Sonny,Neal,,946-266-1547,Laguna Niguel,United States,11670,New Jersey,839 Sola,1979-02-14
crmid:2665970893,amorist2033@outlook.com,Stefania,Marsh,female,303-721-2670,Norfolk,United States,15807,Vermont,103 Mint,1998-03-16
crmid:2373296410,curvilinear1979@gmail.com,Noe,Hinton,,202-439-0479,Monroe,United States,85294,Wyoming,923 Catherine,1992-10-19
crmid:8119485585,vault1877@gmail.com,Bryon,Conner,,142-359-3555,Greenville,United States,57552,California,248 Florida,1968-09-28
crmid:8710929415,catherina2056@yandex.com,Micah,Buck,,977-983-9938,Mankato,United States,16217,Idaho,212 Stoneyford,1986-03-19
crmid:3867722499,wichtisite1970@gmail.com,Damien,Porter,male,245-251-5157,Summerville,United States,91132,Nevada,477 Trader Vic,1942-02-23
crmid:8133813233,dilbert1935@live.com,Lindsey,Duncan,,800-376-8173,Hendersonville,United States,20332,South Dakota,765 Abbey,1971-04-03
crmid:6548872781,kingfisher1950@outlook.com,Stacey,Eaton,,811-823-6393,Louisville,United States,21563,Washington,402 Delgado,1984-04-05
crmid:9691659253,adjoining1827@gmail.com,Dulcie,Foreman,female,693-529-4253,West Lafayette,United States,81105,Illinois,471 Orchard,1999-03-28
crmid:7783841510,windswept2062@gmail.com,Ernest,Scott,,041-084-0959,San Juan Capistrano,United States,82880,Utah,1342 The Block,1985-04-03
crmid:6932288431,chunmei2057@live.com,Neomi,Curry,female,183-980-0332,Dolton,United States,62552,Oklahoma,1029 Merritt,1955-11-13
crmid:6546411268,haters1965@outlook.com,Jarrod,Burch,,317-603-5298,Pharr,United States,71117,Oregon,1205 Wall,1985-03-07
crmid:4123949211,bowlful2043@gmail.com,Christoper,Dudley,male,328-686-6435,Rosemead,United States,50817,New Mexico,624 Hillside,1940-02-08
crmid:5766165891,carburant1857@gmail.com,Simona,Ortiz,female,358-597-5569,Natchitoches,United States,84764,Maine,1228 Wallen,1995-03-16
crmid:5591161780,cornea1971@live.com,Erwin,Barrett,,434-181-8945,Fremont,United States,13029,New Hampshire,721 Nancy Pelosi,1964-04-18
crmid:8160911713,husbandfield2036@yahoo.com,Eura,Noble,female,420-697-1565,Terrell,United States,71345,Ohio,109 Gorgas,1949-03-21
crmid:6116315956,triaene1860@gmail.com,Olin,Sosa,,160-688-4744,Lakeland,United States,23684,West Virginia,311 Copper,1980-04-19
crmid:4120768057,interflow1931@gmail.com,Felton,Riggs,,762-114-1689,Machesney Park,United States,99852,Alaska,1307 Imperial,1985-12-31
crmid:3791958883,brack2044@live.com,Perry,Larsen,,494-692-0599,North Charleston,United States,68404,New Mexico,977 Quesada,1998-11-24
crmid:3898352343,dorter1987@gmail.com,Hien,Gillespie,female,674-381-3579,Evans,United States,63534,Georgia,276 Patterson,1960-11-07
crmid:9885803626,bystreet1874@yandex.com,Mckinley,Nash,male,734-801-9659,Youngstown,United States,06181,Arizona,1190 Mayfair,1930-07-21
crmid:9058805110,rhinoplasty1846@yandex.com,Terrell,Madden,,927-571-9067,Fontana,United States,98456,Ohio,186 Glenbrook,1962-10-14
crmid:1188926477,costs2008@yandex.com,Jamison,Garcia,male,902-449-8299,University Park,United States,18318,Nebraska,41 Colby,1943-05-11
crmid:6388769800,conestoga1864@yandex.com,Rocky,Frost,,041-242-1112,Kennewick,United States,38356,Nebraska,972 Ellert,1977-06-05
crmid:1964970118,rearwards1867@yahoo.com,Valene,Hensley,female,648-558-4695,Duncan,United States,64283,Ohio,346 Saint Josephs,1956-11-17
crmid:1770331871,reamalgamated2006@yahoo.com,Anton,Cooke,,807-945-5280,Joliet,United States,13035,Maryland,1 Johnstone,1976-03-25
crmid:4452421658,electromassage1839@yandex.com,Dennis,Odom,male,817-613-2312,Allen Park,United States,11678,California,324 Frank Norris,1931-03-22
crmid:5010266553,unnomadically1943@outlook.com,Alonso,George,,625-075-7753,Glendale Heights,United States,37372,South Carolina,490 Carver,1966-06-09
crmid:4620087612,unsoporific2048@yandex.com,Ilda,Castillo,female,551-298-3648,Edgewater,United States,52824,New Hampshire,1153 Wanda,1958-10-25
crmid:1838850787,glome1944@outlook.com,Rhett,Travis,,100-132-7666,Forest Lake,United States,89758,Pennsylvania,577 Rio Verde,1962-08-24
crmid:7129750468,megalomaniac2048@gmail.com,Merna,Nelson,female,453-933-5410,South Milwaukee,United States,17618,New York,910 Arthur,1952-06-21
crmid:2881296716,daymare2047@live.com,Reed,Franklin,,470-845-7825,West Mifflin,United States,61374,Missouri,992 Storey,1986-03-17
crmid:1164849783,buttermaker2055@gmail.com,Tad,Meyer,male,644-188-9491,Burien,United States,66755,New York,1313 Vista,1942-12-18
crmid:2045425858,sycophantry1888@live.com,Gustavo,Burgess,,428-344-2080,Macon,United States,20287,Wyoming,1332 Entrada,1985-05-31
crmid:4862924078,aztecs2033@live.com,Douglass,Fields,male,334-675-7189,Natchez,United States,66286,Montana,934 Bob Kaufman,1995-10-04
crmid:6153845090,dowse2052@live.com,Marcus,Chang,male,926-116-8264,Williamsport,United States,03441,Louisiana,899 Excelsior,1942-07-06
crmid:9640343571,kinglet2015@yahoo.com,Jim,Stafford,,200-800-9291,Kirksville,United States,60378,Nebraska,67 Hattie,1978-11-01
crmid:5865354734,extemporaneity1940@live.com,Maximo,Cooley,,277-083-6969,Paragould,United States,32018,Pennsylvania,561 Varela,1976-04-16
crmid:9288573650,dives1951@live.com,Zachery,Franks,male,295-914-0554,Apex,United States,54857,Maine,480 Merlin,1933-10-10
crmid:2334060418,glowfly1861@gmail.com,Thurman,Cardenas,male,574-410-3258,Burton,United States,61134,Virginia,961 Friendship,1943-12-18
crmid:4132358050,couplet1975@yahoo.com,Monty,Baxter,male,560-493-9151,Bangor,United States,47035,Tennessee,139 Bradford,1936-07-02
crmid:2082797860,trickiness1801@gmail.com,Janay,Hall,female,992-474-6673,East St. Louis,United States,23600,Rhode Island,499 Martha,1957-04-12
crmid:7607115807,effaced1925@live.com,Randall,Weaver,,837-748-7409,Port Chester,United States,36349,Montana,1278 Hilton,1977-09-21
crmid:8924306870,protrusile2063@outlook.com,Thalia,Alford,female,427-510-6006,Spring Valley,United States,79568,Alabama,1053 Shipley,1947-11-22
crmid:4798488681,infest2042@yahoo.com,Al,Jenkins,,213-809-0153,Ferguson,United States,26413,Delaware,740 Monterey,1962-04-09
crmid:7570244404,mesovaria2001@gmail.com,Melvin,Rodriquez,male,516-082-0426,Shively,United States,09397,New Mexico,622 Owen,1931-12-25
crmid:8452396776,antirepublican1912@outlook.com,Gavin,England,male,194-460-1517,Pinole,United States,79257,Iowa,350 Brook,1938-04-09
crmid:9579702424,cabrio1998@yandex.com,Lucilla,Finch,female,494-749-1618,Cheyenne,United States,32694,New Mexico,395 Maynard,1947-06-09
crmid:3872235668,epigrammatic2061@yandex.com,Jamel,Gaines,,863-811-8816,McKinney,United States,60217,North Carolina,943 Kern,1988-11-12
crmid:5701236554,diptera2023@live.com,Ha,Buckner,female,085-336-0050,North Lauderdale,United States,61440,Florida,756 Safira,1998-10-06
crmid:5096785397,stelic1801@gmail.com,Johnathan,Bishop,male,464-644-9547,Antioch,United States,69037,North Carolina,1021 Malvina,1933-10-29
crmid:6186653173,hoops2009@gmail.com,Faustino,Nash,,191-803-8124,Golden,United States,06196,Connecticut,1079 Phelps,1966-02-25
crmid:7317696075,undefiniteness1867@yahoo.com,Margareta,Jefferson,female,523-931-0673,Evergreen Park,United States,37394,Arkansas,380 Gibbon,1960-06-15
crmid:4382048618,fumigation2040@yahoo.com,Sammie,Ochoa,,206-901-4137,Mankato,United States,88866,Texas,1222 Loma Vista,1986-09-29
crmid:9471750991,engineers1851@gmail.com,Herbert,Cruz,,816-181-7721,Glenview,United States,49207,Virginia,411 Church Parking Lot,1966-08-16
crmid:8589270901,polyodontia1821@live.com,Donny,Richmond,,012-338-0978,Mount Clemens,United States,88076,Ohio,43 Beachmont,1993-06-29
crmid:7747715299,highflier1942@live.com,Omer,Barrera,male,276-558-4071,Round Lake,United States,04832,Maine,232 Topaz,1936-12-14
crmid:7096123061,dingo1885@gmail.com,Alva,Carey,male,446-941-0617,Palatine,United States,11719,Oregon,1314 Webb,1942-01-05
crmid:3639209441,takeout1869@live.com,Beata,Nichols,female,389-677-9881,Pearland,United States,69695,Florida,642 Minerva,1953-01-21
crmid:9264987169,raven1967@gmail.com,Jeneva,Morin,female,405-931-3733,East Ridge,United States,86656,Oregon,749 Jeopardy,1957-04-21
crmid:1313244480,unalterable2026@live.com,Judson,Baker,,928-908-9802,Franklin,United States,99853,New Hampshire,1391 Butte,1963-08-30
crmid:1136533025,eldreth1830@gmail.com,George,Stanley,male,157-985-1934,Baltimore,United States,27001,Oregon,737 Mountview,1935-04-28
crmid:1448716927,acolapissa2058@gmail.com,Kris,Witt,,923-123-4662,Owensboro,United States,46538,Nebraska,983 Sweeny,1987-03-23
crmid:1850181640,interflow1940@outlook.com,Miles,Snyder,male,895-618-2500,Anaheim,United States,98455,Vermont,275 Lundys,1932-07-27
crmid:3039407307,coyish1982@live.com,Alphonso,Koch,,082-202-3787,Wildwood,United States,20341,Oklahoma,1375 Cameron,1962-12-01
crmid:4968129327,chignon1853@outlook.com,Tracey,Clark,male,646-454-2089,Allen,United States,71450,Alaska,897 North Point,1931-12-18
crmid:8635348449,scoop1978@outlook.com,Lynwood,Ochoa,,075-671-0657,University City,United States,80766,Missouri,452 Beeman,1975-01-08
crmid:9886043502,crozer1915@yahoo.com,Reuben,Riddle,,879-349-9812,Lakewood,United States,26267,Maine,462 Brotherhood,1980-05-31
crmid:9418133803,labiduridae1867@gmail.com,Anton,Tran,,317-603-2340,Madison,United States,06095,Florida,408 Paraiso,1985-01-12
crmid:1344031488,recrank2007@yandex.com,Moses,Mays,male,970-675-9637,Bossier City,United States,95949,Washington,5 Mabrey,1940-07-19
crmid:1298590949,definitised1882@live.com,Argentina,Huff,female,249-710-6892,Rancho Mirage,United States,96804,Utah,576 Edgemont,1950-01-15
crmid:2387084442,encephaloscopy1937@outlook.com,Jason,Gilmore,,247-175-7389,Gastonia,United States,82326,Vermont,769 Jennifer,1965-05-08
crmid:9219876187,costumey1934@yahoo.com,Bryon,Robertson,,596-671-1106,Garner,United States,38716,New Jersey,1264 Tocoloma,1965-05-11
crmid:9119258792,precollegiate2027@live.com,Gary,Newman,female,791-032-1902,Fall River,United States,81462,Illinois,428 Faxon,1961-03-21
crmid:2891236161,abstracted1832@yahoo.com,Neal,Goodman,,211-057-7519,Indio,United States,84430,Kansas,200 Hooper,1974-02-16
crmid:7646433014,blending1950@yandex.com,Linwood,Knight,male,470-550-2413,Napa,United States,79417,Nebraska,1376 Silver,1995-02-12
crmid:1730633671,clients1942@outlook.com,Delmy,Hess,female,525-848-9527,South Elgin,United States,86671,Utah,932 Westwood,1956-11-29
crmid:3933835613,dingo1838@yandex.com,Basil,Hutchinson,,735-415-5967,Upper Arlington,United States,32408,Massachusetts,708 Burrows,1976-04-28
crmid:2809297313,sanatorium1933@yahoo.com,Kasi,Santana,female,018-768-5490,Covington,United States,87738,Kentucky,150 Tonquin,1951-12-09
crmid:6287005685,equiped1869@gmail.com,Alex,Powers,male,268-354-7051,Port Arthur,United States,75073,Montana,33 Hearst,1941-01-24
crmid:6411923449,amorim1924@yahoo.com,Alethia,Barlow,female,334-907-8083,Corpus Christi,United States,03233,New York,1161 Wattson,1951-01-02
crmid:1382486639,overhumanizing1891@gmail.com,Howard,Webb,,537-452-7753,Stamford,United States,77653,Washington,672 Wattson,1999-12-27
crmid:8663833466,desmopyknosis1988@yahoo.com,Doyle,Morse,,522-524-4420,Huntersville,United States,29681,Maryland,52 Nauman,1973-04-27
crmid:9156734888,defensor1881@gmail.com,Ja,Edwards,female,443-105-0887,Saratoga,United States,12673,North Carolina,552 Page,1952-04-09
crmid:6763499222,cardamom1880@outlook.com,Dustin,George,male,574-656-6608,Atlantic City,United States,16444,Alaska,505 Riverton,1934-03-11
crmid:2810357352,documentary2050@outlook.com,Duncan,Woodard,,606-337-7541,Pasadena,United States,55697,Hawaii,936 Verna,1994-08-20
crmid:8251924987,unhideable1955@gmail.com,Lucina,Ewing,female,647-865-6757,Dana Point,United States,30364,Washington,1021 Valmar,1952-06-09
crmid:1484347280,childe1870@outlook.com,Eddy,Rivers,,063-063-3718,Mount Pleasant,United States,81816,Florida,1387 Buckingham,1993-06-07
crmid:7414297109,epicentral1899@gmail.com,Frederick,Dillon,,773-601-0990,Howard,United States,27762,Virginia,143 Clipper Cove,1973-05-21
crmid:9901427234,mellic1930@yandex.com,Roberto,Duke,,517-774-4240,Pembroke Pines,United States,94741,New Mexico,331 Hollywood,1990-10-16
crmid:2215615274,camber1953@live.com,Stewart,Booth,,022-423-0315,Michigan City,United States,55542,California,551 Hillcrest,1990-10-15
crmid:2996706194,pteridium2007@live.com,Kraig,Clemons,,390-760-9209,Waterloo,United States,82799,Idaho,815 Steuart,1964-11-26
crmid:8530323543,barnacle2066@yandex.com,Darwin,Olsen,,974-322-9083,Inkster,United States,65751,Illinois,878 Towerside,1974-10-21
crmid:2966281511,astonishing2022@yahoo.com,Robert,Finley,,387-187-9395,Las Cruces,United States,42260,Wyoming,298 Marcela,1981-07-18
crmid:6066419893,chores2024@gmail.com,Kim,Savage,,802-425-8783,St. Louis Park,United States,54863,California,1160 Farview,1997-08-09
crmid:1593051279,secateurs1878@outlook.com,Hyman,Reynolds,male,290-603-1929,Bowling Green,United States,96992,Georgia,531 Emerson,1940-10-09
crmid:6818647602,couple1920@live.com,Alvin,Blackwell,male,153-269-5623,Simpsonville,United States,00399,Illinois,1049 Gaven,1934-01-03
crmid:3889844256,stinkbug1945@yahoo.com,Jewell,Santana,male,211-920-7198,Alhambra,United States,79736,Massachusetts,614 Johnstone,1931-12-26
crmid:3184731164,architectural2070@gmail.com,Johnathon,Levy,male,403-965-0563,Bellflower,United States,63054,Colorado,22 Magnolia,1937-10-29
crmid:6389180425,infectionist1808@gmail.com,Dick,Smith,,729-084-0545,Jonesboro,United States,94190,Alaska,76 Bob Kaufman,1976-12-14
crmid:7210304836,walspere1995@live.com,Maryalice,Christian,female,054-798-1235,Daly City,United States,81845,Missouri,147 Loraine,1952-06-06
crmid:7699191535,phenylic1889@yahoo.com,Tim,Marshall,,947-897-6963,Rancho Santa Margarita,United States,69545,Virginia,1254 Lundys,1994-06-17
crmid:4232957688,breaker1974@yandex.com,Ian,Sutton,,866-596-2515,McKeesport,United States,47180,Michigan,1297 Graymalkin,1988-08-24
crmid:3943477136,cantharis2052@outlook.com,Howard,Battle,,146-680-7949,West Linn,United States,48742,Oklahoma,236 Stanton,1993-10-28
crmid:8046787621,afraid1982@live.com,Reanna,Gregory,female,569-222-1634,Cicero,United States,44356,Vermont,1360 Glendale,1947-07-12
crmid:5318956389,elegances1879@yandex.com,Hannelore,Shelton,female,644-845-0153,Taylor,United States,99868,Illinois,320 Griffith,1957-11-20
crmid:3838080853,serratospinose1923@live.com,Branda,Sykes,female,330-484-1363,Willmar,United States,82982,Kansas,776 Cordelia,1956-01-28
crmid:6430714775,dryers1830@outlook.com,Percy,Rutledge,male,694-807-9953,Battle Ground,United States,97699,Oregon,1298 Estero,1936-08-26
crmid:6921198897,hypertrophic1800@live.com,Lien,Huber,female,692-606-6206,Pearland,United States,26438,Vermont,471 Michigan,1957-11-10
crmid:6654949747,morular1807@yandex.com,Randy,Gillespie,,013-900-6012,Mount Clemens,United States,30420,Arkansas,314 Chaves,1993-07-30
crmid:4530367847,scarabs2030@live.com,Emile,Edwards,,589-190-2380,Weslaco,United States,45827,Idaho,892 Inca,1988-10-28
crmid:7772524254,abidal1883@yahoo.com,Josh,Herman,,225-954-2706,Scarsdale,United States,53564,Kentucky,1250 Amador,1997-06-12
crmid:4678516723,topos2035@outlook.com,Erline,Johns,female,728-375-0276,Woodbury,United States,91464,Wisconsin,526 Mccoppin,1954-03-15
crmid:7077945449,curcumas1921@yahoo.com,Wilford,Mcdowell,male,930-911-2774,Ardmore,United States,75229,Massachusetts,134 Eddy,1933-12-20
crmid:7961979179,heiress1953@live.com,Tajuana,Anthony,female,324-318-2604,Danville,United States,84474,Louisiana,485 Rolph,1953-08-01
crmid:8610533639,anthelia1864@live.com,Jefferey,Franklin,,890-816-5435,Lewiston,United States,02331,Florida,986 Ocean,1982-02-08
crmid:1797916520,caridean1874@outlook.com,Omar,Kinney,,015-187-5919,Summit,United States,89484,Nevada,346 Dewitt,1974-09-15
crmid:5750319021,pendative1964@yandex.com,Jeanice,Vincent,female,664-528-1978,Colleyville,United States,59239,South Dakota,1389 Constanso,1949-10-08
crmid:9212909628,chipchap1932@yandex.com,Neal,Phillips,,224-481-0509,Mount Clemens,United States,36498,Kentucky,501 Capitol,1993-06-09
crmid:1101569515,arnone2034@yandex.com,Tequila,Vinson,female,236-842-8748,Rockford,United States,25142,Minnesota,540 Pena,1958-09-30
crmid:6336969849,annihilates1865@gmail.com,Xavier,Roberts,male,718-097-1577,Amsterdam,United States,77487,Illinois,156 Melba,1932-10-25
crmid:8952444571,benthos1977@yahoo.com,Clifton,Hall,,941-620-6025,Fitchburg,United States,83412,Rhode Island,1113 Midcrest,1962-12-11
crmid:4002004497,drunks2026@outlook.com,Markus,Sweeney,,838-597-5699,Tracy,United States,85823,Missouri,908 Mercedes,1970-10-24
crmid:3374575262,batwa1906@gmail.com,Isiah,Holmes,male,856-809-1049,Tucson,United States,99202,Pennsylvania,1260 Lassen,1936-05-14
crmid:5122821071,foreknowable1879@yandex.com,Elbert,Stafford,,564-296-3073,Mount Prospect,United States,07786,Georgia,1301 Mariner,1993-02-22
crmid:8531396575,zanza1859@live.com,Michal,Allison,,845-846-7356,Noblesville,United States,38580,Hawaii,949 Conservatory,1997-06-02
crmid:6569591181,stoat2039@yandex.com,Jamar,Dixon,,617-588-4636,Temecula,United States,33426,Illinois,958 Birch,1974-07-28
crmid:6521574845,akkadian1845@gmail.com,Calvin,Santana,,891-030-0466,Zion,United States,20870,Colorado,175 Bliss,1963-08-03
crmid:7658886921,curite1868@live.com,Lilli,Torres,female,289-435-7630,Dearborn,United States,34681,Louisiana,651 Spencer,1953-05-29
crmid:3197307652,zelkova1975@yandex.com,Kelvin,Simpson,male,835-705-8245,Brigham City,United States,38269,Maine,1291 Mccann,1941-06-27
crmid:8493943563,paradise1882@yandex.com,Greg,Villarreal,male,125-457-2279,Boca Raton,United States,22112,Oregon,1168 Rossi,1940-04-30
crmid:5869544563,flachery1808@gmail.com,Olen,Sykes,,185-282-8434,Fort Myers,United States,99141,Alaska,1228 Del Sur,1963-07-24
crmid:3173483788,whoever2017@outlook.com,Sueann,Phillips,female,796-284-4106,Des Plaines,United States,46942,Delaware,846 Hutchins,1954-08-23
crmid:1007787959,crozer1859@outlook.com,Marlin,O'donnell,male,380-598-9426,Summit,United States,06060,Mississippi,1341 Broadmoor,1934-07-22
crmid:6306397574,earring2065@live.com,Octavio,Caldwell,male,832-677-4272,Redding,United States,60182,Michigan,924 Mary,1940-07-05
crmid:9630501162,tetra1820@yandex.com,Robt,Valenzuela,,282-480-9213,Idaho Falls,United States,90939,Kansas,502 Battery East,1974-01-21
crmid:1009269858,spent2007@outlook.com,Jamey,Foster,male,891-268-6886,Addison,United States,27312,Hawaii,815 Crags,1930-05-10
crmid:2077147987,wiggeries2030@live.com,Francesco,Larson,,782-756-8044,St. Peters,United States,49028,Oklahoma,868 Ruckman,1988-11-04
crmid:5912881584,cruise2028@outlook.com,Cameron,Moon,,445-140-7506,Missouri City,United States,59306,Wyoming,1289 Walbridge,1992-09-30
crmid:9349444177,beebe1959@gmail.com,Luis,Reilly,male,740-945-2367,Pittsfield,United States,63078,Maryland,897 Meacham,1939-06-24
crmid:2154295288,signal1865@outlook.com,Evelina,Marsh,female,190-730-5414,Cleveland Heights,United States,85717,Florida,766 Brighton,1948-03-18
crmid:8699825962,browning1801@live.com,Edison,Miles,male,125-643-0069,Calumet City,United States,66607,Oregon,1331 Berkeley,1943-11-06
crmid:5433996974,earring2067@yandex.com,Geraldo,Clemons,male,822-792-3348,Bell Gardens,United States,78186,Delaware,1170 Lee,1937-12-28
crmid:3302070627,seawan1889@live.com,Wilford,Hancock,,786-271-9625,Jersey City,United States,38738,Missouri,360 Sussex,1975-06-18
crmid:1757099472,charlotte2024@yahoo.com,Reggie,Donaldson,,550-175-8821,Oakdale,United States,79543,South Dakota,491 Santa Ana,1962-09-26
crmid:2964280931,ashcake1921@live.com,Rene,Wyatt,male,215-991-9712,Vernon Hills,United States,09829,Maine,268 Moss,1937-08-21
crmid:6246891940,hieracosphinxes1919@yahoo.com,Rodrigo,English,,447-607-4400,Mercer Island,United States,45463,Iowa,919 Lawton,1989-08-18
crmid:9389765359,pleasurably1943@yandex.com,Kendrick,Hunter,,125-746-7630,Inglewood,United States,53541,Louisiana,213 San Carlos,1974-09-29
crmid:7288359124,requisitely1819@yandex.com,Trevor,Vega,,898-019-2192,Helena,United States,62356,Illinois,80 Van Dyke,1970-12-30
crmid:9755497383,gregariousness1923@outlook.com,Trent,Cabrera,,733-036-7053,Leander,United States,53456,Rhode Island,1142 Heritage,1981-09-25
crmid:3089669606,holts1996@outlook.com,Winford,Cross,male,993-129-4798,Perth Amboy,United States,65582,Washington,686 Anthony,1932-10-07
crmid:6606686149,gulley1994@live.com,Cristopher,Haney,,410-185-9609,Sarasota,United States,60314,Missouri,943 Transbay Loop,1985-01-25
crmid:1993580624,deuterostomata1843@live.com,Dalton,Rios,,810-156-6989,Hallandale Beach,United States,10616,Tennessee,499 Carr,1969-03-27
crmid:9182696986,cheques2055@gmail.com,Emery,Dodson,,356-245-2377,Lancaster,United States,02234,Michigan,1328 Smith,1980-02-01
crmid:5258321837,unconical1996@yandex.com,Dick,Jackson,,731-985-2105,St. Cloud,United States,30112,South Carolina,1320 Old Mason,1971-09-03
crmid:9257095191,deermeat1947@yahoo.com,Lashell,George,female,190-071-2767,Scarsdale,United States,13272,Illinois,742 Briarcliff,1953-05-11
crmid:3298800582,jollier2005@live.com,Hayden,Church,male,535-418-7009,Benicia,United States,91844,Oklahoma,747 Woodhaven,1938-05-06
crmid:9419327525,echard1945@yandex.com,Lynwood,Glover,,776-847-4347,Sparks,United States,73999,Kentucky,692 North,1980-06-24
crmid:8729450878,depict1847@live.com,Blaine,Sloan,,007-344-4671,Kyle,United States,04040,Colorado,82 Alabama,1978-01-24
crmid:8478061170,allegiances1878@live.com,Louis,Chapman,,382-973-2896,Monroeville,United States,42191,Alabama,1104 Lopez,1992-07-17
crmid:2874505615,condom1850@yandex.com,Malcolm,Hartman,male,604-957-5380,Ashland,United States,31544,Mississippi,919 Polk,1934-07-13
crmid:8349197770,bigman1892@outlook.com,Darryl,Cline,,237-505-4489,Grandview,United States,85461,North Dakota,860 Faith,1967-09-04
crmid:9857072032,cholones1803@yandex.com,Bernardina,Ball,female,763-018-5874,Salina,United States,10756,Washington,650 Tingley,1947-01-02
crmid:2667314960,batwa1904@yandex.com,Darwin,Mckee,,857-842-2730,Fort Lauderdale,United States,93128,Indiana,1269 Fairmount,1963-07-13
crmid:3134637517,bombings1815@gmail.com,Zachery,Branch,,586-160-4171,Menlo Park,United States,36090,Colorado,61 Paloma,1989-06-21
crmid:2227382684,archplagiary1824@yandex.com,Domenic,Lester,,572-812-1423,Lacey,United States,14530,Ohio,1064 Yorba,1979-03-10
crmid:1860544809,craving1833@live.com,Donn,Sharpe,,392-144-5013,Morgan Hill,United States,45682,Maryland,901 Nauman,1993-08-31
crmid:3382671582,spawners2008@yahoo.com,Tyson,Mclean,male,881-252-3386,Broomfield,United States,95366,Utah,284 Oneida,1942-09-19
crmid:6621212825,saarbrucken1811@live.com,Jamal,Huffman,,514-498-2541,Gallup,United States,26714,Washington,1160 Arroyo,1965-04-19
crmid:4583108670,redpanda1802@live.com,Trang,Gardner,female,712-434-6610,East Lansing,United States,53077,New York,418 Graham,1957-09-11
crmid:5837203107,isopoda2029@yahoo.com,Stuart,Norman,,884-043-0814,Rutherford,United States,27481,Rhode Island,1349 Valdez,1962-10-25
crmid:6809133363,alien1981@outlook.com,Carlie,Burt,female,132-828-2640,Warrensburg,United States,10913,Rhode Island,1232 Leroy,1951-02-04
crmid:3665369777,clownery2054@gmail.com,Lenita,Kemp,female,776-670-6470,Seguin,United States,14033,Indiana,496 Frederick,1948-05-16
crmid:1712202950,strutting1996@live.com,Lacy,Perez,,053-679-7724,Monterey Park,United States,05333,Alabama,1196 Hugo,1992-01-13
crmid:9148050722,carotid1961@outlook.com,Austin,Jimenez,male,799-514-6179,Roseville,United States,04969,West Virginia,365 Harkness,1938-01-15
crmid:4760181147,fastening2059@gmail.com,Peter,Todd,,802-879-6913,National City,United States,34415,Alaska,594 Channel,1995-06-13
crmid:6864914090,indetermined2052@gmail.com,Lawrence,Sharpe,female,441-004-5960,Noblesville,United States,89980,New York,1017 Rizal,1997-03-29
crmid:3690837394,dumbs1886@gmail.com,Marshall,Buchanan,,013-037-3124,Grapevine,United States,03383,Wyoming,1337 Alton,1967-01-29
crmid:1618476012,anabasis2015@live.com,Mike,Maynard,male,033-360-8887,Anaheim,United States,44437,New Mexico,655 Paloma,1932-07-18
crmid:2677854719,hummingbird2004@live.com,Maryam,Malone,female,299-530-7554,Southaven,United States,72344,Iowa,1126 Miramar,1999-04-12
crmid:5487944157,backout2008@outlook.com,Loan,Boyer,female,205-312-4593,Sammamish,United States,76935,Nebraska,517 Jordan,1953-11-10
crmid:9012846023,devest1918@yandex.com,Billie,Gallagher,,863-783-8353,Lemon Grove,United States,23322,Colorado,223 Lurline,1982-04-01
crmid:2784757236,blueberries1915@live.com,Lonny,Hebert,male,450-263-6938,Ankeny,United States,34245,Colorado,609 State,1932-06-13
crmid:2098323937,badju1917@gmail.com,Sebastian,Gallagher,,763-561-7974,McMinnville,United States,31380,Iowa,677 Clay,1988-06-07
crmid:6810044592,caballero1854@outlook.com,Morgan,Sykes,male,170-206-7626,Vallejo,United States,84611,Nebraska,1155 Bliss,1944-07-28
crmid:6773531596,broody2043@yandex.com,Napoleon,Kaufman,,034-270-7076,Fountain Hills,United States,43417,New Jersey,637 Aptos,1963-07-19
crmid:9075057045,clarichord2042@outlook.com,Brenton,Schroeder,male,990-277-8345,New Braunfels,United States,60588,Colorado,89 Dellbrook,1996-11-02
crmid:9342081803,skere1921@yandex.com,Shad,Cotton,,649-290-2834,Gardena,United States,19125,South Carolina,1348 Hayes,1965-04-16
crmid:6646380875,wombat2067@gmail.com,Renna,Hendrix,female,316-402-7291,Cleveland Heights,United States,49611,Delaware,1294 Rodgers,1948-07-13
crmid:1697510049,identify1813@live.com,Allan,Head,,415-308-8453,Lemoore,United States,92093,Alaska,334 Quarry,1982-04-08
crmid:2159649722,apolline2065@live.com,Graig,Dickson,,624-349-1098,Sandusky,United States,40266,South Dakota,1061 Old Mason,1990-04-03
crmid:9671824239,sphericotetrahedral2033@live.com,Samara,Stafford,female,507-818-2967,Englewood,United States,43450,West Virginia,151 Comerford,1959-08-28
crmid:6278130155,preexposes2024@yahoo.com,Troy,O'neal,,638-347-5499,Massapequa Park,United States,96765,Texas,898 Montezuma,1988-08-22
crmid:1836157425,adorer1977@yahoo.com,Marvin,Mejia,male,599-782-4104,Rialto,United States,90539,Oregon,941 Rio,1930-07-20
crmid:1076612872,megaword1948@gmail.com,Mckinley,Warner,,486-224-0380,Grand Prairie,United States,56079,Connecticut,596 Southard,1967-09-12
crmid:3084485816,emissary1803@live.com,Cecil,Sullivan,,673-978-2280,New Port Richey,United States,38088,Texas,293 Ottawa,1996-05-25
crmid:6896889369,flocoon1960@yandex.com,Jasper,Lopez,,048-090-7194,Maple Grove,United States,03214,Oregon,1028 Lucy,1986-02-19
crmid:5486896625,labyrinth1927@gmail.com,Newton,Benton,,077-768-6537,Simi Valley,United States,43508,Mississippi,476 Holyoke,1984-03-10
crmid:9158770542,falls1891@yandex.com,Bruno,Mckay,,003-006-4268,Fountain,United States,86395,Hawaii,365 St. Paul Street-Calvert,1963-05-21
crmid:8230150582,knifelike1968@outlook.com,Reuben,Armstrong,male,542-121-2939,Wheat Ridge,United States,70808,Utah,972 Thrift,1935-08-01
crmid:6517962570,darkness1924@yahoo.com,Rachell,Gentry,female,401-988-1026,Decatur,United States,73852,New Mexico,658 Almaden,1953-07-11
crmid:3338803973,prorebate1837@outlook.com,Damien,Lara,male,756-917-9880,Americus,United States,61950,Oregon,1033 Kenny,1932-11-26
crmid:5340403501,defrance2007@yahoo.com,Jae,Carr,male,424-582-7420,Amarillo,United States,22348,New York,746 Tulare,1932-05-05
crmid:3200664953,thingumadoodle1898@gmail.com,Arron,Barrett,,704-210-0640,Hillsboro,United States,03700,Illinois,86 Ware,1972-01-14
crmid:2374853678,wangler1952@outlook.com,Merilyn,Collier,female,525-507-0076,Colton,United States,91459,Alabama,27 Wisconsin,1949-06-06
crmid:4850588081,quokka2042@yandex.com,Gaston,Hunter,,713-419-6651,Wenatchee,United States,43064,Montana,502 Seminole,1991-02-11
crmid:6641223780,bird1932@live.com,Freeman,Blake,,081-022-1755,Wheeling,United States,47399,California,1097 Raleigh,1992-12-28
crmid:5385639744,gregariousness1857@yandex.com,Thalia,Glover,female,203-789-7594,Ocoee,United States,95205,Connecticut,258 Loyola,1952-09-11
crmid:5917792715,silaginoid1882@gmail.com,Silas,Owen,male,883-581-4285,Boise City,United States,50188,Montana,1107 Pemberton,1940-09-22
crmid:4385561478,stowdown1932@yandex.com,Major,Reeves,,835-836-5047,Vancouver,United States,43431,Kentucky,701 Garnett,1983-12-10
crmid:7597761102,lag1885@live.com,Thaddeus,Sparks,,182-472-5790,San Luis Obispo,United States,77683,Ohio,383 Ocean Vista,1998-11-13
crmid:9827054418,qqv1824@live.com,Chance,Levine,male,120-211-2042,Centennial,United States,75301,Indiana,165 Allison,1945-02-17
crmid:2413764299,disenclose2065@outlook.com,Clay,Burton,,279-348-4888,Lehi,United States,17152,Illinois,866 Lulu,1982-02-12
crmid:7455878158,rugbeian1988@live.com,Leida,Chandler,female,013-480-7746,Pelham,United States,11536,West Virginia,1106 Marine,1946-05-06
crmid:7339569916,suddens1847@outlook.com,Beaulah,Valencia,female,585-612-1721,Round Rock,United States,10570,Kentucky,1119 Museum,1951-01-29
crmid:6780014973,adown1967@yandex.com,Dominique,Mooney,male,611-103-4776,Suisun City,United States,97691,Washington,672 Diamond Heights,1944-03-20
crmid:9774466647,electromassage1913@outlook.com,Lyndon,Langley,male,757-470-4453,Albert Lea,United States,35725,Washington,974 Pine,1931-06-17
crmid:4675956615,nonderogation1801@gmail.com,Everette,Gross,,920-791-9689,Grand Forks,United States,88637,Idaho,447 Fort Funston,1967-07-28
crmid:8472762145,sophies2060@yandex.com,Christoper,Conway,male,389-079-0654,Paterson,United States,70616,West Virginia,352 Mount Vernon,1940-11-21
crmid:2355228499,seism2023@yahoo.com,Trent,Hodges,,844-352-1179,Shaker Heights,United States,93445,Michigan,896 Bass,1977-12-15
crmid:9772423560,abbotships2031@yandex.com,Kam,Gentry,female,726-739-2235,Collinsville,United States,22642,Iowa,532 Lapidge,1949-04-11
crmid:2084037447,penning2006@yahoo.com,Benny,Arnold,,365-623-6577,Loma Linda,United States,60636,Alaska,1249 Macedonia,1983-12-20
crmid:2804473552,thermometrically1887@outlook.com,Sharice,Singleton,female,401-179-2720,Cerritos,United States,99751,Minnesota,21 Peek,1946-08-27
crmid:2911164658,bramble2009@outlook.com,Rob,Roberts,,694-207-8913,Fitchburg,United States,40458,Connecticut,252 Sternberg,1962-07-21
crmid:7909821389,dismember2047@gmail.com,Meridith,Best,female,386-761-6321,Oakdale,United States,10483,Wisconsin,1238 Yacht,1948-06-03
crmid:2304207079,charta2018@live.com,Manual,Mcpherson,male,138-296-4386,Prattville,United States,67987,Missouri,567 Pico,1999-02-28
crmid:9632293551,dosanjh1814@outlook.com,Weldon,Whitehead,,208-313-5093,Keene,United States,90690,Vermont,192 Avenue E,1976-02-02
crmid:1290716367,gregariousness1976@yandex.com,Markus,O'connor,male,710-991-4420,Burton,United States,98786,California,1251 Merrimac,1943-07-22
crmid:4804623233,skellum1848@outlook.com,Josh,Mcintosh,,686-191-9009,Golden Valley,United States,08510,South Carolina,762 Thornton,1966-02-06
crmid:1057492732,diene1947@outlook.com,Lynn,Stark,,145-998-7520,Simpsonville,United States,49448,Ohio,963 Lafayette,1990-10-15
crmid:8342102683,evoked1884@outlook.com,Danny,Colon,,369-675-7363,Frederick,United States,17127,Kansas,1350 Taraval,1964-04-13
crmid:5918933345,cocain2064@outlook.com,Emory,Mccarty,,138-015-5079,Washington,United States,33154,Oregon,433 Evans,1973-01-12
crmid:9620812448,phlomis1847@outlook.com,Charley,Hobbs,,699-407-9022,Leavenworth,United States,92050,Vermont,316 Torrens,1981-08-09
crmid:7522379773,carlock1838@yandex.com,Mariano,Dyer,,867-912-8700,Indio,United States,80623,Massachusetts,789 San Jacinto,1974-06-02
crmid:7512395053,silaginoid1960@live.com,Owen,Stevens,,887-239-3157,Grapevine,United States,26438,Massachusetts,752 Moraga,1967-04-11
crmid:8498058323,induviae1898@gmail.com,Neda,Murray,female,743-604-4789,West Haven,United States,56632,New York,747 Scotland,1999-04-22
crmid:5688574970,landshard2020@outlook.com,Mac,Mayo,,927-335-0293,Gilbert,United States,26913,North Carolina,881 Ophir,1966-05-31
crmid:9897907911,emilios1854@yahoo.com,Celesta,Atkins,female,822-436-6378,Sarasota,United States,20871,Louisiana,449 Rex,1961-02-01
crmid:5204066715,repentingly2056@live.com,Brynn,Barber,female,222-834-0207,North Ogden,United States,89034,Maine,592 Shoup,1998-04-30
crmid:9728158377,kingdoms1932@yahoo.com,Roman,Bruce,,313-093-9120,Mamaroneck,United States,55492,Kentucky,682 Waterville,1986-09-14
crmid:5939367362,aubert1959@live.com,Terence,Pate,,643-049-2665,Tigard,United States,40676,Nevada,640 Balceta,1989-02-07
crmid:6543721618,unimitated2019@gmail.com,Kelvin,Gardner,,805-356-4298,Los Angeles,United States,21360,Missouri,29 Newman,1984-05-17
crmid:9115981798,induviae1974@yandex.com,See,Hayden,female,473-082-9445,Dania Beach,United States,89417,Kentucky,994 Stonecrest,1952-10-29
crmid:2809297313,cleancut1941@yahoo.com,Hugh,Flowers,,602-317-2031,Lake Forest,United States,79128,Vermont,567 Mint,1980-02-16
crmid:8129028259,pelican1821@yahoo.com,Dario,Emerson,male,810-995-9790,Blacksburg,United States,17261,Hawaii,44 Carter,1939-03-09
crmid:4652962297,differences1985@outlook.com,Misha,Wilkinson,female,640-585-3482,Parkland,United States,89970,Iowa,756 Rodriguez,1949-06-29
crmid:7661506883,celesta1974@gmail.com,Darren,Cameron,,374-778-4895,Orlando,United States,66616,West Virginia,274 Cumberland,1981-10-06
crmid:7110515641,ringdoves1949@gmail.com,Jewel,Wong,,809-610-9929,Oviedo,United States,93853,Alabama,977 Lane,1968-06-30
crmid:1721359962,zillionaire2023@gmail.com,Fairy,Foley,female,669-122-5607,Cheyenne,United States,12646,South Carolina,298 Industrial,1947-03-10
crmid:4534816122,bidden2040@yandex.com,Lemuel,Butler,male,710-521-0291,Ocean Springs,United States,01767,Rhode Island,384 E,1941-06-04
crmid:6553435647,tympanectomy1921@live.com,Diedra,Decker,female,658-513-7016,Clarksville,United States,81423,Kansas,495 Woolsey,1948-03-08
crmid:1912904120,contrabandista1859@yandex.com,Simon,Cruz,,129-524-9534,Vero Beach,United States,22771,North Dakota,327 Genoa,1962-04-30
crmid:5103223994,corkey1885@yandex.com,Neal,Singleton,,428-518-6000,San Marcos,United States,35411,New Jersey,559 Santiago,1973-04-17
crmid:2453731383,ch2005@outlook.com,Gale,Mack,,595-290-6240,Montebello,United States,13254,Oregon,702 Minerva,1992-03-12
crmid:5690533405,foeship1835@live.com,Graig,Frank,male,191-083-5894,Arcadia,United States,26408,Nebraska,1281 Church,1933-04-10
crmid:8573920680,secretive2061@gmail.com,Dwain,Alford,,793-070-2962,Wauwatosa,United States,66631,Alabama,1048 Chain Of Lakes,1983-06-13
crmid:9926206702,gonenesses1876@outlook.com,Amira,Quinn,female,099-138-8105,Eastlake,United States,05169,Georgia,1064 Excelsior,1957-01-24
crmid:2851469567,coyote1952@outlook.com,Charis,Rodriquez,female,085-338-8649,Spartanburg,United States,80597,Kentucky,1045 Bonview,1955-02-25
crmid:3639209441,decimalism1968@live.com,Nadene,Price,female,992-792-0039,East Orange,United States,93439,Delaware,39 Gennessee,1957-07-24
crmid:8855671981,nonanarchic1812@live.com,Gerard,Wall,,981-360-5152,Lexington,United States,83246,Ohio,351 Shipley,1982-01-12
crmid:1989243758,crackback1953@live.com,Rodney,Hammond,,357-961-7730,Hagerstown,United States,55543,Georgia,659 Leo,1969-09-19
crmid:7469203989,marten1969@yahoo.com,Malena,Townsend,female,458-795-5051,Roseburg,United States,97873,Minnesota,272 Martha,1960-12-21
crmid:7094018310,aliyos1944@outlook.com,Birgit,Allen,female,552-986-0010,Dania Beach,United States,70592,Virginia,1290 Turquoise,1952-01-01
crmid:5695134909,unmentionability2055@outlook.com,Buddy,Evans,,398-099-1375,Novato,United States,49292,South Carolina,767 Stillings,1991-04-26
crmid:6161940497,exorcise2003@gmail.com,Arianna,Mcintosh,female,912-684-6422,Daly City,United States,05273,California,596 Chumasero,1952-01-19
crmid:6045947583,decimate1970@live.com,Daron,Bullock,,157-921-7651,Marlborough,United States,99011,New Jersey,635 Mary Teresa,1987-12-23
crmid:7587625615,bursate1904@outlook.com,Malcolm,Bridges,,958-388-4154,Jacksonville,United States,20708,Arkansas,894 Gardenside,1975-05-01
crmid:3474123849,streamliner1819@yandex.com,Curtis,Maddox,female,470-618-2807,Edgewater,United States,19304,West Virginia,28 Berkeley,1958-02-18
crmid:7906279485,dirigent2042@gmail.com,Karl,Clark,,124-795-9241,Gadsden,United States,29537,Connecticut,211 Selma,1964-04-27
crmid:3443595695,woodcrafty1903@yahoo.com,Wilford,Greer,,101-991-9630,Sumter,United States,59063,Michigan,263 Galilee,1989-10-01
crmid:7601103244,orthostatic1833@live.com,Tod,Kline,,840-960-9390,North Ogden,United States,84256,Wyoming,373 Brice,1998-07-16
crmid:3583297989,billowy1977@gmail.com,Paulita,Mendoza,female,547-327-2393,Parkland,United States,24860,Ohio,1146 Rockwood,1957-07-20
crmid:6143983342,telautography2069@live.com,Coleman,Burke,male,021-523-1041,Brownwood,United States,14150,Indiana,227 Bay Shore,1942-02-04
crmid:3794119841,boosters1857@live.com,Jarvis,Morrison,,080-847-5763,Santa Maria,United States,34893,Delaware,17 Otter Cove,1980-04-16
crmid:1118798784,displayer1905@gmail.com,Ludivina,Moran,female,069-442-7639,Council Bluffs,United States,86613,South Carolina,868 Clement,1951-06-21
crmid:1067100217,pilastrade1970@live.com,Neida,Gregory,female,389-577-4428,Chicopee,United States,63333,South Carolina,1149 Battery East,1947-10-30
crmid:2261577332,calcine1816@live.com,Cayla,Koch,female,262-597-1476,Fairfax,United States,04565,Vermont,469 Cranleigh,1961-02-16
crmid:9414716269,facecloth1997@yahoo.com,Solomon,Snider,male,518-988-2050,Bradenton,United States,76989,North Dakota,792 Ina,1941-12-22
crmid:9091247165,desolates1815@yandex.com,Latoria,Graham,female,023-527-8669,Saginaw,United States,23370,Arkansas,442 Wayne,1960-05-12
crmid:9809239754,vulgarian1856@yandex.com,Huey,Mccarty,,855-697-6017,Hobart,United States,25218,Delaware,706 Recycle,1972-05-21
crmid:6768263085,proletarianised1870@outlook.com,Lyle,Robinson,,909-673-4844,Morgan Hill,United States,22374,Florida,178 Mill,1993-04-24
crmid:9319454555,starlighted1988@outlook.com,Jaime,Delgado,male,982-029-9728,Atascadero,United States,29698,Mississippi,530 Farview,1934-05-08
crmid:4927313388,boatly1977@yahoo.com,Perry,Anderson,,141-485-0319,Maple Heights,United States,74433,Illinois,360 Pennsylvania,1986-12-05
crmid:9166069562,adirondack1984@outlook.com,Idell,Underwood,female,340-934-4930,Enid,United States,25722,Arizona,12 Agnon,1959-04-29
crmid:1935454466,scapulopexy1826@outlook.com,Deshawn,Horn,male,367-420-8451,Wausau,United States,60477,Texas,922 Progress,1942-03-14
crmid:5478245810,biedermeier1916@yandex.com,Edison,Keller,male,647-200-4508,Ashland,United States,94172,Texas,852 Orben,1934-03-16
crmid:8463456025,corvo1825@live.com,Buddy,Henson,,370-111-5429,Vincennes,United States,56807,Montana,1241 Oscar,1994-11-26
crmid:8780975172,acclimatize1843@gmail.com,Andrew,Cotton,,196-373-8568,Mansfield,United States,76820,Washington,867 Amber,1986-12-20
