id,crmid,propensity_room_upgrade,propensity_extended_nights
ec9e3c8a-914c-11ea-a9b5-b88a60e194fb,crmid:9740750157,3,2
eca099e6-914c-11ea-975f-b88a60e194fb,crmid:4783587615,5,8
eca2a93a-914c-11ea-93f2-b88a60e194fb,crmid:4377189630,8,5
eca5dd7e-914c-11ea-b289-b88a60e194fb,crmid:7099286032,8,4
eca7c5de-914c-11ea-b17c-b88a60e194fb,crmid:5388953335,9,3
eca9c2da-914c-11ea-87f2-b88a60e194fb,crmid:2763780392,3,10
ecabd0f6-914c-11ea-a441-b88a60e194fb,crmid:6704724410,8,4
ecb07840-914c-11ea-b3b8-b88a60e194fb,crmid:9804198619,8,5
ecb2609a-914c-11ea-865b-b88a60e194fb,crmid:7447086358,6,4
ecb421cc-914c-11ea-92ac-b88a60e194fb,crmid:5386963211,8,4
ecb58152-914c-11ea-839e-b88a60e194fb,crmid:4595611454,8,5
ecb769ac-914c-11ea-b148-b88a60e194fb,crmid:4753603513,2,1
ecb98c5e-914c-11ea-a0ff-b88a60e194fb,crmid:4459654275,10,4
ecbaed38-914c-11ea-b34a-b88a60e194fb,crmid:9091203730,10,5
ecbc5ef6-914c-11ea-aed5-b88a60e194fb,crmid:7753647340,3,5
ecbe2024-914c-11ea-9894-b88a60e194fb,crmid:4702256717,2,9
ecbf9340-914c-11ea-acb9-b88a60e194fb,crmid:3775760472,3,3
ecc12ee4-914c-11ea-957f-b88a60e194fb,crmid:6609934872,7,4
ecc3039a-914c-11ea-868f-b88a60e194fb,crmid:1525958249,3,4
ecc49c7e-914c-11ea-97a5-b88a60e194fb,crmid:7591636615,8,5
ecc5fd48-914c-11ea-815c-b88a60e194fb,crmid:5952593278,10,3
ecc7aafa-914c-11ea-9085-b88a60e194fb,crmid:4679518659,6,8
ecc991fe-914c-11ea-b446-b88a60e194fb,crmid:9364553685,6,4
eccb19c6-914c-11ea-8205-b88a60e194fb,crmid:1037998224,9,4
eccc9f0c-914c-11ea-9f22-b88a60e194fb,crmid:6562842767,8,3
ecce25d8-914c-11ea-8ef7-b88a60e194fb,crmid:2009486884,7,3
eccfd4c8-914c-11ea-b66e-b88a60e194fb,crmid:3797577610,7,4
ecd15b4c-914c-11ea-b7f3-b88a60e194fb,crmid:4173598226,4,4
ecd2e0a4-914c-11ea-a729-b88a60e194fb,crmid:7881529233,4,3
ecd4b6fe-914c-11ea-9234-b88a60e194fb,crmid:9934958184,5,7
ecd6d83e-914c-11ea-a01a-b88a60e194fb,crmid:8363175544,8,3
ecd87262-914c-11ea-8b4c-b88a60e194fb,crmid:6406930608,9,2
ecda819e-914c-11ea-8a82-b88a60e194fb,crmid:6648493282,3,4
ecdcf292-914c-11ea-8f84-b88a60e194fb,crmid:5645605341,3,5
ecdf15a8-914c-11ea-a1ce-b88a60e194fb,crmid:5722645667,9,3
ece12506-914c-11ea-8f68-b88a60e194fb,crmid:7998269059,7,2
ece2847e-914c-11ea-89dd-b88a60e194fb,crmid:4249467591,5,3
ece4f58c-914c-11ea-a66f-b88a60e194fb,crmid:4411147659,3,4
ece6f154-914c-11ea-907c-b88a60e194fb,crmid:7174503776,4,4
ece94ecc-914c-11ea-9ff3-b88a60e194fb,crmid:7001396191,10,5
eceac252-914c-11ea-92f5-b88a60e194fb,crmid:1348751002,8,3
ecec4880-914c-11ea-9f5b-b88a60e194fb,crmid:9785533280,4,8
ecee6b64-914c-11ea-a30d-b88a60e194fb,crmid:6491212846,4,5
ecf00550-914c-11ea-b3da-b88a60e194fb,crmid:4958285773,9,4
ecf18bee-914c-11ea-be77-b88a60e194fb,crmid:8494374248,3,4
ecf3e95a-914c-11ea-ac7e-b88a60e194fb,crmid:6784015042,5,10
ecf5971c-914c-11ea-8c3f-b88a60e194fb,crmid:8578907133,7,4
ecf76bdc-914c-11ea-8e09-b88a60e194fb,crmid:9917793171,5,4
ecf96798-914c-11ea-ba0b-b88a60e194fb,crmid:7742926046,7,2
ecfd24d2-914c-11ea-bc45-b88a60e194fb,crmid:2232877209,8,4
ecff3586-914c-11ea-957a-b88a60e194fb,crmid:6845423494,5,7
ed00cfa8-914c-11ea-95d7-b88a60e194fb,crmid:4543467853,4,5
ed027d34-914c-11ea-9173-b88a60e194fb,crmid:8507604322,8,4
ed0450b0-914c-11ea-ab3a-b88a60e194fb,crmid:7882260849,8,5
ed064c86-914c-11ea-a2ab-b88a60e194fb,crmid:9516435594,8,3
ed08e5a2-914c-11ea-afbc-b88a60e194fb,crmid:3622580182,3,5
ed147e7a-914c-11ea-bbbc-b88a60e194fb,crmid:9430541927,8,5
ed1764c6-914c-11ea-8602-b88a60e194fb,crmid:6738994623,4,4
ed393cd2-914c-11ea-b933-b88a60e194fb,crmid:1453015393,9,4
ed3b2676-914c-11ea-9739-b88a60e194fb,crmid:8235844219,4,3
ed3e5a4a-914c-11ea-bc3b-b88a60e194fb,crmid:8237717710,2,5
ed402f76-914c-11ea-9c46-b88a60e194fb,crmid:1063739185,4,2
ed41b60a-914c-11ea-a921-b88a60e194fb,crmid:6252584617,8,4
ed434ebe-914c-11ea-a7c5-b88a60e194fb,crmid:2562243343,8,4
ed44d6c0-914c-11ea-896a-b88a60e194fb,crmid:4672332529,8,2
ed468488-914c-11ea-8a46-b88a60e194fb,crmid:4410859710,9,4
ed48cd06-914c-11ea-bff9-b88a60e194fb,crmid:2367753590,8,4
ed4c62ee-914c-11ea-bdfd-b88a60e194fb,crmid:4412473571,3,4
ed4f21f8-914c-11ea-a153-b88a60e194fb,crmid:2178856326,3,5
ed516be4-914c-11ea-827b-b88a60e194fb,crmid:1585252880,5,6
ed536836-914c-11ea-b38f-b88a60e194fb,crmid:7264060589,6,3
ed55ffc0-914c-11ea-ab37-b88a60e194fb,crmid:2255271852,8,5
ed57c0e6-914c-11ea-b23e-b88a60e194fb,crmid:6920087768,4,5
ed595b10-914c-11ea-a59e-b88a60e194fb,crmid:4835731088,5,3
ed5ae1d2-914c-11ea-b998-b88a60e194fb,crmid:3702749007,9,4
ed5cb6ca-914c-11ea-92b0-b88a60e194fb,crmid:9610717079,7,3
ed5f623a-914c-11ea-a278-b88a60e194fb,crmid:2018823646,4,7
ed6184e4-914c-11ea-a745-b88a60e194fb,crmid:4444917307,8,4
ed63bb46-914c-11ea-a254-b88a60e194fb,crmid:6351561721,6,2
ed6541f4-914c-11ea-b82e-b88a60e194fb,crmid:5187612966,4,3
ed66a17a-914c-11ea-ba68-b88a60e194fb,crmid:2217163201,7,5
ed6862a4-914c-11ea-b9b2-b88a60e194fb,crmid:3393108361,9,4
ed69fce2-914c-11ea-8c74-b88a60e194fb,crmid:7122413955,9,4
ed6be52e-914c-11ea-b351-b88a60e194fb,crmid:2005719473,4,6
ed6d7f52-914c-11ea-9943-b88a60e194fb,crmid:3210602093,6,8
ed6f7b00-914c-11ea-aa6b-b88a60e194fb,crmid:4440344697,6,3
ed719df4-914c-11ea-94f4-b88a60e194fb,crmid:2463200782,4,4
ed73380c-914c-11ea-abd2-b88a60e194fb,crmid:1204536905,9,4
ed74ab24-914c-11ea-9d3a-b88a60e194fb,crmid:2888430643,7,4
ed760aa8-914c-11ea-b79c-b88a60e194fb,crmid:5107913278,5,8
ed77cbde-914c-11ea-b4b1-b88a60e194fb,crmid:8823597352,6,5
ed7a024c-914c-11ea-9b96-b88a60e194fb,crmid:5635544906,5,4
ed7c86da-914c-11ea-a306-b88a60e194fb,crmid:2442506912,4,3
ed7e82b8-914c-11ea-a64e-b88a60e194fb,crmid:7390816025,8,3
ed80f3a2-914c-11ea-a250-b88a60e194fb,crmid:9553690600,7,4
ed835128-914c-11ea-9ac0-b88a60e194fb,crmid:4994018545,6,6
ed84ff46-914c-11ea-b2a2-b88a60e194fb,crmid:5599217677,9,3
ed86ac5e-914c-11ea-9493-b88a60e194fb,crmid:7812430789,7,4
ed881f7a-914c-11ea-8a81-b88a60e194fb,crmid:5377726759,4,6
ed899290-914c-11ea-a539-b88a60e194fb,crmid:8552984961,4,8
ed8b6736-914c-11ea-aa53-b88a60e194fb,crmid:8050659098,7,4
ed8d168a-914c-11ea-9b1b-b88a60e194fb,crmid:9061878246,9,5
ed8ec41c-914c-11ea-b7a2-b88a60e194fb,crmid:9994304220,7,5
ed9071d2-914c-11ea-8e0e-b88a60e194fb,crmid:3359362046,3,7
ed920c02-914c-11ea-8f73-b88a60e194fb,crmid:9880942138,7,4
ed937efe-914c-11ea-bf80-b88a60e194fb,crmid:5246213516,4,5
ed952cc6-914c-11ea-a5fd-b88a60e194fb,crmid:5470833473,4,8
ed970024-914c-11ea-a142-b88a60e194fb,crmid:1782484295,9,4
ed988706-914c-11ea-983b-b88a60e194fb,crmid:2064772050,9,4
ed9a210c-914c-11ea-81ef-b88a60e194fb,crmid:2950835243,4,4
ed9b93fe-914c-11ea-a64c-b88a60e194fb,crmid:8231371001,3,8
ed9d1ac0-914c-11ea-8efe-b88a60e194fb,crmid:1535162271,5,8
ed9f1662-914c-11ea-a672-b88a60e194fb,crmid:3343047181,4,8
eda16176-914c-11ea-ac9c-b88a60e194fb,crmid:4913136001,6,4
eda30e18-914c-11ea-8042-b88a60e194fb,crmid:4141930587,5,4
eda480f4-914c-11ea-a816-b88a60e194fb,crmid:6391897065,4,3
eda6de5e-914c-11ea-a82b-b88a60e194fb,crmid:7371011835,8,3
edb3fdd0-914c-11ea-821e-b88a60e194fb,crmid:3324265367,4,8
edb5f994-914c-11ea-9da3-b88a60e194fb,crmid:5921483707,10,3
edb793da-914c-11ea-ac58-b88a60e194fb,crmid:8932431917,5,5
edb9a32e-914c-11ea-89da-b88a60e194fb,crmid:8837305278,3,4
edbb3e8a-914c-11ea-93f6-b88a60e194fb,crmid:5032823856,9,5
edbc9e18-914c-11ea-b559-b88a60e194fb,crmid:1584556241,5,3
edbeac24-914c-11ea-a9b8-b88a60e194fb,crmid:6407337935,8,5
edc0478c-914c-11ea-85d3-b88a60e194fb,crmid:5067879501,8,6
edc1921e-914c-11ea-9d1d-b88a60e194fb,crmid:1538018917,6,5
edc34002-914c-11ea-943e-b88a60e194fb,crmid:2072570385,4,4
edc5d95c-914c-11ea-91b0-b88a60e194fb,crmid:3909972519,4,9
edc78714-914c-11ea-89ea-b88a60e194fb,crmid:9454780154,4,9
edc9cfb8-914c-11ea-9034-b88a60e194fb,crmid:9312737850,6,6
edcb7d48-914c-11ea-be6d-b88a60e194fb,crmid:7412956441,3,7
edcd66d2-914c-11ea-8d30-b88a60e194fb,crmid:7549234167,9,6
edceed78-914c-11ea-b567-b88a60e194fb,crmid:2924025321,9,5
edd10f06-914c-11ea-acd5-b88a60e194fb,crmid:8702541282,8,3
edd57d26-914c-11ea-8abf-b88a60e194fb,crmid:2570135837,9,4
edd7025c-914c-11ea-b585-b88a60e194fb,crmid:4266170927,5,10
edd8aff6-914c-11ea-9846-b88a60e194fb,crmid:8564747376,3,4
edda7128-914c-11ea-94b2-b88a60e194fb,crmid:9672410076,7,3
eddc2048-914c-11ea-af65-b88a60e194fb,crmid:8873695928,5,3
eddd934c-914c-11ea-9072-b88a60e194fb,crmid:8054817159,9,4
eddf5334-914c-11ea-b017-b88a60e194fb,crmid:4779783868,8,2
ede09f34-914c-11ea-94cc-b88a60e194fb,crmid:5319478259,9,3
ede24e3a-914c-11ea-9e4f-b88a60e194fb,crmid:1362169891,4,8
ede421c6-914c-11ea-badb-b88a60e194fb,crmid:5750579541,9,4
ede6b9c8-914c-11ea-8110-b88a60e194fb,crmid:5874160034,4,4
ede86776-914c-11ea-8b4d-b88a60e194fb,crmid:7645608246,8,5
edea2890-914c-11ea-9e90-b88a60e194fb,crmid:9581218390,4,8
edebfdc0-914c-11ea-94e8-b88a60e194fb,crmid:9593973865,2,8
edee2038-914c-11ea-8613-b88a60e194fb,crmid:5563094597,6,4
edefba54-914c-11ea-9cb8-b88a60e194fb,crmid:7384617291,9,4
edf16958-914c-11ea-9457-b88a60e194fb,crmid:3724723408,9,4
edf315c6-914c-11ea-831c-b88a60e194fb,crmid:7005723979,5,7
edf4c370-914c-11ea-a2d8-b88a60e194fb,crmid:9442532455,7,4
edf64b86-914c-11ea-a59d-b88a60e194fb,crmid:5123086354,8,4
edf7e434-914c-11ea-96a2-b88a60e194fb,crmid:2341472099,4,4
edf9a736-914c-11ea-b645-b88a60e194fb,crmid:4461300392,3,9
edfb67e6-914c-11ea-8e49-b88a60e194fb,crmid:9841322935,4,4
edfcdb02-914c-11ea-8f42-b88a60e194fb,crmid:3812943316,5,7
edfe885a-914c-11ea-b3c5-b88a60e194fb,crmid:8465202511,4,4
ee00215c-914c-11ea-97f0-b88a60e194fb,crmid:4180225725,8,5
ee01f78c-914c-11ea-8617-b88a60e194fb,crmid:5324629709,5,8
ee036aa6-914c-11ea-9ed3-b88a60e194fb,crmid:9915258467,3,3
ee0516f4-914c-11ea-bf07-b88a60e194fb,crmid:1514663629,6,3
ee06b162-914c-11ea-9c4a-b88a60e194fb,crmid:6621219852,5,4
ee084b50-914c-11ea-a4eb-b88a60e194fb,crmid:3869733760,9,3
ee09e562-914c-11ea-ba19-b88a60e194fb,crmid:6999163886,8,2
ee0ba7fa-914c-11ea-b43d-b88a60e194fb,crmid:4630794059,8,3
ee0d1b06-914c-11ea-a519-b88a60e194fb,crmid:8976516906,7,5
ee0eee82-914c-11ea-bb72-b88a60e194fb,crmid:7190244171,3,7
ee106198-914c-11ea-9f63-b88a60e194fb,crmid:5430886951,7,3
ee124b52-914c-11ea-99c8-b88a60e194fb,crmid:5680363543,5,5
ee13d1c0-914c-11ea-8fcd-b88a60e194fb,crmid:9228651885,5,4
ee15cd86-914c-11ea-bfec-b88a60e194fb,crmid:5119993278,3,8
ee175426-914c-11ea-830a-b88a60e194fb,crmid:6929570972,4,9
ee19b03a-914c-11ea-a616-b88a60e194fb,crmid:9163087238,8,5
ee1b4a70-914c-11ea-9382-b88a60e194fb,crmid:9243319602,3,7
ee1d1fae-914c-11ea-91af-b88a60e194fb,crmid:4927166318,4,2
ee1eccec-914c-11ea-b354-b88a60e194fb,crmid:3675491953,4,3
ee201a34-914c-11ea-ae95-b88a60e194fb,crmid:9696339415,4,3
ee21a0cc-914c-11ea-91cd-b88a60e194fb,crmid:8742347649,4,8
ee23261a-914c-11ea-8262-b88a60e194fb,crmid:2126621707,5,8
ee24e774-914c-11ea-9016-b88a60e194fb,crmid:3039106910,6,5
ee265c7a-914c-11ea-bd89-b88a60e194fb,crmid:7624367661,10,4
ee281ce8-914c-11ea-b5c0-b88a60e194fb,crmid:3839653185,2,7
ee29f102-914c-11ea-8757-b88a60e194fb,crmid:3754958387,9,6
ee2bc61e-914c-11ea-b7dc-b88a60e194fb,crmid:7265195785,8,5
ee2dc234-914c-11ea-9e72-b88a60e194fb,crmid:2466480439,8,4
ee2f9598-914c-11ea-baa9-b88a60e194fb,crmid:6548551617,4,3
ee311c50-914c-11ea-a46e-b88a60e194fb,crmid:1637433187,3,3
ee32a308-914c-11ea-aed0-b88a60e194fb,crmid:7998181326,5,4
ee342992-914c-11ea-97df-b88a60e194fb,crmid:5342683701,8,2
ee35d876-914c-11ea-994d-b88a60e194fb,crmid:2826893496,4,8
ee375dcc-914c-11ea-b7ca-b88a60e194fb,crmid:3942272472,8,3
ee38f7f6-914c-11ea-985e-b88a60e194fb,crmid:3604979361,4,3
ee3a6b0c-914c-11ea-b18a-b88a60e194fb,crmid:8499185458,2,4
ee3bca9c-914c-11ea-9422-b88a60e194fb,crmid:7958448961,2,7
ee3d2a82-914c-11ea-9909-b88a60e194fb,crmid:2475317077,7,4
ee3fae9c-914c-11ea-b69c-b88a60e194fb,crmid:2754763641,10,4
ee41aa74-914c-11ea-900d-b88a60e194fb,crmid:2743912922,7,2
ee437f08-914c-11ea-9d3f-b88a60e194fb,crmid:9891629951,9,5
