id,crmid,propensity_account_upgrade,propensity_premium
3e6e1123-7f63-11ea-99a1-b88a60e194fb,crmid:7606968507,2,6
3e705b0f-7f63-11ea-9772-b88a60e194fb,crmid:7606968507,8,7
3e71bab5-7f63-11ea-b38c-b88a60e194fb,crmid:7606968507,3,8
3e73b677-7f63-11ea-96b3-b88a60e194fb,crmid:7606968507,1,5
3e75b23f-7f63-11ea-9b18-b88a60e194fb,crmid:7606968507,4,7
3e7786fe-7f63-11ea-8f44-b88a60e194fb,crmid:7606968507,1,5
3e7934b1-7f63-11ea-aac2-b88a60e194fb,crmid:7606968507,1,3
3e7b096f-7f63-11ea-88e8-b88a60e194fb,crmid:7606968507,9,2
3e7c9006-7f63-11ea-8759-b88a60e194fb,crmid:7606968507,7,2
3e7ed9fa-7f63-11ea-a29f-b88a60e194fb,crmid:7606968507,8,3
3e8087b7-7f63-11ea-b0cd-b88a60e194fb,crmid:7606968507,5,8
3e82837d-7f63-11ea-b3c4-b88a60e194fb,crmid:7606968507,5,7
3e84f477-7f63-11ea-afed-b88a60e194fb,crmid:7606968507,7,7
3e876590-7f63-11ea-9844-b88a60e194fb,crmid:7606968507,4,3
3e89af83-7f63-11ea-b7e6-b88a60e194fb,crmid:7606968507,9,8
3e8b843c-7f63-11ea-9d53-b88a60e194fb,crmid:7606968507,6,3
3e8d7ffb-7f63-11ea-9c97-b88a60e194fb,crmid:7606968507,5,9
3e8ff0f5-7f63-11ea-9600-b88a60e194fb,crmid:7606968507,2,6
3e91c5b9-7f63-11ea-b13f-b88a60e194fb,crmid:7606968507,3,3
3e934c49-7f63-11ea-b236-b88a60e194fb,crmid:7606968507,5,5
3e94abdb-7f63-11ea-be9d-b88a60e194fb,crmid:7606968507,4,9
3e96599f-7f63-11ea-8720-b88a60e194fb,crmid:7606968507,3,7
3e982e5d-7f63-11ea-9901-b88a60e194fb,crmid:7606968507,8,9
3e9a2a0d-7f63-11ea-bbec-b88a60e194fb,crmid:7606968507,5,5
3e9d1079-7f63-11ea-95e3-b88a60e194fb,crmid:7606968507,7,6
3e9ebdfe-7f63-11ea-a992-b88a60e194fb,crmid:7606968507,4,5
3e9ff695-7f63-11ea-8361-b88a60e194fb,crmid:7606968507,4,8
3ea1563b-7f63-11ea-bada-b88a60e194fb,crmid:7606968507,1,8
3ea2dcc4-7f63-11ea-b909-b88a60e194fb,crmid:7606968507,6,1
3ea48a5b-7f63-11ea-a1d0-b88a60e194fb,crmid:7606968507,1,2
3ea6ad28-7f63-11ea-acfe-b88a60e194fb,crmid:7606968507,2,7
3ea8f855-7f63-11ea-b467-b88a60e194fb,crmid:7606968507,3,4
3eaaa51a-7f63-11ea-8d48-b88a60e194fb,crmid:7606968507,3,3
3eac0628-7f63-11ea-a43a-b88a60e194fb,crmid:7606968507,9,7
3eae002f-7f63-11ea-a64f-b88a60e194fb,crmid:7606968507,7,3
3eb07125-7f63-11ea-a025-b88a60e194fb,crmid:7606968507,3,7
3eb26e02-7f63-11ea-943b-b88a60e194fb,crmid:7606968507,2,4
3eb441f6-7f63-11ea-90a5-b88a60e194fb,crmid:7606968507,4,2
3eb617db-7f63-11ea-b582-b88a60e194fb,crmid:7606968507,4,4
3eb7eb77-7f63-11ea-927b-b88a60e194fb,crmid:7606968507,2,9
3eb9c037-7f63-11ea-bedf-b88a60e194fb,crmid:7606968507,8,7
3ebb6de5-7f63-11ea-89b5-b88a60e194fb,crmid:7606968507,4,4
3ebcf483-7f63-11ea-8201-b88a60e194fb,crmid:7606968507,9,1
3ebe7adb-7f63-11ea-be40-b88a60e194fb,crmid:7606968507,3,7
3ec0c4cb-7f63-11ea-9ca8-b88a60e194fb,crmid:7606968507,4,8
3ec2c0b5-7f63-11ea-bd82-b88a60e194fb,crmid:7606968507,1,5
3ec57fdb-7f63-11ea-b5aa-b88a60e194fb,crmid:7606968507,3,9
3ec77ba4-7f63-11ea-95b5-b88a60e194fb,crmid:7606968507,1,7
3ec95049-7f63-11ea-b4d2-b88a60e194fb,crmid:7606968507,7,2
3ecafdfa-7f63-11ea-b0d5-b88a60e194fb,crmid:7606968507,2,3
3eccabad-7f63-11ea-b4f4-b88a60e194fb,crmid:7606968507,5,7
3ececead-7f63-11ea-9187-b88a60e194fb,crmid:7606968507,6,8
3ed0ca54-7f63-11ea-8da5-b88a60e194fb,crmid:7606968507,9,3
3ed2c6a5-7f63-11ea-ad83-b88a60e194fb,crmid:7606968507,7,8
3ed473d5-7f63-11ea-b156-b88a60e194fb,crmid:7606968507,5,2
3ed6bdbb-7f63-11ea-bc47-b88a60e194fb,crmid:7606968507,2,5
3ed84480-7f63-11ea-b2ed-b88a60e194fb,crmid:7606968507,3,7
3ed9f213-7f63-11ea-9ca8-b88a60e194fb,crmid:7606968507,1,1
3edc3c01-7f63-11ea-9f78-b88a60e194fb,crmid:7606968507,6,8
3ede37cf-7f63-11ea-ab99-b88a60e194fb,crmid:7606968507,2,3
3ee03395-7f63-11ea-adb0-b88a60e194fb,crmid:7606968507,4,4
3ee20879-7f63-11ea-9b4a-b88a60e194fb,crmid:7606968507,3,7
3ee4044b-7f63-11ea-9872-b88a60e194fb,crmid:7606968507,3,7
3ee5ffef-7f63-11ea-a23a-b88a60e194fb,crmid:7606968507,4,3
3ee7d4b5-7f63-11ea-bcbb-b88a60e194fb,crmid:7606968507,1,8
3ee982e9-7f63-11ea-b5ae-b88a60e194fb,crmid:7606968507,5,8
3eebf363-7f63-11ea-a1d3-b88a60e194fb,crmid:7606968507,7,8
3eee1641-7f63-11ea-b143-b88a60e194fb,crmid:7606968507,9,3
3eefeaff-7f63-11ea-9079-b88a60e194fb,crmid:7606968507,3,9
3ef1bfd9-7f63-11ea-9225-b88a60e194fb,crmid:7606968507,3,7
3ef2f84e-7f63-11ea-94e0-b88a60e194fb,crmid:7606968507,4,8
3ef4f425-7f63-11ea-b2d1-b88a60e194fb,crmid:7606968507,5,3
3ef73e02-7f63-11ea-abf1-b88a60e194fb,crmid:7606968507,4,8
3ef939e5-7f63-11ea-95ad-b88a60e194fb,crmid:7606968507,9,8
3efbaadf-7f63-11ea-926e-b88a60e194fb,crmid:7606968507,4,3
3efd5881-7f63-11ea-b5af-b88a60e194fb,crmid:7606968507,5,4
3eff7b5d-7f63-11ea-af25-b88a60e194fb,crmid:7606968507,6,5
3f01771a-7f63-11ea-bf57-b88a60e194fb,crmid:7606968507,9,7
3f039a01-7f63-11ea-9b88-b88a60e194fb,crmid:7606968507,1,7
3f05209f-7f63-11ea-b1b4-b88a60e194fb,crmid:7606968507,1,3
3f06ce5d-7f63-11ea-88b5-b88a60e194fb,crmid:7606968507,4,8
3f087bf7-7f63-11ea-883a-b88a60e194fb,crmid:7606968507,5,4
3f0aed19-7f63-11ea-b964-b88a60e194fb,crmid:7606968507,7,5
3f0cc1d1-7f63-11ea-8aab-b88a60e194fb,crmid:7606968507,2,7
3f0e6f6a-7f63-11ea-8805-b88a60e194fb,crmid:7606968507,5,3
3f0fcefa-7f63-11ea-85c2-b88a60e194fb,crmid:7606968507,9,2
3f110778-7f63-11ea-9fd6-b88a60e194fb,crmid:7606968507,9,8
3f121927-7f63-11ea-9099-b88a60e194fb,crmid:7606968507,6,2
3f15c391-7f63-11ea-ad8a-b88a60e194fb,crmid:7606968507,3,7
3f177035-7f63-11ea-88e1-b88a60e194fb,crmid:7606968507,6,1
3f194510-7f63-11ea-8352-b88a60e194fb,crmid:7606968507,6,8
3f1accf6-7f63-11ea-a58a-b88a60e194fb,crmid:7606968507,7,1
3f1ca1c1-7f63-11ea-ba1a-b88a60e194fb,crmid:7606968507,5,8
3f1e2866-7f63-11ea-843d-b88a60e194fb,crmid:7606968507,6,7
3f1f60ca-7f63-11ea-b37f-b88a60e194fb,crmid:7606968507,3,6
3f20c060-7f63-11ea-924f-b88a60e194fb,crmid:7606968507,2,4
3f224583-7f63-11ea-97b8-b88a60e194fb,crmid:7606968507,1,1
3f23cc1f-7f63-11ea-85d4-b88a60e194fb,crmid:7606968507,5,1
3f25c7f1-7f63-11ea-8b93-b88a60e194fb,crmid:7606968507,3,3
3f272781-7f63-11ea-9cfe-b88a60e194fb,crmid:7606968507,2,7
3f285ffd-7f63-11ea-8473-b88a60e194fb,crmid:7606968507,2,7
3f2a5bc8-7f63-11ea-aaf4-b88a60e194fb,crmid:7606968507,6,3
3f2c31d3-7f63-11ea-9564-b88a60e194fb,crmid:7606968507,6,5
3f2e054b-7f63-11ea-857e-b88a60e194fb,crmid:7606968507,7,8
3f2fb2f7-7f63-11ea-adef-b88a60e194fb,crmid:7606968507,3,9
3f3161e7-7f63-11ea-9f63-b88a60e194fb,crmid:7606968507,6,9
3f32c054-7f63-11ea-ab90-b88a60e194fb,crmid:7606968507,9,3
3f34bd0a-7f63-11ea-a2e1-b88a60e194fb,crmid:7606968507,2,2
3f35f49f-7f63-11ea-9da2-b88a60e194fb,crmid:7606968507,6,7
3f37a342-7f63-11ea-b2b8-b88a60e194fb,crmid:7606968507,2,7
3f38dba9-7f63-11ea-b9e9-b88a60e194fb,crmid:7606968507,9,5
3f3a625a-7f63-11ea-b490-b88a60e194fb,crmid:7606968507,1,2
3f3b9b36-7f63-11ea-a4d8-b88a60e194fb,crmid:7606968507,1,7
3f3d2081-7f63-11ea-8620-b88a60e194fb,crmid:7606968507,4,3
3f3e7fff-7f63-11ea-a34f-b88a60e194fb,crmid:7606968507,3,8
3f3fb97d-7f63-11ea-84fe-b88a60e194fb,crmid:7606968507,9,1
3f416629-7f63-11ea-8c66-b88a60e194fb,crmid:7606968507,3,7
3f42c71e-7f63-11ea-9ea5-b88a60e194fb,crmid:7606968507,1,5
3f44265e-7f63-11ea-89de-b88a60e194fb,crmid:7606968507,9,7
3f4585e3-7f63-11ea-8fcb-b88a60e194fb,crmid:7606968507,7,8
3f470c60-7f63-11ea-ad5a-b88a60e194fb,crmid:7606968507,1,7
3f489213-7f63-11ea-a3b2-b88a60e194fb,crmid:7606968507,4,8
3f49f1a5-7f63-11ea-a8b0-b88a60e194fb,crmid:7606968507,2,2
3f4b7843-7f63-11ea-b4f4-b88a60e194fb,crmid:7606968507,3,6
3f4cff59-7f63-11ea-bb8b-b88a60e194fb,crmid:7606968507,7,9
3f4e858b-7f63-11ea-be39-b88a60e194fb,crmid:7606968507,3,4
3f4fbdff-7f63-11ea-990c-b88a60e194fb,crmid:7606968507,2,4
3f5144b7-7f63-11ea-b274-b88a60e194fb,crmid:7606968507,3,4
3f527d37-7f63-11ea-a465-b88a60e194fb,crmid:7606968507,5,7
3f5403d9-7f63-11ea-b784-b88a60e194fb,crmid:7606968507,7,5
3f5600d4-7f63-11ea-b574-b88a60e194fb,crmid:7606968507,3,7
3f573952-7f63-11ea-a2e9-b88a60e194fb,crmid:7606968507,3,1
3f5b310a-7f63-11ea-a129-b88a60e194fb,crmid:7606968507,2,7
3f5cb7cc-7f63-11ea-bd0b-b88a60e194fb,crmid:7606968507,9,5
3f5dc935-7f63-11ea-805c-b88a60e194fb,crmid:7606968507,6,7
3f5f4ffb-7f63-11ea-83a3-b88a60e194fb,crmid:7606968507,7,3
3f60af4a-7f63-11ea-93b4-b88a60e194fb,crmid:7606968507,7,6
3f620ef0-7f63-11ea-821d-b88a60e194fb,crmid:7606968507,5,2
3f63bb29-7f63-11ea-b08b-b88a60e194fb,crmid:7606968507,4,2
3f656907-7f63-11ea-a40f-b88a60e194fb,crmid:7606968507,6,3
3f6716b9-7f63-11ea-9978-b88a60e194fb,crmid:7606968507,5,3
3f689d5a-7f63-11ea-9d6f-b88a60e194fb,crmid:7606968507,5,4
3f6a23f1-7f63-11ea-b1a8-b88a60e194fb,crmid:7606968507,2,4
3f6bf8b0-7f63-11ea-a16b-b88a60e194fb,crmid:7606968507,3,2
3f6d5841-7f63-11ea-805c-b88a60e194fb,crmid:7606968507,6,2
3f6f05f1-7f63-11ea-831d-b88a60e194fb,crmid:7606968507,5,6
3f7065bf-7f63-11ea-a542-b88a60e194fb,crmid:7606968507,7,5
3f719dfd-7f63-11ea-9fd0-b88a60e194fb,crmid:7606968507,4,3
3f734c29-7f63-11ea-b76a-b88a60e194fb,crmid:7606968507,1,8
3f748434-7f63-11ea-9015-b88a60e194fb,crmid:7606968507,2,7
3f75bcb6-7f63-11ea-b0ec-b88a60e194fb,crmid:7606968507,4,7
3f7792b1-7f63-11ea-9382-b88a60e194fb,crmid:7606968507,1,9
3f79404d-7f63-11ea-9ee9-b88a60e194fb,crmid:7606968507,3,6
3f7aedc0-7f63-11ea-b9bb-b88a60e194fb,crmid:7606968507,1,9
3f7c74b1-7f63-11ea-999f-b88a60e194fb,crmid:7606968507,6,4
3f7e20f9-7f63-11ea-ba51-b88a60e194fb,crmid:7606968507,8,8
3f7f3256-7f63-11ea-8ae4-b88a60e194fb,crmid:7606968507,7,5
3f806c47-7f63-11ea-8705-b88a60e194fb,crmid:7606968507,2,9
3f81ca63-7f63-11ea-b3ac-b88a60e194fb,crmid:7606968507,7,7
3f8329f7-7f63-11ea-9187-b88a60e194fb,crmid:7606968507,5,2
3f84626d-7f63-11ea-a9d1-b88a60e194fb,crmid:7606968507,3,9
3f85e90c-7f63-11ea-b166-b88a60e194fb,crmid:7606968507,2,7
3f876fb2-7f63-11ea-a394-b88a60e194fb,crmid:7606968507,3,8
3f88f64b-7f63-11ea-8e2c-b88a60e194fb,crmid:7606968507,2,3
3f8aa3f6-7f63-11ea-b3a7-b88a60e194fb,crmid:7606968507,1,7
3f8c2aa5-7f63-11ea-9ee4-b88a60e194fb,crmid:7606968507,5,2
3f8db136-7f63-11ea-a1e3-b88a60e194fb,crmid:7606968507,6,1
3f8f391e-7f63-11ea-bfc7-b88a60e194fb,crmid:7606968507,9,7
3f9071b5-7f63-11ea-ab90-b88a60e194fb,crmid:7606968507,5,1
3f91f83b-7f63-11ea-8cca-b88a60e194fb,crmid:7606968507,7,2
3f93a5e9-7f63-11ea-8d05-b88a60e194fb,crmid:7606968507,6,9
3f952b27-7f63-11ea-b32e-b88a60e194fb,crmid:7606968507,4,7
3f979c39-7f63-11ea-8d6b-b88a60e194fb,crmid:7606968507,5,9
3f9a0d3b-7f63-11ea-8160-b88a60e194fb,crmid:7606968507,2,7
3f9c0a1d-7f63-11ea-81a0-b88a60e194fb,crmid:7606968507,2,2
3f9d90c3-7f63-11ea-8f9a-b88a60e194fb,crmid:7606968507,7,4
3f9eef68-7f63-11ea-a69b-b88a60e194fb,crmid:7606968507,4,3
3fa075db-7f63-11ea-9c1c-b88a60e194fb,crmid:7606968507,1,5
3fa1fc79-7f63-11ea-b1e1-b88a60e194fb,crmid:7606968507,8,2
3fa35c09-7f63-11ea-a05f-b88a60e194fb,crmid:7606968507,7,7
3fa4948b-7f63-11ea-ad2d-b88a60e194fb,crmid:7606968507,5,7
3fa5a5f6-7f63-11ea-81ec-b88a60e194fb,crmid:7606968507,6,3
3fa70588-7f63-11ea-a73a-b88a60e194fb,crmid:7606968507,2,1
3fa92879-7f63-11ea-9832-b88a60e194fb,crmid:7606968507,3,2
3faaaf64-7f63-11ea-a691-b88a60e194fb,crmid:7606968507,4,9
3fac370d-7f63-11ea-a6fa-b88a60e194fb,crmid:7606968507,7,5
3fadbec9-7f63-11ea-bd22-b88a60e194fb,crmid:7606968507,1,9
3faf4469-7f63-11ea-a0e1-b88a60e194fb,crmid:7606968507,9,5
3fb055f1-7f63-11ea-9906-b88a60e194fb,crmid:7606968507,6,5
3fb1dbdc-7f63-11ea-b735-b88a60e194fb,crmid:7606968507,6,8
3fb3147b-7f63-11ea-86e7-b88a60e194fb,crmid:7606968507,3,6
3fb4734f-7f63-11ea-8430-b88a60e194fb,crmid:7606968507,2,3
3fb6702d-7f63-11ea-9316-b88a60e194fb,crmid:7606968507,9,7
3fb7f6f9-7f63-11ea-87dc-b88a60e194fb,crmid:7606968507,1,6
3fb9a489-7f63-11ea-9512-b88a60e194fb,crmid:7606968507,4,7
3fbadcbb-7f63-11ea-8d32-b88a60e194fb,crmid:7606968507,3,1
3fbc157b-7f63-11ea-b95f-b88a60e194fb,crmid:7606968507,2,7
3fbd7507-7f63-11ea-a0bf-b88a60e194fb,crmid:7606968507,2,7
3fbf487d-7f63-11ea-90d0-b88a60e194fb,crmid:7606968507,4,7
3fc0a989-7f63-11ea-b0af-b88a60e194fb,crmid:7606968507,2,6
