{"_id": "e2b3bbd2-53c8-11ea-9877-b88a60e194fb", "timestamp": "2019-12-21T22:58:49.000Z", "eventType": "transaction", "_adobeamericaspot3": {"CRMID": "crmid:2023940279", "orderDetails": {"orderID": "orderid:478331", "reservationid": "IC1-KLTD", "orderType": "kiosk"}}}
{"_id": "e2b47f40-53c8-11ea-8021-b88a60e194fb", "timestamp": "2019-12-14T05:03:30.000Z", "eventType": "transaction", "_adobeamericaspot3": {"CRMID": "crmid:2193625388", "orderDetails": {"orderID": "orderid:161544", "reservationid": "FES-PZKR", "orderType": "mobile"}}}
{"_id": "e2b56992-53c8-11ea-9067-b88a60e194fb", "timestamp": "2019-12-20T12:11:01.000Z", "eventType": "transaction", "_adobeamericaspot3": {"CRMID": "crmid:8324351583", "orderDetails": {"orderID": "orderid:986216", "reservationid": "TQM-BK92", "orderType": "kiosk"}}}
{"_id": "e2b653e2-53c8-11ea-9baa-b88a60e194fb", "timestamp": "2019-12-06T10:54:07.000Z", "eventType": "transaction", "_adobeamericaspot3": {"CRMID": "crmid:4709467844", "orderDetails": {"orderID": "orderid:922189", "reservationid": "AP4-Q5JG", "orderType": "call center"}}}
{"_id": "e2b71724-53c8-11ea-8a4e-b88a60e194fb", "timestamp": "2019-12-02T15:49:11.000Z", "eventType": "transaction", "_adobeamericaspot3": {"CRMID": "crmid:2617212414", "orderDetails": {"orderID": "orderid:653873", "reservationid": "OGT-O4FT", "orderType": "service desk"}}}
{"_id": "e2b7da7a-53c8-11ea-99ba-b88a60e194fb", "timestamp": "2020-02-12T16:38:17.000Z", "eventType": "transaction", "_adobeamericaspot3": {"CRMID": "crmid:7566241636", "orderDetails": {"orderID": "orderid:143059", "reservationid": "G4V-FKRM", "orderType": "website"}}}
{"_id": "e2b89dd8-53c8-11ea-830a-b88a60e194fb", "timestamp": "2019-12-31T14:54:42.000Z", "eventType": "transaction", "_adobeamericaspot3": {"CRMID": "crmid:4477089249", "orderDetails": {"orderID": "orderid:571557", "reservationid": "JYA-EEWJ", "orderType": "website"}}}
{"_id": "e2b96112-53c8-11ea-965a-b88a60e194fb", "timestamp": "2019-12-20T06:36:14.000Z", "eventType": "transaction", "_adobeamericaspot3": {"CRMID": "crmid:7693013041", "orderDetails": {"orderID": "orderid:906650", "reservationid": "YSL-DEBB", "orderType": "website"}}}
{"_id": "e2ba2464-53c8-11ea-88c7-b88a60e194fb", "timestamp": "2019-12-25T01:49:03.000Z", "eventType": "transaction", "_adobeamericaspot3": {"CRMID": "crmid:1909138834", "orderDetails": {"orderID": "orderid:359178", "reservationid": "5SU-EKQK", "orderType": "kiosk"}}}
{"_id": "e2bac086-53c8-11ea-b248-b88a60e194fb", "timestamp": "2020-02-08T05:48:35.000Z", "eventType": "transaction", "_adobeamericaspot3": {"CRMID": "crmid:1564560704", "orderDetails": {"orderID": "orderid:166559", "reservationid": "WVA-XDCT", "orderType": "call center"}}}
{"_id": "e2bb83fa-53c8-11ea-a209-b88a60e194fb", "timestamp": "2019-12-19T01:30:52.000Z", "eventType": "transaction", "_adobeamericaspot3": {"CRMID": "crmid:3271724979", "orderDetails": {"orderID": "orderid:882826", "reservationid": "HNQ-C3GL", "orderType": "call center"}}}
{"_id": "e2bc6e74-53c8-11ea-babf-b88a60e194fb", "timestamp": "2020-01-23T01:27:57.000Z", "eventType": "transaction", "_adobeamericaspot3": {"CRMID": "crmid:8177920886", "orderDetails": {"orderID": "orderid:747910", "reservationid": "YMU-GOCL", "orderType": "call center"}}}
{"_id": "e2bd0a94-53c8-11ea-b89a-b88a60e194fb", "timestamp": "2019-12-13T01:12:05.000Z", "eventType": "transaction", "_adobeamericaspot3": {"CRMID": "crmid:2570480053", "orderDetails": {"orderID": "orderid:989548", "reservationid": "4VC-ZDLW", "orderType": "mobile"}}}
{"_id": "e2be430c-53c8-11ea-911c-b88a60e194fb", "timestamp": "2020-02-14T01:47:34.000Z", "eventType": "transaction", "_adobeamericaspot3": {"CRMID": "crmid:6819260607", "orderDetails": {"orderID": "orderid:827289", "reservationid": "JRJ-GDWK", "orderType": "mobile"}}}
{"_id": "e2bedf4c-53c8-11ea-b25b-b88a60e194fb", "timestamp": "2020-01-30T17:02:42.000Z", "eventType": "transaction", "_adobeamericaspot3": {"CRMID": "crmid:4297472124", "orderDetails": {"orderID": "orderid:591406", "reservationid": "S9S-7N5F", "orderType": "kiosk"}}}
{"_id": "e2bfa292-53c8-11ea-99aa-b88a60e194fb", "timestamp": "2019-12-21T04:12:33.000Z", "eventType": "transaction", "_adobeamericaspot3": {"CRMID": "crmid:8249390070", "orderDetails": {"orderID": "orderid:186885", "reservationid": "MIG-IVSL", "orderType": "kiosk"}}}
{"_id": "e2c03ede-53c8-11ea-b03b-b88a60e194fb", "timestamp": "2020-01-16T03:11:59.000Z", "eventType": "transaction", "_adobeamericaspot3": {"CRMID": "crmid:3064317170", "orderDetails": {"orderID": "orderid:135715", "reservationid": "SLD-Y3XC", "orderType": "kiosk"}}}
{"_id": "e2c12936-53c8-11ea-a804-b88a60e194fb", "timestamp": "2019-12-15T17:44:42.000Z", "eventType": "transaction", "_adobeamericaspot3": {"CRMID": "crmid:6489653842", "orderDetails": {"orderID": "orderid:498013", "reservationid": "8BK-FC5Y", "orderType": "website"}}}
{"_id": "e2c1506e-53c8-11ea-be54-b88a60e194fb", "timestamp": "2019-12-19T00:00:00.000Z", "eventType": "transaction", "_adobeamericaspot3": {"CRMID": "crmid:6489653842", "orderDetails": {"orderID": "orderid:752706", "reservationid": "J4I-NFJT", "orderType": "service desk"}}}
{"_id": "e2c2138a-53c8-11ea-882c-b88a60e194fb", "timestamp": "2020-02-01T20:54:46.000Z", "eventType": "transaction", "_adobeamericaspot3": {"CRMID": "crmid:6257913837", "orderDetails": {"orderID": "orderid:136007", "reservationid": "QHE-GX9K", "orderType": "call center"}}}
{"_id": "e2c2fdfe-53c8-11ea-a333-b88a60e194fb", "timestamp": "2019-12-25T06:41:30.000Z", "eventType": "transaction", "_adobeamericaspot3": {"CRMID": "crmid:9770433321", "orderDetails": {"orderID": "orderid:301401", "reservationid": "QA2-NIEJ", "orderType": "website"}}}
{"_id": "e2c3c170-53c8-11ea-9365-b88a60e194fb", "timestamp": "2020-02-04T18:59:16.000Z", "eventType": "transaction", "_adobeamericaspot3": {"CRMID": "crmid:8406152988", "orderDetails": {"orderID": "orderid:497190", "reservationid": "HR6-LO43", "orderType": "kiosk"}}}
{"_id": "e2c4848a-53c8-11ea-80c3-b88a60e194fb", "timestamp": "2020-02-04T05:27:00.000Z", "eventType": "transaction", "_adobeamericaspot3": {"CRMID": "crmid:4667435575", "orderDetails": {"orderID": "orderid:497948", "reservationid": "JLU-DRVF", "orderType": "website"}}}
{"_id": "e2c520e4-53c8-11ea-97bb-b88a60e194fb", "timestamp": "2020-02-13T03:31:32.000Z", "eventType": "transaction", "_adobeamericaspot3": {"CRMID": "crmid:1556023355", "orderDetails": {"orderID": "orderid:198264", "reservationid": "VOU-FNR1", "orderType": "mobile"}}}
{"_id": "e2c60b62-53c8-11ea-b55e-b88a60e194fb", "timestamp": "2019-12-12T23:41:50.000Z", "eventType": "transaction", "_adobeamericaspot3": {"CRMID": "crmid:7410301778", "orderDetails": {"orderID": "orderid:684951", "reservationid": "HKW-WWYP", "orderType": "kiosk"}}}
{"_id": "e2c6ce94-53c8-11ea-b208-b88a60e194fb", "timestamp": "2020-01-30T15:18:53.000Z", "eventType": "transaction", "_adobeamericaspot3": {"CRMID": "crmid:8867934235", "orderDetails": {"orderID": "orderid:591261", "reservationid": "KKK-V3RR", "orderType": "mobile"}}}
{"_id": "e2c7b8e8-53c8-11ea-aeea-b88a60e194fb", "timestamp": "2020-01-27T05:05:21.000Z", "eventType": "transaction", "_adobeamericaspot3": {"CRMID": "crmid:3542090170", "orderDetails": {"orderID": "orderid:603726", "reservationid": "YQO-JECD", "orderType": "website"}}}
{"_id": "e2c8551e-53c8-11ea-a2fb-b88a60e194fb", "timestamp": "2020-02-13T10:48:33.000Z", "eventType": "transaction", "_adobeamericaspot3": {"CRMID": "crmid:9329637238", "orderDetails": {"orderID": "orderid:859748", "reservationid": "K6R-POV4", "orderType": "call center"}}}
{"_id": "e2c93f90-53c8-11ea-ad40-b88a60e194fb", "timestamp": "2020-01-26T06:27:24.000Z", "eventType": "transaction", "_adobeamericaspot3": {"CRMID": "crmid:4958517508", "orderDetails": {"orderID": "orderid:537237", "reservationid": "0RN-7CVA", "orderType": "kiosk"}}}
{"_id": "e2ca02de-53c8-11ea-b2d0-b88a60e194fb", "timestamp": "2020-01-04T15:34:28.000Z", "eventType": "transaction", "_adobeamericaspot3": {"CRMID": "crmid:9770131310", "orderDetails": {"orderID": "orderid:142546", "reservationid": "AUH-BV9T", "orderType": "kiosk"}}}
{"_id": "e2cac622-53c8-11ea-8b17-b88a60e194fb", "timestamp": "2019-12-02T09:44:26.000Z", "eventType": "transaction", "_adobeamericaspot3": {"CRMID": "crmid:9412836178", "orderDetails": {"orderID": "orderid:818097", "reservationid": "NRD-Y56E", "orderType": "kiosk"}}}
{"_id": "e2cb8998-53c8-11ea-8a12-b88a60e194fb", "timestamp": "2020-02-03T17:11:33.000Z", "eventType": "transaction", "_adobeamericaspot3": {"CRMID": "crmid:8796195397", "orderDetails": {"orderID": "orderid:287272", "reservationid": "XHT-DSMH", "orderType": "call center"}}}
{"_id": "e2cc4c30-53c8-11ea-b0b5-b88a60e194fb", "timestamp": "2020-01-30T13:32:54.000Z", "eventType": "transaction", "_adobeamericaspot3": {"CRMID": "crmid:7911464891", "orderDetails": {"orderID": "orderid:753117", "reservationid": "ZIX-JGOF", "orderType": "website"}}}
{"_id": "e2cc7434-53c8-11ea-9f98-b88a60e194fb", "timestamp": "2020-02-03T00:00:00.000Z", "eventType": "transaction", "_adobeamericaspot3": {"CRMID": "crmid:7911464891", "orderDetails": {"orderID": "orderid:175529", "reservationid": "EHD-7THE", "orderType": "website"}}}
{"_id": "e2cd372e-53c8-11ea-a915-b88a60e194fb", "timestamp": "2020-01-26T05:27:38.000Z", "eventType": "transaction", "_adobeamericaspot3": {"CRMID": "crmid:5553717131", "orderDetails": {"orderID": "orderid:610904", "reservationid": "UXQ-BND8", "orderType": "call center"}}}
{"_id": "e2cdd378-53c8-11ea-b62f-b88a60e194fb", "timestamp": "2019-12-11T23:44:13.000Z", "eventType": "transaction", "_adobeamericaspot3": {"CRMID": "crmid:3315513736", "orderDetails": {"orderID": "orderid:922158", "reservationid": "BYF-P6K5", "orderType": "service desk"}}}
{"_id": "e2cebdd0-53c8-11ea-816d-b88a60e194fb", "timestamp": "2020-01-04T23:15:35.000Z", "eventType": "transaction", "_adobeamericaspot3": {"CRMID": "crmid:1249743749", "orderDetails": {"orderID": "orderid:269478", "reservationid": "WML-GEMR", "orderType": "kiosk"}}}
{"_id": "e2cfa86e-53c8-11ea-b251-b88a60e194fb", "timestamp": "2019-12-25T05:18:28.000Z", "eventType": "transaction", "_adobeamericaspot3": {"CRMID": "crmid:8913855141", "orderDetails": {"orderID": "orderid:739892", "reservationid": "NMQ-RAMA", "orderType": "kiosk"}}}
{"_id": "e2d06ba8-53c8-11ea-8d89-b88a60e194fb", "timestamp": "2020-02-16T21:43:44.000Z", "eventType": "transaction", "_adobeamericaspot3": {"CRMID": "crmid:1367429551", "orderDetails": {"orderID": "orderid:933102", "reservationid": "3FV-U7DK", "orderType": "service desk"}}}
{"_id": "e2d1555a-53c8-11ea-b395-b88a60e194fb", "timestamp": "2019-12-27T18:52:46.000Z", "eventType": "transaction", "_adobeamericaspot3": {"CRMID": "crmid:1390212509", "orderDetails": {"orderID": "orderid:757789", "reservationid": "2AB-FOPU", "orderType": "mobile"}}}
{"_id": "e2d265ec-53c8-11ea-a992-b88a60e194fb", "timestamp": "2020-01-04T11:16:13.000Z", "eventType": "transaction", "_adobeamericaspot3": {"CRMID": "crmid:8127126426", "orderDetails": {"orderID": "orderid:295962", "reservationid": "UAW-LYFW", "orderType": "call center"}}}
{"_id": "e2d378d8-53c8-11ea-aae2-b88a60e194fb", "timestamp": "2020-01-28T22:27:22.000Z", "eventType": "transaction", "_adobeamericaspot3": {"CRMID": "crmid:1774637434", "orderDetails": {"orderID": "orderid:245972", "reservationid": "5Y2-E6OL", "orderType": "mobile"}}}
{"_id": "e2d4640a-53c8-11ea-a59f-b88a60e194fb", "timestamp": "2020-02-08T23:02:29.000Z", "eventType": "transaction", "_adobeamericaspot3": {"CRMID": "crmid:2131692525", "orderDetails": {"orderID": "orderid:202180", "reservationid": "UB7-7PTL", "orderType": "website"}}}
{"_id": "e2d52674-53c8-11ea-babd-b88a60e194fb", "timestamp": "2020-01-17T07:37:19.000Z", "eventType": "transaction", "_adobeamericaspot3": {"CRMID": "crmid:9548075200", "orderDetails": {"orderID": "orderid:913812", "reservationid": "O7X-1V3Z", "orderType": "call center"}}}
{"_id": "e2d610ec-53c8-11ea-b5b1-b88a60e194fb", "timestamp": "2020-02-08T06:38:32.000Z", "eventType": "transaction", "_adobeamericaspot3": {"CRMID": "crmid:6529146275", "orderDetails": {"orderID": "orderid:430761", "reservationid": "ZAC-TRBE", "orderType": "service desk"}}}
{"_id": "e2d6fb4a-53c8-11ea-94a0-b88a60e194fb", "timestamp": "2020-02-10T13:43:11.000Z", "eventType": "transaction", "_adobeamericaspot3": {"CRMID": "crmid:5435150860", "orderDetails": {"orderID": "orderid:103332", "reservationid": "OYD-DV9E", "orderType": "mobile"}}}
{"_id": "e2d80cf6-53c8-11ea-90a5-b88a60e194fb", "timestamp": "2019-12-18T02:54:30.000Z", "eventType": "transaction", "_adobeamericaspot3": {"CRMID": "crmid:8070169106", "orderDetails": {"orderID": "orderid:728336", "reservationid": "8UV-5HAH", "orderType": "call center"}}}
{"_id": "e2d91e0c-53c8-11ea-9e76-b88a60e194fb", "timestamp": "2020-01-23T21:57:47.000Z", "eventType": "transaction", "_adobeamericaspot3": {"CRMID": "crmid:7308222118", "orderDetails": {"orderID": "orderid:485160", "reservationid": "9KL-VVRM", "orderType": "call center"}}}
{"_id": "e2da0878-53c8-11ea-a960-b88a60e194fb", "timestamp": "2019-12-15T07:15:24.000Z", "eventType": "transaction", "_adobeamericaspot3": {"CRMID": "crmid:1246966323", "orderDetails": {"orderID": "orderid:225926", "reservationid": "EOX-TTY2", "orderType": "website"}}}
{"_id": "e2daf2d2-53c8-11ea-845b-b88a60e194fb", "timestamp": "2020-01-06T16:32:26.000Z", "eventType": "transaction", "_adobeamericaspot3": {"CRMID": "crmid:3319766711", "orderDetails": {"orderID": "orderid:921531", "reservationid": "SIT-X68X", "orderType": "kiosk"}}}
{"_id": "e2dbdd1e-53c8-11ea-b697-b88a60e194fb", "timestamp": "2019-12-13T16:03:19.000Z", "eventType": "transaction", "_adobeamericaspot3": {"CRMID": "crmid:9269773877", "orderDetails": {"orderID": "orderid:178328", "reservationid": "SOP-C620", "orderType": "kiosk"}}}
{"_id": "e2dca098-53c8-11ea-86b1-b88a60e194fb", "timestamp": "2019-12-02T03:16:50.000Z", "eventType": "transaction", "_adobeamericaspot3": {"CRMID": "crmid:6328509683", "orderDetails": {"orderID": "orderid:988459", "reservationid": "ICM-4RW3", "orderType": "kiosk"}}}
{"_id": "e2dcc794-53c8-11ea-b46c-b88a60e194fb", "timestamp": "2019-12-06T00:00:00.000Z", "eventType": "transaction", "_adobeamericaspot3": {"CRMID": "crmid:6328509683", "orderDetails": {"orderID": "orderid:765844", "reservationid": "CCO-TSYK", "orderType": "call center"}}}
{"_id": "e2ddb1f0-53c8-11ea-bdde-b88a60e194fb", "timestamp": "2020-02-11T07:43:55.000Z", "eventType": "transaction", "_adobeamericaspot3": {"CRMID": "crmid:4394022035", "orderDetails": {"orderID": "orderid:903775", "reservationid": "WPA-FQ4O", "orderType": "website"}}}
{"_id": "e2de9b94-53c8-11ea-bd5b-b88a60e194fb", "timestamp": "2020-02-13T22:57:59.000Z", "eventType": "transaction", "_adobeamericaspot3": {"CRMID": "crmid:2927600164", "orderDetails": {"orderID": "orderid:602886", "reservationid": "W4B-XFRV", "orderType": "website"}}}
{"_id": "e2dfadd4-53c8-11ea-8f8b-b88a60e194fb", "timestamp": "2020-01-25T02:37:28.000Z", "eventType": "transaction", "_adobeamericaspot3": {"CRMID": "crmid:3581667074", "orderDetails": {"orderID": "orderid:329643", "reservationid": "984-GZDH", "orderType": "kiosk"}}}
{"_id": "e2e07140-53c8-11ea-9d89-b88a60e194fb", "timestamp": "2019-12-13T10:16:33.000Z", "eventType": "transaction", "_adobeamericaspot3": {"CRMID": "crmid:4342952802", "orderDetails": {"orderID": "orderid:117420", "reservationid": "DZ1-RTCV", "orderType": "call center"}}}
{"_id": "e2e15b80-53c8-11ea-8934-b88a60e194fb", "timestamp": "2019-12-02T00:16:48.000Z", "eventType": "transaction", "_adobeamericaspot3": {"CRMID": "crmid:5194254509", "orderDetails": {"orderID": "orderid:141658", "reservationid": "88T-3YZO", "orderType": "mobile"}}}
{"_id": "e2e293fa-53c8-11ea-b133-b88a60e194fb", "timestamp": "2019-12-14T16:51:07.000Z", "eventType": "transaction", "_adobeamericaspot3": {"CRMID": "crmid:5800469575", "orderDetails": {"orderID": "orderid:118328", "reservationid": "G0F-V2OD", "orderType": "kiosk"}}}
{"_id": "e2e37e76-53c8-11ea-8c04-b88a60e194fb", "timestamp": "2019-12-31T22:53:02.000Z", "eventType": "transaction", "_adobeamericaspot3": {"CRMID": "crmid:2681388747", "orderDetails": {"orderID": "orderid:232590", "reservationid": "MMW-75DH", "orderType": "call center"}}}
{"_id": "e2e468b4-53c8-11ea-8156-b88a60e194fb", "timestamp": "2019-12-10T23:15:08.000Z", "eventType": "transaction", "_adobeamericaspot3": {"CRMID": "crmid:2188633316", "orderDetails": {"orderID": "orderid:867645", "reservationid": "RK1-KFCB", "orderType": "mobile"}}}
{"_id": "e2e55346-53c8-11ea-b0e2-b88a60e194fb", "timestamp": "2020-01-28T22:22:25.000Z", "eventType": "transaction", "_adobeamericaspot3": {"CRMID": "crmid:4182518678", "orderDetails": {"orderID": "orderid:648750", "reservationid": "E9A-PHUX", "orderType": "website"}}}
{"_id": "e2e63c1a-53c8-11ea-bf6c-b88a60e194fb", "timestamp": "2019-12-27T00:09:12.000Z", "eventType": "transaction", "_adobeamericaspot3": {"CRMID": "crmid:3421445155", "orderDetails": {"orderID": "orderid:539081", "reservationid": "459-LOQ2", "orderType": "kiosk"}}}
{"_id": "e2e700e2-53c8-11ea-9f25-b88a60e194fb", "timestamp": "2020-02-12T06:38:58.000Z", "eventType": "transaction", "_adobeamericaspot3": {"CRMID": "crmid:9570682180", "orderDetails": {"orderID": "orderid:989108", "reservationid": "OOT-TS58", "orderType": "website"}}}
{"_id": "e2e7eb26-53c8-11ea-8c90-b88a60e194fb", "timestamp": "2020-02-13T10:33:49.000Z", "eventType": "transaction", "_adobeamericaspot3": {"CRMID": "crmid:8247593691", "orderDetails": {"orderID": "orderid:722152", "reservationid": "NUC-4SNW", "orderType": "call center"}}}
{"_id": "e2e8d4f8-53c8-11ea-bbe3-b88a60e194fb", "timestamp": "2019-12-13T08:37:19.000Z", "eventType": "transaction", "_adobeamericaspot3": {"CRMID": "crmid:3384335006", "orderDetails": {"orderID": "orderid:395322", "reservationid": "6ES-A9PK", "orderType": "website"}}}
{"_id": "e2e9bfe6-53c8-11ea-bbc7-b88a60e194fb", "timestamp": "2020-02-06T22:25:16.000Z", "eventType": "transaction", "_adobeamericaspot3": {"CRMID": "crmid:1431742457", "orderDetails": {"orderID": "orderid:440115", "reservationid": "HPH-OO5N", "orderType": "service desk"}}}
{"_id": "e2ea81de-53c8-11ea-98b2-b88a60e194fb", "timestamp": "2019-12-02T21:14:34.000Z", "eventType": "transaction", "_adobeamericaspot3": {"CRMID": "crmid:7579288605", "orderDetails": {"orderID": "orderid:161285", "reservationid": "PEN-U2U6", "orderType": "kiosk"}}}
{"_id": "e2edb6a4-53c8-11ea-b30c-b88a60e194fb", "timestamp": "2019-12-13T21:00:08.000Z", "eventType": "transaction", "_adobeamericaspot3": {"CRMID": "crmid:4918619302", "orderDetails": {"orderID": "orderid:159755", "reservationid": "LLU-IJVH", "orderType": "kiosk"}}}
{"_id": "e2eea1e4-53c8-11ea-9517-b88a60e194fb", "timestamp": "2020-02-10T23:11:03.000Z", "eventType": "transaction", "_adobeamericaspot3": {"CRMID": "crmid:4208873552", "orderDetails": {"orderID": "orderid:907461", "reservationid": "VAL-NUIF", "orderType": "kiosk"}}}
{"_id": "e2ef8c4a-53c8-11ea-b83d-b88a60e194fb", "timestamp": "2020-01-01T12:54:03.000Z", "eventType": "transaction", "_adobeamericaspot3": {"CRMID": "crmid:4550476733", "orderDetails": {"orderID": "orderid:317953", "reservationid": "4DC-UXJG", "orderType": "website"}}}
{"_id": "e2f076b6-53c8-11ea-b6c3-b88a60e194fb", "timestamp": "2019-12-10T13:33:18.000Z", "eventType": "transaction", "_adobeamericaspot3": {"CRMID": "crmid:8983085925", "orderDetails": {"orderID": "orderid:103280", "reservationid": "OPJ-VZ6K", "orderType": "kiosk"}}}
{"_id": "e2f1610a-53c8-11ea-9f01-b88a60e194fb", "timestamp": "2019-12-17T02:13:27.000Z", "eventType": "transaction", "_adobeamericaspot3": {"CRMID": "crmid:6874086604", "orderDetails": {"orderID": "orderid:357629", "reservationid": "8T5-WO6G", "orderType": "website"}}}
{"_id": "e2f24b6c-53c8-11ea-859e-b88a60e194fb", "timestamp": "2020-02-01T08:05:14.000Z", "eventType": "transaction", "_adobeamericaspot3": {"CRMID": "crmid:1048592163", "orderDetails": {"orderID": "orderid:770447", "reservationid": "6SR-8EU8", "orderType": "call center"}}}
{"_id": "e2f335d8-53c8-11ea-9ec0-b88a60e194fb", "timestamp": "2020-01-22T13:38:38.000Z", "eventType": "transaction", "_adobeamericaspot3": {"CRMID": "crmid:8468436623", "orderDetails": {"orderID": "orderid:615494", "reservationid": "BG6-SNCZ", "orderType": "kiosk"}}}
{"_id": "e2f3f946-53c8-11ea-9b76-b88a60e194fb", "timestamp": "2019-12-07T03:50:56.000Z", "eventType": "transaction", "_adobeamericaspot3": {"CRMID": "crmid:4861902681", "orderDetails": {"orderID": "orderid:139172", "reservationid": "OBL-SHQR", "orderType": "call center"}}}
{"_id": "e2f3f947-53c8-11ea-8ea9-b88a60e194fb", "timestamp": "2019-12-13T00:00:00.000Z", "eventType": "transaction", "_adobeamericaspot3": {"CRMID": "crmid:4861902681", "orderDetails": {"orderID": "orderid:316048", "reservationid": "SV5-F6PG", "orderType": "website"}}}
{"_id": "e2f4e378-53c8-11ea-9434-b88a60e194fb", "timestamp": "2020-01-14T01:55:31.000Z", "eventType": "transaction", "_adobeamericaspot3": {"CRMID": "crmid:1812884750", "orderDetails": {"orderID": "orderid:473215", "reservationid": "K8O-CFPJ", "orderType": "call center"}}}
{"_id": "e2f5cdd2-53c8-11ea-b2bb-b88a60e194fb", "timestamp": "2020-01-04T22:00:37.000Z", "eventType": "transaction", "_adobeamericaspot3": {"CRMID": "crmid:8098509918", "orderDetails": {"orderID": "orderid:568336", "reservationid": "Z3Z-FE7N", "orderType": "mobile"}}}
{"_id": "e2f6b814-53c8-11ea-acd3-b88a60e194fb", "timestamp": "2020-01-26T18:35:33.000Z", "eventType": "transaction", "_adobeamericaspot3": {"CRMID": "crmid:9188144101", "orderDetails": {"orderID": "orderid:648922", "reservationid": "XSJ-QIRB", "orderType": "website"}}}
{"_id": "e2f81682-53c8-11ea-b4df-b88a60e194fb", "timestamp": "2020-01-20T05:49:31.000Z", "eventType": "transaction", "_adobeamericaspot3": {"CRMID": "crmid:4237543949", "orderDetails": {"orderID": "orderid:955340", "reservationid": "LVP-RTSC", "orderType": "website"}}}
{"_id": "e2f9c580-53c8-11ea-b8d6-b88a60e194fb", "timestamp": "2020-01-17T14:10:36.000Z", "eventType": "transaction", "_adobeamericaspot3": {"CRMID": "crmid:3281668547", "orderDetails": {"orderID": "orderid:584440", "reservationid": "6AT-V791", "orderType": "service desk"}}}
{"_id": "e2fafdbe-53c8-11ea-848e-b88a60e194fb", "timestamp": "2020-02-16T11:45:03.000Z", "eventType": "transaction", "_adobeamericaspot3": {"CRMID": "crmid:1877035925", "orderDetails": {"orderID": "orderid:710147", "reservationid": "HSY-NOSG", "orderType": "website"}}}
{"_id": "e2fbe7ac-53c8-11ea-9977-b88a60e194fb", "timestamp": "2020-01-27T20:55:26.000Z", "eventType": "transaction", "_adobeamericaspot3": {"CRMID": "crmid:1012682136", "orderDetails": {"orderID": "orderid:127686", "reservationid": "YES-TJ9X", "orderType": "service desk"}}}
{"_id": "e2fcd2ba-53c8-11ea-9839-b88a60e194fb", "timestamp": "2020-01-06T10:10:37.000Z", "eventType": "transaction", "_adobeamericaspot3": {"CRMID": "crmid:8175221879", "orderDetails": {"orderID": "orderid:963490", "reservationid": "Z50-7WJP", "orderType": "call center"}}}
{"_id": "e2fdbd18-53c8-11ea-9f00-b88a60e194fb", "timestamp": "2020-02-12T05:48:41.000Z", "eventType": "transaction", "_adobeamericaspot3": {"CRMID": "crmid:3008678817", "orderDetails": {"orderID": "orderid:911802", "reservationid": "Q0V-JYX3", "orderType": "website"}}}
{"_id": "e2fea77a-53c8-11ea-96d0-b88a60e194fb", "timestamp": "2019-12-20T13:17:47.000Z", "eventType": "transaction", "_adobeamericaspot3": {"CRMID": "crmid:8807704291", "orderDetails": {"orderID": "orderid:807696", "reservationid": "B8V-KK3P", "orderType": "call center"}}}
{"_id": "e2ffb8e8-53c8-11ea-985a-b88a60e194fb", "timestamp": "2019-12-03T15:45:23.000Z", "eventType": "transaction", "_adobeamericaspot3": {"CRMID": "crmid:7672378194", "orderDetails": {"orderID": "orderid:889854", "reservationid": "RFH-YJPM", "orderType": "website"}}}
{"_id": "e3007c1a-53c8-11ea-9c18-b88a60e194fb", "timestamp": "2020-02-11T12:17:05.000Z", "eventType": "transaction", "_adobeamericaspot3": {"CRMID": "crmid:7828341995", "orderDetails": {"orderID": "orderid:561268", "reservationid": "EG3-QGPN", "orderType": "mobile"}}}
{"_id": "e3018dbe-53c8-11ea-a578-b88a60e194fb", "timestamp": "2020-01-03T11:19:36.000Z", "eventType": "transaction", "_adobeamericaspot3": {"CRMID": "crmid:6402828217", "orderDetails": {"orderID": "orderid:717254", "reservationid": "UCB-K8KQ", "orderType": "kiosk"}}}
{"_id": "e3029f40-53c8-11ea-a54d-b88a60e194fb", "timestamp": "2019-12-15T04:33:42.000Z", "eventType": "transaction", "_adobeamericaspot3": {"CRMID": "crmid:2734178023", "orderDetails": {"orderID": "orderid:189204", "reservationid": "VAW-XDZZ", "orderType": "website"}}}
{"_id": "e303fd54-53c8-11ea-a824-b88a60e194fb", "timestamp": "2020-02-13T11:17:21.000Z", "eventType": "transaction", "_adobeamericaspot3": {"CRMID": "crmid:9862747220", "orderDetails": {"orderID": "orderid:673848", "reservationid": "38Q-SGDD", "orderType": "mobile"}}}
{"_id": "e3055cc6-53c8-11ea-ba21-b88a60e194fb", "timestamp": "2020-02-07T03:18:54.000Z", "eventType": "transaction", "_adobeamericaspot3": {"CRMID": "crmid:1753047644", "orderDetails": {"orderID": "orderid:362012", "reservationid": "KGY-YGAL", "orderType": "website"}}}
{"_id": "e3064898-53c8-11ea-ae2e-b88a60e194fb", "timestamp": "2020-01-27T23:35:19.000Z", "eventType": "transaction", "_adobeamericaspot3": {"CRMID": "crmid:7534479025", "orderDetails": {"orderID": "orderid:460511", "reservationid": "PEA-LDDK", "orderType": "website"}}}
{"_id": "e30732fa-53c8-11ea-8035-b88a60e194fb", "timestamp": "2019-12-02T10:09:51.000Z", "eventType": "transaction", "_adobeamericaspot3": {"CRMID": "crmid:7211484180", "orderDetails": {"orderID": "orderid:815881", "reservationid": "8W3-EJHN", "orderType": "website"}}}
{"_id": "e307f63e-53c8-11ea-9347-b88a60e194fb", "timestamp": "2019-12-06T14:47:29.000Z", "eventType": "transaction", "_adobeamericaspot3": {"CRMID": "crmid:8015671509", "orderDetails": {"orderID": "orderid:681831", "reservationid": "7EE-2KQY", "orderType": "service desk"}}}
{"_id": "e30907ba-53c8-11ea-8159-b88a60e194fb", "timestamp": "2020-01-16T21:10:34.000Z", "eventType": "transaction", "_adobeamericaspot3": {"CRMID": "crmid:9429485835", "orderDetails": {"orderID": "orderid:122188", "reservationid": "R3U-MMVR", "orderType": "kiosk"}}}
{"_id": "e309f0dc-53c8-11ea-a511-b88a60e194fb", "timestamp": "2020-01-08T18:37:54.000Z", "eventType": "transaction", "_adobeamericaspot3": {"CRMID": "crmid:7169366003", "orderDetails": {"orderID": "orderid:333990", "reservationid": "FEJ-9YWA", "orderType": "kiosk"}}}
{"_id": "e30adb48-53c8-11ea-adc1-b88a60e194fb", "timestamp": "2020-01-06T14:33:36.000Z", "eventType": "transaction", "_adobeamericaspot3": {"CRMID": "crmid:5120490568", "orderDetails": {"orderID": "orderid:917512", "reservationid": "ZQN-B8TT", "orderType": "website"}}}
{"_id": "e30c13ba-53c8-11ea-a995-b88a60e194fb", "timestamp": "2019-12-09T11:36:56.000Z", "eventType": "transaction", "_adobeamericaspot3": {"CRMID": "crmid:9282777734", "orderDetails": {"orderID": "orderid:360540", "reservationid": "NVG-OXYB", "orderType": "website"}}}
{"_id": "e30d9a46-53c8-11ea-a0ce-b88a60e194fb", "timestamp": "2019-12-29T09:14:20.000Z", "eventType": "transaction", "_adobeamericaspot3": {"CRMID": "crmid:6014415114", "orderDetails": {"orderID": "orderid:473102", "reservationid": "BJU-Z5MA", "orderType": "kiosk"}}}
{"_id": "e30f9622-53c8-11ea-b10a-b88a60e194fb", "timestamp": "2019-12-21T23:54:07.000Z", "eventType": "transaction", "_adobeamericaspot3": {"CRMID": "crmid:8124690609", "orderDetails": {"orderID": "orderid:583566", "reservationid": "NES-RTHM", "orderType": "kiosk"}}}
{"_id": "e3105964-53c8-11ea-912b-b88a60e194fb", "timestamp": "2020-02-07T09:49:04.000Z", "eventType": "transaction", "_adobeamericaspot3": {"CRMID": "crmid:9998169345", "orderDetails": {"orderID": "orderid:895285", "reservationid": "YJW-GI8T", "orderType": "service desk"}}}
{"_id": "e3111cc8-53c8-11ea-8a40-b88a60e194fb", "timestamp": "2019-12-21T14:03:25.000Z", "eventType": "transaction", "_adobeamericaspot3": {"CRMID": "crmid:2371727533", "orderDetails": {"orderID": "orderid:551926", "reservationid": "GCO-AGRM", "orderType": "website"}}}
{"_id": "e311e0c6-53c8-11ea-99b5-b88a60e194fb", "timestamp": "2019-12-13T17:53:24.000Z", "eventType": "transaction", "_adobeamericaspot3": {"CRMID": "crmid:4153222258", "orderDetails": {"orderID": "orderid:309219", "reservationid": "ZLJ-LVPP", "orderType": "call center"}}}
{"_id": "e312a35a-53c8-11ea-82b2-b88a60e194fb", "timestamp": "2020-01-19T08:08:37.000Z", "eventType": "transaction", "_adobeamericaspot3": {"CRMID": "crmid:7817912245", "orderDetails": {"orderID": "orderid:442760", "reservationid": "GPH-IR35", "orderType": "website"}}}
{"_id": "e31366b8-53c8-11ea-b89b-b88a60e194fb", "timestamp": "2019-12-03T18:56:35.000Z", "eventType": "transaction", "_adobeamericaspot3": {"CRMID": "crmid:8506080512", "orderDetails": {"orderID": "orderid:507939", "reservationid": "ZRC-JJUR", "orderType": "website"}}}
{"_id": "e31429fa-53c8-11ea-8d61-b88a60e194fb", "timestamp": "2019-12-15T01:43:15.000Z", "eventType": "transaction", "_adobeamericaspot3": {"CRMID": "crmid:6967639539", "orderDetails": {"orderID": "orderid:874235", "reservationid": "5RO-83AW", "orderType": "website"}}}
{"_id": "e314ed46-53c8-11ea-bb96-b88a60e194fb", "timestamp": "2020-01-30T08:26:50.000Z", "eventType": "transaction", "_adobeamericaspot3": {"CRMID": "crmid:1189844054", "orderDetails": {"orderID": "orderid:743565", "reservationid": "E11-OKOH", "orderType": "kiosk"}}}
{"_id": "e315b098-53c8-11ea-a1f8-b88a60e194fb", "timestamp": "2020-02-12T05:36:59.000Z", "eventType": "transaction", "_adobeamericaspot3": {"CRMID": "crmid:1271587000", "orderDetails": {"orderID": "orderid:368815", "reservationid": "UNF-KOMP", "orderType": "service desk"}}}
{"_id": "e3169b06-53c8-11ea-ac27-b88a60e194fb", "timestamp": "2019-12-15T15:25:55.000Z", "eventType": "transaction", "_adobeamericaspot3": {"CRMID": "crmid:3265144901", "orderDetails": {"orderID": "orderid:964886", "reservationid": "UQL-M2PZ", "orderType": "call center"}}}
{"_id": "e317855e-53c8-11ea-a016-b88a60e194fb", "timestamp": "2020-01-24T23:38:24.000Z", "eventType": "transaction", "_adobeamericaspot3": {"CRMID": "crmid:6715548775", "orderDetails": {"orderID": "orderid:259865", "reservationid": "D1N-X5YS", "orderType": "website"}}}
{"_id": "e3186fca-53c8-11ea-8156-b88a60e194fb", "timestamp": "2019-12-11T14:51:15.000Z", "eventType": "transaction", "_adobeamericaspot3": {"CRMID": "crmid:1229441283", "orderDetails": {"orderID": "orderid:103943", "reservationid": "I5T-VHLO", "orderType": "mobile"}}}
{"_id": "e3186fcb-53c8-11ea-96f9-b88a60e194fb", "timestamp": "2019-12-14T00:00:00.000Z", "eventType": "transaction", "_adobeamericaspot3": {"CRMID": "crmid:1229441283", "orderDetails": {"orderID": "orderid:503585", "reservationid": "UKX-FA6R", "orderType": "mobile"}}}
{"_id": "e31896f0-53c8-11ea-9ab5-b88a60e194fb", "timestamp": "2019-12-21T00:00:00.000Z", "eventType": "transaction", "_adobeamericaspot3": {"CRMID": "crmid:1229441283", "orderDetails": {"orderID": "orderid:891735", "reservationid": "BMB-YFUI", "orderType": "website"}}}
{"_id": "e3195a28-53c8-11ea-b7fe-b88a60e194fb", "timestamp": "2019-12-04T22:20:05.000Z", "eventType": "transaction", "_adobeamericaspot3": {"CRMID": "crmid:1291537203", "orderDetails": {"orderID": "orderid:836951", "reservationid": "PFJ-TVVV", "orderType": "service desk"}}}
{"_id": "e319f668-53c8-11ea-a042-b88a60e194fb", "timestamp": "2020-01-19T08:00:48.000Z", "eventType": "transaction", "_adobeamericaspot3": {"CRMID": "crmid:4632909192", "orderDetails": {"orderID": "orderid:189955", "reservationid": "ZZI-FUL0", "orderType": "call center"}}}
{"_id": "e31ab9b6-53c8-11ea-9b5f-b88a60e194fb", "timestamp": "2020-01-13T11:14:39.000Z", "eventType": "transaction", "_adobeamericaspot3": {"CRMID": "crmid:2917167964", "orderDetails": {"orderID": "orderid:209453", "reservationid": "5OR-MBZE", "orderType": "website"}}}
{"_id": "e31b7cfa-53c8-11ea-ba86-b88a60e194fb", "timestamp": "2019-12-19T11:52:22.000Z", "eventType": "transaction", "_adobeamericaspot3": {"CRMID": "crmid:2322313114", "orderDetails": {"orderID": "orderid:872948", "reservationid": "QBD-S1VO", "orderType": "call center"}}}
{"_id": "e31c4058-53c8-11ea-9e89-b88a60e194fb", "timestamp": "2020-02-03T18:25:40.000Z", "eventType": "transaction", "_adobeamericaspot3": {"CRMID": "crmid:4091519307", "orderDetails": {"orderID": "orderid:187297", "reservationid": "AN7-QDP9", "orderType": "call center"}}}
{"_id": "e31d03a6-53c8-11ea-9a4e-b88a60e194fb", "timestamp": "2020-02-02T17:07:24.000Z", "eventType": "transaction", "_adobeamericaspot3": {"CRMID": "crmid:3270020874", "orderDetails": {"orderID": "orderid:485296", "reservationid": "TQG-A1LY", "orderType": "website"}}}
{"_id": "e31dee0a-53c8-11ea-8ca5-b88a60e194fb", "timestamp": "2020-02-10T20:54:09.000Z", "eventType": "transaction", "_adobeamericaspot3": {"CRMID": "crmid:6473716917", "orderDetails": {"orderID": "orderid:178493", "reservationid": "JLN-VEMT", "orderType": "kiosk"}}}
{"_id": "e31eb148-53c8-11ea-a719-b88a60e194fb", "timestamp": "2020-01-03T02:50:31.000Z", "eventType": "transaction", "_adobeamericaspot3": {"CRMID": "crmid:6389287660", "orderDetails": {"orderID": "orderid:680278", "reservationid": "3ZC-LWLR", "orderType": "website"}}}
{"_id": "e31f4d98-53c8-11ea-9de1-b88a60e194fb", "timestamp": "2020-02-10T02:58:14.000Z", "eventType": "transaction", "_adobeamericaspot3": {"CRMID": "crmid:9432035314", "orderDetails": {"orderID": "orderid:850818", "reservationid": "XQI-9IZO", "orderType": "kiosk"}}}
{"_id": "e320ad02-53c8-11ea-9a09-b88a60e194fb", "timestamp": "2019-12-07T18:41:52.000Z", "eventType": "transaction", "_adobeamericaspot3": {"CRMID": "crmid:4096098409", "orderDetails": {"orderID": "orderid:257689", "reservationid": "6XV-WKOB", "orderType": "service desk"}}}
{"_id": "e321e63a-53c8-11ea-8fc5-b88a60e194fb", "timestamp": "2019-12-02T00:24:36.000Z", "eventType": "transaction", "_adobeamericaspot3": {"CRMID": "crmid:8883023157", "orderDetails": {"orderID": "orderid:797965", "reservationid": "DDR-WTNH", "orderType": "call center"}}}
{"_id": "e322a8e8-53c8-11ea-8ef2-b88a60e194fb", "timestamp": "2019-12-27T13:31:59.000Z", "eventType": "transaction", "_adobeamericaspot3": {"CRMID": "crmid:5936213562", "orderDetails": {"orderID": "orderid:468757", "reservationid": "3P2-ZFDL", "orderType": "website"}}}
{"_id": "e322a8e9-53c8-11ea-bceb-b88a60e194fb", "timestamp": "2020-01-04T00:00:00.000Z", "eventType": "transaction", "_adobeamericaspot3": {"CRMID": "crmid:5936213562", "orderDetails": {"orderID": "orderid:719959", "reservationid": "ANB-OILA", "orderType": "kiosk"}}}
{"_id": "e322cff4-53c8-11ea-a59b-b88a60e194fb", "timestamp": "2020-01-12T00:00:00.000Z", "eventType": "transaction", "_adobeamericaspot3": {"CRMID": "crmid:5936213562", "orderDetails": {"orderID": "orderid:971715", "reservationid": "7CT-ARMM", "orderType": "website"}}}
{"_id": "e323935c-53c8-11ea-a4ce-b88a60e194fb", "timestamp": "2019-12-30T23:14:40.000Z", "eventType": "transaction", "_adobeamericaspot3": {"CRMID": "crmid:5337243662", "orderDetails": {"orderID": "orderid:265784", "reservationid": "AYA-AZ8P", "orderType": "kiosk"}}}
{"_id": "e3245698-53c8-11ea-8ba7-b88a60e194fb", "timestamp": "2019-12-12T14:01:07.000Z", "eventType": "transaction", "_adobeamericaspot3": {"CRMID": "crmid:5752801320", "orderDetails": {"orderID": "orderid:770441", "reservationid": "RJV-CYKA", "orderType": "website"}}}
{"_id": "e32540f4-53c8-11ea-b287-b88a60e194fb", "timestamp": "2020-01-21T00:59:08.000Z", "eventType": "transaction", "_adobeamericaspot3": {"CRMID": "crmid:3921929718", "orderDetails": {"orderID": "orderid:495918", "reservationid": "BV1-KDWR", "orderType": "website"}}}
{"_id": "e3262b58-53c8-11ea-b312-b88a60e194fb", "timestamp": "2020-01-03T03:07:29.000Z", "eventType": "transaction", "_adobeamericaspot3": {"CRMID": "crmid:3213388998", "orderDetails": {"orderID": "orderid:280593", "reservationid": "KBG-FZ7C", "orderType": "website"}}}
{"_id": "e32715b6-53c8-11ea-a7cd-b88a60e194fb", "timestamp": "2019-12-10T17:26:52.000Z", "eventType": "transaction", "_adobeamericaspot3": {"CRMID": "crmid:3910434408", "orderDetails": {"orderID": "orderid:569328", "reservationid": "TU2-KTA8", "orderType": "kiosk"}}}
{"_id": "e3280018-53c8-11ea-b90a-b88a60e194fb", "timestamp": "2020-01-04T03:33:26.000Z", "eventType": "transaction", "_adobeamericaspot3": {"CRMID": "crmid:7119125734", "orderDetails": {"orderID": "orderid:664394", "reservationid": "F9K-SK07", "orderType": "mobile"}}}
{"_id": "e3282724-53c8-11ea-bb1c-b88a60e194fb", "timestamp": "2020-01-08T00:00:00.000Z", "eventType": "transaction", "_adobeamericaspot3": {"CRMID": "crmid:7119125734", "orderDetails": {"orderID": "orderid:664472", "reservationid": "JB9-LWYQ", "orderType": "call center"}}}
{"_id": "e3291198-53c8-11ea-9f5d-b88a60e194fb", "timestamp": "2019-12-15T22:18:03.000Z", "eventType": "transaction", "_adobeamericaspot3": {"CRMID": "crmid:2919345046", "orderDetails": {"orderID": "orderid:896079", "reservationid": "SRR-X5E8", "orderType": "call center"}}}
{"_id": "e329fbf4-53c8-11ea-8f4b-b88a60e194fb", "timestamp": "2020-01-29T17:14:34.000Z", "eventType": "transaction", "_adobeamericaspot3": {"CRMID": "crmid:1620079836", "orderDetails": {"orderID": "orderid:575674", "reservationid": "8YG-YC2O", "orderType": "mobile"}}}
{"_id": "e32b5b94-53c8-11ea-813a-b88a60e194fb", "timestamp": "2020-01-02T00:08:01.000Z", "eventType": "transaction", "_adobeamericaspot3": {"CRMID": "crmid:6272292410", "orderDetails": {"orderID": "orderid:734767", "reservationid": "MT8-HOID", "orderType": "website"}}}
{"_id": "e32c6cfa-53c8-11ea-b943-b88a60e194fb", "timestamp": "2020-01-19T08:45:12.000Z", "eventType": "transaction", "_adobeamericaspot3": {"CRMID": "crmid:1559457462", "orderDetails": {"orderID": "orderid:416850", "reservationid": "NM1-E8XT", "orderType": "call center"}}}
{"_id": "e32d3046-53c8-11ea-a363-b88a60e194fb", "timestamp": "2020-01-09T20:01:31.000Z", "eventType": "transaction", "_adobeamericaspot3": {"CRMID": "crmid:5083231158", "orderDetails": {"orderID": "orderid:240032", "reservationid": "PVV-2HB9", "orderType": "call center"}}}
{"_id": "e32e1aa6-53c8-11ea-810e-b88a60e194fb", "timestamp": "2020-01-18T00:41:26.000Z", "eventType": "transaction", "_adobeamericaspot3": {"CRMID": "crmid:9974585664", "orderDetails": {"orderID": "orderid:397410", "reservationid": "GO1-BR0O", "orderType": "website"}}}
{"_id": "e32f04f6-53c8-11ea-90e6-b88a60e194fb", "timestamp": "2020-01-24T23:15:29.000Z", "eventType": "transaction", "_adobeamericaspot3": {"CRMID": "crmid:1382587696", "orderDetails": {"orderID": "orderid:901029", "reservationid": "IDU-IODW", "orderType": "website"}}}
{"_id": "e330d9a2-53c8-11ea-b6f8-b88a60e194fb", "timestamp": "2019-12-15T01:09:11.000Z", "eventType": "transaction", "_adobeamericaspot3": {"CRMID": "crmid:2146938302", "orderDetails": {"orderID": "orderid:702568", "reservationid": "F0U-RWNK", "orderType": "call center"}}}
{"_id": "e332394a-53c8-11ea-b813-b88a60e194fb", "timestamp": "2020-01-15T19:01:49.000Z", "eventType": "transaction", "_adobeamericaspot3": {"CRMID": "crmid:8843951647", "orderDetails": {"orderID": "orderid:621923", "reservationid": "VXT-YQSN", "orderType": "website"}}}
{"_id": "e3334ab0-53c8-11ea-aa4d-b88a60e194fb", "timestamp": "2019-12-10T22:04:48.000Z", "eventType": "transaction", "_adobeamericaspot3": {"CRMID": "crmid:6512325087", "orderDetails": {"orderID": "orderid:316757", "reservationid": "VIN-KTEP", "orderType": "mobile"}}}
{"_id": "e33371d4-53c8-11ea-a4c5-b88a60e194fb", "timestamp": "2019-12-14T00:00:00.000Z", "eventType": "transaction", "_adobeamericaspot3": {"CRMID": "crmid:6512325087", "orderDetails": {"orderID": "orderid:387698", "reservationid": "YJZ-3FAB", "orderType": "website"}}}
{"_id": "e3348334-53c8-11ea-8dee-b88a60e194fb", "timestamp": "2020-01-13T03:35:20.000Z", "eventType": "transaction", "_adobeamericaspot3": {"CRMID": "crmid:1253291939", "orderDetails": {"orderID": "orderid:388323", "reservationid": "0XA-FR95", "orderType": "website"}}}
{"_id": "e3359480-53c8-11ea-b1e5-b88a60e194fb", "timestamp": "2020-02-06T21:45:03.000Z", "eventType": "transaction", "_adobeamericaspot3": {"CRMID": "crmid:5260180197", "orderDetails": {"orderID": "orderid:395983", "reservationid": "US1-8X71", "orderType": "mobile"}}}
{"_id": "e3371b48-53c8-11ea-b5a7-b88a60e194fb", "timestamp": "2019-12-21T09:55:14.000Z", "eventType": "transaction", "_adobeamericaspot3": {"CRMID": "crmid:4812541987", "orderDetails": {"orderID": "orderid:400329", "reservationid": "GYN-AURK", "orderType": "service desk"}}}
{"_id": "e3382cb4-53c8-11ea-bb9e-b88a60e194fb", "timestamp": "2019-12-23T22:31:07.000Z", "eventType": "transaction", "_adobeamericaspot3": {"CRMID": "crmid:3016222505", "orderDetails": {"orderID": "orderid:322309", "reservationid": "W7L-E3JY", "orderType": "kiosk"}}}
{"_id": "e33a01d8-53c8-11ea-9995-b88a60e194fb", "timestamp": "2019-12-07T01:08:33.000Z", "eventType": "transaction", "_adobeamericaspot3": {"CRMID": "crmid:3250535388", "orderDetails": {"orderID": "orderid:934168", "reservationid": "WEY-Y1PL", "orderType": "website"}}}
{"_id": "e33aebd4-53c8-11ea-8ff6-b88a60e194fb", "timestamp": "2020-01-11T08:06:15.000Z", "eventType": "transaction", "_adobeamericaspot3": {"CRMID": "crmid:9402324126", "orderDetails": {"orderID": "orderid:477068", "reservationid": "ODG-KIBL", "orderType": "mobile"}}}
{"_id": "e33aebd5-53c8-11ea-abd1-b88a60e194fb", "timestamp": "2020-01-16T00:00:00.000Z", "eventType": "transaction", "_adobeamericaspot3": {"CRMID": "crmid:9402324126", "orderDetails": {"orderID": "orderid:247997", "reservationid": "IDX-X2SC", "orderType": "kiosk"}}}
{"_id": "e33bfd48-53c8-11ea-8498-b88a60e194fb", "timestamp": "2020-01-11T09:19:12.000Z", "eventType": "transaction", "_adobeamericaspot3": {"CRMID": "crmid:4877802472", "orderDetails": {"orderID": "orderid:215278", "reservationid": "YXU-TV4I", "orderType": "call center"}}}
{"_id": "e33bfd49-53c8-11ea-8303-b88a60e194fb", "timestamp": "2020-01-18T00:00:00.000Z", "eventType": "transaction", "_adobeamericaspot3": {"CRMID": "crmid:4877802472", "orderDetails": {"orderID": "orderid:336921", "reservationid": "OXG-KQTF", "orderType": "kiosk"}}}
{"_id": "e33d0eb0-53c8-11ea-a82a-b88a60e194fb", "timestamp": "2019-12-25T05:09:23.000Z", "eventType": "transaction", "_adobeamericaspot3": {"CRMID": "crmid:3761637557", "orderDetails": {"orderID": "orderid:978148", "reservationid": "KL8-LFBV", "orderType": "website"}}}
{"_id": "e33e2024-53c8-11ea-bd1f-b88a60e194fb", "timestamp": "2019-12-02T08:17:00.000Z", "eventType": "transaction", "_adobeamericaspot3": {"CRMID": "crmid:5436363043", "orderDetails": {"orderID": "orderid:555329", "reservationid": "NVI-IWTK", "orderType": "website"}}}
{"_id": "e33f7fa6-53c8-11ea-a0ac-b88a60e194fb", "timestamp": "2019-12-13T05:50:04.000Z", "eventType": "transaction", "_adobeamericaspot3": {"CRMID": "crmid:9730559501", "orderDetails": {"orderID": "orderid:950917", "reservationid": "XFC-YKYO", "orderType": "kiosk"}}}
{"_id": "e3406b94-53c8-11ea-9757-b88a60e194fb", "timestamp": "2019-12-02T10:40:08.000Z", "eventType": "transaction", "_adobeamericaspot3": {"CRMID": "crmid:1895838177", "orderDetails": {"orderID": "orderid:802981", "reservationid": "CX9-PPCK", "orderType": "website"}}}
{"_id": "e3417b7e-53c8-11ea-91b5-b88a60e194fb", "timestamp": "2020-01-02T22:23:42.000Z", "eventType": "transaction", "_adobeamericaspot3": {"CRMID": "crmid:6922473973", "orderDetails": {"orderID": "orderid:465221", "reservationid": "YSG-JR68", "orderType": "website"}}}
{"_id": "e3428d18-53c8-11ea-a7ef-b88a60e194fb", "timestamp": "2020-01-20T03:35:54.000Z", "eventType": "transaction", "_adobeamericaspot3": {"CRMID": "crmid:5477863968", "orderDetails": {"orderID": "orderid:619314", "reservationid": "1UI-VZAJ", "orderType": "kiosk"}}}
{"_id": "e343c59c-53c8-11ea-a1f2-b88a60e194fb", "timestamp": "2020-01-04T02:17:53.000Z", "eventType": "transaction", "_adobeamericaspot3": {"CRMID": "crmid:2708085924", "orderDetails": {"orderID": "orderid:873484", "reservationid": "ALN-CEKB", "orderType": "kiosk"}}}
{"_id": "e344aff4-53c8-11ea-9532-b88a60e194fb", "timestamp": "2020-01-05T18:36:54.000Z", "eventType": "transaction", "_adobeamericaspot3": {"CRMID": "crmid:2931948854", "orderDetails": {"orderID": "orderid:497696", "reservationid": "DXN-SMQI", "orderType": "mobile"}}}
{"_id": "e345c266-53c8-11ea-9255-b88a60e194fb", "timestamp": "2020-01-25T18:42:22.000Z", "eventType": "transaction", "_adobeamericaspot3": {"CRMID": "crmid:9524096370", "orderDetails": {"orderID": "orderid:170249", "reservationid": "XH3-4XCF", "orderType": "call center"}}}
{"_id": "e346d406-53c8-11ea-9e85-b88a60e194fb", "timestamp": "2019-12-11T18:18:16.000Z", "eventType": "transaction", "_adobeamericaspot3": {"CRMID": "crmid:9440365951", "orderDetails": {"orderID": "orderid:224883", "reservationid": "AMO-O22I", "orderType": "website"}}}
{"_id": "e348331a-53c8-11ea-a09f-b88a60e194fb", "timestamp": "2019-12-26T20:56:03.000Z", "eventType": "transaction", "_adobeamericaspot3": {"CRMID": "crmid:3150833170", "orderDetails": {"orderID": "orderid:102581", "reservationid": "NZP-PPFM", "orderType": "mobile"}}}
{"_id": "e3496ae4-53c8-11ea-9d75-b88a60e194fb", "timestamp": "2019-12-20T11:31:02.000Z", "eventType": "transaction", "_adobeamericaspot3": {"CRMID": "crmid:3606795499", "orderDetails": {"orderID": "orderid:250168", "reservationid": "EAE-CTGO", "orderType": "mobile"}}}
{"_id": "e34a2f5e-53c8-11ea-b00d-b88a60e194fb", "timestamp": "2020-01-20T17:40:58.000Z", "eventType": "transaction", "_adobeamericaspot3": {"CRMID": "crmid:7727914265", "orderDetails": {"orderID": "orderid:874218", "reservationid": "SPK-1V6S", "orderType": "website"}}}
{"_id": "e34b19e2-53c8-11ea-ab2d-b88a60e194fb", "timestamp": "2020-01-16T22:30:55.000Z", "eventType": "transaction", "_adobeamericaspot3": {"CRMID": "crmid:2500121188", "orderDetails": {"orderID": "orderid:441859", "reservationid": "MD6-22RF", "orderType": "website"}}}
{"_id": "e34c2b48-53c8-11ea-972c-b88a60e194fb", "timestamp": "2020-01-26T19:29:43.000Z", "eventType": "transaction", "_adobeamericaspot3": {"CRMID": "crmid:6885656186", "orderDetails": {"orderID": "orderid:869642", "reservationid": "OHU-ZKWB", "orderType": "service desk"}}}
{"_id": "e34d1558-53c8-11ea-bfd0-b88a60e194fb", "timestamp": "2019-12-09T16:53:51.000Z", "eventType": "transaction", "_adobeamericaspot3": {"CRMID": "crmid:1368405803", "orderDetails": {"orderID": "orderid:558381", "reservationid": "MJG-SCJ5", "orderType": "call center"}}}
{"_id": "e34e4e42-53c8-11ea-9b00-b88a60e194fb", "timestamp": "2020-01-07T19:56:16.000Z", "eventType": "transaction", "_adobeamericaspot3": {"CRMID": "crmid:4253540824", "orderDetails": {"orderID": "orderid:734087", "reservationid": "MOW-FPDU", "orderType": "website"}}}
{"_id": "e34f1038-53c8-11ea-b6d6-b88a60e194fb", "timestamp": "2019-12-19T19:17:18.000Z", "eventType": "transaction", "_adobeamericaspot3": {"CRMID": "crmid:7091267795", "orderDetails": {"orderID": "orderid:574267", "reservationid": "LEQ-QN75", "orderType": "kiosk"}}}
{"_id": "e3521d74-53c8-11ea-b40c-b88a60e194fb", "timestamp": "2020-01-06T18:50:15.000Z", "eventType": "transaction", "_adobeamericaspot3": {"CRMID": "crmid:9089399519", "orderDetails": {"orderID": "orderid:483603", "reservationid": "WHP-HJVA", "orderType": "website"}}}
{"_id": "e3533010-53c8-11ea-94b9-b88a60e194fb", "timestamp": "2019-12-23T10:40:09.000Z", "eventType": "transaction", "_adobeamericaspot3": {"CRMID": "crmid:6003929222", "orderDetails": {"orderID": "orderid:382361", "reservationid": "F29-LR1D", "orderType": "website"}}}
{"_id": "e3541a38-53c8-11ea-a771-b88a60e194fb", "timestamp": "2019-12-20T14:32:37.000Z", "eventType": "transaction", "_adobeamericaspot3": {"CRMID": "crmid:5010751570", "orderDetails": {"orderID": "orderid:582619", "reservationid": "KI1-ROGM", "orderType": "call center"}}}
{"_id": "e3550506-53c8-11ea-8a50-b88a60e194fb", "timestamp": "2020-02-14T11:47:15.000Z", "eventType": "transaction", "_adobeamericaspot3": {"CRMID": "crmid:5625763848", "orderDetails": {"orderID": "orderid:125351", "reservationid": "TYG-QDEI", "orderType": "call center"}}}
{"_id": "e355ef24-53c8-11ea-951b-b88a60e194fb", "timestamp": "2019-12-16T07:07:19.000Z", "eventType": "transaction", "_adobeamericaspot3": {"CRMID": "crmid:2666278710", "orderDetails": {"orderID": "orderid:185031", "reservationid": "GEN-TUCZ", "orderType": "kiosk"}}}
{"_id": "e356d992-53c8-11ea-85b6-b88a60e194fb", "timestamp": "2019-12-05T16:54:32.000Z", "eventType": "transaction", "_adobeamericaspot3": {"CRMID": "crmid:3991152429", "orderDetails": {"orderID": "orderid:984008", "reservationid": "YOF-TUWE", "orderType": "mobile"}}}
{"_id": "e357eb3a-53c8-11ea-b95c-b88a60e194fb", "timestamp": "2020-02-13T04:23:55.000Z", "eventType": "transaction", "_adobeamericaspot3": {"CRMID": "crmid:6454132697", "orderDetails": {"orderID": "orderid:459076", "reservationid": "I9E-E4NT", "orderType": "call center"}}}
{"_id": "e358d562-53c8-11ea-8d94-b88a60e194fb", "timestamp": "2019-12-06T08:26:54.000Z", "eventType": "transaction", "_adobeamericaspot3": {"CRMID": "crmid:4043798491", "orderDetails": {"orderID": "orderid:985558", "reservationid": "QZY-HKEY", "orderType": "mobile"}}}
{"_id": "e358d563-53c8-11ea-ae35-b88a60e194fb", "timestamp": "2019-12-10T00:00:00.000Z", "eventType": "transaction", "_adobeamericaspot3": {"CRMID": "crmid:4043798491", "orderDetails": {"orderID": "orderid:634079", "reservationid": "LL5-MB7Q", "orderType": "website"}}}
{"_id": "e359bfd8-53c8-11ea-bf59-b88a60e194fb", "timestamp": "2020-02-08T21:56:07.000Z", "eventType": "transaction", "_adobeamericaspot3": {"CRMID": "crmid:5216009544", "orderDetails": {"orderID": "orderid:483153", "reservationid": "JDW-Z1S2", "orderType": "mobile"}}}
{"_id": "e35af848-53c8-11ea-9ca1-b88a60e194fb", "timestamp": "2019-12-30T14:41:26.000Z", "eventType": "transaction", "_adobeamericaspot3": {"CRMID": "crmid:8564851741", "orderDetails": {"orderID": "orderid:378531", "reservationid": "01Q-8CQE", "orderType": "website"}}}
{"_id": "e35c09ba-53c8-11ea-98ef-b88a60e194fb", "timestamp": "2019-12-22T03:20:14.000Z", "eventType": "transaction", "_adobeamericaspot3": {"CRMID": "crmid:7878340437", "orderDetails": {"orderID": "orderid:280219", "reservationid": "FWG-P8M5", "orderType": "website"}}}
{"_id": "e35cf412-53c8-11ea-9256-b88a60e194fb", "timestamp": "2019-12-10T16:06:40.000Z", "eventType": "transaction", "_adobeamericaspot3": {"CRMID": "crmid:5751090415", "orderDetails": {"orderID": "orderid:650506", "reservationid": "4AT-JEIC", "orderType": "website"}}}
{"_id": "e35ddd24-53c8-11ea-b833-b88a60e194fb", "timestamp": "2020-01-15T21:49:53.000Z", "eventType": "transaction", "_adobeamericaspot3": {"CRMID": "crmid:7069030144", "orderDetails": {"orderID": "orderid:971025", "reservationid": "XW2-3RGC", "orderType": "kiosk"}}}
{"_id": "e35eefe2-53c8-11ea-909f-b88a60e194fb", "timestamp": "2020-02-03T11:38:30.000Z", "eventType": "transaction", "_adobeamericaspot3": {"CRMID": "crmid:5007232096", "orderDetails": {"orderID": "orderid:763644", "reservationid": "NM2-PALU", "orderType": "website"}}}
{"_id": "e360011e-53c8-11ea-8f89-b88a60e194fb", "timestamp": "2020-01-02T13:43:15.000Z", "eventType": "transaction", "_adobeamericaspot3": {"CRMID": "crmid:8748233803", "orderDetails": {"orderID": "orderid:160160", "reservationid": "OHP-0N3M", "orderType": "website"}}}
{"_id": "e360eb7a-53c8-11ea-b683-b88a60e194fb", "timestamp": "2020-02-16T07:16:51.000Z", "eventType": "transaction", "_adobeamericaspot3": {"CRMID": "crmid:6232614656", "orderDetails": {"orderID": "orderid:225287", "reservationid": "IYW-X0PP", "orderType": "kiosk"}}}
{"_id": "e361d6d8-53c8-11ea-a5f6-b88a60e194fb", "timestamp": "2020-01-19T06:39:00.000Z", "eventType": "transaction", "_adobeamericaspot3": {"CRMID": "crmid:8899764376", "orderDetails": {"orderID": "orderid:930598", "reservationid": "7TC-DZ4V", "orderType": "call center"}}}
{"_id": "e362c0d0-53c8-11ea-80d0-b88a60e194fb", "timestamp": "2020-02-11T02:19:43.000Z", "eventType": "transaction", "_adobeamericaspot3": {"CRMID": "crmid:5069623406", "orderDetails": {"orderID": "orderid:461056", "reservationid": "GWE-XUWU", "orderType": "website"}}}
{"_id": "e363d212-53c8-11ea-8fc5-b88a60e194fb", "timestamp": "2019-12-20T17:59:03.000Z", "eventType": "transaction", "_adobeamericaspot3": {"CRMID": "crmid:1641119338", "orderDetails": {"orderID": "orderid:856498", "reservationid": "RXW-ULH5", "orderType": "website"}}}
{"_id": "e3650a9c-53c8-11ea-bcdc-b88a60e194fb", "timestamp": "2019-12-25T09:41:19.000Z", "eventType": "transaction", "_adobeamericaspot3": {"CRMID": "crmid:8443809979", "orderDetails": {"orderID": "orderid:656595", "reservationid": "ADV-AXO0", "orderType": "website"}}}
{"_id": "e3664194-53c8-11ea-92ba-b88a60e194fb", "timestamp": "2020-01-24T10:43:53.000Z", "eventType": "transaction", "_adobeamericaspot3": {"CRMID": "crmid:3232642553", "orderDetails": {"orderID": "orderid:984745", "reservationid": "XJZ-ZL9R", "orderType": "kiosk"}}}
{"_id": "e3677b68-53c8-11ea-85ca-b88a60e194fb", "timestamp": "2020-01-24T18:06:16.000Z", "eventType": "transaction", "_adobeamericaspot3": {"CRMID": "crmid:1076295311", "orderDetails": {"orderID": "orderid:201461", "reservationid": "T9N-HYPH", "orderType": "service desk"}}}
{"_id": "e36865e8-53c8-11ea-b8d6-b88a60e194fb", "timestamp": "2020-01-04T21:40:58.000Z", "eventType": "transaction", "_adobeamericaspot3": {"CRMID": "crmid:3811514652", "orderDetails": {"orderID": "orderid:231874", "reservationid": "V36-VQIG", "orderType": "mobile"}}}
{"_id": "e3694ecc-53c8-11ea-a1bc-b88a60e194fb", "timestamp": "2019-12-23T01:44:44.000Z", "eventType": "transaction", "_adobeamericaspot3": {"CRMID": "crmid:2397744858", "orderDetails": {"orderID": "orderid:416160", "reservationid": "XDZ-VZWX", "orderType": "mobile"}}}
{"_id": "e36a3a94-53c8-11ea-a31a-b88a60e194fb", "timestamp": "2020-01-13T18:13:46.000Z", "eventType": "transaction", "_adobeamericaspot3": {"CRMID": "crmid:5412967787", "orderDetails": {"orderID": "orderid:835951", "reservationid": "9FZ-PKUM", "orderType": "call center"}}}
{"_id": "e36b24b6-53c8-11ea-981d-b88a60e194fb", "timestamp": "2019-12-20T22:11:32.000Z", "eventType": "transaction", "_adobeamericaspot3": {"CRMID": "crmid:5955603415", "orderDetails": {"orderID": "orderid:234276", "reservationid": "EGC-FYGT", "orderType": "website"}}}
{"_id": "e36c0f0a-53c8-11ea-a9b3-b88a60e194fb", "timestamp": "2020-01-08T20:39:11.000Z", "eventType": "transaction", "_adobeamericaspot3": {"CRMID": "crmid:3310035373", "orderDetails": {"orderID": "orderid:848680", "reservationid": "BEV-ONQ0", "orderType": "website"}}}
{"_id": "e36d2076-53c8-11ea-b38c-b88a60e194fb", "timestamp": "2020-02-14T16:23:28.000Z", "eventType": "transaction", "_adobeamericaspot3": {"CRMID": "crmid:9899807068", "orderDetails": {"orderID": "orderid:669770", "reservationid": "CJQ-4MR4", "orderType": "call center"}}}
{"_id": "e36e30e8-53c8-11ea-a85b-b88a60e194fb", "timestamp": "2019-12-18T16:49:25.000Z", "eventType": "transaction", "_adobeamericaspot3": {"CRMID": "crmid:3086858913", "orderDetails": {"orderID": "orderid:923415", "reservationid": "OKW-HCMC", "orderType": "mobile"}}}
{"_id": "e36f1c94-53c8-11ea-8310-b88a60e194fb", "timestamp": "2019-12-02T22:17:55.000Z", "eventType": "transaction", "_adobeamericaspot3": {"CRMID": "crmid:5185414855", "orderDetails": {"orderID": "orderid:311454", "reservationid": "CNE-ATLY", "orderType": "kiosk"}}}
{"_id": "e372518c-53c8-11ea-a167-b88a60e194fb", "timestamp": "2020-01-08T02:31:38.000Z", "eventType": "transaction", "_adobeamericaspot3": {"CRMID": "crmid:4453668896", "orderDetails": {"orderID": "orderid:119384", "reservationid": "7PM-TLKU", "orderType": "website"}}}
{"_id": "e3738808-53c8-11ea-aa4f-b88a60e194fb", "timestamp": "2019-12-11T07:07:34.000Z", "eventType": "transaction", "_adobeamericaspot3": {"CRMID": "crmid:9369810945", "orderDetails": {"orderID": "orderid:517728", "reservationid": "NDS-I9WG", "orderType": "kiosk"}}}
{"_id": "e37473ae-53c8-11ea-a784-b88a60e194fb", "timestamp": "2019-12-20T10:07:12.000Z", "eventType": "transaction", "_adobeamericaspot3": {"CRMID": "crmid:3192121960", "orderDetails": {"orderID": "orderid:675713", "reservationid": "22W-VVAM", "orderType": "kiosk"}}}
{"_id": "e37583d4-53c8-11ea-b969-b88a60e194fb", "timestamp": "2020-01-03T12:17:25.000Z", "eventType": "transaction", "_adobeamericaspot3": {"CRMID": "crmid:5914008355", "orderDetails": {"orderID": "orderid:247641", "reservationid": "B1Z-ELSW", "orderType": "call center"}}}
{"_id": "e376bdc0-53c8-11ea-b3ac-b88a60e194fb", "timestamp": "2019-12-08T22:19:33.000Z", "eventType": "transaction", "_adobeamericaspot3": {"CRMID": "crmid:3700940060", "orderDetails": {"orderID": "orderid:500539", "reservationid": "TIY-VLDX", "orderType": "mobile"}}}
{"_id": "e378447e-53c8-11ea-8c30-b88a60e194fb", "timestamp": "2019-12-03T22:50:26.000Z", "eventType": "transaction", "_adobeamericaspot3": {"CRMID": "crmid:4738116627", "orderDetails": {"orderID": "orderid:876710", "reservationid": "RB6-ERQP", "orderType": "kiosk"}}}
{"_id": "e3795452-53c8-11ea-88a6-b88a60e194fb", "timestamp": "2019-12-19T05:13:34.000Z", "eventType": "transaction", "_adobeamericaspot3": {"CRMID": "crmid:6939879090", "orderDetails": {"orderID": "orderid:728041", "reservationid": "E0V-5ZHG", "orderType": "kiosk"}}}
{"_id": "e37a3f2e-53c8-11ea-82e1-b88a60e194fb", "timestamp": "2020-01-19T12:45:38.000Z", "eventType": "transaction", "_adobeamericaspot3": {"CRMID": "crmid:2076050459", "orderDetails": {"orderID": "orderid:358458", "reservationid": "8YX-P5WO", "orderType": "kiosk"}}}
