{"_id": "orderid:971987", "timestamp": "2019-12-13T23:26:08.000Z", "eventType": "transaction", "_adobeamericaspot3": {"CRMID": "crmid:4734181911", "orderDetails": {"orderID": "orderid:971987", "reservationid": "D8C-ITTO", "orderType": "call center", "hotelSKU": "prd1069", "hotelCheckInUnix": "1576452368", "hotelCheckOutUnix": "1576538768", "hotelCheckInTS": "2019-12-15T23:26:08+00:00", "hotelCheckOutTS": "2019-12-16T23:26:08+00:00", "hotelChain": "Admiralty Plaza", "hotelName": "Admiralty Plaza: Singapore", "hotelLocation": "Singapore", "hotelRoomType": "standard", "hotelRoomCount": "1", "hotelGuestAdultCount": "1", "hotelGuestChildCount": "0", "hotelNightCount": "1", "hotelRoomPrice": "154.23", "hotelFinalPrice": "154.23"}}}
{"_id": "orderid:526614", "timestamp": "2019-12-04T03:06:40.000Z", "eventType": "transaction", "_adobeamericaspot3": {"CRMID": "crmid:8888637834", "orderDetails": {"orderID": "orderid:526614", "reservationid": "DYM-FMVQ", "orderType": "kiosk", "hotelSKU": "prd1009", "hotelCheckInUnix": "1577156800", "hotelCheckOutUnix": "1577761600", "hotelCheckInTS": "2019-12-24T03:06:40+00:00", "hotelCheckOutTS": "2019-12-31T03:06:40+00:00", "hotelChain": "Admiralty Plaza", "hotelName": "Admiralty Plaza: San Antonio", "hotelLocation": "San Antonio", "hotelRoomType": "standard", "hotelRoomCount": "1", "hotelGuestAdultCount": "1", "hotelGuestChildCount": "0", "hotelNightCount": "7", "hotelRoomPrice": "168.34", "hotelFinalPrice": "1178.38"}}}
{"_id": "orderid:462270", "timestamp": "2019-12-25T09:00:01.000Z", "eventType": "transaction", "_adobeamericaspot3": {"CRMID": "crmid:3234284599", "orderDetails": {"orderID": "orderid:462270", "reservationid": "L9N-8NDZ", "orderType": "mobile", "hotelSKU": "prd1191", "hotelCheckInUnix": "1579424401", "hotelCheckOutUnix": "1580029201", "hotelCheckInTS": "2020-01-19T09:00:01+00:00", "hotelCheckOutTS": "2020-01-26T09:00:01+00:00", "hotelChain": "Hospitality Inn", "hotelName": "Hospitality Inn: Mumbai", "hotelLocation": "Mumbai", "hotelRoomType": "standard", "hotelRoomCount": "1", "hotelGuestAdultCount": "1", "hotelGuestChildCount": "0", "hotelNightCount": "7", "hotelRoomPrice": "96.18", "hotelFinalPrice": "673.26"}}}
{"_id": "orderid:545499", "timestamp": "2019-12-16T23:58:48.000Z", "eventType": "transaction", "_adobeamericaspot3": {"CRMID": "crmid:5176976482", "orderDetails": {"orderID": "orderid:545499", "reservationid": "GVA-HPNE", "orderType": "website", "hotelSKU": "prd1117", "hotelCheckInUnix": "1577231928", "hotelCheckOutUnix": "1578441528", "hotelCheckInTS": "2019-12-24T23:58:48+00:00", "hotelCheckOutTS": "2020-01-07T23:58:48+00:00", "hotelChain": "Admiralty Plaza", "hotelName": "Admiralty Plaza: Dublin", "hotelLocation": "Dublin", "hotelRoomType": "standard", "hotelRoomCount": "1", "hotelGuestAdultCount": "1", "hotelGuestChildCount": "0", "hotelNightCount": "14", "hotelRoomPrice": "143.68", "hotelFinalPrice": "2011.52"}}}
{"_id": "orderid:503215", "timestamp": "2019-12-07T03:12:24.000Z", "eventType": "transaction", "_adobeamericaspot3": {"CRMID": "crmid:8999426622", "orderDetails": {"orderID": "orderid:503215", "reservationid": "OQU-4NZM", "orderType": "kiosk", "hotelSKU": "prd1071", "hotelCheckInUnix": "1577848344", "hotelCheckOutUnix": "1578625944", "hotelCheckInTS": "2020-01-01T03:12:24+00:00", "hotelCheckOutTS": "2020-01-10T03:12:24+00:00", "hotelChain": "Hospitality Inn", "hotelName": "Hospitality Inn: Seoul", "hotelLocation": "Seoul", "hotelRoomType": "standard", "hotelRoomCount": "1", "hotelGuestAdultCount": "1", "hotelGuestChildCount": "0", "hotelNightCount": "9", "hotelRoomPrice": "164.22", "hotelFinalPrice": "1477.98"}}}
{"_id": "orderid:782866", "timestamp": "2020-01-11T12:37:44.000Z", "eventType": "transaction", "_adobeamericaspot3": {"CRMID": "crmid:6483918856", "orderDetails": {"orderID": "orderid:782866", "reservationid": "S2A-A3VK", "orderType": "kiosk", "hotelSKU": "prd1153", "hotelCheckInUnix": "1580647064", "hotelCheckOutUnix": "1581165464", "hotelCheckInTS": "2020-02-02T12:37:44+00:00", "hotelCheckOutTS": "2020-02-08T12:37:44+00:00", "hotelChain": "Admiralty Plaza", "hotelName": "Admiralty Plaza: Charlotte", "hotelLocation": "Charlotte", "hotelRoomType": "standard", "hotelRoomCount": "1", "hotelGuestAdultCount": "1", "hotelGuestChildCount": "0", "hotelNightCount": "6", "hotelRoomPrice": "112.88", "hotelFinalPrice": "677.28"}}}
{"_id": "orderid:135056", "timestamp": "2020-01-19T21:05:23.000Z", "eventType": "transaction", "_adobeamericaspot3": {"CRMID": "crmid:3778163821", "orderDetails": {"orderID": "orderid:135056", "reservationid": "EMV-6LEE", "orderType": "website", "hotelSKU": "prd1045", "hotelCheckInUnix": "1582059923", "hotelCheckOutUnix": "1582232723", "hotelCheckInTS": "2020-02-18T21:05:23+00:00", "hotelCheckOutTS": "2020-02-20T21:05:23+00:00", "hotelChain": "Admiralty Plaza", "hotelName": "Admiralty Plaza: Miami", "hotelLocation": "Miami", "hotelRoomType": "premium", "hotelRoomCount": "1", "hotelGuestAdultCount": "1", "hotelGuestChildCount": "2", "hotelNightCount": "2", "hotelRoomPrice": "155.37", "hotelFinalPrice": "310.74"}}}
{"_id": "orderid:780439", "timestamp": "2020-01-14T00:09:52.000Z", "eventType": "transaction", "_adobeamericaspot3": {"CRMID": "crmid:4116132724", "orderDetails": {"orderID": "orderid:780439", "reservationid": "OOD-U3KG", "orderType": "kiosk", "hotelSKU": "prd1021", "hotelCheckInUnix": "1580947792", "hotelCheckOutUnix": "1581552592", "hotelCheckInTS": "2020-02-06T00:09:52+00:00", "hotelCheckOutTS": "2020-02-13T00:09:52+00:00", "hotelChain": "Admiralty Plaza", "hotelName": "Admiralty Plaza: Denver", "hotelLocation": "Denver", "hotelRoomType": "standard", "hotelRoomCount": "1", "hotelGuestAdultCount": "1", "hotelGuestChildCount": "4", "hotelNightCount": "7", "hotelRoomPrice": "146.99", "hotelFinalPrice": "1028.93"}}}
{"_id": "orderid:907022", "timestamp": "2019-12-10T10:32:15.000Z", "eventType": "transaction", "_adobeamericaspot3": {"CRMID": "crmid:6093330552", "orderDetails": {"orderID": "orderid:907022", "reservationid": "S1G-BZMQ", "orderType": "call center", "hotelSKU": "prd1017", "hotelCheckInUnix": "1576233135", "hotelCheckOutUnix": "1576319535", "hotelCheckInTS": "2019-12-13T10:32:15+00:00", "hotelCheckOutTS": "2019-12-14T10:32:15+00:00", "hotelChain": "Sapphire Suites", "hotelName": "Sapphire Suites: Fort Worth", "hotelLocation": "Fort Worth", "hotelRoomType": "premium", "hotelRoomCount": "1", "hotelGuestAdultCount": "1", "hotelGuestChildCount": "0", "hotelNightCount": "1", "hotelRoomPrice": "140.23", "hotelFinalPrice": "140.23"}}}
{"_id": "orderid:367605", "timestamp": "2019-12-16T00:00:00.000Z", "eventType": "transaction", "_adobeamericaspot3": {"CRMID": "crmid:6093330552", "orderDetails": {"orderID": "orderid:367605", "reservationid": "GPU-L1JO", "orderType": "service desk", "hotelSKU": "prd1189", "hotelCheckInUnix": "1576713600", "hotelCheckOutUnix": "1576800000", "hotelCheckInTS": "2019-12-19T00:00:00+00:00", "hotelCheckOutTS": "2019-12-20T00:00:00+00:00", "hotelChain": "Admiralty Plaza", "hotelName": "Admiralty Plaza: Bakersfield", "hotelLocation": "Bakersfield", "hotelRoomType": "standard", "hotelRoomCount": "1", "hotelGuestAdultCount": "1", "hotelGuestChildCount": "0", "hotelNightCount": "1", "hotelRoomPrice": "153.87", "hotelFinalPrice": "153.87"}}}
{"_id": "orderid:139086", "timestamp": "2019-12-08T05:51:17.000Z", "eventType": "transaction", "_adobeamericaspot3": {"CRMID": "crmid:7008851271", "orderDetails": {"orderID": "orderid:139086", "reservationid": "4AH-7K1G", "orderType": "call center", "hotelSKU": "prd1142", "hotelCheckInUnix": "1577771477", "hotelCheckOutUnix": "1578289877", "hotelCheckInTS": "2019-12-31T05:51:17+00:00", "hotelCheckOutTS": "2020-01-06T05:51:17+00:00", "hotelChain": "Blue Reef Resort", "hotelName": "Blue Reef Resort: Philadelphia", "hotelLocation": "Philadelphia", "hotelRoomType": "standard", "hotelRoomCount": "1", "hotelGuestAdultCount": "1", "hotelGuestChildCount": "0", "hotelNightCount": "6", "hotelRoomPrice": "155.53", "hotelFinalPrice": "933.18"}}}
{"_id": "orderid:219692", "timestamp": "2020-01-22T11:23:27.000Z", "eventType": "transaction", "_adobeamericaspot3": {"CRMID": "crmid:2622399653", "orderDetails": {"orderID": "orderid:219692", "reservationid": "NJ5-PVME", "orderType": "mobile", "hotelSKU": "prd1113", "hotelCheckInUnix": "1581938607", "hotelCheckOutUnix": "1582370607", "hotelCheckInTS": "2020-02-17T11:23:27+00:00", "hotelCheckOutTS": "2020-02-22T11:23:27+00:00", "hotelChain": "Sapphire Suites", "hotelName": "Sapphire Suites: Kazan", "hotelLocation": "Kazan", "hotelRoomType": "standard", "hotelRoomCount": "1", "hotelGuestAdultCount": "1", "hotelGuestChildCount": "0", "hotelNightCount": "5", "hotelRoomPrice": "135.66", "hotelFinalPrice": "678.3"}}}
{"_id": "orderid:248728", "timestamp": "2019-12-10T14:27:48.000Z", "eventType": "transaction", "_adobeamericaspot3": {"CRMID": "crmid:1726064043", "orderDetails": {"orderID": "orderid:248728", "reservationid": "6BH-GDPF", "orderType": "kiosk", "hotelSKU": "prd1146", "hotelCheckInUnix": "1576074468", "hotelCheckOutUnix": "1576160868", "hotelCheckInTS": "2019-12-11T14:27:48+00:00", "hotelCheckOutTS": "2019-12-12T14:27:48+00:00", "hotelChain": "Restful Nights", "hotelName": "Restful Nights: San Jose", "hotelLocation": "San Jose", "hotelRoomType": "premium", "hotelRoomCount": "1", "hotelGuestAdultCount": "1", "hotelGuestChildCount": "0", "hotelNightCount": "1", "hotelRoomPrice": "157.14", "hotelFinalPrice": "157.14"}}}
{"_id": "orderid:537646", "timestamp": "2019-12-14T00:00:00.000Z", "eventType": "transaction", "_adobeamericaspot3": {"CRMID": "crmid:1726064043", "orderDetails": {"orderID": "orderid:537646", "reservationid": "EJV-PRTP", "orderType": "kiosk", "hotelSKU": "prd1173", "hotelCheckInUnix": "1576886400", "hotelCheckOutUnix": "1577145600", "hotelCheckInTS": "2019-12-21T00:00:00+00:00", "hotelCheckOutTS": "2019-12-24T00:00:00+00:00", "hotelChain": "Sapphire Suites", "hotelName": "Sapphire Suites: Kansas City", "hotelLocation": "Kansas City", "hotelRoomType": "luxury", "hotelRoomCount": "1", "hotelGuestAdultCount": "1", "hotelGuestChildCount": "0", "hotelNightCount": "3", "hotelRoomPrice": "314.01", "hotelFinalPrice": "942.03"}}}
{"_id": "orderid:746920", "timestamp": "2019-12-08T00:25:17.000Z", "eventType": "transaction", "_adobeamericaspot3": {"CRMID": "crmid:5055340615", "orderDetails": {"orderID": "orderid:746920", "reservationid": "CKV-BN39", "orderType": "website", "hotelSKU": "prd1010", "hotelCheckInUnix": "1575851117", "hotelCheckOutUnix": "1576110317", "hotelCheckInTS": "2019-12-09T00:25:17+00:00", "hotelCheckOutTS": "2019-12-12T00:25:17+00:00", "hotelChain": "Blue Reef Resort", "hotelName": "Blue Reef Resort: San Diego", "hotelLocation": "San Diego", "hotelRoomType": "premium", "hotelRoomCount": "1", "hotelGuestAdultCount": "1", "hotelGuestChildCount": "0", "hotelNightCount": "3", "hotelRoomPrice": "92.11", "hotelFinalPrice": "276.33"}}}
{"_id": "orderid:959155", "timestamp": "2020-01-25T00:53:50.000Z", "eventType": "transaction", "_adobeamericaspot3": {"CRMID": "crmid:5845361732", "orderDetails": {"orderID": "orderid:959155", "reservationid": "KKW-UWGA", "orderType": "mobile", "hotelSKU": "prd1098", "hotelCheckInUnix": "1580691230", "hotelCheckOutUnix": "1581728030", "hotelCheckInTS": "2020-02-03T00:53:50+00:00", "hotelCheckOutTS": "2020-02-15T00:53:50+00:00", "hotelChain": "Restful Nights", "hotelName": "Restful Nights: Kiev", "hotelLocation": "Kiev", "hotelRoomType": "luxury", "hotelRoomCount": "1", "hotelGuestAdultCount": "1", "hotelGuestChildCount": "0", "hotelNightCount": "12", "hotelRoomPrice": "301.62", "hotelFinalPrice": "3619.44"}}}
{"_id": "orderid:913648", "timestamp": "2020-01-21T21:36:33.000Z", "eventType": "transaction", "_adobeamericaspot3": {"CRMID": "crmid:9763133200", "orderDetails": {"orderID": "orderid:913648", "reservationid": "WX4-ZVIV", "orderType": "kiosk", "hotelSKU": "prd1078", "hotelCheckInUnix": "1579728993", "hotelCheckOutUnix": "1579988193", "hotelCheckInTS": "2020-01-22T21:36:33+00:00", "hotelCheckOutTS": "2020-01-25T21:36:33+00:00", "hotelChain": "Sego Lily Suites", "hotelName": "Sego Lily Suites: Ho Chi Minh", "hotelLocation": "Ho Chi Minh", "hotelRoomType": "standard", "hotelRoomCount": "1", "hotelGuestAdultCount": "1", "hotelGuestChildCount": "0", "hotelNightCount": "3", "hotelRoomPrice": "150.16", "hotelFinalPrice": "450.48"}}}
{"_id": "orderid:157522", "timestamp": "2020-02-03T09:58:52.000Z", "eventType": "transaction", "_adobeamericaspot3": {"CRMID": "crmid:1370527264", "orderDetails": {"orderID": "orderid:157522", "reservationid": "DMB-NXNT", "orderType": "website", "hotelSKU": "prd1087", "hotelCheckInUnix": "1580983132", "hotelCheckOutUnix": "1581501532", "hotelCheckInTS": "2020-02-06T09:58:52+00:00", "hotelCheckOutTS": "2020-02-12T09:58:52+00:00", "hotelChain": "Family Fun Hotels", "hotelName": "Family Fun Hotels: Kolkata", "hotelLocation": "Kolkata", "hotelRoomType": "standard", "hotelRoomCount": "1", "hotelGuestAdultCount": "1", "hotelGuestChildCount": "0", "hotelNightCount": "6", "hotelRoomPrice": "104.41", "hotelFinalPrice": "626.46"}}}
{"_id": "orderid:885688", "timestamp": "2020-02-14T00:00:00.000Z", "eventType": "transaction", "_adobeamericaspot3": {"CRMID": "crmid:1370527264", "orderDetails": {"orderID": "orderid:885688", "reservationid": "MVM-24S7", "orderType": "kiosk", "hotelSKU": "prd1191", "hotelCheckInUnix": "1581811200", "hotelCheckOutUnix": "1582070400", "hotelCheckInTS": "2020-02-16T00:00:00+00:00", "hotelCheckOutTS": "2020-02-19T00:00:00+00:00", "hotelChain": "Hospitality Inn", "hotelName": "Hospitality Inn: Mumbai", "hotelLocation": "Mumbai", "hotelRoomType": "standard", "hotelRoomCount": "1", "hotelGuestAdultCount": "1", "hotelGuestChildCount": "0", "hotelNightCount": "3", "hotelRoomPrice": "159.13", "hotelFinalPrice": "477.39"}}}
{"_id": "orderid:205676", "timestamp": "2020-01-21T16:42:10.000Z", "eventType": "transaction", "_adobeamericaspot3": {"CRMID": "crmid:6182816082", "orderDetails": {"orderID": "orderid:205676", "reservationid": "T5D-U6AR", "orderType": "call center", "hotelSKU": "prd1040", "hotelCheckInUnix": "1579797730", "hotelCheckOutUnix": "1579970530", "hotelCheckInTS": "2020-01-23T16:42:10+00:00", "hotelCheckOutTS": "2020-01-25T16:42:10+00:00", "hotelChain": "Aspen Heights", "hotelName": "Aspen Heights: Atlanta", "hotelLocation": "Atlanta", "hotelRoomType": "luxury", "hotelRoomCount": "1", "hotelGuestAdultCount": "1", "hotelGuestChildCount": "0", "hotelNightCount": "2", "hotelRoomPrice": "375.06", "hotelFinalPrice": "750.12"}}}
{"_id": "orderid:366157", "timestamp": "2020-02-04T07:36:18.000Z", "eventType": "transaction", "_adobeamericaspot3": {"CRMID": "crmid:1163082677", "orderDetails": {"orderID": "orderid:366157", "reservationid": "RUX-FLPC", "orderType": "website", "hotelSKU": "prd1151", "hotelCheckInUnix": "1582529778", "hotelCheckOutUnix": "1583480178", "hotelCheckInTS": "2020-02-24T07:36:18+00:00", "hotelCheckOutTS": "2020-03-06T07:36:18+00:00", "hotelChain": "Nesting Box Inn", "hotelName": "Nesting Box Inn: Fort Worth", "hotelLocation": "Fort Worth", "hotelRoomType": "standard", "hotelRoomCount": "1", "hotelGuestAdultCount": "1", "hotelGuestChildCount": "0", "hotelNightCount": "11", "hotelRoomPrice": "160.32", "hotelFinalPrice": "1763.52"}}}
{"_id": "orderid:899017", "timestamp": "2019-12-06T04:17:01.000Z", "eventType": "transaction", "_adobeamericaspot3": {"CRMID": "crmid:1560259536", "orderDetails": {"orderID": "orderid:899017", "reservationid": "3GL-CTGX", "orderType": "mobile", "hotelSKU": "prd1069", "hotelCheckInUnix": "1577679421", "hotelCheckOutUnix": "1578111421", "hotelCheckInTS": "2019-12-30T04:17:01+00:00", "hotelCheckOutTS": "2020-01-04T04:17:01+00:00", "hotelChain": "Admiralty Plaza", "hotelName": "Admiralty Plaza: Singapore", "hotelLocation": "Singapore", "hotelRoomType": "premium", "hotelRoomCount": "1", "hotelGuestAdultCount": "1", "hotelGuestChildCount": "3", "hotelNightCount": "5", "hotelRoomPrice": "129.09", "hotelFinalPrice": "645.45"}}}
{"_id": "orderid:753495", "timestamp": "2019-12-11T21:39:48.000Z", "eventType": "transaction", "_adobeamericaspot3": {"CRMID": "crmid:5692315547", "orderDetails": {"orderID": "orderid:753495", "reservationid": "0ZX-BKKJ", "orderType": "website", "hotelSKU": "prd1062", "hotelCheckInUnix": "1578173988", "hotelCheckOutUnix": "1578605988", "hotelCheckInTS": "2020-01-04T21:39:48+00:00", "hotelCheckOutTS": "2020-01-09T21:39:48+00:00", "hotelChain": "Restful Nights", "hotelName": "Restful Nights: Moscow", "hotelLocation": "Moscow", "hotelRoomType": "standard", "hotelRoomCount": "1", "hotelGuestAdultCount": "1", "hotelGuestChildCount": "0", "hotelNightCount": "5", "hotelRoomPrice": "110.41", "hotelFinalPrice": "552.05"}}}
{"_id": "orderid:407570", "timestamp": "2019-12-24T23:08:58.000Z", "eventType": "transaction", "_adobeamericaspot3": {"CRMID": "crmid:2233126558", "orderDetails": {"orderID": "orderid:407570", "reservationid": "VCA-M7EJ", "orderType": "service desk", "hotelSKU": "prd1133", "hotelCheckInUnix": "1579561738", "hotelCheckOutUnix": "1579734538", "hotelCheckInTS": "2020-01-20T23:08:58+00:00", "hotelCheckOutTS": "2020-01-22T23:08:58+00:00", "hotelChain": "Grandeur Hotels", "hotelName": "Grandeur Hotels: Toronto", "hotelLocation": "Toronto", "hotelRoomType": "premium", "hotelRoomCount": "1", "hotelGuestAdultCount": "1", "hotelGuestChildCount": "0", "hotelNightCount": "2", "hotelRoomPrice": "78.09", "hotelFinalPrice": "156.18"}}}
{"_id": "orderid:515454", "timestamp": "2020-01-14T09:14:07.000Z", "eventType": "transaction", "_adobeamericaspot3": {"CRMID": "crmid:5235682190", "orderDetails": {"orderID": "orderid:515454", "reservationid": "WJW-OGEC", "orderType": "website", "hotelSKU": "prd1118", "hotelCheckInUnix": "1579079647", "hotelCheckOutUnix": "1579425247", "hotelCheckInTS": "2020-01-15T09:14:07+00:00", "hotelCheckOutTS": "2020-01-19T09:14:07+00:00", "hotelChain": "Blue Reef Resort", "hotelName": "Blue Reef Resort: Cologne", "hotelLocation": "Cologne", "hotelRoomType": "standard", "hotelRoomCount": "1", "hotelGuestAdultCount": "1", "hotelGuestChildCount": "0", "hotelNightCount": "4", "hotelRoomPrice": "138.56", "hotelFinalPrice": "554.24"}}}
{"_id": "orderid:363617", "timestamp": "2020-01-21T00:00:00.000Z", "eventType": "transaction", "_adobeamericaspot3": {"CRMID": "crmid:5235682190", "orderDetails": {"orderID": "orderid:363617", "reservationid": "LFF-TFXD", "orderType": "website", "hotelSKU": "prd1148", "hotelCheckInUnix": "1579651200", "hotelCheckOutUnix": "1579737600", "hotelCheckInTS": "2020-01-22T00:00:00+00:00", "hotelCheckOutTS": "2020-01-23T00:00:00+00:00", "hotelChain": "Aspen Heights", "hotelName": "Aspen Heights: Jacksonville", "hotelLocation": "Jacksonville", "hotelRoomType": "standard", "hotelRoomCount": "1", "hotelGuestAdultCount": "1", "hotelGuestChildCount": "0", "hotelNightCount": "1", "hotelRoomPrice": "137.81", "hotelFinalPrice": "137.81"}}}
{"_id": "orderid:522916", "timestamp": "2020-01-03T21:54:57.000Z", "eventType": "transaction", "_adobeamericaspot3": {"CRMID": "crmid:8639801534", "orderDetails": {"orderID": "orderid:522916", "reservationid": "WRI-XNO3", "orderType": "mobile", "hotelSKU": "prd1154", "hotelCheckInUnix": "1578520497", "hotelCheckOutUnix": "1578866097", "hotelCheckInTS": "2020-01-08T21:54:57+00:00", "hotelCheckOutTS": "2020-01-12T21:54:57+00:00", "hotelChain": "Blue Reef Resort", "hotelName": "Blue Reef Resort: Seattle", "hotelLocation": "Seattle", "hotelRoomType": "standard", "hotelRoomCount": "1", "hotelGuestAdultCount": "1", "hotelGuestChildCount": "4", "hotelNightCount": "4", "hotelRoomPrice": "137.25", "hotelFinalPrice": "549.0"}}}
{"_id": "orderid:227612", "timestamp": "2019-12-20T23:53:24.000Z", "eventType": "transaction", "_adobeamericaspot3": {"CRMID": "crmid:7021199250", "orderDetails": {"orderID": "orderid:227612", "reservationid": "TMJ-W94G", "orderType": "call center", "hotelSKU": "prd1094", "hotelCheckInUnix": "1579132404", "hotelCheckOutUnix": "1579737204", "hotelCheckInTS": "2020-01-15T23:53:24+00:00", "hotelCheckOutTS": "2020-01-22T23:53:24+00:00", "hotelChain": "Blue Reef Resort", "hotelName": "Blue Reef Resort: Berlin", "hotelLocation": "Berlin", "hotelRoomType": "standard", "hotelRoomCount": "1", "hotelGuestAdultCount": "1", "hotelGuestChildCount": "4", "hotelNightCount": "7", "hotelRoomPrice": "140.42", "hotelFinalPrice": "982.94"}}}
{"_id": "orderid:874807", "timestamp": "2020-01-28T01:28:35.000Z", "eventType": "transaction", "_adobeamericaspot3": {"CRMID": "crmid:8757522817", "orderDetails": {"orderID": "orderid:874807", "reservationid": "31B-AFO5", "orderType": "mobile", "hotelSKU": "prd1131", "hotelCheckInUnix": "1582162115", "hotelCheckOutUnix": "1582421315", "hotelCheckInTS": "2020-02-20T01:28:35+00:00", "hotelCheckOutTS": "2020-02-23T01:28:35+00:00", "hotelChain": "Hospitality Inn", "hotelName": "Hospitality Inn: Sheffield", "hotelLocation": "Sheffield", "hotelRoomType": "standard", "hotelRoomCount": "1", "hotelGuestAdultCount": "1", "hotelGuestChildCount": "1", "hotelNightCount": "3", "hotelRoomPrice": "159.74", "hotelFinalPrice": "479.22"}}}
{"_id": "orderid:604386", "timestamp": "2019-12-16T00:17:47.000Z", "eventType": "transaction", "_adobeamericaspot3": {"CRMID": "crmid:8401567419", "orderDetails": {"orderID": "orderid:604386", "reservationid": "V1W-EY7L", "orderType": "website", "hotelSKU": "prd1070", "hotelCheckInUnix": "1578615467", "hotelCheckOutUnix": "1579047467", "hotelCheckInTS": "2020-01-10T00:17:47+00:00", "hotelCheckOutTS": "2020-01-15T00:17:47+00:00", "hotelChain": "Blue Reef Resort", "hotelName": "Blue Reef Resort: Jakarta", "hotelLocation": "Jakarta", "hotelRoomType": "standard", "hotelRoomCount": "1", "hotelGuestAdultCount": "1", "hotelGuestChildCount": "0", "hotelNightCount": "5", "hotelRoomPrice": "144.46", "hotelFinalPrice": "722.3"}}}
{"_id": "orderid:831548", "timestamp": "2020-01-26T01:38:34.000Z", "eventType": "transaction", "_adobeamericaspot3": {"CRMID": "crmid:2880770628", "orderDetails": {"orderID": "orderid:831548", "reservationid": "WQN-D0U6", "orderType": "call center", "hotelSKU": "prd1190", "hotelCheckInUnix": "1581817114", "hotelCheckOutUnix": "1582249114", "hotelCheckInTS": "2020-02-16T01:38:34+00:00", "hotelCheckOutTS": "2020-02-21T01:38:34+00:00", "hotelChain": "Blue Reef Resort", "hotelName": "Blue Reef Resort: Aurora", "hotelLocation": "Aurora", "hotelRoomType": "standard", "hotelRoomCount": "1", "hotelGuestAdultCount": "1", "hotelGuestChildCount": "1", "hotelNightCount": "5", "hotelRoomPrice": "174.81", "hotelFinalPrice": "874.05"}}}
{"_id": "orderid:128416", "timestamp": "2019-12-12T12:21:24.000Z", "eventType": "transaction", "_adobeamericaspot3": {"CRMID": "crmid:1805398381", "orderDetails": {"orderID": "orderid:128416", "reservationid": "PDY-RK53", "orderType": "website", "hotelSKU": "prd1002", "hotelCheckInUnix": "1578399684", "hotelCheckOutUnix": "1578831684", "hotelCheckInTS": "2020-01-07T12:21:24+00:00", "hotelCheckOutTS": "2020-01-12T12:21:24+00:00", "hotelChain": "Restful Nights", "hotelName": "Restful Nights: Chicago", "hotelLocation": "Chicago", "hotelRoomType": "premium", "hotelRoomCount": "1", "hotelGuestAdultCount": "1", "hotelGuestChildCount": "4", "hotelNightCount": "5", "hotelRoomPrice": "137.43", "hotelFinalPrice": "687.15"}}}
{"_id": "orderid:785163", "timestamp": "2019-12-27T20:07:15.000Z", "eventType": "transaction", "_adobeamericaspot3": {"CRMID": "crmid:6060315213", "orderDetails": {"orderID": "orderid:785163", "reservationid": "HX1-STLR", "orderType": "website", "hotelSKU": "prd1160", "hotelCheckInUnix": "1579205235", "hotelCheckOutUnix": "1579723635", "hotelCheckInTS": "2020-01-16T20:07:15+00:00", "hotelCheckOutTS": "2020-01-22T20:07:15+00:00", "hotelChain": "Aspen Heights", "hotelName": "Aspen Heights: Nashville", "hotelLocation": "Nashville", "hotelRoomType": "standard", "hotelRoomCount": "1", "hotelGuestAdultCount": "1", "hotelGuestChildCount": "0", "hotelNightCount": "6", "hotelRoomPrice": "156.31", "hotelFinalPrice": "937.86"}}}
{"_id": "orderid:881477", "timestamp": "2019-12-24T11:51:14.000Z", "eventType": "transaction", "_adobeamericaspot3": {"CRMID": "crmid:9677990005", "orderDetails": {"orderID": "orderid:881477", "reservationid": "L1L-AXKQ", "orderType": "call center", "hotelSKU": "prd1136", "hotelCheckInUnix": "1579693874", "hotelCheckOutUnix": "1580125874", "hotelCheckInTS": "2020-01-22T11:51:14+00:00", "hotelCheckOutTS": "2020-01-27T11:51:14+00:00", "hotelChain": "Aspen Heights", "hotelName": "Aspen Heights: Osaka", "hotelLocation": "Osaka", "hotelRoomType": "standard", "hotelRoomCount": "1", "hotelGuestAdultCount": "1", "hotelGuestChildCount": "0", "hotelNightCount": "5", "hotelRoomPrice": "140.53", "hotelFinalPrice": "702.65"}}}
{"_id": "orderid:759754", "timestamp": "2019-12-31T02:04:41.000Z", "eventType": "transaction", "_adobeamericaspot3": {"CRMID": "crmid:3624481427", "orderDetails": {"orderID": "orderid:759754", "reservationid": "XBV-N8D7", "orderType": "website", "hotelSKU": "prd1107", "hotelCheckInUnix": "1579572281", "hotelCheckOutUnix": "1580349881", "hotelCheckInTS": "2020-01-21T02:04:41+00:00", "hotelCheckOutTS": "2020-01-30T02:04:41+00:00", "hotelChain": "Hospitality Inn", "hotelName": "Hospitality Inn: Kharkiv", "hotelLocation": "Kharkiv", "hotelRoomType": "standard", "hotelRoomCount": "1", "hotelGuestAdultCount": "1", "hotelGuestChildCount": "4", "hotelNightCount": "9", "hotelRoomPrice": "196.73", "hotelFinalPrice": "1770.57"}}}
{"_id": "orderid:179849", "timestamp": "2020-01-25T15:05:11.000Z", "eventType": "transaction", "_adobeamericaspot3": {"CRMID": "crmid:2618566203", "orderDetails": {"orderID": "orderid:179849", "reservationid": "HQA-PZZV", "orderType": "kiosk", "hotelSKU": "prd1085", "hotelCheckInUnix": "1580051111", "hotelCheckOutUnix": "1580137511", "hotelCheckInTS": "2020-01-26T15:05:11+00:00", "hotelCheckOutTS": "2020-01-27T15:05:11+00:00", "hotelChain": "Grandeur Hotels", "hotelName": "Grandeur Hotels: Saint Petersburg", "hotelLocation": "Saint Petersburg", "hotelRoomType": "premium", "hotelRoomCount": "1", "hotelGuestAdultCount": "1", "hotelGuestChildCount": "0", "hotelNightCount": "1", "hotelRoomPrice": "162.67", "hotelFinalPrice": "162.67"}}}
{"_id": "orderid:205286", "timestamp": "2019-12-04T13:37:01.000Z", "eventType": "transaction", "_adobeamericaspot3": {"CRMID": "crmid:5065194338", "orderDetails": {"orderID": "orderid:205286", "reservationid": "HO9-DEKS", "orderType": "website", "hotelSKU": "prd1021", "hotelCheckInUnix": "1575725821", "hotelCheckOutUnix": "1576849021", "hotelCheckInTS": "2019-12-07T13:37:01+00:00", "hotelCheckOutTS": "2019-12-20T13:37:01+00:00", "hotelChain": "Admiralty Plaza", "hotelName": "Admiralty Plaza: Denver", "hotelLocation": "Denver", "hotelRoomType": "presidential-suite", "hotelRoomCount": "1", "hotelGuestAdultCount": "1", "hotelGuestChildCount": "0", "hotelNightCount": "13", "hotelRoomPrice": "926.54", "hotelFinalPrice": "12045.02"}}}
{"_id": "orderid:363933", "timestamp": "2020-02-05T10:10:40.000Z", "eventType": "transaction", "_adobeamericaspot3": {"CRMID": "crmid:9939204087", "orderDetails": {"orderID": "orderid:363933", "reservationid": "UGI-TRMS", "orderType": "service desk", "hotelSKU": "prd1093", "hotelCheckInUnix": "1582539040", "hotelCheckOutUnix": "1583143840", "hotelCheckInTS": "2020-02-24T10:10:40+00:00", "hotelCheckOutTS": "2020-03-02T10:10:40+00:00", "hotelChain": "Admiralty Plaza", "hotelName": "Admiralty Plaza: Yokohama", "hotelLocation": "Yokohama", "hotelRoomType": "standard", "hotelRoomCount": "1", "hotelGuestAdultCount": "1", "hotelGuestChildCount": "0", "hotelNightCount": "7", "hotelRoomPrice": "149.19", "hotelFinalPrice": "1044.33"}}}
{"_id": "orderid:916799", "timestamp": "2020-01-16T22:49:38.000Z", "eventType": "transaction", "_adobeamericaspot3": {"CRMID": "crmid:4790315749", "orderDetails": {"orderID": "orderid:916799", "reservationid": "P94-H9MZ", "orderType": "call center", "hotelSKU": "prd1103", "hotelCheckInUnix": "1579560578", "hotelCheckOutUnix": "1579646978", "hotelCheckInTS": "2020-01-20T22:49:38+00:00", "hotelCheckOutTS": "2020-01-21T22:49:38+00:00", "hotelChain": "Nesting Box Inn", "hotelName": "Nesting Box Inn: Hamburg", "hotelLocation": "Hamburg", "hotelRoomType": "premium", "hotelRoomCount": "1", "hotelGuestAdultCount": "1", "hotelGuestChildCount": "0", "hotelNightCount": "1", "hotelRoomPrice": "163.1", "hotelFinalPrice": "163.1"}}}
{"_id": "orderid:413829", "timestamp": "2019-12-23T09:49:59.000Z", "eventType": "transaction", "_adobeamericaspot3": {"CRMID": "crmid:4205171146", "orderDetails": {"orderID": "orderid:413829", "reservationid": "0ZV-XUAC", "orderType": "website", "hotelSKU": "prd1191", "hotelCheckInUnix": "1579254599", "hotelCheckOutUnix": "1579513799", "hotelCheckInTS": "2020-01-17T09:49:59+00:00", "hotelCheckOutTS": "2020-01-20T09:49:59+00:00", "hotelChain": "Hospitality Inn", "hotelName": "Hospitality Inn: Mumbai", "hotelLocation": "Mumbai", "hotelRoomType": "standard", "hotelRoomCount": "1", "hotelGuestAdultCount": "1", "hotelGuestChildCount": "0", "hotelNightCount": "3", "hotelRoomPrice": "156.7", "hotelFinalPrice": "470.1"}}}
{"_id": "orderid:517982", "timestamp": "2019-12-09T18:37:13.000Z", "eventType": "transaction", "_adobeamericaspot3": {"CRMID": "crmid:9237860132", "orderDetails": {"orderID": "orderid:517982", "reservationid": "SY6-I5ZI", "orderType": "mobile", "hotelSKU": "prd1073", "hotelCheckInUnix": "1576867033", "hotelCheckOutUnix": "1577471833", "hotelCheckInTS": "2019-12-20T18:37:13+00:00", "hotelCheckOutTS": "2019-12-27T18:37:13+00:00", "hotelChain": "Grandeur Hotels", "hotelName": "Grandeur Hotels: Lima", "hotelLocation": "Lima", "hotelRoomType": "standard", "hotelRoomCount": "1", "hotelGuestAdultCount": "1", "hotelGuestChildCount": "0", "hotelNightCount": "7", "hotelRoomPrice": "102.98", "hotelFinalPrice": "720.86"}}}
{"_id": "orderid:677890", "timestamp": "2020-01-24T05:44:55.000Z", "eventType": "transaction", "_adobeamericaspot3": {"CRMID": "crmid:7111500423", "orderDetails": {"orderID": "orderid:677890", "reservationid": "5GW-SJSS", "orderType": "call center", "hotelSKU": "prd1016", "hotelCheckInUnix": "1580449495", "hotelCheckOutUnix": "1581140695", "hotelCheckInTS": "2020-01-31T05:44:55+00:00", "hotelCheckOutTS": "2020-02-08T05:44:55+00:00", "hotelChain": "Aspen Heights", "hotelName": "Aspen Heights: Columbus", "hotelLocation": "Columbus", "hotelRoomType": "standard", "hotelRoomCount": "1", "hotelGuestAdultCount": "1", "hotelGuestChildCount": "0", "hotelNightCount": "8", "hotelRoomPrice": "176.73", "hotelFinalPrice": "1413.84"}}}
{"_id": "orderid:808120", "timestamp": "2020-01-15T08:04:12.000Z", "eventType": "transaction", "_adobeamericaspot3": {"CRMID": "crmid:8397928657", "orderDetails": {"orderID": "orderid:808120", "reservationid": "QQD-EP1I", "orderType": "website", "hotelSKU": "prd1106", "hotelCheckInUnix": "1581149052", "hotelCheckOutUnix": "1581840252", "hotelCheckInTS": "2020-02-08T08:04:12+00:00", "hotelCheckOutTS": "2020-02-16T08:04:12+00:00", "hotelChain": "Blue Reef Resort", "hotelName": "Blue Reef Resort: Munich", "hotelLocation": "Munich", "hotelRoomType": "premium", "hotelRoomCount": "1", "hotelGuestAdultCount": "1", "hotelGuestChildCount": "3", "hotelNightCount": "8", "hotelRoomPrice": "132.77", "hotelFinalPrice": "1062.16"}}}
{"_id": "orderid:841921", "timestamp": "2019-12-22T06:51:22.000Z", "eventType": "transaction", "_adobeamericaspot3": {"CRMID": "crmid:5263391127", "orderDetails": {"orderID": "orderid:841921", "reservationid": "SRJ-AKWD", "orderType": "website", "hotelSKU": "prd1009", "hotelCheckInUnix": "1577170282", "hotelCheckOutUnix": "1577256682", "hotelCheckInTS": "2019-12-24T06:51:22+00:00", "hotelCheckOutTS": "2019-12-25T06:51:22+00:00", "hotelChain": "Admiralty Plaza", "hotelName": "Admiralty Plaza: San Antonio", "hotelLocation": "San Antonio", "hotelRoomType": "standard", "hotelRoomCount": "1", "hotelGuestAdultCount": "1", "hotelGuestChildCount": "0", "hotelNightCount": "1", "hotelRoomPrice": "171.6", "hotelFinalPrice": "171.6"}}}
{"_id": "orderid:275698", "timestamp": "2020-01-23T12:05:29.000Z", "eventType": "transaction", "_adobeamericaspot3": {"CRMID": "crmid:9082688612", "orderDetails": {"orderID": "orderid:275698", "reservationid": "EWZ-BUOF", "orderType": "website", "hotelSKU": "prd1042", "hotelCheckInUnix": "1582286729", "hotelCheckOutUnix": "1583150729", "hotelCheckInTS": "2020-02-21T12:05:29+00:00", "hotelCheckOutTS": "2020-03-02T12:05:29+00:00", "hotelChain": "Sego Lily Suites", "hotelName": "Sego Lily Suites: Omaha", "hotelLocation": "Omaha", "hotelRoomType": "standard", "hotelRoomCount": "1", "hotelGuestAdultCount": "1", "hotelGuestChildCount": "0", "hotelNightCount": "10", "hotelRoomPrice": "189.31", "hotelFinalPrice": "1893.1"}}}
{"_id": "orderid:781840", "timestamp": "2020-01-17T14:22:20.000Z", "eventType": "transaction", "_adobeamericaspot3": {"CRMID": "crmid:3715968106", "orderDetails": {"orderID": "orderid:781840", "reservationid": "XOV-LKNA", "orderType": "website", "hotelSKU": "prd1035", "hotelCheckInUnix": "1579357340", "hotelCheckOutUnix": "1579616540", "hotelCheckInTS": "2020-01-18T14:22:20+00:00", "hotelCheckOutTS": "2020-01-21T14:22:20+00:00", "hotelChain": "Hospitality Inn", "hotelName": "Hospitality Inn: Tucson", "hotelLocation": "Tucson", "hotelRoomType": "standard", "hotelRoomCount": "1", "hotelGuestAdultCount": "1", "hotelGuestChildCount": "0", "hotelNightCount": "3", "hotelRoomPrice": "122.95", "hotelFinalPrice": "368.85"}}}
{"_id": "orderid:173420", "timestamp": "2020-01-04T04:11:07.000Z", "eventType": "transaction", "_adobeamericaspot3": {"CRMID": "crmid:6572786334", "orderDetails": {"orderID": "orderid:173420", "reservationid": "FB6-KHBW", "orderType": "call center", "hotelSKU": "prd1052", "hotelCheckInUnix": "1578543067", "hotelCheckOutUnix": "1578629467", "hotelCheckInTS": "2020-01-09T04:11:07+00:00", "hotelCheckOutTS": "2020-01-10T04:11:07+00:00", "hotelChain": "Aspen Heights", "hotelName": "Aspen Heights: Wichita", "hotelLocation": "Wichita", "hotelRoomType": "standard", "hotelRoomCount": "1", "hotelGuestAdultCount": "1", "hotelGuestChildCount": "0", "hotelNightCount": "1", "hotelRoomPrice": "139.87", "hotelFinalPrice": "139.87"}}}
{"_id": "orderid:242245", "timestamp": "2020-02-15T19:08:58.000Z", "eventType": "transaction", "_adobeamericaspot3": {"CRMID": "crmid:9805973984", "orderDetails": {"orderID": "orderid:242245", "reservationid": "ZGL-9YJX", "orderType": "mobile", "hotelSKU": "prd1136", "hotelCheckInUnix": "1582398538", "hotelCheckOutUnix": "1583003338", "hotelCheckInTS": "2020-02-22T19:08:58+00:00", "hotelCheckOutTS": "2020-02-29T19:08:58+00:00", "hotelChain": "Aspen Heights", "hotelName": "Aspen Heights: Osaka", "hotelLocation": "Osaka", "hotelRoomType": "premium", "hotelRoomCount": "1", "hotelGuestAdultCount": "1", "hotelGuestChildCount": "0", "hotelNightCount": "7", "hotelRoomPrice": "147.4", "hotelFinalPrice": "1031.8"}}}
{"_id": "orderid:965976", "timestamp": "2020-02-05T08:37:02.000Z", "eventType": "transaction", "_adobeamericaspot3": {"CRMID": "crmid:4289572545", "orderDetails": {"orderID": "orderid:965976", "reservationid": "KEQ-FHUB", "orderType": "website", "hotelSKU": "prd1129", "hotelCheckInUnix": "1581064622", "hotelCheckOutUnix": "1581496622", "hotelCheckInTS": "2020-02-07T08:37:02+00:00", "hotelCheckOutTS": "2020-02-12T08:37:02+00:00", "hotelChain": "Admiralty Plaza", "hotelName": "Admiralty Plaza: Helsinki", "hotelLocation": "Helsinki", "hotelRoomType": "standard", "hotelRoomCount": "1", "hotelGuestAdultCount": "1", "hotelGuestChildCount": "0", "hotelNightCount": "5", "hotelRoomPrice": "135.16", "hotelFinalPrice": "675.8"}}}
{"_id": "orderid:656228", "timestamp": "2020-01-11T01:19:36.000Z", "eventType": "transaction", "_adobeamericaspot3": {"CRMID": "crmid:7907841332", "orderDetails": {"orderID": "orderid:656228", "reservationid": "1WV-QEOL", "orderType": "call center", "hotelSKU": "prd1067", "hotelCheckInUnix": "1578791976", "hotelCheckOutUnix": "1578964776", "hotelCheckInTS": "2020-01-12T01:19:36+00:00", "hotelCheckOutTS": "2020-01-14T01:19:36+00:00", "hotelChain": "Nesting Box Inn", "hotelName": "Nesting Box Inn: Istanbul", "hotelLocation": "Istanbul", "hotelRoomType": "standard", "hotelRoomCount": "1", "hotelGuestAdultCount": "1", "hotelGuestChildCount": "0", "hotelNightCount": "2", "hotelRoomPrice": "137.95", "hotelFinalPrice": "275.9"}}}
{"_id": "orderid:954605", "timestamp": "2020-01-15T00:00:00.000Z", "eventType": "transaction", "_adobeamericaspot3": {"CRMID": "crmid:7907841332", "orderDetails": {"orderID": "orderid:954605", "reservationid": "3EB-2BRP", "orderType": "website", "hotelSKU": "prd1058", "hotelCheckInUnix": "1579132800", "hotelCheckOutUnix": "1579219200", "hotelCheckInTS": "2020-01-16T00:00:00+00:00", "hotelCheckOutTS": "2020-01-17T00:00:00+00:00", "hotelChain": "Blue Reef Resort", "hotelName": "Blue Reef Resort: Delhi", "hotelLocation": "Delhi", "hotelRoomType": "premium", "hotelRoomCount": "1", "hotelGuestAdultCount": "1", "hotelGuestChildCount": "0", "hotelNightCount": "1", "hotelRoomPrice": "103.83", "hotelFinalPrice": "103.83"}}}
{"_id": "orderid:949211", "timestamp": "2020-01-03T06:12:53.000Z", "eventType": "transaction", "_adobeamericaspot3": {"CRMID": "crmid:6728135769", "orderDetails": {"orderID": "orderid:949211", "reservationid": "G4H-Y2PD", "orderType": "kiosk", "hotelSKU": "prd1085", "hotelCheckInUnix": "1580105573", "hotelCheckOutUnix": "1580623973", "hotelCheckInTS": "2020-01-27T06:12:53+00:00", "hotelCheckOutTS": "2020-02-02T06:12:53+00:00", "hotelChain": "Grandeur Hotels", "hotelName": "Grandeur Hotels: Saint Petersburg", "hotelLocation": "Saint Petersburg", "hotelRoomType": "premium", "hotelRoomCount": "1", "hotelGuestAdultCount": "1", "hotelGuestChildCount": "1", "hotelNightCount": "6", "hotelRoomPrice": "82.27", "hotelFinalPrice": "493.62"}}}
{"_id": "orderid:650625", "timestamp": "2020-02-14T03:28:31.000Z", "eventType": "transaction", "_adobeamericaspot3": {"CRMID": "crmid:7910711355", "orderDetails": {"orderID": "orderid:650625", "reservationid": "NZU-DHBZ", "orderType": "call center", "hotelSKU": "prd1161", "hotelCheckInUnix": "1581737311", "hotelCheckOutUnix": "1581996511", "hotelCheckInTS": "2020-02-15T03:28:31+00:00", "hotelCheckOutTS": "2020-02-18T03:28:31+00:00", "hotelChain": "Sapphire Suites", "hotelName": "Sapphire Suites: Memphis", "hotelLocation": "Memphis", "hotelRoomType": "premium", "hotelRoomCount": "1", "hotelGuestAdultCount": "1", "hotelGuestChildCount": "0", "hotelNightCount": "3", "hotelRoomPrice": "134.59", "hotelFinalPrice": "403.77"}}}
{"_id": "orderid:744500", "timestamp": "2019-12-20T18:34:41.000Z", "eventType": "transaction", "_adobeamericaspot3": {"CRMID": "crmid:6010762530", "orderDetails": {"orderID": "orderid:744500", "reservationid": "WNU-SXVR", "orderType": "call center", "hotelSKU": "prd1157", "hotelCheckInUnix": "1577212481", "hotelCheckOutUnix": "1577385281", "hotelCheckInTS": "2019-12-24T18:34:41+00:00", "hotelCheckOutTS": "2019-12-26T18:34:41+00:00", "hotelChain": "Grandeur Hotels", "hotelName": "Grandeur Hotels: Boston", "hotelLocation": "Boston", "hotelRoomType": "standard", "hotelRoomCount": "1", "hotelGuestAdultCount": "1", "hotelGuestChildCount": "0", "hotelNightCount": "2", "hotelRoomPrice": "137.18", "hotelFinalPrice": "274.36"}}}
{"_id": "orderid:790761", "timestamp": "2020-01-03T02:21:54.000Z", "eventType": "transaction", "_adobeamericaspot3": {"CRMID": "crmid:1302076931", "orderDetails": {"orderID": "orderid:790761", "reservationid": "SAJ-VJBV", "orderType": "website", "hotelSKU": "prd1021", "hotelCheckInUnix": "1578104514", "hotelCheckOutUnix": "1578277314", "hotelCheckInTS": "2020-01-04T02:21:54+00:00", "hotelCheckOutTS": "2020-01-06T02:21:54+00:00", "hotelChain": "Admiralty Plaza", "hotelName": "Admiralty Plaza: Denver", "hotelLocation": "Denver", "hotelRoomType": "standard", "hotelRoomCount": "1", "hotelGuestAdultCount": "1", "hotelGuestChildCount": "0", "hotelNightCount": "2", "hotelRoomPrice": "181.22", "hotelFinalPrice": "362.44"}}}
{"_id": "orderid:272443", "timestamp": "2020-01-08T00:00:00.000Z", "eventType": "transaction", "_adobeamericaspot3": {"CRMID": "crmid:1302076931", "orderDetails": {"orderID": "orderid:272443", "reservationid": "YBL-UIW3", "orderType": "website", "hotelSKU": "prd1062", "hotelCheckInUnix": "1578614400", "hotelCheckOutUnix": "1578700800", "hotelCheckInTS": "2020-01-10T00:00:00+00:00", "hotelCheckOutTS": "2020-01-11T00:00:00+00:00", "hotelChain": "Restful Nights", "hotelName": "Restful Nights: Moscow", "hotelLocation": "Moscow", "hotelRoomType": "standard", "hotelRoomCount": "1", "hotelGuestAdultCount": "1", "hotelGuestChildCount": "0", "hotelNightCount": "1", "hotelRoomPrice": "115.74", "hotelFinalPrice": "115.74"}}}
{"_id": "orderid:277848", "timestamp": "2020-01-12T00:00:00.000Z", "eventType": "transaction", "_adobeamericaspot3": {"CRMID": "crmid:1302076931", "orderDetails": {"orderID": "orderid:277848", "reservationid": "6SE-LSLM", "orderType": "kiosk", "hotelSKU": "prd1146", "hotelCheckInUnix": "1578873600", "hotelCheckOutUnix": "1578960000", "hotelCheckInTS": "2020-01-13T00:00:00+00:00", "hotelCheckOutTS": "2020-01-14T00:00:00+00:00", "hotelChain": "Restful Nights", "hotelName": "Restful Nights: San Jose", "hotelLocation": "San Jose", "hotelRoomType": "standard", "hotelRoomCount": "1", "hotelGuestAdultCount": "1", "hotelGuestChildCount": "0", "hotelNightCount": "1", "hotelRoomPrice": "134.17", "hotelFinalPrice": "134.17"}}}
{"_id": "orderid:157932", "timestamp": "2019-12-29T14:00:12.000Z", "eventType": "transaction", "_adobeamericaspot3": {"CRMID": "crmid:9422481817", "orderDetails": {"orderID": "orderid:157932", "reservationid": "5BR-UDTV", "orderType": "mobile", "hotelSKU": "prd1124", "hotelCheckInUnix": "1579874412", "hotelCheckOutUnix": "1581429612", "hotelCheckInTS": "2020-01-24T14:00:12+00:00", "hotelCheckOutTS": "2020-02-11T14:00:12+00:00", "hotelChain": "Aspen Heights", "hotelName": "Aspen Heights: Leeds", "hotelLocation": "Leeds", "hotelRoomType": "premium", "hotelRoomCount": "1", "hotelGuestAdultCount": "1", "hotelGuestChildCount": "0", "hotelNightCount": "18", "hotelRoomPrice": "154.63", "hotelFinalPrice": "2783.34"}}}
{"_id": "orderid:214527", "timestamp": "2020-02-08T22:32:40.000Z", "eventType": "transaction", "_adobeamericaspot3": {"CRMID": "crmid:6523276155", "orderDetails": {"orderID": "orderid:214527", "reservationid": "VYR-ORBY", "orderType": "call center", "hotelSKU": "prd1133", "hotelCheckInUnix": "1581978760", "hotelCheckOutUnix": "1582065160", "hotelCheckInTS": "2020-02-17T22:32:40+00:00", "hotelCheckOutTS": "2020-02-18T22:32:40+00:00", "hotelChain": "Grandeur Hotels", "hotelName": "Grandeur Hotels: Toronto", "hotelLocation": "Toronto", "hotelRoomType": "standard", "hotelRoomCount": "1", "hotelGuestAdultCount": "1", "hotelGuestChildCount": "0", "hotelNightCount": "1", "hotelRoomPrice": "114.4", "hotelFinalPrice": "114.4"}}}
{"_id": "orderid:899730", "timestamp": "2020-01-03T01:48:18.000Z", "eventType": "transaction", "_adobeamericaspot3": {"CRMID": "crmid:1597982480", "orderDetails": {"orderID": "orderid:899730", "reservationid": "ZOD-T13N", "orderType": "website", "hotelSKU": "prd1144", "hotelCheckInUnix": "1579571298", "hotelCheckOutUnix": "1579916898", "hotelCheckInTS": "2020-01-21T01:48:18+00:00", "hotelCheckOutTS": "2020-01-25T01:48:18+00:00", "hotelChain": "Sandhill", "hotelName": "Sandhill: San Diego", "hotelLocation": "San Diego", "hotelRoomType": "premium", "hotelRoomCount": "1", "hotelGuestAdultCount": "1", "hotelGuestChildCount": "0", "hotelNightCount": "4", "hotelRoomPrice": "154.16", "hotelFinalPrice": "616.64"}}}
{"_id": "orderid:458071", "timestamp": "2020-01-18T23:32:56.000Z", "eventType": "transaction", "_adobeamericaspot3": {"CRMID": "crmid:3583253387", "orderDetails": {"orderID": "orderid:458071", "reservationid": "MQV-3AX8", "orderType": "website", "hotelSKU": "prd1181", "hotelCheckInUnix": "1581636776", "hotelCheckOutUnix": "1583019176", "hotelCheckInTS": "2020-02-13T23:32:56+00:00", "hotelCheckOutTS": "2020-02-29T23:32:56+00:00", "hotelChain": "Grandeur Hotels", "hotelName": "Grandeur Hotels: Oakland", "hotelLocation": "Oakland", "hotelRoomType": "standard", "hotelRoomCount": "1", "hotelGuestAdultCount": "1", "hotelGuestChildCount": "0", "hotelNightCount": "16", "hotelRoomPrice": "98.32", "hotelFinalPrice": "1573.12"}}}
{"_id": "orderid:761498", "timestamp": "2020-01-22T11:14:29.000Z", "eventType": "transaction", "_adobeamericaspot3": {"CRMID": "crmid:7552995195", "orderDetails": {"orderID": "orderid:761498", "reservationid": "SVN-QUZJ", "orderType": "website", "hotelSKU": "prd1113", "hotelCheckInUnix": "1579778069", "hotelCheckOutUnix": "1580037269", "hotelCheckInTS": "2020-01-23T11:14:29+00:00", "hotelCheckOutTS": "2020-01-26T11:14:29+00:00", "hotelChain": "Sapphire Suites", "hotelName": "Sapphire Suites: Kazan", "hotelLocation": "Kazan", "hotelRoomType": "standard", "hotelRoomCount": "1", "hotelGuestAdultCount": "1", "hotelGuestChildCount": "0", "hotelNightCount": "3", "hotelRoomPrice": "173.47", "hotelFinalPrice": "520.41"}}}
{"_id": "orderid:501482", "timestamp": "2019-12-17T13:39:47.000Z", "eventType": "transaction", "_adobeamericaspot3": {"CRMID": "crmid:9355807971", "orderDetails": {"orderID": "orderid:501482", "reservationid": "8XE-FVIH", "orderType": "service desk", "hotelSKU": "prd1167", "hotelCheckInUnix": "1577021987", "hotelCheckOutUnix": "1577108387", "hotelCheckInTS": "2019-12-22T13:39:47+00:00", "hotelCheckOutTS": "2019-12-23T13:39:47+00:00", "hotelChain": "Hospitality Inn", "hotelName": "Hospitality Inn: Milwaukee", "hotelLocation": "Milwaukee", "hotelRoomType": "standard", "hotelRoomCount": "1", "hotelGuestAdultCount": "1", "hotelGuestChildCount": "0", "hotelNightCount": "1", "hotelRoomPrice": "158.26", "hotelFinalPrice": "158.26"}}}
{"_id": "orderid:451581", "timestamp": "2020-01-16T10:54:28.000Z", "eventType": "transaction", "_adobeamericaspot3": {"CRMID": "crmid:3428080648", "orderDetails": {"orderID": "orderid:451581", "reservationid": "L9W-DCEC", "orderType": "website", "hotelSKU": "prd1047", "hotelCheckInUnix": "1581677668", "hotelCheckOutUnix": "1582714468", "hotelCheckInTS": "2020-02-14T10:54:28+00:00", "hotelCheckOutTS": "2020-02-26T10:54:28+00:00", "hotelChain": "Hospitality Inn", "hotelName": "Hospitality Inn: Oakland", "hotelLocation": "Oakland", "hotelRoomType": "standard", "hotelRoomCount": "1", "hotelGuestAdultCount": "1", "hotelGuestChildCount": "0", "hotelNightCount": "12", "hotelRoomPrice": "153.9", "hotelFinalPrice": "1846.8"}}}
{"_id": "orderid:366872", "timestamp": "2019-12-27T11:53:05.000Z", "eventType": "transaction", "_adobeamericaspot3": {"CRMID": "crmid:7418055942", "orderDetails": {"orderID": "orderid:366872", "reservationid": "ESD-R1NF", "orderType": "website", "hotelSKU": "prd1196", "hotelCheckInUnix": "1577793185", "hotelCheckOutUnix": "1578138785", "hotelCheckInTS": "2019-12-31T11:53:05+00:00", "hotelCheckOutTS": "2020-01-04T11:53:05+00:00", "hotelChain": "Aspen Heights", "hotelName": "Aspen Heights: Moscow", "hotelLocation": "Moscow", "hotelRoomType": "standard", "hotelRoomCount": "1", "hotelGuestAdultCount": "1", "hotelGuestChildCount": "0", "hotelNightCount": "4", "hotelRoomPrice": "133.5", "hotelFinalPrice": "534.0"}}}
{"_id": "orderid:219545", "timestamp": "2020-01-13T16:05:30.000Z", "eventType": "transaction", "_adobeamericaspot3": {"CRMID": "crmid:6910116975", "orderDetails": {"orderID": "orderid:219545", "reservationid": "BRX-VHSL", "orderType": "kiosk", "hotelSKU": "prd1113", "hotelCheckInUnix": "1579017930", "hotelCheckOutUnix": "1579277130", "hotelCheckInTS": "2020-01-14T16:05:30+00:00", "hotelCheckOutTS": "2020-01-17T16:05:30+00:00", "hotelChain": "Sapphire Suites", "hotelName": "Sapphire Suites: Kazan", "hotelLocation": "Kazan", "hotelRoomType": "standard", "hotelRoomCount": "1", "hotelGuestAdultCount": "1", "hotelGuestChildCount": "0", "hotelNightCount": "3", "hotelRoomPrice": "133.75", "hotelFinalPrice": "401.25"}}}
{"_id": "orderid:621564", "timestamp": "2020-01-21T14:42:03.000Z", "eventType": "transaction", "_adobeamericaspot3": {"CRMID": "crmid:6977467869", "orderDetails": {"orderID": "orderid:621564", "reservationid": "BFM-JJCS", "orderType": "website", "hotelSKU": "prd1081", "hotelCheckInUnix": "1579704123", "hotelCheckOutUnix": "1579876923", "hotelCheckInTS": "2020-01-22T14:42:03+00:00", "hotelCheckOutTS": "2020-01-24T14:42:03+00:00", "hotelChain": "Admiralty Plaza", "hotelName": "Admiralty Plaza: Rod de Janeiro", "hotelLocation": "Rod de Janeiro", "hotelRoomType": "standard", "hotelRoomCount": "1", "hotelGuestAdultCount": "1", "hotelGuestChildCount": "0", "hotelNightCount": "2", "hotelRoomPrice": "153.62", "hotelFinalPrice": "307.24"}}}
{"_id": "orderid:685122", "timestamp": "2020-02-04T13:29:36.000Z", "eventType": "transaction", "_adobeamericaspot3": {"CRMID": "crmid:2671976988", "orderDetails": {"orderID": "orderid:685122", "reservationid": "TXM-I2QR", "orderType": "website", "hotelSKU": "prd1145", "hotelCheckInUnix": "1582982976", "hotelCheckOutUnix": "1583846976", "hotelCheckInTS": "2020-02-29T13:29:36+00:00", "hotelCheckOutTS": "2020-03-10T13:29:36+00:00", "hotelChain": "Grandeur Hotels", "hotelName": "Grandeur Hotels: Dallas", "hotelLocation": "Dallas", "hotelRoomType": "standard", "hotelRoomCount": "1", "hotelGuestAdultCount": "1", "hotelGuestChildCount": "0", "hotelNightCount": "10", "hotelRoomPrice": "160.34", "hotelFinalPrice": "1603.4"}}}
{"_id": "orderid:359192", "timestamp": "2020-01-25T05:10:22.000Z", "eventType": "transaction", "_adobeamericaspot3": {"CRMID": "crmid:9056562799", "orderDetails": {"orderID": "orderid:359192", "reservationid": "W3B-WYZE", "orderType": "mobile", "hotelSKU": "prd1146", "hotelCheckInUnix": "1581743422", "hotelCheckOutUnix": "1582607422", "hotelCheckInTS": "2020-02-15T05:10:22+00:00", "hotelCheckOutTS": "2020-02-25T05:10:22+00:00", "hotelChain": "Restful Nights", "hotelName": "Restful Nights: San Jose", "hotelLocation": "San Jose", "hotelRoomType": "standard", "hotelRoomCount": "1", "hotelGuestAdultCount": "1", "hotelGuestChildCount": "0", "hotelNightCount": "10", "hotelRoomPrice": "168.91", "hotelFinalPrice": "1689.1"}}}
{"_id": "orderid:618216", "timestamp": "2020-01-01T11:28:26.000Z", "eventType": "transaction", "_adobeamericaspot3": {"CRMID": "crmid:8672321302", "orderDetails": {"orderID": "orderid:618216", "reservationid": "LWI-KKMR", "orderType": "kiosk", "hotelSKU": "prd1095", "hotelCheckInUnix": "1580038106", "hotelCheckOutUnix": "1580556506", "hotelCheckInTS": "2020-01-26T11:28:26+00:00", "hotelCheckOutTS": "2020-02-01T11:28:26+00:00", "hotelChain": "Hospitality Inn", "hotelName": "Hospitality Inn: Casablanca", "hotelLocation": "Casablanca", "hotelRoomType": "presidential-suite", "hotelRoomCount": "1", "hotelGuestAdultCount": "1", "hotelGuestChildCount": "1", "hotelNightCount": "6", "hotelRoomPrice": "991.93", "hotelFinalPrice": "5951.58"}}}
{"_id": "orderid:347292", "timestamp": "2019-12-14T10:57:38.000Z", "eventType": "transaction", "_adobeamericaspot3": {"CRMID": "crmid:7616078480", "orderDetails": {"orderID": "orderid:347292", "reservationid": "VZG-UZQ9", "orderType": "mobile", "hotelSKU": "prd1187", "hotelCheckInUnix": "1576666658", "hotelCheckOutUnix": "1577012258", "hotelCheckInTS": "2019-12-18T10:57:38+00:00", "hotelCheckOutTS": "2019-12-22T10:57:38+00:00", "hotelChain": "Nesting Box Inn", "hotelName": "Nesting Box Inn: Cleveland", "hotelLocation": "Cleveland", "hotelRoomType": "standard", "hotelRoomCount": "1", "hotelGuestAdultCount": "1", "hotelGuestChildCount": "0", "hotelNightCount": "4", "hotelRoomPrice": "162.49", "hotelFinalPrice": "649.96"}}}
{"_id": "orderid:172380", "timestamp": "2019-12-23T00:00:00.000Z", "eventType": "transaction", "_adobeamericaspot3": {"CRMID": "crmid:7616078480", "orderDetails": {"orderID": "orderid:172380", "reservationid": "U6U-BCBZ", "orderType": "kiosk", "hotelSKU": "prd1165", "hotelCheckInUnix": "1577318400", "hotelCheckOutUnix": "1577491200", "hotelCheckInTS": "2019-12-26T00:00:00+00:00", "hotelCheckOutTS": "2019-12-28T00:00:00+00:00", "hotelChain": "Admiralty Plaza", "hotelName": "Admiralty Plaza: Louisville", "hotelLocation": "Louisville", "hotelRoomType": "standard", "hotelRoomCount": "1", "hotelGuestAdultCount": "1", "hotelGuestChildCount": "0", "hotelNightCount": "2", "hotelRoomPrice": "164.6", "hotelFinalPrice": "329.2"}}}
{"_id": "orderid:792482", "timestamp": "2019-12-30T00:00:00.000Z", "eventType": "transaction", "_adobeamericaspot3": {"CRMID": "crmid:7616078480", "orderDetails": {"orderID": "orderid:792482", "reservationid": "9IW-BAFX", "orderType": "website", "hotelSKU": "prd1052", "hotelCheckInUnix": "1578096000", "hotelCheckOutUnix": "1578355200", "hotelCheckInTS": "2020-01-04T00:00:00+00:00", "hotelCheckOutTS": "2020-01-07T00:00:00+00:00", "hotelChain": "Aspen Heights", "hotelName": "Aspen Heights: Wichita", "hotelLocation": "Wichita", "hotelRoomType": "standard", "hotelRoomCount": "1", "hotelGuestAdultCount": "1", "hotelGuestChildCount": "0", "hotelNightCount": "3", "hotelRoomPrice": "132.1", "hotelFinalPrice": "396.3"}}}
{"_id": "orderid:301075", "timestamp": "2019-12-10T05:14:19.000Z", "eventType": "transaction", "_adobeamericaspot3": {"CRMID": "crmid:5372707800", "orderDetails": {"orderID": "orderid:301075", "reservationid": "1TJ-0SPK", "orderType": "kiosk", "hotelSKU": "prd1045", "hotelCheckInUnix": "1576473259", "hotelCheckOutUnix": "1577510059", "hotelCheckInTS": "2019-12-16T05:14:19+00:00", "hotelCheckOutTS": "2019-12-28T05:14:19+00:00", "hotelChain": "Admiralty Plaza", "hotelName": "Admiralty Plaza: Miami", "hotelLocation": "Miami", "hotelRoomType": "premium", "hotelRoomCount": "1", "hotelGuestAdultCount": "1", "hotelGuestChildCount": "0", "hotelNightCount": "12", "hotelRoomPrice": "124.7", "hotelFinalPrice": "1496.4"}}}
{"_id": "orderid:465790", "timestamp": "2019-12-14T14:25:00.000Z", "eventType": "transaction", "_adobeamericaspot3": {"CRMID": "crmid:8927246288", "orderDetails": {"orderID": "orderid:465790", "reservationid": "LH1-JBCU", "orderType": "kiosk", "hotelSKU": "prd1157", "hotelCheckInUnix": "1576419900", "hotelCheckOutUnix": "1576506300", "hotelCheckInTS": "2019-12-15T14:25:00+00:00", "hotelCheckOutTS": "2019-12-16T14:25:00+00:00", "hotelChain": "Grandeur Hotels", "hotelName": "Grandeur Hotels: Boston", "hotelLocation": "Boston", "hotelRoomType": "standard", "hotelRoomCount": "1", "hotelGuestAdultCount": "1", "hotelGuestChildCount": "0", "hotelNightCount": "1", "hotelRoomPrice": "150.63", "hotelFinalPrice": "150.63"}}}
{"_id": "orderid:346958", "timestamp": "2019-12-17T00:00:00.000Z", "eventType": "transaction", "_adobeamericaspot3": {"CRMID": "crmid:8927246288", "orderDetails": {"orderID": "orderid:346958", "reservationid": "GZW-D4XT", "orderType": "website", "hotelSKU": "prd1074", "hotelCheckInUnix": "1576713600", "hotelCheckOutUnix": "1576972800", "hotelCheckInTS": "2019-12-19T00:00:00+00:00", "hotelCheckOutTS": "2019-12-22T00:00:00+00:00", "hotelChain": "Restful Nights", "hotelName": "Restful Nights: Mexico City", "hotelLocation": "Mexico City", "hotelRoomType": "luxury", "hotelRoomCount": "1", "hotelGuestAdultCount": "1", "hotelGuestChildCount": "0", "hotelNightCount": "3", "hotelRoomPrice": "425.25", "hotelFinalPrice": "1275.75"}}}
{"_id": "orderid:368226", "timestamp": "2020-01-14T18:18:08.000Z", "eventType": "transaction", "_adobeamericaspot3": {"CRMID": "crmid:9927142567", "orderDetails": {"orderID": "orderid:368226", "reservationid": "3YU-9CAL", "orderType": "website", "hotelSKU": "prd1045", "hotelCheckInUnix": "1579198688", "hotelCheckOutUnix": "1579630688", "hotelCheckInTS": "2020-01-16T18:18:08+00:00", "hotelCheckOutTS": "2020-01-21T18:18:08+00:00", "hotelChain": "Admiralty Plaza", "hotelName": "Admiralty Plaza: Miami", "hotelLocation": "Miami", "hotelRoomType": "standard", "hotelRoomCount": "1", "hotelGuestAdultCount": "1", "hotelGuestChildCount": "0", "hotelNightCount": "5", "hotelRoomPrice": "136.51", "hotelFinalPrice": "682.55"}}}
{"_id": "orderid:648731", "timestamp": "2019-12-27T10:59:29.000Z", "eventType": "transaction", "_adobeamericaspot3": {"CRMID": "crmid:1211045989", "orderDetails": {"orderID": "orderid:648731", "reservationid": "QYZ-HWJ6", "orderType": "call center", "hotelSKU": "prd1122", "hotelCheckInUnix": "1579949969", "hotelCheckOutUnix": "1581159569", "hotelCheckInTS": "2020-01-25T10:59:29+00:00", "hotelCheckOutTS": "2020-02-08T10:59:29+00:00", "hotelChain": "Restful Nights", "hotelName": "Restful Nights: Valencia", "hotelLocation": "Valencia", "hotelRoomType": "standard", "hotelRoomCount": "1", "hotelGuestAdultCount": "1", "hotelGuestChildCount": "0", "hotelNightCount": "14", "hotelRoomPrice": "152.31", "hotelFinalPrice": "2132.34"}}}
{"_id": "orderid:632928", "timestamp": "2020-01-18T02:45:00.000Z", "eventType": "transaction", "_adobeamericaspot3": {"CRMID": "crmid:5307100363", "orderDetails": {"orderID": "orderid:632928", "reservationid": "HZJ-DR1V", "orderType": "call center", "hotelSKU": "prd1195", "hotelCheckInUnix": "1579833900", "hotelCheckOutUnix": "1579920300", "hotelCheckInTS": "2020-01-24T02:45:00+00:00", "hotelCheckOutTS": "2020-01-25T02:45:00+00:00", "hotelChain": "Family Fun Hotels", "hotelName": "Family Fun Hotels: Lahore", "hotelLocation": "Lahore", "hotelRoomType": "premium", "hotelRoomCount": "1", "hotelGuestAdultCount": "1", "hotelGuestChildCount": "0", "hotelNightCount": "1", "hotelRoomPrice": "165.98", "hotelFinalPrice": "165.98"}}}
{"_id": "orderid:145838", "timestamp": "2020-02-03T20:42:59.000Z", "eventType": "transaction", "_adobeamericaspot3": {"CRMID": "crmid:4337710220", "orderDetails": {"orderID": "orderid:145838", "reservationid": "TG9-RZZH", "orderType": "call center", "hotelSKU": "prd1039", "hotelCheckInUnix": "1580935379", "hotelCheckOutUnix": "1581108179", "hotelCheckInTS": "2020-02-05T20:42:59+00:00", "hotelCheckOutTS": "2020-02-07T20:42:59+00:00", "hotelChain": "Family Fun Hotels", "hotelName": "Family Fun Hotels: Kansas City", "hotelLocation": "Kansas City", "hotelRoomType": "standard", "hotelRoomCount": "1", "hotelGuestAdultCount": "1", "hotelGuestChildCount": "0", "hotelNightCount": "2", "hotelRoomPrice": "173.42", "hotelFinalPrice": "346.84"}}}
{"_id": "orderid:787938", "timestamp": "2019-12-22T19:58:08.000Z", "eventType": "transaction", "_adobeamericaspot3": {"CRMID": "crmid:1685773652", "orderDetails": {"orderID": "orderid:787938", "reservationid": "D5B-VVSZ", "orderType": "website", "hotelSKU": "prd1177", "hotelCheckInUnix": "1578859088", "hotelCheckOutUnix": "1580155088", "hotelCheckInTS": "2020-01-12T19:58:08+00:00", "hotelCheckOutTS": "2020-01-27T19:58:08+00:00", "hotelChain": "Admiralty Plaza", "hotelName": "Admiralty Plaza: Raleigh", "hotelLocation": "Raleigh", "hotelRoomType": "standard", "hotelRoomCount": "1", "hotelGuestAdultCount": "1", "hotelGuestChildCount": "2", "hotelNightCount": "15", "hotelRoomPrice": "163.41", "hotelFinalPrice": "2451.15"}}}
{"_id": "orderid:669201", "timestamp": "2020-01-25T04:24:13.000Z", "eventType": "transaction", "_adobeamericaspot3": {"CRMID": "crmid:8129441359", "orderDetails": {"orderID": "orderid:669201", "reservationid": "RM5-FPBO", "orderType": "call center", "hotelSKU": "prd1118", "hotelCheckInUnix": "1581827053", "hotelCheckOutUnix": "1582345453", "hotelCheckInTS": "2020-02-16T04:24:13+00:00", "hotelCheckOutTS": "2020-02-22T04:24:13+00:00", "hotelChain": "Blue Reef Resort", "hotelName": "Blue Reef Resort: Cologne", "hotelLocation": "Cologne", "hotelRoomType": "premium", "hotelRoomCount": "1", "hotelGuestAdultCount": "1", "hotelGuestChildCount": "0", "hotelNightCount": "6", "hotelRoomPrice": "104.94", "hotelFinalPrice": "629.64"}}}
{"_id": "orderid:921671", "timestamp": "2020-01-06T22:18:50.000Z", "eventType": "transaction", "_adobeamericaspot3": {"CRMID": "crmid:7496342146", "orderDetails": {"orderID": "orderid:921671", "reservationid": "WZ5-IFHW", "orderType": "call center", "hotelSKU": "prd1037", "hotelCheckInUnix": "1579904330", "hotelCheckOutUnix": "1581200330", "hotelCheckInTS": "2020-01-24T22:18:50+00:00", "hotelCheckOutTS": "2020-02-08T22:18:50+00:00", "hotelChain": "Grandeur Hotels", "hotelName": "Grandeur Hotels: Sacramento", "hotelLocation": "Sacramento", "hotelRoomType": "standard", "hotelRoomCount": "1", "hotelGuestAdultCount": "1", "hotelGuestChildCount": "0", "hotelNightCount": "15", "hotelRoomPrice": "144.16", "hotelFinalPrice": "2162.4"}}}
{"_id": "orderid:815217", "timestamp": "2019-12-29T09:57:49.000Z", "eventType": "transaction", "_adobeamericaspot3": {"CRMID": "crmid:7805192098", "orderDetails": {"orderID": "orderid:815217", "reservationid": "7SA-PQL2", "orderType": "website", "hotelSKU": "prd1059", "hotelCheckInUnix": "1580119069", "hotelCheckOutUnix": "1581069469", "hotelCheckInTS": "2020-01-27T09:57:49+00:00", "hotelCheckOutTS": "2020-02-07T09:57:49+00:00", "hotelChain": "Hospitality Inn", "hotelName": "Hospitality Inn: Kinshasa", "hotelLocation": "Kinshasa", "hotelRoomType": "standard", "hotelRoomCount": "1", "hotelGuestAdultCount": "1", "hotelGuestChildCount": "0", "hotelNightCount": "11", "hotelRoomPrice": "148.86", "hotelFinalPrice": "1637.46"}}}
{"_id": "orderid:461687", "timestamp": "2020-01-27T22:06:44.000Z", "eventType": "transaction", "_adobeamericaspot3": {"CRMID": "crmid:7808265660", "orderDetails": {"orderID": "orderid:461687", "reservationid": "MUA-ELQO", "orderType": "website", "hotelSKU": "prd1051", "hotelCheckInUnix": "1581890804", "hotelCheckOutUnix": "1582322804", "hotelCheckInTS": "2020-02-16T22:06:44+00:00", "hotelCheckOutTS": "2020-02-21T22:06:44+00:00", "hotelChain": "Family Fun Hotels", "hotelName": "Family Fun Hotels: New Orleans", "hotelLocation": "New Orleans", "hotelRoomType": "standard", "hotelRoomCount": "1", "hotelGuestAdultCount": "1", "hotelGuestChildCount": "0", "hotelNightCount": "5", "hotelRoomPrice": "139.47", "hotelFinalPrice": "697.35"}}}
{"_id": "orderid:759794", "timestamp": "2019-12-06T13:27:50.000Z", "eventType": "transaction", "_adobeamericaspot3": {"CRMID": "crmid:2110334696", "orderDetails": {"orderID": "orderid:759794", "reservationid": "MMV-MQTO", "orderType": "call center", "hotelSKU": "prd1194", "hotelCheckInUnix": "1575725270", "hotelCheckOutUnix": "1575811670", "hotelCheckInTS": "2019-12-07T13:27:50+00:00", "hotelCheckOutTS": "2019-12-08T13:27:50+00:00", "hotelChain": "Restful Nights", "hotelName": "Restful Nights: Tianjin", "hotelLocation": "Tianjin", "hotelRoomType": "premium", "hotelRoomCount": "1", "hotelGuestAdultCount": "1", "hotelGuestChildCount": "0", "hotelNightCount": "1", "hotelRoomPrice": "111.08", "hotelFinalPrice": "111.08"}}}
{"_id": "orderid:515441", "timestamp": "2020-01-17T21:21:12.000Z", "eventType": "transaction", "_adobeamericaspot3": {"CRMID": "crmid:9900353854", "orderDetails": {"orderID": "orderid:515441", "reservationid": "SII-GSKU", "orderType": "call center", "hotelSKU": "prd1130", "hotelCheckInUnix": "1581110472", "hotelCheckOutUnix": "1581888072", "hotelCheckInTS": "2020-02-07T21:21:12+00:00", "hotelCheckOutTS": "2020-02-16T21:21:12+00:00", "hotelChain": "Blue Reef Resort", "hotelName": "Blue Reef Resort: Bremen", "hotelLocation": "Bremen", "hotelRoomType": "standard", "hotelRoomCount": "1", "hotelGuestAdultCount": "1", "hotelGuestChildCount": "0", "hotelNightCount": "9", "hotelRoomPrice": "111.78", "hotelFinalPrice": "1006.02"}}}
{"_id": "orderid:820888", "timestamp": "2019-12-15T11:00:46.000Z", "eventType": "transaction", "_adobeamericaspot3": {"CRMID": "crmid:2394231119", "orderDetails": {"orderID": "orderid:820888", "reservationid": "ZYW-XN9T", "orderType": "call center", "hotelSKU": "prd1172", "hotelCheckInUnix": "1578049246", "hotelCheckOutUnix": "1579431646", "hotelCheckInTS": "2020-01-03T11:00:46+00:00", "hotelCheckOutTS": "2020-01-19T11:00:46+00:00", "hotelChain": "Aspen Heights", "hotelName": "Aspen Heights: Mesa", "hotelLocation": "Mesa", "hotelRoomType": "standard", "hotelRoomCount": "1", "hotelGuestAdultCount": "1", "hotelGuestChildCount": "0", "hotelNightCount": "16", "hotelRoomPrice": "162.88", "hotelFinalPrice": "2606.08"}}}
{"_id": "orderid:410125", "timestamp": "2020-01-05T19:30:59.000Z", "eventType": "transaction", "_adobeamericaspot3": {"CRMID": "crmid:6526553555", "orderDetails": {"orderID": "orderid:410125", "reservationid": "FRD-PYMN", "orderType": "service desk", "hotelSKU": "prd1155", "hotelCheckInUnix": "1580239859", "hotelCheckOutUnix": "1580844659", "hotelCheckInTS": "2020-01-28T19:30:59+00:00", "hotelCheckOutTS": "2020-02-04T19:30:59+00:00", "hotelChain": "Hospitality Inn", "hotelName": "Hospitality Inn: Denver", "hotelLocation": "Denver", "hotelRoomType": "premium", "hotelRoomCount": "1", "hotelGuestAdultCount": "1", "hotelGuestChildCount": "3", "hotelNightCount": "7", "hotelRoomPrice": "167.09", "hotelFinalPrice": "1169.63"}}}
{"_id": "orderid:669991", "timestamp": "2020-02-14T00:32:57.000Z", "eventType": "transaction", "_adobeamericaspot3": {"CRMID": "crmid:9459821296", "orderDetails": {"orderID": "orderid:669991", "reservationid": "GCN-SU2T", "orderType": "website", "hotelSKU": "prd1125", "hotelCheckInUnix": "1582072377", "hotelCheckOutUnix": "1582763577", "hotelCheckInTS": "2020-02-19T00:32:57+00:00", "hotelCheckOutTS": "2020-02-27T00:32:57+00:00", "hotelChain": "Sapphire Suites", "hotelName": "Sapphire Suites: Palermo", "hotelLocation": "Palermo", "hotelRoomType": "standard", "hotelRoomCount": "1", "hotelGuestAdultCount": "1", "hotelGuestChildCount": "0", "hotelNightCount": "8", "hotelRoomPrice": "167.96", "hotelFinalPrice": "1343.68"}}}
{"_id": "orderid:274284", "timestamp": "2020-01-16T12:58:36.000Z", "eventType": "transaction", "_adobeamericaspot3": {"CRMID": "crmid:7490698463", "orderDetails": {"orderID": "orderid:274284", "reservationid": "HKB-B9SH", "orderType": "website", "hotelSKU": "prd1164", "hotelCheckInUnix": "1581253116", "hotelCheckOutUnix": "1581771516", "hotelCheckInTS": "2020-02-09T12:58:36+00:00", "hotelCheckOutTS": "2020-02-15T12:58:36+00:00", "hotelChain": "Repose Resort", "hotelName": "Repose Resort: Las Vegas", "hotelLocation": "Las Vegas", "hotelRoomType": "standard", "hotelRoomCount": "1", "hotelGuestAdultCount": "1", "hotelGuestChildCount": "0", "hotelNightCount": "6", "hotelRoomPrice": "135.36", "hotelFinalPrice": "812.16"}}}
{"_id": "orderid:596121", "timestamp": "2020-01-04T22:27:58.000Z", "eventType": "transaction", "_adobeamericaspot3": {"CRMID": "crmid:2878511437", "orderDetails": {"orderID": "orderid:596121", "reservationid": "KY0-EOLE", "orderType": "kiosk", "hotelSKU": "prd1076", "hotelCheckInUnix": "1580682478", "hotelCheckOutUnix": "1580941678", "hotelCheckInTS": "2020-02-02T22:27:58+00:00", "hotelCheckOutTS": "2020-02-05T22:27:58+00:00", "hotelChain": "Aspen Heights", "hotelName": "Aspen Heights: Bogota", "hotelLocation": "Bogota", "hotelRoomType": "premium", "hotelRoomCount": "1", "hotelGuestAdultCount": "1", "hotelGuestChildCount": "0", "hotelNightCount": "3", "hotelRoomPrice": "162.16", "hotelFinalPrice": "486.48"}}}
{"_id": "orderid:592408", "timestamp": "2019-12-27T08:57:40.000Z", "eventType": "transaction", "_adobeamericaspot3": {"CRMID": "crmid:4381489533", "orderDetails": {"orderID": "orderid:592408", "reservationid": "PJG-2HSI", "orderType": "mobile", "hotelSKU": "prd1009", "hotelCheckInUnix": "1578905860", "hotelCheckOutUnix": "1580029060", "hotelCheckInTS": "2020-01-13T08:57:40+00:00", "hotelCheckOutTS": "2020-01-26T08:57:40+00:00", "hotelChain": "Admiralty Plaza", "hotelName": "Admiralty Plaza: San Antonio", "hotelLocation": "San Antonio", "hotelRoomType": "standard", "hotelRoomCount": "1", "hotelGuestAdultCount": "1", "hotelGuestChildCount": "4", "hotelNightCount": "13", "hotelRoomPrice": "139.04", "hotelFinalPrice": "1807.52"}}}
{"_id": "orderid:840875", "timestamp": "2019-12-04T09:38:26.000Z", "eventType": "transaction", "_adobeamericaspot3": {"CRMID": "crmid:4055454281", "orderDetails": {"orderID": "orderid:840875", "reservationid": "WMW-32SP", "orderType": "call center", "hotelSKU": "prd1109", "hotelCheckInUnix": "1575625106", "hotelCheckOutUnix": "1576057106", "hotelCheckInTS": "2019-12-06T09:38:26+00:00", "hotelCheckOutTS": "2019-12-11T09:38:26+00:00", "hotelChain": "Grandeur Hotels", "hotelName": "Grandeur Hotels: Belgrade", "hotelLocation": "Belgrade", "hotelRoomType": "premium", "hotelRoomCount": "1", "hotelGuestAdultCount": "1", "hotelGuestChildCount": "0", "hotelNightCount": "5", "hotelRoomPrice": "151.65", "hotelFinalPrice": "758.25"}}}
{"_id": "orderid:755452", "timestamp": "2020-01-27T18:37:17.000Z", "eventType": "transaction", "_adobeamericaspot3": {"CRMID": "crmid:4241579864", "orderDetails": {"orderID": "orderid:755452", "reservationid": "6VT-ZZKQ", "orderType": "website", "hotelSKU": "prd1137", "hotelCheckInUnix": "1580236637", "hotelCheckOutUnix": "1580668637", "hotelCheckInTS": "2020-01-28T18:37:17+00:00", "hotelCheckOutTS": "2020-02-02T18:37:17+00:00", "hotelChain": "Sapphire Suites", "hotelName": "Sapphire Suites: Manila", "hotelLocation": "Manila", "hotelRoomType": "standard", "hotelRoomCount": "1", "hotelGuestAdultCount": "1", "hotelGuestChildCount": "0", "hotelNightCount": "5", "hotelRoomPrice": "104.53", "hotelFinalPrice": "522.65"}}}
{"_id": "orderid:859054", "timestamp": "2020-01-23T01:25:33.000Z", "eventType": "transaction", "_adobeamericaspot3": {"CRMID": "crmid:8818615516", "orderDetails": {"orderID": "orderid:859054", "reservationid": "CM0-CXME", "orderType": "call center", "hotelSKU": "prd1045", "hotelCheckInUnix": "1581557133", "hotelCheckOutUnix": "1582075533", "hotelCheckInTS": "2020-02-13T01:25:33+00:00", "hotelCheckOutTS": "2020-02-19T01:25:33+00:00", "hotelChain": "Admiralty Plaza", "hotelName": "Admiralty Plaza: Miami", "hotelLocation": "Miami", "hotelRoomType": "standard", "hotelRoomCount": "1", "hotelGuestAdultCount": "1", "hotelGuestChildCount": "1", "hotelNightCount": "6", "hotelRoomPrice": "142.76", "hotelFinalPrice": "856.56"}}}
{"_id": "orderid:107583", "timestamp": "2020-02-09T03:31:02.000Z", "eventType": "transaction", "_adobeamericaspot3": {"CRMID": "crmid:7699872293", "orderDetails": {"orderID": "orderid:107583", "reservationid": "SUV-GAFO", "orderType": "kiosk", "hotelSKU": "prd1190", "hotelCheckInUnix": "1583465462", "hotelCheckOutUnix": "1584847862", "hotelCheckInTS": "2020-03-06T03:31:02+00:00", "hotelCheckOutTS": "2020-03-22T03:31:02+00:00", "hotelChain": "Blue Reef Resort", "hotelName": "Blue Reef Resort: Aurora", "hotelLocation": "Aurora", "hotelRoomType": "ultra-luxury", "hotelRoomCount": "1", "hotelGuestAdultCount": "1", "hotelGuestChildCount": "0", "hotelNightCount": "16", "hotelRoomPrice": "372.94", "hotelFinalPrice": "5967.04"}}}
{"_id": "orderid:703987", "timestamp": "2019-12-04T15:13:05.000Z", "eventType": "transaction", "_adobeamericaspot3": {"CRMID": "crmid:9428656895", "orderDetails": {"orderID": "orderid:703987", "reservationid": "KDT-ZCHO", "orderType": "kiosk", "hotelSKU": "prd1046", "hotelCheckInUnix": "1575558785", "hotelCheckOutUnix": "1575645185", "hotelCheckInTS": "2019-12-05T15:13:05+00:00", "hotelCheckOutTS": "2019-12-06T15:13:05+00:00", "hotelChain": "Blue Reef Resort", "hotelName": "Blue Reef Resort: Virginia Beach", "hotelLocation": "Virginia Beach", "hotelRoomType": "standard", "hotelRoomCount": "1", "hotelGuestAdultCount": "1", "hotelGuestChildCount": "0", "hotelNightCount": "1", "hotelRoomPrice": "166.8", "hotelFinalPrice": "166.8"}}}
{"_id": "orderid:785416", "timestamp": "2020-01-28T07:40:38.000Z", "eventType": "transaction", "_adobeamericaspot3": {"CRMID": "crmid:6891732883", "orderDetails": {"orderID": "orderid:785416", "reservationid": "CTI-MQ4B", "orderType": "website", "hotelSKU": "prd1122", "hotelCheckInUnix": "1580283638", "hotelCheckOutUnix": "1580456438", "hotelCheckInTS": "2020-01-29T07:40:38+00:00", "hotelCheckOutTS": "2020-01-31T07:40:38+00:00", "hotelChain": "Restful Nights", "hotelName": "Restful Nights: Valencia", "hotelLocation": "Valencia", "hotelRoomType": "standard", "hotelRoomCount": "1", "hotelGuestAdultCount": "1", "hotelGuestChildCount": "0", "hotelNightCount": "2", "hotelRoomPrice": "164.99", "hotelFinalPrice": "329.98"}}}
{"_id": "orderid:370100", "timestamp": "2020-01-06T09:48:45.000Z", "eventType": "transaction", "_adobeamericaspot3": {"CRMID": "crmid:7352490052", "orderDetails": {"orderID": "orderid:370100", "reservationid": "YTU-8EHV", "orderType": "call center", "hotelSKU": "prd1088", "hotelCheckInUnix": "1580377725", "hotelCheckOutUnix": "1580982525", "hotelCheckInTS": "2020-01-30T09:48:45+00:00", "hotelCheckOutTS": "2020-02-06T09:48:45+00:00", "hotelChain": "Aspen Heights", "hotelName": "Aspen Heights: Ankara", "hotelLocation": "Ankara", "hotelRoomType": "standard", "hotelRoomCount": "1", "hotelGuestAdultCount": "1", "hotelGuestChildCount": "0", "hotelNightCount": "7", "hotelRoomPrice": "151.0", "hotelFinalPrice": "1057.0"}}}
{"_id": "orderid:989747", "timestamp": "2019-12-13T02:50:23.000Z", "eventType": "transaction", "_adobeamericaspot3": {"CRMID": "crmid:8746329768", "orderDetails": {"orderID": "orderid:989747", "reservationid": "KSI-X6WD", "orderType": "website", "hotelSKU": "prd1165", "hotelCheckInUnix": "1578106223", "hotelCheckOutUnix": "1578970223", "hotelCheckInTS": "2020-01-04T02:50:23+00:00", "hotelCheckOutTS": "2020-01-14T02:50:23+00:00", "hotelChain": "Admiralty Plaza", "hotelName": "Admiralty Plaza: Louisville", "hotelLocation": "Louisville", "hotelRoomType": "standard", "hotelRoomCount": "1", "hotelGuestAdultCount": "1", "hotelGuestChildCount": "0", "hotelNightCount": "10", "hotelRoomPrice": "134.84", "hotelFinalPrice": "1348.4"}}}
{"_id": "orderid:236059", "timestamp": "2020-01-14T11:19:43.000Z", "eventType": "transaction", "_adobeamericaspot3": {"CRMID": "crmid:1423971722", "orderDetails": {"orderID": "orderid:236059", "reservationid": "ZLM-KXCW", "orderType": "kiosk", "hotelSKU": "prd1166", "hotelCheckInUnix": "1581419983", "hotelCheckOutUnix": "1582715983", "hotelCheckInTS": "2020-02-11T11:19:43+00:00", "hotelCheckOutTS": "2020-02-26T11:19:43+00:00", "hotelChain": "Blue Reef Resort", "hotelName": "Blue Reef Resort: Baltimore", "hotelLocation": "Baltimore", "hotelRoomType": "standard", "hotelRoomCount": "1", "hotelGuestAdultCount": "1", "hotelGuestChildCount": "0", "hotelNightCount": "15", "hotelRoomPrice": "139.16", "hotelFinalPrice": "2087.4"}}}
{"_id": "orderid:616474", "timestamp": "2019-12-22T16:21:56.000Z", "eventType": "transaction", "_adobeamericaspot3": {"CRMID": "crmid:9204111521", "orderDetails": {"orderID": "orderid:616474", "reservationid": "CDX-EZFV", "orderType": "service desk", "hotelSKU": "prd1124", "hotelCheckInUnix": "1577290916", "hotelCheckOutUnix": "1577636516", "hotelCheckInTS": "2019-12-25T16:21:56+00:00", "hotelCheckOutTS": "2019-12-29T16:21:56+00:00", "hotelChain": "Aspen Heights", "hotelName": "Aspen Heights: Leeds", "hotelLocation": "Leeds", "hotelRoomType": "standard", "hotelRoomCount": "1", "hotelGuestAdultCount": "1", "hotelGuestChildCount": "3", "hotelNightCount": "4", "hotelRoomPrice": "158.88", "hotelFinalPrice": "635.52"}}}
{"_id": "orderid:785350", "timestamp": "2019-12-14T10:30:26.000Z", "eventType": "transaction", "_adobeamericaspot3": {"CRMID": "crmid:2692555337", "orderDetails": {"orderID": "orderid:785350", "reservationid": "JDT-BXUI", "orderType": "website", "hotelSKU": "prd1172", "hotelCheckInUnix": "1576578626", "hotelCheckOutUnix": "1576665026", "hotelCheckInTS": "2019-12-17T10:30:26+00:00", "hotelCheckOutTS": "2019-12-18T10:30:26+00:00", "hotelChain": "Aspen Heights", "hotelName": "Aspen Heights: Mesa", "hotelLocation": "Mesa", "hotelRoomType": "premium", "hotelRoomCount": "1", "hotelGuestAdultCount": "1", "hotelGuestChildCount": "0", "hotelNightCount": "1", "hotelRoomPrice": "139.41", "hotelFinalPrice": "139.41"}}}
{"_id": "orderid:956617", "timestamp": "2019-12-10T02:42:42.000Z", "eventType": "transaction", "_adobeamericaspot3": {"CRMID": "crmid:4027983954", "orderDetails": {"orderID": "orderid:956617", "reservationid": "LW3-FTSB", "orderType": "website", "hotelSKU": "prd1161", "hotelCheckInUnix": "1577587362", "hotelCheckOutUnix": "1578364962", "hotelCheckInTS": "2019-12-29T02:42:42+00:00", "hotelCheckOutTS": "2020-01-07T02:42:42+00:00", "hotelChain": "Sapphire Suites", "hotelName": "Sapphire Suites: Memphis", "hotelLocation": "Memphis", "hotelRoomType": "premium", "hotelRoomCount": "1", "hotelGuestAdultCount": "1", "hotelGuestChildCount": "0", "hotelNightCount": "9", "hotelRoomPrice": "154.47", "hotelFinalPrice": "1390.23"}}}
{"_id": "orderid:369385", "timestamp": "2019-12-16T19:30:48.000Z", "eventType": "transaction", "_adobeamericaspot3": {"CRMID": "crmid:6411818178", "orderDetails": {"orderID": "orderid:369385", "reservationid": "C08-WD41", "orderType": "kiosk", "hotelSKU": "prd1085", "hotelCheckInUnix": "1576611048", "hotelCheckOutUnix": "1576783848", "hotelCheckInTS": "2019-12-17T19:30:48+00:00", "hotelCheckOutTS": "2019-12-19T19:30:48+00:00", "hotelChain": "Grandeur Hotels", "hotelName": "Grandeur Hotels: Saint Petersburg", "hotelLocation": "Saint Petersburg", "hotelRoomType": "luxury", "hotelRoomCount": "1", "hotelGuestAdultCount": "1", "hotelGuestChildCount": "0", "hotelNightCount": "2", "hotelRoomPrice": "354.53", "hotelFinalPrice": "709.06"}}}
{"_id": "orderid:987073", "timestamp": "2019-12-06T13:42:48.000Z", "eventType": "transaction", "_adobeamericaspot3": {"CRMID": "crmid:5570294354", "orderDetails": {"orderID": "orderid:987073", "reservationid": "TIT-MXWA", "orderType": "service desk", "hotelSKU": "prd1196", "hotelCheckInUnix": "1575985368", "hotelCheckOutUnix": "1577194968", "hotelCheckInTS": "2019-12-10T13:42:48+00:00", "hotelCheckOutTS": "2019-12-24T13:42:48+00:00", "hotelChain": "Aspen Heights", "hotelName": "Aspen Heights: Moscow", "hotelLocation": "Moscow", "hotelRoomType": "premium", "hotelRoomCount": "1", "hotelGuestAdultCount": "1", "hotelGuestChildCount": "0", "hotelNightCount": "14", "hotelRoomPrice": "158.41", "hotelFinalPrice": "2217.74"}}}
{"_id": "orderid:184430", "timestamp": "2020-02-06T23:18:36.000Z", "eventType": "transaction", "_adobeamericaspot3": {"CRMID": "crmid:2227553514", "orderDetails": {"orderID": "orderid:184430", "reservationid": "QWQ-XGCA", "orderType": "service desk", "hotelSKU": "prd1020", "hotelCheckInUnix": "1582413516", "hotelCheckOutUnix": "1583968716", "hotelCheckInTS": "2020-02-22T23:18:36+00:00", "hotelCheckOutTS": "2020-03-11T23:18:36+00:00", "hotelChain": "Repose Resort", "hotelName": "Repose Resort: Seattle", "hotelLocation": "Seattle", "hotelRoomType": "standard", "hotelRoomCount": "1", "hotelGuestAdultCount": "1", "hotelGuestChildCount": "3", "hotelNightCount": "18", "hotelRoomPrice": "171.94", "hotelFinalPrice": "3094.92"}}}
{"_id": "orderid:767927", "timestamp": "2020-02-03T06:15:17.000Z", "eventType": "transaction", "_adobeamericaspot3": {"CRMID": "crmid:6679121766", "orderDetails": {"orderID": "orderid:767927", "reservationid": "OUI-S7KZ", "orderType": "kiosk", "hotelSKU": "prd1044", "hotelCheckInUnix": "1582438517", "hotelCheckOutUnix": "1583648117", "hotelCheckInTS": "2020-02-23T06:15:17+00:00", "hotelCheckOutTS": "2020-03-08T06:15:17+00:00", "hotelChain": "Repose Resort", "hotelName": "Repose Resort: Colorado Springs", "hotelLocation": "Colorado Springs", "hotelRoomType": "premium", "hotelRoomCount": "1", "hotelGuestAdultCount": "1", "hotelGuestChildCount": "0", "hotelNightCount": "14", "hotelRoomPrice": "153.16", "hotelFinalPrice": "2144.24"}}}
{"_id": "orderid:939316", "timestamp": "2020-01-16T22:37:07.000Z", "eventType": "transaction", "_adobeamericaspot3": {"CRMID": "crmid:2477410279", "orderDetails": {"orderID": "orderid:939316", "reservationid": "ADM-6WZB", "orderType": "kiosk", "hotelSKU": "prd1148", "hotelCheckInUnix": "1580164627", "hotelCheckOutUnix": "1581201427", "hotelCheckInTS": "2020-01-27T22:37:07+00:00", "hotelCheckOutTS": "2020-02-08T22:37:07+00:00", "hotelChain": "Aspen Heights", "hotelName": "Aspen Heights: Jacksonville", "hotelLocation": "Jacksonville", "hotelRoomType": "premium", "hotelRoomCount": "1", "hotelGuestAdultCount": "1", "hotelGuestChildCount": "4", "hotelNightCount": "12", "hotelRoomPrice": "90.97", "hotelFinalPrice": "1091.64"}}}
