id,reservationid,orderid,crmid,timestamp,orderType,productsku,hotelCheckInUnix,hotelCheckOutUnix,hotelCheckInTS,hotelCheckOutTS,hotelName,hotelChain,hotelLocation,hotelRoomType,hotelRoomCount,hotelGuestAdultCount,hotelGuestChildCount,hotelNightCount,hotelRoomPrice,hotelFinalPrice
orderid:477167,A9W-L2WV,orderid:477167,crmid:6125525024,2019-12-11T16:36:44.000Z,kiosk,prd1071,1578069404,1578501404,2020-01-03T16:36:44+00:00,2020-01-08T16:36:44+00:00,Hospitality Inn: Seoul,Hospitality Inn,Seoul,standard,1,1,0,5,139.01,695.05
orderid:915268,RW1-XNUL,orderid:915268,crmid:4772391901,2020-01-17T05:24:28.000Z,mobile,prd1019,1581139468,1581225868,2020-02-08T05:24:28+00:00,2020-02-09T05:24:28+00:00,Nesting Box Inn: Charlotte,Nesting Box Inn,Charlotte,standard,1,1,1,1,84.1,84.1
orderid:221999,SVD-7HBO,orderid:221999,crmid:1511346962,2020-02-03T11:38:44.000Z,kiosk,prd1124,1580989124,1581334724,2020-02-06T11:38:44+00:00,2020-02-10T11:38:44+00:00,Aspen Heights: Leeds,Aspen Heights,Leeds,standard,1,1,0,4,165.17,660.68
orderid:593551,QLT-1QX2,orderid:593551,crmid:8855728859,2020-01-18T23:50:57.000Z,service desk,prd1067,1580514657,1581292257,2020-01-31T23:50:57+00:00,2020-02-09T23:50:57+00:00,Nesting Box Inn: Istanbul,Nesting Box Inn,Istanbul,standard,1,1,0,9,77.64,698.76
orderid:783589,IRC-KXWJ,orderid:783589,crmid:9525237288,2020-01-23T11:38:37.000Z,mobile,prd1191,1579865917,1579952317,2020-01-24T11:38:37+00:00,2020-01-25T11:38:37+00:00,Hospitality Inn: Mumbai,Hospitality Inn,Mumbai,standard,1,1,0,1,133.49,133.49
orderid:640706,5DT-E8SM,orderid:640706,crmid:4267472426,2019-12-12T12:36:58.000Z,service desk,prd1009,1576240618,1576327018,2019-12-13T12:36:58+00:00,2019-12-14T12:36:58+00:00,Admiralty Plaza: San Antonio,Admiralty Plaza,San Antonio,premium,1,1,0,1,137.81,137.81
orderid:467857,BUC-ROYF,orderid:467857,crmid:5924772587,2019-12-03T18:40:23.000Z,website,prd1021,1577558423,1578336023,2019-12-28T18:40:23+00:00,2020-01-06T18:40:23+00:00,Admiralty Plaza: Denver,Admiralty Plaza,Denver,standard,1,1,0,9,100.74,906.66
orderid:176086,X0A-1QQ8,orderid:176086,crmid:2331875906,2019-12-26T01:36:13.000Z,kiosk,prd1197,1577842573,1578015373,2020-01-01T01:36:13+00:00,2020-01-03T01:36:13+00:00,Sapphire Suites: London,Sapphire Suites,London,standard,1,1,1,2,140.75,281.5
orderid:561963,6XD-MWWA,orderid:561963,crmid:3931898319,2020-01-21T07:23:09.000Z,call center,prd1022,1581664989,1582183389,2020-02-14T07:23:09+00:00,2020-02-20T07:23:09+00:00,Blue Reef Resort: Washington DC,Blue Reef Resort,Washington DC,luxury,1,1,0,6,346.93,2081.58
orderid:844912,HGT-ZG79,orderid:844912,crmid:4973779109,2020-01-04T03:14:01.000Z,website,prd1178,1580267641,1580786041,2020-01-29T03:14:01+00:00,2020-02-04T03:14:01+00:00,Blue Reef Resort: Colorado Springs,Blue Reef Resort,Colorado Springs,standard,1,1,0,6,158.21,949.26
orderid:676774,SFY-VLLA,orderid:676774,crmid:9561846913,2020-01-15T16:17:37.000Z,mobile,prd1034,1580833057,1582474657,2020-02-04T16:17:37+00:00,2020-02-23T16:17:37+00:00,Blue Reef Resort: Albuquerque,Blue Reef Resort,Albuquerque,standard,1,1,1,19,123.29,2342.51
orderid:834394,NZI-BU0L,orderid:834394,crmid:4551867728,2020-01-11T05:01:10.000Z,kiosk,prd1124,1579928470,1580706070,2020-01-25T05:01:10+00:00,2020-02-03T05:01:10+00:00,Aspen Heights: Leeds,Aspen Heights,Leeds,premium,1,1,0,9,112.65,1013.85
orderid:627699,UTV-OTS1,orderid:627699,crmid:2446511514,2020-01-11T22:48:27.000Z,kiosk,prd1193,1578869307,1579128507,2020-01-12T22:48:27+00:00,2020-01-15T22:48:27+00:00,Grandeur Hotels: Kinshasa,Grandeur Hotels,Kinshasa,premium,1,1,0,3,100.92,302.76
orderid:194119,S59-FRCR,orderid:194119,crmid:9405122943,2020-02-11T20:34:20.000Z,website,prd1109,1581626060,1581798860,2020-02-13T20:34:20+00:00,2020-02-15T20:34:20+00:00,Grandeur Hotels: Belgrade,Grandeur Hotels,Belgrade,standard,1,1,0,2,133.33,266.66
orderid:954006,G5C-YD8L,orderid:954006,crmid:4697281168,2020-01-11T03:29:20.000Z,website,prd1167,1579404560,1580182160,2020-01-19T03:29:20+00:00,2020-01-28T03:29:20+00:00,Hospitality Inn: Milwaukee,Hospitality Inn,Milwaukee,standard,1,1,4,9,82.33,740.97
orderid:179734,HMO-DT6D,orderid:179734,crmid:4093185717,2019-12-16T07:30:37.000Z,website,prd1156,1576567837,1576654237,2019-12-17T07:30:37+00:00,2019-12-18T07:30:37+00:00,Sandhill: Washington DC,Sandhill,Washington DC,standard,1,1,0,1,127.66,127.66
orderid:784624,S6S-P54Y,orderid:784624,crmid:9946405425,2020-02-16T02:48:18.000Z,call center,prd1081,1583722098,1584758898,2020-03-09T02:48:18+00:00,2020-03-21T02:48:18+00:00,Admiralty Plaza: Rod de Janeiro,Admiralty Plaza,Rod de Janeiro,premium,1,1,0,12,111.81,1341.72
orderid:751477,XRA-Z0GF,orderid:751477,crmid:3502951605,2019-12-31T23:24:46.000Z,website,prd1197,1578093886,1578266686,2020-01-03T23:24:46+00:00,2020-01-05T23:24:46+00:00,Sapphire Suites: London,Sapphire Suites,London,premium,1,1,0,2,147.34,294.68
orderid:365371,WIY-RUZM,orderid:365371,crmid:3502951605,2020-01-06T00:00:00.000Z,mobile,prd1141,1578355200,1578441600,2020-01-07T00:00:00+00:00,2020-01-08T00:00:00+00:00,Admiralty Plaza: Phoenix,Admiralty Plaza,Phoenix,standard,1,1,0,1,149.81,149.81
orderid:389200,TGR-3QTS,orderid:389200,crmid:2704342667,2020-02-12T00:30:12.000Z,mobile,prd1130,1581640212,1581899412,2020-02-14T00:30:12+00:00,2020-02-17T00:30:12+00:00,Blue Reef Resort: Bremen,Blue Reef Resort,Bremen,standard,1,1,0,3,118.71,356.13
orderid:675786,F1D-7DNI,orderid:675786,crmid:8627745451,2020-01-01T23:24:05.000Z,website,prd1097,1578785045,1578957845,2020-01-11T23:24:05+00:00,2020-01-13T23:24:05+00:00,Grandeur Hotels: Buenos Aires,Grandeur Hotels,Buenos Aires,standard,1,1,1,2,142.27,284.54
orderid:347665,MLM-TISP,orderid:347665,crmid:6683938091,2020-02-02T02:30:52.000Z,kiosk,prd1176,1582079452,1583116252,2020-02-19T02:30:52+00:00,2020-03-02T02:30:52+00:00,Repose Resort: Omaha,Repose Resort,Omaha,standard,1,1,0,12,140.94,1691.28
orderid:382039,JP1-FO7J,orderid:382039,crmid:7056586908,2019-12-16T17:08:07.000Z,website,prd1020,1576688887,1576861687,2019-12-18T17:08:07+00:00,2019-12-20T17:08:07+00:00,Repose Resort: Seattle,Repose Resort,Seattle,standard,1,1,0,2,104.08,208.16
orderid:525667,UXR-O6SJ,orderid:525667,crmid:5307482709,2020-01-16T02:31:02.000Z,website,prd1073,1580524262,1580610662,2020-02-01T02:31:02+00:00,2020-02-02T02:31:02+00:00,Grandeur Hotels: Lima,Grandeur Hotels,Lima,standard,1,1,0,1,153.83,153.83
orderid:916260,GOX-OTQV,orderid:916260,crmid:9420355522,2020-01-04T09:02:35.000Z,call center,prd1127,1580720555,1581238955,2020-02-03T09:02:35+00:00,2020-02-09T09:02:35+00:00,Nesting Box Inn: Glasgow,Nesting Box Inn,Glasgow,standard,1,1,4,6,111.46,668.76
orderid:137805,SKQ-F191,orderid:137805,crmid:7037697025,2020-01-22T05:48:59.000Z,kiosk,prd1004,1581054539,1581659339,2020-02-07T05:48:59+00:00,2020-02-14T05:48:59+00:00,Aspen Heights: Boulder,Aspen Heights,Boulder,premium,1,1,0,7,144.59,1012.13
orderid:215365,E1R-JR5J,orderid:215365,crmid:9549718530,2020-02-12T12:59:37.000Z,mobile,prd1154,1581944377,1582117177,2020-02-17T12:59:37+00:00,2020-02-19T12:59:37+00:00,Blue Reef Resort: Seattle,Blue Reef Resort,Seattle,standard,1,1,0,2,65.2,130.4
orderid:521052,AVA-OGT0,orderid:521052,crmid:5778719683,2019-12-27T01:43:01.000Z,website,prd1117,1579225381,1580780581,2020-01-17T01:43:01+00:00,2020-02-04T01:43:01+00:00,Admiralty Plaza: Dublin,Admiralty Plaza,Dublin,premium,1,1,0,18,140.28,2525.04
orderid:362177,YBH-RQKC,orderid:362177,crmid:4417976582,2019-12-04T17:56:05.000Z,mobile,prd1021,1577642165,1578765365,2019-12-29T17:56:05+00:00,2020-01-11T17:56:05+00:00,Admiralty Plaza: Denver,Admiralty Plaza,Denver,standard,1,1,0,13,128.0,1664.0
orderid:381387,MNC-0YNQ,orderid:381387,crmid:1978990295,2019-12-21T10:15:50.000Z,kiosk,prd1071,1579083350,1579860950,2020-01-15T10:15:50+00:00,2020-01-24T10:15:50+00:00,Hospitality Inn: Seoul,Hospitality Inn,Seoul,standard,1,1,0,9,114.94,1034.46
orderid:775103,0VF-MVJS,orderid:775103,crmid:4289847101,2019-12-22T17:44:00.000Z,mobile,prd1175,1577123040,1577209440,2019-12-23T17:44:00+00:00,2019-12-24T17:44:00+00:00,Nesting Box Inn: Long Beach,Nesting Box Inn,Long Beach,premium,1,1,0,1,169.99,169.99
orderid:460379,3NJ-BJKM,orderid:460379,crmid:8569542905,2020-02-13T20:21:05.000Z,website,prd1196,1583958065,1584217265,2020-03-11T20:21:05+00:00,2020-03-14T20:21:05+00:00,Aspen Heights: Moscow,Aspen Heights,Moscow,standard,1,1,0,3,119.99,359.97
orderid:621538,TER-OTJQ,orderid:621538,crmid:3883749930,2020-01-25T22:21:49.000Z,website,prd1190,1580854909,1581373309,2020-02-04T22:21:49+00:00,2020-02-10T22:21:49+00:00,Blue Reef Resort: Aurora,Blue Reef Resort,Aurora,standard,1,1,3,6,141.31,847.86
orderid:576371,ADD-YHQR,orderid:576371,crmid:6186804766,2020-02-01T22:54:40.000Z,kiosk,prd1154,1580684080,1580856880,2020-02-02T22:54:40+00:00,2020-02-04T22:54:40+00:00,Blue Reef Resort: Seattle,Blue Reef Resort,Seattle,premium,1,1,0,2,118.77,237.54
orderid:630876,1RK-LJBJ,orderid:630876,crmid:9264126241,2019-12-20T05:31:24.000Z,kiosk,prd1167,1578375084,1579152684,2020-01-07T05:31:24+00:00,2020-01-16T05:31:24+00:00,Hospitality Inn: Milwaukee,Hospitality Inn,Milwaukee,standard,1,1,0,9,141.98,1277.82
orderid:155369,SPM-OHVM,orderid:155369,crmid:5538828735,2019-12-26T13:28:42.000Z,mobile,prd1178,1579440522,1580131722,2020-01-19T13:28:42+00:00,2020-01-27T13:28:42+00:00,Blue Reef Resort: Colorado Springs,Blue Reef Resort,Colorado Springs,premium,1,1,0,8,124.99,999.92
orderid:216461,EZ4-EICV,orderid:216461,crmid:5066615141,2020-02-09T01:24:20.000Z,kiosk,prd1049,1581989060,1582593860,2020-02-18T01:24:20+00:00,2020-02-25T01:24:20+00:00,Grandeur Hotels: Tulsa,Grandeur Hotels,Tulsa,standard,1,1,0,7,176.57,1235.99
orderid:631968,TTX-JRMJ,orderid:631968,crmid:4519702879,2020-01-22T10:01:03.000Z,call center,prd1039,1580810463,1581328863,2020-02-04T10:01:03+00:00,2020-02-10T10:01:03+00:00,Family Fun Hotels: Kansas City,Family Fun Hotels,Kansas City,standard,1,1,0,6,134.33,805.98
orderid:873511,8RN-AA61,orderid:873511,crmid:9425012369,2020-02-16T20:20:42.000Z,kiosk,prd1072,1583871642,1584822042,2020-03-10T20:20:42+00:00,2020-03-21T20:20:42+00:00,Sandhill: Tokyo,Sandhill,Tokyo,premium,1,1,0,11,162.0,1782.0
orderid:380921,CVZ-QLLQ,orderid:380921,crmid:6753043124,2020-01-23T05:51:29.000Z,kiosk,prd1073,1579845089,1580104289,2020-01-24T05:51:29+00:00,2020-01-27T05:51:29+00:00,Grandeur Hotels: Lima,Grandeur Hotels,Lima,premium,1,1,0,3,132.02,396.06
orderid:624273,IIE-KK3V,orderid:624273,crmid:4372143740,2019-12-02T20:40:39.000Z,kiosk,prd1131,1575664839,1576269639,2019-12-06T20:40:39+00:00,2019-12-13T20:40:39+00:00,Hospitality Inn: Sheffield,Hospitality Inn,Sheffield,standard,1,1,0,7,130.01,910.07
orderid:156385,KHP-BF98,orderid:156385,crmid:6676258842,2020-02-06T03:46:55.000Z,call center,prd1139,1581133615,1581306415,2020-02-08T03:46:55+00:00,2020-02-10T03:46:55+00:00,Nesting Box Inn: Nairobi,Nesting Box Inn,Nairobi,standard,1,1,0,2,124.12,248.24
orderid:640787,YC6-FF7Q,orderid:640787,crmid:7378022027,2019-12-21T20:06:49.000Z,website,prd1190,1577390809,1578254809,2019-12-26T20:06:49+00:00,2020-01-05T20:06:49+00:00,Blue Reef Resort: Aurora,Blue Reef Resort,Aurora,standard,1,1,4,10,140.63,1406.3
orderid:373106,P15-IJON,orderid:373106,crmid:6913668140,2020-02-02T21:13:55.000Z,mobile,prd1017,1582924435,1583442835,2020-02-28T21:13:55+00:00,2020-03-05T21:13:55+00:00,Sapphire Suites: Fort Worth,Sapphire Suites,Fort Worth,ultra-luxury,1,1,0,6,236.12,1416.72
orderid:498961,TBQ-YXAY,orderid:498961,crmid:7799549867,2020-02-03T20:06:36.000Z,kiosk,prd1177,1582661196,1583179596,2020-02-25T20:06:36+00:00,2020-03-02T20:06:36+00:00,Admiralty Plaza: Raleigh,Admiralty Plaza,Raleigh,standard,1,1,0,6,89.7,538.2
orderid:804811,U2B-VBK9,orderid:804811,crmid:3050394523,2020-01-27T19:02:08.000Z,service desk,prd1052,1581706928,1582138928,2020-02-14T19:02:08+00:00,2020-02-19T19:02:08+00:00,Aspen Heights: Wichita,Aspen Heights,Wichita,standard,1,1,0,5,118.02,590.1
orderid:685368,KKN-32E5,orderid:685368,crmid:5357461781,2019-12-22T21:06:49.000Z,mobile,prd1057,1577135209,1577394409,2019-12-23T21:06:49+00:00,2019-12-26T21:06:49+00:00,Admiralty Plaza: Mumbai,Admiralty Plaza,Mumbai,premium,1,1,0,3,147.58,442.74
orderid:737830,G8Z-KYY4,orderid:737830,crmid:2255543598,2019-12-01T18:32:47.000Z,call center,prd1125,1576866767,1577644367,2019-12-20T18:32:47+00:00,2019-12-29T18:32:47+00:00,Sapphire Suites: Palermo,Sapphire Suites,Palermo,standard,1,1,0,9,141.88,1276.92
orderid:779074,PCG-BTMF,orderid:779074,crmid:8839894066,2020-01-18T00:10:21.000Z,website,prd1190,1579392621,1579565421,2020-01-19T00:10:21+00:00,2020-01-21T00:10:21+00:00,Blue Reef Resort: Aurora,Blue Reef Resort,Aurora,standard,1,1,0,2,138.28,276.56
orderid:573818,YH6-NMYR,orderid:573818,crmid:1895473432,2020-01-29T19:24:42.000Z,call center,prd1021,1580412282,1580498682,2020-01-30T19:24:42+00:00,2020-01-31T19:24:42+00:00,Admiralty Plaza: Denver,Admiralty Plaza,Denver,premium,1,1,0,1,141.34,141.34
orderid:175556,IFT-DVDB,orderid:175556,crmid:2750583554,2020-01-04T13:11:48.000Z,website,prd1165,1578229908,1578661908,2020-01-05T13:11:48+00:00,2020-01-10T13:11:48+00:00,Admiralty Plaza: Louisville,Admiralty Plaza,Louisville,premium,1,1,0,5,136.44,682.2
orderid:199460,M3L-OAUB,orderid:199460,crmid:9194202718,2019-12-29T02:40:49.000Z,call center,prd1109,1579315249,1580438449,2020-01-18T02:40:49+00:00,2020-01-31T02:40:49+00:00,Grandeur Hotels: Belgrade,Grandeur Hotels,Belgrade,standard,1,1,0,13,157.77,2051.01
orderid:672040,HVQ-6RYV,orderid:672040,crmid:5180560682,2019-12-06T11:29:04.000Z,kiosk,prd1142,1577618944,1578223744,2019-12-29T11:29:04+00:00,2020-01-05T11:29:04+00:00,Blue Reef Resort: Philadelphia,Blue Reef Resort,Philadelphia,standard,1,1,0,7,157.95,1105.65
orderid:694684,GZD-BDGZ,orderid:694684,crmid:9268464145,2019-12-19T13:23:52.000Z,kiosk,prd1026,1578749032,1579440232,2020-01-11T13:23:52+00:00,2020-01-19T13:23:52+00:00,Restful Nights: Nashville,Restful Nights,Nashville,standard,1,1,0,8,130.69,1045.52
orderid:809615,VTO-QBSE,orderid:809615,crmid:5352171741,2020-02-01T01:32:43.000Z,kiosk,prd1157,1581298363,1582594363,2020-02-10T01:32:43+00:00,2020-02-25T01:32:43+00:00,Grandeur Hotels: Boston,Grandeur Hotels,Boston,standard,1,1,0,15,162.01,2430.15
orderid:351746,HBR-GMW9,orderid:351746,crmid:1979599709,2019-12-25T10:44:33.000Z,website,prd1035,1578221073,1579257873,2020-01-05T10:44:33+00:00,2020-01-17T10:44:33+00:00,Hospitality Inn: Tucson,Hospitality Inn,Tucson,standard,1,1,1,12,148.8,1785.6
orderid:261087,2NX-AGMO,orderid:261087,crmid:4241210728,2019-12-31T02:08:01.000Z,call center,prd1089,1579831681,1580004481,2020-01-24T02:08:01+00:00,2020-01-26T02:08:01+00:00,Sapphire Suites: Rome,Sapphire Suites,Rome,standard,1,1,0,2,163.22,326.44
orderid:394860,BED-JZZF,orderid:394860,crmid:1325509179,2020-01-14T00:43:27.000Z,website,prd1185,1579394607,1579999407,2020-01-19T00:43:27+00:00,2020-01-26T00:43:27+00:00,Sapphire Suites: New Orleans,Sapphire Suites,New Orleans,standard,1,1,0,7,102.85,719.95
orderid:371836,AVT-SK9X,orderid:371836,crmid:1546646145,2020-02-02T00:16:19.000Z,website,prd1129,1582503379,1582848979,2020-02-24T00:16:19+00:00,2020-02-28T00:16:19+00:00,Admiralty Plaza: Helsinki,Admiralty Plaza,Helsinki,standard,1,1,0,4,122.72,490.88
orderid:155596,1QI-VMID,orderid:155596,crmid:6690158905,2020-01-03T16:52:13.000Z,website,prd1028,1580316733,1580748733,2020-01-29T16:52:13+00:00,2020-02-03T16:52:13+00:00,Aspen Heights: Portland,Aspen Heights,Portland,standard,1,1,2,5,134.66,673.3
orderid:867354,6AU-R2LI,orderid:867354,crmid:2216535451,2020-01-26T08:40:31.000Z,website,prd1007,1581756031,1582274431,2020-02-15T08:40:31+00:00,2020-02-21T08:40:31+00:00,Nesting Box Inn: Phoenix,Nesting Box Inn,Phoenix,luxury,1,1,0,6,340.28,2041.68
orderid:662681,TFE-4MYE,orderid:662681,crmid:4221363642,2019-12-11T03:03:56.000Z,kiosk,prd1179,1578366236,1579575836,2020-01-07T03:03:56+00:00,2020-01-21T03:03:56+00:00,Hospitality Inn: Miami,Hospitality Inn,Miami,standard,1,1,0,14,111.49,1560.86
orderid:523038,8FF-NVHW,orderid:523038,crmid:2118292022,2020-01-11T10:00:01.000Z,kiosk,prd1165,1578823201,1578996001,2020-01-12T10:00:01+00:00,2020-01-14T10:00:01+00:00,Admiralty Plaza: Louisville,Admiralty Plaza,Louisville,standard,1,1,0,2,103.8,207.6
orderid:264266,0CQ-ZLMR,orderid:264266,crmid:9873571442,2020-01-18T17:23:40.000Z,service desk,prd1127,1581701020,1582651420,2020-02-14T17:23:40+00:00,2020-02-25T17:23:40+00:00,Nesting Box Inn: Glasgow,Nesting Box Inn,Glasgow,standard,1,1,0,11,154.49,1699.39
orderid:307229,XOP-UZ4M,orderid:307229,crmid:2563269857,2020-01-26T01:05:06.000Z,call center,prd1033,1581901506,1582506306,2020-02-17T01:05:06+00:00,2020-02-24T01:05:06+00:00,Admiralty Plaza: Milwaukee,Admiralty Plaza,Milwaukee,standard,1,1,0,7,150.18,1051.26
orderid:599832,AIK-XBJJ,orderid:599832,crmid:7115391503,2020-01-05T23:41:40.000Z,website,prd1081,1579650100,1580168500,2020-01-21T23:41:40+00:00,2020-01-27T23:41:40+00:00,Admiralty Plaza: Rod de Janeiro,Admiralty Plaza,Rod de Janeiro,standard,1,1,0,6,186.29,1117.74
orderid:257096,PXH-EC0E,orderid:257096,crmid:3858751992,2019-12-31T01:16:33.000Z,mobile,prd1191,1579569393,1580692593,2020-01-21T01:16:33+00:00,2020-02-03T01:16:33+00:00,Hospitality Inn: Mumbai,Hospitality Inn,Mumbai,standard,1,1,3,13,147.67,1919.71
orderid:335139,WQK-2NH7,orderid:335139,crmid:2430688582,2020-02-15T16:20:59.000Z,call center,prd1197,1583857259,1584375659,2020-03-10T16:20:59+00:00,2020-03-16T16:20:59+00:00,Sapphire Suites: London,Sapphire Suites,London,standard,1,1,0,6,158.5,951.0
orderid:767628,FJK-FN52,orderid:767628,crmid:3442881105,2020-01-15T03:04:50.000Z,website,prd1196,1579143890,1579230290,2020-01-16T03:04:50+00:00,2020-01-17T03:04:50+00:00,Aspen Heights: Moscow,Aspen Heights,Moscow,ultra-luxury,1,1,0,1,257.96,257.96
orderid:261621,I48-80WO,orderid:261621,crmid:3442881105,2020-01-19T00:00:00.000Z,website,prd1060,1579478400,1579564800,2020-01-20T00:00:00+00:00,2020-01-21T00:00:00+00:00,Sandhill: Tianjin,Sandhill,Tianjin,standard,1,1,0,1,144.56,144.56
orderid:994807,D4J-MBHY,orderid:994807,crmid:1243897701,2020-01-02T18:31:26.000Z,kiosk,prd1104,1580149886,1580668286,2020-01-27T18:31:26+00:00,2020-02-02T18:31:26+00:00,Repose Resort: Warsaw,Repose Resort,Warsaw,standard,1,1,0,6,107.18,643.08
orderid:859914,I5F-YQF2,orderid:859914,crmid:2675036440,2020-01-16T12:44:03.000Z,service desk,prd1161,1580993043,1581165843,2020-02-06T12:44:03+00:00,2020-02-08T12:44:03+00:00,Sapphire Suites: Memphis,Sapphire Suites,Memphis,standard,1,1,0,2,139.58,279.16
orderid:804488,PQF-CBHH,orderid:804488,crmid:9587100880,2019-12-24T13:56:44.000Z,kiosk,prd1143,1579096604,1579874204,2020-01-15T13:56:44+00:00,2020-01-24T13:56:44+00:00,Hospitality Inn: San Antonio,Hospitality Inn,San Antonio,standard,1,1,0,9,162.08,1458.72
orderid:680243,HRV-GKNZ,orderid:680243,crmid:8926144873,2019-12-04T20:13:36.000Z,kiosk,prd1165,1577304816,1577996016,2019-12-25T20:13:36+00:00,2020-01-02T20:13:36+00:00,Admiralty Plaza: Louisville,Admiralty Plaza,Louisville,standard,1,1,0,8,116.09,928.72
orderid:688420,RYI-VGXP,orderid:688420,crmid:6736493646,2020-02-11T02:06:32.000Z,website,prd1038,1583546792,1584324392,2020-03-07T02:06:32+00:00,2020-03-16T02:06:32+00:00,Restful Nights: Mesa,Restful Nights,Mesa,premium,1,1,0,9,145.54,1309.86
orderid:762725,VAG-P9CB,orderid:762725,crmid:1380190179,2019-12-31T12:07:40.000Z,call center,prd1081,1579435660,1579781260,2020-01-19T12:07:40+00:00,2020-01-23T12:07:40+00:00,Admiralty Plaza: Rod de Janeiro,Admiralty Plaza,Rod de Janeiro,standard,1,1,0,4,156.08,624.32
orderid:456599,TKN-IODT,orderid:456599,crmid:5919199915,2020-01-27T19:39:08.000Z,service desk,prd1065,1581190748,1581536348,2020-02-08T19:39:08+00:00,2020-02-12T19:39:08+00:00,Sapphire Suites: Beijing,Sapphire Suites,Beijing,standard,1,1,2,4,119.12,476.48
orderid:918235,EV7-LC3R,orderid:918235,crmid:6847459868,2020-02-03T00:06:37.000Z,mobile,prd1178,1582675597,1583280397,2020-02-26T00:06:37+00:00,2020-03-04T00:06:37+00:00,Blue Reef Resort: Colorado Springs,Blue Reef Resort,Colorado Springs,standard,1,1,0,7,119.72,838.04
orderid:211356,MMS-K7AG,orderid:211356,crmid:2442555543,2019-12-15T14:13:04.000Z,call center,prd1058,1576678384,1577628784,2019-12-18T14:13:04+00:00,2019-12-29T14:13:04+00:00,Blue Reef Resort: Delhi,Blue Reef Resort,Delhi,luxury,1,1,0,11,425.34,4678.74
orderid:469358,8NU-J71Z,orderid:469358,crmid:5313162692,2020-02-12T02:58:50.000Z,website,prd1107,1583722730,1584154730,2020-03-09T02:58:50+00:00,2020-03-14T02:58:50+00:00,Hospitality Inn: Kharkiv,Hospitality Inn,Kharkiv,standard,1,1,0,5,122.26,611.3
orderid:525868,BC5-PPU4,orderid:525868,crmid:3694818975,2020-02-10T16:31:50.000Z,call center,prd1069,1581438710,1581611510,2020-02-11T16:31:50+00:00,2020-02-13T16:31:50+00:00,Admiralty Plaza: Singapore,Admiralty Plaza,Singapore,standard,1,1,0,2,165.86,331.72
orderid:346004,BTI-LIH0,orderid:346004,crmid:1412237696,2020-02-04T10:45:07.000Z,kiosk,prd1009,1580899507,1581158707,2020-02-05T10:45:07+00:00,2020-02-08T10:45:07+00:00,Admiralty Plaza: San Antonio,Admiralty Plaza,San Antonio,premium,1,1,0,3,167.85,503.55
orderid:683185,9QH-FZJP,orderid:683185,crmid:9473551762,2020-02-07T23:48:06.000Z,call center,prd1119,1581292086,1581378486,2020-02-09T23:48:06+00:00,2020-02-10T23:48:06+00:00,Hospitality Inn: Turin,Hospitality Inn,Turin,premium,1,1,0,1,185.9,185.9
orderid:787499,VHC-NO3C,orderid:787499,crmid:9686349150,2019-12-25T08:57:09.000Z,kiosk,prd1148,1579337829,1580461029,2020-01-18T08:57:09+00:00,2020-01-31T08:57:09+00:00,Aspen Heights: Jacksonville,Aspen Heights,Jacksonville,standard,1,1,0,13,129.63,1685.19
orderid:101574,9RM-3IPT,orderid:101574,crmid:4792361792,2020-02-16T07:04:24.000Z,kiosk,prd1181,1583996664,1584601464,2020-03-12T07:04:24+00:00,2020-03-19T07:04:24+00:00,Grandeur Hotels: Oakland,Grandeur Hotels,Oakland,standard,1,1,0,7,121.68,851.76
orderid:116827,LPJ-AGHD,orderid:116827,crmid:6534883598,2019-12-22T03:30:17.000Z,call center,prd1057,1578713417,1579145417,2020-01-11T03:30:17+00:00,2020-01-16T03:30:17+00:00,Admiralty Plaza: Mumbai,Admiralty Plaza,Mumbai,standard,1,1,4,5,110.69,553.45
orderid:820777,AAG-KZCS,orderid:820777,crmid:8685318706,2019-12-04T06:49:01.000Z,call center,prd1112,1575528541,1575614941,2019-12-05T06:49:01+00:00,2019-12-06T06:49:01+00:00,Aspen Heights: Birmingham,Aspen Heights,Birmingham,standard,1,1,0,1,133.55,133.55
orderid:981132,Y4R-VTCR,orderid:981132,crmid:4729418953,2020-02-14T01:13:27.000Z,kiosk,prd1147,1584148407,1585098807,2020-03-14T01:13:27+00:00,2020-03-25T01:13:27+00:00,Family Fun Hotels: Austin,Family Fun Hotels,Austin,standard,1,1,1,11,139.63,1535.93
orderid:888040,GQD-AU1L,orderid:888040,crmid:1102535901,2019-12-04T12:56:24.000Z,kiosk,prd1076,1576760184,1577192184,2019-12-19T12:56:24+00:00,2019-12-24T12:56:24+00:00,Aspen Heights: Bogota,Aspen Heights,Bogota,premium,1,1,0,5,119.9,599.5
orderid:917111,ULA-OZCI,orderid:917111,crmid:6742309868,2020-01-29T05:14:38.000Z,call center,prd1076,1580361278,1580534078,2020-01-30T05:14:38+00:00,2020-02-01T05:14:38+00:00,Aspen Heights: Bogota,Aspen Heights,Bogota,standard,1,1,0,2,150.21,300.42
orderid:103149,WLB-SJKF,orderid:103149,crmid:6742309868,2020-02-03T00:00:00.000Z,website,prd1023,1580774400,1580947200,2020-02-04T00:00:00+00:00,2020-02-06T00:00:00+00:00,Hospitality Inn: Boston,Hospitality Inn,Boston,standard,1,1,0,2,159.82,319.64
orderid:582827,RI9-FMR5,orderid:582827,crmid:6742309868,2020-02-07T00:00:00.000Z,website,prd1116,1581120000,1581206400,2020-02-08T00:00:00+00:00,2020-02-09T00:00:00+00:00,Repose Resort: Naples,Repose Resort,Naples,standard,1,1,0,1,171.37,171.37
orderid:490250,ENU-7N3Y,orderid:490250,crmid:5115422015,2020-02-15T17:24:25.000Z,call center,prd1113,1581873865,1582219465,2020-02-16T17:24:25+00:00,2020-02-20T17:24:25+00:00,Sapphire Suites: Kazan,Sapphire Suites,Kazan,premium,1,1,0,4,195.88,783.52
orderid:794422,CJV-G9EO,orderid:794422,crmid:6195368970,2019-12-21T01:33:03.000Z,mobile,prd1027,1576978383,1577064783,2019-12-22T01:33:03+00:00,2019-12-23T01:33:03+00:00,Family Fun Hotels: Memphis,Family Fun Hotels,Memphis,standard,1,1,0,1,143.62,143.62
orderid:958470,QD4-8EVD,orderid:958470,crmid:2528359941,2020-01-27T07:07:07.000Z,mobile,prd1101,1580713627,1581491227,2020-02-03T07:07:07+00:00,2020-02-12T07:07:07+00:00,Sapphire Suites: Vienna,Sapphire Suites,Vienna,standard,1,1,0,9,159.72,1437.48
orderid:486954,HNG-SASR,orderid:486954,crmid:8598965521,2020-01-10T00:51:39.000Z,kiosk,prd1153,1578790299,1579049499,2020-01-12T00:51:39+00:00,2020-01-15T00:51:39+00:00,Admiralty Plaza: Charlotte,Admiralty Plaza,Charlotte,premium,1,1,0,3,161.9,485.7
orderid:807581,C7O-5UAD,orderid:807581,crmid:8598965521,2020-01-17T00:00:00.000Z,mobile,prd1184,1579305600,1579564800,2020-01-18T00:00:00+00:00,2020-01-21T00:00:00+00:00,Aspen Heights: Arlington,Aspen Heights,Arlington,standard,1,1,0,3,150.07,450.21
orderid:932226,FTR-ZC2Z,orderid:932226,crmid:8598965521,2020-01-23T00:00:00.000Z,kiosk,prd1069,1580083200,1580428800,2020-01-27T00:00:00+00:00,2020-01-31T00:00:00+00:00,Admiralty Plaza: Singapore,Admiralty Plaza,Singapore,premium,1,1,0,4,90.51,362.04
orderid:473366,TLT-PMOV,orderid:473366,crmid:9361748794,2019-12-21T04:26:20.000Z,website,prd1057,1578457580,1579062380,2020-01-08T04:26:20+00:00,2020-01-15T04:26:20+00:00,Admiralty Plaza: Mumbai,Admiralty Plaza,Mumbai,standard,1,1,0,7,135.05,945.35
orderid:766551,QHO-T92P,orderid:766551,crmid:8255013563,2020-02-14T23:12:41.000Z,kiosk,prd1046,1583363561,1584486761,2020-03-04T23:12:41+00:00,2020-03-17T23:12:41+00:00,Blue Reef Resort: Virginia Beach,Blue Reef Resort,Virginia Beach,premium,1,1,0,13,158.03,2054.39
orderid:792787,5M7-VQZC,orderid:792787,crmid:3535289460,2020-02-16T21:26:15.000Z,website,prd1131,1583789175,1584048375,2020-03-09T21:26:15+00:00,2020-03-12T21:26:15+00:00,Hospitality Inn: Sheffield,Hospitality Inn,Sheffield,standard,1,1,0,3,122.89,368.67
orderid:911484,VRG-OUD5,orderid:911484,crmid:5086169431,2020-01-23T15:36:20.000Z,service desk,prd1053,1581953780,1582558580,2020-02-17T15:36:20+00:00,2020-02-24T15:36:20+00:00,Sapphire Suites: Cleveland,Sapphire Suites,Cleveland,standard,1,1,0,7,167.96,1175.72
orderid:257720,UUO-UHNU,orderid:257720,crmid:9749180573,2019-12-21T10:02:28.000Z,call center,prd1122,1577872948,1579082548,2020-01-01T10:02:28+00:00,2020-01-15T10:02:28+00:00,Restful Nights: Valencia,Restful Nights,Valencia,standard,1,1,0,14,156.87,2196.18
orderid:540257,WZB-XAR3,orderid:540257,crmid:8071740422,2020-02-14T18:56:11.000Z,call center,prd1093,1583434571,1585076171,2020-03-05T18:56:11+00:00,2020-03-24T18:56:11+00:00,Admiralty Plaza: Yokohama,Admiralty Plaza,Yokohama,standard,1,1,0,19,125.79,2390.01
orderid:414596,UZ2-ATG7,orderid:414596,crmid:7956013528,2020-01-04T17:32:59.000Z,website,prd1152,1578245579,1578504779,2020-01-05T17:32:59+00:00,2020-01-08T17:32:59+00:00,Repose Resort: Indianapolis,Repose Resort,Indianapolis,standard,1,1,0,3,166.12,498.36
orderid:391439,UAX-MNKI,orderid:391439,crmid:9914476187,2019-12-05T22:43:57.000Z,website,prd1155,1575845037,1576277037,2019-12-08T22:43:57+00:00,2019-12-13T22:43:57+00:00,Hospitality Inn: Denver,Hospitality Inn,Denver,standard,1,1,0,5,121.13,605.65
orderid:961459,NAU-EK4K,orderid:961459,crmid:4191375879,2020-02-07T04:47:31.000Z,website,prd1109,1581137251,1581223651,2020-02-08T04:47:31+00:00,2020-02-09T04:47:31+00:00,Grandeur Hotels: Belgrade,Grandeur Hotels,Belgrade,premium,1,1,0,1,125.55,125.55
orderid:267943,I9W-1RK1,orderid:267943,crmid:4191375879,2020-02-10T00:00:00.000Z,website,prd1050,1581379200,1581552000,2020-02-11T00:00:00+00:00,2020-02-13T00:00:00+00:00,Restful Nights: Arlington,Restful Nights,Arlington,standard,1,1,0,2,101.02,202.04
orderid:978138,WQ1-JT8B,orderid:978138,crmid:4191375879,2020-02-14T00:00:00.000Z,website,prd1061,1581724800,1581811200,2020-02-15T00:00:00+00:00,2020-02-16T00:00:00+00:00,Grandeur Hotels: Lahore,Grandeur Hotels,Lahore,luxury,1,1,0,1,320.8,320.8
orderid:207119,CBT-T32C,orderid:207119,crmid:5369524302,2020-01-10T10:16:35.000Z,mobile,prd1156,1580465795,1580984195,2020-01-31T10:16:35+00:00,2020-02-06T10:16:35+00:00,Sandhill: Washington DC,Sandhill,Washington DC,ultra-luxury,1,1,3,6,289.7,1738.2
orderid:881508,SWQ-O11A,orderid:881508,crmid:5558555992,2020-01-05T07:24:13.000Z,call center,prd1179,1578381853,1578727453,2020-01-07T07:24:13+00:00,2020-01-11T07:24:13+00:00,Hospitality Inn: Miami,Hospitality Inn,Miami,luxury,1,1,0,4,354.43,1417.72
orderid:448469,6AV-SBOQ,orderid:448469,crmid:3858023101,2020-01-02T08:29:01.000Z,call center,prd1007,1578731341,1579336141,2020-01-11T08:29:01+00:00,2020-01-18T08:29:01+00:00,Nesting Box Inn: Phoenix,Nesting Box Inn,Phoenix,luxury,1,1,0,7,243.51,1704.57
orderid:822041,2T7-KXFI,orderid:822041,crmid:3696399349,2019-12-18T14:22:28.000Z,call center,prd1037,1578752548,1579011748,2020-01-11T14:22:28+00:00,2020-01-14T14:22:28+00:00,Grandeur Hotels: Sacramento,Grandeur Hotels,Sacramento,premium,1,1,3,3,160.68,482.04
orderid:269459,JH4-E2WH,orderid:269459,crmid:9097187456,2019-12-24T05:19:51.000Z,website,prd1121,1577942391,1579497591,2020-01-02T05:19:51+00:00,2020-01-20T05:19:51+00:00,Grandeur Hotels: Stockholm,Grandeur Hotels,Stockholm,standard,1,1,4,18,123.51,2223.18
orderid:329660,FVP-QP7Q,orderid:329660,crmid:3525356015,2020-02-04T22:03:19.000Z,kiosk,prd1038,1582927399,1583618599,2020-02-28T22:03:19+00:00,2020-03-07T22:03:19+00:00,Restful Nights: Mesa,Restful Nights,Mesa,standard,1,1,0,8,111.59,892.72
orderid:675040,MAH-NULK,orderid:675040,crmid:5398912109,2019-12-21T00:14:40.000Z,service desk,prd1100,1577146480,1577319280,2019-12-24T00:14:40+00:00,2019-12-26T00:14:40+00:00,Aspen Heights: Misk,Aspen Heights,Misk,standard,1,1,0,2,142.12,284.24
orderid:234776,V5Y-LRCF,orderid:234776,crmid:9745883555,2020-01-14T06:11:15.000Z,kiosk,prd1196,1580969475,1581315075,2020-02-06T06:11:15+00:00,2020-02-10T06:11:15+00:00,Aspen Heights: Moscow,Aspen Heights,Moscow,standard,1,1,0,4,109.58,438.32
orderid:287924,SQS-TVJ5,orderid:287924,crmid:6718409333,2019-12-27T15:16:36.000Z,website,prd1076,1578150996,1578582996,2020-01-04T15:16:36+00:00,2020-01-09T15:16:36+00:00,Aspen Heights: Bogota,Aspen Heights,Bogota,standard,1,1,0,5,134.83,674.15
orderid:363811,J2U-46KV,orderid:363811,crmid:2922866321,2020-02-07T19:32:39.000Z,kiosk,prd1147,1581190359,1581276759,2020-02-08T19:32:39+00:00,2020-02-09T19:32:39+00:00,Family Fun Hotels: Austin,Family Fun Hotels,Austin,standard,1,1,0,1,83.59,83.59
orderid:638278,JJT-SEXP,orderid:638278,crmid:6957939621,2019-12-07T08:38:36.000Z,website,prd1160,1577867916,1578386316,2020-01-01T08:38:36+00:00,2020-01-07T08:38:36+00:00,Aspen Heights: Nashville,Aspen Heights,Nashville,standard,1,1,0,6,171.25,1027.5
orderid:131759,YBY-3DQC,orderid:131759,crmid:2098254824,2020-02-11T07:43:34.000Z,call center,prd1093,1581666214,1582098214,2020-02-14T07:43:34+00:00,2020-02-19T07:43:34+00:00,Admiralty Plaza: Yokohama,Admiralty Plaza,Yokohama,standard,1,1,0,5,146.41,732.05
orderid:333582,Y3T-JG5V,orderid:333582,crmid:2379155031,2019-12-24T00:24:30.000Z,call center,prd1190,1577319870,1577406270,2019-12-26T00:24:30+00:00,2019-12-27T00:24:30+00:00,Blue Reef Resort: Aurora,Blue Reef Resort,Aurora,premium,1,1,0,1,108.78,108.78
orderid:423579,IIU-EOFA,orderid:423579,crmid:8161303367,2019-12-17T22:51:56.000Z,kiosk,prd1045,1578437516,1578869516,2020-01-07T22:51:56+00:00,2020-01-12T22:51:56+00:00,Admiralty Plaza: Miami,Admiralty Plaza,Miami,standard,1,1,2,5,158.24,791.2
orderid:450067,YFX-ZKR3,orderid:450067,crmid:4357446994,2020-01-31T04:59:36.000Z,kiosk,prd1046,1580533176,1580619576,2020-02-01T04:59:36+00:00,2020-02-02T04:59:36+00:00,Blue Reef Resort: Virginia Beach,Blue Reef Resort,Virginia Beach,standard,1,1,0,1,124.92,124.92
orderid:753616,2VL-FHYE,orderid:753616,crmid:8181971064,2020-01-24T00:09:40.000Z,website,prd1019,1581120580,1581725380,2020-02-08T00:09:40+00:00,2020-02-15T00:09:40+00:00,Nesting Box Inn: Charlotte,Nesting Box Inn,Charlotte,standard,1,1,0,7,147.81,1034.67
orderid:290285,FC7-FAOO,orderid:290285,crmid:7672102875,2019-12-31T03:09:13.000Z,mobile,prd1045,1579057753,1579748953,2020-01-15T03:09:13+00:00,2020-01-23T03:09:13+00:00,Admiralty Plaza: Miami,Admiralty Plaza,Miami,standard,1,1,1,8,113.72,909.76
orderid:737965,BBK-MMT4,orderid:737965,crmid:2519065501,2019-12-11T23:28:07.000Z,website,prd1037,1577834887,1578353287,2019-12-31T23:28:07+00:00,2020-01-06T23:28:07+00:00,Grandeur Hotels: Sacramento,Grandeur Hotels,Sacramento,standard,1,1,3,6,129.85,779.1
orderid:440162,AHS-722V,orderid:440162,crmid:6262555543,2019-12-09T00:32:16.000Z,call center,prd1043,1576110736,1576197136,2019-12-12T00:32:16+00:00,2019-12-13T00:32:16+00:00,Nesting Box Inn: Raleigh,Nesting Box Inn,Raleigh,standard,1,1,0,1,127.76,127.76
orderid:807002,NBM-91BS,orderid:807002,crmid:6336354179,2020-01-24T08:54:13.000Z,service desk,prd1109,1579942453,1580374453,2020-01-25T08:54:13+00:00,2020-01-30T08:54:13+00:00,Grandeur Hotels: Belgrade,Grandeur Hotels,Belgrade,standard,1,1,0,5,122.23,611.15
orderid:560716,T1L-MTT7,orderid:560716,crmid:1376757101,2020-01-08T21:01:51.000Z,kiosk,prd1149,1580504511,1581109311,2020-01-31T21:01:51+00:00,2020-02-07T21:01:51+00:00,Sapphire Suites: San Francisco,Sapphire Suites,San Francisco,standard,1,1,0,7,136.68,956.76
orderid:530522,QP7-AGCB,orderid:530522,crmid:5528716020,2019-12-24T07:32:34.000Z,website,prd1171,1579764754,1580542354,2020-01-23T07:32:34+00:00,2020-02-01T07:32:34+00:00,Family Fun Hotels: Sacramento,Family Fun Hotels,Sacramento,standard,1,1,0,9,121.35,1092.15
orderid:378331,CAM-XLVA,orderid:378331,crmid:5635731873,2020-01-04T11:43:48.000Z,call center,prd1018,1578397428,1578829428,2020-01-07T11:43:48+00:00,2020-01-12T11:43:48+00:00,Sego Lily Suites: Indianapolis,Sego Lily Suites,Indianapolis,ultra-luxury,1,1,0,5,289.47,1447.35
orderid:376348,A6U-MLGK,orderid:376348,crmid:5869553824,2019-12-03T02:21:44.000Z,website,prd1061,1577154104,1578190904,2019-12-24T02:21:44+00:00,2020-01-05T02:21:44+00:00,Grandeur Hotels: Lahore,Grandeur Hotels,Lahore,premium,1,1,1,12,126.84,1522.08
orderid:513661,IZ5-ALQV,orderid:513661,crmid:7942529614,2020-01-03T13:12:37.000Z,call center,prd1167,1580303557,1581340357,2020-01-29T13:12:37+00:00,2020-02-10T13:12:37+00:00,Hospitality Inn: Milwaukee,Hospitality Inn,Milwaukee,standard,1,1,0,12,132.77,1593.24
orderid:284873,5PJ-8JHK,orderid:284873,crmid:8548496536,2020-01-19T08:59:45.000Z,kiosk,prd1077,1581497985,1582102785,2020-02-12T08:59:45+00:00,2020-02-19T08:59:45+00:00,Sapphire Suites: Cairo,Sapphire Suites,Cairo,standard,1,1,0,7,123.42,863.94
orderid:393497,CYX-QEVP,orderid:393497,crmid:1862150512,2019-12-06T23:36:00.000Z,call center,prd1033,1575934560,1576193760,2019-12-09T23:36:00+00:00,2019-12-12T23:36:00+00:00,Admiralty Plaza: Milwaukee,Admiralty Plaza,Milwaukee,standard,1,1,0,3,113.53,340.59
orderid:447469,KXJ-WRKC,orderid:447469,crmid:5813829008,2019-12-03T14:35:10.000Z,website,prd1057,1577025310,1577543710,2019-12-22T14:35:10+00:00,2019-12-28T14:35:10+00:00,Admiralty Plaza: Mumbai,Admiralty Plaza,Mumbai,standard,1,1,0,6,86.16,516.96
orderid:914643,YY8-WN6R,orderid:914643,crmid:6761342207,2020-01-27T03:44:16.000Z,service desk,prd1184,1582343056,1582515856,2020-02-22T03:44:16+00:00,2020-02-24T03:44:16+00:00,Aspen Heights: Arlington,Aspen Heights,Arlington,premium,1,1,0,2,123.45,246.9
orderid:754621,E6T-QWPP,orderid:754621,crmid:7549227834,2019-12-31T23:33:13.000Z,mobile,prd1181,1577921593,1578007993,2020-01-01T23:33:13+00:00,2020-01-02T23:33:13+00:00,Grandeur Hotels: Oakland,Grandeur Hotels,Oakland,premium,1,1,0,1,94.78,94.78
orderid:677960,WS7-REUJ,orderid:677960,crmid:3839989486,2020-02-03T10:40:06.000Z,kiosk,prd1178,1580985606,1581244806,2020-02-06T10:40:06+00:00,2020-02-09T10:40:06+00:00,Blue Reef Resort: Colorado Springs,Blue Reef Resort,Colorado Springs,standard,1,1,0,3,101.3,303.9
orderid:553869,SZO-OUMU,orderid:553869,crmid:9051166529,2020-01-27T19:34:38.000Z,website,prd1131,1582227278,1583436878,2020-02-20T19:34:38+00:00,2020-03-05T19:34:38+00:00,Hospitality Inn: Sheffield,Hospitality Inn,Sheffield,standard,1,1,4,14,87.74,1228.36
orderid:547817,IPH-DKIN,orderid:547817,crmid:4876188681,2020-01-05T05:31:18.000Z,website,prd1112,1580275878,1580535078,2020-01-29T05:31:18+00:00,2020-02-01T05:31:18+00:00,Aspen Heights: Birmingham,Aspen Heights,Birmingham,premium,1,1,0,3,161.67,485.01
orderid:165246,KPP-09YJ,orderid:165246,crmid:4547192451,2019-12-31T05:10:04.000Z,kiosk,prd1191,1578028204,1578201004,2020-01-03T05:10:04+00:00,2020-01-05T05:10:04+00:00,Hospitality Inn: Mumbai,Hospitality Inn,Mumbai,standard,1,1,0,2,142.13,284.26
orderid:835545,L2R-NNHO,orderid:835545,crmid:5627711992,2020-01-20T19:39:59.000Z,website,prd1145,1580326799,1581104399,2020-01-29T19:39:59+00:00,2020-02-07T19:39:59+00:00,Grandeur Hotels: Dallas,Grandeur Hotels,Dallas,standard,1,1,0,9,149.45,1345.05
orderid:917246,WBF-LAG1,orderid:917246,crmid:3929275335,2020-02-02T12:53:19.000Z,website,prd1029,1580734399,1580907199,2020-02-03T12:53:19+00:00,2020-02-05T12:53:19+00:00,Sapphire Suites: Oklahoma City,Sapphire Suites,Oklahoma City,standard,1,1,0,2,170.63,341.26
orderid:359043,KDQ-6TRH,orderid:359043,crmid:6654211039,2020-02-02T08:13:32.000Z,call center,prd1143,1582704812,1582791212,2020-02-26T08:13:32+00:00,2020-02-27T08:13:32+00:00,Hospitality Inn: San Antonio,Hospitality Inn,San Antonio,standard,1,1,0,1,170.25,170.25
orderid:910639,PAP-JOCV,orderid:910639,crmid:2529225261,2019-12-01T13:45:26.000Z,call center,prd1185,1575294326,1575553526,2019-12-02T13:45:26+00:00,2019-12-05T13:45:26+00:00,Sapphire Suites: New Orleans,Sapphire Suites,New Orleans,premium,1,1,0,3,112.11,336.33
orderid:462702,YWV-UBUW,orderid:462702,crmid:5566136330,2019-12-22T04:26:17.000Z,mobile,prd1056,1577420777,1578371177,2019-12-27T04:26:17+00:00,2020-01-07T04:26:17+00:00,Repose Resort: Aurora,Repose Resort,Aurora,standard,1,1,2,11,147.51,1622.61
orderid:104362,YR8-57SP,orderid:104362,crmid:2642329231,2020-02-09T20:10:35.000Z,service desk,prd1016,1583179835,1584648635,2020-03-02T20:10:35+00:00,2020-03-19T20:10:35+00:00,Aspen Heights: Columbus,Aspen Heights,Columbus,standard,1,1,0,17,167.21,2842.57
orderid:640923,HBD-QHAO,orderid:640923,crmid:4566971541,2019-12-23T14:00:51.000Z,website,prd1181,1577196051,1577455251,2019-12-24T14:00:51+00:00,2019-12-27T14:00:51+00:00,Grandeur Hotels: Oakland,Grandeur Hotels,Oakland,standard,1,1,0,3,145.24,435.72
orderid:228522,P5V-C2XM,orderid:228522,crmid:9363728642,2020-01-08T10:25:09.000Z,website,prd1178,1579861509,1580811909,2020-01-24T10:25:09+00:00,2020-02-04T10:25:09+00:00,Blue Reef Resort: Colorado Springs,Blue Reef Resort,Colorado Springs,standard,1,1,0,11,138.26,1520.86
orderid:274095,VO2-FQ9D,orderid:274095,crmid:7981909884,2020-01-29T05:48:07.000Z,call center,prd1082,1582350487,1582782487,2020-02-22T05:48:07+00:00,2020-02-27T05:48:07+00:00,Blue Reef Resort: Surat,Blue Reef Resort,Surat,standard,1,1,0,5,117.97,589.85
orderid:608668,UKE-LM0D,orderid:608668,crmid:9830824909,2020-01-11T16:02:58.000Z,call center,prd1190,1581350578,1581696178,2020-02-10T16:02:58+00:00,2020-02-14T16:02:58+00:00,Blue Reef Resort: Aurora,Blue Reef Resort,Aurora,standard,1,1,0,4,86.23,344.92
orderid:641586,HRY-CXDR,orderid:641586,crmid:7185182966,2020-02-11T23:13:05.000Z,call center,prd1016,1583363585,1584141185,2020-03-04T23:13:05+00:00,2020-03-13T23:13:05+00:00,Aspen Heights: Columbus,Aspen Heights,Columbus,premium,1,1,0,9,102.81,925.29
orderid:276906,CEM-PZKG,orderid:276906,crmid:4021081981,2020-01-05T12:57:50.000Z,mobile,prd1157,1578315470,1578488270,2020-01-06T12:57:50+00:00,2020-01-08T12:57:50+00:00,Grandeur Hotels: Boston,Grandeur Hotels,Boston,standard,1,1,0,2,141.57,283.14
orderid:564360,0V8-SKNW,orderid:564360,crmid:9251536695,2020-02-04T16:53:57.000Z,website,prd1167,1581094437,1581180837,2020-02-07T16:53:57+00:00,2020-02-08T16:53:57+00:00,Hospitality Inn: Milwaukee,Hospitality Inn,Milwaukee,standard,1,1,0,1,178.79,178.79
orderid:315822,MFT-DE7R,orderid:315822,crmid:1170052288,2019-12-02T14:25:32.000Z,mobile,prd1140,1577370332,1577975132,2019-12-26T14:25:32+00:00,2020-01-02T14:25:32+00:00,Repose Resort: Kano,Repose Resort,Kano,standard,1,1,0,7,140.87,986.09
orderid:839868,RXF-OUGZ,orderid:839868,crmid:8802795731,2019-12-22T20:47:59.000Z,service desk,prd1058,1578775679,1579207679,2020-01-11T20:47:59+00:00,2020-01-16T20:47:59+00:00,Blue Reef Resort: Delhi,Blue Reef Resort,Delhi,premium,1,1,0,5,95.8,479.0
orderid:710314,EG7-DEFU,orderid:710314,crmid:6683956102,2019-12-02T22:39:13.000Z,kiosk,prd1039,1575412753,1575585553,2019-12-03T22:39:13+00:00,2019-12-05T22:39:13+00:00,Family Fun Hotels: Kansas City,Family Fun Hotels,Kansas City,standard,1,1,0,2,151.17,302.34
orderid:980518,NCK-HIFX,orderid:980518,crmid:8372596974,2019-12-10T09:55:24.000Z,website,prd1190,1576058124,1576317324,2019-12-11T09:55:24+00:00,2019-12-14T09:55:24+00:00,Blue Reef Resort: Aurora,Blue Reef Resort,Aurora,standard,1,1,0,3,160.56,481.68
orderid:604103,ZNM-MZY4,orderid:604103,crmid:8372596974,2019-12-15T00:00:00.000Z,mobile,prd1004,1576454400,1576713600,2019-12-16T00:00:00+00:00,2019-12-19T00:00:00+00:00,Aspen Heights: Boulder,Aspen Heights,Boulder,standard,1,1,0,3,128.22,384.66
orderid:145328,SBL-PMWH,orderid:145328,crmid:3116847443,2020-01-14T11:48:49.000Z,kiosk,prd1014,1579175329,1579348129,2020-01-16T11:48:49+00:00,2020-01-18T11:48:49+00:00,Restful Nights: Jacksonville,Restful Nights,Jacksonville,standard,1,1,0,2,146.61,293.22
orderid:260153,SFV-XPBT,orderid:260153,crmid:2041809231,2020-02-09T22:20:27.000Z,website,prd1070,1581373227,1581459627,2020-02-10T22:20:27+00:00,2020-02-11T22:20:27+00:00,Blue Reef Resort: Jakarta,Blue Reef Resort,Jakarta,standard,1,1,0,1,164.73,164.73
orderid:290954,I29-KBB2,orderid:290954,crmid:2340434894,2020-01-30T10:19:03.000Z,kiosk,prd1191,1580811543,1582366743,2020-02-04T10:19:03+00:00,2020-02-22T10:19:03+00:00,Hospitality Inn: Mumbai,Hospitality Inn,Mumbai,standard,1,1,2,18,136.51,2457.18
orderid:173965,ZES-QOED,orderid:173965,crmid:2428311182,2020-01-06T02:52:01.000Z,call center,prd1049,1580352721,1581043921,2020-01-30T02:52:01+00:00,2020-02-07T02:52:01+00:00,Grandeur Hotels: Tulsa,Grandeur Hotels,Tulsa,standard,1,1,0,8,149.04,1192.32
orderid:525379,PF5-3FHV,orderid:525379,crmid:6044577385,2020-02-03T11:21:11.000Z,call center,prd1094,1580901671,1580988071,2020-02-05T11:21:11+00:00,2020-02-06T11:21:11+00:00,Blue Reef Resort: Berlin,Blue Reef Resort,Berlin,luxury,1,1,0,1,420.3,420.3
orderid:191643,L3M-Z7WZ,orderid:191643,crmid:6044577385,2020-02-07T00:00:00.000Z,service desk,prd1197,1581120000,1581552000,2020-02-08T00:00:00+00:00,2020-02-13T00:00:00+00:00,Sapphire Suites: London,Sapphire Suites,London,standard,1,1,0,5,79.87,399.35
orderid:869650,PNA-CE0V,orderid:869650,crmid:6044577385,2020-02-14T00:00:00.000Z,website,prd1098,1581897600,1582070400,2020-02-17T00:00:00+00:00,2020-02-19T00:00:00+00:00,Restful Nights: Kiev,Restful Nights,Kiev,standard,1,1,0,2,141.24,282.48
orderid:492515,GTZ-YRDH,orderid:492515,crmid:9629816756,2020-01-08T04:14:31.000Z,website,prd1166,1580357671,1580876071,2020-01-30T04:14:31+00:00,2020-02-05T04:14:31+00:00,Blue Reef Resort: Baltimore,Blue Reef Resort,Baltimore,premium,1,1,3,6,145.65,873.9
orderid:276720,4JP-RHDG,orderid:276720,crmid:3463886796,2019-12-09T09:28:27.000Z,mobile,prd1136,1577784507,1578216507,2019-12-31T09:28:27+00:00,2020-01-05T09:28:27+00:00,Aspen Heights: Osaka,Aspen Heights,Osaka,premium,1,1,4,5,167.06,835.3
orderid:988937,Z6L-QTUF,orderid:988937,crmid:6012861623,2020-01-12T05:04:36.000Z,website,prd1167,1579151076,1579237476,2020-01-16T05:04:36+00:00,2020-01-17T05:04:36+00:00,Hospitality Inn: Milwaukee,Hospitality Inn,Milwaukee,luxury,1,1,0,1,312.02,312.02
orderid:830779,BT2-4LGF,orderid:830779,crmid:9574585239,2019-12-08T08:28:12.000Z,website,prd1044,1575966492,1576052892,2019-12-10T08:28:12+00:00,2019-12-11T08:28:12+00:00,Repose Resort: Colorado Springs,Repose Resort,Colorado Springs,standard,1,1,0,1,197.48,197.48
orderid:470639,CEB-KQ6Q,orderid:470639,crmid:8389457751,2020-01-25T12:14:49.000Z,website,prd1044,1582114489,1582287289,2020-02-19T12:14:49+00:00,2020-02-21T12:14:49+00:00,Repose Resort: Colorado Springs,Repose Resort,Colorado Springs,standard,1,1,0,2,145.73,291.46
orderid:150780,7MH-QTQN,orderid:150780,crmid:8893636463,2020-01-31T17:01:36.000Z,call center,prd1088,1581267696,1582909296,2020-02-09T17:01:36+00:00,2020-02-28T17:01:36+00:00,Aspen Heights: Ankara,Aspen Heights,Ankara,standard,1,1,0,19,117.64,2235.16
orderid:356856,Z8X-6GIR,orderid:356856,crmid:9287737186,2019-12-10T12:09:27.000Z,call center,prd1004,1578398967,1578571767,2020-01-07T12:09:27+00:00,2020-01-09T12:09:27+00:00,Aspen Heights: Boulder,Aspen Heights,Boulder,standard,1,1,0,2,139.98,279.96
orderid:788032,EDB-FSNL,orderid:788032,crmid:6395109628,2020-02-12T04:45:51.000Z,call center,prd1004,1582260351,1582519551,2020-02-21T04:45:51+00:00,2020-02-24T04:45:51+00:00,Aspen Heights: Boulder,Aspen Heights,Boulder,standard,1,1,0,3,157.66,472.98
orderid:832250,RZF-WIKJ,orderid:832250,crmid:4453494097,2020-01-15T08:16:11.000Z,mobile,prd1052,1579162571,1579248971,2020-01-16T08:16:11+00:00,2020-01-17T08:16:11+00:00,Aspen Heights: Wichita,Aspen Heights,Wichita,standard,1,1,0,1,136.86,136.86
orderid:320570,TII-C8MA,orderid:320570,crmid:7471629708,2020-01-25T10:31:44.000Z,website,prd1130,1581676304,1582108304,2020-02-14T10:31:44+00:00,2020-02-19T10:31:44+00:00,Blue Reef Resort: Bremen,Blue Reef Resort,Bremen,premium,1,1,1,5,137.5,687.5
orderid:825004,FJ3-2XDQ,orderid:825004,crmid:6956740070,2019-12-30T09:55:03.000Z,mobile,prd1014,1578304503,1578736503,2020-01-06T09:55:03+00:00,2020-01-11T09:55:03+00:00,Restful Nights: Jacksonville,Restful Nights,Jacksonville,standard,1,1,3,5,103.16,515.8
orderid:442161,RRP-VJAV,orderid:442161,crmid:8625253808,2019-12-31T03:12:36.000Z,mobile,prd1148,1580181156,1580699556,2020-01-28T03:12:36+00:00,2020-02-03T03:12:36+00:00,Aspen Heights: Jacksonville,Aspen Heights,Jacksonville,premium,1,1,0,6,119.79,718.74
orderid:783826,RFP-L7JH,orderid:783826,crmid:8908557217,2019-12-08T11:49:31.000Z,kiosk,prd1034,1577447371,1578052171,2019-12-27T11:49:31+00:00,2020-01-03T11:49:31+00:00,Blue Reef Resort: Albuquerque,Blue Reef Resort,Albuquerque,premium,1,1,0,7,158.44,1109.08
orderid:584928,BYL-NHFS,orderid:584928,crmid:7453995592,2019-12-07T03:16:43.000Z,website,prd1002,1577589403,1578021403,2019-12-29T03:16:43+00:00,2020-01-03T03:16:43+00:00,Restful Nights: Chicago,Restful Nights,Chicago,premium,1,1,0,5,125.54,627.7
orderid:900993,2WE-CKZV,orderid:900993,crmid:1256054632,2019-12-17T15:17:36.000Z,call center,prd1129,1577287056,1577546256,2019-12-25T15:17:36+00:00,2019-12-28T15:17:36+00:00,Admiralty Plaza: Helsinki,Admiralty Plaza,Helsinki,standard,1,1,3,3,101.51,304.53
orderid:869940,UPX-8PV6,orderid:869940,crmid:4999502944,2019-12-08T13:15:39.000Z,website,prd1154,1576329339,1576415739,2019-12-14T13:15:39+00:00,2019-12-15T13:15:39+00:00,Blue Reef Resort: Seattle,Blue Reef Resort,Seattle,standard,1,1,0,1,153.47,153.47
orderid:903662,JAV-NHIO,orderid:903662,crmid:1733517508,2019-12-05T10:04:47.000Z,website,prd1081,1577873087,1578823487,2020-01-01T10:04:47+00:00,2020-01-12T10:04:47+00:00,Admiralty Plaza: Rod de Janeiro,Admiralty Plaza,Rod de Janeiro,standard,1,1,1,11,177.15,1948.65
orderid:627750,Q7I-ZOPM,orderid:627750,crmid:1386128721,2020-01-08T09:37:50.000Z,mobile,prd1016,1578562670,1579081070,2020-01-09T09:37:50+00:00,2020-01-15T09:37:50+00:00,Aspen Heights: Columbus,Aspen Heights,Columbus,standard,1,1,0,6,135.31,811.86
orderid:587849,XMI-OG3Y,orderid:587849,crmid:3329936923,2020-01-16T14:31:14.000Z,kiosk,prd1016,1579530674,1579703474,2020-01-20T14:31:14+00:00,2020-01-22T14:31:14+00:00,Aspen Heights: Columbus,Aspen Heights,Columbus,premium,1,1,0,2,116.78,233.56
orderid:484878,UQT-CDT7,orderid:484878,crmid:3329936923,2020-01-23T00:00:00.000Z,call center,prd1153,1579824000,1579910400,2020-01-24T00:00:00+00:00,2020-01-25T00:00:00+00:00,Admiralty Plaza: Charlotte,Admiralty Plaza,Charlotte,luxury,1,1,0,1,330.42,330.42
orderid:503514,PYM-I4MX,orderid:503514,crmid:9347818370,2020-02-16T04:41:42.000Z,service desk,prd1098,1583556102,1584333702,2020-03-07T04:41:42+00:00,2020-03-16T04:41:42+00:00,Restful Nights: Kiev,Restful Nights,Kiev,standard,1,1,0,9,167.31,1505.79
orderid:359039,TUH-NTLA,orderid:359039,crmid:2503206816,2019-12-07T19:22:29.000Z,kiosk,prd1100,1577992949,1578165749,2020-01-02T19:22:29+00:00,2020-01-04T19:22:29+00:00,Aspen Heights: Misk,Aspen Heights,Misk,standard,1,1,2,2,164.84,329.68
orderid:604098,MFI-KDHP,orderid:604098,crmid:8344107620,2020-02-01T04:57:04.000Z,website,prd1164,1580619424,1580792224,2020-02-02T04:57:04+00:00,2020-02-04T04:57:04+00:00,Repose Resort: Las Vegas,Repose Resort,Las Vegas,premium,1,1,0,2,169.93,339.86
orderid:384660,GXE-V4KO,orderid:384660,crmid:1070253825,2020-01-15T22:38:05.000Z,service desk,prd1095,1579819085,1580510285,2020-01-23T22:38:05+00:00,2020-01-31T22:38:05+00:00,Hospitality Inn: Casablanca,Hospitality Inn,Casablanca,standard,1,1,0,8,157.11,1256.88
orderid:572579,FWH-3H0F,orderid:572579,crmid:6351804331,2020-01-27T04:37:17.000Z,website,prd1022,1582259837,1583901437,2020-02-21T04:37:17+00:00,2020-03-11T04:37:17+00:00,Blue Reef Resort: Washington DC,Blue Reef Resort,Washington DC,standard,1,1,0,19,135.8,2580.2
orderid:389133,TBY-1VS0,orderid:389133,crmid:8774644191,2020-01-09T14:48:30.000Z,kiosk,prd1093,1578667710,1578754110,2020-01-10T14:48:30+00:00,2020-01-11T14:48:30+00:00,Admiralty Plaza: Yokohama,Admiralty Plaza,Yokohama,standard,1,1,0,1,108.52,108.52
orderid:364960,YDG-D21P,orderid:364960,crmid:2155851714,2020-02-04T20:13:09.000Z,website,prd1136,1582834389,1583266389,2020-02-27T20:13:09+00:00,2020-03-03T20:13:09+00:00,Aspen Heights: Osaka,Aspen Heights,Osaka,standard,1,1,0,5,132.7,663.5
orderid:200633,EHQ-3LZW,orderid:200633,crmid:9938757818,2020-02-14T04:29:44.000Z,website,prd1081,1583728184,1583814584,2020-03-09T04:29:44+00:00,2020-03-10T04:29:44+00:00,Admiralty Plaza: Rod de Janeiro,Admiralty Plaza,Rod de Janeiro,premium,1,1,3,1,131.53,131.53
orderid:789864,2N1-FZJV,orderid:789864,crmid:5716272877,2019-12-30T17:15:26.000Z,website,prd1059,1579886126,1580231726,2020-01-24T17:15:26+00:00,2020-01-28T17:15:26+00:00,Hospitality Inn: Kinshasa,Hospitality Inn,Kinshasa,standard,1,1,2,4,113.95,455.8
orderid:910710,YOU-UTV5,orderid:910710,crmid:4767062737,2020-01-15T14:48:52.000Z,call center,prd1190,1579186132,1579704532,2020-01-16T14:48:52+00:00,2020-01-22T14:48:52+00:00,Blue Reef Resort: Aurora,Blue Reef Resort,Aurora,premium,1,1,0,6,170.96,1025.76
orderid:868493,5E3-TADI,orderid:868493,crmid:5011769881,2019-12-09T01:28:35.000Z,website,prd1109,1577928515,1578619715,2020-01-02T01:28:35+00:00,2020-01-10T01:28:35+00:00,Grandeur Hotels: Belgrade,Grandeur Hotels,Belgrade,standard,1,1,4,8,125.13,1001.04
orderid:187495,QQL-IHHY,orderid:187495,crmid:3883486898,2019-12-03T23:56:16.000Z,mobile,prd1118,1575503776,1575762976,2019-12-04T23:56:16+00:00,2019-12-07T23:56:16+00:00,Blue Reef Resort: Cologne,Blue Reef Resort,Cologne,standard,1,1,0,3,113.32,339.96
orderid:991006,EL8-IIAS,orderid:991006,crmid:7207980483,2020-01-29T13:27:13.000Z,call center,prd1111,1581859633,1581946033,2020-02-16T13:27:13+00:00,2020-02-17T13:27:13+00:00,Family Fun Hotels: Prague,Family Fun Hotels,Prague,standard,1,1,0,1,114.76,114.76
orderid:262613,BCY-A0XD,orderid:262613,crmid:2395842810,2019-12-27T06:02:30.000Z,kiosk,prd1167,1577512950,1577685750,2019-12-28T06:02:30+00:00,2019-12-30T06:02:30+00:00,Hospitality Inn: Milwaukee,Hospitality Inn,Milwaukee,standard,1,1,0,2,116.32,232.64
orderid:105520,QAA-ZSU2,orderid:105520,crmid:2068470606,2019-12-03T10:27:09.000Z,kiosk,prd1141,1577528829,1577788029,2019-12-28T10:27:09+00:00,2019-12-31T10:27:09+00:00,Admiralty Plaza: Phoenix,Admiralty Plaza,Phoenix,standard,1,1,0,3,175.58,526.74
orderid:353151,XBC-QTHJ,orderid:353151,crmid:1481649532,2020-01-14T06:39:46.000Z,call center,prd1111,1580366386,1581921586,2020-01-30T06:39:46+00:00,2020-02-17T06:39:46+00:00,Family Fun Hotels: Prague,Family Fun Hotels,Prague,luxury,1,1,0,18,283.95,5111.1
orderid:238812,V71-PA1S,orderid:238812,crmid:3559046373,2019-12-10T17:46:18.000Z,kiosk,prd1160,1578159978,1578419178,2020-01-04T17:46:18+00:00,2020-01-07T17:46:18+00:00,Aspen Heights: Nashville,Aspen Heights,Nashville,premium,1,1,0,3,135.72,407.16
orderid:942881,QEN-UKI0,orderid:942881,crmid:7661118408,2020-01-07T03:28:43.000Z,call center,prd1004,1578454123,1578972523,2020-01-08T03:28:43+00:00,2020-01-14T03:28:43+00:00,Aspen Heights: Boulder,Aspen Heights,Boulder,premium,1,1,0,6,138.42,830.52
orderid:540818,TMP-WFVV,orderid:540818,crmid:7661118408,2020-01-15T00:00:00.000Z,mobile,prd1177,1579219200,1579305600,2020-01-17T00:00:00+00:00,2020-01-18T00:00:00+00:00,Admiralty Plaza: Raleigh,Admiralty Plaza,Raleigh,standard,1,1,0,1,113.58,113.58
orderid:735695,JPP-IW8Z,orderid:735695,crmid:4964729301,2019-12-06T07:57:28.000Z,call center,prd1066,1578211048,1578643048,2020-01-05T07:57:28+00:00,2020-01-10T07:57:28+00:00,Sego Lily Suites: Shanghai,Sego Lily Suites,Shanghai,standard,1,1,0,5,176.77,883.85
orderid:436865,W7F-TSAQ,orderid:436865,crmid:2372100459,2020-01-24T03:16:57.000Z,call center,prd1142,1581304617,1581909417,2020-02-10T03:16:57+00:00,2020-02-17T03:16:57+00:00,Blue Reef Resort: Philadelphia,Blue Reef Resort,Philadelphia,premium,1,1,0,7,153.6,1075.2
orderid:102304,PA5-03RV,orderid:102304,crmid:1104685135,2019-12-01T22:03:01.000Z,website,prd1123,1576533781,1577570581,2019-12-16T22:03:01+00:00,2019-12-28T22:03:01+00:00,Family Fun Hotels: Amsterdam,Family Fun Hotels,Amsterdam,premium,1,1,0,12,168.1,2017.2
orderid:861467,QMM-WUSR,orderid:861467,crmid:5692768129,2019-12-26T09:53:13.000Z,kiosk,prd1181,1577958793,1578217993,2020-01-02T09:53:13+00:00,2020-01-05T09:53:13+00:00,Grandeur Hotels: Oakland,Grandeur Hotels,Oakland,standard,1,1,0,3,188.92,566.76
orderid:848563,OSI-E5DP,orderid:848563,crmid:4112524889,2019-12-31T01:15:20.000Z,kiosk,prd1116,1577841320,1578100520,2020-01-01T01:15:20+00:00,2020-01-04T01:15:20+00:00,Repose Resort: Naples,Repose Resort,Naples,standard,1,1,0,3,140.27,420.81
orderid:425604,TQT-AEK7,orderid:425604,crmid:4147951922,2020-01-05T21:29:44.000Z,kiosk,prd1121,1580333384,1580938184,2020-01-29T21:29:44+00:00,2020-02-05T21:29:44+00:00,Grandeur Hotels: Stockholm,Grandeur Hotels,Stockholm,luxury,1,1,0,7,293.83,2056.81
