id,reservationid,orderid,crmid,timestamp,orderType,productsku,hotelCheckInUnix,hotelCheckOutUnix,hotelCheckInTS,hotelCheckOutTS,hotelName,hotelChain,hotelLocation,hotelRoomType,hotelRoomCount,hotelGuestAdultCount,hotelGuestChildCount,hotelNightCount,hotelRoomPrice,hotelFinalPrice
e2b3bbd2-53c8-11ea-9877-b88a60e194fb,IC1-KLTD,orderid:478331,crmid:2023940279,2019-12-21T22:58:49.000Z,kiosk,prd1079,1577141929,1577487529,2019-12-23T22:58:49+00:00,2019-12-27T22:58:49+00:00,Nesting Box Inn: Chennai,Nesting Box Inn,Chennai,premium,1,1,0,4,117.91,471.64
e2b47f40-53c8-11ea-8021-b88a60e194fb,FES-PZKR,orderid:161544,crmid:2193625388,2019-12-14T05:03:30.000Z,mobile,prd1026,1576818210,1577250210,2019-12-20T05:03:30+00:00,2019-12-25T05:03:30+00:00,Restful Nights: Nashville,Restful Nights,Nashville,luxury,1,1,0,5,280.49,1402.45
e2b56992-53c8-11ea-9067-b88a60e194fb,TQM-BK92,orderid:986216,crmid:8324351583,2019-12-20T12:11:01.000Z,kiosk,prd1047,1579176661,1579867861,2020-01-16T12:11:01+00:00,2020-01-24T12:11:01+00:00,Hospitality Inn: Oakland,Hospitality Inn,Oakland,standard,1,1,0,8,154.07,1232.56
e2b653e2-53c8-11ea-9baa-b88a60e194fb,AP4-Q5JG,orderid:922189,crmid:4709467844,2019-12-06T10:54:07.000Z,call center,prd1117,1576148047,1577616847,2019-12-12T10:54:07+00:00,2019-12-29T10:54:07+00:00,Admiralty Plaza: Dublin,Admiralty Plaza,Dublin,standard,1,1,0,17,129.86,2207.62
e2b71724-53c8-11ea-8a4e-b88a60e194fb,OGT-O4FT,orderid:653873,crmid:2617212414,2019-12-02T15:49:11.000Z,service desk,prd1047,1577548151,1578066551,2019-12-28T15:49:11+00:00,2020-01-03T15:49:11+00:00,Hospitality Inn: Oakland,Hospitality Inn,Oakland,premium,1,1,0,6,113.45,680.7
e2b7da7a-53c8-11ea-99ba-b88a60e194fb,G4V-FKRM,orderid:143059,crmid:7566241636,2020-02-12T16:38:17.000Z,website,prd1113,1582130297,1582821497,2020-02-19T16:38:17+00:00,2020-02-27T16:38:17+00:00,Sapphire Suites: Kazan,Sapphire Suites,Kazan,standard,1,1,4,8,110.77,886.16
e2b89dd8-53c8-11ea-830a-b88a60e194fb,JYA-EEWJ,orderid:571557,crmid:4477089249,2019-12-31T14:54:42.000Z,website,prd1112,1579359282,1579618482,2020-01-18T14:54:42+00:00,2020-01-21T14:54:42+00:00,Aspen Heights: Birmingham,Aspen Heights,Birmingham,standard,1,1,2,3,138.18,414.54
e2b96112-53c8-11ea-965a-b88a60e194fb,YSL-DEBB,orderid:906650,crmid:7693013041,2019-12-20T06:36:14.000Z,website,prd1179,1577169374,1577342174,2019-12-24T06:36:14+00:00,2019-12-26T06:36:14+00:00,Hospitality Inn: Miami,Hospitality Inn,Miami,standard,1,1,0,2,141.24,282.48
e2ba2464-53c8-11ea-88c7-b88a60e194fb,5SU-EKQK,orderid:359178,crmid:1909138834,2019-12-25T01:49:03.000Z,kiosk,prd1023,1577497743,1578016143,2019-12-28T01:49:03+00:00,2020-01-03T01:49:03+00:00,Hospitality Inn: Boston,Hospitality Inn,Boston,luxury,1,1,0,6,345.82,2074.92
e2bac086-53c8-11ea-b248-b88a60e194fb,WVA-XDCT,orderid:166559,crmid:1564560704,2020-02-08T05:48:35.000Z,call center,prd1136,1581227315,1581313715,2020-02-09T05:48:35+00:00,2020-02-10T05:48:35+00:00,Aspen Heights: Osaka,Aspen Heights,Osaka,standard,1,1,0,1,140.13,140.13
e2bb83fa-53c8-11ea-a209-b88a60e194fb,HNQ-C3GL,orderid:882826,crmid:3271724979,2019-12-19T01:30:52.000Z,call center,prd1196,1578965452,1579570252,2020-01-14T01:30:52+00:00,2020-01-21T01:30:52+00:00,Aspen Heights: Moscow,Aspen Heights,Moscow,standard,1,1,3,7,128.6,900.2
e2bc6e74-53c8-11ea-babf-b88a60e194fb,YMU-GOCL,orderid:747910,crmid:8177920886,2020-01-23T01:27:57.000Z,call center,prd1023,1581730077,1583285277,2020-02-15T01:27:57+00:00,2020-03-04T01:27:57+00:00,Hospitality Inn: Boston,Hospitality Inn,Boston,standard,1,1,0,18,128.95,2321.1
e2bd0a94-53c8-11ea-b89a-b88a60e194fb,4VC-ZDLW,orderid:989548,crmid:2570480053,2019-12-13T01:12:05.000Z,mobile,prd1003,1576804325,1577581925,2019-12-20T01:12:05+00:00,2019-12-29T01:12:05+00:00,Family Fun Hotels: Houston,Family Fun Hotels,Houston,standard,1,1,0,9,166.64,1499.76
e2be430c-53c8-11ea-911c-b88a60e194fb,JRJ-GDWK,orderid:827289,crmid:6819260607,2020-02-14T01:47:34.000Z,mobile,prd1013,1582163254,1582336054,2020-02-20T01:47:34+00:00,2020-02-22T01:47:34+00:00,Grandeur Hotels: Austin,Grandeur Hotels,Austin,standard,1,1,0,2,98.06,196.12
e2bedf4c-53c8-11ea-b25b-b88a60e194fb,S9S-7N5F,orderid:591406,crmid:4297472124,2020-01-30T17:02:42.000Z,kiosk,prd1124,1582563762,1583254962,2020-02-24T17:02:42+00:00,2020-03-03T17:02:42+00:00,Aspen Heights: Leeds,Aspen Heights,Leeds,standard,1,1,0,8,136.89,1095.12
e2bfa292-53c8-11ea-99aa-b88a60e194fb,MIG-IVSL,orderid:186885,crmid:8249390070,2019-12-21T04:12:33.000Z,kiosk,prd1016,1579147953,1580184753,2020-01-16T04:12:33+00:00,2020-01-28T04:12:33+00:00,Aspen Heights: Columbus,Aspen Heights,Columbus,standard,1,1,0,12,165.68,1988.16
e2c03ede-53c8-11ea-b03b-b88a60e194fb,SLD-Y3XC,orderid:135715,crmid:3064317170,2020-01-16T03:11:59.000Z,kiosk,prd1172,1579230719,1579403519,2020-01-17T03:11:59+00:00,2020-01-19T03:11:59+00:00,Aspen Heights: Mesa,Aspen Heights,Mesa,presidential-suite,1,1,0,2,825.73,1651.46
e2c12936-53c8-11ea-a804-b88a60e194fb,8BK-FC5Y,orderid:498013,crmid:6489653842,2019-12-15T17:44:42.000Z,website,prd1070,1576604682,1576691082,2019-12-17T17:44:42+00:00,2019-12-18T17:44:42+00:00,Blue Reef Resort: Jakarta,Blue Reef Resort,Jakarta,premium,1,1,0,1,144.48,144.48
e2c1506e-53c8-11ea-be54-b88a60e194fb,J4I-NFJT,orderid:752706,crmid:6489653842,2019-12-19T00:00:00.000Z,service desk,prd1022,1576886400,1576972800,2019-12-21T00:00:00+00:00,2019-12-22T00:00:00+00:00,Blue Reef Resort: Washington DC,Blue Reef Resort,Washington DC,standard,1,1,0,1,145.17,145.17
e2c2138a-53c8-11ea-882c-b88a60e194fb,QHE-GX9K,orderid:136007,crmid:6257913837,2020-02-01T20:54:46.000Z,call center,prd1010,1580936086,1581454486,2020-02-05T20:54:46+00:00,2020-02-11T20:54:46+00:00,Blue Reef Resort: San Diego,Blue Reef Resort,San Diego,premium,1,1,3,6,165.03,990.18
e2c2fdfe-53c8-11ea-a333-b88a60e194fb,QA2-NIEJ,orderid:301401,crmid:9770433321,2019-12-25T06:41:30.000Z,website,prd1022,1578984090,1579502490,2020-01-14T06:41:30+00:00,2020-01-20T06:41:30+00:00,Blue Reef Resort: Washington DC,Blue Reef Resort,Washington DC,standard,1,1,0,6,163.73,982.38
e2c3c170-53c8-11ea-9365-b88a60e194fb,HR6-LO43,orderid:497190,crmid:8406152988,2020-02-04T18:59:16.000Z,kiosk,prd1020,1581274756,1582225156,2020-02-09T18:59:16+00:00,2020-02-20T18:59:16+00:00,Repose Resort: Seattle,Repose Resort,Seattle,premium,1,1,2,11,175.35,1928.85
e2c4848a-53c8-11ea-80c3-b88a60e194fb,JLU-DRVF,orderid:497948,crmid:4667435575,2020-02-04T05:27:00.000Z,website,prd1178,1580966820,1581226020,2020-02-06T05:27:00+00:00,2020-02-09T05:27:00+00:00,Blue Reef Resort: Colorado Springs,Blue Reef Resort,Colorado Springs,premium,1,1,0,3,143.27,429.81
e2c520e4-53c8-11ea-97bb-b88a60e194fb,VOU-FNR1,orderid:198264,crmid:1556023355,2020-02-13T03:31:32.000Z,mobile,prd1034,1583811092,1584415892,2020-03-10T03:31:32+00:00,2020-03-17T03:31:32+00:00,Blue Reef Resort: Albuquerque,Blue Reef Resort,Albuquerque,standard,1,1,0,7,173.64,1215.48
e2c60b62-53c8-11ea-b55e-b88a60e194fb,HKW-WWYP,orderid:684951,crmid:7410301778,2019-12-12T23:41:50.000Z,kiosk,prd1143,1577922110,1578440510,2020-01-01T23:41:50+00:00,2020-01-07T23:41:50+00:00,Hospitality Inn: San Antonio,Hospitality Inn,San Antonio,standard,1,1,0,6,142.59,855.54
e2c6ce94-53c8-11ea-b208-b88a60e194fb,KKK-V3RR,orderid:591261,crmid:8867934235,2020-01-30T15:18:53.000Z,mobile,prd1045,1581520733,1582211933,2020-02-12T15:18:53+00:00,2020-02-20T15:18:53+00:00,Admiralty Plaza: Miami,Admiralty Plaza,Miami,luxury,1,1,0,8,253.54,2028.32
e2c7b8e8-53c8-11ea-aeea-b88a60e194fb,YQO-JECD,orderid:603726,crmid:3542090170,2020-01-27T05:05:21.000Z,website,prd1057,1582002321,1582779921,2020-02-18T05:05:21+00:00,2020-02-27T05:05:21+00:00,Admiralty Plaza: Mumbai,Admiralty Plaza,Mumbai,standard,1,1,0,9,138.81,1249.29
e2c8551e-53c8-11ea-a2fb-b88a60e194fb,K6R-POV4,orderid:859748,crmid:9329637238,2020-02-13T10:48:33.000Z,call center,prd1010,1582886913,1583491713,2020-02-28T10:48:33+00:00,2020-03-06T10:48:33+00:00,Blue Reef Resort: San Diego,Blue Reef Resort,San Diego,standard,1,1,0,7,113.73,796.11
e2c93f90-53c8-11ea-ad40-b88a60e194fb,0RN-7CVA,orderid:537237,crmid:4958517508,2020-01-26T06:27:24.000Z,kiosk,prd1124,1581056844,1581402444,2020-02-07T06:27:24+00:00,2020-02-11T06:27:24+00:00,Aspen Heights: Leeds,Aspen Heights,Leeds,standard,1,1,0,4,153.15,612.6
e2ca02de-53c8-11ea-b2d0-b88a60e194fb,AUH-BV9T,orderid:142546,crmid:9770131310,2020-01-04T15:34:28.000Z,kiosk,prd1058,1579102468,1579534468,2020-01-15T15:34:28+00:00,2020-01-20T15:34:28+00:00,Blue Reef Resort: Delhi,Blue Reef Resort,Delhi,standard,1,1,0,5,122.39,611.95
e2cac622-53c8-11ea-8b17-b88a60e194fb,NRD-Y56E,orderid:818097,crmid:9412836178,2019-12-02T09:44:26.000Z,kiosk,prd1067,1575625466,1577094266,2019-12-06T09:44:26+00:00,2019-12-23T09:44:26+00:00,Nesting Box Inn: Istanbul,Nesting Box Inn,Istanbul,premium,1,1,0,17,142.62,2424.54
e2cb8998-53c8-11ea-8a12-b88a60e194fb,XHT-DSMH,orderid:287272,crmid:8796195397,2020-02-03T17:11:33.000Z,call center,prd1079,1582650693,1583255493,2020-02-25T17:11:33+00:00,2020-03-03T17:11:33+00:00,Nesting Box Inn: Chennai,Nesting Box Inn,Chennai,premium,1,1,0,7,146.0,1022.0
e2cc4c30-53c8-11ea-b0b5-b88a60e194fb,ZIX-JGOF,orderid:753117,crmid:7911464891,2020-01-30T13:32:54.000Z,website,prd1091,1580477574,1580563974,2020-01-31T13:32:54+00:00,2020-02-01T13:32:54+00:00,Nesting Box Inn: New Taipei,Nesting Box Inn,New Taipei,standard,1,1,0,1,106.62,106.62
e2cc7434-53c8-11ea-9f98-b88a60e194fb,EHD-7THE,orderid:175529,crmid:7911464891,2020-02-03T00:00:00.000Z,website,prd1155,1580774400,1580947200,2020-02-04T00:00:00+00:00,2020-02-06T00:00:00+00:00,Hospitality Inn: Denver,Hospitality Inn,Denver,standard,1,1,0,2,140.67,281.34
e2cd372e-53c8-11ea-a915-b88a60e194fb,UXQ-BND8,orderid:610904,crmid:5553717131,2020-01-26T05:27:38.000Z,call center,prd1026,1580102858,1580534858,2020-01-27T05:27:38+00:00,2020-02-01T05:27:38+00:00,Restful Nights: Nashville,Restful Nights,Nashville,premium,1,1,0,5,114.12,570.6
e2cdd378-53c8-11ea-b62f-b88a60e194fb,BYF-P6K5,orderid:922158,crmid:3315513736,2019-12-11T23:44:13.000Z,service desk,prd1057,1577922253,1578527053,2020-01-01T23:44:13+00:00,2020-01-08T23:44:13+00:00,Admiralty Plaza: Mumbai,Admiralty Plaza,Mumbai,standard,1,1,0,7,166.81,1167.67
e2cebdd0-53c8-11ea-816d-b88a60e194fb,WML-GEMR,orderid:269478,crmid:1249743749,2020-01-04T23:15:35.000Z,kiosk,prd1059,1578438935,1578525335,2020-01-07T23:15:35+00:00,2020-01-08T23:15:35+00:00,Hospitality Inn: Kinshasa,Hospitality Inn,Kinshasa,standard,1,1,0,1,161.66,161.66
e2cfa86e-53c8-11ea-b251-b88a60e194fb,NMQ-RAMA,orderid:739892,crmid:8913855141,2019-12-25T05:18:28.000Z,kiosk,prd1136,1579497508,1580188708,2020-01-20T05:18:28+00:00,2020-01-28T05:18:28+00:00,Aspen Heights: Osaka,Aspen Heights,Osaka,standard,1,1,0,8,155.71,1245.68
e2d06ba8-53c8-11ea-8d89-b88a60e194fb,3FV-U7DK,orderid:933102,crmid:1367429551,2020-02-16T21:43:44.000Z,service desk,prd1170,1582235024,1582321424,2020-02-20T21:43:44+00:00,2020-02-21T21:43:44+00:00,Restful Nights: Fresno,Restful Nights,Fresno,premium,1,1,0,1,112.04,112.04
e2d1555a-53c8-11ea-b395-b88a60e194fb,2AB-FOPU,orderid:757789,crmid:1390212509,2019-12-27T18:52:46.000Z,mobile,prd1153,1579891966,1580496766,2020-01-24T18:52:46+00:00,2020-01-31T18:52:46+00:00,Admiralty Plaza: Charlotte,Admiralty Plaza,Charlotte,premium,1,1,1,7,141.61,991.27
e2d265ec-53c8-11ea-a992-b88a60e194fb,UAW-LYFW,orderid:295962,crmid:8127126426,2020-01-04T11:16:13.000Z,call center,prd1035,1580037373,1581419773,2020-01-26T11:16:13+00:00,2020-02-11T11:16:13+00:00,Hospitality Inn: Tucson,Hospitality Inn,Tucson,standard,1,1,0,16,133.22,2131.52
e2d378d8-53c8-11ea-aae2-b88a60e194fb,5Y2-E6OL,orderid:245972,crmid:1774637434,2020-01-28T22:27:22.000Z,mobile,prd1126,1582756042,1583188042,2020-02-26T22:27:22+00:00,2020-03-02T22:27:22+00:00,Sego Lily Suites: Genova,Sego Lily Suites,Genova,standard,1,1,0,5,198.19,990.95
e2d4640a-53c8-11ea-a59f-b88a60e194fb,UB7-7PTL,orderid:202180,crmid:2131692525,2020-02-08T23:02:29.000Z,website,prd1076,1583190149,1583794949,2020-03-02T23:02:29+00:00,2020-03-09T23:02:29+00:00,Aspen Heights: Bogota,Aspen Heights,Bogota,standard,1,1,0,7,167.45,1172.15
e2d52674-53c8-11ea-babd-b88a60e194fb,O7X-1V3Z,orderid:913812,crmid:9548075200,2020-01-17T07:37:19.000Z,call center,prd1160,1581838639,1582616239,2020-02-16T07:37:19+00:00,2020-02-25T07:37:19+00:00,Aspen Heights: Nashville,Aspen Heights,Nashville,standard,1,1,1,9,107.34,966.06
e2d610ec-53c8-11ea-b5b1-b88a60e194fb,ZAC-TRBE,orderid:430761,crmid:6529146275,2020-02-08T06:38:32.000Z,service desk,prd1143,1583390312,1584599912,2020-03-05T06:38:32+00:00,2020-03-19T06:38:32+00:00,Hospitality Inn: San Antonio,Hospitality Inn,San Antonio,standard,1,1,1,14,133.51,1869.14
e2d6fb4a-53c8-11ea-94a0-b88a60e194fb,OYD-DV9E,orderid:103332,crmid:5435150860,2020-02-10T13:43:11.000Z,mobile,prd1095,1583070191,1583588591,2020-03-01T13:43:11+00:00,2020-03-07T13:43:11+00:00,Hospitality Inn: Casablanca,Hospitality Inn,Casablanca,standard,1,1,0,6,144.31,865.86
e2d80cf6-53c8-11ea-90a5-b88a60e194fb,8UV-5HAH,orderid:728336,crmid:8070169106,2019-12-18T02:54:30.000Z,call center,prd1106,1577501670,1578020070,2019-12-28T02:54:30+00:00,2020-01-03T02:54:30+00:00,Blue Reef Resort: Munich,Blue Reef Resort,Munich,standard,1,1,0,6,171.97,1031.82
e2d91e0c-53c8-11ea-9e76-b88a60e194fb,9KL-VVRM,orderid:485160,crmid:7308222118,2020-01-23T21:57:47.000Z,call center,prd1094,1581803867,1582408667,2020-02-15T21:57:47+00:00,2020-02-22T21:57:47+00:00,Blue Reef Resort: Berlin,Blue Reef Resort,Berlin,standard,1,1,4,7,129.65,907.55
e2da0878-53c8-11ea-a960-b88a60e194fb,EOX-TTY2,orderid:225926,crmid:1246966323,2019-12-15T07:15:24.000Z,website,prd1007,1578986124,1580022924,2020-01-14T07:15:24+00:00,2020-01-26T07:15:24+00:00,Nesting Box Inn: Phoenix,Nesting Box Inn,Phoenix,standard,1,1,0,12,149.85,1798.2
e2daf2d2-53c8-11ea-845b-b88a60e194fb,SIT-X68X,orderid:921531,crmid:3319766711,2020-01-06T16:32:26.000Z,kiosk,prd1145,1580574746,1580661146,2020-02-01T16:32:26+00:00,2020-02-02T16:32:26+00:00,Grandeur Hotels: Dallas,Grandeur Hotels,Dallas,standard,1,1,0,1,193.44,193.44
e2dbdd1e-53c8-11ea-b697-b88a60e194fb,SOP-C620,orderid:178328,crmid:9269773877,2019-12-13T16:03:19.000Z,kiosk,prd1106,1578240199,1578672199,2020-01-05T16:03:19+00:00,2020-01-10T16:03:19+00:00,Blue Reef Resort: Munich,Blue Reef Resort,Munich,luxury,1,1,0,5,354.69,1773.45
e2dca098-53c8-11ea-86b1-b88a60e194fb,ICM-4RW3,orderid:988459,crmid:6328509683,2019-12-02T03:16:50.000Z,kiosk,prd1004,1575343010,1575429410,2019-12-03T03:16:50+00:00,2019-12-04T03:16:50+00:00,Aspen Heights: Boulder,Aspen Heights,Boulder,luxury,1,1,0,1,301.8,301.8
e2dcc794-53c8-11ea-b46c-b88a60e194fb,CCO-TSYK,orderid:765844,crmid:6328509683,2019-12-06T00:00:00.000Z,call center,prd1082,1575676800,1575849600,2019-12-07T00:00:00+00:00,2019-12-09T00:00:00+00:00,Blue Reef Resort: Surat,Blue Reef Resort,Surat,standard,1,1,0,2,100.75,201.5
e2ddb1f0-53c8-11ea-bdde-b88a60e194fb,WPA-FQ4O,orderid:903775,crmid:4394022035,2020-02-11T07:43:55.000Z,website,prd1170,1581493435,1581925435,2020-02-12T07:43:55+00:00,2020-02-17T07:43:55+00:00,Restful Nights: Fresno,Restful Nights,Fresno,premium,1,1,0,5,120.18,600.9
e2de9b94-53c8-11ea-bd5b-b88a60e194fb,W4B-XFRV,orderid:602886,crmid:2927600164,2020-02-13T22:57:59.000Z,website,prd1153,1583276279,1583708279,2020-03-03T22:57:59+00:00,2020-03-08T22:57:59+00:00,Admiralty Plaza: Charlotte,Admiralty Plaza,Charlotte,premium,1,1,0,5,136.19,680.95
e2dfadd4-53c8-11ea-8f8b-b88a60e194fb,984-GZDH,orderid:329643,crmid:3581667074,2020-01-25T02:37:28.000Z,kiosk,prd1164,1580006248,1580179048,2020-01-26T02:37:28+00:00,2020-01-28T02:37:28+00:00,Repose Resort: Las Vegas,Repose Resort,Las Vegas,standard,1,1,0,2,101.1,202.2
e2e07140-53c8-11ea-9d89-b88a60e194fb,DZ1-RTCV,orderid:117420,crmid:4342952802,2019-12-13T10:16:33.000Z,call center,prd1111,1576577793,1576750593,2019-12-17T10:16:33+00:00,2019-12-19T10:16:33+00:00,Family Fun Hotels: Prague,Family Fun Hotels,Prague,standard,1,1,0,2,176.69,353.38
e2e15b80-53c8-11ea-8934-b88a60e194fb,88T-3YZO,orderid:141658,crmid:5194254509,2019-12-02T00:16:48.000Z,mobile,prd1131,1575591408,1575677808,2019-12-06T00:16:48+00:00,2019-12-07T00:16:48+00:00,Hospitality Inn: Sheffield,Hospitality Inn,Sheffield,standard,1,1,0,1,141.24,141.24
e2e293fa-53c8-11ea-b133-b88a60e194fb,G0F-V2OD,orderid:118328,crmid:5800469575,2019-12-14T16:51:07.000Z,kiosk,prd1194,1577811067,1579452667,2019-12-31T16:51:07+00:00,2020-01-19T16:51:07+00:00,Restful Nights: Tianjin,Restful Nights,Tianjin,standard,1,1,0,19,136.51,2593.69
e2e37e76-53c8-11ea-8c04-b88a60e194fb,MMW-75DH,orderid:232590,crmid:2681388747,2019-12-31T22:53:02.000Z,call center,prd1022,1578610382,1579301582,2020-01-09T22:53:02+00:00,2020-01-17T22:53:02+00:00,Blue Reef Resort: Washington DC,Blue Reef Resort,Washington DC,premium,1,1,0,8,148.58,1188.64
e2e468b4-53c8-11ea-8156-b88a60e194fb,RK1-KFCB,orderid:867645,crmid:2188633316,2019-12-10T23:15:08.000Z,mobile,prd1177,1576538108,1576883708,2019-12-16T23:15:08+00:00,2019-12-20T23:15:08+00:00,Admiralty Plaza: Raleigh,Admiralty Plaza,Raleigh,standard,1,1,0,4,144.26,577.04
e2e55346-53c8-11ea-b0e2-b88a60e194fb,E9A-PHUX,orderid:648750,crmid:4182518678,2020-01-28T22:22:25.000Z,website,prd1058,1580336545,1580768545,2020-01-29T22:22:25+00:00,2020-02-03T22:22:25+00:00,Blue Reef Resort: Delhi,Blue Reef Resort,Delhi,premium,1,1,0,5,174.13,870.65
e2e63c1a-53c8-11ea-bf6c-b88a60e194fb,459-LOQ2,orderid:539081,crmid:3421445155,2019-12-27T00:09:12.000Z,kiosk,prd1005,1579565352,1580515752,2020-01-21T00:09:12+00:00,2020-02-01T00:09:12+00:00,Sapphire Suites: Los Angeles,Sapphire Suites,Los Angeles,standard,1,1,0,11,123.12,1354.32
e2e700e2-53c8-11ea-9f25-b88a60e194fb,OOT-TS58,orderid:989108,crmid:9570682180,2020-02-12T06:38:58.000Z,website,prd1105,1583303938,1583649538,2020-03-04T06:38:58+00:00,2020-03-08T06:38:58+00:00,Admiralty Plaza: Barcelona,Admiralty Plaza,Barcelona,standard,1,1,0,4,114.61,458.44
e2e7eb26-53c8-11ea-8c90-b88a60e194fb,NUC-4SNW,orderid:722152,crmid:8247593691,2020-02-13T10:33:49.000Z,call center,prd1109,1583318029,1583922829,2020-03-04T10:33:49+00:00,2020-03-11T10:33:49+00:00,Grandeur Hotels: Belgrade,Grandeur Hotels,Belgrade,standard,1,1,4,7,147.83,1034.81
e2e8d4f8-53c8-11ea-bbe3-b88a60e194fb,6ES-A9PK,orderid:395322,crmid:3384335006,2019-12-13T08:37:19.000Z,website,prd1021,1578127039,1578559039,2020-01-04T08:37:19+00:00,2020-01-09T08:37:19+00:00,Admiralty Plaza: Denver,Admiralty Plaza,Denver,standard,1,1,0,5,135.46,677.3
e2e9bfe6-53c8-11ea-bbc7-b88a60e194fb,HPH-OO5N,orderid:440115,crmid:1431742457,2020-02-06T22:25:16.000Z,service desk,prd1189,1582410316,1582842316,2020-02-22T22:25:16+00:00,2020-02-27T22:25:16+00:00,Admiralty Plaza: Bakersfield,Admiralty Plaza,Bakersfield,premium,1,1,0,5,143.25,716.25
e2ea81de-53c8-11ea-98b2-b88a60e194fb,PEN-U2U6,orderid:161285,crmid:7579288605,2019-12-02T21:14:34.000Z,kiosk,prd1053,1576876474,1577481274,2019-12-20T21:14:34+00:00,2019-12-27T21:14:34+00:00,Sapphire Suites: Cleveland,Sapphire Suites,Cleveland,standard,1,1,3,7,193.56,1354.92
e2edb6a4-53c8-11ea-b30c-b88a60e194fb,LLU-IJVH,orderid:159755,crmid:4918619302,2019-12-13T21:00:08.000Z,kiosk,prd1148,1576357208,1576616408,2019-12-14T21:00:08+00:00,2019-12-17T21:00:08+00:00,Aspen Heights: Jacksonville,Aspen Heights,Jacksonville,standard,1,1,0,3,147.06,441.18
e2eea1e4-53c8-11ea-9517-b88a60e194fb,VAL-NUIF,orderid:907461,crmid:4208873552,2020-02-10T23:11:03.000Z,kiosk,prd1010,1583277063,1584227463,2020-03-03T23:11:03+00:00,2020-03-14T23:11:03+00:00,Blue Reef Resort: San Diego,Blue Reef Resort,San Diego,standard,1,1,3,11,169.77,1867.47
e2ef8c4a-53c8-11ea-b83d-b88a60e194fb,4DC-UXJG,orderid:317953,crmid:4550476733,2020-01-01T12:54:03.000Z,website,prd1009,1577969643,1578056043,2020-01-02T12:54:03+00:00,2020-01-03T12:54:03+00:00,Admiralty Plaza: San Antonio,Admiralty Plaza,San Antonio,standard,1,1,0,1,166.39,166.39
e2f076b6-53c8-11ea-b6c3-b88a60e194fb,OPJ-VZ6K,orderid:103280,crmid:8983085925,2019-12-10T13:33:18.000Z,kiosk,prd1117,1576071198,1576416798,2019-12-11T13:33:18+00:00,2019-12-15T13:33:18+00:00,Admiralty Plaza: Dublin,Admiralty Plaza,Dublin,premium,1,1,0,4,201.05,804.2
e2f1610a-53c8-11ea-9f01-b88a60e194fb,8T5-WO6G,orderid:357629,crmid:6874086604,2019-12-17T02:13:27.000Z,website,prd1118,1578363207,1579054407,2020-01-07T02:13:27+00:00,2020-01-15T02:13:27+00:00,Blue Reef Resort: Cologne,Blue Reef Resort,Cologne,luxury,1,1,0,8,365.91,2927.28
e2f24b6c-53c8-11ea-859e-b88a60e194fb,6SR-8EU8,orderid:770447,crmid:1048592163,2020-02-01T08:05:14.000Z,call center,prd1009,1582617914,1583136314,2020-02-25T08:05:14+00:00,2020-03-02T08:05:14+00:00,Admiralty Plaza: San Antonio,Admiralty Plaza,San Antonio,premium,1,1,1,6,101.18,607.08
e2f335d8-53c8-11ea-9ec0-b88a60e194fb,BG6-SNCZ,orderid:615494,crmid:8468436623,2020-01-22T13:38:38.000Z,kiosk,prd1076,1581428318,1582810718,2020-02-11T13:38:38+00:00,2020-02-27T13:38:38+00:00,Aspen Heights: Bogota,Aspen Heights,Bogota,luxury,1,1,0,16,322.96,5167.36
e2f3f946-53c8-11ea-9b76-b88a60e194fb,OBL-SHQR,orderid:139172,crmid:4861902681,2019-12-07T03:50:56.000Z,call center,prd1109,1575777056,1576036256,2019-12-08T03:50:56+00:00,2019-12-11T03:50:56+00:00,Grandeur Hotels: Belgrade,Grandeur Hotels,Belgrade,luxury,1,1,0,3,418.47,1255.41
e2f3f947-53c8-11ea-8ea9-b88a60e194fb,SV5-F6PG,orderid:316048,crmid:4861902681,2019-12-13T00:00:00.000Z,website,prd1106,1576454400,1576972800,2019-12-16T00:00:00+00:00,2019-12-22T00:00:00+00:00,Blue Reef Resort: Munich,Blue Reef Resort,Munich,standard,1,1,0,6,149.09,894.54
e2f4e378-53c8-11ea-9434-b88a60e194fb,K8O-CFPJ,orderid:473215,crmid:1812884750,2020-01-14T01:55:31.000Z,call center,prd1106,1580867731,1581386131,2020-02-05T01:55:31+00:00,2020-02-11T01:55:31+00:00,Blue Reef Resort: Munich,Blue Reef Resort,Munich,standard,1,1,3,6,149.11,894.66
e2f5cdd2-53c8-11ea-b2bb-b88a60e194fb,Z3Z-FE7N,orderid:568336,crmid:8098509918,2020-01-04T22:00:37.000Z,mobile,prd1094,1579903237,1580421637,2020-01-24T22:00:37+00:00,2020-01-30T22:00:37+00:00,Blue Reef Resort: Berlin,Blue Reef Resort,Berlin,standard,1,1,0,6,152.17,913.02
e2f6b814-53c8-11ea-acd3-b88a60e194fb,XSJ-QIRB,orderid:648922,crmid:9188144101,2020-01-26T18:35:33.000Z,website,prd1040,1582050933,1582569333,2020-02-18T18:35:33+00:00,2020-02-24T18:35:33+00:00,Aspen Heights: Atlanta,Aspen Heights,Atlanta,premium,1,1,0,6,99.99,599.94
e2f81682-53c8-11ea-b4df-b88a60e194fb,LVP-RTSC,orderid:955340,crmid:4237543949,2020-01-20T05:49:31.000Z,website,prd1158,1580190571,1581054571,2020-01-28T05:49:31+00:00,2020-02-07T05:49:31+00:00,Restful Nights: El Paso,Restful Nights,El Paso,premium,1,1,0,10,142.53,1425.3
e2f9c580-53c8-11ea-b8d6-b88a60e194fb,6AT-V791,orderid:584440,crmid:3281668547,2020-01-17T14:10:36.000Z,service desk,prd1031,1581171036,1582207836,2020-02-08T14:10:36+00:00,2020-02-20T14:10:36+00:00,Nesting Box Inn: Louisville,Nesting Box Inn,Louisville,standard,1,1,0,12,157.24,1886.88
e2fafdbe-53c8-11ea-848e-b88a60e194fb,HSY-NOSG,orderid:710147,crmid:1877035925,2020-02-16T11:45:03.000Z,website,prd1057,1584013503,1584186303,2020-03-12T11:45:03+00:00,2020-03-14T11:45:03+00:00,Admiralty Plaza: Mumbai,Admiralty Plaza,Mumbai,premium,1,1,0,2,116.68,233.36
e2fbe7ac-53c8-11ea-9977-b88a60e194fb,YES-TJ9X,orderid:127686,crmid:1012682136,2020-01-27T20:55:26.000Z,service desk,prd1050,1582750526,1583182526,2020-02-26T20:55:26+00:00,2020-03-02T20:55:26+00:00,Restful Nights: Arlington,Restful Nights,Arlington,standard,1,1,0,5,146.78,733.9
e2fcd2ba-53c8-11ea-9839-b88a60e194fb,Z50-7WJP,orderid:963490,crmid:8175221879,2020-01-06T10:10:37.000Z,call center,prd1014,1578564637,1579083037,2020-01-09T10:10:37+00:00,2020-01-15T10:10:37+00:00,Restful Nights: Jacksonville,Restful Nights,Jacksonville,standard,1,1,0,6,155.82,934.92
e2fdbd18-53c8-11ea-9f00-b88a60e194fb,Q0V-JYX3,orderid:911802,crmid:3008678817,2020-02-12T05:48:41.000Z,website,prd1010,1581572921,1581659321,2020-02-13T05:48:41+00:00,2020-02-14T05:48:41+00:00,Blue Reef Resort: San Diego,Blue Reef Resort,San Diego,premium,1,1,0,1,148.2,148.2
e2fea77a-53c8-11ea-96d0-b88a60e194fb,B8V-KK3P,orderid:807696,crmid:8807704291,2019-12-20T13:17:47.000Z,call center,prd1039,1579439867,1580995067,2020-01-19T13:17:47+00:00,2020-02-06T13:17:47+00:00,Family Fun Hotels: Kansas City,Family Fun Hotels,Kansas City,premium,1,1,0,18,183.32,3299.76
e2ffb8e8-53c8-11ea-985a-b88a60e194fb,RFH-YJPM,orderid:889854,crmid:7672378194,2019-12-03T15:45:23.000Z,website,prd1163,1577893523,1578498323,2020-01-01T15:45:23+00:00,2020-01-08T15:45:23+00:00,Nesting Box Inn: Oklahoma City,Nesting Box Inn,Oklahoma City,standard,1,1,0,7,153.59,1075.13
e3007c1a-53c8-11ea-9c18-b88a60e194fb,EG3-QGPN,orderid:561268,crmid:7828341995,2020-02-11T12:17:05.000Z,mobile,prd1031,1583410625,1584188225,2020-03-05T12:17:05+00:00,2020-03-14T12:17:05+00:00,Nesting Box Inn: Louisville,Nesting Box Inn,Louisville,luxury,1,1,0,9,323.82,2914.38
e3018dbe-53c8-11ea-a578-b88a60e194fb,UCB-K8KQ,orderid:717254,crmid:6402828217,2020-01-03T11:19:36.000Z,kiosk,prd1013,1578136776,1578223176,2020-01-04T11:19:36+00:00,2020-01-05T11:19:36+00:00,Grandeur Hotels: Austin,Grandeur Hotels,Austin,standard,1,1,0,1,156.01,156.01
e3029f40-53c8-11ea-a54d-b88a60e194fb,VAW-XDZZ,orderid:189204,crmid:2734178023,2019-12-15T04:33:42.000Z,website,prd1011,1578803622,1579754022,2020-01-12T04:33:42+00:00,2020-01-23T04:33:42+00:00,Hospitality Inn: Dallas,Hospitality Inn,Dallas,premium,1,1,0,11,166.82,1835.02
e303fd54-53c8-11ea-a824-b88a60e194fb,38Q-SGDD,orderid:673848,crmid:9862747220,2020-02-13T11:17:21.000Z,mobile,prd1125,1583752641,1585135041,2020-03-09T11:17:21+00:00,2020-03-25T11:17:21+00:00,Sapphire Suites: Palermo,Sapphire Suites,Palermo,premium,1,1,4,16,164.68,2634.88
e3055cc6-53c8-11ea-ba21-b88a60e194fb,KGY-YGAL,orderid:362012,crmid:1753047644,2020-02-07T03:18:54.000Z,website,prd1027,1582773534,1583291934,2020-02-27T03:18:54+00:00,2020-03-04T03:18:54+00:00,Family Fun Hotels: Memphis,Family Fun Hotels,Memphis,standard,1,1,0,6,122.58,735.48
e3064898-53c8-11ea-ae2e-b88a60e194fb,PEA-LDDK,orderid:460511,crmid:7534479025,2020-01-27T23:35:19.000Z,website,prd1103,1580340919,1580772919,2020-01-29T23:35:19+00:00,2020-02-03T23:35:19+00:00,Nesting Box Inn: Hamburg,Nesting Box Inn,Hamburg,standard,1,1,0,5,109.01,545.05
e30732fa-53c8-11ea-8035-b88a60e194fb,8W3-EJHN,orderid:815881,crmid:7211484180,2019-12-02T10:09:51.000Z,website,prd1004,1577095791,1578132591,2019-12-23T10:09:51+00:00,2020-01-04T10:09:51+00:00,Aspen Heights: Boulder,Aspen Heights,Boulder,premium,1,1,0,12,118.14,1417.68
e307f63e-53c8-11ea-9347-b88a60e194fb,7EE-2KQY,orderid:681831,crmid:8015671509,2019-12-06T14:47:29.000Z,service desk,prd1196,1577630849,1578149249,2019-12-29T14:47:29+00:00,2020-01-04T14:47:29+00:00,Aspen Heights: Moscow,Aspen Heights,Moscow,standard,1,1,0,6,53.07,318.42
e30907ba-53c8-11ea-8159-b88a60e194fb,R3U-MMVR,orderid:122188,crmid:9429485835,2020-01-16T21:10:34.000Z,kiosk,prd1136,1580418634,1581109834,2020-01-30T21:10:34+00:00,2020-02-07T21:10:34+00:00,Aspen Heights: Osaka,Aspen Heights,Osaka,premium,1,1,1,8,165.57,1324.56
e309f0dc-53c8-11ea-a511-b88a60e194fb,FEJ-9YWA,orderid:333990,crmid:7169366003,2020-01-08T18:37:54.000Z,kiosk,prd1068,1578595074,1579372674,2020-01-09T18:37:54+00:00,2020-01-18T18:37:54+00:00,Repose Resort: Dhaka,Repose Resort,Dhaka,ultra-luxury,1,1,0,9,333.25,2999.25
e30adb48-53c8-11ea-adc1-b88a60e194fb,ZQN-B8TT,orderid:917512,crmid:5120490568,2020-01-06T14:33:36.000Z,website,prd1180,1578580416,1578666816,2020-01-09T14:33:36+00:00,2020-01-10T14:33:36+00:00,Sandhill: Virginia Beach,Sandhill,Virginia Beach,standard,1,1,0,1,144.08,144.08
e30c13ba-53c8-11ea-a995-b88a60e194fb,NVG-OXYB,orderid:360540,crmid:9282777734,2019-12-09T11:36:56.000Z,website,prd1139,1576064216,1576150616,2019-12-11T11:36:56+00:00,2019-12-12T11:36:56+00:00,Nesting Box Inn: Nairobi,Nesting Box Inn,Nairobi,premium,1,1,0,1,139.6,139.6
e30d9a46-53c8-11ea-a0ce-b88a60e194fb,BJU-Z5MA,orderid:473102,crmid:6014415114,2019-12-29T09:14:20.000Z,kiosk,prd1177,1578129260,1579166060,2020-01-04T09:14:20+00:00,2020-01-16T09:14:20+00:00,Admiralty Plaza: Raleigh,Admiralty Plaza,Raleigh,premium,1,1,0,12,116.88,1402.56
e30f9622-53c8-11ea-b10a-b88a60e194fb,NES-RTHM,orderid:583566,crmid:8124690609,2019-12-21T23:54:07.000Z,kiosk,prd1061,1579305247,1579996447,2020-01-17T23:54:07+00:00,2020-01-25T23:54:07+00:00,Grandeur Hotels: Lahore,Grandeur Hotels,Lahore,standard,1,1,0,8,148.13,1185.04
e3105964-53c8-11ea-912b-b88a60e194fb,YJW-GI8T,orderid:895285,crmid:9998169345,2020-02-07T09:49:04.000Z,service desk,prd1011,1581846544,1582105744,2020-02-16T09:49:04+00:00,2020-02-19T09:49:04+00:00,Hospitality Inn: Dallas,Hospitality Inn,Dallas,premium,1,1,0,3,96.13,288.39
e3111cc8-53c8-11ea-8a40-b88a60e194fb,GCO-AGRM,orderid:551926,crmid:2371727533,2019-12-21T14:03:25.000Z,website,prd1038,1577023405,1577196205,2019-12-22T14:03:25+00:00,2019-12-24T14:03:25+00:00,Restful Nights: Mesa,Restful Nights,Mesa,standard,1,1,0,2,112.3,224.6
e311e0c6-53c8-11ea-99b5-b88a60e194fb,ZLJ-LVPP,orderid:309219,crmid:4153222258,2019-12-13T17:53:24.000Z,call center,prd1074,1578592404,1579110804,2020-01-09T17:53:24+00:00,2020-01-15T17:53:24+00:00,Restful Nights: Mexico City,Restful Nights,Mexico City,standard,1,1,0,6,137.0,822.0
e312a35a-53c8-11ea-82b2-b88a60e194fb,GPH-IR35,orderid:442760,crmid:7817912245,2020-01-19T08:08:37.000Z,website,prd1118,1580976517,1581408517,2020-02-06T08:08:37+00:00,2020-02-11T08:08:37+00:00,Blue Reef Resort: Cologne,Blue Reef Resort,Cologne,standard,1,1,4,5,141.68,708.4
e31366b8-53c8-11ea-b89b-b88a60e194fb,ZRC-JJUR,orderid:507939,crmid:8506080512,2019-12-03T18:56:35.000Z,website,prd1095,1577472995,1578077795,2019-12-27T18:56:35+00:00,2020-01-03T18:56:35+00:00,Hospitality Inn: Casablanca,Hospitality Inn,Casablanca,premium,1,1,0,7,85.74,600.18
e31429fa-53c8-11ea-8d61-b88a60e194fb,5RO-83AW,orderid:874235,crmid:6967639539,2019-12-15T01:43:15.000Z,website,prd1172,1578966195,1580089395,2020-01-14T01:43:15+00:00,2020-01-27T01:43:15+00:00,Aspen Heights: Mesa,Aspen Heights,Mesa,standard,1,1,1,13,94.5,1228.5
e314ed46-53c8-11ea-bb96-b88a60e194fb,E11-OKOH,orderid:743565,crmid:1189844054,2020-01-30T08:26:50.000Z,kiosk,prd1179,1582187210,1582446410,2020-02-20T08:26:50+00:00,2020-02-23T08:26:50+00:00,Hospitality Inn: Miami,Hospitality Inn,Miami,standard,1,1,0,3,151.97,455.91
e315b098-53c8-11ea-a1f8-b88a60e194fb,UNF-KOMP,orderid:368815,crmid:1271587000,2020-02-12T05:36:59.000Z,service desk,prd1013,1583473019,1583991419,2020-03-06T05:36:59+00:00,2020-03-12T05:36:59+00:00,Grandeur Hotels: Austin,Grandeur Hotels,Austin,standard,1,1,0,6,111.36,668.16
e3169b06-53c8-11ea-ac27-b88a60e194fb,UQL-M2PZ,orderid:964886,crmid:3265144901,2019-12-15T15:25:55.000Z,call center,prd1094,1576509955,1576596355,2019-12-16T15:25:55+00:00,2019-12-17T15:25:55+00:00,Blue Reef Resort: Berlin,Blue Reef Resort,Berlin,premium,1,1,0,1,144.36,144.36
e317855e-53c8-11ea-a016-b88a60e194fb,D1N-X5YS,orderid:259865,crmid:6715548775,2020-01-24T23:38:24.000Z,website,prd1011,1582328304,1582673904,2020-02-21T23:38:24+00:00,2020-02-25T23:38:24+00:00,Hospitality Inn: Dallas,Hospitality Inn,Dallas,standard,1,1,4,4,136.41,545.64
e3186fca-53c8-11ea-8156-b88a60e194fb,I5T-VHLO,orderid:103943,crmid:1229441283,2019-12-11T14:51:15.000Z,mobile,prd1068,1576162275,1576248675,2019-12-12T14:51:15+00:00,2019-12-13T14:51:15+00:00,Repose Resort: Dhaka,Repose Resort,Dhaka,standard,1,1,0,1,182.2,182.2
e3186fcb-53c8-11ea-96f9-b88a60e194fb,UKX-FA6R,orderid:503585,crmid:1229441283,2019-12-14T00:00:00.000Z,mobile,prd1167,1576454400,1576713600,2019-12-16T00:00:00+00:00,2019-12-19T00:00:00+00:00,Hospitality Inn: Milwaukee,Hospitality Inn,Milwaukee,standard,1,1,0,3,160.2,480.6
e31896f0-53c8-11ea-9ab5-b88a60e194fb,BMB-YFUI,orderid:891735,crmid:1229441283,2019-12-21T00:00:00.000Z,website,prd1017,1576972800,1577232000,2019-12-22T00:00:00+00:00,2019-12-25T00:00:00+00:00,Sapphire Suites: Fort Worth,Sapphire Suites,Fort Worth,standard,1,1,0,3,106.68,320.04
e3195a28-53c8-11ea-b7fe-b88a60e194fb,PFJ-TVVV,orderid:836951,crmid:1291537203,2019-12-04T22:20:05.000Z,service desk,prd1033,1575584405,1575843605,2019-12-05T22:20:05+00:00,2019-12-08T22:20:05+00:00,Admiralty Plaza: Milwaukee,Admiralty Plaza,Milwaukee,standard,1,1,0,3,101.96,305.88
e319f668-53c8-11ea-a042-b88a60e194fb,ZZI-FUL0,orderid:189955,crmid:4632909192,2020-01-19T08:00:48.000Z,call center,prd1174,1581235248,1581753648,2020-02-09T08:00:48+00:00,2020-02-15T08:00:48+00:00,Sego Lily Suites: Atlanta,Sego Lily Suites,Atlanta,standard,1,1,0,6,142.1,852.6
e31ab9b6-53c8-11ea-9b5f-b88a60e194fb,5OR-MBZE,orderid:209453,crmid:2917167964,2020-01-13T11:14:39.000Z,website,prd1067,1579259679,1579346079,2020-01-17T11:14:39+00:00,2020-01-18T11:14:39+00:00,Nesting Box Inn: Istanbul,Nesting Box Inn,Istanbul,premium,1,1,0,1,146.14,146.14
e31b7cfa-53c8-11ea-ba86-b88a60e194fb,QBD-S1VO,orderid:872948,crmid:2322313114,2019-12-19T11:52:22.000Z,call center,prd1050,1577188342,1578570742,2019-12-24T11:52:22+00:00,2020-01-09T11:52:22+00:00,Restful Nights: Arlington,Restful Nights,Arlington,ultra-luxury,1,1,4,16,282.89,4526.24
e31c4058-53c8-11ea-9e89-b88a60e194fb,AN7-QDP9,orderid:187297,crmid:4091519307,2020-02-03T18:25:40.000Z,call center,prd1144,1581186340,1581272740,2020-02-08T18:25:40+00:00,2020-02-09T18:25:40+00:00,Sandhill: San Diego,Sandhill,San Diego,luxury,1,1,0,1,259.52,259.52
e31d03a6-53c8-11ea-9a4e-b88a60e194fb,TQG-A1LY,orderid:485296,crmid:3270020874,2020-02-02T17:07:24.000Z,website,prd1099,1583082444,1583428044,2020-03-01T17:07:24+00:00,2020-03-05T17:07:24+00:00,Family Fun Hotels: Bucharest,Family Fun Hotels,Bucharest,standard,1,1,0,4,183.55,734.2
e31dee0a-53c8-11ea-8ca5-b88a60e194fb,JLN-VEMT,orderid:178493,crmid:6473716917,2020-02-10T20:54:09.000Z,kiosk,prd1011,1583355249,1584046449,2020-03-04T20:54:09+00:00,2020-03-12T20:54:09+00:00,Hospitality Inn: Dallas,Hospitality Inn,Dallas,standard,1,1,0,8,132.06,1056.48
e31eb148-53c8-11ea-a719-b88a60e194fb,3ZC-LWLR,orderid:680278,crmid:6389287660,2020-01-03T02:50:31.000Z,website,prd1148,1578106231,1578365431,2020-01-04T02:50:31+00:00,2020-01-07T02:50:31+00:00,Aspen Heights: Jacksonville,Aspen Heights,Jacksonville,standard,1,1,0,3,170.29,510.87
e31f4d98-53c8-11ea-9de1-b88a60e194fb,XQI-9IZO,orderid:850818,crmid:9432035314,2020-02-10T02:58:14.000Z,kiosk,prd1191,1583636294,1585018694,2020-03-08T02:58:14+00:00,2020-03-24T02:58:14+00:00,Hospitality Inn: Mumbai,Hospitality Inn,Mumbai,luxury,1,1,0,16,338.42,5414.72
e320ad02-53c8-11ea-9a09-b88a60e194fb,6XV-WKOB,orderid:257689,crmid:4096098409,2019-12-07T18:41:52.000Z,service desk,prd1124,1575830512,1575916912,2019-12-08T18:41:52+00:00,2019-12-09T18:41:52+00:00,Aspen Heights: Leeds,Aspen Heights,Leeds,standard,1,1,0,1,197.99,197.99
e321e63a-53c8-11ea-8fc5-b88a60e194fb,DDR-WTNH,orderid:797965,crmid:8883023157,2019-12-02T00:24:36.000Z,call center,prd1189,1575937476,1577579076,2019-12-10T00:24:36+00:00,2019-12-29T00:24:36+00:00,Admiralty Plaza: Bakersfield,Admiralty Plaza,Bakersfield,premium,1,1,4,19,159.93,3038.67
e322a8e8-53c8-11ea-8ef2-b88a60e194fb,3P2-ZFDL,orderid:468757,crmid:5936213562,2019-12-27T13:31:59.000Z,website,prd1057,1577626319,1578058319,2019-12-29T13:31:59+00:00,2020-01-03T13:31:59+00:00,Admiralty Plaza: Mumbai,Admiralty Plaza,Mumbai,standard,1,1,0,5,146.42,732.1
e322a8e9-53c8-11ea-bceb-b88a60e194fb,ANB-OILA,orderid:719959,crmid:5936213562,2020-01-04T00:00:00.000Z,kiosk,prd1095,1578441600,1578614400,2020-01-08T00:00:00+00:00,2020-01-10T00:00:00+00:00,Hospitality Inn: Casablanca,Hospitality Inn,Casablanca,standard,1,1,0,2,146.11,292.22
e322cff4-53c8-11ea-a59b-b88a60e194fb,7CT-ARMM,orderid:971715,crmid:5936213562,2020-01-12T00:00:00.000Z,website,prd1066,1578873600,1578960000,2020-01-13T00:00:00+00:00,2020-01-14T00:00:00+00:00,Sego Lily Suites: Shanghai,Sego Lily Suites,Shanghai,premium,1,1,0,1,139.78,139.78
e323935c-53c8-11ea-a4ce-b88a60e194fb,AYA-AZ8P,orderid:265784,crmid:5337243662,2019-12-30T23:14:40.000Z,kiosk,prd1117,1580166880,1580858080,2020-01-27T23:14:40+00:00,2020-02-04T23:14:40+00:00,Admiralty Plaza: Dublin,Admiralty Plaza,Dublin,standard,1,1,4,8,145.0,1160.0
e3245698-53c8-11ea-8ba7-b88a60e194fb,RJV-CYKA,orderid:770441,crmid:5752801320,2019-12-12T14:01:07.000Z,website,prd1043,1577973667,1578578467,2020-01-02T14:01:07+00:00,2020-01-09T14:01:07+00:00,Nesting Box Inn: Raleigh,Nesting Box Inn,Raleigh,standard,1,1,4,7,191.45,1340.15
e32540f4-53c8-11ea-b287-b88a60e194fb,BV1-KDWR,orderid:495918,crmid:3921929718,2020-01-21T00:59:08.000Z,website,prd1001,1579654748,1579827548,2020-01-22T00:59:08+00:00,2020-01-24T00:59:08+00:00,Grandeur Hotels: New York,Grandeur Hotels,New York,standard,1,1,0,2,125.45,250.9
e3262b58-53c8-11ea-b312-b88a60e194fb,KBG-FZ7C,orderid:280593,crmid:3213388998,2020-01-03T03:07:29.000Z,website,prd1060,1579835249,1580353649,2020-01-24T03:07:29+00:00,2020-01-30T03:07:29+00:00,Sandhill: Tianjin,Sandhill,Tianjin,standard,1,1,0,6,141.61,849.66
e32715b6-53c8-11ea-a7cd-b88a60e194fb,TU2-KTA8,orderid:569328,crmid:3910434408,2019-12-10T17:26:52.000Z,kiosk,prd1119,1576776412,1577208412,2019-12-19T17:26:52+00:00,2019-12-24T17:26:52+00:00,Hospitality Inn: Turin,Hospitality Inn,Turin,standard,1,1,0,5,127.53,637.65
e3280018-53c8-11ea-b90a-b88a60e194fb,F9K-SK07,orderid:664394,crmid:7119125734,2020-01-04T03:33:26.000Z,mobile,prd1037,1578195206,1578281606,2020-01-05T03:33:26+00:00,2020-01-06T03:33:26+00:00,Grandeur Hotels: Sacramento,Grandeur Hotels,Sacramento,standard,1,1,0,1,149.66,149.66
e3282724-53c8-11ea-bb1c-b88a60e194fb,JB9-LWYQ,orderid:664472,crmid:7119125734,2020-01-08T00:00:00.000Z,call center,prd1010,1578528000,1578787200,2020-01-09T00:00:00+00:00,2020-01-12T00:00:00+00:00,Blue Reef Resort: San Diego,Blue Reef Resort,San Diego,standard,1,1,0,3,174.0,522.0
e3291198-53c8-11ea-9f5d-b88a60e194fb,SRR-X5E8,orderid:896079,crmid:2919345046,2019-12-15T22:18:03.000Z,call center,prd1147,1577139483,1577744283,2019-12-23T22:18:03+00:00,2019-12-30T22:18:03+00:00,Family Fun Hotels: Austin,Family Fun Hotels,Austin,standard,1,1,0,7,142.72,999.04
e329fbf4-53c8-11ea-8f4b-b88a60e194fb,8YG-YC2O,orderid:575674,crmid:1620079836,2020-01-29T17:14:34.000Z,mobile,prd1153,1582478074,1583342074,2020-02-23T17:14:34+00:00,2020-03-04T17:14:34+00:00,Admiralty Plaza: Charlotte,Admiralty Plaza,Charlotte,standard,1,1,0,10,73.45,734.5
e32b5b94-53c8-11ea-813a-b88a60e194fb,MT8-HOID,orderid:734767,crmid:6272292410,2020-01-02T00:08:01.000Z,website,prd1047,1578355681,1579219681,2020-01-07T00:08:01+00:00,2020-01-17T00:08:01+00:00,Hospitality Inn: Oakland,Hospitality Inn,Oakland,standard,1,1,0,10,130.04,1300.4
e32c6cfa-53c8-11ea-b943-b88a60e194fb,NM1-E8XT,orderid:416850,crmid:1559457462,2020-01-19T08:45:12.000Z,call center,prd1009,1580287512,1580719512,2020-01-29T08:45:12+00:00,2020-02-03T08:45:12+00:00,Admiralty Plaza: San Antonio,Admiralty Plaza,San Antonio,premium,1,1,2,5,170.42,852.1
e32d3046-53c8-11ea-a363-b88a60e194fb,PVV-2HB9,orderid:240032,crmid:5083231158,2020-01-09T20:01:31.000Z,call center,prd1153,1578686491,1578859291,2020-01-10T20:01:31+00:00,2020-01-12T20:01:31+00:00,Admiralty Plaza: Charlotte,Admiralty Plaza,Charlotte,standard,1,1,0,2,139.03,278.06
e32e1aa6-53c8-11ea-810e-b88a60e194fb,GO1-BR0O,orderid:397410,crmid:9974585664,2020-01-18T00:41:26.000Z,website,prd1017,1581727286,1582332086,2020-02-15T00:41:26+00:00,2020-02-22T00:41:26+00:00,Sapphire Suites: Fort Worth,Sapphire Suites,Fort Worth,standard,1,1,0,7,128.59,900.13
e32f04f6-53c8-11ea-90e6-b88a60e194fb,IDU-IODW,orderid:901029,crmid:1382587696,2020-01-24T23:15:29.000Z,website,prd1076,1580166929,1580339729,2020-01-27T23:15:29+00:00,2020-01-29T23:15:29+00:00,Aspen Heights: Bogota,Aspen Heights,Bogota,standard,1,1,0,2,170.26,340.52
e330d9a2-53c8-11ea-b6f8-b88a60e194fb,F0U-RWNK,orderid:702568,crmid:2146938302,2019-12-15T01:09:11.000Z,call center,prd1082,1576976951,1577927351,2019-12-22T01:09:11+00:00,2020-01-02T01:09:11+00:00,Blue Reef Resort: Surat,Blue Reef Resort,Surat,premium,1,1,0,11,84.76,932.36
e332394a-53c8-11ea-b813-b88a60e194fb,VXT-YQSN,orderid:621923,crmid:8843951647,2020-01-15T19:01:49.000Z,website,prd1093,1581274909,1581620509,2020-02-09T19:01:49+00:00,2020-02-13T19:01:49+00:00,Admiralty Plaza: Yokohama,Admiralty Plaza,Yokohama,premium,1,1,0,4,132.53,530.12
e3334ab0-53c8-11ea-aa4d-b88a60e194fb,VIN-KTEP,orderid:316757,crmid:6512325087,2019-12-10T22:04:48.000Z,mobile,prd1041,1576101888,1576188288,2019-12-11T22:04:48+00:00,2019-12-12T22:04:48+00:00,Sapphire Suites: Long Beach,Sapphire Suites,Long Beach,presidential-suite,1,1,0,1,796.34,796.34
e33371d4-53c8-11ea-a4c5-b88a60e194fb,YJZ-3FAB,orderid:387698,crmid:6512325087,2019-12-14T00:00:00.000Z,website,prd1077,1576454400,1576540800,2019-12-16T00:00:00+00:00,2019-12-17T00:00:00+00:00,Sapphire Suites: Cairo,Sapphire Suites,Cairo,premium,1,1,0,1,161.77,161.77
e3348334-53c8-11ea-8dee-b88a60e194fb,0XA-FR95,orderid:388323,crmid:1253291939,2020-01-13T03:35:20.000Z,website,prd1046,1581219320,1582083320,2020-02-09T03:35:20+00:00,2020-02-19T03:35:20+00:00,Blue Reef Resort: Virginia Beach,Blue Reef Resort,Virginia Beach,standard,1,1,0,10,167.43,1674.3
e3359480-53c8-11ea-b1e5-b88a60e194fb,US1-8X71,orderid:395983,crmid:5260180197,2020-02-06T21:45:03.000Z,mobile,prd1076,1582148703,1583012703,2020-02-19T21:45:03+00:00,2020-02-29T21:45:03+00:00,Aspen Heights: Bogota,Aspen Heights,Bogota,standard,1,1,0,10,160.63,1606.3
e3371b48-53c8-11ea-b5a7-b88a60e194fb,GYN-AURK,orderid:400329,crmid:4812541987,2019-12-21T09:55:14.000Z,service desk,prd1164,1577094914,1577181314,2019-12-23T09:55:14+00:00,2019-12-24T09:55:14+00:00,Repose Resort: Las Vegas,Repose Resort,Las Vegas,presidential-suite,1,1,0,1,863.16,863.16
e3382cb4-53c8-11ea-bb9e-b88a60e194fb,W7L-E3JY,orderid:322309,crmid:3016222505,2019-12-23T22:31:07.000Z,kiosk,prd1160,1577658667,1577831467,2019-12-29T22:31:07+00:00,2019-12-31T22:31:07+00:00,Aspen Heights: Nashville,Aspen Heights,Nashville,premium,1,1,0,2,160.87,321.74
e33a01d8-53c8-11ea-9995-b88a60e194fb,WEY-Y1PL,orderid:934168,crmid:3250535388,2019-12-07T01:08:33.000Z,website,prd1022,1577236113,1577495313,2019-12-25T01:08:33+00:00,2019-12-28T01:08:33+00:00,Blue Reef Resort: Washington DC,Blue Reef Resort,Washington DC,standard,1,1,0,3,185.17,555.51
e33aebd4-53c8-11ea-8ff6-b88a60e194fb,ODG-KIBL,orderid:477068,crmid:9402324126,2020-01-11T08:06:15.000Z,mobile,prd1155,1578989175,1579075575,2020-01-14T08:06:15+00:00,2020-01-15T08:06:15+00:00,Hospitality Inn: Denver,Hospitality Inn,Denver,standard,1,1,0,1,180.31,180.31
e33aebd5-53c8-11ea-abd1-b88a60e194fb,IDX-X2SC,orderid:247997,crmid:9402324126,2020-01-16T00:00:00.000Z,kiosk,prd1013,1579219200,1579392000,2020-01-17T00:00:00+00:00,2020-01-19T00:00:00+00:00,Grandeur Hotels: Austin,Grandeur Hotels,Austin,premium,1,1,0,2,94.28,188.56
e33bfd48-53c8-11ea-8498-b88a60e194fb,YXU-TV4I,orderid:215278,crmid:4877802472,2020-01-11T09:19:12.000Z,call center,prd1017,1578907152,1579252752,2020-01-13T09:19:12+00:00,2020-01-17T09:19:12+00:00,Sapphire Suites: Fort Worth,Sapphire Suites,Fort Worth,standard,1,1,0,4,138.01,552.04
e33bfd49-53c8-11ea-8303-b88a60e194fb,OXG-KQTF,orderid:336921,crmid:4877802472,2020-01-18T00:00:00.000Z,kiosk,prd1160,1579392000,1579564800,2020-01-19T00:00:00+00:00,2020-01-21T00:00:00+00:00,Aspen Heights: Nashville,Aspen Heights,Nashville,luxury,1,1,0,2,301.18,602.36
e33d0eb0-53c8-11ea-a82a-b88a60e194fb,KL8-LFBV,orderid:978148,crmid:3761637557,2019-12-25T05:09:23.000Z,website,prd1057,1577423363,1577509763,2019-12-27T05:09:23+00:00,2019-12-28T05:09:23+00:00,Admiralty Plaza: Mumbai,Admiralty Plaza,Mumbai,standard,1,1,0,1,176.76,176.76
e33e2024-53c8-11ea-bd1f-b88a60e194fb,NVI-IWTK,orderid:555329,crmid:5436363043,2019-12-02T08:17:00.000Z,website,prd1154,1575447420,1575706620,2019-12-04T08:17:00+00:00,2019-12-07T08:17:00+00:00,Blue Reef Resort: Seattle,Blue Reef Resort,Seattle,ultra-luxury,1,1,0,3,349.13,1047.39
e33f7fa6-53c8-11ea-a0ac-b88a60e194fb,XFC-YKYO,orderid:950917,crmid:9730559501,2019-12-13T05:50:04.000Z,kiosk,prd1194,1576302604,1576389004,2019-12-14T05:50:04+00:00,2019-12-15T05:50:04+00:00,Restful Nights: Tianjin,Restful Nights,Tianjin,standard,1,1,0,1,119.33,119.33
e3406b94-53c8-11ea-9757-b88a60e194fb,CX9-PPCK,orderid:802981,crmid:1895838177,2019-12-02T10:40:08.000Z,website,prd1033,1575369608,1575801608,2019-12-03T10:40:08+00:00,2019-12-08T10:40:08+00:00,Admiralty Plaza: Milwaukee,Admiralty Plaza,Milwaukee,standard,1,1,0,5,172.32,861.6
e3417b7e-53c8-11ea-91b5-b88a60e194fb,YSG-JR68,orderid:465221,crmid:6922473973,2020-01-02T22:23:42.000Z,website,prd1179,1579127022,1580077422,2020-01-15T22:23:42+00:00,2020-01-26T22:23:42+00:00,Hospitality Inn: Miami,Hospitality Inn,Miami,standard,1,1,0,11,170.73,1878.03
e3428d18-53c8-11ea-a7ef-b88a60e194fb,1UI-VZAJ,orderid:619314,crmid:5477863968,2020-01-20T03:35:54.000Z,kiosk,prd1052,1581478554,1582083354,2020-02-12T03:35:54+00:00,2020-02-19T03:35:54+00:00,Aspen Heights: Wichita,Aspen Heights,Wichita,standard,1,1,0,7,127.61,893.27
e343c59c-53c8-11ea-a1f2-b88a60e194fb,ALN-CEKB,orderid:873484,crmid:2708085924,2020-01-04T02:17:53.000Z,kiosk,prd1058,1580005073,1580523473,2020-01-26T02:17:53+00:00,2020-02-01T02:17:53+00:00,Blue Reef Resort: Delhi,Blue Reef Resort,Delhi,standard,1,1,0,6,149.35,896.1
e344aff4-53c8-11ea-9532-b88a60e194fb,DXN-SMQI,orderid:497696,crmid:2931948854,2020-01-05T18:36:54.000Z,mobile,prd1032,1580236614,1580668614,2020-01-28T18:36:54+00:00,2020-02-02T18:36:54+00:00,Repose Resort: Baltimore,Repose Resort,Baltimore,standard,1,1,0,5,158.77,793.85
e345c266-53c8-11ea-9255-b88a60e194fb,XH3-4XCF,orderid:170249,crmid:9524096370,2020-01-25T18:42:22.000Z,call center,prd1167,1581100942,1581273742,2020-02-07T18:42:22+00:00,2020-02-09T18:42:22+00:00,Hospitality Inn: Milwaukee,Hospitality Inn,Milwaukee,standard,1,1,0,2,134.44,268.88
e346d406-53c8-11ea-9e85-b88a60e194fb,AMO-O22I,orderid:224883,crmid:9440365951,2019-12-11T18:18:16.000Z,website,prd1184,1577902696,1579285096,2020-01-01T18:18:16+00:00,2020-01-17T18:18:16+00:00,Aspen Heights: Arlington,Aspen Heights,Arlington,premium,1,1,0,16,179.8,2876.8
e348331a-53c8-11ea-a09f-b88a60e194fb,NZP-PPFM,orderid:102581,crmid:3150833170,2019-12-26T20:56:03.000Z,mobile,prd1025,1579208163,1579899363,2020-01-16T20:56:03+00:00,2020-01-24T20:56:03+00:00,Grandeur Hotels: Detroit,Grandeur Hotels,Detroit,standard,1,1,0,8,152.96,1223.68
e3496ae4-53c8-11ea-9d75-b88a60e194fb,EAE-CTGO,orderid:250168,crmid:3606795499,2019-12-20T11:31:02.000Z,mobile,prd1034,1576927862,1577014262,2019-12-21T11:31:02+00:00,2019-12-22T11:31:02+00:00,Blue Reef Resort: Albuquerque,Blue Reef Resort,Albuquerque,premium,1,1,0,1,138.64,138.64
e34a2f5e-53c8-11ea-b00d-b88a60e194fb,SPK-1V6S,orderid:874218,crmid:7727914265,2020-01-20T17:40:58.000Z,website,prd1112,1581874858,1582479658,2020-02-16T17:40:58+00:00,2020-02-23T17:40:58+00:00,Aspen Heights: Birmingham,Aspen Heights,Birmingham,premium,1,1,0,7,161.66,1131.62
e34b19e2-53c8-11ea-ab2d-b88a60e194fb,MD6-22RF,orderid:441859,crmid:2500121188,2020-01-16T22:30:55.000Z,website,prd1106,1580855455,1581546655,2020-02-04T22:30:55+00:00,2020-02-12T22:30:55+00:00,Blue Reef Resort: Munich,Blue Reef Resort,Munich,standard,1,1,0,8,157.38,1259.04
e34c2b48-53c8-11ea-972c-b88a60e194fb,OHU-ZKWB,orderid:869642,crmid:6885656186,2020-01-26T19:29:43.000Z,service desk,prd1023,1581190183,1581708583,2020-02-08T19:29:43+00:00,2020-02-14T19:29:43+00:00,Hospitality Inn: Boston,Hospitality Inn,Boston,standard,1,1,0,6,111.97,671.82
e34d1558-53c8-11ea-bfd0-b88a60e194fb,MJG-SCJ5,orderid:558381,crmid:1368405803,2019-12-09T16:53:51.000Z,call center,prd1015,1577638431,1578070431,2019-12-29T16:53:51+00:00,2020-01-03T16:53:51+00:00,Family Fun Hotels: San Francisco,Family Fun Hotels,San Francisco,premium,1,1,0,5,150.53,752.65
e34e4e42-53c8-11ea-9b00-b88a60e194fb,MOW-FPDU,orderid:734087,crmid:4253540824,2020-01-07T19:56:16.000Z,website,prd1155,1580414176,1580500576,2020-01-30T19:56:16+00:00,2020-01-31T19:56:16+00:00,Hospitality Inn: Denver,Hospitality Inn,Denver,premium,1,1,0,1,148.22,148.22
e34f1038-53c8-11ea-b6d6-b88a60e194fb,LEQ-QN75,orderid:574267,crmid:7091267795,2019-12-19T19:17:18.000Z,kiosk,prd1004,1578338238,1578856638,2020-01-06T19:17:18+00:00,2020-01-12T19:17:18+00:00,Aspen Heights: Boulder,Aspen Heights,Boulder,standard,1,1,0,6,173.96,1043.76
e3521d74-53c8-11ea-b40c-b88a60e194fb,WHP-HJVA,orderid:483603,crmid:9089399519,2020-01-06T18:50:15.000Z,website,prd1177,1578423015,1578509415,2020-01-07T18:50:15+00:00,2020-01-08T18:50:15+00:00,Admiralty Plaza: Raleigh,Admiralty Plaza,Raleigh,standard,1,1,0,1,138.88,138.88
e3533010-53c8-11ea-94b9-b88a60e194fb,F29-LR1D,orderid:382361,crmid:6003929222,2019-12-23T10:40:09.000Z,website,prd1165,1577443209,1577616009,2019-12-27T10:40:09+00:00,2019-12-29T10:40:09+00:00,Admiralty Plaza: Louisville,Admiralty Plaza,Louisville,standard,1,1,0,2,138.61,277.22
e3541a38-53c8-11ea-a771-b88a60e194fb,KI1-ROGM,orderid:582619,crmid:5010751570,2019-12-20T14:32:37.000Z,call center,prd1169,1579185157,1579876357,2020-01-16T14:32:37+00:00,2020-01-24T14:32:37+00:00,Grandeur Hotels: Tucson,Grandeur Hotels,Tucson,standard,1,1,0,8,156.06,1248.48
e3550506-53c8-11ea-8a50-b88a60e194fb,TYG-QDEI,orderid:125351,crmid:5625763848,2020-02-14T11:47:15.000Z,call center,prd1021,1581767235,1581853635,2020-02-15T11:47:15+00:00,2020-02-16T11:47:15+00:00,Admiralty Plaza: Denver,Admiralty Plaza,Denver,standard,1,1,0,1,141.31,141.31
e355ef24-53c8-11ea-951b-b88a60e194fb,GEN-TUCZ,orderid:185031,crmid:2666278710,2019-12-16T07:07:19.000Z,kiosk,prd1141,1578726439,1578899239,2020-01-11T07:07:19+00:00,2020-01-13T07:07:19+00:00,Admiralty Plaza: Phoenix,Admiralty Plaza,Phoenix,ultra-luxury,1,1,0,2,316.68,633.36
e356d992-53c8-11ea-85b6-b88a60e194fb,YOF-TUWE,orderid:984008,crmid:3991152429,2019-12-05T16:54:32.000Z,mobile,prd1165,1575651272,1575910472,2019-12-06T16:54:32+00:00,2019-12-09T16:54:32+00:00,Admiralty Plaza: Louisville,Admiralty Plaza,Louisville,standard,1,1,0,3,106.21,318.63
e357eb3a-53c8-11ea-b95c-b88a60e194fb,I9E-E4NT,orderid:459076,crmid:6454132697,2020-02-13T04:23:55.000Z,call center,prd1026,1583468635,1585110235,2020-03-06T04:23:55+00:00,2020-03-25T04:23:55+00:00,Restful Nights: Nashville,Restful Nights,Nashville,standard,1,1,2,19,130.04,2470.76
e358d562-53c8-11ea-8d94-b88a60e194fb,QZY-HKEY,orderid:985558,crmid:4043798491,2019-12-06T08:26:54.000Z,mobile,prd1046,1575707214,1575793614,2019-12-07T08:26:54+00:00,2019-12-08T08:26:54+00:00,Blue Reef Resort: Virginia Beach,Blue Reef Resort,Virginia Beach,premium,1,1,0,1,176.93,176.93
e358d563-53c8-11ea-ae35-b88a60e194fb,LL5-MB7Q,orderid:634079,crmid:4043798491,2019-12-10T00:00:00.000Z,website,prd1052,1576195200,1576281600,2019-12-13T00:00:00+00:00,2019-12-14T00:00:00+00:00,Aspen Heights: Wichita,Aspen Heights,Wichita,standard,1,1,0,1,95.53,95.53
e359bfd8-53c8-11ea-bf59-b88a60e194fb,JDW-Z1S2,orderid:483153,crmid:5216009544,2020-02-08T21:56:07.000Z,mobile,prd1165,1583013367,1584654967,2020-02-29T21:56:07+00:00,2020-03-19T21:56:07+00:00,Admiralty Plaza: Louisville,Admiralty Plaza,Louisville,standard,1,1,0,19,152.53,2898.07
e35af848-53c8-11ea-9ca1-b88a60e194fb,01Q-8CQE,orderid:378531,crmid:8564851741,2019-12-30T14:41:26.000Z,website,prd1017,1579617686,1580654486,2020-01-21T14:41:26+00:00,2020-02-02T14:41:26+00:00,Sapphire Suites: Fort Worth,Sapphire Suites,Fort Worth,ultra-luxury,1,1,0,12,371.33,4455.96
e35c09ba-53c8-11ea-98ef-b88a60e194fb,FWG-P8M5,orderid:280219,crmid:7878340437,2019-12-22T03:20:14.000Z,website,prd1106,1578712814,1579231214,2020-01-11T03:20:14+00:00,2020-01-17T03:20:14+00:00,Blue Reef Resort: Munich,Blue Reef Resort,Munich,standard,1,1,0,6,167.67,1006.02
e35cf412-53c8-11ea-9256-b88a60e194fb,4AT-JEIC,orderid:650506,crmid:5751090415,2019-12-10T16:06:40.000Z,website,prd1173,1576253200,1576512400,2019-12-13T16:06:40+00:00,2019-12-16T16:06:40+00:00,Sapphire Suites: Kansas City,Sapphire Suites,Kansas City,standard,1,1,0,3,128.22,384.66
e35ddd24-53c8-11ea-b833-b88a60e194fb,XW2-3RGC,orderid:971025,crmid:7069030144,2020-01-15T21:49:53.000Z,kiosk,prd1136,1579211393,1579384193,2020-01-16T21:49:53+00:00,2020-01-18T21:49:53+00:00,Aspen Heights: Osaka,Aspen Heights,Osaka,standard,1,1,0,2,148.93,297.86
e35eefe2-53c8-11ea-909f-b88a60e194fb,NM2-PALU,orderid:763644,crmid:5007232096,2020-02-03T11:38:30.000Z,website,prd1196,1582889910,1583321910,2020-02-28T11:38:30+00:00,2020-03-04T11:38:30+00:00,Aspen Heights: Moscow,Aspen Heights,Moscow,standard,1,1,0,5,158.27,791.35
e360011e-53c8-11ea-8f89-b88a60e194fb,OHP-0N3M,orderid:160160,crmid:8748233803,2020-01-02T13:43:15.000Z,website,prd1106,1579959795,1580823795,2020-01-25T13:43:15+00:00,2020-02-04T13:43:15+00:00,Blue Reef Resort: Munich,Blue Reef Resort,Munich,standard,1,1,1,10,179.6,1796.0
e360eb7a-53c8-11ea-b683-b88a60e194fb,IYW-X0PP,orderid:225287,crmid:6232614656,2020-02-16T07:16:51.000Z,kiosk,prd1023,1583651811,1585207011,2020-03-08T07:16:51+00:00,2020-03-26T07:16:51+00:00,Hospitality Inn: Boston,Hospitality Inn,Boston,standard,1,1,0,18,186.15,3350.7
e361d6d8-53c8-11ea-a5f6-b88a60e194fb,7TC-DZ4V,orderid:930598,crmid:8899764376,2020-01-19T06:39:00.000Z,call center,prd1190,1579502340,1579761540,2020-01-20T06:39:00+00:00,2020-01-23T06:39:00+00:00,Blue Reef Resort: Aurora,Blue Reef Resort,Aurora,standard,1,1,0,3,95.74,287.22
e362c0d0-53c8-11ea-80d0-b88a60e194fb,GWE-XUWU,orderid:461056,crmid:5069623406,2020-02-11T02:19:43.000Z,website,prd1119,1583720383,1585189183,2020-03-09T02:19:43+00:00,2020-03-26T02:19:43+00:00,Hospitality Inn: Turin,Hospitality Inn,Turin,standard,1,1,1,17,126.05,2142.85
e363d212-53c8-11ea-8fc5-b88a60e194fb,RXW-ULH5,orderid:856498,crmid:1641119338,2019-12-20T17:59:03.000Z,website,prd1136,1576951143,1577469543,2019-12-21T17:59:03+00:00,2019-12-27T17:59:03+00:00,Aspen Heights: Osaka,Aspen Heights,Osaka,standard,1,1,0,6,158.43,950.58
e3650a9c-53c8-11ea-bcdc-b88a60e194fb,ADV-AXO0,orderid:656595,crmid:8443809979,2019-12-25T09:41:19.000Z,website,prd1112,1577698879,1578303679,2019-12-30T09:41:19+00:00,2020-01-06T09:41:19+00:00,Aspen Heights: Birmingham,Aspen Heights,Birmingham,luxury,1,1,0,7,414.96,2904.72
e3664194-53c8-11ea-92ba-b88a60e194fb,XJZ-ZL9R,orderid:984745,crmid:3232642553,2020-01-24T10:43:53.000Z,kiosk,prd1057,1579949033,1580121833,2020-01-25T10:43:53+00:00,2020-01-27T10:43:53+00:00,Admiralty Plaza: Mumbai,Admiralty Plaza,Mumbai,standard,1,1,0,2,165.06,330.12
e3677b68-53c8-11ea-85ca-b88a60e194fb,T9N-HYPH,orderid:201461,crmid:1076295311,2020-01-24T18:06:16.000Z,service desk,prd1052,1579975576,1580234776,2020-01-25T18:06:16+00:00,2020-01-28T18:06:16+00:00,Aspen Heights: Wichita,Aspen Heights,Wichita,premium,1,1,0,3,132.68,398.04
e36865e8-53c8-11ea-b8d6-b88a60e194fb,V36-VQIG,orderid:231874,crmid:3811514652,2020-01-04T21:40:58.000Z,mobile,prd1073,1580334058,1581457258,2020-01-29T21:40:58+00:00,2020-02-11T21:40:58+00:00,Grandeur Hotels: Lima,Grandeur Hotels,Lima,standard,1,1,0,13,159.44,2072.72
e3694ecc-53c8-11ea-a1bc-b88a60e194fb,XDZ-VZWX,orderid:416160,crmid:2397744858,2019-12-23T01:44:44.000Z,mobile,prd1178,1579052684,1579311884,2020-01-15T01:44:44+00:00,2020-01-18T01:44:44+00:00,Blue Reef Resort: Colorado Springs,Blue Reef Resort,Colorado Springs,standard,1,1,0,3,109.19,327.57
e36a3a94-53c8-11ea-a31a-b88a60e194fb,9FZ-PKUM,orderid:835951,crmid:5412967787,2020-01-13T18:13:46.000Z,call center,prd1088,1580840026,1581272026,2020-02-04T18:13:46+00:00,2020-02-09T18:13:46+00:00,Aspen Heights: Ankara,Aspen Heights,Ankara,standard,1,1,4,5,140.18,700.9
e36b24b6-53c8-11ea-981d-b88a60e194fb,EGC-FYGT,orderid:234276,crmid:5955603415,2019-12-20T22:11:32.000Z,website,prd1197,1577743892,1578089492,2019-12-30T22:11:32+00:00,2020-01-03T22:11:32+00:00,Sapphire Suites: London,Sapphire Suites,London,standard,1,1,0,4,161.21,644.84
e36c0f0a-53c8-11ea-a9b3-b88a60e194fb,BEV-ONQ0,orderid:848680,crmid:3310035373,2020-01-08T20:39:11.000Z,website,prd1142,1578602351,1578775151,2020-01-09T20:39:11+00:00,2020-01-11T20:39:11+00:00,Blue Reef Resort: Philadelphia,Blue Reef Resort,Philadelphia,standard,1,1,0,2,109.97,219.94
e36d2076-53c8-11ea-b38c-b88a60e194fb,CJQ-4MR4,orderid:669770,crmid:9899807068,2020-02-14T16:23:28.000Z,call center,prd1097,1581870208,1582129408,2020-02-16T16:23:28+00:00,2020-02-19T16:23:28+00:00,Grandeur Hotels: Buenos Aires,Grandeur Hotels,Buenos Aires,standard,1,1,0,3,145.08,435.24
e36e30e8-53c8-11ea-a85b-b88a60e194fb,OKW-HCMC,orderid:923415,crmid:3086858913,2019-12-18T16:49:25.000Z,mobile,prd1110,1578502165,1579106965,2020-01-08T16:49:25+00:00,2020-01-15T16:49:25+00:00,Restful Nights: Sofia,Restful Nights,Sofia,standard,1,1,0,7,135.41,947.87
e36f1c94-53c8-11ea-8310-b88a60e194fb,CNE-ATLY,orderid:311454,crmid:5185414855,2019-12-02T22:17:55.000Z,kiosk,prd1081,1577485075,1578089875,2019-12-27T22:17:55+00:00,2020-01-03T22:17:55+00:00,Admiralty Plaza: Rod de Janeiro,Admiralty Plaza,Rod de Janeiro,standard,1,1,0,7,90.17,631.19
e372518c-53c8-11ea-a167-b88a60e194fb,7PM-TLKU,orderid:119384,crmid:4453668896,2020-01-08T02:31:38.000Z,website,prd1196,1580697098,1581215498,2020-02-03T02:31:38+00:00,2020-02-09T02:31:38+00:00,Aspen Heights: Moscow,Aspen Heights,Moscow,luxury,1,1,1,6,290.5,1743.0
e3738808-53c8-11ea-aa4f-b88a60e194fb,NDS-I9WG,orderid:517728,crmid:9369810945,2019-12-11T07:07:34.000Z,kiosk,prd1069,1576393654,1576825654,2019-12-15T07:07:34+00:00,2019-12-20T07:07:34+00:00,Admiralty Plaza: Singapore,Admiralty Plaza,Singapore,standard,1,1,0,5,183.81,919.05
e37473ae-53c8-11ea-a784-b88a60e194fb,22W-VVAM,orderid:675713,crmid:3192121960,2019-12-20T10:07:12.000Z,kiosk,prd1135,1579342032,1580033232,2020-01-18T10:07:12+00:00,2020-01-26T10:07:12+00:00,Family Fun Hotels: Vancouver,Family Fun Hotels,Vancouver,standard,1,1,0,8,148.5,1188.0
e37583d4-53c8-11ea-b969-b88a60e194fb,B1Z-ELSW,orderid:247641,crmid:5914008355,2020-01-03T12:17:25.000Z,call center,prd1145,1580559445,1581077845,2020-02-01T12:17:25+00:00,2020-02-07T12:17:25+00:00,Grandeur Hotels: Dallas,Grandeur Hotels,Dallas,premium,1,1,4,6,127.91,767.46
e376bdc0-53c8-11ea-b3ac-b88a60e194fb,TIY-VLDX,orderid:500539,crmid:3700940060,2019-12-08T22:19:33.000Z,mobile,prd1112,1576448373,1577139573,2019-12-15T22:19:33+00:00,2019-12-23T22:19:33+00:00,Aspen Heights: Birmingham,Aspen Heights,Birmingham,standard,1,1,0,8,143.93,1151.44
e378447e-53c8-11ea-8c30-b88a60e194fb,RB6-ERQP,orderid:876710,crmid:4738116627,2019-12-03T22:50:26.000Z,kiosk,prd1124,1577141426,1577832626,2019-12-23T22:50:26+00:00,2019-12-31T22:50:26+00:00,Aspen Heights: Leeds,Aspen Heights,Leeds,standard,1,1,0,8,165.43,1323.44
e3795452-53c8-11ea-88a6-b88a60e194fb,E0V-5ZHG,orderid:728041,crmid:6939879090,2019-12-19T05:13:34.000Z,kiosk,prd1027,1578460414,1578719614,2020-01-08T05:13:34+00:00,2020-01-11T05:13:34+00:00,Family Fun Hotels: Memphis,Family Fun Hotels,Memphis,standard,1,1,0,3,144.19,432.57
e37a3f2e-53c8-11ea-82e1-b88a60e194fb,8YX-P5WO,orderid:358458,crmid:2076050459,2020-01-19T12:45:38.000Z,kiosk,prd1075,1581857138,1582375538,2020-02-16T12:45:38+00:00,2020-02-22T12:45:38+00:00,Family Fun Hotels: Bangalore,Family Fun Hotels,Bangalore,standard,1,1,3,6,172.9,1037.4
