id,crmid,propensity_room_upgrade,propensity_extended_nights
orderid:971987,crmid:4734181911,4,4
orderid:526614,crmid:8888637834,4,5
orderid:462270,crmid:3234284599,5,4
orderid:545499,crmid:5176976482,5,5
orderid:503215,crmid:8999426622,4,5
orderid:782866,crmid:6483918856,5,3
orderid:135056,crmid:3778163821,4,3
orderid:780439,crmid:4116132724,2,3
orderid:367605,crmid:6093330552,4,4
orderid:139086,crmid:7008851271,4,3
orderid:219692,crmid:2622399653,3,8
orderid:537646,crmid:1726064043,4,8
orderid:746920,crmid:5055340615,0,5
orderid:959155,crmid:5845361732,10,6
orderid:913648,crmid:9763133200,4,7
orderid:885688,crmid:1370527264,2,4
orderid:205676,crmid:6182816082,3,4
orderid:366157,crmid:1163082677,5,3
orderid:899017,crmid:1560259536,3,5
orderid:753495,crmid:5692315547,8,4
orderid:407570,crmid:2233126558,3,4
orderid:363617,crmid:5235682190,5,4
orderid:522916,crmid:8639801534,1,5
orderid:227612,crmid:7021199250,5,4
orderid:874807,crmid:8757522817,4,3
orderid:604386,crmid:8401567419,5,5
orderid:831548,crmid:2880770628,4,3
orderid:128416,crmid:1805398381,7,2
orderid:785163,crmid:6060315213,4,1
orderid:881477,crmid:9677990005,4,3
orderid:759754,crmid:3624481427,4,3
orderid:179849,crmid:2618566203,3,5
orderid:205286,crmid:5065194338,5,5
orderid:363933,crmid:9939204087,5,4
orderid:916799,crmid:4790315749,4,3
orderid:413829,crmid:4205171146,6,3
orderid:517982,crmid:9237860132,3,4
orderid:677890,crmid:7111500423,4,6
orderid:808120,crmid:8397928657,3,2
orderid:841921,crmid:5263391127,4,3
orderid:275698,crmid:9082688612,5,9
orderid:781840,crmid:3715968106,5,4
orderid:173420,crmid:6572786334,4,3
orderid:242245,crmid:9805973984,5,5
orderid:965976,crmid:4289572545,3,4
orderid:954605,crmid:7907841332,4,5
orderid:949211,crmid:6728135769,5,5
orderid:650625,crmid:7910711355,4,9
orderid:744500,crmid:6010762530,3,4
orderid:277848,crmid:1302076931,10,5
orderid:157932,crmid:9422481817,4,5
orderid:214527,crmid:6523276155,4,4
orderid:899730,crmid:1597982480,7,4
orderid:458071,crmid:3583253387,4,3
orderid:761498,crmid:7552995195,3,8
orderid:501482,crmid:9355807971,5,2
orderid:451581,crmid:3428080648,4,4
orderid:366872,crmid:7418055942,4,4
orderid:219545,crmid:6910116975,4,8
orderid:621564,crmid:6977467869,6,5
orderid:685122,crmid:2671976988,4,4
orderid:359192,crmid:9056562799,8,4
orderid:618216,crmid:8672321302,6,6
orderid:792482,crmid:7616078480,4,4
orderid:301075,crmid:5372707800,8,4
orderid:346958,crmid:8927246288,9,3
orderid:368226,crmid:9927142567,4,5
orderid:648731,crmid:1211045989,10,4
orderid:632928,crmid:5307100363,5,6
orderid:145838,crmid:4337710220,6,5
orderid:787938,crmid:1685773652,3,4
orderid:669201,crmid:8129441359,3,3
orderid:921671,crmid:7496342146,3,4
orderid:815217,crmid:7805192098,5,4
orderid:461687,crmid:7808265660,3,4
orderid:759794,crmid:2110334696,8,4
orderid:515441,crmid:9900353854,3,5
orderid:820888,crmid:2394231119,5,3
orderid:410125,crmid:6526553555,4,4
orderid:669991,crmid:9459821296,4,8
orderid:274284,crmid:7490698463,8,3
orderid:596121,crmid:2878511437,5,5
orderid:592408,crmid:4381489533,2,4
orderid:840875,crmid:4055454281,4,6
orderid:755452,crmid:4241579864,4,8
orderid:859054,crmid:8818615516,4,5
orderid:107583,crmid:7699872293,5,2
orderid:703987,crmid:9428656895,5,4
orderid:785416,crmid:6891732883,9,3
orderid:370100,crmid:7352490052,4,5
orderid:989747,crmid:8746329768,3,3
orderid:236059,crmid:1423971722,4,3
orderid:616474,crmid:9204111521,3,3
orderid:785350,crmid:2692555337,5,6
orderid:956617,crmid:4027983954,5,8
orderid:369385,crmid:6411818178,4,3
orderid:987073,crmid:5570294354,3,4
orderid:184430,crmid:2227553514,8,2
orderid:767927,crmid:6679121766,7,6
orderid:939316,crmid:2477410279,3,4
