id,crmid,propensity_room_upgrade,propensity_extended_nights
orderid:477167,crmid:6125525024,5,5
orderid:915268,crmid:4772391901,4,3
orderid:221999,crmid:1511346962,5,4
orderid:593551,crmid:8855728859,6,5
orderid:783589,crmid:9525237288,4,5
orderid:640706,crmid:4267472426,4,5
orderid:467857,crmid:5924772587,5,5
orderid:176086,crmid:2331875906,4,8
orderid:561963,crmid:3931898319,3,3
orderid:844912,crmid:4973779109,4,4
orderid:676774,crmid:9561846913,3,4
orderid:834394,crmid:4551867728,3,5
orderid:627699,crmid:2446511514,5,4
orderid:194119,crmid:9405122943,5,5
orderid:954006,crmid:4697281168,5,6
orderid:179734,crmid:4093185717,8,3
orderid:784624,crmid:9946405425,3,4
orderid:365371,crmid:3502951605,4,4
orderid:389200,crmid:2704342667,2,2
orderid:675786,crmid:8627745451,3,3
orderid:347665,crmid:6683938091,8,4
orderid:382039,crmid:7056586908,8,4
orderid:525667,crmid:5307482709,5,3
orderid:916260,crmid:9420355522,5,4
orderid:137805,crmid:7037697025,4,3
orderid:215365,crmid:9549718530,3,5
orderid:521052,crmid:5778719683,4,3
orderid:362177,crmid:4417976582,4,4
orderid:381387,crmid:1978990295,5,5
orderid:775103,crmid:4289847101,4,4
orderid:460379,crmid:8569542905,4,6
orderid:621538,crmid:3883749930,4,3
orderid:576371,crmid:6186804766,3,4
orderid:630876,crmid:9264126241,5,3
orderid:155369,crmid:5538828735,6,3
orderid:216461,crmid:5066615141,6,4
orderid:631968,crmid:4519702879,4,5
orderid:873511,crmid:9425012369,9,5
orderid:380921,crmid:6753043124,5,4
orderid:624273,crmid:4372143740,4,4
orderid:156385,crmid:6676258842,4,4
orderid:640787,crmid:7378022027,5,5
orderid:373106,crmid:6913668140,4,9
orderid:498961,crmid:7799549867,3,4
orderid:804811,crmid:3050394523,3,7
orderid:685368,crmid:5357461781,2,3
orderid:737830,crmid:2255543598,3,8
orderid:779074,crmid:8839894066,3,3
orderid:573818,crmid:1895473432,5,2
orderid:175556,crmid:2750583554,4,5
orderid:199460,crmid:9194202718,6,3
orderid:672040,crmid:5180560682,3,2
orderid:694684,crmid:9268464145,9,3
orderid:809615,crmid:5352171741,3,5
orderid:351746,crmid:1979599709,3,4
orderid:261087,crmid:4241210728,3,7
orderid:394860,crmid:1325509179,4,8
orderid:371836,crmid:1546646145,4,3
orderid:155596,crmid:6690158905,3,4
orderid:867354,crmid:2216535451,3,3
orderid:662681,crmid:4221363642,4,4
orderid:523038,crmid:2118292022,4,3
orderid:264266,crmid:9873571442,4,4
orderid:307229,crmid:2563269857,2,4
orderid:599832,crmid:7115391503,3,5
orderid:257096,crmid:3858751992,3,3
orderid:335139,crmid:2430688582,3,7
orderid:261621,crmid:3442881105,9,1
orderid:994807,crmid:1243897701,6,3
orderid:859914,crmid:2675036440,3,6
orderid:804488,crmid:9587100880,4,3
orderid:680243,crmid:8926144873,3,4
orderid:688420,crmid:6736493646,7,3
orderid:762725,crmid:1380190179,3,4
orderid:456599,crmid:5919199915,4,9
orderid:918235,crmid:6847459868,4,6
orderid:211356,crmid:2442555543,4,5
orderid:469358,crmid:5313162692,3,4
orderid:525868,crmid:3694818975,3,5
orderid:346004,crmid:1412237696,4,3
orderid:683185,crmid:9473551762,4,3
orderid:787499,crmid:9686349150,4,4
orderid:101574,crmid:4792361792,3,5
orderid:116827,crmid:6534883598,5,5
orderid:820777,crmid:8685318706,4,4
orderid:981132,crmid:4729418953,4,4
orderid:888040,crmid:1102535901,5,3
orderid:582827,crmid:6742309868,9,4
orderid:490250,crmid:5115422015,3,8
orderid:794422,crmid:6195368970,5,5
orderid:958470,crmid:2528359941,5,8
orderid:932226,crmid:8598965521,4,4
orderid:473366,crmid:9361748794,4,4
orderid:766551,crmid:8255013563,5,5
orderid:792787,crmid:3535289460,5,4
orderid:911484,crmid:5086169431,3,8
orderid:257720,crmid:9749180573,8,4
orderid:540257,crmid:8071740422,5,5
orderid:414596,crmid:7956013528,8,4
orderid:391439,crmid:9914476187,4,3
orderid:978138,crmid:4191375879,3,4
orderid:207119,crmid:5369524302,8,4
orderid:881508,crmid:5558555992,5,6
orderid:448469,crmid:3858023101,4,4
orderid:822041,crmid:3696399349,3,5
orderid:269459,crmid:9097187456,6,3
orderid:329660,crmid:3525356015,10,5
orderid:675040,crmid:5398912109,3,2
orderid:234776,crmid:9745883555,5,4
orderid:287924,crmid:6718409333,3,3
orderid:363811,crmid:2922866321,5,5
orderid:638278,crmid:6957939621,5,4
orderid:131759,crmid:2098254824,4,2
orderid:333582,crmid:2379155031,4,5
orderid:423579,crmid:8161303367,5,5
orderid:450067,crmid:4357446994,2,3
orderid:753616,crmid:8181971064,4,3
orderid:290285,crmid:7672102875,2,5
orderid:737965,crmid:2519065501,4,3
orderid:440162,crmid:6262555543,4,4
orderid:807002,crmid:6336354179,4,6
orderid:560716,crmid:1376757101,4,8
orderid:530522,crmid:5528716020,4,4
orderid:378331,crmid:5635731873,5,9
orderid:376348,crmid:5869553824,4,3
orderid:513661,crmid:7942529614,4,5
orderid:284873,crmid:8548496536,4,9
orderid:393497,crmid:1862150512,4,3
orderid:447469,crmid:5813829008,4,5
orderid:914643,crmid:6761342207,5,3
orderid:754621,crmid:7549227834,6,4
orderid:677960,crmid:3839989486,4,2
orderid:553869,crmid:9051166529,3,4
orderid:547817,crmid:4876188681,4,5
orderid:165246,crmid:4547192451,4,5
orderid:835545,crmid:5627711992,3,4
orderid:917246,crmid:3929275335,3,9
orderid:359043,crmid:6654211039,5,2
orderid:910639,crmid:2529225261,3,8
orderid:462702,crmid:5566136330,10,4
orderid:104362,crmid:2642329231,4,3
orderid:640923,crmid:4566971541,5,3
orderid:228522,crmid:9363728642,4,4
orderid:274095,crmid:7981909884,3,5
orderid:608668,crmid:9830824909,4,3
orderid:641586,crmid:7185182966,5,4
orderid:276906,crmid:4021081981,4,3
orderid:564360,crmid:9251536695,5,3
orderid:315822,crmid:1170052288,9,5
orderid:839868,crmid:8802795731,1,5
orderid:710314,crmid:6683956102,4,3
orderid:604103,crmid:8372596974,4,4
orderid:145328,crmid:3116847443,7,4
orderid:260153,crmid:2041809231,6,3
orderid:290954,crmid:2340434894,4,4
orderid:173965,crmid:2428311182,3,3
orderid:869650,crmid:6044577385,8,5
orderid:492515,crmid:9629816756,5,4
orderid:276720,crmid:3463886796,4,4
orderid:988937,crmid:6012861623,5,3
orderid:830779,crmid:9574585239,8,4
orderid:470639,crmid:8389457751,7,2
orderid:150780,crmid:8893636463,4,4
orderid:356856,crmid:9287737186,5,3
orderid:788032,crmid:6395109628,3,5
orderid:832250,crmid:4453494097,5,4
orderid:320570,crmid:7471629708,2,5
orderid:825004,crmid:6956740070,8,4
orderid:442161,crmid:8625253808,3,5
orderid:783826,crmid:8908557217,3,3
orderid:584928,crmid:7453995592,10,5
orderid:900993,crmid:1256054632,4,5
orderid:869940,crmid:4999502944,3,3
orderid:903662,crmid:1733517508,5,4
orderid:627750,crmid:1386128721,4,4
orderid:484878,crmid:3329936923,3,3
orderid:503514,crmid:9347818370,10,4
orderid:359039,crmid:2503206816,3,3
orderid:604098,crmid:8344107620,7,3
orderid:384660,crmid:1070253825,4,4
orderid:572579,crmid:6351804331,3,4
orderid:389133,crmid:8774644191,4,4
orderid:364960,crmid:2155851714,4,4
orderid:200633,crmid:9938757818,4,4
orderid:789864,crmid:5716272877,4,4
orderid:910710,crmid:4767062737,5,6
orderid:868493,crmid:5011769881,3,3
orderid:187495,crmid:3883486898,4,2
orderid:991006,crmid:7207980483,3,4
orderid:262613,crmid:2395842810,4,5
orderid:105520,crmid:2068470606,4,4
orderid:353151,crmid:1481649532,6,2
orderid:238812,crmid:3559046373,5,4
orderid:540818,crmid:7661118408,3,5
orderid:735695,crmid:4964729301,4,7
orderid:436865,crmid:2372100459,4,4
orderid:102304,crmid:1104685135,3,4
orderid:861467,crmid:5692768129,4,6
orderid:848563,crmid:4112524889,7,2
orderid:425604,crmid:4147951922,4,3
