id,reservationid,orderid,crmid,timestamp,orderType,productsku,hotelCheckInUnix,hotelCheckOutUnix,hotelCheckInTS,hotelCheckOutTS,hotelName,hotelChain,hotelLocation,hotelRoomType,hotelRoomCount,hotelGuestAdultCount,hotelGuestChildCount,hotelNightCount,hotelRoomPrice,hotelFinalPrice
c8e1685c-53cb-11ea-a6a6-b88a60e194fb,B1T-WDAP,orderid:588715,crmid:5237073072,2019-12-17T15:46:20.000Z,website,prd1100,1577115980,1577720780,2019-12-23T15:46:20+00:00,2019-12-30T15:46:20+00:00,Aspen Heights: Misk,Aspen Heights,Misk,standard,1,1,0,7,95.58,669.06
c8e252ba-53cb-11ea-8cb7-b88a60e194fb,MWJ-IZGI,orderid:279552,crmid:8708884100,2020-01-26T07:05:35.000Z,call center,prd1168,1580108735,1580195135,2020-01-27T07:05:35+00:00,2020-01-28T07:05:35+00:00,Sandhill: Albuquerque,Sandhill,Albuquerque,standard,1,1,0,1,144.39,144.39
c8e38b3a-53cb-11ea-b0fe-b88a60e194fb,UEY-AQI6,orderid:227498,crmid:1935903909,2019-12-02T17:50:20.000Z,website,prd1019,1576173020,1576605020,2019-12-12T17:50:20+00:00,2019-12-17T17:50:20+00:00,Nesting Box Inn: Charlotte,Nesting Box Inn,Charlotte,standard,1,1,0,5,124.02,620.1
c8e4c55a-53cb-11ea-8563-b88a60e194fb,CJG-8RPU,orderid:881453,crmid:4680346007,2020-01-16T17:22:32.000Z,website,prd1178,1581096152,1581787352,2020-02-07T17:22:32+00:00,2020-02-15T17:22:32+00:00,Blue Reef Resort: Colorado Springs,Blue Reef Resort,Colorado Springs,premium,1,1,0,8,133.56,1068.48
c8e5af7a-53cb-11ea-a230-b88a60e194fb,P7Z-WDVY,orderid:529847,crmid:7030826440,2020-01-20T10:15:47.000Z,mobile,prd1011,1580033747,1580120147,2020-01-26T10:15:47+00:00,2020-01-27T10:15:47+00:00,Hospitality Inn: Dallas,Hospitality Inn,Dallas,premium,1,1,0,1,156.75,156.75
c8e5d53a-53cb-11ea-9d1c-b88a60e194fb,ETP-3A2W,orderid:585577,crmid:7030826440,2020-01-29T00:00:00.000Z,kiosk,prd1133,1580515200,1580774400,2020-02-01T00:00:00+00:00,2020-02-04T00:00:00+00:00,Grandeur Hotels: Toronto,Grandeur Hotels,Toronto,standard,1,1,0,3,132.24,396.72
c8e6e7e4-53cb-11ea-906f-b88a60e194fb,ROY-EEX6,orderid:554730,crmid:3350621602,2019-12-16T08:11:55.000Z,mobile,prd1142,1578730315,1579075915,2020-01-11T08:11:55+00:00,2020-01-15T08:11:55+00:00,Blue Reef Resort: Philadelphia,Blue Reef Resort,Philadelphia,premium,1,1,0,4,101.36,405.44
c8e81f1a-53cb-11ea-afd4-b88a60e194fb,KDG-3OFH,orderid:748663,crmid:8352216241,2020-01-02T12:32:01.000Z,website,prd1129,1580301121,1580733121,2020-01-29T12:32:01+00:00,2020-02-03T12:32:01+00:00,Admiralty Plaza: Helsinki,Admiralty Plaza,Helsinki,standard,1,1,0,5,112.88,564.4
c8e931dc-53cb-11ea-ae1d-b88a60e194fb,DOD-HAXV,orderid:571917,crmid:2574362364,2019-12-06T15:04:46.000Z,website,prd1190,1577459086,1577977486,2019-12-27T15:04:46+00:00,2020-01-02T15:04:46+00:00,Blue Reef Resort: Aurora,Blue Reef Resort,Aurora,standard,1,1,0,6,143.6,861.6
c8ea1ae8-53cb-11ea-9272-b88a60e194fb,NJU-OM21,orderid:871078,crmid:5454403210,2020-01-28T16:44:15.000Z,kiosk,prd1011,1582389855,1582994655,2020-02-22T16:44:15+00:00,2020-02-29T16:44:15+00:00,Hospitality Inn: Dallas,Hospitality Inn,Dallas,standard,1,1,4,7,151.81,1062.67
c8eb2da6-53cb-11ea-b2c9-b88a60e194fb,V8P-8SZF,orderid:105604,crmid:6478915541,2020-01-08T07:33:24.000Z,service desk,prd1181,1580110404,1580801604,2020-01-27T07:33:24+00:00,2020-02-04T07:33:24+00:00,Grandeur Hotels: Oakland,Grandeur Hotels,Oakland,standard,1,1,0,8,137.93,1103.44
c8ec8d4c-53cb-11ea-bcfc-b88a60e194fb,KEF-KNAD,orderid:998739,crmid:8317097821,2019-12-28T06:32:57.000Z,mobile,prd1066,1577860377,1578119577,2020-01-01T06:32:57+00:00,2020-01-04T06:32:57+00:00,Sego Lily Suites: Shanghai,Sego Lily Suites,Shanghai,premium,1,1,0,3,147.41,442.23
c8edc5c0-53cb-11ea-8b86-b88a60e194fb,RAP-CODW,orderid:528360,crmid:7886776217,2020-01-15T10:07:21.000Z,website,prd1117,1579169241,1579342041,2020-01-16T10:07:21+00:00,2020-01-18T10:07:21+00:00,Admiralty Plaza: Dublin,Admiralty Plaza,Dublin,standard,1,1,0,2,115.44,230.88
c8eeb01e-53cb-11ea-8a03-b88a60e194fb,JPX-AYUZ,orderid:228671,crmid:9009629926,2019-12-17T09:15:44.000Z,website,prd1021,1578388544,1579511744,2020-01-07T09:15:44+00:00,2020-01-20T09:15:44+00:00,Admiralty Plaza: Denver,Admiralty Plaza,Denver,standard,1,1,0,13,104.28,1355.64
c8efe8a6-53cb-11ea-a7da-b88a60e194fb,TOB-QZNE,orderid:528334,crmid:2530490031,2019-12-16T17:55:55.000Z,website,prd1165,1576778155,1576950955,2019-12-19T17:55:55+00:00,2019-12-21T17:55:55+00:00,Admiralty Plaza: Louisville,Admiralty Plaza,Louisville,standard,1,1,0,2,144.95,289.9
c8f0fa26-53cb-11ea-86a0-b88a60e194fb,R8A-LJYZ,orderid:286038,crmid:7345061961,2020-01-07T08:52:52.000Z,kiosk,prd1082,1578646372,1578991972,2020-01-10T08:52:52+00:00,2020-01-14T08:52:52+00:00,Blue Reef Resort: Surat,Blue Reef Resort,Surat,standard,1,1,0,4,120.7,482.8
c8f1e488-53cb-11ea-9217-b88a60e194fb,ONR-VQGY,orderid:514982,crmid:6804353894,2019-12-31T01:45:38.000Z,website,prd1038,1577843138,1577929538,2020-01-01T01:45:38+00:00,2020-01-02T01:45:38+00:00,Restful Nights: Mesa,Restful Nights,Mesa,premium,1,1,0,1,102.42,102.42
c8f31b92-53cb-11ea-9eed-b88a60e194fb,0AT-EHPY,orderid:248662,crmid:9654999498,2020-01-06T08:16:09.000Z,website,prd1064,1580026569,1580631369,2020-01-26T08:16:09+00:00,2020-02-02T08:16:09+00:00,Aspen Heights: Paris,Aspen Heights,Paris,luxury,1,1,0,7,369.17,2584.19
c8f47c90-53cb-11ea-888a-b88a60e194fb,AJN-JOKU,orderid:962951,crmid:8703977873,2020-01-27T15:30:00.000Z,call center,prd1044,1580916600,1581175800,2020-02-05T15:30:00+00:00,2020-02-08T15:30:00+00:00,Repose Resort: Colorado Springs,Repose Resort,Colorado Springs,luxury,1,1,2,3,305.79,917.37
c8f58dd8-53cb-11ea-9574-b88a60e194fb,SYX-5NRC,orderid:733410,crmid:7096631998,2019-12-09T13:20:27.000Z,call center,prd1165,1577971227,1578576027,2020-01-02T13:20:27+00:00,2020-01-09T13:20:27+00:00,Admiralty Plaza: Louisville,Admiralty Plaza,Louisville,premium,1,1,0,7,159.38,1115.66
c8f67850-53cb-11ea-a15a-b88a60e194fb,WBT-6P6K,orderid:953581,crmid:3113746577,2019-12-21T02:05:43.000Z,mobile,prd1065,1576980343,1577066743,2019-12-22T02:05:43+00:00,2019-12-23T02:05:43+00:00,Sapphire Suites: Beijing,Sapphire Suites,Beijing,standard,1,1,0,1,122.15,122.15
c8f7898c-53cb-11ea-b304-b88a60e194fb,WK3-BH9T,orderid:225449,crmid:1563828621,2019-12-09T06:03:55.000Z,website,prd1094,1578290635,1578981835,2020-01-06T06:03:55+00:00,2020-01-14T06:03:55+00:00,Blue Reef Resort: Berlin,Blue Reef Resort,Berlin,standard,1,1,0,8,109.59,876.72
c8f8e950-53cb-11ea-90c6-b88a60e194fb,ICZ-JI5J,orderid:760920,crmid:9326573316,2020-01-21T02:19:20.000Z,website,prd1089,1580264360,1581041960,2020-01-29T02:19:20+00:00,2020-02-07T02:19:20+00:00,Sapphire Suites: Rome,Sapphire Suites,Rome,standard,1,1,3,9,137.53,1237.77
c8f9fac0-53cb-11ea-a323-b88a60e194fb,XAU-RVZS,orderid:622982,crmid:2833563734,2020-02-02T12:12:52.000Z,mobile,prd1026,1580731972,1580904772,2020-02-03T12:12:52+00:00,2020-02-05T12:12:52+00:00,Restful Nights: Nashville,Restful Nights,Nashville,standard,1,1,0,2,196.47,392.94
c8fb31e6-53cb-11ea-b3a4-b88a60e194fb,I8F-ECBQ,orderid:425284,crmid:9181287479,2020-01-23T20:31:30.000Z,kiosk,prd1161,1581712290,1583008290,2020-02-14T20:31:30+00:00,2020-02-29T20:31:30+00:00,Sapphire Suites: Memphis,Sapphire Suites,Memphis,standard,1,1,0,15,114.28,1714.2
c8fcb892-53cb-11ea-9402-b88a60e194fb,NAL-NZ46,orderid:428963,crmid:7647616720,2020-02-02T03:23:10.000Z,website,prd1109,1581132190,1581564190,2020-02-08T03:23:10+00:00,2020-02-13T03:23:10+00:00,Grandeur Hotels: Belgrade,Grandeur Hotels,Belgrade,standard,1,1,3,5,167.87,839.35
c8fdf270-53cb-11ea-9f4f-b88a60e194fb,MOK-UPTR,orderid:676840,crmid:8506810185,2020-02-10T12:20:27.000Z,call center,prd1094,1581423627,1581855627,2020-02-11T12:20:27+00:00,2020-02-16T12:20:27+00:00,Blue Reef Resort: Berlin,Blue Reef Resort,Berlin,premium,1,1,0,5,161.14,805.7
c8ff5106-53cb-11ea-ab19-b88a60e194fb,CLE-U8B7,orderid:181027,crmid:6419801494,2019-12-07T13:25:00.000Z,website,prd1021,1576329900,1576589100,2019-12-14T13:25:00+00:00,2019-12-17T13:25:00+00:00,Admiralty Plaza: Denver,Admiralty Plaza,Denver,standard,1,1,0,3,142.82,428.46
c9003c4c-53cb-11ea-b2c5-b88a60e194fb,8OD-Y8HL,orderid:338287,crmid:8894155997,2020-02-06T10:46:26.000Z,website,prd1081,1581763586,1582541186,2020-02-15T10:46:26+00:00,2020-02-24T10:46:26+00:00,Admiralty Plaza: Rod de Janeiro,Admiralty Plaza,Rod de Janeiro,standard,1,1,4,9,161.08,1449.72
c9014dc0-53cb-11ea-97ef-b88a60e194fb,82Z-MK3Y,orderid:840141,crmid:4524190986,2019-12-19T17:45:21.000Z,call center,prd1190,1578419121,1579110321,2020-01-07T17:45:21+00:00,2020-01-15T17:45:21+00:00,Blue Reef Resort: Aurora,Blue Reef Resort,Aurora,standard,1,1,0,8,148.31,1186.48
c902ae7a-53cb-11ea-a78b-b88a60e194fb,POS-IQLD,orderid:921752,crmid:3988733321,2020-01-28T15:52:15.000Z,call center,prd1141,1582645935,1583682735,2020-02-25T15:52:15+00:00,2020-03-08T15:52:15+00:00,Admiralty Plaza: Phoenix,Admiralty Plaza,Phoenix,standard,1,1,4,12,136.62,1639.44
c903e48c-53cb-11ea-adf6-b88a60e194fb,QED-CSWS,orderid:207685,crmid:5588223296,2020-02-09T15:24:33.000Z,kiosk,prd1196,1581348273,1581780273,2020-02-10T15:24:33+00:00,2020-02-15T15:24:33+00:00,Aspen Heights: Moscow,Aspen Heights,Moscow,standard,1,1,0,5,157.12,785.6
c904cef4-53cb-11ea-b27f-b88a60e194fb,Q6H-YVN4,orderid:440283,crmid:3266019128,2019-12-10T12:17:44.000Z,kiosk,prd1154,1576066664,1576153064,2019-12-11T12:17:44+00:00,2019-12-12T12:17:44+00:00,Blue Reef Resort: Seattle,Blue Reef Resort,Seattle,standard,1,1,0,1,127.69,127.69
c905b95e-53cb-11ea-89b3-b88a60e194fb,SAP-F1UA,orderid:930080,crmid:7616654154,2019-12-25T06:04:54.000Z,kiosk,prd1136,1579154694,1579500294,2020-01-16T06:04:54+00:00,2020-01-20T06:04:54+00:00,Aspen Heights: Osaka,Aspen Heights,Osaka,standard,1,1,3,4,157.14,628.56
c906caca-53cb-11ea-be11-b88a60e194fb,ADM-6WZB,orderid:939316,crmid:9504953236,2019-12-22T20:00:57.000Z,service desk,prd1058,1577390457,1577476857,2019-12-26T20:00:57+00:00,2019-12-27T20:00:57+00:00,Blue Reef Resort: Delhi,Blue Reef Resort,Delhi,standard,1,1,0,1,147.12,147.12
c9082a58-53cb-11ea-b7a4-b88a60e194fb,XM4-VWLT,orderid:572328,crmid:6226387715,2019-12-09T00:41:19.000Z,website,prd1123,1576802479,1577493679,2019-12-20T00:41:19+00:00,2019-12-28T00:41:19+00:00,Family Fun Hotels: Amsterdam,Family Fun Hotels,Amsterdam,standard,1,1,2,8,84.83,678.64
c90989e6-53cb-11ea-939b-b88a60e194fb,I27-TSIY,orderid:108293,crmid:8331215432,2020-01-16T13:40:52.000Z,website,prd1188,1580823652,1581860452,2020-02-04T13:40:52+00:00,2020-02-16T13:40:52+00:00,Repose Resort: Tampa,Repose Resort,Tampa,standard,1,1,0,12,117.83,1413.96
c90a744c-53cb-11ea-8870-b88a60e194fb,HPG-WEBA,orderid:833410,crmid:6657290262,2020-01-28T14:49:38.000Z,call center,prd1161,1581778178,1583333378,2020-02-15T14:49:38+00:00,2020-03-04T14:49:38+00:00,Sapphire Suites: Memphis,Sapphire Suites,Memphis,ultra-luxury,1,1,0,18,365.13,6572.34
c90b85ba-53cb-11ea-9046-b88a60e194fb,AXT-BBS6,orderid:201003,crmid:2168332685,2019-12-19T21:24:17.000Z,call center,prd1143,1577741057,1578777857,2019-12-30T21:24:17+00:00,2020-01-11T21:24:17+00:00,Hospitality Inn: San Antonio,Hospitality Inn,San Antonio,standard,1,1,0,12,147.72,1772.64
c90cbe1c-53cb-11ea-a87b-b88a60e194fb,VX8-GUHB,orderid:714884,crmid:5442674896,2020-02-03T18:03:13.000Z,kiosk,prd1106,1582567393,1583690593,2020-02-24T18:03:13+00:00,2020-03-08T18:03:13+00:00,Blue Reef Resort: Munich,Blue Reef Resort,Munich,standard,1,1,0,13,76.58,995.54
c90ee108-53cb-11ea-97d5-b88a60e194fb,MYU-143P,orderid:751741,crmid:3016021437,2019-12-15T20:53:07.000Z,call center,prd1196,1578430387,1579553587,2020-01-07T20:53:07+00:00,2020-01-20T20:53:07+00:00,Aspen Heights: Moscow,Aspen Heights,Moscow,standard,1,1,3,13,181.75,2362.75
c91019d2-53cb-11ea-9fc7-b88a60e194fb,ALP-9VXR,orderid:795825,crmid:3309109302,2019-12-03T04:24:24.000Z,call center,prd1179,1577161464,1577766264,2019-12-24T04:24:24+00:00,2019-12-31T04:24:24+00:00,Hospitality Inn: Miami,Hospitality Inn,Miami,standard,1,1,0,7,147.26,1030.82
c9117900-53cb-11ea-b88f-b88a60e194fb,A1N-WUAQ,orderid:868918,crmid:5143653466,2019-12-31T13:30:37.000Z,mobile,prd1081,1579786237,1580045437,2020-01-23T13:30:37+00:00,2020-01-26T13:30:37+00:00,Admiralty Plaza: Rod de Janeiro,Admiralty Plaza,Rod de Janeiro,standard,1,1,3,3,105.48,316.44
c912d892-53cb-11ea-bebb-b88a60e194fb,HQM-ZD2I,orderid:171037,crmid:7050932570,2020-01-21T09:58:22.000Z,call center,prd1017,1581501502,1581933502,2020-02-12T09:58:22+00:00,2020-02-17T09:58:22+00:00,Sapphire Suites: Fort Worth,Sapphire Suites,Fort Worth,standard,1,1,0,5,124.97,624.85
c9145fb8-53cb-11ea-9f10-b88a60e194fb,ENF-U1OR,orderid:287725,crmid:4622509539,2019-12-16T03:56:08.000Z,call center,prd1080,1577332568,1577591768,2019-12-26T03:56:08+00:00,2019-12-29T03:56:08+00:00,Repose Resort: Hyderabad,Repose Resort,Hyderabad,standard,1,1,0,3,160.58,481.74
c9154998-53cb-11ea-8c30-b88a60e194fb,JFS-KPDM,orderid:228969,crmid:6479609437,2020-01-17T23:54:46.000Z,website,prd1085,1581206086,1581378886,2020-02-08T23:54:46+00:00,2020-02-10T23:54:46+00:00,Grandeur Hotels: Saint Petersburg,Grandeur Hotels,Saint Petersburg,standard,1,1,2,2,157.8,315.6
c916836e-53cb-11ea-b965-b88a60e194fb,CJM-1K7A,orderid:122925,crmid:9378996997,2020-02-08T04:44:00.000Z,call center,prd1184,1581223440,1581482640,2020-02-09T04:44:00+00:00,2020-02-12T04:44:00+00:00,Aspen Heights: Arlington,Aspen Heights,Arlington,standard,1,1,0,3,145.61,436.83
c917e1b6-53cb-11ea-a319-b88a60e194fb,XFU-YUIA,orderid:852390,crmid:5054086073,2020-02-04T21:56:19.000Z,mobile,prd1188,1583186179,1583445379,2020-03-02T21:56:19+00:00,2020-03-05T21:56:19+00:00,Repose Resort: Tampa,Repose Resort,Tampa,standard,1,1,0,3,139.43,418.29
c918cd40-53cb-11ea-8489-b88a60e194fb,DGW-YIJN,orderid:836682,crmid:7379530030,2020-02-07T22:52:23.000Z,call center,prd1021,1583016743,1583621543,2020-02-29T22:52:23+00:00,2020-03-07T22:52:23+00:00,Admiralty Plaza: Denver,Admiralty Plaza,Denver,standard,1,1,0,7,115.08,805.56
c919dec8-53cb-11ea-8933-b88a60e194fb,IHG-4IG4,orderid:135349,crmid:5781398670,2020-01-17T13:33:24.000Z,mobile,prd1118,1579872804,1581514404,2020-01-24T13:33:24+00:00,2020-02-12T13:33:24+00:00,Blue Reef Resort: Cologne,Blue Reef Resort,Cologne,standard,1,1,0,19,164.41,3123.79
c91af058-53cb-11ea-bd3d-b88a60e194fb,I48-95OI,orderid:503758,crmid:1046445319,2020-01-01T08:12:57.000Z,kiosk,prd1016,1577952777,1578039177,2020-01-02T08:12:57+00:00,2020-01-03T08:12:57+00:00,Aspen Heights: Columbus,Aspen Heights,Columbus,standard,1,1,0,1,122.21,122.21
c91c01b4-53cb-11ea-9145-b88a60e194fb,1IE-PGEV,orderid:756189,crmid:9508447636,2020-01-08T07:12:02.000Z,kiosk,prd1184,1580541122,1580973122,2020-02-01T07:12:02+00:00,2020-02-06T07:12:02+00:00,Aspen Heights: Arlington,Aspen Heights,Arlington,standard,1,1,2,5,119.94,599.7
c91d1342-53cb-11ea-b223-b88a60e194fb,0JN-DBJZ,orderid:588992,crmid:6853670656,2020-01-17T01:03:46.000Z,service desk,prd1112,1579482226,1579741426,2020-01-20T01:03:46+00:00,2020-01-23T01:03:46+00:00,Aspen Heights: Birmingham,Aspen Heights,Birmingham,standard,1,1,0,3,129.24,387.72
c91dfd94-53cb-11ea-adc7-b88a60e194fb,ZWG-UNIO,orderid:852563,crmid:9625819729,2019-12-28T21:33:59.000Z,website,prd1004,1579728839,1580247239,2020-01-22T21:33:59+00:00,2020-01-28T21:33:59+00:00,Aspen Heights: Boulder,Aspen Heights,Boulder,standard,1,1,0,6,147.18,883.08
c91f42fa-53cb-11ea-a621-b88a60e194fb,0YS-CCV8,orderid:840566,crmid:6675784005,2020-02-08T07:17:17.000Z,website,prd1106,1583219837,1584429437,2020-03-03T07:17:17+00:00,2020-03-17T07:17:17+00:00,Blue Reef Resort: Munich,Blue Reef Resort,Munich,standard,1,1,1,14,122.22,1711.08
c9206d1e-53cb-11ea-a9be-b88a60e194fb,WGX-OJ9C,orderid:325355,crmid:2496368821,2020-01-02T21:59:27.000Z,kiosk,prd1179,1580335167,1581112767,2020-01-29T21:59:27+00:00,2020-02-07T21:59:27+00:00,Hospitality Inn: Miami,Hospitality Inn,Miami,standard,1,1,0,9,123.86,1114.74
c921f3c6-53cb-11ea-967c-b88a60e194fb,ZUD-FJMB,orderid:118104,crmid:9695992919,2020-02-03T09:17:21.000Z,service desk,prd1089,1580980641,1581499041,2020-02-06T09:17:21+00:00,2020-02-12T09:17:21+00:00,Sapphire Suites: Rome,Sapphire Suites,Rome,standard,1,1,0,6,116.02,696.12
c9232c4c-53cb-11ea-81d9-b88a60e194fb,HND-PFZD,orderid:466366,crmid:9530601107,2020-02-09T06:52:25.000Z,kiosk,prd1049,1583391145,1584859945,2020-03-05T06:52:25+00:00,2020-03-22T06:52:25+00:00,Grandeur Hotels: Tulsa,Grandeur Hotels,Tulsa,standard,1,1,1,17,138.85,2360.45
c9248c0a-53cb-11ea-9101-b88a60e194fb,XAS-IVBL,orderid:927663,crmid:4145790306,2020-01-27T17:45:29.000Z,call center,prd1095,1582134329,1582825529,2020-02-19T17:45:29+00:00,2020-02-27T17:45:29+00:00,Hospitality Inn: Casablanca,Hospitality Inn,Casablanca,premium,1,1,0,8,99.91,799.28
c9259e9c-53cb-11ea-92bd-b88a60e194fb,FFA-8T9A,orderid:651925,crmid:8376627505,2019-12-12T16:23:28.000Z,call center,prd1070,1576772608,1576945408,2019-12-19T16:23:28+00:00,2019-12-21T16:23:28+00:00,Blue Reef Resort: Jakarta,Blue Reef Resort,Jakarta,premium,1,1,0,2,110.34,220.68
c92661da-53cb-11ea-aa3b-b88a60e194fb,SJX-D1OW,orderid:502185,crmid:4616002545,2019-12-03T14:13:24.000Z,service desk,prd1034,1577456004,1577801604,2019-12-27T14:13:24+00:00,2019-12-31T14:13:24+00:00,Blue Reef Resort: Albuquerque,Blue Reef Resort,Albuquerque,standard,1,1,0,4,132.1,528.4
c927c18c-53cb-11ea-9370-b88a60e194fb,JDG-6EG7,orderid:936929,crmid:4958798025,2020-02-10T11:22:41.000Z,mobile,prd1136,1581765761,1581938561,2020-02-15T11:22:41+00:00,2020-02-17T11:22:41+00:00,Aspen Heights: Osaka,Aspen Heights,Osaka,standard,1,1,0,2,102.92,205.84
c927c18d-53cb-11ea-9b65-b88a60e194fb,O61-YIEX,orderid:808454,crmid:4958798025,2020-02-19T00:00:00.000Z,mobile,prd1107,1582156800,1582243200,2020-02-20T00:00:00+00:00,2020-02-21T00:00:00+00:00,Hospitality Inn: Kharkiv,Hospitality Inn,Kharkiv,premium,1,1,0,1,184.9,184.9
c928d2d4-53cb-11ea-a343-b88a60e194fb,SAD-WJVC,orderid:131896,crmid:6813102858,2020-01-15T14:50:51.000Z,call center,prd1023,1581432651,1582037451,2020-02-11T14:50:51+00:00,2020-02-18T14:50:51+00:00,Hospitality Inn: Boston,Hospitality Inn,Boston,standard,1,1,3,7,110.81,775.67
c929e474-53cb-11ea-8cb9-b88a60e194fb,A7Y-MRXP,orderid:657833,crmid:6884400244,2019-12-27T06:12:12.000Z,kiosk,prd1082,1577513532,1577772732,2019-12-28T06:12:12+00:00,2019-12-31T06:12:12+00:00,Blue Reef Resort: Surat,Blue Reef Resort,Surat,standard,1,1,0,3,164.7,494.1
c92af5c6-53cb-11ea-936e-b88a60e194fb,CTX-KN8A,orderid:961878,crmid:1034247278,2019-12-14T18:55:25.000Z,website,prd1117,1576695325,1577127325,2019-12-18T18:55:25+00:00,2019-12-23T18:55:25+00:00,Admiralty Plaza: Dublin,Admiralty Plaza,Dublin,standard,1,1,0,5,132.64,663.2
c92c2d06-53cb-11ea-b3e6-b88a60e194fb,MAQ-XSJV,orderid:337402,crmid:5837300639,2019-12-22T21:24:26.000Z,kiosk,prd1014,1579037066,1579123466,2020-01-14T21:24:26+00:00,2020-01-15T21:24:26+00:00,Restful Nights: Jacksonville,Restful Nights,Jacksonville,ultra-luxury,1,1,0,1,376.62,376.62
c92d8c92-53cb-11ea-bd98-b88a60e194fb,SMY-ZQMO,orderid:419316,crmid:4602043012,2019-12-27T21:07:00.000Z,kiosk,prd1133,1579036020,1579813620,2020-01-14T21:07:00+00:00,2020-01-23T21:07:00+00:00,Grandeur Hotels: Toronto,Grandeur Hotels,Toronto,premium,1,1,0,9,139.99,1259.91
c92ec518-53cb-11ea-ab86-b88a60e194fb,LMF-QOF8,orderid:493510,crmid:1258449185,2019-12-11T18:43:48.000Z,mobile,prd1190,1576262628,1576349028,2019-12-13T18:43:48+00:00,2019-12-14T18:43:48+00:00,Blue Reef Resort: Aurora,Blue Reef Resort,Aurora,standard,1,1,0,1,118.51,118.51
c92fd7cc-53cb-11ea-8036-b88a60e194fb,MCU-D3U1,orderid:501337,crmid:7718047827,2019-12-16T08:50:16.000Z,kiosk,prd1191,1576831816,1576918216,2019-12-20T08:50:16+00:00,2019-12-21T08:50:16+00:00,Hospitality Inn: Mumbai,Hospitality Inn,Mumbai,premium,1,1,0,1,198.4,198.4
c930c23a-53cb-11ea-a14f-b88a60e194fb,0D5-YETR,orderid:756936,crmid:3166473762,2019-12-16T17:23:04.000Z,website,prd1189,1577121784,1578417784,2019-12-23T17:23:04+00:00,2020-01-07T17:23:04+00:00,Admiralty Plaza: Bakersfield,Admiralty Plaza,Bakersfield,standard,1,1,0,15,110.14,1652.1
c93221b8-53cb-11ea-b31b-b88a60e194fb,FOF-QBYA,orderid:982840,crmid:8416024732,2020-02-08T14:29:01.000Z,kiosk,prd1111,1583072941,1583764141,2020-03-01T14:29:01+00:00,2020-03-09T14:29:01+00:00,Family Fun Hotels: Prague,Family Fun Hotels,Prague,premium,1,1,4,8,101.16,809.28
c933a88c-53cb-11ea-b89d-b88a60e194fb,ZAX-KS7N,orderid:729405,crmid:1945711979,2019-12-27T02:58:16.000Z,website,prd1020,1579229896,1580007496,2020-01-17T02:58:16+00:00,2020-01-26T02:58:16+00:00,Repose Resort: Seattle,Repose Resort,Seattle,premium,1,1,3,9,155.79,1402.11
c934b9fa-53cb-11ea-9f73-b88a60e194fb,7FG-KLNJ,orderid:720498,crmid:7224227303,2020-01-04T12:57:40.000Z,call center,prd1004,1578229060,1578315460,2020-01-05T12:57:40+00:00,2020-01-06T12:57:40+00:00,Aspen Heights: Boulder,Aspen Heights,Boulder,standard,1,1,0,1,88.29,88.29
c935cb88-53cb-11ea-9759-b88a60e194fb,TXI-D5TO,orderid:914778,crmid:5768181237,2020-02-12T07:19:06.000Z,call center,prd1025,1583392746,1583911146,2020-03-05T07:19:06+00:00,2020-03-11T07:19:06+00:00,Grandeur Hotels: Detroit,Grandeur Hotels,Detroit,standard,1,1,0,6,123.44,740.64
c936dcb4-53cb-11ea-a160-b88a60e194fb,8JM-B205,orderid:480257,crmid:7026802054,2019-12-31T10:09:28.000Z,website,prd1187,1579860568,1580033368,2020-01-24T10:09:28+00:00,2020-01-26T10:09:28+00:00,Nesting Box Inn: Cleveland,Nesting Box Inn,Cleveland,standard,1,1,0,2,178.39,356.78
c93813dc-53cb-11ea-9d4b-b88a60e194fb,KKE-N8QE,orderid:257317,crmid:4934083074,2019-12-11T23:03:22.000Z,call center,prd1177,1577919802,1578524602,2020-01-01T23:03:22+00:00,2020-01-08T23:03:22+00:00,Admiralty Plaza: Raleigh,Admiralty Plaza,Raleigh,standard,1,1,0,7,133.13,931.91
c939c1ae-53cb-11ea-bc32-b88a60e194fb,I0V-QIPQ,orderid:777032,crmid:5087014347,2020-01-08T20:26:03.000Z,website,prd1117,1580934363,1581539163,2020-02-05T20:26:03+00:00,2020-02-12T20:26:03+00:00,Admiralty Plaza: Dublin,Admiralty Plaza,Dublin,standard,1,1,0,7,194.31,1360.17
c93afa26-53cb-11ea-a572-b88a60e194fb,CX6-83PJ,orderid:428340,crmid:7607564112,2020-02-06T03:58:23.000Z,service desk,prd1137,1581047903,1581307103,2020-02-07T03:58:23+00:00,2020-02-10T03:58:23+00:00,Sapphire Suites: Manila,Sapphire Suites,Manila,standard,1,1,0,3,141.93,425.79
c93b2130-53cb-11ea-a368-b88a60e194fb,LK5-2QVM,orderid:125326,crmid:7607564112,2020-02-11T00:00:00.000Z,kiosk,prd1147,1581465600,1581638400,2020-02-12T00:00:00+00:00,2020-02-14T00:00:00+00:00,Family Fun Hotels: Austin,Family Fun Hotels,Austin,standard,1,1,0,2,125.42,250.84
c93c8098-53cb-11ea-a0cf-b88a60e194fb,LHZ-FDFO,orderid:821682,crmid:6698196310,2020-02-06T03:40:05.000Z,call center,prd1118,1581392405,1581565205,2020-02-11T03:40:05+00:00,2020-02-13T03:40:05+00:00,Blue Reef Resort: Cologne,Blue Reef Resort,Cologne,standard,1,1,0,2,119.48,238.96
c93d6af8-53cb-11ea-9467-b88a60e194fb,ZLM-AGQI,orderid:543421,crmid:6286495985,2020-01-31T17:03:11.000Z,kiosk,prd1081,1582822991,1583427791,2020-02-27T17:03:11+00:00,2020-03-05T17:03:11+00:00,Admiralty Plaza: Rod de Janeiro,Admiralty Plaza,Rod de Janeiro,standard,1,1,2,7,142.97,1000.79
c93e56be-53cb-11ea-8bb1-b88a60e194fb,UMG-ASOM,orderid:376934,crmid:4012990679,2020-02-07T01:32:38.000Z,mobile,prd1023,1582939958,1583803958,2020-02-29T01:32:38+00:00,2020-03-10T01:32:38+00:00,Hospitality Inn: Boston,Hospitality Inn,Boston,standard,1,1,2,10,110.56,1105.6
c93f684c-53cb-11ea-bc9e-b88a60e194fb,VAI-TJDZ,orderid:477759,crmid:8479386229,2019-12-25T06:07:16.000Z,website,prd1058,1577945236,1578550036,2020-01-02T06:07:16+00:00,2020-01-09T06:07:16+00:00,Blue Reef Resort: Delhi,Blue Reef Resort,Delhi,standard,1,1,0,7,133.33,933.31
c9407840-53cb-11ea-8764-b88a60e194fb,D4U-GP1K,orderid:341763,crmid:5603179827,2019-12-11T07:12:31.000Z,website,prd1013,1577949151,1578381151,2020-01-02T07:12:31+00:00,2020-01-07T07:12:31+00:00,Grandeur Hotels: Austin,Grandeur Hotels,Austin,standard,1,1,0,5,191.95,959.75
c9418b28-53cb-11ea-af08-b88a60e194fb,CDM-YOFU,orderid:292328,crmid:3225255081,2019-12-18T22:23:24.000Z,kiosk,prd1184,1578263004,1578867804,2020-01-05T22:23:24+00:00,2020-01-12T22:23:24+00:00,Aspen Heights: Arlington,Aspen Heights,Arlington,standard,1,1,0,7,104.42,730.94
c9427588-53cb-11ea-8301-b88a60e194fb,P0G-CVNY,orderid:943489,crmid:8141542636,2020-01-30T05:33:25.000Z,mobile,prd1073,1580621605,1580794405,2020-02-02T05:33:25+00:00,2020-02-04T05:33:25+00:00,Grandeur Hotels: Lima,Grandeur Hotels,Lima,standard,1,1,0,2,185.95,371.9
c9444aa2-53cb-11ea-b20b-b88a60e194fb,SYJ-99WT,orderid:452166,crmid:4863220479,2020-01-28T01:23:33.000Z,call center,prd1021,1580347413,1581297813,2020-01-30T01:23:33+00:00,2020-02-10T01:23:33+00:00,Admiralty Plaza: Denver,Admiralty Plaza,Denver,standard,1,1,0,11,176.31,1939.41
c9462b4c-53cb-11ea-93cf-b88a60e194fb,WPC-9AIB,orderid:639474,crmid:9905212048,2019-12-17T16:58:34.000Z,call center,prd1153,1578589114,1578761914,2020-01-09T16:58:34+00:00,2020-01-11T16:58:34+00:00,Admiralty Plaza: Charlotte,Admiralty Plaza,Charlotte,standard,1,1,0,2,140.93,281.86
c9477d40-53cb-11ea-9ccc-b88a60e194fb,5JI-VIKC,orderid:312767,crmid:1093297030,2020-02-07T02:11:59.000Z,kiosk,prd1194,1583374319,1583806319,2020-03-05T02:11:59+00:00,2020-03-10T02:11:59+00:00,Restful Nights: Tianjin,Restful Nights,Tianjin,premium,1,1,2,5,163.47,817.35
c948b5ba-53cb-11ea-8315-b88a60e194fb,BAP-AJ9I,orderid:603002,crmid:4107301431,2019-12-03T17:07:36.000Z,mobile,prd1136,1576429656,1577034456,2019-12-15T17:07:36+00:00,2019-12-22T17:07:36+00:00,Aspen Heights: Osaka,Aspen Heights,Osaka,standard,1,1,0,7,154.59,1082.13
c949a02e-53cb-11ea-a4b0-b88a60e194fb,FGG-PXYL,orderid:447983,crmid:8594737640,2020-01-09T02:19:34.000Z,call center,prd1160,1579141174,1580609974,2020-01-16T02:19:34+00:00,2020-02-02T02:19:34+00:00,Aspen Heights: Nashville,Aspen Heights,Nashville,standard,1,1,0,17,120.96,2056.32
c94affa2-53cb-11ea-a1e9-b88a60e194fb,DYP-AUYG,orderid:638480,crmid:1381721932,2020-01-24T11:30:56.000Z,mobile,prd1110,1579951856,1580038256,2020-01-25T11:30:56+00:00,2020-01-26T11:30:56+00:00,Restful Nights: Sofia,Restful Nights,Sofia,premium,1,1,0,1,140.63,140.63
c94c39a4-53cb-11ea-80e0-b88a60e194fb,NYT-IJMF,orderid:304225,crmid:5314174155,2019-12-07T03:34:59.000Z,call center,prd1112,1575776099,1575862499,2019-12-08T03:34:59+00:00,2019-12-09T03:34:59+00:00,Aspen Heights: Birmingham,Aspen Heights,Birmingham,presidential-suite,1,1,0,1,836.03,836.03
c94d4ade-53cb-11ea-822f-b88a60e194fb,RBG-N7LJ,orderid:833100,crmid:1072586812,2019-12-23T00:54:44.000Z,website,prd1194,1579308884,1579827284,2020-01-18T00:54:44+00:00,2020-01-24T00:54:44+00:00,Restful Nights: Tianjin,Restful Nights,Tianjin,standard,1,1,0,6,134.81,808.86
c94ed09c-53cb-11ea-90f2-b88a60e194fb,FYR-VHIO,orderid:613021,crmid:2167503973,2019-12-19T09:14:38.000Z,kiosk,prd1107,1579079678,1579684478,2020-01-15T09:14:38+00:00,2020-01-22T09:14:38+00:00,Hospitality Inn: Kharkiv,Hospitality Inn,Kharkiv,standard,1,1,0,7,193.64,1355.48
c94fe2d2-53cb-11ea-ba20-b88a60e194fb,N3U-5XAN,orderid:792336,crmid:3707288392,2020-01-30T11:13:10.000Z,mobile,prd1094,1582629190,1583061190,2020-02-25T11:13:10+00:00,2020-03-01T11:13:10+00:00,Blue Reef Resort: Berlin,Blue Reef Resort,Berlin,standard,1,1,0,5,152.26,761.3
c95142a2-53cb-11ea-bb92-b88a60e194fb,SRW-SYNF,orderid:470009,crmid:9329473117,2019-12-05T21:57:56.000Z,website,prd1035,1577570276,1578607076,2019-12-28T21:57:56+00:00,2020-01-09T21:57:56+00:00,Hospitality Inn: Tucson,Hospitality Inn,Tucson,standard,1,1,0,12,143.63,1723.56
c9525290-53cb-11ea-9c22-b88a60e194fb,IA8-EWMM,orderid:315653,crmid:2012913837,2020-02-11T13:35:20.000Z,website,prd1009,1583415320,1583588120,2020-03-05T13:35:20+00:00,2020-03-07T13:35:20+00:00,Admiralty Plaza: San Antonio,Admiralty Plaza,San Antonio,standard,1,1,0,2,171.79,343.58
c9538c74-53cb-11ea-b467-b88a60e194fb,VF3-LUGY,orderid:888070,crmid:1837918269,2020-01-16T02:30:48.000Z,call center,prd1023,1580351448,1580956248,2020-01-30T02:30:48+00:00,2020-02-06T02:30:48+00:00,Hospitality Inn: Boston,Hospitality Inn,Boston,standard,1,1,0,7,90.4,632.8
c954eb52-53cb-11ea-bb66-b88a60e194fb,TH9-CGG1,orderid:517604,crmid:3954268288,2019-12-21T19:15:15.000Z,website,prd1123,1579029315,1579374915,2020-01-14T19:15:15+00:00,2020-01-18T19:15:15+00:00,Family Fun Hotels: Amsterdam,Family Fun Hotels,Amsterdam,presidential-suite,1,1,1,4,807.12,3228.48
c9564b8c-53cb-11ea-850d-b88a60e194fb,NWI-FU6W,orderid:612772,crmid:9897337977,2019-12-21T15:55:41.000Z,website,prd1160,1577030141,1577202941,2019-12-22T15:55:41+00:00,2019-12-24T15:55:41+00:00,Aspen Heights: Nashville,Aspen Heights,Nashville,standard,1,1,0,2,139.75,279.5
c95735d8-53cb-11ea-bc9e-b88a60e194fb,2DS-RTE0,orderid:211004,crmid:6824695814,2020-01-08T11:05:21.000Z,mobile,prd1033,1580555121,1580814321,2020-02-01T11:05:21+00:00,2020-02-04T11:05:21+00:00,Admiralty Plaza: Milwaukee,Admiralty Plaza,Milwaukee,standard,1,1,0,3,100.51,301.53
c958bc8c-53cb-11ea-afc8-b88a60e194fb,DAK-R88A,orderid:847170,crmid:9225664342,2020-01-06T13:15:05.000Z,kiosk,prd1117,1580390105,1581254105,2020-01-30T13:15:05+00:00,2020-02-09T13:15:05+00:00,Admiralty Plaza: Dublin,Admiralty Plaza,Dublin,standard,1,1,0,10,133.99,1339.9
c959ce00-53cb-11ea-97c6-b88a60e194fb,EA9-IHMG,orderid:136361,crmid:2661560881,2020-02-07T13:32:32.000Z,kiosk,prd1105,1582032752,1582464752,2020-02-18T13:32:32+00:00,2020-02-23T13:32:32+00:00,Admiralty Plaza: Barcelona,Admiralty Plaza,Barcelona,standard,1,1,0,5,118.92,594.6
c95b069c-53cb-11ea-b906-b88a60e194fb,WYL-LW9B,orderid:951164,crmid:7658582902,2020-01-27T04:47:47.000Z,website,prd1127,1580618867,1580964467,2020-02-02T04:47:47+00:00,2020-02-06T04:47:47+00:00,Nesting Box Inn: Glasgow,Nesting Box Inn,Glasgow,standard,1,1,1,4,171.81,687.24
c95c3efa-53cb-11ea-9ba8-b88a60e194fb,0XZ-P8H8,orderid:190873,crmid:3949730085,2020-02-02T15:40:48.000Z,call center,prd1160,1582818048,1584027648,2020-02-27T15:40:48+00:00,2020-03-12T15:40:48+00:00,Aspen Heights: Nashville,Aspen Heights,Nashville,ultra-luxury,1,1,4,14,360.65,5049.1
c95d7792-53cb-11ea-8ebd-b88a60e194fb,RCU-LAY1,orderid:830370,crmid:7053471446,2020-02-14T16:49:04.000Z,kiosk,prd1177,1581958144,1582217344,2020-02-17T16:49:04+00:00,2020-02-20T16:49:04+00:00,Admiralty Plaza: Raleigh,Admiralty Plaza,Raleigh,standard,1,1,0,3,100.57,301.71
c95eb000-53cb-11ea-8d85-b88a60e194fb,WOD-QYPN,orderid:207274,crmid:5186545215,2020-01-03T12:44:19.000Z,website,prd1147,1578833059,1579783459,2020-01-12T12:44:19+00:00,2020-01-23T12:44:19+00:00,Family Fun Hotels: Austin,Family Fun Hotels,Austin,standard,1,1,0,11,164.23,1806.53
c95fc16c-53cb-11ea-a410-b88a60e194fb,MXM-9BRB,orderid:922910,crmid:2634515653,2020-02-14T10:30:40.000Z,website,prd1155,1584009040,1584959440,2020-03-12T10:30:40+00:00,2020-03-23T10:30:40+00:00,Hospitality Inn: Denver,Hospitality Inn,Denver,standard,1,1,1,11,132.66,1459.26
c961486e-53cb-11ea-9234-b88a60e194fb,22P-UTFR,orderid:136900,crmid:2850431303,2020-02-16T20:46:32.000Z,call center,prd1139,1582145192,1583181992,2020-02-19T20:46:32+00:00,2020-03-02T20:46:32+00:00,Nesting Box Inn: Nairobi,Nesting Box Inn,Nairobi,standard,1,1,0,12,105.97,1271.64
c962cea8-53cb-11ea-b7a0-b88a60e194fb,F3C-LQTQ,orderid:612724,crmid:5077893223,2020-02-12T00:08:01.000Z,website,prd1061,1582243681,1582675681,2020-02-21T00:08:01+00:00,2020-02-26T00:08:01+00:00,Grandeur Hotels: Lahore,Grandeur Hotels,Lahore,standard,1,1,0,5,91.62,458.1
c963e042-53cb-11ea-9752-b88a60e194fb,XTO-ZWNQ,orderid:840989,crmid:3698963479,2020-01-31T14:03:25.000Z,kiosk,prd1190,1582812205,1582985005,2020-02-27T14:03:25+00:00,2020-02-29T14:03:25+00:00,Blue Reef Resort: Aurora,Blue Reef Resort,Aurora,standard,1,1,3,2,162.37,324.74
c965189c-53cb-11ea-bee8-b88a60e194fb,R0B-FNE9,orderid:460237,crmid:1514415976,2020-01-01T18:00:52.000Z,website,prd1025,1580148052,1580752852,2020-01-27T18:00:52+00:00,2020-02-03T18:00:52+00:00,Grandeur Hotels: Detroit,Grandeur Hotels,Detroit,premium,1,1,0,7,165.11,1155.77
c9662a1e-53cb-11ea-a0e6-b88a60e194fb,BNW-EWRP,orderid:760570,crmid:8096341369,2020-01-31T22:16:48.000Z,kiosk,prd1019,1582582608,1583101008,2020-02-24T22:16:48+00:00,2020-03-01T22:16:48+00:00,Nesting Box Inn: Charlotte,Nesting Box Inn,Charlotte,premium,1,1,4,6,139.12,834.72
c967899a-53cb-11ea-a43f-b88a60e194fb,NFP-AOTD,orderid:446111,crmid:4255355824,2019-12-01T04:47:41.000Z,mobile,prd1010,1576817261,1578026861,2019-12-20T04:47:41+00:00,2020-01-03T04:47:41+00:00,Blue Reef Resort: San Diego,Blue Reef Resort,San Diego,premium,1,1,0,14,157.96,2211.44
c968e934-53cb-11ea-8735-b88a60e194fb,QZS-DI96,orderid:398815,crmid:8200605562,2020-01-27T18:53:05.000Z,mobile,prd1131,1582311185,1583779985,2020-02-21T18:53:05+00:00,2020-03-09T18:53:05+00:00,Hospitality Inn: Sheffield,Hospitality Inn,Sheffield,standard,1,1,1,17,116.49,1980.33
c969fa9c-53cb-11ea-874d-b88a60e194fb,TH5-WWGW,orderid:591950,crmid:5205794132,2019-12-28T02:23:42.000Z,service desk,prd1074,1579659822,1581301422,2020-01-22T02:23:42+00:00,2020-02-10T02:23:42+00:00,Restful Nights: Mexico City,Restful Nights,Mexico City,luxury,1,1,0,19,383.77,7291.63
c96b8164-53cb-11ea-960a-b88a60e194fb,ROQ-YCGG,orderid:496654,crmid:1974171233,2020-02-14T23:28:14.000Z,website,prd1107,1583191694,1583710094,2020-03-02T23:28:14+00:00,2020-03-08T23:28:14+00:00,Hospitality Inn: Kharkiv,Hospitality Inn,Kharkiv,standard,1,1,0,6,150.04,900.24
c96ce0fa-53cb-11ea-8d91-b88a60e194fb,Z0W-75H4,orderid:147699,crmid:6933644547,2019-12-23T06:14:25.000Z,call center,prd1095,1578982465,1579500865,2020-01-14T06:14:25+00:00,2020-01-20T06:14:25+00:00,Hospitality Inn: Casablanca,Hospitality Inn,Casablanca,standard,1,1,0,6,159.58,957.48
c96e8d2e-53cb-11ea-9402-b88a60e194fb,HVQ-LOQB,orderid:536537,crmid:8686001972,2020-01-16T15:04:56.000Z,website,prd1064,1579273496,1579359896,2020-01-17T15:04:56+00:00,2020-01-18T15:04:56+00:00,Aspen Heights: Paris,Aspen Heights,Paris,premium,1,1,0,1,134.79,134.79
c9703b70-53cb-11ea-a2f2-b88a60e194fb,S9M-SWJS,orderid:346780,crmid:7813299980,2020-02-05T06:41:48.000Z,website,prd1089,1582872108,1583476908,2020-02-28T06:41:48+00:00,2020-03-06T06:41:48+00:00,Sapphire Suites: Rome,Sapphire Suites,Rome,standard,1,1,1,7,123.75,866.25
c973e44a-53cb-11ea-91b0-b88a60e194fb,VGN-MVJA,orderid:215239,crmid:4110312820,2020-02-01T04:03:18.000Z,website,prd1118,1582603398,1583294598,2020-02-25T04:03:18+00:00,2020-03-04T04:03:18+00:00,Blue Reef Resort: Cologne,Blue Reef Resort,Cologne,luxury,1,1,0,8,253.75,2030.0
c9751e40-53cb-11ea-9193-b88a60e194fb,NXS-ZSEG,orderid:258711,crmid:5885474464,2020-01-22T02:53:53.000Z,mobile,prd1045,1579920833,1580093633,2020-01-25T02:53:53+00:00,2020-01-27T02:53:53+00:00,Admiralty Plaza: Miami,Admiralty Plaza,Miami,ultra-luxury,1,1,0,2,370.58,741.16
c9767dba-53cb-11ea-8d94-b88a60e194fb,V1L-AYLN,orderid:976363,crmid:9328296716,2019-12-06T11:53:06.000Z,mobile,prd1059,1575719586,1575805986,2019-12-07T11:53:06+00:00,2019-12-08T11:53:06+00:00,Hospitality Inn: Kinshasa,Hospitality Inn,Kinshasa,premium,1,1,0,1,189.56,189.56
c9778f40-53cb-11ea-856d-b88a60e194fb,U0C-QAPS,orderid:521552,crmid:1610989378,2020-01-21T15:22:32.000Z,kiosk,prd1009,1581520952,1582125752,2020-02-12T15:22:32+00:00,2020-02-19T15:22:32+00:00,Admiralty Plaza: San Antonio,Admiralty Plaza,San Antonio,standard,1,1,0,7,133.67,935.69
c978a09c-53cb-11ea-aaaa-b88a60e194fb,UQG-GVSS,orderid:949055,crmid:3751182531,2019-12-18T05:26:19.000Z,kiosk,prd1184,1578374779,1578893179,2020-01-07T05:26:19+00:00,2020-01-13T05:26:19+00:00,Aspen Heights: Arlington,Aspen Heights,Arlington,standard,1,1,0,6,162.77,976.62
c979d934-53cb-11ea-a300-b88a60e194fb,74A-BCLL,orderid:426119,crmid:1028446302,2019-12-27T19:09:07.000Z,website,prd1113,1577646547,1577992147,2019-12-29T19:09:07+00:00,2020-01-02T19:09:07+00:00,Sapphire Suites: Kazan,Sapphire Suites,Kazan,premium,1,1,0,4,157.41,629.64
c97b1070-53cb-11ea-9185-b88a60e194fb,SRB-OJZA,orderid:709194,crmid:7305045177,2019-12-10T08:37:38.000Z,call center,prd1163,1576226258,1576312658,2019-12-13T08:37:38+00:00,2019-12-14T08:37:38+00:00,Nesting Box Inn: Oklahoma City,Nesting Box Inn,Oklahoma City,ultra-luxury,1,1,0,1,282.99,282.99
c97b379e-53cb-11ea-ba7e-b88a60e194fb,ECE-J5HE,orderid:895330,crmid:7305045177,2019-12-15T00:00:00.000Z,website,prd1033,1576454400,1576540800,2019-12-16T00:00:00+00:00,2019-12-17T00:00:00+00:00,Admiralty Plaza: Milwaukee,Admiralty Plaza,Milwaukee,standard,1,1,0,1,127.77,127.77
c97c48da-53cb-11ea-bb14-b88a60e194fb,OWH-9SJG,orderid:651790,crmid:6758720609,2020-02-06T10:32:16.000Z,call center,prd1105,1583490736,1584181936,2020-03-06T10:32:16+00:00,2020-03-14T10:32:16+00:00,Admiralty Plaza: Barcelona,Admiralty Plaza,Barcelona,standard,1,1,0,8,142.53,1140.24
c97da868-53cb-11ea-b673-b88a60e194fb,ESX-NMIN,orderid:864950,crmid:7668168465,2020-02-07T21:09:14.000Z,website,prd1105,1582837754,1584220154,2020-02-27T21:09:14+00:00,2020-03-14T21:09:14+00:00,Admiralty Plaza: Barcelona,Admiralty Plaza,Barcelona,standard,1,1,0,16,140.56,2248.96
c97eb9f0-53cb-11ea-bddd-b88a60e194fb,ZE6-IQIJ,orderid:380198,crmid:8901875722,2020-01-01T06:37:14.000Z,mobile,prd1050,1579847834,1580279834,2020-01-24T06:37:14+00:00,2020-01-29T06:37:14+00:00,Restful Nights: Arlington,Restful Nights,Arlington,luxury,1,1,0,5,355.94,1779.7
c9808e9c-53cb-11ea-898c-b88a60e194fb,QRU-7MEO,orderid:473682,crmid:6706318074,2020-02-02T18:05:55.000Z,website,prd1177,1580839555,1580925955,2020-02-04T18:05:55+00:00,2020-02-05T18:05:55+00:00,Admiralty Plaza: Raleigh,Admiralty Plaza,Raleigh,standard,1,1,0,1,103.2,103.2
c980b5c0-53cb-11ea-90de-b88a60e194fb,DWH-FXCJ,orderid:101947,crmid:6706318074,2020-02-06T00:00:00.000Z,website,prd1191,1581033600,1581206400,2020-02-07T00:00:00+00:00,2020-02-09T00:00:00+00:00,Hospitality Inn: Mumbai,Hospitality Inn,Mumbai,standard,1,1,0,2,131.37,262.74
c981c728-53cb-11ea-9bd4-b88a60e194fb,IZL-TQQG,orderid:434018,crmid:8757308894,2020-01-07T08:39:37.000Z,service desk,prd1132,1578472777,1578559177,2020-01-08T08:39:37+00:00,2020-01-09T08:39:37+00:00,Sandhill: Oslo,Sandhill,Oslo,standard,1,1,0,1,112.21,112.21
c98302c6-53cb-11ea-8601-b88a60e194fb,LEP-2BOT,orderid:959316,crmid:7553299439,2020-02-09T22:42:47.000Z,call center,prd1081,1581806567,1582065767,2020-02-15T22:42:47+00:00,2020-02-18T22:42:47+00:00,Admiralty Plaza: Rod de Janeiro,Admiralty Plaza,Rod de Janeiro,premium,1,1,0,3,138.7,416.1
c9843818-53cb-11ea-8073-b88a60e194fb,L8V-ZSWN,orderid:669740,crmid:7866925831,2020-01-02T18:50:02.000Z,kiosk,prd1161,1580237402,1580755802,2020-01-28T18:50:02+00:00,2020-02-03T18:50:02+00:00,Sapphire Suites: Memphis,Sapphire Suites,Memphis,standard,1,1,0,6,165.12,990.72
c98571da-53cb-11ea-9b6d-b88a60e194fb,ZXD-CV5Y,orderid:977653,crmid:7714458855,2019-12-23T06:15:45.000Z,kiosk,prd1101,1579155345,1579932945,2020-01-16T06:15:45+00:00,2020-01-25T06:15:45+00:00,Sapphire Suites: Vienna,Sapphire Suites,Vienna,standard,1,1,0,9,111.73,1005.57
c9868376-53cb-11ea-a521-b88a60e194fb,RUF-VVQX,orderid:343547,crmid:5355551880,2020-01-24T01:19:22.000Z,kiosk,prd1107,1580174362,1580865562,2020-01-28T01:19:22+00:00,2020-02-05T01:19:22+00:00,Hospitality Inn: Kharkiv,Hospitality Inn,Kharkiv,standard,1,1,4,8,136.63,1093.04
c987e2dc-53cb-11ea-ac2d-b88a60e194fb,QZO-S2XH,orderid:654577,crmid:4654278795,2020-01-14T21:49:50.000Z,kiosk,prd1023,1579211390,1579297790,2020-01-16T21:49:50+00:00,2020-01-17T21:49:50+00:00,Hospitality Inn: Boston,Hospitality Inn,Boston,standard,1,1,0,1,124.3,124.3
c988f45c-53cb-11ea-93ef-b88a60e194fb,T6C-GNJM,orderid:424990,crmid:5440984947,2020-01-15T21:28:41.000Z,mobile,prd1179,1581456521,1582234121,2020-02-11T21:28:41+00:00,2020-02-20T21:28:41+00:00,Hospitality Inn: Miami,Hospitality Inn,Miami,premium,1,1,4,9,163.56,1472.04
c98a5298-53cb-11ea-a501-b88a60e194fb,QRB-5DAB,orderid:261200,crmid:6839036537,2020-02-05T23:34:48.000Z,website,prd1155,1581204888,1581377688,2020-02-08T23:34:48+00:00,2020-02-10T23:34:48+00:00,Hospitality Inn: Denver,Hospitality Inn,Denver,standard,1,1,0,2,167.96,335.92
c98b8c76-53cb-11ea-8f28-b88a60e194fb,YXK-ONYV,orderid:939462,crmid:2555376325,2020-02-02T08:43:44.000Z,service desk,prd1193,1582533824,1583311424,2020-02-24T08:43:44+00:00,2020-03-04T08:43:44+00:00,Grandeur Hotels: Kinshasa,Grandeur Hotels,Kinshasa,premium,1,1,0,9,101.18,910.62
c98c9dcc-53cb-11ea-9b0d-b88a60e194fb,0AW-FYPM,orderid:427817,crmid:4639869844,2020-01-03T17:00:08.000Z,kiosk,prd1136,1578157208,1578502808,2020-01-04T17:00:08+00:00,2020-01-08T17:00:08+00:00,Aspen Heights: Osaka,Aspen Heights,Osaka,standard,1,1,0,4,135.78,543.12
c98e2474-53cb-11ea-ac1f-b88a60e194fb,PHO-LBBK,orderid:729840,crmid:6379515480,2020-01-04T23:10:17.000Z,kiosk,prd1135,1578611417,1579129817,2020-01-09T23:10:17+00:00,2020-01-15T23:10:17+00:00,Family Fun Hotels: Vancouver,Family Fun Hotels,Vancouver,premium,1,1,0,6,183.33,1099.98
c98f35dc-53cb-11ea-8141-b88a60e194fb,GLI-LDQ0,orderid:225663,crmid:8465808271,2020-02-02T06:39:57.000Z,call center,prd1047,1581143997,1582094397,2020-02-08T06:39:57+00:00,2020-02-19T06:39:57+00:00,Hospitality Inn: Oakland,Hospitality Inn,Oakland,standard,1,1,3,11,147.21,1619.31
c9906e76-53cb-11ea-b920-b88a60e194fb,KWN-SPQB,orderid:595891,crmid:9127780304,2019-12-03T15:52:01.000Z,kiosk,prd1004,1577548321,1578325921,2019-12-28T15:52:01+00:00,2020-01-06T15:52:01+00:00,Aspen Heights: Boulder,Aspen Heights,Boulder,standard,1,1,3,9,125.06,1125.54
c991a6de-53cb-11ea-964e-b88a60e194fb,SHM-TIK9,orderid:308291,crmid:5219847436,2020-01-21T23:10:50.000Z,website,prd1120,1581894650,1582499450,2020-02-16T23:10:50+00:00,2020-02-23T23:10:50+00:00,Sandhill: Marseille,Sandhill,Marseille,standard,1,1,0,7,139.83,978.81
c9930678-53cb-11ea-9ce0-b88a60e194fb,BRS-RYBN,orderid:147420,crmid:3974626061,2019-12-16T20:23:19.000Z,kiosk,prd1190,1578687799,1580156599,2020-01-10T20:23:19+00:00,2020-01-27T20:23:19+00:00,Blue Reef Resort: Aurora,Blue Reef Resort,Aurora,luxury,1,1,0,17,320.07,5441.19
c99417e8-53cb-11ea-9e38-b88a60e194fb,9NR-X7IR,orderid:340591,crmid:4973152306,2020-01-22T15:12:19.000Z,kiosk,prd1028,1581779539,1581952339,2020-02-15T15:12:19+00:00,2020-02-17T15:12:19+00:00,Aspen Heights: Portland,Aspen Heights,Portland,ultra-luxury,1,1,0,2,327.94,655.88
c995c498-53cb-11ea-855a-b88a60e194fb,CVF-WSNA,orderid:963701,crmid:5375163225,2019-12-25T23:36:43.000Z,kiosk,prd1095,1579304203,1580773003,2020-01-17T23:36:43+00:00,2020-02-03T23:36:43+00:00,Hospitality Inn: Casablanca,Hospitality Inn,Casablanca,premium,1,1,0,17,141.24,2401.08
c996d700-53cb-11ea-8e1d-b88a60e194fb,2IA-44F7,orderid:561095,crmid:2349658515,2019-12-11T22:00:30.000Z,mobile,prd1022,1578434430,1578520830,2020-01-07T22:00:30+00:00,2020-01-08T22:00:30+00:00,Blue Reef Resort: Washington DC,Blue Reef Resort,Washington DC,standard,1,1,0,1,122.13,122.13
c9985d62-53cb-11ea-b110-b88a60e194fb,BFA-VYK1,orderid:908559,crmid:6018184850,2020-01-09T11:35:31.000Z,mobile,prd1052,1580470531,1581766531,2020-01-31T11:35:31+00:00,2020-02-15T11:35:31+00:00,Aspen Heights: Wichita,Aspen Heights,Wichita,standard,1,1,0,15,138.11,2071.65
c99a0b4a-53cb-11ea-b0e9-b88a60e194fb,VCV-X8IU,orderid:870207,crmid:9060487184,2020-02-09T20:41:58.000Z,website,prd1002,1582922518,1583959318,2020-02-28T20:41:58+00:00,2020-03-11T20:41:58+00:00,Restful Nights: Chicago,Restful Nights,Chicago,standard,1,1,4,12,129.58,1554.96
c99be024-53cb-11ea-a813-b88a60e194fb,MXF-I3GH,orderid:698241,crmid:4001640494,2020-02-01T23:21:29.000Z,service desk,prd1093,1582327289,1583018489,2020-02-21T23:21:29+00:00,2020-02-29T23:21:29+00:00,Admiralty Plaza: Yokohama,Admiralty Plaza,Yokohama,standard,1,1,1,8,134.72,1077.76
c99cf04a-53cb-11ea-98d4-b88a60e194fb,RAB-XZQB,orderid:756141,crmid:4799795157,2019-12-27T03:18:06.000Z,kiosk,prd1166,1579317486,1579922286,2020-01-18T03:18:06+00:00,2020-01-25T03:18:06+00:00,Blue Reef Resort: Baltimore,Blue Reef Resort,Baltimore,standard,1,1,1,7,137.01,959.07
c99e031e-53cb-11ea-b1df-b88a60e194fb,NGN-5GNT,orderid:441785,crmid:2490867954,2019-12-21T17:02:26.000Z,kiosk,prd1142,1577034146,1577120546,2019-12-22T17:02:26+00:00,2019-12-23T17:02:26+00:00,Blue Reef Resort: Philadelphia,Blue Reef Resort,Philadelphia,standard,1,1,0,1,137.87,137.87
c99f3b6c-53cb-11ea-a2eb-b88a60e194fb,XUZ-QXRI,orderid:660437,crmid:4385670939,2019-12-13T20:27:22.000Z,call center,prd1135,1578428842,1578515242,2020-01-07T20:27:22+00:00,2020-01-08T20:27:22+00:00,Family Fun Hotels: Vancouver,Family Fun Hotels,Vancouver,presidential-suite,1,1,2,1,816.09,816.09
c9a09b00-53cb-11ea-920b-b88a60e194fb,SEM-9PDP,orderid:638895,crmid:6247147721,2020-01-11T15:36:49.000Z,website,prd1081,1579102609,1579966609,2020-01-15T15:36:49+00:00,2020-01-25T15:36:49+00:00,Admiralty Plaza: Rod de Janeiro,Admiralty Plaza,Rod de Janeiro,standard,1,1,0,10,125.92,1259.2
c9a1d394-53cb-11ea-9d22-b88a60e194fb,ALG-MTRW,orderid:101598,crmid:7897160624,2020-02-02T05:10:42.000Z,website,prd1160,1583039442,1584421842,2020-03-01T05:10:42+00:00,2020-03-17T05:10:42+00:00,Aspen Heights: Nashville,Aspen Heights,Nashville,premium,1,1,0,16,168.22,2691.52
c9a2e500-53cb-11ea-8a97-b88a60e194fb,F0S-LITR,orderid:553609,crmid:6451233604,2019-12-23T19:20:01.000Z,kiosk,prd1028,1579116001,1579202401,2020-01-15T19:20:01+00:00,2020-01-16T19:20:01+00:00,Aspen Heights: Portland,Aspen Heights,Portland,premium,1,1,0,1,126.79,126.79
c9a3f66e-53cb-11ea-beaf-b88a60e194fb,NGM-Y7FA,orderid:304934,crmid:4367232215,2020-02-06T13:30:15.000Z,mobile,prd1045,1581341415,1581773415,2020-02-10T13:30:15+00:00,2020-02-15T13:30:15+00:00,Admiralty Plaza: Miami,Admiralty Plaza,Miami,standard,1,1,0,5,106.45,532.25
c9a52ee6-53cb-11ea-8689-b88a60e194fb,KOY-YAIK,orderid:375689,crmid:6154199254,2020-02-05T02:02:00.000Z,kiosk,prd1131,1582855320,1583546520,2020-02-28T02:02:00+00:00,2020-03-07T02:02:00+00:00,Hospitality Inn: Sheffield,Hospitality Inn,Sheffield,standard,1,1,2,8,96.95,775.6
c9a68e6e-53cb-11ea-b145-b88a60e194fb,MS2-YCL3,orderid:429647,crmid:5214692333,2020-02-13T07:21:47.000Z,mobile,prd1081,1583997707,1584775307,2020-03-12T07:21:47+00:00,2020-03-21T07:21:47+00:00,Admiralty Plaza: Rod de Janeiro,Admiralty Plaza,Rod de Janeiro,luxury,1,1,0,9,324.69,2922.21
c9a7c71a-53cb-11ea-bc2a-b88a60e194fb,COH-TZNP,orderid:407463,crmid:6920320598,2019-12-13T13:06:27.000Z,website,prd1002,1578402387,1578661587,2020-01-07T13:06:27+00:00,2020-01-10T13:06:27+00:00,Restful Nights: Chicago,Restful Nights,Chicago,premium,1,1,0,3,118.02,354.06
c9a9c1a2-53cb-11ea-b33a-b88a60e194fb,T5C-F6IK,orderid:749421,crmid:5810052599,2019-12-19T02:18:44.000Z,call center,prd1116,1578449924,1579054724,2020-01-08T02:18:44+00:00,2020-01-15T02:18:44+00:00,Repose Resort: Naples,Repose Resort,Naples,standard,1,1,0,7,156.86,1098.02
c9ab7068-53cb-11ea-84d8-b88a60e194fb,ZKZ-00TK,orderid:399844,crmid:3383036602,2020-02-03T00:14:54.000Z,mobile,prd1178,1581466494,1582244094,2020-02-12T00:14:54+00:00,2020-02-21T00:14:54+00:00,Blue Reef Resort: Colorado Springs,Blue Reef Resort,Colorado Springs,premium,1,1,0,9,132.65,1193.85
c9ac81e8-53cb-11ea-a13f-b88a60e194fb,DVL-SYMZ,orderid:812942,crmid:1337390306,2020-01-08T00:12:07.000Z,website,prd1051,1580429527,1581120727,2020-01-31T00:12:07+00:00,2020-02-08T00:12:07+00:00,Family Fun Hotels: New Orleans,Family Fun Hotels,New Orleans,premium,1,1,2,8,136.95,1095.6
c9ae0748-53cb-11ea-aecb-b88a60e194fb,STP-CT3G,orderid:765101,crmid:1609242045,2019-12-25T19:22:10.000Z,kiosk,prd1119,1577820130,1578597730,2019-12-31T19:22:10+00:00,2020-01-09T19:22:10+00:00,Hospitality Inn: Turin,Hospitality Inn,Turin,standard,1,1,0,9,146.53,1318.77
c9af3fcc-53cb-11ea-8b9e-b88a60e194fb,DAR-XEPW,orderid:633388,crmid:3580509051,2019-12-20T01:45:35.000Z,kiosk,prd1094,1577583935,1579139135,2019-12-29T01:45:35+00:00,2020-01-16T01:45:35+00:00,Blue Reef Resort: Berlin,Blue Reef Resort,Berlin,standard,1,1,0,18,93.68,1686.24
c9b07836-53cb-11ea-b7e3-b88a60e194fb,MCE-FMQC,orderid:666760,crmid:3684686771,2020-01-03T13:54:10.000Z,service desk,prd1112,1579182850,1580392450,2020-01-16T13:54:10+00:00,2020-01-30T13:54:10+00:00,Aspen Heights: Birmingham,Aspen Heights,Birmingham,standard,1,1,0,14,106.22,1487.08
c9b1d7d8-53cb-11ea-bde2-b88a60e194fb,HSZ-X3HE,orderid:185541,crmid:7245004590,2020-02-14T11:49:15.000Z,kiosk,prd1009,1583668155,1584186555,2020-03-08T11:49:15+00:00,2020-03-14T11:49:15+00:00,Admiralty Plaza: San Antonio,Admiralty Plaza,San Antonio,standard,1,1,0,6,139.39,836.34
c9b31058-53cb-11ea-a4e0-b88a60e194fb,FNP-P4LR,orderid:273732,crmid:3074493210,2020-01-30T20:14:17.000Z,website,prd1178,1582229657,1582661657,2020-02-20T20:14:17+00:00,2020-02-25T20:14:17+00:00,Blue Reef Resort: Colorado Springs,Blue Reef Resort,Colorado Springs,standard,1,1,0,5,162.41,812.05
c9b4bf64-53cb-11ea-831b-b88a60e194fb,QM4-RKNT,orderid:391468,crmid:4838648467,2020-01-16T23:05:42.000Z,mobile,prd1041,1579388742,1579647942,2020-01-18T23:05:42+00:00,2020-01-21T23:05:42+00:00,Sapphire Suites: Long Beach,Sapphire Suites,Long Beach,standard,1,1,0,3,78.58,235.74
c9b5f688-53cb-11ea-b347-b88a60e194fb,GL8-UGLM,orderid:950281,crmid:6286235034,2020-02-12T17:35:01.000Z,kiosk,prd1058,1582738501,1583343301,2020-02-26T17:35:01+00:00,2020-03-04T17:35:01+00:00,Blue Reef Resort: Delhi,Blue Reef Resort,Delhi,ultra-luxury,1,1,1,7,371.12,2597.84
c9b77d18-53cb-11ea-9f41-b88a60e194fb,ZSC-GI0J,orderid:413202,crmid:8444986856,2019-12-23T21:07:08.000Z,website,prd1107,1579122428,1579813628,2020-01-15T21:07:08+00:00,2020-01-23T21:07:08+00:00,Hospitality Inn: Kharkiv,Hospitality Inn,Kharkiv,premium,1,1,0,8,168.32,1346.56
c9b88e86-53cb-11ea-b00f-b88a60e194fb,KAO-PBKK,orderid:757895,crmid:6528620512,2019-12-07T20:55:02.000Z,kiosk,prd1152,1576529702,1577566502,2019-12-16T20:55:02+00:00,2019-12-28T20:55:02+00:00,Repose Resort: Indianapolis,Repose Resort,Indianapolis,standard,1,1,0,12,184.27,2211.24
c9b9ee1c-53cb-11ea-bd80-b88a60e194fb,ZCF-BEZF,orderid:111733,crmid:6737044851,2020-01-17T03:36:07.000Z,website,prd1052,1579318567,1579577767,2020-01-18T03:36:07+00:00,2020-01-21T03:36:07+00:00,Aspen Heights: Wichita,Aspen Heights,Wichita,premium,1,1,0,3,157.05,471.15
c9baff9e-53cb-11ea-966a-b88a60e194fb,L7K-HH3M,orderid:316070,crmid:3976849169,2020-01-12T19:16:07.000Z,mobile,prd1106,1580152567,1580670967,2020-01-27T19:16:07+00:00,2020-02-02T19:16:07+00:00,Blue Reef Resort: Munich,Blue Reef Resort,Munich,standard,1,1,0,6,137.7,826.2
c9bcade8-53cb-11ea-9994-b88a60e194fb,GDJ-BRTD,orderid:463943,crmid:5129315676,2019-12-14T16:42:44.000Z,kiosk,prd1152,1578933764,1579452164,2020-01-13T16:42:44+00:00,2020-01-19T16:42:44+00:00,Repose Resort: Indianapolis,Repose Resort,Indianapolis,standard,1,1,0,6,193.86,1163.16
c9be33e2-53cb-11ea-9228-b88a60e194fb,ZLC-LCI5,orderid:961449,crmid:9775655248,2020-01-05T18:42:43.000Z,kiosk,prd1050,1580496163,1580755363,2020-01-31T18:42:43+00:00,2020-02-03T18:42:43+00:00,Restful Nights: Arlington,Restful Nights,Arlington,standard,1,1,0,3,176.97,530.91
c9bf934a-53cb-11ea-ba47-b88a60e194fb,DSR-KXZB,orderid:917043,crmid:7254734239,2020-02-13T14:17:35.000Z,mobile,prd1101,1581862655,1582035455,2020-02-16T14:17:35+00:00,2020-02-18T14:17:35+00:00,Sapphire Suites: Vienna,Sapphire Suites,Vienna,standard,1,1,4,2,132.78,265.56
c9c0a628-53cb-11ea-945e-b88a60e194fb,XFW-JN8B,orderid:409422,crmid:7788385975,2020-02-04T00:37:51.000Z,call center,prd1134,1581035871,1581208671,2020-02-07T00:37:51+00:00,2020-02-09T00:37:51+00:00,Restful Nights: Montreal,Restful Nights,Montreal,premium,1,1,0,2,170.25,340.5
c9c1de9e-53cb-11ea-831a-b88a60e194fb,AGR-KHUF,orderid:539326,crmid:9690025495,2020-02-13T12:25:31.000Z,mobile,prd1067,1583324731,1584188731,2020-03-04T12:25:31+00:00,2020-03-14T12:25:31+00:00,Nesting Box Inn: Istanbul,Nesting Box Inn,Istanbul,premium,1,1,0,10,142.72,1427.2
c9c2f010-53cb-11ea-8509-b88a60e194fb,B2S-XTFS,orderid:146308,crmid:3453299953,2019-12-06T05:35:20.000Z,website,prd1076,1576560920,1577165720,2019-12-17T05:35:20+00:00,2019-12-24T05:35:20+00:00,Aspen Heights: Bogota,Aspen Heights,Bogota,premium,1,1,0,7,132.73,929.11
c9c4272e-53cb-11ea-962c-b88a60e194fb,AOK-6U1Y,orderid:488328,crmid:8284719686,2020-02-13T11:50:24.000Z,kiosk,prd1017,1583581824,1583841024,2020-03-07T11:50:24+00:00,2020-03-10T11:50:24+00:00,Sapphire Suites: Fort Worth,Sapphire Suites,Fort Worth,standard,1,1,0,3,164.91,494.73
c9c5af86-53cb-11ea-939f-b88a60e194fb,QG6-ZKN7,orderid:747573,crmid:8628633307,2020-01-25T19:39:02.000Z,kiosk,prd1076,1582054742,1582313942,2020-02-18T19:39:02+00:00,2020-02-21T19:39:02+00:00,Aspen Heights: Bogota,Aspen Heights,Bogota,standard,1,1,0,3,157.8,473.4
c9c6bfc0-53cb-11ea-93dc-b88a60e194fb,GN0-X3OW,orderid:395957,crmid:1177103191,2020-01-06T00:25:54.000Z,website,prd1137,1578356754,1578615954,2020-01-07T00:25:54+00:00,2020-01-10T00:25:54+00:00,Sapphire Suites: Manila,Sapphire Suites,Manila,premium,1,1,0,3,122.19,366.57
c9c7f928-53cb-11ea-903b-b88a60e194fb,WX2-CGAD,orderid:746862,crmid:5809957361,2019-12-05T11:56:37.000Z,call center,prd1098,1575806197,1575892597,2019-12-08T11:56:37+00:00,2019-12-09T11:56:37+00:00,Restful Nights: Kiev,Restful Nights,Kiev,standard,1,1,0,1,147.55,147.55
c9c90a98-53cb-11ea-b744-b88a60e194fb,AC1-GJWQ,orderid:601038,crmid:5212899829,2019-12-19T11:01:36.000Z,call center,prd1121,1578654096,1579863696,2020-01-10T11:01:36+00:00,2020-01-24T11:01:36+00:00,Grandeur Hotels: Stockholm,Grandeur Hotels,Stockholm,standard,1,1,0,14,208.99,2925.86
c9ca68d2-53cb-11ea-90c6-b88a60e194fb,SZP-P9JR,orderid:588826,crmid:3130589170,2020-02-08T11:26:52.000Z,website,prd1175,1581420412,1581938812,2020-02-11T11:26:52+00:00,2020-02-17T11:26:52+00:00,Nesting Box Inn: Long Beach,Nesting Box Inn,Long Beach,standard,1,1,0,6,114.75,688.5
c9cb7b90-53cb-11ea-9164-b88a60e194fb,8HP-HVGX,orderid:456313,crmid:8189755233,2019-12-17T21:51:38.000Z,mobile,prd1182,1578779498,1579384298,2020-01-11T21:51:38+00:00,2020-01-18T21:51:38+00:00,Restful Nights: Minneapolis,Restful Nights,Minneapolis,luxury,1,1,0,7,240.45,1683.15
c9cd761c-53cb-11ea-9ef2-b88a60e194fb,NY4-XVCP,orderid:476001,crmid:6804960991,2020-02-08T03:31:45.000Z,kiosk,prd1053,1581564705,1581737505,2020-02-13T03:31:45+00:00,2020-02-15T03:31:45+00:00,Sapphire Suites: Cleveland,Sapphire Suites,Cleveland,standard,1,1,0,2,124.5,249.0
c9ceaeb4-53cb-11ea-aa16-b88a60e194fb,2DN-UXNO,orderid:594492,crmid:7166715205,2019-12-12T23:45:11.000Z,website,prd1029,1577835911,1578527111,2019-12-31T23:45:11+00:00,2020-01-08T23:45:11+00:00,Sapphire Suites: Oklahoma City,Sapphire Suites,Oklahoma City,standard,1,1,0,8,166.12,1328.96
c9d05c4a-53cb-11ea-885a-b88a60e194fb,ED8-YV68,orderid:547638,crmid:9901284123,2020-02-09T10:50:37.000Z,website,prd1121,1581763837,1582541437,2020-02-15T10:50:37+00:00,2020-02-24T10:50:37+00:00,Grandeur Hotels: Stockholm,Grandeur Hotels,Stockholm,standard,1,1,0,9,123.68,1113.12
c9d209d4-53cb-11ea-b423-b88a60e194fb,YCR-RSDL,orderid:246606,crmid:9471777981,2020-01-04T22:48:48.000Z,mobile,prd1143,1578264528,1578350928,2020-01-05T22:48:48+00:00,2020-01-06T22:48:48+00:00,Hospitality Inn: San Antonio,Hospitality Inn,San Antonio,premium,1,1,0,1,142.63,142.63
c9d4620c-53cb-11ea-80fb-b88a60e194fb,FJG-SXQ4,orderid:812529,crmid:6379865301,2019-12-19T17:06:21.000Z,call center,prd1177,1576861581,1577293581,2019-12-20T17:06:21+00:00,2019-12-25T17:06:21+00:00,Admiralty Plaza: Raleigh,Admiralty Plaza,Raleigh,standard,1,1,0,5,193.34,966.7
c9d60174-53cb-11ea-adfa-b88a60e194fb,EHJ-YZPD,orderid:989255,crmid:7743810325,2019-12-06T22:16:28.000Z,website,prd1136,1576793788,1578003388,2019-12-19T22:16:28+00:00,2020-01-02T22:16:28+00:00,Aspen Heights: Osaka,Aspen Heights,Osaka,premium,1,1,0,14,172.66,2417.24
c9d7af1e-53cb-11ea-b765-b88a60e194fb,4U9-AMZV,orderid:323746,crmid:7781246362,2020-02-05T16:39:01.000Z,website,prd1030,1581007141,1581093541,2020-02-06T16:39:01+00:00,2020-02-07T16:39:01+00:00,Sego Lily Suites: Las Vegas,Sego Lily Suites,Las Vegas,standard,1,1,0,1,119.11,119.11
c9d95cfa-53cb-11ea-83b5-b88a60e194fb,ML2-B7YG,orderid:277954,crmid:3396513277,2020-02-10T14:18:15.000Z,call center,prd1094,1581430695,1581689895,2020-02-11T14:18:15+00:00,2020-02-14T14:18:15+00:00,Blue Reef Resort: Berlin,Blue Reef Resort,Berlin,premium,1,1,0,3,100.0,300.0
c9db31ac-53cb-11ea-8066-b88a60e194fb,SD4-UYSS,orderid:307436,crmid:2461656518,2020-01-29T03:41:48.000Z,call center,prd1136,1580355708,1580442108,2020-01-30T03:41:48+00:00,2020-01-31T03:41:48+00:00,Aspen Heights: Osaka,Aspen Heights,Osaka,standard,1,1,0,1,116.42,116.42
c9dedb28-53cb-11ea-aadb-b88a60e194fb,QRG-BLXY,orderid:146059,crmid:6685461836,2020-01-16T15:28:18.000Z,call center,prd1095,1579274898,1579361298,2020-01-17T15:28:18+00:00,2020-01-18T15:28:18+00:00,Hospitality Inn: Casablanca,Hospitality Inn,Casablanca,standard,1,1,0,1,131.63,131.63
c9e12524-53cb-11ea-9cf1-b88a60e194fb,45F-KWFC,orderid:113543,crmid:5799731907,2019-12-05T21:29:57.000Z,kiosk,prd1160,1576704597,1577136597,2019-12-18T21:29:57+00:00,2019-12-23T21:29:57+00:00,Aspen Heights: Nashville,Aspen Heights,Nashville,standard,1,1,1,5,124.78,623.9
c9e2d2d8-53cb-11ea-8172-b88a60e194fb,XC5-RU4D,orderid:222755,crmid:5773643730,2019-12-26T14:26:35.000Z,website,prd1010,1577456795,1577629595,2019-12-27T14:26:35+00:00,2019-12-29T14:26:35+00:00,Blue Reef Resort: San Diego,Blue Reef Resort,San Diego,standard,1,1,0,2,117.53,235.06
