id,crmid,propensity_room_upgrade,propensity_extended_nights
c8e1685c-53cb-11ea-a6a6-b88a60e194fb,crmid:5237073072,4,5
c8e252ba-53cb-11ea-8cb7-b88a60e194fb,crmid:8708884100,9,4
c8e38b3a-53cb-11ea-b0fe-b88a60e194fb,crmid:1935903909,4,5
c8e4c55a-53cb-11ea-8563-b88a60e194fb,crmid:4680346007,3,4
c8e5d53a-53cb-11ea-9d1c-b88a60e194fb,crmid:7030826440,3,3
c8e6e7e4-53cb-11ea-906f-b88a60e194fb,crmid:3350621602,7,4
c8e81f1a-53cb-11ea-afd4-b88a60e194fb,crmid:8352216241,4,2
c8e931dc-53cb-11ea-ae1d-b88a60e194fb,crmid:2574362364,3,6
c8ea1ae8-53cb-11ea-9272-b88a60e194fb,crmid:5454403210,3,4
c8eb2da6-53cb-11ea-b2c9-b88a60e194fb,crmid:6478915541,3,4
c8ec8d4c-53cb-11ea-bcfc-b88a60e194fb,crmid:8317097821,4,8
c8edc5c0-53cb-11ea-8b86-b88a60e194fb,crmid:7886776217,4,5
c8eeb01e-53cb-11ea-8a03-b88a60e194fb,crmid:9009629926,3,4
c8efe8a6-53cb-11ea-a7da-b88a60e194fb,crmid:2530490031,2,3
c8f0fa26-53cb-11ea-86a0-b88a60e194fb,crmid:7345061961,4,4
c8f1e488-53cb-11ea-9217-b88a60e194fb,crmid:6804353894,8,2
c8f31b92-53cb-11ea-9eed-b88a60e194fb,crmid:9654999498,5,4
c8f47c90-53cb-11ea-888a-b88a60e194fb,crmid:8703977873,9,3
c8f58dd8-53cb-11ea-9574-b88a60e194fb,crmid:7096631998,2,3
c8f67850-53cb-11ea-a15a-b88a60e194fb,crmid:3113746577,4,9
c8f7898c-53cb-11ea-b304-b88a60e194fb,crmid:1563828621,4,4
c8f8e950-53cb-11ea-90c6-b88a60e194fb,crmid:9326573316,5,6
c8f9fac0-53cb-11ea-a323-b88a60e194fb,crmid:2833563734,8,3
c8fb31e6-53cb-11ea-b3a4-b88a60e194fb,crmid:9181287479,4,8
c8fcb892-53cb-11ea-9402-b88a60e194fb,crmid:7647616720,6,3
c8fdf270-53cb-11ea-9f4f-b88a60e194fb,crmid:8506810185,4,3
c8ff5106-53cb-11ea-ab19-b88a60e194fb,crmid:6419801494,4,4
c9003c4c-53cb-11ea-b2c5-b88a60e194fb,crmid:8894155997,2,4
c9014dc0-53cb-11ea-97ef-b88a60e194fb,crmid:4524190986,3,5
c902ae7a-53cb-11ea-a78b-b88a60e194fb,crmid:3988733321,3,4
c903e48c-53cb-11ea-adf6-b88a60e194fb,crmid:5588223296,3,6
c904cef4-53cb-11ea-b27f-b88a60e194fb,crmid:3266019128,4,4
c905b95e-53cb-11ea-89b3-b88a60e194fb,crmid:7616654154,6,5
c906caca-53cb-11ea-be11-b88a60e194fb,crmid:9504953236,2,5
c9082a58-53cb-11ea-b7a4-b88a60e194fb,crmid:6226387715,6,4
c90989e6-53cb-11ea-939b-b88a60e194fb,crmid:8331215432,7,4
c90a744c-53cb-11ea-8870-b88a60e194fb,crmid:6657290262,3,8
c90b85ba-53cb-11ea-9046-b88a60e194fb,crmid:2168332685,6,5
c90cbe1c-53cb-11ea-a87b-b88a60e194fb,crmid:5442674896,5,4
c90ee108-53cb-11ea-97d5-b88a60e194fb,crmid:3016021437,5,6
c91019d2-53cb-11ea-9fc7-b88a60e194fb,crmid:3309109302,4,3
c9117900-53cb-11ea-b88f-b88a60e194fb,crmid:5143653466,4,4
c912d892-53cb-11ea-bebb-b88a60e194fb,crmid:7050932570,6,10
c9145fb8-53cb-11ea-9f10-b88a60e194fb,crmid:4622509539,7,3
c9154998-53cb-11ea-8c30-b88a60e194fb,crmid:6479609437,3,4
c916836e-53cb-11ea-b965-b88a60e194fb,crmid:9378996997,6,4
c917e1b6-53cb-11ea-a319-b88a60e194fb,crmid:5054086073,9,6
c918cd40-53cb-11ea-8489-b88a60e194fb,crmid:7379530030,5,5
c919dec8-53cb-11ea-8933-b88a60e194fb,crmid:5781398670,4,5
c91af058-53cb-11ea-bd3d-b88a60e194fb,crmid:1046445319,5,4
c91c01b4-53cb-11ea-9145-b88a60e194fb,crmid:9508447636,4,3
c91d1342-53cb-11ea-b223-b88a60e194fb,crmid:6853670656,2,4
c91dfd94-53cb-11ea-adc7-b88a60e194fb,crmid:9625819729,6,5
c91f42fa-53cb-11ea-a621-b88a60e194fb,crmid:6675784005,5,3
c9206d1e-53cb-11ea-a9be-b88a60e194fb,crmid:2496368821,3,2
c921f3c6-53cb-11ea-967c-b88a60e194fb,crmid:9695992919,3,7
c9232c4c-53cb-11ea-81d9-b88a60e194fb,crmid:9530601107,4,3
c9248c0a-53cb-11ea-9101-b88a60e194fb,crmid:4145790306,5,3
c9259e9c-53cb-11ea-92bd-b88a60e194fb,crmid:8376627505,4,3
c92661da-53cb-11ea-aa3b-b88a60e194fb,crmid:4616002545,4,5
c927c18d-53cb-11ea-9b65-b88a60e194fb,crmid:4958798025,4,4
c928d2d4-53cb-11ea-a343-b88a60e194fb,crmid:6813102858,2,5
c929e474-53cb-11ea-8cb9-b88a60e194fb,crmid:6884400244,2,2
c92af5c6-53cb-11ea-936e-b88a60e194fb,crmid:1034247278,3,4
c92c2d06-53cb-11ea-b3e6-b88a60e194fb,crmid:5837300639,8,4
c92d8c92-53cb-11ea-bd98-b88a60e194fb,crmid:4602043012,6,3
c92ec518-53cb-11ea-ab86-b88a60e194fb,crmid:1258449185,3,5
c92fd7cc-53cb-11ea-8036-b88a60e194fb,crmid:7718047827,4,4
c930c23a-53cb-11ea-a14f-b88a60e194fb,crmid:3166473762,2,4
c93221b8-53cb-11ea-b31b-b88a60e194fb,crmid:8416024732,4,6
c933a88c-53cb-11ea-b89d-b88a60e194fb,crmid:1945711979,6,3
c934b9fa-53cb-11ea-9f73-b88a60e194fb,crmid:7224227303,5,3
c935cb88-53cb-11ea-9759-b88a60e194fb,crmid:5768181237,3,3
c936dcb4-53cb-11ea-a160-b88a60e194fb,crmid:7026802054,3,4
c93813dc-53cb-11ea-9d4b-b88a60e194fb,crmid:4934083074,3,5
c939c1ae-53cb-11ea-bc32-b88a60e194fb,crmid:5087014347,4,4
c93b2130-53cb-11ea-a368-b88a60e194fb,crmid:7607564112,3,4
c93c8098-53cb-11ea-a0cf-b88a60e194fb,crmid:6698196310,4,3
c93d6af8-53cb-11ea-9467-b88a60e194fb,crmid:6286495985,5,5
c93e56be-53cb-11ea-8bb1-b88a60e194fb,crmid:4012990679,6,3
c93f684c-53cb-11ea-bc9e-b88a60e194fb,crmid:8479386229,5,5
c9407840-53cb-11ea-8764-b88a60e194fb,crmid:5603179827,5,3
c9418b28-53cb-11ea-af08-b88a60e194fb,crmid:3225255081,6,4
c9427588-53cb-11ea-8301-b88a60e194fb,crmid:8141542636,5,4
c9444aa2-53cb-11ea-b20b-b88a60e194fb,crmid:4863220479,4,4
c9462b4c-53cb-11ea-93cf-b88a60e194fb,crmid:9905212048,3,4
c9477d40-53cb-11ea-9ccc-b88a60e194fb,crmid:1093297030,8,5
c948b5ba-53cb-11ea-8315-b88a60e194fb,crmid:4107301431,4,4
c949a02e-53cb-11ea-a4b0-b88a60e194fb,crmid:8594737640,4,3
c94affa2-53cb-11ea-a1e9-b88a60e194fb,crmid:1381721932,9,4
c94c39a4-53cb-11ea-80e0-b88a60e194fb,crmid:5314174155,4,3
c94d4ade-53cb-11ea-822f-b88a60e194fb,crmid:1072586812,8,4
c94ed09c-53cb-11ea-90f2-b88a60e194fb,crmid:2167503973,6,3
c94fe2d2-53cb-11ea-ba20-b88a60e194fb,crmid:3707288392,7,3
c95142a2-53cb-11ea-bb92-b88a60e194fb,crmid:9329473117,4,5
c9525290-53cb-11ea-9c22-b88a60e194fb,crmid:2012913837,2,4
c9538c74-53cb-11ea-b467-b88a60e194fb,crmid:1837918269,4,5
c954eb52-53cb-11ea-bb66-b88a60e194fb,crmid:3954268288,6,4
c9564b8c-53cb-11ea-850d-b88a60e194fb,crmid:9897337977,3,3
c95735d8-53cb-11ea-bc9e-b88a60e194fb,crmid:6824695814,5,3
c958bc8c-53cb-11ea-afc8-b88a60e194fb,crmid:9225664342,4,3
c959ce00-53cb-11ea-97c6-b88a60e194fb,crmid:2661560881,3,3
c95b069c-53cb-11ea-b906-b88a60e194fb,crmid:7658582902,6,3
c95c3efa-53cb-11ea-9ba8-b88a60e194fb,crmid:3949730085,4,4
c95d7792-53cb-11ea-8ebd-b88a60e194fb,crmid:7053471446,4,4
c95eb000-53cb-11ea-8d85-b88a60e194fb,crmid:5186545215,5,3
c95fc16c-53cb-11ea-a410-b88a60e194fb,crmid:2634515653,4,5
c961486e-53cb-11ea-9234-b88a60e194fb,crmid:2850431303,6,2
c962cea8-53cb-11ea-b7a0-b88a60e194fb,crmid:5077893223,4,3
c963e042-53cb-11ea-9752-b88a60e194fb,crmid:3698963479,7,3
c965189c-53cb-11ea-bee8-b88a60e194fb,crmid:1514415976,4,4
c9662a1e-53cb-11ea-a0e6-b88a60e194fb,crmid:8096341369,4,4
c967899a-53cb-11ea-a43f-b88a60e194fb,crmid:4255355824,5,5
c968e934-53cb-11ea-8735-b88a60e194fb,crmid:8200605562,5,3
c969fa9c-53cb-11ea-874d-b88a60e194fb,crmid:5205794132,9,3
c96b8164-53cb-11ea-960a-b88a60e194fb,crmid:1974171233,4,5
c96ce0fa-53cb-11ea-8d91-b88a60e194fb,crmid:6933644547,3,4
c96e8d2e-53cb-11ea-9402-b88a60e194fb,crmid:8686001972,6,3
c9703b70-53cb-11ea-a2f2-b88a60e194fb,crmid:7813299980,4,6
c973e44a-53cb-11ea-91b0-b88a60e194fb,crmid:4110312820,4,5
c9751e40-53cb-11ea-9193-b88a60e194fb,crmid:5885474464,4,4
c9767dba-53cb-11ea-8d94-b88a60e194fb,crmid:9328296716,5,2
c9778f40-53cb-11ea-856d-b88a60e194fb,crmid:1610989378,3,4
c978a09c-53cb-11ea-aaaa-b88a60e194fb,crmid:3751182531,5,5
c979d934-53cb-11ea-a300-b88a60e194fb,crmid:1028446302,5,9
c97b379e-53cb-11ea-ba7e-b88a60e194fb,crmid:7305045177,5,4
c97c48da-53cb-11ea-bb14-b88a60e194fb,crmid:6758720609,4,6
c97da868-53cb-11ea-b673-b88a60e194fb,crmid:7668168465,3,4
c97eb9f0-53cb-11ea-bddd-b88a60e194fb,crmid:8901875722,8,4
c980b5c0-53cb-11ea-90de-b88a60e194fb,crmid:6706318074,4,2
c981c728-53cb-11ea-9bd4-b88a60e194fb,crmid:8757308894,9,4
c98302c6-53cb-11ea-8601-b88a60e194fb,crmid:7553299439,3,4
c9843818-53cb-11ea-8073-b88a60e194fb,crmid:7866925831,3,8
c98571da-53cb-11ea-9b6d-b88a60e194fb,crmid:7714458855,4,9
c9868376-53cb-11ea-a521-b88a60e194fb,crmid:5355551880,4,4
c987e2dc-53cb-11ea-ac2d-b88a60e194fb,crmid:4654278795,4,4
c988f45c-53cb-11ea-93ef-b88a60e194fb,crmid:5440984947,5,5
c98a5298-53cb-11ea-a501-b88a60e194fb,crmid:6839036537,4,3
c98b8c76-53cb-11ea-8f28-b88a60e194fb,crmid:2555376325,4,4
c98c9dcc-53cb-11ea-9b0d-b88a60e194fb,crmid:4639869844,4,2
c98e2474-53cb-11ea-ac1f-b88a60e194fb,crmid:6379515480,2,3
c98f35dc-53cb-11ea-8141-b88a60e194fb,crmid:8465808271,6,4
c9906e76-53cb-11ea-b920-b88a60e194fb,crmid:9127780304,3,3
c991a6de-53cb-11ea-964e-b88a60e194fb,crmid:5219847436,8,4
c9930678-53cb-11ea-9ce0-b88a60e194fb,crmid:3974626061,5,6
c99417e8-53cb-11ea-9e38-b88a60e194fb,crmid:4973152306,5,5
c995c498-53cb-11ea-855a-b88a60e194fb,crmid:5375163225,6,3
c996d700-53cb-11ea-8e1d-b88a60e194fb,crmid:2349658515,5,6
c9985d62-53cb-11ea-b110-b88a60e194fb,crmid:6018184850,5,4
c99a0b4a-53cb-11ea-b0e9-b88a60e194fb,crmid:9060487184,7,5
c99be024-53cb-11ea-a813-b88a60e194fb,crmid:4001640494,3,3
c99cf04a-53cb-11ea-98d4-b88a60e194fb,crmid:4799795157,4,4
c99e031e-53cb-11ea-b1df-b88a60e194fb,crmid:2490867954,4,4
c99f3b6c-53cb-11ea-a2eb-b88a60e194fb,crmid:4385670939,4,1
c9a09b00-53cb-11ea-920b-b88a60e194fb,crmid:6247147721,4,6
c9a1d394-53cb-11ea-9d22-b88a60e194fb,crmid:7897160624,4,4
c9a2e500-53cb-11ea-8a97-b88a60e194fb,crmid:6451233604,4,4
c9a3f66e-53cb-11ea-beaf-b88a60e194fb,crmid:4367232215,3,2
c9a52ee6-53cb-11ea-8689-b88a60e194fb,crmid:6154199254,4,4
c9a68e6e-53cb-11ea-b145-b88a60e194fb,crmid:5214692333,3,3
c9a7c71a-53cb-11ea-bc2a-b88a60e194fb,crmid:6920320598,6,4
c9a9c1a2-53cb-11ea-b33a-b88a60e194fb,crmid:5810052599,8,4
c9ab7068-53cb-11ea-84d8-b88a60e194fb,crmid:3383036602,4,3
c9ac81e8-53cb-11ea-a13f-b88a60e194fb,crmid:1337390306,5,4
c9ae0748-53cb-11ea-aecb-b88a60e194fb,crmid:1609242045,3,4
c9af3fcc-53cb-11ea-8b9e-b88a60e194fb,crmid:3580509051,5,4
c9b07836-53cb-11ea-b7e3-b88a60e194fb,crmid:3684686771,2,5
c9b1d7d8-53cb-11ea-bde2-b88a60e194fb,crmid:7245004590,5,2
c9b31058-53cb-11ea-a4e0-b88a60e194fb,crmid:3074493210,4,2
c9b4bf64-53cb-11ea-831b-b88a60e194fb,crmid:4838648467,5,9
c9b5f688-53cb-11ea-b347-b88a60e194fb,crmid:6286235034,5,3
c9b77d18-53cb-11ea-9f41-b88a60e194fb,crmid:8444986856,5,4
c9b88e86-53cb-11ea-b00f-b88a60e194fb,crmid:6528620512,7,4
c9b9ee1c-53cb-11ea-bd80-b88a60e194fb,crmid:6737044851,7,5
c9baff9e-53cb-11ea-966a-b88a60e194fb,crmid:3976849169,4,4
c9bcade8-53cb-11ea-9994-b88a60e194fb,crmid:5129315676,8,5
c9be33e2-53cb-11ea-9228-b88a60e194fb,crmid:9775655248,6,3
c9bf934a-53cb-11ea-ba47-b88a60e194fb,crmid:7254734239,5,7
c9c0a628-53cb-11ea-945e-b88a60e194fb,crmid:7788385975,7,3
c9c1de9e-53cb-11ea-831a-b88a60e194fb,crmid:9690025495,2,4
c9c2f010-53cb-11ea-8509-b88a60e194fb,crmid:3453299953,6,4
c9c4272e-53cb-11ea-962c-b88a60e194fb,crmid:8284719686,4,9
c9c5af86-53cb-11ea-939f-b88a60e194fb,crmid:8628633307,5,4
c9c6bfc0-53cb-11ea-93dc-b88a60e194fb,crmid:1177103191,4,8
c9c7f928-53cb-11ea-903b-b88a60e194fb,crmid:5809957361,7,4
c9c90a98-53cb-11ea-b744-b88a60e194fb,crmid:5212899829,2,4
c9ca68d2-53cb-11ea-90c6-b88a60e194fb,crmid:3130589170,4,4
c9cb7b90-53cb-11ea-9164-b88a60e194fb,crmid:8189755233,8,3
c9cd761c-53cb-11ea-9ef2-b88a60e194fb,crmid:6804960991,6,7
c9ceaeb4-53cb-11ea-aa16-b88a60e194fb,crmid:7166715205,4,7
c9d05c4a-53cb-11ea-885a-b88a60e194fb,crmid:9901284123,6,6
c9d209d4-53cb-11ea-b423-b88a60e194fb,crmid:9471777981,4,3
c9d4620c-53cb-11ea-80fb-b88a60e194fb,crmid:6379865301,4,3
c9d60174-53cb-11ea-adfa-b88a60e194fb,crmid:7743810325,2,4
c9d7af1e-53cb-11ea-b765-b88a60e194fb,crmid:7781246362,3,9
c9d95cfa-53cb-11ea-83b5-b88a60e194fb,crmid:3396513277,3,6
c9db31ac-53cb-11ea-8066-b88a60e194fb,crmid:2461656518,2,4
c9dedb28-53cb-11ea-aadb-b88a60e194fb,crmid:6685461836,5,4
c9e12524-53cb-11ea-9cf1-b88a60e194fb,crmid:5799731907,4,3
c9e2d2d8-53cb-11ea-8172-b88a60e194fb,crmid:5773643730,3,4
