{"_id": "ff4d1074-53c8-11ea-bc2d-b88a60e194fb", "timestamp": "2020-02-15T23:52:29.000Z", "eventType": "transaction", "_adobeamericaspot3": {"CRMID": "crmid:4580057993", "orderDetails": {"orderID": "orderid:328212", "reservationid": "2EC-4TYK", "orderType": "call center"}}}
{"_id": "ff4e48de-53c8-11ea-a2dc-b88a60e194fb", "timestamp": "2019-12-26T01:54:45.000Z", "eventType": "transaction", "_adobeamericaspot3": {"CRMID": "crmid:3655726022", "orderDetails": {"orderID": "orderid:932055", "reservationid": "6DF-EJL3", "orderType": "call center"}}}
{"_id": "ff4fcffa-53c8-11ea-bfbd-b88a60e194fb", "timestamp": "2020-01-17T23:40:45.000Z", "eventType": "transaction", "_adobeamericaspot3": {"CRMID": "crmid:5894140374", "orderDetails": {"orderID": "orderid:873276", "reservationid": "4RN-BB8A", "orderType": "website"}}}
{"_id": "ff515626-53c8-11ea-ae2a-b88a60e194fb", "timestamp": "2019-12-31T23:02:04.000Z", "eventType": "transaction", "_adobeamericaspot3": {"CRMID": "crmid:8052924846", "orderDetails": {"orderID": "orderid:811495", "reservationid": "P5T-TX5B", "orderType": "website"}}}
{"_id": "ff52b5da-53c8-11ea-95e8-b88a60e194fb", "timestamp": "2019-12-19T15:23:41.000Z", "eventType": "transaction", "_adobeamericaspot3": {"CRMID": "crmid:8186712139", "orderDetails": {"orderID": "orderid:311931", "reservationid": "BY1-DFAE", "orderType": "call center"}}}
{"_id": "ff543c48-53c8-11ea-b451-b88a60e194fb", "timestamp": "2020-02-01T09:17:05.000Z", "eventType": "transaction", "_adobeamericaspot3": {"CRMID": "crmid:7126784438", "orderDetails": {"orderID": "orderid:630760", "reservationid": "3YG-SEVY", "orderType": "mobile"}}}
{"_id": "ff5574e2-53c8-11ea-9155-b88a60e194fb", "timestamp": "2020-01-12T02:06:08.000Z", "eventType": "transaction", "_adobeamericaspot3": {"CRMID": "crmid:7386425194", "orderDetails": {"orderID": "orderid:514609", "reservationid": "W9Q-TIQH", "orderType": "kiosk"}}}
{"_id": "ff56ad6c-53c8-11ea-b08b-b88a60e194fb", "timestamp": "2020-01-24T05:55:44.000Z", "eventType": "transaction", "_adobeamericaspot3": {"CRMID": "crmid:5218403119", "orderDetails": {"orderID": "orderid:583456", "reservationid": "QOW-ERUZ", "orderType": "service desk"}}}
{"_id": "ff580d1c-53c8-11ea-91f3-b88a60e194fb", "timestamp": "2019-12-28T00:24:19.000Z", "eventType": "transaction", "_adobeamericaspot3": {"CRMID": "crmid:3553264222", "orderDetails": {"orderID": "orderid:262880", "reservationid": "4IY-FHUG", "orderType": "call center"}}}
{"_id": "ff596c86-53c8-11ea-9049-b88a60e194fb", "timestamp": "2020-01-13T10:10:51.000Z", "eventType": "transaction", "_adobeamericaspot3": {"CRMID": "crmid:6490038695", "orderDetails": {"orderID": "orderid:351965", "reservationid": "EDP-SUQA", "orderType": "call center"}}}
{"_id": "ff5aa4f8-53c8-11ea-9527-b88a60e194fb", "timestamp": "2019-12-09T08:05:53.000Z", "eventType": "transaction", "_adobeamericaspot3": {"CRMID": "crmid:8748416798", "orderDetails": {"orderID": "orderid:497264", "reservationid": "RJY-VBUQ", "orderType": "website"}}}
{"_id": "ff5bdd7e-53c8-11ea-9cf3-b88a60e194fb", "timestamp": "2019-12-11T15:42:06.000Z", "eventType": "transaction", "_adobeamericaspot3": {"CRMID": "crmid:7055168002", "orderDetails": {"orderID": "orderid:812385", "reservationid": "8YY-BJKE", "orderType": "mobile"}}}
{"_id": "ff5d3d1c-53c8-11ea-94f0-b88a60e194fb", "timestamp": "2020-02-14T19:52:51.000Z", "eventType": "transaction", "_adobeamericaspot3": {"CRMID": "crmid:1292478649", "orderDetails": {"orderID": "orderid:887210", "reservationid": "J1C-7UIS", "orderType": "call center"}}}
{"_id": "ff5e277e-53c8-11ea-9675-b88a60e194fb", "timestamp": "2020-01-04T18:39:49.000Z", "eventType": "transaction", "_adobeamericaspot3": {"CRMID": "crmid:1887695930", "orderDetails": {"orderID": "orderid:112469", "reservationid": "IT6-VKQH", "orderType": "website"}}}
{"_id": "ff5f38d8-53c8-11ea-ac8a-b88a60e194fb", "timestamp": "2020-01-31T07:21:41.000Z", "eventType": "transaction", "_adobeamericaspot3": {"CRMID": "crmid:7595053780", "orderDetails": {"orderID": "orderid:913170", "reservationid": "I6F-XYIB", "orderType": "website"}}}
{"_id": "ff602340-53c8-11ea-b7a2-b88a60e194fb", "timestamp": "2019-12-03T06:49:54.000Z", "eventType": "transaction", "_adobeamericaspot3": {"CRMID": "crmid:8249329141", "orderDetails": {"orderID": "orderid:767187", "reservationid": "6YQ-KCGB", "orderType": "mobile"}}}
{"_id": "ff610da2-53c8-11ea-bdac-b88a60e194fb", "timestamp": "2020-01-24T10:12:00.000Z", "eventType": "transaction", "_adobeamericaspot3": {"CRMID": "crmid:3992607853", "orderDetails": {"orderID": "orderid:896838", "reservationid": "1F0-IZQE", "orderType": "call center"}}}
{"_id": "ff61f806-53c8-11ea-8f6c-b88a60e194fb", "timestamp": "2020-01-04T00:41:18.000Z", "eventType": "transaction", "_adobeamericaspot3": {"CRMID": "crmid:2632173957", "orderDetails": {"orderID": "orderid:663581", "reservationid": "AD6-EOJX", "orderType": "kiosk"}}}
{"_id": "ff62bb5a-53c8-11ea-854f-b88a60e194fb", "timestamp": "2019-12-17T12:33:02.000Z", "eventType": "transaction", "_adobeamericaspot3": {"CRMID": "crmid:9202933316", "orderDetails": {"orderID": "orderid:652688", "reservationid": "MKQ-CRZH", "orderType": "kiosk"}}}
{"_id": "ff62e262-53c8-11ea-92a1-b88a60e194fb", "timestamp": "2019-12-23T00:00:00.000Z", "eventType": "transaction", "_adobeamericaspot3": {"CRMID": "crmid:9202933316", "orderDetails": {"orderID": "orderid:524892", "reservationid": "YKE-MLJM", "orderType": "website"}}}
{"_id": "ff63f3ec-53c8-11ea-bf06-b88a60e194fb", "timestamp": "2020-02-11T03:40:01.000Z", "eventType": "transaction", "_adobeamericaspot3": {"CRMID": "crmid:5567697893", "orderDetails": {"orderID": "orderid:326843", "reservationid": "4UF-6NQX", "orderType": "call center"}}}
{"_id": "ff65054a-53c8-11ea-9b94-b88a60e194fb", "timestamp": "2019-12-25T05:27:11.000Z", "eventType": "transaction", "_adobeamericaspot3": {"CRMID": "crmid:1524558559", "orderDetails": {"orderID": "orderid:677148", "reservationid": "HEH-BZQT", "orderType": "service desk"}}}
{"_id": "ff65efac-53c8-11ea-bdb1-b88a60e194fb", "timestamp": "2020-01-31T10:44:40.000Z", "eventType": "transaction", "_adobeamericaspot3": {"CRMID": "crmid:4054285512", "orderDetails": {"orderID": "orderid:474985", "reservationid": "AHT-WN1W", "orderType": "call center"}}}
{"_id": "ff66da10-53c8-11ea-8ce7-b88a60e194fb", "timestamp": "2019-12-11T04:48:43.000Z", "eventType": "transaction", "_adobeamericaspot3": {"CRMID": "crmid:2059086239", "orderDetails": {"orderID": "orderid:314869", "reservationid": "HT8-DQT0", "orderType": "mobile"}}}
{"_id": "ff670118-53c8-11ea-bb5f-b88a60e194fb", "timestamp": "2019-12-20T00:00:00.000Z", "eventType": "transaction", "_adobeamericaspot3": {"CRMID": "crmid:2059086239", "orderDetails": {"orderID": "orderid:465683", "reservationid": "SUV-OPRC", "orderType": "call center"}}}
{"_id": "ff68399a-53c8-11ea-be4b-b88a60e194fb", "timestamp": "2019-12-10T22:02:01.000Z", "eventType": "transaction", "_adobeamericaspot3": {"CRMID": "crmid:9233323522", "orderDetails": {"orderID": "orderid:419084", "reservationid": "0UR-8TWR", "orderType": "website"}}}
{"_id": "ff6923fa-53c8-11ea-a583-b88a60e194fb", "timestamp": "2020-02-06T12:50:22.000Z", "eventType": "transaction", "_adobeamericaspot3": {"CRMID": "crmid:5759551336", "orderDetails": {"orderID": "orderid:266139", "reservationid": "A0E-GTMR", "orderType": "website"}}}
{"_id": "ff6a0e62-53c8-11ea-a026-b88a60e194fb", "timestamp": "2020-01-27T18:57:11.000Z", "eventType": "transaction", "_adobeamericaspot3": {"CRMID": "crmid:3124531766", "orderDetails": {"orderID": "orderid:345100", "reservationid": "1TR-PUFW", "orderType": "call center"}}}
{"_id": "ff6a0e63-53c8-11ea-bd98-b88a60e194fb", "timestamp": "2020-02-04T00:00:00.000Z", "eventType": "transaction", "_adobeamericaspot3": {"CRMID": "crmid:3124531766", "orderDetails": {"orderID": "orderid:104019", "reservationid": "XLS-5WCW", "orderType": "website"}}}
{"_id": "ff6a356c-53c8-11ea-b6bf-b88a60e194fb", "timestamp": "2020-02-11T00:00:00.000Z", "eventType": "transaction", "_adobeamericaspot3": {"CRMID": "crmid:3124531766", "orderDetails": {"orderID": "orderid:516407", "reservationid": "2LO-BCWO", "orderType": "kiosk"}}}
{"_id": "ff6a5c7a-53c8-11ea-b346-b88a60e194fb", "timestamp": "2020-02-18T00:00:00.000Z", "eventType": "transaction", "_adobeamericaspot3": {"CRMID": "crmid:3124531766", "orderDetails": {"orderID": "orderid:677202", "reservationid": "YXO-SARC", "orderType": "website"}}}
{"_id": "ff6b47ac-53c8-11ea-80e3-b88a60e194fb", "timestamp": "2019-12-29T04:28:39.000Z", "eventType": "transaction", "_adobeamericaspot3": {"CRMID": "crmid:7020639297", "orderDetails": {"orderID": "orderid:511431", "reservationid": "CU6-L606", "orderType": "mobile"}}}
{"_id": "ff6c3294-53c8-11ea-bcff-b88a60e194fb", "timestamp": "2019-12-30T10:54:00.000Z", "eventType": "transaction", "_adobeamericaspot3": {"CRMID": "crmid:2399537936", "orderDetails": {"orderID": "orderid:383476", "reservationid": "WGY-KDJT", "orderType": "kiosk"}}}
{"_id": "ff6d1cee-53c8-11ea-8cc8-b88a60e194fb", "timestamp": "2020-01-11T03:31:46.000Z", "eventType": "transaction", "_adobeamericaspot3": {"CRMID": "crmid:8138734999", "orderDetails": {"orderID": "orderid:223751", "reservationid": "DAZ-YCGC", "orderType": "call center"}}}
{"_id": "ff6e074a-53c8-11ea-bf30-b88a60e194fb", "timestamp": "2019-12-01T08:19:21.000Z", "eventType": "transaction", "_adobeamericaspot3": {"CRMID": "crmid:7279715080", "orderDetails": {"orderID": "orderid:813594", "reservationid": "GXV-XMMG", "orderType": "call center"}}}
{"_id": "ff6ef18a-53c8-11ea-ba29-b88a60e194fb", "timestamp": "2019-12-23T21:56:40.000Z", "eventType": "transaction", "_adobeamericaspot3": {"CRMID": "crmid:3655711277", "orderDetails": {"orderID": "orderid:366048", "reservationid": "2AV-NA7P", "orderType": "website"}}}
{"_id": "ff6fdc18-53c8-11ea-a390-b88a60e194fb", "timestamp": "2020-01-22T03:54:23.000Z", "eventType": "transaction", "_adobeamericaspot3": {"CRMID": "crmid:2266984036", "orderDetails": {"orderID": "orderid:825891", "reservationid": "KM9-2WCZ", "orderType": "call center"}}}
{"_id": "ff70c66e-53c8-11ea-824c-b88a60e194fb", "timestamp": "2019-12-16T04:17:29.000Z", "eventType": "transaction", "_adobeamericaspot3": {"CRMID": "crmid:4019344088", "orderDetails": {"orderID": "orderid:217942", "reservationid": "XYZ-N7QU", "orderType": "service desk"}}}
{"_id": "ff71fef6-53c8-11ea-aac0-b88a60e194fb", "timestamp": "2020-01-19T03:54:19.000Z", "eventType": "transaction", "_adobeamericaspot3": {"CRMID": "crmid:4902542255", "orderDetails": {"orderID": "orderid:900699", "reservationid": "6LY-PF3S", "orderType": "website"}}}
{"_id": "ff72e964-53c8-11ea-b948-b88a60e194fb", "timestamp": "2020-01-30T16:37:22.000Z", "eventType": "transaction", "_adobeamericaspot3": {"CRMID": "crmid:8130941692", "orderDetails": {"orderID": "orderid:225623", "reservationid": "SHT-RBDQ", "orderType": "website"}}}
{"_id": "ff73d258-53c8-11ea-97e2-b88a60e194fb", "timestamp": "2020-01-20T20:25:27.000Z", "eventType": "transaction", "_adobeamericaspot3": {"CRMID": "crmid:8538059863", "orderDetails": {"orderID": "orderid:538821", "reservationid": "RHV-PEON", "orderType": "kiosk"}}}
{"_id": "ff74e3b0-53c8-11ea-be47-b88a60e194fb", "timestamp": "2020-01-01T00:13:00.000Z", "eventType": "transaction", "_adobeamericaspot3": {"CRMID": "crmid:2686986067", "orderDetails": {"orderID": "orderid:249175", "reservationid": "I9C-ZSOE", "orderType": "mobile"}}}
{"_id": "ff75ce1a-53c8-11ea-a73f-b88a60e194fb", "timestamp": "2019-12-16T08:48:28.000Z", "eventType": "transaction", "_adobeamericaspot3": {"CRMID": "crmid:2496003987", "orderDetails": {"orderID": "orderid:362701", "reservationid": "MO5-W3HJ", "orderType": "website"}}}
{"_id": "ff76df8c-53c8-11ea-97c0-b88a60e194fb", "timestamp": "2020-01-03T03:58:25.000Z", "eventType": "transaction", "_adobeamericaspot3": {"CRMID": "crmid:4642055651", "orderDetails": {"orderID": "orderid:163426", "reservationid": "GZ0-IZ8D", "orderType": "website"}}}
{"_id": "ff77a2dc-53c8-11ea-a247-b88a60e194fb", "timestamp": "2020-01-28T15:52:38.000Z", "eventType": "transaction", "_adobeamericaspot3": {"CRMID": "crmid:3359566051", "orderDetails": {"orderID": "orderid:433370", "reservationid": "CZF-TOTV", "orderType": "call center"}}}
{"_id": "ff79027a-53c8-11ea-a529-b88a60e194fb", "timestamp": "2019-12-30T08:47:53.000Z", "eventType": "transaction", "_adobeamericaspot3": {"CRMID": "crmid:5683089584", "orderDetails": {"orderID": "orderid:591964", "reservationid": "NSO-TY6B", "orderType": "website"}}}
{"_id": "ff7a3aec-53c8-11ea-bfbf-b88a60e194fb", "timestamp": "2020-02-10T00:03:25.000Z", "eventType": "transaction", "_adobeamericaspot3": {"CRMID": "crmid:6043916883", "orderDetails": {"orderID": "orderid:668870", "reservationid": "YMA-OR4X", "orderType": "call center"}}}
{"_id": "ff7b4c76-53c8-11ea-9897-b88a60e194fb", "timestamp": "2019-12-02T14:47:06.000Z", "eventType": "transaction", "_adobeamericaspot3": {"CRMID": "crmid:6536729436", "orderDetails": {"orderID": "orderid:995636", "reservationid": "S2E-I7BM", "orderType": "website"}}}
{"_id": "ff7c3818-53c8-11ea-be52-b88a60e194fb", "timestamp": "2020-02-02T22:57:57.000Z", "eventType": "transaction", "_adobeamericaspot3": {"CRMID": "crmid:8125725285", "orderDetails": {"orderID": "orderid:385693", "reservationid": "5C3-5EQT", "orderType": "call center"}}}
{"_id": "ff7d715c-53c8-11ea-9764-b88a60e194fb", "timestamp": "2020-01-28T15:06:26.000Z", "eventType": "transaction", "_adobeamericaspot3": {"CRMID": "crmid:5080228397", "orderDetails": {"orderID": "orderid:877951", "reservationid": "X4Q-DFK0", "orderType": "kiosk"}}}
{"_id": "ff7ed02c-53c8-11ea-bff5-b88a60e194fb", "timestamp": "2020-02-14T02:24:10.000Z", "eventType": "transaction", "_adobeamericaspot3": {"CRMID": "crmid:4103092348", "orderDetails": {"orderID": "orderid:682276", "reservationid": "RKS-8LKK", "orderType": "call center"}}}
{"_id": "ff7f9382-53c8-11ea-b592-b88a60e194fb", "timestamp": "2019-12-25T19:28:21.000Z", "eventType": "transaction", "_adobeamericaspot3": {"CRMID": "crmid:8829287001", "orderDetails": {"orderID": "orderid:100230", "reservationid": "ZVB-GEW8", "orderType": "call center"}}}
{"_id": "ff7fba9c-53c8-11ea-8e2f-b88a60e194fb", "timestamp": "2020-01-01T00:00:00.000Z", "eventType": "transaction", "_adobeamericaspot3": {"CRMID": "crmid:8829287001", "orderDetails": {"orderID": "orderid:701440", "reservationid": "BI7-CPNV", "orderType": "call center"}}}
{"_id": "ff80a4e8-53c8-11ea-b4b7-b88a60e194fb", "timestamp": "2019-12-23T10:27:37.000Z", "eventType": "transaction", "_adobeamericaspot3": {"CRMID": "crmid:4048606662", "orderDetails": {"orderID": "orderid:695506", "reservationid": "RGI-FVK8", "orderType": "website"}}}
{"_id": "ff818f4a-53c8-11ea-8e83-b88a60e194fb", "timestamp": "2020-01-03T14:41:49.000Z", "eventType": "transaction", "_adobeamericaspot3": {"CRMID": "crmid:4221621629", "orderDetails": {"orderID": "orderid:376295", "reservationid": "Z5D-MVC6", "orderType": "call center"}}}
{"_id": "ff829f80-53c8-11ea-82f3-b88a60e194fb", "timestamp": "2020-01-08T17:08:22.000Z", "eventType": "transaction", "_adobeamericaspot3": {"CRMID": "crmid:2977777462", "orderDetails": {"orderID": "orderid:302428", "reservationid": "H4U-ZOBR", "orderType": "mobile"}}}
{"_id": "ff838b1c-53c8-11ea-8356-b88a60e194fb", "timestamp": "2020-01-15T15:53:23.000Z", "eventType": "transaction", "_adobeamericaspot3": {"CRMID": "crmid:2634045358", "orderDetails": {"orderID": "orderid:703089", "reservationid": "XYJ-LDB6", "orderType": "kiosk"}}}
{"_id": "ff844e6e-53c8-11ea-b18d-b88a60e194fb", "timestamp": "2019-12-05T07:27:38.000Z", "eventType": "transaction", "_adobeamericaspot3": {"CRMID": "crmid:3871599142", "orderDetails": {"orderID": "orderid:255714", "reservationid": "HA0-V1IU", "orderType": "call center"}}}
{"_id": "ff855fe2-53c8-11ea-8395-b88a60e194fb", "timestamp": "2019-12-30T01:31:30.000Z", "eventType": "transaction", "_adobeamericaspot3": {"CRMID": "crmid:1087203023", "orderDetails": {"orderID": "orderid:607921", "reservationid": "RQ3-DAVR", "orderType": "call center"}}}
{"_id": "ff86233a-53c8-11ea-8eb6-b88a60e194fb", "timestamp": "2020-02-10T17:54:04.000Z", "eventType": "transaction", "_adobeamericaspot3": {"CRMID": "crmid:7995212603", "orderDetails": {"orderID": "orderid:908770", "reservationid": "BJB-1ZE7", "orderType": "kiosk"}}}
{"_id": "ff875bf0-53c8-11ea-aaf9-b88a60e194fb", "timestamp": "2020-01-26T04:38:16.000Z", "eventType": "transaction", "_adobeamericaspot3": {"CRMID": "crmid:6437505466", "orderDetails": {"orderID": "orderid:391246", "reservationid": "58J-MGPE", "orderType": "kiosk"}}}
{"_id": "ff886d18-53c8-11ea-907a-b88a60e194fb", "timestamp": "2020-01-11T09:29:55.000Z", "eventType": "transaction", "_adobeamericaspot3": {"CRMID": "crmid:8140927371", "orderDetails": {"orderID": "orderid:510813", "reservationid": "EPD-DGUW", "orderType": "mobile"}}}
{"_id": "ff89cb62-53c8-11ea-afd2-b88a60e194fb", "timestamp": "2020-02-16T09:05:19.000Z", "eventType": "transaction", "_adobeamericaspot3": {"CRMID": "crmid:1217595484", "orderDetails": {"orderID": "orderid:694976", "reservationid": "Y2H-1KGR", "orderType": "kiosk"}}}
{"_id": "ff8ab5ca-53c8-11ea-9624-b88a60e194fb", "timestamp": "2019-12-15T09:44:39.000Z", "eventType": "transaction", "_adobeamericaspot3": {"CRMID": "crmid:1375844388", "orderDetails": {"orderID": "orderid:377877", "reservationid": "DHA-KGK3", "orderType": "kiosk"}}}
{"_id": "ff8ba028-53c8-11ea-9074-b88a60e194fb", "timestamp": "2020-01-15T20:16:08.000Z", "eventType": "transaction", "_adobeamericaspot3": {"CRMID": "crmid:8512175144", "orderDetails": {"orderID": "orderid:109635", "reservationid": "SXN-QWMD", "orderType": "website"}}}
{"_id": "ff8c8a86-53c8-11ea-9364-b88a60e194fb", "timestamp": "2020-01-04T10:01:27.000Z", "eventType": "transaction", "_adobeamericaspot3": {"CRMID": "crmid:5141329425", "orderDetails": {"orderID": "orderid:481591", "reservationid": "UEX-1LQV", "orderType": "mobile"}}}
{"_id": "ff8d74f6-53c8-11ea-acc3-b88a60e194fb", "timestamp": "2019-12-23T06:32:11.000Z", "eventType": "transaction", "_adobeamericaspot3": {"CRMID": "crmid:1663507442", "orderDetails": {"orderID": "orderid:640563", "reservationid": "4TQ-3DUT", "orderType": "website"}}}
{"_id": "ff8e8652-53c8-11ea-92c1-b88a60e194fb", "timestamp": "2020-01-24T21:31:28.000Z", "eventType": "transaction", "_adobeamericaspot3": {"CRMID": "crmid:2703481120", "orderDetails": {"orderID": "orderid:873995", "reservationid": "QCG-I1QH", "orderType": "website"}}}
{"_id": "ff8f70c2-53c8-11ea-8d51-b88a60e194fb", "timestamp": "2019-12-26T00:31:40.000Z", "eventType": "transaction", "_adobeamericaspot3": {"CRMID": "crmid:3610735735", "orderDetails": {"orderID": "orderid:381577", "reservationid": "IWQ-8LYT", "orderType": "kiosk"}}}
{"_id": "ff905b1e-53c8-11ea-8e03-b88a60e194fb", "timestamp": "2019-12-01T03:58:41.000Z", "eventType": "transaction", "_adobeamericaspot3": {"CRMID": "crmid:7728044747", "orderDetails": {"orderID": "orderid:385866", "reservationid": "YAQ-RRCL", "orderType": "website"}}}
{"_id": "ff914586-53c8-11ea-86c6-b88a60e194fb", "timestamp": "2020-02-13T05:30:39.000Z", "eventType": "transaction", "_adobeamericaspot3": {"CRMID": "crmid:5613731157", "orderDetails": {"orderID": "orderid:514924", "reservationid": "LLL-GKQE", "orderType": "kiosk"}}}
{"_id": "ff927e06-53c8-11ea-a2dd-b88a60e194fb", "timestamp": "2020-01-06T20:25:41.000Z", "eventType": "transaction", "_adobeamericaspot3": {"CRMID": "crmid:8575434467", "orderDetails": {"orderID": "orderid:489529", "reservationid": "C0S-X6EZ", "orderType": "website"}}}
{"_id": "ff938f7e-53c8-11ea-9b3c-b88a60e194fb", "timestamp": "2019-12-15T13:36:19.000Z", "eventType": "transaction", "_adobeamericaspot3": {"CRMID": "crmid:1678227000", "orderDetails": {"orderID": "orderid:906440", "reservationid": "QH3-IYGH", "orderType": "kiosk"}}}
{"_id": "ff9479c2-53c8-11ea-8685-b88a60e194fb", "timestamp": "2019-12-06T16:46:07.000Z", "eventType": "transaction", "_adobeamericaspot3": {"CRMID": "crmid:7555888823", "orderDetails": {"orderID": "orderid:819337", "reservationid": "BQ5-BLLD", "orderType": "kiosk"}}}
{"_id": "ff958c48-53c8-11ea-a310-b88a60e194fb", "timestamp": "2020-01-05T00:54:48.000Z", "eventType": "transaction", "_adobeamericaspot3": {"CRMID": "crmid:4034946243", "orderDetails": {"orderID": "orderid:875326", "reservationid": "KMI-XMQZ", "orderType": "website"}}}
{"_id": "ff964fe6-53c8-11ea-be14-b88a60e194fb", "timestamp": "2019-12-16T08:37:09.000Z", "eventType": "transaction", "_adobeamericaspot3": {"CRMID": "crmid:4499011099", "orderDetails": {"orderID": "orderid:762563", "reservationid": "RXQ-PB9N", "orderType": "kiosk"}}}
{"_id": "ff973a3a-53c8-11ea-b3e5-b88a60e194fb", "timestamp": "2019-12-21T02:17:50.000Z", "eventType": "transaction", "_adobeamericaspot3": {"CRMID": "crmid:7984688165", "orderDetails": {"orderID": "orderid:233684", "reservationid": "KAJ-RFUU", "orderType": "kiosk"}}}
{"_id": "ff98235a-53c8-11ea-a5fd-b88a60e194fb", "timestamp": "2019-12-16T02:22:21.000Z", "eventType": "transaction", "_adobeamericaspot3": {"CRMID": "crmid:9880522739", "orderDetails": {"orderID": "orderid:206747", "reservationid": "ULP-K4BG", "orderType": "call center"}}}
{"_id": "ff990efa-53c8-11ea-b7d1-b88a60e194fb", "timestamp": "2019-12-10T18:54:25.000Z", "eventType": "transaction", "_adobeamericaspot3": {"CRMID": "crmid:7875722836", "orderDetails": {"orderID": "orderid:496082", "reservationid": "ZA8-NMDW", "orderType": "call center"}}}
{"_id": "ff99f948-53c8-11ea-b511-b88a60e194fb", "timestamp": "2019-12-27T17:24:37.000Z", "eventType": "transaction", "_adobeamericaspot3": {"CRMID": "crmid:2326494316", "orderDetails": {"orderID": "orderid:162054", "reservationid": "XPT-FB9F", "orderType": "website"}}}
{"_id": "ff9ae392-53c8-11ea-a607-b88a60e194fb", "timestamp": "2020-01-24T22:16:14.000Z", "eventType": "transaction", "_adobeamericaspot3": {"CRMID": "crmid:9645369766", "orderDetails": {"orderID": "orderid:234561", "reservationid": "FCH-YS5Q", "orderType": "website"}}}
{"_id": "ff9c1c24-53c8-11ea-b453-b88a60e194fb", "timestamp": "2020-01-06T23:02:55.000Z", "eventType": "transaction", "_adobeamericaspot3": {"CRMID": "crmid:6376547703", "orderDetails": {"orderID": "orderid:389401", "reservationid": "VZA-PWG6", "orderType": "website"}}}
{"_id": "ff9d05f0-53c8-11ea-8d33-b88a60e194fb", "timestamp": "2019-12-15T08:36:56.000Z", "eventType": "transaction", "_adobeamericaspot3": {"CRMID": "crmid:9872521331", "orderDetails": {"orderID": "orderid:495199", "reservationid": "7UQ-JUC3", "orderType": "website"}}}
{"_id": "ff9df0f6-53c8-11ea-bd5c-b88a60e194fb", "timestamp": "2019-12-09T15:40:44.000Z", "eventType": "transaction", "_adobeamericaspot3": {"CRMID": "crmid:8624869346", "orderDetails": {"orderID": "orderid:138781", "reservationid": "2Y7-LQEV", "orderType": "kiosk"}}}
{"_id": "ff9eb41a-53c8-11ea-915f-b88a60e194fb", "timestamp": "2020-02-10T19:17:09.000Z", "eventType": "transaction", "_adobeamericaspot3": {"CRMID": "crmid:2440708639", "orderDetails": {"orderID": "orderid:616867", "reservationid": "IPX-PZVJ", "orderType": "call center"}}}
{"_id": "ff9f9e9c-53c8-11ea-84a5-b88a60e194fb", "timestamp": "2019-12-22T04:54:10.000Z", "eventType": "transaction", "_adobeamericaspot3": {"CRMID": "crmid:7730043714", "orderDetails": {"orderID": "orderid:701683", "reservationid": "OVF-UYII", "orderType": "service desk"}}}
{"_id": "ffa0b028-53c8-11ea-9607-b88a60e194fb", "timestamp": "2019-12-29T03:59:40.000Z", "eventType": "transaction", "_adobeamericaspot3": {"CRMID": "crmid:4191290812", "orderDetails": {"orderID": "orderid:999949", "reservationid": "JQ7-Y6CW", "orderType": "mobile"}}}
{"_id": "ffa0b029-53c8-11ea-afac-b88a60e194fb", "timestamp": "2020-01-08T00:00:00.000Z", "eventType": "transaction", "_adobeamericaspot3": {"CRMID": "crmid:4191290812", "orderDetails": {"orderID": "orderid:210574", "reservationid": "BE2-GMXS", "orderType": "website"}}}
{"_id": "ffa1c182-53c8-11ea-b249-b88a60e194fb", "timestamp": "2020-02-14T09:16:36.000Z", "eventType": "transaction", "_adobeamericaspot3": {"CRMID": "crmid:6478556236", "orderDetails": {"orderID": "orderid:385226", "reservationid": "9UU-OYPV", "orderType": "call center"}}}
{"_id": "ffa2abe4-53c8-11ea-ac3a-b88a60e194fb", "timestamp": "2020-01-11T06:57:25.000Z", "eventType": "transaction", "_adobeamericaspot3": {"CRMID": "crmid:2209620633", "orderDetails": {"orderID": "orderid:984081", "reservationid": "Z3U-PIZL", "orderType": "service desk"}}}
{"_id": "ffa3963e-53c8-11ea-af8a-b88a60e194fb", "timestamp": "2020-02-04T22:23:55.000Z", "eventType": "transaction", "_adobeamericaspot3": {"CRMID": "crmid:1230221119", "orderDetails": {"orderID": "orderid:868311", "reservationid": "4NB-FR84", "orderType": "website"}}}
{"_id": "ffa480a2-53c8-11ea-a2fb-b88a60e194fb", "timestamp": "2020-01-31T07:54:54.000Z", "eventType": "transaction", "_adobeamericaspot3": {"CRMID": "crmid:3330451272", "orderDetails": {"orderID": "orderid:530607", "reservationid": "SUH-6AXZ", "orderType": "mobile"}}}
{"_id": "ffa56af6-53c8-11ea-9bfe-b88a60e194fb", "timestamp": "2020-01-13T14:03:48.000Z", "eventType": "transaction", "_adobeamericaspot3": {"CRMID": "crmid:1152594296", "orderDetails": {"orderID": "orderid:259912", "reservationid": "22L-8IGZ", "orderType": "website"}}}
{"_id": "ffa6a376-53c8-11ea-a479-b88a60e194fb", "timestamp": "2020-01-05T14:39:13.000Z", "eventType": "transaction", "_adobeamericaspot3": {"CRMID": "crmid:1407634148", "orderDetails": {"orderID": "orderid:391592", "reservationid": "A6Y-4GAC", "orderType": "call center"}}}
{"_id": "ffa78e08-53c8-11ea-ab58-b88a60e194fb", "timestamp": "2020-02-14T16:21:23.000Z", "eventType": "transaction", "_adobeamericaspot3": {"CRMID": "crmid:4211488177", "orderDetails": {"orderID": "orderid:122447", "reservationid": "JRB-PJX8", "orderType": "call center"}}}
{"_id": "ffa89ea6-53c8-11ea-98b9-b88a60e194fb", "timestamp": "2020-01-13T02:05:37.000Z", "eventType": "transaction", "_adobeamericaspot3": {"CRMID": "crmid:3122192206", "orderDetails": {"orderID": "orderid:772228", "reservationid": "FKX-LJJN", "orderType": "call center"}}}
{"_id": "ffa98870-53c8-11ea-96e1-b88a60e194fb", "timestamp": "2019-12-21T18:41:28.000Z", "eventType": "transaction", "_adobeamericaspot3": {"CRMID": "crmid:1605031817", "orderDetails": {"orderID": "orderid:777554", "reservationid": "JWH-EHT1", "orderType": "service desk"}}}
{"_id": "ffaa740a-53c8-11ea-9f4e-b88a60e194fb", "timestamp": "2020-01-16T10:09:17.000Z", "eventType": "transaction", "_adobeamericaspot3": {"CRMID": "crmid:4081085463", "orderDetails": {"orderID": "orderid:162394", "reservationid": "9YM-NJJ2", "orderType": "call center"}}}
{"_id": "ffab84a4-53c8-11ea-b8ef-b88a60e194fb", "timestamp": "2019-12-02T20:04:35.000Z", "eventType": "transaction", "_adobeamericaspot3": {"CRMID": "crmid:2159836692", "orderDetails": {"orderID": "orderid:840815", "reservationid": "43R-HZUQ", "orderType": "kiosk"}}}
{"_id": "ffac6eae-53c8-11ea-ae7d-b88a60e194fb", "timestamp": "2019-12-18T08:23:16.000Z", "eventType": "transaction", "_adobeamericaspot3": {"CRMID": "crmid:6903057243", "orderDetails": {"orderID": "orderid:793671", "reservationid": "P9A-TZNJ", "orderType": "website"}}}
{"_id": "ffada718-53c8-11ea-b7cf-b88a60e194fb", "timestamp": "2019-12-19T09:52:31.000Z", "eventType": "transaction", "_adobeamericaspot3": {"CRMID": "crmid:5008577237", "orderDetails": {"orderID": "orderid:612278", "reservationid": "ZHZ-0HHW", "orderType": "website"}}}
{"_id": "ffaedf98-53c8-11ea-bc8d-b88a60e194fb", "timestamp": "2020-02-05T16:50:24.000Z", "eventType": "transaction", "_adobeamericaspot3": {"CRMID": "crmid:6911161982", "orderDetails": {"orderID": "orderid:730133", "reservationid": "9BW-UQK7", "orderType": "service desk"}}}
{"_id": "ffaff106-53c8-11ea-9e93-b88a60e194fb", "timestamp": "2020-02-06T10:06:24.000Z", "eventType": "transaction", "_adobeamericaspot3": {"CRMID": "crmid:6974866896", "orderDetails": {"orderID": "orderid:881745", "reservationid": "5C6-EBFM", "orderType": "call center"}}}
{"_id": "ffb0db76-53c8-11ea-8726-b88a60e194fb", "timestamp": "2019-12-06T16:23:41.000Z", "eventType": "transaction", "_adobeamericaspot3": {"CRMID": "crmid:9540484850", "orderDetails": {"orderID": "orderid:108117", "reservationid": "BXZ-RB9G", "orderType": "service desk"}}}
{"_id": "ffb213f4-53c8-11ea-a451-b88a60e194fb", "timestamp": "2019-12-15T18:38:55.000Z", "eventType": "transaction", "_adobeamericaspot3": {"CRMID": "crmid:3903917960", "orderDetails": {"orderID": "orderid:631755", "reservationid": "KBA-G4EH", "orderType": "website"}}}
{"_id": "ffb2fe54-53c8-11ea-ae6a-b88a60e194fb", "timestamp": "2020-01-21T21:21:53.000Z", "eventType": "transaction", "_adobeamericaspot3": {"CRMID": "crmid:6345217972", "orderDetails": {"orderID": "orderid:877831", "reservationid": "4TW-6MKB", "orderType": "kiosk"}}}
{"_id": "ffb40fc0-53c8-11ea-bb49-b88a60e194fb", "timestamp": "2019-12-12T04:34:20.000Z", "eventType": "transaction", "_adobeamericaspot3": {"CRMID": "crmid:4824221496", "orderDetails": {"orderID": "orderid:900470", "reservationid": "ZD8-GMCW", "orderType": "website"}}}
{"_id": "ffb52136-53c8-11ea-9059-b88a60e194fb", "timestamp": "2020-02-09T13:27:39.000Z", "eventType": "transaction", "_adobeamericaspot3": {"CRMID": "crmid:3901977871", "orderDetails": {"orderID": "orderid:522711", "reservationid": "EE6-EB5T", "orderType": "mobile"}}}
{"_id": "ffb60b9a-53c8-11ea-bec4-b88a60e194fb", "timestamp": "2020-02-05T10:31:24.000Z", "eventType": "transaction", "_adobeamericaspot3": {"CRMID": "crmid:4572117820", "orderDetails": {"orderID": "orderid:870015", "reservationid": "WUP-SHA3", "orderType": "mobile"}}}
{"_id": "ffb71d00-53c8-11ea-a4d6-b88a60e194fb", "timestamp": "2020-02-08T13:44:31.000Z", "eventType": "transaction", "_adobeamericaspot3": {"CRMID": "crmid:3954439334", "orderDetails": {"orderID": "orderid:540396", "reservationid": "QVG-U191", "orderType": "website"}}}
{"_id": "ffb82e78-53c8-11ea-bfd9-b88a60e194fb", "timestamp": "2019-12-26T01:47:33.000Z", "eventType": "transaction", "_adobeamericaspot3": {"CRMID": "crmid:3729897814", "orderDetails": {"orderID": "orderid:218424", "reservationid": "ETT-EW4O", "orderType": "website"}}}
{"_id": "ffb8f1c8-53c8-11ea-80e7-b88a60e194fb", "timestamp": "2020-02-15T04:05:19.000Z", "eventType": "transaction", "_adobeamericaspot3": {"CRMID": "crmid:5728520103", "orderDetails": {"orderID": "orderid:321986", "reservationid": "9DP-DUBS", "orderType": "service desk"}}}
{"_id": "ffba0336-53c8-11ea-8610-b88a60e194fb", "timestamp": "2019-12-10T17:38:35.000Z", "eventType": "transaction", "_adobeamericaspot3": {"CRMID": "crmid:7764593205", "orderDetails": {"orderID": "orderid:483028", "reservationid": "77C-LKD4", "orderType": "website"}}}
{"_id": "ffbaed98-53c8-11ea-b518-b88a60e194fb", "timestamp": "2020-01-16T09:39:10.000Z", "eventType": "transaction", "_adobeamericaspot3": {"CRMID": "crmid:1982228903", "orderDetails": {"orderID": "orderid:312803", "reservationid": "1WF-DQCM", "orderType": "call center"}}}
{"_id": "ffbe6ff0-53c8-11ea-96c5-b88a60e194fb", "timestamp": "2020-01-16T12:33:24.000Z", "eventType": "transaction", "_adobeamericaspot3": {"CRMID": "crmid:1505335261", "orderDetails": {"orderID": "orderid:152072", "reservationid": "U6N-REV0", "orderType": "call center"}}}
{"_id": "ffbf5a58-53c8-11ea-b43f-b88a60e194fb", "timestamp": "2020-01-10T04:29:30.000Z", "eventType": "transaction", "_adobeamericaspot3": {"CRMID": "crmid:2295702237", "orderDetails": {"orderID": "orderid:118100", "reservationid": "AUK-YBFQ", "orderType": "call center"}}}
{"_id": "ffc044b8-53c8-11ea-aca1-b88a60e194fb", "timestamp": "2020-01-27T23:09:18.000Z", "eventType": "transaction", "_adobeamericaspot3": {"CRMID": "crmid:9327393156", "orderDetails": {"orderID": "orderid:282493", "reservationid": "XNG-LNTF", "orderType": "website"}}}
{"_id": "ffc1561e-53c8-11ea-b01f-b88a60e194fb", "timestamp": "2020-01-08T23:01:41.000Z", "eventType": "transaction", "_adobeamericaspot3": {"CRMID": "crmid:4589996905", "orderDetails": {"orderID": "orderid:559072", "reservationid": "P3O-5VK5", "orderType": "website"}}}
{"_id": "ffc24080-53c8-11ea-8bc4-b88a60e194fb", "timestamp": "2020-02-10T18:04:36.000Z", "eventType": "transaction", "_adobeamericaspot3": {"CRMID": "crmid:2644833096", "orderDetails": {"orderID": "orderid:683369", "reservationid": "YIW-AZPC", "orderType": "mobile"}}}
{"_id": "ffc24081-53c8-11ea-82d9-b88a60e194fb", "timestamp": "2020-02-15T00:00:00.000Z", "eventType": "transaction", "_adobeamericaspot3": {"CRMID": "crmid:2644833096", "orderDetails": {"orderID": "orderid:733721", "reservationid": "EXG-S4V6", "orderType": "website"}}}
{"_id": "ffc351f6-53c8-11ea-9733-b88a60e194fb", "timestamp": "2019-12-16T04:21:55.000Z", "eventType": "transaction", "_adobeamericaspot3": {"CRMID": "crmid:7668734112", "orderDetails": {"orderID": "orderid:237648", "reservationid": "EH1-KOPK", "orderType": "service desk"}}}
{"_id": "ffc43cd8-53c8-11ea-af1c-b88a60e194fb", "timestamp": "2020-02-15T05:40:55.000Z", "eventType": "transaction", "_adobeamericaspot3": {"CRMID": "crmid:4672191617", "orderDetails": {"orderID": "orderid:118906", "reservationid": "HRH-CSVT", "orderType": "kiosk"}}}
{"_id": "ffc54e90-53c8-11ea-8a8f-b88a60e194fb", "timestamp": "2019-12-05T00:34:31.000Z", "eventType": "transaction", "_adobeamericaspot3": {"CRMID": "crmid:7599724869", "orderDetails": {"orderID": "orderid:106010", "reservationid": "XDO-DUFQ", "orderType": "mobile"}}}
{"_id": "ffc65f30-53c8-11ea-9ca3-b88a60e194fb", "timestamp": "2020-02-13T13:15:00.000Z", "eventType": "transaction", "_adobeamericaspot3": {"CRMID": "crmid:3298439410", "orderDetails": {"orderID": "orderid:784807", "reservationid": "MCW-CIGX", "orderType": "kiosk"}}}
{"_id": "ffc72298-53c8-11ea-9b7f-b88a60e194fb", "timestamp": "2020-01-09T11:37:35.000Z", "eventType": "transaction", "_adobeamericaspot3": {"CRMID": "crmid:4718608146", "orderDetails": {"orderID": "orderid:836599", "reservationid": "L6D-LWT6", "orderType": "kiosk"}}}
{"_id": "ffc85b1e-53c8-11ea-8d1b-b88a60e194fb", "timestamp": "2019-12-29T15:06:33.000Z", "eventType": "transaction", "_adobeamericaspot3": {"CRMID": "crmid:6096355165", "orderDetails": {"orderID": "orderid:425528", "reservationid": "LPM-AP74", "orderType": "call center"}}}
{"_id": "ffc96c8c-53c8-11ea-ac38-b88a60e194fb", "timestamp": "2019-12-12T22:10:08.000Z", "eventType": "transaction", "_adobeamericaspot3": {"CRMID": "crmid:2886782899", "orderDetails": {"orderID": "orderid:258649", "reservationid": "DF4-KBYT", "orderType": "website"}}}
{"_id": "ffca7df4-53c8-11ea-8b4e-b88a60e194fb", "timestamp": "2020-02-16T15:21:00.000Z", "eventType": "transaction", "_adobeamericaspot3": {"CRMID": "crmid:2593914994", "orderDetails": {"orderID": "orderid:577130", "reservationid": "ZUO-W8BM", "orderType": "mobile"}}}
{"_id": "ffcca0d8-53c8-11ea-b055-b88a60e194fb", "timestamp": "2019-12-18T10:49:12.000Z", "eventType": "transaction", "_adobeamericaspot3": {"CRMID": "crmid:2628103641", "orderDetails": {"orderID": "orderid:830501", "reservationid": "CSX-5WYR", "orderType": "kiosk"}}}
{"_id": "ffce2758-53c8-11ea-bc36-b88a60e194fb", "timestamp": "2020-02-11T06:11:35.000Z", "eventType": "transaction", "_adobeamericaspot3": {"CRMID": "crmid:3693352445", "orderDetails": {"orderID": "orderid:807566", "reservationid": "AU2-ZYNX", "orderType": "call center"}}}
{"_id": "ffcfb000-53c8-11ea-b8d5-b88a60e194fb", "timestamp": "2020-02-01T19:30:00.000Z", "eventType": "transaction", "_adobeamericaspot3": {"CRMID": "crmid:9806384244", "orderDetails": {"orderID": "orderid:310239", "reservationid": "LC6-EIKM", "orderType": "service desk"}}}
{"_id": "ffd0c0a6-53c8-11ea-8ee0-b88a60e194fb", "timestamp": "2019-12-06T15:22:30.000Z", "eventType": "transaction", "_adobeamericaspot3": {"CRMID": "crmid:2796992497", "orderDetails": {"orderID": "orderid:610314", "reservationid": "N83-C6ID", "orderType": "call center"}}}
{"_id": "ffd1f94c-53c8-11ea-9d69-b88a60e194fb", "timestamp": "2020-01-28T19:40:06.000Z", "eventType": "transaction", "_adobeamericaspot3": {"CRMID": "crmid:7571235608", "orderDetails": {"orderID": "orderid:680867", "reservationid": "2GZ-XTQG", "orderType": "kiosk"}}}
{"_id": "ffd2e250-53c8-11ea-8372-b88a60e194fb", "timestamp": "2020-01-11T19:32:55.000Z", "eventType": "transaction", "_adobeamericaspot3": {"CRMID": "crmid:3689005502", "orderDetails": {"orderID": "orderid:517611", "reservationid": "PIR-J6SD", "orderType": "mobile"}}}
{"_id": "ffd3ccbe-53c8-11ea-ac14-b88a60e194fb", "timestamp": "2020-02-01T05:03:23.000Z", "eventType": "transaction", "_adobeamericaspot3": {"CRMID": "crmid:9551802499", "orderDetails": {"orderID": "orderid:195876", "reservationid": "QMZ-VHIY", "orderType": "website"}}}
{"_id": "ffd4de28-53c8-11ea-93eb-b88a60e194fb", "timestamp": "2019-12-22T18:32:56.000Z", "eventType": "transaction", "_adobeamericaspot3": {"CRMID": "crmid:4369702076", "orderDetails": {"orderID": "orderid:836958", "reservationid": "9LY-I5UM", "orderType": "mobile"}}}
{"_id": "ffd617ee-53c8-11ea-ae69-b88a60e194fb", "timestamp": "2020-01-29T17:39:48.000Z", "eventType": "transaction", "_adobeamericaspot3": {"CRMID": "crmid:9055433650", "orderDetails": {"orderID": "orderid:155871", "reservationid": "Z8N-CJKK", "orderType": "website"}}}
{"_id": "ffd7281c-53c8-11ea-861a-b88a60e194fb", "timestamp": "2020-01-09T14:35:44.000Z", "eventType": "transaction", "_adobeamericaspot3": {"CRMID": "crmid:5500702965", "orderDetails": {"orderID": "orderid:486359", "reservationid": "3HK-M0ZO", "orderType": "website"}}}
{"_id": "ffd81276-53c8-11ea-b8ed-b88a60e194fb", "timestamp": "2020-01-30T19:01:06.000Z", "eventType": "transaction", "_adobeamericaspot3": {"CRMID": "crmid:7363586474", "orderDetails": {"orderID": "orderid:319813", "reservationid": "RJN-ZDQT", "orderType": "call center"}}}
{"_id": "ffd8fce6-53c8-11ea-9fb4-b88a60e194fb", "timestamp": "2019-12-26T06:58:50.000Z", "eventType": "transaction", "_adobeamericaspot3": {"CRMID": "crmid:5005744498", "orderDetails": {"orderID": "orderid:239352", "reservationid": "ZQJ-OTW5", "orderType": "website"}}}
{"_id": "ffda0e42-53c8-11ea-89b0-b88a60e194fb", "timestamp": "2020-01-25T18:35:59.000Z", "eventType": "transaction", "_adobeamericaspot3": {"CRMID": "crmid:9631343572", "orderDetails": {"orderID": "orderid:244583", "reservationid": "48X-09MW", "orderType": "website"}}}
{"_id": "ffdbbc1c-53c8-11ea-bcf4-b88a60e194fb", "timestamp": "2019-12-16T12:53:35.000Z", "eventType": "transaction", "_adobeamericaspot3": {"CRMID": "crmid:7874435128", "orderDetails": {"orderID": "orderid:783449", "reservationid": "AGG-HHBU", "orderType": "website"}}}
{"_id": "ffdca662-53c8-11ea-b307-b88a60e194fb", "timestamp": "2020-02-15T07:52:49.000Z", "eventType": "transaction", "_adobeamericaspot3": {"CRMID": "crmid:3330574267", "orderDetails": {"orderID": "orderid:115875", "reservationid": "UA9-XFZ6", "orderType": "call center"}}}
{"_id": "ffddb7c0-53c8-11ea-a8a3-b88a60e194fb", "timestamp": "2020-01-26T18:39:49.000Z", "eventType": "transaction", "_adobeamericaspot3": {"CRMID": "crmid:1461551257", "orderDetails": {"orderID": "orderid:990221", "reservationid": "PNL-ZDZR", "orderType": "call center"}}}
{"_id": "ffdf657a-53c8-11ea-b5e3-b88a60e194fb", "timestamp": "2020-01-28T04:53:17.000Z", "eventType": "transaction", "_adobeamericaspot3": {"CRMID": "crmid:2754420973", "orderDetails": {"orderID": "orderid:254042", "reservationid": "BY9-DOUX", "orderType": "website"}}}
{"_id": "ffe076d8-53c8-11ea-a644-b88a60e194fb", "timestamp": "2020-02-04T17:48:31.000Z", "eventType": "transaction", "_adobeamericaspot3": {"CRMID": "crmid:5131206104", "orderDetails": {"orderID": "orderid:853387", "reservationid": "H31-ZN4I", "orderType": "website"}}}
{"_id": "ffe16140-53c8-11ea-8752-b88a60e194fb", "timestamp": "2020-01-04T06:16:20.000Z", "eventType": "transaction", "_adobeamericaspot3": {"CRMID": "crmid:6686834345", "orderDetails": {"orderID": "orderid:104353", "reservationid": "WDH-YIWG", "orderType": "call center"}}}
{"_id": "ffe299be-53c8-11ea-b316-b88a60e194fb", "timestamp": "2020-01-13T14:30:07.000Z", "eventType": "transaction", "_adobeamericaspot3": {"CRMID": "crmid:2972967574", "orderDetails": {"orderID": "orderid:515289", "reservationid": "UVT-SRKF", "orderType": "website"}}}
{"_id": "ffe35d1a-53c8-11ea-bb6a-b88a60e194fb", "timestamp": "2020-01-12T05:23:05.000Z", "eventType": "transaction", "_adobeamericaspot3": {"CRMID": "crmid:5769104278", "orderDetails": {"orderID": "orderid:644672", "reservationid": "TQ4-ZFLN", "orderType": "call center"}}}
{"_id": "ffe3841a-53c8-11ea-ba25-b88a60e194fb", "timestamp": "2020-01-17T00:00:00.000Z", "eventType": "transaction", "_adobeamericaspot3": {"CRMID": "crmid:5769104278", "orderDetails": {"orderID": "orderid:282463", "reservationid": "FOT-BKBX", "orderType": "website"}}}
{"_id": "ffe46e80-53c8-11ea-ae2e-b88a60e194fb", "timestamp": "2020-02-07T06:18:09.000Z", "eventType": "transaction", "_adobeamericaspot3": {"CRMID": "crmid:3273513472", "orderDetails": {"orderID": "orderid:591403", "reservationid": "ISI-JPFM", "orderType": "website"}}}
{"_id": "ffe558dc-53c8-11ea-b303-b88a60e194fb", "timestamp": "2019-12-02T04:50:11.000Z", "eventType": "transaction", "_adobeamericaspot3": {"CRMID": "crmid:2101963084", "orderDetails": {"orderID": "orderid:314978", "reservationid": "ZJR-VLN6", "orderType": "website"}}}
{"_id": "ffe64340-53c8-11ea-b75a-b88a60e194fb", "timestamp": "2019-12-28T19:10:54.000Z", "eventType": "transaction", "_adobeamericaspot3": {"CRMID": "crmid:3487935895", "orderDetails": {"orderID": "orderid:179090", "reservationid": "DPK-PAZE", "orderType": "service desk"}}}
{"_id": "ffe72d9a-53c8-11ea-9868-b88a60e194fb", "timestamp": "2020-01-11T15:45:33.000Z", "eventType": "transaction", "_adobeamericaspot3": {"CRMID": "crmid:4196186873", "orderDetails": {"orderID": "orderid:730190", "reservationid": "AIH-0NXP", "orderType": "kiosk"}}}
{"_id": "ffe817f4-53c8-11ea-87bf-b88a60e194fb", "timestamp": "2019-12-06T01:18:29.000Z", "eventType": "transaction", "_adobeamericaspot3": {"CRMID": "crmid:4388159870", "orderDetails": {"orderID": "orderid:238295", "reservationid": "UVH-YTJP", "orderType": "call center"}}}
{"_id": "ffe92970-53c8-11ea-babd-b88a60e194fb", "timestamp": "2020-01-22T14:58:40.000Z", "eventType": "transaction", "_adobeamericaspot3": {"CRMID": "crmid:1142241605", "orderDetails": {"orderID": "orderid:980489", "reservationid": "6KV-COJS", "orderType": "kiosk"}}}
{"_id": "ffe9ecba-53c8-11ea-851b-b88a60e194fb", "timestamp": "2020-01-13T08:37:20.000Z", "eventType": "transaction", "_adobeamericaspot3": {"CRMID": "crmid:9375069306", "orderDetails": {"orderID": "orderid:806470", "reservationid": "26V-GLJ7", "orderType": "kiosk"}}}
{"_id": "ffead86c-53c8-11ea-8be8-b88a60e194fb", "timestamp": "2020-01-03T17:47:12.000Z", "eventType": "transaction", "_adobeamericaspot3": {"CRMID": "crmid:4336744214", "orderDetails": {"orderID": "orderid:209354", "reservationid": "35S-KD6M", "orderType": "call center"}}}
{"_id": "ffebe9d4-53c8-11ea-b1cf-b88a60e194fb", "timestamp": "2019-12-24T07:17:05.000Z", "eventType": "transaction", "_adobeamericaspot3": {"CRMID": "crmid:7780526251", "orderDetails": {"orderID": "orderid:601051", "reservationid": "VLR-GLWI", "orderType": "call center"}}}
{"_id": "ffecfa02-53c8-11ea-9262-b88a60e194fb", "timestamp": "2020-02-06T00:14:18.000Z", "eventType": "transaction", "_adobeamericaspot3": {"CRMID": "crmid:8133924907", "orderDetails": {"orderID": "orderid:953650", "reservationid": "99F-QKGK", "orderType": "mobile"}}}
{"_id": "ffee0cd8-53c8-11ea-be13-b88a60e194fb", "timestamp": "2020-02-11T21:52:35.000Z", "eventType": "transaction", "_adobeamericaspot3": {"CRMID": "crmid:9211722890", "orderDetails": {"orderID": "orderid:569012", "reservationid": "GNX-RUQE", "orderType": "kiosk"}}}
{"_id": "ffef1cd2-53c8-11ea-ba4a-b88a60e194fb", "timestamp": "2019-12-17T00:19:57.000Z", "eventType": "transaction", "_adobeamericaspot3": {"CRMID": "crmid:5228137175", "orderDetails": {"orderID": "orderid:473641", "reservationid": "SFE-BEZQ", "orderType": "website"}}}
{"_id": "fff02e5e-53c8-11ea-aa29-b88a60e194fb", "timestamp": "2020-02-07T03:48:59.000Z", "eventType": "transaction", "_adobeamericaspot3": {"CRMID": "crmid:2940759364", "orderDetails": {"orderID": "orderid:635771", "reservationid": "RLI-UMU3", "orderType": "call center"}}}
{"_id": "fff118b8-53c8-11ea-8160-b88a60e194fb", "timestamp": "2019-12-28T21:42:17.000Z", "eventType": "transaction", "_adobeamericaspot3": {"CRMID": "crmid:2092128003", "orderDetails": {"orderID": "orderid:225581", "reservationid": "J6J-DY92", "orderType": "website"}}}
{"_id": "fff20318-53c8-11ea-aa82-b88a60e194fb", "timestamp": "2020-02-06T08:57:45.000Z", "eventType": "transaction", "_adobeamericaspot3": {"CRMID": "crmid:4307100901", "orderDetails": {"orderID": "orderid:248494", "reservationid": "3MY-5KNX", "orderType": "call center"}}}
{"_id": "fff31614-53c8-11ea-bef5-b88a60e194fb", "timestamp": "2019-12-14T04:34:42.000Z", "eventType": "transaction", "_adobeamericaspot3": {"CRMID": "crmid:7032145296", "orderDetails": {"orderID": "orderid:557655", "reservationid": "24R-AHZA", "orderType": "mobile"}}}
{"_id": "fff31615-53c8-11ea-88a7-b88a60e194fb", "timestamp": "2019-12-18T00:00:00.000Z", "eventType": "transaction", "_adobeamericaspot3": {"CRMID": "crmid:7032145296", "orderDetails": {"orderID": "orderid:915090", "reservationid": "RVV-IAOW", "orderType": "website"}}}
{"_id": "fff40024-53c8-11ea-88a9-b88a60e194fb", "timestamp": "2019-12-05T18:49:49.000Z", "eventType": "transaction", "_adobeamericaspot3": {"CRMID": "crmid:8062100359", "orderDetails": {"orderID": "orderid:732084", "reservationid": "69X-CXPY", "orderType": "kiosk"}}}
{"_id": "fff4eaca-53c8-11ea-b251-b88a60e194fb", "timestamp": "2020-02-07T17:24:06.000Z", "eventType": "transaction", "_adobeamericaspot3": {"CRMID": "crmid:2858683215", "orderDetails": {"orderID": "orderid:599464", "reservationid": "EU0-S5EG", "orderType": "website"}}}
{"_id": "fff5fbfa-53c8-11ea-8ff1-b88a60e194fb", "timestamp": "2019-12-26T20:09:02.000Z", "eventType": "transaction", "_adobeamericaspot3": {"CRMID": "crmid:9033165013", "orderDetails": {"orderID": "orderid:137518", "reservationid": "YNX-PAXN", "orderType": "call center"}}}
{"_id": "fff70d6e-53c8-11ea-a1df-b88a60e194fb", "timestamp": "2020-01-31T00:23:46.000Z", "eventType": "transaction", "_adobeamericaspot3": {"CRMID": "crmid:7936191216", "orderDetails": {"orderID": "orderid:337724", "reservationid": "JTS-NTKM", "orderType": "call center"}}}
{"_id": "fff7f790-53c8-11ea-9c21-b88a60e194fb", "timestamp": "2020-01-30T07:09:03.000Z", "eventType": "transaction", "_adobeamericaspot3": {"CRMID": "crmid:4620041115", "orderDetails": {"orderID": "orderid:105355", "reservationid": "XCX-V7OD", "orderType": "mobile"}}}
{"_id": "fff8e240-53c8-11ea-9d8a-b88a60e194fb", "timestamp": "2020-01-31T12:30:41.000Z", "eventType": "transaction", "_adobeamericaspot3": {"CRMID": "crmid:3637276821", "orderDetails": {"orderID": "orderid:108245", "reservationid": "GA9-UBGA", "orderType": "website"}}}
{"_id": "fff9cc9a-53c8-11ea-b1e8-b88a60e194fb", "timestamp": "2019-12-14T09:46:24.000Z", "eventType": "transaction", "_adobeamericaspot3": {"CRMID": "crmid:5142299310", "orderDetails": {"orderID": "orderid:866242", "reservationid": "2WU-HVC5", "orderType": "website"}}}
{"_id": "fffadca2-53c8-11ea-b9b4-b88a60e194fb", "timestamp": "2019-12-23T18:48:04.000Z", "eventType": "transaction", "_adobeamericaspot3": {"CRMID": "crmid:6795691702", "orderDetails": {"orderID": "orderid:523682", "reservationid": "F9U-ECWI", "orderType": "website"}}}
{"_id": "fffbc862-53c8-11ea-b5fd-b88a60e194fb", "timestamp": "2020-01-27T11:38:31.000Z", "eventType": "transaction", "_adobeamericaspot3": {"CRMID": "crmid:9181985644", "orderDetails": {"orderID": "orderid:171121", "reservationid": "K0I-TD7L", "orderType": "mobile"}}}
{"_id": "fffcd9e2-53c8-11ea-96fc-b88a60e194fb", "timestamp": "2019-12-02T21:37:29.000Z", "eventType": "transaction", "_adobeamericaspot3": {"CRMID": "crmid:5351076551", "orderDetails": {"orderID": "orderid:603569", "reservationid": "WTX-FI6Y", "orderType": "website"}}}
{"_id": "fffd9d50-53c8-11ea-bedc-b88a60e194fb", "timestamp": "2019-12-12T17:24:57.000Z", "eventType": "transaction", "_adobeamericaspot3": {"CRMID": "crmid:7493576674", "orderDetails": {"orderID": "orderid:951827", "reservationid": "J9A-D18X", "orderType": "website"}}}
{"_id": "fffe8776-53c8-11ea-91a3-b88a60e194fb", "timestamp": "2020-02-09T04:13:16.000Z", "eventType": "transaction", "_adobeamericaspot3": {"CRMID": "crmid:4015099250", "orderDetails": {"orderID": "orderid:521680", "reservationid": "WBF-KWC9", "orderType": "website"}}}
{"_id": "ffff98f0-53c8-11ea-83e7-b88a60e194fb", "timestamp": "2019-12-03T15:33:35.000Z", "eventType": "transaction", "_adobeamericaspot3": {"CRMID": "crmid:8933228017", "orderDetails": {"orderID": "orderid:193922", "reservationid": "7LV-EQEI", "orderType": "call center"}}}
{"_id": "0000f880-53c9-11ea-a5ec-b88a60e194fb", "timestamp": "2019-12-29T22:48:20.000Z", "eventType": "transaction", "_adobeamericaspot3": {"CRMID": "crmid:9336648076", "orderDetails": {"orderID": "orderid:538048", "reservationid": "P6G-NALX", "orderType": "kiosk"}}}
{"_id": "0001bbe8-53c9-11ea-99c2-b88a60e194fb", "timestamp": "2020-01-02T06:01:21.000Z", "eventType": "transaction", "_adobeamericaspot3": {"CRMID": "crmid:4095107812", "orderDetails": {"orderID": "orderid:474505", "reservationid": "YTF-RKGW", "orderType": "website"}}}
{"_id": "0002cd58-53c9-11ea-b44f-b88a60e194fb", "timestamp": "2019-12-26T13:57:15.000Z", "eventType": "transaction", "_adobeamericaspot3": {"CRMID": "crmid:8090517578", "orderDetails": {"orderID": "orderid:481940", "reservationid": "3TK-6IDB", "orderType": "call center"}}}
{"_id": "0003b6dc-53c9-11ea-a691-b88a60e194fb", "timestamp": "2020-02-14T20:18:56.000Z", "eventType": "transaction", "_adobeamericaspot3": {"CRMID": "crmid:8949396011", "orderDetails": {"orderID": "orderid:264927", "reservationid": "KBQ-N7OY", "orderType": "website"}}}
{"_id": "00051736-53c9-11ea-8edf-b88a60e194fb", "timestamp": "2020-01-02T19:08:52.000Z", "eventType": "transaction", "_adobeamericaspot3": {"CRMID": "crmid:6297947152", "orderDetails": {"orderID": "orderid:123848", "reservationid": "NLH-SKBD", "orderType": "website"}}}
{"_id": "00051737-53c9-11ea-8655-b88a60e194fb", "timestamp": "2020-01-08T00:00:00.000Z", "eventType": "transaction", "_adobeamericaspot3": {"CRMID": "crmid:6297947152", "orderDetails": {"orderID": "orderid:488154", "reservationid": "QJA-VDTC", "orderType": "kiosk"}}}
{"_id": "00053e1e-53c9-11ea-98bb-b88a60e194fb", "timestamp": "2020-01-11T00:00:00.000Z", "eventType": "transaction", "_adobeamericaspot3": {"CRMID": "crmid:6297947152", "orderDetails": {"orderID": "orderid:383563", "reservationid": "LHN-TNXB", "orderType": "call center"}}}
{"_id": "000628a2-53c9-11ea-90c9-b88a60e194fb", "timestamp": "2020-01-31T04:58:30.000Z", "eventType": "transaction", "_adobeamericaspot3": {"CRMID": "crmid:1067514914", "orderDetails": {"orderID": "orderid:824307", "reservationid": "FDV-SL4O", "orderType": "service desk"}}}
{"_id": "000712fa-53c9-11ea-837f-b88a60e194fb", "timestamp": "2020-02-09T13:57:25.000Z", "eventType": "transaction", "_adobeamericaspot3": {"CRMID": "crmid:6490861639", "orderDetails": {"orderID": "orderid:987287", "reservationid": "FJH-U2XZ", "orderType": "kiosk"}}}
{"_id": "0007fd86-53c9-11ea-ba94-b88a60e194fb", "timestamp": "2019-12-14T09:26:04.000Z", "eventType": "transaction", "_adobeamericaspot3": {"CRMID": "crmid:7711751172", "orderDetails": {"orderID": "orderid:744795", "reservationid": "HYI-EQSV", "orderType": "kiosk"}}}
{"_id": "0008e7be-53c9-11ea-9aea-b88a60e194fb", "timestamp": "2020-02-15T14:03:28.000Z", "eventType": "transaction", "_adobeamericaspot3": {"CRMID": "crmid:4750791187", "orderDetails": {"orderID": "orderid:415814", "reservationid": "7LG-72PT", "orderType": "website"}}}
{"_id": "0009d21c-53c9-11ea-a27e-b88a60e194fb", "timestamp": "2020-01-09T23:35:36.000Z", "eventType": "transaction", "_adobeamericaspot3": {"CRMID": "crmid:1779947118", "orderDetails": {"orderID": "orderid:257315", "reservationid": "LEH-8CYV", "orderType": "website"}}}
{"_id": "000ae3a4-53c9-11ea-b811-b88a60e194fb", "timestamp": "2020-01-18T20:09:14.000Z", "eventType": "transaction", "_adobeamericaspot3": {"CRMID": "crmid:8848909396", "orderDetails": {"orderID": "orderid:341897", "reservationid": "J9R-DWVV", "orderType": "website"}}}
{"_id": "000bf500-53c9-11ea-be25-b88a60e194fb", "timestamp": "2020-01-16T19:24:02.000Z", "eventType": "transaction", "_adobeamericaspot3": {"CRMID": "crmid:8583550653", "orderDetails": {"orderID": "orderid:798076", "reservationid": "9DR-ILJG", "orderType": "mobile"}}}
{"_id": "000cdf6e-53c9-11ea-b1ea-b88a60e194fb", "timestamp": "2019-12-11T06:31:21.000Z", "eventType": "transaction", "_adobeamericaspot3": {"CRMID": "crmid:5584552404", "orderDetails": {"orderID": "orderid:554637", "reservationid": "60G-S6ED", "orderType": "call center"}}}
{"_id": "000e17e6-53c9-11ea-a9c8-b88a60e194fb", "timestamp": "2020-01-16T18:57:27.000Z", "eventType": "transaction", "_adobeamericaspot3": {"CRMID": "crmid:6953715321", "orderDetails": {"orderID": "orderid:890688", "reservationid": "3HJ-IIEB", "orderType": "call center"}}}
{"_id": "000edb34-53c9-11ea-86b0-b88a60e194fb", "timestamp": "2019-12-16T20:31:51.000Z", "eventType": "transaction", "_adobeamericaspot3": {"CRMID": "crmid:7887121133", "orderDetails": {"orderID": "orderid:910746", "reservationid": "46F-AU8N", "orderType": "website"}}}
{"_id": "000feca2-53c9-11ea-9407-b88a60e194fb", "timestamp": "2020-01-20T09:09:51.000Z", "eventType": "transaction", "_adobeamericaspot3": {"CRMID": "crmid:6297988776", "orderDetails": {"orderID": "orderid:586231", "reservationid": "NDA-Z64U", "orderType": "call center"}}}
{"_id": "0010d6fa-53c9-11ea-8c2d-b88a60e194fb", "timestamp": "2020-02-04T05:57:37.000Z", "eventType": "transaction", "_adobeamericaspot3": {"CRMID": "crmid:3416495553", "orderDetails": {"orderID": "orderid:865189", "reservationid": "R3O-UF7I", "orderType": "mobile"}}}
{"_id": "0011c170-53c9-11ea-922f-b88a60e194fb", "timestamp": "2020-02-02T22:16:08.000Z", "eventType": "transaction", "_adobeamericaspot3": {"CRMID": "crmid:6736614082", "orderDetails": {"orderID": "orderid:482044", "reservationid": "NU3-JJAW", "orderType": "call center"}}}
{"_id": "0011e864-53c9-11ea-b481-b88a60e194fb", "timestamp": "2020-02-05T00:00:00.000Z", "eventType": "transaction", "_adobeamericaspot3": {"CRMID": "crmid:6736614082", "orderDetails": {"orderID": "orderid:639288", "reservationid": "9S0-XDAE", "orderType": "mobile"}}}
{"_id": "0012d3a6-53c9-11ea-a2b0-b88a60e194fb", "timestamp": "2019-12-02T07:38:34.000Z", "eventType": "transaction", "_adobeamericaspot3": {"CRMID": "crmid:9679529190", "orderDetails": {"orderID": "orderid:315033", "reservationid": "LGF-EHMK", "orderType": "kiosk"}}}
{"_id": "0013e2e8-53c9-11ea-834f-b88a60e194fb", "timestamp": "2020-01-21T10:36:24.000Z", "eventType": "transaction", "_adobeamericaspot3": {"CRMID": "crmid:6678613695", "orderDetails": {"orderID": "orderid:657315", "reservationid": "BDZ-VSTA", "orderType": "website"}}}
{"_id": "0014cd38-53c9-11ea-a047-b88a60e194fb", "timestamp": "2019-12-17T17:12:03.000Z", "eventType": "transaction", "_adobeamericaspot3": {"CRMID": "crmid:3094880246", "orderDetails": {"orderID": "orderid:411395", "reservationid": "EI9-8VCP", "orderType": "kiosk"}}}
{"_id": "001605ae-53c9-11ea-9a01-b88a60e194fb", "timestamp": "2019-12-28T01:09:32.000Z", "eventType": "transaction", "_adobeamericaspot3": {"CRMID": "crmid:9450052080", "orderDetails": {"orderID": "orderid:766205", "reservationid": "FBB-L7FV", "orderType": "mobile"}}}
{"_id": "00171726-53c9-11ea-be8d-b88a60e194fb", "timestamp": "2020-01-03T14:22:34.000Z", "eventType": "transaction", "_adobeamericaspot3": {"CRMID": "crmid:8885953510", "orderDetails": {"orderID": "orderid:570685", "reservationid": "KOH-CS31", "orderType": "website"}}}
{"_id": "0018289c-53c9-11ea-bc89-b88a60e194fb", "timestamp": "2020-01-13T15:17:47.000Z", "eventType": "transaction", "_adobeamericaspot3": {"CRMID": "crmid:8772434365", "orderDetails": {"orderID": "orderid:752103", "reservationid": "KRN-PYUK", "orderType": "kiosk"}}}
{"_id": "001962a8-53c9-11ea-b911-b88a60e194fb", "timestamp": "2020-02-14T00:49:47.000Z", "eventType": "transaction", "_adobeamericaspot3": {"CRMID": "crmid:4141037459", "orderDetails": {"orderID": "orderid:811089", "reservationid": "OKE-C1IO", "orderType": "website"}}}
{"_id": "001a9afe-53c9-11ea-a0b2-b88a60e194fb", "timestamp": "2020-01-12T19:00:24.000Z", "eventType": "transaction", "_adobeamericaspot3": {"CRMID": "crmid:3588638709", "orderDetails": {"orderID": "orderid:363353", "reservationid": "QKE-JIDA", "orderType": "website"}}}
{"_id": "001bfa98-53c9-11ea-bc9c-b88a60e194fb", "timestamp": "2020-01-29T18:30:04.000Z", "eventType": "transaction", "_adobeamericaspot3": {"CRMID": "crmid:5789676207", "orderDetails": {"orderID": "orderid:175624", "reservationid": "C4H-CZNO", "orderType": "website"}}}
{"_id": "001d0bfa-53c9-11ea-bfc4-b88a60e194fb", "timestamp": "2020-01-10T22:29:37.000Z", "eventType": "transaction", "_adobeamericaspot3": {"CRMID": "crmid:1506895292", "orderDetails": {"orderID": "orderid:193931", "reservationid": "HC4-J6ZC", "orderType": "kiosk"}}}
{"_id": "001e1d66-53c9-11ea-80a8-b88a60e194fb", "timestamp": "2019-12-25T17:48:20.000Z", "eventType": "transaction", "_adobeamericaspot3": {"CRMID": "crmid:3647887274", "orderDetails": {"orderID": "orderid:124378", "reservationid": "CYD-EBV1", "orderType": "call center"}}}
{"_id": "001f07dc-53c9-11ea-9443-b88a60e194fb", "timestamp": "2019-12-14T18:38:46.000Z", "eventType": "transaction", "_adobeamericaspot3": {"CRMID": "crmid:8716709558", "orderDetails": {"orderID": "orderid:821051", "reservationid": "P9O-R8AK", "orderType": "kiosk"}}}
