id,reservationid,orderid,crmid,timestamp,orderType,productsku,hotelCheckInUnix,hotelCheckOutUnix,hotelCheckInTS,hotelCheckOutTS,hotelName,hotelChain,hotelLocation,hotelRoomType,hotelRoomCount,hotelGuestAdultCount,hotelGuestChildCount,hotelNightCount,hotelRoomPrice,hotelFinalPrice
orderid:255032,S8T-S2N2,orderid:255032,crmid:3953458164,2019-12-04T11:27:09.000Z,website,prd1122,1577878029,1578223629,2020-01-01T11:27:09+00:00,2020-01-05T11:27:09+00:00,Restful Nights: Valencia,Restful Nights,Valencia,standard,1,1,0,4,171.08,684.32
orderid:241330,0BQ-MUJ0,orderid:241330,crmid:3824264828,2020-01-17T08:57:33.000Z,website,prd1076,1581411453,1582966653,2020-02-11T08:57:33+00:00,2020-02-29T08:57:33+00:00,Aspen Heights: Bogota,Aspen Heights,Bogota,standard,1,1,2,18,156.89,2824.02
orderid:293786,EIR-MGOE,orderid:293786,crmid:7831388029,2019-12-16T14:58:15.000Z,kiosk,prd1139,1577113095,1577717895,2019-12-23T14:58:15+00:00,2019-12-30T14:58:15+00:00,Nesting Box Inn: Nairobi,Nesting Box Inn,Nairobi,premium,1,1,0,7,186.57,1305.99
orderid:822296,CTF-7ZM6,orderid:822296,crmid:1187372911,2019-12-08T00:30:29.000Z,call center,prd1109,1578097829,1578270629,2020-01-04T00:30:29+00:00,2020-01-06T00:30:29+00:00,Grandeur Hotels: Belgrade,Grandeur Hotels,Belgrade,standard,1,1,0,2,127.69,255.38
orderid:894315,N2W-FFL4,orderid:894315,crmid:6917106816,2020-02-03T03:48:48.000Z,website,prd1009,1582602528,1583034528,2020-02-25T03:48:48+00:00,2020-03-01T03:48:48+00:00,Admiralty Plaza: San Antonio,Admiralty Plaza,San Antonio,standard,1,1,0,5,157.03,785.15
orderid:615758,O7C-CDMC,orderid:615758,crmid:8378286899,2020-02-05T03:48:57.000Z,mobile,prd1142,1581220137,1581824937,2020-02-09T03:48:57+00:00,2020-02-16T03:48:57+00:00,Blue Reef Resort: Philadelphia,Blue Reef Resort,Philadelphia,premium,1,1,0,7,142.46,997.22
orderid:894758,VMK-7NB0,orderid:894758,crmid:5889580079,2020-01-13T01:49:14.000Z,kiosk,prd1149,1580867354,1581385754,2020-02-05T01:49:14+00:00,2020-02-11T01:49:14+00:00,Sapphire Suites: San Francisco,Sapphire Suites,San Francisco,standard,1,1,0,6,123.45,740.7
orderid:747813,XKG-5E5J,orderid:747813,crmid:5780484014,2020-02-14T21:57:15.000Z,website,prd1034,1583359035,1583877435,2020-03-04T21:57:15+00:00,2020-03-10T21:57:15+00:00,Blue Reef Resort: Albuquerque,Blue Reef Resort,Albuquerque,standard,1,1,0,6,141.34,848.04
orderid:241881,VOU-EP2U,orderid:241881,crmid:1694335140,2020-01-30T13:58:20.000Z,call center,prd1142,1582552700,1582898300,2020-02-24T13:58:20+00:00,2020-02-28T13:58:20+00:00,Blue Reef Resort: Philadelphia,Blue Reef Resort,Philadelphia,standard,1,1,0,4,119.28,477.12
orderid:392220,NAB-H3J8,orderid:392220,crmid:8231636110,2020-02-11T18:55:48.000Z,service desk,prd1082,1583607348,1584125748,2020-03-07T18:55:48+00:00,2020-03-13T18:55:48+00:00,Blue Reef Resort: Surat,Blue Reef Resort,Surat,standard,1,1,1,6,164.2,985.2
orderid:533786,BWU-9DP2,orderid:533786,crmid:7557947282,2019-12-16T08:01:01.000Z,service desk,prd1197,1576569661,1576656061,2019-12-17T08:01:01+00:00,2019-12-18T08:01:01+00:00,Sapphire Suites: London,Sapphire Suites,London,premium,1,1,0,1,93.2,93.2
orderid:982315,ZLD-LFXM,orderid:982315,crmid:7557947282,2019-12-19T00:00:00.000Z,website,prd1124,1576800000,1576886400,2019-12-20T00:00:00+00:00,2019-12-21T00:00:00+00:00,Aspen Heights: Leeds,Aspen Heights,Leeds,standard,1,1,0,1,135.18,135.18
orderid:948597,ADI-6BUD,orderid:948597,crmid:6180912047,2019-12-21T15:41:17.000Z,website,prd1028,1577029277,1577115677,2019-12-22T15:41:17+00:00,2019-12-23T15:41:17+00:00,Aspen Heights: Portland,Aspen Heights,Portland,standard,1,1,0,1,140.56,140.56
orderid:478108,LQD-KFKR,orderid:478108,crmid:9747116607,2020-01-17T06:40:51.000Z,call center,prd1158,1579329651,1579675251,2020-01-18T06:40:51+00:00,2020-01-22T06:40:51+00:00,Restful Nights: El Paso,Restful Nights,El Paso,standard,1,1,0,4,130.86,523.44
orderid:864335,U7X-G8U3,orderid:864335,crmid:3617125568,2020-01-29T01:51:09.000Z,call center,prd1085,1582163469,1582509069,2020-02-20T01:51:09+00:00,2020-02-24T01:51:09+00:00,Grandeur Hotels: Saint Petersburg,Grandeur Hotels,Saint Petersburg,standard,1,1,0,4,143.9,575.6
orderid:501871,YWW-IW7G,orderid:501871,crmid:8242236003,2020-01-13T15:53:02.000Z,kiosk,prd1124,1581177182,1581436382,2020-02-08T15:53:02+00:00,2020-02-11T15:53:02+00:00,Aspen Heights: Leeds,Aspen Heights,Leeds,premium,1,1,0,3,140.67,422.01
orderid:135283,JXA-NPJZ,orderid:135283,crmid:6164154781,2019-12-30T07:44:13.000Z,website,prd1095,1577864653,1577951053,2020-01-01T07:44:13+00:00,2020-01-02T07:44:13+00:00,Hospitality Inn: Casablanca,Hospitality Inn,Casablanca,standard,1,1,0,1,113.04,113.04
orderid:932622,WMT-6QRL,orderid:932622,crmid:7353539031,2020-01-05T07:49:26.000Z,kiosk,prd1026,1580456966,1580975366,2020-01-31T07:49:26+00:00,2020-02-06T07:49:26+00:00,Restful Nights: Nashville,Restful Nights,Nashville,standard,1,1,0,6,119.62,717.72
orderid:405889,Z2T-QZUQ,orderid:405889,crmid:4458863942,2020-01-07T08:01:59.000Z,call center,prd1172,1580544119,1580976119,2020-02-01T08:01:59+00:00,2020-02-06T08:01:59+00:00,Aspen Heights: Mesa,Aspen Heights,Mesa,premium,1,1,0,5,134.9,674.5
orderid:115733,RXO-KIO2,orderid:115733,crmid:4941867237,2020-02-09T19:24:30.000Z,kiosk,prd1035,1582572270,1583090670,2020-02-24T19:24:30+00:00,2020-03-01T19:24:30+00:00,Hospitality Inn: Tucson,Hospitality Inn,Tucson,standard,1,1,0,6,151.62,909.72
orderid:289723,NZQ-45WY,orderid:289723,crmid:3530165257,2019-12-15T23:37:46.000Z,kiosk,prd1161,1578181066,1578613066,2020-01-04T23:37:46+00:00,2020-01-09T23:37:46+00:00,Sapphire Suites: Memphis,Sapphire Suites,Memphis,premium,1,1,0,5,153.87,769.35
orderid:412278,XVA-XLTE,orderid:412278,crmid:3747804677,2019-12-26T08:12:48.000Z,mobile,prd1106,1579680768,1580285568,2020-01-22T08:12:48+00:00,2020-01-29T08:12:48+00:00,Blue Reef Resort: Munich,Blue Reef Resort,Munich,standard,1,1,0,7,171.2,1198.4
orderid:768486,FB7-0OLG,orderid:768486,crmid:3762244138,2020-01-23T13:37:38.000Z,mobile,prd1073,1579959458,1580132258,2020-01-25T13:37:38+00:00,2020-01-27T13:37:38+00:00,Grandeur Hotels: Lima,Grandeur Hotels,Lima,standard,1,1,0,2,127.97,255.94
orderid:669875,QOT-MUZW,orderid:669875,crmid:5301977804,2019-12-20T23:00:26.000Z,call center,prd1034,1577228426,1577574026,2019-12-24T23:00:26+00:00,2019-12-28T23:00:26+00:00,Blue Reef Resort: Albuquerque,Blue Reef Resort,Albuquerque,standard,1,1,0,4,155.36,621.44
orderid:628530,6QN-DDED,orderid:628530,crmid:5301977804,2019-12-30T00:00:00.000Z,mobile,prd1057,1577836800,1577923200,2020-01-01T00:00:00+00:00,2020-01-02T00:00:00+00:00,Admiralty Plaza: Mumbai,Admiralty Plaza,Mumbai,standard,1,1,0,1,161.98,161.98
orderid:187649,GCC-65JA,orderid:187649,crmid:7846789737,2020-02-16T03:30:12.000Z,website,prd1143,1583119812,1583638212,2020-03-02T03:30:12+00:00,2020-03-08T03:30:12+00:00,Hospitality Inn: San Antonio,Hospitality Inn,San Antonio,ultra-luxury,1,1,0,6,456.38,2738.28
orderid:298126,M3N-TD7B,orderid:298126,crmid:9936188259,2020-01-09T22:11:55.000Z,kiosk,prd1040,1580681515,1581459115,2020-02-02T22:11:55+00:00,2020-02-11T22:11:55+00:00,Aspen Heights: Atlanta,Aspen Heights,Atlanta,standard,1,1,4,9,161.34,1452.06
orderid:393092,TQ4-90TA,orderid:393092,crmid:6163114083,2020-02-02T20:20:04.000Z,call center,prd1119,1583094004,1583698804,2020-03-01T20:20:04+00:00,2020-03-08T20:20:04+00:00,Hospitality Inn: Turin,Hospitality Inn,Turin,premium,1,1,0,7,128.72,901.04
orderid:458899,J3E-FE1I,orderid:458899,crmid:8489421657,2019-12-11T17:50:08.000Z,website,prd1122,1577814608,1579283408,2019-12-31T17:50:08+00:00,2020-01-17T17:50:08+00:00,Restful Nights: Valencia,Restful Nights,Valencia,premium,1,1,0,17,91.68,1558.56
orderid:905220,WJK-GNNE,orderid:905220,crmid:1188195352,2020-01-06T11:42:35.000Z,call center,prd1063,1580557355,1581853355,2020-02-01T11:42:35+00:00,2020-02-16T11:42:35+00:00,Family Fun Hotels: London,Family Fun Hotels,London,standard,1,1,0,15,104.77,1571.55
orderid:150406,ERJ-SDA1,orderid:150406,crmid:6821389628,2019-12-20T18:33:24.000Z,kiosk,prd1141,1577558004,1577644404,2019-12-28T18:33:24+00:00,2019-12-29T18:33:24+00:00,Admiralty Plaza: Phoenix,Admiralty Plaza,Phoenix,ultra-luxury,1,1,0,1,314.85,314.85
orderid:891512,NP8-ESPE,orderid:891512,crmid:5991085516,2020-02-08T20:06:55.000Z,website,prd1153,1583438815,1583698015,2020-03-05T20:06:55+00:00,2020-03-08T20:06:55+00:00,Admiralty Plaza: Charlotte,Admiralty Plaza,Charlotte,standard,1,1,0,3,128.75,386.25
orderid:528992,QSF-GP3K,orderid:528992,crmid:5562970524,2020-02-09T21:07:39.000Z,kiosk,prd1118,1581368859,1581455259,2020-02-10T21:07:39+00:00,2020-02-11T21:07:39+00:00,Blue Reef Resort: Cologne,Blue Reef Resort,Cologne,standard,1,1,0,1,150.7,150.7
orderid:268735,IGF-7HLJ,orderid:268735,crmid:2397053757,2019-12-17T17:59:12.000Z,website,prd1016,1577123952,1577642352,2019-12-23T17:59:12+00:00,2019-12-29T17:59:12+00:00,Aspen Heights: Columbus,Aspen Heights,Columbus,premium,1,1,0,6,138.91,833.46
orderid:597863,8CL-UEVF,orderid:597863,crmid:9657812206,2020-01-08T06:47:34.000Z,kiosk,prd1141,1579675654,1580453254,2020-01-22T06:47:34+00:00,2020-01-31T06:47:34+00:00,Admiralty Plaza: Phoenix,Admiralty Plaza,Phoenix,standard,1,1,0,9,158.76,1428.84
orderid:354739,ZRP-C5QS,orderid:354739,crmid:6870023762,2020-02-01T09:06:45.000Z,kiosk,prd1081,1580720805,1580893605,2020-02-03T09:06:45+00:00,2020-02-05T09:06:45+00:00,Admiralty Plaza: Rod de Janeiro,Admiralty Plaza,Rod de Janeiro,standard,1,1,0,2,145.65,291.3
orderid:553325,WO3-6STC,orderid:553325,crmid:2834230826,2020-01-15T14:21:15.000Z,call center,prd1021,1579962075,1580566875,2020-01-25T14:21:15+00:00,2020-02-01T14:21:15+00:00,Admiralty Plaza: Denver,Admiralty Plaza,Denver,premium,1,1,0,7,94.45,661.15
orderid:377566,GQK-XJYB,orderid:377566,crmid:6830044747,2019-12-10T12:01:26.000Z,call center,prd1112,1578225686,1579348886,2020-01-05T12:01:26+00:00,2020-01-18T12:01:26+00:00,Aspen Heights: Birmingham,Aspen Heights,Birmingham,standard,1,1,0,13,143.88,1870.44
orderid:453145,VGC-Q1PY,orderid:453145,crmid:6418623217,2019-12-08T14:00:18.000Z,kiosk,prd1165,1576072818,1576504818,2019-12-11T14:00:18+00:00,2019-12-16T14:00:18+00:00,Admiralty Plaza: Louisville,Admiralty Plaza,Louisville,premium,1,1,0,5,116.86,584.3
orderid:304042,EZY-PXZT,orderid:304042,crmid:8047800770,2020-02-01T22:48:31.000Z,website,prd1165,1583016511,1583707711,2020-02-29T22:48:31+00:00,2020-03-08T22:48:31+00:00,Admiralty Plaza: Louisville,Admiralty Plaza,Louisville,standard,1,1,3,8,149.08,1192.64
orderid:845268,MKQ-VFIB,orderid:845268,crmid:2047313803,2019-12-29T14:42:49.000Z,kiosk,prd1009,1577716969,1577889769,2019-12-30T14:42:49+00:00,2020-01-01T14:42:49+00:00,Admiralty Plaza: San Antonio,Admiralty Plaza,San Antonio,premium,1,1,0,2,157.5,315.0
orderid:618730,Q1X-S5JD,orderid:618730,crmid:8645593863,2020-01-24T17:17:06.000Z,call center,prd1060,1581959826,1582564626,2020-02-17T17:17:06+00:00,2020-02-24T17:17:06+00:00,Sandhill: Tianjin,Sandhill,Tianjin,standard,1,1,0,7,96.19,673.33
orderid:647278,NMD-CEPL,orderid:647278,crmid:4599975758,2020-01-06T23:57:28.000Z,call center,prd1053,1579910248,1580083048,2020-01-24T23:57:28+00:00,2020-01-26T23:57:28+00:00,Sapphire Suites: Cleveland,Sapphire Suites,Cleveland,luxury,1,1,0,2,352.72,705.44
orderid:964852,RJT-TX7C,orderid:964852,crmid:8649206148,2019-12-24T08:56:45.000Z,kiosk,prd1057,1579251405,1579769805,2020-01-17T08:56:45+00:00,2020-01-23T08:56:45+00:00,Admiralty Plaza: Mumbai,Admiralty Plaza,Mumbai,premium,1,1,1,6,158.71,952.26
orderid:134480,IFA-RBYC,orderid:134480,crmid:5572798416,2020-01-20T02:47:59.000Z,website,prd1124,1579574879,1579834079,2020-01-21T02:47:59+00:00,2020-01-24T02:47:59+00:00,Aspen Heights: Leeds,Aspen Heights,Leeds,standard,1,1,0,3,116.37,349.11
orderid:976756,DGC-8COO,orderid:976756,crmid:9723688532,2020-02-03T02:33:42.000Z,website,prd1142,1582079622,1582684422,2020-02-19T02:33:42+00:00,2020-02-26T02:33:42+00:00,Blue Reef Resort: Philadelphia,Blue Reef Resort,Philadelphia,standard,1,1,0,7,115.84,810.88
orderid:465229,WG2-LZY3,orderid:465229,crmid:9537608206,2020-01-07T08:51:10.000Z,call center,prd1128,1579683070,1581151870,2020-01-22T08:51:10+00:00,2020-02-08T08:51:10+00:00,Repose Resort: Rotterdam,Repose Resort,Rotterdam,standard,1,1,0,17,120.34,2045.78
orderid:538623,SWL-Q8VW,orderid:538623,crmid:4216074234,2020-02-06T09:48:18.000Z,kiosk,prd1170,1581068898,1581414498,2020-02-07T09:48:18+00:00,2020-02-11T09:48:18+00:00,Restful Nights: Fresno,Restful Nights,Fresno,premium,1,1,0,4,163.09,652.36
orderid:702218,QCJ-JYMX,orderid:702218,crmid:9810063527,2019-12-10T23:15:32.000Z,service desk,prd1081,1576106132,1576538132,2019-12-11T23:15:32+00:00,2019-12-16T23:15:32+00:00,Admiralty Plaza: Rod de Janeiro,Admiralty Plaza,Rod de Janeiro,standard,1,1,0,5,105.76,528.8
orderid:182214,QE8-RDZD,orderid:182214,crmid:9810063527,2019-12-17T00:00:00.000Z,mobile,prd1122,1576627200,1576972800,2019-12-18T00:00:00+00:00,2019-12-22T00:00:00+00:00,Restful Nights: Valencia,Restful Nights,Valencia,standard,1,1,0,4,151.15,604.6
orderid:164686,9NL-3C1W,orderid:164686,crmid:9810063527,2019-12-24T00:00:00.000Z,website,prd1124,1577232000,1577404800,2019-12-25T00:00:00+00:00,2019-12-27T00:00:00+00:00,Aspen Heights: Leeds,Aspen Heights,Leeds,premium,1,1,0,2,168.6,337.2
orderid:211533,UOH-CRSA,orderid:211533,crmid:2953127733,2019-12-18T16:15:44.000Z,kiosk,prd1028,1578932144,1579536944,2020-01-13T16:15:44+00:00,2020-01-20T16:15:44+00:00,Aspen Heights: Portland,Aspen Heights,Portland,premium,1,1,3,7,114.4,800.8
orderid:629891,4HF-B1ZI,orderid:629891,crmid:4347429658,2019-12-18T05:37:28.000Z,website,prd1082,1578116248,1578375448,2020-01-04T05:37:28+00:00,2020-01-07T05:37:28+00:00,Blue Reef Resort: Surat,Blue Reef Resort,Surat,standard,1,1,0,3,133.9,401.7
orderid:450533,WVF-PIXM,orderid:450533,crmid:2977876788,2020-02-15T04:02:06.000Z,website,prd1088,1583899326,1584936126,2020-03-11T04:02:06+00:00,2020-03-23T04:02:06+00:00,Aspen Heights: Ankara,Aspen Heights,Ankara,standard,1,1,2,12,137.91,1654.92
orderid:183468,KOV-KP9M,orderid:183468,crmid:5618933480,2019-12-13T02:14:43.000Z,kiosk,prd1090,1576548883,1576635283,2019-12-17T02:14:43+00:00,2019-12-18T02:14:43+00:00,Sego Lily Suites: Giza,Sego Lily Suites,Giza,premium,1,1,0,1,112.11,112.11
orderid:662861,6WQ-PD1I,orderid:662861,crmid:7133285939,2019-12-05T02:00:20.000Z,website,prd1153,1577152820,1577412020,2019-12-24T02:00:20+00:00,2019-12-27T02:00:20+00:00,Admiralty Plaza: Charlotte,Admiralty Plaza,Charlotte,standard,1,1,0,3,117.29,351.87
orderid:882048,L2B-5ETF,orderid:882048,crmid:9122770064,2019-12-02T23:10:14.000Z,service desk,prd1095,1577920214,1578265814,2020-01-01T23:10:14+00:00,2020-01-05T23:10:14+00:00,Hospitality Inn: Casablanca,Hospitality Inn,Casablanca,premium,1,1,2,4,98.82,395.28
orderid:283797,TJT-PIYP,orderid:283797,crmid:7910272600,2020-01-24T13:36:50.000Z,mobile,prd1028,1580218610,1580477810,2020-01-28T13:36:50+00:00,2020-01-31T13:36:50+00:00,Aspen Heights: Portland,Aspen Heights,Portland,standard,1,1,0,3,116.12,348.36
orderid:790929,KYT-0HJT,orderid:790929,crmid:1628783812,2020-01-03T07:39:07.000Z,call center,prd1153,1578123547,1578469147,2020-01-04T07:39:07+00:00,2020-01-08T07:39:07+00:00,Admiralty Plaza: Charlotte,Admiralty Plaza,Charlotte,standard,1,1,0,4,180.45,721.8
orderid:250320,ZPS-RXJD,orderid:250320,crmid:1822152010,2019-12-17T06:15:34.000Z,call center,prd1143,1578291334,1578982534,2020-01-06T06:15:34+00:00,2020-01-14T06:15:34+00:00,Hospitality Inn: San Antonio,Hospitality Inn,San Antonio,premium,1,1,0,8,99.16,793.28
orderid:985516,RZ9-DTS6,orderid:985516,crmid:1353335033,2019-12-13T11:16:32.000Z,call center,prd1124,1578568592,1579259792,2020-01-09T11:16:32+00:00,2020-01-17T11:16:32+00:00,Aspen Heights: Leeds,Aspen Heights,Leeds,standard,1,1,4,8,148.08,1184.64
orderid:682508,HMI-XVMC,orderid:682508,crmid:7756968561,2019-12-10T21:00:53.000Z,call center,prd1033,1576098053,1576357253,2019-12-11T21:00:53+00:00,2019-12-14T21:00:53+00:00,Admiralty Plaza: Milwaukee,Admiralty Plaza,Milwaukee,standard,1,1,0,3,168.03,504.09
orderid:853513,ACO-R9MG,orderid:853513,crmid:2375463125,2019-12-07T05:21:53.000Z,call center,prd1194,1577424113,1577683313,2019-12-27T05:21:53+00:00,2019-12-30T05:21:53+00:00,Restful Nights: Tianjin,Restful Nights,Tianjin,standard,1,1,3,3,124.73,374.19
orderid:264317,RU4-CXLY,orderid:264317,crmid:8416738509,2019-12-18T19:02:33.000Z,kiosk,prd1094,1578769353,1579374153,2020-01-11T19:02:33+00:00,2020-01-18T19:02:33+00:00,Blue Reef Resort: Berlin,Blue Reef Resort,Berlin,standard,1,1,2,7,123.09,861.63
orderid:116326,K8Z-EAAL,orderid:116326,crmid:6431010803,2020-01-12T18:48:03.000Z,mobile,prd1152,1579114083,1579286883,2020-01-15T18:48:03+00:00,2020-01-17T18:48:03+00:00,Repose Resort: Indianapolis,Repose Resort,Indianapolis,standard,1,1,0,2,110.48,220.96
orderid:604142,MBB-SDRN,orderid:604142,crmid:6431010803,2020-01-19T00:00:00.000Z,kiosk,prd1173,1579564800,1579737600,2020-01-21T00:00:00+00:00,2020-01-23T00:00:00+00:00,Sapphire Suites: Kansas City,Sapphire Suites,Kansas City,standard,1,1,0,2,166.98,333.96
orderid:902433,EMV-BQLY,orderid:902433,crmid:2410465666,2019-12-25T12:13:53.000Z,website,prd1189,1577448833,1577535233,2019-12-27T12:13:53+00:00,2019-12-28T12:13:53+00:00,Admiralty Plaza: Bakersfield,Admiralty Plaza,Bakersfield,standard,1,1,0,1,105.23,105.23
orderid:922138,3V7-2I73,orderid:922138,crmid:4307258411,2020-02-08T18:20:07.000Z,website,prd1103,1583518807,1583778007,2020-03-06T18:20:07+00:00,2020-03-09T18:20:07+00:00,Nesting Box Inn: Hamburg,Nesting Box Inn,Hamburg,standard,1,1,0,3,160.1,480.3
orderid:993139,24U-OIYH,orderid:993139,crmid:8753667087,2019-12-18T18:30:32.000Z,call center,prd1109,1578508232,1579285832,2020-01-08T18:30:32+00:00,2020-01-17T18:30:32+00:00,Grandeur Hotels: Belgrade,Grandeur Hotels,Belgrade,standard,1,1,4,9,120.75,1086.75
orderid:251236,YDN-OFLH,orderid:251236,crmid:9340066644,2020-01-01T16:05:05.000Z,website,prd1046,1580400305,1580573105,2020-01-30T16:05:05+00:00,2020-02-01T16:05:05+00:00,Blue Reef Resort: Virginia Beach,Blue Reef Resort,Virginia Beach,standard,1,1,0,2,154.51,309.02
orderid:634994,YGB-P8Y6,orderid:634994,crmid:9346031893,2019-12-18T22:41:01.000Z,website,prd1047,1576795261,1576881661,2019-12-19T22:41:01+00:00,2019-12-20T22:41:01+00:00,Hospitality Inn: Oakland,Hospitality Inn,Oakland,premium,1,1,0,1,130.83,130.83
orderid:906771,K3L-DR2C,orderid:906771,crmid:6337334660,2020-01-18T17:44:13.000Z,kiosk,prd1185,1579801453,1580924653,2020-01-23T17:44:13+00:00,2020-02-05T17:44:13+00:00,Sapphire Suites: New Orleans,Sapphire Suites,New Orleans,premium,1,1,0,13,128.4,1669.2
orderid:715125,KMN-RGUM,orderid:715125,crmid:3781765822,2019-12-23T20:57:18.000Z,website,prd1193,1577221038,1577393838,2019-12-24T20:57:18+00:00,2019-12-26T20:57:18+00:00,Grandeur Hotels: Kinshasa,Grandeur Hotels,Kinshasa,standard,1,1,0,2,182.42,364.84
orderid:942542,9MC-1N6B,orderid:942542,crmid:1722828222,2020-01-07T07:32:24.000Z,website,prd1025,1578468744,1578641544,2020-01-08T07:32:24+00:00,2020-01-10T07:32:24+00:00,Grandeur Hotels: Detroit,Grandeur Hotels,Detroit,standard,1,1,0,2,118.32,236.64
orderid:681076,FGE-TNRY,orderid:681076,crmid:5075993625,2020-01-04T18:19:43.000Z,mobile,prd1002,1580235583,1581877183,2020-01-28T18:19:43+00:00,2020-02-16T18:19:43+00:00,Restful Nights: Chicago,Restful Nights,Chicago,standard,1,1,0,19,156.06,2965.14
orderid:780295,YRR-AUYG,orderid:780295,crmid:9362163489,2020-02-14T11:50:48.000Z,mobile,prd1191,1583841048,1584532248,2020-03-10T11:50:48+00:00,2020-03-18T11:50:48+00:00,Hospitality Inn: Mumbai,Hospitality Inn,Mumbai,premium,1,1,0,8,119.85,958.8
orderid:742327,EKW-4GKX,orderid:742327,crmid:5892140916,2019-12-19T14:56:09.000Z,website,prd1190,1578236169,1578927369,2020-01-05T14:56:09+00:00,2020-01-13T14:56:09+00:00,Blue Reef Resort: Aurora,Blue Reef Resort,Aurora,ultra-luxury,1,1,0,8,311.34,2490.72
orderid:968560,VTU-5ZJN,orderid:968560,crmid:1772889912,2020-01-19T17:20:29.000Z,website,prd1118,1581096029,1581182429,2020-02-07T17:20:29+00:00,2020-02-08T17:20:29+00:00,Blue Reef Resort: Cologne,Blue Reef Resort,Cologne,standard,1,1,1,1,148.51,148.51
orderid:737505,LK0-66FT,orderid:737505,crmid:4305317114,2019-12-30T09:47:47.000Z,website,prd1178,1577785667,1578044867,2019-12-31T09:47:47+00:00,2020-01-03T09:47:47+00:00,Blue Reef Resort: Colorado Springs,Blue Reef Resort,Colorado Springs,premium,1,1,0,3,108.77,326.31
orderid:416805,EGE-XPKI,orderid:416805,crmid:4784506956,2020-01-01T13:34:52.000Z,website,prd1119,1580218492,1580391292,2020-01-28T13:34:52+00:00,2020-01-30T13:34:52+00:00,Hospitality Inn: Turin,Hospitality Inn,Turin,standard,1,1,2,2,143.15,286.3
orderid:106683,WS7-2QFZ,orderid:106683,crmid:3486643709,2020-01-27T15:58:43.000Z,service desk,prd1143,1581782323,1582387123,2020-02-15T15:58:43+00:00,2020-02-22T15:58:43+00:00,Hospitality Inn: San Antonio,Hospitality Inn,San Antonio,standard,1,1,4,7,139.58,977.06
orderid:208417,SGZ-MRQR,orderid:208417,crmid:9756353349,2019-12-16T12:47:18.000Z,kiosk,prd1009,1576932438,1577796438,2019-12-21T12:47:18+00:00,2019-12-31T12:47:18+00:00,Admiralty Plaza: San Antonio,Admiralty Plaza,San Antonio,premium,1,1,4,10,131.86,1318.6
orderid:455088,HIQ-QZFQ,orderid:455088,crmid:9713833953,2020-02-16T22:08:33.000Z,call center,prd1046,1583878113,1584914913,2020-03-10T22:08:33+00:00,2020-03-22T22:08:33+00:00,Blue Reef Resort: Virginia Beach,Blue Reef Resort,Virginia Beach,standard,1,1,0,12,146.25,1755.0
orderid:215489,FWN-VLYC,orderid:215489,crmid:3437863303,2019-12-29T10:01:48.000Z,website,prd1196,1579514508,1580032908,2020-01-20T10:01:48+00:00,2020-01-26T10:01:48+00:00,Aspen Heights: Moscow,Aspen Heights,Moscow,luxury,1,1,0,6,248.43,1490.58
orderid:412591,RCZ-J84D,orderid:412591,crmid:5708171789,2020-02-12T17:17:34.000Z,mobile,prd1069,1583687854,1584206254,2020-03-08T17:17:34+00:00,2020-03-14T17:17:34+00:00,Admiralty Plaza: Singapore,Admiralty Plaza,Singapore,standard,1,1,0,6,163.43,980.58
orderid:306997,9ZS-EB4L,orderid:306997,crmid:1280709284,2020-01-23T05:49:50.000Z,website,prd1102,1581400190,1581659390,2020-02-11T05:49:50+00:00,2020-02-14T05:49:50+00:00,Sego Lily Suites: Budapest,Sego Lily Suites,Budapest,standard,1,1,0,3,165.05,495.15
orderid:375705,TVQ-BI3R,orderid:375705,crmid:4057936623,2019-12-12T15:50:30.000Z,website,prd1099,1576770630,1577289030,2019-12-19T15:50:30+00:00,2019-12-25T15:50:30+00:00,Family Fun Hotels: Bucharest,Family Fun Hotels,Bucharest,premium,1,1,0,6,176.87,1061.22
orderid:703604,D0P-VZ2D,orderid:703604,crmid:4057936623,2019-12-26T00:00:00.000Z,website,prd1007,1577491200,1577577600,2019-12-28T00:00:00+00:00,2019-12-29T00:00:00+00:00,Nesting Box Inn: Phoenix,Nesting Box Inn,Phoenix,premium,1,1,0,1,123.53,123.53
orderid:982890,MYA-VMQJ,orderid:982890,crmid:2467334559,2020-02-03T21:20:13.000Z,mobile,prd1177,1583011213,1584220813,2020-02-29T21:20:13+00:00,2020-03-14T21:20:13+00:00,Admiralty Plaza: Raleigh,Admiralty Plaza,Raleigh,standard,1,1,0,14,169.12,2367.68
orderid:994162,EOW-BSNI,orderid:994162,crmid:7243170610,2019-12-29T23:03:10.000Z,website,prd1083,1580166190,1580684590,2020-01-27T23:03:10+00:00,2020-02-02T23:03:10+00:00,Hospitality Inn: Bangkok,Hospitality Inn,Bangkok,standard,1,1,4,6,92.45,554.7
orderid:430584,BWJ-XISL,orderid:430584,crmid:5257646654,2019-12-07T18:04:18.000Z,mobile,prd1093,1577901858,1578333858,2020-01-01T18:04:18+00:00,2020-01-06T18:04:18+00:00,Admiralty Plaza: Yokohama,Admiralty Plaza,Yokohama,standard,1,1,3,5,95.05,475.25
orderid:956429,Y6U-1GQX,orderid:956429,crmid:4031614231,2019-12-24T21:21:36.000Z,website,prd1014,1579036896,1579728096,2020-01-14T21:21:36+00:00,2020-01-22T21:21:36+00:00,Restful Nights: Jacksonville,Restful Nights,Jacksonville,standard,1,1,0,8,121.87,974.96
orderid:310824,C6Q-KRZQ,orderid:310824,crmid:5139129060,2020-01-17T11:44:42.000Z,website,prd1179,1581680682,1582371882,2020-02-14T11:44:42+00:00,2020-02-22T11:44:42+00:00,Hospitality Inn: Miami,Hospitality Inn,Miami,standard,1,1,0,8,152.55,1220.4
orderid:527780,QF3-9VAP,orderid:527780,crmid:3323307838,2020-01-24T15:21:29.000Z,website,prd1158,1582125689,1582644089,2020-02-19T15:21:29+00:00,2020-02-25T15:21:29+00:00,Restful Nights: El Paso,Restful Nights,El Paso,standard,1,1,0,6,117.68,706.08
orderid:648359,ZNA-IX2N,orderid:648359,crmid:3783122306,2020-01-27T07:55:24.000Z,kiosk,prd1031,1580198124,1580630124,2020-01-28T07:55:24+00:00,2020-02-02T07:55:24+00:00,Nesting Box Inn: Louisville,Nesting Box Inn,Louisville,standard,1,1,0,5,146.65,733.25
orderid:297829,NER-KAMD,orderid:297829,crmid:9555793901,2019-12-20T14:34:29.000Z,kiosk,prd1004,1579185269,1579790069,2020-01-16T14:34:29+00:00,2020-01-23T14:34:29+00:00,Aspen Heights: Boulder,Aspen Heights,Boulder,premium,1,1,0,7,136.23,953.61
orderid:747318,3AW-S8AA,orderid:747318,crmid:4930923348,2020-02-06T15:16:04.000Z,website,prd1172,1581261364,1581434164,2020-02-09T15:16:04+00:00,2020-02-11T15:16:04+00:00,Aspen Heights: Mesa,Aspen Heights,Mesa,standard,1,1,0,2,110.41,220.82
orderid:159312,OVD-D4GK,orderid:159312,crmid:5721549833,2019-12-18T17:57:16.000Z,website,prd1072,1578679036,1579024636,2020-01-10T17:57:16+00:00,2020-01-14T17:57:16+00:00,Sandhill: Tokyo,Sandhill,Tokyo,standard,1,1,0,4,177.8,711.2
orderid:463865,3IU-RYKO,orderid:463865,crmid:5600314838,2020-02-06T02:41:05.000Z,call center,prd1083,1583030465,1583548865,2020-03-01T02:41:05+00:00,2020-03-07T02:41:05+00:00,Hospitality Inn: Bangkok,Hospitality Inn,Bangkok,standard,1,1,0,6,137.69,826.14
orderid:695077,BWC-DZ9K,orderid:695077,crmid:1634422824,2020-01-04T13:32:30.000Z,mobile,prd1105,1580131950,1580304750,2020-01-27T13:32:30+00:00,2020-01-29T13:32:30+00:00,Admiralty Plaza: Barcelona,Admiralty Plaza,Barcelona,standard,1,1,0,2,165.14,330.28
orderid:641138,YRY-HHYS,orderid:641138,crmid:6875176708,2020-01-15T00:46:26.000Z,website,prd1191,1581381986,1581900386,2020-02-11T00:46:26+00:00,2020-02-17T00:46:26+00:00,Hospitality Inn: Mumbai,Hospitality Inn,Mumbai,standard,1,1,4,6,133.62,801.72
orderid:527652,H6B-Z6XF,orderid:527652,crmid:1756100556,2020-01-15T19:41:36.000Z,kiosk,prd1074,1580758896,1581882096,2020-02-03T19:41:36+00:00,2020-02-16T19:41:36+00:00,Restful Nights: Mexico City,Restful Nights,Mexico City,premium,1,1,4,13,128.81,1674.53
orderid:701055,QPT-1UD4,orderid:701055,crmid:9093448891,2020-01-23T14:20:43.000Z,website,prd1119,1580048443,1580307643,2020-01-26T14:20:43+00:00,2020-01-29T14:20:43+00:00,Hospitality Inn: Turin,Hospitality Inn,Turin,standard,1,1,0,3,178.68,536.04
orderid:933157,LKZ-CHX0,orderid:933157,crmid:1575731138,2020-01-11T10:24:01.000Z,call center,prd1179,1578824641,1578911041,2020-01-12T10:24:01+00:00,2020-01-13T10:24:01+00:00,Hospitality Inn: Miami,Hospitality Inn,Miami,standard,1,1,0,1,136.89,136.89
orderid:412522,ZA2-SRGF,orderid:412522,crmid:2043951074,2020-01-31T06:44:58.000Z,kiosk,prd1131,1580539498,1580712298,2020-02-01T06:44:58+00:00,2020-02-03T06:44:58+00:00,Hospitality Inn: Sheffield,Hospitality Inn,Sheffield,standard,1,1,0,2,112.69,225.38
orderid:911990,6YD-ATOV,orderid:911990,crmid:5835686147,2019-12-01T08:31:26.000Z,call center,prd1021,1575361886,1575534686,2019-12-03T08:31:26+00:00,2019-12-05T08:31:26+00:00,Admiralty Plaza: Denver,Admiralty Plaza,Denver,standard,1,1,0,2,139.51,279.02
orderid:315236,6FV-KS6H,orderid:315236,crmid:9132540480,2019-12-09T08:21:36.000Z,kiosk,prd1083,1576311696,1576743696,2019-12-14T08:21:36+00:00,2019-12-19T08:21:36+00:00,Hospitality Inn: Bangkok,Hospitality Inn,Bangkok,premium,1,1,0,5,137.95,689.75
orderid:483472,9UP-U1Y0,orderid:483472,crmid:9132540480,2019-12-20T00:00:00.000Z,mobile,prd1143,1576972800,1577059200,2019-12-22T00:00:00+00:00,2019-12-23T00:00:00+00:00,Hospitality Inn: San Antonio,Hospitality Inn,San Antonio,premium,1,1,0,1,156.02,156.02
orderid:466019,1OA-3GVD,orderid:466019,crmid:3774988367,2020-01-25T09:43:37.000Z,call center,prd1105,1582105417,1582623817,2020-02-19T09:43:37+00:00,2020-02-25T09:43:37+00:00,Admiralty Plaza: Barcelona,Admiralty Plaza,Barcelona,luxury,1,1,0,6,335.12,2010.72
orderid:745487,K4X-VZAT,orderid:745487,crmid:4587439380,2019-12-19T18:44:45.000Z,website,prd1057,1578768285,1579459485,2020-01-11T18:44:45+00:00,2020-01-19T18:44:45+00:00,Admiralty Plaza: Mumbai,Admiralty Plaza,Mumbai,standard,1,1,0,8,147.3,1178.4
orderid:851431,EAV-I9DE,orderid:851431,crmid:2551635325,2020-02-05T18:40:39.000Z,service desk,prd1086,1583347239,1584038439,2020-03-04T18:40:39+00:00,2020-03-12T18:40:39+00:00,Restful Nights: Johannesburg,Restful Nights,Johannesburg,standard,1,1,0,8,133.1,1064.8
orderid:458904,ORH-LYEB,orderid:458904,crmid:5472033463,2020-01-29T22:01:13.000Z,kiosk,prd1025,1580594473,1581112873,2020-02-01T22:01:13+00:00,2020-02-07T22:01:13+00:00,Grandeur Hotels: Detroit,Grandeur Hotels,Detroit,premium,1,1,0,6,132.18,793.08
orderid:244142,NLS-IBWA,orderid:244142,crmid:5472033463,2020-02-09T00:00:00.000Z,kiosk,prd1136,1581292800,1581552000,2020-02-10T00:00:00+00:00,2020-02-13T00:00:00+00:00,Aspen Heights: Osaka,Aspen Heights,Osaka,standard,1,1,0,3,155.96,467.88
orderid:963528,ASX-DDGH,orderid:963528,crmid:6686020985,2020-01-03T12:10:20.000Z,mobile,prd1124,1578312620,1578658220,2020-01-06T12:10:20+00:00,2020-01-10T12:10:20+00:00,Aspen Heights: Leeds,Aspen Heights,Leeds,premium,1,1,0,4,104.34,417.36
orderid:964416,AD0-NTP6,orderid:964416,crmid:6686020985,2020-01-12T00:00:00.000Z,website,prd1094,1578960000,1579392000,2020-01-14T00:00:00+00:00,2020-01-19T00:00:00+00:00,Blue Reef Resort: Berlin,Blue Reef Resort,Berlin,premium,1,1,0,5,119.15,595.75
orderid:509267,Q5Z-ZD1S,orderid:509267,crmid:6686020985,2020-01-21T00:00:00.000Z,website,prd1056,1579737600,1580256000,2020-01-23T00:00:00+00:00,2020-01-29T00:00:00+00:00,Repose Resort: Aurora,Repose Resort,Aurora,standard,1,1,0,6,136.26,817.56
orderid:955308,BUR-JZ7T,orderid:955308,crmid:6686020985,2020-01-30T00:00:00.000Z,mobile,prd1131,1580428800,1580515200,2020-01-31T00:00:00+00:00,2020-02-01T00:00:00+00:00,Hospitality Inn: Sheffield,Hospitality Inn,Sheffield,standard,1,1,0,1,152.86,152.86
orderid:703236,WUU-9CRT,orderid:703236,crmid:3578466210,2019-12-16T21:36:04.000Z,website,prd1105,1576704964,1576877764,2019-12-18T21:36:04+00:00,2019-12-20T21:36:04+00:00,Admiralty Plaza: Barcelona,Admiralty Plaza,Barcelona,luxury,1,1,0,2,273.2,546.4
orderid:407759,WU2-RK9Z,orderid:407759,crmid:2532653419,2020-02-03T05:09:58.000Z,call center,prd1149,1581311398,1582348198,2020-02-10T05:09:58+00:00,2020-02-22T05:09:58+00:00,Sapphire Suites: San Francisco,Sapphire Suites,San Francisco,standard,1,1,0,12,145.08,1740.96
orderid:971807,BGC-AWQQ,orderid:971807,crmid:2892289086,2020-01-20T17:00:53.000Z,website,prd1058,1581699653,1582218053,2020-02-14T17:00:53+00:00,2020-02-20T17:00:53+00:00,Blue Reef Resort: Delhi,Blue Reef Resort,Delhi,standard,1,1,0,6,139.88,839.28
orderid:700378,YMM-V4DP,orderid:700378,crmid:5330307099,2019-12-07T16:16:08.000Z,website,prd1181,1577808968,1578413768,2019-12-31T16:16:08+00:00,2020-01-07T16:16:08+00:00,Grandeur Hotels: Oakland,Grandeur Hotels,Oakland,standard,1,1,0,7,173.28,1212.96
orderid:233760,KE1-FILL,orderid:233760,crmid:4108370105,2020-01-24T06:13:05.000Z,website,prd1021,1581833585,1582524785,2020-02-16T06:13:05+00:00,2020-02-24T06:13:05+00:00,Admiralty Plaza: Denver,Admiralty Plaza,Denver,standard,1,1,0,8,155.01,1240.08
orderid:794137,KVX-2MGO,orderid:794137,crmid:2571571219,2020-02-08T09:29:55.000Z,website,prd1023,1583746195,1584350995,2020-03-09T09:29:55+00:00,2020-03-16T09:29:55+00:00,Hospitality Inn: Boston,Hospitality Inn,Boston,premium,1,1,4,7,123.72,866.04
orderid:406292,IKJ-FYXS,orderid:406292,crmid:2263290845,2020-01-06T20:19:19.000Z,call center,prd1154,1580415559,1580501959,2020-01-30T20:19:19+00:00,2020-01-31T20:19:19+00:00,Blue Reef Resort: Seattle,Blue Reef Resort,Seattle,standard,1,1,0,1,194.17,194.17
orderid:834037,BQQ-J3AM,orderid:834037,crmid:2845677008,2019-12-27T17:07:10.000Z,call center,prd1167,1578071230,1578503230,2020-01-03T17:07:10+00:00,2020-01-08T17:07:10+00:00,Hospitality Inn: Milwaukee,Hospitality Inn,Milwaukee,standard,1,1,0,5,147.93,739.65
orderid:649880,D0C-SBQH,orderid:649880,crmid:5650691941,2020-02-06T05:25:04.000Z,call center,prd1041,1582608304,1582867504,2020-02-25T05:25:04+00:00,2020-02-28T05:25:04+00:00,Sapphire Suites: Long Beach,Sapphire Suites,Long Beach,premium,1,1,0,3,74.81,224.43
orderid:857847,LNI-5E5V,orderid:857847,crmid:8126453818,2020-01-22T11:39:35.000Z,call center,prd1071,1581248375,1581853175,2020-02-09T11:39:35+00:00,2020-02-16T11:39:35+00:00,Hospitality Inn: Seoul,Hospitality Inn,Seoul,standard,1,1,0,7,153.01,1071.07
orderid:839948,QJG-AVE1,orderid:839948,crmid:5052482042,2020-02-07T10:10:54.000Z,service desk,prd1179,1581761454,1582279854,2020-02-15T10:10:54+00:00,2020-02-21T10:10:54+00:00,Hospitality Inn: Miami,Hospitality Inn,Miami,standard,1,1,0,6,111.6,669.6
orderid:593684,CQI-FHKO,orderid:593684,crmid:3532923784,2020-02-12T04:00:05.000Z,call center,prd1016,1581739205,1581825605,2020-02-15T04:00:05+00:00,2020-02-16T04:00:05+00:00,Aspen Heights: Columbus,Aspen Heights,Columbus,premium,1,1,0,1,194.1,194.1
orderid:706563,WMY-RKPV,orderid:706563,crmid:3532923784,2020-02-17T00:00:00.000Z,mobile,prd1173,1582156800,1582243200,2020-02-20T00:00:00+00:00,2020-02-21T00:00:00+00:00,Sapphire Suites: Kansas City,Sapphire Suites,Kansas City,standard,1,1,0,1,108.42,108.42
orderid:943901,FAA-1KFT,orderid:943901,crmid:9235925684,2019-12-25T14:27:09.000Z,mobile,prd1035,1579616829,1580048829,2020-01-21T14:27:09+00:00,2020-01-26T14:27:09+00:00,Hospitality Inn: Tucson,Hospitality Inn,Tucson,premium,1,1,0,5,172.58,862.9
orderid:696043,MAJ-ZXJ1,orderid:696043,crmid:4061819577,2019-12-26T16:54:29.000Z,kiosk,prd1004,1577552069,1577724869,2019-12-28T16:54:29+00:00,2019-12-30T16:54:29+00:00,Aspen Heights: Boulder,Aspen Heights,Boulder,standard,1,1,0,2,143.36,286.72
orderid:156081,HFV-EXUR,orderid:156081,crmid:4873253307,2019-12-22T05:15:22.000Z,call center,prd1093,1578978922,1579756522,2020-01-14T05:15:22+00:00,2020-01-23T05:15:22+00:00,Admiralty Plaza: Yokohama,Admiralty Plaza,Yokohama,standard,1,1,1,9,155.06,1395.54
orderid:474583,M88-WTVU,orderid:474583,crmid:2839087335,2020-02-07T01:35:32.000Z,website,prd1073,1583112932,1584495332,2020-03-02T01:35:32+00:00,2020-03-18T01:35:32+00:00,Grandeur Hotels: Lima,Grandeur Hotels,Lima,premium,1,1,0,16,131.91,2110.56
orderid:694298,MSS-AJ61,orderid:694298,crmid:9880002373,2020-01-07T19:49:26.000Z,kiosk,prd1046,1580068166,1580500166,2020-01-26T19:49:26+00:00,2020-01-31T19:49:26+00:00,Blue Reef Resort: Virginia Beach,Blue Reef Resort,Virginia Beach,standard,1,1,0,5,112.5,562.5
orderid:694979,HQL-YVLJ,orderid:694979,crmid:1523971357,2020-01-05T13:15:52.000Z,kiosk,prd1029,1580044552,1580994952,2020-01-26T13:15:52+00:00,2020-02-06T13:15:52+00:00,Sapphire Suites: Oklahoma City,Sapphire Suites,Oklahoma City,premium,1,1,0,11,157.84,1736.24
orderid:741935,YHL-NQCM,orderid:741935,crmid:3221973159,2020-01-29T09:34:39.000Z,kiosk,prd1124,1581759279,1582364079,2020-02-15T09:34:39+00:00,2020-02-22T09:34:39+00:00,Aspen Heights: Leeds,Aspen Heights,Leeds,standard,1,1,2,7,138.96,972.72
orderid:698743,BXX-1ENU,orderid:698743,crmid:6838522606,2020-01-09T08:55:50.000Z,call center,prd1154,1578732950,1578905750,2020-01-11T08:55:50+00:00,2020-01-13T08:55:50+00:00,Blue Reef Resort: Seattle,Blue Reef Resort,Seattle,premium,1,1,0,2,147.74,295.48
orderid:258928,9IS-AZEK,orderid:258928,crmid:2774650288,2019-12-29T22:41:47.000Z,call center,prd1140,1579819307,1580337707,2020-01-23T22:41:47+00:00,2020-01-29T22:41:47+00:00,Repose Resort: Kano,Repose Resort,Kano,premium,1,1,0,6,139.53,837.18
orderid:957206,XAI-YV0Z,orderid:957206,crmid:9009628746,2019-12-09T11:27:24.000Z,mobile,prd1009,1576409244,1577100444,2019-12-15T11:27:24+00:00,2019-12-23T11:27:24+00:00,Admiralty Plaza: San Antonio,Admiralty Plaza,San Antonio,standard,1,1,0,8,147.03,1176.24
orderid:524492,2JM-M9QS,orderid:524492,crmid:8472514491,2020-02-09T15:56:12.000Z,mobile,prd1052,1582300572,1583510172,2020-02-21T15:56:12+00:00,2020-03-06T15:56:12+00:00,Aspen Heights: Wichita,Aspen Heights,Wichita,standard,1,1,0,14,161.51,2261.14
orderid:358932,FIM-JCT7,orderid:358932,crmid:9032416118,2020-01-17T08:38:58.000Z,mobile,prd1056,1579595938,1580373538,2020-01-21T08:38:58+00:00,2020-01-30T08:38:58+00:00,Repose Resort: Aurora,Repose Resort,Aurora,standard,1,1,0,9,144.32,1298.88
orderid:335523,KXS-TTH8,orderid:335523,crmid:6997937177,2019-12-14T08:47:05.000Z,website,prd1081,1577177225,1577868425,2019-12-24T08:47:05+00:00,2020-01-01T08:47:05+00:00,Admiralty Plaza: Rod de Janeiro,Admiralty Plaza,Rod de Janeiro,standard,1,1,0,8,136.83,1094.64
orderid:858900,XCN-PAWZ,orderid:858900,crmid:1688430714,2019-12-17T10:16:43.000Z,call center,prd1195,1576664203,1576837003,2019-12-18T10:16:43+00:00,2019-12-20T10:16:43+00:00,Family Fun Hotels: Lahore,Family Fun Hotels,Lahore,presidential-suite,1,1,0,2,960.1,1920.2
orderid:181731,4AP-DSNO,orderid:181731,crmid:2878090886,2019-12-02T05:46:20.000Z,website,prd1146,1577857580,1578289580,2020-01-01T05:46:20+00:00,2020-01-06T05:46:20+00:00,Restful Nights: San Jose,Restful Nights,San Jose,standard,1,1,0,5,113.01,565.05
orderid:559432,GOH-FATW,orderid:559432,crmid:8066830924,2019-12-31T07:25:36.000Z,kiosk,prd1166,1579677936,1580282736,2020-01-22T07:25:36+00:00,2020-01-29T07:25:36+00:00,Blue Reef Resort: Baltimore,Blue Reef Resort,Baltimore,standard,1,1,0,7,158.51,1109.57
orderid:249456,8RU-DWO1,orderid:249456,crmid:2693729422,2019-12-11T15:18:11.000Z,website,prd1046,1577805491,1579187891,2019-12-31T15:18:11+00:00,2020-01-16T15:18:11+00:00,Blue Reef Resort: Virginia Beach,Blue Reef Resort,Virginia Beach,standard,1,1,0,16,160.67,2570.72
orderid:895811,2JN-KXHK,orderid:895811,crmid:9840991249,2020-02-14T05:38:11.000Z,mobile,prd1004,1582609091,1584164291,2020-02-25T05:38:11+00:00,2020-03-14T05:38:11+00:00,Aspen Heights: Boulder,Aspen Heights,Boulder,standard,1,1,0,18,168.22,3027.96
orderid:939003,YFS-M5OK,orderid:939003,crmid:2509582041,2020-01-06T05:33:14.000Z,call center,prd1197,1578375194,1578461594,2020-01-07T05:33:14+00:00,2020-01-08T05:33:14+00:00,Sapphire Suites: London,Sapphire Suites,London,standard,1,1,0,1,107.59,107.59
orderid:566716,UD3-PW9M,orderid:566716,crmid:1877387863,2020-01-05T05:26:40.000Z,mobile,prd1111,1580275600,1580880400,2020-01-29T05:26:40+00:00,2020-02-05T05:26:40+00:00,Family Fun Hotels: Prague,Family Fun Hotels,Prague,premium,1,1,0,7,129.82,908.74
orderid:326640,CIK-A1CN,orderid:326640,crmid:9589181222,2020-01-24T19:56:13.000Z,website,prd1046,1580154973,1580327773,2020-01-27T19:56:13+00:00,2020-01-29T19:56:13+00:00,Blue Reef Resort: Virginia Beach,Blue Reef Resort,Virginia Beach,standard,1,1,0,2,92.44,184.88
orderid:174712,9PM-XZO6,orderid:174712,crmid:9589181222,2020-01-30T00:00:00.000Z,kiosk,prd1154,1580688000,1580860800,2020-02-03T00:00:00+00:00,2020-02-05T00:00:00+00:00,Blue Reef Resort: Seattle,Blue Reef Resort,Seattle,standard,1,1,0,2,151.02,302.04
orderid:310028,HT4-0TZF,orderid:310028,crmid:6086343241,2020-02-11T07:26:57.000Z,website,prd1040,1583220417,1583911617,2020-03-03T07:26:57+00:00,2020-03-11T07:26:57+00:00,Aspen Heights: Atlanta,Aspen Heights,Atlanta,premium,1,1,0,8,117.61,940.88
orderid:205693,QHI-XYVD,orderid:205693,crmid:2231582771,2019-12-27T20:50:38.000Z,kiosk,prd1161,1579294238,1579985438,2020-01-17T20:50:38+00:00,2020-01-25T20:50:38+00:00,Sapphire Suites: Memphis,Sapphire Suites,Memphis,standard,1,1,3,8,159.02,1272.16
orderid:787905,AUT-ZJ0V,orderid:787905,crmid:1509172057,2020-01-08T13:37:53.000Z,mobile,prd1111,1578749873,1578836273,2020-01-11T13:37:53+00:00,2020-01-12T13:37:53+00:00,Family Fun Hotels: Prague,Family Fun Hotels,Prague,ultra-luxury,1,1,0,1,351.27,351.27
orderid:758564,HWG-GWRA,orderid:758564,crmid:2363997790,2019-12-09T03:47:11.000Z,call center,prd1004,1577418431,1577677631,2019-12-27T03:47:11+00:00,2019-12-30T03:47:11+00:00,Aspen Heights: Boulder,Aspen Heights,Boulder,standard,1,1,0,3,152.62,457.86
orderid:947160,8H2-RVTY,orderid:947160,crmid:3216270063,2019-12-28T23:40:16.000Z,website,prd1052,1578181216,1578872416,2020-01-04T23:40:16+00:00,2020-01-12T23:40:16+00:00,Aspen Heights: Wichita,Aspen Heights,Wichita,luxury,1,1,0,8,393.38,3147.04
orderid:837263,O1W-JJDS,orderid:837263,crmid:2035858915,2020-01-13T01:53:39.000Z,service desk,prd1014,1579139619,1579398819,2020-01-16T01:53:39+00:00,2020-01-19T01:53:39+00:00,Restful Nights: Jacksonville,Restful Nights,Jacksonville,standard,1,1,0,3,163.22,489.66
orderid:702971,MLP-ZOHH,orderid:702971,crmid:1894676507,2019-12-31T04:16:23.000Z,mobile,prd1146,1578370583,1578456983,2020-01-07T04:16:23+00:00,2020-01-08T04:16:23+00:00,Restful Nights: San Jose,Restful Nights,San Jose,standard,1,1,0,1,100.68,100.68
orderid:545036,ACU-9EYD,orderid:545036,crmid:7712811522,2020-02-04T01:19:19.000Z,kiosk,prd1090,1582679959,1583111959,2020-02-26T01:19:19+00:00,2020-03-02T01:19:19+00:00,Sego Lily Suites: Giza,Sego Lily Suites,Giza,standard,1,1,0,5,155.18,775.9
orderid:101973,7FH-N2ZD,orderid:101973,crmid:4842706237,2019-12-24T06:47:29.000Z,call center,prd1169,1578206849,1578466049,2020-01-05T06:47:29+00:00,2020-01-08T06:47:29+00:00,Grandeur Hotels: Tucson,Grandeur Hotels,Tucson,presidential-suite,1,1,4,3,869.54,2608.62
orderid:176306,2GM-TQND,orderid:176306,crmid:9042283620,2020-01-31T03:38:42.000Z,kiosk,prd1005,1581737922,1582256322,2020-02-15T03:38:42+00:00,2020-02-21T03:38:42+00:00,Sapphire Suites: Los Angeles,Sapphire Suites,Los Angeles,standard,1,1,0,6,128.73,772.38
orderid:545620,BYK-YO8A,orderid:545620,crmid:2385820686,2020-02-12T15:24:53.000Z,kiosk,prd1029,1583162693,1583767493,2020-03-02T15:24:53+00:00,2020-03-09T15:24:53+00:00,Sapphire Suites: Oklahoma City,Sapphire Suites,Oklahoma City,premium,1,1,0,7,153.43,1074.01
orderid:598632,3Q1-PUNA,orderid:598632,crmid:9817079193,2020-02-12T05:40:57.000Z,kiosk,prd1147,1583386857,1584855657,2020-03-05T05:40:57+00:00,2020-03-22T05:40:57+00:00,Family Fun Hotels: Austin,Family Fun Hotels,Austin,standard,1,1,0,17,124.08,2109.36
orderid:734715,NNK-MHHM,orderid:734715,crmid:9164592023,2020-02-02T09:42:07.000Z,kiosk,prd1061,1582882927,1583401327,2020-02-28T09:42:07+00:00,2020-03-05T09:42:07+00:00,Grandeur Hotels: Lahore,Grandeur Hotels,Lahore,premium,1,1,0,6,116.19,697.14
orderid:157152,XZY-KPRG,orderid:157152,crmid:4830794264,2020-01-10T15:03:59.000Z,call center,prd1177,1580742239,1581087839,2020-02-03T15:03:59+00:00,2020-02-07T15:03:59+00:00,Admiralty Plaza: Raleigh,Admiralty Plaza,Raleigh,premium,1,1,3,4,107.3,429.2
orderid:348487,S5A-QE6H,orderid:348487,crmid:8993103717,2019-12-28T23:38:00.000Z,call center,prd1033,1579909080,1580859480,2020-01-24T23:38:00+00:00,2020-02-04T23:38:00+00:00,Admiralty Plaza: Milwaukee,Admiralty Plaza,Milwaukee,luxury,1,1,0,11,348.16,3829.76
orderid:639514,OLM-34P1,orderid:639514,crmid:4360455509,2020-01-18T12:40:05.000Z,kiosk,prd1106,1579437605,1579610405,2020-01-19T12:40:05+00:00,2020-01-21T12:40:05+00:00,Blue Reef Resort: Munich,Blue Reef Resort,Munich,standard,1,1,0,2,132.21,264.42
orderid:935855,HRQ-XGVZ,orderid:935855,crmid:2070095533,2020-01-29T08:24:01.000Z,call center,prd1147,1581927841,1582359841,2020-02-17T08:24:01+00:00,2020-02-22T08:24:01+00:00,Family Fun Hotels: Austin,Family Fun Hotels,Austin,ultra-luxury,1,1,3,5,364.06,1820.3
orderid:768860,VXE-QBXW,orderid:768860,crmid:3422968709,2019-12-06T23:24:27.000Z,mobile,prd1058,1578093867,1578871467,2020-01-03T23:24:27+00:00,2020-01-12T23:24:27+00:00,Blue Reef Resort: Delhi,Blue Reef Resort,Delhi,standard,1,1,0,9,137.1,1233.9
orderid:849732,FWA-EAHM,orderid:849732,crmid:3768773567,2020-02-06T03:32:58.000Z,kiosk,prd1176,1581564778,1581823978,2020-02-13T03:32:58+00:00,2020-02-16T03:32:58+00:00,Repose Resort: Omaha,Repose Resort,Omaha,standard,1,1,0,3,158.94,476.82
orderid:386446,YRN-HDLK,orderid:386446,crmid:4415110754,2020-02-02T07:59:33.000Z,website,prd1153,1582617573,1583222373,2020-02-25T07:59:33+00:00,2020-03-03T07:59:33+00:00,Admiralty Plaza: Charlotte,Admiralty Plaza,Charlotte,premium,1,1,0,7,151.51,1060.57
orderid:587860,C9D-MUVQ,orderid:587860,crmid:8658086963,2020-01-01T21:07:19.000Z,kiosk,prd1189,1577999239,1578258439,2020-01-02T21:07:19+00:00,2020-01-05T21:07:19+00:00,Admiralty Plaza: Bakersfield,Admiralty Plaza,Bakersfield,standard,1,1,0,3,123.21,369.63
orderid:424069,C17-U3OJ,orderid:424069,crmid:9236984015,2020-02-08T03:06:10.000Z,mobile,prd1196,1583550370,1583982370,2020-03-07T03:06:10+00:00,2020-03-12T03:06:10+00:00,Aspen Heights: Moscow,Aspen Heights,Moscow,standard,1,1,0,5,157.92,789.6
orderid:841697,49L-NFDC,orderid:841697,crmid:4682472544,2020-02-11T14:25:35.000Z,call center,prd1009,1581776735,1581863135,2020-02-15T14:25:35+00:00,2020-02-16T14:25:35+00:00,Admiralty Plaza: San Antonio,Admiralty Plaza,San Antonio,standard,1,1,0,1,135.15,135.15
orderid:128954,1A2-RPS9,orderid:128954,crmid:4682472544,2020-02-17T00:00:00.000Z,call center,prd1117,1581984000,1582156800,2020-02-18T00:00:00+00:00,2020-02-20T00:00:00+00:00,Admiralty Plaza: Dublin,Admiralty Plaza,Dublin,standard,1,1,0,2,161.09,322.18
orderid:504565,T3B-TLQ2,orderid:504565,crmid:9335810492,2020-01-15T19:06:26.000Z,kiosk,prd1021,1581361586,1582830386,2020-02-10T19:06:26+00:00,2020-02-27T19:06:26+00:00,Admiralty Plaza: Denver,Admiralty Plaza,Denver,ultra-luxury,1,1,0,17,329.04,5593.68
orderid:464023,XIA-G9LL,orderid:464023,crmid:9870701977,2019-12-27T19:04:18.000Z,website,prd1165,1577646258,1577905458,2019-12-29T19:04:18+00:00,2020-01-01T19:04:18+00:00,Admiralty Plaza: Louisville,Admiralty Plaza,Louisville,standard,1,1,0,3,165.3,495.9
orderid:591650,P4Q-V8N0,orderid:591650,crmid:9870701977,2020-01-02T00:00:00.000Z,kiosk,prd1071,1578009600,1578355200,2020-01-03T00:00:00+00:00,2020-01-07T00:00:00+00:00,Hospitality Inn: Seoul,Hospitality Inn,Seoul,premium,1,1,0,4,163.23,652.92
orderid:991780,BAC-7UVI,orderid:991780,crmid:9870701977,2020-01-09T00:00:00.000Z,website,prd1193,1578787200,1578873600,2020-01-12T00:00:00+00:00,2020-01-13T00:00:00+00:00,Grandeur Hotels: Kinshasa,Grandeur Hotels,Kinshasa,premium,1,1,0,1,136.76,136.76
orderid:268155,1F4-YUN1,orderid:268155,crmid:9870701977,2020-01-15T00:00:00.000Z,service desk,prd1185,1579564800,1579910400,2020-01-21T00:00:00+00:00,2020-01-25T00:00:00+00:00,Sapphire Suites: New Orleans,Sapphire Suites,New Orleans,premium,1,1,0,4,127.72,510.88
orderid:510385,L8A-PTKY,orderid:510385,crmid:2628199461,2020-01-13T22:58:27.000Z,call center,prd1115,1579129107,1579301907,2020-01-15T22:58:27+00:00,2020-01-17T22:58:27+00:00,Nesting Box Inn: Cologne,Nesting Box Inn,Cologne,standard,1,1,0,2,149.3,298.6
orderid:509176,H0M-XJKY,orderid:509176,crmid:3501967378,2020-01-14T02:24:41.000Z,call center,prd1172,1579055081,1579141481,2020-01-15T02:24:41+00:00,2020-01-16T02:24:41+00:00,Aspen Heights: Mesa,Aspen Heights,Mesa,standard,1,1,0,1,164.18,164.18
orderid:437052,KHG-YIXN,orderid:437052,crmid:3275545369,2020-01-11T03:36:57.000Z,mobile,prd1143,1580441817,1580701017,2020-01-31T03:36:57+00:00,2020-02-03T03:36:57+00:00,Hospitality Inn: San Antonio,Hospitality Inn,San Antonio,standard,1,1,0,3,112.91,338.73
orderid:563626,IFJ-HNVS,orderid:563626,crmid:3268265924,2019-12-01T02:34:48.000Z,mobile,prd1153,1577154888,1577673288,2019-12-24T02:34:48+00:00,2019-12-30T02:34:48+00:00,Admiralty Plaza: Charlotte,Admiralty Plaza,Charlotte,premium,1,1,1,6,178.54,1071.24
orderid:633645,K3N-LBVL,orderid:633645,crmid:9065188365,2019-12-11T20:12:23.000Z,call center,prd1143,1578687143,1579723943,2020-01-10T20:12:23+00:00,2020-01-22T20:12:23+00:00,Hospitality Inn: San Antonio,Hospitality Inn,San Antonio,standard,1,1,0,12,184.0,2208.0
orderid:513565,LRY-NKPO,orderid:513565,crmid:7819472887,2019-12-10T02:29:54.000Z,kiosk,prd1011,1576204194,1576376994,2019-12-13T02:29:54+00:00,2019-12-15T02:29:54+00:00,Hospitality Inn: Dallas,Hospitality Inn,Dallas,standard,1,1,0,2,99.26,198.52
orderid:258051,V6X-ZQXI,orderid:258051,crmid:7708286178,2020-01-31T16:40:27.000Z,call center,prd1004,1581784827,1582303227,2020-02-15T16:40:27+00:00,2020-02-21T16:40:27+00:00,Aspen Heights: Boulder,Aspen Heights,Boulder,standard,1,1,0,6,168.02,1008.12
orderid:112020,D07-SBGL,orderid:112020,crmid:7212416694,2020-01-31T05:23:28.000Z,kiosk,prd1050,1582349008,1582867408,2020-02-22T05:23:28+00:00,2020-02-28T05:23:28+00:00,Restful Nights: Arlington,Restful Nights,Arlington,luxury,1,1,0,6,308.81,1852.86
orderid:229045,SUJ-9RO5,orderid:229045,crmid:8478573906,2020-01-10T22:13:40.000Z,mobile,prd1196,1579385620,1579472020,2020-01-18T22:13:40+00:00,2020-01-19T22:13:40+00:00,Aspen Heights: Moscow,Aspen Heights,Moscow,premium,1,1,0,1,137.7,137.7
orderid:432790,GDX-YO9C,orderid:432790,crmid:7758556265,2020-01-20T07:44:27.000Z,call center,prd1142,1581061467,1582443867,2020-02-07T07:44:27+00:00,2020-02-23T07:44:27+00:00,Blue Reef Resort: Philadelphia,Blue Reef Resort,Philadelphia,standard,1,1,0,16,198.79,3180.64
orderid:559083,QX3-ZKGC,orderid:559083,crmid:3552845950,2019-12-08T22:43:58.000Z,kiosk,prd1110,1575931438,1576277038,2019-12-09T22:43:58+00:00,2019-12-13T22:43:58+00:00,Restful Nights: Sofia,Restful Nights,Sofia,standard,1,1,0,4,159.3,637.2
orderid:841400,DSJ-89OD,orderid:841400,crmid:2835061387,2020-02-08T04:31:56.000Z,kiosk,prd1081,1581827516,1583209916,2020-02-16T04:31:56+00:00,2020-03-03T04:31:56+00:00,Admiralty Plaza: Rod de Janeiro,Admiralty Plaza,Rod de Janeiro,standard,1,1,0,16,146.71,2347.36
orderid:291309,7XL-UL00,orderid:291309,crmid:7522875563,2020-02-11T20:03:56.000Z,website,prd1038,1583697836,1584302636,2020-03-08T20:03:56+00:00,2020-03-15T20:03:56+00:00,Restful Nights: Mesa,Restful Nights,Mesa,premium,1,1,0,7,157.64,1103.48
orderid:538885,LG8-WZWO,orderid:538885,crmid:3349788076,2020-02-03T19:40:09.000Z,kiosk,prd1118,1582659609,1583264409,2020-02-25T19:40:09+00:00,2020-03-03T19:40:09+00:00,Blue Reef Resort: Cologne,Blue Reef Resort,Cologne,standard,1,1,0,7,156.88,1098.16
orderid:408769,DX4-S8BT,orderid:408769,crmid:9568360333,2020-01-08T01:47:54.000Z,call center,prd1070,1578620874,1578707274,2020-01-10T01:47:54+00:00,2020-01-11T01:47:54+00:00,Blue Reef Resort: Jakarta,Blue Reef Resort,Jakarta,standard,1,1,0,1,116.2,116.2
orderid:602831,KZU-Q9WK,orderid:602831,crmid:6293502501,2020-01-12T04:41:05.000Z,website,prd1137,1579149665,1579322465,2020-01-16T04:41:05+00:00,2020-01-18T04:41:05+00:00,Sapphire Suites: Manila,Sapphire Suites,Manila,standard,1,1,0,2,159.47,318.94
orderid:491601,095-8B0P,orderid:491601,crmid:8778508571,2019-12-24T15:27:05.000Z,service desk,prd1089,1579015625,1580311625,2020-01-14T15:27:05+00:00,2020-01-29T15:27:05+00:00,Sapphire Suites: Rome,Sapphire Suites,Rome,standard,1,1,3,15,153.67,2305.05
orderid:126536,RQX-SVWN,orderid:126536,crmid:4436443641,2020-01-14T05:22:35.000Z,website,prd1146,1581225755,1582176155,2020-02-09T05:22:35+00:00,2020-02-20T05:22:35+00:00,Restful Nights: San Jose,Restful Nights,San Jose,standard,1,1,0,11,103.01,1133.11
orderid:437097,0QD-WJEG,orderid:437097,crmid:5329340896,2020-02-13T11:10:22.000Z,call center,prd1141,1582542622,1583233822,2020-02-24T11:10:22+00:00,2020-03-03T11:10:22+00:00,Admiralty Plaza: Phoenix,Admiralty Plaza,Phoenix,standard,1,1,0,8,104.38,835.04
orderid:346671,SHH-NCXT,orderid:346671,crmid:6925252030,2020-01-05T02:16:46.000Z,kiosk,prd1124,1579573006,1580177806,2020-01-21T02:16:46+00:00,2020-01-28T02:16:46+00:00,Aspen Heights: Leeds,Aspen Heights,Leeds,standard,1,1,0,7,139.36,975.52
orderid:878422,CMH-BFDT,orderid:878422,crmid:9451428291,2020-01-09T03:07:17.000Z,website,prd1049,1579576037,1580180837,2020-01-21T03:07:17+00:00,2020-01-28T03:07:17+00:00,Grandeur Hotels: Tulsa,Grandeur Hotels,Tulsa,ultra-luxury,1,1,1,7,424.44,2971.08
orderid:962496,DIZ-CVZO,orderid:962496,crmid:6171427803,2020-02-15T15:04:26.000Z,call center,prd1105,1583679866,1584111866,2020-03-08T15:04:26+00:00,2020-03-13T15:04:26+00:00,Admiralty Plaza: Barcelona,Admiralty Plaza,Barcelona,standard,1,1,0,5,168.87,844.35
orderid:554235,M5J-FW7A,orderid:554235,crmid:7766628432,2019-12-14T16:26:58.000Z,kiosk,prd1181,1578760018,1579883218,2020-01-11T16:26:58+00:00,2020-01-24T16:26:58+00:00,Grandeur Hotels: Oakland,Grandeur Hotels,Oakland,luxury,1,1,3,13,234.79,3052.27
orderid:960885,8UL-141Z,orderid:960885,crmid:8077754475,2020-01-24T23:02:32.000Z,kiosk,prd1137,1581894152,1582239752,2020-02-16T23:02:32+00:00,2020-02-20T23:02:32+00:00,Sapphire Suites: Manila,Sapphire Suites,Manila,standard,1,1,0,4,154.56,618.24
orderid:517073,TKL-CLCL,orderid:517073,crmid:3386103637,2019-12-06T05:37:19.000Z,website,prd1145,1575869839,1576129039,2019-12-09T05:37:19+00:00,2019-12-12T05:37:19+00:00,Grandeur Hotels: Dallas,Grandeur Hotels,Dallas,ultra-luxury,1,1,0,3,273.42,820.26
orderid:649673,5GN-Q1I4,orderid:649673,crmid:8951314991,2020-02-03T12:55:57.000Z,call center,prd1057,1582721757,1583153757,2020-02-26T12:55:57+00:00,2020-03-02T12:55:57+00:00,Admiralty Plaza: Mumbai,Admiralty Plaza,Mumbai,standard,1,1,0,5,116.97,584.85
orderid:249222,OXA-GIEU,orderid:249222,crmid:7448126727,2020-01-06T17:38:48.000Z,call center,prd1039,1580751528,1581442728,2020-02-03T17:38:48+00:00,2020-02-11T17:38:48+00:00,Family Fun Hotels: Kansas City,Family Fun Hotels,Kansas City,premium,1,1,0,8,154.6,1236.8
orderid:510222,GEV-6PCY,orderid:510222,crmid:5612445264,2019-12-18T18:07:45.000Z,mobile,prd1176,1578334065,1578593265,2020-01-06T18:07:45+00:00,2020-01-09T18:07:45+00:00,Repose Resort: Omaha,Repose Resort,Omaha,standard,1,1,0,3,148.18,444.54
orderid:692512,UIX-EWY0,orderid:692512,crmid:5925509300,2019-12-15T18:19:00.000Z,kiosk,prd1151,1578593940,1579285140,2020-01-09T18:19:00+00:00,2020-01-17T18:19:00+00:00,Nesting Box Inn: Fort Worth,Nesting Box Inn,Fort Worth,presidential-suite,1,1,0,8,924.78,7398.24
orderid:444358,OSC-WG3S,orderid:444358,crmid:5592307018,2019-12-13T15:58:33.000Z,mobile,prd1058,1576425513,1576511913,2019-12-15T15:58:33+00:00,2019-12-16T15:58:33+00:00,Blue Reef Resort: Delhi,Blue Reef Resort,Delhi,standard,1,1,0,1,90.28,90.28
orderid:804357,ATP-OAU2,orderid:804357,crmid:6397222390,2020-02-15T18:47:07.000Z,website,prd1194,1583693227,1584038827,2020-03-08T18:47:07+00:00,2020-03-12T18:47:07+00:00,Restful Nights: Tianjin,Restful Nights,Tianjin,standard,1,1,0,4,130.64,522.56
orderid:315789,KV8-DUMV,orderid:315789,crmid:3285464359,2020-01-19T06:55:16.000Z,call center,prd1022,1581922516,1583218516,2020-02-17T06:55:16+00:00,2020-03-03T06:55:16+00:00,Blue Reef Resort: Washington DC,Blue Reef Resort,Washington DC,standard,1,1,0,15,136.56,2048.4
orderid:468073,CN0-IUMA,orderid:468073,crmid:7586556362,2019-12-19T03:11:48.000Z,call center,prd1149,1576984308,1577157108,2019-12-22T03:11:48+00:00,2019-12-24T03:11:48+00:00,Sapphire Suites: San Francisco,Sapphire Suites,San Francisco,standard,1,1,0,2,132.83,265.66
orderid:248049,XJC-FIRT,orderid:248049,crmid:2974045178,2019-12-06T16:46:06.000Z,mobile,prd1010,1576601166,1578156366,2019-12-17T16:46:06+00:00,2020-01-04T16:46:06+00:00,Blue Reef Resort: San Diego,Blue Reef Resort,San Diego,standard,1,1,0,18,139.56,2512.08
orderid:273609,LYM-ILZ9,orderid:273609,crmid:8014739390,2020-01-25T05:39:52.000Z,mobile,prd1097,1581313192,1581831592,2020-02-10T05:39:52+00:00,2020-02-16T05:39:52+00:00,Grandeur Hotels: Buenos Aires,Grandeur Hotels,Buenos Aires,premium,1,1,0,6,113.98,683.88
orderid:421188,HT0-NYAF,orderid:421188,crmid:9329643412,2019-12-17T08:13:42.000Z,website,prd1076,1576829622,1577434422,2019-12-20T08:13:42+00:00,2019-12-27T08:13:42+00:00,Aspen Heights: Bogota,Aspen Heights,Bogota,premium,1,1,0,7,160.32,1122.24
