{"_id": "orderid:164968", "timestamp": "2020-02-06T17:36:52.000Z", "eventType": "transaction", "_adobeamericaspot3": {"CRMID": "crmid:2475011357", "orderDetails": {"orderID": "orderid:164968", "reservationid": "YCE-DJN5", "orderType": "kiosk", "hotelSKU": "prd1065", "hotelCheckInUnix": "1581961012", "hotelCheckOutUnix": "1583170612", "hotelCheckInTS": "2020-02-17T17:36:52+00:00", "hotelCheckOutTS": "2020-03-02T17:36:52+00:00", "hotelChain": "Sapphire Suites", "hotelName": "Sapphire Suites: Beijing", "hotelLocation": "Beijing", "hotelRoomType": "standard", "hotelRoomCount": "1", "hotelGuestAdultCount": "1", "hotelGuestChildCount": "0", "hotelNightCount": "14", "hotelRoomPrice": "149.82", "hotelFinalPrice": "2097.48"}}}
{"_id": "orderid:968775", "timestamp": "2019-12-06T10:47:08.000Z", "eventType": "transaction", "_adobeamericaspot3": {"CRMID": "crmid:4420091170", "orderDetails": {"orderID": "orderid:968775", "reservationid": "7JM-FMMQ", "orderType": "kiosk", "hotelSKU": "prd1081", "hotelCheckInUnix": "1577616428", "hotelCheckOutUnix": "1578221228", "hotelCheckInTS": "2019-12-29T10:47:08+00:00", "hotelCheckOutTS": "2020-01-05T10:47:08+00:00", "hotelChain": "Admiralty Plaza", "hotelName": "Admiralty Plaza: Rod de Janeiro", "hotelLocation": "Rod de Janeiro", "hotelRoomType": "luxury", "hotelRoomCount": "1", "hotelGuestAdultCount": "1", "hotelGuestChildCount": "0", "hotelNightCount": "7", "hotelRoomPrice": "332.71", "hotelFinalPrice": "2328.97"}}}
{"_id": "orderid:592811", "timestamp": "2020-01-17T01:47:52.000Z", "eventType": "transaction", "_adobeamericaspot3": {"CRMID": "crmid:9761608980", "orderDetails": {"orderID": "orderid:592811", "reservationid": "ZSI-M3KF", "orderType": "service desk", "hotelSKU": "prd1029", "hotelCheckInUnix": "1581731272", "hotelCheckOutUnix": "1582249672", "hotelCheckInTS": "2020-02-15T01:47:52+00:00", "hotelCheckOutTS": "2020-02-21T01:47:52+00:00", "hotelChain": "Sapphire Suites", "hotelName": "Sapphire Suites: Oklahoma City", "hotelLocation": "Oklahoma City", "hotelRoomType": "premium", "hotelRoomCount": "1", "hotelGuestAdultCount": "1", "hotelGuestChildCount": "0", "hotelNightCount": "6", "hotelRoomPrice": "126.63", "hotelFinalPrice": "759.78"}}}
{"_id": "orderid:447256", "timestamp": "2020-01-10T19:17:33.000Z", "eventType": "transaction", "_adobeamericaspot3": {"CRMID": "crmid:1109825169", "orderDetails": {"orderID": "orderid:447256", "reservationid": "J5W-LYAS", "orderType": "call center", "hotelSKU": "prd1162", "hotelCheckInUnix": "1578943053", "hotelCheckOutUnix": "1579029453", "hotelCheckInTS": "2020-01-13T19:17:33+00:00", "hotelCheckOutTS": "2020-01-14T19:17:33+00:00", "hotelChain": "Sego Lily Suites", "hotelName": "Sego Lily Suites: Portland", "hotelLocation": "Portland", "hotelRoomType": "premium", "hotelRoomCount": "1", "hotelGuestAdultCount": "1", "hotelGuestChildCount": "0", "hotelNightCount": "1", "hotelRoomPrice": "149.1", "hotelFinalPrice": "149.1"}}}
{"_id": "orderid:161237", "timestamp": "2019-12-15T08:58:58.000Z", "eventType": "transaction", "_adobeamericaspot3": {"CRMID": "crmid:6637544997", "orderDetails": {"orderID": "orderid:161237", "reservationid": "AQ9-GBA7", "orderType": "call center", "hotelSKU": "prd1086", "hotelCheckInUnix": "1578905938", "hotelCheckOutUnix": "1579078738", "hotelCheckInTS": "2020-01-13T08:58:58+00:00", "hotelCheckOutTS": "2020-01-15T08:58:58+00:00", "hotelChain": "Restful Nights", "hotelName": "Restful Nights: Johannesburg", "hotelLocation": "Johannesburg", "hotelRoomType": "standard", "hotelRoomCount": "1", "hotelGuestAdultCount": "1", "hotelGuestChildCount": "0", "hotelNightCount": "2", "hotelRoomPrice": "162.78", "hotelFinalPrice": "325.56"}}}
{"_id": "orderid:270025", "timestamp": "2020-01-03T21:07:25.000Z", "eventType": "transaction", "_adobeamericaspot3": {"CRMID": "crmid:9955396508", "orderDetails": {"orderID": "orderid:270025", "reservationid": "RAB-6JGP", "orderType": "kiosk", "hotelSKU": "prd1158", "hotelCheckInUnix": "1578258445", "hotelCheckOutUnix": "1578431245", "hotelCheckInTS": "2020-01-05T21:07:25+00:00", "hotelCheckOutTS": "2020-01-07T21:07:25+00:00", "hotelChain": "Restful Nights", "hotelName": "Restful Nights: El Paso", "hotelLocation": "El Paso", "hotelRoomType": "presidential-suite", "hotelRoomCount": "1", "hotelGuestAdultCount": "1", "hotelGuestChildCount": "0", "hotelNightCount": "2", "hotelRoomPrice": "824.47", "hotelFinalPrice": "1648.94"}}}
{"_id": "orderid:842002", "timestamp": "2019-12-26T23:35:41.000Z", "eventType": "transaction", "_adobeamericaspot3": {"CRMID": "crmid:9276165767", "orderDetails": {"orderID": "orderid:842002", "reservationid": "QW3-QF3A", "orderType": "website", "hotelSKU": "prd1034", "hotelCheckInUnix": "1579304141", "hotelCheckOutUnix": "1579736141", "hotelCheckInTS": "2020-01-17T23:35:41+00:00", "hotelCheckOutTS": "2020-01-22T23:35:41+00:00", "hotelChain": "Blue Reef Resort", "hotelName": "Blue Reef Resort: Albuquerque", "hotelLocation": "Albuquerque", "hotelRoomType": "standard", "hotelRoomCount": "1", "hotelGuestAdultCount": "1", "hotelGuestChildCount": "0", "hotelNightCount": "5", "hotelRoomPrice": "137.02", "hotelFinalPrice": "685.1"}}}
{"_id": "orderid:481670", "timestamp": "2020-02-01T08:01:12.000Z", "eventType": "transaction", "_adobeamericaspot3": {"CRMID": "crmid:9015606043", "orderDetails": {"orderID": "orderid:481670", "reservationid": "FHX-L810", "orderType": "website", "hotelSKU": "prd1067", "hotelCheckInUnix": "1580889672", "hotelCheckOutUnix": "1580976072", "hotelCheckInTS": "2020-02-05T08:01:12+00:00", "hotelCheckOutTS": "2020-02-06T08:01:12+00:00", "hotelChain": "Nesting Box Inn", "hotelName": "Nesting Box Inn: Istanbul", "hotelLocation": "Istanbul", "hotelRoomType": "premium", "hotelRoomCount": "1", "hotelGuestAdultCount": "1", "hotelGuestChildCount": "0", "hotelNightCount": "1", "hotelRoomPrice": "117.17", "hotelFinalPrice": "117.17"}}}
{"_id": "orderid:261708", "timestamp": "2019-12-11T07:41:33.000Z", "eventType": "transaction", "_adobeamericaspot3": {"CRMID": "crmid:7344294994", "orderDetails": {"orderID": "orderid:261708", "reservationid": "IUO-LODM", "orderType": "call center", "hotelSKU": "prd1021", "hotelCheckInUnix": "1578123693", "hotelCheckOutUnix": "1578382893", "hotelCheckInTS": "2020-01-04T07:41:33+00:00", "hotelCheckOutTS": "2020-01-07T07:41:33+00:00", "hotelChain": "Admiralty Plaza", "hotelName": "Admiralty Plaza: Denver", "hotelLocation": "Denver", "hotelRoomType": "standard", "hotelRoomCount": "1", "hotelGuestAdultCount": "1", "hotelGuestChildCount": "0", "hotelNightCount": "3", "hotelRoomPrice": "128.44", "hotelFinalPrice": "385.32"}}}
{"_id": "orderid:478866", "timestamp": "2019-12-20T15:44:41.000Z", "eventType": "transaction", "_adobeamericaspot3": {"CRMID": "crmid:3850395309", "orderDetails": {"orderID": "orderid:478866", "reservationid": "3RW-OWOB", "orderType": "website", "hotelSKU": "prd1147", "hotelCheckInUnix": "1577029481", "hotelCheckOutUnix": "1577115881", "hotelCheckInTS": "2019-12-22T15:44:41+00:00", "hotelCheckOutTS": "2019-12-23T15:44:41+00:00", "hotelChain": "Family Fun Hotels", "hotelName": "Family Fun Hotels: Austin", "hotelLocation": "Austin", "hotelRoomType": "standard", "hotelRoomCount": "1", "hotelGuestAdultCount": "1", "hotelGuestChildCount": "0", "hotelNightCount": "1", "hotelRoomPrice": "180.96", "hotelFinalPrice": "180.96"}}}
{"_id": "orderid:652178", "timestamp": "2020-01-28T16:27:55.000Z", "eventType": "transaction", "_adobeamericaspot3": {"CRMID": "crmid:1029209613", "orderDetails": {"orderID": "orderid:652178", "reservationid": "MVS-4DTM", "orderType": "kiosk", "hotelSKU": "prd1088", "hotelCheckInUnix": "1582216075", "hotelCheckOutUnix": "1582907275", "hotelCheckInTS": "2020-02-20T16:27:55+00:00", "hotelCheckOutTS": "2020-02-28T16:27:55+00:00", "hotelChain": "Aspen Heights", "hotelName": "Aspen Heights: Ankara", "hotelLocation": "Ankara", "hotelRoomType": "standard", "hotelRoomCount": "1", "hotelGuestAdultCount": "1", "hotelGuestChildCount": "0", "hotelNightCount": "8", "hotelRoomPrice": "137.74", "hotelFinalPrice": "1101.92"}}}
{"_id": "orderid:833556", "timestamp": "2020-01-25T21:03:35.000Z", "eventType": "transaction", "_adobeamericaspot3": {"CRMID": "crmid:1671846670", "orderDetails": {"orderID": "orderid:833556", "reservationid": "5CF-PQ6H", "orderType": "mobile", "hotelSKU": "prd1139", "hotelCheckInUnix": "1582232615", "hotelCheckOutUnix": "1582664615", "hotelCheckInTS": "2020-02-20T21:03:35+00:00", "hotelCheckOutTS": "2020-02-25T21:03:35+00:00", "hotelChain": "Nesting Box Inn", "hotelName": "Nesting Box Inn: Nairobi", "hotelLocation": "Nairobi", "hotelRoomType": "luxury", "hotelRoomCount": "1", "hotelGuestAdultCount": "1", "hotelGuestChildCount": "0", "hotelNightCount": "5", "hotelRoomPrice": "398.85", "hotelFinalPrice": "1994.25"}}}
{"_id": "orderid:927529", "timestamp": "2019-12-10T12:10:08.000Z", "eventType": "transaction", "_adobeamericaspot3": {"CRMID": "crmid:2279350092", "orderDetails": {"orderID": "orderid:927529", "reservationid": "HOB-XVVK", "orderType": "mobile", "hotelSKU": "prd1113", "hotelCheckInUnix": "1576498208", "hotelCheckOutUnix": "1577016608", "hotelCheckInTS": "2019-12-16T12:10:08+00:00", "hotelCheckOutTS": "2019-12-22T12:10:08+00:00", "hotelChain": "Sapphire Suites", "hotelName": "Sapphire Suites: Kazan", "hotelLocation": "Kazan", "hotelRoomType": "standard", "hotelRoomCount": "1", "hotelGuestAdultCount": "1", "hotelGuestChildCount": "0", "hotelNightCount": "6", "hotelRoomPrice": "124.27", "hotelFinalPrice": "745.62"}}}
{"_id": "orderid:314043", "timestamp": "2020-02-12T06:04:28.000Z", "eventType": "transaction", "_adobeamericaspot3": {"CRMID": "crmid:3125576372", "orderDetails": {"orderID": "orderid:314043", "reservationid": "TJP-H3FF", "orderType": "kiosk", "hotelSKU": "prd1035", "hotelCheckInUnix": "1581573868", "hotelCheckOutUnix": "1582005868", "hotelCheckInTS": "2020-02-13T06:04:28+00:00", "hotelCheckOutTS": "2020-02-18T06:04:28+00:00", "hotelChain": "Hospitality Inn", "hotelName": "Hospitality Inn: Tucson", "hotelLocation": "Tucson", "hotelRoomType": "standard", "hotelRoomCount": "1", "hotelGuestAdultCount": "1", "hotelGuestChildCount": "0", "hotelNightCount": "5", "hotelRoomPrice": "180.94", "hotelFinalPrice": "904.7"}}}
{"_id": "orderid:168185", "timestamp": "2020-02-19T00:00:00.000Z", "eventType": "transaction", "_adobeamericaspot3": {"CRMID": "crmid:3125576372", "orderDetails": {"orderID": "orderid:168185", "reservationid": "6FZ-ASJH", "orderType": "website", "hotelSKU": "prd1010", "hotelCheckInUnix": "1582156800", "hotelCheckOutUnix": "1582243200", "hotelCheckInTS": "2020-02-20T00:00:00+00:00", "hotelCheckOutTS": "2020-02-21T00:00:00+00:00", "hotelChain": "Blue Reef Resort", "hotelName": "Blue Reef Resort: San Diego", "hotelLocation": "San Diego", "hotelRoomType": "standard", "hotelRoomCount": "1", "hotelGuestAdultCount": "1", "hotelGuestChildCount": "0", "hotelNightCount": "1", "hotelRoomPrice": "123.63", "hotelFinalPrice": "123.63"}}}
{"_id": "orderid:490148", "timestamp": "2020-01-18T00:12:24.000Z", "eventType": "transaction", "_adobeamericaspot3": {"CRMID": "crmid:3006007033", "orderDetails": {"orderID": "orderid:490148", "reservationid": "8FJ-BQPR", "orderType": "mobile", "hotelSKU": "prd1148", "hotelCheckInUnix": "1579392744", "hotelCheckOutUnix": "1579565544", "hotelCheckInTS": "2020-01-19T00:12:24+00:00", "hotelCheckOutTS": "2020-01-21T00:12:24+00:00", "hotelChain": "Aspen Heights", "hotelName": "Aspen Heights: Jacksonville", "hotelLocation": "Jacksonville", "hotelRoomType": "standard", "hotelRoomCount": "1", "hotelGuestAdultCount": "1", "hotelGuestChildCount": "0", "hotelNightCount": "2", "hotelRoomPrice": "137.98", "hotelFinalPrice": "275.96"}}}
{"_id": "orderid:558356", "timestamp": "2019-12-17T03:17:22.000Z", "eventType": "transaction", "_adobeamericaspot3": {"CRMID": "crmid:6891834557", "orderDetails": {"orderID": "orderid:558356", "reservationid": "AJA-HMDZ", "orderType": "kiosk", "hotelSKU": "prd1148", "hotelCheckInUnix": "1577848642", "hotelCheckOutUnix": "1579058242", "hotelCheckInTS": "2020-01-01T03:17:22+00:00", "hotelCheckOutTS": "2020-01-15T03:17:22+00:00", "hotelChain": "Aspen Heights", "hotelName": "Aspen Heights: Jacksonville", "hotelLocation": "Jacksonville", "hotelRoomType": "standard", "hotelRoomCount": "1", "hotelGuestAdultCount": "1", "hotelGuestChildCount": "0", "hotelNightCount": "14", "hotelRoomPrice": "94.93", "hotelFinalPrice": "1329.02"}}}
{"_id": "orderid:539739", "timestamp": "2020-01-02T01:36:42.000Z", "eventType": "transaction", "_adobeamericaspot3": {"CRMID": "crmid:3806488153", "orderDetails": {"orderID": "orderid:539739", "reservationid": "7ND-5VAN", "orderType": "kiosk", "hotelSKU": "prd1191", "hotelCheckInUnix": "1580434602", "hotelCheckOutUnix": "1580953002", "hotelCheckInTS": "2020-01-31T01:36:42+00:00", "hotelCheckOutTS": "2020-02-06T01:36:42+00:00", "hotelChain": "Hospitality Inn", "hotelName": "Hospitality Inn: Mumbai", "hotelLocation": "Mumbai", "hotelRoomType": "standard", "hotelRoomCount": "1", "hotelGuestAdultCount": "1", "hotelGuestChildCount": "0", "hotelNightCount": "6", "hotelRoomPrice": "184.8", "hotelFinalPrice": "1108.8"}}}
{"_id": "orderid:876113", "timestamp": "2019-12-21T05:06:27.000Z", "eventType": "transaction", "_adobeamericaspot3": {"CRMID": "crmid:2206002670", "orderDetails": {"orderID": "orderid:876113", "reservationid": "VGK-QITU", "orderType": "kiosk", "hotelSKU": "prd1161", "hotelCheckInUnix": "1578200787", "hotelCheckOutUnix": "1578978387", "hotelCheckInTS": "2020-01-05T05:06:27+00:00", "hotelCheckOutTS": "2020-01-14T05:06:27+00:00", "hotelChain": "Sapphire Suites", "hotelName": "Sapphire Suites: Memphis", "hotelLocation": "Memphis", "hotelRoomType": "standard", "hotelRoomCount": "1", "hotelGuestAdultCount": "1", "hotelGuestChildCount": "0", "hotelNightCount": "9", "hotelRoomPrice": "111.83", "hotelFinalPrice": "1006.47"}}}
{"_id": "orderid:602957", "timestamp": "2020-02-13T21:43:10.000Z", "eventType": "transaction", "_adobeamericaspot3": {"CRMID": "crmid:7873752419", "orderDetails": {"orderID": "orderid:602957", "reservationid": "Y9B-68BG", "orderType": "call center", "hotelSKU": "prd1040", "hotelCheckInUnix": "1583962990", "hotelCheckOutUnix": "1584567790", "hotelCheckInTS": "2020-03-11T21:43:10+00:00", "hotelCheckOutTS": "2020-03-18T21:43:10+00:00", "hotelChain": "Aspen Heights", "hotelName": "Aspen Heights: Atlanta", "hotelLocation": "Atlanta", "hotelRoomType": "standard", "hotelRoomCount": "1", "hotelGuestAdultCount": "1", "hotelGuestChildCount": "4", "hotelNightCount": "7", "hotelRoomPrice": "142.63", "hotelFinalPrice": "998.41"}}}
{"_id": "orderid:946548", "timestamp": "2019-12-21T23:37:23.000Z", "eventType": "transaction", "_adobeamericaspot3": {"CRMID": "crmid:1360558799", "orderDetails": {"orderID": "orderid:946548", "reservationid": "HAH-DXFD", "orderType": "service desk", "hotelSKU": "prd1016", "hotelCheckInUnix": "1578958643", "hotelCheckOutUnix": "1579304243", "hotelCheckInTS": "2020-01-13T23:37:23+00:00", "hotelCheckOutTS": "2020-01-17T23:37:23+00:00", "hotelChain": "Aspen Heights", "hotelName": "Aspen Heights: Columbus", "hotelLocation": "Columbus", "hotelRoomType": "standard", "hotelRoomCount": "1", "hotelGuestAdultCount": "1", "hotelGuestChildCount": "0", "hotelNightCount": "4", "hotelRoomPrice": "143.14", "hotelFinalPrice": "572.56"}}}
{"_id": "orderid:605590", "timestamp": "2020-02-06T09:16:22.000Z", "eventType": "transaction", "_adobeamericaspot3": {"CRMID": "crmid:3275712677", "orderDetails": {"orderID": "orderid:605590", "reservationid": "226-VTFM", "orderType": "kiosk", "hotelSKU": "prd1052", "hotelCheckInUnix": "1581239782", "hotelCheckOutUnix": "1581412582", "hotelCheckInTS": "2020-02-09T09:16:22+00:00", "hotelCheckOutTS": "2020-02-11T09:16:22+00:00", "hotelChain": "Aspen Heights", "hotelName": "Aspen Heights: Wichita", "hotelLocation": "Wichita", "hotelRoomType": "standard", "hotelRoomCount": "1", "hotelGuestAdultCount": "1", "hotelGuestChildCount": "0", "hotelNightCount": "2", "hotelRoomPrice": "110.39", "hotelFinalPrice": "220.78"}}}
{"_id": "orderid:557059", "timestamp": "2019-12-27T06:07:44.000Z", "eventType": "transaction", "_adobeamericaspot3": {"CRMID": "crmid:6522980923", "orderDetails": {"orderID": "orderid:557059", "reservationid": "AUQ-5F9H", "orderType": "service desk", "hotelSKU": "prd1145", "hotelCheckInUnix": "1579500464", "hotelCheckOutUnix": "1580364464", "hotelCheckInTS": "2020-01-20T06:07:44+00:00", "hotelCheckOutTS": "2020-01-30T06:07:44+00:00", "hotelChain": "Grandeur Hotels", "hotelName": "Grandeur Hotels: Dallas", "hotelLocation": "Dallas", "hotelRoomType": "standard", "hotelRoomCount": "1", "hotelGuestAdultCount": "1", "hotelGuestChildCount": "0", "hotelNightCount": "10", "hotelRoomPrice": "165.47", "hotelFinalPrice": "1654.7"}}}
{"_id": "orderid:266079", "timestamp": "2020-02-08T06:47:16.000Z", "eventType": "transaction", "_adobeamericaspot3": {"CRMID": "crmid:9910099395", "orderDetails": {"orderID": "orderid:266079", "reservationid": "D3Y-KAGP", "orderType": "mobile", "hotelSKU": "prd1034", "hotelCheckInUnix": "1581403636", "hotelCheckOutUnix": "1581662836", "hotelCheckInTS": "2020-02-11T06:47:16+00:00", "hotelCheckOutTS": "2020-02-14T06:47:16+00:00", "hotelChain": "Blue Reef Resort", "hotelName": "Blue Reef Resort: Albuquerque", "hotelLocation": "Albuquerque", "hotelRoomType": "standard", "hotelRoomCount": "1", "hotelGuestAdultCount": "1", "hotelGuestChildCount": "0", "hotelNightCount": "3", "hotelRoomPrice": "127.04", "hotelFinalPrice": "381.12"}}}
{"_id": "orderid:527737", "timestamp": "2020-01-24T12:00:04.000Z", "eventType": "transaction", "_adobeamericaspot3": {"CRMID": "crmid:2151945199", "orderDetails": {"orderID": "orderid:527737", "reservationid": "ZKE-OHBV", "orderType": "kiosk", "hotelSKU": "prd1051", "hotelCheckInUnix": "1579953604", "hotelCheckOutUnix": "1580126404", "hotelCheckInTS": "2020-01-25T12:00:04+00:00", "hotelCheckOutTS": "2020-01-27T12:00:04+00:00", "hotelChain": "Family Fun Hotels", "hotelName": "Family Fun Hotels: New Orleans", "hotelLocation": "New Orleans", "hotelRoomType": "standard", "hotelRoomCount": "1", "hotelGuestAdultCount": "1", "hotelGuestChildCount": "0", "hotelNightCount": "2", "hotelRoomPrice": "161.39", "hotelFinalPrice": "322.78"}}}
{"_id": "orderid:262382", "timestamp": "2019-12-13T22:16:58.000Z", "eventType": "transaction", "_adobeamericaspot3": {"CRMID": "crmid:2771405195", "orderDetails": {"orderID": "orderid:262382", "reservationid": "ANT-SZOX", "orderType": "mobile", "hotelSKU": "prd1044", "hotelCheckInUnix": "1576361818", "hotelCheckOutUnix": "1576534618", "hotelCheckInTS": "2019-12-14T22:16:58+00:00", "hotelCheckOutTS": "2019-12-16T22:16:58+00:00", "hotelChain": "Repose Resort", "hotelName": "Repose Resort: Colorado Springs", "hotelLocation": "Colorado Springs", "hotelRoomType": "standard", "hotelRoomCount": "1", "hotelGuestAdultCount": "1", "hotelGuestChildCount": "0", "hotelNightCount": "2", "hotelRoomPrice": "115.77", "hotelFinalPrice": "231.54"}}}
{"_id": "orderid:110983", "timestamp": "2020-01-14T00:51:40.000Z", "eventType": "transaction", "_adobeamericaspot3": {"CRMID": "crmid:4737626530", "orderDetails": {"orderID": "orderid:110983", "reservationid": "Z6U-LOJ9", "orderType": "call center", "hotelSKU": "prd1120", "hotelCheckInUnix": "1579654300", "hotelCheckOutUnix": "1580345500", "hotelCheckInTS": "2020-01-22T00:51:40+00:00", "hotelCheckOutTS": "2020-01-30T00:51:40+00:00", "hotelChain": "Sandhill", "hotelName": "Sandhill: Marseille", "hotelLocation": "Marseille", "hotelRoomType": "premium", "hotelRoomCount": "1", "hotelGuestAdultCount": "1", "hotelGuestChildCount": "1", "hotelNightCount": "8", "hotelRoomPrice": "120.94", "hotelFinalPrice": "967.52"}}}
{"_id": "orderid:278395", "timestamp": "2020-01-31T18:53:40.000Z", "eventType": "transaction", "_adobeamericaspot3": {"CRMID": "crmid:9663356820", "orderDetails": {"orderID": "orderid:278395", "reservationid": "0UJ-QWUK", "orderType": "kiosk", "hotelSKU": "prd1131", "hotelCheckInUnix": "1582311220", "hotelCheckOutUnix": "1583866420", "hotelCheckInTS": "2020-02-21T18:53:40+00:00", "hotelCheckOutTS": "2020-03-10T18:53:40+00:00", "hotelChain": "Hospitality Inn", "hotelName": "Hospitality Inn: Sheffield", "hotelLocation": "Sheffield", "hotelRoomType": "standard", "hotelRoomCount": "1", "hotelGuestAdultCount": "1", "hotelGuestChildCount": "0", "hotelNightCount": "18", "hotelRoomPrice": "138.92", "hotelFinalPrice": "2500.56"}}}
{"_id": "orderid:739120", "timestamp": "2020-01-03T16:27:25.000Z", "eventType": "transaction", "_adobeamericaspot3": {"CRMID": "crmid:6531567281", "orderDetails": {"orderID": "orderid:739120", "reservationid": "7T8-FXCF", "orderType": "call center", "hotelSKU": "prd1118", "hotelCheckInUnix": "1578155245", "hotelCheckOutUnix": "1578328045", "hotelCheckInTS": "2020-01-04T16:27:25+00:00", "hotelCheckOutTS": "2020-01-06T16:27:25+00:00", "hotelChain": "Blue Reef Resort", "hotelName": "Blue Reef Resort: Cologne", "hotelLocation": "Cologne", "hotelRoomType": "standard", "hotelRoomCount": "1", "hotelGuestAdultCount": "1", "hotelGuestChildCount": "0", "hotelNightCount": "2", "hotelRoomPrice": "144.3", "hotelFinalPrice": "288.6"}}}
{"_id": "orderid:861556", "timestamp": "2020-02-14T13:48:36.000Z", "eventType": "transaction", "_adobeamericaspot3": {"CRMID": "crmid:7532697937", "orderDetails": {"orderID": "orderid:861556", "reservationid": "T8D-ANDG", "orderType": "mobile", "hotelSKU": "prd1191", "hotelCheckInUnix": "1583588916", "hotelCheckOutUnix": "1583934516", "hotelCheckInTS": "2020-03-07T13:48:36+00:00", "hotelCheckOutTS": "2020-03-11T13:48:36+00:00", "hotelChain": "Hospitality Inn", "hotelName": "Hospitality Inn: Mumbai", "hotelLocation": "Mumbai", "hotelRoomType": "premium", "hotelRoomCount": "1", "hotelGuestAdultCount": "1", "hotelGuestChildCount": "0", "hotelNightCount": "4", "hotelRoomPrice": "143.93", "hotelFinalPrice": "575.72"}}}
{"_id": "orderid:563658", "timestamp": "2020-01-25T10:08:16.000Z", "eventType": "transaction", "_adobeamericaspot3": {"CRMID": "crmid:5185303635", "orderDetails": {"orderID": "orderid:563658", "reservationid": "FOO-ODSZ", "orderType": "website", "hotelSKU": "prd1009", "hotelCheckInUnix": "1582452496", "hotelCheckOutUnix": "1582625296", "hotelCheckInTS": "2020-02-23T10:08:16+00:00", "hotelCheckOutTS": "2020-02-25T10:08:16+00:00", "hotelChain": "Admiralty Plaza", "hotelName": "Admiralty Plaza: San Antonio", "hotelLocation": "San Antonio", "hotelRoomType": "premium", "hotelRoomCount": "1", "hotelGuestAdultCount": "1", "hotelGuestChildCount": "0", "hotelNightCount": "2", "hotelRoomPrice": "137.45", "hotelFinalPrice": "274.9"}}}
{"_id": "orderid:437273", "timestamp": "2020-02-12T10:38:43.000Z", "eventType": "transaction", "_adobeamericaspot3": {"CRMID": "crmid:8513053681", "orderDetails": {"orderID": "orderid:437273", "reservationid": "Q7H-FHZH", "orderType": "website", "hotelSKU": "prd1001", "hotelCheckInUnix": "1583404723", "hotelCheckOutUnix": "1583923123", "hotelCheckInTS": "2020-03-05T10:38:43+00:00", "hotelCheckOutTS": "2020-03-11T10:38:43+00:00", "hotelChain": "Grandeur Hotels", "hotelName": "Grandeur Hotels: New York", "hotelLocation": "New York", "hotelRoomType": "standard", "hotelRoomCount": "1", "hotelGuestAdultCount": "1", "hotelGuestChildCount": "0", "hotelNightCount": "6", "hotelRoomPrice": "123.06", "hotelFinalPrice": "738.36"}}}
{"_id": "orderid:177429", "timestamp": "2019-12-06T22:59:34.000Z", "eventType": "transaction", "_adobeamericaspot3": {"CRMID": "crmid:3995260122", "orderDetails": {"orderID": "orderid:177429", "reservationid": "JYC-TWUU", "orderType": "call center", "hotelSKU": "prd1131", "hotelCheckInUnix": "1575759574", "hotelCheckOutUnix": "1575932374", "hotelCheckInTS": "2019-12-07T22:59:34+00:00", "hotelCheckOutTS": "2019-12-09T22:59:34+00:00", "hotelChain": "Hospitality Inn", "hotelName": "Hospitality Inn: Sheffield", "hotelLocation": "Sheffield", "hotelRoomType": "standard", "hotelRoomCount": "1", "hotelGuestAdultCount": "1", "hotelGuestChildCount": "0", "hotelNightCount": "2", "hotelRoomPrice": "140.72", "hotelFinalPrice": "281.44"}}}
{"_id": "orderid:211093", "timestamp": "2020-01-28T09:43:20.000Z", "eventType": "transaction", "_adobeamericaspot3": {"CRMID": "crmid:7216458073", "orderDetails": {"orderID": "orderid:211093", "reservationid": "R8X-82V0", "orderType": "call center", "hotelSKU": "prd1167", "hotelCheckInUnix": "1581587000", "hotelCheckOutUnix": "1582537400", "hotelCheckInTS": "2020-02-13T09:43:20+00:00", "hotelCheckOutTS": "2020-02-24T09:43:20+00:00", "hotelChain": "Hospitality Inn", "hotelName": "Hospitality Inn: Milwaukee", "hotelLocation": "Milwaukee", "hotelRoomType": "ultra-luxury", "hotelRoomCount": "1", "hotelGuestAdultCount": "1", "hotelGuestChildCount": "0", "hotelNightCount": "11", "hotelRoomPrice": "347.04", "hotelFinalPrice": "3817.44"}}}
{"_id": "orderid:982606", "timestamp": "2019-12-07T08:19:45.000Z", "eventType": "transaction", "_adobeamericaspot3": {"CRMID": "crmid:4311143367", "orderDetails": {"orderID": "orderid:982606", "reservationid": "BHX-IUFQ", "orderType": "call center", "hotelSKU": "prd1093", "hotelCheckInUnix": "1577780385", "hotelCheckOutUnix": "1578471585", "hotelCheckInTS": "2019-12-31T08:19:45+00:00", "hotelCheckOutTS": "2020-01-08T08:19:45+00:00", "hotelChain": "Admiralty Plaza", "hotelName": "Admiralty Plaza: Yokohama", "hotelLocation": "Yokohama", "hotelRoomType": "premium", "hotelRoomCount": "1", "hotelGuestAdultCount": "1", "hotelGuestChildCount": "0", "hotelNightCount": "8", "hotelRoomPrice": "161.78", "hotelFinalPrice": "1294.24"}}}
{"_id": "orderid:642651", "timestamp": "2020-01-07T16:51:57.000Z", "eventType": "transaction", "_adobeamericaspot3": {"CRMID": "crmid:5701726192", "orderDetails": {"orderID": "orderid:642651", "reservationid": "D39-JZRN", "orderType": "website", "hotelSKU": "prd1113", "hotelCheckInUnix": "1581007917", "hotelCheckOutUnix": "1581785517", "hotelCheckInTS": "2020-02-06T16:51:57+00:00", "hotelCheckOutTS": "2020-02-15T16:51:57+00:00", "hotelChain": "Sapphire Suites", "hotelName": "Sapphire Suites: Kazan", "hotelLocation": "Kazan", "hotelRoomType": "standard", "hotelRoomCount": "1", "hotelGuestAdultCount": "1", "hotelGuestChildCount": "0", "hotelNightCount": "9", "hotelRoomPrice": "148.12", "hotelFinalPrice": "1333.08"}}}
{"_id": "orderid:935099", "timestamp": "2020-01-04T03:46:34.000Z", "eventType": "transaction", "_adobeamericaspot3": {"CRMID": "crmid:9940378853", "orderDetails": {"orderID": "orderid:935099", "reservationid": "42M-4G6V", "orderType": "call center", "hotelSKU": "prd1021", "hotelCheckInUnix": "1580442394", "hotelCheckOutUnix": "1581997594", "hotelCheckInTS": "2020-01-31T03:46:34+00:00", "hotelCheckOutTS": "2020-02-18T03:46:34+00:00", "hotelChain": "Admiralty Plaza", "hotelName": "Admiralty Plaza: Denver", "hotelLocation": "Denver", "hotelRoomType": "standard", "hotelRoomCount": "1", "hotelGuestAdultCount": "1", "hotelGuestChildCount": "1", "hotelNightCount": "18", "hotelRoomPrice": "109.24", "hotelFinalPrice": "1966.32"}}}
{"_id": "orderid:436826", "timestamp": "2020-02-04T13:23:43.000Z", "eventType": "transaction", "_adobeamericaspot3": {"CRMID": "crmid:6854377981", "orderDetails": {"orderID": "orderid:436826", "reservationid": "MAZ-MBHW", "orderType": "kiosk", "hotelSKU": "prd1131", "hotelCheckInUnix": "1583241823", "hotelCheckOutUnix": "1583933023", "hotelCheckInTS": "2020-03-03T13:23:43+00:00", "hotelCheckOutTS": "2020-03-11T13:23:43+00:00", "hotelChain": "Hospitality Inn", "hotelName": "Hospitality Inn: Sheffield", "hotelLocation": "Sheffield", "hotelRoomType": "standard", "hotelRoomCount": "1", "hotelGuestAdultCount": "1", "hotelGuestChildCount": "0", "hotelNightCount": "8", "hotelRoomPrice": "130.08", "hotelFinalPrice": "1040.64"}}}
{"_id": "orderid:949431", "timestamp": "2020-01-16T05:47:02.000Z", "eventType": "transaction", "_adobeamericaspot3": {"CRMID": "crmid:9753944670", "orderDetails": {"orderID": "orderid:949431", "reservationid": "TUB-SBFD", "orderType": "kiosk", "hotelSKU": "prd1137", "hotelCheckInUnix": "1579931222", "hotelCheckOutUnix": "1580449622", "hotelCheckInTS": "2020-01-25T05:47:02+00:00", "hotelCheckOutTS": "2020-01-31T05:47:02+00:00", "hotelChain": "Sapphire Suites", "hotelName": "Sapphire Suites: Manila", "hotelLocation": "Manila", "hotelRoomType": "standard", "hotelRoomCount": "1", "hotelGuestAdultCount": "1", "hotelGuestChildCount": "0", "hotelNightCount": "6", "hotelRoomPrice": "91.52", "hotelFinalPrice": "549.12"}}}
{"_id": "orderid:281852", "timestamp": "2020-01-03T01:09:23.000Z", "eventType": "transaction", "_adobeamericaspot3": {"CRMID": "crmid:7107052290", "orderDetails": {"orderID": "orderid:281852", "reservationid": "UJT-DNAY", "orderType": "website", "hotelSKU": "prd1046", "hotelCheckInUnix": "1578186563", "hotelCheckOutUnix": "1578272963", "hotelCheckInTS": "2020-01-05T01:09:23+00:00", "hotelCheckOutTS": "2020-01-06T01:09:23+00:00", "hotelChain": "Blue Reef Resort", "hotelName": "Blue Reef Resort: Virginia Beach", "hotelLocation": "Virginia Beach", "hotelRoomType": "standard", "hotelRoomCount": "1", "hotelGuestAdultCount": "1", "hotelGuestChildCount": "0", "hotelNightCount": "1", "hotelRoomPrice": "136.96", "hotelFinalPrice": "136.96"}}}
{"_id": "orderid:541528", "timestamp": "2019-12-19T16:09:35.000Z", "eventType": "transaction", "_adobeamericaspot3": {"CRMID": "crmid:6670140720", "orderDetails": {"orderID": "orderid:541528", "reservationid": "DKV-L8IU", "orderType": "kiosk", "hotelSKU": "prd1124", "hotelCheckInUnix": "1578845375", "hotelCheckOutUnix": "1579450175", "hotelCheckInTS": "2020-01-12T16:09:35+00:00", "hotelCheckOutTS": "2020-01-19T16:09:35+00:00", "hotelChain": "Aspen Heights", "hotelName": "Aspen Heights: Leeds", "hotelLocation": "Leeds", "hotelRoomType": "standard", "hotelRoomCount": "1", "hotelGuestAdultCount": "1", "hotelGuestChildCount": "0", "hotelNightCount": "7", "hotelRoomPrice": "142.94", "hotelFinalPrice": "1000.58"}}}
{"_id": "orderid:984484", "timestamp": "2020-02-09T05:40:57.000Z", "eventType": "transaction", "_adobeamericaspot3": {"CRMID": "crmid:3890200351", "orderDetails": {"orderID": "orderid:984484", "reservationid": "J3P-1QAR", "orderType": "call center", "hotelSKU": "prd1058", "hotelCheckInUnix": "1583732457", "hotelCheckOutUnix": "1584942057", "hotelCheckInTS": "2020-03-09T05:40:57+00:00", "hotelCheckOutTS": "2020-03-23T05:40:57+00:00", "hotelChain": "Blue Reef Resort", "hotelName": "Blue Reef Resort: Delhi", "hotelLocation": "Delhi", "hotelRoomType": "standard", "hotelRoomCount": "1", "hotelGuestAdultCount": "1", "hotelGuestChildCount": "0", "hotelNightCount": "14", "hotelRoomPrice": "151.49", "hotelFinalPrice": "2120.86"}}}
{"_id": "orderid:903730", "timestamp": "2020-01-11T19:54:51.000Z", "eventType": "transaction", "_adobeamericaspot3": {"CRMID": "crmid:3667793531", "orderDetails": {"orderID": "orderid:903730", "reservationid": "SVW-COWA", "orderType": "website", "hotelSKU": "prd1004", "hotelCheckInUnix": "1580241291", "hotelCheckOutUnix": "1580759691", "hotelCheckInTS": "2020-01-28T19:54:51+00:00", "hotelCheckOutTS": "2020-02-03T19:54:51+00:00", "hotelChain": "Aspen Heights", "hotelName": "Aspen Heights: Boulder", "hotelLocation": "Boulder", "hotelRoomType": "standard", "hotelRoomCount": "1", "hotelGuestAdultCount": "1", "hotelGuestChildCount": "0", "hotelNightCount": "6", "hotelRoomPrice": "84.36", "hotelFinalPrice": "506.16"}}}
{"_id": "orderid:787595", "timestamp": "2020-02-04T19:38:56.000Z", "eventType": "transaction", "_adobeamericaspot3": {"CRMID": "crmid:8262342148", "orderDetails": {"orderID": "orderid:787595", "reservationid": "KSU-EYT0", "orderType": "call center", "hotelSKU": "prd1143", "hotelCheckInUnix": "1580931536", "hotelCheckOutUnix": "1581017936", "hotelCheckInTS": "2020-02-05T19:38:56+00:00", "hotelCheckOutTS": "2020-02-06T19:38:56+00:00", "hotelChain": "Hospitality Inn", "hotelName": "Hospitality Inn: San Antonio", "hotelLocation": "San Antonio", "hotelRoomType": "standard", "hotelRoomCount": "1", "hotelGuestAdultCount": "1", "hotelGuestChildCount": "0", "hotelNightCount": "1", "hotelRoomPrice": "163.04", "hotelFinalPrice": "163.04"}}}
{"_id": "orderid:374201", "timestamp": "2020-02-07T11:03:47.000Z", "eventType": "transaction", "_adobeamericaspot3": {"CRMID": "crmid:7239802965", "orderDetails": {"orderID": "orderid:374201", "reservationid": "NX4-DE7W", "orderType": "kiosk", "hotelSKU": "prd1173", "hotelCheckInUnix": "1582023827", "hotelCheckOutUnix": "1582369427", "hotelCheckInTS": "2020-02-18T11:03:47+00:00", "hotelCheckOutTS": "2020-02-22T11:03:47+00:00", "hotelChain": "Sapphire Suites", "hotelName": "Sapphire Suites: Kansas City", "hotelLocation": "Kansas City", "hotelRoomType": "standard", "hotelRoomCount": "1", "hotelGuestAdultCount": "1", "hotelGuestChildCount": "0", "hotelNightCount": "4", "hotelRoomPrice": "161.8", "hotelFinalPrice": "647.2"}}}
{"_id": "orderid:404840", "timestamp": "2020-01-28T09:24:13.000Z", "eventType": "transaction", "_adobeamericaspot3": {"CRMID": "crmid:2115082983", "orderDetails": {"orderID": "orderid:404840", "reservationid": "RP7-P4A0", "orderType": "mobile", "hotelSKU": "prd1077", "hotelCheckInUnix": "1580721853", "hotelCheckOutUnix": "1581067453", "hotelCheckInTS": "2020-02-03T09:24:13+00:00", "hotelCheckOutTS": "2020-02-07T09:24:13+00:00", "hotelChain": "Sapphire Suites", "hotelName": "Sapphire Suites: Cairo", "hotelLocation": "Cairo", "hotelRoomType": "standard", "hotelRoomCount": "1", "hotelGuestAdultCount": "1", "hotelGuestChildCount": "0", "hotelNightCount": "4", "hotelRoomPrice": "131.7", "hotelFinalPrice": "526.8"}}}
{"_id": "orderid:396155", "timestamp": "2020-01-10T03:06:32.000Z", "eventType": "transaction", "_adobeamericaspot3": {"CRMID": "crmid:9915963224", "orderDetails": {"orderID": "orderid:396155", "reservationid": "NVC-KSZJ", "orderType": "website", "hotelSKU": "prd1040", "hotelCheckInUnix": "1580699192", "hotelCheckOutUnix": "1581303992", "hotelCheckInTS": "2020-02-03T03:06:32+00:00", "hotelCheckOutTS": "2020-02-10T03:06:32+00:00", "hotelChain": "Aspen Heights", "hotelName": "Aspen Heights: Atlanta", "hotelLocation": "Atlanta", "hotelRoomType": "standard", "hotelRoomCount": "1", "hotelGuestAdultCount": "1", "hotelGuestChildCount": "0", "hotelNightCount": "7", "hotelRoomPrice": "150.54", "hotelFinalPrice": "1053.78"}}}
{"_id": "orderid:589101", "timestamp": "2020-02-03T19:06:20.000Z", "eventType": "transaction", "_adobeamericaspot3": {"CRMID": "crmid:4471252934", "orderDetails": {"orderID": "orderid:589101", "reservationid": "BSN-N4BJ", "orderType": "mobile", "hotelSKU": "prd1004", "hotelCheckInUnix": "1581015980", "hotelCheckOutUnix": "1581361580", "hotelCheckInTS": "2020-02-06T19:06:20+00:00", "hotelCheckOutTS": "2020-02-10T19:06:20+00:00", "hotelChain": "Aspen Heights", "hotelName": "Aspen Heights: Boulder", "hotelLocation": "Boulder", "hotelRoomType": "standard", "hotelRoomCount": "1", "hotelGuestAdultCount": "1", "hotelGuestChildCount": "2", "hotelNightCount": "4", "hotelRoomPrice": "117.49", "hotelFinalPrice": "469.96"}}}
{"_id": "orderid:975225", "timestamp": "2020-02-01T03:11:52.000Z", "eventType": "transaction", "_adobeamericaspot3": {"CRMID": "crmid:5013163457", "orderDetails": {"orderID": "orderid:975225", "reservationid": "WXA-9H1I", "orderType": "website", "hotelSKU": "prd1153", "hotelCheckInUnix": "1581304312", "hotelCheckOutUnix": "1581822712", "hotelCheckInTS": "2020-02-10T03:11:52+00:00", "hotelCheckOutTS": "2020-02-16T03:11:52+00:00", "hotelChain": "Admiralty Plaza", "hotelName": "Admiralty Plaza: Charlotte", "hotelLocation": "Charlotte", "hotelRoomType": "standard", "hotelRoomCount": "1", "hotelGuestAdultCount": "1", "hotelGuestChildCount": "0", "hotelNightCount": "6", "hotelRoomPrice": "140.47", "hotelFinalPrice": "842.82"}}}
{"_id": "orderid:244540", "timestamp": "2019-12-08T23:24:06.000Z", "eventType": "transaction", "_adobeamericaspot3": {"CRMID": "crmid:9446394005", "orderDetails": {"orderID": "orderid:244540", "reservationid": "N0B-I0EG", "orderType": "service desk", "hotelSKU": "prd1160", "hotelCheckInUnix": "1577748246", "hotelCheckOutUnix": "1579217046", "hotelCheckInTS": "2019-12-30T23:24:06+00:00", "hotelCheckOutTS": "2020-01-16T23:24:06+00:00", "hotelChain": "Aspen Heights", "hotelName": "Aspen Heights: Nashville", "hotelLocation": "Nashville", "hotelRoomType": "standard", "hotelRoomCount": "1", "hotelGuestAdultCount": "1", "hotelGuestChildCount": "0", "hotelNightCount": "17", "hotelRoomPrice": "130.71", "hotelFinalPrice": "2222.07"}}}
{"_id": "orderid:117119", "timestamp": "2019-12-08T22:52:53.000Z", "eventType": "transaction", "_adobeamericaspot3": {"CRMID": "crmid:3469670243", "orderDetails": {"orderID": "orderid:117119", "reservationid": "FPQ-QFOE", "orderType": "mobile", "hotelSKU": "prd1089", "hotelCheckInUnix": "1576277573", "hotelCheckOutUnix": "1576968773", "hotelCheckInTS": "2019-12-13T22:52:53+00:00", "hotelCheckOutTS": "2019-12-21T22:52:53+00:00", "hotelChain": "Sapphire Suites", "hotelName": "Sapphire Suites: Rome", "hotelLocation": "Rome", "hotelRoomType": "standard", "hotelRoomCount": "1", "hotelGuestAdultCount": "1", "hotelGuestChildCount": "0", "hotelNightCount": "8", "hotelRoomPrice": "159.38", "hotelFinalPrice": "1275.04"}}}
{"_id": "orderid:397281", "timestamp": "2020-02-03T07:25:45.000Z", "eventType": "transaction", "_adobeamericaspot3": {"CRMID": "crmid:6473300050", "orderDetails": {"orderID": "orderid:397281", "reservationid": "MOO-2YBE", "orderType": "website", "hotelSKU": "prd1035", "hotelCheckInUnix": "1582701945", "hotelCheckOutUnix": "1583393145", "hotelCheckInTS": "2020-02-26T07:25:45+00:00", "hotelCheckOutTS": "2020-03-05T07:25:45+00:00", "hotelChain": "Hospitality Inn", "hotelName": "Hospitality Inn: Tucson", "hotelLocation": "Tucson", "hotelRoomType": "standard", "hotelRoomCount": "1", "hotelGuestAdultCount": "1", "hotelGuestChildCount": "2", "hotelNightCount": "8", "hotelRoomPrice": "184.85", "hotelFinalPrice": "1478.8"}}}
{"_id": "orderid:385255", "timestamp": "2020-01-07T09:30:44.000Z", "eventType": "transaction", "_adobeamericaspot3": {"CRMID": "crmid:6653059700", "orderDetails": {"orderID": "orderid:385255", "reservationid": "PBC-IOKL", "orderType": "kiosk", "hotelSKU": "prd1001", "hotelCheckInUnix": "1579167044", "hotelCheckOutUnix": "1579771844", "hotelCheckInTS": "2020-01-16T09:30:44+00:00", "hotelCheckOutTS": "2020-01-23T09:30:44+00:00", "hotelChain": "Grandeur Hotels", "hotelName": "Grandeur Hotels: New York", "hotelLocation": "New York", "hotelRoomType": "premium", "hotelRoomCount": "1", "hotelGuestAdultCount": "1", "hotelGuestChildCount": "0", "hotelNightCount": "7", "hotelRoomPrice": "157.61", "hotelFinalPrice": "1103.27"}}}
{"_id": "orderid:184907", "timestamp": "2020-01-11T09:49:40.000Z", "eventType": "transaction", "_adobeamericaspot3": {"CRMID": "crmid:4930447397", "orderDetails": {"orderID": "orderid:184907", "reservationid": "MJ8-G9NH", "orderType": "call center", "hotelSKU": "prd1153", "hotelCheckInUnix": "1578822580", "hotelCheckOutUnix": "1578908980", "hotelCheckInTS": "2020-01-12T09:49:40+00:00", "hotelCheckOutTS": "2020-01-13T09:49:40+00:00", "hotelChain": "Admiralty Plaza", "hotelName": "Admiralty Plaza: Charlotte", "hotelLocation": "Charlotte", "hotelRoomType": "luxury", "hotelRoomCount": "1", "hotelGuestAdultCount": "1", "hotelGuestChildCount": "0", "hotelNightCount": "1", "hotelRoomPrice": "325.57", "hotelFinalPrice": "325.57"}}}
{"_id": "orderid:898075", "timestamp": "2020-01-10T11:18:20.000Z", "eventType": "transaction", "_adobeamericaspot3": {"CRMID": "crmid:9261198350", "orderDetails": {"orderID": "orderid:898075", "reservationid": "MKC-PBWK", "orderType": "kiosk", "hotelSKU": "prd1085", "hotelCheckInUnix": "1580642300", "hotelCheckOutUnix": "1580901500", "hotelCheckInTS": "2020-02-02T11:18:20+00:00", "hotelCheckOutTS": "2020-02-05T11:18:20+00:00", "hotelChain": "Grandeur Hotels", "hotelName": "Grandeur Hotels: Saint Petersburg", "hotelLocation": "Saint Petersburg", "hotelRoomType": "standard", "hotelRoomCount": "1", "hotelGuestAdultCount": "1", "hotelGuestChildCount": "0", "hotelNightCount": "3", "hotelRoomPrice": "131.48", "hotelFinalPrice": "394.44"}}}
{"_id": "orderid:645504", "timestamp": "2020-01-17T10:44:15.000Z", "eventType": "transaction", "_adobeamericaspot3": {"CRMID": "crmid:7410657133", "orderDetails": {"orderID": "orderid:645504", "reservationid": "IHQ-V9BZ", "orderType": "mobile", "hotelSKU": "prd1149", "hotelCheckInUnix": "1581417855", "hotelCheckOutUnix": "1581936255", "hotelCheckInTS": "2020-02-11T10:44:15+00:00", "hotelCheckOutTS": "2020-02-17T10:44:15+00:00", "hotelChain": "Sapphire Suites", "hotelName": "Sapphire Suites: San Francisco", "hotelLocation": "San Francisco", "hotelRoomType": "standard", "hotelRoomCount": "1", "hotelGuestAdultCount": "1", "hotelGuestChildCount": "0", "hotelNightCount": "6", "hotelRoomPrice": "152.27", "hotelFinalPrice": "913.62"}}}
{"_id": "orderid:401559", "timestamp": "2019-12-27T09:29:02.000Z", "eventType": "transaction", "_adobeamericaspot3": {"CRMID": "crmid:2936357569", "orderDetails": {"orderID": "orderid:401559", "reservationid": "5ZS-GCP7", "orderType": "call center", "hotelSKU": "prd1094", "hotelCheckInUnix": "1577611742", "hotelCheckOutUnix": "1577698142", "hotelCheckInTS": "2019-12-29T09:29:02+00:00", "hotelCheckOutTS": "2019-12-30T09:29:02+00:00", "hotelChain": "Blue Reef Resort", "hotelName": "Blue Reef Resort: Berlin", "hotelLocation": "Berlin", "hotelRoomType": "ultra-luxury", "hotelRoomCount": "1", "hotelGuestAdultCount": "1", "hotelGuestChildCount": "0", "hotelNightCount": "1", "hotelRoomPrice": "325.75", "hotelFinalPrice": "325.75"}}}
{"_id": "orderid:841491", "timestamp": "2019-12-06T19:18:38.000Z", "eventType": "transaction", "_adobeamericaspot3": {"CRMID": "crmid:3712944168", "orderDetails": {"orderID": "orderid:841491", "reservationid": "T2S-ZXKK", "orderType": "call center", "hotelSKU": "prd1068", "hotelCheckInUnix": "1577301518", "hotelCheckOutUnix": "1577560718", "hotelCheckInTS": "2019-12-25T19:18:38+00:00", "hotelCheckOutTS": "2019-12-28T19:18:38+00:00", "hotelChain": "Repose Resort", "hotelName": "Repose Resort: Dhaka", "hotelLocation": "Dhaka", "hotelRoomType": "standard", "hotelRoomCount": "1", "hotelGuestAdultCount": "1", "hotelGuestChildCount": "0", "hotelNightCount": "3", "hotelRoomPrice": "80.0", "hotelFinalPrice": "240.0"}}}
{"_id": "orderid:658402", "timestamp": "2020-01-04T06:03:56.000Z", "eventType": "transaction", "_adobeamericaspot3": {"CRMID": "crmid:6214087350", "orderDetails": {"orderID": "orderid:658402", "reservationid": "DYP-5CHS", "orderType": "kiosk", "hotelSKU": "prd1011", "hotelCheckInUnix": "1580623436", "hotelCheckOutUnix": "1580969036", "hotelCheckInTS": "2020-02-02T06:03:56+00:00", "hotelCheckOutTS": "2020-02-06T06:03:56+00:00", "hotelChain": "Hospitality Inn", "hotelName": "Hospitality Inn: Dallas", "hotelLocation": "Dallas", "hotelRoomType": "standard", "hotelRoomCount": "1", "hotelGuestAdultCount": "1", "hotelGuestChildCount": "0", "hotelNightCount": "4", "hotelRoomPrice": "115.12", "hotelFinalPrice": "460.48"}}}
{"_id": "orderid:512956", "timestamp": "2020-01-12T04:36:04.000Z", "eventType": "transaction", "_adobeamericaspot3": {"CRMID": "crmid:1124783589", "orderDetails": {"orderID": "orderid:512956", "reservationid": "PM5-ICML", "orderType": "mobile", "hotelSKU": "prd1028", "hotelCheckInUnix": "1580531764", "hotelCheckOutUnix": "1581136564", "hotelCheckInTS": "2020-02-01T04:36:04+00:00", "hotelCheckOutTS": "2020-02-08T04:36:04+00:00", "hotelChain": "Aspen Heights", "hotelName": "Aspen Heights: Portland", "hotelLocation": "Portland", "hotelRoomType": "standard", "hotelRoomCount": "1", "hotelGuestAdultCount": "1", "hotelGuestChildCount": "0", "hotelNightCount": "7", "hotelRoomPrice": "147.13", "hotelFinalPrice": "1029.91"}}}
{"_id": "orderid:747165", "timestamp": "2019-12-31T09:39:30.000Z", "eventType": "transaction", "_adobeamericaspot3": {"CRMID": "crmid:3378367908", "orderDetails": {"orderID": "orderid:747165", "reservationid": "ZER-UVQU", "orderType": "website", "hotelSKU": "prd1095", "hotelCheckInUnix": "1577957970", "hotelCheckOutUnix": "1578130770", "hotelCheckInTS": "2020-01-02T09:39:30+00:00", "hotelCheckOutTS": "2020-01-04T09:39:30+00:00", "hotelChain": "Hospitality Inn", "hotelName": "Hospitality Inn: Casablanca", "hotelLocation": "Casablanca", "hotelRoomType": "standard", "hotelRoomCount": "1", "hotelGuestAdultCount": "1", "hotelGuestChildCount": "0", "hotelNightCount": "2", "hotelRoomPrice": "173.26", "hotelFinalPrice": "346.52"}}}
{"_id": "orderid:210831", "timestamp": "2019-12-02T14:23:03.000Z", "eventType": "transaction", "_adobeamericaspot3": {"CRMID": "crmid:1997164973", "orderDetails": {"orderID": "orderid:210831", "reservationid": "GNF-GCLW", "orderType": "website", "hotelSKU": "prd1071", "hotelCheckInUnix": "1577542983", "hotelCheckOutUnix": "1578061383", "hotelCheckInTS": "2019-12-28T14:23:03+00:00", "hotelCheckOutTS": "2020-01-03T14:23:03+00:00", "hotelChain": "Hospitality Inn", "hotelName": "Hospitality Inn: Seoul", "hotelLocation": "Seoul", "hotelRoomType": "premium", "hotelRoomCount": "1", "hotelGuestAdultCount": "1", "hotelGuestChildCount": "0", "hotelNightCount": "6", "hotelRoomPrice": "154.13", "hotelFinalPrice": "924.78"}}}
{"_id": "orderid:341599", "timestamp": "2019-12-30T00:57:53.000Z", "eventType": "transaction", "_adobeamericaspot3": {"CRMID": "crmid:8395181229", "orderDetails": {"orderID": "orderid:341599", "reservationid": "BCS-ZSS8", "orderType": "website", "hotelSKU": "prd1180", "hotelCheckInUnix": "1577753873", "hotelCheckOutUnix": "1578013073", "hotelCheckInTS": "2019-12-31T00:57:53+00:00", "hotelCheckOutTS": "2020-01-03T00:57:53+00:00", "hotelChain": "Sandhill", "hotelName": "Sandhill: Virginia Beach", "hotelLocation": "Virginia Beach", "hotelRoomType": "standard", "hotelRoomCount": "1", "hotelGuestAdultCount": "1", "hotelGuestChildCount": "0", "hotelNightCount": "3", "hotelRoomPrice": "163.81", "hotelFinalPrice": "491.43"}}}
{"_id": "orderid:847595", "timestamp": "2020-01-30T21:49:11.000Z", "eventType": "transaction", "_adobeamericaspot3": {"CRMID": "crmid:8060452014", "orderDetails": {"orderID": "orderid:847595", "reservationid": "QTQ-1RNL", "orderType": "service desk", "hotelSKU": "prd1185", "hotelCheckInUnix": "1582408151", "hotelCheckOutUnix": "1583876951", "hotelCheckInTS": "2020-02-22T21:49:11+00:00", "hotelCheckOutTS": "2020-03-10T21:49:11+00:00", "hotelChain": "Sapphire Suites", "hotelName": "Sapphire Suites: New Orleans", "hotelLocation": "New Orleans", "hotelRoomType": "standard", "hotelRoomCount": "1", "hotelGuestAdultCount": "1", "hotelGuestChildCount": "0", "hotelNightCount": "17", "hotelRoomPrice": "139.86", "hotelFinalPrice": "2377.62"}}}
{"_id": "orderid:672056", "timestamp": "2019-12-21T12:40:13.000Z", "eventType": "transaction", "_adobeamericaspot3": {"CRMID": "crmid:6992936627", "orderDetails": {"orderID": "orderid:672056", "reservationid": "MPE-NL1R", "orderType": "call center", "hotelSKU": "prd1177", "hotelCheckInUnix": "1577364013", "hotelCheckOutUnix": "1577796013", "hotelCheckInTS": "2019-12-26T12:40:13+00:00", "hotelCheckOutTS": "2019-12-31T12:40:13+00:00", "hotelChain": "Admiralty Plaza", "hotelName": "Admiralty Plaza: Raleigh", "hotelLocation": "Raleigh", "hotelRoomType": "standard", "hotelRoomCount": "1", "hotelGuestAdultCount": "1", "hotelGuestChildCount": "0", "hotelNightCount": "5", "hotelRoomPrice": "158.69", "hotelFinalPrice": "793.45"}}}
{"_id": "orderid:735001", "timestamp": "2019-12-07T20:58:34.000Z", "eventType": "transaction", "_adobeamericaspot3": {"CRMID": "crmid:7818342609", "orderDetails": {"orderID": "orderid:735001", "reservationid": "T8H-FEAR", "orderType": "website", "hotelSKU": "prd1015", "hotelCheckInUnix": "1577653114", "hotelCheckOutUnix": "1578603514", "hotelCheckInTS": "2019-12-29T20:58:34+00:00", "hotelCheckOutTS": "2020-01-09T20:58:34+00:00", "hotelChain": "Family Fun Hotels", "hotelName": "Family Fun Hotels: San Francisco", "hotelLocation": "San Francisco", "hotelRoomType": "standard", "hotelRoomCount": "1", "hotelGuestAdultCount": "1", "hotelGuestChildCount": "0", "hotelNightCount": "11", "hotelRoomPrice": "107.12", "hotelFinalPrice": "1178.32"}}}
{"_id": "orderid:580777", "timestamp": "2019-12-12T10:56:14.000Z", "eventType": "transaction", "_adobeamericaspot3": {"CRMID": "crmid:7197525219", "orderDetails": {"orderID": "orderid:580777", "reservationid": "2BM-FUV5", "orderType": "call center", "hotelSKU": "prd1032", "hotelCheckInUnix": "1577184974", "hotelCheckOutUnix": "1577530574", "hotelCheckInTS": "2019-12-24T10:56:14+00:00", "hotelCheckOutTS": "2019-12-28T10:56:14+00:00", "hotelChain": "Repose Resort", "hotelName": "Repose Resort: Baltimore", "hotelLocation": "Baltimore", "hotelRoomType": "standard", "hotelRoomCount": "1", "hotelGuestAdultCount": "1", "hotelGuestChildCount": "2", "hotelNightCount": "4", "hotelRoomPrice": "185.63", "hotelFinalPrice": "742.52"}}}
{"_id": "orderid:170341", "timestamp": "2020-01-07T20:24:18.000Z", "eventType": "transaction", "_adobeamericaspot3": {"CRMID": "crmid:2604425157", "orderDetails": {"orderID": "orderid:170341", "reservationid": "CBW-FXKU", "orderType": "mobile", "hotelSKU": "prd1035", "hotelCheckInUnix": "1580415858", "hotelCheckOutUnix": "1581711858", "hotelCheckInTS": "2020-01-30T20:24:18+00:00", "hotelCheckOutTS": "2020-02-14T20:24:18+00:00", "hotelChain": "Hospitality Inn", "hotelName": "Hospitality Inn: Tucson", "hotelLocation": "Tucson", "hotelRoomType": "premium", "hotelRoomCount": "1", "hotelGuestAdultCount": "1", "hotelGuestChildCount": "0", "hotelNightCount": "15", "hotelRoomPrice": "176.75", "hotelFinalPrice": "2651.25"}}}
{"_id": "orderid:986945", "timestamp": "2020-01-15T07:32:14.000Z", "eventType": "transaction", "_adobeamericaspot3": {"CRMID": "crmid:5206490158", "orderDetails": {"orderID": "orderid:986945", "reservationid": "4LP-0KSS", "orderType": "kiosk", "hotelSKU": "prd1160", "hotelCheckInUnix": "1580542334", "hotelCheckOutUnix": "1580974334", "hotelCheckInTS": "2020-02-01T07:32:14+00:00", "hotelCheckOutTS": "2020-02-06T07:32:14+00:00", "hotelChain": "Aspen Heights", "hotelName": "Aspen Heights: Nashville", "hotelLocation": "Nashville", "hotelRoomType": "standard", "hotelRoomCount": "1", "hotelGuestAdultCount": "1", "hotelGuestChildCount": "0", "hotelNightCount": "5", "hotelRoomPrice": "182.13", "hotelFinalPrice": "910.65"}}}
{"_id": "orderid:212926", "timestamp": "2020-02-11T09:21:52.000Z", "eventType": "transaction", "_adobeamericaspot3": {"CRMID": "crmid:7437992848", "orderDetails": {"orderID": "orderid:212926", "reservationid": "1O0-3MVT", "orderType": "mobile", "hotelSKU": "prd1101", "hotelCheckInUnix": "1581585712", "hotelCheckOutUnix": "1581931312", "hotelCheckInTS": "2020-02-13T09:21:52+00:00", "hotelCheckOutTS": "2020-02-17T09:21:52+00:00", "hotelChain": "Sapphire Suites", "hotelName": "Sapphire Suites: Vienna", "hotelLocation": "Vienna", "hotelRoomType": "premium", "hotelRoomCount": "1", "hotelGuestAdultCount": "1", "hotelGuestChildCount": "0", "hotelNightCount": "4", "hotelRoomPrice": "136.85", "hotelFinalPrice": "547.4"}}}
{"_id": "orderid:537774", "timestamp": "2020-02-19T00:00:00.000Z", "eventType": "transaction", "_adobeamericaspot3": {"CRMID": "crmid:7437992848", "orderDetails": {"orderID": "orderid:537774", "reservationid": "QJV-ZE7T", "orderType": "kiosk", "hotelSKU": "prd1023", "hotelCheckInUnix": "1582156800", "hotelCheckOutUnix": "1582329600", "hotelCheckInTS": "2020-02-20T00:00:00+00:00", "hotelCheckOutTS": "2020-02-22T00:00:00+00:00", "hotelChain": "Hospitality Inn", "hotelName": "Hospitality Inn: Boston", "hotelLocation": "Boston", "hotelRoomType": "premium", "hotelRoomCount": "1", "hotelGuestAdultCount": "1", "hotelGuestChildCount": "0", "hotelNightCount": "2", "hotelRoomPrice": "117.96", "hotelFinalPrice": "235.92"}}}
{"_id": "orderid:398862", "timestamp": "2020-01-02T15:52:21.000Z", "eventType": "transaction", "_adobeamericaspot3": {"CRMID": "crmid:8053401100", "orderDetails": {"orderID": "orderid:398862", "reservationid": "QTN-WGIM", "orderType": "call center", "hotelSKU": "prd1185", "hotelCheckInUnix": "1578066741", "hotelCheckOutUnix": "1578412341", "hotelCheckInTS": "2020-01-03T15:52:21+00:00", "hotelCheckOutTS": "2020-01-07T15:52:21+00:00", "hotelChain": "Sapphire Suites", "hotelName": "Sapphire Suites: New Orleans", "hotelLocation": "New Orleans", "hotelRoomType": "luxury", "hotelRoomCount": "1", "hotelGuestAdultCount": "1", "hotelGuestChildCount": "0", "hotelNightCount": "4", "hotelRoomPrice": "311.83", "hotelFinalPrice": "1247.32"}}}
{"_id": "orderid:291575", "timestamp": "2019-12-30T00:13:37.000Z", "eventType": "transaction", "_adobeamericaspot3": {"CRMID": "crmid:4641881169", "orderDetails": {"orderID": "orderid:291575", "reservationid": "4ON-LDIY", "orderType": "website", "hotelSKU": "prd1035", "hotelCheckInUnix": "1579997617", "hotelCheckOutUnix": "1580170417", "hotelCheckInTS": "2020-01-26T00:13:37+00:00", "hotelCheckOutTS": "2020-01-28T00:13:37+00:00", "hotelChain": "Hospitality Inn", "hotelName": "Hospitality Inn: Tucson", "hotelLocation": "Tucson", "hotelRoomType": "premium", "hotelRoomCount": "1", "hotelGuestAdultCount": "1", "hotelGuestChildCount": "0", "hotelNightCount": "2", "hotelRoomPrice": "135.28", "hotelFinalPrice": "270.56"}}}
{"_id": "orderid:295947", "timestamp": "2020-01-18T16:53:02.000Z", "eventType": "transaction", "_adobeamericaspot3": {"CRMID": "crmid:1414376493", "orderDetails": {"orderID": "orderid:295947", "reservationid": "B2D-WOJX", "orderType": "website", "hotelSKU": "prd1042", "hotelCheckInUnix": "1580748782", "hotelCheckOutUnix": "1580921582", "hotelCheckInTS": "2020-02-03T16:53:02+00:00", "hotelCheckOutTS": "2020-02-05T16:53:02+00:00", "hotelChain": "Sego Lily Suites", "hotelName": "Sego Lily Suites: Omaha", "hotelLocation": "Omaha", "hotelRoomType": "standard", "hotelRoomCount": "1", "hotelGuestAdultCount": "1", "hotelGuestChildCount": "0", "hotelNightCount": "2", "hotelRoomPrice": "152.19", "hotelFinalPrice": "304.38"}}}
{"_id": "orderid:941991", "timestamp": "2020-01-01T20:06:14.000Z", "eventType": "transaction", "_adobeamericaspot3": {"CRMID": "crmid:8523635894", "orderDetails": {"orderID": "orderid:941991", "reservationid": "LV2-LTUS", "orderType": "kiosk", "hotelSKU": "prd1088", "hotelCheckInUnix": "1580414774", "hotelCheckOutUnix": "1581192374", "hotelCheckInTS": "2020-01-30T20:06:14+00:00", "hotelCheckOutTS": "2020-02-08T20:06:14+00:00", "hotelChain": "Aspen Heights", "hotelName": "Aspen Heights: Ankara", "hotelLocation": "Ankara", "hotelRoomType": "premium", "hotelRoomCount": "1", "hotelGuestAdultCount": "1", "hotelGuestChildCount": "0", "hotelNightCount": "9", "hotelRoomPrice": "145.46", "hotelFinalPrice": "1309.14"}}}
{"_id": "orderid:390570", "timestamp": "2020-01-27T01:03:03.000Z", "eventType": "transaction", "_adobeamericaspot3": {"CRMID": "crmid:5923547480", "orderDetails": {"orderID": "orderid:390570", "reservationid": "EU8-ZU4A", "orderType": "kiosk", "hotelSKU": "prd1093", "hotelCheckInUnix": "1581555783", "hotelCheckOutUnix": "1582851783", "hotelCheckInTS": "2020-02-13T01:03:03+00:00", "hotelCheckOutTS": "2020-02-28T01:03:03+00:00", "hotelChain": "Admiralty Plaza", "hotelName": "Admiralty Plaza: Yokohama", "hotelLocation": "Yokohama", "hotelRoomType": "standard", "hotelRoomCount": "1", "hotelGuestAdultCount": "1", "hotelGuestChildCount": "4", "hotelNightCount": "15", "hotelRoomPrice": "144.82", "hotelFinalPrice": "2172.3"}}}
{"_id": "orderid:382021", "timestamp": "2019-12-02T12:44:48.000Z", "eventType": "transaction", "_adobeamericaspot3": {"CRMID": "crmid:3866615119", "orderDetails": {"orderID": "orderid:382021", "reservationid": "SF5-P2H4", "orderType": "kiosk", "hotelSKU": "prd1159", "hotelCheckInUnix": "1575377088", "hotelCheckOutUnix": "1575549888", "hotelCheckInTS": "2019-12-03T12:44:48+00:00", "hotelCheckOutTS": "2019-12-05T12:44:48+00:00", "hotelChain": "Family Fun Hotels", "hotelName": "Family Fun Hotels: Detroit", "hotelLocation": "Detroit", "hotelRoomType": "standard", "hotelRoomCount": "1", "hotelGuestAdultCount": "1", "hotelGuestChildCount": "0", "hotelNightCount": "2", "hotelRoomPrice": "110.24", "hotelFinalPrice": "220.48"}}}
{"_id": "orderid:209360", "timestamp": "2020-02-09T09:54:49.000Z", "eventType": "transaction", "_adobeamericaspot3": {"CRMID": "crmid:3432650750", "orderDetails": {"orderID": "orderid:209360", "reservationid": "IR6-XH9A", "orderType": "website", "hotelSKU": "prd1021", "hotelCheckInUnix": "1581328489", "hotelCheckOutUnix": "1581501289", "hotelCheckInTS": "2020-02-10T09:54:49+00:00", "hotelCheckOutTS": "2020-02-12T09:54:49+00:00", "hotelChain": "Admiralty Plaza", "hotelName": "Admiralty Plaza: Denver", "hotelLocation": "Denver", "hotelRoomType": "premium", "hotelRoomCount": "1", "hotelGuestAdultCount": "1", "hotelGuestChildCount": "0", "hotelNightCount": "2", "hotelRoomPrice": "154.76", "hotelFinalPrice": "309.52"}}}
{"_id": "orderid:972802", "timestamp": "2020-02-14T00:00:00.000Z", "eventType": "transaction", "_adobeamericaspot3": {"CRMID": "crmid:3432650750", "orderDetails": {"orderID": "orderid:972802", "reservationid": "HXF-VA14", "orderType": "call center", "hotelSKU": "prd1033", "hotelCheckInUnix": "1581811200", "hotelCheckOutUnix": "1582156800", "hotelCheckInTS": "2020-02-16T00:00:00+00:00", "hotelCheckOutTS": "2020-02-20T00:00:00+00:00", "hotelChain": "Admiralty Plaza", "hotelName": "Admiralty Plaza: Milwaukee", "hotelLocation": "Milwaukee", "hotelRoomType": "standard", "hotelRoomCount": "1", "hotelGuestAdultCount": "1", "hotelGuestChildCount": "0", "hotelNightCount": "4", "hotelRoomPrice": "140.32", "hotelFinalPrice": "561.28"}}}
{"_id": "orderid:381651", "timestamp": "2019-12-27T23:42:22.000Z", "eventType": "transaction", "_adobeamericaspot3": {"CRMID": "crmid:2441390356", "orderDetails": {"orderID": "orderid:381651", "reservationid": "SPC-RHPU", "orderType": "mobile", "hotelSKU": "prd1129", "hotelCheckInUnix": "1577662942", "hotelCheckOutUnix": "1577922142", "hotelCheckInTS": "2019-12-29T23:42:22+00:00", "hotelCheckOutTS": "2020-01-01T23:42:22+00:00", "hotelChain": "Admiralty Plaza", "hotelName": "Admiralty Plaza: Helsinki", "hotelLocation": "Helsinki", "hotelRoomType": "premium", "hotelRoomCount": "1", "hotelGuestAdultCount": "1", "hotelGuestChildCount": "0", "hotelNightCount": "3", "hotelRoomPrice": "168.87", "hotelFinalPrice": "506.61"}}}
{"_id": "orderid:453470", "timestamp": "2020-02-02T12:08:58.000Z", "eventType": "transaction", "_adobeamericaspot3": {"CRMID": "crmid:5413056336", "orderDetails": {"orderID": "orderid:453470", "reservationid": "E5Y-HBU3", "orderType": "mobile", "hotelSKU": "prd1013", "hotelCheckInUnix": "1580731738", "hotelCheckOutUnix": "1580818138", "hotelCheckInTS": "2020-02-03T12:08:58+00:00", "hotelCheckOutTS": "2020-02-04T12:08:58+00:00", "hotelChain": "Grandeur Hotels", "hotelName": "Grandeur Hotels: Austin", "hotelLocation": "Austin", "hotelRoomType": "standard", "hotelRoomCount": "1", "hotelGuestAdultCount": "1", "hotelGuestChildCount": "0", "hotelNightCount": "1", "hotelRoomPrice": "76.18", "hotelFinalPrice": "76.18"}}}
{"_id": "orderid:161110", "timestamp": "2020-02-06T00:00:00.000Z", "eventType": "transaction", "_adobeamericaspot3": {"CRMID": "crmid:5413056336", "orderDetails": {"orderID": "orderid:161110", "reservationid": "B94-SELO", "orderType": "website", "hotelSKU": "prd1081", "hotelCheckInUnix": "1581033600", "hotelCheckOutUnix": "1581120000", "hotelCheckInTS": "2020-02-07T00:00:00+00:00", "hotelCheckOutTS": "2020-02-08T00:00:00+00:00", "hotelChain": "Admiralty Plaza", "hotelName": "Admiralty Plaza: Rod de Janeiro", "hotelLocation": "Rod de Janeiro", "hotelRoomType": "premium", "hotelRoomCount": "1", "hotelGuestAdultCount": "1", "hotelGuestChildCount": "0", "hotelNightCount": "1", "hotelRoomPrice": "135.56", "hotelFinalPrice": "135.56"}}}
{"_id": "orderid:273524", "timestamp": "2019-12-28T03:37:39.000Z", "eventType": "transaction", "_adobeamericaspot3": {"CRMID": "crmid:9694116779", "orderDetails": {"orderID": "orderid:273524", "reservationid": "9V3-BLIA", "orderType": "kiosk", "hotelSKU": "prd1113", "hotelCheckInUnix": "1579491459", "hotelCheckOutUnix": "1579923459", "hotelCheckInTS": "2020-01-20T03:37:39+00:00", "hotelCheckOutTS": "2020-01-25T03:37:39+00:00", "hotelChain": "Sapphire Suites", "hotelName": "Sapphire Suites: Kazan", "hotelLocation": "Kazan", "hotelRoomType": "premium", "hotelRoomCount": "1", "hotelGuestAdultCount": "1", "hotelGuestChildCount": "2", "hotelNightCount": "5", "hotelRoomPrice": "110.94", "hotelFinalPrice": "554.7"}}}
{"_id": "orderid:913809", "timestamp": "2019-12-22T14:22:05.000Z", "eventType": "transaction", "_adobeamericaspot3": {"CRMID": "crmid:4429416702", "orderDetails": {"orderID": "orderid:913809", "reservationid": "ZF7-IIXY", "orderType": "call center", "hotelSKU": "prd1016", "hotelCheckInUnix": "1579011725", "hotelCheckOutUnix": "1579789325", "hotelCheckInTS": "2020-01-14T14:22:05+00:00", "hotelCheckOutTS": "2020-01-23T14:22:05+00:00", "hotelChain": "Aspen Heights", "hotelName": "Aspen Heights: Columbus", "hotelLocation": "Columbus", "hotelRoomType": "ultra-luxury", "hotelRoomCount": "1", "hotelGuestAdultCount": "1", "hotelGuestChildCount": "0", "hotelNightCount": "9", "hotelRoomPrice": "253.61", "hotelFinalPrice": "2282.49"}}}
{"_id": "orderid:803500", "timestamp": "2019-12-03T17:57:08.000Z", "eventType": "transaction", "_adobeamericaspot3": {"CRMID": "crmid:4551442588", "orderDetails": {"orderID": "orderid:803500", "reservationid": "SOG-ISUZ", "orderType": "kiosk", "hotelSKU": "prd1040", "hotelCheckInUnix": "1577123828", "hotelCheckOutUnix": "1577728628", "hotelCheckInTS": "2019-12-23T17:57:08+00:00", "hotelCheckOutTS": "2019-12-30T17:57:08+00:00", "hotelChain": "Aspen Heights", "hotelName": "Aspen Heights: Atlanta", "hotelLocation": "Atlanta", "hotelRoomType": "standard", "hotelRoomCount": "1", "hotelGuestAdultCount": "1", "hotelGuestChildCount": "0", "hotelNightCount": "7", "hotelRoomPrice": "111.21", "hotelFinalPrice": "778.47"}}}
{"_id": "orderid:132489", "timestamp": "2019-12-24T12:13:22.000Z", "eventType": "transaction", "_adobeamericaspot3": {"CRMID": "crmid:2535240600", "orderDetails": {"orderID": "orderid:132489", "reservationid": "ULT-SWKC", "orderType": "website", "hotelSKU": "prd1033", "hotelCheckInUnix": "1579263202", "hotelCheckOutUnix": "1580213602", "hotelCheckInTS": "2020-01-17T12:13:22+00:00", "hotelCheckOutTS": "2020-01-28T12:13:22+00:00", "hotelChain": "Admiralty Plaza", "hotelName": "Admiralty Plaza: Milwaukee", "hotelLocation": "Milwaukee", "hotelRoomType": "premium", "hotelRoomCount": "1", "hotelGuestAdultCount": "1", "hotelGuestChildCount": "2", "hotelNightCount": "11", "hotelRoomPrice": "138.01", "hotelFinalPrice": "1518.11"}}}
{"_id": "orderid:189856", "timestamp": "2020-02-08T08:48:40.000Z", "eventType": "transaction", "_adobeamericaspot3": {"CRMID": "crmid:5053615754", "orderDetails": {"orderID": "orderid:189856", "reservationid": "MB9-V2ZT", "orderType": "website", "hotelSKU": "prd1004", "hotelCheckInUnix": "1581929320", "hotelCheckOutUnix": "1583570920", "hotelCheckInTS": "2020-02-17T08:48:40+00:00", "hotelCheckOutTS": "2020-03-07T08:48:40+00:00", "hotelChain": "Aspen Heights", "hotelName": "Aspen Heights: Boulder", "hotelLocation": "Boulder", "hotelRoomType": "standard", "hotelRoomCount": "1", "hotelGuestAdultCount": "1", "hotelGuestChildCount": "1", "hotelNightCount": "19", "hotelRoomPrice": "206.59", "hotelFinalPrice": "3925.21"}}}
{"_id": "orderid:949667", "timestamp": "2019-12-06T18:16:08.000Z", "eventType": "transaction", "_adobeamericaspot3": {"CRMID": "crmid:1277067702", "orderDetails": {"orderID": "orderid:949667", "reservationid": "FNA-QFL7", "orderType": "website", "hotelSKU": "prd1059", "hotelCheckInUnix": "1575915368", "hotelCheckOutUnix": "1576433768", "hotelCheckInTS": "2019-12-09T18:16:08+00:00", "hotelCheckOutTS": "2019-12-15T18:16:08+00:00", "hotelChain": "Hospitality Inn", "hotelName": "Hospitality Inn: Kinshasa", "hotelLocation": "Kinshasa", "hotelRoomType": "standard", "hotelRoomCount": "1", "hotelGuestAdultCount": "1", "hotelGuestChildCount": "2", "hotelNightCount": "6", "hotelRoomPrice": "171.44", "hotelFinalPrice": "1028.64"}}}
{"_id": "orderid:514060", "timestamp": "2020-01-31T17:16:26.000Z", "eventType": "transaction", "_adobeamericaspot3": {"CRMID": "crmid:9738951755", "orderDetails": {"orderID": "orderid:514060", "reservationid": "JVC-P9Q5", "orderType": "mobile", "hotelSKU": "prd1073", "hotelCheckInUnix": "1582737386", "hotelCheckOutUnix": "1583255786", "hotelCheckInTS": "2020-02-26T17:16:26+00:00", "hotelCheckOutTS": "2020-03-03T17:16:26+00:00", "hotelChain": "Grandeur Hotels", "hotelName": "Grandeur Hotels: Lima", "hotelLocation": "Lima", "hotelRoomType": "standard", "hotelRoomCount": "1", "hotelGuestAdultCount": "1", "hotelGuestChildCount": "0", "hotelNightCount": "6", "hotelRoomPrice": "130.85", "hotelFinalPrice": "785.1"}}}
{"_id": "orderid:820667", "timestamp": "2019-12-02T13:26:57.000Z", "eventType": "transaction", "_adobeamericaspot3": {"CRMID": "crmid:8067840797", "orderDetails": {"orderID": "orderid:820667", "reservationid": "SKN-3K1K", "orderType": "call center", "hotelSKU": "prd1028", "hotelCheckInUnix": "1577626017", "hotelCheckOutUnix": "1578230817", "hotelCheckInTS": "2019-12-29T13:26:57+00:00", "hotelCheckOutTS": "2020-01-05T13:26:57+00:00", "hotelChain": "Aspen Heights", "hotelName": "Aspen Heights: Portland", "hotelLocation": "Portland", "hotelRoomType": "premium", "hotelRoomCount": "1", "hotelGuestAdultCount": "1", "hotelGuestChildCount": "0", "hotelNightCount": "7", "hotelRoomPrice": "136.58", "hotelFinalPrice": "956.06"}}}
{"_id": "orderid:698938", "timestamp": "2019-12-30T08:07:02.000Z", "eventType": "transaction", "_adobeamericaspot3": {"CRMID": "crmid:7193800848", "orderDetails": {"orderID": "orderid:698938", "reservationid": "8VG-MIPI", "orderType": "website", "hotelSKU": "prd1059", "hotelCheckInUnix": "1578470822", "hotelCheckOutUnix": "1578989222", "hotelCheckInTS": "2020-01-08T08:07:02+00:00", "hotelCheckOutTS": "2020-01-14T08:07:02+00:00", "hotelChain": "Hospitality Inn", "hotelName": "Hospitality Inn: Kinshasa", "hotelLocation": "Kinshasa", "hotelRoomType": "standard", "hotelRoomCount": "1", "hotelGuestAdultCount": "1", "hotelGuestChildCount": "3", "hotelNightCount": "6", "hotelRoomPrice": "125.94", "hotelFinalPrice": "755.64"}}}
{"_id": "orderid:898528", "timestamp": "2020-02-01T16:32:27.000Z", "eventType": "transaction", "_adobeamericaspot3": {"CRMID": "crmid:4296762896", "orderDetails": {"orderID": "orderid:898528", "reservationid": "OI2-OOWP", "orderType": "kiosk", "hotelSKU": "prd1035", "hotelCheckInUnix": "1582302747", "hotelCheckOutUnix": "1583771547", "hotelCheckInTS": "2020-02-21T16:32:27+00:00", "hotelCheckOutTS": "2020-03-09T16:32:27+00:00", "hotelChain": "Hospitality Inn", "hotelName": "Hospitality Inn: Tucson", "hotelLocation": "Tucson", "hotelRoomType": "standard", "hotelRoomCount": "1", "hotelGuestAdultCount": "1", "hotelGuestChildCount": "3", "hotelNightCount": "17", "hotelRoomPrice": "182.09", "hotelFinalPrice": "3095.53"}}}
{"_id": "orderid:941295", "timestamp": "2020-01-14T05:29:06.000Z", "eventType": "transaction", "_adobeamericaspot3": {"CRMID": "crmid:6881050261", "orderDetails": {"orderID": "orderid:941295", "reservationid": "ILJ-KECH", "orderType": "mobile", "hotelSKU": "prd1041", "hotelCheckInUnix": "1580707746", "hotelCheckOutUnix": "1581312546", "hotelCheckInTS": "2020-02-03T05:29:06+00:00", "hotelCheckOutTS": "2020-02-10T05:29:06+00:00", "hotelChain": "Sapphire Suites", "hotelName": "Sapphire Suites: Long Beach", "hotelLocation": "Long Beach", "hotelRoomType": "luxury", "hotelRoomCount": "1", "hotelGuestAdultCount": "1", "hotelGuestChildCount": "1", "hotelNightCount": "7", "hotelRoomPrice": "326.81", "hotelFinalPrice": "2287.67"}}}
{"_id": "orderid:607833", "timestamp": "2020-02-01T06:57:44.000Z", "eventType": "transaction", "_adobeamericaspot3": {"CRMID": "crmid:8075230785", "orderDetails": {"orderID": "orderid:607833", "reservationid": "E5Y-FHBG", "orderType": "kiosk", "hotelSKU": "prd1145", "hotelCheckInUnix": "1582354664", "hotelCheckOutUnix": "1582700264", "hotelCheckInTS": "2020-02-22T06:57:44+00:00", "hotelCheckOutTS": "2020-02-26T06:57:44+00:00", "hotelChain": "Grandeur Hotels", "hotelName": "Grandeur Hotels: Dallas", "hotelLocation": "Dallas", "hotelRoomType": "standard", "hotelRoomCount": "1", "hotelGuestAdultCount": "1", "hotelGuestChildCount": "0", "hotelNightCount": "4", "hotelRoomPrice": "119.54", "hotelFinalPrice": "478.16"}}}
{"_id": "orderid:119781", "timestamp": "2020-01-26T21:45:14.000Z", "eventType": "transaction", "_adobeamericaspot3": {"CRMID": "crmid:4918334336", "orderDetails": {"orderID": "orderid:119781", "reservationid": "YH4-DWWU", "orderType": "website", "hotelSKU": "prd1142", "hotelCheckInUnix": "1582321514", "hotelCheckOutUnix": "1583790314", "hotelCheckInTS": "2020-02-21T21:45:14+00:00", "hotelCheckOutTS": "2020-03-09T21:45:14+00:00", "hotelChain": "Blue Reef Resort", "hotelName": "Blue Reef Resort: Philadelphia", "hotelLocation": "Philadelphia", "hotelRoomType": "ultra-luxury", "hotelRoomCount": "1", "hotelGuestAdultCount": "1", "hotelGuestChildCount": "0", "hotelNightCount": "17", "hotelRoomPrice": "423.43", "hotelFinalPrice": "7198.31"}}}
{"_id": "orderid:937285", "timestamp": "2019-12-03T10:23:49.000Z", "eventType": "transaction", "_adobeamericaspot3": {"CRMID": "crmid:5270488597", "orderDetails": {"orderID": "orderid:937285", "reservationid": "8DS-YERK", "orderType": "website", "hotelSKU": "prd1125", "hotelCheckInUnix": "1577615029", "hotelCheckOutUnix": "1577960629", "hotelCheckInTS": "2019-12-29T10:23:49+00:00", "hotelCheckOutTS": "2020-01-02T10:23:49+00:00", "hotelChain": "Sapphire Suites", "hotelName": "Sapphire Suites: Palermo", "hotelLocation": "Palermo", "hotelRoomType": "standard", "hotelRoomCount": "1", "hotelGuestAdultCount": "1", "hotelGuestChildCount": "0", "hotelNightCount": "4", "hotelRoomPrice": "200.73", "hotelFinalPrice": "802.92"}}}
{"_id": "orderid:266575", "timestamp": "2020-01-02T01:39:38.000Z", "eventType": "transaction", "_adobeamericaspot3": {"CRMID": "crmid:8717433475", "orderDetails": {"orderID": "orderid:266575", "reservationid": "NY7-ZVOK", "orderType": "kiosk", "hotelSKU": "prd1112", "hotelCheckInUnix": "1578361178", "hotelCheckOutUnix": "1579397978", "hotelCheckInTS": "2020-01-07T01:39:38+00:00", "hotelCheckOutTS": "2020-01-19T01:39:38+00:00", "hotelChain": "Aspen Heights", "hotelName": "Aspen Heights: Birmingham", "hotelLocation": "Birmingham", "hotelRoomType": "standard", "hotelRoomCount": "1", "hotelGuestAdultCount": "1", "hotelGuestChildCount": "0", "hotelNightCount": "12", "hotelRoomPrice": "150.5", "hotelFinalPrice": "1806.0"}}}
{"_id": "orderid:220342", "timestamp": "2019-12-21T18:29:32.000Z", "eventType": "transaction", "_adobeamericaspot3": {"CRMID": "crmid:2210827257", "orderDetails": {"orderID": "orderid:220342", "reservationid": "FFQ-Z1FG", "orderType": "website", "hotelSKU": "prd1194", "hotelCheckInUnix": "1577039372", "hotelCheckOutUnix": "1577471372", "hotelCheckInTS": "2019-12-22T18:29:32+00:00", "hotelCheckOutTS": "2019-12-27T18:29:32+00:00", "hotelChain": "Restful Nights", "hotelName": "Restful Nights: Tianjin", "hotelLocation": "Tianjin", "hotelRoomType": "standard", "hotelRoomCount": "1", "hotelGuestAdultCount": "1", "hotelGuestChildCount": "0", "hotelNightCount": "5", "hotelRoomPrice": "143.87", "hotelFinalPrice": "719.35"}}}
{"_id": "orderid:783243", "timestamp": "2019-12-29T00:00:00.000Z", "eventType": "transaction", "_adobeamericaspot3": {"CRMID": "crmid:2210827257", "orderDetails": {"orderID": "orderid:783243", "reservationid": "J8H-F8SV", "orderType": "website", "hotelSKU": "prd1045", "hotelCheckInUnix": "1577750400", "hotelCheckOutUnix": "1578096000", "hotelCheckInTS": "2019-12-31T00:00:00+00:00", "hotelCheckOutTS": "2020-01-04T00:00:00+00:00", "hotelChain": "Admiralty Plaza", "hotelName": "Admiralty Plaza: Miami", "hotelLocation": "Miami", "hotelRoomType": "standard", "hotelRoomCount": "1", "hotelGuestAdultCount": "1", "hotelGuestChildCount": "0", "hotelNightCount": "4", "hotelRoomPrice": "155.82", "hotelFinalPrice": "623.28"}}}
{"_id": "orderid:841074", "timestamp": "2019-12-28T00:50:09.000Z", "eventType": "transaction", "_adobeamericaspot3": {"CRMID": "crmid:3700087613", "orderDetails": {"orderID": "orderid:841074", "reservationid": "4JW-UTGY", "orderType": "kiosk", "hotelSKU": "prd1129", "hotelCheckInUnix": "1579567809", "hotelCheckOutUnix": "1580259009", "hotelCheckInTS": "2020-01-21T00:50:09+00:00", "hotelCheckOutTS": "2020-01-29T00:50:09+00:00", "hotelChain": "Admiralty Plaza", "hotelName": "Admiralty Plaza: Helsinki", "hotelLocation": "Helsinki", "hotelRoomType": "standard", "hotelRoomCount": "1", "hotelGuestAdultCount": "1", "hotelGuestChildCount": "0", "hotelNightCount": "8", "hotelRoomPrice": "133.57", "hotelFinalPrice": "1068.56"}}}
{"_id": "orderid:146076", "timestamp": "2020-01-18T21:22:28.000Z", "eventType": "transaction", "_adobeamericaspot3": {"CRMID": "crmid:1890453215", "orderDetails": {"orderID": "orderid:146076", "reservationid": "HSH-SGEM", "orderType": "website", "hotelSKU": "prd1107", "hotelCheckInUnix": "1581456148", "hotelCheckOutUnix": "1581888148", "hotelCheckInTS": "2020-02-11T21:22:28+00:00", "hotelCheckOutTS": "2020-02-16T21:22:28+00:00", "hotelChain": "Hospitality Inn", "hotelName": "Hospitality Inn: Kharkiv", "hotelLocation": "Kharkiv", "hotelRoomType": "standard", "hotelRoomCount": "1", "hotelGuestAdultCount": "1", "hotelGuestChildCount": "4", "hotelNightCount": "5", "hotelRoomPrice": "123.15", "hotelFinalPrice": "615.75"}}}
{"_id": "orderid:524982", "timestamp": "2019-12-29T11:42:29.000Z", "eventType": "transaction", "_adobeamericaspot3": {"CRMID": "crmid:5068347680", "orderDetails": {"orderID": "orderid:524982", "reservationid": "8N3-KEKR", "orderType": "website", "hotelSKU": "prd1016", "hotelCheckInUnix": "1579520549", "hotelCheckOutUnix": "1580384549", "hotelCheckInTS": "2020-01-20T11:42:29+00:00", "hotelCheckOutTS": "2020-01-30T11:42:29+00:00", "hotelChain": "Aspen Heights", "hotelName": "Aspen Heights: Columbus", "hotelLocation": "Columbus", "hotelRoomType": "premium", "hotelRoomCount": "1", "hotelGuestAdultCount": "1", "hotelGuestChildCount": "3", "hotelNightCount": "10", "hotelRoomPrice": "161.52", "hotelFinalPrice": "1615.2"}}}
{"_id": "orderid:593795", "timestamp": "2020-01-03T18:42:02.000Z", "eventType": "transaction", "_adobeamericaspot3": {"CRMID": "crmid:4970368879", "orderDetails": {"orderID": "orderid:593795", "reservationid": "6UT-UWON", "orderType": "call center", "hotelSKU": "prd1112", "hotelCheckInUnix": "1579891322", "hotelCheckOutUnix": "1580496122", "hotelCheckInTS": "2020-01-24T18:42:02+00:00", "hotelCheckOutTS": "2020-01-31T18:42:02+00:00", "hotelChain": "Aspen Heights", "hotelName": "Aspen Heights: Birmingham", "hotelLocation": "Birmingham", "hotelRoomType": "standard", "hotelRoomCount": "1", "hotelGuestAdultCount": "1", "hotelGuestChildCount": "0", "hotelNightCount": "7", "hotelRoomPrice": "133.71", "hotelFinalPrice": "935.97"}}}
{"_id": "orderid:577298", "timestamp": "2020-01-09T07:27:49.000Z", "eventType": "transaction", "_adobeamericaspot3": {"CRMID": "crmid:4899948875", "orderDetails": {"orderID": "orderid:577298", "reservationid": "MXA-CKWP", "orderType": "call center", "hotelSKU": "prd1070", "hotelCheckInUnix": "1580974069", "hotelCheckOutUnix": "1581406069", "hotelCheckInTS": "2020-02-06T07:27:49+00:00", "hotelCheckOutTS": "2020-02-11T07:27:49+00:00", "hotelChain": "Blue Reef Resort", "hotelName": "Blue Reef Resort: Jakarta", "hotelLocation": "Jakarta", "hotelRoomType": "standard", "hotelRoomCount": "1", "hotelGuestAdultCount": "1", "hotelGuestChildCount": "3", "hotelNightCount": "5", "hotelRoomPrice": "105.77", "hotelFinalPrice": "528.85"}}}
{"_id": "orderid:289432", "timestamp": "2019-12-28T16:12:41.000Z", "eventType": "transaction", "_adobeamericaspot3": {"CRMID": "crmid:6360537479", "orderDetails": {"orderID": "orderid:289432", "reservationid": "XBE-WCNL", "orderType": "kiosk", "hotelSKU": "prd1040", "hotelCheckInUnix": "1577722361", "hotelCheckOutUnix": "1577895161", "hotelCheckInTS": "2019-12-30T16:12:41+00:00", "hotelCheckOutTS": "2020-01-01T16:12:41+00:00", "hotelChain": "Aspen Heights", "hotelName": "Aspen Heights: Atlanta", "hotelLocation": "Atlanta", "hotelRoomType": "premium", "hotelRoomCount": "1", "hotelGuestAdultCount": "1", "hotelGuestChildCount": "0", "hotelNightCount": "2", "hotelRoomPrice": "154.54", "hotelFinalPrice": "309.08"}}}
