crmid,email,first_name,last_name,gender,mobile telephone,city,country,zip,state,street address,birthday,historicalpoints
crmid:4594250324,hemoglobin1975@yandex.com,Creola,Snow,female,024-921-9070,Diamond Bar,United States,11302,New Mexico,104 Robert Kirk,1955-02-27,1100
crmid:3871560747,bodymaking2058@yandex.com,Linwood,Cohen,male,181-419-0310,Bremerton,United States,31518,Hawaii,420 Robert C Levy,1941-06-06,2646
crmid:2114969305,baghdadi2011@gmail.com,Jackie,Solomon,,870-053-8652,Fitchburg,United States,53783,Maine,152 Bronte,1962-10-06,1392
crmid:9394825445,externity2009@yahoo.com,Perry,Bush,male,501-058-3062,Wilkinsburg,United States,84345,Arkansas,242 Serrano,1938-08-04,2132
crmid:2982390047,interflow1916@yahoo.com,Rickey,Blake,,902-217-3688,Grand Junction,United States,84427,Iowa,75 Fillmore,1967-01-15,714
crmid:2090475762,looseness1971@yandex.com,Theodore,Caldwell,male,482-107-6261,Waukegan,United States,55061,Idaho,1023 May,1998-10-28,1730
crmid:2387588250,maimed1884@yahoo.com,Emerson,Porter,male,451-198-4646,Carrboro,United States,12914,North Carolina,339 Seal Cove,1944-03-23,769
crmid:8744917057,mildish2024@live.com,Orlando,Duke,male,821-377-2529,Bensenville,United States,49476,Oklahoma,367 Glen,1938-07-08,1336
crmid:6945836629,lovebirds1912@yahoo.com,Marquis,Rivas,,427-993-5357,Pleasantville,United States,94413,Massachusetts,450 Homestead,1989-07-07,2879
crmid:2814880208,cardiophrenia1801@yandex.com,Rasheeda,Cameron,female,096-999-8398,Westbrook,United States,11500,Tennessee,1282 Bridgeview,1948-07-05,2462
crmid:5514945843,canossa2004@yandex.com,Amado,Mann,,425-164-4016,Flint,United States,64664,Alaska,496 Waltham,1962-10-30,301
crmid:3278613126,dight1909@outlook.com,Antone,Gray,,798-405-7147,Grandview,United States,58785,Oregon,4 Ellis,1967-09-22,345
crmid:5119981843,aptly1982@live.com,Annamae,Sloan,female,474-500-3270,St. George,United States,28433,Ohio,990 Hancock,1959-01-27,2167
crmid:7427436545,dendral1975@yahoo.com,Wiley,Mercado,male,485-558-6379,Blue Island,United States,53823,Missouri,385 Watchman,1939-10-20,2308
crmid:4507255539,troad1824@yandex.com,Garret,Rojas,,309-611-5255,Rexburg,United States,42229,Arkansas,757 Hoff,1985-05-08,1309
crmid:1725426722,uttermost1839@gmail.com,Billie,Guy,,538-088-6890,Tamarac,United States,36803,Colorado,157 Harding,1980-07-20,1114
crmid:8419493844,evaporative1894@outlook.com,Katelin,Underwood,female,620-477-5583,Cooper City,United States,88416,Kansas,166 Santiago,1950-05-29,1245
crmid:3410137454,achira1913@outlook.com,Annabell,O'connor,female,064-546-8639,DeKalb,United States,60927,Maryland,947 Laskie,1953-10-01,1122
crmid:2263092280,arlin1846@yandex.com,Elidia,Mendez,female,180-813-4225,Conway,United States,12726,Michigan,1377 Abbey,1950-03-20,1295
crmid:3913576030,instructorless2000@gmail.com,Angelyn,Roberson,female,656-942-1003,Pearland,United States,75007,Florida,845 West Pacific,1957-10-21,2304
crmid:2489705869,pooled1813@outlook.com,Colin,Terrell,male,197-929-0789,Brownwood,United States,15901,Alaska,1176 High,1942-02-28,659
crmid:7564720593,cangle1843@yahoo.com,Donte,Knowles,male,779-224-1505,Santa Barbara,United States,50490,Wyoming,671 Delta,1996-11-02,1649
crmid:4960269869,anilidic1995@yandex.com,Noriko,Benton,female,014-420-3041,Farmington Hills,United States,39287,Alaska,695 Aptos,1961-07-03,2341
crmid:8447038588,synascidian1915@gmail.com,Logan,Gibson,female,676-711-7984,Stevens Point,United States,13826,Virginia,1378 Argent,1947-05-11,1606
crmid:6304860925,kerning1924@gmail.com,Adelle,Langley,female,332-975-9395,Radcliff,United States,60062,Michigan,591 Maiden,1946-01-17,1749
crmid:5063662977,unhideable1840@live.com,Brynn,Herman,female,868-532-6707,Elizabeth,United States,04086,Maryland,340 Toll Plaza Tunnel,1958-01-13,2742
crmid:3448283513,verbiages2020@yandex.com,Errol,Mercer,,118-592-9427,Pomona,United States,55558,Rhode Island,1189 Harry,1962-09-05,1255
crmid:9309931621,downless1993@gmail.com,Cecila,Conway,female,179-234-7694,St. Paul,United States,50940,Wisconsin,26 Flounder,1997-03-03,2157
crmid:8433046840,adown1844@live.com,Bruno,Trevino,,555-142-1990,Garfield Heights,United States,80303,Vermont,1185 Carroll,1965-09-03,2443
crmid:5540532209,fairish1955@outlook.com,Jeni,Berger,female,632-579-6061,Eden Prairie,United States,72558,Arkansas,473 Moreland,1957-12-19,1555
crmid:5447995893,sclera2044@yandex.com,Hollis,Gallagher,female,300-326-7195,Rochester Hills,United States,78324,Maryland,60 Dunnes,1946-04-11,1721
crmid:3308475699,craniospinal1919@gmail.com,Dominic,Mcleod,male,976-530-7867,Benbrook,United States,16702,Washington,960 San Jose,1938-03-19,1490
crmid:7594058291,alsaleh1895@live.com,Jerry,Atkins,,164-396-2398,Ozark,United States,49937,New Jersey,360 Fernandez,1982-04-05,624
crmid:7907669480,piscators1815@live.com,Clinton,Kemp,,237-193-2137,Hinesville,United States,92068,New Mexico,64 Robblee,1972-05-27,2681
crmid:5883268000,caterina2046@live.com,Refugio,Porter,male,379-697-3516,Searcy,United States,07443,Oklahoma,1240 Berry Extension,1938-08-23,1477
crmid:7833551745,peafowl1940@outlook.com,Mitchell,Duran,female,846-520-9263,Naugatuck,United States,95882,North Dakota,99 Joy,1995-09-06,2579
crmid:1627937555,acanth1875@yahoo.com,Chu,Chase,female,063-732-6058,Dover,United States,09384,Arkansas,688 Bartol,1955-02-06,1916
crmid:8942629198,cercopithecus2018@outlook.com,Florencio,Douglas,male,363-902-7144,Belvidere,United States,26541,Alabama,336 Munich,1938-04-08,784
crmid:2526989086,breaklist1807@live.com,Earleen,Newman,female,413-435-9992,Cottonwood Heights,United States,18450,Michigan,564 Delancey,1951-03-21,1691
crmid:5772629411,amelina1997@live.com,Broderick,Everett,,976-443-1316,Lynn,United States,16282,Connecticut,1097 Omar,1985-03-31,848
crmid:6449512201,snapberry1989@outlook.com,Sharee,Puckett,female,309-426-8002,West Chicago,United States,27756,Ohio,430 Mount Vernon,1956-08-24,507
crmid:8215220199,decubitus1882@yandex.com,Everette,Cruz,,681-101-5136,Steubenville,United States,49821,Kansas,329 Wallen,1984-09-07,1500
crmid:1811364728,vibrio2023@yahoo.com,Derek,Delgado,,291-285-5272,Pacifica,United States,46452,Oregon,697 Rickard,1985-11-16,1347
crmid:4787258351,alanson1998@yandex.com,Basil,Cervantes,male,090-795-1624,Atlanta,United States,06132,New Mexico,170 Wilson,1934-01-05,1071
crmid:6795993645,bunkoed1914@outlook.com,Merrill,Wynn,,327-621-6994,Hanford,United States,64435,Iowa,772 Long Bridge,1969-10-27,2342
crmid:5863934565,gut1963@yahoo.com,Mathew,Reed,male,311-001-9998,Pittsburgh,United States,07323,Ohio,914 Oak,1936-12-23,2355
crmid:3120407535,seism1938@gmail.com,Wilton,Puckett,male,714-650-8540,Brunswick,United States,50793,Idaho,851 Silver,1942-10-24,341
crmid:4798656632,pseudonym1899@gmail.com,Carlton,Ayers,,048-926-9509,Hopkins,United States,49003,Alaska,946 Barneveld,1973-07-09,1080
crmid:6668640365,pretranscription1880@outlook.com,Andreas,Walton,,637-629-1334,Saco,United States,33791,Florida,674 Rosie Lee,1973-01-13,2553
crmid:7041275516,dower2034@gmail.com,Dallas,Douglas,male,068-152-9908,Ontario,United States,12152,South Dakota,380 Waldo,1945-02-08,329
crmid:4251109015,donica1936@outlook.com,Millard,Mullen,,475-902-3859,Madisonville,United States,22692,Nebraska,1066 Vega,1985-05-08,498
crmid:4317334373,peponidas1915@yahoo.com,Craig,Mills,,537-913-3017,Lakeville,United States,65113,Iowa,1059 Entrada,1980-11-17,811
crmid:3367833357,ontography1962@live.com,Tarra,Merritt,female,951-996-3008,Denver,United States,86439,Oklahoma,298 Lawrence,1954-08-20,2746
crmid:9750639333,libeler1805@yahoo.com,Andy,Hood,,091-332-9379,Los Altos,United States,89304,South Dakota,1392 Melrose,1984-10-11,1819
crmid:4429363513,continuum2006@outlook.com,Enoch,Erickson,,576-293-5274,Forest Park,United States,12725,Montana,1093 Zoe,1962-03-05,2335
crmid:2398316433,psychodispositional1800@yandex.com,Randall,Schroeder,,655-687-8074,New Smyrna Beach,United States,42410,Rhode Island,653 Vicksburg,1997-07-04,1555
crmid:7589774871,puffs1854@outlook.com,Clemente,Hooper,,603-697-7776,Hinsdale,United States,58061,South Carolina,1131 Cleveland,1972-09-06,2533
crmid:2459770000,videotape2060@outlook.com,Abe,Schultz,,864-188-3514,Maplewood,United States,45768,South Carolina,657 Teddy,1986-07-03,1434
crmid:5816478028,abolished1900@yahoo.com,Erin,Brennan,,093-366-9238,Lauderdale Lakes,United States,87161,Maine,452 Fredela,1981-12-14,816
crmid:4758714890,syllogist1978@yandex.com,Kiersten,Jensen,female,963-540-9731,Colonial Heights,United States,28361,Colorado,811 Otter Cove,1949-05-15,2167
crmid:5699899255,fanes1980@yahoo.com,Dante,Douglas,male,569-752-9914,Porterville,United States,98123,Ohio,1292 Lessing,1940-03-08,2284
crmid:2590996789,brann1840@yandex.com,Elisha,Tate,,260-198-6901,Harvey,United States,79818,Connecticut,1003 Camellia,1970-03-30,946
crmid:7045951723,atop2003@yandex.com,Marc,Torres,,802-622-8028,Little Rock,United States,27236,Wyoming,1326 Panama,1983-05-27,2292
crmid:3785549383,trination1861@live.com,Victor,Weaver,,311-769-1644,Key West,United States,41954,Delaware,699 Gaiser,1977-08-13,2179
crmid:9070228142,ebbman1948@gmail.com,Reyes,Merrill,male,843-165-5956,Olympia,United States,65684,Alaska,692 Lakeshore,1940-11-30,2661
crmid:7040815502,pimplinae1893@gmail.com,Louis,Burton,,533-814-3933,Opelousas,United States,84464,Mississippi,5 Cosgrove,1983-09-15,2488
crmid:5791002507,avalanche1861@gmail.com,Michiko,Mays,female,610-836-8103,Dayton,United States,30316,Idaho,124 Felton,1953-06-19,1028
crmid:2111404203,spent2069@outlook.com,Korey,Ratliff,,380-592-5109,Fishers,United States,57889,West Virginia,1080 Nevada,1962-09-28,2957
crmid:2149771221,overstridentness1839@live.com,Refugia,Walters,female,508-676-9717,Ormond Beach,United States,29380,North Carolina,907 Arch,1961-07-30,1969
crmid:8009532518,completers1895@outlook.com,Divina,Moss,female,061-856-5824,East Providence,United States,19562,Massachusetts,207 Imperial,1957-03-21,2028
crmid:6276216926,clarichord1825@yahoo.com,Roger,Christensen,,668-347-5836,Macon,United States,97993,New York,726 Elm,1985-10-30,684
crmid:3869762685,trilled1890@gmail.com,Edwin,Woods,,607-660-7657,Oceanside,United States,23710,Idaho,1395 Progress,1964-07-11,2119
crmid:3774595313,twattles1859@yahoo.com,Ron,Sharpe,male,516-946-6975,Plymouth,United States,78881,North Dakota,390 Sunglow,1932-08-27,1980
crmid:3027598546,hydroxyurea2058@live.com,Williams,Landry,male,677-060-8508,Beaverton,United States,85386,Wisconsin,14 Malden,1937-10-17,2289
crmid:2890988261,deluxe1887@gmail.com,Douglas,Gonzales,,733-935-2432,Winchester,United States,45010,Hawaii,725 Valdez,1990-09-03,1455
crmid:9277107754,heathrman1950@live.com,Val,Meyer,male,851-653-1095,Pomona,United States,06328,North Dakota,353 Albion,1942-09-20,756
crmid:9609846642,angiotomy1972@yahoo.com,Williemae,Holmes,female,806-385-9070,Cortland,United States,85613,Tennessee,813 Ardenwood,1951-09-14,2840
crmid:3923653366,camion1864@gmail.com,Sulema,Morton,female,445-738-2452,Port Hueneme,United States,67656,South Dakota,249 Aerial,1946-11-27,2633
crmid:5435965901,blackest1837@live.com,German,Knox,,777-846-5834,Morgantown,United States,04280,Vermont,1369 Cohen,1993-01-30,1382
crmid:2747666065,nordenfelt1873@yandex.com,Minh,Waller,,963-838-0396,Loves Park,United States,09441,Georgia,968 Eastwood,1984-01-25,2213
crmid:8912995392,abrasax1976@live.com,Bennett,Cobb,male,784-988-6072,Central Falls,United States,04797,Rhode Island,1160 Schofield,1945-01-06,2413
crmid:6135909987,subadars1821@live.com,Asuncion,Schwartz,female,668-066-8389,Crown Point,United States,79840,Vermont,1385 Lowell,1952-12-28,1938
crmid:9445446055,anaesthesis1823@yahoo.com,Vito,Giles,,142-558-3103,Roanoke Rapids,United States,37905,Louisiana,32 Belgrave,1974-04-26,1760
crmid:6724815995,eminence1934@outlook.com,Hobert,Holland,,839-778-7913,Great Falls,United States,34262,Oregon,584 Myrtle,1968-06-07,936
crmid:8392368574,bootlessness2017@yahoo.com,Rebbecca,Pope,female,659-997-7096,Fairfax,United States,47699,Tennessee,193 Johnstone,1961-07-23,2936
crmid:2257927279,anabel2023@yahoo.com,Shad,Briggs,male,380-321-8419,Ansonia,United States,80247,Indiana,365 Burritt,1933-09-04,2840
crmid:8065548918,sarcoplastic1834@yandex.com,Celine,Garcia,female,162-394-7037,Duncan,United States,01684,Ohio,1254 Granville,1956-02-11,534
crmid:7885289777,ditty1837@gmail.com,Lou,Baxter,male,525-113-5776,Asheville,United States,83907,Ohio,526 Transverse,1934-11-12,830
crmid:9810987874,peacock1879@gmail.com,Gaylord,Levy,,941-869-1887,Kissimmee,United States,96780,Iowa,35 Trainor,1978-09-20,382
crmid:5315648239,borated1849@outlook.com,Keneth,Soto,,918-797-5736,Tamarac,United States,97435,Connecticut,54 Cranleigh,1978-05-16,619
crmid:4948948670,blacky1986@gmail.com,Palmer,Mercado,male,870-201-1877,Plano,United States,04038,North Carolina,530 Charter Oak,1934-12-15,443
crmid:9399205698,rat1882@outlook.com,Tommy,Romero,,198-811-4407,Honolulu,United States,89873,Utah,1075 Ware,1973-11-03,923
crmid:5493708119,reelect2005@yahoo.com,Connie,Velez,male,014-023-8867,Andover,United States,71369,Hawaii,665 Catalina,1932-12-24,2850
crmid:4591951869,bloodiest1893@live.com,Matthew,Townsend,,013-331-0614,Streamwood,United States,93561,Montana,50 Ocean Vista,1971-12-20,2147
crmid:6137559804,subclans2059@yahoo.com,Kemberly,Levine,female,931-618-7516,New Bern,United States,15240,Georgia,1245 Brotherhood,1996-03-09,416
crmid:7965958114,doodlebug1858@yahoo.com,Claud,Mcleod,,098-696-3307,Fountain Valley,United States,24021,Alabama,184 Berry Extension,1963-05-27,912
crmid:2219619103,vibrational1810@yahoo.com,Josh,Castillo,male,381-219-7839,New Castle,United States,01893,Vermont,202 Arellano,1996-01-11,1256
crmid:6334077846,abusive2016@gmail.com,Elmo,Beasley,,370-630-8226,Germantown,United States,73192,New Mexico,1250 Otega,1966-12-12,2293
crmid:8184330568,heteroclinous1820@outlook.com,Gregorio,Humphrey,,224-593-0093,Minneapolis,United States,46524,West Virginia,81 Von Schmidt,1991-08-21,2100
crmid:5563971027,goldenest1816@live.com,Pierre,Sparks,,880-703-5946,Kyle,United States,73981,Maryland,119 Hill Point,1978-12-18,2702
crmid:4204315996,cardia2036@gmail.com,Karren,Byrd,female,062-759-3738,Dallas,United States,27751,South Dakota,1337 Inca,1952-05-05,2587
crmid:3815545553,outdodges2063@live.com,Brian,Short,male,412-443-2561,Anchorage,United States,04654,Illinois,834 Kalmanovitz,1932-02-27,381
crmid:4146018948,towers1836@yahoo.com,Hector,Hutchinson,,853-384-4946,Santa Fe,United States,39122,California,369 Dorcas,1970-07-19,2529
crmid:4253715176,blacktongue1922@gmail.com,Gregg,Fisher,,294-730-0083,Greeley,United States,53212,Delaware,800 Hansen,1968-09-07,1106
crmid:9699839155,cormac1927@gmail.com,Lahoma,Howe,female,223-841-2781,Eau Claire,United States,20222,Minnesota,1011 Mangels,1957-05-15,966
crmid:6063826633,sensatory1955@outlook.com,Juan,Schmidt,,564-148-9333,Maywood,United States,02935,Maryland,1211 San Carlos,1988-01-01,2416
crmid:3596500712,solitude1809@yandex.com,Herman,Conway,male,693-230-4001,Carlisle,United States,99196,Georgia,654 Indiana,1944-10-31,2474
crmid:4591894642,mildish1802@outlook.com,Linsey,Stewart,female,738-754-5425,Solon,United States,93758,South Carolina,762 Kelloch,1952-05-28,2684
crmid:5925459540,dassent1851@yandex.com,Ben,Mathis,,045-311-5294,Joplin,United States,37501,Connecticut,123 Broad,1976-07-25,2771
crmid:8277645858,tilak1996@outlook.com,Craig,Williamson,,004-537-7478,Highland Village,United States,03896,Washington,510 Old Chinatown,1971-02-22,1284
crmid:4503228893,protologist1956@live.com,Leonarda,Jacobs,female,331-248-3226,Crest Hill,United States,34636,West Virginia,313 Ozbourn,1951-05-15,498
crmid:1541990955,netchilik1932@outlook.com,Deshawn,Wilcox,,484-974-5700,Newnan,United States,92696,Kentucky,825 Poppy,1997-08-07,539
crmid:2033551968,phrenosinic1967@outlook.com,Barrett,Wilkins,,764-038-2538,Mason,United States,55410,North Dakota,671 Wilde,1987-09-29,2156
crmid:3397941947,extravert1800@outlook.com,Jon,Carey,,313-279-1539,Westerville,United States,52116,Florida,1 Urbano,1998-10-10,2684
crmid:2745990502,eminence1854@gmail.com,Penni,Mcknight,female,745-601-3598,Country Club Hills,United States,66542,Ohio,855 Roosevelt,1951-11-20,2429
crmid:3565209619,administrate1810@yahoo.com,Alejandro,Hayden,,232-072-1199,Hanford,United States,36439,Louisiana,41 Erkson,1969-06-30,624
crmid:3542337059,heartbird1849@outlook.com,Milton,Lott,male,419-707-8146,Bartow,United States,49963,New Mexico,1060 Crestmont,1936-07-17,1665
crmid:2640473395,paradise2052@yandex.com,Lyman,Harding,male,431-877-7924,Bay City,United States,31666,Missouri,580 Elim,1936-06-13,1910
crmid:4654092781,hypotrochanteric2003@live.com,Michael,Drake,,141-859-3556,Haines City,United States,59546,Tennessee,672 Pelton,1969-10-13,2678
crmid:8616968622,neutrologistic2033@yandex.com,Mariano,Lott,,352-772-8949,Jefferson City,United States,85324,Massachusetts,532 Tucker,1975-02-18,903
crmid:7563551723,abilities1860@outlook.com,Xochitl,Parker,female,075-695-2746,Douglas,United States,55152,Illinois,423 Vale,1955-09-22,2346
crmid:5284495096,cramped1891@gmail.com,Emery,Rocha,male,053-591-8655,Berea,United States,67895,North Dakota,552 Carr,1938-11-06,347
crmid:5434621011,tilak1904@gmail.com,Joel,Frost,female,631-205-0036,Weirton,United States,13065,Indiana,650 Stanyan,1953-04-10,888
crmid:4660162529,tovar1816@outlook.com,Corliss,Pitts,female,768-461-5553,Patterson,United States,10670,West Virginia,1319 Carrie,1946-12-04,1115
crmid:5435799603,dislimns2068@yandex.com,Arthur,Mercer,,325-869-8214,Fullerton,United States,18402,North Dakota,747 Seacliff,1964-03-19,400
crmid:1715516033,decrowning2052@live.com,Vincenzo,Franks,male,162-594-8403,West Sacramento,United States,75441,Texas,601 York,1930-10-10,1424
crmid:1419065735,fores2026@gmail.com,Marty,Hendricks,,622-147-2842,Waco,United States,76130,South Dakota,1187 Robert Kirk,1965-11-01,550
crmid:1635406435,suddens2055@yandex.com,Stefan,Gilliam,,486-484-3828,Madera,United States,70852,Virginia,637 Stonecrest,1985-04-01,1652
crmid:8872660513,craniospinal2025@outlook.com,Frances,White,male,929-840-1393,Tracy,United States,95094,Utah,259 Jordan,1997-02-07,1939
crmid:6376611738,unpermeating1941@live.com,Maryrose,Callahan,female,202-081-8461,Rochester,United States,91914,Louisiana,419 Mayfair,1948-10-12,1225
crmid:2492360875,bedtime1920@live.com,Angelo,Rivera,,772-837-7143,Kalispell,United States,92042,West Virginia,688 Helena,1976-05-08,2609
crmid:7399152000,endocyemate2038@yandex.com,Jerry,Weaver,,948-757-4562,Hercules,United States,54381,New Jersey,550 Garnett,1971-10-01,2078
crmid:1404498341,transplantar2005@gmail.com,Mitchell,Walker,,823-918-2120,Victorville,United States,96034,Alabama,1298 Patterson,1968-10-01,2912
crmid:5458485905,chelone2042@yandex.com,Jayson,Waters,,831-253-6984,Waynesboro,United States,26802,Iowa,972 Monterey,1964-08-21,598
crmid:7714907869,euphonism1948@gmail.com,Jacinto,Hopkins,,414-066-3913,Hastings,United States,18740,Maine,915 Sunnyside,1970-03-22,2551
crmid:4212385822,benzein1853@live.com,Dong,Gilbert,female,647-151-6846,Elizabeth,United States,19818,Vermont,122 Selby,1958-03-11,1931
crmid:1590767960,separated1860@live.com,Rudolf,Finley,male,384-638-9633,Camas,United States,78245,Vermont,1352 Selma,1943-12-22,827
crmid:1244090841,bahamian1814@live.com,Wilber,Goodman,male,981-752-9904,Cartersville,United States,95409,Oregon,227 Dawson,1944-10-12,2720
crmid:7333637662,deathy1976@gmail.com,Brett,West,,463-534-8607,Meridian,United States,04007,Hawaii,25 Recycle,1989-02-03,2383
crmid:4983514236,downcome1996@yandex.com,Brett,Solis,,360-958-9377,Oakland Park,United States,96289,Virginia,122 Lessing,1968-10-29,1085
crmid:9373148636,ibis1942@outlook.com,Cherilyn,Talley,female,312-520-0477,Rowlett,United States,88805,Utah,43 Kempton,1959-02-28,2405
crmid:7525560688,anastasia2016@yahoo.com,Yaeko,Norris,female,795-894-2100,Emporia,United States,53479,Oklahoma,714 Duncombe,1959-09-22,1866
crmid:3521396839,uninfluencing1948@yandex.com,Luana,Chase,female,901-412-7695,Union City,United States,11389,Arizona,394 Rhode Island,1950-06-06,598
crmid:3263591662,dribbling1828@yandex.com,Joshua,Pierce,,805-396-5580,Jacksonville,United States,59471,Arkansas,899 Page,1975-09-13,1362
crmid:4396191155,carpetbags1997@yandex.com,Ramiro,Miranda,male,242-960-0480,Thousand Oaks,United States,16983,Iowa,893 Roselyn,1943-08-20,2129
crmid:8675739266,tuner1981@yandex.com,Parker,Blanchard,,864-415-2784,Mason,United States,28017,Tennessee,1056 Moncada,1987-04-01,1661
crmid:4941983090,espriella1860@outlook.com,Rudolf,Shelton,male,371-770-1568,Calabasas,United States,78651,Minnesota,983 Commonwealth,1943-12-16,1798
crmid:9082814822,uprooter1982@outlook.com,Adah,Ellis,female,188-854-5103,West Valley City,United States,69896,Washington,262 Montalvo,1952-01-09,357
crmid:8086649420,isopoda1822@outlook.com,Amira,Stokes,female,850-741-3213,Oswego,United States,80699,Arizona,1193 La Grande,1955-01-28,1558
crmid:1437647781,prowling1857@live.com,Leland,Aguirre,male,596-794-0577,Bonney Lake,United States,34995,Vermont,336 Fair Oaks,1940-06-01,1773
crmid:2897869093,dodo2043@yahoo.com,Kurtis,Ballard,,394-205-3504,West Lafayette,United States,40273,Michigan,91 Serrano,1983-11-01,2930
crmid:1681701758,hamartia1900@live.com,Jae,Stark,,726-243-5702,Hobart,United States,61287,New Hampshire,152 Franklin,1972-10-13,1400
crmid:7772468996,intercoms1941@yahoo.com,Jeromy,Henderson,,540-613-0670,McMinnville,United States,54022,Idaho,1301 Justin,1988-09-29,1170
crmid:6705653277,diploplaculate1813@live.com,Olen,Jones,male,588-893-5924,Bedford,United States,44058,Delaware,760 Dwight,1937-07-16,2516
crmid:6125500358,separated1933@outlook.com,Felix,Compton,male,576-560-8140,Bayonne,United States,25625,Wisconsin,1211 Torney,1936-04-07,1904
crmid:3265318788,latria1827@outlook.com,Jon,Lara,male,874-077-6229,Rocky Mount,United States,51510,Washington,1072 Rotteck,1944-05-17,2060
crmid:9764837417,snake1962@yahoo.com,Berna,Gilbert,female,025-947-3948,Crystal Lake,United States,63330,Louisiana,634 Saul,1952-11-02,482
crmid:1157365473,aloed2059@outlook.com,Alvaro,Olsen,,159-195-8521,San Leandro,United States,59495,South Dakota,1375 Arago,1999-11-25,689
crmid:7261433084,flattop2046@outlook.com,Lyla,Bolton,female,428-307-8019,Tiffin,United States,10774,New Mexico,1073 Hauser,1952-06-03,1951
crmid:7882241841,picoline2060@live.com,Javier,White,,509-463-3577,Santa Fe,United States,80279,South Carolina,1169 Taraval,1970-02-10,1391
crmid:1949004454,alene1999@gmail.com,Tyrell,Stephens,male,099-054-8704,Anchorage,United States,78036,Tennessee,13 Auto,1932-12-18,347
crmid:6167146338,cherokee1834@gmail.com,Clair,Kennedy,,031-228-5221,Palmdale,United States,32701,Rhode Island,749 Bronte,1978-02-08,1114
crmid:9262273406,dropping1938@yandex.com,Eliseo,Rasmussen,male,111-571-6645,Burlington,United States,12775,New Jersey,277 Encanto,1943-03-24,544
crmid:5886149488,birken1816@outlook.com,Bernie,Gilbert,male,421-260-1344,Riverbank,United States,10570,Indiana,477 Edith,1945-01-11,1966
crmid:9151874670,aplysia1892@gmail.com,Lenard,Crawford,,793-079-4049,Fort Lee,United States,47389,Idaho,1274 Kansas,1963-08-09,1474
crmid:9648668398,switchers2051@outlook.com,Morton,Estes,,219-927-3579,Panama City,United States,27858,Mississippi,545 Pollock,1962-11-25,945
crmid:2693928513,goshawk2011@yahoo.com,Ulysses,Small,male,783-305-7034,Bessemer,United States,53918,Minnesota,853 Maryland,1938-09-27,2152
crmid:4191700490,anthelia1816@live.com,Carl,Sharp,male,997-876-6385,Cary,United States,68889,Tennessee,492 Seville,1945-10-03,1820
crmid:4187097911,promisable1874@live.com,Leigh,Mullen,male,165-206-0122,Amsterdam,United States,96889,Georgia,129 Collins,1932-06-21,2682
crmid:8857597038,eulalie2020@yahoo.com,Nakisha,Daugherty,female,700-692-6720,East Ridge,United States,32470,Alabama,1361 Webster,1957-07-07,2043
crmid:7339666715,cobwebs1852@yahoo.com,Tomika,Sims,female,890-431-5870,Durham,United States,52623,Idaho,714 Cherry,1956-09-27,827
crmid:6047665460,schoolyard2066@yandex.com,Luther,Fields,,906-607-7090,Lawndale,United States,63029,North Dakota,199 Overlook,1981-10-24,921
crmid:4864695660,drumlin2003@gmail.com,Maren,Schneider,female,243-812-2911,Reynoldsburg,United States,18037,Kentucky,78 Patterson,1950-06-26,661
crmid:3556966666,exploiters1940@yahoo.com,Van,Holder,,063-530-9789,Woodbury,United States,48140,Louisiana,169 Riley,1985-04-29,870
crmid:4862265590,bauch1998@gmail.com,Jerome,Simpson,,098-090-3784,Paducah,United States,74120,Missouri,89 Lucerne,1983-04-04,331
crmid:5669983892,normality2002@live.com,Wilmer,Mullins,male,090-205-9776,Alhambra,United States,54309,California,521 Lessing,1931-10-21,1456
crmid:1961483145,cudgeled1818@yahoo.com,Julius,Wynn,,214-195-3063,Long Branch,United States,45998,Iowa,966 Georgia,1984-07-05,703
crmid:2254185064,gargantuan1882@yahoo.com,Ching,Hurst,female,658-158-8662,West Hollywood,United States,67489,Mississippi,332 Julia,1957-02-15,1817
crmid:8482799843,ceibo1920@outlook.com,Dean,Reyes,,797-349-7463,Lumberton,United States,18772,Mississippi,966 Clarke,1985-03-11,1222
crmid:5552345138,phlegmier1968@gmail.com,Danial,Christian,male,132-956-6866,Pickerington,United States,01839,Utah,235 Derby,1940-11-04,1102
crmid:4356468847,surcease2031@yahoo.com,Noble,Petersen,male,922-785-2973,Bossier City,United States,42492,Iowa,772 Child,1940-07-23,1740
crmid:5886460675,interzygapophysial1804@outlook.com,Kenny,Taylor,male,720-677-8546,Boca Raton,United States,88986,Louisiana,105 Lincoln,1940-06-28,1688
crmid:2480796260,casco2022@outlook.com,Clarinda,Rutledge,female,254-538-4224,Oswego,United States,27951,Minnesota,888 Southwood,1960-02-26,2516
crmid:5931793965,evacuator1882@yahoo.com,Lino,Fleming,,560-836-3996,Imperial Beach,United States,45926,Texas,1383 Edgardo,1974-08-23,2743
crmid:3295402501,reimpregnating1922@yahoo.com,Dwight,Bridges,,032-592-5526,Madison Heights,United States,09807,Kansas,54 El Plazuela,1985-02-05,1006
crmid:8359753527,bartizan1925@yandex.com,Stewart,Holt,,563-211-4542,Milwaukie,United States,66351,Texas,619 Hillview,1991-11-03,808
crmid:7819641583,cheeking1927@live.com,Pat,Velazquez,male,590-906-3872,Amarillo,United States,43259,Connecticut,198 Bliss,1932-08-29,933
crmid:7954530637,havens2050@live.com,Alvin,Russell,male,003-039-2471,Bartlett,United States,07440,Connecticut,745 Yorba,1936-01-26,1343
crmid:8724752199,siamese2028@live.com,Dusty,Patel,female,805-841-9377,Wake Forest,United States,69699,New Hampshire,870 Bayview Park,1958-03-23,1619
crmid:5772040100,ashleigh1968@outlook.com,Eugene,Key,,710-077-4177,Hialeah Gardens,United States,25848,Wyoming,279 Marion,1971-05-16,642
crmid:9951717088,polyphonist1920@yandex.com,Alethea,Duran,female,889-090-6658,Dunedin,United States,09612,Missouri,123 Parker,1956-01-09,353
crmid:7701645193,bahamian1883@outlook.com,Frankie,Rodgers,,757-071-0680,Macon,United States,23261,Wyoming,1091 Marine,1985-04-13,2190
crmid:1956412356,agosto1912@live.com,Sandy,Giles,male,991-511-0639,Apache Junction,United States,83190,Connecticut,363 Divisadero,1933-09-11,704
crmid:7453430235,furbished1859@live.com,Glenn,Ryan,,239-549-4610,Tyler,United States,67227,Montana,240 Lenox,1973-08-10,1610
crmid:1165126301,regains1822@yahoo.com,Hunter,Todd,,592-985-7718,Fuquay-Varina,United States,07802,Maine,812 Bedford,1964-01-23,2895
crmid:1720566590,rhamnus1815@yahoo.com,Delsie,Pennington,female,438-756-2058,Delaware,United States,12404,Michigan,1178 Thor,1954-02-23,1645
crmid:3379316345,divest2066@outlook.com,Solomon,Pace,,590-010-8602,Rock Island,United States,49055,North Dakota,165 Brant,1990-07-31,1833
crmid:4873656041,boldface1888@yahoo.com,Mitch,Newton,,489-562-3049,Grand Forks,United States,07348,Maryland,354 Cora,1967-01-26,2088
crmid:8390022956,eyelashes1991@yahoo.com,Juan,Morse,,745-357-3295,Grandville,United States,15733,Mississippi,919 Cuba,1967-03-29,2405
crmid:1202421526,tootle1943@yandex.com,Rickie,Brewer,,690-471-5217,Menlo Park,United States,73308,Washington,1124 Keppler,1989-09-13,2648
