id,transactionID,crmid,timestamp,orderType,transactionSKU,transactionName,transactionType,transactionOwnership,transactionAction,transactionMethod,transactionAmount,transactionFlag
77224b50-8012-11ea-b765-b88a60e194fb,transactionid:441303,crmid:5185826115,2020-03-28T16:00:25.000Z,transaction - mobile,prd1040,High Interest Savings,Savings,Personal,credit,broker,2887.07,1
77242000-8012-11ea-bf50-b88a60e194fb,transactionid:316590,crmid:2479294937,2020-03-19T07:53:25.000Z,transaction - mobile,prd1094,Preferred Checking,Checking,Personal,close,ATM,2898.13,1
7725a6a8-8012-11ea-8d35-b88a60e194fb,transactionid:360588,crmid:7263719666,2020-03-27T14:18:42.000Z,transaction - mobile,prd1007,Health Savings,Savings,Personal,credit,call center,3038.57,1
77277a74-8012-11ea-b2ae-b88a60e194fb,transactionid:644204,crmid:1755755225,2020-03-24T09:07:30.000Z,transaction - mobile,prd1141,Premium Checking,Checking,Personal,credit,call center,3129.38,1
7728db0c-8012-11ea-92a8-b88a60e194fb,transactionid:839840,crmid:3198356560,2020-03-24T23:01:24.000Z,transaction - mobile,prd1007,Health Savings,Savings,Personal,credit,call center,2769.75,1
772ad6c8-8012-11ea-8d22-b88a60e194fb,transactionid:249854,crmid:5448036190,2020-03-26T06:41:22.000Z,transaction - mobile,prd1046,Mortgage: VA,Mortgage,Personal,credit,broker,2744.8,1
772c8480-8012-11ea-9c79-b88a60e194fb,transactionid:693511,crmid:1163287852,2020-03-23T07:13:20.000Z,transaction - mobile,prd1198,Critical Illness Insurance,Insurance,Personal,credit,broker,1288.71,1
772e3222-8012-11ea-a4d0-b88a60e194fb,transactionid:924455,crmid:4596326497,2020-03-15T13:18:25.000Z,transaction - mobile,prd1028,CDs: 1 year,Investment,Personal,credit,call center,2593.7,1
772fb7c2-8012-11ea-83c0-b88a60e194fb,transactionid:471990,crmid:7593729394,2020-03-22T11:43:00.000Z,transaction - mobile,prd1068,Mortgage: 7/1 ARM,Mortgage,Personal,credit,ATM,3449.11,1
773166ca-8012-11ea-8dca-b88a60e194fb,transactionid:572088,crmid:3917906055,2020-03-28T21:01:45.000Z,transaction - mobile,prd1140,Travel Card,Credit Card,Personal,credit,call center,504007.5,1
7733140c-8012-11ea-afcc-b88a60e194fb,transactionid:402572,crmid:5790290560,2020-03-31T13:35:17.000Z,transaction - mobile,prd1046,Mortgage: VA,Mortgage,Personal,credit,call center,2930.72,1
773499c0-8012-11ea-8471-b88a60e194fb,transactionid:603568,crmid:6139995002,2020-03-29T14:18:27.000Z,transaction - mobile,prd1196,Dividend Card,Credit Card,Personal,credit,mobile,1930.02,1
77364858-8012-11ea-9ded-b88a60e194fb,transactionid:618006,crmid:3324703845,2020-03-21T18:03:06.000Z,transaction - mobile,prd1194,Preferred Checking,Checking,Personal,credit,mobile,2164.81,1
7737f636-8012-11ea-b498-b88a60e194fb,transactionid:646805,crmid:3781840386,2020-03-17T20:27:35.000Z,transaction - mobile,prd1109,Dividend Card,Credit Card,Personal,credit,branch,2469.34,1
7739a3e6-8012-11ea-b4da-b88a60e194fb,transactionid:778419,crmid:4152996459,2020-03-31T06:36:29.000Z,transaction - mobile,prd1065,High Interest Savings,Savings,Personal,credit,branch,2974.54,1
773b78a8-8012-11ea-a7d4-b88a60e194fb,transactionid:847831,crmid:9123208060,2020-03-30T19:23:07.000Z,transaction - mobile,prd1050,Travel Card,Credit Card,Personal,close,call center,3118.98,1
773d263a-8012-11ea-9503-b88a60e194fb,transactionid:879235,crmid:4832437530,2020-03-18T16:29:32.000Z,transaction - mobile,prd1084,Student Savings,Savings,Personal,credit,mobile,3202.99,1
773eabd2-8012-11ea-a150-b88a60e194fb,transactionid:127629,crmid:5595795525,2020-03-30T15:39:44.000Z,transaction - mobile,prd1035,Pension Account,Retirement,Personal,credit,broker,3233.45,1
77403374-8012-11ea-9a3f-b88a60e194fb,transactionid:548177,crmid:5790269140,2020-03-16T10:29:56.000Z,transaction - mobile,prd1049,Business Brokerage Account,Investment,Business,credit,call center,2922.63,1
7741b986-8012-11ea-9e1f-b88a60e194fb,transactionid:869923,crmid:9510933910,2020-03-17T19:26:36.000Z,transaction - mobile,prd1161,Business Checking,Checking,Business,credit,call center,426735.4,1
7744ee5a-8012-11ea-8308-b88a60e194fb,transactionid:475590,crmid:7440215391,2020-03-20T02:41:05.000Z,transaction - mobile,prd1102,Everyday Savings,Savings,Personal,credit,mobile,3145.86,1
77467410-8012-11ea-ba64-b88a60e194fb,transactionid:116067,crmid:4153910775,2020-03-22T20:54:25.000Z,transaction - mobile,prd1036,Simplicity Card,Credit Card,Personal,credit,mobile,389875.2,1
7747fbba-8012-11ea-bb32-b88a60e194fb,transactionid:346090,crmid:9181941956,2020-03-26T18:37:32.000Z,transaction - mobile,prd1060,Traditional IRA,Retirement,Personal,credit,ATM,2918.83,1
77498146-8012-11ea-b723-b88a60e194fb,transactionid:157860,crmid:6321317425,2020-03-15T08:18:49.000Z,transaction - mobile,prd1180,529 College Savings,College Savings,Personal,credit,mobile,308596.39,1
774b2f48-8012-11ea-bb0c-b88a60e194fb,transactionid:690064,crmid:2465480414,2020-03-15T02:23:43.000Z,transaction - mobile,prd1046,Mortgage: VA,Mortgage,Personal,debt,broker,3577.56,1
774cb58a-8012-11ea-8bfe-b88a60e194fb,transactionid:211692,crmid:4935729130,2020-03-16T08:06:31.000Z,transaction - mobile,prd1157,Brokerage Account,Investment,Personal,credit,branch,388319.76,1
774eb176-8012-11ea-8f00-b88a60e194fb,transactionid:473575,crmid:6101722932,2020-03-27T10:35:34.000Z,transaction - mobile,prd1010,529 College Savings,College Savings,Personal,close,call center,2950.47,1
77506012-8012-11ea-b87f-b88a60e194fb,transactionid:391115,crmid:7199772119,2020-03-30T22:36:58.000Z,transaction - mobile,prd1186,Money Market,Investment,Personal,credit,mobile,3341.76,1
77520d98-8012-11ea-87ab-b88a60e194fb,transactionid:693069,crmid:6629462089,2020-03-28T04:33:35.000Z,transaction - mobile,prd1194,Preferred Checking,Checking,Personal,credit,branch,488694.77,1
7753ba6e-8012-11ea-8169-b88a60e194fb,transactionid:341700,crmid:8242196843,2020-03-20T23:07:45.000Z,transaction - mobile,prd1190,Premium Checking,Checking,Personal,debt,call center,2670.44,1
7755411a-8012-11ea-8526-b88a60e194fb,transactionid:728884,crmid:5549548104,2020-03-18T16:26:54.000Z,transaction - mobile,prd1143,Travel Card,Credit Card,Personal,credit,mobile,1454.89,1
775763e8-8012-11ea-87fa-b88a60e194fb,transactionid:749824,crmid:6212374210,2020-03-26T04:26:30.000Z,transaction - mobile,prd1094,Preferred Checking,Checking,Personal,credit,mobile,2497.74,1
7759fbfa-8012-11ea-ba0f-b88a60e194fb,transactionid:451595,crmid:9447850028,2020-03-27T20:35:03.000Z,transaction - mobile,prd1035,Pension Account,Retirement,Personal,credit,mobile,2329.64,1
775c941e-8012-11ea-9734-b88a60e194fb,transactionid:158078,crmid:7005614463,2020-03-15T15:51:56.000Z,transaction - mobile,prd1091,Critical Illness Insurance,Insurance,Personal,close,mobile,3166.1,1
775eddee-8012-11ea-b3d6-b88a60e194fb,transactionid:749744,crmid:7202883772,2020-03-31T18:44:24.000Z,transaction - mobile,prd1094,Preferred Checking,Checking,Personal,debt,ATM,537251.63,1
77614f06-8012-11ea-815b-b88a60e194fb,transactionid:366186,crmid:2493701212,2020-03-26T20:57:34.000Z,transaction - mobile,prd1175,401k,Retirement,Personal,credit,branch,2303.16,1
7763c134-8012-11ea-8962-b88a60e194fb,transactionid:525886,crmid:7885510824,2020-03-25T15:45:31.000Z,transaction - mobile,prd1007,Health Savings,Savings,Personal,credit,mobile,2196.31,1
7765bcb0-8012-11ea-905f-b88a60e194fb,transactionid:953587,crmid:5597064705,2020-03-25T02:38:18.000Z,transaction - mobile,prd1032,Home Equity Loan,Mortgage,Personal,close,call center,2374.3,1
7767b8a4-8012-11ea-9f9c-b88a60e194fb,transactionid:170462,crmid:2573718380,2020-03-16T11:06:33.000Z,transaction - mobile,prd1102,Everyday Savings,Savings,Personal,debt,call center,2206.58,1
776a0274-8012-11ea-8328-b88a60e194fb,transactionid:721423,crmid:7183324056,2020-03-29T01:27:08.000Z,transaction - mobile,prd1035,Pension Account,Retirement,Personal,credit,ATM,1973.41,1
776c4b94-8012-11ea-8664-b88a60e194fb,transactionid:263174,crmid:1090741980,2020-03-23T10:04:02.000Z,transaction - mobile,prd1105,Homeowner's Insurance,Insurance,Personal,credit,call center,2406.54,1
776e484c-8012-11ea-bab7-b88a60e194fb,transactionid:832982,crmid:5927002241,2020-03-21T06:04:21.000Z,transaction - mobile,prd1075,Student Savings,Savings,Personal,credit,mobile,2930.37,1
77709214-8012-11ea-afb5-b88a60e194fb,transactionid:455577,crmid:5529443785,2020-03-29T14:20:05.000Z,transaction - mobile,prd1188,Business Savings,Savings,Business,credit,mobile,2276.74,1
7772b4ee-8012-11ea-a4cf-b88a60e194fb,transactionid:897717,crmid:9425972361,2020-03-20T13:15:12.000Z,transaction - mobile,prd1144,Home Equity Loan,Mortgage,Personal,credit,mobile,3795.46,1
7774d6e4-8012-11ea-8d9a-b88a60e194fb,transactionid:373154,crmid:6261387469,2020-03-17T19:10:05.000Z,transaction - mobile,prd1146,529 College Savings,College Savings,Personal,credit,call center,2773.12,1
7776d292-8012-11ea-9105-b88a60e194fb,transactionid:684734,crmid:9806408328,2020-03-19T09:07:21.000Z,transaction - mobile,prd1137,Business Checking,Checking,Business,credit,call center,435608.96,1
777a2e02-8012-11ea-9a82-b88a60e194fb,transactionid:140082,crmid:4955596022,2020-03-30T12:41:12.000Z,transaction - mobile,prd1188,Business Savings,Savings,Business,debt,mobile,3299.29,1
777d89e8-8012-11ea-9a33-b88a60e194fb,transactionid:146817,crmid:9933574101,2020-03-31T09:46:02.000Z,transaction - mobile,prd1101,Mortgage: 5/1 ARM,Mortgage,Personal,credit,mobile,1791.93,1
777fd38c-8012-11ea-b61b-b88a60e194fb,transactionid:218777,crmid:5255599293,2020-03-19T10:49:26.000Z,transaction - mobile,prd1141,Premium Checking,Checking,Personal,debt,mobile,2234.64,1
7781a992-8012-11ea-a22c-b88a60e194fb,transactionid:549586,crmid:1148398495,2020-03-23T20:54:40.000Z,transaction - mobile,prd1152,Health Savings,Savings,Personal,credit,call center,2875.94,1
7783a52e-8012-11ea-b190-b88a60e194fb,transactionid:485114,crmid:5212562983,2020-03-17T19:12:58.000Z,transaction - mobile,prd1052,Preferred Checking,Checking,Personal,credit,call center,3477.58,1
7785c7c0-8012-11ea-b27c-b88a60e194fb,transactionid:122689,crmid:7919683713,2020-03-29T13:52:00.000Z,transaction - mobile,prd1167,Roth IRA,Retirement,Personal,credit,call center,3631.3,1
77879c6e-8012-11ea-b36a-b88a60e194fb,transactionid:787248,crmid:8296193708,2020-03-29T23:27:43.000Z,transaction - mobile,prd1066,Homeowner's Insurance,Insurance,Personal,credit,call center,2273.68,1
7789be5e-8012-11ea-85d7-b88a60e194fb,transactionid:419835,crmid:1303329771,2020-03-18T11:32:37.000Z,transaction - mobile,prd1016,Homeowner's Insurance,Insurance,Personal,close,mobile,3324.05,1
778c092e-8012-11ea-a319-b88a60e194fb,transactionid:195153,crmid:5401418740,2020-03-28T23:44:18.000Z,transaction - mobile,prd1191,Merchant Services Account,Merchant Services,Business,credit,ATM,3818.49,1
778e0408-8012-11ea-947c-b88a60e194fb,transactionid:890434,crmid:6875575493,2020-03-25T22:50:01.000Z,transaction - mobile,prd1041,Mortgage: 7/1 ARM,Mortgage,Personal,debt,call center,3009.27,1
779027fe-8012-11ea-8cbf-b88a60e194fb,transactionid:729746,crmid:9205940202,2020-03-24T10:32:39.000Z,transaction - mobile,prd1107,Auto Insurance,Insurance,Personal,debt,call center,4337.71,1
779249c0-8012-11ea-af74-b88a60e194fb,transactionid:153126,crmid:8717415383,2020-03-17T01:10:36.000Z,transaction - mobile,prd1083,Pension Account,Retirement,Personal,credit,ATM,2797.24,1
77946eba-8012-11ea-b370-b88a60e194fb,transactionid:812453,crmid:5547956000,2020-03-29T17:59:12.000Z,transaction - mobile,prd1120,Mortgage: 10/1 ARM,Mortgage,Personal,credit,ATM,4494.48,1
77966882-8012-11ea-8aa9-b88a60e194fb,transactionid:568046,crmid:8737656530,2020-03-17T14:27:55.000Z,transaction - mobile,prd1139,Employee Stock Purchase Plans,Investment,Personal,credit,broker,2749.35,1
77988b68-8012-11ea-896e-b88a60e194fb,transactionid:866344,crmid:8419576480,2020-03-28T17:16:08.000Z,transaction - mobile,prd1016,Homeowner's Insurance,Insurance,Personal,credit,mobile,2739.09,1
779a887a-8012-11ea-aa0e-b88a60e194fb,transactionid:643433,crmid:4076848123,2020-03-16T23:10:26.000Z,transaction - mobile,prd1043,Business Savings,Savings,Business,credit,mobile,3972.08,1
779cab10-8012-11ea-bffc-b88a60e194fb,transactionid:322621,crmid:1096403763,2020-03-29T19:58:43.000Z,transaction - mobile,prd1009,Everyday Checking,Checking,Personal,credit,ATM,353988.94,1
779ecdee-8012-11ea-96a5-b88a60e194fb,transactionid:492340,crmid:8450183645,2020-03-16T19:22:11.000Z,transaction - mobile,prd1074,Premium Checking,Checking,Personal,credit,mobile,3049.33,1
77a07bb6-8012-11ea-b418-b88a60e194fb,transactionid:306725,crmid:1210615984,2020-03-25T14:29:02.000Z,transaction - mobile,prd1104,Health Savings,Savings,Personal,close,mobile,1168.3,1
77a2779c-8012-11ea-907c-b88a60e194fb,transactionid:408702,crmid:9567946991,2020-03-31T23:25:06.000Z,transaction - mobile,prd1074,Premium Checking,Checking,Personal,credit,call center,2703.84,1
77a4723e-8012-11ea-bb79-b88a60e194fb,transactionid:940798,crmid:7378656565,2020-03-23T23:50:39.000Z,transaction - mobile,prd1010,529 College Savings,College Savings,Personal,debt,broker,2366.44,1
77a66e00-8012-11ea-904d-b88a60e194fb,transactionid:400811,crmid:4845588776,2020-03-20T18:05:03.000Z,transaction - mobile,prd1190,Premium Checking,Checking,Personal,credit,mobile,2536.85,1
77a92e1c-8012-11ea-95eb-b88a60e194fb,transactionid:753587,crmid:2832608863,2020-03-21T08:15:37.000Z,transaction - mobile,prd1057,Student Card,Credit Card,Personal,credit,call center,3815.19,1
77ab2a80-8012-11ea-a6dd-b88a60e194fb,transactionid:542153,crmid:4064985166,2020-03-15T05:01:33.000Z,transaction - mobile,prd1137,Business Checking,Checking,Business,credit,broker,2498.22,1
77acfefa-8012-11ea-82d7-b88a60e194fb,transactionid:433188,crmid:2551014807,2020-03-19T20:43:37.000Z,transaction - mobile,prd1030,401k,Retirement,Personal,credit,call center,1725.97,1
77af6ecc-8012-11ea-a720-b88a60e194fb,transactionid:457961,crmid:8192745729,2020-03-29T21:46:12.000Z,transaction - mobile,prd1096,Renter's Insurance,Insurance,Personal,close,mobile,3383.88,1
77b19182-8012-11ea-a61c-b88a60e194fb,transactionid:264019,crmid:2483898410,2020-03-29T19:33:52.000Z,transaction - mobile,prd1081,Simplicity Card,Credit Card,Personal,credit,call center,2751.06,1
77b38e5a-8012-11ea-92f1-b88a60e194fb,transactionid:219377,crmid:3331974674,2020-03-30T21:22:52.000Z,transaction - mobile,prd1076,Student Savings,Savings,Personal,credit,call center,421923.01,1
77b62562-8012-11ea-b066-b88a60e194fb,transactionid:254955,crmid:2914752144,2020-03-28T16:41:30.000Z,transaction - mobile,prd1183,Fixed Deposit,Investment,Personal,credit,ATM,2557.64,1
77b87050-8012-11ea-9595-b88a60e194fb,transactionid:526130,crmid:6409161883,2020-03-19T13:47:19.000Z,transaction - mobile,prd1181,Mortgage: 5/1 ARM,Mortgage,Personal,credit,mobile,354508.55,1
77ba9334-8012-11ea-9d3b-b88a60e194fb,transactionid:650257,crmid:5377676980,2020-03-22T13:33:31.000Z,transaction - mobile,prd1141,Premium Checking,Checking,Personal,credit,call center,2334.38,1
77bd7874-8012-11ea-96fe-b88a60e194fb,transactionid:676338,crmid:1698564314,2020-03-23T06:02:42.000Z,transaction - mobile,prd1004,Business Card,Credit Card,Business,credit,call center,2103.05,1
77c085d0-8012-11ea-af1d-b88a60e194fb,transactionid:970637,crmid:5908855626,2020-03-19T21:17:31.000Z,transaction - mobile,prd1023,Health Savings,Savings,Personal,credit,mobile,2878.34,1
77c2cfb4-8012-11ea-9fdd-b88a60e194fb,transactionid:665979,crmid:7724262125,2020-03-22T02:33:13.000Z,transaction - mobile,prd1063,High Interest Savings,Savings,Personal,credit,branch,288280.01,1
77c4f25c-8012-11ea-a667-b88a60e194fb,transactionid:590610,crmid:1489797398,2020-03-26T00:37:04.000Z,transaction - mobile,prd1067,Everyday Checking,Checking,Personal,credit,call center,2159.09,1
77c76386-8012-11ea-8922-b88a60e194fb,transactionid:510397,crmid:8969464493,2020-03-17T12:34:59.000Z,transaction - mobile,prd1175,401k,Retirement,Personal,credit,ATM,1962.33,1
77c9ad4a-8012-11ea-a8c7-b88a60e194fb,transactionid:410598,crmid:1972501189,2020-03-19T23:54:45.000Z,transaction - mobile,prd1070,High Interest Savings,Savings,Personal,close,mobile,1740.77,1
77cba90a-8012-11ea-87f1-b88a60e194fb,transactionid:642840,crmid:6233145366,2020-03-23T09:41:00.000Z,transaction - mobile,prd1061,Mortgage: 5/1 ARM,Mortgage,Personal,close,ATM,4536.29,1
77cdf306-8012-11ea-aca1-b88a60e194fb,transactionid:514451,crmid:3880797904,2020-03-22T20:14:41.000Z,transaction - mobile,prd1093,Money Market Savings,Savings,Personal,close,mobile,1563.11,1
77d015da-8012-11ea-b38e-b88a60e194fb,transactionid:964052,crmid:5135890368,2020-03-27T13:24:16.000Z,transaction - mobile,prd1032,Home Equity Loan,Mortgage,Personal,credit,mobile,1479.08,1
77d25fd4-8012-11ea-9b08-b88a60e194fb,transactionid:509234,crmid:4447355910,2020-03-15T07:03:29.000Z,transaction - mobile,prd1158,Preferred Checking,Checking,Personal,credit,mobile,3470.13,1
77d482d8-8012-11ea-9c02-b88a60e194fb,transactionid:658619,crmid:9200223659,2020-03-16T22:20:30.000Z,transaction - mobile,prd1175,401k,Retirement,Personal,credit,mobile,3244.45,1
77d6f5c6-8012-11ea-953f-b88a60e194fb,transactionid:617610,crmid:4725469322,2020-03-25T03:44:42.000Z,transaction - mobile,prd1163,Rewards Savings,Savings,Personal,credit,call center,1601.21,1
77d9b37e-8012-11ea-a371-b88a60e194fb,transactionid:559998,crmid:1512212148,2020-03-28T16:45:37.000Z,transaction - mobile,prd1099,High Interest Savings,Savings,Personal,credit,branch,3165.06,1
77dc4ade-8012-11ea-ac4f-b88a60e194fb,transactionid:349123,crmid:6873251699,2020-03-24T16:06:21.000Z,transaction - mobile,prd1170,Mortgage Insurance,Insurance,Personal,credit,call center,1789.53,1
77de94be-8012-11ea-8bd9-b88a60e194fb,transactionid:119626,crmid:2017316101,2020-03-16T02:30:45.000Z,transaction - mobile,prd1128,High Interest Savings,Savings,Personal,credit,mobile,2717.85,1
77e0b7b8-8012-11ea-8759-b88a60e194fb,transactionid:163821,crmid:7262272833,2020-03-18T19:19:15.000Z,transaction - mobile,prd1041,Mortgage: 7/1 ARM,Mortgage,Personal,credit,mobile,2980.29,1
77e2b38c-8012-11ea-b05b-b88a60e194fb,transactionid:629634,crmid:1757684377,2020-03-30T01:19:20.000Z,transaction - mobile,prd1192,Money Market Savings,Savings,Personal,debt,broker,389266.11,1
77e4fd78-8012-11ea-b896-b88a60e194fb,transactionid:367707,crmid:7016644337,2020-03-18T09:15:30.000Z,transaction - mobile,prd1167,Roth IRA,Retirement,Personal,credit,mobile,3682.0,1
77e74758-8012-11ea-abc0-b88a60e194fb,transactionid:179724,crmid:2163541187,2020-03-26T22:25:34.000Z,transaction - mobile,prd1081,Simplicity Card,Credit Card,Personal,credit,mobile,4404.15,1
77e96b8c-8012-11ea-baad-b88a60e194fb,transactionid:692531,crmid:6121512884,2020-03-17T19:18:50.000Z,transaction - mobile,prd1013,Mortgage: FHA,Mortgage,Personal,credit,mobile,332263.62,1
77eb8d12-8012-11ea-bb8b-b88a60e194fb,transactionid:543808,crmid:5892633239,2020-03-16T09:16:21.000Z,transaction - mobile,prd1122,Merchant Services Account,Merchant Services,Business,credit,call center,3598.74,1
77ed8a6e-8012-11ea-96e7-b88a60e194fb,transactionid:554980,crmid:8980059957,2020-03-25T21:58:03.000Z,transaction - mobile,prd1190,Premium Checking,Checking,Personal,credit,mobile,2337.66,1
77f26b08-8012-11ea-87aa-b88a60e194fb,transactionid:295846,crmid:4912043206,2020-03-27T22:44:17.000Z,transaction - mobile,prd1089,Business Card,Credit Card,Business,credit,branch,1923.54,1
77f4668c-8012-11ea-bbd8-b88a60e194fb,transactionid:406823,crmid:1216291724,2020-03-20T17:48:33.000Z,transaction - mobile,prd1180,529 College Savings,College Savings,Personal,credit,branch,2184.9,1
77f66294-8012-11ea-8802-b88a60e194fb,transactionid:220973,crmid:9809216569,2020-03-29T20:34:23.000Z,transaction - mobile,prd1020,Everyday Savings,Savings,Personal,credit,call center,3470.99,1
77f85e2e-8012-11ea-8c60-b88a60e194fb,transactionid:441070,crmid:8511123889,2020-03-18T12:30:07.000Z,transaction - mobile,prd1108,401k,Retirement,Personal,credit,broker,2714.91,1
77fa811a-8012-11ea-94f7-b88a60e194fb,transactionid:545983,crmid:4719766071,2020-03-16T06:37:35.000Z,transaction - mobile,prd1090,Business Checking,Checking,Business,credit,broker,2376.95,1
77fc7dba-8012-11ea-a26a-b88a60e194fb,transactionid:328339,crmid:3874332243,2020-03-19T02:10:38.000Z,transaction - mobile,prd1128,High Interest Savings,Savings,Personal,close,ATM,2924.3,1
77fe78b6-8012-11ea-a645-b88a60e194fb,transactionid:325449,crmid:3864494067,2020-03-16T17:34:48.000Z,transaction - mobile,prd1096,Renter's Insurance,Insurance,Personal,credit,call center,2700.8,1
78002668-8012-11ea-bfa2-b88a60e194fb,transactionid:893886,crmid:8757439446,2020-03-30T10:54:42.000Z,transaction - mobile,prd1085,Auto Loan,Loan,Personal,credit,ATM,4121.84,1
780223dc-8012-11ea-b87c-b88a60e194fb,transactionid:457888,crmid:6931400645,2020-03-31T02:17:40.000Z,transaction - mobile,prd1094,Preferred Checking,Checking,Personal,debt,ATM,2876.26,1
7803aa2e-8012-11ea-8b79-b88a60e194fb,transactionid:972150,crmid:4942999768,2020-03-30T08:35:19.000Z,transaction - mobile,prd1038,Dividend Card,Credit Card,Personal,credit,call center,463285.92,1
78050866-8012-11ea-b78d-b88a60e194fb,transactionid:755685,crmid:9800147981,2020-03-26T01:37:11.000Z,transaction - mobile,prd1137,Business Checking,Checking,Business,credit,mobile,3141.34,1
7806b71c-8012-11ea-9e9d-b88a60e194fb,transactionid:804863,crmid:8510031757,2020-03-22T09:14:14.000Z,transaction - mobile,prd1009,Everyday Checking,Checking,Personal,credit,ATM,2989.48,1
7807ef8a-8012-11ea-9a1d-b88a60e194fb,transactionid:622766,crmid:2323724605,2020-03-31T23:51:32.000Z,transaction - mobile,prd1161,Business Checking,Checking,Business,credit,branch,3311.9,1
78099c38-8012-11ea-85ae-b88a60e194fb,transactionid:265496,crmid:2266513110,2020-03-24T01:44:39.000Z,transaction - mobile,prd1007,Health Savings,Savings,Personal,credit,ATM,3716.26,1
780b22d8-8012-11ea-b619-b88a60e194fb,transactionid:223540,crmid:3913732956,2020-03-15T07:54:00.000Z,transaction - mobile,prd1109,Dividend Card,Credit Card,Personal,credit,call center,4101.19,1
780cf7b8-8012-11ea-a7f7-b88a60e194fb,transactionid:166859,crmid:5697513248,2020-03-23T12:16:37.000Z,transaction - mobile,prd1187,Business Savings,Savings,Business,credit,ATM,2016.33,1
780f90c2-8012-11ea-8228-b88a60e194fb,transactionid:989676,crmid:5629433260,2020-03-15T17:44:41.000Z,transaction - mobile,prd1090,Business Checking,Checking,Business,debt,mobile,2585.44,1
7811174c-8012-11ea-84aa-b88a60e194fb,transactionid:971433,crmid:6314777410,2020-03-22T02:58:25.000Z,transaction - mobile,prd1143,Travel Card,Credit Card,Personal,credit,call center,1881.37,1
78133940-8012-11ea-a91a-b88a60e194fb,transactionid:663359,crmid:1595710079,2020-03-30T14:50:45.000Z,transaction - mobile,prd1187,Business Savings,Savings,Business,credit,branch,4859.09,1
78150e12-8012-11ea-b590-b88a60e194fb,transactionid:602285,crmid:3263570997,2020-03-27T19:12:04.000Z,transaction - mobile,prd1020,Everyday Savings,Savings,Personal,credit,call center,3317.52,1
7816bbb4-8012-11ea-b65e-b88a60e194fb,transactionid:649558,crmid:2859346287,2020-03-30T02:11:40.000Z,transaction - mobile,prd1099,High Interest Savings,Savings,Personal,credit,mobile,1717.83,1
7818de98-8012-11ea-aa02-b88a60e194fb,transactionid:110922,crmid:2244774085,2020-03-18T07:42:52.000Z,transaction - mobile,prd1013,Mortgage: FHA,Mortgage,Personal,close,broker,4343.68,1
781b5158-8012-11ea-a6bf-b88a60e194fb,transactionid:301990,crmid:3473230010,2020-03-22T23:39:02.000Z,transaction - mobile,prd1078,Mortgage: 7/1 ARM,Mortgage,Personal,credit,mobile,4842.56,1
781d245e-8012-11ea-84f2-b88a60e194fb,transactionid:209198,crmid:2006170241,2020-03-19T18:06:03.000Z,transaction - mobile,prd1074,Premium Checking,Checking,Personal,credit,broker,2392.36,1
781ef8f0-8012-11ea-851e-b88a60e194fb,transactionid:688040,crmid:2830404836,2020-03-15T02:59:18.000Z,transaction - mobile,prd1146,529 College Savings,College Savings,Personal,credit,mobile,3765.35,1
7820f4e6-8012-11ea-9ba4-b88a60e194fb,transactionid:659534,crmid:7040857706,2020-03-27T18:22:58.000Z,transaction - mobile,prd1038,Dividend Card,Credit Card,Personal,credit,mobile,2594.83,1
7822f198-8012-11ea-b65b-b88a60e194fb,transactionid:694381,crmid:5791927242,2020-03-29T06:49:05.000Z,transaction - mobile,prd1158,Preferred Checking,Checking,Personal,credit,mobile,339289.86,1
7824783a-8012-11ea-847b-b88a60e194fb,transactionid:419224,crmid:3188895178,2020-03-24T03:41:24.000Z,transaction - mobile,prd1167,Roth IRA,Retirement,Personal,credit,ATM,3342.36,1
7826732e-8012-11ea-8931-b88a60e194fb,transactionid:262545,crmid:9473160790,2020-03-26T00:28:49.000Z,transaction - mobile,prd1093,Money Market Savings,Savings,Personal,debt,call center,3904.25,1
78284918-8012-11ea-987e-b88a60e194fb,transactionid:305342,crmid:7449584035,2020-03-19T12:33:32.000Z,transaction - mobile,prd1066,Homeowner's Insurance,Insurance,Personal,credit,call center,3567.75,1
7829f57a-8012-11ea-9bf0-b88a60e194fb,transactionid:968026,crmid:9550817724,2020-03-26T01:35:42.000Z,transaction - mobile,prd1153,CDs: 1 year,Investment,Personal,credit,call center,2440.98,1
782b7d12-8012-11ea-bffd-b88a60e194fb,transactionid:698630,crmid:4786990888,2020-03-25T06:48:20.000Z,transaction - mobile,prd1076,Student Savings,Savings,Personal,debt,mobile,5235.75,1
782d77e6-8012-11ea-a875-b88a60e194fb,transactionid:783424,crmid:4125897817,2020-03-30T13:08:29.000Z,transaction - mobile,prd1006,Travel Card,Credit Card,Personal,credit,call center,3656.17,1
782f26ae-8012-11ea-8e85-b88a60e194fb,transactionid:872147,crmid:6287422799,2020-03-16T03:17:11.000Z,transaction - mobile,prd1139,Employee Stock Purchase Plans,Investment,Personal,credit,call center,3447.72,1
78312174-8012-11ea-ae9b-b88a60e194fb,transactionid:265517,crmid:4244211210,2020-03-23T19:52:05.000Z,transaction - mobile,prd1081,Simplicity Card,Credit Card,Personal,credit,call center,3351.85,1
7832a81c-8012-11ea-a3b8-b88a60e194fb,transactionid:384513,crmid:2734278902,2020-03-16T13:35:58.000Z,transaction - mobile,prd1080,Mortgage Insurance,Insurance,Personal,credit,call center,2639.07,1
78347dc0-8012-11ea-a813-b88a60e194fb,transactionid:234644,crmid:3021957267,2020-03-30T21:40:36.000Z,transaction - mobile,prd1082,Mortgage Insurance,Insurance,Personal,credit,call center,3623.66,1
78360364-8012-11ea-8d8e-b88a60e194fb,transactionid:183379,crmid:2438496778,2020-03-27T10:17:51.000Z,transaction - mobile,prd1145,Everyday Checking,Checking,Personal,credit,call center,1926.82,1
7837d936-8012-11ea-b3e5-b88a60e194fb,transactionid:774205,crmid:9258812400,2020-03-16T10:20:29.000Z,transaction - mobile,prd1095,529 College Savings,College Savings,Personal,credit,mobile,2827.97,1
78395eb0-8012-11ea-a381-b88a60e194fb,transactionid:367387,crmid:5014235941,2020-03-24T21:27:24.000Z,transaction - mobile,prd1126,Merchant Services Account,Merchant Services,Business,credit,call center,974.25,1
783b0c66-8012-11ea-99ad-b88a60e194fb,transactionid:188482,crmid:6927136792,2020-03-22T16:45:22.000Z,transaction - mobile,prd1180,529 College Savings,College Savings,Personal,credit,mobile,510804.98,1
783cba42-8012-11ea-9e90-b88a60e194fb,transactionid:336453,crmid:6617057062,2020-03-23T01:52:41.000Z,transaction - mobile,prd1060,Traditional IRA,Retirement,Personal,credit,call center,2103.01,1
783e68cc-8012-11ea-aa6e-b88a60e194fb,transactionid:656193,crmid:8669424802,2020-03-26T20:01:36.000Z,transaction - mobile,prd1176,Overseas Equity Fund,Investment,Personal,debt,mobile,2731.21,1
784063ae-8012-11ea-8a7f-b88a60e194fb,transactionid:897541,crmid:2775713419,2020-03-18T00:47:47.000Z,transaction - mobile,prd1041,Mortgage: 7/1 ARM,Mortgage,Personal,credit,mobile,2422.63,1
78421142-8012-11ea-a942-b88a60e194fb,transactionid:102300,crmid:4829531617,2020-03-17T03:45:36.000Z,transaction - mobile,prd1133,High Interest Savings,Savings,Personal,credit,call center,1743.22,1
784398d8-8012-11ea-9740-b88a60e194fb,transactionid:300765,crmid:3816047937,2020-03-25T19:46:33.000Z,transaction - mobile,prd1122,Merchant Services Account,Merchant Services,Business,credit,ATM,2424.85,1
78456cc0-8012-11ea-9288-b88a60e194fb,transactionid:206962,crmid:2106877953,2020-03-29T21:30:54.000Z,transaction - mobile,prd1116,Everyday Checking,Checking,Personal,credit,call center,2499.06,1
78474262-8012-11ea-ba82-b88a60e194fb,transactionid:384930,crmid:5657308968,2020-03-27T10:26:25.000Z,transaction - mobile,prd1117,Brokerage Account,Investment,Personal,close,mobile,3162.18,1
7849171a-8012-11ea-afd0-b88a60e194fb,transactionid:194647,crmid:7881617375,2020-03-26T19:08:51.000Z,transaction - mobile,prd1192,Money Market Savings,Savings,Personal,credit,call center,3537.61,1
784b11ec-8012-11ea-bb6a-b88a60e194fb,transactionid:320021,crmid:9465364140,2020-03-29T00:31:19.000Z,transaction - mobile,prd1138,Money Market Savings,Savings,Personal,credit,call center,3043.84,1
784c7176-8012-11ea-9663-b88a60e194fb,transactionid:283017,crmid:4913580731,2020-03-27T16:03:26.000Z,transaction - mobile,prd1004,Business Card,Credit Card,Business,credit,call center,2771.74,1
784e6e42-8012-11ea-bb52-b88a60e194fb,transactionid:577908,crmid:6090123833,2020-03-28T15:22:52.000Z,transaction - mobile,prd1164,Student Card,Credit Card,Personal,credit,mobile,2533.43,1
78501bf0-8012-11ea-a227-b88a60e194fb,transactionid:623500,crmid:4941120086,2020-03-16T16:40:10.000Z,transaction - mobile,prd1104,Health Savings,Savings,Personal,close,call center,2374.94,1
7851ef8c-8012-11ea-ace6-b88a60e194fb,transactionid:961496,crmid:7096633628,2020-03-20T05:35:29.000Z,transaction - mobile,prd1158,Preferred Checking,Checking,Personal,credit,call center,2727.58,1
78537798-8012-11ea-b4eb-b88a60e194fb,transactionid:509833,crmid:6960125156,2020-03-27T15:27:14.000Z,transaction - mobile,prd1175,401k,Retirement,Personal,credit,call center,3588.62,1
78552566-8012-11ea-942a-b88a60e194fb,transactionid:970807,crmid:6199697452,2020-03-25T07:36:08.000Z,transaction - mobile,prd1108,401k,Retirement,Personal,credit,broker,3322.69,1
7856d302-8012-11ea-9d84-b88a60e194fb,transactionid:843873,crmid:3005837441,2020-03-31T12:05:12.000Z,transaction - mobile,prd1074,Premium Checking,Checking,Personal,debt,mobile,3842.99,1
78587f52-8012-11ea-9026-b88a60e194fb,transactionid:174142,crmid:1872814583,2020-03-31T12:42:10.000Z,transaction - mobile,prd1115,Mortgage: VA,Mortgage,Personal,credit,broker,2784.76,1
785a5412-8012-11ea-b7a8-b88a60e194fb,transactionid:450390,crmid:4581764614,2020-03-31T05:09:47.000Z,transaction - mobile,prd1077,Roth IRA,Retirement,Personal,credit,broker,2044.11,1
785c02ca-8012-11ea-a0f3-b88a60e194fb,transactionid:818814,crmid:9226378307,2020-03-17T12:19:13.000Z,transaction - mobile,prd1006,Travel Card,Credit Card,Personal,credit,mobile,2902.87,1
785dd7dc-8012-11ea-b8b2-b88a60e194fb,transactionid:282264,crmid:3273543694,2020-03-30T12:31:40.000Z,transaction - mobile,prd1155,CDs: 5 year,Investment,Personal,credit,branch,3372.39,1
785fd26e-8012-11ea-a50c-b88a60e194fb,transactionid:852957,crmid:6667985265,2020-03-30T13:25:24.000Z,transaction - mobile,prd1133,High Interest Savings,Savings,Personal,close,ATM,2678.69,1
78617fe6-8012-11ea-9e35-b88a60e194fb,transactionid:223534,crmid:6429876601,2020-03-26T20:32:51.000Z,transaction - mobile,prd1063,High Interest Savings,Savings,Personal,close,ATM,4146.87,1
78637cec-8012-11ea-be75-b88a60e194fb,transactionid:820498,crmid:4963901990,2020-03-18T14:32:34.000Z,transaction - mobile,prd1142,Rewards Savings,Savings,Personal,credit,call center,4443.43,1
78655190-8012-11ea-b8c6-b88a60e194fb,transactionid:159821,crmid:3938210463,2020-03-31T02:19:49.000Z,transaction - mobile,prd1145,Everyday Checking,Checking,Personal,credit,call center,2368.38,1
7866ff4c-8012-11ea-86e2-b88a60e194fb,transactionid:250802,crmid:5357576100,2020-03-23T08:39:14.000Z,transaction - mobile,prd1096,Renter's Insurance,Insurance,Personal,credit,call center,2738.51,1
7868d3f0-8012-11ea-b957-b88a60e194fb,transactionid:126549,crmid:4118900188,2020-03-28T10:14:08.000Z,transaction - mobile,prd1137,Business Checking,Checking,Business,credit,call center,3977.98,1
786a81be-8012-11ea-9c58-b88a60e194fb,transactionid:457600,crmid:1631723943,2020-03-16T16:03:45.000Z,transaction - mobile,prd1049,Business Brokerage Account,Investment,Business,credit,broker,3009.47,1
786c2f9e-8012-11ea-b784-b88a60e194fb,transactionid:445113,crmid:6049554122,2020-03-26T02:12:01.000Z,transaction - mobile,prd1102,Everyday Savings,Savings,Personal,close,mobile,3664.72,1
786ddd10-8012-11ea-81c1-b88a60e194fb,transactionid:216732,crmid:1078833566,2020-03-25T03:32:51.000Z,transaction - mobile,prd1125,Mortgage: FHA,Mortgage,Personal,credit,ATM,173523.85,1
786f89c0-8012-11ea-b963-b88a60e194fb,transactionid:518965,crmid:5183205354,2020-03-25T16:14:59.000Z,transaction - mobile,prd1155,CDs: 5 year,Investment,Personal,credit,mobile,2753.6,1
78713780-8012-11ea-a964-b88a60e194fb,transactionid:653155,crmid:4667623954,2020-03-28T15:31:31.000Z,transaction - mobile,prd1041,Mortgage: 7/1 ARM,Mortgage,Personal,credit,call center,3445.16,1
7872bf06-8012-11ea-98c4-b88a60e194fb,transactionid:306732,crmid:2654587841,2020-03-18T14:14:55.000Z,transaction - mobile,prd1122,Merchant Services Account,Merchant Services,Business,credit,call center,2706.22,1
787445c8-8012-11ea-9200-b88a60e194fb,transactionid:273265,crmid:6848848435,2020-03-24T14:23:18.000Z,transaction - mobile,prd1023,Health Savings,Savings,Personal,credit,call center,3210.46,1
78761a0a-8012-11ea-95e8-b88a60e194fb,transactionid:755881,crmid:8084087912,2020-03-29T22:52:56.000Z,transaction - mobile,prd1057,Student Card,Credit Card,Personal,debt,branch,272649.26,1
78781636-8012-11ea-92c4-b88a60e194fb,transactionid:134881,crmid:5698033238,2020-03-17T11:43:32.000Z,transaction - mobile,prd1032,Home Equity Loan,Mortgage,Personal,credit,call center,2105.06,1
7879c3f6-8012-11ea-94ef-b88a60e194fb,transactionid:155759,crmid:6570634936,2020-03-19T18:40:10.000Z,transaction - mobile,prd1095,529 College Savings,College Savings,Personal,credit,call center,3646.51,1
787b7180-8012-11ea-8a30-b88a60e194fb,transactionid:212493,crmid:2239777319,2020-03-25T22:00:18.000Z,transaction - mobile,prd1089,Business Card,Credit Card,Business,credit,call center,4364.18,1
787cf730-8012-11ea-ba01-b88a60e194fb,transactionid:437233,crmid:5630786822,2020-03-18T23:57:29.000Z,transaction - mobile,prd1194,Preferred Checking,Checking,Personal,credit,ATM,2756.58,1
787e7ed4-8012-11ea-a2e7-b88a60e194fb,transactionid:134343,crmid:8025850265,2020-03-23T12:38:16.000Z,transaction - mobile,prd1102,Everyday Savings,Savings,Personal,credit,ATM,3027.13,1
78800576-8012-11ea-ab17-b88a60e194fb,transactionid:449008,crmid:1647142937,2020-03-25T20:39:13.000Z,transaction - mobile,prd1146,529 College Savings,College Savings,Personal,credit,broker,3989.66,1
7881b312-8012-11ea-9dfa-b88a60e194fb,transactionid:542734,crmid:5600752309,2020-03-25T23:17:19.000Z,transaction - mobile,prd1071,Critical Illness Insurance,Insurance,Personal,credit,ATM,2529.66,1
788387f4-8012-11ea-a9f5-b88a60e194fb,transactionid:405664,crmid:9040218631,2020-03-15T01:31:34.000Z,transaction - mobile,prd1137,Business Checking,Checking,Business,credit,ATM,433593.47,1
7884e6a8-8012-11ea-bc29-b88a60e194fb,transactionid:415961,crmid:2032939242,2020-03-15T13:15:54.000Z,transaction - mobile,prd1133,High Interest Savings,Savings,Personal,credit,broker,2954.39,1
78866cf4-8012-11ea-a538-b88a60e194fb,transactionid:686536,crmid:4121600984,2020-03-24T15:59:50.000Z,transaction - mobile,prd1061,Mortgage: 5/1 ARM,Mortgage,Personal,close,mobile,3257.3,1
788841cc-8012-11ea-a0be-b88a60e194fb,transactionid:737984,crmid:4654872256,2020-03-18T20:12:38.000Z,transaction - mobile,prd1171,Personal Loan,Loan,Personal,debt,mobile,3120.38,1
788a1780-8012-11ea-82f4-b88a60e194fb,transactionid:962245,crmid:9623037275,2020-03-23T01:46:57.000Z,transaction - mobile,prd1115,Mortgage: VA,Mortgage,Personal,credit,mobile,3311.53,1
788bc536-8012-11ea-adc1-b88a60e194fb,transactionid:743218,crmid:5369835968,2020-03-21T01:48:44.000Z,transaction - mobile,prd1114,CDs: 3 month,Investment,Personal,close,mobile,3536.33,1
788d4be8-8012-11ea-bc99-b88a60e194fb,transactionid:565422,crmid:5543605655,2020-03-16T18:16:47.000Z,transaction - mobile,prd1152,Health Savings,Savings,Personal,credit,call center,2805.01,1
788ed274-8012-11ea-ab1a-b88a60e194fb,transactionid:136085,crmid:6853040150,2020-03-25T21:50:11.000Z,transaction - mobile,prd1122,Merchant Services Account,Merchant Services,Business,close,broker,4021.89,1
78907f1a-8012-11ea-b27a-b88a60e194fb,transactionid:100325,crmid:5980222889,2020-03-22T04:41:38.000Z,transaction - mobile,prd1043,Business Savings,Savings,Business,credit,call center,3797.85,1
78922dde-8012-11ea-ad4f-b88a60e194fb,transactionid:277367,crmid:5384279793,2020-03-17T03:02:47.000Z,transaction - mobile,prd1143,Travel Card,Credit Card,Personal,credit,call center,2267.2,1
7893da82-8012-11ea-a87e-b88a60e194fb,transactionid:646851,crmid:5449157040,2020-03-28T06:44:16.000Z,transaction - mobile,prd1083,Pension Account,Retirement,Personal,credit,mobile,2683.97,1
7895af4c-8012-11ea-ac69-b88a60e194fb,transactionid:694185,crmid:6925236551,2020-03-16T21:06:55.000Z,transaction - mobile,prd1040,High Interest Savings,Savings,Personal,credit,mobile,507886.25,1
789735e2-8012-11ea-8af9-b88a60e194fb,transactionid:184545,crmid:4527957717,2020-03-22T02:25:28.000Z,transaction - mobile,prd1161,Business Checking,Checking,Business,credit,call center,2662.54,1
78990c86-8012-11ea-99ce-b88a60e194fb,transactionid:477325,crmid:4937917517,2020-03-29T12:32:40.000Z,transaction - mobile,prd1096,Renter's Insurance,Insurance,Personal,debt,mobile,2317.17,1
789a9142-8012-11ea-90f0-b88a60e194fb,transactionid:578334,crmid:2103221657,2020-03-16T07:50:56.000Z,transaction - mobile,prd1047,Mortgage: 10 yr Fixed,Mortgage,Personal,credit,call center,2468.14,1
789c4076-8012-11ea-83ee-b88a60e194fb,transactionid:651174,crmid:5127285515,2020-03-21T13:06:50.000Z,transaction - mobile,prd1138,Money Market Savings,Savings,Personal,debt,ATM,1018.76,1
789dedde-8012-11ea-8ebb-b88a60e194fb,transactionid:365857,crmid:6260511177,2020-03-23T00:42:16.000Z,transaction - mobile,prd1083,Pension Account,Retirement,Personal,credit,mobile,2933.97,1
789f74ac-8012-11ea-8f04-b88a60e194fb,transactionid:785773,crmid:2855523941,2020-03-22T21:06:01.000Z,transaction - mobile,prd1003,Premium Checking,Checking,Personal,credit,call center,2142.08,1
78a0fac2-8012-11ea-8bb6-b88a60e194fb,transactionid:175532,crmid:9565164748,2020-03-20T06:50:34.000Z,transaction - mobile,prd1142,Rewards Savings,Savings,Personal,close,broker,3714.97,1
