{"_id": "orderid:462614", "timestamp": "2019-12-17T21:46:48.000Z", "eventType": "transaction", "_adobeamericaspot3": {"CRMID": "crmid:2863981132", "orderDetails": {"orderID": "orderid:462614", "reservationid": "GKM-WQTS", "orderType": "website", "hotelSKU": "prd1098", "hotelCheckInUnix": "1578865608", "hotelCheckOutUnix": "1579643208", "hotelCheckInTS": "2020-01-12T21:46:48+00:00", "hotelCheckOutTS": "2020-01-21T21:46:48+00:00", "hotelChain": "Restful Nights", "hotelName": "Restful Nights: Kiev", "hotelLocation": "Kiev", "hotelRoomType": "luxury", "hotelRoomCount": "1", "hotelGuestAdultCount": "1", "hotelGuestChildCount": "0", "hotelNightCount": "9", "hotelRoomPrice": "340.42", "hotelFinalPrice": "3063.78"}}}
{"_id": "orderid:880296", "timestamp": "2020-02-12T04:03:19.000Z", "eventType": "transaction", "_adobeamericaspot3": {"CRMID": "crmid:6969470814", "orderDetails": {"orderID": "orderid:880296", "reservationid": "XG1-VZET", "orderType": "mobile", "hotelSKU": "prd1167", "hotelCheckInUnix": "1581739399", "hotelCheckOutUnix": "1581912199", "hotelCheckInTS": "2020-02-15T04:03:19+00:00", "hotelCheckOutTS": "2020-02-17T04:03:19+00:00", "hotelChain": "Hospitality Inn", "hotelName": "Hospitality Inn: Milwaukee", "hotelLocation": "Milwaukee", "hotelRoomType": "standard", "hotelRoomCount": "1", "hotelGuestAdultCount": "1", "hotelGuestChildCount": "0", "hotelNightCount": "2", "hotelRoomPrice": "60.94", "hotelFinalPrice": "121.88"}}}
{"_id": "orderid:104196", "timestamp": "2020-01-06T08:36:26.000Z", "eventType": "transaction", "_adobeamericaspot3": {"CRMID": "crmid:9625745028", "orderDetails": {"orderID": "orderid:104196", "reservationid": "BTO-H1LZ", "orderType": "website", "hotelSKU": "prd1191", "hotelCheckInUnix": "1578386186", "hotelCheckOutUnix": "1578731786", "hotelCheckInTS": "2020-01-07T08:36:26+00:00", "hotelCheckOutTS": "2020-01-11T08:36:26+00:00", "hotelChain": "Hospitality Inn", "hotelName": "Hospitality Inn: Mumbai", "hotelLocation": "Mumbai", "hotelRoomType": "standard", "hotelRoomCount": "1", "hotelGuestAdultCount": "1", "hotelGuestChildCount": "0", "hotelNightCount": "4", "hotelRoomPrice": "140.98", "hotelFinalPrice": "563.92"}}}
{"_id": "orderid:344592", "timestamp": "2020-01-01T19:46:15.000Z", "eventType": "transaction", "_adobeamericaspot3": {"CRMID": "crmid:6591259410", "orderDetails": {"orderID": "orderid:344592", "reservationid": "HAU-X4TG", "orderType": "mobile", "hotelSKU": "prd1130", "hotelCheckInUnix": "1579290375", "hotelCheckOutUnix": "1579808775", "hotelCheckInTS": "2020-01-17T19:46:15+00:00", "hotelCheckOutTS": "2020-01-23T19:46:15+00:00", "hotelChain": "Blue Reef Resort", "hotelName": "Blue Reef Resort: Bremen", "hotelLocation": "Bremen", "hotelRoomType": "standard", "hotelRoomCount": "1", "hotelGuestAdultCount": "1", "hotelGuestChildCount": "0", "hotelNightCount": "6", "hotelRoomPrice": "143.08", "hotelFinalPrice": "858.48"}}}
{"_id": "orderid:568241", "timestamp": "2019-12-17T23:19:20.000Z", "eventType": "transaction", "_adobeamericaspot3": {"CRMID": "crmid:4285118651", "orderDetails": {"orderID": "orderid:568241", "reservationid": "MYJ-16LO", "orderType": "website", "hotelSKU": "prd1178", "hotelCheckInUnix": "1576711160", "hotelCheckOutUnix": "1577056760", "hotelCheckInTS": "2019-12-18T23:19:20+00:00", "hotelCheckOutTS": "2019-12-22T23:19:20+00:00", "hotelChain": "Blue Reef Resort", "hotelName": "Blue Reef Resort: Colorado Springs", "hotelLocation": "Colorado Springs", "hotelRoomType": "standard", "hotelRoomCount": "1", "hotelGuestAdultCount": "1", "hotelGuestChildCount": "0", "hotelNightCount": "4", "hotelRoomPrice": "133.63", "hotelFinalPrice": "534.52"}}}
{"_id": "orderid:376918", "timestamp": "2019-12-01T04:48:59.000Z", "eventType": "transaction", "_adobeamericaspot3": {"CRMID": "crmid:3380586947", "orderDetails": {"orderID": "orderid:376918", "reservationid": "YER-MSTF", "orderType": "mobile", "hotelSKU": "prd1028", "hotelCheckInUnix": "1576817339", "hotelCheckOutUnix": "1577422139", "hotelCheckInTS": "2019-12-20T04:48:59+00:00", "hotelCheckOutTS": "2019-12-27T04:48:59+00:00", "hotelChain": "Aspen Heights", "hotelName": "Aspen Heights: Portland", "hotelLocation": "Portland", "hotelRoomType": "standard", "hotelRoomCount": "1", "hotelGuestAdultCount": "1", "hotelGuestChildCount": "0", "hotelNightCount": "7", "hotelRoomPrice": "111.49", "hotelFinalPrice": "780.43"}}}
{"_id": "orderid:476802", "timestamp": "2020-01-19T22:45:35.000Z", "eventType": "transaction", "_adobeamericaspot3": {"CRMID": "crmid:1815671165", "orderDetails": {"orderID": "orderid:476802", "reservationid": "QBN-WLMY", "orderType": "call center", "hotelSKU": "prd1057", "hotelCheckInUnix": "1580510735", "hotelCheckOutUnix": "1581115535", "hotelCheckInTS": "2020-01-31T22:45:35+00:00", "hotelCheckOutTS": "2020-02-07T22:45:35+00:00", "hotelChain": "Admiralty Plaza", "hotelName": "Admiralty Plaza: Mumbai", "hotelLocation": "Mumbai", "hotelRoomType": "premium", "hotelRoomCount": "1", "hotelGuestAdultCount": "1", "hotelGuestChildCount": "0", "hotelNightCount": "7", "hotelRoomPrice": "127.06", "hotelFinalPrice": "889.42"}}}
{"_id": "orderid:608349", "timestamp": "2020-01-01T23:10:09.000Z", "eventType": "transaction", "_adobeamericaspot3": {"CRMID": "crmid:4154018303", "orderDetails": {"orderID": "orderid:608349", "reservationid": "QIB-EGPG", "orderType": "mobile", "hotelSKU": "prd1184", "hotelCheckInUnix": "1580253009", "hotelCheckOutUnix": "1580857809", "hotelCheckInTS": "2020-01-28T23:10:09+00:00", "hotelCheckOutTS": "2020-02-04T23:10:09+00:00", "hotelChain": "Aspen Heights", "hotelName": "Aspen Heights: Arlington", "hotelLocation": "Arlington", "hotelRoomType": "standard", "hotelRoomCount": "1", "hotelGuestAdultCount": "1", "hotelGuestChildCount": "0", "hotelNightCount": "7", "hotelRoomPrice": "139.13", "hotelFinalPrice": "973.91"}}}
{"_id": "orderid:702056", "timestamp": "2020-02-03T05:56:12.000Z", "eventType": "transaction", "_adobeamericaspot3": {"CRMID": "crmid:3231799345", "orderDetails": {"orderID": "orderid:702056", "reservationid": "ZND-HOTX", "orderType": "kiosk", "hotelSKU": "prd1185", "hotelCheckInUnix": "1580882172", "hotelCheckOutUnix": "1580968572", "hotelCheckInTS": "2020-02-05T05:56:12+00:00", "hotelCheckOutTS": "2020-02-06T05:56:12+00:00", "hotelChain": "Sapphire Suites", "hotelName": "Sapphire Suites: New Orleans", "hotelLocation": "New Orleans", "hotelRoomType": "standard", "hotelRoomCount": "1", "hotelGuestAdultCount": "1", "hotelGuestChildCount": "0", "hotelNightCount": "1", "hotelRoomPrice": "40.69", "hotelFinalPrice": "40.69"}}}
{"_id": "orderid:130702", "timestamp": "2019-12-30T02:26:16.000Z", "eventType": "transaction", "_adobeamericaspot3": {"CRMID": "crmid:2448733033", "orderDetails": {"orderID": "orderid:130702", "reservationid": "CXX-IGR3", "orderType": "website", "hotelSKU": "prd1179", "hotelCheckInUnix": "1577759176", "hotelCheckOutUnix": "1577931976", "hotelCheckInTS": "2019-12-31T02:26:16+00:00", "hotelCheckOutTS": "2020-01-02T02:26:16+00:00", "hotelChain": "Hospitality Inn", "hotelName": "Hospitality Inn: Miami", "hotelLocation": "Miami", "hotelRoomType": "standard", "hotelRoomCount": "1", "hotelGuestAdultCount": "1", "hotelGuestChildCount": "0", "hotelNightCount": "2", "hotelRoomPrice": "142.05", "hotelFinalPrice": "284.1"}}}
{"_id": "orderid:444318", "timestamp": "2019-12-02T02:00:33.000Z", "eventType": "transaction", "_adobeamericaspot3": {"CRMID": "crmid:8033734773", "orderDetails": {"orderID": "orderid:444318", "reservationid": "R1X-NFK1", "orderType": "website", "hotelSKU": "prd1129", "hotelCheckInUnix": "1577152833", "hotelCheckOutUnix": "1578794433", "hotelCheckInTS": "2019-12-24T02:00:33+00:00", "hotelCheckOutTS": "2020-01-12T02:00:33+00:00", "hotelChain": "Admiralty Plaza", "hotelName": "Admiralty Plaza: Helsinki", "hotelLocation": "Helsinki", "hotelRoomType": "standard", "hotelRoomCount": "1", "hotelGuestAdultCount": "1", "hotelGuestChildCount": "0", "hotelNightCount": "19", "hotelRoomPrice": "121.09", "hotelFinalPrice": "2300.71"}}}
{"_id": "orderid:925800", "timestamp": "2019-12-30T06:28:07.000Z", "eventType": "transaction", "_adobeamericaspot3": {"CRMID": "crmid:6722219720", "orderDetails": {"orderID": "orderid:925800", "reservationid": "G3S-MMNA", "orderType": "call center", "hotelSKU": "prd1189", "hotelCheckInUnix": "1577860087", "hotelCheckOutUnix": "1578032887", "hotelCheckInTS": "2020-01-01T06:28:07+00:00", "hotelCheckOutTS": "2020-01-03T06:28:07+00:00", "hotelChain": "Admiralty Plaza", "hotelName": "Admiralty Plaza: Bakersfield", "hotelLocation": "Bakersfield", "hotelRoomType": "standard", "hotelRoomCount": "1", "hotelGuestAdultCount": "1", "hotelGuestChildCount": "0", "hotelNightCount": "2", "hotelRoomPrice": "106.81", "hotelFinalPrice": "213.62"}}}
{"_id": "orderid:927611", "timestamp": "2019-12-24T02:11:27.000Z", "eventType": "transaction", "_adobeamericaspot3": {"CRMID": "crmid:6611413328", "orderDetails": {"orderID": "orderid:927611", "reservationid": "HWM-MYYA", "orderType": "mobile", "hotelSKU": "prd1100", "hotelCheckInUnix": "1578967887", "hotelCheckOutUnix": "1580091087", "hotelCheckInTS": "2020-01-14T02:11:27+00:00", "hotelCheckOutTS": "2020-01-27T02:11:27+00:00", "hotelChain": "Aspen Heights", "hotelName": "Aspen Heights: Misk", "hotelLocation": "Misk", "hotelRoomType": "standard", "hotelRoomCount": "1", "hotelGuestAdultCount": "1", "hotelGuestChildCount": "0", "hotelNightCount": "13", "hotelRoomPrice": "122.44", "hotelFinalPrice": "1591.72"}}}
{"_id": "orderid:318853", "timestamp": "2020-01-11T02:16:51.000Z", "eventType": "transaction", "_adobeamericaspot3": {"CRMID": "crmid:7837996873", "orderDetails": {"orderID": "orderid:318853", "reservationid": "Y2L-HQUO", "orderType": "kiosk", "hotelSKU": "prd1028", "hotelCheckInUnix": "1578881811", "hotelCheckOutUnix": "1579313811", "hotelCheckInTS": "2020-01-13T02:16:51+00:00", "hotelCheckOutTS": "2020-01-18T02:16:51+00:00", "hotelChain": "Aspen Heights", "hotelName": "Aspen Heights: Portland", "hotelLocation": "Portland", "hotelRoomType": "standard", "hotelRoomCount": "1", "hotelGuestAdultCount": "1", "hotelGuestChildCount": "0", "hotelNightCount": "5", "hotelRoomPrice": "150.61", "hotelFinalPrice": "753.05"}}}
{"_id": "orderid:287835", "timestamp": "2019-12-29T08:48:48.000Z", "eventType": "transaction", "_adobeamericaspot3": {"CRMID": "crmid:7645896820", "orderDetails": {"orderID": "orderid:287835", "reservationid": "UFW-WCOX", "orderType": "website", "hotelSKU": "prd1048", "hotelCheckInUnix": "1578041328", "hotelCheckOutUnix": "1578127728", "hotelCheckInTS": "2020-01-03T08:48:48+00:00", "hotelCheckOutTS": "2020-01-04T08:48:48+00:00", "hotelChain": "Sandhill", "hotelName": "Sandhill: Minneapolis", "hotelLocation": "Minneapolis", "hotelRoomType": "standard", "hotelRoomCount": "1", "hotelGuestAdultCount": "1", "hotelGuestChildCount": "0", "hotelNightCount": "1", "hotelRoomPrice": "126.65", "hotelFinalPrice": "126.65"}}}
{"_id": "orderid:985377", "timestamp": "2020-01-05T09:28:21.000Z", "eventType": "transaction", "_adobeamericaspot3": {"CRMID": "crmid:1777243754", "orderDetails": {"orderID": "orderid:985377", "reservationid": "JMZ-GMTL", "orderType": "website", "hotelSKU": "prd1104", "hotelCheckInUnix": "1578734901", "hotelCheckOutUnix": "1579426101", "hotelCheckInTS": "2020-01-11T09:28:21+00:00", "hotelCheckOutTS": "2020-01-19T09:28:21+00:00", "hotelChain": "Repose Resort", "hotelName": "Repose Resort: Warsaw", "hotelLocation": "Warsaw", "hotelRoomType": "standard", "hotelRoomCount": "1", "hotelGuestAdultCount": "1", "hotelGuestChildCount": "0", "hotelNightCount": "8", "hotelRoomPrice": "143.86", "hotelFinalPrice": "1150.88"}}}
{"_id": "orderid:681639", "timestamp": "2019-12-17T20:51:17.000Z", "eventType": "transaction", "_adobeamericaspot3": {"CRMID": "crmid:9496530865", "orderDetails": {"orderID": "orderid:681639", "reservationid": "M7T-NZOK", "orderType": "kiosk", "hotelSKU": "prd1131", "hotelCheckInUnix": "1578257477", "hotelCheckOutUnix": "1578343877", "hotelCheckInTS": "2020-01-05T20:51:17+00:00", "hotelCheckOutTS": "2020-01-06T20:51:17+00:00", "hotelChain": "Hospitality Inn", "hotelName": "Hospitality Inn: Sheffield", "hotelLocation": "Sheffield", "hotelRoomType": "standard", "hotelRoomCount": "1", "hotelGuestAdultCount": "1", "hotelGuestChildCount": "3", "hotelNightCount": "1", "hotelRoomPrice": "131.25", "hotelFinalPrice": "131.25"}}}
{"_id": "orderid:651680", "timestamp": "2019-12-10T10:37:41.000Z", "eventType": "transaction", "_adobeamericaspot3": {"CRMID": "crmid:5790113180", "orderDetails": {"orderID": "orderid:651680", "reservationid": "RYR-TLLC", "orderType": "kiosk", "hotelSKU": "prd1155", "hotelCheckInUnix": "1578479861", "hotelCheckOutUnix": "1579171061", "hotelCheckInTS": "2020-01-08T10:37:41+00:00", "hotelCheckOutTS": "2020-01-16T10:37:41+00:00", "hotelChain": "Hospitality Inn", "hotelName": "Hospitality Inn: Denver", "hotelLocation": "Denver", "hotelRoomType": "luxury", "hotelRoomCount": "1", "hotelGuestAdultCount": "1", "hotelGuestChildCount": "0", "hotelNightCount": "8", "hotelRoomPrice": "284.18", "hotelFinalPrice": "2273.44"}}}
{"_id": "orderid:573953", "timestamp": "2020-02-15T23:49:58.000Z", "eventType": "transaction", "_adobeamericaspot3": {"CRMID": "crmid:4844564151", "orderDetails": {"orderID": "orderid:573953", "reservationid": "2BR-KNGJ", "orderType": "kiosk", "hotelSKU": "prd1131", "hotelCheckInUnix": "1584143398", "hotelCheckOutUnix": "1584575398", "hotelCheckInTS": "2020-03-13T23:49:58+00:00", "hotelCheckOutTS": "2020-03-18T23:49:58+00:00", "hotelChain": "Hospitality Inn", "hotelName": "Hospitality Inn: Sheffield", "hotelLocation": "Sheffield", "hotelRoomType": "standard", "hotelRoomCount": "1", "hotelGuestAdultCount": "1", "hotelGuestChildCount": "4", "hotelNightCount": "5", "hotelRoomPrice": "97.83", "hotelFinalPrice": "489.15"}}}
{"_id": "orderid:723872", "timestamp": "2020-02-04T17:17:48.000Z", "eventType": "transaction", "_adobeamericaspot3": {"CRMID": "crmid:3148029905", "orderDetails": {"orderID": "orderid:723872", "reservationid": "QSN-TAMQ", "orderType": "kiosk", "hotelSKU": "prd1004", "hotelCheckInUnix": "1580923068", "hotelCheckOutUnix": "1581095868", "hotelCheckInTS": "2020-02-05T17:17:48+00:00", "hotelCheckOutTS": "2020-02-07T17:17:48+00:00", "hotelChain": "Aspen Heights", "hotelName": "Aspen Heights: Boulder", "hotelLocation": "Boulder", "hotelRoomType": "standard", "hotelRoomCount": "1", "hotelGuestAdultCount": "1", "hotelGuestChildCount": "0", "hotelNightCount": "2", "hotelRoomPrice": "105.21", "hotelFinalPrice": "210.42"}}}
{"_id": "orderid:956380", "timestamp": "2020-01-10T01:09:34.000Z", "eventType": "transaction", "_adobeamericaspot3": {"CRMID": "crmid:9144520575", "orderDetails": {"orderID": "orderid:956380", "reservationid": "OX1-YSD2", "orderType": "call center", "hotelSKU": "prd1173", "hotelCheckInUnix": "1580605774", "hotelCheckOutUnix": "1580951374", "hotelCheckInTS": "2020-02-02T01:09:34+00:00", "hotelCheckOutTS": "2020-02-06T01:09:34+00:00", "hotelChain": "Sapphire Suites", "hotelName": "Sapphire Suites: Kansas City", "hotelLocation": "Kansas City", "hotelRoomType": "standard", "hotelRoomCount": "1", "hotelGuestAdultCount": "1", "hotelGuestChildCount": "0", "hotelNightCount": "4", "hotelRoomPrice": "131.47", "hotelFinalPrice": "525.88"}}}
{"_id": "orderid:939260", "timestamp": "2020-01-04T07:46:11.000Z", "eventType": "transaction", "_adobeamericaspot3": {"CRMID": "crmid:1628068815", "orderDetails": {"orderID": "orderid:939260", "reservationid": "EWQ-6WXU", "orderType": "website", "hotelSKU": "prd1095", "hotelCheckInUnix": "1580283971", "hotelCheckOutUnix": "1580888771", "hotelCheckInTS": "2020-01-29T07:46:11+00:00", "hotelCheckOutTS": "2020-02-05T07:46:11+00:00", "hotelChain": "Hospitality Inn", "hotelName": "Hospitality Inn: Casablanca", "hotelLocation": "Casablanca", "hotelRoomType": "standard", "hotelRoomCount": "1", "hotelGuestAdultCount": "1", "hotelGuestChildCount": "0", "hotelNightCount": "7", "hotelRoomPrice": "166.33", "hotelFinalPrice": "1164.31"}}}
{"_id": "orderid:327394", "timestamp": "2019-12-08T06:19:48.000Z", "eventType": "transaction", "_adobeamericaspot3": {"CRMID": "crmid:1617843385", "orderDetails": {"orderID": "orderid:327394", "reservationid": "BRZ-SFWO", "orderType": "website", "hotelSKU": "prd1016", "hotelCheckInUnix": "1576304388", "hotelCheckOutUnix": "1576649988", "hotelCheckInTS": "2019-12-14T06:19:48+00:00", "hotelCheckOutTS": "2019-12-18T06:19:48+00:00", "hotelChain": "Aspen Heights", "hotelName": "Aspen Heights: Columbus", "hotelLocation": "Columbus", "hotelRoomType": "standard", "hotelRoomCount": "1", "hotelGuestAdultCount": "1", "hotelGuestChildCount": "0", "hotelNightCount": "4", "hotelRoomPrice": "145.38", "hotelFinalPrice": "581.52"}}}
{"_id": "orderid:207714", "timestamp": "2020-01-07T19:54:16.000Z", "eventType": "transaction", "_adobeamericaspot3": {"CRMID": "crmid:2212703432", "orderDetails": {"orderID": "orderid:207714", "reservationid": "DFX-HWEY", "orderType": "website", "hotelSKU": "prd1023", "hotelCheckInUnix": "1578599656", "hotelCheckOutUnix": "1578772456", "hotelCheckInTS": "2020-01-09T19:54:16+00:00", "hotelCheckOutTS": "2020-01-11T19:54:16+00:00", "hotelChain": "Hospitality Inn", "hotelName": "Hospitality Inn: Boston", "hotelLocation": "Boston", "hotelRoomType": "luxury", "hotelRoomCount": "1", "hotelGuestAdultCount": "1", "hotelGuestChildCount": "0", "hotelNightCount": "2", "hotelRoomPrice": "365.29", "hotelFinalPrice": "730.58"}}}
{"_id": "orderid:241126", "timestamp": "2019-12-11T20:15:03.000Z", "eventType": "transaction", "_adobeamericaspot3": {"CRMID": "crmid:5211043165", "orderDetails": {"orderID": "orderid:241126", "reservationid": "DYM-4GYJ", "orderType": "kiosk", "hotelSKU": "prd1190", "hotelCheckInUnix": "1578082503", "hotelCheckOutUnix": "1578600903", "hotelCheckInTS": "2020-01-03T20:15:03+00:00", "hotelCheckOutTS": "2020-01-09T20:15:03+00:00", "hotelChain": "Blue Reef Resort", "hotelName": "Blue Reef Resort: Aurora", "hotelLocation": "Aurora", "hotelRoomType": "standard", "hotelRoomCount": "1", "hotelGuestAdultCount": "1", "hotelGuestChildCount": "0", "hotelNightCount": "6", "hotelRoomPrice": "166.8", "hotelFinalPrice": "1000.8"}}}
{"_id": "orderid:900641", "timestamp": "2019-12-09T20:15:30.000Z", "eventType": "transaction", "_adobeamericaspot3": {"CRMID": "crmid:2615121213", "orderDetails": {"orderID": "orderid:900641", "reservationid": "1W9-CSYG", "orderType": "mobile", "hotelSKU": "prd1121", "hotelCheckInUnix": "1577996130", "hotelCheckOutUnix": "1578341730", "hotelCheckInTS": "2020-01-02T20:15:30+00:00", "hotelCheckOutTS": "2020-01-06T20:15:30+00:00", "hotelChain": "Grandeur Hotels", "hotelName": "Grandeur Hotels: Stockholm", "hotelLocation": "Stockholm", "hotelRoomType": "premium", "hotelRoomCount": "1", "hotelGuestAdultCount": "1", "hotelGuestChildCount": "2", "hotelNightCount": "4", "hotelRoomPrice": "162.18", "hotelFinalPrice": "648.72"}}}
{"_id": "orderid:699878", "timestamp": "2019-12-02T15:36:25.000Z", "eventType": "transaction", "_adobeamericaspot3": {"CRMID": "crmid:1939007879", "orderDetails": {"orderID": "orderid:699878", "reservationid": "A2R-CPUQ", "orderType": "website", "hotelSKU": "prd1157", "hotelCheckInUnix": "1575387385", "hotelCheckOutUnix": "1575646585", "hotelCheckInTS": "2019-12-03T15:36:25+00:00", "hotelCheckOutTS": "2019-12-06T15:36:25+00:00", "hotelChain": "Grandeur Hotels", "hotelName": "Grandeur Hotels: Boston", "hotelLocation": "Boston", "hotelRoomType": "premium", "hotelRoomCount": "1", "hotelGuestAdultCount": "1", "hotelGuestChildCount": "0", "hotelNightCount": "3", "hotelRoomPrice": "78.16", "hotelFinalPrice": "234.48"}}}
{"_id": "orderid:546946", "timestamp": "2020-01-04T04:03:46.000Z", "eventType": "transaction", "_adobeamericaspot3": {"CRMID": "crmid:4601713838", "orderDetails": {"orderID": "orderid:546946", "reservationid": "YBW-6C9U", "orderType": "website", "hotelSKU": "prd1132", "hotelCheckInUnix": "1579233826", "hotelCheckOutUnix": "1580011426", "hotelCheckInTS": "2020-01-17T04:03:46+00:00", "hotelCheckOutTS": "2020-01-26T04:03:46+00:00", "hotelChain": "Sandhill", "hotelName": "Sandhill: Oslo", "hotelLocation": "Oslo", "hotelRoomType": "premium", "hotelRoomCount": "1", "hotelGuestAdultCount": "1", "hotelGuestChildCount": "0", "hotelNightCount": "9", "hotelRoomPrice": "162.91", "hotelFinalPrice": "1466.19"}}}
{"_id": "orderid:210959", "timestamp": "2019-12-21T02:58:16.000Z", "eventType": "transaction", "_adobeamericaspot3": {"CRMID": "crmid:9002917937", "orderDetails": {"orderID": "orderid:210959", "reservationid": "BPT-EIQ7", "orderType": "website", "hotelSKU": "prd1100", "hotelCheckInUnix": "1579489096", "hotelCheckOutUnix": "1579921096", "hotelCheckInTS": "2020-01-20T02:58:16+00:00", "hotelCheckOutTS": "2020-01-25T02:58:16+00:00", "hotelChain": "Aspen Heights", "hotelName": "Aspen Heights: Misk", "hotelLocation": "Misk", "hotelRoomType": "premium", "hotelRoomCount": "1", "hotelGuestAdultCount": "1", "hotelGuestChildCount": "0", "hotelNightCount": "5", "hotelRoomPrice": "118.73", "hotelFinalPrice": "593.65"}}}
{"_id": "orderid:638554", "timestamp": "2019-12-08T09:54:57.000Z", "eventType": "transaction", "_adobeamericaspot3": {"CRMID": "crmid:2558295648", "orderDetails": {"orderID": "orderid:638554", "reservationid": "PKD-JTNL", "orderType": "website", "hotelSKU": "prd1184", "hotelCheckInUnix": "1577958897", "hotelCheckOutUnix": "1579341297", "hotelCheckInTS": "2020-01-02T09:54:57+00:00", "hotelCheckOutTS": "2020-01-18T09:54:57+00:00", "hotelChain": "Aspen Heights", "hotelName": "Aspen Heights: Arlington", "hotelLocation": "Arlington", "hotelRoomType": "premium", "hotelRoomCount": "1", "hotelGuestAdultCount": "1", "hotelGuestChildCount": "0", "hotelNightCount": "16", "hotelRoomPrice": "129.16", "hotelFinalPrice": "2066.56"}}}
{"_id": "orderid:346149", "timestamp": "2019-12-30T04:01:42.000Z", "eventType": "transaction", "_adobeamericaspot3": {"CRMID": "crmid:8152518387", "orderDetails": {"orderID": "orderid:346149", "reservationid": "FWE-XS6X", "orderType": "website", "hotelSKU": "prd1124", "hotelCheckInUnix": "1579579302", "hotelCheckOutUnix": "1580184102", "hotelCheckInTS": "2020-01-21T04:01:42+00:00", "hotelCheckOutTS": "2020-01-28T04:01:42+00:00", "hotelChain": "Aspen Heights", "hotelName": "Aspen Heights: Leeds", "hotelLocation": "Leeds", "hotelRoomType": "standard", "hotelRoomCount": "1", "hotelGuestAdultCount": "1", "hotelGuestChildCount": "1", "hotelNightCount": "7", "hotelRoomPrice": "90.25", "hotelFinalPrice": "631.75"}}}
{"_id": "orderid:633018", "timestamp": "2020-02-08T22:13:38.000Z", "eventType": "transaction", "_adobeamericaspot3": {"CRMID": "crmid:1375185035", "orderDetails": {"orderID": "orderid:633018", "reservationid": "X3A-GKYK", "orderType": "call center", "hotelSKU": "prd1143", "hotelCheckInUnix": "1581286418", "hotelCheckOutUnix": "1581459218", "hotelCheckInTS": "2020-02-09T22:13:38+00:00", "hotelCheckOutTS": "2020-02-11T22:13:38+00:00", "hotelChain": "Hospitality Inn", "hotelName": "Hospitality Inn: San Antonio", "hotelLocation": "San Antonio", "hotelRoomType": "standard", "hotelRoomCount": "1", "hotelGuestAdultCount": "1", "hotelGuestChildCount": "0", "hotelNightCount": "2", "hotelRoomPrice": "146.9", "hotelFinalPrice": "293.8"}}}
{"_id": "orderid:714396", "timestamp": "2020-02-13T00:00:00.000Z", "eventType": "transaction", "_adobeamericaspot3": {"CRMID": "crmid:1375185035", "orderDetails": {"orderID": "orderid:714396", "reservationid": "KLH-1THR", "orderType": "website", "hotelSKU": "prd1159", "hotelCheckInUnix": "1581638400", "hotelCheckOutUnix": "1581724800", "hotelCheckInTS": "2020-02-14T00:00:00+00:00", "hotelCheckOutTS": "2020-02-15T00:00:00+00:00", "hotelChain": "Family Fun Hotels", "hotelName": "Family Fun Hotels: Detroit", "hotelLocation": "Detroit", "hotelRoomType": "standard", "hotelRoomCount": "1", "hotelGuestAdultCount": "1", "hotelGuestChildCount": "0", "hotelNightCount": "1", "hotelRoomPrice": "182.56", "hotelFinalPrice": "182.56"}}}
{"_id": "orderid:312808", "timestamp": "2019-12-20T23:53:58.000Z", "eventType": "transaction", "_adobeamericaspot3": {"CRMID": "crmid:3594451509", "orderDetails": {"orderID": "orderid:312808", "reservationid": "GLF-HIC0", "orderType": "kiosk", "hotelSKU": "prd1118", "hotelCheckInUnix": "1576972438", "hotelCheckOutUnix": "1577145238", "hotelCheckInTS": "2019-12-21T23:53:58+00:00", "hotelCheckOutTS": "2019-12-23T23:53:58+00:00", "hotelChain": "Blue Reef Resort", "hotelName": "Blue Reef Resort: Cologne", "hotelLocation": "Cologne", "hotelRoomType": "standard", "hotelRoomCount": "1", "hotelGuestAdultCount": "1", "hotelGuestChildCount": "0", "hotelNightCount": "2", "hotelRoomPrice": "126.96", "hotelFinalPrice": "253.92"}}}
{"_id": "orderid:803799", "timestamp": "2019-12-25T00:00:00.000Z", "eventType": "transaction", "_adobeamericaspot3": {"CRMID": "crmid:3594451509", "orderDetails": {"orderID": "orderid:803799", "reservationid": "Z8F-UHJW", "orderType": "mobile", "hotelSKU": "prd1058", "hotelCheckInUnix": "1577491200", "hotelCheckOutUnix": "1577577600", "hotelCheckInTS": "2019-12-28T00:00:00+00:00", "hotelCheckOutTS": "2019-12-29T00:00:00+00:00", "hotelChain": "Blue Reef Resort", "hotelName": "Blue Reef Resort: Delhi", "hotelLocation": "Delhi", "hotelRoomType": "standard", "hotelRoomCount": "1", "hotelGuestAdultCount": "1", "hotelGuestChildCount": "0", "hotelNightCount": "1", "hotelRoomPrice": "119.44", "hotelFinalPrice": "119.44"}}}
{"_id": "orderid:628821", "timestamp": "2020-01-21T09:16:15.000Z", "eventType": "transaction", "_adobeamericaspot3": {"CRMID": "crmid:9764303783", "orderDetails": {"orderID": "orderid:628821", "reservationid": "DKQ-RERO", "orderType": "kiosk", "hotelSKU": "prd1093", "hotelCheckInUnix": "1579943775", "hotelCheckOutUnix": "1580462175", "hotelCheckInTS": "2020-01-25T09:16:15+00:00", "hotelCheckOutTS": "2020-01-31T09:16:15+00:00", "hotelChain": "Admiralty Plaza", "hotelName": "Admiralty Plaza: Yokohama", "hotelLocation": "Yokohama", "hotelRoomType": "standard", "hotelRoomCount": "1", "hotelGuestAdultCount": "1", "hotelGuestChildCount": "0", "hotelNightCount": "6", "hotelRoomPrice": "180.48", "hotelFinalPrice": "1082.88"}}}
{"_id": "orderid:842598", "timestamp": "2019-12-29T12:21:23.000Z", "eventType": "transaction", "_adobeamericaspot3": {"CRMID": "crmid:1457973878", "orderDetails": {"orderID": "orderid:842598", "reservationid": "XGB-A48P", "orderType": "call center", "hotelSKU": "prd1125", "hotelCheckInUnix": "1579954883", "hotelCheckOutUnix": "1580646083", "hotelCheckInTS": "2020-01-25T12:21:23+00:00", "hotelCheckOutTS": "2020-02-02T12:21:23+00:00", "hotelChain": "Sapphire Suites", "hotelName": "Sapphire Suites: Palermo", "hotelLocation": "Palermo", "hotelRoomType": "luxury", "hotelRoomCount": "1", "hotelGuestAdultCount": "1", "hotelGuestChildCount": "0", "hotelNightCount": "8", "hotelRoomPrice": "333.88", "hotelFinalPrice": "2671.04"}}}
{"_id": "orderid:998155", "timestamp": "2020-02-08T08:42:08.000Z", "eventType": "transaction", "_adobeamericaspot3": {"CRMID": "crmid:1374539114", "orderDetails": {"orderID": "orderid:998155", "reservationid": "OCI-DEBN", "orderType": "website", "hotelSKU": "prd1052", "hotelCheckInUnix": "1583224928", "hotelCheckOutUnix": "1584261728", "hotelCheckInTS": "2020-03-03T08:42:08+00:00", "hotelCheckOutTS": "2020-03-15T08:42:08+00:00", "hotelChain": "Aspen Heights", "hotelName": "Aspen Heights: Wichita", "hotelLocation": "Wichita", "hotelRoomType": "standard", "hotelRoomCount": "1", "hotelGuestAdultCount": "1", "hotelGuestChildCount": "0", "hotelNightCount": "12", "hotelRoomPrice": "159.78", "hotelFinalPrice": "1917.36"}}}
{"_id": "orderid:726657", "timestamp": "2019-12-27T17:37:03.000Z", "eventType": "transaction", "_adobeamericaspot3": {"CRMID": "crmid:2391472248", "orderDetails": {"orderID": "orderid:726657", "reservationid": "17B-PAQK", "orderType": "website", "hotelSKU": "prd1124", "hotelCheckInUnix": "1579196223", "hotelCheckOutUnix": "1580405823", "hotelCheckInTS": "2020-01-16T17:37:03+00:00", "hotelCheckOutTS": "2020-01-30T17:37:03+00:00", "hotelChain": "Aspen Heights", "hotelName": "Aspen Heights: Leeds", "hotelLocation": "Leeds", "hotelRoomType": "standard", "hotelRoomCount": "1", "hotelGuestAdultCount": "1", "hotelGuestChildCount": "0", "hotelNightCount": "14", "hotelRoomPrice": "159.69", "hotelFinalPrice": "2235.66"}}}
{"_id": "orderid:349687", "timestamp": "2020-01-31T16:13:31.000Z", "eventType": "transaction", "_adobeamericaspot3": {"CRMID": "crmid:8388597803", "orderDetails": {"orderID": "orderid:349687", "reservationid": "MPP-TZHO", "orderType": "call center", "hotelSKU": "prd1109", "hotelCheckInUnix": "1581092011", "hotelCheckOutUnix": "1581524011", "hotelCheckInTS": "2020-02-07T16:13:31+00:00", "hotelCheckOutTS": "2020-02-12T16:13:31+00:00", "hotelChain": "Grandeur Hotels", "hotelName": "Grandeur Hotels: Belgrade", "hotelLocation": "Belgrade", "hotelRoomType": "standard", "hotelRoomCount": "1", "hotelGuestAdultCount": "1", "hotelGuestChildCount": "0", "hotelNightCount": "5", "hotelRoomPrice": "133.67", "hotelFinalPrice": "668.35"}}}
{"_id": "orderid:482066", "timestamp": "2020-01-14T01:56:31.000Z", "eventType": "transaction", "_adobeamericaspot3": {"CRMID": "crmid:3870335370", "orderDetails": {"orderID": "orderid:482066", "reservationid": "BQL-969D", "orderType": "website", "hotelSKU": "prd1065", "hotelCheckInUnix": "1581558991", "hotelCheckOutUnix": "1582163791", "hotelCheckInTS": "2020-02-13T01:56:31+00:00", "hotelCheckOutTS": "2020-02-20T01:56:31+00:00", "hotelChain": "Sapphire Suites", "hotelName": "Sapphire Suites: Beijing", "hotelLocation": "Beijing", "hotelRoomType": "premium", "hotelRoomCount": "1", "hotelGuestAdultCount": "1", "hotelGuestChildCount": "0", "hotelNightCount": "7", "hotelRoomPrice": "104.08", "hotelFinalPrice": "728.56"}}}
{"_id": "orderid:189847", "timestamp": "2020-01-05T04:51:43.000Z", "eventType": "transaction", "_adobeamericaspot3": {"CRMID": "crmid:3875581856", "orderDetails": {"orderID": "orderid:189847", "reservationid": "AEJ-SNXH", "orderType": "call center", "hotelSKU": "prd1043", "hotelCheckInUnix": "1580359903", "hotelCheckOutUnix": "1581310303", "hotelCheckInTS": "2020-01-30T04:51:43+00:00", "hotelCheckOutTS": "2020-02-10T04:51:43+00:00", "hotelChain": "Nesting Box Inn", "hotelName": "Nesting Box Inn: Raleigh", "hotelLocation": "Raleigh", "hotelRoomType": "premium", "hotelRoomCount": "1", "hotelGuestAdultCount": "1", "hotelGuestChildCount": "0", "hotelNightCount": "11", "hotelRoomPrice": "124.93", "hotelFinalPrice": "1374.23"}}}
{"_id": "orderid:544377", "timestamp": "2019-12-14T23:03:14.000Z", "eventType": "transaction", "_adobeamericaspot3": {"CRMID": "crmid:1898870866", "orderDetails": {"orderID": "orderid:544377", "reservationid": "M00-C1EN", "orderType": "website", "hotelSKU": "prd1123", "hotelCheckInUnix": "1576882994", "hotelCheckOutUnix": "1577055794", "hotelCheckInTS": "2019-12-20T23:03:14+00:00", "hotelCheckOutTS": "2019-12-22T23:03:14+00:00", "hotelChain": "Family Fun Hotels", "hotelName": "Family Fun Hotels: Amsterdam", "hotelLocation": "Amsterdam", "hotelRoomType": "standard", "hotelRoomCount": "1", "hotelGuestAdultCount": "1", "hotelGuestChildCount": "4", "hotelNightCount": "2", "hotelRoomPrice": "129.51", "hotelFinalPrice": "259.02"}}}
{"_id": "orderid:302557", "timestamp": "2019-12-20T07:54:27.000Z", "eventType": "transaction", "_adobeamericaspot3": {"CRMID": "crmid:2021279445", "orderDetails": {"orderID": "orderid:302557", "reservationid": "B4Y-YXHF", "orderType": "kiosk", "hotelSKU": "prd1178", "hotelCheckInUnix": "1576914867", "hotelCheckOutUnix": "1577087667", "hotelCheckInTS": "2019-12-21T07:54:27+00:00", "hotelCheckOutTS": "2019-12-23T07:54:27+00:00", "hotelChain": "Blue Reef Resort", "hotelName": "Blue Reef Resort: Colorado Springs", "hotelLocation": "Colorado Springs", "hotelRoomType": "standard", "hotelRoomCount": "1", "hotelGuestAdultCount": "1", "hotelGuestChildCount": "0", "hotelNightCount": "2", "hotelRoomPrice": "124.37", "hotelFinalPrice": "248.74"}}}
{"_id": "orderid:514423", "timestamp": "2019-12-07T00:16:05.000Z", "eventType": "transaction", "_adobeamericaspot3": {"CRMID": "crmid:8348274752", "orderDetails": {"orderID": "orderid:514423", "reservationid": "R5V-TNBX", "orderType": "website", "hotelSKU": "prd1181", "hotelCheckInUnix": "1578096965", "hotelCheckOutUnix": "1579133765", "hotelCheckInTS": "2020-01-04T00:16:05+00:00", "hotelCheckOutTS": "2020-01-16T00:16:05+00:00", "hotelChain": "Grandeur Hotels", "hotelName": "Grandeur Hotels: Oakland", "hotelLocation": "Oakland", "hotelRoomType": "standard", "hotelRoomCount": "1", "hotelGuestAdultCount": "1", "hotelGuestChildCount": "0", "hotelNightCount": "12", "hotelRoomPrice": "146.84", "hotelFinalPrice": "1762.08"}}}
{"_id": "orderid:127672", "timestamp": "2020-02-11T15:16:40.000Z", "eventType": "transaction", "_adobeamericaspot3": {"CRMID": "crmid:1205378911", "orderDetails": {"orderID": "orderid:127672", "reservationid": "QOZ-8SPA", "orderType": "website", "hotelSKU": "prd1189", "hotelCheckInUnix": "1582989400", "hotelCheckOutUnix": "1583507800", "hotelCheckInTS": "2020-02-29T15:16:40+00:00", "hotelCheckOutTS": "2020-03-06T15:16:40+00:00", "hotelChain": "Admiralty Plaza", "hotelName": "Admiralty Plaza: Bakersfield", "hotelLocation": "Bakersfield", "hotelRoomType": "premium", "hotelRoomCount": "1", "hotelGuestAdultCount": "1", "hotelGuestChildCount": "2", "hotelNightCount": "6", "hotelRoomPrice": "154.74", "hotelFinalPrice": "928.44"}}}
{"_id": "orderid:282681", "timestamp": "2019-12-11T02:06:29.000Z", "eventType": "transaction", "_adobeamericaspot3": {"CRMID": "crmid:6638877919", "orderDetails": {"orderID": "orderid:282681", "reservationid": "SRM-FA4W", "orderType": "website", "hotelSKU": "prd1138", "hotelCheckInUnix": "1576116389", "hotelCheckOutUnix": "1576289189", "hotelCheckInTS": "2019-12-12T02:06:29+00:00", "hotelCheckOutTS": "2019-12-14T02:06:29+00:00", "hotelChain": "Sego Lily Suites", "hotelName": "Sego Lily Suites: Lagos", "hotelLocation": "Lagos", "hotelRoomType": "standard", "hotelRoomCount": "1", "hotelGuestAdultCount": "1", "hotelGuestChildCount": "0", "hotelNightCount": "2", "hotelRoomPrice": "108.83", "hotelFinalPrice": "217.66"}}}
{"_id": "orderid:796119", "timestamp": "2019-12-26T14:25:42.000Z", "eventType": "transaction", "_adobeamericaspot3": {"CRMID": "crmid:5403847561", "orderDetails": {"orderID": "orderid:796119", "reservationid": "4AB-NMOP", "orderType": "website", "hotelSKU": "prd1115", "hotelCheckInUnix": "1578839142", "hotelCheckOutUnix": "1579184742", "hotelCheckInTS": "2020-01-12T14:25:42+00:00", "hotelCheckOutTS": "2020-01-16T14:25:42+00:00", "hotelChain": "Nesting Box Inn", "hotelName": "Nesting Box Inn: Cologne", "hotelLocation": "Cologne", "hotelRoomType": "ultra-luxury", "hotelRoomCount": "1", "hotelGuestAdultCount": "1", "hotelGuestChildCount": "0", "hotelNightCount": "4", "hotelRoomPrice": "333.5", "hotelFinalPrice": "1334.0"}}}
{"_id": "orderid:970817", "timestamp": "2020-01-31T17:02:35.000Z", "eventType": "transaction", "_adobeamericaspot3": {"CRMID": "crmid:2018261361", "orderDetails": {"orderID": "orderid:970817", "reservationid": "YJO-DJUG", "orderType": "website", "hotelSKU": "prd1005", "hotelCheckInUnix": "1580749355", "hotelCheckOutUnix": "1581094955", "hotelCheckInTS": "2020-02-03T17:02:35+00:00", "hotelCheckOutTS": "2020-02-07T17:02:35+00:00", "hotelChain": "Sapphire Suites", "hotelName": "Sapphire Suites: Los Angeles", "hotelLocation": "Los Angeles", "hotelRoomType": "standard", "hotelRoomCount": "1", "hotelGuestAdultCount": "1", "hotelGuestChildCount": "0", "hotelNightCount": "4", "hotelRoomPrice": "134.28", "hotelFinalPrice": "537.12"}}}
{"_id": "orderid:117365", "timestamp": "2020-02-09T00:00:00.000Z", "eventType": "transaction", "_adobeamericaspot3": {"CRMID": "crmid:2018261361", "orderDetails": {"orderID": "orderid:117365", "reservationid": "VSH-DQNG", "orderType": "website", "hotelSKU": "prd1050", "hotelCheckInUnix": "1581292800", "hotelCheckOutUnix": "1581465600", "hotelCheckInTS": "2020-02-10T00:00:00+00:00", "hotelCheckOutTS": "2020-02-12T00:00:00+00:00", "hotelChain": "Restful Nights", "hotelName": "Restful Nights: Arlington", "hotelLocation": "Arlington", "hotelRoomType": "standard", "hotelRoomCount": "1", "hotelGuestAdultCount": "1", "hotelGuestChildCount": "0", "hotelNightCount": "2", "hotelRoomPrice": "176.96", "hotelFinalPrice": "353.92"}}}
{"_id": "orderid:910299", "timestamp": "2020-02-14T23:57:11.000Z", "eventType": "transaction", "_adobeamericaspot3": {"CRMID": "crmid:2770458144", "orderDetails": {"orderID": "orderid:910299", "reservationid": "ZVB-CHAL", "orderType": "mobile", "hotelSKU": "prd1064", "hotelCheckInUnix": "1583971031", "hotelCheckOutUnix": "1584662231", "hotelCheckInTS": "2020-03-11T23:57:11+00:00", "hotelCheckOutTS": "2020-03-19T23:57:11+00:00", "hotelChain": "Aspen Heights", "hotelName": "Aspen Heights: Paris", "hotelLocation": "Paris", "hotelRoomType": "standard", "hotelRoomCount": "1", "hotelGuestAdultCount": "1", "hotelGuestChildCount": "2", "hotelNightCount": "8", "hotelRoomPrice": "176.14", "hotelFinalPrice": "1409.12"}}}
{"_id": "orderid:862453", "timestamp": "2019-12-24T16:24:44.000Z", "eventType": "transaction", "_adobeamericaspot3": {"CRMID": "crmid:1533261789", "orderDetails": {"orderID": "orderid:862453", "reservationid": "9JU-ND8T", "orderType": "website", "hotelSKU": "prd1074", "hotelCheckInUnix": "1577291084", "hotelCheckOutUnix": "1577982284", "hotelCheckInTS": "2019-12-25T16:24:44+00:00", "hotelCheckOutTS": "2020-01-02T16:24:44+00:00", "hotelChain": "Restful Nights", "hotelName": "Restful Nights: Mexico City", "hotelLocation": "Mexico City", "hotelRoomType": "standard", "hotelRoomCount": "1", "hotelGuestAdultCount": "1", "hotelGuestChildCount": "0", "hotelNightCount": "8", "hotelRoomPrice": "92.21", "hotelFinalPrice": "737.68"}}}
{"_id": "orderid:924546", "timestamp": "2019-12-12T06:01:37.000Z", "eventType": "transaction", "_adobeamericaspot3": {"CRMID": "crmid:7803086012", "orderDetails": {"orderID": "orderid:924546", "reservationid": "UWN-EAVQ", "orderType": "website", "hotelSKU": "prd1105", "hotelCheckInUnix": "1578290497", "hotelCheckOutUnix": "1579672897", "hotelCheckInTS": "2020-01-06T06:01:37+00:00", "hotelCheckOutTS": "2020-01-22T06:01:37+00:00", "hotelChain": "Admiralty Plaza", "hotelName": "Admiralty Plaza: Barcelona", "hotelLocation": "Barcelona", "hotelRoomType": "premium", "hotelRoomCount": "1", "hotelGuestAdultCount": "1", "hotelGuestChildCount": "0", "hotelNightCount": "16", "hotelRoomPrice": "178.75", "hotelFinalPrice": "2860.0"}}}
{"_id": "orderid:228395", "timestamp": "2020-01-13T14:57:34.000Z", "eventType": "transaction", "_adobeamericaspot3": {"CRMID": "crmid:1558189554", "orderDetails": {"orderID": "orderid:228395", "reservationid": "DY9-BNAK", "orderType": "call center", "hotelSKU": "prd1052", "hotelCheckInUnix": "1579100254", "hotelCheckOutUnix": "1579273054", "hotelCheckInTS": "2020-01-15T14:57:34+00:00", "hotelCheckOutTS": "2020-01-17T14:57:34+00:00", "hotelChain": "Aspen Heights", "hotelName": "Aspen Heights: Wichita", "hotelLocation": "Wichita", "hotelRoomType": "ultra-luxury", "hotelRoomCount": "1", "hotelGuestAdultCount": "1", "hotelGuestChildCount": "0", "hotelNightCount": "2", "hotelRoomPrice": "367.54", "hotelFinalPrice": "735.08"}}}
{"_id": "orderid:967699", "timestamp": "2020-01-19T00:00:00.000Z", "eventType": "transaction", "_adobeamericaspot3": {"CRMID": "crmid:1558189554", "orderDetails": {"orderID": "orderid:967699", "reservationid": "RCP-GSG8", "orderType": "kiosk", "hotelSKU": "prd1184", "hotelCheckInUnix": "1579478400", "hotelCheckOutUnix": "1579824000", "hotelCheckInTS": "2020-01-20T00:00:00+00:00", "hotelCheckOutTS": "2020-01-24T00:00:00+00:00", "hotelChain": "Aspen Heights", "hotelName": "Aspen Heights: Arlington", "hotelLocation": "Arlington", "hotelRoomType": "standard", "hotelRoomCount": "1", "hotelGuestAdultCount": "1", "hotelGuestChildCount": "0", "hotelNightCount": "4", "hotelRoomPrice": "155.27", "hotelFinalPrice": "621.08"}}}
{"_id": "orderid:126665", "timestamp": "2020-01-18T09:44:21.000Z", "eventType": "transaction", "_adobeamericaspot3": {"CRMID": "crmid:2089921678", "orderDetails": {"orderID": "orderid:126665", "reservationid": "R27-6X58", "orderType": "kiosk", "hotelSKU": "prd1070", "hotelCheckInUnix": "1579427061", "hotelCheckOutUnix": "1579599861", "hotelCheckInTS": "2020-01-19T09:44:21+00:00", "hotelCheckOutTS": "2020-01-21T09:44:21+00:00", "hotelChain": "Blue Reef Resort", "hotelName": "Blue Reef Resort: Jakarta", "hotelLocation": "Jakarta", "hotelRoomType": "standard", "hotelRoomCount": "1", "hotelGuestAdultCount": "1", "hotelGuestChildCount": "0", "hotelNightCount": "2", "hotelRoomPrice": "177.32", "hotelFinalPrice": "354.64"}}}
{"_id": "orderid:574441", "timestamp": "2020-01-15T10:13:29.000Z", "eventType": "transaction", "_adobeamericaspot3": {"CRMID": "crmid:4129554261", "orderDetails": {"orderID": "orderid:574441", "reservationid": "HLR-IE41", "orderType": "mobile", "hotelSKU": "prd1148", "hotelCheckInUnix": "1579256009", "hotelCheckOutUnix": "1579601609", "hotelCheckInTS": "2020-01-17T10:13:29+00:00", "hotelCheckOutTS": "2020-01-21T10:13:29+00:00", "hotelChain": "Aspen Heights", "hotelName": "Aspen Heights: Jacksonville", "hotelLocation": "Jacksonville", "hotelRoomType": "premium", "hotelRoomCount": "1", "hotelGuestAdultCount": "1", "hotelGuestChildCount": "0", "hotelNightCount": "4", "hotelRoomPrice": "128.41", "hotelFinalPrice": "513.64"}}}
{"_id": "orderid:239891", "timestamp": "2020-01-03T20:01:30.000Z", "eventType": "transaction", "_adobeamericaspot3": {"CRMID": "crmid:7326658072", "orderDetails": {"orderID": "orderid:239891", "reservationid": "2JQ-SLUS", "orderType": "website", "hotelSKU": "prd1076", "hotelCheckInUnix": "1578600090", "hotelCheckOutUnix": "1579118490", "hotelCheckInTS": "2020-01-09T20:01:30+00:00", "hotelCheckOutTS": "2020-01-15T20:01:30+00:00", "hotelChain": "Aspen Heights", "hotelName": "Aspen Heights: Bogota", "hotelLocation": "Bogota", "hotelRoomType": "standard", "hotelRoomCount": "1", "hotelGuestAdultCount": "1", "hotelGuestChildCount": "0", "hotelNightCount": "6", "hotelRoomPrice": "144.34", "hotelFinalPrice": "866.04"}}}
{"_id": "orderid:267699", "timestamp": "2019-12-09T09:03:42.000Z", "eventType": "transaction", "_adobeamericaspot3": {"CRMID": "crmid:7016220464", "orderDetails": {"orderID": "orderid:267699", "reservationid": "NFT-BW3V", "orderType": "website", "hotelSKU": "prd1093", "hotelCheckInUnix": "1577955822", "hotelCheckOutUnix": "1578387822", "hotelCheckInTS": "2020-01-02T09:03:42+00:00", "hotelCheckOutTS": "2020-01-07T09:03:42+00:00", "hotelChain": "Admiralty Plaza", "hotelName": "Admiralty Plaza: Yokohama", "hotelLocation": "Yokohama", "hotelRoomType": "standard", "hotelRoomCount": "1", "hotelGuestAdultCount": "1", "hotelGuestChildCount": "0", "hotelNightCount": "5", "hotelRoomPrice": "158.39", "hotelFinalPrice": "791.95"}}}
{"_id": "orderid:265334", "timestamp": "2020-01-05T01:27:49.000Z", "eventType": "transaction", "_adobeamericaspot3": {"CRMID": "crmid:8731981822", "orderDetails": {"orderID": "orderid:265334", "reservationid": "QSN-TB3Y", "orderType": "service desk", "hotelSKU": "prd1052", "hotelCheckInUnix": "1578274069", "hotelCheckOutUnix": "1578446869", "hotelCheckInTS": "2020-01-06T01:27:49+00:00", "hotelCheckOutTS": "2020-01-08T01:27:49+00:00", "hotelChain": "Aspen Heights", "hotelName": "Aspen Heights: Wichita", "hotelLocation": "Wichita", "hotelRoomType": "standard", "hotelRoomCount": "1", "hotelGuestAdultCount": "1", "hotelGuestChildCount": "0", "hotelNightCount": "2", "hotelRoomPrice": "174.1", "hotelFinalPrice": "348.2"}}}
{"_id": "orderid:505457", "timestamp": "2020-01-10T00:00:00.000Z", "eventType": "transaction", "_adobeamericaspot3": {"CRMID": "crmid:8731981822", "orderDetails": {"orderID": "orderid:505457", "reservationid": "USY-GAXA", "orderType": "kiosk", "hotelSKU": "prd1178", "hotelCheckInUnix": "1578700800", "hotelCheckOutUnix": "1578787200", "hotelCheckInTS": "2020-01-11T00:00:00+00:00", "hotelCheckOutTS": "2020-01-12T00:00:00+00:00", "hotelChain": "Blue Reef Resort", "hotelName": "Blue Reef Resort: Colorado Springs", "hotelLocation": "Colorado Springs", "hotelRoomType": "standard", "hotelRoomCount": "1", "hotelGuestAdultCount": "1", "hotelGuestChildCount": "0", "hotelNightCount": "1", "hotelRoomPrice": "143.3", "hotelFinalPrice": "143.3"}}}
{"_id": "orderid:132309", "timestamp": "2020-01-10T02:51:03.000Z", "eventType": "transaction", "_adobeamericaspot3": {"CRMID": "crmid:5077002742", "orderDetails": {"orderID": "orderid:132309", "reservationid": "YKC-B7FL", "orderType": "call center", "hotelSKU": "prd1049", "hotelCheckInUnix": "1580957463", "hotelCheckOutUnix": "1581648663", "hotelCheckInTS": "2020-02-06T02:51:03+00:00", "hotelCheckOutTS": "2020-02-14T02:51:03+00:00", "hotelChain": "Grandeur Hotels", "hotelName": "Grandeur Hotels: Tulsa", "hotelLocation": "Tulsa", "hotelRoomType": "ultra-luxury", "hotelRoomCount": "1", "hotelGuestAdultCount": "1", "hotelGuestChildCount": "0", "hotelNightCount": "8", "hotelRoomPrice": "341.93", "hotelFinalPrice": "2735.44"}}}
{"_id": "orderid:510329", "timestamp": "2020-01-02T16:34:49.000Z", "eventType": "transaction", "_adobeamericaspot3": {"CRMID": "crmid:7581257627", "orderDetails": {"orderID": "orderid:510329", "reservationid": "GZ9-JNCM", "orderType": "call center", "hotelSKU": "prd1057", "hotelCheckInUnix": "1579538089", "hotelCheckOutUnix": "1579797289", "hotelCheckInTS": "2020-01-20T16:34:49+00:00", "hotelCheckOutTS": "2020-01-23T16:34:49+00:00", "hotelChain": "Admiralty Plaza", "hotelName": "Admiralty Plaza: Mumbai", "hotelLocation": "Mumbai", "hotelRoomType": "premium", "hotelRoomCount": "1", "hotelGuestAdultCount": "1", "hotelGuestChildCount": "0", "hotelNightCount": "3", "hotelRoomPrice": "95.27", "hotelFinalPrice": "285.81"}}}
{"_id": "orderid:949161", "timestamp": "2020-02-02T04:34:11.000Z", "eventType": "transaction", "_adobeamericaspot3": {"CRMID": "crmid:7710508564", "orderDetails": {"orderID": "orderid:949161", "reservationid": "G2Y-55SO", "orderType": "mobile", "hotelSKU": "prd1052", "hotelCheckInUnix": "1582000451", "hotelCheckOutUnix": "1582346051", "hotelCheckInTS": "2020-02-18T04:34:11+00:00", "hotelCheckOutTS": "2020-02-22T04:34:11+00:00", "hotelChain": "Aspen Heights", "hotelName": "Aspen Heights: Wichita", "hotelLocation": "Wichita", "hotelRoomType": "standard", "hotelRoomCount": "1", "hotelGuestAdultCount": "1", "hotelGuestChildCount": "0", "hotelNightCount": "4", "hotelRoomPrice": "129.16", "hotelFinalPrice": "516.64"}}}
{"_id": "orderid:750152", "timestamp": "2020-02-02T15:00:07.000Z", "eventType": "transaction", "_adobeamericaspot3": {"CRMID": "crmid:2614440425", "orderDetails": {"orderID": "orderid:750152", "reservationid": "UIU-9HS8", "orderType": "website", "hotelSKU": "prd1107", "hotelCheckInUnix": "1582815607", "hotelCheckOutUnix": "1583334007", "hotelCheckInTS": "2020-02-27T15:00:07+00:00", "hotelCheckOutTS": "2020-03-04T15:00:07+00:00", "hotelChain": "Hospitality Inn", "hotelName": "Hospitality Inn: Kharkiv", "hotelLocation": "Kharkiv", "hotelRoomType": "standard", "hotelRoomCount": "1", "hotelGuestAdultCount": "1", "hotelGuestChildCount": "3", "hotelNightCount": "6", "hotelRoomPrice": "155.13", "hotelFinalPrice": "930.78"}}}
{"_id": "orderid:581769", "timestamp": "2020-01-04T14:45:52.000Z", "eventType": "transaction", "_adobeamericaspot3": {"CRMID": "crmid:4097985721", "orderDetails": {"orderID": "orderid:581769", "reservationid": "SKK-AHIR", "orderType": "website", "hotelSKU": "prd1040", "hotelCheckInUnix": "1580222752", "hotelCheckOutUnix": "1581173152", "hotelCheckInTS": "2020-01-28T14:45:52+00:00", "hotelCheckOutTS": "2020-02-08T14:45:52+00:00", "hotelChain": "Aspen Heights", "hotelName": "Aspen Heights: Atlanta", "hotelLocation": "Atlanta", "hotelRoomType": "standard", "hotelRoomCount": "1", "hotelGuestAdultCount": "1", "hotelGuestChildCount": "0", "hotelNightCount": "11", "hotelRoomPrice": "198.27", "hotelFinalPrice": "2180.97"}}}
{"_id": "orderid:827598", "timestamp": "2019-12-16T18:08:22.000Z", "eventType": "transaction", "_adobeamericaspot3": {"CRMID": "crmid:5918516046", "orderDetails": {"orderID": "orderid:827598", "reservationid": "OJQ-JOPX", "orderType": "call center", "hotelSKU": "prd1146", "hotelCheckInUnix": "1578938902", "hotelCheckOutUnix": "1579284502", "hotelCheckInTS": "2020-01-13T18:08:22+00:00", "hotelCheckOutTS": "2020-01-17T18:08:22+00:00", "hotelChain": "Restful Nights", "hotelName": "Restful Nights: San Jose", "hotelLocation": "San Jose", "hotelRoomType": "premium", "hotelRoomCount": "1", "hotelGuestAdultCount": "1", "hotelGuestChildCount": "0", "hotelNightCount": "4", "hotelRoomPrice": "116.26", "hotelFinalPrice": "465.04"}}}
{"_id": "orderid:757687", "timestamp": "2020-02-10T20:09:57.000Z", "eventType": "transaction", "_adobeamericaspot3": {"CRMID": "crmid:2981047770", "orderDetails": {"orderID": "orderid:757687", "reservationid": "8O6-GGUC", "orderType": "call center", "hotelSKU": "prd1057", "hotelCheckInUnix": "1581451797", "hotelCheckOutUnix": "1581624597", "hotelCheckInTS": "2020-02-11T20:09:57+00:00", "hotelCheckOutTS": "2020-02-13T20:09:57+00:00", "hotelChain": "Admiralty Plaza", "hotelName": "Admiralty Plaza: Mumbai", "hotelLocation": "Mumbai", "hotelRoomType": "luxury", "hotelRoomCount": "1", "hotelGuestAdultCount": "1", "hotelGuestChildCount": "0", "hotelNightCount": "2", "hotelRoomPrice": "304.96", "hotelFinalPrice": "609.92"}}}
{"_id": "orderid:325588", "timestamp": "2020-02-15T00:00:00.000Z", "eventType": "transaction", "_adobeamericaspot3": {"CRMID": "crmid:2981047770", "orderDetails": {"orderID": "orderid:325588", "reservationid": "TYW-WI6S", "orderType": "mobile", "hotelSKU": "prd1046", "hotelCheckInUnix": "1582070400", "hotelCheckOutUnix": "1582156800", "hotelCheckInTS": "2020-02-19T00:00:00+00:00", "hotelCheckOutTS": "2020-02-20T00:00:00+00:00", "hotelChain": "Blue Reef Resort", "hotelName": "Blue Reef Resort: Virginia Beach", "hotelLocation": "Virginia Beach", "hotelRoomType": "standard", "hotelRoomCount": "1", "hotelGuestAdultCount": "1", "hotelGuestChildCount": "0", "hotelNightCount": "1", "hotelRoomPrice": "128.99", "hotelFinalPrice": "128.99"}}}
{"_id": "orderid:127791", "timestamp": "2020-01-13T19:55:58.000Z", "eventType": "transaction", "_adobeamericaspot3": {"CRMID": "crmid:1035631769", "orderDetails": {"orderID": "orderid:127791", "reservationid": "GDR-71OF", "orderType": "call center", "hotelSKU": "prd1050", "hotelCheckInUnix": "1579031758", "hotelCheckOutUnix": "1579463758", "hotelCheckInTS": "2020-01-14T19:55:58+00:00", "hotelCheckOutTS": "2020-01-19T19:55:58+00:00", "hotelChain": "Restful Nights", "hotelName": "Restful Nights: Arlington", "hotelLocation": "Arlington", "hotelRoomType": "presidential-suite", "hotelRoomCount": "1", "hotelGuestAdultCount": "1", "hotelGuestChildCount": "0", "hotelNightCount": "5", "hotelRoomPrice": "846.02", "hotelFinalPrice": "4230.1"}}}
{"_id": "orderid:205403", "timestamp": "2020-01-21T00:00:00.000Z", "eventType": "transaction", "_adobeamericaspot3": {"CRMID": "crmid:1035631769", "orderDetails": {"orderID": "orderid:205403", "reservationid": "CUY-WTP7", "orderType": "website", "hotelSKU": "prd1064", "hotelCheckInUnix": "1579651200", "hotelCheckOutUnix": "1579910400", "hotelCheckInTS": "2020-01-22T00:00:00+00:00", "hotelCheckOutTS": "2020-01-25T00:00:00+00:00", "hotelChain": "Aspen Heights", "hotelName": "Aspen Heights: Paris", "hotelLocation": "Paris", "hotelRoomType": "standard", "hotelRoomCount": "1", "hotelGuestAdultCount": "1", "hotelGuestChildCount": "0", "hotelNightCount": "3", "hotelRoomPrice": "144.44", "hotelFinalPrice": "433.32"}}}
{"_id": "orderid:785852", "timestamp": "2019-12-04T14:17:41.000Z", "eventType": "transaction", "_adobeamericaspot3": {"CRMID": "crmid:4482984764", "orderDetails": {"orderID": "orderid:785852", "reservationid": "HE2-PRPD", "orderType": "call center", "hotelSKU": "prd1070", "hotelCheckInUnix": "1577888261", "hotelCheckOutUnix": "1578579461", "hotelCheckInTS": "2020-01-01T14:17:41+00:00", "hotelCheckOutTS": "2020-01-09T14:17:41+00:00", "hotelChain": "Blue Reef Resort", "hotelName": "Blue Reef Resort: Jakarta", "hotelLocation": "Jakarta", "hotelRoomType": "standard", "hotelRoomCount": "1", "hotelGuestAdultCount": "1", "hotelGuestChildCount": "0", "hotelNightCount": "8", "hotelRoomPrice": "109.97", "hotelFinalPrice": "879.76"}}}
{"_id": "orderid:288799", "timestamp": "2019-12-01T23:23:21.000Z", "eventType": "transaction", "_adobeamericaspot3": {"CRMID": "crmid:1577958135", "orderDetails": {"orderID": "orderid:288799", "reservationid": "M1N-TGGB", "orderType": "service desk", "hotelSKU": "prd1169", "hotelCheckInUnix": "1575501801", "hotelCheckOutUnix": "1575588201", "hotelCheckInTS": "2019-12-04T23:23:21+00:00", "hotelCheckOutTS": "2019-12-05T23:23:21+00:00", "hotelChain": "Grandeur Hotels", "hotelName": "Grandeur Hotels: Tucson", "hotelLocation": "Tucson", "hotelRoomType": "premium", "hotelRoomCount": "1", "hotelGuestAdultCount": "1", "hotelGuestChildCount": "0", "hotelNightCount": "1", "hotelRoomPrice": "120.18", "hotelFinalPrice": "120.18"}}}
{"_id": "orderid:337159", "timestamp": "2019-12-07T08:43:51.000Z", "eventType": "transaction", "_adobeamericaspot3": {"CRMID": "crmid:3917045232", "orderDetails": {"orderID": "orderid:337159", "reservationid": "G38-XWMT", "orderType": "kiosk", "hotelSKU": "prd1046", "hotelCheckInUnix": "1575967431", "hotelCheckOutUnix": "1576399431", "hotelCheckInTS": "2019-12-10T08:43:51+00:00", "hotelCheckOutTS": "2019-12-15T08:43:51+00:00", "hotelChain": "Blue Reef Resort", "hotelName": "Blue Reef Resort: Virginia Beach", "hotelLocation": "Virginia Beach", "hotelRoomType": "standard", "hotelRoomCount": "1", "hotelGuestAdultCount": "1", "hotelGuestChildCount": "0", "hotelNightCount": "5", "hotelRoomPrice": "87.03", "hotelFinalPrice": "435.15"}}}
{"_id": "orderid:123961", "timestamp": "2020-01-19T13:08:42.000Z", "eventType": "transaction", "_adobeamericaspot3": {"CRMID": "crmid:2956860211", "orderDetails": {"orderID": "orderid:123961", "reservationid": "FRA-E7VR", "orderType": "kiosk", "hotelSKU": "prd1109", "hotelCheckInUnix": "1579525722", "hotelCheckOutUnix": "1579871322", "hotelCheckInTS": "2020-01-20T13:08:42+00:00", "hotelCheckOutTS": "2020-01-24T13:08:42+00:00", "hotelChain": "Grandeur Hotels", "hotelName": "Grandeur Hotels: Belgrade", "hotelLocation": "Belgrade", "hotelRoomType": "standard", "hotelRoomCount": "1", "hotelGuestAdultCount": "1", "hotelGuestChildCount": "0", "hotelNightCount": "4", "hotelRoomPrice": "161.98", "hotelFinalPrice": "647.92"}}}
{"_id": "orderid:171183", "timestamp": "2019-12-12T17:16:37.000Z", "eventType": "transaction", "_adobeamericaspot3": {"CRMID": "crmid:2964477166", "orderDetails": {"orderID": "orderid:171183", "reservationid": "ZZ8-PZV4", "orderType": "call center", "hotelSKU": "prd1154", "hotelCheckInUnix": "1578071797", "hotelCheckOutUnix": "1578503797", "hotelCheckInTS": "2020-01-03T17:16:37+00:00", "hotelCheckOutTS": "2020-01-08T17:16:37+00:00", "hotelChain": "Blue Reef Resort", "hotelName": "Blue Reef Resort: Seattle", "hotelLocation": "Seattle", "hotelRoomType": "standard", "hotelRoomCount": "1", "hotelGuestAdultCount": "1", "hotelGuestChildCount": "0", "hotelNightCount": "5", "hotelRoomPrice": "162.46", "hotelFinalPrice": "812.3"}}}
{"_id": "orderid:347653", "timestamp": "2020-01-17T22:51:41.000Z", "eventType": "transaction", "_adobeamericaspot3": {"CRMID": "crmid:7166587226", "orderDetails": {"orderID": "orderid:347653", "reservationid": "IKJ-LNLY", "orderType": "mobile", "hotelSKU": "prd1125", "hotelCheckInUnix": "1581461501", "hotelCheckOutUnix": "1581893501", "hotelCheckInTS": "2020-02-11T22:51:41+00:00", "hotelCheckOutTS": "2020-02-16T22:51:41+00:00", "hotelChain": "Sapphire Suites", "hotelName": "Sapphire Suites: Palermo", "hotelLocation": "Palermo", "hotelRoomType": "standard", "hotelRoomCount": "1", "hotelGuestAdultCount": "1", "hotelGuestChildCount": "1", "hotelNightCount": "5", "hotelRoomPrice": "152.11", "hotelFinalPrice": "760.55"}}}
{"_id": "orderid:843195", "timestamp": "2020-01-06T23:48:28.000Z", "eventType": "transaction", "_adobeamericaspot3": {"CRMID": "crmid:8025430202", "orderDetails": {"orderID": "orderid:843195", "reservationid": "JXX-HVDW", "orderType": "website", "hotelSKU": "prd1057", "hotelCheckInUnix": "1580773708", "hotelCheckOutUnix": "1581378508", "hotelCheckInTS": "2020-02-03T23:48:28+00:00", "hotelCheckOutTS": "2020-02-10T23:48:28+00:00", "hotelChain": "Admiralty Plaza", "hotelName": "Admiralty Plaza: Mumbai", "hotelLocation": "Mumbai", "hotelRoomType": "standard", "hotelRoomCount": "1", "hotelGuestAdultCount": "1", "hotelGuestChildCount": "0", "hotelNightCount": "7", "hotelRoomPrice": "113.28", "hotelFinalPrice": "792.96"}}}
{"_id": "orderid:108828", "timestamp": "2020-02-09T16:19:08.000Z", "eventType": "transaction", "_adobeamericaspot3": {"CRMID": "crmid:8268004933", "orderDetails": {"orderID": "orderid:108828", "reservationid": "JUC-QVQH", "orderType": "kiosk", "hotelSKU": "prd1169", "hotelCheckInUnix": "1581697148", "hotelCheckOutUnix": "1582388348", "hotelCheckInTS": "2020-02-14T16:19:08+00:00", "hotelCheckOutTS": "2020-02-22T16:19:08+00:00", "hotelChain": "Grandeur Hotels", "hotelName": "Grandeur Hotels: Tucson", "hotelLocation": "Tucson", "hotelRoomType": "standard", "hotelRoomCount": "1", "hotelGuestAdultCount": "1", "hotelGuestChildCount": "0", "hotelNightCount": "8", "hotelRoomPrice": "120.52", "hotelFinalPrice": "964.16"}}}
{"_id": "orderid:164276", "timestamp": "2019-12-18T02:53:54.000Z", "eventType": "transaction", "_adobeamericaspot3": {"CRMID": "crmid:1960218319", "orderDetails": {"orderID": "orderid:164276", "reservationid": "ZNB-HNZJ", "orderType": "mobile", "hotelSKU": "prd1160", "hotelCheckInUnix": "1576724034", "hotelCheckOutUnix": "1576810434", "hotelCheckInTS": "2019-12-19T02:53:54+00:00", "hotelCheckOutTS": "2019-12-20T02:53:54+00:00", "hotelChain": "Aspen Heights", "hotelName": "Aspen Heights: Nashville", "hotelLocation": "Nashville", "hotelRoomType": "standard", "hotelRoomCount": "1", "hotelGuestAdultCount": "1", "hotelGuestChildCount": "0", "hotelNightCount": "1", "hotelRoomPrice": "141.72", "hotelFinalPrice": "141.72"}}}
{"_id": "orderid:972113", "timestamp": "2020-01-20T15:23:08.000Z", "eventType": "transaction", "_adobeamericaspot3": {"CRMID": "crmid:7727924553", "orderDetails": {"orderID": "orderid:972113", "reservationid": "5WN-CESS", "orderType": "website", "hotelSKU": "prd1181", "hotelCheckInUnix": "1579620188", "hotelCheckOutUnix": "1579706588", "hotelCheckInTS": "2020-01-21T15:23:08+00:00", "hotelCheckOutTS": "2020-01-22T15:23:08+00:00", "hotelChain": "Grandeur Hotels", "hotelName": "Grandeur Hotels: Oakland", "hotelLocation": "Oakland", "hotelRoomType": "luxury", "hotelRoomCount": "1", "hotelGuestAdultCount": "1", "hotelGuestChildCount": "0", "hotelNightCount": "1", "hotelRoomPrice": "328.75", "hotelFinalPrice": "328.75"}}}
{"_id": "orderid:877625", "timestamp": "2020-01-24T00:00:00.000Z", "eventType": "transaction", "_adobeamericaspot3": {"CRMID": "crmid:7727924553", "orderDetails": {"orderID": "orderid:877625", "reservationid": "R9M-HET0", "orderType": "mobile", "hotelSKU": "prd1141", "hotelCheckInUnix": "1580256000", "hotelCheckOutUnix": "1580342400", "hotelCheckInTS": "2020-01-29T00:00:00+00:00", "hotelCheckOutTS": "2020-01-30T00:00:00+00:00", "hotelChain": "Admiralty Plaza", "hotelName": "Admiralty Plaza: Phoenix", "hotelLocation": "Phoenix", "hotelRoomType": "premium", "hotelRoomCount": "1", "hotelGuestAdultCount": "1", "hotelGuestChildCount": "0", "hotelNightCount": "1", "hotelRoomPrice": "149.31", "hotelFinalPrice": "149.31"}}}
{"_id": "orderid:309393", "timestamp": "2019-12-16T13:59:21.000Z", "eventType": "transaction", "_adobeamericaspot3": {"CRMID": "crmid:3921424773", "orderDetails": {"orderID": "orderid:309393", "reservationid": "LMI-XOJA", "orderType": "call center", "hotelSKU": "prd1142", "hotelCheckInUnix": "1577109561", "hotelCheckOutUnix": "1578405561", "hotelCheckInTS": "2019-12-23T13:59:21+00:00", "hotelCheckOutTS": "2020-01-07T13:59:21+00:00", "hotelChain": "Blue Reef Resort", "hotelName": "Blue Reef Resort: Philadelphia", "hotelLocation": "Philadelphia", "hotelRoomType": "standard", "hotelRoomCount": "1", "hotelGuestAdultCount": "1", "hotelGuestChildCount": "0", "hotelNightCount": "15", "hotelRoomPrice": "174.61", "hotelFinalPrice": "2619.15"}}}
{"_id": "orderid:214332", "timestamp": "2019-12-30T05:49:29.000Z", "eventType": "transaction", "_adobeamericaspot3": {"CRMID": "crmid:4852708059", "orderDetails": {"orderID": "orderid:214332", "reservationid": "U3T-CLRF", "orderType": "website", "hotelSKU": "prd1183", "hotelCheckInUnix": "1579153769", "hotelCheckOutUnix": "1579844969", "hotelCheckInTS": "2020-01-16T05:49:29+00:00", "hotelCheckOutTS": "2020-01-24T05:49:29+00:00", "hotelChain": "Family Fun Hotels", "hotelName": "Family Fun Hotels: Tulsa", "hotelLocation": "Tulsa", "hotelRoomType": "premium", "hotelRoomCount": "1", "hotelGuestAdultCount": "1", "hotelGuestChildCount": "0", "hotelNightCount": "8", "hotelRoomPrice": "138.16", "hotelFinalPrice": "1105.28"}}}
{"_id": "orderid:143191", "timestamp": "2020-02-11T08:59:46.000Z", "eventType": "transaction", "_adobeamericaspot3": {"CRMID": "crmid:8668123097", "orderDetails": {"orderID": "orderid:143191", "reservationid": "KQM-MBFP", "orderType": "call center", "hotelSKU": "prd1153", "hotelCheckInUnix": "1582880386", "hotelCheckOutUnix": "1583312386", "hotelCheckInTS": "2020-02-28T08:59:46+00:00", "hotelCheckOutTS": "2020-03-04T08:59:46+00:00", "hotelChain": "Admiralty Plaza", "hotelName": "Admiralty Plaza: Charlotte", "hotelLocation": "Charlotte", "hotelRoomType": "standard", "hotelRoomCount": "1", "hotelGuestAdultCount": "1", "hotelGuestChildCount": "0", "hotelNightCount": "5", "hotelRoomPrice": "135.95", "hotelFinalPrice": "679.75"}}}
{"_id": "orderid:604622", "timestamp": "2020-01-23T15:04:39.000Z", "eventType": "transaction", "_adobeamericaspot3": {"CRMID": "crmid:7259336344", "orderDetails": {"orderID": "orderid:604622", "reservationid": "6RQ-XQXC", "orderType": "call center", "hotelSKU": "prd1023", "hotelCheckInUnix": "1579878279", "hotelCheckOutUnix": "1580051079", "hotelCheckInTS": "2020-01-24T15:04:39+00:00", "hotelCheckOutTS": "2020-01-26T15:04:39+00:00", "hotelChain": "Hospitality Inn", "hotelName": "Hospitality Inn: Boston", "hotelLocation": "Boston", "hotelRoomType": "standard", "hotelRoomCount": "1", "hotelGuestAdultCount": "1", "hotelGuestChildCount": "0", "hotelNightCount": "2", "hotelRoomPrice": "130.0", "hotelFinalPrice": "260.0"}}}
{"_id": "orderid:546020", "timestamp": "2020-01-13T07:10:35.000Z", "eventType": "transaction", "_adobeamericaspot3": {"CRMID": "crmid:8633800476", "orderDetails": {"orderID": "orderid:546020", "reservationid": "SEA-18H7", "orderType": "kiosk", "hotelSKU": "prd1194", "hotelCheckInUnix": "1579417835", "hotelCheckOutUnix": "1579936235", "hotelCheckInTS": "2020-01-19T07:10:35+00:00", "hotelCheckOutTS": "2020-01-25T07:10:35+00:00", "hotelChain": "Restful Nights", "hotelName": "Restful Nights: Tianjin", "hotelLocation": "Tianjin", "hotelRoomType": "standard", "hotelRoomCount": "1", "hotelGuestAdultCount": "1", "hotelGuestChildCount": "0", "hotelNightCount": "6", "hotelRoomPrice": "94.18", "hotelFinalPrice": "565.08"}}}
{"_id": "orderid:687252", "timestamp": "2019-12-21T21:53:23.000Z", "eventType": "transaction", "_adobeamericaspot3": {"CRMID": "crmid:7747759672", "orderDetails": {"orderID": "orderid:687252", "reservationid": "VOS-CNSO", "orderType": "kiosk", "hotelSKU": "prd1026", "hotelCheckInUnix": "1577570003", "hotelCheckOutUnix": "1579125203", "hotelCheckInTS": "2019-12-28T21:53:23+00:00", "hotelCheckOutTS": "2020-01-15T21:53:23+00:00", "hotelChain": "Restful Nights", "hotelName": "Restful Nights: Nashville", "hotelLocation": "Nashville", "hotelRoomType": "premium", "hotelRoomCount": "1", "hotelGuestAdultCount": "1", "hotelGuestChildCount": "0", "hotelNightCount": "18", "hotelRoomPrice": "152.21", "hotelFinalPrice": "2739.78"}}}
{"_id": "orderid:477922", "timestamp": "2020-02-16T23:02:52.000Z", "eventType": "transaction", "_adobeamericaspot3": {"CRMID": "crmid:3889438016", "orderDetails": {"orderID": "orderid:477922", "reservationid": "QOR-RXD0", "orderType": "kiosk", "hotelSKU": "prd1008", "hotelCheckInUnix": "1581980572", "hotelCheckOutUnix": "1582412572", "hotelCheckInTS": "2020-02-17T23:02:52+00:00", "hotelCheckOutTS": "2020-02-22T23:02:52+00:00", "hotelChain": "Repose Resort", "hotelName": "Repose Resort: Philadelphia", "hotelLocation": "Philadelphia", "hotelRoomType": "standard", "hotelRoomCount": "1", "hotelGuestAdultCount": "1", "hotelGuestChildCount": "0", "hotelNightCount": "5", "hotelRoomPrice": "187.63", "hotelFinalPrice": "938.15"}}}
{"_id": "orderid:220182", "timestamp": "2020-02-24T00:00:00.000Z", "eventType": "transaction", "_adobeamericaspot3": {"CRMID": "crmid:3889438016", "orderDetails": {"orderID": "orderid:220182", "reservationid": "CYS-GEYH", "orderType": "call center", "hotelSKU": "prd1167", "hotelCheckInUnix": "1582761600", "hotelCheckOutUnix": "1582848000", "hotelCheckInTS": "2020-02-27T00:00:00+00:00", "hotelCheckOutTS": "2020-02-28T00:00:00+00:00", "hotelChain": "Hospitality Inn", "hotelName": "Hospitality Inn: Milwaukee", "hotelLocation": "Milwaukee", "hotelRoomType": "standard", "hotelRoomCount": "1", "hotelGuestAdultCount": "1", "hotelGuestChildCount": "0", "hotelNightCount": "1", "hotelRoomPrice": "170.58", "hotelFinalPrice": "170.58"}}}
{"_id": "orderid:430473", "timestamp": "2019-12-28T17:54:14.000Z", "eventType": "transaction", "_adobeamericaspot3": {"CRMID": "crmid:1186709649", "orderDetails": {"orderID": "orderid:430473", "reservationid": "OEZ-FHCV", "orderType": "website", "hotelSKU": "prd1145", "hotelCheckInUnix": "1577728454", "hotelCheckOutUnix": "1577901254", "hotelCheckInTS": "2019-12-30T17:54:14+00:00", "hotelCheckOutTS": "2020-01-01T17:54:14+00:00", "hotelChain": "Grandeur Hotels", "hotelName": "Grandeur Hotels: Dallas", "hotelLocation": "Dallas", "hotelRoomType": "luxury", "hotelRoomCount": "1", "hotelGuestAdultCount": "1", "hotelGuestChildCount": "0", "hotelNightCount": "2", "hotelRoomPrice": "329.86", "hotelFinalPrice": "659.72"}}}
{"_id": "orderid:112394", "timestamp": "2020-01-05T07:01:10.000Z", "eventType": "transaction", "_adobeamericaspot3": {"CRMID": "crmid:1460303026", "orderDetails": {"orderID": "orderid:112394", "reservationid": "WCU-HCUK", "orderType": "mobile", "hotelSKU": "prd1189", "hotelCheckInUnix": "1580454070", "hotelCheckOutUnix": "1581231670", "hotelCheckInTS": "2020-01-31T07:01:10+00:00", "hotelCheckOutTS": "2020-02-09T07:01:10+00:00", "hotelChain": "Admiralty Plaza", "hotelName": "Admiralty Plaza: Bakersfield", "hotelLocation": "Bakersfield", "hotelRoomType": "premium", "hotelRoomCount": "1", "hotelGuestAdultCount": "1", "hotelGuestChildCount": "0", "hotelNightCount": "9", "hotelRoomPrice": "179.05", "hotelFinalPrice": "1611.45"}}}
{"_id": "orderid:604435", "timestamp": "2020-01-05T10:48:24.000Z", "eventType": "transaction", "_adobeamericaspot3": {"CRMID": "crmid:1781684133", "orderDetails": {"orderID": "orderid:604435", "reservationid": "QH2-0MEO", "orderType": "website", "hotelSKU": "prd1122", "hotelCheckInUnix": "1579603704", "hotelCheckOutUnix": "1580208504", "hotelCheckInTS": "2020-01-21T10:48:24+00:00", "hotelCheckOutTS": "2020-01-28T10:48:24+00:00", "hotelChain": "Restful Nights", "hotelName": "Restful Nights: Valencia", "hotelLocation": "Valencia", "hotelRoomType": "standard", "hotelRoomCount": "1", "hotelGuestAdultCount": "1", "hotelGuestChildCount": "0", "hotelNightCount": "7", "hotelRoomPrice": "150.78", "hotelFinalPrice": "1055.46"}}}
{"_id": "orderid:283671", "timestamp": "2020-02-16T22:13:28.000Z", "eventType": "transaction", "_adobeamericaspot3": {"CRMID": "crmid:7464481357", "orderDetails": {"orderID": "orderid:283671", "reservationid": "8FY-HRHF", "orderType": "website", "hotelSKU": "prd1155", "hotelCheckInUnix": "1584310408", "hotelCheckOutUnix": "1584483208", "hotelCheckInTS": "2020-03-15T22:13:28+00:00", "hotelCheckOutTS": "2020-03-17T22:13:28+00:00", "hotelChain": "Hospitality Inn", "hotelName": "Hospitality Inn: Denver", "hotelLocation": "Denver", "hotelRoomType": "premium", "hotelRoomCount": "1", "hotelGuestAdultCount": "1", "hotelGuestChildCount": "3", "hotelNightCount": "2", "hotelRoomPrice": "127.74", "hotelFinalPrice": "255.48"}}}
{"_id": "orderid:126837", "timestamp": "2020-01-24T01:08:30.000Z", "eventType": "transaction", "_adobeamericaspot3": {"CRMID": "crmid:9464096986", "orderDetails": {"orderID": "orderid:126837", "reservationid": "OOW-JUPL", "orderType": "mobile", "hotelSKU": "prd1070", "hotelCheckInUnix": "1579914510", "hotelCheckOutUnix": "1580087310", "hotelCheckInTS": "2020-01-25T01:08:30+00:00", "hotelCheckOutTS": "2020-01-27T01:08:30+00:00", "hotelChain": "Blue Reef Resort", "hotelName": "Blue Reef Resort: Jakarta", "hotelLocation": "Jakarta", "hotelRoomType": "premium", "hotelRoomCount": "1", "hotelGuestAdultCount": "1", "hotelGuestChildCount": "0", "hotelNightCount": "2", "hotelRoomPrice": "154.46", "hotelFinalPrice": "308.92"}}}
{"_id": "orderid:335508", "timestamp": "2020-02-06T18:59:29.000Z", "eventType": "transaction", "_adobeamericaspot3": {"CRMID": "crmid:4441237844", "orderDetails": {"orderID": "orderid:335508", "reservationid": "TSD-WKPW", "orderType": "website", "hotelSKU": "prd1165", "hotelCheckInUnix": "1583261969", "hotelCheckOutUnix": "1584471569", "hotelCheckInTS": "2020-03-03T18:59:29+00:00", "hotelCheckOutTS": "2020-03-17T18:59:29+00:00", "hotelChain": "Admiralty Plaza", "hotelName": "Admiralty Plaza: Louisville", "hotelLocation": "Louisville", "hotelRoomType": "luxury", "hotelRoomCount": "1", "hotelGuestAdultCount": "1", "hotelGuestChildCount": "0", "hotelNightCount": "14", "hotelRoomPrice": "358.63", "hotelFinalPrice": "5020.82"}}}
{"_id": "orderid:437928", "timestamp": "2019-12-31T16:44:43.000Z", "eventType": "transaction", "_adobeamericaspot3": {"CRMID": "crmid:7780644130", "orderDetails": {"orderID": "orderid:437928", "reservationid": "BKV-TMTQ", "orderType": "website", "hotelSKU": "prd1184", "hotelCheckInUnix": "1577897083", "hotelCheckOutUnix": "1578761083", "hotelCheckInTS": "2020-01-01T16:44:43+00:00", "hotelCheckOutTS": "2020-01-11T16:44:43+00:00", "hotelChain": "Aspen Heights", "hotelName": "Aspen Heights: Arlington", "hotelLocation": "Arlington", "hotelRoomType": "standard", "hotelRoomCount": "1", "hotelGuestAdultCount": "1", "hotelGuestChildCount": "0", "hotelNightCount": "10", "hotelRoomPrice": "143.48", "hotelFinalPrice": "1434.8"}}}
{"_id": "orderid:263995", "timestamp": "2020-01-31T18:55:33.000Z", "eventType": "transaction", "_adobeamericaspot3": {"CRMID": "crmid:7388447416", "orderDetails": {"orderID": "orderid:263995", "reservationid": "8QA-8TER", "orderType": "kiosk", "hotelSKU": "prd1013", "hotelCheckInUnix": "1582484133", "hotelCheckOutUnix": "1583002533", "hotelCheckInTS": "2020-02-23T18:55:33+00:00", "hotelCheckOutTS": "2020-02-29T18:55:33+00:00", "hotelChain": "Grandeur Hotels", "hotelName": "Grandeur Hotels: Austin", "hotelLocation": "Austin", "hotelRoomType": "standard", "hotelRoomCount": "1", "hotelGuestAdultCount": "1", "hotelGuestChildCount": "2", "hotelNightCount": "6", "hotelRoomPrice": "119.96", "hotelFinalPrice": "719.76"}}}
{"_id": "orderid:635607", "timestamp": "2020-02-14T07:08:40.000Z", "eventType": "transaction", "_adobeamericaspot3": {"CRMID": "crmid:4185099102", "orderDetails": {"orderID": "orderid:635607", "reservationid": "MQX-GZAG", "orderType": "website", "hotelSKU": "prd1004", "hotelCheckInUnix": "1583824120", "hotelCheckOutUnix": "1585206520", "hotelCheckInTS": "2020-03-10T07:08:40+00:00", "hotelCheckOutTS": "2020-03-26T07:08:40+00:00", "hotelChain": "Aspen Heights", "hotelName": "Aspen Heights: Boulder", "hotelLocation": "Boulder", "hotelRoomType": "standard", "hotelRoomCount": "1", "hotelGuestAdultCount": "1", "hotelGuestChildCount": "0", "hotelNightCount": "16", "hotelRoomPrice": "151.65", "hotelFinalPrice": "2426.4"}}}
{"_id": "orderid:144346", "timestamp": "2020-01-02T17:26:14.000Z", "eventType": "transaction", "_adobeamericaspot3": {"CRMID": "crmid:5334896039", "orderDetails": {"orderID": "orderid:144346", "reservationid": "MMM-AAMG", "orderType": "mobile", "hotelSKU": "prd1135", "hotelCheckInUnix": "1579109174", "hotelCheckOutUnix": "1579800374", "hotelCheckInTS": "2020-01-15T17:26:14+00:00", "hotelCheckOutTS": "2020-01-23T17:26:14+00:00", "hotelChain": "Family Fun Hotels", "hotelName": "Family Fun Hotels: Vancouver", "hotelLocation": "Vancouver", "hotelRoomType": "premium", "hotelRoomCount": "1", "hotelGuestAdultCount": "1", "hotelGuestChildCount": "0", "hotelNightCount": "8", "hotelRoomPrice": "130.43", "hotelFinalPrice": "1043.44"}}}
{"_id": "orderid:970951", "timestamp": "2019-12-03T22:29:33.000Z", "eventType": "transaction", "_adobeamericaspot3": {"CRMID": "crmid:8969607342", "orderDetails": {"orderID": "orderid:970951", "reservationid": "LKH-PQ5V", "orderType": "service desk", "hotelSKU": "prd1110", "hotelCheckInUnix": "1575498573", "hotelCheckOutUnix": "1575671373", "hotelCheckInTS": "2019-12-04T22:29:33+00:00", "hotelCheckOutTS": "2019-12-06T22:29:33+00:00", "hotelChain": "Restful Nights", "hotelName": "Restful Nights: Sofia", "hotelLocation": "Sofia", "hotelRoomType": "standard", "hotelRoomCount": "1", "hotelGuestAdultCount": "1", "hotelGuestChildCount": "0", "hotelNightCount": "2", "hotelRoomPrice": "98.01", "hotelFinalPrice": "196.02"}}}
{"_id": "orderid:171334", "timestamp": "2020-01-27T19:54:02.000Z", "eventType": "transaction", "_adobeamericaspot3": {"CRMID": "crmid:1213505617", "orderDetails": {"orderID": "orderid:171334", "reservationid": "HGR-5JWH", "orderType": "mobile", "hotelSKU": "prd1125", "hotelCheckInUnix": "1580500442", "hotelCheckOutUnix": "1580586842", "hotelCheckInTS": "2020-01-31T19:54:02+00:00", "hotelCheckOutTS": "2020-02-01T19:54:02+00:00", "hotelChain": "Sapphire Suites", "hotelName": "Sapphire Suites: Palermo", "hotelLocation": "Palermo", "hotelRoomType": "standard", "hotelRoomCount": "1", "hotelGuestAdultCount": "1", "hotelGuestChildCount": "0", "hotelNightCount": "1", "hotelRoomPrice": "163.79", "hotelFinalPrice": "163.79"}}}
{"_id": "orderid:842675", "timestamp": "2019-12-26T21:11:53.000Z", "eventType": "transaction", "_adobeamericaspot3": {"CRMID": "crmid:5790348685", "orderDetails": {"orderID": "orderid:842675", "reservationid": "ENA-U2N2", "orderType": "website", "hotelSKU": "prd1010", "hotelCheckInUnix": "1577740313", "hotelCheckOutUnix": "1577999513", "hotelCheckInTS": "2019-12-30T21:11:53+00:00", "hotelCheckOutTS": "2020-01-02T21:11:53+00:00", "hotelChain": "Blue Reef Resort", "hotelName": "Blue Reef Resort: San Diego", "hotelLocation": "San Diego", "hotelRoomType": "standard", "hotelRoomCount": "1", "hotelGuestAdultCount": "1", "hotelGuestChildCount": "0", "hotelNightCount": "3", "hotelRoomPrice": "165.38", "hotelFinalPrice": "496.14"}}}
{"_id": "orderid:263958", "timestamp": "2020-01-24T16:59:50.000Z", "eventType": "transaction", "_adobeamericaspot3": {"CRMID": "crmid:3957875474", "orderDetails": {"orderID": "orderid:263958", "reservationid": "EWQ-Q3VT", "orderType": "website", "hotelSKU": "prd1045", "hotelCheckInUnix": "1580835590", "hotelCheckOutUnix": "1581872390", "hotelCheckInTS": "2020-02-04T16:59:50+00:00", "hotelCheckOutTS": "2020-02-16T16:59:50+00:00", "hotelChain": "Admiralty Plaza", "hotelName": "Admiralty Plaza: Miami", "hotelLocation": "Miami", "hotelRoomType": "premium", "hotelRoomCount": "1", "hotelGuestAdultCount": "1", "hotelGuestChildCount": "0", "hotelNightCount": "12", "hotelRoomPrice": "130.09", "hotelFinalPrice": "1561.08"}}}
{"_id": "orderid:394667", "timestamp": "2020-01-01T13:45:19.000Z", "eventType": "transaction", "_adobeamericaspot3": {"CRMID": "crmid:2515311081", "orderDetails": {"orderID": "orderid:394667", "reservationid": "I6T-EAZU", "orderType": "call center", "hotelSKU": "prd1083", "hotelCheckInUnix": "1580046319", "hotelCheckOutUnix": "1580564719", "hotelCheckInTS": "2020-01-26T13:45:19+00:00", "hotelCheckOutTS": "2020-02-01T13:45:19+00:00", "hotelChain": "Hospitality Inn", "hotelName": "Hospitality Inn: Bangkok", "hotelLocation": "Bangkok", "hotelRoomType": "premium", "hotelRoomCount": "1", "hotelGuestAdultCount": "1", "hotelGuestChildCount": "0", "hotelNightCount": "6", "hotelRoomPrice": "163.22", "hotelFinalPrice": "979.32"}}}
{"_id": "orderid:293775", "timestamp": "2020-01-15T21:21:05.000Z", "eventType": "transaction", "_adobeamericaspot3": {"CRMID": "crmid:7826295547", "orderDetails": {"orderID": "orderid:293775", "reservationid": "YHU-3FXS", "orderType": "call center", "hotelSKU": "prd1153", "hotelCheckInUnix": "1580937665", "hotelCheckOutUnix": "1581196865", "hotelCheckInTS": "2020-02-05T21:21:05+00:00", "hotelCheckOutTS": "2020-02-08T21:21:05+00:00", "hotelChain": "Admiralty Plaza", "hotelName": "Admiralty Plaza: Charlotte", "hotelLocation": "Charlotte", "hotelRoomType": "standard", "hotelRoomCount": "1", "hotelGuestAdultCount": "1", "hotelGuestChildCount": "0", "hotelNightCount": "3", "hotelRoomPrice": "155.82", "hotelFinalPrice": "467.46"}}}
{"_id": "orderid:508900", "timestamp": "2020-02-07T08:21:18.000Z", "eventType": "transaction", "_adobeamericaspot3": {"CRMID": "crmid:2590399260", "orderDetails": {"orderID": "orderid:508900", "reservationid": "481-F2RZ", "orderType": "website", "hotelSKU": "prd1174", "hotelCheckInUnix": "1581582078", "hotelCheckOutUnix": "1582186878", "hotelCheckInTS": "2020-02-13T08:21:18+00:00", "hotelCheckOutTS": "2020-02-20T08:21:18+00:00", "hotelChain": "Sego Lily Suites", "hotelName": "Sego Lily Suites: Atlanta", "hotelLocation": "Atlanta", "hotelRoomType": "standard", "hotelRoomCount": "1", "hotelGuestAdultCount": "1", "hotelGuestChildCount": "0", "hotelNightCount": "7", "hotelRoomPrice": "98.96", "hotelFinalPrice": "692.72"}}}
{"_id": "orderid:568319", "timestamp": "2020-02-11T01:31:56.000Z", "eventType": "transaction", "_adobeamericaspot3": {"CRMID": "crmid:2542766356", "orderDetails": {"orderID": "orderid:568319", "reservationid": "OBY-7CDP", "orderType": "website", "hotelSKU": "prd1073", "hotelCheckInUnix": "1583803916", "hotelCheckOutUnix": "1584754316", "hotelCheckInTS": "2020-03-10T01:31:56+00:00", "hotelCheckOutTS": "2020-03-21T01:31:56+00:00", "hotelChain": "Grandeur Hotels", "hotelName": "Grandeur Hotels: Lima", "hotelLocation": "Lima", "hotelRoomType": "standard", "hotelRoomCount": "1", "hotelGuestAdultCount": "1", "hotelGuestChildCount": "0", "hotelNightCount": "11", "hotelRoomPrice": "162.15", "hotelFinalPrice": "1783.65"}}}
{"_id": "orderid:443130", "timestamp": "2020-01-08T22:46:27.000Z", "eventType": "transaction", "_adobeamericaspot3": {"CRMID": "crmid:1823398972", "orderDetails": {"orderID": "orderid:443130", "reservationid": "MPI-D9LW", "orderType": "mobile", "hotelSKU": "prd1052", "hotelCheckInUnix": "1580078787", "hotelCheckOutUnix": "1581633987", "hotelCheckInTS": "2020-01-26T22:46:27+00:00", "hotelCheckOutTS": "2020-02-13T22:46:27+00:00", "hotelChain": "Aspen Heights", "hotelName": "Aspen Heights: Wichita", "hotelLocation": "Wichita", "hotelRoomType": "standard", "hotelRoomCount": "1", "hotelGuestAdultCount": "1", "hotelGuestChildCount": "3", "hotelNightCount": "18", "hotelRoomPrice": "155.38", "hotelFinalPrice": "2796.84"}}}
