id,reservationid,orderid,crmid,timestamp,orderType,productsku,hotelCheckInUnix,hotelCheckOutUnix,hotelCheckInTS,hotelCheckOutTS,hotelName,hotelChain,hotelLocation,hotelRoomType,hotelRoomCount,hotelGuestAdultCount,hotelGuestChildCount,hotelNightCount,hotelRoomPrice,hotelFinalPrice
fbf1d8e8-53c8-11ea-af9e-b88a60e194fb,IMI-RPEO,orderid:834148,crmid:6030307211,2020-02-15T20:51:50.000Z,call center,prd1094,1582923110,1583095910,2020-02-28T20:51:50+00:00,2020-03-01T20:51:50+00:00,Blue Reef Resort: Berlin,Blue Reef Resort,Berlin,standard,1,1,0,2,96.88,193.76
fbf2c32c-53c8-11ea-94c7-b88a60e194fb,ARP-V7SM,orderid:268279,crmid:6107815967,2020-01-01T20:39:49.000Z,call center,prd1119,1578515989,1579293589,2020-01-08T20:39:49+00:00,2020-01-17T20:39:49+00:00,Hospitality Inn: Turin,Hospitality Inn,Turin,standard,1,1,0,9,159.93,1439.37
fbf3d4b6-53c8-11ea-8f09-b88a60e194fb,PUV-J4RJ,orderid:573755,crmid:6907540807,2019-12-05T09:45:22.000Z,call center,prd1190,1577353522,1578044722,2019-12-26T09:45:22+00:00,2020-01-03T09:45:22+00:00,Blue Reef Resort: Aurora,Blue Reef Resort,Aurora,standard,1,1,0,8,153.79,1230.32
fbf4e642-53c8-11ea-b4f9-b88a60e194fb,297-TYO9,orderid:708369,crmid:4277677954,2020-01-01T16:33:25.000Z,call center,prd1141,1580056405,1580402005,2020-01-26T16:33:25+00:00,2020-01-30T16:33:25+00:00,Admiralty Plaza: Phoenix,Admiralty Plaza,Phoenix,standard,1,1,0,4,82.7,330.8
fbf5a96e-53c8-11ea-9bcf-b88a60e194fb,LWV-U2YL,orderid:680825,crmid:4853950321,2020-02-15T04:56:51.000Z,kiosk,prd1013,1583211411,1584766611,2020-03-03T04:56:51+00:00,2020-03-21T04:56:51+00:00,Grandeur Hotels: Austin,Grandeur Hotels,Austin,standard,1,1,0,18,159.15,2864.7
fbf6bada-53c8-11ea-9107-b88a60e194fb,8CU-DCF1,orderid:406433,crmid:8841382365,2020-02-12T03:16:42.000Z,service desk,prd1008,1583119002,1583723802,2020-03-02T03:16:42+00:00,2020-03-09T03:16:42+00:00,Repose Resort: Philadelphia,Repose Resort,Philadelphia,standard,1,1,1,7,172.1,1204.7
fbf7a524-53c8-11ea-8784-b88a60e194fb,U6U-SIEA,orderid:748964,crmid:5142302134,2020-02-04T16:44:46.000Z,call center,prd1181,1580921086,1581007486,2020-02-05T16:44:46+00:00,2020-02-06T16:44:46+00:00,Grandeur Hotels: Oakland,Grandeur Hotels,Oakland,premium,1,1,0,1,138.62,138.62
fbf8689e-53c8-11ea-8b0a-b88a60e194fb,MMK-9EEI,orderid:992942,crmid:7400251927,2020-01-27T19:11:48.000Z,website,prd1017,1580411508,1580497908,2020-01-30T19:11:48+00:00,2020-01-31T19:11:48+00:00,Sapphire Suites: Fort Worth,Sapphire Suites,Fort Worth,standard,1,1,0,1,134.08,134.08
fbf952ae-53c8-11ea-8fc9-b88a60e194fb,N1E-3AWP,orderid:565864,crmid:7439882937,2019-12-18T09:46:40.000Z,kiosk,prd1047,1578736000,1579168000,2020-01-11T09:46:40+00:00,2020-01-16T09:46:40+00:00,Hospitality Inn: Oakland,Hospitality Inn,Oakland,standard,1,1,0,5,146.26,731.3
fbfa6476-53c8-11ea-af3a-b88a60e194fb,E9O-MRFP,orderid:300236,crmid:5547880012,2020-02-05T02:34:24.000Z,kiosk,prd1172,1580956464,1581215664,2020-02-06T02:34:24+00:00,2020-02-09T02:34:24+00:00,Aspen Heights: Mesa,Aspen Heights,Mesa,standard,1,1,0,3,101.42,304.26
fbfb4ef0-53c8-11ea-b40f-b88a60e194fb,RKX-4JBA,orderid:357936,crmid:4074947158,2020-01-04T21:05:31.000Z,website,prd1045,1580072731,1581023131,2020-01-26T21:05:31+00:00,2020-02-06T21:05:31+00:00,Admiralty Plaza: Miami,Admiralty Plaza,Miami,premium,1,1,4,11,73.78,811.58
fbfc396c-53c8-11ea-90a3-b88a60e194fb,6TB-3OCK,orderid:121573,crmid:7373897742,2020-01-05T13:57:05.000Z,kiosk,prd1197,1578923825,1579183025,2020-01-13T13:57:05+00:00,2020-01-16T13:57:05+00:00,Sapphire Suites: London,Sapphire Suites,London,ultra-luxury,1,1,0,3,349.56,1048.68
fbfd4a92-53c8-11ea-bf61-b88a60e194fb,MY5-B8NO,orderid:958979,crmid:3990484796,2020-01-04T09:02:10.000Z,call center,prd1047,1579770130,1580374930,2020-01-23T09:02:10+00:00,2020-01-30T09:02:10+00:00,Hospitality Inn: Oakland,Hospitality Inn,Oakland,luxury,1,1,0,7,389.81,2728.67
fbfe0ddc-53c8-11ea-a0c9-b88a60e194fb,DWN-I8PT,orderid:239155,crmid:2372653289,2020-01-02T05:47:25.000Z,kiosk,prd1139,1579499245,1580536045,2020-01-20T05:47:25+00:00,2020-02-01T05:47:25+00:00,Nesting Box Inn: Nairobi,Nesting Box Inn,Nairobi,premium,1,1,0,12,138.97,1667.64
fbff1f50-53c8-11ea-8cf3-b88a60e194fb,PGW-DUYN,orderid:481641,crmid:6671500117,2020-01-15T01:10:35.000Z,call center,prd1009,1581297035,1581988235,2020-02-10T01:10:35+00:00,2020-02-18T01:10:35+00:00,Admiralty Plaza: San Antonio,Admiralty Plaza,San Antonio,standard,1,1,0,8,133.14,1065.12
fc0009b8-53c8-11ea-8ef9-b88a60e194fb,PZX-G4HK,orderid:687110,crmid:9700394879,2020-01-17T08:18:55.000Z,kiosk,prd1069,1579853935,1580199535,2020-01-24T08:18:55+00:00,2020-01-28T08:18:55+00:00,Admiralty Plaza: Singapore,Admiralty Plaza,Singapore,standard,1,1,0,4,142.0,568.0
fc00f40a-53c8-11ea-a833-b88a60e194fb,KDX-NSC4,orderid:863211,crmid:4914418514,2019-12-16T01:15:42.000Z,mobile,prd1131,1578705342,1579310142,2020-01-11T01:15:42+00:00,2020-01-18T01:15:42+00:00,Hospitality Inn: Sheffield,Hospitality Inn,Sheffield,standard,1,1,0,7,133.0,931.0
fc01de80-53c8-11ea-be9b-b88a60e194fb,JTF-CUEG,orderid:457988,crmid:7526394140,2019-12-07T13:22:32.000Z,website,prd1141,1577107352,1578748952,2019-12-23T13:22:32+00:00,2020-01-11T13:22:32+00:00,Admiralty Plaza: Phoenix,Admiralty Plaza,Phoenix,luxury,1,1,0,19,324.45,6164.55
fc02a1be-53c8-11ea-8459-b88a60e194fb,8H2-JIE7,orderid:745820,crmid:2818345338,2019-12-04T02:51:13.000Z,website,prd1182,1577155873,1577847073,2019-12-24T02:51:13+00:00,2020-01-01T02:51:13+00:00,Restful Nights: Minneapolis,Restful Nights,Minneapolis,standard,1,1,4,8,131.25,1050.0
fc038c40-53c8-11ea-9a8f-b88a60e194fb,QPF-BLNS,orderid:283458,crmid:6994216008,2020-01-14T08:56:27.000Z,service desk,prd1129,1581324987,1582102587,2020-02-10T08:56:27+00:00,2020-02-19T08:56:27+00:00,Admiralty Plaza: Helsinki,Admiralty Plaza,Helsinki,standard,1,1,2,9,137.06,1233.54
fc049d92-53c8-11ea-b4c6-b88a60e194fb,FTK-PBF2,orderid:914355,crmid:5363068909,2020-01-18T12:47:14.000Z,call center,prd1184,1579610834,1580215634,2020-01-21T12:47:14+00:00,2020-01-28T12:47:14+00:00,Aspen Heights: Arlington,Aspen Heights,Arlington,standard,1,1,0,7,122.87,860.09
fc0560dc-53c8-11ea-b231-b88a60e194fb,XQK-RZ8F,orderid:213395,crmid:1599937727,2019-12-19T07:49:34.000Z,website,prd1129,1578296974,1578642574,2020-01-06T07:49:34+00:00,2020-01-10T07:49:34+00:00,Admiralty Plaza: Helsinki,Admiralty Plaza,Helsinki,standard,1,1,0,4,139.86,559.44
fc062424-53c8-11ea-bdf7-b88a60e194fb,WEP-TZQ5,orderid:104579,crmid:3251275157,2020-01-25T11:11:25.000Z,mobile,prd1135,1580037085,1580296285,2020-01-26T11:11:25+00:00,2020-01-29T11:11:25+00:00,Family Fun Hotels: Vancouver,Family Fun Hotels,Vancouver,standard,1,1,0,3,160.99,482.97
fc078314-53c8-11ea-b798-b88a60e194fb,LCR-XDND,orderid:303228,crmid:3764415790,2020-02-13T22:27:49.000Z,website,prd1031,1583792869,1584052069,2020-03-09T22:27:49+00:00,2020-03-12T22:27:49+00:00,Nesting Box Inn: Louisville,Nesting Box Inn,Louisville,standard,1,1,0,3,163.99,491.97
fc086e3a-53c8-11ea-b323-b88a60e194fb,YJV-L8AT,orderid:638187,crmid:2044259005,2019-12-13T21:21:52.000Z,call center,prd1197,1576444912,1576531312,2019-12-15T21:21:52+00:00,2019-12-16T21:21:52+00:00,Sapphire Suites: London,Sapphire Suites,London,standard,1,1,0,1,163.49,163.49
fc097e50-53c8-11ea-8947-b88a60e194fb,QLA-QGQW,orderid:216801,crmid:7085568779,2020-02-16T16:56:37.000Z,kiosk,prd1052,1582476997,1582995397,2020-02-23T16:56:37+00:00,2020-02-29T16:56:37+00:00,Aspen Heights: Wichita,Aspen Heights,Wichita,standard,1,1,4,6,157.0,942.0
fc0a8fa6-53c8-11ea-858b-b88a60e194fb,JRQ-OPNE,orderid:780148,crmid:5849820085,2019-12-21T15:15:36.000Z,mobile,prd1154,1579014936,1580310936,2020-01-14T15:15:36+00:00,2020-01-29T15:15:36+00:00,Blue Reef Resort: Seattle,Blue Reef Resort,Seattle,premium,1,1,0,15,100.13,1501.95
fc0bc990-53c8-11ea-a3e7-b88a60e194fb,522-MSHM,orderid:538502,crmid:7647803279,2019-12-19T20:34:59.000Z,kiosk,prd1148,1576874099,1577046899,2019-12-20T20:34:59+00:00,2019-12-22T20:34:59+00:00,Aspen Heights: Jacksonville,Aspen Heights,Jacksonville,standard,1,1,0,2,201.15,402.3
fc0cb44a-53c8-11ea-a468-b88a60e194fb,BYA-TYYJ,orderid:756497,crmid:2479999057,2020-01-28T20:18:49.000Z,website,prd1092,1580329129,1580588329,2020-01-29T20:18:49+00:00,2020-02-01T20:18:49+00:00,Repose Resort: Cape Town,Repose Resort,Cape Town,premium,1,1,0,3,174.09,522.27
fc0d9e26-53c8-11ea-8779-b88a60e194fb,IEE-XZWW,orderid:988627,crmid:4420994665,2020-02-04T22:06:35.000Z,service desk,prd1141,1582409195,1582581995,2020-02-22T22:06:35+00:00,2020-02-24T22:06:35+00:00,Admiralty Plaza: Phoenix,Admiralty Plaza,Phoenix,standard,1,1,0,2,147.58,295.16
fc0eafb6-53c8-11ea-9c4e-b88a60e194fb,WGT-CZVJ,orderid:571478,crmid:9799817336,2020-01-01T11:26:05.000Z,website,prd1170,1580210765,1580901965,2020-01-28T11:26:05+00:00,2020-02-05T11:26:05+00:00,Restful Nights: Fresno,Restful Nights,Fresno,standard,1,1,0,8,173.52,1388.16
fc0f98c2-53c8-11ea-8a59-b88a60e194fb,BGF-KLZX,orderid:596558,crmid:5820315521,2019-12-02T04:28:56.000Z,website,prd1018,1575692936,1576470536,2019-12-07T04:28:56+00:00,2019-12-16T04:28:56+00:00,Sego Lily Suites: Indianapolis,Sego Lily Suites,Indianapolis,luxury,1,1,0,9,375.57,3380.13
fc108464-53c8-11ea-abaf-b88a60e194fb,MKR-VXCZ,orderid:116079,crmid:9930191828,2019-12-24T22:36:00.000Z,website,prd1045,1579559760,1581114960,2020-01-20T22:36:00+00:00,2020-02-07T22:36:00+00:00,Admiralty Plaza: Miami,Admiralty Plaza,Miami,premium,1,1,0,18,86.3,1553.4
fc1195ec-53c8-11ea-a399-b88a60e194fb,TVN-NCAE,orderid:698399,crmid:5009072598,2019-12-08T07:15:35.000Z,call center,prd1077,1576394135,1577603735,2019-12-15T07:15:35+00:00,2019-12-29T07:15:35+00:00,Sapphire Suites: Cairo,Sapphire Suites,Cairo,standard,1,1,0,14,150.7,2109.8
fc128022-53c8-11ea-b305-b88a60e194fb,2Z2-LHQQ,orderid:127063,crmid:9724093686,2019-12-03T12:50:21.000Z,kiosk,prd1057,1577019021,1577710221,2019-12-22T12:50:21+00:00,2019-12-30T12:50:21+00:00,Admiralty Plaza: Mumbai,Admiralty Plaza,Mumbai,premium,1,1,0,8,143.99,1151.92
fc1391b0-53c8-11ea-b8b4-b88a60e194fb,QU5-MTLU,orderid:477042,crmid:1695683166,2020-02-02T14:41:34.000Z,website,prd1010,1581172894,1581864094,2020-02-08T14:41:34+00:00,2020-02-16T14:41:34+00:00,Blue Reef Resort: San Diego,Blue Reef Resort,San Diego,premium,1,1,0,8,99.42,795.36
fc1454fa-53c8-11ea-a9b8-b88a60e194fb,BEB-2GLI,orderid:593371,crmid:2142484182,2019-12-10T09:20:13.000Z,website,prd1087,1577006413,1577524813,2019-12-22T09:20:13+00:00,2019-12-28T09:20:13+00:00,Family Fun Hotels: Kolkata,Family Fun Hotels,Kolkata,standard,1,1,0,6,121.6,729.6
fc153f1e-53c8-11ea-8e8d-b88a60e194fb,TTL-OO7V,orderid:523048,crmid:1546713199,2019-12-07T17:18:16.000Z,website,prd1045,1575825496,1576257496,2019-12-08T17:18:16+00:00,2019-12-13T17:18:16+00:00,Admiralty Plaza: Miami,Admiralty Plaza,Miami,premium,1,1,0,5,127.72,638.6
fc1650e2-53c8-11ea-9c56-b88a60e194fb,QF8-CHNL,orderid:243405,crmid:5531256040,2019-12-02T03:08:55.000Z,kiosk,prd1189,1575515335,1575688135,2019-12-05T03:08:55+00:00,2019-12-07T03:08:55+00:00,Admiralty Plaza: Bakersfield,Admiralty Plaza,Bakersfield,standard,1,1,0,2,182.27,364.54
fc171438-53c8-11ea-89af-b88a60e194fb,40A-UHNU,orderid:203863,crmid:5535835463,2020-02-12T06:26:23.000Z,call center,prd1172,1583389583,1583907983,2020-03-05T06:26:23+00:00,2020-03-11T06:26:23+00:00,Aspen Heights: Mesa,Aspen Heights,Mesa,standard,1,1,0,6,136.76,820.56
fc184b58-53c8-11ea-8925-b88a60e194fb,VSM-W9VK,orderid:325846,crmid:2137801872,2020-02-11T21:56:24.000Z,service desk,prd1133,1581630984,1581890184,2020-02-13T21:56:24+00:00,2020-02-16T21:56:24+00:00,Grandeur Hotels: Toronto,Grandeur Hotels,Toronto,standard,1,1,0,3,93.4,280.2
fc1936fe-53c8-11ea-9a1d-b88a60e194fb,0Z5-SQ9W,orderid:398328,crmid:6595239030,2019-12-08T15:48:55.000Z,kiosk,prd1181,1578239335,1578584935,2020-01-05T15:48:55+00:00,2020-01-09T15:48:55+00:00,Grandeur Hotels: Oakland,Grandeur Hotels,Oakland,standard,1,1,0,4,172.57,690.28
fc1a2198-53c8-11ea-9b3a-b88a60e194fb,GHE-SQX7,orderid:224444,crmid:4852222881,2019-12-21T01:16:49.000Z,mobile,prd1136,1578014209,1578619009,2020-01-03T01:16:49+00:00,2020-01-10T01:16:49+00:00,Aspen Heights: Osaka,Aspen Heights,Osaka,standard,1,1,0,7,215.09,1505.63
fc1ae4ba-53c8-11ea-9225-b88a60e194fb,1KL-WVQW,orderid:995583,crmid:6023649111,2019-12-29T12:45:53.000Z,kiosk,prd1009,1579092353,1579697153,2020-01-15T12:45:53+00:00,2020-01-22T12:45:53+00:00,Admiralty Plaza: San Antonio,Admiralty Plaza,San Antonio,standard,1,1,0,7,137.01,959.07
fc1c1d2e-53c8-11ea-b961-b88a60e194fb,BYL-WRYW,orderid:959714,crmid:4097784876,2019-12-15T11:42:53.000Z,website,prd1179,1576496573,1576755773,2019-12-16T11:42:53+00:00,2019-12-19T11:42:53+00:00,Hospitality Inn: Miami,Hospitality Inn,Miami,standard,1,1,0,3,152.27,456.81
fc1d0790-53c8-11ea-9d7d-b88a60e194fb,9K6-NJS9,orderid:924697,crmid:1161801664,2019-12-15T21:54:40.000Z,call center,prd1119,1576706080,1576878880,2019-12-18T21:54:40+00:00,2019-12-20T21:54:40+00:00,Hospitality Inn: Turin,Hospitality Inn,Turin,standard,1,1,0,2,143.68,287.36
fc1df20c-53c8-11ea-958b-b88a60e194fb,MMA-W2ZV,orderid:291633,crmid:9379941010,2020-01-04T19:42:47.000Z,website,prd1060,1578339767,1578771767,2020-01-06T19:42:47+00:00,2020-01-11T19:42:47+00:00,Sandhill: Tianjin,Sandhill,Tianjin,premium,1,1,0,5,136.6,683.0
fc1eb51a-53c8-11ea-9f44-b88a60e194fb,B6D-FOBS,orderid:500633,crmid:9416028056,2020-01-02T09:08:36.000Z,kiosk,prd1069,1580461716,1581325716,2020-01-31T09:08:36+00:00,2020-02-10T09:08:36+00:00,Admiralty Plaza: Singapore,Admiralty Plaza,Singapore,standard,1,1,0,10,140.25,1402.5
fc1f9f9c-53c8-11ea-931d-b88a60e194fb,NRL-DOZB,orderid:499485,crmid:8889659006,2019-12-25T00:30:19.000Z,call center,prd1163,1578443419,1579048219,2020-01-08T00:30:19+00:00,2020-01-15T00:30:19+00:00,Nesting Box Inn: Oklahoma City,Nesting Box Inn,Oklahoma City,premium,1,1,3,7,86.2,603.4
fc2088ca-53c8-11ea-909a-b88a60e194fb,G1Z-PBPY,orderid:254135,crmid:2669457647,2019-12-15T14:00:49.000Z,call center,prd1063,1576591249,1576764049,2019-12-17T14:00:49+00:00,2019-12-19T14:00:49+00:00,Family Fun Hotels: London,Family Fun Hotels,London,standard,1,1,0,2,94.45,188.9
fc21732c-53c8-11ea-9e70-b88a60e194fb,UUA-KWVS,orderid:282607,crmid:6865288243,2019-12-10T01:20:39.000Z,call center,prd1001,1576113639,1576286439,2019-12-12T01:20:39+00:00,2019-12-14T01:20:39+00:00,Grandeur Hotels: New York,Grandeur Hotels,New York,standard,1,1,0,2,143.9,287.8
fc225d86-53c8-11ea-8a4c-b88a60e194fb,PSP-Y4QV,orderid:377528,crmid:9379449416,2020-01-12T06:35:22.000Z,mobile,prd1082,1580970922,1581143722,2020-02-06T06:35:22+00:00,2020-02-08T06:35:22+00:00,Blue Reef Resort: Surat,Blue Reef Resort,Surat,premium,1,1,0,2,105.17,210.34
fc2347e2-53c8-11ea-bcc4-b88a60e194fb,JEC-FE2M,orderid:407608,crmid:2494451061,2019-12-23T00:52:52.000Z,kiosk,prd1160,1578790372,1579049572,2020-01-12T00:52:52+00:00,2020-01-15T00:52:52+00:00,Aspen Heights: Nashville,Aspen Heights,Nashville,premium,1,1,0,3,102.36,307.08
fc240b36-53c8-11ea-a8c8-b88a60e194fb,HM2-JUH0,orderid:456132,crmid:8334322710,2019-12-11T17:26:23.000Z,website,prd1073,1576171583,1576344383,2019-12-12T17:26:23+00:00,2019-12-14T17:26:23+00:00,Grandeur Hotels: Lima,Grandeur Hotels,Lima,standard,1,1,0,2,159.2,318.4
fc2543a8-53c8-11ea-bacd-b88a60e194fb,ZZS-OXDG,orderid:588486,crmid:2684350794,2020-02-03T04:14:42.000Z,call center,prd1118,1580789682,1580876082,2020-02-04T04:14:42+00:00,2020-02-05T04:14:42+00:00,Blue Reef Resort: Cologne,Blue Reef Resort,Cologne,standard,1,1,0,1,131.29,131.29
fc265524-53c8-11ea-9a5b-b88a60e194fb,MOH-WXNX,orderid:820224,crmid:6700208223,2019-12-03T15:01:11.000Z,call center,prd1023,1576767671,1577372471,2019-12-19T15:01:11+00:00,2019-12-26T15:01:11+00:00,Hospitality Inn: Boston,Hospitality Inn,Boston,luxury,1,1,0,7,314.24,2199.68
fc273f86-53c8-11ea-a7d0-b88a60e194fb,LBV-OP5Z,orderid:682480,crmid:4695693562,2020-01-06T03:20:28.000Z,website,prd1041,1578885628,1579404028,2020-01-13T03:20:28+00:00,2020-01-19T03:20:28+00:00,Sapphire Suites: Long Beach,Sapphire Suites,Long Beach,standard,1,1,0,6,110.48,662.88
fc2851d8-53c8-11ea-a929-b88a60e194fb,PCO-3SOD,orderid:909386,crmid:2192906217,2020-02-16T01:32:43.000Z,service desk,prd1055,1582162363,1582248763,2020-02-20T01:32:43+00:00,2020-02-21T01:32:43+00:00,Nesting Box Inn: Bakersfield,Nesting Box Inn,Bakersfield,luxury,1,1,0,1,336.38,336.38
fc296288-53c8-11ea-8f8a-b88a60e194fb,NZS-JTL5,orderid:359648,crmid:2281581865,2020-02-04T10:19:35.000Z,website,prd1151,1580897975,1580984375,2020-02-05T10:19:35+00:00,2020-02-06T10:19:35+00:00,Nesting Box Inn: Fort Worth,Nesting Box Inn,Fort Worth,standard,1,1,0,1,126.97,126.97
fc2ac26e-53c8-11ea-97f0-b88a60e194fb,NYM-N2OD,orderid:224916,crmid:2822513678,2020-01-06T21:02:37.000Z,website,prd1133,1578776557,1579035757,2020-01-11T21:02:37+00:00,2020-01-14T21:02:37+00:00,Grandeur Hotels: Toronto,Grandeur Hotels,Toronto,standard,1,1,4,3,153.82,461.46
fc2bac58-53c8-11ea-913b-b88a60e194fb,9VU-8CQZ,orderid:913720,crmid:8516734490,2019-12-20T10:37:45.000Z,call center,prd1149,1579343865,1579948665,2020-01-18T10:37:45+00:00,2020-01-25T10:37:45+00:00,Sapphire Suites: San Francisco,Sapphire Suites,San Francisco,standard,1,1,0,7,150.59,1054.13
fc2c6fac-53c8-11ea-b9e7-b88a60e194fb,CC4-RVVR,orderid:116467,crmid:1637007257,2020-02-02T08:53:06.000Z,website,prd1052,1580719986,1580892786,2020-02-03T08:53:06+00:00,2020-02-05T08:53:06+00:00,Aspen Heights: Wichita,Aspen Heights,Wichita,standard,1,1,0,2,171.96,343.92
fc2da834-53c8-11ea-b3fe-b88a60e194fb,SKL-UMG6,orderid:984469,crmid:3098207245,2020-02-08T03:38:56.000Z,website,prd1159,1581305936,1581565136,2020-02-10T03:38:56+00:00,2020-02-13T03:38:56+00:00,Family Fun Hotels: Detroit,Family Fun Hotels,Detroit,ultra-luxury,1,1,0,3,384.29,1152.87
fc2dcf34-53c8-11ea-8abf-b88a60e194fb,KUL-RDYG,orderid:863069,crmid:3098207245,2020-02-15T00:00:00.000Z,kiosk,prd1182,1581811200,1582243200,2020-02-16T00:00:00+00:00,2020-02-21T00:00:00+00:00,Restful Nights: Minneapolis,Restful Nights,Minneapolis,standard,1,1,0,5,168.1,840.5
fc2e928a-53c8-11ea-8d96-b88a60e194fb,3UZ-PS9E,orderid:108927,crmid:3654901660,2020-02-11T13:18:06.000Z,service desk,prd1023,1583673486,1584364686,2020-03-08T13:18:06+00:00,2020-03-16T13:18:06+00:00,Hospitality Inn: Boston,Hospitality Inn,Boston,standard,1,1,0,8,119.28,954.24
fc2ff21c-53c8-11ea-9ace-b88a60e194fb,YR4-WTSA,orderid:332453,crmid:4398953009,2019-12-01T16:58:24.000Z,website,prd1160,1575478704,1577120304,2019-12-04T16:58:24+00:00,2019-12-23T16:58:24+00:00,Aspen Heights: Nashville,Aspen Heights,Nashville,standard,1,1,0,19,103.9,1974.1
fc3214da-53c8-11ea-bf85-b88a60e194fb,W7S-TF4W,orderid:642109,crmid:1928560257,2019-12-02T23:03:38.000Z,mobile,prd1160,1577747018,1578265418,2019-12-30T23:03:38+00:00,2020-01-05T23:03:38+00:00,Aspen Heights: Nashville,Aspen Heights,Nashville,premium,1,1,0,6,161.85,971.1
fc332652-53c8-11ea-a295-b88a60e194fb,RYK-VTVO,orderid:556230,crmid:9919241839,2020-01-30T13:00:34.000Z,mobile,prd1130,1581858034,1582635634,2020-02-16T13:00:34+00:00,2020-02-25T13:00:34+00:00,Blue Reef Resort: Bremen,Blue Reef Resort,Bremen,standard,1,1,4,9,133.57,1202.13
fc3410ae-53c8-11ea-8efa-b88a60e194fb,H9E-RWR5,orderid:291921,crmid:3681119778,2020-01-10T23:17:33.000Z,call center,prd1009,1579475853,1580253453,2020-01-19T23:17:33+00:00,2020-01-28T23:17:33+00:00,Admiralty Plaza: San Antonio,Admiralty Plaza,San Antonio,standard,1,1,0,9,131.62,1184.58
fc34fb0a-53c8-11ea-ab6c-b88a60e194fb,PMV-UPNJ,orderid:418372,crmid:5654683847,2020-02-05T08:25:58.000Z,kiosk,prd1153,1583137558,1583569558,2020-03-02T08:25:58+00:00,2020-03-07T08:25:58+00:00,Admiralty Plaza: Charlotte,Admiralty Plaza,Charlotte,standard,1,1,0,5,87.77,438.85
fc35be5e-53c8-11ea-9ae4-b88a60e194fb,A48-ZPWB,orderid:628464,crmid:4461526755,2019-12-28T10:45:06.000Z,website,prd1161,1577789106,1577875506,2019-12-31T10:45:06+00:00,2020-01-01T10:45:06+00:00,Sapphire Suites: Memphis,Sapphire Suites,Memphis,standard,1,1,0,1,169.31,169.31
fc36a8ba-53c8-11ea-8480-b88a60e194fb,JBS-9ORN,orderid:164264,crmid:3828084905,2019-12-16T10:56:56.000Z,call center,prd1037,1579085816,1579690616,2020-01-15T10:56:56+00:00,2020-01-22T10:56:56+00:00,Grandeur Hotels: Sacramento,Grandeur Hotels,Sacramento,standard,1,1,0,7,140.39,982.73
fc376c0c-53c8-11ea-aa65-b88a60e194fb,H0K-HARO,orderid:596985,crmid:3449096447,2020-01-05T08:13:27.000Z,website,prd1015,1578298407,1578384807,2020-01-06T08:13:27+00:00,2020-01-07T08:13:27+00:00,Family Fun Hotels: San Francisco,Family Fun Hotels,San Francisco,standard,1,1,0,1,146.36,146.36
fc3793c2-53c8-11ea-bbef-b88a60e194fb,PHR-E3BO,orderid:954286,crmid:3449096447,2020-01-08T00:00:00.000Z,website,prd1027,1578960000,1579219200,2020-01-14T00:00:00+00:00,2020-01-17T00:00:00+00:00,Family Fun Hotels: Memphis,Family Fun Hotels,Memphis,standard,1,1,0,3,135.59,406.77
fc38f324-53c8-11ea-a320-b88a60e194fb,DSK-51FH,orderid:985715,crmid:9799091432,2020-02-02T23:40:49.000Z,website,prd1045,1580773249,1581032449,2020-02-03T23:40:49+00:00,2020-02-06T23:40:49+00:00,Admiralty Plaza: Miami,Admiralty Plaza,Miami,standard,1,1,0,3,159.72,479.16
fc3a2c46-53c8-11ea-990c-b88a60e194fb,Z72-KFHB,orderid:587948,crmid:5997838027,2020-01-17T03:41:01.000Z,service desk,prd1141,1579837261,1580355661,2020-01-24T03:41:01+00:00,2020-01-30T03:41:01+00:00,Admiralty Plaza: Phoenix,Admiralty Plaza,Phoenix,standard,1,1,0,6,114.34,686.04
fc3b3ce4-53c8-11ea-9136-b88a60e194fb,A8O-Y58L,orderid:452271,crmid:8202103133,2020-02-10T13:53:57.000Z,website,prd1021,1582725237,1582984437,2020-02-26T13:53:57+00:00,2020-02-29T13:53:57+00:00,Admiralty Plaza: Denver,Admiralty Plaza,Denver,premium,1,1,0,3,150.54,451.62
fc3ee63e-53c8-11ea-8337-b88a60e194fb,NYF-YOUM,orderid:544099,crmid:9273522801,2019-12-04T05:43:28.000Z,call center,prd1003,1577771008,1578289408,2019-12-31T05:43:28+00:00,2020-01-06T05:43:28+00:00,Family Fun Hotels: Houston,Family Fun Hotels,Houston,standard,1,1,4,6,146.17,877.02
fc3ff792-53c8-11ea-bc42-b88a60e194fb,UME-QKDJ,orderid:953815,crmid:2023767093,2019-12-06T22:35:53.000Z,mobile,prd1184,1575758153,1575930953,2019-12-07T22:35:53+00:00,2019-12-09T22:35:53+00:00,Aspen Heights: Arlington,Aspen Heights,Arlington,standard,1,1,0,2,172.22,344.44
fc41577a-53c8-11ea-930e-b88a60e194fb,XGA-D23Y,orderid:475116,crmid:7195992034,2019-12-06T08:10:19.000Z,call center,prd1149,1577175019,1577952619,2019-12-24T08:10:19+00:00,2020-01-02T08:10:19+00:00,Sapphire Suites: San Francisco,Sapphire Suites,San Francisco,standard,1,1,0,9,149.69,1347.21
fc4242de-53c8-11ea-acf8-b88a60e194fb,CI3-EWYI,orderid:555460,crmid:8313637255,2020-02-12T18:24:29.000Z,mobile,prd1143,1581618269,1581963869,2020-02-13T18:24:29+00:00,2020-02-17T18:24:29+00:00,Hospitality Inn: San Antonio,Hospitality Inn,San Antonio,premium,1,1,0,4,137.62,550.48
fc432d24-53c8-11ea-95cb-b88a60e194fb,3NW-C3VD,orderid:922160,crmid:7346087909,2019-12-24T19:57:55.000Z,mobile,prd1161,1579463875,1580759875,2020-01-19T19:57:55+00:00,2020-02-03T19:57:55+00:00,Sapphire Suites: Memphis,Sapphire Suites,Memphis,standard,1,1,0,15,111.3,1669.5
fc441798-53c8-11ea-9b03-b88a60e194fb,7QZ-LQKW,orderid:367734,crmid:1788766403,2020-02-14T20:21:59.000Z,website,prd1102,1584217319,1585426919,2020-03-14T20:21:59+00:00,2020-03-28T20:21:59+00:00,Sego Lily Suites: Budapest,Sego Lily Suites,Budapest,standard,1,1,1,14,199.33,2790.62
fc44dade-53c8-11ea-aa8a-b88a60e194fb,XSR-5P7Q,orderid:421143,crmid:7910525666,2019-12-03T02:56:59.000Z,kiosk,prd1119,1577069819,1578020219,2019-12-23T02:56:59+00:00,2020-01-03T02:56:59+00:00,Hospitality Inn: Turin,Hospitality Inn,Turin,standard,1,1,0,11,141.09,1551.99
fc45ec1a-53c8-11ea-9145-b88a60e194fb,CR0-SIIR,orderid:482063,crmid:4356784722,2019-12-04T10:27:38.000Z,kiosk,prd1081,1577615258,1578306458,2019-12-29T10:27:38+00:00,2020-01-06T10:27:38+00:00,Admiralty Plaza: Rod de Janeiro,Admiralty Plaza,Rod de Janeiro,standard,1,1,0,8,136.32,1090.56
fc46d6b8-53c8-11ea-924f-b88a60e194fb,4FP-AJDI,orderid:585152,crmid:7623923831,2019-12-08T04:33:45.000Z,kiosk,prd1141,1578026025,1578976425,2020-01-03T04:33:45+00:00,2020-01-14T04:33:45+00:00,Admiralty Plaza: Phoenix,Admiralty Plaza,Phoenix,standard,1,1,0,11,116.41,1280.51
fc47e842-53c8-11ea-8f70-b88a60e194fb,2AK-CQCH,orderid:297143,crmid:8076071429,2020-02-10T12:46:14.000Z,website,prd1130,1583498774,1583930774,2020-03-06T12:46:14+00:00,2020-03-11T12:46:14+00:00,Blue Reef Resort: Bremen,Blue Reef Resort,Bremen,premium,1,1,0,5,103.89,519.45
fc48ab74-53c8-11ea-8dd2-b88a60e194fb,M8I-WWCR,orderid:895602,crmid:6273522954,2019-12-08T00:35:44.000Z,mobile,prd1185,1576024544,1576629344,2019-12-11T00:35:44+00:00,2019-12-18T00:35:44+00:00,Sapphire Suites: New Orleans,Sapphire Suites,New Orleans,premium,1,1,0,7,170.05,1190.35
fc49bcde-53c8-11ea-b246-b88a60e194fb,9PF-KSKC,orderid:175770,crmid:5032742019,2020-01-25T19:49:50.000Z,mobile,prd1165,1582314590,1582832990,2020-02-21T19:49:50+00:00,2020-02-27T19:49:50+00:00,Admiralty Plaza: Louisville,Admiralty Plaza,Louisville,presidential-suite,1,1,2,6,823.19,4939.14
fc4aa722-53c8-11ea-833a-b88a60e194fb,DZI-VXMQ,orderid:315590,crmid:5491392187,2020-02-16T03:53:10.000Z,call center,prd1165,1584417190,1585021990,2020-03-17T03:53:10+00:00,2020-03-24T03:53:10+00:00,Admiralty Plaza: Louisville,Admiralty Plaza,Louisville,premium,1,1,0,7,111.98,783.86
fc4b919e-53c8-11ea-bc2d-b88a60e194fb,G8O-OIAX,orderid:114742,crmid:8033519822,2020-02-05T04:46:08.000Z,call center,prd1101,1583210768,1583729168,2020-03-03T04:46:08+00:00,2020-03-09T04:46:08+00:00,Sapphire Suites: Vienna,Sapphire Suites,Vienna,standard,1,1,0,6,130.11,780.66
fc4c7c00-53c8-11ea-a6d9-b88a60e194fb,GP2-630M,orderid:407050,crmid:6136915020,2020-02-15T20:34:08.000Z,kiosk,prd1158,1581885248,1582058048,2020-02-16T20:34:08+00:00,2020-02-18T20:34:08+00:00,Restful Nights: El Paso,Restful Nights,El Paso,premium,1,1,0,2,138.53,277.06
fc4d6668-53c8-11ea-814c-b88a60e194fb,XLB-OEYL,orderid:329590,crmid:9526100540,2020-02-02T21:07:36.000Z,kiosk,prd1180,1582232856,1582837656,2020-02-20T21:07:36+00:00,2020-02-27T21:07:36+00:00,Sandhill: Virginia Beach,Sandhill,Virginia Beach,premium,1,1,2,7,127.51,892.57
fc4e50ba-53c8-11ea-8f43-b88a60e194fb,O1T-VHCS,orderid:230586,crmid:5631517015,2019-12-05T22:13:06.000Z,kiosk,prd1116,1575670386,1575929586,2019-12-06T22:13:06+00:00,2019-12-09T22:13:06+00:00,Repose Resort: Naples,Repose Resort,Naples,standard,1,1,0,3,120.87,362.61
fc4f3b38-53c8-11ea-b808-b88a60e194fb,NDF-LUHO,orderid:437434,crmid:8058898694,2019-12-26T18:51:44.000Z,website,prd1019,1579114304,1579719104,2020-01-15T18:51:44+00:00,2020-01-22T18:51:44+00:00,Nesting Box Inn: Charlotte,Nesting Box Inn,Charlotte,standard,1,1,0,7,144.46,1011.22
fc4ffe6e-53c8-11ea-9ef8-b88a60e194fb,HGD-KAWK,orderid:959448,crmid:1456682012,2019-12-23T10:52:13.000Z,website,prd1129,1577184733,1577443933,2019-12-24T10:52:13+00:00,2019-12-27T10:52:13+00:00,Admiralty Plaza: Helsinki,Admiralty Plaza,Helsinki,standard,1,1,0,3,115.89,347.67
fc510fe4-53c8-11ea-b82a-b88a60e194fb,VPS-KUC4,orderid:385149,crmid:2564480581,2020-02-14T23:05:43.000Z,mobile,prd1033,1583795143,1585263943,2020-03-09T23:05:43+00:00,2020-03-26T23:05:43+00:00,Admiralty Plaza: Milwaukee,Admiralty Plaza,Milwaukee,standard,1,1,0,17,138.93,2361.81
fc51fa4c-53c8-11ea-bb78-b88a60e194fb,3XR-FWFO,orderid:733925,crmid:6401624904,2019-12-30T15:47:47.000Z,website,prd1009,1578584867,1578757667,2020-01-09T15:47:47+00:00,2020-01-11T15:47:47+00:00,Admiralty Plaza: San Antonio,Admiralty Plaza,San Antonio,luxury,1,1,2,2,297.53,595.06
fc530bae-53c8-11ea-8983-b88a60e194fb,G7K-9R4K,orderid:265086,crmid:7314270786,2020-02-09T21:09:28.000Z,website,prd1051,1581800968,1582060168,2020-02-15T21:09:28+00:00,2020-02-18T21:09:28+00:00,Family Fun Hotels: New Orleans,Family Fun Hotels,New Orleans,standard,1,1,0,3,101.71,305.13
fc53f610-53c8-11ea-8015-b88a60e194fb,AFE-GEYL,orderid:789425,crmid:5226758865,2020-01-15T04:51:30.000Z,mobile,prd1093,1579323090,1579495890,2020-01-18T04:51:30+00:00,2020-01-20T04:51:30+00:00,Admiralty Plaza: Yokohama,Admiralty Plaza,Yokohama,standard,1,1,0,2,143.81,287.62
fc54e068-53c8-11ea-9051-b88a60e194fb,BLM-M8PX,orderid:468755,crmid:3818924396,2020-02-02T19:31:55.000Z,kiosk,prd1129,1582313515,1582918315,2020-02-21T19:31:55+00:00,2020-02-28T19:31:55+00:00,Admiralty Plaza: Helsinki,Admiralty Plaza,Helsinki,standard,1,1,0,7,141.03,987.21
fc55f100-53c8-11ea-b722-b88a60e194fb,HKK-WIVR,orderid:328660,crmid:4983748020,2020-02-15T00:22:49.000Z,kiosk,prd1082,1581812569,1581898969,2020-02-16T00:22:49+00:00,2020-02-17T00:22:49+00:00,Blue Reef Resort: Surat,Blue Reef Resort,Surat,standard,1,1,0,1,158.61,158.61
fc56dc28-53c8-11ea-a98f-b88a60e194fb,NJB-YDOD,orderid:938068,crmid:4943373818,2019-12-03T04:59:31.000Z,call center,prd1189,1576126771,1576990771,2019-12-12T04:59:31+00:00,2019-12-22T04:59:31+00:00,Admiralty Plaza: Bakersfield,Admiralty Plaza,Bakersfield,standard,1,1,0,10,147.39,1473.9
fc579f92-53c8-11ea-abac-b88a60e194fb,Z2L-YYOH,orderid:636573,crmid:5492640508,2020-01-01T14:27:15.000Z,website,prd1076,1577975235,1578234435,2020-01-02T14:27:15+00:00,2020-01-05T14:27:15+00:00,Aspen Heights: Bogota,Aspen Heights,Bogota,standard,1,1,0,3,146.74,440.22
fc58afb4-53c8-11ea-a8fe-b88a60e194fb,MTA-HMT6,orderid:242608,crmid:1589696944,2020-02-10T22:55:00.000Z,mobile,prd1196,1583276100,1583794500,2020-03-03T22:55:00+00:00,2020-03-09T22:55:00+00:00,Aspen Heights: Moscow,Aspen Heights,Moscow,premium,1,1,2,6,128.0,768.0
fc597446-53c8-11ea-8e54-b88a60e194fb,D0D-DWOG,orderid:565245,crmid:2697296276,2020-02-05T13:19:03.000Z,service desk,prd1021,1581081543,1581254343,2020-02-07T13:19:03+00:00,2020-02-09T13:19:03+00:00,Admiralty Plaza: Denver,Admiralty Plaza,Denver,standard,1,1,0,2,66.17,132.34
fc5a5eb4-53c8-11ea-a024-b88a60e194fb,QPH-CKVG,orderid:875708,crmid:2339001547,2020-02-15T09:24:08.000Z,service desk,prd1021,1581845048,1582017848,2020-02-16T09:24:08+00:00,2020-02-18T09:24:08+00:00,Admiralty Plaza: Denver,Admiralty Plaza,Denver,premium,1,1,0,2,119.44,238.88
fc5b4912-53c8-11ea-a849-b88a60e194fb,YDV-COSH,orderid:718364,crmid:1217575260,2020-01-17T21:33:18.000Z,kiosk,prd1178,1581111198,1582061598,2020-02-07T21:33:18+00:00,2020-02-18T21:33:18+00:00,Blue Reef Resort: Colorado Springs,Blue Reef Resort,Colorado Springs,presidential-suite,1,1,0,11,866.13,9527.43
fc5c0c74-53c8-11ea-a898-b88a60e194fb,LUQ-FZOS,orderid:621112,crmid:5985116367,2019-12-17T20:52:10.000Z,service desk,prd1177,1576702330,1576961530,2019-12-18T20:52:10+00:00,2019-12-21T20:52:10+00:00,Admiralty Plaza: Raleigh,Admiralty Plaza,Raleigh,standard,1,1,0,3,128.65,385.95
fc5d44d2-53c8-11ea-be61-b88a60e194fb,GWJ-5AC4,orderid:195098,crmid:1545269016,2019-12-31T23:03:37.000Z,kiosk,prd1119,1578006217,1578697417,2020-01-02T23:03:37+00:00,2020-01-10T23:03:37+00:00,Hospitality Inn: Turin,Hospitality Inn,Turin,standard,1,1,0,8,190.9,1527.2
fc5e2f2e-53c8-11ea-adaa-b88a60e194fb,XNS-OE8B,orderid:994070,crmid:6763654548,2020-01-12T02:46:56.000Z,kiosk,prd1166,1580266016,1581821216,2020-01-29T02:46:56+00:00,2020-02-16T02:46:56+00:00,Blue Reef Resort: Baltimore,Blue Reef Resort,Baltimore,standard,1,1,0,18,146.77,2641.86
fc5f199a-53c8-11ea-a5ba-b88a60e194fb,ZRM-TQRX,orderid:798768,crmid:6704027649,2020-01-01T12:30:22.000Z,website,prd1193,1578227422,1579350622,2020-01-05T12:30:22+00:00,2020-01-18T12:30:22+00:00,Grandeur Hotels: Kinshasa,Grandeur Hotels,Kinshasa,standard,1,1,0,13,157.07,2041.91
fc5fdcec-53c8-11ea-b61f-b88a60e194fb,OKL-IGZG,orderid:437642,crmid:2628585491,2020-01-30T03:24:49.000Z,kiosk,prd1016,1582860289,1583810689,2020-02-28T03:24:49+00:00,2020-03-10T03:24:49+00:00,Aspen Heights: Columbus,Aspen Heights,Columbus,premium,1,1,0,11,172.84,1901.24
fc60c74c-53c8-11ea-a8f9-b88a60e194fb,3WG-OWFX,orderid:504313,crmid:2745332439,2019-12-27T18:48:52.000Z,kiosk,prd1148,1577645332,1577904532,2019-12-29T18:48:52+00:00,2020-01-01T18:48:52+00:00,Aspen Heights: Jacksonville,Aspen Heights,Jacksonville,standard,1,1,0,3,137.16,411.48
fc61b1ae-53c8-11ea-9c11-b88a60e194fb,CTQ-CIKR,orderid:463569,crmid:8018320529,2020-01-31T23:18:33.000Z,mobile,prd1088,1580599113,1580685513,2020-02-01T23:18:33+00:00,2020-02-02T23:18:33+00:00,Aspen Heights: Ankara,Aspen Heights,Ankara,standard,1,1,0,1,112.0,112.0
fc61b1af-53c8-11ea-bee4-b88a60e194fb,BUH-FQGW,orderid:316999,crmid:8018320529,2020-02-03T00:00:00.000Z,kiosk,prd1047,1581120000,1581206400,2020-02-08T00:00:00+00:00,2020-02-09T00:00:00+00:00,Hospitality Inn: Oakland,Hospitality Inn,Oakland,ultra-luxury,1,1,0,1,358.72,358.72
fc629c0c-53c8-11ea-9468-b88a60e194fb,PUM-TSQD,orderid:928944,crmid:5728600940,2019-12-07T13:04:19.000Z,mobile,prd1061,1578143059,1578661459,2020-01-04T13:04:19+00:00,2020-01-10T13:04:19+00:00,Grandeur Hotels: Lahore,Grandeur Hotels,Lahore,standard,1,1,0,6,127.17,763.02
fc63ac4c-53c8-11ea-a3ec-b88a60e194fb,3SX-MT1U,orderid:628770,crmid:4657201811,2020-01-25T11:57:21.000Z,service desk,prd1196,1582459041,1582718241,2020-02-23T11:57:21+00:00,2020-02-26T11:57:21+00:00,Aspen Heights: Moscow,Aspen Heights,Moscow,premium,1,1,0,3,161.35,484.05
fc64e5fe-53c8-11ea-ac95-b88a60e194fb,LJE-O0AZ,orderid:242122,crmid:8776960843,2020-01-08T18:21:58.000Z,kiosk,prd1120,1578680518,1578853318,2020-01-10T18:21:58+00:00,2020-01-12T18:21:58+00:00,Sandhill: Marseille,Sandhill,Marseille,standard,1,1,0,2,104.8,209.6
fc65a94a-53c8-11ea-b25b-b88a60e194fb,Y3R-XGXR,orderid:336198,crmid:5422653813,2020-02-11T04:50:38.000Z,mobile,prd1184,1581483038,1581655838,2020-02-12T04:50:38+00:00,2020-02-14T04:50:38+00:00,Aspen Heights: Arlington,Aspen Heights,Arlington,standard,1,1,0,2,127.44,254.88
fc66bab4-53c8-11ea-acb3-b88a60e194fb,JHX-QM1L,orderid:916075,crmid:7147581409,2019-12-23T06:26:17.000Z,kiosk,prd1040,1579155977,1579415177,2020-01-16T06:26:17+00:00,2020-01-19T06:26:17+00:00,Aspen Heights: Atlanta,Aspen Heights,Atlanta,premium,1,1,4,3,123.98,371.94
fc67f330-53c8-11ea-9fe9-b88a60e194fb,7KW-LNZM,orderid:619134,crmid:3076224718,2019-12-31T10:34:40.000Z,service desk,prd1069,1577874880,1577961280,2020-01-01T10:34:40+00:00,2020-01-02T10:34:40+00:00,Admiralty Plaza: Singapore,Admiralty Plaza,Singapore,standard,1,1,0,1,152.19,152.19
fc68dcf8-53c8-11ea-b0d5-b88a60e194fb,L77-NTBC,orderid:124703,crmid:1317811121,2020-01-29T09:23:33.000Z,mobile,prd1081,1580376213,1580635413,2020-01-30T09:23:33+00:00,2020-02-02T09:23:33+00:00,Admiralty Plaza: Rod de Janeiro,Admiralty Plaza,Rod de Janeiro,standard,1,1,0,3,146.19,438.57
fc69c800-53c8-11ea-add4-b88a60e194fb,WTU-YDRT,orderid:795228,crmid:1452292134,2019-12-10T18:55:56.000Z,service desk,prd1190,1576263356,1576608956,2019-12-13T18:55:56+00:00,2019-12-17T18:55:56+00:00,Blue Reef Resort: Aurora,Blue Reef Resort,Aurora,standard,1,1,0,4,161.37,645.48
fc69c801-53c8-11ea-be64-b88a60e194fb,BEP-LSJW,orderid:892258,crmid:1452292134,2019-12-18T00:00:00.000Z,kiosk,prd1046,1576713600,1576886400,2019-12-19T00:00:00+00:00,2019-12-21T00:00:00+00:00,Blue Reef Resort: Virginia Beach,Blue Reef Resort,Virginia Beach,standard,1,1,0,2,137.13,274.26
fc6ab274-53c8-11ea-8d72-b88a60e194fb,VWL-XE3O,orderid:303744,crmid:9653448800,2019-12-24T00:25:09.000Z,website,prd1069,1577751909,1578443109,2019-12-31T00:25:09+00:00,2020-01-08T00:25:09+00:00,Admiralty Plaza: Singapore,Admiralty Plaza,Singapore,ultra-luxury,1,1,0,8,281.03,2248.24
fc6b9cbe-53c8-11ea-acc2-b88a60e194fb,5V1-AVUQ,orderid:826412,crmid:2257229532,2020-02-07T00:53:54.000Z,kiosk,prd1160,1581123234,1581209634,2020-02-08T00:53:54+00:00,2020-02-09T00:53:54+00:00,Aspen Heights: Nashville,Aspen Heights,Nashville,standard,1,1,0,1,138.54,138.54
fc6c8740-53c8-11ea-9c95-b88a60e194fb,GUN-GWSD,orderid:966330,crmid:2910322838,2020-01-18T10:11:04.000Z,call center,prd1047,1579860664,1580119864,2020-01-24T10:11:04+00:00,2020-01-27T10:11:04+00:00,Hospitality Inn: Oakland,Hospitality Inn,Oakland,standard,1,1,0,3,65.77,197.31
fc6cae26-53c8-11ea-b89f-b88a60e194fb,WHU-K4VZ,orderid:203980,crmid:2910322838,2020-01-28T00:00:00.000Z,mobile,prd1156,1580256000,1580428800,2020-01-29T00:00:00+00:00,2020-01-31T00:00:00+00:00,Sandhill: Washington DC,Sandhill,Washington DC,standard,1,1,0,2,166.0,332.0
fc6dbf9e-53c8-11ea-9a11-b88a60e194fb,YVB-DAK1,orderid:876536,crmid:3673451162,2020-01-31T19:43:02.000Z,call center,prd1034,1582659782,1583091782,2020-02-25T19:43:02+00:00,2020-03-01T19:43:02+00:00,Blue Reef Resort: Albuquerque,Blue Reef Resort,Albuquerque,premium,1,1,0,5,145.55,727.75
fc6e82f8-53c8-11ea-91a4-b88a60e194fb,8MV-WM5M,orderid:898312,crmid:6005239734,2020-02-15T11:37:22.000Z,website,prd1109,1582025842,1582112242,2020-02-18T11:37:22+00:00,2020-02-19T11:37:22+00:00,Grandeur Hotels: Belgrade,Grandeur Hotels,Belgrade,standard,1,1,0,1,159.83,159.83
fc6f6d52-53c8-11ea-918f-b88a60e194fb,0JK-K92B,orderid:922378,crmid:4475078268,2020-01-29T22:57:55.000Z,kiosk,prd1107,1580425075,1580597875,2020-01-30T22:57:55+00:00,2020-02-01T22:57:55+00:00,Hospitality Inn: Kharkiv,Hospitality Inn,Kharkiv,standard,1,1,0,2,109.96,219.92
fc6f6d53-53c8-11ea-9984-b88a60e194fb,7JY-3A9B,orderid:705608,crmid:4475078268,2020-02-02T00:00:00.000Z,website,prd1131,1580860800,1581120000,2020-02-05T00:00:00+00:00,2020-02-08T00:00:00+00:00,Hospitality Inn: Sheffield,Hospitality Inn,Sheffield,standard,1,1,0,3,175.48,526.44
fc7057ba-53c8-11ea-9e6f-b88a60e194fb,NKI-HFKV,orderid:588477,crmid:9981794437,2020-01-26T17:52:03.000Z,service desk,prd1101,1580493123,1580752323,2020-01-31T17:52:03+00:00,2020-02-03T17:52:03+00:00,Sapphire Suites: Vienna,Sapphire Suites,Vienna,standard,1,1,0,3,117.32,351.96
fc719028-53c8-11ea-9867-b88a60e194fb,O3N-AFYV,orderid:778385,crmid:3981618590,2020-01-02T11:16:04.000Z,service desk,prd1088,1580382964,1580987764,2020-01-30T11:16:04+00:00,2020-02-06T11:16:04+00:00,Aspen Heights: Ankara,Aspen Heights,Ankara,standard,1,1,0,7,118.7,830.9
fc72a19e-53c8-11ea-8633-b88a60e194fb,IVV-I77P,orderid:251417,crmid:1314465012,2019-12-11T17:21:32.000Z,call center,prd1165,1578676892,1579281692,2020-01-10T17:21:32+00:00,2020-01-17T17:21:32+00:00,Admiralty Plaza: Louisville,Admiralty Plaza,Louisville,standard,1,1,0,7,139.1,973.7
fc7364ee-53c8-11ea-b47b-b88a60e194fb,PLE-I0AQ,orderid:496284,crmid:8775281862,2020-01-31T02:01:02.000Z,kiosk,prd1197,1582336862,1582855262,2020-02-22T02:01:02+00:00,2020-02-28T02:01:02+00:00,Sapphire Suites: London,Sapphire Suites,London,standard,1,1,0,6,166.25,997.5
fc742828-53c8-11ea-b7b6-b88a60e194fb,MRG-1PUG,orderid:542056,crmid:7851147090,2019-12-16T09:15:23.000Z,mobile,prd1026,1578474923,1578906923,2020-01-08T09:15:23+00:00,2020-01-13T09:15:23+00:00,Restful Nights: Nashville,Restful Nights,Nashville,standard,1,1,0,5,149.03,745.15
fc7539c0-53c8-11ea-94b0-b88a60e194fb,AYV-MMKZ,orderid:602978,crmid:7921122925,2019-12-24T21:59:45.000Z,mobile,prd1014,1577311185,1577483985,2019-12-25T21:59:45+00:00,2019-12-27T21:59:45+00:00,Restful Nights: Jacksonville,Restful Nights,Jacksonville,premium,1,1,0,2,199.51,399.02
fc762408-53c8-11ea-b000-b88a60e194fb,LPO-WFKC,orderid:291890,crmid:7884578108,2020-01-02T13:42:22.000Z,service desk,prd1101,1578231742,1579614142,2020-01-05T13:42:22+00:00,2020-01-21T13:42:22+00:00,Sapphire Suites: Vienna,Sapphire Suites,Vienna,standard,1,1,0,16,174.66,2794.56
fc770e68-53c8-11ea-849a-b88a60e194fb,6MD-SB3D,orderid:582120,crmid:6470041630,2019-12-07T01:09:12.000Z,call center,prd1033,1575940152,1576372152,2019-12-10T01:09:12+00:00,2019-12-15T01:09:12+00:00,Admiralty Plaza: Milwaukee,Admiralty Plaza,Milwaukee,standard,1,1,0,5,149.45,747.25
fc77d1e4-53c8-11ea-8e9c-b88a60e194fb,ZKZ-TXQD,orderid:588731,crmid:9957933690,2020-01-26T16:39:05.000Z,website,prd1061,1581957545,1582821545,2020-02-17T16:39:05+00:00,2020-02-27T16:39:05+00:00,Grandeur Hotels: Lahore,Grandeur Hotels,Lahore,standard,1,1,1,10,144.7,1447.0
fc78bc42-53c8-11ea-93bd-b88a60e194fb,EPJ-UZTO,orderid:721399,crmid:4685017870,2020-02-16T12:34:36.000Z,call center,prd1177,1584275676,1585917276,2020-03-15T12:34:36+00:00,2020-04-03T12:34:36+00:00,Admiralty Plaza: Raleigh,Admiralty Plaza,Raleigh,premium,1,1,1,19,139.31,2646.89
fc79a67e-53c8-11ea-80a1-b88a60e194fb,KVM-V8ID,orderid:263992,crmid:6531730766,2020-01-21T02:23:25.000Z,call center,prd1137,1581992605,1582770205,2020-02-18T02:23:25+00:00,2020-02-27T02:23:25+00:00,Sapphire Suites: Manila,Sapphire Suites,Manila,standard,1,1,4,9,120.11,1080.99
fc7ab7e6-53c8-11ea-ba16-b88a60e194fb,BHV-WVAG,orderid:750369,crmid:4035295248,2019-12-25T16:10:03.000Z,kiosk,prd1045,1578586203,1579709403,2020-01-09T16:10:03+00:00,2020-01-22T16:10:03+00:00,Admiralty Plaza: Miami,Admiralty Plaza,Miami,standard,1,1,0,13,110.15,1431.95
fc7bc96e-53c8-11ea-9671-b88a60e194fb,4ZH-NU5A,orderid:401123,crmid:8822345313,2020-01-09T01:53:16.000Z,service desk,prd1182,1578707596,1578880396,2020-01-11T01:53:16+00:00,2020-01-13T01:53:16+00:00,Restful Nights: Minneapolis,Restful Nights,Minneapolis,standard,1,1,0,2,137.57,275.14
fc7cdae4-53c8-11ea-a6b5-b88a60e194fb,O91-ABR2,orderid:196501,crmid:6632504835,2020-01-03T03:30:15.000Z,website,prd1187,1578540615,1578713415,2020-01-09T03:30:15+00:00,2020-01-11T03:30:15+00:00,Nesting Box Inn: Cleveland,Nesting Box Inn,Cleveland,standard,1,1,0,2,105.49,210.98
fc7d9e3a-53c8-11ea-b8cf-b88a60e194fb,BAA-XBJC,orderid:266389,crmid:7397014563,2020-02-03T12:17:16.000Z,website,prd1153,1582978636,1583151436,2020-02-29T12:17:16+00:00,2020-03-02T12:17:16+00:00,Admiralty Plaza: Charlotte,Admiralty Plaza,Charlotte,standard,1,1,0,2,154.46,308.92
fc7e8876-53c8-11ea-9f12-b88a60e194fb,AOL-XQI1,orderid:755831,crmid:8275957455,2020-01-30T09:19:02.000Z,website,prd1058,1580462342,1580894342,2020-01-31T09:19:02+00:00,2020-02-05T09:19:02+00:00,Blue Reef Resort: Delhi,Blue Reef Resort,Delhi,standard,1,1,0,5,136.63,683.15
fc7f99ec-53c8-11ea-a82c-b88a60e194fb,OS9-NKP3,orderid:985458,crmid:5673659977,2020-01-15T14:33:25.000Z,call center,prd1033,1581086005,1581950005,2020-02-07T14:33:25+00:00,2020-02-17T14:33:25+00:00,Admiralty Plaza: Milwaukee,Admiralty Plaza,Milwaukee,premium,1,1,0,10,171.08,1710.8
fc8082f0-53c8-11ea-a251-b88a60e194fb,UMP-FYDO,orderid:510987,crmid:2125504535,2019-12-17T13:16:13.000Z,call center,prd1052,1578748573,1579007773,2020-01-11T13:16:13+00:00,2020-01-14T13:16:13+00:00,Aspen Heights: Wichita,Aspen Heights,Wichita,standard,1,1,0,3,169.03,507.09
fc816d4a-53c8-11ea-8e94-b88a60e194fb,V5P-GGN6,orderid:235776,crmid:6139886961,2020-02-09T05:38:03.000Z,mobile,prd1077,1581917883,1582004283,2020-02-17T05:38:03+00:00,2020-02-18T05:38:03+00:00,Sapphire Suites: Cairo,Sapphire Suites,Cairo,standard,1,1,0,1,103.55,103.55
fc8257a8-53c8-11ea-8495-b88a60e194fb,LYC-RVH5,orderid:919041,crmid:6369884194,2020-02-12T19:33:10.000Z,kiosk,prd1179,1581622390,1581708790,2020-02-13T19:33:10+00:00,2020-02-14T19:33:10+00:00,Hospitality Inn: Miami,Hospitality Inn,Miami,premium,1,1,0,1,152.96,152.96
fc834208-53c8-11ea-b014-b88a60e194fb,XPH-QVB1,orderid:102157,crmid:7482058721,2020-01-18T01:47:30.000Z,mobile,prd1009,1579398450,1579657650,2020-01-19T01:47:30+00:00,2020-01-22T01:47:30+00:00,Admiralty Plaza: San Antonio,Admiralty Plaza,San Antonio,standard,1,1,0,3,111.79,335.37
fc845378-53c8-11ea-87af-b88a60e194fb,OBO-OCG2,orderid:145428,crmid:8408617619,2019-12-26T15:04:02.000Z,call center,prd1037,1578582242,1579100642,2020-01-09T15:04:02+00:00,2020-01-15T15:04:02+00:00,Grandeur Hotels: Sacramento,Grandeur Hotels,Sacramento,luxury,1,1,0,6,263.29,1579.74
fc85b312-53c8-11ea-8fcc-b88a60e194fb,D2F-0UVV,orderid:500869,crmid:6901804285,2020-01-30T19:52:09.000Z,call center,prd1013,1582746729,1583437929,2020-02-26T19:52:09+00:00,2020-03-05T19:52:09+00:00,Grandeur Hotels: Austin,Grandeur Hotels,Austin,standard,1,1,0,8,131.91,1055.28
fc869d9e-53c8-11ea-b946-b88a60e194fb,YRQ-HM4Y,orderid:452423,crmid:5552738060,2020-01-20T20:27:51.000Z,website,prd1140,1581625671,1581971271,2020-02-13T20:27:51+00:00,2020-02-17T20:27:51+00:00,Repose Resort: Kano,Repose Resort,Kano,premium,1,1,3,4,124.9,499.6
fc8787f6-53c8-11ea-8980-b88a60e194fb,BR7-QJEU,orderid:839412,crmid:7254361993,2019-12-04T01:18:33.000Z,website,prd1058,1575940713,1576977513,2019-12-10T01:18:33+00:00,2019-12-22T01:18:33+00:00,Blue Reef Resort: Delhi,Blue Reef Resort,Delhi,standard,1,1,0,12,181.77,2181.24
fc887258-53c8-11ea-a371-b88a60e194fb,LSR-MWD5,orderid:890715,crmid:8061782877,2019-12-06T16:09:58.000Z,kiosk,prd1023,1576080598,1576858198,2019-12-11T16:09:58+00:00,2019-12-20T16:09:58+00:00,Hospitality Inn: Boston,Hospitality Inn,Boston,premium,1,1,1,9,128.7,1158.3
fc895cb6-53c8-11ea-9dca-b88a60e194fb,B9I-TTT5,orderid:395196,crmid:1269292460,2020-01-12T09:50:24.000Z,website,prd1169,1580723424,1581328224,2020-02-03T09:50:24+00:00,2020-02-10T09:50:24+00:00,Grandeur Hotels: Tucson,Grandeur Hotels,Tucson,luxury,1,1,0,7,304.5,2131.5
fc8a6e14-53c8-11ea-bcf0-b88a60e194fb,Y2Z-M4VH,orderid:204812,crmid:7675986651,2019-12-10T13:46:49.000Z,kiosk,prd1196,1576072009,1576331209,2019-12-11T13:46:49+00:00,2019-12-14T13:46:49+00:00,Aspen Heights: Moscow,Aspen Heights,Moscow,standard,1,1,0,3,172.33,516.99
fc8b5886-53c8-11ea-b9a3-b88a60e194fb,WD2-DXYC,orderid:985822,crmid:4740745565,2020-01-16T11:45:53.000Z,call center,prd1133,1581248753,1581680753,2020-02-09T11:45:53+00:00,2020-02-14T11:45:53+00:00,Grandeur Hotels: Toronto,Grandeur Hotels,Toronto,standard,1,1,0,5,138.94,694.7
fc8c1bae-53c8-11ea-812d-b88a60e194fb,Q5D-SRR9,orderid:412778,crmid:6471957976,2019-12-28T11:38:38.000Z,call center,prd1105,1577619518,1577792318,2019-12-29T11:38:38+00:00,2019-12-31T11:38:38+00:00,Admiralty Plaza: Barcelona,Admiralty Plaza,Barcelona,standard,1,1,0,2,132.7,265.4
fc8d060a-53c8-11ea-a241-b88a60e194fb,EBQ-ARE7,orderid:394499,crmid:2243681573,2020-01-28T13:34:57.000Z,kiosk,prd1057,1580477697,1580564097,2020-01-31T13:34:57+00:00,2020-02-01T13:34:57+00:00,Admiralty Plaza: Mumbai,Admiralty Plaza,Mumbai,premium,1,1,0,1,137.75,137.75
fc8e1776-53c8-11ea-9831-b88a60e194fb,BRP-D4RV,orderid:898151,crmid:7857882496,2020-01-07T17:49:07.000Z,website,prd1112,1580320147,1580924947,2020-01-29T17:49:07+00:00,2020-02-05T17:49:07+00:00,Aspen Heights: Birmingham,Aspen Heights,Birmingham,standard,1,1,0,7,138.55,969.85
fc8edacc-53c8-11ea-9d85-b88a60e194fb,XWH-BF9S,orderid:602337,crmid:9338746967,2020-01-10T18:49:30.000Z,call center,prd1157,1580755770,1581446970,2020-02-03T18:49:30+00:00,2020-02-11T18:49:30+00:00,Grandeur Hotels: Boston,Grandeur Hotels,Boston,premium,1,1,0,8,146.29,1170.32
fc8fec3a-53c8-11ea-8545-b88a60e194fb,ER9-KXRH,orderid:751253,crmid:8006871602,2019-12-17T09:19:03.000Z,call center,prd1146,1578993543,1579598343,2020-01-14T09:19:03+00:00,2020-01-21T09:19:03+00:00,Restful Nights: San Jose,Restful Nights,San Jose,standard,1,1,0,7,169.76,1188.32
fc90d80a-53c8-11ea-85a5-b88a60e194fb,U4F-ANGG,orderid:530703,crmid:9087013593,2019-12-13T21:05:03.000Z,service desk,prd1133,1578171903,1578344703,2020-01-04T21:05:03+00:00,2020-01-06T21:05:03+00:00,Grandeur Hotels: Toronto,Grandeur Hotels,Toronto,standard,1,1,0,2,97.21,194.42
fc91c270-53c8-11ea-aac8-b88a60e194fb,R5L-LFM9,orderid:410898,crmid:9663098253,2019-12-18T05:07:23.000Z,kiosk,prd1167,1578805643,1579496843,2020-01-12T05:07:23+00:00,2020-01-20T05:07:23+00:00,Hospitality Inn: Milwaukee,Hospitality Inn,Milwaukee,standard,1,1,0,8,165.38,1323.04
fc92acb4-53c8-11ea-9f55-b88a60e194fb,MIE-JITB,orderid:637293,crmid:2136443156,2020-02-12T03:06:47.000Z,call center,prd1140,1583723207,1584068807,2020-03-09T03:06:47+00:00,2020-03-13T03:06:47+00:00,Repose Resort: Kano,Repose Resort,Kano,standard,1,1,4,4,142.68,570.72
fc93be28-53c8-11ea-9bf3-b88a60e194fb,TQV-1Z0K,orderid:536300,crmid:8361967797,2020-01-13T18:15:38.000Z,website,prd1028,1579025738,1579284938,2020-01-14T18:15:38+00:00,2020-01-17T18:15:38+00:00,Aspen Heights: Portland,Aspen Heights,Portland,standard,1,1,0,3,153.4,460.2
fc948186-53c8-11ea-a51b-b88a60e194fb,N2Z-HJGX,orderid:668668,crmid:2406270966,2020-01-19T02:23:27.000Z,website,prd1083,1581906207,1582338207,2020-02-17T02:23:27+00:00,2020-02-22T02:23:27+00:00,Hospitality Inn: Bangkok,Hospitality Inn,Bangkok,standard,1,1,3,5,92.24,461.2
fc956a7e-53c8-11ea-9458-b88a60e194fb,UH1-VKZ3,orderid:213128,crmid:4649635839,2020-01-09T09:51:33.000Z,kiosk,prd1187,1580809893,1581501093,2020-02-04T09:51:33+00:00,2020-02-12T09:51:33+00:00,Nesting Box Inn: Cleveland,Nesting Box Inn,Cleveland,standard,1,1,3,8,162.22,1297.76
fc965628-53c8-11ea-b78d-b88a60e194fb,P4Y-JCEX,orderid:468088,crmid:1145201935,2020-01-20T15:05:39.000Z,service desk,prd1112,1581519939,1582556739,2020-02-12T15:05:39+00:00,2020-02-24T15:05:39+00:00,Aspen Heights: Birmingham,Aspen Heights,Birmingham,premium,1,1,0,12,166.04,1992.48
fc9740be-53c8-11ea-ac27-b88a60e194fb,OFU-GYDN,orderid:600919,crmid:9682495278,2020-01-25T03:10:22.000Z,website,prd1125,1581995422,1582513822,2020-02-18T03:10:22+00:00,2020-02-24T03:10:22+00:00,Sapphire Suites: Palermo,Sapphire Suites,Palermo,standard,1,1,4,6,139.52,837.12
fc982b06-53c8-11ea-a4c6-b88a60e194fb,FKB-YG6I,orderid:756194,crmid:4283201766,2020-02-02T04:44:52.000Z,kiosk,prd1170,1582692292,1583037892,2020-02-26T04:44:52+00:00,2020-03-01T04:44:52+00:00,Restful Nights: Fresno,Restful Nights,Fresno,standard,1,1,1,4,117.22,468.88
fc9963b6-53c8-11ea-9f29-b88a60e194fb,VGY-RJIS,orderid:462155,crmid:6924149585,2020-01-17T19:37:39.000Z,call center,prd1117,1579635459,1580240259,2020-01-21T19:37:39+00:00,2020-01-28T19:37:39+00:00,Admiralty Plaza: Dublin,Admiralty Plaza,Dublin,standard,1,1,0,7,109.29,765.03
fc9a26e4-53c8-11ea-bdd9-b88a60e194fb,QBS-YMSP,orderid:436793,crmid:1597453039,2020-02-13T02:43:57.000Z,website,prd1081,1581734637,1581993837,2020-02-15T02:43:57+00:00,2020-02-18T02:43:57+00:00,Admiralty Plaza: Rod de Janeiro,Admiralty Plaza,Rod de Janeiro,premium,1,1,0,3,151.13,453.39
fc9b0fde-53c8-11ea-92ea-b88a60e194fb,BCX-LLL7,orderid:358244,crmid:9484298371,2020-01-03T05:56:58.000Z,call center,prd1198,1580191018,1580882218,2020-01-28T05:56:58+00:00,2020-02-05T05:56:58+00:00,Sego Lily Suites: Paris,Sego Lily Suites,Paris,standard,1,1,0,8,111.91,895.28
fc9bfbc8-53c8-11ea-8493-b88a60e194fb,OTP-EPGR,orderid:924309,crmid:8238604575,2020-02-15T19:15:50.000Z,kiosk,prd1077,1584126950,1584472550,2020-03-13T19:15:50+00:00,2020-03-17T19:15:50+00:00,Sapphire Suites: Cairo,Sapphire Suites,Cairo,standard,1,1,0,4,131.08,524.32
fc9ce4d0-53c8-11ea-84d9-b88a60e194fb,OCI-TWEJ,orderid:708963,crmid:3949339298,2020-01-12T03:24:40.000Z,website,prd1160,1580441080,1581477880,2020-01-31T03:24:40+00:00,2020-02-12T03:24:40+00:00,Aspen Heights: Nashville,Aspen Heights,Nashville,premium,1,1,0,12,160.16,1921.92
fc9dd05a-53c8-11ea-9092-b88a60e194fb,UHG-CPYO,orderid:473149,crmid:8319988542,2020-01-15T01:11:45.000Z,website,prd1016,1579137105,1579223505,2020-01-16T01:11:45+00:00,2020-01-17T01:11:45+00:00,Aspen Heights: Columbus,Aspen Heights,Columbus,premium,1,1,0,1,143.24,143.24
fc9e9394-53c8-11ea-b623-b88a60e194fb,7YO-RJNX,orderid:989008,crmid:8441418278,2020-01-29T11:26:01.000Z,call center,prd1021,1580383561,1580556361,2020-01-30T11:26:01+00:00,2020-02-01T11:26:01+00:00,Admiralty Plaza: Denver,Admiralty Plaza,Denver,standard,1,1,0,2,131.93,263.86
fc9f7dfa-53c8-11ea-abb2-b88a60e194fb,AOS-GMQT,orderid:164496,crmid:6306299008,2019-12-22T12:49:23.000Z,call center,prd1087,1577969363,1578487763,2020-01-02T12:49:23+00:00,2020-01-08T12:49:23+00:00,Family Fun Hotels: Kolkata,Family Fun Hotels,Kolkata,premium,1,1,0,6,108.86,653.16
fca06710-53c8-11ea-b4d7-b88a60e194fb,4C4-UB61,orderid:886229,crmid:3462923050,2020-02-05T03:16:49.000Z,website,prd1184,1580959009,1581045409,2020-02-06T03:16:49+00:00,2020-02-07T03:16:49+00:00,Aspen Heights: Arlington,Aspen Heights,Arlington,standard,1,1,0,1,122.51,122.51
fca152ba-53c8-11ea-b8fd-b88a60e194fb,VFG-ZS5F,orderid:858812,crmid:9710191799,2019-12-02T14:48:12.000Z,call center,prd1081,1577458092,1577544492,2019-12-27T14:48:12+00:00,2019-12-28T14:48:12+00:00,Admiralty Plaza: Rod de Janeiro,Admiralty Plaza,Rod de Janeiro,standard,1,1,0,1,131.96,131.96
fca2160c-53c8-11ea-9ae7-b88a60e194fb,OCE-7BMZ,orderid:785933,crmid:8908813568,2019-12-11T03:58:56.000Z,kiosk,prd1037,1576123136,1576209536,2019-12-12T03:58:56+00:00,2019-12-13T03:58:56+00:00,Grandeur Hotels: Sacramento,Grandeur Hotels,Sacramento,standard,1,1,0,1,98.64,98.64
fca34e8c-53c8-11ea-a529-b88a60e194fb,5W6-FFCJ,orderid:703877,crmid:6150625504,2019-12-20T06:38:48.000Z,website,prd1039,1576910328,1577083128,2019-12-21T06:38:48+00:00,2019-12-23T06:38:48+00:00,Family Fun Hotels: Kansas City,Family Fun Hotels,Kansas City,luxury,1,1,0,2,365.05,730.1
fca411de-53c8-11ea-9e4a-b88a60e194fb,GLL-NKE2,orderid:318473,crmid:1325471287,2020-02-01T07:10:06.000Z,kiosk,prd1078,1581059406,1581664206,2020-02-07T07:10:06+00:00,2020-02-14T07:10:06+00:00,Sego Lily Suites: Ho Chi Minh,Sego Lily Suites,Ho Chi Minh,premium,1,1,0,7,179.88,1259.16
fca5234a-53c8-11ea-9a69-b88a60e194fb,PY6-FUYS,orderid:758869,crmid:2778411863,2020-02-08T11:49:44.000Z,website,prd1196,1583063384,1584618584,2020-03-01T11:49:44+00:00,2020-03-19T11:49:44+00:00,Aspen Heights: Moscow,Aspen Heights,Moscow,premium,1,1,0,18,176.33,3173.94
fca634ba-53c8-11ea-b8d3-b88a60e194fb,BXY-HU7P,orderid:844152,crmid:2025920602,2020-01-04T17:17:46.000Z,website,prd1119,1580059066,1580145466,2020-01-26T17:17:46+00:00,2020-01-27T17:17:46+00:00,Hospitality Inn: Turin,Hospitality Inn,Turin,standard,1,1,0,1,129.78,129.78
fca71f42-53c8-11ea-91df-b88a60e194fb,Y3Q-IQNK,orderid:446918,crmid:2812816687,2019-12-13T17:31:59.000Z,kiosk,prd1137,1578763919,1579887119,2020-01-11T17:31:59+00:00,2020-01-24T17:31:59+00:00,Sapphire Suites: Manila,Sapphire Suites,Manila,premium,1,1,0,13,131.27,1706.51
fca7e268-53c8-11ea-a5ca-b88a60e194fb,YLB-KRJQ,orderid:659032,crmid:1013026616,2020-01-24T14:00:00.000Z,website,prd1025,1580911200,1580997600,2020-02-05T14:00:00+00:00,2020-02-06T14:00:00+00:00,Grandeur Hotels: Detroit,Grandeur Hotels,Detroit,standard,1,1,1,1,140.93,140.93
fca8f3de-53c8-11ea-9570-b88a60e194fb,S6C-WH0E,orderid:664513,crmid:5945482812,2019-12-10T19:35:59.000Z,mobile,prd1175,1576265759,1576438559,2019-12-13T19:35:59+00:00,2019-12-15T19:35:59+00:00,Nesting Box Inn: Long Beach,Nesting Box Inn,Long Beach,premium,1,1,0,2,196.46,392.92
fca9de5c-53c8-11ea-9f14-b88a60e194fb,5DZ-ZKLY,orderid:402831,crmid:3664988245,2019-12-18T12:44:19.000Z,kiosk,prd1046,1576845859,1577018659,2019-12-20T12:44:19+00:00,2019-12-22T12:44:19+00:00,Blue Reef Resort: Virginia Beach,Blue Reef Resort,Virginia Beach,standard,1,1,0,2,122.74,245.48
fcaaa190-53c8-11ea-9bc5-b88a60e194fb,M80-OUGV,orderid:489025,crmid:4478691243,2020-01-12T02:48:53.000Z,website,prd1017,1580698133,1581130133,2020-02-03T02:48:53+00:00,2020-02-08T02:48:53+00:00,Sapphire Suites: Fort Worth,Sapphire Suites,Fort Worth,standard,1,1,0,5,92.54,462.7
fcabb2fa-53c8-11ea-ba2e-b88a60e194fb,WDV-FOLO,orderid:232761,crmid:3418295266,2019-12-16T16:40:24.000Z,call center,prd1184,1578588024,1579538424,2020-01-09T16:40:24+00:00,2020-01-20T16:40:24+00:00,Aspen Heights: Arlington,Aspen Heights,Arlington,premium,1,1,4,11,129.03,1419.33
fcacc468-53c8-11ea-8745-b88a60e194fb,F4S-FVFG,orderid:687300,crmid:8645124453,2020-01-29T01:56:36.000Z,mobile,prd1017,1580522196,1580867796,2020-02-01T01:56:36+00:00,2020-02-05T01:56:36+00:00,Sapphire Suites: Fort Worth,Sapphire Suites,Fort Worth,premium,1,1,0,4,137.98,551.92
fcadfcb4-53c8-11ea-bb02-b88a60e194fb,VBY-4DG4,orderid:665151,crmid:6456884794,2020-01-26T12:48:16.000Z,kiosk,prd1124,1580215696,1580302096,2020-01-28T12:48:16+00:00,2020-01-29T12:48:16+00:00,Aspen Heights: Leeds,Aspen Heights,Leeds,standard,1,1,0,1,147.05,147.05
fcaee70c-53c8-11ea-a7d6-b88a60e194fb,SSH-HXUV,orderid:352113,crmid:5619672896,2019-12-04T22:14:52.000Z,call center,prd1098,1577657692,1578089692,2019-12-29T22:14:52+00:00,2020-01-03T22:14:52+00:00,Restful Nights: Kiev,Restful Nights,Kiev,standard,1,1,0,5,166.61,833.05
fcafd1ba-53c8-11ea-a5e9-b88a60e194fb,UOE-KIMR,orderid:602407,crmid:2723790089,2020-01-16T06:40:14.000Z,call center,prd1052,1581316814,1581835214,2020-02-10T06:40:14+00:00,2020-02-16T06:40:14+00:00,Aspen Heights: Wichita,Aspen Heights,Wichita,standard,1,1,0,6,151.35,908.1
fcb13008-53c8-11ea-b00d-b88a60e194fb,WOO-LGMH,orderid:521997,crmid:8435119392,2020-02-14T20:41:28.000Z,service desk,prd1167,1583268088,1583786488,2020-03-03T20:41:28+00:00,2020-03-09T20:41:28+00:00,Hospitality Inn: Milwaukee,Hospitality Inn,Milwaukee,standard,1,1,0,6,158.36,950.16
fcb28f6c-53c8-11ea-97a5-b88a60e194fb,4EI-JU6W,orderid:898290,crmid:1264532306,2020-02-05T08:55:06.000Z,kiosk,prd1032,1581065706,1581152106,2020-02-07T08:55:06+00:00,2020-02-08T08:55:06+00:00,Repose Resort: Baltimore,Repose Resort,Baltimore,premium,1,1,0,1,123.68,123.68
fcb3eef8-53c8-11ea-abf1-b88a60e194fb,QE7-YVRL,orderid:673250,crmid:4717546562,2020-01-26T15:11:42.000Z,call center,prd1131,1580397102,1580656302,2020-01-30T15:11:42+00:00,2020-02-02T15:11:42+00:00,Hospitality Inn: Sheffield,Hospitality Inn,Sheffield,standard,1,1,0,3,153.94,461.82
fcb52782-53c8-11ea-87d6-b88a60e194fb,ACN-CXRU,orderid:242735,crmid:4399590835,2019-12-18T04:28:38.000Z,call center,prd1161,1576729718,1577075318,2019-12-19T04:28:38+00:00,2019-12-23T04:28:38+00:00,Sapphire Suites: Memphis,Sapphire Suites,Memphis,standard,1,1,0,4,133.82,535.28
fcb54e8a-53c8-11ea-a0c7-b88a60e194fb,H87-IBAS,orderid:329127,crmid:4399590835,2019-12-24T00:00:00.000Z,website,prd1172,1577318400,1577491200,2019-12-26T00:00:00+00:00,2019-12-28T00:00:00+00:00,Aspen Heights: Mesa,Aspen Heights,Mesa,standard,1,1,0,2,114.27,228.54
fcb6ae18-53c8-11ea-a2d4-b88a60e194fb,HC6-RFO4,orderid:690454,crmid:3232625930,2020-01-20T03:18:13.000Z,call center,prd1001,1579576693,1579749493,2020-01-21T03:18:13+00:00,2020-01-23T03:18:13+00:00,Grandeur Hotels: New York,Grandeur Hotels,New York,premium,1,1,0,2,124.37,248.74
