{"_id": "fbf1d8e8-53c8-11ea-af9e-b88a60e194fb", "timestamp": "2020-02-15T20:51:50.000Z", "eventType": "transaction", "_adobeamericaspot3": {"CRMID": "crmid:6030307211", "orderDetails": {"orderID": "orderid:834148", "reservationid": "IMI-RPEO", "orderType": "call center"}}}
{"_id": "fbf2c32c-53c8-11ea-94c7-b88a60e194fb", "timestamp": "2020-01-01T20:39:49.000Z", "eventType": "transaction", "_adobeamericaspot3": {"CRMID": "crmid:6107815967", "orderDetails": {"orderID": "orderid:268279", "reservationid": "ARP-V7SM", "orderType": "call center"}}}
{"_id": "fbf3d4b6-53c8-11ea-8f09-b88a60e194fb", "timestamp": "2019-12-05T09:45:22.000Z", "eventType": "transaction", "_adobeamericaspot3": {"CRMID": "crmid:6907540807", "orderDetails": {"orderID": "orderid:573755", "reservationid": "PUV-J4RJ", "orderType": "call center"}}}
{"_id": "fbf4e642-53c8-11ea-b4f9-b88a60e194fb", "timestamp": "2020-01-01T16:33:25.000Z", "eventType": "transaction", "_adobeamericaspot3": {"CRMID": "crmid:4277677954", "orderDetails": {"orderID": "orderid:708369", "reservationid": "297-TYO9", "orderType": "call center"}}}
{"_id": "fbf5a96e-53c8-11ea-9bcf-b88a60e194fb", "timestamp": "2020-02-15T04:56:51.000Z", "eventType": "transaction", "_adobeamericaspot3": {"CRMID": "crmid:4853950321", "orderDetails": {"orderID": "orderid:680825", "reservationid": "LWV-U2YL", "orderType": "kiosk"}}}
{"_id": "fbf6bada-53c8-11ea-9107-b88a60e194fb", "timestamp": "2020-02-12T03:16:42.000Z", "eventType": "transaction", "_adobeamericaspot3": {"CRMID": "crmid:8841382365", "orderDetails": {"orderID": "orderid:406433", "reservationid": "8CU-DCF1", "orderType": "service desk"}}}
{"_id": "fbf7a524-53c8-11ea-8784-b88a60e194fb", "timestamp": "2020-02-04T16:44:46.000Z", "eventType": "transaction", "_adobeamericaspot3": {"CRMID": "crmid:5142302134", "orderDetails": {"orderID": "orderid:748964", "reservationid": "U6U-SIEA", "orderType": "call center"}}}
{"_id": "fbf8689e-53c8-11ea-8b0a-b88a60e194fb", "timestamp": "2020-01-27T19:11:48.000Z", "eventType": "transaction", "_adobeamericaspot3": {"CRMID": "crmid:7400251927", "orderDetails": {"orderID": "orderid:992942", "reservationid": "MMK-9EEI", "orderType": "website"}}}
{"_id": "fbf952ae-53c8-11ea-8fc9-b88a60e194fb", "timestamp": "2019-12-18T09:46:40.000Z", "eventType": "transaction", "_adobeamericaspot3": {"CRMID": "crmid:7439882937", "orderDetails": {"orderID": "orderid:565864", "reservationid": "N1E-3AWP", "orderType": "kiosk"}}}
{"_id": "fbfa6476-53c8-11ea-af3a-b88a60e194fb", "timestamp": "2020-02-05T02:34:24.000Z", "eventType": "transaction", "_adobeamericaspot3": {"CRMID": "crmid:5547880012", "orderDetails": {"orderID": "orderid:300236", "reservationid": "E9O-MRFP", "orderType": "kiosk"}}}
{"_id": "fbfb4ef0-53c8-11ea-b40f-b88a60e194fb", "timestamp": "2020-01-04T21:05:31.000Z", "eventType": "transaction", "_adobeamericaspot3": {"CRMID": "crmid:4074947158", "orderDetails": {"orderID": "orderid:357936", "reservationid": "RKX-4JBA", "orderType": "website"}}}
{"_id": "fbfc396c-53c8-11ea-90a3-b88a60e194fb", "timestamp": "2020-01-05T13:57:05.000Z", "eventType": "transaction", "_adobeamericaspot3": {"CRMID": "crmid:7373897742", "orderDetails": {"orderID": "orderid:121573", "reservationid": "6TB-3OCK", "orderType": "kiosk"}}}
{"_id": "fbfd4a92-53c8-11ea-bf61-b88a60e194fb", "timestamp": "2020-01-04T09:02:10.000Z", "eventType": "transaction", "_adobeamericaspot3": {"CRMID": "crmid:3990484796", "orderDetails": {"orderID": "orderid:958979", "reservationid": "MY5-B8NO", "orderType": "call center"}}}
{"_id": "fbfe0ddc-53c8-11ea-a0c9-b88a60e194fb", "timestamp": "2020-01-02T05:47:25.000Z", "eventType": "transaction", "_adobeamericaspot3": {"CRMID": "crmid:2372653289", "orderDetails": {"orderID": "orderid:239155", "reservationid": "DWN-I8PT", "orderType": "kiosk"}}}
{"_id": "fbff1f50-53c8-11ea-8cf3-b88a60e194fb", "timestamp": "2020-01-15T01:10:35.000Z", "eventType": "transaction", "_adobeamericaspot3": {"CRMID": "crmid:6671500117", "orderDetails": {"orderID": "orderid:481641", "reservationid": "PGW-DUYN", "orderType": "call center"}}}
{"_id": "fc0009b8-53c8-11ea-8ef9-b88a60e194fb", "timestamp": "2020-01-17T08:18:55.000Z", "eventType": "transaction", "_adobeamericaspot3": {"CRMID": "crmid:9700394879", "orderDetails": {"orderID": "orderid:687110", "reservationid": "PZX-G4HK", "orderType": "kiosk"}}}
{"_id": "fc00f40a-53c8-11ea-a833-b88a60e194fb", "timestamp": "2019-12-16T01:15:42.000Z", "eventType": "transaction", "_adobeamericaspot3": {"CRMID": "crmid:4914418514", "orderDetails": {"orderID": "orderid:863211", "reservationid": "KDX-NSC4", "orderType": "mobile"}}}
{"_id": "fc01de80-53c8-11ea-be9b-b88a60e194fb", "timestamp": "2019-12-07T13:22:32.000Z", "eventType": "transaction", "_adobeamericaspot3": {"CRMID": "crmid:7526394140", "orderDetails": {"orderID": "orderid:457988", "reservationid": "JTF-CUEG", "orderType": "website"}}}
{"_id": "fc02a1be-53c8-11ea-8459-b88a60e194fb", "timestamp": "2019-12-04T02:51:13.000Z", "eventType": "transaction", "_adobeamericaspot3": {"CRMID": "crmid:2818345338", "orderDetails": {"orderID": "orderid:745820", "reservationid": "8H2-JIE7", "orderType": "website"}}}
{"_id": "fc038c40-53c8-11ea-9a8f-b88a60e194fb", "timestamp": "2020-01-14T08:56:27.000Z", "eventType": "transaction", "_adobeamericaspot3": {"CRMID": "crmid:6994216008", "orderDetails": {"orderID": "orderid:283458", "reservationid": "QPF-BLNS", "orderType": "service desk"}}}
{"_id": "fc049d92-53c8-11ea-b4c6-b88a60e194fb", "timestamp": "2020-01-18T12:47:14.000Z", "eventType": "transaction", "_adobeamericaspot3": {"CRMID": "crmid:5363068909", "orderDetails": {"orderID": "orderid:914355", "reservationid": "FTK-PBF2", "orderType": "call center"}}}
{"_id": "fc0560dc-53c8-11ea-b231-b88a60e194fb", "timestamp": "2019-12-19T07:49:34.000Z", "eventType": "transaction", "_adobeamericaspot3": {"CRMID": "crmid:1599937727", "orderDetails": {"orderID": "orderid:213395", "reservationid": "XQK-RZ8F", "orderType": "website"}}}
{"_id": "fc062424-53c8-11ea-bdf7-b88a60e194fb", "timestamp": "2020-01-25T11:11:25.000Z", "eventType": "transaction", "_adobeamericaspot3": {"CRMID": "crmid:3251275157", "orderDetails": {"orderID": "orderid:104579", "reservationid": "WEP-TZQ5", "orderType": "mobile"}}}
{"_id": "fc078314-53c8-11ea-b798-b88a60e194fb", "timestamp": "2020-02-13T22:27:49.000Z", "eventType": "transaction", "_adobeamericaspot3": {"CRMID": "crmid:3764415790", "orderDetails": {"orderID": "orderid:303228", "reservationid": "LCR-XDND", "orderType": "website"}}}
{"_id": "fc086e3a-53c8-11ea-b323-b88a60e194fb", "timestamp": "2019-12-13T21:21:52.000Z", "eventType": "transaction", "_adobeamericaspot3": {"CRMID": "crmid:2044259005", "orderDetails": {"orderID": "orderid:638187", "reservationid": "YJV-L8AT", "orderType": "call center"}}}
{"_id": "fc097e50-53c8-11ea-8947-b88a60e194fb", "timestamp": "2020-02-16T16:56:37.000Z", "eventType": "transaction", "_adobeamericaspot3": {"CRMID": "crmid:7085568779", "orderDetails": {"orderID": "orderid:216801", "reservationid": "QLA-QGQW", "orderType": "kiosk"}}}
{"_id": "fc0a8fa6-53c8-11ea-858b-b88a60e194fb", "timestamp": "2019-12-21T15:15:36.000Z", "eventType": "transaction", "_adobeamericaspot3": {"CRMID": "crmid:5849820085", "orderDetails": {"orderID": "orderid:780148", "reservationid": "JRQ-OPNE", "orderType": "mobile"}}}
{"_id": "fc0bc990-53c8-11ea-a3e7-b88a60e194fb", "timestamp": "2019-12-19T20:34:59.000Z", "eventType": "transaction", "_adobeamericaspot3": {"CRMID": "crmid:7647803279", "orderDetails": {"orderID": "orderid:538502", "reservationid": "522-MSHM", "orderType": "kiosk"}}}
{"_id": "fc0cb44a-53c8-11ea-a468-b88a60e194fb", "timestamp": "2020-01-28T20:18:49.000Z", "eventType": "transaction", "_adobeamericaspot3": {"CRMID": "crmid:2479999057", "orderDetails": {"orderID": "orderid:756497", "reservationid": "BYA-TYYJ", "orderType": "website"}}}
{"_id": "fc0d9e26-53c8-11ea-8779-b88a60e194fb", "timestamp": "2020-02-04T22:06:35.000Z", "eventType": "transaction", "_adobeamericaspot3": {"CRMID": "crmid:4420994665", "orderDetails": {"orderID": "orderid:988627", "reservationid": "IEE-XZWW", "orderType": "service desk"}}}
{"_id": "fc0eafb6-53c8-11ea-9c4e-b88a60e194fb", "timestamp": "2020-01-01T11:26:05.000Z", "eventType": "transaction", "_adobeamericaspot3": {"CRMID": "crmid:9799817336", "orderDetails": {"orderID": "orderid:571478", "reservationid": "WGT-CZVJ", "orderType": "website"}}}
{"_id": "fc0f98c2-53c8-11ea-8a59-b88a60e194fb", "timestamp": "2019-12-02T04:28:56.000Z", "eventType": "transaction", "_adobeamericaspot3": {"CRMID": "crmid:5820315521", "orderDetails": {"orderID": "orderid:596558", "reservationid": "BGF-KLZX", "orderType": "website"}}}
{"_id": "fc108464-53c8-11ea-abaf-b88a60e194fb", "timestamp": "2019-12-24T22:36:00.000Z", "eventType": "transaction", "_adobeamericaspot3": {"CRMID": "crmid:9930191828", "orderDetails": {"orderID": "orderid:116079", "reservationid": "MKR-VXCZ", "orderType": "website"}}}
{"_id": "fc1195ec-53c8-11ea-a399-b88a60e194fb", "timestamp": "2019-12-08T07:15:35.000Z", "eventType": "transaction", "_adobeamericaspot3": {"CRMID": "crmid:5009072598", "orderDetails": {"orderID": "orderid:698399", "reservationid": "TVN-NCAE", "orderType": "call center"}}}
{"_id": "fc128022-53c8-11ea-b305-b88a60e194fb", "timestamp": "2019-12-03T12:50:21.000Z", "eventType": "transaction", "_adobeamericaspot3": {"CRMID": "crmid:9724093686", "orderDetails": {"orderID": "orderid:127063", "reservationid": "2Z2-LHQQ", "orderType": "kiosk"}}}
{"_id": "fc1391b0-53c8-11ea-b8b4-b88a60e194fb", "timestamp": "2020-02-02T14:41:34.000Z", "eventType": "transaction", "_adobeamericaspot3": {"CRMID": "crmid:1695683166", "orderDetails": {"orderID": "orderid:477042", "reservationid": "QU5-MTLU", "orderType": "website"}}}
{"_id": "fc1454fa-53c8-11ea-a9b8-b88a60e194fb", "timestamp": "2019-12-10T09:20:13.000Z", "eventType": "transaction", "_adobeamericaspot3": {"CRMID": "crmid:2142484182", "orderDetails": {"orderID": "orderid:593371", "reservationid": "BEB-2GLI", "orderType": "website"}}}
{"_id": "fc153f1e-53c8-11ea-8e8d-b88a60e194fb", "timestamp": "2019-12-07T17:18:16.000Z", "eventType": "transaction", "_adobeamericaspot3": {"CRMID": "crmid:1546713199", "orderDetails": {"orderID": "orderid:523048", "reservationid": "TTL-OO7V", "orderType": "website"}}}
{"_id": "fc1650e2-53c8-11ea-9c56-b88a60e194fb", "timestamp": "2019-12-02T03:08:55.000Z", "eventType": "transaction", "_adobeamericaspot3": {"CRMID": "crmid:5531256040", "orderDetails": {"orderID": "orderid:243405", "reservationid": "QF8-CHNL", "orderType": "kiosk"}}}
{"_id": "fc171438-53c8-11ea-89af-b88a60e194fb", "timestamp": "2020-02-12T06:26:23.000Z", "eventType": "transaction", "_adobeamericaspot3": {"CRMID": "crmid:5535835463", "orderDetails": {"orderID": "orderid:203863", "reservationid": "40A-UHNU", "orderType": "call center"}}}
{"_id": "fc184b58-53c8-11ea-8925-b88a60e194fb", "timestamp": "2020-02-11T21:56:24.000Z", "eventType": "transaction", "_adobeamericaspot3": {"CRMID": "crmid:2137801872", "orderDetails": {"orderID": "orderid:325846", "reservationid": "VSM-W9VK", "orderType": "service desk"}}}
{"_id": "fc1936fe-53c8-11ea-9a1d-b88a60e194fb", "timestamp": "2019-12-08T15:48:55.000Z", "eventType": "transaction", "_adobeamericaspot3": {"CRMID": "crmid:6595239030", "orderDetails": {"orderID": "orderid:398328", "reservationid": "0Z5-SQ9W", "orderType": "kiosk"}}}
{"_id": "fc1a2198-53c8-11ea-9b3a-b88a60e194fb", "timestamp": "2019-12-21T01:16:49.000Z", "eventType": "transaction", "_adobeamericaspot3": {"CRMID": "crmid:4852222881", "orderDetails": {"orderID": "orderid:224444", "reservationid": "GHE-SQX7", "orderType": "mobile"}}}
{"_id": "fc1ae4ba-53c8-11ea-9225-b88a60e194fb", "timestamp": "2019-12-29T12:45:53.000Z", "eventType": "transaction", "_adobeamericaspot3": {"CRMID": "crmid:6023649111", "orderDetails": {"orderID": "orderid:995583", "reservationid": "1KL-WVQW", "orderType": "kiosk"}}}
{"_id": "fc1c1d2e-53c8-11ea-b961-b88a60e194fb", "timestamp": "2019-12-15T11:42:53.000Z", "eventType": "transaction", "_adobeamericaspot3": {"CRMID": "crmid:4097784876", "orderDetails": {"orderID": "orderid:959714", "reservationid": "BYL-WRYW", "orderType": "website"}}}
{"_id": "fc1d0790-53c8-11ea-9d7d-b88a60e194fb", "timestamp": "2019-12-15T21:54:40.000Z", "eventType": "transaction", "_adobeamericaspot3": {"CRMID": "crmid:1161801664", "orderDetails": {"orderID": "orderid:924697", "reservationid": "9K6-NJS9", "orderType": "call center"}}}
{"_id": "fc1df20c-53c8-11ea-958b-b88a60e194fb", "timestamp": "2020-01-04T19:42:47.000Z", "eventType": "transaction", "_adobeamericaspot3": {"CRMID": "crmid:9379941010", "orderDetails": {"orderID": "orderid:291633", "reservationid": "MMA-W2ZV", "orderType": "website"}}}
{"_id": "fc1eb51a-53c8-11ea-9f44-b88a60e194fb", "timestamp": "2020-01-02T09:08:36.000Z", "eventType": "transaction", "_adobeamericaspot3": {"CRMID": "crmid:9416028056", "orderDetails": {"orderID": "orderid:500633", "reservationid": "B6D-FOBS", "orderType": "kiosk"}}}
{"_id": "fc1f9f9c-53c8-11ea-931d-b88a60e194fb", "timestamp": "2019-12-25T00:30:19.000Z", "eventType": "transaction", "_adobeamericaspot3": {"CRMID": "crmid:8889659006", "orderDetails": {"orderID": "orderid:499485", "reservationid": "NRL-DOZB", "orderType": "call center"}}}
{"_id": "fc2088ca-53c8-11ea-909a-b88a60e194fb", "timestamp": "2019-12-15T14:00:49.000Z", "eventType": "transaction", "_adobeamericaspot3": {"CRMID": "crmid:2669457647", "orderDetails": {"orderID": "orderid:254135", "reservationid": "G1Z-PBPY", "orderType": "call center"}}}
{"_id": "fc21732c-53c8-11ea-9e70-b88a60e194fb", "timestamp": "2019-12-10T01:20:39.000Z", "eventType": "transaction", "_adobeamericaspot3": {"CRMID": "crmid:6865288243", "orderDetails": {"orderID": "orderid:282607", "reservationid": "UUA-KWVS", "orderType": "call center"}}}
{"_id": "fc225d86-53c8-11ea-8a4c-b88a60e194fb", "timestamp": "2020-01-12T06:35:22.000Z", "eventType": "transaction", "_adobeamericaspot3": {"CRMID": "crmid:9379449416", "orderDetails": {"orderID": "orderid:377528", "reservationid": "PSP-Y4QV", "orderType": "mobile"}}}
{"_id": "fc2347e2-53c8-11ea-bcc4-b88a60e194fb", "timestamp": "2019-12-23T00:52:52.000Z", "eventType": "transaction", "_adobeamericaspot3": {"CRMID": "crmid:2494451061", "orderDetails": {"orderID": "orderid:407608", "reservationid": "JEC-FE2M", "orderType": "kiosk"}}}
{"_id": "fc240b36-53c8-11ea-a8c8-b88a60e194fb", "timestamp": "2019-12-11T17:26:23.000Z", "eventType": "transaction", "_adobeamericaspot3": {"CRMID": "crmid:8334322710", "orderDetails": {"orderID": "orderid:456132", "reservationid": "HM2-JUH0", "orderType": "website"}}}
{"_id": "fc2543a8-53c8-11ea-bacd-b88a60e194fb", "timestamp": "2020-02-03T04:14:42.000Z", "eventType": "transaction", "_adobeamericaspot3": {"CRMID": "crmid:2684350794", "orderDetails": {"orderID": "orderid:588486", "reservationid": "ZZS-OXDG", "orderType": "call center"}}}
{"_id": "fc265524-53c8-11ea-9a5b-b88a60e194fb", "timestamp": "2019-12-03T15:01:11.000Z", "eventType": "transaction", "_adobeamericaspot3": {"CRMID": "crmid:6700208223", "orderDetails": {"orderID": "orderid:820224", "reservationid": "MOH-WXNX", "orderType": "call center"}}}
{"_id": "fc273f86-53c8-11ea-a7d0-b88a60e194fb", "timestamp": "2020-01-06T03:20:28.000Z", "eventType": "transaction", "_adobeamericaspot3": {"CRMID": "crmid:4695693562", "orderDetails": {"orderID": "orderid:682480", "reservationid": "LBV-OP5Z", "orderType": "website"}}}
{"_id": "fc2851d8-53c8-11ea-a929-b88a60e194fb", "timestamp": "2020-02-16T01:32:43.000Z", "eventType": "transaction", "_adobeamericaspot3": {"CRMID": "crmid:2192906217", "orderDetails": {"orderID": "orderid:909386", "reservationid": "PCO-3SOD", "orderType": "service desk"}}}
{"_id": "fc296288-53c8-11ea-8f8a-b88a60e194fb", "timestamp": "2020-02-04T10:19:35.000Z", "eventType": "transaction", "_adobeamericaspot3": {"CRMID": "crmid:2281581865", "orderDetails": {"orderID": "orderid:359648", "reservationid": "NZS-JTL5", "orderType": "website"}}}
{"_id": "fc2ac26e-53c8-11ea-97f0-b88a60e194fb", "timestamp": "2020-01-06T21:02:37.000Z", "eventType": "transaction", "_adobeamericaspot3": {"CRMID": "crmid:2822513678", "orderDetails": {"orderID": "orderid:224916", "reservationid": "NYM-N2OD", "orderType": "website"}}}
{"_id": "fc2bac58-53c8-11ea-913b-b88a60e194fb", "timestamp": "2019-12-20T10:37:45.000Z", "eventType": "transaction", "_adobeamericaspot3": {"CRMID": "crmid:8516734490", "orderDetails": {"orderID": "orderid:913720", "reservationid": "9VU-8CQZ", "orderType": "call center"}}}
{"_id": "fc2c6fac-53c8-11ea-b9e7-b88a60e194fb", "timestamp": "2020-02-02T08:53:06.000Z", "eventType": "transaction", "_adobeamericaspot3": {"CRMID": "crmid:1637007257", "orderDetails": {"orderID": "orderid:116467", "reservationid": "CC4-RVVR", "orderType": "website"}}}
{"_id": "fc2da834-53c8-11ea-b3fe-b88a60e194fb", "timestamp": "2020-02-08T03:38:56.000Z", "eventType": "transaction", "_adobeamericaspot3": {"CRMID": "crmid:3098207245", "orderDetails": {"orderID": "orderid:984469", "reservationid": "SKL-UMG6", "orderType": "website"}}}
{"_id": "fc2dcf34-53c8-11ea-8abf-b88a60e194fb", "timestamp": "2020-02-15T00:00:00.000Z", "eventType": "transaction", "_adobeamericaspot3": {"CRMID": "crmid:3098207245", "orderDetails": {"orderID": "orderid:863069", "reservationid": "KUL-RDYG", "orderType": "kiosk"}}}
{"_id": "fc2e928a-53c8-11ea-8d96-b88a60e194fb", "timestamp": "2020-02-11T13:18:06.000Z", "eventType": "transaction", "_adobeamericaspot3": {"CRMID": "crmid:3654901660", "orderDetails": {"orderID": "orderid:108927", "reservationid": "3UZ-PS9E", "orderType": "service desk"}}}
{"_id": "fc2ff21c-53c8-11ea-9ace-b88a60e194fb", "timestamp": "2019-12-01T16:58:24.000Z", "eventType": "transaction", "_adobeamericaspot3": {"CRMID": "crmid:4398953009", "orderDetails": {"orderID": "orderid:332453", "reservationid": "YR4-WTSA", "orderType": "website"}}}
{"_id": "fc3214da-53c8-11ea-bf85-b88a60e194fb", "timestamp": "2019-12-02T23:03:38.000Z", "eventType": "transaction", "_adobeamericaspot3": {"CRMID": "crmid:1928560257", "orderDetails": {"orderID": "orderid:642109", "reservationid": "W7S-TF4W", "orderType": "mobile"}}}
{"_id": "fc332652-53c8-11ea-a295-b88a60e194fb", "timestamp": "2020-01-30T13:00:34.000Z", "eventType": "transaction", "_adobeamericaspot3": {"CRMID": "crmid:9919241839", "orderDetails": {"orderID": "orderid:556230", "reservationid": "RYK-VTVO", "orderType": "mobile"}}}
{"_id": "fc3410ae-53c8-11ea-8efa-b88a60e194fb", "timestamp": "2020-01-10T23:17:33.000Z", "eventType": "transaction", "_adobeamericaspot3": {"CRMID": "crmid:3681119778", "orderDetails": {"orderID": "orderid:291921", "reservationid": "H9E-RWR5", "orderType": "call center"}}}
{"_id": "fc34fb0a-53c8-11ea-ab6c-b88a60e194fb", "timestamp": "2020-02-05T08:25:58.000Z", "eventType": "transaction", "_adobeamericaspot3": {"CRMID": "crmid:5654683847", "orderDetails": {"orderID": "orderid:418372", "reservationid": "PMV-UPNJ", "orderType": "kiosk"}}}
{"_id": "fc35be5e-53c8-11ea-9ae4-b88a60e194fb", "timestamp": "2019-12-28T10:45:06.000Z", "eventType": "transaction", "_adobeamericaspot3": {"CRMID": "crmid:4461526755", "orderDetails": {"orderID": "orderid:628464", "reservationid": "A48-ZPWB", "orderType": "website"}}}
{"_id": "fc36a8ba-53c8-11ea-8480-b88a60e194fb", "timestamp": "2019-12-16T10:56:56.000Z", "eventType": "transaction", "_adobeamericaspot3": {"CRMID": "crmid:3828084905", "orderDetails": {"orderID": "orderid:164264", "reservationid": "JBS-9ORN", "orderType": "call center"}}}
{"_id": "fc376c0c-53c8-11ea-aa65-b88a60e194fb", "timestamp": "2020-01-05T08:13:27.000Z", "eventType": "transaction", "_adobeamericaspot3": {"CRMID": "crmid:3449096447", "orderDetails": {"orderID": "orderid:596985", "reservationid": "H0K-HARO", "orderType": "website"}}}
{"_id": "fc3793c2-53c8-11ea-bbef-b88a60e194fb", "timestamp": "2020-01-08T00:00:00.000Z", "eventType": "transaction", "_adobeamericaspot3": {"CRMID": "crmid:3449096447", "orderDetails": {"orderID": "orderid:954286", "reservationid": "PHR-E3BO", "orderType": "website"}}}
{"_id": "fc38f324-53c8-11ea-a320-b88a60e194fb", "timestamp": "2020-02-02T23:40:49.000Z", "eventType": "transaction", "_adobeamericaspot3": {"CRMID": "crmid:9799091432", "orderDetails": {"orderID": "orderid:985715", "reservationid": "DSK-51FH", "orderType": "website"}}}
{"_id": "fc3a2c46-53c8-11ea-990c-b88a60e194fb", "timestamp": "2020-01-17T03:41:01.000Z", "eventType": "transaction", "_adobeamericaspot3": {"CRMID": "crmid:5997838027", "orderDetails": {"orderID": "orderid:587948", "reservationid": "Z72-KFHB", "orderType": "service desk"}}}
{"_id": "fc3b3ce4-53c8-11ea-9136-b88a60e194fb", "timestamp": "2020-02-10T13:53:57.000Z", "eventType": "transaction", "_adobeamericaspot3": {"CRMID": "crmid:8202103133", "orderDetails": {"orderID": "orderid:452271", "reservationid": "A8O-Y58L", "orderType": "website"}}}
{"_id": "fc3ee63e-53c8-11ea-8337-b88a60e194fb", "timestamp": "2019-12-04T05:43:28.000Z", "eventType": "transaction", "_adobeamericaspot3": {"CRMID": "crmid:9273522801", "orderDetails": {"orderID": "orderid:544099", "reservationid": "NYF-YOUM", "orderType": "call center"}}}
{"_id": "fc3ff792-53c8-11ea-bc42-b88a60e194fb", "timestamp": "2019-12-06T22:35:53.000Z", "eventType": "transaction", "_adobeamericaspot3": {"CRMID": "crmid:2023767093", "orderDetails": {"orderID": "orderid:953815", "reservationid": "UME-QKDJ", "orderType": "mobile"}}}
{"_id": "fc41577a-53c8-11ea-930e-b88a60e194fb", "timestamp": "2019-12-06T08:10:19.000Z", "eventType": "transaction", "_adobeamericaspot3": {"CRMID": "crmid:7195992034", "orderDetails": {"orderID": "orderid:475116", "reservationid": "XGA-D23Y", "orderType": "call center"}}}
{"_id": "fc4242de-53c8-11ea-acf8-b88a60e194fb", "timestamp": "2020-02-12T18:24:29.000Z", "eventType": "transaction", "_adobeamericaspot3": {"CRMID": "crmid:8313637255", "orderDetails": {"orderID": "orderid:555460", "reservationid": "CI3-EWYI", "orderType": "mobile"}}}
{"_id": "fc432d24-53c8-11ea-95cb-b88a60e194fb", "timestamp": "2019-12-24T19:57:55.000Z", "eventType": "transaction", "_adobeamericaspot3": {"CRMID": "crmid:7346087909", "orderDetails": {"orderID": "orderid:922160", "reservationid": "3NW-C3VD", "orderType": "mobile"}}}
{"_id": "fc441798-53c8-11ea-9b03-b88a60e194fb", "timestamp": "2020-02-14T20:21:59.000Z", "eventType": "transaction", "_adobeamericaspot3": {"CRMID": "crmid:1788766403", "orderDetails": {"orderID": "orderid:367734", "reservationid": "7QZ-LQKW", "orderType": "website"}}}
{"_id": "fc44dade-53c8-11ea-aa8a-b88a60e194fb", "timestamp": "2019-12-03T02:56:59.000Z", "eventType": "transaction", "_adobeamericaspot3": {"CRMID": "crmid:7910525666", "orderDetails": {"orderID": "orderid:421143", "reservationid": "XSR-5P7Q", "orderType": "kiosk"}}}
{"_id": "fc45ec1a-53c8-11ea-9145-b88a60e194fb", "timestamp": "2019-12-04T10:27:38.000Z", "eventType": "transaction", "_adobeamericaspot3": {"CRMID": "crmid:4356784722", "orderDetails": {"orderID": "orderid:482063", "reservationid": "CR0-SIIR", "orderType": "kiosk"}}}
{"_id": "fc46d6b8-53c8-11ea-924f-b88a60e194fb", "timestamp": "2019-12-08T04:33:45.000Z", "eventType": "transaction", "_adobeamericaspot3": {"CRMID": "crmid:7623923831", "orderDetails": {"orderID": "orderid:585152", "reservationid": "4FP-AJDI", "orderType": "kiosk"}}}
{"_id": "fc47e842-53c8-11ea-8f70-b88a60e194fb", "timestamp": "2020-02-10T12:46:14.000Z", "eventType": "transaction", "_adobeamericaspot3": {"CRMID": "crmid:8076071429", "orderDetails": {"orderID": "orderid:297143", "reservationid": "2AK-CQCH", "orderType": "website"}}}
{"_id": "fc48ab74-53c8-11ea-8dd2-b88a60e194fb", "timestamp": "2019-12-08T00:35:44.000Z", "eventType": "transaction", "_adobeamericaspot3": {"CRMID": "crmid:6273522954", "orderDetails": {"orderID": "orderid:895602", "reservationid": "M8I-WWCR", "orderType": "mobile"}}}
{"_id": "fc49bcde-53c8-11ea-b246-b88a60e194fb", "timestamp": "2020-01-25T19:49:50.000Z", "eventType": "transaction", "_adobeamericaspot3": {"CRMID": "crmid:5032742019", "orderDetails": {"orderID": "orderid:175770", "reservationid": "9PF-KSKC", "orderType": "mobile"}}}
{"_id": "fc4aa722-53c8-11ea-833a-b88a60e194fb", "timestamp": "2020-02-16T03:53:10.000Z", "eventType": "transaction", "_adobeamericaspot3": {"CRMID": "crmid:5491392187", "orderDetails": {"orderID": "orderid:315590", "reservationid": "DZI-VXMQ", "orderType": "call center"}}}
{"_id": "fc4b919e-53c8-11ea-bc2d-b88a60e194fb", "timestamp": "2020-02-05T04:46:08.000Z", "eventType": "transaction", "_adobeamericaspot3": {"CRMID": "crmid:8033519822", "orderDetails": {"orderID": "orderid:114742", "reservationid": "G8O-OIAX", "orderType": "call center"}}}
{"_id": "fc4c7c00-53c8-11ea-a6d9-b88a60e194fb", "timestamp": "2020-02-15T20:34:08.000Z", "eventType": "transaction", "_adobeamericaspot3": {"CRMID": "crmid:6136915020", "orderDetails": {"orderID": "orderid:407050", "reservationid": "GP2-630M", "orderType": "kiosk"}}}
{"_id": "fc4d6668-53c8-11ea-814c-b88a60e194fb", "timestamp": "2020-02-02T21:07:36.000Z", "eventType": "transaction", "_adobeamericaspot3": {"CRMID": "crmid:9526100540", "orderDetails": {"orderID": "orderid:329590", "reservationid": "XLB-OEYL", "orderType": "kiosk"}}}
{"_id": "fc4e50ba-53c8-11ea-8f43-b88a60e194fb", "timestamp": "2019-12-05T22:13:06.000Z", "eventType": "transaction", "_adobeamericaspot3": {"CRMID": "crmid:5631517015", "orderDetails": {"orderID": "orderid:230586", "reservationid": "O1T-VHCS", "orderType": "kiosk"}}}
{"_id": "fc4f3b38-53c8-11ea-b808-b88a60e194fb", "timestamp": "2019-12-26T18:51:44.000Z", "eventType": "transaction", "_adobeamericaspot3": {"CRMID": "crmid:8058898694", "orderDetails": {"orderID": "orderid:437434", "reservationid": "NDF-LUHO", "orderType": "website"}}}
{"_id": "fc4ffe6e-53c8-11ea-9ef8-b88a60e194fb", "timestamp": "2019-12-23T10:52:13.000Z", "eventType": "transaction", "_adobeamericaspot3": {"CRMID": "crmid:1456682012", "orderDetails": {"orderID": "orderid:959448", "reservationid": "HGD-KAWK", "orderType": "website"}}}
{"_id": "fc510fe4-53c8-11ea-b82a-b88a60e194fb", "timestamp": "2020-02-14T23:05:43.000Z", "eventType": "transaction", "_adobeamericaspot3": {"CRMID": "crmid:2564480581", "orderDetails": {"orderID": "orderid:385149", "reservationid": "VPS-KUC4", "orderType": "mobile"}}}
{"_id": "fc51fa4c-53c8-11ea-bb78-b88a60e194fb", "timestamp": "2019-12-30T15:47:47.000Z", "eventType": "transaction", "_adobeamericaspot3": {"CRMID": "crmid:6401624904", "orderDetails": {"orderID": "orderid:733925", "reservationid": "3XR-FWFO", "orderType": "website"}}}
{"_id": "fc530bae-53c8-11ea-8983-b88a60e194fb", "timestamp": "2020-02-09T21:09:28.000Z", "eventType": "transaction", "_adobeamericaspot3": {"CRMID": "crmid:7314270786", "orderDetails": {"orderID": "orderid:265086", "reservationid": "G7K-9R4K", "orderType": "website"}}}
{"_id": "fc53f610-53c8-11ea-8015-b88a60e194fb", "timestamp": "2020-01-15T04:51:30.000Z", "eventType": "transaction", "_adobeamericaspot3": {"CRMID": "crmid:5226758865", "orderDetails": {"orderID": "orderid:789425", "reservationid": "AFE-GEYL", "orderType": "mobile"}}}
{"_id": "fc54e068-53c8-11ea-9051-b88a60e194fb", "timestamp": "2020-02-02T19:31:55.000Z", "eventType": "transaction", "_adobeamericaspot3": {"CRMID": "crmid:3818924396", "orderDetails": {"orderID": "orderid:468755", "reservationid": "BLM-M8PX", "orderType": "kiosk"}}}
{"_id": "fc55f100-53c8-11ea-b722-b88a60e194fb", "timestamp": "2020-02-15T00:22:49.000Z", "eventType": "transaction", "_adobeamericaspot3": {"CRMID": "crmid:4983748020", "orderDetails": {"orderID": "orderid:328660", "reservationid": "HKK-WIVR", "orderType": "kiosk"}}}
{"_id": "fc56dc28-53c8-11ea-a98f-b88a60e194fb", "timestamp": "2019-12-03T04:59:31.000Z", "eventType": "transaction", "_adobeamericaspot3": {"CRMID": "crmid:4943373818", "orderDetails": {"orderID": "orderid:938068", "reservationid": "NJB-YDOD", "orderType": "call center"}}}
{"_id": "fc579f92-53c8-11ea-abac-b88a60e194fb", "timestamp": "2020-01-01T14:27:15.000Z", "eventType": "transaction", "_adobeamericaspot3": {"CRMID": "crmid:5492640508", "orderDetails": {"orderID": "orderid:636573", "reservationid": "Z2L-YYOH", "orderType": "website"}}}
{"_id": "fc58afb4-53c8-11ea-a8fe-b88a60e194fb", "timestamp": "2020-02-10T22:55:00.000Z", "eventType": "transaction", "_adobeamericaspot3": {"CRMID": "crmid:1589696944", "orderDetails": {"orderID": "orderid:242608", "reservationid": "MTA-HMT6", "orderType": "mobile"}}}
{"_id": "fc597446-53c8-11ea-8e54-b88a60e194fb", "timestamp": "2020-02-05T13:19:03.000Z", "eventType": "transaction", "_adobeamericaspot3": {"CRMID": "crmid:2697296276", "orderDetails": {"orderID": "orderid:565245", "reservationid": "D0D-DWOG", "orderType": "service desk"}}}
{"_id": "fc5a5eb4-53c8-11ea-a024-b88a60e194fb", "timestamp": "2020-02-15T09:24:08.000Z", "eventType": "transaction", "_adobeamericaspot3": {"CRMID": "crmid:2339001547", "orderDetails": {"orderID": "orderid:875708", "reservationid": "QPH-CKVG", "orderType": "service desk"}}}
{"_id": "fc5b4912-53c8-11ea-a849-b88a60e194fb", "timestamp": "2020-01-17T21:33:18.000Z", "eventType": "transaction", "_adobeamericaspot3": {"CRMID": "crmid:1217575260", "orderDetails": {"orderID": "orderid:718364", "reservationid": "YDV-COSH", "orderType": "kiosk"}}}
{"_id": "fc5c0c74-53c8-11ea-a898-b88a60e194fb", "timestamp": "2019-12-17T20:52:10.000Z", "eventType": "transaction", "_adobeamericaspot3": {"CRMID": "crmid:5985116367", "orderDetails": {"orderID": "orderid:621112", "reservationid": "LUQ-FZOS", "orderType": "service desk"}}}
{"_id": "fc5d44d2-53c8-11ea-be61-b88a60e194fb", "timestamp": "2019-12-31T23:03:37.000Z", "eventType": "transaction", "_adobeamericaspot3": {"CRMID": "crmid:1545269016", "orderDetails": {"orderID": "orderid:195098", "reservationid": "GWJ-5AC4", "orderType": "kiosk"}}}
{"_id": "fc5e2f2e-53c8-11ea-adaa-b88a60e194fb", "timestamp": "2020-01-12T02:46:56.000Z", "eventType": "transaction", "_adobeamericaspot3": {"CRMID": "crmid:6763654548", "orderDetails": {"orderID": "orderid:994070", "reservationid": "XNS-OE8B", "orderType": "kiosk"}}}
{"_id": "fc5f199a-53c8-11ea-a5ba-b88a60e194fb", "timestamp": "2020-01-01T12:30:22.000Z", "eventType": "transaction", "_adobeamericaspot3": {"CRMID": "crmid:6704027649", "orderDetails": {"orderID": "orderid:798768", "reservationid": "ZRM-TQRX", "orderType": "website"}}}
{"_id": "fc5fdcec-53c8-11ea-b61f-b88a60e194fb", "timestamp": "2020-01-30T03:24:49.000Z", "eventType": "transaction", "_adobeamericaspot3": {"CRMID": "crmid:2628585491", "orderDetails": {"orderID": "orderid:437642", "reservationid": "OKL-IGZG", "orderType": "kiosk"}}}
{"_id": "fc60c74c-53c8-11ea-a8f9-b88a60e194fb", "timestamp": "2019-12-27T18:48:52.000Z", "eventType": "transaction", "_adobeamericaspot3": {"CRMID": "crmid:2745332439", "orderDetails": {"orderID": "orderid:504313", "reservationid": "3WG-OWFX", "orderType": "kiosk"}}}
{"_id": "fc61b1ae-53c8-11ea-9c11-b88a60e194fb", "timestamp": "2020-01-31T23:18:33.000Z", "eventType": "transaction", "_adobeamericaspot3": {"CRMID": "crmid:8018320529", "orderDetails": {"orderID": "orderid:463569", "reservationid": "CTQ-CIKR", "orderType": "mobile"}}}
{"_id": "fc61b1af-53c8-11ea-bee4-b88a60e194fb", "timestamp": "2020-02-03T00:00:00.000Z", "eventType": "transaction", "_adobeamericaspot3": {"CRMID": "crmid:8018320529", "orderDetails": {"orderID": "orderid:316999", "reservationid": "BUH-FQGW", "orderType": "kiosk"}}}
{"_id": "fc629c0c-53c8-11ea-9468-b88a60e194fb", "timestamp": "2019-12-07T13:04:19.000Z", "eventType": "transaction", "_adobeamericaspot3": {"CRMID": "crmid:5728600940", "orderDetails": {"orderID": "orderid:928944", "reservationid": "PUM-TSQD", "orderType": "mobile"}}}
{"_id": "fc63ac4c-53c8-11ea-a3ec-b88a60e194fb", "timestamp": "2020-01-25T11:57:21.000Z", "eventType": "transaction", "_adobeamericaspot3": {"CRMID": "crmid:4657201811", "orderDetails": {"orderID": "orderid:628770", "reservationid": "3SX-MT1U", "orderType": "service desk"}}}
{"_id": "fc64e5fe-53c8-11ea-ac95-b88a60e194fb", "timestamp": "2020-01-08T18:21:58.000Z", "eventType": "transaction", "_adobeamericaspot3": {"CRMID": "crmid:8776960843", "orderDetails": {"orderID": "orderid:242122", "reservationid": "LJE-O0AZ", "orderType": "kiosk"}}}
{"_id": "fc65a94a-53c8-11ea-b25b-b88a60e194fb", "timestamp": "2020-02-11T04:50:38.000Z", "eventType": "transaction", "_adobeamericaspot3": {"CRMID": "crmid:5422653813", "orderDetails": {"orderID": "orderid:336198", "reservationid": "Y3R-XGXR", "orderType": "mobile"}}}
{"_id": "fc66bab4-53c8-11ea-acb3-b88a60e194fb", "timestamp": "2019-12-23T06:26:17.000Z", "eventType": "transaction", "_adobeamericaspot3": {"CRMID": "crmid:7147581409", "orderDetails": {"orderID": "orderid:916075", "reservationid": "JHX-QM1L", "orderType": "kiosk"}}}
{"_id": "fc67f330-53c8-11ea-9fe9-b88a60e194fb", "timestamp": "2019-12-31T10:34:40.000Z", "eventType": "transaction", "_adobeamericaspot3": {"CRMID": "crmid:3076224718", "orderDetails": {"orderID": "orderid:619134", "reservationid": "7KW-LNZM", "orderType": "service desk"}}}
{"_id": "fc68dcf8-53c8-11ea-b0d5-b88a60e194fb", "timestamp": "2020-01-29T09:23:33.000Z", "eventType": "transaction", "_adobeamericaspot3": {"CRMID": "crmid:1317811121", "orderDetails": {"orderID": "orderid:124703", "reservationid": "L77-NTBC", "orderType": "mobile"}}}
{"_id": "fc69c800-53c8-11ea-add4-b88a60e194fb", "timestamp": "2019-12-10T18:55:56.000Z", "eventType": "transaction", "_adobeamericaspot3": {"CRMID": "crmid:1452292134", "orderDetails": {"orderID": "orderid:795228", "reservationid": "WTU-YDRT", "orderType": "service desk"}}}
{"_id": "fc69c801-53c8-11ea-be64-b88a60e194fb", "timestamp": "2019-12-18T00:00:00.000Z", "eventType": "transaction", "_adobeamericaspot3": {"CRMID": "crmid:1452292134", "orderDetails": {"orderID": "orderid:892258", "reservationid": "BEP-LSJW", "orderType": "kiosk"}}}
{"_id": "fc6ab274-53c8-11ea-8d72-b88a60e194fb", "timestamp": "2019-12-24T00:25:09.000Z", "eventType": "transaction", "_adobeamericaspot3": {"CRMID": "crmid:9653448800", "orderDetails": {"orderID": "orderid:303744", "reservationid": "VWL-XE3O", "orderType": "website"}}}
{"_id": "fc6b9cbe-53c8-11ea-acc2-b88a60e194fb", "timestamp": "2020-02-07T00:53:54.000Z", "eventType": "transaction", "_adobeamericaspot3": {"CRMID": "crmid:2257229532", "orderDetails": {"orderID": "orderid:826412", "reservationid": "5V1-AVUQ", "orderType": "kiosk"}}}
{"_id": "fc6c8740-53c8-11ea-9c95-b88a60e194fb", "timestamp": "2020-01-18T10:11:04.000Z", "eventType": "transaction", "_adobeamericaspot3": {"CRMID": "crmid:2910322838", "orderDetails": {"orderID": "orderid:966330", "reservationid": "GUN-GWSD", "orderType": "call center"}}}
{"_id": "fc6cae26-53c8-11ea-b89f-b88a60e194fb", "timestamp": "2020-01-28T00:00:00.000Z", "eventType": "transaction", "_adobeamericaspot3": {"CRMID": "crmid:2910322838", "orderDetails": {"orderID": "orderid:203980", "reservationid": "WHU-K4VZ", "orderType": "mobile"}}}
{"_id": "fc6dbf9e-53c8-11ea-9a11-b88a60e194fb", "timestamp": "2020-01-31T19:43:02.000Z", "eventType": "transaction", "_adobeamericaspot3": {"CRMID": "crmid:3673451162", "orderDetails": {"orderID": "orderid:876536", "reservationid": "YVB-DAK1", "orderType": "call center"}}}
{"_id": "fc6e82f8-53c8-11ea-91a4-b88a60e194fb", "timestamp": "2020-02-15T11:37:22.000Z", "eventType": "transaction", "_adobeamericaspot3": {"CRMID": "crmid:6005239734", "orderDetails": {"orderID": "orderid:898312", "reservationid": "8MV-WM5M", "orderType": "website"}}}
{"_id": "fc6f6d52-53c8-11ea-918f-b88a60e194fb", "timestamp": "2020-01-29T22:57:55.000Z", "eventType": "transaction", "_adobeamericaspot3": {"CRMID": "crmid:4475078268", "orderDetails": {"orderID": "orderid:922378", "reservationid": "0JK-K92B", "orderType": "kiosk"}}}
{"_id": "fc6f6d53-53c8-11ea-9984-b88a60e194fb", "timestamp": "2020-02-02T00:00:00.000Z", "eventType": "transaction", "_adobeamericaspot3": {"CRMID": "crmid:4475078268", "orderDetails": {"orderID": "orderid:705608", "reservationid": "7JY-3A9B", "orderType": "website"}}}
{"_id": "fc7057ba-53c8-11ea-9e6f-b88a60e194fb", "timestamp": "2020-01-26T17:52:03.000Z", "eventType": "transaction", "_adobeamericaspot3": {"CRMID": "crmid:9981794437", "orderDetails": {"orderID": "orderid:588477", "reservationid": "NKI-HFKV", "orderType": "service desk"}}}
{"_id": "fc719028-53c8-11ea-9867-b88a60e194fb", "timestamp": "2020-01-02T11:16:04.000Z", "eventType": "transaction", "_adobeamericaspot3": {"CRMID": "crmid:3981618590", "orderDetails": {"orderID": "orderid:778385", "reservationid": "O3N-AFYV", "orderType": "service desk"}}}
{"_id": "fc72a19e-53c8-11ea-8633-b88a60e194fb", "timestamp": "2019-12-11T17:21:32.000Z", "eventType": "transaction", "_adobeamericaspot3": {"CRMID": "crmid:1314465012", "orderDetails": {"orderID": "orderid:251417", "reservationid": "IVV-I77P", "orderType": "call center"}}}
{"_id": "fc7364ee-53c8-11ea-b47b-b88a60e194fb", "timestamp": "2020-01-31T02:01:02.000Z", "eventType": "transaction", "_adobeamericaspot3": {"CRMID": "crmid:8775281862", "orderDetails": {"orderID": "orderid:496284", "reservationid": "PLE-I0AQ", "orderType": "kiosk"}}}
{"_id": "fc742828-53c8-11ea-b7b6-b88a60e194fb", "timestamp": "2019-12-16T09:15:23.000Z", "eventType": "transaction", "_adobeamericaspot3": {"CRMID": "crmid:7851147090", "orderDetails": {"orderID": "orderid:542056", "reservationid": "MRG-1PUG", "orderType": "mobile"}}}
{"_id": "fc7539c0-53c8-11ea-94b0-b88a60e194fb", "timestamp": "2019-12-24T21:59:45.000Z", "eventType": "transaction", "_adobeamericaspot3": {"CRMID": "crmid:7921122925", "orderDetails": {"orderID": "orderid:602978", "reservationid": "AYV-MMKZ", "orderType": "mobile"}}}
{"_id": "fc762408-53c8-11ea-b000-b88a60e194fb", "timestamp": "2020-01-02T13:42:22.000Z", "eventType": "transaction", "_adobeamericaspot3": {"CRMID": "crmid:7884578108", "orderDetails": {"orderID": "orderid:291890", "reservationid": "LPO-WFKC", "orderType": "service desk"}}}
{"_id": "fc770e68-53c8-11ea-849a-b88a60e194fb", "timestamp": "2019-12-07T01:09:12.000Z", "eventType": "transaction", "_adobeamericaspot3": {"CRMID": "crmid:6470041630", "orderDetails": {"orderID": "orderid:582120", "reservationid": "6MD-SB3D", "orderType": "call center"}}}
{"_id": "fc77d1e4-53c8-11ea-8e9c-b88a60e194fb", "timestamp": "2020-01-26T16:39:05.000Z", "eventType": "transaction", "_adobeamericaspot3": {"CRMID": "crmid:9957933690", "orderDetails": {"orderID": "orderid:588731", "reservationid": "ZKZ-TXQD", "orderType": "website"}}}
{"_id": "fc78bc42-53c8-11ea-93bd-b88a60e194fb", "timestamp": "2020-02-16T12:34:36.000Z", "eventType": "transaction", "_adobeamericaspot3": {"CRMID": "crmid:4685017870", "orderDetails": {"orderID": "orderid:721399", "reservationid": "EPJ-UZTO", "orderType": "call center"}}}
{"_id": "fc79a67e-53c8-11ea-80a1-b88a60e194fb", "timestamp": "2020-01-21T02:23:25.000Z", "eventType": "transaction", "_adobeamericaspot3": {"CRMID": "crmid:6531730766", "orderDetails": {"orderID": "orderid:263992", "reservationid": "KVM-V8ID", "orderType": "call center"}}}
{"_id": "fc7ab7e6-53c8-11ea-ba16-b88a60e194fb", "timestamp": "2019-12-25T16:10:03.000Z", "eventType": "transaction", "_adobeamericaspot3": {"CRMID": "crmid:4035295248", "orderDetails": {"orderID": "orderid:750369", "reservationid": "BHV-WVAG", "orderType": "kiosk"}}}
{"_id": "fc7bc96e-53c8-11ea-9671-b88a60e194fb", "timestamp": "2020-01-09T01:53:16.000Z", "eventType": "transaction", "_adobeamericaspot3": {"CRMID": "crmid:8822345313", "orderDetails": {"orderID": "orderid:401123", "reservationid": "4ZH-NU5A", "orderType": "service desk"}}}
{"_id": "fc7cdae4-53c8-11ea-a6b5-b88a60e194fb", "timestamp": "2020-01-03T03:30:15.000Z", "eventType": "transaction", "_adobeamericaspot3": {"CRMID": "crmid:6632504835", "orderDetails": {"orderID": "orderid:196501", "reservationid": "O91-ABR2", "orderType": "website"}}}
{"_id": "fc7d9e3a-53c8-11ea-b8cf-b88a60e194fb", "timestamp": "2020-02-03T12:17:16.000Z", "eventType": "transaction", "_adobeamericaspot3": {"CRMID": "crmid:7397014563", "orderDetails": {"orderID": "orderid:266389", "reservationid": "BAA-XBJC", "orderType": "website"}}}
{"_id": "fc7e8876-53c8-11ea-9f12-b88a60e194fb", "timestamp": "2020-01-30T09:19:02.000Z", "eventType": "transaction", "_adobeamericaspot3": {"CRMID": "crmid:8275957455", "orderDetails": {"orderID": "orderid:755831", "reservationid": "AOL-XQI1", "orderType": "website"}}}
{"_id": "fc7f99ec-53c8-11ea-a82c-b88a60e194fb", "timestamp": "2020-01-15T14:33:25.000Z", "eventType": "transaction", "_adobeamericaspot3": {"CRMID": "crmid:5673659977", "orderDetails": {"orderID": "orderid:985458", "reservationid": "OS9-NKP3", "orderType": "call center"}}}
{"_id": "fc8082f0-53c8-11ea-a251-b88a60e194fb", "timestamp": "2019-12-17T13:16:13.000Z", "eventType": "transaction", "_adobeamericaspot3": {"CRMID": "crmid:2125504535", "orderDetails": {"orderID": "orderid:510987", "reservationid": "UMP-FYDO", "orderType": "call center"}}}
{"_id": "fc816d4a-53c8-11ea-8e94-b88a60e194fb", "timestamp": "2020-02-09T05:38:03.000Z", "eventType": "transaction", "_adobeamericaspot3": {"CRMID": "crmid:6139886961", "orderDetails": {"orderID": "orderid:235776", "reservationid": "V5P-GGN6", "orderType": "mobile"}}}
{"_id": "fc8257a8-53c8-11ea-8495-b88a60e194fb", "timestamp": "2020-02-12T19:33:10.000Z", "eventType": "transaction", "_adobeamericaspot3": {"CRMID": "crmid:6369884194", "orderDetails": {"orderID": "orderid:919041", "reservationid": "LYC-RVH5", "orderType": "kiosk"}}}
{"_id": "fc834208-53c8-11ea-b014-b88a60e194fb", "timestamp": "2020-01-18T01:47:30.000Z", "eventType": "transaction", "_adobeamericaspot3": {"CRMID": "crmid:7482058721", "orderDetails": {"orderID": "orderid:102157", "reservationid": "XPH-QVB1", "orderType": "mobile"}}}
{"_id": "fc845378-53c8-11ea-87af-b88a60e194fb", "timestamp": "2019-12-26T15:04:02.000Z", "eventType": "transaction", "_adobeamericaspot3": {"CRMID": "crmid:8408617619", "orderDetails": {"orderID": "orderid:145428", "reservationid": "OBO-OCG2", "orderType": "call center"}}}
{"_id": "fc85b312-53c8-11ea-8fcc-b88a60e194fb", "timestamp": "2020-01-30T19:52:09.000Z", "eventType": "transaction", "_adobeamericaspot3": {"CRMID": "crmid:6901804285", "orderDetails": {"orderID": "orderid:500869", "reservationid": "D2F-0UVV", "orderType": "call center"}}}
{"_id": "fc869d9e-53c8-11ea-b946-b88a60e194fb", "timestamp": "2020-01-20T20:27:51.000Z", "eventType": "transaction", "_adobeamericaspot3": {"CRMID": "crmid:5552738060", "orderDetails": {"orderID": "orderid:452423", "reservationid": "YRQ-HM4Y", "orderType": "website"}}}
{"_id": "fc8787f6-53c8-11ea-8980-b88a60e194fb", "timestamp": "2019-12-04T01:18:33.000Z", "eventType": "transaction", "_adobeamericaspot3": {"CRMID": "crmid:7254361993", "orderDetails": {"orderID": "orderid:839412", "reservationid": "BR7-QJEU", "orderType": "website"}}}
{"_id": "fc887258-53c8-11ea-a371-b88a60e194fb", "timestamp": "2019-12-06T16:09:58.000Z", "eventType": "transaction", "_adobeamericaspot3": {"CRMID": "crmid:8061782877", "orderDetails": {"orderID": "orderid:890715", "reservationid": "LSR-MWD5", "orderType": "kiosk"}}}
{"_id": "fc895cb6-53c8-11ea-9dca-b88a60e194fb", "timestamp": "2020-01-12T09:50:24.000Z", "eventType": "transaction", "_adobeamericaspot3": {"CRMID": "crmid:1269292460", "orderDetails": {"orderID": "orderid:395196", "reservationid": "B9I-TTT5", "orderType": "website"}}}
{"_id": "fc8a6e14-53c8-11ea-bcf0-b88a60e194fb", "timestamp": "2019-12-10T13:46:49.000Z", "eventType": "transaction", "_adobeamericaspot3": {"CRMID": "crmid:7675986651", "orderDetails": {"orderID": "orderid:204812", "reservationid": "Y2Z-M4VH", "orderType": "kiosk"}}}
{"_id": "fc8b5886-53c8-11ea-b9a3-b88a60e194fb", "timestamp": "2020-01-16T11:45:53.000Z", "eventType": "transaction", "_adobeamericaspot3": {"CRMID": "crmid:4740745565", "orderDetails": {"orderID": "orderid:985822", "reservationid": "WD2-DXYC", "orderType": "call center"}}}
{"_id": "fc8c1bae-53c8-11ea-812d-b88a60e194fb", "timestamp": "2019-12-28T11:38:38.000Z", "eventType": "transaction", "_adobeamericaspot3": {"CRMID": "crmid:6471957976", "orderDetails": {"orderID": "orderid:412778", "reservationid": "Q5D-SRR9", "orderType": "call center"}}}
{"_id": "fc8d060a-53c8-11ea-a241-b88a60e194fb", "timestamp": "2020-01-28T13:34:57.000Z", "eventType": "transaction", "_adobeamericaspot3": {"CRMID": "crmid:2243681573", "orderDetails": {"orderID": "orderid:394499", "reservationid": "EBQ-ARE7", "orderType": "kiosk"}}}
{"_id": "fc8e1776-53c8-11ea-9831-b88a60e194fb", "timestamp": "2020-01-07T17:49:07.000Z", "eventType": "transaction", "_adobeamericaspot3": {"CRMID": "crmid:7857882496", "orderDetails": {"orderID": "orderid:898151", "reservationid": "BRP-D4RV", "orderType": "website"}}}
{"_id": "fc8edacc-53c8-11ea-9d85-b88a60e194fb", "timestamp": "2020-01-10T18:49:30.000Z", "eventType": "transaction", "_adobeamericaspot3": {"CRMID": "crmid:9338746967", "orderDetails": {"orderID": "orderid:602337", "reservationid": "XWH-BF9S", "orderType": "call center"}}}
{"_id": "fc8fec3a-53c8-11ea-8545-b88a60e194fb", "timestamp": "2019-12-17T09:19:03.000Z", "eventType": "transaction", "_adobeamericaspot3": {"CRMID": "crmid:8006871602", "orderDetails": {"orderID": "orderid:751253", "reservationid": "ER9-KXRH", "orderType": "call center"}}}
{"_id": "fc90d80a-53c8-11ea-85a5-b88a60e194fb", "timestamp": "2019-12-13T21:05:03.000Z", "eventType": "transaction", "_adobeamericaspot3": {"CRMID": "crmid:9087013593", "orderDetails": {"orderID": "orderid:530703", "reservationid": "U4F-ANGG", "orderType": "service desk"}}}
{"_id": "fc91c270-53c8-11ea-aac8-b88a60e194fb", "timestamp": "2019-12-18T05:07:23.000Z", "eventType": "transaction", "_adobeamericaspot3": {"CRMID": "crmid:9663098253", "orderDetails": {"orderID": "orderid:410898", "reservationid": "R5L-LFM9", "orderType": "kiosk"}}}
{"_id": "fc92acb4-53c8-11ea-9f55-b88a60e194fb", "timestamp": "2020-02-12T03:06:47.000Z", "eventType": "transaction", "_adobeamericaspot3": {"CRMID": "crmid:2136443156", "orderDetails": {"orderID": "orderid:637293", "reservationid": "MIE-JITB", "orderType": "call center"}}}
{"_id": "fc93be28-53c8-11ea-9bf3-b88a60e194fb", "timestamp": "2020-01-13T18:15:38.000Z", "eventType": "transaction", "_adobeamericaspot3": {"CRMID": "crmid:8361967797", "orderDetails": {"orderID": "orderid:536300", "reservationid": "TQV-1Z0K", "orderType": "website"}}}
{"_id": "fc948186-53c8-11ea-a51b-b88a60e194fb", "timestamp": "2020-01-19T02:23:27.000Z", "eventType": "transaction", "_adobeamericaspot3": {"CRMID": "crmid:2406270966", "orderDetails": {"orderID": "orderid:668668", "reservationid": "N2Z-HJGX", "orderType": "website"}}}
{"_id": "fc956a7e-53c8-11ea-9458-b88a60e194fb", "timestamp": "2020-01-09T09:51:33.000Z", "eventType": "transaction", "_adobeamericaspot3": {"CRMID": "crmid:4649635839", "orderDetails": {"orderID": "orderid:213128", "reservationid": "UH1-VKZ3", "orderType": "kiosk"}}}
{"_id": "fc965628-53c8-11ea-b78d-b88a60e194fb", "timestamp": "2020-01-20T15:05:39.000Z", "eventType": "transaction", "_adobeamericaspot3": {"CRMID": "crmid:1145201935", "orderDetails": {"orderID": "orderid:468088", "reservationid": "P4Y-JCEX", "orderType": "service desk"}}}
{"_id": "fc9740be-53c8-11ea-ac27-b88a60e194fb", "timestamp": "2020-01-25T03:10:22.000Z", "eventType": "transaction", "_adobeamericaspot3": {"CRMID": "crmid:9682495278", "orderDetails": {"orderID": "orderid:600919", "reservationid": "OFU-GYDN", "orderType": "website"}}}
{"_id": "fc982b06-53c8-11ea-a4c6-b88a60e194fb", "timestamp": "2020-02-02T04:44:52.000Z", "eventType": "transaction", "_adobeamericaspot3": {"CRMID": "crmid:4283201766", "orderDetails": {"orderID": "orderid:756194", "reservationid": "FKB-YG6I", "orderType": "kiosk"}}}
{"_id": "fc9963b6-53c8-11ea-9f29-b88a60e194fb", "timestamp": "2020-01-17T19:37:39.000Z", "eventType": "transaction", "_adobeamericaspot3": {"CRMID": "crmid:6924149585", "orderDetails": {"orderID": "orderid:462155", "reservationid": "VGY-RJIS", "orderType": "call center"}}}
{"_id": "fc9a26e4-53c8-11ea-bdd9-b88a60e194fb", "timestamp": "2020-02-13T02:43:57.000Z", "eventType": "transaction", "_adobeamericaspot3": {"CRMID": "crmid:1597453039", "orderDetails": {"orderID": "orderid:436793", "reservationid": "QBS-YMSP", "orderType": "website"}}}
{"_id": "fc9b0fde-53c8-11ea-92ea-b88a60e194fb", "timestamp": "2020-01-03T05:56:58.000Z", "eventType": "transaction", "_adobeamericaspot3": {"CRMID": "crmid:9484298371", "orderDetails": {"orderID": "orderid:358244", "reservationid": "BCX-LLL7", "orderType": "call center"}}}
{"_id": "fc9bfbc8-53c8-11ea-8493-b88a60e194fb", "timestamp": "2020-02-15T19:15:50.000Z", "eventType": "transaction", "_adobeamericaspot3": {"CRMID": "crmid:8238604575", "orderDetails": {"orderID": "orderid:924309", "reservationid": "OTP-EPGR", "orderType": "kiosk"}}}
{"_id": "fc9ce4d0-53c8-11ea-84d9-b88a60e194fb", "timestamp": "2020-01-12T03:24:40.000Z", "eventType": "transaction", "_adobeamericaspot3": {"CRMID": "crmid:3949339298", "orderDetails": {"orderID": "orderid:708963", "reservationid": "OCI-TWEJ", "orderType": "website"}}}
{"_id": "fc9dd05a-53c8-11ea-9092-b88a60e194fb", "timestamp": "2020-01-15T01:11:45.000Z", "eventType": "transaction", "_adobeamericaspot3": {"CRMID": "crmid:8319988542", "orderDetails": {"orderID": "orderid:473149", "reservationid": "UHG-CPYO", "orderType": "website"}}}
{"_id": "fc9e9394-53c8-11ea-b623-b88a60e194fb", "timestamp": "2020-01-29T11:26:01.000Z", "eventType": "transaction", "_adobeamericaspot3": {"CRMID": "crmid:8441418278", "orderDetails": {"orderID": "orderid:989008", "reservationid": "7YO-RJNX", "orderType": "call center"}}}
{"_id": "fc9f7dfa-53c8-11ea-abb2-b88a60e194fb", "timestamp": "2019-12-22T12:49:23.000Z", "eventType": "transaction", "_adobeamericaspot3": {"CRMID": "crmid:6306299008", "orderDetails": {"orderID": "orderid:164496", "reservationid": "AOS-GMQT", "orderType": "call center"}}}
{"_id": "fca06710-53c8-11ea-b4d7-b88a60e194fb", "timestamp": "2020-02-05T03:16:49.000Z", "eventType": "transaction", "_adobeamericaspot3": {"CRMID": "crmid:3462923050", "orderDetails": {"orderID": "orderid:886229", "reservationid": "4C4-UB61", "orderType": "website"}}}
{"_id": "fca152ba-53c8-11ea-b8fd-b88a60e194fb", "timestamp": "2019-12-02T14:48:12.000Z", "eventType": "transaction", "_adobeamericaspot3": {"CRMID": "crmid:9710191799", "orderDetails": {"orderID": "orderid:858812", "reservationid": "VFG-ZS5F", "orderType": "call center"}}}
{"_id": "fca2160c-53c8-11ea-9ae7-b88a60e194fb", "timestamp": "2019-12-11T03:58:56.000Z", "eventType": "transaction", "_adobeamericaspot3": {"CRMID": "crmid:8908813568", "orderDetails": {"orderID": "orderid:785933", "reservationid": "OCE-7BMZ", "orderType": "kiosk"}}}
{"_id": "fca34e8c-53c8-11ea-a529-b88a60e194fb", "timestamp": "2019-12-20T06:38:48.000Z", "eventType": "transaction", "_adobeamericaspot3": {"CRMID": "crmid:6150625504", "orderDetails": {"orderID": "orderid:703877", "reservationid": "5W6-FFCJ", "orderType": "website"}}}
{"_id": "fca411de-53c8-11ea-9e4a-b88a60e194fb", "timestamp": "2020-02-01T07:10:06.000Z", "eventType": "transaction", "_adobeamericaspot3": {"CRMID": "crmid:1325471287", "orderDetails": {"orderID": "orderid:318473", "reservationid": "GLL-NKE2", "orderType": "kiosk"}}}
{"_id": "fca5234a-53c8-11ea-9a69-b88a60e194fb", "timestamp": "2020-02-08T11:49:44.000Z", "eventType": "transaction", "_adobeamericaspot3": {"CRMID": "crmid:2778411863", "orderDetails": {"orderID": "orderid:758869", "reservationid": "PY6-FUYS", "orderType": "website"}}}
{"_id": "fca634ba-53c8-11ea-b8d3-b88a60e194fb", "timestamp": "2020-01-04T17:17:46.000Z", "eventType": "transaction", "_adobeamericaspot3": {"CRMID": "crmid:2025920602", "orderDetails": {"orderID": "orderid:844152", "reservationid": "BXY-HU7P", "orderType": "website"}}}
{"_id": "fca71f42-53c8-11ea-91df-b88a60e194fb", "timestamp": "2019-12-13T17:31:59.000Z", "eventType": "transaction", "_adobeamericaspot3": {"CRMID": "crmid:2812816687", "orderDetails": {"orderID": "orderid:446918", "reservationid": "Y3Q-IQNK", "orderType": "kiosk"}}}
{"_id": "fca7e268-53c8-11ea-a5ca-b88a60e194fb", "timestamp": "2020-01-24T14:00:00.000Z", "eventType": "transaction", "_adobeamericaspot3": {"CRMID": "crmid:1013026616", "orderDetails": {"orderID": "orderid:659032", "reservationid": "YLB-KRJQ", "orderType": "website"}}}
{"_id": "fca8f3de-53c8-11ea-9570-b88a60e194fb", "timestamp": "2019-12-10T19:35:59.000Z", "eventType": "transaction", "_adobeamericaspot3": {"CRMID": "crmid:5945482812", "orderDetails": {"orderID": "orderid:664513", "reservationid": "S6C-WH0E", "orderType": "mobile"}}}
{"_id": "fca9de5c-53c8-11ea-9f14-b88a60e194fb", "timestamp": "2019-12-18T12:44:19.000Z", "eventType": "transaction", "_adobeamericaspot3": {"CRMID": "crmid:3664988245", "orderDetails": {"orderID": "orderid:402831", "reservationid": "5DZ-ZKLY", "orderType": "kiosk"}}}
{"_id": "fcaaa190-53c8-11ea-9bc5-b88a60e194fb", "timestamp": "2020-01-12T02:48:53.000Z", "eventType": "transaction", "_adobeamericaspot3": {"CRMID": "crmid:4478691243", "orderDetails": {"orderID": "orderid:489025", "reservationid": "M80-OUGV", "orderType": "website"}}}
{"_id": "fcabb2fa-53c8-11ea-ba2e-b88a60e194fb", "timestamp": "2019-12-16T16:40:24.000Z", "eventType": "transaction", "_adobeamericaspot3": {"CRMID": "crmid:3418295266", "orderDetails": {"orderID": "orderid:232761", "reservationid": "WDV-FOLO", "orderType": "call center"}}}
{"_id": "fcacc468-53c8-11ea-8745-b88a60e194fb", "timestamp": "2020-01-29T01:56:36.000Z", "eventType": "transaction", "_adobeamericaspot3": {"CRMID": "crmid:8645124453", "orderDetails": {"orderID": "orderid:687300", "reservationid": "F4S-FVFG", "orderType": "mobile"}}}
{"_id": "fcadfcb4-53c8-11ea-bb02-b88a60e194fb", "timestamp": "2020-01-26T12:48:16.000Z", "eventType": "transaction", "_adobeamericaspot3": {"CRMID": "crmid:6456884794", "orderDetails": {"orderID": "orderid:665151", "reservationid": "VBY-4DG4", "orderType": "kiosk"}}}
{"_id": "fcaee70c-53c8-11ea-a7d6-b88a60e194fb", "timestamp": "2019-12-04T22:14:52.000Z", "eventType": "transaction", "_adobeamericaspot3": {"CRMID": "crmid:5619672896", "orderDetails": {"orderID": "orderid:352113", "reservationid": "SSH-HXUV", "orderType": "call center"}}}
{"_id": "fcafd1ba-53c8-11ea-a5e9-b88a60e194fb", "timestamp": "2020-01-16T06:40:14.000Z", "eventType": "transaction", "_adobeamericaspot3": {"CRMID": "crmid:2723790089", "orderDetails": {"orderID": "orderid:602407", "reservationid": "UOE-KIMR", "orderType": "call center"}}}
{"_id": "fcb13008-53c8-11ea-b00d-b88a60e194fb", "timestamp": "2020-02-14T20:41:28.000Z", "eventType": "transaction", "_adobeamericaspot3": {"CRMID": "crmid:8435119392", "orderDetails": {"orderID": "orderid:521997", "reservationid": "WOO-LGMH", "orderType": "service desk"}}}
{"_id": "fcb28f6c-53c8-11ea-97a5-b88a60e194fb", "timestamp": "2020-02-05T08:55:06.000Z", "eventType": "transaction", "_adobeamericaspot3": {"CRMID": "crmid:1264532306", "orderDetails": {"orderID": "orderid:898290", "reservationid": "4EI-JU6W", "orderType": "kiosk"}}}
{"_id": "fcb3eef8-53c8-11ea-abf1-b88a60e194fb", "timestamp": "2020-01-26T15:11:42.000Z", "eventType": "transaction", "_adobeamericaspot3": {"CRMID": "crmid:4717546562", "orderDetails": {"orderID": "orderid:673250", "reservationid": "QE7-YVRL", "orderType": "call center"}}}
{"_id": "fcb52782-53c8-11ea-87d6-b88a60e194fb", "timestamp": "2019-12-18T04:28:38.000Z", "eventType": "transaction", "_adobeamericaspot3": {"CRMID": "crmid:4399590835", "orderDetails": {"orderID": "orderid:242735", "reservationid": "ACN-CXRU", "orderType": "call center"}}}
{"_id": "fcb54e8a-53c8-11ea-a0c7-b88a60e194fb", "timestamp": "2019-12-24T00:00:00.000Z", "eventType": "transaction", "_adobeamericaspot3": {"CRMID": "crmid:4399590835", "orderDetails": {"orderID": "orderid:329127", "reservationid": "H87-IBAS", "orderType": "website"}}}
{"_id": "fcb6ae18-53c8-11ea-a2d4-b88a60e194fb", "timestamp": "2020-01-20T03:18:13.000Z", "eventType": "transaction", "_adobeamericaspot3": {"CRMID": "crmid:3232625930", "orderDetails": {"orderID": "orderid:690454", "reservationid": "HC6-RFO4", "orderType": "call center"}}}
