id,reservationid,orderid,crmid,timestamp,orderType,productsku,hotelCheckInUnix,hotelCheckOutUnix,hotelCheckInTS,hotelCheckOutTS,hotelName,hotelChain,hotelLocation,hotelRoomType,hotelRoomCount,hotelGuestAdultCount,hotelGuestChildCount,hotelNightCount,hotelRoomPrice,hotelFinalPrice
f17127b0-7dd9-11ea-ae11-b88a60e194fb,L6W-ZK3Z,orderid:574485,crmid:6218016373,2020-03-23T08:18:01.000Z,call center,prd1148,1585124281,1585729081,2020-03-25T08:18:01.000Z,2020-04-01T08:18:01.000Z,Aspen Heights: Jacksonville,Aspen Heights,Jacksonville,standard,1,1,1,7,178.7,1250.9
f1732376-7dd9-11ea-a458-b88a60e194fb,1FV-RN3S,orderid:906745,crmid:4721235850,2020-03-24T11:07:18.000Z,call center,prd1115,1587208038,1588676838,2020-04-18T11:07:18.000Z,2020-05-05T11:07:18.000Z,Nesting Box Inn: Cologne,Nesting Box Inn,Cologne,standard,1,1,0,17,174.23,2961.91
f174aa1c-7dd9-11ea-b5f6-b88a60e194fb,CLS-9TPA,orderid:708533,crmid:8140220553,2020-03-27T17:48:55.000Z,call center,prd1158,1587750535,1588355335,2020-04-24T17:48:55.000Z,2020-05-01T17:48:55.000Z,Restful Nights: El Paso,Restful Nights,El Paso,standard,1,1,0,7,130.52,913.64
f17657c6-7dd9-11ea-8b60-b88a60e194fb,HLG-TOQQ,orderid:757724,crmid:9153415641,2020-03-31T13:31:09.000Z,call center,prd1009,1585834269,1585920669,2020-04-02T13:31:09.000Z,2020-04-03T13:31:09.000Z,Admiralty Plaza: San Antonio,Admiralty Plaza,San Antonio,standard,1,1,0,1,160.08,160.08
f177de68-7dd9-11ea-912a-b88a60e194fb,67J-VO4Z,orderid:330735,crmid:4213502045,2020-03-31T20:58:01.000Z,mobile,prd1080,1587761881,1588971481,2020-04-24T20:58:01.000Z,2020-05-08T20:58:01.000Z,Repose Resort: Hyderabad,Repose Resort,Hyderabad,premium,1,1,1,14,118.58,1660.12
f17a015a-7dd9-11ea-ab80-b88a60e194fb,4SV-C15V,orderid:418534,crmid:7851285744,2020-03-02T11:31:16.000Z,kiosk,prd1103,1583235076,1583753476,2020-03-03T11:31:16.000Z,2020-03-09T11:31:16.000Z,Nesting Box Inn: Hamburg,Nesting Box Inn,Hamburg,standard,1,1,0,6,154.71,928.26
f17baf12-7dd9-11ea-bca8-b88a60e194fb,6V8-YOKH,orderid:765053,crmid:6588074157,2020-03-10T01:05:36.000Z,mobile,prd1143,1584407136,1585271136,2020-03-17T01:05:36.000Z,2020-03-27T01:05:36.000Z,Hospitality Inn: San Antonio,Hospitality Inn,San Antonio,standard,1,1,0,10,129.97,1299.7
f17d35b4-7dd9-11ea-88b5-b88a60e194fb,X2B-AW9P,orderid:503029,crmid:6187169899,2020-03-14T14:21:23.000Z,kiosk,prd1045,1584541283,1584627683,2020-03-18T14:21:23.000Z,2020-03-19T14:21:23.000Z,Admiralty Plaza: Miami,Admiralty Plaza,Miami,standard,1,1,0,1,94.24,94.24
f17e6e24-7dd9-11ea-9a00-b88a60e194fb,Q8O-CIYW,orderid:837694,crmid:6341149743,2020-03-03T08:35:57.000Z,call center,prd1116,1585298157,1585643757,2020-03-27T08:35:57.000Z,2020-03-31T08:35:57.000Z,Repose Resort: Naples,Repose Resort,Naples,premium,1,1,0,4,149.12,596.48
f17ff4c0-7dd9-11ea-b190-b88a60e194fb,M5I-AYJK,orderid:597443,crmid:1262314787,2020-03-29T12:52:45.000Z,call center,prd1136,1587300765,1588423965,2020-04-19T12:52:45.000Z,2020-05-02T12:52:45.000Z,Aspen Heights: Osaka,Aspen Heights,Osaka,luxury,1,1,0,13,408.4,5309.2
f1812d46-7dd9-11ea-8acf-b88a60e194fb,J6W-YIW5,orderid:273187,crmid:6919616100,2020-03-10T01:48:15.000Z,mobile,prd1016,1585619295,1587001695,2020-03-31T01:48:15.000Z,2020-04-16T01:48:15.000Z,Aspen Heights: Columbus,Aspen Heights,Columbus,standard,1,1,2,16,154.75,2476.0
f182b3c6-7dd9-11ea-810e-b88a60e194fb,LZP-6YO2,orderid:634663,crmid:9744170600,2020-03-29T11:47:48.000Z,service desk,prd1058,1587469668,1588074468,2020-04-21T11:47:48.000Z,2020-04-28T11:47:48.000Z,Blue Reef Resort: Delhi,Blue Reef Resort,Delhi,standard,1,1,4,7,125.91,881.37
f1843a62-7dd9-11ea-999d-b88a60e194fb,H2H-JKV8,orderid:464277,crmid:9328256070,2020-03-20T19:30:36.000Z,kiosk,prd1115,1584905436,1585164636,2020-03-22T19:30:36.000Z,2020-03-25T19:30:36.000Z,Nesting Box Inn: Cologne,Nesting Box Inn,Cologne,premium,1,1,0,3,149.28,447.84
f185c112-7dd9-11ea-9422-b88a60e194fb,PR0-IUVK,orderid:800126,crmid:9385279422,2020-03-26T03:43:22.000Z,service desk,prd1097,1585453402,1585539802,2020-03-29T03:43:22.000Z,2020-03-30T03:43:22.000Z,Grandeur Hotels: Buenos Aires,Grandeur Hotels,Buenos Aires,premium,1,1,0,1,150.73,150.73
f18720ac-7dd9-11ea-92aa-b88a60e194fb,3X7-6SAM,orderid:151904,crmid:6737858184,2020-03-27T20:16:07.000Z,kiosk,prd1165,1585512967,1585599367,2020-03-29T20:16:07.000Z,2020-03-30T20:16:07.000Z,Admiralty Plaza: Louisville,Admiralty Plaza,Louisville,standard,1,1,0,1,165.99,165.99
f188f56c-7dd9-11ea-b476-b88a60e194fb,C9B-9IVI,orderid:157812,crmid:7987947994,2020-03-22T12:49:25.000Z,call center,prd1196,1584967765,1585226965,2020-03-23T12:49:25.000Z,2020-03-26T12:49:25.000Z,Aspen Heights: Moscow,Aspen Heights,Moscow,standard,1,1,0,3,145.63,436.89
f18b665e-7dd9-11ea-b84d-b88a60e194fb,U7R-CYLW,orderid:329619,crmid:2176283969,2020-03-01T06:39:11.000Z,kiosk,prd1189,1583303951,1583390351,2020-03-04T06:39:11.000Z,2020-03-05T06:39:11.000Z,Admiralty Plaza: Bakersfield,Admiralty Plaza,Bakersfield,standard,1,1,0,1,124.19,124.19
f18d3b40-7dd9-11ea-afc7-b88a60e194fb,2MF-LHOR,orderid:247998,crmid:1932893767,2020-03-09T02:13:49.000Z,mobile,prd1057,1585620829,1586139229,2020-03-31T02:13:49.000Z,2020-04-06T02:13:49.000Z,Admiralty Plaza: Mumbai,Admiralty Plaza,Mumbai,standard,1,1,0,6,117.43,704.58
f18e9aa6-7dd9-11ea-91e6-b88a60e194fb,LIO-BS2T,orderid:961760,crmid:4874684992,2020-03-23T03:50:09.000Z,call center,prd1056,1587268209,1587700209,2020-04-19T03:50:09.000Z,2020-04-24T03:50:09.000Z,Repose Resort: Aurora,Repose Resort,Aurora,standard,1,1,0,5,98.58,492.9
f18ffa30-7dd9-11ea-8b60-b88a60e194fb,HVM-YEID,orderid:624074,crmid:9599334095,2020-03-20T03:51:26.000Z,call center,prd1040,1586663486,1587700286,2020-04-12T03:51:26.000Z,2020-04-24T03:51:26.000Z,Aspen Heights: Atlanta,Aspen Heights,Atlanta,standard,1,1,0,12,154.82,1857.84
f19132b0-7dd9-11ea-a7e6-b88a60e194fb,7JO-CYEH,orderid:648340,crmid:1889954973,2020-03-07T23:04:41.000Z,call center,prd1172,1585782281,1586041481,2020-04-01T23:04:41.000Z,2020-04-04T23:04:41.000Z,Aspen Heights: Mesa,Aspen Heights,Mesa,standard,1,1,0,3,110.3,330.9
f1926b42-7dd9-11ea-9bdc-b88a60e194fb,6DD-DDV8,orderid:240175,crmid:4683793251,2020-03-26T04:27:08.000Z,call center,prd1178,1585369628,1585628828,2020-03-28T04:27:08.000Z,2020-03-31T04:27:08.000Z,Blue Reef Resort: Colorado Springs,Blue Reef Resort,Colorado Springs,standard,1,1,0,3,151.63,454.89
f193f1c6-7dd9-11ea-9070-b88a60e194fb,YZL-5TIW,orderid:558294,crmid:8898316462,2020-03-03T22:24:34.000Z,kiosk,prd1009,1585693474,1586298274,2020-03-31T22:24:34.000Z,2020-04-07T22:24:34.000Z,Admiralty Plaza: San Antonio,Admiralty Plaza,San Antonio,standard,1,1,0,7,147.9,1035.3
f195786c-7dd9-11ea-a393-b88a60e194fb,HKZ-GESP,orderid:333550,crmid:8329735392,2020-03-17T16:45:35.000Z,mobile,prd1159,1586623535,1588092335,2020-04-11T16:45:35.000Z,2020-04-28T16:45:35.000Z,Family Fun Hotels: Detroit,Family Fun Hotels,Detroit,premium,1,1,0,17,116.8,1985.6
f196b0f0-7dd9-11ea-8cb0-b88a60e194fb,B75-UZLV,orderid:815982,crmid:7294147990,2020-03-15T05:41:34.000Z,kiosk,prd1190,1585114894,1586497294,2020-03-25T05:41:34.000Z,2020-04-10T05:41:34.000Z,Blue Reef Resort: Aurora,Blue Reef Resort,Aurora,standard,1,1,0,16,155.59,2489.44
f198d3dc-7dd9-11ea-be48-b88a60e194fb,YLZ-XBDW,orderid:848158,crmid:3763756895,2020-03-21T17:19:40.000Z,mobile,prd1041,1586539180,1586971180,2020-04-10T17:19:40.000Z,2020-04-15T17:19:40.000Z,Sapphire Suites: Long Beach,Sapphire Suites,Long Beach,standard,1,1,2,5,89.39,446.95
f19ad02e-7dd9-11ea-a352-b88a60e194fb,XZR-HSHK,orderid:675819,crmid:1552030836,2020-03-27T02:27:52.000Z,kiosk,prd1057,1585448872,1585535272,2020-03-29T02:27:52.000Z,2020-03-30T02:27:52.000Z,Admiralty Plaza: Mumbai,Admiralty Plaza,Mumbai,standard,1,1,0,1,123.15,123.15
f19c2f68-7dd9-11ea-9df6-b88a60e194fb,ITN-PRCN,orderid:662465,crmid:8412391490,2020-03-08T12:22:22.000Z,mobile,prd1064,1585830142,1586521342,2020-04-02T12:22:22.000Z,2020-04-10T12:22:22.000Z,Aspen Heights: Paris,Aspen Heights,Paris,standard,1,1,2,8,176.13,1409.04
f19e03e4-7dd9-11ea-bd19-b88a60e194fb,UUO-SHKC,orderid:205240,crmid:6458784120,2020-03-27T00:15:13.000Z,call center,prd1165,1587341713,1587946513,2020-04-20T00:15:13.000Z,2020-04-27T00:15:13.000Z,Admiralty Plaza: Louisville,Admiralty Plaza,Louisville,standard,1,1,0,7,133.27,932.89
f19fb19c-7dd9-11ea-8d49-b88a60e194fb,HUA-49V8,orderid:672172,crmid:3227342989,2020-03-24T13:14:49.000Z,call center,prd1160,1585574089,1586265289,2020-03-30T13:14:49.000Z,2020-04-07T13:14:49.000Z,Aspen Heights: Nashville,Aspen Heights,Nashville,standard,1,1,2,8,168.98,1351.84
f1a15f40-7dd9-11ea-81b8-b88a60e194fb,UOM-4JZQ,orderid:911693,crmid:8332598125,2020-03-06T12:59:37.000Z,call center,prd1100,1583585977,1583758777,2020-03-07T12:59:37.000Z,2020-03-09T12:59:37.000Z,Aspen Heights: Misk,Aspen Heights,Misk,standard,1,1,0,2,130.17,260.34
f1a35b18-7dd9-11ea-bb7a-b88a60e194fb,VYF-2FVR,orderid:245184,crmid:6299359007,2020-03-05T04:40:23.000Z,service desk,prd1118,1583556023,1583642423,2020-03-07T04:40:23.000Z,2020-03-08T04:40:23.000Z,Blue Reef Resort: Cologne,Blue Reef Resort,Cologne,standard,1,1,0,1,130.98,130.98
f1a556f0-7dd9-11ea-ac73-b88a60e194fb,IEK-PSID,orderid:253497,crmid:8008172220,2020-03-25T17:09:04.000Z,mobile,prd1018,1587229744,1587661744,2020-04-18T17:09:04.000Z,2020-04-23T17:09:04.000Z,Sego Lily Suites: Indianapolis,Sego Lily Suites,Indianapolis,standard,1,1,4,5,158.65,793.25
f1a6dd76-7dd9-11ea-bc2e-b88a60e194fb,N5R-6BB1,orderid:270080,crmid:7406067684,2020-03-24T06:04:43.000Z,service desk,prd1109,1586757883,1588140283,2020-04-13T06:04:43.000Z,2020-04-29T06:04:43.000Z,Grandeur Hotels: Belgrade,Grandeur Hotels,Belgrade,standard,1,1,0,16,118.94,1903.04
f1a86436-7dd9-11ea-b320-b88a60e194fb,4BS-TSAZ,orderid:861127,crmid:3974635481,2020-03-05T07:21:20.000Z,mobile,prd1058,1584688880,1585120880,2020-03-20T07:21:20.000Z,2020-03-25T07:21:20.000Z,Blue Reef Resort: Delhi,Blue Reef Resort,Delhi,luxury,1,1,1,5,346.36,1731.8
f1aa11c6-7dd9-11ea-9052-b88a60e194fb,MNA-GHSV,orderid:806964,crmid:4740458934,2020-03-12T09:07:24.000Z,kiosk,prd1109,1586509644,1587978444,2020-04-10T09:07:24.000Z,2020-04-27T09:07:24.000Z,Grandeur Hotels: Belgrade,Grandeur Hotels,Belgrade,ultra-luxury,1,1,4,17,320.25,5444.25
f1abbf92-7dd9-11ea-8ba7-b88a60e194fb,RWO-9BFA,orderid:550792,crmid:8191318347,2020-03-21T23:56:37.000Z,service desk,prd1127,1586735797,1587426997,2020-04-12T23:56:37.000Z,2020-04-20T23:56:37.000Z,Nesting Box Inn: Glasgow,Nesting Box Inn,Glasgow,standard,1,1,0,8,176.53,1412.24
f1ad1f1e-7dd9-11ea-81af-b88a60e194fb,KO9-CKAS,orderid:689247,crmid:2141635058,2020-03-11T20:15:02.000Z,mobile,prd1022,1585167302,1585858502,2020-03-25T20:15:02.000Z,2020-04-02T20:15:02.000Z,Blue Reef Resort: Washington DC,Blue Reef Resort,Washington DC,standard,1,1,1,8,165.03,1320.24
f1aea5a8-7dd9-11ea-b5d2-b88a60e194fb,VB8-WZ6L,orderid:457120,crmid:2960181130,2020-03-14T20:02:02.000Z,call center,prd1095,1586462522,1587844922,2020-04-09T20:02:02.000Z,2020-04-25T20:02:02.000Z,Hospitality Inn: Casablanca,Hospitality Inn,Casablanca,premium,1,1,0,16,135.16,2162.56
f1b00566-7dd9-11ea-a81e-b88a60e194fb,DFN-NTHI,orderid:423814,crmid:7423098631,2020-03-02T16:21:05.000Z,kiosk,prd1029,1583252465,1583684465,2020-03-03T16:21:05.000Z,2020-03-08T16:21:05.000Z,Sapphire Suites: Oklahoma City,Sapphire Suites,Oklahoma City,standard,1,1,0,5,131.82,659.1
f1b164dc-7dd9-11ea-bf3c-b88a60e194fb,90D-HS3A,orderid:762781,crmid:8813985528,2020-03-29T05:22:17.000Z,kiosk,prd1190,1587705737,1588310537,2020-04-24T05:22:17.000Z,2020-05-01T05:22:17.000Z,Blue Reef Resort: Aurora,Blue Reef Resort,Aurora,ultra-luxury,1,1,0,7,348.03,2436.21
f1b2c46c-7dd9-11ea-a6ec-b88a60e194fb,TII-APLX,orderid:253388,crmid:9227458391,2020-03-21T05:19:38.000Z,kiosk,prd1081,1584854378,1585113578,2020-03-22T05:19:38.000Z,2020-03-25T05:19:38.000Z,Admiralty Plaza: Rod de Janeiro,Admiralty Plaza,Rod de Janeiro,premium,1,1,0,3,197.02,591.06
f1b423f0-7dd9-11ea-881b-b88a60e194fb,MZC-IQ4P,orderid:158970,crmid:9443061541,2020-03-23T10:05:21.000Z,kiosk,prd1088,1585130721,1585389921,2020-03-25T10:05:21.000Z,2020-03-28T10:05:21.000Z,Aspen Heights: Ankara,Aspen Heights,Ankara,premium,1,1,0,3,104.5,313.5
f1b64776-7dd9-11ea-a585-b88a60e194fb,OPP-HLB7,orderid:266659,crmid:2496269285,2020-03-21T11:59:08.000Z,service desk,prd1161,1586606348,1587211148,2020-04-11T11:59:08.000Z,2020-04-18T11:59:08.000Z,Sapphire Suites: Memphis,Sapphire Suites,Memphis,standard,1,1,0,7,143.96,1007.72
f1b7cd6e-7dd9-11ea-8cc9-b88a60e194fb,KLX-LOGE,orderid:545130,crmid:4684823394,2020-03-26T08:24:53.000Z,call center,prd1182,1586679893,1587716693,2020-04-12T08:24:53.000Z,2020-04-24T08:24:53.000Z,Restful Nights: Minneapolis,Restful Nights,Minneapolis,standard,1,1,0,12,150.75,1809.0
f1b9a24a-7dd9-11ea-a582-b88a60e194fb,BCX-BPN6,orderid:806507,crmid:2324870417,2020-03-01T05:03:55.000Z,kiosk,prd1077,1584767035,1585285435,2020-03-21T05:03:55.000Z,2020-03-27T05:03:55.000Z,Sapphire Suites: Cairo,Sapphire Suites,Cairo,premium,1,1,0,6,152.81,916.86
f1bbc500-7dd9-11ea-b8aa-b88a60e194fb,LBB-QSVT,orderid:947267,crmid:6936399422,2020-03-11T03:07:08.000Z,call center,prd1190,1585364828,1585624028,2020-03-28T03:07:08.000Z,2020-03-31T03:07:08.000Z,Blue Reef Resort: Aurora,Blue Reef Resort,Aurora,standard,1,1,4,3,146.97,440.91
f1be3600-7dd9-11ea-864c-b88a60e194fb,BN4-CX9W,orderid:380653,crmid:4615290075,2020-03-05T14:27:27.000Z,mobile,prd1097,1585492047,1585751247,2020-03-29T14:27:27.000Z,2020-04-01T14:27:27.000Z,Grandeur Hotels: Buenos Aires,Grandeur Hotels,Buenos Aires,standard,1,1,4,3,113.47,340.41
f1bf6e94-7dd9-11ea-8609-b88a60e194fb,ZQG-HJ8H,orderid:543354,crmid:2371160785,2020-03-20T00:58:39.000Z,call center,prd1009,1586048319,1586739519,2020-04-05T00:58:39.000Z,2020-04-13T00:58:39.000Z,Admiralty Plaza: San Antonio,Admiralty Plaza,San Antonio,standard,1,1,3,8,146.13,1169.04
f1c0a6fe-7dd9-11ea-8774-b88a60e194fb,4NJ-FYTR,orderid:360099,crmid:8369498128,2020-03-19T08:31:12.000Z,kiosk,prd1178,1584693072,1585038672,2020-03-20T08:31:12.000Z,2020-03-24T08:31:12.000Z,Blue Reef Resort: Colorado Springs,Blue Reef Resort,Colorado Springs,standard,1,1,0,4,128.11,512.44
f1c2068c-7dd9-11ea-ae48-b88a60e194fb,WMI-PB4J,orderid:138236,crmid:1920745697,2020-03-22T12:25:02.000Z,mobile,prd1052,1585398302,1585743902,2020-03-28T12:25:02.000Z,2020-04-01T12:25:02.000Z,Aspen Heights: Wichita,Aspen Heights,Wichita,premium,1,1,0,4,139.22,556.88
f1c3661a-7dd9-11ea-86cf-b88a60e194fb,SGN-YGPU,orderid:793407,crmid:3290278680,2020-03-24T19:38:02.000Z,call center,prd1071,1586374682,1587065882,2020-04-08T19:38:02.000Z,2020-04-16T19:38:02.000Z,Hospitality Inn: Seoul,Hospitality Inn,Seoul,premium,1,1,0,8,159.02,1272.16
f1c4c5ac-7dd9-11ea-8825-b88a60e194fb,C0P-VVK3,orderid:845213,crmid:4797535016,2020-03-07T17:21:27.000Z,call center,prd1131,1585156887,1585675287,2020-03-25T17:21:27.000Z,2020-03-31T17:21:27.000Z,Hospitality Inn: Sheffield,Hospitality Inn,Sheffield,standard,1,1,0,6,129.26,775.56
f1c62542-7dd9-11ea-9d7c-b88a60e194fb,ZUM-EXWN,orderid:960836,crmid:1821923458,2020-03-24T01:56:58.000Z,call center,prd1160,1587175018,1587779818,2020-04-18T01:56:58.000Z,2020-04-25T01:56:58.000Z,Aspen Heights: Nashville,Aspen Heights,Nashville,standard,1,1,0,7,180.35,1262.45
f1c75db8-7dd9-11ea-8acd-b88a60e194fb,R8H-6JE2,orderid:469258,crmid:4208528619,2020-03-12T23:24:09.000Z,mobile,prd1040,1584228249,1584401049,2020-03-14T23:24:09.000Z,2020-03-16T23:24:09.000Z,Aspen Heights: Atlanta,Aspen Heights,Atlanta,standard,1,1,0,2,151.0,302.0
f1c8bd4c-7dd9-11ea-9196-b88a60e194fb,PMR-NP7M,orderid:900533,crmid:8151573192,2020-03-20T18:59:36.000Z,mobile,prd1131,1585508376,1585853976,2020-03-29T18:59:36.000Z,2020-04-02T18:59:36.000Z,Hospitality Inn: Sheffield,Hospitality Inn,Sheffield,standard,1,1,0,4,105.52,422.08
f1c9f5c6-7dd9-11ea-bfc7-b88a60e194fb,DSX-IHWN,orderid:480539,crmid:4203407681,2020-03-28T01:21:26.000Z,call center,prd1035,1585444886,1585704086,2020-03-29T01:21:26.000Z,2020-04-01T01:21:26.000Z,Hospitality Inn: Tucson,Hospitality Inn,Tucson,standard,1,1,0,3,105.68,317.04
f1ca1cd4-7dd9-11ea-8b0b-b88a60e194fb,5TY-9IIZ,orderid:104624,crmid:4203407681,2020-04-02T00:00:00.000Z,call center,prd1025,1585872000,1585958400,2020-04-03T00:00:00.000Z,2020-04-04T00:00:00.000Z,Grandeur Hotels: Detroit,Grandeur Hotels,Detroit,standard,1,1,0,1,136.9,136.9
f1cbca82-7dd9-11ea-8d00-b88a60e194fb,7UF-1MQ8,orderid:917752,crmid:5054484662,2020-03-29T09:18:12.000Z,call center,prd1107,1585559892,1585732692,2020-03-30T09:18:12.000Z,2020-04-01T09:18:12.000Z,Hospitality Inn: Kharkiv,Hospitality Inn,Kharkiv,standard,1,1,0,2,111.19,222.38
f1cd2a12-7dd9-11ea-9d71-b88a60e194fb,XBX-YEWX,orderid:236404,crmid:3770841587,2020-03-14T12:55:25.000Z,kiosk,prd1117,1584449725,1584795325,2020-03-17T12:55:25.000Z,2020-03-21T12:55:25.000Z,Admiralty Plaza: Dublin,Admiralty Plaza,Dublin,standard,1,1,0,4,113.1,452.4
f1ce89ae-7dd9-11ea-9e0e-b88a60e194fb,EHT-6A3Q,orderid:409025,crmid:5714718717,2020-03-26T03:32:19.000Z,kiosk,prd1056,1587180739,1587353539,2020-04-18T03:32:19.000Z,2020-04-20T03:32:19.000Z,Repose Resort: Aurora,Repose Resort,Aurora,standard,1,1,0,2,159.09,318.18
f1cfe940-7dd9-11ea-994c-b88a60e194fb,XLI-RWZK,orderid:986041,crmid:9327337679,2020-03-22T08:01:02.000Z,service desk,prd1049,1585468862,1585641662,2020-03-29T08:01:02.000Z,2020-03-31T08:01:02.000Z,Grandeur Hotels: Tulsa,Grandeur Hotels,Tulsa,standard,1,1,0,2,150.04,300.08
f1d121be-7dd9-11ea-96a8-b88a60e194fb,TH6-RCXY,orderid:414023,crmid:7706063028,2020-03-11T02:49:45.000Z,call center,prd1153,1586141385,1586314185,2020-04-06T02:49:45.000Z,2020-04-08T02:49:45.000Z,Admiralty Plaza: Charlotte,Admiralty Plaza,Charlotte,premium,1,1,0,2,157.43,314.86
f1d2cfc0-7dd9-11ea-9be1-b88a60e194fb,ZAJ-0AQP,orderid:416834,crmid:1372191520,2020-03-15T21:09:37.000Z,mobile,prd1092,1586207377,1586552977,2020-04-06T21:09:37.000Z,2020-04-10T21:09:37.000Z,Repose Resort: Cape Town,Repose Resort,Cape Town,standard,1,1,0,4,119.63,478.52
f1d4cb34-7dd9-11ea-ad18-b88a60e194fb,HVI-SDKE,orderid:560195,crmid:6742261093,2020-03-05T02:51:43.000Z,service desk,prd1019,1583463103,1583549503,2020-03-06T02:51:43.000Z,2020-03-07T02:51:43.000Z,Nesting Box Inn: Charlotte,Nesting Box Inn,Charlotte,premium,1,1,0,1,191.31,191.31
f1d69fe2-7dd9-11ea-bd82-b88a60e194fb,SOZ-O9F1,orderid:507114,crmid:4318219258,2020-03-04T06:41:34.000Z,mobile,prd1001,1583649694,1583822494,2020-03-08T06:41:34.000Z,2020-03-10T06:41:34.000Z,Grandeur Hotels: New York,Grandeur Hotels,New York,standard,1,1,0,2,185.15,370.3
f1d84d92-7dd9-11ea-b7ff-b88a60e194fb,XYC-OZYE,orderid:187076,crmid:8279137304,2020-03-23T23:33:38.000Z,call center,prd1104,1586734418,1587425618,2020-04-12T23:33:38.000Z,2020-04-20T23:33:38.000Z,Repose Resort: Warsaw,Repose Resort,Warsaw,standard,1,1,0,8,141.69,1133.52
f1d9fb4a-7dd9-11ea-99fa-b88a60e194fb,SO5-MJTI,orderid:742411,crmid:7229579727,2020-03-02T06:49:39.000Z,kiosk,prd1184,1585291779,1585810179,2020-03-27T06:49:39.000Z,2020-04-02T06:49:39.000Z,Aspen Heights: Arlington,Aspen Heights,Arlington,premium,1,1,4,6,154.35,926.1
f1dba8ec-7dd9-11ea-a799-b88a60e194fb,30H-BSCZ,orderid:206795,crmid:3738136749,2020-03-29T03:18:28.000Z,kiosk,prd1178,1587611908,1587957508,2020-04-23T03:18:28.000Z,2020-04-27T03:18:28.000Z,Blue Reef Resort: Colorado Springs,Blue Reef Resort,Colorado Springs,ultra-luxury,1,1,0,4,343.8,1375.2
f1e03cd0-7dd9-11ea-849b-b88a60e194fb,PNS-T0FU,orderid:937883,crmid:8412033187,2020-03-15T18:50:13.000Z,call center,prd1016,1585939813,1586112613,2020-04-03T18:50:13.000Z,2020-04-05T18:50:13.000Z,Aspen Heights: Columbus,Aspen Heights,Columbus,standard,1,1,0,2,132.27,264.54
f1e1c376-7dd9-11ea-8718-b88a60e194fb,FGD-DNBV,orderid:752216,crmid:1168577647,2020-03-20T15:52:00.000Z,mobile,prd1033,1586706720,1587397920,2020-04-12T15:52:00.000Z,2020-04-20T15:52:00.000Z,Admiralty Plaza: Milwaukee,Admiralty Plaza,Milwaukee,premium,1,1,3,8,100.75,806.0
f1e3231c-7dd9-11ea-bd56-b88a60e194fb,JPD-ZNLF,orderid:136739,crmid:6079367806,2020-03-10T12:10:04.000Z,kiosk,prd1142,1585397404,1586261404,2020-03-28T12:10:04.000Z,2020-04-07T12:10:04.000Z,Blue Reef Resort: Philadelphia,Blue Reef Resort,Philadelphia,standard,1,1,0,10,193.24,1932.4
f1e4d0d4-7dd9-11ea-9055-b88a60e194fb,1ZU-J5XA,orderid:401841,crmid:2670202457,2020-03-30T15:53:14.000Z,kiosk,prd1173,1587138794,1588089194,2020-04-17T15:53:14.000Z,2020-04-28T15:53:14.000Z,Sapphire Suites: Kansas City,Sapphire Suites,Kansas City,standard,1,1,0,11,124.71,1371.81
f1e63040-7dd9-11ea-9921-b88a60e194fb,SXP-R6PO,orderid:229613,crmid:2852951040,2020-03-13T09:54:43.000Z,call center,prd1112,1586080483,1586598883,2020-04-05T09:54:43.000Z,2020-04-11T09:54:43.000Z,Aspen Heights: Birmingham,Aspen Heights,Birmingham,ultra-luxury,1,1,0,6,342.3,2053.8
f1e768ba-7dd9-11ea-8d7e-b88a60e194fb,50C-UZMZ,orderid:883089,crmid:4202270421,2020-03-01T12:57:36.000Z,mobile,prd1136,1585141056,1585313856,2020-03-25T12:57:36.000Z,2020-03-27T12:57:36.000Z,Aspen Heights: Osaka,Aspen Heights,Osaka,standard,1,1,0,2,171.02,342.04
f1e93dae-7dd9-11ea-8f8f-b88a60e194fb,WAV-UQYS,orderid:588621,crmid:1478342992,2020-03-03T13:56:06.000Z,call center,prd1137,1585490166,1585749366,2020-03-29T13:56:06.000Z,2020-04-01T13:56:06.000Z,Sapphire Suites: Manila,Sapphire Suites,Manila,standard,1,1,0,3,139.39,418.17
f1eac424-7dd9-11ea-8d1c-b88a60e194fb,BUA-OQIK,orderid:149641,crmid:2084848406,2020-03-24T11:28:32.000Z,call center,prd1007,1585135712,1585308512,2020-03-25T11:28:32.000Z,2020-03-27T11:28:32.000Z,Nesting Box Inn: Phoenix,Nesting Box Inn,Phoenix,standard,1,1,0,2,126.97,253.94
f1ec4ab6-7dd9-11ea-a45c-b88a60e194fb,UJZ-5SHZ,orderid:746250,crmid:4356771779,2020-03-07T02:43:13.000Z,kiosk,prd1057,1585190593,1586054593,2020-03-26T02:43:13.000Z,2020-04-05T02:43:13.000Z,Admiralty Plaza: Mumbai,Admiralty Plaza,Mumbai,luxury,1,1,0,10,289.68,2896.8
f1edd16e-7dd9-11ea-8a6f-b88a60e194fb,HDJ-N5W8,orderid:423575,crmid:7808466009,2020-03-04T15:01:36.000Z,kiosk,prd1013,1585062096,1585321296,2020-03-24T15:01:36.000Z,2020-03-27T15:01:36.000Z,Grandeur Hotels: Austin,Grandeur Hotels,Austin,premium,1,1,1,3,164.02,492.06
f1ef7f1c-7dd9-11ea-b68b-b88a60e194fb,MRC-CDLS,orderid:433935,crmid:9219064288,2020-03-03T10:05:33.000Z,kiosk,prd1152,1585217133,1585821933,2020-03-26T10:05:33.000Z,2020-04-02T10:05:33.000Z,Repose Resort: Indianapolis,Repose Resort,Indianapolis,premium,1,1,0,7,148.06,1036.42
f1f12cc6-7dd9-11ea-8f74-b88a60e194fb,8YG-U8NE,orderid:501861,crmid:2298073025,2020-03-07T02:42:36.000Z,call center,prd1197,1585536156,1586054556,2020-03-30T02:42:36.000Z,2020-04-05T02:42:36.000Z,Sapphire Suites: London,Sapphire Suites,London,standard,1,1,0,6,99.76,598.56
f1f28c5e-7dd9-11ea-bbb0-b88a60e194fb,ACO-VRY2,orderid:279023,crmid:5689556830,2020-03-21T05:13:15.000Z,kiosk,prd1017,1586581995,1588050795,2020-04-11T05:13:15.000Z,2020-04-28T05:13:15.000Z,Sapphire Suites: Fort Worth,Sapphire Suites,Fort Worth,luxury,1,1,0,17,386.15,6564.55
f1f43a00-7dd9-11ea-a7e2-b88a60e194fb,MUP-5CS5,orderid:528623,crmid:9387149029,2020-03-03T10:05:50.000Z,kiosk,prd1108,1583316350,1583748350,2020-03-04T10:05:50.000Z,2020-03-09T10:05:50.000Z,Sandhill: Milan,Sandhill,Milan,standard,1,1,0,5,113.32,566.6
f1f5c090-7dd9-11ea-862f-b88a60e194fb,CTE-E7ZH,orderid:183147,crmid:9267881335,2020-03-05T08:29:35.000Z,call center,prd1033,1585297775,1585902575,2020-03-27T08:29:35.000Z,2020-04-03T08:29:35.000Z,Admiralty Plaza: Milwaukee,Admiralty Plaza,Milwaukee,standard,1,1,0,7,154.04,1078.28
f1f72034-7dd9-11ea-8c81-b88a60e194fb,B4A-UUUG,orderid:776273,crmid:6333529201,2020-03-29T08:02:28.000Z,kiosk,prd1110,1587369748,1587888148,2020-04-20T08:02:28.000Z,2020-04-26T08:02:28.000Z,Restful Nights: Sofia,Restful Nights,Sofia,standard,1,1,0,6,102.86,617.16
f1f8cddc-7dd9-11ea-ac81-b88a60e194fb,OAN-WJJW,orderid:375741,crmid:7499688859,2020-03-14T19:01:57.000Z,mobile,prd1022,1585854117,1586458917,2020-04-02T19:01:57.000Z,2020-04-09T19:01:57.000Z,Blue Reef Resort: Washington DC,Blue Reef Resort,Washington DC,premium,1,1,4,7,113.1,791.7
f1fac99e-7dd9-11ea-b92f-b88a60e194fb,4ZQ-DSFV,orderid:196037,crmid:7262883958,2020-03-14T23:36:51.000Z,mobile,prd1011,1586475411,1587080211,2020-04-09T23:36:51.000Z,2020-04-16T23:36:51.000Z,Hospitality Inn: Dallas,Hospitality Inn,Dallas,standard,1,1,1,7,199.98,1399.86
f1fc2926-7dd9-11ea-a131-b88a60e194fb,FVR-4L15,orderid:410187,crmid:6662973272,2020-03-13T15:44:13.000Z,call center,prd1170,1584200653,1584373453,2020-03-14T15:44:13.000Z,2020-03-16T15:44:13.000Z,Restful Nights: Fresno,Restful Nights,Fresno,standard,1,1,0,2,200.67,401.34
f1fdfe06-7dd9-11ea-8808-b88a60e194fb,Y6I-DDD2,orderid:790535,crmid:6649185849,2020-03-02T22:52:26.000Z,call center,prd1045,1584053546,1584485546,2020-03-12T22:52:26.000Z,2020-03-17T22:52:26.000Z,Admiralty Plaza: Miami,Admiralty Plaza,Miami,standard,1,1,0,5,132.35,661.75
f20020d4-7dd9-11ea-aaa6-b88a60e194fb,SNE-7Z0Z,orderid:504689,crmid:2179556309,2020-03-22T18:11:25.000Z,call center,prd1189,1585332685,1585851085,2020-03-27T18:11:25.000Z,2020-04-02T18:11:25.000Z,Admiralty Plaza: Bakersfield,Admiralty Plaza,Bakersfield,premium,1,1,0,6,166.41,998.46
f2021ca2-7dd9-11ea-ac2e-b88a60e194fb,QNU-YU6J,orderid:466560,crmid:1055423399,2020-03-02T20:02:51.000Z,call center,prd1119,1585425771,1586116971,2020-03-28T20:02:51.000Z,2020-04-05T20:02:51.000Z,Hospitality Inn: Turin,Hospitality Inn,Turin,standard,1,1,3,8,134.19,1073.52
f203f15c-7dd9-11ea-9f95-b88a60e194fb,F1A-3SP2,orderid:239200,crmid:3645873848,2020-03-17T17:34:52.000Z,kiosk,prd1077,1585071292,1585503292,2020-03-24T17:34:52.000Z,2020-03-29T17:34:52.000Z,Sapphire Suites: Cairo,Sapphire Suites,Cairo,premium,1,1,2,5,121.59,607.95
f205c63a-7dd9-11ea-8aba-b88a60e194fb,Z2N-XODY,orderid:815710,crmid:5587785982,2020-03-11T10:07:29.000Z,call center,prd1009,1586254049,1586945249,2020-04-07T10:07:29.000Z,2020-04-15T10:07:29.000Z,Admiralty Plaza: San Antonio,Admiralty Plaza,San Antonio,standard,1,1,0,8,183.1,1464.8
f20773ca-7dd9-11ea-9834-b88a60e194fb,EMQ-ET7W,orderid:383541,crmid:3539272628,2020-03-02T10:33:29.000Z,mobile,prd1076,1583836409,1584441209,2020-03-10T10:33:29.000Z,2020-03-17T10:33:29.000Z,Aspen Heights: Bogota,Aspen Heights,Bogota,standard,1,1,3,7,147.44,1032.08
f2096fb4-7dd9-11ea-9c9a-b88a60e194fb,WHO-OKD1,orderid:926325,crmid:9458219794,2020-03-17T15:39:46.000Z,kiosk,prd1083,1584977986,1585150786,2020-03-23T15:39:46.000Z,2020-03-25T15:39:46.000Z,Hospitality Inn: Bangkok,Hospitality Inn,Bangkok,standard,1,1,0,2,125.66,251.32
f20b1d70-7dd9-11ea-999e-b88a60e194fb,HOK-SOXT,orderid:869276,crmid:2045879545,2020-03-22T05:11:50.000Z,kiosk,prd1178,1586927510,1587532310,2020-04-15T05:11:50.000Z,2020-04-22T05:11:50.000Z,Blue Reef Resort: Colorado Springs,Blue Reef Resort,Colorado Springs,standard,1,1,0,7,161.72,1132.04
f20d1934-7dd9-11ea-a077-b88a60e194fb,HDS-1CHZ,orderid:405214,crmid:1170501288,2020-03-02T17:50:45.000Z,service desk,prd1129,1585245045,1586109045,2020-03-26T17:50:45.000Z,2020-04-05T17:50:45.000Z,Admiralty Plaza: Helsinki,Admiralty Plaza,Helsinki,standard,1,1,0,10,127.61,1276.1
f20ec764-7dd9-11ea-a7e2-b88a60e194fb,ALU-YLD5,orderid:926306,crmid:3460015054,2020-03-09T00:11:57.000Z,mobile,prd1093,1585267917,1586131917,2020-03-27T00:11:57.000Z,2020-04-06T00:11:57.000Z,Admiralty Plaza: Yokohama,Admiralty Plaza,Yokohama,premium,1,1,0,10,134.92,1349.2
f210748c-7dd9-11ea-a8b1-b88a60e194fb,O6M-Q1YI,orderid:544557,crmid:8604330653,2020-03-25T04:05:15.000Z,call center,prd1184,1586750715,1588046715,2020-04-13T04:05:15.000Z,2020-04-28T04:05:15.000Z,Aspen Heights: Arlington,Aspen Heights,Arlington,standard,1,1,0,15,119.49,1792.35
f211fb34-7dd9-11ea-ad8f-b88a60e194fb,XEC-W8VH,orderid:367733,crmid:9243715459,2020-03-01T00:22:05.000Z,kiosk,prd1129,1584922925,1585614125,2020-03-23T00:22:05.000Z,2020-03-31T00:22:05.000Z,Admiralty Plaza: Helsinki,Admiralty Plaza,Helsinki,premium,1,1,0,8,167.44,1339.52
f21381d8-7dd9-11ea-a25c-b88a60e194fb,3RH-BNTL,orderid:959853,crmid:2442199143,2020-03-19T01:24:12.000Z,kiosk,prd1097,1586395452,1587777852,2020-04-09T01:24:12.000Z,2020-04-25T01:24:12.000Z,Grandeur Hotels: Buenos Aires,Grandeur Hotels,Buenos Aires,standard,1,1,2,16,150.79,2412.64
f215a4b4-7dd9-11ea-a1b4-b88a60e194fb,4ID-RGH0,orderid:776611,crmid:4868582281,2020-03-01T08:13:22.000Z,mobile,prd1136,1585556002,1585988002,2020-03-30T08:13:22.000Z,2020-04-04T08:13:22.000Z,Aspen Heights: Osaka,Aspen Heights,Osaka,standard,1,1,0,5,130.7,653.5
f2172b7a-7dd9-11ea-b99c-b88a60e194fb,QRN-O32L,orderid:512452,crmid:7576948429,2020-03-19T10:58:26.000Z,kiosk,prd1045,1587121106,1587639506,2020-04-17T10:58:26.000Z,2020-04-23T10:58:26.000Z,Admiralty Plaza: Miami,Admiralty Plaza,Miami,standard,1,1,2,6,160.42,962.52
f21863b4-7dd9-11ea-ab67-b88a60e194fb,AXE-CJ6Y,orderid:312591,crmid:5912627688,2020-03-11T05:15:59.000Z,service desk,prd1129,1586063759,1587532559,2020-04-05T05:15:59.000Z,2020-04-22T05:15:59.000Z,Admiralty Plaza: Helsinki,Admiralty Plaza,Helsinki,standard,1,1,0,17,135.06,2296.02
f2199c36-7dd9-11ea-b3be-b88a60e194fb,OHK-VCRH,orderid:903168,crmid:7456051322,2020-03-30T03:09:19.000Z,service desk,prd1166,1587352159,1587524959,2020-04-20T03:09:19.000Z,2020-04-22T03:09:19.000Z,Blue Reef Resort: Baltimore,Blue Reef Resort,Baltimore,standard,1,1,0,2,160.43,320.86
f21afbee-7dd9-11ea-a0f0-b88a60e194fb,LU3-1YL2,orderid:394201,crmid:8973966414,2020-03-14T15:24:41.000Z,mobile,prd1007,1586186681,1586791481,2020-04-06T15:24:41.000Z,2020-04-13T15:24:41.000Z,Nesting Box Inn: Phoenix,Nesting Box Inn,Phoenix,standard,1,1,0,7,120.1,840.7
f21c5b3e-7dd9-11ea-aad2-b88a60e194fb,VFA-VCYT,orderid:778441,crmid:8578805209,2020-03-17T14:15:18.000Z,call center,prd1033,1584627318,1584800118,2020-03-19T14:15:18.000Z,2020-03-21T14:15:18.000Z,Admiralty Plaza: Milwaukee,Admiralty Plaza,Milwaukee,standard,1,1,0,2,140.86,281.72
f21de1f0-7dd9-11ea-be33-b88a60e194fb,PCV-XDWJ,orderid:956191,crmid:9380779682,2020-03-03T12:21:58.000Z,call center,prd1009,1583324518,1583842918,2020-03-04T12:21:58.000Z,2020-03-10T12:21:58.000Z,Admiralty Plaza: San Antonio,Admiralty Plaza,San Antonio,standard,1,1,0,6,147.66,885.96
f21f4176-7dd9-11ea-98d1-b88a60e194fb,BIY-7IT7,orderid:724988,crmid:6393974985,2020-03-26T04:12:28.000Z,call center,prd1148,1587355948,1587787948,2020-04-20T04:12:28.000Z,2020-04-25T04:12:28.000Z,Aspen Heights: Jacksonville,Aspen Heights,Jacksonville,standard,1,1,0,5,166.92,834.6
f220a112-7dd9-11ea-b400-b88a60e194fb,CAZ-RFBF,orderid:292325,crmid:5121848116,2020-03-13T18:15:59.000Z,mobile,prd1117,1584209759,1584468959,2020-03-14T18:15:59.000Z,2020-03-17T18:15:59.000Z,Admiralty Plaza: Dublin,Admiralty Plaza,Dublin,standard,1,1,0,3,149.13,447.39
f221b280-7dd9-11ea-bb7b-b88a60e194fb,GAZ-TROB,orderid:540947,crmid:8252210410,2020-03-07T06:56:30.000Z,call center,prd1050,1583650590,1583823390,2020-03-08T06:56:30.000Z,2020-03-10T06:56:30.000Z,Restful Nights: Arlington,Restful Nights,Arlington,standard,1,1,0,2,163.35,326.7
f223d56c-7dd9-11ea-b061-b88a60e194fb,U2G-XYSC,orderid:565490,crmid:9974966193,2020-03-05T20:53:29.000Z,call center,prd1075,1585256009,1586120009,2020-03-26T20:53:29.000Z,2020-04-05T20:53:29.000Z,Family Fun Hotels: Bangalore,Family Fun Hotels,Bangalore,standard,1,1,0,10,140.14,1401.4
f225aa26-7dd9-11ea-bfc0-b88a60e194fb,E9C-YZW8,orderid:475641,crmid:3372778001,2020-03-12T06:04:08.000Z,kiosk,prd1011,1585980248,1586412248,2020-04-04T06:04:08.000Z,2020-04-09T06:04:08.000Z,Hospitality Inn: Dallas,Hospitality Inn,Dallas,standard,1,1,0,5,178.42,892.1
f22709ca-7dd9-11ea-be4f-b88a60e194fb,ABI-62MR,orderid:469267,crmid:7455761341,2020-03-28T08:58:15.000Z,mobile,prd1052,1587545895,1587718695,2020-04-22T08:58:15.000Z,2020-04-24T08:58:15.000Z,Aspen Heights: Wichita,Aspen Heights,Wichita,standard,1,1,0,2,129.55,259.1
f2289052-7dd9-11ea-8407-b88a60e194fb,4AK-3WMB,orderid:817304,crmid:7434003011,2020-03-28T19:45:14.000Z,kiosk,prd1034,1587843914,1588189514,2020-04-25T19:45:14.000Z,2020-04-29T19:45:14.000Z,Blue Reef Resort: Albuquerque,Blue Reef Resort,Albuquerque,standard,1,1,0,4,154.77,619.08
f229c8c0-7dd9-11ea-adbe-b88a60e194fb,CRL-KHJC,orderid:985090,crmid:8190693128,2020-03-24T23:03:22.000Z,service desk,prd1128,1587251002,1587683002,2020-04-18T23:03:22.000Z,2020-04-23T23:03:22.000Z,Repose Resort: Rotterdam,Repose Resort,Rotterdam,standard,1,1,0,5,105.31,526.55
f22b013e-7dd9-11ea-9917-b88a60e194fb,YES-ZRGH,orderid:922084,crmid:9784954095,2020-03-04T16:45:02.000Z,call center,prd1119,1585932302,1586537102,2020-04-03T16:45:02.000Z,2020-04-10T16:45:02.000Z,Hospitality Inn: Turin,Hospitality Inn,Turin,standard,1,1,0,7,139.66,977.62
f22c12a6-7dd9-11ea-ad8d-b88a60e194fb,UTL-TIXV,orderid:285590,crmid:8265243847,2020-03-02T17:02:22.000Z,call center,prd1097,1583254942,1583427742,2020-03-03T17:02:22.000Z,2020-03-05T17:02:22.000Z,Grandeur Hotels: Buenos Aires,Grandeur Hotels,Buenos Aires,premium,1,1,0,2,134.64,269.28
f22d7240-7dd9-11ea-a238-b88a60e194fb,C6U-3GHP,orderid:583535,crmid:5294247191,2020-03-30T19:43:46.000Z,call center,prd1136,1587498226,1588535026,2020-04-21T19:43:46.000Z,2020-05-03T19:43:46.000Z,Aspen Heights: Osaka,Aspen Heights,Osaka,standard,1,1,0,12,171.31,2055.72
f22e83da-7dd9-11ea-8309-b88a60e194fb,SAL-Z3QF,orderid:183697,crmid:8433822544,2020-03-27T17:39:14.000Z,service desk,prd1025,1585417154,1585503554,2020-03-28T17:39:14.000Z,2020-03-29T17:39:14.000Z,Grandeur Hotels: Detroit,Grandeur Hotels,Detroit,standard,1,1,0,1,202.36,202.36
f22fe380-7dd9-11ea-a0dd-b88a60e194fb,U6C-VGH2,orderid:952160,crmid:3688694428,2020-03-11T05:57:03.000Z,mobile,prd1027,1585893423,1586584623,2020-04-03T05:57:03.000Z,2020-04-11T05:57:03.000Z,Family Fun Hotels: Memphis,Family Fun Hotels,Memphis,premium,1,1,0,8,193.69,1549.52
f23207e2-7dd9-11ea-bf06-b88a60e194fb,MA2-T7UL,orderid:315830,crmid:6484384889,2020-03-21T10:09:42.000Z,call center,prd1100,1586599782,1587722982,2020-04-11T10:09:42.000Z,2020-04-24T10:09:42.000Z,Aspen Heights: Misk,Aspen Heights,Misk,standard,1,1,1,13,134.67,1750.71
f2338cba-7dd9-11ea-b9c7-b88a60e194fb,4BB-EGRN,orderid:878602,crmid:6759309867,2020-03-28T23:26:04.000Z,kiosk,prd1035,1585524364,1585783564,2020-03-29T23:26:04.000Z,2020-04-01T23:26:04.000Z,Hospitality Inn: Tucson,Hospitality Inn,Tucson,premium,1,1,0,3,154.36,463.08
f2349e30-7dd9-11ea-a00b-b88a60e194fb,VIL-CJ3D,orderid:674019,crmid:9264875754,2020-03-09T11:52:49.000Z,call center,prd1040,1585569169,1586001169,2020-03-30T11:52:49.000Z,2020-04-04T11:52:49.000Z,Aspen Heights: Atlanta,Aspen Heights,Atlanta,standard,1,1,0,5,119.42,597.1
f235fdb6-7dd9-11ea-9056-b88a60e194fb,SDY-KJW0,orderid:723363,crmid:2912370013,2020-03-28T11:16:21.000Z,mobile,prd1182,1585998981,1586171781,2020-04-04T11:16:21.000Z,2020-04-06T11:16:21.000Z,Restful Nights: Minneapolis,Restful Nights,Minneapolis,premium,1,1,0,2,110.55,221.1
f2378468-7dd9-11ea-90ed-b88a60e194fb,0OR-ANKE,orderid:928872,crmid:6591684567,2020-03-19T19:29:59.000Z,mobile,prd1028,1586633399,1587151799,2020-04-11T19:29:59.000Z,2020-04-17T19:29:59.000Z,Aspen Heights: Portland,Aspen Heights,Portland,premium,1,1,3,6,154.9,929.4
f2393208-7dd9-11ea-ac51-b88a60e194fb,EPF-NPLC,orderid:233597,crmid:9090284749,2020-03-06T21:40:16.000Z,call center,prd1095,1584049216,1584567616,2020-03-12T21:40:16.000Z,2020-03-18T21:40:16.000Z,Hospitality Inn: Casablanca,Hospitality Inn,Casablanca,premium,1,1,0,6,116.8,700.8
f23ab8d2-7dd9-11ea-9e55-b88a60e194fb,YNT-LWPF,orderid:311613,crmid:8676460523,2020-03-25T18:54:27.000Z,kiosk,prd1062,1587408867,1588013667,2020-04-20T18:54:27.000Z,2020-04-27T18:54:27.000Z,Restful Nights: Moscow,Restful Nights,Moscow,premium,1,1,0,7,119.99,839.93
f23c665a-7dd9-11ea-b155-b88a60e194fb,I4L-6CFP,orderid:763046,crmid:3154219956,2020-03-19T20:38:50.000Z,service desk,prd1172,1584736730,1584823130,2020-03-20T20:38:50.000Z,2020-03-21T20:38:50.000Z,Aspen Heights: Mesa,Aspen Heights,Mesa,standard,1,1,0,1,118.45,118.45
f23dc5f8-7dd9-11ea-a3d4-b88a60e194fb,OY8-V4KW,orderid:610440,crmid:7453814916,2020-03-23T14:07:47.000Z,service desk,prd1190,1586959667,1587910067,2020-04-15T14:07:47.000Z,2020-04-26T14:07:47.000Z,Blue Reef Resort: Aurora,Blue Reef Resort,Aurora,standard,1,1,0,11,162.31,1785.41
f23f7390-7dd9-11ea-9f03-b88a60e194fb,QXK-5O5L,orderid:137551,crmid:2174023941,2020-03-09T17:28:23.000Z,call center,prd1052,1585848503,1586366903,2020-04-02T17:28:23.000Z,2020-04-08T17:28:23.000Z,Aspen Heights: Wichita,Aspen Heights,Wichita,standard,1,1,0,6,164.95,989.7
f2408500-7dd9-11ea-93a8-b88a60e194fb,68Q-CGMB,orderid:962332,crmid:5573492967,2020-03-30T04:09:52.000Z,kiosk,prd1131,1585800592,1586059792,2020-04-02T04:09:52.000Z,2020-04-05T04:09:52.000Z,Hospitality Inn: Sheffield,Hospitality Inn,Sheffield,premium,1,1,0,3,135.76,407.28
f241e490-7dd9-11ea-8582-b88a60e194fb,SG6-IJVY,orderid:722620,crmid:8700456845,2020-03-18T10:33:37.000Z,mobile,prd1112,1586601217,1587206017,2020-04-11T10:33:37.000Z,2020-04-18T10:33:37.000Z,Aspen Heights: Birmingham,Aspen Heights,Birmingham,standard,1,1,0,7,108.49,759.43
f2431d08-7dd9-11ea-beb7-b88a60e194fb,I7B-YXXR,orderid:265339,crmid:5081821803,2020-03-02T18:25:57.000Z,service desk,prd1100,1583259957,1583346357,2020-03-03T18:25:57.000Z,2020-03-04T18:25:57.000Z,Aspen Heights: Misk,Aspen Heights,Misk,standard,1,1,0,1,102.0,102.0
f24455d4-7dd9-11ea-a4a8-b88a60e194fb,U4H-UDBW,orderid:779352,crmid:7036529611,2020-03-09T02:15:49.000Z,call center,prd1170,1585448149,1586139349,2020-03-29T02:15:49.000Z,2020-04-06T02:15:49.000Z,Restful Nights: Fresno,Restful Nights,Fresno,premium,1,1,0,8,160.71,1285.68
f2459b70-7dd9-11ea-9b92-b88a60e194fb,QW8-NO2E,orderid:771338,crmid:8680382656,2020-03-17T16:04:21.000Z,kiosk,prd1154,1586102661,1586707461,2020-04-05T16:04:21.000Z,2020-04-12T16:04:21.000Z,Blue Reef Resort: Seattle,Blue Reef Resort,Seattle,standard,1,1,0,7,117.82,824.74
f246fc06-7dd9-11ea-8304-b88a60e194fb,CYX-459A,orderid:139247,crmid:4659278947,2020-03-12T07:33:12.000Z,call center,prd1135,1584084792,1584257592,2020-03-13T07:33:12.000Z,2020-03-15T07:33:12.000Z,Family Fun Hotels: Vancouver,Family Fun Hotels,Vancouver,standard,1,1,0,2,120.57,241.14
f2486190-7dd9-11ea-8c4a-b88a60e194fb,STL-UA40,orderid:129797,crmid:5230391570,2020-03-11T06:39:45.000Z,mobile,prd1005,1584772785,1585291185,2020-03-21T06:39:45.000Z,2020-03-27T06:39:45.000Z,Sapphire Suites: Los Angeles,Sapphire Suites,Los Angeles,standard,1,1,0,6,145.69,874.14
f24a16e8-7dd9-11ea-8af6-b88a60e194fb,IP6-77GA,orderid:148085,crmid:1536174354,2020-03-09T20:00:13.000Z,kiosk,prd1134,1585339213,1585857613,2020-03-27T20:00:13.000Z,2020-04-02T20:00:13.000Z,Restful Nights: Montreal,Restful Nights,Montreal,standard,1,1,3,6,175.61,1053.66
f24b53fa-7dd9-11ea-8d5b-b88a60e194fb,CON-2TJF,orderid:550676,crmid:4190445640,2020-03-26T19:32:07.000Z,service desk,prd1004,1585337527,1585596727,2020-03-27T19:32:07.000Z,2020-03-30T19:32:07.000Z,Aspen Heights: Boulder,Aspen Heights,Boulder,standard,1,1,0,3,150.71,452.13
f24cbedc-7dd9-11ea-b096-b88a60e194fb,VK4-GDXV,orderid:141721,crmid:6351917689,2020-03-22T06:27:45.000Z,kiosk,prd1179,1587191265,1588660065,2020-04-18T06:27:45.000Z,2020-05-05T06:27:45.000Z,Hospitality Inn: Miami,Hospitality Inn,Miami,standard,1,1,0,17,101.83,1731.11
f24da7ca-7dd9-11ea-8b52-b88a60e194fb,FMX-XQC2,orderid:789276,crmid:5522073280,2020-03-04T11:16:12.000Z,kiosk,prd1160,1585480572,1585653372,2020-03-29T11:16:12.000Z,2020-03-31T11:16:12.000Z,Aspen Heights: Nashville,Aspen Heights,Nashville,standard,1,1,0,2,151.58,303.16
f24ee1ac-7dd9-11ea-82ef-b88a60e194fb,NWA-WCCA,orderid:689849,crmid:1737464787,2020-03-11T01:28:56.000Z,kiosk,prd1032,1585877336,1586827736,2020-04-03T01:28:56.000Z,2020-04-14T01:28:56.000Z,Repose Resort: Baltimore,Repose Resort,Baltimore,standard,1,1,0,11,146.82,1615.02
f2503fde-7dd9-11ea-ac8e-b88a60e194fb,7DX-NFR0,orderid:133345,crmid:9547128736,2020-03-04T05:49:20.000Z,kiosk,prd1154,1583387360,1583473760,2020-03-05T05:49:20.000Z,2020-03-06T05:49:20.000Z,Blue Reef Resort: Seattle,Blue Reef Resort,Seattle,standard,1,1,0,1,154.65,154.65
f25152a8-7dd9-11ea-b45b-b88a60e194fb,QDV-PJ9W,orderid:467284,crmid:7567697083,2020-03-18T13:49:46.000Z,call center,prd1009,1584625786,1584712186,2020-03-19T13:49:46.000Z,2020-03-20T13:49:46.000Z,Admiralty Plaza: San Antonio,Admiralty Plaza,San Antonio,standard,1,1,0,1,129.17,129.17
f25289ba-7dd9-11ea-9700-b88a60e194fb,ZYH-EDLF,orderid:446084,crmid:1494741186,2020-03-04T19:06:35.000Z,call center,prd1104,1583435195,1583867195,2020-03-05T19:06:35.000Z,2020-03-10T19:06:35.000Z,Repose Resort: Warsaw,Repose Resort,Warsaw,premium,1,1,0,5,112.73,563.65
f2539b2c-7dd9-11ea-ad08-b88a60e194fb,RHV-DXDB,orderid:581599,crmid:4995089777,2020-03-18T13:17:39.000Z,kiosk,prd1010,1584796659,1585228659,2020-03-21T13:17:39.000Z,2020-03-26T13:17:39.000Z,Blue Reef Resort: San Diego,Blue Reef Resort,San Diego,standard,1,1,0,5,159.83,799.15
f254d446-7dd9-11ea-80a3-b88a60e194fb,YN6-1XFC,orderid:775322,crmid:6820925822,2020-03-28T07:57:33.000Z,service desk,prd1117,1587283053,1588924653,2020-04-19T07:57:33.000Z,2020-05-08T07:57:33.000Z,Admiralty Plaza: Dublin,Admiralty Plaza,Dublin,premium,1,1,0,19,82.46,1566.74
f2560c2e-7dd9-11ea-9125-b88a60e194fb,MPE-X1NP,orderid:756274,crmid:2490294658,2020-03-23T02:47:22.000Z,call center,prd1143,1585104442,1585622842,2020-03-25T02:47:22.000Z,2020-03-31T02:47:22.000Z,Hospitality Inn: San Antonio,Hospitality Inn,San Antonio,standard,1,1,0,6,121.07,726.42
f2571da4-7dd9-11ea-be06-b88a60e194fb,8UK-WMAG,orderid:890707,crmid:3361547783,2020-03-14T10:56:02.000Z,service desk,prd1123,1584269762,1584356162,2020-03-15T10:56:02.000Z,2020-03-16T10:56:02.000Z,Family Fun Hotels: Amsterdam,Family Fun Hotels,Amsterdam,luxury,1,1,0,1,298.02,298.02
f25744b0-7dd9-11ea-9a1c-b88a60e194fb,CCS-VSHT,orderid:962190,crmid:3361547783,2020-03-18T00:00:00.000Z,call center,prd1025,1584576000,1584662400,2020-03-19T00:00:00.000Z,2020-03-20T00:00:00.000Z,Grandeur Hotels: Detroit,Grandeur Hotels,Detroit,luxury,1,1,0,1,299.38,299.38
f2576c38-7dd9-11ea-bda9-b88a60e194fb,VRV-GUMJ,orderid:990147,crmid:3361547783,2020-03-21T00:00:00.000Z,call center,prd1160,1584921600,1585094400,2020-03-23T00:00:00.000Z,2020-03-25T00:00:00.000Z,Aspen Heights: Nashville,Aspen Heights,Nashville,standard,1,1,0,2,151.96,303.92
f258a43a-7dd9-11ea-b263-b88a60e194fb,AMA-GNLG,orderid:673779,crmid:3646650199,2020-03-28T15:16:23.000Z,kiosk,prd1179,1585926983,1586445383,2020-04-03T15:16:23.000Z,2020-04-09T15:16:23.000Z,Hospitality Inn: Miami,Hospitality Inn,Miami,premium,1,1,0,6,93.21,559.26
f259b5ae-7dd9-11ea-bace-b88a60e194fb,MWI-KHUD,orderid:993085,crmid:5113174060,2020-03-26T23:53:24.000Z,mobile,prd1017,1587081204,1588204404,2020-04-16T23:53:24.000Z,2020-04-29T23:53:24.000Z,Sapphire Suites: Fort Worth,Sapphire Suites,Fort Worth,premium,1,1,1,13,136.85,1779.05
f25aee2c-7dd9-11ea-af05-b88a60e194fb,JLW-LU3D,orderid:249663,crmid:2766544077,2020-03-26T07:06:05.000Z,call center,prd1177,1587798365,1588057565,2020-04-25T07:06:05.000Z,2020-04-28T07:06:05.000Z,Admiralty Plaza: Raleigh,Admiralty Plaza,Raleigh,standard,1,1,0,3,191.24,573.72
f25c4db6-7dd9-11ea-92f2-b88a60e194fb,DPQ-YJUU,orderid:737802,crmid:4188673951,2020-03-25T06:49:14.000Z,kiosk,prd1133,1585982954,1586674154,2020-04-04T06:49:14.000Z,2020-04-12T06:49:14.000Z,Grandeur Hotels: Toronto,Grandeur Hotels,Toronto,standard,1,1,0,8,146.89,1175.12
f25d863e-7dd9-11ea-8cb0-b88a60e194fb,UNQ-7UH2,orderid:265335,crmid:4215947950,2020-03-09T10:38:33.000Z,call center,prd1119,1585823913,1586515113,2020-04-02T10:38:33.000Z,2020-04-10T10:38:33.000Z,Hospitality Inn: Turin,Hospitality Inn,Turin,premium,1,1,0,8,93.96,751.68
f25ebeb8-7dd9-11ea-93c1-b88a60e194fb,BZM-CAS3,orderid:281650,crmid:8877353666,2020-03-25T18:35:54.000Z,kiosk,prd1094,1586716554,1587148554,2020-04-12T18:35:54.000Z,2020-04-17T18:35:54.000Z,Blue Reef Resort: Berlin,Blue Reef Resort,Berlin,premium,1,1,0,5,154.03,770.15
f2601e46-7dd9-11ea-94c8-b88a60e194fb,QFY-AM01,orderid:738226,crmid:3156291429,2020-03-16T12:56:14.000Z,call center,prd1172,1586523374,1587560174,2020-04-10T12:56:14.000Z,2020-04-22T12:56:14.000Z,Aspen Heights: Mesa,Aspen Heights,Mesa,premium,1,1,1,12,154.91,1858.92
f261a4f4-7dd9-11ea-ba1c-b88a60e194fb,ZCU-SAH3,orderid:214963,crmid:5591311057,2020-03-29T20:02:03.000Z,kiosk,prd1190,1587153723,1587499323,2020-04-17T20:02:03.000Z,2020-04-21T20:02:03.000Z,Blue Reef Resort: Aurora,Blue Reef Resort,Aurora,premium,1,1,0,4,154.32,617.28
f26379b8-7dd9-11ea-8eb2-b88a60e194fb,3OL-P3GN,orderid:644364,crmid:7315331187,2020-03-20T20:13:55.000Z,kiosk,prd1026,1586808835,1587240835,2020-04-13T20:13:55.000Z,2020-04-18T20:13:55.000Z,Restful Nights: Nashville,Restful Nights,Nashville,standard,1,1,0,5,129.34,646.7
f26527dc-7dd9-11ea-bb86-b88a60e194fb,UEX-509Z,orderid:617128,crmid:3038890508,2020-03-22T05:07:49.000Z,service desk,prd1059,1586581669,1587359269,2020-04-11T05:07:49.000Z,2020-04-20T05:07:49.000Z,Hospitality Inn: Kinshasa,Hospitality Inn,Kinshasa,premium,1,1,0,9,117.55,1057.95
f26686e6-7dd9-11ea-9d97-b88a60e194fb,9TA-GTRY,orderid:320408,crmid:1241600588,2020-03-23T17:14:23.000Z,call center,prd1088,1587402863,1587662063,2020-04-20T17:14:23.000Z,2020-04-23T17:14:23.000Z,Aspen Heights: Ankara,Aspen Heights,Ankara,standard,1,1,0,3,179.14,537.42
f267e680-7dd9-11ea-ac0c-b88a60e194fb,EO6-PLFI,orderid:503790,crmid:3072349398,2020-03-14T17:42:43.000Z,call center,prd1003,1584553363,1584639763,2020-03-18T17:42:43.000Z,2020-03-19T17:42:43.000Z,Family Fun Hotels: Houston,Family Fun Hotels,Houston,standard,1,1,0,1,118.5,118.5
f2699422-7dd9-11ea-a2be-b88a60e194fb,L2G-383B,orderid:456986,crmid:9190136408,2020-03-27T06:38:49.000Z,call center,prd1052,1585550329,1585809529,2020-03-30T06:38:49.000Z,2020-04-02T06:38:49.000Z,Aspen Heights: Wichita,Aspen Heights,Wichita,premium,1,1,0,3,146.51,439.53
f26b1af8-7dd9-11ea-98ea-b88a60e194fb,JJE-XUIZ,orderid:246647,crmid:2170821268,2020-03-15T23:04:40.000Z,mobile,prd1131,1585177480,1585782280,2020-03-25T23:04:40.000Z,2020-04-01T23:04:40.000Z,Hospitality Inn: Sheffield,Hospitality Inn,Sheffield,presidential-suite,1,1,0,7,915.85,6410.95
f26cef86-7dd9-11ea-9f4c-b88a60e194fb,1SZ-HT5T,orderid:377041,crmid:9382009262,2020-03-24T01:07:03.000Z,call center,prd1172,1585703223,1586221623,2020-04-01T01:07:03.000Z,2020-04-07T01:07:03.000Z,Aspen Heights: Mesa,Aspen Heights,Mesa,premium,1,1,0,6,157.09,942.54
f26e9d2c-7dd9-11ea-9a21-b88a60e194fb,315-I27M,orderid:472503,crmid:9558828804,2020-03-19T04:45:43.000Z,kiosk,prd1161,1586925943,1587444343,2020-04-15T04:45:43.000Z,2020-04-21T04:45:43.000Z,Sapphire Suites: Memphis,Sapphire Suites,Memphis,standard,1,1,0,6,141.1,846.6
f26ffcb4-7dd9-11ea-bda0-b88a60e194fb,XAB-JBPV,orderid:933142,crmid:1185482911,2020-03-13T18:48:27.000Z,call center,prd1165,1585853307,1586458107,2020-04-02T18:48:27.000Z,2020-04-09T18:48:27.000Z,Admiralty Plaza: Louisville,Admiralty Plaza,Louisville,premium,1,1,0,7,134.84,943.88
f2715c3a-7dd9-11ea-a547-b88a60e194fb,8XG-GYL5,orderid:713880,crmid:7332189108,2020-03-04T19:35:10.000Z,mobile,prd1016,1583436910,1583609710,2020-03-05T19:35:10.000Z,2020-03-07T19:35:10.000Z,Aspen Heights: Columbus,Aspen Heights,Columbus,standard,1,1,0,2,92.24,184.48
f272bbf4-7dd9-11ea-8385-b88a60e194fb,8NB-X82I,orderid:233317,crmid:3334322910,2020-03-03T18:49:31.000Z,call center,prd1172,1585766971,1586371771,2020-04-01T18:49:31.000Z,2020-04-08T18:49:31.000Z,Aspen Heights: Mesa,Aspen Heights,Mesa,premium,1,1,0,7,154.79,1083.53
f273f45a-7dd9-11ea-827f-b88a60e194fb,Q64-NKHA,orderid:218765,crmid:4905642866,2020-03-08T05:44:06.000Z,kiosk,prd1172,1586151846,1586324646,2020-04-06T05:44:06.000Z,2020-04-08T05:44:06.000Z,Aspen Heights: Mesa,Aspen Heights,Mesa,standard,1,1,0,2,174.63,349.26
f27553e4-7dd9-11ea-b0f5-b88a60e194fb,OWF-ZIF0,orderid:686981,crmid:1510195263,2020-03-18T19:59:18.000Z,call center,prd1033,1584820758,1585079958,2020-03-21T19:59:18.000Z,2020-03-24T19:59:18.000Z,Admiralty Plaza: Milwaukee,Admiralty Plaza,Milwaukee,standard,1,1,0,3,172.65,517.95
f2768c78-7dd9-11ea-909e-b88a60e194fb,UI0-DU5Z,orderid:885141,crmid:9103386391,2020-03-20T13:20:35.000Z,call center,prd1112,1586179235,1586611235,2020-04-06T13:20:35.000Z,2020-04-11T13:20:35.000Z,Aspen Heights: Birmingham,Aspen Heights,Birmingham,standard,1,1,2,5,157.08,785.4
f277c4da-7dd9-11ea-8bac-b88a60e194fb,AQU-BUL6,orderid:573254,crmid:9580874710,2020-03-17T09:47:25.000Z,call center,prd1189,1586339245,1586425645,2020-04-08T09:47:25.000Z,2020-04-09T09:47:25.000Z,Admiralty Plaza: Bakersfield,Admiralty Plaza,Bakersfield,ultra-luxury,1,1,3,1,365.21,365.21
f279247a-7dd9-11ea-95c6-b88a60e194fb,ADC-SHRT,orderid:859971,crmid:6985154106,2020-03-30T02:37:09.000Z,mobile,prd1019,1585708629,1585881429,2020-04-01T02:37:09.000Z,2020-04-03T02:37:09.000Z,Nesting Box Inn: Charlotte,Nesting Box Inn,Charlotte,standard,1,1,0,2,140.84,281.68
f27a5d1a-7dd9-11ea-ac97-b88a60e194fb,QGG-EIR5,orderid:557687,crmid:1628925429,2020-03-09T01:19:39.000Z,mobile,prd1079,1586308779,1587086379,2020-04-08T01:19:39.000Z,2020-04-17T01:19:39.000Z,Nesting Box Inn: Chennai,Nesting Box Inn,Chennai,premium,1,1,0,9,146.55,1318.95
f27c58cc-7dd9-11ea-9dd4-b88a60e194fb,6MW-OHSR,orderid:679611,crmid:6127519404,2020-03-08T15:05:54.000Z,call center,prd1081,1583939154,1584111954,2020-03-11T15:05:54.000Z,2020-03-13T15:05:54.000Z,Admiralty Plaza: Rod de Janeiro,Admiralty Plaza,Rod de Janeiro,luxury,1,1,0,2,303.87,607.74
f27e2d8c-7dd9-11ea-bf98-b88a60e194fb,KJ6-YAOR,orderid:866230,crmid:9096973013,2020-03-13T04:31:40.000Z,kiosk,prd1153,1586061100,1586579500,2020-04-05T04:31:40.000Z,2020-04-11T04:31:40.000Z,Admiralty Plaza: Charlotte,Admiralty Plaza,Charlotte,standard,1,1,0,6,92.81,556.86
f2800236-7dd9-11ea-8cc2-b88a60e194fb,5XR-EV6Y,orderid:146839,crmid:3847307661,2020-03-12T21:38:31.000Z,call center,prd1176,1586554711,1587073111,2020-04-10T21:38:31.000Z,2020-04-16T21:38:31.000Z,Repose Resort: Omaha,Repose Resort,Omaha,standard,1,1,0,6,170.11,1020.66
f281892e-7dd9-11ea-9bfa-b88a60e194fb,5LO-M7VD,orderid:817152,crmid:1037051722,2020-03-06T17:07:26.000Z,call center,prd1124,1585674446,1586192846,2020-03-31T17:07:26.000Z,2020-04-06T17:07:26.000Z,Aspen Heights: Leeds,Aspen Heights,Leeds,standard,1,1,0,6,114.07,684.42
f283372e-7dd9-11ea-be39-b88a60e194fb,HUI-DX4S,orderid:225715,crmid:9693425831,2020-03-26T03:12:31.000Z,call center,prd1153,1587784351,1588302751,2020-04-25T03:12:31.000Z,2020-05-01T03:12:31.000Z,Admiralty Plaza: Charlotte,Admiralty Plaza,Charlotte,standard,1,1,3,6,143.84,863.04
f284961a-7dd9-11ea-bc35-b88a60e194fb,WRE-J1BB,orderid:983113,crmid:6791093131,2020-03-09T09:30:13.000Z,mobile,prd1141,1586165413,1586338213,2020-04-06T09:30:13.000Z,2020-04-08T09:30:13.000Z,Admiralty Plaza: Phoenix,Admiralty Plaza,Phoenix,standard,1,1,4,2,134.1,268.2
f285f5a8-7dd9-11ea-ada7-b88a60e194fb,E7W-AJFJ,orderid:392513,crmid:2116071228,2020-03-05T02:10:46.000Z,call center,prd1129,1583633446,1584065446,2020-03-08T02:10:46.000Z,2020-03-13T02:10:46.000Z,Admiralty Plaza: Helsinki,Admiralty Plaza,Helsinki,premium,1,1,0,5,159.91,799.55
f287553e-7dd9-11ea-b23e-b88a60e194fb,6YW-SPUO,orderid:504389,crmid:2061094911,2020-03-20T01:47:14.000Z,mobile,prd1021,1587001634,1587865634,2020-04-16T01:47:14.000Z,2020-04-26T01:47:14.000Z,Admiralty Plaza: Denver,Admiralty Plaza,Denver,standard,1,1,2,10,109.81,1098.1
f288dbec-7dd9-11ea-9621-b88a60e194fb,89T-NBPW,orderid:679224,crmid:9268488984,2020-03-23T13:46:36.000Z,mobile,prd1134,1585316796,1586871996,2020-03-27T13:46:36.000Z,2020-04-14T13:46:36.000Z,Restful Nights: Montreal,Restful Nights,Montreal,standard,1,1,4,18,91.99,1655.82
f28a3b76-7dd9-11ea-afbc-b88a60e194fb,K7O-VQ0D,orderid:600893,crmid:4403547334,2020-03-11T04:56:57.000Z,call center,prd1028,1585717017,1586926617,2020-04-01T04:56:57.000Z,2020-04-15T04:56:57.000Z,Aspen Heights: Portland,Aspen Heights,Portland,standard,1,1,0,14,162.09,2269.26
f28bc208-7dd9-11ea-81c1-b88a60e194fb,RM5-1QBB,orderid:865139,crmid:8476898093,2020-03-28T05:45:34.000Z,kiosk,prd1129,1587620734,1588830334,2020-04-23T05:45:34.000Z,2020-05-07T05:45:34.000Z,Admiralty Plaza: Helsinki,Admiralty Plaza,Helsinki,premium,1,1,0,14,167.35,2342.9
f28cfa86-7dd9-11ea-a3cb-b88a60e194fb,9IZ-OHYY,orderid:532285,crmid:7417350821,2020-03-23T08:53:55.000Z,mobile,prd1194,1587027235,1587286435,2020-04-16T08:53:55.000Z,2020-04-19T08:53:55.000Z,Restful Nights: Tianjin,Restful Nights,Tianjin,standard,1,1,0,3,168.76,506.28
f28e8124-7dd9-11ea-b397-b88a60e194fb,SQQ-EMBQ,orderid:753293,crmid:1082277787,2020-03-23T07:25:18.000Z,call center,prd1009,1585121118,1585380318,2020-03-25T07:25:18.000Z,2020-03-28T07:25:18.000Z,Admiralty Plaza: San Antonio,Admiralty Plaza,San Antonio,premium,1,1,0,3,122.38,367.14
f28fb9a4-7dd9-11ea-bc7e-b88a60e194fb,NIZ-92P3,orderid:247562,crmid:9017543147,2020-03-22T00:23:07.000Z,kiosk,prd1105,1585527787,1585614187,2020-03-30T00:23:07.000Z,2020-03-31T00:23:07.000Z,Admiralty Plaza: Barcelona,Admiralty Plaza,Barcelona,standard,1,1,3,1,134.14,134.14
f2911938-7dd9-11ea-b842-b88a60e194fb,HYW-PUIB,orderid:788641,crmid:8699908136,2020-03-29T22:28:07.000Z,mobile,prd1003,1587335287,1588112887,2020-04-19T22:28:07.000Z,2020-04-28T22:28:07.000Z,Family Fun Hotels: Houston,Family Fun Hotels,Houston,standard,1,1,4,9,125.8,1132.2
f29278e4-7dd9-11ea-86c5-b88a60e194fb,8V8-LJRX,orderid:453348,crmid:4360408734,2020-03-23T12:40:57.000Z,service desk,prd1168,1586608857,1587472857,2020-04-11T12:40:57.000Z,2020-04-21T12:40:57.000Z,Sandhill: Albuquerque,Sandhill,Albuquerque,standard,1,1,0,10,135.48,1354.8
f293d986-7dd9-11ea-9d1e-b88a60e194fb,JHQ-SEIZ,orderid:223503,crmid:6510312500,2020-03-07T00:38:02.000Z,call center,prd1002,1585874282,1586219882,2020-04-03T00:38:02.000Z,2020-04-07T00:38:02.000Z,Restful Nights: Chicago,Restful Nights,Chicago,premium,1,1,0,4,134.27,537.08
f295ad1c-7dd9-11ea-a455-b88a60e194fb,CH4-TXTK,orderid:476198,crmid:1261668081,2020-03-23T12:16:32.000Z,call center,prd1038,1585052192,1585397792,2020-03-24T12:16:32.000Z,2020-03-28T12:16:32.000Z,Restful Nights: Mesa,Restful Nights,Mesa,standard,1,1,0,4,135.24,540.96
f297a8f8-7dd9-11ea-89e2-b88a60e194fb,1FW-L0MB,orderid:486614,crmid:3484311143,2020-03-01T18:25:58.000Z,mobile,prd1130,1584815158,1585247158,2020-03-21T18:25:58.000Z,2020-03-26T18:25:58.000Z,Blue Reef Resort: Bremen,Blue Reef Resort,Bremen,standard,1,1,0,5,128.25,641.25
f2992fc8-7dd9-11ea-976f-b88a60e194fb,A7J-WEEQ,orderid:702083,crmid:4262688543,2020-03-08T04:06:03.000Z,kiosk,prd1096,1585109163,1585800363,2020-03-25T04:06:03.000Z,2020-04-02T04:06:03.000Z,Sandhill: Madrid,Sandhill,Madrid,standard,1,1,0,8,133.48,1067.84
f29ab65c-7dd9-11ea-aba0-b88a60e194fb,NZO-FFNB,orderid:452092,crmid:9378971799,2020-03-06T14:57:52.000Z,call center,prd1083,1583593072,1584111472,2020-03-07T14:57:52.000Z,2020-03-13T14:57:52.000Z,Hospitality Inn: Bangkok,Hospitality Inn,Bangkok,standard,1,1,1,6,127.11,762.66
f29f71d0-7dd9-11ea-b0ae-b88a60e194fb,VYQ-OIEZ,orderid:741733,crmid:6760857312,2020-03-05T03:47:38.000Z,mobile,prd1035,1583639258,1584071258,2020-03-08T03:47:38.000Z,2020-03-13T03:47:38.000Z,Hospitality Inn: Tucson,Hospitality Inn,Tucson,premium,1,1,0,5,119.88,599.4
f2a0d0ca-7dd9-11ea-91e4-b88a60e194fb,PTE-LVHY,orderid:781569,crmid:6151387025,2020-03-31T09:42:52.000Z,mobile,prd1076,1585734172,1585906972,2020-04-01T09:42:52.000Z,2020-04-03T09:42:52.000Z,Aspen Heights: Bogota,Aspen Heights,Bogota,standard,1,1,0,2,142.32,284.64
f2a0f7dc-7dd9-11ea-8f81-b88a60e194fb,9ED-ZZKL,orderid:362548,crmid:6151387025,2020-04-04T00:00:00.000Z,kiosk,prd1053,1586131200,1586217600,2020-04-06T00:00:00.000Z,2020-04-07T00:00:00.000Z,Sapphire Suites: Cleveland,Sapphire Suites,Cleveland,premium,1,1,0,1,134.91,134.91
f2a25768-7dd9-11ea-b2f7-b88a60e194fb,CY4-Q10R,orderid:594280,crmid:5380551416,2020-03-18T11:55:15.000Z,service desk,prd1154,1586001315,1586692515,2020-04-04T11:55:15.000Z,2020-04-12T11:55:15.000Z,Blue Reef Resort: Seattle,Blue Reef Resort,Seattle,standard,1,1,0,8,131.51,1052.08
f2a405e2-7dd9-11ea-9b90-b88a60e194fb,HUY-KMDS,orderid:463877,crmid:9002324655,2020-03-25T08:17:06.000Z,call center,prd1004,1586593026,1587629826,2020-04-11T08:17:06.000Z,2020-04-23T08:17:06.000Z,Aspen Heights: Boulder,Aspen Heights,Boulder,premium,1,1,4,12,139.58,1674.96
f2a58cf0-7dd9-11ea-9998-b88a60e194fb,NJI-QZM5,orderid:568464,crmid:1951928629,2020-03-16T05:37:50.000Z,call center,prd1130,1584941870,1585201070,2020-03-23T05:37:50.000Z,2020-03-26T05:37:50.000Z,Blue Reef Resort: Bremen,Blue Reef Resort,Bremen,premium,1,1,0,3,162.86,488.58
