crmid,email,first_name,last_name,gender,mobile telephone,city,country,zip,state,street address,birthday,historicalpoints
crmid:6030307211,rondawel1887@yandex.com,Shawanna,Ramsey,female,722-702-2930,Covina,United States,47747,Vermont,195 Gibbon,1951-08-24,993
crmid:6107815967,twattles1817@outlook.com,September,Pate,female,744-636-3690,Elizabeth,United States,84607,New Jersey,1374 Pontiac,1958-08-23,1712
crmid:6907540807,becca2002@gmail.com,Carey,Harris,male,364-216-6333,Balch Springs,United States,00336,Nebraska,722 Gennessee,1935-02-13,1509
crmid:4277677954,carbonated1954@outlook.com,Jeanmarie,Callahan,female,994-884-6818,Evergreen Park,United States,61769,Maryland,117 Magellan,1960-11-08,2593
crmid:4853950321,nightingale2031@outlook.com,Izola,Duke,female,206-955-4759,Eureka,United States,28784,Louisiana,197 Shotwell,1960-04-08,2155
crmid:8841382365,canamo2020@gmail.com,Mitch,Valentine,,817-343-4643,Yuma,United States,64392,Nebraska,1140 Cameo,1992-07-31,1371
crmid:5142302134,phies1850@live.com,Tandy,Lee,female,454-615-3745,Phenix City,United States,79557,Nevada,631 Stoneman,1951-08-17,338
crmid:7400251927,babbage2048@yandex.com,Nickolas,Beck,,370-572-0623,Ferguson,United States,89790,Tennessee,1005 Gladeview,1962-07-30,2849
crmid:7439882937,groundskeep2053@yandex.com,Harley,Lane,,089-449-1417,Lima,United States,65621,Delaware,340 State,1982-11-11,2148
crmid:5547880012,marsileaceae2008@gmail.com,Keneth,Serrano,,849-393-2738,Webster Groves,United States,53788,Utah,914 Pershing,1998-11-13,1679
crmid:4074947158,apodeictical1949@gmail.com,Ellsworth,English,,828-071-9604,Goldsboro,United States,88628,Vermont,597 Walkway,1967-04-27,656
crmid:7373897742,burry2046@outlook.com,Thad,Nieves,,792-183-3283,Menlo Park,United States,81176,Louisiana,1392 Sickles,1989-11-06,1521
crmid:3990484796,capturer1863@yahoo.com,Leigh,Campos,,027-993-1496,Washington,United States,83461,South Dakota,277 Minna,1973-08-29,2642
crmid:2372653289,aquatic1861@outlook.com,Sebastian,Lloyd,,463-078-8571,South Portland,United States,34256,Delaware,1151 Pershing,1974-09-16,1766
crmid:6671500117,seaside1817@yahoo.com,Jenee,Cooper,female,302-079-5045,Redwood City,United States,12182,Iowa,361 Banbury,1951-04-07,1953
crmid:9700394879,hometown2056@gmail.com,Jackelyn,Gentry,female,536-797-7198,Palm Springs,United States,98325,Rhode Island,627 Toland,1956-04-11,1832
crmid:4914418514,undialled1845@live.com,Jerald,Mclean,,853-515-7020,Rochester,United States,30267,Wisconsin,111 Cassandra,1970-02-02,709
crmid:7526394140,berkowitz1874@yandex.com,Chuck,Hunt,,590-068-6249,Statesboro,United States,42646,Georgia,1197 Jessie East,1988-04-13,2848
crmid:2818345338,stengah1811@yandex.com,Basil,Contreras,male,805-564-0946,White Bear Lake,United States,00108,Colorado,373 Vicksburg,1932-01-07,1642
crmid:6994216008,culch1859@yahoo.com,Sebastian,Stevenson,,271-627-0455,Round Rock,United States,34787,Iowa,1046 Battery East,1981-12-16,2103
crmid:5363068909,precomparison1985@gmail.com,Jody,Mccarty,,462-654-6575,Los Gatos,United States,11303,New Hampshire,1239 Marion,1984-02-04,2246
crmid:1599937727,eikon1995@gmail.com,Willis,Chen,,810-182-7329,Soledad,United States,42371,Nevada,1090 Washington,1990-12-08,2540
crmid:3251275157,doolittle2053@live.com,Dalton,Morrow,,068-054-4872,Medina,United States,02644,Missouri,931 Black,1989-01-09,651
crmid:3764415790,alay1888@gmail.com,Omer,Stewart,male,524-576-7696,Walker,United States,08163,Montana,1174 West Point,1933-07-28,2017
crmid:2044259005,berates1810@yahoo.com,Florentina,Gillespie,female,966-389-4396,South Gate,United States,91309,South Carolina,417 Mark Twain,1948-03-11,1160
crmid:7085568779,gruesome2037@yahoo.com,Jamison,Dudley,,217-871-4301,Monterey,United States,02723,New Jersey,416 Van Ness,1992-02-11,2679
crmid:5849820085,amberoid1828@gmail.com,Norris,Alexander,male,375-738-0699,Burton,United States,40070,California,865 Truby,1943-07-01,1807
crmid:7647803279,pluviography1888@gmail.com,Carletta,Pratt,female,152-708-3924,Woburn,United States,17314,New Hampshire,945 Toland,1949-02-24,1266
crmid:2479999057,uakari1867@outlook.com,Caleb,Richmond,male,645-374-1813,Woodland,United States,07601,Utah,841 Front,1940-02-25,1515
crmid:4420994665,hypoergic1876@gmail.com,Julio,Suarez,,771-242-8879,North Royalton,United States,28008,Massachusetts,97 Bertita,1999-05-23,568
crmid:9799817336,analogue1961@yandex.com,Jere,Fuentes,,736-434-5542,Safety Harbor,United States,95052,Florida,647 Beeman,1968-01-04,2792
crmid:5820315521,bobotie1855@yahoo.com,Lorrine,Stokes,female,412-926-0513,Champlin,United States,33141,Kansas,415 Verdi,1946-06-28,2299
crmid:9930191828,isobutylene1947@gmail.com,Rickie,Weaver,,035-160-9086,Gretna,United States,94402,Arkansas,703 Mammon,1968-07-16,2274
crmid:5009072598,alkoxid1829@gmail.com,Greg,Shepherd,,512-734-0982,Sidney,United States,30020,Idaho,182 Blandy,1978-10-04,548
crmid:9724093686,trs1937@yahoo.com,Logan,Alvarado,,845-504-0018,Long Beach,United States,47332,Kentucky,1168 Saint Charles,1984-07-08,366
crmid:1695683166,anthelia2015@yandex.com,Ervin,Zamora,male,521-942-3943,Wilmette,United States,01145,Maine,325 Edie,1938-12-07,1247
crmid:2142484182,disfavourable1925@gmail.com,Daniell,Underwood,female,091-278-4813,Chesterfield,United States,17162,Maine,588 Dewey,1946-02-23,2817
crmid:1546713199,deemphasize1810@gmail.com,Jacques,Ross,male,338-487-9920,Santa Clarita,United States,85200,Maryland,689 Belgrave,1998-01-09,603
crmid:5531256040,tournefortian2013@live.com,Geoffrey,Brown,,764-982-9953,Patterson,United States,41314,Nebraska,1231 Lopez,1983-03-17,2490
crmid:5535835463,moped1820@outlook.com,Forrest,Olsen,,822-676-1112,Forest Lake,United States,82262,Ohio,324 Bay Shore,1962-10-07,718
crmid:2137801872,arpita1906@yahoo.com,Lyman,Higgins,male,488-214-1822,Albert Lea,United States,32248,Tennessee,406 Gladstone,1931-06-14,1044
crmid:6595239030,blazers1963@yahoo.com,Gino,Sweeney,,194-059-0453,Flagstaff,United States,56380,Wyoming,417 Madison,1962-10-13,2312
crmid:4852222881,cohesion1958@outlook.com,Reggie,Hayes,,687-059-6053,Morristown,United States,28343,South Dakota,787 Belvedere,1993-05-10,1942
crmid:6023649111,swan2062@outlook.com,Charles,Bridges,,091-070-8325,Monroeville,United States,30055,Ohio,189 The Block,1992-06-21,1836
crmid:4097784876,ribbon1963@yahoo.com,Elinore,Campbell,female,144-845-7658,Dalton,United States,17384,Michigan,788 Point Lobos,1952-03-05,414
crmid:1161801664,molly2002@gmail.com,Pasquale,Green,,020-308-5195,Iowa City,United States,71405,Wisconsin,1342 Palm,1974-03-04,1080
crmid:9379941010,amorim1992@gmail.com,Mitsuko,Alvarez,female,215-097-3817,Newport Beach,United States,17705,New Jersey,1311 Hoffman,1997-03-31,2905
crmid:9416028056,bossman1979@outlook.com,Roland,Russell,male,405-260-3933,Cathedral City,United States,87571,Alabama,1137 Bartlett,1945-08-26,469
crmid:8889659006,deciduate1840@yandex.com,Berenice,Melton,female,677-310-8596,Columbus,United States,01741,North Dakota,703 Kent,1949-01-20,1365
crmid:2669457647,cuttail1941@gmail.com,Von,Sutton,,838-202-1653,Fort Myers,United States,70588,Pennsylvania,567 Yukon,1963-12-19,1291
crmid:6865288243,unalimentative1968@live.com,Chang,Garcia,male,180-464-1952,Centennial,United States,03704,Alabama,1057 Berry Extension,1945-02-11,1234
crmid:9379449416,become1934@yahoo.com,Marquis,Salazar,,197-853-1500,Olive Branch,United States,88756,Missouri,797 Havenside,1963-10-17,1887
crmid:2494451061,yucca1938@yahoo.com,Dwana,Patel,female,625-215-3271,Winston-Salem,United States,26228,Delaware,532 Verna,1956-03-23,2715
crmid:8334322710,importers1837@gmail.com,Chassidy,Winters,female,732-199-0812,Pinellas Park,United States,10007,Massachusetts,484 Georgia,1951-02-01,1581
crmid:2684350794,cusumano1876@live.com,Leonore,Petersen,female,523-012-9171,Nashville,United States,63981,Oklahoma,538 Reddy,1995-11-05,2086
crmid:6700208223,pangamous2054@live.com,Monserrate,Gordon,female,908-270-6679,Sterling Heights,United States,23442,Louisiana,1339 Bayview Park,1956-07-12,2564
crmid:4695693562,fanes1892@gmail.com,Tory,Carver,,924-693-7689,Garfield,United States,31156,Idaho,536 Moreland,1965-06-08,956
crmid:2192906217,plexuses1823@outlook.com,Desmond,Beach,male,958-596-9378,Syracuse,United States,00865,Wisconsin,259 Wiese,1932-03-02,2115
crmid:2281581865,sphericotetrahedral1900@live.com,Noble,Tyson,,369-816-5876,Joplin,United States,65706,New Mexico,403 Treasury,1976-10-19,2546
crmid:2822513678,lardoon1875@yahoo.com,Emmett,Sears,,177-062-4894,Montgomery,United States,11805,Nevada,65 Rotteck,1992-03-15,1581
crmid:8516734490,absent1907@yahoo.com,Kraig,Fulton,,507-572-6517,Kannapolis,United States,86849,Maryland,143 Madison,1976-01-23,451
crmid:1637007257,buckman1823@yahoo.com,Archie,Moran,,092-431-7229,Lincoln Park,United States,43087,Louisiana,503 Bella Vista,1983-07-05,2798
crmid:3098207245,brandice2017@live.com,Buster,Shepard,,197-459-4981,McKeesport,United States,04944,Missouri,963 Everson,1988-02-12,2633
crmid:3654901660,adena1801@yandex.com,Ellsworth,Ayers,,043-303-2587,Milwaukie,United States,28171,Michigan,1068 Behr,1991-04-01,2804
crmid:4398953009,sassiest1916@yahoo.com,Cristopher,Guy,,926-427-2245,Moorpark,United States,36312,Maryland,602 Gatun,1993-06-14,2619
crmid:1928560257,rushland2061@gmail.com,Milton,Copeland,,335-952-5275,Haltom City,United States,11418,North Carolina,670 Chicago,1969-02-04,811
crmid:9919241839,chinchilla2041@live.com,Junior,Martin,,397-073-0153,Glassboro,United States,26553,Idaho,450 Bucareli,1966-05-05,1389
crmid:3681119778,enshroud1910@yahoo.com,Ricardo,Bean,male,393-380-5443,Ansonia,United States,43920,Montana,496 Macedonia,1933-08-02,954
crmid:5654683847,lovers2054@yandex.com,Kory,Landry,,638-153-6360,Mayfield Heights,United States,67331,New York,1260 Belles,1988-12-29,2665
crmid:4461526755,toughie2057@gmail.com,Theressa,Blackwell,female,591-013-1093,Eagan,United States,57485,Hawaii,1017 Colleen,1956-09-03,1787
crmid:3828084905,ashlie2068@yandex.com,Rebbecca,Robles,female,793-460-8434,Elk Grove,United States,47878,Washington,387 Colonial,1959-07-25,355
crmid:3449096447,mirth1832@gmail.com,Ray,Greene,,737-269-6320,Lake Oswego,United States,74241,California,38 Ruger,1980-12-16,590
crmid:9799091432,dhooras2035@outlook.com,Derick,Burks,male,106-645-5088,Brockton,United States,15081,Arizona,1325 Baldwin,1941-03-04,742
crmid:5997838027,propacifist2012@gmail.com,Charlesetta,Nelson,female,400-278-7070,Oviedo,United States,10722,New Mexico,434 Ashburton,1951-02-21,2798
crmid:8202103133,elasmosaur1844@yandex.com,Wilbur,Wiley,,655-433-9897,Muskegon,United States,30356,Indiana,506 Carroll,1994-07-30,785
crmid:9273522801,oryx1900@live.com,Stephen,Henson,,875-065-5098,High Point,United States,64598,Illinois,1161 Fratessa,1971-11-15,2937
crmid:2023767093,costumey2000@gmail.com,Allan,Fuller,,068-300-6722,Milford,United States,70070,Oklahoma,6 Ottawa,1990-07-02,795
crmid:7195992034,belanda1821@yandex.com,Lyman,Robertson,male,493-487-1321,Taunton,United States,98078,Connecticut,1208 Poplar,1942-06-25,1136
crmid:8313637255,braunschweiger1926@yahoo.com,Antonia,Adams,,582-677-8398,Mint Hill,United States,83907,New Jersey,1231 Valencia,1991-09-10,2315
crmid:7346087909,periangioma2003@live.com,Russell,Torres,female,999-762-3381,Clarksdale,United States,68394,Wyoming,1324 Sedgewick,1948-11-14,2443
crmid:1788766403,swan2059@yahoo.com,Vito,Boyer,,596-289-5786,Shively,United States,93910,Maryland,1203 Tacoma,1980-07-31,1189
crmid:7910525666,stampeded1854@gmail.com,Brooks,Garza,,009-088-9446,Port Arthur,United States,51166,California,192 Mallorca,1985-03-18,418
crmid:4356784722,astrolabe2016@outlook.com,Freeman,Sheppard,male,912-944-6132,Calumet City,United States,92649,Florida,486 Kempton,1943-12-07,1736
crmid:7623923831,beccafico1836@live.com,Chet,Norris,,677-459-6137,Gladstone,United States,76106,New Jersey,147 Loomis,1966-12-20,1806
crmid:8076071429,bridal1886@gmail.com,Lester,Stone,female,268-305-3681,Chino,United States,30781,Louisiana,1246 Lillian,1947-05-28,1549
crmid:6273522954,dachshund2042@yandex.com,Kelvin,Lindsey,,271-697-0656,Homer Glen,United States,54314,Maine,353 Lyon,1972-09-11,1524
crmid:5032742019,buttermaker1992@outlook.com,Carlena,Charles,female,469-319-2984,Muskegon,United States,11791,Florida,1306 Ora,1994-03-03,2465
crmid:5491392187,alcindor1979@yandex.com,Sandy,Dunlap,,017-695-1001,Lake Charles,United States,12213,Wisconsin,356 Bellair,1979-03-14,1657
crmid:8033519822,unboldly1932@gmail.com,Alberto,Burch,,739-129-4363,Kentwood,United States,85120,Alaska,1252 Lockwood,1977-10-30,1892
crmid:6136915020,baldric1891@live.com,Earle,Jimenez,,635-017-9282,Noblesville,United States,41047,Idaho,1320 Key,1997-07-29,1793
crmid:9526100540,bronchiole1928@gmail.com,Ethan,Ellis,,796-776-4655,Norco,United States,84634,Kentucky,180 Black,1998-10-15,1365
crmid:5631517015,publicness1939@outlook.com,Kurt,Clarke,,429-349-5240,Inver Grove Heights,United States,82815,Louisiana,1019 Finley,1974-12-07,2347
crmid:8058898694,exaggerating2060@outlook.com,Barbie,Holcomb,female,134-321-7813,Elk Grove Village,United States,60835,Arizona,1073 Daniel Burnham,1959-10-19,849
crmid:1456682012,aggregat1994@yahoo.com,Dong,Campos,,893-424-6787,Maple Grove,United States,18541,West Virginia,1015 Macalla,1986-03-27,2388
crmid:2564480581,racon1855@yahoo.com,Burton,Hughes,,821-612-4484,Fredericksburg,United States,69730,Massachusetts,223 Weldon,1964-11-30,2446
crmid:6401624904,assistency1987@gmail.com,Buck,Davidson,male,385-606-7841,Birmingham,United States,02030,New Hampshire,1307 Candlestick Point Sra,1939-02-08,725
crmid:7314270786,crony1990@outlook.com,Xochitl,Swanson,female,303-317-5121,Cortland,United States,55767,North Dakota,73 Cambon,1951-09-28,1057
crmid:5226758865,insaneness1816@yandex.com,Russel,Gross,,287-916-3723,Jersey City,United States,59349,Kansas,66 Eve,1975-09-08,2547
crmid:3818924396,bedlamic1803@live.com,Cyndy,Finley,female,264-996-9383,Cooper City,United States,17667,South Dakota,590 Allison,1950-02-09,1048
crmid:4983748020,cayapa2058@outlook.com,Milan,Bean,male,238-941-3714,Rexburg,United States,88790,North Carolina,1036 Bannock,1938-12-23,1023
crmid:4943373818,dairyman2059@yandex.com,Van,Talley,male,544-289-4651,Westlake,United States,05891,North Carolina,1034 Wheeler,1935-09-28,1238
crmid:5492640508,auditoria1821@gmail.com,Tiesha,Willis,female,936-127-7800,Compton,United States,50809,Montana,1253 Dublin,1949-09-03,2752
crmid:1589696944,sectored2069@yahoo.com,Rich,Abbott,,075-138-5333,Morgantown,United States,32035,Colorado,14 Warren,1993-06-16,1418
crmid:2697296276,flachery1863@gmail.com,Agustin,Drake,male,958-264-9834,St. Charles,United States,56608,Kansas,254 Charter Oak,1942-01-08,1236
crmid:2339001547,whiffled1860@live.com,Brigida,Diaz,female,560-662-6259,Redmond,United States,72259,Virginia,903 Cora,1961-01-08,2150
crmid:1217575260,chrysant1808@gmail.com,Clemente,Hill,,445-647-3108,Fort Collins,United States,12431,North Dakota,144 Peninsula,1963-04-07,1680
crmid:5985116367,aichmophobia2054@gmail.com,Clark,York,,260-300-0452,Mentor,United States,68990,Arizona,1019 Science,1989-10-22,618
crmid:1545269016,obsoletes1841@yahoo.com,Sol,Goodman,male,768-250-1320,Ashwaubenon,United States,73407,Vermont,1147 Jeopardy,1934-12-17,1751
crmid:6763654548,anent1831@gmail.com,Joline,Ramirez,female,832-491-1112,Omaha,United States,29295,Arkansas,642 Hyde,1958-12-31,2829
crmid:6704027649,mirbane1976@gmail.com,Suk,Franco,female,372-759-7398,White Bear Lake,United States,99233,Massachusetts,1230 Normandie,1957-08-10,2086
crmid:2628585491,surahs1833@live.com,Fermin,Lancaster,,815-155-4495,Monroeville,United States,94717,North Carolina,1373 Peters,1992-08-20,2147
crmid:2745332439,longa1814@outlook.com,Dede,Cotton,female,543-323-8774,Cornelius,United States,81256,Louisiana,14 Surrey,1950-11-04,604
crmid:8018320529,adamczyk1806@live.com,Zachary,Tran,,835-047-9896,Lebanon,United States,24984,West Virginia,900 Ames,1981-05-12,840
crmid:5728600940,scallywags1940@live.com,Krystin,Rowland,female,736-723-3523,West New York,United States,61948,Tennessee,1193 Los Palmos,1949-05-25,463
crmid:4657201811,uranolatry1814@gmail.com,Gerald,Wilkerson,,511-303-1855,Wellington,United States,89747,Colorado,58 Jack Kerouac,1983-11-26,632
crmid:8776960843,barb2068@gmail.com,Douglas,Merritt,,491-650-5687,Portage,United States,58551,Connecticut,36 Tulip,1977-09-05,2383
crmid:5422653813,rousseau1849@gmail.com,Gary,Blevins,,038-636-4873,Temple City,United States,63320,Connecticut,204 Barcelona,1977-06-12,2886
crmid:7147581409,prune1808@gmail.com,Renda,Carlson,female,702-192-2639,Darien,United States,49007,California,126 Hahn,1953-07-05,890
crmid:3076224718,procline1910@outlook.com,Ray,Baxter,,884-780-6734,Skokie,United States,42744,Ohio,442 Sacramento,1981-11-07,1219
crmid:1317811121,pathogenetic1982@gmail.com,Grover,Tyler,,400-875-0747,McHenry,United States,76982,Oregon,292 Montclair,1988-12-06,1407
crmid:1452292134,lithoclase1985@yandex.com,Deangelo,Barr,male,883-576-8104,Camas,United States,70602,Mississippi,1041 Mansfield,1943-12-05,1026
crmid:9653448800,assimilate1932@yahoo.com,Edwardo,Page,male,635-289-0237,Burnsville,United States,96364,South Dakota,1344 Moraga,1943-03-22,2377
crmid:2257229532,multijet1959@yandex.com,Sebrina,Bean,female,769-171-2833,Everett,United States,41636,Texas,281 Battery Cranston,1960-08-02,2145
crmid:2910322838,batis1977@outlook.com,Fernando,Lambert,,968-292-4870,Sioux City,United States,65527,North Carolina,394 The Embarcadero,1994-07-18,2371
crmid:3673451162,mistimed2063@yahoo.com,Ike,Monroe,male,372-308-4978,Walker,United States,06353,Washington,597 Graystone,1931-05-20,2108
crmid:6005239734,princesse2049@yandex.com,Theron,Dyer,,737-429-4082,Georgetown,United States,85523,Kansas,668 Carmelita,1965-02-19,578
crmid:4475078268,bunraku2026@yahoo.com,Nickolas,Payne,male,120-498-3769,Ada,United States,43779,Nebraska,437 Donner,1930-07-23,479
crmid:9981794437,carapo2003@gmail.com,Rosario,Christian,male,037-188-1798,Safety Harbor,United States,06113,Arkansas,675 Collingwood,1938-11-21,2411
crmid:3981618590,bragget1923@outlook.com,Karole,Charles,female,862-381-3900,Weatherford,United States,19153,Ohio,397 Gay,1955-10-30,1918
crmid:1314465012,afterspeech1991@outlook.com,Sari,Massey,female,524-680-1672,Coeur d'Alene,United States,98465,Wyoming,768 Woodward,1949-11-27,1645
crmid:8775281862,electrophone1912@gmail.com,Jonas,Foster,,104-744-1726,Matthews,United States,39953,Colorado,450 Wanda,1988-06-24,2823
crmid:7851147090,augends2011@gmail.com,Tracy,Donaldson,,630-438-3626,Wheeling,United States,47657,Oregon,547 Plymouth,1992-03-23,2830
crmid:7921122925,loment1939@outlook.com,Leon,Nicholson,female,827-541-6203,Orem,United States,83892,Kentucky,1082 Lake Merced,1954-05-21,2691
crmid:7884578108,agnatha2035@yahoo.com,Jeromy,Finch,,972-524-3935,La Puente,United States,14234,Washington,498 Hemlock,1979-03-16,787
crmid:6470041630,docken1923@gmail.com,Cherlyn,Potter,female,747-414-3837,Delaware,United States,00274,Vermont,768 Pixley,1954-02-23,675
crmid:9957933690,benzoglycolic1818@yahoo.com,Idell,Baxter,female,942-439-4775,Chico,United States,22589,New York,523 Great,1947-04-02,2736
crmid:4685017870,dove1836@yandex.com,Odell,Bowers,male,693-449-4415,Brighton,United States,42027,Indiana,995 Linda Vista,1941-07-03,2933
crmid:6531730766,chameleons1982@gmail.com,Herb,Mcdonald,,257-486-6213,Ogden,United States,73008,Wisconsin,1182 Howth,1999-07-26,356
crmid:4035295248,amril1954@gmail.com,Simon,Conrad,,256-683-7494,Fort Myers,United States,04503,Louisiana,1187 Head,1963-01-28,2689
crmid:8822345313,erastus2050@gmail.com,Hobert,Patton,,062-512-3376,Meridian,United States,12207,New York,11 Pink,1989-02-09,1829
crmid:6632504835,vibratile2036@yandex.com,Ward,Salinas,,493-897-4373,Menlo Park,United States,35985,Illinois,769 San Marcos,1989-05-21,2621
crmid:7397014563,bellboy1969@outlook.com,Nathanial,Duncan,,828-842-0202,Prescott Valley,United States,79022,North Dakota,1179 Madera,1965-02-07,2527
crmid:8275957455,megaword1891@outlook.com,Lindsy,Walker,female,516-927-0459,Elk Grove Village,United States,89870,New York,1287 De Boom,1959-05-30,1410
crmid:5673659977,disorganise2044@live.com,Bryce,Mcintyre,male,360-163-4437,San Bernardino,United States,90548,Washington,1350 Newman,1941-02-19,1323
crmid:2125504535,stoop1807@outlook.com,James,Hart,,620-505-3048,Fort Myers,United States,23366,Alabama,1278 Troy,1963-05-19,1547
crmid:6139886961,atop1932@outlook.com,Sammy,Hines,,260-376-6104,Lockport,United States,96048,Oregon,556 Industrial,1983-05-21,2665
crmid:6369884194,birthing1822@outlook.com,Leonardo,Mcmahon,,174-884-8839,Jefferson City,United States,35735,Arizona,309 Von Schmidt,1975-07-28,2296
crmid:7482058721,slinking1836@yandex.com,Stacey,Henson,,430-140-0174,Oro Valley,United States,74341,New Mexico,27 Roselyn,1979-07-03,1259
crmid:8408617619,clatty2055@gmail.com,Rodolfo,Lawrence,,887-249-0289,Miami Lakes,United States,21571,Nevada,900 Ignacio,1990-05-14,2490
crmid:6901804285,cousins1990@outlook.com,Leopoldo,Levine,,700-322-3799,Milledgeville,United States,25553,Delaware,508 Aerial,1991-04-12,1895
crmid:5552738060,evoked2004@gmail.com,Dennis,Mclaughlin,male,034-799-7494,Mountain Brook,United States,05033,Missouri,940 Amherst,1994-02-05,2279
crmid:7254361993,biogen1812@yahoo.com,Devon,Garrett,,952-457-6050,Salt Lake City,United States,49621,Kentucky,822 Ashbury,1988-06-29,1495
crmid:8061782877,myoporum1828@outlook.com,Chuck,Mooney,,433-413-5077,Tiffin,United States,92048,South Carolina,1364 Bishop,1966-01-15,521
crmid:1269292460,stinkbug1890@yahoo.com,Dani,Singleton,female,351-861-3528,West Haven,United States,28313,Oklahoma,205 Edgewood,1957-02-27,2665
crmid:7675986651,atune1936@gmail.com,Mckinley,Patton,,923-492-1496,Gary,United States,26869,Oregon,624 Java,1965-04-20,1167
crmid:4740745565,abominated1906@yandex.com,Hertha,Ray,female,659-022-1279,West Covina,United States,58987,Minnesota,537 General Kennedy,1995-09-29,1054
crmid:6471957976,thermostat1891@yahoo.com,Serafina,Gamble,female,424-157-2935,East Moline,United States,43800,Alabama,377 South Van Ness,1957-08-11,2266
crmid:2243681573,shapiest1955@live.com,Seth,Torres,,105-228-4503,McAlester,United States,27385,Maryland,297 Horace,1988-05-31,479
crmid:7857882496,evacuator1960@live.com,Israel,Lancaster,,348-750-2813,Santa Cruz,United States,20654,Massachusetts,729 El Sereno,1964-08-01,2508
crmid:9338746967,mullite1953@gmail.com,Loria,Freeman,female,048-196-7357,Cutler Bay,United States,30630,Nevada,340 Alert,1952-06-10,2050
crmid:8006871602,body2062@yahoo.com,Gerard,Farley,,293-112-3440,McDonough,United States,37237,Vermont,561 Kingston,1988-07-04,2288
crmid:9087013593,untended1964@outlook.com,Suzann,Fisher,female,073-581-4257,Opelika,United States,12863,California,711 Lapu-Lapu,1954-08-10,2430
crmid:9663098253,palesman1951@yandex.com,Tyson,Bishop,,075-399-9980,Vallejo,United States,84645,Kansas,607 Brady,1987-10-20,1875
crmid:2136443156,rauwolfia2056@gmail.com,Willian,Gillespie,male,001-220-0460,New Orleans,United States,08364,South Carolina,1134 Wright,1996-01-23,414
crmid:8361967797,brightly1978@live.com,Thad,Maldonado,,017-087-2500,Gulfport,United States,77054,Rhode Island,434 Millwright Cottage Access,1969-12-11,2877
crmid:2406270966,craving1926@yandex.com,Beula,Hatfield,female,763-067-3592,Cookeville,United States,01249,Georgia,1048 Ophir,1950-01-13,656
crmid:4649635839,executant2023@live.com,Sharri,Burt,female,014-825-2663,Point Pleasant,United States,71479,Tennessee,754 Richard Henry Dana,1946-11-15,1750
crmid:1145201935,patroller2062@live.com,Vince,Buckner,,411-307-2371,Summerville,United States,69785,Oregon,1022 Collins,1964-12-29,2884
crmid:9682495278,jasmined1872@outlook.com,Everette,Barr,male,508-944-8878,Stockton,United States,91615,Alaska,873 Ingleside,1936-04-02,802
crmid:4283201766,elysia2007@yandex.com,Willow,Keith,female,083-442-5646,Worcester,United States,14962,Massachusetts,902 Bridgeview,1949-09-16,843
crmid:6924149585,megalomaniac1814@live.com,Isaiah,Hubbard,,266-813-9635,Hackensack,United States,53524,Alaska,570 Kenneth Rexroth,1969-09-11,1663
crmid:1597453039,heeler1836@live.com,Richie,Simmons,,287-871-4035,Sarasota,United States,71088,New Mexico,73 Brussels,1964-03-24,2228
crmid:9484298371,aspic2018@outlook.com,August,Santos,,176-034-6746,Tooele,United States,20979,North Carolina,1195 North Gate,1963-01-02,1233
crmid:8238604575,apaches1837@yandex.com,Cody,Stevens,,846-783-3056,San Jacinto,United States,25971,Georgia,150 Chatham,1967-08-17,1480
crmid:3949339298,diagnose1830@yahoo.com,Linwood,Patterson,,682-167-7996,Freeport,United States,31664,Rhode Island,751 Bocana,1964-06-12,1445
crmid:8319988542,blais1859@yahoo.com,Terrence,Bryant,,443-776-0454,Galt,United States,86721,Georgia,322 Continuum,1965-10-13,1026
crmid:8441418278,stoat1948@yahoo.com,Merrie,Whitaker,female,645-241-5727,Dover,United States,36832,Utah,1169 Revere,1955-06-22,2672
crmid:6306299008,phies2066@live.com,Eli,Callahan,male,348-821-1073,Central Falls,United States,81454,New York,429 Jersey,1945-03-05,1271
crmid:3462923050,contrabandista1882@live.com,Dawne,Forbes,female,378-864-2976,Corsicana,United States,92362,Alabama,389 Nobles,1951-02-10,1050
crmid:9710191799,citral2056@yandex.com,Lionel,Norton,male,037-733-2222,Avondale,United States,83150,Missouri,163 Grand View,1935-06-22,1314
crmid:8908813568,demimark1976@live.com,Cory,Durham,,049-406-9228,Murrieta,United States,80129,New Jersey,638 Merrie,1994-05-04,2211
crmid:6150625504,perivenous1853@live.com,Isidro,Gilbert,,126-056-4086,Utica,United States,55488,Rhode Island,883 Mccoppin,1993-09-27,957
crmid:1325471287,asbest1934@outlook.com,Ezekiel,Morgan,,808-374-7683,Mansfield,United States,12968,Ohio,718 Ivy,1986-02-28,2685
crmid:2778411863,disorderer1968@live.com,Barney,Mcknight,male,472-300-9863,Reno,United States,00434,West Virginia,535 Rayburn,1934-01-19,422
crmid:2025920602,except1886@gmail.com,Loren,Adams,,191-853-4435,Gaithersburg,United States,93756,Mississippi,43 Adolph Sutro,1964-09-11,1574
crmid:2812816687,distinctive1841@yandex.com,Trinidad,Morton,,757-059-7096,Peabody,United States,98457,California,1122 Campbell,1971-06-16,1593
crmid:1013026616,hydroponics1948@live.com,Robert,Tucker,,434-258-9950,Gulfport,United States,42836,Wisconsin,556 Merrill,1969-08-12,2503
crmid:5945482812,discriminant1817@yahoo.com,Walker,Lester,,906-327-9961,North Platte,United States,31753,Texas,252 Balhi,1999-07-28,901
crmid:3664988245,thermoplastics1962@outlook.com,Hilton,Cooper,,620-044-5711,Garland,United States,69651,Kentucky,1031 Franklin,1965-11-30,2927
crmid:4478691243,unilamellar1935@outlook.com,Marlin,Cross,female,350-926-0447,Sulphur,United States,22920,Idaho,150 Taber,1958-06-07,310
crmid:3418295266,trilled1852@gmail.com,Diego,Finley,,107-151-2478,Lomita,United States,53410,Ohio,1183 Clairview,1984-09-24,2761
crmid:8645124453,gamester1806@gmail.com,Augustus,Conrad,,577-537-7443,Riverside,United States,53841,Delaware,1264 Ames,1998-06-14,737
crmid:6456884794,amphithuron1890@live.com,Felton,Todd,,554-801-7620,Miami Beach,United States,19942,New Hampshire,364 Candlewood,1990-02-24,2460
crmid:5619672896,gonenesses1948@live.com,Deedee,Zamora,female,258-833-0154,Woodstock,United States,72978,Virginia,802 Lakeview,1958-02-23,2833
crmid:2723790089,phoniatry1802@gmail.com,Ramiro,Cook,,981-268-6879,Iowa City,United States,81400,Florida,497 Hansen,1974-06-05,2594
crmid:8435119392,mesoblastemic1920@gmail.com,Jeffrey,Blackburn,male,201-100-5826,Carson,United States,20890,California,259 Drake,1944-05-03,1900
crmid:1264532306,malik1841@live.com,Myron,Campos,,353-289-0928,Xenia,United States,90514,New York,808 Campus,1979-02-10,1185
crmid:4717546562,spasmodically2057@outlook.com,Lamont,Fernandez,,600-344-5143,Owasso,United States,69472,Michigan,1032 Junipero Serra,1987-02-23,1354
crmid:4399590835,strutting1945@outlook.com,Tracy,Simon,,449-009-9497,Phenix City,United States,63646,Oklahoma,583 France,1980-09-21,1805
crmid:3232625930,plainswomen1888@outlook.com,Wilber,Evans,,216-548-6522,Maple Heights,United States,03756,Pennsylvania,1122 Bob Kaufman,1986-02-12,926
