crmid,email,first_name,last_name,gender,mobile telephone,city,country,zip,state,street address,birthday,historicalpoints
crmid:9781891742,erudition1899@live.com,Tony,Buchanan,male,389-847-8241,Prescott Valley,United States,55789,Idaho,622 Paris,1935-09-04,2858
crmid:6681036032,extravagate1975@gmail.com,Tracey,Wilcox,,099-876-0080,Kentwood,United States,91503,Colorado,31 Argent,1977-08-05,903
crmid:2367244492,deipnophobia2051@live.com,Rich,Figueroa,,193-238-6869,Hazelwood,United States,40499,Utah,994 Spring Valley,1970-08-04,406
crmid:9463562282,malleablize1899@yandex.com,Aurelio,Foster,,164-092-5749,Palisades Park,United States,87250,Idaho,399 Santa Ysabel,1995-11-10,1306
crmid:4648737191,behaviour1811@yahoo.com,Gearldine,Poole,female,200-208-4543,Royal Palm Beach,United States,77874,Ohio,192 Hattie,1959-03-23,1408
crmid:3313904338,fatidical2054@gmail.com,Abram,Howard,,649-101-0577,Spokane,United States,27846,Kansas,1332 Sterling,1964-04-26,2963
crmid:6269006363,deformative1842@gmail.com,Elmer,Patel,male,960-582-6477,Albuquerque,United States,17079,Colorado,1242 Piedmont,1931-03-23,1925
crmid:5362360568,trucker2064@yahoo.com,Randal,Wilkinson,,055-488-1980,Howard,United States,97694,Texas,535 Samoset,1973-12-29,2429
crmid:2653702191,starvation1822@yandex.com,Parthenia,Tran,female,626-078-8798,Dyersburg,United States,68906,Illinois,1208 Cameo,1956-11-13,1033
crmid:4201151841,banky1908@yahoo.com,Armando,Mcdaniel,,812-924-6580,Vernon Hills,United States,47057,Indiana,266 Gillette,1990-04-25,671
crmid:3539251965,albuminaturia2009@outlook.com,Sydney,Garrett,male,998-623-8562,Altamonte Springs,United States,59549,Iowa,541 Oceanview,1931-09-11,2025
crmid:3198056343,capturer1821@gmail.com,Temple,Peck,female,214-121-0528,Cumberland,United States,50769,Arizona,583 State,1952-09-23,1595
crmid:4020533488,incompletion1925@outlook.com,Thurman,O'brien,male,292-239-8882,Savage,United States,06022,Missouri,573 Holland,1941-09-22,2757
crmid:9425298297,aberrant1856@outlook.com,Javier,Glover,male,387-903-7429,Alvin,United States,78959,Delaware,806 Gilbert,1932-12-28,1976
crmid:1839743581,cuculla1970@yandex.com,Esteban,House,,067-555-1147,Lake Charles,United States,60518,Iowa,683 Valerton,1979-11-28,2783
crmid:8171239675,mindsets2000@yandex.com,Will,Poole,,885-095-7523,Greensboro,United States,49725,Montana,795 Rice,1968-08-05,313
crmid:2865570674,scissor1855@gmail.com,Antonia,Alexander,male,531-956-3376,Pickerington,United States,60700,Texas,308 Zanowitz,1940-12-26,1355
crmid:1876377398,elinor1984@yandex.com,Tonette,Howe,female,205-269-6998,Corinth,United States,51971,Connecticut,598 Yosemite,1950-09-15,2525
crmid:4845160054,drainage2020@yahoo.com,Tracey,Maddox,,483-149-3352,Moore,United States,15539,Nevada,894 Payson,1992-03-04,1001
crmid:3919677923,ambitions1860@live.com,Clifford,Griffith,male,210-780-0359,Aiken,United States,13917,Maine,1156 Augusta,1930-02-12,2446
crmid:4952349194,blazers1880@gmail.com,Emelia,Ewing,female,643-281-3414,Providence,United States,11016,New Jersey,781 Cushman,1947-03-09,771
crmid:9624923618,homeothermic1973@yandex.com,Elmer,Holman,male,750-266-3370,Bristol,United States,11500,South Dakota,90 Britton,1941-03-14,2945
crmid:1068220731,foraneous2034@yandex.com,Jarrett,Parsons,,786-187-5398,Inver Grove Heights,United States,55526,Montana,1022 San Antonio,1974-10-27,381
crmid:3689947922,pokeroot1916@outlook.com,Ressie,Fox,female,344-064-7449,Novi,United States,14681,South Dakota,1222 Newhall,1950-07-10,344
crmid:1097427542,corina2003@gmail.com,Wendell,Talley,,402-158-5524,Millville,United States,60506,West Virginia,18 Paradise,1991-11-04,2068
crmid:2839311279,inchoacy1823@outlook.com,Emory,Pearson,,951-304-7433,Lompoc,United States,35915,Arizona,132 Webb,1984-06-26,2477
crmid:6032635446,refectioner2031@gmail.com,Merle,Petersen,,437-983-8593,Hermosa Beach,United States,10306,Washington,822 Saint Louis,1971-02-19,1856
crmid:6258726016,crinoid1977@live.com,Carlos,Briggs,female,466-517-8888,Ocala,United States,69043,Arizona,1320 Quartz,1952-02-04,2898
crmid:4651346040,behalf1884@yandex.com,Jude,Sanchez,,674-030-4789,Mankato,United States,95772,Hawaii,1351 Dutch Windmill Access,1986-05-17,898
crmid:3439446356,foeship1830@outlook.com,Guy,Rodgers,,098-576-0340,Germantown,United States,72067,West Virginia,732 Bonnie Brae,1966-12-20,1291
crmid:1489687370,misogamic1995@yandex.com,Arnold,Morris,male,586-567-0911,Walnut,United States,60016,Virginia,236 Tevis,1942-01-21,512
crmid:5271333904,diplopod1875@yandex.com,Clint,Olson,male,840-472-2438,West St. Paul,United States,09675,Ohio,390 Post,1941-02-22,2842
crmid:5694114294,toughie1862@outlook.com,Queenie,Tillman,female,354-294-2636,Edina,United States,45135,New York,492 Cervantes,1958-07-29,830
crmid:8551097433,deipnophobia2021@outlook.com,Hollis,Cline,,551-577-5209,Inver Grove Heights,United States,13986,Idaho,1302 Sadowa,1974-03-30,724
crmid:2298764101,peculiarizing2055@yahoo.com,Amado,Carrillo,male,756-073-2181,Spartanburg,United States,70367,Nebraska,1177 Russell,1931-01-05,1750
crmid:5447746432,overreached2027@outlook.com,Eugene,Carver,male,524-014-2181,Carrboro,United States,71245,Kentucky,1022 Cochrane,1944-04-05,1427
crmid:2402669355,avestan1923@gmail.com,Cordie,Lee,female,164-879-2073,Farmington Hills,United States,08747,Oregon,714 Roemer,1961-02-17,836
crmid:2299472025,micronuclear1987@gmail.com,Carlo,Cortez,,907-239-4531,Gaithersburg,United States,49173,Mississippi,62 Ocean Vista,1964-08-04,760
crmid:7847250907,subantarctic1900@live.com,Antonia,Calderon,,870-775-5762,Niagara Falls,United States,38409,New Jersey,1025 Franconia,1997-06-03,1092
crmid:9937281811,devow2023@yahoo.com,Johana,Price,female,858-441-9566,Salem,United States,76224,North Dakota,1011 Escolta,1949-12-08,406
crmid:2210659074,annelid1810@outlook.com,Lyman,Molina,,669-146-9215,Tucson,United States,49624,Mississippi,1313 Hidalgo,1991-10-04,1671
crmid:2416659271,alive1915@gmail.com,Lane,Alvarez,,195-380-7587,Macomb,United States,33900,Pennsylvania,1081 Guerrero,1985-07-31,2287
crmid:2025487583,batster2043@live.com,Lane,Serrano,,513-159-2276,Round Lake,United States,42336,Wisconsin,1251 Serrano,1988-08-08,2145
crmid:5587393962,indri1926@yahoo.com,Gerald,Lloyd,,038-398-8392,Huntersville,United States,99292,Mississippi,1358 Kronquist,1973-02-24,572
crmid:6644170214,deutomalar1819@live.com,Homer,Warner,male,736-930-5186,Springboro,United States,80959,Arizona,715 Santos,1942-05-30,994
crmid:7164527746,aryballi1801@yahoo.com,Violette,Herrera,female,341-991-4563,Evergreen Park,United States,53034,Illinois,783 Museum,1960-09-13,1891
crmid:8714393219,diwata1921@yahoo.com,Queenie,Armstrong,female,465-738-0569,Edgewater,United States,49312,Nebraska,1234 Capistrano,1958-07-01,1403
crmid:6751840498,turkey2044@yahoo.com,Pete,Weaver,,402-090-9545,Springboro,United States,37604,Maryland,51 Shawnee,1978-12-15,1837
crmid:9340923625,fingerlings1947@live.com,Travis,Cervantes,,289-962-0220,Merced,United States,82542,Iowa,784 Osgood,1989-07-09,568
crmid:9951734392,ramentiferous1956@yandex.com,Matthew,Keller,female,189-790-9876,South Holland,United States,52732,Maryland,787 Fella,1999-04-22,2165
crmid:4302932389,restrains2067@yandex.com,Randell,Burgess,,568-184-3727,Mountain View,United States,99706,New Jersey,283 Concourse,1994-07-30,900
crmid:7927222041,impassibly1873@yandex.com,William,Christian,,093-460-9907,Sumter,United States,34528,California,1104 Blackstone,1970-01-15,1766
crmid:8575830722,pastorale1946@outlook.com,Reed,Fischer,,929-077-4780,Independence,United States,13725,Maine,529 Zanowitz,1974-03-18,1473
crmid:1105187699,rebukable2009@yahoo.com,Jamar,Fuller,male,346-493-2007,Beverly,United States,23434,Tennessee,1005 Watt,1939-05-10,1918
crmid:6716469377,bursate1918@yandex.com,Shery,Joyner,female,741-345-6556,Champlin,United States,41827,Nevada,237 Delgado,1946-08-16,667
crmid:1199453790,abnormal1991@gmail.com,Chet,Potts,male,763-993-3362,Bartow,United States,77072,Rhode Island,679 Mercury,1936-02-23,979
crmid:1172482347,snakemouths1826@yahoo.com,Aaron,Nelson,,661-208-8436,Manitowoc,United States,28103,Montana,879 Berry Extension,1986-05-30,409
crmid:7626384753,novcic1890@gmail.com,Kirstie,Byrd,female,298-862-7541,Olympia,United States,96620,Oregon,437 Everson,1948-11-23,742
crmid:3386422834,beaver1848@gmail.com,Gregorio,Jackson,,950-070-0886,Holyoke,United States,59240,Connecticut,1213 Perimeter,1972-09-15,1192
crmid:6066239595,regroove1914@live.com,Danuta,Blevins,female,508-708-2358,Oak Ridge,United States,81467,Iowa,1228 Windsor,1960-02-03,2068
crmid:7203485284,hellion1911@outlook.com,Cameron,Bridges,male,526-779-3500,Addison,United States,05252,Utah,1240 Lowell,1930-02-04,2295
crmid:3145031522,bench2041@outlook.com,Debbra,Bryan,female,350-200-9512,Durham,United States,15435,California,500 Meade,1956-02-04,1207
crmid:3600747563,longshoremen1875@outlook.com,Cassi,Fletcher,female,120-642-9920,San Carlos,United States,17247,Washington,494 Fort Funston,1946-12-03,2916
crmid:2965408388,dunker1831@yahoo.com,Carmen,Dillard,,569-463-4524,Port St. Lucie,United States,55683,Colorado,621 Harry,1978-09-22,533
crmid:5158082616,snowshoe1869@outlook.com,Augustine,Waters,,980-181-5476,Frankfort,United States,68160,South Dakota,52 Torrens,1963-10-28,1494
crmid:8538119619,enfeeblish1886@yandex.com,Santana,Gill,female,116-697-8658,Cuyahoga Falls,United States,41111,Connecticut,1308 Avocet,1952-08-11,1646
crmid:1950040704,sovite2064@yahoo.com,Felipe,Harrell,male,451-904-5973,Brigham City,United States,63294,Pennsylvania,266 Cerritos,1941-11-07,2996
crmid:8357393800,lepargylic1820@yandex.com,Lincoln,Erickson,,484-906-3476,Owensboro,United States,82492,Maine,945 Battery Wagner,1964-02-16,1542
crmid:9984475421,dickford1809@gmail.com,Toney,Pickett,,302-807-7502,McKinney,United States,90079,Alaska,757 Schwerin,1988-01-04,960
crmid:1387362990,drooping1834@gmail.com,Rosio,Tyson,female,754-799-0056,Victorville,United States,85410,Virginia,92 Rotteck,1996-10-08,2441
crmid:1128539920,rockaby1955@gmail.com,Hilario,Rose,male,456-095-1803,Apopka,United States,72933,Texas,1349 Crescio,1933-12-25,1493
crmid:5248007472,cheeking1986@yandex.com,Herschel,Andrews,,902-816-9932,Midwest City,United States,43077,Missouri,1070 Bosworth,1990-08-19,343
crmid:5289931240,ananda2004@live.com,Reggie,Juarez,,191-195-2779,Moscow,United States,36444,Oregon,173 Parnassus,1993-06-23,391
crmid:7871107736,unadoptive1879@gmail.com,Horacio,Boyle,,906-671-0767,Lino Lakes,United States,77580,West Virginia,433 Duboce,1983-12-12,624
crmid:7853347034,wonders1927@live.com,Carmen,Morrison,,890-083-7303,Munster,United States,51806,Wisconsin,511 Winthrop,1994-10-16,868
crmid:7765331650,crabber1830@yahoo.com,Bernard,Lang,,443-451-8668,Round Rock,United States,28367,North Carolina,22 Jauss,1962-01-27,1477
crmid:2985451483,poetess2018@yandex.com,Carlos,Velasquez,female,561-031-6151,East Cleveland,United States,99904,Ohio,324 Palace Of Fine Arts,1957-11-03,541
crmid:8969535680,consultive1976@outlook.com,Morris,Noble,male,329-515-7376,Camas,United States,64568,Minnesota,1206 Galvez,1943-10-27,2835
crmid:8629447715,bobcat1972@live.com,Sharleen,George,female,655-783-3256,Dearborn,United States,44365,North Dakota,751 Delano,1953-08-11,703
crmid:2438386981,malgrado1819@outlook.com,Jan,Horton,male,305-822-9442,Stockton,United States,04843,New Hampshire,410 Mangels,1940-05-14,1469
crmid:7516807547,spleetnew1938@yahoo.com,Son,Pope,male,560-754-3719,Augusta,United States,87929,Rhode Island,435 John,1935-09-23,898
crmid:5039405937,amalgamation1928@outlook.com,Damion,Kirk,,690-499-5567,Fontana,United States,80539,New York,19 Vermont,1962-11-01,301
crmid:6112443951,catheads1944@yandex.com,Dante,Black,,561-338-1086,Palm Beach Gardens,United States,61901,Connecticut,1302 Truby,1992-02-17,1624
crmid:8485959879,gibbon1893@outlook.com,Edgar,Fitzpatrick,,959-051-0755,Prattville,United States,89848,Hawaii,1043 Kissling,1980-06-15,555
crmid:7132783240,elvira2042@live.com,Minta,Gordon,female,959-210-0919,Steubenville,United States,29377,Virginia,505 Selby,1959-09-20,1278
crmid:7855396874,scraps2011@yahoo.com,Jerald,Parrish,,649-146-1174,Melbourne,United States,34963,Nebraska,1387 Cortes,1989-06-29,1136
crmid:5142721166,unboldly2064@yandex.com,Leland,Lucas,male,012-250-4380,Muncie,United States,93792,North Dakota,941 Anderson,1994-01-12,1654
crmid:4653297214,intercoms1894@outlook.com,Phil,Buckley,,282-826-8847,Goldsboro,United States,10451,Arizona,1279 Galewood,1967-03-24,356
crmid:5473446930,crataegus2028@live.com,Benton,Russell,male,629-432-8438,Allen Park,United States,67046,Louisiana,656 Shrader,1931-10-02,2287
crmid:7095574330,burek1875@yandex.com,Leena,Bean,female,780-475-2182,El Cajon,United States,22968,Arizona,1001 Helena,1958-05-02,1540
crmid:7102163056,annihilates1909@live.com,Kip,Osborne,male,781-821-1710,Cape Girardeau,United States,99632,West Virginia,1257 Sumner,1944-06-22,1724
crmid:4589852406,bootlessness2001@yandex.com,Pedro,Rowe,,563-262-9738,Tacoma,United States,46047,Utah,539 Overlook,1985-03-21,390
crmid:7919181624,wivern1916@gmail.com,Kacy,Chavez,female,037-386-3855,Steubenville,United States,92697,Pennsylvania,198 Hagiwara Tea Garden,1955-09-21,545
crmid:6243894425,heathrman1966@yandex.com,Luther,Vargas,,314-453-4606,Lake Jackson,United States,73978,Minnesota,667 Waldo,1980-12-18,2167
crmid:8872157677,briel1960@yahoo.com,Lorenzo,Hahn,,149-504-4950,Marshfield,United States,35338,Massachusetts,231 Greenwood,1987-07-06,1350
crmid:1338915410,antinome1979@gmail.com,Vaughn,Luna,male,352-719-1137,Tullahoma,United States,15033,North Dakota,501 Holly Park,1945-12-18,415
crmid:6133501850,appleton1882@outlook.com,Joe,Levine,,196-580-2912,Menomonee Falls,United States,52350,New York,1057 Fresno,1989-09-13,1119
crmid:3041567676,preposed2051@gmail.com,Cortez,Robertson,male,680-909-5031,Butte-Silver Bow,United States,67046,Nevada,98 Amatury,1943-11-04,894
crmid:2127669461,concubitous1831@yahoo.com,Rupert,Bell,,456-268-7186,Virginia Beach,United States,44209,Wyoming,718 Bowling Green,1988-12-15,696
crmid:8499445861,baskin2040@live.com,Jeromy,Weeks,,480-738-8691,Kennesaw,United States,46974,New Jersey,555 Turquoise,1977-08-07,2680
crmid:5897906014,larcenies1837@gmail.com,Carlyn,Valentine,female,924-527-6167,Cerritos,United States,00092,Montana,506 Valparaiso,1946-02-02,1360
crmid:9356128329,recrank1852@yandex.com,Saul,Jimenez,,265-212-8664,Louisville,United States,89840,Connecticut,437 Isola,1984-01-30,2749
crmid:5912148973,beograd2002@outlook.com,Tyesha,Pope,female,851-688-0196,Chattanooga,United States,97586,Montana,1129 Broadmoor,1946-12-18,1702
crmid:9573239970,aperies1981@outlook.com,Rhett,Pollard,male,197-876-7776,Carrollton,United States,99750,Montana,1377 Beulah,1944-08-23,1872
crmid:6463690952,mildish2034@live.com,Olen,Santos,,362-547-9734,Shaker Heights,United States,47979,Oregon,575 San Aleso,1983-04-26,2411
crmid:5744030619,calcine1976@gmail.com,Alla,Snyder,female,949-439-7785,Cocoa,United States,88070,Nevada,860 Commonwealth,1949-01-27,1376
crmid:3472956343,oenin1812@yandex.com,Lasonya,Slater,female,294-935-2075,Compton,United States,82798,Utah,1139 Huron,1949-09-10,2250
crmid:6517192058,nonmanila2057@gmail.com,Joel,Stewart,male,612-205-3931,Akron,United States,30561,Kansas,556 Hiliritas,1930-05-28,1170
crmid:2589747991,bedlamite1951@gmail.com,Nestor,Gordon,,391-531-5050,Kernersville,United States,10302,Missouri,240 Hudson,1977-03-04,1043
crmid:7027404175,detur2063@gmail.com,Pasquale,Huffman,,783-856-5855,Laredo,United States,31409,Illinois,477 Thornton,1980-06-26,1239
crmid:5503519916,staple1957@outlook.com,James,Huffman,,285-239-9835,La Crosse,United States,22439,Kentucky,259 Carr,1978-05-19,450
crmid:2384148001,bemis1839@live.com,Sol,Palmer,female,161-452-1866,Citrus Heights,United States,43016,Hawaii,949 Tillman,1947-08-22,1247
crmid:5020685075,except1950@yahoo.com,Erwin,Boone,,198-635-5139,Tustin,United States,60940,South Dakota,613 Lansing,1981-01-28,887
crmid:9102134578,filamentiferous1822@yandex.com,Derick,Wolfe,,771-286-2679,Santa Monica,United States,78312,Arizona,230 Landers,1966-02-11,880
crmid:6072900358,cabral1818@gmail.com,Albertine,Schmidt,female,789-579-2961,Waxahachie,United States,71089,Arizona,545 Rondel,1951-01-26,2353
crmid:7055161861,holk1979@yandex.com,Rudolph,Vaughn,,701-994-1912,Mount Clemens,United States,92786,Illinois,1373 Minerva,1993-05-18,721
crmid:2018605531,oxymomora1968@gmail.com,Alden,Garcia,,035-077-6470,La Puente,United States,86603,Connecticut,1220 Milton,1979-08-22,2264
crmid:4691941133,dosanjh1925@gmail.com,Tracey,Poole,,826-476-2181,Forest Park,United States,80697,Utah,221 Waterloo,1962-01-30,1536
crmid:7456949377,drainpipe2004@yandex.com,Romeo,Vinson,,816-969-6561,Glen Cove,United States,28991,Wyoming,1043 Park Hill,1966-04-30,1677
crmid:5421993217,cambridge1907@outlook.com,Dalene,Finley,female,325-083-2925,North Augusta,United States,11523,Kentucky,33 Wilder,1998-03-20,2203
crmid:5278849586,drizzly1924@live.com,Leopoldo,Dodson,,551-097-0178,Tulsa,United States,52837,Tennessee,487 Montalvo,1967-02-27,1637
crmid:6842888367,untended1940@yandex.com,Cordell,Landry,male,473-488-2149,Alliance,United States,11284,Washington,1010 Mercato,1931-02-17,2562
crmid:6728965040,symphoricarpos1858@yahoo.com,Clorinda,Head,female,684-683-5647,Stevens Point,United States,26380,Utah,250 Comerford,1961-11-04,2946
crmid:5437170345,babak1800@outlook.com,Leon,Boyle,male,237-558-2264,Arnold,United States,86016,Alabama,546 Excelsior,1933-12-20,381
crmid:1204886244,display1997@yandex.com,Hyman,Wall,,700-048-2248,Houston,United States,74587,Hawaii,789 Minerva,1973-11-14,1251
crmid:9395678892,angelate1903@yahoo.com,Coretta,Beach,female,086-183-4254,Cumberland,United States,08080,Pennsylvania,208 Euclid,1952-02-02,932
crmid:2892988806,puma1903@outlook.com,Luis,Sweet,male,026-037-2306,Bozeman,United States,38020,Kentucky,1354 Jerrold,1940-06-28,1680
crmid:2899656651,blotlessness1949@live.com,Yang,Kennedy,female,134-040-0570,Colton,United States,58499,Idaho,693 Pacheco,1949-09-16,523
crmid:4932390338,locust2062@yandex.com,Heath,Mills,,648-071-6549,Hilton Head Island,United States,85862,North Carolina,1301 Everson,1972-04-17,2518
crmid:1077526721,unrecorded1988@yandex.com,Eric,Ballard,,719-543-1456,Muncie,United States,59260,Vermont,1268 Nautilus,1994-10-10,915
crmid:4559238219,lithopone1884@live.com,Elliot,Malone,,271-682-8703,La Porte,United States,69355,Montana,1399 Geary,1979-11-01,1419
crmid:2603400445,giantpanda1806@yahoo.com,Kiyoko,Knapp,female,648-138-1789,Quincy,United States,82410,Texas,952 Ramsell,1958-05-16,1439
crmid:3090210452,bitter1946@outlook.com,Alvaro,Galloway,male,054-148-7914,Stow,United States,90628,Wisconsin,180 Kohler,1931-01-11,761
crmid:2864229422,drescher1833@outlook.com,Maria,Copeland,,140-739-3846,Shaker Heights,United States,96683,Ohio,134 California,1971-10-10,2370
crmid:7582023608,emmetropism1838@yahoo.com,Morris,Hood,male,893-322-6577,Bourbonnais,United States,64890,Delaware,1211 Ashbury,1940-11-14,2999
crmid:8211644970,hopeful2024@yahoo.com,Micheal,Mcleod,,882-866-9623,Hoover,United States,47524,Connecticut,387 Knollview,1973-08-04,1710
crmid:7163017391,bergaptene1952@outlook.com,Carline,Spears,female,196-244-6224,Palm Coast,United States,59709,West Virginia,610 Sutro Heights,1994-04-23,1918
crmid:7267301379,bowered2007@yahoo.com,Domenic,Chavez,,534-304-2972,Woodburn,United States,45401,Maryland,829 Stanley,1983-11-19,1016
crmid:9806528278,pilgrim1951@yandex.com,August,Neal,male,434-681-8239,Albany,United States,01243,New Hampshire,1309 Minerva,1930-01-21,2302
crmid:6259384718,bedroom1874@yahoo.com,Renaldo,Hicks,male,250-742-2367,Cedar Hill,United States,43125,Alaska,293 Roselyn,1945-08-14,667
crmid:7324030330,expiry1919@yahoo.com,Palmer,Becker,,053-630-6174,St. Paul,United States,83924,Massachusetts,477 Bellevue,1970-04-07,2601
crmid:5812221604,daylights1914@gmail.com,Merrill,Pitts,male,594-399-2814,Philadelphia,United States,57087,Wyoming,460 Bruce,1999-01-26,2831
crmid:4084096063,prosecutor1991@outlook.com,Lionel,Fischer,,115-661-8679,Holladay,United States,32824,Mississippi,279 Vienna,1972-06-17,1742
crmid:4112123119,cherly1843@outlook.com,Tawna,Mann,female,914-132-0006,Conroe,United States,46536,Connecticut,170 Saint Croix,1950-08-18,453
crmid:6834876140,aphelandra1987@yandex.com,Theressa,Trujillo,female,097-621-2576,Federal Way,United States,57573,Alabama,459 Hale,1961-09-29,2844
crmid:5214154385,complier1915@live.com,Phillip,Mcintyre,,786-621-1084,New Port Richey,United States,24356,Florida,1231 Toyon,1996-05-14,2219
crmid:5609063724,relaxing1901@gmail.com,Joan,Olsen,,241-250-3097,Greensboro,United States,20783,Wyoming,748 Baldwin,1968-04-23,2362
crmid:7547130965,induviae2045@yandex.com,Bradford,Hurst,,498-751-0206,Murray,United States,35940,Florida,984 Marcela,1994-05-06,1508
crmid:9807238137,arock2052@yahoo.com,Brooks,Rodriquez,,603-231-5115,Stafford,United States,41083,New York,19 Bacon,1991-05-06,2634
crmid:5934557970,esq1918@yahoo.com,Derick,Olsen,,493-974-8677,West Jordan,United States,38163,New Hampshire,711 Pelton,1973-03-27,2607
crmid:7275693793,cushing1941@gmail.com,Clyde,Lara,female,417-714-0867,Napa,United States,15323,Oregon,812 Daggett,1995-03-04,2796
crmid:6498808479,assausive1974@gmail.com,Arden,Parks,male,745-665-0288,Rockledge,United States,06262,Rhode Island,1074 West Crystal Cove,1938-01-22,584
crmid:6469261344,codens1892@outlook.com,Delorse,Mason,female,099-632-6396,Edina,United States,15109,Montana,643 Treat,1958-02-18,2398
crmid:4185326910,beetle1984@gmail.com,Andres,Rios,,149-318-0210,Pasadena,United States,35506,Wisconsin,390 Amity,1980-10-19,540
crmid:8352902280,myriophyllite2061@live.com,Abram,Ortega,male,464-690-7661,Anaheim,United States,04861,Indiana,1315 Salmon,1932-01-22,863
crmid:9904917761,effectible2046@gmail.com,Christian,Atkins,,114-328-6825,Wilsonville,United States,43407,Florida,1091 Sibert,1991-09-13,1414
crmid:8769315733,emmey1873@live.com,Adalberto,Wise,,989-860-8963,Missouri City,United States,13691,South Carolina,341 Paloma,1992-02-08,2252
crmid:1359115184,expressio2065@yandex.com,Quinn,Ratliff,male,416-006-3155,Apex,United States,77725,Alaska,330 Royal,1933-12-26,351
crmid:3797953246,cathedrals1967@yahoo.com,Brady,Nicholson,,527-416-7847,Omaha,United States,40077,Arizona,1076 Marine,1984-01-03,2662
crmid:5421829142,rugbeian1855@yahoo.com,Russell,Salas,female,915-807-9698,Savage,United States,17589,Illinois,1143 Merrill,1953-07-26,2161
crmid:4929418000,aspiring1876@yahoo.com,Celinda,Orr,female,817-691-6320,Enid,United States,03209,Virginia,1355 Ofarrell,1959-02-22,2450
crmid:5736286116,onions1981@yandex.com,Gordon,Noble,male,582-466-3587,Yucaipa,United States,50618,West Virginia,1209 Moffitt,1935-04-21,366
crmid:6390843191,tableau1832@yahoo.com,Owen,Hayden,,312-122-3342,South Pasadena,United States,58142,Tennessee,1236 Boynton,1978-03-05,2085
crmid:8170443943,masseurs1836@yandex.com,Tarah,Hurst,female,706-297-1148,Chambersburg,United States,46230,Nevada,1400 Adele,1946-08-15,2941
crmid:5889613439,copperfield2066@outlook.com,Augustus,Burch,,157-822-5365,Wilsonville,United States,52905,North Dakota,292 Clipper,1994-07-07,1517
crmid:3846679568,unstaled1989@live.com,Wyatt,Weaver,,989-829-4692,Waltham,United States,31696,New York,848 Nelson Rising,1979-02-04,611
crmid:5574965170,craft1871@live.com,Lenny,Vazquez,,411-867-1792,Galesburg,United States,04869,Missouri,288 Pinehurst,1964-01-21,664
crmid:7907805211,turkey1961@gmail.com,Bob,Munoz,,854-313-8849,Rockwall,United States,52300,Wyoming,450 Lupine,1998-05-06,1695
crmid:5967325641,annoying1903@gmail.com,Amos,Crawford,,655-380-0036,La Habra,United States,25620,Illinois,1380 Joost,1978-04-27,1681
crmid:5738855237,dosimeter2051@yandex.com,Evelynn,Dalton,female,831-080-0767,Weslaco,United States,56114,North Dakota,1169 Ord,1951-11-30,1474
crmid:9692987208,nondenotative1872@live.com,Dagny,Bennett,female,719-405-7710,Durham,United States,14210,Mississippi,78 Fella,1956-02-02,1041
crmid:5746010697,rushland2066@yahoo.com,Erwin,Head,,888-022-6684,Logansport,United States,30933,North Dakota,254 Gay,1983-06-17,1327
crmid:1551058743,streamiest2044@yandex.com,Walton,Gentry,,053-441-7174,Kenner,United States,83456,Idaho,1124 Shaw,1977-09-11,341
crmid:1532859144,diffraction1843@yahoo.com,Jeromy,Romero,,640-321-6500,Homestead,United States,84226,Michigan,174 Riley,1973-08-11,2710
crmid:2137573661,windswept1853@yahoo.com,Alix,Fischer,female,164-447-2845,Eagan,United States,03841,Tennessee,74 Priest,1956-01-10,1945
crmid:8317359532,norms1929@gmail.com,Von,Cabrera,male,585-229-0144,Tualatin,United States,01677,Florida,1217 Ocean Vista,1930-10-05,885
crmid:2164427745,saltish2012@live.com,Freddie,Mccarty,,779-795-4343,Mission,United States,42293,Nebraska,444 Sproule,1991-07-12,1334
crmid:7639059328,barragon1989@gmail.com,Stefan,Mueller,male,957-397-4332,Beaumont,United States,76128,Oklahoma,1353 Old Decatur,1936-09-21,2055
crmid:6540020144,montrachet2069@outlook.com,Kittie,Mclaughlin,female,147-356-1167,Chula Vista,United States,25881,Nevada,1245 Torney,1947-05-19,2668
crmid:2795172086,decreers1814@yandex.com,Claudio,Turner,,974-099-1950,Frederick,United States,50984,Alaska,836 Hattie,1964-10-02,2813
crmid:2295246005,antisun1807@live.com,Thurman,Carrillo,,922-591-3367,Gastonia,United States,33540,Massachusetts,427 Hallam,1965-06-19,311
crmid:7200039221,devest2048@yandex.com,Alphonso,Mitchell,,955-716-0997,Millville,United States,93560,Florida,995 Dichiera,1991-06-24,1544
crmid:9307491668,ancon1916@yandex.com,Alfred,Armstrong,,938-216-8063,Los Gatos,United States,64012,Indiana,681 Naples,1984-11-07,1488
crmid:7384272244,ao1955@outlook.com,Kermit,Mcmillan,,188-856-6860,Santa Cruz,United States,94015,Iowa,50 Lincoln,1984-02-02,2596
crmid:2861832467,chrysotherapy1931@yahoo.com,Rod,Gould,,316-926-8558,Pittsburgh,United States,76163,North Dakota,434 Imperial,1992-10-23,1355
crmid:8623658322,piffles1851@yandex.com,Joesph,Brock,,034-033-9919,Longmont,United States,38170,Arkansas,761 Michigan,1984-05-10,2353
crmid:4075724954,imprejudice1925@outlook.com,Lorilee,Frederick,female,803-700-0755,Chowchilla,United States,37582,New York,106 Chain Of Lakes,1947-06-10,2660
crmid:3661452673,fireworkless2060@live.com,Meri,Carpenter,female,527-254-4649,Faribault,United States,61775,Vermont,545 Sheridan,1961-11-12,1533
crmid:5547427752,pensione1932@yandex.com,Brent,Grant,male,771-690-6312,Bowling Green,United States,01277,Idaho,396 Avenue D,1940-02-12,1927
crmid:6763139100,deckchair1894@yandex.com,Alec,Small,male,330-031-4664,Norco,United States,67708,Ohio,387 Federal,1998-11-25,888
crmid:2696486678,slavonian1859@yandex.com,Otis,Mills,,795-160-5550,Pasco,United States,33474,Mississippi,1119 Moreland,1969-08-12,1536
crmid:4892170947,introgression1873@gmail.com,Tony,Atkinson,,011-517-5472,Peabody,United States,44551,Georgia,186 Castle Manor,1987-07-31,2476
crmid:3922631098,afloat2000@live.com,Stan,Pace,,460-690-0374,Ithaca,United States,06663,Wisconsin,33 Gladstone,1975-01-13,627
crmid:8009370345,bronco1809@yandex.com,Ike,Manning,male,408-204-2534,Bay City,United States,22040,Montana,191 Gladstone,1936-05-18,1111
crmid:9104776911,diploplaculate1961@live.com,Lindsay,Stanley,,803-701-8173,Lino Lakes,United States,81384,Massachusetts,453 Avoca,1983-07-04,2952
crmid:2479055394,anthonis1972@gmail.com,Dwain,Larsen,,043-252-7228,Moreno Valley,United States,56761,Arkansas,691 Barnard,1993-09-26,1178
crmid:8220042119,megalomaniac2051@outlook.com,Willy,Barton,,650-687-4162,Hollister,United States,01755,Washington,1260 Spencer,1972-01-31,2533
crmid:3241912895,dirigent1856@outlook.com,Homer,Stark,male,659-810-8013,Brownsburg,United States,28698,Indiana,1133 Campbell,1942-05-28,1207
crmid:5249191985,precisionize1882@outlook.com,Christopher,Rios,male,103-086-2485,Ankeny,United States,09867,Arkansas,661 Roscoe,1932-02-25,2113
crmid:2672576635,anteater1909@live.com,William,Wilson,,734-972-4644,Loves Park,United States,49894,Indiana,191 Divisadero,1984-07-14,911
