id,crmid,propensity_room_upgrade,propensity_extended_nights
orderid:462614,crmid:2863981132,7,2
orderid:880296,crmid:6969470814,4,5
orderid:104196,crmid:9625745028,4,5
orderid:344592,crmid:6591259410,4,3
orderid:568241,crmid:4285118651,4,3
orderid:376918,crmid:3380586947,3,4
orderid:476802,crmid:1815671165,5,5
orderid:608349,crmid:4154018303,3,3
orderid:702056,crmid:3231799345,4,8
orderid:130702,crmid:2448733033,3,3
orderid:444318,crmid:8033734773,4,5
orderid:925800,crmid:6722219720,4,4
orderid:927611,crmid:6611413328,3,2
orderid:318853,crmid:7837996873,4,5
orderid:287835,crmid:7645896820,9,4
orderid:985377,crmid:1777243754,9,4
orderid:681639,crmid:9496530865,1,4
orderid:651680,crmid:5790113180,4,2
orderid:573953,crmid:4844564151,3,6
orderid:723872,crmid:3148029905,5,2
orderid:956380,crmid:9144520575,3,8
orderid:939260,crmid:1628068815,5,5
orderid:327394,crmid:1617843385,5,3
orderid:207714,crmid:2212703432,5,3
orderid:241126,crmid:5211043165,4,5
orderid:900641,crmid:2615121213,4,6
orderid:699878,crmid:1939007879,4,4
orderid:546946,crmid:4601713838,9,4
orderid:210959,crmid:9002917937,4,4
orderid:638554,crmid:2558295648,4,3
orderid:346149,crmid:8152518387,3,1
orderid:714396,crmid:1375185035,4,2
orderid:803799,crmid:3594451509,4,4
orderid:628821,crmid:9764303783,2,4
orderid:842598,crmid:1457973878,4,7
orderid:998155,crmid:1374539114,5,4
orderid:726657,crmid:2391472248,6,3
orderid:349687,crmid:8388597803,4,5
orderid:482066,crmid:3870335370,4,8
orderid:189847,crmid:3875581856,5,3
orderid:544377,crmid:1898870866,4,4
orderid:302557,crmid:2021279445,5,4
orderid:514423,crmid:8348274752,6,4
orderid:127672,crmid:1205378911,3,2
orderid:282681,crmid:6638877919,3,8
orderid:796119,crmid:5403847561,6,6
orderid:117365,crmid:2018261361,7,3
orderid:910299,crmid:2770458144,3,3
orderid:862453,crmid:1533261789,9,4
orderid:924546,crmid:7803086012,4,4
orderid:967699,crmid:1558189554,5,3
orderid:126665,crmid:2089921678,3,4
orderid:574441,crmid:4129554261,3,4
orderid:239891,crmid:7326658072,6,3
orderid:267699,crmid:7016220464,4,5
orderid:505457,crmid:8731981822,4,4
orderid:132309,crmid:5077002742,3,4
orderid:510329,crmid:7581257627,5,5
orderid:949161,crmid:7710508564,5,5
orderid:750152,crmid:2614440425,2,5
orderid:581769,crmid:4097985721,4,3
orderid:827598,crmid:5918516046,9,5
orderid:325588,crmid:2981047770,3,4
orderid:205403,crmid:1035631769,5,5
orderid:785852,crmid:4482984764,6,4
orderid:288799,crmid:1577958135,4,4
orderid:337159,crmid:3917045232,4,6
orderid:123961,crmid:2956860211,2,5
orderid:171183,crmid:2964477166,2,4
orderid:347653,crmid:7166587226,3,8
orderid:843195,crmid:8025430202,4,4
orderid:108828,crmid:8268004933,4,5
orderid:164276,crmid:1960218319,5,4
orderid:877625,crmid:7727924553,3,3
orderid:309393,crmid:3921424773,5,5
orderid:214332,crmid:4852708059,5,5
orderid:143191,crmid:8668123097,1,3
orderid:604622,crmid:7259336344,3,5
orderid:546020,crmid:8633800476,8,6
orderid:687252,crmid:7747759672,8,2
orderid:220182,crmid:3889438016,6,4
orderid:430473,crmid:1186709649,3,3
orderid:112394,crmid:1460303026,3,3
orderid:604435,crmid:1781684133,9,3
orderid:283671,crmid:7464481357,4,4
orderid:126837,crmid:9464096986,6,4
orderid:335508,crmid:4441237844,4,4
orderid:437928,crmid:7780644130,5,5
orderid:263995,crmid:7388447416,5,4
orderid:635607,crmid:4185099102,5,3
orderid:144346,crmid:5334896039,5,4
orderid:970951,crmid:8969607342,9,4
orderid:171334,crmid:1213505617,5,8
orderid:842675,crmid:5790348685,4,2
orderid:263958,crmid:3957875474,2,4
orderid:394667,crmid:2515311081,5,3
orderid:293775,crmid:7826295547,4,5
orderid:508900,crmid:2590399260,4,9
orderid:568319,crmid:2542766356,4,4
orderid:443130,crmid:1823398972,3,3
