id,crmid,propensity_room_upgrade,propensity_extended_nights
f17127b0-7dd9-11ea-ae11-b88a60e194fb,crmid:6218016373,5,5
f1732376-7dd9-11ea-a458-b88a60e194fb,crmid:4721235850,4,4
f174aa1c-7dd9-11ea-b5f6-b88a60e194fb,crmid:8140220553,6,5
f17657c6-7dd9-11ea-8b60-b88a60e194fb,crmid:9153415641,3,5
f177de68-7dd9-11ea-912a-b88a60e194fb,crmid:4213502045,10,3
f17a015a-7dd9-11ea-ab80-b88a60e194fb,crmid:7851285744,2,5
f17baf12-7dd9-11ea-bca8-b88a60e194fb,crmid:6588074157,4,3
f17d35b4-7dd9-11ea-88b5-b88a60e194fb,crmid:6187169899,4,5
f17e6e24-7dd9-11ea-9a00-b88a60e194fb,crmid:6341149743,7,3
f17ff4c0-7dd9-11ea-b190-b88a60e194fb,crmid:1262314787,5,3
f1812d46-7dd9-11ea-8acf-b88a60e194fb,crmid:6919616100,3,3
f182b3c6-7dd9-11ea-810e-b88a60e194fb,crmid:9744170600,3,3
f1843a62-7dd9-11ea-999d-b88a60e194fb,crmid:9328256070,5,6
f185c112-7dd9-11ea-9422-b88a60e194fb,crmid:9385279422,3,5
f18720ac-7dd9-11ea-92aa-b88a60e194fb,crmid:6737858184,3,5
f188f56c-7dd9-11ea-b476-b88a60e194fb,crmid:7987947994,4,5
f18b665e-7dd9-11ea-b84d-b88a60e194fb,crmid:2176283969,5,5
f18d3b40-7dd9-11ea-afc7-b88a60e194fb,crmid:1932893767,4,2
f18e9aa6-7dd9-11ea-91e6-b88a60e194fb,crmid:4874684992,9,3
f18ffa30-7dd9-11ea-8b60-b88a60e194fb,crmid:9599334095,3,5
f19132b0-7dd9-11ea-a7e6-b88a60e194fb,crmid:1889954973,2,5
f1926b42-7dd9-11ea-9bdc-b88a60e194fb,crmid:4683793251,5,2
f193f1c6-7dd9-11ea-9070-b88a60e194fb,crmid:8898316462,5,5
f195786c-7dd9-11ea-a393-b88a60e194fb,crmid:8329735392,3,5
f196b0f0-7dd9-11ea-8cb0-b88a60e194fb,crmid:7294147990,4,3
f198d3dc-7dd9-11ea-be48-b88a60e194fb,crmid:3763756895,5,6
f19ad02e-7dd9-11ea-a352-b88a60e194fb,crmid:1552030836,4,6
f19c2f68-7dd9-11ea-9df6-b88a60e194fb,crmid:8412391490,5,3
f19e03e4-7dd9-11ea-bd19-b88a60e194fb,crmid:6458784120,5,5
f19fb19c-7dd9-11ea-8d49-b88a60e194fb,crmid:3227342989,4,3
f1a15f40-7dd9-11ea-81b8-b88a60e194fb,crmid:8332598125,4,3
f1a35b18-7dd9-11ea-bb7a-b88a60e194fb,crmid:6299359007,5,4
f1a556f0-7dd9-11ea-ac73-b88a60e194fb,crmid:8008172220,3,9
f1a6dd76-7dd9-11ea-bc2e-b88a60e194fb,crmid:7406067684,3,4
f1a86436-7dd9-11ea-b320-b88a60e194fb,crmid:3974635481,5,2
f1aa11c6-7dd9-11ea-9052-b88a60e194fb,crmid:4740458934,4,4
f1abbf92-7dd9-11ea-8ba7-b88a60e194fb,crmid:8191318347,5,4
f1ad1f1e-7dd9-11ea-81af-b88a60e194fb,crmid:2141635058,4,6
f1aea5a8-7dd9-11ea-b5d2-b88a60e194fb,crmid:2960181130,4,3
f1b00566-7dd9-11ea-a81e-b88a60e194fb,crmid:7423098631,3,6
f1b164dc-7dd9-11ea-bf3c-b88a60e194fb,crmid:8813985528,4,2
f1b2c46c-7dd9-11ea-a6ec-b88a60e194fb,crmid:9227458391,2,5
f1b423f0-7dd9-11ea-881b-b88a60e194fb,crmid:9443061541,4,5
f1b64776-7dd9-11ea-a585-b88a60e194fb,crmid:2496269285,5,9
f1b7cd6e-7dd9-11ea-8cc9-b88a60e194fb,crmid:4684823394,8,4
f1b9a24a-7dd9-11ea-a582-b88a60e194fb,crmid:2324870417,4,10
f1bbc500-7dd9-11ea-b8aa-b88a60e194fb,crmid:6936399422,4,4
f1be3600-7dd9-11ea-864c-b88a60e194fb,crmid:4615290075,4,4
f1bf6e94-7dd9-11ea-8609-b88a60e194fb,crmid:2371160785,4,5
f1c0a6fe-7dd9-11ea-8774-b88a60e194fb,crmid:8369498128,4,2
f1c2068c-7dd9-11ea-ae48-b88a60e194fb,crmid:1920745697,4,4
f1c3661a-7dd9-11ea-86cf-b88a60e194fb,crmid:3290278680,4,3
f1c4c5ac-7dd9-11ea-8825-b88a60e194fb,crmid:4797535016,4,6
f1c62542-7dd9-11ea-9d7c-b88a60e194fb,crmid:1821923458,3,4
f1c75db8-7dd9-11ea-8acd-b88a60e194fb,crmid:4208528619,3,4
f1c8bd4c-7dd9-11ea-9196-b88a60e194fb,crmid:8151573192,4,4
f1ca1cd4-7dd9-11ea-8b0b-b88a60e194fb,crmid:4203407681,3,4
f1cbca82-7dd9-11ea-8d00-b88a60e194fb,crmid:5054484662,4,6
f1cd2a12-7dd9-11ea-9d71-b88a60e194fb,crmid:3770841587,4,4
f1ce89ae-7dd9-11ea-9e0e-b88a60e194fb,crmid:5714718717,7,4
f1cfe940-7dd9-11ea-994c-b88a60e194fb,crmid:9327337679,4,4
f1d121be-7dd9-11ea-96a8-b88a60e194fb,crmid:7706063028,4,4
f1d2cfc0-7dd9-11ea-9be1-b88a60e194fb,crmid:1372191520,8,3
f1d4cb34-7dd9-11ea-ad18-b88a60e194fb,crmid:6742261093,3,4
f1d69fe2-7dd9-11ea-bd82-b88a60e194fb,crmid:4318219258,3,1
f1d84d92-7dd9-11ea-b7ff-b88a60e194fb,crmid:8279137304,8,4
f1d9fb4a-7dd9-11ea-99fa-b88a60e194fb,crmid:7229579727,5,4
f1dba8ec-7dd9-11ea-a799-b88a60e194fb,crmid:3738136749,4,3
f1e03cd0-7dd9-11ea-849b-b88a60e194fb,crmid:8412033187,4,3
f1e1c376-7dd9-11ea-8718-b88a60e194fb,crmid:1168577647,5,6
f1e3231c-7dd9-11ea-bd56-b88a60e194fb,crmid:6079367806,5,6
f1e4d0d4-7dd9-11ea-9055-b88a60e194fb,crmid:2670202457,4,9
f1e63040-7dd9-11ea-9921-b88a60e194fb,crmid:2852951040,4,5
f1e768ba-7dd9-11ea-8d7e-b88a60e194fb,crmid:4202270421,3,4
f1e93dae-7dd9-11ea-8f8f-b88a60e194fb,crmid:1478342992,4,9
f1eac424-7dd9-11ea-8d1c-b88a60e194fb,crmid:2084848406,4,2
f1ec4ab6-7dd9-11ea-a45c-b88a60e194fb,crmid:4356771779,3,5
f1edd16e-7dd9-11ea-8a6f-b88a60e194fb,crmid:7808466009,4,3
f1ef7f1c-7dd9-11ea-b68b-b88a60e194fb,crmid:9219064288,8,6
f1f12cc6-7dd9-11ea-8f74-b88a60e194fb,crmid:2298073025,5,7
f1f28c5e-7dd9-11ea-bbb0-b88a60e194fb,crmid:5689556830,5,8
f1f43a00-7dd9-11ea-a7e2-b88a60e194fb,crmid:9387149029,8,4
f1f5c090-7dd9-11ea-862f-b88a60e194fb,crmid:9267881335,5,5
f1f72034-7dd9-11ea-8c81-b88a60e194fb,crmid:6333529201,8,4
f1f8cddc-7dd9-11ea-ac81-b88a60e194fb,crmid:7499688859,5,5
f1fac99e-7dd9-11ea-b92f-b88a60e194fb,crmid:7262883958,5,4
f1fc2926-7dd9-11ea-a131-b88a60e194fb,crmid:6662973272,10,3
f1fdfe06-7dd9-11ea-8808-b88a60e194fb,crmid:6649185849,5,4
f20020d4-7dd9-11ea-aaa6-b88a60e194fb,crmid:2179556309,3,4
f2021ca2-7dd9-11ea-ac2e-b88a60e194fb,crmid:1055423399,3,5
f203f15c-7dd9-11ea-9f95-b88a60e194fb,crmid:3645873848,4,8
f205c63a-7dd9-11ea-8aba-b88a60e194fb,crmid:5587785982,4,4
f20773ca-7dd9-11ea-9834-b88a60e194fb,crmid:3539272628,5,3
f2096fb4-7dd9-11ea-9c9a-b88a60e194fb,crmid:9458219794,3,6
f20b1d70-7dd9-11ea-999e-b88a60e194fb,crmid:2045879545,4,2
f20d1934-7dd9-11ea-a077-b88a60e194fb,crmid:1170501288,2,2
f20ec764-7dd9-11ea-a7e2-b88a60e194fb,crmid:3460015054,2,5
f210748c-7dd9-11ea-a8b1-b88a60e194fb,crmid:8604330653,6,3
f211fb34-7dd9-11ea-ad8f-b88a60e194fb,crmid:9243715459,4,5
f21381d8-7dd9-11ea-a25c-b88a60e194fb,crmid:2442199143,4,4
f215a4b4-7dd9-11ea-a1b4-b88a60e194fb,crmid:4868582281,4,3
f2172b7a-7dd9-11ea-b99c-b88a60e194fb,crmid:7576948429,2,3
f21863b4-7dd9-11ea-ab67-b88a60e194fb,crmid:5912627688,4,3
f2199c36-7dd9-11ea-b3be-b88a60e194fb,crmid:7456051322,3,4
f21afbee-7dd9-11ea-a0f0-b88a60e194fb,crmid:8973966414,4,2
f21c5b3e-7dd9-11ea-aad2-b88a60e194fb,crmid:8578805209,3,4
f21de1f0-7dd9-11ea-be33-b88a60e194fb,crmid:9380779682,3,5
f21f4176-7dd9-11ea-98d1-b88a60e194fb,crmid:6393974985,5,4
f220a112-7dd9-11ea-b400-b88a60e194fb,crmid:5121848116,5,3
f221b280-7dd9-11ea-bb7b-b88a60e194fb,crmid:8252210410,9,3
f223d56c-7dd9-11ea-b061-b88a60e194fb,crmid:9974966193,4,5
f225aa26-7dd9-11ea-bfc0-b88a60e194fb,crmid:3372778001,5,2
f22709ca-7dd9-11ea-be4f-b88a60e194fb,crmid:7455761341,4,4
f2289052-7dd9-11ea-8407-b88a60e194fb,crmid:7434003011,5,6
f229c8c0-7dd9-11ea-adbe-b88a60e194fb,crmid:8190693128,7,4
f22b013e-7dd9-11ea-9917-b88a60e194fb,crmid:9784954095,4,3
f22c12a6-7dd9-11ea-ad8d-b88a60e194fb,crmid:8265243847,5,3
f22d7240-7dd9-11ea-a238-b88a60e194fb,crmid:5294247191,4,4
f22e83da-7dd9-11ea-8309-b88a60e194fb,crmid:8433822544,3,7
f22fe380-7dd9-11ea-a0dd-b88a60e194fb,crmid:3688694428,5,5
f23207e2-7dd9-11ea-bf06-b88a60e194fb,crmid:6484384889,4,2
f2338cba-7dd9-11ea-b9c7-b88a60e194fb,crmid:6759309867,4,4
f2349e30-7dd9-11ea-a00b-b88a60e194fb,crmid:9264875754,4,5
f235fdb6-7dd9-11ea-9056-b88a60e194fb,crmid:2912370013,9,4
f2378468-7dd9-11ea-90ed-b88a60e194fb,crmid:6591684567,2,5
f2393208-7dd9-11ea-ac51-b88a60e194fb,crmid:9090284749,5,4
f23ab8d2-7dd9-11ea-9e55-b88a60e194fb,crmid:8676460523,8,4
f23c665a-7dd9-11ea-b155-b88a60e194fb,crmid:3154219956,3,1
f23dc5f8-7dd9-11ea-a3d4-b88a60e194fb,crmid:7453814916,5,3
f23f7390-7dd9-11ea-9f03-b88a60e194fb,crmid:2174023941,3,7
f2408500-7dd9-11ea-93a8-b88a60e194fb,crmid:5573492967,4,4
f241e490-7dd9-11ea-8582-b88a60e194fb,crmid:8700456845,5,3
f2431d08-7dd9-11ea-beb7-b88a60e194fb,crmid:5081821803,6,2
f24455d4-7dd9-11ea-a4a8-b88a60e194fb,crmid:7036529611,6,4
f2459b70-7dd9-11ea-9b92-b88a60e194fb,crmid:8680382656,5,2
f246fc06-7dd9-11ea-8304-b88a60e194fb,crmid:4659278947,4,4
f2486190-7dd9-11ea-8c4a-b88a60e194fb,crmid:5230391570,5,6
f24a16e8-7dd9-11ea-8af6-b88a60e194fb,crmid:1536174354,5,4
f24b53fa-7dd9-11ea-8d5b-b88a60e194fb,crmid:4190445640,4,5
f24cbedc-7dd9-11ea-b096-b88a60e194fb,crmid:6351917689,4,4
f24da7ca-7dd9-11ea-8b52-b88a60e194fb,crmid:5522073280,4,5
f24ee1ac-7dd9-11ea-82ef-b88a60e194fb,crmid:1737464787,9,5
f2503fde-7dd9-11ea-ac8e-b88a60e194fb,crmid:9547128736,4,5
f25152a8-7dd9-11ea-b45b-b88a60e194fb,crmid:7567697083,5,4
f25289ba-7dd9-11ea-9700-b88a60e194fb,crmid:1494741186,8,4
f2539b2c-7dd9-11ea-ad08-b88a60e194fb,crmid:4995089777,4,5
f254d446-7dd9-11ea-80a3-b88a60e194fb,crmid:6820925822,4,3
f2560c2e-7dd9-11ea-9125-b88a60e194fb,crmid:2490294658,5,3
f2576c38-7dd9-11ea-bda9-b88a60e194fb,crmid:3361547783,2,4
f258a43a-7dd9-11ea-b263-b88a60e194fb,crmid:3646650199,5,6
f259b5ae-7dd9-11ea-bace-b88a60e194fb,crmid:5113174060,4,6
f25aee2c-7dd9-11ea-af05-b88a60e194fb,crmid:2766544077,3,4
f25c4db6-7dd9-11ea-92f2-b88a60e194fb,crmid:4188673951,3,5
f25d863e-7dd9-11ea-8cb0-b88a60e194fb,crmid:4215947950,4,5
f25ebeb8-7dd9-11ea-93c1-b88a60e194fb,crmid:8877353666,4,4
f2601e46-7dd9-11ea-94c8-b88a60e194fb,crmid:3156291429,5,3
f261a4f4-7dd9-11ea-ba1c-b88a60e194fb,crmid:5591311057,4,3
f26379b8-7dd9-11ea-8eb2-b88a60e194fb,crmid:7315331187,7,4
f26527dc-7dd9-11ea-bb86-b88a60e194fb,crmid:3038890508,3,5
f26686e6-7dd9-11ea-9d97-b88a60e194fb,crmid:1241600588,5,4
f267e680-7dd9-11ea-ac0c-b88a60e194fb,crmid:3072349398,4,3
f2699422-7dd9-11ea-a2be-b88a60e194fb,crmid:9190136408,4,6
f26b1af8-7dd9-11ea-98ea-b88a60e194fb,crmid:2170821268,5,3
f26cef86-7dd9-11ea-9f4c-b88a60e194fb,crmid:9382009262,4,4
f26e9d2c-7dd9-11ea-9a21-b88a60e194fb,crmid:9558828804,5,7
f26ffcb4-7dd9-11ea-bda0-b88a60e194fb,crmid:1185482911,5,5
f2715c3a-7dd9-11ea-a547-b88a60e194fb,crmid:7332189108,5,4
f272bbf4-7dd9-11ea-8385-b88a60e194fb,crmid:3334322910,3,3
f273f45a-7dd9-11ea-827f-b88a60e194fb,crmid:4905642866,2,5
f27553e4-7dd9-11ea-b0f5-b88a60e194fb,crmid:1510195263,4,3
f2768c78-7dd9-11ea-909e-b88a60e194fb,crmid:9103386391,5,5
f277c4da-7dd9-11ea-8bac-b88a60e194fb,crmid:9580874710,5,4
f279247a-7dd9-11ea-95c6-b88a60e194fb,crmid:6985154106,6,4
f27a5d1a-7dd9-11ea-ac97-b88a60e194fb,crmid:1628925429,3,4
f27c58cc-7dd9-11ea-9dd4-b88a60e194fb,crmid:6127519404,4,7
f27e2d8c-7dd9-11ea-bf98-b88a60e194fb,crmid:9096973013,5,2
f2800236-7dd9-11ea-8cc2-b88a60e194fb,crmid:3847307661,8,4
f281892e-7dd9-11ea-9bfa-b88a60e194fb,crmid:1037051722,5,4
f283372e-7dd9-11ea-be39-b88a60e194fb,crmid:9693425831,3,4
f284961a-7dd9-11ea-bc35-b88a60e194fb,crmid:6791093131,3,2
f285f5a8-7dd9-11ea-ada7-b88a60e194fb,crmid:2116071228,3,4
f287553e-7dd9-11ea-b23e-b88a60e194fb,crmid:2061094911,4,4
f288dbec-7dd9-11ea-9621-b88a60e194fb,crmid:9268488984,8,3
f28a3b76-7dd9-11ea-afbc-b88a60e194fb,crmid:4403547334,4,3
f28bc208-7dd9-11ea-81c1-b88a60e194fb,crmid:8476898093,3,3
f28cfa86-7dd9-11ea-a3cb-b88a60e194fb,crmid:7417350821,8,3
f28e8124-7dd9-11ea-b397-b88a60e194fb,crmid:1082277787,5,4
f28fb9a4-7dd9-11ea-bc7e-b88a60e194fb,crmid:9017543147,5,4
f2911938-7dd9-11ea-b842-b88a60e194fb,crmid:8699908136,5,3
f29278e4-7dd9-11ea-86c5-b88a60e194fb,crmid:4360408734,9,3
f293d986-7dd9-11ea-9d1e-b88a60e194fb,crmid:6510312500,8,4
f295ad1c-7dd9-11ea-a455-b88a60e194fb,crmid:1261668081,8,5
f297a8f8-7dd9-11ea-89e2-b88a60e194fb,crmid:3484311143,4,3
f2992fc8-7dd9-11ea-976f-b88a60e194fb,crmid:4262688543,9,3
f29ab65c-7dd9-11ea-aba0-b88a60e194fb,crmid:9378971799,3,5
f29f71d0-7dd9-11ea-b0ae-b88a60e194fb,crmid:6760857312,4,4
f2a0f7dc-7dd9-11ea-8f81-b88a60e194fb,crmid:6151387025,3,5
f2a25768-7dd9-11ea-b2f7-b88a60e194fb,crmid:5380551416,4,3
f2a405e2-7dd9-11ea-9b90-b88a60e194fb,crmid:9002324655,3,1
f2a58cf0-7dd9-11ea-9998-b88a60e194fb,crmid:1951928629,2,4
