id,crmid,propensity_room_upgrade,propensity_extended_nights
orderid:997580,crmid:9781891742,4,3
orderid:142894,crmid:6681036032,5,3
orderid:150781,crmid:2367244492,3,2
orderid:925140,crmid:9463562282,2,3
orderid:623664,crmid:4648737191,5,4
orderid:647652,crmid:3313904338,5,4
orderid:542913,crmid:6269006363,4,4
orderid:676560,crmid:5362360568,5,4
orderid:448897,crmid:2653702191,8,4
orderid:132688,crmid:4201151841,4,3
orderid:130726,crmid:3539251965,5,5
orderid:127712,crmid:3198056343,4,5
orderid:633736,crmid:4020533488,4,6
orderid:521171,crmid:9425298297,2,5
orderid:902417,crmid:1839743581,5,3
orderid:933044,crmid:8171239675,3,6
orderid:413129,crmid:2865570674,4,4
orderid:200559,crmid:1876377398,4,2
orderid:789473,crmid:4845160054,3,4
orderid:994272,crmid:3919677923,4,3
orderid:830617,crmid:4952349194,6,5
orderid:108142,crmid:9624923618,5,2
orderid:520417,crmid:1068220731,5,10
orderid:853013,crmid:3689947922,5,5
orderid:241265,crmid:1097427542,4,4
orderid:494097,crmid:2839311279,4,4
orderid:120342,crmid:6032635446,5,9
orderid:738149,crmid:6258726016,4,6
orderid:941930,crmid:4651346040,4,3
orderid:862318,crmid:3439446356,4,3
orderid:522375,crmid:1489687370,3,7
orderid:252913,crmid:5271333904,4,4
orderid:895494,crmid:5694114294,4,4
orderid:174437,crmid:8551097433,4,5
orderid:694229,crmid:2298764101,6,5
orderid:173447,crmid:5447746432,4,4
orderid:221196,crmid:2402669355,4,3
orderid:446808,crmid:2299472025,4,7
orderid:521895,crmid:7847250907,5,7
orderid:596998,crmid:9937281811,6,4
orderid:213051,crmid:2210659074,4,5
orderid:553284,crmid:2416659271,4,4
orderid:910262,crmid:2025487583,9,5
orderid:970924,crmid:5587393962,4,6
orderid:111835,crmid:6644170214,7,5
orderid:576333,crmid:7164527746,7,4
orderid:288993,crmid:8714393219,3,5
orderid:904288,crmid:6751840498,5,4
orderid:248858,crmid:9340923625,5,4
orderid:886748,crmid:9951734392,2,5
orderid:437521,crmid:4302932389,4,3
orderid:766023,crmid:7927222041,4,6
orderid:155081,crmid:8575830722,3,4
orderid:565659,crmid:1105187699,5,5
orderid:708130,crmid:6716469377,5,3
orderid:277461,crmid:1199453790,3,5
orderid:504126,crmid:1172482347,3,5
orderid:217669,crmid:7626384753,4,3
orderid:672366,crmid:3386422834,4,2
orderid:956460,crmid:6066239595,6,3
orderid:797145,crmid:7203485284,4,4
orderid:587065,crmid:3145031522,8,4
orderid:363199,crmid:3600747563,4,4
orderid:873235,crmid:2965408388,4,6
orderid:560266,crmid:5158082616,3,5
orderid:356220,crmid:8538119619,6,3
orderid:200714,crmid:1950040704,8,3
orderid:800623,crmid:8357393800,4,3
orderid:590777,crmid:9984475421,2,4
orderid:205403,crmid:1387362990,7,4
orderid:437111,crmid:1128539920,5,4
orderid:395527,crmid:5248007472,3,8
orderid:165018,crmid:5289931240,4,3
orderid:713695,crmid:7871107736,6,4
orderid:427489,crmid:7853347034,4,4
orderid:253399,crmid:7765331650,3,4
orderid:875648,crmid:2985451483,3,3
orderid:394124,crmid:8969535680,5,5
orderid:592252,crmid:8629447715,2,4
orderid:566677,crmid:2438386981,5,4
orderid:810630,crmid:7516807547,6,4
orderid:838512,crmid:5039405937,4,8
orderid:353675,crmid:6112443951,4,3
orderid:602140,crmid:8485959879,4,4
orderid:610912,crmid:7132783240,5,3
orderid:678452,crmid:7855396874,5,3
orderid:977760,crmid:5142721166,3,5
orderid:316040,crmid:4653297214,4,4
orderid:375397,crmid:5473446930,5,6
orderid:281683,crmid:7095574330,3,3
orderid:812331,crmid:7102163056,3,4
orderid:960214,crmid:4589852406,9,5
orderid:325234,crmid:7919181624,4,3
orderid:538063,crmid:6243894425,4,2
orderid:412385,crmid:8872157677,3,4
orderid:777420,crmid:1338915410,8,3
orderid:492863,crmid:6133501850,5,3
orderid:101587,crmid:3041567676,6,3
orderid:242456,crmid:2127669461,5,4
orderid:867899,crmid:8499445861,4,3
orderid:855401,crmid:5897906014,4,4
orderid:298698,crmid:9356128329,3,3
orderid:735232,crmid:5912148973,6,6
orderid:210914,crmid:9573239970,4,4
orderid:936541,crmid:6463690952,3,3
orderid:660625,crmid:5744030619,5,5
orderid:326812,crmid:3472956343,5,3
orderid:729396,crmid:6517192058,4,4
orderid:190389,crmid:2589747991,7,6
orderid:525049,crmid:7027404175,4,5
orderid:272716,crmid:5503519916,9,4
orderid:382072,crmid:2384148001,8,5
orderid:404551,crmid:5020685075,4,5
orderid:213981,crmid:9102134578,5,8
orderid:939165,crmid:6072900358,4,9
orderid:862923,crmid:7055161861,5,4
orderid:211532,crmid:2018605531,4,5
orderid:174163,crmid:4691941133,3,7
orderid:398226,crmid:7456949377,4,2
orderid:993581,crmid:5421993217,5,3
orderid:836881,crmid:5278849586,4,6
orderid:512224,crmid:6842888367,5,4
orderid:266375,crmid:6728965040,6,5
orderid:405976,crmid:5437170345,4,4
orderid:344884,crmid:1204886244,3,4
orderid:464856,crmid:9395678892,4,6
orderid:849527,crmid:2892988806,3,4
orderid:760183,crmid:2899656651,4,3
orderid:962530,crmid:4932390338,4,5
orderid:825010,crmid:1077526721,6,4
orderid:238958,crmid:4559238219,9,4
orderid:113198,crmid:2603400445,3,3
orderid:731816,crmid:3090210452,4,3
orderid:570143,crmid:2864229422,3,4
orderid:140009,crmid:7582023608,4,4
orderid:318912,crmid:8211644970,5,3
orderid:679270,crmid:7163017391,5,3
orderid:587665,crmid:7267301379,8,3
orderid:623901,crmid:9806528278,4,5
orderid:537680,crmid:6259384718,4,2
orderid:859717,crmid:7324030330,5,2
orderid:768811,crmid:5812221604,3,4
orderid:892948,crmid:4084096063,7,4
orderid:345172,crmid:4112123119,3,6
orderid:685972,crmid:6834876140,6,7
orderid:143412,crmid:5214154385,3,5
orderid:823078,crmid:5609063724,4,3
orderid:357493,crmid:7547130965,4,3
orderid:460528,crmid:9807238137,3,5
orderid:640179,crmid:5934557970,6,4
orderid:875174,crmid:7275693793,5,4
orderid:111117,crmid:6498808479,3,3
orderid:566557,crmid:6469261344,8,4
orderid:256105,crmid:4185326910,4,3
orderid:974467,crmid:8352902280,2,3
orderid:314387,crmid:9904917761,4,3
orderid:496769,crmid:8769315733,3,3
orderid:156122,crmid:1359115184,4,4
orderid:647310,crmid:3797953246,4,4
orderid:509848,crmid:5421829142,3,3
orderid:807204,crmid:4929418000,4,4
orderid:652096,crmid:5736286116,5,2
orderid:666461,crmid:6390843191,3,3
orderid:957794,crmid:8170443943,5,3
orderid:354865,crmid:5889613439,6,5
orderid:601880,crmid:3846679568,5,4
orderid:329803,crmid:5574965170,8,4
orderid:729943,crmid:7907805211,5,4
orderid:929585,crmid:5967325641,7,5
orderid:404132,crmid:5738855237,3,4
orderid:165717,crmid:9692987208,3,6
orderid:673446,crmid:5746010697,6,7
orderid:515563,crmid:1551058743,2,3
orderid:413636,crmid:1532859144,5,4
orderid:296937,crmid:2137573661,5,3
orderid:911582,crmid:8317359532,5,3
orderid:696405,crmid:2164427745,5,3
orderid:775389,crmid:7639059328,3,5
orderid:374671,crmid:6540020144,2,5
orderid:904565,crmid:2795172086,4,4
orderid:588617,crmid:2295246005,8,4
orderid:626821,crmid:7200039221,3,3
orderid:672658,crmid:9307491668,5,5
orderid:947177,crmid:7384272244,4,3
orderid:182759,crmid:2861832467,3,2
orderid:340021,crmid:8623658322,5,3
orderid:365428,crmid:4075724954,3,4
orderid:734913,crmid:3661452673,8,5
orderid:327670,crmid:5547427752,4,5
orderid:649479,crmid:6763139100,4,5
orderid:119816,crmid:2696486678,5,3
orderid:584949,crmid:4892170947,8,4
orderid:212998,crmid:3922631098,5,5
orderid:190921,crmid:8009370345,6,3
orderid:718750,crmid:9104776911,4,6
orderid:469973,crmid:2479055394,4,4
orderid:653434,crmid:8220042119,4,4
orderid:510740,crmid:3241912895,5,3
orderid:638711,crmid:5249191985,5,5
orderid:367618,crmid:2672576635,4,5
