id,crmid,propensity_room_upgrade,propensity_extended_nights
fbf1d8e8-53c8-11ea-af9e-b88a60e194fb,crmid:6030307211,5,3
fbf2c32c-53c8-11ea-94c7-b88a60e194fb,crmid:6107815967,5,2
fbf3d4b6-53c8-11ea-8f09-b88a60e194fb,crmid:6907540807,2,5
fbf4e642-53c8-11ea-b4f9-b88a60e194fb,crmid:4277677954,4,4
fbf5a96e-53c8-11ea-9bcf-b88a60e194fb,crmid:4853950321,5,3
fbf6bada-53c8-11ea-9107-b88a60e194fb,crmid:8841382365,7,4
fbf7a524-53c8-11ea-8784-b88a60e194fb,crmid:5142302134,5,5
fbf8689e-53c8-11ea-8b0a-b88a60e194fb,crmid:7400251927,6,8
fbf952ae-53c8-11ea-8fc9-b88a60e194fb,crmid:7439882937,4,5
fbfa6476-53c8-11ea-af3a-b88a60e194fb,crmid:5547880012,2,5
fbfb4ef0-53c8-11ea-b40f-b88a60e194fb,crmid:4074947158,4,4
fbfc396c-53c8-11ea-90a3-b88a60e194fb,crmid:7373897742,4,9
fbfd4a92-53c8-11ea-bf61-b88a60e194fb,crmid:3990484796,3,5
fbfe0ddc-53c8-11ea-a0c9-b88a60e194fb,crmid:2372653289,4,4
fbff1f50-53c8-11ea-8cf3-b88a60e194fb,crmid:6671500117,2,2
fc0009b8-53c8-11ea-8ef9-b88a60e194fb,crmid:9700394879,4,3
fc00f40a-53c8-11ea-a833-b88a60e194fb,crmid:4914418514,4,4
fc01de80-53c8-11ea-be9b-b88a60e194fb,crmid:7526394140,5,5
fc02a1be-53c8-11ea-8459-b88a60e194fb,crmid:2818345338,9,3
fc038c40-53c8-11ea-9a8f-b88a60e194fb,crmid:6994216008,5,2
fc049d92-53c8-11ea-b4c6-b88a60e194fb,crmid:5363068909,5,5
fc0560dc-53c8-11ea-b231-b88a60e194fb,crmid:1599937727,2,3
fc062424-53c8-11ea-bdf7-b88a60e194fb,crmid:3251275157,4,2
fc078314-53c8-11ea-b798-b88a60e194fb,crmid:3764415790,4,5
fc086e3a-53c8-11ea-b323-b88a60e194fb,crmid:2044259005,5,8
fc097e50-53c8-11ea-8947-b88a60e194fb,crmid:7085568779,5,5
fc0a8fa6-53c8-11ea-858b-b88a60e194fb,crmid:5849820085,5,4
fc0bc990-53c8-11ea-a3e7-b88a60e194fb,crmid:7647803279,3,4
fc0cb44a-53c8-11ea-a468-b88a60e194fb,crmid:2479999057,10,5
fc0d9e26-53c8-11ea-8779-b88a60e194fb,crmid:4420994665,4,5
fc0eafb6-53c8-11ea-9c4e-b88a60e194fb,crmid:9799817336,8,3
fc0f98c2-53c8-11ea-8a59-b88a60e194fb,crmid:5820315521,6,8
fc108464-53c8-11ea-abaf-b88a60e194fb,crmid:9930191828,3,4
fc1195ec-53c8-11ea-a399-b88a60e194fb,crmid:5009072598,5,7
fc128022-53c8-11ea-b305-b88a60e194fb,crmid:9724093686,4,4
fc1391b0-53c8-11ea-b8b4-b88a60e194fb,crmid:1695683166,4,5
fc1454fa-53c8-11ea-a9b8-b88a60e194fb,crmid:2142484182,5,4
fc153f1e-53c8-11ea-8e8d-b88a60e194fb,crmid:1546713199,4,6
fc1650e2-53c8-11ea-9c56-b88a60e194fb,crmid:5531256040,4,5
fc171438-53c8-11ea-89af-b88a60e194fb,crmid:5535835463,5,4
fc184b58-53c8-11ea-8925-b88a60e194fb,crmid:2137801872,5,3
fc1936fe-53c8-11ea-9a1d-b88a60e194fb,crmid:6595239030,3,4
fc1a2198-53c8-11ea-9b3a-b88a60e194fb,crmid:4852222881,3,5
fc1ae4ba-53c8-11ea-9225-b88a60e194fb,crmid:6023649111,3,3
fc1c1d2e-53c8-11ea-b961-b88a60e194fb,crmid:4097784876,4,4
fc1d0790-53c8-11ea-9d7d-b88a60e194fb,crmid:1161801664,4,1
fc1df20c-53c8-11ea-958b-b88a60e194fb,crmid:9379941010,7,4
fc1eb51a-53c8-11ea-9f44-b88a60e194fb,crmid:9416028056,5,3
fc1f9f9c-53c8-11ea-931d-b88a60e194fb,crmid:8889659006,2,4
fc2088ca-53c8-11ea-909a-b88a60e194fb,crmid:2669457647,4,4
fc21732c-53c8-11ea-9e70-b88a60e194fb,crmid:6865288243,3,4
fc225d86-53c8-11ea-8a4c-b88a60e194fb,crmid:9379449416,4,4
fc2347e2-53c8-11ea-bcc4-b88a60e194fb,crmid:2494451061,3,4
fc240b36-53c8-11ea-a8c8-b88a60e194fb,crmid:8334322710,5,3
fc2543a8-53c8-11ea-bacd-b88a60e194fb,crmid:2684350794,4,4
fc265524-53c8-11ea-9a5b-b88a60e194fb,crmid:6700208223,4,2
fc273f86-53c8-11ea-a7d0-b88a60e194fb,crmid:4695693562,2,6
fc2851d8-53c8-11ea-a929-b88a60e194fb,crmid:2192906217,3,5
fc296288-53c8-11ea-8f8a-b88a60e194fb,crmid:2281581865,4,4
fc2ac26e-53c8-11ea-97f0-b88a60e194fb,crmid:2822513678,4,5
fc2bac58-53c8-11ea-913b-b88a60e194fb,crmid:8516734490,4,9
fc2c6fac-53c8-11ea-b9e7-b88a60e194fb,crmid:1637007257,5,4
fc2dcf34-53c8-11ea-8abf-b88a60e194fb,crmid:3098207245,9,6
fc2e928a-53c8-11ea-8d96-b88a60e194fb,crmid:3654901660,4,3
fc2ff21c-53c8-11ea-9ace-b88a60e194fb,crmid:4398953009,4,5
fc3214da-53c8-11ea-bf85-b88a60e194fb,crmid:1928560257,3,3
fc332652-53c8-11ea-a295-b88a60e194fb,crmid:9919241839,4,6
fc3410ae-53c8-11ea-8efa-b88a60e194fb,crmid:3681119778,5,2
fc34fb0a-53c8-11ea-ab6c-b88a60e194fb,crmid:5654683847,4,4
fc35be5e-53c8-11ea-9ae4-b88a60e194fb,crmid:4461526755,5,9
fc36a8ba-53c8-11ea-8480-b88a60e194fb,crmid:3828084905,3,5
fc3793c2-53c8-11ea-bbef-b88a60e194fb,crmid:3449096447,5,4
fc38f324-53c8-11ea-a320-b88a60e194fb,crmid:9799091432,4,2
fc3a2c46-53c8-11ea-990c-b88a60e194fb,crmid:5997838027,4,5
fc3b3ce4-53c8-11ea-9136-b88a60e194fb,crmid:8202103133,5,4
fc3ee63e-53c8-11ea-8337-b88a60e194fb,crmid:9273522801,4,1
fc3ff792-53c8-11ea-bc42-b88a60e194fb,crmid:2023767093,7,4
fc41577a-53c8-11ea-930e-b88a60e194fb,crmid:7195992034,3,9
fc4242de-53c8-11ea-acf8-b88a60e194fb,crmid:8313637255,5,5
fc432d24-53c8-11ea-95cb-b88a60e194fb,crmid:7346087909,4,7
fc441798-53c8-11ea-9b03-b88a60e194fb,crmid:1788766403,5,9
fc44dade-53c8-11ea-aa8a-b88a60e194fb,crmid:7910525666,3,3
fc45ec1a-53c8-11ea-9145-b88a60e194fb,crmid:4356784722,5,4
fc46d6b8-53c8-11ea-924f-b88a60e194fb,crmid:7623923831,3,4
fc47e842-53c8-11ea-8f70-b88a60e194fb,crmid:8076071429,5,4
fc48ab74-53c8-11ea-8dd2-b88a60e194fb,crmid:6273522954,4,10
fc49bcde-53c8-11ea-b246-b88a60e194fb,crmid:5032742019,4,2
fc4aa722-53c8-11ea-833a-b88a60e194fb,crmid:5491392187,4,4
fc4b919e-53c8-11ea-bc2d-b88a60e194fb,crmid:8033519822,4,9
fc4c7c00-53c8-11ea-a6d9-b88a60e194fb,crmid:6136915020,9,5
fc4d6668-53c8-11ea-814c-b88a60e194fb,crmid:9526100540,7,4
fc4e50ba-53c8-11ea-8f43-b88a60e194fb,crmid:5631517015,8,5
fc4f3b38-53c8-11ea-b808-b88a60e194fb,crmid:8058898694,3,5
fc4ffe6e-53c8-11ea-9ef8-b88a60e194fb,crmid:1456682012,5,5
fc510fe4-53c8-11ea-b82a-b88a60e194fb,crmid:2564480581,4,2
fc51fa4c-53c8-11ea-bb78-b88a60e194fb,crmid:6401624904,6,4
fc530bae-53c8-11ea-8983-b88a60e194fb,crmid:7314270786,4,4
fc53f610-53c8-11ea-8015-b88a60e194fb,crmid:5226758865,5,5
fc54e068-53c8-11ea-9051-b88a60e194fb,crmid:3818924396,5,4
fc55f100-53c8-11ea-b722-b88a60e194fb,crmid:4983748020,3,5
fc56dc28-53c8-11ea-a98f-b88a60e194fb,crmid:4943373818,3,5
fc579f92-53c8-11ea-abac-b88a60e194fb,crmid:5492640508,4,5
fc58afb4-53c8-11ea-a8fe-b88a60e194fb,crmid:1589696944,5,4
fc597446-53c8-11ea-8e54-b88a60e194fb,crmid:2697296276,3,4
fc5a5eb4-53c8-11ea-a024-b88a60e194fb,crmid:2339001547,4,4
fc5b4912-53c8-11ea-a849-b88a60e194fb,crmid:1217575260,4,6
fc5c0c74-53c8-11ea-a898-b88a60e194fb,crmid:5985116367,6,4
fc5d44d2-53c8-11ea-be61-b88a60e194fb,crmid:1545269016,4,4
fc5e2f2e-53c8-11ea-adaa-b88a60e194fb,crmid:6763654548,4,4
fc5f199a-53c8-11ea-a5ba-b88a60e194fb,crmid:6704027649,2,4
fc5fdcec-53c8-11ea-b61f-b88a60e194fb,crmid:2628585491,3,3
fc60c74c-53c8-11ea-a8f9-b88a60e194fb,crmid:2745332439,4,5
fc61b1af-53c8-11ea-bee4-b88a60e194fb,crmid:8018320529,4,4
fc629c0c-53c8-11ea-9468-b88a60e194fb,crmid:5728600940,3,3
fc63ac4c-53c8-11ea-a3ec-b88a60e194fb,crmid:4657201811,3,5
fc64e5fe-53c8-11ea-ac95-b88a60e194fb,crmid:8776960843,9,3
fc65a94a-53c8-11ea-b25b-b88a60e194fb,crmid:5422653813,3,6
fc66bab4-53c8-11ea-acb3-b88a60e194fb,crmid:7147581409,4,3
fc67f330-53c8-11ea-9fe9-b88a60e194fb,crmid:3076224718,3,3
fc68dcf8-53c8-11ea-b0d5-b88a60e194fb,crmid:1317811121,4,4
fc69c801-53c8-11ea-be64-b88a60e194fb,crmid:1452292134,5,5
fc6ab274-53c8-11ea-8d72-b88a60e194fb,crmid:9653448800,5,5
fc6b9cbe-53c8-11ea-acc2-b88a60e194fb,crmid:2257229532,5,3
fc6cae26-53c8-11ea-b89f-b88a60e194fb,crmid:2910322838,9,4
fc6dbf9e-53c8-11ea-9a11-b88a60e194fb,crmid:3673451162,5,6
fc6e82f8-53c8-11ea-91a4-b88a60e194fb,crmid:6005239734,5,5
fc6f6d53-53c8-11ea-9984-b88a60e194fb,crmid:4475078268,5,4
fc7057ba-53c8-11ea-9e6f-b88a60e194fb,crmid:9981794437,4,7
fc719028-53c8-11ea-9867-b88a60e194fb,crmid:3981618590,5,4
fc72a19e-53c8-11ea-8633-b88a60e194fb,crmid:1314465012,4,5
fc7364ee-53c8-11ea-b47b-b88a60e194fb,crmid:8775281862,2,7
fc742828-53c8-11ea-b7b6-b88a60e194fb,crmid:7851147090,8,5
fc7539c0-53c8-11ea-94b0-b88a60e194fb,crmid:7921122925,8,5
fc762408-53c8-11ea-b000-b88a60e194fb,crmid:7884578108,5,10
fc770e68-53c8-11ea-849a-b88a60e194fb,crmid:6470041630,4,6
fc77d1e4-53c8-11ea-8e9c-b88a60e194fb,crmid:9957933690,2,2
fc78bc42-53c8-11ea-93bd-b88a60e194fb,crmid:4685017870,4,6
fc79a67e-53c8-11ea-80a1-b88a60e194fb,crmid:6531730766,5,8
fc7ab7e6-53c8-11ea-ba16-b88a60e194fb,crmid:4035295248,3,4
fc7bc96e-53c8-11ea-9671-b88a60e194fb,crmid:8822345313,7,1
fc7cdae4-53c8-11ea-a6b5-b88a60e194fb,crmid:6632504835,4,3
fc7d9e3a-53c8-11ea-b8cf-b88a60e194fb,crmid:7397014563,4,3
fc7e8876-53c8-11ea-9f12-b88a60e194fb,crmid:8275957455,4,4
fc7f99ec-53c8-11ea-a82c-b88a60e194fb,crmid:5673659977,4,4
fc8082f0-53c8-11ea-a251-b88a60e194fb,crmid:2125504535,4,3
fc816d4a-53c8-11ea-8e94-b88a60e194fb,crmid:6139886961,5,8
fc8257a8-53c8-11ea-8495-b88a60e194fb,crmid:6369884194,4,4
fc834208-53c8-11ea-b014-b88a60e194fb,crmid:7482058721,3,5
fc845378-53c8-11ea-87af-b88a60e194fb,crmid:8408617619,5,4
fc85b312-53c8-11ea-8fcc-b88a60e194fb,crmid:6901804285,4,3
fc869d9e-53c8-11ea-b946-b88a60e194fb,crmid:5552738060,7,3
fc8787f6-53c8-11ea-8980-b88a60e194fb,crmid:7254361993,4,5
fc887258-53c8-11ea-a371-b88a60e194fb,crmid:8061782877,5,3
fc895cb6-53c8-11ea-9dca-b88a60e194fb,crmid:1269292460,4,5
fc8a6e14-53c8-11ea-bcf0-b88a60e194fb,crmid:7675986651,4,5
fc8b5886-53c8-11ea-b9a3-b88a60e194fb,crmid:4740745565,4,3
fc8c1bae-53c8-11ea-812d-b88a60e194fb,crmid:6471957976,2,4
fc8d060a-53c8-11ea-a241-b88a60e194fb,crmid:2243681573,2,3
fc8e1776-53c8-11ea-9831-b88a60e194fb,crmid:7857882496,4,4
fc8edacc-53c8-11ea-9d85-b88a60e194fb,crmid:9338746967,3,5
fc8fec3a-53c8-11ea-8545-b88a60e194fb,crmid:8006871602,10,4
fc90d80a-53c8-11ea-85a5-b88a60e194fb,crmid:9087013593,5,5
fc91c270-53c8-11ea-aac8-b88a60e194fb,crmid:9663098253,5,4
fc92acb4-53c8-11ea-9f55-b88a60e194fb,crmid:2136443156,9,4
fc93be28-53c8-11ea-9bf3-b88a60e194fb,crmid:8361967797,2,3
fc948186-53c8-11ea-a51b-b88a60e194fb,crmid:2406270966,4,3
fc956a7e-53c8-11ea-9458-b88a60e194fb,crmid:4649635839,5,5
fc965628-53c8-11ea-b78d-b88a60e194fb,crmid:1145201935,5,4
fc9740be-53c8-11ea-ac27-b88a60e194fb,crmid:9682495278,4,9
fc982b06-53c8-11ea-a4c6-b88a60e194fb,crmid:4283201766,9,5
fc9963b6-53c8-11ea-9f29-b88a60e194fb,crmid:6924149585,4,7
fc9a26e4-53c8-11ea-bdd9-b88a60e194fb,crmid:1597453039,5,5
fc9b0fde-53c8-11ea-92ea-b88a60e194fb,crmid:9484298371,6,8
fc9bfbc8-53c8-11ea-8493-b88a60e194fb,crmid:8238604575,6,7
fc9ce4d0-53c8-11ea-84d9-b88a60e194fb,crmid:3949339298,5,4
fc9dd05a-53c8-11ea-9092-b88a60e194fb,crmid:8319988542,4,3
fc9e9394-53c8-11ea-b623-b88a60e194fb,crmid:8441418278,5,6
fc9f7dfa-53c8-11ea-abb2-b88a60e194fb,crmid:6306299008,6,5
fca06710-53c8-11ea-b4d7-b88a60e194fb,crmid:3462923050,5,4
fca152ba-53c8-11ea-b8fd-b88a60e194fb,crmid:9710191799,3,4
fca2160c-53c8-11ea-9ae7-b88a60e194fb,crmid:8908813568,3,4
fca34e8c-53c8-11ea-a529-b88a60e194fb,crmid:6150625504,3,2
fca411de-53c8-11ea-9e4a-b88a60e194fb,crmid:1325471287,5,7
fca5234a-53c8-11ea-9a69-b88a60e194fb,crmid:2778411863,4,4
fca634ba-53c8-11ea-b8d3-b88a60e194fb,crmid:2025920602,4,4
fca71f42-53c8-11ea-91df-b88a60e194fb,crmid:2812816687,3,9
fca7e268-53c8-11ea-a5ca-b88a60e194fb,crmid:1013026616,5,4
fca8f3de-53c8-11ea-9570-b88a60e194fb,crmid:5945482812,4,4
fca9de5c-53c8-11ea-9f14-b88a60e194fb,crmid:3664988245,3,6
fcaaa190-53c8-11ea-9bc5-b88a60e194fb,crmid:4478691243,4,8
fcabb2fa-53c8-11ea-ba2e-b88a60e194fb,crmid:3418295266,3,5
fcacc468-53c8-11ea-8745-b88a60e194fb,crmid:8645124453,3,8
fcadfcb4-53c8-11ea-bb02-b88a60e194fb,crmid:6456884794,4,3
fcaee70c-53c8-11ea-a7d6-b88a60e194fb,crmid:5619672896,9,4
fcafd1ba-53c8-11ea-a5e9-b88a60e194fb,crmid:2723790089,4,5
fcb13008-53c8-11ea-b00d-b88a60e194fb,crmid:8435119392,4,4
fcb28f6c-53c8-11ea-97a5-b88a60e194fb,crmid:1264532306,8,4
fcb3eef8-53c8-11ea-abf1-b88a60e194fb,crmid:4717546562,5,4
fcb54e8a-53c8-11ea-a0c7-b88a60e194fb,crmid:4399590835,4,4
fcb6ae18-53c8-11ea-a2d4-b88a60e194fb,crmid:3232625930,3,3
