id,crmid,propensity_room_upgrade,propensity_extended_nights
a73738a2-53cb-11ea-9008-b88a60e194fb,crmid:2078361133,3,6
a73823e8-53cb-11ea-9b5f-b88a60e194fb,crmid:3689630584,3,3
a7390d66-53cb-11ea-9b0f-b88a60e194fb,crmid:4679555406,3,3
a739f70a-53cb-11ea-87ba-b88a60e194fb,crmid:4571402110,7,4
a73b3046-53cb-11ea-b334-b88a60e194fb,crmid:9110551822,4,5
a73bf398-53cb-11ea-93d5-b88a60e194fb,crmid:8149148722,4,4
a73cb6de-53cb-11ea-9ecd-b88a60e194fb,crmid:3332040651,4,4
a73dc728-53cb-11ea-8392-b88a60e194fb,crmid:9145325226,4,3
a73eb2ba-53cb-11ea-b6a7-b88a60e194fb,crmid:9436307563,5,3
a73f9d10-53cb-11ea-b058-b88a60e194fb,crmid:1187081645,3,5
a7406074-53cb-11ea-95ad-b88a60e194fb,crmid:4175185148,5,5
a74123b8-53cb-11ea-8db9-b88a60e194fb,crmid:3057652942,5,4
a742352c-53cb-11ea-96d5-b88a60e194fb,crmid:7485758124,5,2
a7436c3e-53cb-11ea-af18-b88a60e194fb,crmid:5365203637,4,5
a7443108-53cb-11ea-be3f-b88a60e194fb,crmid:8483566429,5,4
a744f448-53cb-11ea-9f9d-b88a60e194fb,crmid:8281909049,4,5
a745dd70-53cb-11ea-a00e-b88a60e194fb,crmid:1974761391,6,5
a746c85e-53cb-11ea-85f1-b88a60e194fb,crmid:9569306817,9,4
a7478b24-53cb-11ea-a5fc-b88a60e194fb,crmid:8075959460,5,3
a748c424-53cb-11ea-b90b-b88a60e194fb,crmid:9030977406,3,3
a749adfa-53cb-11ea-9430-b88a60e194fb,crmid:7080563711,4,4
a74b5ca2-53cb-11ea-ba7a-b88a60e194fb,crmid:4574062873,5,6
a74c9428-53cb-11ea-99bb-b88a60e194fb,crmid:1973270732,3,4
a74fc9b6-53cb-11ea-a0b4-b88a60e194fb,crmid:5099204502,10,4
a750db28-53cb-11ea-a861-b88a60e194fb,crmid:9029557588,1,4
a751c42c-53cb-11ea-a8e9-b88a60e194fb,crmid:6415896708,9,3
a752d6f6-53cb-11ea-b002-b88a60e194fb,crmid:5841278791,8,5
a753c08a-53cb-11ea-9c75-b88a60e194fb,crmid:3675105415,5,3
a754abbe-53cb-11ea-b632-b88a60e194fb,crmid:1251789167,3,4
a7556f26-53cb-11ea-9d46-b88a60e194fb,crmid:4605687673,3,4
a7565862-53cb-11ea-88c0-b88a60e194fb,crmid:2736174949,3,5
a75790a8-53cb-11ea-ba5d-b88a60e194fb,crmid:1148465073,4,4
a7587b1a-53cb-11ea-b244-b88a60e194fb,crmid:3652177238,4,4
a759da9e-53cb-11ea-9d0a-b88a60e194fb,crmid:4335694854,8,4
a75ac4fe-53cb-11ea-aa23-b88a60e194fb,crmid:3671516920,3,2
a75bd7b0-53cb-11ea-bddf-b88a60e194fb,crmid:2913257981,3,3
a75c9af4-53cb-11ea-aef2-b88a60e194fb,crmid:6929400378,6,4
a75d856e-53cb-11ea-9ec3-b88a60e194fb,crmid:8292468863,5,5
a75e204a-53cb-11ea-a6f0-b88a60e194fb,crmid:9076446256,5,4
a75f331e-53cb-11ea-ac0e-b88a60e194fb,crmid:3014730973,3,5
a7601c5c-53cb-11ea-81f8-b88a60e194fb,crmid:2772460296,5,4
a761065c-53cb-11ea-a607-b88a60e194fb,crmid:1087738940,6,5
a7623f70-53cb-11ea-930c-b88a60e194fb,crmid:7569709901,4,8
a7632936-53cb-11ea-b6d2-b88a60e194fb,crmid:2465322797,3,5
a7643c2c-53cb-11ea-8249-b88a60e194fb,crmid:4772869795,4,5
a76526a2-53cb-11ea-9d9a-b88a60e194fb,crmid:2027423583,5,4
a7677064-53cb-11ea-ad35-b88a60e194fb,crmid:4947441713,4,4
a7685ac0-53cb-11ea-9f56-b88a60e194fb,crmid:1679419894,9,3
a7691e1e-53cb-11ea-b9a0-b88a60e194fb,crmid:4892840095,5,6
a76a2e24-53cb-11ea-9a78-b88a60e194fb,crmid:1364134485,4,4
a76af176-53cb-11ea-8494-b88a60e194fb,crmid:3891050530,5,5
a76bb4c6-53cb-11ea-8a08-b88a60e194fb,crmid:9178257215,6,2
a76cf1fa-53cb-11ea-b094-b88a60e194fb,crmid:4017783087,3,4
a76dd91a-53cb-11ea-969a-b88a60e194fb,crmid:2056523772,4,7
a76eea8c-53cb-11ea-acf8-b88a60e194fb,crmid:9945047515,4,4
a76fadcb-53cb-11ea-abc0-b88a60e194fb,crmid:2948749359,3,4
a7709826-53cb-11ea-bea6-b88a60e194fb,crmid:1183691913,4,7
a7715bca-53cb-11ea-8c92-b88a60e194fb,crmid:6861717154,4,5
a7726bb8-53cb-11ea-8c8a-b88a60e194fb,crmid:6095400522,3,4
a7737d24-53cb-11ea-9ad2-b88a60e194fb,crmid:6526562705,5,4
a7744081-53cb-11ea-989a-b88a60e194fb,crmid:5702654979,3,4
a7752ad0-53cb-11ea-b2cd-b88a60e194fb,crmid:2290695827,6,3
a775ee36-53cb-11ea-b3f3-b88a60e194fb,crmid:9915107760,5,4
a7770dee-53cb-11ea-8c16-b88a60e194fb,crmid:4506070928,6,4
a7781108-53cb-11ea-9c44-b88a60e194fb,crmid:3142539885,4,5
a7792274-53cb-11ea-8884-b88a60e194fb,crmid:8704891703,5,4
a77a33e4-53cb-11ea-be40-b88a60e194fb,crmid:2235178543,3,4
a77b1e46-53cb-11ea-9642-b88a60e194fb,crmid:9410270152,5,5
a77c08a4-53cb-11ea-ac26-b88a60e194fb,crmid:7397436736,5,5
a77d19e8-53cb-11ea-a598-b88a60e194fb,crmid:7153391321,4,4
a77ddd36-53cb-11ea-a895-b88a60e194fb,crmid:5045441160,3,4
a77ea08a-53cb-11ea-8562-b88a60e194fb,crmid:3505068066,8,4
a77f63d8-53cb-11ea-b85b-b88a60e194fb,crmid:7877503364,7,2
a7804e36-53cb-11ea-a980-b88a60e194fb,crmid:5160131805,5,5
a781389e-53cb-11ea-a05f-b88a60e194fb,crmid:8400260684,3,5
a782e7b0-53cb-11ea-a5b5-b88a60e194fb,crmid:1525544399,5,5
a783aaf9-53cb-11ea-a289-b88a60e194fb,crmid:8382865620,8,4
a7849540-53cb-11ea-a1e9-b88a60e194fb,crmid:3859238531,6,5
a78558a4-53cb-11ea-8d27-b88a60e194fb,crmid:3414196842,4,3
a786434a-53cb-11ea-8e60-b88a60e194fb,crmid:8600403376,4,3
a787063e-53cb-11ea-b94b-b88a60e194fb,crmid:2754496396,8,5
a7883efa-53cb-11ea-b610-b88a60e194fb,crmid:1159057276,2,9
a7890224-53cb-11ea-8161-b88a60e194fb,crmid:4050688585,4,7
a789c58c-53cb-11ea-a67a-b88a60e194fb,crmid:6225723361,4,6
a78aafd2-53cb-11ea-b630-b88a60e194fb,crmid:6817489043,8,3
a78caa5a-53cb-11ea-8158-b88a60e194fb,crmid:2612200476,5,5
a78de2be-53cb-11ea-9092-b88a60e194fb,crmid:8315079729,4,5
a78ef436-53cb-11ea-b348-b88a60e194fb,crmid:5307381214,3,4
a79005c8-53cb-11ea-9f5c-b88a60e194fb,crmid:6009208746,3,7
a7913e1c-53cb-11ea-93b4-b88a60e194fb,crmid:3366377519,3,4
a7920164-53cb-11ea-88cd-b88a60e194fb,crmid:3459535910,6,4
a79312e4-53cb-11ea-aa4f-b88a60e194fb,crmid:5447842244,4,4
a794245c-53cb-11ea-ab52-b88a60e194fb,crmid:8991395213,4,4
a79535ca-53cb-11ea-9e6d-b88a60e194fb,crmid:6037269492,5,4
a7969806-53cb-11ea-ba25-b88a60e194fb,crmid:8499272111,2,4
a797f56e-53cb-11ea-8643-b88a60e194fb,crmid:5585186482,6,4
a7997b82-53cb-11ea-8781-b88a60e194fb,crmid:3328267424,4,7
a79adb28-53cb-11ea-9d5f-b88a60e194fb,crmid:2041386820,3,5
a79c1380-53cb-11ea-8764-b88a60e194fb,crmid:6125965993,5,5
a79cd6d8-53cb-11ea-81c1-b88a60e194fb,crmid:6761361313,8,5
a79dc14a-53cb-11ea-8063-b88a60e194fb,crmid:6949370471,4,3
a79ed2ae-53cb-11ea-a6e0-b88a60e194fb,crmid:6230355642,4,4
a79f95f6-53cb-11ea-a97b-b88a60e194fb,crmid:2055582229,4,2
a7a0594c-53cb-11ea-b139-b88a60e194fb,crmid:1643348229,3,6
a7a16aba-53cb-11ea-8d2d-b88a60e194fb,crmid:5389784840,4,3
a7a22e06-53cb-11ea-a2f4-b88a60e194fb,crmid:9484955293,3,4
a7a340e4-53cb-11ea-909f-b88a60e194fb,crmid:3061549823,5,5
a7a42b6c-53cb-11ea-8c6e-b88a60e194fb,crmid:2337736934,5,1
a7a4ee9a-53cb-11ea-846d-b88a60e194fb,crmid:5522499499,4,5
a7a6006e-53cb-11ea-985a-b88a60e194fb,crmid:9921766185,4,9
a7a6c336-53cb-11ea-ab66-b88a60e194fb,crmid:6188402315,4,5
a7a7adb8-53cb-11ea-9b11-b88a60e194fb,crmid:4023847238,5,4
a7a896b0-53cb-11ea-ab72-b88a60e194fb,crmid:4930962784,9,6
a7a98294-53cb-11ea-824e-b88a60e194fb,crmid:4643521113,3,5
a7aa45ba-53cb-11ea-8084-b88a60e194fb,crmid:6792680676,2,5
a7ab3024-53cb-11ea-a196-b88a60e194fb,crmid:5526693225,4,5
a7ac6752-53cb-11ea-8842-b88a60e194fb,crmid:7993573472,7,5
a7ad7a28-53cb-11ea-bae9-b88a60e194fb,crmid:9272989183,3,4
a7ae649c-53cb-11ea-a874-b88a60e194fb,crmid:9547826526,4,4
a7af27c6-53cb-11ea-99c1-b88a60e194fb,crmid:8135718204,7,4
a7b01228-53cb-11ea-9049-b88a60e194fb,crmid:4887451107,5,4
a7b14aac-53cb-11ea-928f-b88a60e194fb,crmid:6928351817,3,4
a7b20df8-53cb-11ea-bfb7-b88a60e194fb,crmid:9379427542,6,5
a7b2d168-53cb-11ea-a2d0-b88a60e194fb,crmid:5615083154,8,4
a7b3945c-53cb-11ea-8ca2-b88a60e194fb,crmid:9925303898,4,4
a7b47ecc-53cb-11ea-bd00-b88a60e194fb,crmid:6850853127,3,5
a7b54208-53cb-11ea-8133-b88a60e194fb,crmid:8916330511,3,4
a7b62ca8-53cb-11ea-b7ee-b88a60e194fb,crmid:2007964452,2,6
a7b73e3e-53cb-11ea-aa5f-b88a60e194fb,crmid:9024881075,4,5
a7b8283a-53cb-11ea-884a-b88a60e194fb,crmid:4508462296,5,4
a7b8c4ae-53cb-11ea-9843-b88a60e194fb,crmid:4090470204,4,4
a7b9d62c-53cb-11ea-b49a-b88a60e194fb,crmid:8382035951,5,5
a7ba9990-53cb-11ea-84c5-b88a60e194fb,crmid:2851363528,8,5
a7bbd0a8-53cb-11ea-833e-b88a60e194fb,crmid:2828414415,4,5
a7bc9548-53cb-11ea-b6f5-b88a60e194fb,crmid:6009642497,3,3
a7bd5898-53cb-11ea-94b8-b88a60e194fb,crmid:3246667954,3,3
a7be42fa-53cb-11ea-9c28-b88a60e194fb,crmid:7503750783,4,8
a7bf2d36-53cb-11ea-8e0d-b88a60e194fb,crmid:5085949852,3,10
a7bff09e-53cb-11ea-9d10-b88a60e194fb,crmid:2649206024,3,6
a7c10218-53cb-11ea-b2a4-b88a60e194fb,crmid:7640352056,8,5
a7c21386-53cb-11ea-b0cf-b88a60e194fb,crmid:4902477533,2,4
a7c2fc9e-53cb-11ea-9bac-b88a60e194fb,crmid:2817595419,2,5
a7c3e848-53cb-11ea-90e2-b88a60e194fb,crmid:8045244096,3,8
a7c4ab9a-53cb-11ea-93d9-b88a60e194fb,crmid:8444375341,8,5
a7c595c0-53cb-11ea-ba44-b88a60e194fb,crmid:1949666089,3,3
a7c6a634-53cb-11ea-9dd1-b88a60e194fb,crmid:8676725568,3,3
a7c79092-53cb-11ea-88cb-b88a60e194fb,crmid:1800072275,7,3
a7c853e2-53cb-11ea-987f-b88a60e194fb,crmid:7378407007,4,4
a7c9654c-53cb-11ea-9e42-b88a60e194fb,crmid:2807622316,4,3
a7cd0ed8-53cb-11ea-a342-b88a60e194fb,crmid:6436821407,4,6
a7cdf940-53cb-11ea-87f8-b88a60e194fb,crmid:7878696656,5,3
a7cebc86-53cb-11ea-9994-b88a60e194fb,crmid:7695256309,5,5
a7cfa6e6-53cb-11ea-9e55-b88a60e194fb,crmid:4538861761,4,4
a7d0b85c-53cb-11ea-b6f4-b88a60e194fb,crmid:2442112784,2,3
a7d1a2b6-53cb-11ea-948f-b88a60e194fb,crmid:2706543917,4,4
a7d28e10-53cb-11ea-bde8-b88a60e194fb,crmid:2377995181,4,5
a7d52626-53cb-11ea-9588-b88a60e194fb,crmid:2845476638,4,4
a7d610a4-53cb-11ea-a53b-b88a60e194fb,crmid:2109808907,5,3
a7d6d294-53cb-11ea-ab5b-b88a60e194fb,crmid:2285452534,5,7
a7d83224-53cb-11ea-9975-b88a60e194fb,crmid:2936738866,3,7
a7d96aa4-53cb-11ea-883c-b88a60e194fb,crmid:5212836677,3,4
a7daa32c-53cb-11ea-b170-b88a60e194fb,crmid:8685298732,4,8
a7dbdba8-53cb-11ea-abbc-b88a60e194fb,crmid:7128239642,4,3
a7dd1462-53cb-11ea-bfd2-b88a60e194fb,crmid:8724938924,5,2
a7de73b6-53cb-11ea-86fe-b88a60e194fb,crmid:5159990851,3,3
a7dfac42-53cb-11ea-8b59-b88a60e194fb,crmid:2633853353,3,6
a7e10bd8-53cb-11ea-872b-b88a60e194fb,crmid:5969323323,4,6
a7e1cf28-53cb-11ea-93ca-b88a60e194fb,crmid:2744358611,4,4
a7e307cc-53cb-11ea-99aa-b88a60e194fb,crmid:7339329563,10,3
a7e41a76-53cb-11ea-8212-b88a60e194fb,crmid:1289812724,3,4
a7e578ee-53cb-11ea-962b-b88a60e194fb,crmid:4465267323,5,4
a7e63d28-53cb-11ea-a610-b88a60e194fb,crmid:6956963984,2,3
a7e70088-53cb-11ea-a8cc-b88a60e194fb,crmid:3353880131,4,4
a7e7e9b8-53cb-11ea-b27e-b88a60e194fb,crmid:1809409180,5,6
a7e8fb1e-53cb-11ea-8c73-b88a60e194fb,crmid:5435530583,4,5
a7e9e57a-53cb-11ea-ba34-b88a60e194fb,crmid:5003066035,5,4
a7eaf6e8-53cb-11ea-988e-b88a60e194fb,crmid:2593825637,3,4
a7ebba34-53cb-11ea-ad0e-b88a60e194fb,crmid:6896104184,4,4
a7ec7d82-53cb-11ea-8ccc-b88a60e194fb,crmid:6899422599,3,9
a7ed67e8-53cb-11ea-86a6-b88a60e194fb,crmid:2207311014,5,5
a7ee5246-53cb-11ea-af87-b88a60e194fb,crmid:5485244937,5,5
a7efb366-53cb-11ea-b1d1-b88a60e194fb,crmid:4508908611,6,3
a7f09d9a-53cb-11ea-8bb6-b88a60e194fb,crmid:3248012937,5,2
a7f160de-53cb-11ea-8989-b88a60e194fb,crmid:1477789688,4,8
a7f22446-53cb-11ea-bf81-b88a60e194fb,crmid:5810799161,3,4
a7f335a2-53cb-11ea-9b3b-b88a60e194fb,crmid:4837222632,4,4
a7f41ee4-53cb-11ea-847c-b88a60e194fb,crmid:9603906806,4,5
a7f50936-53cb-11ea-aeee-b88a60e194fb,crmid:4077683652,4,5
a7f61aa2-53cb-11ea-a80d-b88a60e194fb,crmid:3239791213,5,5
a7f70502-53cb-11ea-ae28-b88a60e194fb,crmid:7129725222,5,4
a7f7c828-53cb-11ea-9b67-b88a60e194fb,crmid:3857221687,3,1
a7f8d992-53cb-11ea-b241-b88a60e194fb,crmid:3687387579,4,5
a7f9eb0a-53cb-11ea-9b4f-b88a60e194fb,crmid:2272686962,4,4
a7faae52-53cb-11ea-bc3a-b88a60e194fb,crmid:2556647616,7,4
a7fb98c0-53cb-11ea-aa15-b88a60e194fb,crmid:7219250412,4,3
a7fc831a-53cb-11ea-be2a-b88a60e194fb,crmid:3605192444,4,5
a7fd6da2-53cb-11ea-a8bb-b88a60e194fb,crmid:7200290748,6,4
a7fe7f12-53cb-11ea-aa38-b88a60e194fb,crmid:8569543998,9,4
a7ff425e-53cb-11ea-b714-b88a60e194fb,crmid:6052291045,6,3
a8002cc0-53cb-11ea-84b1-b88a60e194fb,crmid:9394060684,8,5
