crmid,email,first_name,last_name,gender,mobile telephone,city,country,zip,state,street address,birthday,creditrating
crmid:9146982135,afrikaans2069@yandex.com,Roosevelt,English,,480-650-8574,Lewiston,United States,52541,North Dakota,943 Flower,1982-10-29,1980
crmid:7087685832,mayfly1932@outlook.com,Ivory,Barr,,124-696-7320,Fredericksburg,United States,21603,Tennessee,627 Infantry,1964-05-16,1465
crmid:2227287318,cabral1997@outlook.com,Gene,Roman,male,766-945-3637,Ballwin,United States,67569,Pennsylvania,1210 Olympia,1935-10-08,2226
crmid:7703726082,undertenancy1958@outlook.com,Irwin,Houston,male,079-225-9284,Boston,United States,25939,Virginia,554 Ironwood,1940-05-14,2734
crmid:2798140515,banderma1972@yandex.com,Cruz,Estes,,685-353-9061,Kearney,United States,25829,Illinois,690 Sibley,1976-04-01,1749
crmid:8217445479,pastorale1998@live.com,Emmie,Vargas,female,950-331-1287,Durham,United States,14618,California,1303 Nelson Rising,1956-03-29,1128
crmid:3683877925,codfish1952@yandex.com,Nancee,Kline,female,785-771-9620,Des Moines,United States,84179,New Hampshire,1195 Evergreen,1954-07-16,1157
crmid:9121964995,stylobata1849@yahoo.com,Charley,Hurst,,471-455-7793,Gloucester,United States,56660,Michigan,183 Pico,1966-09-29,2824
crmid:9954814363,databank1828@outlook.com,Bart,Bowen,,461-691-6576,Kissimmee,United States,73100,South Carolina,649 Bishop,1978-07-21,1662
crmid:3547732752,encenter1821@live.com,Quentin,Long,,337-603-8510,Pickerington,United States,46695,Michigan,499 Bayside,1988-08-21,1283
crmid:4533077370,churring1852@outlook.com,Burt,Harrington,,273-733-1247,Gretna,United States,70798,Missouri,1334 Helena,1968-12-02,2726
crmid:9780551770,seal2041@yahoo.com,Kurt,Christian,male,059-558-5824,Blue Island,United States,91454,Arkansas,1069 Ramona,1939-06-06,725
crmid:6454584091,jazzing1980@yandex.com,Pablo,Hardy,male,128-116-6020,Bradenton,United States,41931,Louisiana,1358 Tunnel,1941-08-13,1007
crmid:1481335218,grunting1886@outlook.com,Lore,Erickson,female,571-924-0945,Palisades Park,United States,83567,Texas,1212 Ross,1949-06-09,860
crmid:3246263872,cutline1861@yandex.com,Alfonso,Castro,,727-379-6275,Jackson,United States,94611,Oregon,1194 Holladay,1975-03-14,2590
crmid:9503169776,shott1943@outlook.com,Jeffry,Price,,614-072-7619,Marshalltown,United States,89284,Washington,392 Westside,1987-09-30,1701
crmid:5386559918,engluts2023@yahoo.com,Zachary,Soto,,517-811-7451,Miami Lakes,United States,89453,Iowa,486 Rico,1990-10-31,1804
crmid:4358181264,ephemeron1970@yandex.com,Felix,Wiley,,806-361-1770,Fullerton,United States,95822,Michigan,1139 Concourse,1964-06-17,2939
crmid:7441676885,fanmaker1928@yahoo.com,Bennett,Stewart,,131-494-7899,Loves Park,United States,38980,Kentucky,372 Newman,1984-06-05,1440
crmid:6399062224,bee2014@yandex.com,Vincent,Hatfield,,528-202-4937,Fort Collins,United States,53539,Nebraska,1199 Elmwood,1963-09-29,1150
crmid:1998085209,antsier1857@gmail.com,Edwin,Swanson,,996-841-0561,Granite City,United States,88118,Vermont,973 Columbia Square,1967-05-27,1201
crmid:4757046895,palaearctic1866@yandex.com,Classie,Hobbs,female,430-684-0084,North Augusta,United States,14191,Nebraska,95 Osage,1998-03-03,497
crmid:8492032121,cruise1887@yahoo.com,Dann,Bray,female,482-450-0513,De Land,United States,13665,Tennessee,826 Houston,1953-02-04,2747
crmid:7469280970,vulturelike1862@live.com,Hector,Barton,male,242-306-3547,Burton,United States,70180,Alaska,928 Shotwell,1943-12-09,1482
crmid:2764973314,poverty1970@yahoo.com,Shayne,Mcknight,,419-984-1900,Westland,United States,64695,Louisiana,817 Massachusetts,1986-04-21,1741
crmid:4930374253,mothball2028@outlook.com,Ned,Summers,,215-650-1953,Fullerton,United States,93784,Pennsylvania,30 Rose,1964-07-11,453
crmid:8926244155,seugh2057@outlook.com,Billy,Bolton,,318-256-7881,Xenia,United States,70709,North Carolina,689 Sycamore,1992-02-01,2777
crmid:6491978511,scintillator1932@live.com,Enrique,Parrish,,767-790-4407,La Puente,United States,09862,Kentucky,1397 Enterprise,1979-02-08,767
crmid:4563579164,chanson1835@outlook.com,Eveline,Elliott,female,626-205-9746,Collierville,United States,92286,Indiana,592 Eastwood,1949-03-09,1880
crmid:6573920189,hastings1846@outlook.com,Hal,Burt,male,914-139-9236,Bothell,United States,25863,Alabama,19 Reddy,1940-04-04,2067
crmid:1716930285,macaw2022@live.com,Deon,Montgomery,,733-322-7565,Tuscaloosa,United States,41148,Arkansas,1184 Mirabel,1981-06-05,853
crmid:9282010553,claudius1991@live.com,Jon,Gillespie,,611-309-2641,Mill Creek,United States,58913,Utah,1289 Santa Fe,1990-09-30,576
crmid:9216924925,frustrative2006@live.com,Devon,Preston,male,546-586-9139,Bellwood,United States,14112,Virginia,1032 Hooker,1937-03-24,1433
crmid:9262819432,globalism1887@yahoo.com,Wonda,Rivers,female,504-573-1013,Coconut Creek,United States,85781,West Virginia,6 Bernice Rodgers,1949-09-25,2683
crmid:6803591003,narcotization1824@live.com,Harvey,Austin,male,469-067-1335,Pascagoula,United States,02404,Rhode Island,184 Main,1941-04-01,1133
crmid:6462278097,scorpion1838@outlook.com,Jimmie,Cannon,,290-532-9343,Killeen,United States,31816,California,32 Goettingen,1977-06-29,1767
crmid:3370621114,periostosis1898@live.com,Wallace,Burgess,,282-715-7713,Parkland,United States,32454,Kentucky,313 Foote,1974-05-16,1822
crmid:8134219069,yucca2038@yandex.com,Arnulfo,Gray,,006-515-5586,Lufkin,United States,97202,New Jersey,81 Avenue M,1985-08-25,2720
crmid:2835696956,dolmen2030@outlook.com,Alvin,Collier,,898-107-7443,Galesburg,United States,42133,West Virginia,359 Atalaya,1964-07-14,1925
crmid:7293420808,bloodshedder2038@gmail.com,Amberly,Ross,female,018-278-6288,Donna,United States,09167,Georgia,843 Gilman,1955-01-25,2547
crmid:5564088087,tautousian1820@live.com,Codi,Harrington,female,678-307-6569,Diamond Bar,United States,67347,Arizona,701 Clearfield,1955-11-20,1147
crmid:4064295825,trioxide1892@live.com,Clayton,Gamble,,476-201-9070,Riverton,United States,81407,Texas,797 Fallon,1975-04-16,512
crmid:2501805762,tafia1818@gmail.com,Marion,Hendricks,,692-118-7638,Gloucester,United States,59334,North Dakota,211 Kramer,1966-10-09,625
crmid:5518292878,mouse1978@outlook.com,Beau,Morris,,608-410-6882,Winter Haven,United States,36286,Nebraska,5 Mill,1976-07-22,2635
crmid:2343794817,canescent1895@gmail.com,Darrel,Lester,male,583-139-4123,Northport,United States,60561,North Dakota,1368 Everglade,1999-11-02,1043
crmid:6016961481,boarding1810@outlook.com,Malcom,Adams,,651-720-6750,Los Gatos,United States,17190,Montana,1382 Ardenwood,1984-02-22,2994
crmid:6620657180,dendrobatinae2002@gmail.com,Mauro,Rice,,994-121-2027,Lake in the Hills,United States,88906,West Virginia,915 Athens,1980-10-27,2160
crmid:4466016114,anabasis1806@outlook.com,Chong,Pratt,,785-762-5253,Warwick,United States,72775,Alabama,368 Hillcrest,1970-05-01,1030
crmid:8070702255,vandalic1851@live.com,Enola,Rasmussen,female,668-994-8649,El Centro,United States,89785,Colorado,585 Dirk Dirksen,1958-03-24,2566
crmid:4107674724,carpool2052@gmail.com,Aubrey,Kelly,,314-336-9256,Hobart,United States,38434,South Carolina,939 Fern,1972-07-17,2149
crmid:4238420795,darrack2035@yahoo.com,Nicolas,Bryant,,299-515-8906,Fresno,United States,32134,North Carolina,697 Laidley,1964-06-04,1483
crmid:3451970491,coquelicot2032@gmail.com,Owen,Doyle,,438-457-1036,Newburyport,United States,67795,Wyoming,504 Roanoke,1997-11-24,2203
crmid:1497512449,depark1927@gmail.com,Monroe,Meyers,,406-666-4132,Galveston,United States,86644,Delaware,510 Hutchins,1965-06-21,1415
crmid:5470531943,papulation1844@yahoo.com,Rueben,Huff,,766-940-5325,Hilton Head Island,United States,52463,Pennsylvania,364 Cascade,1972-10-05,1605
crmid:6914125603,lionfish1832@yahoo.com,Oscar,Durham,male,434-195-3739,Asheville,United States,42504,Maryland,1311 Springfield,1934-08-09,1537
crmid:1924927386,suprastandard1887@live.com,Arnold,Chaney,,908-383-1145,Yakima,United States,86911,South Carolina,860 Emil,1972-10-02,2762
crmid:2498971914,belight1893@yandex.com,Elayne,Peters,female,078-322-4417,Shelbyville,United States,17117,Kentucky,1175 Lysette,1950-03-23,1095
crmid:6014061417,jollier1932@live.com,Jaime,Olsen,,721-484-4055,Hayward,United States,51782,New Mexico,1332 Indiana,1970-09-25,2582
crmid:2810404414,barse1966@live.com,Ludie,Nash,female,864-931-4225,Danville,United States,34083,Vermont,1260 Ship,1953-06-21,2790
crmid:4155701794,humanitarianism1982@gmail.com,Shantelle,Nielsen,female,465-064-2694,East Palo Alto,United States,40870,Washington,193 Elgin,1957-08-21,1059
crmid:7189255239,endosteum2064@outlook.com,Queenie,Knowles,female,703-293-8829,Dixon,United States,46741,Wisconsin,282 Ames,1955-07-16,343
crmid:7406024269,scythe1915@live.com,Lizeth,Fitzgerald,female,462-797-7112,Philadelphia,United States,12424,South Carolina,899 Glendale,1952-05-10,2317
crmid:1134498794,avigdor1891@gmail.com,Armando,Sampson,,216-138-2233,Grand Island,United States,94586,California,366 St. Paul Street-Calvert,1967-07-23,2585
crmid:8954940379,chaudry1823@yandex.com,Emely,Dale,female,793-757-4950,Country Club Hills,United States,11079,Mississippi,811 Tocoloma,1951-03-07,1759
crmid:5387377707,transubstantiate2039@yahoo.com,Risa,Bradley,female,690-558-0777,Pampa,United States,67502,New Jersey,1329 Clayton,1995-12-06,1091
crmid:1854283363,akinesia1954@yandex.com,Elanor,Newton,female,412-900-3540,Chattanooga,United States,11594,Connecticut,567 Sparta,1946-03-21,2731
crmid:5651305940,astor2008@live.com,Julian,Reynolds,,402-167-6994,Green Bay,United States,29849,Utah,834 Santa Cruz,1968-04-28,1110
crmid:6582492822,ruff1860@live.com,Lemuel,Gardner,male,377-126-5532,Sunrise,United States,73991,Montana,110 Langton,1939-06-11,560
crmid:9770333993,ferule1901@yahoo.com,Serafina,Brewer,female,449-956-1029,Edmonds,United States,46318,Nebraska,860 San Buenaventura,1958-08-04,1275
crmid:1220300815,crimp1964@yandex.com,Bud,Bush,,109-337-7732,Moscow,United States,14129,Delaware,195 Digby,1993-03-05,2163
crmid:1973175774,demimark2019@yandex.com,Alex,Leon,female,650-360-3880,Wellington,United States,78564,Utah,333 Rausch,1960-01-17,1684
crmid:5596476968,jacanas2008@gmail.com,Jarred,Lawrence,,703-608-5560,New Berlin,United States,40565,North Carolina,469 Cambon,1996-08-01,2956
crmid:6374241030,abominable1818@outlook.com,Terrell,Maxwell,,071-729-0877,Inkster,United States,11558,Arizona,24 Crestwell,1974-03-30,2565
crmid:6834561688,abiogenesis1801@gmail.com,Halina,Forbes,female,752-091-0330,Webster Groves,United States,96561,Arkansas,8 Hunt,1994-12-20,1586
crmid:3806301068,contradiction2015@live.com,Luana,Dominguez,female,191-293-8764,New Rochelle,United States,13656,Kansas,918 Cuesta,1996-04-21,2467
crmid:3006412316,pasquilant1966@outlook.com,Ezequiel,Franks,,228-627-4294,Mustang,United States,85829,New Jersey,619 Gabilan,1995-10-09,1019
crmid:2269518633,chaja1949@outlook.com,Gilbert,Ochoa,,523-864-3481,Placentia,United States,42886,Maine,1061 Lowell,1989-02-07,1088
crmid:8811786034,couturier2031@live.com,Gustavo,Finley,male,962-537-8845,Bristol,United States,27481,New Jersey,575 Manor,1941-04-09,317
crmid:1345729310,aback1977@live.com,Cleo,Knight,male,055-715-3411,Zion,United States,80433,California,798 West Crystal Cove,1934-02-16,2070
crmid:9595587229,halomorphic2025@gmail.com,Numbers,Collins,,447-925-5771,Palatine,United States,44618,Oregon,569 Rivas,1981-06-14,388
crmid:7458845121,earmark1858@live.com,Heriberto,Elliott,,231-501-5907,Seymour,United States,44662,Utah,1225 Commercial,1989-04-16,827
crmid:7393210961,chital1974@gmail.com,Antione,Flores,male,539-158-8228,Rio Rancho,United States,79096,Michigan,1200 Crystal,1933-01-10,2900
crmid:2566928464,micronuclear2033@yandex.com,Burl,Sparks,,982-621-9027,Wildwood,United States,79938,Utah,1005 Varela,1971-03-22,651
crmid:8710509454,teletypewriting1902@gmail.com,Ashlea,Cox,female,685-946-2954,Van Buren,United States,81211,Kansas,985 Rockland,1949-01-07,335
crmid:7123311440,inkmaking1847@yandex.com,Taylor,Patterson,male,256-015-5443,Brockton,United States,51025,South Dakota,196 Cascade,1941-09-23,2615
crmid:8525136736,foeship1927@gmail.com,Tien,Trujillo,female,784-441-7544,Cerritos,United States,68762,South Carolina,767 Rosenkranz,1946-11-17,503
crmid:5300114092,colene1999@yahoo.com,Lavonia,Cruz,female,611-326-8191,Downey,United States,72121,Delaware,562 Napoleon,1955-05-07,2624
crmid:8141688391,normality2056@yahoo.com,Frederick,Trevino,,525-991-5535,Redondo Beach,United States,34749,South Dakota,236 Lake,1979-08-25,1224
crmid:3787297150,thrilling2050@gmail.com,Leif,Vazquez,,645-067-0819,Pasadena,United States,64979,Vermont,14 Southard,1986-03-15,2573
crmid:1898857609,abody1852@gmail.com,Bruno,Weaver,male,564-160-6204,Petersburg,United States,70036,Hawaii,1230 Utah,1942-02-03,2746
crmid:9674753690,biotechnological1930@yandex.com,Jesusita,Wells,female,103-705-1591,Cottonwood Heights,United States,56791,North Dakota,731 Crescio,1951-09-22,2869
crmid:7559330170,ruthlessness1922@live.com,Abraham,Simpson,,377-829-2459,Wisconsin Rapids,United States,63181,Montana,1000 Head,1975-03-31,2027
crmid:4723855091,caroli1850@outlook.com,Ronny,Singleton,,358-798-3225,Highland,United States,19884,Connecticut,693 Jean,1971-02-17,2164
crmid:8548908147,nondyspeptically2048@gmail.com,Erick,Guerrero,male,751-841-3691,Nacogdoches,United States,09102,New York,985 Auburn,1995-01-30,1851
crmid:2081480104,chaperno1890@yahoo.com,Dana,Burke,,753-776-8321,Pittsburgh,United States,31131,Wyoming,1364 North Van Horn,1969-05-06,1590
crmid:6155367702,phoniatry1892@outlook.com,Devin,Mason,male,675-464-9046,Belleville,United States,61516,West Virginia,1227 Rockwood,1937-11-22,339
crmid:5294500446,deodate2030@outlook.com,Dylan,Alvarado,,163-509-5281,Placentia,United States,44185,Alaska,347 Dawson,1990-05-13,1936
crmid:8527935376,transportables2043@yahoo.com,Mason,Melton,,816-574-0763,Tracy,United States,37283,Louisiana,974 Chancery,1969-04-26,2590
crmid:7883054335,ammeter1913@yandex.com,Adan,Lindsay,,992-091-4386,Montebello,United States,34098,Hawaii,453 Wetmore,1992-06-09,2982
crmid:6480765863,hookheal1876@gmail.com,Andreas,Grimes,,812-779-3505,New Rochelle,United States,31030,Texas,1149 Dolores,1996-06-20,1285
crmid:2875932012,consolable2036@live.com,Efrain,Ware,,863-402-4534,Mission Viejo,United States,27997,New Jersey,461 Madrid,1991-05-24,2782
crmid:5268577933,bloodlessly1993@gmail.com,Chas,Pugh,,221-978-8682,Haines City,United States,36713,Indiana,468 Boynton,1969-05-16,799
crmid:1624683093,gombeen2070@yandex.com,Jonathon,Waters,male,934-950-1936,Ames,United States,36295,Iowa,830 North,1932-06-30,1660
crmid:8807926179,claudius1845@outlook.com,Clotilde,Tillman,female,024-493-8552,Detroit,United States,05002,New Jersey,1277 Second,1954-02-17,1643
crmid:8030594851,cites1887@yahoo.com,Dan,Wheeler,male,573-720-0704,Beverly,United States,96931,Ohio,114 Maddux,1939-11-20,1726
crmid:3333450030,award2069@yandex.com,Jefferey,Guerra,,525-508-4631,Inver Grove Heights,United States,16376,Oregon,53 Turner,1974-03-11,731
crmid:4130570919,cresoxide1958@outlook.com,Tonette,Perez,female,635-565-5829,Titusville,United States,78595,Washington,1095 Long,1951-11-17,1830
crmid:8925115877,lawing1990@yandex.com,Cyrus,Davenport,,860-945-9700,New Castle,United States,45668,Delaware,259 Golding,1996-08-30,1925
crmid:2175514759,phenylic1922@gmail.com,Titus,Swanson,male,844-090-9251,Albuquerque,United States,88128,New York,46 Schwerin,1931-09-28,767
crmid:3324800418,dosser1928@outlook.com,Shaunna,Benson,female,917-734-9393,Dothan,United States,90726,Delaware,1345 Cook,1955-08-02,2243
crmid:7916898550,protesting1950@yahoo.com,Cecil,Murphy,,025-558-3445,Fort Lee,United States,01088,Massachusetts,730 Lapidge,1963-01-30,2316
crmid:4168030796,cecon1823@gmail.com,Brad,Tyson,,583-026-3896,Palmdale,United States,67507,Utah,1093 Battery Blaney,1987-12-04,2697
crmid:9665598915,cormac2001@gmail.com,Tanna,Medina,female,121-135-5888,Eustis,United States,40028,Texas,886 Delta,1960-08-20,2856
crmid:2045676767,ester1886@yandex.com,Ruben,Mitchell,,637-373-1295,Lancaster,United States,96334,Iowa,1118 Elmwood,1980-11-27,1327
crmid:4551055125,proteides1969@yahoo.com,Teddy,Casey,,862-449-8211,West Jordan,United States,53778,Ohio,1393 Dorchester,1974-05-24,2819
crmid:4194747224,gobbet1904@outlook.com,Enoch,Sanders,male,135-385-9449,Palm Coast,United States,87817,North Dakota,420 Balmy,1996-02-07,1153
crmid:3942468316,transmissionist1878@gmail.com,Antoine,Mcdowell,male,952-461-0767,Murray,United States,05125,Louisiana,1339 Randolph,1994-02-01,2804
crmid:6839471592,weasel1801@gmail.com,Rodger,Hyde,male,763-340-2732,Azusa,United States,44297,Utah,649 Green,1935-08-15,1831
crmid:6475333935,booby1872@gmail.com,Roman,Randolph,,661-504-3202,Gainesville,United States,77506,Washington,807 Arellano,1964-12-19,1104
crmid:1234797493,aucan1827@outlook.com,Jan,Short,,122-013-6957,Maricopa,United States,79722,Ohio,112 Gold Mine,1987-12-23,2881
crmid:6361637302,wombat1821@outlook.com,Tandy,Mcclure,female,342-268-6331,Sun Prairie,United States,56851,Arizona,789 South Van Ness,1961-08-19,1087
crmid:1194243704,usself1825@gmail.com,Burt,Stokes,,501-526-4078,Streamwood,United States,32000,Montana,17 Wanda,1970-07-08,2390
crmid:5750406788,highbrows1990@outlook.com,Peter,Wallace,,995-929-0646,Grand Prairie,United States,39679,Massachusetts,116 Nichols,1967-06-23,2282
crmid:4865643585,imboldening1892@yandex.com,Gonzalo,Maldonado,,685-146-2640,University City,United States,43958,Idaho,802 Security Pacific,1981-08-12,2050
crmid:7912919081,halbert1873@outlook.com,Laree,Middleton,female,220-259-9624,Willmar,United States,16978,Illinois,1370 Knollview,1953-05-20,2402
crmid:5223466892,notturni1850@yahoo.com,Terry,Nichols,,683-298-2004,La Mesa,United States,96264,New Hampshire,181 Osgood,1978-07-21,1530
crmid:4799010753,angelship1866@outlook.com,Cherish,Franks,female,716-205-9138,Parker,United States,15356,Delaware,96 Dunsmuir,1947-10-03,1706
crmid:2177349141,louse1942@live.com,Lorean,Witt,female,742-544-7067,College Station,United States,34274,Iowa,836 Walnut,1949-06-15,1193
crmid:8828990152,chengwei1859@outlook.com,Jona,Lynch,female,624-349-9803,Dunedin,United States,92571,Vermont,490 Rincon,1956-12-08,2526
crmid:5529391352,citral1953@live.com,Malik,Cox,,488-950-2898,Ferndale,United States,84602,Louisiana,580 Legion Of Honor,1962-11-16,992
crmid:1861952726,unbiblical1852@outlook.com,Iraida,Klein,female,990-526-6378,Ponca City,United States,71461,Kansas,62 Friendship,1953-04-16,1654
crmid:7406283693,winters1824@gmail.com,Winford,Lyons,,933-168-5506,Mount Clemens,United States,82256,North Carolina,1184 Bennington,1993-12-10,957
crmid:7256815995,explorations1868@gmail.com,Sean,Jarvis,,030-814-9334,Suisun City,United States,74357,Michigan,158 Dakota,1992-04-13,2949
crmid:8340998740,addicted1903@gmail.com,Whitley,Hart,female,963-094-2499,El Cajon,United States,58589,Utah,809 Fredson,1958-09-13,2486
crmid:8612936199,maltese1873@yandex.com,Isaias,O'connor,,632-068-9008,North Lauderdale,United States,42172,Hawaii,72 Detroit,1998-08-29,1915
crmid:8247648397,capomo1890@gmail.com,Miguel,O'neill,,505-260-8577,Lenexa,United States,22640,Alaska,1361 Telegraph Hill,1982-05-01,2512
crmid:8940328009,polyscopic1811@outlook.com,Davis,Bowman,,497-116-6231,Westfield,United States,43165,Alaska,12 Quickstep,1993-07-13,1425
crmid:8650609908,homeothermic2009@yahoo.com,Kieth,Casey,,391-201-6400,Sammamish,United States,78719,Georgia,1321 Lori,1992-12-10,2322
crmid:2242164854,vilification1982@gmail.com,Darcel,Lancaster,female,812-708-0560,Eagan,United States,10381,Louisiana,35 Cotter,1956-02-17,2763
crmid:6155015281,depravities2023@live.com,Frank,Mcfarland,female,517-096-7892,El Dorado,United States,14648,Oklahoma,385 Littlefield,1958-03-19,1683
crmid:5842178005,bigots1914@outlook.com,Lanny,Gibbs,male,065-222-5598,Altoona,United States,93929,Arkansas,426 Bay,1932-06-11,446
crmid:8420124881,sauerbraten1801@live.com,Lester,Graham,male,433-501-5355,Beverly,United States,34043,Minnesota,1192 San Luis,1939-06-12,1259
crmid:1804800097,argument1876@yahoo.com,Sammy,Gonzales,female,556-058-9849,Conroe,United States,63325,Arkansas,61 Downey,1950-11-15,2491
crmid:3719694687,tabid1870@outlook.com,Tracy,Larsen,,941-106-3253,Lawndale,United States,54651,Maine,1002 Meade,1981-09-22,2102
crmid:9412814332,deanthropomorphism1810@yandex.com,Xenia,Nieves,female,565-986-9769,Temple Terrace,United States,16902,Louisiana,1143 Wood,1950-09-21,2353
crmid:1097780931,bandicoot1846@gmail.com,John,Glover,male,499-785-4846,Barberton,United States,30049,West Virginia,1081 Shakespeare,1936-05-11,1332
crmid:2795158373,placebos1975@gmail.com,Van,Holman,,196-120-1450,Saco,United States,41648,Illinois,534 Merchant,1981-08-06,2005
crmid:8130750553,abroad2019@outlook.com,Rima,Russo,female,706-625-3413,Collierville,United States,49538,Nevada,273 Apparel,1949-07-26,2498
crmid:5654932022,argentamin1964@yahoo.com,Larry,Meyers,male,345-628-7509,Burton,United States,32383,New Hampshire,1125 Dr Tom Waddell,1943-06-20,1502
crmid:3157083671,bottlefeed1968@outlook.com,Normand,Wyatt,,117-468-2515,Miami Lakes,United States,22973,Michigan,936 El Polin,1990-04-11,803
crmid:1635700719,unpostulated2030@yahoo.com,Earnest,Malone,,469-043-3198,Honolulu,United States,26818,Ohio,172 Rotteck,1973-04-24,1459
crmid:3709246182,charmian1861@gmail.com,Rene,Mueller,,606-565-9398,Galt,United States,33671,Connecticut,1334 Brazil,1965-06-07,2771
crmid:4590365498,corporates1898@live.com,Jaye,Price,female,154-606-7817,Owensboro,United States,91797,Wisconsin,1101 Commonwealth,1951-04-24,2930
crmid:6644261243,amuck1837@gmail.com,Daniele,Hurley,female,769-676-1791,Sachse,United States,11807,New York,1096 Cascade,1950-02-15,2938
crmid:5239527148,decimolar1901@live.com,Yong,Reed,,769-646-3963,Wilmington,United States,95318,West Virginia,406 Pioche,1971-05-04,2286
crmid:6029266086,stizolobium1996@gmail.com,Ryan,Gilmore,,987-917-7846,Royal Oak,United States,30651,Missouri,1219 Nordhoff,1976-07-04,2373
crmid:9615615609,improbable1818@yahoo.com,Kip,Horn,,024-560-0223,Taylorsville,United States,65474,West Virginia,923 Lake,1971-10-14,1951
crmid:2175046705,delaminate1847@yahoo.com,Darius,Black,,503-616-3113,Mason,United States,42905,Colorado,1043 Miraloma,1987-07-24,1842
crmid:7108876968,consciences1909@yahoo.com,Antione,Buckner,male,541-709-4600,Rexburg,United States,80179,Indiana,938 Chicago,1931-01-04,1212
crmid:4986263514,camused2061@gmail.com,Bernard,Santiago,,740-317-4781,Pickerington,United States,97279,Virginia,100 Inca,1976-11-08,1510
crmid:1085984870,basnet1999@outlook.com,Russ,Cooley,,577-778-0528,Friendswood,United States,37453,Rhode Island,492 Sydney,1964-06-14,699
crmid:4716157014,tarsier2016@outlook.com,Walker,Rivas,male,189-914-5913,Peoria,United States,07015,Hawaii,464 Laurel,1937-10-25,2861
crmid:2798362573,banaba2016@yandex.com,Exie,Gilmore,female,579-578-2441,Dickinson,United States,83400,Vermont,1048 Woodside,1955-03-11,2046
crmid:1957320822,treacly1958@gmail.com,Douglas,Gregory,,451-596-2370,Opelika,United States,58610,Hawaii,114 Moneta,1972-11-07,1441
crmid:5892977709,benni2064@yandex.com,Julius,Wells,,300-457-5571,Hazleton,United States,68983,Georgia,15 Tioga,1970-11-24,2900
crmid:4549794595,completer1808@yahoo.com,Johnny,Douglas,male,463-342-8144,Bellaire,United States,33679,Idaho,697 Music Concourse Access,1937-05-08,818
crmid:3833651963,gaspy1954@yahoo.com,Tanner,Anthony,male,259-413-3436,Turlock,United States,07079,Maryland,1018 Letterman Hospital Access,1937-12-18,2396
crmid:4044495275,daube1826@live.com,Ernest,Hanson,,011-182-5427,Kingsville,United States,53038,Kansas,1208 Blairwood,1978-09-21,836
crmid:3755360827,baggy1819@live.com,Lowell,Kaufman,male,720-449-2855,Avon Lake,United States,74205,Rhode Island,1011 Garfield,1935-12-12,2676
crmid:7454104408,bulldog2029@yandex.com,Parker,David,,376-885-1574,Moore,United States,29214,Missouri,1281 Stillman,1992-04-08,582
crmid:5427183198,animated1841@yahoo.com,Spencer,Mccormick,,642-084-5422,Tigard,United States,43385,Utah,166 Josepha,1981-07-20,1659
crmid:3927483407,visionariness1852@outlook.com,Dominque,Contreras,female,317-646-3833,Easton,United States,61848,Wyoming,846 Montgomery,1957-10-05,1898
crmid:2590876598,algicides2001@yandex.com,Tasia,Cunningham,female,276-181-5618,Elizabethtown,United States,92281,Oregon,1038 Edna,1959-08-07,2405
crmid:4174710025,sawer1801@live.com,Emery,Black,,554-499-8248,Racine,United States,96708,California,1230 Sal,1964-12-28,1299
crmid:6362716316,theologer2037@yahoo.com,Gary,Emerson,,416-763-7842,Pleasant Prairie,United States,37322,Maine,951 Carl,1977-09-26,747
crmid:9792560057,arghan1846@gmail.com,Nakita,Reynolds,female,398-077-6577,San Clemente,United States,81704,Alabama,1072 Lunado,1948-07-24,1891
crmid:2840448892,parorchis1885@yahoo.com,Lester,Espinoza,male,382-631-8973,Aventura,United States,33981,Maryland,494 Estero,1935-06-09,951
crmid:9646721800,antivenom1846@gmail.com,Diego,Solomon,male,243-201-5328,Van Buren,United States,18086,Colorado,601 Danvers,1945-03-27,1879
crmid:3919438964,analytic1998@outlook.com,Major,Kane,,153-285-2946,Hilliard,United States,89289,Missouri,1132 Severn,1972-04-08,2125
crmid:1149983128,asmear1977@yandex.com,Sung,Finch,,369-693-4281,San Clemente,United States,31252,South Carolina,518 Midway,1979-09-05,688
crmid:5080512891,charlene1904@yandex.com,Gary,Bush,male,352-195-3599,Atlanta,United States,26123,Maryland,448 Richard Henry Dana,1934-04-04,1134
crmid:8606082969,cathedrals2017@yandex.com,Vernon,Juarez,,398-051-7869,Garden Grove,United States,86546,New Mexico,70 Havenside,1965-12-23,658
crmid:5917942987,dives2070@gmail.com,Charise,Tran,female,487-237-3327,Crown Point,United States,78047,Wyoming,8 Upland,1952-12-03,734
crmid:3812238963,primordality1846@outlook.com,Tashia,Hood,female,993-024-8452,Fairfax,United States,94760,Nevada,348 Longview,1961-08-14,2378
crmid:9410648991,proface1804@yandex.com,Rhett,Finch,,370-405-4948,Tooele,United States,35074,Indiana,20 Magellan,1975-10-18,2744
crmid:9863980498,beatitude1946@outlook.com,Bryon,Estes,male,060-569-9326,Casselberry,United States,05962,Alaska,130 Moss,1945-02-09,1395
crmid:7242630334,fiction1919@outlook.com,Fermina,Peters,female,492-088-9554,West Fargo,United States,26758,Iowa,628 Samoset,1957-11-22,1933
crmid:1768964800,malgrado1924@yandex.com,Guadalupe,Carter,male,569-382-4938,North Ogden,United States,76212,Oregon,673 South Gate,1998-12-26,1515
crmid:2040772440,brothier1993@yandex.com,Mel,Ortega,,051-663-3849,Kissimmee,United States,40976,Arkansas,32 Northridge,1978-08-16,2058
crmid:7856800886,segment1974@outlook.com,Angel,Mathews,,589-114-8765,Highland Park,United States,72813,Alaska,1035 Wetmore,1971-10-07,1019
crmid:8991781990,craft1922@gmail.com,Pete,Mullins,,237-904-4338,Hopewell,United States,05864,Utah,22 Lendrum,1973-01-02,1842
crmid:8512629818,bosomy1928@yahoo.com,Michel,Bolton,male,594-168-4672,Banning,United States,49144,Nevada,272 Eureka,1936-07-03,809
crmid:7736208847,distressedly1874@live.com,Michal,Holmes,male,786-577-6950,Plainfield,United States,04017,Missouri,1217 Briarcliff,1942-07-14,2631
crmid:7997856139,rhamnohexite1807@outlook.com,Buford,Wilkinson,,976-552-6748,Mishawaka,United States,71305,Rhode Island,1011 Andrew,1991-12-26,1022
crmid:1455141679,tropicbird1978@yandex.com,Terica,Perkins,female,288-110-6064,Cortland,United States,95752,Hawaii,47 Twin Peaks,1951-10-17,674
crmid:1148492352,monkhood1950@yandex.com,Elvis,Hunter,male,273-685-7596,San Antonio,United States,01811,Pennsylvania,1156 Hawes,1936-03-15,656
crmid:5260789738,sarges1881@outlook.com,Kieth,Franco,,728-520-7223,Vancouver,United States,31357,Rhode Island,1081 East Beach,1973-01-05,786
crmid:8049651329,drakes2018@gmail.com,Jean,Hatfield,,293-642-8024,Littleton,United States,06720,Nevada,473 Nancy Pelosi,1983-01-05,1360
crmid:8343389488,congruism1956@live.com,Keneth,Guerrero,,312-025-5738,Fountain,United States,07634,Maryland,647 Rossmoor,1963-01-17,1860
crmid:1449220729,tonic2007@yahoo.com,Paulene,Downs,female,594-089-8657,Niagara Falls,United States,68714,Mississippi,1325 Peralta,1997-11-26,798
