crmid,email,first_name,last_name,gender,mobile telephone,city,country,zip,state,street address,birthday
crmid:7307130568,misreckoned1821@live.com,Akilah,Bryan,female,964-224-9600,Wheaton,United States,88118,Hawaii,638 Bayside,1994-03-01
crmid:7267925741,parlay1870@yandex.com,Shirley,Cross,,005-574-4923,Petaluma,United States,29262,Delaware,128 Day,1968-01-27
crmid:6931819499,wallet2019@live.com,Tyrell,Lane,male,926-733-7158,Victoria,United States,05914,Maine,1266 Jessie East,1935-09-17
crmid:9624565269,piperazine2035@outlook.com,Breana,Harding,female,865-947-5086,Claremont,United States,99577,Arkansas,1335 Juniper,1947-01-13
crmid:7122816110,bocoy2043@yahoo.com,Deangelo,Ford,male,454-041-3362,Avon,United States,13855,Arkansas,492 Romolo,1935-03-10
crmid:9475026120,inspector1881@gmail.com,Tonisha,Beck,female,459-081-3016,White Plains,United States,51570,Hawaii,873 Oscar,1951-11-17
crmid:8679450089,borneo1983@outlook.com,Randa,Hurley,female,460-531-8937,Dayton,United States,45394,Vermont,126 Berry,1953-07-15
crmid:5846987781,tortulaceous1913@yahoo.com,Monroe,Hodge,,457-365-3446,Garland,United States,88584,West Virginia,609 Homewood,1965-01-27
crmid:9026857741,estheticism1990@outlook.com,Prince,Guerrero,,374-213-8525,Troy,United States,47047,Kansas,1336 Newman,1984-06-25
crmid:1944210610,seaward1922@yahoo.com,Laurence,Dale,,955-960-4508,Pearl,United States,69571,Maryland,437 Metson,1972-11-18
crmid:1459227201,trillibub1905@live.com,Cleo,Richards,,431-424-4847,Terre Haute,United States,26157,Illinois,738 Gateview 3,1963-11-12
crmid:8349592973,tylostylar2030@yahoo.com,Dirk,Parker,,464-674-7053,Wadsworth,United States,72276,Maryland,924 Rossi,1964-11-08
crmid:8975850709,orchichorea2003@yandex.com,Franklyn,Barnes,male,731-128-0069,Anaheim,United States,21323,Alabama,699 Coldspring,1932-04-02
crmid:9666783668,calculous1991@yandex.com,Porter,Murray,,228-249-3178,Kingsville,United States,69194,Illinois,767 Roemer,1978-11-27
crmid:2703769536,longsomely2048@yandex.com,Titus,Franks,,435-075-1582,Hinesville,United States,28827,Maryland,468 Havens,1972-05-23
crmid:8946833571,veligers1927@yandex.com,Dillon,Rodriguez,,718-986-7129,La Quinta,United States,18775,Ohio,761 Hollis,1979-03-10
crmid:6913174343,syzygetic1866@outlook.com,Brendon,Alford,male,712-601-9891,North Olmsted,United States,90560,Illinois,512 Transverse,1999-01-03
crmid:6553418892,bloodsports1942@yahoo.com,Bart,Weaver,,049-532-9518,Lemoore,United States,03922,Arkansas,877 Seminole,1982-01-17
crmid:5980665272,ethenyl1960@gmail.com,Monserrate,Flores,female,250-323-1824,Del City,United States,37093,Indiana,1209 Hidalgo,1954-07-10
crmid:4651521235,caplin2021@live.com,Micah,Rasmussen,,273-198-1474,Holly Springs,United States,95448,Arizona,1367 Restani,1972-02-17
crmid:6945818790,renascible1843@yahoo.com,Faviola,Stanley,female,337-262-4164,Naperville,United States,51203,Massachusetts,514 Thornburg,1995-09-05
crmid:5968438777,investible1938@yahoo.com,Fidel,Johns,male,733-128-7387,Baltimore,United States,23225,Massachusetts,181 Macarthur,1935-04-15
crmid:2990302494,comically1909@yandex.com,Doug,Burt,,098-286-8613,Joliet,United States,41913,Maine,1192 Carmel,1976-08-02
crmid:2511438670,maidenhead1978@yandex.com,Mitch,Erickson,male,844-801-4054,Mundelein,United States,04618,Illinois,864 Minnesota,1994-02-21
crmid:3498428780,magirologist2066@live.com,Cecil,Guerrero,,669-723-5472,Monroeville,United States,68663,Rhode Island,739 Carmelita,1992-12-27
crmid:8096178554,havocs2062@gmail.com,Kortney,Russo,female,264-884-8629,Cleveland Heights,United States,28031,New Mexico,511 Potomac,1948-05-26
crmid:3074665758,brachiopode2020@yandex.com,Melvin,Colon,male,332-928-3125,West Linn,United States,11283,Michigan,1262 Latona,1945-07-06
crmid:4496232326,bison2009@yandex.com,Adriene,Compton,female,837-668-6314,Corpus Christi,United States,70148,Mississippi,1353 Illinois,1951-01-07
crmid:2903178363,biddings1892@live.com,Elliott,Mendoza,,825-455-4747,New Lenox,United States,83269,Nevada,819 Fair Oaks,1996-07-10
crmid:4420603619,rhamnohexite1911@outlook.com,Emory,Garza,,826-290-4510,Morristown,United States,97263,New Mexico,381 Gold Mine,1993-11-25
crmid:3794900652,polybrid2012@yahoo.com,Cecil,Farmer,,507-494-2913,Petersburg,United States,39803,Nebraska,1172 Everson,1972-06-18
crmid:5750698941,heteroclinous1827@yandex.com,Huey,Barber,,335-618-9836,Gadsden,United States,94218,Wyoming,136 Bigler,1964-04-14
crmid:9054316245,jostler1824@gmail.com,Darryl,Hester,male,792-841-9173,Boulder,United States,94004,Tennessee,1021 Italy,1940-03-14
crmid:3280012406,chelidonic2006@live.com,Fredrick,Ortega,,985-058-0309,Millville,United States,41634,South Dakota,816 Utah,1991-08-14
crmid:1483862171,araneid1811@yandex.com,Guadalupe,Mcgowan,,417-224-3705,New Rochelle,United States,89515,Pennsylvania,1369 El Camino Del Mar,1996-09-19
crmid:6520353375,acidic1829@yandex.com,Jamal,Thompson,male,662-920-3374,Syracuse,United States,62285,South Carolina,426 Bancroft,1930-05-29
crmid:2706298638,prune1884@yandex.com,Chance,Sanford,,010-426-9823,Mountain View,United States,57017,Florida,340 Lyon,1994-09-16
crmid:5709280933,humiliation2046@yahoo.com,Roni,Santiago,female,461-590-7052,Detroit,United States,97998,Washington,380 Shrader,1954-07-26
crmid:3239172459,opossum1977@yandex.com,Bertram,Weber,male,842-619-1664,Burnsville,United States,79247,Ohio,1390 Kirkwood,1943-12-02
crmid:5514545896,planarian2015@outlook.com,Allan,Wood,,388-055-4432,Hopkinsville,United States,01795,Nebraska,671 Teddy,1973-01-27
crmid:3089052940,graybeard1915@yahoo.com,Kellye,Glover,female,486-743-2000,Ontario,United States,13996,Iowa,913 Troy,1947-05-11
crmid:7388654733,solarise1826@gmail.com,Korey,Barnett,,913-230-5519,South Plainfield,United States,53975,Tennessee,80 Mccormick,1994-09-13
crmid:5478245810,fiddlestick1999@live.com,Ha,Franco,female,586-801-0417,Washington,United States,71286,Texas,49 Osage,1952-04-10
crmid:9539367286,vault1851@live.com,Quincy,Farrell,,958-560-7871,Rochester,United States,62872,New Jersey,841 Christmas Tree Point,1974-04-01
crmid:7854073497,alumnal2032@live.com,Hilton,Buckner,male,689-807-5676,Arlington,United States,28204,Washington,892 Antonio,1933-05-04
crmid:7848882118,ecospecific1863@outlook.com,Jackie,Maynard,,841-155-6704,Lacey,United States,08561,North Dakota,325 Point Lobos,1979-01-02
crmid:8817954143,potsie2058@yahoo.com,Chau,Stephenson,female,565-798-3352,St. Marys,United States,76035,Ohio,1092 Owens,1961-02-28
crmid:5823404849,acid1822@live.com,Anisha,Crawford,female,804-614-3379,Durango,United States,04989,Kansas,891 Aloha,1956-01-07
crmid:6845537425,dower2061@yandex.com,Lonnie,Finley,,734-540-1236,Ormond Beach,United States,32231,Ohio,675 Temple,1981-05-25
crmid:3064118686,markhor1888@outlook.com,Felicidad,Roy,female,164-497-2678,Pompano Beach,United States,17673,Oklahoma,1386 Fernandez,1955-03-26
crmid:2686271967,eyeball1913@live.com,Emerson,Horne,,090-774-2589,Richmond,United States,53414,Iowa,1231 Acacia,1972-08-14
crmid:1528943043,magpie1833@live.com,Berry,Livingston,male,162-257-8124,Alvin,United States,07601,Tennessee,450 Lancaster,1932-01-17
crmid:7106169470,doree1963@yandex.com,Gary,Hart,male,159-256-8561,Carrollton,United States,21819,Wisconsin,1161 Guerrero,1944-04-13
crmid:6883352556,cephalotripsy1848@yandex.com,Delpha,Church,female,727-827-0826,Prairie Village,United States,92175,Connecticut,434 Taylor,1959-11-04
crmid:7255531087,passionometer1914@outlook.com,Chas,Summers,male,724-975-3792,Asheboro,United States,66828,West Virginia,607 Cargo,1934-11-28
crmid:7496656508,immun1846@gmail.com,Ela,Patel,female,050-203-0415,Clarksburg,United States,10760,Kentucky,542 Bay,1948-03-23
crmid:8804267495,exertion2052@gmail.com,Johnathon,Rich,,164-138-5895,Ferguson,United States,53063,South Dakota,1398 Burke,1962-09-29
crmid:1783279314,prodissolution1873@outlook.com,Leland,Hobbs,male,650-426-8867,Ponca City,United States,93650,Ohio,803 Brosnan,1933-06-14
crmid:4565305264,didine1998@yandex.com,Santina,Phillips,female,297-019-8684,Pompano Beach,United States,17599,Maine,1309 Norton,1949-08-23
crmid:9785473431,wabby2008@outlook.com,Margurite,Wells,female,180-406-0536,Cuyahoga Falls,United States,59924,Georgia,84 Potomac,1952-10-23
crmid:5092582934,larcenies1953@yahoo.com,Edgardo,Weaver,,911-762-5104,Oxnard,United States,69249,South Dakota,521 Emerald,1966-08-13
crmid:6840632559,wrecker1929@yandex.com,Clemente,Chan,,763-251-2460,Hayward,United States,97221,Hawaii,291 Hugo,1970-04-02
crmid:8207199108,bakers1899@yandex.com,Roy,Duffy,,925-969-5322,Snellville,United States,41411,Illinois,1115 J,1982-06-07
crmid:8390867729,synascidian2048@outlook.com,Donnell,Malone,,168-635-4185,Medford,United States,12585,New York,61 Flora,1988-04-13
crmid:1721452163,microphytology1850@live.com,Adam,Wiggins,,503-178-1951,Flint,United States,60030,North Dakota,31 Madison,1962-11-10
crmid:2249367875,serines1971@gmail.com,Jacques,Tyler,,285-625-1323,Oak Harbor,United States,31708,Minnesota,695 Mauldin,1976-11-06
crmid:7002685632,ringingly1830@yahoo.com,Scot,Sheppard,male,388-657-6777,Brea,United States,58227,Missouri,1306 Icehouse,1941-09-27
crmid:1621898140,inkmaking1881@live.com,Pat,Glover,,261-409-5287,National City,United States,99755,Missouri,170 Kirkwood,1995-10-30
crmid:9319454555,undermined1962@live.com,Robby,Abbott,,828-840-9722,West Haven,United States,74297,Alabama,182 Royal,1983-02-07
crmid:2517894255,lambs1926@yandex.com,Harvey,Santiago,male,282-461-2623,Wayne,United States,89769,New Mexico,954 Funston,1932-04-26
crmid:5762742663,caulicles1991@live.com,Travis,Jordan,,418-745-8347,Logansport,United States,83547,Mississippi,867 Colonial,1983-07-11
crmid:6652685975,carpocarpal1929@outlook.com,Mose,Curtis,,370-667-0733,Sanford,United States,74361,Wisconsin,435 Pond,1984-06-21
crmid:4225980507,aurite1848@live.com,Blaine,Robles,male,433-498-6518,Bartlett,United States,04043,Missouri,1348 Sibley,1936-01-25
crmid:2837824404,sucks2067@yahoo.com,Richard,Byers,,543-051-9753,White Plains,United States,25098,Delaware,1143 Moffitt,1963-12-17
crmid:4687218515,cobble2066@yandex.com,Wonda,Young,female,742-412-0736,Cortland,United States,95275,Wyoming,1210 Petrarch,1951-09-07
crmid:2576497031,aware1828@gmail.com,Shawn,Stein,,525-704-0749,Hialeah Gardens,United States,90650,Texas,837 Bishop,1971-02-01
crmid:5239166228,pentachenium1874@live.com,Elvin,Burks,,044-929-1990,Hillsboro,United States,88319,New Hampshire,298 Rosemont,1972-02-27
crmid:7288683799,ambrette1832@gmail.com,Dwayne,Logan,,949-845-6106,Lebanon,United States,83910,Oregon,841 Breen,1981-04-12
crmid:6746832985,scrag1994@gmail.com,Hilton,Maynard,,436-620-1564,Sheridan,United States,62102,Arkansas,780 Dunsmuir,1962-09-05
crmid:9599006068,merycism1964@gmail.com,Keith,Sparks,,892-503-9590,Marlborough,United States,31873,Colorado,701 Malden,1987-06-26
crmid:3126565664,burial2070@gmail.com,Carl,Russo,,217-275-6510,Imperial Beach,United States,47208,Massachusetts,312 Upton,1974-08-24
crmid:2183934119,rille2020@yandex.com,Felton,O'neill,,374-681-7723,Sycamore,United States,47786,Indiana,750 Red Leaf,1984-11-24
crmid:1304158044,eeeeee1998@gmail.com,Carlena,Johns,female,435-060-0005,Decatur,United States,09970,Missouri,961 Bemis,1953-02-15
crmid:8562774432,dishrag1946@yandex.com,Mahalia,Vargas,female,307-490-3653,Ennis,United States,38793,Arkansas,569 Pena,1960-06-29
crmid:5486445361,boother1863@outlook.com,Lakenya,O'neal,female,348-927-1066,Council Bluffs,United States,28618,Vermont,515 Hugo,1951-05-22
crmid:9762382335,bat2041@live.com,Tomas,Boyer,,881-769-1171,Hazleton,United States,34549,New Mexico,440 Cosgrove,1970-06-28
crmid:2348649075,wivern1822@gmail.com,Eddie,Booth,,636-395-9123,Shoreline,United States,92779,Hawaii,344 Fairbanks,1988-05-31
crmid:8766633376,contineu1878@live.com,Jordon,Snow,,035-858-4095,Linden,United States,85334,Georgia,104 Barnard,1983-10-09
crmid:5382920394,datos2067@gmail.com,Toby,Dillon,male,292-683-9840,Bixby,United States,50510,Kansas,705 Wedemeyer,1939-09-08
crmid:9772714823,enormously2003@outlook.com,Robert,Hamilton,male,551-930-8257,Murfreesboro,United States,88393,North Dakota,285 Tevis,1994-01-27
crmid:4635453793,delphinite1911@yahoo.com,Noella,Frye,female,397-394-7102,Oswego,United States,13323,Vermont,770 Vista View,1948-07-10
crmid:4128593659,biabo1840@outlook.com,Myrl,Mckenzie,female,806-251-9374,Palmdale,United States,62358,Utah,473 Cambridge,1956-07-19
crmid:4813733627,micronuclear1807@live.com,Felton,Sherman,,549-769-3312,Maple Grove,United States,83689,New Hampshire,1061 Anglo,1986-02-12
crmid:1843388986,centered1908@gmail.com,Bo,Adams,,397-017-2293,Pittsburg,United States,36210,Vermont,861 Battery Wagner,1979-11-24
crmid:3031745470,cozen1911@outlook.com,Sammie,Tillman,,788-005-9250,Mauldin,United States,19825,Oklahoma,1095 Anzavista,1988-03-26
crmid:9311000431,anent2054@yahoo.com,Sanda,Acevedo,female,948-374-3739,Perrysburg,United States,74367,New York,1021 Tonquin,1949-08-01
crmid:8511073348,cottonmouth1882@live.com,Vanetta,Castro,female,476-824-4503,Chapel Hill,United States,91616,Pennsylvania,1314 Turner,1946-09-05
crmid:9796980360,quott2015@gmail.com,Melvin,Harper,male,072-881-5340,Plattsburgh,United States,03056,Delaware,43 Gillette,1941-07-13
crmid:3004159069,abiding2036@yandex.com,Edwardo,Kinney,,696-730-1020,Mayfield Heights,United States,58512,South Carolina,1279 San Luis,1988-09-22
crmid:4494713086,megalomaniac2017@yandex.com,Eneida,Ellison,female,056-189-3105,Chino Hills,United States,62790,Louisiana,1281 Whitney Young,1947-10-05
crmid:1447929798,durmast2028@yandex.com,Walton,Brown,,618-976-3559,Howard,United States,24103,Florida,410 Augusta,1973-05-11
crmid:5296986355,aichmophobia2040@yandex.com,Ellis,Forbes,,795-233-8366,Twentynine Palms,United States,36892,New Mexico,1106 Schofield,1969-10-20
crmid:5475824440,couchy1842@yahoo.com,Kym,Nixon,female,860-715-5410,Dothan,United States,58772,Maine,53 Card,1955-10-20
crmid:4329612787,cyanizing1871@gmail.com,Robby,Gates,male,434-147-5044,Bartlesville,United States,73051,Nevada,703 Greenview,1936-08-11
crmid:7563361292,decil1846@yandex.com,Lincoln,Caldwell,,602-215-3101,Scottsdale,United States,69336,Mississippi,461 Crystal,1998-09-11
crmid:8186642849,duck1881@gmail.com,Milton,Lester,male,040-742-0232,Owatonna,United States,71597,Hawaii,100 Cherry,1942-07-17
crmid:8042674775,adventurer2030@yahoo.com,Rickie,Pacheco,,479-420-5948,McKinney,United States,53294,Minnesota,923 Bannan,1988-09-24
crmid:7777278629,dawne1917@outlook.com,Bud,Ferguson,,805-069-6574,Morgan Hill,United States,63308,New York,147 Hangah,1993-11-12
crmid:4964423586,adown1884@yandex.com,Kenton,Pickett,,364-136-5771,Taunton,United States,58129,Washington,346 Marvel,1998-09-28
crmid:9797815496,exophoria1993@gmail.com,Curtis,Taylor,,352-305-1226,Rahway,United States,78526,Delaware,1158 Carmelita,1967-10-19
crmid:7223099442,tipping2011@outlook.com,Exie,Velez,female,440-311-5506,Coral Springs,United States,89564,Michigan,1022 Pollock,1950-03-29
crmid:5427318605,amaranthine1938@yahoo.com,Jack,Strickland,female,288-117-1925,Oklahoma City,United States,62322,Indiana,329 Dorchester,1952-04-28
crmid:9371860425,flycatcher1997@outlook.com,Earnest,Gamble,,507-784-1141,Gloucester,United States,49838,Virginia,791 Varney,1966-07-02
crmid:5801191774,protragedy1963@gmail.com,Seth,Craft,male,111-842-5060,Asheboro,United States,68720,West Virginia,734 Macalla,1934-11-21
crmid:9854751688,navite1838@live.com,Ricky,Finley,,784-108-9579,Glen Cove,United States,86342,Connecticut,156 Yerba Buena,1966-12-20
crmid:1816999717,jinkle1849@outlook.com,Jerrold,Walls,male,453-357-4927,Attleboro,United States,29504,Ohio,804 Montague,1934-05-30
crmid:3618350665,ashlar1927@outlook.com,Raymonde,Good,female,496-772-4413,West Jordan,United States,79380,Kansas,998 Danton,1956-07-11
crmid:8452272500,proseman1951@gmail.com,Blake,Gentry,,127-885-3755,Laramie,United States,80739,North Carolina,312 Lathrop,1980-01-08
crmid:3060898646,adjoining1960@yandex.com,Raymon,Moody,,834-021-4112,Greenwood,United States,58347,Oregon,643 Whiting,1968-09-20
crmid:2102504416,cornual2057@yahoo.com,Reynalda,Vargas,female,232-848-8982,Faribault,United States,48782,Minnesota,608 Wayne,1961-07-29
crmid:4951520394,scurry2050@yahoo.com,Nathaniel,Ayers,,926-514-2307,Lakeville,United States,26468,New York,465 Beckett,1980-05-14
crmid:8921928568,impertinentness1810@yandex.com,Truman,Maldonado,,410-023-3266,Mission Viejo,United States,49510,New Hampshire,361 Turk,1991-08-13
crmid:9724218691,longa1913@gmail.com,Royce,Barry,male,678-666-3328,Brentwood,United States,74057,Iowa,1242 Esquina,1941-08-02
crmid:9184926891,despoiler1845@yahoo.com,Leandro,Lancaster,,738-141-6566,Oak Forest,United States,76939,North Carolina,183 Hugo,1975-10-11
crmid:8268950762,amaryllis1894@gmail.com,German,Gardner,male,483-378-8908,Roswell,United States,03161,New York,704 Sea View,1941-04-11
crmid:6668003423,etheline1984@live.com,Sherlene,Jacobs,female,982-530-9418,Delray Beach,United States,44399,Iowa,832 Verdi,1954-08-15
crmid:9900253820,ambarella1898@outlook.com,Maris,Massey,female,845-980-2362,Trussville,United States,13707,Nebraska,996 Toyon,1951-12-12
crmid:6196254601,forgeability1843@yandex.com,Guy,Gordon,male,649-368-7547,Scarsdale,United States,80342,New Mexico,701 Spears,1935-04-12
crmid:5033070295,astor1951@outlook.com,Beverlee,Gordon,female,194-494-6184,Deer Park,United States,83593,Wisconsin,602 Shannon,1953-01-12
crmid:1843031557,cutline1852@outlook.com,Darrick,Meyers,male,930-218-9017,Sacramento,United States,06119,Minnesota,860 Central Magazine,1940-03-20
crmid:3767936688,bombsight2070@yahoo.com,Phillip,Hewitt,,630-898-4872,La Mesa,United States,42428,Rhode Island,608 Los Palmos,1978-08-02
crmid:9057096805,sissoo1994@gmail.com,William,Daugherty,,292-537-4005,Herndon,United States,81950,Missouri,509 Jerome,1971-12-06
crmid:6740361569,whitherso2008@outlook.com,Elwood,Weaver,,153-814-1224,Redlands,United States,71961,Rhode Island,836 Ames,1993-02-23
crmid:2560377684,binturong1846@yandex.com,Titus,Rush,,370-627-3125,Fort Lee,United States,29851,Utah,186 Vista View,1963-05-01
crmid:4600923846,exhaustedness1973@gmail.com,Lelah,Hancock,female,874-605-4802,Edmonds,United States,63179,Michigan,344 Rolph,1958-11-25
crmid:1280222557,exertion2063@yahoo.com,Jeffry,Santos,male,417-856-7798,Battle Creek,United States,97266,North Carolina,860 Rickard,1936-10-24
crmid:4670274540,chameleon1856@yahoo.com,Weldon,Roth,,775-902-2334,San Mateo,United States,40167,Oregon,90 Colin P Kelly Jr,1990-12-02
crmid:2176119684,bear1990@outlook.com,Randal,Stevenson,male,429-308-8932,Brentwood,United States,68978,West Virginia,885 Rhine,1941-11-15
crmid:3163361056,gaspy2015@yahoo.com,Emmaline,Waller,female,270-141-4682,Rockledge,United States,19642,Washington,29 San Jose,1951-03-30
crmid:8531222349,beshear1986@yandex.com,Ngoc,Nixon,female,609-398-3504,Collinsville,United States,38236,Arizona,791 Helen,1949-07-21
crmid:1295864604,shark2055@yandex.com,Davis,Mcdonald,,577-353-4640,Lakewood,United States,76610,Florida,338 English,1980-12-28
crmid:2534645151,costumey2021@gmail.com,Deon,Pugh,male,778-926-6394,Watsonville,United States,07190,Wisconsin,1193 Grafton,1936-03-24
crmid:1816833115,dogtag1821@yahoo.com,Harvey,Mack,,773-673-0356,Florence,United States,66981,Kansas,641 Visitacion,1962-11-25
crmid:3229255321,cites2012@yahoo.com,Jayson,Weaver,male,711-529-1569,South Salt Lake,United States,67772,Massachusetts,187 Pollard,1997-12-25
crmid:7667556301,cheetham1919@yahoo.com,Wilfred,Orr,,232-711-9975,Melrose Park,United States,18852,Iowa,490 Canyon,1989-04-25
crmid:5915676459,ramentiferous2025@gmail.com,Clifford,Vazquez,male,207-145-0086,Burbank,United States,10420,Virginia,236 Varela,1942-02-02
crmid:6847145682,torot1844@outlook.com,Tracey,Collier,,916-487-4897,Wayne,United States,91058,Rhode Island,178 Friendship,1988-03-23
crmid:9081835948,demised1911@yahoo.com,Marguerita,Riggs,female,897-414-1725,Danbury,United States,87160,Alabama,1248 Second,1952-06-25
crmid:5808161020,electrodes1843@live.com,Robby,Ingram,male,798-878-6120,Rocklin,United States,18847,Utah,192 Carpenter,1942-11-28
crmid:2287011366,blueberries1816@yahoo.com,Noma,Gross,female,222-711-6109,Eden Prairie,United States,38128,New Mexico,101 Hamerton,1957-07-12
crmid:1328880540,body1997@yahoo.com,Rickie,Osborn,male,237-973-2592,Bonney Lake,United States,43532,Montana,1174 Marcy,1940-08-22
crmid:1861574422,bride1815@live.com,Adolfo,Love,,539-657-1756,Greensboro,United States,50659,Alaska,1151 Leese,1968-09-03
crmid:5954665028,iguana1804@outlook.com,Richie,Mann,,157-270-4833,Urbana,United States,90056,Oklahoma,1135 Alpine,1967-02-18
crmid:8088636317,hiding1856@yahoo.com,Delorse,Fry,female,435-963-5447,Coppell,United States,61205,South Carolina,586 Napier,1950-11-20
crmid:1266756735,nordenfelt1904@yahoo.com,Dorian,Henry,,817-333-4186,Stamford,United States,82733,Indiana,262 Racine,1976-05-11
crmid:5543973244,contribution1889@outlook.com,Lorean,Kemp,female,352-106-7853,Cornelius,United States,35135,Kansas,48 Elwood,1950-06-16
crmid:7039653568,speisscobalt1809@live.com,Pok,Barker,female,733-425-8553,Enid,United States,60407,Montana,791 Keystone,1959-10-14
crmid:5604870302,giddier1857@gmail.com,Asa,Roy,male,904-674-3387,Waterbury,United States,77507,Wisconsin,264 Colon,1996-02-02
crmid:9338417618,wastiest1982@live.com,Meri,Kent,female,447-520-8920,Del City,United States,34641,Pennsylvania,1393 Swiss,1954-06-16
crmid:1730633671,gwerziou1967@yahoo.com,Clint,Foreman,male,511-232-8319,White Bear Lake,United States,91335,Connecticut,797 El Polin,1940-02-10
crmid:5921030877,ethelyn1914@live.com,Soraya,Bridges,female,199-061-7986,Vestavia Hills,United States,97996,Iowa,216 Graymalkin,1950-08-04
crmid:5134254704,scorpion1805@gmail.com,Derick,Gilliam,,120-018-9150,Hialeah,United States,62189,Vermont,723 Alta Vista,1971-10-10
crmid:4553461908,birken1942@outlook.com,Dallas,Alvarez,,792-771-9157,Gadsden,United States,35780,Oklahoma,144 Kelloch,1964-06-24
crmid:8953541625,namelessly2018@yahoo.com,Doug,Foreman,,211-997-6526,Joplin,United States,68026,Maine,875 Schwerin,1976-11-08
crmid:3918109307,dryopians2004@yandex.com,Ta,Klein,female,611-888-2134,Sandy,United States,84146,Georgia,409 Chancery,1956-08-16
crmid:9826361557,amit1857@live.com,Harvey,Riddle,male,516-900-4006,Searcy,United States,07488,Delaware,1055 Fifth,1931-04-25
crmid:4857891596,hachment1820@outlook.com,Lucius,Mooney,,431-160-0988,Lacey,United States,45355,Nebraska,326 Sandpiper Cove,1979-07-10
crmid:7828383365,isobutylene2031@gmail.com,Rex,Gray,male,786-718-8557,Apache Junction,United States,47988,Wyoming,229 Croaker,1933-08-12
crmid:2347062120,redias1990@live.com,Clay,Frederick,male,784-924-0924,Owensboro,United States,77183,Tennessee,501 Paulding,1995-02-23
crmid:4895369448,eyeshot1969@yandex.com,Jenette,Olson,female,361-065-8247,Culver City,United States,96863,Oklahoma,376 Saratoga,1952-04-22
crmid:5678763888,basco1927@live.com,Loren,Johns,male,471-162-0593,Tuscaloosa,United States,14884,West Virginia,232 Kempton,1943-06-15
crmid:6146897028,decumani1871@yahoo.com,Weldon,Ortiz,male,244-852-7469,Riverside,United States,06812,South Dakota,10 Pratt,1932-10-22
crmid:2741838619,disembroilment1836@yandex.com,Benny,Boone,,058-073-3464,Stow,United States,36607,Illinois,785 Bucareli,1975-08-22
crmid:4596041428,centrefolds1981@gmail.com,Waltraud,Brown,female,209-466-6411,Erlanger,United States,61361,Wisconsin,870 Stonecrest,1960-12-18
crmid:5233896989,bovid2021@yahoo.com,Josue,Fischer,male,161-778-2577,Aberdeen,United States,33416,Georgia,521 Emerald,1930-06-10
crmid:4477733247,hyracina1819@live.com,Lonny,Howe,,489-218-7845,Winter Springs,United States,87713,New York,77 Bemis,1974-12-19
crmid:2606538881,cassondra1851@gmail.com,Valentine,Hicks,female,040-885-2228,DeSoto,United States,50710,Nevada,1241 Avenue N,1953-09-14
crmid:2061722954,animated1990@gmail.com,Mauro,Klein,,547-827-0854,Goldsboro,United States,87303,Connecticut,36 Niantic,1967-09-13
crmid:9803958447,frangent1998@live.com,Dusty,Garcia,male,690-186-9942,Abilene,United States,83679,Vermont,13 Ambrose Bierce,1930-03-11
crmid:4980799314,earlier1805@outlook.com,Joslyn,Hinton,female,034-520-6714,Riverton,United States,86554,Florida,201 Alta Vista,1998-04-18
crmid:4202814486,delectated1953@yandex.com,Marvin,Ayala,male,032-714-2242,Bethlehem,United States,63230,Maryland,214 Huron,1938-11-24
crmid:7087606164,jeopardise1995@yandex.com,Merlene,Whitfield,female,911-939-9253,Elizabethtown,United States,36139,Hawaii,684 Chula,1959-06-22
crmid:4858807711,annoying1886@outlook.com,Harris,Kline,,130-339-6281,Woodburn,United States,87174,Texas,347 Via Bufano,1991-12-27
crmid:2110559030,novelette1903@yahoo.com,Simon,Cannon,,598-236-4780,Hercules,United States,91532,North Carolina,669 Incinerator,1971-06-04
crmid:7260012847,cyborgs1934@gmail.com,Humberto,Meyers,,827-517-2136,Miamisburg,United States,46926,Maryland,1144 Islais,1990-08-23
crmid:7803299381,darkness1941@yandex.com,Lavern,Walters,,229-979-4727,Myrtle Beach,United States,26237,Idaho,261 Kalmanovitz,1995-05-13
crmid:4440319406,fidejussion1905@gmail.com,Elicia,Coffey,female,234-113-1360,Colleyville,United States,11522,Minnesota,492 Pinehurst,1949-03-06
crmid:3125008195,pyoses1890@live.com,Willie,Gamble,,605-149-2815,Rolling Meadows,United States,58968,Missouri,1193 Godeus,1991-05-13
crmid:6317278817,corders1889@outlook.com,Delmer,Merrill,,403-112-7442,Libertyville,United States,72166,Idaho,921 Circular,1982-12-05
crmid:9017027295,rubeola1912@yandex.com,Myles,Browning,male,992-978-5256,Buckeye,United States,41841,New Hampshire,880 Jerome,1942-07-04
crmid:3538279993,punproof1937@gmail.com,Emmanuel,Dorsey,,397-580-5768,Huntsville,United States,56961,California,552 Spreckels Lake,1974-10-31
crmid:7057030508,failsafe1978@yahoo.com,Ezekiel,James,,098-776-4478,West Springfield,United States,65781,Pennsylvania,411 Lee,1986-09-20
crmid:1699677327,memorableness1863@gmail.com,Wilmer,Baker,,641-188-9006,Norwalk,United States,74859,Virginia,209 Brice,1999-12-20
crmid:5025776681,appetite2059@yandex.com,Arnold,Spence,,883-477-6204,Philadelphia,United States,32484,North Carolina,802 Krausgrill,1972-04-08
crmid:1457771247,bryanism1991@outlook.com,Deshawn,Valdez,,435-916-9399,Fort Lauderdale,United States,77985,Virginia,279 Kenneth Rexroth,1963-12-21
crmid:1909603952,crustacean1844@outlook.com,Loyd,Tate,,332-840-6499,Las Cruces,United States,11935,Colorado,1367 Moncada,1981-03-29
crmid:8453611681,conniption1972@yandex.com,Ronnie,Austin,,877-660-7932,Port St. Lucie,United States,72249,Mississippi,367 Mccoppin,1991-05-28
crmid:3448944251,cleancut1982@live.com,Johnnie,Holcomb,male,256-798-7676,Wheat Ridge,United States,87433,Hawaii,760 Lakeshore,1931-12-10
crmid:4525257767,portment1952@yandex.com,Raymond,Contreras,male,336-011-3795,West St. Paul,United States,01743,West Virginia,400 Beideman,1936-08-07
crmid:3965471404,trination1957@live.com,Emile,Hebert,,498-804-4074,Jacksonville Beach,United States,36731,North Dakota,901 Rico,1975-06-21
crmid:7192200702,crepeau2038@outlook.com,Cordell,Fletcher,male,641-334-7097,Brownwood,United States,92954,South Carolina,861 Darien,1942-02-10
crmid:8972671594,cephalins2056@yahoo.com,Bunny,Boyle,female,423-288-3363,Sebastian,United States,17045,Wyoming,481 Stow Lake,1953-01-03
crmid:7350762876,species1936@yandex.com,Emil,Carrillo,,432-576-5161,Hattiesburg,United States,32127,Virginia,428 Regent,1970-06-16
crmid:1003226836,undialled1962@yahoo.com,Lane,Collins,,014-767-9533,Savage,United States,41032,Massachusetts,159 Galewood,1983-02-01
crmid:7691810218,abilities2049@live.com,Shaun,Welch,,521-811-5533,Lee's Summit,United States,16944,Colorado,465 Sycamore,1982-04-07
crmid:4132358050,teemless1898@yandex.com,Fermina,Carey,female,426-716-6851,Federal Way,United States,87185,Iowa,511 Raleigh,1961-03-05
crmid:9197575457,devera1905@outlook.com,Samuel,Alston,male,136-553-9836,Ormond Beach,United States,81058,Pennsylvania,351 Cragmont,1999-02-17
crmid:2139760965,consultary1992@yahoo.com,Simon,Tucker,,301-857-0595,Kalamazoo,United States,07536,Missouri,715 Cole,1976-01-17
crmid:2653775514,deuce2045@gmail.com,Roland,Trevino,male,131-361-2243,Terre Haute,United States,08079,Montana,181 Devonshire,1934-08-29
crmid:8150586070,desmopyknosis1805@yahoo.com,Dudley,Vincent,male,235-275-1962,Annapolis,United States,71388,South Dakota,309 Alvord,1933-12-27
crmid:5377163075,burmese1985@yahoo.com,Clint,Perkins,,382-751-2409,Lemoore,United States,47377,Virginia,521 Opalo,1982-08-21
crmid:9774548679,brancher1918@outlook.com,Jacques,Buckner,,107-543-9817,Norman,United States,43616,Alaska,9 E,1998-07-28
crmid:4716418318,evoked2054@live.com,Annamae,Valencia,female,934-536-1845,Sevierville,United States,78082,New York,314 Boutwell,1949-01-29
crmid:3678702233,adiana1857@live.com,Earl,Schroeder,,350-798-6817,Germantown,United States,19219,Washington,632 Colon,1966-03-22
crmid:4691401681,adventurous1991@gmail.com,Alexander,Henderson,,876-049-9797,Granite City,United States,38397,Ohio,868 Nob Hill,1967-06-14
crmid:5707901356,unwailing2010@gmail.com,Andy,Kelly,,746-925-3291,New London,United States,36927,New Mexico,1160 Anthony,1996-06-23
crmid:2646024131,belion2054@gmail.com,Vicente,Armstrong,,572-223-1577,Kinston,United States,26007,New Jersey,495 Marietta,1978-04-05
crmid:2416174374,chunkiest1999@yandex.com,Parker,Drake,male,711-014-3794,New Albany,United States,09233,Idaho,823 Devonshire,1995-01-25
crmid:8537256999,anaconda1927@live.com,Emile,Buckner,,083-451-8265,Oakdale,United States,54860,Idaho,937 Colonial,1998-08-07
crmid:4716418318,phasianinae1854@gmail.com,Marcus,Macdonald,,293-332-4819,Terre Haute,United States,77862,Michigan,1106 Olive,1980-11-21
crmid:6001901945,cruise1841@live.com,Houston,Garza,,463-545-5978,Ontario,United States,46927,Kentucky,845 Mallorca,1983-10-21
crmid:1615417766,pheasant1851@yahoo.com,Harvey,Lee,male,532-228-3642,Tallahassee,United States,15870,Ohio,464 Orchard,1943-04-17
crmid:6309671070,antitrismus1984@outlook.com,Elwood,Nicholson,male,031-946-1993,Barberton,United States,18949,Ohio,699 Carmel,1936-03-21
crmid:4037968398,outlivers1812@live.com,Jonas,Morton,,665-769-1477,Yorba Linda,United States,83033,Wisconsin,1399 Athens,1967-07-09
crmid:3117188698,redips1974@yahoo.com,Will,Parsons,,804-377-0626,Mandan,United States,33682,South Dakota,999 Megan,1986-07-07
crmid:5954063223,belissa1827@yandex.com,Robert,Kent,,992-163-7581,Youngstown,United States,20486,Texas,1148 Bigelow,1965-03-01
crmid:9050135752,electropsychrometer1939@yandex.com,Daryl,Jackson,female,104-123-1063,Corpus Christi,United States,84016,Idaho,399 Rose,1951-02-15
crmid:9628819741,cyrenaic1878@live.com,Jack,Blake,,896-501-8134,Kalamazoo,United States,05075,Mississippi,1331 Grand View,1976-02-18
crmid:2733377062,bulanda1987@yahoo.com,Florentina,Forbes,female,046-871-2225,Yorba Linda,United States,61225,Virginia,771 Powhattan,1994-03-06
crmid:7418302556,schipperke1956@yandex.com,Todd,Horne,male,626-247-8930,Americus,United States,52889,South Carolina,581 Peninsula,1932-09-14
crmid:6563461903,lieve1938@outlook.com,Dee,Spencer,male,995-325-0579,Pampa,United States,08129,Pennsylvania,443 Martin Luther King Jr,1936-03-28
crmid:1574717067,totemists2027@outlook.com,Rusty,Villarreal,,277-195-5768,Iowa City,United States,71368,Wisconsin,890 Stow Lake,1974-12-04
crmid:2262316807,antinormal2000@yahoo.com,Wade,Estrada,male,781-807-2920,Beaumont,United States,52737,Idaho,730 Livingston,1936-10-09
crmid:6418561891,irresponsible1942@yandex.com,Kelley,Garner,male,406-202-5167,West Palm Beach,United States,06326,Michigan,698 Battery Caulfield,1933-11-22
crmid:4391768978,ternatisect1997@yandex.com,Son,Manning,,043-656-0049,Little Elm,United States,30528,Missouri,68 Bannock,1983-06-04
crmid:5175792128,section1999@outlook.com,Mel,Dawson,,424-641-0640,Salisbury,United States,65726,Iowa,17 Wagner,1993-10-19
crmid:9345863572,flits2026@yandex.com,Katherina,Bowers,female,223-963-5309,Del Rio,United States,29914,Kansas,729 John F Kennedy,1954-05-03
crmid:6390345160,euphonism2050@gmail.com,Charlie,Carson,male,298-965-8950,Rancho Santa Margarita,United States,00042,Iowa,1315 Moss,1938-02-05
crmid:8887854700,cytoblast1819@outlook.com,Lindsey,Young,,574-792-3010,Maple Valley,United States,46362,Arizona,349 Toledo,1986-08-10
crmid:1058522126,dhava2065@yandex.com,Hyman,Mcintosh,,446-960-9182,Fountain Hills,United States,77259,Montana,555 Tomaso,1963-03-26
crmid:6127957694,birdmen2006@outlook.com,Lucio,Harrison,,105-872-1972,Ferguson,United States,18431,Washington,22 Concourse,1962-03-29
crmid:1199070763,borane1858@gmail.com,Nathan,Harvey,,822-382-2512,Manhattan Beach,United States,36968,Missouri,683 Bengal,1986-06-10
crmid:8870219534,enteron1874@gmail.com,Darrin,Barry,,272-700-6186,Maryville,United States,21109,Georgia,553 Nellie,1987-04-30
crmid:9479599518,ridicule1909@gmail.com,Kip,Brennan,,682-641-3624,Parkland,United States,23317,Ohio,868 Glenhaven,1964-01-10
crmid:5817045937,amnesia1921@live.com,Pasquale,Hunter,male,945-419-8352,Carlisle,United States,64429,Nebraska,1191 Sycamore,1944-11-15
crmid:8765691072,clubbily2066@yahoo.com,Gregorio,Snow,,698-777-3829,Layton,United States,55076,Minnesota,1068 Emil,1981-09-26
crmid:5743239562,controversal1910@outlook.com,Ray,Shaw,,370-149-0743,Kernersville,United States,59086,Pennsylvania,444 Byxbee,1977-09-26
crmid:4651521235,coregonus2031@live.com,Byron,Richmond,,013-727-8032,Largo,United States,82060,Montana,925 Rome,1980-05-31
crmid:1168980323,scorer1943@yandex.com,Lino,Lowe,male,238-828-0795,Rosenberg,United States,05759,Alabama,82 Kobbe,1932-06-18
crmid:8429341426,arock1964@yahoo.com,Bobby,Delacruz,,547-462-3114,Midlothian,United States,00033,North Dakota,909 Storrie,1990-01-28
crmid:7460286208,millage1810@live.com,Sharda,Meadows,female,188-572-7853,Daly City,United States,47273,West Virginia,55 Thorp,1952-08-20
crmid:6743179300,masterly1968@live.com,August,Gallagher,,654-548-1549,Hialeah,United States,50934,Wyoming,455 Mariposa,1971-09-07
crmid:8745300637,glowfly1966@gmail.com,Babara,Hogan,female,545-849-7335,Youngstown,United States,14188,Massachusetts,1059 Pilgrim,1946-01-14
crmid:6849511926,nemichthys1916@outlook.com,Elden,Richmond,,276-181-2069,Grants Pass,United States,59828,Wisconsin,492 Stoneybrook,1967-09-27
crmid:2731023404,pondering2034@gmail.com,Henriette,Cherry,female,110-472-9379,Ventura,United States,57667,Illinois,88 Elk,1997-10-24
crmid:9088666202,chasing1814@outlook.com,Earlean,Conway,female,277-721-0521,Nixa,United States,21182,Ohio,594 Wallen,1997-04-05
crmid:3199769507,champertor1942@yahoo.com,Tanner,Levy,,615-327-9646,Mauldin,United States,54152,Pennsylvania,366 Karen,1988-09-15
crmid:5648715295,attice1931@yandex.com,Brendon,Abbott,,285-899-1601,Westerville,United States,44019,Kentucky,419 Greenwood,1990-01-16
crmid:3820025361,pyrrhic1825@yandex.com,Francis,Cobb,,499-016-6507,Lawrence,United States,12220,New Hampshire,777 Marview,1981-04-21
crmid:9496834993,poodle1968@live.com,Delmy,Floyd,female,910-442-8824,Nampa,United States,15283,Oklahoma,102 Edna,1995-03-22
crmid:2536162989,coyle2017@yahoo.com,Efrain,Travis,,478-134-9347,Grand Junction,United States,02582,Connecticut,1050 Santa Fe,1967-02-26
crmid:4641192853,naturopathy1878@yandex.com,Jack,Wheeler,female,473-575-0954,North Canton,United States,19262,North Carolina,1148 Montezuma,1998-03-07
crmid:4625540334,ensign2002@outlook.com,Antoine,Farrell,male,404-125-8864,New Hope,United States,70785,Montana,904 Music Concourse,1996-02-01
crmid:8412957177,pixies1936@yandex.com,Grady,West,male,103-152-4912,West Springfield,United States,19168,Illinois,676 Bowman,1945-04-30
crmid:3642552924,rykes1841@yandex.com,Zachery,Noble,,602-711-8639,Folsom,United States,75867,Pennsylvania,458 Dunnes,1962-12-10
crmid:4329612787,nondeafened1867@outlook.com,Noel,Grimes,,894-461-9654,Hayward,United States,87830,Texas,734 Rankin,1970-12-25
crmid:5319306302,crassula1912@yandex.com,Rashad,Gay,,094-464-4775,Rockville Centre,United States,55444,Hawaii,449 Valparaiso,1991-06-16
crmid:3342896962,ambushes2063@outlook.com,Divina,Christian,female,959-640-6227,Easley,United States,19657,Michigan,1293 Blanken,1956-03-06
crmid:3011919728,mesel1819@yandex.com,Shani,Adams,female,661-445-4645,Waltham,United States,56013,Massachusetts,364 Gabilan,1997-04-22
crmid:8544734205,unerroneous1959@live.com,Nathan,Morrison,male,768-860-1471,Springfield,United States,77605,Montana,1344 Pfeiffer,1939-12-14
crmid:5851799061,needlestone1983@outlook.com,Lou,Rutledge,,508-089-6433,Union City,United States,45138,Vermont,1061 Moraga,1983-10-19
crmid:7129172473,abstracted1872@gmail.com,Danial,Sutton,,547-049-3452,Grandville,United States,42867,Georgia,1215 Morning Glory,1967-07-07
crmid:3490515300,croteau1804@yahoo.com,Shanel,Mcleod,female,514-435-4429,Compton,United States,42770,New York,891 Darien,1949-08-19
crmid:2313710163,craniospinal2014@gmail.com,Shon,Alford,male,928-524-4448,Nogales,United States,00458,Iowa,527 Guy,1998-01-17
crmid:9635524364,pendative1933@outlook.com,Alonzo,Terrell,,835-553-4543,Kissimmee,United States,04689,Washington,724 Wallen,1978-01-26
crmid:2031755960,azine2056@yahoo.com,Izola,Miller,female,327-112-8518,Chickasha,United States,86826,West Virginia,1139 Stow Lake,1947-04-20
crmid:5964493626,nonmanila1943@outlook.com,Burl,Frye,,004-298-0906,Warrensburg,United States,40306,Indiana,573 Vinton,1992-01-18
crmid:8883575987,peafowl1928@outlook.com,Houston,Collins,,214-466-3485,Mobile,United States,98625,Kentucky,497 Escondido,1992-01-28
crmid:1056001997,extraneous1927@live.com,Ivan,Williamson,,620-409-4054,Martinez,United States,11942,Alabama,124 Hugo,1987-03-11
crmid:6537312240,foreknowable1874@yandex.com,Winford,Prince,male,379-561-2194,Camarillo,United States,75117,Maryland,1079 Front,1943-10-24
crmid:6409822814,designers1985@live.com,Rosendo,Morton,,156-452-9998,Goldsboro,United States,06683,New York,751 Ecker,1967-02-12
crmid:2891236161,broomer1854@outlook.com,Bok,Holt,female,470-302-4405,DeKalb,United States,06679,Nebraska,881 Arbol,1953-01-14
crmid:3537801440,angriness1962@yahoo.com,Jackqueline,Barton,female,266-907-2226,Chicago Heights,United States,96276,Louisiana,948 Lyell,1947-12-28
crmid:2022685519,consimilating1843@gmail.com,Andy,Colon,male,531-146-8465,Tacoma,United States,00600,Oklahoma,904 Marston,1935-12-01
crmid:3512246041,llama1871@yandex.com,Roscoe,Sanford,,649-860-7570,Oviedo,United States,76737,Maryland,1210 De Wolf,1988-11-01
crmid:2491379084,irony1908@outlook.com,Ignacio,Pate,,097-710-4607,Panama City,United States,30769,Indiana,151 Burritt,1971-03-03
crmid:7739732572,subject1879@live.com,Arlie,O'donnell,,235-125-4841,Tacoma,United States,74826,Tennessee,671 Phelps,1992-04-28
crmid:8425375215,trigs1979@yahoo.com,Thad,Garrett,male,469-686-8540,Amsterdam,United States,57284,Vermont,1370 Gene Friend,1932-09-11
crmid:2456071111,bactrian2053@outlook.com,Dante,Chan,,280-971-3693,Tahlequah,United States,20215,New York,506 Halleck,1962-01-26
crmid:4896671709,kabistan1922@live.com,Houston,Wells,,772-839-7527,McAlester,United States,40974,West Virginia,552 Tocoloma,1988-07-02
crmid:1629601759,curley1803@gmail.com,Maile,Skinner,female,327-108-8874,Parma,United States,25800,Michigan,423 Topeka,1956-10-11
crmid:9820626884,erudition1814@live.com,Loni,Roberts,female,487-186-0312,Columbus,United States,34094,Wyoming,211 Croaker,1949-06-25
crmid:3303613657,birthing1977@gmail.com,Tiera,Murray,female,658-349-0735,Elkhart,United States,56936,Ohio,676 Tubbs,1959-09-21
crmid:8842296685,overstridentness1828@yandex.com,Sanda,Jenkins,female,300-724-9599,South Gate,United States,14558,Vermont,558 Castle,1955-08-15
crmid:2489613386,creative1973@live.com,Vanda,Stephens,female,221-921-9199,Sikeston,United States,28096,Iowa,447 Gilroy,1957-09-28
crmid:1727454406,architraves1862@yandex.com,Vella,Sharp,female,837-689-5400,Chino,United States,98113,Alabama,615 Parkhurst,1947-09-27
crmid:6847145682,paludrin1829@yahoo.com,Andrew,Wolfe,male,948-393-7019,Buffalo Grove,United States,99388,Oregon,984 Bowman,1942-01-31
crmid:1155089403,spawners1970@live.com,Renda,Hebert,female,457-085-7731,South Gate,United States,92348,Wisconsin,966 Masonic,1960-07-13
crmid:5319306302,manatee1918@outlook.com,Nelia,Mcdowell,female,258-611-5822,Warwick,United States,25993,West Virginia,267 Terrace,1959-07-19
crmid:2975278016,electrostatic2022@outlook.com,Ali,Flynn,,543-921-8608,Laurel,United States,13870,Oklahoma,890 Emerson,1981-04-02
crmid:3282380066,fluxional1811@yandex.com,Cristobal,Medina,,291-081-3900,Suffolk,United States,24911,Alaska,502 Surrey,1966-11-13
crmid:8876824513,criticism1893@gmail.com,Virgilio,Coleman,,181-648-6957,Huntersville,United States,84590,Idaho,304 Raymond,1973-01-16
crmid:6017519324,batis1976@gmail.com,Audie,Caldwell,female,328-630-7086,Elgin,United States,91072,Louisiana,1399 Greenwich,1958-01-05
crmid:3458672921,isopoda2005@outlook.com,Ezekiel,Mckenzie,male,637-584-5568,Brookfield,United States,25463,Wyoming,1020 Hazelwood,1941-04-19
crmid:3404939316,hypercalcemic1942@live.com,Clair,Powell,,236-007-6259,Mount Prospect,United States,72772,Delaware,1010 Jose Sarria,1993-12-01
crmid:1735345898,cherlyn2057@gmail.com,Caleb,Mercado,,597-355-3931,Fontana,United States,75410,Colorado,1029 Richards,1962-11-17
crmid:5502020663,scorner1829@outlook.com,Elijah,Michael,male,357-965-5753,Simi Valley,United States,60997,South Carolina,1180 Torrens,1940-12-31
crmid:4102253389,bowlful2048@live.com,Lester,Santiago,,617-861-1112,Norton Shores,United States,66134,New York,1344 Elgin,1999-12-15
crmid:3712285816,blindeyes1872@live.com,Lupe,Drake,,839-096-9176,Lakewood,United States,82721,West Virginia,651 Marshall,1980-03-09
crmid:5787494264,bodier1941@live.com,Fabian,Sutton,male,928-629-8435,Bergenfield,United States,29988,West Virginia,1350 Greenwood,1938-04-28
crmid:9902546094,bourguig1923@live.com,Renetta,Webster,female,834-613-3586,Wisconsin Rapids,United States,14932,Michigan,109 Northridge,1949-09-14
crmid:7365604251,merycism1955@gmail.com,Blake,Herman,,327-547-6102,Oak Harbor,United States,70046,West Virginia,1261 Linares,1977-02-12
crmid:3570904310,boyscout1884@gmail.com,Bradley,Blankenship,,387-999-6413,Glassboro,United States,78907,California,1102 Auto,1966-12-22
crmid:7273827582,chatelaine1803@yahoo.com,Bryant,Buck,,003-651-2368,Richmond,United States,20103,Alabama,205 J,1964-01-29
crmid:4610588458,adminstration2037@live.com,Zane,Trujillo,,558-014-7886,Miami Gardens,United States,38884,New Jersey,1198 Elizabeth,1990-06-20
crmid:1174377720,dhava1944@live.com,Christopher,Tanner,,494-068-5545,Sandy,United States,88348,Montana,313 Kimball,1984-12-12
crmid:2772202947,corsair1809@yandex.com,Byron,Riggs,,199-933-6581,West Sacramento,United States,65077,Iowa,1392 Phelps,1995-08-03
crmid:3584160226,shawm1993@gmail.com,Orlando,Schroeder,,797-332-5093,Manhattan Beach,United States,89598,Wisconsin,603 Norton,1986-04-15
crmid:3678702233,pisiform1868@yahoo.com,Kelvin,Edwards,,997-642-5285,San Mateo,United States,31052,North Carolina,12 Danvers,1970-03-03
crmid:7852786911,braunschweiger1852@outlook.com,James,Parrish,,445-282-5612,Onalaska,United States,63225,Connecticut,984 Alvord,1971-05-07
crmid:8546766095,chipmunk1807@yandex.com,Tyrone,Blevins,male,549-964-7176,Sahuarita,United States,00616,Alabama,709 Watt,1936-09-03
crmid:9000123466,jarbird1969@outlook.com,Yuonne,Burris,female,427-129-3186,Northfield,United States,61103,New Jersey,698 Kingston,1999-11-29
crmid:1380336511,pamperers1833@live.com,Hai,Singleton,male,256-461-0138,Whittier,United States,02640,Kentucky,976 Valdez,1940-04-27
crmid:8507000797,worker1967@yahoo.com,Jeff,Cash,male,364-240-8703,Broomfield,United States,68116,Delaware,1278 Park,1942-11-23
crmid:6488698138,jovicentrical1848@yandex.com,Kevin,Welch,,443-234-1205,Kearney,United States,66323,Kansas,196 Meacham,1976-10-29
crmid:1509920196,buffalo1884@yandex.com,Olin,Walls,male,150-321-5315,Baldwin,United States,41754,Rhode Island,758 Carter,1935-07-30
crmid:6497311629,defloration1985@outlook.com,Mauro,Huber,,861-826-4040,Miami Lakes,United States,26648,Arkansas,1288 Wyman,1990-04-30
crmid:4706517726,immigrating1890@yahoo.com,Lanora,Ramirez,female,646-737-2381,Santa Monica,United States,98754,Hawaii,1313 Santa Ysabel,1948-05-24
crmid:1771807952,repours1903@yahoo.com,Angeles,Briggs,female,134-459-8491,Farmers Branch,United States,80682,Delaware,762 Codman,1961-01-04
crmid:7388453342,poodle1851@gmail.com,Brenton,Wise,male,515-560-9443,Reading,United States,50981,Rhode Island,1225 Uranus,1941-02-04
crmid:9004572516,uncovenant1971@yandex.com,Wei,Sykes,female,229-576-6363,Eagan,United States,52322,North Carolina,1305 Normandie,1956-09-28
crmid:1356559282,unwillfully1960@yandex.com,Hunter,Gallegos,male,516-061-8127,Bergenfield,United States,83771,Connecticut,45 Dukes,1938-05-11
crmid:2447740073,dupree1876@gmail.com,Clark,Castillo,,161-991-2239,Jackson,United States,53796,Louisiana,977 Dogwood,1975-09-22
crmid:3426920488,anilinophilous1817@yandex.com,Ron,Floyd,,399-850-7511,Orem,United States,72142,Arizona,743 Charles J Brenham,1991-04-25
crmid:3978578656,chalot1823@live.com,Shayne,Richardson,,764-050-7440,Macomb,United States,28673,Montana,1258 Canby,1985-04-28
crmid:1393911695,alvaro1986@outlook.com,Albert,Shannon,,225-732-7000,Lake Jackson,United States,19905,Mississippi,1169 Langdon,1980-02-23
crmid:7814690392,woesome1968@yahoo.com,Major,Haley,,994-177-3352,San Mateo,United States,77239,New Hampshire,674 Weldon,1970-12-01
crmid:7528572124,dhooras1916@yandex.com,Raina,Stafford,female,668-639-9641,Chattanooga,United States,48899,Iowa,273 El Camino Del Mar,1946-07-28
crmid:7737425607,ladyling1847@live.com,Leontine,Barnes,female,364-958-9692,Champlin,United States,34683,South Carolina,36 Patterson,1946-05-02
crmid:6421084874,ladybugs1836@gmail.com,Clifford,Owen,male,561-217-4570,Poughkeepsie,United States,01186,Alabama,266 Velasco,1933-02-22
crmid:9983372647,phies1882@yahoo.com,Merilyn,Riley,female,120-640-6899,Pueblo,United States,17721,Louisiana,970 Chumasero,1952-06-25
crmid:4546886807,births1918@outlook.com,Alexis,Ball,,020-434-0842,Jeffersonville,United States,76977,New Mexico,66 Amador,1975-09-20
crmid:6737888854,annoyed1867@gmail.com,Cleo,Galloway,male,342-254-4133,Burlington,United States,11146,Iowa,591 Amatista,1943-02-11
crmid:5489623073,crureus1809@outlook.com,Pandora,Weber,female,836-037-0426,The Colony,United States,14967,Alabama,956 Palou,1946-12-13
crmid:3169063391,friseur1988@live.com,Derrick,Hess,,924-477-0887,Phoenix,United States,47249,Mississippi,448 Corbett,1985-07-24
crmid:8058467487,dweller2062@live.com,Matt,Ballard,,913-667-8552,Lake Oswego,United States,81320,Ohio,826 Third,1980-03-23
crmid:7217099894,bardolph2055@outlook.com,Philip,Summers,male,892-775-4116,Nixa,United States,08148,Ohio,960 Hubbell,1997-01-15
crmid:4562646008,caterpillars1859@live.com,Oswaldo,Holt,male,645-441-7443,Bakersfield,United States,44164,North Dakota,989 Lucerne,1935-08-14
crmid:1906417162,erminia1801@yahoo.com,Heath,Olsen,,049-556-9683,Grandview,United States,46230,Arizona,239 Silver,1967-08-11
crmid:3534465071,eyeshot1893@yandex.com,Garland,Hines,,659-150-5209,Ottumwa,United States,51542,Idaho,1296 Otis,1974-03-09
crmid:6129329415,became1801@yandex.com,Chas,Hanson,,808-200-1358,Galt,United States,28066,Virginia,1159 Agnon,1965-05-08
crmid:4899696232,apodeictical1822@yahoo.com,Pedro,Herring,,434-615-0194,Trotwood,United States,49544,Ohio,30 Beaver,1989-08-31
crmid:5185718464,craney1949@yandex.com,Tad,Knapp,,671-699-9978,Highland Park,United States,56251,Michigan,1294 Langton,1971-09-22
crmid:7930058220,stooter2029@outlook.com,Kyle,Navarro,,140-134-9817,Woburn,United States,93396,Kentucky,1335 Dunnes,1969-10-12
crmid:7485207321,carlyle1936@yahoo.com,Faustino,Mcintosh,,578-303-7170,Spring Valley,United States,22237,Wyoming,264 Mendosa,1965-07-09
crmid:2735336209,snidest1909@outlook.com,Jess,Lamb,,588-421-8801,Hopkins,United States,33536,Delaware,510 Del Sur,1973-06-12
crmid:7825556101,highbrows1862@yahoo.com,Genevie,Santana,female,167-673-4052,Denver,United States,16307,Arkansas,1054 Shafter,1954-03-26
crmid:9993385264,cohesion1942@yahoo.com,Isaura,Zamora,female,006-928-2894,New Lenox,United States,19448,Rhode Island,427 Mabrey,1996-03-07
crmid:1714437608,plasmoid1885@yandex.com,Rob,Perez,male,278-235-2063,Superior,United States,07612,Wyoming,580 Clara,1930-08-23
crmid:5450581571,zanza1937@live.com,Elayne,Walters,female,329-057-2278,East Chicago,United States,69169,Louisiana,137 Parkridge,1957-11-05
crmid:1101569515,unwistful1917@live.com,Jeramy,Russo,male,800-955-7933,Waltham,United States,70245,Iowa,453 Ewing,1942-05-26
crmid:2954275907,scarcity2000@outlook.com,Mica,Puckett,female,930-405-9735,Chambersburg,United States,35876,Pennsylvania,1090 Morgan,1946-06-24
crmid:3065269692,barit2067@yahoo.com,Preston,Rocha,,258-399-6006,Herriman,United States,06706,Nebraska,1041 Mandalay,1971-02-01
crmid:8199789266,myriophyllite1838@yahoo.com,Cory,Walters,,101-282-1140,Fort Dodge,United States,36129,Vermont,1045 Burr,1963-07-03
crmid:5313291757,overdogs1893@live.com,Elbert,Frank,male,307-529-0332,Blue Springs,United States,13557,Utah,643 Farragut,1939-03-10
crmid:7723916004,misreckoned2022@yandex.com,Lahoma,Shelton,female,035-468-5992,Draper,United States,27283,New York,971 Oscar,1955-05-27
crmid:8628539381,flycatcher1916@yahoo.com,Leonardo,Cohen,,568-302-9841,Point Pleasant,United States,89413,Mississippi,468 Stanyan,1983-07-06
crmid:1664296880,cobblerless1931@yahoo.com,Jennine,Garrison,female,742-202-3143,East Lansing,United States,29387,New York,1292 Glen,1957-04-11
crmid:9900223703,dumbs2013@live.com,Ken,Hester,,214-169-0420,Mount Clemens,United States,35364,Vermont,929 Potomac,1993-07-10
crmid:9115446347,huddock2063@live.com,Marcelo,Taylor,,713-432-7109,Richardson,United States,52134,Oklahoma,1053 Van Ness,1996-12-09
crmid:3506141752,leafy2036@yandex.com,Adam,Clark,,895-178-1100,Fort Dodge,United States,21192,Rhode Island,32 San Jose,1963-05-05
crmid:9722551247,areopagite1953@yandex.com,Marline,Espinoza,female,421-010-0389,Del Rio,United States,89223,New Hampshire,482 Greenview,1954-06-09
crmid:8374989869,attrition2036@live.com,Mardell,Garcia,female,704-472-9467,Dunedin,United States,39342,California,295 Plum,1956-06-11
crmid:5457122439,diakinetic1936@yandex.com,Mitzie,Lee,female,509-163-1773,Tinley Park,United States,95561,South Carolina,1164 Alviso,1960-09-13
crmid:3772384470,frustrative2064@yahoo.com,Augustine,Donaldson,,793-883-8471,Warrensburg,United States,46121,South Carolina,707 Higuera,1991-08-21
crmid:6457376892,decumani2011@gmail.com,Darron,Franks,,502-807-6677,Goodlettsville,United States,64631,Connecticut,848 San Luis,1967-10-17
crmid:6753386187,mose1832@gmail.com,Dannie,Hammond,,014-879-4181,Tarpon Springs,United States,78882,Minnesota,760 Craig,1979-11-28
crmid:4225172051,analytic2017@outlook.com,Dinorah,Montgomery,female,764-147-6017,Dothan,United States,15947,South Dakota,932 Lysette,1955-03-20
crmid:8785837595,eyewink2011@yahoo.com,Len,Mccarty,male,540-557-8715,Baton Rouge,United States,68534,Georgia,832 Swiss,1936-11-24
crmid:5154322235,squamipennes1882@gmail.com,Karoline,Pope,female,315-609-1642,Deerfield,United States,20184,Illinois,1078 Fowler,1954-05-23
crmid:5302663139,crumble2019@live.com,Cyrus,Sampson,male,430-771-5772,Paradise,United States,51444,Mississippi,626 Arco,1940-02-26
crmid:2811401478,chinotti1883@gmail.com,Hubert,Harris,,292-514-4277,Hampton,United States,05320,Kentucky,489 Loma Vista,1969-02-10
crmid:5643954734,chlorophane1913@yahoo.com,Lyle,Wilkinson,male,151-074-8417,Carbondale,United States,33215,Georgia,690 Bliss,1944-06-12
crmid:5408615445,ericsson2045@outlook.com,Phung,Witt,female,136-416-5289,Deltona,United States,86958,New Mexico,286 Bonifacio,1954-11-14
crmid:2109776114,benthic1858@yahoo.com,Merlin,Ayala,male,783-945-5613,Ada,United States,33661,Iowa,737 Missouri,1930-07-01
crmid:7418302556,ingots1910@outlook.com,Emmett,Vance,,287-584-8938,Homer Glen,United States,78178,Arizona,237 Gold,1972-12-01
crmid:1734106201,insular1859@gmail.com,Antone,Duncan,male,743-078-8369,Bossier City,United States,72780,Delaware,825 Arroyo,1940-01-09
crmid:6244201830,squirarchal2011@outlook.com,Jarrod,Hoover,,521-786-7566,West Mifflin,United States,74637,Nevada,845 Esquina,1987-12-23
crmid:4571602881,dartman1994@gmail.com,Calandra,Reilly,female,827-599-8455,Rancho Palos Verdes,United States,17079,Maryland,509 Jamestown,1952-01-24
crmid:4845636595,siberian1840@outlook.com,Shira,Weiss,female,460-832-7061,Portsmouth,United States,19750,Massachusetts,1333 South Gate,1951-08-30
crmid:5897822245,paludrin1871@yahoo.com,Matt,Acosta,male,500-182-0274,Boise City,United States,32150,Alaska,96 Crestwell,1940-07-01
crmid:5193839252,tuatara1804@yandex.com,Larry,Carroll,male,814-493-9202,Broadview Heights,United States,38908,Connecticut,1330 Stanford,1941-06-05
crmid:4054334614,exaggerating1827@outlook.com,Agustin,Thomas,,134-368-3261,Massillon,United States,73057,Arkansas,309 Santa Cruz,1988-12-06
crmid:7484695399,moth2049@gmail.com,Simonne,Sellers,female,667-847-5425,Evansville,United States,59046,South Dakota,708 Mclaren,1960-10-16
crmid:9913697856,constantinople1968@live.com,Kip,Slater,male,079-894-3129,Brook Park,United States,98430,Wyoming,352 Macedonia,1941-06-27
crmid:4455922355,whimbrels1858@outlook.com,Signe,Shelton,female,781-884-2975,Plattsburgh,United States,24684,Rhode Island,396 Crown,1958-08-27
crmid:1853997147,spawners2070@live.com,Greg,Morales,,922-414-5154,McKeesport,United States,85935,South Carolina,181 Silliman,1988-10-22
crmid:9090488728,internetwork1987@outlook.com,Leroy,Weiss,male,748-436-2844,New Berlin,United States,73688,Delaware,819 Sears,1996-12-03
crmid:8735992685,centipede1989@outlook.com,Winford,Wynn,,253-966-8481,Rockville Centre,United States,31969,Vermont,531 Nelson Rising,1980-02-10
crmid:3574813600,ethnobotanic1855@yandex.com,Arnulfo,Bernard,,071-995-4521,Westmont,United States,55597,North Carolina,136 Balmy,1994-09-11
crmid:5806746309,pluguglies2049@yandex.com,Lowell,Gonzalez,,309-993-6344,West Sacramento,United States,37773,Florida,1000 Utah,1972-12-11
crmid:7120230125,retying1852@outlook.com,Nieves,Meyer,female,120-971-0425,Odessa,United States,16665,Florida,736 Casitas,1947-07-20
crmid:2378672661,analytic1980@live.com,Zane,Simmons,male,851-332-5464,Arlington,United States,53638,Ohio,1227 Deems,1933-10-27
crmid:9848278233,sharklike2070@yahoo.com,Gerry,Dennis,,539-904-7060,Gaithersburg,United States,22925,New Jersey,689 Tomaso,1964-04-17
crmid:6303021242,majesty1867@gmail.com,Renna,Meyers,female,865-937-6627,Cocoa,United States,56818,Nevada,1183 Breen,1949-10-14
crmid:1546693487,aspherical1984@live.com,Felipe,Harrington,,404-417-0321,Minot,United States,77482,New Jersey,1204 Boylston,1991-01-25
crmid:5429023799,marten2026@yandex.com,Mathew,Zamora,male,881-188-8877,American Fork,United States,89296,Nevada,235 Delancey,1932-07-23
crmid:2150905195,splendent2037@yandex.com,Terrance,Hartman,,307-444-0215,Homestead,United States,83582,Colorado,722 Sanches,1973-04-11
crmid:8932162007,bloodshedder1949@live.com,Cortez,Berger,,244-682-3994,Woodstock,United States,37987,California,312 Peter Yorke,1978-05-25
crmid:2160866469,bronze1969@outlook.com,My,Ryan,female,688-067-1151,San Luis,United States,19353,Utah,267 Clipper Cove,1947-11-29
crmid:1473083581,macaw2053@yahoo.com,Lon,Gallegos,,129-384-4504,Pittsburg,United States,36437,Kentucky,1015 Arthur,1976-10-12
crmid:9447891644,supercommendation2024@live.com,Jan,Freeman,,779-203-1350,Temple,United States,37493,New Mexico,884 Rio,1980-10-24
crmid:9155159382,moratoria1943@yandex.com,Levi,Joseph,male,660-977-3913,Beaverton,United States,31266,Alabama,608 Merchant,1937-06-16
crmid:3705158109,aqueduct2065@yahoo.com,Darron,Webb,,961-463-1704,Kalamazoo,United States,14125,New Jersey,381 Marcela,1976-02-23
crmid:8439367884,masterstroke1879@yahoo.com,Margert,Huffman,female,450-681-9660,Dothan,United States,83611,Georgia,1141 Pine,1955-06-15
crmid:1463872027,barong2068@live.com,Aron,Yates,male,130-913-0126,Petersburg,United States,00451,Mississippi,265 Arthur,1936-01-14
crmid:1634076961,irradiation2017@yandex.com,Murray,Mccoy,male,722-236-8583,Big Spring,United States,41472,Kentucky,508 Vinton,1939-07-19
crmid:1438053541,jovicentrical1863@live.com,Angel,Rojas,,301-305-0803,Missoula,United States,35731,Iowa,359 Cervantes,1992-07-10
crmid:5896341568,seise1924@outlook.com,Vannesa,Salas,female,502-663-3884,Ennis,United States,87325,Alabama,1239 Julius,1960-09-26
crmid:1304158044,crozier2068@outlook.com,Dannie,Pearson,,268-563-4362,Fountain Hills,United States,64967,North Dakota,421 Burnside,1963-11-22
crmid:5522315782,mopeier1954@live.com,Reyes,Trevino,,752-936-7491,Leavenworth,United States,28446,Maryland,1185 Oriole,1981-05-13
crmid:2245530442,milliweber1830@live.com,Zita,Marsh,female,087-543-7320,Cheyenne,United States,75334,Nebraska,1135 Josiah,1947-09-18
crmid:7795317888,manche1827@yandex.com,Loyd,Carpenter,,969-422-4655,White Bear Lake,United States,61416,Iowa,1328 Pomona,1989-03-11
crmid:8420425660,shrimp1894@live.com,Josue,Joyner,,718-036-2922,Hopkinsville,United States,54694,Maine,593 Felton,1973-09-18
crmid:2188557460,albata1959@live.com,Dudley,Mcmillan,male,555-454-4936,Calumet City,United States,14986,Massachusetts,888 Waller,1943-03-20
crmid:3121829969,deliver1970@outlook.com,Ezekiel,Hudson,male,069-889-7409,Belmont,United States,67828,Indiana,52 Massachusetts,1937-11-26
crmid:1880187278,educable1904@gmail.com,Marcos,Baxter,,841-471-4441,Hoboken,United States,09096,Virginia,713 Arbor,1972-02-03
crmid:4532631694,burdensomely2053@live.com,Ray,Jennings,male,408-032-1778,Wichita,United States,04244,Alabama,703 Avon,1931-08-15
crmid:2389534839,phosphate1917@gmail.com,Isiah,Joseph,,629-868-9063,Moreno Valley,United States,93747,South Dakota,470 Yosemite,1993-02-13
crmid:6261618095,fluyt1838@gmail.com,Man,Gilmore,female,943-955-9756,Stow,United States,85673,Arizona,153 Arnold,1999-04-20
crmid:3735574321,alcindor2049@yandex.com,Johnette,Mercer,female,483-840-2228,East Palo Alto,United States,86213,Tennessee,1110 Sotelo,1957-10-21
crmid:3376700205,afterimage1994@outlook.com,Gerardo,Cotton,male,513-781-7173,Shoreline,United States,56266,Maine,1196 Thornton,1942-11-08
crmid:6535177649,millage2058@yahoo.com,Shizue,Green,female,801-092-3316,Dickinson,United States,48258,California,202 Dunsmuir,1955-08-12
crmid:6078605526,pooty1911@live.com,Lester,Mooney,male,703-800-8750,Carson City,United States,33270,Montana,72 Melba,1944-06-20
crmid:3129021051,gunsmithing1834@gmail.com,Adolph,Reilly,male,381-538-1893,Bridgeton,United States,07903,Hawaii,1081 Merritt,1941-01-24
crmid:7643793397,ancestry1863@live.com,Virgilio,Tran,male,708-785-3166,Apple Valley,United States,88817,Alaska,80 Clearview,1933-10-29
crmid:1925902230,campo1911@outlook.com,Cathey,Haney,female,786-821-8799,Eagan,United States,08551,Pennsylvania,1267 Rosenkranz,1956-02-12
crmid:1911287053,transubstantiate1837@yandex.com,Willene,Sanford,female,958-166-3918,Coachella,United States,75108,Iowa,163 Tocoloma,1948-12-18
crmid:5135477839,ecospecific1994@outlook.com,Rodger,Scott,,664-651-5257,Laguna Niguel,United States,81148,Utah,1333 Taraval,1979-03-04
crmid:3909455235,dissonancies1922@outlook.com,Jonathon,Cohen,,355-086-5759,Yukon,United States,27468,Idaho,813 Healy,1962-12-23
crmid:3817515011,brooklyn1966@outlook.com,Abel,Lindsay,male,503-980-6118,Raymore,United States,05589,Pennsylvania,746 Brook,1936-01-17
crmid:5933637340,displayer1901@yandex.com,Valentin,Reese,,741-751-9040,Passaic,United States,21579,Vermont,864 Fresnel,1963-02-06
crmid:1525772469,cobblerless1833@live.com,Jennine,Munoz,female,076-533-0307,Faribault,United States,26793,Ohio,1355 Brewster,1961-04-21
crmid:1333980435,chromotherapist1921@yandex.com,Vanita,Holman,female,528-690-8804,Natchez,United States,65262,Louisiana,1300 South,1995-11-06
crmid:5282948889,detur2062@outlook.com,Russ,Blake,,222-220-2749,Macomb,United States,38824,South Carolina,1052 Fredson,1985-05-28
crmid:9582313572,pulvinus2006@live.com,Rolf,Lucas,male,197-950-8780,West Sacramento,United States,54484,Delaware,318 Niantic,1941-08-18
crmid:1693372563,dona1810@gmail.com,Jackson,Barrera,,754-376-8583,Muscatine,United States,65303,Arizona,441 Bird,1994-11-19
crmid:9140304427,stork2014@live.com,Tuan,Pate,,378-110-5063,Michigan City,United States,04586,Tennessee,94 Santa Ysabel,1990-02-22
crmid:5013336137,sippingly2065@yahoo.com,Rosamaria,Pope,female,478-636-1955,El Monte,United States,87296,Washington,530 Bigler,1958-07-23
crmid:7601664487,chalot2007@yandex.com,Dayle,Walter,female,260-375-9024,Dearborn Heights,United States,11426,Colorado,659 San Luis,1953-02-05
crmid:9024594145,vibrational2007@live.com,Launa,Wallace,female,591-633-0468,Clovis,United States,99387,Arizona,547 Folsom,1948-05-30
crmid:3918928177,elvera1953@gmail.com,Rebbeca,Potter,female,794-399-8077,Utica,United States,17156,New Hampshire,444 Rhine,1948-07-23
crmid:2527476699,faultlessly1895@outlook.com,Detra,Holden,female,688-304-9513,Pflugerville,United States,18895,Virginia,1251 Fernandez,1947-11-27
crmid:4600923846,anionics1866@yandex.com,Randolph,Bush,male,833-928-7442,Alice,United States,81382,Minnesota,710 Martin Luther King Jr,1931-08-04
crmid:9268411282,carlett2052@gmail.com,Stewart,Lyons,,253-491-8646,Stillwater,United States,47250,Washington,958 Stag Trail,1989-12-11
crmid:5327280457,monotrochian1845@yandex.com,Tom,Potter,,641-543-2484,Liberty,United States,88770,Utah,1180 Stigwood,1982-03-28
crmid:4521603094,favela1961@yahoo.com,Brendan,Randolph,male,314-717-7174,Paramount,United States,19735,Washington,1051 Milan,1943-02-24
crmid:6774666917,penstemon2066@live.com,Dean,King,,466-379-5458,Sun Prairie,United States,21146,Virginia,947 Precita,1967-07-06
crmid:4953746062,delly1828@gmail.com,Eduardo,Chan,,244-121-7227,Palo Alto,United States,23180,Arkansas,1085 Hooper,1966-05-13
crmid:2567709195,blasphemy1887@yandex.com,Tyrone,Carey,male,419-872-0798,Belle Glade,United States,61194,Georgia,1145 Peek,1937-11-18
crmid:4381482703,rhyolite1903@outlook.com,Doretta,Montgomery,female,400-888-8904,New Haven,United States,51566,Washington,91 Charles,1996-09-05
crmid:3795106268,dreyfuss1836@yandex.com,Dane,Pierce,male,027-356-5220,Carpentersville,United States,61101,Iowa,250 Gilman,1944-10-27
crmid:7365253431,annoyer2034@gmail.com,Krysta,Santos,female,367-481-5891,De Pere,United States,97143,South Dakota,901 Mabrey,1953-05-26
crmid:4778400880,borak1980@live.com,Sandy,Morton,,411-509-7741,Malden,United States,32666,New Hampshire,859 Mistral,1985-06-03
crmid:7534076706,incinerating2028@live.com,Dean,Cantrell,,049-523-7876,Longmont,United States,12134,Illinois,933 Ash,1984-02-08
crmid:5800801839,ant1936@gmail.com,Augustus,Jimenez,male,995-362-4132,Naugatuck,United States,04389,Oregon,1263 Missouri,1995-01-02
crmid:3167849691,haemoflagellate1866@yahoo.com,Salvador,Kane,,732-360-6306,Wilmington,United States,95375,North Carolina,736 Seymour,1995-10-27
crmid:9510142149,atlantis1975@outlook.com,Rudy,Rush,male,554-715-0145,Odessa,United States,04529,Oklahoma,1219 Union,1936-08-26
crmid:5932318865,wabby2057@outlook.com,Alvera,Slater,female,813-449-4476,Colorado Springs,United States,70825,Vermont,503 De Long,1949-11-01
crmid:8132434967,heiress1854@gmail.com,Gertude,Herring,female,900-022-2813,Dover,United States,84081,Louisiana,206 Cambridge,1955-03-13
crmid:9012777589,augends2046@live.com,Jefferson,Massey,,723-703-8063,Ypsilanti,United States,47124,New Mexico,344 Baywood,1992-01-24
crmid:7950880510,algerine1932@outlook.com,Wallace,Lambert,,820-116-3418,Sunnyvale,United States,51665,North Carolina,303 Indiana,1996-06-06
crmid:1548883267,brahms1838@outlook.com,Val,Blake,,026-391-3751,Marysville,United States,28007,Oregon,452 Avery,1987-04-28
crmid:4634457931,cheques2042@yandex.com,Bryan,Gillespie,,945-005-2843,Springboro,United States,92157,Massachusetts,1350 Majestic,1963-10-04
crmid:1030923302,deutomalar2030@yahoo.com,Preston,Brown,,074-574-3492,Wilson,United States,93184,Maine,924 Vulcan,1975-12-06
crmid:8966289930,decries1832@gmail.com,Pasquale,Baker,,702-087-6443,Hastings,United States,79503,Georgia,146 Halibut,1970-08-06
crmid:2952144166,beverlee1927@gmail.com,Daysi,Morse,female,050-509-7560,Stanton,United States,72609,Alaska,1223 Acorn,1959-02-21
crmid:6138630023,concentrate1828@live.com,Thaddeus,Mclaughlin,male,670-027-8066,Ceres,United States,59360,Utah,161 Silliman,1945-09-19
crmid:7060455073,camber1854@live.com,Darrin,Carey,,469-879-3609,Santee,United States,31114,Oklahoma,849 Cleary,1973-12-06
crmid:2720826440,mastiff1866@outlook.com,Elden,Pollard,male,770-650-1531,Benicia,United States,15177,Colorado,1345 Century,1938-03-23
crmid:1870527308,overshroud1939@gmail.com,Jackie,Forbes,,322-027-8103,Rio Rancho,United States,72768,Utah,599 Juniper,1963-12-24
crmid:2019046736,monotrochian1970@gmail.com,Jarvis,Massey,male,087-889-1189,Algonquin,United States,65091,Alaska,773 Visitacion,1931-11-10
crmid:9782310522,eland1915@live.com,Marion,Alvarez,,227-378-3660,Hoffman Estates,United States,15026,North Carolina,501 Latona,1972-03-11
crmid:2571038039,stirrup1831@yandex.com,Moises,Graham,,816-657-4671,Marshfield,United States,22468,Arkansas,420 Galilee,1987-05-07
crmid:7442010390,bungerly2044@outlook.com,Lance,Dixon,male,214-500-4938,Vacaville,United States,09511,Massachusetts,828 Dashiell Hammett,1936-06-08
crmid:3600829152,lymph1941@yandex.com,Keesha,Donovan,female,121-991-3071,Chelsea,United States,72463,Idaho,375 Incinerator,1946-12-09
crmid:6363652766,eurytropic1810@yandex.com,Mitch,Horne,,226-079-6795,Pelham,United States,40464,Washington,984 Arellano,1991-01-25
crmid:9477214334,unebriate1810@gmail.com,Fe,Lindsay,female,851-205-0137,Corinth,United States,10085,Delaware,488 Golden,1950-03-17
crmid:4738381410,precast1923@outlook.com,Adrian,Avila,,730-843-7092,Grayslake,United States,04007,Louisiana,815 Flournoy,1968-02-12
crmid:9655111416,ashton1884@yandex.com,Jamel,Bryant,,578-377-4840,Indio,United States,05177,Pennsylvania,1219 El Mirasol,1974-02-15
crmid:9458713169,dahoon1877@yandex.com,Laree,Cote,female,651-549-5472,Denver,United States,28922,Virginia,208 Broad,1954-05-07
crmid:4129079831,skyre1802@yahoo.com,Numbers,Salazar,,570-035-5137,Homer Glen,United States,99955,Vermont,1230 Hudson,1972-11-30
crmid:8301270029,screechbird1895@outlook.com,Emmitt,Mckenzie,male,634-584-9693,Waterloo,United States,61616,Maryland,822 Kenwood,1935-04-19
crmid:5257428640,malpracticing1912@yandex.com,Jonah,Morrow,,716-971-7623,Milwaukie,United States,80469,Idaho,1142 Charles,1991-01-01
crmid:9028140793,unicotyledonous1969@outlook.com,Ervin,Sykes,male,265-392-2789,Burien,United States,88732,Utah,763 Petrarch,1942-04-28
crmid:6333506334,hamline2011@live.com,Ned,Walton,,785-878-3663,Roanoke,United States,83944,Montana,847 Washington,1979-08-31
crmid:8213751366,sheep1905@yahoo.com,Herb,Sims,,351-531-9723,Mequon,United States,79780,Washington,709 Gateview,1989-12-01
crmid:8673786522,testimony2049@yahoo.com,Josef,Munoz,,997-681-1364,South San Francisco,United States,76026,Illinois,1262 South Hill,1978-11-27
crmid:7456905925,anita1876@outlook.com,Glenn,Hernandez,male,554-688-0697,San Jose,United States,89891,Montana,1003 Waller,1944-04-13
crmid:3599499326,casas1838@gmail.com,Beata,Vazquez,female,845-620-4166,Dallas,United States,00088,New Hampshire,1058 Avenue I,1952-01-29
