id,crmid,propensity_room_upgrade,propensity_extended_nights
df010e18-914c-11ea-994b-b88a60e194fb,crmid:9146982135,3,3
df037f1e-914c-11ea-9407-b88a60e194fb,crmid:7087685832,8,4
df060436-914c-11ea-baf6-b88a60e194fb,crmid:2227287318,4,4
df07ff5c-914c-11ea-a806-b88a60e194fb,crmid:7703726082,8,3
df09d44c-914c-11ea-ba5c-b88a60e194fb,crmid:2798140515,7,5
df0c1e14-914c-11ea-8c30-b88a60e194fb,crmid:8217445479,3,8
df0f17e4-914c-11ea-9401-b88a60e194fb,crmid:3683877925,3,9
df11afd4-914c-11ea-92de-b88a60e194fb,crmid:9121964995,8,3
df1420e8-914c-11ea-a743-b88a60e194fb,crmid:9954814363,6,5
df1643b0-914c-11ea-a51e-b88a60e194fb,crmid:3547732752,6,7
df182bfa-914c-11ea-b918-b88a60e194fb,crmid:4533077370,3,3
df1bae5a-914c-11ea-96b5-b88a60e194fb,crmid:9780551770,3,3
df1d5c08-914c-11ea-bba0-b88a60e194fb,crmid:6454584091,8,3
df1f57d8-914c-11ea-8ee6-b88a60e194fb,crmid:1481335218,4,8
df2153ae-914c-11ea-bb47-b88a60e194fb,crmid:3246263872,8,2
df236308-914c-11ea-a254-b88a60e194fb,crmid:9503169776,6,4
df254b36-914c-11ea-94ab-b88a60e194fb,crmid:5386559918,7,4
df27200c-914c-11ea-ad64-b88a60e194fb,crmid:4358181264,4,7
df2c3c80-914c-11ea-9871-b88a60e194fb,crmid:7441676885,8,5
df2e3846-914c-11ea-b84d-b88a60e194fb,crmid:6399062224,4,10
df302098-914c-11ea-97ed-b88a60e194fb,crmid:1998085209,8,5
df3208de-914c-11ea-a054-b88a60e194fb,crmid:4757046895,7,4
df33f128-914c-11ea-8869-b88a60e194fb,crmid:8492032121,3,4
df35c5de-914c-11ea-b390-b88a60e194fb,crmid:7469280970,4,4
df37ae34-914c-11ea-82e8-b88a60e194fb,crmid:2764973314,9,5
df396f78-914c-11ea-8bda-b88a60e194fb,crmid:4930374253,7,2
df3b4436-914c-11ea-a84c-b88a60e194fb,crmid:8926244155,4,2
df3d3ffa-914c-11ea-b1be-b88a60e194fb,crmid:6491978511,8,5
df3f89f0-914c-11ea-92bc-b88a60e194fb,crmid:4563579164,4,2
df41d418-914c-11ea-9181-b88a60e194fb,crmid:6573920189,8,3
df43cf7a-914c-11ea-be6b-b88a60e194fb,crmid:1716930285,9,5
df45562c-914c-11ea-b91a-b88a60e194fb,crmid:9282010553,4,9
df472ae2-914c-11ea-b322-b88a60e194fb,crmid:9216924925,7,3
df4926ca-914c-11ea-a4a8-b88a60e194fb,crmid:9262819432,3,3
df4b3606-914c-11ea-ae0d-b88a60e194fb,crmid:6803591003,8,4
df4ca91e-914c-11ea-af75-b88a60e194fb,crmid:6462278097,7,4
df4e1c2e-914c-11ea-92c1-b88a60e194fb,crmid:3370621114,10,6
df4f7bb4-914c-11ea-b8d7-b88a60e194fb,crmid:8134219069,4,5
df50c7c0-914c-11ea-b95a-b88a60e194fb,crmid:2835696956,8,5
df523ae4-914c-11ea-8ea1-b88a60e194fb,crmid:7293420808,8,2
df539a80-914c-11ea-a2c8-b88a60e194fb,crmid:5564088087,9,4
df550e3a-914c-11ea-9484-b88a60e194fb,crmid:4064295825,6,4
df56a7b8-914c-11ea-8b12-b88a60e194fb,crmid:2501805762,8,5
df58562e-914c-11ea-9f81-b88a60e194fb,crmid:5518292878,9,5
df5a3dbe-914c-11ea-aa57-b88a60e194fb,crmid:2343794817,4,5
df5cfcc6-914c-11ea-bb95-b88a60e194fb,crmid:6016961481,8,5
df6009fe-914c-11ea-962b-b88a60e194fb,crmid:6620657180,4,4
df61ccc6-914c-11ea-a1e9-b88a60e194fb,crmid:4466016114,8,4
df63b3ae-914c-11ea-8510-b88a60e194fb,crmid:8070702255,3,5
df6574f8-914c-11ea-899a-b88a60e194fb,crmid:4107674724,5,7
df675d14-914c-11ea-8011-b88a60e194fb,crmid:4238420795,8,6
df68f730-914c-11ea-bace-b88a60e194fb,crmid:3451970491,9,3
df6a913a-914c-11ea-8bbe-b88a60e194fb,crmid:1497512449,8,5
df6c2b7a-914c-11ea-ab37-b88a60e194fb,crmid:5470531943,3,5
df6dd912-914c-11ea-96e2-b88a60e194fb,crmid:6914125603,7,3
df6f86b4-914c-11ea-805c-b88a60e194fb,crmid:1924927386,8,3
df710e58-914c-11ea-a90f-b88a60e194fb,crmid:2498971914,10,3
df73cc76-914c-11ea-922c-b88a60e194fb,crmid:6014061417,2,7
df758d9e-914c-11ea-a43d-b88a60e194fb,crmid:2810404414,7,4
df773b64-914c-11ea-a823-b88a60e194fb,crmid:4155701794,5,6
df795e1c-914c-11ea-977c-b88a60e194fb,crmid:7189255239,8,4
df7ae5cc-914c-11ea-b029-b88a60e194fb,crmid:7406024269,4,5
df7ccdb6-914c-11ea-bad4-b88a60e194fb,crmid:1134498794,5,3
df7f1708-914c-11ea-919b-b88a60e194fb,crmid:8954940379,4,10
df84201e-914c-11ea-9812-b88a60e194fb,crmid:5387377707,8,3
df8580f6-914c-11ea-a8d5-b88a60e194fb,crmid:1854283363,8,3
df87061e-914c-11ea-880e-b88a60e194fb,crmid:5651305940,7,3
df888cda-914c-11ea-b869-b88a60e194fb,crmid:6582492822,4,10
df8a4df6-914c-11ea-a94e-b88a60e194fb,crmid:9770333993,8,4
df8cd2ca-914c-11ea-8d28-b88a60e194fb,crmid:1220300815,9,4
df8ee1dc-914c-11ea-9caa-b88a60e194fb,crmid:1973175774,5,3
df918db4-914c-11ea-8198-b88a60e194fb,crmid:5596476968,4,8
df9425ba-914c-11ea-8b3e-b88a60e194fb,crmid:6374241030,3,4
df96aa14-914c-11ea-8af2-b88a60e194fb,crmid:6834561688,4,7
df999036-914c-11ea-926a-b88a60e194fb,crmid:3806301068,7,5
df9bede4-914c-11ea-865c-b88a60e194fb,crmid:3006412316,5,3
df9e23f8-914c-11ea-856e-b88a60e194fb,crmid:2269518633,9,4
dfa0336e-914c-11ea-8b4c-b88a60e194fb,crmid:8811786034,4,2
dfa2429c-914c-11ea-9208-b88a60e194fb,crmid:1345729310,3,4
dfa42af4-914c-11ea-8155-b88a60e194fb,crmid:9595587229,3,7
dfa626c0-914c-11ea-aa13-b88a60e194fb,crmid:7458845121,4,3
dfa7e7ec-914c-11ea-94f9-b88a60e194fb,crmid:7393210961,8,4
dfa98202-914c-11ea-a4cc-b88a60e194fb,crmid:2566928464,4,9
dfab7de6-914c-11ea-b70c-b88a60e194fb,crmid:8710509454,4,3
dfad2ba8-914c-11ea-b11a-b88a60e194fb,crmid:7123311440,4,5
dfaed952-914c-11ea-aee8-b88a60e194fb,crmid:8525136736,8,4
dfb09a6c-914c-11ea-be12-b88a60e194fb,crmid:5300114092,3,6
dfb282c2-914c-11ea-afae-b88a60e194fb,crmid:8141688391,6,7
dfb4923a-914c-11ea-9de1-b88a60e194fb,crmid:3787297150,10,3
dfb6ef86-914c-11ea-add4-b88a60e194fb,crmid:1898857609,4,8
dfb889ba-914c-11ea-b7a6-b88a60e194fb,crmid:9674753690,8,5
dfba23b6-914c-11ea-9dd4-b88a60e194fb,crmid:7559330170,7,5
dfbc1fd8-914c-11ea-a0f0-b88a60e194fb,crmid:4723855091,5,4
dfbdb9b0-914c-11ea-8303-b88a60e194fb,crmid:8548908147,2,4
dfbf6774-914c-11ea-80d6-b88a60e194fb,crmid:2081480104,7,3
dfc0da9a-914c-11ea-a20c-b88a60e194fb,crmid:6155367702,8,3
dfc24eb0-914c-11ea-a3f0-b88a60e194fb,crmid:5294500446,9,5
dfc3c0ac-914c-11ea-bec3-b88a60e194fb,crmid:8527935376,4,4
dfc5209c-914c-11ea-b1ea-b88a60e194fb,crmid:7883054335,8,5
dfc67fd4-914c-11ea-887d-b88a60e194fb,crmid:6480765863,10,3
dfc7f414-914c-11ea-8d7a-b88a60e194fb,crmid:2875932012,3,8
dfc95286-914c-11ea-a1cd-b88a60e194fb,crmid:5268577933,5,4
dfcaeca4-914c-11ea-9e88-b88a60e194fb,crmid:1624683093,6,5
dfcc9b24-914c-11ea-bed8-b88a60e194fb,crmid:8807926179,7,5
dfce3466-914c-11ea-acb4-b88a60e194fb,crmid:8030594851,8,4
dfcfcea4-914c-11ea-a1eb-b88a60e194fb,crmid:3333450030,2,6
dfd17d52-914c-11ea-8a65-b88a60e194fb,crmid:4130570919,5,3
dfd329e8-914c-11ea-9c05-b88a60e194fb,crmid:8925115877,5,8
dfd50024-914c-11ea-9a5a-b88a60e194fb,crmid:2175514759,8,3
dfd721b6-914c-11ea-bd33-b88a60e194fb,crmid:3324800418,4,3
dfd8cf34-914c-11ea-9cbc-b88a60e194fb,crmid:7916898550,8,3
dfda1b28-914c-11ea-b8b2-b88a60e194fb,crmid:4168030796,4,3
dfdbefe2-914c-11ea-8e7e-b88a60e194fb,crmid:9665598915,5,9
dfddff4c-914c-11ea-a2c7-b88a60e194fb,crmid:2045676767,5,4
dfdffb2e-914c-11ea-ae46-b88a60e194fb,crmid:4551055125,8,5
dfe195a4-914c-11ea-a844-b88a60e194fb,crmid:4194747224,7,4
dfe32ff0-914c-11ea-bc5f-b88a60e194fb,crmid:3942468316,3,8
dfe4c974-914c-11ea-af8b-b88a60e194fb,crmid:6839471592,10,5
dfe63cb0-914c-11ea-9195-b88a60e194fb,crmid:6475333935,8,3
dfe83864-914c-11ea-bd3e-b88a60e194fb,crmid:1234797493,2,4
dfe9f9f6-914c-11ea-bbd2-b88a60e194fb,crmid:6361637302,3,4
dfebf594-914c-11ea-9aab-b88a60e194fb,crmid:1194243704,8,2
dfedca3a-914c-11ea-ae63-b88a60e194fb,crmid:5750406788,4,5
dfef7826-914c-11ea-925c-b88a60e194fb,crmid:4865643585,8,5
dff1601c-914c-11ea-9b85-b88a60e194fb,crmid:7912919081,8,4
dff3aa42-914c-11ea-babf-b88a60e194fb,crmid:5223466892,4,7
dff5e080-914c-11ea-a336-b88a60e194fb,crmid:4799010753,9,4
dff77c08-914c-11ea-bd0a-b88a60e194fb,crmid:2177349141,8,4
dffa12c0-914c-11ea-9aaa-b88a60e194fb,crmid:8828990152,8,4
dffc5c7a-914c-11ea-a547-b88a60e194fb,crmid:5529391352,4,4
dffe313a-914c-11ea-8eda-b88a60e194fb,crmid:1861952726,4,5
e0002e6e-914c-11ea-a835-b88a60e194fb,crmid:7406283693,9,3
e0023c7a-914c-11ea-abbf-b88a60e194fb,crmid:7256815995,9,3
e00472e4-914c-11ea-b380-b88a60e194fb,crmid:8340998740,6,3
e00695ca-914c-11ea-8eaa-b88a60e194fb,crmid:8612936199,10,4
e008f430-914c-11ea-95d4-b88a60e194fb,crmid:8247648397,9,5
e00ac8e4-914c-11ea-9175-b88a60e194fb,crmid:8940328009,9,5
e00c892c-914c-11ea-846a-b88a60e194fb,crmid:8650609908,5,3
e00ebf74-914c-11ea-bbd5-b88a60e194fb,crmid:2242164854,4,7
e010ced8-914c-11ea-b081-b88a60e194fb,crmid:6155015281,10,4
e0130580-914c-11ea-8e41-b88a60e194fb,crmid:5842178005,9,4
e014c666-914c-11ea-9081-b88a60e194fb,crmid:8420124881,5,8
e016fcb4-914c-11ea-b3df-b88a60e194fb,crmid:1804800097,5,6
e0195b80-914c-11ea-8917-b88a60e194fb,crmid:3719694687,3,10
e01effd8-914c-11ea-afdc-b88a60e194fb,crmid:9412814332,6,3
e0212274-914c-11ea-b9f5-b88a60e194fb,crmid:1097780931,3,4
e023a6f8-914c-11ea-af29-b88a60e194fb,crmid:2795158373,8,4
e02617d8-914c-11ea-9e99-b88a60e194fb,crmid:8130750553,6,5
e027ec9c-914c-11ea-a715-b88a60e194fb,crmid:5654932022,3,5
e029c14a-914c-11ea-9cfe-b88a60e194fb,crmid:3157083671,9,6
e02b975c-914c-11ea-8c50-b88a60e194fb,crmid:1635700719,5,3
e02d7f9c-914c-11ea-ae72-b88a60e194fb,crmid:3709246182,6,7
e02f3f90-914c-11ea-a4b7-b88a60e194fb,crmid:4590365498,3,9
e0313c9a-914c-11ea-b4ee-b88a60e194fb,crmid:6644261243,5,4
e032c2a2-914c-11ea-88c8-b88a60e194fb,crmid:5239527148,7,5
e035a852-914c-11ea-9c51-b88a60e194fb,crmid:6029266086,4,5
e037caf6-914c-11ea-8baa-b88a60e194fb,crmid:9615615609,6,3
e0399fbe-914c-11ea-a967-b88a60e194fb,crmid:2175046705,9,4
e03b7512-914c-11ea-9112-b88a60e194fb,crmid:7108876968,4,5
e03cfb08-914c-11ea-a26a-b88a60e194fb,crmid:4986263514,4,4
e03e81b6-914c-11ea-b337-b88a60e194fb,crmid:1085984870,4,6
e03fba24-914c-11ea-bfd0-b88a60e194fb,crmid:4716157014,3,6
e041dd12-914c-11ea-be39-b88a60e194fb,crmid:2798362573,9,6
e0438aca-914c-11ea-ae6b-b88a60e194fb,crmid:1957320822,8,4
e0453898-914c-11ea-b1ff-b88a60e194fb,crmid:5892977709,4,5
e0470d36-914c-11ea-885f-b88a60e194fb,crmid:4549794595,5,4
e048f562-914c-11ea-b4e2-b88a60e194fb,crmid:3833651963,4,4
e04aa330-914c-11ea-93dc-b88a60e194fb,crmid:4044495275,4,2
e04cb292-914c-11ea-9a9f-b88a60e194fb,crmid:3755360827,4,2
e04e259a-914c-11ea-88dc-b88a60e194fb,crmid:7454104408,8,6
e050214a-914c-11ea-b206-b88a60e194fb,crmid:5427183198,3,8
e052312e-914c-11ea-8146-b88a60e194fb,crmid:3927483407,8,5
e053de5a-914c-11ea-b150-b88a60e194fb,crmid:2590876598,8,5
e0559fae-914c-11ea-a429-b88a60e194fb,crmid:4174710025,7,4
e056ff1a-914c-11ea-9678-b88a60e194fb,crmid:6362716316,8,4
e058acd4-914c-11ea-9497-b88a60e194fb,crmid:9792560057,4,8
e05acfb4-914c-11ea-aec7-b88a60e194fb,crmid:2840448892,5,4
e05c9276-914c-11ea-851c-b88a60e194fb,crmid:9646721800,5,5
e05e672c-914c-11ea-a82d-b88a60e194fb,crmid:3919438964,8,5
e06026b6-914c-11ea-9905-b88a60e194fb,crmid:1149983128,9,3
e061fb80-914c-11ea-b6ad-b88a60e194fb,crmid:5080512891,5,8
e06395a4-914c-11ea-908c-b88a60e194fb,crmid:8606082969,4,5
e065571c-914c-11ea-86be-b88a60e194fb,crmid:5917942987,9,2
e0670492-914c-11ea-aae8-b88a60e194fb,crmid:3812238963,7,4
e068c600-914c-11ea-b51e-b88a60e194fb,crmid:9410648991,3,5
e06a9aa4-914c-11ea-a941-b88a60e194fb,crmid:9863980498,7,3
e06c481c-914c-11ea-b9fc-b88a60e194fb,crmid:7242630334,4,3
e06e43fe-914c-11ea-b679-b88a60e194fb,crmid:1768964800,9,5
e06fa388-914c-11ea-8306-b88a60e194fb,crmid:2040772440,9,5
e071783e-914c-11ea-85a1-b88a60e194fb,crmid:7856800886,3,4
e0731262-914c-11ea-835f-b88a60e194fb,crmid:8991781990,3,7
e074d438-914c-11ea-a2f7-b88a60e194fb,crmid:8512629818,7,3
e076e2e6-914c-11ea-8364-b88a60e194fb,crmid:7736208847,6,4
e0786b08-914c-11ea-94d5-b88a60e194fb,crmid:7997856139,3,7
e079de0a-914c-11ea-bbb7-b88a60e194fb,crmid:1455141679,3,3
e07bb170-914c-11ea-8808-b88a60e194fb,crmid:1148492352,4,4
e07d3806-914c-11ea-a21b-b88a60e194fb,crmid:5260789738,3,4
e07f5b0a-914c-11ea-a960-b88a60e194fb,crmid:8049651329,3,9
e081434a-914c-11ea-bf59-b88a60e194fb,crmid:8343389488,4,9
e082c9c6-914c-11ea-9c6e-b88a60e194fb,crmid:1449220729,3,10
