id,crmid,propensity_score_credit_cards,suggested_credit_card,propensity_score_loan,suggested_loan
ce72b64a-4be1-11ea-a7f1-b88a60e194fb-1-ps,crmid:2738461692,3,Simplicity Card,4,Business Loan
ce73a0ca-4be1-11ea-91bd-b88a60e194fb-1-ps,crmid:2647178277,4,Platinum Card,3,Business Loan
ceddabfe-4be1-11ea-bae9-b88a60e194fb-1-ps,crmid:1474512300,3,Rewards Card,5,Personal Loan
cede965e-4be1-11ea-a1ed-b88a60e194fb-1-ps,crmid:8054639727,2,Simplicity Card,4,Auto Loan
cedf5b0a-4be1-11ea-a5a0-b88a60e194fb-1-ps,crmid:5733762055,4,Rewards Card,4,Personal Loan
cee0455a-4be1-11ea-9c1f-b88a60e194fb-1-ps,crmid:6869192929,3,Platinum Card,3,Auto Loan
cee108a4-4be1-11ea-aa1d-b88a60e194fb-1-ps,crmid:1048877570,5,Rewards Card,5,Auto Loan
cee1f21a-4be1-11ea-8603-b88a60e194fb-1-ps,crmid:3554169304,5,Dividend Card,3,Personal Loan
cee3033a-4be1-11ea-8a8d-b88a60e194fb-1-ps,crmid:4548314074,7,Travel Card,3,Business Loan
cee3c7e8-4be1-11ea-a856-b88a60e194fb-1-ps,crmid:1280222557,9,Travel Card,5,Auto Loan
cee4b0f0-4be1-11ea-ae53-b88a60e194fb-1-ps,crmid:1309108505,5,Rewards Card,6,Personal Loan
cf4f5970-4be1-11ea-a737-b88a60e194fb-1-ps,crmid:1767329566,3,Platinum Card,3,Student Loan
cf506acc-4be1-11ea-9938-b88a60e194fb-1-ps,crmid:5441431371,3,Business Card,3,Student Loan
cf512e1c-4be1-11ea-b0d9-b88a60e194fb-1-ps,crmid:3406506507,3,Dividend Card,5,Auto Loan
cf51f1ae-4be1-11ea-84df-b88a60e194fb-1-ps,crmid:1925921652,2,Dividend Card,4,Personal Loan
cf530300-4be1-11ea-b4c4-b88a60e194fb-1-ps,crmid:3918109307,5,Rewards Card,3,Business Loan
cf53eeac-4be1-11ea-ae27-b88a60e194fb-1-ps,crmid:2168621203,9,Student Card,5,Auto Loan
cf54fedc-4be1-11ea-94c0-b88a60e194fb-1-ps,crmid:4325581096,4,Travel Card,3,Personal Loan
cfcb401a-4be1-11ea-9790-b88a60e194fb-1-ps,crmid:9796236498,3,Simplicity Card,4,Personal Loan
cfcc52f0-4be1-11ea-a82b-b88a60e194fb-1-ps,crmid:5128334393,3,Simplicity Card,6,Student Loan
cfcd14e8-4be1-11ea-a88d-b88a60e194fb-1-ps,crmid:9389765359,6,Student Card,5,Business Loan
cfcdd95c-4be1-11ea-b52b-b88a60e194fb-1-ps,crmid:5670723893,3,Simplicity Card,4,Personal Loan
cfceea4c-4be1-11ea-b12a-b88a60e194fb-1-ps,crmid:7119004037,5,Student Card,5,Personal Loan
cfcfd414-4be1-11ea-a428-b88a60e194fb-1-ps,crmid:3300376202,3,Travel Card,3,Personal Loan
cfd0bf5e-4be1-11ea-9036-b88a60e194fb-1-ps,crmid:2652200795,5,Simplicity Card,4,Business Loan
cfd1a9f6-4be1-11ea-97ed-b88a60e194fb-1-ps,crmid:1777996776,4,Travel Card,4,Student Loan
cfd26d40-4be1-11ea-a29a-b88a60e194fb-1-ps,crmid:3396304385,5,Platinum Card,4,Auto Loan
d0413324-4be1-11ea-9593-b88a60e194fb-1-ps,crmid:6955349273,4,Platinum Card,4,Personal Loan
d04244b0-4be1-11ea-980e-b88a60e194fb-1-ps,crmid:2809184709,9,Travel Card,3,Personal Loan
d0435686-4be1-11ea-b13d-b88a60e194fb-1-ps,crmid:2583183550,4,Business Card,7,Student Loan
d044680c-4be1-11ea-92c6-b88a60e194fb-1-ps,crmid:3266459496,4,Rewards Card,9,Personal Loan
d04578fe-4be1-11ea-bfee-b88a60e194fb-1-ps,crmid:6451617118,5,Platinum Card,4,Auto Loan
d046635e-4be1-11ea-b607-b88a60e194fb-1-ps,crmid:7696174561,3,Business Card,4,Personal Loan
d04810ec-4be1-11ea-a91a-b88a60e194fb-1-ps,crmid:7908291520,2,Dividend Card,1,Personal Loan
d04949e4-4be1-11ea-b126-b88a60e194fb-1-ps,crmid:5408588745,5,Dividend Card,4,Personal Loan
d0bb1f46-4be1-11ea-aa9c-b88a60e194fb-1-ps,crmid:7587625615,5,Student Card,5,Personal Loan
d0bc09ac-4be1-11ea-a069-b88a60e194fb-1-ps,crmid:9315503911,3,Business Card,3,Personal Loan
d0bccb8c-4be1-11ea-950e-b88a60e194fb-1-ps,crmid:1227170929,3,Simplicity Card,3,Personal Loan
d0bdb724-4be1-11ea-938e-b88a60e194fb-1-ps,crmid:1437571926,5,Simplicity Card,5,Auto Loan
d0bea02c-4be1-11ea-b749-b88a60e194fb-1-ps,crmid:1459365372,4,Business Card,3,Personal Loan
d0bf8bf4-4be1-11ea-be89-b88a60e194fb-1-ps,crmid:1952538754,2,Platinum Card,7,Personal Loan
d0c07524-4be1-11ea-8c90-b88a60e194fb-1-ps,crmid:3458715922,4,Business Card,4,Business Loan
d0c1ad9c-4be1-11ea-879d-b88a60e194fb-1-ps,crmid:6205721523,3,Business Card,5,Personal Loan
d0c2bee4-4be1-11ea-bc45-b88a60e194fb-1-ps,crmid:9451121631,3,Rewards Card,6,Business Loan
d1490730-4be1-11ea-a6ee-b88a60e194fb-1-ps,crmid:8575734024,5,Business Card,5,Business Loan
d149f074-4be1-11ea-ab58-b88a60e194fb-1-ps,crmid:3511055297,5,Simplicity Card,8,Auto Loan
d14adbfa-4be1-11ea-8832-b88a60e194fb-1-ps,crmid:6399253083,3,Dividend Card,4,Personal Loan
d14b780c-4be1-11ea-8307-b88a60e194fb-1-ps,crmid:5608437225,3,Business Card,5,Student Loan
d14c89c0-4be1-11ea-a456-b88a60e194fb-1-ps,crmid:5540384147,4,Rewards Card,3,Business Loan
d14d9992-4be1-11ea-b538-b88a60e194fb-1-ps,crmid:4514877679,5,Rewards Card,3,Business Loan
d14e840a-4be1-11ea-b157-b88a60e194fb-1-ps,crmid:9155271080,4,Dividend Card,4,Personal Loan
d14f484c-4be1-11ea-b351-b88a60e194fb-1-ps,crmid:5080634772,5,Platinum Card,5,Personal Loan
d1c8e3ee-4be1-11ea-b4c2-b88a60e194fb-1-ps,crmid:6753386187,4,Dividend Card,3,Student Loan
d1c9f558-4be1-11ea-b31a-b88a60e194fb-1-ps,crmid:8454995647,4,Student Card,6,Student Loan
d1cadfc2-4be1-11ea-8b05-b88a60e194fb-1-ps,crmid:7236998437,4,Rewards Card,5,Business Loan
d1cbca1a-4be1-11ea-aa0c-b88a60e194fb-1-ps,crmid:9272133888,5,Simplicity Card,4,Auto Loan
d1ccdb64-4be1-11ea-9a3b-b88a60e194fb-1-ps,crmid:9115710928,4,Simplicity Card,4,Auto Loan
d1cdc5e6-4be1-11ea-b946-b88a60e194fb-1-ps,crmid:8779079506,5,Business Card,4,Personal Loan
d1ceb0d2-4be1-11ea-8127-b88a60e194fb-1-ps,crmid:1004068870,5,Rewards Card,6,Personal Loan
d1d00fc0-4be1-11ea-b1b3-b88a60e194fb-1-ps,crmid:8435507916,5,Dividend Card,4,Student Loan
d1d0fa1c-4be1-11ea-beab-b88a60e194fb-1-ps,crmid:8635843403,7,Business Card,4,Personal Loan
d247b0be-4be1-11ea-addf-b88a60e194fb-1-ps,crmid:6837124370,5,Simplicity Card,2,Personal Loan
d2489c68-4be1-11ea-9796-b88a60e194fb-1-ps,crmid:2374517222,5,Rewards Card,4,Student Loan
d2498570-4be1-11ea-a696-b88a60e194fb-1-ps,crmid:6050058922,3,Simplicity Card,5,Personal Loan
d24a49fa-4be1-11ea-b02b-b88a60e194fb-1-ps,crmid:9808182828,2,Rewards Card,3,Personal Loan
d24b32fa-4be1-11ea-b034-b88a60e194fb-1-ps,crmid:5064089206,4,Rewards Card,5,Personal Loan
d24bf646-4be1-11ea-82b3-b88a60e194fb-1-ps,crmid:4524583060,2,Travel Card,5,Business Loan
d24cb99e-4be1-11ea-90ce-b88a60e194fb-1-ps,crmid:6379376326,3,Travel Card,4,Business Loan
d24da3fe-4be1-11ea-98c3-b88a60e194fb-1-ps,crmid:2783084640,3,Rewards Card,3,Student Loan
d2bb32d0-4be1-11ea-b51a-b88a60e194fb-1-ps,crmid:2667314960,2,Platinum Card,3,Personal Loan
d2bc6cba-4be1-11ea-a4a8-b88a60e194fb-1-ps,crmid:6180384166,4,Rewards Card,4,Personal Loan
d2bd55be-4be1-11ea-8f4c-b88a60e194fb-1-ps,crmid:1673938394,4,Travel Card,2,Personal Loan
d2be190a-4be1-11ea-9917-b88a60e194fb-1-ps,crmid:1976495028,3,Dividend Card,5,Business Loan
d2bf0370-4be1-11ea-a4b4-b88a60e194fb-1-ps,crmid:8827473089,5,Platinum Card,3,Personal Loan
d2bfc6be-4be1-11ea-bf96-b88a60e194fb-1-ps,crmid:9579814337,6,Dividend Card,9,Business Loan
d2c0b0f4-4be1-11ea-8598-b88a60e194fb-1-ps,crmid:4464220037,3,Simplicity Card,6,Personal Loan
d2c19c14-4be1-11ea-baf3-b88a60e194fb-1-ps,crmid:8524020590,3,Travel Card,6,Personal Loan
d3273ae2-4be1-11ea-8329-b88a60e194fb-1-ps,crmid:8567490349,4,Rewards Card,7,Student Loan
d3282542-4be1-11ea-ab7c-b88a60e194fb-1-ps,crmid:7410716670,4,Simplicity Card,7,Auto Loan
d32910a8-4be1-11ea-a8a6-b88a60e194fb-1-ps,crmid:5048856708,5,Rewards Card,5,Student Loan
d329d2da-4be1-11ea-886e-b88a60e194fb-1-ps,crmid:3542061635,8,Travel Card,5,Business Loan
d32a96d0-4be1-11ea-891d-b88a60e194fb-1-ps,crmid:6047809491,4,Dividend Card,9,Personal Loan
d32b598c-4be1-11ea-930c-b88a60e194fb-1-ps,crmid:8179930447,3,Rewards Card,5,Student Loan
d32c43e2-4be1-11ea-9e54-b88a60e194fb-1-ps,crmid:1777996776,3,Simplicity Card,4,Personal Loan
d32d0880-4be1-11ea-8273-b88a60e194fb-1-ps,crmid:4736491069,5,Student Card,5,Business Loan
d32e1994-4be1-11ea-bc6f-b88a60e194fb-1-ps,crmid:3205815530,4,Travel Card,7,Personal Loan
d39c919e-4be1-11ea-9e9b-b88a60e194fb-1-ps,crmid:1895421364,5,Student Card,8,Business Loan
d39d7bf8-4be1-11ea-8b78-b88a60e194fb-1-ps,crmid:7595880385,3,Simplicity Card,9,Student Loan
d39e3f54-4be1-11ea-91bc-b88a60e194fb-1-ps,crmid:3433744826,3,Travel Card,3,Auto Loan
d39f29b4-4be1-11ea-9252-b88a60e194fb-1-ps,crmid:3358796554,4,Simplicity Card,5,Personal Loan
d39fc5f0-4be1-11ea-968d-b88a60e194fb-1-ps,crmid:5475871280,3,Simplicity Card,3,Personal Loan
d3a0b050-4be1-11ea-9ba7-b88a60e194fb-1-ps,crmid:2897883166,4,Student Card,3,Personal Loan
d3a1739a-4be1-11ea-8fbb-b88a60e194fb-1-ps,crmid:2534645151,5,Dividend Card,4,Auto Loan
d3a25dfe-4be1-11ea-b476-b88a60e194fb-1-ps,crmid:9234852604,4,Business Card,4,Auto Loan
d40d06ae-4be1-11ea-8441-b88a60e194fb-1-ps,crmid:1893299344,4,Simplicity Card,3,Student Loan
d40df27e-4be1-11ea-bb1a-b88a60e194fb-1-ps,crmid:5406005259,5,Platinum Card,3,Student Loan
d40eb5a6-4be1-11ea-b631-b88a60e194fb-1-ps,crmid:7141777131,4,Travel Card,5,Student Loan
d40f78ee-4be1-11ea-a11d-b88a60e194fb-1-ps,crmid:3017040917,4,Rewards Card,4,Personal Loan
d4108906-4be1-11ea-9e15-b88a60e194fb-1-ps,crmid:1733423994,5,Travel Card,6,Personal Loan
d4114c48-4be1-11ea-8787-b88a60e194fb-1-ps,crmid:7458226151,4,Student Card,10,Personal Loan
d4125dd0-4be1-11ea-ae6c-b88a60e194fb-1-ps,crmid:4094794212,4,Platinum Card,6,Auto Loan
d412fb5c-4be1-11ea-a25d-b88a60e194fb-1-ps,crmid:3205825845,5,Platinum Card,4,Personal Loan
d47cdf38-4be1-11ea-a19c-b88a60e194fb-1-ps,crmid:8424782198,4,Simplicity Card,3,Personal Loan
d47dc9d8-4be1-11ea-8bfa-b88a60e194fb-1-ps,crmid:6667409828,5,Platinum Card,4,Business Loan
d47eb55a-4be1-11ea-b666-b88a60e194fb-1-ps,crmid:9546944591,5,Student Card,5,Personal Loan
d47f78a8-4be1-11ea-9b59-b88a60e194fb-1-ps,crmid:6554959489,6,Simplicity Card,6,Auto Loan
d4803bba-4be1-11ea-8686-b88a60e194fb-1-ps,crmid:9839131106,4,Dividend Card,3,Business Loan
d480fefa-4be1-11ea-b405-b88a60e194fb-1-ps,crmid:4154607064,3,Student Card,3,Personal Loan
d481c282-4be1-11ea-9fa8-b88a60e194fb-1-ps,crmid:1240803301,3,Travel Card,9,Personal Loan
d48284ca-4be1-11ea-82d3-b88a60e194fb-1-ps,crmid:1018262797,4,Simplicity Card,8,Student Loan
d4ee658c-4be1-11ea-a987-b88a60e194fb-1-ps,crmid:1629601759,4,Business Card,5,Student Loan
d4ef4ff4-4be1-11ea-9943-b88a60e194fb-1-ps,crmid:5085915177,3,Student Card,4,Business Loan
d4f0615c-4be1-11ea-959e-b88a60e194fb-1-ps,crmid:6007702072,4,Business Card,5,Auto Loan
d4f12498-4be1-11ea-a781-b88a60e194fb-1-ps,crmid:8595735284,4,Rewards Card,6,Personal Loan
d4f1e7e2-4be1-11ea-bd27-b88a60e194fb-1-ps,crmid:3956905743,3,Travel Card,4,Personal Loan
d4f2f962-4be1-11ea-b2c1-b88a60e194fb-1-ps,crmid:7613176104,5,Simplicity Card,4,Auto Loan
d4f3e3a8-4be1-11ea-9f70-b88a60e194fb-1-ps,crmid:8656285059,3,Dividend Card,3,Personal Loan
d4f4ce2c-4be1-11ea-893a-b88a60e194fb-1-ps,crmid:4614913772,5,Rewards Card,4,Auto Loan
d4f59192-4be1-11ea-b4e7-b88a60e194fb-1-ps,crmid:5742925861,3,Business Card,4,Auto Loan
d560fd2e-4be1-11ea-aab3-b88a60e194fb-1-ps,crmid:7463785187,4,Student Card,5,Personal Loan
d561e794-4be1-11ea-9e1c-b88a60e194fb-1-ps,crmid:7998274322,4,Simplicity Card,4,Student Loan
d562d1f0-4be1-11ea-81e5-b88a60e194fb-1-ps,crmid:8238929952,3,Rewards Card,3,Business Loan
d563bc52-4be1-11ea-b971-b88a60e194fb-1-ps,crmid:4783460910,6,Dividend Card,3,Business Loan
d5647fa2-4be1-11ea-bb8b-b88a60e194fb-1-ps,crmid:5771910889,4,Simplicity Card,5,Personal Loan
d5656a00-4be1-11ea-b199-b88a60e194fb-1-ps,crmid:8589543162,5,Platinum Card,10,Personal Loan
d5662d52-4be1-11ea-8640-b88a60e194fb-1-ps,crmid:6897901731,5,Simplicity Card,5,Personal Loan
d566c98c-4be1-11ea-a0f0-b88a60e194fb-1-ps,crmid:4543182366,1,Travel Card,9,Personal Loan
d5d19922-4be1-11ea-88d4-b88a60e194fb-1-ps,crmid:6769452418,4,Rewards Card,6,Auto Loan
d5d28392-4be1-11ea-9be4-b88a60e194fb-1-ps,crmid:5397318719,5,Student Card,3,Auto Loan
d5d36dda-4be1-11ea-92de-b88a60e194fb-1-ps,crmid:5463093641,4,Dividend Card,3,Auto Loan
d5d43136-4be1-11ea-9ce0-b88a60e194fb-1-ps,crmid:3531026922,5,Business Card,3,Personal Loan
d5d51b88-4be1-11ea-b92b-b88a60e194fb-1-ps,crmid:4023884268,3,Dividend Card,8,Personal Loan
d5d605f0-4be1-11ea-a432-b88a60e194fb-1-ps,crmid:9465633667,5,Dividend Card,3,Personal Loan
d5d6c940-4be1-11ea-a5ae-b88a60e194fb-1-ps,crmid:7564142932,8,Dividend Card,4,Auto Loan
d5d7daae-4be1-11ea-a742-b88a60e194fb-1-ps,crmid:6917785311,2,Student Card,2,Auto Loan
d5d89dfe-4be1-11ea-be1c-b88a60e194fb-1-ps,crmid:8339568218,3,Rewards Card,3,Personal Loan
d645e00c-4be1-11ea-ad3b-b88a60e194fb-1-ps,crmid:8564882439,3,Simplicity Card,8,Personal Loan
d646ca90-4be1-11ea-8cdc-b88a60e194fb-1-ps,crmid:6670863996,4,Rewards Card,4,Business Loan
d647b366-4be1-11ea-934e-b88a60e194fb-1-ps,crmid:4042709719,6,Rewards Card,5,Personal Loan
d6487822-4be1-11ea-9096-b88a60e194fb-1-ps,crmid:5481267276,3,Business Card,5,Personal Loan
d6493b76-4be1-11ea-b0e9-b88a60e194fb-1-ps,crmid:1002387514,3,Platinum Card,8,Auto Loan
d64a2470-4be1-11ea-89fa-b88a60e194fb-1-ps,crmid:3351648730,5,Travel Card,4,Business Loan
d64ae7d0-4be1-11ea-9a09-b88a60e194fb-1-ps,crmid:5963592980,3,Simplicity Card,5,Student Loan
d64bd230-4be1-11ea-9f2f-b88a60e194fb-1-ps,crmid:3489408991,4,Simplicity Card,3,Business Loan
d6b5b764-4be1-11ea-9785-b88a60e194fb-1-ps,crmid:3272505925,5,Travel Card,2,Business Loan
d6b6a1d8-4be1-11ea-9a3b-b88a60e194fb-1-ps,crmid:2036635617,5,Business Card,5,Auto Loan
d6b78c28-4be1-11ea-bdba-b88a60e194fb-1-ps,crmid:8536168980,7,Rewards Card,4,Personal Loan
d6b84f74-4be1-11ea-9653-b88a60e194fb-1-ps,crmid:6429097900,3,Business Card,5,Personal Loan
d6b912c6-4be1-11ea-8fce-b88a60e194fb-1-ps,crmid:6795293207,5,Rewards Card,3,Personal Loan
d6b9fd2e-4be1-11ea-a299-b88a60e194fb-1-ps,crmid:3198947792,4,Simplicity Card,4,Auto Loan
d6bac076-4be1-11ea-b278-b88a60e194fb-1-ps,crmid:5560956401,2,Student Card,4,Personal Loan
d6bbaacc-4be1-11ea-bfba-b88a60e194fb-1-ps,crmid:4525493420,4,Rewards Card,5,Personal Loan
d72a7206-4be1-11ea-b49c-b88a60e194fb-1-ps,crmid:2372661066,3,Travel Card,8,Auto Loan
d72b8380-4be1-11ea-8b41-b88a60e194fb-1-ps,crmid:8678166600,6,Student Card,6,Personal Loan
d72c6db6-4be1-11ea-8a8a-b88a60e194fb-1-ps,crmid:6768263085,3,Dividend Card,4,Business Loan
d72d3254-4be1-11ea-a7b0-b88a60e194fb-1-ps,crmid:5098558983,4,Student Card,5,Student Loan
d72df59a-4be1-11ea-9ee8-b88a60e194fb-1-ps,crmid:2176119684,3,Simplicity Card,4,Personal Loan
d72eb8dc-4be1-11ea-b9c4-b88a60e194fb-1-ps,crmid:9209411930,6,Student Card,5,Personal Loan
d72fa202-4be1-11ea-b06f-b88a60e194fb-1-ps,crmid:9017027295,5,Rewards Card,4,Business Loan
d7308dc6-4be1-11ea-92d5-b88a60e194fb-1-ps,crmid:2537860962,5,Simplicity Card,5,Business Loan
d7315086-4be1-11ea-9380-b88a60e194fb-1-ps,crmid:6118258630,3,Travel Card,3,Student Loan
d79cbbb0-4be1-11ea-a54d-b88a60e194fb-1-ps,crmid:7068007048,3,Platinum Card,6,Auto Loan
d79d7f08-4be1-11ea-9e15-b88a60e194fb-1-ps,crmid:9365383884,5,Dividend Card,4,Personal Loan
d79e6962-4be1-11ea-94c2-b88a60e194fb-1-ps,crmid:5661481977,4,Simplicity Card,4,Personal Loan
d79f2cae-4be1-11ea-8eba-b88a60e194fb-1-ps,crmid:3858266926,3,Dividend Card,4,Auto Loan
d7a01700-4be1-11ea-aa2d-b88a60e194fb-1-ps,crmid:2483462796,4,Rewards Card,4,Personal Loan
d7a0da52-4be1-11ea-9250-b88a60e194fb-1-ps,crmid:5167414567,3,Simplicity Card,4,Auto Loan
d7a19da6-4be1-11ea-8d79-b88a60e194fb-1-ps,crmid:5228684081,3,Rewards Card,3,Auto Loan
d7a260ec-4be1-11ea-b16c-b88a60e194fb-1-ps,crmid:4013811612,4,Simplicity Card,3,Student Loan
d80eb6fe-4be1-11ea-96dc-b88a60e194fb-1-ps,crmid:2404152554,4,Simplicity Card,3,Personal Loan
d80fa162-4be1-11ea-bfa0-b88a60e194fb-1-ps,crmid:2950584258,4,Student Card,7,Auto Loan
d8108bba-4be1-11ea-9c41-b88a60e194fb-1-ps,crmid:7574332897,4,Simplicity Card,4,Student Loan
d8119d22-4be1-11ea-91c5-b88a60e194fb-1-ps,crmid:2188557460,4,Rewards Card,3,Personal Loan
d8126070-4be1-11ea-9f06-b88a60e194fb-1-ps,crmid:6622151139,4,Business Card,4,Personal Loan
d81323c2-4be1-11ea-a186-b88a60e194fb-1-ps,crmid:4525257767,3,Platinum Card,6,Personal Loan
d814352e-4be1-11ea-a845-b88a60e194fb-1-ps,crmid:8523231132,3,Business Card,4,Business Loan
d814f87e-4be1-11ea-8aa3-b88a60e194fb-1-ps,crmid:9794429137,2,Travel Card,4,Business Loan
d815bbcc-4be1-11ea-9ed0-b88a60e194fb-1-ps,crmid:6144170128,4,Travel Card,3,Personal Loan
d882138a-4be1-11ea-9ea6-b88a60e194fb-1-ps,crmid:9619710652,5,Rewards Card,5,Business Loan
d882fc6e-4be1-11ea-a6a8-b88a60e194fb-1-ps,crmid:7081207303,4,Business Card,5,Personal Loan
d8840e00-4be1-11ea-a3f3-b88a60e194fb-1-ps,crmid:8641749689,4,Travel Card,5,Auto Loan
d884d16c-4be1-11ea-b856-b88a60e194fb-1-ps,crmid:5508535606,6,Rewards Card,4,Personal Loan
d88595a2-4be1-11ea-bd27-b88a60e194fb-1-ps,crmid:9823574723,2,Student Card,5,Student Loan
d886a708-4be1-11ea-9883-b88a60e194fb-1-ps,crmid:9813033878,10,Platinum Card,4,Auto Loan
d8876a9e-4be1-11ea-a33a-b88a60e194fb-1-ps,crmid:3214445941,7,Platinum Card,4,Personal Loan
d8887aa8-4be1-11ea-abc5-b88a60e194fb-1-ps,crmid:4958687608,5,Travel Card,4,Student Loan
d8f51f0a-4be1-11ea-ab87-b88a60e194fb-1-ps,crmid:5774633550,5,Simplicity Card,3,Personal Loan
d8f60964-4be1-11ea-b071-b88a60e194fb-1-ps,crmid:8455094472,5,Simplicity Card,4,Personal Loan
d8f6ccae-4be1-11ea-a4d3-b88a60e194fb-1-ps,crmid:9745199252,3,Simplicity Card,4,Auto Loan
d8f79008-4be1-11ea-bb99-b88a60e194fb-1-ps,crmid:1264840365,4,Platinum Card,3,Business Loan
d8f8a20a-4be1-11ea-b295-b88a60e194fb-1-ps,crmid:5567825749,4,Business Card,4,Personal Loan
d8f965ac-4be1-11ea-94e1-b88a60e194fb-1-ps,crmid:1108121038,5,Dividend Card,5,Personal Loan
d8fa4fc0-4be1-11ea-b209-b88a60e194fb-1-ps,crmid:5760996711,5,Travel Card,8,Student Loan
d8fb3980-4be1-11ea-81d3-b88a60e194fb-1-ps,crmid:8020969482,3,Business Card,5,Auto Loan
d8fbfe28-4be1-11ea-83a0-b88a60e194fb-1-ps,crmid:3112181499,5,Business Card,4,Personal Loan
d967df52-4be1-11ea-ad60-b88a60e194fb-1-ps,crmid:4716280220,5,Dividend Card,3,Personal Loan
d968f07a-4be1-11ea-9130-b88a60e194fb-1-ps,crmid:6664747891,2,Student Card,2,Personal Loan
d969b462-4be1-11ea-82c0-b88a60e194fb-1-ps,crmid:7333697938,3,Travel Card,4,Student Loan
d96a75fa-4be1-11ea-bd22-b88a60e194fb-1-ps,crmid:9971062601,4,Student Card,7,Auto Loan
d96b6186-4be1-11ea-885e-b88a60e194fb-1-ps,crmid:6888183133,3,Student Card,4,Student Loan
d96bfdf8-4be1-11ea-92a6-b88a60e194fb-1-ps,crmid:4659315274,3,Dividend Card,4,Personal Loan
d96d0dec-4be1-11ea-800a-b88a60e194fb-1-ps,crmid:9663606862,3,Dividend Card,3,Business Loan
d96dd2ba-4be1-11ea-81f3-b88a60e194fb-1-ps,crmid:9377374906,3,Business Card,6,Student Loan
d96e95de-4be1-11ea-a2f1-b88a60e194fb-1-ps,crmid:4199947383,3,Simplicity Card,8,Auto Loan
d9dc715c-4be1-11ea-b46d-b88a60e194fb-1-ps,crmid:8702280935,4,Platinum Card,7,Business Loan
d9dd5bba-4be1-11ea-9023-b88a60e194fb-1-ps,crmid:1960923795,4,Student Card,7,Auto Loan
d9de460c-4be1-11ea-8458-b88a60e194fb-1-ps,crmid:2448824858,4,Travel Card,4,Personal Loan
d9df0966-4be1-11ea-9e2a-b88a60e194fb-1-ps,crmid:3816799995,5,Rewards Card,3,Business Loan
d9dff3c8-4be1-11ea-ac95-b88a60e194fb-1-ps,crmid:3577409471,5,Rewards Card,4,Student Loan
d9e0de22-4be1-11ea-ace4-b88a60e194fb-1-ps,crmid:5830467910,5,Rewards Card,8,Auto Loan
d9e1c88c-4be1-11ea-9471-b88a60e194fb-1-ps,crmid:2433102083,3,Dividend Card,4,Personal Loan
d9e34f1c-4be1-11ea-8aba-b88a60e194fb-1-ps,crmid:4670274540,7,Platinum Card,4,Business Loan
da5b3fae-4be1-11ea-9b63-b88a60e194fb-1-ps,crmid:6118209909,3,Business Card,3,Personal Loan
da5c292e-4be1-11ea-9be4-b88a60e194fb-1-ps,crmid:6385850640,3,Dividend Card,2,Personal Loan
da5d1302-4be1-11ea-a27c-b88a60e194fb-1-ps,crmid:1001354981,5,Simplicity Card,4,Business Loan
da5dfd5a-4be1-11ea-9f90-b88a60e194fb-1-ps,crmid:6547845849,5,Travel Card,7,Business Loan
da5ec0ba-4be1-11ea-9ff8-b88a60e194fb-1-ps,crmid:2341222164,5,Business Card,2,Personal Loan
da5fd228-4be1-11ea-9740-b88a60e194fb-1-ps,crmid:5141211892,5,Dividend Card,2,Personal Loan
da60bc7a-4be1-11ea-9a41-b88a60e194fb-1-ps,crmid:1424445759,4,Simplicity Card,5,Personal Loan
da61a7ee-4be1-11ea-bb78-b88a60e194fb-1-ps,crmid:2605416284,8,Business Card,4,Personal Loan
dade297a-4be1-11ea-ba25-b88a60e194fb-1-ps,crmid:8259000971,4,Dividend Card,4,Personal Loan
dadf638a-4be1-11ea-9377-b88a60e194fb-1-ps,crmid:8273236146,2,Rewards Card,8,Personal Loan
dae073f0-4be1-11ea-b12c-b88a60e194fb-1-ps,crmid:1505032309,4,Rewards Card,5,Personal Loan
dae184ca-4be1-11ea-93e7-b88a60e194fb-1-ps,crmid:5330445254,5,Rewards Card,5,Business Loan
dae26f34-4be1-11ea-98bf-b88a60e194fb-1-ps,crmid:6697422369,3,Student Card,8,Personal Loan
dae380ac-4be1-11ea-b224-b88a60e194fb-1-ps,crmid:5238686390,2,Business Card,6,Business Loan
dae493c6-4be1-11ea-b270-b88a60e194fb-1-ps,crmid:8637238329,6,Business Card,5,Business Loan
dae55588-4be1-11ea-afc9-b88a60e194fb-1-ps,crmid:7310557498,5,Travel Card,4,Personal Loan
dae666e2-4be1-11ea-92a9-b88a60e194fb-1-ps,crmid:8892658011,4,Platinum Card,6,Personal Loan
db5f419c-4be1-11ea-a686-b88a60e194fb-1-ps,crmid:4462223176,5,Platinum Card,4,Student Loan
db602bf4-4be1-11ea-8eeb-b88a60e194fb-1-ps,crmid:2327131617,5,Dividend Card,2,Student Loan
db60ef4a-4be1-11ea-af50-b88a60e194fb-1-ps,crmid:1297587973,4,Platinum Card,2,Student Loan
db61d84a-4be1-11ea-adde-b88a60e194fb-1-ps,crmid:1164962720,4,Dividend Card,4,Personal Loan
db62c374-4be1-11ea-9f68-b88a60e194fb-1-ps,crmid:4758259299,2,Business Card,5,Personal Loan
db63ad08-4be1-11ea-8dda-b88a60e194fb-1-ps,crmid:8023244994,3,Travel Card,3,Auto Loan
db649758-4be1-11ea-9fb7-b88a60e194fb-1-ps,crmid:7274537758,4,Student Card,5,Personal Loan
db6583e8-4be1-11ea-86c1-b88a60e194fb-1-ps,crmid:1984526673,6,Travel Card,3,Auto Loan
dbd449d0-4be1-11ea-8c1a-b88a60e194fb-1-ps,crmid:3491647534,4,Travel Card,4,Business Loan
dbd5336c-4be1-11ea-8f97-b88a60e194fb-1-ps,crmid:4401792130,5,Simplicity Card,4,Student Loan
dbd61f1a-4be1-11ea-90fa-b88a60e194fb-1-ps,crmid:6220232019,4,Student Card,8,Personal Loan
dbd6e25c-4be1-11ea-b4ff-b88a60e194fb-1-ps,crmid:7382615087,4,Platinum Card,8,Auto Loan
dbd7a5a2-4be1-11ea-b9b9-b88a60e194fb-1-ps,crmid:4609089647,3,Dividend Card,2,Auto Loan
dbd8679a-4be1-11ea-8ca1-b88a60e194fb-1-ps,crmid:2522876505,4,Platinum Card,9,Personal Loan
dbd97a62-4be1-11ea-a1ce-b88a60e194fb-1-ps,crmid:7076007914,5,Simplicity Card,3,Auto Loan
dbda3d98-4be1-11ea-bec8-b88a60e194fb-1-ps,crmid:9465633667,5,Travel Card,3,Personal Loan
dbdb0100-4be1-11ea-92d8-b88a60e194fb-1-ps,crmid:9186313644,3,Business Card,4,Auto Loan
dc44bdd8-4be1-11ea-92fd-b88a60e194fb-1-ps,crmid:7691811656,3,Business Card,5,Business Loan
dc461d78-4be1-11ea-933b-b88a60e194fb-1-ps,crmid:9431880846,5,Travel Card,4,Personal Loan
dc472eb8-4be1-11ea-8431-b88a60e194fb-1-ps,crmid:1902745752,2,Travel Card,4,Student Loan
dc47f20c-4be1-11ea-8bb5-b88a60e194fb-1-ps,crmid:8176161014,3,Business Card,3,Personal Loan
dc4903cc-4be1-11ea-a29c-b88a60e194fb-1-ps,crmid:3311466601,2,Business Card,4,Auto Loan
dc4a6318-4be1-11ea-a489-b88a60e194fb-1-ps,crmid:8755391089,3,Dividend Card,3,Business Loan
dc4b2688-4be1-11ea-b2b0-b88a60e194fb-1-ps,crmid:7688758199,3,Student Card,7,Personal Loan
dc4c10f4-4be1-11ea-88fc-b88a60e194fb-1-ps,crmid:2455122538,5,Rewards Card,4,Personal Loan
dcb6b974-4be1-11ea-914e-b88a60e194fb-1-ps,crmid:3224389889,3,Travel Card,2,Personal Loan
dcb7a3a4-4be1-11ea-8aef-b88a60e194fb-1-ps,crmid:9104227536,2,Travel Card,5,Student Loan
dcb866f6-4be1-11ea-a003-b88a60e194fb-1-ps,crmid:2394835971,4,Business Card,4,Personal Loan
dcb95148-4be1-11ea-b672-b88a60e194fb-1-ps,crmid:3578119370,3,Simplicity Card,5,Personal Loan
dcba14a2-4be1-11ea-9e24-b88a60e194fb-1-ps,crmid:2251545315,4,Student Card,5,Auto Loan
dcbad7e8-4be1-11ea-a47b-b88a60e194fb-1-ps,crmid:9409448415,5,Business Card,4,Business Loan
dcbbc24c-4be1-11ea-a21f-b88a60e194fb-1-ps,crmid:7818994532,5,Dividend Card,5,Business Loan
dcbc870a-4be1-11ea-a830-b88a60e194fb-1-ps,crmid:8215389459,3,Business Card,4,Personal Loan
dcbd7148-4be1-11ea-a4b1-b88a60e194fb-1-ps,crmid:5905685987,3,Simplicity Card,7,Auto Loan
dd2c856c-4be1-11ea-beeb-b88a60e194fb-1-ps,crmid:4120119133,4,Travel Card,4,Personal Loan
dd2d6fd0-4be1-11ea-8c25-b88a60e194fb-1-ps,crmid:2765372690,3,Rewards Card,10,Personal Loan
dd2e5a30-4be1-11ea-b13c-b88a60e194fb-1-ps,crmid:9709700110,2,Rewards Card,4,Personal Loan
dd2f1d64-4be1-11ea-ad6f-b88a60e194fb-1-ps,crmid:3217023239,3,Rewards Card,5,Business Loan
dd2fe0ba-4be1-11ea-9cec-b88a60e194fb-1-ps,crmid:4170910695,4,Student Card,2,Personal Loan
dd30a42c-4be1-11ea-b23e-b88a60e194fb-1-ps,crmid:1416351019,3,Simplicity Card,5,Personal Loan
dd316776-4be1-11ea-ae78-b88a60e194fb-1-ps,crmid:2201307201,5,Rewards Card,5,Personal Loan
dd3251dc-4be1-11ea-91db-b88a60e194fb-1-ps,crmid:8398116106,6,Dividend Card,2,Student Loan
dd331664-4be1-11ea-b658-b88a60e194fb-1-ps,crmid:8249134718,4,Platinum Card,8,Auto Loan
dda3d854-4be1-11ea-9d6f-b88a60e194fb-1-ps,crmid:5847867169,3,Student Card,4,Auto Loan
dda4c3e2-4be1-11ea-b662-b88a60e194fb-1-ps,crmid:4691401681,4,Dividend Card,5,Auto Loan
dda586e6-4be1-11ea-87fc-b88a60e194fb-1-ps,crmid:9411753444,3,Dividend Card,8,Business Loan
dda64a5a-4be1-11ea-9ad6-b88a60e194fb-1-ps,crmid:3568238993,4,Platinum Card,4,Personal Loan
dda73366-4be1-11ea-b5d0-b88a60e194fb-1-ps,crmid:7008628937,3,Travel Card,5,Personal Loan
dda81f24-4be1-11ea-a314-b88a60e194fb-1-ps,crmid:6180811670,6,Travel Card,6,Personal Loan
dda90966-4be1-11ea-a902-b88a60e194fb-1-ps,crmid:4340338619,4,Travel Card,4,Business Loan
dda9f3c6-4be1-11ea-a842-b88a60e194fb-1-ps,crmid:1289502267,5,Travel Card,2,Personal Loan
de153742-4be1-11ea-888b-b88a60e194fb-1-ps,crmid:4828691191,4,Travel Card,2,Auto Loan
de162192-4be1-11ea-a4e7-b88a60e194fb-1-ps,crmid:2101440773,4,Dividend Card,9,Business Loan
de16e4da-4be1-11ea-9888-b88a60e194fb-1-ps,crmid:2252171099,3,Simplicity Card,4,Business Loan
de17a898-4be1-11ea-a659-b88a60e194fb-1-ps,crmid:9827008661,4,Dividend Card,4,Business Loan
de1892d8-4be1-11ea-9d9a-b88a60e194fb-1-ps,crmid:2183656354,7,Business Card,5,Auto Loan
de197d06-4be1-11ea-9ce0-b88a60e194fb-1-ps,crmid:1685596254,4,Rewards Card,3,Personal Loan
de1a418c-4be1-11ea-8a4a-b88a60e194fb-1-ps,crmid:3654050329,5,Dividend Card,4,Business Loan
de1b2bfa-4be1-11ea-9721-b88a60e194fb-1-ps,crmid:1227491795,4,Student Card,4,Auto Loan
de89cafa-4be1-11ea-b5c6-b88a60e194fb-1-ps,crmid:2121664323,4,Simplicity Card,4,Personal Loan
de8ab548-4be1-11ea-af46-b88a60e194fb-1-ps,crmid:6911488460,3,Dividend Card,4,Personal Loan
de8bc822-4be1-11ea-9fe3-b88a60e194fb-1-ps,crmid:8740151547,5,Travel Card,4,Business Loan
de8c89f4-4be1-11ea-a7ec-b88a60e194fb-1-ps,crmid:1366784950,4,Travel Card,4,Auto Loan
de8d744c-4be1-11ea-a123-b88a60e194fb-1-ps,crmid:4130316695,4,Travel Card,4,Personal Loan
de8e379a-4be1-11ea-83a8-b88a60e194fb-1-ps,crmid:4005708410,4,Dividend Card,4,Auto Loan
de8f21fe-4be1-11ea-8ad2-b88a60e194fb-1-ps,crmid:8280292505,3,Platinum Card,5,Business Loan
de900c58-4be1-11ea-9600-b88a60e194fb-1-ps,crmid:9352460704,4,Simplicity Card,6,Student Loan
de90cf9e-4be1-11ea-9969-b88a60e194fb-1-ps,crmid:3801809738,4,Student Card,5,Personal Loan
df00f6c6-4be1-11ea-8b97-b88a60e194fb-1-ps,crmid:3369590118,4,Business Card,4,Auto Loan
df01e242-4be1-11ea-8f38-b88a60e194fb-1-ps,crmid:4987601855,3,Dividend Card,8,Student Loan
df02a454-4be1-11ea-ba28-b88a60e194fb-1-ps,crmid:4543223021,3,Business Card,4,Business Loan
df038e86-4be1-11ea-a932-b88a60e194fb-1-ps,crmid:1823672064,3,Business Card,8,Personal Loan
df047a58-4be1-11ea-b5da-b88a60e194fb-1-ps,crmid:5294184961,4,Platinum Card,4,Personal Loan
df056358-4be1-11ea-b08c-b88a60e194fb-1-ps,crmid:5494720976,6,Business Card,3,Business Loan
df064dc6-4be1-11ea-afe9-b88a60e194fb-1-ps,crmid:4758788504,3,Simplicity Card,4,Business Loan
df06ea02-4be1-11ea-8d2c-b88a60e194fb-1-ps,crmid:4647788664,2,Student Card,4,Business Loan
df07ad5c-4be1-11ea-84f4-b88a60e194fb-1-ps,crmid:2033724870,4,Platinum Card,5,Auto Loan
df776034-4be1-11ea-8ebb-b88a60e194fb-1-ps,crmid:6933899541,3,Travel Card,5,Auto Loan
df7871a8-4be1-11ea-8b45-b88a60e194fb-1-ps,crmid:4805095186,5,Dividend Card,3,Personal Loan
df795c02-4be1-11ea-ab77-b88a60e194fb-1-ps,crmid:1489527402,4,Travel Card,5,Personal Loan
df7a6bfe-4be1-11ea-bf50-b88a60e194fb-1-ps,crmid:2768374217,2,Rewards Card,4,Student Loan
df7b2f78-4be1-11ea-8e44-b88a60e194fb-1-ps,crmid:2787168537,4,Business Card,5,Business Loan
df7c19de-4be1-11ea-9d3d-b88a60e194fb-1-ps,crmid:1835245606,4,Simplicity Card,3,Personal Loan
df7cdd1a-4be1-11ea-9232-b88a60e194fb-1-ps,crmid:7094018310,4,Simplicity Card,3,Student Loan
df7da076-4be1-11ea-b908-b88a60e194fb-1-ps,crmid:7464622789,9,Travel Card,4,Business Loan
df7e8bd0-4be1-11ea-8305-b88a60e194fb-1-ps,crmid:2881296716,5,Travel Card,5,Personal Loan
dfee6350-4be1-11ea-a07e-b88a60e194fb-1-ps,crmid:6265184286,5,Student Card,5,Auto Loan
dfef4db0-4be1-11ea-8181-b88a60e194fb-1-ps,crmid:7824429078,3,Business Card,4,Student Loan
dff03802-4be1-11ea-91dc-b88a60e194fb-1-ps,crmid:7304930298,4,Travel Card,5,Auto Loan
dff0d442-4be1-11ea-84d0-b88a60e194fb-1-ps,crmid:6191205188,3,Rewards Card,4,Personal Loan
dff1be9e-4be1-11ea-9368-b88a60e194fb-1-ps,crmid:6448695976,8,Simplicity Card,4,Auto Loan
dff281f6-4be1-11ea-8b8e-b88a60e194fb-1-ps,crmid:9449854807,1,Student Card,7,Personal Loan
dff34542-4be1-11ea-a267-b88a60e194fb-1-ps,crmid:1185132756,3,Travel Card,4,Business Loan
dff4306c-4be1-11ea-858f-b88a60e194fb-1-ps,crmid:2492462482,6,Platinum Card,2,Personal Loan
dff519fe-4be1-11ea-9637-b88a60e194fb-1-ps,crmid:4949055264,3,Rewards Card,5,Personal Loan
e061718c-4be1-11ea-8dd5-b88a60e194fb-1-ps,crmid:2167427559,5,Simplicity Card,5,Auto Loan
e0625ab4-4be1-11ea-b344-b88a60e194fb-1-ps,crmid:2719881954,4,Simplicity Card,4,Personal Loan
e0642f68-4be1-11ea-a358-b88a60e194fb-1-ps,crmid:6062310065,5,Student Card,4,Personal Loan
e064f2ba-4be1-11ea-88c7-b88a60e194fb-1-ps,crmid:7858538956,5,Student Card,4,Student Loan
e065dd1c-4be1-11ea-9a41-b88a60e194fb-1-ps,crmid:9555063709,4,Travel Card,2,Business Loan
e066c764-4be1-11ea-a78c-b88a60e194fb-1-ps,crmid:2801427124,4,Platinum Card,3,Business Loan
e067b1c6-4be1-11ea-b85c-b88a60e194fb-1-ps,crmid:4012684858,7,Rewards Card,2,Personal Loan
e0687514-4be1-11ea-b0ce-b88a60e194fb-1-ps,crmid:9035381578,6,Dividend Card,4,Personal Loan
e069385e-4be1-11ea-94d5-b88a60e194fb-1-ps,crmid:5525727947,4,Simplicity Card,4,Student Loan
e0d89d62-4be1-11ea-91bd-b88a60e194fb-1-ps,crmid:7342623401,4,Rewards Card,2,Personal Loan
e0d98662-4be1-11ea-ad9a-b88a60e194fb-1-ps,crmid:5506874504,3,Rewards Card,5,Auto Loan
e0da49b6-4be1-11ea-a807-b88a60e194fb-1-ps,crmid:7595791602,4,Rewards Card,6,Auto Loan
e0db0e40-4be1-11ea-a563-b88a60e194fb-1-ps,crmid:8537942885,3,Student Card,5,Personal Loan
e0dbf8a2-4be1-11ea-b00f-b88a60e194fb-1-ps,crmid:8154510747,2,Platinum Card,6,Personal Loan
e0dcbbf0-4be1-11ea-8991-b88a60e194fb-1-ps,crmid:7032184443,2,Travel Card,5,Auto Loan
e0dda506-4be1-11ea-8457-b88a60e194fb-1-ps,crmid:5710498254,8,Simplicity Card,3,Student Loan
e0deb7da-4be1-11ea-b2fd-b88a60e194fb-1-ps,crmid:8801272889,4,Student Card,5,Auto Loan
e0df53f6-4be1-11ea-9b42-b88a60e194fb-1-ps,crmid:5774633550,5,Business Card,5,Personal Loan
e1532474-4be1-11ea-831d-b88a60e194fb-1-ps,crmid:9222092591,2,Travel Card,4,Student Loan
e1540d34-4be1-11ea-a940-b88a60e194fb-1-ps,crmid:7060474094,4,Business Card,7,Business Loan
e154d1d2-4be1-11ea-b6ac-b88a60e194fb-1-ps,crmid:2586605395,4,Rewards Card,3,Personal Loan
e155bada-4be1-11ea-8a00-b88a60e194fb-1-ps,crmid:6869192929,5,Dividend Card,4,Student Loan
e1567e38-4be1-11ea-af29-b88a60e194fb-1-ps,crmid:3197710203,9,Student Card,3,Student Loan
e15742cc-4be1-11ea-9c52-b88a60e194fb-1-ps,crmid:9892045090,4,Platinum Card,4,Personal Loan
e1580636-4be1-11ea-8b95-b88a60e194fb-1-ps,crmid:4346507434,3,Student Card,4,Business Loan
e15917a6-4be1-11ea-908f-b88a60e194fb-1-ps,crmid:6214181244,4,Simplicity Card,4,Personal Loan
e1ca01da-4be1-11ea-8a78-b88a60e194fb-1-ps,crmid:5587903350,4,Travel Card,3,Auto Loan
e1caead8-4be1-11ea-a8b7-b88a60e194fb-1-ps,crmid:2525369779,5,Rewards Card,4,Auto Loan
e1cbaf76-4be1-11ea-92db-b88a60e194fb-1-ps,crmid:5208928382,5,Simplicity Card,4,Business Loan
e1cc9874-4be1-11ea-b384-b88a60e194fb-1-ps,crmid:1048462363,4,Platinum Card,4,Personal Loan
e1cd5d24-4be1-11ea-81e8-b88a60e194fb-1-ps,crmid:2378672661,4,Platinum Card,4,Business Loan
e1ce1f2c-4be1-11ea-9c29-b88a60e194fb-1-ps,crmid:1009793610,4,Rewards Card,3,Personal Loan
e1cf0968-4be1-11ea-b7e6-b88a60e194fb-1-ps,crmid:3657236246,5,Simplicity Card,4,Student Loan
e1d01c38-4be1-11ea-a85b-b88a60e194fb-1-ps,crmid:6409822814,3,Simplicity Card,5,Auto Loan
e1d10618-4be1-11ea-97e8-b88a60e194fb-1-ps,crmid:9932867439,4,Student Card,5,Auto Loan
e23c9818-4be1-11ea-b40b-b88a60e194fb-1-ps,crmid:3654184949,3,Business Card,3,Auto Loan
e23da980-4be1-11ea-ae51-b88a60e194fb-1-ps,crmid:5903286471,4,Business Card,4,Business Loan
e23ee20c-4be1-11ea-9b6a-b88a60e194fb-1-ps,crmid:6381311686,5,Student Card,3,Personal Loan
e23fcc78-4be1-11ea-9560-b88a60e194fb-1-ps,crmid:5865354734,4,Platinum Card,4,Student Loan
e240b838-4be1-11ea-ae58-b88a60e194fb-1-ps,crmid:1331442063,3,Simplicity Card,3,Personal Loan
e2417b8c-4be1-11ea-b095-b88a60e194fb-1-ps,crmid:4926219488,4,Student Card,7,Personal Loan
e2423eba-4be1-11ea-9ae2-b88a60e194fb-1-ps,crmid:9129380216,5,Business Card,3,Business Loan
e2430210-4be1-11ea-a11e-b88a60e194fb-1-ps,crmid:3249562576,3,Travel Card,3,Business Loan
e243ec36-4be1-11ea-975e-b88a60e194fb-1-ps,crmid:9264987169,2,Student Card,5,Business Loan
e2af56da-4be1-11ea-bb2f-b88a60e194fb-1-ps,crmid:9379613476,4,Platinum Card,4,Personal Loan
e2b04142-4be1-11ea-85b2-b88a60e194fb-1-ps,crmid:9488516271,3,Dividend Card,4,Business Loan
e2b1a288-4be1-11ea-b66c-b88a60e194fb-1-ps,crmid:1557973466,3,Dividend Card,5,Personal Loan
e2b30058-4be1-11ea-a7d2-b88a60e194fb-1-ps,crmid:1448477313,5,Rewards Card,3,Auto Loan
e2b3c3a4-4be1-11ea-a5de-b88a60e194fb-1-ps,crmid:8684754342,4,Business Card,2,Business Loan
e2b4ae40-4be1-11ea-bbd0-b88a60e194fb-1-ps,crmid:6440897134,3,Simplicity Card,4,Student Loan
e2b57192-4be1-11ea-94ef-b88a60e194fb-1-ps,crmid:2710291500,5,Platinum Card,3,Business Loan
e2b65bee-4be1-11ea-b7c9-b88a60e194fb-1-ps,crmid:7247662302,4,Student Card,3,Student Loan
e327472e-4be1-11ea-ba22-b88a60e194fb-1-ps,crmid:4617967228,1,Business Card,3,Personal Loan
e3283076-4be1-11ea-b53c-b88a60e194fb-1-ps,crmid:3149708040,3,Business Card,3,Personal Loan
e3291a94-4be1-11ea-a4a0-b88a60e194fb-1-ps,crmid:9028406881,5,Travel Card,1,Business Loan
e329df54-4be1-11ea-aa28-b88a60e194fb-1-ps,crmid:4210762441,2,Platinum Card,5,Auto Loan
e32aa290-4be1-11ea-9c16-b88a60e194fb-1-ps,crmid:2315119344,4,Platinum Card,4,Personal Loan
e32b64a8-4be1-11ea-a12e-b88a60e194fb-1-ps,crmid:2485649036,5,Platinum Card,4,Student Loan
e32c4ef6-4be1-11ea-9a1e-b88a60e194fb-1-ps,crmid:6614320608,3,Travel Card,4,Student Loan
e32d1342-4be1-11ea-a204-b88a60e194fb-1-ps,crmid:7894989716,4,Dividend Card,7,Personal Loan
e32dfda4-4be1-11ea-9405-b88a60e194fb-1-ps,crmid:6536658761,3,Dividend Card,6,Student Loan
e39c9e28-4be1-11ea-a7d4-b88a60e194fb-1-ps,crmid:7973149317,3,Student Card,3,Personal Loan
e39d8876-4be1-11ea-a4d3-b88a60e194fb-1-ps,crmid:5059724054,3,Business Card,7,Personal Loan
e39e4bde-4be1-11ea-b127-b88a60e194fb-1-ps,crmid:1130918651,5,Student Card,4,Business Loan
e39f0f1e-4be1-11ea-996d-b88a60e194fb-1-ps,crmid:5355278417,5,Dividend Card,4,Personal Loan
e39ff82e-4be1-11ea-b6dc-b88a60e194fb-1-ps,crmid:2632108134,3,Simplicity Card,4,Personal Loan
e3a0e3ca-4be1-11ea-b195-b88a60e194fb-1-ps,crmid:9223460134,7,Dividend Card,5,Auto Loan
e3a1ce34-4be1-11ea-a82c-b88a60e194fb-1-ps,crmid:3877382225,6,Platinum Card,3,Business Loan
e3a29180-4be1-11ea-a154-b88a60e194fb-1-ps,crmid:9020890109,6,Simplicity Card,3,Business Loan
e3a354c6-4be1-11ea-a2e0-b88a60e194fb-1-ps,crmid:1911787782,5,Travel Card,3,Student Loan
e3a416e4-4be1-11ea-b569-b88a60e194fb-1-ps,crmid:5819690033,3,Simplicity Card,4,Student Loan
e413f0d2-4be1-11ea-b195-b88a60e194fb-1-ps,crmid:4481024816,3,Business Card,4,Personal Loan
e414b422-4be1-11ea-91da-b88a60e194fb-1-ps,crmid:9942009537,4,Business Card,6,Student Loan
e4159e40-4be1-11ea-afd2-b88a60e194fb-1-ps,crmid:8525736372,2,Student Card,5,Personal Loan
e4168792-4be1-11ea-9ede-b88a60e194fb-1-ps,crmid:9272046830,4,Business Card,5,Business Loan
e4177202-4be1-11ea-94b7-b88a60e194fb-1-ps,crmid:6543795831,3,Student Card,6,Personal Loan
e418369c-4be1-11ea-a7f4-b88a60e194fb-1-ps,crmid:5151482386,5,Business Card,4,Personal Loan
e4191f86-4be1-11ea-a404-b88a60e194fb-1-ps,crmid:7384165792,5,Dividend Card,3,Business Loan
e41a0b42-4be1-11ea-b287-b88a60e194fb-1-ps,crmid:6830937941,4,Travel Card,4,Business Loan
e488362e-4be1-11ea-a035-b88a60e194fb-1-ps,crmid:9718813781,5,Dividend Card,3,Personal Loan
e4891f7a-4be1-11ea-a69a-b88a60e194fb-1-ps,crmid:7992935709,4,Rewards Card,5,Personal Loan
e489e3e4-4be1-11ea-8d86-b88a60e194fb-1-ps,crmid:9557985754,4,Business Card,4,Business Loan
e48b1b2c-4be1-11ea-99d0-b88a60e194fb-1-ps,crmid:6969047783,4,Rewards Card,4,Personal Loan
e48c5386-4be1-11ea-8610-b88a60e194fb-1-ps,crmid:5877479414,5,Travel Card,5,Student Loan
e48d182c-4be1-11ea-a1ff-b88a60e194fb-1-ps,crmid:5119689710,4,Student Card,3,Student Loan
e48e286e-4be1-11ea-b23b-b88a60e194fb-1-ps,crmid:8757114899,8,Simplicity Card,4,Student Loan
e48eed10-4be1-11ea-b76b-b88a60e194fb-1-ps,crmid:8664174892,2,Simplicity Card,5,Personal Loan
e4fec5d2-4be1-11ea-a62b-b88a60e194fb-1-ps,crmid:4163326057,5,Platinum Card,3,Personal Loan
e4ff891e-4be1-11ea-9e99-b88a60e194fb-1-ps,crmid:4408239487,4,Rewards Card,4,Personal Loan
e50071fe-4be1-11ea-a7b0-b88a60e194fb-1-ps,crmid:2684178847,5,Travel Card,4,Personal Loan
e501364c-4be1-11ea-a042-b88a60e194fb-1-ps,crmid:6256551997,3,Travel Card,4,Business Loan
e5021f90-4be1-11ea-b293-b88a60e194fb-1-ps,crmid:7082628127,5,Travel Card,5,Auto Loan
e5030a0c-4be1-11ea-b6c1-b88a60e194fb-1-ps,crmid:7697524459,5,Platinum Card,5,Personal Loan
e503ce92-4be1-11ea-8273-b88a60e194fb-1-ps,crmid:4617357154,6,Dividend Card,4,Student Loan
e50491e6-4be1-11ea-a2b8-b88a60e194fb-1-ps,crmid:7924964820,5,Rewards Card,3,Business Loan
e5057c52-4be1-11ea-b205-b88a60e194fb-1-ps,crmid:3036180041,3,Student Card,4,Personal Loan
e5750578-4be1-11ea-ad9e-b88a60e194fb-1-ps,crmid:3311466601,4,Simplicity Card,8,Student Loan
e575f0f4-4be1-11ea-919b-b88a60e194fb-1-ps,crmid:3422778297,4,Business Card,3,Personal Loan
e576db9c-4be1-11ea-85c9-b88a60e194fb-1-ps,crmid:1286422126,5,Student Card,6,Auto Loan
e57777ae-4be1-11ea-b6ab-b88a60e194fb-1-ps,crmid:7659354280,4,Platinum Card,3,Personal Loan
e5788918-4be1-11ea-a41b-b88a60e194fb-1-ps,crmid:1186238499,4,Simplicity Card,5,Personal Loan
e5794c94-4be1-11ea-98f3-b88a60e194fb-1-ps,crmid:5421163862,4,Dividend Card,4,Student Loan
e57a0e80-4be1-11ea-921c-b88a60e194fb-1-ps,crmid:3343115958,4,Simplicity Card,6,Student Loan
e57b1fda-4be1-11ea-8342-b88a60e194fb-1-ps,crmid:2520557543,3,Platinum Card,5,Business Loan
e57be322-4be1-11ea-a832-b88a60e194fb-1-ps,crmid:7063436079,4,Student Card,4,Personal Loan
e5eb6dc2-4be1-11ea-a8f7-b88a60e194fb-1-ps,crmid:2684178847,2,Rewards Card,6,Personal Loan
e5ec5812-4be1-11ea-a1e1-b88a60e194fb-1-ps,crmid:8863463214,5,Dividend Card,3,Personal Loan
e5ed1cae-4be1-11ea-a713-b88a60e194fb-1-ps,crmid:6209718601,5,Student Card,10,Personal Loan
e5ede014-4be1-11ea-b01c-b88a60e194fb-1-ps,crmid:6576100206,4,Student Card,3,Personal Loan
e5eea378-4be1-11ea-a37d-b88a60e194fb-1-ps,crmid:3688313285,3,Student Card,4,Personal Loan
e5efb4da-4be1-11ea-acf2-b88a60e194fb-1-ps,crmid:1108121038,3,Travel Card,4,Business Loan
e5f07846-4be1-11ea-9f3b-b88a60e194fb-1-ps,crmid:5234004565,4,Travel Card,5,Student Loan
e5f18840-4be1-11ea-872b-b88a60e194fb-1-ps,crmid:8541383899,3,Business Card,2,Auto Loan
e663f8ee-4be1-11ea-a9e6-b88a60e194fb-1-ps,crmid:9169753972,5,Dividend Card,6,Student Loan
e6650a52-4be1-11ea-9525-b88a60e194fb-1-ps,crmid:2654645076,3,Travel Card,4,Student Loan
e665cd9e-4be1-11ea-b363-b88a60e194fb-1-ps,crmid:6397996366,3,Simplicity Card,5,Auto Loan
e6669152-4be1-11ea-a241-b88a60e194fb-1-ps,crmid:5035935409,4,Simplicity Card,3,Personal Loan
e6677b50-4be1-11ea-ad5b-b88a60e194fb-1-ps,crmid:6161940497,4,Business Card,4,Business Loan
e6688ccc-4be1-11ea-86bc-b88a60e194fb-1-ps,crmid:9690156009,8,Simplicity Card,4,Auto Loan
e669ec5c-4be1-11ea-aeee-b88a60e194fb-1-ps,crmid:8239377359,4,Student Card,4,Auto Loan
e66afddc-4be1-11ea-bd77-b88a60e194fb-1-ps,crmid:7261539164,4,Platinum Card,4,Personal Loan
e66bc106-4be1-11ea-8b7e-b88a60e194fb-1-ps,crmid:3056459358,5,Rewards Card,2,Auto Loan
e6de7fe2-4be1-11ea-80e1-b88a60e194fb-1-ps,crmid:6742983017,8,Dividend Card,3,Business Loan
e6df6b70-4be1-11ea-aaf8-b88a60e194fb-1-ps,crmid:8328980568,4,Dividend Card,2,Personal Loan
e6e02db4-4be1-11ea-9862-b88a60e194fb-1-ps,crmid:9415253355,4,Simplicity Card,3,Student Loan
e6e1405c-4be1-11ea-adb6-b88a60e194fb-1-ps,crmid:2114978509,5,Rewards Card,3,Auto Loan
e6e20290-4be1-11ea-be86-b88a60e194fb-1-ps,crmid:4263082175,4,Rewards Card,4,Personal Loan
e6e2ecd0-4be1-11ea-98bd-b88a60e194fb-1-ps,crmid:4229512107,5,Simplicity Card,6,Personal Loan
e6e3d71a-4be1-11ea-bf2b-b88a60e194fb-1-ps,crmid:2430484579,4,Travel Card,5,Auto Loan
e6e49bd8-4be1-11ea-bdee-b88a60e194fb-1-ps,crmid:2416861457,4,Simplicity Card,5,Student Loan
e6e55f34-4be1-11ea-ac2d-b88a60e194fb-1-ps,crmid:5712851647,3,Travel Card,6,Auto Loan
e6e62210-4be1-11ea-9e77-b88a60e194fb-1-ps,crmid:9522063824,5,Dividend Card,4,Personal Loan
e7586bc6-4be1-11ea-a018-b88a60e194fb-1-ps,crmid:2575774650,5,Business Card,4,Business Loan
e7597c22-4be1-11ea-8978-b88a60e194fb-1-ps,crmid:4850588081,8,Platinum Card,4,Auto Loan
e75a667a-4be1-11ea-a7f5-b88a60e194fb-1-ps,crmid:1970900972,4,Student Card,5,Personal Loan
e75b2b40-4be1-11ea-9bed-b88a60e194fb-1-ps,crmid:4399315713,4,Business Card,4,Business Loan
e75c3b54-4be1-11ea-9b17-b88a60e194fb-1-ps,crmid:9162186971,8,Rewards Card,4,Student Loan
e75d2590-4be1-11ea-ba82-b88a60e194fb-1-ps,crmid:8879626199,4,Rewards Card,5,Auto Loan
e75e5e0a-4be1-11ea-8db1-b88a60e194fb-1-ps,crmid:3374787933,3,Travel Card,9,Personal Loan
e75f2150-4be1-11ea-b41a-b88a60e194fb-1-ps,crmid:6077496379,4,Platinum Card,5,Personal Loan
e7d1e1a4-4be1-11ea-abac-b88a60e194fb-1-ps,crmid:5754454249,3,Dividend Card,6,Auto Loan
e7d2f2ba-4be1-11ea-8120-b88a60e194fb-1-ps,crmid:9546960008,4,Travel Card,6,Personal Loan
e7d3b658-4be1-11ea-b3d5-b88a60e194fb-1-ps,crmid:3532076515,4,Dividend Card,3,Business Loan
e7d4a076-4be1-11ea-b696-b88a60e194fb-1-ps,crmid:6957416473,6,Rewards Card,4,Auto Loan
e7d5b0b8-4be1-11ea-988c-b88a60e194fb-1-ps,crmid:1863251370,5,Business Card,4,Auto Loan
e7d67566-4be1-11ea-95c4-b88a60e194fb-1-ps,crmid:5478642740,3,Platinum Card,5,Business Loan
e7d738b6-4be1-11ea-b124-b88a60e194fb-1-ps,crmid:9557985754,4,Business Card,4,Auto Loan
e7d7fc12-4be1-11ea-a452-b88a60e194fb-1-ps,crmid:9927200546,4,Simplicity Card,5,Personal Loan
e84b302c-4be1-11ea-b76f-b88a60e194fb-1-ps,crmid:3135304971,4,Platinum Card,4,Auto Loan
e84c1a90-4be1-11ea-9f80-b88a60e194fb-1-ps,crmid:6178351135,4,Platinum Card,4,Personal Loan
e84d2be6-4be1-11ea-a9d3-b88a60e194fb-1-ps,crmid:9936374314,5,Dividend Card,4,Student Loan
e84dedda-4be1-11ea-8e80-b88a60e194fb-1-ps,crmid:6596029058,5,Business Card,3,Auto Loan
e84ed990-4be1-11ea-9559-b88a60e194fb-1-ps,crmid:1975334384,6,Travel Card,5,Personal Loan
e84f9c98-4be1-11ea-8449-b88a60e194fb-1-ps,crmid:7772524254,8,Travel Card,5,Personal Loan
e850603a-4be1-11ea-87ad-b88a60e194fb-1-ps,crmid:7209250946,2,Simplicity Card,4,Auto Loan
e850fc62-4be1-11ea-a1d5-b88a60e194fb-1-ps,crmid:2211041902,4,Student Card,2,Personal Loan
e8523462-4be1-11ea-a229-b88a60e194fb-1-ps,crmid:3393450097,3,Simplicity Card,4,Business Loan
e8c2f68c-4be1-11ea-a8d9-b88a60e194fb-1-ps,crmid:8550843886,4,Business Card,4,Personal Loan
e8c3e10a-4be1-11ea-b330-b88a60e194fb-1-ps,crmid:5564331613,5,Dividend Card,4,Personal Loan
e8c4a57e-4be1-11ea-906b-b88a60e194fb-1-ps,crmid:2245530442,4,Business Card,6,Auto Loan
e8c56790-4be1-11ea-8482-b88a60e194fb-1-ps,crmid:4745522064,5,Simplicity Card,6,Personal Loan
e8c653a8-4be1-11ea-8eb1-b88a60e194fb-1-ps,crmid:9060657476,3,Rewards Card,6,Personal Loan
e8c76462-4be1-11ea-a532-b88a60e194fb-1-ps,crmid:2090902727,4,Dividend Card,5,Business Loan
e8c826c8-4be1-11ea-bd4b-b88a60e194fb-1-ps,crmid:4263082175,3,Dividend Card,2,Business Loan
e8c9381a-4be1-11ea-8585-b88a60e194fb-1-ps,crmid:3099163157,5,Simplicity Card,3,Business Loan
e8c9fb70-4be1-11ea-9ca5-b88a60e194fb-1-ps,crmid:5921827125,5,Business Card,5,Personal Loan
e93c94ac-4be1-11ea-b93c-b88a60e194fb-1-ps,crmid:1588613867,8,Platinum Card,4,Business Loan
e93d7f24-4be1-11ea-a00f-b88a60e194fb-1-ps,crmid:4975842780,5,Business Card,8,Student Loan
e93e681e-4be1-11ea-8def-b88a60e194fb-1-ps,crmid:2442704960,4,Student Card,5,Personal Loan
e93f526e-4be1-11ea-90c3-b88a60e194fb-1-ps,crmid:2470184341,8,Rewards Card,5,Personal Loan
e9403ccc-4be1-11ea-984e-b88a60e194fb-1-ps,crmid:6961944340,3,Travel Card,4,Personal Loan
e941000c-4be1-11ea-9e95-b88a60e194fb-1-ps,crmid:3542061635,5,Simplicity Card,4,Business Loan
e941c36e-4be1-11ea-933e-b88a60e194fb-1-ps,crmid:7119004037,4,Student Card,3,Student Loan
e94286b6-4be1-11ea-8040-b88a60e194fb-1-ps,crmid:3526440510,4,Student Card,6,Auto Loan
e9b54554-4be1-11ea-a8f1-b88a60e194fb-1-ps,crmid:2860994470,4,Rewards Card,5,Student Loan
e9b60a28-4be1-11ea-b8fe-b88a60e194fb-1-ps,crmid:9771402678,7,Rewards Card,6,Student Loan
