id,crmid,propensity_score_credit_cards,suggested_credit_card,propensity_score_loan,suggested_loan
606ae50a-492d-11ea-ac3f-b88a60e194fb-1-ps,crmid:8107495063,3,Student Card,5,Personal Loan
606c43be-492d-11ea-a8c7-b88a60e194fb-1-ps,crmid:9389247826,3,Travel Card,4,Personal Loan
606d548a-492d-11ea-8219-b88a60e194fb-1-ps,crmid:4717331903,5,Travel Card,3,Student Loan
606e3f1c-492d-11ea-95f4-b88a60e194fb-1-ps,crmid:7787284017,4,Rewards Card,4,Personal Loan
606f9ecc-492d-11ea-b3b3-b88a60e194fb-1-ps,crmid:4860561941,5,Platinum Card,4,Student Loan
6070fe12-492d-11ea-9904-b88a60e194fb-1-ps,crmid:4758788504,5,Dividend Card,4,Student Loan
607236ae-492d-11ea-bf9f-b88a60e194fb-1-ps,crmid:6467703102,4,Simplicity Card,5,Student Loan
60732300-492d-11ea-ba4c-b88a60e194fb-1-ps,crmid:5642393826,6,Simplicity Card,5,Student Loan
60745aae-492d-11ea-9e7d-b88a60e194fb-1-ps,crmid:7769570810,3,Dividend Card,5,Business Loan
60756c02-492d-11ea-9d06-b88a60e194fb-1-ps,crmid:6650178272,4,Business Card,4,Auto Loan
60767cae-492d-11ea-b854-b88a60e194fb-1-ps,crmid:4391159000,7,Business Card,4,Auto Loan
60778dd2-492d-11ea-abc6-b88a60e194fb-1-ps,crmid:1185739740,2,Dividend Card,4,Auto Loan
615ac0fe-492d-11ea-9b9e-b88a60e194fb-1-ps,crmid:8642281252,4,Student Card,5,Personal Loan
615bf934-492d-11ea-82dc-b88a60e194fb-1-ps,crmid:7386101994,5,Business Card,5,Business Loan
615d806e-492d-11ea-a6c6-b88a60e194fb-1-ps,crmid:7201580744,6,Student Card,5,Auto Loan
615eb876-492d-11ea-8782-b88a60e194fb-1-ps,crmid:9338281879,2,Rewards Card,4,Personal Loan
616017fa-492d-11ea-ad3c-b88a60e194fb-1-ps,crmid:2254009142,4,Simplicity Card,4,Auto Loan
61612986-492d-11ea-a55c-b88a60e194fb-1-ps,crmid:2304210995,6,Platinum Card,8,Personal Loan
616261c6-492d-11ea-93fe-b88a60e194fb-1-ps,crmid:9791422294,4,Business Card,4,Auto Loan
61637370-492d-11ea-932e-b88a60e194fb-1-ps,crmid:8946233890,2,Rewards Card,4,Auto Loan
6164abc2-492d-11ea-a15b-b88a60e194fb-1-ps,crmid:2083048601,2,Travel Card,4,Personal Loan
61663240-492d-11ea-8b6c-b88a60e194fb-1-ps,crmid:4361027335,5,Dividend Card,8,Student Loan
616791dc-492d-11ea-9b5a-b88a60e194fb-1-ps,crmid:3655632341,3,Platinum Card,3,Student Loan
6168ca7e-492d-11ea-b5bc-b88a60e194fb-1-ps,crmid:4436184352,2,Rewards Card,4,Student Loan
6169dbe6-492d-11ea-afd7-b88a60e194fb-1-ps,crmid:8642683048,3,Business Card,4,Business Loan
616b1474-492d-11ea-96e1-b88a60e194fb-1-ps,crmid:4549827725,5,Travel Card,5,Business Loan
624b1234-492d-11ea-8872-b88a60e194fb-1-ps,crmid:5854761281,4,Travel Card,5,Student Loan
624c23c6-492d-11ea-ba6e-b88a60e194fb-1-ps,crmid:5754623816,3,Business Card,4,Personal Loan
624d83ae-492d-11ea-a44c-b88a60e194fb-1-ps,crmid:7081498187,3,Platinum Card,4,Personal Loan
624ee3ca-492d-11ea-bc4d-b88a60e194fb-1-ps,crmid:8437233734,4,Simplicity Card,4,Business Loan
624fccf4-492d-11ea-940e-b88a60e194fb-1-ps,crmid:7919208522,4,Travel Card,4,Student Loan
6250de7a-492d-11ea-a821-b88a60e194fb-1-ps,crmid:5365076599,3,Business Card,3,Student Loan
6251a33e-492d-11ea-a4c0-b88a60e194fb-1-ps,crmid:8772277812,5,Rewards Card,3,Auto Loan
6252b490-492d-11ea-8c8f-b88a60e194fb-1-ps,crmid:2934934746,3,Platinum Card,4,Personal Loan
6253c4ac-492d-11ea-9f13-b88a60e194fb-1-ps,crmid:9613632915,3,Simplicity Card,4,Student Loan
625488f4-492d-11ea-b385-b88a60e194fb-1-ps,crmid:6703865843,5,Student Card,5,Auto Loan
6255c062-492d-11ea-aa07-b88a60e194fb-1-ps,crmid:6951544130,2,Dividend Card,3,Personal Loan
625683c0-492d-11ea-8748-b88a60e194fb-1-ps,crmid:1335621969,3,Dividend Card,9,Personal Loan
62579528-492d-11ea-a0e3-b88a60e194fb-1-ps,crmid:7324148301,3,Platinum Card,4,Student Loan
62587f80-492d-11ea-9bdd-b88a60e194fb-1-ps,crmid:4041487943,4,Simplicity Card,3,Student Loan
634d16b4-492d-11ea-8a9e-b88a60e194fb-1-ps,crmid:2145274284,3,Dividend Card,5,Business Loan
634e762e-492d-11ea-b699-b88a60e194fb-1-ps,crmid:7234177046,6,Dividend Card,4,Student Loan
634faea8-492d-11ea-ba7f-b88a60e194fb-1-ps,crmid:9228118074,3,Student Card,4,Personal Loan
63509906-492d-11ea-8a7e-b88a60e194fb-1-ps,crmid:6383948966,3,Platinum Card,4,Auto Loan
6351aa6c-492d-11ea-b6e9-b88a60e194fb-1-ps,crmid:6740409811,3,Student Card,4,Personal Loan
6352bbec-492d-11ea-8f05-b88a60e194fb-1-ps,crmid:3790917811,4,Dividend Card,4,Student Loan
6353cdd4-492d-11ea-8613-b88a60e194fb-1-ps,crmid:7484695399,4,Platinum Card,3,Personal Loan
635505e6-492d-11ea-ae44-b88a60e194fb-1-ps,crmid:1065275604,2,Platinum Card,4,Auto Loan
63563e54-492d-11ea-81a4-b88a60e194fb-1-ps,crmid:7948648475,5,Travel Card,4,Student Loan
635776cc-492d-11ea-a8be-b88a60e194fb-1-ps,crmid:7818994532,3,Student Card,7,Business Loan
6358882e-492d-11ea-a0d1-b88a60e194fb-1-ps,crmid:5445065027,6,Rewards Card,6,Personal Loan
635999a4-492d-11ea-92c7-b88a60e194fb-1-ps,crmid:4057158261,4,Simplicity Card,8,Personal Loan
635aab08-492d-11ea-b5d4-b88a60e194fb-1-ps,crmid:8833492936,4,Travel Card,5,Auto Loan
635c58cc-492d-11ea-954c-b88a60e194fb-1-ps,crmid:6118258630,3,Platinum Card,4,Auto Loan
635ddf5c-492d-11ea-aff2-b88a60e194fb-1-ps,crmid:3301696578,4,Dividend Card,3,Business Loan
643d1a10-492d-11ea-a926-b88a60e194fb-1-ps,crmid:1724125408,6,Simplicity Card,5,Auto Loan
643e5276-492d-11ea-9fc1-b88a60e194fb-1-ps,crmid:4176838256,3,Student Card,4,Student Loan
643f3cba-492d-11ea-aa8f-b88a60e194fb-1-ps,crmid:5593809525,3,Dividend Card,2,Business Loan
64404e5c-492d-11ea-8341-b88a60e194fb-1-ps,crmid:7840141637,4,Platinum Card,5,Business Loan
64433512-492d-11ea-8694-b88a60e194fb-1-ps,crmid:7788010897,5,Travel Card,9,Student Loan
64441ee4-492d-11ea-b80e-b88a60e194fb-1-ps,crmid:1768240666,7,Travel Card,4,Business Loan
6444e222-492d-11ea-aadf-b88a60e194fb-1-ps,crmid:1739825060,5,Business Card,5,Personal Loan
6445cc68-492d-11ea-b008-b88a60e194fb-1-ps,crmid:9602482909,3,Travel Card,3,Business Loan
64475300-492d-11ea-bf4b-b88a60e194fb-1-ps,crmid:3471952027,4,Business Card,5,Auto Loan
64488bac-492d-11ea-80e8-b88a60e194fb-1-ps,crmid:2439472071,4,Student Card,3,Personal Loan
6449c4d2-492d-11ea-9db4-b88a60e194fb-1-ps,crmid:6551769844,4,Rewards Card,3,Auto Loan
644afc64-492d-11ea-95fe-b88a60e194fb-1-ps,crmid:5870418241,6,Student Card,4,Personal Loan
644be6da-492d-11ea-8198-b88a60e194fb-1-ps,crmid:6331808788,4,Rewards Card,5,Student Loan
644cd150-492d-11ea-af68-b88a60e194fb-1-ps,crmid:7547554055,5,Rewards Card,3,Auto Loan
644e09c6-492d-11ea-8cea-b88a60e194fb-1-ps,crmid:5239166228,3,Platinum Card,4,Student Loan
652db98a-492d-11ea-92e5-b88a60e194fb-1-ps,crmid:1370144445,4,Student Card,5,Personal Loan
652f198c-492d-11ea-aca5-b88a60e194fb-1-ps,crmid:4094441344,3,Business Card,3,Business Loan
65302a66-492d-11ea-a59c-b88a60e194fb-1-ps,crmid:7790620936,4,Dividend Card,5,Business Loan
65313bd8-492d-11ea-aa14-b88a60e194fb-1-ps,crmid:7334457562,5,Travel Card,8,Personal Loan
65322636-492d-11ea-b97c-b88a60e194fb-1-ps,crmid:7482762428,4,Travel Card,8,Auto Loan
6533108c-492d-11ea-9dc6-b88a60e194fb-1-ps,crmid:8362077334,4,Dividend Card,8,Auto Loan
653421fa-492d-11ea-8964-b88a60e194fb-1-ps,crmid:4967228316,3,Rewards Card,4,Auto Loan
65350c68-492d-11ea-99de-b88a60e194fb-1-ps,crmid:9754491833,5,Business Card,7,Auto Loan
65361e1a-492d-11ea-84f8-b88a60e194fb-1-ps,crmid:5313714984,3,Rewards Card,8,Personal Loan
653708cc-492d-11ea-9629-b88a60e194fb-1-ps,crmid:4652685077,8,Rewards Card,2,Personal Loan
6537f3dc-492d-11ea-8e06-b88a60e194fb-1-ps,crmid:7990630303,3,Rewards Card,5,Business Loan
65392ed8-492d-11ea-a78e-b88a60e194fb-1-ps,crmid:7189611178,4,Simplicity Card,4,Personal Loan
653a168a-492d-11ea-9d5a-b88a60e194fb-1-ps,crmid:2882074228,4,Travel Card,4,Student Loan
661be8ae-492d-11ea-b37e-b88a60e194fb-1-ps,crmid:8605680717,3,Platinum Card,4,Auto Loan
661d20a6-492d-11ea-9ff8-b88a60e194fb-1-ps,crmid:1797916520,5,Student Card,4,Personal Loan
661e32a6-492d-11ea-8646-b88a60e194fb-1-ps,crmid:5059125438,9,Rewards Card,4,Student Loan
661f4380-492d-11ea-be45-b88a60e194fb-1-ps,crmid:3936891534,5,Travel Card,6,Student Loan
6620c9e8-492d-11ea-8084-b88a60e194fb-1-ps,crmid:7757962179,3,Rewards Card,5,Auto Loan
6621dc0c-492d-11ea-9299-b88a60e194fb-1-ps,crmid:2547237462,6,Rewards Card,3,Auto Loan
662313fa-492d-11ea-a4fc-b88a60e194fb-1-ps,crmid:9736504152,7,Rewards Card,4,Business Loan
66244c90-492d-11ea-9e14-b88a60e194fb-1-ps,crmid:4749975088,4,Simplicity Card,3,Personal Loan
66255e74-492d-11ea-9426-b88a60e194fb-1-ps,crmid:2937049791,5,Simplicity Card,10,Personal Loan
66266fdc-492d-11ea-aced-b88a60e194fb-1-ps,crmid:1629601759,5,Simplicity Card,3,Student Loan
662780d2-492d-11ea-974e-b88a60e194fb-1-ps,crmid:1472417264,4,Dividend Card,5,Personal Loan
6628b938-492d-11ea-bce0-b88a60e194fb-1-ps,crmid:5670723893,5,Rewards Card,4,Personal Loan
662a18c8-492d-11ea-8afb-b88a60e194fb-1-ps,crmid:8980385695,4,Simplicity Card,5,Business Loan
662b786e-492d-11ea-bd7f-b88a60e194fb-1-ps,crmid:3962569655,4,Student Card,5,Personal Loan
670338ba-492d-11ea-9e4f-b88a60e194fb-1-ps,crmid:9672424882,3,Simplicity Card,4,Personal Loan
67042314-492d-11ea-8c83-b88a60e194fb-1-ps,crmid:4993439798,4,Dividend Card,5,Business Loan
670582a4-492d-11ea-9f5a-b88a60e194fb-1-ps,crmid:1239313188,4,Platinum Card,4,Auto Loan
6706943a-492d-11ea-bea0-b88a60e194fb-1-ps,crmid:3422778297,3,Travel Card,3,Personal Loan
670841c6-492d-11ea-a7c1-b88a60e194fb-1-ps,crmid:6654949747,3,Dividend Card,3,Auto Loan
6709c882-492d-11ea-8db3-b88a60e194fb-1-ps,crmid:1570355037,4,Rewards Card,3,Student Loan
670b2830-492d-11ea-a266-b88a60e194fb-1-ps,crmid:1903346357,4,Business Card,3,Auto Loan
670c125c-492d-11ea-9e06-b88a60e194fb-1-ps,crmid:1331442063,5,Business Card,2,Business Loan
670d23ca-492d-11ea-8812-b88a60e194fb-1-ps,crmid:8749350085,4,Travel Card,3,Auto Loan
670e5d50-492d-11ea-93f6-b88a60e194fb-1-ps,crmid:5145262824,3,Student Card,8,Business Loan
670fe306-492d-11ea-a489-b88a60e194fb-1-ps,crmid:6246891940,5,Simplicity Card,5,Business Loan
6710f43a-492d-11ea-a255-b88a60e194fb-1-ps,crmid:5941730800,4,Student Card,4,Personal Loan
671205ae-492d-11ea-b0c1-b88a60e194fb-1-ps,crmid:5370969071,4,Simplicity Card,5,Personal Loan
6713171e-492d-11ea-a5ec-b88a60e194fb-1-ps,crmid:2936986481,4,Travel Card,2,Auto Loan
67147734-492d-11ea-8bed-b88a60e194fb-1-ps,crmid:6148750742,2,Travel Card,4,Student Loan
67fd4e3a-492d-11ea-b245-b88a60e194fb-1-ps,crmid:4677984779,5,Travel Card,4,Personal Loan
67fe86e4-492d-11ea-bcf7-b88a60e194fb-1-ps,crmid:5233896989,4,Rewards Card,4,Business Loan
67ffbf40-492d-11ea-9187-b88a60e194fb-1-ps,crmid:7888087834,5,Business Card,4,Student Loan
6800f7a8-492d-11ea-9a97-b88a60e194fb-1-ps,crmid:7975396528,4,Rewards Card,5,Personal Loan
6802302e-492d-11ea-a4d8-b88a60e194fb-1-ps,crmid:8456676732,3,Platinum Card,4,Business Loan
6803b6be-492d-11ea-81f5-b88a60e194fb-1-ps,crmid:1347404699,4,Simplicity Card,2,Personal Loan
6804ef5e-492d-11ea-8e02-b88a60e194fb-1-ps,crmid:4692667746,5,Platinum Card,5,Business Loan
68064f24-492d-11ea-bd2d-b88a60e194fb-1-ps,crmid:8095996456,5,Travel Card,4,Personal Loan
6807fc7a-492d-11ea-a46c-b88a60e194fb-1-ps,crmid:1136888583,3,Student Card,4,Student Loan
680982e8-492d-11ea-a553-b88a60e194fb-1-ps,crmid:2637666942,4,Business Card,4,Personal Loan
680ae2b8-492d-11ea-8a70-b88a60e194fb-1-ps,crmid:9230064324,4,Simplicity Card,2,Student Loan
680c1b98-492d-11ea-9d14-b88a60e194fb-1-ps,crmid:9897907036,3,Student Card,5,Auto Loan
680d53b0-492d-11ea-a68c-b88a60e194fb-1-ps,crmid:5898287061,6,Student Card,6,Auto Loan
680eb33a-492d-11ea-be15-b88a60e194fb-1-ps,crmid:5515426872,3,Platinum Card,6,Student Loan
681012ca-492d-11ea-8c7b-b88a60e194fb-1-ps,crmid:4883538389,4,Rewards Card,3,Business Loan
68f9fbb6-492d-11ea-99fb-b88a60e194fb-1-ps,crmid:9061993190,5,Rewards Card,3,Auto Loan
68fb821e-492d-11ea-b376-b88a60e194fb-1-ps,crmid:3607637055,2,Dividend Card,4,Personal Loan
68fd2fc8-492d-11ea-835e-b88a60e194fb-1-ps,crmid:6579440578,3,Dividend Card,2,Personal Loan
68feb654-492d-11ea-8981-b88a60e194fb-1-ps,crmid:2294728245,4,Dividend Card,4,Personal Loan
6900164c-492d-11ea-9f8a-b88a60e194fb-1-ps,crmid:4143968319,3,Dividend Card,4,Business Loan
69014e62-492d-11ea-b7d4-b88a60e194fb-1-ps,crmid:2382427469,5,Dividend Card,4,Auto Loan
6902d552-492d-11ea-802c-b88a60e194fb-1-ps,crmid:7119004037,3,Rewards Card,9,Auto Loan
6903e694-492d-11ea-a149-b88a60e194fb-1-ps,crmid:5472641975,3,Business Card,5,Auto Loan
69051f06-492d-11ea-a7f3-b88a60e194fb-1-ps,crmid:8986662566,2,Dividend Card,4,Auto Loan
69067eae-492d-11ea-946a-b88a60e194fb-1-ps,crmid:1744845406,3,Platinum Card,4,Auto Loan
69080512-492d-11ea-8f8b-b88a60e194fb-1-ps,crmid:3363498685,3,Rewards Card,3,Personal Loan
6909168a-492d-11ea-896b-b88a60e194fb-1-ps,crmid:5693315953,7,Rewards Card,5,Auto Loan
690a4ef6-492d-11ea-a3c7-b88a60e194fb-1-ps,crmid:5529604407,4,Simplicity Card,4,Personal Loan
690b6068-492d-11ea-8927-b88a60e194fb-1-ps,crmid:3772188959,5,Dividend Card,5,Auto Loan
69ee1d4a-492d-11ea-adf0-b88a60e194fb-1-ps,crmid:1169068148,3,Platinum Card,3,Student Loan
69ef2ede-492d-11ea-8529-b88a60e194fb-1-ps,crmid:5427318605,5,Travel Card,4,Auto Loan
69f04040-492d-11ea-a026-b88a60e194fb-1-ps,crmid:6500289535,2,Platinum Card,4,Personal Loan
69f178b6-492d-11ea-8670-b88a60e194fb-1-ps,crmid:7821931436,3,Platinum Card,2,Personal Loan
69f28a22-492d-11ea-ae18-b88a60e194fb-1-ps,crmid:5850747641,5,Simplicity Card,3,Business Loan
69f437d2-492d-11ea-a721-b88a60e194fb-1-ps,crmid:3184513379,4,Rewards Card,6,Personal Loan
69f59780-492d-11ea-a386-b88a60e194fb-1-ps,crmid:6961544274,6,Rewards Card,5,Auto Loan
69f71e8a-492d-11ea-9b26-b88a60e194fb-1-ps,crmid:5834117667,4,Simplicity Card,3,Business Loan
69f8a4a4-492d-11ea-a858-b88a60e194fb-1-ps,crmid:3772384470,5,Dividend Card,5,Auto Loan
69f9b66c-492d-11ea-9b6c-b88a60e194fb-1-ps,crmid:2942483266,5,Rewards Card,4,Business Loan
69fac792-492d-11ea-a804-b88a60e194fb-1-ps,crmid:9731917268,5,Travel Card,2,Personal Loan
69fbb300-492d-11ea-a2ed-b88a60e194fb-1-ps,crmid:5823404849,4,Student Card,2,Auto Loan
69fc9c4c-492d-11ea-8dd5-b88a60e194fb-1-ps,crmid:8238183616,4,Dividend Card,3,Business Loan
6ad3731e-492d-11ea-97d1-b88a60e194fb-1-ps,crmid:2673848379,4,Business Card,5,Personal Loan
6ad4ab06-492d-11ea-bea3-b88a60e194fb-1-ps,crmid:2827196544,4,Simplicity Card,3,Student Loan
6ad5bcae-492d-11ea-996f-b88a60e194fb-1-ps,crmid:2221123651,5,Simplicity Card,5,Personal Loan
6ad6cdd2-492d-11ea-9b4e-b88a60e194fb-1-ps,crmid:7691810218,5,Simplicity Card,4,Business Loan
6ad7df4c-492d-11ea-92c9-b88a60e194fb-1-ps,crmid:7238915632,4,Business Card,4,Student Loan
6ad917be-492d-11ea-94f1-b88a60e194fb-1-ps,crmid:6553411232,3,Rewards Card,3,Auto Loan
6ada021c-492d-11ea-9c88-b88a60e194fb-1-ps,crmid:8268186516,4,Platinum Card,5,Personal Loan
6adb3ab0-492d-11ea-9e48-b88a60e194fb-1-ps,crmid:7010175515,5,Simplicity Card,5,Business Loan
6adc4d1a-492d-11ea-9ef9-b88a60e194fb-1-ps,crmid:1022191251,4,Simplicity Card,5,Auto Loan
6add8494-492d-11ea-94e9-b88a60e194fb-1-ps,crmid:8354876512,8,Rewards Card,4,Personal Loan
6ade95ee-492d-11ea-a2d4-b88a60e194fb-1-ps,crmid:1232267440,5,Simplicity Card,3,Auto Loan
6adf805a-492d-11ea-8860-b88a60e194fb-1-ps,crmid:8499211629,5,Travel Card,8,Auto Loan
6ae0b8c2-492d-11ea-9171-b88a60e194fb-1-ps,crmid:2291832174,3,Rewards Card,5,Personal Loan
6ae218f8-492d-11ea-8035-b88a60e194fb-1-ps,crmid:3962409682,4,Rewards Card,4,Student Loan
6bc104a4-492d-11ea-95b9-b88a60e194fb-1-ps,crmid:3475429455,6,Business Card,3,Business Loan
6bc26446-492d-11ea-b355-b88a60e194fb-1-ps,crmid:7951225953,4,Travel Card,4,Auto Loan
6bc34e9c-492d-11ea-b791-b88a60e194fb-1-ps,crmid:4069261270,4,Student Card,4,Business Loan
6bc4396e-492d-11ea-ad56-b88a60e194fb-1-ps,crmid:8908850007,5,Platinum Card,6,Auto Loan
6bc5717a-492d-11ea-ac77-b88a60e194fb-1-ps,crmid:6145520306,5,Business Card,3,Business Loan
6bc65bca-492d-11ea-b55e-b88a60e194fb-1-ps,crmid:2137076921,4,Travel Card,4,Business Loan
6bc79436-492d-11ea-9dd3-b88a60e194fb-1-ps,crmid:9720322468,1,Simplicity Card,3,Auto Loan
6bc87ea6-492d-11ea-8b4d-b88a60e194fb-1-ps,crmid:9771402678,3,Student Card,3,Personal Loan
6bc968ec-492d-11ea-a832-b88a60e194fb-1-ps,crmid:8444313491,4,Student Card,3,Personal Loan
6bca534c-492d-11ea-953d-b88a60e194fb-1-ps,crmid:9414054179,5,Simplicity Card,5,Student Loan
6bcb64e2-492d-11ea-b0c2-b88a60e194fb-1-ps,crmid:6534225852,9,Platinum Card,3,Auto Loan
6bcc763e-492d-11ea-a2c8-b88a60e194fb-1-ps,crmid:9046819240,5,Platinum Card,8,Personal Loan
6bcd60a2-492d-11ea-ada1-b88a60e194fb-1-ps,crmid:7189308304,4,Platinum Card,4,Auto Loan
6bce9906-492d-11ea-9d61-b88a60e194fb-1-ps,crmid:3641798461,5,Travel Card,2,Auto Loan
6bcf8370-492d-11ea-b507-b88a60e194fb-1-ps,crmid:9419529772,4,Dividend Card,5,Auto Loan
6cb7979a-492d-11ea-87a8-b88a60e194fb-1-ps,crmid:6775376495,3,Travel Card,2,Personal Loan
6cb881e2-492d-11ea-86b1-b88a60e194fb-1-ps,crmid:9735899383,5,Simplicity Card,4,Personal Loan
6cb96c3e-492d-11ea-8707-b88a60e194fb-1-ps,crmid:2582410618,3,Travel Card,6,Student Loan
6cba56ae-492d-11ea-b440-b88a60e194fb-1-ps,crmid:9071654794,4,Student Card,2,Personal Loan
6cbb4106-492d-11ea-a6ff-b88a60e194fb-1-ps,crmid:2920377307,3,Platinum Card,3,Personal Loan
6cbc79c6-492d-11ea-8378-b88a60e194fb-1-ps,crmid:8905126653,3,Platinum Card,4,Business Loan
6cbd6528-492d-11ea-b4cf-b88a60e194fb-1-ps,crmid:4132918770,6,Student Card,3,Business Loan
6cbe4fa4-492d-11ea-afb5-b88a60e194fb-1-ps,crmid:6100086537,4,Student Card,3,Business Loan
6cbf86ca-492d-11ea-8043-b88a60e194fb-1-ps,crmid:4832585033,3,Travel Card,5,Auto Loan
6cc0710c-492d-11ea-80be-b88a60e194fb-1-ps,crmid:6293195486,2,Platinum Card,4,Student Loan
6cc15b6c-492d-11ea-b375-b88a60e194fb-1-ps,crmid:2799505715,2,Platinum Card,3,Personal Loan
6cc3303a-492d-11ea-8972-b88a60e194fb-1-ps,crmid:7561667040,3,Simplicity Card,3,Business Loan
6cc44264-492d-11ea-bad4-b88a60e194fb-1-ps,crmid:4201125003,2,Simplicity Card,2,Student Loan
6cc50606-492d-11ea-a818-b88a60e194fb-1-ps,crmid:2137076921,4,Simplicity Card,3,Auto Loan
6cc6168c-492d-11ea-901a-b88a60e194fb-1-ps,crmid:4225209447,3,Student Card,4,Personal Loan
6da773ca-492d-11ea-afa6-b88a60e194fb-1-ps,crmid:3060537389,5,Simplicity Card,4,Personal Loan
6da88562-492d-11ea-b124-b88a60e194fb-1-ps,crmid:2673848379,3,Student Card,7,Student Loan
6da96fc8-492d-11ea-9a6c-b88a60e194fb-1-ps,crmid:2166400625,5,Travel Card,3,Business Loan
6daa8128-492d-11ea-b42b-b88a60e194fb-1-ps,crmid:1410734058,3,Business Card,5,Personal Loan
6dab6b86-492d-11ea-8453-b88a60e194fb-1-ps,crmid:7329227047,5,Simplicity Card,4,Business Loan
6dac5724-492d-11ea-8969-b88a60e194fb-1-ps,crmid:4908838376,4,Simplicity Card,4,Auto Loan
6dad417e-492d-11ea-b563-b88a60e194fb-1-ps,crmid:4396580685,3,Student Card,4,Personal Loan
6daec6ca-492d-11ea-9b4e-b88a60e194fb-1-ps,crmid:3934766101,6,Dividend Card,5,Auto Loan
6dafd81c-492d-11ea-8bb1-b88a60e194fb-1-ps,crmid:7230421984,5,Business Card,5,Personal Loan
6db0c27e-492d-11ea-93fc-b88a60e194fb-1-ps,crmid:8732099904,4,Dividend Card,4,Business Loan
6db1ad26-492d-11ea-8752-b88a60e194fb-1-ps,crmid:2931721886,4,Travel Card,2,Auto Loan
6db2e562-492d-11ea-a96f-b88a60e194fb-1-ps,crmid:1883493259,6,Travel Card,4,Personal Loan
6db3cfa6-492d-11ea-942b-b88a60e194fb-1-ps,crmid:8127616492,3,Student Card,4,Student Loan
6db52fae-492d-11ea-b2a0-b88a60e194fb-1-ps,crmid:9023125258,4,Business Card,4,Business Loan
6e96210a-492d-11ea-8970-b88a60e194fb-1-ps,crmid:1562874113,3,Dividend Card,5,Auto Loan
6e970a1a-492d-11ea-91cf-b88a60e194fb-1-ps,crmid:6021627511,2,Platinum Card,2,Auto Loan
6e981b92-492d-11ea-b973-b88a60e194fb-1-ps,crmid:2124286753,4,Travel Card,4,Personal Loan
6e9905c8-492d-11ea-953d-b88a60e194fb-1-ps,crmid:2035461982,5,Dividend Card,7,Personal Loan
6e9a3fa4-492d-11ea-be53-b88a60e194fb-1-ps,crmid:8300424110,1,Rewards Card,5,Personal Loan
6e9b28ae-492d-11ea-baad-b88a60e194fb-1-ps,crmid:7284107512,4,Rewards Card,5,Personal Loan
6e9c88ee-492d-11ea-8112-b88a60e194fb-1-ps,crmid:9425142614,3,Dividend Card,3,Business Loan
6e9d7394-492d-11ea-a321-b88a60e194fb-1-ps,crmid:3206866618,4,Business Card,7,Auto Loan
6e9ef91a-492d-11ea-b30f-b88a60e194fb-1-ps,crmid:6527184031,5,Platinum Card,4,Business Loan
6ea1df82-492d-11ea-b4ac-b88a60e194fb-1-ps,crmid:5774042194,4,Business Card,5,Student Loan
6ea40228-492d-11ea-a3b8-b88a60e194fb-1-ps,crmid:9281436730,2,Dividend Card,3,Business Loan
6ea5d6d8-492d-11ea-89a7-b88a60e194fb-1-ps,crmid:7054391022,3,Travel Card,8,Business Loan
6ea7ab9a-492d-11ea-bed4-b88a60e194fb-1-ps,crmid:2768134302,4,Rewards Card,5,Personal Loan
6ea98050-492d-11ea-8f4f-b88a60e194fb-1-ps,crmid:3529798263,3,Travel Card,3,Personal Loan
6f9e658c-492d-11ea-93d4-b88a60e194fb-1-ps,crmid:6133661956,6,Business Card,7,Business Loan
6f9f4fe8-492d-11ea-bf97-b88a60e194fb-1-ps,crmid:8674991198,4,Travel Card,5,Personal Loan
6fa06152-492d-11ea-a640-b88a60e194fb-1-ps,crmid:4186587329,5,Platinum Card,4,Personal Loan
6fa14bb4-492d-11ea-bcc0-b88a60e194fb-1-ps,crmid:1673938394,4,Rewards Card,5,Personal Loan
6fa2844a-492d-11ea-9fd5-b88a60e194fb-1-ps,crmid:3148597705,5,Platinum Card,4,Personal Loan
6fa36f24-492d-11ea-ae7e-b88a60e194fb-1-ps,crmid:4640986848,4,Business Card,5,Auto Loan
6fa4800c-492d-11ea-a30c-b88a60e194fb-1-ps,crmid:8003543851,4,Platinum Card,3,Student Loan
6fa56a6e-492d-11ea-9aa5-b88a60e194fb-1-ps,crmid:2996953416,5,Platinum Card,7,Personal Loan
6fa654f0-492d-11ea-8856-b88a60e194fb-1-ps,crmid:3769813664,5,Business Card,3,Student Loan
6fa76776-492d-11ea-9976-b88a60e194fb-1-ps,crmid:1323436633,2,Travel Card,5,Business Loan
6fa851e6-492d-11ea-b3c3-b88a60e194fb-1-ps,crmid:4864359189,3,Rewards Card,6,Personal Loan
6fa93ae8-492d-11ea-82f1-b88a60e194fb-1-ps,crmid:8908850007,5,Dividend Card,3,Auto Loan
6faa7374-492d-11ea-8580-b88a60e194fb-1-ps,crmid:1130611096,3,Platinum Card,10,Auto Loan
6fab857e-492d-11ea-8c12-b88a60e194fb-1-ps,crmid:1228216581,4,Simplicity Card,6,Business Loan
6facbeca-492d-11ea-a04e-b88a60e194fb-1-ps,crmid:3069196727,4,Travel Card,8,Auto Loan
707bcb4a-492d-11ea-a24e-b88a60e194fb-1-ps,crmid:7164148118,4,Travel Card,4,Personal Loan
707d2b14-492d-11ea-97f9-b88a60e194fb-1-ps,crmid:9631352392,3,Student Card,3,Auto Loan
707e8b0c-492d-11ea-8c84-b88a60e194fb-1-ps,crmid:1349915074,6,Simplicity Card,4,Business Loan
707f74d4-492d-11ea-a24b-b88a60e194fb-1-ps,crmid:9696990707,4,Dividend Card,2,Business Loan
70803834-492d-11ea-a43c-b88a60e194fb-1-ps,crmid:1979510502,6,Platinum Card,3,Personal Loan
70814990-492d-11ea-88d2-b88a60e194fb-1-ps,crmid:8540292318,3,Dividend Card,8,Personal Loan
70825af0-492d-11ea-b463-b88a60e194fb-1-ps,crmid:5195899005,5,Rewards Card,5,Auto Loan
70834568-492d-11ea-86b3-b88a60e194fb-1-ps,crmid:2019892208,5,Student Card,4,Personal Loan
7084f370-492d-11ea-8d45-b88a60e194fb-1-ps,crmid:9793333109,4,Business Card,8,Auto Loan
708605e2-492d-11ea-8378-b88a60e194fb-1-ps,crmid:7411854176,4,Simplicity Card,4,Student Loan
7086eefe-492d-11ea-9519-b88a60e194fb-1-ps,crmid:3338526493,4,Student Card,4,Personal Loan
7088002c-492d-11ea-9ac8-b88a60e194fb-1-ps,crmid:7251205065,8,Dividend Card,3,Personal Loan
70891246-492d-11ea-91f1-b88a60e194fb-1-ps,crmid:3725616551,2,Travel Card,6,Student Loan
708a4a34-492d-11ea-8483-b88a60e194fb-1-ps,crmid:5920327664,3,Simplicity Card,4,Student Loan
71642da6-492d-11ea-ad6c-b88a60e194fb-1-ps,crmid:4129079831,2,Business Card,7,Personal Loan
71658d36-492d-11ea-9639-b88a60e194fb-1-ps,crmid:3209757692,4,Student Card,3,Personal Loan
71665094-492d-11ea-bcd5-b88a60e194fb-1-ps,crmid:2201307201,5,Student Card,4,Personal Loan
71678a00-492d-11ea-b937-b88a60e194fb-1-ps,crmid:4780943991,5,Dividend Card,5,Personal Loan
71684da4-492d-11ea-b5e8-b88a60e194fb-1-ps,crmid:6456127952,4,Travel Card,3,Personal Loan
716984e2-492d-11ea-9ede-b88a60e194fb-1-ps,crmid:5573755101,4,Rewards Card,3,Business Loan
716a6f88-492d-11ea-976b-b88a60e194fb-1-ps,crmid:2382867720,4,Simplicity Card,5,Personal Loan
716b5a2e-492d-11ea-b479-b88a60e194fb-1-ps,crmid:5419932337,4,Dividend Card,3,Personal Loan
716c91e2-492d-11ea-b993-b88a60e194fb-1-ps,crmid:5141852629,4,Platinum Card,8,Student Loan
716d7d68-492d-11ea-826a-b88a60e194fb-1-ps,crmid:9329649286,4,Rewards Card,5,Personal Loan
716edbe2-492d-11ea-8238-b88a60e194fb-1-ps,crmid:5700762363,5,Business Card,6,Business Loan
716fed64-492d-11ea-b184-b88a60e194fb-1-ps,crmid:3576431824,4,Rewards Card,5,Business Loan
7170d7f4-492d-11ea-a807-b88a60e194fb-1-ps,crmid:6865042495,3,Rewards Card,4,Student Loan
7171c36e-492d-11ea-8fed-b88a60e194fb-1-ps,crmid:5142406217,3,Travel Card,5,Personal Loan
717286b6-492d-11ea-858e-b88a60e194fb-1-ps,crmid:7356172377,5,Platinum Card,5,Personal Loan
7256a35a-492d-11ea-8f44-b88a60e194fb-1-ps,crmid:4868703881,3,Student Card,4,Auto Loan
72578dac-492d-11ea-809a-b88a60e194fb-1-ps,crmid:4937236781,3,Dividend Card,9,Business Loan
7258c4da-492d-11ea-8869-b88a60e194fb-1-ps,crmid:8380657780,3,Dividend Card,3,Auto Loan
7259881e-492d-11ea-9cfe-b88a60e194fb-1-ps,crmid:8975850709,4,Simplicity Card,9,Business Loan
725b100a-492d-11ea-ae2f-b88a60e194fb-1-ps,crmid:8820911401,5,Simplicity Card,3,Personal Loan
725cbc38-492d-11ea-ae67-b88a60e194fb-1-ps,crmid:4155514628,5,Travel Card,4,Business Loan
725e4454-492d-11ea-96f0-b88a60e194fb-1-ps,crmid:2968051135,4,Business Card,5,Personal Loan
725fa32e-492d-11ea-b5d8-b88a60e194fb-1-ps,crmid:1586537882,4,Dividend Card,4,Business Loan
7260b4dc-492d-11ea-b032-b88a60e194fb-1-ps,crmid:1523762384,7,Travel Card,4,Student Loan
72619e66-492d-11ea-9e14-b88a60e194fb-1-ps,crmid:8739182751,5,Simplicity Card,4,Auto Loan
7262d6b6-492d-11ea-b0ff-b88a60e194fb-1-ps,crmid:1630175860,3,Travel Card,4,Business Loan
7263c102-492d-11ea-b1a4-b88a60e194fb-1-ps,crmid:7545189313,5,Travel Card,5,Auto Loan
7264fca8-492d-11ea-9768-b88a60e194fb-1-ps,crmid:3486318158,4,Simplicity Card,3,Personal Loan
7265e63a-492d-11ea-b09f-b88a60e194fb-1-ps,crmid:2215615274,10,Student Card,3,Auto Loan
72671edc-492d-11ea-9275-b88a60e194fb-1-ps,crmid:3818676165,5,Platinum Card,5,Auto Loan
733d5898-492d-11ea-8f99-b88a60e194fb-1-ps,crmid:6213624356,7,Travel Card,6,Business Loan
733e69fa-492d-11ea-81de-b88a60e194fb-1-ps,crmid:2026222387,5,Travel Card,8,Auto Loan
733f5466-492d-11ea-86f9-b88a60e194fb-1-ps,crmid:2709543034,4,Business Card,4,Business Loan
73403eb0-492d-11ea-9dfb-b88a60e194fb-1-ps,crmid:7613176104,6,Simplicity Card,4,Auto Loan
734150cc-492d-11ea-956d-b88a60e194fb-1-ps,crmid:4603761436,3,Platinum Card,9,Personal Loan
734261ba-492d-11ea-9660-b88a60e194fb-1-ps,crmid:4819769083,3,Travel Card,4,Business Loan
73439a28-492d-11ea-891a-b88a60e194fb-1-ps,crmid:5406702400,3,Platinum Card,3,Auto Loan
7344ac80-492d-11ea-b14a-b88a60e194fb-1-ps,crmid:4872253545,5,Rewards Card,4,Personal Loan
7345960a-492d-11ea-b1c2-b88a60e194fb-1-ps,crmid:6899497033,2,Travel Card,4,Auto Loan
7346a824-492d-11ea-b4ad-b88a60e194fb-1-ps,crmid:1117330555,3,Rewards Card,5,Personal Loan
7347b9d2-492d-11ea-be9b-b88a60e194fb-1-ps,crmid:6607802033,3,Rewards Card,3,Auto Loan
734940c2-492d-11ea-ac7c-b88a60e194fb-1-ps,crmid:2034678478,4,Business Card,4,Personal Loan
734a2b1a-492d-11ea-a59e-b88a60e194fb-1-ps,crmid:6971126988,4,Dividend Card,5,Personal Loan
734b3b30-492d-11ea-8af0-b88a60e194fb-1-ps,crmid:8865637581,5,Platinum Card,3,Student Loan
734c271e-492d-11ea-aad2-b88a60e194fb-1-ps,crmid:3946467512,4,Rewards Card,5,Personal Loan
742f80d2-492d-11ea-adc7-b88a60e194fb-1-ps,crmid:9970443220,4,Dividend Card,5,Personal Loan
74306b22-492d-11ea-a5d3-b88a60e194fb-1-ps,crmid:1209506838,3,Business Card,4,Personal Loan
74315566-492d-11ea-82e4-b88a60e194fb-1-ps,crmid:3685830975,3,Student Card,3,Business Loan
74328e06-492d-11ea-a9fa-b88a60e194fb-1-ps,crmid:7607115807,5,Travel Card,3,Auto Loan
74337864-492d-11ea-85cf-b88a60e194fb-1-ps,crmid:7783841510,3,Rewards Card,3,Auto Loan
7434629e-492d-11ea-aa9e-b88a60e194fb-1-ps,crmid:1906842770,4,Rewards Card,4,Student Loan
74357408-492d-11ea-8fdf-b88a60e194fb-1-ps,crmid:7604109539,5,Simplicity Card,5,Student Loan
74365e6c-492d-11ea-bca6-b88a60e194fb-1-ps,crmid:5859188646,6,Business Card,3,Personal Loan
743796f4-492d-11ea-a768-b88a60e194fb-1-ps,crmid:4778007417,2,Business Card,4,Personal Loan
7438f680-492d-11ea-83f5-b88a60e194fb-1-ps,crmid:3143499741,4,Rewards Card,2,Personal Loan
743a0930-492d-11ea-b206-b88a60e194fb-1-ps,crmid:6858060106,5,Student Card,2,Personal Loan
743b406e-492d-11ea-855b-b88a60e194fb-1-ps,crmid:8733226123,3,Simplicity Card,3,Personal Loan
743c51d0-492d-11ea-890c-b88a60e194fb-1-ps,crmid:1665797919,4,Travel Card,3,Student Loan
743d3c28-492d-11ea-b118-b88a60e194fb-1-ps,crmid:2023745767,5,Travel Card,5,Student Loan
751af01e-492d-11ea-b336-b88a60e194fb-1-ps,crmid:3900805090,6,Student Card,3,Business Loan
751c9dd0-492d-11ea-8c5a-b88a60e194fb-1-ps,crmid:4526480905,4,Travel Card,9,Personal Loan
751dfdc6-492d-11ea-a189-b88a60e194fb-1-ps,crmid:1846785852,2,Business Card,5,Personal Loan
751f5cec-492d-11ea-bb2b-b88a60e194fb-1-ps,crmid:7481689504,3,Student Card,3,Personal Loan
7520e394-492d-11ea-bd88-b88a60e194fb-1-ps,crmid:9723053946,4,Student Card,5,Business Loan
75226a24-492d-11ea-9f51-b88a60e194fb-1-ps,crmid:9997123805,4,Rewards Card,3,Student Loan
7523c9ae-492d-11ea-b272-b88a60e194fb-1-ps,crmid:1702614662,6,Rewards Card,6,Personal Loan
75252946-492d-11ea-85f1-b88a60e194fb-1-ps,crmid:2975916049,2,Simplicity Card,4,Student Loan
752688c0-492d-11ea-bbb4-b88a60e194fb-1-ps,crmid:1034369716,6,Student Card,2,Business Loan
7528366e-492d-11ea-8344-b88a60e194fb-1-ps,crmid:9211509036,2,Dividend Card,5,Personal Loan
752995f4-492d-11ea-9381-b88a60e194fb-1-ps,crmid:2222331920,5,Simplicity Card,5,Personal Loan
752b1c9a-492d-11ea-bc9f-b88a60e194fb-1-ps,crmid:9702037394,4,Dividend Card,5,Student Loan
752c7c3e-492d-11ea-ab28-b88a60e194fb-1-ps,crmid:1463872027,4,Business Card,8,Auto Loan
752e02e2-492d-11ea-882c-b88a60e194fb-1-ps,crmid:5461576018,2,Travel Card,9,Personal Loan
752fb074-492d-11ea-b442-b88a60e194fb-1-ps,crmid:1439106277,5,Business Card,5,Personal Loan
7639cb36-492d-11ea-a490-b88a60e194fb-1-ps,crmid:7484676254,2,Dividend Card,3,Personal Loan
76414530-492d-11ea-b035-b88a60e194fb-1-ps,crmid:3934766101,4,Rewards Card,3,Student Loan
7642f2d4-492d-11ea-bfc7-b88a60e194fb-1-ps,crmid:9071654794,3,Rewards Card,4,Auto Loan
76447976-492d-11ea-bd49-b88a60e194fb-1-ps,crmid:1334275905,5,Business Card,6,Business Loan
7645d912-492d-11ea-ae8a-b88a60e194fb-1-ps,crmid:1566977035,6,Business Card,2,Personal Loan
76473898-492d-11ea-815e-b88a60e194fb-1-ps,crmid:4153863506,3,Simplicity Card,4,Personal Loan
7648982e-492d-11ea-8872-b88a60e194fb-1-ps,crmid:4919325148,5,Business Card,3,Student Loan
764a45d0-492d-11ea-9ac6-b88a60e194fb-1-ps,crmid:9034731710,3,Simplicity Card,8,Auto Loan
764bcc64-492d-11ea-843f-b88a60e194fb-1-ps,crmid:4537836163,4,Rewards Card,4,Student Loan
764d5324-492d-11ea-8211-b88a60e194fb-1-ps,crmid:2012485214,5,Business Card,4,Personal Loan
764eb2a2-492d-11ea-a922-b88a60e194fb-1-ps,crmid:9971187732,4,Student Card,4,Personal Loan
76501224-492d-11ea-afab-b88a60e194fb-1-ps,crmid:2231167691,3,Rewards Card,8,Auto Loan
765171c2-492d-11ea-bfe3-b88a60e194fb-1-ps,crmid:5127293689,5,Dividend Card,4,Student Loan
7652f84a-492d-11ea-96f1-b88a60e194fb-1-ps,crmid:8578420419,9,Rewards Card,3,Auto Loan
77629136-492d-11ea-810c-b88a60e194fb-1-ps,crmid:4820385772,3,Travel Card,4,Personal Loan
77672512-492d-11ea-87b7-b88a60e194fb-1-ps,crmid:9557985754,3,Rewards Card,4,Personal Loan
7768d2c6-492d-11ea-905a-b88a60e194fb-1-ps,crmid:1183010692,5,Business Card,4,Personal Loan
776aa776-492d-11ea-960a-b88a60e194fb-1-ps,crmid:6685226170,6,Simplicity Card,3,Auto Loan
776c2e2c-492d-11ea-ab43-b88a60e194fb-1-ps,crmid:8420002576,4,Student Card,5,Auto Loan
776db4ae-492d-11ea-8a31-b88a60e194fb-1-ps,crmid:6265184286,5,Simplicity Card,3,Student Loan
776f6264-492d-11ea-936b-b88a60e194fb-1-ps,crmid:1384327945,4,Rewards Card,4,Personal Loan
7770e900-492d-11ea-b47c-b88a60e194fb-1-ps,crmid:3374033770,4,Business Card,4,Student Loan
777296be-492d-11ea-a2c9-b88a60e194fb-1-ps,crmid:8115532219,4,Business Card,4,Auto Loan
77741d58-492d-11ea-b22b-b88a60e194fb-1-ps,crmid:4434144905,4,Student Card,4,Student Loan
7775cb00-492d-11ea-a882-b88a60e194fb-1-ps,crmid:9289022987,3,Dividend Card,4,Personal Loan
777778ac-492d-11ea-8d54-b88a60e194fb-1-ps,crmid:4830991949,5,Rewards Card,4,Business Loan
77792652-492d-11ea-9187-b88a60e194fb-1-ps,crmid:8278595167,3,Dividend Card,4,Business Loan
777aacec-492d-11ea-a859-b88a60e194fb-1-ps,crmid:1846423150,4,Simplicity Card,6,Student Loan
777c5aa4-492d-11ea-8a09-b88a60e194fb-1-ps,crmid:4293331871,5,Simplicity Card,4,Personal Loan
789b5cc0-492d-11ea-b6dd-b88a60e194fb-1-ps,crmid:2307083150,3,Platinum Card,3,Personal Loan
789ff07e-492d-11ea-989e-b88a60e194fb-1-ps,crmid:7642289611,4,Platinum Card,2,Auto Loan
78a1c5ca-492d-11ea-8d52-b88a60e194fb-1-ps,crmid:3888646310,4,Rewards Card,5,Auto Loan
78a3e866-492d-11ea-84c0-b88a60e194fb-1-ps,crmid:7542335142,2,Dividend Card,4,Personal Loan
78a5bd7e-492d-11ea-b5e9-b88a60e194fb-1-ps,crmid:5525562015,8,Student Card,5,Personal Loan
78a76a80-492d-11ea-8b48-b88a60e194fb-1-ps,crmid:7854829782,4,Dividend Card,6,Auto Loan
78a96658-492d-11ea-959d-b88a60e194fb-1-ps,crmid:5510312301,5,Travel Card,8,Business Loan
78ab8938-492d-11ea-ab89-b88a60e194fb-1-ps,crmid:8626100558,4,Business Card,6,Student Loan
78ad85b6-492d-11ea-be07-b88a60e194fb-1-ps,crmid:1800448077,3,Simplicity Card,4,Auto Loan
78aee486-492d-11ea-8e25-b88a60e194fb-1-ps,crmid:4192607839,4,Simplicity Card,5,Business Loan
78b0b946-492d-11ea-900a-b88a60e194fb-1-ps,crmid:7709051961,5,Business Card,4,Personal Loan
78b2b522-492d-11ea-a183-b88a60e194fb-1-ps,crmid:9539630720,5,Student Card,3,Personal Loan
78b462b6-492d-11ea-96c5-b88a60e194fb-1-ps,crmid:1771817889,4,Student Card,6,Student Loan
78b65e86-492d-11ea-b1a0-b88a60e194fb-1-ps,crmid:7353355546,7,Platinum Card,3,Business Loan
78b7be0c-492d-11ea-a4c4-b88a60e194fb-1-ps,crmid:8297886183,3,Simplicity Card,4,Personal Loan
80262542-492d-11ea-935e-b88a60e194fb-1-ps,crmid:1439106277,4,Platinum Card,3,Business Loan
802784e4-492d-11ea-a08c-b88a60e194fb-1-ps,crmid:2604222711,4,Student Card,3,Business Loan
8028963a-492d-11ea-bade-b88a60e194fb-1-ps,crmid:3476575927,7,Platinum Card,5,Personal Loan
8029a7d2-492d-11ea-b1db-b88a60e194fb-1-ps,crmid:6007100009,6,Dividend Card,6,Personal Loan
802ab936-492d-11ea-92ab-b88a60e194fb-1-ps,crmid:7963955090,3,Student Card,4,Personal Loan
802c191a-492d-11ea-b267-b88a60e194fb-1-ps,crmid:5155177587,6,Platinum Card,4,Personal Loan
802dc650-492d-11ea-a598-b88a60e194fb-1-ps,crmid:4784294505,4,Travel Card,5,Personal Loan
802f25d8-492d-11ea-8eb5-b88a60e194fb-1-ps,crmid:8066900766,4,Student Card,8,Business Loan
80303774-492d-11ea-abc3-b88a60e194fb-1-ps,crmid:2128209894,4,Business Card,4,Personal Loan
803148e2-492d-11ea-8b5e-b88a60e194fb-1-ps,crmid:5742925861,4,Simplicity Card,6,Personal Loan
80325a42-492d-11ea-8578-b88a60e194fb-1-ps,crmid:2794387390,4,Simplicity Card,4,Auto Loan
803392c0-492d-11ea-9f00-b88a60e194fb-1-ps,crmid:8916598882,4,Dividend Card,4,Student Loan
80347d28-492d-11ea-a6f5-b88a60e194fb-1-ps,crmid:9326787238,5,Business Card,4,Business Loan
8035b59e-492d-11ea-95da-b88a60e194fb-1-ps,crmid:2451836637,4,Student Card,5,Personal Loan
81594b62-492d-11ea-abe3-b88a60e194fb-1-ps,crmid:7421561459,3,Platinum Card,2,Auto Loan
815e5490-492d-11ea-b1f2-b88a60e194fb-1-ps,crmid:7229523719,4,Rewards Card,3,Personal Loan
8160775a-492d-11ea-addd-b88a60e194fb-1-ps,crmid:5032032262,4,Platinum Card,3,Auto Loan
8162739e-492d-11ea-93fe-b88a60e194fb-1-ps,crmid:1140231375,3,Rewards Card,5,Personal Loan
8163d2a8-492d-11ea-9a04-b88a60e194fb-1-ps,crmid:2792358453,4,Simplicity Card,6,Personal Loan
81653234-492d-11ea-aac3-b88a60e194fb-1-ps,crmid:5493389949,4,Business Card,4,Business Loan
816691c8-492d-11ea-89fd-b88a60e194fb-1-ps,crmid:5781837233,5,Simplicity Card,5,Personal Loan
8167f158-492d-11ea-9343-b88a60e194fb-1-ps,crmid:6464616988,6,Student Card,4,Personal Loan
816950d4-492d-11ea-9106-b88a60e194fb-1-ps,crmid:6086581255,3,Rewards Card,5,Personal Loan
816b4cae-492d-11ea-8b7e-b88a60e194fb-1-ps,crmid:9425142614,3,Rewards Card,4,Student Loan
816cac36-492d-11ea-a123-b88a60e194fb-1-ps,crmid:2528416096,5,Simplicity Card,5,Student Loan
816e8106-492d-11ea-ba1e-b88a60e194fb-1-ps,crmid:4612318078,6,Travel Card,3,Personal Loan
8170081e-492d-11ea-b338-b88a60e194fb-1-ps,crmid:1454071270,3,Platinum Card,4,Business Loan
81716718-492d-11ea-a133-b88a60e194fb-1-ps,crmid:9257095191,4,Dividend Card,5,Student Loan
8172c6c6-492d-11ea-ade0-b88a60e194fb-1-ps,crmid:1782857564,4,Dividend Card,9,Personal Loan
826f25e2-492d-11ea-ad43-b88a60e194fb-1-ps,crmid:4738381410,5,Student Card,5,Personal Loan
8274a418-492d-11ea-8d50-b88a60e194fb-1-ps,crmid:3820049236,5,Dividend Card,3,Personal Loan
82782668-492d-11ea-a228-b88a60e194fb-1-ps,crmid:8735454661,3,Travel Card,5,Personal Loan
827e19f4-492d-11ea-8c2f-b88a60e194fb-1-ps,crmid:5175147571,5,Travel Card,4,Student Loan
8282869a-492d-11ea-ad24-b88a60e194fb-1-ps,crmid:8545310456,4,Dividend Card,9,Student Loan
82880552-492d-11ea-9ab1-b88a60e194fb-1-ps,crmid:9051821841,3,Business Card,4,Auto Loan
828c4a9c-492d-11ea-8257-b88a60e194fb-1-ps,crmid:7086997185,3,Platinum Card,4,Student Loan
8290de76-492d-11ea-b8c9-b88a60e194fb-1-ps,crmid:4227819398,9,Dividend Card,4,Business Loan
8294fd0c-492d-11ea-99f7-b88a60e194fb-1-ps,crmid:4778400880,5,Platinum Card,3,Auto Loan
8298cd9e-492d-11ea-83a0-b88a60e194fb-1-ps,crmid:7759099651,3,Dividend Card,4,Business Loan
829c7712-492d-11ea-9152-b88a60e194fb-1-ps,crmid:7279490855,4,Platinum Card,5,Auto Loan
829ff990-492d-11ea-b562-b88a60e194fb-1-ps,crmid:2133180689,5,Simplicity Card,4,Personal Loan
82a306a8-492d-11ea-bfd0-b88a60e194fb-1-ps,crmid:7530922362,4,Business Card,6,Personal Loan
82a6b026-492d-11ea-a989-b88a60e194fb-1-ps,crmid:6135115711,4,Platinum Card,4,Personal Loan
83aafea8-492d-11ea-9dac-b88a60e194fb-1-ps,crmid:9319454555,4,Simplicity Card,4,Personal Loan
83ad218a-492d-11ea-88c0-b88a60e194fb-1-ps,crmid:4664034357,4,Business Card,4,Personal Loan
83af1d58-492d-11ea-a00c-b88a60e194fb-1-ps,crmid:3310981244,6,Student Card,3,Student Loan
83b11924-492d-11ea-a1e1-b88a60e194fb-1-ps,crmid:2763552025,5,Dividend Card,6,Auto Loan
83b2edfa-492d-11ea-bb39-b88a60e194fb-1-ps,crmid:3979098358,5,Simplicity Card,5,Auto Loan
83b4e9b4-492d-11ea-a5a6-b88a60e194fb-1-ps,crmid:1665496200,5,Travel Card,7,Student Loan
83b6e568-492d-11ea-9133-b88a60e194fb-1-ps,crmid:9952020515,3,Rewards Card,7,Personal Loan
83b90852-492d-11ea-895a-b88a60e194fb-1-ps,crmid:8829547865,4,Dividend Card,5,Personal Loan
83bab5fa-492d-11ea-8bb5-b88a60e194fb-1-ps,crmid:3384604445,4,Rewards Card,4,Student Loan
83bc639e-492d-11ea-9f5d-b88a60e194fb-1-ps,crmid:4598487557,3,Platinum Card,5,Personal Loan
83be385c-492d-11ea-a35a-b88a60e194fb-1-ps,crmid:5455617590,3,Platinum Card,4,Auto Loan
83c00d1a-492d-11ea-8e46-b88a60e194fb-1-ps,crmid:1294796127,5,Simplicity Card,3,Personal Loan
83c2a51c-492d-11ea-9aa6-b88a60e194fb-1-ps,crmid:3011954708,3,Dividend Card,5,Auto Loan
83c479f6-492d-11ea-82be-b88a60e194fb-1-ps,crmid:1008232720,3,Platinum Card,4,Student Loan
83c69cc0-492d-11ea-890e-b88a60e194fb-1-ps,crmid:1913529066,3,Dividend Card,4,Student Loan
84d60e9c-492d-11ea-9bc1-b88a60e194fb-1-ps,crmid:2966281511,4,Travel Card,5,Student Loan
84d74726-492d-11ea-86b6-b88a60e194fb-1-ps,crmid:2234538822,3,Business Card,4,Personal Loan
84d8a69c-492d-11ea-b185-b88a60e194fb-1-ps,crmid:6768263085,3,Student Card,3,Auto Loan
84d9df3a-492d-11ea-8bb2-b88a60e194fb-1-ps,crmid:7863658877,4,Student Card,4,Business Loan
84db65c8-492d-11ea-8c3e-b88a60e194fb-1-ps,crmid:6796141747,5,Simplicity Card,6,Personal Loan
84dcec68-492d-11ea-8c62-b88a60e194fb-1-ps,crmid:4444781505,2,Business Card,4,Personal Loan
84de4bf0-492d-11ea-8c15-b88a60e194fb-1-ps,crmid:5013371700,9,Dividend Card,3,Personal Loan
84dfab70-492d-11ea-bb34-b88a60e194fb-1-ps,crmid:9844586683,4,Platinum Card,4,Student Loan
84e1321e-492d-11ea-b5c7-b88a60e194fb-1-ps,crmid:3612749761,5,Simplicity Card,4,Personal Loan
84e29192-492d-11ea-9b39-b88a60e194fb-1-ps,crmid:7310557498,4,Simplicity Card,4,Student Loan
84e41836-492d-11ea-b295-b88a60e194fb-1-ps,crmid:4543223021,6,Dividend Card,3,Auto Loan
84e577d0-492d-11ea-9cd6-b88a60e194fb-1-ps,crmid:6158304187,4,Student Card,4,Personal Loan
84e6d74a-492d-11ea-b4b6-b88a60e194fb-1-ps,crmid:8170322740,5,Student Card,5,Business Loan
84e85df4-492d-11ea-85d9-b88a60e194fb-1-ps,crmid:4552669314,9,Student Card,5,Auto Loan
84e9bd8a-492d-11ea-bced-b88a60e194fb-1-ps,crmid:7493975346,6,Student Card,3,Auto Loan
85ff97e6-492d-11ea-a80c-b88a60e194fb-1-ps,crmid:4270389351,5,Travel Card,3,Auto Loan
8600d05c-492d-11ea-a978-b88a60e194fb-1-ps,crmid:6364397910,4,Simplicity Card,4,Business Loan
86022fee-492d-11ea-a281-b88a60e194fb-1-ps,crmid:4575981156,5,Business Card,5,Student Loan
8603415e-492d-11ea-bf43-b88a60e194fb-1-ps,crmid:8688119016,4,Business Card,2,Student Loan
8604a0f8-492d-11ea-b3d4-b88a60e194fb-1-ps,crmid:1708367423,4,Dividend Card,4,Auto Loan
8606006e-492d-11ea-9cc9-b88a60e194fb-1-ps,crmid:6399766221,5,Dividend Card,4,Personal Loan
86076006-492d-11ea-b280-b88a60e194fb-1-ps,crmid:3235873793,3,Business Card,5,Business Loan
86089882-492d-11ea-af27-b88a60e194fb-1-ps,crmid:2850000297,4,Rewards Card,4,Personal Loan
8609aa0c-492d-11ea-925e-b88a60e194fb-1-ps,crmid:6125641703,8,Student Card,5,Business Loan
860ae288-492d-11ea-814a-b88a60e194fb-1-ps,crmid:2231167691,5,Simplicity Card,4,Business Loan
860c1b98-492d-11ea-b942-b88a60e194fb-1-ps,crmid:1403945148,2,Rewards Card,4,Student Loan
860d542e-492d-11ea-bcd7-b88a60e194fb-1-ps,crmid:3499671546,4,Rewards Card,5,Business Loan
860e64de-492d-11ea-ab59-b88a60e194fb-1-ps,crmid:7699031352,2,Student Card,5,Personal Loan
860f9d6c-492d-11ea-bbff-b88a60e194fb-1-ps,crmid:9297479812,5,Rewards Card,4,Personal Loan
8610aee4-492d-11ea-9de0-b88a60e194fb-1-ps,crmid:1159528638,3,Rewards Card,5,Auto Loan
872e1242-492d-11ea-8431-b88a60e194fb-1-ps,crmid:3778099722,5,Business Card,4,Student Loan
872f65a8-492d-11ea-b99c-b88a60e194fb-1-ps,crmid:4786637463,3,Dividend Card,2,Personal Loan
87309d74-492d-11ea-8067-b88a60e194fb-1-ps,crmid:9854751688,5,Travel Card,4,Personal Loan
8731aef6-492d-11ea-a441-b88a60e194fb-1-ps,crmid:2943712803,4,Travel Card,2,Personal Loan
8732c092-492d-11ea-9cce-b88a60e194fb-1-ps,crmid:9547577727,2,Platinum Card,4,Student Loan
87342000-492d-11ea-b6e2-b88a60e194fb-1-ps,crmid:9461532112,3,Travel Card,4,Student Loan
87355880-492d-11ea-9201-b88a60e194fb-1-ps,crmid:7773702998,6,Business Card,3,Business Loan
8736b84a-492d-11ea-baf9-b88a60e194fb-1-ps,crmid:1663257137,5,Business Card,10,Auto Loan
873817a2-492d-11ea-bf96-b88a60e194fb-1-ps,crmid:8325984454,5,Platinum Card,4,Personal Loan
873901e6-492d-11ea-af53-b88a60e194fb-1-ps,crmid:2292173165,10,Business Card,2,Student Loan
873a3ae8-492d-11ea-b0e1-b88a60e194fb-1-ps,crmid:4736660541,4,Rewards Card,4,Business Loan
873b24c2-492d-11ea-b93d-b88a60e194fb-1-ps,crmid:3771023923,4,Travel Card,5,Auto Loan
873c8466-492d-11ea-a9fa-b88a60e194fb-1-ps,crmid:5281437622,4,Student Card,5,Personal Loan
873dbcca-492d-11ea-bd08-b88a60e194fb-1-ps,crmid:3691341483,4,Platinum Card,7,Student Loan
873ea746-492d-11ea-a71c-b88a60e194fb-1-ps,crmid:2660173292,7,Student Card,5,Auto Loan
8845f3fa-492d-11ea-83f0-b88a60e194fb-1-ps,crmid:4936096899,4,Travel Card,7,Auto Loan
8847a19e-492d-11ea-9a3d-b88a60e194fb-1-ps,crmid:7696174561,3,Travel Card,3,Personal Loan
8848da24-492d-11ea-9658-b88a60e194fb-1-ps,crmid:1323858880,5,Rewards Card,4,Personal Loan
884a87ba-492d-11ea-b2a3-b88a60e194fb-1-ps,crmid:1290716367,3,Simplicity Card,3,Personal Loan
884be750-492d-11ea-9479-b88a60e194fb-1-ps,crmid:9495104965,4,Travel Card,2,Personal Loan
884d46d0-492d-11ea-bbc5-b88a60e194fb-1-ps,crmid:1800448077,4,Business Card,2,Student Loan
884e7f5c-492d-11ea-85d7-b88a60e194fb-1-ps,crmid:9537269430,4,Student Card,4,Auto Loan
884fb7cc-492d-11ea-8c03-b88a60e194fb-1-ps,crmid:5284951944,5,Rewards Card,2,Personal Loan
8850f052-492d-11ea-8590-b88a60e194fb-1-ps,crmid:1052538504,3,Travel Card,4,Student Loan
885276fa-492d-11ea-9501-b88a60e194fb-1-ps,crmid:1446012690,4,Simplicity Card,3,Business Loan
8853fd98-492d-11ea-96a6-b88a60e194fb-1-ps,crmid:4067601463,4,Student Card,5,Personal Loan
8855ab26-492d-11ea-95d7-b88a60e194fb-1-ps,crmid:4051862250,4,Student Card,5,Business Loan
88570ac0-492d-11ea-bc96-b88a60e194fb-1-ps,crmid:4864359189,4,Travel Card,4,Student Loan
88584340-492d-11ea-85f7-b88a60e194fb-1-ps,crmid:6931708892,4,Business Card,6,Personal Loan
885a17e2-492d-11ea-87a2-b88a60e194fb-1-ps,crmid:5150529802,2,Platinum Card,5,Business Loan
894f9ac0-492d-11ea-b96b-b88a60e194fb-1-ps,crmid:8494423206,3,Simplicity Card,3,Auto Loan
89508574-492d-11ea-8f44-b88a60e194fb-1-ps,crmid:4842932444,3,Business Card,4,Auto Loan
89516f74-492d-11ea-9479-b88a60e194fb-1-ps,crmid:3808905684,5,Dividend Card,4,Personal Loan
89527fa2-492d-11ea-b634-b88a60e194fb-1-ps,crmid:5153593690,4,Travel Card,3,Student Loan
8953df2c-492d-11ea-964b-b88a60e194fb-1-ps,crmid:3860811101,3,Platinum Card,3,Business Loan
895517d8-492d-11ea-9f03-b88a60e194fb-1-ps,crmid:2523112689,3,Dividend Card,9,Personal Loan
895628fa-492d-11ea-943c-b88a60e194fb-1-ps,crmid:9850325272,4,Business Card,8,Personal Loan
8957617e-492d-11ea-919b-b88a60e194fb-1-ps,crmid:3197710203,3,Simplicity Card,4,Personal Loan
89589a3a-492d-11ea-a87a-b88a60e194fb-1-ps,crmid:4819769083,5,Travel Card,2,Business Loan
8959d2ae-492d-11ea-8743-b88a60e194fb-1-ps,crmid:7613446440,4,Simplicity Card,3,Personal Loan
895ae41c-492d-11ea-a989-b88a60e194fb-1-ps,crmid:4132358050,3,Simplicity Card,8,Personal Loan
895bf58a-492d-11ea-8566-b88a60e194fb-1-ps,crmid:5691378307,5,Rewards Card,4,Personal Loan
895d2dee-492d-11ea-ab54-b88a60e194fb-1-ps,crmid:1017291548,3,Simplicity Card,3,Auto Loan
895e6676-492d-11ea-8644-b88a60e194fb-1-ps,crmid:5717013783,5,Rewards Card,3,Personal Loan
895f50e6-492d-11ea-8945-b88a60e194fb-1-ps,crmid:3472761023,3,Student Card,4,Auto Loan
8a4606c2-492d-11ea-8f2c-b88a60e194fb-1-ps,crmid:3828050776,3,Business Card,5,Personal Loan
8a46f108-492d-11ea-8030-b88a60e194fb-1-ps,crmid:8623148365,4,Simplicity Card,4,Business Loan
8a4801ec-492d-11ea-8683-b88a60e194fb-1-ps,crmid:5240454763,5,Rewards Card,5,Personal Loan
8a48ecda-492d-11ea-84db-b88a60e194fb-1-ps,crmid:7877888180,5,Rewards Card,4,Personal Loan
8a49fd08-492d-11ea-bcf5-b88a60e194fb-1-ps,crmid:2828229623,3,Dividend Card,3,Personal Loan
8a4b0fae-492d-11ea-b600-b88a60e194fb-1-ps,crmid:3525131736,4,Platinum Card,4,Business Loan
8a4c1fb6-492d-11ea-b27c-b88a60e194fb-1-ps,crmid:5608392664,4,Student Card,4,Personal Loan
8a4d311c-492d-11ea-a5b7-b88a60e194fb-1-ps,crmid:3957273413,2,Rewards Card,5,Business Loan
8a4e42ae-492d-11ea-98ae-b88a60e194fb-1-ps,crmid:2816472081,5,Business Card,4,Personal Loan
8a4f53f8-492d-11ea-8315-b88a60e194fb-1-ps,crmid:3928595338,3,Platinum Card,5,Student Loan
8a506580-492d-11ea-8776-b88a60e194fb-1-ps,crmid:6932288431,3,Dividend Card,3,Business Loan
8a51c642-492d-11ea-b4bd-b88a60e194fb-1-ps,crmid:7268196507,4,Travel Card,5,Student Loan
8a52d7ac-492d-11ea-90aa-b88a60e194fb-1-ps,crmid:7476449676,3,Simplicity Card,2,Business Loan
8a5399c6-492d-11ea-96db-b88a60e194fb-1-ps,crmid:9892961760,5,Business Card,5,Business Loan
8a54851c-492d-11ea-b012-b88a60e194fb-1-ps,crmid:2929899013,4,Student Card,5,Student Loan
8b382b5e-492d-11ea-953b-b88a60e194fb-1-ps,crmid:3089669606,3,Simplicity Card,5,Business Loan
8b39641e-492d-11ea-84d0-b88a60e194fb-1-ps,crmid:5870026980,2,Simplicity Card,3,Student Loan
8b3a757e-492d-11ea-946c-b88a60e194fb-1-ps,crmid:6983645992,4,Rewards Card,5,Business Loan
8b3bd508-492d-11ea-b688-b88a60e194fb-1-ps,crmid:6811066925,4,Student Card,4,Personal Loan
8b3dab58-492d-11ea-9a5d-b88a60e194fb-1-ps,crmid:9426679401,4,Business Card,8,Personal Loan
8b3f0a98-492d-11ea-b475-b88a60e194fb-1-ps,crmid:3189823731,4,Rewards Card,8,Auto Loan
8b408fb6-492d-11ea-b71a-b88a60e194fb-1-ps,crmid:8088636317,4,Rewards Card,3,Personal Loan
8b41a124-492d-11ea-ba8b-b88a60e194fb-1-ps,crmid:9935010087,5,Rewards Card,5,Personal Loan
8b42b298-492d-11ea-b9a6-b88a60e194fb-1-ps,crmid:8835430767,2,Rewards Card,5,Personal Loan
8b43c3f8-492d-11ea-a831-b88a60e194fb-1-ps,crmid:3649729976,3,Rewards Card,8,Auto Loan
8b44ae5e-492d-11ea-937e-b88a60e194fb-1-ps,crmid:4546202753,3,Business Card,5,Business Loan
8b45bfd4-492d-11ea-b693-b88a60e194fb-1-ps,crmid:5931525361,2,Rewards Card,4,Personal Loan
8b46f9b4-492d-11ea-a8c8-b88a60e194fb-1-ps,crmid:2946681530,4,Rewards Card,6,Student Loan
8b47e3f6-492d-11ea-b25d-b88a60e194fb-1-ps,crmid:1662998115,6,Travel Card,4,Business Loan
8b48f426-492d-11ea-9bdc-b88a60e194fb-1-ps,crmid:9666008664,3,Platinum Card,6,Personal Loan
8c3e0066-492d-11ea-81a7-b88a60e194fb-1-ps,crmid:1484517675,6,Business Card,3,Student Loan
8c3f1328-492d-11ea-9c3d-b88a60e194fb-1-ps,crmid:1403945148,5,Dividend Card,2,Personal Loan
8c404a6c-492d-11ea-89b6-b88a60e194fb-1-ps,crmid:8672663266,4,Travel Card,3,Auto Loan
8c415d64-492d-11ea-a67e-b88a60e194fb-1-ps,crmid:5685070932,5,Dividend Card,4,Personal Loan
8c42e280-492d-11ea-abd7-b88a60e194fb-1-ps,crmid:2557851545,6,Travel Card,4,Business Loan
8c43f3d0-492d-11ea-b9ba-b88a60e194fb-1-ps,crmid:5913816775,3,Simplicity Card,4,Student Loan
8c45053a-492d-11ea-956a-b88a60e194fb-1-ps,crmid:7038604707,4,Rewards Card,4,Personal Loan
8c4664fa-492d-11ea-addc-b88a60e194fb-1-ps,crmid:9496531423,3,Platinum Card,5,Student Loan
8c479d4c-492d-11ea-86ff-b88a60e194fb-1-ps,crmid:6217217876,3,Travel Card,8,Business Loan
8c48fcf0-492d-11ea-b2a2-b88a60e194fb-1-ps,crmid:6896021149,5,Dividend Card,5,Personal Loan
8c49e724-492d-11ea-83da-b88a60e194fb-1-ps,crmid:2194833850,4,Rewards Card,5,Auto Loan
8c4af892-492d-11ea-ad3b-b88a60e194fb-1-ps,crmid:1501653736,3,Simplicity Card,5,Personal Loan
8c4c311e-492d-11ea-987b-b88a60e194fb-1-ps,crmid:2262762703,4,Platinum Card,6,Business Loan
8c4d69e4-492d-11ea-b2ae-b88a60e194fb-1-ps,crmid:8642042993,5,Travel Card,5,Student Loan
8c4e7b06-492d-11ea-9873-b88a60e194fb-1-ps,crmid:5912881584,5,Business Card,5,Personal Loan
8d481b28-492d-11ea-9a6d-b88a60e194fb-1-ps,crmid:5309118845,4,Rewards Card,4,Personal Loan
8d49a1e8-492d-11ea-995e-b88a60e194fb-1-ps,crmid:2756102244,4,Simplicity Card,8,Personal Loan
8d4b0170-492d-11ea-8b08-b88a60e194fb-1-ps,crmid:1493198505,5,Platinum Card,4,Personal Loan
8d4c60f4-492d-11ea-91de-b88a60e194fb-1-ps,crmid:2906573726,4,Platinum Card,4,Business Loan
8d4d9974-492d-11ea-b1f9-b88a60e194fb-1-ps,crmid:5578610230,5,Business Card,3,Auto Loan
8d4eaadc-492d-11ea-bb21-b88a60e194fb-1-ps,crmid:5749090966,5,Travel Card,3,Auto Loan
8d4fe364-492d-11ea-bf52-b88a60e194fb-1-ps,crmid:2304210995,4,Travel Card,4,Auto Loan
8d511bdc-492d-11ea-b3e6-b88a60e194fb-1-ps,crmid:1457866817,3,Dividend Card,4,Personal Loan
8d5365c2-492d-11ea-8a8c-b88a60e194fb-1-ps,crmid:1708367423,4,Student Card,4,Personal Loan
8d549e34-492d-11ea-a76b-b88a60e194fb-1-ps,crmid:7885027761,3,Platinum Card,5,Personal Loan
8d55d6da-492d-11ea-9c8a-b88a60e194fb-1-ps,crmid:7040640594,3,Student Card,3,Student Loan
8d56e824-492d-11ea-88e5-b88a60e194fb-1-ps,crmid:7284582115,4,Student Card,4,Business Loan
8d58485a-492d-11ea-8827-b88a60e194fb-1-ps,crmid:9169753972,3,Business Card,5,Business Loan
8d59594a-492d-11ea-b81b-b88a60e194fb-1-ps,crmid:4895074561,3,Dividend Card,4,Personal Loan
8d5a4386-492d-11ea-a345-b88a60e194fb-1-ps,crmid:1689234795,5,Simplicity Card,3,Business Loan
8e4c9b12-492d-11ea-aa32-b88a60e194fb-1-ps,crmid:8484960724,3,Rewards Card,4,Personal Loan
8e4dfaac-492d-11ea-9b41-b88a60e194fb-1-ps,crmid:8487646043,4,Student Card,3,Auto Loan
8e4f5a2e-492d-11ea-bbed-b88a60e194fb-1-ps,crmid:5182625743,3,Simplicity Card,4,Personal Loan
8e504494-492d-11ea-9da0-b88a60e194fb-1-ps,crmid:4466035321,5,Student Card,5,Auto Loan
8e517d36-492d-11ea-96af-b88a60e194fb-1-ps,crmid:4434632993,5,Travel Card,4,Personal Loan
8e526764-492d-11ea-96f4-b88a60e194fb-1-ps,crmid:4876511915,5,Platinum Card,6,Student Loan
8e5351c2-492d-11ea-be9d-b88a60e194fb-1-ps,crmid:2347966128,4,Simplicity Card,3,Business Loan
8e5463e6-492d-11ea-a0c6-b88a60e194fb-1-ps,crmid:7803064865,5,Simplicity Card,4,Personal Loan
8e55749e-492d-11ea-9555-b88a60e194fb-1-ps,crmid:4783385004,3,Travel Card,6,Business Loan
8e56ad1e-492d-11ea-b7c4-b88a60e194fb-1-ps,crmid:3082979419,1,Student Card,7,Business Loan
8e57be98-492d-11ea-b38a-b88a60e194fb-1-ps,crmid:8492124679,5,Student Card,2,Business Loan
8e58a8ee-492d-11ea-b699-b88a60e194fb-1-ps,crmid:6569591181,5,Travel Card,4,Auto Loan
8e59e162-492d-11ea-88ba-b88a60e194fb-1-ps,crmid:2065316563,5,Business Card,4,Auto Loan
8e5af2dc-492d-11ea-bad9-b88a60e194fb-1-ps,crmid:4781059256,5,Business Card,5,Business Loan
8e5c2b8c-492d-11ea-8fe2-b88a60e194fb-1-ps,crmid:7783841510,3,Student Card,4,Personal Loan
8f613d28-492d-11ea-9330-b88a60e194fb-1-ps,crmid:1243602566,5,Platinum Card,2,Personal Loan
8f62c3be-492d-11ea-84cf-b88a60e194fb-1-ps,crmid:8188984159,4,Rewards Card,5,Business Loan
8f64234a-492d-11ea-acb4-b88a60e194fb-1-ps,crmid:1588613867,3,Dividend Card,4,Business Loan
8f65a9f6-492d-11ea-8f56-b88a60e194fb-1-ps,crmid:7843865310,3,Business Card,4,Business Loan
8f6757a2-492d-11ea-b40f-b88a60e194fb-1-ps,crmid:4522966378,5,Simplicity Card,8,Personal Loan
8f68de4c-492d-11ea-9733-b88a60e194fb-1-ps,crmid:9912648729,4,Student Card,3,Student Loan
8f6ab2fa-492d-11ea-903e-b88a60e194fb-1-ps,crmid:4421828135,4,Platinum Card,3,Business Loan
8f6c398c-492d-11ea-b3b8-b88a60e194fb-1-ps,crmid:1677481490,3,Platinum Card,5,Business Loan
8f6dc046-492d-11ea-a1ee-b88a60e194fb-1-ps,crmid:1846785852,4,Travel Card,4,Auto Loan
8f6f46c8-492d-11ea-aba9-b88a60e194fb-1-ps,crmid:9022843920,4,Rewards Card,5,Business Loan
8f70cd70-492d-11ea-9094-b88a60e194fb-1-ps,crmid:5443196196,3,Student Card,8,Personal Loan
8f727b18-492d-11ea-80aa-b88a60e194fb-1-ps,crmid:6514391040,4,Business Card,2,Auto Loan
8f7428ba-492d-11ea-9d15-b88a60e194fb-1-ps,crmid:4075552127,3,Rewards Card,5,Business Loan
8f75af46-492d-11ea-98ad-b88a60e194fb-1-ps,crmid:5947626449,4,Simplicity Card,4,Personal Loan
8f773600-492d-11ea-916d-b88a60e194fb-1-ps,crmid:8823049472,5,Platinum Card,2,Auto Loan
90703a88-492d-11ea-9eae-b88a60e194fb-1-ps,crmid:6978037147,5,Business Card,3,Personal Loan
90719a36-492d-11ea-844c-b88a60e194fb-1-ps,crmid:8526776867,5,Travel Card,8,Business Loan
907347c2-492d-11ea-84d8-b88a60e194fb-1-ps,crmid:6236584846,2,Rewards Card,3,Auto Loan
9074a740-492d-11ea-879d-b88a60e194fb-1-ps,crmid:2848207152,3,Rewards Card,3,Personal Loan
9075dfca-492d-11ea-a4f1-b88a60e194fb-1-ps,crmid:4062856972,1,Travel Card,3,Auto Loan
90773f4a-492d-11ea-8bec-b88a60e194fb-1-ps,crmid:9754043517,5,Dividend Card,5,Personal Loan
907850b8-492d-11ea-b5f1-b88a60e194fb-1-ps,crmid:2371538980,3,Platinum Card,7,Auto Loan
9079d75e-492d-11ea-8de2-b88a60e194fb-1-ps,crmid:1555682728,5,Travel Card,6,Personal Loan
907b5df6-492d-11ea-9a2c-b88a60e194fb-1-ps,crmid:7164148118,4,Student Card,5,Auto Loan
907d0ba2-492d-11ea-acee-b88a60e194fb-1-ps,crmid:8186779011,4,Dividend Card,5,Auto Loan
907e9248-492d-11ea-b659-b88a60e194fb-1-ps,crmid:8102303889,5,Rewards Card,4,Personal Loan
90801912-492d-11ea-a00a-b88a60e194fb-1-ps,crmid:8186779011,3,Dividend Card,4,Personal Loan
908178a8-492d-11ea-a2ef-b88a60e194fb-1-ps,crmid:1885593791,4,Student Card,4,Business Loan
9082d806-492d-11ea-9f3a-b88a60e194fb-1-ps,crmid:1178420135,6,Dividend Card,4,Business Loan
9084859e-492d-11ea-ba93-b88a60e194fb-1-ps,crmid:6421087921,6,Simplicity Card,4,Personal Loan
91e487e2-492d-11ea-98a7-b88a60e194fb-1-ps,crmid:8741288330,3,Business Card,3,Business Loan
91e5e768-492d-11ea-a730-b88a60e194fb-1-ps,crmid:5954573538,5,Simplicity Card,2,Personal Loan
91e6f8fa-492d-11ea-92eb-b88a60e194fb-1-ps,crmid:4618171277,3,Travel Card,5,Auto Loan
91e85892-492d-11ea-9bde-b88a60e194fb-1-ps,crmid:8351847765,4,Student Card,4,Auto Loan
91e96a00-492d-11ea-863d-b88a60e194fb-1-ps,crmid:3580977268,4,Business Card,4,Business Loan
91eaf0d0-492d-11ea-a053-b88a60e194fb-1-ps,crmid:9239711877,2,Business Card,4,Auto Loan
91ecc54a-492d-11ea-ba97-b88a60e194fb-1-ps,crmid:7714794942,4,Student Card,7,Personal Loan
91edd698-492d-11ea-8784-b88a60e194fb-1-ps,crmid:1888515899,4,Student Card,5,Auto Loan
91ef0f4a-492d-11ea-bb0c-b88a60e194fb-1-ps,crmid:3701947208,4,Platinum Card,4,Personal Loan
91f047d4-492d-11ea-90e8-b88a60e194fb-1-ps,crmid:1074122369,4,Business Card,4,Personal Loan
91f1a774-492d-11ea-85cc-b88a60e194fb-1-ps,crmid:6740757799,6,Rewards Card,5,Business Loan
91f2dfb6-492d-11ea-809c-b88a60e194fb-1-ps,crmid:7022646789,4,Rewards Card,3,Personal Loan
91f43f36-492d-11ea-ab72-b88a60e194fb-1-ps,crmid:5025672922,4,Travel Card,2,Auto Loan
91f577ee-492d-11ea-8d8c-b88a60e194fb-1-ps,crmid:1677481490,6,Simplicity Card,5,Auto Loan
91f6fe74-492d-11ea-8f6a-b88a60e194fb-1-ps,crmid:4612318078,5,Business Card,5,Personal Loan
92f866ae-492d-11ea-a689-b88a60e194fb-1-ps,crmid:3390921313,5,Student Card,2,Personal Loan
92f950e2-492d-11ea-9ac2-b88a60e194fb-1-ps,crmid:2548725867,5,Simplicity Card,8,Business Loan
92fa624a-492d-11ea-b88b-b88a60e194fb-1-ps,crmid:9233926127,10,Platinum Card,4,Business Loan
92fb9bb6-492d-11ea-a333-b88a60e194fb-1-ps,crmid:8393345655,5,Business Card,4,Personal Loan
92fcfbc2-492d-11ea-82d4-b88a60e194fb-1-ps,crmid:5945450991,5,Platinum Card,5,Personal Loan
92fde662-492d-11ea-908e-b88a60e194fb-1-ps,crmid:1041429022,4,Dividend Card,4,Personal Loan
92fef786-492d-11ea-85ef-b88a60e194fb-1-ps,crmid:3580446406,4,Platinum Card,5,Auto Loan
92ffe208-492d-11ea-880f-b88a60e194fb-1-ps,crmid:7609396846,5,Platinum Card,4,Business Loan
9300cb06-492d-11ea-9ed9-b88a60e194fb-1-ps,crmid:9255814670,7,Platinum Card,5,Personal Loan
9301dd10-492d-11ea-8746-b88a60e194fb-1-ps,crmid:9712415679,4,Business Card,9,Auto Loan
93031578-492d-11ea-bd41-b88a60e194fb-1-ps,crmid:3930091052,2,Rewards Card,8,Student Loan
93040092-492d-11ea-8fbe-b88a60e194fb-1-ps,crmid:7044731877,3,Travel Card,5,Business Loan
9305d40c-492d-11ea-9690-b88a60e194fb-1-ps,crmid:8547188647,5,Student Card,4,Auto Loan
93070d00-492d-11ea-a37b-b88a60e194fb-1-ps,crmid:6204881310,4,Platinum Card,3,Auto Loan
9307f7e4-492d-11ea-a6b9-b88a60e194fb-1-ps,crmid:8868065847,5,Business Card,8,Personal Loan
94385dda-492d-11ea-9c78-b88a60e194fb-1-ps,crmid:9321616715,3,Rewards Card,4,Auto Loan
94396f54-492d-11ea-8d1b-b88a60e194fb-1-ps,crmid:3489417152,9,Platinum Card,4,Student Loan
943a59b0-492d-11ea-8717-b88a60e194fb-1-ps,crmid:8600089315,5,Business Card,3,Auto Loan
943b4408-492d-11ea-9be9-b88a60e194fb-1-ps,crmid:2740431977,6,Dividend Card,4,Business Loan
943c5574-492d-11ea-9458-b88a60e194fb-1-ps,crmid:8060211220,4,Rewards Card,4,Business Loan
943d8e00-492d-11ea-9d08-b88a60e194fb-1-ps,crmid:1120462257,7,Platinum Card,4,Auto Loan
943ec676-492d-11ea-98ee-b88a60e194fb-1-ps,crmid:9580348897,4,Platinum Card,4,Business Loan
943fd7d2-492d-11ea-9dbb-b88a60e194fb-1-ps,crmid:5620309170,3,Rewards Card,5,Auto Loan
9441105c-492d-11ea-998a-b88a60e194fb-1-ps,crmid:8174631085,4,Platinum Card,6,Business Loan
9441fada-492d-11ea-8f87-b88a60e194fb-1-ps,crmid:5943171713,2,Dividend Card,8,Auto Loan
9442be02-492d-11ea-9c8a-b88a60e194fb-1-ps,crmid:1474512300,5,Dividend Card,4,Student Loan
9443cf76-492d-11ea-bfb3-b88a60e194fb-1-ps,crmid:1648281095,3,Rewards Card,4,Business Loan
9444e210-492d-11ea-ac6d-b88a60e194fb-1-ps,crmid:5143582086,4,Platinum Card,5,Auto Loan
9445cb58-492d-11ea-abeb-b88a60e194fb-1-ps,crmid:8305822038,4,Platinum Card,5,Auto Loan
94468ff0-492d-11ea-8e2b-b88a60e194fb-1-ps,crmid:6007864092,4,Rewards Card,6,Business Loan
952b6fbe-492d-11ea-967a-b88a60e194fb-1-ps,crmid:1604861668,4,Travel Card,3,Personal Loan
952c8166-492d-11ea-92da-b88a60e194fb-1-ps,crmid:8449496434,2,Student Card,7,Auto Loan
952d6a54-492d-11ea-8473-b88a60e194fb-1-ps,crmid:6605424022,5,Student Card,5,Personal Loan
952e2d98-492d-11ea-9c13-b88a60e194fb-1-ps,crmid:2765421399,4,Travel Card,3,Business Loan
952f6758-492d-11ea-8b7e-b88a60e194fb-1-ps,crmid:3338803973,4,Simplicity Card,3,Business Loan
953029c8-492d-11ea-bc75-b88a60e194fb-1-ps,crmid:9617598396,3,Dividend Card,4,Business Loan
95313c26-492d-11ea-a35a-b88a60e194fb-1-ps,crmid:4043044078,5,Rewards Card,3,Student Loan
95322686-492d-11ea-b48f-b88a60e194fb-1-ps,crmid:9694662420,4,Simplicity Card,4,Auto Loan
95330f92-492d-11ea-8248-b88a60e194fb-1-ps,crmid:3119656682,4,Travel Card,2,Business Loan
9533fa7a-492d-11ea-a60b-b88a60e194fb-1-ps,crmid:6639374299,3,Rewards Card,4,Business Loan
95350b68-492d-11ea-9893-b88a60e194fb-1-ps,crmid:8313769890,3,Rewards Card,3,Student Loan
95366ae6-492d-11ea-8445-b88a60e194fb-1-ps,crmid:1924780623,5,Travel Card,5,Personal Loan
9537567e-492d-11ea-ac6b-b88a60e194fb-1-ps,crmid:6387772751,4,Simplicity Card,4,Student Loan
953867e8-492d-11ea-93d8-b88a60e194fb-1-ps,crmid:5390337068,4,Platinum Card,4,Personal Loan
95392a0a-492d-11ea-bf98-b88a60e194fb-1-ps,crmid:2886835008,4,Platinum Card,4,Student Loan
9630ce4c-492d-11ea-a655-b88a60e194fb-1-ps,crmid:5868050688,3,Travel Card,3,Student Loan
9631b8ae-492d-11ea-94c4-b88a60e194fb-1-ps,crmid:4473250463,4,Simplicity Card,8,Student Loan
9632f128-492d-11ea-bc34-b88a60e194fb-1-ps,crmid:1127769865,5,Simplicity Card,7,Personal Loan
96342986-492d-11ea-b2a2-b88a60e194fb-1-ps,crmid:3537953358,9,Business Card,5,Business Loan
96356226-492d-11ea-8f33-b88a60e194fb-1-ps,crmid:7459222262,5,Dividend Card,4,Business Loan
9636738a-492d-11ea-b3d5-b88a60e194fb-1-ps,crmid:9382516561,4,Business Card,4,Personal Loan
9637ac06-492d-11ea-aab7-b88a60e194fb-1-ps,crmid:7277346034,3,Business Card,4,Personal Loan
96389718-492d-11ea-a79d-b88a60e194fb-1-ps,crmid:8481678736,3,Rewards Card,4,Personal Loan
9639cee4-492d-11ea-b20b-b88a60e194fb-1-ps,crmid:9211346723,4,Platinum Card,4,Auto Loan
963ae068-492d-11ea-bf5e-b88a60e194fb-1-ps,crmid:8922896878,5,Travel Card,4,Business Loan
963c1906-492d-11ea-b438-b88a60e194fb-1-ps,crmid:3151712835,9,Business Card,5,Auto Loan
963d0480-492d-11ea-a128-b88a60e194fb-1-ps,crmid:3046248228,5,Simplicity Card,5,Business Loan
963def00-492d-11ea-a59e-b88a60e194fb-1-ps,crmid:8348083257,4,Dividend Card,4,Personal Loan
963efeec-492d-11ea-8cb3-b88a60e194fb-1-ps,crmid:9212789675,2,Business Card,3,Student Loan
96405e9a-492d-11ea-b17b-b88a60e194fb-1-ps,crmid:5124992953,3,Business Card,4,Personal Loan
9727615a-492d-11ea-9548-b88a60e194fb-1-ps,crmid:9026793205,4,Student Card,5,Student Loan
9728e7dc-492d-11ea-a908-b88a60e194fb-1-ps,crmid:4562907626,2,Business Card,4,Personal Loan
9729d214-492d-11ea-af2d-b88a60e194fb-1-ps,crmid:2938182220,5,Rewards Card,4,Business Loan
972ae3a8-492d-11ea-b77f-b88a60e194fb-1-ps,crmid:3643277372,4,Student Card,2,Personal Loan
972bf662-492d-11ea-99cb-b88a60e194fb-1-ps,crmid:4842932444,5,Business Card,3,Personal Loan
972cb9a8-492d-11ea-8d71-b88a60e194fb-1-ps,crmid:9418133803,4,Student Card,3,Personal Loan
972dc9ca-492d-11ea-8bc2-b88a60e194fb-1-ps,crmid:7271379666,2,Rewards Card,5,Business Loan
972f51d8-492d-11ea-818f-b88a60e194fb-1-ps,crmid:7107617112,4,Student Card,3,Business Loan
97303aac-492d-11ea-b26e-b88a60e194fb-1-ps,crmid:7844882482,3,Student Card,5,Personal Loan
97319ba8-492d-11ea-8041-b88a60e194fb-1-ps,crmid:8357402075,3,Platinum Card,5,Business Loan
9732fa00-492d-11ea-84a5-b88a60e194fb-1-ps,crmid:3768094480,8,Business Card,3,Student Loan
9733e41e-492d-11ea-b1e4-b88a60e194fb-1-ps,crmid:4071264076,2,Platinum Card,6,Personal Loan
97351c9e-492d-11ea-b0d9-b88a60e194fb-1-ps,crmid:3926167357,5,Dividend Card,2,Student Loan
97367c2c-492d-11ea-b70c-b88a60e194fb-1-ps,crmid:7790620936,5,Simplicity Card,6,Student Loan
973766ae-492d-11ea-9820-b88a60e194fb-1-ps,crmid:4000983401,5,Dividend Card,3,Business Loan
981baa3a-492d-11ea-96ab-b88a60e194fb-1-ps,crmid:8129028259,5,Rewards Card,9,Student Loan
981e423a-492d-11ea-ba72-b88a60e194fb-1-ps,crmid:5018330359,4,Simplicity Card,5,Student Loan
981fa1d2-492d-11ea-b3e1-b88a60e194fb-1-ps,crmid:7291006789,4,Business Card,4,Business Loan
982101ba-492d-11ea-a84f-b88a60e194fb-1-ps,crmid:2154355250,2,Rewards Card,5,Student Loan
982212e4-492d-11ea-aeb4-b88a60e194fb-1-ps,crmid:9838962230,4,Business Card,4,Business Loan
98232458-492d-11ea-8732-b88a60e194fb-1-ps,crmid:1437717075,5,Dividend Card,3,Personal Loan
98240e9e-492d-11ea-a934-b88a60e194fb-1-ps,crmid:7678200698,4,Platinum Card,4,Student Loan
9825472c-492d-11ea-b267-b88a60e194fb-1-ps,crmid:3033407486,5,Student Card,3,Business Loan
98263190-492d-11ea-bdc3-b88a60e194fb-1-ps,crmid:8834332997,4,Travel Card,3,Personal Loan
9827910c-492d-11ea-b567-b88a60e194fb-1-ps,crmid:4296030408,4,Business Card,3,Personal Loan
9828a270-492d-11ea-8ed6-b88a60e194fb-1-ps,crmid:5118521572,5,Dividend Card,5,Personal Loan
982a024a-492d-11ea-9b6f-b88a60e194fb-1-ps,crmid:9628055649,5,Travel Card,3,Business Loan
982b134c-492d-11ea-b9f0-b88a60e194fb-1-ps,crmid:4368891296,2,Rewards Card,5,Business Loan
982c72dc-492d-11ea-8290-b88a60e194fb-1-ps,crmid:5927707306,3,Rewards Card,3,Personal Loan
982d8488-492d-11ea-84c8-b88a60e194fb-1-ps,crmid:8406852925,2,Rewards Card,3,Personal Loan
99261306-492d-11ea-a285-b88a60e194fb-1-ps,crmid:7078163531,4,Rewards Card,6,Student Loan
9927247e-492d-11ea-b44e-b88a60e194fb-1-ps,crmid:7604177065,4,Travel Card,3,Student Loan
99280f00-492d-11ea-aee1-b88a60e194fb-1-ps,crmid:1127769865,4,Travel Card,5,Student Loan
9929475c-492d-11ea-8a1e-b88a60e194fb-1-ps,crmid:8292174128,3,Travel Card,4,Business Loan
992a7fe4-492d-11ea-a5b9-b88a60e194fb-1-ps,crmid:9633603289,4,Student Card,9,Auto Loan
992b9152-492d-11ea-b6b6-b88a60e194fb-1-ps,crmid:5383489811,3,Platinum Card,5,Personal Loan
992ca2c6-492d-11ea-92b0-b88a60e194fb-1-ps,crmid:8708574291,3,Rewards Card,5,Personal Loan
992db442-492d-11ea-a83b-b88a60e194fb-1-ps,crmid:4667328474,3,Business Card,4,Personal Loan
992ec5ba-492d-11ea-8e11-b88a60e194fb-1-ps,crmid:8066900766,5,Business Card,4,Personal Loan
992fd6fe-492d-11ea-ab23-b88a60e194fb-1-ps,crmid:9619710652,5,Rewards Card,3,Auto Loan
9930e852-492d-11ea-8036-b88a60e194fb-1-ps,crmid:5240352635,4,Rewards Card,7,Personal Loan
99324810-492d-11ea-98fe-b88a60e194fb-1-ps,crmid:1212995197,2,Platinum Card,8,Personal Loan
99338074-492d-11ea-a58a-b88a60e194fb-1-ps,crmid:3136437558,5,Platinum Card,5,Student Loan
9934b8d4-492d-11ea-a5f9-b88a60e194fb-1-ps,crmid:6799807695,5,Travel Card,4,Auto Loan
9935ca50-492d-11ea-b0bb-b88a60e194fb-1-ps,crmid:5198589514,4,Travel Card,4,Auto Loan
9a50af38-492d-11ea-9f58-b88a60e194fb-1-ps,crmid:5538800731,4,Rewards Card,5,Personal Loan
9a51bf54-492d-11ea-9bf3-b88a60e194fb-1-ps,crmid:1827201199,3,Business Card,9,Personal Loan
9a52a9ca-492d-11ea-ade2-b88a60e194fb-1-ps,crmid:7063372843,3,Platinum Card,3,Business Loan
9a539528-492d-11ea-ad44-b88a60e194fb-1-ps,crmid:1751760248,4,Business Card,3,Auto Loan
9a547e8c-492d-11ea-b4f4-b88a60e194fb-1-ps,crmid:7518672338,5,Simplicity Card,6,Personal Loan
9a55b836-492d-11ea-bdd8-b88a60e194fb-1-ps,crmid:2939509460,4,Student Card,5,Auto Loan
9a56c9a8-492d-11ea-9950-b88a60e194fb-1-ps,crmid:6145441478,3,Platinum Card,3,Personal Loan
9a578cfa-492d-11ea-b4cc-b88a60e194fb-1-ps,crmid:8337271362,4,Business Card,3,Business Loan
9a587774-492d-11ea-9248-b88a60e194fb-1-ps,crmid:1324246316,5,Travel Card,6,Auto Loan
9a598892-492d-11ea-bb50-b88a60e194fb-1-ps,crmid:4391980002,5,Rewards Card,7,Student Loan
9a5ae866-492d-11ea-b4ae-b88a60e194fb-1-ps,crmid:4666584455,4,Business Card,4,Personal Loan
9a5bf982-492d-11ea-b26c-b88a60e194fb-1-ps,crmid:3918928177,2,Business Card,2,Personal Loan
9a5ce2ba-492d-11ea-9482-b88a60e194fb-1-ps,crmid:1573428045,4,Student Card,8,Personal Loan
9a5dcd2e-492d-11ea-925b-b88a60e194fb-1-ps,crmid:1241232823,6,Rewards Card,5,Personal Loan
9a5edf0a-492d-11ea-9961-b88a60e194fb-1-ps,crmid:5967933935,3,Dividend Card,3,Student Loan
9b37ffa6-492d-11ea-b345-b88a60e194fb-1-ps,crmid:3929801492,4,Platinum Card,4,Personal Loan
9b3911be-492d-11ea-8308-b88a60e194fb-1-ps,crmid:7328137158,3,Rewards Card,4,Student Loan
9b39fbcc-492d-11ea-9147-b88a60e194fb-1-ps,crmid:2291073657,5,Platinum Card,5,Auto Loan
9b3b3300-492d-11ea-83aa-b88a60e194fb-1-ps,crmid:7790420862,3,Business Card,4,Personal Loan
9b3c4490-492d-11ea-a21b-b88a60e194fb-1-ps,crmid:9113190891,6,Student Card,4,Auto Loan
9b3d3022-492d-11ea-bd29-b88a60e194fb-1-ps,crmid:9907016642,4,Travel Card,4,Personal Loan
9b3df374-492d-11ea-a153-b88a60e194fb-1-ps,crmid:2204831063,5,Platinum Card,4,Auto Loan
9b3f04c6-492d-11ea-b7bb-b88a60e194fb-1-ps,crmid:1540248643,2,Platinum Card,4,Auto Loan
9b3fef1e-492d-11ea-8387-b88a60e194fb-1-ps,crmid:5114662722,2,Travel Card,4,Auto Loan
9b40d842-492d-11ea-acdd-b88a60e194fb-1-ps,crmid:4035251133,4,Business Card,6,Student Loan
9b41c298-492d-11ea-ac0c-b88a60e194fb-1-ps,crmid:3179664049,4,Business Card,4,Student Loan
9b42ae0c-492d-11ea-b112-b88a60e194fb-1-ps,crmid:2085838817,5,Simplicity Card,3,Personal Loan
9b43be46-492d-11ea-a63f-b88a60e194fb-1-ps,crmid:7300132345,4,Student Card,5,Student Loan
9b44d118-492d-11ea-9417-b88a60e194fb-1-ps,crmid:2003350784,5,Dividend Card,9,Personal Loan
9b45bb7a-492d-11ea-86e6-b88a60e194fb-1-ps,crmid:8483319738,4,Platinum Card,4,Student Loan
9c4e9c50-492d-11ea-b807-b88a60e194fb-1-ps,crmid:3782557472,4,Simplicity Card,5,Auto Loan
9c4ffbf4-492d-11ea-8d6d-b88a60e194fb-1-ps,crmid:3921013656,5,Dividend Card,5,Personal Loan
9c513470-492d-11ea-85a3-b88a60e194fb-1-ps,crmid:3378337943,6,Travel Card,3,Personal Loan
9c5245fa-492d-11ea-89ef-b88a60e194fb-1-ps,crmid:7306140997,4,Platinum Card,10,Personal Loan
9c53575e-492d-11ea-91d8-b88a60e194fb-1-ps,crmid:3013409603,6,Dividend Card,4,Business Loan
9c5468a8-492d-11ea-8b3b-b88a60e194fb-1-ps,crmid:9089240964,9,Dividend Card,4,Personal Loan
9c557a1c-492d-11ea-9dd7-b88a60e194fb-1-ps,crmid:2085838817,3,Platinum Card,4,Student Loan
9c56d99e-492d-11ea-bf5c-b88a60e194fb-1-ps,crmid:2083372638,3,Business Card,3,Personal Loan
9c57eb1e-492d-11ea-8ea9-b88a60e194fb-1-ps,crmid:5726788775,4,Rewards Card,5,Student Loan
9c594b4a-492d-11ea-9949-b88a60e194fb-1-ps,crmid:2943712803,5,Dividend Card,4,Personal Loan
9c5a5c06-492d-11ea-82b7-b88a60e194fb-1-ps,crmid:6110229773,3,Student Card,3,Business Loan
9c5b9482-492d-11ea-a518-b88a60e194fb-1-ps,crmid:3625517191,4,Dividend Card,2,Personal Loan
9c5d1b52-492d-11ea-ba81-b88a60e194fb-1-ps,crmid:6040877821,5,Student Card,4,Personal Loan
9c5e05ae-492d-11ea-b81c-b88a60e194fb-1-ps,crmid:3322150813,4,Student Card,6,Personal Loan
9c5f3e10-492d-11ea-b5ca-b88a60e194fb-1-ps,crmid:3552790797,3,Student Card,3,Auto Loan
9d430c7e-492d-11ea-a396-b88a60e194fb-1-ps,crmid:2458042178,4,Business Card,4,Auto Loan
9d43f6f6-492d-11ea-aefd-b88a60e194fb-1-ps,crmid:9306913233,2,Platinum Card,6,Auto Loan
9d44e158-492d-11ea-9b1f-b88a60e194fb-1-ps,crmid:7880309907,4,Business Card,4,Personal Loan
9d45f28c-492d-11ea-95ea-b88a60e194fb-1-ps,crmid:8046787621,4,Platinum Card,4,Personal Loan
9d4703f6-492d-11ea-8201-b88a60e194fb-1-ps,crmid:2127199200,5,Student Card,5,Personal Loan
9d481566-492d-11ea-adac-b88a60e194fb-1-ps,crmid:3867722499,4,Student Card,4,Student Loan
9d48ffc6-492d-11ea-9c3d-b88a60e194fb-1-ps,crmid:3449493301,4,Simplicity Card,5,Business Loan
9d4a114c-492d-11ea-a3b6-b88a60e194fb-1-ps,crmid:6765361725,2,Travel Card,5,Business Loan
9d4afb7e-492d-11ea-b62b-b88a60e194fb-1-ps,crmid:1154050949,3,Dividend Card,4,Personal Loan
9d4bbeda-492d-11ea-9d45-b88a60e194fb-1-ps,crmid:2022486878,10,Dividend Card,4,Personal Loan
9d4ca934-492d-11ea-a31c-b88a60e194fb-1-ps,crmid:5230900140,4,Business Card,3,Auto Loan
9d4dbad0-492d-11ea-9570-b88a60e194fb-1-ps,crmid:9920663836,3,Simplicity Card,5,Personal Loan
9d4ef3f8-492d-11ea-87dd-b88a60e194fb-1-ps,crmid:6668003423,4,Rewards Card,5,Business Loan
9d4fdd80-492d-11ea-9cba-b88a60e194fb-1-ps,crmid:2852352161,5,Rewards Card,4,Auto Loan
9d50c7e4-492d-11ea-ae73-b88a60e194fb-1-ps,crmid:7322409287,4,Travel Card,8,Personal Loan
9e2924d8-492d-11ea-86d4-b88a60e194fb-1-ps,crmid:9753787665,2,Dividend Card,4,Personal Loan
9e2a3646-492d-11ea-aca8-b88a60e194fb-1-ps,crmid:5672430475,2,Dividend Card,4,Personal Loan
9e2b2098-492d-11ea-b332-b88a60e194fb-1-ps,crmid:6411157218,4,Dividend Card,4,Personal Loan
9e2c0af6-492d-11ea-ae10-b88a60e194fb-1-ps,crmid:2855947878,3,Business Card,6,Student Loan
9e2d1c4c-492d-11ea-a66a-b88a60e194fb-1-ps,crmid:3357011395,4,Dividend Card,4,Personal Loan
9e2e2dd4-492d-11ea-a7cf-b88a60e194fb-1-ps,crmid:2570889125,8,Student Card,2,Personal Loan
9e2ef11c-492d-11ea-b561-b88a60e194fb-1-ps,crmid:8066900766,4,Business Card,8,Student Loan
9e30299a-492d-11ea-b6e0-b88a60e194fb-1-ps,crmid:4237950324,3,Business Card,9,Business Loan
9e30ece2-492d-11ea-944f-b88a60e194fb-1-ps,crmid:6515298691,2,Business Card,4,Business Loan
9e31d88c-492d-11ea-92f4-b88a60e194fb-1-ps,crmid:2085315680,4,Student Card,9,Personal Loan
9e330fcc-492d-11ea-ae88-b88a60e194fb-1-ps,crmid:1419994560,2,Business Card,3,Personal Loan
9e344842-492d-11ea-a08e-b88a60e194fb-1-ps,crmid:3306972016,4,Student Card,4,Student Loan
9e3580c2-492d-11ea-988f-b88a60e194fb-1-ps,crmid:3150103386,5,Travel Card,4,Personal Loan
9e369354-492d-11ea-9e0c-b88a60e194fb-1-ps,crmid:2523555818,5,Business Card,3,Personal Loan
9e377d7e-492d-11ea-a2c4-b88a60e194fb-1-ps,crmid:3406708477,6,Travel Card,3,Personal Loan
9e388df4-492d-11ea-b448-b88a60e194fb-1-ps,crmid:4980674837,4,Travel Card,4,Student Loan
9f319262-492d-11ea-8bd8-b88a60e194fb-1-ps,crmid:7522379773,3,Student Card,3,Personal Loan
9f32a34c-492d-11ea-90a4-b88a60e194fb-1-ps,crmid:7746432485,3,Business Card,5,Business Loan
9f338da6-492d-11ea-a545-b88a60e194fb-1-ps,crmid:3431597925,5,Dividend Card,3,Personal Loan
9f3515fa-492d-11ea-afed-b88a60e194fb-1-ps,crmid:7678821103,9,Platinum Card,5,Auto Loan
9f364ca8-492d-11ea-ba3a-b88a60e194fb-1-ps,crmid:6546411268,3,Travel Card,5,Business Loan
9f3736fa-492d-11ea-92f1-b88a60e194fb-1-ps,crmid:5954063223,5,Dividend Card,3,Personal Loan
9f384866-492d-11ea-8540-b88a60e194fb-1-ps,crmid:7604177065,4,Rewards Card,5,Personal Loan
9f3932c6-492d-11ea-8d34-b88a60e194fb-1-ps,crmid:6497311629,4,Platinum Card,4,Student Loan
9f3a6d68-492d-11ea-8c6e-b88a60e194fb-1-ps,crmid:9914278789,4,Business Card,2,Student Loan
9f3b7cca-492d-11ea-b5f2-b88a60e194fb-1-ps,crmid:9877677917,5,Platinum Card,5,Auto Loan
9f3c8e54-492d-11ea-90d0-b88a60e194fb-1-ps,crmid:5561936824,2,Platinum Card,3,Auto Loan
9f3da0e8-492d-11ea-bda0-b88a60e194fb-1-ps,crmid:9892961760,4,Dividend Card,6,Student Loan
9f3e8b6e-492d-11ea-b3bd-b88a60e194fb-1-ps,crmid:9091247165,4,Simplicity Card,4,Personal Loan
9f3fe994-492d-11ea-9dee-b88a60e194fb-1-ps,crmid:3559754061,4,Rewards Card,1,Business Loan
9f414918-492d-11ea-b148-b88a60e194fb-1-ps,crmid:2109061729,4,Platinum Card,4,Personal Loan
a02d06a4-492d-11ea-b0ad-b88a60e194fb-1-ps,crmid:6784744923,4,Simplicity Card,8,Personal Loan
a02e4024-492d-11ea-b01c-b88a60e194fb-1-ps,crmid:7354135012,3,Rewards Card,4,Personal Loan
a02f518a-492d-11ea-a52c-b88a60e194fb-1-ps,crmid:7044375447,2,Student Card,4,Auto Loan
a0303b0c-492d-11ea-ad25-b88a60e194fb-1-ps,crmid:2966039827,3,Travel Card,4,Personal Loan
a0312658-492d-11ea-9af2-b88a60e194fb-1-ps,crmid:1036552261,3,Travel Card,3,Personal Loan
a0320fc0-492d-11ea-84a8-b88a60e194fb-1-ps,crmid:9912888086,4,Simplicity Card,10,Auto Loan
a032d330-492d-11ea-8212-b88a60e194fb-1-ps,crmid:9414951190,4,Simplicity Card,4,Business Loan
a033e4f4-492d-11ea-9ab4-b88a60e194fb-1-ps,crmid:9219876187,3,Platinum Card,4,Personal Loan
a034d046-492d-11ea-a0d2-b88a60e194fb-1-ps,crmid:3953989846,5,Simplicity Card,5,Auto Loan
a035e146-492d-11ea-8771-b88a60e194fb-1-ps,crmid:6650178272,5,Student Card,7,Personal Loan
a036cba2-492d-11ea-a0b5-b88a60e194fb-1-ps,crmid:6992309103,4,Travel Card,10,Auto Loan
a037b646-492d-11ea-9b08-b88a60e194fb-1-ps,crmid:3735574321,4,Travel Card,5,Student Loan
a038c676-492d-11ea-9535-b88a60e194fb-1-ps,crmid:4845767981,6,Simplicity Card,4,Business Loan
a039b0d4-492d-11ea-8240-b88a60e194fb-1-ps,crmid:3375177839,5,Dividend Card,4,Auto Loan
a03ae94c-492d-11ea-a7ed-b88a60e194fb-1-ps,crmid:9338281879,1,Simplicity Card,5,Personal Loan
a114f3a8-492d-11ea-9546-b88a60e194fb-1-ps,crmid:7372888003,4,Rewards Card,3,Personal Loan
a1162c3a-492d-11ea-a051-b88a60e194fb-1-ps,crmid:3838080853,5,Business Card,3,Auto Loan
a1171690-492d-11ea-ad0b-b88a60e194fb-1-ps,crmid:6067234555,2,Platinum Card,4,Student Loan
a1182802-492d-11ea-a6af-b88a60e194fb-1-ps,crmid:3741024337,4,Platinum Card,2,Business Loan
a1191254-492d-11ea-90ca-b88a60e194fb-1-ps,crmid:7098568609,4,Dividend Card,5,Personal Loan
a119fcb0-492d-11ea-a9d8-b88a60e194fb-1-ps,crmid:1056872319,5,Student Card,4,Business Loan
a11b0e1c-492d-11ea-98c8-b88a60e194fb-1-ps,crmid:9595728755,5,Simplicity Card,4,Personal Loan
a11bd16e-492d-11ea-8f6b-b88a60e194fb-1-ps,crmid:9804526155,5,Travel Card,4,Student Loan
a11cbc00-492d-11ea-a331-b88a60e194fb-1-ps,crmid:6064245038,2,Student Card,8,Business Loan
a11da642-492d-11ea-a8a2-b88a60e194fb-1-ps,crmid:2249367875,5,Rewards Card,3,Auto Loan
a11e909e-492d-11ea-a50f-b88a60e194fb-1-ps,crmid:5688231357,2,Student Card,4,Personal Loan
a11fa208-492d-11ea-9dc3-b88a60e194fb-1-ps,crmid:4064938027,4,Student Card,8,Business Loan
a1208c68-492d-11ea-a351-b88a60e194fb-1-ps,crmid:4776495772,2,Platinum Card,5,Business Loan
a12176c6-492d-11ea-8848-b88a60e194fb-1-ps,crmid:9546960008,3,Business Card,6,Personal Loan
a122b090-492d-11ea-895b-b88a60e194fb-1-ps,crmid:1562266268,3,Rewards Card,3,Auto Loan
a21c284a-492d-11ea-bd72-b88a60e194fb-1-ps,crmid:9613151321,6,Rewards Card,3,Business Loan
a21e9954-492d-11ea-8fbd-b88a60e194fb-1-ps,crmid:2562342477,4,Platinum Card,4,Business Loan
a21fd1c6-492d-11ea-81f6-b88a60e194fb-1-ps,crmid:4688235833,4,Business Card,5,Personal Loan
a2210a3e-492d-11ea-a7e8-b88a60e194fb-1-ps,crmid:9776992596,4,Simplicity Card,8,Student Loan
a22242c2-492d-11ea-b978-b88a60e194fb-1-ps,crmid:9713010434,4,Simplicity Card,3,Business Loan
a223a254-492d-11ea-8922-b88a60e194fb-1-ps,crmid:4290907908,3,Platinum Card,5,Personal Loan
a22501d0-492d-11ea-b9fd-b88a60e194fb-1-ps,crmid:1363128259,4,Business Card,2,Personal Loan
a226134a-492d-11ea-8c6b-b88a60e194fb-1-ps,crmid:4735130280,4,Rewards Card,4,Personal Loan
a22724a6-492d-11ea-9ed1-b88a60e194fb-1-ps,crmid:1415746983,3,Dividend Card,3,Business Loan
a228361e-492d-11ea-a3c7-b88a60e194fb-1-ps,crmid:5143662938,5,Student Card,4,Personal Loan
a2294788-492d-11ea-9511-b88a60e194fb-1-ps,crmid:9450139458,8,Rewards Card,5,Student Loan
a22a7ffa-492d-11ea-9161-b88a60e194fb-1-ps,crmid:8635843403,3,Business Card,4,Personal Loan
a22c2de4-492d-11ea-938c-b88a60e194fb-1-ps,crmid:6607716108,3,Dividend Card,4,Personal Loan
a22d3f1a-492d-11ea-a3e1-b88a60e194fb-1-ps,crmid:4585292397,4,Simplicity Card,4,Student Loan
a22e9e9e-492d-11ea-a169-b88a60e194fb-1-ps,crmid:6505001739,3,Business Card,5,Personal Loan
a22fd71a-492d-11ea-b265-b88a60e194fb-1-ps,crmid:9555502823,4,Dividend Card,3,Business Loan
a329507a-492d-11ea-85c3-b88a60e194fb-1-ps,crmid:5616060544,3,Rewards Card,4,Auto Loan
a32a88d4-492d-11ea-8d62-b88a60e194fb-1-ps,crmid:9126403717,5,Travel Card,4,Personal Loan
a32b9a50-492d-11ea-8c3a-b88a60e194fb-1-ps,crmid:8980027225,4,Simplicity Card,3,Student Loan
a32c5d98-492d-11ea-99a4-b88a60e194fb-1-ps,crmid:9256109848,4,Business Card,2,Personal Loan
a32d47fa-492d-11ea-a17a-b88a60e194fb-1-ps,crmid:9049136571,3,Platinum Card,8,Auto Loan
a32e804c-492d-11ea-a500-b88a60e194fb-1-ps,crmid:4293904034,5,Business Card,3,Student Loan
a32f6a9c-492d-11ea-be3a-b88a60e194fb-1-ps,crmid:7333679960,4,Dividend Card,3,Auto Loan
a330550a-492d-11ea-892e-b88a60e194fb-1-ps,crmid:5450581571,6,Dividend Card,3,Personal Loan
a3313f64-492d-11ea-89b5-b88a60e194fb-1-ps,crmid:8160911713,2,Dividend Card,4,Business Loan
a33250e2-492d-11ea-958a-b88a60e194fb-1-ps,crmid:2449904312,4,Rewards Card,4,Personal Loan
a3336230-492d-11ea-b76b-b88a60e194fb-1-ps,crmid:1475360014,6,Dividend Card,9,Personal Loan
a33473a6-492d-11ea-86bc-b88a60e194fb-1-ps,crmid:1011814817,4,Dividend Card,6,Personal Loan
a335ac40-492d-11ea-96c1-b88a60e194fb-1-ps,crmid:3684822278,9,Travel Card,3,Student Loan
a336be98-492d-11ea-bcec-b88a60e194fb-1-ps,crmid:7282752845,4,Business Card,4,Business Loan
a41d2412-492d-11ea-b2f4-b88a60e194fb-1-ps,crmid:4436184352,4,Student Card,5,Business Loan
a41e36f0-492d-11ea-a694-b88a60e194fb-1-ps,crmid:9413641313,5,Business Card,3,Personal Loan
a41f4712-492d-11ea-89f3-b88a60e194fb-1-ps,crmid:6130218198,3,Dividend Card,3,Personal Loan
a4200b9a-492d-11ea-b572-b88a60e194fb-1-ps,crmid:7840141637,4,Business Card,4,Student Loan
a420f602-492d-11ea-84fe-b88a60e194fb-1-ps,crmid:6066447753,5,Rewards Card,5,Business Loan
a422070a-492d-11ea-8ae1-b88a60e194fb-1-ps,crmid:8809615668,4,Travel Card,3,Business Loan
a42365a8-492d-11ea-b5fc-b88a60e194fb-1-ps,crmid:1031454290,2,Rewards Card,4,Auto Loan
a4249e1c-492d-11ea-b913-b88a60e194fb-1-ps,crmid:2823299502,4,Simplicity Card,2,Student Loan
a425888c-492d-11ea-abf0-b88a60e194fb-1-ps,crmid:4585292397,4,Student Card,2,Personal Loan
a42672ee-492d-11ea-afea-b88a60e194fb-1-ps,crmid:6175860379,2,Business Card,9,Personal Loan
a4275d46-492d-11ea-b7f9-b88a60e194fb-1-ps,crmid:6443459773,5,Student Card,4,Business Loan
a4286ecc-492d-11ea-8a14-b88a60e194fb-1-ps,crmid:7392734206,3,Travel Card,4,Auto Loan
a42981ae-492d-11ea-be03-b88a60e194fb-1-ps,crmid:5961512472,4,Student Card,4,Auto Loan
a42a6bca-492d-11ea-9a5c-b88a60e194fb-1-ps,crmid:6259320336,2,Rewards Card,4,Business Loan
a42bca8c-492d-11ea-b094-b88a60e194fb-1-ps,crmid:5061000834,3,Business Card,5,Auto Loan
a525430a-492d-11ea-a429-b88a60e194fb-1-ps,crmid:7434752817,4,Dividend Card,3,Student Loan
a526a44a-492d-11ea-b6e1-b88a60e194fb-1-ps,crmid:3010706981,5,Travel Card,3,Business Loan
a527b56e-492d-11ea-b60b-b88a60e194fb-1-ps,crmid:9148050722,4,Business Card,3,Personal Loan
a5291388-492d-11ea-bb26-b88a60e194fb-1-ps,crmid:7859806894,5,Student Card,5,Auto Loan
a52a731a-492d-11ea-ad34-b88a60e194fb-1-ps,crmid:1657102668,4,Business Card,9,Auto Loan
a52bab92-492d-11ea-a92b-b88a60e194fb-1-ps,crmid:1327994432,8,Student Card,5,Personal Loan
a52cbcfe-492d-11ea-8e71-b88a60e194fb-1-ps,crmid:6490424571,4,Business Card,4,Personal Loan
a52df5f6-492d-11ea-91c4-b88a60e194fb-1-ps,crmid:5559888633,4,Dividend Card,4,Auto Loan
a52f2e1c-492d-11ea-835c-b88a60e194fb-1-ps,crmid:1312849193,3,Rewards Card,3,Personal Loan
a5303f6e-492d-11ea-bcb8-b88a60e194fb-1-ps,crmid:9848287326,3,Platinum Card,5,Student Loan
a53177f8-492d-11ea-896e-b88a60e194fb-1-ps,crmid:4660737936,4,Simplicity Card,5,Auto Loan
a532b076-492d-11ea-a967-b88a60e194fb-1-ps,crmid:6864914090,5,Platinum Card,4,Student Loan
a533e8e4-492d-11ea-b5eb-b88a60e194fb-1-ps,crmid:3096093270,4,Business Card,5,Personal Loan
a5356f86-492d-11ea-a1e4-b88a60e194fb-1-ps,crmid:4464220037,4,Rewards Card,7,Personal Loan
a536cf02-492d-11ea-8271-b88a60e194fb-1-ps,crmid:2625994624,4,Business Card,5,Auto Loan
a5387cc6-492d-11ea-bcad-b88a60e194fb-1-ps,crmid:1898762469,4,Student Card,3,Business Loan
a61f5868-492d-11ea-8252-b88a60e194fb-1-ps,crmid:5166527085,4,Business Card,5,Auto Loan
a62069d0-492d-11ea-b839-b88a60e194fb-1-ps,crmid:3849928955,5,Rewards Card,5,Business Loan
a6217b28-492d-11ea-814f-b88a60e194fb-1-ps,crmid:6864914090,5,Travel Card,5,Student Loan
a6226592-492d-11ea-9c57-b88a60e194fb-1-ps,crmid:1619831222,3,Rewards Card,4,Student Loan
a6235010-492d-11ea-b7b3-b88a60e194fb-1-ps,crmid:7295750412,4,Platinum Card,4,Auto Loan
a624616c-492d-11ea-8b72-b88a60e194fb-1-ps,crmid:2557851545,4,Platinum Card,5,Personal Loan
a6254bd8-492d-11ea-9554-b88a60e194fb-1-ps,crmid:7906279485,5,Dividend Card,5,Business Loan
a62636ca-492d-11ea-b038-b88a60e194fb-1-ps,crmid:6479448336,5,Student Card,3,Auto Loan
a6272088-492d-11ea-9313-b88a60e194fb-1-ps,crmid:1906911045,6,Business Card,3,Auto Loan
a627e524-492d-11ea-bcab-b88a60e194fb-1-ps,crmid:5473902602,5,Travel Card,4,Personal Loan
a629435c-492d-11ea-bf3e-b88a60e194fb-1-ps,crmid:9361425842,3,Rewards Card,9,Business Loan
a62a2dba-492d-11ea-9ee6-b88a60e194fb-1-ps,crmid:7788010897,4,Student Card,7,Personal Loan
a62b18ba-492d-11ea-ab6c-b88a60e194fb-1-ps,crmid:5470290801,3,Student Card,3,Personal Loan
a62c2a76-492d-11ea-8a05-b88a60e194fb-1-ps,crmid:2979937482,3,Simplicity Card,9,Student Loan
a700679e-492d-11ea-8b12-b88a60e194fb-1-ps,crmid:7731879799,3,Business Card,4,Personal Loan
a701a188-492d-11ea-ad1d-b88a60e194fb-1-ps,crmid:8618290562,3,Rewards Card,4,Auto Loan
a7028a68-492d-11ea-90ef-b88a60e194fb-1-ps,crmid:3995369124,4,Travel Card,5,Student Loan
a70374c0-492d-11ea-863e-b88a60e194fb-1-ps,crmid:8563748850,5,Student Card,4,Student Loan
a7045f1c-492d-11ea-b091-b88a60e194fb-1-ps,crmid:2156626164,4,Business Card,4,Business Loan
a7057098-492d-11ea-ad62-b88a60e194fb-1-ps,crmid:8513386082,4,Dividend Card,4,Personal Loan
a706a938-492d-11ea-9597-b88a60e194fb-1-ps,crmid:6055283803,5,Business Card,2,Personal Loan
a7079392-492d-11ea-a753-b88a60e194fb-1-ps,crmid:2370730930,5,Platinum Card,4,Auto Loan
a708f328-492d-11ea-a329-b88a60e194fb-1-ps,crmid:7177195818,3,Dividend Card,4,Business Loan
a70aa0dc-492d-11ea-8897-b88a60e194fb-1-ps,crmid:8343144173,3,Rewards Card,4,Personal Loan
a70c2758-492d-11ea-a824-b88a60e194fb-1-ps,crmid:5233936614,5,Student Card,2,Personal Loan
a70d3986-492d-11ea-a1ab-b88a60e194fb-1-ps,crmid:3335925927,4,Platinum Card,3,Personal Loan
a70e240a-492d-11ea-a11c-b88a60e194fb-1-ps,crmid:9207678578,5,Rewards Card,2,Auto Loan
a70f0d78-492d-11ea-9e52-b88a60e194fb-1-ps,crmid:2090714993,5,Dividend Card,3,Personal Loan
a7101eee-492d-11ea-9169-b88a60e194fb-1-ps,crmid:1791053580,3,Simplicity Card,5,Personal Loan
a7f23fc6-492d-11ea-86d8-b88a60e194fb-1-ps,crmid:7086117873,5,Rewards Card,3,Business Loan
a7f35108-492d-11ea-9f0b-b88a60e194fb-1-ps,crmid:9015207828,5,Dividend Card,4,Personal Loan
a7f46276-492d-11ea-a5be-b88a60e194fb-1-ps,crmid:5128334393,4,Rewards Card,2,Auto Loan
a7f5c36e-492d-11ea-8950-b88a60e194fb-1-ps,crmid:5891300941,6,Rewards Card,6,Business Loan
a7f6ae3a-492d-11ea-bd0e-b88a60e194fb-1-ps,crmid:6736215045,4,Travel Card,2,Personal Loan
a7f8347a-492d-11ea-adab-b88a60e194fb-1-ps,crmid:5126597482,4,Platinum Card,4,Student Loan
a7f94490-492d-11ea-b111-b88a60e194fb-1-ps,crmid:8734553706,5,Dividend Card,5,Personal Loan
a7fa56d8-492d-11ea-9be8-b88a60e194fb-1-ps,crmid:9446515492,4,Platinum Card,5,Personal Loan
a7fcee12-492d-11ea-998d-b88a60e194fb-1-ps,crmid:9798744599,6,Simplicity Card,3,Personal Loan
a7ff3854-492d-11ea-83d6-b88a60e194fb-1-ps,crmid:1548951358,4,Rewards Card,4,Auto Loan
a8018292-492d-11ea-ac65-b88a60e194fb-1-ps,crmid:3440760862,4,Platinum Card,4,Business Loan
a803a4c2-492d-11ea-9b4d-b88a60e194fb-1-ps,crmid:2551153240,4,Platinum Card,8,Personal Loan
a805effa-492d-11ea-9815-b88a60e194fb-1-ps,crmid:3457579279,4,Rewards Card,9,Business Loan
a808aeb8-492d-11ea-b289-b88a60e194fb-1-ps,crmid:3435216004,4,Student Card,6,Business Loan
a80a341c-492d-11ea-b266-b88a60e194fb-1-ps,crmid:6263286243,2,Simplicity Card,4,Business Loan
a80b459a-492d-11ea-b759-b88a60e194fb-1-ps,crmid:5945450991,4,Dividend Card,3,Business Loan
a8ec54e4-492d-11ea-aa91-b88a60e194fb-1-ps,crmid:7354135012,4,Platinum Card,6,Auto Loan
a8ed8d6c-492d-11ea-9458-b88a60e194fb-1-ps,crmid:3703908304,3,Platinum Card,5,Auto Loan
a8ee77ca-492d-11ea-9dde-b88a60e194fb-1-ps,crmid:7699191535,4,Travel Card,3,Personal Loan
a8ef6228-492d-11ea-9443-b88a60e194fb-1-ps,crmid:9868896482,4,Travel Card,8,Auto Loan
a8f07422-492d-11ea-98fc-b88a60e194fb-1-ps,crmid:8962582633,7,Simplicity Card,5,Personal Loan
a8f15f6e-492d-11ea-8329-b88a60e194fb-1-ps,crmid:6866055261,2,Business Card,9,Personal Loan
a8f26f52-492d-11ea-8b63-b88a60e194fb-1-ps,crmid:5915802493,4,Simplicity Card,4,Student Loan
a8f380be-492d-11ea-97a3-b88a60e194fb-1-ps,crmid:9708633164,3,Simplicity Card,4,Personal Loan
a8f49252-492d-11ea-9c71-b88a60e194fb-1-ps,crmid:8387091488,2,Student Card,3,Auto Loan
a8f5a3b6-492d-11ea-b932-b88a60e194fb-1-ps,crmid:6181529552,3,Student Card,4,Personal Loan
a8f68e12-492d-11ea-b63b-b88a60e194fb-1-ps,crmid:2571038039,4,Student Card,4,Business Loan
a8f7a0dc-492d-11ea-aa68-b88a60e194fb-1-ps,crmid:8314703019,3,Rewards Card,6,Business Loan
a8f8b21c-492d-11ea-a68b-b88a60e194fb-1-ps,crmid:4845767981,5,Dividend Card,4,Personal Loan
a8f97554-492d-11ea-ae85-b88a60e194fb-1-ps,crmid:8570732657,4,Student Card,2,Auto Loan
a8fad522-492d-11ea-b545-b88a60e194fb-1-ps,crmid:9425755489,4,Student Card,5,Student Loan
a9e22480-492d-11ea-851d-b88a60e194fb-1-ps,crmid:5684005631,3,Simplicity Card,4,Personal Loan
a9e335fa-492d-11ea-b5ab-b88a60e194fb-1-ps,crmid:2043644114,4,Dividend Card,5,Personal Loan
a9e42052-492d-11ea-b10f-b88a60e194fb-1-ps,crmid:2665970893,8,Dividend Card,5,Personal Loan
a9e57ff4-492d-11ea-a491-b88a60e194fb-1-ps,crmid:2131725177,4,Simplicity Card,5,Personal Loan
a9e6df78-492d-11ea-9a7e-b88a60e194fb-1-ps,crmid:9205999745,2,Student Card,2,Personal Loan
a9e8663a-492d-11ea-b1df-b88a60e194fb-1-ps,crmid:2668341709,5,Dividend Card,3,Business Loan
a9e951e2-492d-11ea-b358-b88a60e194fb-1-ps,crmid:1443409730,4,Simplicity Card,6,Auto Loan
a9ead71e-492d-11ea-9d54-b88a60e194fb-1-ps,crmid:3284275057,3,Dividend Card,4,Business Loan
a9ebe862-492d-11ea-825e-b88a60e194fb-1-ps,crmid:1730585564,4,Travel Card,3,Auto Loan
a9ed2108-492d-11ea-a83f-b88a60e194fb-1-ps,crmid:2045425858,3,Student Card,4,Business Loan
a9ee0cb4-492d-11ea-97b3-b88a60e194fb-1-ps,crmid:1898102730,4,Dividend Card,5,Business Loan
a9ef6be2-492d-11ea-9447-b88a60e194fb-1-ps,crmid:3001615424,6,Simplicity Card,3,Personal Loan
a9f05576-492d-11ea-8dfc-b88a60e194fb-1-ps,crmid:5486896625,4,Travel Card,5,Auto Loan
a9f18e6e-492d-11ea-8f51-b88a60e194fb-1-ps,crmid:2262316807,5,Travel Card,5,Auto Loan
a9f29f40-492d-11ea-a2bd-b88a60e194fb-1-ps,crmid:1532920584,5,Business Card,5,Student Loan
a9f38a88-492d-11ea-9505-b88a60e194fb-1-ps,crmid:8112018270,4,Dividend Card,4,Business Loan
aaf985a8-492d-11ea-be63-b88a60e194fb-1-ps,crmid:2354122219,3,Dividend Card,5,Personal Loan
aafba868-492d-11ea-9112-b88a60e194fb-1-ps,crmid:5399741807,5,Business Card,5,Business Loan
aafedcbe-492d-11ea-86d9-b88a60e194fb-1-ps,crmid:4645407077,4,Student Card,5,Student Loan
ab0174c0-492d-11ea-9209-b88a60e194fb-1-ps,crmid:8191619091,3,Dividend Card,3,Personal Loan
ab037088-492d-11ea-b6fb-b88a60e194fb-1-ps,crmid:6090322486,4,Rewards Card,4,Auto Loan
ab0596fa-492d-11ea-9957-b88a60e194fb-1-ps,crmid:4519135747,4,Platinum Card,3,Business Loan
ab07dd52-492d-11ea-ba28-b88a60e194fb-1-ps,crmid:8973122359,4,Travel Card,5,Personal Loan
ab0a755a-492d-11ea-a703-b88a60e194fb-1-ps,crmid:5587009676,3,Dividend Card,4,Personal Loan
ab0c9836-492d-11ea-bcc2-b88a60e194fb-1-ps,crmid:3474097773,4,Student Card,4,Personal Loan
ab0f7e66-492d-11ea-a88b-b88a60e194fb-1-ps,crmid:4211923392,4,Student Card,4,Auto Loan
ab11ef68-492d-11ea-a6e5-b88a60e194fb-1-ps,crmid:3654050329,5,Business Card,9,Personal Loan
